X,Y,OBJECTID,advisorySpeed,areaUnitID,bicycle,bridge,bus,carStationWagon,cliffBank,crashDirectionDescription,crashFinancialYear,crashLocation1,crashLocation2,crashRoadSideRoad,crashSeverity,crashSHDescription,crashYear,debris,directionRoleDescription,ditch,fatalCount,fence,flatHill,guardRail,holiday,houseOrBuilding,intersection,kerb,light,meshblockId,minorInjuryCount,moped,motorcycle,NumberOfLanes,objectThrownOrDropped,otherObject,otherVehicleType,overBank,parkedVehicle,pedestrian,phoneBoxEtc,postOrPole,region,roadCharacter,roadLane,roadSurface,roadworks,schoolBus,seriousInjuryCount,slipOrFlood,speedLimit,strayAnimal,streetLight,suv,taxi,temporarySpeedLimit,tlaId,tlaName,trafficControl,trafficIsland,trafficSign,train,tree,truck,unknownVehicleType,urban,vanOrUtility,vehicle,waterRiver,weatherA,weatherB
1769223,5900324,143,,525002,0,,0,1,,Null,2008/2009,GREAT SOUTH ROAD,MYERS ROAD,,Non-Injury Crash,No,2009,,North,,0,,Hill Road,,,,,,Dark,753202,0,0,0,2,,,0,,,,,,Auckland Region,Bridge,2-way,Sealed,,0,0,,50,,On,0,0,,76,Auckland,Nil,,,,,0,0,Urban,0,,,Fine,Null
1767624,5900302,144,,525101,0,,0,3,,West,2009/2010,WEYMOUTH ROAD,WORDSWORTH ROAD,,Non-Injury Crash,No,2009,,East,,0,,Flat,,,,,,Overcast,772903,0,0,0,2,,,0,,,,,,Auckland Region,Nil,1-way,Sealed,,0,0,,50,,Off,0,0,,76,Auckland,Give way,,,,,0,0,Urban,0,,,Fine,Null
1742094,5930789,145,,505603,0,,0,2,,Null,2009/2010,COATESVILLE-RIVERHEAD HIG,QUEEN ST,,Non-Injury Crash,No,2009,,East,,0,,Flat,,,,,,Twilight,213604,0,0,0,2,,,0,,,,,,Auckland Region,Nil,2-way,Sealed,,0,0,,60,,Off,0,0,,76,Auckland,Give way,,,,,0,0,Urban,0,,,Fine,Null
1804301,5813736,146,,530800,0,,0,2,,East,2009/2010,SH 1N CAMBRIDGE,SH 1N COBHAM,,Non-Injury Crash,Yes,2009,,West,,0,,Flat,,,,,,Overcast,883500,0,0,0,2,,,0,,,,,,Waikato Region,Nil,2-way,Sealed,,0,0,,80,,Null,0,0,,16,Hamilton City,Unknown,,,,,0,0,Open,0,,,Light rain,Null
1719417,6045497,147,,503100,0,0,0,2,0,Null,2008/2009,WALTON ST,ALBERT ST,,Non-Injury Crash,No,2009,0,West,0,0,0,Flat,0,,0,,1,Overcast,100700,0,0,0,4,0,0,0,0,0,,0,0,Northland Region,Nil,2-way,Sealed,0,0,0,0,50,0,Off,0,0,,2,Whangarei District,Give way,0,0,0,0,0,0,Urban,0,0,0,Light rain,Null
1758136,5920027,148,,514301,0,0,0,1,0,Null,2009/2010,SH 16,ALTEN ROAD,,Non-Injury Crash,Yes,2009,0,East,0,0,0,Flat,1,,0,,0,Dark,440300,0,0,0,2,0,0,0,0,0,,0,0,Auckland Region,Nil,1-way,Sealed,0,0,0,0,50,0,On,0,0,,76,Auckland,Traffic Signals,0,0,0,0,0,0,Urban,0,0,0,Heavy rain,Null
1749674,5913882,149,,511303,0,,0,1,,Null,2009/2010,TOTARA AVENUE,GREAT NORTH ROAD,,Non-Injury Crash,No,2009,,West,,0,,Hill Road,,,,,,Dark,264901,0,0,1,5,,,0,,,,,,Auckland Region,Nil,2-way,Sealed,,0,0,,50,,On,0,0,,76,Auckland,Nil,,,,,0,0,Urban,0,,,Fine,Null
1753383,5933235,150,,508804,0,,0,1,,Null,2009/2010,GREVILLE ROAD,GREVILLE OFF SBD,,Non-Injury Crash,No,2009,,East,,0,,Flat,,,,,,Overcast,180605,0,0,0,2,,,0,,,,,,Auckland Region,Nil,2-way,Sealed,,0,0,,50,,Null,0,0,,76,Auckland,Give way,,,,,0,0,Urban,1,,,Heavy rain,Null
1745306,5919767,151,,513301,0,,0,2,,North,2009/2010,LINCOLN ROAD,UNIVERSAL DRIVE,,Non-Injury Crash,No,2009,,South,,0,,Flat,,,,,,Overcast,232001,0,0,0,4,,,0,,,,,,Auckland Region,Nil,2-way,Sealed,,0,0,,50,,Off,0,0,,76,Auckland,Nil,,,,,0,0,Urban,0,,,Fine,Null
1792874,5814744,152,65,527913,0,,0,2,,West,2008/2009,SH 23,HOWDEN ROAD,,Non-Injury Crash,Yes,2009,,East,,0,,Hill Road,,,,,,Dark,978400,0,0,0,2,,,0,,,,,,Waikato Region,Nil,2-way,Sealed,,0,0,,100,,None,0,0,,13,Waikato District,Unknown,,,,,0,0,Open,0,,,Light rain,Null
1751612,5927287,153,,510210,0,,0,2,,West,2008/2009,BEACH HAVEN ROAD,BIRKDALE ROAD,,Non-Injury Crash,No,2009,,West,,0,,Flat,,,,,,Overcast,346800,0,0,0,2,,,0,,,,,,Auckland Region,Nil,2-way,Sealed,,0,0,,50,,Null,0,0,,76,Auckland,Give way,,,,,0,0,Urban,0,,,Fine,Null
1751598,5914211,154,,514402,0,,0,2,,Null,2009/2010,WOLVERTON ST,BLOCKHOUSE BAY ROAD,,Non-Injury Crash,No,2009,,East,,0,,Flat,,,,,,Overcast,380600,0,0,0,4,,,0,,,,,,Auckland Region,Nil,2-way,Sealed,,0,0,,50,,Off,0,0,,76,Auckland,Nil,,,,,0,0,Urban,0,,,Fine,Null
1806885,5793900,155,,527935,0,0,0,1,0,West,2009/2010,TE RAHU ROAD,MUIR ROAD,,Non-Injury Crash,No,2009,0,East,0,0,0,Flat,0,,0,,0,Dark,986202,0,0,0,2,0,0,0,0,0,,0,1,Waikato Region,Nil,2-way,Sealed,0,0,0,0,100,0,None,0,0,,17,Waipa District,Unknown,0,0,0,0,0,0,Open,0,0,0,Fine,Null
1766636,5906909,156,,522302,0,0,0,1,0,Null,2009/2010,KIMPTON ROAD,STONEX ROAD,,Non-Injury Crash,No,2009,0,West,0,0,1,Flat,0,,0,,0,Overcast,668300,0,0,0,2,0,0,0,0,0,,0,0,Auckland Region,Nil,2-way,Sealed,0,0,0,0,50,0,None,0,0,,76,Auckland,Nil,0,0,0,0,0,0,Urban,0,0,0,Heavy rain,Null
1687488,6092884,157,,501633,0,0,0,1,0,Null,2009/2010,SH 10,PUKETONA ROAD,,Non-Injury Crash,Yes,2009,0,West,0,0,1,Flat,0,,0,,0,Overcast,35800,0,0,0,4,0,0,0,0,0,,0,0,Northland Region,Nil,2-way,Sealed,0,0,0,0,80,0,Null,0,0,,1,Far North District,Stop,0,0,0,0,0,0,Open,0,0,0,Fine,Null
1623566,6114483,158,,500301,0,0,0,1,0,Null,2009/2010,LAKE ROAD,PUKEPOTO ROAD,,Non-Injury Crash,No,2009,0,South,0,0,1,Flat,0,,0,,0,Dark,16000,0,0,0,2,0,0,0,0,0,,0,0,Northland Region,Nil,2-way,Sealed,0,0,0,0,50,0,On,0,0,,1,Far North District,Nil,0,0,0,0,0,0,Urban,0,0,0,Fine,Null
1767207,5912314,159,,522920,1,,0,1,,Null,2009/2010,TI RAKAU DRIVE,EDGEWATER DRIVE W,,Non-Injury Crash,No,2009,,West,,0,,Flat,,,,,,Bright sun,687002,0,0,0,2,,,0,,,,,,Auckland Region,Nil,2-way,Sealed,,0,0,,50,,Null,0,0,,76,Auckland,Nil,,,,,0,0,Urban,0,,,Fine,Null
1718099,6044766,160,,502900,0,,0,1,,East,2008/2009,SH 14,WEST END AVENUE,,Non-Injury Crash,Yes,2009,,South,,0,,Flat,,,,,,Overcast,103800,0,0,0,2,,,0,,,1,,,Northland Region,Nil,2-way,Sealed,,0,0,,50,,Off,0,0,,2,Whangarei District,Nil,,,,,0,0,Urban,0,,,Light rain,Null
1753034,5912487,161,,518902,0,,0,1,,Null,2008/2009,HILLSBOROUGH ROAD,WHITE SWAN ROAD,,Non-Injury Crash,No,2009,,East,,0,,Hill Road,,,,,,Bright sun,586700,0,0,0,2,,,0,,,,,,Auckland Region,Nil,2-way,Sealed,,0,0,,50,,Null,1,0,,76,Auckland,Stop,,,,,0,0,Urban,0,,,Fine,Null
1810939,5868316,162,,533901,0,0,0,0,1,South,2008/2009,SH 27,SH 2,,Non-Injury Crash,Yes,2009,0,South,0,0,0,Flat,0,,0,,0,Dark,1068600,0,0,0,2,0,0,0,0,0,,0,0,Waikato Region,Nil,2-way,Sealed,0,0,0,0,100,0,None,0,0,,12,Hauraki District,Unknown,0,0,0,0,1,0,Open,0,0,0,Fine,Null
1758946,5919290,163,,515901,0,0,0,1,0,East,2009/2010,ST STEPHENS AVENUE,PARNELL ROAD,,Non-Injury Crash,No,2009,0,East,0,0,0,Flat,0,,0,,0,Dark,457100,0,0,0,3,0,0,0,0,1,,0,0,Auckland Region,Nil,2-way,Sealed,0,0,0,0,50,0,On,1,0,,76,Auckland,Traffic Signals,0,0,0,0,0,0,Urban,0,0,0,Heavy rain,Null
1800794,5819269,164,,529402,0,,1,1,,East,2009/2010,COMRIES ROAD,LYNDEN COURT,,Non-Injury Crash,No,2009,,East,,0,,Flat,,,,,,Overcast,877800,0,0,0,2,,,0,,,,,,Waikato Region,Nil,2-way,Sealed,,0,0,,50,,Null,0,0,,16,Hamilton City,Unknown,,,,,0,0,Urban,0,,,Fine,Null
1753966,5914354,165,,518801,0,,0,2,,Null,2009/2010,STODDARD ROAD,SANDRINGHAM ROAD,,Non-Injury Crash,No,2009,,North,,0,,Flat,,,,,,Bright sun,578500,0,0,0,5,,,0,,,,,,Auckland Region,Nil,2-way,Sealed,,0,0,,50,,Off,0,0,,76,Auckland,Traffic Signals,,,,,0,0,Urban,0,,,Fine,Null
1755376,5921935,166,,515202,0,,0,2,,North,2008/2009,SH 1N,SHELLY BEACH OBR,,Non-Injury Crash,Yes,2009,,South,,0,,Hill Road,,,,,,Bright sun,423600,0,0,0,4,,,0,,,,,,Auckland Region,Nil,1-way,Sealed,,0,0,,80,,Null,0,0,,76,Auckland,Unknown,,,,,0,0,Open,0,,,Fine,Null
1756372,5919998,167,,514000,0,,0,2,,South,2009/2010,HOWE ST,WELLINGTON ST,,Non-Injury Crash,No,2009,,North,,0,,Flat,,,,,,Bright sun,413002,0,0,0,2,,,0,,,,,,Auckland Region,Nil,2-way,Sealed,,0,0,,50,,Null,0,0,,76,Auckland,Unknown,,,,,0,0,Urban,0,,,Fine,Null
1759735,5907199,168,,524111,0,,0,1,,Null,2009/2010,SH 20A,BADER OFF NBD,,Non-Injury Crash,Yes,2009,,North,,0,,Flat,,,,,,Dark,740000,0,0,0,2,,,0,,,,,,Auckland Region,Nil,2-way,Sealed,,0,0,,100,,On,0,0,,76,Auckland,Nil,,,,,0,0,Open,0,,,Light rain,Null
1803195,5790935,169,,531002,0,,0,2,,East,2009/2010,ALEXANDRA ST,GOODFELLOW ST,,Non-Injury Crash,No,2009,,West,,0,,Flat,,,,,,Overcast,969602,0,0,0,2,,,0,,,,,,Waikato Region,Nil,2-way,Sealed,,0,0,,50,,Null,0,0,,17,Waipa District,Unknown,,,,,0,0,Urban,0,,,Light rain,Null
1747823,5914420,170,,511100,0,,0,2,,South,2008/2009,GREAT NORTH ROAD,PALM COURT DRIVE,,Non-Injury Crash,No,2009,,South,,0,,Hill Road,,Queens Birthday,,,,Overcast,285100,0,0,0,4,,,0,,,,,,Auckland Region,Nil,2-way,Sealed,,0,0,,50,,None,0,0,,76,Auckland,Nil,,,,,0,0,Urban,0,,,Light rain,Null
1756928,5920586,171,,514102,0,0,0,1,0,Null,2008/2009,NELSON ST,VICTORIA ST WEST,,Non-Injury Crash,No,2009,0,North,0,0,0,Flat,0,,0,,0,Dark,433700,0,0,0,6,0,0,0,0,0,,0,1,Auckland Region,Nil,2-way,Sealed,0,0,0,0,50,0,On,0,0,,76,Auckland,Traffic Signals,1,0,0,0,0,0,Urban,0,0,0,Light rain,Null
1881824,5779394,172,,538602,0,,0,1,,West,2008/2009,SH 5,SH 36,,Non-Injury Crash,Yes,2009,,East,,0,,Flat,,Queens Birthday,,,,Overcast,1247200,0,0,0,2,,,0,,,,,,Bay of Plenty Region,Nil,2-way,Sealed,,0,0,,100,,Null,0,0,,24,Rotorua District,Unknown,,,,,1,0,Open,0,,,Light rain,Null
1806277,5811967,173,,527131,0,,0,2,,Null,2009/2010,SH 1N,CHERRY LANE,,Non-Injury Crash,Yes,2009,,South,,0,,Flat,,,,,,Twilight,960601,0,0,0,2,,,0,,,,,,Waikato Region,Nil,2-way,Sealed,,0,0,,100,,Off,0,0,,13,Waikato District,Stop,,,,,0,0,Open,0,,,Fine,Null
1763982,5905390,174,,524303,0,,0,2,,West,2008/2009,HILLCREST ROAD,SUMNER ST,,Non-Injury Crash,No,2009,,West,,0,,Flat,,,,,,Bright sun,657601,0,0,0,2,,,0,,,,,,Auckland Region,Nil,2-way,Sealed,,0,0,,50,,Off,0,0,,76,Auckland,Nil,,,,,0,0,Urban,0,,,Fine,Null
1758390,5917468,175,,519200,0,,0,0,,Null,2009/2010,GREAT SOUTH ROAD,MANUKAU ROAD,,Non-Injury Crash,No,2009,,North,,0,,Flat,,,,,,Dark,613600,0,0,0,5,,,0,,,,,,Auckland Region,Nil,2-way,Sealed,,0,0,,50,,On,1,0,,76,Auckland,Traffic Signals,,,,,0,0,Urban,1,,,Fine,Null
1460580,5082992,176,,599500,0,,0,1,,Null,2008/2009,SH 78 SEFTON ST EAST,STAFFORD ST,,Serious Crash,Yes,2009,,East,,0,,Hill Road,,,,,,Dark,2792500,0,0,0,3,,,0,,,1,,,Canterbury Region,Nil,2-way,Sealed,,0,1,,50,,On,0,0,,64,Timaru District,Traffic Signals,,,,,0,0,Urban,0,,,Fine,Null
1761574,5915775,177,,516003,0,0,0,2,0,North,2008/2009,MARUA ROAD,LADIES MILE,,Non-Injury Crash,No,2009,0,South,0,0,0,Flat,0,,0,,0,Dark,494805,0,0,0,2,0,0,0,0,1,,0,0,Auckland Region,Nil,2-way,Sealed,0,0,0,0,50,0,On,0,0,,76,Auckland,Nil,0,0,0,0,0,0,Urban,0,0,0,Null,Null
1769803,5914571,178,,522722,0,,0,2,,Null,2009/2010,AVIEMORE DRIVE,HIGHLAND PARK DRIVE,,Non-Injury Crash,No,2009,,West,,0,,Flat,,,,,,Dark,681324,0,0,0,2,,,0,,,,,,Auckland Region,Nil,2-way,Sealed,,0,0,,50,,On,0,0,,76,Auckland,Stop,,,,,0,0,Urban,0,,,Fine,Null
1754140,5931246,179,,508803,0,,0,2,,South,2009/2010,UPPER HWY OFF NBD,SH 18,,Non-Injury Crash,Yes,2009,,North,,0,,Hill Road,,,,,,Bright sun,180818,0,0,0,2,,,0,,,,,,Auckland Region,Motorway ramp,1-way,Sealed,,0,0,,100,,Off,1,0,,76,Auckland,Nil,,,,,0,0,Open,0,,,Fine,Null
1719557,6047580,180,,502700,0,,0,1,,Null,2009/2010,KAMO ROAD,KENSINGTON AVENUE,,Non-Injury Crash,No,2009,,South,,0,,Flat,,,,,,Overcast,91800,0,0,0,3,,,0,,,,,,Northland Region,Nil,2-way,Sealed,,0,0,,50,,Off,0,0,,2,Whangarei District,Traffic Signals,,,,,0,0,Urban,1,,,Fine,Null
1878712,5826024,181,,537201,0,,0,2,,Null,2009/2010,CHAPEL ST,MAXWELLS ROAD,,Non-Injury Crash,No,2009,,North,,0,,Flat,,,,,,Overcast,1155900,0,0,0,3,,,0,,,,,,Bay of Plenty Region,Nil,2-way,Sealed,,0,0,,50,,Null,0,0,,23,Tauranga City,Stop,,,,,0,0,Urban,0,,,Fine,Null
1766535,5892315,182,,521122,0,,0,1,,West,2009/2010,LINWOOD ROAD,BLACKBRIDGE ROAD,,Non-Injury Crash,No,2009,,West,,0,,Flat,,,,,,Bright sun,810100,0,0,0,2,,,0,,,,,,Auckland Region,Nil,2-way,Sealed,,0,0,,80,,None,1,0,,76,Auckland,Unknown,,,,,0,0,Open,0,,,Fine,Null
1885132,5825085,183,,536832,0,,0,2,,Null,2009/2010,GRENADA ST,SEASPRAY DRIVE,,Non-Injury Crash,No,2009,,South,,0,,Flat,,,,,,Bright sun,1202300,0,0,0,2,,,0,,,,,,Bay of Plenty Region,Nil,2-way,Sealed,,0,0,,50,,Null,0,0,,23,Tauranga City,Give way,,,,,0,0,Urban,0,,,Fine,Null
1800386,5820125,184,,527008,0,,0,2,,Null,2009/2010,HUKANUI ROAD,WAIRERE DRIVE,,Non-Injury Crash,No,2009,,North,,0,,Flat,,,,,,Bright sun,877202,0,0,0,2,,,0,,,,,,Waikato Region,Nil,2-way,Sealed,,0,0,,50,,Off,0,0,,16,Hamilton City,Give way,,,,,0,0,Urban,0,,,Null,Frost
1874975,5812219,185,,536630,0,0,0,1,0,East,2009/2010,JOYCE ROAD,SH 36,,Non-Injury Crash,No,2009,0,East,0,0,0,Flat,0,,0,,0,Overcast,1192300,0,0,0,2,0,0,0,0,0,,0,0,Bay of Plenty Region,Nil,2-way,Sealed,0,0,0,0,100,0,Null,0,0,,22,Western Bay of Plenty District,Unknown,0,0,0,1,0,0,Open,0,0,0,Light rain,Null
1756133,5934042,186,,507300,1,,0,1,,Null,2008/2009,BEACH ROAD,MONTGOMERY AVENUE,,Non-Injury Crash,No,2009,,East,,0,,Hill Road,,,,,,Overcast,155100,0,0,0,2,,,0,,,,,,Auckland Region,Nil,2-way,Sealed,,0,0,,50,,Off,0,0,,76,Auckland,Give way,,,,,0,0,Urban,0,,,Fine,Frost
1839690,5663815,187,75,541501,0,0,0,1,0,South,2008/2009,SH 1N,KAIMANAWA ROAD,,Non-Injury Crash,Yes,2009,0,North,0,0,0,Hill Road,0,,0,,0,Overcast,1288900,0,0,0,2,0,0,0,0,0,,0,0,Waikato Region,Nil,2-way,Sealed,0,0,0,0,100,0,None,0,0,,21,Taupo District,Nil,0,0,0,1,0,0,Open,0,0,0,Light rain,Null
1759806,5912518,188,,520000,0,0,0,2,0,North,2009/2010,ALFRED ST,ARTHUR ST,,Non-Injury Crash,No,2009,0,North,0,0,0,Flat,0,,0,,0,Bright sun,606400,0,0,0,2,0,0,0,0,0,,0,0,Auckland Region,Nil,2-way,Sealed,0,0,0,0,50,0,Null,0,0,,76,Auckland,Nil,0,0,0,0,0,0,Urban,0,1,0,Fine,Null
1799092,5817234,189,,528700,0,,0,1,,North,2008/2009,FOREST LAKE ROAD,STEELE ROAD,,Non-Injury Crash,No,2009,,North,,0,,Hill Road,,,,,,Overcast,901800,0,0,0,2,,,0,,,,,,Waikato Region,Nil,2-way,Sealed,,0,0,,50,,Null,1,0,,16,Hamilton City,Unknown,,,,,0,0,Urban,0,,,Fine,Null
1743247,5923774,190,,513610,0,,1,1,,East,2008/2009,FRED TAYLOR DRIVE,DON BUCK ROAD,,Non-Injury Crash,No,2009,,North,,0,,Flat,,,,,,Dark,226402,0,0,0,2,,,0,,,,,,Auckland Region,Nil,2-way,Sealed,,0,0,,80,,On,0,0,,76,Auckland,Nil,,,,,0,0,Open,0,,,Light rain,Null
1869650,5713896,191,,541730,0,0,0,1,0,East,2008/2009,TAUHARA ROAD,RIFLE RANGE ROAD,,Non-Injury Crash,No,2009,0,East,0,0,1,Flat,0,,0,,0,Twilight,1271200,0,0,0,2,0,0,0,0,0,,0,0,Waikato Region,Nil,2-way,Sealed,0,0,0,0,70,0,Off,0,0,,21,Taupo District,Unknown,0,0,0,0,0,0,Urban,0,0,0,Fine,Null
1765060,5902876,192,,524604,0,,0,2,,North,2009/2010,ROSCOMMON ROAD,WIRI STATION ROAD,,Non-Injury Crash,No,2009,,South,,0,,Flat,,,,,,Overcast,781302,0,0,0,2,,,0,,,,,,Auckland Region,Nil,2-way,Sealed,,0,0,,50,,Off,0,0,,76,Auckland,Traffic Signals,,,,,0,0,Urban,0,,,Fine,Null
1759425,5910227,193,,524002,0,,0,2,,Null,2009/2010,RIMU ROAD,RIMU ON NBD,,Non-Injury Crash,No,2009,,East,,0,,Flat,,,,,,Overcast,722302,0,0,0,3,,,0,,,,,,Auckland Region,Motorway ramp,2-way,Sealed,,0,0,,50,,None,0,0,,76,Auckland,Give way,,,,,0,0,Urban,0,,,Light rain,Null
1756435,5919376,194,,514200,0,,0,2,,East,2008/2009,KARANGAHAPE ROAD,EDINBURGH ST,,Non-Injury Crash,No,2009,,West,,0,,Flat,,,,,,Overcast,411900,0,0,0,4,,,0,,,,,,Auckland Region,Nil,2-way,Sealed,,0,0,,50,,Null,0,0,,76,Auckland,Traffic Signals,,,,,0,0,Urban,0,,,Fine,Null
1766725,5900879,195,,524712,0,0,0,1,0,Null,2009/2010,WORDSWORTH ROAD,ROWANDALE AVENUE,,Non-Injury Crash,No,2009,0,South,0,0,0,Flat,0,,1,,0,Dark,777401,0,0,0,2,0,0,0,0,0,,0,0,Auckland Region,Nil,2-way,Sealed,0,0,0,0,50,0,On,0,0,,76,Auckland,Give way,0,0,0,0,0,0,Urban,0,0,0,Fine,Null
1891357,5738358,196,,538842,0,0,0,1,0,North,2009/2010,BROADLANDS ROAD,HOMESTEAD ROAD,,Non-Injury Crash,No,2009,0,South,0,0,0,Flat,0,,0,,0,Dark,1261200,0,0,0,2,0,0,0,0,0,,0,0,Waikato Region,Nil,2-way,Sealed,0,0,0,0,100,0,None,0,0,,24,Rotorua District,Unknown,0,0,0,0,0,0,Open,0,0,0,Mist or Fog,Null
1736694,5944467,197,,506646,0,0,0,0,0,East,2009/2010,KAHIKATEA FLAT ROAD,RAPSON ROAD,,Non-Injury Crash,No,2009,0,East,1,0,0,Flat,0,,0,,0,Bright sun,213100,0,0,0,2,0,0,0,0,0,,0,0,Auckland Region,Nil,2-way,Sealed,0,0,0,0,100,0,Off,0,0,,76,Auckland,Nil,0,0,0,0,1,0,Open,0,0,0,Fine,Null
1766865,5906905,198,,522302,0,,0,3,,North,2009/2010,SH 1N,REAGAN OBR,,Non-Injury Crash,Yes,2009,,North,,0,,Flat,,,,,,Overcast,669700,0,0,0,3,,,0,,,,,,Auckland Region,Nil,1-way,Sealed,,0,0,,100,,Null,0,0,,76,Auckland,Unknown,,,,,0,0,Open,0,,,Heavy rain,Null
1930577,5787617,199,,542530,0,0,0,0,0,South,2008/2009,SH 34,OTAKIRI ROAD,,Non-Injury Crash,Yes,2009,0,South,1,0,1,Flat,0,,0,,0,Twilight,1323201,0,0,0,2,0,0,0,0,0,,0,0,Bay of Plenty Region,Nil,2-way,Sealed,0,0,0,0,100,0,None,1,0,,25,Whakatane District,Unknown,0,0,0,0,0,0,Open,0,0,0,Fine,Null
1755526,5921453,200,,515202,0,,0,3,,North,2009/2010,SH 1N,FANSHAWE OBR,,Non-Injury Crash,Yes,2009,,South,,0,,Flat,,,,,,Overcast,425600,0,0,0,4,,,0,,,,,,Auckland Region,Nil,1-way,Sealed,,0,0,,80,,Off,0,0,,76,Auckland,Nil,,,,,0,0,Open,0,,,Light rain,Null
1764019,5915030,201,,520303,0,,0,2,,West,2008/2009,ELLERSLIE-PANMURE HIGHWAY,LUNN AVENUE,,Non-Injury Crash,No,2009,,East,,0,,Flat,,,,,,Overcast,626901,0,0,0,4,,,0,,,,,,Auckland Region,Nil,2-way,Sealed,,0,0,,50,,Null,0,0,,76,Auckland,Unknown,,,,,0,0,Urban,0,,,Light rain,Null
1868931,5720123,202,,541312,0,0,0,1,0,Null,2008/2009,WAIRAKEI DRIVE,THE AVENUE,,Non-Injury Crash,No,2009,0,South,0,0,0,Flat,0,,0,,0,Dark,1278700,0,0,0,2,0,1,0,0,0,,0,0,Waikato Region,Nil,2-way,Unsealed,0,0,0,0,50,0,None,0,0,,21,Taupo District,Unknown,0,0,0,0,0,0,Urban,0,0,0,Fine,Null
1764595,5905903,203,,524303,0,,0,2,,Null,2008/2009,STATION ROAD,HILLCREST ROAD,,Non-Injury Crash,No,2009,,North,,0,,Flat,,,,,,Dark,657500,0,0,0,2,,,0,,,,,,Auckland Region,Nil,2-way,Sealed,,0,0,,50,,On,0,0,,76,Auckland,Stop,,,,,0,0,Urban,0,,,Fine,Null
1755757,5916380,204,,518201,0,,0,1,,South,2008/2009,DOMINION ROAD,BRIXTON ROAD,,Non-Injury Crash,No,2009,,North,,0,,Flat,,,,,,Dark,553200,0,0,0,2,,,0,,,,,,Auckland Region,Nil,2-way,Sealed,,0,0,,50,,On,0,0,,76,Auckland,Nil,,,,,0,0,Urban,1,,,Fine,Null
1827650,5534544,205,,560302,0,,0,3,,East,2008/2009,KELVIN GROVE ROAD,STONEY CREEK ROAD,,Non-Injury Crash,No,2009,,West,,0,,Hill Road,,,,,,Dark,1759402,0,0,0,2,,,0,,,,,,Manawatū-Whanganui Region,Nil,2-way,Sealed,,0,0,,100,,None,0,0,,40,Palmerston North City,Nil,,,,,0,0,Open,0,,,Fine,Null
1767056,5906614,206,,522302,0,,0,2,,East,2009/2010,CORNWALL ROAD,MORRIS AVENUE,,Non-Injury Crash,No,2009,,South,,0,,Flat,,,,,,Bright sun,670000,0,0,0,2,,,0,,,,,,Auckland Region,Nil,2-way,Sealed,,0,0,,50,,Null,0,0,,76,Auckland,Unknown,,,,,0,0,Urban,0,,,Fine,Null
1976459,5780068,207,,542906,0,,0,1,,Null,2008/2009,SH 2,APANUI ROAD,,Non-Injury Crash,Yes,2009,,South,,0,,Flat,,,,,,Bright sun,1337100,0,0,0,2,,,0,,,,,,Bay of Plenty Region,Nil,2-way,Sealed,,0,0,,100,,Null,0,0,,27,Ōpōtiki District,Stop,,,,,1,0,Open,0,,,Fine,Null
1756936,5920014,208,,514102,0,,0,1,,South,2009/2010,VINCENT ST,COOK ST,,Non-Injury Crash,No,2009,,East,,0,,Flat,,,,,,Bright sun,434902,0,0,0,2,,,0,,,1,,,Auckland Region,Nil,2-way,Sealed,,0,0,,50,,Off,0,0,,76,Auckland,Nil,,,,,0,0,Urban,0,,,Fine,Null
1761178,5916190,209,,516003,0,0,0,2,0,West,2009/2010,PEACH PARADE,LADIES MILE,,Non-Injury Crash,No,2009,0,West,0,0,0,Hill Road,0,,0,,0,Dark,494300,0,0,0,2,0,0,0,0,1,,0,0,Auckland Region,Nil,2-way,Sealed,0,0,0,0,50,0,On,0,0,,76,Auckland,Nil,0,0,0,0,0,0,Urban,0,0,0,Light rain,Null
1819097,5828075,210,,534500,0,,0,1,,Null,2009/2010,SH 26,PIAKO ROAD,,Non-Injury Crash,Yes,2009,,South,,0,,Flat,,,,,,Bright sun,1090700,0,0,0,3,,,0,,,,,,Waikato Region,Nil,2-way,Sealed,,0,0,,100,,Off,0,0,,15,Matamata-Piako District,Give way,,,,,1,0,Open,0,,,Fine,Null
1770427,5914643,211,,521601,0,0,0,2,0,East,2008/2009,PAKURANGA ROAD,CROMDALE AVENUE,,Non-Injury Crash,No,2009,0,East,0,0,0,Flat,0,,0,,0,Bright sun,645300,0,0,0,4,0,0,0,0,1,,0,0,Auckland Region,Nil,2-way,Sealed,0,0,0,0,60,0,Null,0,0,,76,Auckland,Stop,0,0,0,0,1,0,Urban,0,0,0,Fine,Null
1757329,5920254,212,,514103,0,0,0,2,0,North,2008/2009,QUEEN ST,WELLESLEY ST WEST,,Non-Injury Crash,No,2009,0,North,0,0,0,Flat,0,Queens Birthday,0,,0,Dark,437101,0,0,0,2,0,0,0,0,1,,0,0,Auckland Region,Nil,2-way,Sealed,0,0,0,0,50,0,On,0,0,,76,Auckland,Nil,0,0,0,0,0,0,Urban,0,0,0,Light rain,Null
1885162,5773773,213,,540410,0,0,0,0,0,West,2009/2010,ERUERA ST,FENTON ST,,Non-Injury Crash,No,2009,0,West,0,0,0,Flat,0,,0,,0,Bright sun,1236200,0,0,0,2,0,0,0,0,1,,0,0,Bay of Plenty Region,Nil,2-way,Sealed,0,0,0,0,50,0,Null,1,0,,24,Rotorua District,Unknown,0,0,0,0,0,0,Urban,1,0,0,Fine,Null