X,Y,OBJECTID,advisorySpeed,areaUnitID,bicycle,bridge,bus,carStationWagon,cliffBank,crashDirectionDescription,crashFinancialYear,crashLocation1,crashLocation2,crashRoadSideRoad,crashSeverity,crashSHDescription,crashYear,debris,directionRoleDescription,ditch,fatalCount,fence,flatHill,guardRail,holiday,houseOrBuilding,intersection,kerb,light,meshblockId,minorInjuryCount,moped,motorcycle,NumberOfLanes,objectThrownOrDropped,otherObject,otherVehicleType,overBank,parkedVehicle,pedestrian,phoneBoxEtc,postOrPole,region,roadCharacter,roadLane,roadSurface,roadworks,schoolBus,seriousInjuryCount,slipOrFlood,speedLimit,strayAnimal,streetLight,suv,taxi,temporarySpeedLimit,tlaId,tlaName,trafficControl,trafficIsland,trafficSign,train,tree,truck,unknownVehicleType,urban,vanOrUtility,vehicle,waterRiver,weatherA,weatherB
1717819,6049568,214,,502101,0,0,0,2,0,West,2008/2009,FEARN ST,CARR ST,,Non-Injury Crash,No,2009,0,East,0,0,0,Flat,0,,0,,0,Dark,85502,0,0,0,1,0,0,0,0,1,,0,0,Northland Region,Nil,1-way,Sealed,0,0,0,0,50,0,On,0,0,,2,Whangarei District,Nil,0,0,0,0,0,0,Urban,0,0,0,Fine,Null
1881939,5775432,215,,539100,0,0,0,1,0,West,2009/2010,PARK ROAD,BROOKLAND ROAD,,Non-Injury Crash,No,2009,0,West,0,0,1,Flat,0,,0,,1,Dark,1218100,0,0,0,2,0,0,0,0,0,,0,0,Bay of Plenty Region,Nil,2-way,Sealed,0,0,0,0,50,0,On,0,0,,24,Rotorua District,Give way,0,0,0,0,0,0,Urban,0,0,0,Fine,Null
1879287,5819739,216,,537900,0,,0,1,,South,2008/2009,OHAUITI ROAD,WELCOME BAY ROAD,,Non-Injury Crash,No,2009,,South,,0,,Flat,,,,,,Dark,1179607,0,0,0,2,,,0,,,,,,Bay of Plenty Region,Nil,2-way,Sealed,,0,0,,50,,On,0,0,,23,Tauranga City,Traffic Signals,,,,,0,0,Urban,1,,,Light rain,Null
1805641,5785250,217,,527937,0,0,0,1,0,North,2009/2010,SH 3,TE MAWHAI ROAD,,Non-Injury Crash,Yes,2009,0,South,0,0,1,Flat,0,,0,,0,Dark,989500,0,0,0,2,0,0,0,1,0,,0,0,Waikato Region,Nil,2-way,Unsealed,0,0,0,0,100,0,None,0,0,30,17,Waipa District,Nil,0,0,0,0,0,0,Open,0,0,0,Fine,Null
1507440,5145470,218,,597741,0,,0,1,,Null,2009/2010,SH 1S,DROMORE METHVEN ROAD,,Minor Crash,Yes,2009,,South,,0,,Flat,,,,,,Bright sun,2751100,1,0,0,2,,,0,,,,,,Canterbury Region,Nil,2-way,Sealed,,0,0,,100,,Null,0,0,,63,Ashburton District,Nil,,,,,1,0,Open,0,,,Fine,Null
1753544,5927067,219,,508310,0,,0,2,,Null,2008/2009,GLENFIELD ROAD,ROBERTS ROAD,,Non-Injury Crash,No,2009,,North,,0,,Hill Road,,,,,,Overcast,202400,0,0,0,2,,,0,,,,,,Auckland Region,Nil,2-way,Sealed,,0,0,,50,,Null,0,0,,76,Auckland,Give way,,,,,0,0,Urban,0,,,Fine,Null
1686865,6102088,220,,500900,0,,0,2,,South,2009/2010,KERIKERI ROAD,KERIKERI GROVE,,Non-Injury Crash,No,2009,,North,,0,,Flat,,,,,,Twilight,53102,0,0,0,2,,,0,,,,,,Northland Region,Nil,2-way,Sealed,,0,0,,50,,None,0,0,,1,Far North District,Unknown,,,,,0,0,Urban,0,,,Fine,Null
1797290,5817384,221,,528406,0,,0,2,,Null,2009/2010,AVALON DRIVE,SH 1N,,Non-Injury Crash,No,2009,,East,,0,,Flat,,,,,,Bright sun,907601,0,0,0,4,,,0,,,,,,Waikato Region,Nil,2-way,Sealed,,0,0,,60,,Off,0,0,,16,Hamilton City,Give way,,,,,0,0,Urban,0,,,Fine,Null
1753956,5917167,222,,517600,0,,0,2,,West,2008/2009,NEW NORTH ROAD,ST LUKES ROAD,,Non-Injury Crash,No,2009,,East,,0,,Flat,,,,,,Dark,534300,0,0,0,2,,,0,,,,,,Auckland Region,Nil,2-way,Sealed,,0,0,,50,,On,0,0,,76,Auckland,Nil,,,,,0,0,Urban,0,,,Null,Null
1758302,5927833,223,,508010,0,,0,2,,North,2008/2009,HURSTMERE ROAD,EARNOCH AVENUE,,Non-Injury Crash,No,2009,,North,,0,,Flat,,,,,,Dark,326000,0,0,0,2,,,0,,,,,,Auckland Region,Nil,2-way,Sealed,,0,0,,50,,On,0,0,,76,Auckland,Nil,,,,,0,0,Urban,0,,,Light rain,Null
1763602,5912956,224,,520402,0,0,0,2,0,West,2008/2009,ARANUI ROAD,MOUNT WELLINGTON HIGHWAY,,Non-Injury Crash,No,2009,0,East,0,0,0,Flat,0,,0,,0,Dark,641503,0,0,0,2,0,0,0,0,1,,0,0,Auckland Region,Nil,2-way,Sealed,0,0,0,0,50,0,On,0,0,,76,Auckland,Unknown,0,0,0,0,0,0,Urban,0,0,0,Fine,Null
1767666,5907714,225,,523502,0,,0,0,,West,2009/2010,EAST TAMAKI ROAD,HILLS ROAD,,Non-Injury Crash,No,2009,,East,,0,,Flat,,,,,,Overcast,701900,0,0,0,4,,,0,,,,,,Auckland Region,Nil,2-way,Sealed,,0,0,,50,,Null,0,0,,76,Auckland,Nil,,,,,0,0,Urban,1,,,Light rain,Null
1680009,6023482,226,,504600,0,,0,1,,South,2008/2009,SH 14,TUNA ST,,Non-Injury Crash,Yes,2009,,South,,0,,Flat,,,,,,Overcast,113900,0,0,0,2,,,0,,,,,,Northland Region,Nil,2-way,Sealed,,0,0,,70,,Off,1,0,,3,Kaipara District,Nil,,,,,0,0,Urban,0,,,Heavy rain,Null
1757946,5920756,227,,514103,0,,0,1,,South,2009/2010,ANZAC AVENUE,BEACH ROAD,,Non-Injury Crash,No,2009,,North,,0,,Hill Road,,,,,,Dark,438404,0,0,0,5,,,0,,,,,,Auckland Region,Nil,2-way,Sealed,,0,0,,50,,On,1,0,,76,Auckland,Nil,,,,,0,0,Urban,0,,,Fine,Null
1750687,5939885,228,,506003,0,0,0,1,0,Null,2008/2009,BAWDEN ROAD,EAST COAST ROAD,,Non-Injury Crash,No,2009,0,South,1,0,0,Hill Road,0,,0,,0,Bright sun,175817,0,0,0,2,0,0,0,0,0,,0,0,Auckland Region,Nil,2-way,Sealed,0,0,0,0,80,0,Null,0,0,,76,Auckland,Stop,0,0,0,0,0,0,Open,0,0,0,Fine,Null
1756993,5920348,229,,514102,0,0,0,2,0,North,2008/2009,HOBSON ST,WELLESLEY ST WEST,,Non-Injury Crash,No,2009,0,South,0,0,0,Flat,0,,0,,0,Twilight,433700,0,0,0,6,0,0,0,0,0,,0,0,Auckland Region,Nil,1-way,Sealed,0,0,0,0,50,0,Off,0,0,,76,Auckland,Traffic Signals,0,0,0,0,0,0,Urban,0,1,0,Fine,Null
1750847,5915590,230,,514401,0,,0,2,,East,2009/2010,ASH ST,ROSEBANK ROAD,,Non-Injury Crash,No,2009,,West,,0,,Flat,,,,,,Dark,381802,0,0,0,2,,,0,,,,,,Auckland Region,Nil,2-way,Sealed,,0,0,,50,,On,0,0,,76,Auckland,Traffic Signals,,,,,0,0,Urban,0,,,Fine,Null
1753626,5918317,231,,515002,0,,0,1,,West,2009/2010,SH 16,ST LUKES OBR,,Non-Injury Crash,Yes,2009,,East,,0,,Flat,,,,,,Bright sun,390501,0,0,0,3,,,0,,,,,,Auckland Region,Nil,1-way,Sealed,,0,0,,100,,Off,1,0,,76,Auckland,Nil,,,,,0,0,Open,0,,,Fine,Null
1770335,5898946,232,,523911,0,,0,2,,Null,2008/2009,GREAT SOUTH ROAD,MANUROA ROAD,,Non-Injury Crash,No,2009,,South,,0,,Flat,,,,,,Dark,768200,0,0,0,4,,,0,,,,,,Auckland Region,Nil,2-way,Sealed,,0,0,,50,,On,0,0,,76,Auckland,Traffic Signals,,,,,0,0,Urban,0,,,Fine,Null
1746591,5916581,233,,512500,0,,0,2,,Null,2008/2009,TIRIMOANA ROAD,TE ATATU ROAD,,Non-Injury Crash,No,2009,,West,,0,,Flat,,,,,,Bright sun,260000,0,0,0,2,,,0,,,,,,Auckland Region,Nil,2-way,Sealed,,0,0,,50,,Off,0,0,,76,Auckland,Give way,,,,,0,0,Urban,0,,,Fine,Null
1751423,5915906,234,,514401,0,0,0,2,0,North,2008/2009,ROBERTON ROAD,HENRY ST,,Non-Injury Crash,No,2009,0,West,0,0,0,Hill Road,0,,0,,0,Dark,383600,0,0,0,2,0,0,0,0,1,,0,0,Auckland Region,Nil,2-way,Sealed,0,0,0,0,50,0,On,0,0,,76,Auckland,Unknown,0,0,0,0,0,0,Urban,0,0,0,Fine,Null
1801903,5814733,235,,530200,0,,0,0,,South,2009/2010,GREY ST,CLYDE ST,,Non-Injury Crash,No,2009,,South,,0,,Flat,,,,,,Bright sun,893000,0,0,0,2,,,0,,,,,,Waikato Region,Nil,2-way,Sealed,,0,0,,50,,Null,0,0,,16,Hamilton City,Unknown,,,,,2,0,Urban,0,,,Fine,Null
1888872,5774332,236,,538741,0,0,0,1,0,Null,2008/2009,VAUGHAN ROAD EXTENSION,OWHATA ROAD,,Non-Injury Crash,No,2009,0,North,1,0,0,Flat,0,,0,,0,Dark,1254100,0,0,0,2,0,0,0,0,0,,0,0,Bay of Plenty Region,Nil,2-way,Sealed,0,0,0,0,50,0,On,0,0,,24,Rotorua District,Give way,0,0,0,0,0,0,Urban,0,0,0,Light rain,Null
1762077,5913834,237,,520401,0,,0,2,,North,2008/2009,SH 1N,PENROSE OBR,,Non-Injury Crash,Yes,2009,,South,,0,,Flat,,,,,,Bright sun,644300,0,0,0,3,,,0,,,,,,Auckland Region,Nil,2-way,Sealed,,0,0,,100,,Off,1,0,,76,Auckland,Nil,,,,,0,0,Open,0,,,Fine,Null
1769677,5907135,238,,523712,0,,0,2,,South,2008/2009,CHAPEL ROAD,ORMISTON ROAD,,Non-Injury Crash,No,2009,,North,,0,,Flat,,,,,,Dark,712803,0,0,0,2,,,0,,,,,,Auckland Region,Nil,2-way,Sealed,,0,0,,50,,On,0,0,,76,Auckland,Nil,,,,,0,0,Urban,0,,,Fine,Null
1572555,5180803,239,,593400,1,,0,0,,Null,2008/2009,AVONSIDE DRIVE,LINWOOD AVENUE,,Minor Crash,No,2009,,West,,0,,Flat,,,,,,Overcast,2614604,1,0,0,2,,,0,,,,,,Canterbury Region,Nil,2-way,Sealed,,0,0,,50,,Null,1,0,,60,Christchurch City,Give way,,,,,0,0,Urban,0,,,Light rain,Null
1753786,5918283,240,,515003,0,,0,1,,West,2008/2009,SH 16,ST LUKES OBR,,Non-Injury Crash,Yes,2009,,West,,0,,Hill Road,,,,,,Dark,390502,0,0,0,3,,,0,,,,,,Auckland Region,Nil,1-way,Sealed,,0,0,,100,,On,1,0,,76,Auckland,Nil,,,,,0,0,Open,0,,,Fine,Null
1769343,5901017,241,,524902,0,,0,2,,Null,2009/2010,ALFRISTON ROAD,FLEMING ST,,Non-Injury Crash,No,2009,,West,,0,,Flat,,,,,,Twilight,757700,0,0,0,2,,,0,,,,,,Auckland Region,Nil,2-way,Sealed,,0,0,,50,,On,0,0,,76,Auckland,Stop,,,,,0,0,Urban,0,,,Fine,Null
1404891,4914062,242,,604500,1,,0,1,,Null,2008/2009,FORBURY ROAD,EASTHER CRESCENT,,Minor Crash,No,2009,,North,,0,,Flat,,,,,,Bright sun,2926700,1,0,0,2,,,0,,,,,,Otago Region,Nil,2-way,Sealed,,0,0,,50,,Null,0,0,,71,Dunedin City,Give way,,,,,0,0,Urban,0,,,Fine,Null
1817181,5803872,243,,527503,0,0,0,1,0,North,2008/2009,GROSVENOR ST,THORNTON ROAD,,Non-Injury Crash,No,2009,0,South,0,0,0,Flat,0,Easter,0,,0,Overcast,962601,0,0,0,2,0,0,0,0,0,,0,1,Waikato Region,Nil,2-way,Sealed,0,0,0,0,50,0,Null,0,0,,17,Waipa District,Unknown,0,0,0,0,0,0,Urban,0,0,0,Fine,Null
1902548,5684856,244,,541503,0,0,0,1,0,West,2008/2009,SH 5,POHOKURA ROAD WEST,,Non-Injury Crash,Yes,2009,0,South,0,0,0,Hill Road,0,,0,,0,Dark,1281005,0,0,0,2,0,0,0,1,0,,0,0,Hawke's Bay Region,Nil,2-way,Sealed,0,0,0,0,100,0,None,0,0,,21,Taupo District,Unknown,0,0,0,0,0,0,Open,0,0,0,Light rain,Null
1871598,5822902,245,,536620,0,,0,2,,Null,2009/2010,SH 2,CLARKE ROAD,,Non-Injury Crash,Yes,2009,,West,,0,,Flat,,,,,,Bright sun,1189602,0,0,0,2,,,0,,,,,,Bay of Plenty Region,Nil,2-way,Sealed,,0,0,,100,,Off,0,0,,22,Western Bay of Plenty District,Stop,,,,,0,0,Open,0,,,Fine,Null
1765650,5904931,246,,524603,0,,0,2,,Null,2009/2010,PUHINUI ROAD,PLUNKET AVENUE,,Non-Injury Crash,No,2009,,East,,0,,Flat,,,,,,Overcast,673401,0,0,0,2,,,0,,,,,,Auckland Region,Nil,2-way,Sealed,,0,0,,50,,Null,0,0,,76,Auckland,Nil,,,,,0,0,Urban,0,,,Fine,Null
1755220,5919390,247,,515410,0,0,0,3,0,Null,2008/2009,ROSE ROAD,DICKENS ST,,Non-Injury Crash,No,2009,0,West,0,0,0,Hill Road,0,,0,,0,Dark,408600,0,0,0,2,0,0,0,0,1,,0,0,Auckland Region,Nil,2-way,Sealed,0,0,0,0,50,0,On,0,0,,76,Auckland,Stop,0,0,0,0,0,0,Urban,0,0,0,Fine,Null
1763006,5919401,248,,516500,0,0,0,3,0,West,2008/2009,ATKIN AVENUE,PATTESON AVENUE,,Non-Injury Crash,No,2009,0,South,0,0,0,Flat,0,,0,,0,Dark,501901,0,0,0,2,0,0,0,0,1,,0,0,Auckland Region,Nil,2-way,Sealed,0,0,0,0,50,0,On,0,0,,76,Auckland,Nil,0,0,0,0,0,0,Urban,0,0,0,Fine,Null
1241674,4931852,249,,610020,0,,0,1,,West,2009/2010,ELLIS ROAD,SH 6,,Minor Crash,No,2009,,East,,0,,Flat,,,,,,Bright sun,3041700,1,0,0,2,,,1,,,,,,Southland Region,Nil,2-way,Sealed,,0,0,,100,,Null,0,0,,73,Southland District,Nil,,,,,0,0,Open,0,,,Fine,Strong wind
1855050,5878644,250,,533300,1,,0,1,,Null,2009/2010,HETHERINGTON ROAD,PORT ROAD,,Non-Injury Crash,No,2009,,South,,0,,Flat,,Christmas New Year,,,,Overcast,1060900,0,0,0,2,,,0,,,,,,Waikato Region,Nil,2-way,Sealed,,0,0,,50,,Off,0,0,,11,Thames-Coromandel District,Give way,,,,,0,0,Urban,0,,,Fine,Null
1770115,5914669,251,,522712,0,,0,2,,Null,2009/2010,PAKURANGA ROAD,HUTCHINSON ROAD,,Non-Injury Crash,No,2009,,South,,0,,Flat,,,,,,Bright sun,644800,0,0,0,2,,,0,,,,,,Auckland Region,Nil,2-way,Sealed,,0,0,,50,,Off,0,0,,76,Auckland,Stop,,,,,0,0,Urban,0,,,Fine,Null
1755703,5921196,252,,515202,0,,0,1,,North,2008/2009,SH 1N,FANSHAWE OBR,,Non-Injury Crash,Yes,2009,,North,,0,,Flat,,,,,,Overcast,425600,0,0,0,4,,,0,,,,,,Auckland Region,Nil,1-way,Sealed,,0,0,,80,,Null,0,0,,76,Auckland,Unknown,,,,,0,0,Open,1,,,Fine,Null
1577729,5172034,253,,596400,0,0,0,1,0,East,2009/2010,SUMNER ROAD,OXFORD ST,,Minor Crash,No,2009,0,North,0,0,1,Hill Road,0,,0,,0,Dark,2708300,1,0,0,1,0,0,0,0,0,,0,0,Canterbury Region,Nil,2-way,Sealed,0,0,0,0,50,0,On,0,0,,60,Christchurch City,Nil,0,0,0,0,0,0,Urban,0,0,0,Fine,Null
1793624,5771095,254,,531200,0,0,0,2,0,South,2008/2009,SH 3,WAHANUI CRESCENT S,,Non-Injury Crash,Yes,2009,0,North,0,0,0,Flat,0,Queens Birthday,0,,0,Bright sun,998400,0,0,0,2,0,0,0,0,1,,0,0,Waikato Region,Nil,2-way,Sealed,0,0,0,0,50,0,Null,0,0,,18,Ōtorohanga District,Unknown,0,0,0,0,0,0,Urban,1,1,0,Fine,Null
1767939,5883417,255,35,521111,0,,0,2,,East,2009/2010,HEIGHTS ROAD,OSTRICH FARM ROAD,,Non-Injury Crash,No,2009,,East,,0,,Flat,,,,,,Overcast,826601,0,0,0,2,,,0,,,,,,Auckland Region,Nil,2-way,Sealed,,0,0,,100,,None,0,0,,76,Auckland,Nil,,,,,0,0,Open,0,,,Light rain,Null
1719069,6047916,256,25,502600,0,0,0,1,0,North,2009/2010,PARK AVENUE,KILLEN ST,,Non-Injury Crash,No,2009,0,South,0,0,0,Flat,0,,0,,0,Twilight,94800,0,0,0,2,0,0,0,0,0,,0,0,Northland Region,Nil,2-way,Sealed,0,0,0,0,50,0,Off,0,0,,2,Whangarei District,Nil,1,0,0,0,0,0,Urban,0,0,0,Fine,Null
1767930,5906873,257,,523711,0,,0,3,,Null,2008/2009,PRESTON ROAD,DAWSON ROAD,,Non-Injury Crash,No,2009,,South,,0,,Flat,,,,,,Bright sun,714400,0,0,0,4,,,0,,,,,,Auckland Region,Nil,2-way,Sealed,,0,0,,50,,Null,0,0,,76,Auckland,Traffic Signals,,,,,0,0,Urban,0,,,Fine,Null
1765245,5906370,258,,522202,0,,0,1,,Null,2008/2009,KOLMAR ROAD,GUIDE PLACE,,Non-Injury Crash,No,2009,,North,,0,,Flat,,,,,,Overcast,663800,0,0,0,2,,,0,,,,,,Auckland Region,Nil,2-way,Sealed,,0,0,,50,,Null,1,0,,76,Auckland,Give way,,,,,0,0,Urban,0,,,Fine,Null
1748120,5913857,259,,511700,0,,0,1,,Null,2008/2009,WEST COAST ROAD,WESTWARD HO,,Non-Injury Crash,No,2009,,North,,0,,Flat,,,,,,Bright sun,270202,0,0,0,4,,,0,,,,,,Auckland Region,Nil,2-way,Sealed,,0,0,,50,,Off,1,0,,76,Auckland,Give way,,,,,0,0,Urban,0,,,Fine,Null
1766566,5913132,260,,522910,0,,0,2,,Null,2009/2010,TI RAKAU DRIVE,AYLESBURY ST,,Non-Injury Crash,No,2009,,South,,0,,Flat,,,,,,Bright sun,684000,0,0,0,4,,,0,,,,,,Auckland Region,Nil,2-way,Sealed,,0,0,,60,,Off,0,0,,76,Auckland,Traffic Signals,,,,,0,0,Urban,0,,,Fine,Null
1764351,5910170,261,,521801,0,,0,0,,Null,2008/2009,CHURCH ST,PRINCES ST,,Non-Injury Crash,No,2009,,South,,0,,Flat,,,,,,Unknown,787400,0,0,0,2,,,0,,,,,,Auckland Region,Nil,2-way,Sealed,,0,0,,50,,Off,0,0,,76,Auckland,Traffic Signals,,,,,0,0,Urban,2,,,Fine,Null
1764928,5910744,262,,521801,0,,0,2,,North,2009/2010,SH 1N,PRINCES OBR,,Non-Injury Crash,Yes,2009,,North,,0,,Flat,,,,,,Overcast,786700,0,0,0,3,,,0,,,,,,Auckland Region,Nil,1-way,Sealed,,0,0,,100,,Null,0,0,,76,Auckland,Unknown,,,,,0,0,Open,0,,,Fine,Null
1745241,5919188,263,,513302,0,,0,3,,Null,2009/2010,LINCOLN ROAD,POMARIA ROAD,,Non-Injury Crash,No,2009,,North,,0,,Flat,,,,,,Overcast,232205,0,0,0,2,,,0,,,,,,Auckland Region,Nil,1-way,Sealed,,0,0,,50,,Off,0,0,,76,Auckland,Traffic Signals,,,,,0,0,Urban,0,,,Fine,Null
1757626,5919861,264,,514103,0,0,0,2,0,West,2008/2009,ST PAUL ST,SYMONDS ST,,Non-Injury Crash,No,2009,0,East,0,0,0,Flat,0,,0,,0,Bright sun,436700,0,0,0,2,0,0,0,0,1,,0,0,Auckland Region,Nil,2-way,Sealed,0,0,0,0,50,0,Off,0,0,,76,Auckland,Traffic Signals,0,0,0,0,0,0,Urban,0,0,0,Fine,Null
1754035,5931356,265,,508803,0,,0,2,,South,2008/2009,UPPER HWY OFF NBD W,SH 18,,Non-Injury Crash,Yes,2009,,West,,0,,Flat,,,,,,Unknown,180818,0,0,0,2,,,0,,,,,,Auckland Region,Motorway ramp,1-way,Sealed,,0,0,,50,,Off,0,0,,76,Auckland,Give way,,,,,0,0,Urban,0,,,Heavy rain,Null
1760608,5912354,266,,520000,0,,0,1,,North,2008/2009,MAYS ROAD,CHURCH ST,,Non-Injury Crash,No,2009,,South,,0,,Flat,,,,,,Bright sun,606700,0,0,0,2,,,0,,,,,,Auckland Region,Nil,2-way,Sealed,,0,0,,50,,Off,1,0,,76,Auckland,Give way,,,,,0,0,Urban,0,,,Fine,Null
1457446,5083903,267,,599200,0,0,0,1,0,South,2009/2010,MORGANS ROAD,CARLISLE PLACE,,Minor Crash,No,2009,0,South,0,0,0,Hill Road,0,,0,,0,Dark,2775000,1,0,0,2,0,0,0,0,0,,0,1,Canterbury Region,Nil,2-way,Sealed,0,0,0,0,50,0,On,0,0,,64,Timaru District,Unknown,0,0,0,0,0,0,Urban,0,0,0,Fine,Null
1764935,5877601,268,45,521121,0,0,0,0,0,Null,2009/2010,WAIUKU ROAD,TRAMWAY ROAD,,Non-Injury Crash,No,2009,0,South,0,0,0,Hill Road,0,,0,,0,Overcast,825301,0,0,0,2,0,0,0,0,0,,0,1,Auckland Region,Nil,2-way,Sealed,0,0,0,0,100,0,Off,0,0,,76,Auckland,Give way,0,0,0,0,1,0,Open,0,0,0,Mist or Fog,Null
1188934,4942808,269,,612714,0,0,0,1,0,South,2008/2009,HILLSIDE-MANAPOURI ROAD,RAMPARTS ROAD,,Minor Crash,No,2009,0,North,0,0,0,Flat,0,,0,,0,Twilight,3172100,1,0,0,2,0,0,0,1,0,,0,0,Southland Region,Nil,2-way,Sealed,0,0,0,0,100,0,None,0,0,,73,Southland District,Unknown,0,0,0,0,0,0,Open,0,0,0,Fine,Null
1719888,6048344,270,45,502202,0,,0,1,,North,2008/2009,WAIATAWA ROAD,CAIRNFIELD ROAD,,Non-Injury Crash,No,2009,,South,,0,,Hill Road,,,,,,Overcast,88700,0,0,0,2,,,0,,,,,,Northland Region,Nil,2-way,Sealed,,0,0,,50,,Off,0,0,,2,Whangarei District,Nil,,,,,0,0,Urban,0,,,Light rain,Null
1770400,5875775,271,,521117,0,0,0,1,0,South,2009/2010,BUCKLAND ROAD,PARKER LANE,,Non-Injury Crash,No,2009,0,South,1,0,1,Flat,0,,0,,0,Dark,824500,0,0,0,2,0,0,0,0,0,,0,0,Waikato Region,Nil,2-way,Sealed,0,0,0,0,100,0,None,0,0,,13,Waikato District,Nil,0,0,0,0,0,0,Open,0,0,0,Fine,Null
1747223,5919429,272,,512402,0,,0,1,,Null,2008/2009,TE ATATU ROAD,ROYAL VIEW ROAD,,Non-Injury Crash,No,2009,,South,,0,,Flat,,,,,,Dark,254100,0,0,0,4,,,0,,,,,,Auckland Region,Nil,2-way,Sealed,,0,0,,50,,On,1,0,,76,Auckland,Nil,,,,,0,0,Urban,0,,,Fine,Null
1772741,5879644,273,,521131,0,0,0,0,1,Null,2008/2009,HARRISVILLE ROAD,LOGAN ROAD,,Non-Injury Crash,No,2009,0,East,0,0,1,Hill Road,0,,0,,0,Dark,827901,0,0,0,2,0,0,0,0,0,,0,0,Waikato Region,Nil,2-way,Sealed,0,0,0,0,100,0,None,1,0,,13,Waikato District,Give way,0,0,0,0,0,0,Open,0,0,0,Light rain,Null
1767407,5906301,274,,523601,0,0,0,1,0,South,2008/2009,OCONNOR ST,SANDBROOK AVENUE,,Non-Injury Crash,No,2009,0,North,0,0,0,Flat,0,,0,,0,Dark,706700,0,0,0,1,0,0,0,0,0,,0,1,Auckland Region,Nil,2-way,Sealed,0,0,0,0,50,0,On,0,0,,76,Auckland,Nil,0,0,0,0,0,0,Urban,0,0,0,Light rain,Null
1802029,5816897,275,,530000,0,,0,1,,South,2008/2009,PEACHGROVE ROAD,FIFTH AVENUE,,Non-Injury Crash,No,2009,,South,,0,,Flat,,,,,,Overcast,867400,0,0,0,2,,,0,,,,,,Waikato Region,Nil,2-way,Sealed,,0,0,,50,,Null,1,0,,16,Hamilton City,Nil,,,,,0,0,Urban,0,,,Fine,Null
1744782,5916077,276,,510800,0,,0,2,,Null,2008/2009,HENDERSON VALLEY ROAD,GARELJA ROAD,,Non-Injury Crash,No,2009,,East,,0,,Flat,,,,,,Overcast,242501,0,0,0,2,,,0,,,,,,Auckland Region,Nil,2-way,Sealed,,0,0,,50,,Off,0,0,,76,Auckland,Give way,,,,,0,0,Urban,0,,,Fine,Null
1757231,5919996,277,30,514103,0,,1,1,,Null,2008/2009,QUEEN ST,AIREDALE ST,,Non-Injury Crash,No,2009,,South,,0,,Flat,,,,,,Bright sun,436600,0,0,0,4,,,0,,,,,,Auckland Region,Nil,2-way,Sealed,,0,0,,50,,Off,1,0,,76,Auckland,Give way,,,,,0,0,Urban,0,,,Fine,Null
1735921,6035672,278,,501819,0,,0,1,,North,2008/2009,WHANGAREI HEADS ROAD,NEPTUNE DRIVE,,Non-Injury Crash,No,2009,,South,,0,,Flat,,Easter,,,,Bright sun,74205,0,0,0,2,,,1,,,,,,Northland Region,Nil,2-way,Sealed,,0,0,,50,,Null,0,0,,2,Whangarei District,Nil,,,,,0,0,Urban,0,,,Fine,Null
1572910,5203577,279,,586120,0,,0,2,,North,2009/2010,SH 1S,WOODEND ROAD,,Minor Crash,Yes,2009,,South,,0,,Flat,,Labour Weekend,,,,Overcast,2446913,1,0,0,2,,,0,,,,,,Canterbury Region,Nil,2-way,Sealed,,0,0,,50,,Null,0,0,,59,Waimakariri District,Unknown,,,,,0,0,Urban,0,,,Fine,Null
1885127,5772411,280,,540600,0,,0,2,,Null,2008/2009,FENTON ST,MARGUERITA ST,,Non-Injury Crash,No,2009,,South,,0,,Flat,,,,,,Twilight,1243100,0,0,0,4,,,0,,,,,,Bay of Plenty Region,Nil,2-way,Sealed,,0,0,,60,,Off,0,0,,24,Rotorua District,Give way,,,,,0,0,Urban,0,,,Fine,Null
1750016,5425904,281,,576800,0,,0,3,,West,2008/2009,SH 1N TAURIMA,RUAHINE ST,,Non-Injury Crash,Yes,2009,,West,,0,,Flat,,,,,,Dark,2181800,0,0,0,2,,,0,,,,,,Wellington Region,Nil,2-way,Sealed,,0,0,,50,,None,0,1,,47,Wellington City,Nil,,,,,0,0,Urban,0,,,Fine,Null
1755937,5919475,282,,514000,0,,0,2,,Null,2008/2009,WILLIAMSON AVENUE,PONSONBY ROAD,,Non-Injury Crash,No,2009,,East,,0,,Flat,,,,,,Dark,413700,0,0,0,2,,,0,,,,,,Auckland Region,Nil,2-way,Sealed,,0,0,,50,,On,0,0,,76,Auckland,Traffic Signals,,,,,0,0,Urban,0,,,Fine,Null
1754714,5929785,283,,508420,0,0,0,1,0,South,2009/2010,TARGET ROAD,SUNNYNOOK ROAD,,Non-Injury Crash,No,2009,0,North,0,0,0,Hill Road,0,,0,,0,Dark,182500,0,0,0,2,0,0,0,0,0,,0,0,Auckland Region,Nil,2-way,Sealed,0,0,0,0,50,0,On,0,0,,76,Auckland,Give way,0,0,0,1,0,0,Urban,0,0,0,Fine,Null
1575948,5197347,284,,586002,0,0,0,1,0,West,2008/2009,KAY AVENUE,BATTEN GROVE,,Minor Crash,No,2009,0,East,0,0,0,Flat,0,,0,,0,Dark,2447302,1,0,0,2,0,0,0,0,0,,0,0,Canterbury Region,Nil,2-way,Sealed,0,0,0,0,30,0,On,0,0,,59,Waimakariri District,Unknown,0,0,0,1,0,0,Urban,0,0,0,Fine,Null
1756521,5937454,285,,506903,0,,0,2,,South,2008/2009,BEACH ROAD,TOROA ROAD,,Non-Injury Crash,No,2009,,South,,0,,Flat,,,,,,Overcast,169400,0,0,0,2,,,0,,,,,,Auckland Region,Nil,2-way,Sealed,,0,0,,50,,Null,0,0,,76,Auckland,Give way,,,,,0,0,Urban,0,,,Light rain,Null