X,Y,OBJECTID,advisorySpeed,areaUnitID,bicycle,bridge,bus,carStationWagon,cliffBank,crashDirectionDescription,crashFinancialYear,crashLocation1,crashLocation2,crashRoadSideRoad,crashSeverity,crashSHDescription,crashYear,debris,directionRoleDescription,ditch,fatalCount,fence,flatHill,guardRail,holiday,houseOrBuilding,intersection,kerb,light,meshblockId,minorInjuryCount,moped,motorcycle,NumberOfLanes,objectThrownOrDropped,otherObject,otherVehicleType,overBank,parkedVehicle,pedestrian,phoneBoxEtc,postOrPole,region,roadCharacter,roadLane,roadSurface,roadworks,schoolBus,seriousInjuryCount,slipOrFlood,speedLimit,strayAnimal,streetLight,suv,taxi,temporarySpeedLimit,tlaId,tlaName,trafficControl,trafficIsland,trafficSign,train,tree,truck,unknownVehicleType,urban,vanOrUtility,vehicle,waterRiver,weatherA,weatherB
1882938,5776220,286,,539200,0,,0,1,,North,2008/2009,SH 5,FERGUSON PLACE,,Non-Injury Crash,Yes,2009,,South,,0,,Flat,,,,,,Bright sun,1220900,0,0,0,4,,,0,,,,,,Bay of Plenty Region,Nil,2-way,Sealed,,0,0,,60,,Null,0,0,,24,Rotorua District,Nil,,,,,0,0,Urban,1,,,Fine,Null
1569041,5186472,287,,588101,0,0,0,1,0,South,2009/2010,SH 74,PRESTONS ROAD,,Minor Crash,Yes,2009,0,South,0,0,0,Flat,0,,0,,0,Overcast,2509303,1,0,0,4,0,0,0,0,0,,0,1,Canterbury Region,Nil,2-way,Sealed,0,0,0,0,60,0,Null,0,0,,60,Christchurch City,Unknown,0,0,0,0,0,0,Urban,0,0,0,Light rain,Null
1889584,5821727,288,,536203,0,,0,2,,Null,2008/2009,DOMAIN ROAD,PACIFIC COVE DRIVE,,Non-Injury Crash,No,2009,,North,,0,,Flat,,,,,,Overcast,1206816,0,0,0,2,,,0,,,,,,Bay of Plenty Region,Nil,2-way,Sealed,,0,0,,70,,Null,0,0,,23,Tauranga City,Give way,,,,,0,0,Urban,0,,,Light rain,Null
1762172,5908081,289,,524530,1,,0,1,,West,2008/2009,TENNESSEE AVENUE,WICKMAN WAY,,Non-Injury Crash,No,2009,,West,,0,,Flat,,,,,,Bright sun,732200,0,0,0,2,,,0,,,,,,Auckland Region,Nil,2-way,Sealed,,0,0,,50,,Null,0,0,,76,Auckland,Give way,,,,,0,0,Urban,0,,,Fine,Null
1566229,5180115,290,,590100,0,,1,0,,Null,2009/2010,RICCARTON ROAD,BALGAY ST,,Minor Crash,No,2009,,East,,0,,Flat,,,,,,Bright sun,2541200,3,0,0,2,,,0,,,,,,Canterbury Region,Nil,2-way,Sealed,,0,0,,50,,Null,1,0,,60,Christchurch City,Give way,,,,,0,0,Urban,1,,,Fine,Null
1721776,5999466,291,,505010,0,,0,1,,East,2009/2010,BICKERSTAFFE ROAD,SH 12,,Non-Injury Crash,No,2009,,South,,0,,Hill Road,,Labour Weekend,,,,Bright sun,129500,0,0,0,2,,,0,,,,,,Northland Region,Nil,2-way,Unsealed,,0,0,,100,,Off,0,0,,3,Kaipara District,Nil,,,,,0,0,Open,1,,,Fine,Null
1754302,5936025,292,,508703,0,,0,1,,North,2008/2009,EAST COAST ROAD,OTEHA VALLEY ROAD,,Non-Injury Crash,No,2009,,North,,0,,Flat,,,,,,Bright sun,179214,0,0,0,2,,,0,,,,,,Auckland Region,Nil,2-way,Sealed,,0,0,,50,,Off,0,0,,76,Auckland,Nil,,,,,0,0,Urban,1,,,Fine,Null
1765758,5913174,293,,522920,0,,0,2,,West,2008/2009,PAKURANGA HIGHWAY,TI RAKAU DRIVE,,Non-Injury Crash,No,2009,,East,,0,,Flat,,,,,,Overcast,683100,0,0,0,4,,,0,,,,,,Auckland Region,Nil,2-way,Sealed,,0,0,,80,,Null,1,0,,76,Auckland,Unknown,,,,,0,0,Open,0,,,Fine,Null
1937631,5594920,294,,545860,0,0,0,1,0,North,2008/2009,WAIMARAMA ROAD,LOPEZ LANE,,Minor Crash,No,2009,0,South,0,0,1,Hill Road,0,,0,,0,Dark,1467400,1,0,0,2,0,0,0,0,0,,0,0,Hawke's Bay Region,Nil,2-way,Sealed,0,0,0,0,100,0,None,0,0,,30,Hastings District,Nil,0,1,0,0,0,0,Open,0,0,0,Heavy rain,Null
1572071,5179169,295,,594500,0,,0,0,,Null,2009/2010,MOORHOUSE AVENUE,LANCASTER ST,,Minor Crash,No,2009,,North,,0,,Flat,,,,,,Overcast,2623700,1,0,0,3,,,0,,,1,,,Canterbury Region,Nil,2-way,Sealed,,0,0,,50,,Null,1,0,,60,Christchurch City,Stop,,,,,0,0,Urban,0,,,Fine,Null
1802547,5818193,296,,529503,0,0,0,1,0,Null,2009/2010,FAIRVIEW ST,RADIATA ST,,Non-Injury Crash,No,2009,0,North,0,0,0,Flat,0,,0,,0,Twilight,872400,0,0,0,2,0,0,0,0,0,,0,0,Waikato Region,Nil,2-way,Sealed,0,0,0,0,50,0,Off,0,0,,16,Hamilton City,Give way,0,0,0,1,0,0,Urban,0,0,0,Fine,Null
1822701,5828985,297,,534901,0,,0,2,,Null,2008/2009,SH 26,THAMES ST,,Non-Injury Crash,Yes,2009,,South,,0,,Flat,,Queens Birthday,,,,Dark,1088200,0,0,0,2,,,0,,,,,,Waikato Region,Nil,2-way,Sealed,,0,0,,50,,On,0,0,,15,Matamata-Piako District,Give way,,,,,0,0,Urban,0,,,Fine,Null
1752400,5918091,298,,515001,0,,0,2,,Null,2008/2009,GREAT NORTH ROAD,POINT CHEVALIER ROAD,,Non-Injury Crash,No,2009,,East,,0,,Flat,,,,,,Overcast,392400,0,0,0,5,,,0,,,,,,Auckland Region,Nil,2-way,Sealed,,0,0,,50,,Null,0,0,,76,Auckland,Traffic Signals,,,,,0,0,Urban,0,,,Light rain,Null
1759224,5916708,299,,516001,0,,0,2,,South,2008/2009,SH 1N,MARKET OBR,,Non-Injury Crash,Yes,2009,,North,,0,,Flat,,,,,,Overcast,491700,0,0,0,3,,,0,,,,,,Auckland Region,Nil,1-way,Sealed,,0,0,,100,,Null,0,0,,76,Auckland,Unknown,,,,,0,0,Open,0,,,Light rain,Null
1757736,5918238,300,,518101,0,0,0,2,0,North,2008/2009,SH 1N,GILLIES ON NBD,,Non-Injury Crash,Yes,2009,0,North,0,0,0,Flat,1,,0,,0,Dark,543000,0,0,0,5,0,0,0,0,0,,0,0,Auckland Region,Nil,1-way,Sealed,0,0,0,0,80,0,On,0,0,,76,Auckland,Unknown,0,0,0,0,0,0,Open,0,0,0,Fine,Null
1817877,5802288,301,,527505,0,,0,1,,Null,2008/2009,SHAKESPEARE STREET,COOK ST,,Non-Injury Crash,No,2009,,South,,0,,Flat,,,,,,Dark,965502,0,0,0,2,,,0,,,,,,Waikato Region,Nil,2-way,Sealed,,0,0,,50,,On,0,0,,17,Waipa District,Give way,,,,,0,0,Urban,0,,,Fine,Null
1752615,5912503,302,,518901,0,0,0,1,0,North,2008/2009,BOUNDARY ROAD,WHITE SWAN ROAD,,Non-Injury Crash,No,2009,0,North,0,0,1,Flat,0,,0,,0,Overcast,586600,0,0,0,2,0,0,0,0,0,,0,0,Auckland Region,Nil,2-way,Sealed,0,0,0,0,50,0,Null,0,0,,76,Auckland,Unknown,0,0,0,0,0,0,Urban,0,0,0,Heavy rain,Null
1862541,5808672,303,,536630,0,0,0,1,0,North,2009/2010,SH 29,VALLEY VIEW ROAD,,Non-Injury Crash,Yes,2009,0,South,1,0,0,Hill Road,0,,0,,0,Bright sun,1191400,0,0,0,3,0,0,0,0,0,,0,0,Bay of Plenty Region,Nil,2-way,Sealed,0,0,0,0,100,0,Null,0,0,,22,Western Bay of Plenty District,Unknown,0,0,0,0,0,0,Open,1,0,0,Fine,Null
1759910,5916081,304,,516002,0,,0,1,,Null,2008/2009,SH 1N,GREENLANE ON NBD,,Non-Injury Crash,Yes,2009,,North,,0,,Flat,,,,,,Bright sun,492100,0,0,1,3,,,0,,,,,,Auckland Region,Nil,1-way,Sealed,,0,0,,100,,Null,0,0,,76,Auckland,Nil,,,,,0,0,Open,0,,,Fine,Null
1770389,5911603,305,,523105,0,,0,2,,Null,2009/2010,BOTANY ROAD,GOLFLAND DRIVE S,,Non-Injury Crash,No,2009,,North,,0,,Flat,,,,,,Overcast,711148,0,0,0,2,,,0,,,,,,Auckland Region,Nil,2-way,Sealed,,0,0,,50,,Null,0,0,,76,Auckland,Traffic Signals,,,,,0,0,Urban,0,,,Light rain,Null
1762271,5907061,306,,524520,0,,0,2,,Null,2009/2010,MASSEY ROAD,BUCKLAND ROAD,,Non-Injury Crash,No,2009,,East,,0,,Flat,,,,,,Dark,735200,0,0,0,2,,,0,,,,,,Auckland Region,Nil,2-way,Sealed,,0,0,,50,,On,0,0,,76,Auckland,Give way,,,,,0,0,Urban,0,,,Heavy rain,Null
1765355,5909188,307,,523402,0,,0,1,,North,2008/2009,SH 1N,HIGHBROOK OBR,,Non-Injury Crash,Yes,2009,,North,,0,,Hill Road,,,,,,Bright sun,696900,0,0,0,2,,,0,,,,,,Auckland Region,Nil,1-way,Sealed,,0,0,,100,,Off,0,0,,76,Auckland,Nil,,,,,0,0,Open,1,,,Fine,Null
1746114,5918229,308,,512500,0,,0,1,,North,2009/2010,EDMONTON ROAD,CENTRAL PARK DRIVE,,Non-Injury Crash,No,2009,,South,,0,,Flat,,,,,,Bright sun,257002,0,0,0,3,,,0,,,,,,Auckland Region,Nil,2-way,Sealed,,0,0,,50,,Off,0,0,,76,Auckland,Nil,,,,,0,0,Urban,1,,,Fine,Null
1404878,4916463,309,,604120,0,0,0,1,1,North,2009/2010,QUEENS DRIVE,PRESTON CRESCENT,,Minor Crash,No,2009,0,South,0,0,0,Hill Road,0,,0,,0,Dark,2922500,2,0,0,1,0,0,0,0,0,,0,0,Otago Region,Nil,2-way,Sealed,0,0,0,0,50,0,On,0,0,,71,Dunedin City,Unknown,0,0,0,0,0,0,Urban,0,0,0,Light rain,Null
1767808,5904083,310,,524602,0,,0,2,,Null,2008/2009,GREAT SOUTH ROAD,LAKEWOOD COURT,,Non-Injury Crash,No,2009,,South,,0,,Flat,,,,,,Dark,780501,0,0,0,5,,,0,,,,,,Auckland Region,Nil,2-way,Sealed,,0,0,,50,,On,0,0,,76,Auckland,Traffic Signals,,,,,0,0,Urban,0,,,Fine,Null
1718345,6042888,311,,503800,0,,0,2,,Null,2008/2009,SH 1N,TAUROA ST,,Non-Injury Crash,Yes,2009,,North,,0,,Hill Road,,Easter,,,,Dark,107905,0,0,0,2,,,0,,,,,,Northland Region,Nil,2-way,Sealed,,0,0,,80,,On,0,0,,2,Whangarei District,Give way,,,,,0,0,Open,0,,,Fine,Null
1769594,5905591,312,,523712,0,0,0,1,0,West,2009/2010,BOKEEN LANE,TEELIN PLACE,,Non-Injury Crash,No,2009,0,West,0,0,0,Hill Road,0,,0,,0,Bright sun,713209,0,0,0,2,0,0,0,1,0,,0,0,Auckland Region,Nil,2-way,Sealed,0,0,0,0,50,0,Off,0,0,,76,Auckland,Nil,0,0,0,0,0,0,Urban,0,0,0,Fine,Null
1774150,5897219,313,,525610,0,,0,2,,Null,2009/2010,CLEVEDON ROAD,COSGRAVE ROAD,,Non-Injury Crash,No,2009,,East,,0,,Flat,,,,,,Overcast,796500,0,0,0,2,,,0,,,,,,Auckland Region,Nil,2-way,Sealed,,0,0,,50,,Null,0,0,,76,Auckland,Stop,,,,,0,0,Urban,0,,,Light rain,Null
1757296,5918674,314,,514302,0,,0,0,,East,2008/2009,KHYBER PASS ROAD,GRAFTON ROAD,,Non-Injury Crash,No,2009,,West,,0,,Hill Road,,,,,,Bright sun,441700,0,0,0,3,,,0,,,,,,Auckland Region,Nil,2-way,Sealed,,0,0,,50,,Off,0,0,,76,Auckland,Nil,,,,,1,0,Urban,1,,,Fine,Null
1800546,5816656,315,,529900,0,,0,2,,South,2008/2009,RIVER ROAD,TAMIHANA AVENUE,,Non-Injury Crash,No,2009,,North,,0,,Hill Road,,,,,,Bright sun,863800,0,0,0,2,,,0,,,,,,Waikato Region,Nil,2-way,Sealed,,0,0,,50,,Null,0,0,,16,Hamilton City,Give way,,,,,0,0,Urban,0,,,Fine,Null
1756061,5923596,316,,509800,0,,0,1,,Null,2009/2010,SH 1N,STAFFORD OFF NBD,,Non-Injury Crash,Yes,2009,,North,,0,,Flat,,,,,,Overcast,359100,0,0,0,5,,,0,,,,,,Auckland Region,Nil,1-way,Sealed,,0,0,,80,,On,0,0,,76,Auckland,Nil,,,,,0,0,Open,1,,,Fine,Null
1759281,5906537,317,,524111,0,,0,1,,Null,2008/2009,SH 20A,KIRKBRIDE ROAD,,Non-Injury Crash,Yes,2009,,West,,0,,Flat,,,,,,Bright sun,740200,0,0,0,4,,,0,,,,,,Auckland Region,Motorway ramp,2-way,Sealed,,0,0,,100,,Null,0,0,,76,Auckland,Give way,,,,,0,0,Open,1,,,Fine,Null
1840350,5919014,318,,533000,0,0,0,0,0,Null,2008/2009,WATT ST,CATHERINE CRESCENT,,Non-Injury Crash,No,2009,0,North,0,0,1,Flat,0,,0,,0,Bright sun,1046807,0,0,0,2,0,0,0,0,0,,0,0,Waikato Region,Nil,2-way,Sealed,0,0,0,0,50,0,Null,0,0,,11,Thames-Coromandel District,Nil,0,0,0,0,0,0,Urban,1,0,0,Fine,Null
1404006,4914293,319,,604210,0,,0,1,,North,2009/2010,SOUTH ROAD,SIDEY ST,,Minor Crash,No,2009,,East,,0,,Hill Road,,,,,,Overcast,2911900,1,0,0,2,,,0,,,,,,Otago Region,Nil,2-way,Sealed,,0,0,,50,,Null,1,0,,71,Dunedin City,Unknown,,,,,0,0,Urban,0,,,Fine,Null
1757717,5920837,320,,514101,0,,0,1,,North,2009/2010,GORE ST,CUSTOMS ST EAST,,Non-Injury Crash,No,2009,,North,,0,,Flat,,,,,,Dark,438103,0,0,0,2,,,0,,,,,,Auckland Region,Nil,2-way,Sealed,,0,0,,50,,On,0,0,,76,Auckland,Nil,,,,,0,0,Urban,1,,,Fine,Null
1765037,5918379,321,,516900,0,,0,2,,Null,2008/2009,WEST TAMAKI ROAD,ST HELIERS BAY ROAD,,Non-Injury Crash,No,2009,,East,,0,,Flat,,,,,,Bright sun,465503,0,0,0,2,,,0,,,,,,Auckland Region,Nil,2-way,Sealed,,0,0,,50,,Off,0,0,,76,Auckland,Stop,,,,,0,0,Urban,0,,,Fine,Null
1730433,5994064,322,,505010,0,0,0,0,1,North,2009/2010,SH 1N,OTIORO ROAD,,Non-Injury Crash,Yes,2009,0,South,0,0,0,Hill Road,0,,0,,0,Overcast,135003,0,0,0,3,0,0,0,0,0,,0,0,Northland Region,Nil,2-way,Sealed,0,0,0,0,100,0,Null,1,0,,3,Kaipara District,Unknown,0,0,0,0,0,0,Open,0,0,0,Light rain,Null
1842695,5925121,323,,533200,0,0,0,0,0,North,2009/2010,SH 25,WINIATA ST,,Non-Injury Crash,Yes,2009,0,North,1,0,0,Flat,0,,0,,0,Dark,1045504,0,0,0,2,0,0,0,0,0,,0,0,Waikato Region,Bridge,2-way,Sealed,0,0,0,0,100,0,On,0,0,,11,Thames-Coromandel District,Nil,0,0,0,0,0,0,Open,1,0,0,Fine,Null
1880166,5825501,324,,538202,0,,0,1,,East,2008/2009,SH 2,TAURANGA HARBOUR BR E,,Non-Injury Crash,Yes,2009,,East,,0,,Flat,,,,,,Bright sun,1162800,0,0,0,2,,,0,,,,,,,Bridge,2-way,Sealed,,0,0,,70,,Null,0,0,,23,Tauranga City,Unknown,,,,,1,0,Urban,0,,,Fine,Null
1804802,5814938,325,,530600,0,0,0,2,0,North,2008/2009,SILVERDALE ROAD,CROSHER PLACE,,Non-Injury Crash,No,2009,0,South,0,0,0,Flat,0,,0,,0,Bright sun,886000,0,0,0,2,0,0,0,0,1,,0,0,Waikato Region,Nil,2-way,Sealed,0,0,0,0,50,0,Off,0,0,,16,Hamilton City,Nil,0,0,0,0,0,0,Urban,0,0,0,Null,Null
1770922,5443046,326,,564520,0,,0,2,,Null,2009/2010,MESSINES AVENUE,FREYBERG ROAD,,Minor Crash,No,2009,,West,,0,,Flat,,,,,,Overcast,1900300,1,0,0,2,,,0,,,,,,Wellington Region,Nil,2-way,Sealed,,0,0,,50,,Null,0,0,,45,Upper Hutt City,Give way,,,,,0,0,Urban,0,,,Fine,Null
1489122,5167635,327,,597720,0,0,0,1,0,West,2009/2010,HOBBS ROAD,MORGAN ROAD,,Minor Crash,No,2009,0,West,0,0,1,Flat,0,,0,,0,Dark,2753602,1,0,0,2,0,0,0,0,0,,0,0,Canterbury Region,Nil,2-way,Sealed,0,0,0,0,100,0,Off,0,0,,63,Ashburton District,Unknown,0,0,0,0,0,0,Open,0,0,0,Fine,Null
1950158,5789302,328,,542440,0,,0,1,,Null,2008/2009,VALLEY ROAD,ARAWA ROAD,,Non-Injury Crash,No,2009,,North,,0,,Flat,,,,,,Bright sun,1309300,0,0,0,2,,,0,,,,,,Bay of Plenty Region,Nil,2-way,Sealed,,0,0,,70,,Null,0,0,,25,Whakatane District,Give way,,,,,0,0,Urban,1,,,Fine,Null
1274076,4862827,329,,610072,0,0,0,1,0,West,2008/2009,SH 1S,CLARK ROAD,,Serious Crash,Yes,2009,0,East,0,0,1,Hill Road,0,,0,,0,Overcast,3164400,1,0,0,2,0,0,0,0,0,,0,0,Southland Region,Nil,2-way,Sealed,0,0,1,0,100,0,Null,0,0,,73,Southland District,Unknown,0,0,0,0,1,0,Open,0,0,0,Light rain,Null
1765098,5910107,330,,521803,0,,0,2,,North,2009/2010,SH 1N,HIGHBROOK OFF SBD,,Non-Injury Crash,Yes,2009,,South,,0,,Flat,,,,,,Bright sun,790500,0,0,0,4,,,0,,,,,,Auckland Region,Nil,1-way,Sealed,,0,0,,100,,Null,0,0,,76,Auckland,Unknown,,,,,0,0,Open,0,,,Fine,Null
1203618,5030933,331,,609011,0,0,0,1,1,West,2009/2010,SH 94,LOWER HOLLYFORD ROAD,,Minor Crash,Yes,2009,0,North,0,0,0,Hill Road,0,,0,,0,Bright sun,3175100,1,0,0,2,0,0,0,1,0,,0,0,Southland Region,Nil,2-way,Sealed,0,0,0,0,100,0,Null,0,0,,73,Southland District,Unknown,0,0,0,0,0,0,Open,0,0,0,Fine,Null
1769505,5914642,332,,522723,0,,0,2,,East,2008/2009,PAKURANGA ROAD,PIGEON MOUNTAIN ROAD,,Non-Injury Crash,No,2009,,West,,0,,Flat,,,,,,Bright sun,681304,0,0,0,2,,,0,,,,,,Auckland Region,Nil,2-way,Sealed,,0,0,,60,,Null,0,0,,76,Auckland,Traffic Signals,,,,,0,0,Urban,0,,,Fine,Null
1778942,5810924,333,,526601,0,0,0,1,0,South,2008/2009,SH 23,COGSWELL ROAD,,Non-Injury Crash,Yes,2009,0,West,0,0,0,Hill Road,0,Easter,0,,0,Dark,859300,0,0,0,2,0,0,0,0,0,,0,0,Waikato Region,Nil,2-way,Sealed,1,0,0,0,100,0,None,0,0,,13,Waikato District,Nil,0,0,0,0,0,0,Open,0,0,0,Fine,Null
1750429,5955386,334,,506613,0,,0,1,,North,2008/2009,SH 1N,WAIWERA VIADUCT MID,,Non-Injury Crash,Yes,2009,,North,,0,,Flat,,,,,,Bright sun,147000,0,0,0,1,,,0,,,,,,Auckland Region,Nil,1-way,Sealed,,0,0,,100,,Null,0,0,,76,Auckland,Unknown,,,,,0,0,Open,1,,,Fine,Null
1802753,5828969,335,,527122,0,0,0,1,0,West,2008/2009,SH 1B,PEACH ROAD,,Non-Injury Crash,Yes,2009,0,South,0,0,0,Flat,0,,0,,0,Dark,953700,0,0,0,2,0,0,0,0,0,,0,1,Waikato Region,Nil,2-way,Sealed,0,0,0,0,100,0,None,0,0,,13,Waikato District,Nil,0,0,0,0,0,0,Open,0,0,0,Fine,Null
1763947,5913962,336,,520303,0,,0,2,,North,2008/2009,MOUNT WELLINGTON HIGHWAY,ROWLANDS AVENUE,,Non-Injury Crash,No,2009,,South,,0,,Flat,,,,,,Bright sun,627600,0,0,0,4,,,0,,,,,,Auckland Region,Nil,2-way,Sealed,,0,0,,50,,Null,0,0,,76,Auckland,Nil,,,,,0,0,Urban,0,,,Fine,Null
1771766,5894618,337,,525530,0,,0,1,,North,2008/2009,CHICHESTER DRIVE,JUPITER ST,,Non-Injury Crash,No,2009,,South,,0,,Flat,,,,,,Bright sun,804902,0,0,0,2,,,0,,,,,,Auckland Region,Nil,2-way,Sealed,,0,0,,50,,Null,0,0,,76,Auckland,Unknown,,,,,0,0,Urban,1,,,Fine,Null
1802053,5819606,338,,527009,0,,0,2,,South,2008/2009,GORDONTON ROAD,GREENHILL ROAD,,Non-Injury Crash,No,2009,,South,,0,,Flat,,,,,,Dark,952327,0,0,0,1,,,0,,,,,,Waikato Region,Nil,2-way,Sealed,,0,0,,80,,None,0,0,,16,Hamilton City,Unknown,,,,,0,0,Open,0,,,Null,Null
1744334,5918283,339,,513302,0,0,0,1,1,West,2009/2010,SWANSON ROAD,RATHGAR ROAD,,Non-Injury Crash,No,2009,0,West,0,0,0,Flat,0,,0,,0,Dark,233400,0,0,0,2,0,0,0,0,0,,0,0,Auckland Region,Nil,2-way,Sealed,0,0,0,0,50,0,On,0,0,,76,Auckland,Nil,0,0,0,1,0,0,Urban,0,0,0,Fine,Null
1749964,5914060,340,,511303,0,,0,2,,Null,2008/2009,GREAT NORTH ROAD,MEMORIAL DRIVE,,Non-Injury Crash,No,2009,,East,,0,,Flat,,,,,,Dark,266000,0,0,0,5,,,0,,,,,,Auckland Region,Nil,2-way,Sealed,,0,0,,50,,On,0,0,,76,Auckland,Traffic Signals,,,,,0,0,Urban,0,,,Fine,Null
1768311,5913868,341,,523000,0,,0,2,,Null,2008/2009,GOSSAMER DRIVE,PAKURANGA ROAD,,Non-Injury Crash,No,2009,,North,,0,,Flat,,,,,,Bright sun,690700,0,0,0,3,,,0,,,,,,Auckland Region,Nil,2-way,Sealed,,0,0,,50,,Null,0,0,,76,Auckland,Give way,,,,,0,0,Urban,0,,,Fine,Null
1854739,5872702,342,,534200,0,0,0,0,0,North,2009/2010,SH 25,WAIHARAKEKE RIV BR,,Non-Injury Crash,Yes,2009,0,South,0,0,1,Hill Road,0,,0,,0,Bright sun,1082701,0,0,0,2,0,0,0,0,0,,0,0,Waikato Region,Nil,2-way,Sealed,0,0,0,0,100,0,Null,0,0,,12,Hauraki District,Unknown,0,0,0,0,1,0,Open,0,0,0,Fine,Null
1766645,5899897,343,,524713,0,,0,2,,Null,2009/2010,WEYMOUTH ROAD,GLENVEAGH PARK DRIVE,,Non-Injury Crash,No,2009,,West,,0,,Flat,,,,,,Overcast,775805,0,0,0,2,,,0,,,,,,Auckland Region,Nil,2-way,Sealed,,0,0,,50,,Off,0,0,,76,Auckland,Give way,,,,,0,0,Urban,0,,,Fine,Null
1771820,5913041,344,,523102,0,0,0,2,0,West,2008/2009,MEADOWLAND DRIVE,CLYDESDALE AVENUE,,Non-Injury Crash,No,2009,0,West,0,0,0,Flat,0,,0,,0,Overcast,711005,0,0,0,2,0,0,0,0,1,,0,0,Auckland Region,Nil,2-way,Sealed,0,0,0,0,50,0,Null,0,0,,76,Auckland,Unknown,0,0,0,0,0,0,Urban,0,0,0,Fine,Null
1754129,5929613,345,,508420,0,0,0,1,0,East,2008/2009,ELLICE ROAD,GIRRAHWEEN DRIVE,,Non-Injury Crash,No,2009,0,East,0,0,0,Flat,0,,0,,0,Bright sun,182705,0,0,0,2,0,0,0,0,1,,0,0,Auckland Region,Nil,2-way,Sealed,0,0,0,0,50,0,Off,0,0,,76,Auckland,Nil,0,0,0,0,0,0,Urban,1,0,0,Fine,Null
1883921,5774051,346,,540410,0,,0,2,,North,2008/2009,TAREWA ROAD,SH 30A,,Non-Injury Crash,No,2009,,South,,0,,Flat,,,,,,Overcast,1231900,0,0,0,2,,,0,,,,,,Bay of Plenty Region,Nil,2-way,Sealed,,0,0,,50,,Null,0,0,,24,Rotorua District,Stop,,,,,0,0,Urban,0,,,Fine,Null
1850315,5765705,347,,535340,0,0,0,1,0,Null,2008/2009,MAY ST,BILLAH ST,,Non-Injury Crash,No,2009,0,South,0,0,0,Flat,0,,0,,0,Dark,1141500,0,0,0,2,0,0,0,0,0,,0,0,Waikato Region,Nil,2-way,Sealed,0,0,0,0,50,0,On,0,0,,19,South Waikato District,Give way,1,0,0,0,0,0,Urban,0,0,0,Light rain,Null
1790663,5840061,348,,527402,0,0,0,2,0,Null,2009/2010,TAINUI BRIDGE ROAD,SH 1N,,Non-Injury Crash,No,2009,0,North,0,0,0,Flat,0,,0,,0,Dark,947100,0,0,0,2,0,0,0,0,0,,0,0,Waikato Region,Nil,2-way,Sealed,0,0,0,0,70,0,On,0,0,,13,Waikato District,Traffic Signals,0,0,0,1,0,0,Urban,0,0,0,Fine,Null
1749860,5914114,349,,511303,0,0,0,2,0,West,2008/2009,HUGH BROWN DRIVE,DELTA AVENUE,,Non-Injury Crash,No,2009,0,West,0,0,0,Flat,0,,0,,0,Dark,266403,0,0,0,2,0,0,0,0,1,,0,0,Auckland Region,Nil,2-way,Sealed,0,0,0,0,50,0,On,0,0,,76,Auckland,Unknown,0,0,0,0,0,0,Urban,0,0,0,Fine,Null
1767111,5905524,350,,524603,0,,0,2,,Null,2009/2010,GREAT SOUTH ROAD,REAGAN ROAD,,Non-Injury Crash,No,2009,,North,,0,,Flat,,,,,,Dark,780205,0,0,0,6,,,0,,,,,,Auckland Region,Nil,2-way,Sealed,,0,0,,50,,On,0,0,,76,Auckland,Traffic Signals,,,,,0,0,Urban,0,,,Fine,Null
1768217,5902441,351,,524602,0,,0,2,,East,2008/2009,ORAMS ROAD,GREAT SOUTH ROAD,,Non-Injury Crash,No,2009,,West,,0,,Flat,,,,,,Dark,780700,0,0,0,2,,,0,,,,,,Auckland Region,Nil,2-way,Sealed,,0,0,,50,,On,0,0,,76,Auckland,Traffic Signals,,,,,0,0,Urban,0,,,Fine,Null
1753919,5924820,352,,510500,0,,0,2,,North,2008/2009,BIRKENHEAD AVENUE,ONEWA ROAD,,Non-Injury Crash,No,2009,,South,,0,,Flat,,,,,,Dark,355800,0,0,0,2,,,0,,,,,,Auckland Region,Nil,2-way,Sealed,,0,0,,50,,On,0,0,,76,Auckland,Traffic Signals,,,,,0,0,Urban,0,,,Heavy rain,Null
1717320,6038305,353,,502005,0,0,0,1,0,South,2009/2010,SH 1N,PORTLAND ROAD,,Non-Injury Crash,Yes,2009,1,North,0,0,0,Flat,0,,0,,0,Overcast,74601,0,0,0,2,0,0,0,0,0,,0,0,Northland Region,Nil,2-way,Sealed,0,0,0,0,100,0,None,0,0,,2,Whangarei District,Nil,0,0,0,0,0,0,Open,0,0,0,Fine,Null
1776296,5911016,354,,523202,0,,0,1,,Null,2009/2010,CLIFTON ROAD,POTTS ROAD,,Non-Injury Crash,No,2009,,North,,0,,Flat,,,,,,Bright sun,718202,0,0,0,2,,,0,,,,,,Auckland Region,Nil,2-way,Sealed,,0,0,,50,,Off,0,0,,76,Auckland,Give way,,,,,1,0,Urban,0,,,Fine,Null
1928910,5782109,355,,542540,0,0,0,1,0,North,2009/2010,SH 34,ONEPU SPRING ROAD,,Non-Injury Crash,Yes,2009,0,South,0,0,1,Flat,0,,0,,0,Overcast,1324602,0,0,0,2,0,0,0,0,0,,0,0,Bay of Plenty Region,Nil,2-way,Sealed,0,0,0,0,100,0,Null,0,0,,25,Whakatane District,Unknown,0,0,0,1,0,0,Open,0,0,0,Light rain,Null