X,Y,OBJECTID,advisorySpeed,areaUnitID,bicycle,bridge,bus,carStationWagon,cliffBank,crashDirectionDescription,crashFinancialYear,crashLocation1,crashLocation2,crashRoadSideRoad,crashSeverity,crashSHDescription,crashYear,debris,directionRoleDescription,ditch,fatalCount,fence,flatHill,guardRail,holiday,houseOrBuilding,intersection,kerb,light,meshblockId,minorInjuryCount,moped,motorcycle,NumberOfLanes,objectThrownOrDropped,otherObject,otherVehicleType,overBank,parkedVehicle,pedestrian,phoneBoxEtc,postOrPole,region,roadCharacter,roadLane,roadSurface,roadworks,schoolBus,seriousInjuryCount,slipOrFlood,speedLimit,strayAnimal,streetLight,suv,taxi,temporarySpeedLimit,tlaId,tlaName,trafficControl,trafficIsland,trafficSign,train,tree,truck,unknownVehicleType,urban,vanOrUtility,vehicle,waterRiver,weatherA,weatherB
1758939,5913155,428,,519820,0,0,0,2,0,South,2008/2009,ONEHUNGA MALL,MOUNT SMART ROAD,,Non-Injury Crash,No,2009,0,South,0,0,0,Flat,0,,0,,0,Dark,599100,0,0,0,2,0,0,0,0,1,,0,0,Auckland Region,Nil,2-way,Sealed,0,0,0,0,50,0,On,0,0,,76,Auckland,Unknown,0,0,0,0,0,0,Urban,0,0,0,Light rain,Null
1818823,5827657,429,,534500,0,0,0,0,0,South,2009/2010,SH 26,PIAKO ROAD,,Non-Injury Crash,Yes,2009,0,South,0,0,0,Flat,0,,0,,0,Dark,1091100,0,0,0,2,0,0,0,0,0,,0,0,Waikato Region,Nil,2-way,Sealed,0,0,0,0,100,0,None,1,0,,15,Matamata-Piako District,Unknown,0,0,0,0,0,0,Open,0,0,0,Fine,Null
1758297,5917714,430,,515700,0,,0,3,,South,2008/2009,SH 1N,GILLIES OFF SBD,,Non-Injury Crash,Yes,2009,,South,,0,,Flat,,,,,,Overcast,443300,0,0,0,3,,,0,,,,,,Auckland Region,Bridge,1-way,Sealed,,0,0,,100,,Off,0,0,,76,Auckland,Nil,,,,,0,0,Open,0,,,Light rain,Null
1566758,5205559,431,,586306,0,0,0,1,0,Null,2008/2009,BLACKETT STREET,KING ST,,Minor Crash,No,2009,0,West,0,0,0,Flat,0,,0,,0,Dark,2443500,1,0,0,1,0,0,0,0,0,,0,1,Canterbury Region,Nil,2-way,Sealed,0,0,0,0,50,0,On,0,0,,59,Waimakariri District,Give way,0,0,0,0,0,0,Urban,0,0,0,Fine,Null
1744191,5914752,432,,513013,0,,0,1,,Null,2009/2010,PARRS CROSS ROAD,PINE AVENUE E,,Non-Injury Crash,No,2009,,West,,0,,Hill Road,,,,,,Overcast,281300,0,0,0,2,,,0,,,,,,Auckland Region,Nil,2-way,Sealed,,0,0,,50,,Null,0,0,,76,Auckland,Stop,,,,,0,0,Urban,1,,,Light rain,Null
1755377,5930356,433,,508520,0,,0,2,,North,2009/2010,SUNNYNOOK ROAD,BECROFT DRIVE,,Non-Injury Crash,No,2009,,East,,0,,Flat,,,,,,Bright sun,192800,0,0,0,2,,,0,,,,,,Auckland Region,Nil,2-way,Sealed,,0,0,,50,,Null,0,0,,76,Auckland,Stop,,,,,0,0,Urban,0,,,Fine,Null
1765735,5906736,434,,522301,0,,0,2,,Null,2009/2010,SUTTON CRESCENT,GREAT SOUTH ROAD,,Non-Injury Crash,No,2009,,North,,0,,Flat,,,,,,Dark,667500,0,0,0,3,,,0,,,,,,Auckland Region,Nil,2-way,Sealed,,0,0,,50,,On,0,0,,76,Auckland,Traffic Signals,,,,,0,0,Urban,0,,,Fine,Null
1801817,5815063,435,,530200,0,,0,1,,Null,2008/2009,GREY ST,BEALE ST,,Non-Injury Crash,No,2009,,North,,0,,Flat,,,,,,Overcast,896800,0,0,0,2,,,0,,,,,,Waikato Region,Nil,2-way,Sealed,,0,0,,50,,Null,0,0,,16,Hamilton City,Give way,,,,,0,0,Urban,1,,,Mist or Fog,Null
1258560,5115127,436,,585325,0,0,0,0,0,North,2009/2010,HAAST JACKSON BAY ROAD,ARAWHATA RIV BR,,Minor Crash,No,2009,0,South,0,0,0,Flat,0,,0,,0,Dark,2416500,1,0,0,2,0,0,0,0,0,,0,0,West Coast Region,Nil,2-way,Sealed,0,0,0,0,100,0,None,0,0,,57,Westland District,Unknown,0,0,0,1,0,0,Open,1,0,0,Fine,Null
2035875,5709113,437,,544600,0,0,0,1,0,South,2008/2009,STANLEY ROAD,SCHOOL ROAD,,Non-Injury Crash,No,2009,0,East,0,0,0,Flat,0,,0,,0,Dark,1369500,0,0,0,2,0,0,0,0,1,,0,0,Gisborne Region,Nil,2-way,Sealed,0,0,0,0,50,0,On,0,0,,28,Gisborne District,Nil,0,0,0,0,0,0,Urban,1,0,0,Fine,Null
1759265,5906547,438,,524200,0,,0,2,,Null,2008/2009,KIRKBRIDE ROAD,SH 20A,,Non-Injury Crash,Yes,2009,,East,,0,,Flat,,,,,,Dark,726400,0,0,0,2,,,0,,,,,,Auckland Region,Nil,2-way,Sealed,,0,0,,50,,On,0,0,,76,Auckland,Traffic Signals,,,,,0,0,Urban,0,,,Light rain,Null
1758111,5920471,439,,514103,0,,0,2,,North,2009/2010,ANZAC AVENUE,PARLIAMENT ST,,Non-Injury Crash,No,2009,,North,,0,,Hill Road,,,,,,Bright sun,438406,0,0,0,4,,,0,,,,,,Auckland Region,Nil,2-way,Sealed,,0,0,,50,,Off,0,0,,76,Auckland,Nil,,,,,0,0,Urban,0,,,Fine,Null
1763940,5910045,440,,521901,0,0,0,2,0,South,2009/2010,GREAT SOUTH ROAD,PRINCES ST,,Non-Injury Crash,No,2009,0,East,0,0,0,Flat,0,,0,,0,Bright sun,782600,0,0,0,2,0,0,0,0,1,,0,0,Auckland Region,Nil,2-way,Sealed,0,0,0,0,50,0,None,0,0,,76,Auckland,Nil,0,0,0,0,0,0,Urban,0,0,0,Fine,Null
1745473,5920553,441,,513301,0,,1,1,,North,2008/2009,LINCOLN ROAD,TRIANGLE ROAD,,Non-Injury Crash,No,2009,,North,,0,,Flat,,,,,,Bright sun,230301,0,0,0,2,,,0,,,,,,Auckland Region,Nil,2-way,Sealed,,0,0,,50,,Null,0,0,,76,Auckland,Unknown,,,,,0,0,Urban,0,,,Fine,Null
1757103,5927076,442,,507900,0,,0,2,,North,2008/2009,TAHAROTO ROAD,DOMINION ST,,Non-Injury Crash,No,2009,,South,,0,,Flat,,,,,,Overcast,303800,0,0,0,6,,,0,,,,,,Auckland Region,Nil,2-way,Sealed,,0,0,,50,,Off,0,0,,76,Auckland,Nil,,,,,0,0,Urban,0,,,Fine,Null
1797455,5815189,443,,528601,0,0,0,2,0,Null,2009/2010,COURTNEY AVENUE,ABERDEEN DRIVE,,Non-Injury Crash,No,2009,0,North,0,0,0,Flat,0,,0,,0,Bright sun,919700,0,0,0,2,0,0,0,0,0,,0,0,Waikato Region,Nil,2-way,Sealed,0,0,0,0,50,0,Off,0,0,,16,Hamilton City,Give way,0,0,0,0,0,0,Urban,0,1,0,Fine,Null
1876745,5818523,444,,537601,0,,0,1,,West,2008/2009,SH 29,OROPI ROAD,,Non-Injury Crash,Yes,2009,,West,,0,,Flat,,,,,,Bright sun,1177500,0,0,1,2,,,0,,,,,,Bay of Plenty Region,Nil,2-way,Sealed,,0,0,,100,,Null,0,0,,23,Tauranga City,Give way,,,,,0,0,Open,0,,,Fine,Null
1756108,5923769,445,,509800,0,,0,1,,South,2008/2009,SH 1N,NORTHERN BUSWAY,,Non-Injury Crash,Yes,2009,,South,,0,,Hill Road,,,,,,Dark,358800,0,0,0,3,,,0,,,,,,Auckland Region,Bridge,1-way,Sealed,,0,0,,80,,On,1,0,,76,Auckland,Nil,,,,,0,0,Open,0,,,Heavy rain,Null
1297278,4894047,446,,610033,0,0,0,1,1,Null,2009/2010,SH 90,DYNES ROAD WEST,,Minor Crash,Yes,2009,0,West,0,0,0,Flat,0,,0,,0,Dark,3003402,1,0,0,2,0,0,0,0,0,,0,0,Southland Region,Nil,2-way,Sealed,0,0,0,0,100,0,None,0,0,,74,Gore District,Nil,0,0,0,0,0,0,Open,0,0,0,Light rain,Null
1750380,5913767,447,,511303,0,,0,2,,Null,2009/2010,CLARK ST,WARD ST,,Non-Injury Crash,No,2009,,South,,0,,Flat,,,,,,Overcast,265100,0,0,0,4,,,0,,,,,,Auckland Region,Nil,2-way,Sealed,,0,0,,50,,Off,0,0,,76,Auckland,Give way,,,,,0,0,Urban,0,,,Fine,Null
1745488,5916684,448,,510800,0,0,0,2,0,West,2008/2009,CRANWELL ST,CATHERINE ST,,Non-Injury Crash,No,2009,0,East,0,0,0,Flat,0,,0,,0,Overcast,243200,0,0,0,2,0,0,0,0,1,,0,0,Auckland Region,Nil,2-way,Sealed,0,0,0,0,50,0,Off,0,0,,76,Auckland,Nil,0,0,0,0,0,0,Urban,1,0,0,Light rain,Null
1789911,5762930,449,,531731,0,0,0,0,1,South,2008/2009,SH 3,MANGARINO ROAD,,Non-Injury Crash,Yes,2009,0,South,0,0,0,Flat,0,,0,,0,Dark,1020800,0,0,0,2,0,0,0,0,0,,0,0,Waikato Region,Nil,2-way,Sealed,0,0,0,0,100,0,None,1,0,,20,Waitomo District,Unknown,0,0,0,0,0,0,Open,0,0,0,Fine,Null
1698750,6076032,450,,501620,0,,0,1,,North,2008/2009,SH 1N,CALLAGHAN ROAD,,Non-Injury Crash,Yes,2009,,South,,0,,Flat,,,,,,Dark,45100,0,0,0,2,,,0,,,,,,Northland Region,Nil,2-way,Sealed,,0,0,,100,,None,0,0,,1,Far North District,Unknown,,,,,0,0,Open,0,,,Heavy rain,Null
1568063,5178271,451,,594800,0,,0,2,,Null,2008/2009,SH 76,LINCOLN ROAD OBR,,Fatal Crash,Yes,2009,,East,,1,,Flat,,,,,,Twilight,2638600,1,0,0,2,,,0,,,,,,Canterbury Region,Bridge,2-way,Sealed,,0,0,,100,,Off,0,0,,60,Christchurch City,Unknown,,,,,0,0,Open,0,,,Fine,Null
1772754,5915091,452,,521501,0,0,0,1,0,West,2008/2009,SELWYN ROAD,SALE ST,,Non-Injury Crash,No,2009,0,West,0,0,0,Hill Road,0,,0,,0,Dark,652200,0,0,0,2,0,0,0,0,0,,1,0,Auckland Region,Nil,2-way,Sealed,0,0,0,0,50,0,On,0,0,,76,Auckland,Give way,0,0,0,0,0,0,Urban,0,0,0,Light rain,Null
1795250,5810675,453,,527820,0,0,0,0,0,North,2009/2010,TUHIKARAMEA ROAD,KOROMATUA ROAD,,Non-Injury Crash,No,2009,0,North,0,0,1,Flat,0,,0,,0,Overcast,979604,0,0,0,2,0,0,0,0,0,,0,0,Waikato Region,Nil,2-way,Sealed,0,0,0,0,100,0,Off,0,0,,16,Hamilton City,Nil,0,0,0,0,0,0,Open,1,0,0,Fine,Null
1767059,5910536,454,,523112,0,,0,2,,South,2009/2010,HIGHBROOK DRIVE,BUSINESS PARADE SOUTH,,Non-Injury Crash,No,2009,,North,,0,,Flat,,,,,,Bright sun,711301,0,0,0,4,,,0,,,,,,Auckland Region,Nil,2-way,Sealed,,0,0,,50,,Off,0,0,,76,Auckland,Traffic Signals,,,,,0,0,Urban,0,,,Fine,Null
1757448,5918760,455,,514302,0,0,0,1,0,North,2009/2010,SH 1N,MOUNTAIN OBR,,Non-Injury Crash,Yes,2009,0,South,0,0,0,Flat,1,,0,,0,Dark,442500,0,0,0,4,0,0,0,0,0,,0,0,Auckland Region,Nil,1-way,Sealed,0,0,0,0,80,0,On,0,0,,76,Auckland,Unknown,0,0,0,0,0,0,Open,0,0,0,Light rain,Null
1767639,5910391,456,,523112,0,,0,1,,Null,2008/2009,HIGHBROOK ROAD,RA ORA DRIVE,,Non-Injury Crash,No,2009,,West,,0,,Flat,,,,,,Dark,711405,0,0,0,4,,,0,,,,,,Auckland Region,Nil,2-way,Sealed,,0,0,,70,,On,0,0,,76,Auckland,Give way,,,,,1,0,Urban,0,,,Heavy rain,Null
1762046,5920736,457,,516400,0,0,0,1,0,West,2009/2010,TAMAKI DRIVE,HAPIMANA ST,,Non-Injury Crash,No,2009,0,East,0,0,0,Flat,0,,0,,0,Dark,498700,0,0,0,2,0,0,0,0,0,,0,0,Auckland Region,Nil,2-way,Sealed,0,0,0,0,50,0,On,1,0,,76,Auckland,Nil,1,0,0,0,0,0,Urban,0,0,0,Light rain,Null
1682166,6021372,458,,504502,0,0,0,1,0,West,2008/2009,ARAPOHUE ROAD,ROWLAND ROAD,,Non-Injury Crash,No,2009,0,West,0,0,0,Hill Road,0,,0,,0,Dark,122100,0,0,0,2,0,0,0,0,0,,0,0,Northland Region,Nil,2-way,Sealed,0,0,0,0,100,0,None,0,0,,3,Kaipara District,Nil,0,0,0,1,0,0,Open,0,0,0,Heavy rain,Null
1757204,5925972,459,,507900,0,0,0,1,0,South,2008/2009,ESMONDE ON SBD,ESMONDE ROAD,,Non-Injury Crash,Yes,2009,0,South,0,0,0,Flat,1,,0,,0,Bright sun,304000,0,0,0,2,0,0,0,0,0,,0,0,Auckland Region,Motorway ramp,1-way,Sealed,0,0,0,0,50,0,Off,0,0,,76,Auckland,Nil,0,0,0,0,0,0,Urban,0,0,0,Fine,Null
1867980,5712665,460,,541720,0,,0,0,,North,2008/2009,KAKA ST,HUIA ST,,Non-Injury Crash,No,2009,,North,,0,,Flat,,,,,,Overcast,1268400,0,0,0,2,,,0,,,,,,Waikato Region,Nil,2-way,Sealed,,0,0,,50,,Null,1,0,,21,Taupo District,Nil,,,,,0,0,Urban,1,,,Fine,Null
1283628,5140393,461,,585325,0,,0,1,,North,2008/2009,SH 6,HAAST RIV BR N ABUT,,Minor Crash,Yes,2009,,North,,0,,Flat,,,,,,Bright sun,2416700,1,0,0,2,,,0,,,,,,West Coast Region,Nil,2-way,Sealed,,0,0,,100,,Null,0,0,,57,Westland District,Unknown,,,,,0,0,Open,0,,,Fine,Null
1763951,5909928,462,,521901,0,,0,0,,West,2009/2010,STATION ROAD,GREAT SOUTH ROAD,,Non-Injury Crash,No,2009,,East,,0,,Flat,,,,,,Bright sun,784200,0,0,0,2,,,0,,,,,,Auckland Region,Nil,2-way,Sealed,,0,0,,50,,Off,0,0,,76,Auckland,Nil,,,,,1,0,Urban,1,,,Fine,Null
1758210,5918712,463,,517400,0,0,0,2,0,North,2009/2010,GEORGE ST,CARLTON GORE ROAD,,Non-Injury Crash,No,2009,0,North,0,0,0,Hill Road,0,,0,,0,Dark,450400,0,0,0,2,0,0,0,0,1,,0,0,Auckland Region,Nil,2-way,Sealed,0,0,0,0,50,0,On,0,0,,76,Auckland,Unknown,0,0,0,0,0,0,Urban,0,0,0,Fine,Null
1756035,5918620,464,,515500,0,,0,2,,West,2009/2010,SH 16,NEWTON OBR,,Non-Injury Crash,Yes,2009,,West,,0,,Flat,,,,,,Dark,418700,0,0,0,4,,,0,,,,,,Auckland Region,Nil,2-way,Sealed,,0,0,,100,,On,0,0,,76,Auckland,Nil,,,,,0,0,Open,0,,,Fine,Null
1737836,5910220,465,45,513800,0,0,0,1,1,East,2008/2009,PIHA ROAD,ANAWHATA ROAD,,Non-Injury Crash,No,2009,0,West,0,0,0,Flat,0,,0,,0,Bright sun,281902,0,0,0,2,0,0,0,0,0,,0,0,Auckland Region,Nil,2-way,Sealed,0,0,0,0,100,0,Null,0,0,,76,Auckland,Unknown,0,0,0,1,0,0,Open,0,0,0,Fine,Null
1571550,5184147,466,,592701,0,0,0,1,0,Null,2008/2009,INNES ROAD,HILLS ROAD,,Minor Crash,No,2009,0,East,0,0,0,Flat,0,,0,,0,Overcast,2593600,1,0,0,3,0,0,0,0,0,,0,0,Canterbury Region,Nil,2-way,Sealed,0,0,0,0,50,0,Null,0,0,,60,Christchurch City,Traffic Signals,0,1,0,0,0,0,Urban,0,0,0,Fine,Null
1755388,5928957,467,,508320,0,,0,2,,Null,2009/2010,TRISTRAM AVENUE,WAIRAU ROAD,,Non-Injury Crash,No,2009,,South,,0,,Flat,,,,,,Overcast,196700,0,0,0,4,,,0,,,,,,Auckland Region,Nil,2-way,Sealed,,0,0,,50,,Null,0,0,,76,Auckland,Traffic Signals,,,,,1,0,Urban,1,,,Fine,Null
1762480,5903638,468,,524604,0,,0,2,,Null,2009/2010,SH 20B,CAMPANA ROAD,,Non-Injury Crash,Yes,2009,,East,,0,,Flat,,,,,,Dark,781100,0,0,0,2,,,0,,,,,,Auckland Region,Nil,2-way,Sealed,,0,0,,100,,On,0,0,,76,Auckland,Nil,,,,,0,0,Open,0,,,Fine,Null
1799238,5815639,469,,528900,0,,0,2,,Null,2008/2009,EMPIRE ST,LAKE ROAD,,Non-Injury Crash,No,2009,,North,,0,,Flat,,,,,,Dark,913000,0,0,0,2,,,0,,,,,,Waikato Region,Nil,2-way,Sealed,,0,0,,50,,On,0,0,,16,Hamilton City,Give way,,,,,0,0,Urban,0,,,Light rain,Null
1800735,5814935,470,,529700,0,0,0,2,0,Null,2009/2010,COLLINGWOOD ST,TRISTRAM ST,,Non-Injury Crash,No,2009,0,West,0,0,0,Flat,0,,0,,0,Overcast,911600,0,0,0,2,0,0,0,0,1,,0,0,Waikato Region,Nil,2-way,Sealed,0,0,0,0,50,0,Off,0,0,,16,Hamilton City,Give way,0,0,0,0,0,0,Urban,0,0,0,Light rain,Null
1756762,5918853,471,,514200,0,,0,1,,Null,2008/2009,NEWTON ROAD,UPPER QUEEN ST,,Non-Injury Crash,No,2009,,East,,0,,Hill Road,,,,,,Overcast,412700,0,0,0,4,,,0,,,,,,Auckland Region,Nil,2-way,Sealed,,0,0,,50,,Null,0,0,,76,Auckland,Give way,,,,,1,0,Urban,0,,,Fine,Null
1749935,5946262,472,,506001,0,0,0,2,0,South,2009/2010,SILVERDALE ST,CURLEY AVENUE,,Non-Injury Crash,No,2009,0,South,0,0,0,Flat,0,,0,,0,Overcast,175400,0,0,0,2,0,0,0,0,1,,0,0,Auckland Region,Nil,2-way,Sealed,0,0,0,0,50,0,Off,0,0,,76,Auckland,Nil,0,0,0,0,0,0,Urban,0,0,0,Light rain,Null
1764194,5910135,473,,521801,0,,0,2,,East,2009/2010,PRINCES ST,ATKINSON AVENUE,,Non-Injury Crash,No,2009,,East,,0,,Flat,,,,,,Dark,786802,0,0,0,4,,,0,,,,,,Auckland Region,Nil,2-way,Sealed,,0,0,,50,,On,0,0,,76,Auckland,Give way,,,,,0,0,Urban,0,,,Fine,Null
1869430,5713309,474,,541730,0,0,0,0,0,South,2008/2009,TAHAREPA ROAD,HATEPE AVENUE,,Non-Injury Crash,No,2009,0,North,0,0,0,Hill Road,0,,0,,0,Bright sun,1270700,0,0,0,2,0,0,0,0,0,,0,1,Waikato Region,Nil,2-way,Sealed,0,0,0,0,50,0,Null,1,0,,21,Taupo District,Unknown,0,0,0,0,0,0,Urban,0,0,0,Fine,Null
1768612,5900716,475,,525001,0,,0,2,,Null,2008/2009,WEYMOUTH ROAD,ROGERS ROAD,,Non-Injury Crash,No,2009,,West,,0,,Flat,,,,,,Dark,752100,0,0,0,1,,,0,,,,,,Auckland Region,Nil,2-way,Sealed,,0,0,,30,,On,0,0,,76,Auckland,Give way,,,,,0,0,Urban,0,,,Light rain,Null
1243483,4850331,476,,611100,0,,0,2,,Null,2008/2009,QUEENS DRIVE,GALA ST,,Minor Crash,No,2009,,East,,0,,Flat,,,,,,Dark,3134800,1,0,0,4,,,0,,,,,,Southland Region,Nil,2-way,Sealed,,0,0,,50,,On,0,0,,75,Invercargill City,Traffic Signals,,,,,0,0,Urban,0,,,Fine,Null
1749827,5430701,477,,574500,0,,0,2,,South,2008/2009,HUTT ROAD,SCHOOL ROAD,,Non-Injury Crash,No,2009,,North,,0,,Flat,,,,,,Bright sun,2093600,0,0,0,4,,,0,,,,,,Wellington Region,Nil,2-way,Sealed,,0,0,,60,,Null,0,0,,47,Wellington City,Nil,,,,,0,0,Urban,0,,,Fine,Null
1768674,5909746,478,,523113,0,,0,1,,East,2009/2010,SMALES ROAD,HARRIS ROAD,,Non-Injury Crash,No,2009,,West,,0,,Flat,,,,,,Bright sun,711809,0,0,0,2,,,0,,,,,,Auckland Region,Nil,2-way,Sealed,,0,0,,70,,Off,0,0,,76,Auckland,Nil,,,,,1,0,Urban,0,,,Fine,Null
1800911,5811696,479,,529300,0,,0,1,,Null,2009/2010,SH 3,TOMIN ROAD,,Non-Injury Crash,Yes,2009,,North,,0,,Flat,,,,,,Dark,926700,0,0,0,2,,,0,,,,,,Waikato Region,Nil,2-way,Sealed,,0,0,,60,,On,0,0,,16,Hamilton City,Give way,,,,,0,0,Urban,1,,,Light rain,Null
1852635,5807755,480,,535231,0,0,0,1,0,North,2009/2010,OLD TE AROHA ROAD,SH 24,,Non-Injury Crash,No,2009,0,South,0,0,1,Hill Road,0,,0,,0,Bright sun,1113500,0,0,0,2,0,0,0,0,0,,0,0,Waikato Region,Nil,2-way,Sealed,0,0,0,0,100,0,None,0,0,,15,Matamata-Piako District,Nil,0,0,0,1,0,0,Open,0,0,0,Fine,Null
1254332,4860779,481,,610061,0,,0,1,,Null,2008/2009,SH 98,GROVE BUSH-WOODLANDS HIGH,,Minor Crash,Yes,2009,,North,,0,,Flat,,,,,,Bright sun,3089400,1,0,0,2,,,0,,,,,,Southland Region,Nil,2-way,Sealed,,0,0,,100,,Null,1,0,,73,Southland District,Stop,,,,,0,0,Open,0,,,Fine,Null
1925363,5802333,482,,542530,0,0,0,0,0,West,2009/2010,SH 2,HEREPURU ROAD,,Non-Injury Crash,Yes,2009,0,West,0,0,0,Flat,0,,0,,0,Dark,1325500,0,0,0,2,0,1,0,1,0,,0,0,Bay of Plenty Region,Nil,2-way,Sealed,0,0,0,0,100,0,None,1,0,,25,Whakatane District,Unknown,0,0,0,0,0,0,Open,0,0,0,Fine,Null
1764003,5912084,483,,520500,0,,0,2,,Null,2009/2010,MOUNT WELLINGTON HIGHWAY,CLEMOW DRIVE,,Non-Injury Crash,No,2009,,East,,0,,Flat,,,,,,Bright sun,639500,0,0,0,3,,,0,,,,,,Auckland Region,Nil,2-way,Sealed,,0,0,,50,,Null,0,0,,76,Auckland,Give way,,,,,0,0,Urban,0,,,Fine,Null
1822318,5877858,484,,533902,0,,0,2,,East,2009/2010,SH 25,BUSH ROAD,,Non-Injury Crash,Yes,2009,,East,,0,,Flat,,,,,,Bright sun,1062000,0,0,0,2,,,0,,,,,,Waikato Region,Nil,2-way,Sealed,,0,0,,100,,Null,0,0,,12,Hauraki District,Unknown,,,,,0,0,Open,0,,,Fine,Null
1773040,5896690,485,,525420,0,,0,2,,South,2008/2009,PRICTOR ST,VERNON ST,,Non-Injury Crash,No,2009,,North,,0,,Flat,,,,,,Dark,792900,0,0,0,2,,,0,,,,,,Auckland Region,Nil,2-way,Sealed,,0,0,,50,,On,0,0,,76,Auckland,Unknown,,,,,0,0,Urban,0,,,Fine,Null
1747965,5912510,486,,511902,0,,0,2,,Null,2008/2009,PLEASANT ROAD,TITIRANGI ROAD,,Non-Injury Crash,No,2009,,East,,0,,Hill Road,,,,,,Bright sun,292103,0,0,0,2,,,0,,,,,,Auckland Region,Nil,2-way,Sealed,,0,0,,50,,Off,0,0,,76,Auckland,Traffic Signals,,,,,0,0,Urban,0,,,Fine,Null
1774206,5896539,487,,525610,0,,0,2,,East,2009/2010,SHEEHAN AVENUE,KELVIN ROAD,,Non-Injury Crash,No,2009,,East,,0,,Flat,,,,,,Bright sun,798400,0,0,0,2,,,0,,,,,,Auckland Region,Nil,2-way,Sealed,,0,0,,50,,Off,0,0,,76,Auckland,Nil,,,,,0,0,Urban,0,,,Fine,Null
1895388,5584452,488,,549200,0,0,0,0,1,South,2008/2009,SH 50,TIKOKINO ROAD,,Non-Injury Crash,Yes,2009,0,South,0,0,0,Hill Road,0,,0,,0,Overcast,1513100,0,0,0,2,0,0,0,0,0,,0,0,Hawke's Bay Region,Nil,2-way,Sealed,0,0,0,0,100,0,Null,0,0,,32,Central Hawke's Bay District,Nil,0,0,0,0,1,0,Open,0,0,0,Light rain,Null
1768114,5907826,489,,523602,0,,0,2,,West,2009/2010,EAST TAMAKI ROAD,PRESTON ROAD,,Non-Injury Crash,No,2009,,West,,0,,Flat,,,,,,Bright sun,710100,0,0,0,5,,,0,,,,,,Auckland Region,Nil,2-way,Sealed,,0,0,,60,,Off,0,0,,76,Auckland,Nil,,,,,0,0,Urban,0,,,Fine,Null
1766711,5913324,490,,522820,0,,0,1,,East,2009/2010,PAKURANGA ROAD,KENTIGERN CLOSE,,Non-Injury Crash,No,2009,,West,,0,,Hill Road,,,,,,Overcast,694800,0,0,0,6,,,0,,,,,,Auckland Region,Nil,2-way,Sealed,,0,0,,60,,Off,0,0,,76,Auckland,Nil,,,,,0,0,Urban,1,,,Fine,Null
1813137,5871193,491,,533901,0,,0,1,,North,2008/2009,SH 2,MAHUTA ROAD NORTH,,Non-Injury Crash,Yes,2009,,East,,0,,Flat,,,,,,Bright sun,1069100,0,0,1,2,,,0,,,,,,Waikato Region,Nil,2-way,Sealed,,0,0,,100,,Null,0,0,,12,Hauraki District,Unknown,,,,,0,0,Open,0,,,Fine,Null
1843858,5674065,492,,541501,0,0,0,1,0,North,2009/2010,SH 1N,SH 46,,Non-Injury Crash,Yes,2009,0,North,0,0,0,Flat,0,,0,,0,Overcast,1288804,0,0,0,2,0,1,0,1,0,,0,0,Waikato Region,Nil,2-way,Sealed,0,0,0,0,100,0,Null,0,0,,21,Taupo District,Unknown,0,0,0,0,0,0,Open,0,0,0,Fine,Null
1728918,6016779,493,,501816,0,0,0,0,0,North,2009/2010,SH 1N,THE BRAIGH,,Non-Injury Crash,Yes,2009,0,South,0,0,0,Flat,0,,0,,0,Dark,80400,0,0,0,2,0,0,0,0,0,,0,0,Northland Region,Nil,2-way,Sealed,0,0,0,0,100,0,None,1,0,,2,Whangarei District,Nil,0,0,0,0,0,0,Open,0,0,0,Fine,Null
1755718,5916243,494,,518201,0,,0,3,,North,2009/2010,DOMINION ROAD,BALMORAL ROAD,,Non-Injury Crash,No,2009,,South,,0,,Flat,,,,,,Bright sun,552700,0,0,0,2,,,0,,,,,,Auckland Region,Nil,2-way,Sealed,,0,0,,50,,Off,1,0,,76,Auckland,Traffic Signals,,,,,0,0,Urban,0,,,Fine,Null
1720099,6045558,495,,503100,0,,0,0,,Null,2008/2009,FINLAYSON ST,DENT ST,,Non-Injury Crash,No,2009,,North,,0,,Flat,,,,,,Bright sun,101601,0,0,0,2,,,0,,,,,,Northland Region,Nil,2-way,Sealed,,0,0,,50,,Off,1,0,,2,Whangarei District,Give way,,,,,0,0,Urban,1,,,Fine,Null
1876349,5823236,496,,537301,0,,0,2,,Null,2008/2009,WAIHI ROAD,OTUMOETAI ROAD,,Non-Injury Crash,No,2009,,East,,0,,Hill Road,,,,,,Bright sun,1161107,0,0,0,2,,,0,,,,,,Bay of Plenty Region,Nil,2-way,Sealed,,0,0,,50,,Off,0,0,,23,Tauranga City,Give way,,,,,0,0,Urban,0,,,Fine,Null
1768986,5882220,497,,525910,0,,0,2,,Null,2009/2010,EDINBURGH ST,CAPE HILL ROAD,,Non-Injury Crash,No,2009,,West,,0,,Flat,,,,,,Dark,817600,0,0,0,2,,,0,,,,,,Auckland Region,Nil,2-way,Sealed,,0,0,,70,,On,0,0,,76,Auckland,Stop,,,,,0,0,Urban,0,,,Fine,Null
1756352,5924426,498,,509702,0,,0,2,,South,2009/2010,SH 1N,ONEWA OBR ON,,Non-Injury Crash,Yes,2009,,South,,0,,Flat,,,,,,Overcast,366700,0,0,0,4,,,0,,,,,,Auckland Region,Nil,1-way,Sealed,,0,0,,80,,Off,0,0,,76,Auckland,Nil,,,,,0,0,Open,0,,,Fine,Null