X,Y,OBJECTID,advisorySpeed,areaUnitID,bicycle,bridge,bus,carStationWagon,cliffBank,crashDirectionDescription,crashFinancialYear,crashLocation1,crashLocation2,crashRoadSideRoad,crashSeverity,crashSHDescription,crashYear,debris,directionRoleDescription,ditch,fatalCount,fence,flatHill,guardRail,holiday,houseOrBuilding,intersection,kerb,light,meshblockId,minorInjuryCount,moped,motorcycle,NumberOfLanes,objectThrownOrDropped,otherObject,otherVehicleType,overBank,parkedVehicle,pedestrian,phoneBoxEtc,postOrPole,region,roadCharacter,roadLane,roadSurface,roadworks,schoolBus,seriousInjuryCount,slipOrFlood,speedLimit,strayAnimal,streetLight,suv,taxi,temporarySpeedLimit,tlaId,tlaName,trafficControl,trafficIsland,trafficSign,train,tree,truck,unknownVehicleType,urban,vanOrUtility,vehicle,waterRiver,weatherA,weatherB
1763563,5907794,499,,524301,0,0,0,3,0,North,2009/2010,ROSELLA ROAD,GRAY AVENUE,,Non-Injury Crash,No,2009,0,South,0,0,0,Flat,0,,0,,0,Bright sun,748600,0,0,0,1,0,0,0,0,1,,0,0,Auckland Region,Nil,2-way,Sealed,0,0,0,0,50,0,Off,0,0,,76,Auckland,Nil,0,0,0,0,0,0,Urban,1,0,0,Fine,Null
1749769,5913389,500,,511401,0,,0,2,,West,2008/2009,MARGAN AVENUE,RANKIN AVENUE,,Non-Injury Crash,No,2009,,East,,0,,Hill Road,,,,,,Bright sun,264400,0,0,0,2,,,0,,,,,,Auckland Region,Nil,2-way,Sealed,,0,0,,50,,Off,0,0,,76,Auckland,Give way,,,,,0,0,Urban,0,,,Fine,Null
1752461,5916120,501,,517903,0,,0,1,,East,2009/2010,NEW NORTH ROAD,RICHARDSON ROAD,,Non-Injury Crash,No,2009,,East,,0,,Flat,,,,,,Dark,520400,0,0,0,4,,,0,,,,,,Auckland Region,Nil,2-way,Sealed,,0,0,,50,,On,0,0,,76,Auckland,Unknown,,,,,1,0,Urban,0,,,Fine,Null
1755454,5922115,502,,515202,0,,0,4,,North,2009/2010,SH 1N,CURRAN ON NBD,,Non-Injury Crash,Yes,2009,,North,,0,,Hill Road,,,,,,Bright sun,423600,0,0,0,3,,,0,,,,,,,Bridge,1-way,Sealed,,0,0,,80,,Off,0,0,,76,Auckland,Nil,,,,,0,0,Open,1,,,Fine,Null
1759289,5919835,503,,515902,1,,0,1,,Null,2008/2009,GLADSTONE ROAD,CANTERBURY PLACE,,Non-Injury Crash,No,2009,,North,,0,,Hill Road,,,,,,Overcast,455400,0,0,0,2,,,0,,,,,,Auckland Region,Nil,2-way,Sealed,,0,0,,50,,Off,0,0,,76,Auckland,Nil,,,,,0,0,Urban,0,,,Fine,Null
1751020,5913858,504,,514402,0,,0,2,,West,2009/2010,WOLVERTON ST,AMSTERDAM PLACE,,Non-Injury Crash,No,2009,,East,,0,,Flat,,,,,,Bright sun,381700,0,0,0,2,,,0,,,,,,Auckland Region,Nil,2-way,Sealed,,0,0,,50,,Off,0,0,,76,Auckland,Stop,,,,,0,0,Urban,0,,,Fine,Null
1756792,5919760,505,,514102,0,,0,1,,East,2009/2010,VINCENT ST,PITT ST,,Non-Injury Crash,No,2009,,East,,0,,Hill Road,,,,,,Bright sun,435100,0,0,0,2,,,0,,,,,,Auckland Region,Nil,2-way,Sealed,,0,0,,50,,Off,0,0,,76,Auckland,Nil,,,,,0,0,Urban,1,,,Fine,Null
1752212,5914238,506,,514500,0,,0,2,,East,2008/2009,TIVERTON ROAD,WHITNEY ST,,Non-Injury Crash,No,2009,,North,,0,,Flat,,,,,,Dark,374900,0,0,0,4,,,0,,,,,,Auckland Region,Nil,2-way,Sealed,,0,0,,50,,On,0,0,,76,Auckland,Unknown,,,,,0,0,Urban,0,,,Fine,Null
1767623,5913522,507,,522910,0,,0,1,,Null,2009/2010,PAKURANGA ROAD,GREENHILL CRESCENT,,Non-Injury Crash,No,2009,,West,,0,,Flat,,,,,,Bright sun,685500,0,0,0,6,,,0,,,,,,Auckland Region,Nil,2-way,Sealed,,0,0,,60,,Off,1,0,,76,Auckland,Give way,,,,,0,0,Urban,0,,,Fine,Null
1744726,5914473,508,,512903,0,,0,2,,Null,2009/2010,PARRS CROSS ROAD,LEGACY DRIVE,,Non-Injury Crash,No,2009,,West,,0,,Hill Road,,,,,,Overcast,278007,0,0,0,2,,,0,,,,,,Auckland Region,Nil,2-way,Sealed,,0,0,,50,,Off,0,0,,76,Auckland,Give way,,,,,0,0,Urban,1,,,Fine,Null
1756615,5924767,509,,509702,0,,0,2,,North,2009/2010,SH 1N,ONEWA OFF SBD,,Non-Injury Crash,Yes,2009,,South,,0,,Flat,,,,,,Bright sun,366602,0,0,0,3,,,0,,,,,,Auckland Region,Nil,1-way,Sealed,,0,0,,100,,Off,0,0,,76,Auckland,Nil,,,,,0,0,Open,0,,,Fine,Null
1831246,5864532,510,,533901,0,,0,2,,North,2008/2009,SH 2,SCHOOL ROAD,,Non-Injury Crash,Yes,2009,,South,,0,,Flat,,,,,,Overcast,1065800,0,0,0,2,,,0,,,,,,Waikato Region,Nil,2-way,Sealed,,0,0,,100,,Null,0,0,,12,Hauraki District,Unknown,,,,,0,0,Open,0,,,Heavy rain,Null
1747913,5912527,511,,511901,0,,0,2,,Null,2008/2009,PLEASANT ROAD,ATKINSON ROAD,,Non-Injury Crash,No,2009,,East,,0,,Flat,,,,,,Overcast,294401,0,0,0,2,,,0,,,,,,Auckland Region,Nil,2-way,Sealed,,0,0,,50,,Null,0,0,,76,Auckland,Give way,,,,,0,0,Urban,0,,,Fine,Null
1727897,6006691,512,,501815,0,,0,2,,North,2008/2009,SH 1N,SH 12,,Non-Injury Crash,Yes,2009,,North,,0,,Hill Road,,Easter,,,,Bright sun,81600,0,0,0,3,,,0,,,,,,Northland Region,Nil,2-way,Sealed,,0,0,,100,,None,0,0,,2,Whangarei District,Nil,,,,,0,0,Open,0,,,Fine,Null
1765471,5904991,513,,522400,0,,0,1,,Null,2008/2009,FITZROY ST,HAYWARD ROAD,,Non-Injury Crash,No,2009,,South,,0,,Flat,,,,,,Dark,673000,0,0,0,2,,,0,,,,,,Auckland Region,Nil,2-way,Sealed,,0,0,,50,,On,0,0,,76,Auckland,Nil,,,,,0,0,Urban,0,,,Fine,Null
1756073,5935120,514,,507101,0,,0,2,,West,2008/2009,ANZAC ROAD,CLYDE ROAD,,Non-Injury Crash,No,2009,,West,,0,,Flat,,,,,,Dark,161200,0,0,0,2,,,0,,,,,,Auckland Region,Nil,2-way,Sealed,,0,0,,50,,On,0,0,,76,Auckland,Nil,,,,,0,0,Urban,0,,,Light rain,Null
1857276,5803546,515,,535231,0,0,0,1,0,South,2009/2010,SH 29,SUMMIT LOOKOUT,,Non-Injury Crash,Yes,2009,0,East,0,0,0,Hill Road,1,,0,,0,Bright sun,1114500,0,0,0,3,0,0,0,0,0,,0,0,Waikato Region,Nil,2-way,Sealed,0,0,0,0,100,0,Null,0,0,,15,Matamata-Piako District,Unknown,0,0,0,0,0,0,Open,0,0,0,Light rain,Null
1751163,5915502,516,,514401,0,,0,2,,West,2009/2010,GREAT NORTH ROAD,ROSEBANK ROAD,,Non-Injury Crash,No,2009,,South,,0,,Flat,,,,,,Bright sun,381802,0,0,0,3,,,0,,,,,,Auckland Region,Nil,2-way,Sealed,,0,0,,50,,Off,0,0,,76,Auckland,Nil,,,,,0,0,Urban,0,,,Fine,Null
1871848,5779373,517,,538863,0,0,0,1,1,East,2008/2009,DANSEY ROAD,TARENA ST,,Non-Injury Crash,No,2009,0,East,0,0,0,Hill Road,0,,0,,0,Bright sun,1266300,0,0,0,2,0,0,0,0,0,,0,0,Bay of Plenty Region,Nil,2-way,Sealed,0,0,0,0,100,0,Null,0,0,,24,Rotorua District,Unknown,0,0,0,0,0,0,Open,0,0,0,Fine,Frost
1744955,5917093,518,,510800,0,,0,2,,West,2009/2010,WILSHER CRESCENT,SMYTHE ROAD E,,Non-Injury Crash,No,2009,,West,,0,,Flat,,,,,,Bright sun,241500,0,0,0,2,,,0,,,,,,Auckland Region,Nil,2-way,Sealed,,0,0,,50,,Null,0,0,,76,Auckland,Unknown,,,,,0,0,Urban,0,,,Fine,Null
1767621,5735845,519,,531720,0,0,0,0,0,South,2009/2010,SH 3,WALL ROAD,,Non-Injury Crash,Yes,2009,0,South,0,0,0,Flat,0,,0,,0,Dark,1018500,0,0,0,2,0,0,0,0,0,,0,0,Waikato Region,Nil,2-way,Sealed,0,0,0,1,100,0,None,0,0,,20,Waitomo District,Unknown,0,0,0,0,0,0,Open,1,0,0,Light rain,Null
1774927,5887439,520,,521302,0,,0,0,,North,2008/2009,SH 1N,ARARIMU OBR,,Non-Injury Crash,Yes,2009,,South,,0,,Flat,,,,,,Bright sun,809104,0,0,0,2,,,0,,,,,,Auckland Region,Nil,1-way,Sealed,,0,0,,100,,Null,0,0,,76,Auckland,Unknown,,,,,1,0,Open,1,,,Fine,Null
1757696,5944570,521,,505902,0,0,0,1,0,Null,2009/2010,WHANGAPARAOA ROAD,RAWHITI ROAD,,Non-Injury Crash,No,2009,0,North,0,0,0,Flat,0,,0,,1,Dark,174514,0,0,0,2,0,0,0,0,0,,0,0,Auckland Region,Nil,2-way,Sealed,0,0,0,0,50,0,On,1,0,,76,Auckland,Give way,0,0,0,0,0,0,Urban,0,0,0,Light rain,Null
1867641,5713215,522,,541720,0,,0,0,,Null,2009/2010,HEUHEU ST,KAIMANAWA ST,,Non-Injury Crash,No,2009,,West,,0,,Flat,,Christmas New Year,,,,Bright sun,1273400,0,0,0,2,,,0,,,,,,Waikato Region,Nil,2-way,Sealed,,0,0,,50,,Null,0,0,,21,Taupo District,Stop,,,,,0,0,Urban,2,,,Fine,Null
1805571,5786741,523,,527700,0,,0,1,,West,2008/2009,MCANDREW ST,WALMSLEY ST,,Non-Injury Crash,No,2009,,West,,0,,Flat,,,,,,Dark,990600,0,0,0,2,,,0,,,,,,Waikato Region,Nil,2-way,Sealed,,0,0,,50,,On,1,0,,17,Waipa District,Nil,,,,,0,0,Urban,0,,,Mist or Fog,Null
1446126,5086740,524,,598313,0,0,0,1,0,North,2009/2010,CLIFFS ROAD,HADLOW ROAD,,Minor Crash,No,2009,0,North,0,0,0,Hill Road,0,,0,,0,Overcast,2777801,1,0,0,2,0,0,0,0,0,,0,1,Canterbury Region,Nil,2-way,Unsealed,0,0,0,0,100,0,Null,0,0,,64,Timaru District,Unknown,0,0,0,0,0,0,Open,0,0,0,Fine,Null
1756389,5926191,525,,509702,0,0,0,1,0,East,2009/2010,COLLEGE ROAD,ST PETERS ST,,Non-Injury Crash,No,2009,0,West,0,0,0,Flat,0,,0,,0,Bright sun,364601,0,0,0,2,0,0,0,0,1,,0,0,Auckland Region,Nil,2-way,Sealed,0,0,0,0,50,0,None,0,0,,76,Auckland,Nil,0,0,0,0,0,0,Urban,1,0,0,Fine,Null
1766375,5905289,526,,522400,0,,0,1,,North,2009/2010,CARRUTH ROAD,PUHINUI ROAD,,Non-Injury Crash,No,2009,,South,,0,,Flat,,,,,,Overcast,672104,0,0,0,2,,,0,,,,,,Auckland Region,Nil,2-way,Sealed,,0,0,,50,,Off,0,0,,76,Auckland,Nil,,,,,0,0,Urban,1,,,Fine,Null
1755093,5914363,527,,518500,0,,0,1,,West,2009/2010,MOUNT ALBERT ROAD,MOUNT ROSKILL ROAD,,Non-Injury Crash,No,2009,,West,,0,,Flat,,,,,,Bright sun,560900,0,0,0,4,,,0,,,,,,Auckland Region,Nil,2-way,Sealed,,0,0,,50,,Off,0,0,,76,Auckland,Nil,,,,,0,0,Urban,1,,,Fine,Null
1755472,5932841,528,,507400,0,0,0,0,0,East,2008/2009,TUDOR PLACE,EAST COAST ROAD,,Non-Injury Crash,No,2009,0,West,0,0,0,Flat,0,,0,,0,Overcast,152900,0,0,0,2,0,0,0,0,1,,0,0,Auckland Region,Nil,2-way,Sealed,0,0,0,0,50,0,Off,0,0,,76,Auckland,Nil,0,0,0,0,1,0,Urban,1,0,0,Fine,Null
1757631,5913528,529,,518702,0,,0,1,,South,2008/2009,PAH ROAD,MOUNT ALBERT ROAD,,Non-Injury Crash,No,2009,,North,,0,,Flat,,,,,,Bright sun,567900,0,0,0,3,,,0,,,,,,Auckland Region,Nil,2-way,Sealed,,0,0,,50,,Null,1,0,,76,Auckland,Unknown,,,,,0,0,Urban,0,,,Fine,Null
1765510,5908841,530,,523402,0,,0,4,,North,2008/2009,SH 1N,HIGHBROOK OBR,,Non-Injury Crash,Yes,2009,,South,,0,,Flat,,Easter,,,,Bright sun,696900,0,0,0,4,,,0,,,,,,Auckland Region,Nil,1-way,Sealed,,0,0,,100,,Null,0,0,,76,Auckland,Unknown,,,,,0,0,Open,0,,,Fine,Null
1756829,5917499,531,,518102,0,0,0,1,0,West,2009/2010,BELLEVUE ROAD,MOUNT EDEN ROAD,,Non-Injury Crash,No,2009,0,East,0,0,0,Hill Road,0,,0,,0,Dark,546300,0,0,0,2,0,0,0,0,0,,0,0,Auckland Region,Nil,2-way,Sealed,0,0,0,0,50,0,On,0,0,,76,Auckland,Unknown,0,0,0,1,0,0,Urban,0,0,0,Fine,Null
1755966,5926776,532,,508620,0,0,0,2,0,South,2008/2009,AKORANGA DRIVE,NORTHCOTE ROAD,,Non-Injury Crash,No,2009,0,North,0,0,0,Flat,0,,0,,0,Overcast,204702,0,0,0,2,0,0,0,0,0,,0,0,Auckland Region,Nil,2-way,Sealed,0,0,0,0,50,0,Off,0,0,,76,Auckland,Traffic Signals,0,0,0,0,0,0,Urban,0,1,0,Fine,Null
1394941,4916178,533,,606100,1,,0,1,,Null,2009/2010,HIGH ST,DOON ST,,Minor Crash,No,2009,,West,,0,,Flat,,Labour Weekend,,,,Bright sun,2966100,1,0,0,2,,,0,,,,,,Otago Region,Nil,2-way,Sealed,,0,0,,50,,Null,0,0,,71,Dunedin City,Give way,,,,,0,0,Urban,0,,,Fine,Null
1844102,5802912,534,,535242,0,,0,2,,Null,2008/2009,SH 27,SH 29 E,,Non-Injury Crash,Yes,2009,,East,,0,,Flat,,,,,,Bright sun,1116100,0,0,0,2,,,0,,,,,,Waikato Region,Nil,2-way,Sealed,,0,0,,100,,Null,0,0,,15,Matamata-Piako District,Stop,,,,,0,0,Open,0,,,Fine,Null
1748037,5914236,535,,511100,0,,0,2,,Null,2009/2010,GREAT NORTH ROAD,WESTECH PLACE,,Non-Injury Crash,No,2009,,West,,0,,Flat,,,,,,Overcast,285800,0,0,0,4,,,0,,,,,,Auckland Region,Nil,2-way,Sealed,,0,0,,50,,Off,0,0,,76,Auckland,Give way,,,,,0,0,Urban,0,,,Fine,Null
1756564,5933541,536,,507300,0,0,0,1,0,East,2008/2009,CHURCHILL ROAD,GULF VIEW ROAD,,Non-Injury Crash,No,2009,0,West,0,0,0,Flat,0,,0,,0,Dark,154400,0,0,0,2,0,0,0,0,0,,0,0,Auckland Region,Nil,2-way,Sealed,0,0,0,0,50,0,On,0,0,,76,Auckland,Nil,0,0,0,1,0,0,Urban,0,0,0,Mist or Fog,Null
1764344,5908792,537,,521802,0,,0,1,,Null,2009/2010,GREAT SOUTH ROAD,JELLICOE ST,,Non-Injury Crash,No,2009,,South,,0,,Flat,,,,,,Overcast,789600,0,0,0,4,,,0,,,,,,Auckland Region,Nil,2-way,Sealed,,0,0,,50,,Off,1,0,,76,Auckland,Nil,,,,,0,0,Urban,0,,,Fine,Null
1815921,5809461,538,,527133,0,0,0,0,0,South,2008/2009,SH 1B,FENCOURT ROAD,,Non-Injury Crash,Yes,2009,0,South,0,0,0,Flat,0,,0,,0,Dark,958800,0,0,0,2,0,0,0,0,0,,0,0,Waikato Region,Nil,2-way,Sealed,0,0,0,0,100,0,Off,0,0,,17,Waipa District,Unknown,0,0,0,0,1,0,Open,0,0,0,Fine,Null
1561836,5180084,539,,587400,0,0,0,1,0,North,2008/2009,ARIKI PLACE,TIRANGI ST W,,Minor Crash,No,2009,0,North,0,0,0,Flat,0,,0,,0,Dark,2488801,1,0,0,2,0,0,0,0,0,,0,0,Canterbury Region,Nil,2-way,Sealed,0,0,0,0,50,0,On,0,0,,60,Christchurch City,Unknown,0,0,0,1,0,0,Urban,0,0,0,Fine,Null
1761068,5914363,540,,520202,0,,0,2,,Null,2008/2009,GREAT SOUTH ROAD,GT SOUTH LINK,,Non-Injury Crash,No,2009,,South,,0,,Flat,,,,,,Bright sun,612300,0,0,0,6,,,0,,,,,,Auckland Region,Nil,2-way,Sealed,,0,0,,50,,Off,0,0,,76,Auckland,Give way,,,,,0,0,Urban,0,,,Fine,Null
1756163,5917823,541,,518102,0,,0,2,,South,2009/2010,DOMINION ROAD,GEORGE ST,,Non-Injury Crash,No,2009,,North,,0,,Hill Road,,,,,,Bright sun,545800,0,0,0,4,,,0,,,,,,Auckland Region,Nil,2-way,Sealed,,0,0,,50,,Off,0,0,,76,Auckland,Traffic Signals,,,,,0,0,Urban,0,,,Fine,Null
1461366,5082287,542,,599500,0,,0,2,,Null,2009/2010,STUART ST,HAYES ST,,Minor Crash,No,2009,,West,,0,,Flat,,,,,,Dark,2793100,1,0,0,2,,,0,,,,,,Canterbury Region,Nil,2-way,Sealed,,0,0,,50,,On,0,0,,64,Timaru District,Give way,,,,,0,0,Urban,0,,,Fine,Null
1762179,5913657,543,,520500,0,,0,3,,Null,2008/2009,SH 1N,PENROSE OBR,,Non-Injury Crash,Yes,2009,,North,,0,,Flat,,,,,,Bright sun,637100,0,0,0,3,,,0,,,,,,Auckland Region,Nil,1-way,Sealed,,0,0,,100,,Off,0,0,,76,Auckland,Nil,,,,,0,0,Open,0,,,Fine,Null
1756803,5930168,544,,507720,0,,0,2,,Null,2008/2009,EAST COAST ROAD,CASTOR BAY ROAD,,Non-Injury Crash,No,2009,,South,,0,,Flat,,,,,,Bright sun,314904,0,0,0,2,,,0,,,,,,Auckland Region,Nil,2-way,Sealed,,0,0,,50,,Off,0,0,,76,Auckland,Give way,,,,,0,0,Urban,0,,,Fine,Null
1763419,5909192,545,,521901,0,,0,1,,Null,2008/2009,WALMSLEY ROAD,HANS ST,,Non-Injury Crash,No,2009,,South,,0,,Flat,,,,,,Bright sun,783300,0,0,0,4,,,0,,,,,,Auckland Region,Nil,2-way,Sealed,,0,0,,50,,Off,1,0,,76,Auckland,Stop,,,,,0,0,Urban,0,,,Fine,Null
1763128,5917188,546,,516302,0,,0,2,,Null,2009/2010,NORMAN LESSER DRIVE,GERARD WAY,,Non-Injury Crash,No,2009,,South,,0,,Flat,,,,,,Overcast,462806,0,0,0,2,,,0,,,,,,Auckland Region,Nil,2-way,Sealed,,0,0,,50,,Off,0,0,,76,Auckland,Give way,,,,,0,0,Urban,0,,,Fine,Null
1754955,5930220,547,,508420,0,0,0,1,0,North,2009/2010,TOTARAVALE DRIVE,MIROVALE PLACE,,Non-Injury Crash,No,2009,0,East,0,0,0,Flat,0,,0,,0,Twilight,182100,0,0,0,2,0,0,0,0,1,,0,0,Auckland Region,Nil,2-way,Sealed,0,0,0,0,50,0,On,1,0,,76,Auckland,Unknown,0,0,0,0,0,0,Urban,0,0,0,Fine,Null
1893033,5813186,548,,538502,0,,0,1,,South,2008/2009,JOCELYN ST,STATION ROAD,,Non-Injury Crash,No,2009,,North,,0,,Flat,,,,,,Bright sun,1214800,0,0,0,2,,,0,,,,,,Bay of Plenty Region,Nil,2-way,Sealed,,0,0,,50,,Null,0,0,,22,Western Bay of Plenty District,Unknown,,,,,0,0,Urban,1,,,Fine,Null
1884580,5773674,549,,540420,0,,0,2,,South,2008/2009,RANOLF ST,SH 30A,,Non-Injury Crash,No,2009,,North,,0,,Flat,,,,,,Overcast,1236500,0,0,0,5,,,0,,,,,,Bay of Plenty Region,Nil,2-way,Sealed,,0,0,,50,,Null,0,0,,24,Rotorua District,Traffic Signals,,,,,0,0,Urban,0,,,Fine,Null
1717936,6044710,550,,502900,0,,0,2,,Null,2009/2010,SH 14,HOSPITAL ROAD,,Non-Injury Crash,Yes,2009,,East,,0,,Flat,,,,,,Unknown,103100,0,0,0,2,,,0,,,,,,Northland Region,Nil,2-way,Sealed,,0,0,,50,,Off,0,0,,2,Whangarei District,Nil,,,,,0,0,Urban,0,,,Fine,Null
1760354,5912320,551,,520000,0,,0,2,,Null,2009/2010,CHURCH ST,CAPTAIN SPRINGS ROAD,,Non-Injury Crash,No,2009,,West,,0,,Flat,,,,,,Overcast,607500,0,0,0,2,,,0,,,,,,Auckland Region,Nil,2-way,Sealed,,0,0,,50,,Null,0,0,,76,Auckland,Traffic Signals,,,,,0,0,Urban,0,,,Fine,Null
1572589,5184748,552,,590507,0,,0,0,,Null,2008/2009,MARSHLAND ROAD,SH 74,,Minor Crash,Yes,2009,,South,,0,,Flat,,,,,,Bright sun,2505701,1,0,1,2,,,0,,,,,,Canterbury Region,Nil,2-way,Sealed,,0,0,,80,,Null,1,0,,60,Christchurch City,Give way,,,,,0,0,Open,0,,,Fine,Null
1749275,5918182,553,,514801,0,0,0,1,0,East,2009/2010,SH 16,ROSEBANK OBR,,Non-Injury Crash,Yes,2009,0,West,0,0,0,Flat,1,,0,,0,Dark,390401,0,0,0,3,0,0,0,0,0,,0,0,Auckland Region,Nil,1-way,Sealed,0,0,0,0,100,0,On,0,0,,76,Auckland,Unknown,0,0,0,0,0,0,Open,0,0,0,Light rain,Null
1856845,5803346,554,55,535231,0,0,0,0,0,East,2008/2009,SH 29,SH 28,,Non-Injury Crash,Yes,2009,0,West,0,0,1,Hill Road,0,,0,,0,Overcast,1114500,0,0,0,3,0,0,0,0,0,,0,0,Waikato Region,Nil,2-way,Sealed,0,0,0,0,100,0,Null,0,0,,15,Matamata-Piako District,Unknown,0,0,0,0,0,0,Open,1,0,0,Heavy rain,Null
1850913,5764073,555,,535370,0,0,0,2,0,West,2009/2010,BALMORAL DRIVE,MORVERN CRESCENT E,,Non-Injury Crash,No,2009,0,East,0,0,0,Flat,0,,0,,0,Overcast,1150300,0,0,0,2,0,0,0,0,1,,0,0,Waikato Region,Nil,2-way,Sealed,0,0,0,0,50,0,Null,0,0,,19,South Waikato District,Unknown,0,0,0,0,0,0,Urban,0,0,0,Fine,Null
1873540,5819620,556,,536514,0,,0,1,,North,2008/2009,CAMBRIDGE ROAD,RIVER OAKS DRIVE,,Non-Injury Crash,No,2009,,South,,0,,Flat,,Easter,,,,Bright sun,1190903,0,0,1,2,,,0,,,,,,Bay of Plenty Region,Nil,2-way,Sealed,,0,0,,80,,Null,0,0,,23,Tauranga City,Unknown,,,,,0,0,Open,0,,,Fine,Null
1242460,4849528,557,,611210,0,0,0,2,0,Null,2008/2009,SH 1S TAY,SH 6 DEE,,Minor Crash,Yes,2009,0,West,0,0,0,Flat,0,,0,,0,Overcast,3108600,1,0,0,4,0,1,0,0,0,,0,0,Southland Region,Nil,2-way,Sealed,0,0,0,0,50,0,Null,0,0,,75,Invercargill City,Give way,0,0,0,0,0,0,Urban,0,0,0,Fine,Null
1567294,5184876,558,,588500,0,,0,0,,Null,2009/2010,GREERS ROAD,LANGDONS ROAD,,Minor Crash,No,2009,,South,,0,,Flat,,,,,,Bright sun,2525400,1,0,1,2,,,0,,,,,,Canterbury Region,Nil,2-way,Sealed,,0,0,,50,,Null,0,0,,60,Christchurch City,Give way,,,,,0,0,Urban,1,,,Fine,Null
1769737,5915323,559,,522711,0,0,0,1,0,Null,2008/2009,FIESTA DRIVE,LISA RISE,,Non-Injury Crash,No,2009,0,North,0,0,0,Flat,0,,0,,0,Overcast,680715,0,0,0,2,0,0,0,0,1,,0,0,Auckland Region,Nil,2-way,Sealed,0,0,0,0,50,0,Null,1,0,,76,Auckland,Nil,0,0,0,0,0,0,Urban,0,0,0,Light rain,Null
1754336,5935914,560,,507101,0,,0,2,,South,2008/2009,EAST COAST ROAD,OTEHA VALLEY ROAD,,Non-Injury Crash,No,2009,,South,,0,,Flat,,,,,,Bright sun,160403,0,0,0,2,,,0,,,,,,Auckland Region,Nil,2-way,Sealed,,0,0,,50,,Null,0,0,,76,Auckland,Nil,,,,,0,0,Urban,0,,,Fine,Null
1770100,5899176,561,,523911,0,,0,3,,North,2008/2009,GREAT SOUTH ROAD,CHALLEN CLOSE,,Non-Injury Crash,No,2009,,North,,0,,Flat,,,,,,Overcast,768100,0,0,0,2,,,0,,,,,,Auckland Region,Nil,2-way,Sealed,,0,0,,70,,Off,0,0,,76,Auckland,Nil,,,,,0,0,Urban,0,,,Light rain,Null
1758905,5917156,562,,516001,0,,0,2,,North,2008/2009,SH 1N,MARKET OBR,,Non-Injury Crash,Yes,2009,,South,,0,,Flat,,,,,,Dark,491200,0,0,0,4,,,0,,,,,,Auckland Region,Nil,1-way,Sealed,,0,0,,100,,On,0,0,,76,Auckland,Unknown,,,,,0,0,Open,1,,,Fine,Null
1788225,5827450,563,,526601,0,0,0,0,0,South,2008/2009,WAINGARO ROAD,HAKARIMATA ROAD,,Non-Injury Crash,No,2009,0,North,1,0,0,Flat,0,,0,,1,Bright sun,853801,0,0,0,2,0,0,0,0,0,,0,0,Waikato Region,Nil,2-way,Sealed,0,0,0,0,80,0,Null,0,0,,13,Waikato District,Unknown,0,0,0,0,1,0,Open,0,0,0,Fine,Null
1759363,5902976,564,,524200,0,,0,1,,Null,2008/2009,ANDREW MCKEE AVENUE,GEORGE BOLT MEMORIAL DRIV,,Non-Injury Crash,No,2009,,East,,0,,Flat,,,,,,Bright sun,727200,0,0,0,2,,,0,,,,,,Auckland Region,Nil,2-way,Sealed,,0,0,,50,,Null,0,1,,76,Auckland,Nil,,,,,0,0,Urban,1,,,Fine,Null
1755111,5919503,565,,515410,0,0,0,2,0,North,2008/2009,CHAMBERLAIN ST,ROSE ROAD,,Non-Injury Crash,No,2009,0,North,0,0,0,Flat,0,,0,,0,Dark,408500,0,0,0,2,0,0,0,0,1,,0,0,Auckland Region,Nil,2-way,Sealed,0,0,0,0,50,0,On,0,0,,76,Auckland,Nil,0,0,0,0,0,0,Urban,0,0,0,Fine,Null
1742810,5922057,566,,513622,0,,0,1,,Null,2008/2009,DON BUCK ROAD,RED HILLS ROAD,,Non-Injury Crash,No,2009,,South,,0,,Flat,,,,,,Bright sun,226700,0,0,0,3,,,0,,,,,,Auckland Region,Nil,2-way,Sealed,,0,0,,50,,Off,0,0,,76,Auckland,Give way,,,,,0,0,Urban,1,,,Fine,Null
1746876,5913665,567,,511002,0,0,0,1,0,South,2008/2009,GLENDALE ROAD,OATES ROAD,,Non-Injury Crash,No,2009,0,North,0,0,1,Hill Road,0,,0,,0,Overcast,283400,0,0,0,2,0,0,0,0,0,,0,0,Auckland Region,Nil,2-way,Sealed,0,0,0,0,50,0,Off,0,0,,76,Auckland,Nil,0,0,0,0,0,0,Urban,0,0,0,Light rain,Null
1752159,5934489,568,,508701,0,,0,1,,Null,2008/2009,OTEHA VALLEY ROAD,APPIAN WAY,,Non-Injury Crash,No,2009,,North,,0,,Flat,,,,,,Dark,179000,0,0,0,4,,,0,,,,,,Auckland Region,Nil,2-way,Sealed,,0,0,,70,,On,1,0,,76,Auckland,Give way,,,,,0,0,Urban,0,,,Fine,Null
1710893,6041249,569,45,501810,0,0,0,1,1,East,2008/2009,SH 15,SH 14,,Non-Injury Crash,Yes,2009,0,South,0,0,0,Hill Road,0,,0,,0,Dark,72102,0,0,0,2,0,0,0,0,0,,0,0,Northland Region,Nil,2-way,Sealed,0,0,0,0,100,0,None,0,0,,2,Whangarei District,Unknown,0,0,0,0,0,0,Open,0,0,0,Light rain,Null
1759164,5916813,570,,516001,0,,0,2,,North,2008/2009,SH 1N,MARKET OBR,,Non-Injury Crash,Yes,2009,,South,,0,,Flat,,,,,,Overcast,491200,0,0,0,3,,,0,,,,,,Auckland Region,Nil,1-way,Sealed,,0,0,,100,,Off,0,0,,76,Auckland,Nil,,,,,0,0,Open,0,,,Light rain,Null