X,Y,OBJECTID,advisorySpeed,areaUnitID,bicycle,bridge,bus,carStationWagon,cliffBank,crashDirectionDescription,crashFinancialYear,crashLocation1,crashLocation2,crashRoadSideRoad,crashSeverity,crashSHDescription,crashYear,debris,directionRoleDescription,ditch,fatalCount,fence,flatHill,guardRail,holiday,houseOrBuilding,intersection,kerb,light,meshblockId,minorInjuryCount,moped,motorcycle,NumberOfLanes,objectThrownOrDropped,otherObject,otherVehicleType,overBank,parkedVehicle,pedestrian,phoneBoxEtc,postOrPole,region,roadCharacter,roadLane,roadSurface,roadworks,schoolBus,seriousInjuryCount,slipOrFlood,speedLimit,strayAnimal,streetLight,suv,taxi,temporarySpeedLimit,tlaId,tlaName,trafficControl,trafficIsland,trafficSign,train,tree,truck,unknownVehicleType,urban,vanOrUtility,vehicle,waterRiver,weatherA,weatherB
1769986,5912902,571,,523101,0,,0,2,,Null,2009/2010,CASCADES ROAD,AVIEMORE DRIVE,,Non-Injury Crash,No,2009,,South,,0,,Flat,,,,,,Bright sun,710515,0,0,0,2,,,0,,,,,,Auckland Region,Nil,2-way,Sealed,,0,0,,50,,Off,0,0,,76,Auckland,Give way,,,,,0,0,Urban,0,,,Fine,Null
1766661,5907126,572,,523601,0,,0,2,,South,2008/2009,SH 1N,OTARA ON SBD,,Non-Injury Crash,Yes,2009,,South,,0,,Flat,,,,,,Bright sun,709000,0,0,0,3,,,0,,,,,,Auckland Region,Nil,1-way,Sealed,,0,0,,100,,Null,0,0,,76,Auckland,Unknown,,,,,0,0,Open,0,,,Fine,Null
1758389,5917601,573,,516001,0,,0,2,,South,2009/2010,BROADWAY,EDGERLEY AVENUE,,Non-Injury Crash,No,2009,,South,,0,,Flat,,,,,,Overcast,490800,0,0,0,2,,,0,,,,,,Auckland Region,Nil,2-way,Sealed,,0,0,,50,,Off,0,0,,76,Auckland,Nil,,,,,0,0,Urban,0,,,Light rain,Null
1789518,5816570,574,75,527913,0,0,0,1,0,South,2009/2010,SH 39,BLACKETT ROAD,,Non-Injury Crash,Yes,2009,0,North,0,0,1,Hill Road,0,,0,,0,Overcast,977500,0,0,0,2,0,0,0,0,0,,0,1,Waikato Region,Nil,2-way,Sealed,0,0,0,0,100,0,Null,0,0,,13,Waikato District,Unknown,0,0,0,0,0,0,Open,0,0,0,Heavy rain,Null
1800019,5817132,575,,529600,0,,0,2,,Null,2009/2010,FAIRFIELD BRIDGE,RIVER ROAD,,Non-Injury Crash,No,2009,,East,,0,,Flat,,,,,,Dark,867700,0,0,0,2,,,0,,,,,,Waikato Region,Bridge,2-way,Sealed,,0,0,,50,,On,0,0,,16,Hamilton City,Give way,,,,,0,0,Urban,0,,,Fine,Null
1759282,5925159,576,,508110,0,0,0,1,0,Null,2008/2009,CORONATION ST,BARDIA ST,,Non-Injury Crash,No,2009,0,West,0,0,1,Hill Road,0,,1,,0,Dark,320600,0,0,0,2,0,0,0,0,0,,0,0,Auckland Region,Nil,2-way,Sealed,0,0,0,0,50,0,On,0,0,,76,Auckland,Nil,0,0,0,0,0,0,Urban,0,0,0,Fine,Null
1829990,5869798,577,,533901,0,0,0,0,0,South,2008/2009,HAURAKI ROAD,WHAREPOA ROAD WEST,,Non-Injury Crash,No,2009,0,South,1,0,0,Flat,0,,0,,0,Twilight,1065000,0,0,0,2,0,0,0,0,0,,0,0,Waikato Region,Nil,2-way,Sealed,0,0,0,0,100,0,None,1,0,,12,Hauraki District,Nil,0,0,0,0,0,0,Open,0,0,0,Fine,Null
1795824,5880861,578,25,521135,0,0,0,0,0,East,2008/2009,MIRANDA ROAD,KAIAUA ROAD,,Non-Injury Crash,No,2009,0,West,0,0,1,Hill Road,0,,0,,0,Dark,841300,0,0,0,2,0,0,0,0,0,,0,0,Waikato Region,Nil,2-way,Sealed,0,0,0,0,100,0,None,1,0,,13,Waikato District,Nil,0,0,0,0,0,0,Open,0,0,0,Fine,Null
1754691,5929134,579,,508320,0,,0,1,,East,2009/2010,VIEW ROAD,MERTON AVENUE,,Non-Injury Crash,No,2009,,West,,0,,Hill Road,,,,,,Bright sun,196500,0,0,0,0,,,0,,,,,,Auckland Region,Nil,2-way,Sealed,,0,0,,50,,Off,0,0,,76,Auckland,Nil,,,,,0,0,Urban,1,,,Fine,Null
1761247,5917918,580,,516201,0,0,0,2,0,West,2009/2010,DELL AVENUE,UPLAND ROAD,,Non-Injury Crash,No,2009,0,South,0,0,0,Flat,0,,0,,0,Dark,486600,0,0,0,2,0,0,0,0,1,,0,0,Auckland Region,Nil,2-way,Sealed,0,0,0,0,50,0,On,0,0,,76,Auckland,Unknown,0,0,0,0,0,0,Urban,0,0,0,Fine,Null
1843975,5784904,581,,535600,0,,0,3,,South,2008/2009,SH 1N,MAIN ST,,Non-Injury Crash,Yes,2009,,North,,0,,Flat,,,,,,Overcast,1129900,0,0,0,3,,,0,,,,,,Waikato Region,Nil,2-way,Sealed,,0,0,,50,,Null,0,0,,19,South Waikato District,Give way,,,,,0,0,Urban,0,,,Fine,Null
1744197,5924095,582,,513521,0,,0,1,,Null,2008/2009,HOBSONVILLE ROAD,OREIL AVENUE,,Non-Injury Crash,No,2009,,West,,0,,Hill Road,,,,,,Bright sun,224240,0,0,0,2,,,0,,,,,,Auckland Region,Nil,2-way,Sealed,,0,0,,50,,Off,0,0,,76,Auckland,Give way,,,,,0,0,Urban,1,,,Fine,Null
1749430,5913916,583,,511302,0,,0,1,,Null,2008/2009,GREAT NORTH ROAD,RATA ST,,Non-Injury Crash,No,2009,,West,,0,,Flat,,,,,,Overcast,268900,0,0,0,5,,,0,,,,,,Auckland Region,Nil,2-way,Sealed,,0,0,,50,,Null,0,0,,76,Auckland,Traffic Signals,,,,,1,0,Urban,0,,,Fine,Null
1798409,5816509,584,,528800,0,0,0,1,0,North,2008/2009,FOREST LAKE ROAD,HINAU ST,,Non-Injury Crash,No,2009,0,South,0,0,0,Flat,0,Christmas New Year,0,,0,Bright sun,902400,0,0,0,2,0,0,0,0,0,,0,1,Waikato Region,Nil,2-way,Sealed,0,0,0,0,50,0,Null,0,0,,16,Hamilton City,Give way,0,0,0,0,0,0,Urban,0,0,0,Fine,Null
1756262,5927451,585,,507900,0,,0,2,,North,2008/2009,SH 1N,NORTHCOTE OBR,,Non-Injury Crash,Yes,2009,,North,,0,,Flat,,,,,,Dark,305201,0,0,0,4,,,0,,,,,,Auckland Region,Nil,1-way,Sealed,,0,0,,100,,On,0,0,,76,Auckland,Nil,,,,,0,0,Open,0,,,Fine,Null
1779710,5876041,586,,521131,0,,0,1,,North,2009/2010,SH 1N,KOHEROA OBR,,Non-Injury Crash,Yes,2009,,South,,0,,Flat,,,,,,Bright sun,842101,0,0,0,4,,,0,,,,,,Waikato Region,Nil,2-way,Sealed,,0,0,,100,,None,0,0,,13,Waikato District,Nil,,,,,0,0,Open,0,,,Fine,Null
1743489,5919589,587,,513212,0,,0,1,,Null,2008/2009,DON BUCK ROAD,GLEN ROAD,,Non-Injury Crash,No,2009,,South,,0,,Flat,,,,,,Dark,235400,0,0,0,2,,,0,,,,,,Auckland Region,Nil,2-way,Sealed,,0,0,,50,,On,0,0,,76,Auckland,Give way,,,,,0,0,Urban,1,,,Fine,Null
1800878,5815118,588,,529700,0,,0,1,,North,2008/2009,ANGLESEA ST,COLLINGWOOD ST,,Non-Injury Crash,No,2009,,North,,0,,Flat,,,,,,Overcast,910900,0,0,0,2,,,0,,,,,,Waikato Region,Nil,2-way,Sealed,,0,0,,50,,Null,1,0,,16,Hamilton City,Unknown,,,,,0,0,Urban,0,,,Fine,Null
1932109,5789056,589,,542530,0,,0,0,,Null,2008/2009,OTAKIRI ROAD,GRIEVE ROAD,,Non-Injury Crash,No,2009,,West,,0,,Flat,,,,,,Dark,1322601,0,0,0,2,,,0,,,,,,Bay of Plenty Region,Nil,2-way,Sealed,,0,0,,100,,None,2,0,,25,Whakatane District,Stop,,,,,0,0,Open,0,,,Heavy rain,Null
1755328,5914847,590,,518500,0,,0,2,,Null,2008/2009,DOMINION ROAD,DUKE ST,,Non-Injury Crash,No,2009,,South,,0,,Flat,,,,,,Bright sun,560200,0,0,0,2,,,0,,,,,,Auckland Region,Nil,2-way,Sealed,,0,0,,50,,Null,0,0,,76,Auckland,Give way,,,,,0,0,Urban,0,,,Fine,Null
1761072,5914347,591,,520202,0,,0,2,,Null,2008/2009,GREAT SOUTH ROAD,GT SOUTH LINK,,Non-Injury Crash,No,2009,,South,,0,,Flat,,,,,,Bright sun,612300,0,0,0,4,,,0,,,,,,Auckland Region,Nil,2-way,Sealed,,0,0,,50,,Null,0,0,,76,Auckland,Give way,,,,,0,0,Urban,0,,,Fine,Null
1882737,5773734,592,,539600,0,0,0,1,0,West,2008/2009,WRIGLEY ROAD,HAROLD CRESCENT W,,Non-Injury Crash,No,2009,0,North,0,0,0,Flat,0,Queens Birthday,0,,0,Dark,1228002,0,0,0,2,0,0,0,0,0,,1,0,Bay of Plenty Region,Nil,2-way,Sealed,0,0,0,0,50,0,On,0,0,,24,Rotorua District,Nil,0,0,0,1,0,0,Urban,0,0,0,Fine,Null
1831725,5672356,593,,541501,0,0,0,0,0,East,2008/2009,SH 46,SH 47,,Non-Injury Crash,Yes,2009,0,West,0,0,0,Flat,0,,0,,0,Overcast,1029002,0,0,0,2,0,0,0,0,0,,0,0,Waikato Region,Nil,2-way,Sealed,0,0,0,0,100,0,Null,1,0,,21,Taupo District,Nil,0,0,0,1,0,0,Open,0,0,0,Heavy rain,Strong wind
1566857,5179349,594,,590300,0,,0,1,,East,2008/2009,BLENHEIM ROAD,WHARENUI ROAD,,Minor Crash,No,2009,,West,,0,,Flat,,,,,,Overcast,2538800,1,0,0,4,,,0,,,,,,Canterbury Region,Nil,2-way,Sealed,,0,0,,60,,Null,1,0,,60,Christchurch City,Nil,,,,,0,0,Urban,0,,,Fine,Null
1757210,5920922,595,,514102,0,,0,1,,East,2008/2009,HOBSON ST,FANSHAWE ST,,Non-Injury Crash,No,2009,,East,,0,,Flat,,,,,,Overcast,433101,0,0,0,4,,,0,,,,,,Auckland Region,Nil,2-way,Sealed,,0,0,,50,,Off,1,0,,76,Auckland,Traffic Signals,,,,,0,0,Urban,0,,,Light rain,Null
1767520,5906854,596,,523602,0,0,0,1,0,Null,2009/2010,HANNAH ROAD,KUDU ROAD,,Non-Injury Crash,No,2009,0,West,0,0,0,Flat,0,,0,,0,Dark,706500,0,0,0,2,0,0,0,0,0,,0,1,Auckland Region,Nil,2-way,Sealed,0,0,0,0,50,0,On,0,0,,76,Auckland,Nil,0,0,0,0,0,0,Urban,0,0,0,Light rain,Null
1754649,5912542,597,,519001,0,,0,2,,Null,2008/2009,RICHARDSON ROAD,DOMINION ROAD,,Non-Injury Crash,No,2009,,North,,0,,Flat,,,,,,Overcast,588600,0,0,0,2,,,0,,,,,,Auckland Region,Nil,2-way,Sealed,,0,0,,50,,None,0,0,,76,Auckland,Stop,,,,,0,0,Urban,0,,,Fine,Null
1756053,5923696,598,,509800,0,,0,1,,North,2008/2009,SH 1N,STAFFORD OFF NBD,,Non-Injury Crash,Yes,2009,,North,,0,,Flat,,,,,,Overcast,358800,0,0,0,3,,,0,,,,,,Auckland Region,Nil,1-way,Sealed,,0,0,,80,,Null,0,0,,76,Auckland,Unknown,,,,,1,0,Open,0,,,Light rain,Null
2022288,5738328,599,,543601,0,0,0,1,1,North,2009/2010,WHATATUTU ROAD,OTARA ROAD,,Serious Crash,No,2009,0,South,1,0,0,Hill Road,0,Labour Weekend,0,,0,Dark,1354601,0,0,0,2,0,0,0,0,0,,0,0,Gisborne Region,Nil,2-way,Sealed,0,0,1,0,100,0,None,0,0,,28,Gisborne District,Nil,0,0,0,0,0,0,Open,0,0,0,Fine,Null
1801311,5812388,600,,529200,0,,0,1,,Null,2008/2009,PINE AVENUE,POLLEN CRESCENT,,Non-Injury Crash,No,2009,,South,,0,,Hill Road,,,,,,Bright sun,928700,0,0,0,2,,,0,,,,,,Waikato Region,Nil,2-way,Sealed,,0,0,,50,,Null,1,0,,16,Hamilton City,Give way,,,,,0,0,Urban,0,,,Fine,Null
1571129,5179677,601,,591500,0,,0,1,,Null,2008/2009,MADRAS ST,TUAM ST,,Minor Crash,No,2009,,North,,0,,Flat,,,,,,Bright sun,2650200,1,0,0,4,,,0,,,1,,,Canterbury Region,Nil,1-way,Sealed,,0,0,,50,,Null,0,0,,60,Christchurch City,Traffic Signals,,,,,0,0,Urban,0,,,Fine,Null
1680145,6087568,602,,501632,0,0,0,1,0,Null,2008/2009,SH 1N,SH 12,,Non-Injury Crash,Yes,2009,0,West,0,0,1,Flat,0,,0,,0,Overcast,35200,0,0,0,2,0,0,0,0,1,,0,0,Northland Region,Nil,2-way,Sealed,0,0,0,0,50,0,Off,0,0,,1,Far North District,Nil,0,0,0,0,0,0,Urban,1,0,0,Light rain,Null
1823623,5892339,603,,533604,0,0,0,0,1,North,2008/2009,SH 25,WINDY POINT,,Non-Injury Crash,Yes,2009,0,South,0,0,0,Flat,0,,0,,0,Overcast,1057201,0,0,0,2,0,0,0,0,0,,0,0,Waikato Region,Nil,2-way,Sealed,0,0,0,0,100,0,Null,0,0,,11,Thames-Coromandel District,Unknown,0,0,0,0,0,0,Open,1,0,0,Light rain,Null
1800719,5814957,604,,529700,0,0,0,1,0,Null,2008/2009,TRISTRAM ST,COLLINGWOOD ST,,Non-Injury Crash,No,2009,0,South,0,0,0,Flat,0,,0,,1,Dark,910900,0,0,0,2,0,0,0,0,0,,1,0,Waikato Region,Nil,2-way,Sealed,0,0,0,0,50,0,On,0,0,,16,Hamilton City,Give way,0,0,0,0,0,0,Urban,0,0,0,Light rain,Null
1792111,5767497,605,,531301,0,0,0,1,0,South,2008/2009,SH 3,IRELAND ROAD,,Non-Injury Crash,Yes,2009,0,South,0,0,0,Flat,0,,0,,0,Dark,995701,0,0,0,2,0,0,0,0,0,,0,0,Waikato Region,Nil,2-way,Sealed,0,0,0,0,100,0,None,0,0,,18,Ōtorohanga District,Unknown,0,0,0,0,0,0,Open,0,0,0,Light rain,Null
1764875,5903326,606,,524604,0,0,0,1,0,Null,2008/2009,ROSCOMMON ROAD,VOGLER DRIVE,,Non-Injury Crash,No,2009,0,South,0,0,1,Flat,0,,0,,0,Bright sun,781302,0,0,0,5,0,0,0,0,1,,0,0,Auckland Region,Nil,2-way,Sealed,0,0,0,0,80,0,Off,0,0,,76,Auckland,Traffic Signals,0,0,0,0,0,0,Open,0,0,0,Fine,Null
1722261,6044480,607,,503700,0,0,0,1,0,Null,2009/2010,RIVERSIDE DRIVE,MACKESY ROAD,,Non-Injury Crash,No,2009,0,West,0,0,0,Flat,0,,0,,1,Dark,102300,0,0,0,2,0,0,0,0,0,,0,0,Northland Region,Nil,2-way,Sealed,0,0,0,0,80,0,None,0,0,,2,Whangarei District,Nil,0,0,0,1,0,0,Open,0,0,0,Heavy rain,Null
1719434,6046077,608,,503100,1,,0,0,,Null,2008/2009,BANK ST,DENT ST,,Non-Injury Crash,No,2009,,West,,0,,Flat,,,,,,Dark,99500,0,0,0,2,,,0,,,,,,Northland Region,Nil,2-way,Sealed,,0,0,,50,,On,0,0,,2,Whangarei District,Give way,,,,,0,0,Urban,1,,,Fine,Null
1810308,5869999,609,,533901,0,0,0,1,0,South,2008/2009,SH 27,SH 2,,Non-Injury Crash,Yes,2009,0,North,0,0,0,Flat,0,,0,,0,Dark,1069100,0,0,0,2,0,0,0,0,0,,0,1,Waikato Region,Nil,2-way,Unsealed,0,0,0,0,100,0,None,0,0,,12,Hauraki District,Unknown,0,0,0,0,0,0,Open,0,0,0,Fine,Null
1749493,5911922,610,,512100,0,,0,2,,South,2009/2010,LANTANA ROAD,GOLF ROAD,,Non-Injury Crash,No,2009,,South,,0,,Hill Road,,,,,,Overcast,290002,0,0,0,2,,,0,,,,,,Auckland Region,Nil,2-way,Sealed,,0,0,,50,,Null,0,0,,76,Auckland,Nil,,,,,0,0,Urban,0,,,Fine,Null
1749180,5913906,611,,511302,0,,0,3,,Null,2008/2009,GREAT NORTH ROAD,NIKAU ST,,Non-Injury Crash,No,2009,,East,,0,,Flat,,Easter,,,,Dark,268900,0,0,0,4,,,0,,,,,,Auckland Region,Nil,2-way,Sealed,,0,0,,50,,On,0,0,,76,Auckland,Nil,,,,,0,0,Urban,0,,,Light rain,Null
1760496,5916816,612,,516002,0,,0,1,,West,2008/2009,REMUERA ROAD,ORAKEI ROAD,,Non-Injury Crash,No,2009,,East,,0,,Flat,,,,,,Bright sun,493400,0,0,0,4,,,0,,,,,,Auckland Region,Nil,2-way,Sealed,,0,0,,50,,Off,0,0,,76,Auckland,Nil,,,,,0,0,Urban,1,,,Fine,Null
1750093,5914511,613,,511303,0,,0,1,,Null,2008/2009,BINSTED ROAD,DELTA AVENUE,,Non-Injury Crash,No,2009,,North,,0,,Flat,,,,,,Dark,265800,0,0,0,2,,,0,,,,,,Auckland Region,Nil,2-way,Sealed,,0,0,,50,,On,0,0,,76,Auckland,Give way,,,,,0,0,Urban,1,,,Heavy rain,Null
1756086,5917548,614,,518102,0,0,0,1,0,North,2008/2009,DOMINION ROAD,VALLEY ROAD,,Non-Injury Crash,No,2009,0,North,0,0,0,Hill Road,0,,0,,0,Overcast,546000,0,0,1,4,0,0,0,0,1,,0,0,Auckland Region,Nil,2-way,Sealed,0,0,0,0,50,0,Off,0,0,,76,Auckland,Nil,0,0,0,0,0,0,Urban,0,0,0,Fine,Null
1763913,5912486,615,,520500,0,,0,3,,South,2008/2009,MT WGTN OFF NBD,MOUNT WELLINGTON HIGHWAY,,Non-Injury Crash,Yes,2009,,West,,0,,Hill Road,,,,,,Bright sun,639500,0,0,0,2,,,0,,,,,,Auckland Region,Motorway ramp,1-way,Sealed,,0,0,,50,,Off,0,0,,76,Auckland,Traffic Signals,,,,,0,0,Urban,0,,,Fine,Null
1749674,5913882,616,,511303,1,,0,0,,Null,2008/2009,GREAT NORTH ROAD,TOTARA AVENUE,,Non-Injury Crash,No,2009,,West,,0,,Flat,,,,,,Bright sun,264901,0,0,0,4,,,0,,,,,,Auckland Region,Nil,2-way,Sealed,,0,0,,50,,Off,0,0,,76,Auckland,Traffic Signals,,,,,0,0,Urban,1,,,Fine,Null
1692270,6083542,617,,501500,0,0,0,1,1,Null,2009/2010,LEAITY ST,SH 1N,,Non-Injury Crash,Yes,2009,0,East,0,0,1,Flat,0,,0,,0,Unknown,55600,0,0,0,1,0,0,0,0,0,,0,0,Northland Region,Nil,2-way,Sealed,0,0,0,0,50,0,On,0,0,,1,Far North District,Nil,0,0,0,0,0,0,Urban,0,0,0,Fine,Null
1751737,5934264,618,,508701,0,,0,4,,East,2008/2009,OTEHA VALLEY ROAD,OTEHA VALLEY ROAD EXTENSI,,Non-Injury Crash,No,2009,,South,,0,,Flat,,,,,,Bright sun,178900,0,0,0,4,,,0,,,,,,Auckland Region,Nil,2-way,Sealed,,0,0,,60,,Null,1,0,,76,Auckland,Nil,,,,,0,0,Urban,0,,,Fine,Null
1766262,5905375,619,,522202,0,,0,2,,Null,2009/2010,FITZROY ST,CARRUTH ROAD,,Non-Injury Crash,No,2009,,West,,0,,Flat,,,,,,Overcast,665700,0,0,0,2,,,0,,,,,,Auckland Region,Nil,2-way,Sealed,,0,0,,50,,Null,0,0,,76,Auckland,Stop,,,,,0,0,Urban,0,,,Fine,Null
1758644,5910071,620,,524002,0,,0,1,,Null,2008/2009,SCOTT AVENUE,CHURCH ROAD,,Non-Injury Crash,No,2009,,North,,0,,Flat,,,,,,Bright sun,721700,0,0,0,2,,,0,,,,,,Auckland Region,Nil,2-way,Sealed,,0,0,,50,,Null,1,0,,76,Auckland,Give way,,,,,0,0,Urban,0,,,Fine,Null
1766254,5812694,621,75,526602,0,0,0,1,0,South,2008/2009,SH 23,GREENSLADE ROAD,,Non-Injury Crash,Yes,2009,0,North,1,0,0,Flat,0,,0,,0,Bright sun,861201,0,0,0,2,0,0,0,0,0,,0,0,Waikato Region,Nil,2-way,Sealed,0,0,0,0,100,0,None,0,0,,13,Waikato District,Nil,0,0,0,0,0,0,Open,0,0,0,Fine,Null
1242157,4854407,622,,610601,0,,0,0,,Null,2008/2009,WEST PLAINS ROAD,SH 6,,Minor Crash,No,2009,,North,,0,,Flat,,,,,,Dark,3099100,1,0,1,2,,,0,,,,,,Southland Region,Nil,2-way,Sealed,,0,0,,50,,On,0,0,,75,Invercargill City,Stop,,,,,0,0,Urban,0,,,Fine,Null
1752005,5914224,623,,514402,0,0,0,0,1,West,2008/2009,TIVERTON ROAD,WHITNEY ST,,Non-Injury Crash,No,2009,0,West,0,0,0,Hill Road,0,,0,,0,Twilight,380900,0,0,0,4,0,0,0,0,0,,0,1,Auckland Region,Nil,2-way,Sealed,0,0,0,0,50,0,On,0,0,,76,Auckland,Unknown,0,1,0,0,0,0,Urban,1,0,0,Fine,Null
1718684,6045773,624,,503000,0,,0,2,,Null,2008/2009,SH 1N,CENTRAL AVENUE,,Non-Injury Crash,Yes,2009,,South,,0,,Flat,,,,,,Bright sun,97800,0,0,0,3,,,0,,,,,,Northland Region,Nil,2-way,Sealed,,0,0,,50,,Off,0,0,,2,Whangarei District,Traffic Signals,,,,,0,0,Urban,0,,,Fine,Null
1725564,6049218,625,,501817,0,0,0,1,0,East,2008/2009,WHAREORA ROAD,PARAHAKI PARISH ROAD,,Non-Injury Crash,No,2009,0,East,1,0,0,Hill Road,0,,0,,0,Bright sun,73002,0,0,0,2,0,0,0,0,0,,0,0,Northland Region,Nil,2-way,Sealed,0,0,0,0,100,0,None,0,0,,2,Whangarei District,Nil,0,0,0,0,0,0,Open,0,0,0,Fine,Null
1768750,5898889,626,,525102,0,0,0,0,0,East,2009/2010,MCQUARRIE AVENUE,COXHEAD ROAD,,Non-Injury Crash,No,2009,0,West,0,0,0,Flat,0,,0,,0,Bright sun,768900,0,0,0,1,0,0,0,0,0,,0,0,Auckland Region,Nil,2-way,Sealed,0,0,0,0,50,0,Off,1,0,,76,Auckland,Nil,0,0,0,0,1,0,Urban,0,1,0,Fine,Null
1745915,5919732,627,,513301,0,,0,2,,Null,2008/2009,CENTRAL PARK DRIVE,UNIVERSAL DRIVE,,Non-Injury Crash,No,2009,,North,,0,,Flat,,,,,,Overcast,230401,0,0,0,2,,,0,,,,,,Auckland Region,Nil,2-way,Sealed,,0,0,,50,,Off,0,0,,76,Auckland,Traffic Signals,,,,,0,0,Urban,0,,,Fine,Null
1406664,4917315,628,,603100,0,,0,0,,Null,2008/2009,CUMBERLAND ST CENTRAL,HANOVER ST,,Minor Crash,Yes,2009,,West,,0,,Flat,,,,,,Overcast,2901200,1,0,0,4,,,0,,,1,,,Otago Region,Nil,1-way,Sealed,,0,0,,50,,Null,0,0,,71,Dunedin City,Traffic Signals,,,,,1,0,Urban,0,,,Fine,Null
1718102,6043571,629,,503500,0,,0,1,,Null,2008/2009,MURDOCH CRESCENT N,OTAIKA ROAD,,Non-Injury Crash,Yes,2009,,East,,0,,Flat,,,,,,Bright sun,108900,0,0,0,2,,,0,,,,,,Northland Region,Nil,2-way,Sealed,,0,0,,50,,Off,0,0,,2,Whangarei District,Give way,,,,,1,0,Urban,0,,,Fine,Null
1754254,5918542,630,,515431,0,,0,2,,Null,2008/2009,GREAT NORTH ROAD,BULLOCK TRACK,,Non-Injury Crash,No,2009,,East,,0,,Flat,,,,,,Dark,405000,0,0,0,4,,,0,,,,,,Auckland Region,Nil,2-way,Sealed,,0,0,,50,,On,0,0,,76,Auckland,Stop,,,,,0,0,Urban,0,,,Fine,Null
1755963,5923490,631,,509800,0,,0,2,,North,2008/2009,PRINCES ST,DUKE ST,,Non-Injury Crash,No,2009,,South,,0,,Flat,,,,,,Bright sun,359100,0,0,0,2,,,0,,,,,,Auckland Region,Nil,2-way,Sealed,,0,0,,50,,Null,0,0,,76,Auckland,Unknown,,,,,0,0,Urban,0,,,Fine,Null
1815775,5806866,632,,527133,0,,0,1,,North,2008/2009,HAUTAPU ROAD,HANNON ROAD,,Non-Injury Crash,No,2009,,South,,0,,Flat,,,,,,Bright sun,959600,0,0,0,2,,,0,,,,,,Waikato Region,Nil,2-way,Sealed,,0,0,,70,,Null,1,0,,17,Waipa District,Unknown,,,,,0,0,Urban,0,,,Fine,Null
1811381,5806403,633,,527131,0,,0,2,,South,2009/2010,SH 1N,DUNCAN ROAD,,Minor Crash,Yes,2009,,North,,0,,Flat,,,,,,Dark,960800,1,0,0,2,,,0,,,,,,Waikato Region,Nil,2-way,Sealed,,0,0,,100,,On,0,0,,13,Waikato District,Nil,,,,,0,0,Open,0,,,Fine,Null
1950274,5791292,634,,542410,0,,0,1,,West,2008/2009,DOMAIN ROAD,MCGARVEY ROAD,,Non-Injury Crash,No,2009,,East,,0,,Flat,,,,,,Bright sun,1307300,0,0,0,2,,,0,,,,,,Bay of Plenty Region,Nil,2-way,Sealed,,0,0,,50,,Off,1,0,,25,Whakatane District,Stop,,,,,0,0,Urban,0,,,Fine,Null
1742426,5917128,635,,513220,0,,0,1,,Null,2008/2009,SIMPSON ROAD,LAKE PANORAMA DRIVE,,Non-Injury Crash,No,2009,,South,,0,,Flat,,,,,,Overcast,237000,0,0,0,2,,,0,,,,,,Auckland Region,Nil,2-way,Sealed,,0,0,,70,,Off,0,0,,76,Auckland,Give way,,,,,0,0,Urban,1,,,Fine,Null
1766025,5900490,636,,524821,0,,0,2,,Null,2008/2009,ROSCOMMON ROAD,BURUNDI AVENUE,,Non-Injury Crash,No,2009,,North,,0,,Flat,,,,,,Bright sun,774405,0,0,0,2,,,0,,,,,,Auckland Region,Nil,2-way,Sealed,,0,0,,50,,None,0,0,,76,Auckland,Give way,,,,,0,0,Urban,0,,,Fine,Null
1767989,5904407,637,,523722,0,,0,2,,East,2008/2009,MANUKAU ON SBD,SH 1N,,Non-Injury Crash,Yes,2009,,West,,0,,Flat,,,,,,Bright sun,715805,0,0,0,1,,,0,,,,,,Auckland Region,Motorway ramp,1-way,Sealed,,0,0,,100,,Null,0,0,,76,Auckland,Unknown,,,,,0,0,Open,0,,,Fine,Null
1562449,5176269,638,,587842,0,,0,1,,East,2009/2010,HALSWELL JUNCTION ROAD,SPRINGS ROAD,,Serious Crash,No,2009,,South,,0,,Flat,,,,,,Bright sun,2499400,0,0,0,2,,,0,,,,,,Canterbury Region,Nil,2-way,Sealed,,0,1,,80,,Null,0,0,,60,Christchurch City,Unknown,,,,,1,0,Open,0,,,Fine,Null
1804175,5813749,639,,530700,0,,0,2,,Null,2008/2009,SH 1N,CAMBRIDGE ROAD,,Non-Injury Crash,Yes,2009,,East,,0,,Flat,,,,,,Twilight,887701,0,0,0,2,,,0,,,,,,Waikato Region,Nil,2-way,Sealed,,0,0,,60,,On,0,0,,16,Hamilton City,Give way,,,,,0,0,Urban,0,,,Fine,Null
1461718,5321219,640,,584931,0,,0,0,,South,2009/2010,SH 6,CARGILLS ROAD,,Minor Crash,Yes,2009,,South,,0,,Flat,,,,,,Bright sun,2401900,1,0,1,2,,,0,,,1,,,West Coast Region,Nil,2-way,Sealed,,0,0,,100,,Null,0,0,,56,Grey District,Nil,,,,,0,0,Open,0,,,Fine,Null
1884208,5825182,641,,536831,0,,0,0,,Null,2008/2009,SH 2,GIRVEN ROAD,,Non-Injury Crash,Yes,2009,,West,,0,,Flat,,,,,,Dark,1201605,0,0,0,4,,,0,,,,,,Bay of Plenty Region,Nil,2-way,Sealed,,0,0,,70,,On,1,0,,23,Tauranga City,Give way,,,,,1,0,Urban,0,,,Fine,Null
1759255,5916669,642,,516001,0,,0,1,,South,2009/2010,SH 1N,MARKET OBR,,Non-Injury Crash,Yes,2009,,North,,0,,Flat,,,,,,Dark,491700,0,0,0,4,,,0,,,,,,Auckland Region,Nil,1-way,Sealed,,0,0,,100,,On,1,0,,76,Auckland,Nil,,,,,0,0,Open,0,,,Heavy rain,Null