X,Y,OBJECTID,advisorySpeed,areaUnitID,bicycle,bridge,bus,carStationWagon,cliffBank,crashDirectionDescription,crashFinancialYear,crashLocation1,crashLocation2,crashRoadSideRoad,crashSeverity,crashSHDescription,crashYear,debris,directionRoleDescription,ditch,fatalCount,fence,flatHill,guardRail,holiday,houseOrBuilding,intersection,kerb,light,meshblockId,minorInjuryCount,moped,motorcycle,NumberOfLanes,objectThrownOrDropped,otherObject,otherVehicleType,overBank,parkedVehicle,pedestrian,phoneBoxEtc,postOrPole,region,roadCharacter,roadLane,roadSurface,roadworks,schoolBus,seriousInjuryCount,slipOrFlood,speedLimit,strayAnimal,streetLight,suv,taxi,temporarySpeedLimit,tlaId,tlaName,trafficControl,trafficIsland,trafficSign,train,tree,truck,unknownVehicleType,urban,vanOrUtility,vehicle,waterRiver,weatherA,weatherB
1856949,5837429,643,,536615,0,0,0,2,1,Null,2009/2010,SH 2,TETLEY ROAD,,Non-Injury Crash,Yes,2009,0,South,0,0,0,Flat,0,,0,,0,Dark,1182300,0,0,0,2,0,0,0,0,0,,0,0,Bay of Plenty Region,Nil,2-way,Sealed,0,0,0,0,100,0,None,0,0,,22,Western Bay of Plenty District,Stop,0,0,0,0,0,0,Open,0,0,0,Fine,Null
1757299,5918889,644,,514301,0,,0,2,,Null,2009/2010,SH 1N,GRAFTON ON SBD,,Non-Injury Crash,Yes,2009,,South,,0,,Hill Road,,,,,,Dark,441600,0,0,0,4,,,0,,,,,,Auckland Region,Nil,2-way,Sealed,,0,0,,80,,On,0,0,,76,Auckland,Nil,,,,,0,0,Open,0,,,Fine,Null
1756877,5920094,645,,514102,0,,0,2,,South,2008/2009,HOBSON ST,COOK ST,,Non-Injury Crash,No,2009,,North,,0,,Flat,,,,,,Dark,434701,0,0,0,5,,,0,,,,,,Auckland Region,Nil,1-way,Sealed,,0,0,,50,,On,0,0,,76,Auckland,Nil,,,,,0,0,Urban,0,,,Light rain,Null
1797519,5815152,646,,528601,0,0,0,2,0,South,2008/2009,THOMSON AVENUE,ABERDEEN DRIVE,,Non-Injury Crash,No,2009,0,South,0,0,0,Hill Road,0,,0,,0,Bright sun,920201,0,0,0,2,0,0,0,0,1,,0,0,Waikato Region,Nil,2-way,Sealed,0,0,0,0,50,0,Off,0,0,,16,Hamilton City,Nil,0,0,0,0,0,0,Urban,0,0,0,Fine,Null
1984600,5786689,647,,542906,0,0,0,0,1,West,2008/2009,SH 35,JACKSON ROAD,,Non-Injury Crash,Yes,2009,0,East,0,0,0,Flat,0,,0,,0,Dark,1336700,0,0,0,2,0,0,0,0,0,,0,0,Bay of Plenty Region,Nil,2-way,Sealed,0,0,0,0,100,0,None,1,0,,27,Ōpōtiki District,Nil,0,0,0,0,0,0,Open,0,0,0,Fine,Null
1805769,5785715,648,,527936,0,,0,2,,North,2008/2009,SH 3,ALLEN ROAD,,Non-Injury Crash,Yes,2009,,South,,0,,Flat,,,,,,Overcast,989311,0,0,0,2,,,0,,,,,,Waikato Region,Nil,2-way,Sealed,,0,0,,100,,Null,0,0,,17,Waipa District,Unknown,,,,,0,0,Open,0,,,Light rain,Null
1756723,5919480,649,,514200,0,,0,1,,East,2009/2010,KARANGAHAPE ROAD,EAST ST,,Non-Injury Crash,No,2009,,South,,0,,Flat,,,,,,Overcast,412100,0,0,0,4,,,0,,,,,,Auckland Region,Nil,2-way,Sealed,,0,0,,50,,Off,1,0,,76,Auckland,Give way,,,,,0,0,Urban,0,,,Fine,Null
1759430,5918870,650,,515901,0,0,0,1,0,South,2009/2010,BRIGHTON ROAD,ELAM ST,,Non-Injury Crash,No,2009,0,South,0,0,0,Hill Road,0,,0,,0,Overcast,456702,0,0,0,2,0,0,0,0,0,,0,0,Auckland Region,Nil,2-way,Sealed,0,0,0,0,50,0,Null,0,0,,76,Auckland,Unknown,0,0,0,1,0,0,Urban,0,0,0,Light rain,Null
1976668,5784574,651,,542800,0,,0,1,,Null,2008/2009,RICHARD ST,GORING ST,,Non-Injury Crash,No,2009,,West,,0,,Flat,,,,,,Bright sun,1340000,0,0,0,2,,,0,,,,,,Bay of Plenty Region,Nil,2-way,Sealed,,0,0,,50,,Off,0,0,,27,Ōpōtiki District,Stop,,,,,0,0,Urban,0,,,Fine,Null
1743936,5914982,652,,513013,0,,0,2,,North,2008/2009,FOREST HILL ROAD,PINE AVENUE,,Non-Injury Crash,No,2009,,South,,0,,Flat,,,,,,Dark,281300,0,0,0,4,,,0,,,,,,Auckland Region,Nil,2-way,Sealed,,0,0,,50,,On,0,0,,76,Auckland,Stop,,,,,0,0,Urban,0,,,Null,Null
1882722,5774013,653,,539600,0,,0,1,,West,2008/2009,SUNSET ROAD,WRIGLEY ROAD,,Non-Injury Crash,No,2009,,West,,0,,Flat,,,,,,Bright sun,1227800,0,0,0,2,,,0,,,,,,Bay of Plenty Region,Nil,2-way,Sealed,,0,0,,50,,Off,0,0,,24,Rotorua District,Nil,,,,,0,0,Urban,1,,,Fine,Null
1755538,5915593,654,,518302,0,,0,2,,Null,2008/2009,DOMINION ROAD,HALESOWEN AVENUE,,Non-Injury Crash,No,2009,,South,,0,,Flat,,,,,,Dark,554900,0,0,0,2,,,0,,,,,,Auckland Region,Nil,2-way,Sealed,,0,0,,50,,On,0,0,,76,Auckland,Nil,,,,,0,0,Urban,0,,,Null,Null
1755139,5929054,655,,508320,0,,0,2,,South,2009/2010,DIANA DRIVE,WAIRAU ROAD,,Non-Injury Crash,No,2009,,North,,0,,Flat,,,,,,Overcast,196700,0,0,0,2,,,0,,,,,,Auckland Region,Nil,2-way,Sealed,,0,0,,50,,None,0,0,,76,Auckland,Nil,,,,,0,0,Urban,0,,,Light rain,Null
1772316,5914064,656,,521602,0,0,0,1,0,Null,2009/2010,MINERVA TERRACE,PAPAROA ROAD,,Non-Injury Crash,No,2009,0,South,0,0,0,Hill Road,0,,0,,0,Dark,649800,0,0,0,2,0,0,0,0,0,,0,0,Auckland Region,Nil,2-way,Sealed,0,0,0,0,50,0,On,0,0,,76,Auckland,Give way,1,1,0,0,0,0,Urban,0,0,0,Fine,Null
1746846,5922558,657,,512201,0,,0,2,,North,2009/2010,TE ATATU ROAD,WHARF ROAD,,Non-Injury Crash,No,2009,,South,,0,,Flat,,,,,,Bright sun,245400,0,0,0,2,,,0,,,,,,Auckland Region,Nil,2-way,Sealed,,0,0,,50,,Off,0,0,,76,Auckland,Nil,,,,,0,0,Urban,0,,,Fine,Null
1754299,5928176,658,,508310,0,,0,1,,Null,2008/2009,CHIVALRY ROAD,DIANA DRIVE,,Non-Injury Crash,No,2009,,East,,0,,Flat,,,,,,Overcast,200600,0,0,0,2,,,0,,,,,,Auckland Region,Nil,2-way,Sealed,,0,0,,50,,Null,1,0,,76,Auckland,Traffic Signals,,,,,0,0,Urban,0,,,Fine,Null
1753543,5932499,659,,508807,0,,0,0,,South,2008/2009,SH 1N,GREVILLE OBR,,Non-Injury Crash,Yes,2009,,North,,0,,Flat,,,,,,Overcast,180811,0,0,0,2,,,0,,,,,,Auckland Region,Nil,2-way,Sealed,,0,0,,100,,On,0,0,,76,Auckland,Nil,,,,,0,0,Open,3,,,Light rain,Null
1756224,5924233,660,,509702,0,,0,1,,Null,2009/2010,SH 1N,ONEWA ON SBD,,Non-Injury Crash,Yes,2009,,South,,0,,Flat,,,,,,Bright sun,366700,0,0,0,3,,,0,,,,,,Auckland Region,Nil,1-way,Sealed,,0,0,,100,,Off,1,0,,76,Auckland,Nil,,,,,0,0,Open,0,,,Fine,Null
1757841,5920088,661,,514103,0,,0,2,,East,2009/2010,GRAFTON ROAD,SYMONDS ST,,Non-Injury Crash,No,2009,,West,,0,,Flat,,,,,,Dark,437400,0,0,0,4,,,0,,,,,,Auckland Region,Nil,2-way,Sealed,,0,0,,50,,On,0,0,,76,Auckland,Traffic Signals,,,,,0,0,Urban,0,,,Heavy rain,Null
1793743,5559781,662,,559230,0,0,0,0,1,West,2008/2009,SH 3,UNION LINE,,Non-Injury Crash,Yes,2009,0,West,0,0,0,Flat,0,,0,,0,Overcast,1733000,0,0,0,2,0,0,0,0,0,,0,0,Manawatū-Whanganui Region,Nil,2-way,Sealed,0,0,0,0,100,0,Null,0,0,,38,Rangitikei District,Nil,0,0,0,0,0,0,Open,1,0,0,Fine,Null
1692541,5673781,663,,552400,0,,0,0,,West,2008/2009,BROIS ST,GLENPARK AVENUE,,Minor Crash,No,2009,,North,,0,,Hill Road,,,,,,Bright sun,1573500,1,0,0,2,,,0,,,1,,,Taranaki Region,Nil,2-way,Sealed,,0,0,,50,,Null,0,0,,33,New Plymouth District,Nil,,,,,0,0,Urban,1,,,Fine,Null
1839867,5910147,664,,533200,0,1,0,1,0,Null,2008/2009,SH 25,WAIWAWA RIV BR,,Non-Injury Crash,Yes,2009,0,South,0,0,0,Flat,0,,0,,1,Dark,1047701,0,0,0,1,0,0,0,0,0,,0,0,Waikato Region,Bridge,2-way,Sealed,0,0,0,0,50,0,On,0,0,,11,Thames-Coromandel District,Unknown,0,0,0,0,0,0,Urban,0,0,0,Fine,Null
1763733,5907035,665,45,524301,0,,0,1,,Null,2008/2009,EDEN ST,LANDON AVENUE,,Non-Injury Crash,No,2009,,East,,0,,Flat,,,,,,Bright sun,656301,0,0,0,2,,,0,,,,,,Auckland Region,Nil,2-way,Sealed,,0,0,,50,,Null,1,0,,76,Auckland,Give way,,,,,0,0,Urban,0,,,Fine,Null
1749252,5913597,666,,511401,0,,0,1,,East,2009/2010,TITIRANGI ROAD,MARGAN AVENUE,,Non-Injury Crash,No,2009,,West,,0,,Flat,,,,,,Bright sun,263304,0,0,0,4,,,0,,,,,,Auckland Region,Nil,2-way,Sealed,,0,0,,50,,Off,0,0,,76,Auckland,Nil,,,,,0,0,Urban,1,,,Fine,Null
1764673,5905766,667,,522100,0,,0,1,,Null,2009/2010,STATION ROAD,WYLLIE ROAD,,Non-Injury Crash,No,2009,,East,,0,,Flat,,,,,,Overcast,657700,0,0,0,4,,,0,,,,,,Auckland Region,Nil,2-way,Sealed,,0,0,,50,,Off,1,0,,76,Auckland,Traffic Signals,,,,,0,0,Urban,0,,,Fine,Null
1418447,4948299,668,,601400,0,,0,2,,Null,2009/2010,SH 1S,MALLOCH ST,,Minor Crash,Yes,2009,,North,,0,,Flat,,,,,,Bright sun,2855700,1,0,0,2,,,0,,,,,,Otago Region,Nil,2-way,Sealed,,0,0,,50,,Null,0,0,,71,Dunedin City,Give way,,,,,0,0,Urban,0,,,Fine,Null
1772979,5895729,669,,525410,0,,0,2,,Null,2008/2009,OPAHEKE ROAD,ONSLOW ROAD,,Non-Injury Crash,No,2009,,South,,0,,Hill Road,,,,,,Bright sun,793301,0,0,0,2,,,0,,,,,,Auckland Region,Nil,2-way,Sealed,,0,0,,50,,Off,0,0,,76,Auckland,Stop,,,,,0,0,Urban,0,,,Fine,Null
1790646,5839983,670,,527402,0,,0,0,,South,2009/2010,SH 1N,TAINUI BRIDGE ROAD,,Non-Injury Crash,Yes,2009,,North,,0,,Flat,,,,,,Overcast,947100,0,0,0,4,,,0,,,,,,Waikato Region,Nil,2-way,Sealed,,0,0,,50,,Off,0,0,,13,Waikato District,Nil,,,,,0,0,Urban,2,,,Light rain,Null
1884594,5774031,671,,540410,0,,0,1,,Null,2009/2010,RANOLF ST,PUKUATUA ST,,Non-Injury Crash,No,2009,,South,,0,,Flat,,,,,,Overcast,1231900,0,0,0,2,,,0,,,,,,Bay of Plenty Region,Nil,2-way,Sealed,,0,0,,50,,Null,0,0,,24,Rotorua District,Give way,,,,,0,0,Urban,1,,,Fine,Null
2037348,5708257,672,,544600,0,,0,1,,North,2008/2009,GLADSTONE ROAD,PEEL ST,,Non-Injury Crash,No,2009,,West,,0,,Flat,,,,,,Overcast,1371000,0,0,0,2,,,0,,,,,,Gisborne Region,Nil,2-way,Sealed,,0,0,,50,,Null,1,0,,28,Gisborne District,Nil,,,,,0,0,Urban,0,,,Fine,Null
1817108,5807105,673,,527133,0,0,0,0,0,West,2008/2009,ZIG ZAG ROAD,SWAYNE ROAD,,Non-Injury Crash,No,2009,0,North,0,0,1,Flat,0,,0,,0,Bright sun,958800,0,0,0,2,0,0,0,0,0,,0,0,Waikato Region,Nil,2-way,Sealed,0,0,0,0,100,0,Null,0,0,,17,Waipa District,Unknown,0,0,0,0,0,0,Open,1,0,0,Fine,Null
1886504,5820937,674,,536512,0,0,0,1,0,North,2009/2010,KAIRUA ROAD,WELCOME BAY ROAD,,Non-Injury Crash,No,2009,0,North,0,0,0,Flat,0,,0,,0,Dark,1206704,0,0,0,2,0,0,0,0,0,,0,1,Bay of Plenty Region,Nil,2-way,Sealed,0,0,0,0,100,0,None,0,0,,23,Tauranga City,Unknown,0,0,0,0,0,0,Open,0,0,0,Heavy rain,Null
1719548,6033252,675,,501811,0,,0,0,,South,2008/2009,SH 1N,SPRINGFIELD ROAD,,Non-Injury Crash,Yes,2009,,South,,0,,Hill Road,,,,,,Overcast,77600,0,0,0,3,,,0,,,,,,Northland Region,Nil,2-way,Sealed,,0,0,,100,,None,1,0,,2,Whangarei District,Nil,,,,,0,0,Open,0,,,Fine,Null
1769892,5899497,676,,523911,0,,0,1,,Null,2008/2009,SH 1N,TAKANINI OFF SBD,,Non-Injury Crash,Yes,2009,,South,,0,,Flat,,,,,,Bright sun,766500,0,0,0,3,,,0,,,,,,Auckland Region,Nil,2-way,Sealed,,0,0,,100,,Null,1,0,,76,Auckland,Give way,,,,,0,0,Open,0,,,Fine,Null
1768311,5913868,677,,523000,0,,0,2,,Null,2009/2010,PAKURANGA ROAD,GOSSAMER DRIVE,,Non-Injury Crash,No,2009,,West,,0,,Hill Road,,,,,,Dark,690700,0,0,0,6,,,0,,,,,,Auckland Region,Nil,2-way,Sealed,,0,0,,60,,On,0,0,,76,Auckland,Traffic Signals,,,,,0,0,Urban,0,,,Light rain,Null
1882105,5775190,678,,539100,0,0,0,1,0,Null,2008/2009,BROOKLAND ROAD,ROSS ROAD,,Non-Injury Crash,No,2009,0,North,0,0,0,Flat,0,,0,,0,Dark,1219401,0,0,0,2,0,0,0,0,0,,0,1,Bay of Plenty Region,Nil,2-way,Sealed,0,0,0,0,50,0,On,0,0,,24,Rotorua District,Give way,0,0,0,0,0,0,Urban,0,0,0,Fine,Null
1745409,5917213,679,,510800,1,,0,1,,West,2008/2009,RAILSIDE AVENUE,GREAT NORTH ROAD,,Non-Injury Crash,No,2009,,West,,0,,Flat,,,,,,Bright sun,241600,0,0,0,2,,,0,,,,,,Auckland Region,Nil,2-way,Sealed,,0,0,,50,,Null,0,0,,76,Auckland,Nil,,,,,0,0,Urban,0,,,Fine,Null
1764429,5908718,680,,521901,0,,0,2,,Null,2009/2010,GREAT SOUTH ROAD,BEATTY ST,,Non-Injury Crash,No,2009,,North,,0,,Flat,,,,,,Overcast,785600,0,0,0,4,,,0,,,,,,Auckland Region,Nil,2-way,Sealed,,0,0,,50,,Off,0,0,,76,Auckland,Stop,,,,,0,0,Urban,0,,,Fine,Null
1683843,6080259,681,,501634,0,0,0,1,0,West,2008/2009,NGAPIPITO ROAD,TANA ROAD,,Non-Injury Crash,No,2009,0,East,1,0,0,Hill Road,0,,0,,0,Dark,47500,0,0,0,2,0,0,0,0,0,,0,0,Northland Region,Nil,2-way,Unsealed,0,0,0,0,100,0,None,0,0,,1,Far North District,Unknown,0,0,0,0,0,0,Open,0,0,0,Fine,Null
1876304,5824648,682,,537100,0,0,0,1,0,Null,2008/2009,SEYMOUR PLACE,CROMBIE ST,,Non-Injury Crash,No,2009,0,North,0,0,1,Flat,0,,0,,0,Dark,1158700,0,0,0,2,0,0,0,0,0,,0,0,Bay of Plenty Region,Nil,2-way,Sealed,0,0,0,0,50,0,On,0,0,,23,Tauranga City,Nil,0,0,0,0,0,0,Urban,0,0,0,Fine,Null
1745306,5917361,683,,510800,0,,0,3,,South,2008/2009,HENDERSON VALLEY ROAD,GREAT NORTH ROAD,,Non-Injury Crash,No,2009,,West,,0,,Flat,,,,,,Overcast,241500,0,0,0,4,,,0,,,,,,Auckland Region,Nil,2-way,Sealed,,0,0,,50,,Off,0,0,,76,Auckland,Nil,,,,,0,0,Urban,1,,,Fine,Null
1772081,5897688,684,,523912,0,0,0,2,0,West,2009/2010,TIRONUI STATION ROAD EAST,PORCHESTER ROAD,,Non-Injury Crash,No,2009,0,South,0,0,0,Flat,0,,0,,0,Overcast,766400,0,0,0,2,0,0,0,0,0,,0,0,Auckland Region,Nil,2-way,Sealed,0,0,0,0,50,0,Off,0,0,,76,Auckland,Nil,0,0,0,0,0,0,Urban,0,1,0,Light rain,Null
1717320,6038305,685,,502005,0,0,0,0,0,South,2009/2010,SH 1N,PORTLAND ROAD,,Non-Injury Crash,Yes,2009,1,North,0,0,0,Flat,0,,0,,0,Overcast,74601,0,0,0,2,0,0,0,0,0,,0,0,Northland Region,Nil,2-way,Sealed,0,0,0,0,100,0,None,1,0,,2,Whangarei District,Nil,0,0,0,0,0,0,Open,0,0,0,Fine,Null
1752611,5954897,686,,506613,0,0,0,1,0,North,2008/2009,HIBISCUS COAST HIGHWAY,WAIWERA ROAD,,Non-Injury Crash,No,2009,0,South,0,0,0,Hill Road,0,,0,,0,Dark,147000,0,0,0,2,0,0,0,0,0,,0,0,Auckland Region,Nil,2-way,Sealed,0,0,0,0,80,0,None,0,0,,76,Auckland,Nil,0,0,0,1,0,0,Open,0,0,0,Fine,Null
1771523,5897824,687,,523912,0,,0,2,,Null,2008/2009,WALTERS ROAD,GREAT SOUTH ROAD,,Non-Injury Crash,No,2009,,West,,0,,Flat,,,,,,Bright sun,766200,0,0,0,2,,,0,,,,,,Auckland Region,Nil,2-way,Sealed,,0,0,,50,,Off,0,0,,76,Auckland,Stop,,,,,0,0,Urban,0,,,Fine,Null
1753781,5936736,688,,508703,0,,0,2,,Null,2009/2010,EAST COAST ROAD,GLENVAR ROAD,,Non-Injury Crash,No,2009,,South,,0,,Hill Road,,,,,,Overcast,179213,0,0,0,2,,,0,,,,,,Auckland Region,Nil,2-way,Sealed,,0,0,,50,,Null,0,0,,76,Auckland,Give way,,,,,0,0,Urban,0,,,Light rain,Null
1766974,5903708,689,,524602,0,,0,2,,South,2008/2009,DRUCES ROAD,WIRI STATION ROAD,,Non-Injury Crash,No,2009,,South,,0,,Flat,,,,,,Bright sun,780411,0,0,0,2,,,0,,,,,,Auckland Region,Nil,2-way,Sealed,,0,0,,70,,Off,0,0,,76,Auckland,Traffic Signals,,,,,0,0,Urban,0,,,Fine,Null
1797885,5814571,690,,528602,0,,0,2,,Null,2009/2010,SH 23,DINSDALE ROAD,,Non-Injury Crash,Yes,2009,,East,,0,,Flat,,,,,,Twilight,921100,0,0,0,4,,,0,,,,,,Waikato Region,Nil,2-way,Sealed,,0,0,,50,,Off,0,0,,16,Hamilton City,Give way,,,,,0,0,Urban,0,,,Fine,Null
1802048,5816965,691,,530000,0,,0,3,,East,2008/2009,FIFTH AVENUE,PEACHGROVE ROAD,,Non-Injury Crash,No,2009,,East,,0,,Flat,,,,,,Twilight,867200,0,0,0,2,,,0,,,,,,Waikato Region,Nil,2-way,Sealed,,0,0,,50,,On,0,0,,16,Hamilton City,Unknown,,,,,0,0,Urban,0,,,Fine,Null
1755285,5921705,692,,515202,0,,0,1,,South,2008/2009,SH 1N,CURRAN ON NBD,,Non-Injury Crash,Yes,2009,,North,,0,,Flat,,,,,,Overcast,423600,0,0,0,6,,,0,,,,,,Auckland Region,Nil,2-way,Sealed,,0,0,,80,,Null,1,0,,76,Auckland,Unknown,,,,,0,0,Open,0,,,Fine,Null
1770196,5898109,693,,523920,0,,0,2,,Null,2008/2009,WALTER STREVENS DRIVE,FRAMALDA PLACE,,Non-Injury Crash,No,2009,,North,,0,,Flat,,,,,,Bright sun,767918,0,0,0,2,,,0,,,,,,Auckland Region,Nil,2-way,Sealed,,0,0,,50,,Off,0,0,,76,Auckland,Nil,,,,,0,0,Urban,0,,,Fine,Null
1769315,5907462,694,,523711,0,,0,1,,Null,2008/2009,TE IRIRANGI DRIVE,ORMISTON ROAD,,Non-Injury Crash,No,2009,,North,,0,,Flat,,,,,,Dark,712801,0,0,0,2,,,0,,,,,,Auckland Region,Nil,2-way,Sealed,,0,0,,80,,On,0,0,,76,Auckland,Give way,,,,,0,0,Open,1,,,Fine,Null
1759236,5916692,695,,516001,0,,0,0,,South,2009/2010,SH 1N,MARKET OBR,,Non-Injury Crash,Yes,2009,,North,,0,,Flat,,,,,,Overcast,491700,0,0,1,3,,,0,,,,,,Auckland Region,Nil,1-way,Sealed,,0,0,,100,,Off,0,0,,76,Auckland,Nil,,,,,0,0,Open,0,,,Light rain,Null
1766904,5907645,696,,523602,0,,0,2,,Null,2009/2010,EAST TAMAKI ROAD,BAIRDS ROAD,,Non-Injury Crash,No,2009,,West,,0,,Flat,,,,,,Dark,709300,0,0,0,2,,,0,,,,,,Auckland Region,Nil,2-way,Sealed,,0,0,,20,,On,0,0,,76,Auckland,Traffic Signals,,,,,0,0,Urban,0,,,Fine,Null
1883978,5774978,697,,540200,0,,0,2,,West,2008/2009,LAKE ROAD,WHITTAKER ROAD,,Non-Injury Crash,No,2009,,East,,0,,Flat,,,,,,Bright sun,1223900,0,0,0,2,,,0,,,,,,Bay of Plenty Region,Nil,2-way,Sealed,,0,0,,50,,Null,0,0,,24,Rotorua District,Unknown,,,,,0,0,Urban,0,,,Fine,Null
1757035,5916813,698,,518202,0,,0,1,,East,2008/2009,STOKES ROAD,MOUNT EDEN ROAD,,Non-Injury Crash,No,2009,,West,,0,,Flat,,,,,,Overcast,550200,0,1,0,2,,,0,,,,,,Auckland Region,Nil,2-way,Sealed,,0,0,,50,,Off,0,0,,76,Auckland,Traffic Signals,,,,,0,0,Urban,0,,,Fine,Null
1768726,5900761,699,,525001,0,,0,1,,Null,2008/2009,WEYMOUTH ROAD,BEAUMONTS WAY,,Non-Injury Crash,No,2009,,West,,0,,Hill Road,,,,,,Overcast,752100,0,0,0,2,,,0,,,,,,Auckland Region,Nil,2-way,Sealed,,0,0,,50,,Off,0,0,,76,Auckland,Nil,,,,,0,0,Urban,1,,,Fine,Null
1757450,5918758,700,,514302,0,,0,2,,South,2008/2009,SH 1N,GRAFTON OBR,,Non-Injury Crash,Yes,2009,,South,,0,,Flat,,,,,,Overcast,442500,0,0,0,3,,,0,,,,,,Auckland Region,Nil,2-way,Sealed,,0,0,,80,,None,0,0,,76,Auckland,Nil,,,,,0,0,Open,0,,,Fine,Null
1891329,5812939,701,,538501,0,,0,2,,East,2009/2010,MACLOUGHLIN DRIVE,HAYWARD COURT,,Non-Injury Crash,No,2009,,East,,0,,Flat,,,,,,Dark,1214205,0,0,0,2,,,0,,,,,,Bay of Plenty Region,Nil,2-way,Sealed,,0,0,,50,,On,0,0,,22,Western Bay of Plenty District,Nil,,,,,0,0,Urban,0,,,Light rain,Null
1867376,5713149,702,,541720,0,0,0,1,0,South,2009/2010,TITIRAUPENGA ST,TUWHARETOA ST,,Non-Injury Crash,No,2009,0,South,0,0,0,Flat,0,,0,,0,Dark,1274400,0,0,0,2,0,0,0,0,1,,0,0,Waikato Region,Nil,2-way,Sealed,0,0,0,0,50,0,None,0,0,,21,Taupo District,Unknown,0,0,0,0,0,0,Urban,1,0,0,Light rain,Null
1757194,5919014,703,,514301,0,,0,1,,South,2008/2009,SH 1N,SYMONDS OBR,,Non-Injury Crash,Yes,2009,,North,,0,,Flat,,,,,,Overcast,441200,0,0,0,4,,,0,,,,,,Auckland Region,Nil,1-way,Sealed,,0,0,,80,,Off,1,0,,76,Auckland,Nil,,,,,0,0,Open,0,,,Fine,Null
1757386,5919974,704,,514103,0,,1,0,,Null,2008/2009,MAYORAL DRIVE,LORNE ST,,Non-Injury Crash,No,2009,,West,,0,,Flat,,,,,,Bright sun,436700,0,0,0,4,,,0,,,,,,Auckland Region,Nil,2-way,Sealed,,0,0,,50,,Off,1,0,,76,Auckland,Nil,,,,,0,0,Urban,0,,,Fine,Null
1821401,5801981,705,,535241,0,,0,1,,North,2008/2009,SH 1N,HICKEY ROAD,,Non-Injury Crash,Yes,2009,,East,,0,,Flat,,,,,,Overcast,1122700,0,0,0,3,,,0,,,,,,Waikato Region,Nil,2-way,Sealed,,0,0,,100,,Null,1,0,,17,Waipa District,Unknown,,,,,1,0,Open,0,,,Light rain,Null
1755380,5929436,706,,508510,0,0,0,1,0,North,2008/2009,SH 1N,TRISTRAM OFF SBD,,Non-Injury Crash,Yes,2009,0,South,0,0,0,Flat,1,,0,,0,Overcast,194300,0,0,0,2,0,0,0,0,0,,0,0,Auckland Region,Nil,1-way,Sealed,0,0,0,0,100,0,Null,0,0,,76,Auckland,Unknown,0,0,0,0,0,0,Open,0,0,0,Heavy rain,Null
1801777,5817403,707,,530000,0,0,0,1,0,North,2009/2010,PEACHGROVE ROAD,MARSHALL ST,,Non-Injury Crash,No,2009,0,North,0,0,0,Flat,0,,0,,0,Dark,864500,0,0,0,2,0,0,0,0,0,,0,0,Waikato Region,Nil,2-way,Sealed,0,0,0,0,50,0,On,0,0,,16,Hamilton City,Nil,1,0,0,0,0,0,Urban,0,0,0,Fine,Null
1752370,5913375,708,,514600,0,0,0,2,0,South,2008/2009,TRINIDAD ST,DUNDALE AVENUE,,Non-Injury Crash,No,2009,0,North,0,0,0,Hill Road,0,,0,,0,Dark,373200,0,0,0,2,0,0,0,0,1,,0,0,Auckland Region,Nil,2-way,Sealed,0,0,0,0,50,0,On,0,0,,76,Auckland,Nil,0,0,0,0,0,0,Urban,0,0,0,Mist or Fog,Null
1876820,5819626,709,,537601,0,,0,1,,East,2009/2010,WAIMAPU ST,FRASER ST,,Non-Injury Crash,No,2009,,East,,0,,Flat,,,,,,Bright sun,1176300,0,0,0,2,,,0,,,,,,Bay of Plenty Region,Nil,2-way,Sealed,,0,0,,50,,Null,1,0,,23,Tauranga City,Unknown,,,,,0,0,Urban,0,,,Fine,Null
1416810,4947313,710,,601603,0,0,0,1,1,South,2008/2009,SH 1S,RAMROCK ROAD,,Minor Crash,Yes,2009,0,North,0,0,0,Flat,0,,0,,0,Dark,2856402,2,0,0,2,0,0,0,0,0,,0,0,Otago Region,Nil,2-way,Sealed,0,0,0,0,100,0,None,0,0,,71,Dunedin City,Unknown,0,0,0,0,0,0,Open,0,0,0,Fine,Null
1751644,5949828,711,,505805,0,,0,2,,North,2008/2009,HIBISCUS COAST HIGHWAY,FLORENCE AVENUE,,Non-Injury Crash,No,2009,,South,,0,,Flat,,,,,,Dark,171500,0,0,0,2,,,0,,,,,,Auckland Region,Nil,2-way,Sealed,,0,0,,50,,On,0,0,,76,Auckland,Traffic Signals,,,,,0,0,Urban,0,,,Light rain,Null
1857886,5839911,712,,535800,0,0,0,1,0,East,2009/2010,BEACH ROAD,TALISMAN DRIVE,,Non-Injury Crash,No,2009,0,West,0,0,0,Hill Road,0,,0,,0,Dark,1182900,0,0,0,2,0,0,0,0,0,,0,1,Bay of Plenty Region,Nil,2-way,Sealed,0,0,0,0,50,0,On,0,0,,22,Western Bay of Plenty District,Unknown,0,0,0,0,0,0,Urban,0,0,0,Mist or Fog,Null
1951089,5791713,713,,542410,0,,0,2,,Null,2008/2009,COMMERCE ST,PYNE ST,,Non-Injury Crash,No,2009,,North,,0,,Flat,,,,,,Bright sun,1305701,0,0,0,2,,,0,,,,,,Bay of Plenty Region,Nil,2-way,Sealed,,0,0,,50,,Null,0,0,,25,Whakatane District,Stop,,,,,0,0,Urban,0,,,Fine,Null