X,Y,OBJECTID,advisorySpeed,areaUnitID,bicycle,bridge,bus,carStationWagon,cliffBank,crashDirectionDescription,crashFinancialYear,crashLocation1,crashLocation2,crashRoadSideRoad,crashSeverity,crashSHDescription,crashYear,debris,directionRoleDescription,ditch,fatalCount,fence,flatHill,guardRail,holiday,houseOrBuilding,intersection,kerb,light,meshblockId,minorInjuryCount,moped,motorcycle,NumberOfLanes,objectThrownOrDropped,otherObject,otherVehicleType,overBank,parkedVehicle,pedestrian,phoneBoxEtc,postOrPole,region,roadCharacter,roadLane,roadSurface,roadworks,schoolBus,seriousInjuryCount,slipOrFlood,speedLimit,strayAnimal,streetLight,suv,taxi,temporarySpeedLimit,tlaId,tlaName,trafficControl,trafficIsland,trafficSign,train,tree,truck,unknownVehicleType,urban,vanOrUtility,vehicle,waterRiver,weatherA,weatherB
1755473,5920516,714,,514000,0,,1,1,,Null,2009/2010,PONSONBY ROAD,POMPALLIER TERRACE,,Non-Injury Crash,No,2009,,North,,0,,Hill Road,,,,,,Overcast,415400,0,0,0,2,,,0,,,,,,Auckland Region,Nil,1-way,Sealed,,0,0,,50,,Null,0,0,,76,Auckland,Nil,,,,,0,0,Urban,0,,,Mist or Fog,Null
1802054,5817169,715,,530000,0,0,0,1,0,East,2008/2009,TENNYSON ROAD,DRYDEN ROAD S,,Non-Injury Crash,No,2009,0,West,0,0,1,Flat,0,,0,,0,Dark,865000,0,0,0,2,0,0,0,0,0,,0,0,Waikato Region,Nil,2-way,Sealed,0,0,0,0,50,0,On,0,0,,16,Hamilton City,Nil,0,0,0,0,0,0,Urban,0,0,0,Fine,Null
1750502,5913724,716,,511303,0,,0,2,,Null,2009/2010,PORTAGE ROAD,CLARK ST,,Non-Injury Crash,No,2009,,West,,0,,Flat,,,,,,Overcast,265300,0,0,0,2,,,0,,,,,,Auckland Region,Nil,2-way,Sealed,,0,0,,50,,Off,0,0,,76,Auckland,Give way,,,,,0,0,Urban,0,,,Light rain,Null
1757003,5926194,717,,509702,0,,0,1,,North,2008/2009,SH 1N,ESMONDE OBR,,Non-Injury Crash,Yes,2009,,North,,0,,Hill Road,,,,,,Overcast,364602,0,0,1,4,,,0,,,,,,Auckland Region,Nil,1-way,Sealed,,0,0,,100,,Null,0,0,,76,Auckland,Unknown,,,,,0,0,Open,0,,,Fine,Null
1766323,5915586,718,,520601,0,0,0,1,0,North,2009/2010,DUNKIRK ROAD,TOBRUK ROAD,,Non-Injury Crash,No,2009,0,North,0,0,0,Flat,0,,0,,0,Dark,633300,0,0,0,1,0,1,0,0,0,,0,0,Auckland Region,Nil,2-way,Sealed,0,0,0,0,50,0,On,0,0,,76,Auckland,Nil,0,0,0,1,0,0,Urban,0,0,0,Fine,Null
1806140,5825180,719,,527122,0,0,0,1,0,North,2009/2010,SH 1B PUKETAHA,TELEPHONE ROAD,,Non-Injury Crash,Yes,2009,0,North,1,0,0,Flat,0,,0,,0,Twilight,953800,0,0,0,2,0,0,0,0,0,,0,0,Waikato Region,Nil,2-way,Sealed,0,0,0,0,50,0,None,0,0,,13,Waikato District,Nil,0,0,0,0,0,0,Urban,0,0,0,Fine,Null
1748086,5912074,720,,511901,0,0,0,2,0,Null,2008/2009,TITIRANGI ROAD,GOLF ROAD,,Non-Injury Crash,No,2009,0,North,0,0,0,Flat,0,,0,,0,Dark,292600,0,0,0,2,0,0,0,0,0,,0,0,Auckland Region,Nil,2-way,Sealed,0,0,0,0,50,0,On,0,0,,76,Auckland,Give way,0,0,0,0,0,0,Urban,0,1,0,Fine,Null
1876085,5826666,721,,537000,0,,0,1,,East,2008/2009,LEVERS ROAD,TILBY DRIVE,,Non-Injury Crash,No,2009,,East,,0,,Flat,,,,,,Overcast,1154002,0,0,0,2,,,0,,,,,,Bay of Plenty Region,Nil,2-way,Sealed,,0,0,,50,,Null,1,0,,23,Tauranga City,Unknown,,,,,0,0,Urban,0,,,Light rain,Null
1439539,5002226,722,,600813,0,,0,2,,Null,2009/2010,BEACH ROAD,TRAILL ST,,Minor Crash,No,2009,,West,,0,,Hill Road,,,,,,Bright sun,2831101,1,0,0,2,,,0,,,,,,Otago Region,Nil,2-way,Sealed,,0,0,,50,,Null,0,0,,68,Waitaki District,Give way,,,,,0,0,Urban,0,,,Fine,Null
1752411,5917902,723,,515003,0,,0,2,,South,2009/2010,CARRINGTON ROAD,SUTHERLAND ROAD,,Non-Injury Crash,No,2009,,South,,0,,Flat,,,,,,Bright sun,391602,0,0,0,2,,,0,,,,,,Auckland Region,Nil,2-way,Sealed,,0,0,,50,,Off,0,0,,76,Auckland,School Patrol/warden,,,,,0,0,Urban,0,,,Fine,Null
1758868,5917206,724,,516001,0,0,0,1,0,South,2009/2010,SH 1N,ST MARKS ON SBD,,Non-Injury Crash,Yes,2009,0,South,0,0,0,Flat,1,,0,,0,Dark,491200,0,0,0,3,0,0,0,0,0,,0,0,Auckland Region,Bridge,2-way,Sealed,0,0,0,0,100,0,On,0,0,,76,Auckland,Unknown,0,0,0,0,0,0,Open,0,0,0,Light rain,Null
1885405,5825378,725,,536832,0,0,0,1,0,South,2008/2009,MARANUI ST,SEASPRAY DRIVE,,Non-Injury Crash,No,2009,0,South,0,0,0,Flat,0,,0,,0,Bright sun,1202100,0,0,0,2,0,0,0,0,1,,0,0,Bay of Plenty Region,Nil,2-way,Sealed,0,0,0,0,50,0,Null,0,0,,23,Tauranga City,Unknown,0,0,0,0,0,0,Urban,1,0,0,Fine,Null
1764729,5911485,726,,520500,0,,0,1,,South,2008/2009,SH 1N,PANAMA OBR,,Non-Injury Crash,Yes,2009,,South,,0,,Flat,,,,,,Bright sun,635800,0,0,0,3,,,0,,,,,,Auckland Region,Nil,2-way,Sealed,,0,0,,100,,Null,0,0,,76,Auckland,Unknown,,,,,1,0,Open,0,,,Fine,Null
1752880,5916612,727,,517901,0,,0,2,,Null,2008/2009,CARRINGTON ROAD,NEW NORTH ROAD,,Non-Injury Crash,No,2009,,South,,0,,Flat,,Easter,,,,Bright sun,524800,0,0,0,2,,,0,,,,,,Auckland Region,Nil,2-way,Sealed,,0,0,,50,,Off,0,0,,76,Auckland,Traffic Signals,,,,,0,0,Urban,0,,,Fine,Null
1758802,5912416,728,,519820,0,,0,2,,Null,2009/2010,SELWYN ST,ARTHUR ST,,Non-Injury Crash,No,2009,,North,,0,,Hill Road,,,,,,Overcast,600800,0,0,0,2,,,0,,,,,,Auckland Region,Nil,2-way,Sealed,,0,0,,50,,Null,0,0,,76,Auckland,Stop,,,,,0,0,Urban,0,,,Fine,Null
1754817,5924758,729,,509800,0,,0,2,,East,2009/2010,ONEWA ROAD,VALLEY ROAD,,Non-Injury Crash,No,2009,,East,,0,,Flat,,,,,,Bright sun,361400,0,0,0,2,,,0,,,,,,Auckland Region,Nil,2-way,Sealed,,0,0,,50,,Off,0,0,,76,Auckland,Nil,,,,,0,0,Urban,0,,,Fine,Null
1754425,5919878,730,,515100,0,0,0,2,0,West,2008/2009,RICHMOND ROAD,PARAWAI CRESCENT,,Non-Injury Crash,No,2009,0,West,0,0,0,Hill Road,0,,0,,0,Dark,400700,0,0,0,2,0,0,0,0,1,,0,0,Auckland Region,Nil,2-way,Sealed,0,0,0,0,50,0,On,0,0,,76,Auckland,Unknown,0,0,0,0,0,0,Urban,0,0,0,Light rain,Null
1801052,5814877,731,,529700,0,,0,2,,Null,2008/2009,HOOD ST,ANGLESEA ST,,Non-Injury Crash,No,2009,,West,,0,,Flat,,,,,,Bright sun,911700,0,0,0,2,,,0,,,,,,Waikato Region,Nil,2-way,Sealed,,0,0,,50,,Null,0,0,,16,Hamilton City,Traffic Signals,,,,,0,0,Urban,0,,,Fine,Null
1216100,4854112,732,,612802,0,0,0,1,0,Null,2008/2009,BAY ROAD,BROOK ST,,Minor Crash,No,2009,0,West,0,0,0,Flat,0,,0,,0,Dark,3189900,1,0,0,2,0,0,0,0,0,,0,1,Southland Region,Nil,2-way,Sealed,0,0,0,0,50,0,On,0,0,,73,Southland District,Give way,0,0,0,0,0,0,Urban,0,0,0,Fine,Strong wind
1751624,5948912,733,,505805,0,,0,1,,North,2009/2010,CENTREWAY ROAD,WEITI ROAD,,Non-Injury Crash,No,2009,,South,,0,,Flat,,,,,,Bright sun,172202,0,0,0,2,,,0,,,,,,Auckland Region,Nil,2-way,Sealed,,0,0,,50,,Null,1,0,,76,Auckland,Give way,,,,,0,0,Urban,0,,,Fine,Null
1755779,5916453,734,,518201,0,,0,2,,North,2009/2010,DOMINION ROAD,DEXTER AVENUE,,Non-Injury Crash,No,2009,,South,,0,,Flat,,,,,,Dark,552900,0,0,0,4,,,0,,,,,,Auckland Region,Nil,2-way,Sealed,,0,0,,50,,On,0,0,,76,Auckland,Nil,,,,,0,0,Urban,0,,,Fine,Null
1817084,5803109,735,,527503,1,,0,0,,South,2008/2009,VICTORIA ST,ALPHA ST,,Non-Injury Crash,No,2009,,North,,0,,Flat,,,,,,Bright sun,962800,0,0,0,2,,,0,,,,,,Waikato Region,Nil,2-way,Sealed,,0,0,,50,,Off,1,0,,17,Waipa District,Nil,,,,,0,0,Urban,0,,,Fine,Null
1705441,6071137,736,65,501620,0,0,0,1,0,East,2008/2009,SH 1N,BARNES ROAD,,Non-Injury Crash,Yes,2009,0,West,0,0,1,Flat,0,,0,,0,Overcast,46002,0,0,0,2,0,0,0,1,0,,0,0,Northland Region,Nil,2-way,Sealed,0,0,0,0,100,0,None,0,0,,1,Far North District,Nil,0,0,0,0,0,0,Open,0,0,0,Fine,Null
1770250,5916287,737,,522604,0,,0,1,,Null,2008/2009,BUCKLANDS BEACH ROAD,LOLOMA DRIVE,,Non-Injury Crash,No,2009,,South,,0,,Flat,,,,,,Overcast,677902,0,0,0,4,,,0,,,,,,Auckland Region,Nil,2-way,Sealed,,0,0,,60,,Off,0,0,,76,Auckland,Give way,,,,,0,0,Urban,1,,,Fine,Null
1805577,5783824,738,,527925,0,0,0,1,0,East,2009/2010,WAIKERIA ROAD,SH 3,,Non-Injury Crash,No,2009,0,West,0,0,0,Flat,0,,0,,0,Dark,984300,0,0,0,2,0,0,0,0,0,,0,0,Waikato Region,Nil,2-way,Sealed,0,0,0,0,100,0,None,0,0,,17,Waipa District,Unknown,0,0,0,0,0,0,Open,0,0,0,Fine,Null
1858181,5839303,739,,535800,0,0,0,1,0,West,2009/2010,FAIRVIEW ROAD,KEA ST,,Non-Injury Crash,No,2009,0,East,0,0,1,Flat,0,,0,,0,Dark,1183807,0,0,0,2,0,0,0,0,0,,0,0,Bay of Plenty Region,Nil,2-way,Sealed,0,0,0,0,50,0,On,0,0,,22,Western Bay of Plenty District,Give way,0,0,0,0,0,0,Urban,0,0,0,Fine,Null
1572225,5181649,740,,593200,0,,0,0,,Null,2009/2010,NORTH AVON ROAD,STANMORE ROAD,,Minor Crash,No,2009,,West,,0,,Flat,,,,,,Bright sun,2697700,1,0,1,3,,,0,,,,,,Canterbury Region,Nil,2-way,Sealed,,0,0,,50,,Null,0,0,,60,Christchurch City,Traffic Signals,,,,,0,0,Urban,1,,,Fine,Null
1751909,5949175,741,,505805,0,,0,3,,South,2009/2010,HIBISCUS COAST HIGHWAY,RIVERSIDE ROAD,,Non-Injury Crash,No,2009,,North,,0,,Flat,,,,,,Overcast,172207,0,0,0,2,,,0,,,,,,Auckland Region,Nil,2-way,Sealed,,0,0,,50,,Null,0,0,,76,Auckland,Unknown,,,,,0,0,Urban,0,,,Light rain,Null
1572703,5180067,742,,593501,0,0,0,1,0,North,2008/2009,ENGLAND ST,HEREFORD ST,,Minor Crash,No,2009,0,North,0,0,1,Flat,0,,0,,0,Overcast,2608700,1,0,0,2,0,0,0,0,0,,0,0,Canterbury Region,Nil,2-way,Sealed,0,0,0,0,50,0,Null,0,0,,60,Christchurch City,Unknown,0,0,0,0,0,0,Urban,0,0,0,Fine,Null
1243210,4849028,743,,611220,0,,0,2,,Null,2009/2010,TWEED ST,YTHAN ST,,Minor Crash,No,2009,,West,,0,,Flat,,,,,,Bright sun,3111500,1,0,0,2,,,0,,,,,,Southland Region,Nil,2-way,Sealed,,0,0,,50,,Null,0,0,,75,Invercargill City,Give way,,,,,0,0,Urban,0,,,Fine,Strong wind
1884253,5772640,744,,540520,0,,0,2,,North,2009/2010,MILLER ST,RIMU ST,,Non-Injury Crash,No,2009,,North,,0,,Flat,,,,,,Dark,1240100,0,0,0,2,,,0,,,,,,Bay of Plenty Region,Nil,2-way,Sealed,,0,0,,50,,On,0,0,,24,Rotorua District,Unknown,,,,,0,0,Urban,0,,,Fine,Null
1758899,5919350,745,,515902,0,,0,1,,Null,2008/2009,PARNELL ROAD,ST GEORGES BAY ROAD,,Non-Injury Crash,No,2009,,South,,0,,Flat,,,,,,Bright sun,451500,0,0,0,2,,,0,,,,,,Auckland Region,Nil,2-way,Sealed,,0,0,,50,,Null,1,0,,76,Auckland,Nil,,,,,0,0,Urban,0,,,Fine,Null
1794155,5810482,746,,527914,0,,0,2,,East,2008/2009,KOROMATUA ROAD,BARRETT ROAD,,Non-Injury Crash,No,2009,,East,,0,,Flat,,,,,,Bright sun,979700,0,0,0,2,,,0,,,,,,Waikato Region,Nil,2-way,Sealed,,0,0,,100,,Null,0,0,,17,Waipa District,Unknown,,,,,0,0,Open,0,,,Fine,Null
1243381,4851625,747,,610800,1,,0,1,,West,2009/2010,HERBERT ST,QUEENS DRIVE,,Minor Crash,No,2009,,West,,0,,Flat,,,,,,Bright sun,3118900,1,0,0,2,,,0,,,,,,Southland Region,Nil,2-way,Sealed,,0,0,,50,,Null,0,0,,75,Invercargill City,Give way,,,,,0,0,Urban,0,,,Fine,Null
1741287,5927439,748,,505604,1,,0,1,,Null,2009/2010,SH 16,COATESVILLE-RIVERHEAD HIG,,Non-Injury Crash,Yes,2009,,East,,0,,Flat,,,,,,Twilight,214502,0,0,0,2,,,0,,,,,,Auckland Region,Nil,2-way,Sealed,,0,0,,80,,On,0,0,,76,Auckland,Stop,,,,,0,0,Open,0,,,Fine,Null
1757563,5920677,749,,514103,0,0,0,2,0,West,2009/2010,SHORTLAND ST,OCONNELL ST,,Non-Injury Crash,No,2009,0,East,0,0,0,Flat,0,,0,,0,Dark,437701,0,0,0,2,0,0,0,0,0,,0,0,Auckland Region,Nil,2-way,Sealed,0,0,0,0,50,0,On,0,0,,76,Auckland,Nil,0,0,0,0,0,0,Urban,0,1,0,Fine,Null
1767895,5911920,750,,522910,0,,0,1,,North,2008/2009,GOSSAMER DRIVE,TI RAKAU DRIVE,,Non-Injury Crash,No,2009,,South,,0,,Flat,,,,,,Dark,687700,0,0,0,2,,,0,,,,,,Auckland Region,Nil,2-way,Sealed,,0,0,,50,,On,1,0,,76,Auckland,Give way,,,,,0,0,Urban,0,,,Light rain,Null
1760178,5915931,751,,516003,0,0,0,1,0,Null,2009/2010,SH 1N,GREENLANE INT S,,Non-Injury Crash,Yes,2009,1,South,0,0,0,Flat,0,,0,,0,Overcast,494902,0,0,0,3,0,0,0,0,0,,0,0,Auckland Region,Nil,1-way,Sealed,0,0,0,0,80,0,Off,0,0,,76,Auckland,Nil,0,0,0,0,0,0,Open,0,0,0,Fine,Null
1720709,6044202,752,,503900,0,,0,0,,Null,2008/2009,PORT ROAD,KIOREROA ROAD,,Non-Injury Crash,No,2009,,North,,0,,Flat,,,,,,Overcast,109200,0,0,0,3,,,0,,,,,,Northland Region,Nil,2-way,Sealed,,0,0,,60,,Off,0,0,,2,Whangarei District,Give way,,,,,0,0,Urban,2,,,Light rain,Null
1820876,5920139,753,,533200,0,0,0,1,0,North,2009/2010,SH 25,GOLDFIELDS ROAD,,Non-Injury Crash,Yes,2009,0,South,1,0,0,Hill Road,0,,0,,0,Bright sun,1046401,0,0,0,2,0,0,0,0,0,,0,0,Waikato Region,Nil,2-way,Sealed,0,0,0,0,100,0,Null,0,0,,11,Thames-Coromandel District,Unknown,0,0,0,0,0,0,Open,1,0,0,Fine,Null
1803847,5437726,754,,579803,0,0,0,0,0,North,2008/2009,SH 53,GEORGES ROAD,,Non-Injury Crash,Yes,2009,0,South,1,0,0,Flat,0,,0,,0,Bright sun,2271300,0,0,0,2,0,0,0,0,0,,0,0,Wellington Region,Nil,2-way,Sealed,0,0,0,0,100,0,Null,0,0,,50,South Wairarapa District,Nil,0,0,0,0,0,0,Open,1,0,0,Fine,Null
1977237,5785231,755,,542906,0,0,0,0,0,South,2008/2009,SH 35,GOW ROAD,,Non-Injury Crash,Yes,2009,0,North,0,0,0,Flat,0,,0,,0,Dark,1336500,0,0,0,2,0,0,0,0,0,,0,0,Bay of Plenty Region,Nil,2-way,Sealed,0,0,0,0,100,0,None,0,0,,27,Ōpōtiki District,Unknown,0,0,0,0,1,0,Open,0,0,0,Light rain,Null
1727585,6011945,756,,501815,0,0,0,1,0,North,2009/2010,SH 1N,SCHULTZ ROAD,,Non-Injury Crash,Yes,2009,0,North,1,0,0,Flat,0,,0,,0,Dark,80700,0,0,0,3,0,0,0,1,0,,0,0,Northland Region,Nil,2-way,Unsealed,0,0,0,0,100,0,On,0,0,60,2,Whangarei District,Nil,0,0,0,0,0,0,Open,0,0,1,Fine,Null
1571766,5180407,757,,593501,0,,0,1,,Null,2008/2009,FITZGERALD AVENUE,ARMAGH ST,,Minor Crash,No,2009,,South,,0,,Flat,,,,,,Bright sun,2610800,1,0,0,3,,,0,,,,,,Canterbury Region,Nil,2-way,Sealed,,0,0,,50,,Null,0,0,30,60,Christchurch City,Traffic Signals,,,,,0,0,Urban,1,,,Fine,Null
1725619,6030624,758,90,501811,0,0,0,1,0,South,2008/2009,SH 1N,COTTON ROAD,,Non-Injury Crash,Yes,2009,0,North,1,0,0,Flat,0,,0,,0,Dark,78304,0,0,0,2,0,0,0,0,0,,0,0,Northland Region,Nil,2-way,Sealed,0,0,0,0,100,0,None,0,0,,2,Whangarei District,Nil,0,0,0,0,0,0,Open,0,0,0,Heavy rain,Null
1678429,6022314,759,,504600,0,,0,1,,Null,2008/2009,SH 12,PORTLAND ST,,Non-Injury Crash,Yes,2009,,East,,0,,Flat,,,,,,Overcast,116300,0,0,0,2,,,0,,,,,,Northland Region,Nil,2-way,Sealed,,0,0,,50,,Null,0,0,,3,Kaipara District,Stop,,,,,0,0,Urban,1,,,Fine,Null
1743372,5923591,760,,513511,0,0,0,2,0,South,2009/2010,DON BUCK ROAD,SH 16,,Non-Injury Crash,No,2009,0,North,0,0,0,Flat,0,,0,,0,Overcast,224306,0,0,0,2,0,0,0,0,1,,0,0,Auckland Region,Nil,2-way,Sealed,0,0,0,0,50,0,Off,0,0,,76,Auckland,Nil,0,0,0,0,0,0,Urban,0,0,0,Fine,Null
1804754,5814222,761,,530600,0,,0,2,,Null,2008/2009,MORRIS ROAD,BEECH CRESCENT,,Non-Injury Crash,No,2009,,North,,0,,Flat,,,,,,Bright sun,885200,0,0,0,2,,,0,,,,,,Waikato Region,Nil,2-way,Sealed,,0,0,,50,,Null,0,0,,16,Hamilton City,Give way,,,,,0,0,Urban,0,,,Fine,Null
1756158,5928094,762,,507900,0,,0,2,,Null,2008/2009,WAIRAU ROAD,FORREST HILL ROAD,,Non-Injury Crash,No,2009,,North,,0,,Flat,,,,,,Dark,307000,0,0,0,2,,,0,,,,,,Auckland Region,Nil,2-way,Sealed,,0,0,,50,,On,0,0,,76,Auckland,Traffic Signals,,,,,0,0,Urban,0,,,Fine,Null
1245221,4852212,763,,610700,0,,0,1,,North,2008/2009,RACECOURSE ROAD,LAYARD ST,,Serious Crash,No,2009,,North,,0,,Hill Road,,,,,,Overcast,3122300,0,0,1,2,,,0,,,,,,Southland Region,Nil,2-way,Sealed,,0,1,,50,,Null,0,0,,75,Invercargill City,Unknown,,,,,0,0,Urban,0,,,Light rain,Null
1771576,5913890,764,,521602,0,,0,2,,Null,2008/2009,UNION ROAD,MOORE ST,,Non-Injury Crash,No,2009,,East,,0,,Hill Road,,,,,,Bright sun,648500,0,0,0,2,,,0,,,,,,Auckland Region,Nil,2-way,Sealed,,0,0,,50,,Off,0,0,,76,Auckland,Stop,,,,,0,0,Urban,0,,,Fine,Null
1748789,5945450,765,,505806,0,,0,2,,Null,2008/2009,HIBISCUS COAST HIGHWAY,SILVERDALE OFF SBD,,Non-Injury Crash,No,2009,,South,,0,,Flat,,,,,,Bright sun,176802,0,0,0,2,,,0,,,,,,Auckland Region,Nil,1-way,Sealed,,0,0,,80,,Null,0,0,,76,Auckland,Give way,,,,,0,0,Open,0,,,Fine,Null
1743489,5919588,766,,513212,0,,0,2,,Null,2009/2010,DON BUCK ROAD,GLEN ROAD,,Non-Injury Crash,No,2009,,North,,0,,Flat,,,,,,Overcast,235400,0,0,0,3,,,0,,,,,,Auckland Region,Nil,2-way,Sealed,,0,0,,50,,Off,0,0,,76,Auckland,Give way,,,,,0,0,Urban,0,,,Light rain,Null
1762955,5907755,767,,524301,0,,0,1,,Null,2008/2009,MASSEY ROAD,TENNESSEE AVENUE,,Non-Injury Crash,No,2009,,South,,0,,Flat,,Queens Birthday,,,,Dark,747401,0,0,0,2,,,0,,,,,,Auckland Region,Nil,2-way,Sealed,,0,0,,50,,On,0,0,,76,Auckland,Nil,,,,,0,0,Urban,1,,,Light rain,Null
1950321,5791527,768,,542410,0,0,0,1,0,East,2008/2009,APANUI AVENUE,MCGARVEY ROAD,,Non-Injury Crash,No,2009,0,East,0,0,0,Flat,0,,1,,1,Bright sun,1307600,0,0,0,2,0,0,0,0,0,,0,0,Bay of Plenty Region,Nil,2-way,Sealed,0,0,0,0,50,0,Null,0,0,,25,Whakatane District,Unknown,0,0,0,0,0,0,Urban,0,0,0,Fine,Null
1878299,5822666,769,,538102,0,,0,2,,Null,2008/2009,CAMERON ROAD,THIRTEENTH AVENUE,,Non-Injury Crash,No,2009,,South,,0,,Flat,,,,,,Bright sun,1167104,0,0,0,4,,,0,,,,,,Bay of Plenty Region,Nil,2-way,Sealed,,0,0,,50,,Null,0,0,,23,Tauranga City,Traffic Signals,,,,,0,0,Urban,0,,,Fine,Null
1749774,5913387,770,,511303,0,,0,2,,Null,2008/2009,RANKIN AVENUE,MARGAN AVENUE,,Non-Injury Crash,No,2009,,West,,0,,Flat,,,,,,Bright sun,264913,0,0,0,2,,,0,,,,,,Auckland Region,Nil,2-way,Sealed,,0,0,,50,,Off,0,0,,76,Auckland,Stop,,,,,0,0,Urban,0,,,Fine,Null
1762705,5917248,771,,516302,0,,0,2,,West,2008/2009,REMUERA ROAD,MEADOWBANK ROAD,,Non-Injury Crash,No,2009,,East,,0,,Hill Road,,,,,,Dark,462900,0,0,0,4,,,0,,,,,,Auckland Region,Nil,2-way,Sealed,,0,0,,50,,On,0,0,,76,Auckland,Nil,,,,,0,0,Urban,0,,,Fine,Null
1754173,5928673,772,,508320,0,0,0,1,0,West,2009/2010,WELDENE AVENUE,NORMANTON ST,,Non-Injury Crash,No,2009,0,East,0,0,1,Hill Road,0,,0,,0,Dark,197700,0,0,0,1,0,0,0,0,1,,0,0,Auckland Region,Nil,2-way,Sealed,0,0,0,0,50,0,On,1,0,,76,Auckland,Nil,0,0,0,0,0,0,Urban,0,0,0,Light rain,Null
1563996,5182473,773,,589601,0,0,0,2,0,Null,2008/2009,MERRIN ST,GLENBURN PLACE,,Minor Crash,No,2009,0,East,0,0,0,Flat,0,,0,,0,Overcast,2529503,1,0,0,2,0,0,0,0,1,,0,0,Canterbury Region,Nil,2-way,Sealed,0,0,0,0,50,0,Null,0,0,,60,Christchurch City,Nil,0,0,0,0,0,0,Urban,1,0,0,Fine,Null
1765964,5906413,774,,522202,0,,0,2,,Null,2008/2009,GREAT SOUTH ROAD,ST GEORGE ST,,Non-Injury Crash,No,2009,,South,,0,,Flat,,,,,,Dark,665101,0,0,0,2,,,0,,,,,,Auckland Region,Nil,2-way,Sealed,,0,0,,50,,On,0,0,,76,Auckland,Traffic Signals,,,,,0,0,Urban,0,,,Fine,Null
1745378,5920378,775,,513301,0,0,0,1,0,Null,2008/2009,TRIANGLE ROAD,LINCOLN ROAD,,Non-Injury Crash,No,2009,0,North,0,0,0,Flat,0,,0,,0,Dark,230302,0,0,0,3,0,0,0,0,0,,0,0,Auckland Region,Nil,2-way,Sealed,0,0,0,0,50,0,On,0,0,,76,Auckland,Give way,0,0,0,0,0,0,Urban,1,1,0,Light rain,Null
1766712,5907635,776,,523601,0,,1,0,,Null,2009/2010,FULTON CRESCENT,FULTON ST,,Non-Injury Crash,No,2009,,North,,0,,Flat,,,,,,Overcast,708600,0,0,0,3,,,0,,,,,,Auckland Region,Nil,2-way,Sealed,,0,0,,50,,Off,0,0,,76,Auckland,Traffic Signals,,,,,0,0,Urban,1,,,Mist or Fog,Null
1847258,5767174,777,,535211,0,0,0,1,0,North,2008/2009,OLD TAUPO ROAD,BAIRD ROAD,,Non-Injury Crash,No,2009,0,North,0,0,1,Flat,0,Christmas New Year,0,,0,Dark,1133301,0,0,0,2,0,0,0,0,0,,0,0,Waikato Region,Nil,2-way,Sealed,0,0,0,0,100,0,None,0,0,,19,South Waikato District,Unknown,0,0,0,0,0,0,Open,0,0,0,Fine,Null
1750468,5929154,778,,509100,0,,0,1,,Null,2008/2009,SH 18,GREENHITHE OBR,,Non-Injury Crash,Yes,2009,,West,,0,,Hill Road,,,,,,Dark,181301,0,0,0,2,,,0,,,,,,Auckland Region,Nil,1-way,Sealed,,0,0,,100,,On,1,0,,76,Auckland,Nil,,,,,0,0,Open,0,,,Fine,Null
1767608,5902195,779,,524602,0,,0,2,,Null,2008/2009,BROWNS ROAD,STURDEE ROAD,,Non-Injury Crash,No,2009,,West,,0,,Flat,,Christmas New Year,,,,Bright sun,780600,0,0,0,2,,,0,,,,,,Auckland Region,Nil,2-way,Sealed,,0,0,,50,,Null,0,0,,76,Auckland,Give way,,,,,0,0,Urban,0,,,Fine,Null
1746075,5918138,780,,512500,0,,0,2,,Null,2008/2009,EDMONTON ROAD,CENTRAL PARK DRIVE,,Non-Injury Crash,No,2009,,West,,0,,Flat,,,,,,Overcast,257201,0,0,0,4,,,0,,,,,,Auckland Region,Nil,2-way,Sealed,,0,0,,50,,Off,0,0,,76,Auckland,Traffic Signals,,,,,0,0,Urban,0,,,Fine,Null
1763840,5908894,781,,521901,0,,0,1,,East,2008/2009,MANGERE ROAD,AWA ST,,Non-Injury Crash,No,2009,,East,,0,,Flat,,,,,,Overcast,785100,0,0,0,4,,,0,,,,,,Auckland Region,Nil,2-way,Sealed,,0,0,,50,,Null,1,0,,76,Auckland,Unknown,,,,,0,0,Urban,0,,,Fine,Null
1569909,5180139,782,,591600,0,,0,0,,South,2009/2010,ROLLESTON AVENUE,WORCESTER ST,,Serious Crash,No,2009,,North,,0,,Flat,,,,,,Overcast,2678000,0,0,0,2,,,0,,,1,,,Canterbury Region,Nil,2-way,Sealed,,0,1,,50,,Null,1,0,,60,Christchurch City,Unknown,,,,,0,0,Urban,0,,,Light rain,Null
1761713,5914045,783,,520202,0,,0,2,,South,2008/2009,SH 1N,PENROSE OFF NBD,,Non-Injury Crash,Yes,2009,,North,,0,,Flat,,,,,,Overcast,612300,0,0,0,4,,,0,,,,,,Auckland Region,Motorway ramp,1-way,Sealed,,0,0,,100,,Null,0,0,,76,Auckland,Nil,,,,,0,0,Open,0,,,Fine,Null
1765163,5913376,784,,520500,0,,0,2,,Null,2008/2009,SOUTH-EASTERN HIGHWAY,WAIPUNA ROAD,,Non-Injury Crash,No,2009,,West,,0,,Flat,,,,,,Twilight,638908,0,0,0,4,,,0,,,,,,Auckland Region,Nil,2-way,Sealed,,0,0,,50,,On,0,0,,76,Auckland,Traffic Signals,,,,,0,0,Urban,0,,,Fine,Null