X,Y,OBJECTID,advisorySpeed,areaUnitID,bicycle,bridge,bus,carStationWagon,cliffBank,crashDirectionDescription,crashFinancialYear,crashLocation1,crashLocation2,crashRoadSideRoad,crashSeverity,crashSHDescription,crashYear,debris,directionRoleDescription,ditch,fatalCount,fence,flatHill,guardRail,holiday,houseOrBuilding,intersection,kerb,light,meshblockId,minorInjuryCount,moped,motorcycle,NumberOfLanes,objectThrownOrDropped,otherObject,otherVehicleType,overBank,parkedVehicle,pedestrian,phoneBoxEtc,postOrPole,region,roadCharacter,roadLane,roadSurface,roadworks,schoolBus,seriousInjuryCount,slipOrFlood,speedLimit,strayAnimal,streetLight,suv,taxi,temporarySpeedLimit,tlaId,tlaName,trafficControl,trafficIsland,trafficSign,train,tree,truck,unknownVehicleType,urban,vanOrUtility,vehicle,waterRiver,weatherA,weatherB
1887169,5772701,785,,538732,0,,0,2,,South,2008/2009,TARAWERA ROAD,SH 30,,Non-Injury Crash,No,2009,,North,,0,,Flat,,,,,,Bright sun,1255600,0,0,0,3,,,0,,,,,,Bay of Plenty Region,Nil,2-way,Sealed,,0,0,,60,,Null,0,0,,24,Rotorua District,Give way,,,,,0,0,Urban,0,,,Fine,Null
1759265,5906547,786,,524200,0,,0,1,,Null,2009/2010,KIRKBRIDE ROAD,SH 20A,,Non-Injury Crash,Yes,2009,,East,,0,,Flat,,,,,,Overcast,726400,0,0,0,6,,,1,,,,,,Auckland Region,Nil,2-way,Sealed,,0,0,,60,,Off,0,0,,76,Auckland,Traffic Signals,,,,,0,0,Urban,0,,,Fine,Null
1758207,5920351,787,,514103,0,,0,1,,South,2008/2009,BEACH ROAD,RONAYNE ST,,Non-Injury Crash,No,2009,,South,,0,,Flat,,,,,,Bright sun,438309,0,0,1,4,,,0,,,,,,Auckland Region,Nil,2-way,Sealed,,0,0,,50,,Null,0,0,,76,Auckland,Nil,,,,,0,0,Urban,0,,,Fine,Null
1561628,5168377,788,,587904,0,0,0,1,0,Null,2009/2010,TANCREDS ROAD,RAINEYS ROAD,,Minor Crash,No,2009,0,North,0,0,0,Flat,0,,0,,0,Dark,2501500,1,0,0,2,0,0,0,0,0,,0,1,Canterbury Region,Nil,2-way,Sealed,0,0,0,0,100,0,None,0,0,,62,Selwyn District,Nil,0,0,0,0,0,0,Open,0,0,0,Fine,Null
1749774,5913387,789,,511303,0,,0,2,,Null,2008/2009,MARGAN AVENUE,HUTCHINSON AVENUE,,Non-Injury Crash,No,2009,,West,,0,,Flat,,,,,,Bright sun,264913,0,0,0,2,,,0,,,,,,Auckland Region,Nil,2-way,Sealed,,0,0,,50,,Off,0,0,,76,Auckland,Give way,,,,,0,0,Urban,0,,,Fine,Null
1878544,5823854,790,,538201,0,0,0,2,0,South,2008/2009,SH 2,ELIZABETH ST,,Non-Injury Crash,Yes,2009,0,South,0,0,0,Flat,1,,0,,0,Bright sun,1165500,0,0,0,2,0,0,0,0,0,,0,0,Bay of Plenty Region,Nil,1-way,Sealed,0,0,0,0,80,0,Null,0,0,,23,Tauranga City,Unknown,0,0,0,0,0,0,Open,0,0,0,Fine,Null
1778424,5894638,791,,521301,0,0,0,1,1,North,2009/2010,HUNUA ROAD,MIDDLETON ROAD,,Non-Injury Crash,No,2009,0,South,0,0,0,Hill Road,0,,0,,1,Dark,807900,0,0,0,2,0,0,0,0,0,,0,0,Auckland Region,Nil,2-way,Sealed,0,0,0,0,80,0,None,0,0,,76,Auckland,Nil,0,0,0,0,0,0,Open,0,0,0,Light rain,Null
1796346,5818982,792,,528405,0,,0,2,,East,2008/2009,WAIRERE DRIVE,SH 1N,,Non-Injury Crash,No,2009,,West,,0,,Flat,,,,,,Bright sun,976801,0,0,0,4,,,0,,,,,,Waikato Region,Nil,2-way,Sealed,,0,0,,70,,Off,0,0,,16,Hamilton City,Traffic Signals,,,,,0,0,Urban,0,,,Fine,Null
1745439,5917253,793,,510800,0,,0,2,,Null,2008/2009,GREAT NORTH ROAD,RAILSIDE AVENUE,,Non-Injury Crash,No,2009,,South,,0,,Flat,,,,,,Bright sun,242700,0,0,0,5,,,0,,,,,,Auckland Region,Nil,2-way,Sealed,,0,0,,50,,Null,0,0,,76,Auckland,Traffic Signals,,,,,0,0,Urban,0,,,Fine,Null
1876626,5820971,794,,537500,0,,0,1,,Null,2008/2009,CAMERON ROAD,CHURCH ST,,Non-Injury Crash,No,2009,,East,,0,,Flat,,,,,,Bright sun,1172600,0,0,0,2,,,0,,,,,,Bay of Plenty Region,Nil,2-way,Sealed,,0,0,,50,,Off,0,0,,23,Tauranga City,Stop,,,,,1,0,Urban,0,,,Fine,Null
1796741,5819917,795,,528403,0,,0,4,,South,2009/2010,TE RAPA ROAD,THE BASE PARADE,,Non-Injury Crash,No,2009,,North,,0,,Flat,,,,,,Overcast,907500,0,0,0,4,,,0,,,,,,Waikato Region,Nil,2-way,Sealed,,0,0,,80,,Null,0,0,,16,Hamilton City,Unknown,,,,,0,0,Open,0,,,Fine,Null
1629720,6113754,796,,500204,0,0,0,1,0,South,2009/2010,SH 1N,RUAROA ROAD,,Non-Injury Crash,Yes,2009,0,North,0,0,0,Flat,0,,0,,0,Unknown,8600,0,0,0,2,0,0,0,1,0,,0,0,Northland Region,Nil,2-way,Sealed,0,0,0,0,100,0,None,0,0,50,1,Far North District,Nil,0,0,0,0,0,0,Open,0,0,0,Fine,Null
1855997,5869808,797,,534200,0,0,0,1,0,South,2008/2009,SH 25,RAMARAMA STM BR,,Non-Injury Crash,Yes,2009,0,South,0,0,1,Flat,0,,0,,0,Overcast,1082600,0,0,0,2,0,0,0,0,0,,0,0,Waikato Region,Nil,2-way,Sealed,0,0,0,0,100,0,Null,0,0,,12,Hauraki District,Unknown,0,0,0,0,0,0,Open,0,0,0,Fine,Null
1801055,5814873,798,,529700,0,,0,1,,East,2008/2009,ANGLESEA ST,HOOD ST,,Non-Injury Crash,No,2009,,West,,0,,Flat,,,,,,Dark,911900,0,0,0,2,,,0,,,,,,Waikato Region,Nil,2-way,Sealed,,0,0,,50,,On,0,0,,16,Hamilton City,Traffic Signals,,,,,0,0,Urban,1,,,Fine,Null
1757626,5912261,799,,519810,0,,0,0,,South,2008/2009,SH 20,QUEENSTOWN ON SBD,,Non-Injury Crash,Yes,2009,,South,,0,,Flat,,,,,,Overcast,596700,0,0,0,2,,,0,,,,,,Auckland Region,Nil,1-way,Sealed,,0,0,,100,,Null,1,0,,76,Auckland,Unknown,,,,,1,0,Open,0,,,Fine,Null
1753892,5946538,800,,505906,0,0,0,1,0,East,2009/2010,VIPOND ROAD,DUNCANSBY ROAD,,Non-Injury Crash,No,2009,0,East,0,0,0,Flat,0,,0,,0,Bright sun,173202,0,0,0,2,0,0,0,0,0,,0,1,Auckland Region,Nil,2-way,Sealed,0,0,0,0,50,0,Off,0,0,,76,Auckland,Nil,0,0,0,0,0,0,Urban,0,0,0,Fine,Null
1760093,5915973,801,,516002,0,,0,3,,North,2008/2009,SH 1N,GREENLANE INT N,,Non-Injury Crash,Yes,2009,,North,,0,,Flat,,,,,,Overcast,492100,0,0,0,4,,,0,,,,,,Auckland Region,Nil,1-way,Sealed,,0,0,,100,,Null,0,0,,76,Auckland,Unknown,,,,,0,0,Open,0,,,Light rain,Null
1768800,5914133,802,,522721,0,,0,2,,East,2009/2010,PAKURANGA ROAD,CASCADES ROAD,,Non-Injury Crash,No,2009,,West,,0,,Flat,,,,,,Bright sun,681215,0,0,0,4,,,0,,,,,,Auckland Region,Nil,2-way,Sealed,,0,0,,60,,Off,0,0,,76,Auckland,Traffic Signals,,,,,0,0,Urban,0,,,Fine,Null
1766629,5907631,803,,523601,0,,0,2,,Null,2009/2010,EAST TAMAKI ROAD,NEWBURY ST,,Non-Injury Crash,No,2009,,West,,0,,Flat,,,,,,Overcast,708500,0,0,0,3,,,0,,,,,,Auckland Region,Nil,2-way,Sealed,,0,0,,10,,None,0,0,,76,Auckland,Traffic Signals,,,,,0,0,Urban,0,,,Light rain,Null
1749873,5425084,804,,576903,0,0,0,1,0,Null,2009/2010,SH 1N RUAHINE ST,WELLINGTON ROAD,,Non-Injury Crash,Yes,2009,0,North,0,0,0,Flat,0,,0,,0,Dark,2180400,0,0,0,4,0,0,0,0,0,,0,1,Wellington Region,Nil,2-way,Sealed,0,0,0,0,70,0,On,0,0,,47,Wellington City,Give way,0,0,0,0,0,0,Urban,0,0,0,Light rain,Null
1766346,5907560,805,,523601,0,,0,2,,Null,2008/2009,EAST TAMAKI ROAD,OTARA ON SBD,,Non-Injury Crash,Yes,2009,,West,,0,,Flat,,,,,,Overcast,708500,0,0,0,3,,,0,,,,,,Auckland Region,Bridge,1-way,Sealed,,0,0,,50,,Off,0,0,,76,Auckland,Traffic Signals,,,,,0,0,Urban,0,,,Light rain,Null
1797116,5819515,806,,528403,0,,0,1,,South,2009/2010,TE RAPA ROAD,WAIRERE DRIVE,,Non-Injury Crash,No,2009,,North,,0,,Flat,,,,,,Bright sun,907700,0,0,0,4,,,0,,,,,,Waikato Region,Nil,2-way,Sealed,,0,0,,50,,Null,0,0,,16,Hamilton City,Unknown,,,,,0,0,Urban,1,,,Fine,Null
1757078,5434315,807,,569900,0,,0,0,,Null,2008/2009,THE ESPLANADE,SYDNEY ST,,Non-Injury Crash,No,2009,,East,,0,,Flat,,,,,,Bright sun,2034300,0,1,0,2,,,0,,,,,,Wellington Region,Nil,2-way,Sealed,,0,0,,50,,Null,0,0,,46,Lower Hutt City,Give way,,,,,0,0,Urban,1,,,Fine,Null
1406250,4917232,808,,603100,0,,0,1,,Null,2009/2010,FILLEUL ST,ST ANDREW ST,,Minor Crash,No,2009,,West,,0,,Flat,,,,,,Bright sun,2902800,1,0,0,2,,,0,,,1,,,Otago Region,Nil,2-way,Sealed,,0,0,,50,,Null,0,1,,71,Dunedin City,Traffic Signals,,,,,0,0,Urban,0,,,Fine,Null
1864916,5546148,809,,550102,0,,0,2,,North,2008/2009,SH 2,HOSPITAL ST,,Non-Injury Crash,Yes,2009,,North,,0,,Flat,,,,,,Overcast,1531500,0,0,0,2,,,0,,,,,,Manawatū-Whanganui Region,Nil,2-way,Sealed,,0,0,,50,,Null,0,0,,41,Tararua District,Nil,,,,,0,0,Urban,0,,,Light rain,Null
1763451,5907537,810,,524301,0,,0,2,,Null,2009/2010,ROSELLA ROAD,GRAY AVENUE,,Non-Injury Crash,No,2009,,South,,0,,Flat,,,,,,Overcast,748000,0,0,0,2,,,0,,,,,,Auckland Region,Nil,2-way,Sealed,,0,0,,50,,None,0,0,,76,Auckland,Give way,,,,,0,0,Urban,0,,,Fine,Null
1751060,5915485,811,,514802,0,,0,2,,West,2009/2010,ROSEBANK ROAD,ELM ST,,Non-Injury Crash,No,2009,,West,,0,,Flat,,,,,,Dark,387002,0,0,0,2,,,0,,,,,,Auckland Region,Nil,2-way,Sealed,,0,0,,50,,On,0,0,,76,Auckland,Nil,,,,,0,0,Urban,0,,,Fine,Null
1759956,5906942,812,,524111,0,,0,1,,Null,2009/2010,ORLY AVENUE,WADDON PLACE,,Non-Injury Crash,No,2009,,West,,0,,Flat,,,,,,Overcast,740500,0,0,0,2,,,0,,,,,,Auckland Region,Nil,2-way,Sealed,,0,0,,50,,Off,1,0,,76,Auckland,Nil,,,,,0,0,Urban,0,,,Light rain,Null
1760607,5908398,813,,524403,0,0,0,1,0,West,2009/2010,HALL AVENUE,ROBERTSON ROAD,,Non-Injury Crash,No,2009,0,North,0,0,0,Flat,0,,0,,0,Twilight,729903,0,0,0,2,0,0,0,0,0,,0,0,Auckland Region,Nil,2-way,Sealed,0,0,0,0,50,0,On,0,0,,76,Auckland,Nil,0,0,0,0,0,0,Urban,1,1,0,Fine,Null
1751954,5930579,814,,509100,0,,0,3,,South,2009/2010,ALBANY HIGHWAY OFF EBD,ALBANY HIGHWAY,,Non-Injury Crash,Yes,2009,,East,,0,,Flat,,,,,,Twilight,181003,0,0,0,3,,,0,,,,,,Auckland Region,Motorway ramp,1-way,Sealed,,0,0,,50,,On,0,0,,76,Auckland,Unknown,,,,,0,0,Urban,0,,,Fine,Null
1743788,5919227,815,,513213,0,,0,0,,Null,2009/2010,SWANSON ROAD,METCALFE ROAD,,Non-Injury Crash,No,2009,,North,,0,,Flat,,,,,,Bright sun,235803,0,0,0,2,,,0,,,,,,Auckland Region,Nil,2-way,Sealed,,0,0,,50,,Off,2,0,,76,Auckland,Give way,,,,,0,0,Urban,0,,,Fine,Null
1753838,5918357,816,,515431,0,0,0,1,0,Null,2008/2009,GREAT NORTH ROAD,ST LUKES ROAD,,Non-Injury Crash,No,2009,0,North,0,0,1,Flat,0,,0,,0,Overcast,406300,0,0,0,5,0,0,0,0,0,,0,0,Auckland Region,Nil,2-way,Sealed,0,0,0,0,50,0,Null,0,0,,76,Auckland,Traffic Signals,0,0,0,0,0,0,Urban,0,0,0,Light rain,Null
1885108,5825103,817,,536832,0,0,1,0,0,West,2009/2010,GRENADA ST,SEASPRAY DRIVE,,Non-Injury Crash,No,2009,0,West,0,0,0,Flat,0,,0,,0,Overcast,1202300,0,0,0,2,0,0,0,0,1,,0,1,Bay of Plenty Region,Nil,2-way,Sealed,0,0,0,0,50,0,Off,0,0,,23,Tauranga City,Give way,0,0,0,0,0,0,Urban,1,0,0,Fine,Null
1745581,5428242,818,,574800,0,0,0,0,0,North,2008/2009,RAINE ST,KARORI ROAD,,Non-Injury Crash,No,2009,0,North,0,0,0,Flat,0,,0,,0,Bright sun,2107600,0,0,0,2,0,0,0,0,1,,0,0,Wellington Region,Nil,2-way,Sealed,0,0,0,0,50,0,Null,0,0,,47,Wellington City,Nil,0,0,0,0,1,0,Urban,1,0,0,Fine,Null
1936931,5784632,819,,542540,0,,0,0,,Null,2009/2010,SH 30,WESTERN DRAIN ROAD,,Non-Injury Crash,Yes,2009,,West,,0,,Flat,,,,,,Bright sun,1301302,0,0,0,2,,,0,,,,,,Bay of Plenty Region,Nil,2-way,Sealed,,0,0,,100,,Null,0,0,,25,Whakatane District,Stop,,,,,1,0,Open,1,,,Fine,Null
1930336,5600612,820,,545852,0,0,0,0,0,East,2008/2009,RICHARD ROAD,TE AUTE ROAD,,Non-Injury Crash,No,2009,0,West,1,0,0,Flat,0,,0,,0,Overcast,1465700,0,0,0,2,0,0,0,0,0,,0,0,Hawke's Bay Region,Nil,2-way,Sealed,0,0,0,0,100,0,Null,1,0,,30,Hastings District,Nil,0,0,0,0,0,0,Open,1,0,0,Fine,Null
1763376,5909231,821,,521901,0,,0,1,,West,2008/2009,KAKA ST,WALMSLEY ROAD,,Non-Injury Crash,No,2009,,West,,0,,Flat,,,,,,Overcast,783500,0,0,0,2,,,0,,,,,,Auckland Region,Nil,2-way,Sealed,,0,0,,50,,Null,0,0,,76,Auckland,Traffic Signals,,,,,0,0,Urban,1,,,Fine,Null
1748235,5914016,822,,511700,0,,0,2,,Null,2008/2009,GREAT NORTH ROAD,WEST COAST ROAD,,Non-Injury Crash,No,2009,,West,,0,,Hill Road,,Easter,,,,Dark,270201,0,0,0,4,,,0,,,,,,Auckland Region,Nil,2-way,Sealed,,0,0,,50,,On,0,0,,76,Auckland,Traffic Signals,,,,,0,0,Urban,0,,,Fine,Null
1767776,5904283,823,,524602,0,0,0,2,0,Null,2009/2010,GREAT SOUTH ROAD,REDOUBT ROAD,,Non-Injury Crash,No,2009,0,West,0,0,0,Flat,0,,0,,0,Overcast,780501,0,0,0,2,0,0,0,0,0,,0,0,Auckland Region,Nil,2-way,Sealed,0,0,0,0,50,0,Off,0,0,,76,Auckland,Traffic Signals,0,0,0,0,0,0,Urban,0,1,0,Fine,Null
1762393,5920691,824,,516400,0,0,0,1,1,Null,2009/2010,TAMAKI DRIVE,HAPIMANA ST,,Non-Injury Crash,No,2009,0,East,0,0,0,Hill Road,0,,0,,0,Overcast,498700,0,0,0,2,0,0,0,0,0,,0,0,Auckland Region,Nil,2-way,Sealed,0,0,0,0,50,0,Null,0,0,,76,Auckland,Give way,0,0,0,1,0,0,Urban,0,0,0,Light rain,Null
1751890,5432111,825,,574002,0,0,0,1,0,North,2009/2010,SH 1N,SH 2,,Non-Injury Crash,Yes,2009,0,North,0,0,0,Flat,1,,0,,0,Dark,2078302,0,0,0,2,0,0,0,0,0,,0,0,Wellington Region,Nil,2-way,Sealed,0,0,0,0,100,0,On,0,0,,47,Wellington City,Nil,0,0,0,0,0,0,Open,0,0,0,Light rain,Null
1691922,5676194,826,,551900,0,,0,2,,East,2008/2009,SH 44,MORLEY ST,,Non-Injury Crash,Yes,2009,,East,,0,,Flat,,,,,,Bright sun,1588500,0,0,0,2,,,0,,,,,,Taranaki Region,Nil,2-way,Sealed,,0,0,,50,,Null,0,0,,33,New Plymouth District,Nil,,,,,0,0,Urban,0,,,Fine,Null
1756259,5918180,827,,518101,0,,0,1,,West,2008/2009,DOMINION ROAD,NEW NORTH ROAD,,Non-Injury Crash,No,2009,,East,,0,,Flat,,,,,,Dark,544200,0,0,0,2,,,0,,,,,,Auckland Region,Motorway ramp,1-way,Sealed,,0,0,,70,,On,0,0,,76,Auckland,Nil,,,,,0,0,Urban,0,,,Light rain,Null
1739913,5929903,828,,505604,0,0,0,1,0,South,2009/2010,OLD NORTH ROAD,ORAHA ROAD,,Non-Injury Crash,No,2009,0,South,0,0,0,Hill Road,0,,0,,0,Dark,214202,0,0,0,2,0,0,0,0,0,,0,1,Auckland Region,Nil,2-way,Sealed,0,0,0,0,50,0,None,0,0,,76,Auckland,Nil,0,0,0,0,0,0,Urban,0,0,0,Fine,Null
1876792,5823438,829,,537400,0,,0,2,,North,2008/2009,BELLEVUE ROAD,WAIHI ROAD,,Non-Injury Crash,No,2009,,South,,0,,Flat,,,,,,Bright sun,1161802,0,0,0,2,,,0,,,,,,Bay of Plenty Region,Nil,2-way,Sealed,,0,0,,50,,Null,0,0,,23,Tauranga City,Give way,,,,,0,0,Urban,0,,,Fine,Null
1770178,5902049,830,,523814,0,,0,2,,East,2009/2010,HILL ROAD,CHARLES PREVOST DRIVE,,Non-Injury Crash,No,2009,,West,,0,,Flat,,,,,,Overcast,760707,0,0,0,2,,,0,,,,,,Auckland Region,Nil,2-way,Sealed,,0,0,,50,,Off,0,0,,76,Auckland,Nil,,,,,0,0,Urban,0,,,Light rain,Null
1752929,5913660,831,,514500,0,,0,1,,Null,2009/2010,NEW WINDSOR ROAD,DALLAS PLACE,,Non-Injury Crash,No,2009,,South,,0,,Hill Road,,,,,,Dark,374400,0,0,0,2,,,0,,,,,,Auckland Region,Nil,2-way,Sealed,,0,0,,50,,On,1,0,,76,Auckland,Nil,,,,,0,0,Urban,0,,,Fine,Null
1757327,5944757,832,,505902,0,0,0,1,0,West,2008/2009,LAURENCE ST,CROSS ST,,Non-Injury Crash,No,2009,0,East,0,0,0,Flat,0,,0,,0,Twilight,174505,0,0,0,2,0,0,0,0,0,,0,0,Auckland Region,Nil,2-way,Sealed,0,0,0,0,50,0,Off,0,0,,76,Auckland,Unknown,0,0,0,1,0,0,Urban,0,0,0,Fine,Null
1631567,6122042,833,50,500202,0,0,0,1,0,South,2009/2010,RILEY ROAD,DUNCAN ROAD,,Non-Injury Crash,No,2009,0,North,0,0,1,Flat,0,,0,,0,Bright sun,3200,0,0,0,2,0,0,0,0,0,,0,0,Northland Region,Nil,2-way,Unsealed,0,0,0,0,100,0,None,0,0,,1,Far North District,Nil,0,0,0,0,0,0,Open,0,0,0,Fine,Null
1763949,5912276,834,,520500,0,,0,1,,North,2009/2010,MOUNT WELLINGTON HIGHWAY,SYLVIA PARK ROAD,,Non-Injury Crash,No,2009,,South,,0,,Flat,,,,,,Dark,639500,0,0,0,5,,,0,,,,,,Auckland Region,Nil,2-way,Sealed,,0,0,,50,,On,1,0,,76,Auckland,Traffic Signals,,,,,0,0,Urban,0,,,Fine,Null
1756765,5918390,835,,515600,0,0,0,0,0,Null,2009/2010,RURU ST,SHADDOCK ST,,Non-Injury Crash,No,2009,0,East,0,0,0,Flat,0,,0,,0,Bright sun,421100,0,0,0,1,0,0,0,0,0,,0,1,Auckland Region,Nil,2-way,Sealed,0,0,0,0,50,0,Off,0,0,,76,Auckland,Nil,0,0,0,0,1,0,Urban,0,0,0,Fine,Null
1747846,5914401,836,,511100,0,,0,2,,West,2009/2010,GREAT NORTH ROAD,BRANDON ROAD,,Non-Injury Crash,No,2009,,West,,0,,Hill Road,,,,,,Overcast,285302,0,0,0,4,,,0,,,,,,Auckland Region,Nil,2-way,Sealed,,0,0,,50,,Off,0,0,,76,Auckland,Nil,,,,,0,0,Urban,0,,,Fine,Null
1747361,5926661,837,,513431,0,,0,2,,South,2008/2009,OLD HOBSONVILLE ON SBD,OLD SH 18,,Non-Injury Crash,Yes,2009,,South,,0,,Flat,,,,,,Bright sun,221802,0,0,0,2,,,0,,,,,,Auckland Region,Motorway ramp,1-way,Sealed,,0,0,,50,,Off,0,0,,76,Auckland,Nil,,,,,0,0,Urban,0,,,Fine,Null
1756607,5920781,838,,514101,0,,1,1,,North,2008/2009,HALSEY ST,FANSHAWE ST,,Non-Injury Crash,No,2009,,North,,0,,Flat,,,,,,Bright sun,432400,0,0,0,3,,,0,,,,,,Auckland Region,Nil,2-way,Sealed,,0,0,,50,,Null,0,0,,76,Auckland,Traffic Signals,,,,,0,0,Urban,0,,,Fine,Null
1933251,5601942,839,,548831,0,,0,3,,Null,2008/2009,TE MATA ROAD,SCANNELL ST,,Non-Injury Crash,No,2009,,East,,0,,Flat,,,,,,Bright sun,1509800,0,0,0,2,,,0,,,,,,Hawke's Bay Region,Nil,2-way,Sealed,,0,0,,50,,Null,0,0,,30,Hastings District,Nil,,,,,0,0,Urban,0,,,Fine,Null
1756453,5924562,840,,509702,0,,0,2,,North,2008/2009,SH 1N,OLD ONEWA OBR,,Non-Injury Crash,Yes,2009,,South,,0,,Flat,,,,,,Bright sun,366700,0,0,0,3,,,0,,,,,,Auckland Region,Nil,1-way,Sealed,,0,0,,100,,Null,0,0,,76,Auckland,Unknown,,,,,0,0,Open,0,,,Fine,Null
1792964,5500975,841,,564210,0,0,0,0,0,West,2008/2009,QUEEN ST WEST,WERAROA ROAD,,Non-Injury Crash,No,2009,0,West,0,0,0,Flat,0,Easter,0,,0,Overcast,1864500,0,0,0,2,0,0,0,0,1,,0,0,Manawatū-Whanganui Region,Nil,2-way,Sealed,0,0,0,0,50,0,Null,0,0,,42,Horowhenua District,Nil,0,0,0,0,0,0,Urban,2,0,0,Fine,Null
1801644,5815724,842,,530100,0,,0,2,,South,2009/2010,GREY ST,TE AROHA ST,,Non-Injury Crash,No,2009,,North,,0,,Hill Road,,,,,,Overcast,895500,0,0,0,2,,,0,,,,,,Waikato Region,Nil,2-way,Sealed,,0,0,,50,,Null,0,0,,16,Hamilton City,Unknown,,,,,0,0,Urban,0,,,Fine,Null
1858335,5804559,843,80,535231,0,0,0,1,0,West,2008/2009,SH 29,OLD KAIMAI ROAD W,,Non-Injury Crash,Yes,2009,0,East,0,0,1,Flat,0,,0,,0,Dark,1113900,0,0,0,2,0,0,0,0,0,,0,0,Waikato Region,Nil,2-way,Sealed,0,0,0,0,100,0,On,0,0,,15,Matamata-Piako District,Nil,0,0,0,0,0,0,Open,0,0,0,Fine,Null
1654899,6093912,844,,500801,0,0,0,1,0,West,2008/2009,SH 1N,PERRY ROAD,,Non-Injury Crash,Yes,2009,0,East,0,0,1,Flat,0,,0,,0,Dark,21300,0,0,0,2,0,0,0,1,0,,0,0,Northland Region,Nil,2-way,Sealed,0,0,0,0,100,0,None,0,0,,1,Far North District,Nil,0,0,0,0,0,0,Open,0,0,0,Heavy rain,Null
1757335,5918833,845,,514302,0,0,0,1,0,South,2009/2010,SH 1N,GRAFTON OBR,,Non-Injury Crash,Yes,2009,0,North,0,0,0,Hill Road,1,,0,,0,Dark,441700,0,0,0,2,0,0,0,0,0,,0,0,Auckland Region,Nil,1-way,Sealed,0,0,0,0,80,0,On,0,0,,76,Auckland,Unknown,0,0,0,0,0,0,Open,0,0,0,Light rain,Null
1623592,6115348,846,,500302,0,,0,2,,North,2009/2010,NORTH ROAD,FARRIMOND PLACE,,Non-Injury Crash,No,2009,,South,,0,,Flat,,,,,,Bright sun,13300,0,0,0,2,,,0,,,,,,Northland Region,Nil,2-way,Sealed,,0,0,,50,,Off,0,0,,1,Far North District,Give way,,,,,0,0,Urban,0,,,Fine,Null
1771821,5903758,847,,523818,0,,0,0,,East,2009/2010,REDOUBT ROAD,TIFFANY CLOSE,,Non-Injury Crash,No,2009,,East,,0,,Hill Road,,,,,,Bright sun,760400,0,0,0,2,,,0,,,,,,Auckland Region,Nil,2-way,Sealed,,0,0,,50,,None,0,0,,76,Auckland,Nil,,,,,1,0,Urban,1,,,Fine,Null
1580241,5174312,848,,596200,0,0,0,1,0,South,2009/2010,EVANS PASS ROAD,SUMNERVALE DRIVE S,,Minor Crash,No,2009,0,North,0,0,0,Flat,0,,0,,0,Dark,2706600,1,0,0,2,0,0,0,0,1,,0,0,Canterbury Region,Nil,2-way,Sealed,0,0,0,0,50,0,On,0,0,,60,Christchurch City,Unknown,0,0,0,1,0,0,Urban,1,0,0,Fine,Null
1743974,5923981,849,,513511,0,,0,2,,Null,2009/2010,OLD SH 16,SH 18,,Non-Injury Crash,Yes,2009,,North,,0,,Flat,,,,,,Bright sun,224306,0,0,0,4,,,0,,,,,,Auckland Region,Nil,2-way,Sealed,,0,0,,50,,Off,0,0,,76,Auckland,Traffic Signals,,,,,0,0,Urban,0,,,Fine,Null
1822225,5465997,850,,578302,0,0,0,1,0,North,2009/2010,PAIERAU ROAD,KIBBLEWHITE ROAD,,Non-Injury Crash,No,2009,0,North,0,0,1,Flat,0,,0,,0,Dark,2252501,0,0,0,2,0,0,0,0,0,,0,0,Wellington Region,Nil,2-way,Sealed,0,0,0,0,100,0,On,0,0,,48,Masterton District,Nil,0,0,0,0,0,0,Open,0,0,0,Light rain,Null
1718836,6048510,851,,502300,0,,0,2,,South,2008/2009,SH 1N,KAMO ROAD,,Non-Injury Crash,Yes,2009,,South,,0,,Flat,,,,,,Bright sun,90300,0,0,0,2,,,0,,,,,,Northland Region,Nil,2-way,Sealed,,0,0,,50,,Off,0,0,,2,Whangarei District,Nil,,,,,0,0,Urban,0,,,Fine,Null
1750773,5434101,852,,574100,0,,0,2,,South,2008/2009,BURMA ROAD,HAUMIA ST,,Non-Injury Crash,No,2009,,North,,0,,Flat,,,,,,Overcast,2083900,0,0,0,2,,,0,,,,,,Wellington Region,Nil,2-way,Sealed,,0,0,,50,,Null,0,0,,47,Wellington City,Nil,,,,,0,0,Urban,0,,,Heavy rain,Null
1405978,4914677,853,,604410,0,,0,1,,North,2009/2010,KING EDWARD ST,CAREY AVENUE,,Minor Crash,No,2009,,South,,0,,Flat,,,,,,Twilight,2931600,1,0,0,2,,,0,,,1,,,Otago Region,Nil,2-way,Sealed,,0,0,,50,,On,0,0,,71,Dunedin City,Unknown,,,,,0,0,Urban,0,,,Fine,Null
1813460,5799817,854,,527934,0,0,0,1,0,West,2008/2009,PARALLEL ROAD,CAMBRIDGE ROAD,,Non-Injury Crash,No,2009,0,East,0,0,1,Flat,0,,0,,0,Overcast,988100,0,0,0,2,0,0,0,0,0,,0,0,Waikato Region,Nil,2-way,Sealed,0,0,0,0,100,0,Null,0,0,,17,Waipa District,Unknown,0,0,0,0,0,0,Open,0,0,0,Fine,Null
2018044,5819234,855,,542903,0,0,0,1,1,North,2009/2010,SH 35,KEREU BR,,Non-Injury Crash,Yes,2009,0,North,0,0,0,Hill Road,0,,0,,0,Dark,1333900,0,0,0,2,0,0,0,0,0,,0,0,Bay of Plenty Region,Nil,2-way,Sealed,0,0,0,0,100,0,None,0,0,,27,Ōpōtiki District,Unknown,0,0,0,0,0,0,Open,0,0,0,Fine,Null