X,Y,OBJECTID,advisorySpeed,areaUnitID,bicycle,bridge,bus,carStationWagon,cliffBank,crashDirectionDescription,crashFinancialYear,crashLocation1,crashLocation2,crashRoadSideRoad,crashSeverity,crashSHDescription,crashYear,debris,directionRoleDescription,ditch,fatalCount,fence,flatHill,guardRail,holiday,houseOrBuilding,intersection,kerb,light,meshblockId,minorInjuryCount,moped,motorcycle,NumberOfLanes,objectThrownOrDropped,otherObject,otherVehicleType,overBank,parkedVehicle,pedestrian,phoneBoxEtc,postOrPole,region,roadCharacter,roadLane,roadSurface,roadworks,schoolBus,seriousInjuryCount,slipOrFlood,speedLimit,strayAnimal,streetLight,suv,taxi,temporarySpeedLimit,tlaId,tlaName,trafficControl,trafficIsland,trafficSign,train,tree,truck,unknownVehicleType,urban,vanOrUtility,vehicle,waterRiver,weatherA,weatherB
1805883,5826430,856,,527122,0,0,0,1,0,West,2008/2009,SH 1B,PUKETAHA ROAD N,,Non-Injury Crash,Yes,2009,0,East,0,0,1,Flat,0,,0,,0,Overcast,953800,0,0,0,2,0,0,0,0,0,,0,0,Waikato Region,Nil,2-way,Sealed,0,0,0,0,100,0,Null,0,0,,13,Waikato District,Unknown,0,0,0,0,0,0,Open,0,0,0,Fine,Null
1744111,5923656,857,,513511,0,,0,1,,South,2009/2010,SH 16,HOBSONVILLE OBR,,Non-Injury Crash,Yes,2009,,West,,0,,Flat,,,,,,Overcast,224303,0,0,0,2,,,0,,,,,,Auckland Region,Nil,1-way,Sealed,,0,0,,100,,Off,1,0,,76,Auckland,Nil,,,,,0,0,Open,0,,,Fine,Null
1883001,5826558,858,,536821,0,,0,0,,East,2009/2010,GOLF ROAD,MAUNGANUI ROAD,,Non-Injury Crash,No,2009,,West,,0,,Flat,,,,,,Bright sun,1200200,0,1,0,2,,,0,,,,,,Bay of Plenty Region,Nil,2-way,Sealed,,0,0,,50,,Off,1,0,,23,Tauranga City,Give way,,,,,0,0,Urban,0,,,Fine,Null
1744922,5923491,859,,513521,0,,0,2,,Null,2008/2009,MOIRE ROAD,OREIL AVENUE,,Non-Injury Crash,No,2009,,North,,0,,Hill Road,,,,,,Overcast,224218,0,0,0,2,,,0,,,,,,Auckland Region,Nil,2-way,Sealed,,0,0,,50,,None,0,0,,76,Auckland,Give way,,,,,0,0,Urban,0,,,Light rain,Null
1756396,5945045,860,,505908,0,0,0,2,0,South,2009/2010,STANMORE BAY ROAD,MONYASH ROAD,,Non-Injury Crash,No,2009,0,North,0,0,0,Flat,0,,0,,1,Dark,173718,0,0,0,2,0,0,0,0,1,,0,1,Auckland Region,Nil,2-way,Sealed,0,0,0,0,50,0,On,0,0,,76,Auckland,Nil,0,0,0,0,0,0,Urban,0,0,0,Fine,Null
1570644,5179300,861,,591500,0,,0,1,,Null,2008/2009,DUNDAS ST,COLOMBO ST,,Minor Crash,No,2009,,West,,0,,Flat,,,,,,Overcast,2649700,1,0,0,2,,,0,,,1,,,Canterbury Region,Nil,2-way,Sealed,,0,0,,50,,Null,0,0,,60,Christchurch City,Nil,,,,,0,0,Urban,0,,,Fine,Null
1768916,5900839,862,,525002,0,,0,2,,Null,2009/2010,GREAT SOUTH ROAD,ALFRISTON ROAD,,Non-Injury Crash,No,2009,,South,,0,,Flat,,,,,,Bright sun,752802,0,0,0,4,,,0,,,,,,Auckland Region,Nil,2-way,Sealed,,0,0,,50,,Off,0,0,,76,Auckland,Give way,,,,,0,0,Urban,0,,,Fine,Null
1756175,5929042,863,,508510,0,,0,2,,Null,2009/2010,FORREST HILL ROAD,NILE ROAD,,Non-Injury Crash,No,2009,,South,,0,,Flat,,,,,,Twilight,195900,0,0,0,2,,,0,,,,,,Auckland Region,Nil,2-way,Sealed,,0,0,,50,,On,0,0,,76,Auckland,Give way,,,,,0,0,Urban,0,,,Light rain,Null
1768936,5881023,864,,525910,0,,0,2,,Null,2008/2009,EDINBURGH ST,MASSEY AVENUE,,Non-Injury Crash,No,2009,,West,,0,,Flat,,,,,,Bright sun,818900,0,0,0,2,,,0,,,,,,Auckland Region,Nil,2-way,Sealed,,0,0,,50,,Null,0,0,,76,Auckland,Give way,,,,,0,0,Urban,0,,,Fine,Null
1751193,5918001,865,,514801,0,0,0,1,0,West,2009/2010,SH 16,WATERVIEW ON WBD,,Non-Injury Crash,Yes,2009,1,West,0,0,0,Flat,0,,0,,0,Bright sun,390402,0,0,0,3,0,0,0,0,0,,0,0,Auckland Region,Nil,1-way,Sealed,0,0,0,0,100,0,Off,0,0,,76,Auckland,Nil,0,0,0,0,0,0,Open,0,0,0,Fine,Null
1756551,5932665,866,,507400,0,,0,2,,South,2009/2010,BEACH ROAD,HASTINGS ROAD,,Non-Injury Crash,No,2009,,South,,0,,Flat,,,,,,Bright sun,151800,0,0,0,2,,,0,,,,,,Auckland Region,Nil,2-way,Sealed,,0,0,,50,,Null,0,0,,76,Auckland,Give way,,,,,0,0,Urban,0,,,Fine,Null
1756109,5923430,867,,509800,0,,0,1,,South,2009/2010,SH 1N,ONEWA OBR OFF,,Non-Injury Crash,Yes,2009,,South,,0,,Hill Road,,,,,,Bright sun,359100,0,0,0,6,,,0,,,,,,Auckland Region,Bridge,1-way,Sealed,,0,0,,80,,Null,0,0,,76,Auckland,Unknown,,,,,1,0,Open,0,,,Fine,Null
1928104,5606479,868,,548500,0,,0,1,,East,2008/2009,ORCHARD ROAD,CANNING ROAD,,Non-Injury Crash,No,2009,,East,,0,,Flat,,,,,,Bright sun,1479500,0,0,0,2,,,0,,,,,,Hawke's Bay Region,Nil,2-way,Sealed,,0,0,,50,,Null,0,0,,30,Hastings District,Nil,,,,,0,0,Urban,1,,,Fine,Null
1767104,5901019,869,,524720,0,0,0,1,0,Null,2008/2009,SWALLOW DRIVE,WORDSWORTH ROAD,,Non-Injury Crash,No,2009,0,East,0,0,1,Flat,0,,0,,0,Bright sun,775901,0,0,0,2,0,0,0,0,0,,0,0,Auckland Region,Nil,2-way,Sealed,0,0,0,0,50,0,None,0,0,,76,Auckland,Nil,0,0,0,0,0,0,Urban,0,0,0,Fine,Null
1768257,5905267,870,,523722,0,,0,2,,Null,2009/2010,TE IRIRANGI DRIVE,SHALIMAR PLACE,,Non-Injury Crash,No,2009,,West,,0,,Flat,,,,,,Overcast,715904,0,0,0,4,,,0,,,,,,Auckland Region,Nil,2-way,Sealed,,0,0,,50,,Off,0,0,,76,Auckland,Give way,,,,,0,0,Urban,0,,,Light rain,Null
1877201,5809886,871,65,536630,0,0,0,1,1,East,2008/2009,HEREFORD ROAD,OROPI ROAD,,Non-Injury Crash,No,2009,0,East,0,0,0,Hill Road,0,,0,,0,Bright sun,1193502,0,0,0,2,0,0,0,0,0,,0,0,Bay of Plenty Region,Nil,2-way,Sealed,0,0,0,0,100,0,Null,0,0,,22,Western Bay of Plenty District,Unknown,0,0,0,0,0,0,Open,0,0,0,Fine,Null
1570577,5180279,872,,591500,0,,0,1,,West,2009/2010,GLOUCESTER ST,COLOMBO ST,,Minor Crash,No,2009,,West,,0,,Flat,,,,,,Dark,2652400,1,1,0,2,,,0,,,,,,Canterbury Region,Nil,2-way,Sealed,,0,0,,50,,On,0,0,,60,Christchurch City,Unknown,,,,,0,0,Urban,0,,,Fine,Null
1766861,5471284,873,,565903,0,0,0,2,0,Null,2008/2009,MARINE PARADE,HOWELL ROAD,,Non-Injury Crash,No,2009,0,West,0,0,0,Flat,0,,0,,0,Bright sun,2002500,0,0,0,2,0,0,0,0,1,,0,0,Wellington Region,Nil,2-way,Sealed,0,0,0,0,50,0,Null,0,0,,43,Kapiti Coast District,Give way,0,0,0,0,0,0,Urban,0,0,0,Fine,Null
1699216,5678446,874,,550902,0,0,0,0,0,North,2008/2009,PARAITE ROAD,CONNETT ROAD WEST,,Non-Injury Crash,No,2009,0,South,0,0,0,Flat,0,,0,,0,Bright sun,1563100,0,0,0,2,0,0,0,0,0,,0,1,Taranaki Region,Nil,2-way,Sealed,0,0,0,0,70,0,Null,0,0,,33,New Plymouth District,Nil,0,0,0,0,1,0,Urban,0,0,0,Fine,Frost
1862130,5828855,875,85,536620,0,,0,1,,West,2009/2010,SH 2,APATA STATION ROAD W,,Non-Injury Crash,Yes,2009,,East,,0,,Flat,,,,,,Dark,1186703,0,0,0,2,,,0,,,,,,Bay of Plenty Region,Nil,2-way,Sealed,,0,0,,100,,None,0,0,,22,Western Bay of Plenty District,Unknown,,,,,0,0,Open,0,,,Light rain,Null
1789487,5828994,876,,528200,0,,0,2,,North,2009/2010,GREAT SOUTH ROAD,NEWCASTLE ST,,Non-Injury Crash,No,2009,,South,,0,,Flat,,,,,,Overcast,857500,0,0,0,2,,,0,,,,,,Waikato Region,Nil,2-way,Sealed,,0,0,,50,,Null,0,0,,13,Waikato District,Unknown,,,,,0,0,Urban,0,,,Fine,Null
1763993,5909955,877,,521901,0,,0,2,,West,2009/2010,STATION ROAD,GREAT SOUTH ROAD,,Non-Injury Crash,No,2009,,West,,0,,Flat,,,,,,Overcast,784200,0,0,0,1,,,0,,,,,,Auckland Region,Nil,1-way,Sealed,,0,0,,50,,Null,0,0,,76,Auckland,Nil,,,,,0,0,Urban,0,,,Fine,Null
1768371,5904445,878,,523820,0,,0,2,,Null,2009/2010,REDOUBT ROAD,DIORELLA DRIVE,,Non-Injury Crash,No,2009,,West,,0,,Flat,,,,,,Bright sun,759901,0,0,0,2,,,0,,,,,,Auckland Region,Nil,2-way,Sealed,,0,0,,50,,Off,0,0,,76,Auckland,Nil,,,,,0,0,Urban,0,,,Fine,Null
1238864,4846851,879,,609922,0,0,0,1,0,West,2008/2009,ORETI ROAD,BLACK ROAD,,Fatal Crash,No,2009,0,East,1,1,0,Flat,0,,0,,0,Dark,3083300,0,0,0,2,0,0,0,0,0,,0,0,Southland Region,Nil,2-way,Sealed,0,0,0,0,50,0,None,0,0,,75,Invercargill City,Unknown,0,0,0,0,0,0,Urban,0,0,0,Light rain,Null
1755925,5919483,880,,514000,0,0,0,1,0,West,2009/2010,PONSONBY ROAD,HEPBURN ST,,Non-Injury Crash,No,2009,0,East,0,0,0,Flat,0,,0,,0,Bright sun,414500,0,0,0,4,0,0,0,0,1,,0,0,Auckland Region,Nil,2-way,Sealed,0,0,0,0,50,0,Null,0,0,,76,Auckland,Unknown,0,0,0,0,1,0,Urban,0,0,0,Fine,Null
1881108,5828800,881,,536810,0,,0,3,,North,2009/2010,TOTARA ST,PURIRI ST,,Non-Injury Crash,No,2009,,North,,0,,Flat,,Christmas New Year,,,,Bright sun,1202800,0,0,0,2,,,0,,,,,,Bay of Plenty Region,Nil,2-way,Sealed,,0,0,,70,,None,0,0,,23,Tauranga City,Nil,,,,,0,0,Urban,0,,,Fine,Null
1757430,5912428,882,,519810,0,,0,1,,Null,2009/2010,QUEENSTOWN ROAD,BEL AIR DRIVE,,Non-Injury Crash,No,2009,,North,,0,,Hill Road,,,,,,Overcast,596700,0,0,0,3,,,0,,,,,,Auckland Region,Bridge,2-way,Sealed,,0,0,,50,,Off,0,0,,76,Auckland,Give way,,,,,1,0,Urban,0,,,Light rain,Null
1718829,6038008,883,,502005,0,0,0,0,0,East,2008/2009,PORTLAND ROAD,OLD STONE ROAD,,Non-Injury Crash,No,2009,0,East,0,0,0,Flat,0,,0,,0,Overcast,76400,0,0,0,2,0,0,0,0,0,,0,1,Northland Region,Nil,2-way,Sealed,0,0,0,0,50,0,None,0,0,,2,Whangarei District,Nil,0,0,0,0,0,0,Urban,1,0,0,Light rain,Null
1767081,5905565,884,,522302,0,0,0,2,0,North,2009/2010,GREAT SOUTH ROAD,PUHINUI ROAD,,Non-Injury Crash,No,2009,0,North,0,0,0,Flat,0,,0,,0,Bright sun,670700,0,0,0,4,0,0,0,0,1,,0,0,Auckland Region,Nil,2-way,Sealed,0,0,0,0,50,0,Off,0,0,,76,Auckland,Unknown,0,0,0,0,0,0,Urban,0,0,0,Fine,Null
1740672,5911309,885,25,512902,0,,0,1,,East,2008/2009,WEST COAST ROAD,SCENIC DRIVE,,Non-Injury Crash,No,2009,,East,,0,,Hill Road,,,,,,Overcast,279201,0,0,0,2,,,0,,,,,,Auckland Region,Nil,2-way,Sealed,,0,0,,100,,Off,0,0,,76,Auckland,Nil,,,,,1,0,Open,0,,,Fine,Null
1789669,5829729,886,,528200,0,,0,2,,Null,2009/2010,GREAT SOUTH ROAD,RIVER ROAD,,Non-Injury Crash,No,2009,,South,,0,,Flat,,,,,,Dark,859100,0,0,0,2,,,0,,,,,,Waikato Region,Nil,2-way,Sealed,,0,0,,50,,On,0,0,,13,Waikato District,Stop,,,,,0,0,Urban,0,,,Light rain,Null
1754682,5912589,887,,518803,0,0,0,2,0,North,2008/2009,DOMINION ROAD,RICHARDSON ROAD,,Non-Injury Crash,No,2009,0,South,0,0,0,Flat,0,,0,,0,Bright sun,583500,0,0,0,2,0,0,0,0,1,,0,0,Auckland Region,Nil,2-way,Sealed,0,0,0,0,50,0,Null,0,0,,76,Auckland,Unknown,0,0,0,0,0,0,Urban,0,0,0,Fine,Null
1753629,5928075,888,,508310,0,,0,2,,Null,2008/2009,GLENFIELD ROAD,BENTLEY AVENUE,,Non-Injury Crash,No,2009,,North,,0,,Flat,,,,,,Twilight,200000,0,0,0,2,,,0,,,,,,Auckland Region,Nil,2-way,Sealed,,0,0,,50,,Off,0,0,,76,Auckland,Traffic Signals,,,,,0,0,Urban,0,,,Fine,Null
1793759,5804037,889,,527914,0,0,0,1,0,North,2009/2010,SH 39,DUNCAN ROAD,,Non-Injury Crash,Yes,2009,0,North,1,0,0,Flat,0,Christmas New Year,0,,0,Dark,980400,0,0,0,2,0,0,0,0,0,,0,0,Waikato Region,Nil,2-way,Sealed,0,0,0,0,100,0,None,0,0,,17,Waipa District,Unknown,0,0,0,0,0,0,Open,0,0,0,Light rain,Null
1706947,6001520,890,,505010,0,0,0,0,0,East,2008/2009,SH 12,MATAKOHE EAST ROAD,,Non-Injury Crash,Yes,2009,0,South,0,0,0,Hill Road,0,,0,,0,Dark,128800,0,0,0,2,0,0,0,0,0,,0,1,Northland Region,Nil,2-way,Sealed,0,0,0,0,100,0,None,1,0,,3,Kaipara District,Nil,0,0,0,0,0,0,Open,0,0,0,Light rain,Null
1748207,5919181,891,,514801,0,0,0,1,0,West,2009/2010,SH 16,PATIKI ON WBD,,Non-Injury Crash,Yes,2009,0,West,0,0,0,Flat,1,,0,,0,Overcast,389300,0,0,0,3,0,0,0,0,0,,0,0,Auckland Region,Nil,1-way,Sealed,0,0,0,0,100,0,Null,0,0,,76,Auckland,Unknown,0,0,0,0,0,0,Open,0,0,0,Light rain,Null
1577413,5177242,892,,596000,0,,0,1,,South,2008/2009,MOUNT PLEASANT ROAD,SEAMOUNT TERRACE,,Non-Injury Crash,No,2009,,South,,0,,Hill Road,,,,,,Bright sun,2699600,0,0,1,2,,,0,,,,,,Canterbury Region,Nil,2-way,Sealed,,0,0,,50,,Null,0,0,,60,Christchurch City,Unknown,,,,,0,0,Urban,0,,,Fine,Null
1767071,5899077,893,,524812,0,,0,2,,Null,2008/2009,MAHIA ROAD,MONTEGO PLACE,,Non-Injury Crash,No,2009,,West,,0,,Flat,,,,,,Overcast,774104,0,0,0,2,,,0,,,,,,Auckland Region,Nil,2-way,Sealed,,0,0,,50,,On,0,0,,76,Auckland,Give way,,,,,0,0,Urban,0,,,Light rain,Null
1765964,5906413,894,,522202,0,,0,2,,Null,2009/2010,GREAT SOUTH ROAD,TUI ROAD,,Non-Injury Crash,No,2009,,North,,0,,Flat,,,,,,Bright sun,665101,0,0,0,5,,,0,,,,,,Auckland Region,Nil,2-way,Sealed,,0,0,,50,,Off,0,0,,76,Auckland,Traffic Signals,,,,,0,0,Urban,0,,,Fine,Null
1638865,5291212,895,,581500,0,,0,1,,South,2009/2010,SH 1S,BIRCHES ROAD,,Serious Crash,Yes,2009,,North,,0,,Hill Road,,,,,,Bright sun,2310900,1,0,0,2,,,0,,,,,,Canterbury Region,Nil,2-way,Sealed,,0,1,,100,,Null,1,0,,54,Kaikoura District,Unknown,,,,,0,0,Open,0,,,Fine,Null
1815559,5807381,896,,527133,0,0,0,1,0,West,2008/2009,BRUNTWOOD ROAD,SH 1B,,Non-Injury Crash,No,2009,0,West,0,0,0,Flat,0,,0,,0,Overcast,959500,0,0,0,2,0,0,0,0,0,,0,1,Waikato Region,Nil,2-way,Sealed,0,0,0,0,100,0,Null,0,0,,17,Waipa District,Unknown,0,0,0,0,0,0,Open,0,0,0,Heavy rain,Null
1881802,5822376,897,,536505,0,,0,2,,North,2009/2010,SH 29,MAUNGATAPU BR N,,Non-Injury Crash,Yes,2009,,North,,0,,Flat,,,,,,Twilight,1205501,0,0,0,3,,,0,,,,,,Bay of Plenty Region,Nil,2-way,Sealed,,0,0,,100,,Off,0,0,,23,Tauranga City,Nil,,,,,0,0,Open,0,,,Light rain,Null
1768913,5909733,898,,523113,0,,0,2,,Null,2009/2010,SMALES ROAD,SIR WILLIAM AVENUE,,Non-Injury Crash,No,2009,,West,,0,,Flat,,,,,,Bright sun,711703,0,0,0,4,,,0,,,,,,Auckland Region,Nil,2-way,Sealed,,0,0,,50,,Off,0,0,,76,Auckland,Give way,,,,,0,0,Urban,0,,,Fine,Null
1884745,5773943,899,,540410,0,0,1,1,0,North,2008/2009,AMOHIA ST,HINEMOA ST,,Non-Injury Crash,No,2009,0,South,0,0,0,Flat,0,,0,,0,Overcast,1234100,0,0,0,2,0,0,0,0,1,,0,0,Bay of Plenty Region,Nil,2-way,Sealed,0,0,0,0,50,0,Null,0,0,,24,Rotorua District,Unknown,0,0,0,0,0,0,Urban,0,0,0,Fine,Null
1622293,5428422,900,,583300,0,,0,1,,Null,2008/2009,WAIMEA ROAD,MARKET ROAD,,Non-Injury Crash,No,2009,,South,,0,,Flat,,,,,,Bright sun,2331300,0,0,0,3,,,0,,,,,,Nelson Region,Nil,2-way,Sealed,,0,0,,50,,Null,1,0,,52,Nelson City,Give way,,,,,0,0,Urban,0,,,Fine,Null
1754323,5935992,901,,508704,0,,0,2,,Null,2008/2009,EAST COAST ROAD,OTEHA VALLEY ROAD,,Non-Injury Crash,No,2009,,North,,0,,Flat,,,,,,Dark,178602,0,0,0,4,,,0,,,,,,Auckland Region,Nil,2-way,Sealed,,0,0,,50,,Off,0,0,,76,Auckland,Traffic Signals,,,,,0,0,Urban,0,,,Null,Null
1753928,5933781,902,,508804,0,0,0,2,0,Null,2009/2010,BALLYMORE DRIVE,LOUGH DERG PLACE,,Non-Injury Crash,No,2009,0,South,0,0,0,Hill Road,0,,0,,0,Overcast,180607,0,0,0,1,0,0,0,0,1,,0,0,Auckland Region,Nil,2-way,Sealed,0,0,0,0,50,0,Off,0,0,,76,Auckland,Nil,0,0,0,0,0,0,Urban,0,0,0,Light rain,Null
1550456,5305355,903,,585506,0,0,0,0,1,South,2009/2010,SH 7,GOINGS CRK BR,,Minor Crash,Yes,2009,0,North,0,0,0,Hill Road,0,,0,,0,Overcast,2426601,1,0,0,2,0,0,0,0,0,,0,0,Canterbury Region,Nil,2-way,Sealed,0,0,0,0,100,0,Null,0,0,,58,Hurunui District,Unknown,0,0,0,0,0,0,Open,1,0,0,Heavy rain,Null
1567177,5183188,904,,592000,0,,0,1,,Null,2009/2010,WAIRAKEI ROAD,AORANGI ROAD,,Serious Crash,No,2009,,East,,0,,Flat,,,,,,Dark,2668400,0,1,0,2,,,0,,,,,,Canterbury Region,Nil,2-way,Sealed,,0,1,,50,,On,0,0,,60,Christchurch City,Stop,,,,,0,0,Urban,0,,,Fine,Null
1885495,5773877,905,,540410,0,0,0,2,0,West,2009/2010,HINEMOA ST,HATUPATU DRIVE,,Non-Injury Crash,No,2009,0,East,0,0,0,Flat,0,,0,,0,Overcast,1234000,0,0,0,2,0,0,0,0,1,,0,0,Bay of Plenty Region,Nil,2-way,Sealed,0,0,0,0,50,0,Null,0,0,,24,Rotorua District,Unknown,0,0,0,0,0,0,Urban,0,0,0,Light rain,Null
1774433,5578405,906,,556800,0,0,0,2,0,West,2008/2009,VICTORIA AVENUE,LIVERPOOL ST,,Non-Injury Crash,No,2009,0,North,0,0,0,Flat,0,,0,,0,Overcast,1702300,0,0,0,2,0,0,0,0,1,,0,0,Manawatū-Whanganui Region,Nil,2-way,Sealed,0,0,0,0,50,0,Null,0,0,,37,Whanganui District,Nil,0,0,0,0,0,0,Urban,0,0,0,Fine,Null
1756212,5924658,907,,509702,0,0,0,2,0,East,2009/2010,SYLVAN AVENUE,TARAHANGA ST,,Non-Injury Crash,No,2009,0,East,0,0,0,Hill Road,0,,0,,0,Bright sun,366700,0,0,0,2,0,0,0,0,1,,0,0,Auckland Region,Nil,2-way,Sealed,0,0,0,0,50,0,Null,0,0,,76,Auckland,Unknown,0,0,0,0,0,0,Urban,0,0,0,Fine,Null
1436003,5010869,908,,600826,0,0,0,1,0,South,2008/2009,AIREDALE ROAD,TURFUS CAMP ROAD,,Non-Injury Crash,No,2009,0,North,0,0,1,Hill Road,0,,0,,0,Dark,2828801,0,0,0,2,0,0,0,0,0,,0,0,Otago Region,Nil,2-way,Sealed,0,0,0,0,100,0,None,0,0,,68,Waitaki District,Unknown,0,0,0,0,0,0,Open,0,0,0,Fine,Null
1759426,5914167,909,,519300,0,,0,3,,West,2008/2009,CAMPBELL ROAD,RAWHITI ROAD,,Non-Injury Crash,No,2009,,South,,0,,Flat,,,,,,Overcast,624900,0,0,0,2,,,0,,,,,,Auckland Region,Nil,2-way,Sealed,,0,0,,50,,Null,0,0,,76,Auckland,Unknown,,,,,0,0,Urban,0,,,Light rain,Null
1766728,5904426,910,,524604,0,,0,0,,East,2008/2009,RONWOOD AVENUE,LAMBIE DRIVE,,Non-Injury Crash,No,2009,,West,,0,,Hill Road,,,,,,Overcast,780209,0,0,0,1,,,0,,,,,,Auckland Region,Bridge,1-way,Sealed,,0,0,,40,,Null,1,0,,76,Auckland,Traffic Signals,,,,,0,0,Urban,1,,,Fine,Null
1564676,5178381,911,,587702,0,,0,2,,East,2009/2010,PARKHOUSE ROAD,HAYTON ROAD,,Minor Crash,No,2009,,West,,0,,Flat,,,,,,Bright sun,2480400,1,0,0,2,,,0,,,,,,Canterbury Region,Nil,2-way,Sealed,,0,0,,50,,Null,0,0,,60,Christchurch City,Nil,,,,,0,0,Urban,0,,,Fine,Null
1720324,6045763,912,,503200,1,,0,1,,Null,2008/2009,RIVERSIDE DRIVE,PUNGA GROVE AVENUE,,Non-Injury Crash,No,2009,,East,,0,,Flat,,,,,,Bright sun,101802,0,0,0,4,,,0,,,,,,Northland Region,Nil,2-way,Sealed,,0,0,,50,,Null,0,0,,2,Whangarei District,Nil,,,,,0,0,Urban,0,,,Fine,Null
1751488,5434768,913,,573700,0,,0,2,,North,2008/2009,JOHNSONVILLE ROAD,BRODERICK ROAD,,Non-Injury Crash,No,2009,,South,,0,,Flat,,,,,,Dark,2082800,0,0,0,2,,,0,,,,,,Wellington Region,Nil,2-way,Sealed,,0,0,,50,,On,0,0,,47,Wellington City,Nil,,,,,0,0,Urban,0,,,Fine,Null
1406217,4917141,914,,603100,0,,0,1,,North,2008/2009,FILLEUL ST,MORAY PLACE,,Non-Injury Crash,No,2009,,North,,0,,Flat,,,,,,Bright sun,2903100,0,0,0,2,,,0,,,,,,Otago Region,Nil,2-way,Sealed,,0,0,,50,,Null,0,0,,71,Dunedin City,Nil,,,,,0,0,Urban,1,,,Fine,Null
1766527,5907238,915,,522302,0,,0,0,,South,2009/2010,SH 1N,OTARA OFF NBD,,Non-Injury Crash,Yes,2009,,North,,0,,Flat,,,,,,Dark,668000,0,0,0,6,,,0,,,,,,Auckland Region,Nil,2-way,Sealed,,0,0,,100,,On,1,0,,76,Auckland,Unknown,,,,,1,0,Open,0,,,Fine,Null
1718584,6049341,916,,502300,0,,0,1,,Null,2009/2010,OLD SH 1N,KAMO ROAD,,Non-Injury Crash,Yes,2009,,North,,0,,Flat,,,,,,Bright sun,89602,0,0,0,2,,,0,,,,,,Northland Region,Nil,2-way,Sealed,,0,0,,50,,Off,0,0,,2,Whangarei District,Give way,,,,,0,0,Urban,1,,,Fine,Null
1745208,5918928,917,,513302,0,,0,1,,South,2008/2009,LINCOLN ROAD,MOSELLE AVENUE,,Non-Injury Crash,No,2009,,North,,0,,Flat,,,,,,Bright sun,230701,0,0,0,4,,,0,,,,,,Auckland Region,Nil,2-way,Sealed,,0,0,,50,,Null,1,0,,76,Auckland,Unknown,,,,,0,0,Urban,0,,,Fine,Null
1884886,5774118,918,,540410,0,,0,2,,West,2008/2009,HAUPAPA ST,TUTANEKAI ST,,Non-Injury Crash,No,2009,,East,,0,,Flat,,,,,,Bright sun,1233300,0,0,0,2,,,0,,,,,,Bay of Plenty Region,Nil,2-way,Sealed,,0,0,,50,,Null,0,0,,24,Rotorua District,Unknown,,,,,0,0,Urban,0,,,Fine,Null
1751552,5915524,919,,514401,0,,0,2,,West,2008/2009,ROSEBANK ROAD,BLOCKHOUSE BAY ROAD,,Non-Injury Crash,No,2009,,East,,0,,Flat,,,,,,Dark,382200,0,0,0,2,,,0,,,,,,Auckland Region,Nil,2-way,Sealed,,0,0,,50,,On,0,0,,76,Auckland,Give way,,,,,0,0,Urban,0,,,Fine,Null
1556271,5176729,920,,587904,0,,0,1,,Null,2009/2010,SH 1S,WATERHOLES ROAD,,Minor Crash,Yes,2009,,West,,0,,Flat,,,,,,Bright sun,2496900,2,0,0,2,,,0,,,,,,Canterbury Region,Nil,2-way,Sealed,,0,0,,100,,Null,0,0,,62,Selwyn District,Stop,,,,,0,0,Open,1,,,Fine,Null
1755190,5877086,921,,521152,0,0,0,0,1,Null,2009/2010,GLENBROOK-WAIUKU ROAD,CORNWALL ROAD,,Non-Injury Crash,No,2009,0,South,0,0,0,Flat,0,Christmas New Year,0,,0,Overcast,834000,0,0,0,2,0,0,0,0,0,,0,0,Auckland Region,Nil,2-way,Sealed,0,0,0,0,70,0,None,0,0,,76,Auckland,Nil,0,0,0,0,1,0,Urban,0,0,0,Light rain,Null
1677369,5402034,922,,580420,0,,0,1,,Null,2008/2009,NEW RENWICK ROAD,AERODROME ROAD,,Non-Injury Crash,No,2009,,West,,0,,Flat,,,,,,Overcast,2288100,0,0,0,2,,,0,,,,,,Marlborough Region,Nil,2-way,Sealed,,0,0,,70,,Null,1,0,,53,Marlborough District,Give way,,,,,0,0,Urban,0,,,Fine,Null
1697340,6084207,923,,501400,0,,0,2,,Null,2009/2010,SH 1N,SH 11,,Non-Injury Crash,Yes,2009,,North,,0,,Flat,,,,,,Bright sun,57800,0,0,0,2,,,0,,,,,,Northland Region,Nil,2-way,Sealed,,0,0,,100,,Off,0,0,,1,Far North District,Give way,,,,,0,0,Open,0,,,Fine,Null
1883522,5771449,924,,540000,0,,0,1,,Null,2009/2010,OTONGA ROAD,SPRINGFIELD ROAD,,Non-Injury Crash,No,2009,,North,,0,,Flat,,,,,,Bright sun,1244900,0,0,0,2,,,0,,,,,,Bay of Plenty Region,Nil,2-way,Sealed,,0,0,,50,,Null,0,0,,24,Rotorua District,Give way,,,,,0,0,Urban,1,,,Fine,Null
1755173,5914291,925,,518803,0,0,1,1,0,Null,2008/2009,DOMINION ROAD,MOUNT ALBERT ROAD,,Non-Injury Crash,No,2009,0,North,0,0,0,Flat,0,,0,,0,Dark,580100,0,0,0,4,0,0,0,0,0,,0,0,Auckland Region,Nil,2-way,Sealed,0,0,0,0,50,0,On,0,0,,76,Auckland,Traffic Signals,0,0,0,0,0,0,Urban,0,1,0,Fine,Null
1756695,5919470,926,,514200,1,0,0,0,0,Null,2008/2009,KARANGAHAPE ROAD,EAST ST,,Non-Injury Crash,No,2009,0,East,0,0,0,Flat,0,,0,,0,Overcast,412000,0,0,0,2,0,0,0,0,0,,0,0,Auckland Region,Nil,2-way,Sealed,0,0,0,0,50,0,Null,0,0,,76,Auckland,Nil,0,0,0,0,0,0,Urban,1,1,0,Fine,Null