X,Y,OBJECTID,advisorySpeed,areaUnitID,bicycle,bridge,bus,carStationWagon,cliffBank,crashDirectionDescription,crashFinancialYear,crashLocation1,crashLocation2,crashRoadSideRoad,crashSeverity,crashSHDescription,crashYear,debris,directionRoleDescription,ditch,fatalCount,fence,flatHill,guardRail,holiday,houseOrBuilding,intersection,kerb,light,meshblockId,minorInjuryCount,moped,motorcycle,NumberOfLanes,objectThrownOrDropped,otherObject,otherVehicleType,overBank,parkedVehicle,pedestrian,phoneBoxEtc,postOrPole,region,roadCharacter,roadLane,roadSurface,roadworks,schoolBus,seriousInjuryCount,slipOrFlood,speedLimit,strayAnimal,streetLight,suv,taxi,temporarySpeedLimit,tlaId,tlaName,trafficControl,trafficIsland,trafficSign,train,tree,truck,unknownVehicleType,urban,vanOrUtility,vehicle,waterRiver,weatherA,weatherB
1570883,5180159,927,,591500,0,,0,2,,Null,2009/2010,WORCESTER ST,WORCESTER STREET,,Minor Crash,No,2009,,East,,0,,Flat,,,,,,Dark,2652900,4,0,0,2,,,0,,,,,,Canterbury Region,Nil,2-way,Sealed,,0,0,,50,,On,0,2,,60,Christchurch City,Traffic Signals,,,,,0,0,Urban,0,,,Fine,Null
1759262,5911766,928,,519820,0,,0,1,,Null,2009/2010,NEILSON ST,GALWAY ST,,Non-Injury Crash,No,2009,,West,,0,,Flat,,,,,,Overcast,602401,0,0,0,4,,,0,,,,,,Auckland Region,Nil,2-way,Sealed,,0,0,,50,,Null,0,0,,76,Auckland,Traffic Signals,,,,,1,0,Urban,0,,,Heavy rain,Null
1830917,5540062,929,,560422,0,0,0,1,0,Null,2008/2009,COLYTON ROAD,WATERSHED ROAD,,Non-Injury Crash,No,2009,0,West,1,0,1,Hill Road,0,,0,,0,Dark,1758601,0,0,0,2,0,0,0,0,0,,0,0,Manawatū-Whanganui Region,Nil,2-way,Sealed,0,0,0,0,100,0,None,0,0,,39,Manawatu District,Nil,0,0,0,0,0,0,Open,0,0,0,Fine,Null
1769241,5905615,930,,523712,0,,0,0,,West,2009/2010,DAWSON ROAD,CHAPEL ROAD,,Non-Injury Crash,No,2009,,South,,0,,Flat,,,,,,Bright sun,713016,0,0,0,2,,,0,,,,,,Auckland Region,Nil,2-way,Sealed,,0,0,,50,,Off,1,0,,76,Auckland,Nil,,,,,0,0,Urban,1,,,Fine,Null
1747854,5911718,931,,511901,0,0,0,1,0,North,2008/2009,TITIRANGI ROAD,GODLEY ROAD,,Non-Injury Crash,No,2009,0,North,0,0,1,Flat,0,,0,,0,Dark,293900,0,0,0,2,0,0,0,1,0,,0,0,Auckland Region,Nil,2-way,Sealed,0,0,0,0,50,0,On,0,0,,76,Auckland,Nil,0,0,0,0,0,0,Urban,0,0,0,Fine,Null
1757784,5912174,932,,519810,0,,0,2,,South,2009/2010,SH 20,QUEENSTOWN ON SBD,,Non-Injury Crash,Yes,2009,,South,,0,,Flat,,,,,,Bright sun,596700,0,0,0,2,,,0,,,,,,Auckland Region,Nil,2-way,Sealed,,0,0,,80,,Off,0,0,,76,Auckland,Nil,,,,,0,0,Open,0,,,Fine,Null
1754025,5918294,933,,515431,0,,0,2,,East,2009/2010,SH 16,ST LUKES OBR,,Non-Injury Crash,Yes,2009,,East,,0,,Flat,,,,,,Overcast,406300,0,0,0,3,,,0,,,,,,Auckland Region,Nil,1-way,Sealed,,0,0,,100,,Off,0,0,,76,Auckland,Nil,,,,,0,0,Open,0,,,Fine,Null
1759924,5920303,934,,516400,0,,0,2,,West,2009/2010,TAMAKI DRIVE,NGAPIPI ROAD,,Non-Injury Crash,No,2009,,West,,0,,Flat,,,,,,Dark,455000,0,0,0,4,,,0,,,,,,Auckland Region,Nil,2-way,Sealed,,0,0,,50,,On,0,0,,76,Auckland,Nil,,,,,0,0,Urban,0,,,Fine,Null
1800582,5815987,935,,529700,0,,0,2,,Null,2009/2010,VICTORIA ST,ROSTREVOR ST,,Non-Injury Crash,No,2009,,North,,0,,Flat,,,,,,Bright sun,910100,0,0,0,4,,,0,,,,,,Waikato Region,Nil,2-way,Sealed,,0,0,,50,,Off,0,0,,16,Hamilton City,Stop,,,,,0,0,Urban,0,,,Fine,Null
1761549,5915740,936,,520201,0,0,0,1,0,South,2008/2009,LADIES MILE,MARUA ROAD,,Non-Injury Crash,No,2009,0,South,0,0,1,Hill Road,0,,0,,0,Overcast,612901,0,0,0,2,0,0,0,0,0,,0,0,Auckland Region,Nil,2-way,Sealed,0,0,0,0,50,0,Off,0,0,,76,Auckland,Nil,0,0,0,0,0,0,Urban,0,0,0,Fine,Null
1877396,5825252,937,,537202,0,0,0,1,0,North,2009/2010,GRANGE ROAD,COACH DRIVE,,Non-Injury Crash,No,2009,0,South,0,0,0,Hill Road,0,,0,,1,Bright sun,1157000,0,0,0,2,0,0,0,0,0,,0,0,Bay of Plenty Region,Nil,2-way,Sealed,0,0,0,0,50,0,Null,0,0,,23,Tauranga City,Unknown,0,1,0,1,0,0,Urban,0,0,0,Fine,Null
1746470,5428495,938,,575000,0,0,0,1,1,South,2008/2009,KARORI ROAD,CHAYTOR ST,,Non-Injury Crash,No,2009,0,North,0,0,0,Hill Road,0,,0,,0,Dark,2111000,0,0,0,2,0,0,0,0,0,,0,0,Wellington Region,Nil,2-way,Sealed,0,0,0,0,50,0,On,0,0,,47,Wellington City,Nil,0,0,0,0,0,0,Urban,0,0,0,Fine,Null
1700399,5679060,939,,550901,0,,0,1,,Null,2009/2010,SH 3,CORBETT ROAD,,Non-Injury Crash,Yes,2009,,West,,0,,Flat,,,,,,Overcast,1562502,0,0,0,2,,,0,,,,,,Taranaki Region,Nil,2-way,Sealed,,0,0,,100,,Null,1,0,,33,New Plymouth District,Stop,,,,,0,0,Open,0,,,Light rain,Null
1765455,5441683,940,,569600,0,,0,1,,North,2008/2009,SH 2,SH 58,,Non-Injury Crash,Yes,2009,,North,,0,,Flat,,,,,,Overcast,1917000,0,0,0,2,,,0,,,,,,Wellington Region,Nil,2-way,Sealed,,0,0,,100,,Null,0,0,,46,Lower Hutt City,Traffic Signals,,,,,0,0,Open,1,,,Light rain,Null
1752706,5953645,941,,506201,0,0,0,1,0,South,2009/2010,HIBISCUS COAST HIGHWAY,WAIWERA ROAD,,Non-Injury Crash,No,2009,0,North,0,0,0,Hill Road,0,,0,,0,Bright sun,176204,0,0,0,2,0,0,0,0,0,,0,0,Auckland Region,Nil,2-way,Sealed,0,0,0,0,80,0,Null,0,0,,76,Auckland,Unknown,0,1,0,0,0,0,Open,0,0,0,Fine,Null
1762190,5913669,942,,520401,0,1,0,2,0,Null,2008/2009,SH 1N,PENROSE OBR,,Non-Injury Crash,Yes,2009,0,South,0,0,0,Flat,0,,0,,0,Bright sun,644300,0,0,0,3,2,0,0,0,0,,0,0,Auckland Region,Nil,1-way,Sealed,0,0,0,0,100,0,Off,0,0,,76,Auckland,Nil,0,0,0,0,1,0,Open,0,0,0,Fine,Null
1756554,5926887,943,,507900,0,,0,2,,Null,2009/2010,NORTHCOTE ON SBD,SH 1N,,Non-Injury Crash,Yes,2009,,South,,0,,Hill Road,,,,,,Bright sun,303502,0,0,0,2,,,0,,,,,,Auckland Region,Motorway ramp,1-way,Sealed,,0,0,,80,,Off,0,0,,76,Auckland,Nil,,,,,0,0,Open,0,,,Fine,Null
1499326,5384818,944,,584409,0,,0,0,,North,2008/2009,CAINS ROAD,SH 67,,Minor Crash,No,2009,,North,,0,,Flat,,,,,,Bright sun,2385900,1,0,0,2,,,0,,,,,,West Coast Region,Nil,2-way,Sealed,,0,0,,100,,Null,0,0,,55,Buller District,Unknown,,,,,1,0,Open,1,,,Fine,Null
1925040,5606249,945,,548620,0,0,0,1,0,Null,2008/2009,SUNDERLAND ROAD,HULL ST,,Non-Injury Crash,No,2009,0,North,0,0,0,Flat,0,,0,,0,Dark,1475100,0,0,0,2,0,0,0,0,1,,0,0,Hawke's Bay Region,Nil,2-way,Sealed,0,0,0,0,50,0,None,0,0,,30,Hastings District,Nil,0,0,0,0,0,0,Urban,1,0,0,Fine,Null
1765897,5439577,946,,568103,0,,0,1,,North,2008/2009,BIRD GROVE,SPEEDY ST,,Non-Injury Crash,No,2009,,North,,0,,Flat,,,,,,Twilight,1932300,0,0,0,2,,,0,,,,,,Wellington Region,Nil,2-way,Sealed,,0,0,,50,,On,0,0,,46,Lower Hutt City,Nil,,,,,0,0,Urban,1,,,Fine,Null
1825529,5533240,947,,562200,0,0,0,1,0,West,2008/2009,PARNELL HEIGHTS DRIVE,JAMES LINE,,Non-Injury Crash,No,2009,0,East,0,0,0,Flat,0,,0,,0,Bright sun,1839802,0,0,0,2,0,0,0,0,1,,0,0,Manawatū-Whanganui Region,Nil,2-way,Sealed,0,0,0,0,50,0,Null,0,0,,40,Palmerston North City,Nil,0,0,0,0,0,0,Urban,1,0,0,Fine,Frost
1800064,5816114,948,,529700,0,,0,2,,Null,2009/2010,MILL ST,WILLOUGHBY ST,,Non-Injury Crash,No,2009,,North,,0,,Flat,,,,,,Overcast,909500,0,0,0,4,,,0,,,,,,Waikato Region,Nil,2-way,Sealed,,0,0,,50,,Off,0,0,,16,Hamilton City,Traffic Signals,,,,,0,0,Urban,0,,,Light rain,Null
1933348,5619361,949,,547400,0,,0,2,,Null,2008/2009,SH 50,TARADALE ROAD,,Non-Injury Crash,Yes,2009,,West,,0,,Flat,,,,,,Bright sun,1448700,0,0,0,4,,,0,,,,,,Hawke's Bay Region,Nil,2-way,Sealed,,0,0,,50,,Null,0,0,,31,Napier City,Give way,,,,,0,0,Urban,0,,,Fine,Null
1683418,6100483,950,,501615,0,0,0,0,0,North,2008/2009,SH 10,WAIMATE NORTH ROAD,,Non-Injury Crash,Yes,2009,0,South,1,0,0,Flat,0,,0,,0,Overcast,34102,0,0,0,2,0,0,0,0,0,,0,0,Northland Region,Nil,2-way,Sealed,0,0,0,0,100,0,None,1,0,,1,Far North District,Nil,0,0,0,0,1,0,Open,0,0,0,Light rain,Null
1763314,5884029,951,,521121,0,0,0,1,1,North,2008/2009,WOODHOUSE ROAD,HUNTER ROAD,,Non-Injury Crash,No,2009,0,North,0,0,0,Flat,0,,0,,0,Dark,811402,0,0,0,2,0,0,0,0,0,,0,0,Auckland Region,Bridge,2-way,Unsealed,0,0,0,0,80,0,None,0,0,30,76,Auckland,Nil,0,0,0,0,0,0,Open,0,0,0,Fine,Null
1852013,5857104,952,,534400,0,0,0,1,0,North,2008/2009,RIVERBANK TERRACE,ROSEMONT ROAD,,Non-Injury Crash,No,2009,0,South,0,0,1,Hill Road,0,,0,,0,Twilight,1080200,0,0,0,2,0,0,0,0,0,,0,0,Waikato Region,Nil,2-way,Sealed,0,0,0,0,50,0,None,0,0,,12,Hauraki District,Unknown,0,0,0,0,0,0,Urban,0,0,0,Fine,Null
1936037,5620038,953,,546600,0,0,0,2,0,Null,2009/2010,LATHAM ST,DOUGLAS MCLEAN AVENUE,,Non-Injury Crash,No,2009,0,North,0,0,0,Flat,0,,0,,0,Overcast,1435200,0,0,0,2,0,0,0,0,0,,0,0,Hawke's Bay Region,Nil,2-way,Sealed,0,0,0,0,50,0,Null,0,0,,31,Napier City,Give way,1,1,0,0,0,0,Urban,0,0,0,Fine,Null
1750818,5913752,954,,514600,0,,0,0,,East,2009/2010,WOLVERTON ST,CROWTHER ST,,Non-Injury Crash,No,2009,,East,,0,,Flat,,,,,,Overcast,371800,0,0,0,2,,,0,,,,,,Auckland Region,Nil,2-way,Sealed,,0,0,,50,,Off,2,0,,76,Auckland,Nil,,,,,0,0,Urban,0,,,Mist or Fog,Null
1561054,5178623,955,,587400,0,,0,1,,North,2008/2009,SH 1S,PARKER ST,,Non-Injury Crash,Yes,2009,,East,,0,,Flat,,,,,,Bright sun,2488201,0,0,0,4,,,0,,,,,,Canterbury Region,Nil,2-way,Sealed,,0,0,,50,,Null,1,0,,60,Christchurch City,Unknown,,,,,0,0,Urban,0,,,Fine,Null
1756956,5926288,956,,507900,0,,0,1,,North,2009/2010,SH 1N,ESMONDE OBR,,Non-Injury Crash,Yes,2009,,South,,0,,Flat,,,,,,Overcast,304000,0,0,0,3,,,0,,,,,,Auckland Region,Nil,1-way,Sealed,,0,0,,100,,Off,0,0,,76,Auckland,Nil,,,,,0,0,Open,1,,,Light rain,Null
1749136,5427139,957,,573101,0,,0,2,,Null,2008/2009,TORY ST,COURTENAY PLACE,,Non-Injury Crash,No,2009,,South,,0,,Flat,,,,,,Dark,2135600,0,0,0,2,,,0,,,,,,Wellington Region,Nil,2-way,Sealed,,0,0,,50,,On,0,0,,47,Wellington City,Traffic Signals,,,,,0,0,Urban,0,,,Fine,Null
1760067,5915989,958,,516002,0,,0,1,,North,2008/2009,SH 1N,GREENLANE INT N,,Non-Injury Crash,Yes,2009,,North,,0,,Flat,,,,,,Dark,492100,0,0,0,4,,,0,,,,,,Auckland Region,Motorway ramp,2-way,Sealed,,0,0,,100,,On,0,0,,76,Auckland,Unknown,,,,,1,0,Open,0,,,Fine,Null
1767339,5904895,959,,524603,0,,0,1,,West,2008/2009,CAVENDISH DRIVE,GREAT SOUTH ROAD,,Non-Injury Crash,No,2009,,North,,0,,Flat,,,,,,Bright sun,780205,0,0,0,2,,,0,,,,,,Auckland Region,Nil,2-way,Sealed,,0,0,,50,,Null,0,0,,76,Auckland,Unknown,,,,,1,0,Urban,0,,,Fine,Null
1754106,5913178,960,,518901,0,0,0,1,0,West,2008/2009,RICHARDSON ROAD,MAY ROAD,,Non-Injury Crash,No,2009,0,South,0,0,1,Flat,0,Queens Birthday,0,,0,Dark,585102,0,0,0,2,0,0,0,0,0,,0,0,Auckland Region,Nil,2-way,Sealed,0,0,0,0,50,0,On,0,0,,76,Auckland,Nil,0,0,0,0,0,0,Urban,0,0,0,Fine,Null
1802214,5812546,961,,530400,0,0,0,1,0,East,2009/2010,NORRIE ST,KERRS COURT,,Non-Injury Crash,No,2009,0,East,0,0,0,Hill Road,0,,0,,0,Overcast,922900,0,0,0,2,0,0,0,0,1,,0,0,Waikato Region,Nil,2-way,Sealed,0,0,0,0,50,0,On,0,0,,16,Hamilton City,Nil,0,0,0,0,0,0,Urban,1,0,0,Light rain,Null
1773779,5577242,962,,556700,0,0,0,1,0,East,2009/2010,SMITHFIELD ROAD,SH 3,,Non-Injury Crash,No,2009,0,East,0,0,0,Flat,0,,0,,1,Dark,1722200,0,0,0,2,0,0,0,0,0,,0,0,Manawatū-Whanganui Region,Nil,2-way,Sealed,0,0,0,0,50,0,On,0,0,,37,Whanganui District,Nil,0,0,0,0,0,0,Urban,0,0,0,Fine,Null
1876515,5823861,963,,537301,0,,0,2,,South,2008/2009,BELLEVUE ROAD,OTUMOETAI ROAD,,Non-Injury Crash,No,2009,,North,,0,,Hill Road,,,,,,Bright sun,1161200,0,0,0,2,,,0,,,,,,Bay of Plenty Region,Nil,2-way,Sealed,,0,0,,50,,Null,0,0,,23,Tauranga City,Give way,,,,,0,0,Urban,0,,,Fine,Null
1790682,5841092,964,,527402,0,,0,2,,West,2008/2009,MAIN ST N,SH 1N,,Non-Injury Crash,No,2009,,North,,0,,Flat,,,,,,Bright sun,943900,0,0,0,2,,,0,,,,,,Waikato Region,Nil,2-way,Sealed,,0,0,,50,,Off,0,0,,13,Waikato District,Nil,,,,,0,0,Urban,0,,,Fine,Null
1765567,5904262,965,,524603,0,,0,2,,Null,2009/2010,CAVENDISH DRIVE,GLASGOW AVENUE,,Non-Injury Crash,No,2009,,West,,0,,Flat,,,,,,Overcast,674100,0,0,0,6,,,0,,,,,,Auckland Region,Nil,2-way,Sealed,,0,0,,60,,On,0,0,,76,Auckland,Traffic Signals,,,,,0,0,Urban,0,,,Fine,Null
1767932,5913687,966,,522810,0,0,0,2,0,Null,2009/2010,GLENMORE DRIVE,PAKURANGA ROAD,,Non-Injury Crash,No,2009,0,East,0,0,0,Hill Road,0,,0,,0,Bright sun,691103,0,0,0,3,0,0,0,0,0,,0,0,Auckland Region,Nil,2-way,Sealed,0,0,0,0,50,0,Off,0,0,,76,Auckland,Give way,0,0,0,1,0,0,Urban,0,0,0,Fine,Null
1884431,5824363,967,,536832,0,,0,2,,Null,2009/2010,SH 29,TRUMAN ROAD,,Non-Injury Crash,Yes,2009,,South,,0,,Flat,,,,,,Overcast,1205502,0,0,0,2,,,0,,,,,,Bay of Plenty Region,Nil,2-way,Sealed,,0,0,,70,,Null,0,0,,23,Tauranga City,Give way,,,,,0,0,Urban,0,,,Fine,Null
1686177,6101083,968,,500900,0,,0,3,,South,2009/2010,KERIKERI ROAD,BUTLER ROAD,,Non-Injury Crash,No,2009,,North,,0,,Flat,,,,,,Overcast,53504,0,0,0,2,,,0,,,,,,Northland Region,Nil,2-way,Sealed,,0,0,,50,,Off,0,0,,1,Far North District,Nil,,,,,0,0,Urban,0,,,Fine,Null
2035015,5710011,969,,544300,0,0,0,1,0,Null,2008/2009,GLADSTONE ROAD,LYTTON ROAD,,Non-Injury Crash,No,2009,1,West,0,0,0,Flat,0,,0,,0,Bright sun,1368100,0,0,0,2,0,0,0,0,0,,0,0,Gisborne Region,Nil,2-way,Sealed,0,0,0,0,50,0,Null,0,0,,28,Gisborne District,Give way,0,0,0,0,1,0,Urban,0,0,0,Fine,Null
1801293,5812969,970,,530400,0,,0,2,,East,2009/2010,BADER ST,SH3 ON RAMP,,Non-Injury Crash,No,2009,,East,,0,,Flat,,,,,,Dark,922300,0,0,0,2,,,0,,,,,,Waikato Region,Nil,2-way,Sealed,,0,0,,60,,On,0,0,,16,Hamilton City,Unknown,,,,,0,0,Urban,0,,,Light rain,Null
1814323,5800369,971,,527931,0,0,0,1,0,North,2008/2009,CAMBRIDGE ROAD,PARALLEL ROAD,,Non-Injury Crash,No,2009,0,North,1,0,1,Flat,0,,0,,0,Overcast,988200,0,0,0,2,0,0,0,0,0,,0,0,Waikato Region,Nil,2-way,Sealed,0,0,0,0,100,0,Null,0,0,,17,Waipa District,Unknown,0,0,0,0,0,0,Open,0,0,0,Light rain,Null
1755719,5922556,972,,509800,0,,0,2,,North,2009/2010,SH 1N,TOP OF HARBOUR BRIDGE,,Non-Injury Crash,Yes,2009,,South,,0,,Flat,,,,,,Overcast,359300,0,0,0,2,,,0,,,,,,,Bridge,1-way,Sealed,,0,0,,80,,Null,0,0,,76,Auckland,Unknown,,,,,0,0,Open,0,,,Light rain,Null
1751111,5915793,973,,514401,0,,0,2,,North,2008/2009,GREAT NORTH ROAD,ASH ST,,Non-Injury Crash,No,2009,,South,,0,,Flat,,,,,,Overcast,381801,0,0,0,4,,,0,,,,,,Auckland Region,Nil,2-way,Sealed,,0,0,,50,,Off,0,0,,76,Auckland,Nil,,,,,0,0,Urban,0,,,Fine,Null
1755727,5919042,974,,515420,0,0,0,2,0,South,2008/2009,SUSSEX ST,CRUMMER ROAD,,Non-Injury Crash,No,2009,0,North,0,0,0,Flat,0,,0,,0,Bright sun,410800,0,0,0,2,0,0,0,0,1,,0,0,Auckland Region,Nil,2-way,Sealed,0,0,0,0,50,0,Null,0,0,,76,Auckland,Unknown,0,0,0,0,0,0,Urban,0,0,0,Fine,Null
1774655,5894854,975,,525510,0,,0,1,,Null,2008/2009,BOUNDARY ROAD,HUNUA ROAD,,Non-Injury Crash,No,2009,,North,,0,,Flat,,,,,,Bright sun,801500,0,0,0,2,,,0,,,,,,Auckland Region,Nil,2-way,Sealed,,0,0,,50,,Off,0,0,,76,Auckland,Give way,,,,,1,0,Urban,0,,,Fine,Null
1747829,5911457,976,,511902,0,0,0,1,0,North,2009/2010,TITIRANGI ROAD,GODLEY ROAD,,Non-Injury Crash,No,2009,0,North,0,0,0,Flat,0,,0,,0,Dark,293002,0,0,0,2,0,0,0,1,0,,0,0,Auckland Region,Nil,2-way,Sealed,0,0,0,0,50,0,On,0,0,,76,Auckland,Nil,0,0,0,1,0,0,Urban,0,0,0,Fine,Null
1762230,5431543,977,,564900,0,,0,1,,East,2009/2010,PARKWAY,MEREMERE ST,,Non-Injury Crash,No,2009,,West,,0,,Flat,,,,,,Bright sun,2015501,0,0,0,2,,,0,,,,,,Wellington Region,Nil,2-way,Sealed,,0,0,,50,,Null,0,0,,46,Lower Hutt City,Nil,,,,,0,0,Urban,1,,,Fine,Null
1838737,5812159,978,,535220,0,,0,2,,West,2008/2009,MORGAN ROAD,MATAI ROAD,,Non-Injury Crash,No,2009,,West,,0,,Hill Road,,,,,,Twilight,1117101,0,0,0,2,,,0,,,,,,Waikato Region,Nil,2-way,Sealed,,0,0,,100,,On,0,0,,15,Matamata-Piako District,Unknown,,,,,0,0,Open,0,,,Fine,Null
1576711,5185120,979,,595600,0,,0,0,,Null,2008/2009,BEACH ROAD,BOWER AVENUE,,Serious Crash,No,2009,,West,,0,,Flat,,,,,,Dark,2564800,0,0,1,2,,,0,,,,,,Canterbury Region,Nil,2-way,Sealed,,0,1,,50,,On,0,0,,60,Christchurch City,Give way,,,,,0,0,Urban,0,,,Fine,Null
1747829,5933215,980,,506653,0,0,0,0,0,West,2009/2010,GLENMORE ROAD,RIDGE ROAD,,Non-Injury Crash,No,2009,0,West,0,0,1,Flat,0,,0,,0,Dark,217400,0,0,0,2,0,0,0,0,0,,0,0,Auckland Region,Nil,2-way,Sealed,0,0,0,0,100,0,None,0,0,,76,Auckland,Unknown,0,0,0,0,0,0,Open,1,0,0,Mist or Fog,Null
1732024,5952181,981,,506646,0,0,0,0,0,South,2008/2009,SH 16,BASIL ORR ROAD,,Non-Injury Crash,Yes,2009,0,North,0,0,0,Flat,0,Queens Birthday,0,,0,Overcast,212401,0,0,0,2,0,0,0,0,0,,0,1,Auckland Region,Nil,2-way,Sealed,0,0,0,0,100,0,None,0,0,,76,Auckland,Nil,0,0,0,0,1,0,Open,0,0,0,Fine,Null
1801129,5814498,982,,529700,0,,0,1,,Null,2008/2009,TRISTRAM ST,COBHAM DRIVE,,Non-Injury Crash,No,2009,,North,,0,,Flat,,,,,,Overcast,912500,0,0,0,4,,,0,,,,,,Waikato Region,Nil,2-way,Sealed,,0,0,,50,,Off,1,0,,16,Hamilton City,Give way,,,,,0,0,Urban,0,,,Light rain,Null
1800926,5815493,983,,529700,0,0,0,2,0,Null,2008/2009,VICTORIA ST,VICTORIA STREET,,Non-Injury Crash,No,2009,0,North,0,0,0,Flat,0,,0,,0,Dark,911402,0,0,0,1,0,0,0,0,1,,0,0,Waikato Region,Nil,1-way,Sealed,0,0,0,0,50,0,On,0,0,,16,Hamilton City,Nil,0,0,0,0,0,0,Urban,0,0,0,Fine,Null
1766663,5912929,984,,522910,0,,0,2,,Null,2009/2010,PAKURANGA HIGHWAY,TI RAKAU DRIVE,,Non-Injury Crash,No,2009,,South,,0,,Flat,,,,,,Overcast,684000,0,0,0,4,,,0,,,,,,Auckland Region,Nil,2-way,Sealed,,0,0,,80,,Off,0,0,,76,Auckland,Traffic Signals,,,,,0,0,Open,1,,,Light rain,Null
1351181,4860629,985,,607300,0,,0,1,,South,2008/2009,CEMETERY ROAD,PORT MOLYNEUX ROAD,,Non-Injury Crash,No,2009,,South,,0,,Hill Road,,,,,,Overcast,2997600,0,0,0,2,,,0,,,,,,Otago Region,Nil,2-way,Unsealed,,0,0,,100,,Null,0,0,,72,Clutha District,Unknown,,,,,0,0,Open,1,,,Fine,Null
1800323,5821629,986,,527008,0,0,0,2,0,Null,2009/2010,THOMAS ROAD,HORSHAM DOWNS ROAD,,Non-Injury Crash,No,2009,0,North,0,0,0,Flat,0,,0,,0,Bright sun,951910,0,0,0,2,0,0,0,0,0,,0,1,Waikato Region,Nil,2-way,Sealed,0,0,0,0,50,0,Off,0,0,,16,Hamilton City,Give way,0,0,0,0,0,0,Urban,0,0,0,Fine,Null
1876760,5821753,987,,537500,0,,0,1,,South,2008/2009,HUMBER CRESCENT,FAULKNER ST S,,Non-Injury Crash,No,2009,,East,,0,,Hill Road,,,,,,Bright sun,1172000,0,0,0,2,,,0,,,,,,Bay of Plenty Region,Nil,2-way,Sealed,,0,0,,50,,Off,0,0,,23,Tauranga City,Nil,,,,,0,0,Urban,1,,,Fine,Null
1758026,5917343,988,,515700,0,,0,2,,Null,2009/2010,ALBURY AVENUE,GILLIES AVENUE,,Non-Injury Crash,No,2009,,West,,0,,Flat,,,,,,Bright sun,457700,0,0,0,2,,,0,,,,,,Auckland Region,Nil,2-way,Sealed,,0,0,,50,,Off,0,0,,76,Auckland,Traffic Signals,,,,,0,0,Urban,0,,,Fine,Null
1798006,5814669,989,,529000,0,,0,2,,East,2009/2010,SH 23,RIFLE RANGE ROAD,,Non-Injury Crash,Yes,2009,,East,,0,,Flat,,,,,,Overcast,917200,0,0,0,2,,,0,,,,,,Waikato Region,Nil,2-way,Sealed,,0,0,,50,,None,0,0,,16,Hamilton City,Nil,,,,,0,0,Urban,0,,,Light rain,Null
1769839,5899437,990,,523920,0,,0,2,,Null,2008/2009,GREAT SOUTH ROAD,TAKANINI ON NBD N,,Non-Injury Crash,Yes,2009,,North,,0,,Flat,,,,,,Bright sun,767921,0,0,0,5,,,0,,,,,,Auckland Region,Nil,2-way,Sealed,,0,0,,70,,Off,0,0,,76,Auckland,Traffic Signals,,,,,0,0,Urban,0,,,Fine,Null
1816260,5542301,991,,561410,0,,0,1,,North,2008/2009,AWAHURI FEILDING ROAD,LEES ROAD,,Non-Injury Crash,No,2009,,North,,0,,Flat,,,,,,Bright sun,1788901,0,0,0,2,,,0,,,,,,Manawatū-Whanganui Region,Nil,2-way,Sealed,,0,0,,100,,Null,1,0,,39,Manawatu District,Nil,,,,,0,0,Open,0,,,Fine,Null
1751812,5435049,992,,573802,0,,0,1,,Null,2008/2009,HELSTON ROAD,STEWART DRIVE,,Non-Injury Crash,No,2009,,West,,0,,Flat,,,,,,Bright sun,2079200,0,0,0,2,,,0,,,,,,Wellington Region,Nil,2-way,Sealed,,0,0,,50,,Null,0,0,,47,Wellington City,Give way,,,,,0,0,Urban,1,,,Fine,Null
1821328,5531080,993,,562401,0,0,0,1,0,Null,2008/2009,NORTH ST,TREMAINE AVENUE,,Non-Injury Crash,No,2009,0,West,0,0,0,Flat,0,,0,,0,Overcast,1833900,0,0,0,2,0,0,0,0,1,,0,0,Manawatū-Whanganui Region,Nil,2-way,Sealed,0,0,0,0,50,0,Null,0,0,,40,Palmerston North City,Nil,0,0,0,0,0,0,Urban,1,0,0,Light rain,Null
1757324,5435087,994,,569900,0,0,0,0,0,South,2009/2010,HUTT ROAD,UDY ST,,Non-Injury Crash,No,2009,0,North,0,0,0,Flat,0,,0,,0,Overcast,2032200,0,0,0,2,0,0,0,0,0,,0,1,Wellington Region,Nil,2-way,Sealed,0,0,0,0,50,0,Null,0,0,,46,Lower Hutt City,Nil,0,0,0,0,1,0,Urban,0,0,0,Fine,Null
1804513,5790823,995,,531003,0,,0,2,,South,2008/2009,SH 3,BOND ROAD,,Non-Injury Crash,Yes,2009,,South,,0,,Flat,,,,,,Overcast,968302,0,0,0,2,,,0,,,,,,Waikato Region,Nil,2-way,Sealed,,0,0,,50,,Null,1,0,,17,Waipa District,Give way,,,,,0,0,Urban,0,,,Light rain,Null
1755556,5932567,996,,507400,0,,0,2,,Null,2009/2010,EAST COAST ROAD,HASTINGS ROAD,,Non-Injury Crash,No,2009,,South,,0,,Flat,,,,,,Dark,152900,0,0,0,4,,,0,,,,,,Auckland Region,Nil,2-way,Sealed,,0,0,,50,,On,0,0,,76,Auckland,Traffic Signals,,,,,0,0,Urban,0,,,Light rain,Null