X,Y,OBJECTID,advisorySpeed,areaUnitID,bicycle,bridge,bus,carStationWagon,cliffBank,crashDirectionDescription,crashFinancialYear,crashLocation1,crashLocation2,crashRoadSideRoad,crashSeverity,crashSHDescription,crashYear,debris,directionRoleDescription,ditch,fatalCount,fence,flatHill,guardRail,holiday,houseOrBuilding,intersection,kerb,light,meshblockId,minorInjuryCount,moped,motorcycle,NumberOfLanes,objectThrownOrDropped,otherObject,otherVehicleType,overBank,parkedVehicle,pedestrian,phoneBoxEtc,postOrPole,region,roadCharacter,roadLane,roadSurface,roadworks,schoolBus,seriousInjuryCount,slipOrFlood,speedLimit,strayAnimal,streetLight,suv,taxi,temporarySpeedLimit,tlaId,tlaName,trafficControl,trafficIsland,trafficSign,train,tree,truck,unknownVehicleType,urban,vanOrUtility,vehicle,waterRiver,weatherA,weatherB
1765091,5910065,997,,521801,0,,0,2,,South,2009/2010,SH 1N,PRINCES OBR,,Non-Injury Crash,Yes,2009,,North,,0,,Flat,,,,,,Bright sun,787700,0,0,0,3,,,0,,,,,,Auckland Region,Nil,1-way,Sealed,,0,0,,100,,Null,0,0,,76,Auckland,Unknown,,,,,0,0,Open,0,,,Fine,Null
1772273,5883815,998,,521111,0,0,0,1,0,South,2009/2010,RUNCIMAN ROAD,NORFOLK KING DRIVE,,Non-Injury Crash,No,2009,0,North,0,0,0,Flat,0,,0,,0,Dark,826908,0,0,0,2,0,0,0,0,0,,0,1,Auckland Region,Nil,2-way,Sealed,0,0,0,0,100,0,None,0,0,,76,Auckland,Unknown,0,0,0,1,0,0,Open,0,0,0,Fine,Null
1758111,5915486,999,,519300,0,,0,2,,Null,2009/2010,GREEN LANE WEST,MANUKAU ROAD,,Non-Injury Crash,No,2009,,West,,0,,Flat,,,,,,Overcast,623100,0,0,0,4,,,0,,,,,,Auckland Region,Nil,2-way,Sealed,,0,0,,50,,Off,0,0,,76,Auckland,Traffic Signals,,,,,0,0,Urban,0,,,Light rain,Null
1746091,5915730,1000,,511800,0,,0,2,,North,2009/2010,VIEW ROAD,WATTLE ROAD,,Non-Injury Crash,No,2009,,North,,0,,Flat,,,,,,Twilight,276602,0,0,0,2,,,0,,,,,,Auckland Region,Nil,2-way,Sealed,,0,0,,50,,Off,0,0,,76,Auckland,Pointsman,,,,,0,0,Urban,0,,,Fine,Null
1929801,5604890,1001,,548200,0,0,0,1,0,South,2009/2010,RUSSELL ST SOUTH,HERETAUNGA ST EAST,,Non-Injury Crash,No,2009,0,South,0,0,0,Flat,0,,0,,0,Bright sun,1492000,0,0,0,2,0,0,0,0,1,,0,0,Hawke's Bay Region,Nil,2-way,Sealed,0,0,0,0,50,0,Null,1,0,,30,Hastings District,Nil,0,0,0,0,0,0,Urban,0,0,0,Fine,Null
1745234,5917506,1002,,510700,0,,0,2,,South,2009/2010,GREAT NORTH ROAD,WADIER PLACE,,Non-Injury Crash,No,2009,,East,,0,,Flat,,,,,,Overcast,239501,0,0,0,2,,,0,,,,,,Auckland Region,Nil,2-way,Sealed,,0,0,,50,,Off,0,0,,76,Auckland,Nil,,,,,0,0,Urban,0,,,Fine,Null
1729425,6017553,1003,,501816,0,,0,1,,Null,2009/2010,SH 1N,SHOEMAKER ROAD,,Non-Injury Crash,Yes,2009,,West,,0,,Flat,,,,,,Overcast,80400,0,0,0,2,,,0,,,,,,Northland Region,Nil,2-way,Sealed,,0,0,,100,,Off,1,0,,2,Whangarei District,Give way,,,,,0,0,Open,0,,,Light rain,Null
1752861,5916590,1004,,517901,0,,0,2,,West,2009/2010,NEW NORTH ROAD,MOUNT ALBERT ROAD,,Non-Injury Crash,No,2009,,East,,0,,Flat,,,,,,Overcast,524800,0,0,0,4,,,0,,,,,,Auckland Region,Nil,2-way,Sealed,,0,0,,50,,Off,0,0,,76,Auckland,Nil,,,,,0,0,Urban,0,,,Fine,Null
1755718,5919635,1005,,515302,0,,0,2,,Null,2009/2010,PONSONBY ROAD,RICHMOND ROAD,,Non-Injury Crash,No,2009,,South,,0,,Flat,,,,,,Bright sun,432300,0,0,0,5,,,0,,,,,,Auckland Region,Nil,2-way,Sealed,,0,0,,50,,Null,0,0,,76,Auckland,Traffic Signals,,,,,1,0,Urban,0,,,Fine,Null
1769459,5907961,1006,,523711,0,,0,2,,North,2009/2010,TE IRIRANGI DRIVE,BISHOP DUNN PLACE,,Non-Injury Crash,No,2009,,South,,0,,Flat,,,,,,Overcast,712305,0,0,0,4,,,0,,,,,,Auckland Region,Nil,2-way,Sealed,,0,0,,50,,Null,0,0,,76,Auckland,Traffic Signals,,,,,0,0,Urban,0,,,Null,Null
1749602,5426104,1007,,573400,0,,0,2,,East,2008/2009,SH 1N,WEST PORTAL,,Non-Injury Crash,Yes,2009,,West,,0,,Flat,,,,,,Twilight,2143300,0,0,0,2,,,0,,,,,,Wellington Region,Nil,2-way,Sealed,,0,0,,50,,On,0,0,,47,Wellington City,Nil,,,,,0,0,Urban,0,,,Fine,Null
1752589,5934379,1008,,508701,0,,0,2,,Null,2009/2010,DON MCKINNON DRIVE,MUNROE LANE,,Non-Injury Crash,No,2009,,North,,0,,Flat,,,,,,Overcast,179000,0,0,0,2,,,0,,,,,,Auckland Region,Nil,2-way,Sealed,,0,0,,50,,Off,0,0,,76,Auckland,Nil,,,,,0,0,Urban,0,,,Fine,Null
1770237,5905168,1009,,523712,0,0,0,1,0,East,2009/2010,THOMAS ROAD,ADAMSON ROAD,,Non-Injury Crash,No,2009,0,East,0,0,1,Hill Road,0,,0,,0,Overcast,716300,0,0,0,2,0,0,0,0,0,,0,0,Auckland Region,Nil,2-way,Sealed,0,0,0,0,70,0,None,0,0,,76,Auckland,Nil,0,0,0,0,0,0,Urban,0,0,0,Fine,Null
1851282,5766176,1010,,535350,0,0,0,1,0,South,2008/2009,MANNERING ST,LOGAN ST,,Non-Injury Crash,No,2009,0,North,0,0,0,Flat,0,,0,,0,Overcast,1139600,0,0,0,2,0,0,0,0,1,,0,0,Waikato Region,Nil,2-way,Sealed,0,0,0,0,50,0,Null,0,0,,19,South Waikato District,Unknown,0,0,0,0,0,0,Urban,1,0,0,Fine,Null
1758968,5436397,1011,,569301,0,0,0,1,0,South,2008/2009,SH 2,HARBOUR VIEW ROAD,,Non-Injury Crash,Yes,2009,0,South,0,0,0,Flat,1,,0,,0,Bright sun,1919900,0,0,0,2,0,0,0,0,0,,0,0,Wellington Region,Nil,2-way,Sealed,0,0,0,0,100,0,Null,0,0,,46,Lower Hutt City,Nil,0,0,0,0,1,0,Open,0,0,0,Fine,Null
1696908,5623169,1012,,553700,0,0,0,1,0,South,2008/2009,MANAIA ROAD,NORMANBY ROAD,,Non-Injury Crash,No,2009,0,South,0,0,1,Flat,0,,0,,0,Dark,1657800,0,0,0,2,0,0,0,0,0,,0,0,Taranaki Region,Nil,2-way,Sealed,0,0,0,0,100,0,None,0,0,,35,South Taranaki District,Nil,0,0,0,0,0,0,Open,0,0,0,Fine,Null
1822884,5528465,1013,,563101,0,0,0,1,0,Null,2008/2009,AKE AKE AVENUE,PARATA ST,,Non-Injury Crash,No,2009,0,South,0,0,0,Flat,0,,0,,0,Dark,1812500,0,0,0,2,0,0,0,0,0,,0,0,Manawatū-Whanganui Region,Nil,2-way,Sealed,0,0,0,0,50,0,On,0,0,,40,Palmerston North City,Nil,0,0,0,1,0,0,Urban,0,0,0,Fine,Null
1857519,5804248,1014,,535231,0,,0,0,,West,2008/2009,SH 29,HANGA ROAD,,Non-Injury Crash,Yes,2009,,South,,0,,Hill Road,,,,,,Overcast,1113900,0,0,0,2,,,0,,,,,,Waikato Region,Nil,2-way,Sealed,,0,0,,100,,Null,0,0,,15,Matamata-Piako District,Unknown,,,,,1,0,Open,0,,,Light rain,Null
1759425,5910227,1015,,524002,0,,0,1,,Null,2009/2010,RIMU ROAD,RIMU ON NBD,,Non-Injury Crash,Yes,2009,,East,,0,,Flat,,,,,,Twilight,722302,0,0,0,2,,,0,,,,,,Auckland Region,Nil,2-way,Sealed,,0,0,,50,,On,1,0,,76,Auckland,Give way,,,,,0,0,Urban,0,,,Fine,Null
1719869,6047539,1016,,502700,0,,0,2,,North,2009/2010,MILL ROAD,NIXON ST,,Non-Injury Crash,No,2009,,South,,0,,Flat,,,,,,Bright sun,92200,0,0,0,4,,,0,,,,,,Northland Region,Nil,2-way,Sealed,,0,0,,50,,Off,0,0,,2,Whangarei District,Traffic Signals,,,,,0,0,Urban,1,,,Fine,Null
1684206,6030247,1017,,504502,0,0,0,0,0,South,2009/2010,TANGOWAHINE SETTLEMENT EA,SH 14,,Non-Injury Crash,No,2009,0,North,0,0,1,Flat,0,,0,,0,Bright sun,120600,0,0,0,2,0,0,1,0,0,,0,0,Northland Region,Rail xing,2-way,Unsealed,0,0,0,0,100,0,None,0,0,,3,Kaipara District,Give way,0,0,1,0,1,0,Open,0,0,0,Fine,Null
1759311,5918672,1018,,516101,0,0,0,2,0,South,2009/2010,BASSETT ROAD,AYR ST,,Non-Injury Crash,No,2009,0,South,0,0,0,Flat,0,,0,,0,Bright sun,481101,0,0,0,2,0,0,0,0,1,,0,0,Auckland Region,Nil,2-way,Sealed,0,0,0,0,50,0,Off,0,0,,76,Auckland,Nil,0,0,0,0,0,0,Urban,0,0,0,Fine,Null
1769088,5471159,1019,,565902,0,0,0,1,0,North,2008/2009,MAZENGARB ROAD,SCAIFE DRIVE,,Non-Injury Crash,No,2009,0,North,0,0,0,Flat,0,,0,,1,Dark,1999406,0,0,0,2,0,0,0,0,0,,0,0,Wellington Region,Nil,2-way,Sealed,0,0,0,0,50,0,On,0,0,,43,Kapiti Coast District,Nil,0,0,0,1,0,0,Urban,0,0,0,Light rain,Null
1755894,5916866,1020,,518201,0,,0,2,,North,2009/2010,DOMINION ROAD,MILTON ROAD,,Non-Injury Crash,No,2009,,South,,0,,Flat,,Labour Weekend,,,,Dark,549100,0,0,0,4,,,0,,,,,,Auckland Region,Nil,2-way,Sealed,,0,0,,50,,Off,0,0,,76,Auckland,Traffic Signals,,,,,0,0,Urban,0,,,Snow,Frost
1843309,5680613,1021,,541000,0,,0,2,,West,2009/2010,OHUANGA ROAD,PIHANGA ROAD,,Non-Injury Crash,No,2009,,East,,0,,Flat,,,,,,Overcast,1282702,0,0,0,2,,,0,,,,,,Waikato Region,Nil,2-way,Sealed,,0,0,,50,,Null,0,0,,21,Taupo District,Unknown,,,,,0,0,Urban,0,,,Heavy rain,Null
1760354,5912321,1022,,520000,0,0,0,1,0,Null,2009/2010,CHURCH ST,CAPTAIN SPRINGS ROAD,,Non-Injury Crash,No,2009,0,East,0,0,0,Flat,0,,0,,0,Overcast,606600,0,0,0,2,0,0,0,0,0,,0,0,Auckland Region,Nil,2-way,Sealed,0,0,0,0,50,0,Off,0,0,,76,Auckland,Traffic Signals,0,0,0,0,1,0,Urban,0,1,0,Light rain,Null
1759006,5924519,1023,,508120,0,0,0,1,0,West,2009/2010,BAYSWATER AVENUE,ROSYTH AVENUE,,Non-Injury Crash,No,2009,0,East,0,0,0,Flat,0,,0,,0,Dark,316600,0,0,0,2,0,0,0,0,0,,0,0,Auckland Region,Nil,2-way,Sealed,0,0,0,0,50,0,On,0,0,,76,Auckland,Nil,0,1,0,1,0,0,Urban,0,0,0,Fine,Null
1573165,5178897,1024,,594010,0,,0,2,,Null,2008/2009,RANDOLPH ST,MATLOCK ST,,Non-Injury Crash,No,2009,,West,,0,,Flat,,,,,,Dark,2592400,0,0,0,2,,,0,,,,,,Canterbury Region,Nil,2-way,Sealed,,0,0,,50,,On,0,0,,60,Christchurch City,Stop,,,,,0,0,Urban,0,,,Light rain,Null
1744435,5918200,1025,,510700,0,0,0,2,0,Null,2009/2010,RATHGAR ROAD,SWANSON ROAD,,Non-Injury Crash,No,2009,0,West,0,0,1,Flat,0,,0,,0,Dark,238804,0,0,0,2,0,0,0,0,1,,0,0,Auckland Region,Nil,2-way,Sealed,0,0,0,0,50,0,On,0,0,,76,Auckland,Nil,0,0,0,0,0,0,Urban,0,0,0,Heavy rain,Null
1722410,6003347,1026,,504700,0,0,0,1,0,East,2009/2010,SH 12,BICKERSTAFFE ROAD,,Non-Injury Crash,Yes,2009,0,West,1,0,0,Hill Road,0,,0,,0,Overcast,131500,0,0,0,2,0,0,0,0,0,,0,0,Northland Region,Nil,2-way,Sealed,0,0,0,0,50,0,On,0,0,,3,Kaipara District,Nil,0,0,0,0,0,0,Urban,0,0,0,Light rain,Null
1730618,5910278,1027,,513800,0,0,0,1,1,South,2009/2010,MARINE PARADE NORTH,NORTH PIHA ROAD,,Non-Injury Crash,No,2009,0,South,0,0,0,Flat,0,,0,,0,Twilight,281904,0,0,0,2,0,0,0,0,0,,0,0,Auckland Region,Nil,2-way,Sealed,0,0,0,0,50,0,On,0,0,,76,Auckland,Nil,0,0,0,0,0,0,Urban,0,0,0,Fine,Null
1885175,5773191,1028,,540600,0,,0,2,,East,2008/2009,TI ST,FENTON ST,,Non-Injury Crash,No,2009,,East,,0,,Flat,,,,,,Overcast,1243100,0,0,0,1,,,0,,,,,,Bay of Plenty Region,Nil,2-way,Sealed,,0,0,,50,,Null,0,0,,24,Rotorua District,Unknown,,,,,0,0,Urban,0,,,Light rain,Null
1707187,6049470,1029,65,501802,0,0,0,1,0,West,2009/2010,KOKOPU ROAD,ROYDON DRIVE,,Non-Injury Crash,No,2009,0,North,0,0,0,Hill Road,0,,0,,0,Overcast,69000,0,0,0,2,0,1,0,0,0,,0,0,Northland Region,Nil,2-way,Sealed,0,0,0,0,100,0,None,0,0,,2,Whangarei District,Nil,0,0,0,1,0,0,Open,0,0,0,Fine,Null
1760120,5436343,1030,,569100,0,,0,1,,Null,2009/2010,CORNWALL ST,KINGS CRESCENT,,Non-Injury Crash,No,2009,,South,,0,,Flat,,,,,,Dark,1967700,0,0,0,2,,,0,,,,,,Wellington Region,Nil,2-way,Sealed,,0,0,,50,,On,0,0,,46,Lower Hutt City,Traffic Signals,,,,,0,0,Urban,1,,,Light rain,Null
1572554,5185172,1031,,590507,0,,0,1,,North,2008/2009,MARSHLAND ROAD,SH 74,,Non-Injury Crash,No,2009,,North,,0,,Flat,,,,,,Bright sun,2506800,0,0,0,2,,,0,,,,,,Canterbury Region,Nil,2-way,Sealed,,0,0,,80,,Null,2,0,,60,Christchurch City,Unknown,,,,,0,0,Open,0,,,Fine,Null
1820203,5778065,1032,,528000,0,0,0,0,0,East,2009/2010,OWAIRAKA VALLEY ROAD,TOWNSEND ROAD,,Non-Injury Crash,No,2009,0,North,0,0,0,Hill Road,0,,0,,0,Bright sun,991800,0,0,0,2,0,1,0,0,0,,0,0,Waikato Region,Nil,2-way,Sealed,0,0,0,0,100,0,None,0,0,,17,Waipa District,Nil,0,0,0,0,1,0,Open,0,0,0,Fine,Null
1754574,5932089,1033,,508805,0,,0,2,,North,2008/2009,APOLLO DRIVE,CONSTELLATION DRIVE,,Non-Injury Crash,No,2009,,North,,0,,Flat,,,,,,Overcast,180813,0,0,0,2,,,0,,,,,,Auckland Region,Nil,2-way,Sealed,,0,0,,50,,Off,0,0,,76,Auckland,Nil,,,,,0,0,Urban,0,,,Fine,Null
1807814,5871871,1034,,533901,0,,0,2,,South,2009/2010,SH 2,SH 25,,Non-Injury Crash,Yes,2009,,North,,0,,Flat,,,,,,Overcast,1069200,0,0,0,2,,,0,,,,,,Waikato Region,Nil,2-way,Sealed,,0,0,,100,,None,0,0,,12,Hauraki District,Nil,,,,,0,0,Open,0,,,Fine,Null
1805325,5784057,1035,,527925,0,0,0,1,1,North,2009/2010,SH 3,WAIKERIA ROAD,,Non-Injury Crash,Yes,2009,0,North,0,0,1,Flat,0,,0,,0,Dark,984300,0,0,0,2,0,0,0,0,0,,0,0,Waikato Region,Nil,2-way,Unsealed,0,0,0,0,60,0,None,0,0,,17,Waipa District,Nil,0,0,0,0,0,0,Urban,0,0,0,Fine,Null
1881494,5774794,1036,,539100,0,,0,1,,North,2009/2010,THOMAS CRESCENT,CLAYTON ROAD,,Non-Injury Crash,No,2009,,South,,0,,Flat,,,,,,Bright sun,1218700,0,0,0,2,,,0,,,,,,Bay of Plenty Region,Nil,2-way,Sealed,,0,0,,50,,Off,0,0,,24,Rotorua District,Nil,,,,,0,0,Urban,1,,,Fine,Null
1745619,5428224,1037,,574800,0,0,0,1,0,Null,2009/2010,KARORI ROAD,CAMPBELL ST,,Non-Injury Crash,No,2009,0,East,0,0,0,Flat,0,,0,,0,Dark,2107700,0,0,0,2,0,0,0,0,0,,0,1,Wellington Region,Nil,2-way,Sealed,0,0,0,0,50,0,On,0,0,,47,Wellington City,Give way,0,0,0,0,0,0,Urban,0,0,0,Light rain,Null
1891458,5759238,1038,,538850,0,,0,2,,Null,2009/2010,SH 5,WAIMANGU ROAD,,Non-Injury Crash,Yes,2009,,South,,0,,Flat,,,,,,Overcast,1258800,0,0,0,1,,,0,,,,,,Waikato Region,Nil,2-way,Sealed,,0,0,,100,,None,0,0,,24,Rotorua District,Give way,,,,,0,0,Open,0,,,Light rain,Null
1757734,5919745,1039,,514301,0,,0,2,,Null,2009/2010,WELLESLEY ST BRIDGE,WELLESLEY OFF EBD,,Non-Injury Crash,No,2009,,East,,0,,Hill Road,,,,,,Dark,440400,0,0,0,5,,,0,,,,,,Auckland Region,Bridge,2-way,Sealed,,0,0,,50,,On,0,0,,76,Auckland,Traffic Signals,,,,,0,0,Urban,0,,,Light rain,Null
1804298,5814834,1040,,530700,0,,0,2,,West,2008/2009,VESTY AVENUE,AURORA TERRACE,,Non-Injury Crash,No,2009,,East,,0,,Flat,,,,,,Twilight,887900,0,0,0,2,,,0,,,,,,Waikato Region,Nil,2-way,Sealed,,0,0,,50,,On,0,0,,16,Hamilton City,Nil,,,,,0,0,Urban,0,,,Light rain,Null
1790018,5762947,1041,,531731,0,0,0,1,1,South,2009/2010,SH 3,WAITOMO CAVES ROAD,,Non-Injury Crash,Yes,2009,0,South,0,0,0,Flat,0,,0,,1,Dark,1020800,0,0,0,2,0,0,0,0,0,,0,0,Waikato Region,Nil,2-way,Sealed,0,0,0,0,100,0,None,0,0,,20,Waitomo District,Unknown,0,0,0,0,0,0,Open,0,0,0,Mist or Fog,Null
1241770,4853711,1042,,610601,0,0,0,1,0,West,2008/2009,DURHAM ST,FRASER ST,,Non-Injury Crash,No,2009,0,West,0,0,0,Flat,0,,0,,0,Bright sun,3099600,0,0,0,2,0,0,0,0,1,,0,0,Southland Region,Nil,2-way,Sealed,0,0,0,0,50,0,Null,1,0,,75,Invercargill City,Unknown,0,0,0,0,0,0,Urban,0,0,0,Fine,Null
1600935,5448972,1043,,584303,0,0,0,1,0,South,2008/2009,SH 60,PAH ST,,Non-Injury Crash,Yes,2009,0,South,0,0,0,Flat,0,,0,,0,Bright sun,2377800,0,0,0,2,0,0,0,0,1,,0,0,Tasman Region,Nil,2-way,Sealed,0,0,0,0,50,0,Null,0,0,,51,Tasman District,Nil,0,0,0,0,0,0,Urban,1,0,0,Fine,Null
1757138,5919112,1044,,514301,0,,0,2,,East,2009/2010,SH 16,SYMONDS OBR,,Non-Injury Crash,Yes,2009,,West,,0,,Flat,,,,,,Twilight,441200,0,0,0,2,,,0,,,,,,Auckland Region,Nil,1-way,Sealed,,0,0,,80,,On,1,0,,76,Auckland,Nil,,,,,0,0,Open,0,,,Fine,Null
1703676,6071486,1045,,501620,0,,0,1,,West,2009/2010,SH 1N,PAIAKA ROAD,,Non-Injury Crash,Yes,2009,,East,,0,,Flat,,,,,,Overcast,45901,0,0,0,2,,,0,,,,,,Northland Region,Nil,2-way,Sealed,,0,0,,100,,None,0,0,,1,Far North District,Nil,,,,,0,0,Open,0,,,Fine,Null
1196456,4946047,1046,85,612714,0,0,0,1,0,East,2009/2010,SH 94,WILDERNESS ROAD,,Minor Crash,Yes,2009,0,East,0,0,1,Flat,0,,0,,0,Overcast,3172700,3,0,0,2,0,0,0,0,0,,0,0,Southland Region,Nil,2-way,Sealed,0,0,0,0,100,0,Null,0,0,,73,Southland District,Unknown,0,0,0,0,0,0,Open,0,0,0,Fine,Null
1891129,5807528,1047,65,536642,0,0,0,1,0,South,2009/2010,NO 1 ROAD,CHEETHAM AVENUE,,Non-Injury Crash,No,2009,0,North,1,0,0,Flat,0,,0,,0,Overcast,1208400,0,0,0,2,0,0,0,0,0,,0,0,Bay of Plenty Region,Nil,2-way,Sealed,0,0,0,0,100,0,Null,0,0,,22,Western Bay of Plenty District,Unknown,0,0,0,0,0,0,Open,0,0,0,Fine,Null
1754119,5445220,1048,,570700,0,,0,2,,Null,2009/2010,TITAHI BAY ROAD,SEMPLE ST,,Non-Injury Crash,No,2009,,North,,0,,Flat,,,,,,Dark,2037400,0,0,0,2,,,0,,,,,,Wellington Region,Nil,2-way,Sealed,,0,0,,50,,On,0,0,,44,Porirua City,Give way,,,,,0,0,Urban,0,,,Light rain,Null
1791375,5498163,1049,,564012,0,,0,1,,North,2008/2009,SH 1N,SH 57,,Non-Injury Crash,Yes,2009,,South,,0,,Flat,,Easter,,,,Bright sun,1858700,0,0,0,2,,,0,,,,,,Manawatū-Whanganui Region,Nil,2-way,Sealed,,0,0,,100,,Null,0,0,,42,Horowhenua District,Nil,,,,,0,0,Open,2,,,Fine,Null
1765573,5917438,1050,,517001,0,,0,1,,Null,2008/2009,LINE ROAD,EASTVIEW ROAD,,Non-Injury Crash,No,2009,,North,,0,,Flat,,,,,,Bright sun,475701,0,0,0,2,,,0,,,,,,Auckland Region,Nil,2-way,Sealed,,0,0,,50,,Off,1,0,,76,Auckland,Nil,,,,,0,0,Urban,0,,,Fine,Null
1312472,5024479,1051,,608302,0,0,0,1,1,Null,2009/2010,SH 8,MAORI POINT ROAD,,Minor Crash,Yes,2009,0,South,0,0,0,Flat,0,,0,,0,Overcast,3028800,1,0,0,2,0,0,0,0,0,,0,0,Otago Region,Nil,2-way,Sealed,0,0,0,0,100,0,Null,0,0,,69,Central Otago District,Give way,0,0,0,0,0,0,Open,0,0,0,Fine,Null
1764064,5915036,1052,,520301,0,,0,0,,North,2008/2009,LUNN AVENUE,ELLERSLIE-PANMURE HIGHWAY,,Non-Injury Crash,No,2009,,North,,0,,Flat,,,,,,Bright sun,626600,0,0,0,2,,,0,,,,,,Auckland Region,Nil,2-way,Sealed,,0,0,,50,,Null,0,0,,76,Auckland,Unknown,,,,,1,0,Urban,1,,,Fine,Null
1770502,5900488,1053,,523817,0,0,0,1,0,East,2008/2009,HYPERION DRIVE,GOLDNIB PLACE,,Non-Injury Crash,No,2009,0,East,0,0,1,Flat,0,,0,,0,Dark,759719,0,0,0,2,0,0,0,0,0,,0,0,Auckland Region,Nil,2-way,Sealed,0,0,0,0,50,0,On,0,0,,76,Auckland,Unknown,0,0,0,0,0,0,Urban,0,0,0,Fine,Null
1721730,5683408,1054,,550600,0,,0,1,,South,2009/2010,SH 3,BEACH ROAD,,Non-Injury Crash,Yes,2009,,North,,0,,Flat,,,,,,Bright sun,1550300,0,0,0,2,,,0,,,,,,Taranaki Region,Nil,2-way,Sealed,,0,0,,100,,Null,0,0,,33,New Plymouth District,Nil,,,,,0,0,Open,1,,,Fine,Null
1768165,5471484,1055,,565903,0,0,0,2,0,Null,2009/2010,GRAY AVENUE,BEACHWATER GROVE,,Non-Injury Crash,No,2009,0,South,0,0,1,Flat,0,,0,,0,Overcast,2003506,0,0,0,2,0,0,0,0,0,,0,0,Wellington Region,Nil,2-way,Sealed,0,0,0,0,50,0,Null,0,0,,43,Kapiti Coast District,Give way,0,0,0,0,0,0,Urban,0,0,0,Mist or Fog,Null
1755702,5926528,1056,,509701,0,,0,2,,Null,2008/2009,OCEAN VIEW ROAD,LAKE ROAD,,Non-Injury Crash,No,2009,,North,,0,,Flat,,,,,,Overcast,361900,0,0,0,3,,,0,,,,,,Auckland Region,Nil,2-way,Sealed,,0,0,,50,,Null,0,0,,76,Auckland,Give way,,,,,0,0,Urban,0,,,Fine,Null
1761047,5914937,1057,,520202,0,0,0,1,0,East,2008/2009,KALMIA ST,SULTAN ST,,Non-Injury Crash,No,2009,0,West,0,0,0,Flat,0,,0,,0,Dark,611700,0,0,0,2,0,1,0,0,0,,0,0,Auckland Region,Nil,2-way,Sealed,0,0,0,0,50,0,On,0,0,,76,Auckland,Nil,0,0,0,0,0,0,Urban,0,0,0,Light rain,Null
1760203,5920018,1058,,516400,0,,1,1,,West,2009/2010,TAMAKI DRIVE,NGAPIPI ROAD,,Non-Injury Crash,No,2009,,West,,0,,Flat,,,,,,Twilight,455000,0,0,0,4,,,0,,,,,,Auckland Region,Nil,2-way,Sealed,,0,0,,50,,Off,0,0,,76,Auckland,Nil,,,,,0,0,Urban,0,,,Fine,Null
1764566,5911986,1059,,520500,0,,0,3,,South,2008/2009,SH 1N,MT WGTN OFF NBD,,Non-Injury Crash,Yes,2009,,North,,0,,Flat,,,,,,Dark,639500,0,0,0,6,,,0,,,,,,Auckland Region,Nil,2-way,Sealed,,0,0,,100,,On,0,0,,76,Auckland,Nil,,,,,0,0,Open,0,,,Fine,Null
1692703,5674674,1060,,552400,0,0,0,1,0,North,2008/2009,GLENPARK AVENUE,PARSONS ST,,Non-Injury Crash,No,2009,0,North,0,0,0,Hill Road,0,,0,,0,Bright sun,1572400,0,0,0,2,0,0,0,0,2,,0,0,Taranaki Region,Nil,2-way,Sealed,0,0,0,0,50,0,Null,1,0,,33,New Plymouth District,Nil,0,0,0,0,0,0,Urban,1,0,0,Fine,Null
1764673,5905766,1061,,522100,0,0,0,1,0,Null,2009/2010,STATION ROAD,WYLLIE ROAD,,Non-Injury Crash,No,2009,0,North,0,0,0,Flat,1,,0,,0,Overcast,657700,0,0,0,4,0,0,0,0,0,,0,0,Auckland Region,Nil,2-way,Sealed,0,0,0,0,50,0,Off,0,0,,76,Auckland,Traffic Signals,0,0,0,0,0,0,Urban,0,0,0,Light rain,Null
1756100,5923728,1062,,509800,0,,0,2,,South,2009/2010,SH 1N,ONEWA OBR OFF,,Non-Injury Crash,Yes,2009,,South,,0,,Flat,,,,,,Overcast,358800,0,0,0,5,,,0,,,,,,Auckland Region,Nil,1-way,Sealed,,0,0,,80,,Null,0,0,,76,Auckland,Unknown,,,,,0,0,Open,0,,,Fine,Null
1757061,5876417,1063,50,521152,0,0,0,0,0,South,2008/2009,WAIUKU ROAD,HALL ROAD,,Non-Injury Crash,No,2009,0,West,0,0,0,Flat,0,,0,,0,Overcast,832900,0,0,0,2,0,0,0,1,0,,0,0,Auckland Region,Nil,2-way,Sealed,0,0,0,0,100,0,None,0,0,,76,Auckland,Nil,0,0,0,0,1,0,Open,0,0,0,Light rain,Null
1741034,5918876,1064,,513101,0,0,0,3,0,West,2009/2010,SWANSON ROAD,REDLANDS GROVE,,Non-Injury Crash,No,2009,0,East,0,0,0,Flat,0,,0,,0,Bright sun,237901,0,0,0,2,0,0,0,0,1,,0,0,Auckland Region,Nil,2-way,Sealed,0,0,0,0,50,0,Off,0,0,,76,Auckland,Nil,0,0,0,0,0,0,Urban,0,0,0,Fine,Null
1802172,5816026,1065,,530100,0,,0,2,,East,2009/2010,TE AROHA ST,BELL ST,,Non-Injury Crash,No,2009,,East,,0,,Flat,,,,,,Bright sun,895300,0,0,0,2,,,0,,,,,,Waikato Region,Nil,2-way,Sealed,,0,0,,50,,None,1,0,,16,Hamilton City,Nil,,,,,0,0,Urban,0,,,Fine,Null
1805074,5815071,1066,,530600,0,,1,1,,East,2009/2010,NEVADA ROAD,DALESFORD ST,,Non-Injury Crash,No,2009,,West,,0,,Flat,,,,,,Dark,886300,0,0,0,2,,,0,,,,,,Waikato Region,Nil,2-way,Sealed,,0,0,,50,,On,0,0,,16,Hamilton City,Nil,,,,,0,0,Urban,0,,,Fine,Null