X,Y,OBJECTID,advisorySpeed,areaUnitID,bicycle,bridge,bus,carStationWagon,cliffBank,crashDirectionDescription,crashFinancialYear,crashLocation1,crashLocation2,crashRoadSideRoad,crashSeverity,crashSHDescription,crashYear,debris,directionRoleDescription,ditch,fatalCount,fence,flatHill,guardRail,holiday,houseOrBuilding,intersection,kerb,light,meshblockId,minorInjuryCount,moped,motorcycle,NumberOfLanes,objectThrownOrDropped,otherObject,otherVehicleType,overBank,parkedVehicle,pedestrian,phoneBoxEtc,postOrPole,region,roadCharacter,roadLane,roadSurface,roadworks,schoolBus,seriousInjuryCount,slipOrFlood,speedLimit,strayAnimal,streetLight,suv,taxi,temporarySpeedLimit,tlaId,tlaName,trafficControl,trafficIsland,trafficSign,train,tree,truck,unknownVehicleType,urban,vanOrUtility,vehicle,waterRiver,weatherA,weatherB
1749349,5425037,1067,,576400,0,,0,1,,Null,2008/2009,OWEN ST,WILSON ST,,Non-Injury Crash,No,2009,,East,,0,,Flat,,,,,,Dark,2167600,0,0,0,2,,,0,,,,,,Wellington Region,Nil,2-way,Sealed,,0,0,,40,,On,0,0,,47,Wellington City,Give way,,,,,0,0,Urban,1,,,Heavy rain,Null
1719774,6083251,1068,,501814,0,0,0,1,0,North,2009/2010,RUSSELL ROAD,PUNARUKU ROAD,,Non-Injury Crash,No,2009,0,North,0,0,0,Flat,0,,0,,0,Dark,59400,0,0,0,2,0,0,0,0,0,,0,0,Northland Region,Nil,2-way,Sealed,0,0,0,0,100,0,None,0,0,,2,Whangarei District,Nil,0,0,0,0,0,0,Open,0,0,0,Heavy rain,Strong wind
1762427,5913205,1069,,520500,0,,0,1,,South,2009/2010,SEART ON NBD,SH 1N,,Non-Injury Crash,Yes,2009,,North,,0,,Flat,,,,,,Bright sun,637200,0,0,0,4,,,0,,,,,,Auckland Region,Motorway ramp,1-way,Sealed,,0,0,,100,,Off,0,0,,76,Auckland,Nil,,,,,0,0,Open,1,,,Fine,Null
1711496,6004422,1070,,505010,0,0,0,1,0,West,2009/2010,SH 12,PAPAROA OAKLEIGH ROAD,,Non-Injury Crash,Yes,2009,0,West,0,0,1,Hill Road,0,,0,,0,Dark,130802,0,0,0,2,0,0,0,0,0,,0,1,Northland Region,Nil,2-way,Sealed,0,0,0,0,100,0,On,0,0,,3,Kaipara District,Nil,0,0,0,0,0,0,Open,0,0,0,Fine,Null
1817873,5801105,1071,,527505,0,,0,1,,Null,2009/2010,BROWNING ST,TENNYSON ST,,Non-Injury Crash,No,2009,,West,,0,,Flat,,,,,,Overcast,967203,0,0,0,2,,,0,,,,,,Waikato Region,Nil,2-way,Sealed,,0,0,,50,,Null,0,0,,17,Waipa District,Give way,,,,,0,0,Urban,1,,,Light rain,Null
1698996,6085776,1072,,501620,0,,0,1,,South,2009/2010,SH 11,DOELS ROAD,,Non-Injury Crash,Yes,2009,,North,,0,,Flat,,,,,,Bright sun,47701,0,0,0,2,,,0,,,,,,Northland Region,Bridge,2-way,Sealed,,0,0,,100,,None,1,0,,1,Far North District,Give way,,,,,0,0,Open,0,,,Fine,Null
1817056,5803158,1073,,527503,0,,0,2,,Null,2009/2010,VICTORIA ST,ALPHA ST,,Non-Injury Crash,No,2009,,South,,0,,Flat,,,,,,Overcast,962700,0,0,0,2,,,0,,,,,,Waikato Region,Nil,2-way,Sealed,,0,0,,50,,Null,0,0,,17,Waipa District,Give way,,,,,0,0,Urban,0,,,Fine,Null
1825616,5886869,1074,,533501,0,,0,2,,Null,2009/2010,SH 25,WALTER ST,,Non-Injury Crash,Yes,2009,,North,,0,,Flat,,,,,,Overcast,1050300,0,0,0,2,,,0,,,,,,Waikato Region,Nil,2-way,Sealed,,0,0,,50,,Null,0,0,,11,Thames-Coromandel District,Give way,,,,,0,0,Urban,0,,,Light rain,Null
1756425,5919373,1075,,514000,0,,0,1,,Null,2009/2010,KARANGAHAPE ROAD,EDINBURGH ST,,Non-Injury Crash,No,2009,,South,,0,,Flat,,,,,,Bright sun,413900,0,0,0,2,,,0,,,,,,Auckland Region,Nil,2-way,Sealed,,0,0,,50,,Off,0,0,,76,Auckland,Nil,,,,,0,0,Urban,1,,,Fine,Null
1760992,5915166,1076,,520201,0,,0,2,,North,2009/2010,SH 1N,MAIN OBR,,Non-Injury Crash,Yes,2009,,North,,0,,Flat,,,,,,Bright sun,613500,0,0,0,3,,,0,,,,,,Auckland Region,Nil,2-way,Sealed,,0,0,,100,,Off,0,0,,76,Auckland,Nil,,,,,0,0,Open,0,,,Fine,Null
1803563,5814131,1077,,530700,0,,0,2,,Null,2008/2009,CAMBRIDGE ROAD,KNIGHTON ROAD,,Non-Injury Crash,No,2009,,East,,0,,Hill Road,,,,,,Overcast,887300,0,0,0,2,,,0,,,,,,Waikato Region,Nil,2-way,Sealed,,0,0,,50,,Off,0,0,,16,Hamilton City,Give way,,,,,0,0,Urban,0,,,Mist or Fog,Null
1793112,5699825,1078,,532700,0,,0,1,,North,2009/2010,SH 4,OKAIHAE ROAD,,Non-Injury Crash,Yes,2009,,North,,0,,Flat,,,,,,Dark,1027602,0,0,0,2,,,0,,,,,,Manawatū-Whanganui Region,Nil,2-way,Sealed,,0,0,,100,,None,0,0,,36,Ruapehu District,Nil,,,,,0,0,Open,0,,,Light rain,Strong wind
1772960,5914290,1079,,521502,0,0,0,0,0,North,2009/2010,LITTEN ROAD,BERT WILSON PLACE,,Non-Injury Crash,No,2009,0,North,0,0,0,Flat,0,,0,,0,Bright sun,653501,0,0,0,2,0,0,0,0,0,,0,1,Auckland Region,Nil,2-way,Sealed,0,0,0,0,50,0,Off,0,0,,76,Auckland,Nil,0,0,0,0,1,0,Urban,0,0,0,Fine,Null
1719572,6045573,1080,,503100,0,,0,1,,Null,2008/2009,WALTON ST,CAMERON ST,,Non-Injury Crash,No,2009,,North,,0,,Flat,,,,,,Dark,99904,0,0,0,4,,,0,,,,,,Northland Region,Nil,2-way,Sealed,,0,0,,50,,On,1,0,,2,Whangarei District,Traffic Signals,,,,,0,0,Urban,0,,,Light rain,Null
1751876,5917919,1081,,515001,0,,0,2,,West,2009/2010,SH 16,GT NORTH OBR,,Non-Injury Crash,Yes,2009,,West,,0,,Flat,,,,,,Bright sun,392200,0,0,0,3,,,0,,,,,,Auckland Region,Nil,1-way,Sealed,,0,0,,100,,Null,0,0,,76,Auckland,Unknown,,,,,0,0,Open,0,,,Fine,Null
1678425,6022140,1082,,504600,0,0,0,2,0,West,2008/2009,VICTORIA ST,HOKIANGA ROAD,,Non-Injury Crash,No,2009,0,West,0,0,0,Flat,0,,0,,0,Dark,115700,0,0,0,2,0,0,0,0,1,,0,0,Northland Region,Nil,2-way,Sealed,0,0,0,0,50,0,On,0,0,,3,Kaipara District,Nil,0,0,0,0,0,0,Urban,0,0,0,Fine,Null
1794740,5823968,1083,,527917,0,,0,3,,North,2008/2009,TE RAPA ROAD,HUTCHINSON ROAD,,Non-Injury Crash,No,2009,,North,,0,,Flat,,,,,,Dark,975803,0,0,0,2,,,0,,,,,,Waikato Region,Nil,2-way,Sealed,,0,0,,100,,None,0,0,,16,Hamilton City,Nil,,,,,0,0,Open,1,,,Light rain,Null
1772219,5897690,1084,,523912,0,0,0,1,0,South,2009/2010,PORCHESTER ROAD,TIRONUI STATION ROAD EAST,,Non-Injury Crash,No,2009,0,South,0,0,0,Flat,0,,0,,0,Dark,766400,0,0,0,2,0,0,0,0,0,,0,1,Auckland Region,Nil,2-way,Sealed,0,0,0,0,50,0,On,0,0,,76,Auckland,Nil,0,0,0,0,0,0,Urban,0,0,0,Mist or Fog,Null
1799749,5818204,1085,,529600,0,,0,1,,Null,2009/2010,RIVER ROAD,BRAITHWAITE AVENUE,,Non-Injury Crash,No,2009,,North,,0,,Flat,,,,,,Twilight,868700,0,0,1,2,,,0,,,,,,Waikato Region,Nil,2-way,Sealed,,0,0,,50,,On,0,0,,16,Hamilton City,Give way,,,,,0,0,Urban,0,,,Fine,Null
1719877,6047568,1086,,502700,0,,0,1,,North,2009/2010,MILL ROAD,NIXON ST,,Non-Injury Crash,No,2009,,North,,0,,Flat,,,,,,Overcast,92200,0,0,0,4,,,0,,,,,,Northland Region,Nil,2-way,Sealed,,0,0,,50,,Off,1,0,,2,Whangarei District,Nil,,,,,0,0,Urban,0,,,Fine,Null
1951201,5769900,1087,,542562,0,0,0,1,0,South,2008/2009,RUATOKI VALLEY ROAD,MISSION ROAD,,Non-Injury Crash,No,2009,0,North,0,0,0,Hill Road,0,,0,,0,Twilight,1302900,0,0,0,2,0,0,0,0,0,,0,0,Bay of Plenty Region,Nil,2-way,Sealed,0,0,0,0,100,0,None,0,0,,25,Whakatane District,Unknown,0,0,0,0,0,0,Open,0,0,0,Mist or Fog,Null
1838754,5824937,1088,,534604,0,0,0,2,0,South,2009/2010,SH 27,GIVEN ROAD,,Non-Injury Crash,Yes,2009,0,South,1,0,0,Flat,0,,0,,0,Twilight,1098100,0,0,0,2,0,0,0,0,0,,0,0,Waikato Region,Nil,2-way,Sealed,0,0,0,0,100,0,None,0,0,,15,Matamata-Piako District,Nil,0,0,0,0,0,0,Open,0,0,0,Fine,Null
1948453,5792001,1089,,542511,0,,0,2,,Null,2008/2009,SH 30,PHEONIX DRIVE,,Non-Injury Crash,Yes,2009,,West,,0,,Flat,,,,,,Overcast,1297902,0,0,0,4,,,0,,,,,,Bay of Plenty Region,Nil,2-way,Sealed,,0,0,,80,,Off,0,0,,25,Whakatane District,Give way,,,,,0,0,Open,0,,,Light rain,Null
1750047,5970875,1090,,506661,0,,1,1,,East,2009/2010,SANDSPIT ROAD,MATAKANA ROAD,,Non-Injury Crash,No,2009,,West,,0,,Flat,,,,,,Bright sun,139400,0,0,0,2,,,0,,,,,,Auckland Region,Nil,2-way,Sealed,,0,0,,100,,None,0,0,,76,Auckland,Nil,,,,,0,0,Open,0,,,Fine,Null
1756827,5447808,1091,,572100,0,,0,2,,Null,2008/2009,SH 1N,PAREMATA LINK STH,,Non-Injury Crash,Yes,2009,,North,,0,,Flat,,,,,,Overcast,2070000,0,0,0,2,,,0,,,,,,Wellington Region,Nil,2-way,Sealed,,0,0,,50,,Null,0,0,,44,Porirua City,Give way,,,,,0,0,Urban,0,,,Fine,Null
1754745,5931303,1092,,508520,0,,0,2,,Null,2008/2009,SUNSET ROAD,RAMP ROAD,,Non-Injury Crash,No,2009,,East,,0,,Hill Road,,,,,,Overcast,191502,0,0,0,2,,,0,,,,,,Auckland Region,Nil,2-way,Sealed,,0,0,,50,,Null,0,0,,76,Auckland,Give way,,,,,0,0,Urban,0,,,Fine,Null
1754013,5927831,1093,,508310,0,0,0,0,0,Null,2008/2009,BENTLEY AVENUE,DOWNING ST,,Non-Injury Crash,No,2009,0,West,0,0,1,Hill Road,0,,0,,0,Dark,200401,0,0,0,2,0,0,0,0,0,,0,1,Auckland Region,Nil,2-way,Sealed,0,0,0,0,50,0,On,1,0,,76,Auckland,Give way,0,0,0,0,0,0,Urban,0,0,0,Fine,Null
1878755,5823051,1094,,538201,0,,0,2,,Null,2009/2010,TENTH AVENUE,NORRIS ST,,Non-Injury Crash,No,2009,,East,,0,,Flat,,,,,,Overcast,1166701,0,0,0,2,,,0,,,,,,Bay of Plenty Region,Nil,2-way,Sealed,,0,0,,50,,Null,0,0,,23,Tauranga City,Give way,,,,,0,0,Urban,0,,,Fine,Null
1758075,5920522,1095,,514103,0,,1,1,,South,2008/2009,ANZAC AVENUE,BEACH ROAD,,Non-Injury Crash,No,2009,,North,,0,,Hill Road,,,,,,Bright sun,438406,0,0,0,4,,,0,,,,,,Auckland Region,Nil,2-way,Sealed,,0,0,,50,,Off,0,0,,76,Auckland,Nil,,,,,0,0,Urban,0,,,Light rain,Null
1718230,6039635,1096,,502005,0,0,0,1,0,Null,2009/2010,SH 1N,LOOP ROAD N,,Non-Injury Crash,Yes,2009,0,North,0,0,1,Flat,0,,0,,0,Bright sun,74601,0,0,0,1,0,0,0,0,0,,0,0,Northland Region,Nil,2-way,Sealed,0,0,0,0,100,0,Off,0,0,,2,Whangarei District,Nil,0,0,0,0,0,0,Open,0,0,0,Fine,Null
1927070,5607491,1097,,545761,0,0,0,1,0,North,2009/2010,WILSON ROAD,MANCHESTER ST,,Non-Injury Crash,No,2009,0,South,0,0,0,Flat,0,,1,,0,Twilight,1470003,0,0,0,2,0,0,0,0,0,,0,0,Hawke's Bay Region,Nil,2-way,Sealed,0,0,0,0,50,0,Off,0,0,,30,Hastings District,Nil,0,0,0,0,0,0,Urban,0,0,0,Fine,Null
1881112,5826520,1098,,536821,0,,0,2,,West,2009/2010,SH 2,TOTARA ST,,Non-Injury Crash,Yes,2009,,East,,0,,Flat,,,,,,Bright sun,1203800,0,0,0,6,,,0,,,,,,Bay of Plenty Region,Nil,2-way,Sealed,,0,0,,70,,Null,0,0,,23,Tauranga City,Traffic Signals,,,,,0,0,Urban,0,,,Fine,Null
1764765,5905770,1099,,522202,0,,0,2,,Null,2008/2009,SHIRLEY ROAD,ST GEORGE ST,,Non-Injury Crash,No,2009,,South,,0,,Flat,,Queens Birthday,,,,Dark,663300,0,0,0,2,,,0,,,,,,Auckland Region,Nil,2-way,Sealed,,0,0,,50,,On,0,0,,76,Auckland,Traffic Signals,,,,,0,0,Urban,0,,,Fine,Null
2036503,5824933,1100,70,542903,0,,0,0,,East,2008/2009,SH 35,ORETE POINT ROAD,,Non-Injury Crash,Yes,2009,,South,,0,,Flat,,,,,,Bright sun,1334200,0,0,0,2,,,0,,,,,,Bay of Plenty Region,Nil,2-way,Sealed,,0,0,,80,,None,0,0,,27,Ōpōtiki District,Nil,,,,,1,0,Open,0,,,Fine,Null
1694014,5675669,1101,,552200,0,,0,2,,Null,2008/2009,SH 3,BELL ST,,Non-Injury Crash,Yes,2009,,South,,0,,Flat,,,,,,Bright sun,1600800,0,0,0,2,,,0,,,,,,Taranaki Region,Nil,2-way,Sealed,,0,0,,50,,Null,0,0,,33,New Plymouth District,Give way,,,,,0,0,Urban,0,,,Fine,Null
1880123,5819825,1102,,538301,0,,0,2,,West,2008/2009,WELCOME BAY ROAD,MEADOWVIEWS DRIVE,,Non-Injury Crash,No,2009,,East,,0,,Flat,,,,,,Overcast,1180301,0,0,0,2,,,0,,,,,,Bay of Plenty Region,Nil,2-way,Sealed,,0,0,,60,,Null,0,0,,23,Tauranga City,Unknown,,,,,0,0,Urban,0,,,Heavy rain,Null
1748743,5428198,1103,,573000,0,,0,2,,West,2008/2009,PANAMA ST,FEATHERSTON ST,,Non-Injury Crash,No,2009,,East,,0,,Flat,,,,,,Overcast,2125700,0,0,0,1,,,0,,,,,,Wellington Region,Nil,1-way,Sealed,,0,0,,30,,Null,0,1,,47,Wellington City,Nil,,,,,0,0,Urban,0,,,Fine,Null
1759398,5436061,1104,,569100,0,0,0,2,0,South,2009/2010,QUEENS DRIVE,LAINGS ROAD,,Non-Injury Crash,No,2009,0,North,0,0,0,Flat,0,,0,,0,Dark,1967300,0,0,0,2,0,0,0,0,1,,0,0,Wellington Region,Nil,2-way,Sealed,0,0,0,0,50,0,On,0,0,,46,Lower Hutt City,Nil,0,0,0,0,0,0,Urban,0,0,0,Fine,Null
1900699,5686729,1105,,541503,0,0,0,1,1,South,2009/2010,SH 5,RANGITAIKI TVN,,Non-Injury Crash,Yes,2009,0,East,1,0,0,Hill Road,0,,0,,0,Bright sun,1281005,0,0,0,2,0,0,0,0,0,,0,0,Hawke's Bay Region,Nil,2-way,Sealed,0,0,0,0,100,0,None,0,0,,21,Taupo District,Nil,0,0,0,0,0,0,Open,0,0,0,Fine,Frost
1768028,5901401,1106,,525001,0,,0,2,,North,2009/2010,JELLICOE ROAD,JUTLAND ROAD,,Non-Injury Crash,No,2009,,North,,0,,Flat,,,,,,Overcast,751200,0,0,0,2,,,0,,,,,,Auckland Region,Nil,2-way,Sealed,,0,0,,50,,Off,0,0,,76,Auckland,Nil,,,,,0,0,Urban,0,,,Fine,Null
1756373,5919993,1107,,514000,0,0,0,3,0,South,2008/2009,HOWE ST,WELLINGTON ST,,Non-Injury Crash,No,2009,0,North,0,0,0,Hill Road,0,,0,,0,Overcast,413002,0,0,0,2,0,0,0,0,1,,0,0,Auckland Region,Nil,2-way,Sealed,0,0,0,0,50,0,Null,0,0,,76,Auckland,Unknown,0,0,0,0,0,0,Urban,0,0,0,Light rain,Null
1788341,5827626,1108,,526601,0,0,0,0,0,North,2009/2010,WAINGARO ROAD,CLARK ROAD,,Non-Injury Crash,No,2009,0,North,0,0,0,Flat,0,,0,,0,Overcast,853801,0,0,0,2,0,0,0,1,0,,0,0,Waikato Region,Bridge,2-way,Sealed,0,0,0,0,80,0,Null,0,0,,13,Waikato District,Unknown,0,0,0,0,0,0,Open,1,0,1,Light rain,Null
1755849,5935656,1109,,507101,0,,0,1,,Null,2008/2009,BEACH ROAD,VALLEY ROAD,,Non-Injury Crash,No,2009,,North,,0,,Flat,,,,,,Overcast,162502,0,0,0,2,,,0,,,,,,Auckland Region,Nil,2-way,Sealed,,0,0,,50,,Null,0,0,,76,Auckland,Give way,,,,,0,0,Urban,0,,,Light rain,Null
1615603,5423714,1110,,584201,1,,0,0,,Null,2009/2010,CROUCHER ST,TALBOT ST,,Non-Injury Crash,No,2009,,West,,0,,Flat,,,,,,Bright sun,2361300,0,0,0,2,,,0,,,,,,Tasman Region,Nil,2-way,Sealed,,0,0,,50,,Null,1,0,,51,Tasman District,Give way,,,,,0,0,Urban,0,,,Fine,Null
1826341,5837845,1111,,534603,0,0,0,1,0,South,2009/2010,SH 27,HORRELL ROAD,,Non-Injury Crash,Yes,2009,0,South,1,0,0,Flat,0,,0,,0,Overcast,1096400,0,0,0,2,0,0,0,0,0,,0,0,Waikato Region,Nil,2-way,Sealed,0,0,0,0,100,0,Null,0,0,,15,Matamata-Piako District,Unknown,0,0,0,0,0,0,Open,0,0,0,Fine,Null
1748940,5425069,1112,,576400,0,0,0,1,0,South,2008/2009,RIDDIFORD ST,EMMETT ST,,Non-Injury Crash,No,2009,0,South,0,0,0,Flat,0,,0,,0,Bright sun,2166900,0,1,0,2,0,0,0,0,1,,0,0,Wellington Region,Nil,2-way,Sealed,0,0,0,0,40,0,Null,0,0,,47,Wellington City,Nil,0,0,0,0,0,0,Urban,0,0,0,Fine,Null
1751328,5930991,1113,,509100,0,0,0,1,0,Null,2009/2010,SCHNAPPER ROCK ROAD,OAKWAY DRIVE,,Non-Injury Crash,No,2009,0,West,0,0,0,Hill Road,0,,0,,0,Dark,180904,0,0,0,2,0,0,0,0,0,,0,0,Auckland Region,Nil,2-way,Sealed,0,0,0,0,50,0,On,0,0,,76,Auckland,Give way,0,1,0,1,0,0,Urban,0,0,0,Mist or Fog,Null
1718268,6043110,1114,,503500,0,,0,1,,East,2008/2009,ARCUS ST,SH 1N,,Non-Injury Crash,No,2009,,East,,0,,Flat,,,,,,Bright sun,108900,0,0,0,2,,,0,,,,,,Northland Region,Nil,2-way,Sealed,,0,0,,50,,Off,0,0,,2,Whangarei District,Nil,,,,,0,0,Urban,1,,,Fine,Null
1756437,5919377,1115,,514000,0,,1,1,,West,2009/2010,KARANGAHAPE ROAD,HOWE ST,,Non-Injury Crash,No,2009,,East,,0,,Flat,,,,,,Bright sun,413900,0,0,0,4,,,0,,,,,,Auckland Region,Nil,2-way,Sealed,,0,0,,50,,Off,0,0,,76,Auckland,Traffic Signals,,,,,0,0,Urban,0,,,Fine,Null
1719068,6045479,1116,,503100,0,,0,2,,Null,2008/2009,WATER ST,CENTRAL AVENUE,,Non-Injury Crash,No,2009,,North,,0,,Flat,,Christmas New Year,,,,Overcast,100800,0,0,0,2,,,0,,,,,,Northland Region,Nil,2-way,Sealed,,0,0,,50,,Off,0,0,,2,Whangarei District,Traffic Signals,,,,,0,0,Urban,0,,,Fine,Null
1764819,5440700,1117,,568201,0,,0,2,,Null,2008/2009,TAITA DRIVE,HIGH ST,,Non-Injury Crash,No,2009,,North,,0,,Flat,,,,,,Bright sun,1939800,0,0,0,2,,,0,,,,,,Wellington Region,Nil,2-way,Sealed,,0,0,,50,,Null,0,0,,46,Lower Hutt City,Give way,,,,,0,0,Urban,0,,,Fine,Null
1755251,5924720,1118,,509800,0,,0,1,,Null,2009/2010,ONEWA ROAD,WOODSIDE AVENUE,,Non-Injury Crash,No,2009,,East,,0,,Flat,,,,,,Bright sun,360200,0,0,1,2,,,0,,,,,,Auckland Region,Nil,2-way,Sealed,,0,0,,50,,Off,0,0,,76,Auckland,Give way,,,,,0,0,Urban,0,,,Fine,Null
1765068,5918406,1119,,516602,0,,0,1,,Null,2009/2010,GRAMPIAN ROAD,ST HELIERS BAY ROAD,,Non-Injury Crash,No,2009,,West,,0,,Flat,,,,,,Overcast,508100,0,0,0,2,,,0,,,1,,,Auckland Region,Nil,2-way,Sealed,,0,0,,50,,Off,0,0,,76,Auckland,Nil,,,,,0,0,Urban,0,,,Fine,Null
1756990,5876285,1120,,521152,0,0,0,1,1,South,2008/2009,WAIUKU ROAD,BALD HILL ROAD S,,Non-Injury Crash,No,2009,0,South,0,0,0,Flat,0,,0,,0,Bright sun,832900,0,0,0,2,0,0,0,0,0,,0,0,Auckland Region,Nil,2-way,Sealed,0,0,0,0,100,0,None,0,0,50,76,Auckland,Nil,0,0,0,0,0,0,Open,0,0,0,Fine,Null
1669358,6117602,1121,,500402,0,,0,2,,West,2008/2009,SH 10,WHANGAROA ROAD,,Non-Injury Crash,Yes,2009,,West,,0,,Flat,,,,,,Bright sun,18201,0,0,0,1,,,0,,,,,,Northland Region,Bridge,1-way,Sealed,,0,0,,100,,None,0,0,,1,Far North District,Nil,,,,,0,0,Open,0,,,Fine,Null
1756173,5920085,1122,,514000,0,,0,2,,West,2009/2010,WELLINGTON ST,HEPBURN ST W,,Non-Injury Crash,No,2009,,East,,0,,Flat,,,,,,Dark,415300,0,0,0,5,,,0,,,,,,Auckland Region,Nil,2-way,Sealed,,0,0,,50,,On,0,1,,76,Auckland,Traffic Signals,,,,,0,0,Urban,0,,,Light rain,Null
1766559,5913286,1123,,522910,0,0,0,1,0,East,2008/2009,PAKURANGA ROAD,TI RAKAU DRIVE,,Non-Injury Crash,No,2009,0,East,0,0,0,Flat,0,,0,,0,Overcast,684000,0,0,0,6,0,0,0,0,0,,0,1,Auckland Region,Nil,2-way,Sealed,0,0,0,0,50,0,Off,0,0,,76,Auckland,Nil,0,0,0,0,0,0,Urban,0,0,0,Light rain,Null
1757188,5919395,1124,,514103,0,,0,2,,West,2008/2009,KARANGAHAPE ROAD,SYMONDS ST,,Non-Injury Crash,No,2009,,East,,0,,Flat,,,,,,Overcast,436500,0,0,0,4,,,0,,,,,,Auckland Region,Nil,2-way,Sealed,,0,0,,50,,Null,0,0,,76,Auckland,Unknown,,,,,0,0,Urban,0,,,Fine,Null
1818458,5529509,1125,,562720,0,0,0,1,0,East,2009/2010,TREMAINE AVENUE,AMBERLEY AVENUE,,Non-Injury Crash,No,2009,0,West,0,0,0,Flat,0,,0,,0,Dark,1817101,0,0,0,2,0,0,0,0,1,,0,0,Manawatū-Whanganui Region,Nil,2-way,Sealed,0,0,0,0,70,0,None,0,0,,40,Palmerston North City,Nil,0,0,0,0,1,0,Urban,0,0,0,Fine,Null
1756500,5920488,1126,,514102,0,,0,2,,Null,2009/2010,ADELAIDE ST,DRAKE ST,,Non-Injury Crash,No,2009,,North,,0,,Hill Road,,,,,,Bright sun,432700,0,0,0,2,,,0,,,,,,Auckland Region,Nil,2-way,Sealed,,0,0,,50,,Null,0,0,,76,Auckland,Nil,,,,,0,0,Urban,1,,,Fine,Null
1888311.0583,5820159.0848,1127,45,536642,0,0,0,1,1,East,2009/2010,WELCOME BAY ROAD,REID ROAD,,Non-Injury Crash,No,2009,0,West,0,0,0,Hill Road,0,,0,,0,Dark,1206501,0,0,0,2,0,0,0,0,0,,0,0,Bay of Plenty Region,Nil,2-way,Sealed,0,0,0,0,100,0,On,0,0,,22,Western Bay of Plenty District,Unknown,0,0,0,0,0,0,Open,0,0,0,Fine,Null
1773507,5897347,1128,,525630,0,,0,2,,Null,2009/2010,GROVE ROAD,OLD WAIROA ROAD,,Non-Injury Crash,No,2009,,East,,0,,Flat,,,,,,Dark,795600,0,0,0,2,,,0,,,,,,Auckland Region,Nil,2-way,Sealed,,0,0,,50,,On,0,0,,76,Auckland,Stop,,,,,0,0,Urban,0,,,Fine,Null
1799997,5817193,1129,,529600,0,,0,2,,Null,2009/2010,RIVER ROAD,FAIRFIELD ROAD,,Non-Injury Crash,No,2009,,South,,0,,Flat,,,,,,Bright sun,867700,0,0,0,2,,,0,,,,,,Waikato Region,Nil,2-way,Sealed,,0,0,,50,,Null,0,0,,16,Hamilton City,Give way,,,,,0,0,Urban,0,,,Fine,Null
1752885,5911253,1130,,518902,0,0,0,2,0,Null,2008/2009,HALSEY DRIVE,THE AVENUE W,,Non-Injury Crash,No,2009,0,North,0,0,0,Flat,0,,0,,0,Bright sun,588402,0,0,0,2,0,0,0,0,1,,0,0,Auckland Region,Nil,2-way,Sealed,0,0,0,0,50,0,Null,0,0,,76,Auckland,Nil,0,0,0,0,0,0,Urban,0,0,0,Fine,Null
1742647,5918179,1131,,513214,0,0,0,2,1,West,2008/2009,CLEARVIEW HEIGHTS,RANUI AVENUE,,Non-Injury Crash,No,2009,0,East,0,0,0,Hill Road,0,,0,,0,Dark,236302,0,0,0,2,0,0,0,0,1,,0,0,Auckland Region,Nil,2-way,Sealed,0,0,0,0,50,0,On,0,0,,76,Auckland,Nil,0,0,0,0,0,0,Urban,0,0,0,Fine,Null
1748588,5427649,1132,,573000,0,0,0,1,0,West,2008/2009,BOULCOTT ST,WILLIS ST,,Non-Injury Crash,No,2009,0,West,0,0,0,Hill Road,0,,0,,0,Bright sun,2128400,0,0,0,3,0,0,0,0,1,,0,0,Wellington Region,Nil,2-way,Sealed,0,0,0,0,50,0,Null,0,0,,47,Wellington City,Nil,0,0,0,0,1,0,Urban,0,0,0,Fine,Null
1767121,5905507,1133,,524603,0,,0,2,,South,2009/2010,GREAT SOUTH ROAD,PUHINUI ROAD,,Non-Injury Crash,No,2009,,South,,0,,Flat,,,,,,Bright sun,780205,0,0,0,4,,,0,,,,,,Auckland Region,Nil,2-way,Sealed,,0,0,,50,,Off,0,0,,76,Auckland,Nil,,,,,0,0,Urban,0,,,Fine,Null
1718678,6045765,1134,,503000,0,,0,2,,South,2008/2009,SH 1N,CENTRAL AVENUE,,Non-Injury Crash,Yes,2009,,South,,0,,Flat,,,,,,Overcast,98000,0,0,0,4,,,0,,,,,,Northland Region,Nil,2-way,Sealed,,0,0,,50,,Off,1,0,,2,Whangarei District,Traffic Signals,,,,,0,0,Urban,0,,,Light rain,Null
1764593,5908579,1135,,521802,0,,0,1,,Null,2009/2010,GREAT SOUTH ROAD,CRACROFT ST,,Non-Injury Crash,No,2009,,North,,0,,Flat,,,,,,Bright sun,789600,0,0,0,2,,,0,,,,,,Auckland Region,Nil,2-way,Sealed,,0,0,,50,,Off,1,0,,76,Auckland,Nil,,,,,0,0,Urban,0,,,Fine,Null
1763973,5918861,1136,,516601,0,,0,2,,South,2008/2009,KOHIMARAMA ROAD,SOUTHERN CROSS ROAD,,Non-Injury Crash,No,2009,,North,,0,,Flat,,,,,,Overcast,506400,0,0,0,2,,,0,,,,,,Auckland Region,Nil,2-way,Sealed,,0,0,,50,,None,0,0,,76,Auckland,Give way,,,,,0,0,Urban,0,,,Fine,Null
1779712,5915952,1137,,523300,0,0,0,1,0,North,2008/2009,WHITFORD-MARAETAI ROAD,BEACHLANDS ROAD,,Non-Injury Crash,No,2009,0,West,1,0,1,Hill Road,0,,0,,0,Dark,719400,0,0,0,1,0,0,0,0,0,,0,0,Auckland Region,Nil,2-way,Sealed,0,0,0,0,100,0,None,0,0,,76,Auckland,Nil,0,0,0,0,0,0,Open,0,0,0,Fine,Null