X,Y,OBJECTID,advisorySpeed,areaUnitID,bicycle,bridge,bus,carStationWagon,cliffBank,crashDirectionDescription,crashFinancialYear,crashLocation1,crashLocation2,crashRoadSideRoad,crashSeverity,crashSHDescription,crashYear,debris,directionRoleDescription,ditch,fatalCount,fence,flatHill,guardRail,holiday,houseOrBuilding,intersection,kerb,light,meshblockId,minorInjuryCount,moped,motorcycle,NumberOfLanes,objectThrownOrDropped,otherObject,otherVehicleType,overBank,parkedVehicle,pedestrian,phoneBoxEtc,postOrPole,region,roadCharacter,roadLane,roadSurface,roadworks,schoolBus,seriousInjuryCount,slipOrFlood,speedLimit,strayAnimal,streetLight,suv,taxi,temporarySpeedLimit,tlaId,tlaName,trafficControl,trafficIsland,trafficSign,train,tree,truck,unknownVehicleType,urban,vanOrUtility,vehicle,waterRiver,weatherA,weatherB
1753417,5876222,1138,,526103,0,,0,2,,Null,2009/2010,QUEEN ST,KING ST,,Non-Injury Crash,No,2009,,East,,0,,Flat,,,,,,Bright sun,837300,0,0,0,2,,,0,,,,,,,Nil,2-way,Sealed,,0,0,,50,,Off,0,0,,76,Auckland,Nil,,,,,0,0,Urban,0,,,Fine,Null
1824500,5531135,1139,,562500,0,,0,0,,Null,2009/2010,KEITH ST,MIHAERE DRIVE,,Non-Injury Crash,No,2009,,North,,0,,Flat,,,,,,Twilight,1845002,0,0,0,2,,,0,,,,,,Manawatū-Whanganui Region,Nil,2-way,Sealed,,0,0,,50,,Off,2,0,,40,Palmerston North City,Give way,,,,,0,0,Urban,0,,,Fine,Null
2036479,5709146,1140,,544600,0,,0,1,,Null,2008/2009,GLADSTONE ROAD,ROEBUCK ROAD,,Non-Injury Crash,No,2009,,North,,0,,Flat,,,,,,Bright sun,1372600,0,0,0,2,,,0,,,,,,Gisborne Region,Nil,2-way,Sealed,,0,0,,50,,Null,1,0,,28,Gisborne District,Give way,,,,,0,0,Urban,0,,,Fine,Null
1756136,5975354,1141,,506661,0,,0,1,,East,2009/2010,TAKATU ROAD,WHITMORE ROAD,,Non-Injury Crash,No,2009,,West,,0,,Flat,,,,,,Dark,138400,0,0,0,2,,,0,,,,,,Auckland Region,Nil,2-way,Sealed,,0,0,,100,,None,0,0,,76,Auckland,Nil,,,,,0,0,Open,0,,,Fine,Null
1761749,5906566,1142,,524112,0,,0,0,,Null,2008/2009,MASSEY ROAD,MASSEY ON SBD,,Non-Injury Crash,Yes,2009,,South,,0,,Flat,,,,,,Overcast,742300,0,0,0,4,,,0,,,,,,Auckland Region,Nil,2-way,Sealed,,0,0,,50,,Null,1,0,,76,Auckland,Traffic Signals,,,,,0,0,Urban,1,,,Fine,Null
1719559,6046214,1143,,502800,0,0,0,3,0,Null,2009/2010,NORFOLK ST,GREY ST,,Non-Injury Crash,No,2009,0,South,0,0,0,Flat,0,,0,,0,Bright sun,97300,0,0,0,2,0,0,0,0,2,,0,0,Northland Region,Nil,2-way,Sealed,0,0,0,0,50,0,Off,0,0,,2,Whangarei District,Give way,0,0,0,0,0,0,Urban,0,0,0,Fine,Null
1867418,5713282,1144,,541720,0,,0,2,,Null,2008/2009,HEUHEU ST,TITIRAUPENGA ST,,Non-Injury Crash,No,2009,,West,,0,,Flat,,,,,,Dark,1273700,0,0,0,2,,,0,,,,,,Waikato Region,Nil,2-way,Sealed,,0,0,,50,,On,0,0,,21,Taupo District,Stop,,,,,0,0,Urban,0,,,Fine,Null
1765105,5910397,1145,,521803,0,,0,1,,North,2008/2009,FRANK GREY PLACE,PRINCES ST EAST,,Non-Injury Crash,No,2009,,South,,0,,Flat,,,,,,Bright sun,790000,0,0,0,2,,,0,,,1,,,Auckland Region,Nil,2-way,Sealed,,0,0,,50,,Null,0,0,,76,Auckland,Unknown,,,,,0,0,Urban,0,,,Fine,Null
1851508,5765847,1146,,535350,0,,0,1,,Null,2008/2009,OSULLIVAN DRIVE,TORPHIN CRESCENT,,Non-Injury Crash,No,2009,,South,,0,,Flat,,,,,,Overcast,1143900,0,0,0,2,,,0,,,,,,Waikato Region,Nil,2-way,Sealed,,0,0,,50,,Off,1,0,,19,South Waikato District,Give way,,,,,0,0,Urban,0,,,Fine,Null
1759640,5433411,1147,,568800,0,,0,1,,South,2009/2010,SEAVIEW ROAD,RANDWICK ROAD,,Non-Injury Crash,No,2009,,North,,0,,Flat,,,,,,Overcast,1979500,0,0,0,2,,,0,,,,,,Wellington Region,Bridge,2-way,Sealed,,0,0,,50,,Null,1,0,,46,Lower Hutt City,Nil,,,,,0,0,Urban,0,,,Heavy rain,Null
1759625,5924865,1148,,508110,0,0,0,0,0,West,2009/2010,BAYSWATER AVENUE,LAKE ROAD,,Non-Injury Crash,No,2009,0,West,0,0,1,Flat,0,,0,,0,Bright sun,318500,0,0,0,2,0,0,0,0,0,,0,0,Auckland Region,Nil,2-way,Sealed,0,0,0,0,50,0,Off,0,0,,76,Auckland,Nil,0,0,0,0,0,0,Urban,1,0,0,Fine,Null
1754141,5445234,1149,,570700,0,0,0,2,0,Null,2008/2009,TITAHI BAY ROAD,SEMPLE ST,,Non-Injury Crash,No,2009,0,West,0,0,0,Flat,0,,0,,0,Overcast,2037500,0,0,0,2,0,0,0,0,0,,0,0,Wellington Region,Nil,2-way,Sealed,0,0,0,0,70,0,Null,0,0,,44,Porirua City,Give way,0,1,0,1,0,0,Urban,0,0,0,Fine,Null
1750667,5915641,1150,,514802,0,,0,2,,West,2008/2009,ROSEBANK ROAD,ASPEN ST,,Non-Injury Crash,No,2009,,East,,0,,Flat,,,,,,Bright sun,386600,0,0,0,2,,,0,,,,,,Auckland Region,Nil,2-way,Sealed,,0,0,,50,,Off,0,0,,76,Auckland,Nil,,,,,0,0,Urban,0,,,Fine,Null
1760187,5915472,1151,,519400,0,,0,1,,Null,2009/2010,GREAT SOUTH ROAD,MATAI ROAD,,Non-Injury Crash,No,2009,,North,,0,,Flat,,,,,,Twilight,617301,0,0,1,2,,,0,,,,,,Auckland Region,Nil,2-way,Sealed,,0,0,,50,,On,0,0,,76,Auckland,Give way,,,,,0,0,Urban,0,,,Fine,Null
1624202,6113999,1152,,500301,0,0,0,0,0,West,2009/2010,REDAN ROAD,SOUTH ROAD,,Non-Injury Crash,No,2009,0,West,0,0,0,Flat,0,,0,,0,Bright sun,15100,0,0,0,2,0,0,0,0,0,,0,0,Northland Region,Nil,2-way,Sealed,0,0,0,0,50,0,Off,1,0,,1,Far North District,Nil,0,1,0,0,0,0,Urban,1,0,0,Fine,Null
1756217,5917019,1153,,518201,0,0,0,1,0,East,2009/2010,PROSPECT TERRACE,DOMINION ROAD,,Non-Injury Crash,No,2009,0,West,0,0,0,Hill Road,0,,0,,0,Bright sun,548104,0,0,0,2,0,0,0,0,1,,0,1,Auckland Region,Nil,2-way,Sealed,0,0,0,0,50,0,Off,0,0,,76,Auckland,Nil,0,0,0,0,1,0,Urban,0,0,0,Fine,Null
1756766,5943710,1154,,505902,0,,1,1,,Null,2009/2010,LADIES MILE,WHANGAPARAOA ROAD,,Non-Injury Crash,No,2009,,East,,0,,Flat,,,,,,Bright sun,174604,0,0,0,2,,,0,,,,,,Auckland Region,Nil,2-way,Sealed,,0,0,,50,,Off,0,0,,76,Auckland,Stop,,,,,0,0,Urban,0,,,Fine,Null
1839998,5604683,1155,,559400,0,0,0,2,0,East,2008/2009,KOTARE ST,LINNET ST,,Non-Injury Crash,No,2009,0,West,0,0,0,Flat,0,,0,,0,Overcast,1749600,0,0,0,2,0,0,0,0,1,,0,0,Manawatū-Whanganui Region,Nil,2-way,Sealed,0,0,0,0,50,0,Null,0,0,,38,Rangitikei District,Nil,0,0,0,0,0,0,Urban,0,0,0,Fine,Null
1751676,5947732,1156,,505807,0,0,0,2,0,North,2009/2010,RED BEACH ROAD,ALBATROSS ROAD,,Non-Injury Crash,No,2009,0,South,0,0,0,Hill Road,0,,0,,0,Overcast,172702,0,0,0,2,0,0,0,0,1,,0,0,Auckland Region,Nil,2-way,Sealed,0,0,0,0,50,0,Off,0,0,,76,Auckland,Nil,0,0,0,0,0,0,Urban,0,0,0,Fine,Null
1700944,5638078,1157,65,553500,0,0,0,1,0,South,2009/2010,PALMER ROAD,UPPER DUTHIE ROAD,,Non-Injury Crash,No,2009,0,South,0,0,1,Hill Road,0,,0,,0,Bright sun,1638400,0,0,0,2,0,0,0,0,0,,0,0,Taranaki Region,Nil,2-way,Sealed,0,0,0,0,100,0,Null,0,0,,35,South Taranaki District,Nil,0,0,0,0,0,0,Open,0,0,0,Fine,Null
1877886,5822159,1158,,538101,0,,0,2,,South,2008/2009,CAMERON ROAD,SIXTEENTH AVENUE,,Non-Injury Crash,No,2009,,South,,0,,Flat,,,,,,Bright sun,1170500,0,0,0,4,,,0,,,,,,Bay of Plenty Region,Nil,2-way,Sealed,,0,0,,50,,Null,0,0,,23,Tauranga City,Unknown,,,,,0,0,Urban,0,,,Fine,Null
1754608,5917030,1159,,517701,0,,0,2,,East,2008/2009,BOURNEMOUTH AVENUE,MORNINGSIDE DRIVE,,Non-Injury Crash,No,2009,,West,,0,,Flat,,,,,,Bright sun,535600,0,0,0,2,,,0,,,,,,Auckland Region,Nil,2-way,Sealed,,0,0,,50,,Null,0,0,,76,Auckland,Unknown,,,,,0,0,Urban,0,,,Fine,Null
1743832,5921143,1160,,513631,0,,0,2,,Null,2009/2010,LINCOLN PARK AVENUE,WAIMUMU ROAD,,Non-Injury Crash,No,2009,,South,,0,,Flat,,,,,,Overcast,227305,0,0,0,2,,,0,,,,,,Auckland Region,Nil,2-way,Sealed,,0,0,,50,,Off,0,0,,76,Auckland,Give way,,,,,0,0,Urban,0,,,Light rain,Null
1741043,5915107,1161,,513020,0,0,0,0,0,East,2008/2009,HENDERSON VALLEY ROAD,MOUNTAIN ROAD,,Non-Injury Crash,No,2009,0,East,1,0,0,Flat,0,,0,,0,Twilight,280103,0,0,0,2,0,0,0,0,0,,0,0,Auckland Region,Nil,2-way,Sealed,0,0,0,0,80,0,On,0,0,,76,Auckland,Nil,0,0,0,0,0,0,Open,1,0,0,Light rain,Null
1797968,5785951,1162,55,527923,0,0,0,1,0,West,2008/2009,POKURU ROAD,TE MAWHAI ROAD,,Non-Injury Crash,No,2009,0,East,0,0,1,Hill Road,0,,0,,0,Overcast,983301,0,0,0,2,0,0,0,0,0,,0,0,Waikato Region,Nil,2-way,Sealed,0,0,0,0,100,0,Null,0,0,,17,Waipa District,Unknown,0,0,0,0,0,0,Open,0,0,1,Heavy rain,Null
1760093,5435823,1163,,569100,0,0,0,3,0,South,2009/2010,HAUTANA ST,KNIGHTS ROAD,,Non-Injury Crash,No,2009,0,North,0,0,0,Flat,0,,0,,0,Bright sun,1970100,0,0,0,2,0,0,0,0,1,,0,0,Wellington Region,Nil,2-way,Sealed,0,0,0,0,50,0,Null,0,0,,46,Lower Hutt City,Nil,0,0,0,0,0,0,Urban,0,0,0,Fine,Null
1751150,5915868,1164,,514401,0,,0,1,,Null,2009/2010,GREAT NORTH ROAD,HENRY ST,,Non-Injury Crash,No,2009,,South,,0,,Hill Road,,,,,,Overcast,381801,0,0,0,4,,,0,,,,,,Auckland Region,Nil,2-way,Sealed,,0,0,,50,,Off,0,0,,76,Auckland,Traffic Signals,,,,,0,0,Urban,1,,,Light rain,Null
1766091,5907688,1165,,523402,0,0,0,2,0,South,2009/2010,SH 1N,OTARA OFF SBD,,Non-Injury Crash,Yes,2009,0,South,0,0,0,Flat,1,,0,,0,Bright sun,699300,0,0,0,2,0,0,0,0,0,,0,0,Auckland Region,Nil,1-way,Sealed,0,0,0,0,100,0,Null,0,0,,76,Auckland,Nil,0,0,0,0,0,0,Open,0,0,0,Fine,Null
1859746,5805520,1166,,536630,0,0,0,1,0,South,2008/2009,SH 29,TUAKOPAI STM BR,,Non-Injury Crash,Yes,2009,0,North,0,0,1,Flat,0,,0,,0,Overcast,1114601,0,0,0,2,0,0,0,0,0,,0,0,Bay of Plenty Region,Nil,2-way,Sealed,0,0,0,0,100,0,Null,1,0,,22,Western Bay of Plenty District,Unknown,0,0,0,0,0,0,Open,0,0,0,Light rain,Null
1866999,5714285,1167,,541710,0,,0,0,,Null,2008/2009,WAIRAKEI DRIVE,NORMAN SMITH ST,,Non-Injury Crash,No,2009,,South,,0,,Hill Road,,Easter,,,,Overcast,1275301,0,0,0,3,,,0,,,,,,Waikato Region,Nil,2-way,Sealed,,0,0,,50,,Off,2,0,,21,Taupo District,Give way,,,,,0,0,Urban,0,,,Fine,Null
1762883,5906921,1168,,524301,0,0,0,1,0,Null,2009/2010,WEDGWOOD AVENUE,HALLBERRY ROAD,,Non-Injury Crash,No,2009,0,West,0,0,0,Flat,0,,0,,0,Bright sun,746700,0,0,0,2,0,0,0,0,0,,0,0,Auckland Region,Nil,2-way,Sealed,0,0,0,0,50,0,Off,0,0,,76,Auckland,Nil,0,0,0,1,0,0,Urban,0,0,0,Fine,Null
1718200,6043230,1169,,503500,0,0,0,1,0,North,2009/2010,SH 1N,ARCUS ST,,Non-Injury Crash,Yes,2009,0,South,1,0,0,Flat,0,,0,,0,Overcast,108900,0,0,0,2,0,0,0,0,0,,0,0,Northland Region,Nil,2-way,Sealed,0,0,0,0,80,0,Off,0,0,,2,Whangarei District,Nil,0,0,0,0,0,0,Open,0,0,0,Fine,Null
1884581,5773691,1170,,540410,0,,0,2,,Null,2008/2009,SH 30A,RANOLF ST,,Non-Injury Crash,Yes,2009,,South,,0,,Flat,,,,,,Dark,1232500,0,0,0,6,,,0,,,,,,Bay of Plenty Region,Nil,2-way,Sealed,,0,0,,50,,On,0,0,,24,Rotorua District,Traffic Signals,,,,,0,0,Urban,0,,,Fine,Null
1932584,5618514,1171,,547002,0,0,0,2,0,East,2008/2009,ROBINSON CRESCENT,MARTIN ST,,Non-Injury Crash,No,2009,0,West,0,0,0,Flat,0,Easter,0,,0,Bright sun,1453400,0,0,0,2,0,0,0,0,1,,0,0,Hawke's Bay Region,Nil,2-way,Sealed,0,0,0,0,50,0,Null,0,0,,31,Napier City,Nil,0,0,0,0,0,0,Urban,0,0,0,Fine,Null
1778368,5878111,1172,,521131,0,0,0,1,0,South,2009/2010,SH 1N,HELENSLEE ON NBD,,Non-Injury Crash,Yes,2009,0,North,0,0,0,Hill Road,1,,0,,0,Overcast,842500,0,0,0,3,0,0,0,0,0,,0,1,Waikato Region,Nil,1-way,Sealed,0,0,0,0,100,0,Off,0,0,,13,Waikato District,Nil,0,0,0,0,0,0,Open,0,0,0,Light rain,Null
1747265,5921228,1173,,512300,0,,0,1,,North,2009/2010,TE ATATU ROAD,GUNNER DRIVE,,Non-Injury Crash,No,2009,,North,,0,,Flat,,,,,,Dark,250101,0,0,0,2,,,0,,,,,,Auckland Region,Nil,2-way,Sealed,,0,0,,50,,On,0,0,,76,Auckland,Give way,,,,,1,0,Urban,0,,,Light rain,Null
1755722,5934694,1174,,507200,0,0,0,2,0,West,2008/2009,PHILSON TERRACE,BROWNS BAY ROAD,,Non-Injury Crash,No,2009,0,South,0,0,0,Flat,0,,0,,0,Dark,158000,0,0,0,1,0,0,0,0,1,,0,0,Auckland Region,Nil,2-way,Sealed,0,0,0,0,50,0,On,0,0,,76,Auckland,Nil,0,0,0,0,0,0,Urban,0,0,0,Fine,Null
1877644,5819122,1175,,537800,0,0,0,2,0,South,2008/2009,WINDERMERE DRIVE,LAGOON PLACE,,Non-Injury Crash,No,2009,0,North,0,0,0,Flat,0,,0,,0,Overcast,1177900,0,0,0,2,0,0,0,0,1,,0,0,Bay of Plenty Region,Nil,2-way,Sealed,0,0,0,0,50,0,Null,0,0,,23,Tauranga City,Unknown,0,0,0,0,0,0,Urban,0,0,0,Fine,Null
1752456,5917425,1176,,515003,0,,0,1,,North,2009/2010,CARRINGTON ROAD,FONTENOY ST,,Non-Injury Crash,No,2009,,North,,0,,Flat,,,,,,Bright sun,391602,0,0,1,2,,,0,,,,,,Auckland Region,Nil,2-way,Sealed,,0,0,,50,,Off,0,0,,76,Auckland,Nil,,,,,0,0,Urban,0,,,Fine,Null
1769881,5898998,1177,,523920,0,0,0,2,0,South,2008/2009,SH 1N,GT SOUTH OBR,,Non-Injury Crash,Yes,2009,0,North,0,0,0,Flat,1,Queens Birthday,0,,0,Overcast,767911,0,0,0,2,0,0,0,0,0,,0,0,Auckland Region,Nil,1-way,Sealed,0,0,0,0,100,0,None,0,0,,76,Auckland,Nil,0,0,0,0,0,0,Open,0,0,0,Light rain,Null
1770149,5900006,1178,,523817,0,0,0,1,0,Null,2009/2010,TRIMDON STREET,SHIFNAL DRIVE,,Non-Injury Crash,No,2009,0,South,0,0,1,Flat,0,,0,,0,Dark,759723,0,0,0,2,0,0,0,0,0,,0,1,Auckland Region,Nil,2-way,Sealed,0,0,0,0,50,0,On,0,0,,76,Auckland,Give way,0,0,0,0,0,0,Urban,0,0,0,Mist or Fog,Null
1749191,5427252,1179,,573101,0,,0,1,,South,2009/2010,TORY ST,WAKEFIELD ST,,Non-Injury Crash,No,2009,,North,,0,,Flat,,,,,,Bright sun,2135700,0,0,0,2,,,0,,,,,,Wellington Region,Nil,2-way,Sealed,,0,0,,50,,Null,0,0,,47,Wellington City,Nil,,,,,0,0,Urban,1,,,Fine,Null
1949065,5768701,1180,,542562,0,0,0,1,0,North,2009/2010,NGAHINA ROAD,PAEKOA ROAD,,Non-Injury Crash,No,2009,0,South,0,0,1,Flat,0,,1,,0,Bright sun,1302600,0,0,0,2,0,0,0,0,0,,0,0,Bay of Plenty Region,Nil,2-way,Sealed,0,0,0,0,80,0,Null,0,0,,25,Whakatane District,Unknown,0,0,0,0,0,0,Open,0,0,0,Fine,Null
2035160,5708231,1181,,544400,0,0,0,1,0,West,2008/2009,SOLANDER ST,BANKS ST,,Non-Injury Crash,No,2009,0,East,0,0,1,Flat,0,,0,,0,Overcast,1375803,0,0,0,2,0,0,0,0,0,,1,1,Gisborne Region,Nil,2-way,Sealed,0,0,0,0,50,0,Null,0,0,,28,Gisborne District,Nil,0,0,0,0,0,0,Urban,0,0,0,Light rain,Null
1771117,5912522,1182,,523106,0,0,0,1,0,South,2008/2009,ORANGEWOOD DRIVE,MILLHOUSE DRIVE,,Non-Injury Crash,No,2009,0,North,0,0,0,Flat,0,,0,,0,Overcast,711153,0,0,0,1,0,0,0,0,0,,0,0,Auckland Region,Nil,2-way,Sealed,0,0,0,0,50,0,Off,0,0,,76,Auckland,Nil,0,0,0,1,0,0,Urban,0,0,0,Light rain,Null
1755436,5922043,1183,60,515202,0,,0,3,,North,2008/2009,SH 1N,SHELLY OFF SBD,,Non-Injury Crash,Yes,2009,,South,,0,,Hill Road,,,,,,Overcast,423600,0,0,0,4,,,0,,,,,,,Bridge,1-way,Sealed,,0,0,,80,,Off,0,0,,76,Auckland,Nil,,,,,0,0,Open,0,,,Light rain,Null
1867418,5713282,1184,,541720,0,,0,2,,Null,2008/2009,HEUHEU ST,TITIRAUPENGA ST,,Non-Injury Crash,No,2009,,East,,0,,Flat,,,,,,Bright sun,1273700,0,0,0,2,,,0,,,,,,Waikato Region,Nil,2-way,Sealed,,0,0,,50,,Off,0,0,,21,Taupo District,Stop,,,,,0,0,Urban,0,,,Fine,Null
1567433,5179162,1185,,590300,1,0,0,1,0,South,2009/2010,MATIPO ST,PRINCESS ST,,Minor Crash,No,2009,0,North,0,0,0,Flat,0,,0,,0,Bright sun,2539001,1,0,0,2,0,0,0,0,1,,0,0,Canterbury Region,Nil,2-way,Sealed,0,0,0,0,50,0,Null,0,0,,60,Christchurch City,Unknown,0,0,0,0,0,0,Urban,0,0,0,Fine,Null
1745465,5920523,1186,,513301,0,,0,2,,Null,2009/2010,LINCOLN ROAD,LINCOLN OFF WBD S,,Non-Injury Crash,No,2009,,South,,0,,Flat,,,,,,Bright sun,230301,0,0,0,2,,,0,,,,,,Auckland Region,Motorway ramp,1-way,Sealed,,0,0,,50,,Null,0,0,,76,Auckland,Nil,,,,,0,0,Urban,0,,,Fine,Null
1935352,5621560,1187,,546801,0,,0,1,,Null,2008/2009,MAIN ST,SPENCER ROAD,,Non-Injury Crash,No,2009,,East,,0,,Hill Road,,,,,,Bright sun,1425700,0,0,0,2,,,0,,,,,,Hawke's Bay Region,Nil,2-way,Sealed,,0,0,,50,,Null,1,0,,31,Napier City,Give way,,,,,0,0,Urban,0,,,Fine,Null
1885320,5695362,1188,,541342,0,,0,1,,Null,2009/2010,SH 5,TAHARUA ROAD,,Non-Injury Crash,Yes,2009,,South,,0,,Flat,,,,,,Overcast,1280705,0,0,0,2,,,0,,,,,,Bay of Plenty Region,Nil,2-way,Sealed,,0,0,,100,,None,0,0,,21,Taupo District,Give way,,,,,0,0,Open,0,,,Light rain,Null
1766432,5905242,1189,,524603,0,0,0,2,0,South,2009/2010,LAMBIE DRIVE,PUHINUI ROAD,,Non-Injury Crash,No,2009,0,North,0,0,0,Flat,0,,0,,0,Bright sun,674300,0,0,0,2,0,0,0,0,1,,0,0,Auckland Region,Nil,2-way,Sealed,0,0,0,0,50,0,Off,0,0,,76,Auckland,Traffic Signals,0,0,0,0,0,0,Urban,0,0,0,Fine,Null
1881299,5726486,1190,,541335,0,0,0,0,0,North,2008/2009,SH 5,TE TOKE ROAD,,Non-Injury Crash,Yes,2009,0,East,0,0,1,Flat,0,,0,,0,Overcast,1277201,0,0,0,2,0,0,0,0,0,,0,0,Waikato Region,Nil,2-way,Sealed,0,0,0,0,100,0,None,0,0,,21,Taupo District,Nil,0,0,0,0,1,0,Open,0,0,0,Null,Frost
1565995,5183317,1191,,589000,0,0,0,1,0,West,2008/2009,FLAY CRESCENT,WAYSIDE AVENUE N,,Minor Crash,No,2009,0,North,0,0,0,Flat,0,,0,,0,Dark,2517200,1,0,0,2,0,0,0,0,0,,0,1,Canterbury Region,Nil,2-way,Sealed,0,0,0,0,50,0,On,0,0,,60,Christchurch City,Nil,0,0,0,0,0,0,Urban,0,0,0,Fine,Null
1747420,5914767,1192,,511800,0,,0,3,,West,2009/2010,GREAT NORTH ROAD,SABULITE ROAD,,Non-Injury Crash,No,2009,,East,,0,,Flat,,,,,,Bright sun,277902,0,0,0,4,,,0,,,,,,Auckland Region,Nil,2-way,Sealed,,0,0,,50,,Null,0,0,,76,Auckland,Unknown,,,,,0,0,Urban,0,,,Fine,Null
1763329,5909543,1193,,521901,0,,0,1,,Null,2008/2009,STATION ROAD,SALEYARDS ROAD,,Non-Injury Crash,No,2009,,South,,0,,Flat,,,,,,Overcast,783000,0,0,0,2,,,0,,,,,,Auckland Region,Nil,2-way,Sealed,,0,0,,50,,Off,1,0,,76,Auckland,Traffic Signals,,,,,0,0,Urban,0,,,Null,Null
1949807,5791312,1194,,542410,0,,0,2,,Null,2009/2010,LANDING ROAD,EIVERS ROAD,,Non-Injury Crash,No,2009,,East,,0,,Flat,,Christmas New Year,,,,Bright sun,1309702,0,0,0,2,,,0,,,,,,Bay of Plenty Region,Nil,2-way,Sealed,,0,0,,50,,Null,0,0,,25,Whakatane District,Give way,,,,,0,0,Urban,0,,,Fine,Null
1881485,5783277,1195,55,538811,0,0,0,0,0,North,2009/2010,SH 36,KEITH ROAD,,Non-Injury Crash,Yes,2009,0,North,0,0,1,Hill Road,0,,0,,0,Overcast,1249804,0,0,0,2,0,0,0,0,0,,0,0,Bay of Plenty Region,Nil,2-way,Sealed,0,0,0,0,100,0,None,0,0,,24,Rotorua District,Nil,0,0,0,0,0,0,Open,1,0,0,Fine,Null
2038723,5707618,1196,,544801,0,,0,2,,North,2008/2009,RUTENE ROAD,DE LAUTOUR ROAD,,Non-Injury Crash,No,2009,,West,,0,,Flat,,,,,,Dark,1387800,0,0,0,2,,,0,,,,,,Gisborne Region,Nil,2-way,Sealed,,0,0,,70,,On,0,0,,28,Gisborne District,Nil,,,,,0,0,Urban,0,,,Light rain,Null
1705101,6071356,1197,,501620,0,,0,1,,West,2009/2010,SH 1N,BARNES ROAD,,Non-Injury Crash,Yes,2009,,North,,0,,Flat,,,,,,Overcast,45000,0,0,0,2,,,0,,,,,,Northland Region,Nil,2-way,Sealed,,0,0,,100,,None,0,0,,1,Far North District,Nil,,,,,0,0,Open,0,,,Fine,Null
1849737,5764593,1198,,535330,0,,0,1,,Null,2008/2009,SH 32,BALMORAL DRIVE,,Non-Injury Crash,Yes,2009,,West,,0,,Flat,,,,,,Overcast,1135600,0,0,0,2,,,0,,,,,,Waikato Region,Nil,2-way,Sealed,,0,0,,70,,Null,1,0,,19,South Waikato District,Give way,,,,,0,0,Urban,0,,,Light rain,Null
1755492,5929002,1199,,508320,0,,0,2,,Null,2008/2009,TRISTRAM AVENUE,TRISTRAM OFF NBD E,,Non-Injury Crash,Yes,2009,,North,,0,,Flat,,,,,,Dark,198500,0,0,0,3,,,0,,,,,,Auckland Region,Motorway ramp,2-way,Sealed,,0,0,,50,,On,0,1,,76,Auckland,Traffic Signals,,,,,0,0,Urban,0,,,Fine,Null
1736720,6056328,1200,,501807,0,0,0,0,0,Null,2009/2010,NGUNGURU ROAD,SHOEBRIDGE CRESCENT,,Non-Injury Crash,No,2009,0,West,0,0,0,Flat,0,,0,,0,Bright sun,62402,0,0,0,2,0,0,0,0,1,,0,0,Northland Region,Nil,2-way,Sealed,0,0,0,0,50,0,Off,0,0,,2,Whangarei District,Nil,0,0,0,0,1,0,Urban,1,0,0,Fine,Null
1767318,5902954,1201,,524602,0,,0,2,,Null,2008/2009,KERRS ROAD,DRUCES ROAD,,Non-Injury Crash,No,2009,,West,,0,,Flat,,,,,,Dark,780407,0,0,0,2,,,0,,,,,,Auckland Region,Nil,2-way,Sealed,,0,0,,70,,On,0,0,,76,Auckland,Give way,,,,,0,0,Urban,0,,,Fine,Null
1927120,5602152,1202,,545852,0,,0,1,,South,2008/2009,RAILWAY ROAD SOUTH,LONGLANDS ROAD EAST,,Serious Crash,No,2009,,North,,0,,Flat,,,,,,Bright sun,1468700,0,0,0,2,,,0,,,,,,Hawke's Bay Region,Nil,2-way,Sealed,,0,1,,100,,Null,1,0,,30,Hastings District,Nil,,,,,0,0,Open,0,,,Fine,Null
1750134,5914212,1203,,511303,0,,0,2,,West,2009/2010,GREAT NORTH ROAD,VERONICA ST,,Non-Injury Crash,No,2009,,West,,0,,Flat,,,,,,Dark,266100,0,0,0,4,,,0,,,,,,Auckland Region,Nil,2-way,Sealed,,0,0,,50,,On,0,0,,76,Auckland,Nil,,,,,0,0,Urban,0,,,Heavy rain,Null
1797290,5817384,1204,,528406,0,,0,2,,Null,2009/2010,SH 1N,AVALON DRIVE,,Non-Injury Crash,Yes,2009,,West,,0,,Flat,,,,,,Overcast,907601,0,0,0,2,,,0,,,,,,Waikato Region,Nil,2-way,Sealed,,0,0,,60,,Null,0,0,,16,Hamilton City,Give way,,,,,0,0,Urban,1,,,Fine,Null
1821872,5529979,1205,,562800,0,,0,2,,East,2008/2009,SH 3,CARROLL ST,,Non-Injury Crash,Yes,2009,,West,,0,,Flat,,,,,,Overcast,1830600,0,0,0,2,,,0,,,,,,Manawatū-Whanganui Region,Nil,2-way,Sealed,,0,0,,50,,Null,0,0,,40,Palmerston North City,Nil,,,,,0,0,Urban,0,,,Fine,Null
1729823,6039719,1206,,501818,0,0,0,2,0,West,2009/2010,WHANGAREI HEADS ROAD,PEPI ROAD,,Non-Injury Crash,No,2009,0,West,1,0,0,Flat,0,,0,,0,Overcast,73602,0,0,0,2,0,0,0,0,0,,0,0,Northland Region,Nil,2-way,Sealed,0,0,0,0,100,0,None,0,0,,2,Whangarei District,Nil,0,0,0,0,0,0,Open,0,0,0,Light rain,Null