X,Y,OBJECTID,advisorySpeed,areaUnitID,bicycle,bridge,bus,carStationWagon,cliffBank,crashDirectionDescription,crashFinancialYear,crashLocation1,crashLocation2,crashRoadSideRoad,crashSeverity,crashSHDescription,crashYear,debris,directionRoleDescription,ditch,fatalCount,fence,flatHill,guardRail,holiday,houseOrBuilding,intersection,kerb,light,meshblockId,minorInjuryCount,moped,motorcycle,NumberOfLanes,objectThrownOrDropped,otherObject,otherVehicleType,overBank,parkedVehicle,pedestrian,phoneBoxEtc,postOrPole,region,roadCharacter,roadLane,roadSurface,roadworks,schoolBus,seriousInjuryCount,slipOrFlood,speedLimit,strayAnimal,streetLight,suv,taxi,temporarySpeedLimit,tlaId,tlaName,trafficControl,trafficIsland,trafficSign,train,tree,truck,unknownVehicleType,urban,vanOrUtility,vehicle,waterRiver,weatherA,weatherB
1748532,5913080,1207,,511401,0,,0,3,,Null,2008/2009,TITIRANGI ROAD,PARKER AVENUE,,Non-Injury Crash,No,2009,,West,,0,,Flat,,,,,,Overcast,262600,0,0,0,3,,,0,,,,,,Auckland Region,Nil,2-way,Sealed,,0,0,,50,,Null,0,0,,76,Auckland,Give way,,,,,0,0,Urban,0,,,Light rain,Null
1757864,5912127,1208,,519810,0,0,0,3,0,South,2008/2009,SH 20,QUEENSTOWN OBR,,Non-Injury Crash,Yes,2009,0,South,0,0,0,Flat,0,,0,,0,Dark,602501,0,0,0,2,0,0,0,0,0,,0,0,Auckland Region,Nil,1-way,Sealed,0,0,0,0,80,0,On,0,0,,76,Auckland,Nil,0,0,0,0,0,0,Open,1,1,0,Fine,Null
1852372,5763371,1209,,535212,0,0,0,0,0,North,2009/2010,SH 1N,CAMPBELL ROAD,,Non-Injury Crash,Yes,2009,1,North,0,0,0,Flat,0,,0,,0,Overcast,1152601,0,0,0,2,0,0,0,0,0,,0,0,Waikato Region,Nil,2-way,Sealed,0,0,0,0,100,0,Null,1,0,,19,South Waikato District,Unknown,0,0,0,0,1,0,Open,0,0,0,Light rain,Null
1886203,5772473,1210,,540600,0,,0,1,,Null,2009/2010,SH 30,SALA ST,,Non-Injury Crash,Yes,2009,,West,,0,,Flat,,,,,,Bright sun,1243500,0,0,0,4,,,0,,,,,,Bay of Plenty Region,Nil,2-way,Sealed,,0,0,,70,,Null,1,0,,24,Rotorua District,Traffic Signals,,,,,0,0,Urban,0,,,Fine,Null
1745754,5919166,1211,,513302,0,,0,1,,Null,2009/2010,CENTRAL PARK DRIVE,TE PAI PLACE,,Non-Injury Crash,No,2009,,East,,0,,Flat,,,,,,Dark,230702,0,0,0,2,,,0,,,,,,Auckland Region,Nil,2-way,Sealed,,0,0,,50,,On,0,0,,76,Auckland,Traffic Signals,,,,,0,0,Urban,0,,,Light rain,Null
1452886,5298870,1212,,585130,0,,0,2,,North,2008/2009,TAINUI ST,MACKAY ST,,Non-Injury Crash,No,2009,,North,,0,,Flat,,,,,,Dark,2405900,0,0,0,2,,,0,,,,,,West Coast Region,Nil,2-way,Sealed,,0,0,,50,,On,0,0,,56,Grey District,Unknown,,,,,0,0,Urban,0,,,Fine,Null
1796408,5820296,1213,,528403,0,,0,3,,South,2009/2010,TE RAPA ROAD,TE KOWHAI ROAD EAST,,Non-Injury Crash,No,2009,,North,,0,,Flat,,,,,,Overcast,907500,0,0,0,2,,,0,,,,,,Waikato Region,Nil,2-way,Sealed,,0,0,,50,,Null,0,0,,16,Hamilton City,Unknown,,,,,0,0,Urban,0,,,Fine,Null
1821630,5532729,1214,,562100,0,,0,2,,East,2009/2010,JOHN F KENNEDY DRIVE,MILSON LINE,,Non-Injury Crash,No,2009,,East,,0,,Flat,,,,,,Dark,1837501,0,0,0,2,,,0,,,,,,Manawatū-Whanganui Region,Nil,2-way,Sealed,,0,0,,50,,On,0,0,,40,Palmerston North City,Nil,,,,,0,0,Urban,0,,,Fine,Null
1767776,5904283,1215,,524602,0,,0,2,,Null,2008/2009,GREAT SOUTH ROAD,REDOUBT ROAD S,,Non-Injury Crash,No,2009,,North,,0,,Flat,,,,,,Twilight,780501,0,0,0,6,,,0,,,,,,Auckland Region,Nil,2-way,Sealed,,0,0,,70,,On,0,0,,76,Auckland,Traffic Signals,,,,,0,0,Urban,0,,,Fine,Null
1756335,5924401,1216,,509702,0,,0,2,,South,2009/2010,SH 1N,OLD ONEWA OBR,,Non-Injury Crash,Yes,2009,,South,,0,,Hill Road,,,,,,Bright sun,366700,0,0,0,5,,,0,,,,,,Auckland Region,Nil,1-way,Sealed,,0,0,,80,,Null,0,0,,76,Auckland,Unknown,,,,,0,0,Open,0,,,Fine,Null
1764599,5905894,1217,,522100,0,,0,3,,South,2009/2010,STATION ROAD,HILLCREST ROAD,,Non-Injury Crash,No,2009,,South,,0,,Flat,,,,,,Bright sun,657700,0,0,0,2,,,0,,,,,,Auckland Region,Nil,2-way,Sealed,,0,0,,50,,Null,0,0,,76,Auckland,Traffic Signals,,,,,0,0,Urban,0,,,Fine,Null
1934982,5618813,1218,,546500,0,,0,1,,Null,2008/2009,WYCLIFFE ST,ALEXANDER AVENUE,,Non-Injury Crash,No,2009,,North,,0,,Flat,,,,,,Bright sun,1441900,0,0,0,2,,,0,,,,,,Hawke's Bay Region,Nil,2-way,Sealed,,0,0,,50,,Null,0,0,,31,Napier City,Stop,,,,,0,0,Urban,1,,,Fine,Null
1765682,5916644,1219,,517100,0,0,0,1,0,North,2009/2010,DALTON ST,POINT ENGLAND ROAD,,Non-Injury Crash,No,2009,0,South,0,0,0,Flat,0,,0,,0,Bright sun,477000,0,0,0,2,0,0,0,0,0,,0,0,Auckland Region,Nil,2-way,Sealed,0,0,0,0,50,0,None,0,0,,76,Auckland,Nil,1,0,0,0,0,0,Urban,0,0,0,Fine,Null
1238942,4879491,1220,,610500,0,0,0,0,0,Null,2009/2010,SH 6,MELDRUM ST,,Non-Injury Crash,Yes,2009,0,South,0,0,1,Flat,0,,0,,0,Bright sun,3086700,0,0,0,2,0,0,0,0,0,,0,0,Southland Region,Nil,2-way,Sealed,0,0,0,0,50,0,Null,0,0,,73,Southland District,Give way,0,0,0,0,1,0,Urban,0,0,0,Fine,Null
1816696,5804329,1221,,527501,0,0,0,1,0,Null,2009/2010,KING ST,VICTORIA ST EAST,,Non-Injury Crash,No,2009,0,West,0,0,0,Flat,0,,0,,1,Overcast,962300,0,0,0,2,0,0,0,0,0,,0,0,Waikato Region,Nil,2-way,Sealed,0,0,0,0,50,0,Null,0,0,,17,Waipa District,Give way,0,0,0,0,0,0,Urban,0,0,0,Light rain,Null
1616856,5424385,1222,,581723,0,,0,2,,North,2008/2009,SH 6,RICHMOND DEVIATION,,Non-Injury Crash,Yes,2009,,South,,0,,Flat,,,,,,Bright sun,2359407,0,0,0,2,,,0,,,,,,Nelson Region,Nil,2-way,Sealed,,0,0,,100,,Null,0,0,,52,Nelson City,Nil,,,,,0,0,Open,0,,,Fine,Null
1767955,5904435,1223,,524604,0,,0,2,,North,2009/2010,SH 1N,REDOUBT OBR,,Non-Injury Crash,Yes,2009,,North,,0,,Flat,,,,,,Overcast,780302,0,0,0,2,,,0,,,,,,Auckland Region,Nil,1-way,Sealed,,0,0,,100,,Off,0,0,,76,Auckland,Nil,,,,,0,0,Open,0,,,Heavy rain,Null
1671447,6082035,1224,,501700,0,0,0,1,1,Null,2008/2009,OMAPERE ROAD,WINDSOR ROAD,,Non-Injury Crash,No,2009,0,East,0,0,0,Flat,0,,0,,0,Dark,37802,0,0,0,2,0,0,0,0,0,,0,0,Northland Region,Nil,2-way,Sealed,0,0,0,0,50,0,On,0,0,,1,Far North District,Give way,0,0,0,0,0,0,Urban,0,0,0,Fine,Null
1773126,5895671,1225,,525410,0,,0,2,,Null,2008/2009,KING EDWARD AVENUE,SETTLEMENT ROAD,,Non-Injury Crash,No,2009,,South,,0,,Flat,,,,,,Bright sun,793502,0,0,0,2,,,0,,,,,,Auckland Region,Nil,2-way,Sealed,,0,0,,50,,Off,0,0,,76,Auckland,Stop,,,,,0,0,Urban,0,,,Fine,Null
1757724,5913883,1226,,518600,0,,0,2,,Null,2009/2010,PAH ROAD,AMBURY AVENUE,,Non-Injury Crash,No,2009,,South,,0,,Flat,,,,,,Bright sun,566900,0,0,0,2,,,0,,,,,,Auckland Region,Nil,2-way,Sealed,,0,0,,50,,Off,0,0,,76,Auckland,Give way,,,,,0,0,Urban,1,,,Fine,Null
1769946,5909859,1227,,523109,0,,0,1,,North,2009/2010,TE IRIRANGI DRIVE,SMALES ROAD,,Non-Injury Crash,No,2009,,South,,0,,Flat,,,,,,Bright sun,711737,0,0,0,4,,,0,,,,,,Auckland Region,Nil,2-way,Sealed,,0,0,,80,,Off,1,0,,76,Auckland,Traffic Signals,,,,,0,0,Open,0,,,Fine,Null
1568658,5180386,1228,,590800,0,,0,2,,Null,2008/2009,DEANS AVENUE,RICCARTON ROAD,,Non-Injury Crash,No,2009,,East,,0,,Flat,,,,,,Overcast,2474801,0,0,0,4,,,0,,,,,,Canterbury Region,Nil,2-way,Sealed,,0,0,,50,,Null,0,0,,60,Christchurch City,Give way,,,,,0,0,Urban,0,,,Fine,Null
1748916,5427717,1229,,573101,0,,0,2,,Null,2008/2009,JERVOIS QUAY,HARRIS ST,,Non-Injury Crash,No,2009,,South,,0,,Flat,,,,,,Twilight,2133000,0,0,0,6,,,0,,,,,,Wellington Region,Nil,2-way,Sealed,,0,0,,50,,Off,0,0,,47,Wellington City,Traffic Signals,,,,,0,0,Urban,0,,,Heavy rain,Null
1779327,5914824,1230,,523300,0,0,0,1,0,South,2009/2010,WHITFORD-MARAETAI ROAD,BEACHLANDS ROAD,,Non-Injury Crash,No,2009,0,North,1,0,0,Hill Road,0,,0,,0,Dark,718900,0,0,0,2,0,0,0,0,0,,0,0,Auckland Region,Nil,2-way,Sealed,0,0,0,0,100,0,On,0,0,,76,Auckland,Unknown,0,0,0,0,0,0,Open,0,0,0,Fine,Null
1768282,5908300,1231,,523711,0,,0,2,,East,2009/2010,EAST TAMAKI ROAD,BIRMINGHAM ROAD,,Non-Injury Crash,No,2009,,West,,0,,Flat,,,,,,Bright sun,712303,0,0,0,4,,,0,,,,,,Auckland Region,Nil,2-way,Sealed,,0,0,,50,,Off,0,0,,76,Auckland,Traffic Signals,,,,,0,0,Urban,0,,,Fine,Null
1747677,5910594,1232,,512000,0,0,0,1,0,Null,2008/2009,PARK ROAD,TITIRANGI BEACH ROAD,,Non-Injury Crash,No,2009,0,East,0,0,0,Flat,0,,0,,0,Dark,295300,0,0,0,2,0,0,0,0,0,,0,0,Auckland Region,Nil,2-way,Sealed,0,0,0,0,50,0,None,0,0,,76,Auckland,Nil,1,0,0,0,0,0,Urban,0,0,0,Fine,Null
1759125,5924586,1233,,508120,0,0,0,1,0,Null,2009/2010,BAYSWATER AVENUE,LEANDER ROAD,,Non-Injury Crash,No,2009,0,West,0,0,1,Flat,0,,0,,0,Dark,317000,0,0,0,2,0,0,0,0,0,,0,0,Auckland Region,Nil,2-way,Sealed,0,0,0,0,50,0,On,0,0,,76,Auckland,Give way,0,0,0,0,0,0,Urban,0,0,0,Fine,Null
1799028,5814679,1234,,528900,0,,0,2,,North,2009/2010,SH 1N,KILLARNEY ROAD,,Non-Injury Crash,Yes,2009,,South,,0,,Flat,,,,,,Overcast,915900,0,0,0,5,,,0,,,,,,Waikato Region,Nil,2-way,Sealed,,0,0,,60,,Null,0,0,,16,Hamilton City,Unknown,,,,,0,0,Urban,0,,,Light rain,Null
1756254,5927509,1235,,507900,0,,0,1,,North,2009/2010,SH 1N,NORTHCOTE OBR,,Non-Injury Crash,Yes,2009,,South,,0,,Flat,,,,,,Bright sun,305202,0,0,0,3,,,0,,,,,,Auckland Region,Nil,1-way,Sealed,,0,0,,100,,Off,0,0,,76,Auckland,Nil,,,,,0,0,Open,1,,,Fine,Null
1750264,5423996,1236,,576901,0,,1,1,,North,2008/2009,ONEPU ROAD,COCKBURN ST,,Non-Injury Crash,No,2009,,North,,0,,Flat,,,,,,Bright sun,2178802,0,0,0,2,,,0,,,,,,Wellington Region,Nil,2-way,Sealed,,0,0,,50,,Null,0,0,,47,Wellington City,Nil,,,,,0,0,Urban,0,,,Fine,Null
1761247,5436976,1237,,568402,1,,0,1,,East,2008/2009,FRY ST,BOULCOTT ST,,Non-Injury Crash,No,2009,,West,,0,,Flat,,,,,,Overcast,1941800,0,0,0,2,,,0,,,,,,Wellington Region,Nil,2-way,Sealed,,0,0,,50,,Null,0,0,,46,Lower Hutt City,Nil,,,,,0,0,Urban,0,,,Fine,Null
1406364,4917190,1238,,603100,0,,0,1,,Null,2009/2010,GEORGE ST,ST ANDREW ST,,Minor Crash,No,2009,,West,,0,,Flat,,,,,,Overcast,2902900,1,0,0,2,,,0,,,1,,,Otago Region,Nil,2-way,Sealed,,0,0,,30,,Null,0,0,,71,Dunedin City,Traffic Signals,,,,,0,0,Urban,0,,,Light rain,Null
1801267,5814612,1239,,529700,0,,0,2,,Null,2008/2009,BRIDGE ST,ANGLESEA ST,,Non-Injury Crash,No,2009,,East,,0,,Hill Road,,,,,,Overcast,912400,0,0,0,2,,,0,,,,,,Waikato Region,Nil,2-way,Sealed,,0,0,,50,,Off,0,0,,16,Hamilton City,Give way,,,,,0,0,Urban,0,,,Fine,Null
1730062,5911866,1240,,513800,0,,0,1,,North,2009/2010,ANAWHATA ROAD,PIHA ROAD,,Non-Injury Crash,No,2009,,North,,0,,Flat,,,,,,Bright sun,281902,0,0,0,0,,,0,,,,,,Auckland Region,Nil,2-way,Unsealed,,0,0,,100,,None,1,0,,76,Auckland,Nil,,,,,0,0,Open,0,,,Fine,Null
1649111,6075253,1241,,500802,0,0,0,0,0,East,2009/2010,SH 12,DUDDY ROAD,,Non-Injury Crash,Yes,2009,0,East,0,0,0,Flat,0,,0,,0,Dark,24400,0,0,0,2,0,0,0,0,0,,0,0,Northland Region,Nil,2-way,Sealed,0,0,0,0,100,0,None,1,0,,1,Far North District,Nil,0,0,0,0,0,0,Open,0,0,0,Fine,Null
1751374,5915475,1242,,514401,0,,0,2,,Null,2009/2010,ROSEBANK ROAD,LAYARD ST,,Non-Injury Crash,No,2009,,West,,0,,Hill Road,,,,,,Bright sun,382200,0,0,0,2,,,0,,,,,,Auckland Region,Nil,2-way,Sealed,,0,0,,50,,Off,0,0,,76,Auckland,Give way,,,,,0,0,Urban,0,,,Fine,Null
1874510,5821391,1243,,536514,0,0,0,1,0,North,2008/2009,MOFFAT ROAD,CAMBRIDGE ROAD,,Non-Injury Crash,No,2009,0,North,0,0,1,Flat,0,,0,,0,Dark,1191001,0,0,0,2,0,0,0,0,0,,0,0,Bay of Plenty Region,Nil,2-way,Sealed,0,0,0,0,80,0,On,0,0,,23,Tauranga City,Nil,0,0,0,0,0,0,Open,0,0,0,Fine,Null
1748414,5427422,1244,,573000,0,,0,2,,East,2008/2009,MACDONALD CRESCENT,THE TERRACE,,Non-Injury Crash,No,2009,,West,,0,,Hill Road,,,,,,Dark,2128700,0,0,0,2,,,0,,,,,,Wellington Region,Nil,2-way,Sealed,,0,0,,50,,On,0,1,,47,Wellington City,Nil,,,,,0,0,Urban,0,,,Light rain,Null
1757128,5925926,1245,,509702,0,,0,1,,Null,2009/2010,SH 1N,ESMONDE OBR,,Non-Injury Crash,Yes,2009,,North,,0,,Flat,,,,,,Bright sun,364602,0,0,0,3,,,0,,,,,,Auckland Region,Nil,1-way,Sealed,,0,0,,100,,Off,0,0,,76,Auckland,Nil,,,,,1,0,Open,0,,,Fine,Null
1756384,5927111,1246,,507900,0,0,0,2,0,South,2009/2010,NORTHCOTE OFF NBD,NORTHCOTE ROAD,,Non-Injury Crash,Yes,2009,2,North,0,0,0,Hill Road,0,,0,,0,Bright sun,303501,0,0,0,3,0,0,0,0,0,,0,0,Auckland Region,Motorway ramp,1-way,Sealed,0,0,0,0,100,0,Off,0,0,,76,Auckland,Nil,0,0,0,0,0,0,Open,0,0,0,Fine,Null
1757715,5920832,1247,,514103,0,,0,2,,Null,2009/2010,GORE ST,CUSTOMS ST EAST,,Non-Injury Crash,No,2009,,North,,0,,Flat,,,,,,Dark,438104,0,0,0,2,,,0,,,,,,Auckland Region,Nil,2-way,Sealed,,0,0,,50,,On,0,0,,76,Auckland,Traffic Signals,,,,,0,0,Urban,0,,,Fine,Null
1755198,5915739,1248,,518301,0,0,0,2,0,North,2009/2010,PINE ST,HALESOWEN AVENUE,,Non-Injury Crash,No,2009,0,South,0,0,0,Flat,0,Labour Weekend,0,,0,Dark,554201,0,0,0,2,0,0,0,0,1,,0,0,Auckland Region,Nil,2-way,Sealed,0,0,0,0,50,0,On,0,0,,76,Auckland,Nil,0,0,0,0,0,0,Urban,0,0,0,Fine,Null
1745335,5920845,1249,,513301,0,0,0,0,0,West,2008/2009,SH 16,LINCOLN ON WBD,,Non-Injury Crash,Yes,2009,0,West,1,0,0,Hill Road,0,,0,,0,Overcast,231700,0,0,0,1,0,0,0,0,0,,0,0,Auckland Region,Motorway ramp,1-way,Sealed,0,0,0,0,100,0,Off,0,0,,76,Auckland,Nil,0,0,0,0,0,0,Open,1,0,0,Fine,Null
1563875,5176571,1250,,587702,1,,0,1,,Null,2008/2009,AWATEA ROAD,WIGRAM ROAD,,Serious Crash,No,2009,,South,,0,,Flat,,,,,,Overcast,2481605,0,0,0,2,,,0,,,,,,Canterbury Region,Nil,2-way,Sealed,,0,1,,80,,Null,0,0,,60,Christchurch City,Give way,,,,,0,0,Open,0,,,Fine,Null
1763357,5908406,1251,,524402,0,,0,1,,West,2009/2010,MASSEY ROAD,HOSPITAL ROAD,,Non-Injury Crash,No,2009,,West,,0,,Flat,,Labour Weekend,,,,Bright sun,749900,0,0,0,4,,,0,,,,,,Auckland Region,Bridge,2-way,Sealed,,0,0,,50,,Off,1,0,,76,Auckland,Nil,,,,,0,0,Urban,1,,,Fine,Null
1755164,5914480,1252,,518500,0,,0,2,,West,2009/2010,JASPER AVENUE,DOMINION ROAD,,Non-Injury Crash,No,2009,,South,,0,,Flat,,,,,,Overcast,560900,0,0,0,2,,,0,,,,,,Auckland Region,Nil,2-way,Sealed,,0,0,,50,,Off,0,0,,76,Auckland,Nil,,,,,0,0,Urban,0,,,Fine,Null
1750472,5425278,1253,,576903,0,0,0,1,0,North,2009/2010,EVANS BAY PARADE,WELLINGTON ROAD,,Non-Injury Crash,No,2009,0,South,0,0,1,Flat,0,,0,,0,Twilight,2179800,0,0,0,2,0,0,0,0,0,,0,0,Wellington Region,Nil,2-way,Sealed,0,0,0,0,50,0,On,0,0,,47,Wellington City,Nil,0,0,0,0,0,0,Urban,0,0,0,Light rain,Null
1768783,5914121,1254,,522721,0,,0,1,,Null,2008/2009,PAKURANGA ROAD,CASCADES ROAD,,Non-Injury Crash,No,2009,,West,,0,,Flat,,,,,,Dark,681215,0,0,0,3,,,0,,,,,,Auckland Region,Nil,2-way,Sealed,,0,0,,60,,On,1,0,,76,Auckland,Traffic Signals,,,,,0,0,Urban,0,,,Fine,Null
1764879,5903317,1255,,524604,0,,0,1,,South,2009/2010,ROSCOMMON ROAD,VOGLER DRIVE,,Non-Injury Crash,No,2009,,South,,0,,Flat,,,,,,Dark,781302,0,0,0,4,,,0,,,,,,Auckland Region,Nil,2-way,Sealed,,0,0,,80,,On,1,0,,76,Auckland,Traffic Signals,,,,,0,0,Open,0,,,Fine,Null
1782124,5485602,1256,,564400,0,,0,2,,Null,2008/2009,SH 1N,MILL ROAD,,Non-Injury Crash,Yes,2009,,South,,0,,Flat,,,,,,Bright sun,1879300,0,0,0,2,,,0,,,,,,Wellington Region,Nil,2-way,Sealed,,0,0,,50,,Null,0,0,,43,Kapiti Coast District,Give way,,,,,0,0,Urban,0,,,Fine,Null
1753049,5914352,1257,,514500,0,0,0,2,0,North,2009/2010,ROSEVILLE ST,WESTMINSTER ST,,Non-Injury Crash,No,2009,0,North,0,0,0,Hill Road,0,,0,,0,Bright sun,377200,0,0,0,2,0,0,0,0,1,,0,0,Auckland Region,Nil,2-way,Sealed,0,0,0,0,50,0,Off,0,0,,76,Auckland,Nil,0,0,0,0,0,0,Urban,0,0,0,Fine,Null
1744583,5922466,1258,,513530,0,,0,2,,Null,2008/2009,ROYAL ROAD,MOIRE ROAD,,Non-Injury Crash,No,2009,,East,,0,,Flat,,,,,,Overcast,225802,0,0,0,2,,,0,,,,,,Auckland Region,Nil,2-way,Sealed,,0,0,,50,,Null,0,0,,76,Auckland,Traffic Signals,,,,,0,0,Urban,0,,,Fine,Null
1660052,6075710,1259,,500802,0,0,0,0,1,Null,2009/2010,SH 12,PUNAKITERE LOOP ROAD,,Non-Injury Crash,Yes,2009,0,East,0,0,0,Flat,0,,0,,0,Overcast,22500,0,0,0,2,0,0,0,0,0,,0,0,Northland Region,Nil,2-way,Sealed,0,0,0,0,100,0,Null,0,0,,1,Far North District,Stop,0,0,0,0,0,0,Open,1,0,0,Mist or Fog,Null
1770543,5912714,1260,,523101,0,0,0,1,0,Null,2008/2009,BOTANY ROAD,CASCADES ROAD,,Non-Injury Crash,No,2009,0,East,0,0,0,Flat,0,,0,,1,Dark,710517,0,0,0,2,0,0,0,0,0,,0,1,Auckland Region,Nil,2-way,Sealed,0,0,0,0,50,0,On,0,0,,76,Auckland,Traffic Signals,0,0,0,0,0,0,Urban,0,0,0,Heavy rain,Null
1874339,5823414,1261,,536514,0,,0,2,,Null,2009/2010,SH 2,MOFFAT ROAD,,Non-Injury Crash,Yes,2009,,East,,0,,Flat,,,,,,Bright sun,1190200,0,0,0,2,,,0,,,,,,Bay of Plenty Region,Nil,1-way,Sealed,,0,0,,50,,Off,0,0,,23,Tauranga City,Give way,,,,,0,0,Urban,0,,,Fine,Null
1693103,5676325,1262,,551800,0,,0,2,,Null,2008/2009,DEVON ST EAST,LIARDET ST,,Non-Injury Crash,No,2009,,East,,0,,Hill Road,,,,,,Dark,1593900,0,0,0,4,,,0,,,,,,Taranaki Region,Nil,2-way,Sealed,,0,0,,50,,On,0,0,,33,New Plymouth District,Traffic Signals,,,,,0,0,Urban,0,,,Light rain,Null
1767665,5904461,1263,,524604,0,,0,2,,North,2008/2009,GREAT SOUTH ROAD,SH 20,,Non-Injury Crash,No,2009,,South,,0,,Flat,,,,,,Bright sun,780204,0,0,0,4,,,0,,,,,,Auckland Region,Nil,2-way,Sealed,,0,0,,50,,Off,0,1,,76,Auckland,Nil,,,,,0,0,Urban,0,,,Fine,Null
1754731,5915610,1264,,517702,0,,0,2,,North,2009/2010,SANDRINGHAM ROAD,LAMBETH ROAD,,Non-Injury Crash,No,2009,,South,,0,,Flat,,,,,,Dark,541600,0,0,0,2,,,0,,,,,,Auckland Region,Nil,2-way,Sealed,,0,0,,50,,On,0,0,,76,Auckland,Nil,,,,,0,0,Urban,0,,,Fine,Null
1754179,5918317,1265,,515431,0,0,0,0,0,West,2008/2009,SH 16,MOTAT ON EBD,,Non-Injury Crash,Yes,2009,0,East,0,0,0,Flat,1,,0,,0,Bright sun,406300,0,0,0,3,0,0,0,0,0,,0,0,Auckland Region,Nil,1-way,Sealed,0,0,0,0,100,0,Null,0,0,,76,Auckland,Unknown,0,0,0,0,0,0,Open,1,0,0,Fine,Null
1745232,5919189,1266,,513302,0,,0,1,,West,2008/2009,POMARIA ROAD,LINCOLN ROAD,,Non-Injury Crash,No,2009,,East,,0,,Flat,,,,,,Dark,232205,0,0,0,2,,,0,,,,,,Auckland Region,Nil,2-way,Sealed,,0,0,,50,,On,1,0,,76,Auckland,Traffic Signals,,,,,0,0,Urban,0,,,Fine,Null
1771710,5899059,1267,,523911,0,,0,1,,Null,2009/2010,PORCHESTER ROAD,AIRFIELD ROAD,,Non-Injury Crash,No,2009,,South,,0,,Flat,,,,,,Overcast,767302,0,0,0,1,,,0,,,,,,Auckland Region,Nil,2-way,Sealed,,0,0,,80,,Off,1,0,,76,Auckland,Nil,,,,,0,0,Open,0,,,Fine,Null
1765447,5907120,1268,,522201,0,,0,2,,West,2009/2010,SHIRLEY ROAD,GREAT SOUTH ROAD,,Non-Injury Crash,No,2009,,East,,0,,Flat,,,,,,Unknown,662300,0,0,0,4,,,0,,,,,,Auckland Region,Nil,2-way,Sealed,,0,0,,50,,Off,0,0,,76,Auckland,Nil,,,,,0,0,Urban,0,,,Fine,Null
1757952,5913492,1269,,518600,0,,0,2,,Null,2009/2010,MOUNT ALBERT ROAD,CROWN ST,,Non-Injury Crash,No,2009,,East,,0,,Flat,,,,,,Bright sun,567300,0,0,0,2,,,0,,,,,,Auckland Region,Nil,2-way,Sealed,,0,0,,50,,Off,0,0,,76,Auckland,Nil,,,,,0,0,Urban,0,,,Fine,Null
1766043,5443530,1270,,569600,0,,0,1,,North,2008/2009,SH 58,OLD HAYWARDS ROAD,,Non-Injury Crash,Yes,2009,,North,,0,,Hill Road,,,,,,Bright sun,1916400,0,0,0,2,,,0,,,,,,Wellington Region,Nil,2-way,Sealed,,0,0,,100,,Null,0,0,,46,Lower Hutt City,Nil,,,,,1,0,Open,0,,,Fine,Null
1743666,5919379,1271,,513212,0,,0,2,,Null,2009/2010,SWANSON ROAD,DON BUCK ROAD,,Non-Injury Crash,No,2009,,East,,0,,Flat,,,,,,Dark,235711,0,0,0,4,,,0,,,,,,Auckland Region,Nil,2-way,Sealed,,0,0,,50,,On,0,0,,76,Auckland,Give way,,,,,0,0,Urban,0,,,Fine,Null
1768226,5881696,1272,,525910,0,,0,2,,Null,2008/2009,PRINCES ST,BEATTY ROAD,,Non-Injury Crash,No,2009,,East,,0,,Flat,,,,,,Bright sun,819700,0,0,0,4,,,0,,,,,,Auckland Region,Nil,2-way,Sealed,,0,0,,50,,Off,0,0,,76,Auckland,Give way,,,,,0,0,Urban,0,,,Fine,Frost
1766229,5916506,1273,,517100,0,,0,2,,Null,2008/2009,POINT ENGLAND ROAD,ELSTREE AVENUE,,Non-Injury Crash,No,2009,,West,,0,,Flat,,,,,,Dark,477400,0,0,0,2,,,0,,,,,,Auckland Region,Nil,2-way,Sealed,,0,0,,50,,On,0,0,,76,Auckland,Give way,,,,,0,0,Urban,0,,,Fine,Null
1766825,5901878,1274,,524604,0,,0,2,,Null,2008/2009,BROWNS ROAD,GLOUCESTER ROAD,,Non-Injury Crash,No,2009,,West,,0,,Hill Road,,,,,,Twilight,781400,0,0,0,2,,,0,,,,,,Auckland Region,Nil,2-way,Sealed,,0,0,,50,,Off,0,0,,76,Auckland,Give way,,,,,0,0,Urban,0,,,Light rain,Null
1883058,5826614,1275,,536821,0,,0,3,,Null,2009/2010,GOLF ROAD,LINKS AVENUE,,Non-Injury Crash,No,2009,,West,,0,,Flat,,,,,,Bright sun,1198601,0,0,0,2,,,0,,,,,,Bay of Plenty Region,Nil,2-way,Sealed,,0,0,,50,,Null,0,0,,23,Tauranga City,Give way,,,,,0,0,Urban,0,,,Fine,Null
1765014,5904769,1276,,522100,0,,0,2,,Null,2009/2010,KENDERDINE ROAD,MILAN ROAD,,Non-Injury Crash,No,2009,,North,,0,,Flat,,,,,,Overcast,659500,0,0,0,2,,,0,,,,,,Auckland Region,Nil,2-way,Sealed,,0,0,,50,,Off,0,0,,76,Auckland,Give way,,,,,0,0,Urban,0,,,Fine,Null
1898832,5568970,1277,,549602,0,,0,1,,North,2008/2009,SH 2,ASHCOTT ROAD,,Non-Injury Crash,Yes,2009,,South,,0,,Flat,,,,,,Overcast,1523900,0,0,0,2,,,0,,,,,,Hawke's Bay Region,Nil,2-way,Sealed,,0,0,,100,,Null,0,0,,32,Central Hawke's Bay District,Nil,,,,,0,0,Open,0,,,Light rain,Null
1808233,5811327,1278,,527131,0,0,0,2,0,Null,2009/2010,ROSEBANKS DRIVE,WOODCOCK ROAD,,Non-Injury Crash,No,2009,0,North,0,0,0,Flat,0,,0,,0,Overcast,956804,0,0,0,1,0,0,0,0,0,,0,0,Waikato Region,Nil,2-way,Sealed,0,0,0,0,50,0,Off,0,0,,13,Waikato District,Stop,0,0,0,0,0,0,Urban,0,1,0,Light rain,Null