X,Y,OBJECTID,advisorySpeed,areaUnitID,bicycle,bridge,bus,carStationWagon,cliffBank,crashDirectionDescription,crashFinancialYear,crashLocation1,crashLocation2,crashRoadSideRoad,crashSeverity,crashSHDescription,crashYear,debris,directionRoleDescription,ditch,fatalCount,fence,flatHill,guardRail,holiday,houseOrBuilding,intersection,kerb,light,meshblockId,minorInjuryCount,moped,motorcycle,NumberOfLanes,objectThrownOrDropped,otherObject,otherVehicleType,overBank,parkedVehicle,pedestrian,phoneBoxEtc,postOrPole,region,roadCharacter,roadLane,roadSurface,roadworks,schoolBus,seriousInjuryCount,slipOrFlood,speedLimit,strayAnimal,streetLight,suv,taxi,temporarySpeedLimit,tlaId,tlaName,trafficControl,trafficIsland,trafficSign,train,tree,truck,unknownVehicleType,urban,vanOrUtility,vehicle,waterRiver,weatherA,weatherB
1839627,5841408,1279,,534800,0,,0,2,,Null,2008/2009,SH 26,KENRICK ST W,,Non-Injury Crash,Yes,2009,,West,,0,,Flat,,,,,,Overcast,1104400,0,0,0,2,,,0,,,,,,Waikato Region,Nil,2-way,Sealed,,0,0,,50,,Null,0,0,,15,Matamata-Piako District,Give way,,,,,0,0,Urban,0,,,Heavy rain,Null
1756053,5919766,1280,,514000,0,,0,2,,West,2008/2009,PICTON ST,HEPBURN ST,,Non-Injury Crash,No,2009,,East,,0,,Flat,,,,,,Bright sun,414300,0,0,0,3,,,0,,,,,,Auckland Region,Nil,2-way,Sealed,,0,0,,50,,Off,0,0,,76,Auckland,Stop,,,,,0,0,Urban,0,,,Fine,Null
1752940,5918177,1281,,515002,0,,0,1,,East,2008/2009,SH 16,GT NORTH OBR,,Non-Injury Crash,Yes,2009,,East,,0,,Flat,,,,,,Dark,390501,0,0,0,4,,,0,,,,,,Auckland Region,Nil,1-way,Sealed,,0,0,,100,,On,1,0,,76,Auckland,Nil,,,,,0,0,Open,0,,,Light rain,Null
1768535,5909336,1282,,523113,0,,0,4,,North,2008/2009,SPRINGS ROAD,LADY RUBY DRIVE,,Non-Injury Crash,No,2009,,South,,0,,Flat,,,,,,Bright sun,711809,0,0,0,2,,,0,,,,,,Auckland Region,Nil,2-way,Sealed,,0,0,,60,,Null,0,0,,76,Auckland,Unknown,,,,,0,0,Urban,0,,,Fine,Null
1772994,5900291,1283,,523911,0,0,0,1,0,South,2009/2010,MILL ROAD,POPES ROAD,,Non-Injury Crash,No,2009,0,North,0,0,0,Flat,0,,0,,0,Overcast,767204,0,0,0,2,0,0,0,0,0,,0,1,Auckland Region,Nil,2-way,Sealed,0,0,0,0,80,0,Null,0,0,,76,Auckland,Unknown,0,0,0,0,0,0,Open,0,0,0,Fine,Null
1757809,5918170,1284,,515700,0,,0,1,,North,2009/2010,SH 1N,GILLIES ON NBD,,Non-Injury Crash,Yes,2009,,North,,0,,Flat,,,,,,Bright sun,443600,0,0,0,4,,,0,,,,,,Auckland Region,Nil,1-way,Sealed,,0,0,,80,,Off,0,0,,76,Auckland,Nil,,,,,1,0,Open,0,,,Fine,Null
1751429,5433643,1285,,574002,0,,0,1,,South,2008/2009,SH 1N,NEWLANDS ON SBD,,Non-Injury Crash,Yes,2009,,South,,0,,Hill Road,,,,,,Overcast,2078304,0,0,1,3,,,0,,,,,,Wellington Region,Nil,2-way,Sealed,,0,0,,80,,Null,0,0,,47,Wellington City,Nil,,,,,0,0,Open,0,,,Fine,Null
1760883,5918148,1286,,516201,0,,1,1,,Null,2009/2010,MANAWA ROAD,LINGARTH ST,,Non-Injury Crash,No,2009,,East,,0,,Hill Road,,,,,,Dark,485900,0,0,0,2,,,0,,,,,,Auckland Region,Nil,2-way,Sealed,,0,0,,50,,On,0,0,,76,Auckland,Nil,,,,,0,0,Urban,0,,,Light rain,Null
1769333,5911466,1287,,523107,0,,0,1,,Null,2008/2009,TI RAKAU DRIVE,BURSWOOD DRIVE,,Non-Injury Crash,No,2009,,East,,0,,Flat,,Queens Birthday,,,,Dark,711702,0,0,0,2,,,0,,,,,,Auckland Region,Nil,2-way,Sealed,,0,0,,50,,On,0,0,,76,Auckland,Traffic Signals,,,,,0,0,Urban,1,,,Fine,Null
1456435,5297056,1288,,584911,0,,0,1,,Null,2008/2009,SH 7,GOLF LINKS ROAD,,Minor Crash,Yes,2009,,West,,0,,Flat,,,,,,Bright sun,2413101,2,0,0,2,,,0,,,,,,West Coast Region,Nil,2-way,Sealed,,0,0,,70,,Null,0,0,,56,Grey District,Give way,,,,,0,0,Urban,1,,,Fine,Null
1752674,5937546,1289,,506300,0,,0,1,,North,2008/2009,EAST COAST ROAD,OKURA RIVER ROAD,,Non-Injury Crash,No,2009,,South,,0,,Flat,,,,,,Bright sun,176105,0,0,0,2,,,0,,,,,,Auckland Region,Nil,2-way,Sealed,,0,0,,100,,Null,0,0,,76,Auckland,Unknown,,,,,0,0,Open,0,,,Fine,Null
1717768,6042910,1290,,503800,0,0,0,1,0,East,2008/2009,FAIRBURN ST,HEDLEY PLACE,,Non-Injury Crash,No,2009,0,East,0,0,0,Flat,0,,0,,1,Bright sun,107906,0,0,0,2,0,0,0,0,0,,0,0,Northland Region,Nil,2-way,Sealed,0,0,0,0,50,0,Off,0,0,,2,Whangarei District,Nil,0,0,0,0,0,0,Urban,0,0,0,Fine,Null
1800809,5813544,1291,,529100,0,,0,2,,Null,2008/2009,PEMBROKE ST,SELWYN ST,,Non-Injury Crash,No,2009,,South,,0,,Flat,,,,,,Twilight,932300,0,0,0,4,,,0,,,,,,Waikato Region,Nil,2-way,Sealed,,0,0,,50,,Off,0,0,,16,Hamilton City,Traffic Signals,,,,,0,0,Urban,0,,,Fine,Null
1937130,5621950,1292,,546802,0,,0,1,,South,2008/2009,MARINE PARADE,COOTE ROAD,,Non-Injury Crash,No,2009,,North,,0,,Flat,,,,,,Bright sun,1423200,0,0,0,2,,,0,,,,,,Hawke's Bay Region,Nil,2-way,Sealed,,0,0,,50,,Null,0,0,,31,Napier City,Nil,,,,,0,0,Urban,1,,,Fine,Null
1745157,5919765,1293,,513301,0,,0,2,,West,2009/2010,UNIVERSAL DRIVE,LINCOLN ROAD,,Non-Injury Crash,No,2009,,East,,0,,Flat,,,,,,Bright sun,232001,0,0,0,5,,,0,,,,,,Auckland Region,Nil,2-way,Sealed,,0,0,,50,,Off,0,0,,76,Auckland,Nil,,,,,0,0,Urban,0,,,Fine,Null
2033377,5710429,1294,,543901,0,0,0,2,0,East,2009/2010,Z SHOW GROUNDS,MAIN/ORA,,Non-Injury Crash,No,2009,0,North,0,0,0,Hill Road,0,,0,,0,Bright sun,1360800,0,0,0,0,0,0,0,0,1,,0,0,Gisborne Region,Nil,Off road,Sealed,0,0,0,0,50,0,Null,0,0,,28,Gisborne District,Nil,0,0,0,0,0,0,Urban,0,0,0,Fine,Null
1743975,5924036,1295,,513410,0,,0,2,,Null,2008/2009,OLD SH 16,SH 18,,Non-Injury Crash,Yes,2009,,East,,0,,Hill Road,,,,,,Dark,223901,0,0,0,4,,,0,,,,,,Auckland Region,Nil,2-way,Sealed,,0,0,,50,,On,0,0,,76,Auckland,Give way,,,,,0,0,Urban,0,,,Fine,Null
1577258,5177443,1296,,596000,1,,0,1,,Null,2009/2010,MAIN ROAD,MCCORMACKS BAY ROAD W,,Serious Crash,No,2009,,West,,0,,Flat,,,,,,Bright sun,2699701,0,0,0,4,,,0,,,,,,Canterbury Region,Nil,2-way,Sealed,,0,1,,50,,Null,0,0,,60,Christchurch City,Stop,,,,,0,0,Urban,0,,,Fine,Null
1759153,5913142,1297,,519720,0,,0,2,,East,2009/2010,MOUNT SMART ROAD,CAMERON ST,,Non-Injury Crash,No,2009,,West,,0,,Flat,,,,,,Twilight,596000,0,0,0,2,,,0,,,,,,Auckland Region,Nil,2-way,Sealed,,0,0,,50,,On,0,0,,76,Auckland,Nil,,,,,0,0,Urban,0,,,Fine,Null
1745342,5917395,1298,,510800,0,,0,2,,Null,2008/2009,HENDERSON VALLEY ROAD,GREAT NORTH ROAD,,Non-Injury Crash,No,2009,,North,,0,,Flat,,,,,,Bright sun,241600,0,0,0,5,,,0,,,,,,Auckland Region,Nil,2-way,Sealed,,0,0,,50,,Null,0,0,,76,Auckland,Traffic Signals,,,,,0,0,Urban,0,,,Fine,Null
1841182,5813071,1299,,535220,0,0,0,0,0,Null,2009/2010,PERIA ROAD,GUNN ROAD,,Non-Injury Crash,No,2009,0,North,0,0,1,Flat,0,,0,,1,Overcast,1117000,0,0,0,2,0,0,0,0,0,,0,0,Waikato Region,Nil,2-way,Sealed,0,0,0,0,100,0,Null,0,0,,15,Matamata-Piako District,Give way,0,0,0,0,0,0,Open,1,0,0,Light rain,Null
1686555,6101609,1300,,500900,0,,0,2,,North,2009/2010,KERIKERI ROAD,CLARK ROAD,,Non-Injury Crash,No,2009,,South,,0,,Flat,,,,,,Bright sun,53200,0,0,0,1,,,0,,,,,,Northland Region,Nil,2-way,Sealed,,0,0,,50,,Off,1,0,,1,Far North District,Nil,,,,,0,0,Urban,1,,,Fine,Null
1936501,5619879,1301,,546902,0,,0,2,,Null,2009/2010,VIGOR BROWN ST,ASHRIDGE ROAD,,Non-Injury Crash,No,2009,,East,,0,,Flat,,,,,,Dark,1432600,0,0,0,2,,,0,,,,,,Hawke's Bay Region,Nil,2-way,Sealed,,0,0,,50,,On,0,0,,31,Napier City,Give way,,,,,0,0,Urban,0,,,Fine,Null
1303439,5053502,1302,,608304,0,,0,2,,Null,2009/2010,CAPELL AVENUE,NOEMA TERRACE,,Minor Crash,No,2009,,North,,0,,Flat,,,,,,Dark,3028007,1,0,0,2,,,0,,,,,,Otago Region,Nil,2-way,Sealed,,0,0,,50,,None,0,0,,70,Queenstown-Lakes District,Give way,,,,,0,0,Urban,0,,,Fine,Null
1754973,5912180,1303,,519002,0,0,0,0,0,South,2008/2009,GLASS ROAD,RICHARDSON ROAD,,Non-Injury Crash,No,2009,0,North,0,0,0,Flat,0,,0,,0,Overcast,589600,0,0,0,2,0,0,0,0,1,,0,0,Auckland Region,Nil,2-way,Sealed,0,0,0,0,50,0,Off,1,0,,76,Auckland,Nil,0,0,0,0,0,0,Urban,1,0,0,Light rain,Null
1749604,5972836,1304,,506661,0,0,0,1,0,South,2008/2009,MATAKANA ROAD,GOLF ROAD,,Non-Injury Crash,No,2009,0,North,0,0,1,Flat,0,,0,,0,Dark,139105,0,0,0,2,0,0,0,0,0,,0,0,Auckland Region,Nil,2-way,Sealed,0,0,0,0,80,0,None,0,0,,76,Auckland,Unknown,0,0,0,0,0,0,Open,0,0,0,Fine,Null
1764708,5905872,1305,,522201,0,,0,1,,South,2009/2010,SHIRLEY ROAD,CORONATION ROAD S,,Non-Injury Crash,No,2009,,North,,0,,Flat,,,,,,Bright sun,663100,0,0,0,1,,,0,,,,,,Auckland Region,Nil,2-way,Sealed,,0,0,,50,,Off,0,0,,76,Auckland,Give way,,,,,0,0,Urban,1,,,Fine,Null
1797079,5819549,1306,,528403,0,,0,1,,Null,2009/2010,WAIRERE DRIVE,TE RAPA ROAD,,Non-Injury Crash,No,2009,,North,,0,,Flat,,,,,,Bright sun,907700,0,0,0,4,,,0,,,,,,Waikato Region,Nil,2-way,Sealed,,0,0,,80,,Null,1,0,,16,Hamilton City,Give way,,,,,0,0,Open,0,,,Fine,Null
1761316,5906833,1307,,524112,0,0,0,1,0,North,2009/2010,SH 20,MASSEY OBR,,Non-Injury Crash,Yes,2009,0,North,0,0,0,Flat,1,,0,,0,Overcast,742201,0,0,0,2,0,0,0,0,0,,0,0,Auckland Region,Nil,1-way,Sealed,0,0,0,0,100,0,Null,0,0,,76,Auckland,Unknown,0,0,0,0,1,0,Open,0,0,0,Light rain,Null
1758764,5435671,1308,,569202,0,0,0,2,0,East,2008/2009,TITOKI ST,VICTORIA ST,,Non-Injury Crash,No,2009,0,East,0,0,0,Flat,0,,0,,0,Overcast,1924500,0,0,0,2,0,0,0,0,1,,0,0,Wellington Region,Nil,2-way,Sealed,0,0,0,0,50,0,Null,0,0,,46,Lower Hutt City,Nil,0,0,0,0,0,0,Urban,0,0,0,Fine,Null
1842404,5680731,1309,,541000,0,0,0,1,0,Null,2008/2009,RANGIAMOHIA ROAD,RUNUKU GROVE,,Non-Injury Crash,No,2009,0,North,0,0,1,Flat,0,,0,,0,Dark,1285800,0,0,0,2,0,0,0,0,0,,0,0,Waikato Region,Nil,2-way,Sealed,0,0,0,0,50,0,On,0,0,,21,Taupo District,Nil,0,0,0,1,0,0,Urban,0,0,0,Light rain,Null
1393417,4913863,1310,,606220,0,,0,0,,East,2009/2010,SH 1S,RICCARTON ROAD EAST,,Minor Crash,Yes,2009,,West,,0,,Flat,,,,,,Overcast,2969600,2,0,1,2,,,0,,,,,,Otago Region,Nil,2-way,Sealed,,0,0,,70,,Null,0,0,,71,Dunedin City,Unknown,,,,,0,0,Urban,1,,,Fine,Null
1884168,5825203,1311,,536831,0,,0,1,,Null,2008/2009,SH 2,MATAPIHI ROAD,,Non-Injury Crash,Yes,2009,,East,,0,,Flat,,,,,,Bright sun,1204403,0,0,0,4,,,0,,,,,,Bay of Plenty Region,Nil,2-way,Sealed,,0,0,,70,,Null,0,0,,23,Tauranga City,Give way,,,,,0,0,Urban,1,,,Fine,Null
1756277,5918199,1312,,515600,0,,0,1,,Null,2008/2009,DOMINION ROAD,DOMINION ON SBD,,Non-Injury Crash,No,2009,,West,,0,,Flat,,,,,,Overcast,544301,0,0,0,2,,,0,,,,,,Auckland Region,Nil,2-way,Sealed,,0,0,,50,,Off,1,0,,76,Auckland,Give way,,,,,0,0,Urban,0,,,Light rain,Null
1779313,5893524,1313,,521301,0,0,0,1,0,West,2008/2009,MIDDLETON ROAD,HUNUA ROAD,,Non-Injury Crash,No,2009,0,West,0,0,1,Hill Road,0,,0,,0,Dark,816404,0,0,0,2,0,0,0,0,0,,0,0,Auckland Region,Nil,2-way,Sealed,0,0,0,0,100,0,None,0,0,,76,Auckland,Nil,0,0,0,0,0,0,Open,0,0,0,Mist or Fog,Null
1817984,5827879,1314,,534500,0,0,0,1,0,West,2009/2010,PIAKO ROAD,MATUKU ROAD,,Non-Injury Crash,No,2009,0,East,1,0,0,Flat,0,,0,,0,Dark,1090600,0,0,0,2,0,0,0,0,0,,0,0,Waikato Region,Nil,2-way,Unsealed,0,0,0,0,100,0,None,0,0,30,15,Matamata-Piako District,Nil,0,0,0,0,0,0,Open,0,0,0,Fine,Null
1879455,5824137,1315,,538201,0,,0,2,,Null,2009/2010,DEVONPORT ROAD,ELIZABETH ST,,Non-Injury Crash,No,2009,,North,,0,,Flat,,,,,,Unknown,1164900,0,0,0,2,,,0,,,,,,Bay of Plenty Region,Nil,2-way,Sealed,,0,0,,50,,Off,0,0,,23,Tauranga City,Traffic Signals,,,,,0,0,Urban,0,,,Null,Null
1767608,5905994,1316,,523601,0,,0,2,,South,2008/2009,PIAKO ST,FLAT BUSH ROAD,,Non-Injury Crash,No,2009,,South,,0,,Flat,,,,,,Twilight,706900,0,0,0,2,,,0,,,,,,Auckland Region,Nil,2-way,Sealed,,0,0,,50,,Off,0,0,,76,Auckland,Nil,,,,,0,0,Urban,0,,,Fine,Null
1815479,5801726,1317,,527931,0,0,0,1,0,Null,2008/2009,LAMB ST,LAMB STREET,,Non-Injury Crash,No,2009,0,North,1,0,0,Flat,0,,0,,0,Dark,987902,0,0,0,2,0,0,0,0,0,,0,0,Waikato Region,Nil,2-way,Sealed,0,0,0,0,100,0,On,0,0,,17,Waipa District,Stop,0,0,0,0,0,0,Open,0,0,0,Fine,Null
1800847,5816627,1318,,529900,0,0,0,2,0,West,2008/2009,BOUNDARY ROAD,OAKLEY AVENUE,,Non-Injury Crash,No,2009,0,East,0,0,0,Flat,0,,0,,0,Bright sun,863700,0,0,0,3,0,0,0,0,1,,0,0,Waikato Region,Nil,2-way,Sealed,0,0,0,0,50,0,Null,0,0,,16,Hamilton City,Unknown,0,0,0,0,0,0,Urban,0,0,0,Light rain,Null
1648243,6103704,1319,,500801,0,0,0,1,0,Null,2008/2009,SH 1N,MANGAMUKA CHURCH ROAD E,,Non-Injury Crash,Yes,2009,0,West,0,0,0,Flat,0,,0,,0,Dark,28100,0,0,0,2,0,0,0,0,0,,0,0,Northland Region,Nil,2-way,Sealed,0,0,0,0,100,0,None,0,0,,1,Far North District,Nil,0,0,0,0,0,0,Open,0,0,0,Fine,Null
1750062,5913046,1320,,511402,0,0,0,1,0,Null,2008/2009,ASTLEY AVENUE,ISLINGTON AVENUE,,Non-Injury Crash,No,2009,0,North,0,0,0,Hill Road,0,,0,,0,Dark,264800,0,0,0,2,0,0,0,0,0,,0,1,Auckland Region,Nil,2-way,Sealed,0,0,0,0,50,0,On,0,0,,76,Auckland,Nil,0,0,0,0,0,0,Urban,0,0,0,Fine,Null
1763404,5439742,1321,,569500,0,0,0,1,0,North,2008/2009,SH 2,HEBDEN CRESCENT N,,Non-Injury Crash,Yes,2009,0,North,0,0,0,Flat,1,,0,,0,Dark,1917410,0,0,0,2,0,0,0,0,0,,0,0,Wellington Region,Nil,2-way,Sealed,0,0,0,0,100,0,On,0,0,,46,Lower Hutt City,Nil,0,0,0,0,0,0,Open,0,0,0,Heavy rain,Strong wind
1748353,5427390,1322,,573000,0,,0,2,,Null,2009/2010,SH 1N,SOUTH PORTAL,,Non-Injury Crash,Yes,2009,,South,,0,,Hill Road,,,,,,Bright sun,2130600,0,0,0,2,,,0,,,,,,Wellington Region,Nil,2-way,Sealed,,0,0,,80,,Null,0,0,,47,Wellington City,Nil,,,,,0,0,Open,0,,,Fine,Null
1747481,5914715,1323,,511100,0,,0,2,,Null,2008/2009,GREAT NORTH ROAD,GLENVIEW ROAD,,Non-Injury Crash,No,2009,,West,,0,,Flat,,Christmas New Year,,,,Twilight,284800,0,0,0,4,,,0,,,,,,Auckland Region,Nil,2-way,Sealed,,0,0,,50,,Off,0,0,,76,Auckland,Traffic Signals,,,,,0,0,Urban,0,,,Fine,Null
1760983,5919863,1324,,516400,0,,0,3,,South,2009/2010,NGAPIPI ROAD,TAMAKI DRIVE,,Non-Injury Crash,No,2009,,South,,0,,Flat,,,,,,Overcast,496900,0,0,0,2,,,0,,,,,,Auckland Region,Nil,2-way,Sealed,,0,0,,50,,Null,0,0,,76,Auckland,Unknown,,,,,0,0,Urban,0,,,Light rain,Null
1770817,5898470,1325,,523912,0,,0,2,,Null,2009/2010,GREAT SOUTH ROAD,GRAHAM ROAD,,Non-Injury Crash,No,2009,,North,,0,,Flat,,,,,,Dark,767600,0,0,0,2,,,0,,,,,,Auckland Region,Nil,2-way,Sealed,,0,0,,50,,On,0,0,30,76,Auckland,Stop,,,,,0,0,Urban,0,,,Fine,Null
1756907,5913760,1326,,518701,0,,0,2,,West,2009/2010,MOUNT ALBERT ROAD,HILLSBOROUGH ROAD,,Non-Injury Crash,No,2009,,East,,0,,Hill Road,,,,,,Bright sun,569100,0,0,0,4,,,0,,,,,,Auckland Region,Nil,2-way,Sealed,,0,0,,50,,Off,0,0,,76,Auckland,Nil,,,,,0,0,Urban,0,,,Fine,Null
1764133,5904315,1327,,522100,0,,0,2,,Null,2009/2010,PUHINUI ROAD,PUHINUI ON SBD,,Non-Injury Crash,No,2009,,South,,0,,Hill Road,,,,,,Overcast,659100,0,0,0,2,,,0,,,,,,Auckland Region,Motorway ramp,2-way,Sealed,,0,0,,50,,Off,0,0,,76,Auckland,Traffic Signals,,,,,0,0,Urban,0,,,Fine,Null
1781952,5485402,1328,,564400,0,,0,1,,Null,2008/2009,SH 1N,ARTHUR ST,,Non-Injury Crash,Yes,2009,,South,,0,,Flat,,,,,,Overcast,1879200,0,0,0,2,,,0,,,,,,Wellington Region,Nil,2-way,Sealed,,0,0,,50,,Null,1,0,,43,Kapiti Coast District,Stop,,,,,0,0,Urban,0,,,Fine,Null
1997045,5669037,1329,,545302,0,,0,4,,Null,2008/2009,SH 2,HEREHERETAU ROAD,,Non-Injury Crash,Yes,2009,,East,,0,,Flat,,,,,,Overcast,1398500,0,0,0,2,,,0,,,,,,Hawke's Bay Region,Bridge,2-way,Sealed,,0,0,,100,,Null,1,0,,29,Wairoa District,Stop,,,,,1,0,Open,0,,,Fine,Null
1767770,5904304,1330,,524604,0,,0,3,,North,2008/2009,GREAT SOUTH ROAD,REDOUBT ROAD,,Non-Injury Crash,No,2009,,South,,0,,Flat,,,,,,Dark,780302,0,0,0,3,,,0,,,,,,Auckland Region,Nil,2-way,Sealed,,0,0,,50,,On,0,0,,76,Auckland,Traffic Signals,,,,,0,0,Urban,0,,,Light rain,Null
1757560,5926261,1331,,507900,0,,0,2,,Null,2009/2010,ESMONDE ROAD,BARRYS POINT ROAD,,Non-Injury Crash,No,2009,,West,,0,,Flat,,,,,,Bright sun,304200,0,0,0,2,,,0,,,,,,,Nil,2-way,Sealed,,0,0,,50,,Off,0,0,,76,Auckland,Traffic Signals,,,,,0,0,Urban,0,,,Fine,Null
1761835,5914717,1332,,520201,0,,0,1,,Null,2008/2009,MAIN HIGHWAY,ELLERSLIE-PANMURE HIGHWAY,,Non-Injury Crash,No,2009,,East,,0,,Flat,,,,,,Bright sun,611400,0,0,0,4,,,0,,,,,,Auckland Region,Nil,2-way,Sealed,,0,0,,50,,Off,1,0,,76,Auckland,Traffic Signals,,,,,0,0,Urban,0,,,Fine,Null
1719527,6047573,1333,,502600,0,,0,2,,East,2008/2009,KENSINGTON AVENUE,DAVIES ST,,Non-Injury Crash,No,2009,,East,,0,,Flat,,,,,,Bright sun,95100,0,0,0,2,,,0,,,,,,Northland Region,Nil,2-way,Sealed,,0,0,,50,,Off,0,0,,2,Whangarei District,Nil,,,,,0,0,Urban,0,,,Fine,Null
1752068,5915664,1334,,517901,0,,0,1,,Null,2009/2010,NEW NORTH ROAD,ENNISMORE ROAD,,Non-Injury Crash,No,2009,,West,,0,,Flat,,,,,,Bright sun,523800,0,0,0,4,,,0,,,,,,Auckland Region,Nil,2-way,Sealed,,0,0,,50,,Off,0,0,,76,Auckland,Traffic Signals,,,,,0,0,Urban,1,,,Fine,Null
1768699,5914069,1335,,522723,0,,0,2,,West,2009/2010,PAKURANGA ROAD,CASCADES ROAD,,Non-Injury Crash,No,2009,,West,,0,,Flat,,,,,,Bright sun,681600,0,0,0,4,,,0,,,,,,Auckland Region,Nil,2-way,Sealed,,0,0,,60,,Off,0,0,,76,Auckland,Nil,,,,,0,0,Urban,0,,,Fine,Null
1692853,5676232,1336,,551800,0,0,0,2,0,East,2008/2009,DEVON ST WEST,BROUGHAM ST,,Non-Injury Crash,No,2009,0,West,0,0,0,Flat,0,,0,,0,Overcast,1592600,0,0,0,2,0,0,0,0,1,,0,0,Taranaki Region,Nil,2-way,Sealed,0,0,0,0,50,0,Null,0,0,,33,New Plymouth District,Nil,0,0,0,0,0,0,Urban,0,0,0,Fine,Null
1776524,5881127,1337,,521160,0,0,0,1,0,South,2009/2010,SH 1N,MILL OBR,,Non-Injury Crash,Yes,2009,0,South,0,0,0,Flat,1,,0,,0,Overcast,827800,0,0,0,4,0,0,0,0,0,,0,0,Auckland Region,Nil,2-way,Sealed,0,0,0,0,100,0,Null,0,0,,76,Auckland,Unknown,0,0,0,0,0,0,Open,0,0,0,Fine,Null
1768090,5469942,1338,,566000,0,0,0,2,0,West,2008/2009,KAPITI ROAD,ARKO PLACE,,Non-Injury Crash,No,2009,0,West,0,0,0,Flat,0,,0,,0,Overcast,2003602,0,0,0,2,0,0,0,0,1,,0,0,Wellington Region,Nil,2-way,Sealed,0,0,0,0,70,0,Null,1,0,,43,Kapiti Coast District,Nil,0,0,0,0,0,0,Urban,0,0,0,Fine,Null
1754573,5933149,1339,,508805,0,0,0,1,0,East,2008/2009,ROSEDALE ROAD,MANA LANE,,Non-Injury Crash,No,2009,0,East,0,0,0,Hill Road,0,,0,,0,Dark,180867,0,0,0,2,0,0,0,0,1,,0,0,Auckland Region,Nil,2-way,Sealed,0,0,0,0,50,0,On,0,0,,76,Auckland,Nil,0,0,0,0,0,0,Urban,1,0,0,Fine,Null
1745342,5917395,1340,,510800,0,,0,2,,Null,2008/2009,GREAT NORTH ROAD,ALDERMAN DRIVE,,Non-Injury Crash,No,2009,,South,,0,,Hill Road,,,,,,Twilight,241600,0,0,0,2,,,0,,,,,,Auckland Region,Nil,2-way,Sealed,,0,0,,50,,None,0,0,,76,Auckland,Nil,,,,,0,0,Urban,0,,,Fine,Null
1252956,4922578,1341,,610020,0,,0,2,,West,2009/2010,LONGRIDGE ROAD,BIGGAR ROAD,,Minor Crash,No,2009,,East,,0,,Hill Road,,,,,,Overcast,3044700,2,0,0,2,,,0,,,,,,Southland Region,Nil,2-way,Sealed,,0,0,,100,,Null,0,0,,73,Southland District,Nil,,,,,0,0,Open,0,,,Fine,Null
1748663,5427174,1342,,573101,0,0,0,1,0,West,2008/2009,GHUZNEE ST,CUBA ST,,Non-Injury Crash,No,2009,0,East,0,0,0,Flat,0,,0,,0,Bright sun,2131500,0,0,1,2,0,0,0,0,1,,0,0,Wellington Region,Nil,2-way,Sealed,0,0,0,0,50,0,Null,0,0,,47,Wellington City,Nil,0,0,0,0,0,0,Urban,0,0,0,Fine,Null
1776298,5581684,1343,,557300,0,0,0,1,0,North,2009/2010,PATERSON ST,TE MANA PLACE,,Non-Injury Crash,No,2009,0,South,0,0,0,Flat,0,Labour Weekend,0,,0,Bright sun,1709500,0,0,0,2,0,0,0,0,1,,0,0,Manawatū-Whanganui Region,Nil,2-way,Sealed,0,0,0,0,50,0,Null,0,0,,37,Whanganui District,Nil,0,0,0,0,0,0,Urban,1,0,0,Fine,Null
1767824,5904778,1344,,524604,0,,0,3,,South,2008/2009,SH 1N,TE IRIRANGI OBR,,Non-Injury Crash,Yes,2009,,North,,0,,Flat,,,,,,Twilight,780302,0,0,0,3,,,0,,,,,,Auckland Region,Nil,1-way,Sealed,,0,0,,100,,On,0,0,,76,Auckland,Nil,,,,,0,0,Open,0,,,Fine,Null
1773922,5579110,1345,,557200,0,0,0,0,0,Null,2008/2009,NGAPUHI ST,NGAPUHI ROAD,,Non-Injury Crash,No,2009,0,West,0,0,0,Flat,0,,0,,0,Bright sun,1705700,0,0,0,2,0,0,0,0,0,,0,0,Manawatū-Whanganui Region,Nil,2-way,Sealed,0,0,0,0,50,0,Null,1,0,,37,Whanganui District,Give way,0,0,0,1,0,0,Urban,1,0,0,Fine,Null
1772625,5894194,1346,,525530,0,0,0,2,0,North,2009/2010,GREAT SOUTH ROAD,COULTHARD TERRACE,,Non-Injury Crash,No,2009,0,South,0,0,0,Flat,0,,0,,0,Overcast,804500,0,0,0,2,0,0,0,0,0,,0,0,Auckland Region,Nil,2-way,Sealed,0,0,0,0,50,0,Off,0,0,,76,Auckland,Nil,0,0,0,0,0,0,Urban,0,1,0,Light rain,Null
1755397,5928939,1347,,508320,0,,0,2,,South,2009/2010,WAIRAU ROAD,TRISTRAM AVENUE,,Non-Injury Crash,No,2009,,North,,0,,Flat,,,,,,Bright sun,198600,0,0,0,4,,,0,,,,,,Auckland Region,Nil,2-way,Sealed,,0,0,,50,,Off,0,0,,76,Auckland,Nil,,,,,0,0,Urban,0,,,Fine,Null
1754567,5920805,1348,,515301,0,,0,2,,Null,2008/2009,JERVOIS ROAD,KELMARNA AVENUE,,Non-Injury Crash,No,2009,,East,,0,,Flat,,,,,,Overcast,426400,0,0,0,4,,,0,,,,,,Auckland Region,Nil,2-way,Sealed,,0,0,,50,,Off,0,0,,76,Auckland,Traffic Signals,,,,,0,0,Urban,0,,,Fine,Null
1764252,5439648,1349,,568201,0,,0,2,,West,2009/2010,TOCKER ST,MOLESWORTH ST,,Non-Injury Crash,No,2009,,East,,0,,Flat,,Labour Weekend,,,,Bright sun,1936100,0,0,0,2,,,0,,,,,,Wellington Region,Nil,2-way,Sealed,,0,0,,50,,Null,0,0,,46,Lower Hutt City,Nil,,,,,0,0,Urban,0,,,Fine,Null