X,Y,OBJECTID,advisorySpeed,areaUnitID,bicycle,bridge,bus,carStationWagon,cliffBank,crashDirectionDescription,crashFinancialYear,crashLocation1,crashLocation2,crashRoadSideRoad,crashSeverity,crashSHDescription,crashYear,debris,directionRoleDescription,ditch,fatalCount,fence,flatHill,guardRail,holiday,houseOrBuilding,intersection,kerb,light,meshblockId,minorInjuryCount,moped,motorcycle,NumberOfLanes,objectThrownOrDropped,otherObject,otherVehicleType,overBank,parkedVehicle,pedestrian,phoneBoxEtc,postOrPole,region,roadCharacter,roadLane,roadSurface,roadworks,schoolBus,seriousInjuryCount,slipOrFlood,speedLimit,strayAnimal,streetLight,suv,taxi,temporarySpeedLimit,tlaId,tlaName,trafficControl,trafficIsland,trafficSign,train,tree,truck,unknownVehicleType,urban,vanOrUtility,vehicle,waterRiver,weatherA,weatherB
1754264,5928744,1350,35,508320,0,0,0,2,0,North,2008/2009,NORMANTON ST,WELDENE AVENUE,,Non-Injury Crash,No,2009,0,South,0,0,0,Flat,0,,0,,0,Dark,197801,0,0,0,2,0,1,0,0,1,,0,0,Auckland Region,Nil,2-way,Sealed,0,0,0,0,50,0,On,0,0,,76,Auckland,Nil,0,0,0,0,0,0,Urban,0,0,0,Fine,Null
1724658,5943570,1351,,506642,0,0,0,1,1,South,2008/2009,EVANS ROAD,SOUTH HEAD ROAD,,Non-Injury Crash,No,2009,0,South,0,0,0,Flat,0,,0,,0,Bright sun,210600,0,0,0,2,0,0,0,0,0,,0,0,Auckland Region,Nil,2-way,Unsealed,0,0,0,0,100,0,None,0,0,,76,Auckland,Nil,0,0,0,0,0,0,Open,0,0,0,Fine,Null
1906211,5784183,1352,,538820,0,0,0,1,0,North,2008/2009,SH 30,TAMATEA ST,,Non-Injury Crash,Yes,2009,0,North,0,0,0,Flat,0,,0,,0,Bright sun,1253100,0,0,0,2,0,0,0,0,0,,0,0,Bay of Plenty Region,Nil,2-way,Sealed,0,0,0,0,100,0,Null,0,0,,24,Rotorua District,Unknown,0,0,0,1,0,0,Open,0,0,0,Fine,Frost
1768806,5910548,1353,,523112,0,,0,2,,North,2008/2009,HARRIS ROAD,NEALES ROAD,,Non-Injury Crash,No,2009,,North,,0,,Flat,,,,,,Overcast,711701,0,0,0,4,,,0,,,,,,Auckland Region,Nil,2-way,Sealed,,0,0,,60,,Off,0,0,,76,Auckland,Give way,,,,,0,0,Urban,0,,,Light rain,Null
1876114,5819934,1354,,537601,0,,1,1,,Null,2008/2009,CHADWICK ROAD,CAMERON ROAD,,Non-Injury Crash,No,2009,,West,,0,,Flat,,,,,,Bright sun,1176500,0,0,0,4,,,0,,,,,,Bay of Plenty Region,Nil,2-way,Sealed,,0,0,,50,,Null,0,0,,23,Tauranga City,Give way,,,,,0,0,Urban,0,,,Fine,Null
1757422,5921009,1355,,514101,0,0,1,0,0,North,2009/2010,LOWER ALBERT ST,CUSTOMS ST WEST,,Non-Injury Crash,No,2009,0,North,0,0,0,Flat,0,,0,,0,Overcast,432800,0,0,0,6,0,0,0,0,0,,0,0,Auckland Region,Nil,2-way,Sealed,0,0,0,0,50,0,Null,0,0,,76,Auckland,Unknown,0,0,0,0,0,0,Urban,1,1,0,Mist or Fog,Null
1750900,5424414,1356,,576901,0,,0,2,,Null,2008/2009,TROY ST,SH 1N,,Non-Injury Crash,No,2009,,North,,0,,Flat,,,,,,Dark,2176800,0,0,0,2,,,0,,,,,,Wellington Region,Nil,2-way,Sealed,,0,0,,50,,On,0,0,,47,Wellington City,Give way,,,,,0,0,Urban,0,,,Fine,Null
1783754,5926681,1357,,520801,0,0,0,1,1,East,2009/2010,SEA VIEW ROAD,ERUA ROAD,,Non-Injury Crash,No,2009,0,South,0,0,0,Hill Road,0,,0,,0,Dark,515203,0,0,0,1,0,0,0,0,0,,0,0,Auckland Region,Nil,2-way,Sealed,0,0,0,0,50,0,None,0,0,,76,Auckland,Nil,0,0,0,0,0,0,Urban,0,0,0,Light rain,Null
1764016,5905056,1358,,522100,0,0,0,2,0,West,2009/2010,PAH ROAD,HILLSIDE ROAD,,Non-Injury Crash,No,2009,0,North,0,0,0,Flat,0,,0,,0,Dark,658600,0,0,0,2,0,0,0,0,1,,0,0,Auckland Region,Nil,2-way,Sealed,0,0,0,0,50,0,On,0,0,,76,Auckland,Traffic Signals,0,0,0,0,0,0,Urban,0,0,0,Fine,Null
1764051,5913619,1359,,520500,0,,0,1,,West,2008/2009,WAIPUNA ROAD,CARBINE ROAD,,Non-Injury Crash,No,2009,,West,,0,,Flat,,,,,,Bright sun,638700,0,0,0,4,,,0,,,,,,Auckland Region,Bridge,2-way,Sealed,,0,0,,80,,None,0,0,,76,Auckland,Nil,,,,,0,0,Open,1,,,Fine,Null
1881167,5821860,1360,85,536505,0,,0,2,,Null,2009/2010,SH 29,MAUNGATAPU BR,,Non-Injury Crash,Yes,2009,,North,,0,,Flat,,,,,,Bright sun,1205401,0,0,0,2,,,0,,,,,,,Bridge,2-way,Sealed,,0,0,,100,,Null,0,0,,23,Tauranga City,Unknown,,,,,0,0,Open,0,,,Fine,Null
1750117,5911650,1361,,512100,0,0,0,2,0,East,2008/2009,GODLEY ROAD,BISHOP ST,,Non-Injury Crash,No,2009,0,West,0,0,0,Flat,0,,0,,0,Twilight,289400,0,0,0,1,0,0,0,0,1,,0,0,Auckland Region,Nil,2-way,Sealed,0,0,0,0,50,0,Off,0,0,,76,Auckland,Nil,0,0,0,0,0,0,Urban,0,0,0,Fine,Null
1765622,5907029,1362,,522301,0,,0,2,,East,2009/2010,EAST TAMAKI ROAD,GREAT SOUTH ROAD,,Non-Injury Crash,No,2009,,West,,0,,Flat,,,,,,Bright sun,666200,0,0,0,4,,,0,,,,,,Auckland Region,Nil,2-way,Sealed,,0,0,,50,,Null,0,0,,76,Auckland,Unknown,,,,,0,0,Urban,0,,,Fine,Null
1749772,5914526,1363,,511303,0,,0,1,,West,2009/2010,RATA ST,BINSTED ROAD,,Non-Injury Crash,No,2009,,East,,0,,Flat,,,,,,Overcast,266401,0,0,0,4,,,0,,,,,,Auckland Region,Nil,2-way,Sealed,,0,0,,50,,None,0,0,,76,Auckland,Nil,,,,,0,0,Urban,1,,,Null,Frost
1791882,5721234,1364,,531800,0,0,0,1,0,South,2009/2010,SH 4,TAKIRI ROAD S,,Non-Injury Crash,Yes,2009,0,North,0,0,1,Flat,0,,0,,0,Overcast,1014100,0,0,0,2,0,0,0,0,0,,0,0,Waikato Region,Bridge,2-way,Sealed,0,0,0,0,100,0,On,0,0,,20,Waitomo District,Nil,0,0,0,0,0,0,Open,0,0,0,Fine,Null
1757519,5920901,1365,,514103,0,,0,2,,East,2008/2009,CUSTOMS ST EAST,QUEEN ST,,Non-Injury Crash,No,2009,,West,,0,,Flat,,,,,,Dark,438000,0,0,0,3,,,0,,,,,,Auckland Region,Nil,2-way,Sealed,,0,0,,50,,On,0,0,,76,Auckland,Traffic Signals,,,,,0,0,Urban,0,,,Fine,Null
1773067,5879524,1366,,521131,0,0,0,0,0,South,2008/2009,HARRISVILLE ROAD,LOGAN ROAD,,Non-Injury Crash,No,2009,0,North,0,0,1,Hill Road,0,,0,,0,Dark,827901,0,0,0,2,0,0,0,0,0,,0,0,Waikato Region,Nil,2-way,Sealed,0,0,0,0,100,0,None,1,0,,13,Waikato District,Nil,0,0,0,0,0,0,Open,0,0,0,Fine,Null
1789220,5754873,1367,,532000,0,0,0,1,0,South,2008/2009,RORA ST,KING ST,,Non-Injury Crash,No,2009,0,North,0,0,0,Flat,0,,0,,0,Dark,1005500,0,0,0,2,0,0,0,0,1,,0,0,Waikato Region,Nil,2-way,Sealed,0,0,0,0,50,0,On,0,0,,20,Waitomo District,Unknown,0,0,0,0,0,0,Urban,1,0,0,Fine,Null
1745101,5919773,1368,,513301,0,,0,1,,East,2008/2009,UNIVERSAL DRIVE,TUDOR ROAD,,Non-Injury Crash,No,2009,,West,,0,,Flat,,,,,,Overcast,232001,0,0,0,2,,,0,,,,,,Auckland Region,Nil,2-way,Sealed,,0,0,,50,,Off,0,0,,76,Auckland,Nil,,,,,0,0,Urban,1,,,Fine,Null
1852818,5903164,1369,60,533603,0,,0,1,,North,2009/2010,SH 25,OCEAN BEACH ROAD,,Non-Injury Crash,Yes,2009,,South,,0,,Hill Road,,,,,,Dark,1059209,0,0,0,2,,,0,,,,,,Waikato Region,Nil,2-way,Sealed,,0,0,,100,,None,0,0,,11,Thames-Coromandel District,Unknown,,,,,0,0,Open,0,,,Fine,Null
1750734,5874753,1370,,521153,0,0,0,0,1,Null,2009/2010,KARIOITAHI ROAD,PARK ROAD,,Non-Injury Crash,No,2009,0,East,0,0,0,Flat,0,,0,,0,Overcast,831601,0,0,0,2,0,0,0,0,0,,0,0,Waikato Region,Nil,2-way,Sealed,0,0,0,0,100,0,None,1,0,,13,Waikato District,Nil,0,0,0,0,0,0,Open,0,0,0,Light rain,Null
1753620,5928057,1371,,508310,1,,1,0,,South,2009/2010,GLENFIELD ROAD,BENTLEY AVENUE,,Non-Injury Crash,No,2009,,South,,0,,Flat,,,,,,Bright sun,200000,0,0,0,6,,,0,,,,,,Auckland Region,Nil,2-way,Sealed,,0,0,,50,,Off,0,0,,76,Auckland,Traffic Signals,,,,,0,0,Urban,0,,,Fine,Null
1800783,5815697,1372,,529700,0,,0,0,,Null,2009/2010,VICTORIA ST,BRYCE LANE,,Non-Injury Crash,No,2009,,South,,0,,Flat,,,,,,Bright sun,910500,0,0,0,2,,,0,,,,,,Waikato Region,Nil,2-way,Sealed,,0,0,,50,,Null,0,0,,16,Hamilton City,Nil,,,,,0,0,Urban,2,,,Fine,Null
1738970,5928777,1373,,505602,0,,0,0,,East,2008/2009,SH 16,ACCESS ROAD,,Non-Injury Crash,Yes,2009,,East,,0,,Flat,,,,,,Bright sun,214102,0,0,0,2,,,0,,,,,,Auckland Region,Nil,2-way,Sealed,,0,0,,50,,Null,0,0,,76,Auckland,Traffic Signals,,,,,1,0,Urban,1,,,Fine,Null
1875772,5807579,1374,,536630,0,0,1,0,0,East,2008/2009,OROPI GORGE ROAD,SH 36,,Non-Injury Crash,No,2009,0,South,0,0,0,Hill Road,0,,0,,0,Bright sun,1192900,0,0,0,1,0,1,0,1,0,,0,0,Bay of Plenty Region,Nil,2-way,Sealed,0,0,0,0,100,0,Null,0,0,,22,Western Bay of Plenty District,Unknown,0,0,0,0,0,0,Open,0,0,0,Fine,Null
1763352,5912781,1375,,520500,0,,0,3,,North,2008/2009,SH 1N,MT WGTN OBR,,Non-Injury Crash,Yes,2009,,North,,0,,Flat,,,,,,Twilight,637300,0,0,0,3,,,0,,,,,,Auckland Region,Nil,1-way,Sealed,,0,0,,100,,On,0,0,,76,Auckland,Nil,,,,,0,0,Open,0,,,Heavy rain,Null
1766487,5916221,1376,,517100,0,0,0,2,0,North,2009/2010,RIVERSIDE AVENUE,ANDERSON AVENUE,,Non-Injury Crash,No,2009,0,East,0,0,0,Flat,0,Christmas New Year,0,,0,Bright sun,479100,0,0,0,2,0,0,0,0,1,,0,0,Auckland Region,Nil,2-way,Sealed,0,0,0,0,50,0,Off,0,0,,76,Auckland,Nil,0,0,0,0,0,0,Urban,0,0,0,Fine,Null
1752495,5925894,1377,,510220,0,0,0,2,0,South,2009/2010,VERBENA ROAD,CASTLETON ST,,Non-Injury Crash,No,2009,0,North,0,0,0,Flat,0,,0,,0,Dark,350205,0,0,0,2,0,0,0,0,1,,0,0,Auckland Region,Nil,2-way,Sealed,0,0,0,0,50,0,On,0,0,,76,Auckland,Nil,0,0,0,0,0,0,Urban,0,0,0,Fine,Null
1756057,5926691,1378,,508620,0,,0,2,,South,2009/2010,AKORANGA DRIVE,NORTHCOTE ROAD,,Non-Injury Crash,No,2009,,North,,0,,Flat,,,,,,Bright sun,204702,0,0,0,2,,,0,,,,,,Auckland Region,Nil,2-way,Sealed,,0,0,,50,,Off,0,0,,76,Auckland,Nil,,,,,0,0,Urban,0,,,Null,Null
1750186,5914259,1379,,511303,0,,0,2,,West,2008/2009,GREAT NORTH ROAD,VERONICA ST,,Non-Injury Crash,No,2009,,West,,0,,Flat,,,,,,Bright sun,266100,0,0,0,4,,,0,,,,,,Auckland Region,Nil,2-way,Sealed,,0,0,,50,,Off,0,0,,76,Auckland,Nil,,,,,0,0,Urban,0,,,Fine,Null
1800725,5813096,1380,,529100,0,,0,1,,East,2009/2010,PEMBROKE ST,OHAUPO ROAD,,Non-Injury Crash,No,2009,,West,,0,,Hill Road,,,,,,Twilight,932400,0,0,0,2,,,0,,,,,,Waikato Region,Nil,2-way,Sealed,,0,0,,50,,Off,0,0,,16,Hamilton City,Stop,,,,,0,0,Urban,1,,,Light rain,Null
1758496,5918796,1381,,517400,0,0,0,1,0,Null,2008/2009,GEORGE ST,TITOKI ST,,Non-Injury Crash,No,2009,0,East,0,0,0,Flat,0,,0,,0,Bright sun,450600,0,0,0,2,0,0,0,0,1,,0,0,Auckland Region,Nil,2-way,Sealed,0,0,0,0,50,0,Off,0,0,,76,Auckland,Nil,0,0,0,0,0,0,Urban,1,0,0,Fine,Null
1882185,5819216,1382,,538303,0,0,0,1,1,North,2009/2010,WAIKITE ROAD,GALAXY PLACE,,Non-Injury Crash,No,2009,0,North,0,0,0,Hill Road,0,,0,,0,Dark,1206315,0,0,0,2,0,0,0,1,0,,0,0,Bay of Plenty Region,Nil,2-way,Sealed,0,0,0,0,50,0,On,0,0,,23,Tauranga City,Unknown,0,0,0,0,0,0,Urban,0,0,0,Mist or Fog,Null
1756793,5918844,1383,,514200,0,,0,2,,West,2009/2010,NEWTON ROAD,EXMOUTH ST,,Non-Injury Crash,No,2009,,East,,0,,Hill Road,,,,,,Overcast,412500,0,0,0,4,,,0,,,,,,Auckland Region,Nil,2-way,Sealed,,0,0,,50,,Off,0,0,,76,Auckland,Nil,,,,,0,0,Urban,0,,,Fine,Null
1748929,5425122,1384,,576400,0,,0,2,,Null,2008/2009,RIDDIFORD ST,RINTOUL ST,,Non-Injury Crash,No,2009,,North,,0,,Flat,,,,,,Twilight,2166900,0,0,0,3,,,0,,,,,,Wellington Region,Nil,2-way,Sealed,,0,0,,40,,Off,0,0,,47,Wellington City,Traffic Signals,,,,,0,0,Urban,0,,,Fine,Null
1763609,5429482,1385,,565300,0,,0,2,,Null,2008/2009,MAIN ROAD,MOOHAN ST,,Non-Injury Crash,No,2009,,North,,0,,Flat,,,,,,Overcast,2023600,0,0,0,2,,,0,,,,,,Wellington Region,Nil,2-way,Sealed,,0,0,,50,,Null,0,0,,46,Lower Hutt City,Give way,,,,,0,0,Urban,0,,,Fine,Null
1764562,5814194,1386,,526500,0,,0,1,,West,2008/2009,NORRIE AVENUE,JOHNSON DRIVE,,Non-Injury Crash,No,2009,,West,,0,,Hill Road,,,,,,Dark,854700,0,0,0,2,,,0,,,,,,Waikato Region,Nil,2-way,Sealed,,0,0,,50,,On,0,0,,13,Waikato District,Nil,,,,,0,0,Urban,0,,,Mist or Fog,Null
1759454,5910284,1387,80,524002,0,,0,1,,North,2008/2009,SH 20,RIMU OBR,,Non-Injury Crash,Yes,2009,,South,,0,,Flat,,,,,,Bright sun,722400,0,0,0,2,,,0,,,,,,Auckland Region,Nil,2-way,Sealed,,0,0,,100,,Null,0,0,,76,Auckland,Unknown,,,,,0,0,Open,1,,,Fine,Null
1749612,5932959,1388,55,509000,0,0,0,1,0,South,2008/2009,PAREMOREMO ROAD,SMITHFIELD AVENUE,,Non-Injury Crash,No,2009,0,North,1,0,0,Hill Road,0,,0,,0,Overcast,179305,0,0,0,2,0,0,0,0,0,,0,0,Auckland Region,Nil,2-way,Sealed,0,0,0,0,80,0,Null,0,0,,76,Auckland,Unknown,0,0,0,0,0,0,Open,0,0,0,Light rain,Null
1747280,5919581,1389,,512402,0,,0,1,,Null,2008/2009,TE ATATU ON WBD,TE ATATU ROAD,,Non-Injury Crash,No,2009,,South,,0,,Hill Road,,,,,,Overcast,253700,0,0,0,2,,,0,,,,,,Auckland Region,Motorway ramp,1-way,Sealed,,0,0,,50,,Off,0,0,,76,Auckland,Traffic Signals,,,,,0,0,Urban,0,,,Fine,Null
1719977,6048810,1390,,502202,0,,0,2,,North,2009/2010,KIRIPAKA ROAD,PARANUI VALLEY ROAD,,Non-Injury Crash,No,2009,,South,,0,,Hill Road,,,,,,Dark,88301,0,0,0,2,,,0,,,,,,Northland Region,Nil,2-way,Sealed,,0,0,,50,,On,0,0,,2,Whangarei District,Unknown,,,,,0,0,Urban,0,,,Light rain,Null
1839949,5604053,1391,,559400,0,0,0,1,0,Null,2009/2010,KUKU ST,ROBIN ST,,Non-Injury Crash,No,2009,0,North,0,0,0,Flat,0,,1,,0,Overcast,1750200,0,0,0,2,0,0,0,0,0,,0,0,Manawatū-Whanganui Region,Nil,2-way,Sealed,0,0,0,0,50,0,Null,0,0,,38,Rangitikei District,Nil,0,0,0,0,0,0,Urban,0,0,0,Fine,Null
1748348,5426708,1392,,573200,0,0,0,2,0,South,2009/2010,THOMPSON ST,WEBB ST,,Non-Injury Crash,No,2009,0,North,0,0,0,Flat,0,,0,,0,Bright sun,2159602,0,0,0,2,0,0,0,0,1,,0,0,Wellington Region,Nil,2-way,Sealed,0,0,0,0,50,0,Null,0,0,,47,Wellington City,Nil,0,0,0,0,0,0,Urban,0,0,0,Fine,Null
1811993,5774845,1393,,531304,0,,0,0,,Null,2009/2010,WHAREPUHUNGA ROAD,LETHBRIDGE ROAD,,Non-Injury Crash,No,2009,,West,,0,,Flat,,,,,,Dark,999900,0,0,0,2,,,0,,,,,,Waikato Region,Nil,2-way,Unsealed,,0,0,,100,,On,0,0,,18,Ōtorohanga District,Give way,,,,,0,0,Open,1,,,Fine,Null
1899678,5810375,1394,,536651,0,0,0,1,0,West,2008/2009,SH 2,RAIL XING,,Non-Injury Crash,Yes,2009,0,West,0,0,1,Flat,0,,0,,0,Bright sun,1211000,0,0,0,2,0,0,0,0,0,,0,0,Bay of Plenty Region,Nil,2-way,Sealed,0,0,0,0,100,0,Null,0,0,,22,Western Bay of Plenty District,Unknown,0,0,0,0,0,0,Open,0,0,0,Fine,Null
1761637,5914103,1395,,520202,0,0,0,1,0,South,2009/2010,SH 1N,PENROSE INT S,,Non-Injury Crash,Yes,2009,0,South,0,0,0,Flat,1,,0,,0,Dark,612800,0,0,0,3,0,0,0,0,0,,0,0,Auckland Region,Nil,1-way,Sealed,0,0,0,0,100,0,On,0,0,,76,Auckland,Nil,0,0,0,0,0,0,Open,0,0,0,Fine,Null
1819487,5828159,1396,,534500,0,0,0,1,0,East,2009/2010,SH 26,PIAKO ROAD,,Non-Injury Crash,Yes,2009,0,West,0,0,0,Flat,0,,0,,0,Overcast,1090700,0,0,0,2,0,0,0,0,0,,0,1,Waikato Region,Nil,2-way,Sealed,0,0,0,0,100,0,Null,0,0,,15,Matamata-Piako District,Unknown,0,0,0,0,0,0,Open,0,0,0,Fine,Null
1482357,5249919,1397,35,585315,0,,0,1,,East,2008/2009,SH 73,PEGLEG CRK BR,,Minor Crash,Yes,2009,,South,,0,,Hill Road,,,,,,Bright sun,2422700,1,0,1,2,,,0,,,,,,West Coast Region,Nil,2-way,Sealed,,0,0,,100,,Null,0,0,,57,Westland District,Unknown,,,,,0,0,Open,0,,,Fine,Null
1757344,5913657,1398,,518702,0,0,0,3,0,East,2009/2010,MOUNT ALBERT ROAD,PEET AVENUE,,Non-Injury Crash,No,2009,0,East,0,0,0,Flat,0,,0,,0,Bright sun,567600,0,0,0,4,0,0,0,0,0,,0,0,Auckland Region,Nil,2-way,Sealed,0,0,0,0,50,0,Off,0,0,,76,Auckland,Nil,0,0,0,0,0,0,Urban,0,1,0,Fine,Null
1768473,5901380,1399,,525001,0,0,0,1,0,South,2009/2010,GREAT SOUTH ROAD,KELVYN GROVE,,Non-Injury Crash,No,2009,0,North,0,0,1,Hill Road,0,,0,,0,Bright sun,751500,0,0,0,3,0,0,0,0,0,,0,0,Auckland Region,Nil,2-way,Sealed,0,0,0,0,50,0,Off,0,0,,76,Auckland,Nil,0,0,0,0,0,0,Urban,0,0,0,Fine,Null
1759004,5912421,1400,,519820,0,,0,2,,Null,2008/2009,ONEHUNGA MALL,ARTHUR ST,,Non-Injury Crash,No,2009,,North,,0,,Flat,,,,,,Overcast,601000,0,0,0,2,,,0,,,,,,Auckland Region,Nil,2-way,Sealed,,0,0,,50,,Off,0,0,,76,Auckland,Give way,,,,,0,0,Urban,0,,,Light rain,Null
1766652,5912912,1401,,522920,0,,0,2,,East,2009/2010,PAKURANGA HIGHWAY,REEVES ROAD,,Non-Injury Crash,No,2009,,West,,0,,Flat,,,,,,Dark,683800,0,0,0,4,,,0,,,,,,Auckland Region,Nil,2-way,Sealed,,0,0,,50,,On,0,0,,76,Auckland,Traffic Signals,,,,,0,0,Urban,0,,,Light rain,Null
1759181,5916763,1402,,516001,0,,0,3,,North,2008/2009,SH 1N,MARKET OBR,,Non-Injury Crash,Yes,2009,,North,,0,,Flat,,,,,,Bright sun,491200,0,0,0,3,,,0,,,,,,Auckland Region,Nil,1-way,Sealed,,0,0,,100,,Off,0,0,,76,Auckland,Nil,,,,,0,0,Open,0,,,Fine,Null
1765903,5919741,1403,,516700,1,,0,1,,North,2009/2010,SYLVIA ROAD,YATTENDON ROAD,,Non-Injury Crash,No,2009,,South,,0,,Hill Road,,,,,,Twilight,509600,0,0,0,1,,,0,,,,,,Auckland Region,Nil,2-way,Sealed,,0,0,,50,,Off,0,0,,76,Auckland,Nil,,,,,0,0,Urban,0,,,Fine,Null
1770792,5913397,1404,,523101,0,,0,1,,Null,2009/2010,BOTANY ROAD,MIRRABOOKA AVENUE,,Non-Injury Crash,No,2009,,South,,0,,Hill Road,,,,,,Dark,710512,0,0,1,2,,,0,,,,,,Auckland Region,Nil,2-way,Sealed,,0,0,,60,,On,0,0,,76,Auckland,Give way,,,,,0,0,Urban,0,,,Fine,Null
1771518,5897816,1405,,523912,0,,0,1,,Null,2008/2009,GREAT SOUTH ROAD,TIRONUI ROAD,,Non-Injury Crash,No,2009,,South,,0,,Flat,,,,,,Overcast,767808,0,0,0,2,,,0,,,,,,Auckland Region,Nil,2-way,Sealed,,0,0,,50,,Null,1,0,,76,Auckland,Give way,,,,,0,0,Urban,0,,,Fine,Null
1756350,5932935,1406,,507300,0,,1,0,,North,2008/2009,BEACH ROAD,JUTLAND ST,,Non-Injury Crash,No,2009,,South,,0,,Hill Road,,,,,,Bright sun,153700,0,0,0,2,,,0,,,,,,Auckland Region,Nil,2-way,Sealed,,0,0,,50,,Null,0,0,,76,Auckland,Nil,,,,,0,0,Urban,1,,,Fine,Null
1748835,5427878,1407,,573000,0,,0,1,,East,2008/2009,WILLESTON ST,VICTORIA ST,,Non-Injury Crash,No,2009,,East,,0,,Flat,,,,,,Overcast,2127500,0,0,0,2,,,0,,,,,,Wellington Region,Nil,2-way,Sealed,,0,0,,50,,Null,0,0,,47,Wellington City,Nil,,,,,0,0,Urban,1,,,Fine,Null
1751840,5437146,1408,,573513,0,0,0,1,0,North,2008/2009,LONGMONT TERRACE,ASHFIELD GROVE,,Non-Injury Crash,No,2009,0,North,0,0,0,Flat,0,,0,,0,Overcast,2086605,0,0,0,2,0,0,0,0,1,,0,0,Wellington Region,Nil,2-way,Sealed,0,0,0,0,50,0,Null,0,0,,47,Wellington City,Nil,0,0,0,0,1,0,Urban,0,0,0,Fine,Null
1761761,5914021,1409,,520202,0,,0,2,,South,2009/2010,SH 1N,PENROSE INT S,,Non-Injury Crash,Yes,2009,,North,,0,,Flat,,,,,,Overcast,612300,0,0,0,4,,,0,,,,,,Auckland Region,Nil,1-way,Sealed,,0,0,,100,,Off,0,0,,76,Auckland,Nil,,,,,0,0,Open,0,,,Fine,Null
1768750,5904546,1410,,523722,0,,0,2,,Null,2008/2009,REDOUBT ROAD,HOLLYFORD DRIVE,,Non-Injury Crash,No,2009,,East,,0,,Flat,,,,,,Overcast,715917,0,0,0,2,,,0,,,,,,Auckland Region,Nil,2-way,Sealed,,0,0,,50,,Null,0,0,,76,Auckland,Traffic Signals,,,,,0,0,Urban,0,,,Fine,Null
1930120,5605119,1411,,548200,0,,0,1,,East,2008/2009,ST AUBYN ST EAST,HOLT PLACE,,Non-Injury Crash,No,2009,,South,,0,,Flat,,,,,,Bright sun,1494100,0,0,0,4,,,0,,,,,,Hawke's Bay Region,Nil,2-way,Sealed,,0,0,,50,,Null,1,0,,30,Hastings District,Give way,,,,,0,0,Urban,0,,,Fine,Null
1754254,5918542,1412,,515431,0,,0,2,,Null,2009/2010,GREAT NORTH ROAD,BULLOCK TRACK,,Non-Injury Crash,No,2009,,East,,0,,Flat,,,,,,Bright sun,405000,0,0,0,4,,,0,,,,,,Auckland Region,Nil,2-way,Sealed,,0,0,,50,,Null,0,0,,76,Auckland,Stop,,,,,0,0,Urban,0,,,Fine,Null
1876992,5821327,1413,,537500,0,,0,2,,South,2008/2009,CAMERON ROAD,TWENTYTHIRD AVENUE,,Non-Injury Crash,No,2009,,South,,0,,Flat,,,,,,Bright sun,1171500,0,0,0,4,,,0,,,,,,Bay of Plenty Region,Nil,2-way,Sealed,,0,0,,50,,Null,0,0,,23,Tauranga City,Unknown,,,,,0,0,Urban,0,,,Fine,Null
1755864,5985137,1414,,506660,0,,0,2,,East,2009/2010,PAKIRI ROAD,PAKIRI RIVER ROAD,,Non-Injury Crash,No,2009,,South,,0,,Flat,,,,,,Bright sun,137400,0,0,0,2,,,0,,,,,,Auckland Region,Nil,2-way,Unsealed,,0,0,,100,,None,0,0,,76,Auckland,Nil,,,,,0,0,Open,0,,,Fine,Null
1768611,5879997,1415,,525922,0,,0,1,,Null,2009/2010,QUEEN ST,WARD ST,,Non-Injury Crash,No,2009,,North,,0,,Flat,,,,,,Bright sun,823401,0,0,0,2,,,0,,,,,,Auckland Region,Nil,2-way,Sealed,,0,0,,50,,Off,0,0,,76,Auckland,Give way,,,,,0,0,Urban,1,,,Fine,Null
1823213,5463648,1416,,578700,0,0,0,1,0,East,2008/2009,COLE ST,POWNALL ST,,Non-Injury Crash,No,2009,0,East,0,0,0,Flat,0,Queens Birthday,0,,0,Overcast,2236600,0,0,0,2,0,0,0,0,1,,0,0,Wellington Region,Nil,2-way,Sealed,0,0,0,0,50,0,Null,1,0,,48,Masterton District,Nil,0,0,0,0,0,0,Urban,0,0,0,Fine,Null
1756478,5926272,1417,,509702,0,,0,1,,South,2009/2010,COLLEGE ROAD,AKORANGA DRIVE,,Non-Injury Crash,No,2009,,South,,0,,Flat,,,,,,Bright sun,364601,0,0,0,2,,,0,,,,,,Auckland Region,Nil,2-way,Sealed,,0,0,,50,,Off,1,0,,76,Auckland,Nil,,,,,0,0,Urban,0,,,Fine,Null
1763635,5915062,1418,,520303,0,,0,2,,Null,2009/2010,ELLERSLIE-PANMURE HIGHWAY,BURT ROAD,,Non-Injury Crash,No,2009,,East,,0,,Flat,,,,,,Dark,626700,0,0,0,4,,,0,,,,,,Auckland Region,Nil,2-way,Sealed,,0,0,,50,,On,0,0,,76,Auckland,Nil,,,,,0,0,Urban,0,,,Heavy rain,Null
1752622,5953019,1419,75,505803,0,0,0,1,0,North,2008/2009,HIBISCUS COAST HIGHWAY,OTANERUA ROAD,,Non-Injury Crash,No,2009,0,South,0,0,0,Hill Road,0,,0,,0,Overcast,170605,0,0,0,3,0,0,0,0,0,,0,0,Auckland Region,Nil,2-way,Sealed,0,0,0,0,80,0,None,0,0,,76,Auckland,Nil,0,1,0,0,0,0,Open,0,0,0,Fine,Null