X,Y,OBJECTID,advisorySpeed,areaUnitID,bicycle,bridge,bus,carStationWagon,cliffBank,crashDirectionDescription,crashFinancialYear,crashLocation1,crashLocation2,crashRoadSideRoad,crashSeverity,crashSHDescription,crashYear,debris,directionRoleDescription,ditch,fatalCount,fence,flatHill,guardRail,holiday,houseOrBuilding,intersection,kerb,light,meshblockId,minorInjuryCount,moped,motorcycle,NumberOfLanes,objectThrownOrDropped,otherObject,otherVehicleType,overBank,parkedVehicle,pedestrian,phoneBoxEtc,postOrPole,region,roadCharacter,roadLane,roadSurface,roadworks,schoolBus,seriousInjuryCount,slipOrFlood,speedLimit,strayAnimal,streetLight,suv,taxi,temporarySpeedLimit,tlaId,tlaName,trafficControl,trafficIsland,trafficSign,train,tree,truck,unknownVehicleType,urban,vanOrUtility,vehicle,waterRiver,weatherA,weatherB
1768583,5903126,1420,,524602,0,,0,2,,South,2009/2010,SH 1N,MANUKAU OFF NBD,,Non-Injury Crash,Yes,2009,,North,,0,,Flat,,,,,,Overcast,780508,0,0,0,3,,,0,,,,,,Auckland Region,Nil,2-way,Sealed,,0,0,,100,,Off,0,0,,76,Auckland,Nil,,,,,0,0,Open,0,,,Light rain,Null
1755327,5929598,1421,,508510,0,,0,1,,North,2009/2010,SH 1N,TRISTRAM OFF SBD,,Non-Injury Crash,Yes,2009,,South,,0,,Hill Road,,,,,,Overcast,194405,0,0,0,2,,,0,,,,,,Auckland Region,Nil,1-way,Sealed,,0,0,,80,,Off,0,0,,76,Auckland,Nil,,,,,1,0,Open,0,,,Fine,Null
1759826,5922394,1422,,509400,0,0,0,2,0,East,2008/2009,QUEENS PARADE,HUIA ST,,Non-Injury Crash,No,2009,0,East,0,0,0,Flat,0,,0,,0,Bright sun,330500,0,0,0,2,0,0,0,0,1,,0,0,Auckland Region,Nil,2-way,Sealed,0,0,0,0,50,0,Null,0,0,,76,Auckland,Unknown,0,0,0,0,0,0,Urban,0,0,0,Fine,Null
1752587,5423720,1423,,577101,0,,0,2,,North,2008/2009,TIO TIO ROAD,BROADWAY,,Non-Injury Crash,No,2009,,West,,0,,Hill Road,,,,,,Overcast,2212800,0,0,0,2,,,0,,,,,,Wellington Region,Nil,2-way,Sealed,,0,0,,50,,Null,0,0,,47,Wellington City,Nil,,,,,0,0,Urban,0,,,Fine,Null
1946849,5664869,1424,65,545301,0,0,0,0,0,South,2008/2009,SH 2,HALIBURTON ROAD,,Non-Injury Crash,Yes,2009,0,North,1,0,1,Flat,0,Christmas New Year,0,,0,Overcast,1392800,0,0,0,2,0,0,0,0,0,,0,0,Hawke's Bay Region,Nil,2-way,Sealed,0,0,0,0,100,0,Null,1,0,,29,Wairoa District,Nil,0,0,0,0,0,0,Open,0,0,0,Heavy rain,Null
1874344,5823414,1425,,536514,0,,0,2,,Null,2009/2010,SH 2,BETHLEHEM ROAD,,Non-Injury Crash,Yes,2009,,West,,0,,Flat,,,,,,Bright sun,1190200,0,0,0,2,,,0,,,,,,Bay of Plenty Region,Nil,2-way,Sealed,,0,0,,50,,Null,0,0,,23,Tauranga City,Give way,,,,,0,0,Urban,0,,,Fine,Null
1764288,5909137,1426,,521901,0,0,0,1,1,West,2008/2009,PIKI THOMPSON WAY,GREAT SOUTH ROAD,,Non-Injury Crash,No,2009,0,South,0,0,0,Flat,0,,0,,0,Twilight,785200,0,0,0,2,0,0,0,0,0,,0,0,Auckland Region,Nil,2-way,Sealed,0,0,0,0,50,0,On,0,0,,76,Auckland,Stop,0,0,0,0,0,0,Urban,0,0,0,Fine,Null
1762868,5905529,1427,,524303,0,,0,1,,South,2008/2009,SH 20,PORTAGE OBR,,Non-Injury Crash,Yes,2009,,South,,0,,Flat,,,,,,Bright sun,746301,0,0,0,2,,,0,,,,,,Auckland Region,Nil,2-way,Sealed,,0,0,,100,,Off,0,0,,76,Auckland,Nil,,,,,1,0,Open,0,,,Fine,Null
1883058,5826614,1428,,536821,0,,0,2,,Null,2009/2010,GOLF ROAD,LINKS AVENUE,,Non-Injury Crash,No,2009,,West,,0,,Flat,,,,,,Overcast,1198601,0,0,0,2,,,0,,,,,,Bay of Plenty Region,Nil,2-way,Sealed,,0,0,,50,,Null,0,0,,23,Tauranga City,Give way,,,,,0,0,Urban,0,,,Fine,Null
1755256,5924820,1429,,509800,0,0,0,1,0,North,2008/2009,WOODSIDE AVENUE,ONEWA ROAD,,Non-Injury Crash,No,2009,0,North,0,0,0,Hill Road,0,,0,,0,Dark,360200,0,0,0,2,0,0,0,0,1,,0,0,Auckland Region,Nil,2-way,Sealed,0,0,0,0,50,0,On,0,0,,76,Auckland,Nil,0,0,0,0,0,0,Urban,1,0,0,Fine,Null
1770394,5912129,1430,,523106,0,,0,3,,Null,2009/2010,BOTANY ROAD,GOLFLAND DRIVE,,Non-Injury Crash,No,2009,,North,,0,,Flat,,,,,,Bright sun,711186,0,0,0,6,,,0,,,,,,Auckland Region,Nil,2-way,Sealed,,0,0,,70,,Off,0,0,,76,Auckland,Nil,,,,,0,0,Urban,0,,,Fine,Null
1776336,5895239,1431,,521301,0,,0,1,,East,2009/2010,HUNUA ROAD,DOMINION ROAD,,Non-Injury Crash,No,2009,,North,,0,,Hill Road,,,,,,Dark,807900,0,0,0,2,,,0,,,,,,Auckland Region,Nil,2-way,Sealed,,0,0,,80,,None,0,0,,76,Auckland,Nil,,,,,0,0,Open,0,,,Light rain,Null
2065826,5825154,1432,,543301,0,0,0,0,1,South,2008/2009,SH 35,WI PAHURU BR,,Non-Injury Crash,Yes,2009,0,North,0,0,0,Hill Road,0,,0,,0,Overcast,1342200,0,0,0,2,0,0,0,0,0,,0,0,Gisborne Region,Nil,2-way,Sealed,0,0,0,0,100,0,Null,0,0,,28,Gisborne District,Nil,0,0,0,0,1,0,Open,0,0,0,Fine,Null
1924399,5603646,1433,,545842,0,,0,0,,Null,2008/2009,MARAEKAKAHO ROAD,STOCK ROAD,,Non-Injury Crash,No,2009,,West,,0,,Flat,,,,,,Overcast,1470213,0,0,0,2,,,0,,,,,,Hawke's Bay Region,Nil,2-way,Sealed,,0,0,,100,,Null,0,0,,30,Hastings District,Stop,,,,,0,0,Open,2,,,Light rain,Null
1833503,5888184,1434,,533603,0,0,0,1,0,South,2009/2010,KAUAERANGA VALLEY ROAD,THE BOOMS AVENUE,,Non-Injury Crash,No,2009,0,North,0,0,0,Flat,0,,0,,0,Overcast,1056703,0,0,0,1,0,0,0,0,0,,0,0,Waikato Region,Nil,2-way,Unsealed,0,0,0,0,80,0,Null,0,0,,11,Thames-Coromandel District,Nil,0,0,0,1,0,0,Open,0,0,0,Light rain,Null
1862251,5708265,1435,,541335,0,0,0,1,1,South,2009/2010,ACACIA BAY ROAD,WAKEMAN ROAD S,,Non-Injury Crash,No,2009,0,North,0,0,0,Flat,0,Christmas New Year,0,,0,Bright sun,1279204,0,0,0,2,0,0,0,0,0,,0,0,Waikato Region,Nil,2-way,Sealed,0,0,0,0,100,0,Null,0,0,,21,Taupo District,Unknown,0,0,0,0,0,0,Open,0,0,0,Fine,Null
1893279,5808421,1436,,536653,0,0,0,0,0,North,2008/2009,TE MATAI ROAD,MARK ROAD,,Non-Injury Crash,No,2009,0,South,0,0,0,Flat,0,,0,,0,Dark,1210402,0,0,0,2,0,0,0,0,0,,0,0,Bay of Plenty Region,Nil,2-way,Sealed,0,0,0,0,100,0,None,0,0,,22,Western Bay of Plenty District,Unknown,0,0,0,0,0,0,Open,1,0,0,Fine,Null
1749878,5914633,1437,,511303,0,,0,1,,Null,2009/2010,RATA ST,BINSTED ROAD,,Non-Injury Crash,No,2009,,West,,0,,Flat,,,,,,Bright sun,266600,0,0,0,2,,,0,,,,,,Auckland Region,Nil,2-way,Sealed,,0,0,,50,,Off,0,0,,76,Auckland,Traffic Signals,,,,,0,0,Urban,1,,,Fine,Null
1800907,5815078,1438,,529700,0,,0,2,,Null,2009/2010,ANGLESEA ST,COLLINGWOOD ST,,Non-Injury Crash,No,2009,,North,,0,,Flat,,,,,,Twilight,910900,0,0,0,2,,,0,,,,,,Waikato Region,Nil,2-way,Sealed,,0,0,,50,,On,0,0,,16,Hamilton City,Traffic Signals,,,,,0,0,Urban,0,,,Light rain,Null
1744935,5933385,1439,,506653,0,,0,2,,Null,2009/2010,COATESVILLE-RIVERHEAD HIG,GOLDFLATS LANE,,Non-Injury Crash,No,2009,,East,,0,,Flat,,,,,,Bright sun,217201,0,0,0,2,,,0,,,,,,Auckland Region,Nil,2-way,Sealed,,0,0,,80,,None,0,0,,76,Auckland,Nil,,,,,0,0,Open,0,,,Fine,Null
1937079,5621539,1440,,546802,0,,0,1,,South,2008/2009,MARINE PARADE,TENNYSON ST,,Non-Injury Crash,No,2009,,North,,0,,Flat,,,,,,Bright sun,1423900,0,0,0,2,,,0,,,,,,Hawke's Bay Region,Nil,2-way,Sealed,,0,0,,50,,Null,0,0,,31,Napier City,Nil,,,,,1,0,Urban,0,,,Fine,Null
1883630,5773673,1441,,539700,0,0,0,1,0,Null,2009/2010,UTA ST,SH 5,,Non-Injury Crash,Yes,2009,0,North,0,0,0,Flat,0,Christmas New Year,0,,0,Dark,1227000,0,0,0,2,0,0,0,0,0,,0,0,Bay of Plenty Region,Nil,2-way,Sealed,0,0,0,0,50,0,On,0,0,,24,Rotorua District,Give way,1,0,0,1,0,0,Urban,0,0,0,Fine,Null
1757852,5918129,1442,,515700,0,,0,2,,South,2009/2010,SH 1N,KHYBER PASS OBR,,Non-Injury Crash,Yes,2009,,North,,0,,Flat,,,,,,Bright sun,443600,0,0,0,4,,,0,,,,,,Auckland Region,Nil,1-way,Sealed,,0,0,,100,,Off,0,0,,76,Auckland,Nil,,,,,0,0,Open,0,,,Fine,Null
1736153,5932719,1443,80,506653,0,0,0,1,0,North,2009/2010,OLD NORTH ROAD,ARARIMU VALLEY ROAD,,Non-Injury Crash,No,2009,0,West,1,0,0,Hill Road,0,,0,,0,Dark,217602,0,0,0,2,0,0,0,0,0,,0,0,Auckland Region,Nil,2-way,Sealed,0,0,0,0,100,0,None,0,0,,76,Auckland,Nil,0,0,0,0,0,0,Open,0,0,0,Fine,Null
1751170,5915473,1444,,514401,0,0,0,2,0,South,2008/2009,GREAT NORTH ROAD,ROSEBANK ROAD,,Non-Injury Crash,No,2009,0,South,0,0,0,Flat,0,,0,,0,Overcast,382400,0,0,0,4,0,0,0,0,1,,0,0,Auckland Region,Nil,2-way,Sealed,0,0,0,0,50,0,Off,0,0,,76,Auckland,Nil,0,0,0,0,0,0,Urban,0,0,0,Fine,Null
1714591,6008610,1445,60,505010,0,,0,2,,North,2009/2010,PAPAROA OAKLEIGH ROAD,WAIRERE ROAD,,Non-Injury Crash,No,2009,,South,,0,,Hill Road,,,,,,Bright sun,130300,0,0,0,2,,,0,,,,,,Northland Region,Nil,2-way,Sealed,,0,0,,100,,None,0,0,,3,Kaipara District,Nil,,,,,0,0,Open,0,,,Fine,Null
1623315,5431938,1446,,582200,0,,0,0,,South,2008/2009,VICKERMAN ST,CARKEEK ST,,Non-Injury Crash,No,2009,,North,,0,,Flat,,,,,,Bright sun,2325100,0,0,0,2,,,0,,,,,,Nelson Region,Nil,2-way,Sealed,,0,0,,50,,Null,0,0,,52,Nelson City,Nil,,,,,1,0,Urban,1,,,Fine,Null
1764622,5920081,1447,,516601,0,,0,2,,West,2009/2010,TAMAKI DRIVE,SAGE ROAD,,Non-Injury Crash,No,2009,,East,,0,,Flat,,,,,,Overcast,504200,0,0,0,2,,,0,,,,,,Auckland Region,Nil,2-way,Sealed,,0,0,,50,,Null,0,0,,76,Auckland,Nil,,,,,0,0,Urban,0,,,Fine,Strong wind
1755765,5921156,1448,,515202,0,,0,2,,North,2009/2010,SH 1N,FANSHAWE ON NBD,,Non-Injury Crash,Yes,2009,,North,,0,,Flat,,,,,,Overcast,425600,0,0,0,4,,,0,,,,,,Auckland Region,Nil,1-way,Sealed,,0,0,,80,,Off,0,0,,76,Auckland,Nil,,,,,0,0,Open,0,,,Fine,Null
1760227,5449018,1449,,565601,0,1,0,1,0,East,2008/2009,GRAYS ROAD,MOTUKARAKA POINT E,,Non-Injury Crash,No,2009,0,East,0,0,0,Flat,0,,0,,0,Overcast,2072000,0,0,0,2,0,0,0,0,0,,0,0,Wellington Region,Bridge,2-way,Sealed,0,0,0,0,80,0,Null,0,0,,44,Porirua City,Nil,0,0,0,0,0,0,Open,0,0,0,Light rain,Null
1718433,6044977,1450,,502900,0,,0,2,,Null,2009/2010,SH 1N,MAUNU ROAD,,Non-Injury Crash,Yes,2009,,North,,0,,Flat,,,,,,Bright sun,103300,0,0,0,2,,,0,,,,,,Northland Region,Nil,2-way,Sealed,,0,0,,50,,Off,0,0,,2,Whangarei District,Traffic Signals,,,,,0,0,Urban,0,,,Fine,Null
1762451,5453719,1451,,565601,0,0,0,1,0,North,2008/2009,PAEKAKARIKI HILL ROAD,GRAYS ROAD,,Non-Injury Crash,No,2009,0,South,0,0,0,Hill Road,0,,0,,0,Overcast,2071901,0,0,0,2,0,0,0,1,0,,0,0,Wellington Region,Nil,2-way,Sealed,0,0,0,0,80,0,Null,0,0,,44,Porirua City,Nil,0,0,0,1,0,0,Open,0,0,0,Fine,Null
1719325,6045691,1452,,503100,0,,0,0,,Null,2009/2010,WATER ST,BANK ST,,Non-Injury Crash,No,2009,,East,,0,,Flat,,,,,,Dark,100200,0,0,0,3,,,0,,,,,,Northland Region,Nil,2-way,Sealed,,0,0,,50,,On,2,0,,2,Whangarei District,Traffic Signals,,,,,0,0,Urban,0,,,Fine,Null
1758236,5913424,1453,,519710,0,,0,2,,Null,2008/2009,MOUNT SMART ROAD,CAMPBELL ROAD,,Non-Injury Crash,No,2009,,South,,0,,Flat,,,,,,Overcast,594701,0,0,0,2,,,0,,,,,,Auckland Region,Nil,2-way,Sealed,,0,0,,50,,Off,0,0,,76,Auckland,Give way,,,,,0,0,Urban,0,,,Fine,Null
1758449,5927693,1454,,508010,0,0,0,2,0,North,2009/2010,ALISON AVENUE,EARNOCH AVENUE,,Non-Injury Crash,No,2009,0,East,0,0,1,Flat,0,,0,,0,Bright sun,326100,0,0,0,1,0,0,0,0,1,,0,0,Auckland Region,Nil,1-way,Sealed,0,0,0,0,30,0,Null,0,0,,76,Auckland,Unknown,0,0,0,0,0,0,Urban,0,0,0,Fine,Null
1765951,5904262,1455,,524604,0,,0,2,,Null,2009/2010,NAREK PLACE,PLUNKET AVENUE,,Non-Injury Crash,No,2009,,North,,0,,Flat,,,,,,Overcast,780207,0,0,0,2,,,0,,,,,,Auckland Region,Nil,2-way,Sealed,,0,0,,50,,Off,0,0,,76,Auckland,Nil,,,,,0,0,Urban,0,,,Fine,Null
1698895,5678628,1456,,550901,0,0,0,1,0,West,2008/2009,BELL BLOCK COURT,CHESNEY ST,,Non-Injury Crash,No,2009,0,East,0,0,0,Flat,0,,0,,0,Overcast,1561500,0,0,0,2,0,0,0,0,1,,0,0,Taranaki Region,Nil,2-way,Sealed,0,0,0,0,50,0,Null,1,0,,33,New Plymouth District,Nil,0,0,0,0,0,0,Urban,0,0,0,Fine,Null
1820691,5528860,1457,,563000,0,,0,2,,West,2008/2009,PIONEER HIGHWAY,LYNDHURST ST,,Non-Injury Crash,No,2009,,West,,0,,Flat,,,,,,Bright sun,1805700,0,0,0,2,,,0,,,,,,Manawatū-Whanganui Region,Nil,2-way,Sealed,,0,0,,50,,Null,0,0,,40,Palmerston North City,Nil,,,,,0,0,Urban,0,,,Fine,Null
1751339,5934349,1458,,508701,0,,0,2,,South,2008/2009,DAIRY FLAT HIGHWAY,KELL DRIVE,,Non-Injury Crash,No,2009,,South,,0,,Flat,,,,,,Overcast,178800,0,0,1,3,,,0,,,,,,Auckland Region,Nil,2-way,Sealed,,0,0,,50,,Off,0,0,,76,Auckland,Nil,,,,,0,0,Urban,0,,,Mist or Fog,Null
1776177,5447501,1459,,566620,0,0,0,1,0,North,2008/2009,AKATARAWA ROAD,SH 2,,Non-Injury Crash,No,2009,0,North,0,0,0,Flat,0,,0,,0,Bright sun,1911800,0,0,0,2,0,0,0,0,0,,0,0,Wellington Region,Nil,2-way,Sealed,0,0,0,0,50,0,Null,0,0,,45,Upper Hutt City,Nil,0,1,0,0,0,0,Urban,0,0,0,Fine,Null
1763764,5913611,1460,,520402,0,,0,2,,South,2009/2010,MOUNT WELLINGTON HIGHWAY,WAIPUNA ROAD,,Non-Injury Crash,No,2009,,North,,0,,Flat,,,,,,Bright sun,640002,0,0,0,2,,,0,,,,,,Auckland Region,Nil,2-way,Sealed,,0,0,,50,,Off,0,0,,76,Auckland,Nil,,,,,0,0,Urban,0,,,Fine,Null
1800347,5821584,1461,,527008,0,,0,1,,South,2009/2010,HORSHAM DOWNS ROAD,THOMAS ROAD,,Non-Injury Crash,No,2009,,East,,0,,Flat,,,,,,Bright sun,951910,0,0,0,2,,,0,,,,,,Waikato Region,Nil,2-way,Sealed,,0,0,,50,,Off,0,0,,16,Hamilton City,Nil,,,,,1,0,Urban,0,,,Fine,Null
1754501,5916570,1462,,517702,0,,1,1,,Null,2009/2010,FOWLDS AVENUE,ST LUKES ROAD,,Non-Injury Crash,No,2009,,West,,0,,Flat,,,,,,Dark,540002,0,0,0,2,,,0,,,,,,Auckland Region,Nil,1-way,Sealed,,0,0,,50,,On,0,0,,76,Auckland,Nil,,,,,0,0,Urban,0,,,Light rain,Null
1760628,5434882,1463,,568701,1,,0,0,,Null,2009/2010,GRENVILLE ST,WAIWHETU ROAD,,Non-Injury Crash,No,2009,,West,,0,,Flat,,,,,,Overcast,1976700,0,0,0,2,,,0,,,,,,Wellington Region,Nil,2-way,Sealed,,0,0,,50,,Null,1,0,,46,Lower Hutt City,Give way,,,,,0,0,Urban,0,,,Fine,Null
1622868,5431348,1464,,582401,0,0,0,2,0,West,2008/2009,STANLEY CRESCENT,BEACHVILLE CRESCENT,,Non-Injury Crash,No,2009,0,East,0,0,0,Hill Road,0,,0,,0,Twilight,2326600,0,0,0,2,0,0,0,0,1,,0,0,Nelson Region,Nil,2-way,Sealed,0,0,0,0,50,0,Off,0,0,,52,Nelson City,Nil,0,0,0,0,0,0,Urban,0,0,0,Fine,Null
1754610,5443874,1465,35,570800,0,0,0,1,0,South,2008/2009,KENEPURU DRIVE,LOWER MAIN DRIVE,,Non-Injury Crash,No,2009,0,North,0,0,0,Flat,0,,0,,0,Overcast,2053104,0,0,0,2,0,0,0,1,0,,0,0,Wellington Region,Nil,2-way,Sealed,0,0,0,0,50,0,Null,0,0,,44,Porirua City,Nil,0,0,0,1,0,0,Urban,0,0,0,Heavy rain,Strong wind
1754225,5914749,1466,,518801,0,,0,2,,North,2009/2010,SANDRINGHAM ROAD,ODONNELL AVENUE,,Non-Injury Crash,No,2009,,South,,0,,Flat,,,,,,Twilight,575500,0,0,0,2,,,0,,,,,,Auckland Region,Nil,2-way,Sealed,,0,0,,50,,On,0,0,,76,Auckland,Nil,,,,,0,0,Urban,0,,,Light rain,Null
1759025,5912182,1467,,519820,0,,0,1,,Null,2009/2010,ONEHUNGA MALL,CHURCH ST,,Non-Injury Crash,No,2009,,North,,0,,Flat,,,,,,Overcast,601901,0,0,0,2,,,0,,,,,,Auckland Region,Nil,2-way,Sealed,,0,0,,50,,Off,1,0,,76,Auckland,Give way,,,,,0,0,Urban,0,,,Fine,Null
1765194,5904823,1468,,522400,0,,1,1,,South,2008/2009,CAMBRIDGE TERRACE,BRIDGE ST,,Non-Injury Crash,No,2009,,West,,0,,Flat,,,,,,Dark,673302,0,0,0,2,,,0,,,,,,Auckland Region,Nil,2-way,Sealed,,0,0,,50,,On,0,0,,76,Auckland,Nil,,,,,0,0,Urban,0,,,Heavy rain,Null
1867707,5713427,1469,,541720,0,,0,1,,Null,2009/2010,KAIMANAWA ST,TAMAMUTU ST,,Non-Injury Crash,No,2009,,East,,0,,Flat,,,,,,Overcast,1273200,0,0,0,4,,,0,,,,,,Waikato Region,Nil,2-way,Sealed,,0,0,,50,,Null,1,0,,21,Taupo District,Stop,,,,,0,0,Urban,0,,,Fine,Null
1885153,5773132,1470,,540600,0,,0,2,,Null,2009/2010,MALFROY ROAD,FENTON ST,,Non-Injury Crash,No,2009,,East,,0,,Flat,,,,,,Bright sun,1243100,0,0,0,2,,,0,,,,,,Bay of Plenty Region,Nil,2-way,Sealed,,0,0,,50,,Null,0,0,,24,Rotorua District,Give way,,,,,0,0,Urban,0,,,Fine,Null
1823127,5529582,1471,,563101,0,,0,4,,Null,2008/2009,ALBERT ST,MANAPOURI CRESCENT,,Non-Injury Crash,No,2009,,North,,0,,Flat,,,,,,Overcast,1811200,0,0,0,2,,,0,,,,,,Manawatū-Whanganui Region,Nil,2-way,Sealed,,0,0,,50,,Null,0,0,,40,Palmerston North City,Nil,,,,,0,0,Urban,0,,,Fine,Null
1929657,5605330,1472,,548200,0,,0,1,,Null,2009/2010,QUEEN ST WEST,NELSON ST NORTH,,Non-Injury Crash,No,2009,,West,,0,,Flat,,,,,,Bright sun,1490800,0,0,0,2,,,0,,,,,,Hawke's Bay Region,Nil,2-way,Sealed,,0,0,,50,,Null,1,0,,30,Hastings District,Give way,,,,,0,0,Urban,0,,,Fine,Null
1757566,5918510,1473,,514302,0,,0,1,,South,2009/2010,SH 1N,KHYBER PASS OBR,,Non-Injury Crash,Yes,2009,,South,,0,,Flat,,,,,,Bright sun,442100,0,0,0,4,,,0,,,,,,Auckland Region,Nil,1-way,Sealed,,0,0,,100,,Off,0,0,,76,Auckland,Nil,,,,,0,0,Open,1,,,Fine,Null
1769251,5905146,1474,,523722,0,0,0,1,0,Null,2008/2009,ASPIRING AVENUE,LOWBURN PLACE,,Non-Injury Crash,No,2009,0,East,0,0,0,Flat,0,,0,,0,Dark,716101,0,0,0,2,0,0,0,0,0,,1,0,Auckland Region,Nil,2-way,Sealed,0,0,0,0,50,0,On,0,0,,76,Auckland,Give way,0,0,0,0,0,0,Urban,0,0,0,Light rain,Null
1687970,6092111,1475,,501633,0,0,0,1,0,South,2009/2010,SH 10,SH 11,,Non-Injury Crash,Yes,2009,0,South,1,0,0,Flat,0,,0,,0,Dark,35800,0,0,0,1,0,0,0,0,0,,0,0,Northland Region,Nil,2-way,Sealed,0,0,0,0,100,0,On,0,0,,1,Far North District,Unknown,0,0,0,0,0,0,Open,0,0,0,Fine,Null
1834092,5836434,1476,,534604,0,0,0,0,0,West,2008/2009,SH 26,SEDDON ROAD,,Non-Injury Crash,Yes,2009,0,West,0,0,1,Flat,0,,0,,0,Dark,1108100,0,0,0,2,0,0,0,1,0,,0,0,Waikato Region,Nil,2-way,Sealed,0,0,0,0,100,0,None,1,0,,15,Matamata-Piako District,Unknown,0,0,0,0,0,0,Open,0,0,0,Fine,Null
1773031,5891470,1477,,521301,0,,0,2,,Null,2008/2009,SH 22,DRURY OFF SBD,,Non-Injury Crash,Yes,2009,,East,,0,,Flat,,,,,,Bright sun,808701,0,0,0,2,,,0,,,,,,Auckland Region,Motorway ramp,2-way,Sealed,,0,0,,50,,Null,0,0,,76,Auckland,Stop,,,,,0,0,Urban,0,,,Fine,Null
1748148,5427897,1478,,575300,0,,0,2,,Null,2008/2009,KELBURN PARADE,SALAMANCA ROAD,,Non-Injury Crash,No,2009,,North,,0,,Hill Road,,,,,,Overcast,2155300,0,0,0,2,,,0,,,,,,Wellington Region,Nil,2-way,Sealed,,0,0,,50,,Null,0,0,,47,Wellington City,Give way,,,,,0,0,Urban,0,,,Fine,Null
1755113,5434427,1479,,569800,0,0,0,2,2,South,2008/2009,SH 2,HOROKIWI ROAD,,Non-Injury Crash,Yes,2009,0,North,0,0,0,Flat,1,Easter,0,,0,Dark,1922202,0,0,0,2,0,0,0,0,0,,0,0,Wellington Region,Nil,1-way,Sealed,0,0,0,0,100,0,On,0,0,,46,Lower Hutt City,Nil,0,0,0,0,0,0,Open,0,0,0,Fine,Null
1791727,5527636,1480,,561422,0,0,0,1,0,West,2008/2009,HIMATANGI BEACH ROAD,WYLIE ROAD,,Non-Injury Crash,No,2009,0,West,0,0,1,Flat,0,,0,,0,Dark,1791800,0,0,0,2,0,0,0,0,0,,0,0,Manawatū-Whanganui Region,Nil,2-way,Sealed,0,0,0,0,100,0,None,0,0,,39,Manawatu District,Nil,0,0,0,0,0,0,Open,0,0,0,Fine,Null
1746519,5919905,1481,,512402,0,0,0,0,0,North,2009/2010,MAREWA ST,PATON AVENUE,,Non-Injury Crash,No,2009,0,East,0,0,1,Flat,0,,0,,0,Twilight,252100,0,0,0,2,0,0,0,0,1,,0,0,Auckland Region,Nil,2-way,Sealed,0,0,0,0,50,0,Off,0,0,,76,Auckland,Unknown,0,0,0,0,1,0,Urban,1,0,0,Fine,Null
1765705,5907079,1482,,522301,0,,0,2,,East,2008/2009,EAST TAMAKI ROAD,SIMON LANE,,Non-Injury Crash,No,2009,,East,,0,,Flat,,,,,,Overcast,666200,0,0,0,2,,,0,,,,,,Auckland Region,Nil,2-way,Sealed,,0,0,,50,,Off,0,0,,76,Auckland,Nil,,,,,0,0,Urban,0,,,Fine,Null
1756374,5937613,1483,,506903,0,0,0,1,0,Null,2008/2009,BEACH ROAD,WILLIS ST,,Non-Injury Crash,No,2009,0,North,0,0,1,Hill Road,0,,0,,0,Dark,169100,0,0,0,2,0,0,0,0,0,,0,0,Auckland Region,Nil,2-way,Sealed,0,0,0,0,50,0,On,0,0,,76,Auckland,Stop,0,0,0,0,0,0,Urban,0,0,0,Light rain,Null
1770704,5896144,1484,,521201,0,0,0,1,0,South,2009/2010,CASTELLINA DRIVE,CAPRIANA DRIVE,,Non-Injury Crash,No,2009,0,South,0,0,0,Flat,0,,0,,1,Overcast,806604,0,0,0,2,0,0,0,0,0,,0,1,Auckland Region,Nil,2-way,Sealed,0,0,0,0,50,0,Off,0,0,,76,Auckland,Nil,0,0,0,0,0,0,Urban,0,0,0,Light rain,Null
1746441,5919714,1485,,512401,0,0,0,1,0,Null,2008/2009,ROYAL VIEW ROAD,FLANSHAW ROAD,,Non-Injury Crash,No,2009,0,North,0,0,0,Flat,0,,0,,0,Dark,252800,0,0,0,2,0,0,0,0,0,,0,1,Auckland Region,Nil,2-way,Sealed,0,0,0,0,50,0,On,0,0,,76,Auckland,Give way,0,0,0,0,0,0,Urban,0,0,0,Fine,Null
1686019,6101840,1486,,500900,0,0,0,0,0,Null,2009/2010,AMOKURA DRIVE,GOLF VIEW ROAD,,Non-Injury Crash,No,2009,0,East,0,0,0,Flat,0,,0,,0,Dark,53301,0,0,0,1,0,0,0,0,1,,0,0,Northland Region,Nil,2-way,Sealed,0,0,0,0,70,0,Off,2,0,,1,Far North District,Nil,0,0,0,0,0,0,Urban,0,0,0,Fine,Null
1600859,5447102,1487,,584303,0,,0,1,,North,2009/2010,SH 60,COURTNEY ST,,Non-Injury Crash,Yes,2009,,North,,0,,Flat,,,,,,Bright sun,2380200,0,0,0,2,,,0,,,,,,Tasman Region,Nil,2-way,Sealed,,0,0,,50,,Null,2,0,,51,Tasman District,Nil,,,,,0,0,Urban,0,,,Fine,Null
1857033,5837969,1488,,536615,0,,0,0,,South,2009/2010,SH 2,WHARAWHARA ROAD,,Non-Injury Crash,Yes,2009,,South,,0,,Flat,,,,,,Bright sun,1182704,0,0,0,2,,,0,,,,,,Bay of Plenty Region,Nil,2-way,Sealed,,0,0,,100,,None,0,0,,22,Western Bay of Plenty District,Nil,,,,,1,0,Open,0,,,Fine,Null
1611346,5426130,1489,,581726,1,,0,1,,Null,2008/2009,SH 60,LANSDOWNE ROAD,,Non-Injury Crash,Yes,2009,,South,,0,,Flat,,,,,,Dark,2357201,0,0,0,2,,,0,,,,,,Tasman Region,Nil,2-way,Sealed,,0,0,,100,,On,0,0,,51,Tasman District,Stop,,,,,0,0,Open,0,,,Fine,Null
1719470,6046241,1490,,502800,0,,0,1,,Null,2009/2010,BANK ST,GREY ST,,Non-Injury Crash,No,2009,,South,,0,,Flat,,,,,,Bright sun,96300,0,0,0,2,,,0,,,,,,Northland Region,Nil,2-way,Sealed,,0,0,,50,,Off,0,0,,2,Whangarei District,Stop,,,,,0,0,Urban,1,,,Fine,Null