X,Y,OBJECTID,advisorySpeed,areaUnitID,bicycle,bridge,bus,carStationWagon,cliffBank,crashDirectionDescription,crashFinancialYear,crashLocation1,crashLocation2,crashRoadSideRoad,crashSeverity,crashSHDescription,crashYear,debris,directionRoleDescription,ditch,fatalCount,fence,flatHill,guardRail,holiday,houseOrBuilding,intersection,kerb,light,meshblockId,minorInjuryCount,moped,motorcycle,NumberOfLanes,objectThrownOrDropped,otherObject,otherVehicleType,overBank,parkedVehicle,pedestrian,phoneBoxEtc,postOrPole,region,roadCharacter,roadLane,roadSurface,roadworks,schoolBus,seriousInjuryCount,slipOrFlood,speedLimit,strayAnimal,streetLight,suv,taxi,temporarySpeedLimit,tlaId,tlaName,trafficControl,trafficIsland,trafficSign,train,tree,truck,unknownVehicleType,urban,vanOrUtility,vehicle,waterRiver,weatherA,weatherB
1832394,5853400,1491,,534603,0,0,0,0,0,North,2009/2010,AWAITI ROAD,PAEROA TAHUNA ROAD,,Non-Injury Crash,No,2009,0,North,0,0,0,Flat,0,,0,,0,Overcast,1094101,0,0,0,2,0,0,0,0,0,,0,0,Waikato Region,Nil,2-way,Sealed,0,0,0,0,100,0,Null,1,0,,15,Matamata-Piako District,Unknown,0,0,0,0,0,0,Open,0,0,0,Fine,Null
1745206,5919758,1492,,513301,0,,0,2,,West,2008/2009,UNIVERSAL DRIVE,LINCOLN ROAD,,Non-Injury Crash,No,2009,,East,,0,,Flat,,,,,,Dark,232001,0,0,0,4,,,0,,,,,,Auckland Region,Nil,2-way,Sealed,,0,0,,50,,On,0,0,,76,Auckland,Nil,,,,,0,0,Urban,0,,,Light rain,Null
1781448,5926000,1493,,520801,0,0,0,1,1,East,2008/2009,JELLICOE PARADE,ALISON ROAD,,Non-Injury Crash,No,2009,0,West,0,0,0,Flat,0,,0,,0,Dark,515104,0,0,0,2,0,0,0,0,0,,0,0,Auckland Region,Nil,2-way,Sealed,0,0,0,0,50,0,On,0,0,,76,Auckland,Unknown,0,0,0,0,0,0,Urban,0,0,0,Fine,Null
1767437,5904926,1494,,524604,0,,0,2,,Null,2009/2010,GREAT SOUTH ROAD,TE IRIRANGI DRIVE,,Non-Injury Crash,No,2009,,North,,0,,Flat,,,,,,Overcast,780302,0,0,0,2,,,0,,,,,,Auckland Region,Nil,2-way,Sealed,,0,0,,50,,Null,0,0,,76,Auckland,Traffic Signals,,,,,0,0,Urban,0,,,Fine,Null
1903702,5566760,1495,,549500,0,,0,1,,Null,2008/2009,Z FCT CALTEX,HERBERT/RUSSELL,,Non-Injury Crash,No,2009,,North,,0,,Flat,,,,,,Dark,1520500,0,0,0,0,,,0,,,,,,Hawke's Bay Region,Nil,Off road,Sealed,,0,0,,50,,On,0,0,,32,Central Hawke's Bay District,Nil,,,,,0,0,Urban,0,,,Fine,Null
1758244,5912380,1496,,519810,0,0,0,2,0,East,2008/2009,ARTHUR ST,NORMANS HILL ROAD,,Non-Injury Crash,No,2009,0,West,0,0,0,Flat,0,,0,,0,Dark,598700,0,0,0,2,0,0,0,0,1,,0,0,Auckland Region,Nil,2-way,Sealed,0,0,0,0,50,0,On,0,0,,76,Auckland,Nil,0,0,0,0,0,0,Urban,0,0,0,Fine,Null
1755606,5925590,1497,,509701,0,,0,1,,Null,2009/2010,EXMOUTH ROAD,LAKE ROAD,,Non-Injury Crash,No,2009,,South,,0,,Flat,,,,,,Bright sun,362501,0,0,0,2,,,0,,,,,,Auckland Region,Nil,2-way,Sealed,,0,0,,50,,Off,0,0,,76,Auckland,Give way,,,,,1,0,Urban,0,,,Fine,Null
1881479,5819856,1498,,538303,0,0,0,1,0,North,2008/2009,WELCOME BAY ROAD,ESMERALDA ST,,Non-Injury Crash,No,2009,0,South,0,0,1,Hill Road,0,,0,,0,Bright sun,1180201,0,0,0,2,0,0,0,0,0,,0,0,Bay of Plenty Region,Nil,2-way,Sealed,0,0,0,0,50,0,Null,0,0,,23,Tauranga City,Stop,0,0,0,0,0,0,Urban,0,0,0,Fine,Null
1877029,5821361,1499,,537500,0,,0,2,,Null,2009/2010,CAMERON ROAD,TWENTYTHIRD AVENUE,,Non-Injury Crash,No,2009,,South,,0,,Flat,,,,,,Bright sun,1171500,0,0,0,4,,,0,,,,,,Bay of Plenty Region,Nil,2-way,Sealed,,0,0,,50,,Null,0,0,,23,Tauranga City,Traffic Signals,,,,,0,0,Urban,0,,,Fine,Null
1767406,5900784,1500,,524720,0,0,0,1,0,South,2009/2010,WORDSWORTH ROAD,WINSFORD ST,,Non-Injury Crash,No,2009,0,North,0,0,0,Flat,0,,0,,0,Dark,777000,0,0,0,2,0,0,0,0,0,,0,0,Auckland Region,Nil,2-way,Sealed,0,0,0,0,60,0,On,0,0,,76,Auckland,Nil,1,0,0,0,0,0,Urban,0,0,0,Fine,Null
1793421,5768664,1501,,531304,0,0,0,1,1,South,2008/2009,OLD TE KUITI ROAD,GLENVIEW AVENUE,,Non-Injury Crash,No,2009,0,North,0,0,1,Hill Road,0,,0,,0,Dark,1002805,0,0,0,2,0,0,0,0,0,,0,1,Waikato Region,Nil,2-way,Sealed,0,0,0,0,100,0,None,0,0,,18,Ōtorohanga District,Nil,0,0,0,0,0,0,Open,0,0,0,Fine,Null
1755376,5921935,1502,,515202,0,,0,2,,North,2009/2010,SH 1N,SHELLY BEACH OBR,,Non-Injury Crash,Yes,2009,,South,,0,,Flat,,,,,,Dark,423600,0,0,0,3,,,0,,,,,,Auckland Region,Bridge,1-way,Sealed,,0,0,,80,,On,0,0,,76,Auckland,Nil,,,,,0,0,Open,0,,,Fine,Null
1764767,5911304,1503,,520500,0,,0,2,,South,2009/2010,SH 1N,MT WGTN OBR,,Non-Injury Crash,Yes,2009,,North,,0,,Flat,,,,,,Overcast,636200,0,0,0,3,,,0,,,,,,Auckland Region,Nil,2-way,Sealed,,0,0,,100,,Off,0,0,,76,Auckland,Nil,,,,,0,0,Open,0,,,Fine,Null
1763904,5912490,1504,,520500,0,,0,1,,Null,2009/2010,MT WGTN OFF NBD,MOUNT WELLINGTON HIGHWAY,,Non-Injury Crash,Yes,2009,,East,,0,,Flat,,,,,,Overcast,637300,0,0,0,2,,,0,,,,,,Auckland Region,Motorway ramp,2-way,Sealed,,0,0,,50,,Off,0,0,,76,Auckland,Give way,,,,,0,0,Urban,1,,,Light rain,Null
1859690,5834171,1505,,536615,0,,0,2,,East,2008/2009,MATAHUI ROAD,SH 2,,Non-Injury Crash,No,2009,,West,,0,,Flat,,Queens Birthday,,,,Dark,1185100,0,0,0,2,,,0,,,,,,Bay of Plenty Region,Nil,2-way,Sealed,,0,0,,100,,None,0,0,,22,Western Bay of Plenty District,Nil,,,,,0,0,Open,0,,,Fine,Null
1790323,5829070,1506,,528200,0,,0,1,,Null,2008/2009,RIVER ROAD,DUKE ST,,Non-Injury Crash,No,2009,,South,,0,,Flat,,,,,,Bright sun,858800,0,0,0,2,,,0,,,,,,Waikato Region,Nil,2-way,Sealed,,0,0,,50,,Null,1,0,,13,Waikato District,Stop,,,,,0,0,Urban,0,,,Fine,Null
1769249,5908833,1507,,523113,0,,0,2,,South,2009/2010,ACCENT DRIVE,EAST TAMAKI ROAD,,Non-Injury Crash,No,2009,,North,,0,,Flat,,,,,,Overcast,711901,0,0,0,5,,,0,,,,,,Auckland Region,Nil,2-way,Sealed,,0,0,,50,,Off,0,0,,76,Auckland,Nil,,,,,0,0,Urban,0,,,Light rain,Null
1771944,5914216,1508,,521602,0,0,0,2,0,East,2009/2010,GIBRALTAR ST,MOORE ST,,Non-Injury Crash,No,2009,0,West,0,0,0,Hill Road,0,,0,,0,Dark,649700,0,0,0,2,0,0,0,0,1,,0,0,Auckland Region,Nil,2-way,Sealed,0,0,0,0,50,0,On,1,0,,76,Auckland,Unknown,0,0,0,0,0,0,Urban,0,0,0,Fine,Null
1895746,5782199,1509,,538820,0,,0,0,,West,2008/2009,SH 30,TUMOANA ROAD,,Non-Injury Crash,Yes,2009,,West,,0,,Flat,,,,,,Bright sun,1251900,0,0,0,2,,,0,,,,,,Bay of Plenty Region,Nil,2-way,Sealed,,0,0,,100,,Null,0,0,,24,Rotorua District,Unknown,,,,,0,0,Open,1,,,Fine,Frost
1748601,5914808,1510,,511700,0,,0,2,,Null,2009/2010,ARCHLYNN ROAD,KELWYN ROAD,,Non-Injury Crash,No,2009,,North,,0,,Hill Road,,,,,,Bright sun,270000,0,0,0,2,,,0,,,,,,Auckland Region,Nil,2-way,Sealed,,0,0,,50,,Off,0,0,,76,Auckland,Nil,,,,,0,0,Urban,0,,,Fine,Null
1624730,5273687,1511,,585601,0,0,0,1,0,North,2008/2009,SH 1S,LEADER ROAD EAST,,Non-Injury Crash,Yes,2009,0,South,0,0,1,Flat,0,,0,,0,Dark,2431100,0,0,0,2,0,0,0,0,0,,0,0,Canterbury Region,Nil,2-way,Unsealed,0,0,0,0,100,0,None,0,0,50,58,Hurunui District,Unknown,0,0,0,0,0,0,Open,0,0,0,Fine,Null
1770223,5445233,1512,,564601,0,0,0,0,0,West,2009/2010,SH 2,MOONSHINE HILL ROAD,,Non-Injury Crash,Yes,2009,0,East,0,0,0,Flat,1,,0,,0,Bright sun,1903802,0,0,0,2,0,0,0,0,0,,0,0,Wellington Region,Nil,2-way,Sealed,0,0,0,0,100,0,Null,0,0,,45,Upper Hutt City,Nil,0,0,0,0,0,0,Open,1,0,0,Fine,Null
1889239,5820850,1513,,536517,0,,0,1,,Null,2009/2010,SH 2,DOMAIN ROAD,,Non-Injury Crash,Yes,2009,,South,,0,,Flat,,,,,,Bright sun,1205060,0,0,1,2,,,0,,,,,,Bay of Plenty Region,Nil,2-way,Sealed,,0,0,,100,,Null,0,0,,23,Tauranga City,Give way,,,,,0,0,Open,0,,,Fine,Null
1719494,6045534,1514,,503100,0,,0,2,,Null,2009/2010,CLYDE ST,CLYDE STREET,,Non-Injury Crash,No,2009,,North,,0,,Flat,,,,,,Overcast,100300,0,0,0,4,,,0,,,,,,Northland Region,Nil,2-way,Sealed,,0,0,,50,,Off,0,0,,2,Whangarei District,Give way,,,,,0,0,Urban,0,,,Fine,Null
1754663,5911900,1515,,519002,0,,0,1,,East,2009/2010,GLASS ROAD,DOMINION ROAD,,Non-Injury Crash,No,2009,,West,,0,,Hill Road,,,,,,Bright sun,590200,0,0,0,2,,,0,,,,,,Auckland Region,Nil,2-way,Sealed,,0,0,,50,,Off,0,0,,76,Auckland,Nil,,,,,0,0,Urban,1,,,Fine,Null
1746811,5918839,1516,,512401,0,,0,2,,Null,2009/2010,EDMONTON ROAD,FLANSHAW ROAD,,Non-Injury Crash,No,2009,,South,,0,,Flat,,,,,,Dark,255500,0,0,0,4,,,0,,,,,,Auckland Region,Nil,2-way,Sealed,,0,0,,50,,On,0,0,,76,Auckland,Give way,,,,,0,0,Urban,0,,,Light rain,Null
1801769,5814936,1517,,530200,0,,0,1,,Null,2009/2010,BRIDGE ST,VON TEMPSKY ST,,Non-Injury Crash,No,2009,,West,,0,,Flat,,,,,,Bright sun,892700,0,0,0,2,,,0,,,,,,Waikato Region,Nil,2-way,Sealed,,0,0,,50,,Null,0,0,,16,Hamilton City,Stop,,,,,0,0,Urban,1,,,Fine,Null
1761324,5906206,1518,,524200,0,0,0,0,1,Null,2009/2010,FRIESIAN DRIVE,MASSEY ROAD,,Non-Injury Crash,No,2009,0,West,0,0,0,Flat,0,,0,,0,Overcast,728801,0,0,0,2,0,0,0,0,0,,0,1,Auckland Region,Nil,2-way,Sealed,0,0,0,0,50,0,Off,0,0,,76,Auckland,Stop,0,0,0,0,0,0,Urban,1,0,0,Light rain,Null
1758646,5447935,1519,35,572200,0,0,0,1,1,North,2008/2009,SH 58,SPINNAKER DRIVE,,Non-Injury Crash,Yes,2009,0,East,0,0,0,Flat,0,,0,,0,Overcast,2071301,0,0,0,2,0,0,0,0,0,,0,0,Wellington Region,Nil,2-way,Sealed,0,0,0,0,80,0,Null,0,0,,44,Porirua City,Nil,0,0,0,0,0,0,Open,0,0,0,Light rain,Null
1771345,5900037,1520,,523911,0,,0,3,,Null,2009/2010,PORCHESTER ROAD,POPES ROAD,,Non-Injury Crash,No,2009,,South,,0,,Flat,,,,,,Overcast,767202,0,0,0,2,,,0,,,,,,Auckland Region,Nil,2-way,Sealed,,0,0,,80,,None,0,0,,76,Auckland,Stop,,,,,0,0,Open,0,,,Fine,Null
1989946,5744119,1521,35,543601,0,,0,0,,North,2008/2009,SH 2,TE WERA ROAD,,Non-Injury Crash,Yes,2009,,South,,0,,Hill Road,,,,,,Bright sun,1353300,0,0,0,2,,,0,,,,,,Gisborne Region,Nil,2-way,Sealed,,0,0,,70,,Null,0,0,,28,Gisborne District,Nil,,,,,1,0,Urban,0,,,Fine,Null
1769057,5915613,1522,,522730,0,,0,2,,South,2008/2009,PRINCE REGENT DRIVE,BIRMAN CLOSE,,Non-Injury Crash,No,2009,,North,,0,,Flat,,,,,,Dark,679806,0,0,0,2,,,0,,,,,,Auckland Region,Nil,2-way,Sealed,,0,0,,50,,Off,0,0,,76,Auckland,Nil,,,,,0,0,Urban,0,,,Fine,Null
1743305,5916866,1523,,513220,0,,0,1,,Null,2008/2009,BRITTANY DRIVE,CHADLINGTON AVENUE,,Non-Injury Crash,No,2009,,South,,0,,Flat,,,,,,Dark,236804,0,0,0,1,,,0,,,,,,Auckland Region,Nil,1-way,Sealed,,0,0,,50,,On,1,0,,76,Auckland,Give way,,,,,0,0,Urban,0,,,Light rain,Null
1749198,5970352,1524,,505500,0,,0,2,,Null,2009/2010,MILL LANE,WHITAKER ROAD,,Non-Injury Crash,No,2009,,South,,0,,Flat,,,,,,Bright sun,140900,0,0,0,2,,,0,,,,,,Auckland Region,Nil,2-way,Sealed,,0,0,,50,,Off,0,0,,76,Auckland,Stop,,,,,0,0,Urban,0,,,Fine,Null
1804473,5813732,1525,,530700,0,,0,2,,Null,2009/2010,SH 1N,SH 26,,Non-Injury Crash,Yes,2009,,East,,0,,Flat,,,,,,Overcast,889302,0,0,0,4,,,0,,,,,,Waikato Region,Nil,2-way,Sealed,,0,0,,50,,Null,0,0,,16,Hamilton City,Give way,,,,,0,0,Urban,0,,,Fine,Null
1824514,5463789,1526,,578600,0,0,0,1,0,Null,2008/2009,SH 2,QUEEN ST,,Non-Injury Crash,Yes,2009,0,South,0,0,0,Flat,0,,0,,0,Dark,2245400,0,0,0,2,0,0,0,0,0,,0,1,Wellington Region,Nil,2-way,Sealed,0,0,0,0,50,0,On,0,0,,48,Masterton District,Give way,1,0,0,0,0,0,Urban,0,0,0,Fine,Null
1801474,5813463,1527,,530400,0,0,0,0,0,Null,2009/2010,SH 1N NORMANDY,COBHAM DRIVE,,Non-Injury Crash,Yes,2009,0,South,0,0,0,Flat,1,,0,,0,Overcast,922400,0,0,0,4,0,0,0,0,0,,0,0,Waikato Region,Nil,2-way,Sealed,0,0,0,0,80,0,Off,0,0,,16,Hamilton City,Traffic Signals,0,0,0,0,0,0,Open,1,0,0,Heavy rain,Null
1805199,5439061,1528,,579803,0,0,0,0,0,North,2009/2010,BIDWILLS CUTTING ROAD,SH 53,,Non-Injury Crash,No,2009,0,North,0,0,0,Hill Road,0,,0,,0,Overcast,2271500,0,0,0,2,0,0,0,1,0,,0,0,Wellington Region,Nil,2-way,Sealed,0,0,0,0,100,0,Null,1,0,,50,South Wairarapa District,Nil,0,0,0,0,0,0,Open,0,0,0,Fine,Strong wind
1766704,5901049,1529,,524712,0,,0,1,,Null,2009/2010,SUNLANDS DRIVE,BEDLINGTON AVENUE,,Non-Injury Crash,No,2009,,West,,0,,Flat,,,,,,Overcast,777402,0,0,0,1,,,0,,,,,,Auckland Region,Nil,2-way,Sealed,,0,0,,50,,Off,1,0,,76,Auckland,Nil,,,,,0,0,Urban,0,,,Fine,Null
1799683,5814742,1530,,528900,0,,0,1,,North,2008/2009,QUEENS AVENUE,FRENCH ST,,Non-Injury Crash,No,2009,,East,,0,,Flat,,,,,,Overcast,915101,0,0,0,2,,,0,,,,,,Waikato Region,Nil,2-way,Sealed,,0,0,,50,,Off,0,0,,16,Hamilton City,Nil,,,,,0,0,Urban,1,,,Fine,Null
1751434,5917695,1531,,514900,0,,0,2,,West,2009/2010,ARLINGTON ST,HERDMAN ST,,Non-Injury Crash,No,2009,,East,,0,,Flat,,,,,,Bright sun,385500,0,0,0,2,,,0,,,,,,Auckland Region,Nil,2-way,Sealed,,0,0,,50,,Null,0,0,,76,Auckland,Unknown,,,,,0,0,Urban,0,,,Fine,Null
1755538,5915593,1532,,518302,0,,0,2,,Null,2009/2010,DOMINION ROAD,HALESOWEN AVENUE,,Non-Injury Crash,No,2009,,North,,0,,Flat,,,,,,Overcast,554900,0,0,0,4,,,0,,,,,,Auckland Region,Nil,2-way,Sealed,,0,0,,50,,Off,0,0,,76,Auckland,Stop,,,,,0,0,Urban,0,,,Light rain,Null
1718794,6047394,1533,,502600,0,,0,1,,Null,2009/2010,SH 1N,KENSINGTON AVENUE,,Non-Injury Crash,Yes,2009,,South,,0,,Flat,,,,,,Bright sun,95301,0,0,0,2,,,0,,,,,,Northland Region,Nil,2-way,Sealed,,0,0,,50,,Off,1,0,,2,Whangarei District,Nil,,,,,0,0,Urban,0,,,Fine,Null
1689986,6083739,1534,,501633,0,0,0,0,1,North,2008/2009,SH 1N,HAUTAPU ROAD,,Non-Injury Crash,Yes,2009,0,West,0,0,0,Hill Road,0,,0,,0,Dark,36301,0,0,0,2,0,0,0,0,0,,0,0,Northland Region,Nil,2-way,Sealed,0,0,0,0,100,0,None,1,0,,1,Far North District,Unknown,0,0,0,1,0,0,Open,0,0,0,Fine,Null
1756729,5927494,1535,,507900,0,,0,1,,East,2008/2009,NORTHCOTE ROAD,TAHAROTO ROAD,,Non-Injury Crash,No,2009,,East,,0,,Flat,,,,,,Overcast,304500,0,0,0,4,,,0,,,,,,Auckland Region,Nil,2-way,Sealed,,0,0,,50,,Off,1,0,,76,Auckland,Nil,,,,,0,0,Urban,0,,,Light rain,Null
1719342,6045770,1536,,503100,0,,0,2,,South,2009/2010,BANK ST,RUST AVENUE,,Non-Injury Crash,No,2009,,North,,0,,Flat,,,,,,Overcast,100300,0,0,0,4,,,0,,,,,,Northland Region,Nil,2-way,Sealed,,0,0,,50,,Off,0,0,,2,Whangarei District,Traffic Signals,,,,,0,0,Urban,0,,,Fine,Null
1761708,5913726,1537,,520202,0,,0,1,,South,2009/2010,GREAT SOUTH ROAD,MCNAB ST,,Non-Injury Crash,No,2009,,North,,0,,Flat,,,,,,Bright sun,612400,0,0,0,4,,,0,,,,,,Auckland Region,Nil,2-way,Sealed,,0,0,,50,,Off,0,0,,76,Auckland,Nil,,,,,1,0,Urban,0,,,Fine,Null
1749793,5914548,1538,,511303,0,,0,2,,West,2009/2010,RATA ST,BINSTED ROAD,,Non-Injury Crash,No,2009,,East,,0,,Flat,,,,,,Bright sun,266401,0,0,0,4,,,0,,,,,,Auckland Region,Nil,2-way,Sealed,,0,0,,50,,Null,0,0,,76,Auckland,Unknown,,,,,0,0,Urban,0,,,Fine,Null
1770046,5909600,1539,,523114,0,,0,2,,North,2008/2009,WAYNE FRANCIS DRIVE,BROSNA PLACE,,Non-Injury Crash,No,2009,,North,,0,,Flat,,,,,,Bright sun,711804,0,0,0,1,,,0,,,,,,Auckland Region,Nil,2-way,Sealed,,0,0,,50,,Off,0,0,,76,Auckland,Nil,,,,,0,0,Urban,0,,,Fine,Null
1764399,5912231,1540,,520500,0,,0,2,,Null,2009/2010,SH 1N,MT WGTN OFF NBD,,Non-Injury Crash,Yes,2009,,North,,0,,Flat,,,,,,Bright sun,639500,0,0,0,3,,,0,,,,,,Auckland Region,Nil,2-way,Sealed,,0,0,,100,,Off,0,0,,76,Auckland,Nil,,,,,0,0,Open,0,,,Fine,Null
1757112,5925586,1541,,509702,0,,0,2,,South,2008/2009,SH 1N,ESMONDE OBR,,Non-Injury Crash,Yes,2009,,South,,0,,Flat,,,,,,Overcast,364602,0,0,0,4,,,0,,,,,,Auckland Region,Nil,1-way,Sealed,,0,0,,100,,Off,0,0,,76,Auckland,Nil,,,,,0,0,Open,1,,,Light rain,Null
1657425,6049700,1542,,504501,0,,0,1,,West,2009/2010,MANGATU ROAD,MCLEAN ROAD,,Non-Injury Crash,No,2009,,South,,0,,Flat,,,,,,Overcast,119200,0,0,0,2,,,1,,,,,,Northland Region,Nil,2-way,Unsealed,,0,0,,100,,None,0,0,,3,Kaipara District,Nil,,,,,0,0,Open,0,,,Fine,Null
1744336,5915706,1543,,513013,0,,0,2,,Null,2009/2010,HENDERSON VALLEY ROAD,FOREST HILL ROAD,,Non-Injury Crash,No,2009,,North,,0,,Flat,,Christmas New Year,,,,Bright sun,281401,0,0,0,2,,,0,,,,,,Auckland Region,Nil,2-way,Sealed,,0,0,,50,,Off,0,0,,76,Auckland,Give way,,,,,0,0,Urban,0,,,Null,Null
1755277,5932031,1544,,508805,0,,0,0,,North,2008/2009,EAST COAST ROAD,CONSTELLATION DRIVE,,Non-Injury Crash,No,2009,,South,,0,,Hill Road,,,,,,Dark,151103,0,0,0,2,,,0,,,,,,Auckland Region,Nil,2-way,Sealed,,0,0,,50,,On,1,0,,76,Auckland,Traffic Signals,,,,,1,0,Urban,0,,,Fine,Null
1782678,5865711,1545,,527210,0,0,0,1,0,South,2009/2010,SH 1N,DRAG WAY,,Non-Injury Crash,Yes,2009,0,South,0,0,1,Flat,0,,0,,0,Dark,935600,0,0,0,4,0,0,0,0,0,,0,0,Waikato Region,Nil,2-way,Sealed,0,0,0,0,100,0,On,0,0,,13,Waikato District,Nil,0,0,0,0,0,0,Open,0,0,0,Fine,Null
1572883,5180390,1546,,593501,0,0,0,1,0,North,2008/2009,TANCRED ST,GLOUCESTER ST,,Non-Injury Crash,No,2009,0,West,0,0,0,Flat,0,,0,,1,Dark,2610100,0,0,0,2,0,0,0,0,1,,0,0,Canterbury Region,Nil,2-way,Sealed,0,0,0,0,50,0,On,0,0,,60,Christchurch City,Unknown,0,0,0,0,0,0,Urban,0,0,0,Fine,Null
1753913,5931638,1547,,508807,0,,0,2,,North,2009/2010,SH 1N,CONSTELLATION OBR,,Non-Injury Crash,Yes,2009,,North,,0,,Flat,,,,,,Bright sun,180810,0,0,0,3,,,0,,,,,,Auckland Region,Nil,1-way,Sealed,,0,0,,100,,Null,0,0,,76,Auckland,Unknown,,,,,0,0,Open,0,,,Fine,Null
1759062,5911756,1548,,519820,0,0,0,2,0,South,2009/2010,ONEHUNGA MALL,NEILSON ST,,Non-Injury Crash,No,2009,0,North,0,0,0,Flat,0,,0,,0,Bright sun,602402,0,0,0,2,0,0,0,0,1,,0,0,Auckland Region,Nil,2-way,Sealed,0,0,0,0,50,0,Off,0,0,,76,Auckland,Nil,0,0,0,0,0,0,Urban,0,0,0,Fine,Null
1315813,4873352,1549,,607300,0,,0,1,,West,2008/2009,SH 93,OWAKA VALLEY ROAD,,Minor Crash,Yes,2009,,West,,0,,Flat,,,,,,Bright sun,3000800,1,0,0,2,,,0,,,,,,Otago Region,Nil,2-way,Sealed,,0,0,,100,,Null,0,0,,72,Clutha District,Unknown,,,,,0,0,Open,0,,,Fine,Null
1758871,5920356,1550,,514101,0,0,0,1,0,West,2009/2010,SUDBURY TERRACE,SH 16,,Non-Injury Crash,No,2009,0,West,0,0,0,Flat,0,,0,,0,Bright sun,438223,0,0,0,2,0,0,0,0,1,,0,0,Auckland Region,Nil,2-way,Sealed,0,0,0,0,50,0,Off,0,0,,76,Auckland,Nil,0,0,0,0,0,0,Urban,1,0,0,Fine,Null
1759261,5906539,1551,,524200,0,,0,2,,South,2008/2009,SH 20A,KIRKBRIDE ROAD,,Non-Injury Crash,Yes,2009,,North,,0,,Flat,,,,,,Overcast,726400,0,0,0,4,,,0,,,,,,Auckland Region,Nil,2-way,Sealed,,0,0,,100,,Null,0,0,,76,Auckland,Traffic Signals,,,,,0,0,Open,0,,,Light rain,Null
1766708,5902708,1552,,524602,0,,0,2,,Null,2009/2010,DALGETY DRIVE,KERRS ROAD,,Non-Injury Crash,No,2009,,North,,0,,Flat,,,,,,Dark,780407,0,0,0,2,,,0,,,,,,Auckland Region,Nil,2-way,Sealed,,0,0,,70,,On,0,0,,76,Auckland,Traffic Signals,,,,,0,0,Urban,0,,,Fine,Null
1763712,5912968,1553,,520402,0,0,0,2,0,West,2009/2010,ARANUI ROAD,MOUNT WELLINGTON HIGHWAY,,Non-Injury Crash,No,2009,0,East,0,0,0,Flat,0,,0,,0,Dark,641503,0,0,0,2,0,0,0,0,1,,0,0,Auckland Region,Nil,2-way,Sealed,0,0,0,0,50,0,On,0,0,,76,Auckland,Unknown,0,0,0,0,0,0,Urban,0,0,0,Fine,Null
1759774,5436936,1554,,569301,0,0,0,2,0,West,2008/2009,SH 2,MELLING LINK,,Non-Injury Crash,Yes,2009,0,North,0,0,0,Flat,0,,0,,1,Twilight,1919900,0,0,0,3,0,0,0,0,0,,0,0,Wellington Region,Nil,1-way,Sealed,0,0,0,0,100,0,Off,0,0,,46,Lower Hutt City,Nil,0,0,0,0,0,0,Open,0,0,0,Fine,Null
1753438,5919651,1555,,515100,0,,0,1,,North,2008/2009,GARNET ROAD,NOTLEY ST,,Non-Injury Crash,No,2009,,North,,0,,Hill Road,,,,,,Bright sun,401600,0,0,0,2,,,0,,,,,,Auckland Region,Nil,2-way,Sealed,,0,0,,50,,Null,1,0,,76,Auckland,Unknown,,,,,0,0,Urban,0,,,Fine,Null
1801343,5812978,1556,,530400,0,0,0,2,0,West,2009/2010,BADER ST,WILLIS ST,,Non-Injury Crash,No,2009,0,East,0,0,0,Flat,0,,0,,0,Bright sun,922300,0,0,0,2,0,0,0,0,0,,0,0,Waikato Region,Nil,2-way,Sealed,0,0,0,0,50,0,Off,0,0,,16,Hamilton City,Nil,0,0,0,0,0,0,Urban,0,1,0,Fine,Null
1767111,5905525,1557,,524603,0,,0,1,,Null,2009/2010,REAGAN ROAD,GREAT SOUTH ROAD,,Non-Injury Crash,No,2009,,West,,0,,Flat,,,,,,Overcast,780205,0,0,0,3,,,0,,,,,,Auckland Region,Nil,2-way,Sealed,,0,0,,50,,On,0,0,,76,Auckland,Traffic Signals,,,,,1,0,Urban,0,,,Fine,Null
1753231,5914211,1558,,514500,0,,0,2,,Null,2009/2010,MAIORO ST,CORDELIA PLACE,,Non-Injury Crash,No,2009,,West,,0,,Flat,,,,,,Overcast,376403,0,0,0,4,,,0,,,,,,Auckland Region,Nil,2-way,Sealed,,0,0,,50,,Null,0,0,,76,Auckland,Give way,,,,,0,0,Urban,0,,,Fine,Null
1743697,5919354,1559,,513212,0,,0,2,,Null,2009/2010,SWANSON ROAD,DON BUCK ROAD,,Non-Injury Crash,No,2009,,North,,0,,Flat,,,,,,Bright sun,235600,0,0,0,4,,,0,,,,,,Auckland Region,Nil,2-way,Sealed,,0,0,,50,,Off,0,0,,76,Auckland,Give way,,,,,0,0,Urban,0,,,Fine,Null
1815898,5822943,1560,85,527125,0,0,0,1,0,North,2008/2009,SH 26,SCHOLLUM ROAD,,Non-Injury Crash,Yes,2009,0,South,0,0,1,Flat,0,,0,,0,Overcast,955800,0,0,0,2,0,0,0,0,0,,0,0,Waikato Region,Nil,2-way,Sealed,0,0,0,0,100,0,Null,0,0,,13,Waikato District,Unknown,0,0,0,0,0,0,Open,0,0,0,Light rain,Null
1624018,6114100,1561,,500301,0,,0,1,,Null,2008/2009,BANK ST,PUCKEY AVENUE,,Non-Injury Crash,No,2009,,East,,0,,Flat,,,,,,Dark,14600,0,0,0,2,,,0,,,,,,Northland Region,Nil,2-way,Sealed,,0,0,,50,,On,0,0,,1,Far North District,Give way,,,,,0,0,Urban,1,,,Light rain,Null