X,Y,OBJECTID,advisorySpeed,areaUnitID,bicycle,bridge,bus,carStationWagon,cliffBank,crashDirectionDescription,crashFinancialYear,crashLocation1,crashLocation2,crashRoadSideRoad,crashSeverity,crashSHDescription,crashYear,debris,directionRoleDescription,ditch,fatalCount,fence,flatHill,guardRail,holiday,houseOrBuilding,intersection,kerb,light,meshblockId,minorInjuryCount,moped,motorcycle,NumberOfLanes,objectThrownOrDropped,otherObject,otherVehicleType,overBank,parkedVehicle,pedestrian,phoneBoxEtc,postOrPole,region,roadCharacter,roadLane,roadSurface,roadworks,schoolBus,seriousInjuryCount,slipOrFlood,speedLimit,strayAnimal,streetLight,suv,taxi,temporarySpeedLimit,tlaId,tlaName,trafficControl,trafficIsland,trafficSign,train,tree,truck,unknownVehicleType,urban,vanOrUtility,vehicle,waterRiver,weatherA,weatherB
1747874,5426138,1562,,573200,0,,0,2,,Null,2008/2009,BROOKLYN ROAD,WASHINGTON AVENUE,,Non-Injury Crash,No,2009,,South,,0,,Hill Road,,,,,,Overcast,2159300,0,0,0,2,,,0,,,,,,Wellington Region,Nil,2-way,Sealed,,0,0,,50,,Null,0,0,,47,Wellington City,Give way,,,,,0,0,Urban,0,,,Light rain,Null
1836952,5859255,1563,,534300,0,,0,2,,Null,2008/2009,WILLOUGHBY ST,THORP ST,,Non-Injury Crash,No,2009,,North,,0,,Flat,,,,,,Bright sun,1074000,0,0,0,2,,,0,,,,,,Waikato Region,Nil,2-way,Sealed,,0,0,,50,,Null,0,0,,12,Hauraki District,Give way,,,,,0,0,Urban,0,,,Fine,Null
1822071,5530224,1564,,562800,0,,0,2,,Null,2008/2009,WARD ST,FITCHETT ST,,Non-Injury Crash,No,2009,,North,,0,,Flat,,,,,,Overcast,1830300,0,0,0,2,,,0,,,,,,Manawatū-Whanganui Region,Nil,2-way,Sealed,,0,0,,50,,Null,0,0,,40,Palmerston North City,Nil,,,,,0,0,Urban,0,,,Fine,Null
1406029,4913509,1565,,605400,0,,0,2,,Null,2008/2009,RICHARDSON ST,MOREAU ST,,Minor Crash,No,2009,,North,,0,,Flat,,,,,,Bright sun,2946800,1,0,0,2,,,0,,,,,,Otago Region,Nil,2-way,Sealed,,0,0,,50,,Null,0,1,,71,Dunedin City,Stop,,,,,0,0,Urban,0,,,Fine,Null
1766163,5908216,1566,,523402,0,,0,2,,Null,2008/2009,BAIRDS ROAD,GILBERT ROAD,,Non-Injury Crash,No,2009,,East,,0,,Flat,,,,,,Dark,698100,0,0,0,2,,,0,,,,,,Auckland Region,Nil,2-way,Sealed,,0,0,,50,,On,0,0,,76,Auckland,Give way,,,,,0,0,Urban,0,,,Fine,Null
1767225,5902917,1567,,524602,0,,0,2,,West,2009/2010,KERRS ROAD,DRUCES ROAD,,Non-Injury Crash,No,2009,,West,,0,,Flat,,,,,,Overcast,780404,0,0,0,2,,,0,,,,,,Auckland Region,Nil,2-way,Sealed,,0,0,,50,,Null,0,0,,76,Auckland,Unknown,,,,,0,0,Urban,0,,,Light rain,Null
1805161,5833279,1568,,527111,0,0,0,1,0,East,2008/2009,WHITIKAHU ROAD,TENFOOT ROAD,,Non-Injury Crash,No,2009,0,West,1,0,1,Flat,0,,0,,0,Overcast,949500,0,0,0,2,0,0,0,0,0,,0,0,Waikato Region,Nil,2-way,Sealed,0,0,0,0,70,0,None,0,0,,13,Waikato District,Nil,0,0,0,0,0,0,Urban,0,0,0,Fine,Null
1755808,5916557,1569,,518201,0,,0,2,,North,2009/2010,DOMINION ROAD,MOUNT PLEASANT ROAD,,Non-Injury Crash,No,2009,,South,,0,,Flat,,,,,,Twilight,552800,0,0,0,2,,,0,,,,,,Auckland Region,Nil,2-way,Sealed,,0,0,,50,,Off,1,0,,76,Auckland,Unknown,,,,,0,0,Urban,0,,,Fine,Null
2054458,5719897,1570,,544001,0,0,0,0,0,South,2009/2010,SH 35,WAIOMOKO ROAD,,Non-Injury Crash,Yes,2009,0,North,0,0,1,Flat,0,,0,,0,Overcast,1357000,0,0,0,2,0,0,0,1,0,,0,0,Gisborne Region,Nil,2-way,Sealed,0,0,0,0,100,0,Null,1,0,,28,Gisborne District,Nil,0,0,0,0,0,0,Open,0,0,0,Fine,Null
1754030,5931358,1571,,508803,0,,0,2,,Null,2009/2010,UPPER HWY OFF NBD W,SH 18,,Non-Injury Crash,Yes,2009,,North,,0,,Flat,,,,,,Bright sun,180818,0,0,0,3,,,0,,,,,,Auckland Region,Motorway ramp,1-way,Sealed,,0,0,,50,,Null,0,0,,76,Auckland,Give way,,,,,0,0,Urban,0,,,Fine,Null
1770399,5912328,1572,,523105,0,,0,2,,Null,2009/2010,BOTANY ROAD,MILLHOUSE DRIVE,,Non-Injury Crash,No,2009,,South,,0,,Flat,,,,,,Bright sun,711139,0,0,0,4,,,0,,,,,,Auckland Region,Nil,2-way,Sealed,,0,0,,60,,Off,0,0,,76,Auckland,Traffic Signals,,,,,0,0,Urban,0,,,Fine,Null
1745242,5919193,1573,,513301,0,,0,1,,North,2008/2009,LINCOLN ROAD,POMARIA ROAD,,Non-Injury Crash,No,2009,,North,,0,,Flat,,,,,,Overcast,232003,0,0,0,4,,,0,,,,,,Auckland Region,Nil,2-way,Sealed,,0,0,,50,,Off,0,0,,76,Auckland,Traffic Signals,,,,,1,0,Urban,0,,,Fine,Null
1619027,6096891,1574,,500204,0,0,0,1,1,South,2008/2009,WHANGAPE ROAD,KAITAIA-AWAROA ROAD,,Non-Injury Crash,No,2009,0,South,0,0,0,Hill Road,0,,0,,0,Dark,12102,0,0,0,1,0,0,0,0,0,,0,0,Northland Region,Nil,2-way,Unsealed,0,0,0,0,100,0,None,0,0,,1,Far North District,Nil,0,0,0,0,0,0,Open,0,0,0,Fine,Null
1797019,5528147,1575,,561422,0,,0,4,,Null,2008/2009,SH 1N,LAKE ROAD,,Non-Injury Crash,Yes,2009,,South,,0,,Flat,,,,,,Dark,1786200,0,0,0,2,,,0,,,,,,Manawatū-Whanganui Region,Nil,2-way,Sealed,,0,0,,100,,On,0,0,,39,Manawatu District,Give way,,,,,0,0,Open,0,,,Light rain,Null
1758052,5927099,1576,,508010,0,0,0,2,0,West,2008/2009,HURON ST,LAKE ROAD,,Non-Injury Crash,No,2009,0,East,0,0,0,Flat,0,,0,,0,Bright sun,327800,0,0,0,2,0,0,0,0,1,,0,0,Auckland Region,Nil,2-way,Sealed,0,0,0,0,50,0,Off,0,0,,76,Auckland,Nil,0,0,0,0,0,0,Urban,0,0,0,Null,Null
1769671,5914743,1577,,522711,0,,0,1,,Null,2009/2010,PAKURANGA ROAD,DUNROBIN PLACE,,Non-Injury Crash,No,2009,,West,,0,,Flat,,,,,,Overcast,680709,0,0,0,2,,,0,,,,,,Auckland Region,Nil,2-way,Sealed,,0,0,,50,,Off,0,0,,76,Auckland,Traffic Signals,,,,,0,0,Urban,1,,,Light rain,Null
1825500,5468841,1578,,578302,0,0,0,1,0,North,2009/2010,WILLOW PARK DRIVE,SH 2,,Non-Injury Crash,No,2009,0,South,0,0,1,Flat,0,,0,,0,Overcast,2253300,0,0,0,2,0,0,0,0,0,,0,0,Wellington Region,Nil,2-way,Sealed,0,0,0,0,80,0,Null,0,0,,48,Masterton District,Nil,0,0,0,0,0,0,Open,0,0,0,Fine,Null
1768772,5904449,1579,,523820,0,,0,2,,South,2009/2010,EVERGLADE DRIVE,REDOUBT ROAD,,Non-Injury Crash,No,2009,,North,,0,,Hill Road,,,,,,Overcast,759902,0,0,0,2,,,0,,,,,,Auckland Region,Nil,2-way,Sealed,,0,0,,50,,Off,0,0,,76,Auckland,Nil,,,,,0,0,Urban,0,,,Fine,Null
1767639,5914601,1580,,522820,0,0,0,2,0,North,2009/2010,ROADLEY AVENUE,ANDREA PLACE,,Non-Injury Crash,No,2009,0,West,0,0,0,Flat,0,,0,,0,Dark,692302,0,0,0,2,0,0,0,0,1,,0,0,Auckland Region,Nil,2-way,Sealed,0,0,0,0,50,0,On,0,0,,76,Auckland,Unknown,0,0,0,0,0,0,Urban,0,0,0,Null,Null
1920993,5781851,1581,,542540,0,0,0,1,0,East,2008/2009,SH 30,KAWERAU ROAD E,,Non-Injury Crash,Yes,2009,0,West,0,0,1,Hill Road,0,,0,,0,Overcast,1326002,0,0,0,2,0,0,0,0,0,,0,0,Bay of Plenty Region,Nil,2-way,Sealed,0,0,0,0,100,0,Null,0,0,,25,Whakatane District,Unknown,0,0,0,0,0,0,Open,0,0,0,Heavy rain,Strong wind
1785880,5926623,1582,,520801,0,0,0,1,0,Null,2008/2009,THE STRAND,THIRD AVENUE,,Non-Injury Crash,No,2009,0,East,0,0,0,Flat,0,,0,,0,Dark,515704,0,0,0,2,0,0,0,0,0,,0,1,Auckland Region,Nil,2-way,Sealed,0,0,0,0,50,0,None,0,0,,76,Auckland,Nil,0,0,0,0,0,0,Urban,0,0,0,Fine,Null
1748234,5428854,1583,,572900,0,0,0,1,0,North,2008/2009,TINAKORI ROAD,BOWEN ST,,Non-Injury Crash,No,2009,0,South,0,0,0,Flat,0,,0,,0,Bright sun,2123200,0,0,0,2,0,0,0,0,1,,0,0,Wellington Region,Nil,2-way,Sealed,0,0,0,0,50,0,Null,0,0,,47,Wellington City,Nil,0,0,0,0,1,0,Urban,0,0,0,Fine,Null
1758116,5915486,1584,,519300,0,,0,1,,East,2008/2009,GREEN LANE WEST,MANUKAU ROAD,,Non-Injury Crash,No,2009,,West,,0,,Flat,,,,,,Bright sun,623100,0,0,0,4,,,0,,,,,,Auckland Region,Nil,2-way,Sealed,,0,0,,50,,Null,0,0,,76,Auckland,Traffic Signals,,,,,1,0,Urban,0,,,Fine,Null
1797890,5814589,1585,,528601,0,,1,0,,Null,2009/2010,SH 23,DINSDALE ROAD,,Non-Injury Crash,Yes,2009,,East,,0,,Flat,,,,,,Bright sun,920302,0,0,0,4,,,0,,,,,,Waikato Region,Nil,2-way,Sealed,,0,0,,50,,Null,1,0,,16,Hamilton City,Give way,,,,,0,0,Urban,0,,,Fine,Null
1746236,5923990,1586,,513522,0,0,0,2,0,West,2009/2010,RAPHAEL PLACE,LUCKENS ROAD,,Non-Injury Crash,No,2009,0,South,0,0,0,Flat,0,,0,,0,Dark,224127,0,0,0,0,0,0,0,0,1,,0,0,Auckland Region,Nil,2-way,Sealed,0,0,0,0,50,0,On,0,0,,76,Auckland,Nil,0,0,0,0,0,0,Urban,0,0,0,Light rain,Null
1769315,5907462,1587,,523711,0,,0,2,,Null,2009/2010,TE IRIRANGI DRIVE,ORMISTON ROAD,,Non-Injury Crash,No,2009,,East,,0,,Flat,,,,,,Dark,712801,0,0,0,4,,,0,,,,,,Auckland Region,Nil,2-way,Sealed,,0,0,,80,,On,0,0,,76,Auckland,Traffic Signals,,,,,0,0,Open,0,,,Fine,Null
1773863,5472331,1588,,563703,0,,0,2,,South,2008/2009,SH 1N,TE MOANA ROAD,,Non-Injury Crash,Yes,2009,,North,,0,,Flat,,,,,,Bright sun,1876400,0,0,0,4,,,0,,,,,,Wellington Region,Nil,2-way,Sealed,,0,0,,70,,Null,0,0,,43,Kapiti Coast District,Nil,,,,,0,0,Urban,0,,,Fine,Null
1750820,5934694,1589,,508701,0,0,0,1,0,Null,2009/2010,DAIRY FLAT HIGHWAY,STEVENSONS CRESCENT,,Non-Injury Crash,No,2009,0,West,0,0,0,Hill Road,0,,0,,0,Overcast,178402,0,0,0,3,0,0,0,0,0,,0,1,Auckland Region,Nil,2-way,Sealed,0,0,0,0,80,0,Off,0,0,,76,Auckland,Nil,0,0,0,0,0,0,Open,0,0,0,Light rain,Null
1798101,5818381,1590,,528403,0,,0,1,,North,2009/2010,TE RAPA ROAD,MAHANA ROAD,,Non-Injury Crash,No,2009,,South,,0,,Flat,,,,,,Bright sun,907900,0,0,0,4,,,0,,,,,,Waikato Region,Nil,2-way,Sealed,,0,0,,50,,Null,0,0,,16,Hamilton City,Unknown,,,,,1,0,Urban,0,,,Fine,Null
1796589,5817211,1591,,528503,0,0,0,1,0,North,2009/2010,AILEEN PLACE,CRAWSHAW DRIVE,,Non-Injury Crash,No,2009,0,North,0,0,0,Flat,0,,0,,0,Dark,976715,0,0,0,0,0,0,0,0,0,,0,0,Waikato Region,Nil,2-way,Sealed,0,0,0,0,50,0,On,0,0,,16,Hamilton City,Nil,0,0,0,1,0,0,Urban,0,0,0,Fine,Null
1534574,5206887,1592,,586802,0,0,0,1,0,West,2009/2010,QUEEN ST,HIGH ST,,Serious Crash,No,2009,0,West,1,0,0,Flat,0,Labour Weekend,0,,0,Dark,2457801,4,0,0,2,0,0,0,0,0,,0,0,Canterbury Region,Nil,2-way,Sealed,0,0,1,0,30,0,On,0,0,,59,Waimakariri District,Unknown,0,0,0,0,0,0,Urban,0,0,0,Fine,Null
1933203,5620958,1593,,546400,0,,0,2,,Null,2008/2009,SH 2B,PREBENSEN DRIVE,,Non-Injury Crash,No,2009,,West,,0,,Flat,,,,,,Bright sun,1426300,0,0,0,4,,,0,,,,,,Hawke's Bay Region,Nil,2-way,Sealed,,0,0,,50,,Null,0,0,,31,Napier City,Give way,,,,,0,0,Urban,0,,,Fine,Null
1744664,5919995,1594,,513301,0,0,0,1,0,North,2009/2010,RIVERPARK CRESCENT,UNIVERSAL DRIVE,,Non-Injury Crash,No,2009,0,North,0,0,1,Flat,0,,0,,0,Dark,233600,0,0,0,2,0,0,0,0,0,,0,0,Auckland Region,Nil,2-way,Sealed,0,0,0,0,50,0,On,0,0,,76,Auckland,Nil,0,0,0,0,0,0,Urban,0,0,0,Fine,Null
1766010,5900585,1595,,524713,0,,0,0,,East,2009/2010,WORDSWORTH ROAD,ROSCOMMON ROAD,,Non-Injury Crash,No,2009,,North,,0,,Flat,,,,,,Bright sun,775817,0,0,0,2,,,0,,,,,,Auckland Region,Nil,2-way,Sealed,,0,0,,50,,Off,2,0,,76,Auckland,Nil,,,,,0,0,Urban,0,,,Fine,Null
1748724,5427694,1596,,573000,0,,0,1,,Null,2008/2009,MERCER ST,VICTORIA ST,,Non-Injury Crash,No,2009,,East,,0,,Flat,,,,,,Overcast,2127800,0,0,0,2,,,0,,,,,,Wellington Region,Nil,2-way,Sealed,,0,0,,50,,Null,1,0,,47,Wellington City,Traffic Signals,,,,,0,0,Urban,0,,,Light rain,Null
1936810,5621326,1597,,546901,0,,0,2,,Null,2009/2010,DALTON ST,DICKENS ST,,Minor Crash,No,2009,,North,,0,,Flat,,,,,,Overcast,1428400,1,0,0,2,,,0,,,,,,Hawke's Bay Region,Nil,2-way,Sealed,,0,0,,50,,Null,0,0,,31,Napier City,Stop,,,,,0,0,Urban,0,,,Fine,Null
1855398,5761930,1598,,535262,0,0,0,1,1,South,2009/2010,GALAXY ROAD WEST,MOSSOP ROAD,,Non-Injury Crash,No,2009,0,North,0,0,0,Flat,0,,0,,0,Overcast,1152602,0,0,0,2,0,0,0,0,0,,0,0,Waikato Region,Nil,Off road,Sealed,0,0,0,0,80,0,Null,0,0,,19,South Waikato District,Unknown,0,0,0,0,0,0,Open,0,0,0,Light rain,Null
1754504,5919922,1599,,515301,0,,0,2,,Null,2009/2010,RICHMOND ROAD,PARAWAI CRESCENT,,Non-Injury Crash,No,2009,,East,,0,,Hill Road,,,,,,Bright sun,426900,0,0,0,2,,,0,,,,,,Auckland Region,Nil,2-way,Sealed,,0,0,,50,,Off,0,0,,76,Auckland,Give way,,,,,0,0,Urban,0,,,Fine,Null
1749309,5918161,1600,,514801,0,,0,3,,East,2008/2009,SH 16,ROSEBANK OBR,,Non-Injury Crash,Yes,2009,,West,,0,,Flat,,,,,,Dark,390401,0,0,0,3,,,0,,,,,,Auckland Region,Nil,1-way,Sealed,,0,0,,100,,On,0,0,,76,Auckland,Nil,,,,,0,0,Open,0,,,Heavy rain,Null
1758963,5904604,1601,,524200,0,,0,3,,North,2008/2009,GEORGE BOLT MEMORIAL DRIV,NIXON ROAD,,Non-Injury Crash,No,2009,,South,,0,,Flat,,,,,,Bright sun,727800,0,0,0,2,,,0,,,,,,Auckland Region,Nil,1-way,Sealed,,0,0,,100,,Off,0,0,,76,Auckland,Nil,,,,,0,0,Open,1,,,Fine,Null
1575950,5178037,1602,,594020,1,,0,1,,East,2009/2010,LINWOOD AVENUE,DYERS ROAD,,Minor Crash,No,2009,,North,,0,,Flat,,,,,,Bright sun,2589600,1,0,0,2,,,0,,,,,,Canterbury Region,Nil,2-way,Sealed,,0,0,,60,,Null,0,0,,60,Christchurch City,Nil,,,,,0,0,Urban,0,,,Fine,Null
1755044,5929206,1603,,508420,0,,0,1,,Null,2009/2010,TARGET ROAD,WAIRAU ROAD,,Non-Injury Crash,No,2009,,West,,0,,Flat,,,,,,Bright sun,183800,0,0,0,5,,,0,,,,,,Auckland Region,Nil,2-way,Sealed,,0,0,,50,,Off,1,0,,76,Auckland,Nil,,,,,0,0,Urban,0,,,Fine,Null
1755285,5924718,1604,,509800,0,,0,1,,West,2009/2010,ONEWA ROAD,NUTSEY AVENUE,,Non-Injury Crash,No,2009,,East,,0,,Hill Road,,,,,,Twilight,360200,0,0,0,4,,,0,,,,,,Auckland Region,Nil,2-way,Sealed,,0,0,,50,,On,0,0,,76,Auckland,Nil,,,,,0,0,Urban,1,,,Light rain,Null
1755437,5921524,1605,,515202,0,,0,2,,North,2009/2010,SH 1N,FANSHAWE OFF SBD,,Non-Injury Crash,Yes,2009,,South,,0,,Flat,,,,,,Bright sun,423600,0,0,0,4,,,0,,,,,,Auckland Region,Nil,2-way,Sealed,,0,0,,80,,Null,0,0,,76,Auckland,Unknown,,,,,0,0,Open,0,,,Fine,Null
1936801,5616930,1606,,545632,0,,0,1,,North,2009/2010,SH 2,AWATOTO ROAD,,Minor Crash,Yes,2009,,North,,0,,Flat,,,,,,Dark,1402900,4,0,0,2,,,0,,,,,,Hawke's Bay Region,Nil,2-way,Sealed,,0,0,,100,,None,0,0,,31,Napier City,Nil,,,,,0,0,Open,1,,,Fine,Null
1405707,4916979,1607,,603000,0,,0,1,,Null,2009/2010,YORK PLACE,TENNYSON ST,,Minor Crash,No,2009,,West,,0,,Hill Road,,,,,,Overcast,2898800,1,0,0,2,,,0,,,,,,Otago Region,Nil,2-way,Sealed,,0,0,,50,,Null,0,0,,71,Dunedin City,Give way,,,,,0,0,Urban,1,,,Fine,Null
1769081,5904662,1608,,523722,0,0,0,1,0,Null,2009/2010,REDOUBT ROAD,GOODWOOD DRIVE,,Non-Injury Crash,No,2009,1,West,0,0,0,Flat,0,,0,,0,Dark,716018,0,0,0,2,0,0,0,0,0,,0,0,Auckland Region,Nil,2-way,Sealed,0,0,0,0,50,0,Off,0,0,,76,Auckland,Stop,0,0,0,0,0,0,Urban,0,0,0,Fine,Null
1892634,5813106,1609,,538502,0,,0,1,,West,2008/2009,JELLICOE ST,BOUCHER AVENUE,,Non-Injury Crash,No,2009,,West,,0,,Hill Road,,,,,,Bright sun,1214800,0,0,0,4,,,0,,,,,,Bay of Plenty Region,Nil,2-way,Sealed,,0,0,,50,,Null,0,0,,22,Western Bay of Plenty District,Unknown,,,,,1,0,Urban,0,,,Fine,Null
1750077,5918002,1610,,514801,0,,0,3,,East,2009/2010,SH 16,ROSEBANK OBR,,Non-Injury Crash,Yes,2009,,North,,0,,Flat,,,,,,Twilight,390401,0,0,0,3,,,0,,,,,,Auckland Region,Nil,1-way,Sealed,,0,0,,100,,On,0,0,,76,Auckland,Unknown,,,,,0,0,Open,1,,,Fine,Null
1573160,5180315,1611,,593600,0,,0,1,,North,2009/2010,GLOUCESTER ST,LINWOOD AVENUE,,Minor Crash,No,2009,,North,,0,,Flat,,Labour Weekend,,,,Bright sun,2612100,1,0,0,2,,,0,,,1,,,Canterbury Region,Nil,2-way,Sealed,,0,0,,50,,Null,0,0,,60,Christchurch City,Unknown,,,,,0,0,Urban,0,,,Fine,Null
1749267,5424944,1612,,576400,0,,0,4,,West,2008/2009,CONSTABLE ST,OWEN ST,,Minor Crash,No,2009,,West,,0,,Hill Road,,,,,,Overcast,2169101,2,0,0,2,,,0,,,,,,Wellington Region,Nil,2-way,Sealed,,0,0,,50,,Null,0,0,,47,Wellington City,Nil,,,,,0,0,Urban,0,,,Fine,Null
1755148,5937721,1613,,506903,0,0,0,1,0,South,2009/2010,GLENVAR ROAD,ASHLEY AVENUE,,Non-Injury Crash,No,2009,0,North,0,0,0,Hill Road,0,,0,,0,Dark,166901,0,0,0,2,0,0,0,1,0,,0,0,Auckland Region,Nil,2-way,Sealed,0,0,0,0,50,0,On,0,0,,76,Auckland,Nil,0,0,0,0,0,0,Urban,0,0,0,Fine,Null
1762181,5913653,1614,,520500,0,,0,2,,South,2008/2009,SH 1N,PENROSE OBR,,Non-Injury Crash,Yes,2009,,North,,0,,Flat,,,,,,Dark,637100,0,0,0,3,,,0,,,,,,Auckland Region,Nil,1-way,Sealed,,0,0,,100,,On,0,0,,76,Auckland,Unknown,,,,,0,0,Open,0,,,Fine,Null
1871081,5823507,1615,,536503,0,0,0,1,0,East,2009/2010,SH 2,TE PUNA ROAD,,Non-Injury Crash,Yes,2009,0,East,0,0,0,Hill Road,0,Christmas New Year,0,,0,Bright sun,1188103,0,0,0,2,0,0,0,0,0,,0,0,Bay of Plenty Region,Nil,2-way,Sealed,0,0,0,0,100,0,Off,0,0,,22,Western Bay of Plenty District,Unknown,0,1,0,0,0,0,Open,0,0,0,Fine,Null
1748775,5914479,1616,,511302,0,,0,1,,Null,2008/2009,RIMU ST,LYNWOOD ROAD,,Non-Injury Crash,No,2009,,East,,0,,Flat,,,,,,Bright sun,268200,0,0,1,2,,,0,,,,,,Auckland Region,Nil,2-way,Sealed,,0,0,,50,,Off,0,0,,76,Auckland,Stop,,,,,0,0,Urban,0,,,Fine,Null
1800837,5815176,1617,,529700,0,,0,2,,Null,2008/2009,ANGLESEA ST,CARO ST,,Non-Injury Crash,No,2009,,South,,0,,Flat,,,,,,Overcast,910900,0,0,0,2,,,0,,,,,,Waikato Region,Nil,2-way,Sealed,,0,0,,50,,Null,0,0,,16,Hamilton City,Give way,,,,,0,0,Urban,0,,,Light rain,Null
1760143,5915989,1618,,516002,0,,0,2,,North,2008/2009,GREENLANE OFF SBD,GREENLANE INT,,Non-Injury Crash,Yes,2009,,South,,0,,Hill Road,,,,,,Overcast,492100,0,0,0,2,,,0,,,,,,Auckland Region,Motorway ramp,1-way,Sealed,,0,0,,50,,Off,0,0,,76,Auckland,Nil,,,,,0,0,Urban,0,,,Fine,Null
1753690,5931227,1619,,508803,0,,0,2,,South,2009/2010,CARIBBEAN DRIVE,SH 18,,Non-Injury Crash,No,2009,,South,,0,,Hill Road,,,,,,Overcast,180815,0,0,0,2,,,0,,,,,,Auckland Region,Nil,2-way,Sealed,,0,0,,50,,Null,0,0,,76,Auckland,Traffic Signals,,,,,0,0,Urban,0,,,Fine,Null
1749979,5914073,1620,,511303,0,,0,2,,East,2009/2010,GREAT NORTH ROAD,MEMORIAL SQUARE,,Non-Injury Crash,No,2009,,West,,0,,Flat,,,,,,Overcast,266000,0,0,0,4,,,0,,,,,,Auckland Region,Nil,2-way,Sealed,,0,0,,50,,Off,0,0,,76,Auckland,Traffic Signals,,,,,0,0,Urban,0,,,Light rain,Null
1564024,5179253,1621,,587701,0,0,0,0,0,North,2009/2010,MAIN SOUTH ROAD,BLENHEIM ROAD,,Minor Crash,No,2009,0,North,0,0,0,Flat,0,,0,,0,Bright sun,2479800,1,0,1,2,0,0,0,0,1,,0,0,Canterbury Region,Nil,2-way,Sealed,0,0,0,0,50,0,Null,1,0,,60,Christchurch City,Unknown,0,0,0,0,0,0,Urban,0,0,0,Fine,Null
1839301,5605137,1622,,559400,0,0,0,1,0,West,2009/2010,RURU ROAD,SH 1N,,Minor Crash,No,2009,0,North,1,0,0,Hill Road,0,,0,,0,Dark,1748700,2,0,0,2,0,0,0,0,0,,0,0,Manawatū-Whanganui Region,Nil,2-way,Sealed,0,0,0,0,50,0,None,0,0,,38,Rangitikei District,Nil,0,0,0,1,0,0,Urban,0,0,0,Light rain,Null
1798389,5815896,1623,,528900,0,,0,1,,Null,2008/2009,SH 1N,RIFLE RANGE ROAD,,Non-Injury Crash,Yes,2009,,South,,0,,Flat,,,,,,Bright sun,915400,0,0,0,4,,,0,,,,,,Waikato Region,Nil,2-way,Sealed,,0,0,,50,,Null,0,0,,16,Hamilton City,Give way,,,,,1,0,Urban,0,,,Fine,Null
1773291,5879101,1624,,521117,0,0,0,1,0,South,2009/2010,HARRISVILLE ROAD,LOGAN ROAD,,Non-Injury Crash,No,2009,0,South,0,0,1,Hill Road,0,,0,,0,Dark,827902,0,0,0,2,0,0,0,0,0,,0,0,Waikato Region,Nil,2-way,Sealed,0,0,0,0,100,0,None,0,0,,13,Waikato District,Nil,0,0,0,0,0,0,Open,0,0,0,Fine,Null
1768986,5881018,1625,,525910,0,,0,2,,East,2008/2009,MASSEY AVENUE,EDINBURGH ST,,Non-Injury Crash,No,2009,,West,,0,,Flat,,,,,,Bright sun,818900,0,0,0,2,,,0,,,,,,Auckland Region,Nil,2-way,Sealed,,0,0,,50,,Off,0,0,,76,Auckland,Nil,,,,,0,0,Urban,0,,,Fine,Null
1756439,5927121,1626,,507900,0,,0,3,,South,2008/2009,SH 1N,NORTHCOTE OBR,,Non-Injury Crash,Yes,2009,,South,,0,,Flat,,,,,,Twilight,303502,0,0,0,3,,,0,,,,,,Auckland Region,Nil,1-way,Sealed,,0,0,,100,,On,0,0,,76,Auckland,Unknown,,,,,0,0,Open,0,,,Fine,Null
1495155,5378739,1627,,584409,0,0,0,1,0,South,2009/2010,SH 67,WHAREATA RIV BR,,Minor Crash,Yes,2009,0,South,1,0,1,Flat,0,,0,,0,Dark,2386500,1,0,0,2,0,0,0,0,0,,0,0,West Coast Region,Nil,2-way,Sealed,0,0,0,0,100,0,None,0,0,,55,Buller District,Unknown,0,0,0,0,0,0,Open,0,0,0,Light rain,Null
1406661,4918022,1628,,603602,0,,0,1,,Null,2009/2010,GEORGE ST,UNION ST WEST,,Minor Crash,No,2009,,North,,0,,Flat,,,,,,Bright sun,2864500,1,0,0,2,,,0,,,1,,,Otago Region,Nil,2-way,Sealed,,0,0,,50,,Null,0,0,,71,Dunedin City,Give way,,,,,0,0,Urban,0,,,Fine,Null
1878538,5821648,1629,,538102,0,0,0,2,0,South,2008/2009,GRACE ROAD,SIXTEENTH AVENUE,,Non-Injury Crash,No,2009,0,South,0,0,0,Flat,0,,0,,0,Bright sun,1171100,0,0,0,2,0,0,0,0,1,,0,0,Bay of Plenty Region,Nil,2-way,Sealed,0,0,0,0,50,0,Null,0,0,,23,Tauranga City,Unknown,0,0,0,0,0,0,Urban,0,0,0,Fine,Null
1768079,5904355,1630,,523820,0,,0,1,,Null,2009/2010,REDOUBT ROAD,MANUKAU ON SBD,,Non-Injury Crash,No,2009,,West,,0,,Hill Road,,,,,,Dark,759901,0,0,0,3,,,0,,,,,,Auckland Region,Motorway ramp,2-way,Sealed,,0,0,,50,,On,0,0,,76,Auckland,Traffic Signals,,,,,0,0,Urban,1,,,Fine,Null
1763002,5914158,1631,,520401,0,0,0,2,0,West,2008/2009,LEONARD ROAD,PANORAMA ROAD,,Non-Injury Crash,No,2009,0,South,0,0,0,Flat,0,,0,,0,Bright sun,644501,0,0,0,2,0,0,0,0,1,,0,0,Auckland Region,Nil,2-way,Sealed,0,0,0,0,50,0,Null,0,0,,76,Auckland,Nil,0,0,0,0,0,0,Urban,0,0,0,Fine,Null
1765645,5917735,1632,,517001,0,,0,2,,Null,2008/2009,LINE ROAD,FARRINGDON ST,,Non-Injury Crash,No,2009,,North,,0,,Flat,,,,,,Bright sun,474700,0,0,0,2,,,0,,,,,,Auckland Region,Nil,2-way,Sealed,,0,0,,50,,Null,0,0,,76,Auckland,Nil,,,,,0,0,Urban,0,,,Fine,Null