X,Y,OBJECTID,advisorySpeed,areaUnitID,bicycle,bridge,bus,carStationWagon,cliffBank,crashDirectionDescription,crashFinancialYear,crashLocation1,crashLocation2,crashRoadSideRoad,crashSeverity,crashSHDescription,crashYear,debris,directionRoleDescription,ditch,fatalCount,fence,flatHill,guardRail,holiday,houseOrBuilding,intersection,kerb,light,meshblockId,minorInjuryCount,moped,motorcycle,NumberOfLanes,objectThrownOrDropped,otherObject,otherVehicleType,overBank,parkedVehicle,pedestrian,phoneBoxEtc,postOrPole,region,roadCharacter,roadLane,roadSurface,roadworks,schoolBus,seriousInjuryCount,slipOrFlood,speedLimit,strayAnimal,streetLight,suv,taxi,temporarySpeedLimit,tlaId,tlaName,trafficControl,trafficIsland,trafficSign,train,tree,truck,unknownVehicleType,urban,vanOrUtility,vehicle,waterRiver,weatherA,weatherB
1744216,5921922,1633,,513512,0,,0,2,,Null,2008/2009,TRIANGLE ROAD,MAKORA ROAD,,Non-Injury Crash,No,2009,,East,,0,,Hill Road,,,,,,Dark,225702,0,0,0,2,,,0,,,,,,Auckland Region,Nil,2-way,Sealed,,0,0,,50,,On,1,0,,76,Auckland,Give way,,,,,0,0,Urban,0,,,Fine,Null
1769634,5899636,1634,,523920,0,,0,1,,South,2009/2010,GREAT SOUTH ROAD,MAHIA ROAD,,Non-Injury Crash,No,2009,,South,,0,,Flat,,,,,,Twilight,767921,0,0,0,4,,,0,,,,,,Auckland Region,Nil,2-way,Sealed,,0,0,,70,,On,0,0,,76,Auckland,Nil,,,,,1,0,Urban,0,,,Fine,Null
1768916,5900839,1635,,525002,0,,0,2,,Null,2008/2009,GREAT SOUTH ROAD,WEYMOUTH ROAD,,Non-Injury Crash,No,2009,,East,,0,,Flat,,,,,,Dark,752802,0,0,0,3,,,0,,,,,,Auckland Region,Nil,2-way,Sealed,,0,0,,50,,On,0,0,,76,Auckland,Traffic Signals,,,,,0,0,Urban,0,,,Fine,Null
1760921,5907135,1636,,524112,0,0,0,1,0,North,2008/2009,SH 20,MASSEY OBR,,Non-Injury Crash,Yes,2009,0,South,0,0,0,Flat,0,,0,,0,Dark,742102,0,0,0,2,0,0,0,0,0,,0,1,Auckland Region,Nil,1-way,Sealed,0,0,0,0,100,0,On,0,0,,76,Auckland,Unknown,0,0,0,0,0,0,Open,0,0,0,Fine,Null
1884452,5773261,1637,,540420,0,0,0,1,0,North,2008/2009,KING ST,MALFROY ROAD,,Non-Injury Crash,No,2009,0,North,0,0,0,Flat,0,,0,,0,Twilight,1235500,0,0,0,2,0,0,0,0,1,,0,0,Bay of Plenty Region,Nil,2-way,Sealed,0,0,0,0,50,0,Off,1,0,,24,Rotorua District,Unknown,0,0,0,0,1,0,Urban,1,0,0,Fine,Null
1570417,5179931,1638,,591500,0,0,0,1,0,North,2009/2010,OXFORD TERRACE,CASHEL ST,,Minor Crash,No,2009,0,North,0,0,0,Flat,0,,0,,1,Dark,2651300,2,0,0,1,0,0,0,0,0,,0,1,Canterbury Region,Nil,1-way,Sealed,0,0,0,0,50,0,On,0,0,,60,Christchurch City,Unknown,0,0,0,0,0,0,Urban,0,0,0,Light rain,Null
1754278,5915834,1639,,517702,0,,0,2,,Null,2009/2010,FOWLDS AVENUE,HAVERSTOCK ROAD,,Non-Injury Crash,No,2009,,West,,0,,Flat,,,,,,Dark,542000,0,0,0,2,,,0,,,,,,Auckland Region,Nil,1-way,Sealed,,0,0,,50,,On,0,0,,76,Auckland,Give way,,,,,0,0,Urban,0,,,Light rain,Null
1756102,5935383,1640,,507101,0,0,0,2,0,West,2008/2009,BUTE ROAD,CLYDE ROAD,,Non-Injury Crash,No,2009,0,West,0,0,0,Flat,0,,0,,0,Dark,162300,0,0,0,2,0,0,0,0,1,,0,0,Auckland Region,Nil,2-way,Sealed,0,0,0,0,50,0,On,0,0,,76,Auckland,Unknown,0,0,0,0,0,0,Urban,0,0,0,Light rain,Null
1757277,5913676,1641,,518702,0,,0,2,,Null,2008/2009,MOUNT ALBERT ROAD,PEET AVENUE,,Non-Injury Crash,No,2009,,East,,0,,Flat,,,,,,Dark,567600,0,0,0,4,,,0,,,,,,Auckland Region,Nil,2-way,Sealed,,0,0,,50,,On,0,0,,76,Auckland,Nil,,,,,0,0,Urban,0,,,Fine,Null
1784973,5763067,1642,,531720,0,,0,2,,East,2008/2009,SH 37,FULLERTON ROAD,,Non-Injury Crash,Yes,2009,,East,,0,,Flat,,,,,,Overcast,1019902,0,0,0,2,,,0,,,,,,Waikato Region,Nil,2-way,Sealed,,0,0,,100,,Null,0,0,,20,Waitomo District,Unknown,,,,,0,0,Open,0,,,Light rain,Null
1706337,6070935,1643,,501620,0,,0,1,,East,2008/2009,SH 1N,AKERAMA ROAD,,Non-Injury Crash,Yes,2009,,West,,0,,Flat,,,,,,Overcast,46002,0,0,0,2,,,0,,,,,,Northland Region,Nil,2-way,Sealed,,0,0,,100,,None,0,0,,1,Far North District,Nil,,,,,0,0,Open,0,,,Heavy rain,Null
1756538,5919452,1644,,514102,0,,0,3,,North,2009/2010,SH 1N,SYMONDS OBR,,Non-Injury Crash,Yes,2009,,North,,0,,Flat,,,,,,Dark,436002,0,0,0,2,,,0,,,,,,Auckland Region,Nil,1-way,Sealed,,0,0,,80,,On,0,0,,76,Auckland,Unknown,,,,,0,0,Open,0,,,Light rain,Null
1770641,5916272,1645,,522712,0,0,0,1,0,South,2008/2009,MACLEANS ROAD,PRIESTLEY DRIVE,,Non-Injury Crash,No,2009,0,South,0,0,0,Flat,0,,0,,0,Bright sun,680200,0,0,0,2,0,0,0,0,0,,0,1,Auckland Region,Nil,2-way,Sealed,0,0,0,0,50,0,Off,0,0,,76,Auckland,Nil,0,0,0,0,0,0,Urban,0,0,0,Fine,Null
1861347,5851383,1646,,535700,0,0,0,1,1,West,2008/2009,ATHENREE ROAD,KOUTUNUI ROAD,,Non-Injury Crash,No,2009,0,East,0,0,0,Hill Road,0,,0,,0,Bright sun,1180700,0,0,0,2,0,0,0,0,0,,0,0,Bay of Plenty Region,Nil,2-way,Sealed,0,0,0,0,100,0,Null,0,0,30,22,Western Bay of Plenty District,Unknown,0,0,0,0,0,0,Open,0,0,0,Fine,Null
1759220,5919440,1647,,515901,0,,0,1,,East,2009/2010,ST STEPHENS AVENUE,BURROWS AVENUE,,Non-Injury Crash,No,2009,,East,,0,,Hill Road,,,,,,Bright sun,456300,0,0,0,2,,,0,,,,,,Auckland Region,Nil,2-way,Sealed,,0,0,,50,,Off,0,0,,76,Auckland,Nil,,,,,0,0,Urban,1,,,Fine,Null
1801251,5815032,1648,,529700,0,,0,2,,North,2009/2010,VICTORIA ST,HOOD ST,,Non-Injury Crash,No,2009,,South,,0,,Flat,,,,,,Dark,912000,0,0,0,2,,,0,,,,,,Waikato Region,Nil,2-way,Sealed,,0,0,,50,,On,0,0,,16,Hamilton City,Traffic Signals,,,,,0,0,Urban,0,,,Light rain,Null
1756450,5936641,1649,,507000,0,,0,2,,Null,2009/2010,BEACH ROAD,ELLANGOWAN ROAD,,Non-Injury Crash,No,2009,,South,,0,,Hill Road,,,,,,Bright sun,162600,0,0,0,2,,,0,,,,,,Auckland Region,Nil,2-way,Sealed,,0,0,,50,,Off,0,0,,76,Auckland,Give way,,,,,0,0,Urban,0,,,Fine,Null
1749249,5942111,1650,,506003,0,,0,1,,North,2008/2009,EAST COAST ROAD,WORSNOP WAY,,Non-Injury Crash,No,2009,,North,,0,,Hill Road,,,,,,Overcast,175815,0,0,0,1,,,0,,,,,,Auckland Region,Nil,2-way,Sealed,,0,0,,100,,Null,1,0,,76,Auckland,Unknown,,,,,0,0,Open,0,,,Heavy rain,Null
1571756,5180165,1651,,591700,0,,0,1,,Null,2009/2010,FITZGERALD AVENUE,WORCESTER ST,,Serious Crash,No,2009,,East,,0,,Flat,,,,,,Overcast,2657600,1,0,0,6,,,0,,,,,,Canterbury Region,Nil,2-way,Sealed,,0,1,,50,,Null,1,0,,60,Christchurch City,Traffic Signals,,,,,0,0,Urban,0,,,Fine,Null
1762634,5907616,1652,,524530,0,0,0,1,0,North,2008/2009,FERGUSON ST,WILLIAM ST,,Non-Injury Crash,No,2009,0,East,0,0,0,Flat,0,,0,,0,Dark,733000,0,0,0,2,0,0,0,0,0,,0,1,Auckland Region,Nil,2-way,Sealed,0,0,0,0,50,0,On,0,0,,76,Auckland,Nil,0,1,0,0,0,0,Urban,0,0,0,Fine,Null
1570686,5180199,1653,,591500,0,,1,0,,North,2009/2010,CATHEDRAL SQUARE,WORCESTER ST,,Minor Crash,No,2009,,North,,0,,Flat,,,,,,Bright sun,2652800,1,0,0,2,,,0,,,1,,,Canterbury Region,Nil,2-way,Sealed,,0,0,,50,,Null,0,0,,60,Christchurch City,Nil,,,,,0,0,Urban,0,,,Fine,Null
1747286,5919632,1654,,512402,0,,0,2,,North,2008/2009,TE ATATU ROAD,TE ATATU OFF WBD N,,Non-Injury Crash,No,2009,,South,,0,,Flat,,,,,,Overcast,253700,0,0,0,3,,,0,,,,,,Auckland Region,Bridge,1-way,Sealed,,0,0,,50,,Null,0,0,,76,Auckland,Unknown,,,,,0,0,Urban,0,,,Light rain,Null
1766779,5901859,1655,,524720,0,,0,2,,Null,2009/2010,BROWNS ROAD,RUSSELL ROAD,,Non-Injury Crash,No,2009,,West,,0,,Flat,,,,,,Overcast,777800,0,0,0,4,,,0,,,,,,Auckland Region,Nil,2-way,Sealed,,0,0,,50,,Off,0,0,,76,Auckland,Traffic Signals,,,,,0,0,Urban,0,,,Fine,Null
1910670,5583163,1656,,549200,0,0,0,1,1,South,2009/2010,SH 2,COLLEGE ROAD,,Minor Crash,Yes,2009,0,North,0,0,0,Flat,0,,0,,0,Dark,1511200,1,0,0,2,0,0,0,0,0,,0,0,Hawke's Bay Region,Nil,2-way,Sealed,0,0,0,0,100,0,None,0,0,,32,Central Hawke's Bay District,Nil,0,0,0,0,0,0,Open,0,0,0,Fine,Null
1759825,5908848,1657,,524403,0,0,0,1,0,North,2008/2009,SH 20,WALMSLEY OBR,,Non-Injury Crash,Yes,2009,0,South,0,0,0,Flat,0,,0,,0,Dark,729600,0,0,0,2,0,0,0,0,0,,0,0,Auckland Region,Nil,2-way,Sealed,0,0,0,0,80,0,On,0,0,,76,Auckland,Nil,0,0,0,0,0,0,Open,0,0,0,Fine,Null
1190932,4955753,1658,,612714,0,0,0,1,0,West,2009/2010,SH 94,KAKAPO ROAD,,Minor Crash,Yes,2009,0,West,1,0,1,Flat,0,,0,,0,Overcast,3173502,2,0,0,2,0,0,0,0,0,,0,0,Southland Region,Nil,2-way,Sealed,0,0,0,0,100,0,Null,0,0,,73,Southland District,Unknown,0,0,0,0,0,0,Open,0,0,0,Fine,Null
1857577,5839130,1659,,535800,0,,0,1,,South,2008/2009,SH 2,DONEGAL PLACE,,Non-Injury Crash,Yes,2009,,North,,0,,Flat,,,,,,Bright sun,1183807,0,0,0,2,,,0,,,,,,Bay of Plenty Region,Nil,2-way,Sealed,,0,0,,50,,Null,1,0,,22,Western Bay of Plenty District,Nil,,,,,0,0,Urban,0,,,Fine,Null
1800917,5815487,1660,,529700,0,,0,2,,West,2009/2010,WARD ST,VICTORIA ST,,Non-Injury Crash,No,2009,,West,,0,,Flat,,,,,,Dark,911102,0,0,0,1,,,0,,,,,,Waikato Region,Nil,1-way,Sealed,,0,0,,50,,On,0,0,,16,Hamilton City,Give way,,,,,0,0,Urban,0,,,Fine,Null
1857681,5839587,1661,,535800,0,,0,1,,East,2008/2009,SH 2,JOCELYN ST,,Non-Injury Crash,Yes,2009,,West,,0,,Flat,,,,,,Dark,1183502,0,0,0,2,,,0,,,1,,,Bay of Plenty Region,Nil,2-way,Sealed,,0,0,,50,,On,0,0,,22,Western Bay of Plenty District,Unknown,,,,,0,0,Urban,0,,,Fine,Null
1785888,5567750,1662,,559230,0,0,0,1,1,South,2008/2009,SH 3,WHANGAEHU VILLAGE ROAD S,,Non-Injury Crash,Yes,2009,0,North,0,0,0,Flat,0,,0,,0,Bright sun,1733500,0,0,0,2,0,0,0,0,0,,0,0,Manawatū-Whanganui Region,Nil,2-way,Sealed,0,0,0,0,100,0,Null,0,0,,38,Rangitikei District,Nil,0,0,0,0,0,0,Open,0,0,0,Fine,Null
1757500,5918616,1663,,514302,0,0,0,1,0,West,2008/2009,KHYBER PASS ROAD,KHYBER PASS OFF NBD,,Non-Injury Crash,No,2009,0,West,0,0,0,Hill Road,0,,0,,0,Dark,442000,0,0,0,3,0,1,0,0,0,,0,0,Auckland Region,Nil,2-way,Sealed,0,0,0,0,50,0,On,0,0,,76,Auckland,Nil,0,0,0,0,0,0,Urban,0,0,0,Fine,Null
1754563,5920192,1664,,515301,0,0,0,2,0,West,2008/2009,HUKANUI CRESCENT,KELMARNA AVENUE,,Non-Injury Crash,No,2009,0,West,0,0,0,Flat,0,,0,,0,Dark,426700,0,0,0,2,0,0,0,0,1,,0,0,Auckland Region,Nil,2-way,Sealed,0,0,0,0,50,0,On,0,0,,76,Auckland,Unknown,0,0,0,0,0,0,Urban,0,0,0,Fine,Null
1838166,5679750,1665,,541501,0,0,0,1,0,West,2009/2010,SH 47,SH 41,,Non-Injury Crash,Yes,2009,0,South,0,0,0,Hill Road,0,,0,,0,Overcast,1288804,0,0,0,2,0,1,0,0,0,,0,0,Waikato Region,Nil,2-way,Sealed,0,0,0,0,100,0,Null,0,0,,21,Taupo District,Unknown,0,0,0,0,0,0,Open,0,0,0,Mist or Fog,Null
1266240,5000032,1666,,609035,0,0,0,1,1,North,2008/2009,SH 6,MAORI JACK ROAD,,Minor Crash,Yes,2009,0,North,0,0,0,Flat,0,Easter,0,,0,Dark,3040101,1,0,0,2,0,0,0,0,0,,0,0,Otago Region,Nil,2-way,Sealed,0,0,0,0,100,0,None,0,0,,70,Queenstown-Lakes District,Unknown,0,0,0,0,0,0,Open,0,0,0,Fine,Null
1769401,5911428,1667,,523113,0,,0,2,,Null,2008/2009,GREENMOUNT DRIVE,TI RAKAU DRIVE,,Non-Injury Crash,No,2009,,West,,0,,Flat,,,,,,Bright sun,711703,0,0,0,4,,,0,,,,,,Auckland Region,Nil,2-way,Sealed,,0,0,,60,,Null,0,0,,76,Auckland,Traffic Signals,,,,,0,0,Urban,0,,,Fine,Null
1744910,5914389,1668,,512905,0,,0,2,,Null,2008/2009,SEYMOUR ROAD,PARRS CROSS ROAD,,Non-Injury Crash,No,2009,,West,,0,,Flat,,,,,,Overcast,278903,0,0,0,2,,,0,,,,,,Auckland Region,Nil,2-way,Sealed,,0,0,,50,,Null,0,0,,76,Auckland,Give way,,,,,0,0,Urban,0,,,Light rain,Null
1755213,5931603,1669,,508520,0,,0,2,,Null,2008/2009,SUNSET ROAD,LAVERY PLACE,,Non-Injury Crash,No,2009,,North,,0,,Flat,,,,,,Bright sun,189703,0,0,0,1,,,0,,,,,,Auckland Region,Nil,2-way,Sealed,,0,0,,50,,Null,0,0,,76,Auckland,Give way,,,,,0,0,Urban,0,,,Fine,Null
1800270,5815526,1670,,529700,0,,0,2,,West,2008/2009,NORTON ROAD,TRISTRAM ST,,Non-Injury Crash,No,2009,,West,,0,,Flat,,,,,,Overcast,910700,0,0,0,2,,,0,,,,,,Waikato Region,Nil,2-way,Sealed,,0,0,,50,,Null,0,0,,16,Hamilton City,Unknown,,,,,0,0,Urban,0,,,Fine,Null
1751960,5919702,1671,,515002,0,,0,1,,West,2008/2009,OLIVER ST,BUNGALOW AVENUE,,Non-Injury Crash,No,2009,,East,,0,,Flat,,,,,,Bright sun,394900,0,1,0,2,,,0,,,,,,Auckland Region,Nil,2-way,Sealed,,0,0,,50,,Null,0,0,,76,Auckland,Nil,,,,,0,0,Urban,0,,,Fine,Null
1758200,5920244,1672,,514103,0,,0,1,,Null,2009/2010,BEACH ROAD,STANLEY ST,,Non-Injury Crash,No,2009,,South,,0,,Flat,,,,,,Overcast,438203,0,0,0,4,,,0,,,,,,Auckland Region,Nil,2-way,Sealed,,0,0,,50,,Off,0,0,,76,Auckland,Traffic Signals,,,,,1,0,Urban,0,,,Light rain,Null
1876992,5821327,1673,,537500,0,,0,2,,South,2008/2009,CAMERON ROAD,TWENTYTHIRD AVENUE,,Non-Injury Crash,No,2009,,North,,0,,Flat,,,,,,Bright sun,1171500,0,0,0,5,,,0,,,,,,Bay of Plenty Region,Nil,2-way,Sealed,,0,0,,50,,Null,0,0,,23,Tauranga City,Unknown,,,,,0,0,Urban,1,,,Fine,Null
1816973,5802253,1674,,527504,0,0,0,1,0,South,2008/2009,GOLDSMITH ST,POPE TERRACE,,Non-Injury Crash,No,2009,0,North,0,0,1,Hill Road,0,,0,,0,Dark,966700,0,0,0,2,0,0,0,0,0,,0,0,Waikato Region,Nil,2-way,Sealed,0,0,0,0,50,0,On,0,0,,17,Waipa District,Unknown,0,0,0,1,0,0,Urban,0,0,0,Fine,Null
1756272,5920503,1675,,514000,0,,0,1,,South,2008/2009,FRANKLIN ROAD,VICTORIA ST WEST,,Non-Injury Crash,No,2009,,North,,0,,Hill Road,,,,,,Bright sun,416700,0,0,0,4,,,0,,,,,,Auckland Region,Nil,2-way,Sealed,,0,0,,50,,Null,1,0,,76,Auckland,Unknown,,,,,0,0,Urban,0,,,Fine,Null
1679657,5404382,1676,,581230,0,,0,0,,West,2009/2010,SH 6,HUTCHESON ST,,Minor Crash,Yes,2009,,East,,0,,Flat,,,,,,Bright sun,2297400,1,0,0,2,,,0,,,,,,Marlborough Region,Nil,2-way,Sealed,,0,0,,50,,Null,1,0,,53,Marlborough District,Nil,,,,,0,0,Urban,1,,,Fine,Null
1764967,5914761,1677,,520301,0,,0,1,,Null,2009/2010,PANMURE ROUNDABOUT,JELLICOE ROAD,,Non-Injury Crash,No,2009,,East,,0,,Flat,,,,,,Bright sun,628300,0,0,0,2,,,0,,,,,,Auckland Region,Nil,1-way,Sealed,,0,0,,50,,Off,0,0,,76,Auckland,Give way,,,,,1,0,Urban,0,,,Fine,Null
1570644,5179261,1678,,591500,0,,0,1,,Null,2009/2010,COLOMBO ST,BATH ST,,Minor Crash,No,2009,,North,,0,,Flat,,,,,,Bright sun,2649300,1,0,0,2,,,0,,,1,,,Canterbury Region,Nil,2-way,Sealed,,0,0,,50,,Null,0,0,,60,Christchurch City,Nil,,,,,0,0,Urban,0,,,Fine,Null
1697202,6084238,1679,55,501400,0,,0,2,,East,2009/2010,SH 1N,VOGEL ST,,Non-Injury Crash,Yes,2009,,South,,0,,Hill Road,,,,,,Bright sun,57800,0,0,0,2,,,0,,,,,,Northland Region,Nil,2-way,Sealed,,0,0,,100,,Off,0,0,,1,Far North District,Nil,,,,,0,0,Open,0,,,Fine,Null
1874110,5824042,1680,,536514,0,,0,2,,Null,2008/2009,BETHLEHEM ROAD,CARMICHAEL ROAD,,Non-Injury Crash,No,2009,,South,,0,,Flat,,,,,,Bright sun,1190200,0,0,0,2,,,0,,,,,,Bay of Plenty Region,Nil,2-way,Sealed,,0,0,,50,,Off,0,0,,23,Tauranga City,Give way,,,,,0,0,Urban,0,,,Fine,Null
1752562,5912402,1681,,514700,0,0,0,2,0,Null,2009/2010,WHITE SWAN ROAD,LYNBROOKE AVENUE,,Non-Injury Crash,No,2009,0,West,0,0,0,Flat,0,,0,,0,Dark,369200,0,0,0,2,0,0,0,0,0,,0,1,Auckland Region,Nil,2-way,Sealed,0,0,0,0,50,0,On,0,0,,76,Auckland,Give way,0,0,0,0,0,0,Urban,0,0,0,Heavy rain,Strong wind
1810250,5823640,1682,,527125,0,0,0,1,0,Null,2008/2009,SEDDON ROAD,SHEWAN ROAD,,Non-Injury Crash,No,2009,0,South,1,0,0,Flat,0,,0,,0,Dark,954500,0,0,0,2,0,0,0,0,0,,0,0,Waikato Region,Nil,2-way,Sealed,0,0,0,0,100,0,None,0,0,,13,Waikato District,Give way,0,0,0,0,0,0,Open,0,0,0,Fine,Null
1757315,5919500,1683,30,514103,0,,1,1,,South,2008/2009,SYMONDS ST,CITY ROAD,,Non-Injury Crash,No,2009,,North,,0,,Hill Road,,,,,,Overcast,436500,0,0,0,4,,,0,,,,,,Auckland Region,Nil,2-way,Sealed,,0,0,,50,,Off,0,0,,76,Auckland,Stop,,,,,0,0,Urban,0,,,Fine,Null
1745133,5918339,1684,,513302,0,,0,2,,North,2009/2010,LINCOLN ROAD,NORVAL ROAD,,Non-Injury Crash,No,2009,,North,,0,,Flat,,,,,,Bright sun,231001,0,0,0,4,,,0,,,,,,Auckland Region,Nil,2-way,Sealed,,0,0,,50,,Off,0,0,,76,Auckland,Nil,,,,,0,0,Urban,0,,,Fine,Null
1757389,5920420,1685,,514102,0,,1,1,,Null,2008/2009,QUEEN ST,VICTORIA ST WEST,,Non-Injury Crash,No,2009,,North,,0,,Flat,,,,,,Overcast,433600,0,0,0,4,,,0,,,,,,Auckland Region,Nil,2-way,Sealed,,0,0,,30,,Null,0,0,,76,Auckland,Traffic Signals,,,,,0,0,Urban,0,,,Fine,Null
1718095,6039462,1686,,502005,0,0,0,0,0,South,2009/2010,SH 1N,LOOP ROAD N,,Non-Injury Crash,Yes,2009,0,South,1,0,0,Flat,0,,0,,0,Dark,74601,0,0,0,2,0,0,0,0,0,,0,0,Northland Region,Nil,2-way,Sealed,0,0,0,0,100,0,None,0,0,,2,Whangarei District,Nil,0,0,0,0,1,0,Open,0,0,0,Fine,Null
1764107,5920284,1687,,516601,0,,0,2,,East,2008/2009,TAMAKI DRIVE,KOHIMARAMA ROAD,,Non-Injury Crash,No,2009,,West,,0,,Flat,,,,,,Bright sun,503900,0,0,0,2,,,0,,,,,,Auckland Region,Nil,2-way,Sealed,,0,0,,50,,Null,0,0,,76,Auckland,Nil,,,,,0,0,Urban,0,,,Fine,Null
1782186,5879074,1688,,521135,0,0,0,1,0,West,2008/2009,SH 2,SERPELL ROAD,,Non-Injury Crash,Yes,2009,0,West,0,0,1,Hill Road,0,Easter,0,,0,Overcast,841900,0,0,0,2,0,0,0,0,0,,0,1,Waikato Region,Nil,2-way,Sealed,0,0,0,0,100,0,None,0,0,,13,Waikato District,Nil,0,0,0,0,0,0,Open,0,0,0,Fine,Null
1772765,5896537,1689,,525420,0,,0,2,,North,2008/2009,OSHANNESSEY ST,BROADWAY,,Non-Injury Crash,No,2009,,South,,0,,Flat,,,,,,Bright sun,792800,0,0,0,2,,,0,,,,,,Auckland Region,Nil,2-way,Sealed,,0,0,,50,,Off,0,0,,76,Auckland,Nil,,,,,0,0,Urban,0,,,Fine,Null
1717755,6050314,1690,,502102,0,0,0,1,0,Null,2008/2009,KAMO ROAD,WAKELIN ST,,Non-Injury Crash,No,2009,0,South,0,0,0,Flat,0,,0,,0,Bright sun,84700,0,0,0,2,0,1,0,0,0,,0,0,Northland Region,Nil,2-way,Sealed,0,0,0,0,50,0,Null,0,0,,2,Whangarei District,Nil,0,1,0,0,0,0,Urban,0,0,0,Fine,Null
1753077,5913968,1691,,514500,0,0,0,2,0,North,2008/2009,ROSAMUND AVENUE,LABURNUM ROAD,,Non-Injury Crash,No,2009,0,North,0,0,0,Flat,0,,0,,0,Dark,376700,0,0,0,2,0,0,0,0,1,,0,0,Auckland Region,Nil,2-way,Sealed,0,0,0,0,50,0,On,0,0,,76,Auckland,Nil,0,0,0,0,0,0,Urban,0,0,0,Fine,Null
1838206,5913658,1692,,533200,0,0,0,1,0,North,2009/2010,SH 25,COMERS ROAD,,Non-Injury Crash,Yes,2009,0,South,0,0,1,Flat,0,,0,,0,Overcast,1046204,0,0,0,2,0,0,0,0,0,,0,0,Waikato Region,Nil,2-way,Sealed,0,0,0,0,100,0,Null,0,0,,11,Thames-Coromandel District,Unknown,0,0,0,0,0,0,Open,1,0,0,Fine,Null
1799947,5816441,1693,,529700,0,,0,2,,Null,2008/2009,ULSTER ST,ABBOTSFORD ST,,Non-Injury Crash,No,2009,,East,,0,,Flat,,,,,,Dark,909000,0,0,0,4,,,0,,,,,,Waikato Region,Nil,2-way,Sealed,,0,0,,60,,On,0,0,,16,Hamilton City,Give way,,,,,0,0,Urban,0,,,Heavy rain,Null
1881204,5819382,1694,,538302,0,,0,2,,Null,2008/2009,WAITAHA ROAD,VILLAGE PARK DRIVE,,Non-Injury Crash,No,2009,,West,,0,,Hill Road,,,,,,Overcast,1180010,0,0,0,2,,,0,,,,,,Bay of Plenty Region,Nil,2-way,Sealed,,0,0,,50,,Off,0,0,,23,Tauranga City,Give way,,,,,0,0,Urban,0,,,Fine,Null
1878952,5823633,1695,,538201,0,,0,3,,North,2009/2010,CAMERON ROAD,FIFTH AVENUE,,Non-Injury Crash,No,2009,,South,,0,,Flat,,,,,,Bright sun,1165700,0,0,0,2,,,0,,,,,,Bay of Plenty Region,Nil,2-way,Sealed,,0,0,,50,,Off,0,0,,23,Tauranga City,Nil,,,,,0,0,Urban,0,,,Fine,Null
1733619,6052817,1696,,501814,0,,0,1,,East,2009/2010,NGUNGURU FORD ROAD,NGUNGURU ROAD,,Non-Injury Crash,No,2009,,West,,0,,Hill Road,,,,,,Dark,62002,0,0,0,1,,,0,,,,,,Northland Region,Nil,2-way,Unsealed,,0,0,,100,,None,0,0,,2,Whangarei District,Unknown,,,,,0,0,Open,0,,,Fine,Null
1800737,5813023,1697,,529100,0,,0,1,,Null,2008/2009,SH 3,KAHIKATEA DRIVE,,Non-Injury Crash,Yes,2009,,North,,0,,Flat,,,,,,Dark,930500,0,0,0,4,,,0,,,,,,Waikato Region,Nil,2-way,Sealed,,0,0,,50,,On,1,0,,16,Hamilton City,Traffic Signals,,,,,0,0,Urban,0,,,Fine,Null
1745206,5917540,1698,,510700,0,,0,2,,North,2008/2009,GREAT NORTH ROAD,ALDERMAN DRIVE,,Non-Injury Crash,No,2009,,South,,0,,Hill Road,,,,,,Bright sun,239501,0,0,0,4,,,0,,,,,,Auckland Region,Nil,2-way,Sealed,,0,0,,50,,Off,0,0,,76,Auckland,Nil,,,,,0,0,Urban,0,,,Fine,Null
1720062,6050027,1699,,502202,0,,0,1,,South,2009/2010,KIRIPAKA ROAD,PARAMOUNT PARADE,,Non-Injury Crash,No,2009,,South,,0,,Flat,,,,,,Bright sun,87000,0,0,0,2,,,0,,,,,,Northland Region,Nil,2-way,Sealed,,0,0,,50,,Off,0,0,,2,Whangarei District,Give way,,,,,0,0,Urban,1,,,Fine,Null
1799710,5815650,1700,,528800,0,0,1,0,0,East,2009/2010,NORTON ROAD,MILL ST,,Non-Injury Crash,No,2009,0,East,0,0,0,Flat,0,,0,,0,Overcast,904700,0,0,0,2,0,0,0,0,1,,0,0,Waikato Region,Nil,2-way,Sealed,0,0,0,0,50,0,Null,0,0,,16,Hamilton City,Unknown,0,0,0,0,0,0,Urban,0,0,0,Light rain,Null
1754951,5924746,1701,,509800,0,,0,1,,Null,2008/2009,ONEWA ROAD,GLADSTONE ROAD,,Non-Injury Crash,No,2009,,East,,0,,Flat,,,,,,Overcast,361703,0,0,1,4,,,0,,,,,,Auckland Region,Nil,2-way,Sealed,,0,0,,50,,Off,0,0,,76,Auckland,Stop,,,,,0,0,Urban,0,,,Fine,Null
1829088,5833055,1702,,534603,0,,0,2,,Null,2008/2009,SH 26,SH 27,,Non-Injury Crash,Yes,2009,,North,,0,,Flat,,,,,,Overcast,1095900,0,0,0,2,,,0,,,,,,Waikato Region,Nil,2-way,Sealed,,0,0,,70,,Null,0,0,,15,Matamata-Piako District,Give way,,,,,0,0,Urban,0,,,Fine,Null
1755743,5916324,1703,,518201,0,,0,2,,North,2009/2010,DOMINION ROAD,BALMORAL ROAD,,Non-Injury Crash,No,2009,,South,,0,,Flat,,,,,,Dark,553200,0,0,0,5,,,0,,,,,,Auckland Region,Nil,2-way,Sealed,,0,0,,50,,On,0,0,,76,Auckland,Unknown,,,,,0,0,Urban,1,,,Heavy rain,Null