X,Y,OBJECTID,advisorySpeed,areaUnitID,bicycle,bridge,bus,carStationWagon,cliffBank,crashDirectionDescription,crashFinancialYear,crashLocation1,crashLocation2,crashRoadSideRoad,crashSeverity,crashSHDescription,crashYear,debris,directionRoleDescription,ditch,fatalCount,fence,flatHill,guardRail,holiday,houseOrBuilding,intersection,kerb,light,meshblockId,minorInjuryCount,moped,motorcycle,NumberOfLanes,objectThrownOrDropped,otherObject,otherVehicleType,overBank,parkedVehicle,pedestrian,phoneBoxEtc,postOrPole,region,roadCharacter,roadLane,roadSurface,roadworks,schoolBus,seriousInjuryCount,slipOrFlood,speedLimit,strayAnimal,streetLight,suv,taxi,temporarySpeedLimit,tlaId,tlaName,trafficControl,trafficIsland,trafficSign,train,tree,truck,unknownVehicleType,urban,vanOrUtility,vehicle,waterRiver,weatherA,weatherB
1800676,5817798,1704,,529800,0,,0,2,,Null,2009/2010,BANKWOOD ROAD,CLARKIN ROAD,,Non-Injury Crash,No,2009,,South,,0,,Flat,,,,,,Overcast,871900,0,0,0,2,,,0,,,,,,Waikato Region,Nil,2-way,Sealed,,0,0,,50,,Null,0,0,,16,Hamilton City,Give way,,,,,0,0,Urban,0,,,Fine,Null
1690601,5676113,1705,,551400,0,0,0,1,0,Null,2008/2009,Z DWAY FITZROY YACHT CLUB,OCEAN VIEW PARADE,,Non-Injury Crash,No,2009,0,East,0,0,0,Flat,0,Christmas New Year,1,,0,Overcast,1587000,0,0,0,0,0,0,0,0,0,,0,0,Taranaki Region,Nil,Off road,Sealed,0,0,0,0,50,0,Null,0,0,,33,New Plymouth District,Nil,0,0,0,0,0,0,Urban,0,0,0,Fine,Null
1801835,5814956,1706,,530200,0,,0,2,,West,2008/2009,BRIDGE ST,GREY ST,,Non-Injury Crash,No,2009,,East,,0,,Flat,,,,,,Bright sun,892700,0,0,0,2,,,0,,,,,,Waikato Region,Nil,2-way,Sealed,,0,0,,50,,Off,0,0,,16,Hamilton City,Nil,,,,,0,0,Urban,0,,,Fine,Null
1569445,5179158,1707,,591500,0,,0,2,,Null,2009/2010,MOORHOUSE AVE,SELWYN ST,,Minor Crash,No,2009,,South,,0,,Flat,,,,,,Dark,2647700,1,0,0,6,,,0,,,,,,Canterbury Region,Nil,2-way,Sealed,,0,0,,50,,On,0,0,,60,Christchurch City,Traffic Signals,,,,,0,0,Urban,0,,,Fine,Null
1787359,5843465,1708,,526601,0,,0,1,,North,2009/2010,HETHERINGTON ROAD,COMINS ROAD,,Non-Injury Crash,No,2009,,South,,0,,Flat,,,,,,Bright sun,848100,0,0,0,2,,,0,,,,,,Waikato Region,Nil,2-way,Sealed,,0,0,,100,,None,0,0,,13,Waikato District,Nil,,,,,0,0,Open,1,,,Fine,Null
1756426,5924528,1709,,509702,0,,0,1,,North,2008/2009,SH 1N,SEART OFF SBD,,Non-Injury Crash,Yes,2009,,South,,0,,Flat,,,,,,Overcast,366700,0,0,0,4,,,0,,,,,,Auckland Region,Nil,1-way,Sealed,,0,0,,100,,Off,0,0,,76,Auckland,Nil,,,,,0,0,Open,1,,,Heavy rain,Null
1936609,5621138,1710,,546901,0,,0,2,,Null,2008/2009,Z CPK PAK N SAVE,STATION ST,,Non-Injury Crash,No,2009,,South,,0,,Flat,,,,,,Twilight,1429700,0,0,0,1,,,0,,,,,,Hawke's Bay Region,Nil,Off road,Sealed,,0,0,,50,,Off,0,0,,31,Napier City,Nil,,,,,0,0,Urban,0,,,Fine,Null
1754360,5916040,1711,,517702,0,0,0,1,0,South,2008/2009,FOWLDS AVENUE,HAZELMERE ROAD,,Non-Injury Crash,No,2009,0,North,0,0,1,Flat,0,,0,,0,Bright sun,540500,0,0,0,2,0,0,0,0,0,,0,0,Auckland Region,Nil,2-way,Sealed,0,0,0,0,50,0,Null,0,0,,76,Auckland,Give way,0,0,0,0,0,0,Urban,0,0,0,Fine,Null
1754219,5914735,1712,,518801,0,0,0,1,0,South,2008/2009,SANDRINGHAM ROAD,ODONNELL AVENUE,,Non-Injury Crash,No,2009,0,North,0,0,0,Flat,0,,0,,0,Overcast,576800,0,0,0,2,0,0,0,0,0,,0,0,Auckland Region,Nil,2-way,Sealed,0,0,0,0,50,0,Off,0,0,,76,Auckland,Nil,0,0,0,0,0,0,Urban,1,1,0,Light rain,Null
1867076,5811219,1713,,536630,0,0,0,1,1,South,2009/2010,SH 29,MCLAREN FALLS ROAD,,Non-Injury Crash,Yes,2009,0,West,0,0,0,Flat,0,,0,,0,Dark,1191500,0,0,0,2,0,0,0,0,0,,0,0,Bay of Plenty Region,Nil,2-way,Sealed,0,0,0,0,100,0,None,0,0,,22,Western Bay of Plenty District,Nil,0,0,0,0,0,0,Open,0,0,0,Fine,Null
1768085,5904368,1714,,523722,0,,0,2,,East,2008/2009,REDOUBT ROAD,MANUKAU OFF SBD,,Non-Injury Crash,No,2009,,East,,0,,Flat,,,,,,Bright sun,715805,0,0,0,2,,,0,,,,,,Auckland Region,Nil,2-way,Sealed,,0,0,,50,,Off,0,0,,76,Auckland,Traffic Signals,,,,,0,0,Urban,0,,,Null,Null
1773393,5445811,1715,,567400,0,,0,2,,Null,2008/2009,GIBBONS ST,BONNIE GLEN CRESCENT,,Non-Injury Crash,No,2009,,North,,0,,Flat,,,,,,Dark,1885902,0,0,0,2,,,0,,,,,,Wellington Region,Nil,2-way,Sealed,,0,0,,50,,On,0,0,,45,Upper Hutt City,Nil,,,,,0,0,Urban,0,,,Fine,Null
1857363,5837445,1716,,536615,0,0,0,1,0,Null,2009/2010,TETLEY ROAD,REREATUKAHIA PA ROAD,,Non-Injury Crash,No,2009,0,South,0,0,0,Flat,0,,0,,0,Bright sun,1182705,0,0,0,2,0,0,0,0,0,,0,0,Bay of Plenty Region,Nil,2-way,Sealed,0,0,0,0,80,0,Null,0,0,,22,Western Bay of Plenty District,Give way,0,0,0,1,0,0,Open,0,0,0,Fine,Null
1757975,5905705,1717,,524200,0,,0,1,,West,2008/2009,PAVILION DRIVE,PENIHANA PLACE,,Non-Injury Crash,No,2009,,West,,0,,Flat,,,,,,Bright sun,726500,0,0,0,2,,,0,,,,,,Auckland Region,Nil,2-way,Sealed,,0,0,,50,,Off,0,0,,76,Auckland,Nil,,,,,1,0,Urban,0,,,Fine,Null
1753222,5918394,1718,,515002,0,,1,2,,Null,2008/2009,GREAT NORTH ROAD,MOTIONS ROAD,,Non-Injury Crash,No,2009,,West,,0,,Flat,,,,,,Bright sun,390501,0,0,0,2,,,0,,,,,,Auckland Region,Nil,2-way,Sealed,,0,0,,50,,Off,0,0,,76,Auckland,Nil,,,,,0,0,Urban,0,,,Fine,Null
1719589,6046598,1719,,502800,0,0,0,2,0,Null,2009/2010,BANK ST,AUBREY ST,,Non-Injury Crash,No,2009,0,North,0,0,0,Flat,0,,0,,0,Overcast,96100,0,0,0,2,0,0,0,0,1,,0,0,Northland Region,Nil,2-way,Sealed,0,0,0,0,50,0,Off,0,0,,2,Whangarei District,Give way,0,0,0,0,0,0,Urban,0,0,0,Fine,Null
1635044,6120907,1720,,500202,0,,0,1,,West,2009/2010,DUNCAN ROAD,PEKERAU ROAD,,Non-Injury Crash,No,2009,,East,,0,,Hill Road,,,,,,Bright sun,2900,0,0,0,2,,,0,,,,,,Northland Region,Nil,2-way,Unsealed,,0,0,,100,,None,1,0,,1,Far North District,Nil,,,,,0,0,Open,0,,,Fine,Null
1758063,5917897,1721,,515700,0,,0,1,,South,2008/2009,SH 1N,GILLIES OFF SBD,,Non-Injury Crash,Yes,2009,,South,,0,,Flat,,,,,,Bright sun,443200,0,0,0,3,,,0,,,,,,Auckland Region,Bridge,1-way,Sealed,,0,0,,80,,Null,1,0,,76,Auckland,Unknown,,,,,0,0,Open,0,,,Fine,Null
1756822,5918835,1722,,514200,0,,0,2,,Null,2008/2009,NEWTON ROAD,EXMOUTH ST,,Non-Injury Crash,No,2009,,West,,0,,Flat,,,,,,Overcast,412401,0,0,0,4,,,0,,,,,,Auckland Region,Nil,2-way,Sealed,,0,0,,50,,Off,0,1,,76,Auckland,Stop,,,,,0,0,Urban,0,,,Fine,Null
1884323,5824828,1723,,536831,0,,0,2,,Null,2008/2009,EXETER ST,SH 2,,Non-Injury Crash,Yes,2009,,West,,0,,Flat,,,,,,Overcast,1204403,0,0,0,2,,,0,,,,,,Bay of Plenty Region,Nil,2-way,Sealed,,0,0,,50,,Null,0,0,,23,Tauranga City,Give way,,,,,0,0,Urban,0,,,Fine,Null
1759474,5916409,1724,,516002,0,,0,2,,South,2008/2009,SH 1N,OMAHU OBR,,Non-Injury Crash,Yes,2009,,North,,0,,Flat,,,,,,Dark,492000,0,0,0,3,,,0,,,,,,Auckland Region,Nil,1-way,Sealed,,0,0,,100,,On,0,0,,76,Auckland,Nil,,,,,0,0,Open,1,,,Fine,Null
1755913,5922906,1725,,509800,0,,0,1,,North,2009/2010,SH 1N,TOP OF HARBOUR BRIDGE,,Non-Injury Crash,Yes,2009,,South,,0,,Flat,,,,,,Bright sun,359300,0,0,0,4,,,0,,,,,,Auckland Region,Nil,1-way,Sealed,,0,0,,80,,Null,0,0,,76,Auckland,Unknown,,,,,0,0,Open,1,,,Fine,Null
1404331,4916082,1726,,604120,0,,0,2,,Null,2009/2010,MAILER ST,JUBILEE ST,,Minor Crash,No,2009,,East,,0,,Hill Road,,,,,,Bright sun,2922100,1,0,0,2,,,0,,,,,,Otago Region,Nil,2-way,Sealed,,0,0,,50,,Null,0,0,,71,Dunedin City,Stop,,,,,0,0,Urban,0,,,Fine,Null
1227720,4861330,1727,,610051,0,,0,2,,East,2008/2009,SH 99,WAIMATUKU TOWNSHIP ROAD,,Minor Crash,Yes,2009,,West,,0,,Flat,,,,,,Bright sun,3185200,1,0,0,2,,,0,,,,,,Southland Region,Nil,2-way,Sealed,,0,0,,100,,Null,0,0,,73,Southland District,Nil,,,,,0,0,Open,1,,,Fine,Null
1260907,5013153,1728,,609031,0,0,0,1,0,North,2008/2009,CORONET PEAK ROAD,MALAGHANS ROAD,,Serious Crash,No,2009,0,South,0,0,0,Hill Road,0,Queens Birthday,0,,0,Dark,3038103,0,0,0,2,0,0,0,1,0,,0,0,Otago Region,Nil,2-way,Sealed,0,0,1,0,70,0,None,0,0,,70,Queenstown-Lakes District,Unknown,0,0,0,1,0,0,Urban,0,0,0,Fine,Frost
1884497,5785558,1729,,538811,0,0,0,1,0,North,2009/2010,WARD ROAD,HAMURANA ROAD,,Non-Injury Crash,No,2009,0,North,0,0,1,Hill Road,0,,0,,0,Bright sun,1251206,0,0,0,2,0,0,0,0,0,,0,0,Bay of Plenty Region,Nil,2-way,Sealed,0,0,0,0,70,0,Null,0,0,,24,Rotorua District,Unknown,0,0,0,0,0,0,Urban,0,0,0,Fine,Null
1769059,5468716,1730,,566000,0,,0,2,,North,2008/2009,SH 1N,KAPITI ROAD,,Non-Injury Crash,Yes,2009,,South,,0,,Flat,,,,,,Bright sun,2000400,0,0,0,5,,,0,,,,,,Wellington Region,Nil,2-way,Sealed,,0,0,,50,,Null,0,0,,43,Kapiti Coast District,Nil,,,,,0,0,Urban,0,,,Fine,Null
1879050,5774985,1731,75,538863,0,0,0,1,1,West,2009/2010,PARADISE VALLEY ROAD,CLAYTON ROAD,,Non-Injury Crash,No,2009,0,East,0,0,0,Hill Road,0,,0,,0,Dark,1264401,0,0,0,2,0,0,0,0,0,,0,0,Bay of Plenty Region,Nil,2-way,Sealed,0,0,0,0,100,0,None,0,0,,24,Rotorua District,Unknown,0,0,0,0,0,0,Open,0,0,0,Light rain,Strong wind
1751799,5435431,1732,,573600,0,,0,2,,North,2009/2010,SH 1N,JOHNSONVILLE ON NBD,,Minor Crash,Yes,2009,,North,,0,,Flat,,,,,,Bright sun,2081200,1,0,1,2,,,0,,,,,,Wellington Region,Nil,1-way,Sealed,,0,0,,100,,Null,0,0,,47,Wellington City,Nil,,,,,0,0,Open,0,,,Fine,Null
1571370,5179920,1733,,591500,0,,0,1,,Null,2008/2009,BARBADOES ST,CASHEL ST,,Minor Crash,No,2009,,South,,0,,Flat,,,,,,Bright sun,2649900,2,0,0,4,,,0,,,,,,Canterbury Region,Nil,1-way,Sealed,,0,0,,50,,Null,0,0,,60,Christchurch City,Traffic Signals,,,,,0,0,Urban,1,,,Fine,Null
1757589,5920741,1734,,514103,0,0,1,1,0,Null,2008/2009,FORT ST,COMMERCE ST,,Non-Injury Crash,No,2009,0,West,0,0,0,Flat,0,,0,,0,Bright sun,438106,0,0,0,2,0,0,0,0,0,,0,0,Auckland Region,Nil,2-way,Sealed,0,0,0,0,50,0,Off,0,0,,76,Auckland,Give way,0,0,0,0,0,0,Urban,0,1,0,Fine,Null
1883989,5772917,1735,,540520,0,0,0,2,0,North,2008/2009,JAMES ST,CLINKARD AVENUE,,Non-Injury Crash,No,2009,0,South,0,0,0,Flat,0,,0,,0,Dark,1239403,0,0,0,2,0,0,0,0,1,,0,0,Bay of Plenty Region,Nil,2-way,Sealed,0,0,0,0,50,0,On,0,0,,24,Rotorua District,Unknown,0,0,0,0,0,0,Urban,0,0,0,Light rain,Null
1800808,5812796,1736,,530400,0,,0,2,,Null,2008/2009,SH 3,MAHOE ST,,Non-Injury Crash,Yes,2009,,East,,0,,Flat,,Queens Birthday,,,,Dark,923400,0,0,0,2,,,0,,,,,,Waikato Region,Nil,2-way,Sealed,,0,0,,60,,On,0,0,,16,Hamilton City,Give way,,,,,0,0,Urban,0,,,Light rain,Null
1760718,5906420,1737,,524112,0,0,0,1,0,East,2008/2009,FORBURY PLACE,MASCOT AVENUE,,Non-Injury Crash,No,2009,0,West,0,0,1,Hill Road,0,,0,,0,Bright sun,741301,0,0,0,2,0,0,0,0,0,,0,0,Auckland Region,Nil,2-way,Sealed,0,0,0,0,50,0,Off,0,0,,76,Auckland,Nil,0,0,0,0,0,0,Urban,0,0,0,Fine,Null
1842992,5771670,1738,,535261,0,0,0,1,0,East,2008/2009,WILTSDOWN ROAD,OLD TAUPO ROAD,,Non-Injury Crash,No,2009,0,East,0,0,1,Hill Road,0,,0,,0,Bright sun,1132900,0,0,0,2,0,0,0,0,0,,0,0,Waikato Region,Nil,2-way,Sealed,0,0,0,0,100,0,Null,0,0,,19,South Waikato District,Unknown,0,0,0,0,0,0,Open,0,0,0,Fine,Null
1841240,5833678,1739,,534604,0,0,0,1,0,North,2009/2010,ALEXANDRA ROAD,STEELE ROAD,,Non-Injury Crash,No,2009,0,North,1,0,0,Flat,0,,0,,0,Overcast,1109500,0,0,0,2,0,0,0,0,0,,0,0,Waikato Region,Nil,2-way,Sealed,0,0,0,0,100,0,Null,0,0,,15,Matamata-Piako District,Unknown,0,0,0,0,0,0,Open,0,0,0,Fine,Null
1799315,5815064,1740,,528900,0,0,0,2,0,Null,2009/2010,ELLIS ST,WATERLOO ST,,Non-Injury Crash,No,2009,0,North,0,0,0,Flat,0,,0,,0,Twilight,915800,0,0,0,1,0,0,0,0,0,,0,0,Waikato Region,Nil,2-way,Sealed,0,0,0,0,50,0,Off,0,0,,16,Hamilton City,Nil,0,0,0,0,0,0,Urban,0,1,0,Mist or Fog,Frost
1751758,5926521,1741,,510210,0,0,0,1,0,Null,2008/2009,BIRKDALE ROAD,ESKDALE ROAD,,Non-Injury Crash,No,2009,0,South,0,0,1,Flat,0,,0,,0,Overcast,348800,0,0,0,2,0,0,0,0,0,,0,0,Auckland Region,Nil,2-way,Sealed,0,0,0,0,50,0,Null,0,0,,76,Auckland,Give way,0,0,0,1,0,0,Urban,0,0,0,Light rain,Null
1757319,5920214,1742,,514103,0,,1,1,,East,2008/2009,WELLESLEY ST EAST,QUEEN ST,,Non-Injury Crash,No,2009,,East,,0,,Hill Road,,,,,,Overcast,437101,0,0,0,4,,,0,,,,,,Auckland Region,Nil,2-way,Sealed,,0,0,,50,,Off,0,0,,76,Auckland,Nil,,,,,0,0,Urban,0,,,Fine,Null
1881896,5772284,1743,,539800,0,,0,2,,North,2009/2010,PUKEHANGI ROAD,HATHOR ST,,Non-Injury Crash,No,2009,,South,,0,,Hill Road,,,,,,Overcast,1264512,0,0,0,2,,,0,,,,,,Bay of Plenty Region,Nil,2-way,Sealed,,0,0,,50,,Null,0,0,,24,Rotorua District,Unknown,,,,,0,0,Urban,0,,,Fine,Null
1750338,5926953,1744,,510010,0,0,0,2,0,West,2008/2009,BEACH HAVEN ROAD,CRESTA AVENUE,,Non-Injury Crash,No,2009,0,South,0,0,0,Flat,0,,0,,0,Bright sun,341805,0,0,0,2,0,0,0,0,1,,0,0,Auckland Region,Nil,2-way,Sealed,0,0,0,0,50,0,Off,0,0,,76,Auckland,Nil,0,0,0,0,0,0,Urban,0,0,0,Fine,Null
1796840,5875224,1745,,527221,0,,0,2,,West,2008/2009,SH 2,FERNDALE ROAD,,Non-Injury Crash,Yes,2009,,West,,0,,Flat,,,,,,Bright sun,932900,0,0,0,2,,,0,,,,,,Waikato Region,Nil,2-way,Sealed,,0,0,,100,,Null,0,0,30,13,Waikato District,Unknown,,,,,0,0,Open,0,,,Fine,Null
1761249,5914590,1746,,520202,0,,0,2,,North,2009/2010,SH 1N,PENROSE OFF SBD,,Non-Injury Crash,Yes,2009,,South,,0,,Flat,,,,,,Dark,612100,0,0,0,3,,,0,,,,,,Auckland Region,Nil,1-way,Sealed,,0,0,,100,,On,0,0,,76,Auckland,Unknown,,,,,0,0,Open,0,,,Heavy rain,Null
1857139,5856279,1747,,534100,0,0,0,0,0,North,2008/2009,TRIG ROAD NORTH,WAIHI BEACH ROAD,,Non-Injury Crash,No,2009,0,North,0,0,1,Flat,0,,0,,0,Overcast,1083206,0,0,0,2,0,0,0,0,0,,0,0,Bay of Plenty Region,Nil,2-way,Sealed,0,0,0,0,100,0,Null,1,0,,22,Western Bay of Plenty District,Unknown,0,0,0,0,0,0,Open,0,0,0,Light rain,Null
1755504,5920636,1748,,515302,0,0,0,1,0,South,2009/2010,PONSONBY ROAD,COLLEGE HILL,,Non-Injury Crash,No,2009,0,West,0,0,0,Flat,0,,1,,0,Overcast,429500,0,0,0,2,0,0,0,0,0,,0,0,Auckland Region,Nil,1-way,Sealed,0,0,0,0,50,0,Null,0,0,,76,Auckland,Traffic Signals,0,0,0,0,0,0,Urban,0,0,0,Fine,Null
1571758,5179923,1749,,591700,0,,0,2,,Null,2009/2010,CASHEL ST,FITZGERALD AVENUE,,Minor Crash,No,2009,,East,,0,,Flat,,,,,,Overcast,2658100,2,0,0,6,,,0,,,,,,Canterbury Region,Nil,2-way,Sealed,,0,0,,50,,Null,0,0,,60,Christchurch City,Traffic Signals,,,,,0,0,Urban,0,,,Light rain,Null
1753187,5912351,1750,,518902,0,,0,1,,Null,2008/2009,HILLSBOROUGH ROAD,COMMODORE DRIVE,,Non-Injury Crash,No,2009,,North,,0,,Flat,,,,,,Twilight,586700,0,0,0,2,,,0,,,,,,Auckland Region,Nil,2-way,Sealed,,0,0,,50,,Off,0,0,,76,Auckland,Stop,,,,,0,0,Urban,2,,,Fine,Null
1709564,6043391,1751,,501810,0,0,0,1,0,North,2008/2009,KOKOPU BLOCK ROAD,SH 14,,Non-Injury Crash,No,2009,0,South,0,0,0,Flat,0,,0,,0,Dark,71901,0,0,0,2,0,0,0,0,0,,0,0,Northland Region,Nil,2-way,Sealed,0,0,0,0,100,0,None,0,0,,2,Whangarei District,Nil,0,0,0,0,0,0,Open,0,0,0,Light rain,Null
1746683,5917810,1752,,512500,0,,0,2,,North,2008/2009,TE ATATU ROAD,ROBERTS ROAD,,Non-Injury Crash,No,2009,,North,,0,,Flat,,,,,,Overcast,257300,0,0,0,2,,,0,,,,,,Auckland Region,Nil,2-way,Sealed,,0,0,,50,,Null,0,0,,76,Auckland,Nil,,,,,0,0,Urban,0,,,Fine,Null
1760163,5915924,1753,,516003,0,,0,1,,Null,2009/2010,SH 1N,GREENLANE INT S,,Non-Injury Crash,Yes,2009,,North,,0,,Flat,,,,,,Bright sun,494902,0,0,0,3,,,0,,,,,,Auckland Region,Nil,1-way,Sealed,,0,0,,100,,Off,1,0,,76,Auckland,Nil,,,,,0,0,Open,0,,,Fine,Null
1856740,5803509,1754,,535231,0,0,0,1,0,East,2008/2009,SH 29,SH 28,,Non-Injury Crash,Yes,2009,0,East,0,0,0,Hill Road,1,,0,,0,Overcast,1113900,0,0,0,3,0,0,0,0,0,,0,0,Waikato Region,Nil,2-way,Sealed,0,0,0,0,100,0,Null,0,0,,15,Matamata-Piako District,Unknown,0,0,0,0,0,0,Open,0,0,0,Mist or Fog,Null
1753535,5929436,1755,,508411,0,,0,2,,Null,2008/2009,GLENFIELD ROAD,JAMES ST N,,Non-Injury Crash,No,2009,,South,,0,,Flat,,,,,,Overcast,184000,0,0,0,1,,,0,,,,,,Auckland Region,Nil,2-way,Sealed,,0,0,,50,,Off,0,0,,76,Auckland,Nil,,,,,0,0,Urban,0,,,Fine,Null
1763126,5908398,1756,,524402,0,0,0,1,0,Null,2009/2010,SAVILL DRIVE,ALDERMAN PLACE,,Non-Injury Crash,No,2009,0,South,0,0,1,Flat,0,,0,,0,Dark,749900,0,0,0,2,0,0,0,0,0,,0,0,Auckland Region,Nil,2-way,Sealed,0,0,0,0,50,0,None,0,0,,76,Auckland,Nil,0,1,0,0,0,0,Urban,0,0,0,Light rain,Null
1746286,5914021,1757,,511002,0,,0,3,,East,2008/2009,WEST COAST ROAD,ROSIER ROAD,,Non-Injury Crash,No,2009,,West,,0,,Flat,,,,,,Overcast,283100,0,0,0,4,,,0,,,,,,Auckland Region,Nil,2-way,Sealed,,0,0,,50,,Null,0,0,,76,Auckland,Unknown,,,,,0,0,Urban,0,,,Heavy rain,Null
1749701,5914451,1758,,511301,0,,0,2,,North,2008/2009,RATA ST,GREAT NORTH ROAD,,Non-Injury Crash,No,2009,,South,,0,,Flat,,,,,,Bright sun,267602,0,0,0,4,,,0,,,,,,Auckland Region,Nil,2-way,Sealed,,0,0,,50,,Null,0,0,,76,Auckland,Unknown,,,,,0,0,Urban,0,,,Fine,Null
1719901,6047651,1759,,502700,0,,0,1,,Null,2008/2009,MILL ROAD,BRIGHTON ROAD,,Non-Injury Crash,No,2009,,South,,0,,Flat,,,,,,Overcast,92100,0,0,0,2,,,0,,,,,,Northland Region,Nil,2-way,Sealed,,0,0,,50,,Off,1,0,,2,Whangarei District,Give way,,,,,0,0,Urban,0,,,Fine,Null
1836448,5860037,1760,,534300,0,,0,2,,Null,2008/2009,STATION ROAD,BRADLEY ST,,Non-Injury Crash,No,2009,,East,,0,,Flat,,,,,,Bright sun,1070100,0,0,0,2,,,0,,,,,,Waikato Region,Nil,2-way,Sealed,,0,0,,50,,Null,0,0,,12,Hauraki District,Nil,,,,,0,0,Urban,0,,,Fine,Null
1755409,5921995,1761,,515202,0,,0,1,,South,2008/2009,SH 1N,SHELLY OFF SBD,,Non-Injury Crash,Yes,2009,,South,,0,,Flat,,,,,,Overcast,423600,0,0,0,5,,,0,,,,,,Auckland Region,Bridge,1-way,Sealed,,0,0,,80,,Null,1,0,,76,Auckland,Unknown,,,,,0,0,Open,0,,,Heavy rain,Null
1574841,5489262,1762,,581601,0,,0,1,,North,2008/2009,SH 60,WASHBOURN ROAD,,Non-Injury Crash,Yes,2009,,North,,0,,Hill Road,,,,,,Bright sun,2348607,0,0,0,2,,,0,,,,,,Tasman Region,Nil,2-way,Sealed,,0,0,,100,,Null,0,0,,51,Tasman District,Nil,,,,,0,0,Open,0,,,Fine,Null
1907101,5814818,1763,,536654,0,0,0,1,0,North,2008/2009,PUKEHINA PARADE,GARDINER PLACE,,Non-Injury Crash,No,2009,0,North,0,0,0,Flat,0,,0,,0,Dark,1212620,0,0,0,2,0,0,0,0,0,,0,1,Bay of Plenty Region,Nil,2-way,Sealed,0,0,0,0,50,0,On,0,0,,22,Western Bay of Plenty District,Unknown,0,0,0,0,0,0,Urban,0,0,0,Fine,Null
1801692,5814924,1764,,530200,0,,0,1,,North,2009/2010,MEMORIAL DRIVE,BRIDGE ST,,Non-Injury Crash,No,2009,,South,,0,,Null,,,,,,Overcast,894800,0,0,0,,,,0,,,,,,Waikato Region,Bridge,2-way,Sealed,,0,0,,50,,Null,0,0,,16,Hamilton City,Give way,,,,,0,0,Urban,1,,,Mist or Fog,Null
1759281,5906538,1765,,524111,0,,0,3,,Null,2008/2009,SH 20A,KIRKBRIDE ROAD,,Non-Injury Crash,Yes,2009,,South,,0,,Flat,,,,,,Overcast,740200,0,0,0,6,,,0,,,,,,Auckland Region,Nil,2-way,Sealed,,0,0,,70,,Off,0,0,,76,Auckland,Traffic Signals,,,,,0,0,Urban,0,,,Fine,Null
1765697,5906787,1766,,522202,0,,0,2,,North,2008/2009,GREAT SOUTH ROAD,HOTEO AVENUE,,Non-Injury Crash,No,2009,,South,,0,,Flat,,,,,,Bright sun,663500,0,0,0,4,,,0,,,,,,Auckland Region,Nil,2-way,Sealed,,0,0,,50,,Off,0,1,,76,Auckland,Nil,,,,,0,0,Urban,0,,,Fine,Null
1757147,5920279,1767,,514102,0,,0,2,,West,2009/2010,WELLESLEY ST WEST,MAYORAL DRIVE,,Non-Injury Crash,No,2009,,East,,0,,Hill Road,,,,,,Twilight,433802,0,0,0,3,,,0,,,,,,Auckland Region,Nil,2-way,Sealed,,0,0,,50,,On,0,0,,76,Auckland,Traffic Signals,,,,,0,0,Urban,0,,,Fine,Null
1764636,5905682,1768,,522100,0,,0,2,,Null,2008/2009,WYLLIE ROAD,KENDERDINE ROAD,,Non-Injury Crash,No,2009,,North,,0,,Hill Road,,,,,,Dark,659600,0,0,0,2,,,0,,,,,,Auckland Region,Nil,2-way,Sealed,,0,0,,50,,On,0,0,,76,Auckland,Nil,,,,,0,0,Urban,0,,,Fine,Null
1756606,5912781,1769,,518702,0,0,0,0,0,Null,2008/2009,HILLSBOROUGH ROAD,HILLSBOROUGH OFF WBD,,Non-Injury Crash,Yes,2009,0,West,0,0,0,Flat,0,,0,,0,Bright sun,570100,0,0,0,6,0,0,0,0,0,,0,0,Auckland Region,Bridge,2-way,Sealed,0,0,0,0,50,0,Null,1,0,,76,Auckland,Traffic Signals,0,1,0,0,0,0,Urban,0,0,0,Fine,Null
1869503,5713149,1770,,541730,0,,0,1,,Null,2008/2009,TAHAREPA ROAD,ELIZABETH ST,,Non-Injury Crash,No,2009,,North,,0,,Flat,,,,,,Twilight,1270700,0,0,0,2,,,0,,,,,,Waikato Region,Nil,2-way,Sealed,,0,0,,50,,On,1,0,,21,Taupo District,Give way,,,,,0,0,Urban,1,,,Light rain,Null
1880894,5826732,1771,,536821,0,,0,2,,North,2009/2010,TASMAN QUAY,SH 2,,Non-Injury Crash,No,2009,,North,,0,,Flat,,,,,,Dark,1203800,0,0,0,2,,,0,,,,,,Bay of Plenty Region,Nil,2-way,Sealed,,0,0,,50,,On,0,0,,23,Tauranga City,Unknown,,,,,0,0,Urban,1,,,Fine,Null
1761206,5919721,1772,45,516400,0,0,0,1,0,North,2009/2010,NGAPIPI ROAD,PARITAI DRIVE,,Non-Injury Crash,No,2009,0,North,0,0,0,Flat,0,,0,,0,Dark,496900,0,0,0,2,0,0,0,0,0,,0,0,Auckland Region,Nil,2-way,Sealed,0,0,0,0,50,0,On,0,1,,76,Auckland,Nil,0,0,0,1,0,0,Urban,0,0,0,Light rain,Null
1891219,5736672,1773,,538841,0,0,0,1,0,Null,2008/2009,STRATHMORE ROAD,BROADLANDS ROAD,,Non-Injury Crash,No,2009,0,South,1,0,0,Flat,0,,0,,0,Bright sun,1260900,0,0,0,2,0,0,0,0,0,,0,0,Waikato Region,Nil,2-way,Sealed,0,0,0,0,100,0,Null,0,0,,24,Rotorua District,Give way,0,0,0,0,0,0,Open,0,0,0,Fine,Null