X,Y,OBJECTID,advisorySpeed,areaUnitID,bicycle,bridge,bus,carStationWagon,cliffBank,crashDirectionDescription,crashFinancialYear,crashLocation1,crashLocation2,crashRoadSideRoad,crashSeverity,crashSHDescription,crashYear,debris,directionRoleDescription,ditch,fatalCount,fence,flatHill,guardRail,holiday,houseOrBuilding,intersection,kerb,light,meshblockId,minorInjuryCount,moped,motorcycle,NumberOfLanes,objectThrownOrDropped,otherObject,otherVehicleType,overBank,parkedVehicle,pedestrian,phoneBoxEtc,postOrPole,region,roadCharacter,roadLane,roadSurface,roadworks,schoolBus,seriousInjuryCount,slipOrFlood,speedLimit,strayAnimal,streetLight,suv,taxi,temporarySpeedLimit,tlaId,tlaName,trafficControl,trafficIsland,trafficSign,train,tree,truck,unknownVehicleType,urban,vanOrUtility,vehicle,waterRiver,weatherA,weatherB
1761722,5914041,1774,,520202,0,,0,2,,South,2008/2009,SH 1N,PENROSE OFF NBD,,Non-Injury Crash,Yes,2009,,North,,0,,Flat,,,,,,Twilight,612300,0,0,0,8,,,0,,,,,,Auckland Region,Nil,2-way,Sealed,,0,0,,100,,On,0,0,,76,Auckland,Unknown,,,,,0,0,Open,0,,,Fine,Null
1885116,5772150,1775,,540510,0,,0,2,,Null,2008/2009,FENTON ST,DEVON ST,,Non-Injury Crash,No,2009,,North,,0,,Flat,,,,,,Bright sun,1242600,0,0,0,4,,,0,,,,,,Bay of Plenty Region,Nil,2-way,Sealed,,0,0,,60,,Null,0,0,,24,Rotorua District,Stop,,,,,0,0,Urban,0,,,Fine,Null
1877574,5820986,1776,,538102,0,,0,2,,Null,2009/2010,FRASER ST,PAGE ST,,Non-Injury Crash,No,2009,,South,,0,,Hill Road,,,,,,Overcast,1170002,0,0,0,2,,,0,,,,,,Bay of Plenty Region,Nil,2-way,Sealed,,0,0,,50,,Null,0,0,,23,Tauranga City,Give way,,,,,0,0,Urban,0,,,Light rain,Null
1748068,5914861,1777,,511700,0,0,0,1,0,Null,2009/2010,DAPHNE ST,BARBARY AVENUE,,Non-Injury Crash,No,2009,0,South,0,0,0,Flat,0,,0,,0,Bright sun,271800,0,0,0,2,0,0,0,0,1,,0,0,Auckland Region,Nil,2-way,Sealed,0,0,0,0,50,0,Off,0,0,,76,Auckland,Nil,0,0,0,0,0,0,Urban,1,0,0,Fine,Null
1755669,5944014,1778,,505909,0,0,0,2,0,East,2008/2009,RISHWORTH AVENUE,ELAN PLACE,,Non-Injury Crash,No,2009,0,East,0,0,0,Flat,0,,0,,0,Overcast,173910,0,0,0,2,0,0,0,0,1,,0,0,Auckland Region,Nil,2-way,Sealed,0,0,0,0,50,0,Null,0,0,,76,Auckland,Unknown,0,0,0,0,0,0,Urban,0,0,0,Fine,Null
1749452,5913961,1779,,511302,0,,0,2,,North,2008/2009,RATA ST,GREAT NORTH ROAD,,Non-Injury Crash,No,2009,,South,,0,,Flat,,,,,,Overcast,268800,0,0,0,4,,,0,,,,,,Auckland Region,Nil,2-way,Sealed,,0,0,,50,,Off,0,0,,76,Auckland,Nil,,,,,0,0,Urban,0,,,Fine,Null
1850650,5764565,1780,,535370,0,0,0,1,0,East,2008/2009,MARR PLACE,LOMOND AVENUE,,Non-Injury Crash,No,2009,0,East,0,0,0,Flat,0,,0,,0,Dark,1148200,0,0,0,2,0,0,0,0,0,,0,1,Waikato Region,Nil,2-way,Sealed,0,0,0,0,50,0,On,0,0,,19,South Waikato District,Unknown,0,0,0,0,0,0,Urban,0,0,0,Fine,Null
1756787,5918720,1781,,515600,0,,0,2,,Null,2008/2009,EXMOUTH ST,NORWICH ST,,Non-Injury Crash,No,2009,,North,,0,,Flat,,,,,,Bright sun,420400,0,0,0,2,,,0,,,,,,Auckland Region,Nil,2-way,Sealed,,0,0,,50,,Off,0,0,,76,Auckland,Give way,,,,,0,0,Urban,0,,,Fine,Null
1756962,5920349,1782,,514102,0,,0,1,,West,2008/2009,WELLESLEY ST WEST,HOBSON ST,,Non-Injury Crash,No,2009,,West,,0,,Hill Road,,,,,,Dark,433700,0,0,0,4,,,0,,,,,,Auckland Region,Nil,2-way,Sealed,,0,0,,50,,On,0,0,,76,Auckland,Unknown,,,,,0,0,Urban,0,,,Fine,Null
1756178,5920052,1783,,514000,0,0,0,2,0,South,2008/2009,HEPBURN ST,WELLINGTON ST E,,Non-Injury Crash,No,2009,0,South,0,0,0,Hill Road,0,,0,,0,Dark,413001,0,0,0,2,0,0,0,0,1,,0,0,Auckland Region,Nil,2-way,Sealed,0,0,0,0,50,0,On,0,0,,76,Auckland,Unknown,0,0,0,0,0,0,Urban,0,0,0,Fine,Null
1768554,5901243,1784,,525001,0,,0,2,,Null,2008/2009,GREAT SOUTH ROAD,NORTHCREST WAY,,Non-Injury Crash,No,2009,,North,,0,,Flat,,,,,,Overcast,751500,0,0,0,2,,,0,,,,,,Auckland Region,Nil,2-way,Sealed,,0,0,,50,,On,0,0,,76,Auckland,Traffic Signals,,,,,0,0,Urban,0,,,Light rain,Null
1876502,5823844,1785,,537301,0,,0,3,,South,2009/2010,OTUMOETAI ROAD,BELLEVUE ROAD,,Non-Injury Crash,No,2009,,South,,0,,Flat,,,,,,Bright sun,1161200,0,0,0,3,,,0,,,,,,Bay of Plenty Region,Nil,2-way,Sealed,,0,0,,50,,Off,0,0,,23,Tauranga City,Nil,,,,,0,0,Urban,0,,,Fine,Null
1748745,5883804,1786,,521151,0,,0,0,,Null,2008/2009,AWHITU ROAD,TE TORO ROAD,,Non-Injury Crash,No,2009,,West,,0,,Hill Road,,,,,,Bright sun,830600,0,0,0,2,,,1,,,,,,Auckland Region,Nil,2-way,Sealed,,0,0,,100,,Null,0,0,,76,Auckland,Give way,,,,,0,0,Open,0,,,Fine,Null
1697493,6078117,1787,,501620,0,0,0,1,0,South,2008/2009,SH 1N,TARAKIHI ROAD,,Non-Injury Crash,Yes,2009,0,North,1,0,0,Hill Road,0,,0,,0,Dark,46700,0,0,0,2,0,0,0,0,0,,0,0,Northland Region,Nil,2-way,Unsealed,0,0,0,0,100,0,None,0,0,50,1,Far North District,Unknown,0,0,0,0,0,0,Open,0,0,0,Light rain,Null
1753664,5925911,1788,,508220,0,0,0,1,0,East,2008/2009,PARK HILL ROAD,GLENFIELD ROAD,,Non-Injury Crash,No,2009,0,East,0,0,1,Hill Road,0,,0,,0,Dark,189600,0,0,0,1,0,1,0,0,0,,0,0,Auckland Region,Nil,2-way,Sealed,0,0,0,0,50,0,On,0,0,,76,Auckland,Nil,0,0,0,0,0,0,Urban,0,0,0,Fine,Null
1757063,5917595,1789,,518102,0,0,0,2,0,East,2008/2009,HILLSIDE CRESCENT,MOUNT EDEN ROAD N,,Non-Injury Crash,No,2009,0,North,0,0,0,Flat,0,,0,,0,Overcast,546700,0,0,0,0,0,0,0,0,0,,0,0,Auckland Region,Nil,1-way,Sealed,0,0,0,0,50,0,Off,0,0,,76,Auckland,Nil,0,0,0,0,0,0,Urban,0,1,0,Fine,Null
1760287,5917231,1790,,516102,0,,0,2,,North,2009/2010,VICTORIA AVENUE,WAIATA AVENUE,,Non-Injury Crash,No,2009,,North,,0,,Flat,,,,,,Overcast,484600,0,0,0,2,,,0,,,,,,Auckland Region,Nil,2-way,Sealed,,0,0,,50,,Off,0,0,,76,Auckland,Nil,,,,,0,0,Urban,0,,,Fine,Null
1764143,5914992,1791,,520303,0,,0,1,,West,2008/2009,ELLERSLIE-PANMURE HIGHWAY,MOUNT WELLINGTON HIGHWAY,,Non-Injury Crash,No,2009,,West,,0,,Hill Road,,,,,,Overcast,626901,0,0,0,3,,,0,,,,,,Auckland Region,Nil,2-way,Sealed,,0,0,,60,,Off,0,0,,76,Auckland,Nil,,,,,1,0,Urban,0,,,Fine,Null
1745769,5917435,1792,,510700,0,,0,1,,Null,2009/2010,EDMONTON ROAD,TAKAPU ST,,Non-Injury Crash,No,2009,,East,,0,,Flat,,,,,,Overcast,240000,0,0,0,2,,,0,,,,,,Auckland Region,Nil,2-way,Sealed,,0,0,,50,,Off,0,0,,76,Auckland,Give way,,,,,1,0,Urban,0,,,Light rain,Null
1756028,5918662,1793,,515500,0,0,0,0,0,West,2008/2009,NEWTON OFF EBD,SH 16,,Non-Injury Crash,Yes,2009,0,North,0,0,0,Flat,1,,0,,0,Overcast,418700,0,0,0,1,0,0,0,0,0,,0,1,Auckland Region,Motorway ramp,1-way,Sealed,0,0,0,0,100,0,Null,1,0,,76,Auckland,Unknown,0,0,0,0,0,0,Open,0,0,0,Heavy rain,Null
1783396,5889078,1794,,521132,0,,0,2,,Null,2009/2010,ARARIMU ROAD,GELLING ROAD,,Non-Injury Crash,No,2009,,South,,0,,Hill Road,,,,,,Bright sun,815303,0,0,0,2,,,0,,,,,,Auckland Region,Nil,2-way,Sealed,,0,0,,100,,None,0,0,,76,Auckland,Give way,,,,,0,0,Open,0,,,Fine,Null
1837540,5919296,1795,,533200,0,0,0,0,0,South,2008/2009,SH 25,WADE ROAD,,Non-Injury Crash,Yes,2009,0,North,0,0,1,Flat,0,,0,,0,Overcast,1045906,0,0,0,2,0,0,0,0,0,,0,0,Waikato Region,Nil,2-way,Sealed,0,0,0,0,100,0,None,0,0,,11,Thames-Coromandel District,Nil,0,0,0,0,0,0,Open,1,0,0,Heavy rain,Null
1289195,4888807,1796,,610220,0,,0,3,,South,2008/2009,SH 1S,TALBOT ST,,Minor Crash,Yes,2009,,South,,0,,Flat,,,,,,Dark,3066200,1,0,0,2,,,0,,,,,,Southland Region,Nil,2-way,Sealed,,0,0,,100,,None,0,0,,74,Gore District,Unknown,,,,,0,0,Open,0,,,Light rain,Null
1763813,5913698,1797,,520303,0,,0,2,,Null,2008/2009,PENROSE ROAD,MOUNT WELLINGTON HIGHWAY,,Non-Injury Crash,No,2009,,East,,0,,Flat,,,,,,Bright sun,627300,0,0,0,3,,,0,,,,,,Auckland Region,Nil,2-way,Sealed,,0,0,,50,,Null,0,0,,76,Auckland,Traffic Signals,,,,,1,0,Urban,0,,,Fine,Null
1884899,5773145,1798,,540420,0,,0,2,,Null,2008/2009,LYTTON ST,MALFROY ROAD,,Non-Injury Crash,No,2009,,West,,0,,Flat,,,,,,Bright sun,1237000,0,0,0,2,,,0,,,,,,Bay of Plenty Region,Nil,2-way,Sealed,,0,0,,50,,Null,0,0,,24,Rotorua District,Give way,,,,,0,0,Urban,0,,,Fine,Null
1767106,5901039,1799,,524720,0,,0,2,,South,2008/2009,SWALLOW DRIVE,WORDSWORTH ROAD,,Non-Injury Crash,No,2009,,North,,0,,Flat,,,,,,Twilight,777504,0,0,0,2,,,0,,,,,,Auckland Region,Nil,2-way,Sealed,,0,0,,50,,On,0,0,,76,Auckland,Nil,,,,,0,0,Urban,0,,,Fine,Null
1755062,5927760,1800,,508620,0,,0,1,,South,2009/2010,SUNNYBRAE ROAD,ARCHERS ROAD,,Non-Injury Crash,No,2009,,North,,0,,Hill Road,,,,,,Twilight,202600,0,0,0,3,,,0,,,,,,Auckland Region,Nil,2-way,Sealed,,0,0,,50,,Off,0,0,,76,Auckland,Unknown,,,,,0,0,Urban,1,,,Fine,Null
1767437,5904926,1801,,524604,0,,0,1,,Null,2008/2009,TE IRIRANGI DRIVE,GREAT SOUTH ROAD,,Non-Injury Crash,No,2009,,West,,0,,Flat,,,,,,Twilight,780302,0,0,0,2,,,0,,,,,,Auckland Region,Nil,2-way,Sealed,,0,0,,60,,Off,0,0,,76,Auckland,Give way,,,,,0,0,Urban,1,,,Fine,Null
1751057,5932958,1802,,508807,0,,1,1,,South,2009/2010,ALBANY HIGHWAY,BASS ROAD,,Non-Injury Crash,No,2009,,South,,0,,Flat,,,,,,Bright sun,180201,0,0,0,2,,,0,,,,,,Auckland Region,Nil,2-way,Sealed,,0,0,,50,,Off,0,0,,76,Auckland,Nil,,,,,0,0,Urban,0,,,Fine,Null
1863006,5695184,1803,,541346,0,0,0,1,0,East,2008/2009,SH 1N,REREAHU AVENUE,,Non-Injury Crash,Yes,2009,0,East,0,0,0,Hill Road,0,,0,,0,Dark,1281602,0,0,0,3,0,0,0,1,0,,0,0,Waikato Region,Nil,2-way,Sealed,0,0,0,0,100,0,None,0,0,,21,Taupo District,Nil,0,0,0,1,0,0,Open,0,0,0,Null,Frost
1745416,5920435,1804,,513301,0,,0,2,,South,2009/2010,LINCOLN ROAD,LINCOLN OFF WBD S,,Non-Injury Crash,No,2009,,South,,0,,Flat,,,,,,Bright sun,230301,0,0,0,2,,,0,,,,,,Auckland Region,Nil,2-way,Sealed,,0,0,,50,,Off,0,0,,76,Auckland,Nil,,,,,0,0,Urban,0,,,Fine,Null
1545278,5372689,1805,,581843,0,0,0,2,0,Null,2008/2009,Z RIVER VIEW MOTOR CAMP,RIVER VIEW TERRACE,,Non-Injury Crash,No,2009,0,South,0,0,0,Hill Road,0,Christmas New Year,0,,0,Dark,2381500,0,0,0,0,0,0,0,0,1,,0,0,Tasman Region,Nil,Off road,Sealed,0,0,0,0,100,0,None,0,0,,51,Tasman District,Nil,0,0,0,0,0,0,Open,0,0,0,Fine,Null
1769338,5914537,1806,,522721,0,,0,1,,Null,2008/2009,PAKURANGA ROAD,SIR LLOYD DRIVE,,Non-Injury Crash,No,2009,,East,,0,,Flat,,,,,,Overcast,680727,0,0,0,6,,,0,,,,,,Auckland Region,Nil,2-way,Sealed,,0,0,,60,,Off,1,0,,76,Auckland,Traffic Signals,,,,,0,0,Urban,0,,,Light rain,Null
1770465,5911285,1807,,523106,0,,0,2,,East,2008/2009,TI RAKAU DRIVE,BOTANY ROAD,,Non-Injury Crash,No,2009,,West,,0,,Flat,,,,,,Overcast,711174,0,0,0,6,,,0,,,,,,Auckland Region,Nil,2-way,Sealed,,0,0,,70,,Off,0,0,,76,Auckland,Traffic Signals,,,,,0,0,Urban,0,,,Heavy rain,Null
1713787,6051725,1808,,501802,0,0,0,1,0,West,2008/2009,PIPIWAI ROAD,OLD LOOP ROAD,,Non-Injury Crash,No,2009,0,East,0,0,0,Hill Road,0,,0,,0,Dark,69300,0,0,0,2,0,0,0,0,0,,0,0,Northland Region,Nil,2-way,Sealed,0,0,0,0,100,0,None,0,0,,2,Whangarei District,Give way,0,0,0,0,0,0,Open,0,0,0,Fine,Null
1758622,5924307,1809,,508120,0,0,0,2,0,East,2009/2010,BAYSWATER AVENUE,SANDY BAY ROAD,,Non-Injury Crash,No,2009,0,West,0,0,0,Flat,0,Labour Weekend,0,,0,Dark,316400,0,0,0,2,0,0,0,0,1,,0,0,Auckland Region,Nil,2-way,Sealed,0,0,0,0,50,0,On,0,0,,76,Auckland,Nil,0,0,0,0,0,0,Urban,0,0,0,Fine,Null
1763579,5910025,1810,,521901,0,0,0,1,0,West,2009/2010,HUIA ROAD,MOA ST,,Non-Injury Crash,No,2009,0,North,0,0,0,Flat,0,,0,,0,Bright sun,782300,0,0,0,2,0,0,0,0,0,,0,0,Auckland Region,Nil,2-way,Sealed,0,0,0,0,50,0,Off,0,1,,76,Auckland,Nil,0,0,0,0,0,0,Urban,1,1,0,Fine,Null
1744230,5919160,1811,,513302,0,0,0,1,0,West,2008/2009,LARNOCH ROAD,LARISSA AVENUE,,Non-Injury Crash,No,2009,0,West,0,0,0,Flat,0,,0,,0,Overcast,233101,0,0,0,2,0,0,0,0,0,,0,0,Auckland Region,Nil,2-way,Sealed,0,0,0,0,50,0,Off,0,0,,76,Auckland,Nil,0,0,0,1,0,0,Urban,0,0,0,Fine,Null
1883030,5772935,1812,,539900,0,,0,0,,Null,2008/2009,PUKEKO ST,MALFROY ROAD WEST,,Non-Injury Crash,No,2009,,East,,0,,Flat,,,,,,Dark,1237600,0,0,0,2,,,0,,,,,,Bay of Plenty Region,Nil,2-way,Sealed,,0,0,,50,,On,1,0,30,24,Rotorua District,Give way,,,,,0,0,Urban,0,,,Fine,Null
1757227,5920482,1813,,514102,0,,0,2,,Null,2008/2009,ALBERT ST,VICTORIA ST WEST,,Non-Injury Crash,No,2009,,North,,0,,Flat,,,,,,Bright sun,433401,0,0,0,4,,,0,,,,,,Auckland Region,Nil,2-way,Sealed,,0,0,,50,,Off,0,0,,76,Auckland,Traffic Signals,,,,,0,0,Urban,0,,,Fine,Null
1752339,5915975,1814,,517902,0,0,0,1,0,West,2008/2009,NEW NORTH ROAD,WOODWARD ROAD,,Non-Injury Crash,No,2009,0,West,0,0,0,Flat,0,,0,,0,Dark,520700,0,0,0,4,0,0,0,0,0,,0,0,Auckland Region,Nil,2-way,Sealed,0,0,0,0,50,0,On,0,0,,76,Auckland,Nil,1,0,0,0,0,0,Urban,0,0,0,Light rain,Null
1747591,5962724,1815,,506613,0,0,0,0,0,Null,2008/2009,MOIRS HILL ROAD,SH 1N,,Non-Injury Crash,Yes,2009,0,North,0,0,1,Flat,0,,0,,0,Overcast,147107,0,0,0,3,0,0,0,0,0,,0,0,Auckland Region,Nil,2-way,Sealed,0,0,0,0,100,0,Null,1,0,,76,Auckland,Stop,1,0,0,0,0,0,Open,0,0,0,Fine,Null
1757448,5918734,1816,,514302,0,0,0,0,0,South,2009/2010,SH 1N,WELLESLEY OFF NBD,,Non-Injury Crash,Yes,2009,0,West,0,0,0,Hill Road,1,,0,,0,Dark,442500,0,0,0,1,0,0,0,0,0,,0,0,Auckland Region,Motorway ramp,1-way,Sealed,0,0,0,0,80,0,On,0,0,,76,Auckland,Unknown,0,0,0,0,1,0,Open,0,0,0,Fine,Null
1764025,5905057,1817,,522100,0,,0,2,,Null,2008/2009,PAH ROAD,HILLSIDE ROAD,,Non-Injury Crash,No,2009,,West,,0,,Flat,,,,,,Bright sun,658600,0,0,0,2,,,0,,,,,,Auckland Region,Nil,2-way,Sealed,,0,0,,50,,Null,0,0,,76,Auckland,Stop,,,,,0,0,Urban,0,,,Fine,Null
1802412,5816086,1818,,530100,0,,0,2,,Null,2008/2009,TE AROHA ST,PEACHGROVE ROAD,,Non-Injury Crash,No,2009,,East,,0,,Flat,,,,,,Overcast,895400,0,0,0,2,,,0,,,,,,Waikato Region,Nil,2-way,Sealed,,0,0,,50,,Null,0,0,,16,Hamilton City,Traffic Signals,,,,,0,0,Urban,0,,,Fine,Null
1783210,5868872,1819,,527221,0,,0,3,,North,2009/2010,SH 1N,AUSTEN ST,,Non-Injury Crash,Yes,2009,,North,,0,,Flat,,,,,,Bright sun,934700,0,0,0,2,,,0,,,,,,Waikato Region,Nil,2-way,Sealed,,0,0,,100,,Null,0,0,,13,Waikato District,Unknown,,,,,0,0,Open,0,,,Fine,Null
1840933,5817137,1820,,535220,0,0,0,1,0,North,2008/2009,LANDSDOWNE ROAD,GUNN ROAD,,Non-Injury Crash,No,2009,0,North,1,0,1,Flat,0,,0,,0,Dark,1116800,0,0,0,2,0,0,0,0,0,,0,0,Waikato Region,Nil,2-way,Sealed,0,0,0,0,100,0,None,0,0,,15,Matamata-Piako District,Unknown,0,0,0,0,0,0,Open,0,0,1,Mist or Fog,Null
1244847,4852451,1821,,610700,0,0,0,1,0,East,2008/2009,LAMOND ST EAST,WARD ST,,Minor Crash,No,2009,0,East,0,0,0,Flat,0,,0,,0,Bright sun,3122000,1,0,0,2,0,0,0,0,1,,0,0,Southland Region,Nil,2-way,Sealed,0,0,0,0,50,0,Null,0,0,,75,Invercargill City,Unknown,0,0,0,0,1,0,Urban,0,0,0,Fine,Null
1518648,5152795,1822,,597741,0,0,0,1,0,North,2008/2009,HATFIELD OVERDALE ROAD,SH 1S,,Fatal Crash,No,2009,0,North,0,2,0,Flat,0,,0,,0,Bright sun,2750900,0,0,0,2,0,0,0,0,0,,0,0,Canterbury Region,Rail xing,2-way,Sealed,0,0,1,0,100,0,Null,0,0,,63,Ashburton District,Give way,0,0,1,0,0,0,Open,0,0,0,Fine,Null
1750366,5926607,1823,,510010,0,0,0,2,0,East,2008/2009,SUNNYHAVEN AVENUE,AEROVIEW DRIVE,,Non-Injury Crash,No,2009,0,South,0,0,0,Flat,0,,0,,0,Bright sun,342000,0,0,0,2,0,0,0,0,1,,0,0,Auckland Region,Nil,2-way,Sealed,0,0,0,0,50,0,Null,0,0,,76,Auckland,Unknown,0,0,0,0,0,0,Urban,0,0,0,Fine,Null
1761256,5913403,1824,,519500,0,,0,1,,South,2009/2010,FAIRFAX AVENUE,WALLS ROAD,,Non-Injury Crash,No,2009,,North,,0,,Flat,,,,,,Bright sun,621000,0,0,0,2,,,0,,,,,,Auckland Region,Nil,2-way,Sealed,,0,0,,50,,Null,0,0,,76,Auckland,Unknown,,,,,0,0,Urban,1,,,Fine,Null
1754816,5933532,1825,,508804,0,,0,2,,Null,2008/2009,EAST COAST ROAD,BROWNS BAY ROAD,,Non-Injury Crash,No,2009,,North,,0,,Flat,,,,,,Overcast,156502,0,0,0,2,,,0,,,,,,Auckland Region,Nil,2-way,Sealed,,0,0,,50,,Null,0,0,,76,Auckland,Traffic Signals,,,,,0,0,Urban,0,,,Light rain,Null
1715958,6051145,1826,,501802,0,0,0,1,1,North,2008/2009,PIPIWAI ROAD,DIP ROAD,,Non-Injury Crash,No,2009,0,East,0,0,1,Hill Road,0,,0,,0,Bright sun,69900,0,0,0,2,0,0,0,0,0,,0,0,Northland Region,Nil,2-way,Sealed,0,0,0,0,80,0,None,0,0,,2,Whangarei District,Nil,0,0,0,0,0,0,Open,0,0,1,Fine,Null
1493330,5179704,1827,45,587100,0,,0,0,,East,2008/2009,SH 77,CAMPING GULLY BR,,Minor Crash,Yes,2009,,East,,0,,Hill Road,,,,,,Overcast,2460600,3,0,0,2,,,0,,,,,,Canterbury Region,Nil,2-way,Sealed,,0,0,,100,,Null,0,0,,62,Selwyn District,Unknown,,,,,0,0,Open,2,,,Fine,Null
1836750,5859304,1828,,534300,0,,0,2,,South,2009/2010,SH 26,SH 2,,Non-Injury Crash,Yes,2009,,North,,0,,Flat,,,,,,Dark,1071000,0,0,0,2,,,0,,,,,,Waikato Region,Bridge,2-way,Sealed,,0,0,,50,,On,0,0,,12,Hauraki District,Give way,,,,,0,0,Urban,0,,,Fine,Null
1755342,5929546,1829,,508510,0,,0,2,,South,2009/2010,SH 1N,SUNNYNOOK OBR,,Non-Injury Crash,Yes,2009,,South,,0,,Flat,,,,,,Overcast,194405,0,0,0,2,,,0,,,,,,Auckland Region,Nil,1-way,Sealed,,0,0,,100,,Null,0,0,,76,Auckland,Unknown,,,,,0,0,Open,0,,,Heavy rain,Null
1880112,5810372,1830,,536630,0,0,0,1,0,South,2009/2010,OHAUITI ROAD,ADRINE LANE,,Non-Injury Crash,No,2009,0,North,0,0,1,Flat,0,,0,,0,Overcast,1193305,0,0,0,2,0,0,0,0,0,,0,0,Bay of Plenty Region,Nil,2-way,Unsealed,0,0,0,0,100,0,Null,0,0,,22,Western Bay of Plenty District,Unknown,0,0,0,0,0,0,Open,0,0,0,Fine,Null
1752856,5918146,1831,,515003,0,,0,3,,West,2008/2009,SH 16,ST LUKES OBR,,Non-Injury Crash,Yes,2009,,East,,0,,Flat,,,,,,Bright sun,390600,0,0,0,3,,,0,,,,,,Auckland Region,Nil,1-way,Sealed,,0,0,,100,,Null,0,0,,76,Auckland,Unknown,,,,,0,0,Open,0,,,Fine,Null
1753984,5934801,1832,,508704,0,,0,2,,Null,2009/2010,EAST COAST ROAD,PONDEROSA DRIVE,,Non-Injury Crash,No,2009,,North,,0,,Flat,,,,,,Bright sun,179122,0,0,0,4,,,0,,,,,,Auckland Region,Nil,2-way,Sealed,,0,0,,50,,Off,0,0,,76,Auckland,Traffic Signals,,,,,0,0,Urban,0,,,Fine,Null
1781348,5878436,1833,,521135,0,,0,2,,South,2009/2010,SH 2,MCPHERSON ROAD,,Non-Injury Crash,Yes,2009,,West,,0,,Hill Road,,,,,,Overcast,841900,0,0,0,3,,,0,,,,,,Waikato Region,Nil,2-way,Sealed,,0,0,,100,,Null,0,0,,13,Waikato District,Unknown,,,,,0,0,Open,0,,,Light rain,Null
1765964,5906413,1834,,522202,0,,0,1,,Null,2009/2010,GREAT SOUTH ROAD,TUI ROAD,,Non-Injury Crash,No,2009,,North,,0,,Flat,,,,,,Overcast,665101,0,0,0,4,,,0,,,,,,Auckland Region,Nil,2-way,Sealed,,0,0,,50,,Off,1,0,,76,Auckland,Traffic Signals,,,,,0,0,Urban,0,,,Fine,Null
1756310,5924366,1835,,509702,0,,0,2,,North,2009/2010,SH 1N,SEART OFF SBD,,Non-Injury Crash,Yes,2009,,South,,0,,Flat,,,,,,Bright sun,366700,0,0,0,3,,,0,,,,,,Auckland Region,Nil,1-way,Sealed,,0,0,,100,,Off,0,0,,76,Auckland,Nil,,,,,0,0,Open,0,,,Null,Null
1764859,5911036,1836,,520500,0,,0,1,,North,2009/2010,SH 1N,PRINCES OBR,,Non-Injury Crash,Yes,2009,,South,,0,,Flat,,,,,,Dark,635901,0,0,0,2,,,0,,,,,,Auckland Region,Bridge,1-way,Sealed,,0,0,,100,,On,1,0,,76,Auckland,Nil,,,,,0,0,Open,0,,,Fine,Null
1752653,5914058,1837,,514500,0,,0,2,,Null,2009/2010,NEW WINDSOR ROAD,MAIORO ST,,Non-Injury Crash,No,2009,,West,,0,,Flat,,,,,,Bright sun,375100,0,0,0,3,,,0,,,,,,Auckland Region,Nil,2-way,Sealed,,0,0,,50,,Off,0,0,,76,Auckland,Traffic Signals,,,,,0,0,Urban,0,,,Fine,Null
1859066,5847187,1838,,536614,0,,0,1,,North,2008/2009,SH 2,WOLSELEY ROAD,,Non-Injury Crash,Yes,2009,,North,,0,,Flat,,,,,,Overcast,1181002,0,0,0,2,,,0,,,,,,Bay of Plenty Region,Nil,2-way,Sealed,,0,0,,100,,None,0,0,,22,Western Bay of Plenty District,Nil,,,,,1,0,Open,0,,,Light rain,Null
1797948,5816346,1839,,528501,0,0,0,1,0,Null,2008/2009,AVALON DRIVE,LIVINGSTONE AVENUE,,Non-Injury Crash,No,2009,0,North,0,0,0,Flat,0,,0,,1,Dark,907200,0,0,0,2,0,0,0,0,0,,0,0,Waikato Region,Nil,2-way,Sealed,0,0,0,0,50,0,On,0,0,,16,Hamilton City,Give way,0,1,0,0,0,0,Urban,0,0,0,Fine,Null
1757600,5912276,1840,,519810,0,,0,3,,East,2009/2010,QUEENSTOWN ON SBD,SH 20,,Non-Injury Crash,Yes,2009,,South,,0,,Flat,,,,,,Overcast,596700,0,0,0,2,,,0,,,,,,Auckland Region,Nil,1-way,Sealed,,0,0,,80,,Off,0,0,,76,Auckland,Nil,,,,,0,0,Open,0,,,Heavy rain,Null
1850659,5770488,1841,,535261,0,,0,1,,North,2008/2009,SH 1N,WEST ROAD,,Non-Injury Crash,Yes,2009,,South,,0,,Flat,,,,,,Twilight,1134204,0,0,0,2,,,0,,,,,,Waikato Region,Nil,2-way,Sealed,,0,0,,100,,None,0,0,,19,South Waikato District,Nil,,,,,0,0,Open,1,,,Fine,Null
1773471,5897099,1842,,525630,0,0,0,2,0,South,2008/2009,ALMA CRESCENT,OLD WAIROA ROAD,,Non-Injury Crash,No,2009,0,West,0,0,0,Flat,0,,0,,0,Bright sun,795100,0,0,0,1,0,0,0,0,0,,0,0,Auckland Region,Nil,2-way,Sealed,0,0,0,0,50,0,Off,0,0,,76,Auckland,Nil,0,0,0,0,0,0,Urban,0,1,0,Fine,Null
1834488,5797126,1843,,535242,0,0,0,1,0,Null,2008/2009,SH 29,SH 1N,,Non-Injury Crash,Yes,2009,0,East,0,0,1,Flat,0,,0,,0,Overcast,1125302,0,0,0,2,0,0,0,0,0,,0,0,Waikato Region,Nil,2-way,Sealed,0,0,0,0,100,0,Null,0,0,,15,Matamata-Piako District,Give way,1,1,0,0,0,0,Open,0,0,0,Light rain,Null