X,Y,OBJECTID,advisorySpeed,areaUnitID,bicycle,bridge,bus,carStationWagon,cliffBank,crashDirectionDescription,crashFinancialYear,crashLocation1,crashLocation2,crashRoadSideRoad,crashSeverity,crashSHDescription,crashYear,debris,directionRoleDescription,ditch,fatalCount,fence,flatHill,guardRail,holiday,houseOrBuilding,intersection,kerb,light,meshblockId,minorInjuryCount,moped,motorcycle,NumberOfLanes,objectThrownOrDropped,otherObject,otherVehicleType,overBank,parkedVehicle,pedestrian,phoneBoxEtc,postOrPole,region,roadCharacter,roadLane,roadSurface,roadworks,schoolBus,seriousInjuryCount,slipOrFlood,speedLimit,strayAnimal,streetLight,suv,taxi,temporarySpeedLimit,tlaId,tlaName,trafficControl,trafficIsland,trafficSign,train,tree,truck,unknownVehicleType,urban,vanOrUtility,vehicle,waterRiver,weatherA,weatherB
1763420,5430492,1844,,565300,0,,0,1,,Null,2008/2009,MOOHAN ST,WRIGHT ST,,Non-Injury Crash,No,2009,,North,,0,,Flat,,,,,,Overcast,2022400,0,0,0,2,,,0,,,,,,Wellington Region,Nil,2-way,Sealed,,0,0,,50,,Null,1,0,,46,Lower Hutt City,Give way,,,,,0,0,Urban,0,,,Light rain,Null
1767283,5904597,1845,,524604,0,,0,2,,East,2008/2009,RONWOOD AVENUE,SHARKEY ST,,Non-Injury Crash,No,2009,,West,,0,,Flat,,,,,,Overcast,780209,0,0,0,2,,,0,,,,,,Auckland Region,Nil,2-way,Sealed,,0,0,,50,,Null,0,0,,76,Auckland,Unknown,,,,,0,0,Urban,0,,,Light rain,Null
1757335,5920273,1846,,514102,0,0,0,2,0,North,2008/2009,QUEEN ST,WELLESLEY ST WEST,,Non-Injury Crash,No,2009,0,South,0,0,0,Flat,0,,0,,0,Overcast,434000,0,0,0,4,0,0,0,0,1,,0,0,Auckland Region,Nil,2-way,Sealed,0,0,0,0,50,0,Null,0,0,,76,Auckland,Unknown,0,0,0,0,0,0,Urban,0,0,0,Fine,Null
1753682,5929288,1847,,508420,0,,0,1,,Null,2008/2009,GLENFIELD ROAD,WAIRAU ROAD,,Non-Injury Crash,No,2009,,South,,0,,Flat,,,,,,Overcast,183201,0,0,0,3,,,0,,,,,,Auckland Region,Nil,2-way,Sealed,,0,0,,50,,Null,0,0,,76,Auckland,Traffic Signals,,,,,0,0,Urban,1,,,Fine,Null
1752256,5918003,1848,,515001,0,,0,2,,East,2009/2010,SH 16,GT NORTH OBR,,Non-Injury Crash,Yes,2009,,West,,0,,Flat,,,,,,Dark,391601,0,0,0,3,,,0,,,,,,Auckland Region,Nil,1-way,Sealed,,0,0,,100,,On,0,0,,76,Auckland,Nil,,,,,0,0,Open,0,,,Fine,Null
1769490,5902024,1849,,524901,0,,0,2,,South,2009/2010,SH 1N,MANUREWA ON NBD,,Non-Injury Crash,Yes,2009,,North,,0,,Flat,,Labour Weekend,,,,Bright sun,755600,0,0,0,3,,,0,,,,,,Auckland Region,Nil,2-way,Sealed,,0,0,,100,,Off,0,0,,76,Auckland,Nil,,,,,0,0,Open,0,,,Fine,Null
1748980,5424973,1850,,576400,0,,0,1,,East,2008/2009,WILSON ST,RIDDIFORD ST,,Non-Injury Crash,No,2009,,East,,0,,Flat,,,,,,Bright sun,2167300,0,0,0,1,,,0,,,,,,Wellington Region,Nil,1-way,Sealed,,0,0,,50,,Null,1,0,,47,Wellington City,Nil,,,,,0,0,Urban,0,,,Fine,Null
1878483,5822010,1851,,538102,0,0,0,0,0,Null,2008/2009,FRASER ST,SH 2A,,Non-Injury Crash,Yes,2009,0,North,0,0,0,Flat,0,,0,,0,Bright sun,1168700,0,0,0,4,0,0,0,0,0,,0,1,Bay of Plenty Region,Nil,2-way,Sealed,0,0,0,0,50,0,Null,1,0,,23,Tauranga City,Traffic Signals,1,0,0,0,0,0,Urban,0,0,0,Fine,Null
1753530,5927087,1852,,508210,0,0,0,2,0,North,2009/2010,GLENFIELD ROAD,ROBERTS ROAD,,Non-Injury Crash,No,2009,0,North,0,0,0,Hill Road,0,,0,,0,Dark,187300,0,0,0,2,0,0,0,0,1,,0,0,Auckland Region,Nil,2-way,Sealed,0,0,0,0,50,0,On,0,0,,76,Auckland,Unknown,0,0,0,0,0,0,Urban,0,0,0,Fine,Null
1753978,5924584,1853,,510401,0,,0,1,,Null,2009/2010,BIRKENHEAD AVENUE,MOKOIA ROAD,,Non-Injury Crash,No,2009,,South,,0,,Flat,,,,,,Overcast,351600,0,0,0,2,,,0,,,,,,Auckland Region,Nil,2-way,Sealed,,0,0,,50,,Off,0,0,,76,Auckland,Give way,,,,,0,0,Urban,1,,,Light rain,Null
1802004,5816928,1854,,530000,0,,0,1,,Null,2008/2009,PEACHGROVE ROAD,BROOKLYN ROAD,,Non-Injury Crash,No,2009,,North,,0,,Flat,,,,,,Bright sun,867400,0,0,0,4,,,0,,,,,,Waikato Region,Nil,2-way,Sealed,,0,0,,50,,Null,0,0,,16,Hamilton City,Give way,,,,,1,0,Urban,0,,,Fine,Null
1766888,5907855,1855,,523501,0,,0,2,,Null,2008/2009,BAIRDS ROAD,HAYMAN ST,,Non-Injury Crash,No,2009,,North,,0,,Flat,,,,,,Bright sun,700602,0,0,0,2,,,0,,,,,,Auckland Region,Nil,2-way,Sealed,,0,0,,50,,Null,0,0,,76,Auckland,Nil,,,,,0,0,Urban,0,,,Fine,Null
1622291,5430225,1856,,582402,0,,0,0,,Null,2008/2009,TOI TOI ST,MONTREAL ROAD,,Non-Injury Crash,No,2009,,West,,0,,Hill Road,,,,,,Bright sun,2327609,0,0,0,2,,,0,,,,,,Nelson Region,Nil,2-way,Sealed,,0,0,,50,,Null,1,0,,52,Nelson City,Give way,,,,,0,0,Urban,1,,,Fine,Null
1878881,5824270,1857,,538201,0,,0,2,,Null,2008/2009,SH 2,ELIZABETH ST,,Non-Injury Crash,Yes,2009,,South,,0,,Flat,,,,,,Twilight,1164600,0,0,0,4,,,0,,,,,,Bay of Plenty Region,Nil,2-way,Sealed,,0,0,,50,,On,0,0,,23,Tauranga City,Give way,,,,,0,0,Urban,0,,,Light rain,Null
1739259,5977734,1858,,506660,0,,0,2,,North,2009/2010,SH 1N,RIVER ROAD,,Non-Injury Crash,Yes,2009,,North,,0,,Flat,,,,,,Bright sun,136700,0,0,0,2,,,0,,,,,,Auckland Region,Bridge,2-way,Sealed,,0,0,,100,,None,0,0,,76,Auckland,Nil,,,,,0,0,Open,0,,,Fine,Null
1881782,5780343,1859,,538601,0,,0,0,,North,2009/2010,SH 36,TAUI ST,,Non-Injury Crash,Yes,2009,,North,,0,,Flat,,,,,,Bright sun,1249200,0,0,1,2,,,0,,,,,,Bay of Plenty Region,Nil,2-way,Sealed,,0,0,,50,,Off,1,0,,24,Rotorua District,Nil,,,,,0,0,Urban,0,,,Fine,Null
1755720,5446052,1860,,571501,0,,0,2,,Null,2008/2009,WHITFORD BROWN AVENUE,PAPAKOWHAI ROAD,,Non-Injury Crash,No,2009,,East,,0,,Hill Road,,,,,,Bright sun,2056616,0,0,0,2,,,0,,,,,,Wellington Region,Nil,2-way,Sealed,,0,0,,70,,Null,0,0,,44,Porirua City,Give way,,,,,0,0,Urban,0,,,Fine,Null
1800826,5815192,1861,,529700,0,,0,1,,West,2008/2009,ANGLESEA ST,CARO ST,,Non-Injury Crash,No,2009,,South,,0,,Flat,,,,,,Dark,910900,0,0,0,4,,,0,,,,,,Waikato Region,Nil,2-way,Sealed,,0,0,,50,,None,0,0,,16,Hamilton City,Nil,,,,,0,0,Urban,1,,,Fine,Null
1768082,5900493,1862,,525101,0,,0,2,,Null,2008/2009,WEYMOUTH ROAD,COXHEAD ROAD,,Non-Injury Crash,No,2009,,West,,0,,Flat,,,,,,Bright sun,771200,0,0,0,2,,,0,,,,,,Auckland Region,Nil,2-way,Sealed,,0,0,,50,,Off,0,0,,76,Auckland,Give way,,,,,0,0,Urban,0,,,Fine,Null
1757318,5920226,1863,,514103,0,,0,2,,North,2008/2009,QUEEN ST,WELLESLEY ST WEST,,Non-Injury Crash,No,2009,,North,,0,,Flat,,,,,,Dark,437101,0,0,0,4,,,0,,,,,,Auckland Region,Nil,2-way,Sealed,,0,0,,30,,On,0,0,,76,Auckland,Traffic Signals,,,,,0,0,Urban,0,,,Fine,Null
1786219,5925387,1864,,520801,0,,0,0,,Null,2009/2010,TRIG HILL ROAD,WOOLLAMS ROAD,,Non-Injury Crash,No,2009,,North,,0,,Hill Road,,,,,,Overcast,515607,0,0,0,2,,,0,,,,,,Auckland Region,Nil,2-way,Sealed,,0,0,,50,,Off,1,0,,76,Auckland,Nil,,,,,0,0,Urban,1,,,Light rain,Null
1761496,5914795,1865,,520202,0,0,0,2,0,West,2008/2009,MAIN HIGHWAY,AMY ST,,Non-Injury Crash,No,2009,0,West,0,0,0,Flat,0,,0,,0,Dark,612000,0,0,0,2,0,0,0,0,1,,0,0,Auckland Region,Nil,2-way,Sealed,0,0,0,0,50,0,On,0,0,,76,Auckland,Nil,0,0,0,0,0,0,Urban,0,0,0,Light rain,Null
1821348,5530149,1866,,562310,0,,0,0,,Null,2008/2009,SH 3,FEATHERSTON ST,,Non-Injury Crash,Yes,2009,,South,,0,,Flat,,,,,,Twilight,1824200,0,0,0,4,,,0,,,,,,Manawatū-Whanganui Region,Nil,2-way,Sealed,,0,0,,50,,On,0,0,,40,Palmerston North City,Traffic Signals,,,,,0,0,Urban,2,,,Fine,Null
1764385,5439397,1867,,568202,0,0,0,2,0,South,2008/2009,TAINE ST,HIGH ST,,Non-Injury Crash,No,2009,0,North,0,0,0,Flat,0,,0,,0,Overcast,1936600,0,0,0,2,0,0,0,0,1,,0,0,Wellington Region,Nil,2-way,Sealed,0,0,0,0,50,0,Null,0,0,,46,Lower Hutt City,Nil,0,0,0,0,0,0,Urban,0,0,0,Fine,Null
1757876,5914444,1868,,518600,0,,0,1,,South,2009/2010,PAH ROAD,SELWYN ROAD,,Non-Injury Crash,No,2009,,North,,0,,Flat,,,,,,Bright sun,566000,0,0,0,2,,,0,,,,,,Auckland Region,Nil,2-way,Sealed,,0,0,,50,,Off,0,0,,76,Auckland,Nil,,,,,0,0,Urban,1,,,Fine,Null
1772189,5902202,1869,,523813,0,0,0,1,0,Null,2008/2009,MILL ROAD,RANFURLY ROAD,,Non-Injury Crash,No,2009,0,North,0,0,1,Hill Road,0,Queens Birthday,0,,0,Dark,760902,0,0,0,2,0,0,0,0,0,,0,0,Auckland Region,Nil,2-way,Sealed,0,0,0,0,80,0,On,0,0,,76,Auckland,Give way,0,0,0,0,0,0,Open,0,0,0,Light rain,Null
1545745,5180849,1870,,587904,0,,0,1,,East,2009/2010,SH 73,SANDY KNOLLS ROAD,,Minor Crash,Yes,2009,,West,,0,,Flat,,,,,,Overcast,2493000,1,0,0,2,,,0,,,,,,Canterbury Region,Nil,2-way,Sealed,,0,0,,100,,Null,1,0,,62,Selwyn District,Unknown,,,,,0,0,Open,0,,,Fine,Null
1766259,5907523,1871,,523402,0,,0,4,,North,2008/2009,SH 1N,EAST TAMAKI OBR,,Non-Injury Crash,Yes,2009,,South,,0,,Flat,,,,,,Bright sun,699300,0,0,0,2,,,0,,,,,,Auckland Region,Nil,1-way,Sealed,,0,0,,100,,Null,0,0,,76,Auckland,Unknown,,,,,0,0,Open,1,,,Fine,Null
1747267,5913773,1872,,511100,0,,0,2,,Null,2009/2010,WEST COAST ROAD,CAPTAIN SCOTT ROAD,,Non-Injury Crash,No,2009,,West,,0,,Flat,,,,,,Bright sun,286200,0,0,0,4,,,0,,,,,,Auckland Region,Nil,2-way,Sealed,,0,0,,50,,Off,0,0,,76,Auckland,Nil,,,,,0,0,Urban,0,,,Fine,Null
1719047,6046759,1873,,503000,0,,0,2,,South,2009/2010,SH 1N,MANSE ST,,Non-Injury Crash,Yes,2009,,South,,0,,Flat,,,,,,Bright sun,97500,0,0,0,4,,,0,,,,,,Northland Region,Nil,2-way,Sealed,,0,0,,70,,Off,0,0,,2,Whangarei District,Nil,,,,,0,0,Urban,0,,,Fine,Null
1762257,5905949,1874,,524200,0,,0,1,,East,2009/2010,TIDAL ROAD,WAOKAURI PLACE,,Non-Injury Crash,No,2009,,North,,0,,Flat,,,,,,Bright sun,728900,0,0,0,2,,,0,,,,,,Auckland Region,Nil,2-way,Sealed,,0,0,,50,,Off,0,0,,76,Auckland,Nil,,,,,0,0,Urban,1,,,Fine,Null
1761053,5915052,1875,,520201,0,,0,3,,South,2009/2010,SH 1N,MAIN OBR,,Non-Injury Crash,Yes,2009,,North,,0,,Flat,,,,,,Bright sun,613500,0,0,0,3,,,0,,,,,,Auckland Region,Nil,1-way,Sealed,,0,0,,100,,Off,0,0,,76,Auckland,Nil,,,,,0,0,Open,1,,,Fine,Null
1768011,5904290,1876,,524602,0,,0,2,,South,2009/2010,SH 1N,REDOUBT OBR,,Non-Injury Crash,Yes,2009,,North,,0,,Flat,,,,,,Dark,780501,0,0,0,2,,,0,,,,,,Auckland Region,Nil,2-way,Sealed,,0,0,,100,,On,0,0,,76,Auckland,Nil,,,,,0,0,Open,0,,,Fine,Null
1753915,5917308,1877,,517600,0,,0,1,,Null,2008/2009,ST LUKES ROAD,JESMOND TERRACE,,Non-Injury Crash,No,2009,,North,,0,,Flat,,,,,,Bright sun,534200,0,0,0,1,,,0,,,,,,Auckland Region,Nil,2-way,Sealed,,0,0,,50,,Null,0,0,,76,Auckland,Traffic Signals,,,,,1,0,Urban,0,,,Fine,Null
1887057,5824227,1878,,536515,0,,0,1,,Null,2008/2009,PAPAMOA BEACH ROAD,PACIFIC VIEW ROAD,,Non-Injury Crash,No,2009,,West,,0,,Flat,,,,,,Bright sun,1205036,0,0,0,2,,,0,,,,,,Bay of Plenty Region,Nil,2-way,Sealed,,0,0,,60,,Off,0,0,,23,Tauranga City,Give way,,,,,0,0,Urban,0,,,Fine,Null
1743832,5921143,1879,,513631,0,0,0,1,0,Null,2008/2009,WAIMUMU ROAD,LINCOLN PARK AVENUE,,Non-Injury Crash,No,2009,0,East,0,0,0,Flat,0,,0,,0,Twilight,227305,0,0,0,2,0,0,0,0,0,,0,1,Auckland Region,Nil,2-way,Sealed,0,0,0,0,50,0,Off,0,0,,76,Auckland,Nil,0,1,0,0,0,0,Urban,0,0,0,Fine,Null
1887050,5735210,1880,,538841,0,0,0,1,0,South,2009/2010,SH 5,TUTUKAU ROAD,,Non-Injury Crash,Yes,2009,0,North,0,0,0,Null,1,,0,,0,Overcast,1261900,0,0,0,1,0,0,0,0,0,,0,0,Waikato Region,Nil,2-way,Sealed,0,0,0,0,100,0,Null,0,0,,24,Rotorua District,Unknown,0,0,0,0,0,0,Open,0,0,0,Null,Null
1769468,5880405,1881,,525922,0,,0,2,,East,2008/2009,SUBWAY ROAD,MANUKAU ROAD,,Non-Injury Crash,No,2009,,South,,0,,Flat,,,,,,Overcast,823800,0,0,0,2,,,0,,,,,,Auckland Region,Nil,2-way,Sealed,,0,0,,50,,Off,0,0,,76,Auckland,Nil,,,,,0,0,Urban,0,,,Fine,Null
1768851,5914020,1882,,522723,0,,0,2,,Null,2008/2009,CASCADES ROAD,ARCHMILLEN AVENUE,,Non-Injury Crash,No,2009,,North,,0,,Flat,,,,,,Dark,681700,0,0,0,2,,,0,,,,,,Auckland Region,Nil,2-way,Sealed,,0,0,,50,,On,0,0,,76,Auckland,Nil,,,,,0,0,Urban,0,,,Light rain,Null
1756426,5927148,1883,,507900,0,,0,2,,South,2009/2010,SH 1N,NORTHCOTE OBR,,Non-Injury Crash,Yes,2009,,South,,0,,Flat,,,,,,Overcast,303502,0,0,0,6,,,0,,,,,,Auckland Region,Nil,2-way,Sealed,,0,0,,100,,Null,0,0,,76,Auckland,Unknown,,,,,0,0,Open,0,,,Light rain,Null
1764121,5438483,1884,,568202,0,0,0,1,0,South,2008/2009,EASTERN HUTT ROAD,HIGH ST,,Non-Injury Crash,No,2009,0,North,0,0,0,Flat,0,,0,,0,Bright sun,1925900,0,0,0,2,0,0,0,0,1,,0,0,Wellington Region,Nil,2-way,Sealed,0,0,0,0,50,0,Null,0,0,,46,Lower Hutt City,Nil,0,0,0,0,1,0,Urban,0,0,0,Fine,Null
1765138,5910304,1885,,521803,0,,0,2,,East,2008/2009,PRINCES ST EAST,FRANK GREY PLACE,,Non-Injury Crash,No,2009,,West,,0,,Flat,,,,,,Overcast,790500,0,0,0,2,,,0,,,,,,Auckland Region,Nil,2-way,Sealed,,0,0,,50,,Null,0,0,,76,Auckland,Give way,,,,,0,0,Urban,0,,,Light rain,Null
1745733,5917226,1886,,510800,0,,0,2,,Null,2008/2009,GREAT NORTH ROAD,EDSEL ST,,Non-Injury Crash,No,2009,,East,,0,,Hill Road,,,,,,Overcast,243300,0,0,0,2,,,0,,,,,,Auckland Region,Nil,2-way,Sealed,,0,0,,50,,Null,0,0,,76,Auckland,Traffic Signals,,,,,0,0,Urban,0,,,Fine,Null
1191212,4969548,1887,,612714,0,0,0,1,1,North,2009/2010,SH 94,EWE BURN BR,,Serious Crash,Yes,2009,0,South,0,0,0,Flat,0,,0,,0,Twilight,3173501,1,0,0,2,0,0,0,0,0,,0,0,Southland Region,Nil,2-way,Sealed,0,0,2,0,100,0,None,0,0,,73,Southland District,Unknown,0,0,0,0,0,0,Open,1,0,0,Fine,Null
1887181,5735472,1888,,538841,0,,0,1,,North,2008/2009,SH 5,TUTUKAU ROAD,,Non-Injury Crash,Yes,2009,,North,,0,,Flat,,,,,,Bright sun,1261900,0,0,0,2,,,0,,,,,,Waikato Region,Nil,2-way,Sealed,,0,0,,100,,Null,0,0,30,24,Rotorua District,Unknown,,,,,0,0,Open,0,,,Fine,Null
1840018,5682654,1889,,541348,0,0,0,1,0,South,2009/2010,SH 41,MANGAROA ST,,Non-Injury Crash,Yes,2009,0,South,0,0,0,Flat,0,,0,,0,Bright sun,1288400,0,0,0,2,0,1,0,0,0,,0,0,Waikato Region,Nil,2-way,Sealed,0,0,0,0,100,0,Null,0,0,,21,Taupo District,Unknown,0,0,0,0,0,0,Open,0,0,0,Fine,Null
1455803,5302661,1890,,584911,0,0,0,1,0,North,2009/2010,SH 6,COAL CRK NO 2 BR,,Minor Crash,Yes,2009,0,North,0,0,0,Flat,0,,0,,0,Dark,2403002,1,0,0,2,0,0,0,0,0,,0,0,West Coast Region,Nil,2-way,Sealed,0,0,0,0,100,0,None,0,0,,56,Grey District,Unknown,0,0,0,1,0,0,Open,0,0,0,Light rain,Null
1750070,5916430,1891,,514801,0,0,0,0,0,South,2008/2009,ROSEBANK ROAD,FONTEYN ST,,Non-Injury Crash,No,2009,0,North,0,0,0,Flat,0,,0,,0,Dark,389102,0,0,0,2,0,1,0,0,0,,1,0,Auckland Region,Nil,2-way,Sealed,0,0,0,0,50,0,On,0,0,,76,Auckland,Nil,0,1,0,0,0,0,Urban,1,0,0,Light rain,Null
1750844,5434898,1892,,573700,0,,0,2,,South,2009/2010,PROSPECT TERRACE,WOODLAND ROAD,,Non-Injury Crash,No,2009,,South,,0,,Hill Road,,,,,,Dark,2081800,0,0,0,2,,,0,,,,,,Wellington Region,Nil,2-way,Sealed,,0,0,,50,,On,0,0,,47,Wellington City,Nil,,,,,0,0,Urban,1,,,Fine,Null
1393547,4913504,1893,,602500,0,,0,0,,South,2009/2010,RICCARTON ROAD EAST,SH 1S,,Serious Crash,No,2009,,North,,0,,Hill Road,,,,,,Dark,2977503,0,0,0,2,,,0,,,,,,Otago Region,Nil,2-way,Unsealed,,0,1,,50,,On,1,0,,71,Dunedin City,Unknown,,,,,0,0,Urban,0,,,Fine,Null
1709997,5683004,1894,,550700,0,0,0,0,0,West,2009/2010,SH 3,OTARAOA ROAD,,Minor Crash,Yes,2009,0,East,0,0,0,Flat,0,,0,,0,Overcast,1550503,1,0,0,2,0,0,0,0,0,,0,0,Taranaki Region,Nil,2-way,Sealed,0,0,0,0,100,0,Null,0,0,,33,New Plymouth District,Nil,0,0,0,1,1,0,Open,0,0,0,Light rain,Null
1217475,4852917,1895,,612802,0,,0,0,,Null,2008/2009,Z BCH TRACK,TARAMEA BAY,,Serious Crash,No,2009,,South,,0,,Flat,,,,,,Overcast,3187903,0,0,1,0,,,0,,,,,,,Nil,Off road,Unsealed,,0,1,,50,,Null,0,0,,73,Southland District,Unknown,,,,,0,0,Urban,0,,,Heavy rain,Strong wind
1396840,4913553,1896,,601900,0,0,0,1,1,East,2009/2010,SH 1S,SADDLE HILL OFF,,Serious Crash,Yes,2009,0,East,0,0,0,Hill Road,1,,0,,0,Bright sun,2972000,0,0,0,2,0,0,0,0,0,,0,0,Otago Region,Nil,1-way,Sealed,0,0,1,0,100,0,Null,0,0,,71,Dunedin City,Unknown,0,0,0,0,0,0,Open,0,0,0,Fine,Null
1764953,5915756,1897,,520301,0,0,0,1,0,West,2009/2010,MORRIN ROAD,JELLICOE ROAD,,Non-Injury Crash,No,2009,0,South,0,0,0,Flat,0,,0,,0,Bright sun,627800,0,0,0,2,0,0,0,0,0,,1,1,Auckland Region,Nil,2-way,Sealed,0,0,0,0,50,0,Off,0,0,,76,Auckland,Nil,0,0,0,0,0,0,Urban,0,0,0,Fine,Null
1566080,5180097,1898,,590200,0,,0,2,,Null,2009/2010,RICCARTON ROAD,ILAM ROAD,,Minor Crash,No,2009,,East,,0,,Flat,,,,,,Overcast,2540600,1,0,0,4,,,0,,,,,,Canterbury Region,Nil,2-way,Sealed,,0,0,,50,,Null,0,0,,60,Christchurch City,Traffic Signals,,,,,0,0,Urban,0,,,Fine,Null
1747209,5915742,1899,,511601,0,0,0,2,0,West,2009/2010,FARQUHAR ROAD,PHELPS PLACE,,Non-Injury Crash,No,2009,0,East,0,0,0,Flat,0,,0,,0,Dark,275500,0,0,0,2,0,0,0,0,1,,0,0,Auckland Region,Nil,2-way,Sealed,0,0,0,0,50,0,On,0,0,,76,Auckland,Unknown,0,0,0,0,0,0,Urban,0,0,0,Fine,Null
1747965,5427809,1900,,575300,0,,0,1,,Null,2009/2010,GLASGOW ST,RAWHITI TERRACE,,Non-Injury Crash,No,2009,,East,,0,,Hill Road,,,,,,Dark,2154300,0,0,0,2,,,0,,,1,,,Wellington Region,Nil,2-way,Sealed,,0,0,,50,,On,0,0,,47,Wellington City,Nil,,,,,0,0,Urban,0,,,Light rain,Null
1266233,5014285,1901,,609032,0,0,0,0,0,West,2009/2010,MALAGHANS ROAD,ALAN REIDS ROAD,,Serious Crash,No,2009,0,West,0,0,1,Flat,0,,0,,0,Bright sun,3039710,0,0,0,2,0,0,0,0,0,,0,0,Otago Region,Nil,2-way,Sealed,0,0,1,0,100,0,Null,1,0,,70,Queenstown-Lakes District,Unknown,0,0,0,0,0,0,Open,0,0,0,Fine,Null
1753221,5946617,1902,,505808,0,,0,1,,Null,2008/2009,WHANGAPARAOA ROAD,VIPOND ROAD,,Non-Injury Crash,No,2009,,North,,0,,Flat,,,,,,Overcast,173112,0,0,0,2,,,0,,,,,,Auckland Region,Nil,2-way,Sealed,,0,0,,60,,Null,1,0,,76,Auckland,Traffic Signals,,,,,0,0,Urban,0,,,Fine,Null
1757761,5887038,1903,,521122,0,0,0,1,0,Null,2008/2009,WAIAU PA ROAD,MCMIKEN ROAD,,Non-Injury Crash,No,2009,0,West,1,0,0,Flat,0,,0,,0,Twilight,810700,0,0,0,2,0,0,0,0,0,,0,0,Auckland Region,Nil,2-way,Sealed,0,0,0,0,100,0,None,0,0,,76,Auckland,Give way,0,0,0,0,0,0,Open,1,0,0,Fine,Null
1754213,5933859,1904,,508804,0,,0,2,,Null,2008/2009,GREVILLE ROAD,HAURAKI CRESCENT,,Non-Injury Crash,No,2009,,East,,0,,Hill Road,,,,,,Twilight,180711,0,0,0,4,,,0,,,,,,Auckland Region,Nil,2-way,Sealed,,0,0,,50,,Off,0,0,,76,Auckland,Give way,,,,,0,0,Urban,0,,,Fine,Null
1746034,5917697,1905,,510700,0,,0,2,,North,2009/2010,EDMONTON ROAD,MATUHI RISE,,Non-Injury Crash,No,2009,,South,,0,,Flat,,,,,,Bright sun,240000,0,0,0,2,,,0,,,,,,Auckland Region,Nil,2-way,Sealed,,0,0,,50,,Null,0,0,,76,Auckland,Unknown,,,,,0,0,Urban,0,,,Fine,Null
1697192,6081841,1906,,501620,0,0,0,0,1,West,2008/2009,SH 1N,WAIOMIO ROAD,,Non-Injury Crash,Yes,2009,0,North,1,0,0,Hill Road,0,,0,,0,Dark,46400,0,0,0,2,0,0,0,0,0,,0,0,Northland Region,Nil,2-way,Sealed,0,0,0,0,100,0,None,1,0,,1,Far North District,Nil,0,0,0,0,0,0,Open,0,0,0,Mist or Fog,Null
1727834,6012958,1907,,501815,0,0,0,0,0,Null,2009/2010,SH 1N,GLENMOHR ROAD,,Non-Injury Crash,Yes,2009,0,South,1,0,0,Flat,0,,0,,0,Overcast,80700,0,0,0,1,0,0,0,0,0,,0,1,Northland Region,Nil,2-way,Unsealed,0,0,0,0,100,0,None,1,0,50,2,Whangarei District,Give way,0,0,0,0,0,0,Open,0,0,0,Fine,Null
1887862,5799949,1908,,536653,0,0,0,1,0,South,2009/2010,TE MATAI ROAD,RANGIURU ROAD,,Non-Injury Crash,No,2009,0,North,0,0,0,Flat,0,,0,,0,Overcast,1210800,0,0,0,2,0,0,0,0,0,,0,0,Bay of Plenty Region,Nil,2-way,Sealed,0,0,0,0,100,0,Null,0,0,,22,Western Bay of Plenty District,Unknown,0,0,0,0,1,0,Open,0,1,0,Fine,Null
1768431,5899389,1909,,525102,0,,0,1,,Null,2009/2010,MAHIA ROAD,HOBART CRESCENT,,Non-Injury Crash,No,2009,,West,,0,,Flat,,,,,,Twilight,769401,0,0,0,2,,,0,,,,,,Auckland Region,Nil,2-way,Sealed,,0,0,,50,,Off,0,0,,76,Auckland,Nil,,,,,0,0,Urban,1,,,Fine,Null
1755456,5921509,1910,,515202,0,,0,2,,South,2008/2009,SH 1N,SHELLY BEACH OBR,,Non-Injury Crash,Yes,2009,,South,,0,,Flat,,,,,,Overcast,425600,0,0,0,5,,,0,,,,,,Auckland Region,Bridge,1-way,Sealed,,0,0,,80,,Off,0,0,,76,Auckland,Nil,,,,,0,0,Open,0,,,Fine,Null
1459497,5081806,1911,,599600,0,0,0,1,0,Null,2009/2010,CANADA ST,MAPLE CRES E,,Minor Crash,No,2009,0,South,0,0,0,Flat,0,,0,,0,Overcast,2796600,1,0,0,1,0,0,0,0,0,,0,1,Canterbury Region,Nil,2-way,Sealed,0,0,0,0,50,0,Null,0,0,,64,Timaru District,Give way,0,0,0,0,0,0,Urban,0,0,0,Fine,Null
1758516,5925427,1912,,508020,0,0,0,1,0,Null,2008/2009,WAITEMATA ROAD,MARSDEN ST,,Non-Injury Crash,No,2009,0,East,0,0,1,Hill Road,0,,0,,0,Dark,323100,0,0,0,1,0,0,0,0,0,,0,0,Auckland Region,Nil,2-way,Sealed,0,0,0,0,50,0,On,0,0,,76,Auckland,Nil,0,0,0,0,0,0,Urban,0,0,0,Fine,Null
1764536,5904479,1913,,522100,0,,0,1,,Null,2009/2010,PUHINUI ROAD,MILAN ROAD,,Non-Injury Crash,No,2009,,West,,0,,Flat,,,,,,Overcast,659400,0,0,0,2,,,0,,,,,,Auckland Region,Nil,2-way,Sealed,,0,0,,50,,Off,1,0,,76,Auckland,Give way,,,,,0,0,Urban,0,,,Fine,Null
1877444,5822564,1914,,538101,0,0,0,1,0,West,2008/2009,SH 2,TAKITIMU DRIVE,,Non-Injury Crash,Yes,2009,0,East,0,0,0,Flat,1,,0,,0,Bright sun,1169201,0,0,0,3,0,0,0,0,0,,0,0,Bay of Plenty Region,Nil,1-way,Sealed,0,0,0,0,80,0,Null,0,0,,23,Tauranga City,Unknown,0,0,0,0,0,0,Open,1,0,0,Fine,Null