X,Y,OBJECTID,advisorySpeed,areaUnitID,bicycle,bridge,bus,carStationWagon,cliffBank,crashDirectionDescription,crashFinancialYear,crashLocation1,crashLocation2,crashRoadSideRoad,crashSeverity,crashSHDescription,crashYear,debris,directionRoleDescription,ditch,fatalCount,fence,flatHill,guardRail,holiday,houseOrBuilding,intersection,kerb,light,meshblockId,minorInjuryCount,moped,motorcycle,NumberOfLanes,objectThrownOrDropped,otherObject,otherVehicleType,overBank,parkedVehicle,pedestrian,phoneBoxEtc,postOrPole,region,roadCharacter,roadLane,roadSurface,roadworks,schoolBus,seriousInjuryCount,slipOrFlood,speedLimit,strayAnimal,streetLight,suv,taxi,temporarySpeedLimit,tlaId,tlaName,trafficControl,trafficIsland,trafficSign,train,tree,truck,unknownVehicleType,urban,vanOrUtility,vehicle,waterRiver,weatherA,weatherB
1953898,5790653,1915,,542514,0,0,0,1,1,South,2008/2009,OHOPE ROAD,CLIFF ROAD,,Non-Injury Crash,No,2009,0,South,0,0,0,Hill Road,0,,0,,0,Overcast,1294103,0,0,0,3,0,0,0,0,0,,0,0,Bay of Plenty Region,Nil,2-way,Sealed,0,0,0,0,80,0,Null,0,0,,25,Whakatane District,Unknown,0,0,0,0,0,0,Open,0,0,0,Snow,Null
1569802,5179703,1916,,591500,0,0,0,2,0,Null,2008/2009,OXFORD TERRACE,RICCARTON AVENUE,,Non-Injury Crash,No,2009,0,East,0,0,0,Flat,0,,0,,0,Dark,2647800,0,0,0,2,0,0,0,0,1,,0,0,Canterbury Region,Nil,2-way,Sealed,0,0,0,0,50,0,On,0,0,,60,Christchurch City,Traffic Signals,0,0,0,0,0,0,Urban,0,0,0,Fine,Null
1684521,5428350,1917,,581100,0,0,0,1,0,Null,2008/2009,Z DWY 1 RUSSELL,TARANAKI/RUSSELL,,Non-Injury Crash,No,2009,0,North,0,0,1,Hill Road,0,,0,,0,Bright sun,2281904,0,0,0,2,0,0,0,0,1,,0,0,Marlborough Region,Nil,2-way,Sealed,0,0,0,0,50,0,Null,1,0,,53,Marlborough District,Nil,0,0,0,0,0,0,Urban,0,0,0,Fine,Null
1881401,5774768,1918,,539310,0,,0,1,,East,2008/2009,CLAYTON ROAD,GEM ST,,Non-Injury Crash,No,2009,,East,,0,,Flat,,,,,,Bright sun,1230801,0,0,0,2,,,0,,,,,,Bay of Plenty Region,Nil,2-way,Sealed,,0,0,,50,,Null,0,0,,24,Rotorua District,Unknown,,,,,0,0,Urban,1,,,Fine,Null
1746284,5911031,1919,,512700,0,,0,1,,North,2008/2009,SCENIC DRIVE,WOODLANDS PARK ROAD,,Non-Injury Crash,No,2009,,North,,0,,Hill Road,,,,,,Overcast,300100,0,0,1,2,,,0,,,,,,Auckland Region,Nil,2-way,Sealed,,0,0,,50,,None,0,0,,76,Auckland,Nil,,,,,0,0,Urban,0,,,Light rain,Null
1753672,5929239,1920,,508320,0,,0,2,,South,2009/2010,GLENFIELD ROAD,WAIRAU ROAD,,Non-Injury Crash,No,2009,,North,,0,,Flat,,,,,,Dark,196801,0,0,0,2,,,0,,,,,,Auckland Region,Nil,2-way,Sealed,,0,0,,50,,On,0,0,,76,Auckland,Unknown,,,,,0,0,Urban,0,,,Light rain,Null
1718398,6038215,1921,,502005,0,0,0,1,0,East,2009/2010,PORTLAND ROAD,SH 1N,,Non-Injury Crash,No,2009,0,West,0,0,0,Hill Road,0,,0,,0,Overcast,76400,0,0,0,2,0,0,0,0,0,,0,0,Northland Region,Nil,2-way,Sealed,0,0,0,0,80,0,None,0,0,,2,Whangarei District,Nil,0,0,0,1,0,0,Open,0,0,0,Fine,Null
1770124,5910694,1922,,523109,0,,0,2,,Null,2008/2009,TE IRIRANGI DRIVE,HAVEN DRIVE,,Non-Injury Crash,No,2009,,South,,0,,Flat,,,,,,Dark,711709,0,0,0,4,,,0,,,,,,Auckland Region,Nil,2-way,Sealed,,0,0,,80,,On,0,0,,76,Auckland,Traffic Signals,,,,,0,0,Open,0,,,Fine,Null
1799761,5813104,1923,,529100,0,,0,2,,East,2008/2009,SH 1N,QUENTIN DRIVE,,Non-Injury Crash,Yes,2009,,East,,0,,Flat,,,,,,Bright sun,927504,0,0,0,2,,,0,,,,,,Waikato Region,Nil,2-way,Sealed,,0,0,,60,,Null,0,0,,16,Hamilton City,Unknown,,,,,0,0,Urban,0,,,Fine,Null
1692048,5675715,1924,,551900,0,,0,2,,Null,2008/2009,SH 45,MORLEY/VIVIAN,,Non-Injury Crash,Yes,2009,,South,,0,,Hill Road,,,,,,Overcast,1589300,0,0,0,2,,,0,,,,,,Taranaki Region,Nil,2-way,Sealed,,0,0,,50,,Null,0,0,,33,New Plymouth District,Stop,,,,,0,0,Urban,0,,,Fine,Null
2037938,5708063,1925,,544701,0,0,0,2,0,East,2008/2009,RUTENE ROAD,HIRINI ST,,Non-Injury Crash,No,2009,0,East,0,0,0,Flat,0,,0,,0,Dark,1382200,0,0,0,2,0,0,0,0,1,,0,0,Gisborne Region,Nil,2-way,Sealed,0,0,0,0,50,0,On,0,0,,28,Gisborne District,Nil,0,0,0,0,1,0,Urban,0,0,0,Fine,Null
1746846,5915256,1926,,511800,0,,0,2,,Null,2008/2009,GREAT NORTH ROAD,AWAROA ROAD,,Non-Injury Crash,No,2009,,West,,0,,Hill Road,,,,,,Dark,276400,0,0,0,4,,,0,,,,,,Auckland Region,Nil,2-way,Sealed,,0,0,,50,,On,0,0,,76,Auckland,Give way,,,,,0,0,Urban,0,,,Heavy rain,Null
1750565,5932706,1927,,508806,0,,0,2,,West,2008/2009,MAHONEY DRIVE,CUTHILL CLOSE,,Non-Injury Crash,No,2009,,East,,0,,Flat,,,,,,Overcast,179908,0,0,0,2,,,0,,,,,,Auckland Region,Nil,2-way,Sealed,,0,0,,50,,Off,0,0,,76,Auckland,Nil,,,,,0,0,Urban,0,,,Heavy rain,Null
1570157,5178863,1928,,594600,0,,0,1,,Null,2009/2010,MONTREAL ST,DISRAELI ST,,Minor Crash,No,2009,,East,,0,,Flat,,,,,,Bright sun,2616400,1,0,0,2,,,0,,,,,,Canterbury Region,Nil,2-way,Sealed,,0,0,,50,,Null,1,0,,60,Christchurch City,Stop,,,,,0,0,Urban,0,,,Fine,Null
1769208,5914489,1929,,522721,0,,0,2,,North,2009/2010,FORTUNES ROAD,PAKURANGA ROAD,,Non-Injury Crash,No,2009,,South,,0,,Flat,,,,,,Bright sun,680727,0,0,0,2,,,0,,,,,,Auckland Region,Nil,2-way,Sealed,,0,0,,50,,Off,0,0,,76,Auckland,Unknown,,,,,0,0,Urban,0,,,Fine,Null
1762932,5917441,1930,,516301,0,,0,2,,Null,2008/2009,ST JOHNS ROAD,GERARD WAY,,Non-Injury Crash,No,2009,,North,,0,,Flat,,,,,,Dark,461000,0,0,0,2,,,0,,,,,,Auckland Region,Nil,2-way,Sealed,,0,0,,50,,On,0,0,,76,Auckland,Traffic Signals,,,,,0,0,Urban,0,,,Fine,Null
1768916,5900839,1931,,525002,0,,0,2,,Null,2009/2010,GREAT SOUTH ROAD,ALFRISTON ROAD,,Non-Injury Crash,No,2009,,South,,0,,Flat,,,,,,Bright sun,752802,0,0,0,1,,,0,,,,,,Auckland Region,Nil,1-way,Sealed,,0,0,,50,,Null,0,0,,76,Auckland,Traffic Signals,,,,,0,0,Urban,0,,,Fine,Null
1242190,4853736,1932,,610602,0,,0,0,,Null,2008/2009,SH 6,DURHAM ST,,Non-Injury Crash,Yes,2009,,North,,0,,Flat,,,,,,Bright sun,3099400,0,0,0,4,,,0,,,,,,Southland Region,Nil,2-way,Sealed,,0,0,,50,,Null,0,0,,75,Invercargill City,Stop,,,,,0,0,Urban,2,,,Fine,Null
1798955,5816457,1933,,528800,0,0,0,0,0,North,2009/2010,MAEROA ROAD,CHURCHILL AVENUE,,Non-Injury Crash,No,2009,0,South,0,0,0,Flat,0,,0,,1,Bright sun,903203,0,0,1,2,0,0,0,0,0,,0,0,Waikato Region,Nil,2-way,Sealed,0,0,0,0,50,0,Null,0,0,,16,Hamilton City,Unknown,0,1,0,0,0,0,Urban,0,0,0,Fine,Null
1826805,5885773,1934,,533502,0,0,0,1,0,South,2008/2009,PARAWAI ROAD,BANKS ST,,Non-Injury Crash,No,2009,0,North,0,0,0,Flat,0,Queens Birthday,0,,0,Dark,1055800,0,0,0,2,0,0,0,0,0,,0,1,Waikato Region,Nil,2-way,Sealed,0,0,0,0,50,0,On,0,0,,11,Thames-Coromandel District,Unknown,0,0,0,0,0,0,Urban,0,0,0,Fine,Null
1796856,5814850,1935,,528601,0,0,0,2,0,East,2008/2009,DINSDALE ROAD,NEWCASTLE ROAD,,Non-Injury Crash,No,2009,0,East,0,0,1,Hill Road,0,,0,,0,Dark,920000,0,0,0,2,0,0,0,0,1,,0,0,Waikato Region,Nil,2-way,Sealed,0,0,0,0,50,0,On,0,0,,16,Hamilton City,Unknown,0,0,0,0,0,0,Urban,0,0,0,Fine,Null
1893327,5812750,1936,,538502,0,,0,1,,Null,2008/2009,JELLICOE ST,KING ST,,Non-Injury Crash,No,2009,,West,,0,,Flat,,,,,,Overcast,1215500,0,0,0,2,,,0,,,,,,Bay of Plenty Region,Nil,2-way,Sealed,,0,0,,50,,None,0,0,,22,Western Bay of Plenty District,Stop,,,,,1,0,Urban,0,,,Fine,Null
1704805,6071406,1937,55,501620,0,,0,2,,West,2009/2010,SH 1N,BARNES ROAD,,Non-Injury Crash,Yes,2009,,East,,0,,Flat,,,,,,Overcast,46001,0,0,0,2,,,0,,,,,,Northland Region,Rail xing,2-way,Sealed,,0,0,,100,,None,0,0,,1,Far North District,Nil,,,,,0,0,Open,0,,,Light rain,Null
1893008,5812986,1938,,538502,0,,0,1,,North,2008/2009,JOCELYN ST,COMMERCE LANE,,Non-Injury Crash,No,2009,,North,,0,,Flat,,,,,,Dark,1215500,0,0,0,2,,,0,,,1,,,Bay of Plenty Region,Nil,2-way,Sealed,,0,0,,50,,On,0,0,,22,Western Bay of Plenty District,Nil,,,,,0,0,Urban,0,,,Fine,Null
1768054,5910769,1939,,523112,0,,0,1,,Null,2009/2010,NEALES ROAD,CRYERS ROAD,,Non-Injury Crash,No,2009,,South,,0,,Flat,,,,,,Bright sun,711405,0,0,0,2,,,0,,,,,,Auckland Region,Nil,2-way,Sealed,,0,0,,50,,Off,0,0,,76,Auckland,Give way,,,,,0,0,Urban,0,,,Fine,Null
1457975,5083327,1940,,599100,0,0,0,2,0,West,2008/2009,WAI-ITI ROAD,GUINNESS ST,,Non-Injury Crash,No,2009,0,West,0,0,0,Flat,0,,0,,0,Dark,2785100,0,0,0,2,0,0,0,0,1,,0,0,Canterbury Region,Nil,2-way,Sealed,0,0,0,0,50,0,On,0,0,,64,Timaru District,Unknown,0,0,0,0,1,0,Urban,0,0,0,Fine,Null
1757506,5912305,1941,,519810,0,,0,2,,South,2009/2010,SH 20,QUEENSTOWN OBR,,Non-Injury Crash,Yes,2009,,North,,0,,Flat,,,,,,Overcast,597100,0,0,0,2,,,0,,,,,,Auckland Region,Nil,1-way,Sealed,,0,0,,80,,Off,0,0,,76,Auckland,Nil,,,,,0,0,Open,0,,,Fine,Null
1685452,6080587,1942,,501634,0,0,0,0,0,East,2008/2009,NGAPIPITO ROAD,TANA ROAD,,Non-Injury Crash,No,2009,0,North,0,0,0,Hill Road,0,,0,,0,Overcast,36500,0,0,0,2,0,0,0,0,0,,0,0,Northland Region,Nil,2-way,Sealed,0,0,0,0,100,0,Null,1,0,,1,Far North District,Unknown,0,0,0,0,0,0,Open,0,0,0,Fine,Null
1751763,5949628,1943,,505805,0,0,0,1,0,South,2009/2010,HIBISCUS COAST HIGHWAY,MOANA AVENUE,,Non-Injury Crash,No,2009,0,North,0,0,0,Flat,0,,0,,0,Bright sun,172102,0,0,0,2,0,0,0,0,0,,0,1,Auckland Region,Nil,2-way,Sealed,0,0,0,0,50,0,Off,0,0,,76,Auckland,Nil,0,0,0,1,0,0,Urban,0,0,0,Fine,Null
1821229,5529400,1944,,562800,0,,0,2,,Null,2009/2010,CUBA ST,BOURKE ST,,Minor Crash,No,2009,,East,,0,,Flat,,,,,,Overcast,1828200,2,0,0,4,,,0,,,,,,Manawatū-Whanganui Region,Nil,2-way,Sealed,,0,0,,50,,Null,0,0,,40,Palmerston North City,Traffic Signals,,,,,0,0,Urban,0,,,Light rain,Null
1755671,5922469,1945,,509800,0,,0,1,,Null,2008/2009,SH 1N,TOP OF HARBOUR BRIDGE,,Non-Injury Crash,Yes,2009,,South,,0,,Hill Road,,,,,,Overcast,359300,0,0,0,2,,,0,,,,,,,Bridge,1-way,Sealed,,0,0,,80,,Off,1,0,,76,Auckland,Nil,,,,,0,0,Open,0,,,Fine,Null
1765614,5919992,1946,,516700,0,0,0,1,0,West,2009/2010,POLYGON ROAD,ST HELIERS BAY ROAD,,Non-Injury Crash,No,2009,0,South,0,0,0,Flat,0,,0,,0,Bright sun,509200,0,0,0,2,0,0,0,0,1,,0,0,Auckland Region,Nil,2-way,Sealed,0,0,0,0,50,0,Off,1,0,,76,Auckland,Nil,0,0,0,0,0,0,Urban,0,0,0,Fine,Null
1750335,5915980,1947,,514801,0,0,0,1,0,Null,2008/2009,BAMFORD ST,ROSEBANK ROAD,,Non-Injury Crash,No,2009,0,West,0,0,0,Flat,0,,0,,0,Dark,387602,0,0,0,2,0,0,0,0,0,,0,1,Auckland Region,Nil,2-way,Sealed,0,0,0,0,50,0,On,0,0,,76,Auckland,Nil,0,0,0,0,0,0,Urban,0,0,0,Light rain,Null
1407515,4919199,1948,,603300,0,,0,0,,North,2008/2009,NORTH ROAD,CHACOMBE AVENUE,,Non-Injury Crash,No,2009,,South,,0,,Flat,,,,,,Overcast,2873602,0,0,0,2,,,0,,,,,,Otago Region,Nil,2-way,Sealed,,0,0,,50,,Null,0,0,,71,Dunedin City,Unknown,,,,,0,0,Urban,2,,,Fine,Null
1763385,5915744,1949,,517202,0,,0,2,,South,2009/2010,LUNN AVENUE,ABBOTTS WAY,,Non-Injury Crash,No,2009,,North,,0,,Flat,,,,,,Bright sun,626304,0,0,0,2,,,0,,,,,,Auckland Region,Nil,2-way,Sealed,,0,0,,50,,Null,0,0,,76,Auckland,Unknown,,,,,0,0,Urban,0,,,Fine,Null
1745315,5919997,1950,,513301,0,0,0,1,0,North,2008/2009,LINCOLN ROAD,PARAMOUNT DRIVE,,Non-Injury Crash,No,2009,0,North,0,0,0,Flat,0,,0,,0,Bright sun,230401,0,0,0,4,0,0,0,0,0,,0,0,Auckland Region,Nil,2-way,Sealed,0,0,0,0,50,0,Null,0,0,,76,Auckland,Unknown,0,0,0,0,1,0,Urban,0,1,0,Fine,Null
1760003,5913033,1951,,520000,0,,0,2,,Null,2008/2009,MOUNT SMART ROAD,NAMATA ROAD,,Non-Injury Crash,No,2009,,West,,0,,Flat,,,,,,Dark,605500,0,0,0,2,,,0,,,,,,Auckland Region,Nil,2-way,Sealed,,0,0,,50,,On,0,0,,76,Auckland,Stop,,,,,0,0,Urban,0,,,Fine,Null
1742646,5919008,1952,,513211,0,0,0,1,0,West,2008/2009,SWANSON ROAD,ARNEY ROAD,,Non-Injury Crash,No,2009,0,West,0,0,0,Flat,0,,0,,0,Overcast,235009,0,0,0,2,0,0,0,0,0,,0,0,Auckland Region,Nil,2-way,Sealed,0,0,0,0,50,0,Off,0,0,,76,Auckland,Nil,0,0,0,1,0,0,Urban,0,0,0,Light rain,Null
1831327,5868140,1953,,533901,0,0,0,0,0,East,2008/2009,HAURAKI ROAD,SH 2,,Non-Injury Crash,No,2009,0,South,1,0,0,Flat,0,,0,,0,Overcast,1065000,0,0,0,2,0,0,0,0,0,,0,0,Waikato Region,Nil,2-way,Sealed,0,0,0,0,100,0,None,0,0,,12,Hauraki District,Nil,0,0,0,0,1,0,Open,0,0,0,Fine,Null
1752008,5915580,1954,,517901,0,,0,2,,Null,2009/2010,NEW NORTH ROAD,HENDON AVENUE,,Non-Injury Crash,No,2009,,North,,0,,Flat,,,,,,Overcast,523800,0,0,0,2,,,0,,,,,,Auckland Region,Nil,2-way,Sealed,,0,0,,50,,Off,0,0,,76,Auckland,Traffic Signals,,,,,0,0,Urban,0,,,Light rain,Null
1747974,5912834,1955,,511902,0,0,0,2,0,North,2009/2010,FAIRMOUNT ROAD,PLEASANT ROAD,,Non-Injury Crash,No,2009,0,North,0,0,0,Hill Road,0,,0,,0,Bright sun,292003,0,0,0,2,0,0,0,0,1,,0,0,Auckland Region,Nil,2-way,Sealed,0,0,0,0,50,0,Off,0,0,,76,Auckland,Nil,0,0,0,0,0,0,Urban,0,0,0,Fine,Null
1935748,5618688,1956,,546700,0,,0,1,,Null,2008/2009,PERCY SPILLER AVENUE,LONGFELLOW AVENUE,,Non-Injury Crash,No,2009,,West,,0,,Flat,,,,,,Overcast,1446200,0,0,0,2,,,0,,,,,,Hawke's Bay Region,Nil,2-way,Sealed,,0,0,,50,,Null,0,0,,31,Napier City,Nil,,,,,1,0,Urban,0,,,Fine,Null
1755215,5926186,1957,,509701,0,0,0,2,0,West,2009/2010,ALTON AVENUE,OCEAN VIEW ROAD,,Non-Injury Crash,No,2009,0,East,0,0,0,Flat,0,,0,,0,Dark,363200,0,0,0,2,0,0,0,0,1,,0,0,Auckland Region,Nil,2-way,Sealed,0,0,0,0,50,0,On,0,0,,76,Auckland,Nil,0,0,0,0,0,0,Urban,0,0,0,Fine,Null
1745559,5917532,1958,,510700,0,,0,2,,Null,2008/2009,ALDERMAN DRIVE,SEL PEACOCK DRIVE,,Non-Injury Crash,No,2009,,East,,0,,Flat,,,,,,Overcast,239900,0,0,0,2,,,0,,,,,,Auckland Region,Nil,2-way,Sealed,,0,0,,50,,Off,0,0,,76,Auckland,Give way,,,,,0,0,Urban,0,,,Light rain,Null
1749834,5913940,1959,,511303,0,0,0,2,0,East,2008/2009,GREAT NORTH ROAD,TODD AVENUE,,Non-Injury Crash,No,2009,0,East,0,0,0,Flat,0,,0,,0,Bright sun,266000,0,0,0,4,0,0,0,0,1,,0,0,Auckland Region,Nil,2-way,Sealed,0,0,0,0,50,0,Off,0,0,,76,Auckland,Nil,0,0,0,0,0,0,Urban,0,0,0,Fine,Null
1550402,5173667,1960,,597509,0,0,0,0,0,Null,2008/2009,SH 1S,HOSKYNS ROAD,,Minor Crash,Yes,2009,0,South,0,0,0,Flat,0,,0,,0,Overcast,2719311,1,0,0,3,0,0,0,0,0,,0,0,Canterbury Region,Nil,2-way,Sealed,0,0,0,0,100,0,Null,1,0,,62,Selwyn District,Traffic Signals,1,0,0,0,0,0,Open,0,0,0,Light rain,Null
1801087,5819222,1961,,529402,0,0,0,1,0,Null,2008/2009,CHEDWORTH AVENUE,RUTHERFORD ST,,Non-Injury Crash,No,2009,0,East,0,0,0,Flat,0,,0,,0,Bright sun,876500,0,0,0,2,0,0,0,0,0,,0,0,Waikato Region,Nil,2-way,Sealed,0,0,0,0,50,0,Null,0,0,,16,Hamilton City,Give way,0,0,0,1,0,0,Urban,0,0,0,Fine,Null
1753171,5933635,1962,,508701,0,,0,2,,North,2009/2010,SH 1N,GREVILLE OBR,,Non-Injury Crash,Yes,2009,,North,,0,,Flat,,,,,,Dark,178900,0,0,0,3,,,0,,,,,,Auckland Region,Nil,1-way,Sealed,,0,0,,100,,On,0,0,,76,Auckland,Nil,,,,,0,0,Open,0,,,Fine,Null
1733167,5929690,1963,,505601,0,,0,2,,Null,2009/2010,SH 16,WAIMAUKU STATION ROAD,,Non-Injury Crash,Yes,2009,,South,,0,,Flat,,,,,,Bright sun,216103,0,0,0,2,,,0,,,,,,Auckland Region,Nil,2-way,Sealed,,0,0,,70,,Off,0,0,,76,Auckland,Stop,,,,,0,0,Urban,0,,,Fine,Null
1308907,5039647,1964,,608304,0,0,0,0,0,East,2008/2009,SH 8A,GLENFOYLE ROAD,,Non-Injury Crash,Yes,2009,0,East,1,0,1,Hill Road,0,,0,,0,Bright sun,3028200,0,0,0,2,0,0,0,0,0,,0,0,Otago Region,Nil,2-way,Sealed,0,0,0,0,100,0,Null,0,0,,70,Queenstown-Lakes District,Unknown,0,0,0,0,1,0,Open,0,0,0,Fine,Null
1936290,5620253,1965,,546902,0,0,0,1,0,South,2008/2009,LATHAM ST,MCDONALD ST,,Non-Injury Crash,No,2009,0,South,0,0,1,Flat,0,,0,,0,Bright sun,1432400,0,0,0,2,0,0,0,0,1,,0,0,Hawke's Bay Region,Nil,2-way,Sealed,0,0,0,0,50,0,Null,0,0,,31,Napier City,Nil,0,0,0,0,0,0,Urban,1,0,0,Fine,Null
1753487,5876047,1966,,526104,0,,0,2,,North,2008/2009,QUEEN ST,KITCHENER ROAD,,Non-Injury Crash,No,2009,,North,,0,,Flat,,,,,,Bright sun,834800,0,0,0,2,,,0,,,,,,Auckland Region,Nil,2-way,Sealed,,0,0,,50,,Off,0,0,,76,Auckland,Give way,,,,,0,0,Urban,0,,,Fine,Null
1571132,5178332,1967,,594600,0,0,0,2,0,Null,2008/2009,SH 76,GASSON STREET,,Minor Crash,Yes,2009,0,South,0,0,0,Flat,0,,0,,0,Overcast,2619000,1,0,0,4,0,0,0,0,0,,0,1,Canterbury Region,Nil,2-way,Sealed,0,0,0,0,50,0,Null,0,0,,60,Christchurch City,Traffic Signals,0,0,0,0,0,0,Urban,0,0,0,Fine,Null
1889628,5822689,1968,,536201,0,,0,2,,East,2008/2009,PAPAMOA BEACH ROAD,DOMAIN ROAD,,Non-Injury Crash,No,2009,,West,,0,,Flat,,,,,,Bright sun,1204708,0,0,0,2,,,0,,,,,,Bay of Plenty Region,Nil,2-way,Sealed,,0,0,,50,,Null,0,0,,23,Tauranga City,Give way,,,,,0,0,Urban,0,,,Fine,Null
1718560,6044587,1969,,503600,0,0,0,1,1,Null,2008/2009,SH 1N,OTAIKA ROAD,,Non-Injury Crash,Yes,2009,0,North,0,0,0,Hill Road,0,,0,,0,Dark,104200,0,0,0,2,0,0,0,0,0,,0,0,Northland Region,Nil,2-way,Sealed,0,0,0,0,50,0,On,0,0,,2,Whangarei District,Give way,0,0,0,0,0,0,Urban,0,0,0,Fine,Null
1762271,5907061,1970,,524520,0,,0,2,,Null,2009/2010,BUCKLAND ROAD,MASSEY ROAD,,Non-Injury Crash,No,2009,,East,,0,,Flat,,,,,,Twilight,735200,0,0,0,4,,,0,,,,,,Auckland Region,Nil,2-way,Sealed,,0,0,,50,,Off,0,0,,76,Auckland,Traffic Signals,,,,,0,0,Urban,0,,,Light rain,Null
1757547,5920564,1971,,514103,0,0,0,2,0,North,2009/2010,OCONNELL ST,CHANCERY ST,,Non-Injury Crash,No,2009,0,South,0,0,0,Flat,0,,0,,0,Bright sun,437701,0,0,0,0,0,0,0,0,1,,0,0,Auckland Region,Nil,1-way,Sealed,0,0,0,0,50,0,Off,0,0,,76,Auckland,Nil,0,0,0,0,0,0,Urban,0,0,0,Fine,Null
1679741,5403652,1972,,581230,0,,0,1,,Null,2008/2009,MAXWELL ROAD,QUEEN ST,,Non-Injury Crash,No,2009,,North,,0,,Flat,,,,,,Twilight,2298900,0,0,0,2,,,0,,,,,,Marlborough Region,Nil,2-way,Sealed,,0,0,,50,,On,0,0,,53,Marlborough District,Give way,,,,,1,0,Urban,0,,,Fine,Null
1876507,5824050,1973,,537301,0,0,0,1,0,South,2009/2010,OTUMOETAI ROAD,RUSSELL PLACE,,Non-Injury Crash,No,2009,0,North,0,0,0,Flat,0,,0,,0,Dark,1160106,0,0,0,2,0,1,0,0,0,,1,0,Bay of Plenty Region,Nil,2-way,Sealed,0,0,0,0,50,0,On,0,0,,23,Tauranga City,Unknown,0,0,0,0,0,0,Urban,0,0,0,Fine,Null
1799072,5818700,1974,,528310,0,,0,2,,Null,2008/2009,BRAID ROAD,SANDWICH ROAD,,Non-Injury Crash,No,2009,,East,,0,,Flat,,,,,,Overcast,898800,0,0,0,2,,,0,,,,,,Waikato Region,Nil,2-way,Sealed,,0,0,,50,,Off,0,0,,16,Hamilton City,Give way,,,,,0,0,Urban,0,,,Fine,Null
1770894,5913656,1975,,523101,0,,0,2,,Null,2009/2010,BOTANY ROAD,KURNELL DRIVE,,Non-Injury Crash,No,2009,,South,,0,,Flat,,,,,,Bright sun,710522,0,0,0,2,,,0,,,,,,Auckland Region,Nil,2-way,Sealed,,0,0,,50,,Off,0,0,,76,Auckland,Stop,,,,,0,0,Urban,0,,,Fine,Null
1694781,5676962,1976,,552100,0,,0,1,,East,2009/2010,Z 465 DEVON ST EAST,DEVON/NOBS LINE,,Minor Crash,No,2009,,East,,0,,Flat,,,,,,Overcast,1597200,1,0,0,0,,,0,,,1,,,Taranaki Region,Nil,Off road,Sealed,,0,0,,50,,Null,0,0,,33,New Plymouth District,Nil,,,,,0,0,Urban,0,,,Fine,Null
1801257,5814024,1977,,529100,0,0,0,1,0,South,2008/2009,COBHAM DRIVE,HILLSBOROUGH TERRACE,,Non-Injury Crash,No,2009,0,West,0,0,0,Flat,1,,0,,0,Dark,931900,0,0,0,4,0,0,0,0,0,,0,0,Waikato Region,Nil,2-way,Sealed,0,0,0,0,50,0,On,0,0,,16,Hamilton City,Nil,0,0,0,0,0,0,Urban,0,0,0,Light rain,Null
1577311,5172639,1978,,596400,0,0,0,0,0,South,2009/2010,JACKSONS ROAD,KEEBLES LANE,,Minor Crash,No,2009,0,South,0,0,0,Hill Road,0,,0,,0,Dark,2708700,3,0,0,1,0,0,0,0,1,,0,0,Canterbury Region,Nil,2-way,Sealed,0,0,0,0,50,0,On,0,0,,60,Christchurch City,Unknown,0,0,0,0,0,0,Urban,1,0,0,Fine,Null
1831278,5863430,1979,,533901,0,,0,1,,Null,2008/2009,SH 2,AWAITI ROAD,,Non-Injury Crash,Yes,2009,,North,,0,,Flat,,,,,,Overcast,1066100,0,0,0,2,,,0,,,,,,Waikato Region,Nil,2-way,Sealed,,0,0,,100,,Null,0,0,,12,Hauraki District,Give way,,,,,1,0,Open,0,,,Fine,Null
1747507,5912352,1980,,511901,1,,0,1,,North,2009/2010,CAPTAIN SCOTT ROAD,ATKINSON ROAD,,Non-Injury Crash,No,2009,,East,,0,,Flat,,,,,,Overcast,294402,0,0,0,2,,,0,,,,,,Auckland Region,Nil,2-way,Sealed,,0,0,,50,,Off,0,0,,76,Auckland,Nil,,,,,0,0,Urban,0,,,Fine,Null
1784200,5746138,1981,85,531731,0,0,0,1,0,East,2009/2010,SH 3,SH 4,,Non-Injury Crash,Yes,2009,0,North,0,0,1,Flat,0,,0,,0,Overcast,1011000,0,0,0,2,0,0,0,0,0,,0,0,Waikato Region,Nil,2-way,Sealed,0,0,0,0,100,0,None,0,0,,20,Waitomo District,Nil,0,0,0,0,0,0,Open,0,0,0,Fine,Null
1437538,5267774,1982,,585317,0,,0,2,,North,2009/2010,BLUE SPUR ROAD,CEMENT LEAD ROAD,,Minor Crash,No,2009,,South,,0,,Flat,,,,,,Bright sun,2421800,1,0,0,2,,,0,,,,,,West Coast Region,Nil,2-way,Sealed,,0,0,,100,,Null,0,0,,57,Westland District,Unknown,,,,,0,0,Open,0,,,Fine,Null
1749527,5915259,1983,,514802,0,,0,1,,South,2009/2010,TONY SEGEDIN DRIVE,RIVERSDALE ROAD,,Non-Injury Crash,No,2009,,North,,0,,Flat,,,,,,Twilight,386502,0,0,0,2,,,0,,,,,,Auckland Region,Nil,2-way,Sealed,,0,0,,50,,On,0,0,,76,Auckland,Unknown,,,,,0,0,Urban,1,,,Fine,Null
1767778,5904278,1984,,524602,0,,0,2,,South,2008/2009,GREAT SOUTH ROAD,REDOUBT ROAD,,Non-Injury Crash,No,2009,,North,,0,,Flat,,Easter,,,,Overcast,780416,0,0,0,5,,,0,,,,,,Auckland Region,Nil,2-way,Sealed,,0,0,,70,,Null,0,0,,76,Auckland,Give way,,,,,0,0,Urban,0,,,Fine,Null