X,Y,OBJECTID,advisorySpeed,areaUnitID,bicycle,bridge,bus,carStationWagon,cliffBank,crashDirectionDescription,crashFinancialYear,crashLocation1,crashLocation2,crashRoadSideRoad,crashSeverity,crashSHDescription,crashYear,debris,directionRoleDescription,ditch,fatalCount,fence,flatHill,guardRail,holiday,houseOrBuilding,intersection,kerb,light,meshblockId,minorInjuryCount,moped,motorcycle,NumberOfLanes,objectThrownOrDropped,otherObject,otherVehicleType,overBank,parkedVehicle,pedestrian,phoneBoxEtc,postOrPole,region,roadCharacter,roadLane,roadSurface,roadworks,schoolBus,seriousInjuryCount,slipOrFlood,speedLimit,strayAnimal,streetLight,suv,taxi,temporarySpeedLimit,tlaId,tlaName,trafficControl,trafficIsland,trafficSign,train,tree,truck,unknownVehicleType,urban,vanOrUtility,vehicle,waterRiver,weatherA,weatherB
1577664,5182588,1985,,595800,0,0,0,1,0,West,2009/2010,BERESFORD ST,HARDY ST,,Minor Crash,No,2009,0,West,0,0,0,Flat,0,,0,,0,Overcast,2558800,2,0,0,2,0,0,0,0,0,,0,1,Canterbury Region,Nil,2-way,Sealed,0,0,0,0,50,0,Null,0,0,,60,Christchurch City,Unknown,0,0,0,0,0,0,Urban,0,0,0,Light rain,Null
1750972,5924792,1986,,510020,0,,0,1,,Null,2008/2009,ISLAND BAY ROAD,VALHALLA DRIVE E,,Non-Injury Crash,No,2009,,West,,0,,Hill Road,,,,,,Overcast,346500,0,0,0,2,,,0,,,,,,Auckland Region,Nil,2-way,Sealed,,0,0,,50,,Null,0,0,,76,Auckland,Stop,,,,,0,0,Urban,1,,,Light rain,Null
1817047,5803149,1987,,527503,0,0,0,1,0,Null,2009/2010,VICTORIA ST,ALPHA ST,,Non-Injury Crash,No,2009,0,East,0,0,0,Flat,0,,0,,0,Bright sun,964900,0,0,0,2,0,1,0,0,0,,0,1,Waikato Region,Nil,2-way,Sealed,0,0,0,0,50,0,Null,0,0,,17,Waipa District,Give way,0,0,0,0,1,0,Urban,0,0,0,Fine,Null
1758535,5917982,1988,,516101,0,0,0,1,1,North,2008/2009,REMUERA ROAD,MIDDLETON ROAD,,Non-Injury Crash,No,2009,0,South,1,0,1,Flat,0,,0,,0,Dark,480601,0,0,0,2,0,0,0,0,0,,0,0,Auckland Region,Bridge,2-way,Sealed,0,0,0,0,50,0,On,0,0,,76,Auckland,Unknown,0,0,0,0,0,0,Urban,0,0,0,Fine,Null
1760374,5434685,1989,,568701,0,,0,1,,Null,2008/2009,WAIWHETU ROAD,WHITES LINE EAST,,Non-Injury Crash,No,2009,,East,,0,,Flat,,,,,,Bright sun,1976900,0,0,1,2,,,0,,,,,,Wellington Region,Nil,2-way,Sealed,,0,0,,50,,Null,0,0,,46,Lower Hutt City,Traffic Signals,,,,,0,0,Urban,0,,,Fine,Null
1801308,5816519,1990,,529900,0,0,0,1,0,North,2008/2009,HEAPHY TERRACE,THAMES ST,,Non-Injury Crash,No,2009,0,South,0,0,0,Flat,0,,0,,0,Bright sun,862400,0,0,0,2,0,0,0,0,1,,0,0,Waikato Region,Nil,2-way,Sealed,0,0,0,0,50,0,Null,0,0,,16,Hamilton City,Unknown,0,0,0,0,0,0,Urban,1,0,0,Fine,Null
1721523,6005196,1991,,505010,0,,0,0,,West,2008/2009,GOLDEN STAIRS ROAD,GORGE ROAD,,Non-Injury Crash,No,2009,,West,,0,,Hill Road,,,,,,Bright sun,132000,0,0,0,2,,,0,,,,,,Northland Region,Nil,2-way,Unsealed,,0,0,,100,,Null,0,0,,3,Kaipara District,Unknown,,,,,0,0,Open,1,,,Fine,Null
1742229,5916744,1992,,513020,0,0,0,1,0,East,2008/2009,SIMPSON ROAD,CANDIA ROAD,,Non-Injury Crash,No,2009,0,East,1,0,1,Flat,0,,0,,0,Bright sun,236900,0,0,0,2,0,0,0,0,0,,0,0,Auckland Region,Nil,2-way,Sealed,0,0,0,0,70,0,Null,0,0,,76,Auckland,Unknown,0,0,0,0,0,0,Urban,0,0,0,Fine,Null
1898602,5804419,1993,,536654,0,0,0,1,1,North,2008/2009,SH 33,ALLPORT ROAD,,Non-Injury Crash,Yes,2009,0,North,0,0,1,Hill Road,0,,0,,0,Bright sun,1212101,0,0,0,2,0,0,0,0,0,,0,0,Bay of Plenty Region,Nil,2-way,Sealed,0,0,0,0,100,0,Null,0,0,,22,Western Bay of Plenty District,Unknown,0,0,0,1,0,0,Open,0,0,0,Fine,Null
1568015,5186067,1994,,588402,0,,0,2,,Null,2009/2010,GRAMPIAN ST,CLARIDGES ROAD,,Minor Crash,No,2009,,North,,0,,Flat,,,,,,Bright sun,2529300,1,0,0,2,,,0,,,,,,Canterbury Region,Nil,2-way,Sealed,,0,0,,50,,Null,0,0,,60,Christchurch City,Nil,,,,,0,0,Urban,0,,,Fine,Null
1746346,5914017,1995,,511002,0,,0,1,,Null,2008/2009,WEST COAST ROAD,WOODGLEN ROAD,,Non-Injury Crash,No,2009,,East,,0,,Hill Road,,,,,,Dark,283200,0,0,0,2,,,0,,,,,,Auckland Region,Nil,2-way,Sealed,,0,0,,50,,On,0,0,,76,Auckland,Give way,,,,,0,0,Urban,1,,,Light rain,Null
1767466,5467631,1996,,566101,0,0,0,2,0,East,2009/2010,GAVIN ROAD,MATAI ROAD,,Non-Injury Crash,No,2009,0,East,0,0,0,Hill Road,0,,0,,0,Dark,2007301,0,0,0,2,0,0,0,0,1,,0,0,Wellington Region,Nil,2-way,Sealed,0,0,0,0,50,0,None,0,0,,43,Kapiti Coast District,Nil,0,0,0,0,0,0,Urban,0,0,0,Fine,Null
1812364,5528308,1997,,561901,0,0,0,1,0,Null,2008/2009,KAIRANGA BUNNYTHORPE ROAD,KARERE ROAD,,Non-Injury Crash,No,2009,0,South,1,0,0,Flat,0,,0,,0,Bright sun,1795600,0,0,0,2,0,0,0,0,0,,0,0,Manawatū-Whanganui Region,Nil,2-way,Sealed,0,0,0,0,100,0,Null,0,0,,39,Manawatu District,Give way,0,0,0,0,0,0,Open,0,0,0,Fine,Null
1774621,5576488,1998,,557000,0,1,0,0,0,East,2009/2010,TAUPO QUAY,CARLTON AVENUE,,Non-Injury Crash,No,2009,0,East,0,0,0,Flat,0,,0,,0,Bright sun,1727400,0,0,0,2,0,0,0,0,0,,0,0,Manawatū-Whanganui Region,Bridge,2-way,Sealed,0,0,0,0,50,0,Null,0,0,,37,Whanganui District,Nil,0,0,0,0,1,0,Urban,0,0,0,Fine,Null
1756543,5919438,1999,,514102,0,,0,1,,West,2009/2010,SH 1N,NELSON OFF NBD,,Non-Injury Crash,Yes,2009,,North,,0,,Flat,,,,,,Bright sun,436002,0,0,0,3,,,0,,,,,,Auckland Region,Bridge,1-way,Sealed,,0,0,,80,,Null,0,0,,76,Auckland,Unknown,,,,,1,0,Open,0,,,Fine,Null
1401986,4920161,2000,,602500,0,,0,0,,Null,2009/2010,FLAGSTAFF-WHARE FLAT ROAD,LAINGS ROAD,,Serious Crash,No,2009,,North,,0,,Flat,,,,,,Bright sun,2978800,0,0,1,1,,,0,,,,,,Otago Region,Nil,2-way,Unsealed,,0,1,,80,,Null,0,0,,71,Dunedin City,Unknown,,,,,0,0,Open,0,,,Fine,Null
1226012,4890291,2001,75,612720,0,0,0,0,1,South,2008/2009,SH 96,TRANSMISSION LINE ROAD,,Minor Crash,Yes,2009,0,South,0,0,0,Flat,0,,0,,0,Overcast,3179500,1,0,0,2,0,0,0,0,0,,0,0,Southland Region,Nil,2-way,Sealed,0,0,0,0,100,0,Null,0,0,,73,Southland District,Unknown,0,0,0,0,0,0,Open,1,0,0,Fine,Null
1755713,5926518,2002,,509701,0,,0,2,,Null,2009/2010,LAKE ROAD,OCEAN VIEW ROAD,,Non-Injury Crash,No,2009,,North,,0,,Flat,,,,,,Twilight,361900,0,0,0,2,,,0,,,,,,Auckland Region,Nil,2-way,Sealed,,0,0,,50,,On,0,0,,76,Auckland,Give way,,,,,0,0,Urban,0,,,Fine,Null
1757780,5918197,2003,,515700,0,,0,4,,South,2009/2010,SH 1N,KHYBER PASS OBR,,Non-Injury Crash,Yes,2009,,North,,0,,Flat,,,,,,Twilight,443600,0,0,0,3,,,0,,,,,,Auckland Region,Bridge,1-way,Sealed,,0,0,,100,,On,0,0,,76,Auckland,Unknown,,,,,0,0,Open,0,,,Light rain,Null
1752879,5913306,2004,,518901,0,,0,2,,Null,2008/2009,BOUNDARY ROAD,LANDSEER PLACE,,Non-Injury Crash,No,2009,,South,,0,,Hill Road,,,,,,Overcast,584501,0,0,0,2,,,0,,,,,,Auckland Region,Nil,2-way,Sealed,,0,0,,50,,Off,0,0,,76,Auckland,Give way,,,,,0,0,Urban,0,,,Light rain,Null
1883286,5775367,2005,,539400,0,,0,1,,East,2009/2010,LAKE ROAD,SH 5,,Non-Injury Crash,No,2009,,West,,0,,Flat,,,,,,Overcast,1224900,0,0,0,5,,,0,,,,,,Bay of Plenty Region,Nil,2-way,Sealed,,0,0,,50,,Null,1,0,,24,Rotorua District,Unknown,,,,,0,0,Urban,0,,,Fine,Null
1756002,5935961,2006,,507000,0,,0,2,,Null,2009/2010,BEACH ROAD,MIZPAH ROAD,,Non-Injury Crash,No,2009,,North,,0,,Flat,,,,,,Overcast,163200,0,0,0,2,,,0,,,,,,Auckland Region,Nil,2-way,Sealed,,0,0,,50,,Off,0,0,,76,Auckland,Give way,,,,,0,0,Urban,0,,,Fine,Null
1681646,6097279,2007,,501633,0,0,0,1,0,West,2009/2010,WIROA ROAD,WAIMATE NORTH ROAD,,Non-Injury Crash,No,2009,0,East,1,0,0,Flat,0,,0,,0,Overcast,34201,0,0,0,2,0,0,0,0,0,,0,0,Northland Region,Nil,2-way,Sealed,0,0,0,0,80,0,None,0,0,,1,Far North District,Nil,0,0,0,0,0,0,Open,0,0,0,Fine,Null
1755803,5443743,2008,,570900,0,0,0,1,0,South,2008/2009,MUNGAVIN AVENUE,MCKILLOP ST,,Non-Injury Crash,No,2009,0,South,0,0,0,Flat,0,Easter,0,,0,Dark,2055200,0,0,0,2,0,0,0,0,1,,0,0,Wellington Region,Nil,2-way,Sealed,0,0,0,0,50,0,On,1,0,,44,Porirua City,Nil,0,0,0,0,0,0,Urban,0,0,0,Fine,Null
1250533.1792,4850929.0475,2009,,610074,0,0,0,0,0,Null,2008/2009,KENNINGTON-WAIMATUA ROAD,OTERAMIKA ROAD,,Minor Crash,No,2009,0,East,1,0,0,Flat,0,,0,,0,Bright sun,3161400,1,0,0,2,0,0,0,0,0,,0,0,Southland Region,Nil,2-way,Sealed,0,0,0,0,100,0,Null,0,0,,75,Invercargill City,Give way,0,0,0,0,0,0,Open,1,0,0,Mist or Fog,Null
1759666,5912996,2010,,520000,0,,0,2,,Null,2008/2009,MOUNT SMART ROAD,MAYS ROAD,,Non-Injury Crash,No,2009,,West,,0,,Flat,,,,,,Bright sun,605500,0,0,0,2,,,0,,,,,,Auckland Region,Nil,2-way,Sealed,,0,0,,50,,Null,0,0,,76,Auckland,Give way,,,,,0,0,Urban,0,,,Fine,Null
1856295,5789564,2011,,535232,0,,0,4,,East,2008/2009,SH 5,WAIOHOTU ROAD,,Non-Injury Crash,Yes,2009,,West,,0,,Hill Road,,,,,,Bright sun,1127601,0,0,0,2,,,0,,,,,,Waikato Region,Nil,2-way,Sealed,,0,0,,100,,Null,0,0,,19,South Waikato District,Unknown,,,,,0,0,Open,0,,,Fine,Null
1754009,5917211,2012,,517600,0,,0,2,,Null,2009/2010,ST LUKES ROAD,NEW NORTH ROAD,,Non-Injury Crash,No,2009,,South,,0,,Flat,,,,,,Overcast,534400,0,0,0,5,,,0,,,,,,Auckland Region,Nil,2-way,Sealed,,0,0,,50,,Off,0,0,,76,Auckland,Traffic Signals,,,,,0,0,Urban,0,,,Fine,Null
1786270,5744154,2013,,531800,0,0,0,0,0,South,2008/2009,SH 4,TUHUA ROAD,,Non-Injury Crash,Yes,2009,0,South,0,0,1,Flat,0,,0,,0,Overcast,1011602,0,0,0,2,0,0,0,0,0,,0,0,Waikato Region,Nil,2-way,Sealed,0,0,0,0,100,0,None,0,0,,20,Waitomo District,Nil,0,0,0,0,1,0,Open,0,0,0,Fine,Null
1692366,5676258,2014,,551800,0,,0,1,,Null,2008/2009,DAWSON ST,YOUNG ST,,Non-Injury Crash,No,2009,,East,,0,,Flat,,,,,,Dark,1591200,0,0,0,2,,,0,,,,,,Taranaki Region,Nil,2-way,Sealed,,0,0,,50,,On,1,0,,33,New Plymouth District,Give way,,,,,0,0,Urban,0,,,Light rain,Null
1757422,5918764,2015,,514302,0,0,0,1,0,Null,2009/2010,SH 1N,WELLESLEY OFF NBD,,Non-Injury Crash,Yes,2009,0,North,0,0,0,Flat,0,,0,,0,Dark,442500,0,0,0,6,0,1,0,0,0,,0,0,Auckland Region,Motorway ramp,2-way,Sealed,0,0,0,0,80,0,On,0,0,,76,Auckland,Nil,0,0,0,0,0,0,Open,0,0,0,Light rain,Null
1838649,5589644,2016,,558600,0,0,0,1,0,West,2008/2009,SH 1N,KORAENUI ST,,Non-Injury Crash,Yes,2009,0,North,0,0,1,Flat,0,,0,,0,Overcast,1752000,0,0,0,2,0,0,0,0,0,,0,1,Manawatū-Whanganui Region,Nil,2-way,Sealed,0,0,0,0,100,0,Null,0,0,,38,Rangitikei District,Nil,0,0,0,0,0,0,Open,0,0,0,Fine,Null
1755425,5922023,2017,,515202,0,,0,2,,North,2008/2009,SH 1N,SHELLY BEACH OBR,,Non-Injury Crash,Yes,2009,,South,,0,,Hill Road,,,,,,Dark,423600,0,0,0,2,,,0,,,,,,,Bridge,1-way,Sealed,,0,0,,80,,On,1,0,,76,Auckland,Unknown,,,,,0,0,Open,1,,,Fine,Null
1938400,5785420,2018,,542530,0,0,0,1,0,North,2008/2009,SH 30,MAUNDER ROAD,,Non-Injury Crash,Yes,2009,0,South,0,0,1,Flat,0,,0,,0,Bright sun,1300902,0,0,0,2,0,0,0,0,0,,0,0,Bay of Plenty Region,Nil,2-way,Sealed,0,0,0,0,100,0,None,0,0,,25,Whakatane District,Nil,0,0,0,0,0,0,Open,0,0,0,Fine,Null
1768399,5899578,2019,,525101,0,0,0,2,0,North,2008/2009,COXHEAD ROAD,MAHIA ROAD,,Non-Injury Crash,No,2009,0,South,0,0,0,Flat,0,,0,,0,Dark,772802,0,0,0,1,0,0,0,0,1,,0,1,Auckland Region,Nil,2-way,Sealed,0,0,0,0,50,0,On,0,0,,76,Auckland,Nil,0,0,0,0,0,0,Urban,0,0,0,Fine,Null
1764002,5909960,2020,,521901,0,0,0,1,0,Null,2008/2009,STATION ROAD,GREAT SOUTH ROAD,,Non-Injury Crash,No,2009,0,North,0,0,0,Flat,1,,0,,0,Bright sun,784200,0,0,0,2,0,0,0,0,0,,0,0,Auckland Region,Nil,2-way,Sealed,0,0,0,0,50,0,Off,0,0,,76,Auckland,Nil,0,0,0,0,0,0,Urban,0,0,0,Fine,Null
1765713,5900469,2021,,524822,0,0,0,1,0,East,2009/2010,BURUNDI AVENUE,MAPLESDEN DRIVE,,Non-Injury Crash,No,2009,0,West,0,0,1,Flat,0,,0,,0,Bright sun,774432,0,0,0,2,0,0,0,0,0,,0,0,Auckland Region,Nil,2-way,Sealed,0,0,0,0,50,0,None,0,0,,76,Auckland,Nil,0,0,0,0,0,0,Urban,0,0,0,Fine,Null
2059628,5752825,2022,,543301,0,0,0,0,0,North,2008/2009,SH 35,ANAURA ROAD,,Non-Injury Crash,Yes,2009,0,South,0,0,0,Hill Road,0,,0,,0,Dark,1350400,0,0,0,2,0,0,0,0,0,,0,0,Gisborne Region,Nil,2-way,Sealed,0,0,0,0,100,0,None,1,0,,28,Gisborne District,Nil,0,0,0,0,0,0,Open,0,0,0,Fine,Null
1769414,5909628,2023,,523113,0,,0,2,,West,2008/2009,DERG PLACE,REDCASTLE DRIVE,,Non-Injury Crash,No,2009,,East,,0,,Flat,,,,,,Overcast,711812,0,0,0,2,,,0,,,,,,Auckland Region,Nil,2-way,Sealed,,0,0,,50,,Off,0,0,,76,Auckland,Nil,,,,,0,0,Urban,0,,,Fine,Null
1824291,5463605,2024,,578600,0,,0,2,,Null,2008/2009,QUEEN ST,BRUCE ST,,Non-Injury Crash,No,2009,,North,,0,,Flat,,,,,,Bright sun,2244900,0,0,0,2,,,0,,,,,,Wellington Region,Nil,2-way,Sealed,,0,0,,50,,Null,0,0,,48,Masterton District,Give way,,,,,0,0,Urban,0,,,Fine,Null
1769524,5899764,2025,,525002,0,,0,2,,South,2008/2009,GREAT SOUTH ROAD,MAHIA ROAD,,Non-Injury Crash,No,2009,,North,,0,,Flat,,,,,,Overcast,754100,0,0,0,2,,,0,,,,,,Auckland Region,Nil,2-way,Sealed,,0,0,,50,,Off,0,0,,76,Auckland,Nil,,,,,0,0,Urban,0,,,Fine,Null
1877566,5825839,2026,,537201,0,0,0,1,1,West,2009/2010,HINEWA ROAD,GRANGE ROAD,,Non-Injury Crash,No,2009,0,South,0,0,1,Hill Road,0,,0,,0,Dark,1157302,0,0,0,2,0,0,0,0,0,,0,0,Bay of Plenty Region,Nil,2-way,Sealed,0,0,0,0,50,0,On,0,0,,23,Tauranga City,Unknown,0,0,0,0,0,0,Urban,0,0,0,Light rain,Null
1760520,5916211,2027,,516003,0,,0,2,,Null,2009/2010,ASCOT AVENUE,GREEN LANE EAST E,,Non-Injury Crash,No,2009,,East,,0,,Flat,,,,,,Bright sun,494902,0,0,0,4,,,0,,,,,,Auckland Region,Nil,2-way,Sealed,,0,0,,50,,Off,0,0,,76,Auckland,Traffic Signals,,,,,0,0,Urban,0,,,Fine,Null
1802417,5815119,2028,,530200,0,0,0,1,0,South,2008/2009,PEACHGROVE ROAD,WILSON ST,,Non-Injury Crash,No,2009,0,North,0,0,1,Flat,0,Queens Birthday,0,,0,Dark,893400,0,0,0,2,0,0,0,0,0,,0,1,Waikato Region,Nil,2-way,Sealed,0,0,0,0,50,0,On,0,0,,16,Hamilton City,Nil,0,0,0,0,0,0,Urban,0,0,0,Light rain,Null
1768189,5902430,2029,,524602,0,,0,1,,Null,2009/2010,GREAT SOUTH ROAD,BROWNS ROAD,,Non-Injury Crash,No,2009,,North,,0,,Flat,,,,,,Overcast,780700,0,0,0,4,,,0,,,,,,Auckland Region,Nil,2-way,Sealed,,0,0,,50,,Off,0,0,,76,Auckland,Traffic Signals,,,,,0,0,Urban,1,,,Fine,Null
1801472,5813447,2030,,530400,0,,0,2,,Null,2009/2010,SH 1N COBHAM,SH 1N NORMANDY,,Non-Injury Crash,Yes,2009,,North,,0,,Flat,,,,,,Twilight,922300,0,0,0,4,,,0,,,,,,Waikato Region,Nil,2-way,Sealed,,0,0,,80,,On,0,0,,16,Hamilton City,Traffic Signals,,,,,0,0,Open,0,,,Fine,Null
1791341,5765416,2031,,531731,0,0,0,0,0,South,2008/2009,SH 3,GOLF ROAD,,Non-Injury Crash,Yes,2009,0,North,1,0,0,Flat,0,,0,,0,Overcast,1019904,0,0,1,2,0,0,0,0,0,,0,0,Waikato Region,Nil,2-way,Sealed,0,0,0,0,100,0,Null,0,0,,20,Waitomo District,Unknown,0,0,0,0,0,0,Open,0,0,0,Light rain,Null
1823103,5530333,2032,,562402,0,,0,2,,West,2008/2009,BROADWAY AVENUE,RUAHINE ST,,Non-Injury Crash,No,2009,,East,,0,,Flat,,,,,,Bright sun,1835100,0,0,0,2,,,0,,,,,,Manawatū-Whanganui Region,Nil,2-way,Sealed,,0,0,,50,,Null,0,0,,40,Palmerston North City,Nil,,,,,0,0,Urban,0,,,Fine,Null
1745540,5920761,2033,,513301,0,0,0,0,0,East,2008/2009,LINCOLN OFF EBD,SH 16,,Non-Injury Crash,Yes,2009,0,East,0,0,0,Hill Road,1,,0,,0,Dark,230200,0,0,1,1,0,0,0,0,0,,0,0,Auckland Region,Motorway ramp,1-way,Sealed,0,0,0,0,100,0,Off,0,0,,76,Auckland,Nil,0,0,0,0,0,0,Open,0,0,0,Fine,Null
1758270,5916880,2034,,515700,0,,0,2,,Null,2009/2010,MANUKAU ROAD,MOUNT ST JOHN AVENUE,,Non-Injury Crash,No,2009,,North,,0,,Flat,,,,,,Bright sun,457900,0,0,0,4,,,0,,,,,,Auckland Region,Nil,2-way,Sealed,,0,0,,50,,Off,0,0,,76,Auckland,Give way,,,,,0,0,Urban,0,,,Null,Null
1351235,4879084,2035,,606700,0,0,0,0,0,North,2009/2010,SH 1S,STONY CREEK ROAD,,Minor Crash,Yes,2009,0,North,0,0,1,Hill Road,0,,0,,0,Dark,2985904,1,0,0,2,0,0,0,0,0,,0,0,Otago Region,Nil,2-way,Sealed,0,0,0,0,100,0,None,0,0,,72,Clutha District,Unknown,0,0,0,0,1,0,Open,0,0,0,Fine,Frost
1572631,5184211,2036,,590505,0,,0,2,,Null,2009/2010,MARSHLAND ROAD,BRIGGS ROAD,,Minor Crash,No,2009,,East,,0,,Flat,,,,,,Bright sun,2506201,1,0,0,2,,,0,,,,,,Canterbury Region,Nil,2-way,Sealed,,0,0,,50,,Null,0,0,,60,Christchurch City,Traffic Signals,,,,,0,0,Urban,0,,,Fine,Null
1789808,5839418,2037,,527401,0,0,0,1,0,East,2009/2010,PORRITT AVENUE,MARY ST,,Non-Injury Crash,No,2009,0,East,0,0,0,Flat,0,,0,,0,Bright sun,946600,0,0,0,2,0,0,0,0,1,,0,0,Waikato Region,Nil,2-way,Sealed,0,0,0,0,50,0,Off,0,0,,13,Waikato District,Nil,0,0,0,0,0,0,Urban,1,0,0,Null,Null
1750910,5913795,2038,,514600,0,,0,2,,West,2009/2010,WOLVERTON ST,TAYLOR ST,,Non-Injury Crash,No,2009,,West,,0,,Flat,,,,,,Bright sun,371800,0,0,0,2,,,0,,,,,,Auckland Region,Nil,2-way,Sealed,,0,0,,50,,Null,0,0,,76,Auckland,Unknown,,,,,0,0,Urban,0,,,Fine,Null
1765262,5919154,2039,,516700,0,0,0,2,0,South,2008/2009,LONG DRIVE,TOWAI ST,,Non-Injury Crash,No,2009,0,North,0,0,0,Flat,0,,0,,0,Bright sun,510200,0,0,0,2,0,0,0,0,1,,0,0,Auckland Region,Nil,2-way,Sealed,0,0,0,0,50,0,Null,0,0,,76,Auckland,Unknown,0,0,0,0,0,0,Urban,0,0,0,Fine,Null
1819276.7864,5534072.1304,2040,,561811,0,0,0,1,0,East,2009/2010,SH 54,SH 3,,Non-Injury Crash,Yes,2009,0,East,0,0,1,Flat,0,,0,,0,Overcast,1794301,0,0,0,2,0,0,0,0,0,,0,1,Manawatū-Whanganui Region,Nil,2-way,Sealed,0,0,0,0,100,0,Null,0,0,,40,Palmerston North City,Nil,0,0,0,0,1,0,Open,0,0,0,Light rain,Null
1747390,5919568,2041,,512402,0,,0,1,,East,2008/2009,TE ATATU OFF WBD,TE ATATU ROAD,,Non-Injury Crash,Yes,2009,,West,,0,,Flat,,,,,,Twilight,253700,0,0,0,4,,,0,,,,,,Auckland Region,Motorway ramp,1-way,Sealed,,0,0,,50,,On,0,0,,76,Auckland,Nil,,,,,0,0,Urban,1,,,Fine,Null
1751488,5435081,2042,,573700,0,0,0,0,0,Null,2008/2009,Z CPK PACIFIC RADIOLOGY,MOOREFIELD/JOHNSONVILLE,,Non-Injury Crash,No,2009,0,North,0,0,0,Flat,0,,0,,0,Overcast,2082300,0,0,0,0,0,0,0,0,0,,0,1,Wellington Region,Nil,Off road,Sealed,0,0,0,0,50,0,Null,0,0,,47,Wellington City,Nil,0,0,0,0,1,0,Urban,0,0,0,Fine,Null
1769418,5899968,2043,,525002,0,,0,2,,North,2008/2009,GREAT SOUTH ROAD,MAHIA ROAD,,Non-Injury Crash,No,2009,,North,,0,,Flat,,,,,,Overcast,753900,0,0,0,2,,,0,,,,,,Auckland Region,Nil,2-way,Sealed,,0,0,,50,,Null,0,0,,76,Auckland,Unknown,,,,,0,0,Urban,0,,,Fine,Null
1760302,5912738,2044,,520000,0,,0,2,,Null,2008/2009,MAYS ROAD,CAPTAIN SPRINGS ROAD,,Non-Injury Crash,No,2009,,East,,0,,Flat,,,,,,Dark,606600,0,0,0,2,,,0,,,,,,Auckland Region,Nil,2-way,Sealed,,0,0,,50,,On,0,0,,76,Auckland,Stop,,,,,0,0,Urban,0,,,Heavy rain,Null
1764532,5905978,2045,,524303,0,,0,1,,North,2009/2010,STATION ROAD,HILLCREST ROAD,,Non-Injury Crash,No,2009,,East,,0,,Flat,,,,,,Overcast,657602,0,0,0,2,,,0,,,,,,Auckland Region,Nil,2-way,Sealed,,0,0,,50,,Off,1,0,,76,Auckland,Nil,,,,,0,0,Urban,0,,,Fine,Null
1754756,5926805,2046,,508610,0,,1,1,,Null,2009/2010,LYNDEN AVENUE,MOUNTBATTEN AVENUE,,Non-Injury Crash,No,2009,,South,,0,,Flat,,,,,,Bright sun,203200,0,0,0,1,,,0,,,,,,Auckland Region,Nil,2-way,Sealed,,0,0,,50,,Null,0,0,,76,Auckland,Give way,,,,,0,0,Urban,0,,,Fine,Null
1745485,5921041,2047,,513301,0,,0,4,,South,2008/2009,SELWOOD ROAD,THE CONCOURSE,,Non-Injury Crash,No,2009,,North,,0,,Flat,,,,,,Bright sun,230200,0,0,0,3,,,0,,,,,,Auckland Region,Nil,2-way,Sealed,,0,0,,50,,Off,0,0,,76,Auckland,Nil,,,,,0,0,Urban,0,,,Fine,Null
1557533,5177478,2048,,587822,0,,0,1,,Null,2008/2009,SH 1S,KIRK ROAD,,Non-Injury Crash,Yes,2009,,West,,0,,Flat,,,,,,Overcast,2496600,0,0,0,2,,,0,,,,,,Canterbury Region,Nil,2-way,Sealed,,0,0,,70,,Null,0,0,,60,Christchurch City,Stop,,,,,1,0,Urban,0,,,Heavy rain,Null
1751076,5934604,2049,,508701,0,0,0,2,0,Null,2008/2009,DAIRY FLAT HIGHWAY,THE AVENUE,,Non-Injury Crash,No,2009,0,South,0,0,1,Flat,0,,0,,0,Dark,178402,0,0,0,2,0,0,0,0,0,,0,0,Auckland Region,Nil,2-way,Sealed,0,0,0,0,50,0,On,0,0,,76,Auckland,Stop,0,0,0,1,0,0,Urban,0,0,0,Mist or Fog,Null
1769182,5901573,2050,,524901,0,,0,2,,Null,2008/2009,HILL ROAD,CLAUDE ROAD,,Non-Injury Crash,No,2009,,West,,0,,Flat,,,,,,Dark,756000,0,0,0,1,,,0,,,,,,Auckland Region,Nil,2-way,Sealed,,0,0,,50,,On,0,0,,76,Auckland,Give way,,,,,0,0,Urban,0,,,Heavy rain,Null
1858728,5843901,2051,,536614,0,0,0,1,0,East,2008/2009,KAURI POINT ROAD,SH 2,,Non-Injury Crash,No,2009,0,East,1,0,0,Hill Road,0,,0,,0,Overcast,1181703,0,0,0,2,0,0,0,0,0,,0,0,Bay of Plenty Region,Nil,2-way,Sealed,0,0,0,0,100,0,Null,0,0,,22,Western Bay of Plenty District,Unknown,0,0,0,1,0,0,Open,0,0,0,Heavy rain,Null
1765163,5913376,2052,,520500,0,0,0,1,0,Null,2008/2009,SOUTH-EASTERN HIGHWAY,WAIPUNA ROAD,,Non-Injury Crash,No,2009,0,West,0,0,0,Hill Road,0,,0,,1,Dark,638908,0,0,0,4,0,0,0,0,0,,0,0,Auckland Region,Nil,2-way,Sealed,0,0,0,0,80,0,On,0,0,,76,Auckland,Nil,0,0,0,0,0,0,Open,0,0,0,Fine,Null
1749098,5424327,2053,,576400,0,0,1,0,0,North,2008/2009,MANSFIELD ST,ROY ST,,Non-Injury Crash,No,2009,0,North,0,0,0,Flat,0,,0,,0,Overcast,2170600,0,0,0,2,0,0,0,0,1,,0,0,Wellington Region,Nil,2-way,Sealed,0,0,0,0,50,0,Null,1,0,,47,Wellington City,Nil,0,0,0,0,0,0,Urban,0,0,0,Fine,Null
1752781,5930922,2054,,508803,0,0,0,1,0,West,2009/2010,UNSWORTH DRIVE,TERN PLACE,,Non-Injury Crash,No,2009,0,West,0,0,1,Hill Road,0,,0,,0,Bright sun,180819,0,0,0,2,0,0,0,0,0,,0,0,Auckland Region,Nil,2-way,Sealed,0,0,0,0,50,0,Off,0,0,,76,Auckland,Nil,0,0,0,0,0,0,Urban,0,0,0,Fine,Null