X,Y,OBJECTID,advisorySpeed,areaUnitID,bicycle,bridge,bus,carStationWagon,cliffBank,crashDirectionDescription,crashFinancialYear,crashLocation1,crashLocation2,crashRoadSideRoad,crashSeverity,crashSHDescription,crashYear,debris,directionRoleDescription,ditch,fatalCount,fence,flatHill,guardRail,holiday,houseOrBuilding,intersection,kerb,light,meshblockId,minorInjuryCount,moped,motorcycle,NumberOfLanes,objectThrownOrDropped,otherObject,otherVehicleType,overBank,parkedVehicle,pedestrian,phoneBoxEtc,postOrPole,region,roadCharacter,roadLane,roadSurface,roadworks,schoolBus,seriousInjuryCount,slipOrFlood,speedLimit,strayAnimal,streetLight,suv,taxi,temporarySpeedLimit,tlaId,tlaName,trafficControl,trafficIsland,trafficSign,train,tree,truck,unknownVehicleType,urban,vanOrUtility,vehicle,waterRiver,weatherA,weatherB
1936810,5621326,2055,,546901,0,,0,2,,Null,2008/2009,DALTON ST,DICKENS ST,,Non-Injury Crash,No,2009,,South,,0,,Flat,,,,,,Bright sun,1428400,0,0,0,2,,,0,,,,,,Hawke's Bay Region,Nil,2-way,Sealed,,0,0,,50,,Null,0,0,,31,Napier City,Stop,,,,,0,0,Urban,0,,,Fine,Null
1755498,5444055,2056,,570900,0,,0,2,,East,2009/2010,MUNGAVIN AVENUE,GEAR TERRACE,,Non-Injury Crash,No,2009,,West,,0,,Flat,,,,,,Dark,2054002,0,0,0,2,,,0,,,,,,Wellington Region,Nil,2-way,Sealed,,0,0,,50,,On,0,0,,44,Porirua City,Nil,,,,,0,0,Urban,0,,,Fine,Null
1746375,5920153,2057,,512300,0,,0,2,,East,2009/2010,SH 16,LINCOLN ON EBD,,Non-Injury Crash,Yes,2009,,East,,0,,Flat,,,,,,Dark,251700,0,0,0,2,,,0,,,,,,Auckland Region,Nil,1-way,Sealed,,0,0,,100,,On,0,0,,76,Auckland,Nil,,,,,0,0,Open,0,,,Heavy rain,Null
1743712,5917782,2058,,513220,0,,0,2,,Null,2009/2010,SUMMERLAND DRIVE,HARVEST DRIVE,,Non-Injury Crash,No,2009,,South,,0,,Flat,,,,,,Bright sun,236704,0,0,0,2,,,0,,,,,,Auckland Region,Nil,2-way,Sealed,,0,0,,50,,Off,0,0,,76,Auckland,Give way,,,,,0,0,Urban,0,,,Fine,Null
1772483,5890190,2059,,521302,0,0,0,1,1,South,2009/2010,BURTT ROAD,MCPHERSON ROAD,,Non-Injury Crash,No,2009,0,North,0,0,0,Flat,0,,0,,0,Bright sun,807500,0,0,0,2,0,0,0,0,0,,0,0,Auckland Region,Nil,2-way,Sealed,0,0,0,0,100,0,Null,0,0,,76,Auckland,Unknown,0,0,0,0,0,0,Open,0,0,0,Fine,Null
1883626,5775234,2060,,539200,0,0,0,1,0,East,2009/2010,RAILWAY ROAD,LAKE ROAD,,Non-Injury Crash,No,2009,0,East,1,0,0,Flat,0,,0,,0,Dark,1221700,0,0,0,2,0,0,0,0,0,,0,0,Bay of Plenty Region,Nil,2-way,Sealed,0,0,0,0,50,0,On,0,0,,24,Rotorua District,Unknown,0,0,0,0,0,0,Urban,0,0,0,Heavy rain,Strong wind
1753663,5934001,2061,,508804,0,0,0,2,0,South,2009/2010,ARIRANG RISE,MANU PLACE,,Non-Injury Crash,No,2009,0,East,0,0,0,Hill Road,0,,0,,0,Dark,180603,0,0,0,1,0,0,0,0,1,,0,0,Auckland Region,Nil,2-way,Sealed,0,0,0,0,50,0,On,0,0,,76,Auckland,Nil,0,0,0,0,0,0,Urban,0,0,0,Fine,Null
1752330,5936714,2062,,506300,0,0,0,1,0,North,2009/2010,SH 1N,LONELY TRACK OBR,,Non-Injury Crash,Yes,2009,0,South,0,0,0,Flat,1,,0,,0,Dark,176106,0,0,0,5,0,0,0,0,0,,0,0,Auckland Region,Nil,2-way,Sealed,0,0,0,0,100,0,None,0,0,,76,Auckland,Nil,0,0,0,0,0,0,Open,0,0,0,Fine,Null
1774124,5472727,2063,,563703,0,,0,0,,Null,2008/2009,ELIZABETH ST,ANNE ST,,Non-Injury Crash,No,2009,,East,,0,,Flat,,,,,,Bright sun,1876300,0,0,0,2,,,0,,,,,,Wellington Region,Nil,2-way,Sealed,,0,0,,50,,Null,0,0,,43,Kapiti Coast District,Nil,,,,,1,0,Urban,1,,,Fine,Null
1808706,5636336,2064,,554900,0,,0,2,,North,2009/2010,OHAKUNE MOUNTAIN ROAD,RAILWAY ROW,,Non-Injury Crash,No,2009,,South,,0,,Hill Road,,,,,,Overcast,1672301,0,0,0,2,,,0,,,,,,Manawatū-Whanganui Region,Nil,2-way,Unsealed,,0,0,,80,,Null,0,0,,36,Ruapehu District,Nil,,,,,0,0,Open,0,,,Mist or Fog,Strong wind
1719739,6047557,2065,,502700,0,,0,1,,West,2009/2010,NIXON ST,ELIZABETH ST,,Non-Injury Crash,No,2009,,West,,0,,Flat,,,,,,Bright sun,91600,0,0,0,2,,,0,,,,,,Northland Region,Nil,2-way,Sealed,,0,0,,50,,Off,0,0,,2,Whangarei District,Give way,,,,,0,0,Urban,0,,,Fine,Null
1755492,5920439,2066,,514000,0,0,0,1,0,Null,2008/2009,COWAN ST,PONSONBY ROAD,,Non-Injury Crash,No,2009,0,East,0,0,0,Flat,0,,0,,0,Bright sun,415500,0,0,1,2,0,0,0,0,1,,0,0,Auckland Region,Nil,2-way,Sealed,0,0,0,0,50,0,Null,0,0,,76,Auckland,Stop,0,0,0,0,0,0,Urban,0,0,0,Fine,Null
1693122,5676332,2067,,551800,0,0,0,0,0,East,2008/2009,DEVON ST EAST,LIARDET ST,,Non-Injury Crash,No,2009,0,East,0,0,0,Hill Road,0,,0,,0,Overcast,1593900,0,0,0,2,0,0,0,0,1,,0,0,Taranaki Region,Nil,2-way,Sealed,0,0,0,0,50,0,Null,1,0,,33,New Plymouth District,Nil,0,0,0,0,0,0,Urban,1,0,0,Fine,Null
1745915,5919732,2068,,513301,0,,0,2,,Null,2008/2009,CENTRAL PARK DRIVE,UNIVERSAL DRIVE,,Non-Injury Crash,No,2009,,South,,0,,Flat,,,,,,Twilight,230401,0,0,0,3,,,0,,,,,,Auckland Region,Nil,2-way,Sealed,,0,0,,50,,Off,0,0,,76,Auckland,Traffic Signals,,,,,0,0,Urban,0,,,Heavy rain,Null
1761680,5431188,2069,,564900,0,,0,0,,Null,2008/2009,WAINUIOMATA ROAD,PARKWAY,,Non-Injury Crash,No,2009,,East,,0,,Flat,,,,,,Overcast,2015200,0,0,1,2,,,0,,,,,,Wellington Region,Nil,2-way,Sealed,,0,0,,50,,Null,0,0,,46,Lower Hutt City,Give way,,,,,0,0,Urban,1,,,Fine,Null
1686787,6094359,2070,,501633,0,0,0,1,0,South,2009/2010,SH 10,WAKELIN ROAD,,Non-Injury Crash,Yes,2009,0,South,0,0,1,Hill Road,0,,0,,0,Dark,50004,0,0,0,2,0,0,0,0,0,,0,0,Northland Region,Nil,2-way,Sealed,0,0,0,0,100,0,On,0,0,,1,Far North District,Nil,0,0,0,0,0,0,Open,0,0,0,Heavy rain,Null
1755347,5926632,2071,,509701,0,0,0,2,0,North,2009/2010,STANAWAY ST,SYLVIA ROAD,,Non-Injury Crash,No,2009,0,North,0,0,0,Flat,0,,0,,0,Bright sun,363600,0,0,0,1,0,0,0,0,1,,0,0,Auckland Region,Nil,2-way,Sealed,0,0,0,0,50,0,Off,0,0,,76,Auckland,Nil,0,0,0,0,0,0,Urban,0,0,0,Fine,Null
2062154,5783778,2072,,543301,0,0,0,0,0,South,2008/2009,SH 35,WAIHUKA ROAD,,Non-Injury Crash,Yes,2009,0,South,0,0,0,Flat,0,,0,,0,Dark,1348600,0,0,0,2,0,0,0,0,0,,0,0,Gisborne Region,Nil,2-way,Sealed,0,0,0,0,100,0,None,1,0,,28,Gisborne District,Nil,0,0,0,0,0,0,Open,0,0,0,Fine,Null
1887136,5772698,2073,,538722,0,,0,1,,Null,2009/2010,TARAWERA ROAD,TE NGAE ROAD,,Non-Injury Crash,Yes,2009,,North,,0,,Flat,,,,,,Overcast,1257700,0,0,0,4,,,0,,,,,,Bay of Plenty Region,Nil,2-way,Sealed,,0,0,,70,,Null,0,0,,24,Rotorua District,Give way,,,,,0,0,Urban,1,,,Light rain,Null
1768615,5914049,2074,,522810,0,0,0,1,0,North,2008/2009,STANNILAND ST,PAKURANGA ROAD,,Non-Injury Crash,No,2009,0,North,0,0,0,Flat,0,Queens Birthday,0,,0,Dark,691300,0,0,0,2,0,0,0,0,1,,0,0,Auckland Region,Nil,2-way,Sealed,0,0,0,0,50,0,On,0,0,,76,Auckland,Give way,0,0,0,0,0,0,Urban,2,0,0,Null,Null
1752626,5918458,2075,,515002,0,,0,0,,Null,2009/2010,WALMER ROAD,TUI ST,,Non-Injury Crash,No,2009,,West,,0,,Flat,,,,,,Twilight,396500,0,0,0,2,,,0,,,,,,Auckland Region,Nil,2-way,Sealed,,0,0,,50,,On,1,0,,76,Auckland,Stop,,,,,0,0,Urban,1,,,Fine,Null
1882306,5827613,2076,,536821,0,,0,2,,Null,2008/2009,MAUNGANUI ROAD,HEATH ST,,Non-Injury Crash,No,2009,,South,,0,,Flat,,,,,,Bright sun,1197800,0,0,0,2,,,0,,,,,,Bay of Plenty Region,Nil,2-way,Sealed,,0,0,,50,,Null,0,0,,23,Tauranga City,Give way,,,,,0,0,Urban,0,,,Fine,Null
1623877,6113689,2077,,500301,0,,0,1,,East,2009/2010,REDAN ROAD,OKAHU ROAD,,Non-Injury Crash,No,2009,,West,,0,,Flat,,,,,,Bright sun,14900,0,0,0,2,,,0,,,,,,Northland Region,Nil,2-way,Sealed,,0,0,,50,,Off,1,0,,1,Far North District,Nil,,,,,0,0,Urban,0,,,Fine,Null
1752026,5424535,2078,,577200,0,,0,2,,East,2009/2010,MIRAMAR AVENUE,PARK ROAD,,Non-Injury Crash,No,2009,,East,,0,,Flat,,,,,,Bright sun,2207201,0,0,0,2,,,0,,,,,,Wellington Region,Nil,2-way,Sealed,,0,0,,50,,Null,0,0,,47,Wellington City,Nil,,,,,0,0,Urban,0,,,Fine,Null
1719411,6046093,2079,,503100,0,0,0,2,0,West,2009/2010,VINERY LANE,BANK ST,,Non-Injury Crash,No,2009,0,West,0,0,0,Flat,0,,0,,0,Dark,99100,0,0,0,1,0,0,0,0,1,,0,0,Northland Region,Nil,Null,Sealed,0,0,0,0,50,0,None,0,0,,2,Whangarei District,Nil,0,0,0,0,0,0,Urban,0,0,0,Fine,Null
1752040,5424547,2080,,577302,0,0,1,1,0,North,2009/2010,PARK ROAD,MIRAMAR/HOBART,,Non-Injury Crash,No,2009,0,South,0,0,0,Flat,0,,0,,0,Bright sun,2206102,0,0,0,2,0,0,0,0,0,,0,0,Wellington Region,Nil,2-way,Sealed,0,0,0,0,50,0,Null,0,0,,47,Wellington City,Nil,0,0,0,0,0,0,Urban,0,1,0,Fine,Null
1751224,5931443,2081,,508806,0,,0,2,,Null,2009/2010,ALBANY HIGHWAY,OAKWAY DRIVE,,Non-Injury Crash,No,2009,,North,,0,,Flat,,,,,,Dark,180101,0,0,0,4,,,0,,,,,,Auckland Region,Nil,2-way,Sealed,,0,0,,50,,On,0,0,,76,Auckland,Traffic Signals,,,,,0,0,Urban,0,,,Fine,Null
1685406,6030459,2082,65,504502,0,,0,1,,East,2008/2009,SH 14,TANGOWAHINE VALLEY ROAD,,Non-Injury Crash,Yes,2009,,West,,0,,Flat,,,,,,Bright sun,120600,0,0,0,2,,,0,,,,,,Northland Region,Nil,2-way,Sealed,,0,0,,100,,None,1,0,,3,Kaipara District,Nil,,,,,0,0,Open,0,,,Fine,Null
1692951,5676160,2083,,551800,0,,0,2,,West,2008/2009,SH 45,CURRIE ST,,Non-Injury Crash,Yes,2009,,East,,0,,Flat,,,,,,Dark,1592800,0,0,0,2,,,0,,,,,,Taranaki Region,Nil,2-way,Sealed,,0,0,,50,,On,0,0,,33,New Plymouth District,Nil,,,,,0,0,Urban,0,,,Fine,Null
1749551,5935491,2084,,509000,0,0,0,1,1,North,2009/2010,DAIRY FLAT HIGHWAY,HOBSON ROAD,,Non-Injury Crash,No,2009,0,North,0,0,0,Hill Road,0,,0,,0,Overcast,179301,0,0,0,3,0,0,0,0,0,,0,0,Auckland Region,Nil,2-way,Sealed,0,0,0,0,80,0,Null,0,0,,76,Auckland,Unknown,0,0,0,0,0,0,Open,0,0,0,Heavy rain,Null
1760611,5915539,2085,,520201,0,,0,1,,South,2009/2010,SH 1N,GREENLANE OFF NBD,,Non-Injury Crash,Yes,2009,,North,,0,,Flat,,,,,,Bright sun,613000,0,0,0,3,,,0,,,,,,Auckland Region,Nil,1-way,Sealed,,0,0,,100,,Null,0,0,,76,Auckland,Unknown,,,,,0,0,Open,1,,,Fine,Null
1748220,5913430,2086,,511100,0,,0,2,,Null,2009/2010,RUA ROAD,EASTGLEN ROAD,,Non-Injury Crash,No,2009,,North,,0,,Flat,,,,,,Overcast,287000,0,0,0,2,,,0,,,,,,Auckland Region,Nil,2-way,Sealed,,0,0,,50,,Off,0,0,,76,Auckland,Give way,,,,,0,0,Urban,0,,,Light rain,Null
1928041,5606996,2087,,548500,0,0,0,0,0,North,2008/2009,OMAHU ROAD,NOTTINGLEY ROAD,,Non-Injury Crash,No,2009,0,South,0,0,1,Flat,1,,0,,0,Overcast,1478500,0,0,0,2,0,0,0,0,0,,0,0,Hawke's Bay Region,Nil,2-way,Sealed,1,0,0,0,50,0,Null,1,0,,30,Hastings District,Nil,0,0,0,0,1,0,Urban,0,0,0,Fine,Null
1263052,5012747,2088,75,609031,0,0,0,1,1,North,2008/2009,MALAGHANS ROAD,DALEFIELD ROAD,,Non-Injury Crash,No,2009,0,North,0,0,0,Flat,0,,0,,0,Bright sun,3038103,0,0,0,2,0,0,0,0,0,,0,0,Otago Region,Nil,2-way,Sealed,0,0,0,0,100,0,Null,0,0,,70,Queenstown-Lakes District,Unknown,0,1,0,0,0,0,Open,0,0,0,Fine,Null
1909334,5577453,2089,,549200,0,0,0,2,0,Null,2008/2009,SH 2,ARGYLL ROAD,,Non-Injury Crash,Yes,2009,0,South,1,0,0,Flat,0,Christmas New Year,0,,0,Bright sun,1511101,0,0,0,2,0,0,0,0,0,,0,0,Hawke's Bay Region,Nil,2-way,Sealed,0,0,0,0,100,0,Null,0,0,,32,Central Hawke's Bay District,Give way,0,0,0,0,0,0,Open,0,0,0,Fine,Null
1876089,5822917,2090,,537302,0,0,0,2,0,West,2009/2010,SH 2,CAMBRIDGE OBR,,Non-Injury Crash,Yes,2009,0,West,0,0,0,Flat,1,,0,,0,Bright sun,1161400,0,0,0,4,0,1,0,0,0,,0,0,Bay of Plenty Region,Nil,2-way,Sealed,0,0,0,0,80,0,Null,0,0,,23,Tauranga City,Unknown,0,0,0,0,0,0,Open,0,0,0,Fine,Null
1751317,5914037,2091,,514402,0,,0,2,,Null,2009/2010,WOLVERTON ST,LANSFORD CRESCENT W,,Non-Injury Crash,No,2009,,East,,0,,Flat,,,,,,Bright sun,379402,0,0,0,2,,,0,,,,,,Auckland Region,Nil,2-way,Sealed,,0,0,,50,,Off,0,0,,76,Auckland,Give way,,,,,0,0,Urban,0,,,Light rain,Null
1800856,5814794,2092,,529100,0,,0,2,,Null,2009/2010,TRISTRAM ST,THACKERAY ST,,Non-Injury Crash,No,2009,,South,,0,,Flat,,,,,,Dark,931000,0,0,0,2,,,0,,,,,,Waikato Region,Nil,1-way,Sealed,,0,0,,50,,On,0,0,,16,Hamilton City,Give way,,,,,0,0,Urban,0,,,Light rain,Null
1929163,5606287,2093,,547700,0,0,0,2,0,South,2008/2009,NIKAU ST,ST AUBYN ST WEST,,Non-Injury Crash,No,2009,0,South,0,0,0,Flat,0,,0,,0,Overcast,1486100,0,0,0,2,0,0,0,0,1,,0,0,Hawke's Bay Region,Nil,2-way,Sealed,0,0,0,0,50,0,Null,0,0,,30,Hastings District,Nil,0,0,0,0,0,0,Urban,0,0,0,Light rain,Null
1718812,6045739,2094,,503000,0,0,0,2,0,North,2009/2010,THIRD AVENUE,CENTRAL AVENUE,,Non-Injury Crash,No,2009,0,South,0,0,0,Flat,0,,0,,0,Dark,98200,0,0,0,2,0,0,0,0,1,,0,0,Northland Region,Nil,2-way,Sealed,0,0,0,0,50,0,On,0,0,,2,Whangarei District,Nil,0,0,0,0,0,0,Urban,0,0,0,Fine,Null
1749334,5957416,2095,,506613,0,,0,1,,South,2009/2010,PUHOI ROAD,DOMAIN ROAD,,Non-Injury Crash,No,2009,,South,,0,,Hill Road,,,,,,Dark,147000,0,0,0,2,,,0,,,,,,Auckland Region,Nil,2-way,Sealed,,0,0,,100,,None,0,0,,76,Auckland,Unknown,,,,,0,0,Open,1,,,Fine,Null
1756212,5924527,2096,,509702,0,,0,2,,Null,2009/2010,ONEWA ROAD,ONEWA ON SBD,,Non-Injury Crash,No,2009,,East,,0,,Hill Road,,,,,,Twilight,366700,0,0,0,4,,,0,,,,,,Auckland Region,Nil,2-way,Sealed,,0,0,,50,,On,0,0,,76,Auckland,Traffic Signals,,,,,0,0,Urban,0,,,Heavy rain,Null
1882865,5826486,2097,,536821,0,,0,2,,Null,2009/2010,HEWLETTS ROAD,NEWTON ST,,Non-Injury Crash,No,2009,,East,,0,,Flat,,,,,,Bright sun,1204100,0,0,0,2,,,0,,,,,,Bay of Plenty Region,Nil,2-way,Sealed,,0,0,,50,,None,0,0,,23,Tauranga City,Give way,,,,,0,0,Urban,0,,,Fine,Null
1754254,5918542,2098,,515431,0,,0,1,,Null,2008/2009,GREAT NORTH ROAD,BULLOCK TRACK,,Non-Injury Crash,No,2009,,East,,0,,Flat,,,,,,Overcast,405000,0,0,0,4,,,0,,,,,,Auckland Region,Nil,2-way,Sealed,,0,0,,50,,Off,1,0,,76,Auckland,Stop,,,,,0,0,Urban,0,,,Heavy rain,Null
1771730,5912382,2099,,523106,0,,0,1,,Null,2008/2009,CHAPEL ROAD,WHITFORD ROAD,,Non-Injury Crash,No,2009,,North,,0,,Flat,,,,,,Bright sun,711158,0,0,0,2,,,0,,,,,,Auckland Region,Nil,2-way,Sealed,,0,0,,50,,Off,0,0,,76,Auckland,Stop,,,,,1,0,Urban,0,,,Fine,Null
1754134,5931406,2100,,508805,0,,0,1,,Null,2008/2009,UPPER HWY OFF SBD,SH 18,,Non-Injury Crash,Yes,2009,,South,,0,,Flat,,,,,,Bright sun,180813,0,0,0,1,,,0,,,,,,Auckland Region,Nil,1-way,Sealed,,0,0,,50,,Off,1,0,,76,Auckland,Give way,,,,,0,0,Urban,0,,,Fine,Null
1765123,5910278,2101,,521803,0,,0,2,,West,2009/2010,PRINCES ST,FRANK GREY PLACE,,Non-Injury Crash,No,2009,,East,,0,,Hill Road,,Christmas New Year,,,,Overcast,790500,0,0,0,2,,,0,,,,,,Auckland Region,Nil,2-way,Sealed,,0,0,,50,,Off,0,0,,76,Auckland,Traffic Signals,,,,,1,0,Urban,0,,,Fine,Null
1623404,6121979,2102,,500100,0,,0,0,,North,2009/2010,SH 1N,SH 10,,Non-Injury Crash,Yes,2009,,North,,0,,Flat,,,,,,Bright sun,7202,0,0,0,2,,,1,,,,,,Northland Region,Nil,2-way,Sealed,,0,0,,50,,None,0,0,,1,Far North District,Nil,,,,,1,0,Urban,0,,,Fine,Null
1636968,5436611,2103,,581812,0,0,0,1,1,East,2008/2009,SH 6,SLATERS ROAD,,Non-Injury Crash,Yes,2009,0,East,0,0,0,Hill Road,0,,0,,0,Bright sun,2360700,0,0,0,2,0,0,0,0,0,,0,0,Nelson Region,Nil,2-way,Sealed,0,0,0,0,100,0,Null,0,0,,52,Nelson City,Nil,0,0,0,0,0,0,Open,0,0,0,Fine,Null
1891549,5820713,2104,,536202,0,0,0,1,0,Null,2009/2010,PARTON ROAD,TARA ROAD,,Non-Injury Crash,No,2009,0,East,0,0,0,Flat,1,,0,,0,Bright sun,1206806,0,0,0,2,0,0,0,0,0,,0,0,Bay of Plenty Region,Nil,2-way,Sealed,0,0,0,0,80,0,Off,0,0,,23,Tauranga City,Give way,0,0,0,0,0,0,Open,0,0,0,Fine,Null
1731258,6022572,2105,,501815,0,,0,1,,North,2009/2010,SH 1N,MOUNTFIELD ROAD,,Non-Injury Crash,Yes,2009,,South,,0,,Flat,,,,,,Bright sun,79802,0,0,0,3,,,0,,,,,,Northland Region,Nil,2-way,Sealed,,0,0,,100,,None,0,0,,2,Whangarei District,Nil,,,,,1,0,Open,0,,,Fine,Null
1878206,5826133,2106,,537201,0,0,0,1,0,West,2009/2010,VALE ST,ANDREW PLACE,,Non-Injury Crash,No,2009,0,East,0,0,1,Flat,0,,0,,0,Overcast,1155800,0,0,0,2,0,1,0,0,0,,0,0,Bay of Plenty Region,Nil,2-way,Sealed,0,0,0,0,50,0,Null,0,0,,23,Tauranga City,Unknown,1,0,0,0,0,0,Urban,0,0,0,Fine,Null
1802308,5791502,2107,,531001,0,0,0,0,0,North,2008/2009,DAPHNE ST,PATERANGI ROAD,,Non-Injury Crash,No,2009,0,North,0,0,1,Flat,0,,1,,0,Overcast,969100,0,0,0,2,0,0,0,0,0,,0,0,Waikato Region,Nil,2-way,Sealed,0,0,0,0,50,0,Null,0,0,,17,Waipa District,Unknown,0,0,0,0,1,0,Urban,0,0,0,Light rain,Null
1793390,5770428,2108,,531200,0,0,0,1,0,Null,2008/2009,SH 3,OTEWA ROAD,,Non-Injury Crash,Yes,2009,0,South,0,0,1,Flat,0,,0,,0,Dark,995702,0,0,0,2,0,0,0,0,0,,0,0,Waikato Region,Nil,2-way,Sealed,0,0,0,0,50,0,None,0,0,,18,Ōtorohanga District,Give way,0,0,0,0,0,0,Urban,0,0,0,Fine,Frost
1982945,5670112,2109,,545500,0,0,0,1,0,Null,2008/2009,Z CPK CLYDE HOTEL,QUEEN ST,,Non-Injury Crash,No,2009,0,East,0,0,0,Flat,0,,0,,0,Bright sun,1390200,0,0,0,0,0,0,0,0,0,,0,1,Hawke's Bay Region,Nil,Off road,Sealed,0,0,0,0,50,0,Null,0,0,,29,Wairoa District,Nil,0,0,0,0,0,0,Urban,0,0,0,Fine,Null
1754857,5918760,2110,,515431,0,,0,1,,Null,2009/2010,GREAT NORTH ROAD,SURREY CRESCENT,,Non-Injury Crash,No,2009,,North,,0,,Flat,,,,,,Twilight,405800,0,0,0,4,,,0,,,,,,Auckland Region,Nil,2-way,Sealed,,0,0,,50,,Off,1,0,,76,Auckland,Traffic Signals,,,,,0,0,Urban,0,,,Fine,Null
1927296,5605131,2111,,545761,0,,0,1,,Null,2008/2009,YORK ROAD,MARAEKAKAHO ROAD,,Non-Injury Crash,No,2009,,North,,0,,Flat,,,,,,Bright sun,1469905,0,0,0,2,,,0,,,,,,Hawke's Bay Region,Nil,2-way,Sealed,,0,0,,70,,Null,0,0,,30,Hastings District,Give way,,,,,1,0,Urban,0,,,Fine,Null
1821490,5461263,2112,,578301,0,0,0,1,0,West,2008/2009,SOUTH ROAD,SOUTH BELT,,Non-Injury Crash,No,2009,0,West,0,0,1,Flat,0,,0,,0,Dark,2257000,0,0,0,2,0,0,0,0,0,,0,0,Wellington Region,Nil,2-way,Sealed,0,0,0,0,80,0,None,0,0,,48,Masterton District,Nil,0,0,0,0,0,0,Open,0,0,0,Fine,Null
1687488,6092884,2113,,501633,0,,0,1,,Null,2009/2010,SH 10,SH 11,,Non-Injury Crash,Yes,2009,,South,,0,,Flat,,,,,,Bright sun,35800,0,0,0,2,,,0,,,,,,Northland Region,Nil,2-way,Sealed,,0,0,,100,,Off,0,0,,1,Far North District,Stop,,,,,0,0,Open,1,,,Fine,Null
1889011,5774272,2114,,538742,0,,0,3,,North,2008/2009,SH 30,OWHATA ROAD,,Non-Injury Crash,Yes,2009,,West,,0,,Flat,,Queens Birthday,,,,Overcast,1254700,0,0,0,2,,,0,,,,,,Bay of Plenty Region,Nil,2-way,Sealed,,0,0,,60,,Off,0,0,,24,Rotorua District,Nil,,,,,0,0,Urban,0,,,Light rain,Null
1764900,5910840,2115,,521801,0,,0,2,,North,2009/2010,SH 1N,PRINCES OBR,,Non-Injury Crash,Yes,2009,,North,,0,,Flat,,,,,,Bright sun,786700,0,0,0,3,,,0,,,,,,,Nil,1-way,Sealed,,0,0,,100,,Null,0,0,,76,Auckland,Unknown,,,,,1,0,Open,0,,,Fine,Null
1758236,5913424,2116,,519710,0,,0,2,,Null,2008/2009,MANUKAU ROAD,MOUNT SMART ROAD,,Non-Injury Crash,No,2009,,South,,0,,Flat,,,,,,Bright sun,594701,0,0,0,2,,,0,,,,,,Auckland Region,Nil,2-way,Sealed,,0,0,,50,,Null,0,0,,76,Auckland,Give way,,,,,0,0,Urban,0,,,Fine,Null
1764236,5909865,2117,,521901,0,,0,1,,Null,2009/2010,ATKINSON AVENUE,AVENUE ROAD,,Non-Injury Crash,No,2009,,North,,0,,Flat,,,,,,Overcast,784000,0,0,0,2,,,0,,,,,,Auckland Region,Nil,2-way,Sealed,,0,0,,50,,Off,1,0,,76,Auckland,Nil,,,,,0,0,Urban,0,,,Heavy rain,Null
1890471,5566718,2118,,549200,0,0,0,1,0,North,2008/2009,SH 2,FRASER ROAD,,Non-Injury Crash,Yes,2009,0,South,0,0,1,Flat,0,,0,,0,Twilight,1515500,0,0,0,2,0,0,0,0,0,,0,0,Hawke's Bay Region,Nil,2-way,Sealed,0,0,0,0,100,0,None,0,0,,32,Central Hawke's Bay District,Nil,0,0,0,0,0,0,Open,0,0,0,Light rain,Null
1745800,5912420,2119,,511001,0,0,0,1,0,West,2008/2009,PARALLEL ACCESS,GLENGARRY ROAD,,Non-Injury Crash,No,2009,0,East,0,0,0,Hill Road,0,,0,,0,Overcast,282900,0,0,0,2,0,0,0,1,0,,0,0,Auckland Region,Nil,2-way,Sealed,0,0,0,0,50,0,Off,1,0,,76,Auckland,Nil,0,0,0,1,0,0,Urban,0,1,0,Light rain,Null
1759770,5912946,2120,,520000,0,,0,2,,Null,2009/2010,ALFRED ST,MAYS ROAD,,Non-Injury Crash,No,2009,,East,,0,,Flat,,,,,,Bright sun,605500,0,0,0,2,,,0,,,,,,Auckland Region,Nil,2-way,Sealed,,0,0,,50,,Off,0,0,,76,Auckland,Give way,,,,,0,0,Urban,0,,,Fine,Null
1757429,5920580,2121,,514102,0,0,1,1,0,South,2009/2010,QUEEN ST,WYNDHAM ST,,Non-Injury Crash,No,2009,0,North,0,0,0,Flat,0,,0,,0,Dark,433503,0,0,0,4,0,0,0,0,0,,0,0,Auckland Region,Nil,2-way,Sealed,0,0,0,0,30,0,On,0,1,,76,Auckland,Nil,0,0,0,0,0,0,Urban,0,1,0,Fine,Null
1759436,5910301,2122,,524002,0,,0,1,,North,2008/2009,SH 20,RIMU OBR,,Non-Injury Crash,Yes,2009,,North,,0,,Flat,,,,,,Overcast,722000,0,0,0,2,,,0,,,,,,Auckland Region,Nil,1-way,Sealed,,0,0,,80,,Null,0,0,,76,Auckland,Unknown,,,,,0,0,Open,1,,,Fine,Null
1757137,5434612,2123,,569900,0,0,0,1,0,South,2008/2009,FITZHERBERT ST,JACKSON ST,,Non-Injury Crash,No,2009,0,North,0,0,0,Flat,0,,0,,0,Dark,2034400,0,0,0,2,0,1,0,0,0,,0,0,Wellington Region,Nil,2-way,Sealed,0,0,0,0,50,0,On,0,0,,46,Lower Hutt City,Nil,0,0,0,0,1,0,Urban,0,0,0,Fine,Null
1772249,5896201,2124,,525410,0,,0,1,,Null,2009/2010,ELLIOT ST,RAY SMALL DRIVE N,,Non-Injury Crash,No,2009,,North,,0,,Hill Road,,,,,,Overcast,791801,0,0,0,2,,,0,,,,,,Auckland Region,Nil,2-way,Sealed,,0,0,,50,,Null,1,0,,76,Auckland,Stop,,,,,0,0,Urban,0,,,Light rain,Null