X,Y,OBJECTID,advisorySpeed,areaUnitID,bicycle,bridge,bus,carStationWagon,cliffBank,crashDirectionDescription,crashFinancialYear,crashLocation1,crashLocation2,crashRoadSideRoad,crashSeverity,crashSHDescription,crashYear,debris,directionRoleDescription,ditch,fatalCount,fence,flatHill,guardRail,holiday,houseOrBuilding,intersection,kerb,light,meshblockId,minorInjuryCount,moped,motorcycle,NumberOfLanes,objectThrownOrDropped,otherObject,otherVehicleType,overBank,parkedVehicle,pedestrian,phoneBoxEtc,postOrPole,region,roadCharacter,roadLane,roadSurface,roadworks,schoolBus,seriousInjuryCount,slipOrFlood,speedLimit,strayAnimal,streetLight,suv,taxi,temporarySpeedLimit,tlaId,tlaName,trafficControl,trafficIsland,trafficSign,train,tree,truck,unknownVehicleType,urban,vanOrUtility,vehicle,waterRiver,weatherA,weatherB
1751914,5929667,2125,,509100,0,,0,2,,South,2009/2010,UPPER HARBOUR DRIVE,EMILY LANE,,Non-Injury Crash,No,2009,,South,,0,,Flat,,,,,,Dark,181200,0,0,0,2,,,0,,,,,,Auckland Region,Nil,2-way,Sealed,,0,0,,70,,On,0,0,,76,Auckland,Nil,,,,,0,0,Urban,0,,,Fine,Null
1885165,5773191,2126,,540600,0,,0,2,,East,2009/2010,TI ST,FENTON ST,,Non-Injury Crash,No,2009,,East,,0,,Flat,,,,,,Bright sun,1243100,0,0,0,2,,,0,,,,,,Bay of Plenty Region,Nil,2-way,Sealed,,0,0,,50,,Null,0,0,,24,Rotorua District,Nil,,,,,0,0,Urban,0,,,Fine,Null
1770461,5443527,2127,,567800,0,0,0,1,0,West,2008/2009,SOMME ROAD,MESSINES AVENUE,,Non-Injury Crash,No,2009,0,East,0,0,0,Flat,0,,0,,0,Dark,1898001,0,0,0,2,0,0,0,0,0,,0,1,Wellington Region,Nil,2-way,Sealed,0,0,0,0,50,0,On,0,0,,45,Upper Hutt City,Nil,0,0,0,0,0,0,Urban,0,0,0,Light rain,Null
1744951,5915404,2128,,512903,0,,0,1,,Null,2009/2010,BRUCE MCLAREN ROAD,HULME PLACE,,Non-Injury Crash,No,2009,,West,,0,,Flat,,,,,,Bright sun,278001,0,0,0,2,,,0,,,,,,Auckland Region,Nil,2-way,Sealed,,0,0,,50,,Off,1,0,,76,Auckland,Nil,,,,,0,0,Urban,0,,,Fine,Null
1762659,5437645,2129,,568301,0,0,0,2,0,North,2009/2010,HIGH ST,ATHLONE CRESCENT NORTH,,Non-Injury Crash,No,2009,0,West,0,0,0,Flat,0,,0,,0,Overcast,1948400,0,0,0,2,0,0,0,0,1,,0,0,Wellington Region,Nil,2-way,Sealed,0,0,0,0,50,0,Null,0,0,,46,Lower Hutt City,Nil,0,0,0,0,0,0,Urban,0,0,0,Fine,Null
1757025,5919442,2130,,514103,0,,0,2,,Null,2009/2010,KARANGAHAPE ROAD,QUEEN ST,,Non-Injury Crash,No,2009,,West,,0,,Flat,,,,,,Dark,436401,0,0,0,4,,,0,,,,,,Auckland Region,Nil,2-way,Sealed,,0,0,,50,,On,0,0,,76,Auckland,Traffic Signals,,,,,0,0,Urban,0,,,Fine,Null
1804869,5788792,2131,,527936,0,,0,0,,Null,2008/2009,GOLF ROAD,SH 3,,Non-Injury Crash,No,2009,,North,,0,,Hill Road,,,,,,Overcast,989201,0,0,0,3,,,0,,,,,,Waikato Region,Nil,2-way,Sealed,,0,0,,80,,Null,0,0,,17,Waipa District,Stop,,,,,1,0,Open,0,,,Fine,Null
1768631,5901121,2132,,524901,0,,0,2,,Null,2009/2010,GREAT SOUTH ROAD,HILL ROAD,,Non-Injury Crash,No,2009,,South,,0,,Flat,,,,,,Unknown,756600,0,0,0,2,,,0,,,,,,Auckland Region,Nil,2-way,Sealed,,0,0,,50,,Off,0,0,,76,Auckland,Nil,,,,,0,0,Urban,0,,,Fine,Null
1768189,5902430,2133,,524602,0,,0,2,,Null,2008/2009,GREAT SOUTH ROAD,BROWNS ROAD,,Non-Injury Crash,No,2009,,South,,0,,Flat,,,,,,Overcast,780700,0,0,0,4,,,0,,,,,,Auckland Region,Nil,2-way,Sealed,,0,0,,50,,Off,0,0,,76,Auckland,Traffic Signals,,,,,0,0,Urban,0,,,Light rain,Null
1755771,5928186,2134,,507900,0,,0,2,,South,2009/2010,PORANA ROAD,WAIRAU ROAD,,Non-Injury Crash,No,2009,,North,,0,,Flat,,,,,,Bright sun,305201,0,0,0,2,,,0,,,,,,Auckland Region,Nil,2-way,Sealed,,0,0,,50,,Off,0,0,,76,Auckland,Nil,,,,,0,0,Urban,0,,,Fine,Null
1842094,5533351,2135,,550200,0,0,0,1,0,North,2008/2009,SADDLE ROAD,OXFORD ST,,Non-Injury Crash,No,2009,0,West,1,0,0,Hill Road,0,,0,,0,Dark,1543600,0,0,0,2,0,0,0,0,0,,0,0,Manawatū-Whanganui Region,Nil,2-way,Sealed,0,0,0,0,100,0,None,0,0,,41,Tararua District,Nil,0,0,0,0,0,0,Open,0,0,0,Fine,Null
1316702,4982631,2136,,608500,0,,0,1,,South,2008/2009,SH 8,BRANDON ST,,Non-Injury Crash,Yes,2009,,North,,0,,Flat,,,,,,Bright sun,3025500,0,0,0,2,,,0,,,,,,Otago Region,Nil,2-way,Sealed,,0,0,,50,,Null,2,0,,69,Central Otago District,Unknown,,,,,0,0,Urban,0,,,Fine,Null
1748898,5429159,2137,,572900,0,0,0,2,0,North,2008/2009,MOLESWORTH ST,PIPITEA ST,,Non-Injury Crash,No,2009,0,North,0,0,0,Hill Road,0,,0,,0,Overcast,2121100,0,0,0,2,0,0,0,0,1,,0,0,Wellington Region,Nil,2-way,Sealed,0,0,0,0,50,0,Null,0,0,,47,Wellington City,Nil,0,0,0,0,0,0,Urban,0,0,0,Fine,Null
1893356,5812742,2138,,538502,0,,0,1,,East,2008/2009,JELLICOE ST,KING ST,,Non-Injury Crash,No,2009,,East,,0,,Flat,,,,,,Dark,1215900,0,0,0,2,,,0,,,,,,Bay of Plenty Region,Nil,2-way,Sealed,,0,0,,50,,On,1,0,,22,Western Bay of Plenty District,Stop,,,,,0,0,Urban,0,,,Fine,Null
1751104,5932665,2139,,508806,0,,0,2,,Null,2009/2010,ALBANY HIGHWAY,PRINCETON PARADE,,Non-Injury Crash,No,2009,,South,,0,,Flat,,,,,,Overcast,179902,0,0,0,2,,,0,,,,,,Auckland Region,Nil,2-way,Sealed,,0,0,,50,,Off,0,0,,76,Auckland,Nil,,,,,0,0,Urban,0,,,Fine,Null
1843058,5792236,2140,45,535250,0,,0,2,,Null,2009/2010,SH 1N,SH 5,,Non-Injury Crash,Yes,2009,,South,,0,,Flat,,,,,,Bright sun,1127300,0,0,0,2,,,0,,,,,,Waikato Region,Nil,2-way,Sealed,,0,0,,100,,Null,0,0,,19,South Waikato District,Stop,,,,,0,0,Open,0,,,Fine,Null
1747731,5914498,2141,,511100,0,,0,2,,West,2009/2010,GREAT NORTH ROAD,PALM COURT DRIVE,,Non-Injury Crash,No,2009,,West,,0,,Hill Road,,,,,,Bright sun,285100,0,0,0,4,,,0,,,,,,Auckland Region,Nil,2-way,Sealed,,0,0,,50,,Off,0,0,,76,Auckland,Nil,,,,,0,0,Urban,0,,,Fine,Null
1800299,5816430,2142,,529700,0,,0,2,,Null,2009/2010,VICTORIA ST,BOUNDARY ROAD,,Non-Injury Crash,No,2009,,South,,0,,Flat,,,,,,Bright sun,909302,0,0,0,4,,,0,,,,,,Waikato Region,Nil,2-way,Sealed,,0,0,,50,,Null,0,0,,16,Hamilton City,Traffic Signals,,,,,0,0,Urban,0,,,Fine,Null
1757579,5435285,2143,,569900,0,,0,1,,Null,2008/2009,HUTT ROAD,NELSON ST,,Non-Injury Crash,No,2009,,South,,0,,Flat,,,,,,Overcast,2032700,0,0,0,2,,,0,,,,,,Wellington Region,Bridge,2-way,Sealed,,0,0,,50,,Null,0,0,,46,Lower Hutt City,Give way,,,,,0,0,Urban,1,,,Fine,Null
1757007,5448694,2144,,572000,0,,0,1,,South,2008/2009,SH 1N,PASCOE AVENUE,,Non-Injury Crash,Yes,2009,,South,,0,,Flat,,,,,,Bright sun,2069900,0,0,0,2,,,0,,,,,,Wellington Region,Nil,2-way,Sealed,,0,0,,50,,Null,1,0,,44,Porirua City,Nil,,,,,0,0,Urban,0,,,Fine,Null
1800820,5815403,2145,,529700,0,,0,1,,South,2009/2010,WORLEY PLACE,WARD ST,,Non-Injury Crash,No,2009,,North,,0,,Flat,,,,,,Overcast,911101,0,0,1,2,,,0,,,,,,Waikato Region,Nil,2-way,Sealed,,0,0,,50,,Null,0,0,,16,Hamilton City,Unknown,,,,,0,0,Urban,0,,,Light rain,Null
1746846,5915256,2146,,511800,0,,0,1,,Null,2009/2010,AWAROA ROAD,GREAT NORTH ROAD,,Non-Injury Crash,No,2009,,East,,0,,Flat,,,,,,Bright sun,276400,0,0,1,2,,,0,,,,,,Auckland Region,Nil,2-way,Sealed,,0,0,,50,,Off,0,0,,76,Auckland,Give way,,,,,0,0,Urban,0,,,Fine,Null
1755619,5928838,2147,,508510,0,,0,1,,South,2008/2009,SH 1N,TRISTRAM OBR,,Non-Injury Crash,Yes,2009,,South,,0,,Flat,,,,,,Overcast,195200,0,0,0,3,,,0,,,,,,Auckland Region,Nil,1-way,Sealed,,0,0,,100,,Null,1,0,,76,Auckland,Unknown,,,,,0,0,Open,0,,,Heavy rain,Null
1750505,5944198,2148,,506003,0,,0,2,,Null,2009/2010,SPUR ROAD,DUCK CREEK ROAD,,Non-Injury Crash,No,2009,,South,,0,,Flat,,,,,,Bright sun,175812,0,0,0,2,,,0,,,,,,Auckland Region,Nil,2-way,Sealed,,0,0,,50,,None,0,0,,76,Auckland,Give way,,,,,0,0,Urban,0,,,Fine,Null
1759778,5908940,2149,,524121,0,,0,2,,North,2009/2010,SH 20,WALMSLEY OBR,,Non-Injury Crash,Yes,2009,,North,,0,,Flat,,,,,,Overcast,737000,0,0,0,3,,,0,,,,,,Auckland Region,Nil,1-way,Sealed,,0,0,,100,,Off,0,0,,76,Auckland,Nil,,,,,0,0,Open,0,,,Light rain,Null
1800823,5815398,2150,,529700,0,0,0,1,0,South,2009/2010,WORLEY PLACE,WARD ST,,Non-Injury Crash,No,2009,0,East,0,0,0,Flat,0,,0,,0,Bright sun,911101,0,0,0,2,0,0,0,0,1,,0,0,Waikato Region,Nil,2-way,Sealed,0,0,0,0,50,0,Null,0,0,,16,Hamilton City,Unknown,0,0,0,0,0,0,Urban,0,0,0,Fine,Null
1761877,5906689,2151,,524520,0,,0,2,,Null,2009/2010,MASSEY ROAD,ROBERTSON ROAD,,Non-Injury Crash,No,2009,,North,,0,,Flat,,,,,,Dark,735400,0,0,0,4,,,0,,,,,,Auckland Region,Nil,2-way,Sealed,,0,0,,50,,On,0,0,,76,Auckland,Traffic Signals,,,,,0,0,Urban,0,,,Fine,Null
1770327,5911320,2152,,523105,0,,0,2,,Null,2009/2010,TI RAKAU DRIVE,BOTANY ROAD,,Non-Injury Crash,No,2009,,East,,0,,Flat,,,,,,Unknown,711185,0,0,0,2,,,0,,,,,,Auckland Region,Nil,2-way,Sealed,,0,0,,50,,Off,0,0,,76,Auckland,Traffic Signals,,,,,0,0,Urban,0,,,Fine,Null
1744477,5922551,2153,,513530,0,0,0,1,0,West,2009/2010,ROYAL ROAD,ROYAL ON EBD W,,Non-Injury Crash,No,2009,0,East,0,0,0,Flat,0,,0,,0,Overcast,225802,0,0,0,2,0,0,0,0,0,,0,0,Auckland Region,Nil,2-way,Sealed,0,0,0,0,50,0,None,0,0,,76,Auckland,Nil,0,0,0,1,0,0,Urban,0,0,0,Light rain,Null
1747797,5911255,2154,,511901,0,,0,2,,Null,2008/2009,TITIRANGI ROAD,GODLEY ROAD,,Non-Injury Crash,No,2009,,West,,0,,Flat,,,,,,Bright sun,294102,0,0,0,2,,,0,,,,,,Auckland Region,Nil,2-way,Sealed,,0,0,,50,,Null,0,0,,76,Auckland,Give way,,,,,0,0,Urban,0,,,Fine,Null
1719333,6045663,2155,,503100,0,0,0,2,0,North,2008/2009,VINE ST,WALTON ST,,Non-Injury Crash,No,2009,0,North,0,0,0,Flat,0,,0,,0,Bright sun,100700,0,0,0,1,0,0,0,0,1,,0,0,Northland Region,Nil,2-way,Sealed,0,0,0,0,50,0,Null,0,0,,2,Whangarei District,Unknown,0,0,0,0,0,0,Urban,0,0,0,Fine,Null
1749956,5946079,2156,,506001,0,,0,0,,Null,2009/2010,HIBISCUS COAST HIGHWAY,TAVERN ROAD,,Non-Injury Crash,No,2009,,West,,0,,Hill Road,,,,,,Overcast,175501,0,0,0,4,,,0,,,,,,Auckland Region,Nil,2-way,Sealed,,0,0,,80,,Off,1,0,,76,Auckland,Stop,,,,,1,0,Open,0,,,Fine,Null
1226929,4929563,2157,,612714,0,0,0,0,0,Null,2008/2009,WREYS BUSH-MOSSBURN ROAD,HAMLYN ROAD,,Non-Injury Crash,No,2009,0,South,0,0,0,Flat,0,,0,,0,Overcast,3171201,0,0,0,2,0,0,0,0,0,,0,0,Southland Region,Nil,2-way,Sealed,0,0,0,0,100,0,Null,1,0,,73,Southland District,Nil,0,0,0,1,0,0,Open,0,0,0,Fine,Null
2034902,5709385,2158,,544400,0,0,0,2,0,West,2008/2009,CHILDERS ROAD,TITOKI ST,,Non-Injury Crash,No,2009,0,East,0,0,0,Flat,0,,0,,0,Bright sun,1374900,0,0,0,2,0,0,0,0,1,,0,0,Gisborne Region,Nil,2-way,Sealed,0,0,0,0,50,0,Null,1,0,,28,Gisborne District,Nil,0,0,0,0,0,0,Urban,0,0,0,Fine,Null
1773639,5445805,2159,,567000,0,0,0,1,0,Null,2008/2009,PINE AVENUE,KOWHAI AVENUE,,Non-Injury Crash,No,2009,0,West,0,0,1,Flat,0,Easter,0,,0,Twilight,1907100,0,0,0,2,0,0,0,0,0,,0,0,Wellington Region,Nil,2-way,Sealed,0,0,0,0,50,0,Off,0,0,,45,Upper Hutt City,Nil,0,0,0,0,0,0,Urban,0,0,0,Fine,Null
1567270,5184840,2160,,588300,0,,0,1,,West,2009/2010,GREERS ROAD,REYNOLDS AVENUE,,Non-Injury Crash,No,2009,,North,,0,,Flat,,,,,,Overcast,2510800,0,1,0,2,,,0,,,,,,Canterbury Region,Nil,2-way,Sealed,,0,0,,50,,Null,0,0,,60,Christchurch City,Unknown,,,,,0,0,Urban,0,,,Fine,Null
1261914,4965387,2161,,610020,0,0,0,1,0,North,2009/2010,SH 6,ALLANDALE ROAD,,Non-Injury Crash,Yes,2009,0,South,0,0,1,Hill Road,0,,0,,0,Bright sun,3040602,0,0,0,2,0,0,0,1,0,,0,0,Southland Region,Nil,2-way,Sealed,0,0,0,0,100,0,Null,0,0,,73,Southland District,Unknown,0,0,0,0,0,0,Open,0,0,0,Fine,Null
1820018,5534701,2162,,561901,0,,0,1,,Null,2009/2010,SH 54,MILSON LINE,,Non-Injury Crash,Yes,2009,,North,,0,,Flat,,,,,,Overcast,1793500,0,0,0,2,,,0,,,,,,Manawatū-Whanganui Region,Nil,2-way,Sealed,,0,0,,100,,Null,0,0,,39,Manawatu District,Stop,,,,,1,0,Open,2,,,Fine,Null
1752431,5423294,2163,,577102,0,,0,1,,Null,2008/2009,KINGHORNE ST,KINGHORNE ROAD,,Non-Injury Crash,No,2009,,East,,0,,Hill Road,,,,,,Overcast,2214500,0,0,0,2,,,0,,,,,,Wellington Region,Nil,2-way,Sealed,,0,0,,50,,Null,1,0,,47,Wellington City,Nil,,,,,0,0,Urban,0,,,Fine,Null
1670588,5638096,2164,,553302,0,0,0,1,0,North,2008/2009,SH 45,ARAWHATA ROAD,,Non-Injury Crash,Yes,2009,0,North,1,0,1,Flat,0,,0,,0,Dark,1628800,0,0,0,2,0,0,0,0,0,,0,0,Taranaki Region,Nil,2-way,Sealed,0,0,0,0,100,0,None,0,0,,35,South Taranaki District,Nil,0,0,0,0,0,0,Open,0,0,0,Snow,Null
1685514,6030469,2165,65,504502,0,,0,0,,East,2008/2009,SH 14,TANGOWAHINE VALLEY ROAD,,Non-Injury Crash,Yes,2009,,East,,0,,Flat,,,,,,Overcast,120500,0,0,0,2,,,0,,,,,,Northland Region,Nil,2-way,Sealed,,0,0,,100,,None,1,0,,3,Kaipara District,Nil,,,,,0,0,Open,0,,,Fine,Null
1751966,5432666,2166,,574002,0,,0,2,,South,2008/2009,SH 1N,CENTENNIAL SBD,,Non-Injury Crash,Yes,2009,,South,,0,,Hill Road,,,,,,Dark,2078302,0,0,0,2,,,0,,,,,,Wellington Region,Nil,2-way,Sealed,,0,0,,100,,On,0,0,,47,Wellington City,Nil,,,,,0,0,Open,0,,,Fine,Null
1752258,5435499,2167,,573901,0,0,0,2,0,West,2008/2009,HELSTON ROAD,PAPARANGI CRESCENT,,Non-Injury Crash,No,2009,0,West,0,0,0,Hill Road,0,,0,,0,Bright sun,2073000,0,0,0,2,0,0,0,0,1,,0,0,Wellington Region,Nil,2-way,Sealed,0,0,0,0,50,0,Null,0,0,,47,Wellington City,Nil,0,0,0,0,0,0,Urban,0,0,0,Fine,Null
1748800,5424200,2168,,576200,0,,0,2,,Null,2009/2010,RINTOUL ST,LUXFORD ST,,Non-Injury Crash,No,2009,,North,,0,,Flat,,,,,,Dark,2171800,0,0,0,2,,,0,,,,,,Wellington Region,Nil,2-way,Sealed,,0,0,,50,,On,0,1,,47,Wellington City,Stop,,,,,0,0,Urban,0,,,Light rain,Null
1815928,5542079,2169,,561422,0,0,0,1,0,South,2009/2010,AWAHURI FEILDING ROAD,LEES ROAD,,Non-Injury Crash,No,2009,0,North,0,0,0,Flat,0,Christmas New Year,0,,0,Overcast,1788600,0,0,0,2,0,0,0,0,0,,0,0,Manawatū-Whanganui Region,Nil,2-way,Sealed,0,0,0,0,80,0,Null,0,0,,39,Manawatu District,Nil,0,0,0,1,0,0,Open,0,0,0,Fine,Strong wind
1814443,5550864,2170,,560422,0,0,0,1,0,Null,2008/2009,MANAGHS ROAD,LETHBRIDGE ROAD,,Non-Injury Crash,No,2009,0,North,0,0,0,Hill Road,0,,0,,0,Overcast,1763202,0,0,0,2,0,0,0,0,0,,0,0,Manawatū-Whanganui Region,Nil,2-way,Sealed,0,0,0,0,100,0,Null,0,0,,39,Manawatu District,Nil,0,1,0,0,0,0,Open,0,0,0,Fine,Null
1840557,5517859,2171,,578000,1,,0,1,,South,2009/2010,ARTHUR ST,HUIA ST,,Non-Injury Crash,No,2009,,North,,0,,Flat,,,,,,Overcast,2216500,0,0,0,2,,,0,,,,,,Manawatū-Whanganui Region,Nil,2-way,Sealed,,0,0,,50,,Null,0,0,,41,Tararua District,Nil,,,,,0,0,Urban,0,,,Fine,Null
1824777,5531875,2172,,562200,0,0,0,3,0,North,2009/2010,MIHAERE DRIVE,BOUNTY PLACE,,Non-Injury Crash,No,2009,0,North,0,0,0,Flat,0,,0,,0,Dark,1839600,0,0,0,2,0,0,0,0,1,,0,0,Manawatū-Whanganui Region,Nil,2-way,Sealed,0,0,0,0,50,0,On,0,0,,40,Palmerston North City,Nil,0,0,0,1,0,0,Urban,1,0,0,Fine,Null
1758821,5912192,2173,,519810,0,,0,2,,North,2009/2010,SELWYN ST,CHURCH ST,,Non-Injury Crash,No,2009,,South,,0,,Flat,,,,,,Overcast,599000,0,0,0,4,,,0,,,,,,Auckland Region,Nil,2-way,Sealed,,0,0,,50,,Off,0,0,,76,Auckland,Nil,,,,,0,0,Urban,0,,,Fine,Null
1776203,5447487,2174,,566620,0,0,0,1,0,Null,2009/2010,SH 2,VISTA CRESCENT,,Non-Injury Crash,Yes,2009,0,South,0,0,0,Flat,0,,0,,0,Overcast,1912101,0,0,0,2,0,0,0,0,0,,0,0,Wellington Region,Nil,2-way,Sealed,0,0,0,0,70,0,Null,0,0,,45,Upper Hutt City,Give way,0,1,0,0,0,0,Urban,0,0,0,Fine,Null
1568531,5183567,2175,,592100,0,0,0,1,0,South,2008/2009,PAPANUI ROAD,GRANTS ROAD,,Non-Injury Crash,No,2009,0,North,0,0,1,Hill Road,0,,0,,0,Dark,2671600,0,0,0,2,0,0,0,0,0,,0,0,Canterbury Region,Nil,2-way,Sealed,0,0,0,0,50,0,On,0,0,,60,Christchurch City,Unknown,0,0,0,0,0,0,Urban,0,0,0,Fine,Null
1812431,5567534,2176,,559220,0,0,0,0,0,North,2008/2009,SH 1N,JEFFERSONS LINE,,Non-Injury Crash,Yes,2009,0,North,1,0,0,Flat,0,,0,,0,Dark,1730000,0,0,0,2,0,0,0,0,0,,0,1,Manawatū-Whanganui Region,Nil,2-way,Sealed,0,0,0,0,100,0,None,0,0,,38,Rangitikei District,Nil,0,0,0,0,1,0,Open,0,0,0,Fine,Null
1762180,5909242,2177,,524402,0,,0,1,,West,2009/2010,JAMES FLETCHER DRIVE,BEACH ROAD,,Non-Injury Crash,No,2009,,West,,0,,Flat,,,,,,Bright sun,749700,0,0,0,2,,,0,,,,,,Auckland Region,Nil,2-way,Sealed,,0,0,,50,,Null,0,0,,76,Auckland,Unknown,,,,,1,0,Urban,0,,,Fine,Null
1792651,5563998,2178,,559230,0,0,0,1,0,East,2009/2010,WANGANUI ROAD,GOWERS ROAD,,Non-Injury Crash,No,2009,0,West,1,0,0,Hill Road,0,,0,,0,Overcast,1732800,0,0,0,2,0,0,0,0,0,,0,0,Manawatū-Whanganui Region,Nil,2-way,Sealed,0,0,0,0,100,0,Null,0,0,,38,Rangitikei District,Nil,0,0,0,0,0,0,Open,0,0,0,Heavy rain,Null
1823767,5532411,2179,,562500,0,,0,0,,Null,2008/2009,SHELLEY ST,TREMAINE AVENUE,,Non-Injury Crash,No,2009,,North,,0,,Flat,,,,,,Overcast,1841202,0,0,0,2,,,0,,,,,,Manawatū-Whanganui Region,Nil,2-way,Sealed,,0,0,,50,,Null,0,0,,40,Palmerston North City,Give way,,,,,1,0,Urban,1,,,Fine,Null
1765215,5440881,2180,,568201,0,0,0,2,0,West,2008/2009,HIGH ST,THE ENDWAY,,Non-Injury Crash,No,2009,0,East,0,0,0,Flat,0,,0,,0,Bright sun,1935100,0,0,0,2,0,0,0,0,1,,0,0,Wellington Region,Nil,2-way,Sealed,0,0,0,0,50,0,Null,0,0,,46,Lower Hutt City,Nil,0,0,0,0,0,0,Urban,0,0,0,Fine,Null
1750632,5914606,2181,,514402,0,0,0,3,0,East,2008/2009,GREAT NORTH ROAD,PORTAGE ROAD,,Non-Injury Crash,No,2009,0,East,0,0,0,Hill Road,0,,0,,0,Twilight,381102,0,0,0,2,0,0,0,0,0,,0,0,Auckland Region,Nil,2-way,Sealed,0,0,0,0,50,0,On,0,0,,76,Auckland,Unknown,0,1,0,0,0,0,Urban,0,0,0,Fine,Null
1806819,5449556,2182,,579900,0,,0,0,,South,2009/2010,SH 2,KURATAWHITI ST,,Non-Injury Crash,Yes,2009,,South,,0,,Flat,,,,,,Overcast,2266900,0,0,0,2,,,0,,,,,,Wellington Region,Nil,2-way,Sealed,,0,0,,50,,Null,1,0,,50,South Wairarapa District,Nil,,,,,0,0,Urban,1,,,Fine,Null
1800805,5814459,2183,,529100,0,,0,1,,South,2009/2010,PEMBROKE ST,CLARENCE ST,,Non-Injury Crash,No,2009,,North,,0,,Flat,,,,,,Overcast,931300,0,0,0,2,,,0,,,,,,Waikato Region,Nil,2-way,Sealed,,0,0,,50,,Off,1,0,,16,Hamilton City,Stop,,,,,0,0,Urban,0,,,Fine,Null
1505372,5143576,2184,,597730,0,0,0,2,1,North,2008/2009,SH 1S,FAIRFIELD ROAD WEST,,Non-Injury Crash,Yes,2009,0,North,0,0,0,Flat,0,,0,,0,Dark,2747501,0,0,0,4,0,0,0,0,0,,0,0,Canterbury Region,Nil,2-way,Sealed,0,0,0,0,100,0,None,0,0,,63,Ashburton District,Unknown,0,0,0,0,0,0,Open,0,0,0,Fine,Null
1850305,5504928,2185,,577900,0,,0,1,,South,2009/2010,PORI ROAD,PAHIATUA PONGAROA ROAD,,Non-Injury Crash,No,2009,,South,,0,,Hill Road,,,,,,Bright sun,2223000,0,0,0,1,,,0,,,,,,Manawatū-Whanganui Region,Nil,2-way,Sealed,,0,0,,100,,Null,0,0,,41,Tararua District,Nil,,,,,1,0,Open,0,,,Fine,Null
1986947,5786685,2186,,542906,0,,0,1,,West,2009/2010,SH 35,HEREMA ROAD,,Non-Injury Crash,Yes,2009,,East,,0,,Flat,,,,,,Overcast,1335200,0,0,0,2,,,0,,,,,,Bay of Plenty Region,Nil,2-way,Sealed,,0,0,,100,,Null,0,0,,27,Ōpōtiki District,Unknown,,,,,1,0,Open,0,,,Fine,Null
1569945,5181267,2187,,591600,0,,0,2,,Null,2009/2010,BEALEY AVENUE,VICTORIA ST,,Non-Injury Crash,No,2009,,West,,0,,Flat,,,,,,Dark,2676700,0,0,0,3,,,0,,,,,,Canterbury Region,Nil,2-way,Sealed,,0,0,,50,,On,0,0,,60,Christchurch City,Traffic Signals,,,,,0,0,Urban,0,,,Mist or Fog,Null
1758062,5917496,2188,,515700,0,,0,2,,Null,2009/2010,GILLIES AVENUE,WITHIEL DRIVE,,Non-Injury Crash,No,2009,,North,,0,,Flat,,,,,,Bright sun,443500,0,0,0,4,,,0,,,,,,Auckland Region,Nil,2-way,Sealed,,0,0,,50,,Off,0,0,,76,Auckland,Stop,,,,,0,0,Urban,0,,,Fine,Null
1843568,5528542,2189,,550200,0,0,0,0,0,North,2009/2010,SH 2,STURDEE ROAD,,Non-Injury Crash,Yes,2009,0,South,1,0,0,Flat,0,,0,,0,Overcast,1542600,0,0,0,2,0,0,0,0,0,,0,0,Manawatū-Whanganui Region,Nil,2-way,Sealed,0,0,0,0,100,0,Null,1,0,,41,Tararua District,Nil,0,0,0,0,0,0,Open,0,0,0,Heavy rain,Null
1762435,5917018,2190,,516302,0,,0,1,,Null,2009/2010,REMUERA ROAD,WAIATARUA ROAD,,Non-Injury Crash,No,2009,,West,,0,,Flat,,,,,,Overcast,463104,0,0,0,4,,,0,,,,,,Auckland Region,Nil,2-way,Sealed,,0,0,,50,,Off,0,0,,76,Auckland,Give way,,,,,1,0,Urban,0,,,Light rain,Null
1748734,5425630,2191,,576301,0,0,0,2,0,Null,2008/2009,HANSON ST,JOHN ST,,Non-Injury Crash,No,2009,0,East,0,0,0,Flat,0,,0,,0,Bright sun,2163300,0,0,0,2,0,0,0,0,1,,0,0,Wellington Region,Nil,2-way,Sealed,0,0,0,0,50,0,Null,0,0,,47,Wellington City,Traffic Signals,0,0,0,0,0,0,Urban,0,0,0,Fine,Null
1937041,5621604,2192,,546802,0,0,0,1,0,North,2009/2010,HERSCHELL ST,TENNYSON ST,,Non-Injury Crash,No,2009,0,North,0,0,0,Flat,0,,0,,0,Overcast,1424500,0,0,0,2,0,0,0,0,0,,1,0,Hawke's Bay Region,Nil,2-way,Sealed,0,0,0,0,50,0,Null,0,0,,31,Napier City,Nil,0,0,0,0,0,0,Urban,0,0,0,Fine,Null
1762887,5432168,2193,,565100,0,,0,2,,South,2009/2010,WELLINGTON ROAD,KENT ST,,Non-Injury Crash,No,2009,,North,,0,,Flat,,,,,,Bright sun,2011100,0,0,0,2,,,0,,,,,,Wellington Region,Nil,2-way,Sealed,,0,0,,50,,Null,0,0,,46,Lower Hutt City,Nil,,,,,0,0,Urban,0,,,Fine,Null
1331088,5058177,2194,,608302,0,0,0,1,1,West,2008/2009,SH 8,LINDIS PASS SUMMIT,,Non-Injury Crash,Yes,2009,0,West,0,0,0,Flat,0,,0,,0,Overcast,3028500,0,0,0,2,0,0,0,0,0,,0,0,Otago Region,Nil,2-way,Sealed,0,0,0,0,100,0,Null,0,0,,69,Central Otago District,Unknown,0,0,0,0,0,0,Open,0,0,0,Fine,Null