X,Y,OBJECTID,advisorySpeed,areaUnitID,bicycle,bridge,bus,carStationWagon,cliffBank,crashDirectionDescription,crashFinancialYear,crashLocation1,crashLocation2,crashRoadSideRoad,crashSeverity,crashSHDescription,crashYear,debris,directionRoleDescription,ditch,fatalCount,fence,flatHill,guardRail,holiday,houseOrBuilding,intersection,kerb,light,meshblockId,minorInjuryCount,moped,motorcycle,NumberOfLanes,objectThrownOrDropped,otherObject,otherVehicleType,overBank,parkedVehicle,pedestrian,phoneBoxEtc,postOrPole,region,roadCharacter,roadLane,roadSurface,roadworks,schoolBus,seriousInjuryCount,slipOrFlood,speedLimit,strayAnimal,streetLight,suv,taxi,temporarySpeedLimit,tlaId,tlaName,trafficControl,trafficIsland,trafficSign,train,tree,truck,unknownVehicleType,urban,vanOrUtility,vehicle,waterRiver,weatherA,weatherB
1758277,5446961,2195,35,572200,0,0,0,2,0,North,2008/2009,SPINNAKER DRIVE,LEEWARD DRIVE,,Non-Injury Crash,No,2009,0,South,0,0,0,Hill Road,0,,0,,0,Dark,2071602,0,0,0,2,0,0,0,0,1,,0,1,Wellington Region,Nil,2-way,Sealed,0,0,0,0,50,0,None,0,0,,44,Porirua City,Nil,0,0,0,0,0,0,Urban,0,0,0,Fine,Null
1678407,5404319,2196,,581210,0,,0,2,,Null,2008/2009,SH 6,BOYCE ST,,Non-Injury Crash,Yes,2009,,North,,0,,Flat,,,,,,Overcast,2293101,0,0,0,2,,,0,,,,,,Marlborough Region,Nil,2-way,Sealed,,0,0,,50,,Null,0,0,,53,Marlborough District,Give way,,,,,0,0,Urban,0,,,Fine,Null
1774492,5445596,2197,,567000,0,0,0,2,0,North,2009/2010,HENRY ST,FERGUSSON DRIVE,,Non-Injury Crash,No,2009,0,South,0,0,0,Flat,0,,0,,0,Dark,1908500,0,0,0,2,0,0,0,0,0,,0,0,Wellington Region,Nil,2-way,Sealed,0,0,0,0,50,0,On,0,0,,45,Upper Hutt City,Nil,0,0,0,0,0,0,Urban,0,1,0,Fine,Null
1815890,5545188,2198,,561410,0,0,0,1,0,North,2008/2009,SANDON ROAD,RANFURLY ROAD,,Non-Injury Crash,No,2009,0,North,0,0,1,Hill Road,0,,0,,0,Overcast,1788700,0,0,0,2,0,0,0,0,0,,0,0,Manawatū-Whanganui Region,Nil,2-way,Sealed,0,0,0,0,100,0,Null,0,0,,39,Manawatu District,Nil,0,0,0,0,0,0,Open,0,0,0,Heavy rain,Null
1744913,5914384,2199,,512905,0,,0,2,,Null,2009/2010,PARRS CROSS ROAD,SEYMOUR ROAD,,Non-Injury Crash,No,2009,,North,,0,,Flat,,,,,,Overcast,278903,0,0,0,2,,,0,,,,,,Auckland Region,Nil,2-way,Sealed,,0,0,,50,,Null,0,0,,76,Auckland,Give way,,,,,0,0,Urban,0,,,Heavy rain,Null
1623793,5431339,2200,,582300,0,,0,2,,Null,2008/2009,TRAFALGAR ST,HATHAWAY TERRACE,,Non-Injury Crash,No,2009,,North,,0,,Flat,,,,,,Bright sun,2316900,0,0,0,2,,,0,,,,,,Nelson Region,Nil,2-way,Sealed,,0,0,,50,,Null,0,0,,52,Nelson City,Nil,,,,,0,0,Urban,0,,,Fine,Null
1749353,5427308,2201,,573101,0,,0,1,,Null,2008/2009,CABLE ST,CHAFFERS ST,,Non-Injury Crash,No,2009,,East,,0,,Flat,,,,,,Bright sun,2135300,0,0,0,2,,,0,,,,,,Wellington Region,Nil,2-way,Sealed,,0,0,,50,,Null,0,0,,47,Wellington City,Traffic Signals,,,,,0,0,Urban,1,,,Fine,Null
1936809,5621519,2202,,546802,0,,0,1,,East,2008/2009,TENNYSON ST,DALTON ST,,Non-Injury Crash,No,2009,,South,,0,,Flat,,,,,,Bright sun,1423600,0,0,0,2,,,0,,,,,,Hawke's Bay Region,Nil,2-way,Sealed,,0,0,,50,,Null,1,0,,31,Napier City,Nil,,,,,0,0,Urban,0,,,Fine,Null
1940084,5594650,2203,,545860,0,,0,2,,Null,2009/2010,OCEAN BEACH ROAD,WAIMARAMA ROAD,,Non-Injury Crash,No,2009,,North,,0,,Flat,,Christmas New Year,,,,Overcast,1467500,0,0,0,2,,,0,,,,,,Hawke's Bay Region,Nil,2-way,Sealed,,0,0,,100,,Null,0,0,,30,Hastings District,Give way,,,,,0,0,Open,0,,,Light rain,Null
1263557,5016300,2204,,609031,0,,0,0,,West,2008/2009,CORONET PEAK ROAD,CARPARK 5,,Non-Injury Crash,No,2009,,East,,0,,Hill Road,,Queens Birthday,,,,Bright sun,3038103,0,0,0,2,,,0,,,,,,Otago Region,Nil,2-way,Unsealed,,0,0,,50,,Null,2,0,,70,Queenstown-Lakes District,Unknown,,,,,0,0,Urban,0,,,Fine,Null
1936731,5622175,2205,,546802,0,0,0,1,0,Null,2009/2010,COOTE ROAD,CHILDERS ROAD,,Non-Injury Crash,No,2009,0,West,0,0,0,Hill Road,0,,0,,0,Overcast,1422700,0,0,0,2,0,0,0,0,1,,0,0,Hawke's Bay Region,Nil,2-way,Sealed,0,0,0,0,50,0,Null,1,0,,31,Napier City,Nil,0,0,0,0,0,0,Urban,0,0,0,Light rain,Null
1256557,5003619,2206,,609023,0,,0,0,,West,2008/2009,FERNHILL ROAD,SAINSBURY ROAD,,Non-Injury Crash,No,2009,,East,,0,,Hill Road,,,,,,Overcast,3039534,0,0,0,1,,,0,,,,,,Otago Region,Nil,2-way,Sealed,,0,0,,50,,On,2,0,,70,Queenstown-Lakes District,Unknown,,,,,0,0,Urban,0,,,Fine,Frost
1575871,5184348,2207,,590501,0,,1,1,,Null,2008/2009,SH 74 TRAVIS,SH 74 ANZAC,,Non-Injury Crash,Yes,2009,,East,,0,,Flat,,,,,,Dark,2505204,0,0,0,2,,,0,,,,,,Canterbury Region,Nil,2-way,Sealed,,0,0,,50,,On,0,0,,60,Christchurch City,Give way,,,,,0,0,Urban,0,,,Fine,Null
1753333,5441667,2208,,572701,0,,0,2,,Null,2008/2009,MAIN ROAD,MCLELLAN ST,,Non-Injury Crash,No,2009,,South,,0,,Flat,,,,,,Overcast,1994302,0,0,0,2,,,0,,,,,,Wellington Region,Nil,2-way,Sealed,,0,0,,50,,Null,0,0,,47,Wellington City,Give way,,,,,0,0,Urban,0,,,Fine,Null
1569250,5185673,2209,,588102,0,0,0,0,0,East,2008/2009,MOMORANGI CRESCENT,SH 74,,Non-Injury Crash,No,2009,0,East,0,0,0,Flat,0,,0,,0,Bright sun,2508000,0,0,0,2,0,0,0,1,0,,0,0,Canterbury Region,Nil,2-way,Sealed,0,0,0,0,50,0,Null,1,0,,60,Christchurch City,Unknown,0,0,0,0,0,0,Urban,0,0,0,Fine,Null
1932965,5602086,2210,,548831,0,,0,1,,North,2009/2010,NAPIER ROAD,BENNELONG PLACE,,Non-Injury Crash,No,2009,,North,,0,,Flat,,,,,,Overcast,1509100,0,0,0,2,,,0,,,,,,Hawke's Bay Region,Nil,2-way,Sealed,,0,0,,50,,Null,1,0,,30,Hastings District,Nil,,,,,0,0,Urban,0,,,Fine,Null
1874666,5824456,2211,,536514,0,0,0,1,0,West,2009/2010,CARMICHAEL ROAD,ST MICHAELS CRESCENT,,Non-Injury Crash,No,2009,0,East,0,0,1,Flat,0,,0,,0,Dark,1190301,0,0,0,2,0,0,0,0,0,,0,0,Bay of Plenty Region,Nil,2-way,Sealed,0,0,0,0,50,0,On,0,0,,23,Tauranga City,Unknown,0,0,0,0,0,0,Urban,0,0,0,Light rain,Null
1692333,5676348,2212,,551800,0,0,0,1,0,Null,2009/2010,DAWSON ST,SH 44,,Non-Injury Crash,Yes,2009,0,North,0,0,0,Flat,0,,0,,0,Dark,1590800,0,0,0,2,0,0,0,0,0,,1,1,Taranaki Region,Nil,2-way,Sealed,0,0,0,0,50,0,On,0,0,,33,New Plymouth District,Traffic Signals,0,0,0,0,0,0,Urban,0,0,0,Fine,Null
2035738,5709073,2213,,544400,0,,0,2,,Null,2009/2010,CENTENNIAL CRESCENT,CHILDERS ROAD,,Non-Injury Crash,No,2009,,North,,0,,Flat,,,,,,Bright sun,1375500,0,0,0,2,,,0,,,,,,Gisborne Region,Nil,2-way,Sealed,,0,0,,50,,Null,0,0,,28,Gisborne District,Give way,,,,,0,0,Urban,0,,,Fine,Null
2059822,5729062,2214,,544001,0,0,0,0,1,North,2009/2010,SH 35,WAIHAU ROAD,,Non-Injury Crash,Yes,2009,0,South,0,0,0,Flat,0,,0,,0,Bright sun,1355902,0,0,0,2,0,0,0,0,0,,0,0,Gisborne Region,Nil,2-way,Sealed,0,0,0,0,100,0,Null,0,0,,28,Gisborne District,Nil,0,0,0,0,1,0,Open,0,0,0,Fine,Null
1796656,5817503,2215,,528503,0,0,0,1,0,West,2009/2010,ROTOKAURI ROAD,ODLIN CRESCENT,,Non-Injury Crash,No,2009,0,North,0,0,0,Flat,0,,0,,0,Bright sun,906405,0,0,0,2,0,0,0,0,0,,0,1,Waikato Region,Nil,2-way,Sealed,0,0,0,0,50,0,Off,0,0,,16,Hamilton City,Nil,0,0,0,0,0,0,Urban,0,0,0,Fine,Null
1749248,5911966,2216,,511902,0,0,0,1,0,West,2009/2010,GOLF ROAD,GILLIAM ST,,Non-Injury Crash,No,2009,0,West,0,0,0,Hill Road,0,,0,,0,Dark,260800,0,0,0,2,0,0,0,0,0,,0,0,Auckland Region,Nil,2-way,Sealed,0,0,0,0,50,0,On,0,0,,76,Auckland,Unknown,1,0,0,0,0,0,Urban,0,0,0,Mist or Fog,Null
1818669,5528670,2217,,562720,0,0,0,1,0,East,2008/2009,CLARKE AVENUE,AMBERLEY AVENUE,,Non-Injury Crash,No,2009,0,West,0,0,1,Flat,0,,0,,0,Dark,1817002,0,0,0,2,0,0,0,0,0,,0,0,Manawatū-Whanganui Region,Nil,2-way,Sealed,0,0,0,0,50,0,On,0,0,,40,Palmerston North City,Nil,0,0,0,0,0,0,Urban,0,0,0,Light rain,Null
1749920,5427404,2218,,576600,0,,0,1,,East,2008/2009,ORIENTAL PARADE,HERD ST,,Non-Injury Crash,No,2009,,West,,0,,Flat,,,,,,Twilight,2137900,0,0,0,2,,,0,,,,,,Wellington Region,Nil,2-way,Sealed,,0,0,,50,,Off,1,0,,47,Wellington City,Nil,,,,,0,0,Urban,0,,,Fine,Null
1647872,5428001,2219,,580446,0,,0,2,,Null,2009/2010,SH 6,PELORUS BR N,,Non-Injury Crash,Yes,2009,,South,,0,,Hill Road,,,,,,Bright sun,2283900,0,0,0,2,,,0,,,,,,Marlborough Region,Bridge,2-way,Sealed,,0,0,,100,,Null,0,0,,53,Marlborough District,Give way,,,,,0,0,Open,0,,,Fine,Null
1764246,5460672,2220,,566302,0,,0,2,,Null,2008/2009,SH 1N,BEACH ROAD,,Non-Injury Crash,Yes,2009,,North,,0,,Flat,,,,,,Bright sun,2010000,0,0,0,2,,,0,,,,,,Wellington Region,Nil,2-way,Sealed,,0,0,,70,,Null,0,0,,43,Kapiti Coast District,Stop,,,,,0,0,Urban,0,,,Fine,Null
1819508,5575394,2221,,559220,0,0,0,1,0,South,2009/2010,SH 1N,MAIN ST,,Non-Injury Crash,Yes,2009,0,South,0,0,1,Flat,0,,0,,0,Overcast,1729100,0,0,0,2,0,0,0,0,0,,0,0,Manawatū-Whanganui Region,Nil,2-way,Sealed,0,0,0,0,50,0,Null,0,0,,38,Rangitikei District,Nil,0,0,0,0,1,0,Urban,0,0,0,Fine,Null
1751979,5917906,2222,,515001,0,,0,2,,Null,2009/2010,GREAT NORTH ROAD,WATERVIEW OFF WBD N,,Non-Injury Crash,No,2009,,South,,0,,Flat,,,,,,Overcast,392400,0,0,0,2,,,0,,,,,,Auckland Region,Nil,2-way,Sealed,,0,0,,50,,Off,0,0,,76,Auckland,Traffic Signals,,,,,0,0,Urban,0,,,Fine,Null
1822845,5531633,2223,,562500,0,0,0,1,0,East,2008/2009,PURIRI TERRACE,RUAHINE ST,,Non-Injury Crash,No,2009,0,East,0,0,1,Flat,0,,0,,0,Overcast,1840501,0,0,0,2,0,0,0,0,0,,0,0,Manawatū-Whanganui Region,Nil,2-way,Sealed,0,0,0,0,50,0,Null,0,0,,40,Palmerston North City,Nil,0,1,0,0,0,0,Urban,0,0,0,Fine,Null
1711378,5634651,2224,,553601,0,,0,1,,Null,2008/2009,BRIDGE ST,RAILWAY ST,,Non-Injury Crash,No,2009,,East,,0,,Flat,,,,,,Overcast,1634800,0,0,0,2,,,0,,,,,,Taranaki Region,Rail xing,2-way,Sealed,,0,0,,50,,Null,0,0,,35,South Taranaki District,Traffic Signals,,,,,0,0,Urban,0,,,Fine,Null
1693359,5676421,2225,,551800,0,,0,1,,Null,2008/2009,DEVON ST EAST,GOVER ST,,Non-Injury Crash,No,2009,,North,,0,,Flat,,,,,,Twilight,1594000,0,0,0,2,,,0,,,,,,Taranaki Region,Nil,2-way,Sealed,,0,0,,50,,On,1,0,,33,New Plymouth District,Give way,,,,,0,0,Urban,0,,,Light rain,Null
1760120,5436343,2226,,569100,0,,0,1,,Null,2009/2010,CORNWALL ST,KINGS CRESCENT,,Non-Injury Crash,No,2009,,South,,0,,Flat,,,,,,Dark,1967700,0,0,0,2,,,0,,,,,,Wellington Region,Nil,2-way,Sealed,,0,0,,50,,On,0,0,,46,Lower Hutt City,Traffic Signals,,,,,0,0,Urban,1,,,Fine,Null
1758671,5447782,2227,,572200,0,0,0,1,0,North,2009/2010,SH 58,SPINNAKER DRIVE,,Non-Injury Crash,Yes,2009,0,West,0,0,0,Flat,0,,0,,0,Overcast,2071301,0,0,0,2,0,0,0,1,0,,0,0,Wellington Region,Nil,2-way,Sealed,0,0,0,0,80,0,Null,0,0,,44,Porirua City,Nil,0,0,0,0,0,0,Open,0,0,0,Fine,Null
1790344,5829048,2228,,528200,0,0,0,1,0,East,2008/2009,RIVER ROAD,DUKE ST,,Non-Injury Crash,No,2009,0,North,0,0,0,Flat,0,,0,,0,Dark,858900,0,0,0,2,0,0,0,0,1,,0,0,Waikato Region,Nil,2-way,Sealed,0,0,0,0,50,0,On,0,0,30,13,Waikato District,Nil,0,0,0,0,0,0,Urban,0,0,0,Fine,Null
1943919,5786372,2229,,542530,0,0,0,1,0,East,2009/2010,SH 2,MURPHY ROAD,,Non-Injury Crash,Yes,2009,0,West,1,0,0,Flat,0,,0,,0,Dark,1298404,0,0,0,2,0,0,0,0,0,,0,0,Bay of Plenty Region,Nil,2-way,Sealed,0,0,0,0,100,0,None,0,0,,25,Whakatane District,Unknown,0,0,0,0,0,0,Open,0,0,0,Fine,Frost
1756471,5920081,2230,,514000,0,,0,1,,North,2009/2010,SH 1N,WELLINGTON OBR,,Non-Injury Crash,Yes,2009,,South,,0,,Flat,,,,,,Bright sun,417400,0,0,0,3,,,0,,,,,,Auckland Region,Nil,1-way,Sealed,,0,0,,100,,Off,0,0,,76,Auckland,Nil,,,,,1,0,Open,0,,,Fine,Null
1823459,5462804,2231,,578600,0,0,0,1,0,South,2009/2010,DIXON ST,MCKENNA ST,,Non-Injury Crash,No,2009,0,South,0,0,1,Flat,0,,0,,0,Dark,2243700,0,0,0,2,0,0,0,0,0,,0,0,Wellington Region,Nil,2-way,Sealed,0,0,0,0,50,0,On,0,0,,48,Masterton District,Nil,0,0,0,0,0,0,Urban,0,0,0,Fine,Null
1800808,5813747,2232,,529100,0,,0,2,,Null,2009/2010,PEMBROKE ST,TIDD ST,,Non-Injury Crash,No,2009,,North,,0,,Flat,,,,,,Overcast,929700,0,0,0,2,,,0,,,,,,Waikato Region,Nil,2-way,Sealed,,0,0,,50,,Off,0,0,,16,Hamilton City,Nil,,,,,0,0,Urban,0,,,Heavy rain,Null
1775717,5475911,2233,,563704,0,,0,1,,South,2008/2009,SH 1N,PEKA PEKA ROAD,,Non-Injury Crash,Yes,2009,,North,,0,,Flat,,,,,,Twilight,1883808,0,0,0,2,,,0,,,,,,Wellington Region,Nil,2-way,Unsealed,,0,0,,100,,None,0,0,50,43,Kapiti Coast District,Nil,,,,,0,0,Open,1,,,Fine,Null
1824469,5530776,2234,,562600,0,0,0,1,0,East,2008/2009,SH 3,BRIGHTWATER TERRACE,,Non-Injury Crash,Yes,2009,0,West,0,0,0,Flat,0,,0,,0,Bright sun,1846200,0,0,0,2,0,0,0,0,0,,0,0,Manawatū-Whanganui Region,Nil,2-way,Sealed,0,0,0,0,50,0,Null,0,0,,40,Palmerston North City,Nil,0,0,0,0,1,0,Urban,0,1,0,Fine,Null
1718496,6040175,2235,,502005,0,0,0,1,1,North,2008/2009,SH 1N,LOOP ROAD N,,Non-Injury Crash,Yes,2009,0,South,0,0,0,Hill Road,1,,0,,0,Twilight,74704,0,0,0,3,0,0,0,0,0,,0,0,Northland Region,Nil,2-way,Sealed,0,0,0,0,100,0,None,0,0,,2,Whangarei District,Unknown,0,0,0,0,0,0,Open,0,0,0,Null,Null
1934280,5784942,2236,,542540,0,,0,1,,Null,2009/2010,TE TEKO ROAD,POWELL ROAD,,Non-Injury Crash,No,2009,,North,,0,,Flat,,,,,,Dark,1323500,0,0,0,2,,,0,,,,,,Bay of Plenty Region,Nil,2-way,Sealed,,0,0,,100,,None,0,0,,25,Whakatane District,Stop,,,,,1,0,Open,0,,,Light rain,Null
1759862,5434819,2237,,569002,0,,0,2,,Null,2009/2010,WHITES LINE EAST,LUDLAM CRESCENT,,Non-Injury Crash,No,2009,,East,,0,,Flat,,,,,,Bright sun,1964200,0,0,0,2,,,0,,,,,,Wellington Region,Bridge,2-way,Sealed,,0,0,,50,,Null,0,0,,46,Lower Hutt City,Give way,,,,,0,0,Urban,0,,,Fine,Null
1707508,5656015,2238,,552702,0,0,0,0,1,South,2008/2009,SH 3,TARIKI ROAD SOUTH,,Non-Injury Crash,Yes,2009,0,South,0,0,0,Flat,0,,0,,0,Twilight,1607400,0,0,0,2,0,0,0,0,0,,0,0,Taranaki Region,Nil,2-way,Sealed,0,0,0,0,100,0,None,0,0,,33,New Plymouth District,Nil,0,0,0,0,0,0,Open,1,0,0,Fine,Null
1729392,5998843,2239,,505010,0,0,0,1,0,South,2008/2009,SH 1N,MOUNTAIN ROAD,,Non-Injury Crash,Yes,2009,0,South,0,0,0,Hill Road,0,Christmas New Year,0,,0,Bright sun,134800,0,0,0,2,0,0,0,0,0,,0,0,Northland Region,Nil,2-way,Sealed,0,0,0,0,100,0,None,0,0,,3,Kaipara District,Nil,0,0,0,1,0,0,Open,0,0,0,Fine,Null
1827804,5462860,2240,,578301,0,0,0,1,0,East,2008/2009,MASTERTON-CASTLEPOINT ROA,TE ORE ORE-BIDEFORD ROAD,,Non-Injury Crash,No,2009,0,East,0,0,1,Flat,0,,0,,0,Dark,2254000,0,0,0,2,0,0,0,0,0,,0,0,Wellington Region,Nil,2-way,Sealed,0,0,0,0,100,0,None,0,0,,48,Masterton District,Nil,0,0,0,0,0,0,Open,0,0,0,Heavy rain,Strong wind
1846365,5795685,2241,,535232,0,,0,1,,South,2009/2010,SOMERVILLE ROAD,OKOROIRE ROAD,,Non-Injury Crash,No,2009,,South,,0,,Flat,,,,,,Overcast,1127200,0,0,0,2,,,0,,,,,,Waikato Region,Nil,2-way,Sealed,,0,0,,100,,Null,0,0,,19,South Waikato District,Unknown,,,,,0,0,Open,0,,,Fine,Null
1438501,5003731,2242,,601040,0,,0,1,,Null,2008/2009,SH 1S,HOLMES ST,,Non-Injury Crash,Yes,2009,,East,,0,,Hill Road,,,,,,Dark,2835600,0,0,0,2,,,0,,,1,,,Otago Region,Nil,2-way,Sealed,,0,0,,50,,On,0,0,,68,Waitaki District,Give way,,,,,0,0,Urban,0,,,Fine,Null
1876570,5826759,2243,,537000,0,,0,2,,Null,2008/2009,LEVERS ROAD,MEADOWLAND ST,,Non-Injury Crash,No,2009,,East,,0,,Hill Road,,,,,,Bright sun,1154201,0,0,0,2,,,0,,,,,,Bay of Plenty Region,Nil,2-way,Sealed,,0,0,,50,,Null,0,0,,23,Tauranga City,Stop,,,,,0,0,Urban,0,,,Fine,Null
1761077,5437809,2244,,569402,0,,0,2,,Null,2009/2010,SH 2,GROUNSELL CRESCENT,,Non-Injury Crash,Yes,2009,,South,,0,,Flat,,,,,,Overcast,1918804,0,0,0,2,,,0,,,,,,Wellington Region,Nil,1-way,Sealed,,0,0,,100,,Null,0,0,,46,Lower Hutt City,Traffic Signals,,,,,0,0,Open,1,,,Fine,Null
1923394,5777701,2245,,542600,0,,0,1,,West,2009/2010,FENTON MILL ROAD,KIRK CRESCENT,,Non-Injury Crash,No,2009,,West,,0,,Hill Road,,,,,,Overcast,1326114,0,0,0,2,,,0,,,,,,Bay of Plenty Region,Nil,2-way,Sealed,,0,0,,50,,Null,1,0,,26,Kawerau District,Unknown,,,,,0,0,Urban,0,,,Fine,Null
1931488,5604161,2246,,548100,0,0,0,2,0,Null,2009/2010,WINDSOR AVENUE,ADA ST,,Non-Injury Crash,No,2009,0,South,0,0,1,Flat,0,,0,,0,Bright sun,1499900,0,0,0,2,0,0,0,0,0,,0,0,Hawke's Bay Region,Nil,2-way,Sealed,0,0,0,0,50,0,Null,0,0,,30,Hastings District,Give way,0,0,0,1,0,0,Urban,0,0,0,Fine,Null
1779121,5487963,2247,,564400,0,0,0,0,0,Null,2009/2010,NGAIO ST,MANUKA ST,,Non-Injury Crash,No,2009,0,North,0,0,1,Flat,0,,0,,0,Dark,1878405,0,0,0,2,0,0,0,0,0,,0,0,Wellington Region,Nil,2-way,Sealed,0,0,0,0,50,0,On,0,0,,43,Kapiti Coast District,Give way,0,0,0,0,0,0,Urban,1,0,0,Fine,Null
1679223,5401601,2248,,581250,0,,0,1,,South,2008/2009,BUICK ST,HOWICK ROAD,,Non-Injury Crash,No,2009,,East,,0,,Flat,,,,,,Overcast,2304200,0,0,0,2,,,0,,,,,,Marlborough Region,Nil,2-way,Sealed,,0,0,,50,,Null,0,0,,53,Marlborough District,Nil,,,,,0,0,Urban,1,,,Fine,Null
1759817,5915502,2249,,519400,0,,0,2,,East,2009/2010,PURIRI AVENUE,WHETURANGI ROAD,,Non-Injury Crash,No,2009,,West,,0,,Flat,,,,,,Overcast,616900,0,0,0,2,,,0,,,,,,Auckland Region,Nil,2-way,Sealed,,0,0,,50,,Off,0,0,,76,Auckland,Nil,,,,,0,0,Urban,0,,,Light rain,Null
1558095,5178967,2250,,587821,0,0,0,1,0,Null,2008/2009,BARTERS ROAD,MADDISONS ROAD,,Non-Injury Crash,No,2009,0,East,1,0,0,Flat,0,,0,,0,Overcast,2495900,0,0,0,2,0,0,0,0,0,,0,0,Canterbury Region,Nil,2-way,Sealed,0,0,0,0,80,0,Null,0,0,,60,Christchurch City,Give way,0,0,0,0,0,0,Open,0,0,0,Fine,Null
1705911,6071043,2251,,501620,0,,0,1,,West,2009/2010,SH 1N,AKERAMA ROAD,,Non-Injury Crash,Yes,2009,,West,,0,,Flat,,,,,,Dark,46002,0,0,0,2,,,0,,,,,,Northland Region,Nil,2-way,Sealed,,0,0,,100,,None,0,0,,1,Far North District,Nil,,,,,0,0,Open,0,,,Light rain,Null
1755078,5914504,2252,,518500,0,,0,2,,West,2009/2010,JASPER AVENUE,DOMINION ROAD,,Non-Injury Crash,No,2009,,East,,0,,Flat,,,,,,Bright sun,560900,0,0,0,2,,,0,,,,,,Auckland Region,Nil,2-way,Sealed,,0,0,,50,,Off,0,0,,76,Auckland,Nil,,,,,0,0,Urban,0,,,Fine,Null
1406999,4918606,2253,,603601,0,,0,2,,Null,2009/2010,SH 1S,HOWE ST,,Non-Injury Crash,Yes,2009,,East,,0,,Flat,,,,,,Bright sun,2866000,0,0,0,2,,,0,,,,,,Otago Region,Nil,1-way,Sealed,,0,0,,50,,Null,0,0,,71,Dunedin City,Give way,,,,,0,0,Urban,0,,,Fine,Null
1929508,5608847,2254,,545710,0,,0,1,,Null,2009/2010,SH 50A,EVENDEN ROAD,,Non-Injury Crash,Yes,2009,,South,,0,,Flat,,,,,,Bright sun,1471100,0,0,0,2,,,0,,,,,,Hawke's Bay Region,Nil,2-way,Sealed,,0,0,,100,,Null,0,0,,30,Hastings District,Give way,,,,,0,0,Open,1,,,Fine,Null
1745109,5912930,2255,,512906,0,0,0,2,0,South,2009/2010,GLENGARRY ROAD,MAYWOOD CRESCENT S,,Non-Injury Crash,No,2009,0,North,0,0,0,Hill Road,0,,0,,0,Dark,278403,0,0,0,2,0,0,0,0,1,,0,0,Auckland Region,Nil,2-way,Sealed,0,0,0,0,50,0,Off,0,0,,76,Auckland,Unknown,0,0,0,0,0,0,Urban,0,0,0,Fine,Null
1806110,5561377,2256,,559230,0,1,0,0,0,South,2008/2009,SH 1N,CALICO LINE,,Non-Injury Crash,Yes,2009,0,North,0,0,0,Flat,0,,0,,0,Dark,1732200,0,0,0,2,0,0,0,0,0,,0,0,Manawatū-Whanganui Region,Bridge,2-way,Sealed,0,0,0,0,100,0,None,0,0,,38,Rangitikei District,Nil,0,0,0,0,1,0,Open,0,0,0,Fine,Null
1748549,5428080,2257,,573000,0,,0,2,,North,2008/2009,THE TERRACE,BOULCOTT SLIP,,Non-Injury Crash,No,2009,,South,,0,,Hill Road,,,,,,Bright sun,2126300,0,0,0,3,,,0,,,,,,Wellington Region,Nil,2-way,Sealed,,0,0,,50,,Null,0,0,,47,Wellington City,Nil,,,,,0,0,Urban,0,,,Fine,Null
1767937,5443127,2258,,564510,0,0,0,1,0,Null,2008/2009,GIBBONS ST,FERGUSSON DRIVE,,Non-Injury Crash,No,2009,0,South,0,0,0,Flat,1,,0,,0,Overcast,1902900,0,0,0,2,0,0,0,0,0,,0,0,Wellington Region,Nil,2-way,Sealed,0,0,0,0,80,0,Null,0,0,,45,Upper Hutt City,Give way,0,0,0,0,0,0,Open,0,0,0,Fine,Null
1758639,5433752,2259,,570000,0,,0,2,,Null,2008/2009,WAIONE ST,KIRKCALDY ST,,Non-Injury Crash,No,2009,,East,,0,,Flat,,,,,,Overcast,2027100,0,0,0,2,,,0,,,,,,Wellington Region,Nil,2-way,Sealed,,0,0,,50,,Null,0,0,,46,Lower Hutt City,Stop,,,,,0,0,Urban,0,,,Light rain,Strong wind
1763981,5912057,2260,,520500,0,,0,1,,Null,2009/2010,MOUNT WELLINGTON HIGHWAY,VESTEY DRIVE,,Non-Injury Crash,No,2009,,North,,0,,Flat,,,,,,Bright sun,637900,0,0,0,4,,,0,,,,,,Auckland Region,Nil,2-way,Sealed,,0,0,,50,,Off,0,0,,76,Auckland,Nil,,,,,0,0,Urban,1,,,Fine,Null
1745346,5920835,2261,,513301,0,,0,2,,West,2009/2010,SH 16,LINCOLN OBR,,Non-Injury Crash,Yes,2009,,East,,0,,Hill Road,,,,,,Bright sun,231700,0,0,0,3,,,0,,,,,,Auckland Region,Nil,1-way,Sealed,,0,0,,100,,Null,0,0,,76,Auckland,Unknown,,,,,0,0,Open,0,,,Fine,Null
1242687,4849679,2262,,611210,1,,0,1,,Null,2008/2009,ESK ST,KELVIN ST,,Non-Injury Crash,No,2009,,West,,0,,Flat,,,,,,Bright sun,3108800,0,0,0,2,,,0,,,,,,Southland Region,Nil,2-way,Sealed,,0,0,,50,,Null,0,0,,75,Invercargill City,Traffic Signals,,,,,0,0,Urban,0,,,Fine,Null
1747430,5922050,2263,,512202,0,0,0,2,0,South,2009/2010,DURHAM ST,BRENNAN AVENUE,,Non-Injury Crash,No,2009,0,North,0,0,0,Flat,0,,0,,0,Dark,248600,0,0,0,2,0,0,0,0,1,,0,0,Auckland Region,Nil,2-way,Sealed,0,0,0,0,50,0,On,0,0,,76,Auckland,Give way,0,0,0,0,0,0,Urban,0,0,0,Fine,Null