X,Y,OBJECTID,advisorySpeed,areaUnitID,bicycle,bridge,bus,carStationWagon,cliffBank,crashDirectionDescription,crashFinancialYear,crashLocation1,crashLocation2,crashRoadSideRoad,crashSeverity,crashSHDescription,crashYear,debris,directionRoleDescription,ditch,fatalCount,fence,flatHill,guardRail,holiday,houseOrBuilding,intersection,kerb,light,meshblockId,minorInjuryCount,moped,motorcycle,NumberOfLanes,objectThrownOrDropped,otherObject,otherVehicleType,overBank,parkedVehicle,pedestrian,phoneBoxEtc,postOrPole,region,roadCharacter,roadLane,roadSurface,roadworks,schoolBus,seriousInjuryCount,slipOrFlood,speedLimit,strayAnimal,streetLight,suv,taxi,temporarySpeedLimit,tlaId,tlaName,trafficControl,trafficIsland,trafficSign,train,tree,truck,unknownVehicleType,urban,vanOrUtility,vehicle,waterRiver,weatherA,weatherB
1758950,5435900,2264,,569201,0,,0,2,,East,2008/2009,RAILWAY AVENUE,MARSDEN ST,,Non-Injury Crash,No,2009,,East,,0,,Flat,,,,,,Bright sun,1925300,0,0,0,2,,,0,,,,,,Wellington Region,Bridge,2-way,Sealed,,0,0,,50,,Null,0,0,,46,Lower Hutt City,Nil,,,,,0,0,Urban,0,,,Fine,Null
1759107,5906669,2265,,524200,0,,0,2,,West,2009/2010,KIRKBRIDE ROAD,GEORGE BOLT MEMORIAL DRIV,,Non-Injury Crash,No,2009,,West,,0,,Flat,,,,,,Overcast,726400,0,0,0,4,,,0,,,,,,Auckland Region,Nil,2-way,Sealed,,0,0,,50,,Null,0,0,,76,Auckland,Unknown,,,,,0,0,Urban,0,,,Light rain,Null
1756400,5920177,2266,,514000,0,,0,2,,South,2009/2010,SH 1N,WELLINGTON ON NBD,,Non-Injury Crash,Yes,2009,,North,,0,,Flat,,,,,,Dark,416800,0,0,0,3,,,0,,,,,,Auckland Region,Nil,1-way,Sealed,,0,0,,80,,On,0,0,,76,Auckland,Nil,,,,,0,0,Open,0,,,Heavy rain,Null
1759729,5920471,2267,,515902,0,,0,2,,East,2009/2010,TAMAKI DRIVE,SOLENT ST,,Non-Injury Crash,No,2009,,East,,0,,Flat,,,,,,Bright sun,454800,0,0,0,4,,,0,,,,,,Auckland Region,Nil,2-way,Sealed,,0,0,,50,,Off,0,0,,76,Auckland,Nil,,,,,0,0,Urban,0,,,Fine,Null
1670340,6115331,2268,,500401,0,,0,2,,Null,2008/2009,TURNER ST,CEMETERY ROAD,,Non-Injury Crash,No,2009,,North,,0,,Hill Road,,,,,,Bright sun,18900,0,0,0,2,,,0,,,,,,Northland Region,Nil,2-way,Sealed,,0,0,,50,,None,0,0,,1,Far North District,Nil,,,,,0,0,Urban,0,,,Fine,Null
1773459,5577623,2269,,556700,0,,0,1,,East,2009/2010,PURNELL ST,SH 3,,Non-Injury Crash,No,2009,,East,,0,,Flat,,,,,,Overcast,1722000,0,0,0,2,,,0,,,,,,Manawatū-Whanganui Region,Nil,2-way,Sealed,,0,0,,50,,Null,0,0,,37,Whanganui District,Nil,,,,,0,0,Urban,1,,,Fine,Null
1692333,5676348,2270,,551800,0,,0,2,,Null,2009/2010,SH 44,DAWSON ST,,Non-Injury Crash,Yes,2009,,East,,0,,Flat,,,,,,Bright sun,1590800,0,0,0,2,,,0,,,,,,Taranaki Region,Nil,2-way,Sealed,,0,0,,50,,Null,0,0,,33,New Plymouth District,Traffic Signals,,,,,0,0,Urban,0,,,Fine,Null
1751800,5930936,2271,,508807,0,0,0,0,0,North,2009/2010,ALBANY HIGHWAY,BUSH ROAD,,Non-Injury Crash,No,2009,0,West,0,0,0,Hill Road,1,,0,,0,Bright sun,180301,0,0,0,4,0,0,0,0,0,,0,0,Auckland Region,Nil,2-way,Sealed,0,0,0,0,50,0,Off,0,0,,76,Auckland,Nil,0,0,0,0,1,0,Urban,0,0,0,Fine,Null
1824386,5531992,2272,,562200,0,0,0,1,0,North,2008/2009,KAIMANAWA ST,FORBES PLACE,,Non-Injury Crash,No,2009,0,North,0,0,0,Flat,0,,0,,1,Dark,1839102,0,0,0,2,0,0,0,0,0,,0,0,Manawatū-Whanganui Region,Nil,2-way,Sealed,0,0,0,0,50,0,On,0,0,,40,Palmerston North City,Nil,0,0,0,0,0,0,Urban,0,0,0,Fine,Null
1761835,5914717,2273,,520201,0,,0,2,,Null,2009/2010,ELLERSLIE-PANMURE HIGHWAY,MAIN HIGHWAY N,,Non-Injury Crash,No,2009,,North,,0,,Flat,,,,,,Bright sun,611400,0,0,0,4,,,0,,,,,,Auckland Region,Nil,2-way,Sealed,,0,0,,50,,Off,0,0,,76,Auckland,Traffic Signals,,,,,0,0,Urban,0,,,Fine,Null
1752931,5946913,2274,,505808,0,0,0,1,0,East,2009/2010,WHANGAPARAOA ROAD,MARELLEN DRIVE,,Non-Injury Crash,No,2009,0,West,0,0,0,Hill Road,1,,0,,0,Overcast,173111,0,0,0,4,0,0,0,0,0,,0,0,Auckland Region,Nil,2-way,Sealed,0,0,0,0,60,0,Off,0,0,,76,Auckland,Nil,0,0,0,0,0,0,Urban,0,0,0,Light rain,Null
1771062,5903862,2275,45,523819,0,0,0,1,0,West,2008/2009,REDOUBT ROAD,MILL ROAD,,Non-Injury Crash,No,2009,0,West,0,0,1,Hill Road,0,,0,,0,Overcast,760500,0,0,0,2,0,0,0,0,0,,0,0,Auckland Region,Nil,2-way,Sealed,0,0,0,0,60,0,Off,0,0,,76,Auckland,Nil,0,0,0,0,0,0,Urban,0,0,0,Light rain,Null
1916516,5591470,2276,,545851,0,0,0,1,0,North,2008/2009,SH 2,BURMA ROAD,,Non-Injury Crash,Yes,2009,0,South,1,0,0,Flat,0,,0,,0,Bright sun,1464200,0,0,0,2,0,0,0,0,0,,0,0,Hawke's Bay Region,Nil,2-way,Sealed,0,0,0,0,100,0,Null,0,0,,30,Hastings District,Nil,0,0,0,0,0,0,Open,0,0,0,Fine,Null
1774784,5896531,2277,,525610,0,0,0,2,0,West,2009/2010,SHEEHAN AVENUE,DOMINION ROAD,,Non-Injury Crash,No,2009,0,South,0,0,0,Flat,0,,0,,1,Overcast,800000,0,0,0,1,0,0,0,0,1,,0,0,Auckland Region,Nil,2-way,Sealed,0,0,0,0,50,0,Off,0,0,,76,Auckland,Nil,0,0,0,0,0,0,Urban,0,0,0,Light rain,Null
1755170,5917357,2278,,517701,0,0,0,2,0,South,2009/2010,SANDRINGHAM ROAD,ROYAL TERRACE,,Non-Injury Crash,No,2009,0,South,0,0,0,Flat,0,,0,,0,Overcast,536500,0,0,0,2,0,0,0,0,1,,0,0,Auckland Region,Nil,2-way,Sealed,0,0,0,0,50,0,Off,0,0,,76,Auckland,Nil,0,0,0,0,0,0,Urban,0,0,0,Light rain,Null
1823378,5901138,2279,,533603,0,,0,1,,North,2009/2010,SH 25,TROTTER AVENUE,,Non-Injury Crash,Yes,2009,,South,,0,,Flat,,,,,,Bright sun,1056404,0,0,0,2,,,0,,,,,,Waikato Region,Nil,2-way,Sealed,,0,0,,100,,Null,0,0,,11,Thames-Coromandel District,Unknown,,,,,1,0,Open,0,,,Fine,Null
1747481,5914715,2280,,511100,0,,0,1,,Null,2009/2010,GREAT NORTH ROAD,SABULITE ROAD,,Non-Injury Crash,No,2009,,West,,0,,Hill Road,,,,,,Overcast,284800,0,0,0,4,,,0,,,,,,Auckland Region,Nil,2-way,Sealed,,0,0,,50,,Off,0,0,,76,Auckland,Traffic Signals,,,,,0,0,Urban,1,,,Light rain,Null
1755755,5922620,2281,,509800,0,,0,2,,North,2009/2010,SH 1N,SHELLY OFF SBD,,Non-Injury Crash,Yes,2009,,South,,0,,Flat,,,,,,Bright sun,359300,0,0,0,2,,,0,,,,,,,Bridge,1-way,Sealed,,0,0,,80,,Off,0,0,,76,Auckland,Nil,,,,,0,0,Open,0,,,Fine,Null
1867006,5713517,2282,40,541720,0,,0,2,,South,2009/2010,TONGARIRO ST,HOROMATANGI ST,,Non-Injury Crash,No,2009,,South,,0,,Flat,,,,,,Overcast,1275500,0,0,0,2,,,0,,,,,,Waikato Region,Nil,2-way,Sealed,,0,0,,50,,Off,0,0,,21,Taupo District,Give way,,,,,0,0,Urban,0,,,Light rain,Null
1764814,5903682,2283,,524604,0,,0,1,,Null,2009/2010,ROSCOMMON ROAD,SH 20 WIRI,,Non-Injury Crash,No,2009,,South,,0,,Flat,,,,,,Bright sun,781200,0,0,0,3,,,0,,,,,,Auckland Region,Nil,2-way,Sealed,,0,0,,50,,Null,0,0,,76,Auckland,Traffic Signals,,,,,0,0,Urban,1,,,Fine,Null
1822875,5463616,2284,,578700,0,,0,2,,Null,2009/2010,POWNALL ST,ESSEX ST,,Non-Injury Crash,No,2009,,North,,0,,Flat,,,,,,Bright sun,2236500,0,0,0,2,,,0,,,,,,Wellington Region,Nil,2-way,Sealed,,0,0,,50,,Null,0,0,,48,Masterton District,Give way,,,,,0,0,Urban,0,,,Fine,Null
1754825,5444639,2285,,570800,0,,0,1,,Null,2008/2009,SH 1N,MUNGAVIN ON NBD,,Non-Injury Crash,Yes,2009,,North,,0,,Flat,,,,,,Bright sun,2051001,0,0,1,2,,,0,,,,,,Wellington Region,Nil,2-way,Sealed,,0,0,,100,,Null,0,0,70,44,Porirua City,Nil,,,,,0,0,Open,0,,,Fine,Null
1691976,5675905,2286,,551900,0,,0,2,,Null,2008/2009,SH 45 DEVON,MORLEY ST,,Non-Injury Crash,Yes,2009,,East,,0,,Flat,,,,,,Overcast,1588900,0,0,0,2,,,0,,,,,,Taranaki Region,Nil,2-way,Sealed,,0,0,,50,,Null,0,0,,33,New Plymouth District,Traffic Signals,,,,,0,0,Urban,0,,,Light rain,Null
1823728,5463294,2287,,578600,0,,0,2,,East,2009/2010,JACKSON ST,SH 2,,Non-Injury Crash,No,2009,,East,,0,,Flat,,,,,,Overcast,2242900,0,0,0,2,,,0,,,,,,Wellington Region,Nil,2-way,Sealed,,0,0,,50,,Null,0,0,,48,Masterton District,Nil,,,,,0,0,Urban,0,,,Fine,Null
1757589,5920741,2288,,514103,0,0,1,1,0,Null,2008/2009,FORT ST,COMMERCE ST,,Non-Injury Crash,No,2009,0,West,0,0,0,Flat,0,,0,,0,Dark,438106,0,0,0,2,0,0,0,0,0,,0,0,Auckland Region,Nil,2-way,Sealed,0,0,0,0,50,0,On,0,0,,76,Auckland,Give way,0,0,0,0,0,0,Urban,0,1,0,Light rain,Null
1624551,5430739,2289,,582900,0,0,0,2,0,North,2008/2009,DOMETT ST,HARDY ST,,Non-Injury Crash,No,2009,0,North,0,0,0,Flat,0,,0,,0,Bright sun,2323200,0,0,0,2,0,0,0,0,1,,0,0,Nelson Region,Nil,2-way,Sealed,0,0,0,0,50,0,Null,0,0,,52,Nelson City,Nil,0,0,0,0,0,0,Urban,0,0,0,Fine,Null
1936373,5621175,2290,,546901,0,,0,1,,West,2009/2010,TENNYSON ST,STATION ST,,Non-Injury Crash,No,2009,,West,,0,,Flat,,,,,,Overcast,1429500,0,0,0,2,,,0,,,,,,Hawke's Bay Region,Nil,2-way,Sealed,,0,0,,50,,Null,1,0,,31,Napier City,Traffic Signals,,,,,0,0,Urban,0,,,Fine,Null
1756578,5434491,2291,,569900,0,,0,1,,Null,2009/2010,THE ESPLANADE,TE PUNI ST,,Non-Injury Crash,No,2009,,East,,0,,Flat,,,,,,Bright sun,2034000,0,0,0,2,,,0,,,,,,Wellington Region,Nil,2-way,Sealed,,0,0,,50,,Null,0,0,,46,Lower Hutt City,Give way,,,,,1,0,Urban,0,,,Fine,Null
1770728,5904950,2292,,523712,0,0,0,1,0,West,2009/2010,THOMAS ROAD,MURPHYS ROAD,,Non-Injury Crash,No,2009,0,West,1,0,1,Hill Road,0,,0,,0,Dark,713300,0,0,0,2,0,0,0,0,0,,0,0,Auckland Region,Nil,2-way,Sealed,0,0,0,0,80,0,None,0,0,,76,Auckland,Nil,0,0,0,0,0,0,Open,0,0,0,Fine,Null
1768129,5472681,2293,,565901,0,0,0,2,0,Null,2008/2009,TE KUPE ROAD,OLIVE TERRACE,,Non-Injury Crash,No,2009,0,West,0,0,1,Flat,0,,0,,0,Dark,2001403,0,0,0,2,0,0,0,0,0,,0,0,Wellington Region,Nil,2-way,Sealed,0,0,0,0,50,0,On,0,0,,43,Kapiti Coast District,Nil,0,0,0,0,0,0,Urban,0,0,0,Fine,Null
1549225,5173540,2294,,587904,0,0,0,1,0,West,2008/2009,WARDS ROAD,TWO CHAIN ROAD,,Non-Injury Crash,No,2009,0,East,0,0,1,Flat,0,,0,,0,Dark,2493701,0,0,0,2,0,0,0,0,0,,0,1,Canterbury Region,Nil,2-way,Sealed,0,0,0,0,100,0,None,0,0,,62,Selwyn District,Unknown,0,0,0,0,0,0,Open,0,0,0,Fine,Null
1692993,5676363,2295,,551800,0,,0,1,,Null,2008/2009,Z CPK,HAYTON LANE,,Non-Injury Crash,No,2009,,North,,0,,Flat,,,,,,Bright sun,1592500,0,0,0,2,,,0,,,,,,Taranaki Region,Nil,Off road,Sealed,,0,0,,50,,Null,0,0,,33,New Plymouth District,Nil,,,,,0,0,Urban,1,,,Fine,Null
1764819,5906372,2296,,522201,0,0,0,1,0,East,2009/2010,CORONATION ROAD,COATES ROAD,,Non-Injury Crash,No,2009,0,West,0,0,0,Flat,0,,0,,0,Overcast,662100,0,0,0,2,0,0,0,0,0,,0,1,Auckland Region,Nil,2-way,Sealed,0,0,0,0,50,0,Off,0,0,,76,Auckland,Nil,0,0,0,0,0,0,Urban,0,0,0,Light rain,Null
1293190,5043201,2297,,608800,0,,0,2,,Null,2008/2009,WANAKA-MOUNT ASPIRING ROA,MCDOUGALL ST,,Non-Injury Crash,No,2009,,North,,0,,Flat,,Christmas New Year,,,,Overcast,3036400,0,0,0,2,,,0,,,,,,Otago Region,Nil,2-way,Sealed,,0,0,,50,,Null,0,0,,70,Queenstown-Lakes District,Give way,,,,,0,0,Urban,0,,,Fine,Null
1746710,5918806,2298,,512401,0,,0,3,,West,2009/2010,EDMONTON ROAD,TE ATATU ROAD,,Non-Injury Crash,No,2009,,West,,0,,Hill Road,,,,,,Bright sun,255600,0,0,0,3,,,0,,,,,,Auckland Region,Nil,2-way,Sealed,,0,0,,50,,Off,0,0,,76,Auckland,Nil,,,,,0,0,Urban,0,,,Fine,Null
1711358,5634509,2299,,553601,0,0,0,0,0,Null,2009/2010,LONDON ST,RAILWAY ST,,Non-Injury Crash,No,2009,0,West,0,0,0,Flat,0,,0,,0,Dark,1635400,0,0,0,2,0,0,0,0,0,,0,0,Taranaki Region,Rail xing,2-way,Sealed,0,0,0,0,50,0,On,0,0,,35,South Taranaki District,Traffic Signals,0,0,1,0,0,0,Urban,1,0,0,Light rain,Null
1753723,5928289,2300,,508210,0,,0,1,,North,2009/2010,GLENFIELD ROAD,CAMELOT PLACE,,Non-Injury Crash,No,2009,,South,,0,,Hill Road,,,,,,Bright sun,186301,0,0,0,4,,,0,,,1,,,Auckland Region,Nil,2-way,Sealed,,0,0,,50,,Off,0,0,,76,Auckland,Nil,,,,,0,0,Urban,0,,,Fine,Null
1768393,5469522,2301,,566000,0,,0,1,,South,2009/2010,KAPITI ROAD,MILNE DRIVE,,Non-Injury Crash,No,2009,,East,,0,,Flat,,,,,,Overcast,1999801,0,0,0,2,,,0,,,,,,Wellington Region,Nil,2-way,Sealed,,0,0,,50,,Null,1,0,,43,Kapiti Coast District,Nil,,,,,0,0,Urban,0,,,Fine,Null
1568635,5184476,2302,,591800,0,0,0,1,0,South,2009/2010,MAIN NORTH ROAD,GRASSMERE ST,,Non-Injury Crash,No,2009,0,North,0,0,1,Flat,0,,0,,0,Dark,2665000,0,0,0,2,0,0,0,0,0,,0,0,Canterbury Region,Nil,2-way,Sealed,0,0,0,0,50,0,On,0,0,,60,Christchurch City,Unknown,1,0,0,0,0,0,Urban,0,0,0,Fine,Null
1450111,5293781,2303,,584912,0,,0,1,,Null,2009/2010,SH 6,JACKS ROAD,,Non-Injury Crash,Yes,2009,,South,,0,,Flat,,,,,,Overcast,2413600,0,0,0,2,,,0,,,,,,West Coast Region,Nil,2-way,Sealed,,0,0,,70,,Null,0,0,,56,Grey District,Give way,,,,,0,0,Urban,1,,,Light rain,Null
1821395,5529714,2304,,562800,0,,0,2,,Null,2009/2010,WALDING ST,TAONUI ST,,Non-Injury Crash,No,2009,,North,,0,,Flat,,,,,,Overcast,1831000,0,0,0,2,,,0,,,,,,Manawatū-Whanganui Region,Nil,2-way,Sealed,,0,0,,50,,Null,0,0,,40,Palmerston North City,Stop,,,,,0,0,Urban,0,,,Light rain,Null
1817469,5527105,2305,,562921,0,0,0,1,0,Null,2009/2010,SH 56,LONGBURN RONGOTEA ROAD,,Non-Injury Crash,Yes,2009,0,West,1,0,0,Flat,0,,0,,0,Bright sun,1793900,0,0,0,2,0,0,0,0,0,,0,0,Manawatū-Whanganui Region,Nil,2-way,Sealed,0,0,0,0,50,0,Null,0,0,,40,Palmerston North City,Give way,0,0,0,0,0,0,Urban,0,0,0,Fine,Null
1576795,5167955,2306,,596502,0,0,0,1,0,North,2008/2009,MARINE DRIVE,ANDERSONS ROAD,,Non-Injury Crash,No,2009,0,North,1,0,0,Flat,0,,0,,0,Overcast,2711900,0,0,0,2,0,0,0,0,0,,0,0,Canterbury Region,Nil,2-way,Sealed,0,0,0,0,50,0,Null,0,0,,60,Christchurch City,Unknown,0,0,0,0,0,0,Urban,0,0,0,Light rain,Null
1749051,5427473,2307,,573101,0,,0,2,,Null,2009/2010,CABLE ST,TARANAKI ST,,Non-Injury Crash,No,2009,,East,,0,,Flat,,,,,,Dark,2133100,0,0,0,2,,,0,,,,,,Wellington Region,Nil,2-way,Sealed,,0,0,,50,,On,0,0,,47,Wellington City,Traffic Signals,,,,,0,0,Urban,0,,,Heavy rain,Null
1716816,5613336,2308,,554120,0,,0,1,,North,2009/2010,SH 3,MOKOIA ROAD,,Non-Injury Crash,Yes,2009,,South,,0,,Hill Road,,,,,,Bright sun,1650600,0,0,0,2,,,0,,,,,,Taranaki Region,Nil,2-way,Sealed,,0,0,,100,,Null,0,0,,35,South Taranaki District,Nil,,,,,0,0,Open,1,,,Fine,Null
1762685,5437301,2309,,568301,0,0,0,1,0,Null,2008/2009,DAYSH ST,HARRISON CRESCENT,,Non-Injury Crash,No,2009,0,West,0,0,0,Flat,0,,0,,1,Dark,1948400,0,1,0,2,0,0,0,0,0,,0,0,Wellington Region,Nil,2-way,Sealed,0,0,0,0,50,0,On,0,0,,46,Lower Hutt City,Give way,0,0,0,0,0,0,Urban,0,0,0,Heavy rain,Null
1710205,5616939,2310,,554020,0,,0,2,,South,2008/2009,PRINCES ST,HIGH ST,,Non-Injury Crash,No,2009,,North,,0,,Flat,,,,,,Overcast,1643900,0,0,0,2,,,0,,,,,,Taranaki Region,Nil,2-way,Sealed,,0,0,,50,,Null,0,0,,35,South Taranaki District,Nil,,,,,0,0,Urban,0,,,Fine,Null
1569950,5180759,2311,,591600,0,,0,1,,Null,2008/2009,PARK TERRACE,PETERBOROUGH ST,,Non-Injury Crash,No,2009,,South,,0,,Flat,,,,,,Overcast,2677000,0,0,0,3,,,0,,,,,,Canterbury Region,Nil,2-way,Sealed,,0,0,,50,,Null,0,0,,60,Christchurch City,Nil,,,,,0,0,Urban,1,,,Fine,Null
1933695,5601149,2312,,548832,0,0,0,1,0,West,2009/2010,GREENWOOD ROAD,MCHARDY ST,,Non-Injury Crash,No,2009,0,North,0,0,1,Flat,0,,0,,0,Dark,1508700,0,0,0,2,0,0,0,1,0,,0,1,Hawke's Bay Region,Nil,2-way,Sealed,0,0,0,0,50,0,On,0,0,,30,Hastings District,Nil,0,0,0,1,0,0,Urban,0,0,0,Fine,Null
1757447,5446465,2313,,571600,0,0,0,1,0,Null,2009/2010,CONCLUSION ST,DESERT GOLD ST,,Non-Injury Crash,No,2009,0,North,0,0,1,Flat,0,,0,,0,Twilight,2057504,0,0,0,2,0,0,0,0,0,,0,0,Wellington Region,Nil,2-way,Sealed,0,0,0,0,50,0,Off,0,0,,44,Porirua City,Nil,0,0,0,0,0,0,Urban,0,0,0,Fine,Null
1556210,5363212,2314,,581842,0,,0,0,,South,2009/2010,TUTAKI ROAD SOUTH,MANGLES VALLEY ROAD,,Non-Injury Crash,No,2009,,South,,0,,Hill Road,,,,,,Bright sun,2382700,0,0,0,2,,,0,,,,,,Tasman Region,Nil,2-way,Unsealed,,0,0,,100,,Null,2,0,,51,Tasman District,Nil,,,,,0,0,Open,0,,,Fine,Frost
1928508,5607214,2315,,547800,0,,0,2,,Null,2008/2009,NOTTINGLEY ROAD,FRIMLEY ROAD,,Non-Injury Crash,No,2009,,West,,0,,Flat,,,,,,Bright sun,1476900,0,0,0,2,,,0,,,,,,Hawke's Bay Region,Nil,2-way,Sealed,,0,0,,50,,Null,0,0,,30,Hastings District,Give way,,,,,0,0,Urban,0,,,Fine,Null
1824291,5463605,2316,,578600,0,,0,2,,Null,2009/2010,QUEEN ST,BRUCE ST,,Non-Injury Crash,No,2009,,South,,0,,Flat,,,,,,Twilight,2244900,0,0,0,2,,,0,,,,,,Wellington Region,Nil,2-way,Sealed,,0,0,,50,,Off,0,0,,48,Masterton District,Give way,,,,,0,0,Urban,0,,,Light rain,Null
1748116,5885568,2317,,521151,0,0,0,0,0,South,2009/2010,LEES GULLY ROAD,PONSFORD ROAD,,Non-Injury Crash,No,2009,0,North,1,0,0,Hill Road,0,,0,,0,Twilight,830500,0,0,0,2,0,0,0,0,0,,0,0,Auckland Region,Nil,2-way,Sealed,0,0,0,0,100,0,Off,0,0,,76,Auckland,Nil,0,0,0,0,0,0,Open,1,0,0,Light rain,Null
1932564,5618517,2318,,547002,0,0,0,1,0,East,2008/2009,ROBINSON CRESCENT,MARTIN ST,,Non-Injury Crash,No,2009,0,South,0,0,1,Flat,0,,0,,0,Twilight,1453400,0,0,0,2,0,0,0,0,0,,0,0,Hawke's Bay Region,Nil,2-way,Sealed,0,0,0,0,50,0,Off,0,0,,31,Napier City,Nil,0,0,0,0,0,0,Urban,0,0,0,Mist or Fog,Null
1755831,5935595,2319,,507101,0,0,0,1,0,West,2009/2010,BEACH ROAD,BAYVIEW ROAD,,Non-Injury Crash,No,2009,0,South,0,0,0,Hill Road,0,Christmas New Year,0,,0,Dark,162502,0,0,0,2,0,0,0,0,0,,0,0,Auckland Region,Nil,2-way,Sealed,0,0,0,0,50,0,On,0,0,,76,Auckland,Nil,0,0,0,1,0,0,Urban,0,0,0,Light rain,Null
1765894,5904394,2320,,524603,0,,0,2,,Null,2009/2010,CAVENDISH DRIVE,PLUNKET AVENUE,,Non-Injury Crash,No,2009,,North,,0,,Flat,,,,,,Bright sun,674700,0,0,0,2,,,0,,,,,,Auckland Region,Nil,2-way,Sealed,,0,0,,50,,Off,0,0,,76,Auckland,Traffic Signals,,,,,0,0,Urban,0,,,Fine,Null
1777038,5466633,2321,,566302,0,0,0,0,0,South,2008/2009,AKATARAWA ROAD,RATADALE ROAD,,Non-Injury Crash,No,2009,0,North,0,0,0,Hill Road,0,,0,,0,Overcast,1998600,0,0,0,2,0,0,0,0,0,,0,0,Wellington Region,Nil,2-way,Sealed,0,0,0,0,70,0,Null,1,0,,43,Kapiti Coast District,Nil,0,0,0,1,0,0,Urban,1,0,0,Heavy rain,Strong wind
1757786,5435414,2322,,569202,0,,0,2,,Null,2008/2009,HUTT ROAD,WAKEFIELD ST,,Non-Injury Crash,No,2009,,North,,0,,Flat,,,,,,Bright sun,1923100,0,0,0,2,,,0,,,,,,Wellington Region,Nil,2-way,Sealed,,0,0,,50,,Null,0,0,,46,Lower Hutt City,Give way,,,,,0,0,Urban,0,,,Fine,Null
1749244,5427261,2323,,573101,0,,0,2,,West,2008/2009,WAKEFIELD ST,ALLEN ST,,Non-Injury Crash,No,2009,,West,,0,,Flat,,,,,,Dark,2135400,0,0,0,2,,,0,,,,,,Wellington Region,Nil,2-way,Sealed,,0,0,,50,,On,0,0,,47,Wellington City,Nil,,,,,0,0,Urban,0,,,Fine,Null
1746978,5916108,2324,,511601,0,0,0,1,0,South,2009/2010,THORNLOW ST,KIRBY ST,,Non-Injury Crash,No,2009,0,West,0,0,0,Flat,0,,0,,0,Dark,275000,0,0,0,2,0,0,0,0,1,,0,0,Auckland Region,Nil,2-way,Sealed,0,0,0,0,50,0,On,0,0,,76,Auckland,Unknown,0,0,0,0,0,0,Urban,1,0,0,Light rain,Null
1809435,5554464,2325,,560422,0,0,0,1,0,East,2009/2010,HALCOMBE ROAD,MINGAROA ROAD,,Non-Injury Crash,No,2009,1,East,1,0,0,Flat,0,,0,,0,Dark,1762400,0,0,0,2,0,0,0,0,0,,0,0,Manawatū-Whanganui Region,Nil,2-way,Sealed,0,0,0,0,100,0,None,0,0,,39,Manawatu District,Nil,0,0,0,0,1,0,Open,0,0,0,Fine,Null
1599546,5446971,2326,,584301,0,0,0,1,0,North,2009/2010,QUEEN VICTORIA ST,HAU ROAD,,Non-Injury Crash,No,2009,0,South,0,0,1,Flat,0,,0,,0,Dark,2379800,0,0,0,2,0,0,0,0,0,,0,0,Tasman Region,Nil,2-way,Sealed,0,0,0,0,50,0,On,1,0,,51,Tasman District,Nil,0,0,0,0,0,0,Urban,0,0,0,Fine,Null
1821748,5529911,2327,,562800,0,,0,1,,West,2008/2009,SH 3,NGATA ST,,Non-Injury Crash,Yes,2009,,West,,0,,Flat,,,,,,Bright sun,1830900,0,0,0,3,,,0,,,,,,Manawatū-Whanganui Region,Nil,2-way,Sealed,,0,0,,50,,Null,0,0,,40,Palmerston North City,Nil,,,,,1,0,Urban,0,,,Fine,Null
1806957,5651112,2328,45,532601,0,,0,1,,Null,2008/2009,SH 4,MAKATOTE BR,,Non-Injury Crash,Yes,2009,,South,,0,,Hill Road,,,,,,Twilight,1025400,0,0,0,2,,,0,,,,,,Manawatū-Whanganui Region,Nil,2-way,Sealed,,0,0,,100,,None,0,0,,36,Ruapehu District,Nil,,,,,0,0,Open,1,,,Light rain,Null
1822719,5531240,2329,,562401,0,,0,2,,North,2009/2010,RUAHINE ST,TERRACE ST,,Non-Injury Crash,No,2009,,North,,0,,Flat,,,,,,Overcast,1834100,0,0,0,2,,,0,,,,,,Manawatū-Whanganui Region,Nil,2-way,Sealed,,0,0,,50,,Null,0,0,,40,Palmerston North City,Nil,,,,,0,0,Urban,0,,,Light rain,Null
1822769,5528024,2330,,563102,0,,0,1,,South,2008/2009,COLLINGWOOD ST,JICKELL ST,,Non-Injury Crash,No,2009,,South,,0,,Flat,,,,,,Dark,1813300,0,0,0,2,,,0,,,,,,Manawatū-Whanganui Region,Nil,2-way,Sealed,,0,0,,50,,On,0,0,,40,Palmerston North City,Nil,,,,,1,0,Urban,0,,,Fine,Null
1749403,5941485,2331,,506300,0,0,0,1,0,North,2009/2010,EAST COAST ROAD,WORSNOP WAY,,Non-Injury Crash,No,2009,0,South,1,0,0,Hill Road,0,,0,,0,Dark,175902,0,0,0,2,0,0,0,0,0,,0,0,Auckland Region,Nil,2-way,Sealed,0,0,0,0,100,0,None,0,0,,76,Auckland,Nil,0,0,0,0,0,0,Open,0,0,0,Light rain,Null
1748697,5429207,2332,,572900,0,,0,2,,Null,2009/2010,HAWKESTONE OFF SBD,HAWKESTONE ST,,Non-Injury Crash,Yes,2009,,South,,0,,Flat,,,,,,Overcast,2119500,0,0,0,2,,,0,,,,,,Wellington Region,Nil,2-way,Sealed,,0,0,,50,,Null,0,0,,47,Wellington City,Give way,,,,,0,0,Urban,0,,,Fine,Null