X,Y,OBJECTID,advisorySpeed,areaUnitID,bicycle,bridge,bus,carStationWagon,cliffBank,crashDirectionDescription,crashFinancialYear,crashLocation1,crashLocation2,crashRoadSideRoad,crashSeverity,crashSHDescription,crashYear,debris,directionRoleDescription,ditch,fatalCount,fence,flatHill,guardRail,holiday,houseOrBuilding,intersection,kerb,light,meshblockId,minorInjuryCount,moped,motorcycle,NumberOfLanes,objectThrownOrDropped,otherObject,otherVehicleType,overBank,parkedVehicle,pedestrian,phoneBoxEtc,postOrPole,region,roadCharacter,roadLane,roadSurface,roadworks,schoolBus,seriousInjuryCount,slipOrFlood,speedLimit,strayAnimal,streetLight,suv,taxi,temporarySpeedLimit,tlaId,tlaName,trafficControl,trafficIsland,trafficSign,train,tree,truck,unknownVehicleType,urban,vanOrUtility,vehicle,waterRiver,weatherA,weatherB
1923694,5608137,2333,,548611,0,0,0,1,0,Null,2009/2010,FLAXMERE AVENUE,RAMSEY CRESCENT,,Non-Injury Crash,No,2009,0,North,0,0,1,Flat,0,,0,,0,Overcast,1470314,0,0,0,2,0,0,0,0,0,,0,0,Hawke's Bay Region,Nil,2-way,Sealed,0,0,0,0,50,0,Null,0,0,,30,Hastings District,Give way,0,0,0,0,0,0,Urban,0,0,0,Fine,Null
1756813,5919469,2334,,514102,0,,0,2,,Null,2009/2010,KARANGAHAPE ROAD,PITT ST,,Non-Injury Crash,No,2009,,East,,0,,Flat,,,,,,Dark,435700,0,0,0,3,,,0,,,,,,Auckland Region,Nil,2-way,Sealed,,0,0,,50,,On,0,0,,76,Auckland,Traffic Signals,,,,,0,0,Urban,0,,,Light rain,Null
1869890,5713169,2335,,541730,0,,0,0,,West,2009/2010,MATAI ST,MIRO ST S,,Non-Injury Crash,No,2009,,South,,0,,Flat,,,,,,Overcast,1270600,0,0,0,2,,,0,,,,,,Waikato Region,Nil,2-way,Sealed,,0,0,,50,,Null,0,0,,21,Taupo District,Unknown,,,,,0,0,Urban,2,,,Light rain,Null
1732350,6030838,2336,,501806,0,,0,2,,Null,2009/2010,MARSDEN POINT ROAD,MCEWAN ROAD,,Non-Injury Crash,No,2009,,South,,0,,Flat,,,,,,Overcast,79102,0,0,0,2,,,0,,,,,,Northland Region,Nil,2-way,Sealed,,0,0,,100,,Off,0,0,,2,Whangarei District,Give way,,,,,0,0,Open,0,,,Light rain,Null
1756952,5920648,2337,,514102,0,,0,2,,North,2009/2010,NELSON ST,VOGEL LANE,,Non-Injury Crash,No,2009,,South,,0,,Hill Road,,,,,,Bright sun,433307,0,0,0,4,,,0,,,,,,Auckland Region,Nil,1-way,Sealed,,0,0,,50,,Off,0,0,,76,Auckland,Traffic Signals,,,,,0,0,Urban,0,,,Fine,Null
1757036,5448382,2338,,572000,0,,0,2,,Null,2009/2010,SH 1N,MARINA VIEW,,Non-Injury Crash,Yes,2009,,North,,0,,Flat,,,,,,Overcast,2069801,0,0,0,4,,,0,,,,,,Wellington Region,Nil,2-way,Sealed,,0,0,,50,,On,0,0,,44,Porirua City,Give way,,,,,0,0,Urban,0,,,Fine,Null
1804777,5814970,2339,,530600,0,,0,1,,South,2009/2010,SILVERDALE ROAD,CARRINGTON AVENUE,,Non-Injury Crash,No,2009,,South,,0,,Flat,,,,,,Overcast,886000,0,0,0,2,,,0,,,1,,,Waikato Region,Nil,2-way,Sealed,,0,0,,50,,Off,0,0,,16,Hamilton City,Nil,,,,,0,0,Urban,0,,,Fine,Null
1802951,5800370,2340,,527600,0,,0,2,,North,2009/2010,SH 3,RANBY ROAD,,Non-Injury Crash,Yes,2009,,South,,0,,Flat,,,,,,Bright sun,985901,0,0,0,2,,,0,,,,,,Waikato Region,Nil,2-way,Sealed,,0,0,,50,,Off,0,0,,17,Waipa District,Nil,,,,,0,0,Urban,0,,,Fine,Null
1883781,5775089,2341,,540200,0,,0,1,,Null,2009/2010,LAKE ROAD,BENNETTS ROAD,,Non-Injury Crash,No,2009,,East,,0,,Flat,,,,,,Overcast,1223302,0,0,0,2,,,0,,,,,,Bay of Plenty Region,Nil,2-way,Sealed,,0,0,,50,,Null,0,0,,24,Rotorua District,Stop,,,,,1,0,Urban,0,,,Fine,Null
1765615,5908850,2342,,523402,0,,0,2,,Null,2009/2010,HELLABYS ROAD,HIGHBROOK DRIVE,,Non-Injury Crash,No,2009,,South,,0,,Flat,,,,,,Overcast,696900,0,0,0,2,,,0,,,,,,Auckland Region,Nil,1-way,Sealed,,0,0,,50,,Null,0,0,,76,Auckland,Give way,,,,,0,0,Urban,0,,,Light rain,Null
1767950,5914469,2343,,522820,0,,0,2,,South,2009/2010,FORDYCE AVENUE,SUZETTA PLACE,,Non-Injury Crash,No,2009,,North,,0,,Hill Road,,,,,,Twilight,691500,0,0,0,2,,,0,,,,,,Auckland Region,Nil,2-way,Sealed,,0,0,,50,,Off,0,0,,76,Auckland,Nil,,,,,0,0,Urban,0,,,Fine,Null
1752457,5434388,2344,,574001,0,0,0,2,0,North,2008/2009,NEWLANDS ROAD,BLACK ROCK ROAD,,Non-Injury Crash,No,2009,0,South,0,0,0,Flat,0,,0,,0,Dark,2076100,0,0,0,2,0,0,0,0,1,,0,0,Wellington Region,Nil,2-way,Sealed,0,0,0,0,50,0,On,0,0,,47,Wellington City,Nil,0,0,0,0,0,0,Urban,0,0,0,Fine,Null
1748775,5914479,2345,,511302,0,,0,2,,Null,2009/2010,LYNWOOD ROAD,RIMU ST,,Non-Injury Crash,No,2009,,South,,0,,Flat,,,,,,Unknown,268200,0,0,0,2,,,0,,,,,,Auckland Region,Nil,2-way,Sealed,,0,0,,50,,Off,0,0,,76,Auckland,Stop,,,,,0,0,Urban,0,,,Null,Null
1757503,5920703,2346,,514103,0,0,0,1,0,West,2009/2010,SHORTLAND ST,HIGH ST,,Non-Injury Crash,No,2009,0,East,0,0,0,Hill Road,0,,0,,0,Dark,438102,0,0,0,2,0,0,0,0,1,,0,0,Auckland Region,Nil,2-way,Sealed,0,0,0,0,50,0,On,1,0,,76,Auckland,Nil,0,0,0,0,0,0,Urban,0,0,0,Fine,Null
1753484,5445280,2347,,570700,0,0,0,1,0,South,2008/2009,KOTUKU ST,NGAHUE CRESCENT,,Non-Injury Crash,No,2009,0,South,0,0,0,Flat,0,,0,,0,Bright sun,2036600,0,0,0,2,0,0,0,0,1,,0,0,Wellington Region,Nil,2-way,Sealed,0,0,0,0,50,0,Null,0,0,,44,Porirua City,Nil,0,0,0,0,1,0,Urban,0,0,0,Fine,Null
2035254,5709882,2348,,544300,0,,0,2,,Null,2008/2009,GLADSTONE ROAD,MILL ROAD,,Non-Injury Crash,No,2009,,West,,0,,Flat,,,,,,Bright sun,1367601,0,0,0,2,,,0,,,,,,Gisborne Region,Nil,2-way,Sealed,,0,0,,50,,Null,0,0,,28,Gisborne District,Give way,,,,,0,0,Urban,0,,,Fine,Null
1935868,5619344,2349,,546600,0,,0,1,,Null,2008/2009,NASH ST,NUFFIELD AVENUE,,Non-Injury Crash,No,2009,,West,,0,,Flat,,,,,,Bright sun,1435500,0,0,0,2,,,0,,,,,,Hawke's Bay Region,Nil,2-way,Sealed,,0,0,,50,,Null,0,0,,31,Napier City,Give way,,,,,0,0,Urban,1,,,Fine,Null
1879256,5825390,2350,,538202,0,,0,2,,South,2009/2010,CHAPEL ST,SH 2A,,Non-Injury Crash,No,2009,,North,,0,,Hill Road,,,,,,Bright sun,1163002,0,0,0,4,,,0,,,,,,Bay of Plenty Region,Nil,2-way,Sealed,,0,0,,50,,Off,0,0,,23,Tauranga City,Traffic Signals,,,,,0,0,Urban,0,,,Fine,Null
1754829,5916133,2351,,517703,0,,0,2,,North,2009/2010,SANDRINGHAM ROAD,MARS AVENUE,,Non-Injury Crash,No,2009,,North,,0,,Flat,,,,,,Dark,537800,0,0,0,2,,,0,,,,,,Auckland Region,Nil,2-way,Sealed,,0,0,,50,,On,0,0,,76,Auckland,Unknown,,,,,0,0,Urban,0,,,Fine,Null
1748149,5421773,2352,,576001,0,,0,1,,Null,2009/2010,THE PARADE,TRENT ST,,Non-Injury Crash,No,2009,,South,,0,,Flat,,,,,,Overcast,2189300,0,0,0,2,,,0,,,,,,Wellington Region,Nil,2-way,Sealed,,0,0,,50,,Null,0,0,,47,Wellington City,Nil,,,,,0,0,Urban,1,,,Fine,Null
1769433,5909669,2353,,523113,0,0,0,1,0,Null,2009/2010,REDCASTLE DRIVE,BELCOO CRESCENT,,Non-Injury Crash,No,2009,0,South,0,0,0,Flat,0,,0,,0,Bright sun,711814,0,0,0,2,0,0,0,0,1,,0,0,Auckland Region,Nil,2-way,Sealed,0,0,0,0,50,0,Off,0,0,,76,Auckland,Nil,0,0,0,0,0,0,Urban,1,0,0,Fine,Null
1760951,5907376,2354,,524510,0,0,0,1,0,North,2008/2009,ROBERTSON ROAD,BADER DRIVE,,Non-Injury Crash,No,2009,0,South,0,0,0,Flat,0,,0,,1,Overcast,736701,0,0,0,2,0,0,0,0,0,,0,1,Auckland Region,Nil,2-way,Sealed,0,0,0,0,50,0,Null,0,0,,76,Auckland,Unknown,0,0,0,0,0,0,Urban,0,0,0,Fine,Null
1821765,5529601,2355,,562800,0,0,0,1,0,Null,2008/2009,BROADWAY,THE SQUARE,,Non-Injury Crash,No,2009,0,North,0,0,0,Flat,0,,1,,0,Dark,1829100,0,0,0,2,0,1,0,0,0,,0,0,Manawatū-Whanganui Region,Nil,2-way,Sealed,0,0,0,0,50,0,On,0,0,,40,Palmerston North City,Traffic Signals,0,0,0,0,0,0,Urban,0,0,0,Fine,Null
1758756,5912949,2356,,519710,0,,0,2,,Null,2009/2010,TRAFALGAR ST,SELWYN ST,,Non-Injury Crash,No,2009,,West,,0,,Flat,,,,,,Bright sun,595800,0,0,0,2,,,0,,,,,,Auckland Region,Nil,2-way,Unsealed,,0,0,,50,,Off,0,0,,76,Auckland,Stop,,,,,0,0,Urban,0,,,Fine,Null
1844101,5802907,2357,,535242,0,,0,2,,South,2009/2010,SH 27,SH 29 E,,Non-Injury Crash,Yes,2009,,North,,0,,Flat,,,,,,Bright sun,1116100,0,0,0,2,,,0,,,,,,Waikato Region,Nil,2-way,Sealed,,0,0,,100,,Null,0,0,,15,Matamata-Piako District,Stop,,,,,0,0,Open,0,,,Fine,Null
1772754,5445247,2358,,567300,0,,0,2,,East,2009/2010,FERGUSSON DRIVE,GOLDERS ROAD,,Non-Injury Crash,No,2009,,West,,0,,Flat,,,,,,Overcast,1893800,0,0,0,2,,,0,,,,,,Wellington Region,Nil,2-way,Sealed,,0,0,,50,,Null,0,0,,45,Upper Hutt City,Nil,,,,,0,0,Urban,0,,,Fine,Null
1762180,5589229,2359,,555400,0,0,0,1,1,North,2009/2010,SH 3,BUSHY PARK ROAD,,Non-Injury Crash,Yes,2009,0,West,0,0,0,Hill Road,0,,0,,0,Dark,1679000,0,0,0,2,0,0,0,0,0,,0,0,Manawatū-Whanganui Region,Nil,2-way,Sealed,0,0,0,0,100,0,None,0,0,,37,Whanganui District,Nil,0,0,0,0,0,0,Open,0,0,0,Heavy rain,Null
1683904,5402119,2360,,580432,0,,0,2,,Null,2009/2010,SH 1S,SHEFFIELD ST,,Non-Injury Crash,Yes,2009,,West,,0,,Flat,,,,,,Dark,2292102,0,0,0,2,,,0,,,,,,Marlborough Region,Nil,2-way,Sealed,,0,0,,100,,On,0,0,,53,Marlborough District,Give way,,,,,0,0,Open,0,,,Fine,Null
1753654,5929300,2361,,508420,0,,0,3,,North,2009/2010,GLENFIELD ROAD,WAIRAU ROAD,,Non-Injury Crash,No,2009,,South,,0,,Hill Road,,,,,,Overcast,183201,0,0,0,4,,,0,,,,,,Auckland Region,Nil,2-way,Sealed,,0,0,,50,,Off,0,0,,76,Auckland,Traffic Signals,,,,,0,0,Urban,0,,,Heavy rain,Strong wind
1762003,5912499,2362,,519500,0,,0,0,,West,2009/2010,CHURCH ST,HUGO JOHNSTON DRIVE,,Non-Injury Crash,No,2009,,East,,0,,Hill Road,,,,,,Overcast,622400,0,0,0,4,,,0,,,,,,Auckland Region,Nil,2-way,Sealed,,0,0,,50,,Off,0,0,,76,Auckland,Nil,,,,,1,0,Urban,1,,,Light rain,Null
1624049,5430743,2363,,582500,0,0,0,1,0,East,2008/2009,HARDY ST,COLLINGWOOD ST,,Non-Injury Crash,No,2009,0,West,0,0,0,Flat,0,,0,,0,Overcast,2320800,0,0,1,2,0,0,0,0,1,,0,0,Nelson Region,Nil,2-way,Sealed,0,0,0,0,50,0,Null,0,0,,52,Nelson City,Nil,0,0,0,0,0,0,Urban,0,0,0,Fine,Null
2034753,5708644,2364,,544400,0,,0,2,,Null,2008/2009,INNES ST,TUPAEA ST,,Non-Injury Crash,No,2009,,North,,0,,Flat,,,,,,Overcast,1375803,0,0,0,2,,,0,,,,,,Gisborne Region,Nil,2-way,Sealed,,0,0,,50,,Null,0,0,,28,Gisborne District,Nil,,,,,0,0,Urban,0,,,Light rain,Null
1570900,5179781,2365,,591500,0,0,0,4,0,West,2009/2010,HIGH ST,TUAM ST,,Non-Injury Crash,No,2009,0,North,0,0,0,Flat,0,,0,,0,Bright sun,2652200,0,0,0,2,0,0,0,0,1,,0,0,Canterbury Region,Nil,2-way,Sealed,0,0,0,0,50,0,Null,0,0,,60,Christchurch City,Unknown,0,0,0,0,0,0,Urban,0,0,0,Fine,Null
1929584,5600691,2366,,545762,0,,0,1,,Null,2008/2009,TE AUTE ROAD,ST GEORGES ROAD,,Non-Injury Crash,No,2009,,West,,0,,Flat,,,,,,Bright sun,1465300,0,0,1,2,,,0,,,,,,Hawke's Bay Region,Nil,2-way,Sealed,,0,0,,100,,Null,0,0,,30,Hastings District,Give way,,,,,0,0,Open,0,,,Fine,Null
1749001,5421849,2367,,576100,0,,1,1,,South,2009/2010,BUCKLEY ROAD,MELROSE ROAD,,Non-Injury Crash,No,2009,,South,,0,,Hill Road,,,,,,Bright sun,2194103,0,0,0,2,,,0,,,,,,Wellington Region,Nil,2-way,Sealed,,0,0,,50,,Null,0,0,,47,Wellington City,Nil,,,,,0,0,Urban,0,,,Fine,Null
1757583,5913262,2368,,518702,0,0,0,2,0,South,2009/2010,PAH ROAD,BENVILLE PLACE,,Non-Injury Crash,No,2009,0,North,0,0,0,Flat,0,,0,,0,Bright sun,567800,0,0,0,2,0,0,0,0,1,,0,0,Auckland Region,Nil,2-way,Sealed,0,0,0,0,50,0,Off,0,0,,76,Auckland,Nil,0,0,0,0,0,0,Urban,0,0,0,Fine,Null
1755177,5914306,2369,,518500,0,0,0,2,0,North,2009/2010,DOMINION ROAD,MOUNT ALBERT ROAD,,Non-Injury Crash,No,2009,0,South,0,0,0,Flat,0,,0,,0,Bright sun,560900,0,0,0,4,0,0,0,0,0,,0,0,Auckland Region,Nil,2-way,Sealed,0,0,0,0,50,0,Off,0,0,,76,Auckland,Traffic Signals,0,0,0,0,0,0,Urban,0,1,0,Fine,Null
1764887,5903266,2370,,524604,0,,0,3,,South,2009/2010,ROSCOMMON ROAD,VOGLER DRIVE,,Non-Injury Crash,No,2009,,North,,0,,Flat,,,,,,Overcast,781200,0,0,0,2,,,0,,,,,,Auckland Region,Nil,1-way,Sealed,,0,0,,80,,Off,0,0,,76,Auckland,Nil,,,,,0,0,Open,1,,,Heavy rain,Null
1792934,5835104,2371,,527112,0,,0,2,,South,2009/2010,SH 1N GREAT SOUTH,GORDONTON ROAD,,Non-Injury Crash,Yes,2009,,South,,0,,Flat,,,,,,Overcast,951500,0,0,0,2,,,0,,,,,,Waikato Region,Nil,2-way,Sealed,,0,0,,70,,Null,0,0,,13,Waikato District,Unknown,,,,,0,0,Urban,0,,,Fine,Null
1400032,4913751,2372,,605800,0,,0,2,,West,2008/2009,WALDRON CRESCENT S,ABBOTSFORD ROAD,,Non-Injury Crash,No,2009,,East,,0,,Flat,,Easter,,,,Dark,2959300,0,0,0,1,,,0,,,,,,Otago Region,Nil,2-way,Sealed,,0,0,,50,,None,0,0,,71,Dunedin City,Nil,,,,,0,0,Urban,0,,,Light rain,Null
1934140,5570555,2373,,549602,0,0,0,1,0,Null,2009/2010,KAIRAKAU ROAD,MANGAKURI ROAD,,Non-Injury Crash,No,2009,0,South,1,0,0,Hill Road,0,Labour Weekend,0,,0,Dark,1523601,0,0,0,2,0,0,0,0,0,,0,0,Hawke's Bay Region,Nil,2-way,Sealed,0,0,0,0,100,0,None,0,0,,32,Central Hawke's Bay District,Give way,0,0,0,0,0,0,Open,0,0,0,Fine,Null
1750837,5915590,2374,,514802,0,,0,1,,Null,2009/2010,ROSEBANK ROAD,ASH ST,,Non-Injury Crash,No,2009,,North,,0,,Flat,,,,,,Bright sun,386600,0,0,0,2,,,0,,,,,,Auckland Region,Nil,2-way,Sealed,,0,0,,50,,Off,0,0,,76,Auckland,Traffic Signals,,,,,0,0,Urban,1,,,Fine,Null
1758002,5917976,2375,,515700,0,0,0,1,0,South,2009/2010,SH 1N,GILLIES OFF SBD,,Non-Injury Crash,Yes,2009,0,South,0,0,0,Flat,1,,0,,0,Bright sun,443200,0,0,0,3,0,0,0,0,0,,0,0,Auckland Region,Motorway ramp,1-way,Sealed,0,0,0,0,100,0,Off,0,0,,76,Auckland,Nil,0,0,0,0,1,0,Open,0,0,0,Fine,Null
2065417,5766045,2376,,543303,0,0,0,0,0,East,2008/2009,SH 35,KAIAWHA ROAD,,Non-Injury Crash,Yes,2009,0,North,0,0,0,Flat,0,,0,,0,Dark,1350200,0,0,0,2,0,0,0,0,0,,0,0,Gisborne Region,Nil,2-way,Sealed,0,0,0,0,100,0,None,0,0,,28,Gisborne District,Nil,0,0,0,0,0,0,Open,1,0,0,Fine,Null
1591574,5441386,2377,,581833,0,0,0,1,1,North,2008/2009,MOTUEKA VALLEY HIGHWAY,BOGEY VALLEY ROAD,,Non-Injury Crash,No,2009,0,West,0,0,1,Flat,0,,0,,0,Bright sun,2371900,0,0,0,2,0,0,0,0,0,,0,0,Tasman Region,Nil,2-way,Sealed,0,0,0,0,100,0,Null,0,0,,51,Tasman District,Nil,0,0,0,0,0,0,Open,0,0,0,Fine,Null
1754070,5914937,2378,,518801,0,0,0,1,0,East,2008/2009,ODONNELL AVENUE,POTTER AVENUE,,Non-Injury Crash,No,2009,0,West,0,0,0,Flat,0,,0,,0,Dark,576300,0,0,0,2,0,0,0,0,0,,0,1,Auckland Region,Nil,2-way,Sealed,0,0,0,0,50,0,On,0,0,,76,Auckland,Nil,0,0,0,0,0,0,Urban,0,0,0,Fine,Null
1751314,5433507,2379,,574303,0,,0,2,,North,2008/2009,SH 1N,ABATTOIRS ROAD,,Non-Injury Crash,Yes,2009,,North,,0,,Hill Road,,,,,,Dark,2084302,0,0,0,3,,,0,,,,,,Wellington Region,Nil,1-way,Sealed,,0,0,,80,,On,0,0,,47,Wellington City,Nil,,,,,0,0,Open,0,,,Fine,Null
1752348,5423615,2380,,577102,0,,0,2,,Null,2008/2009,BROADWAY,STRATHMORE AVENUE,,Non-Injury Crash,No,2009,,West,,0,,Flat,,,,,,Bright sun,2215300,0,0,0,2,,,0,,,,,,Wellington Region,Nil,2-way,Sealed,,0,0,,50,,Null,0,0,,47,Wellington City,Give way,,,,,0,0,Urban,0,,,Fine,Null
1688390,6104062,2381,,500900,0,0,0,1,0,East,2008/2009,LANDING ROAD,WAIPAPA LANDING PLACE,,Non-Injury Crash,No,2009,0,West,0,0,0,Flat,0,Queens Birthday,0,,0,Overcast,44808,0,0,0,2,0,0,0,0,0,,0,0,Northland Region,Nil,2-way,Sealed,0,0,0,0,50,0,Null,0,0,,1,Far North District,Unknown,0,1,0,0,0,0,Urban,0,0,0,Light rain,Null
1760468,5916173,2382,,516003,0,,0,2,,West,2009/2010,GREEN LANE EAST,ASCOT AVENUE,,Non-Injury Crash,No,2009,,West,,0,,Flat,,,,,,Bright sun,494902,0,0,0,3,,,0,,,,,,Auckland Region,Nil,2-way,Sealed,,0,0,,50,,Off,0,0,,76,Auckland,Nil,,,,,0,0,Urban,0,,,Fine,Null
1759262,5435868,2383,,569100,0,,0,1,,Null,2009/2010,WOBURN ROAD,QUEENS DRIVE,,Non-Injury Crash,No,2009,,East,,0,,Hill Road,,,,,,Overcast,1966200,0,0,0,2,,,0,,,,,,Wellington Region,Nil,2-way,Sealed,,0,0,,50,,Null,0,0,30,46,Lower Hutt City,Give way,,,,,1,0,Urban,0,,,Fine,Null
1754214,5444742,2384,,570800,0,,0,2,,Null,2008/2009,TITAHI BAY ROAD,LYTTELTON AVENUE,,Non-Injury Crash,No,2009,,North,,0,,Flat,,Queens Birthday,,,,Dark,2052300,0,0,0,2,,,0,,,,,,Wellington Region,Nil,2-way,Sealed,,0,0,,50,,On,0,0,,44,Porirua City,Traffic Signals,,,,,0,0,Urban,0,,,Fine,Null
1779319,5914691,2385,,523300,0,0,0,1,0,South,2009/2010,WHITFORD-MARAETAI ROAD,JACK LACHLAN DRIVE,,Non-Injury Crash,No,2009,0,North,0,0,1,Hill Road,0,,0,,0,Overcast,718900,0,0,0,2,0,0,0,0,0,,0,0,Auckland Region,Nil,2-way,Sealed,0,0,0,0,100,0,Off,0,0,,76,Auckland,Nil,0,0,0,0,0,0,Open,0,0,0,Light rain,Null
1749102,5428604,2386,,572900,0,,0,1,,Null,2009/2010,WATERLOO QUAY,BUNNY ST,,Non-Injury Crash,No,2009,,South,,0,,Flat,,,,,,Overcast,2122700,0,0,0,5,,,0,,,,,,Wellington Region,Nil,2-way,Sealed,,0,0,,50,,Null,0,0,,47,Wellington City,Traffic Signals,,,,,1,0,Urban,0,,,Light rain,Null
1750069,5424745,2387,,576903,0,,0,2,,North,2009/2010,KILBIRNIE CRESCENT,DUNCAN TERRACE,,Non-Injury Crash,No,2009,,South,,0,,Flat,,,,,,Overcast,2177900,0,0,0,2,,,0,,,,,,Wellington Region,Nil,2-way,Sealed,,0,0,,50,,Null,0,0,,47,Wellington City,Nil,,,,,0,0,Urban,0,,,Fine,Null
1801991,5814401,2388,,530200,0,,0,1,,Null,2009/2010,GREY ST,WELLINGTON ST,,Non-Injury Crash,No,2009,,South,,0,,Flat,,Labour Weekend,,,,Bright sun,891700,0,0,0,2,,,0,,,1,,,Waikato Region,Nil,2-way,Sealed,,0,0,,50,,Off,0,0,,16,Hamilton City,Stop,,,,,0,0,Urban,0,,,Fine,Null
1347508,4876207,2389,,606700,0,0,0,1,0,West,2008/2009,CLUTHA VALLEY ROAD,HOLGATE ROAD,,Non-Injury Crash,No,2009,0,North,1,0,0,Flat,0,,0,,0,Dark,2982101,0,0,0,2,0,0,0,0,0,,0,0,Otago Region,Nil,2-way,Sealed,0,0,0,0,100,0,None,0,0,,72,Clutha District,Unknown,0,0,0,0,0,0,Open,0,0,0,Fine,Null
1571616,5181290,2390,,592600,0,0,0,1,0,West,2008/2009,BEALEY AVENUE,CHAMPION ST,,Non-Injury Crash,No,2009,0,East,0,0,1,Flat,0,,0,,0,Dark,2694200,0,0,0,3,0,0,0,0,2,,0,0,Canterbury Region,Nil,1-way,Sealed,0,0,0,0,50,0,On,1,0,,60,Christchurch City,Traffic Signals,0,1,0,0,1,0,Urban,0,0,0,Fine,Null
1774032,5895932,2391,,525510,0,,0,1,,South,2009/2010,HUNUA ROAD,SETTLEMENT ROAD,,Non-Injury Crash,No,2009,,South,,0,,Flat,,,,,,Bright sun,800900,0,0,0,2,,,0,,,,,,Auckland Region,Nil,2-way,Sealed,,0,0,,50,,Null,0,0,,76,Auckland,Unknown,,,,,1,0,Urban,0,,,Fine,Null
1763904,5912490,2392,,520500,0,,0,2,,Null,2009/2010,MOUNT WELLINGTON HIGHWAY,MT WGTN ON NBD N,,Non-Injury Crash,No,2009,,North,,0,,Flat,,,,,,Dark,637300,0,0,0,4,,,0,,,,,,Auckland Region,Nil,2-way,Sealed,,0,0,,50,,On,1,0,,76,Auckland,Traffic Signals,,,,,0,0,Urban,0,,,Fine,Null
1808727,5805115,2393,,527932,0,,0,1,,West,2009/2010,MYSTERY CREEK ROAD,MELLOW ROAD,,Non-Injury Crash,No,2009,,West,,0,,Flat,,,,,,Bright sun,985200,0,0,0,2,,,0,,,,,,Waikato Region,Nil,2-way,Sealed,,0,0,,100,,Null,0,0,,17,Waipa District,Unknown,,,,,0,0,Open,1,,,Fine,Null
1752635,5930225,2394,,509100,0,,0,2,,East,2009/2010,ALBANY HIGHWAY,ALBANY HIGHWAY SLIP E,,Non-Injury Crash,No,2009,,East,,0,,Flat,,,,,,Bright sun,181200,0,0,0,4,,,0,,,,,,Auckland Region,Nil,2-way,Sealed,,0,0,,70,,Null,0,0,,76,Auckland,Unknown,,,,,0,0,Urban,0,,,Fine,Null
1866846,5828232,2395,55,536000,0,0,0,0,0,South,2008/2009,OMOKOROA ROAD,GOLDSTONE ROAD,,Non-Injury Crash,No,2009,0,North,0,0,1,Flat,0,,0,,0,Overcast,1187500,0,0,0,2,0,0,0,0,0,,0,0,Bay of Plenty Region,Nil,2-way,Sealed,0,0,0,0,80,0,Null,0,0,,22,Western Bay of Plenty District,Unknown,0,0,0,0,0,0,Open,1,0,0,Light rain,Null
1811874,5454631,2396,,579700,0,0,0,2,0,West,2009/2010,COSTLEY ST,SH 2,,Non-Injury Crash,No,2009,0,North,0,0,0,Flat,0,,0,,0,Dark,2260200,0,0,0,2,0,0,0,0,1,,0,0,Wellington Region,Nil,2-way,Sealed,0,0,0,0,50,0,On,0,0,,49,Carterton District,Nil,0,0,0,1,0,0,Urban,0,0,0,Fine,Null
1746890,5913374,2397,,511100,0,0,0,0,0,South,2009/2010,GLENDALE ROAD,WOODVALE ROAD,,Non-Injury Crash,No,2009,0,South,0,0,0,Flat,0,Christmas New Year,0,,0,Overcast,286400,0,0,0,2,0,1,0,0,0,,0,0,Auckland Region,Nil,2-way,Sealed,0,0,0,0,50,0,Off,0,0,,76,Auckland,Nil,0,0,0,0,1,0,Urban,0,0,0,Mist or Fog,Null
1799280,5820686,2398,,527006,0,0,0,1,0,Null,2009/2010,WAIRERE DRIVE,RESOLUTION DRIVE,,Non-Injury Crash,No,2009,0,East,0,0,0,Flat,0,,0,,0,Dark,952106,0,0,0,2,0,0,0,0,0,,0,0,Waikato Region,Nil,2-way,Sealed,0,0,0,0,80,0,On,0,0,,16,Hamilton City,Give way,0,0,0,1,0,0,Open,0,0,0,Light rain,Null
1767780,5903864,2399,,524602,0,,0,3,,Null,2009/2010,GREAT SOUTH ROAD,MANUKAU OFF NBD,,Non-Injury Crash,No,2009,,North,,0,,Flat,,,,,,Overcast,780417,0,0,0,4,,,0,,,,,,Auckland Region,Nil,2-way,Sealed,,0,0,,70,,Off,0,0,,76,Auckland,Traffic Signals,,,,,0,0,Urban,0,,,Fine,Null
1754453,5445469,2400,,570700,0,,0,2,,North,2008/2009,WI NEERA DRIVE,TUTU PLACE,,Non-Injury Crash,No,2009,,South,,0,,Flat,,,,,,Dark,2037500,0,0,0,2,,,0,,,,,,Wellington Region,Nil,2-way,Sealed,,0,0,,50,,On,0,0,,44,Porirua City,Nil,,,,,0,0,Urban,0,,,Light rain,Null
1698154,5675813,2401,,551014,0,0,0,1,1,North,2008/2009,EGMONT ROAD,HENWOOD ROAD,,Non-Injury Crash,No,2009,0,South,0,0,0,Flat,0,,0,,0,Bright sun,1560201,0,0,0,2,0,0,0,0,0,,0,0,Taranaki Region,Nil,2-way,Sealed,0,0,0,0,100,0,Null,0,0,,33,New Plymouth District,Nil,0,0,0,0,0,0,Open,0,0,0,Fine,Null
1755720,5446052,2402,,571501,0,,0,2,,Null,2008/2009,WHITFORD BROWN AVENUE,PAPAKOWHAI ROAD,,Non-Injury Crash,No,2009,,East,,0,,Hill Road,,,,,,Dark,2056616,0,0,0,4,,,0,,,,,,Wellington Region,Nil,2-way,Sealed,,0,0,,50,,On,0,0,,44,Porirua City,Give way,,,,,0,0,Urban,0,,,Light rain,Null