X,Y,OBJECTID,advisorySpeed,areaUnitID,bicycle,bridge,bus,carStationWagon,cliffBank,crashDirectionDescription,crashFinancialYear,crashLocation1,crashLocation2,crashRoadSideRoad,crashSeverity,crashSHDescription,crashYear,debris,directionRoleDescription,ditch,fatalCount,fence,flatHill,guardRail,holiday,houseOrBuilding,intersection,kerb,light,meshblockId,minorInjuryCount,moped,motorcycle,NumberOfLanes,objectThrownOrDropped,otherObject,otherVehicleType,overBank,parkedVehicle,pedestrian,phoneBoxEtc,postOrPole,region,roadCharacter,roadLane,roadSurface,roadworks,schoolBus,seriousInjuryCount,slipOrFlood,speedLimit,strayAnimal,streetLight,suv,taxi,temporarySpeedLimit,tlaId,tlaName,trafficControl,trafficIsland,trafficSign,train,tree,truck,unknownVehicleType,urban,vanOrUtility,vehicle,waterRiver,weatherA,weatherB
1744488,5918594,2403,,513302,0,,0,1,,South,2009/2010,RATHGAR ROAD,EDWARDS AVENUE,,Non-Injury Crash,No,2009,,South,,0,,Flat,,,,,,Dark,231301,0,0,1,2,,,0,,,,,,Auckland Region,Nil,2-way,Sealed,,0,0,,50,,On,0,0,,76,Auckland,Nil,,,,,0,0,Urban,0,,,Fine,Null
1753373,5423765,2404,,577500,0,,0,2,,Null,2008/2009,DUNDAS ST,INGLIS ST,,Non-Injury Crash,No,2009,,East,,0,,Flat,,,,,,Bright sun,2210900,0,0,0,2,,,0,,,,,,Wellington Region,Nil,2-way,Sealed,,0,0,,50,,Null,0,0,,47,Wellington City,Give way,,,,,0,0,Urban,0,,,Fine,Null
1822052,5532076,2405,,562100,0,0,0,1,0,East,2009/2010,FAIRS ROAD,RUTLAND PLACE,,Non-Injury Crash,No,2009,0,East,0,0,0,Flat,0,,0,,0,Overcast,1837800,0,0,0,2,0,0,0,0,1,,0,0,Manawatū-Whanganui Region,Nil,2-way,Sealed,0,0,0,0,50,0,Null,0,0,,40,Palmerston North City,Nil,0,0,0,0,1,0,Urban,0,0,0,Fine,Null
1744352,5917127,2406,,513011,0,,0,2,,East,2008/2009,DUNDAS PLACE,EYRE ST,,Non-Injury Crash,No,2009,,West,,0,,Flat,,,,,,Dark,280402,0,0,0,1,,,0,,,,,,Auckland Region,Nil,2-way,Sealed,,0,0,,50,,On,0,0,,76,Auckland,Nil,,,,,0,0,Urban,0,,,Fine,Null
1749117,5426493,2407,,573101,0,0,0,0,0,North,2009/2010,SH 1N KENT,BUCKLE ST,,Non-Injury Crash,Yes,2009,0,South,0,0,0,Flat,0,,0,,0,Overcast,2137000,0,0,0,2,0,0,0,0,0,,0,0,Wellington Region,Nil,1-way,Sealed,0,0,0,0,50,0,Null,0,0,,47,Wellington City,Nil,0,0,0,1,1,0,Urban,0,0,0,Light rain,Null
1622998,5429646,2408,,583202,0,0,0,1,0,Null,2008/2009,KAWAI ST,ALFRED ST,,Non-Injury Crash,No,2009,0,North,0,0,1,Hill Road,0,,0,,0,Twilight,2330400,0,0,0,2,0,0,0,0,0,,0,0,Nelson Region,Nil,2-way,Sealed,0,0,0,0,50,0,On,0,0,,52,Nelson City,Nil,0,0,0,0,0,0,Urban,0,0,0,Fine,Null
1755916,5916941,2409,,518201,0,,0,3,,South,2009/2010,DOMINION ROAD,GRANGE ROAD,,Non-Injury Crash,No,2009,,South,,0,,Flat,,,,,,Overcast,549100,0,0,0,2,,,0,,,,,,Auckland Region,Nil,2-way,Sealed,,0,0,,50,,Off,0,0,,76,Auckland,Stop,,,,,0,0,Urban,0,,,Light rain,Null
1818054,5544839,2410,,560730,0,0,0,0,0,South,2008/2009,Z DWAY 81,BEATTIE/FREYBERG,,Non-Injury Crash,No,2009,0,West,0,0,1,Flat,0,,0,,0,Bright sun,1768100,0,0,0,0,0,0,0,0,0,,0,0,Manawatū-Whanganui Region,Nil,Off road,Sealed,0,0,0,0,50,0,Null,1,0,,39,Manawatu District,Nil,0,0,0,0,0,0,Urban,0,0,0,Fine,Null
1748454,5427469,2411,,573000,0,,0,1,,Null,2008/2009,DIXON ST,MACDONALD CRESCENT,,Non-Injury Crash,No,2009,,West,,0,,Hill Road,,,,,,Dark,2128700,0,0,0,2,,,0,,,,,,Wellington Region,Nil,2-way,Sealed,,0,0,,50,,On,0,1,,47,Wellington City,Nil,,,,,1,0,Urban,0,,,Fine,Null
1401697,4913461,2412,,605800,0,0,0,1,1,East,2008/2009,SCOTLAND TERRACE,DEVONPORT ST,,Non-Injury Crash,No,2009,0,West,0,0,0,Hill Road,0,,0,,0,Bright sun,2957502,0,0,0,2,0,0,0,0,0,,0,0,Otago Region,Nil,2-way,Sealed,0,0,0,0,50,0,Null,0,0,,71,Dunedin City,Unknown,0,0,0,0,0,0,Urban,0,0,0,Fine,Null
1581185,5220214,2413,,585803,0,0,0,1,0,East,2008/2009,AMBERLEY BEACH ROAD,HURSLEY TERRACE ROAD,,Non-Injury Crash,No,2009,0,East,0,0,0,Hill Road,0,,0,,0,Bright sun,2442103,0,0,0,2,0,0,0,0,0,,0,1,Canterbury Region,Nil,2-way,Sealed,0,0,0,0,100,0,Null,0,0,,58,Hurunui District,Unknown,0,0,0,0,0,0,Open,0,0,0,Fine,Null
1571130,5179368,2414,,591500,0,0,1,1,0,North,2008/2009,MADRAS ST,MOORHOUSE AVENUE,,Non-Injury Crash,No,2009,0,North,0,0,0,Flat,0,,0,,0,Bright sun,2649800,0,0,0,2,0,0,0,0,1,,0,0,Canterbury Region,Nil,1-way,Sealed,0,0,0,0,50,0,Null,0,0,,60,Christchurch City,Unknown,0,0,0,0,0,0,Urban,0,0,0,Fine,Null
1748571,5427837,2415,,573000,0,,0,1,,North,2008/2009,BOULCOTT ST,CHURCH ST,,Non-Injury Crash,No,2009,,South,,0,,Hill Road,,,,,,Overcast,2127600,0,0,0,2,,,0,,,,,,Wellington Region,Nil,2-way,Sealed,,0,0,,50,,Null,1,0,,47,Wellington City,Nil,,,,,0,0,Urban,0,,,Fine,Null
1620862,5429901,2416,,583000,0,,0,1,,Null,2008/2009,SH 6,MURITAI ST,,Non-Injury Crash,Yes,2009,,North,,0,,Flat,,Christmas New Year,,,,Bright sun,2333100,0,0,0,2,,,0,,,,,,Nelson Region,Nil,2-way,Sealed,,0,0,,50,,Null,1,0,,52,Nelson City,Give way,,,,,0,0,Urban,0,,,Fine,Null
1751291,5433434,2417,,574303,0,0,0,2,0,South,2008/2009,SH 1N,NEWLANDS OFF NBD,,Non-Injury Crash,Yes,2009,0,North,0,0,0,Hill Road,0,,0,,0,Dark,2084302,0,0,0,2,0,0,0,0,0,,0,1,Wellington Region,Nil,2-way,Sealed,0,0,0,0,80,0,On,0,0,,47,Wellington City,Nil,0,0,0,0,0,0,Open,0,0,0,Light rain,Null
1769852,5898809,2418,,523920,0,0,0,1,0,South,2009/2010,BRYLEE DRIVE,KEYWELLA DRIVE,,Non-Injury Crash,No,2009,0,North,0,0,0,Flat,0,,0,,0,Overcast,767912,0,0,0,2,0,0,0,0,0,,0,0,Auckland Region,Nil,2-way,Sealed,0,0,0,0,50,0,Off,0,0,,76,Auckland,Nil,0,0,0,1,0,0,Urban,0,0,0,Light rain,Null
1762685,5437301,2419,,568301,0,,0,1,,Null,2009/2010,DAYSH ST,HARRISON CRESCENT,,Non-Injury Crash,No,2009,,East,,0,,Flat,,,,,,Overcast,1948400,0,0,0,2,,,0,,,,,,Wellington Region,Nil,2-way,Sealed,,0,0,,50,,Null,0,0,,46,Lower Hutt City,Give way,,,,,0,0,Urban,1,,,Light rain,Null
1863415,5544163,2420,,550102,0,,0,0,,Null,2009/2010,MILLER ST,DENMARK ST,,Non-Injury Crash,No,2009,,South,,0,,Flat,,,,,,Bright sun,1528700,0,0,0,2,,,0,,,,,,Manawatū-Whanganui Region,Nil,2-way,Sealed,,0,0,,50,,Null,1,0,,41,Tararua District,Stop,,,,,1,0,Urban,0,,,Fine,Null
1751052,5434787,2421,,573700,0,,0,2,,East,2009/2010,BRODERICK ROAD,HEATH ST,,Non-Injury Crash,No,2009,,West,,0,,Flat,,,,,,Dark,2082700,0,0,0,2,,,0,,,,,,Wellington Region,Nil,2-way,Sealed,,0,0,,50,,On,0,0,,47,Wellington City,Nil,,,,,0,0,Urban,0,,,Fine,Null
1936912,5621716,2422,,546802,0,0,0,1,0,East,2009/2010,SHAKESPEARE ROAD,BREWSTER ST,,Non-Injury Crash,No,2009,0,North,0,0,0,Hill Road,0,,0,,0,Dark,1423600,0,0,0,2,0,0,0,0,0,,0,0,Hawke's Bay Region,Nil,2-way,Sealed,0,0,0,0,50,0,On,0,0,,31,Napier City,Nil,0,1,0,0,0,0,Urban,0,0,0,Light rain,Null
1829079,5833035,2423,,534604,0,0,0,1,0,Null,2009/2010,SH 26,SH 27,,Non-Injury Crash,Yes,2009,0,North,0,0,0,Flat,0,,0,,0,Dark,1097100,0,0,0,2,0,0,0,0,0,,0,0,Waikato Region,Nil,2-way,Sealed,0,0,0,0,70,0,On,1,0,,15,Matamata-Piako District,Give way,1,1,0,0,0,0,Urban,0,0,0,Light rain,Null
1762806,5917526,2424,,516301,0,0,0,1,0,North,2009/2010,TEMPLE ST,ST JOHNS ROAD,,Non-Injury Crash,No,2009,0,South,0,0,0,Hill Road,0,,0,,0,Bright sun,461000,0,0,0,2,0,0,0,0,0,,0,0,Auckland Region,Nil,2-way,Sealed,0,0,0,0,50,0,Null,0,0,,76,Auckland,Unknown,0,0,0,1,0,0,Urban,0,0,0,Fine,Null
1765696,5917945,2425,,517001,0,0,0,2,0,South,2009/2010,LINE ROAD,WEST TAMAKI ROAD,,Non-Injury Crash,No,2009,0,North,0,0,0,Hill Road,0,,0,,0,Dark,470800,0,0,0,2,0,0,0,0,1,,0,0,Auckland Region,Nil,2-way,Sealed,0,0,0,0,50,0,On,0,0,,76,Auckland,Nil,0,0,0,0,0,0,Urban,0,0,0,Light rain,Null
1744537,5918119,2426,,510700,0,0,0,3,0,North,2009/2010,SWANSON ROAD,STURGES ROAD,,Non-Injury Crash,No,2009,0,West,0,0,0,Flat,0,,0,,0,Bright sun,239200,0,0,0,2,0,0,0,0,2,,0,0,Auckland Region,Nil,2-way,Sealed,0,0,0,0,50,0,Off,0,0,,76,Auckland,Nil,0,0,0,0,0,0,Urban,0,0,0,Fine,Null
1787171,5490540,2427,,564021,0,0,0,1,0,South,2008/2009,SH 1N,MOKENA KOHERE ST,,Non-Injury Crash,Yes,2009,0,South,0,0,0,Flat,0,,0,,0,Overcast,1882200,0,0,0,2,0,0,0,0,0,,0,0,Manawatū-Whanganui Region,Nil,2-way,Sealed,1,0,0,0,100,0,Null,0,0,,42,Horowhenua District,Nil,0,0,0,0,1,0,Open,0,0,0,Light rain,Null
1407137,4919067,2428,,603601,0,,0,2,,Null,2008/2009,SH 1S,SLIP ROAD,,Non-Injury Crash,Yes,2009,,South,,0,,Hill Road,,,,,,Overcast,2865400,0,0,0,2,,,0,,,,,,Otago Region,Nil,2-way,Sealed,,0,0,,50,,Null,0,0,,71,Dunedin City,Give way,,,,,0,0,Urban,0,,,Light rain,Null
1802979,5688837,2429,65,532501,0,0,0,0,0,South,2009/2010,SH 4,TANGA ROAD,,Non-Injury Crash,Yes,2009,0,South,0,0,0,Hill Road,0,,0,,0,Dark,1021700,0,0,0,2,0,0,0,1,0,,0,0,Manawatū-Whanganui Region,Nil,2-way,Sealed,0,0,0,0,100,0,None,0,0,,36,Ruapehu District,Nil,0,0,0,0,0,0,Open,1,0,0,Mist or Fog,Null
1761103,5432518,2430,,568800,0,,0,2,,North,2008/2009,WAINUIOMATA HILL ROAD,PURIRI ST,,Non-Injury Crash,No,2009,,South,,0,,Hill Road,,,,,,Overcast,1980900,0,0,0,2,,,0,,,,,,Wellington Region,Nil,2-way,Sealed,,0,0,,80,,Null,0,1,,46,Lower Hutt City,Nil,,,,,0,0,Open,0,,,Fine,Null
1770463,5904569,2431,,523820,0,,0,2,,Null,2009/2010,REDOUBT ROAD,MURPHYS ROAD,,Non-Injury Crash,No,2009,,East,,0,,Flat,,,,,,Overcast,760000,0,0,0,2,,,0,,,,,,Auckland Region,Nil,2-way,Sealed,,0,0,,50,,Null,0,0,,76,Auckland,Stop,,,,,0,0,Urban,0,,,Light rain,Null
1759836,5916251,2432,,516002,1,0,0,1,0,West,2008/2009,LILLINGTON ROAD,CLONBERN ROAD,,Non-Injury Crash,No,2009,0,West,0,0,0,Flat,0,,0,,0,Bright sun,492000,0,0,0,2,0,0,0,0,0,,0,0,Auckland Region,Nil,2-way,Sealed,0,0,0,0,50,0,Off,0,0,,76,Auckland,Nil,0,0,0,0,0,0,Urban,0,1,0,Fine,Null
1757823,5449891,2433,55,572000,0,0,0,1,0,East,2008/2009,GRAYS ROAD,MO ST,,Non-Injury Crash,No,2009,0,East,1,0,0,Hill Road,0,,0,,0,Overcast,2069005,0,0,0,2,0,0,0,0,0,,0,0,Wellington Region,Nil,2-way,Sealed,0,0,0,0,80,0,Null,0,0,,44,Porirua City,Nil,0,0,0,0,0,0,Open,0,0,0,Light rain,Null
1974554,5772451,2434,55,542904,0,0,0,0,0,West,2008/2009,SH 2,OMOKO BR,,Non-Injury Crash,Yes,2009,0,East,0,0,0,Hill Road,1,,0,,0,Overcast,1335700,0,0,0,2,0,0,0,0,0,,0,0,Bay of Plenty Region,Nil,2-way,Sealed,0,0,0,0,100,0,Null,0,0,,27,Ōpōtiki District,Unknown,0,0,0,0,0,0,Open,1,0,0,Light rain,Null
1769458,5905245,2435,,523712,0,,0,2,,East,2008/2009,ASPIRING AVENUE,MATTHEWS ROAD,,Non-Injury Crash,No,2009,,East,,0,,Flat,,,,,,Bright sun,716202,0,0,0,2,,,0,,,,,,Auckland Region,Nil,2-way,Sealed,,0,0,,50,,Null,0,0,,76,Auckland,Unknown,,,,,0,0,Urban,0,,,Fine,Null
1885116,5772150,2436,,540510,0,,0,1,,Null,2009/2010,FENTON ST,DEVON ST,,Non-Injury Crash,No,2009,,North,,0,,Flat,,,,,,Bright sun,1242600,0,0,0,4,,,0,,,,,,Bay of Plenty Region,Nil,2-way,Sealed,,0,0,,60,,Null,1,0,,24,Rotorua District,Stop,,,,,0,0,Urban,0,,,Fine,Null
2037559,5708038,2437,,544600,0,,0,2,,East,2008/2009,SH 35,READS QUAY,,Non-Injury Crash,Yes,2009,,East,,0,,Flat,,,,,,Overcast,1371700,0,0,0,2,,,0,,,,,,Gisborne Region,Nil,2-way,Sealed,,0,0,,50,,Null,0,0,,28,Gisborne District,Nil,,,,,0,0,Urban,0,,,Fine,Null
1692048,5675715,2438,,551900,0,,0,2,,Null,2008/2009,SH 45 VIVIAN,MORLEY ST,,Non-Injury Crash,Yes,2009,,North,,0,,Flat,,,,,,Bright sun,1589300,0,0,0,2,,,0,,,,,,Taranaki Region,Nil,2-way,Sealed,,0,0,,50,,Null,0,0,,33,New Plymouth District,Stop,,,,,0,0,Urban,0,,,Fine,Null
1759882,5915763,2439,,516002,0,,0,2,,Null,2009/2010,GREAT SOUTH ROAD,GREEN LANE WEST,,Non-Injury Crash,No,2009,,South,,0,,Flat,,,,,,Bright sun,494100,0,0,0,6,,,0,,,,,,Auckland Region,Nil,2-way,Sealed,,0,0,,50,,Off,0,0,,76,Auckland,Traffic Signals,,,,,0,0,Urban,0,,,Fine,Null
1748338,5426862,2440,,573101,0,,0,2,,Null,2008/2009,SH 1N KARO,VICTORIA ST,,Non-Injury Crash,Yes,2009,,West,,0,,Flat,,,,,,Dark,2132400,0,0,0,2,,,0,,,,,,Wellington Region,Nil,2-way,Sealed,,0,0,,50,,On,0,0,,47,Wellington City,Traffic Signals,,,,,0,0,Urban,0,,,Light rain,Null
1766762,5469512,2441,,566101,0,,0,2,,Null,2009/2010,WHAREMAUKU ROAD,MATATUA ROAD,,Non-Injury Crash,No,2009,,North,,0,,Flat,,,,,,Bright sun,2004400,0,0,0,2,,,0,,,,,,Wellington Region,Nil,2-way,Sealed,,0,0,,50,,Null,0,0,,43,Kapiti Coast District,Give way,,,,,0,0,Urban,0,,,Fine,Strong wind
1750094,5425053,2442,,576903,0,,0,2,,West,2008/2009,SH 1N,KILBIRNIE CRESCENT,,Non-Injury Crash,Yes,2009,,West,,0,,Flat,,,,,,Bright sun,2180400,0,0,0,2,,,0,,,,,,Wellington Region,Nil,2-way,Sealed,,0,0,,50,,Null,0,0,,47,Wellington City,Nil,,,,,0,0,Urban,0,,,Fine,Null
1822495,5529836,2443,,562800,0,,0,2,,Null,2008/2009,SH 3,VICTORIA AVENUE,,Non-Injury Crash,Yes,2009,,West,,0,,Flat,,,,,,Twilight,1829700,0,0,0,2,,,0,,,,,,Manawatū-Whanganui Region,Nil,2-way,Sealed,,0,0,,50,,On,0,0,,40,Palmerston North City,Traffic Signals,,,,,0,0,Urban,0,,,Heavy rain,Null
1867319,5826073,2444,,536503,0,,0,1,,South,2009/2010,PLUMMERS POINT ROAD,EMENY ROAD,,Non-Injury Crash,No,2009,,South,,0,,Flat,,,,,,Overcast,1187902,0,0,0,2,,,1,,,,,,Bay of Plenty Region,Nil,2-way,Sealed,,0,0,,50,,Null,0,0,,22,Western Bay of Plenty District,Nil,,,,,0,0,Urban,0,,,Fine,Null
1869401,5713373,2445,,541730,0,,0,1,,South,2008/2009,TAHAREPA ROAD,HATEPE AVENUE,,Non-Injury Crash,No,2009,,South,,0,,Hill Road,,,,,,Overcast,1270200,0,0,0,2,,,0,,,,,,Waikato Region,Nil,2-way,Sealed,,0,0,,50,,Null,0,0,,21,Taupo District,Unknown,,,,,0,0,Urban,1,,,Fine,Null
1310181,5029396,2446,75,608302,0,,0,0,,North,2009/2010,SH 6,GLADSMUIR ROAD,,Non-Injury Crash,Yes,2009,,North,,0,,Hill Road,,,,,,Dark,3031002,0,0,0,2,,,0,,,,,,Otago Region,Nil,2-way,Sealed,,0,0,,100,,None,0,0,,69,Central Otago District,Unknown,,,,,0,0,Open,1,,,Mist or Fog,Frost
1753355,5918298,2447,,515003,0,,0,2,,West,2009/2010,SH 16,ST LUKES ON WBD,,Non-Injury Crash,Yes,2009,,West,,0,,Flat,,,,,,Bright sun,390502,0,0,0,3,,,0,,,,,,Auckland Region,Nil,1-way,Sealed,,0,0,,100,,Off,0,0,,76,Auckland,Nil,,,,,0,0,Open,1,,,Fine,Null
1821371,5529075,2448,,562800,0,0,0,0,0,East,2008/2009,CHURCH ST,SNELSON ST,,Non-Injury Crash,No,2009,0,South,0,0,0,Flat,0,,0,,0,Bright sun,1828900,0,0,0,2,0,0,0,0,1,,0,0,Manawatū-Whanganui Region,Nil,2-way,Sealed,0,0,0,0,50,0,Null,1,0,,40,Palmerston North City,Nil,0,0,0,0,0,0,Urban,1,0,0,Fine,Null
1810897,5807007,2449,,527131,0,0,0,0,0,Null,2009/2010,DUNCAN ROAD,OLD HAUTAPU ROAD,,Non-Injury Crash,No,2009,0,North,0,0,0,Flat,1,,0,,0,Overcast,960800,0,0,0,2,0,0,0,0,0,,0,0,Waikato Region,Nil,2-way,Sealed,0,0,0,0,100,0,Off,0,0,,13,Waikato District,Stop,0,0,0,0,0,0,Open,1,0,0,Fine,Null
1676473,6024712,2450,,504501,0,,0,0,,North,2009/2010,WAIHUE ROAD,MOUNTVIEW PLACE,,Non-Injury Crash,No,2009,,North,,0,,Flat,,,,,,Bright sun,119900,0,0,0,2,,,0,,,,,,Northland Region,Nil,2-way,Sealed,,0,0,,100,,None,1,0,,3,Kaipara District,Nil,,,,,0,0,Open,0,,,Fine,Null
1817100,5801017,2451,,527504,0,,0,2,,Null,2008/2009,BURNS ST,ARNOLD ST,,Non-Injury Crash,No,2009,,North,,0,,Flat,,,,,,Bright sun,967402,0,0,0,2,,,0,,,,,,Waikato Region,Nil,2-way,Sealed,,0,0,,50,,Null,0,0,,17,Waipa District,Give way,,,,,0,0,Urban,0,,,Fine,Null
1822115,5529628,2452,,562800,0,,0,2,,Null,2008/2009,SH 3 MAIN,PRINCESS ST,,Non-Injury Crash,No,2009,,North,,0,,Flat,,,,,,Twilight,1829300,0,0,0,2,,,0,,,,,,Manawatū-Whanganui Region,Nil,2-way,Sealed,,0,0,,50,,On,0,0,,40,Palmerston North City,Traffic Signals,,,,,0,0,Urban,0,,,Fine,Null
1406882,4918647,2453,,603601,0,,0,1,,Null,2009/2010,GEORGE ST,HOWE ST,,Minor Crash,No,2009,,South,,0,,Flat,,,,,,Dark,2865200,1,0,1,2,,,0,,,,,,Otago Region,Nil,2-way,Sealed,,0,0,,50,,On,0,0,,71,Dunedin City,Traffic Signals,,,,,0,0,Urban,0,,,Fine,Null
1675564,5404174,2454,,580420,0,,0,2,,Null,2009/2010,SH 6,BELLS ROAD,,Non-Injury Crash,Yes,2009,,West,,0,,Flat,,,,,,Overcast,2291301,0,0,0,2,,,0,,,,,,Marlborough Region,Nil,2-way,Sealed,,0,0,,100,,Null,0,0,,53,Marlborough District,Stop,,,,,0,0,Open,0,,,Fine,Null
1575362,5186120,2455,,590602,0,0,0,2,0,Null,2008/2009,BRENTWOOD ST,QUEENSPARK DRIVE,,Non-Injury Crash,No,2009,0,North,0,0,0,Flat,0,,0,,0,Bright sun,2504402,0,0,0,2,0,0,0,0,1,,0,0,Canterbury Region,Nil,2-way,Sealed,0,0,0,0,50,0,Null,0,0,,60,Christchurch City,Stop,0,0,0,0,0,0,Urban,0,0,0,Fine,Null
1759015,5920539,2456,,514101,0,,0,1,,Null,2009/2010,QUAY ST,SH 16,,Non-Injury Crash,Yes,2009,,East,,0,,Flat,,,,,,Bright sun,438204,0,0,0,4,,,0,,,,,,Auckland Region,Nil,2-way,Sealed,,0,0,,50,,Off,0,0,,76,Auckland,Traffic Signals,,,,,1,0,Urban,0,,,Fine,Null
1820279,5546656,2457,,560412,0,0,0,1,0,Null,2008/2009,PHARAZYN ST,REID LINE WEST,,Non-Injury Crash,No,2009,0,North,0,0,1,Flat,0,,0,,0,Dark,1761802,0,0,0,2,0,0,0,0,0,,0,0,Manawatū-Whanganui Region,Nil,2-way,Sealed,0,0,0,0,100,0,None,0,0,,39,Manawatu District,Nil,0,0,0,0,0,0,Open,0,0,0,Fine,Null
1692707,5674575,2458,,552400,0,0,0,2,0,North,2008/2009,GLENPARK AVENUE,PARSONS ST,,Non-Injury Crash,No,2009,0,North,0,0,0,Hill Road,0,,0,,0,Dark,1572500,0,0,0,2,0,0,0,0,1,,0,0,Taranaki Region,Nil,2-way,Sealed,0,0,0,0,50,0,On,0,0,,33,New Plymouth District,Nil,0,0,0,0,0,0,Urban,0,0,0,Fine,Null
1679639,5403977,2459,,581230,0,,0,2,,West,2009/2010,HIGH ST,SEYMOUR ST,,Non-Injury Crash,No,2009,,West,,0,,Flat,,,,,,Bright sun,2298700,0,0,0,2,,,0,,,,,,Marlborough Region,Nil,2-way,Sealed,,0,0,,50,,Null,0,0,,53,Marlborough District,Give way,,,,,0,0,Urban,0,,,Fine,Null
1768533,5468456,2460,,566000,0,,0,2,,North,2009/2010,RIMU ROAD,IHAKARA ST,,Non-Injury Crash,No,2009,,North,,0,,Flat,,,,,,Overcast,2003709,0,0,0,2,,,0,,,,,,Wellington Region,Nil,2-way,Sealed,,0,0,,50,,Null,0,0,,43,Kapiti Coast District,Nil,,,,,0,0,Urban,0,,,Fine,Null
1767645,5907906,2461,,523502,0,0,0,1,0,Null,2009/2010,HILLS ROAD,HAMILL ROAD,,Non-Injury Crash,No,2009,0,North,0,0,1,Flat,0,,0,,0,Bright sun,703000,0,0,0,2,0,0,0,0,0,,0,0,Auckland Region,Nil,2-way,Sealed,0,0,0,0,50,0,Off,0,0,,76,Auckland,Give way,0,0,0,0,0,0,Urban,0,0,0,Fine,Null
1622796,5429138,2462,,583300,0,,0,1,,Null,2008/2009,WAIMEA ROAD,MOTUEKA ST,,Non-Injury Crash,No,2009,,North,,0,,Flat,,,,,,Bright sun,2330600,0,0,0,2,,,0,,,,,,Nelson Region,Nil,2-way,Sealed,,0,0,,50,,Null,1,0,,52,Nelson City,Give way,,,,,0,0,Urban,0,,,Fine,Null
1747841,5915117,2463,,511700,0,,0,1,,East,2008/2009,ST LEONARDS ROAD,SABULITE ROAD,,Non-Injury Crash,No,2009,,West,,0,,Flat,,,,,,Bright sun,271700,0,0,0,2,,,0,,,,,,Auckland Region,Nil,2-way,Sealed,,0,0,,50,,Null,1,0,,76,Auckland,Unknown,,,,,0,0,Urban,0,,,Fine,Null
1811917,5514964,2464,,564021,0,,0,2,,North,2009/2010,SH 57,ALBERT ROAD,,Non-Injury Crash,Yes,2009,,South,,0,,Flat,,,,,,Overcast,1853600,0,0,0,2,,,0,,,,,,Manawatū-Whanganui Region,Nil,2-way,Sealed,,0,0,,100,,Null,0,0,,42,Horowhenua District,Nil,,,,,0,0,Open,0,,,Light rain,Null
1759994,5906975,2465,,524111,0,0,0,1,0,North,2009/2010,ORLY AVENUE,WADDON PLACE,,Non-Injury Crash,No,2009,0,South,0,0,0,Flat,0,,0,,0,Dark,740000,0,0,0,1,0,0,0,0,0,,0,0,Auckland Region,Nil,1-way,Sealed,0,0,0,0,50,0,On,0,0,,76,Auckland,Nil,1,0,0,0,0,0,Urban,1,0,0,Fine,Null
1932813,5583144,2466,,545860,0,0,0,0,0,West,2009/2010,MARAETOTARA ROAD,OKAIHAU ROAD,,Non-Injury Crash,No,2009,0,South,0,0,1,Hill Road,0,,0,,0,Dark,1467400,0,0,0,0,0,0,0,1,0,,0,0,Hawke's Bay Region,Nil,2-way,Sealed,0,0,0,0,100,0,None,1,0,,30,Hastings District,Nil,0,0,0,1,0,0,Open,0,0,0,Null,Frost
1753198,5914939,2467,,518801,0,,0,2,,Null,2008/2009,ODONNELL AVENUE,RICHARDSON ROAD,,Non-Injury Crash,No,2009,,South,,0,,Flat,,,,,,Bright sun,575900,0,0,0,2,,,0,,,,,,Auckland Region,Nil,2-way,Sealed,,0,0,,50,,Off,0,0,,76,Auckland,Stop,,,,,0,0,Urban,0,,,Fine,Null
1258693,5004135,2468,,609302,0,,0,1,,West,2008/2009,SH 6A,ADELAIDE ST,,Non-Injury Crash,Yes,2009,,South,,0,,Flat,,,,,,Overcast,3034402,0,0,0,2,,,0,,,,,,Otago Region,Nil,2-way,Sealed,,0,0,,50,,Null,1,0,,70,Queenstown-Lakes District,Unknown,,,,,0,0,Urban,0,,,Fine,Null
1789497,5754518,2469,,532000,0,,0,2,,Null,2008/2009,RORA ST,AWAKINO ROAD,,Non-Injury Crash,Yes,2009,,South,,0,,Flat,,,,,,Dark,1009500,0,0,0,2,,,0,,,,,,Waikato Region,Nil,2-way,Sealed,,0,0,,50,,On,0,0,,20,Waitomo District,Stop,,,,,0,0,Urban,0,,,Fine,Null
1773421,5472063,2470,,566302,0,0,0,2,0,East,2009/2010,SH 1N,KEBBELL DRIVE,,Non-Injury Crash,Yes,2009,0,East,0,0,0,Flat,0,Labour Weekend,0,,0,Bright sun,1998404,0,0,0,2,0,0,0,0,0,,0,1,Wellington Region,Nil,2-way,Sealed,0,0,0,0,100,0,Null,0,0,,43,Kapiti Coast District,Nil,0,0,0,0,0,0,Open,0,0,0,Fine,Null
1822415,5462383,2471,,578902,0,0,0,1,0,West,2008/2009,SH 2,INTERMEDIATE ST,,Non-Injury Crash,Yes,2009,0,West,0,0,1,Flat,0,,0,,0,Dark,2231900,0,0,0,2,0,0,0,0,0,,0,0,Wellington Region,Nil,2-way,Sealed,0,0,0,0,50,0,On,1,0,,48,Masterton District,Nil,0,0,0,0,0,0,Urban,0,0,0,Fine,Null
1693429,5676231,2472,,551800,0,,0,2,,Null,2008/2009,SH 45 LEACH,GOVER ST,,Non-Injury Crash,Yes,2009,,North,,0,,Flat,,,,,,Bright sun,1594300,0,0,0,2,,,0,,,,,,Taranaki Region,Nil,2-way,Sealed,,0,0,,50,,Null,0,0,,33,New Plymouth District,Stop,,,,,0,0,Urban,0,,,Fine,Null