X,Y,OBJECTID,advisorySpeed,areaUnitID,bicycle,bridge,bus,carStationWagon,cliffBank,crashDirectionDescription,crashFinancialYear,crashLocation1,crashLocation2,crashRoadSideRoad,crashSeverity,crashSHDescription,crashYear,debris,directionRoleDescription,ditch,fatalCount,fence,flatHill,guardRail,holiday,houseOrBuilding,intersection,kerb,light,meshblockId,minorInjuryCount,moped,motorcycle,NumberOfLanes,objectThrownOrDropped,otherObject,otherVehicleType,overBank,parkedVehicle,pedestrian,phoneBoxEtc,postOrPole,region,roadCharacter,roadLane,roadSurface,roadworks,schoolBus,seriousInjuryCount,slipOrFlood,speedLimit,strayAnimal,streetLight,suv,taxi,temporarySpeedLimit,tlaId,tlaName,trafficControl,trafficIsland,trafficSign,train,tree,truck,unknownVehicleType,urban,vanOrUtility,vehicle,waterRiver,weatherA,weatherB
1824057,5527872,2473,,563200,0,0,0,1,0,Null,2008/2009,ALBERT ST,MANAWATU ST,,Non-Injury Crash,No,2009,0,North,0,0,0,Flat,0,,0,,0,Overcast,1851900,0,0,0,2,0,0,0,0,0,,0,1,Manawatū-Whanganui Region,Nil,2-way,Sealed,0,0,0,0,50,0,Null,0,0,,40,Palmerston North City,Nil,0,0,0,0,0,0,Urban,0,0,0,Fine,Null
1775569,5577648,2474,,557100,0,,0,1,,Null,2009/2010,RIDGWAY ST,DREWS AVENUE,,Non-Injury Crash,No,2009,,West,,0,,Hill Road,,,,,,Dark,1697900,0,0,0,2,,,0,,,,,,Manawatū-Whanganui Region,Nil,2-way,Sealed,,0,0,,50,,On,0,0,,37,Whanganui District,Give way,,,,,0,0,Urban,1,,,Fine,Null
1754092,5446721,2475,,570600,0,0,0,1,0,North,2009/2010,PIKO ST,MAWHARE ST,,Non-Injury Crash,No,2009,0,South,0,0,0,Flat,0,,0,,0,Dark,2039100,0,0,0,2,0,0,0,0,1,,0,0,Wellington Region,Nil,2-way,Sealed,0,0,0,0,50,0,On,0,0,,44,Porirua City,Nil,0,0,0,0,0,0,Urban,1,0,0,Fine,Null
1566903,5182152,2476,,589400,0,,0,2,,North,2008/2009,CLYDE ROAD,JEFFREYS ROAD,,Non-Injury Crash,No,2009,,North,,0,,Flat,,,,,,Overcast,2544000,0,0,0,2,,,0,,,,,,Canterbury Region,Nil,2-way,Sealed,,0,0,,50,,Null,0,0,,60,Christchurch City,Unknown,,,,,0,0,Urban,0,,,Fine,Null
1746842,5428192,2477,,575200,0,0,0,1,0,North,2009/2010,CURTIS ST,CHAYTOR ST,,Non-Injury Crash,No,2009,0,North,0,0,0,Hill Road,0,,0,,0,Bright sun,2149700,0,0,0,2,0,0,0,0,1,,0,0,Wellington Region,Nil,2-way,Sealed,0,0,0,0,50,0,Null,0,0,,47,Wellington City,Nil,0,0,0,0,1,0,Urban,0,0,0,Fine,Null
2033452,5716514,2478,,543902,0,,0,1,,East,2008/2009,WAIMATA VALLEY ROAD,BACK ORMOND ROAD,,Non-Injury Crash,No,2009,,East,,0,,Hill Road,,,,,,Bright sun,1357100,0,0,0,2,,,0,,,,,,Gisborne Region,Nil,2-way,Sealed,,0,0,,100,,Null,0,0,,28,Gisborne District,Nil,,,,,1,0,Open,0,,,Fine,Null
1935948,5621077,2479,,546901,0,0,0,2,0,East,2009/2010,THACKERAY ST,JULL ST,,Non-Injury Crash,No,2009,0,East,0,0,0,Flat,0,,0,,0,Overcast,1429000,0,0,0,2,0,0,0,0,1,,0,0,Hawke's Bay Region,Nil,2-way,Sealed,0,0,0,0,50,0,Null,0,0,,31,Napier City,Nil,0,0,0,0,0,0,Urban,0,0,0,Fine,Null
1792626,5499703,2480,,564232,0,0,0,1,0,South,2008/2009,SH 1N,RINA ST,,Non-Injury Crash,Yes,2009,0,North,0,0,0,Flat,0,,0,,0,Bright sun,1872500,0,0,0,2,0,0,0,0,1,,0,0,Manawatū-Whanganui Region,Nil,2-way,Sealed,0,0,0,0,50,0,Null,1,0,,42,Horowhenua District,Nil,0,0,0,0,0,0,Urban,0,0,0,Fine,Null
1668005,5407679,2481,,580449,0,,0,0,,North,2009/2010,Z RIVER ACCESS,SH 6/SH 62,,Non-Injury Crash,No,2009,,East,,0,,Flat,,,,,,Overcast,2278100,0,0,0,0,,,0,,,,,,Marlborough Region,Nil,Off road,Sealed,,0,0,,50,,Null,2,0,,53,Marlborough District,Nil,,,,,0,0,Urban,0,,,Light rain,Null
1687604,6103138,2482,,500900,0,0,0,1,0,Null,2009/2010,WAIPAPA ROAD,LANDING ROAD,,Non-Injury Crash,No,2009,0,South,1,0,0,Flat,0,,0,,0,Overcast,53002,0,0,0,1,0,0,0,0,0,,0,0,Northland Region,Nil,1-way,Sealed,0,0,0,0,50,0,None,0,0,,1,Far North District,Give way,0,0,0,0,0,0,Urban,0,0,0,Fine,Null
1801059,5817105,2483,,529800,0,0,0,1,0,South,2009/2010,HEAPHY TERRACE,MARSHALL ST,,Non-Injury Crash,No,2009,0,North,0,0,0,Flat,1,,0,,0,Dark,870200,0,0,0,2,0,0,0,0,0,,0,0,Waikato Region,Nil,2-way,Sealed,0,0,0,0,50,0,On,0,0,,16,Hamilton City,Nil,1,1,0,0,0,0,Urban,0,0,0,Fine,Null
1930321,5604984,2484,,548200,0,,0,1,,East,2008/2009,WARREN ST NORTH,ST AUBYN ST EAST,,Non-Injury Crash,No,2009,,South,,0,,Flat,,,,,,Overcast,1494400,0,0,0,2,,,0,,,,,,Hawke's Bay Region,Nil,2-way,Sealed,,0,0,,50,,Null,1,0,,30,Hastings District,Nil,,,,,0,0,Urban,0,,,Heavy rain,Null
1951028,5791991,2485,,542410,0,,0,2,,East,2009/2010,THE STRAND,BOON ST,,Non-Injury Crash,No,2009,,West,,0,,Flat,,,,,,Bright sun,1305200,0,0,0,2,,,0,,,,,,Bay of Plenty Region,Nil,2-way,Sealed,,0,0,,50,,Null,0,0,,25,Whakatane District,Give way,,,,,0,0,Urban,0,,,Fine,Null
1663809,5407229,2486,,580447,0,0,0,1,1,West,2008/2009,NORTHBANK ROAD,SH 6,,Non-Injury Crash,No,2009,0,West,0,0,0,Flat,0,,0,,0,Bright sun,2286900,0,0,0,2,0,0,0,0,0,,0,0,Marlborough Region,Nil,2-way,Sealed,0,0,0,0,100,0,Null,0,0,,53,Marlborough District,Nil,0,0,0,0,0,0,Open,0,0,0,Fine,Frost
1748906,5425028,2487,,576301,0,0,0,2,0,Null,2008/2009,COLOMBO ST,RINTOUL ST,,Non-Injury Crash,No,2009,0,East,0,0,0,Hill Road,0,,0,,0,Bright sun,2165200,0,0,0,2,0,0,0,0,1,,0,0,Wellington Region,Nil,2-way,Sealed,0,0,0,0,50,0,Null,0,0,,47,Wellington City,Nil,0,0,0,0,0,0,Urban,1,0,0,Fine,Null
1764475,5912951,2488,,520500,0,,0,2,,Null,2009/2010,SOUTH-EASTERN HIGHWAY,CARBINE ROAD,,Non-Injury Crash,No,2009,,East,,0,,Flat,,,,,,Bright sun,639100,0,0,0,2,,,0,,,,,,Auckland Region,Nil,2-way,Sealed,,0,0,,100,,Off,0,0,,76,Auckland,Traffic Signals,,,,,0,0,Open,0,,,Fine,Null
1770723,5899061,2489,,523911,0,,0,1,,South,2009/2010,PRINCESS ST,MANUROA ROAD,,Non-Injury Crash,No,2009,,West,,0,,Flat,,,,,,Bright sun,766901,0,0,0,2,,,0,,,,,,Auckland Region,Nil,2-way,Sealed,,0,0,,50,,Off,0,0,,76,Auckland,Nil,,,,,0,0,Urban,1,,,Fine,Null
1767796,5900963,2490,,524720,0,0,0,1,0,West,2008/2009,RUSSELL ROAD,MCKEAN AVENUE,,Non-Injury Crash,No,2009,0,West,0,0,0,Flat,0,,0,,0,Dark,777601,0,0,0,2,0,0,0,0,0,,0,1,Auckland Region,Nil,2-way,Sealed,0,0,0,0,50,0,On,0,0,,76,Auckland,Unknown,0,0,0,0,0,0,Urban,0,0,0,Fine,Null
1789428,5495407,2491,,564021,0,0,0,1,0,Null,2009/2010,SH 1N,OHAU RIV BR,,Non-Injury Crash,Yes,2009,1,South,0,0,0,Flat,0,,0,,0,Bright sun,1859100,0,0,0,2,0,0,0,0,0,,0,0,Manawatū-Whanganui Region,Bridge,2-way,Sealed,0,0,0,0,100,0,Null,1,0,,42,Horowhenua District,Nil,0,0,0,0,0,0,Open,0,0,0,Fine,Null
1766015,5907743,2492,80,522301,0,0,0,1,0,North,2009/2010,SH 1N,OTARA ON NBD,,Non-Injury Crash,Yes,2009,0,North,0,0,0,Flat,0,,0,,0,Bright sun,666700,0,0,0,3,0,0,0,0,0,,0,0,Auckland Region,Nil,1-way,Sealed,0,0,0,0,100,0,Off,0,0,,76,Auckland,Nil,0,0,0,1,0,0,Open,0,0,0,Fine,Null
1754521,5444239,2493,,570800,0,,0,2,,Null,2008/2009,TITAHI BAY ROAD,KENEPURU DRIVE,,Non-Injury Crash,No,2009,,North,,0,,Flat,,,,,,Twilight,2052700,0,0,0,4,,,0,,,,,,Wellington Region,Nil,2-way,Sealed,,0,0,,50,,Off,0,0,,44,Porirua City,Give way,,,,,0,0,Urban,0,,,Fine,Null
1409344,4916418,2494,,604810,0,,0,2,,West,2008/2009,PORTOBELLO ROAD,IRVINE ROAD,,Non-Injury Crash,No,2009,,West,,0,,Flat,,,,,,Dark,2940601,0,0,0,2,,,0,,,,,,Otago Region,Nil,2-way,Sealed,,0,0,,70,,None,0,0,,71,Dunedin City,Unknown,,,,,0,0,Urban,0,,,Fine,Null
1757799,5435524,2495,70,569302,0,,0,1,,South,2008/2009,SH 2,DOWSE DRIVE,,Non-Injury Crash,Yes,2009,,West,,0,,Flat,,,,,,Overcast,1921900,0,0,0,3,,,0,,,,,,Wellington Region,Nil,2-way,Sealed,,0,0,,100,,Null,0,0,,46,Lower Hutt City,Nil,,,,,1,0,Open,0,,,Light rain,Strong wind
1754452,5915142,2496,,518802,0,,0,1,,Null,2009/2010,MOUNT ALBERT ROAD,SANDRINGHAM ROAD,,Non-Injury Crash,No,2009,,West,,0,,Flat,,,,,,Overcast,577300,0,0,0,4,,,0,,,,,,Auckland Region,Nil,2-way,Sealed,,0,0,,50,,Off,0,0,,76,Auckland,Traffic Signals,,,,,0,0,Urban,1,,,Null,Null
1752282,5436070,2497,,573801,0,0,0,2,0,East,2008/2009,MARK AVENUE,TANIA WAY,,Non-Injury Crash,No,2009,0,West,0,0,0,Flat,0,,0,,0,Dark,2079300,0,0,0,2,0,0,0,0,2,,0,0,Wellington Region,Nil,2-way,Sealed,0,0,0,0,50,0,On,0,0,,47,Wellington City,Nil,0,0,0,0,1,0,Urban,0,0,0,Fine,Null
1764087,5911564,2498,,520500,0,,0,2,,Null,2009/2010,PANAMA ROAD,MOUNT WELLINGTON HIGHWAY,,Non-Injury Crash,No,2009,,West,,0,,Flat,,,,,,Dark,637900,0,0,0,5,,,0,,,,,,Auckland Region,Nil,2-way,Sealed,,0,0,,50,,On,0,0,,76,Auckland,Traffic Signals,,,,,0,0,Urban,0,,,Fine,Null
1683765,5410680,2499,45,580448,0,0,0,1,0,East,2008/2009,CHAYTORS ROAD,CONNOLLYS ROAD,,Non-Injury Crash,No,2009,0,South,1,0,0,Flat,0,,0,,0,Dark,2279104,0,0,0,2,0,0,0,0,0,,0,0,Marlborough Region,Nil,2-way,Sealed,0,0,0,0,100,0,None,0,0,,53,Marlborough District,Nil,0,0,0,0,0,0,Open,0,0,0,Light rain,Null
1758390,5433776,2500,,570000,0,,0,0,,East,2008/2009,MARINE PARADE,WAIONE ST,,Non-Injury Crash,No,2009,,West,,0,,Flat,,,,,,Bright sun,2027100,0,0,0,2,,,0,,,,,,Wellington Region,Nil,2-way,Sealed,,0,0,,50,,Null,2,0,,46,Lower Hutt City,Nil,,,,,0,0,Urban,0,,,Fine,Null
1804399,5508962,2501,,563500,0,,0,2,,Null,2008/2009,SH 57,GREY ST,,Non-Injury Crash,Yes,2009,,South,,0,,Flat,,,,,,Bright sun,1860500,0,0,0,2,,,0,,,,,,Manawatū-Whanganui Region,Nil,2-way,Sealed,,0,0,,70,,Null,0,0,,42,Horowhenua District,Give way,,,,,2,0,Urban,0,,,Fine,Null
1621978,5428041,2502,,583300,0,,0,0,,North,2009/2010,WAIMEA ROAD,BEATSON ROAD,,Non-Injury Crash,No,2009,,North,,0,,Hill Road,,,,,,Bright sun,2331401,0,0,0,2,,,0,,,,,,Nelson Region,Nil,2-way,Sealed,,0,0,,70,,Null,2,0,,52,Nelson City,Nil,,,,,0,0,Urban,0,,,Fine,Null
1758140,5920853,2503,,514101,0,,0,1,,Null,2009/2010,TINLEY ST,QUAY ST,,Non-Injury Crash,No,2009,,South,,0,,Flat,,,,,,Bright sun,438211,0,0,0,2,,,0,,,,,,Auckland Region,Nil,2-way,Sealed,,0,0,,50,,Off,0,0,,76,Auckland,Traffic Signals,,,,,1,0,Urban,0,,,Fine,Null
1566245,5182970,2504,,589100,0,0,0,0,0,South,2008/2009,TRUMAN ROAD,CLYDE ROAD,,Non-Injury Crash,No,2009,0,North,0,0,1,Flat,0,,0,,0,Dark,2516000,0,0,0,2,0,0,0,0,0,,0,0,Canterbury Region,Nil,2-way,Sealed,0,0,0,0,50,0,On,1,0,,60,Christchurch City,Unknown,0,0,0,1,0,0,Urban,0,0,0,Fine,Null
1768234,5902341,2505,,524901,0,,0,1,,South,2009/2010,GREAT SOUTH ROAD,BROWNS ROAD,,Non-Injury Crash,No,2009,,North,,0,,Hill Road,,Labour Weekend,,,,Overcast,754200,0,0,0,4,,,0,,,,,,Auckland Region,Nil,2-way,Sealed,,0,0,,50,,Off,0,0,,76,Auckland,Nil,,,,,1,0,Urban,0,,,Fine,Null
1690920,5675910,2506,,551400,0,0,0,2,0,West,2008/2009,SH 44,KINGWELL ST,,Non-Injury Crash,Yes,2009,0,West,0,0,1,Flat,0,,0,,0,Dark,1587300,0,0,0,2,0,0,0,0,1,,0,0,Taranaki Region,Nil,2-way,Sealed,0,0,0,0,50,0,On,0,0,,33,New Plymouth District,Nil,0,0,0,0,0,0,Urban,0,0,0,Fine,Null
1769186,5900415,2507,,525002,0,,0,1,,North,2008/2009,GREAT SOUTH ROAD,MYERS ROAD,,Non-Injury Crash,No,2009,,South,,0,,Flat,,,,,,Bright sun,753202,0,0,0,2,,,0,,,,,,Auckland Region,Nil,2-way,Sealed,,0,0,,50,,Null,0,0,,76,Auckland,Unknown,,,,,0,0,Urban,1,,,Fine,Null
1599597,5452889,2508,45,581850,0,,0,1,,Null,2009/2010,SH 60,FACTORY ROAD,,Non-Injury Crash,Yes,2009,,North,,0,,Flat,,,,,,Overcast,2368000,0,0,0,2,,,0,,,,,,Tasman Region,Nil,2-way,Sealed,,0,0,,50,,Null,1,0,,51,Tasman District,Give way,,,,,0,0,Urban,0,,,Fine,Null
1748386,5426962,2509,,573101,0,,0,2,,North,2008/2009,VICTORIA ST,ABEL SMITH ST,,Non-Injury Crash,No,2009,,East,,0,,Flat,,,,,,Overcast,2132200,0,0,0,3,,,0,,,,,,Wellington Region,Nil,2-way,Sealed,,0,0,,50,,Null,0,0,,47,Wellington City,Nil,,,,,0,0,Urban,0,,,Fine,Null
1763307,5428886,2510,,565200,0,0,0,1,0,West,2009/2010,BURDEN AVENUE,WOOD ST,,Non-Injury Crash,No,2009,0,East,0,0,0,Flat,0,,0,,0,Overcast,2020900,0,0,0,2,0,0,0,0,0,,0,1,Wellington Region,Nil,2-way,Sealed,0,0,0,0,50,0,Null,0,0,,46,Lower Hutt City,Nil,0,0,0,0,0,0,Urban,0,0,0,Heavy rain,Strong wind
2034021,5709187,2511,,544400,0,0,0,0,0,Null,2008/2009,CHALMERS ROAD,OATES ST,,Non-Injury Crash,No,2009,0,South,0,0,1,Flat,0,,0,,0,Dark,1374000,0,0,0,2,0,1,0,0,0,,0,0,Gisborne Region,Nil,2-way,Sealed,0,0,0,0,50,0,On,0,0,,28,Gisborne District,Give way,0,0,0,0,0,0,Urban,1,0,0,Fine,Null
1823655,5463108,2512,,578600,0,,0,2,,Null,2008/2009,QUEEN ST,RENALL ST,,Non-Injury Crash,No,2009,,North,,0,,Flat,,,,,,Overcast,2243600,0,0,0,2,,,0,,,,,,Wellington Region,Nil,2-way,Sealed,,0,0,,50,,Null,0,0,,48,Masterton District,Give way,,,,,0,0,Urban,0,,,Light rain,Null
1757004,5450377,2513,,571900,0,,0,2,,Null,2008/2009,SH 1N,ULRIC ST,,Non-Injury Crash,Yes,2009,,North,,0,,Flat,,,,,,Overcast,2068300,0,0,0,2,,,0,,,,,,Wellington Region,Nil,2-way,Sealed,,0,0,,50,,Null,0,0,,44,Porirua City,Give way,,,,,0,0,Urban,0,,,Fine,Null
1766100,5907659,2514,,522301,0,,0,2,,South,2009/2010,SH 1N,1 LINK 16,,Non-Injury Crash,Yes,2009,,North,,0,,Flat,,,,,,Bright sun,666700,0,0,0,3,,,0,,,,,,Auckland Region,Nil,1-way,Sealed,,0,0,,80,,Off,0,0,,76,Auckland,Nil,,,,,0,0,Open,0,,,Fine,Null
1623358,5431115,2515,,582500,0,0,0,1,0,Null,2009/2010,ST VINCENT ST,HAVEN ROAD,,Non-Injury Crash,No,2009,0,North,0,0,1,Flat,0,,0,,1,Dark,2319300,0,0,0,2,0,0,0,0,0,,0,1,Nelson Region,Nil,2-way,Sealed,0,0,0,0,50,0,On,0,0,,52,Nelson City,Give way,0,0,0,0,0,0,Urban,0,0,0,Fine,Null
1842570,5816912,2516,,535000,0,,0,2,,East,2008/2009,MCGOWAN ST,SEDDON ST,,Non-Injury Crash,No,2009,,West,,0,,Flat,,,,,,Overcast,1111600,0,0,0,2,,,0,,,,,,Waikato Region,Nil,2-way,Sealed,,0,0,,50,,Null,0,0,,15,Matamata-Piako District,Give way,,,,,0,0,Urban,0,,,Fine,Null
1758097,5590173,2517,,555400,0,0,0,1,0,West,2008/2009,SH 3,MAXWELL STATION ROAD,,Non-Injury Crash,Yes,2009,0,West,0,0,1,Hill Road,0,,0,,0,Dark,1679200,0,0,0,2,0,0,0,0,0,,0,0,Manawatū-Whanganui Region,Nil,2-way,Sealed,0,0,0,0,100,0,None,0,0,,37,Whanganui District,Nil,0,1,0,0,0,0,Open,0,0,0,Light rain,Null
1794220,5499571,2518,,564231,0,,0,2,,West,2008/2009,MEADOWVALE DRIVE,FREYBERG ST,,Non-Injury Crash,No,2009,,West,,0,,Flat,,,,,,Overcast,1868100,0,0,0,2,,,0,,,,,,Manawatū-Whanganui Region,Nil,2-way,Sealed,,0,0,,50,,Null,0,0,,42,Horowhenua District,Nil,,,,,0,0,Urban,0,,,Light rain,Null
1829265,5524176,2519,35,561902,0,,0,2,,South,2008/2009,PAHIATUA AOKAUTERE ROAD,HARRISON HILL ROAD,,Non-Injury Crash,No,2009,,West,,0,,Hill Road,,,,,,Overcast,1799402,0,0,0,2,,,0,,,,,,Manawatū-Whanganui Region,Nil,2-way,Sealed,,0,0,,100,,Null,0,0,,40,Palmerston North City,Nil,,,,,0,0,Open,0,,,Fine,Null
1774861,5909360,2520,,523202,0,,0,1,,Null,2008/2009,WHITFORD PARK ROAD,WHITFORD ROAD,,Non-Injury Crash,No,2009,,North,,0,,Flat,,,,,,Dark,716601,0,0,0,2,,,0,,,,,,Auckland Region,Nil,2-way,Sealed,,0,0,,50,,None,1,0,,76,Auckland,Give way,,,,,0,0,Urban,0,,,Fine,Null
1754503,5444257,2521,,570800,0,,0,1,,Null,2009/2010,TITAHI BAY ROAD,KENEPURU DRIVE,,Non-Injury Crash,No,2009,,East,,0,,Flat,,,,,,Bright sun,2052600,0,0,0,4,,,0,,,,,,Wellington Region,Nil,2-way,Sealed,,0,0,,50,,Null,0,0,,44,Porirua City,Give way,,,,,1,0,Urban,0,,,Fine,Null
1747279,5919581,2522,,512402,0,,0,2,,Null,2008/2009,TE ATATU ROAD,TE ATATU OFF WBD,,Non-Injury Crash,Yes,2009,,North,,0,,Flat,,,,,,Dark,253700,0,0,0,4,,,0,,,,,,Auckland Region,Nil,2-way,Sealed,,0,0,,50,,On,0,0,,76,Auckland,Give way,,,,,0,0,Urban,0,,,Light rain,Null
1755064,5927898,2523,,508620,0,,0,3,,East,2009/2010,ARCHERS ROAD,CHIVALRY ROAD,,Non-Injury Crash,No,2009,,West,,0,,Hill Road,,,,,,Twilight,202600,0,0,0,2,,,0,,,,,,Auckland Region,Nil,2-way,Sealed,,0,0,,50,,Off,0,0,,76,Auckland,Nil,,,,,0,0,Urban,1,,,Fine,Null
1798415,5815902,2524,,528900,0,0,0,2,0,Null,2008/2009,SH 1N,NORTON ROAD,,Non-Injury Crash,Yes,2009,0,West,0,0,0,Flat,1,,0,,0,Dark,915500,0,0,0,2,0,0,0,0,0,,0,0,Waikato Region,Nil,2-way,Sealed,0,0,0,0,60,0,On,0,0,,16,Hamilton City,Give way,0,0,0,0,0,0,Urban,0,0,0,Fine,Null
1575892,5391429,2525,,581842,0,,0,1,,West,2009/2010,SH 6,HOPE SDL,,Non-Injury Crash,Yes,2009,,North,,0,,Hill Road,,,,,,Overcast,2376202,0,0,0,2,,,0,,,,,,Tasman Region,Nil,2-way,Sealed,,0,0,,100,,Null,0,0,,51,Tasman District,Nil,,,,,0,0,Open,0,,,Snow,Null
1747197,5428077,2526,,575200,0,0,0,1,0,North,2008/2009,THE RIGI,GLENMORE ST,,Non-Injury Crash,No,2009,0,North,0,0,1,Hill Road,0,,0,,0,Overcast,2150100,0,0,0,2,0,0,0,0,0,,0,0,Wellington Region,Nil,2-way,Sealed,0,0,0,0,50,0,Null,0,0,,47,Wellington City,Nil,0,0,0,0,0,0,Urban,0,0,0,Fine,Null
1766300,5438451,2527,,568104,0,0,0,1,0,Null,2008/2009,STOKES VALLEY ROAD,RAUKAWA ST,,Non-Injury Crash,No,2009,0,West,0,0,0,Flat,0,,0,,0,Overcast,1926300,0,0,0,2,0,0,0,0,1,,0,0,Wellington Region,Nil,2-way,Sealed,0,0,0,0,50,0,Null,0,0,,46,Lower Hutt City,Give way,0,0,0,0,0,0,Urban,1,0,0,Fine,Null
1563552,5179276,2528,,587701,0,,0,2,,North,2008/2009,RACECOURSE ROAD,LOWTHER ST,,Non-Injury Crash,No,2009,,North,,0,,Flat,,,,,,Bright sun,2479700,0,0,0,2,,,0,,,,,,Canterbury Region,Nil,2-way,Sealed,,0,0,,50,,Null,0,0,,60,Christchurch City,Unknown,,,,,0,0,Urban,0,,,Fine,Null
1801884,5814805,2529,,530200,0,0,0,1,0,South,2009/2010,GREY ST,CLYDE ST,,Non-Injury Crash,No,2009,0,North,0,0,0,Flat,0,Christmas New Year,0,,0,Bright sun,893000,0,0,0,3,0,0,0,0,1,,0,0,Waikato Region,Nil,2-way,Sealed,0,0,0,0,50,0,Off,1,0,,16,Hamilton City,Nil,0,0,0,0,0,0,Urban,0,0,0,Fine,Null
1759648,5435380,2530,,569001,1,,0,1,,East,2009/2010,WOBURN ROAD,WAI-ITI CRESCENT,,Non-Injury Crash,No,2009,,West,,0,,Flat,,,,,,Overcast,1964500,0,0,0,2,,,0,,,,,,Wellington Region,Nil,2-way,Sealed,,0,0,,50,,Null,0,1,,46,Lower Hutt City,Nil,,,,,0,0,Urban,0,,,Fine,Null
1750811,5423363,2531,,577000,0,,0,2,,North,2008/2009,Z CPK SUPERCHEAP AUTOS,TIRANGI/LYALL PARADE,,Non-Injury Crash,No,2009,,South,,0,,Flat,,,,,,Overcast,2175600,0,0,0,0,,,0,,,,,,Wellington Region,Nil,Off road,Sealed,,0,0,,50,,Null,0,0,,47,Wellington City,Nil,,,,,0,0,Urban,0,,,Heavy rain,Strong wind
1768512,5900918,2532,,525001,0,,0,2,,Null,2009/2010,STATION ROAD,LUPTON ROAD,,Non-Injury Crash,No,2009,,South,,0,,Flat,,,,,,Dark,752000,0,0,0,2,,,0,,,,,,Auckland Region,Nil,1-way,Sealed,,0,0,,50,,On,0,0,,76,Auckland,Give way,,,,,0,0,Urban,0,,,Fine,Null
1405996,4915787,2533,,602900,0,0,0,0,1,Null,2008/2009,WOLSELEY ST,SH 1S,,Non-Injury Crash,Yes,2009,0,South,0,0,0,Flat,0,,0,,0,Dark,2895900,0,0,1,2,0,0,0,0,0,,0,0,Otago Region,Nil,2-way,Sealed,0,0,0,0,50,0,On,0,0,,71,Dunedin City,Give way,0,0,0,0,0,0,Urban,0,0,0,Fine,Null
2036545,5707804,2534,,544600,0,0,0,1,0,South,2008/2009,GREY ST,SALISBURY ROAD,,Non-Injury Crash,No,2009,0,North,0,0,0,Flat,0,,0,,0,Twilight,1370200,0,0,0,2,0,0,0,0,1,,0,0,Gisborne Region,Nil,2-way,Sealed,0,0,0,0,50,0,Off,0,0,,28,Gisborne District,Nil,0,0,0,0,1,0,Urban,0,0,0,Fine,Null
1858535,5839853,2535,,535800,0,,0,2,,Null,2009/2010,BEACH ROAD,CLIVE ROAD,,Non-Injury Crash,No,2009,,North,,0,,Flat,,,,,,Overcast,1183700,0,0,0,2,,,0,,,,,,Bay of Plenty Region,Nil,2-way,Sealed,,0,0,,50,,Null,0,0,,22,Western Bay of Plenty District,Give way,,,,,0,0,Urban,0,,,Light rain,Null
1755300,5937825,2536,,506903,0,0,0,1,0,South,2008/2009,IAN SAGE AVENUE,ASHLEY AVENUE,,Non-Injury Crash,No,2009,0,South,0,0,1,Hill Road,0,,0,,0,Overcast,178311,0,0,0,1,0,0,0,0,0,,0,0,Auckland Region,Nil,2-way,Sealed,0,0,0,0,50,0,Off,0,0,,76,Auckland,Nil,0,0,0,0,0,0,Urban,0,0,0,Fine,Null
1746209,5428432,2537,,574800,0,,0,2,,West,2009/2010,KARORI ROAD,LANCASTER ST,,Non-Injury Crash,No,2009,,West,,0,,Flat,,,,,,Twilight,2107003,0,0,0,2,,,0,,,,,,Wellington Region,Nil,2-way,Sealed,,0,0,,50,,Off,0,0,,47,Wellington City,Nil,,,,,0,0,Urban,0,,,Fine,Null
1819461,5547570,2538,,560422,0,0,0,1,0,Null,2009/2010,MAKINO ROAD,REID LINE WEST,,Non-Injury Crash,No,2009,0,East,0,0,0,Flat,0,,0,,0,Overcast,1761600,0,0,0,2,0,0,0,0,0,,0,1,Manawatū-Whanganui Region,Nil,2-way,Sealed,0,0,0,0,100,0,Null,0,0,,39,Manawatu District,Give way,0,0,0,0,0,0,Open,0,0,0,Fine,Null
1684747,6098467,2539,,501615,0,,0,0,,North,2008/2009,SH 10,KERIKERI ROAD,,Non-Injury Crash,Yes,2009,,South,,0,,Hill Road,,,,,,Overcast,49802,0,0,0,2,,,0,,,,,,Northland Region,Nil,2-way,Sealed,,0,0,,80,,Null,0,0,,1,Far North District,Unknown,,,,,2,0,Open,0,,,Light rain,Null
1998332,5739239,2540,,543601,0,0,0,0,0,North,2009/2010,SH 2 MATAWAI,STATION ROAD,,Non-Injury Crash,Yes,2009,0,North,0,0,1,Hill Road,0,,0,,0,Overcast,1352200,0,0,0,2,0,0,0,0,0,,0,0,Gisborne Region,Nil,2-way,Sealed,0,0,0,0,100,0,Null,1,0,,28,Gisborne District,Nil,0,0,0,0,0,0,Open,0,0,0,Heavy rain,Strong wind
1767207,5912314,2541,,522920,0,,0,3,,Null,2009/2010,TI RAKAU DRIVE,EDGEWATER DRIVE W,,Non-Injury Crash,No,2009,,West,,0,,Flat,,,,,,Dark,687002,0,0,0,4,,,0,,,,,,Auckland Region,Nil,2-way,Sealed,,0,0,,60,,On,0,0,,76,Auckland,Traffic Signals,,,,,0,0,Urban,0,,,Fine,Null