X,Y,OBJECTID,advisorySpeed,areaUnitID,bicycle,bridge,bus,carStationWagon,cliffBank,crashDirectionDescription,crashFinancialYear,crashLocation1,crashLocation2,crashRoadSideRoad,crashSeverity,crashSHDescription,crashYear,debris,directionRoleDescription,ditch,fatalCount,fence,flatHill,guardRail,holiday,houseOrBuilding,intersection,kerb,light,meshblockId,minorInjuryCount,moped,motorcycle,NumberOfLanes,objectThrownOrDropped,otherObject,otherVehicleType,overBank,parkedVehicle,pedestrian,phoneBoxEtc,postOrPole,region,roadCharacter,roadLane,roadSurface,roadworks,schoolBus,seriousInjuryCount,slipOrFlood,speedLimit,strayAnimal,streetLight,suv,taxi,temporarySpeedLimit,tlaId,tlaName,trafficControl,trafficIsland,trafficSign,train,tree,truck,unknownVehicleType,urban,vanOrUtility,vehicle,waterRiver,weatherA,weatherB
1806064,5448708,2542,,579900,0,0,0,1,0,North,2008/2009,SH 2,PAPAWAI ROAD,,Non-Injury Crash,Yes,2009,0,West,0,0,0,Flat,0,,0,,1,Dark,2267000,0,0,0,2,0,0,0,0,0,,0,0,Wellington Region,Nil,2-way,Sealed,0,0,0,0,50,0,On,0,0,,50,South Wairarapa District,Give way,0,0,0,0,0,0,Urban,0,0,0,Fine,Null
1863881,5544488,2543,,550102,0,0,0,0,0,Null,2009/2010,SH 2,ALLARDICE ST,,Non-Injury Crash,Yes,2009,0,East,0,0,0,Flat,0,,0,,0,Dark,1528100,0,0,0,2,0,0,0,0,0,,0,1,Manawatū-Whanganui Region,Nil,2-way,Sealed,0,0,0,0,50,0,On,0,0,,41,Tararua District,Stop,0,0,0,0,0,0,Urban,1,0,0,Fine,Null
1959448,5665578,2544,45,545301,0,,0,2,,South,2009/2010,SH 2,PUTERE ROAD,,Non-Injury Crash,Yes,2009,,West,,0,,Hill Road,,Christmas New Year,,,,Bright sun,1392400,0,0,0,2,,,0,,,,,,Hawke's Bay Region,Nil,2-way,Sealed,,0,0,,100,,Null,0,0,,29,Wairoa District,Nil,,,,,0,0,Open,0,,,Fine,Null
1743832,5908016,2545,,513800,0,0,0,1,0,North,2009/2010,HUIA ROAD,LOWER NIHOTUPU DAM ROAD,,Non-Injury Crash,No,2009,0,West,0,0,0,Hill Road,0,,0,,0,Dark,303001,0,0,0,2,0,1,0,0,0,,0,0,Auckland Region,Nil,2-way,Sealed,0,0,0,0,80,0,Off,0,0,,76,Auckland,Nil,0,0,0,0,0,0,Open,0,0,0,Light rain,Null
1951338,5792200,2546,,542410,0,0,0,1,0,North,2009/2010,KAKAHOROA DRIVE,QUAY ST,,Non-Injury Crash,No,2009,0,South,0,0,0,Flat,0,,0,,0,Dark,1305500,0,0,0,2,0,0,0,0,1,,0,0,Bay of Plenty Region,Nil,2-way,Sealed,0,0,0,0,50,0,On,1,0,,25,Whakatane District,Nil,0,0,0,0,0,0,Urban,0,0,0,Fine,Null
1879484,5824284,2547,,538201,0,0,0,1,0,North,2009/2010,DEVONPORT ROAD,ELIZABETH ST,,Non-Injury Crash,No,2009,0,West,0,0,0,Hill Road,0,,0,,0,Bright sun,1165000,0,0,0,2,0,0,0,0,0,,0,0,Bay of Plenty Region,Nil,2-way,Sealed,0,0,0,0,50,0,Off,0,0,,23,Tauranga City,Nil,0,0,0,0,0,0,Urban,1,1,0,Fine,Null
1867707,5713427,2548,,541720,0,,0,2,,Null,2009/2010,TAMAMUTU ST,KAIMANAWA ST,,Non-Injury Crash,No,2009,,West,,0,,Flat,,,,,,Dark,1273200,0,0,0,2,,,0,,,,,,Waikato Region,Nil,2-way,Sealed,,0,0,,50,,On,0,0,,21,Taupo District,Stop,,,,,0,0,Urban,0,,,Fine,Null
1754350,5927659,2549,,508310,0,0,0,1,0,North,2009/2010,CHEQUERS AVENUE,LINGFIELD ST,,Non-Injury Crash,No,2009,0,North,0,0,0,Flat,0,,0,,0,Bright sun,201100,0,0,0,2,0,0,0,0,1,,0,0,Auckland Region,Nil,2-way,Sealed,0,0,0,0,50,0,Off,0,0,,76,Auckland,Nil,0,0,0,0,1,0,Urban,0,0,0,Fine,Null
1763378,5908440,2550,,524402,0,,0,1,,Null,2009/2010,MASSEY ROAD,HOSPITAL ROAD,,Non-Injury Crash,No,2009,,North,,0,,Flat,,,,,,Twilight,749900,0,0,0,4,,,0,,,,,,Auckland Region,Nil,2-way,Sealed,,0,0,,50,,Off,1,0,,76,Auckland,Traffic Signals,,,,,0,0,Urban,0,,,Fine,Null
1787335,5858665,2551,,527210,0,0,0,1,0,North,2008/2009,SH 1N,WAYSIDE ACCESS ROAD,,Non-Injury Crash,Yes,2009,0,South,0,0,0,Flat,1,,0,,0,Bright sun,935700,0,0,0,2,0,0,0,0,0,,0,0,Waikato Region,Nil,2-way,Sealed,0,0,0,0,100,0,Off,0,0,,13,Waikato District,Nil,0,0,0,0,0,0,Open,0,0,0,Fine,Null
1749807,5427340,2552,,573400,0,,0,1,,East,2008/2009,ORIENTAL PARADE,HERD ST,,Non-Injury Crash,No,2009,,East,,0,,Flat,,,,,,Bright sun,2138400,0,0,0,2,,,0,,,,,,Wellington Region,Nil,2-way,Sealed,,0,0,,50,,Null,0,0,,47,Wellington City,Nil,,,,,0,0,Urban,1,,,Fine,Null
1931685,5604756,2553,,548000,0,0,0,0,0,Null,2008/2009,JELLICOE ST,ANSON ST,,Non-Injury Crash,No,2009,0,East,0,0,1,Flat,0,,1,,0,Overcast,1498600,0,0,0,2,0,0,0,0,0,,0,0,Hawke's Bay Region,Nil,2-way,Sealed,0,0,0,0,50,0,Null,0,0,,30,Hastings District,Give way,0,0,0,0,0,0,Urban,1,0,0,Fine,Null
1774896,5577871,2554,,557100,0,,0,2,,Null,2009/2010,ST HILL ST,INGESTRE ST,,Non-Injury Crash,No,2009,,South,,0,,Flat,,,,,,Bright sun,1699600,0,0,0,2,,,0,,,,,,Manawatū-Whanganui Region,Nil,2-way,Sealed,,0,0,,50,,Null,0,0,,37,Whanganui District,Traffic Signals,,,,,0,0,Urban,0,,,Fine,Null
1749684,5913120,2555,,511402,0,0,0,0,0,East,2008/2009,HUTCHINSON AVENUE,GARDNER AVENUE,,Non-Injury Crash,No,2009,0,East,0,0,0,Flat,0,,0,,0,Bright sun,264500,0,0,0,2,0,0,0,0,1,,0,0,Auckland Region,Nil,2-way,Sealed,0,0,0,0,50,0,Off,1,0,,76,Auckland,Nil,0,0,0,0,0,0,Urban,1,0,0,Fine,Null
1623444,5431748,2556,,582200,0,0,0,2,0,North,2009/2010,AKERSTEN ST,WILDMAN AVENUE,,Non-Injury Crash,No,2009,0,North,0,0,0,Flat,0,,0,,0,Bright sun,2325100,0,0,0,2,0,0,0,0,0,,0,0,Nelson Region,Nil,2-way,Sealed,0,0,0,0,50,0,Null,0,0,,52,Nelson City,Nil,0,0,0,0,0,0,Urban,0,0,1,Fine,Null
1767177,5812437,2557,55,526602,0,0,0,0,0,West,2009/2010,SH 23,OKETE ROAD W,,Non-Injury Crash,Yes,2009,0,West,0,0,1,Hill Road,0,,0,,0,Overcast,860500,0,0,0,2,0,0,0,0,0,,0,0,Waikato Region,Nil,2-way,Sealed,0,0,0,0,100,0,Null,0,0,,13,Waikato District,Unknown,0,0,0,0,0,0,Open,1,0,0,Fine,Null
1757180,5920352,2558,,514102,0,,0,1,,North,2009/2010,ALBERT ST,WELLESLEY ST WEST,,Non-Injury Crash,No,2009,,West,,0,,Flat,,,,,,Overcast,433900,0,0,0,3,,,0,,,,,,Auckland Region,Nil,2-way,Sealed,,0,0,,50,,Off,0,0,,76,Auckland,Traffic Signals,,,,,0,0,Urban,1,,,Heavy rain,Null
1820676,5527968,2559,,563000,0,,0,2,,Null,2009/2010,BOTANICAL ROAD,COLLEGE ST,,Non-Injury Crash,No,2009,,West,,0,,Flat,,,,,,Bright sun,1806700,0,0,0,2,,,0,,,,,,Manawatū-Whanganui Region,Nil,2-way,Sealed,,0,0,,50,,Null,0,0,,40,Palmerston North City,Traffic Signals,,,,,0,0,Urban,0,,,Fine,Null
1747114,5427880,2560,,575200,0,,0,2,,South,2008/2009,GLENMORE ST,NORTHLAND ROAD,,Non-Injury Crash,No,2009,,North,,0,,Flat,,,,,,Overcast,2149900,0,0,0,2,,,0,,,,,,Wellington Region,Nil,2-way,Sealed,,0,0,,50,,Null,0,0,,47,Wellington City,Nil,,,,,0,0,Urban,0,,,Fine,Null
1702826,5641286,2561,,553004,0,,0,1,,Null,2008/2009,HASTINGS ROAD,OPUNAKE ROAD,,Non-Injury Crash,No,2009,,South,,0,,Hill Road,,,,,,Twilight,1617000,0,0,0,2,,,0,,,,,,Taranaki Region,Nil,2-way,Sealed,,0,0,,100,,None,0,0,,34,Stratford District,Give way,,,,,0,0,Open,1,,,Fine,Null
1745924,5920448,2562,,513301,0,,0,2,,East,2009/2010,SH 16,LINCOLN ON EBD,,Non-Injury Crash,Yes,2009,,East,,0,,Flat,,,,,,Bright sun,230200,0,0,0,2,,,0,,,,,,Auckland Region,Nil,1-way,Sealed,,0,0,,100,,Off,0,0,,76,Auckland,Nil,,,,,0,0,Open,0,,,Fine,Null
1789645,5814243,2563,,527913,0,,0,2,,South,2009/2010,SH 39 KAKARAMEA,SH 23 WHATAWHATA,,Non-Injury Crash,Yes,2009,,South,,0,,Flat,,,,,,Overcast,978600,0,0,0,2,,,0,,,,,,Waikato Region,Nil,2-way,Sealed,,0,0,,100,,Null,0,0,,13,Waikato District,Nil,,,,,0,0,Open,0,,,Fine,Null
1756937,5447908,2564,,572100,0,,0,3,,North,2008/2009,SH 1N,PAREMATA LINK NTH,,Non-Injury Crash,Yes,2009,,South,,0,,Flat,,,,,,Bright sun,2070000,0,0,0,2,,,0,,,,,,Wellington Region,Bridge,2-way,Sealed,,0,0,,50,,Null,0,0,,44,Porirua City,Nil,,,,,0,0,Urban,0,,,Fine,Null
1757246,5920475,2565,,514102,0,,0,0,,East,2009/2010,VICTORIA ST WEST,ALBERT ST,,Non-Injury Crash,No,2009,,West,,0,,Flat,,,,,,Bright sun,433600,0,0,0,2,,,0,,,,,,Auckland Region,Nil,2-way,Sealed,,0,0,,50,,Off,0,0,,76,Auckland,Nil,,,,,0,0,Urban,2,,,Fine,Null
1783407,5915833,2566,,523300,0,0,0,1,0,East,2009/2010,MARAETAI COAST ROAD,COLSON LANE,,Non-Injury Crash,No,2009,0,South,0,0,0,Hill Road,0,,0,,0,Dark,720200,0,0,0,2,0,0,0,1,0,,0,0,Auckland Region,Nil,2-way,Sealed,0,0,0,0,100,0,None,0,0,,76,Auckland,Nil,0,0,0,1,0,0,Open,0,0,1,Fine,Null
1679593,5403793,2567,,581230,0,,0,2,,West,2008/2009,ARTHUR ST,SEYMOUR ST,,Non-Injury Crash,No,2009,,West,,0,,Flat,,,,,,Overcast,2298802,0,0,0,2,,,0,,,,,,Marlborough Region,Nil,2-way,Sealed,,0,0,,50,,Null,0,0,,53,Marlborough District,Nil,,,,,0,0,Urban,0,,,Fine,Null
1749035,5424552,2568,,576301,0,,0,1,,Null,2009/2010,RUSSELL TERRACE,RIDDIFORD ST,,Non-Injury Crash,No,2009,,North,,0,,Hill Road,,,,,,Overcast,2165900,0,0,0,2,,,0,,,,,,Wellington Region,Nil,2-way,Sealed,,0,0,,50,,Null,0,0,,47,Wellington City,Give way,,,,,0,0,Urban,0,,,Light rain,Strong wind
1843825,5680710,2569,,541000,0,,0,1,,Null,2009/2010,SH 1N,LINK ROAD S,,Non-Injury Crash,Yes,2009,,East,,0,,Flat,,,,,,Overcast,1283900,0,0,0,2,,,0,,,,,,Waikato Region,Nil,2-way,Sealed,,0,0,,80,,Null,0,0,,21,Taupo District,Stop,,,,,0,0,Open,1,,,Fine,Null
1686953,6095159,2570,,501633,0,,0,2,,North,2009/2010,SH 10,WAKELIN ROAD,,Non-Injury Crash,Yes,2009,,North,,0,,Hill Road,,,,,,Overcast,34302,0,0,0,2,,,0,,,,,,Northland Region,Nil,2-way,Sealed,,0,0,,100,,None,0,0,,1,Far North District,Nil,,,,,0,0,Open,0,,,Fine,Null
1569307,5177123,2571,,594800,1,0,0,0,0,North,2009/2010,BARRINGTON ST,FRANKLEIGH ST,,Serious Crash,No,2009,0,South,0,0,0,Flat,0,,0,,0,Bright sun,2642002,0,0,0,2,0,0,0,0,1,,0,0,Canterbury Region,Nil,2-way,Sealed,0,0,1,0,50,0,Null,0,0,,60,Christchurch City,Nil,0,0,0,0,1,0,Urban,0,0,0,Fine,Null
1568433,5385942,2572,65,581842,0,,0,0,,South,2008/2009,SH 6,BOULDER CREEK BR,,Non-Injury Crash,Yes,2009,,North,,0,,Flat,,,,,,Dark,2375302,0,0,0,2,,,0,,,,,,Tasman Region,Nil,2-way,Sealed,,0,0,,100,,None,1,0,,51,Tasman District,Nil,,,,,0,0,Open,0,,,Mist or Fog,Null
1670623,5403925,2573,,580420,0,,0,2,,Null,2008/2009,SH 6,GODFREY ROAD,,Non-Injury Crash,Yes,2009,,East,,0,,Flat,,,,,,Overcast,2290501,0,0,0,2,,,0,,,,,,Marlborough Region,Nil,2-way,Sealed,,0,0,,100,,Null,0,0,,53,Marlborough District,Give way,,,,,0,0,Open,0,,,Heavy rain,Null
1883433,5826142,2574,,536821,0,0,0,2,0,North,2009/2010,LINKS AVENUE,EPSOM ROAD,,Non-Injury Crash,No,2009,0,North,0,0,1,Flat,0,,0,,0,Dark,1200700,0,0,0,2,0,0,0,0,1,,0,0,Bay of Plenty Region,Nil,2-way,Sealed,0,0,0,0,50,0,On,0,0,,23,Tauranga City,Unknown,0,0,0,0,0,0,Urban,0,0,0,Fine,Null
1571766,5180650,2575,,593501,0,,0,2,,Null,2008/2009,FITZGERALD AVENUE,AVONSIDE DRIVE,,Non-Injury Crash,No,2009,,West,,0,,Flat,,,,,,Bright sun,2610800,0,0,0,3,,,0,,,,,,Canterbury Region,Nil,2-way,Sealed,,0,0,,50,,Null,0,0,,60,Christchurch City,Traffic Signals,,,,,0,0,Urban,0,,,Fine,Null
1761428,5438057,2576,,569402,0,,0,1,,South,2008/2009,SH 2,MAJOR DRIVE,,Non-Injury Crash,Yes,2009,,South,,0,,Flat,,,,,,Overcast,1918903,0,0,0,2,,,0,,,,,,Wellington Region,Nil,2-way,Sealed,,0,0,,100,,Null,0,0,,46,Lower Hutt City,Nil,,,,,0,0,Open,1,,,Fine,Null
1738419,5694130,2577,,550700,0,0,0,1,0,South,2008/2009,SH 3,MANGAONGA ROAD,,Non-Injury Crash,Yes,2009,0,South,0,0,0,Hill Road,0,,0,,0,Overcast,1552600,0,0,0,2,0,0,0,1,0,,0,0,Taranaki Region,Nil,2-way,Sealed,0,0,0,0,100,0,Null,0,0,,33,New Plymouth District,Nil,0,0,0,0,0,0,Open,0,0,0,Light rain,Null
1758110,5915486,2578,,515801,0,,0,2,,Null,2009/2010,MANUKAU ROAD,GREEN LANE WEST,,Non-Injury Crash,No,2009,,West,,0,,Flat,,,,,,Bright sun,447400,0,0,0,2,,,0,,,,,,Auckland Region,Nil,2-way,Sealed,,0,0,,50,,Off,0,0,,76,Auckland,Traffic Signals,,,,,0,0,Urban,0,,,Fine,Null
1775985,5446679,2579,,566700,0,0,0,1,0,Null,2008/2009,SH 2,MAORIBANK GROVE,,Non-Injury Crash,Yes,2009,0,North,0,0,0,Flat,0,,0,,0,Bright sun,1912800,0,0,0,2,0,0,0,0,0,,0,0,Wellington Region,Nil,2-way,Sealed,0,0,0,0,70,0,Null,0,0,,45,Upper Hutt City,Traffic Signals,1,0,0,0,0,0,Urban,1,0,0,Fine,Null
1757279,5919097,2580,,514301,0,,0,1,,South,2008/2009,WELLESLEY OFF NBD,WELLESLEY ST BRIDGE,,Non-Injury Crash,Yes,2009,,North,,0,,Hill Road,,,,,,Dark,441200,0,0,0,2,,,0,,,,,,Auckland Region,Nil,1-way,Sealed,,0,0,,80,,On,0,0,,76,Auckland,Nil,,,,,0,0,Open,0,,,Heavy rain,Null
1754218,5914746,2581,,518801,0,,0,2,,West,2008/2009,ODONNELL AVENUE,SANDRINGHAM ROAD,,Non-Injury Crash,No,2009,,East,,0,,Flat,,,,,,Overcast,575500,0,0,0,2,,,0,,,,,,Auckland Region,Nil,2-way,Sealed,,0,0,,50,,Off,0,0,,76,Auckland,Stop,,,,,0,0,Urban,0,,,Light rain,Null
1751979,5917906,2582,,515001,0,,0,2,,Null,2008/2009,WATERVIEW ON WBD N,GREAT NORTH ROAD,,Non-Injury Crash,Yes,2009,,West,,0,,Hill Road,,,,,,Dark,392400,0,0,0,1,,,0,,,,,,Auckland Region,Motorway ramp,1-way,Sealed,,0,0,,50,,On,0,0,,76,Auckland,Traffic Signals,,,,,0,0,Urban,0,,,Fine,Null
1266272,4861847,2583,,610061,0,0,0,0,0,East,2008/2009,SH 1S,ST RONANS ROAD,,Non-Injury Crash,Yes,2009,0,South,0,0,0,Flat,0,,0,,0,Dark,3088300,0,0,0,2,0,0,0,0,0,,0,0,Southland Region,Nil,2-way,Sealed,0,0,0,0,100,0,None,0,0,,73,Southland District,Unknown,0,0,0,0,1,0,Open,0,0,0,Fine,Null
1801981,5813200,2584,35,530400,0,,0,1,,Null,2009/2010,SH 1N,COBHAM BR W,,Non-Injury Crash,Yes,2009,,East,,0,,Flat,,,,,,Dark,922400,0,0,0,2,,,0,,,,,,Waikato Region,Bridge,2-way,Sealed,,0,0,,80,,On,1,0,30,16,Hamilton City,Stop,,,,,0,0,Open,0,,,Fine,Null
1673078,6081730,2585,,501700,0,0,0,2,0,Null,2009/2010,SH 12,KOWHAI AVENUE,,Non-Injury Crash,Yes,2009,0,East,0,0,0,Flat,0,,0,,0,Overcast,41800,0,0,0,2,0,0,0,0,1,,0,0,Northland Region,Nil,2-way,Sealed,0,0,0,0,50,0,Off,0,0,,1,Far North District,Nil,0,0,0,0,1,0,Urban,0,0,0,Fine,Null
1878140,5823137,2586,,538101,0,,0,2,,Null,2008/2009,ELEVENTH AVENUE,ELEVENTH OFF SBD,,Non-Injury Crash,Yes,2009,,East,,0,,Hill Road,,,,,,Overcast,1166901,0,0,0,2,,,0,,,,,,Bay of Plenty Region,Motorway ramp,2-way,Sealed,,0,0,,50,,Null,0,0,,23,Tauranga City,Traffic Signals,,,,,0,0,Urban,0,,,Heavy rain,Null
1772220,5894457,2587,,525530,0,,0,1,,Null,2009/2010,TATARIKI ST,EDINBURGH AVENUE,,Non-Injury Crash,No,2009,,South,,0,,Flat,,,,,,Overcast,803900,0,0,0,2,,,0,,,,,,Auckland Region,Nil,2-way,Sealed,,0,0,,50,,Off,0,0,,76,Auckland,Stop,,,,,0,0,Urban,1,,,Light rain,Null
1949978,5790832,2588,,542440,0,0,0,2,0,East,2008/2009,GOULSTONE ROAD,KING ST,,Non-Injury Crash,No,2009,0,West,0,0,0,Flat,0,,0,,0,Bright sun,1308100,0,0,0,2,0,0,0,0,1,,0,0,Bay of Plenty Region,Nil,2-way,Sealed,0,0,0,0,50,0,Null,0,0,,25,Whakatane District,Unknown,0,0,0,0,0,0,Urban,0,0,0,Fine,Null
1623624,6114532,2589,,500301,0,0,0,1,0,East,2009/2010,PUCKEY AVENUE,PUKEPOTO ROAD,,Non-Injury Crash,No,2009,0,North,0,0,1,Flat,0,,0,,0,Dark,15700,0,0,0,2,0,0,0,0,0,,0,0,Northland Region,Nil,2-way,Sealed,0,0,0,0,50,0,On,0,0,,1,Far North District,Unknown,0,0,0,0,0,0,Urban,0,0,0,Fine,Null
1763596,5920430,2590,,516500,0,0,0,2,0,East,2009/2010,TAMAKI DRIVE,SELWYN AVENUE,,Non-Injury Crash,No,2009,0,East,0,0,0,Flat,0,,0,,0,Dark,501301,0,0,0,2,0,0,0,0,1,,0,0,Auckland Region,Nil,2-way,Sealed,0,0,0,0,50,0,On,0,0,,76,Auckland,Nil,0,0,0,0,0,0,Urban,0,0,0,Light rain,Null
1699988,5623726,2591,,553700,0,0,0,1,0,West,2008/2009,NORMANBY ROAD,INAHA ROAD,,Non-Injury Crash,No,2009,0,East,0,0,1,Flat,0,,0,,0,Twilight,1657600,0,0,0,2,0,0,0,0,0,,0,0,Taranaki Region,Nil,2-way,Sealed,0,0,0,0,100,0,None,0,0,,35,South Taranaki District,Nil,0,0,0,0,0,0,Open,0,0,0,Fine,Null
1761284,5914465,2592,,520202,0,,0,1,,Null,2009/2010,SH 1N,PENROSE ON NBD,,Non-Injury Crash,Yes,2009,,North,,0,,Flat,,,,,,Overcast,612100,0,0,0,4,,,0,,,,,,Auckland Region,Nil,1-way,Sealed,,0,0,,100,,Off,0,0,,76,Auckland,Nil,,,,,1,0,Open,0,,,Fine,Null
1733728,6013462,2593,,501816,0,0,0,1,0,South,2009/2010,COVE ROAD,MCLEAN ROAD,,Non-Injury Crash,No,2009,0,North,1,0,0,Flat,0,,0,,0,Dark,81401,0,0,0,2,0,0,0,0,0,,0,0,Northland Region,Nil,2-way,Sealed,0,0,0,0,100,0,None,0,0,,2,Whangarei District,Nil,0,0,0,0,0,0,Open,0,0,0,Fine,Null
1836358,5655725,2594,85,541501,0,0,0,1,0,North,2008/2009,SH 1N,WAIHOHONU BR,,Non-Injury Crash,Yes,2009,0,North,0,0,0,Hill Road,1,,0,,0,Dark,1289001,0,0,0,2,0,0,0,0,0,,0,0,Waikato Region,Nil,2-way,Sealed,0,0,0,0,100,0,None,0,0,,21,Taupo District,Unknown,0,0,0,0,0,0,Open,0,0,0,Fine,Frost
1746689,5917037,2595,,510700,0,0,0,2,0,South,2009/2010,TE ATATU ROAD,TAITUA DRIVE,,Non-Injury Crash,No,2009,0,North,0,0,0,Flat,0,,0,,0,Dark,241100,0,0,0,2,0,0,0,0,1,,0,0,Auckland Region,Nil,2-way,Sealed,0,0,0,0,50,0,On,0,0,,76,Auckland,Nil,0,0,0,0,0,0,Urban,0,0,0,Fine,Null
1798170,5814546,2596,,529000,0,0,0,2,0,West,2008/2009,KILLARNEY ROAD,PATERSON ST,,Non-Injury Crash,No,2009,0,West,0,0,0,Flat,0,,0,,0,Dark,917900,0,0,0,2,0,0,0,0,1,,0,0,Waikato Region,Nil,2-way,Sealed,0,0,0,0,50,0,On,0,0,,16,Hamilton City,Unknown,0,0,0,0,0,0,Urban,0,0,0,Fine,Null
1719675,6045975,2597,,503100,0,,0,2,,Null,2009/2010,HATEA DRIVE,DENT ST,,Non-Injury Crash,No,2009,,South,,0,,Flat,,,,,,Overcast,99800,0,0,0,2,,,0,,,,,,Northland Region,Nil,2-way,Sealed,,0,0,,50,,Null,0,0,,2,Whangarei District,Give way,,,,,0,0,Urban,0,,,Fine,Null
1765783,5908370,2598,,523402,0,0,0,2,0,Null,2009/2010,HELLABYS ROAD,SUBSTATION ROAD,,Non-Injury Crash,No,2009,0,East,0,0,1,Flat,0,,0,,0,Bright sun,697000,0,0,0,2,0,0,0,0,0,,0,0,Auckland Region,Nil,2-way,Sealed,0,0,0,0,50,0,Off,0,0,,76,Auckland,Nil,0,0,0,0,0,0,Urban,0,0,0,Fine,Null
1759945,5436643,2599,,569100,0,,0,1,,South,2009/2010,RUTHERFORD ST,MELLING LINK,,Non-Injury Crash,No,2009,,North,,0,,Flat,,,,,,Bright sun,1967200,0,0,0,2,,,0,,,,,,Wellington Region,Nil,2-way,Sealed,,0,0,,50,,Null,0,0,,46,Lower Hutt City,Nil,,,,,0,0,Urban,1,,,Fine,Null
1929121,5606534,2600,,547800,0,,0,3,,North,2008/2009,PAKOWHAI ROAD,ST AUBYN ST WEST,,Non-Injury Crash,No,2009,,South,,0,,Flat,,,,,,Bright sun,1477600,0,0,0,2,,,0,,,,,,Hawke's Bay Region,Nil,2-way,Sealed,,0,0,,50,,Null,1,0,,30,Hastings District,Nil,,,,,0,0,Urban,0,,,Fine,Null
1219533,4940466,2601,,612714,0,0,0,1,0,South,2008/2009,SH 94,CENTRE HILL ROAD,,Non-Injury Crash,Yes,2009,0,North,0,0,1,Flat,0,,0,,0,Overcast,3170202,0,0,0,2,0,0,0,0,0,,0,0,Southland Region,Nil,2-way,Sealed,0,0,0,0,100,0,Null,0,0,,73,Southland District,Unknown,0,0,0,0,0,0,Open,0,0,0,Fine,Null
1764025,5905416,2602,,522100,0,,0,2,,Null,2009/2010,SUMNER ST,HILLCREST ROAD,,Non-Injury Crash,No,2009,,East,,0,,Flat,,,,,,Overcast,658000,0,0,0,2,,,0,,,,,,Auckland Region,Nil,2-way,Sealed,,0,0,,50,,Null,0,0,,76,Auckland,Nil,,,,,0,0,Urban,0,,,Fine,Null
1749118,5424567,2603,,576400,0,0,0,2,0,East,2008/2009,RHODES ST,RIDDIFORD ST,,Non-Injury Crash,No,2009,0,East,0,0,0,Flat,0,,0,,0,Dark,2168900,0,0,0,2,0,0,1,0,2,,0,0,Wellington Region,Nil,2-way,Sealed,0,0,0,0,50,0,On,0,0,,47,Wellington City,Nil,0,0,0,0,0,0,Urban,1,0,0,Light rain,Null
1767012,5901954,2604,,524720,0,,0,1,,Null,2009/2010,DALGETY DRIVE,BROWNS ROAD,,Non-Injury Crash,No,2009,,South,,0,,Flat,,Christmas New Year,,,,Dark,779500,0,0,0,3,,,0,,,,,,Auckland Region,Nil,2-way,Sealed,,0,0,,50,,On,0,0,,76,Auckland,Traffic Signals,,,,,0,0,Urban,1,,,Fine,Null
1751372,5433929,2605,,574100,0,0,0,1,0,East,2008/2009,DOMINION PARK ST,TARAWERA ROAD,,Non-Injury Crash,No,2009,0,South,0,0,0,Flat,0,,0,,0,Dark,2084301,0,0,0,1,0,0,0,1,0,,0,0,Wellington Region,Nil,1-way,Sealed,0,0,0,0,50,0,None,0,0,,47,Wellington City,Nil,0,0,0,1,0,0,Urban,0,0,0,Fine,Null
1750257,5423826,2606,,577000,0,,0,2,,Null,2008/2009,ONEPU ROAD,ENDEAVOUR ST,,Non-Injury Crash,No,2009,,South,,0,,Flat,,,,,,Overcast,2173900,0,0,0,2,,,0,,,,,,Wellington Region,Nil,2-way,Sealed,,0,0,,50,,Null,0,0,,47,Wellington City,Stop,,,,,0,0,Urban,0,,,Heavy rain,Null
1886203,5772473,2607,,540600,0,,0,2,,Null,2009/2010,SH 30 TE NGAE,SH 30 SALA,,Non-Injury Crash,Yes,2009,,West,,0,,Flat,,,,,,Overcast,1243500,0,0,0,4,,,0,,,,,,Bay of Plenty Region,Nil,2-way,Sealed,,0,0,,70,,Null,0,0,,24,Rotorua District,Traffic Signals,,,,,0,0,Urban,0,,,Light rain,Null
1797654,5557755,2608,,559230,0,0,0,1,0,North,2009/2010,SH 3,SANTOFT ROAD,,Non-Injury Crash,Yes,2009,0,East,0,0,1,Flat,0,,0,,0,Dark,1740100,0,0,0,2,0,0,0,0,0,,0,0,Manawatū-Whanganui Region,Nil,2-way,Sealed,0,0,0,0,100,0,None,0,0,,38,Rangitikei District,Nil,0,0,0,0,0,0,Open,0,0,0,Fine,Null
1684042,5410874,2609,,580448,0,0,0,1,0,Null,2008/2009,NEAL ROAD,CHAYTORS ROAD,,Non-Injury Crash,No,2009,0,South,0,0,1,Flat,0,,0,,0,Bright sun,2279200,0,0,0,2,0,0,0,0,0,,0,0,Marlborough Region,Nil,2-way,Sealed,0,0,0,0,100,0,Null,0,0,,53,Marlborough District,Nil,0,0,0,0,0,0,Open,0,0,0,Fine,Null
1692051,5675933,2610,,551900,0,,0,2,,East,2008/2009,DEVON ST WEST,MORLEY ST,,Non-Injury Crash,No,2009,,East,,0,,Flat,,,,,,Bright sun,1589000,0,0,0,2,,,0,,,,,,Taranaki Region,Nil,2-way,Sealed,,0,0,,50,,Null,0,0,,33,New Plymouth District,Nil,,,,,0,0,Urban,0,,,Fine,Null
1761787,5914696,2611,,520202,0,,0,2,,Null,2009/2010,MAIN HIGHWAY,ELLERSLIE-PANMURE HIGHWAY,,Non-Injury Crash,No,2009,,South,,0,,Hill Road,,,,,,Bright sun,612501,0,0,0,4,,,0,,,,,,Auckland Region,Nil,2-way,Sealed,,0,0,,50,,Off,0,0,,76,Auckland,Give way,,,,,0,0,Urban,0,,,Fine,Null