X,Y,OBJECTID,advisorySpeed,areaUnitID,bicycle,bridge,bus,carStationWagon,cliffBank,crashDirectionDescription,crashFinancialYear,crashLocation1,crashLocation2,crashRoadSideRoad,crashSeverity,crashSHDescription,crashYear,debris,directionRoleDescription,ditch,fatalCount,fence,flatHill,guardRail,holiday,houseOrBuilding,intersection,kerb,light,meshblockId,minorInjuryCount,moped,motorcycle,NumberOfLanes,objectThrownOrDropped,otherObject,otherVehicleType,overBank,parkedVehicle,pedestrian,phoneBoxEtc,postOrPole,region,roadCharacter,roadLane,roadSurface,roadworks,schoolBus,seriousInjuryCount,slipOrFlood,speedLimit,strayAnimal,streetLight,suv,taxi,temporarySpeedLimit,tlaId,tlaName,trafficControl,trafficIsland,trafficSign,train,tree,truck,unknownVehicleType,urban,vanOrUtility,vehicle,waterRiver,weatherA,weatherB
1899728,5810373,2612,,536651,0,0,0,1,0,East,2009/2010,SH 2,RAIL XING,,Non-Injury Crash,Yes,2009,0,West,0,0,0,Flat,0,,0,,0,Overcast,1211200,0,0,0,2,0,0,0,1,0,,0,0,Bay of Plenty Region,Nil,2-way,Sealed,0,0,0,0,100,0,Null,0,0,,22,Western Bay of Plenty District,Unknown,0,0,0,0,0,0,Open,0,0,0,Heavy rain,Null
1758072,5944868,2613,,505902,0,,0,1,,East,2009/2010,WHANGAPARAOA ROAD,WALBROOK ROAD,,Non-Injury Crash,No,2009,,West,,0,,Flat,,,,,,Unknown,174405,0,0,0,2,,,0,,,,,,Auckland Region,Nil,2-way,Sealed,,0,0,,50,,Off,1,0,,76,Auckland,Nil,,,,,0,0,Urban,0,,,Fine,Null
1751668,5916991,2614,,514900,0,,0,1,,Null,2008/2009,GREAT NORTH ROAD,ALVERSTON ST,,Non-Injury Crash,No,2009,,South,,0,,Hill Road,,,,,,Bright sun,384701,0,0,0,4,,,0,,,,,,Auckland Region,Nil,2-way,Sealed,,0,0,,50,,Off,0,0,,76,Auckland,Give way,,,,,0,0,Urban,1,,,Fine,Null
1893658,5820594,2615,,536202,0,0,0,1,0,Null,2009/2010,PALM SPRINGS BOULEVARD,SANTA CRUZ DRIVE,,Non-Injury Crash,No,2009,0,South,0,0,0,Flat,0,,0,,1,Bright sun,1206910,0,0,0,2,0,0,0,0,0,,0,0,Bay of Plenty Region,Nil,2-way,Sealed,0,0,0,0,50,0,Null,0,0,,23,Tauranga City,Give way,0,0,0,0,0,0,Urban,0,0,0,Fine,Null
1755726,5928568,2616,,508320,0,,0,1,,South,2009/2010,SH 1N,TRISTRAM OFF NBD,,Non-Injury Crash,Yes,2009,,North,,0,,Flat,,,,,,Overcast,198500,0,0,0,3,,,0,,,,,,Auckland Region,Nil,1-way,Sealed,,0,0,,100,,Off,1,0,,76,Auckland,Nil,,,,,0,0,Open,0,,,Fine,Null
1821436,5529111,2617,,562800,0,,0,2,,Null,2008/2009,PITT ST,CHURCH ST,,Non-Injury Crash,No,2009,,East,,0,,Flat,,,,,,Bright sun,1828600,0,0,0,2,,,0,,,,,,Manawatū-Whanganui Region,Nil,2-way,Sealed,,0,0,,50,,Null,0,0,,40,Palmerston North City,Traffic Signals,,,,,0,0,Urban,0,,,Fine,Null
1767786,5904254,2618,,524602,0,,0,2,,South,2009/2010,GREAT SOUTH ROAD,MANUKAU STATION ROAD,,Non-Injury Crash,No,2009,,North,,0,,Flat,,,,,,Dark,780416,0,0,0,2,,,0,,,,,,Auckland Region,Nil,2-way,Sealed,,0,0,,50,,On,0,0,,76,Auckland,Traffic Signals,,,,,0,0,Urban,0,,,Light rain,Null
1753333,5423629,2619,,577500,0,,0,2,,Null,2009/2010,INGLIS ST,LUDLAM ST,,Non-Injury Crash,No,2009,,West,,0,,Flat,,,,,,Overcast,2211100,0,0,0,2,,,0,,,,,,Wellington Region,Nil,2-way,Sealed,,0,0,,50,,Null,0,0,,47,Wellington City,Give way,,,,,0,0,Urban,0,,,Fine,Strong wind
1757388,5434169,2620,,570000,0,,0,2,,Null,2008/2009,THE ESPLANADE,BEACH ST,,Non-Injury Crash,No,2009,,West,,0,,Flat,,,,,,Bright sun,2028300,0,0,0,2,,,0,,,,,,Wellington Region,Nil,2-way,Sealed,,0,0,,50,,Null,0,0,,46,Lower Hutt City,Nil,,,,,0,0,Urban,1,,,Fine,Null
1972439,5667362,2621,,545301,0,,0,1,,East,2009/2010,SH 2,WAIHUA VALLEY ROAD,,Non-Injury Crash,Yes,2009,,North,,0,,Flat,,,,,,Bright sun,1391900,0,0,0,2,,,0,,,,,,Hawke's Bay Region,Nil,2-way,Sealed,,0,0,,100,,Null,1,0,,29,Wairoa District,Nil,,,,,0,0,Open,0,,,Fine,Null
1620578,5429827,2622,,583000,0,0,0,2,0,Null,2008/2009,BEACH ROAD,WAIKARE ST,,Non-Injury Crash,No,2009,0,West,0,0,1,Flat,0,,0,,0,Bright sun,2333100,0,0,0,2,0,0,0,0,0,,0,0,Nelson Region,Nil,2-way,Sealed,0,0,0,0,50,0,Null,0,0,,52,Nelson City,Give way,0,0,0,0,0,0,Urban,0,0,0,Null,Frost
1737168,5919068,2623,,513702,0,0,0,1,0,Null,2008/2009,ANZAC VALLEY ROAD,STEED ROAD,,Non-Injury Crash,No,2009,0,North,0,0,1,Hill Road,0,,0,,0,Dark,237207,0,0,0,2,0,0,0,0,0,,0,0,Auckland Region,Nil,2-way,Sealed,0,0,0,0,70,0,None,0,0,,76,Auckland,Give way,0,0,0,0,0,0,Urban,0,0,0,Fine,Null
1805781,5828176,2624,,527122,0,0,0,1,0,West,2009/2010,PIAKO ROAD,PUKETAHA ROAD,,Non-Injury Crash,No,2009,0,East,1,0,0,Flat,0,,0,,0,Twilight,953400,0,0,0,1,0,0,0,0,0,,0,0,Waikato Region,Nil,2-way,Sealed,0,0,0,0,100,0,None,0,0,,13,Waikato District,Nil,0,0,0,0,0,0,Open,0,0,0,Light rain,Null
1753779,5445827,2625,,570700,0,0,0,1,0,South,2008/2009,TAKAPUWAHIA DRIVE,TE HIKO ST,,Non-Injury Crash,No,2009,0,North,0,0,0,Hill Road,0,Queens Birthday,0,,0,Overcast,2038600,0,0,0,2,0,0,0,0,1,,0,0,Wellington Region,Nil,2-way,Sealed,0,0,0,0,50,0,Null,0,0,,44,Porirua City,Nil,0,0,0,0,0,0,Urban,1,0,0,Fine,Null
1930912,5607891,2626,,545710,0,0,0,0,0,Null,2008/2009,PAKOWHAI ROAD,RICHMOND ROAD,,Non-Injury Crash,No,2009,0,North,1,0,1,Flat,0,,0,,0,Overcast,1471100,0,0,0,2,0,0,0,0,0,,0,0,Hawke's Bay Region,Nil,2-way,Sealed,0,0,0,0,70,0,Null,1,0,,30,Hastings District,Give way,0,0,0,0,0,0,Urban,1,0,0,Fine,Null
1698430,5678492,2627,,550901,0,,0,2,,Null,2009/2010,POHUTUKAWA PLACE,HULKE CRESCENT,,Non-Injury Crash,No,2009,,West,,0,,Flat,,,,,,Overcast,1558800,0,0,0,2,,,0,,,,,,Taranaki Region,Nil,2-way,Sealed,,0,0,,80,,Null,0,0,,33,New Plymouth District,Give way,,,,,0,0,Open,0,,,Light rain,Null
1406999,4918606,2628,,603601,0,0,0,1,0,Null,2008/2009,HOWE ST,SH 1S,,Non-Injury Crash,No,2009,0,East,0,0,0,Flat,0,,0,,0,Overcast,2866000,0,0,0,2,0,0,0,0,1,,0,0,Otago Region,Nil,2-way,Sealed,0,0,0,0,50,0,Null,1,0,,71,Dunedin City,Give way,0,0,0,0,0,0,Urban,0,0,0,Fine,Null
1765804,5916719,2629,,517100,0,0,0,0,0,East,2009/2010,MAYBURY ST,DALTON ST,,Non-Injury Crash,No,2009,0,East,0,0,0,Flat,0,,0,,0,Dark,477201,0,0,0,2,0,0,0,0,0,,0,1,Auckland Region,Nil,2-way,Sealed,0,0,0,0,50,0,On,0,0,,76,Auckland,Nil,1,0,0,1,1,0,Urban,0,0,0,Fine,Null
1768740,5900766,2630,,525002,0,,0,2,,East,2009/2010,WEYMOUTH ROAD,BEAUMONTS WAY,,Non-Injury Crash,No,2009,,West,,0,,Flat,,,,,,Overcast,752801,0,0,0,2,,,0,,,,,,Auckland Region,Nil,2-way,Sealed,,0,0,,50,,Null,0,0,,76,Auckland,Give way,,,,,0,0,Urban,0,,,Fine,Null
1755366,5916711,2631,,517701,0,0,0,1,0,Null,2008/2009,CAMBOURNE ROAD,GORING ROAD,,Non-Injury Crash,No,2009,0,North,0,0,0,Flat,0,,1,,0,Bright sun,537200,0,0,0,2,0,0,0,0,0,,0,0,Auckland Region,Nil,2-way,Sealed,0,0,0,0,50,0,Off,0,0,,76,Auckland,Nil,0,0,0,0,0,0,Urban,0,0,0,Null,Null
1982722,5670639,2632,,545500,0,,0,2,,North,2009/2010,FREYBERG ST,HUNTERBROWN ST,,Non-Injury Crash,No,2009,,North,,0,,Flat,,,,,,Bright sun,1388200,0,0,0,2,,,0,,,,,,Hawke's Bay Region,Nil,2-way,Sealed,,0,0,,50,,Null,0,0,,29,Wairoa District,Nil,,,,,0,0,Urban,0,,,Fine,Null
1743712,5917797,2633,,513220,0,,0,2,,Null,2008/2009,SUMMERLAND DRIVE,HARVEST DRIVE,,Non-Injury Crash,No,2009,,South,,0,,Flat,,,,,,Twilight,236711,0,0,0,2,,,0,,,,,,Auckland Region,Nil,2-way,Sealed,,0,0,,50,,Off,0,0,,76,Auckland,Give way,,,,,0,0,Urban,0,,,Fine,Null
1718777,6048279,2634,,502600,0,,0,1,,Null,2009/2010,SH 1N,PERCY ST,,Non-Injury Crash,Yes,2009,,North,,0,,Flat,,,,,,Bright sun,94500,0,0,0,2,,,0,,,,,,Northland Region,Nil,2-way,Sealed,,0,0,,50,,Off,1,0,,2,Whangarei District,Stop,,,,,0,0,Urban,0,,,Fine,Null
1800322,5821657,2635,,527007,0,0,0,1,0,Null,2009/2010,THOMAS ROAD,HORSHAM DOWNS ROAD,,Non-Injury Crash,No,2009,0,West,0,0,0,Flat,0,,0,,1,Bright sun,951907,0,0,0,2,0,0,0,0,0,,0,0,Waikato Region,Nil,2-way,Sealed,0,0,0,0,50,0,Null,0,0,,16,Hamilton City,Give way,0,1,0,0,0,0,Urban,0,0,0,Fine,Null
1758662,5918736,2636,,517400,0,0,0,2,0,East,2009/2010,SARAWIA ST,PARNELL ROAD,,Non-Injury Crash,No,2009,0,East,0,0,0,Flat,0,,0,,0,Bright sun,450701,0,0,0,2,0,0,0,0,1,,0,0,Auckland Region,Nil,2-way,Sealed,0,0,0,0,50,0,Off,0,0,,76,Auckland,Traffic Signals,0,0,0,0,0,0,Urban,0,0,0,Fine,Null
1748908,5425905,2637,,576500,0,0,0,2,0,South,2009/2010,ADELAIDE ROAD,BROOMHEDGE ST,,Non-Injury Crash,No,2009,0,North,0,0,0,Flat,0,,0,,0,Overcast,2148201,0,0,0,2,0,0,0,0,1,,0,0,Wellington Region,Nil,2-way,Sealed,0,0,0,0,50,0,Null,0,0,,47,Wellington City,Nil,0,0,0,0,0,0,Urban,1,0,0,Fine,Null
1755182,5917799,2638,,517500,0,,0,2,,Null,2009/2010,NEW NORTH ROAD,KINGSLAND AVENUE,,Non-Injury Crash,No,2009,,West,,0,,Flat,,,,,,Bright sun,531900,0,0,0,2,,,0,,,,,,Auckland Region,Nil,2-way,Sealed,,0,0,,50,,Off,0,0,,76,Auckland,Nil,,,,,0,0,Urban,0,,,Fine,Null
1753979,5924567,2639,,510402,0,0,0,1,0,Null,2008/2009,HINEMOA ST,MOKOIA ROAD,,Non-Injury Crash,No,2009,0,North,0,0,0,Flat,0,,0,,0,Bright sun,351000,0,0,0,2,0,0,0,0,0,,0,0,Auckland Region,Nil,2-way,Sealed,0,0,0,0,50,0,Null,0,0,,76,Auckland,Give way,0,0,0,0,1,0,Urban,0,1,0,Fine,Null
1803124,5790849,2640,,531002,0,,0,2,,South,2009/2010,GOODFELLOW ST,ALEXANDRA ST,,Non-Injury Crash,No,2009,,North,,0,,Flat,,,,,,Overcast,969602,0,0,0,2,,,0,,,,,,Waikato Region,Nil,2-way,Sealed,,0,0,,50,,Null,0,0,,17,Waipa District,Unknown,,,,,0,0,Urban,0,,,Mist or Fog,Null
1615496,5424022,2641,,584201,0,,0,2,,East,2008/2009,SH 6,MCGLASHEN AVENUE,,Non-Injury Crash,Yes,2009,,East,,0,,Flat,,,,,,Bright sun,2361200,0,0,0,2,,,0,,,,,,Tasman Region,Nil,2-way,Sealed,,0,0,,100,,Null,0,0,,51,Tasman District,Nil,,,,,0,0,Open,0,,,Fine,Null
1934889,5777677,2642,,542540,0,0,0,1,1,South,2008/2009,GALATEA ROAD,MACDONALD ROAD,,Non-Injury Crash,No,2009,0,North,0,0,0,Hill Road,0,,0,,0,Bright sun,1301400,0,0,0,2,0,0,0,0,0,,0,0,Bay of Plenty Region,Nil,2-way,Sealed,0,0,0,0,100,0,Null,0,0,,25,Whakatane District,Unknown,0,0,0,0,0,0,Open,0,0,0,Fine,Null
1769483,5902042,2643,,524901,0,,0,1,,Null,2009/2010,SH 1N,MANUREWA ON NBD,,Non-Injury Crash,Yes,2009,,North,,0,,Flat,,,,,,Overcast,755600,0,0,0,3,,,0,,,,,,Auckland Region,Nil,1-way,Sealed,,0,0,,100,,Off,0,0,,76,Auckland,Nil,,,,,1,0,Open,0,,,Heavy rain,Null
1747557,5914651,2644,,511100,0,,0,1,,East,2009/2010,GREAT NORTH ROAD,GLENVIEW ROAD,,Non-Injury Crash,No,2009,,West,,0,,Hill Road,,Labour Weekend,,,,Bright sun,285202,0,0,0,4,,,0,,,,,,Auckland Region,Nil,2-way,Sealed,,0,0,,50,,Off,0,0,,76,Auckland,Nil,,,,,0,0,Urban,1,,,Fine,Null
1768786,5914117,2645,,522723,0,,0,2,,South,2009/2010,CASCADES ROAD,PAKURANGA ROAD,,Non-Injury Crash,No,2009,,North,,0,,Flat,,,,,,Bright sun,681400,0,0,0,1,,,0,,,,,,Auckland Region,Nil,1-way,Sealed,,0,0,,50,,Off,0,0,,76,Auckland,Give way,,,,,0,0,Urban,0,,,Fine,Null
1793708,5771276,2646,,531200,0,,0,1,,Null,2008/2009,SH 3,BALLANCE ST,,Non-Injury Crash,Yes,2009,,North,,0,,Flat,,,,,,Bright sun,997800,0,0,0,2,,,0,,,,,,Waikato Region,Nil,2-way,Sealed,,0,0,,50,,Null,0,0,,18,Ōtorohanga District,Stop,,,,,1,0,Urban,0,,,Fine,Null
1745873,5917174,2647,,510700,0,0,0,1,0,East,2009/2010,GREAT NORTH ROAD,EDSEL ST,,Non-Injury Crash,No,2009,0,West,0,0,0,Hill Road,0,,0,,0,Overcast,240505,0,0,0,2,0,0,0,0,1,,0,0,Auckland Region,Nil,2-way,Sealed,0,0,0,0,50,0,Off,1,0,,76,Auckland,Nil,0,0,0,0,0,0,Urban,0,0,0,Heavy rain,Null
1623513,5430562,2648,,582700,0,0,0,2,0,North,2009/2010,RUTHERFORD ST,NILE ST,,Non-Injury Crash,No,2009,0,North,0,0,0,Flat,0,,0,,0,Bright sun,2331800,0,0,0,2,0,0,0,0,1,,0,0,Nelson Region,Nil,2-way,Sealed,0,0,0,0,50,0,Null,0,0,,52,Nelson City,Nil,0,0,0,0,0,0,Urban,0,0,0,Fine,Null
1240312,4836953,2649,,610074,0,0,0,1,0,South,2008/2009,SH 1S,STANLEY TOWNSHIP ROAD,,Minor Crash,Yes,2009,0,South,1,0,0,Flat,0,,0,,0,Dark,3160101,1,0,0,2,0,0,0,0,0,,0,0,Southland Region,Nil,2-way,Sealed,0,0,0,0,100,0,None,0,0,,75,Invercargill City,Unknown,0,0,0,0,0,0,Open,0,0,0,Light rain,Null
1756350,5920285,2650,,514000,0,,0,1,,North,2009/2010,SH 1N,WELLINGTON ON NBD,,Non-Injury Crash,Yes,2009,,North,,0,,Flat,,,,,,Dark,416800,0,0,0,2,,,0,,,,,,Auckland Region,Bridge,1-way,Sealed,,0,0,,80,,On,0,0,,76,Auckland,Unknown,,,,,1,0,Open,0,,,Fine,Null
1752706,5437025,2651,,573511,0,,0,1,,North,2009/2010,CHURTON PARK ON NBD,WESTCHESTER DRIVE,,Non-Injury Crash,Yes,2009,,North,,0,,Hill Road,,,,,,Overcast,2086203,0,0,0,1,,,0,,,,,,Wellington Region,Motorway ramp,1-way,Sealed,,0,0,,50,,Null,0,0,,47,Wellington City,Nil,,,,,0,0,Urban,1,,,Light rain,Null
1755060,5913888,2652,,518803,0,0,0,2,0,South,2009/2010,DOMINION ROAD,COLEMAN AVENUE,,Non-Injury Crash,No,2009,0,South,0,0,1,Flat,0,,0,,0,Dark,581200,0,0,0,3,0,0,0,0,1,,0,0,Auckland Region,Nil,2-way,Sealed,0,0,0,0,50,0,On,0,0,,76,Auckland,Nil,0,0,0,0,0,0,Urban,0,0,0,Fine,Null
1885162,5773386,2653,,540420,0,,0,1,,Null,2009/2010,FENTON ST,VICTORIA ST,,Non-Injury Crash,No,2009,,North,,0,,Flat,,,,,,Overcast,1237200,0,0,0,4,,,0,,,,,,Bay of Plenty Region,Nil,2-way,Sealed,,0,0,,50,,Off,1,0,,24,Rotorua District,Give way,,,,,0,0,Urban,0,,,Fine,Null
1802127,5788503,2654,,527924,0,,0,0,,West,2009/2010,POKURU ROAD,NIMT RAIL BR,,Non-Injury Crash,No,2009,,East,,0,,Flat,,,,,,Overcast,983702,0,0,0,2,,,0,,,,,,Waikato Region,Nil,2-way,Sealed,,0,0,,100,,Null,0,0,,17,Waipa District,Unknown,,,,,0,0,Open,2,,,Light rain,Null
1802412,5816086,2655,,530100,0,,0,2,,Null,2009/2010,PEACHGROVE ROAD,RUAKURA ROAD,,Non-Injury Crash,No,2009,,East,,0,,Flat,,,,,,Dark,895400,0,0,0,2,,,0,,,,,,Waikato Region,Nil,2-way,Sealed,,0,0,,50,,On,0,0,,16,Hamilton City,Traffic Signals,,,,,0,0,Urban,0,,,Fine,Null
1752259,5432401,2656,,574002,0,0,0,1,0,East,2008/2009,SH 2,NGAURANGA ON NBD,,Non-Injury Crash,Yes,2009,0,East,0,0,0,Flat,0,,0,,0,Dark,2078302,0,0,0,2,0,0,0,0,0,,0,0,Wellington Region,Motorway ramp,2-way,Sealed,1,0,0,0,100,0,None,0,0,,47,Wellington City,Nil,0,0,0,0,0,0,Open,0,0,0,Light rain,Strong wind
1747725,5913483,2657,,511100,0,,0,2,,Null,2009/2010,WEST COAST ROAD,PLEASANT ROAD,,Non-Injury Crash,No,2009,,West,,0,,Hill Road,,,,,,Bright sun,286100,0,0,0,2,,,0,,,,,,Auckland Region,Nil,2-way,Sealed,,0,0,,50,,Off,0,0,,76,Auckland,Stop,,,,,0,0,Urban,0,,,Fine,Null
1753872,5933600,2658,,508804,0,,0,2,,Null,2008/2009,GREVILLE ROAD,HUGH GREEN DRIVE,,Non-Injury Crash,No,2009,,West,,0,,Flat,,,,,,Dark,180605,0,0,0,4,,,0,,,,,,Auckland Region,Nil,2-way,Sealed,,0,0,,50,,On,0,0,,76,Auckland,Give way,,,,,0,0,Urban,0,,,Light rain,Null
1261224,4862136,2659,75,610061,0,0,0,0,0,West,2009/2010,SH 98,WOODSTOCK ROAD,,Serious Crash,Yes,2009,0,East,0,0,1,Flat,0,,0,,0,Overcast,3089600,1,0,0,2,0,0,0,0,0,,0,0,Southland Region,Nil,2-way,Sealed,0,0,1,0,100,0,Null,0,0,,73,Southland District,Unknown,0,0,0,0,1,0,Open,0,0,0,Fine,Strong wind
1570878,5180886,2660,,591700,0,,0,2,,Null,2009/2010,MANCHESTER ST,SALISBURY ST,,Minor Crash,No,2009,,East,,0,,Flat,,,,,,Bright sun,2655800,1,0,0,2,,,0,,,,,,Canterbury Region,Nil,2-way,Sealed,,0,0,,50,,Null,0,0,,60,Christchurch City,Traffic Signals,,,,,0,0,Urban,0,,,Fine,Null
1401262,4919137,2661,,602500,0,0,0,1,0,West,2008/2009,THREE MILE HILL ROAD,HALFWAY BUSH ROAD,,Minor Crash,No,2009,0,East,0,0,0,Hill Road,0,,0,,0,Overcast,2980800,1,0,0,2,0,0,0,0,0,,0,0,Otago Region,Nil,2-way,Sealed,0,0,0,0,100,0,Null,0,0,,71,Dunedin City,Unknown,0,0,0,1,0,0,Open,0,0,0,Light rain,Null
1751992,5915424,2662,,517902,0,0,0,2,0,South,2009/2010,BOLLARD AVENUE,NEW NORTH ROAD,,Non-Injury Crash,No,2009,0,North,0,0,0,Flat,0,,0,,0,Overcast,519702,0,0,0,2,0,0,0,0,1,,0,0,Auckland Region,Nil,2-way,Sealed,0,0,0,0,50,0,Null,0,0,,76,Auckland,Unknown,0,0,0,0,0,0,Urban,0,0,0,Light rain,Null
1763695,5908892,2663,,521901,0,,0,2,,Null,2009/2010,WALMSLEY ROAD,MANGERE ROAD,,Non-Injury Crash,No,2009,,South,,0,,Flat,,,,,,Bright sun,785400,0,0,0,4,,,0,,,,,,Auckland Region,Nil,2-way,Sealed,,0,0,,50,,Off,0,1,,76,Auckland,Traffic Signals,,,,,0,0,Urban,0,,,Fine,Null
1797079,5819549,2664,,528403,0,,0,1,,Null,2008/2009,TE RAPA ROAD,WAIRERE DRIVE,,Non-Injury Crash,No,2009,,North,,0,,Flat,,,,,,Bright sun,907700,0,0,0,4,,,0,,,,,,Waikato Region,Nil,2-way,Sealed,,0,0,,60,,Null,1,0,,16,Hamilton City,Traffic Signals,,,,,0,0,Urban,0,,,Fine,Null
1745381,5920382,2665,,513301,0,,0,3,,North,2008/2009,LINCOLN ROAD,TRIANGLE ROAD,,Non-Injury Crash,No,2009,,South,,0,,Flat,,,,,,Dark,230301,0,0,0,5,,,0,,,,,,Auckland Region,Nil,2-way,Sealed,,0,0,,50,,On,0,0,,76,Auckland,Traffic Signals,,,,,0,0,Urban,0,,,Fine,Null
1780836,5916551,2666,80,523300,0,0,0,1,0,East,2008/2009,MARAETAI DRIVE,OMANA BEACH ROAD,,Non-Injury Crash,No,2009,0,West,1,0,0,Flat,0,,0,,0,Dark,719500,0,0,0,2,0,0,0,0,0,,0,0,Auckland Region,Nil,2-way,Sealed,0,0,0,0,100,0,On,0,0,,76,Auckland,Nil,0,0,0,0,0,0,Open,0,0,0,Fine,Null
1746990,5915134,2667,,511800,0,,0,2,,Null,2009/2010,HEPBURN ROAD,GREAT NORTH ROAD,,Non-Injury Crash,No,2009,,West,,0,,Flat,,,,,,Dark,277902,0,0,0,2,,,0,,,,,,Auckland Region,Nil,2-way,Sealed,,0,0,,50,,On,0,0,,76,Auckland,Give way,,,,,0,0,Urban,0,,,Fine,Null
1764998,5910504,2668,,521801,0,,0,4,,North,2008/2009,SH 1N,PRINCES OBR,,Non-Injury Crash,Yes,2009,,North,,0,,Hill Road,,,,,,Bright sun,787200,0,0,0,3,,,0,,,,,,Auckland Region,Nil,1-way,Sealed,,0,0,,100,,Off,0,0,,76,Auckland,Nil,,,,,0,0,Open,0,,,Fine,Null
1754342,5919183,2669,,515431,0,0,0,2,0,West,2008/2009,CASTLE ST,RICHMOND ROAD,,Non-Injury Crash,No,2009,0,East,0,0,0,Flat,0,,0,,0,Dark,403100,0,0,0,2,0,0,0,0,1,,0,0,Auckland Region,Nil,2-way,Sealed,0,0,0,0,50,0,On,0,0,,76,Auckland,Nil,0,0,0,0,0,0,Urban,0,0,0,Fine,Null
1757025,5919442,2670,,514103,0,,0,1,,Null,2008/2009,KARANGAHAPE ROAD,UPPER QUEEN ST,,Non-Injury Crash,No,2009,,West,,0,,Hill Road,,,,,,Dark,436401,0,0,0,2,,,1,,,,,,Auckland Region,Nil,2-way,Sealed,,0,0,,50,,On,0,0,,76,Auckland,Give way,,,,,0,0,Urban,0,,,Fine,Null
1790697,5843145,2671,,527402,0,0,0,2,0,North,2008/2009,SH 1N,FLETCHER ST,,Non-Injury Crash,Yes,2009,0,South,0,0,0,Flat,0,,0,,0,Bright sun,942900,0,0,0,2,0,0,0,0,0,,0,0,Waikato Region,Nil,2-way,Sealed,0,0,0,0,70,0,Null,0,0,,13,Waikato District,Unknown,0,0,0,0,0,0,Urban,0,1,0,Fine,Null
1803224,5815695,2672,,530500,0,,0,2,,Null,2008/2009,OLD FARM ROAD,CAMERON ROAD,,Non-Injury Crash,No,2009,,North,,0,,Flat,,,,,,Bright sun,889600,0,0,0,2,,,0,,,,,,Waikato Region,Nil,2-way,Sealed,,0,0,,50,,Null,0,0,,16,Hamilton City,Give way,,,,,0,0,Urban,0,,,Fine,Null
1752502,5933324,2673,,508701,0,,0,2,,Null,2008/2009,ALBANY EXPRESSWAY,MERCARI WAY,,Non-Injury Crash,No,2009,,East,,0,,Flat,,,,,,Dark,178900,0,0,0,4,,,0,,,,,,Auckland Region,Nil,2-way,Sealed,,0,0,,50,,On,0,0,,76,Auckland,Traffic Signals,,,,,0,0,Urban,0,,,Fine,Null
1720099,6045558,2674,,503100,0,,0,2,,Null,2008/2009,FINLAYSON ST,FINLAYSON STREET,,Non-Injury Crash,No,2009,,South,,0,,Flat,,,,,,Bright sun,101601,0,0,0,2,,,0,,,,,,Northland Region,Nil,2-way,Sealed,,0,0,,50,,Off,0,0,,2,Whangarei District,Give way,,,,,0,0,Urban,0,,,Fine,Null
1571757,5180043,2675,,591700,0,0,0,3,0,Null,2008/2009,HEREFORD ST,FITZGERALD AVENUE,,Minor Crash,No,2009,0,North,0,0,0,Flat,0,,0,,0,Overcast,2658100,1,0,0,2,0,0,0,0,1,,0,0,Canterbury Region,Nil,2-way,Sealed,0,0,0,0,50,0,Null,1,0,,60,Christchurch City,Traffic Signals,0,0,0,0,0,0,Urban,0,0,0,Light rain,Null
2055902,5723753,2676,,544001,0,0,0,1,0,North,2008/2009,SH 35,PAKARAE ROAD,,Serious Crash,Yes,2009,0,North,0,0,1,Hill Road,0,Easter,0,,0,Overcast,1356700,0,0,0,2,0,0,0,0,0,,0,0,Gisborne Region,Nil,2-way,Sealed,0,0,1,0,100,0,Null,0,0,,28,Gisborne District,Nil,0,0,0,1,0,0,Open,0,0,0,Light rain,Null
1765435,5916527,2677,,520301,0,,0,2,,Null,2009/2010,APIRANA AVENUE,SALIMA TALAGI ST,,Non-Injury Crash,No,2009,,South,,0,,Flat,,,,,,Overcast,478000,0,0,0,2,,,0,,,,,,Auckland Region,Nil,2-way,Sealed,,0,0,,50,,Off,0,0,,76,Auckland,Give way,,,,,0,0,Urban,0,,,Fine,Null
1427644,4991743,2678,,600826,0,,0,1,,North,2009/2010,SH 1S,FREW ROAD,,Minor Crash,Yes,2009,,North,,0,,Flat,,,,,,Overcast,2832600,2,0,0,2,,,0,,,,,,Otago Region,Nil,2-way,Sealed,,0,0,,100,,Null,0,0,,68,Waitaki District,Unknown,,,,,0,0,Open,0,,,Light rain,Null
1761398,5917870,2679,,516201,0,0,0,2,0,West,2008/2009,UPLAND ROAD,DARWIN LANE,,Non-Injury Crash,No,2009,0,East,0,0,0,Hill Road,0,,0,,0,Dark,486700,0,0,0,1,0,0,0,0,1,,0,0,Auckland Region,Nil,2-way,Sealed,0,0,0,0,50,0,On,0,0,,76,Auckland,Nil,0,0,0,0,0,0,Urban,0,0,0,Fine,Null
1891322,5821846,2680,,536201,0,0,0,0,0,West,2009/2010,PAPAMOA BEACH ROAD,GRANT PLACE,,Non-Injury Crash,No,2009,0,West,0,0,0,Flat,0,,0,,0,Bright sun,1204711,0,0,0,2,0,0,0,0,1,,0,0,Bay of Plenty Region,Nil,2-way,Sealed,0,0,0,0,70,0,Null,1,0,,23,Tauranga City,Unknown,0,0,0,0,1,0,Urban,0,0,0,Fine,Null