X,Y,OBJECTID,advisorySpeed,areaUnitID,bicycle,bridge,bus,carStationWagon,cliffBank,crashDirectionDescription,crashFinancialYear,crashLocation1,crashLocation2,crashRoadSideRoad,crashSeverity,crashSHDescription,crashYear,debris,directionRoleDescription,ditch,fatalCount,fence,flatHill,guardRail,holiday,houseOrBuilding,intersection,kerb,light,meshblockId,minorInjuryCount,moped,motorcycle,NumberOfLanes,objectThrownOrDropped,otherObject,otherVehicleType,overBank,parkedVehicle,pedestrian,phoneBoxEtc,postOrPole,region,roadCharacter,roadLane,roadSurface,roadworks,schoolBus,seriousInjuryCount,slipOrFlood,speedLimit,strayAnimal,streetLight,suv,taxi,temporarySpeedLimit,tlaId,tlaName,trafficControl,trafficIsland,trafficSign,train,tree,truck,unknownVehicleType,urban,vanOrUtility,vehicle,waterRiver,weatherA,weatherB
1748367,5961791,2681,,506613,0,,0,1,,North,2009/2010,SH 1N,MAHURANGI WEST ROAD,,Non-Injury Crash,Yes,2009,,South,,0,,Hill Road,,,,,,Overcast,146800,0,0,0,2,,,0,,,,,,Auckland Region,Nil,2-way,Sealed,,0,0,,100,,Null,0,0,,76,Auckland,Unknown,,,,,1,0,Open,0,,,Light rain,Null
1747127,5915465,2682,,511601,0,0,0,1,0,South,2009/2010,HEPBURN ROAD,BUTTERWORTH DRIVE,,Non-Injury Crash,No,2009,0,South,0,0,0,Flat,0,,0,,0,Dark,272500,0,0,0,2,0,0,0,0,1,,0,0,Auckland Region,Nil,2-way,Sealed,0,0,0,0,50,0,On,0,0,,76,Auckland,Unknown,0,0,0,0,0,0,Urban,1,0,0,Fine,Null
1868058,5715538,2683,,541317,0,0,0,1,0,East,2008/2009,HUKA FALLS ROAD,CLEARWATER LANE,,Non-Injury Crash,No,2009,0,North,1,0,0,Flat,0,Queens Birthday,0,,0,Dark,1279014,0,0,0,2,0,0,0,0,0,,0,0,Waikato Region,Nil,2-way,Sealed,0,0,0,0,100,0,None,0,0,,21,Taupo District,Nil,0,0,0,0,0,0,Open,0,0,0,Light rain,Null
1767930,5906873,2684,,523711,0,0,0,0,0,Null,2008/2009,PRESTON ROAD,DAWSON ROAD,,Non-Injury Crash,No,2009,0,West,0,0,1,Flat,0,,0,,0,Dark,714400,0,0,0,3,0,0,0,0,0,,0,0,Auckland Region,Nil,2-way,Sealed,0,0,0,0,50,0,On,0,0,,76,Auckland,Traffic Signals,0,0,0,0,0,0,Urban,1,0,0,Fine,Null
1623427,6121794,2685,,500100,0,,0,1,,North,2009/2010,SH 10,SH 1N,,Non-Injury Crash,Yes,2009,,South,,0,,Flat,,,,,,Overcast,7202,0,0,0,2,,,0,,,,,,Northland Region,Nil,2-way,Sealed,,0,0,,100,,Null,1,0,,1,Far North District,Unknown,,,,,0,0,Open,0,,,Fine,Null
1770423,5912445,2686,,523106,0,,0,3,,North,2009/2010,BOTANY ROAD,MILLHOUSE DRIVE,,Non-Injury Crash,No,2009,,North,,0,,Flat,,,,,,Bright sun,711163,0,0,0,4,,,0,,,,,,Auckland Region,Nil,2-way,Sealed,,0,0,,50,,Null,0,0,,76,Auckland,Unknown,,,,,0,0,Urban,0,,,Fine,Null
1744910,5914389,2687,,512905,0,,0,1,,Null,2009/2010,SEYMOUR ROAD,PARRS CROSS ROAD,,Non-Injury Crash,No,2009,,West,,0,,Flat,,,,,,Bright sun,278903,0,0,0,2,,,0,,,,,,Auckland Region,Nil,2-way,Sealed,,0,0,,50,,Null,1,0,,76,Auckland,Give way,,,,,0,0,Urban,0,,,Fine,Null
1842574,5816785,2688,,535000,0,0,0,1,0,North,2008/2009,SH 27,LINK ROAD,,Non-Injury Crash,Yes,2009,0,North,0,0,0,Flat,1,,0,,0,Bright sun,1111700,0,0,0,2,0,0,0,0,0,,0,0,Waikato Region,Nil,2-way,Sealed,0,0,0,0,50,0,Off,0,0,,15,Matamata-Piako District,Nil,0,1,0,0,0,0,Urban,0,0,0,Mist or Fog,Null
1759882,5915763,2689,,516002,0,,0,2,,Null,2008/2009,GREEN LANE EAST,GREEN LANE INT,,Non-Injury Crash,No,2009,,West,,0,,Flat,,,,,,Bright sun,494100,0,0,0,2,,,0,,,,,,Auckland Region,Nil,2-way,Sealed,,0,0,,50,,Null,0,0,,76,Auckland,Give way,,,,,0,0,Urban,0,,,Fine,Null
1759167,5909954,2690,,524002,0,,0,0,,Null,2009/2010,CORONATION ROAD,MCINTYRE ROAD,,Non-Injury Crash,No,2009,,South,,0,,Flat,,,,,,Bright sun,722700,0,0,0,2,,,0,,,,,,Auckland Region,Nil,2-way,Sealed,,0,0,,50,,Off,0,0,,76,Auckland,Give way,,,,,1,0,Urban,1,,,Fine,Null
1836459,5917865,2691,,533200,0,,0,0,,South,2008/2009,SH 25,WADE ROAD,,Non-Injury Crash,Yes,2009,,North,,0,,Flat,,,,,,Overcast,1046100,0,0,0,2,,,0,,,,,,Waikato Region,Nil,2-way,Sealed,,0,0,,100,,Null,1,0,,11,Thames-Coromandel District,Unknown,,,,,0,0,Open,1,,,Heavy rain,Null
1887985,5823010,2692,,536516,0,0,0,1,0,North,2009/2010,HARTFORD AVENUE,KIMBER GROVE,,Non-Injury Crash,No,2009,0,North,0,0,1,Flat,0,,0,,0,Overcast,1205026,0,0,0,2,0,0,0,0,0,,0,0,Bay of Plenty Region,Nil,2-way,Sealed,0,0,0,0,50,0,Null,0,0,,23,Tauranga City,Nil,0,0,0,0,0,0,Urban,0,0,0,Light rain,Null
1484020,5377249,2693,,584500,1,,0,1,,East,2009/2010,COBDEN ST,DERBY ST,,Serious Crash,No,2009,,West,,0,,Flat,,,,,,Bright sun,2394300,0,0,0,2,,,0,,,,,,West Coast Region,Nil,2-way,Sealed,,0,1,,50,,Null,0,0,,55,Buller District,Nil,,,,,0,0,Urban,0,,,Fine,Null
1771087,5914686,2694,,521601,0,,0,0,,Null,2008/2009,RIDGE ROAD,VINCENT ST,,Non-Injury Crash,No,2009,,South,,0,,Flat,,,,,,Overcast,646500,0,0,0,3,,,0,,,,,,Auckland Region,Nil,2-way,Sealed,,0,0,,50,,Off,1,0,,76,Auckland,Give way,,,,,0,0,Urban,1,,,Fine,Null
1757416,5919676,2695,,514103,0,0,0,2,0,South,2009/2010,WAKEFIELD ST,MOUNT ST,,Non-Injury Crash,No,2009,0,North,0,0,0,Flat,0,,0,,0,Dark,437000,0,0,0,4,0,0,0,0,0,,0,0,Auckland Region,Nil,2-way,Sealed,0,0,0,0,50,0,On,0,0,,76,Auckland,Unknown,0,0,0,0,0,0,Urban,0,1,0,Fine,Null
1798911,5822005,2696,,527006,0,,1,1,,Null,2009/2010,RESOLUTION DRIVE,DISCOVERY DRIVE,,Non-Injury Crash,No,2009,,North,,0,,Flat,,,,,,Bright sun,952030,0,0,0,2,,,0,,,,,,Waikato Region,Nil,2-way,Sealed,,0,0,,80,,Null,0,0,,16,Hamilton City,Give way,,,,,0,0,Open,0,,,Fine,Null
1776025,5900733,2697,,523813,0,0,0,1,0,North,2009/2010,CLEVEDON-TAKANINI ROAD,ALFRISTON-ARDMORE ROAD,,Non-Injury Crash,No,2009,0,North,1,0,0,Flat,0,,0,,0,Dark,761500,0,0,0,2,0,0,0,0,0,,0,0,Auckland Region,Nil,2-way,Sealed,0,0,0,0,100,0,None,0,0,,76,Auckland,Nil,0,0,0,0,0,0,Open,0,0,0,Light rain,Null
1767758,5911981,2698,,522910,0,0,0,1,0,West,2008/2009,TI RAKAU DRIVE,GOSSAMER DRIVE,,Non-Injury Crash,No,2009,0,East,0,0,0,Flat,0,,0,,0,Dark,687700,0,0,0,4,0,0,0,0,1,,0,0,Auckland Region,Nil,2-way,Sealed,0,0,0,0,60,0,On,0,0,,76,Auckland,Nil,0,0,0,0,1,0,Urban,0,0,0,Light rain,Null
1766904,5907645,2699,,523602,0,,0,1,,Null,2009/2010,BAIRDS ROAD,EAST TAMAKI ROAD,,Non-Injury Crash,No,2009,,North,,0,,Flat,,,,,,Bright sun,709300,0,0,0,5,,,0,,,,,,Auckland Region,Nil,2-way,Sealed,,0,0,,50,,Off,1,0,,76,Auckland,Give way,,,,,0,0,Urban,0,,,Fine,Null
1779324,5875946,2700,,521131,0,0,0,0,0,North,2008/2009,MARLBOROUGH ST,REGINA ST,,Non-Injury Crash,No,2009,0,South,0,0,0,Flat,0,,0,,0,Dark,842800,0,0,0,2,0,0,0,0,0,,0,1,Waikato Region,Nil,2-way,Sealed,0,0,0,0,50,0,On,1,0,,13,Waikato District,Unknown,0,0,0,0,0,0,Urban,0,0,0,Fine,Null
1750445,5424343,2701,,576901,0,,0,0,,Null,2008/2009,RONGOTAI ROAD,MAHORA ST,,Minor Crash,No,2009,,West,,0,,Flat,,,,,,Overcast,2177100,1,0,0,2,,,0,,,1,,,Wellington Region,Nil,2-way,Sealed,,0,0,,50,,Null,0,0,,47,Wellington City,Give way,,,,,0,0,Urban,1,,,Fine,Null
1764507,5904468,2702,,522100,0,,0,2,,Null,2009/2010,PUHINUI ROAD,ROSCOMMON ROAD NORTH,,Non-Injury Crash,No,2009,,West,,0,,Flat,,,,,,Dark,659200,0,0,0,1,,,0,,,,,,Auckland Region,Nil,2-way,Sealed,,0,0,,50,,On,0,0,,76,Auckland,Give way,,,,,0,0,Urban,0,,,Fine,Null
1902708,5566930,2703,,549602,0,,0,0,,West,2009/2010,SH 2,COUGHLAN ROAD,,Minor Crash,Yes,2009,,East,,0,,Flat,,,,,,Bright sun,1525200,1,0,0,2,,,0,,,1,,,Hawke's Bay Region,Nil,2-way,Sealed,,0,0,,70,,Null,1,0,,32,Central Hawke's Bay District,Nil,,,,,0,0,Urban,0,,,Fine,Null
1751865,5949320,2704,,505805,0,0,0,1,0,South,2008/2009,HIBISCUS COAST HIGHWAY,RIVERSIDE ROAD,,Non-Injury Crash,No,2009,0,South,0,0,0,Flat,0,,0,,0,Overcast,172205,0,0,0,2,0,0,0,0,1,,0,0,Auckland Region,Nil,2-way,Sealed,0,0,0,0,50,0,Null,1,0,,76,Auckland,Unknown,0,0,0,0,0,0,Urban,0,0,0,Fine,Null
1766856,5912725,2705,,522910,0,,0,1,,Null,2008/2009,TI RAKAU DRIVE,MATTSON ROAD,,Non-Injury Crash,No,2009,,East,,0,,Flat,,,,,,Overcast,685900,0,0,1,3,,,0,,,,,,Auckland Region,Nil,2-way,Sealed,,0,0,,60,,Null,0,0,,76,Auckland,Traffic Signals,,,,,0,0,Urban,0,,,Fine,Null
1482482,5256204,2706,,585315,0,0,0,1,1,South,2009/2010,SH 73,GOAT CRK BR,,Minor Crash,Yes,2009,0,South,1,0,0,Flat,0,,0,,0,Overcast,2422700,1,0,0,2,0,0,0,0,0,,0,0,West Coast Region,Nil,2-way,Sealed,0,0,0,0,100,0,Null,0,0,,57,Westland District,Unknown,0,0,0,0,0,0,Open,0,0,0,Fine,Null
1761929,5729523,2707,,531710,0,,0,0,,East,2009/2010,SH 3,NGATARAWA ROAD,,Non-Injury Crash,Yes,2009,,North,,0,,Flat,,,,,,Bright sun,1016101,0,0,0,2,,,0,,,,,,Waikato Region,Nil,2-way,Sealed,,0,0,,100,,Null,0,0,,20,Waitomo District,Unknown,,,,,1,0,Open,0,,,Fine,Null
1441371,5006547,2708,,601010,0,,0,1,,East,2008/2009,ARUNDEL ST,TAWARD ST,,Serious Crash,No,2009,,East,,0,,Flat,,,,,,Dark,2846300,0,0,0,2,,,0,,,1,,,Otago Region,Nil,2-way,Sealed,,0,1,,50,,On,0,0,,68,Waitaki District,Unknown,,,,,0,0,Urban,0,,,Fine,Null
1757174,5919844,2709,,514103,0,,0,2,,South,2009/2010,QUEEN ST,MAYORAL DRIVE,,Non-Injury Crash,No,2009,,North,,0,,Flat,,,,,,Bright sun,436100,0,0,0,4,,,0,,,,,,Auckland Region,Nil,2-way,Sealed,,0,0,,50,,Off,0,0,,76,Auckland,Nil,,,,,0,0,Urban,0,,,Fine,Null
1756884,5919922,2710,,514102,0,0,0,1,0,East,2008/2009,VINCENT ST,PITT ST,,Non-Injury Crash,No,2009,0,West,0,0,0,Hill Road,0,,0,,0,Overcast,434902,0,0,1,4,0,0,0,0,0,,0,0,Auckland Region,Nil,2-way,Sealed,0,0,0,0,50,0,Null,0,0,,76,Auckland,Unknown,0,0,0,0,0,0,Urban,0,1,0,Fine,Null
1749565,5911514,2711,,512100,0,,0,2,,West,2008/2009,GODLEY ROAD,TAUPO ST,,Non-Injury Crash,No,2009,,West,,0,,Flat,,,,,,Twilight,290300,0,0,0,2,,,0,,,,,,Auckland Region,Nil,2-way,Sealed,,0,0,,60,,On,0,0,,76,Auckland,Unknown,,,,,0,0,Urban,0,,,Fine,Null
1770001,5908450,2712,,523115,0,0,0,1,0,North,2008/2009,CHAPEL ROAD,BAVERSTOCK ROAD,,Non-Injury Crash,No,2009,0,South,0,0,1,Flat,0,,0,,0,Dark,712106,0,0,0,1,0,0,0,0,0,,0,0,Auckland Region,Nil,2-way,Sealed,0,0,0,0,70,0,On,0,0,,76,Auckland,Nil,0,0,0,1,0,0,Urban,0,0,0,Fine,Null
1763053,5912005,2713,,519500,0,,0,1,,North,2008/2009,GREAT SOUTH ROAD,SYLVIA PARK ROAD,,Non-Injury Crash,No,2009,,North,,0,,Hill Road,,,,,,Bright sun,622800,0,0,0,4,,,0,,,,,,Auckland Region,Nil,2-way,Sealed,,0,0,,50,,Off,0,0,,76,Auckland,Nil,,,,,1,0,Urban,0,,,Fine,Null
1765805,5901062,2714,,524711,0,,0,2,,South,2009/2010,ROSCOMMON ROAD,BURBANK AVENUE,,Non-Injury Crash,No,2009,,South,,0,,Flat,,,,,,Bright sun,774503,0,0,0,2,,,0,,,,,,Auckland Region,Nil,2-way,Sealed,,0,0,,50,,Null,0,0,,76,Auckland,Unknown,,,,,0,0,Urban,0,,,Fine,Null
1500822,5139624,2715,,597812,0,,0,1,,West,2009/2010,RACECOURSE ROAD,RUSSELL AVENUE,,Minor Crash,No,2009,,East,,0,,Flat,,,,,,Bright sun,2734000,1,0,0,2,,,0,,,1,,,Canterbury Region,Nil,2-way,Sealed,,0,0,,50,,Null,0,0,,63,Ashburton District,Unknown,,,,,0,0,Urban,0,,,Fine,Null
1573583,5184704,2716,,590505,0,,0,2,,East,2009/2010,SH 74,MARSHLAND ROAD,,Minor Crash,Yes,2009,,East,,0,,Flat,,,,,,Bright sun,2506304,1,0,0,2,,,0,,,,,,Canterbury Region,Nil,2-way,Sealed,,0,0,,80,,Null,0,0,,60,Christchurch City,Unknown,,,,,0,0,Open,0,,,Fine,Null
1770112,5910696,2717,,523113,0,,0,2,,Null,2009/2010,TE IRIRANGI DRIVE,HAVEN DRIVE,,Non-Injury Crash,No,2009,,North,,0,,Flat,,,,,,Bright sun,711718,0,0,0,2,,,0,,,,,,Auckland Region,Nil,1-way,Sealed,,0,0,,80,,Null,0,0,,76,Auckland,Traffic Signals,,,,,0,0,Open,0,,,Fine,Null
1755501,5934079,2718,,507200,0,0,0,1,0,West,2008/2009,BEACH ROAD,LEITH WAY,,Non-Injury Crash,No,2009,0,West,0,0,0,Flat,0,,0,,0,Dark,157000,0,0,0,2,0,0,0,0,1,,0,0,Auckland Region,Nil,2-way,Sealed,0,0,0,0,50,0,On,1,0,,76,Auckland,Nil,0,0,0,0,0,0,Urban,0,0,0,Fine,Null
1746532,5916380,2719,,511601,0,,0,2,,South,2008/2009,GREAT NORTH ROAD,JAMES LAURIE ST,,Non-Injury Crash,No,2009,,South,,0,,Flat,,,,,,Overcast,274505,0,0,0,2,,,0,,,,,,Auckland Region,Nil,2-way,Sealed,,0,0,,50,,Null,0,0,,76,Auckland,Unknown,,,,,0,0,Urban,0,,,Fine,Null
1899251,5810656,2720,,536651,0,,2,1,,South,2008/2009,SH 2,GULLIVER ROAD,,Non-Injury Crash,Yes,2009,,North,,0,,Flat,,,,,,Bright sun,1211000,0,0,0,2,,,0,,,,,,Bay of Plenty Region,Nil,2-way,Sealed,,0,0,,100,,Null,0,0,,22,Western Bay of Plenty District,Unknown,,,,,0,0,Open,0,,,Fine,Null
1764422,5904433,2721,,522100,0,,0,2,,Null,2009/2010,PUHINUI ROAD,WYLLIE ROAD,,Non-Injury Crash,No,2009,,South,,0,,Flat,,,,,,Overcast,659200,0,0,0,2,,,0,,,,,,Auckland Region,Nil,2-way,Sealed,,0,0,,50,,Off,0,0,,76,Auckland,Traffic Signals,,,,,0,0,Urban,0,,,Light rain,Null
1798101,5818381,2722,,528403,0,,0,2,,North,2008/2009,TE RAPA ROAD,MAHANA ROAD,,Non-Injury Crash,No,2009,,South,,0,,Flat,,,,,,Overcast,907900,0,0,0,4,,,0,,,,,,Waikato Region,Nil,2-way,Sealed,,0,0,,60,,Null,1,0,,16,Hamilton City,Unknown,,,,,0,0,Urban,0,,,Light rain,Null
1763453,5884336,2723,,521121,0,0,0,1,0,South,2008/2009,WOODHOUSE ROAD,CUFF ROAD,,Non-Injury Crash,No,2009,0,North,0,0,0,Hill Road,0,,0,,0,Dark,811300,0,0,0,2,0,0,0,0,0,,0,0,Auckland Region,Nil,2-way,Sealed,0,0,0,0,100,0,None,0,0,,76,Auckland,Nil,0,0,0,1,0,0,Open,0,0,0,Heavy rain,Null
1897128,5808831,2724,,536653,0,0,0,1,0,North,2008/2009,RANGIURU ROAD,KARNER DRIVE,,Non-Injury Crash,No,2009,0,North,1,0,0,Flat,0,,0,,0,Overcast,1210500,0,0,0,2,0,0,0,0,0,,0,0,Bay of Plenty Region,Nil,2-way,Sealed,0,0,0,0,100,0,Null,0,0,,22,Western Bay of Plenty District,Unknown,0,0,0,0,0,0,Open,0,0,0,Light rain,Null
1757065,5920542,2725,,514102,0,,0,1,,Null,2008/2009,HOBSON ST,VICTORIA ST WEST,,Non-Injury Crash,No,2009,,South,,0,,Flat,,,,,,Bright sun,433700,0,0,0,2,,,0,,,,,,Auckland Region,Nil,2-way,Sealed,,0,0,,50,,Off,0,0,,76,Auckland,Traffic Signals,,,,,0,0,Urban,1,,,Null,Null
1755785,5916472,2726,,518201,0,,0,2,,North,2009/2010,DOMINION ROAD,DEXTER AVENUE,,Non-Injury Crash,No,2009,,North,,0,,Flat,,,,,,Dark,552900,0,0,0,4,,,0,,,,,,Auckland Region,Nil,2-way,Sealed,,0,0,,50,,On,0,0,,76,Auckland,Unknown,,,,,0,0,Urban,0,,,Light rain,Null
1756172,5924059,2727,,509800,0,,0,2,,South,2009/2010,SH 1N,ONEWA OBR,,Non-Injury Crash,Yes,2009,,South,,0,,Flat,,,,,,Bright sun,361100,0,0,0,5,,,0,,,,,,Auckland Region,Nil,1-way,Sealed,,0,0,,80,,Off,0,0,,76,Auckland,Nil,,,,,0,0,Open,0,,,Fine,Null
1759860,5915784,2728,,519200,0,,0,1,,North,2009/2010,GREAT SOUTH ROAD,GREEN LANE WEST,,Non-Injury Crash,No,2009,,South,,0,,Flat,,,,,,Overcast,616000,0,0,0,3,,,0,,,,,,Auckland Region,Nil,2-way,Sealed,,0,0,,50,,Off,0,0,,76,Auckland,Give way,,,,,1,0,Urban,0,,,Light rain,Null
1857778,5839874,2729,,535800,0,,0,2,,South,2008/2009,SH 2,BEACH ROAD,,Non-Injury Crash,Yes,2009,,North,,0,,Flat,,,,,,Bright sun,1183502,0,0,0,2,,,0,,,,,,Bay of Plenty Region,Nil,2-way,Sealed,,0,0,,50,,Off,0,0,,22,Western Bay of Plenty District,Nil,,,,,0,0,Urban,0,,,Fine,Null
1761749,5906566,2730,,524112,0,,0,2,,Null,2008/2009,MASSEY ROAD,MASSEY ON SBD,,Non-Injury Crash,No,2009,,East,,0,,Flat,,,,,,Overcast,742300,0,0,0,3,,,0,,,,,,Auckland Region,Bridge,2-way,Sealed,,0,0,,50,,None,0,0,,76,Auckland,Traffic Signals,,,,,0,0,Urban,0,,,Fine,Null
1934944,5779430,2731,,542540,0,0,0,0,0,South,2009/2010,GALATEA ROAD,MACDONALD ROAD,,Non-Injury Crash,No,2009,0,South,0,0,0,Flat,0,,0,,0,Dark,1301400,0,0,0,2,0,1,0,0,0,,0,0,Bay of Plenty Region,Nil,2-way,Sealed,0,0,0,0,100,0,None,1,0,,25,Whakatane District,Unknown,0,0,0,0,0,0,Open,0,0,0,Heavy rain,Strong wind
1719572,6045573,2732,,503100,0,,0,1,,Null,2009/2010,CAMERON ST,WALTON ST,,Non-Injury Crash,No,2009,,North,,0,,Flat,,,,,,Twilight,99904,0,0,0,4,,,0,,,,,,Northland Region,Nil,2-way,Sealed,,0,0,,50,,On,0,0,,2,Whangarei District,Traffic Signals,,,,,0,0,Urban,1,,,Light rain,Null
1798974,5817068,2733,,528700,0,0,0,1,0,East,2008/2009,FOREST LAKE ROAD,BOLLARD ST,,Non-Injury Crash,No,2009,0,West,0,0,0,Hill Road,0,,0,,0,Dark,901600,0,0,0,2,0,0,0,0,0,,0,1,Waikato Region,Nil,2-way,Sealed,0,0,0,0,50,0,On,0,0,,16,Hamilton City,Unknown,0,0,0,0,0,0,Urban,0,0,0,Fine,Null
1709482,6033215,2734,,501809,0,0,0,1,0,East,2008/2009,MAUNGAKARAMEA ROAD,OLD SCHOOL ROAD,,Non-Injury Crash,No,2009,0,West,0,0,1,Hill Road,0,,0,,0,Bright sun,75100,0,0,0,2,0,0,0,0,0,,0,0,Northland Region,Nil,2-way,Sealed,0,0,0,0,100,0,Null,0,0,,2,Whangarei District,Unknown,0,0,0,0,0,0,Open,0,0,0,Fine,Null
1754109,5445227,2735,,570700,0,0,0,1,0,Null,2009/2010,TITAHI BAY ROAD,AWARUA ST,,Minor Crash,No,2009,0,North,0,0,0,Flat,0,,0,,0,Dark,2037400,1,0,0,2,0,0,0,0,0,,0,1,Wellington Region,Nil,1-way,Sealed,0,0,0,0,70,0,On,0,0,,44,Porirua City,Give way,1,0,0,0,0,0,Urban,0,0,0,Fine,Null
1815479,5801726,2736,,527931,0,0,0,1,0,Null,2009/2010,CAMBRIDGE ROAD,LAMB ST,,Non-Injury Crash,No,2009,0,North,0,0,0,Flat,0,,0,,0,Dark,987902,0,0,0,2,0,0,0,0,0,,0,1,Waikato Region,Nil,2-way,Sealed,0,0,0,0,100,0,On,0,0,,17,Waipa District,Stop,0,0,0,0,0,0,Open,0,0,0,Light rain,Null
1763566,5917005,2737,,516302,0,0,0,1,0,North,2008/2009,PANAPA DRIVE,HOANI GLADE,,Non-Injury Crash,No,2009,0,North,0,0,0,Flat,0,,0,,0,Dark,463707,0,0,0,2,0,0,0,0,0,,0,0,Auckland Region,Nil,2-way,Sealed,0,0,0,0,50,0,On,0,0,,76,Auckland,Unknown,0,0,0,1,0,0,Urban,0,0,0,Heavy rain,Null
1834895,5796552,2738,,535250,0,,0,2,,South,2009/2010,SH 1N,SH 29,,Non-Injury Crash,Yes,2009,,South,,0,,Flat,,,,,,Dark,1124902,0,0,0,2,,,0,,,,,,Waikato Region,Nil,2-way,Unsealed,,0,0,,100,,None,0,1,30,19,South Waikato District,Unknown,,,,,0,0,Open,0,,,Fine,Null
1746029,5915087,2739,,511800,0,0,0,1,0,East,2008/2009,SUNNYSIDE ROAD,MCKINLEY ROAD,,Non-Injury Crash,No,2009,0,East,0,0,0,Hill Road,0,,0,,0,Overcast,277703,0,0,0,2,0,0,0,0,1,,0,0,Auckland Region,Nil,2-way,Sealed,0,0,0,0,50,0,Null,0,0,,76,Auckland,Unknown,0,0,0,0,0,0,Urban,1,0,0,Light rain,Null
1879603,5825607,2740,,538202,0,,0,2,,East,2008/2009,SH 2A,MIRRIELEES ROAD,,Non-Injury Crash,Yes,2009,,West,,0,,Hill Road,,,,,,Overcast,1162800,0,0,0,2,,,0,,,,,,Bay of Plenty Region,Bridge,2-way,Sealed,,0,0,,50,,Null,0,0,,23,Tauranga City,Unknown,,,,,0,0,Urban,0,,,Fine,Null
1763607,5915299,2741,,520302,0,0,0,2,0,West,2008/2009,MARUA ROAD,BURT ROAD,,Non-Injury Crash,No,2009,0,West,0,0,0,Flat,0,,0,,0,Bright sun,626000,0,0,0,2,0,0,0,0,1,,0,0,Auckland Region,Nil,2-way,Sealed,0,0,0,0,50,0,Off,0,0,,76,Auckland,Nil,0,0,0,0,0,0,Urban,0,0,0,Fine,Null
1764977,5914726,2742,,520602,0,,0,0,,Null,2008/2009,PANMURE ROUNDABOUT,QUEENS ROAD,,Non-Injury Crash,No,2009,,South,,0,,Flat,,,,,,Overcast,628700,0,0,0,2,,,0,,,,,,Auckland Region,Nil,2-way,Sealed,,0,0,,50,,Null,0,0,,76,Auckland,Give way,,,,,0,0,Urban,2,,,Fine,Null
1760084,5907106,2743,,524111,0,,0,2,,South,2009/2010,ORLY AVENUE,BADER DRIVE,,Non-Injury Crash,No,2009,,West,,0,,Flat,,,,,,Bright sun,740000,0,0,0,1,,,0,,,,,,Auckland Region,Nil,2-way,Sealed,,0,0,,50,,Off,0,0,,76,Auckland,Give way,,,,,0,0,Urban,0,,,Fine,Null
1806846,5787434,2744,,527700,0,0,0,1,0,North,2008/2009,OLIVER ST,GREY ST,,Non-Injury Crash,No,2009,0,South,0,0,1,Flat,0,,0,,0,Twilight,990100,0,0,0,2,0,0,0,0,0,,0,0,Waikato Region,Nil,2-way,Sealed,0,0,0,0,50,0,Off,0,0,,17,Waipa District,Unknown,0,0,0,0,0,0,Urban,0,0,0,Fine,Null
1745464,5920523,2745,,513301,0,,0,1,,Null,2008/2009,LINCOLN ROAD,LINCOLN OFF WBD W,,Non-Injury Crash,Yes,2009,,East,,0,,Hill Road,,,,,,Dark,230301,0,0,0,2,,,0,,,,,,Auckland Region,Nil,2-way,Sealed,,0,0,,50,,On,0,0,,76,Auckland,Give way,,,,,0,0,Urban,1,,,Fine,Null
1761985,5909185,2746,,524402,0,,0,2,,Null,2009/2010,JAMES FLETCHER DRIVE,FAVONA ROAD,,Non-Injury Crash,No,2009,,West,,0,,Flat,,,,,,Bright sun,749800,0,0,0,5,,,0,,,,,,Auckland Region,Nil,2-way,Sealed,,0,0,,50,,Off,0,0,,76,Auckland,Traffic Signals,,,,,0,0,Urban,1,,,Fine,Null
1263313,5006388,2747,,608700,0,,0,2,,West,2009/2010,SH 6A,YEWLETT CRESCENT,,Minor Crash,Yes,2009,,West,,0,,Hill Road,,,,,,Twilight,3037101,1,0,0,1,,,0,,,,,,Otago Region,Nil,2-way,Sealed,,0,0,,50,,On,0,0,,70,Queenstown-Lakes District,Unknown,,,,,0,0,Urban,0,,,Fine,Null
1768926,5900843,2748,,524902,0,,0,2,,East,2009/2010,ALFRISTON ROAD,GREAT SOUTH ROAD,,Non-Injury Crash,No,2009,,West,,0,,Null,,,,,,Bright sun,758200,0,0,0,4,,,0,,,,,,Auckland Region,Nil,2-way,Sealed,,0,0,,50,,Off,0,0,,76,Auckland,Traffic Signals,,,,,0,0,Urban,0,,,Fine,Null
1883931,5774282,2749,,540410,0,,0,1,,Null,2008/2009,TAREWA ROAD,TAREWA PLACE,,Non-Injury Crash,No,2009,,South,,0,,Flat,,,,,,Overcast,1231800,0,0,0,2,,,0,,,,,,Bay of Plenty Region,Nil,2-way,Sealed,,0,0,,50,,Null,0,0,,24,Rotorua District,Stop,,,,,0,0,Urban,1,,,Fine,Null
1755414,5930442,2750,,508520,0,,0,2,,Null,2008/2009,SUNNYNOOK ROAD,SYCAMORE DRIVE,,Non-Injury Crash,No,2009,,East,,0,,Flat,,,,,,Overcast,192800,0,0,0,2,,,0,,,,,,Auckland Region,Nil,2-way,Sealed,,0,0,,50,,Off,0,0,,76,Auckland,Stop,,,,,0,0,Urban,0,,,Heavy rain,Null
1619556,5426419,2751,,583900,0,,0,2,,Null,2008/2009,MAIN ROAD STOKE,SONGER ST,,Non-Injury Crash,No,2009,,West,,0,,Flat,,,,,,Overcast,2342800,0,0,0,2,,,0,,,,,,Nelson Region,Nil,2-way,Sealed,,0,0,,50,,Null,0,0,,52,Nelson City,Traffic Signals,,,,,0,0,Urban,0,,,Light rain,Null