X,Y,OBJECTID,advisorySpeed,areaUnitID,bicycle,bridge,bus,carStationWagon,cliffBank,crashDirectionDescription,crashFinancialYear,crashLocation1,crashLocation2,crashRoadSideRoad,crashSeverity,crashSHDescription,crashYear,debris,directionRoleDescription,ditch,fatalCount,fence,flatHill,guardRail,holiday,houseOrBuilding,intersection,kerb,light,meshblockId,minorInjuryCount,moped,motorcycle,NumberOfLanes,objectThrownOrDropped,otherObject,otherVehicleType,overBank,parkedVehicle,pedestrian,phoneBoxEtc,postOrPole,region,roadCharacter,roadLane,roadSurface,roadworks,schoolBus,seriousInjuryCount,slipOrFlood,speedLimit,strayAnimal,streetLight,suv,taxi,temporarySpeedLimit,tlaId,tlaName,trafficControl,trafficIsland,trafficSign,train,tree,truck,unknownVehicleType,urban,vanOrUtility,vehicle,waterRiver,weatherA,weatherB
1820927,5836749,2752,,534500,0,,0,2,,South,2008/2009,MORRINSVILLE TAHUNA ROAD,CAMERON ROAD,,Non-Injury Crash,No,2009,,South,,0,,Flat,,,,,,Bright sun,1092200,0,0,0,2,,,0,,,,,,Waikato Region,Nil,2-way,Sealed,,0,0,,100,,Null,0,0,,15,Matamata-Piako District,Unknown,,,,,0,0,Open,0,,,Fine,Null
1636027,6110616,2753,,500202,0,0,0,1,0,South,2008/2009,SH 1N,TE RORE ROAD,,Non-Injury Crash,Yes,2009,0,West,1,0,0,Flat,0,,0,,0,Dark,6800,0,0,0,2,0,0,0,0,0,,0,1,Northland Region,Nil,2-way,Sealed,0,0,0,0,100,0,None,0,0,,1,Far North District,Nil,0,0,0,0,0,0,Open,0,0,0,Heavy rain,Null
1435332,5037929,2754,55,600410,0,0,0,0,0,East,2009/2010,SH 82,TURNERS ROAD,,Serious Crash,Yes,2009,0,West,1,0,0,Flat,0,,0,,0,Bright sun,2825200,0,0,1,2,0,0,0,1,0,,0,0,Canterbury Region,Nil,2-way,Sealed,0,0,1,0,100,0,Null,0,0,,66,Waimate District,Unknown,0,0,0,0,0,0,Open,0,0,0,Fine,Null
1405825,4915672,2755,,602900,0,,0,0,,Null,2009/2010,PRINCES ST,MELVILLE ST,,Minor Crash,No,2009,,South,,0,,Flat,,,,,,Overcast,2897600,1,0,0,4,,,0,,,,,,Otago Region,Nil,2-way,Sealed,,0,0,,50,,Null,2,0,,71,Dunedin City,Give way,,,,,0,0,Urban,0,,,Fine,Null
1769890,5899297,2756,,523920,0,,0,3,,South,2009/2010,SH 1N,TAKANINI OFF SBD,,Non-Injury Crash,Yes,2009,,South,,0,,Flat,,Christmas New Year,,,,Bright sun,768005,0,0,0,2,,,0,,,,,,Auckland Region,Nil,1-way,Sealed,,0,0,,100,,Null,0,0,,76,Auckland,Unknown,,,,,0,0,Open,0,,,Fine,Null
1411940,5238482,2757,,585320,0,0,0,0,0,South,2009/2010,SH 6,FERGUSONS BR,,Minor Crash,Yes,2009,0,South,0,0,0,Flat,0,,0,,0,Dark,2418600,2,0,0,2,0,1,0,0,0,,0,0,West Coast Region,Nil,2-way,Sealed,0,0,0,0,100,0,None,0,0,,57,Westland District,Unknown,0,0,0,0,0,0,Open,1,0,0,Fine,Null
1754488,5912712,2758,,519001,0,0,0,2,0,North,2009/2010,RICHARDSON ROAD,HOWELL CRESCENT,,Non-Injury Crash,No,2009,0,North,0,0,0,Flat,0,,0,,0,Dark,588600,0,0,0,2,0,0,0,0,1,,0,0,Auckland Region,Nil,2-way,Sealed,0,0,0,0,50,0,On,0,0,,76,Auckland,Nil,0,0,0,0,0,0,Urban,0,0,0,Fine,Null
1545705,5197936,2759,,586606,0,,0,3,,Null,2008/2009,SOUTH EYRE ROAD,PESTERS ROAD,,Minor Crash,No,2009,,West,,0,,Flat,,,,,,Overcast,2457302,2,0,0,2,,,0,,,,,,Canterbury Region,Nil,2-way,Sealed,,0,0,,100,,Null,0,0,,59,Waimakariri District,Nil,,,,,0,0,Open,0,,,Fine,Null
1822467,5829699,2760,,534901,0,,0,2,,Null,2009/2010,SNELL ST,LORNE ST,,Non-Injury Crash,No,2009,,East,,0,,Flat,,,,,,Bright sun,1086003,0,0,0,2,,,0,,,,,,Waikato Region,Nil,2-way,Sealed,,0,0,,50,,Null,0,0,,15,Matamata-Piako District,Give way,,,,,0,0,Urban,0,,,Fine,Null
1623423,6117065,2761,,500204,0,,0,2,,Null,2009/2010,SH 1N,WIRELESS ROAD,,Non-Injury Crash,Yes,2009,,North,,0,,Flat,,,,,,Overcast,8401,0,0,0,2,,,0,,,,,,Northland Region,Nil,2-way,Sealed,,0,0,,100,,Null,0,0,,1,Far North District,Give way,,,,,0,0,Open,0,,,Fine,Null
1384561,4990034,2762,,608000,0,0,0,0,0,South,2008/2009,SH 87,WAIPIATA-KOKONGA ROAD,,Serious Crash,Yes,2009,0,North,0,0,1,Flat,0,Queens Birthday,0,,0,Overcast,3016701,0,0,1,2,0,0,0,0,0,,0,0,Otago Region,Nil,2-way,Sealed,0,0,1,0,100,0,Null,0,0,,69,Central Otago District,Unknown,0,0,0,0,0,0,Open,0,0,0,Fine,Null
1879398,5820069,2763,,538000,0,0,0,2,0,East,2008/2009,SH 2A,MAUNGATAPU ROAD,,Non-Injury Crash,Yes,2009,0,East,0,0,0,Flat,0,,0,,0,Overcast,1178700,0,0,0,4,0,0,0,0,0,,0,0,Bay of Plenty Region,Nil,2-way,Sealed,0,0,0,0,50,0,Null,0,0,,23,Tauranga City,Unknown,1,0,0,0,1,0,Urban,0,0,0,Fine,Null
1843058,5792236,2764,,535250,0,,0,2,,Null,2008/2009,SH 1N,SH 5,,Non-Injury Crash,Yes,2009,,South,,0,,Flat,,,,,,Overcast,1127300,0,0,0,2,,,0,,,,,,Waikato Region,Nil,2-way,Sealed,,0,0,,100,,Null,0,0,,19,South Waikato District,Stop,,,,,0,0,Open,0,,,Light rain,Null
1747450,5919565,2765,,512402,0,0,0,1,0,East,2008/2009,SH 16,TE ATATU OBR,,Non-Injury Crash,Yes,2009,0,West,0,0,0,Flat,1,Queens Birthday,0,,0,Dark,253700,0,0,0,3,0,0,0,0,0,,0,0,Auckland Region,Nil,2-way,Sealed,0,0,0,0,100,0,On,0,0,,76,Auckland,Nil,0,0,0,0,0,0,Open,0,0,0,Fine,Null
1719915,6045994,2766,,503200,0,,0,1,,North,2009/2010,RIVERSIDE DRIVE,EWING ROAD,,Non-Injury Crash,No,2009,,North,,0,,Flat,,Christmas New Year,,,,Bright sun,101304,0,0,0,4,,,0,,,,,,Northland Region,Nil,2-way,Sealed,,0,0,,50,,Off,1,0,,2,Whangarei District,Give way,,,,,0,0,Urban,0,,,Fine,Null
1804393,5790676,2767,,531003,0,0,0,1,0,West,2008/2009,ARAWATA ST,GORST AVENUE,,Non-Injury Crash,No,2009,0,North,0,0,0,Flat,0,,0,,0,Bright sun,968302,0,0,0,2,0,0,0,0,0,,0,0,Waikato Region,Nil,2-way,Sealed,0,0,0,0,50,0,Null,0,0,,17,Waipa District,Nil,0,0,0,0,1,0,Urban,0,1,0,Fine,Null
1744660,5922690,2768,,513530,0,,0,2,,Null,2008/2009,MOIRE ROAD,HOLMES DRIVE SOUTH,,Non-Injury Crash,No,2009,,South,,0,,Flat,,,,,,Overcast,224407,0,0,0,2,,,0,,,,,,Auckland Region,Nil,2-way,Sealed,,0,0,,50,,Off,0,0,,76,Auckland,Stop,,,,,0,0,Urban,0,,,Light rain,Null
1754470,5933914,2769,,507102,0,0,0,2,0,West,2008/2009,EAST COAST ROAD,WEETMAN DRIVE,,Non-Injury Crash,No,2009,0,West,0,0,0,Hill Road,0,,0,,0,Overcast,158909,0,0,0,2,0,0,0,0,1,,0,0,Auckland Region,Nil,2-way,Sealed,0,0,0,0,50,0,Null,0,0,,76,Auckland,Unknown,0,0,0,0,0,0,Urban,0,0,0,Fine,Null
1801739,5817514,2770,,529502,0,0,0,1,0,Null,2008/2009,MARDON ROAD,PEACHGROVE ROAD,,Non-Injury Crash,No,2009,0,South,0,0,0,Flat,0,,0,,1,Dark,874600,0,0,0,2,0,0,0,0,0,,0,0,Waikato Region,Nil,2-way,Sealed,0,0,0,0,50,0,On,0,0,,16,Hamilton City,Stop,0,0,0,0,0,0,Urban,0,0,0,Mist or Fog,Null
1770717,5899080,2771,,523911,0,,0,1,,Null,2008/2009,MANUROA ROAD,PRINCESS ST,,Non-Injury Crash,No,2009,,East,,0,,Flat,,,,,,Overcast,766901,0,0,0,2,,,0,,,,,,Auckland Region,Nil,2-way,Sealed,,0,0,,50,,Null,0,0,,76,Auckland,Give way,,,,,0,0,Urban,1,,,Light rain,Null
1753832,5926763,2772,,508220,0,,0,2,,Null,2009/2010,GLENFIELD ROAD,CORONATION ROAD,,Non-Injury Crash,No,2009,,South,,0,,Flat,,,,,,Bright sun,187803,0,0,0,1,,,0,,,,,,Auckland Region,Nil,1-way,Sealed,,0,0,,50,,None,0,0,,76,Auckland,Give way,,,,,0,0,Urban,0,,,Mist or Fog,Null
1755398,5934765,2773,,507200,0,,0,2,,South,2008/2009,NIGEL ROAD,ARRAN ROAD,,Non-Injury Crash,No,2009,,North,,0,,Flat,,,,,,Bright sun,156101,0,0,0,1,,,0,,,,,,Auckland Region,Nil,2-way,Sealed,,0,0,,50,,Off,0,0,,76,Auckland,Nil,,,,,0,0,Urban,0,,,Fine,Null
1850192,5763620,2774,,535360,0,0,0,1,0,Null,2008/2009,TAINUI ST,KERERU ST,,Non-Injury Crash,No,2009,0,West,0,0,1,Flat,0,,0,,1,Dark,1150500,0,0,0,2,0,0,0,0,0,,0,0,Waikato Region,Nil,2-way,Sealed,0,0,0,0,50,0,On,0,0,,19,South Waikato District,Nil,0,0,0,0,0,0,Urban,0,0,0,Fine,Null
1764962,5914710,2775,,520602,0,,0,1,,Null,2008/2009,PANMURE ROUNDABOUT,LAGOON DRIVE,,Non-Injury Crash,No,2009,,East,,0,,Flat,,,,,,Bright sun,628700,0,0,0,2,,,0,,,,,,Auckland Region,Nil,2-way,Sealed,,0,0,,50,,Off,0,0,,76,Auckland,Give way,,,,,1,0,Urban,0,,,Fine,Null
1751571,5915053,2776,,514401,0,0,0,2,0,North,2009/2010,BLOCKHOUSE BAY ROAD,METHUEN ROAD,,Non-Injury Crash,No,2009,0,West,0,0,0,Flat,0,,0,,0,Dark,380200,0,0,0,2,0,0,0,0,1,,0,0,Auckland Region,Nil,2-way,Sealed,0,0,0,0,50,0,On,0,0,,76,Auckland,Nil,0,0,0,0,0,0,Urban,0,0,0,Fine,Null
1762089,5920405,2777,,516400,0,0,0,1,0,East,2009/2010,TAMAKI DRIVE,KITEMOANA ST,,Non-Injury Crash,No,2009,0,North,0,0,0,Flat,0,,0,,0,Dark,498700,0,0,0,2,0,0,0,0,0,,0,0,Auckland Region,Nil,2-way,Sealed,0,0,0,0,50,0,On,0,0,,76,Auckland,Nil,0,0,0,0,0,0,Urban,1,1,0,Fine,Null
1718293,6050790,2778,,502102,0,,0,2,,Null,2008/2009,STATION ROAD,COLENSO ST,,Non-Injury Crash,No,2009,,East,,0,,Hill Road,,,,,,Bright sun,84300,0,0,0,2,,,0,,,,,,Northland Region,Nil,2-way,Sealed,,0,0,,50,,Null,0,0,,2,Whangarei District,Give way,,,,,0,0,Urban,0,,,Fine,Null
1764595,5905903,2779,,524303,0,,0,2,,Null,2008/2009,STATION ROAD,HILLCREST ROAD,,Non-Injury Crash,No,2009,,East,,0,,Flat,,,,,,Dark,657500,0,0,0,2,,,0,,,,,,Auckland Region,Nil,2-way,Sealed,,0,0,,50,,On,0,0,,76,Auckland,Give way,,,,,0,0,Urban,0,,,Fine,Null
1755418,5921293,2780,,515202,0,0,0,1,0,Null,2009/2010,SHELLY BEACH ROAD,HACKETT ST,,Non-Injury Crash,No,2009,0,South,0,0,0,Hill Road,0,,0,,0,Dark,424200,0,0,0,2,0,0,0,0,0,,0,0,Auckland Region,Nil,2-way,Sealed,0,0,0,0,50,0,On,0,0,,76,Auckland,Stop,1,0,0,0,0,0,Urban,0,0,0,Fine,Null
1764190,5908664,2781,,521901,0,0,0,2,0,North,2009/2010,JELLICOE ST,GREAT SOUTH ROAD,,Non-Injury Crash,No,2009,0,West,0,0,0,Flat,0,,0,,0,Bright sun,785900,0,0,0,1,0,0,0,0,1,,0,0,Auckland Region,Nil,2-way,Sealed,0,0,0,0,50,0,None,0,0,,76,Auckland,Nil,0,0,0,0,0,0,Urban,0,0,0,Fine,Null
1756576,5920007,2782,,514102,0,,0,3,,Null,2009/2010,UNION ST,WELLINGTON ST,,Non-Injury Crash,No,2009,,South,,0,,Flat,,,,,,Overcast,434402,0,0,0,2,,,0,,,,,,Auckland Region,Nil,2-way,Sealed,,0,0,,50,,Null,0,0,,76,Auckland,Traffic Signals,,,,,0,0,Urban,0,,,Light rain,Null
1870934,5823482,2783,,536503,0,,0,1,,Null,2009/2010,SH 2,MINDEN ROAD,,Non-Injury Crash,Yes,2009,,West,,0,,Flat,,,,,,Overcast,1188103,0,0,0,2,,,0,,,,,,Bay of Plenty Region,Nil,2-way,Sealed,,0,0,,80,,Null,1,0,,22,Western Bay of Plenty District,Stop,,,,,0,0,Open,0,,,Light rain,Null
1572909,5177714,2784,,594300,1,0,0,1,0,North,2009/2010,OPAWA ROAD,HAWFORD ROAD,,Minor Crash,No,2009,0,South,0,0,0,Flat,0,,0,,0,Twilight,2584100,1,0,0,2,0,0,0,0,1,,0,0,Canterbury Region,Nil,2-way,Sealed,0,0,0,0,50,0,On,0,0,,60,Christchurch City,Unknown,0,0,0,0,0,0,Urban,0,0,0,Fine,Null
1753336,5934085,2785,,508804,0,,0,2,,Null,2008/2009,HUGH GREEN DRIVE,SPENCER ROAD,,Non-Injury Crash,No,2009,,South,,0,,Flat,,,,,,Overcast,180602,0,0,0,2,,,0,,,,,,Auckland Region,Nil,2-way,Sealed,,0,0,,50,,Off,0,0,,76,Auckland,Give way,,,,,0,0,Urban,0,,,Fine,Null
1949834,5790033,2786,,542440,0,0,0,1,1,Null,2008/2009,KING STREET,OLYMPIC DRIVE,,Non-Injury Crash,No,2009,0,West,0,0,0,Flat,0,,0,,0,Dark,1308800,0,0,0,2,0,0,0,0,0,,0,0,Bay of Plenty Region,Nil,2-way,Sealed,0,0,0,0,50,0,On,0,0,,25,Whakatane District,Give way,0,0,0,0,0,0,Urban,0,0,0,Light rain,Null
1800573,5812951,2787,,529100,0,,0,1,,West,2009/2010,SH 1N,OHAUPO ROAD,,Non-Injury Crash,Yes,2009,,East,,0,,Flat,,,,,,Bright sun,930700,0,0,0,2,,,0,,,,,,Waikato Region,Nil,2-way,Sealed,,0,0,,60,,Null,0,0,,16,Hamilton City,Unknown,,,,,0,0,Urban,1,,,Fine,Null
1719074,6048181,2788,,502300,0,,0,1,,Null,2008/2009,KAMO ROAD,MOODY AVENUE,,Non-Injury Crash,No,2009,,West,,0,,Flat,,,,,,Bright sun,90500,0,0,0,2,,,0,,,,,,Northland Region,Nil,2-way,Sealed,,0,0,,50,,None,1,0,,2,Whangarei District,Give way,,,,,0,0,Urban,0,,,Fine,Null
1571550,5184147,2789,,592701,0,,0,2,,Null,2008/2009,INNES ROAD,HILLS ROAD,,Minor Crash,No,2009,,West,,0,,Flat,,,,,,Overcast,2593600,1,0,0,3,,,0,,,,,,Canterbury Region,Nil,2-way,Sealed,,0,0,,50,,Null,0,0,,60,Christchurch City,Traffic Signals,,,,,0,0,Urban,0,,,Fine,Null
1744776,5917939,2790,,510700,0,,0,3,,Null,2009/2010,STURGES ROAD,SWANSON ROAD,,Non-Injury Crash,No,2009,,North,,0,,Flat,,,,,,Bright sun,239501,0,0,0,3,,,0,,,,,,Auckland Region,Nil,2-way,Sealed,,0,0,,50,,Off,0,0,,76,Auckland,Traffic Signals,,,,,0,0,Urban,0,,,Fine,Null
2036925,5708956,2791,,544600,0,,0,2,,Null,2008/2009,PALMERSTON ROAD,CARNARVON ST,,Non-Injury Crash,No,2009,,East,,0,,Flat,,,,,,Overcast,1373800,0,0,0,2,,,0,,,,,,Gisborne Region,Nil,2-way,Sealed,,0,0,,50,,Null,0,0,,28,Gisborne District,Stop,,,,,0,0,Urban,0,,,Fine,Null
1763451,5913905,2792,,520303,0,,0,2,,South,2009/2010,PENROSE ROAD,BARRACK ROAD,,Non-Injury Crash,No,2009,,South,,0,,Flat,,,,,,Bright sun,627300,0,0,0,4,,,0,,,,,,Auckland Region,Nil,2-way,Sealed,,0,0,,50,,Off,0,0,,76,Auckland,Nil,,,,,0,0,Urban,1,,,Fine,Null
1757750,5928840,2793,,507800,0,0,0,2,0,North,2008/2009,FRIESTON ROAD,KITCHENER ROAD,,Non-Injury Crash,No,2009,0,South,0,0,0,Flat,0,,0,,0,Bright sun,310200,0,0,0,2,0,0,0,0,1,,0,0,Auckland Region,Nil,2-way,Sealed,0,0,0,0,50,0,Null,0,0,,76,Auckland,Unknown,0,0,0,0,0,0,Urban,0,0,0,Fine,Null
1672930,6081639,2794,,501700,0,,0,1,,Null,2009/2010,SH 12,MANGAKAHIA ROAD,,Non-Injury Crash,Yes,2009,,West,,0,,Flat,,,,,,Bright sun,41800,0,0,0,2,,,0,,,,,,Northland Region,Nil,2-way,Sealed,,0,0,,50,,Off,1,0,,1,Far North District,Stop,,,,,0,0,Urban,0,,,Fine,Null
1758986,5912185,2795,,519820,0,,0,2,,West,2008/2009,CHURCH ST,ONEHUNGA MALL,,Non-Injury Crash,No,2009,,East,,0,,Flat,,,,,,Overcast,601800,0,0,0,2,,,0,,,,,,Auckland Region,Nil,2-way,Sealed,,0,0,,50,,Null,0,0,,76,Auckland,Give way,,,,,0,0,Urban,0,,,Light rain,Null
1717421,6055253,2796,,502001,0,,0,2,,Null,2009/2010,SH 1N,SALEYARDS ROAD N,,Non-Injury Crash,Yes,2009,,South,,0,,Flat,,,,,,Overcast,64300,0,0,0,2,,,0,,,,,,Northland Region,Nil,2-way,Sealed,,0,0,,100,,Off,0,0,,2,Whangarei District,Stop,,,,,0,0,Open,0,,,Fine,Null
1719323,6042762,2797,,503900,0,0,0,0,0,East,2009/2010,KIOREROA ROAD,REWA REWA ROAD,,Non-Injury Crash,No,2009,0,South,0,0,0,Flat,0,,0,,0,Bright sun,74701,0,0,0,2,0,0,0,0,0,,0,0,Northland Region,Nil,2-way,Sealed,0,0,0,0,50,0,None,0,0,,2,Whangarei District,Give way,1,0,0,0,1,0,Urban,0,0,0,Fine,Null
1743604,5919458,2798,,513212,0,,0,1,,North,2008/2009,DON BUCK ROAD,SWANSON ROAD,,Non-Injury Crash,No,2009,,North,,0,,Flat,,,,,,Bright sun,235506,0,0,0,2,,,0,,,,,,Auckland Region,Nil,2-way,Sealed,,0,0,,50,,Off,0,0,,76,Auckland,Nil,,,,,0,0,Urban,1,,,Fine,Null
1843875,5804071,2799,,535242,0,,0,1,,South,2009/2010,SH 27,TAIHOA SOUTH ROAD,,Non-Injury Crash,Yes,2009,,South,,0,,Flat,,,,,,Bright sun,1116100,0,0,0,2,,,0,,,,,,Waikato Region,Nil,2-way,Sealed,,0,0,,100,,None,0,0,,15,Matamata-Piako District,Nil,,,,,0,0,Open,0,,,Fine,Null
1760643,5916791,2800,,516202,0,,0,2,,Null,2008/2009,REMUERA ROAD,ORAKEI ROAD,,Non-Injury Crash,No,2009,,East,,0,,Flat,,,,,,Twilight,489600,0,0,0,4,,,0,,,,,,Auckland Region,Nil,2-way,Sealed,,0,0,,50,,On,0,0,,76,Auckland,Traffic Signals,,,,,0,0,Urban,0,,,Fine,Null
1764305,5909572,2801,,521901,0,,0,2,,South,2009/2010,GREAT SOUTH ROAD,ATKINSON AVENUE,,Non-Injury Crash,No,2009,,North,,0,,Flat,,,,,,Overcast,784100,0,0,0,3,,,0,,,,,,Auckland Region,Nil,2-way,Sealed,,0,0,,50,,Null,0,0,,76,Auckland,Unknown,,,,,0,0,Urban,0,,,Fine,Null
1765535,5908776,2802,,523402,0,,0,3,,South,2009/2010,SH 1N,HIGHBROOK OBR,,Non-Injury Crash,Yes,2009,,South,,0,,Flat,,,,,,Dark,696900,0,0,0,3,,,0,,,,,,Auckland Region,Nil,1-way,Sealed,,0,0,,100,,On,0,0,,76,Auckland,Unknown,,,,,0,0,Open,0,,,Light rain,Null
1756813,5919469,2803,,514102,0,,0,2,,Null,2008/2009,MERCURY LANE,KARANGAHAPE ROAD,,Non-Injury Crash,No,2009,,South,,0,,Flat,,,,,,Overcast,435700,0,0,0,1,,,0,,,,,,Auckland Region,Nil,1-way,Sealed,,0,0,,50,,Off,0,0,,76,Auckland,Traffic Signals,,,,,0,0,Urban,0,,,Null,Null
1718768,6048699,2804,,502300,0,,0,1,,Null,2009/2010,KAMO ROAD,WHAU VALLEY ROAD,,Non-Injury Crash,No,2009,,North,,0,,Flat,,,,,,Bright sun,89400,0,0,0,4,,,0,,,,,,Northland Region,Nil,2-way,Sealed,,0,0,,50,,Off,1,0,,2,Whangarei District,Traffic Signals,,,,,0,0,Urban,0,,,Fine,Null
1761528,5906146,2805,,524200,0,0,0,1,0,North,2008/2009,TUSSOCK AVENUE,ROCK DAISY CRESCENT S,,Non-Injury Crash,No,2009,0,North,0,0,1,Flat,0,,0,,0,Dark,728805,0,0,0,2,0,0,0,0,0,,0,0,Auckland Region,Nil,2-way,Sealed,0,0,0,0,50,0,On,0,0,,76,Auckland,Nil,0,0,0,0,0,0,Urban,0,0,0,Null,Null
1849827,5791339,2806,,535232,0,,0,2,,Null,2009/2010,SH 5,SH 28,,Non-Injury Crash,Yes,2009,,East,,0,,Flat,,,,,,Bright sun,1127701,0,0,0,4,,,0,,,,,,Waikato Region,Nil,2-way,Sealed,,0,0,,100,,Off,0,0,,19,South Waikato District,Give way,,,,,0,0,Open,0,,,Fine,Null
1775935,5881939,2807,,521160,0,,0,2,,Null,2008/2009,MILL ROAD,MILL OFF NBD,,Non-Injury Crash,No,2009,,West,,0,,Flat,,,,,,Dark,827603,0,0,0,2,,,0,,,,,,Auckland Region,Nil,2-way,Sealed,,0,0,,70,,On,0,0,,76,Auckland,Stop,,,,,0,0,Urban,0,,,Light rain,Null
1763893,5912549,2808,,520500,0,,0,2,,Null,2008/2009,SH 1N,MT WGTN OBR,,Non-Injury Crash,Yes,2009,,South,,0,,Flat,,,,,,Bright sun,637400,0,0,0,2,,,0,,,,,,Auckland Region,Bridge,1-way,Sealed,,0,0,,100,,Null,0,0,,76,Auckland,Nil,,,,,0,0,Open,0,,,Fine,Null
1874394,5806405,2809,75,536630,0,0,0,1,0,South,2009/2010,SH 36,TAUMATA ROAD,,Non-Injury Crash,Yes,2009,0,North,0,0,1,Hill Road,0,,0,,0,Dark,1192604,0,0,0,2,0,0,0,0,0,,0,0,Bay of Plenty Region,Nil,2-way,Sealed,0,0,0,0,100,0,None,1,0,,22,Western Bay of Plenty District,Unknown,0,0,0,0,0,0,Open,0,0,0,Heavy rain,Null
1934546,5783320,2810,,542540,0,0,0,1,0,East,2009/2010,SH 30,GALATEA ROAD,,Non-Injury Crash,Yes,2009,0,South,0,0,0,Flat,0,,0,,0,Bright sun,1301101,0,0,0,2,0,0,0,0,0,,0,1,Bay of Plenty Region,Nil,2-way,Sealed,0,0,0,0,100,0,Null,0,0,,25,Whakatane District,Unknown,0,0,0,0,0,0,Open,0,0,0,Fine,Null
1767531,5900664,2811,,524720,0,0,0,1,0,South,2008/2009,WORDSWORTH ROAD,BEESTON CRESCENT,,Non-Injury Crash,No,2009,0,South,0,0,0,Flat,0,,0,,0,Dark,777100,0,0,0,2,0,0,0,0,1,,0,0,Auckland Region,Nil,2-way,Sealed,0,0,0,0,50,0,On,0,0,,76,Auckland,Nil,0,0,0,0,0,0,Urban,1,0,0,Fine,Null
1802374,5791336,2812,,531001,0,0,0,1,0,Null,2008/2009,PAKURA ST,ALEXANDRA ST,,Non-Injury Crash,No,2009,0,West,0,0,1,Hill Road,0,,0,,0,Dark,969100,0,0,0,2,0,0,0,0,0,,0,0,Waikato Region,Nil,2-way,Sealed,0,0,0,0,50,0,On,0,0,,17,Waipa District,Nil,0,0,0,1,0,0,Urban,0,0,0,Fine,Null
1755279,5917822,2813,,517500,0,0,0,2,0,East,2009/2010,NEW NORTH ROAD,KINGSLAND AVENUE,,Non-Injury Crash,No,2009,0,West,0,0,0,Flat,0,,0,,0,Dark,530700,0,0,0,2,0,0,0,0,1,,0,0,Auckland Region,Nil,2-way,Sealed,0,0,0,0,50,0,On,0,0,,76,Auckland,Nil,0,0,0,0,0,0,Urban,0,0,0,Light rain,Null
1764710,5906464,2814,,522201,0,,0,2,,Null,2009/2010,CORONATION ROAD,CORONATION ROAD N,,Non-Injury Crash,No,2009,,West,,0,,Flat,,,,,,Dark,662000,0,0,0,4,,,0,,,,,,Auckland Region,Nil,2-way,Sealed,,0,0,,50,,On,0,0,,76,Auckland,Give way,,,,,0,0,Urban,0,,,Fine,Null
1880106,5825481,2815,,538202,0,0,0,0,0,Null,2008/2009,SH 2,TAURANGA HARBOUR BR E,,Non-Injury Crash,Yes,2009,0,West,0,0,0,Flat,0,,0,,0,Overcast,1162800,0,0,0,2,1,0,0,0,0,,0,0,,Bridge,2-way,Sealed,0,0,0,0,50,0,Null,1,0,,23,Tauranga City,Unknown,0,0,0,0,0,0,Urban,0,0,0,Light rain,Strong wind
1768822,5900110,2816,,525101,0,,0,2,,Null,2009/2010,PURIRI ROAD,RIMU ROAD,,Non-Injury Crash,No,2009,,West,,0,,Flat,,,,,,Overcast,770100,0,0,0,2,,,0,,,,,,Auckland Region,Nil,1-way,Sealed,,0,0,,50,,Null,0,0,,76,Auckland,Nil,,,,,0,0,Urban,0,,,Heavy rain,Null
1765968,5903278,2817,,524604,0,,0,1,,Null,2008/2009,ASH ROAD,WIRI STATION ROAD S,,Non-Injury Crash,No,2009,,North,,0,,Hill Road,,Christmas New Year,,,,Overcast,780403,0,0,0,2,,,0,,,,,,Auckland Region,Nil,2-way,Sealed,,0,0,,50,,Off,0,0,,76,Auckland,Give way,,,,,0,0,Urban,1,,,Light rain,Null
1792331,5777719,2818,,531301,0,0,0,1,0,North,2009/2010,SH 31,OWAIKURA ROAD,,Non-Injury Crash,Yes,2009,0,South,0,0,1,Flat,0,,0,,0,Bright sun,994800,0,0,0,2,0,0,0,0,0,,0,0,Waikato Region,Nil,2-way,Sealed,0,0,0,0,100,0,Null,0,0,,18,Ōtorohanga District,Unknown,0,0,0,0,0,0,Open,0,0,0,Fine,Null
1763492,5910656,2819,,520500,0,,0,1,,North,2009/2010,GREAT SOUTH ROAD,PORTAGE ROAD,,Non-Injury Crash,No,2009,,North,,0,,Flat,,,,,,Bright sun,637801,0,0,0,4,,,0,,,,,,Auckland Region,Nil,2-way,Sealed,,0,0,,50,,Off,1,0,,76,Auckland,Traffic Signals,,,,,0,0,Urban,0,,,Fine,Null
1770527,5910627,2820,,523109,0,,0,1,,North,2009/2010,CHAPEL ROAD,ARMOY DRIVE,,Non-Injury Crash,No,2009,,South,,0,,Flat,,,,,,Bright sun,712010,0,0,0,3,,,0,,,,,,Auckland Region,Nil,2-way,Sealed,,0,0,,70,,Null,1,0,,76,Auckland,Unknown,,,,,0,0,Urban,0,,,Fine,Null
1867234,5705244,2821,,541345,0,,0,1,,South,2009/2010,SH 1N,TAWHAA ROAD,,Non-Injury Crash,Yes,2009,,South,,0,,Flat,,,,,,Overcast,1280102,0,0,0,2,,,0,,,,,,Waikato Region,Nil,2-way,Sealed,,0,0,,100,,Null,0,0,,21,Taupo District,Unknown,,,,,0,0,Open,1,,,Light rain,Null