X,Y,OBJECTID,advisorySpeed,areaUnitID,bicycle,bridge,bus,carStationWagon,cliffBank,crashDirectionDescription,crashFinancialYear,crashLocation1,crashLocation2,crashRoadSideRoad,crashSeverity,crashSHDescription,crashYear,debris,directionRoleDescription,ditch,fatalCount,fence,flatHill,guardRail,holiday,houseOrBuilding,intersection,kerb,light,meshblockId,minorInjuryCount,moped,motorcycle,NumberOfLanes,objectThrownOrDropped,otherObject,otherVehicleType,overBank,parkedVehicle,pedestrian,phoneBoxEtc,postOrPole,region,roadCharacter,roadLane,roadSurface,roadworks,schoolBus,seriousInjuryCount,slipOrFlood,speedLimit,strayAnimal,streetLight,suv,taxi,temporarySpeedLimit,tlaId,tlaName,trafficControl,trafficIsland,trafficSign,train,tree,truck,unknownVehicleType,urban,vanOrUtility,vehicle,waterRiver,weatherA,weatherB
1745733,5917226,2822,,510800,0,,0,2,,Null,2008/2009,GREAT NORTH ROAD,EDMONTON ROAD,,Non-Injury Crash,No,2009,,East,,0,,Flat,,,,,,Dark,243300,0,0,0,5,,,0,,,,,,Auckland Region,Nil,2-way,Sealed,,0,0,,50,,On,0,0,,76,Auckland,Traffic Signals,,,,,0,0,Urban,0,,,Fine,Null
1738907,5920953,2823,,513702,0,0,0,1,1,North,2009/2010,AMREINS ROAD,MCENTEE ROAD,,Non-Injury Crash,No,2009,0,South,0,0,0,Flat,0,,0,,0,Dark,229900,0,0,0,2,0,0,0,0,0,,0,0,Auckland Region,Nil,2-way,Sealed,0,0,0,0,70,0,None,0,0,,76,Auckland,Nil,0,0,0,0,0,0,Urban,0,0,0,Fine,Null
1770360,5911415,2824,,523106,0,,0,1,,North,2009/2010,BOTANY ROAD,TI RAKAU DRIVE,,Non-Injury Crash,No,2009,,South,,0,,Flat,,,,,,Overcast,711174,0,0,0,2,,,0,,,,,,Auckland Region,Nil,2-way,Sealed,,0,0,,70,,Off,1,0,,76,Auckland,Nil,,,,,0,0,Urban,0,,,Light rain,Null
1844250,5811895,2825,,535501,0,0,0,1,0,Null,2009/2010,ARAWA ST,RAWHITI AVENUE,,Non-Injury Crash,No,2009,0,East,0,0,0,Flat,0,,1,,0,Overcast,1118104,0,0,0,2,0,0,0,0,0,,0,0,Waikato Region,Nil,2-way,Sealed,0,0,0,0,50,0,Null,0,0,,15,Matamata-Piako District,Give way,0,0,0,0,0,0,Urban,0,0,0,Light rain,Null
1758002,5917976,2826,,515700,0,,0,1,,South,2009/2010,SH 1N,GILLIES OFF SBD,,Non-Injury Crash,Yes,2009,,South,,0,,Flat,,,,,,Dark,443200,0,0,0,3,,,0,,,,,,Auckland Region,Nil,1-way,Sealed,,0,0,,80,,On,1,0,,76,Auckland,Nil,,,,,0,0,Open,0,,,Fine,Null
1759406,5916504,2827,,516001,0,,0,1,,North,2009/2010,SH 1N,GREENLANE OFF SBD,,Non-Injury Crash,Yes,2009,,South,,0,,Flat,,,,,,Dark,491700,0,0,0,3,,,0,,,,,,Auckland Region,Nil,1-way,Sealed,,0,0,,100,,On,1,0,,76,Auckland,Nil,,,,,0,0,Open,0,,,Fine,Null
1769893,5899585,2828,,523911,0,,0,4,,North,2009/2010,SH 1N,GT SOUTH OBR,,Non-Injury Crash,Yes,2009,,South,,0,,Flat,,,,,,Twilight,766500,0,0,0,2,,,0,,,,,,Auckland Region,Nil,1-way,Sealed,,0,0,,100,,Off,0,0,,76,Auckland,Nil,,,,,0,0,Open,0,,,Fine,Null
1747723,5913463,2829,,511100,0,,0,1,,South,2008/2009,PLEASANT ROAD,WEST COAST ROAD,,Non-Injury Crash,No,2009,,North,,0,,Flat,,,,,,Bright sun,286703,0,0,0,2,,,0,,,,,,Auckland Region,Nil,2-way,Sealed,,0,0,,50,,Null,0,0,,76,Auckland,Unknown,,,,,0,0,Urban,1,,,Fine,Null
1933293,5625031,2830,,546100,0,0,0,1,0,East,2008/2009,THE ESPLANADE,SH 2,,Non-Injury Crash,No,2009,0,North,0,0,0,Flat,0,,0,,0,Dark,1416301,0,0,0,2,0,0,0,0,0,,1,0,Hawke's Bay Region,Nil,2-way,Sealed,0,0,0,0,50,0,On,0,0,,31,Napier City,Nil,0,0,0,0,0,0,Urban,0,0,0,Fine,Null
1751080,5946627,2831,,505807,0,0,0,1,0,West,2009/2010,WHANGAPARAOA ROAD,JOHN DEE CRESCENT,,Non-Injury Crash,No,2009,0,East,0,0,0,Flat,0,,0,,1,Dark,172802,0,0,0,2,0,0,0,0,0,,0,0,Auckland Region,Nil,2-way,Sealed,0,0,0,0,60,0,On,0,0,,76,Auckland,Nil,0,0,0,0,0,0,Urban,1,0,0,Light rain,Null
1768327,5901976,2832,,525001,0,0,0,1,0,North,2009/2010,GREAT SOUTH ROAD,GRANDE VUE ROAD,,Non-Injury Crash,No,2009,0,South,0,0,1,Flat,0,,0,,0,Dark,750800,0,0,0,2,0,0,0,0,0,,0,0,Auckland Region,Nil,2-way,Sealed,0,0,0,0,50,0,On,0,0,,76,Auckland,Nil,0,0,0,0,0,0,Urban,0,0,0,Light rain,Null
1765154,5906104,2833,,522202,0,,0,2,,Null,2008/2009,KOLMAR ROAD,PATON AVENUE,,Non-Injury Crash,No,2009,,South,,0,,Flat,,,,,,Overcast,663800,0,0,0,1,,,0,,,,,,Auckland Region,Nil,2-way,Sealed,,0,0,,50,,Null,0,0,,76,Auckland,Give way,,,,,0,0,Urban,0,,,Fine,Null
1748452,5429090,2834,,572900,0,,0,1,,Null,2008/2009,TINAKORI ROAD,TINAKORI ON NBD,,Minor Crash,No,2009,,South,,0,,Flat,,,,,,Dark,2123100,1,0,0,3,,,0,,,,,,Wellington Region,Nil,2-way,Sealed,,0,0,,50,,On,0,0,,47,Wellington City,Traffic Signals,,,,,0,0,Urban,1,,,Fine,Null
1767355,5904613,2835,,524604,0,0,0,1,0,West,2009/2010,RONWOOD AVENUE,AMERSHAM WAY,,Non-Injury Crash,No,2009,0,East,0,0,0,Flat,0,,0,,0,Bright sun,780209,0,0,0,2,0,0,0,0,0,,0,0,Auckland Region,Nil,2-way,Sealed,0,0,0,0,50,0,Off,1,0,,76,Auckland,Nil,0,0,0,0,0,0,Urban,0,1,0,Fine,Null
1754567,5920805,2836,,515301,0,,0,2,,Null,2009/2010,JERVOIS ROAD,KELMARNA AVENUE,,Non-Injury Crash,No,2009,,West,,0,,Flat,,,,,,Bright sun,426400,0,0,0,4,,,0,,,,,,Auckland Region,Nil,2-way,Sealed,,0,0,,50,,Off,0,0,,76,Auckland,Traffic Signals,,,,,0,0,Urban,0,,,Fine,Null
1767780,5903864,2837,,524602,0,,0,1,,Null,2008/2009,GREAT SOUTH ROAD,MANUKAU OFF NBD,,Non-Injury Crash,No,2009,,South,,0,,Flat,,,,,,Dark,780417,0,0,0,4,,,0,,,,,,Auckland Region,Nil,2-way,Sealed,,0,0,,50,,On,1,0,,76,Auckland,Traffic Signals,,,,,0,0,Urban,0,,,Light rain,Null
1759860,5915784,2838,,519200,0,,0,2,,North,2008/2009,GREAT SOUTH ROAD,GREEN LANE EAST,,Non-Injury Crash,No,2009,,South,,0,,Flat,,,,,,Overcast,616000,0,0,0,3,,,0,,,,,,Auckland Region,Nil,2-way,Sealed,,0,0,,50,,Off,0,0,,76,Auckland,Nil,,,,,0,0,Urban,0,,,Fine,Null
1239709,4872543,2839,,610051,0,0,0,2,0,Null,2008/2009,LOCHIEL-BRANXHOLME ROAD,LOCHIEL BRIDGE ROAD,,Serious Crash,No,2009,0,South,0,0,0,Flat,0,,0,,0,Bright sun,3076400,3,0,0,2,0,0,0,0,0,,0,1,Southland Region,Nil,2-way,Sealed,0,0,1,0,100,0,Null,0,0,,73,Southland District,Stop,0,0,0,0,0,0,Open,0,0,0,Fine,Null
1769438,5901890,2840,,524901,0,,0,2,,Null,2009/2010,GRANDE VUE ROAD,MANUREWA ON NBD,,Non-Injury Crash,No,2009,,South,,0,,Flat,,Labour Weekend,,,,Bright sun,756000,0,0,0,2,,,0,,,,,,Auckland Region,Nil,2-way,Sealed,,0,0,,50,,Off,0,0,,76,Auckland,Stop,,,,,0,0,Urban,0,,,Fine,Null
1881025,5826511,2841,,536821,0,,0,0,,West,2008/2009,SH 2,TOTARA ST,,Non-Injury Crash,Yes,2009,,West,,0,,Flat,,,,,,Bright sun,1203700,0,0,0,3,,,0,,,,,,Bay of Plenty Region,Nil,2-way,Sealed,,0,0,,70,,Null,0,0,,23,Tauranga City,Unknown,,,,,1,0,Urban,1,,,Fine,Null
1769813,5900683,2842,,524902,0,0,0,1,0,West,2009/2010,MCANNALLEY ST,SCOTTS ROAD,,Non-Injury Crash,No,2009,0,East,0,0,1,Flat,0,,0,,0,Unknown,758700,0,0,0,2,0,0,0,0,0,,0,0,Auckland Region,Nil,2-way,Sealed,0,0,0,0,50,0,Off,0,0,,76,Auckland,Nil,0,0,0,0,0,0,Urban,0,0,0,Fine,Null
1759319,5918701,2843,,515901,0,,0,1,,Null,2008/2009,SHORE ROAD,BASSETT ROAD,,Non-Injury Crash,No,2009,,North,,0,,Flat,,,,,,Overcast,456900,0,0,0,2,,,0,,,,,,Auckland Region,Nil,2-way,Sealed,,0,0,,50,,On,1,0,,76,Auckland,Give way,,,,,0,0,Urban,0,,,Light rain,Null
1757031,5919878,2844,,514102,0,,0,2,,South,2008/2009,GREYS AVENUE,MAYORAL DRIVE,,Non-Injury Crash,No,2009,,South,,0,,Flat,,,,,,Overcast,435202,0,0,0,2,,,0,,,,,,Auckland Region,Nil,2-way,Sealed,,0,0,,50,,Off,0,0,,76,Auckland,Nil,,,,,0,0,Urban,0,,,Fine,Null
1754353,5931046,2845,80,508520,0,0,0,1,0,South,2009/2010,SH 1N,SUNSET OBR,,Non-Injury Crash,Yes,2009,0,South,0,0,0,Hill Road,1,,0,,0,Overcast,191105,0,0,0,2,0,0,0,0,0,,0,0,Auckland Region,Nil,1-way,Sealed,0,0,0,0,100,0,Off,0,0,,76,Auckland,Nil,0,0,0,0,0,0,Open,0,0,0,Fine,Null
1248308,4943189,2846,,610020,0,0,0,1,0,North,2009/2010,SH 6,BIXTER ROAD,,Minor Crash,Yes,2009,0,South,0,0,1,Hill Road,0,,0,,0,Bright sun,3041500,1,0,0,2,0,0,0,0,0,,0,0,Southland Region,Nil,2-way,Sealed,0,0,0,0,100,0,Null,0,0,,73,Southland District,Unknown,0,0,0,0,0,0,Open,0,0,0,Fine,Strong wind
1857509,5804240,2847,,535231,0,0,0,1,0,North,2009/2010,SH 29,SUMMIT LOOKOUT,,Non-Injury Crash,Yes,2009,0,North,0,0,0,Hill Road,0,,0,,0,Dark,1113900,0,0,0,3,0,1,0,0,0,,0,0,Waikato Region,Nil,2-way,Sealed,0,0,0,0,100,0,None,0,0,,15,Matamata-Piako District,Unknown,0,0,0,0,0,0,Open,0,0,0,Heavy rain,Strong wind
1769539,5901899,2848,,524901,0,,0,0,,North,2008/2009,SH 1N,HILL OBR,,Non-Injury Crash,Yes,2009,,North,,0,,Hill Road,,,,,,Overcast,755600,0,0,0,4,,,0,,,,,,Auckland Region,Nil,1-way,Sealed,,0,0,,100,,Off,1,0,,76,Auckland,Nil,,,,,0,0,Open,1,,,Fine,Null
1571366,5180648,2849,,591700,0,,0,2,,Null,2009/2010,KILMORE ST,BARBADOES ST,,Minor Crash,No,2009,,West,,0,,Flat,,,,,,Overcast,2656400,1,0,0,2,,,0,,,,,,Canterbury Region,Nil,1-way,Sealed,,0,0,,50,,Null,0,0,,60,Christchurch City,Traffic Signals,,,,,0,0,Urban,0,,,Fine,Null
1756980,5918829,2850,,514301,0,,0,2,,North,2009/2010,SYMONDS ST,KHYBER PASS ROAD,,Non-Injury Crash,No,2009,,South,,0,,Flat,,,,,,Overcast,441505,0,0,0,6,,,0,,,,,,Auckland Region,Nil,2-way,Sealed,,0,0,,50,,Off,0,0,,76,Auckland,Nil,,,,,0,0,Urban,0,,,Fine,Null
1764603,5911866,2851,,520500,0,,0,2,,North,2008/2009,SH 1N,PANAMA OBR,,Non-Injury Crash,Yes,2009,,North,,0,,Flat,,,,,,Overcast,639500,0,0,0,3,,,0,,,,,,Auckland Region,Nil,1-way,Sealed,,0,0,,100,,Off,0,0,,76,Auckland,Nil,,,,,0,0,Open,0,,,Fine,Null
1756869,5450078,2852,,571900,0,0,0,3,0,South,2008/2009,STEYNE AVENUE,QUEENS AVENUE,,Non-Injury Crash,No,2009,0,North,0,0,0,Flat,0,,0,,0,Overcast,2068800,0,0,0,2,0,0,0,0,1,,0,0,Wellington Region,Nil,2-way,Sealed,0,0,0,0,50,0,Null,0,0,,44,Porirua City,Nil,0,0,0,0,0,0,Urban,0,0,0,Heavy rain,Null
1762407,5913251,2853,,520500,0,,0,2,,Null,2009/2010,SEART ON NBD,SH 1N,,Non-Injury Crash,Yes,2009,,North,,0,,Hill Road,,,,,,Bright sun,637200,0,0,0,2,,,0,,,,,,Auckland Region,Motorway ramp,1-way,Sealed,,0,0,,100,,Off,0,0,,76,Auckland,Nil,,,,,0,0,Open,0,,,Fine,Null
1755230,5917813,2854,,517500,0,0,0,2,0,East,2008/2009,NEW NORTH ROAD,KINGSLAND AVENUE,,Non-Injury Crash,No,2009,0,East,0,0,0,Hill Road,0,,0,,0,Dark,530700,0,0,0,2,0,0,0,0,1,,0,0,Auckland Region,Nil,2-way,Sealed,0,0,0,0,50,0,On,0,0,,76,Auckland,Nil,0,0,0,0,0,0,Urban,0,0,0,Light rain,Null
1840787,5919886,2855,,533000,0,0,0,0,0,Null,2009/2010,COOK DRIVE,CHOLMONDELEY CRESCENT,,Non-Injury Crash,No,2009,0,East,0,0,1,Flat,0,,0,,0,Dark,1046020,0,0,0,2,0,1,0,0,0,,0,0,Waikato Region,Nil,2-way,Sealed,0,0,0,0,50,0,On,0,0,,11,Thames-Coromandel District,Give way,0,0,0,0,0,0,Urban,1,0,0,Fine,Null
1571654,5191071,2856,,590604,0,,0,2,,Null,2009/2010,MAIN NORTH ROAD,MARSHLAND ROAD,,Minor Crash,No,2009,,East,,0,,Flat,,,,,,Overcast,2503101,1,0,0,2,,,0,,,,,,Canterbury Region,Nil,2-way,Sealed,,0,0,,80,,Null,0,0,,60,Christchurch City,Give way,,,,,0,0,Open,0,,,Fine,Null
1759468,5916437,2857,,516002,0,,0,2,,South,2009/2010,SH 1N,OMAHU OBR,,Non-Injury Crash,Yes,2009,,South,,0,,Flat,,,,,,Bright sun,492000,0,0,0,3,,,0,,,,,,Auckland Region,Nil,1-way,Sealed,,0,0,,100,,Off,0,0,,76,Auckland,Nil,,,,,0,0,Open,0,,,Fine,Null
1769569,5909897,2858,,523113,0,,0,2,,Null,2009/2010,SMALES ROAD,KELVIN HART DRIVE,,Non-Injury Crash,No,2009,,East,,0,,Flat,,,,,,Overcast,711703,0,0,0,4,,,0,,,,,,Auckland Region,Nil,2-way,Sealed,,0,0,,70,,Off,0,0,,76,Auckland,Give way,,,,,0,0,Urban,0,,,Fine,Null
1802223,5817966,2859,,529502,0,0,0,1,0,North,2008/2009,MASEFIELD DRIVE,BROWNING WAY,,Non-Injury Crash,No,2009,0,South,0,0,0,Flat,0,,0,,0,Overcast,874100,0,0,0,2,0,0,0,0,0,,0,1,Waikato Region,Nil,2-way,Sealed,0,0,0,0,50,0,Off,0,0,,16,Hamilton City,Nil,0,0,0,0,0,0,Urban,0,0,0,Fine,Null
1952373,5792572,2860,,542410,0,,0,2,,North,2009/2010,MURIWAI DRIVE,WAIRAKA ROAD,,Non-Injury Crash,No,2009,,South,,0,,Flat,,Labour Weekend,,,,Bright sun,1304601,0,0,0,2,,,0,,,,,,Bay of Plenty Region,Nil,2-way,Sealed,,0,0,,50,,Null,0,0,,25,Whakatane District,Unknown,,,,,0,0,Urban,0,,,Fine,Null
1744922,5923491,2861,,513521,0,,0,2,,Null,2009/2010,MOIRE ROAD,OREIL AVENUE,,Non-Injury Crash,No,2009,,North,,0,,Flat,,,,,,Dark,224218,0,0,0,2,,,0,,,,,,Auckland Region,Nil,2-way,Sealed,,0,0,,50,,On,0,0,,76,Auckland,Stop,,,,,0,0,Urban,0,,,Fine,Null
1766309,5908180,2862,,523402,0,,0,1,,East,2009/2010,BAIRDS ROAD,GILBERT ROAD,,Non-Injury Crash,No,2009,,West,,0,,Flat,,,,,,Dark,698100,0,0,0,2,,,0,,,,,,Auckland Region,Nil,2-way,Sealed,,0,0,,50,,On,0,0,,76,Auckland,Nil,,,,,0,0,Urban,1,,,Fine,Null
1748973,5427535,2863,,573101,0,,0,2,,West,2008/2009,CABLE ST,TARANAKI ST,,Non-Injury Crash,No,2009,,East,,0,,Flat,,,,,,Overcast,2133100,0,0,0,4,,,0,,,,,,Wellington Region,Nil,1-way,Sealed,,0,0,,50,,Null,0,0,,47,Wellington City,Nil,,,,,0,0,Urban,0,,,Fine,Null
1845625,5889439,2864,,533603,0,0,0,1,0,South,2008/2009,SH 25A,SH 25,,Non-Injury Crash,Yes,2009,0,South,0,0,2,Hill Road,0,Christmas New Year,0,,0,Bright sun,1059504,0,0,0,2,0,0,0,2,0,,0,0,Waikato Region,Nil,2-way,Sealed,0,0,0,0,100,0,Null,0,0,,11,Thames-Coromandel District,Unknown,0,0,0,0,0,0,Open,1,0,0,Fine,Null
1804917,5813211,2865,,530800,0,,0,2,,South,2009/2010,SH 1N,RIVERLEA ROAD,,Non-Injury Crash,Yes,2009,,North,,0,,Hill Road,,,,,,Overcast,960700,0,0,0,3,,,0,,,,,,Waikato Region,Nil,2-way,Sealed,,0,0,,80,,Null,0,0,,16,Hamilton City,Nil,,,,,0,0,Open,0,,,Fine,Null
1757114,5926035,2866,,507900,0,,0,2,,North,2009/2010,SH 1N,ESMONDE OBR,,Non-Injury Crash,Yes,2009,,South,,0,,Flat,,,,,,Overcast,304000,0,0,0,3,,,0,,,,,,Auckland Region,Motorway ramp,1-way,Sealed,,0,0,,100,,Null,0,0,,76,Auckland,Unknown,,,,,0,0,Open,0,,,Fine,Null
1755294,5921804,2867,,515202,0,,0,2,,South,2008/2009,SH 1N,CURRAN ON NBD,,Non-Injury Crash,Yes,2009,,North,,0,,Flat,,,,,,Dark,423600,0,0,0,2,,,0,,,,,,Auckland Region,Nil,1-way,Sealed,,0,0,,80,,On,0,0,,76,Auckland,Nil,,,,,0,0,Open,0,,,Fine,Null
1766722,5904676,2868,,524604,0,,0,1,,Null,2009/2010,CAVENDISH DRIVE,LAMBIE DRIVE,,Non-Injury Crash,No,2009,,North,,0,,Flat,,,,,,Bright sun,780209,0,0,0,4,,,0,,,,,,Auckland Region,Nil,2-way,Sealed,,0,0,,60,,Off,1,0,,76,Auckland,Give way,,,,,0,0,Urban,0,,,Fine,Null
1766909,5901813,2869,,524720,0,0,0,1,0,South,2008/2009,GLOUCESTER ROAD,SERVICE LANE,,Non-Injury Crash,No,2009,0,East,0,0,0,Flat,0,,0,,0,Bright sun,778700,0,0,0,2,0,0,0,0,1,,0,0,Auckland Region,Nil,2-way,Sealed,0,0,0,0,50,0,Off,0,0,,76,Auckland,Nil,0,0,0,0,0,0,Urban,1,0,0,Fine,Null
1757306,5920219,2870,,514102,0,,0,2,,West,2009/2010,WELLESLEY ST WEST,QUEEN ST,,Non-Injury Crash,No,2009,,East,,0,,Hill Road,,,,,,Overcast,434000,0,0,0,4,,,0,,,,,,Auckland Region,Nil,2-way,Sealed,,0,0,,30,,Off,0,0,,76,Auckland,Traffic Signals,,,,,0,0,Urban,0,,,Fine,Null
1716177,6058779,2871,,502001,0,0,0,1,0,West,2009/2010,JORDAN VALLEY ROAD,SH 1N,,Non-Injury Crash,No,2009,0,West,0,0,0,Flat,0,,0,,0,Bright sun,64402,0,0,0,2,0,0,0,0,0,,0,0,Northland Region,Nil,2-way,Sealed,0,0,0,0,100,0,Null,0,0,,2,Whangarei District,Unknown,0,1,0,0,0,0,Open,0,0,0,Fine,Null
1705258,6071327,2872,70,501620,0,,0,1,,East,2008/2009,SH 1N,BARNES ROAD,,Non-Injury Crash,Yes,2009,,East,,0,,Flat,,,,,,Overcast,46002,0,0,0,2,,,0,,,,,,Northland Region,Nil,2-way,Sealed,,0,0,,100,,None,0,0,,1,Far North District,Nil,,,,,0,0,Open,0,,,Light rain,Strong wind
1753917,5444834,2873,,570800,0,,0,2,,Null,2008/2009,PROSSER ST,MOHUIA CRESCENT,,Non-Injury Crash,No,2009,,West,,0,,Flat,,,,,,Overcast,2052300,0,0,0,2,,,0,,,,,,Wellington Region,Nil,2-way,Sealed,,0,0,,50,,Null,0,0,,44,Porirua City,Give way,,,,,0,0,Urban,0,,,Fine,Null
1801831,5788471,2874,,527924,0,0,0,1,0,West,2008/2009,POKURU ROAD,NIMT RAIL BR,,Non-Injury Crash,No,2009,0,West,0,0,0,Flat,0,,0,,0,Dark,983304,0,0,0,2,0,0,0,0,0,,0,0,Waikato Region,Nil,2-way,Sealed,0,0,0,0,100,0,None,0,0,,17,Waipa District,Unknown,0,0,0,0,0,0,Open,0,0,0,Fine,Null
1697412,5677918,2875,,551012,0,,0,2,,East,2008/2009,SH 3,EGMONT ROAD,,Non-Injury Crash,Yes,2009,,West,,0,,Flat,,,,,,Bright sun,1558900,0,0,0,2,,,0,,,,,,Taranaki Region,Nil,2-way,Sealed,,0,0,,80,,Null,0,0,,33,New Plymouth District,Nil,,,,,0,0,Open,0,,,Fine,Null
1758149,5917882,2876,,515700,0,,0,2,,Null,2008/2009,GILLIES OFF SBD,GILLIES AVENUE N,,Non-Injury Crash,Yes,2009,,East,,0,,Hill Road,,,,,,Bright sun,443300,0,0,0,2,,,0,,,,,,Auckland Region,Nil,1-way,Sealed,,0,0,,80,,Off,0,0,,76,Auckland,Give way,,,,,0,0,Open,0,,,Fine,Null
1768119,5904062,2877,,523820,0,,0,1,,South,2009/2010,SH 1N,REDOUBT OBR,,Non-Injury Crash,Yes,2009,,South,,0,,Hill Road,,,,,,Dark,759901,0,0,0,2,,,0,,,,,,Auckland Region,Nil,1-way,Sealed,,0,0,,100,,On,1,0,,76,Auckland,Nil,,,,,0,0,Open,0,,,Light rain,Null
1831334,5863347,2878,,533901,0,0,0,2,0,South,2008/2009,SH 2,AWAITI ROAD,,Non-Injury Crash,Yes,2009,0,South,1,0,0,Flat,0,,0,,0,Overcast,1066100,0,0,0,2,0,0,0,0,0,,0,0,Waikato Region,Nil,2-way,Sealed,0,0,0,0,100,0,Null,0,0,,12,Hauraki District,Unknown,0,0,0,0,0,0,Open,0,0,0,Fine,Null
1750535,5913720,2879,,511303,0,,0,2,,East,2008/2009,CLARK ST,PORTAGE ROAD,,Non-Injury Crash,No,2009,,West,,0,,Hill Road,,Easter,,,,Bright sun,265200,0,0,0,2,,,0,,,,,,Auckland Region,Nil,2-way,Sealed,,0,0,,50,,Null,0,0,,76,Auckland,Nil,,,,,0,0,Urban,0,,,Fine,Null
1426173,4962512,2880,,601301,0,1,0,1,0,Null,2009/2010,SH 1S,MUDDY CRK BR,,Minor Crash,Yes,2009,0,North,0,0,0,Flat,0,,0,,0,Overcast,2853800,1,0,0,2,0,0,0,0,0,,0,0,Otago Region,Bridge,2-way,Sealed,0,0,0,0,100,0,Null,0,0,,68,Waitaki District,Unknown,0,0,0,0,0,0,Open,0,0,0,Light rain,Null
1600877,5447440,2881,,584303,0,,0,1,,Null,2009/2010,SH 60,OLD WHARF ROAD,,Minor Crash,Yes,2009,,North,,0,,Flat,,,,,,Overcast,2380200,1,0,0,2,,,0,,,,,,Tasman Region,Nil,2-way,Sealed,,0,0,,50,,Null,1,0,,51,Tasman District,Stop,,,,,0,0,Urban,0,,,Light rain,Null
1782171,5745369,2882,,531720,0,0,0,1,0,North,2008/2009,SH 3,TROOPERS ROAD,,Non-Injury Crash,Yes,2009,0,South,0,0,1,Flat,0,,0,,0,Overcast,1017800,0,0,0,2,0,0,0,0,0,,0,0,Waikato Region,Nil,2-way,Sealed,0,0,0,0,100,0,None,0,0,,20,Waitomo District,Nil,0,0,0,0,0,0,Open,0,0,0,Fine,Null
1749956,5946079,2883,,506001,0,,0,1,,Null,2008/2009,HIBISCUS COAST HIGHWAY,TAVERN ROAD,,Non-Injury Crash,No,2009,,West,,0,,Hill Road,,,,,,Overcast,175501,0,0,0,4,,,0,,,,,,Auckland Region,Nil,2-way,Sealed,,0,0,,80,,Off,0,0,,76,Auckland,Traffic Signals,,,,,0,0,Open,1,,,Heavy rain,Null
1801313,5814106,2884,,529100,0,0,0,1,0,Null,2008/2009,COBHAM DRIVE,HILLSBOROUGH TERRACE,,Non-Injury Crash,No,2009,0,South,0,0,0,Flat,1,Easter,0,,0,Dark,931900,0,0,0,4,0,0,0,0,0,,0,0,Waikato Region,Nil,2-way,Sealed,0,0,0,0,80,0,On,0,0,,16,Hamilton City,Nil,0,0,0,0,0,0,Open,0,0,0,Fine,Null
1580372,5176198,2885,,596200,0,,0,2,,South,2008/2009,MARRINER ST,CLIFTON TERRACE,,Minor Crash,No,2009,,South,,0,,Flat,,,,,,Twilight,2703400,2,0,0,1,,,0,,,,,,Canterbury Region,Nil,2-way,Sealed,,0,0,,50,,Off,0,0,,60,Christchurch City,Unknown,,,,,0,0,Urban,0,,,Light rain,Null
1745731,5917216,2886,,510800,0,,0,2,,South,2008/2009,EDSEL ST,GREAT NORTH ROAD,,Non-Injury Crash,No,2009,,North,,0,,Flat,,,,,,Bright sun,243300,0,0,0,5,,,0,,,,,,Auckland Region,Nil,2-way,Sealed,,0,0,,50,,Off,0,0,,76,Auckland,Traffic Signals,,,,,0,0,Urban,0,,,Fine,Null
1797131,5875153,2887,,527221,0,,0,1,,West,2008/2009,SH 2,FERNDALE ROAD,,Non-Injury Crash,Yes,2009,,West,,0,,Flat,,,,,,Dark,933500,0,0,0,2,,,0,,,,,,Waikato Region,Nil,2-way,Sealed,,0,0,,70,,On,1,0,,13,Waikato District,Unknown,,,,,0,0,Urban,0,,,Fine,Null
1770274,5881549,2888,,525922,0,,0,0,,East,2008/2009,EAST ST,WILLOWGRANGE PLACE,,Non-Injury Crash,No,2009,,West,,0,,Hill Road,,,,,,Overcast,816900,0,0,0,2,,,0,,,,,,Auckland Region,Nil,2-way,Sealed,,0,0,,50,,Off,0,0,,76,Auckland,Nil,,,,,1,0,Urban,0,,,Light rain,Null
1883321,5775348,2889,,539400,0,,0,1,,East,2008/2009,LAKE ROAD,SH 5,,Non-Injury Crash,No,2009,,East,,0,,Hill Road,,,,,,Dark,1224900,0,0,0,4,,,0,,,,,,Bay of Plenty Region,Nil,2-way,Sealed,,0,0,,50,,On,1,0,,24,Rotorua District,Nil,,,,,0,0,Urban,0,,,Light rain,Null
1767776,5904283,2890,,524602,0,,0,2,,Null,2008/2009,GREAT SOUTH ROAD,REDOUBT ROAD S,,Non-Injury Crash,No,2009,,North,,0,,Flat,,,,,,Bright sun,780501,0,0,0,7,,,0,,,,,,Auckland Region,Nil,2-way,Sealed,,0,0,,70,,Off,0,0,,76,Auckland,Traffic Signals,,,,,0,0,Urban,0,,,Fine,Null
1760242,5889112,2891,45,521122,0,0,0,1,0,South,2009/2010,KINGSEAT ROAD,LINWOOD ROAD,,Non-Injury Crash,No,2009,0,South,0,0,1,Flat,0,,0,,0,Overcast,810901,0,0,0,2,0,0,0,1,0,,0,0,Auckland Region,Nil,2-way,Sealed,0,0,0,0,100,0,Null,0,0,,76,Auckland,Unknown,0,0,0,0,0,0,Open,0,0,0,Light rain,Null
1752849,5932407,2892,,508807,0,,0,2,,Null,2008/2009,ROSEDALE ROAD,JACK HINTON DRIVE,,Non-Injury Crash,No,2009,,West,,0,,Flat,,,,,,Dark,180507,0,0,0,2,,,0,,,,,,Auckland Region,Nil,2-way,Sealed,,0,0,,50,,On,0,0,,76,Auckland,Give way,,,,,0,0,Urban,0,,,Fine,Null
1766996,5905657,2893,,522302,0,,0,1,,East,2009/2010,CASPAR ROAD,GREAT SOUTH ROAD,,Non-Injury Crash,No,2009,,West,,0,,Flat,,,,,,Bright sun,670600,0,0,0,2,,,0,,,,,,Auckland Region,Nil,2-way,Sealed,,0,0,,50,,Off,0,0,,76,Auckland,Nil,,,,,0,0,Urban,1,,,Fine,Null