X,Y,OBJECTID,advisorySpeed,areaUnitID,bicycle,bridge,bus,carStationWagon,cliffBank,crashDirectionDescription,crashFinancialYear,crashLocation1,crashLocation2,crashRoadSideRoad,crashSeverity,crashSHDescription,crashYear,debris,directionRoleDescription,ditch,fatalCount,fence,flatHill,guardRail,holiday,houseOrBuilding,intersection,kerb,light,meshblockId,minorInjuryCount,moped,motorcycle,NumberOfLanes,objectThrownOrDropped,otherObject,otherVehicleType,overBank,parkedVehicle,pedestrian,phoneBoxEtc,postOrPole,region,roadCharacter,roadLane,roadSurface,roadworks,schoolBus,seriousInjuryCount,slipOrFlood,speedLimit,strayAnimal,streetLight,suv,taxi,temporarySpeedLimit,tlaId,tlaName,trafficControl,trafficIsland,trafficSign,train,tree,truck,unknownVehicleType,urban,vanOrUtility,vehicle,waterRiver,weatherA,weatherB
1766856,5901670,2894,,524712,0,,0,2,,North,2009/2010,RUSSELL ROAD,HEALY ROAD,,Non-Injury Crash,No,2009,,South,,0,,Flat,,,,,,Bright sun,779200,0,0,0,2,,,0,,,,,,Auckland Region,Nil,2-way,Sealed,,0,0,,50,,Off,0,0,,76,Auckland,Nil,,,,,0,0,Urban,0,,,Fine,Null
1869069,5714114,2895,,541730,0,,0,1,,Null,2008/2009,TAUHARA ROAD,TAHAREPA ROAD,,Non-Injury Crash,No,2009,,North,,0,,Flat,,,,,,Bright sun,1271000,0,0,0,2,,,0,,,,,,Waikato Region,Nil,2-way,Sealed,,0,0,,50,,Null,1,0,,21,Taupo District,Give way,,,,,0,0,Urban,0,,,Fine,Null
1769772,5913694,2896,,522722,0,0,0,1,0,South,2008/2009,AVIEMORE DRIVE,ABERFELDY AVENUE,,Non-Injury Crash,No,2009,0,North,0,0,1,Flat,0,,0,,0,Dark,681327,0,0,0,2,0,0,0,0,0,,0,0,Auckland Region,Nil,2-way,Sealed,0,0,0,0,60,0,On,0,0,,76,Auckland,Nil,0,0,0,1,0,0,Urban,0,0,0,Fine,Null
1751819,5926035,2897,,510220,0,,0,2,,Null,2009/2010,BIRKDALE ROAD,BESWICK PLACE,,Non-Injury Crash,No,2009,,North,,0,,Flat,,,,,,Bright sun,349400,0,0,0,2,,,0,,,,,,Auckland Region,Nil,2-way,Sealed,,0,0,,50,,Off,0,0,,76,Auckland,Nil,,,,,0,0,Urban,0,,,Fine,Null
1750406,5914452,2898,,511303,0,,0,2,,Null,2008/2009,GREAT NORTH ROAD,STOCK ST,,Non-Injury Crash,No,2009,,South,,0,,Flat,,,,,,Dark,266200,0,0,0,4,,,0,,,,,,Auckland Region,Nil,2-way,Sealed,,0,0,,50,,On,0,0,,76,Auckland,Stop,,,,,0,0,Urban,0,,,Fine,Null
1801655,5814887,2899,,530200,0,,0,2,,West,2008/2009,BRIDGE ST,MEMORIAL DRIVE,,Non-Injury Crash,No,2009,,East,,0,,Flat,,,,,,Bright sun,895000,0,0,0,2,,,0,,,,,,Waikato Region,Bridge,2-way,Sealed,,0,0,,50,,Null,0,0,,16,Hamilton City,Unknown,,,,,0,0,Urban,0,,,Fine,Null
1936304,5611108,2900,,545730,0,0,0,1,0,North,2008/2009,SH 2,WILLIAMSON ROAD,,Non-Injury Crash,Yes,2009,0,North,0,0,0,Flat,0,,0,,0,Bright sun,1405500,0,0,0,2,0,0,0,0,0,,0,0,Hawke's Bay Region,Nil,2-way,Sealed,0,0,0,0,50,0,Null,0,0,,30,Hastings District,Nil,0,1,0,0,0,0,Urban,0,0,0,Fine,Null
1757145,5912471,2901,,518702,0,,0,2,,West,2008/2009,HENDRY AVENUE,QUEENSTOWN ROAD,,Non-Injury Crash,No,2009,,West,,0,,Hill Road,,,,,,Overcast,570702,0,0,0,2,,,0,,,,,,Auckland Region,Nil,2-way,Sealed,,0,0,,50,,Off,0,0,,76,Auckland,Nil,,,,,0,0,Urban,0,,,Light rain,Null
1799392,5814531,2902,,528900,0,0,0,0,0,East,2008/2009,KILLARNEY ROAD,ELLIS ST,,Non-Injury Crash,No,2009,0,East,0,0,0,Flat,0,,0,,1,Bright sun,916200,0,0,0,2,0,0,0,0,0,,0,0,Waikato Region,Nil,2-way,Sealed,0,0,0,0,50,0,Null,0,0,,16,Hamilton City,Unknown,0,0,0,0,0,0,Urban,2,0,0,Fine,Null
1857276,5803546,2903,,535231,0,0,0,1,0,South,2009/2010,SH 29,SUMMIT LOOKOUT,,Non-Injury Crash,Yes,2009,0,East,0,0,0,Hill Road,1,,0,,0,Bright sun,1114500,0,0,0,3,0,0,0,0,0,,0,0,Waikato Region,Nil,2-way,Sealed,0,0,0,0,100,0,Null,0,0,,15,Matamata-Piako District,Unknown,0,0,0,0,0,0,Open,0,0,0,Light rain,Null
1750353,5915321,2904,,514802,0,,0,1,,Null,2008/2009,ASH ST,WAIRAU AVENUE,,Non-Injury Crash,No,2009,,East,,0,,Flat,,,,,,Bright sun,386700,0,0,0,4,,,0,,,,,,Auckland Region,Nil,2-way,Sealed,,0,0,,50,,Off,1,0,,76,Auckland,Stop,,,,,0,0,Urban,0,,,Fine,Null
1773118,5898403,2905,,523912,0,0,0,1,0,Null,2009/2010,WALTERS ROAD,GROVE ROAD,,Non-Injury Crash,No,2009,0,East,1,0,0,Flat,0,,0,,0,Overcast,765500,0,0,0,2,0,0,0,0,0,,0,0,Auckland Region,Nil,2-way,Sealed,0,0,0,0,70,0,Null,0,0,,76,Auckland,Give way,0,0,0,0,0,0,Urban,0,0,0,Heavy rain,Null
1746533,5916360,2906,,511601,0,0,0,2,0,South,2009/2010,GREAT NORTH ROAD,JAMES LAURIE ST,,Non-Injury Crash,No,2009,0,South,0,0,0,Flat,0,,0,,0,Overcast,274506,0,0,0,4,0,0,0,0,0,,0,0,Auckland Region,Nil,2-way,Sealed,0,0,0,0,50,0,Null,0,0,,76,Auckland,Unknown,1,0,0,0,0,0,Urban,0,0,0,Light rain,Null
1799315,5817047,2907,,528700,0,,0,2,,East,2008/2009,MAEROA ROAD,HOBSON ST,,Non-Injury Crash,No,2009,,West,,0,,Flat,,,,,,Bright sun,902100,0,0,0,2,,,0,,,,,,Waikato Region,Nil,2-way,Sealed,,0,0,,50,,Null,0,0,,16,Hamilton City,Unknown,,,,,0,0,Urban,0,,,Fine,Null
1752542,5918172,2908,,515002,0,,0,2,,Null,2009/2010,GREAT NORTH ROAD,HUIA ROAD,,Non-Injury Crash,No,2009,,South,,0,,Flat,,,,,,Overcast,390701,0,0,0,2,,,0,,,,,,Auckland Region,Nil,2-way,Sealed,,0,0,,50,,Null,0,0,,76,Auckland,Give way,,,,,0,0,Urban,0,,,Fine,Null
1699614,6094810,2909,,501100,0,0,1,0,0,West,2009/2010,KINGS ROAD,SH 11,,Non-Injury Crash,No,2009,0,East,0,0,0,Flat,0,,0,,0,Dark,54600,0,0,0,2,0,0,0,0,1,,0,0,Northland Region,Nil,2-way,Sealed,0,0,0,0,50,0,On,0,0,,1,Far North District,Nil,0,0,0,0,0,0,Urban,1,0,0,Fine,Null
1757827,5918153,2910,,515700,0,,0,1,,South,2008/2009,SH 1N,KHYBER PASS OFF NBD,,Non-Injury Crash,Yes,2009,,North,,0,,Flat,,Queens Birthday,,,,Overcast,443600,0,0,0,4,,,0,,,,,,Auckland Region,Motorway ramp,1-way,Sealed,,0,0,,80,,Off,1,0,,76,Auckland,Nil,,,,,0,0,Open,0,,,Light rain,Null
1756422,5924548,2911,,509702,0,,0,3,,South,2008/2009,SH 1N,ONEWA ON NBD,,Non-Injury Crash,Yes,2009,,North,,0,,Hill Road,,,,,,Dark,366700,0,0,0,4,,,0,,,,,,Auckland Region,Nil,1-way,Sealed,,0,0,,80,,On,0,0,,76,Auckland,Unknown,,,,,0,0,Open,0,,,Fine,Null
1348355,4904296,2912,,607502,0,0,0,1,0,North,2009/2010,SH 8,LOCKHARTS ROAD,,Serious Crash,Yes,2009,0,South,1,0,0,Flat,0,,0,,0,Overcast,3008800,0,0,0,2,0,0,0,0,0,,0,0,Otago Region,Nil,2-way,Sealed,0,0,1,0,100,0,Null,0,0,,72,Clutha District,Unknown,0,0,0,0,0,0,Open,0,0,0,Fine,Null
1766085,5905502,2913,,522400,0,0,0,3,0,North,2008/2009,CARRUTH ROAD,KING ST,,Non-Injury Crash,No,2009,0,South,0,0,0,Flat,0,,0,,0,Bright sun,671900,0,0,0,2,0,0,0,0,2,,0,0,Auckland Region,Nil,2-way,Sealed,0,0,0,0,50,0,Off,0,0,,76,Auckland,Nil,0,0,0,0,0,0,Urban,0,0,0,Fine,Null
1796935,5819704,2914,,528403,0,0,0,0,0,North,2008/2009,TE RAPA ROAD,WAIRERE DRIVE,,Non-Injury Crash,No,2009,0,North,0,0,0,Flat,0,,0,,0,Dark,907500,0,0,0,4,0,0,0,1,0,,0,0,Waikato Region,Nil,2-way,Sealed,0,0,0,0,60,0,On,1,0,,16,Hamilton City,Unknown,1,0,0,0,0,0,Urban,0,0,0,Mist or Fog,Null
1768912,5902693,2915,,523814,0,0,0,0,0,South,2009/2010,SH 1N,ORAMS OBR,,Non-Injury Crash,Yes,2009,1,South,0,0,0,Flat,0,,0,,0,Bright sun,760701,0,0,0,3,0,0,0,0,0,,0,0,Auckland Region,Nil,1-way,Sealed,0,0,0,0,100,0,Off,0,0,,76,Auckland,Nil,0,0,0,0,0,0,Open,1,0,0,Fine,Null
1754265,5918312,2916,,515432,0,,0,2,,East,2008/2009,SH 16,ST LUKES OFF WBD,,Non-Injury Crash,Yes,2009,,West,,0,,Flat,,,,,,Twilight,406202,0,0,0,2,,,0,,,,,,Auckland Region,Nil,1-way,Sealed,,0,0,,100,,None,0,0,,76,Auckland,Unknown,,,,,0,0,Open,0,,,Fine,Null
1760745,5916236,2917,25,516003,0,0,0,1,0,West,2008/2009,PEACH PARADE,ROTOMAHANA TERRACE,,Non-Injury Crash,No,2009,0,East,0,0,0,Flat,0,,0,,0,Overcast,494400,0,0,0,2,0,0,0,0,0,,0,0,Auckland Region,Nil,2-way,Sealed,0,0,0,0,50,0,Null,0,0,,76,Auckland,Nil,0,0,0,1,0,0,Urban,0,0,0,Fine,Null
1755276,5932021,2918,,508805,0,,0,2,,Null,2008/2009,EAST COAST ROAD,CONSTELLATION DRIVE,,Non-Injury Crash,No,2009,,South,,0,,Flat,,,,,,Overcast,151104,0,0,0,4,,,0,,,,,,Auckland Region,Nil,2-way,Sealed,,0,0,,50,,Off,0,0,,76,Auckland,Traffic Signals,,,,,0,0,Urban,0,,,Heavy rain,Null
1747501,5912309,2919,,511901,0,,0,1,,South,2009/2010,ATKINSON ROAD,CAPTAIN SCOTT ROAD,,Non-Injury Crash,No,2009,,North,,0,,Hill Road,,,,,,Dark,293701,0,0,0,2,,,0,,,,,,Auckland Region,Nil,2-way,Sealed,,0,0,,50,,On,0,0,,76,Auckland,Unknown,,,,,0,0,Urban,0,,,Fine,Null
1730226,5956763,2920,30,506613,0,,0,1,,South,2008/2009,SH 16,TUHIRANGI ROAD,,Non-Injury Crash,Yes,2009,,North,,0,,Hill Road,,,,,,Bright sun,146300,0,0,0,2,,,0,,,,,,Auckland Region,Nil,2-way,Sealed,,0,0,,100,,None,0,0,,76,Auckland,Nil,,,,,0,0,Open,1,,,Fine,Null
1877556,5822286,2921,,538101,0,,0,2,,West,2008/2009,SEVENTEENTH AVENUE,CLARKE ST,,Non-Injury Crash,No,2009,,East,,0,,Hill Road,,,,,,Bright sun,1169202,0,0,0,2,,,0,,,,,,Bay of Plenty Region,Nil,2-way,Sealed,,0,0,,50,,Null,0,0,,23,Tauranga City,Unknown,,,,,0,0,Urban,0,,,Fine,Null
1755492,5920439,2922,,514000,0,,0,2,,Null,2009/2010,PONSONBY ROAD,COWAN ST,,Non-Injury Crash,No,2009,,North,,0,,Flat,,,,,,Overcast,415500,0,0,0,4,,,0,,,,,,Auckland Region,Nil,2-way,Sealed,,0,0,,50,,Off,0,0,,76,Auckland,Stop,,,,,0,0,Urban,0,,,Light rain,Null
1757065,5920542,2923,,514102,0,,0,2,,Null,2008/2009,HOBSON ST,VICTORIA ST WEST,,Non-Injury Crash,No,2009,,West,,0,,Flat,,,,,,Bright sun,433700,0,0,0,5,,,0,,,,,,Auckland Region,Nil,1-way,Sealed,,0,0,,50,,Off,0,0,,76,Auckland,Traffic Signals,,,,,0,0,Urban,0,,,Fine,Null
1756761,5918554,2924,,515600,0,,0,2,,East,2009/2010,NEW NORTH ROAD,EXMOUTH ST,,Non-Injury Crash,No,2009,,West,,0,,Flat,,,,,,Dark,420500,0,0,0,2,,,0,,,,,,Auckland Region,Nil,2-way,Sealed,,0,0,,50,,On,0,0,,76,Auckland,Unknown,,,,,0,0,Urban,0,,,Light rain,Null
1770338,5901431,2925,,523816,0,,0,1,,Null,2008/2009,ALFRISTON ROAD,SARALEE DRIVE,,Non-Injury Crash,No,2009,,East,,0,,Hill Road,,,,,,Overcast,759741,0,0,1,2,,,0,,,,,,Auckland Region,Nil,2-way,Sealed,,0,0,,70,,Off,0,0,,76,Auckland,Stop,,,,,0,0,Urban,0,,,Fine,Null
1749595,5971080,2926,,506661,0,,0,2,,East,2009/2010,SANDSPIT ROAD,MATAKANA ROAD,,Non-Injury Crash,No,2009,,West,,0,,Hill Road,,,,,,Dark,139400,0,0,0,2,,,0,,,,,,Auckland Region,Nil,2-way,Sealed,,0,0,,80,,On,0,0,,76,Auckland,Nil,,,,,0,0,Open,0,,,Light rain,Null
1765886,5878541,2927,,521121,0,,0,2,,Null,2008/2009,WAIUKU ROAD,PATUMAHOE ROAD,,Non-Injury Crash,No,2009,,East,,0,,Flat,,,,,,Bright sun,825000,0,0,0,2,,,0,,,,,,Auckland Region,Nil,2-way,Sealed,,0,0,,100,,Off,0,0,,76,Auckland,Stop,,,,,0,0,Open,0,,,Fine,Null
1300242,5048660,2928,,608304,0,,0,1,,Null,2009/2010,SH 6,CAMP HILL ROAD,,Serious Crash,Yes,2009,,North,,0,,Flat,,,,,,Bright sun,3027700,0,0,1,2,,,0,,,,,,Otago Region,Nil,2-way,Sealed,,0,1,,100,,Null,0,0,,70,Queenstown-Lakes District,Give way,,,,,0,0,Open,0,,,Fine,Null
1755044,5929206,2929,,508420,0,,1,1,,Null,2008/2009,WAIRAU ROAD,TARGET ROAD,,Non-Injury Crash,No,2009,,South,,0,,Hill Road,,,,,,Dark,183800,0,0,0,5,,,0,,,,,,Auckland Region,Nil,2-way,Sealed,,0,0,,50,,On,0,0,,76,Auckland,Traffic Signals,,,,,0,0,Urban,0,,,Fine,Null
1753993,5917198,2930,,517600,0,,0,2,,South,2008/2009,NEW NORTH ROAD,ST LUKES ROAD,,Non-Injury Crash,No,2009,,North,,0,,Hill Road,,,,,,Bright sun,534300,0,0,0,5,,,0,,,,,,Auckland Region,Nil,2-way,Sealed,,0,0,,50,,Off,0,0,,76,Auckland,Traffic Signals,,,,,0,0,Urban,0,,,Fine,Null
1395555,4914082,2931,,602412,0,,0,1,,North,2009/2010,SH 1S,MORRIS OBR,,Serious Crash,Yes,2009,,North,,0,,Hill Road,,,,,,Dark,2977701,0,0,0,6,,,0,,,,,,Otago Region,Nil,2-way,Sealed,,0,1,,100,,On,0,0,,71,Dunedin City,Unknown,,,,,1,0,Open,0,,,Fine,Null
1858990,5850210,2932,45,536614,0,0,0,1,1,North,2008/2009,SH 2,ATHENREE ROAD,,Non-Injury Crash,Yes,2009,0,North,0,0,0,Hill Road,0,,0,,0,Overcast,1181001,0,0,0,2,0,0,0,0,0,,0,0,Bay of Plenty Region,Nil,2-way,Sealed,0,0,0,0,100,0,None,0,0,,22,Western Bay of Plenty District,Nil,0,0,0,0,0,0,Open,0,0,0,Heavy rain,Strong wind
1186451,4956813,2933,,612400,0,,0,2,,Null,2009/2010,LAKEFRONT DRIVE,MOKOROA ST,,Minor Crash,No,2009,,South,,0,,Flat,,,,,,Bright sun,3169300,3,0,0,2,,,0,,,,,,Southland Region,Nil,2-way,Sealed,,0,0,,50,,Null,0,0,,73,Southland District,Give way,,,,,0,0,Urban,0,,,Fine,Null
1759213,5903411,2934,,524200,0,,0,2,,South,2008/2009,GEORGE BOLT MEMORIAL DRIV,TOM PEARCE DRIVE,,Non-Injury Crash,No,2009,,North,,0,,Flat,,,,,,Bright sun,727200,0,0,0,6,,,0,,,,,,Auckland Region,Nil,2-way,Sealed,,0,0,,50,,Null,0,0,,76,Auckland,Unknown,,,,,0,0,Urban,0,,,Fine,Null
1403800,4918858,2935,,603920,0,0,0,1,0,North,2009/2010,WAKARI ROAD,TAIERI ROAD,,Minor Crash,No,2009,0,South,0,0,0,Hill Road,0,,0,,0,Dark,2889400,1,0,0,2,0,1,0,0,0,,0,0,Otago Region,Nil,2-way,Sealed,0,0,0,0,50,0,On,1,0,,71,Dunedin City,Unknown,0,0,0,0,1,0,Urban,0,0,0,Light rain,Frost
1755350,5918823,2936,,515420,0,0,0,4,0,West,2008/2009,CRUMMER ROAD,GROSVENOR ST,,Non-Injury Crash,No,2009,0,East,0,0,0,Hill Road,0,,0,,0,Twilight,407400,0,0,0,2,0,0,0,0,3,,0,0,Auckland Region,Nil,2-way,Sealed,0,0,0,0,50,0,On,0,0,,76,Auckland,Nil,0,0,0,0,0,0,Urban,0,0,0,Fine,Null
1753340,5914253,2937,,514500,0,,0,3,,Null,2009/2010,MAIORO ST,RICHARDSON ROAD,,Non-Injury Crash,No,2009,,East,,0,,Flat,,,,,,Dark,376800,0,0,0,6,,,0,,,,,,Auckland Region,Nil,2-way,Sealed,,0,0,,50,,On,0,0,,76,Auckland,Traffic Signals,,,,,0,0,Urban,0,,,Light rain,Null
1769500,5907418,2938,,523713,0,,0,2,,Null,2009/2010,ORMISTON ROAD,MICHAEL JONES DRIVE,,Non-Injury Crash,No,2009,,East,,0,,Flat,,,,,,Bright sun,712302,0,0,0,2,,,0,,,,,,Auckland Region,Nil,2-way,Sealed,,0,0,,50,,Off,0,0,,76,Auckland,Nil,,,,,0,0,Urban,0,,,Fine,Null
1689158,6002416,2939,,505010,0,0,0,1,0,East,2009/2010,MITCHELL ROAD,SH 12,,Non-Injury Crash,No,2009,0,North,1,0,0,Flat,0,,0,,0,Dark,127500,0,0,0,2,0,0,0,0,0,,0,0,Northland Region,Nil,2-way,Unsealed,0,0,0,0,100,0,None,0,0,,3,Kaipara District,Nil,0,0,0,0,0,0,Open,0,0,0,Fine,Null
1745439,5917253,2940,,510800,0,,0,2,,Null,2009/2010,GREAT NORTH ROAD,RATANUI ST,,Non-Injury Crash,No,2009,,East,,0,,Flat,,,,,,Dark,242700,0,0,0,4,,,0,,,,,,Auckland Region,Nil,2-way,Sealed,,0,0,,50,,On,0,0,,76,Auckland,Traffic Signals,,,,,0,0,Urban,0,,,Fine,Null
1243484,4850311,2941,,611210,0,,0,2,,South,2009/2010,QUEENS DRIVE,GALA ST,,Minor Crash,No,2009,,South,,0,,Flat,,,,,,Overcast,3107100,1,0,0,2,,,0,,,,,,Southland Region,Nil,2-way,Sealed,,0,0,,50,,Null,0,0,,75,Invercargill City,Unknown,,,,,0,0,Urban,0,,,Fine,Null
1573425,5182756,2942,,592811,0,0,0,2,0,South,2008/2009,CRESSWELL AVENUE,NEW BRIGHTON ROAD W,,Minor Crash,No,2009,0,East,0,0,0,Flat,0,,0,,0,Overcast,2602700,2,0,0,2,0,0,0,0,1,,0,0,Canterbury Region,Nil,2-way,Sealed,0,0,0,0,50,0,Null,0,0,,60,Christchurch City,Unknown,0,0,0,0,0,0,Urban,0,0,0,Fine,Null
1763438,5910622,2943,,521901,0,,0,2,,Null,2009/2010,SALEYARDS ROAD,PORTAGE ROAD,,Non-Injury Crash,No,2009,,West,,0,,Flat,,,,,,Bright sun,781900,0,0,0,4,,,0,,,,,,Auckland Region,Nil,2-way,Sealed,,0,0,,50,,Off,0,0,,76,Auckland,Stop,,,,,0,0,Urban,0,,,Fine,Null
1757252,5916829,2944,,515700,0,,0,2,,Null,2009/2010,OWENS ROAD,STOKES ROAD,,Non-Injury Crash,No,2009,,West,,0,,Flat,,,,,,Twilight,444502,0,0,0,3,,,0,,,,,,Auckland Region,Nil,2-way,Sealed,,0,0,,50,,Off,0,0,,76,Auckland,Nil,,,,,0,0,Urban,0,,,Fine,Null
1759983,5915666,2945,,519400,0,,0,2,,Null,2008/2009,GREAT SOUTH ROAD,PURIRI AVENUE,,Non-Injury Crash,No,2009,,North,,0,,Flat,,,,,,Bright sun,617000,0,0,0,3,,,0,,,,,,Auckland Region,Nil,2-way,Sealed,,0,0,,50,,Off,0,0,,76,Auckland,Give way,,,,,0,0,Urban,0,,,Fine,Null
1867190,5713803,2946,,541720,0,,0,2,,Null,2008/2009,SPA ROAD,GASCOIGNE ST,,Non-Injury Crash,No,2009,,West,,0,,Flat,,,,,,Dark,1273500,0,0,0,2,,,0,,,,,,Waikato Region,Nil,2-way,Sealed,,0,0,,50,,On,0,0,,21,Taupo District,Stop,,,,,0,0,Urban,0,,,Light rain,Null
1893160,5812790,2947,,538502,0,,0,1,,Null,2008/2009,JELLICOE ST,OXFORD ST,,Non-Injury Crash,No,2009,,West,,0,,Flat,,,,,,Bright sun,1215900,0,0,0,2,,,0,,,,,,Bay of Plenty Region,Nil,2-way,Sealed,,0,0,,50,,Null,0,0,,22,Western Bay of Plenty District,Give way,,,,,0,0,Urban,1,,,Fine,Null
1869176,5713407,2948,,541730,0,0,0,1,0,East,2008/2009,HATEPE AVENUE,HINEKURA AVENUE,,Non-Injury Crash,No,2009,0,West,0,0,1,Hill Road,0,,0,,0,Dark,1270200,0,0,0,2,0,0,0,0,1,,0,0,Waikato Region,Nil,2-way,Sealed,0,0,0,0,50,0,On,0,0,,21,Taupo District,Unknown,0,0,0,0,0,0,Urban,0,0,0,Fine,Null
1879562,5780229,2949,,538863,0,0,0,1,0,Null,2009/2010,SH 5,DANSEY ROAD,,Non-Injury Crash,Yes,2009,0,West,0,0,0,Flat,0,,0,,1,Bright sun,1265308,0,0,0,2,0,0,0,0,0,,0,0,Bay of Plenty Region,Nil,2-way,Sealed,0,0,0,0,100,0,Null,0,0,,24,Rotorua District,Give way,0,0,0,0,0,0,Open,0,0,0,Fine,Null
1768904,5880761,2950,,525922,0,,0,2,,Null,2008/2009,HARRIS ST,EDINBURGH ST,,Non-Injury Crash,No,2009,,South,,0,,Flat,,,,,,Overcast,823000,0,0,0,2,,,0,,,,,,Auckland Region,Nil,2-way,Sealed,,0,0,,50,,Off,0,0,,76,Auckland,Give way,,,,,0,0,Urban,0,,,Fine,Null
1460756,5081530,2951,,599700,0,,0,1,,Null,2009/2010,VICTORIA ST,CATHERINE ST,,Minor Crash,No,2009,,East,,0,,Flat,,,,,,Bright sun,2799800,2,0,0,2,,,0,,,,,,Canterbury Region,Nil,2-way,Sealed,,0,0,,50,,Null,1,0,,64,Timaru District,Stop,,,,,0,0,Urban,0,,,Fine,Null
1756442,5919379,2952,,514102,0,,0,2,,Null,2009/2010,KARANGAHAPE ROAD,HOWE ST,,Non-Injury Crash,No,2009,,East,,0,,Flat,,,,,,Overcast,436001,0,0,0,4,,,0,,,,,,Auckland Region,Nil,2-way,Sealed,,0,0,,50,,Off,0,0,,76,Auckland,Traffic Signals,,,,,0,0,Urban,0,,,Light rain,Null
1756121,5924527,2953,,509702,0,,0,3,,West,2008/2009,ONEWA ROAD,SYLVAN AVENUE,,Non-Injury Crash,No,2009,,East,,0,,Hill Road,,,,,,Bright sun,366700,0,0,0,3,,,0,,,,,,Auckland Region,Motorway ramp,2-way,Sealed,,0,0,,50,,Off,0,0,,76,Auckland,Traffic Signals,,,,,0,0,Urban,0,,,Fine,Null
1773198,5896449,2954,,525630,0,,0,1,,Null,2008/2009,CLEVEDON ROAD,MARNE ROAD,,Non-Injury Crash,No,2009,,West,,0,,Flat,,,,,,Bright sun,794600,0,0,0,4,,,0,,,,,,Auckland Region,Nil,2-way,Sealed,,0,0,,50,,Null,0,0,,76,Auckland,Give way,,,,,0,0,Urban,1,,,Fine,Null
1767136,5912385,2955,,522920,0,,0,2,,West,2008/2009,TI RAKAU DRIVE,EDGEWATER DRIVE W,,Non-Injury Crash,No,2009,,West,,0,,Flat,,,,,,Overcast,686900,0,0,0,4,,,0,,,,,,Auckland Region,Nil,2-way,Sealed,,0,0,,60,,Off,0,0,,76,Auckland,Nil,,,,,0,0,Urban,0,,,Light rain,Null
1333253,5057551,2956,65,608302,0,0,0,1,1,West,2009/2010,SH 8,LINDIS PASS SUMMIT,,Serious Crash,Yes,2009,0,West,0,0,0,Hill Road,0,,0,,0,Dark,3028500,0,0,0,2,0,0,0,0,0,,0,0,Otago Region,Nil,2-way,Sealed,0,0,1,0,100,0,None,0,0,,69,Central Otago District,Unknown,0,0,0,0,0,0,Open,0,0,0,Fine,Null
1754516,5933898,2957,,508804,0,0,0,2,0,North,2008/2009,EAST COAST ROAD,ARRAN ROAD,,Non-Injury Crash,No,2009,0,North,0,0,0,Flat,0,,0,,0,Dark,180711,0,0,0,2,0,0,0,0,1,,0,0,Auckland Region,Nil,2-way,Sealed,0,0,0,0,50,0,On,0,0,,76,Auckland,Unknown,0,0,0,0,0,0,Urban,0,0,0,Fine,Null
1755256,5919719,2958,,515302,0,0,0,1,1,East,2008/2009,DOUGLAS ST,RICHMOND ROAD,,Non-Injury Crash,No,2009,0,West,0,0,1,Flat,0,,0,,0,Dark,432000,0,0,0,1,0,0,0,0,0,,0,0,Auckland Region,Nil,2-way,Sealed,0,0,0,0,50,0,On,0,0,,76,Auckland,Nil,0,0,0,0,0,0,Urban,0,0,0,Fine,Null
1763978,5909994,2959,,521901,0,,0,2,,Null,2008/2009,GORDON ROAD,GREAT SOUTH ROAD,,Non-Injury Crash,No,2009,,West,,0,,Flat,,,,,,Bright sun,782400,0,0,0,4,,,0,,,,,,Auckland Region,Nil,2-way,Sealed,,0,0,,50,,Off,0,0,,76,Auckland,Give way,,,,,0,0,Urban,0,,,Null,Null
1806706,5787800,2960,,527937,0,0,0,1,0,West,2008/2009,HERBERT ST,WHITAKER ST,,Non-Injury Crash,No,2009,0,West,0,0,1,Flat,0,,0,,0,Dark,989400,0,0,0,2,0,0,0,0,0,,0,0,Waikato Region,Nil,2-way,Sealed,0,0,0,0,50,0,On,0,0,,17,Waipa District,Nil,0,0,0,0,0,0,Urban,0,0,0,Light rain,Null
1804181,5790384,2961,,531004,0,,0,2,,South,2008/2009,SLOANE ST,REDOUBT ST,,Non-Injury Crash,No,2009,,South,,0,,Hill Road,,,,,,Bright sun,973300,0,0,0,2,,,0,,,,,,Waikato Region,Nil,2-way,Sealed,,0,0,,50,,Null,0,0,,17,Waipa District,Give way,,,,,0,0,Urban,0,,,Mist or Fog,Null
1755952,5921008,2962,,515202,0,0,0,2,0,Null,2008/2009,LONDON ST,NEW ST,,Non-Injury Crash,No,2009,0,North,0,0,0,Hill Road,0,,1,,0,Dark,425900,0,0,0,2,0,0,0,0,1,,0,0,Auckland Region,Nil,2-way,Sealed,0,0,0,0,50,0,On,0,0,,76,Auckland,Nil,0,0,0,1,0,0,Urban,0,0,0,Light rain,Null
1759255,5916669,2963,,516001,0,,0,2,,South,2008/2009,SH 1N,MARKET OBR,,Non-Injury Crash,Yes,2009,,North,,0,,Flat,,,,,,Dark,491700,0,0,0,3,,,0,,,,,,Auckland Region,Nil,1-way,Sealed,,0,0,,100,,On,0,0,,76,Auckland,Nil,,,,,0,0,Open,0,,,Fine,Null
1748983,5426197,2964,,576500,1,,0,1,,South,2008/2009,ADELAIDE ROAD,SH 1N,,Minor Crash,No,2009,,North,,0,,Flat,,,,,,Overcast,2148000,1,0,0,3,,,0,,,,,,Wellington Region,Nil,2-way,Sealed,,0,0,,50,,Null,0,0,,47,Wellington City,Nil,,,,,0,0,Urban,0,,,Light rain,Null