X,Y,OBJECTID,advisorySpeed,areaUnitID,bicycle,bridge,bus,carStationWagon,cliffBank,crashDirectionDescription,crashFinancialYear,crashLocation1,crashLocation2,crashRoadSideRoad,crashSeverity,crashSHDescription,crashYear,debris,directionRoleDescription,ditch,fatalCount,fence,flatHill,guardRail,holiday,houseOrBuilding,intersection,kerb,light,meshblockId,minorInjuryCount,moped,motorcycle,NumberOfLanes,objectThrownOrDropped,otherObject,otherVehicleType,overBank,parkedVehicle,pedestrian,phoneBoxEtc,postOrPole,region,roadCharacter,roadLane,roadSurface,roadworks,schoolBus,seriousInjuryCount,slipOrFlood,speedLimit,strayAnimal,streetLight,suv,taxi,temporarySpeedLimit,tlaId,tlaName,trafficControl,trafficIsland,trafficSign,train,tree,truck,unknownVehicleType,urban,vanOrUtility,vehicle,waterRiver,weatherA,weatherB
1760507,5946174,2965,,505904,0,,0,2,,Null,2008/2009,GULF HARBOUR DRIVE,PINECREST DRIVE,,Non-Injury Crash,No,2009,,East,,0,,Flat,,,,,,Bright sun,175111,0,0,0,2,,,0,,,,,,Auckland Region,Nil,2-way,Sealed,,0,0,,50,,Null,0,0,,76,Auckland,Nil,,,,,0,0,Urban,0,,,Fine,Null
1755065,5912116,2966,,519002,0,,0,1,,East,2008/2009,MORRIE LAING AVENUE,GLASS ROAD,,Non-Injury Crash,No,2009,,East,,0,,Hill Road,,,,,,Overcast,591000,0,0,0,2,,,0,,,,,,Auckland Region,Nil,2-way,Sealed,,0,0,,50,,Off,0,0,,76,Auckland,Nil,,,,,1,0,Urban,0,,,Fine,Null
1761837,5438364,2967,,569500,0,,0,2,,Null,2009/2010,SH 2,FAIRWAY DRIVE,,Minor Crash,Yes,2009,,South,,0,,Flat,,,,,,Bright sun,1917500,1,0,0,2,,,0,,,,,,Wellington Region,Nil,2-way,Sealed,,0,0,,100,,Null,0,0,,46,Lower Hutt City,Traffic Signals,,,,,0,0,Open,0,,,Mist or Fog,Null
1762017,5909190,2968,,524402,0,,0,2,,East,2008/2009,JAMES FLETCHER DRIVE,SAVILL DRIVE,,Non-Injury Crash,No,2009,,West,,0,,Flat,,,,,,Bright sun,749700,0,0,0,2,,,0,,,,,,Auckland Region,Nil,2-way,Sealed,,0,0,,60,,Off,0,0,,76,Auckland,Traffic Signals,,,,,0,0,Urban,0,,,Fine,Null
1287936,4889846,2969,,610032,0,,0,2,,Null,2009/2010,WHITERIG ROAD,MCKINNON ROAD,,Minor Crash,No,2009,,North,,0,,Flat,,,,,,Bright sun,3051601,3,0,0,2,,,0,,,,,,Southland Region,Nil,2-way,Sealed,,0,0,,100,,Null,0,0,,74,Gore District,Give way,,,,,0,0,Open,0,,,Fine,Null
1772366,5911760,2970,65,523102,0,0,0,2,0,North,2009/2010,WHITFORD ROAD,BROOMFIELDS ROAD,,Non-Injury Crash,No,2009,0,North,0,0,0,Hill Road,0,,0,,0,Overcast,718003,0,0,0,2,0,0,0,0,1,,0,0,Auckland Region,Nil,2-way,Sealed,0,0,0,0,80,0,Null,0,0,,76,Auckland,Unknown,0,0,0,0,0,0,Open,1,0,0,Light rain,Null
1756400,5919773,2971,,514000,0,0,0,2,0,Null,2009/2010,HOWE ST,BERESFORD ST CENTRAL,,Non-Injury Crash,No,2009,0,North,0,0,0,Flat,0,,0,,0,Overcast,413300,0,0,0,2,0,0,0,0,1,,0,0,Auckland Region,Nil,2-way,Sealed,0,0,0,0,50,0,Off,0,0,,76,Auckland,Nil,0,0,0,0,0,0,Urban,0,0,0,Light rain,Null
1569831,5185903,2972,,588102,0,,0,2,,South,2008/2009,GRIMSEYS ROAD,DANIELS ROAD,,Serious Crash,No,2009,,North,,0,,Flat,,,,,,Dark,2509100,2,0,0,2,,,0,,,,,,Canterbury Region,Nil,2-way,Sealed,,0,1,,50,,On,0,0,,60,Christchurch City,Unknown,,,,,0,0,Urban,0,,,Heavy rain,Null
1924695,5776951,2973,,542600,0,,0,2,,Null,2008/2009,RIVER ROAD,ONSLOW ST S,,Non-Injury Crash,No,2009,,South,,0,,Flat,,,,,,Overcast,1318400,0,0,0,2,,,0,,,,,,Bay of Plenty Region,Nil,2-way,Sealed,,0,0,,50,,Null,0,0,,26,Kawerau District,Give way,,,,,0,0,Urban,0,,,Fine,Null
1875258,5819020,2974,,537601,0,,0,2,,North,2009/2010,CAMERON ROAD,SH 29,,Non-Injury Crash,No,2009,,South,,0,,Flat,,,,,,Bright sun,1175202,0,0,0,2,,,0,,,,,,Bay of Plenty Region,Nil,2-way,Sealed,,0,0,,50,,Null,0,0,,23,Tauranga City,Give way,,,,,0,0,Urban,0,,,Fine,Null
1756825,5915901,2975,,518301,0,,0,2,,Null,2009/2010,MOUNT EDEN ROAD,BALMORAL ROAD,,Non-Injury Crash,No,2009,,North,,0,,Hill Road,,,,,,Bright sun,557000,0,0,0,5,,,0,,,,,,Auckland Region,Nil,2-way,Sealed,,0,0,,50,,Null,0,0,,76,Auckland,Traffic Signals,,,,,0,0,Urban,0,,,Fine,Null
1768489,5909142,2976,,523113,0,,0,0,,Null,2009/2010,KERWYN AVENUE,SPRINGS ROAD,,Non-Injury Crash,No,2009,,East,,0,,Flat,,,,,,Bright sun,711809,0,0,0,4,,,0,,,,,,Auckland Region,Nil,2-way,Sealed,,0,0,,60,,Off,0,0,,76,Auckland,Give way,,,,,0,0,Urban,2,,,Fine,Null
1767772,5904299,2977,,524604,0,,0,1,,North,2008/2009,GREAT SOUTH ROAD,MANUKAU STATION ROAD,,Non-Injury Crash,No,2009,,South,,0,,Flat,,,,,,Overcast,780302,0,0,0,2,,,0,,,,,,Auckland Region,Nil,2-way,Sealed,,0,0,,50,,Null,1,0,,76,Auckland,Traffic Signals,,,,,0,0,Urban,0,,,Fine,Null
1887461,5773510,2978,,538722,0,0,0,1,0,North,2009/2010,VAUGHAN ROAD,ALLEN MILLS ROAD,,Non-Injury Crash,No,2009,0,South,1,0,0,Flat,0,,0,,0,Overcast,1254600,0,0,0,2,0,0,0,0,0,,0,0,Bay of Plenty Region,Nil,2-way,Sealed,0,0,0,0,50,0,Null,0,0,,24,Rotorua District,Unknown,0,0,0,0,0,0,Urban,0,0,0,Light rain,Null
1772870,5896327,2979,,525410,0,,0,1,,West,2008/2009,AVERILL ST,RAILWAY ST WEST,,Non-Injury Crash,No,2009,,East,,0,,Flat,,,,,,Overcast,793000,0,0,0,2,,,0,,,,,,Auckland Region,Nil,2-way,Sealed,,0,0,,50,,Off,0,0,,76,Auckland,Nil,,,,,0,0,Urban,1,,,Fine,Null
1765034,5900196,2980,,524822,0,0,0,1,0,West,2009/2010,BURUNDI AVENUE,RUKUMOANA PLACE,,Non-Injury Crash,No,2009,0,West,0,0,1,Flat,0,,0,,0,Dark,774420,0,0,0,2,0,0,0,0,0,,0,0,Auckland Region,Nil,2-way,Sealed,0,0,0,0,50,0,On,0,0,,76,Auckland,Nil,0,0,0,0,0,0,Urban,0,0,0,Fine,Null
1735771,5920865,2981,,505700,0,0,0,1,0,North,2008/2009,ARROWSMITH ROAD,WAIRERE ROAD,,Non-Injury Crash,No,2009,0,North,0,0,1,Hill Road,0,Christmas New Year,0,,0,Bright sun,216602,0,0,0,1,0,0,0,0,0,,0,0,Auckland Region,Nil,2-way,Unsealed,0,0,0,0,100,0,None,0,0,,76,Auckland,Nil,0,0,0,0,0,0,Open,0,0,0,Fine,Null
1758205,5920313,2982,,514103,0,0,0,1,0,North,2008/2009,BEACH ROAD,PARNELL RISE,,Non-Injury Crash,No,2009,0,South,0,0,0,Flat,0,Easter,0,,0,Overcast,438309,0,0,1,2,0,0,0,0,1,,0,0,Auckland Region,Nil,2-way,Sealed,0,0,0,0,50,0,Null,0,0,,76,Auckland,Unknown,0,0,0,0,0,0,Urban,0,0,0,Fine,Null
1756439,5918814,2983,,515600,0,,0,2,,Null,2009/2010,IAN MCKINNON DRIVE,PIWAKAWAKA ST,,Non-Injury Crash,No,2009,,South,,0,,Flat,,,,,,Dark,420100,0,0,0,3,,,0,,,,,,Auckland Region,Nil,2-way,Sealed,,0,0,,70,,On,0,0,,76,Auckland,Give way,,,,,0,0,Urban,0,,,Fine,Null
1754338,5927965,2984,,508310,0,,0,2,,Null,2009/2010,BENTLEY AVENUE,CHARTWELL AVENUE,,Non-Injury Crash,No,2009,,East,,0,,Flat,,,,,,Bright sun,200600,0,0,0,2,,,0,,,,,,Auckland Region,Nil,2-way,Sealed,,0,0,,50,,Off,0,0,,76,Auckland,Give way,,,,,0,0,Urban,0,,,Fine,Null
1756330,5926137,2985,,509702,0,,0,2,,West,2009/2010,COLLEGE ROAD,AKORANGA DRIVE,,Non-Injury Crash,No,2009,,East,,0,,Flat,,,,,,Bright sun,364601,0,0,0,2,,,0,,,,,,Auckland Region,Nil,2-way,Sealed,,0,0,,50,,Off,0,0,,76,Auckland,Nil,,,,,0,0,Urban,0,,,Fine,Null
1756949,5920236,2986,,514102,0,0,0,2,0,South,2008/2009,HOBSON ST,WELLESLEY ST WEST,,Non-Injury Crash,No,2009,0,South,0,0,0,Hill Road,0,,0,,0,Bright sun,434105,0,0,0,4,0,0,0,0,0,,0,0,Auckland Region,Nil,1-way,Sealed,0,0,0,0,50,0,Off,0,0,,76,Auckland,Nil,0,0,0,0,0,0,Urban,0,1,0,Fine,Null
1245258,4843605,2987,,609914,0,0,0,1,0,North,2008/2009,SH 1S,BAY VIEW ROAD,,Minor Crash,Yes,2009,0,South,1,0,0,Flat,0,,0,,0,Overcast,3160700,3,0,0,2,0,0,0,0,0,,0,0,Southland Region,Nil,2-way,Sealed,0,0,0,0,100,0,Null,0,0,,75,Invercargill City,Unknown,0,0,0,0,0,0,Open,0,0,0,Heavy rain,Strong wind
1852004,5790231,2988,,535232,0,0,0,1,0,West,2008/2009,SH 5,FITZGERALD GLADE,,Non-Injury Crash,Yes,2009,0,West,0,0,1,Flat,0,,0,,0,Dark,1127701,0,0,0,2,0,0,0,0,0,,0,1,Waikato Region,Nil,2-way,Sealed,0,0,0,0,100,0,None,0,0,,19,South Waikato District,Unknown,0,0,0,0,0,0,Open,0,0,0,Light rain,Null
1769657,5901839,2989,,523814,0,,0,1,,Null,2009/2010,HILL ROAD,MANUREWA OFF SBD,,Non-Injury Crash,No,2009,,East,,0,,Flat,,,,,,Overcast,760702,0,0,0,2,,,0,,,,,,Auckland Region,Nil,2-way,Sealed,,0,0,,50,,Off,1,0,,76,Auckland,Traffic Signals,,,,,0,0,Urban,0,,,Fine,Null
1753984,5934801,2990,,508704,0,,0,2,,Null,2009/2010,EAST COAST ROAD,PONDEROSA DRIVE,,Non-Injury Crash,No,2009,,North,,0,,Flat,,,,,,Bright sun,179122,0,0,0,4,,,0,,,,,,Auckland Region,Nil,2-way,Sealed,,0,0,,50,,Off,0,0,,76,Auckland,Give way,,,,,0,0,Urban,0,,,Fine,Null
1755617,5925578,2991,,509702,0,,0,2,,Null,2008/2009,LAKE ROAD,EXMOUTH ROAD,,Non-Injury Crash,No,2009,,West,,0,,Hill Road,,,,,,Bright sun,365700,0,0,0,2,,,0,,,,,,Auckland Region,Nil,2-way,Sealed,,0,0,,50,,Off,0,0,,76,Auckland,Give way,,,,,0,0,Urban,0,,,Fine,Null
1646108,5442931,2992,45,581812,0,,1,0,,East,2009/2010,SH 6,RAI VALLEY LINK ROAD,,Minor Crash,Yes,2009,,West,,0,,Hill Road,,,,,,Overcast,2360800,1,0,0,2,,,0,,,,,,Nelson Region,Nil,2-way,Sealed,,0,0,,100,,Null,1,0,,52,Nelson City,Nil,,,,,0,0,Open,0,,,Light rain,Null
1759392,5916522,2993,,516001,0,0,0,0,0,South,2008/2009,SH 1N,MARKET OBR,,Non-Injury Crash,Yes,2009,0,South,0,0,0,Flat,0,,0,,1,Overcast,491700,0,0,0,3,0,0,0,0,0,,0,0,Auckland Region,Nil,1-way,Sealed,0,0,0,0,100,0,On,0,0,,76,Auckland,Nil,0,0,0,0,0,0,Open,1,0,0,Light rain,Null
1750342,5915973,2994,,514801,0,,0,2,,South,2009/2010,ROSEBANK ROAD,BAMFORD PLACE,,Non-Injury Crash,No,2009,,North,,0,,Flat,,,,,,Bright sun,387602,0,0,0,2,,,0,,,,,,Auckland Region,Nil,2-way,Sealed,,0,0,,50,,Off,0,0,,76,Auckland,Traffic Signals,,,,,0,0,Urban,0,,,Null,Null
1801885,5817101,2995,,530000,0,0,0,1,0,Null,2008/2009,TENNYSON ROAD,PEACHGROVE ROAD,,Non-Injury Crash,No,2009,0,North,0,0,0,Flat,0,,0,,1,Bright sun,864900,0,0,0,2,0,1,0,0,0,,0,0,Waikato Region,Nil,2-way,Sealed,0,0,0,0,50,0,Null,0,0,,16,Hamilton City,Give way,0,0,0,0,0,0,Urban,0,0,0,Fine,Null
1849395,5856831,2996,,534200,0,0,0,1,0,South,2008/2009,SH 2,RIFLE RANGE ROAD,,Non-Injury Crash,Yes,2009,0,East,0,0,0,Flat,0,,0,,0,Dark,1085302,0,0,0,2,0,0,0,0,0,,0,0,Waikato Region,Nil,2-way,Sealed,0,0,0,0,100,0,None,0,0,,12,Hauraki District,Unknown,0,0,0,0,0,0,Open,0,0,0,Fine,Null
1785347,5861980,2997,,527210,0,0,0,0,0,South,2008/2009,SH 1N,HAMPTON DOWNS OBR,,Non-Injury Crash,Yes,2009,0,North,0,0,0,Flat,1,,0,,0,Bright sun,935600,0,0,0,3,0,0,0,0,0,,0,0,Waikato Region,Nil,2-way,Sealed,0,0,0,0,100,0,Null,0,0,,13,Waikato District,Unknown,0,0,0,0,0,0,Open,1,0,0,Fine,Null
1746983,5919101,2998,,512402,0,,0,2,,Null,2009/2010,TE ATATU ROAD,VERA ROAD,,Non-Injury Crash,No,2009,,North,,0,,Flat,,,,,,Bright sun,254500,0,0,0,4,,,0,,,,,,Auckland Region,Nil,2-way,Sealed,,0,0,,50,,Off,0,0,,76,Auckland,Traffic Signals,,,,,0,0,Urban,0,,,Fine,Null
1936441,5621336,2999,,546901,0,,0,2,,Null,2008/2009,TENNYSON ST,CARLYLE ST,,Non-Injury Crash,No,2009,,North,,0,,Flat,,,,,,Overcast,1428100,0,0,0,2,,,0,,,,,,Hawke's Bay Region,Nil,2-way,Sealed,,0,0,,50,,Null,0,0,,31,Napier City,Traffic Signals,,,,,0,0,Urban,0,,,Fine,Null
1761127,5916652,3000,,516002,0,,0,2,,Null,2008/2009,REMUERA ROAD,GREEN LANE EAST,,Non-Injury Crash,No,2009,,West,,0,,Flat,,,,,,Dark,494200,0,0,0,2,,,0,,,,,,Auckland Region,Nil,2-way,Sealed,,0,0,,50,,Off,0,0,,76,Auckland,Traffic Signals,,,,,0,0,Urban,0,,,Light rain,Null
1778913,5913963,3001,,523202,0,0,0,1,0,South,2008/2009,WHITFORD-MARAETAI ROAD,OKARORO DRIVE,,Non-Injury Crash,No,2009,0,South,1,0,0,Flat,0,,0,,0,Bright sun,762501,0,0,0,2,0,0,0,0,0,,0,0,Auckland Region,Nil,2-way,Sealed,0,0,0,0,100,0,None,0,0,50,76,Auckland,Nil,0,0,0,0,0,0,Open,0,0,0,Fine,Null
1760401,5435916,3002,,569100,0,0,0,2,0,East,2009/2010,KNIGHTS ROAD,PENROSE ST,,Serious Crash,No,2009,0,West,0,0,0,Flat,0,,0,,0,Overcast,1970200,0,0,0,2,0,0,0,0,1,,0,0,Wellington Region,Nil,2-way,Sealed,0,0,1,0,50,0,Null,0,0,,46,Lower Hutt City,Nil,0,0,0,0,0,0,Urban,0,0,0,Fine,Null
1871945,5812645,3003,,536630,0,0,0,1,0,West,2008/2009,LAWRY LANE,BELK ROAD,,Non-Injury Crash,No,2009,0,North,0,0,0,Hill Road,0,,0,,0,Bright sun,1191703,0,0,0,2,0,1,0,0,0,,0,0,Bay of Plenty Region,Nil,2-way,Sealed,0,0,0,0,100,0,Null,0,0,,22,Western Bay of Plenty District,Unknown,0,0,0,0,0,0,Open,0,0,0,Fine,Null
1749897,5914045,3004,,511303,0,0,0,2,0,South,2009/2010,DELTA AVENUE,HUGH BROWN DRIVE,,Non-Injury Crash,No,2009,0,East,0,0,0,Flat,0,,0,,0,Twilight,265900,0,0,0,2,0,0,0,0,1,,0,0,Auckland Region,Nil,1-way,Sealed,0,0,0,0,50,0,On,0,0,,76,Auckland,Unknown,0,0,0,0,0,0,Urban,0,0,0,Fine,Null
1753762,5919085,3005,,515100,1,,0,1,,Null,2008/2009,GARNET ROAD,OLD MILL ROAD,,Non-Injury Crash,No,2009,,West,,0,,Flat,,,,,,Bright sun,398300,0,0,0,2,,,0,,,,,,Auckland Region,Nil,2-way,Sealed,,0,0,,50,,Null,0,0,,76,Auckland,Nil,,,,,0,0,Urban,0,,,Fine,Null
1746822,5919872,3006,,512402,0,,0,1,,West,2008/2009,SH 16,TE ATATU OBR,,Non-Injury Crash,Yes,2009,,West,,0,,Flat,,,,,,Bright sun,252300,0,0,0,2,,,0,,,,,,Auckland Region,Nil,1-way,Sealed,,0,0,,100,,Off,1,0,,76,Auckland,Nil,,,,,0,0,Open,0,,,Fine,Null
1574947,5181050,3007,,593000,0,,0,2,,East,2008/2009,PAGES ROAD,BAFFIN ST,,Minor Crash,No,2009,,East,,0,,Flat,,,,,,Bright sun,2569200,1,0,0,2,,,0,,,,,,Canterbury Region,Nil,2-way,Sealed,,0,0,,50,,Null,0,0,,60,Christchurch City,Unknown,,,,,0,0,Urban,0,,,Fine,Null
1770610,5911242,3008,,523106,0,,0,1,,East,2009/2010,TI RAKAU DRIVE,CHAPEL ROAD,,Non-Injury Crash,No,2009,,East,,0,,Flat,,,,,,Dark,711174,0,0,0,4,,,0,,,,,,Auckland Region,Nil,2-way,Sealed,,0,0,,60,,On,0,0,,76,Auckland,Nil,,,,,0,0,Urban,0,,,Light rain,Null
1769040,5911530,3009,,523112,0,,0,2,,Null,2009/2010,TI RAKAU DRIVE,HARRIS ROAD,,Non-Injury Crash,No,2009,,West,,0,,Flat,,,,,,Bright sun,711404,0,0,0,4,,,0,,,,,,Auckland Region,Nil,2-way,Sealed,,0,0,,60,,Null,0,0,,76,Auckland,Traffic Signals,,,,,0,0,Urban,0,,,Fine,Null
1746052,5917743,3010,,510700,0,,0,1,,North,2008/2009,EDMONTON ROAD,MATUHI RISE,,Non-Injury Crash,No,2009,,North,,0,,Flat,,,,,,Twilight,240102,0,0,0,2,,,0,,,,,,Auckland Region,Nil,2-way,Sealed,,0,0,,50,,Off,1,0,,76,Auckland,Nil,,,,,0,0,Urban,0,,,Fine,Null
1754655,5929136,3011,,508320,0,0,0,2,0,East,2009/2010,VIEW ROAD,MERTON AVENUE,,Non-Injury Crash,No,2009,0,East,0,0,0,Hill Road,0,,0,,0,Bright sun,196600,0,0,0,2,0,0,0,0,1,,0,0,Auckland Region,Nil,2-way,Sealed,0,0,0,0,50,0,Null,0,0,,76,Auckland,Unknown,0,0,0,0,0,0,Urban,0,0,0,Fine,Null
1373203,5196275,3012,,585322,0,,0,0,,South,2009/2010,SH 6,JETTY BAY,,Serious Crash,Yes,2009,,South,,0,,Flat,,,,,,Dark,2418105,1,0,0,2,,,0,,,,,,West Coast Region,Nil,2-way,Sealed,,0,1,,100,,None,0,0,,57,Westland District,Nil,,,,,0,0,Open,2,,,Fine,Null
1572485,5180778,3013,,593501,1,,0,1,,West,2009/2010,AVONSIDE DRIVE,TRENT ST,,Minor Crash,No,2009,,West,,0,,Flat,,,,,,Overcast,2611300,1,0,0,2,,,0,,,,,,Canterbury Region,Nil,2-way,Sealed,,0,0,,50,,Null,0,0,,60,Christchurch City,Unknown,,,,,0,0,Urban,0,,,Fine,Null
1438230,5004422,3014,,600812,0,0,0,1,1,East,2009/2010,SALEYARDS ROAD,BLUE STONE DRIVE,,Serious Crash,No,2009,0,West,0,0,0,Hill Road,0,,0,,0,Dark,2830500,0,0,0,2,0,0,0,0,0,,0,0,Otago Region,Nil,2-way,Sealed,0,0,1,0,80,0,None,0,0,,68,Waitaki District,Unknown,0,0,0,0,0,0,Open,0,0,0,Fine,Null
1742021,5919290,3015,,513101,0,0,0,0,0,South,2008/2009,BIRDWOOD ROAD,WAIMOKO GLEN,,Non-Injury Crash,No,2009,0,North,0,0,0,Flat,0,,0,,0,Overcast,238002,0,0,0,2,0,0,0,0,0,,0,1,Auckland Region,Nil,2-way,Sealed,0,0,0,0,50,0,None,0,0,,76,Auckland,Nil,0,0,0,0,0,0,Urban,1,0,0,Fine,Null
1682121,6097144,3016,,501633,0,,0,1,,Null,2008/2009,WIROA ROAD,WAIMATE NORTH ROAD,,Non-Injury Crash,No,2009,,West,,0,,Flat,,,,,,Overcast,49801,0,0,0,2,,,0,,,,,,Northland Region,Nil,2-way,Sealed,,0,0,,80,,Off,0,0,,1,Far North District,Give way,,,,,0,0,Open,1,,,Light rain,Null
1205553,4888931,3017,,612740,0,,0,0,,North,2009/2010,SCOTTS GAP-FELDWICK ROAD,UPPER SCOTTS GAP ROAD,,Minor Crash,No,2009,,North,,0,,Flat,,,,,,Overcast,3177602,1,0,1,1,,,0,,,,,,Southland Region,Nil,2-way,Unsealed,,0,0,,100,,Null,0,0,,73,Southland District,Nil,,,,,0,0,Open,0,,,Mist or Fog,Null
1825984,5886199,3018,,533502,0,,0,1,,Null,2009/2010,POLLEN ST,WILLOUGHBY ST,,Non-Injury Crash,No,2009,,North,,0,,Flat,,,,,,Dark,1053200,0,0,0,2,,,0,,,,,,Waikato Region,Nil,2-way,Sealed,,0,0,,50,,On,1,0,,11,Thames-Coromandel District,Give way,,,,,0,0,Urban,0,,,Fine,Null
1877425,5794307,3019,,536630,0,0,0,1,0,West,2008/2009,SH 36,TE MATAI ROAD,,Non-Injury Crash,Yes,2009,0,East,0,0,0,Flat,1,,0,,0,Bright sun,1192702,0,0,0,2,0,0,0,0,0,,0,0,Bay of Plenty Region,Nil,2-way,Sealed,0,0,0,0,100,0,None,0,0,,22,Western Bay of Plenty District,Nil,0,0,0,0,0,0,Open,0,0,0,Fine,Null
1754443,5945459,3020,,505907,0,,0,2,,Null,2009/2010,WAIORA ROAD,ELLISTON CRESCENT E,,Non-Injury Crash,No,2009,,West,,0,,Hill Road,,,,,,Overcast,173413,0,0,0,2,,,0,,,,,,Auckland Region,Nil,2-way,Sealed,,0,0,,50,,Null,0,0,,76,Auckland,Give way,,,,,0,0,Urban,0,,,Fine,Null
1765591,5920123,3021,,516700,0,,0,2,,Null,2008/2009,TAMAKI DRIVE,ST HELIERS BAY ROAD,,Non-Injury Crash,No,2009,,West,,0,,Flat,,,,,,Bright sun,509300,0,0,0,2,,,0,,,,,,Auckland Region,Nil,2-way,Sealed,,0,0,,50,,Off,0,0,,76,Auckland,Stop,,,,,0,0,Urban,0,,,Fine,Null
1876272,5826457,3022,,537000,0,0,0,1,0,North,2008/2009,HALL ROAD,MEADOWLAND ST,,Non-Injury Crash,No,2009,0,South,0,0,0,Flat,0,,0,,1,Bright sun,1153702,0,0,0,2,0,0,0,0,0,,0,1,Bay of Plenty Region,Nil,2-way,Sealed,0,0,0,0,50,0,Null,0,0,,23,Tauranga City,Unknown,0,0,0,0,0,0,Urban,0,0,0,Fine,Null
1737192,6057157,3023,,501807,0,0,0,1,0,North,2009/2010,MATAPOURI ROAD,TE MAIKA ROAD,,Non-Injury Crash,No,2009,0,South,0,0,0,Hill Road,0,,0,,0,Dark,62402,0,0,0,2,0,0,0,1,0,,0,0,Northland Region,Nil,2-way,Sealed,0,0,0,0,100,0,None,0,0,,2,Whangarei District,Nil,0,0,0,0,0,0,Open,0,0,0,Fine,Null
1230842,4861339,3024,,610051,0,0,0,1,0,Null,2008/2009,SH 99,WAIMATUKU BUSH ROAD,,Minor Crash,Yes,2009,0,East,1,0,0,Flat,0,,0,,0,Dark,3078700,2,0,0,2,0,0,0,0,0,,0,0,Southland Region,Nil,2-way,Sealed,0,0,0,0,100,0,None,0,0,,73,Southland District,Give way,0,0,0,0,0,0,Open,0,0,0,Light rain,Null
1757320,5918867,3025,,514302,0,,0,8,,South,2008/2009,SH 1N,GRAFTON OBR,,Non-Injury Crash,Yes,2009,,South,,0,,Flat,,,,,,Dark,441700,0,0,0,4,,,0,,,,,,Auckland Region,Nil,1-way,Sealed,,0,0,,80,,On,0,0,,76,Auckland,Nil,,,,,0,0,Open,0,,,Fine,Null
1318486,4875064,3026,,607300,0,0,0,1,0,South,2009/2010,SH 93,KURIWAO STM BR NTH,,Minor Crash,Yes,2009,0,North,0,0,0,Hill Road,0,,0,,0,Bright sun,3001100,1,0,0,2,0,0,0,1,0,,0,0,Otago Region,Nil,2-way,Sealed,0,0,0,0,100,0,Null,0,0,50,72,Clutha District,Unknown,0,0,0,0,0,0,Open,0,0,1,Fine,Null
1765180,5914662,3027,,520602,0,,0,2,,Null,2008/2009,QUEENS ROAD,PILKINGTON ROAD,,Non-Injury Crash,No,2009,,East,,0,,Flat,,,,,,Overcast,628700,0,0,0,4,,,0,,,,,,Auckland Region,Nil,2-way,Sealed,,0,0,,50,,Null,0,0,,76,Auckland,Traffic Signals,,,,,0,0,Urban,0,,,Light rain,Null
1757506,5919158,3028,,514301,0,,0,2,,Null,2009/2010,GRAFTON ROAD,PARK ROAD,,Non-Injury Crash,No,2009,,South,,0,,Flat,,,,,,Bright sun,441200,0,0,0,3,,,0,,,,,,Auckland Region,Nil,2-way,Sealed,,0,0,,50,,Off,0,0,,76,Auckland,Traffic Signals,,,,,0,0,Urban,0,,,Null,Null
1763380,5909235,3029,,521901,0,,0,2,,Null,2008/2009,WALMSLEY ROAD,KAKA ST,,Non-Injury Crash,No,2009,,North,,0,,Flat,,,,,,Bright sun,783300,0,0,0,2,,,0,,,,,,Auckland Region,Nil,2-way,Sealed,,0,0,,40,,Null,0,0,,76,Auckland,Nil,,,,,0,0,Urban,0,,,Fine,Null
1762011,5920640,3030,,516400,0,0,0,1,0,North,2009/2010,TAMAKI DRIVE,KITEMOANA ST,,Non-Injury Crash,No,2009,0,East,0,0,0,Flat,0,,0,,0,Dark,498700,0,0,0,2,0,0,0,0,0,,0,1,Auckland Region,Nil,2-way,Sealed,0,0,0,0,50,0,On,0,0,,76,Auckland,Nil,0,0,0,0,0,0,Urban,0,0,0,Heavy rain,Null
1803211,5733272,3031,,531800,0,0,0,1,0,East,2008/2009,SH 30,WAIMIHA ROAD,,Non-Injury Crash,Yes,2009,0,East,0,0,1,Flat,0,,0,,0,Bright sun,1012500,0,0,0,2,0,0,0,0,0,,0,0,Waikato Region,Nil,2-way,Sealed,0,0,0,0,100,0,None,0,0,50,20,Waitomo District,Nil,0,0,0,0,0,0,Open,0,0,0,Fine,Frost
1745721,5913147,3032,,511001,0,,0,1,,Null,2009/2010,VIRGO PLACE,PISCES ROAD,,Non-Injury Crash,No,2009,,West,,0,,Flat,,,,,,Dark,282807,0,0,0,2,,,0,,,,,,Auckland Region,Nil,2-way,Sealed,,0,0,,50,,On,1,0,,76,Auckland,Nil,,,,,0,0,Urban,0,,,Light rain,Null
1745184,5921881,3033,,513530,0,0,0,1,0,South,2008/2009,COLWILL ROAD,SARI PLACE,,Non-Injury Crash,No,2009,0,South,0,0,1,Flat,0,,0,,0,Dark,226107,0,0,0,2,0,0,0,0,0,,0,0,Auckland Region,Nil,2-way,Sealed,0,0,0,0,50,0,On,0,0,,76,Auckland,Unknown,0,0,0,0,0,0,Urban,0,0,0,Fine,Null
1723297,6043915,3034,,504000,0,1,0,0,0,North,2009/2010,ONERAHI ROAD,OLD ONERAHI ROAD,,Non-Injury Crash,No,2009,0,North,0,0,0,Hill Road,0,,0,,0,Dark,109500,0,0,0,2,0,0,0,0,0,,0,0,Northland Region,Bridge,2-way,Sealed,0,0,0,0,80,0,None,0,0,,2,Whangarei District,Unknown,0,0,0,0,0,0,Open,1,0,0,Heavy rain,Strong wind