X,Y,OBJECTID,advisorySpeed,areaUnitID,bicycle,bridge,bus,carStationWagon,cliffBank,crashDirectionDescription,crashFinancialYear,crashLocation1,crashLocation2,crashRoadSideRoad,crashSeverity,crashSHDescription,crashYear,debris,directionRoleDescription,ditch,fatalCount,fence,flatHill,guardRail,holiday,houseOrBuilding,intersection,kerb,light,meshblockId,minorInjuryCount,moped,motorcycle,NumberOfLanes,objectThrownOrDropped,otherObject,otherVehicleType,overBank,parkedVehicle,pedestrian,phoneBoxEtc,postOrPole,region,roadCharacter,roadLane,roadSurface,roadworks,schoolBus,seriousInjuryCount,slipOrFlood,speedLimit,strayAnimal,streetLight,suv,taxi,temporarySpeedLimit,tlaId,tlaName,trafficControl,trafficIsland,trafficSign,train,tree,truck,unknownVehicleType,urban,vanOrUtility,vehicle,waterRiver,weatherA,weatherB
1761640,5915829,3035,,516003,0,,0,1,,East,2008/2009,MARUA ROAD,LADIES MILE,,Non-Injury Crash,No,2009,,West,,0,,Hill Road,,,,,,Dark,494807,0,0,0,2,,,0,,,,,,Auckland Region,Nil,2-way,Sealed,,0,0,,50,,On,0,0,,76,Auckland,Nil,,,,,0,0,Urban,0,,,Fine,Null
1751408,5951337,3036,,505804,0,0,0,1,0,West,2008/2009,HILLCREST ROAD,HIBISCUS COAST HIGHWAY,,Non-Injury Crash,No,2009,0,North,0,0,1,Hill Road,0,,0,,0,Bright sun,170812,0,0,0,2,0,0,0,0,1,,0,0,Auckland Region,Nil,2-way,Sealed,0,0,0,0,50,0,None,1,0,,76,Auckland,Nil,0,0,0,1,0,0,Urban,0,0,0,Fine,Null
1869261,5711486,3037,,541750,0,,0,2,,Null,2008/2009,NAPIER ROAD,ARROWSMITH AVENUE,,Non-Injury Crash,No,2009,,North,,0,,Hill Road,,,,,,Overcast,1267108,0,0,0,2,,,0,,,,,,Waikato Region,Nil,2-way,Sealed,,0,0,,80,,Null,0,0,,21,Taupo District,Stop,,,,,0,0,Open,0,,,Fine,Null
1719370,6045906,3038,,503100,0,,0,1,,South,2008/2009,BANK ST,HUNT ST,,Non-Injury Crash,No,2009,,North,,0,,Flat,,,,,,Twilight,99700,0,0,0,3,,,0,,,,,,Northland Region,Nil,2-way,Sealed,,0,0,,50,,On,1,0,,2,Whangarei District,Nil,,,,,0,0,Urban,0,,,Fine,Null
1755929,5928185,3039,,507900,0,,0,3,,North,2008/2009,SH 1N,NORTHCOTE OBR,,Non-Injury Crash,Yes,2009,,South,,0,,Flat,,,,,,Bright sun,307000,0,0,0,3,,,0,,,,,,Auckland Region,Nil,1-way,Sealed,,0,0,,100,,Null,0,0,,76,Auckland,Unknown,,,,,0,0,Open,0,,,Fine,Null
1294743,4827310,3040,,610080,0,0,0,1,0,South,2008/2009,SLOPE POINT ROAD,HALDANE-CURIO BAY ROAD,,Minor Crash,No,2009,0,South,0,0,1,Hill Road,0,,0,,0,Twilight,3097200,2,0,0,1,0,0,0,1,0,,0,0,Southland Region,Nil,2-way,Unsealed,0,0,0,0,100,0,None,0,0,,73,Southland District,Unknown,0,0,0,0,0,0,Open,0,0,0,Light rain,Null
1803366,5815143,3041,,530500,0,,0,2,,South,2008/2009,CAMERON ROAD,HOGAN ST,,Non-Injury Crash,No,2009,,North,,0,,Flat,,,,,,Dark,890500,0,0,0,2,,,0,,,,,,Waikato Region,Nil,2-way,Sealed,,0,0,,50,,On,0,0,,16,Hamilton City,Unknown,,,,,0,0,Urban,0,,,Fine,Null
1718433,6044977,3042,,502900,0,,0,1,,Null,2008/2009,SH 1N,SH 14,,Non-Injury Crash,Yes,2009,,North,,0,,Flat,,,,,,Bright sun,103300,0,0,0,3,,,0,,,,,,Northland Region,Nil,2-way,Sealed,,0,0,,50,,Off,0,1,,2,Whangarei District,Give way,,,,,1,0,Urban,0,,,Fine,Null
1755598,5925583,3043,,509701,0,,0,1,,Null,2009/2010,LAKE ROAD,RALEIGH ROAD,,Non-Injury Crash,No,2009,,East,,0,,Flat,,,,,,Bright sun,362501,0,0,0,2,,,0,,,,,,Auckland Region,Nil,2-way,Sealed,,0,0,,50,,Off,0,0,,76,Auckland,Give way,,,,,1,0,Urban,0,,,Fine,Null
1754877,5917798,3044,,517500,0,0,0,2,0,East,2008/2009,WESTERN SPRINGS ROAD,SCHOOL ROAD,,Non-Injury Crash,No,2009,0,South,0,0,0,Flat,0,Easter,0,,0,Dark,530600,0,0,0,2,0,0,0,0,1,,0,0,Auckland Region,Nil,2-way,Sealed,0,0,0,0,50,0,On,0,0,,76,Auckland,Nil,0,0,0,0,0,0,Urban,0,0,0,Fine,Null
1590729,5157029,3045,,596902,0,0,0,1,0,West,2008/2009,SUMMIT ROAD,PETTIGREWS ROAD,,Minor Crash,No,2009,0,East,0,0,1,Hill Road,0,,0,,0,Dark,2713900,1,0,0,2,0,0,0,0,0,,0,0,Canterbury Region,Nil,2-way,Sealed,0,0,0,0,100,0,None,0,0,,60,Christchurch City,Unknown,0,0,0,0,0,0,Open,0,0,0,Fine,Null
1817146,5800506,3046,,527504,0,,0,2,,Null,2008/2009,LAMB ST,SHAKESPEARE ST,,Non-Injury Crash,No,2009,,South,,0,,Flat,,,,,,Bright sun,968102,0,0,0,2,,,0,,,,,,Waikato Region,Nil,2-way,Sealed,,0,0,,50,,Null,0,0,,17,Waipa District,Give way,,,,,0,0,Urban,0,,,Fine,Null
1748792,5426917,3047,,573101,0,,0,2,,Null,2008/2009,SH 1N VIVIAN,TARANAKI ST,,Non-Injury Crash,Yes,2009,,South,,0,,Flat,,,,,,Bright sun,2133800,0,0,0,5,,,0,,,,,,Wellington Region,Nil,2-way,Sealed,,0,0,,50,,Null,0,0,,47,Wellington City,Traffic Signals,,,,,0,0,Urban,0,,,Fine,Null
1755323,5919347,3048,,515420,0,,0,1,,South,2009/2010,MILLAIS ST,ROSE ROAD,,Non-Injury Crash,No,2009,,North,,0,,Flat,,,,,,Bright sun,407700,0,0,0,1,,,0,,,,,,Auckland Region,Nil,2-way,Sealed,,0,0,,50,,Off,0,0,,76,Auckland,Nil,,,,,1,0,Urban,0,,,Fine,Null
1757361,5919865,3049,,514103,0,,0,2,,Null,2009/2010,WAKEFIELD ST,ST PAUL ST,,Non-Injury Crash,No,2009,,North,,0,,Flat,,,,,,Overcast,436600,0,0,0,4,,,0,,,,,,Auckland Region,Nil,2-way,Sealed,,0,0,,50,,Off,0,0,,76,Auckland,Give way,,,,,0,0,Urban,0,,,Fine,Null
1752466,5935903,3050,,508701,0,,0,2,,South,2008/2009,SH 1N,LONELY TRACK OBR,,Non-Injury Crash,Yes,2009,,North,,0,,Flat,,,,,,Overcast,178501,0,0,0,4,,,0,,,,,,Auckland Region,Nil,2-way,Sealed,,0,0,,100,,Off,0,0,,76,Auckland,Nil,,,,,0,0,Open,0,,,Fine,Null
1746837,5918850,3051,,512402,0,,0,1,,North,2009/2010,TE ATATU ROAD,FLANSHAW ROAD,,Non-Injury Crash,No,2009,,South,,0,,Flat,,,,,,Bright sun,254500,0,0,0,4,,,0,,,,,,Auckland Region,Nil,2-way,Sealed,,0,0,,50,,Off,0,0,,76,Auckland,Give way,,,,,0,0,Urban,1,,,Mist or Fog,Null
1797412,5819831,3052,,528320,0,,0,2,,Null,2008/2009,PUKETE ROAD,WAIRERE DRIVE,,Non-Injury Crash,No,2009,,South,,0,,Flat,,,,,,Dark,897201,0,0,0,2,,,0,,,,,,Waikato Region,Nil,2-way,Sealed,,0,0,,50,,On,0,0,,16,Hamilton City,Give way,,,,,0,0,Urban,0,,,Fine,Null
1765202,5906224,3053,,522202,0,,0,2,,Null,2009/2010,KOLMAR ROAD,OMAGH AVENUE,,Non-Injury Crash,No,2009,,South,,0,,Flat,,,,,,Dark,663800,0,0,0,2,,,0,,,,,,Auckland Region,Nil,2-way,Sealed,,0,0,,50,,On,0,1,,76,Auckland,Give way,,,,,0,0,Urban,0,,,Fine,Null
1750565,5424069,3054,,576901,0,,0,2,,Null,2008/2009,YULE ST,COUTTS ST,,Non-Injury Crash,No,2009,,North,,0,,Flat,,,,,,Overcast,2177500,0,0,0,2,,,0,,,,,,Wellington Region,Nil,2-way,Sealed,,0,0,,50,,Null,0,0,,47,Wellington City,Give way,,,,,0,0,Urban,0,,,Fine,Null
1774800,5579512,3055,,556800,0,,0,1,,Null,2008/2009,HALSWELL ST,LONDON ST,,Non-Injury Crash,No,2009,,South,,0,,Flat,,,,,,Bright sun,1705400,0,1,0,2,,,0,,,,,,Manawatū-Whanganui Region,Nil,2-way,Sealed,,0,0,,50,,Null,0,0,,37,Whanganui District,Give way,,,,,0,0,Urban,0,,,Fine,Null
1464998,5114473,3056,,598312,0,,0,2,,North,2008/2009,SH 1S,ARUNDEL BELFIELD ROAD,,Non-Injury Crash,Yes,2009,,South,,0,,Flat,,,,,,Dark,2760900,0,0,0,4,,,0,,,,,,Canterbury Region,Nil,2-way,Sealed,,0,0,,100,,None,0,0,,64,Timaru District,Unknown,,,,,0,0,Open,0,,,Light rain,Null
1925383,5607243,3057,,548620,0,0,0,2,0,North,2009/2010,FLAXMERE AVENUE,HENDERSON ROAD,,Non-Injury Crash,No,2009,0,North,0,0,0,Flat,0,,0,,0,Dark,1474204,0,0,0,2,0,0,0,0,1,,0,0,Hawke's Bay Region,Nil,2-way,Sealed,0,0,0,0,50,0,On,0,0,,30,Hastings District,Nil,0,0,0,0,0,0,Urban,0,0,0,Fine,Null
1569447,5182304,3058,,592300,0,0,0,1,0,East,2008/2009,MANSFIELD AVENUE,PAPANUI ROAD,,Non-Injury Crash,No,2009,0,East,0,0,0,Flat,0,,0,,0,Overcast,2683200,0,0,0,2,0,0,0,0,1,,0,0,Canterbury Region,Nil,2-way,Sealed,0,0,0,0,50,0,Null,1,0,,60,Christchurch City,Unknown,0,0,0,0,0,0,Urban,0,0,0,Fine,Null
1879633,5825191,3059,,538201,0,,0,2,,East,2009/2010,DIVE CRESCENT,THE STRAND,,Non-Injury Crash,No,2009,,South,,0,,Flat,,,,,,Bright sun,1163100,0,0,0,2,,,0,,,,,,Bay of Plenty Region,Nil,2-way,Sealed,,0,0,,50,,Off,0,0,,23,Tauranga City,Nil,,,,,0,0,Urban,0,,,Fine,Null
1729450,6027008,3060,,501811,0,0,0,1,0,Null,2009/2010,SH 1N,SH 15A,,Non-Injury Crash,Yes,2009,0,South,0,0,1,Flat,0,,0,,0,Overcast,78601,0,0,0,1,0,0,0,1,0,,0,0,Northland Region,Nil,2-way,Sealed,0,0,0,0,100,0,Off,0,0,,2,Whangarei District,Give way,0,0,0,0,0,0,Open,0,0,0,Light rain,Null
1763995,5912050,3061,,520500,0,,0,2,,Null,2009/2010,MOUNT WELLINGTON HIGHWAY,VESTEY DRIVE,,Non-Injury Crash,No,2009,,North,,0,,Flat,,,,,,Bright sun,637900,0,0,0,6,,,0,,,,,,Auckland Region,Nil,2-way,Sealed,,0,0,,50,,Null,0,0,,76,Auckland,Give way,,,,,0,0,Urban,0,,,Fine,Null
1764422,5904433,3062,,522100,0,,0,2,,Null,2009/2010,WYLLIE ROAD,PUHINUI ROAD,,Non-Injury Crash,No,2009,,South,,0,,Flat,,,,,,Bright sun,659200,0,0,0,1,,,0,,,,,,Auckland Region,Nil,2-way,Sealed,,0,0,,50,,Off,0,0,,76,Auckland,Traffic Signals,,,,,0,0,Urban,0,,,Fine,Null
1747296,5919581,3063,,512402,0,,0,1,,East,2009/2010,TE ATATU OFF WBD,TE ATATU ROAD,,Non-Injury Crash,No,2009,,East,,0,,Flat,,,,,,Bright sun,253700,0,0,0,1,,,0,,,,,,Auckland Region,Motorway ramp,1-way,Sealed,,0,0,,50,,Null,0,0,,76,Auckland,Give way,,,,,0,0,Urban,1,,,Fine,Null
1772541,5901515,3064,,523813,0,,0,0,,Null,2009/2010,MILL ROAD,ALFRISTON ROAD,,Non-Injury Crash,No,2009,,North,,0,,Flat,,,,,,Bright sun,761000,0,0,0,2,,,0,,,,,,Auckland Region,Nil,2-way,Sealed,,0,0,,80,,Off,1,0,,76,Auckland,Give way,,,,,1,0,Open,0,,,Fine,Null
1746055,5423779,3065,,577700,0,,0,2,,Null,2008/2009,Z REFUSE STATION,LANDFILL ROAD,,Non-Injury Crash,No,2009,,West,,0,,Flat,,Christmas New Year,,,,Overcast,2187101,0,0,0,1,,,0,,,,,,Wellington Region,Nil,Off road,Sealed,,0,0,,20,,Null,0,0,,47,Wellington City,Nil,,,,,0,0,Urban,0,,,Fine,Null
1768863,5898934,3066,,525102,0,0,0,2,0,Null,2009/2010,ROSEANNE ROAD,MCQUARRIE AVENUE,,Non-Injury Crash,No,2009,0,East,0,0,0,Flat,0,,0,,0,Dark,768900,0,0,0,2,0,0,0,0,1,,0,0,Auckland Region,Nil,2-way,Sealed,0,0,0,0,50,0,On,0,0,,76,Auckland,Nil,0,0,0,0,0,0,Urban,0,0,0,Fine,Null
1792417,5778179,3067,,531301,0,0,0,1,0,North,2009/2010,SH 31,OWAIKURA ROAD,,Non-Injury Crash,Yes,2009,0,North,0,0,0,Flat,0,,0,,0,Dark,994800,0,0,0,2,0,0,0,1,0,,0,0,Waikato Region,Nil,2-way,Sealed,0,0,0,0,100,0,None,0,0,,18,Ōtorohanga District,Nil,0,0,0,0,0,0,Open,0,0,0,Light rain,Null
1950699,5790782,3068,,542440,0,,0,1,,Null,2009/2010,GOULSTONE ROAD,COMMERCE STREET,,Non-Injury Crash,No,2009,,South,,0,,Hill Road,,,,,,Bright sun,1306000,0,0,0,2,,,0,,,,,,Bay of Plenty Region,Nil,2-way,Sealed,,0,0,,50,,Off,1,0,,25,Whakatane District,Give way,,,,,0,0,Urban,0,,,Fine,Null
1757826,5915936,3069,,515801,0,,0,2,,Null,2009/2010,KING GEORGE AVENUE,THE DRIVE,,Non-Injury Crash,No,2009,,East,,0,,Flat,,,,,,Bright sun,446700,0,0,0,2,,,0,,,,,,Auckland Region,Nil,2-way,Sealed,,0,0,,50,,Off,0,0,,76,Auckland,Stop,,,,,0,0,Urban,0,,,Fine,Null
1756835,5920777,3070,,514102,0,,0,2,,West,2008/2009,FANSHAWE ST,NELSON ST,,Non-Injury Crash,No,2009,,West,,0,,Flat,,,,,,Dark,432603,0,0,0,3,,,0,,,,,,Auckland Region,Nil,2-way,Sealed,,0,0,,50,,On,0,0,,76,Auckland,Traffic Signals,,,,,0,0,Urban,0,,,Light rain,Null
1755118,5930432,3071,,508520,0,0,0,2,0,West,2009/2010,COCKAYNE CRESCENT,KAPITI PLACE,,Non-Injury Crash,No,2009,0,South,0,0,0,Flat,0,,0,,0,Dark,192600,0,0,0,2,0,0,0,0,1,,0,0,Auckland Region,Nil,2-way,Sealed,0,0,0,0,50,0,On,0,0,,76,Auckland,Unknown,0,0,0,0,0,0,Urban,0,0,0,Fine,Null
1773935,5472554,3072,,563703,0,0,0,1,0,South,2008/2009,SH 1N,TE MOANA ROAD,,Non-Injury Crash,Yes,2009,0,North,0,0,0,Flat,0,,0,,0,Overcast,1876400,0,0,0,2,0,1,0,0,0,,0,0,Wellington Region,Nil,2-way,Sealed,0,0,0,0,70,0,Null,0,0,,43,Kapiti Coast District,Nil,0,0,0,1,0,0,Urban,0,0,0,Fine,Null
1755606,5921339,3073,,515202,0,0,0,1,0,South,2009/2010,SH 1N,SHELLY BEACH OBR,,Non-Injury Crash,Yes,2009,0,North,0,0,0,Flat,1,Labour Weekend,0,,0,Dark,425600,0,0,0,4,0,0,0,0,0,,0,0,Auckland Region,Nil,1-way,Sealed,0,0,0,0,80,0,On,0,0,,76,Auckland,Nil,0,0,0,0,0,0,Open,0,0,0,Light rain,Null
1903558,5566694,3074,,549500,0,0,0,2,0,West,2008/2009,SH 2,PORANGAHAU ROAD,,Non-Injury Crash,Yes,2009,0,West,0,0,0,Flat,0,,0,,0,Bright sun,1520900,0,0,0,2,0,0,0,0,1,,0,0,Hawke's Bay Region,Nil,2-way,Sealed,0,0,0,0,50,0,Null,0,0,,32,Central Hawke's Bay District,Nil,0,0,0,0,0,0,Urban,0,0,0,Fine,Null
1748689,5427808,3075,,573000,0,,0,2,,South,2008/2009,WILLIS ST,CHEWS LANE,,Non-Injury Crash,No,2009,,North,,0,,Flat,,,,,,Overcast,2127400,0,0,0,2,,,0,,,,,,Wellington Region,Nil,2-way,Sealed,,0,0,,30,,Null,0,0,,47,Wellington City,Nil,,,,,0,0,Urban,0,,,Light rain,Null
1678416,5404307,3076,,581210,0,,0,2,,South,2008/2009,BOYCE ST,SH 6,,Non-Injury Crash,No,2009,,South,,0,,Flat,,,,,,Bright sun,2297000,0,0,0,2,,,0,,,,,,Marlborough Region,Nil,2-way,Sealed,,0,0,,50,,Null,0,0,,53,Marlborough District,Nil,,,,,0,0,Urban,0,,,Fine,Null
1764837,5905776,3077,,522202,0,0,0,2,0,Null,2009/2010,ST GEORGE ST,RANGITOTO ROAD,,Non-Injury Crash,No,2009,0,East,0,0,0,Flat,0,,0,,0,Bright sun,663300,0,0,0,2,0,0,0,0,1,,0,0,Auckland Region,Nil,2-way,Sealed,0,0,0,0,50,0,Off,0,0,,76,Auckland,Nil,0,0,0,0,0,0,Urban,0,0,0,Fine,Null
1831566,5583993,3078,,559220,0,,0,3,,West,2008/2009,SH 1N,ONSLOW ST EAST,,Non-Injury Crash,Yes,2009,,East,,0,,Flat,,Easter,,,,Bright sun,1748400,0,0,0,2,,,0,,,,,,Manawatū-Whanganui Region,Nil,2-way,Sealed,,0,0,,100,,Null,0,0,,38,Rangitikei District,Nil,,,,,0,0,Open,0,,,Fine,Null
1718458,6044995,3079,,502900,0,,0,2,,West,2009/2010,MAUNU ROAD,NORTH ST,,Non-Injury Crash,No,2009,,West,,0,,Flat,,,,,,Overcast,103500,0,0,0,6,,,0,,,,,,Northland Region,Nil,2-way,Sealed,,0,0,,50,,Off,0,0,,2,Whangarei District,Traffic Signals,,,,,0,0,Urban,0,,,Null,Null
1757095,5919440,3080,,514200,0,,0,2,,Null,2009/2010,KARANGAHAPE ROAD,LIVERPOOL ST,,Non-Injury Crash,No,2009,,West,,0,,Flat,,,,,,Bright sun,412301,0,0,0,4,,,0,,,,,,Auckland Region,Nil,2-way,Sealed,,0,0,,50,,Null,0,0,,76,Auckland,Traffic Signals,,,,,0,0,Urban,0,,,Fine,Null
1760704,5916340,3081,,516003,0,,0,2,,East,2009/2010,GREEN LANE EAST,PEACH PARADE,,Non-Injury Crash,No,2009,,West,,0,,Flat,,,,,,Dark,494400,0,0,0,4,,,0,,,,,,Auckland Region,Nil,2-way,Sealed,,0,0,,50,,On,0,0,,76,Auckland,Nil,,,,,0,0,Urban,0,,,Light rain,Null
1857276,5803546,3082,,535231,0,0,0,1,0,South,2009/2010,SH 29,SUMMIT LOOKOUT,,Non-Injury Crash,Yes,2009,0,East,0,0,0,Hill Road,1,,0,,0,Bright sun,1114500,0,0,0,3,0,0,0,0,0,,0,0,Waikato Region,Nil,2-way,Sealed,0,0,0,0,100,0,Null,0,0,,15,Matamata-Piako District,Unknown,0,0,0,0,0,0,Open,0,0,0,Light rain,Null
1570157,5179162,3083,,591500,0,,0,2,,Null,2009/2010,MOORHOUSE AVENUE,MONTREAL ST,,Non-Injury Crash,No,2009,,East,,0,,Flat,,,,,,Bright sun,2648900,0,0,0,6,,,0,,,,,,Canterbury Region,Nil,2-way,Sealed,,0,0,,50,,Null,0,0,,60,Christchurch City,Traffic Signals,,,,,0,0,Urban,0,,,Fine,Null
1896781,5812784,3084,,536653,0,0,0,1,0,North,2009/2010,PAH ROAD,TE PUKE HIGHWAY,,Non-Injury Crash,No,2009,0,North,1,0,0,Flat,0,,0,,0,Overcast,1209300,0,0,0,2,0,0,0,0,0,,0,0,Bay of Plenty Region,Nil,2-way,Sealed,0,0,0,0,100,0,Null,0,0,,22,Western Bay of Plenty District,Unknown,0,0,0,0,0,0,Open,0,0,0,Fine,Null
1755223,5914469,3085,,518500,0,,0,2,,North,2009/2010,DOMINION ROAD,JASPER AVENUE,,Non-Injury Crash,No,2009,,North,,0,,Flat,,,,,,Dark,560800,0,0,0,2,,,0,,,,,,Auckland Region,Nil,2-way,Sealed,,0,0,,50,,On,0,0,,76,Auckland,Nil,,,,,0,0,Urban,0,,,Light rain,Null
1748452,5429090,3086,,572900,0,,0,3,,Null,2008/2009,TINAKORI ROAD,HARRIETT ST,,Non-Injury Crash,No,2009,,South,,0,,Flat,,,,,,Twilight,2123100,0,0,0,4,,,0,,,,,,Wellington Region,Nil,2-way,Sealed,,0,0,,50,,On,0,1,,47,Wellington City,Traffic Signals,,,,,0,0,Urban,0,,,Fine,Null
1691416,5673934,3087,,551700,0,,0,1,,Null,2008/2009,WAIMEA ST,WILTON ST,,Non-Injury Crash,No,2009,,South,,0,,Flat,,,,,,Bright sun,1576301,0,0,0,2,,,0,,,,,,Taranaki Region,Nil,2-way,Sealed,,0,0,,50,,Null,1,0,,33,New Plymouth District,Nil,,,,,0,0,Urban,0,,,Fine,Null
1757025,5919442,3088,,514103,0,,1,1,,Null,2008/2009,KARANGAHAPE ROAD,QUEEN ST,,Non-Injury Crash,No,2009,,West,,0,,Flat,,,,,,Bright sun,436401,0,0,0,2,,,0,,,,,,Auckland Region,Nil,2-way,Sealed,,0,0,,50,,Off,0,0,,76,Auckland,Give way,,,,,0,0,Urban,0,,,Null,Null
1747592.9222,5872869.5606,3089,45,521153,0,,0,1,,West,2009/2010,KARIOITAHI ROAD,KOHEKOHE-KARIOITAHI ROAD,,Non-Injury Crash,No,2009,,West,,0,,Hill Road,,,,,,Overcast,831601,0,0,0,2,,,0,,,,,,Waikato Region,Nil,2-way,Sealed,,0,0,,100,,None,0,0,,13,Waikato District,Nil,,,,,0,0,Open,0,,,Fine,Null
1749265,5971083,3090,,505500,0,0,0,1,1,East,2009/2010,SANDSPIT ROAD,MATAKANA ROAD,,Non-Injury Crash,No,2009,0,East,0,0,0,Hill Road,0,,0,,0,Dark,139800,0,0,0,2,0,0,0,0,0,,0,0,Auckland Region,Nil,2-way,Sealed,0,0,0,0,80,0,None,0,0,,76,Auckland,Nil,0,0,0,0,0,0,Open,0,0,0,Heavy rain,Null
1748244,5914012,3091,,511700,0,,0,2,,East,2009/2010,GREAT NORTH ROAD,WEST COAST ROAD,,Non-Injury Crash,No,2009,,West,,0,,Flat,,,,,,Bright sun,270201,0,0,0,5,,,0,,,,,,Auckland Region,Nil,2-way,Sealed,,0,0,,50,,Off,0,0,,76,Auckland,Traffic Signals,,,,,0,0,Urban,0,,,Fine,Null
1925551,5603217,3092,,545842,0,0,0,1,0,Null,2008/2009,MARAEKAKAHO ROAD,LONGLANDS ROAD WEST,,Non-Injury Crash,Yes,2009,0,East,0,0,0,Flat,0,,0,,0,Overcast,1470214,0,0,0,2,0,0,0,0,0,,0,0,Hawke's Bay Region,Nil,2-way,Sealed,0,0,0,0,100,0,Null,0,0,,30,Hastings District,Give way,1,1,0,0,0,0,Open,0,0,0,Mist or Fog,Null
1570098,5180518,3093,,591600,0,,0,2,,Null,2008/2009,CRANMER SQUARE,CHESTER ST WEST,,Non-Injury Crash,No,2009,,North,,0,,Flat,,,,,,Bright sun,2677200,0,0,0,2,,,0,,,,,,Canterbury Region,Nil,1-way,Sealed,,0,0,,50,,Null,1,0,,60,Christchurch City,Give way,,,,,0,0,Urban,1,,,Fine,Null
1814843,5808346,3094,,527133,0,0,0,0,0,East,2009/2010,BRUNTWOOD ROAD,PEAKE ROAD,,Non-Injury Crash,No,2009,0,West,0,0,1,Flat,0,,0,,0,Dark,959600,0,0,0,2,0,0,0,0,0,,0,0,Waikato Region,Nil,2-way,Sealed,0,0,0,0,100,0,None,0,0,,17,Waipa District,Nil,0,0,0,0,0,0,Open,1,0,0,Light rain,Null
1874387,5806434,3095,,536630,0,0,0,1,1,South,2009/2010,SH 36,TAUMATA ROAD,,Non-Injury Crash,Yes,2009,0,North,0,0,0,Hill Road,0,,0,,0,Bright sun,1192604,0,0,0,2,0,0,0,0,0,,0,0,Bay of Plenty Region,Nil,2-way,Sealed,0,0,0,0,100,0,Null,0,0,,22,Western Bay of Plenty District,Unknown,0,0,0,0,0,0,Open,0,0,0,Light rain,Null
1785418,5448727,3096,,567901,0,0,0,0,0,East,2008/2009,SH 2,KAITOKE WATERWORKS ROAD,,Non-Injury Crash,Yes,2009,0,South,1,0,0,Flat,0,,0,,0,Overcast,1916100,0,0,0,2,0,0,0,0,0,,0,0,Wellington Region,Nil,2-way,Sealed,0,0,0,0,100,0,Null,1,0,,45,Upper Hutt City,Nil,0,0,0,0,0,0,Open,0,0,0,Fine,Null
1873937,5819041,3097,,537601,0,0,0,1,0,East,2008/2009,SH 29,TAKITIMU DRIVE,,Non-Injury Crash,Yes,2009,0,East,0,0,0,Flat,0,,0,,0,Bright sun,1175202,0,0,0,2,0,0,0,0,0,,0,0,Bay of Plenty Region,Nil,2-way,Sealed,0,0,0,0,100,0,Null,0,0,,23,Tauranga City,Nil,1,0,0,0,1,0,Open,0,0,0,Null,Frost
1750417,5424247,3098,,576901,0,,0,1,,South,2008/2009,MAHORA ST,RONGOTAI ROAD,,Non-Injury Crash,No,2009,,North,,0,,Flat,,,,,,Overcast,2178200,0,0,0,2,,,0,,,,,,Wellington Region,Nil,2-way,Sealed,,0,0,,50,,Null,0,0,,47,Wellington City,Nil,,,,,0,0,Urban,1,,,Fine,Null
1842715,5531188,3099,,550500,0,0,0,1,0,East,2008/2009,SH 3,HAMPSON ST,,Non-Injury Crash,Yes,2009,1,West,0,0,0,Flat,0,Christmas New Year,0,,0,Bright sun,1541200,0,0,0,2,0,0,0,0,0,,0,0,Manawatū-Whanganui Region,Nil,2-way,Sealed,0,0,0,0,100,0,Null,1,0,,41,Tararua District,Nil,0,0,0,0,0,0,Open,0,0,0,Fine,Null
1781431,5872121,3100,,521135,0,0,0,1,0,Null,2008/2009,RIVERBANK ROAD,ROOSE ROAD,,Non-Injury Crash,No,2009,0,West,0,0,0,Flat,0,,0,,0,Dark,843000,0,0,0,2,0,0,0,0,1,,0,0,Waikato Region,Nil,2-way,Sealed,0,0,0,0,50,0,On,0,0,,13,Waikato District,Nil,0,0,0,0,0,0,Urban,1,0,0,Fine,Null
1822933,5538444,3101,,560301,0,0,0,1,0,North,2008/2009,CAMPBELL ROAD,DIXONS LINE,,Non-Injury Crash,No,2009,0,North,1,0,0,Flat,0,,0,,0,Bright sun,1760101,0,0,0,2,0,0,0,0,0,,0,0,Manawatū-Whanganui Region,Nil,2-way,Sealed,0,0,0,0,100,0,Null,0,0,,40,Palmerston North City,Nil,0,0,0,0,0,0,Open,0,0,0,Fine,Null
1749602,5426104,3102,,573400,0,,0,1,,East,2008/2009,SH 1N,WEST PORTAL,,Non-Injury Crash,Yes,2009,,East,,0,,Flat,,,,,,Twilight,2143300,0,0,0,2,,,0,,,,,,Wellington Region,Nil,2-way,Sealed,,0,0,,50,,On,1,0,,47,Wellington City,Nil,,,,,0,0,Urban,0,,,Fine,Null
1803529,5550578,3103,,558900,0,0,0,1,0,East,2009/2010,WATSON ST,SH 1N,,Non-Injury Crash,No,2009,0,East,1,0,0,Flat,0,,0,,0,Dark,1744100,0,0,0,2,0,0,0,0,0,,0,0,Manawatū-Whanganui Region,Nil,2-way,Sealed,0,0,0,0,50,0,On,0,0,,38,Rangitikei District,Nil,0,0,0,0,0,0,Urban,0,0,0,Light rain,Null
1752649,5918057,3104,,515003,0,,0,1,,East,2009/2010,SH 16,CARRINGTON OBR,,Non-Injury Crash,Yes,2009,,West,,0,,Flat,,,,,,Bright sun,390600,0,0,0,3,,,0,,,,,,Auckland Region,Nil,1-way,Sealed,,0,0,,100,,Off,1,0,,76,Auckland,Nil,,,,,0,0,Open,0,,,Fine,Null