X,Y,OBJECTID,advisorySpeed,areaUnitID,bicycle,bridge,bus,carStationWagon,cliffBank,crashDirectionDescription,crashFinancialYear,crashLocation1,crashLocation2,crashRoadSideRoad,crashSeverity,crashSHDescription,crashYear,debris,directionRoleDescription,ditch,fatalCount,fence,flatHill,guardRail,holiday,houseOrBuilding,intersection,kerb,light,meshblockId,minorInjuryCount,moped,motorcycle,NumberOfLanes,objectThrownOrDropped,otherObject,otherVehicleType,overBank,parkedVehicle,pedestrian,phoneBoxEtc,postOrPole,region,roadCharacter,roadLane,roadSurface,roadworks,schoolBus,seriousInjuryCount,slipOrFlood,speedLimit,strayAnimal,streetLight,suv,taxi,temporarySpeedLimit,tlaId,tlaName,trafficControl,trafficIsland,trafficSign,train,tree,truck,unknownVehicleType,urban,vanOrUtility,vehicle,waterRiver,weatherA,weatherB
1873235,5781886,3105,,538863,0,0,0,0,1,West,2008/2009,SH 5,DALBETH ROAD,,Non-Injury Crash,Yes,2009,0,West,0,0,0,Hill Road,0,,0,,0,Bright sun,1265501,0,0,0,2,0,0,0,0,0,,0,0,Bay of Plenty Region,Nil,2-way,Sealed,0,0,0,0,100,0,None,0,0,,24,Rotorua District,Nil,0,0,0,0,0,0,Open,1,0,0,Fine,Frost
1718577,6034239,3106,,501809,0,,0,2,,North,2009/2010,SH 1N,MANGAPAI ROAD,,Non-Injury Crash,Yes,2009,,South,,0,,Flat,,,,,,Bright sun,74900,0,0,0,1,,,0,,,,,,Northland Region,Nil,2-way,Sealed,,0,0,,100,,None,0,0,,2,Whangarei District,Nil,,,,,0,0,Open,0,,,Fine,Null
1754536,5915668,3107,,517702,0,0,0,1,0,Null,2008/2009,HAVERSTOCK ROAD,DUNCAN AVENUE,,Non-Injury Crash,No,2009,0,South,0,0,0,Hill Road,0,Queens Birthday,0,,0,Dark,541000,0,0,0,2,0,0,0,0,0,,0,1,Auckland Region,Nil,2-way,Sealed,0,0,0,0,50,0,On,0,0,,76,Auckland,Give way,0,0,0,0,0,0,Urban,0,0,0,Fine,Null
1745306,5919752,3108,,513301,0,,0,2,,Null,2009/2010,LINCOLN ROAD,UNIVERSAL DRIVE,,Non-Injury Crash,No,2009,,North,,0,,Flat,,,,,,Overcast,232001,0,0,0,4,,,0,,,,,,Auckland Region,Nil,2-way,Sealed,,0,0,,50,,Off,0,0,,76,Auckland,Traffic Signals,,,,,0,0,Urban,0,,,Light rain,Null
1754254,5918542,3109,,515431,0,,0,2,,Null,2008/2009,GREAT NORTH ROAD,BULLOCK TRACK,,Non-Injury Crash,No,2009,,East,,0,,Flat,,,,,,Dark,405000,0,0,0,4,,,0,,,,,,Auckland Region,Nil,2-way,Sealed,,0,0,,50,,On,0,0,,76,Auckland,Give way,,,,,0,0,Urban,0,,,Fine,Null
1768675,5902971,3110,,524602,0,,0,2,,South,2009/2010,SH 1N,MANUKAU OFF NBD,,Non-Injury Crash,Yes,2009,,North,,0,,Hill Road,,,,,,Overcast,780509,0,0,0,3,,,0,,,,,,Auckland Region,Nil,1-way,Sealed,,0,0,,80,,Null,0,0,,76,Auckland,Unknown,,,,,0,0,Open,0,,,Heavy rain,Null
1763159,5908083,3111,,524402,0,,0,2,,Null,2008/2009,MASSEY ROAD,EWART ROAD,,Non-Injury Crash,No,2009,,North,,0,,Flat,,,,,,Dark,750000,0,0,0,4,,,0,,,,,,Auckland Region,Nil,2-way,Sealed,,0,0,,50,,On,0,0,,76,Auckland,Give way,,,,,0,0,Urban,0,,,Fine,Null
1876091,5822876,3112,,537302,0,,0,1,,Null,2009/2010,CAMBRIDGE ROAD,CAMBRIDGE OFF WBD,,Non-Injury Crash,No,2009,,North,,0,,Flat,,,,,,Overcast,1161512,0,0,0,2,,,0,,,,,,Bay of Plenty Region,Nil,2-way,Sealed,,0,0,,50,,Null,0,0,,23,Tauranga City,Stop,,,,,0,0,Urban,1,,,Fine,Null
1748879,5428425,3113,,573000,0,0,0,2,0,South,2008/2009,FEATHERSTON ST,BALLANCE ST,,Non-Injury Crash,No,2009,0,South,0,0,0,Flat,0,,0,,0,Bright sun,2125200,0,0,0,2,0,0,0,0,1,,0,0,Wellington Region,Nil,2-way,Sealed,0,0,0,0,50,0,Null,0,0,,47,Wellington City,Nil,0,1,0,0,0,0,Urban,0,0,0,Fine,Null
1798475,5814523,3114,,529000,0,,0,2,,Null,2009/2010,KILLARNEY ROAD,LYON ST,,Non-Injury Crash,No,2009,,West,,0,,Flat,,,,,,Bright sun,918000,0,0,0,2,,,0,,,,,,Waikato Region,Nil,2-way,Sealed,,0,0,,50,,Null,0,0,,16,Hamilton City,Give way,,,,,0,0,Urban,0,,,Fine,Null
1750907,5950109,3115,,505805,0,0,0,4,0,East,2009/2010,WEST HOE ROAD,WEST HOE HEIGHTS,,Non-Injury Crash,No,2009,0,West,0,0,0,Flat,0,,0,,0,Bright sun,171709,0,0,0,2,0,0,0,0,1,,0,0,Auckland Region,Nil,2-way,Sealed,0,0,0,0,60,0,Off,0,0,,76,Auckland,Nil,0,0,0,0,1,0,Urban,0,0,0,Fine,Null
1574033,5179517,3116,,593700,0,,0,2,,Null,2008/2009,LINWOOD AVENUE,HAY ST,,Non-Injury Crash,No,2009,,East,,0,,Flat,,,,,,Dark,2566900,0,0,0,2,,,0,,,,,,Canterbury Region,Nil,2-way,Sealed,,0,0,,60,,On,0,0,,60,Christchurch City,Give way,,,,,0,0,Urban,0,,,Fine,Null
1755786,5928200,3117,,507900,0,,0,2,,Null,2009/2010,WAIRAU ROAD,PORANA ROAD,,Non-Injury Crash,No,2009,,North,,0,,Flat,,,,,,Dark,305201,0,0,0,4,,,0,,,,,,Auckland Region,Nil,2-way,Sealed,,0,0,,50,,On,0,0,,76,Auckland,Traffic Signals,,,,,0,0,Urban,0,,,Fine,Null
1768079,5904355,3118,,523820,0,,0,2,,Null,2009/2010,REDOUBT ROAD,MANUKAU ON SBD,,Non-Injury Crash,No,2009,,West,,0,,Flat,,,,,,Overcast,759901,0,0,0,2,,,0,,,,,,Auckland Region,Nil,2-way,Sealed,,0,0,,50,,Off,0,0,,76,Auckland,Traffic Signals,,,,,0,0,Urban,0,,,Light rain,Null
1757607,5918406,3119,,514302,0,,0,2,,North,2009/2010,SH 1N,KHYBER PASS ON SBD,,Non-Injury Crash,Yes,2009,,South,,0,,Flat,,,,,,Bright sun,442100,0,0,0,4,,,0,,,,,,Auckland Region,Bridge,1-way,Sealed,,0,0,,80,,Off,0,0,,76,Auckland,Nil,,,,,1,0,Open,0,,,Fine,Null
1885252,5773655,3120,,540420,0,,0,0,,East,2009/2010,SH 30A,FENTON ST,,Non-Injury Crash,Yes,2009,,West,,0,,Flat,,,,,,Bright sun,1236600,0,0,0,2,,,0,,,,,,Bay of Plenty Region,Nil,2-way,Sealed,,0,0,,50,,Off,0,0,,24,Rotorua District,Nil,,,,,2,0,Urban,0,,,Fine,Null
1745854,5907687,3121,,512801,0,,0,2,,North,2009/2010,LAINGHOLM DRIVE,WARNER PARK AVENUE,,Non-Injury Crash,No,2009,,North,,0,,Flat,,,,,,Dark,302104,0,0,0,2,,,0,,,,,,Auckland Region,Nil,2-way,Sealed,,0,0,,50,,On,0,0,,76,Auckland,Nil,,,,,0,0,Urban,0,,,Fine,Null
1771986,5890172,3122,,521203,0,0,0,2,0,Null,2009/2010,SH 22,JESMOND ROAD,,Non-Injury Crash,Yes,2009,0,East,0,0,1,Hill Road,0,,0,,0,Overcast,807400,0,0,0,3,0,0,0,0,0,,0,0,Auckland Region,Nil,2-way,Sealed,0,0,0,0,100,0,Off,0,0,,76,Auckland,Nil,0,0,0,0,0,0,Open,0,0,0,Fine,Null
1691111,5672913,3123,,551600,0,,0,2,,Null,2008/2009,TUKAPA ST,COWLING ROAD,,Non-Injury Crash,No,2009,,North,,0,,Hill Road,,,,,,Overcast,1577900,0,0,0,2,,,0,,,,,,Taranaki Region,Nil,2-way,Sealed,,0,0,,50,,Null,0,0,,33,New Plymouth District,Give way,,,,,0,0,Urban,0,,,Light rain,Null
1744893,5921153,3124,,513632,0,,0,3,,Null,2009/2010,TRIANGLE ROAD,WAIMUMU ROAD,,Non-Injury Crash,No,2009,,North,,0,,Hill Road,,,,,,Dark,228702,0,0,0,3,,,0,,,,,,Auckland Region,Nil,2-way,Sealed,,0,0,,50,,On,0,0,,76,Auckland,Give way,,,,,0,0,Urban,0,,,Fine,Null
1789210,5740151,3125,,531800,0,0,0,1,0,North,2009/2010,SH 4,TIKITIKI ROAD,,Non-Injury Crash,Yes,2009,0,North,1,0,1,Flat,0,,0,,0,Overcast,1011602,0,0,0,2,0,0,0,0,0,,0,0,Waikato Region,Nil,2-way,Sealed,0,0,0,0,100,0,Null,0,0,,20,Waitomo District,Unknown,0,0,0,0,0,0,Open,0,0,0,Mist or Fog,Null
1621532,5429999,3126,,583100,0,0,0,1,0,South,2009/2010,PRINCES DRIVE,MOANA AVENUE,,Non-Injury Crash,No,2009,0,North,0,0,0,Hill Road,0,,0,,0,Overcast,2334702,0,0,0,2,0,0,0,0,0,,0,0,Nelson Region,Nil,2-way,Sealed,0,0,0,0,50,0,Null,0,0,,52,Nelson City,Nil,0,0,0,1,0,0,Urban,0,0,0,Fine,Null
1748659,5914536,3127,,511302,0,,0,2,,Null,2009/2010,RIMU ST,COPLEY ST,,Non-Injury Crash,No,2009,,West,,0,,Flat,,,,,,Overcast,268000,0,0,0,2,,,0,,,,,,Auckland Region,Nil,2-way,Sealed,,0,0,,50,,Off,0,0,,76,Auckland,Nil,,,,,0,0,Urban,0,,,Light rain,Null
1939798,5795929,3128,,542530,0,,0,2,,Null,2008/2009,THORNTON ROAD,WEST BANK ROAD,,Non-Injury Crash,No,2009,,North,,0,,Flat,,,,,,Overcast,1321900,0,0,0,2,,,0,,,,,,Bay of Plenty Region,Nil,2-way,Sealed,,0,0,,100,,Null,0,0,,25,Whakatane District,Stop,,,,,0,0,Open,0,,,Fine,Null
1823485,5528918,3129,,563200,0,0,0,2,0,Null,2008/2009,ALBERT ST,WINSTON AVENUE,,Non-Injury Crash,No,2009,0,North,0,0,0,Flat,0,,0,,0,Dark,1848300,0,0,0,2,0,0,0,0,1,,0,0,Manawatū-Whanganui Region,Nil,2-way,Sealed,0,0,0,0,50,0,On,0,0,,40,Palmerston North City,Nil,0,0,0,0,0,0,Urban,0,0,0,Fine,Null
1818199,5544477,3130,,560720,0,,0,1,,Null,2009/2010,CHURCH ST,GREY ST,,Non-Injury Crash,No,2009,,North,,0,,Flat,,,,,,Dark,1765400,0,0,0,2,,,0,,,,,,Manawatū-Whanganui Region,Nil,2-way,Sealed,,0,0,,50,,On,0,0,,39,Manawatu District,Give way,,,,,0,0,Urban,1,,,Fine,Null
1694370,5674712,3131,,552200,0,,0,2,,North,2008/2009,SH 3,CUMBERLAND ST,,Non-Injury Crash,Yes,2009,,North,,0,,Flat,,,,,,Overcast,1601704,0,0,0,2,,,0,,,,,,Taranaki Region,Nil,2-way,Sealed,,0,0,,50,,Null,0,0,,33,New Plymouth District,Nil,,,,,0,0,Urban,0,,,Fine,Null
1805662,5561794,3132,,559230,0,,0,1,,West,2009/2010,CALICO LINE,SH 1N,,Non-Injury Crash,No,2009,,West,,0,,Flat,,,,,,Dark,1731400,0,0,0,2,,,0,,,,,,Manawatū-Whanganui Region,Nil,2-way,Sealed,,0,0,,100,,None,0,0,,38,Rangitikei District,Nil,,,,,0,0,Open,0,,,Fine,Null
1789112,5446599,3133,,579803,0,,0,0,,West,2008/2009,SH 2,TWIN BR,,Non-Injury Crash,Yes,2009,,West,,0,,Hill Road,,,,,,Overcast,2271902,0,0,0,3,,,0,,,,,,Wellington Region,Nil,2-way,Sealed,,0,0,,100,,Null,1,0,,50,South Wairarapa District,Nil,,,,,0,0,Open,0,,,Light rain,Null
1803918,5447453,3134,,579803,0,,0,1,,West,2008/2009,SH 2,GREYTOWN BIDWILLS ROAD,,Non-Injury Crash,Yes,2009,,South,,0,,Flat,,Christmas New Year,,,,Bright sun,2270600,0,0,0,2,,,0,,,,,,Wellington Region,Nil,2-way,Sealed,,0,0,,100,,Null,0,0,,50,South Wairarapa District,Nil,,,,,1,0,Open,0,,,Fine,Null
1296534,4896536,3135,,610033,0,,0,1,,East,2009/2010,BOAG ROAD,SMILLIE ROAD,,Serious Crash,No,2009,,West,,0,,Hill Road,,,,,,Overcast,3003402,0,0,1,1,,,0,,,,,,Southland Region,Nil,2-way,Unsealed,,0,1,,100,,Null,0,0,,74,Gore District,Unknown,,,,,0,0,Open,0,,,Heavy rain,Null
1760869,5436149,3136,,569100,0,0,0,1,0,West,2009/2010,ANDERSON GROVE,WITAKO ST,,Non-Injury Crash,No,2009,0,East,0,0,0,Flat,0,,0,,0,Overcast,1969700,0,0,0,2,0,0,0,0,1,,0,0,Wellington Region,Nil,2-way,Sealed,0,0,0,0,50,0,Null,1,0,,46,Lower Hutt City,Nil,0,0,0,0,0,0,Urban,0,0,0,Fine,Null
1908794,5665707,3137,,545911,0,0,0,0,0,North,2008/2009,SH 5,SUMMIT KIOSK,,Non-Injury Crash,Yes,2009,0,South,0,0,0,Hill Road,0,,0,,0,Dark,1414300,0,0,0,2,0,0,0,0,0,,0,0,Hawke's Bay Region,Nil,2-way,Sealed,0,0,0,0,100,0,None,1,0,,30,Hastings District,Nil,0,0,0,0,0,0,Open,0,0,0,Fine,Null
1748890,5429002,3138,,572900,0,,1,1,,North,2008/2009,MOLESWORTH ST,AITKEN ST,,Non-Injury Crash,No,2009,,North,,0,,Hill Road,,,,,,Overcast,2121400,0,0,0,2,,,0,,,,,,Wellington Region,Nil,2-way,Sealed,,0,0,,50,,Null,0,1,,47,Wellington City,Nil,,,,,0,0,Urban,0,,,Fine,Null
1800763,5817820,3139,,529800,0,,0,2,,Null,2008/2009,HEAPHY TERRACE,CLARKIN ROAD,,Non-Injury Crash,No,2009,,North,,0,,Flat,,,,,,Bright sun,869600,0,0,0,2,,,0,,,,,,Waikato Region,Nil,2-way,Sealed,,0,0,,50,,Null,0,0,,16,Hamilton City,Give way,,,,,0,0,Urban,0,,,Fine,Null
1929400,5738865,3140,,542550,0,0,0,2,0,South,2009/2010,TROUTBECK ROAD,MANGAMATE ROAD,,Non-Injury Crash,No,2009,0,South,0,0,1,Flat,0,,0,,0,Dark,1331700,0,0,0,2,0,0,0,0,0,,0,1,Bay of Plenty Region,Nil,2-way,Sealed,0,0,0,0,100,0,None,0,0,,25,Whakatane District,Unknown,0,0,0,0,0,0,Open,0,0,0,Fine,Null
1768070,5905193,3141,,523722,0,,0,2,,Null,2009/2010,TE IRIRANGI DRIVE,DIORELLA DRIVE,,Non-Injury Crash,No,2009,,West,,0,,Flat,,,,,,Dark,715904,0,0,0,2,,,0,,,,,,Auckland Region,Nil,2-way,Sealed,,0,0,,50,,On,0,0,,76,Auckland,Traffic Signals,,,,,0,0,Urban,0,,,Light rain,Null
2034522,5710173,3142,,544300,0,0,0,2,0,West,2008/2009,GLADSTONE ROAD,ABERDEEN ROAD,,Non-Injury Crash,No,2009,0,West,0,0,0,Flat,0,,0,,0,Bright sun,1365900,0,0,0,2,0,0,0,0,1,,0,0,Gisborne Region,Nil,2-way,Sealed,0,0,0,0,50,0,Null,0,0,,28,Gisborne District,Nil,0,0,0,0,0,0,Urban,0,0,0,Fine,Null
1877767,5822562,3143,,538101,0,0,0,1,0,North,2009/2010,SH 2A,HOWELL PLACE,,Non-Injury Crash,Yes,2009,0,East,0,0,0,Flat,0,,0,,0,Dark,1167804,0,0,0,2,0,0,0,0,0,,0,0,Bay of Plenty Region,Nil,1-way,Sealed,0,0,0,0,80,0,On,0,0,,23,Tauranga City,Nil,0,0,0,0,1,0,Open,0,0,1,Light rain,Null
1752161,5926287,3144,,510220,0,,0,2,,South,2009/2010,SALISBURY ROAD,PARAMU AVENUE,,Non-Injury Crash,No,2009,,South,,0,,Flat,,,,,,Overcast,349300,0,0,0,1,,,0,,,,,,Auckland Region,Nil,2-way,Sealed,,0,0,,50,,None,0,0,,76,Auckland,Nil,,,,,0,0,Urban,0,,,Fine,Null
1768342,5899629,3145,,525101,0,0,0,1,0,Null,2009/2010,COXHEAD ROAD,KOHIWI ROAD,,Non-Injury Crash,No,2009,0,South,0,0,0,Flat,1,Christmas New Year,0,,0,Dark,772802,0,0,0,2,0,0,0,0,0,,0,0,Auckland Region,Nil,2-way,Sealed,0,0,0,0,50,0,On,0,0,,76,Auckland,Nil,0,0,0,0,0,0,Urban,0,0,0,Fine,Null
1748626,5428335,3146,,573000,0,,0,2,,South,2008/2009,THE TERRACE,SHELL LANE,,Non-Injury Crash,No,2009,,South,,0,,Hill Road,,,,,,Bright sun,2124400,0,0,0,2,,,0,,,,,,Wellington Region,Nil,2-way,Sealed,,0,0,,50,,Null,0,0,,47,Wellington City,Nil,,,,,0,0,Urban,0,,,Fine,Null
1849586,5533611,3147,,550200,0,0,0,0,0,North,2009/2010,SH 2,BALL ROAD,,Non-Injury Crash,Yes,2009,0,South,0,0,1,Flat,0,,0,,0,Overcast,1542900,0,0,0,2,0,0,0,0,0,,0,0,Manawatū-Whanganui Region,Nil,2-way,Sealed,0,0,0,0,100,0,Null,1,0,,41,Tararua District,Nil,0,0,0,0,0,0,Open,0,0,0,Light rain,Strong wind
1759779,5436938,3148,,569301,0,,0,2,,South,2008/2009,SH 2,HARBOUR VIEW ROAD,,Non-Injury Crash,Yes,2009,,North,,0,,Flat,,Easter,,,,Overcast,1919900,0,0,0,2,,,0,,,,,,Wellington Region,Nil,2-way,Sealed,,0,0,,100,,Null,0,0,,46,Lower Hutt City,Nil,,,,,0,0,Open,0,,,Fine,Null
1753340,5914253,3149,,514500,0,,0,2,,Null,2008/2009,MAIORO ST,RICHARDSON ROAD,,Non-Injury Crash,No,2009,,East,,0,,Flat,,,,,,Overcast,376800,0,0,0,4,,,0,,,,,,Auckland Region,Nil,2-way,Sealed,,0,0,,50,,On,0,0,,76,Auckland,Traffic Signals,,,,,0,0,Urban,0,,,Fine,Null
1833057,5615715,3150,,559210,0,0,0,1,0,South,2008/2009,SH 1N,DEACONS ROAD,,Non-Injury Crash,Yes,2009,0,North,0,0,0,Flat,1,,0,,0,Overcast,1755702,0,0,0,2,0,0,0,0,0,,0,0,Manawatū-Whanganui Region,Nil,2-way,Sealed,0,0,0,0,100,0,Null,0,0,,38,Rangitikei District,Nil,0,0,0,0,0,0,Open,0,0,0,Fine,Null
1760624,5913678,3151,,519900,0,0,0,1,0,West,2008/2009,WALLATH ROAD,ROCKFIELD ROAD,,Non-Injury Crash,No,2009,0,West,0,0,1,Flat,0,,0,,0,Dark,604400,0,0,0,2,0,0,0,0,0,,0,0,Auckland Region,Nil,2-way,Sealed,0,0,0,0,50,0,On,0,0,,76,Auckland,Unknown,0,0,0,0,0,0,Urban,0,0,0,Fine,Null
1709283,5622893,3152,,553900,0,0,0,0,0,Null,2008/2009,MAWHITIWHITI ROAD,KETEMARAE ROAD,,Non-Injury Crash,No,2009,0,East,0,0,1,Flat,0,,0,,0,Bright sun,1653000,0,0,0,2,0,0,0,0,0,,0,0,Taranaki Region,Nil,2-way,Sealed,0,0,0,0,50,0,Null,1,0,,35,South Taranaki District,Stop,0,0,0,0,1,0,Urban,0,0,0,Fine,Null
1756942,5919170,3153,,514200,0,,0,1,,Null,2009/2010,SH 1N,1 LINK 16,,Non-Injury Crash,Yes,2009,,West,,0,,Flat,,Christmas New Year,,,,Overcast,412302,0,0,0,4,,,0,,,,,,Auckland Region,Nil,1-way,Sealed,,0,0,,80,,Null,0,0,,76,Auckland,Nil,,,,,1,0,Open,0,,,Mist or Fog,Null
1679754,5401940,3154,,581250,0,0,0,1,0,East,2009/2010,CLEGHORN ST,WELD ST,,Non-Injury Crash,No,2009,0,South,0,0,0,Flat,0,,0,,0,Bright sun,2304800,0,0,0,2,0,0,0,0,1,,0,0,Marlborough Region,Nil,2-way,Sealed,0,0,0,0,50,0,Null,1,0,,53,Marlborough District,Nil,0,0,0,0,0,0,Urban,0,0,0,Fine,Null
1758114,5917757,3155,,515700,0,,0,1,,West,2009/2010,GILLIES ON NBD S,GILLIES AVENUE,,Non-Injury Crash,Yes,2009,,West,,0,,Flat,,,,,,Bright sun,443700,0,0,0,2,,,0,,,,,,Auckland Region,Nil,1-way,Sealed,,0,0,,50,,Off,0,0,,76,Auckland,Nil,,,,,1,0,Urban,0,,,Fine,Null
1759791,5907520,3156,,524121,0,,0,1,,North,2009/2010,BADER DRIVE,IDLEWILD AVENUE,,Non-Injury Crash,No,2009,,North,,0,,Flat,,,,,,Overcast,737600,0,0,0,2,,,0,,,,,,Auckland Region,Nil,2-way,Sealed,,0,0,,50,,Null,0,0,,76,Auckland,Traffic Signals,,,,,0,0,Urban,1,,,Fine,Null
1770914,5899665,3157,,523911,0,0,0,1,0,Null,2008/2009,TAKANINI SCHOOL ROAD,SPARTAN ROAD,,Non-Injury Crash,No,2009,0,East,1,0,1,Flat,0,Easter,0,,0,Overcast,767100,0,0,0,2,0,0,0,0,0,,0,0,Auckland Region,Nil,2-way,Sealed,0,0,0,0,70,0,Null,0,0,,76,Auckland,Give way,0,0,0,0,0,0,Urban,0,0,0,Fine,Null
1773642,5579404,3158,,557200,0,0,0,2,0,Null,2009/2010,PARKES AVENUE,CHITTICK PLACE,,Non-Injury Crash,No,2009,0,North,0,0,1,Hill Road,0,,0,,0,Overcast,1706400,0,0,0,2,0,0,0,0,1,,0,0,Manawatū-Whanganui Region,Nil,2-way,Sealed,0,0,0,0,50,0,Null,1,0,,37,Whanganui District,Nil,0,0,0,0,0,0,Urban,0,0,0,Fine,Null
1768732,5468685,3159,,566000,0,,0,2,,North,2008/2009,FACILITY ACCESS,RIMU ROAD,,Non-Injury Crash,No,2009,,East,,0,,Flat,,,,,,Bright sun,2003709,0,0,0,0,,,0,,,,,,Wellington Region,Nil,Off road,Sealed,,0,0,,50,,Null,0,0,,43,Kapiti Coast District,Nil,,,,,0,0,Urban,0,,,Fine,Null
1756179,5917881,3160,,518101,0,0,0,1,0,Null,2009/2010,DOMINION ROAD,VIEW ROAD,,Non-Injury Crash,No,2009,0,West,0,0,0,Flat,0,,0,,0,Bright sun,544900,0,0,0,2,0,0,0,0,1,,0,0,Auckland Region,Nil,2-way,Sealed,0,0,0,0,50,0,Off,0,0,,76,Auckland,Give way,0,0,0,0,0,0,Urban,1,0,0,Null,Null
1768076,5910845,3161,,523112,0,,0,1,,North,2009/2010,CRYERS ROAD,NEALES ROAD,,Non-Injury Crash,No,2009,,North,,0,,Hill Road,,,,,,Twilight,711405,0,0,0,2,,,0,,,,,,Auckland Region,Nil,2-way,Sealed,,0,0,,50,,None,0,0,,76,Auckland,Nil,,,,,1,0,Urban,0,,,Light rain,Null
1701817,5624566,3162,,554130,0,0,0,1,0,South,2009/2010,KATOTAURU ROAD,TEMPSKY ROAD,,Non-Injury Crash,No,2009,0,South,0,0,1,Flat,0,,0,,0,Twilight,1655200,0,0,0,2,0,0,0,0,0,,0,0,Taranaki Region,Nil,2-way,Sealed,0,0,0,0,100,0,None,0,0,,35,South Taranaki District,Nil,0,0,0,1,0,0,Open,0,0,0,Light rain,Frost
1619556,5426419,3163,,583900,0,,0,1,,Null,2008/2009,MAIN ROAD STOKE,SONGER ST,,Non-Injury Crash,No,2009,,South,,0,,Flat,,,,,,Overcast,2342800,0,0,0,2,,,0,,,,,,Nelson Region,Nil,2-way,Sealed,,0,0,,50,,Null,0,0,,52,Nelson City,Traffic Signals,,,,,0,0,Urban,1,,,Fine,Null
1774408,5897680,3164,,525630,0,0,0,1,0,West,2009/2010,OLD WAIROA ROAD,BRIGHTWELL ST,,Non-Injury Crash,No,2009,0,East,0,0,1,Flat,0,,0,,0,Overcast,796000,0,0,0,2,0,0,0,0,0,,0,0,Auckland Region,Nil,2-way,Sealed,0,0,0,0,50,0,None,0,0,,76,Auckland,Nil,0,0,0,0,0,0,Urban,0,0,0,Light rain,Null
1753346,5913700,3165,,518901,0,,0,2,,West,2009/2010,JOHN DAVIS ROAD,WAYNE PLACE,,Non-Injury Crash,No,2009,,South,,0,,Hill Road,,,,,,Overcast,583800,0,0,0,2,,,0,,,,,,Auckland Region,Nil,2-way,Sealed,,0,0,,50,,Off,0,0,,76,Auckland,Nil,,,,,0,0,Urban,0,,,Fine,Null
1596604,5455797,3166,,581832,0,,0,0,,North,2008/2009,SH 60,RIWAKA VALLEY ROAD,,Non-Injury Crash,Yes,2009,,South,,0,,Hill Road,,,,,,Bright sun,2366600,0,0,0,2,,,0,,,,,,Tasman Region,Nil,2-way,Sealed,,0,0,,100,,Null,1,0,,51,Tasman District,Nil,,,,,0,0,Open,1,,,Fine,Null
1758389,5917518,3167,,516001,0,,1,1,,North,2009/2010,BROADWAY,ST MARKS ROAD,,Non-Injury Crash,No,2009,,South,,0,,Flat,,,,,,Overcast,490800,0,0,0,4,,,0,,,,,,Auckland Region,Nil,2-way,Sealed,,0,0,,50,,Off,0,0,,76,Auckland,Nil,,,,,0,0,Urban,0,,,Light rain,Null
1736636,5928972,3168,,505605,0,0,0,1,0,East,2009/2010,TRIGG ROAD,MOTU ROAD,,Non-Injury Crash,No,2009,0,West,1,0,0,Hill Road,0,,0,,0,Dark,215603,0,0,0,2,0,0,0,0,0,,0,0,Auckland Region,Nil,2-way,Unsealed,0,0,0,0,80,0,None,0,0,,76,Auckland,Nil,0,0,0,0,0,0,Open,0,0,0,Fine,Null
1775598,5580234,3169,,557300,0,,0,2,,South,2008/2009,SOMME PARADE,KAIKOKOPU ROAD,,Non-Injury Crash,No,2009,,South,,0,,Flat,,,,,,Overcast,1708600,0,0,0,2,,,0,,,,,,Manawatū-Whanganui Region,Nil,2-way,Sealed,,0,0,,50,,Null,0,1,,37,Whanganui District,Nil,,,,,0,0,Urban,0,,,Fine,Null
1843826,5792036,3170,,535250,0,,0,1,,West,2008/2009,SH 5,HETHERINGTON ROAD,,Non-Injury Crash,Yes,2009,,East,,0,,Flat,,,,,,Overcast,1127300,0,0,0,2,,,0,,,,,,Waikato Region,Nil,2-way,Sealed,,0,0,,100,,Null,0,0,,19,South Waikato District,Unknown,,,,,0,0,Open,0,,,Mist or Fog,Null
1887087,5824214,3171,,536515,0,0,0,1,0,East,2009/2010,PAPAMOA BEACH ROAD,PACIFIC VIEW ROAD,,Non-Injury Crash,No,2009,0,West,0,0,1,Flat,0,,0,,0,Bright sun,1205009,0,0,0,2,0,0,0,0,0,,0,0,Bay of Plenty Region,Nil,2-way,Sealed,0,0,0,0,60,0,Null,0,0,,23,Tauranga City,Unknown,0,1,0,0,0,0,Urban,0,0,0,Fine,Null
1625030,5428558,3172,,583400,0,,0,0,,North,2008/2009,TANTRAGEE ROAD,BROOK ST,,Non-Injury Crash,No,2009,,North,,0,,Flat,,,,,,Bright sun,2332802,0,0,0,2,,,0,,,,,,Nelson Region,Nil,2-way,Unsealed,,0,0,,50,,Null,2,0,,52,Nelson City,Nil,,,,,0,0,Urban,0,,,Fine,Null
1749393,5945781,3173,,505806,0,0,0,1,0,West,2008/2009,HIBISCUS COAST HIGHWAY,EAST COAST ROAD,,Non-Injury Crash,No,2009,0,East,0,0,0,Flat,0,,0,,0,Overcast,176602,0,0,0,2,0,0,0,0,1,,0,0,Auckland Region,Nil,2-way,Sealed,0,0,0,0,80,0,Null,0,0,,76,Auckland,Unknown,0,0,0,0,0,0,Open,1,0,0,Fine,Null
1798786,5814526,3174,,529000,0,,0,1,,East,2009/2010,KILLARNEY ROAD,IRVINE ST,,Non-Injury Crash,No,2009,,East,,0,,Flat,,,,,,Bright sun,918300,0,0,0,2,,,0,,,,,,Waikato Region,Nil,2-way,Sealed,,0,0,,50,,Off,1,0,,16,Hamilton City,Nil,,,,,0,0,Urban,0,,,Fine,Null