X,Y,OBJECTID,advisorySpeed,areaUnitID,bicycle,bridge,bus,carStationWagon,cliffBank,crashDirectionDescription,crashFinancialYear,crashLocation1,crashLocation2,crashRoadSideRoad,crashSeverity,crashSHDescription,crashYear,debris,directionRoleDescription,ditch,fatalCount,fence,flatHill,guardRail,holiday,houseOrBuilding,intersection,kerb,light,meshblockId,minorInjuryCount,moped,motorcycle,NumberOfLanes,objectThrownOrDropped,otherObject,otherVehicleType,overBank,parkedVehicle,pedestrian,phoneBoxEtc,postOrPole,region,roadCharacter,roadLane,roadSurface,roadworks,schoolBus,seriousInjuryCount,slipOrFlood,speedLimit,strayAnimal,streetLight,suv,taxi,temporarySpeedLimit,tlaId,tlaName,trafficControl,trafficIsland,trafficSign,train,tree,truck,unknownVehicleType,urban,vanOrUtility,vehicle,waterRiver,weatherA,weatherB
1756959,5918793,3175,,515600,0,,0,2,,West,2009/2010,NEWTON ROAD,SYMONDS ST,,Non-Injury Crash,No,2009,,East,,0,,Hill Road,,,,,,Bright sun,420600,0,0,0,2,,,0,,,,,,Auckland Region,Nil,2-way,Sealed,,0,0,,50,,Off,0,0,,76,Auckland,Traffic Signals,,,,,0,0,Urban,0,,,Fine,Null
1751038,5437592,3176,,573513,0,0,0,2,0,Null,2008/2009,AMESBURY DRIVE,ERLESTOKE CRESCENT,,Non-Injury Crash,No,2009,0,South,0,0,0,Hill Road,0,,0,,0,Dark,2086722,0,0,0,2,0,0,0,0,1,,0,0,Wellington Region,Nil,2-way,Sealed,0,0,0,0,50,0,On,0,0,,47,Wellington City,Nil,0,0,0,0,0,0,Urban,0,0,0,Light rain,Null
1936102,5619962,3177,,546600,0,0,0,2,0,South,2008/2009,DOUGLAS MCLEAN AVENUE,LATHAM ST,,Non-Injury Crash,No,2009,0,North,0,0,0,Flat,0,,0,,0,Overcast,1435200,0,0,0,2,0,0,0,0,1,,0,0,Hawke's Bay Region,Nil,2-way,Sealed,0,0,0,0,50,0,Null,0,0,,31,Napier City,Nil,0,0,0,0,0,0,Urban,0,0,0,Fine,Null
1882724,5776768,3178,,539200,0,,0,2,,East,2009/2010,KAWAHA POINT ROAD,SH 5,,Non-Injury Crash,No,2009,,West,,0,,Flat,,,,,,Bright sun,1220600,0,0,0,2,,,0,,,,,,Bay of Plenty Region,Nil,2-way,Sealed,,0,0,,50,,Null,0,0,,24,Rotorua District,Stop,,,,,0,0,Urban,0,,,Fine,Null
1820977,5528860,3179,,563000,0,,0,2,,West,2008/2009,CHURCH ST,COOK ST,,Non-Injury Crash,No,2009,,East,,0,,Flat,,,,,,Overcast,1805700,0,0,0,2,,,0,,,,,,Manawatū-Whanganui Region,Nil,2-way,Sealed,,0,0,,50,,Null,0,0,,40,Palmerston North City,Nil,,,,,0,0,Urban,0,,,Heavy rain,Null
1882539,5776306,3180,,539000,0,0,0,1,0,Null,2009/2010,KOKAKO ST,KEA ST,,Non-Injury Crash,No,2009,0,North,0,0,1,Flat,0,,0,,0,Overcast,1220100,0,0,0,2,0,0,0,0,0,,0,0,Bay of Plenty Region,Nil,2-way,Sealed,0,0,0,0,50,0,Null,0,0,,24,Rotorua District,Nil,0,0,0,0,0,0,Urban,0,0,0,Light rain,Null
1801820,5817280,3181,,530000,0,0,0,1,0,South,2009/2010,PEACHGROVE ROAD,MARSHALL ST,,Non-Injury Crash,No,2009,0,North,0,0,0,Flat,0,,0,,0,Dark,864900,0,0,0,2,0,0,0,0,0,,0,0,Waikato Region,Nil,2-way,Sealed,0,0,0,0,50,0,On,0,0,,16,Hamilton City,Nil,1,0,0,0,0,0,Urban,0,0,0,Light rain,Null
1757258,5920071,3182,,514102,0,,0,2,,Null,2009/2010,QUEEN ST,WAKEFIELD ST,,Non-Injury Crash,No,2009,,North,,0,,Flat,,,,,,Dark,435201,0,0,0,4,,,0,,,,,,Auckland Region,Nil,2-way,Sealed,,0,0,,30,,On,0,0,,76,Auckland,Traffic Signals,,,,,0,0,Urban,0,,,Fine,Null
1769929,5909838,3183,,523113,0,,0,2,,South,2009/2010,TE IRIRANGI DRIVE,SMALES ROAD,,Non-Injury Crash,No,2009,,North,,0,,Flat,,,,,,Bright sun,711813,0,0,0,6,,,0,,,,,,Auckland Region,Nil,2-way,Sealed,,0,0,,80,,Null,0,0,,76,Auckland,Traffic Signals,,,,,0,0,Open,0,,,Fine,Null
1719340,6045481,3184,,503100,0,,0,0,,East,2008/2009,WALTON ST,TAREWA ROAD,,Non-Injury Crash,No,2009,,West,,0,,Flat,,,,,,Bright sun,100400,0,0,0,2,,,0,,,,,,Northland Region,Nil,2-way,Sealed,,0,0,,50,,Off,0,0,,2,Whangarei District,Give way,,,,,1,0,Urban,1,,,Null,Null
1756004,5918618,3185,,515500,0,,0,3,,Null,2009/2010,SH 16,NEWTON OFF EBD,,Non-Injury Crash,Yes,2009,,East,,0,,Flat,,,,,,Overcast,418600,0,0,0,5,,,0,,,,,,Auckland Region,Nil,1-way,Sealed,,0,0,,80,,Off,0,0,,76,Auckland,Nil,,,,,0,0,Open,0,,,Light rain,Null
1759652,5924992,3186,,508110,0,,0,2,,Null,2009/2010,LAKE ROAD,SCHOOL ROAD,,Non-Injury Crash,No,2009,,South,,0,,Flat,,,,,,Bright sun,318500,0,0,0,2,,,0,,,,,,Auckland Region,Nil,2-way,Sealed,,0,0,,50,,Off,0,0,,76,Auckland,Give way,,,,,0,0,Urban,0,,,Fine,Null
1789694,5814443,3187,,527913,0,,0,2,,East,2009/2010,SH 23 WHATAWHATA,SH 39,,Non-Injury Crash,Yes,2009,,East,,0,,Flat,,,,,,Dark,978500,0,0,0,2,,,0,,,,,,Waikato Region,Nil,2-way,Sealed,,0,0,,80,,On,0,0,,13,Waikato District,Nil,,,,,0,0,Open,0,,,Light rain,Null
1755251,5924720,3188,,509800,0,,0,2,,Null,2009/2010,ONEWA ROAD,WOODSIDE AVENUE,,Non-Injury Crash,No,2009,,East,,0,,Hill Road,,,,,,Bright sun,360200,0,0,0,3,,,0,,,,,,Auckland Region,Nil,2-way,Sealed,,0,0,,50,,Off,0,0,,76,Auckland,Give way,,,,,0,0,Urban,0,,,Fine,Null
1745159,5916795,3189,,510800,0,,0,1,,Null,2009/2010,HENDERSON VALLEY ROAD,HICKORY AVENUE,,Non-Injury Crash,No,2009,,North,,0,,Flat,,,,,,Overcast,242000,0,0,0,2,,,0,,,,,,Auckland Region,Nil,2-way,Sealed,,0,0,,50,,Off,0,0,,76,Auckland,Give way,,,,,1,0,Urban,0,,,Light rain,Null
1790128,5843622,3190,,526601,0,0,0,0,0,North,2009/2010,TE OHAKI ROAD,RAKAUMANGAMANGA ROAD,,Non-Injury Crash,No,2009,0,North,0,0,0,Flat,0,,0,,0,Twilight,848300,0,0,0,2,0,0,0,0,0,,0,0,Waikato Region,Nil,2-way,Sealed,0,0,0,0,80,0,None,1,0,,13,Waikato District,Unknown,0,0,0,0,0,0,Open,0,0,0,Fine,Null
1891711,5778408,3191,,538820,0,0,0,1,0,North,2008/2009,SH 30,COOKSON ROAD,,Non-Injury Crash,Yes,2009,0,North,0,0,0,Flat,0,,0,,0,Bright sun,1252100,0,0,0,3,0,0,0,0,0,,0,0,Bay of Plenty Region,Nil,2-way,Sealed,0,0,0,0,100,0,Null,0,0,,24,Rotorua District,Unknown,0,0,0,0,0,0,Open,0,0,0,Fine,Null
1709642,5616634,3192,,554020,0,,0,2,,West,2008/2009,SH 3,ARGYLE ST,,Non-Injury Crash,Yes,2009,,East,,0,,Flat,,,,,,Bright sun,1648400,0,0,0,2,,,0,,,,,,Taranaki Region,Nil,2-way,Sealed,,0,0,,50,,Null,0,0,,35,South Taranaki District,Nil,,,,,0,0,Urban,0,,,Fine,Null
1758796,5916445,3193,,519200,0,0,0,1,0,West,2009/2010,MARKET ROAD,HIGHWIC AVENUE,,Non-Injury Crash,No,2009,0,West,0,0,0,Flat,0,,0,,0,Bright sun,614900,0,0,0,2,0,0,0,0,0,,0,1,Auckland Region,Nil,2-way,Sealed,0,0,0,0,50,0,Off,0,0,,76,Auckland,Nil,0,0,0,0,0,0,Urban,0,0,0,Light rain,Null
1930228,5604383,3194,,548200,0,,0,2,,Null,2008/2009,HERETAUNGA ST EAST,WILLOWPARK ROAD NORTH,,Non-Injury Crash,No,2009,,South,,0,,Flat,,,,,,Overcast,1494000,0,0,0,2,,,0,,,,,,Hawke's Bay Region,Nil,2-way,Sealed,,0,0,,50,,Null,0,0,,30,Hastings District,Give way,,,,,0,0,Urban,0,,,Light rain,Null
1754043,5934063,3195,,508804,0,,0,1,,South,2009/2010,EAST COAST ROAD,OAKTREE AVENUE,,Non-Injury Crash,No,2009,,South,,0,,Flat,,,,,,Dark,180610,0,0,0,2,,,0,,,,,,Auckland Region,Nil,2-way,Sealed,,0,0,,50,,On,0,0,,76,Auckland,Unknown,,,,,0,0,Urban,0,,,Fine,Null
1770020,5911250,3196,,523113,0,,0,2,,Null,2008/2009,TE KOHA ROAD,TI RAKAU DRIVE,,Non-Injury Crash,No,2009,,North,,0,,Flat,,,,,,Bright sun,711716,0,0,0,4,,,0,,,,,,Auckland Region,Nil,2-way,Sealed,,0,0,,50,,Off,0,0,,76,Auckland,Traffic Signals,,,,,0,0,Urban,0,,,Fine,Null
1767704,5912795,3197,,523000,0,,0,2,,South,2009/2010,UDYS ROAD,REEVES ROAD,,Non-Injury Crash,No,2009,,North,,0,,Flat,,,,,,Bright sun,687900,0,0,0,2,,,0,,,,,,Auckland Region,Nil,2-way,Sealed,,0,0,,50,,Null,0,0,,76,Auckland,Unknown,,,,,0,0,Urban,0,,,Fine,Null
1759363,5902976,3198,,524200,0,0,0,0,0,Null,2009/2010,GEORGE BOLT MEMORIAL DRIV,ANDREW MCKEE AVENUE,,Non-Injury Crash,No,2009,0,North,0,0,0,Flat,0,,0,,0,Dark,727200,0,0,0,4,0,0,0,0,0,,0,0,Auckland Region,Nil,2-way,Sealed,0,0,0,0,50,0,On,1,0,,76,Auckland,Give way,0,0,0,1,0,0,Urban,0,0,0,Heavy rain,Null
1755716,5916228,3199,,518301,0,,0,2,,Null,2008/2009,DOMINION ROAD,BALMORAL ROAD,,Non-Injury Crash,No,2009,,North,,0,,Flat,,,,,,Twilight,555100,0,0,0,4,,,0,,,,,,Auckland Region,Nil,2-way,Sealed,,0,0,,50,,Off,0,0,,76,Auckland,Nil,,,,,0,0,Urban,0,,,Fine,Null
1754673,5915898,3200,,517702,0,0,0,2,0,Null,2008/2009,COYLE ST,CARRIE ST,,Non-Injury Crash,No,2009,0,West,0,0,0,Flat,0,,0,,0,Overcast,540600,0,0,0,2,0,0,0,0,1,,0,0,Auckland Region,Nil,2-way,Sealed,0,0,0,0,50,0,Off,0,0,,76,Auckland,Nil,0,0,0,0,0,0,Urban,0,0,0,Fine,Null
1825048,5527254,3201,,563300,0,,0,2,,South,2008/2009,SH 57,PETERSENS ROAD,,Non-Injury Crash,Yes,2009,,South,,0,,Flat,,,,,,Overcast,1815000,0,0,0,2,,,0,,,,,,Manawatū-Whanganui Region,Nil,2-way,Unsealed,,0,0,,100,,Null,0,0,50,40,Palmerston North City,Nil,,,,,0,0,Open,0,,,Fine,Null
1867083,5713776,3202,,541720,0,,0,2,,Null,2008/2009,TONGARIRO ST,SPA ROAD,,Non-Injury Crash,No,2009,,West,,0,,Flat,,,,,,Bright sun,1273500,0,0,0,2,,,0,,,,,,Waikato Region,Nil,2-way,Sealed,,0,0,,50,,Null,0,0,,21,Taupo District,Give way,,,,,0,0,Urban,0,,,Fine,Null
1757644,5436108,3203,,569302,0,,0,2,,Null,2008/2009,DOWSE DRIVE,MULBERRY ST,,Non-Injury Crash,No,2009,,North,,0,,Hill Road,,,,,,Overcast,1923000,0,0,0,2,,,0,,,,,,Wellington Region,Nil,2-way,Sealed,,0,0,,50,,Null,0,0,,46,Lower Hutt City,Stop,,,,,0,0,Urban,0,,,Fine,Null
1772149,5898049,3204,,523912,0,0,0,1,0,East,2009/2010,WALTERS ROAD,PORCHESTER ROAD,,Non-Injury Crash,No,2009,0,West,0,0,1,Flat,0,,0,,0,Bright sun,765405,0,0,0,2,0,0,0,0,0,,0,0,Auckland Region,Nil,2-way,Sealed,0,0,0,0,50,0,Off,0,0,,76,Auckland,Nil,0,0,0,0,0,0,Urban,0,0,0,Fine,Null
1762416,5907199,3205,,524520,0,,0,1,,East,2009/2010,MASSEY ROAD,BUCKLAND ROAD,,Non-Injury Crash,No,2009,,South,,0,,Flat,,,,,,Dark,734603,0,0,0,2,,,0,,,,,,Auckland Region,Nil,2-way,Sealed,,0,0,,50,,On,0,0,,76,Auckland,Nil,,,,,0,0,Urban,1,,,Fine,Null
1932812,5629596,3206,,545611,0,0,0,2,0,Null,2009/2010,HILL ROAD,PETANE ROAD,,Non-Injury Crash,No,2009,0,East,0,0,0,Flat,0,,0,,0,Bright sun,1413900,0,0,0,2,0,0,0,0,1,,0,0,Hawke's Bay Region,Nil,2-way,Sealed,0,0,0,0,50,0,Null,1,0,,31,Napier City,Give way,0,0,0,0,0,0,Urban,1,0,0,Fine,Null
1761077,5437809,3207,,569402,0,,0,2,,Null,2008/2009,SH 2,GROUNSELL CRESCENT,,Non-Injury Crash,Yes,2009,,West,,0,,Flat,,,,,,Overcast,1918804,0,0,0,4,,,0,,,,,,Wellington Region,Nil,2-way,Sealed,,0,0,,100,,Null,0,0,,46,Lower Hutt City,Traffic Signals,,,,,1,0,Open,0,,,Fine,Null
1930349,5615919,3208,,547300,0,,0,1,,North,2008/2009,GLOUCESTER ST,ODOWD ROAD,,Non-Injury Crash,No,2009,,South,,0,,Flat,,,,,,Bright sun,1460800,0,0,0,2,,,0,,,,,,Hawke's Bay Region,Nil,2-way,Sealed,,0,0,,50,,Null,1,0,,31,Napier City,Nil,,,,,0,0,Urban,0,,,Fine,Null
1769043,5911542,3209,,523107,0,,0,3,,Null,2008/2009,TI RAKAU DRIVE,HARRIS ROAD,,Non-Injury Crash,No,2009,,East,,0,,Flat,,,,,,Dark,711402,0,0,0,6,,,0,,,,,,Auckland Region,Nil,2-way,Sealed,,0,0,,50,,On,0,0,,76,Auckland,Traffic Signals,,,,,0,0,Urban,0,,,Fine,Null
1732093,5687147,3210,,550700,0,0,0,1,0,North,2008/2009,SH 3,PUKEARUHE ROAD,,Non-Injury Crash,Yes,2009,0,South,0,0,1,Flat,0,,0,,0,Dark,1552200,0,0,0,2,0,0,0,0,0,,0,0,Taranaki Region,Nil,2-way,Unsealed,0,0,0,0,100,0,None,0,0,30,33,New Plymouth District,Nil,0,0,0,0,0,0,Open,0,0,0,Mist or Fog,Null
1757042,5920903,3211,,514101,0,,0,2,,Null,2009/2010,PAKENHAM EAST ST,MARKET PLACE,,Non-Injury Crash,No,2009,,South,,0,,Flat,,,,,,Dark,433005,0,0,0,2,,,0,,,,,,Auckland Region,Nil,2-way,Sealed,,0,0,,50,,On,0,1,,76,Auckland,Stop,,,,,0,0,Urban,0,,,Fine,Null
1756847,5435025,3212,,569800,0,,0,2,,Null,2008/2009,SH 2,KOROKORO ROAD N,,Non-Injury Crash,Yes,2009,,North,,0,,Flat,,,,,,Overcast,2035002,0,0,0,2,,,0,,,,,,Wellington Region,Nil,2-way,Sealed,,0,0,,50,,Null,0,0,,46,Lower Hutt City,Traffic Signals,,,,,0,0,Urban,0,,,Light rain,Null
1765964,5906413,3213,,522202,0,,0,2,,Null,2009/2010,GREAT SOUTH ROAD,ST GEORGE ST,,Non-Injury Crash,No,2009,,East,,0,,Flat,,,,,,Bright sun,665101,0,0,0,4,,,0,,,,,,Auckland Region,Nil,2-way,Sealed,,0,0,,50,,Off,0,0,,76,Auckland,Traffic Signals,,,,,0,0,Urban,0,,,Fine,Null
1824217,5463369,3214,,578600,0,,0,2,,East,2008/2009,PARK AVENUE,DIXON ST,,Non-Injury Crash,No,2009,,North,,0,,Flat,,,,,,Bright sun,2245500,0,0,0,2,,,0,,,,,,Wellington Region,Nil,2-way,Sealed,,0,0,,50,,Null,0,0,,48,Masterton District,Nil,,,,,0,0,Urban,0,,,Fine,Null
1756052,5923164,3215,,509800,0,0,0,2,0,South,2008/2009,SH 1N,ONEWA ON SBD,,Non-Injury Crash,Yes,2009,0,South,0,0,0,Flat,1,,0,,0,Overcast,359200,0,0,0,4,0,0,0,0,0,,0,0,,Bridge,1-way,Sealed,0,0,0,0,80,0,Off,0,0,,76,Auckland,Nil,0,0,0,0,0,0,Open,0,0,0,Heavy rain,Null
1893327,5812750,3216,,538502,0,,0,1,,Null,2009/2010,JELLICOE ST,KING ST,,Non-Injury Crash,No,2009,,East,,0,,Flat,,,,,,Bright sun,1215500,0,0,0,2,,,0,,,,,,Bay of Plenty Region,Nil,2-way,Sealed,,0,0,,50,,Off,0,0,,22,Western Bay of Plenty District,Stop,,,,,1,0,Urban,0,,,Fine,Null
1882471,5777497,3217,,539200,0,,0,1,,North,2009/2010,SH 5,BARNARD ROAD,,Non-Injury Crash,Yes,2009,,South,,0,,Flat,,,,,,Overcast,1264304,0,0,0,2,,,0,,,,,,Bay of Plenty Region,Nil,2-way,Sealed,,0,0,,60,,Null,0,0,,24,Rotorua District,Unknown,,,,,0,0,Urban,1,,,Light rain,Null
1692348,5673708,3218,,552400,0,,0,2,,Null,2008/2009,BROIS ST,GOVETT AVENUE,,Non-Injury Crash,No,2009,,East,,0,,Flat,,,,,,Overcast,1570500,0,0,0,2,,,0,,,,,,Taranaki Region,Nil,2-way,Sealed,,0,0,,50,,Null,0,0,,33,New Plymouth District,Stop,,,,,0,0,Urban,0,,,Fine,Null
1754606,5443882,3219,,570800,0,,0,2,,North,2008/2009,KENEPURU DRIVE,RAIHA ST,,Non-Injury Crash,No,2009,,South,,0,,Flat,,,,,,Overcast,2053104,0,0,0,2,,,0,,,,,,Wellington Region,Nil,2-way,Sealed,,0,0,,50,,Null,0,0,,44,Porirua City,Nil,,,,,0,0,Urban,0,,,Fine,Null
1790714,5841492,3220,,527402,0,,0,2,,East,2009/2010,BELL CROSSING ST,SH 1N,,Non-Injury Crash,No,2009,,West,,0,,Flat,,,,,,Overcast,944500,0,0,0,3,,,0,,,,,,Waikato Region,Nil,2-way,Sealed,,0,0,,50,,Null,0,0,,13,Waikato District,Traffic Signals,,,,,0,0,Urban,0,,,Light rain,Null
1692231,6094224,3221,,501633,0,1,0,1,0,West,2009/2010,SH 11,RETREAT ROAD,,Non-Injury Crash,Yes,2009,0,West,0,0,0,Flat,0,,0,,0,Bright sun,50804,0,0,0,2,0,0,0,0,0,,0,0,Northland Region,Bridge,2-way,Sealed,0,0,0,0,100,0,None,0,0,,1,Far North District,Nil,0,0,0,0,0,0,Open,0,0,0,Fine,Null
1766663,5912929,3222,,522910,0,,0,2,,Null,2009/2010,TI RAKAU DRIVE,REEVES ROAD,,Non-Injury Crash,No,2009,,South,,0,,Flat,,,,,,Dark,684000,0,0,0,3,,,0,,,,,,Auckland Region,Nil,2-way,Sealed,,0,0,,50,,On,0,0,,76,Auckland,Traffic Signals,,,,,0,0,Urban,0,,,Fine,Null
1774421,5576693,3223,,557000,0,,0,2,,West,2008/2009,HEADS ROAD,SH 3,,Non-Injury Crash,No,2009,,West,,0,,Flat,,,,,,Bright sun,1726903,0,0,0,2,,,0,,,,,,Manawatū-Whanganui Region,Nil,2-way,Sealed,,0,0,,50,,Null,0,0,,37,Whanganui District,Nil,,,,,0,0,Urban,0,,,Fine,Null
1882456,5771775,3224,,539800,0,,0,2,,Null,2008/2009,PUKEHANGI ROAD,DEVON ST WEST,,Non-Injury Crash,No,2009,,West,,0,,Hill Road,,,,,,Overcast,1264511,0,0,0,2,,,0,,,,,,Bay of Plenty Region,Nil,2-way,Sealed,,0,0,,50,,Null,0,0,,24,Rotorua District,Give way,,,,,0,0,Urban,0,,,Fine,Null
1709115,5617847,3225,,554010,0,,0,2,,South,2008/2009,SH 3,DAVIDSON ST,,Non-Injury Crash,Yes,2009,,South,,0,,Flat,,,,,,Bright sun,1641802,0,0,0,2,,,0,,,,,,Taranaki Region,Nil,2-way,Sealed,,0,0,,50,,Null,0,0,,35,South Taranaki District,Nil,,,,,0,0,Urban,0,,,Fine,Null
1883405,5825989,3226,,536821,0,,0,2,,North,2009/2010,SH 2,SPUR AVENUE,,Non-Injury Crash,Yes,2009,,South,,0,,Flat,,,,,,Dark,1204401,0,0,0,4,,,0,,,,,,Bay of Plenty Region,Nil,2-way,Sealed,,0,0,,70,,On,0,0,,23,Tauranga City,Give way,,,,,0,0,Urban,0,,,Light rain,Null
1938639,5788461,3227,,542530,0,,0,0,,Null,2009/2010,SH 2,WESTERN DRAIN ROAD,,Non-Injury Crash,Yes,2009,,West,,0,,Flat,,,,,,Bright sun,1300901,0,0,0,2,,,0,,,,,,Bay of Plenty Region,Nil,2-way,Sealed,,0,0,,100,,Null,2,0,,25,Whakatane District,Give way,,,,,0,0,Open,0,,,Fine,Null
1929671,5606949,3228,,545710,0,0,0,0,0,South,2008/2009,PAKOWHAI ROAD,DUKE ST,,Non-Injury Crash,No,2009,0,South,0,0,0,Flat,0,,0,,0,Bright sun,1471300,0,0,0,2,0,0,0,0,0,,0,1,Hawke's Bay Region,Nil,2-way,Sealed,0,0,0,0,50,0,Null,0,0,,30,Hastings District,Nil,0,0,0,0,1,0,Urban,0,0,0,Fine,Null
1835165,5677488,3229,,541501,0,0,0,1,0,West,2009/2010,SH 47,SH 41,,Non-Injury Crash,Yes,2009,0,East,0,0,0,Hill Road,0,,0,,0,Overcast,1288804,0,0,0,2,0,1,0,0,0,,0,0,Waikato Region,Nil,2-way,Sealed,0,0,0,1,100,0,None,0,0,,21,Taupo District,Nil,0,0,0,0,0,0,Open,0,0,0,Heavy rain,Null
1758302,5917712,3230,,515700,0,,0,2,,South,2008/2009,SH 1N,GILLIES OBR,,Non-Injury Crash,Yes,2009,,South,,0,,Flat,,,,,,Overcast,443300,0,0,0,3,,,0,,,,,,Auckland Region,Nil,1-way,Sealed,,0,0,,100,,Null,0,0,,76,Auckland,Unknown,,,,,0,0,Open,0,,,Light rain,Null
1755473,5922111,3231,,515202,0,,0,0,,North,2008/2009,SH 1N,SHELLY BEACH OBR,,Non-Injury Crash,Yes,2009,,South,,0,,Hill Road,,,,,,Overcast,423600,0,0,0,4,,,0,,,,,,,Bridge,1-way,Sealed,,0,0,,80,,Null,0,0,,76,Auckland,Unknown,,,,,2,0,Open,0,,,Light rain,Null
1774203,5895630,3232,,525510,0,0,0,0,0,North,2009/2010,HUNUA ROAD,BOUNDARY ROAD,,Non-Injury Crash,No,2009,0,North,0,0,0,Flat,0,,0,,1,Dark,801500,0,0,0,2,0,0,0,1,0,,0,0,Auckland Region,Nil,2-way,Unsealed,0,0,0,0,50,0,Off,0,0,30,76,Auckland,Unknown,0,0,0,0,0,0,Urban,1,0,0,Fine,Null
1877366,5794316,3233,,536630,0,0,0,1,1,West,2008/2009,SH 36,TE MATAI ROAD,,Non-Injury Crash,Yes,2009,0,West,0,0,0,Hill Road,0,,0,,0,Dark,1192702,0,0,0,2,0,0,0,0,0,,0,0,Bay of Plenty Region,Nil,2-way,Sealed,0,0,0,0,100,0,None,0,0,,22,Western Bay of Plenty District,Unknown,0,0,0,0,0,0,Open,0,0,0,Fine,Frost
1801217,5819080,3234,,529402,0,0,0,1,0,North,2008/2009,CARLYLE AVENUE,EUCALYPTUS PLACE,,Non-Injury Crash,No,2009,0,North,0,0,0,Flat,0,,0,,0,Bright sun,876900,0,0,0,2,0,0,0,0,0,,0,1,Waikato Region,Nil,2-way,Sealed,0,0,0,0,50,0,Off,0,0,,16,Hamilton City,Nil,0,0,0,0,0,0,Urban,0,0,0,Fine,Null
1949164,5790778,3235,,542430,0,,0,2,,Null,2008/2009,STEWART ST,HINEMOA ST,,Non-Injury Crash,No,2009,,West,,0,,Flat,,,,,,Bright sun,1310600,0,0,0,2,,,0,,,,,,Bay of Plenty Region,Nil,2-way,Sealed,,0,0,,50,,Null,0,0,,25,Whakatane District,Stop,,,,,0,0,Urban,0,,,Fine,Null
1768922,5904229,3236,,523820,0,0,0,0,0,East,2008/2009,RANSOM SMYTH DRIVE,PALMETTO PLACE,,Non-Injury Crash,No,2009,0,East,0,0,0,Hill Road,0,Christmas New Year,0,,0,Overcast,760114,0,0,0,2,0,0,0,0,0,,0,0,Auckland Region,Nil,2-way,Sealed,0,0,0,0,50,0,Off,1,0,,76,Auckland,Nil,0,0,0,1,0,0,Urban,0,0,0,Light rain,Null
1751554,5949397,3237,,505805,0,0,0,3,0,East,2008/2009,MOENUI AVENUE,CENTREWAY ROAD,,Non-Injury Crash,No,2009,0,West,0,0,0,Flat,0,,0,,0,Overcast,172103,0,0,0,2,0,0,0,0,2,,0,0,Auckland Region,Nil,2-way,Sealed,0,0,0,0,50,0,None,0,0,,76,Auckland,Nil,0,0,0,0,0,0,Urban,0,0,0,Fine,Null
1769406,5899753,3238,,525002,0,,0,0,,Null,2009/2010,MAHIA ROAD,BEAUMONTS WAY,,Non-Injury Crash,No,2009,,East,,0,,Flat,,,,,,Bright sun,754100,0,0,1,3,,,0,,,,,,Auckland Region,Nil,2-way,Sealed,,0,0,,50,,Null,0,0,,76,Auckland,Nil,,,,,0,0,Urban,1,,,Fine,Null
1719631,6045747,3239,,503100,0,0,0,2,0,Null,2009/2010,JOHN ST,ROBERT ST,,Non-Injury Crash,No,2009,0,West,0,0,0,Flat,0,,0,,0,Bright sun,99902,0,0,0,2,0,0,0,0,1,,0,0,Northland Region,Nil,2-way,Sealed,0,0,0,0,50,0,Off,0,0,,2,Whangarei District,Nil,0,0,0,0,0,0,Urban,0,0,0,Fine,Null
1799301,5817306,3240,,528700,0,,0,2,,South,2008/2009,ULSTER ST,VICTORIA ST N,,Non-Injury Crash,No,2009,,North,,0,,Flat,,,,,,Bright sun,901902,0,0,0,4,,,0,,,,,,Waikato Region,Nil,2-way,Sealed,,0,0,,60,,Off,0,0,,16,Hamilton City,Nil,,,,,0,0,Urban,0,,,Light rain,Null
1765571,5905866,3241,,522202,0,,0,2,,Null,2008/2009,ST GEORGE ST,CARRUTH ROAD,,Non-Injury Crash,No,2009,,East,,0,,Flat,,Queens Birthday,,,,Bright sun,664300,0,0,0,2,,,0,,,,,,Auckland Region,Nil,2-way,Sealed,,0,0,,50,,Off,0,0,,76,Auckland,Give way,,,,,0,0,Urban,0,,,Fine,Null
1745385,5916594,3242,,510800,0,,0,2,,Null,2008/2009,RAILSIDE AVENUE,VIEW ROAD,,Non-Injury Crash,No,2009,,South,,0,,Flat,,,,,,Dark,243200,0,0,0,2,,,0,,,,,,Auckland Region,Nil,2-way,Sealed,,0,0,,50,,On,0,0,,76,Auckland,Give way,,,,,0,0,Urban,0,,,Fine,Null
1800347,5815894,3243,,529700,0,,0,2,,South,2009/2010,ANGLESEA ST,LIVERPOOL ST,,Non-Injury Crash,No,2009,,North,,0,,Flat,,,,,,Bright sun,910000,0,0,0,2,,,0,,,,,,Waikato Region,Nil,2-way,Sealed,,0,0,,50,,Off,0,0,,16,Hamilton City,Nil,,,,,0,0,Urban,0,,,Fine,Null
1767768,5913589,3244,,522910,0,,0,3,,Null,2008/2009,PAKURANGA ROAD,JOHNS LANE,,Non-Injury Crash,No,2009,,West,,0,,Flat,,,,,,Overcast,685500,0,0,0,6,,,0,,,,,,Auckland Region,Nil,2-way,Sealed,,0,0,,60,,Off,0,0,,76,Auckland,Give way,,,,,0,0,Urban,0,,,Light rain,Null