X,Y,OBJECTID,advisorySpeed,areaUnitID,bicycle,bridge,bus,carStationWagon,cliffBank,crashDirectionDescription,crashFinancialYear,crashLocation1,crashLocation2,crashRoadSideRoad,crashSeverity,crashSHDescription,crashYear,debris,directionRoleDescription,ditch,fatalCount,fence,flatHill,guardRail,holiday,houseOrBuilding,intersection,kerb,light,meshblockId,minorInjuryCount,moped,motorcycle,NumberOfLanes,objectThrownOrDropped,otherObject,otherVehicleType,overBank,parkedVehicle,pedestrian,phoneBoxEtc,postOrPole,region,roadCharacter,roadLane,roadSurface,roadworks,schoolBus,seriousInjuryCount,slipOrFlood,speedLimit,strayAnimal,streetLight,suv,taxi,temporarySpeedLimit,tlaId,tlaName,trafficControl,trafficIsland,trafficSign,train,tree,truck,unknownVehicleType,urban,vanOrUtility,vehicle,waterRiver,weatherA,weatherB
1629617,6091344,3245,,500801,0,1,0,0,0,East,2008/2009,PAWARENGA ROAD,BONNIES LANE,,Non-Injury Crash,No,2009,0,West,0,0,0,Hill Road,0,,0,,0,Overcast,29400,0,0,0,1,0,0,0,0,0,,0,0,Northland Region,Bridge,1-way,Unsealed,0,0,0,0,100,0,Null,1,0,,1,Far North District,Unknown,0,0,0,0,0,0,Open,0,0,0,Fine,Null
1756426,5918767,3246,,515600,0,0,0,1,0,North,2008/2009,IAN MCKINNON DRIVE,DEVON ST SOUTH,,Non-Injury Crash,No,2009,0,South,0,0,0,Flat,0,,0,,0,Dark,420100,0,0,0,2,0,0,0,0,0,,0,0,Auckland Region,Nil,2-way,Sealed,0,0,0,0,80,0,On,0,0,,76,Auckland,Unknown,0,0,0,1,0,0,Open,0,0,0,Fine,Null
1800942,5815029,3247,,529700,0,,0,2,,South,2008/2009,ANGLESEA ST,COLLINGWOOD ST,,Non-Injury Crash,No,2009,,South,,0,,Flat,,,,,,Overcast,911600,0,0,0,4,,,0,,,,,,Waikato Region,Nil,2-way,Sealed,,0,0,,50,,Null,0,0,,16,Hamilton City,Unknown,,,,,0,0,Urban,0,,,Fine,Null
1756990,5920338,3248,,514102,0,,0,2,,Null,2008/2009,HOBSON ST,WELLESLEY ST WEST,,Non-Injury Crash,No,2009,,West,,0,,Flat,,,,,,Dark,434200,0,0,0,4,,,0,,,,,,Auckland Region,Nil,1-way,Sealed,,0,0,,50,,On,0,0,,76,Auckland,Traffic Signals,,,,,0,0,Urban,0,,,Fine,Null
1888526,5821392,3249,,536517,0,,0,2,,South,2008/2009,SH 2,KAIRUA ROAD,,Non-Injury Crash,Yes,2009,,South,,0,,Flat,,,,,,Overcast,1205060,0,0,0,3,,,0,,,,,,Bay of Plenty Region,Nil,2-way,Sealed,,0,0,,100,,Null,0,0,,23,Tauranga City,Unknown,,,,,0,0,Open,0,,,Fine,Null
1756922,5449330,3250,,572000,0,,0,1,,South,2008/2009,SH 1N,ACHERON ROAD,,Non-Injury Crash,Yes,2009,,North,,0,,Hill Road,,,,,,Overcast,2069802,0,0,0,4,,,0,,,,,,Wellington Region,Nil,2-way,Sealed,,0,0,,50,,Null,0,0,,44,Porirua City,Nil,,,,,1,0,Urban,0,,,Fine,Null
1752914,5934957,3251,,508701,0,,0,2,,Null,2008/2009,OTEHA VALLEY ROAD,OTEHA VALLEY OFF NBD,,Non-Injury Crash,No,2009,,West,,0,,Flat,,,,,,Bright sun,179000,0,0,0,3,,,0,,,,,,Auckland Region,Nil,2-way,Sealed,,0,0,,60,,Off,0,0,,76,Auckland,Traffic Signals,,,,,0,0,Urban,0,,,Fine,Null
1755486,5929109,3252,,508420,0,0,0,1,0,North,2008/2009,SH 1N,TRISTRAM OBR,,Non-Injury Crash,Yes,2009,0,North,0,0,0,Flat,0,,0,,0,Overcast,183800,0,0,0,3,0,0,0,0,0,,0,0,Auckland Region,Nil,1-way,Sealed,0,0,0,0,100,0,Off,0,0,,76,Auckland,Nil,0,0,0,0,0,0,Open,0,0,0,Light rain,Null
1769303,5905601,3253,,523712,0,,0,2,,North,2009/2010,CHAPEL ROAD,DAWSON ROAD,,Non-Injury Crash,No,2009,,East,,0,,Flat,,,,,,Bright sun,713016,0,0,0,3,,,0,,,,,,Auckland Region,Nil,2-way,Sealed,,0,0,,50,,Off,0,0,,76,Auckland,Traffic Signals,,,,,0,0,Urban,0,,,Fine,Null
1749782,5913392,3254,,511303,0,,0,2,,Null,2009/2010,MARGAN AVENUE,RANKIN AVENUE,,Non-Injury Crash,No,2009,,South,,0,,Flat,,,,,,Dark,264913,0,0,0,2,,,0,,,,,,Auckland Region,Nil,2-way,Sealed,,0,0,,50,,On,0,0,,76,Auckland,Give way,,,,,0,0,Urban,0,,,Light rain,Null
1752943,5441168,3255,,572600,0,0,0,1,0,North,2008/2009,RIMU ST,HAMPTON HILL ROAD,,Non-Injury Crash,No,2009,0,West,0,0,0,Flat,0,,0,,0,Bright sun,1991600,0,0,0,2,0,0,0,0,1,,0,0,Wellington Region,Nil,2-way,Sealed,0,0,0,0,50,0,Null,1,0,,47,Wellington City,Nil,0,0,0,0,0,0,Urban,0,0,0,Fine,Null
1444592,5011646,3256,55,600811,0,0,0,1,0,North,2008/2009,SH 83,SH 1S,,Minor Crash,Yes,2009,0,South,0,0,1,Hill Road,0,,0,,0,Overcast,2827202,1,0,0,2,0,0,0,0,0,,0,0,Otago Region,Nil,2-way,Sealed,0,0,0,0,100,0,Null,0,0,,68,Waitaki District,Unknown,0,1,0,0,0,0,Open,0,0,0,Mist or Fog,Null
1759341,5910749,3257,,524002,0,,0,2,,North,2008/2009,SH 20,RIMU OFF SBD,,Non-Injury Crash,Yes,2009,,South,,0,,Flat,,,,,,Overcast,722400,0,0,0,2,,,0,,,,,,Auckland Region,Bridge,1-way,Sealed,,0,0,,80,,Off,0,0,,76,Auckland,Nil,,,,,0,0,Open,0,,,Fine,Null
1861534,5807675,3258,80,536630,0,0,0,1,0,South,2008/2009,SH 29,OLD KAIMAI ROAD N,,Non-Injury Crash,Yes,2009,0,North,0,0,1,Flat,0,,0,,0,Dark,1191900,0,0,0,2,0,0,0,0,0,,0,0,Bay of Plenty Region,Nil,2-way,Sealed,0,0,0,0,100,0,None,0,0,,22,Western Bay of Plenty District,Unknown,0,0,0,0,0,0,Open,0,0,0,Fine,Null
1754170,5444983,3259,,570700,0,,0,2,,Null,2009/2010,TITAHI BAY ROAD,PROSSER ST,,Minor Crash,No,2009,,North,,0,,Flat,,,,,,Bright sun,2037302,1,0,0,2,,,0,,,,,,Wellington Region,Nil,2-way,Sealed,,0,0,,70,,Null,0,0,,44,Porirua City,Give way,,,,,0,0,Urban,1,,,Fine,Null
1910204,5579665,3260,,549200,0,0,0,1,0,North,2008/2009,SH 2,HIGGINSON ST,,Non-Injury Crash,Yes,2009,0,South,0,0,0,Flat,0,,0,,0,Bright sun,1511200,0,0,0,3,0,0,0,0,0,,0,0,Hawke's Bay Region,Nil,2-way,Sealed,0,0,0,0,100,0,Null,0,0,,32,Central Hawke's Bay District,Nil,0,1,0,0,0,0,Open,0,0,0,Fine,Null
1808990,5736136,3261,,531800,0,0,0,1,0,West,2008/2009,SH 30,TUTU ROAD,,Non-Injury Crash,Yes,2009,0,West,0,0,1,Hill Road,0,,0,,0,Bright sun,1012400,0,0,0,2,0,0,0,0,0,,0,0,Waikato Region,Nil,2-way,Sealed,0,0,0,0,100,0,Null,0,0,,20,Waitomo District,Unknown,0,0,0,0,0,0,Open,0,0,0,Fine,Null
1755456,5930270,3262,,508510,0,,0,2,,North,2008/2009,BECROFT DRIVE,PARK LANE,,Non-Injury Crash,No,2009,,North,,0,,Hill Road,,,,,,Overcast,194409,0,0,0,4,,,0,,,,,,Auckland Region,Nil,2-way,Sealed,,0,0,,50,,Null,0,0,,76,Auckland,Unknown,,,,,0,0,Urban,0,,,Light rain,Null
1752888,5932402,3263,,508807,0,,0,2,,East,2009/2010,ROSEDALE ROAD,JACK HINTON DRIVE,,Non-Injury Crash,No,2009,,West,,0,,Flat,,,,,,Bright sun,180810,0,0,0,2,,,0,,,,,,Auckland Region,Nil,2-way,Sealed,,0,0,,50,,Off,0,0,,76,Auckland,Nil,,,,,0,0,Urban,0,,,Fine,Null
1949892,5791292,3264,,542440,0,,0,2,,South,2008/2009,KING ST,LANDING ROAD,,Non-Injury Crash,No,2009,,North,,0,,Flat,,,,,,Bright sun,1307700,0,0,0,2,,,0,,,,,,Bay of Plenty Region,Nil,2-way,Sealed,,0,0,,50,,Null,0,0,,25,Whakatane District,Give way,,,,,0,0,Urban,0,,,Fine,Null
1758120,5920442,3265,,514103,0,,0,2,,North,2009/2010,ANZAC AVENUE,PARLIAMENT ST,,Non-Injury Crash,No,2009,,North,,0,,Hill Road,,,,,,Bright sun,438408,0,0,0,3,,,0,,,,,,Auckland Region,Nil,2-way,Sealed,,0,0,,50,,Null,0,0,,76,Auckland,Unknown,,,,,0,0,Urban,0,,,Fine,Null
1459620,5082608,3266,,599400,1,,0,1,,Null,2009/2010,CHURCH ST,WILSON ST,,Minor Crash,No,2009,,East,,0,,Flat,,,,,,Bright sun,2790400,1,0,0,2,,,0,,,,,,Canterbury Region,Nil,2-way,Sealed,,0,0,,50,,Null,0,0,,64,Timaru District,Give way,,,,,0,0,Urban,0,,,Fine,Null
1751324,5930999,3267,,509100,0,,0,2,,Null,2008/2009,SCHNAPPER ROCK ROAD,OAKWAY DRIVE,,Non-Injury Crash,No,2009,,West,,0,,Flat,,,,,,Overcast,180904,0,0,0,2,,,0,,,,,,Auckland Region,Nil,2-way,Sealed,,0,0,,50,,Null,0,0,,76,Auckland,Give way,,,,,0,0,Urban,0,,,Fine,Null
1755664,5935133,3268,,507101,0,,0,1,,Null,2009/2010,BEACH ROAD,GLENCOE ROAD,,Non-Injury Crash,No,2009,,North,,0,,Flat,,,,,,Dark,161600,0,0,0,2,,,0,,,,,,Auckland Region,Nil,2-way,Sealed,,0,0,,50,,On,1,0,,76,Auckland,Traffic Signals,,,,,0,0,Urban,0,,,Fine,Null
1745660,5915560,3269,,511800,0,,0,2,,Null,2009/2010,AWAROA ROAD,MILLBROOK ROAD,,Non-Injury Crash,No,2009,,West,,0,,Hill Road,,,,,,Dark,277100,0,0,0,2,,,0,,,,,,Auckland Region,Nil,2-way,Sealed,,0,0,,50,,On,0,0,,76,Auckland,Stop,,,,,0,0,Urban,0,,,Light rain,Null
1766629,5907631,3270,,523601,0,,0,2,,Null,2008/2009,EAST TAMAKI ROAD,NEWBURY ST,,Non-Injury Crash,No,2009,,West,,0,,Flat,,,,,,Dark,708500,0,0,0,5,,,0,,,,,,Auckland Region,Nil,2-way,Sealed,,0,0,,50,,On,0,0,,76,Auckland,Traffic Signals,,,,,0,0,Urban,0,,,Fine,Null
1823375,5901000,3271,,533603,0,,0,0,,North,2008/2009,SH 25,OTUTURU CRESCENT,,Non-Injury Crash,Yes,2009,,North,,0,,Flat,,,,,,Bright sun,1056404,0,0,0,2,,,0,,,,,,Waikato Region,Nil,2-way,Sealed,,0,0,,100,,Null,2,0,,11,Thames-Coromandel District,Unknown,,,,,0,0,Open,0,,,Fine,Null
1509113,5146492,3272,,597741,0,,0,1,,North,2009/2010,SH 1S,STANLEY ROAD,,Minor Crash,Yes,2009,,South,,0,,Flat,,,,,,Bright sun,2745001,1,0,0,2,,,0,,,,,,Canterbury Region,Nil,2-way,Sealed,,0,0,,100,,Null,0,0,,63,Ashburton District,Unknown,,,,,1,0,Open,0,,,Fine,Null
1930449,5603648,3273,,548300,0,0,0,1,0,West,2008/2009,LUMSDEN PLACE,LUMSDEN ROAD,,Non-Injury Crash,No,2009,0,West,0,0,1,Flat,0,,0,,0,Dark,1502502,0,0,0,2,0,0,0,0,0,,0,0,Hawke's Bay Region,Nil,2-way,Sealed,0,0,0,0,50,0,On,0,0,,30,Hastings District,Nil,0,0,0,1,0,0,Urban,0,0,0,Fine,Null
1437727,5269009,3274,,585317,0,0,1,0,0,West,2008/2009,BLUE SPUR ROAD,NOBLE BR,,Minor Crash,No,2009,0,West,0,0,0,Flat,0,,0,,0,Bright sun,2421800,1,0,0,1,0,0,0,0,0,,0,1,West Coast Region,Nil,2-way,Sealed,0,0,0,0,100,0,Null,0,0,,57,Westland District,Unknown,0,0,0,0,0,0,Open,0,0,0,Fine,Null
1500637,5138127,3275,,597850,0,,0,1,,Null,2009/2010,CHALMERS AVENUE,ALBERT ST,,Minor Crash,No,2009,,North,,0,,Flat,,,,,,Twilight,2733200,1,0,0,2,,,0,,,,,,Canterbury Region,Nil,1-way,Sealed,,0,0,,50,,Off,0,0,,63,Ashburton District,Give way,,,,,1,0,Urban,0,,,Fine,Null
1766691,5904809,3276,,524603,0,,0,2,,South,2008/2009,LAMBIE DRIVE,PUHINUI ROAD,,Non-Injury Crash,No,2009,,North,,0,,Flat,,,,,,Dark,780205,0,0,0,2,,,0,,,,,,Auckland Region,Nil,2-way,Sealed,,0,0,,50,,On,0,0,,76,Auckland,Nil,,,,,0,0,Urban,0,,,Light rain,Null
1522442,5193063,3277,,587100,0,0,0,1,1,South,2008/2009,SH 73,DEANS ROAD,,Minor Crash,Yes,2009,0,South,0,0,0,Flat,0,,0,,0,Dark,2463800,4,0,0,2,0,0,0,0,0,,0,0,Canterbury Region,Nil,2-way,Sealed,0,0,0,0,100,0,None,0,0,,62,Selwyn District,Unknown,0,0,0,0,0,0,Open,0,0,0,Light rain,Null
1757065,5920542,3278,,514102,0,,0,2,,Null,2009/2010,VICTORIA ST WEST,HOBSON ST,,Non-Injury Crash,No,2009,,West,,0,,Flat,,,,,,Twilight,433700,0,0,0,6,,,0,,,,,,Auckland Region,Nil,2-way,Sealed,,0,0,,50,,On,0,1,,76,Auckland,Traffic Signals,,,,,0,0,Urban,0,,,Fine,Null
1885872,5771614,3279,,540600,0,0,0,1,0,East,2009/2010,SH 30,MCINTYRE AVENUE,,Non-Injury Crash,Yes,2009,0,West,0,0,0,Flat,0,,0,,0,Dark,1243800,0,0,0,2,0,0,0,0,0,,0,1,Bay of Plenty Region,Nil,2-way,Sealed,0,0,0,0,50,0,On,0,0,,24,Rotorua District,Nil,0,0,0,0,0,0,Urban,0,0,0,Light rain,Null
1870934,5823482,3280,,536503,0,0,0,1,1,Null,2008/2009,SH 2,MINDEN ROAD,,Non-Injury Crash,Yes,2009,0,North,0,0,0,Hill Road,0,,0,,0,Bright sun,1188103,0,0,0,2,0,0,0,0,0,,0,0,Bay of Plenty Region,Nil,2-way,Sealed,0,0,0,0,80,0,Null,0,0,,22,Western Bay of Plenty District,Stop,0,0,0,0,0,0,Open,0,0,0,Fine,Null
1884685.434,5820494.7455,3281,,536642,0,0,0,1,0,Null,2008/2009,WELCOME BAY ROAD,WAITAO ROAD,,Non-Injury Crash,No,2009,0,East,0,0,0,Flat,0,,0,,0,Dark,1206402,0,0,0,1,0,0,0,0,0,,0,1,Bay of Plenty Region,Nil,2-way,Sealed,0,0,0,0,100,0,On,0,0,,22,Western Bay of Plenty District,Stop,0,0,0,0,0,0,Open,0,0,0,Fine,Null
1756643,5919728,3282,,514102,0,,0,2,,South,2008/2009,SH 1N,WELLINGTON OBR,,Non-Injury Crash,Yes,2009,,South,,0,,Flat,,,,,,Dark,435500,0,0,0,2,,,0,,,,,,Auckland Region,Nil,1-way,Sealed,,0,0,,80,,On,0,0,,76,Auckland,Unknown,,,,,0,0,Open,0,,,Fine,Null
1757003,5925344,3283,,509702,0,,0,2,,South,2009/2010,SH 1N,AKORANGA OFF NBD,,Non-Injury Crash,Yes,2009,,North,,0,,Flat,,,,,,Unknown,364601,0,0,0,6,,,0,,,,,,Auckland Region,Nil,2-way,Sealed,,0,0,,100,,Off,0,0,,76,Auckland,Nil,,,,,0,0,Open,0,,,Fine,Null
1687612,6100876,3284,,500900,0,0,0,1,0,South,2009/2010,KERIKERI INLET ROAD,DARWIN ROAD,,Non-Injury Crash,No,2009,0,North,0,0,0,Flat,0,,0,,0,Dark,50100,0,0,0,2,0,0,0,0,0,,0,0,Northland Region,Nil,2-way,Sealed,0,0,0,0,80,0,None,0,0,,1,Far North District,Nil,0,0,0,0,0,0,Open,0,0,0,Fine,Null
1761502,5914196,3285,,520202,0,0,0,1,0,South,2008/2009,SH 1N,PENROSE INT,,Non-Injury Crash,Yes,2009,0,South,0,0,0,Flat,1,,0,,0,Bright sun,612700,0,0,0,3,0,0,0,0,0,,0,0,Auckland Region,Nil,1-way,Sealed,0,0,0,0,100,0,Off,0,0,,76,Auckland,Nil,0,0,0,0,0,0,Open,0,0,0,Fine,Null
1753552,5924968,3286,,510401,0,0,0,2,0,East,2008/2009,JOHN COURT ST,MAHARA AVENUE,,Non-Injury Crash,No,2009,0,North,0,0,0,Flat,0,,0,,0,Overcast,351201,0,0,0,1,0,0,0,0,1,,0,0,Auckland Region,Nil,1-way,Sealed,0,0,0,0,50,0,Off,0,0,,76,Auckland,Nil,0,0,0,0,0,0,Urban,0,0,0,Light rain,Null
1800309,5816413,3287,,529700,0,,0,2,,South,2009/2010,VICTORIA ST,BOUNDARY ROAD,,Non-Injury Crash,No,2009,,North,,0,,Flat,,,,,,Overcast,909302,0,0,0,5,,,0,,,,,,Waikato Region,Nil,2-way,Sealed,,0,0,,50,,Off,0,0,,16,Hamilton City,Traffic Signals,,,,,0,0,Urban,0,,,Light rain,Null
1726118,6041061,3288,,501818,0,0,0,0,0,North,2009/2010,WHANGAREI HEADS ROAD,MAY GROVE LANE,,Non-Injury Crash,No,2009,0,North,0,0,0,Flat,0,,0,,0,Dark,73400,0,0,0,2,0,0,0,0,0,,0,0,Northland Region,Nil,2-way,Sealed,0,0,0,0,100,0,None,0,0,,2,Whangarei District,Nil,0,0,0,0,0,0,Open,1,0,0,Fine,Null
1755643,5928442,3289,,508320,0,,0,2,,West,2008/2009,ARCHERS ROAD,WAIRAU ROAD,,Non-Injury Crash,No,2009,,East,,0,,Flat,,,,,,Bright sun,198500,0,0,0,2,,,0,,,,,,Auckland Region,Nil,2-way,Sealed,,0,0,,50,,Off,0,0,,76,Auckland,Give way,,,,,0,0,Urban,0,,,Null,Null
1767185,5898366,3290,,525102,0,0,0,0,0,North,2009/2010,STRANRAER CRESCENT,ABERDEEN CRESCENT,,Non-Injury Crash,No,2009,0,North,0,0,0,Flat,0,,0,,0,Bright sun,769034,0,0,0,2,0,0,0,0,1,,0,0,Auckland Region,Nil,2-way,Sealed,0,0,0,0,50,0,Null,1,0,,76,Auckland,Unknown,0,0,0,0,0,0,Urban,1,0,0,Fine,Null
1769112,5904016,3291,,523820,0,0,0,2,0,East,2009/2010,ASTELIA PLACE,RANSOM SMYTH DRIVE,,Non-Injury Crash,No,2009,0,South,0,0,0,Hill Road,0,,0,,0,Bright sun,760114,0,0,0,0,0,0,0,0,1,,0,0,Auckland Region,Nil,2-way,Sealed,0,0,0,0,50,0,Off,0,0,,76,Auckland,Nil,0,0,0,0,0,0,Urban,0,0,0,Null,Null
1837203,5863586,3292,,534200,0,1,0,1,0,North,2008/2009,SH 26,KOMATA REEFS ROAD,,Non-Injury Crash,Yes,2009,0,South,0,0,0,Hill Road,0,,0,,0,Bright sun,1075100,0,0,0,2,0,0,0,0,0,,0,0,Waikato Region,Bridge,2-way,Sealed,0,0,0,0,100,0,Null,0,0,,12,Hauraki District,Unknown,0,0,0,0,0,0,Open,0,0,0,Fine,Null
1868772,5830735,3293,,536000,0,0,0,1,0,Null,2009/2010,BRAMLEY DRIVE,VIVIAN DRIVE,,Non-Injury Crash,No,2009,0,West,0,0,0,Hill Road,0,,1,,1,Dark,1187001,0,0,0,2,0,0,0,0,0,,0,0,Bay of Plenty Region,Nil,2-way,Sealed,0,0,0,0,50,0,On,0,0,,22,Western Bay of Plenty District,Nil,0,0,0,0,0,0,Urban,0,0,0,Light rain,Null
1761324,5906206,3294,,524200,0,,0,2,,Null,2008/2009,MASSEY ROAD,FRIESIAN DRIVE,,Non-Injury Crash,No,2009,,West,,0,,Flat,,,,,,Bright sun,728801,0,0,0,2,,,0,,,,,,Auckland Region,Nil,2-way,Sealed,,0,0,,60,,Null,0,0,,76,Auckland,Stop,,,,,0,0,Urban,0,,,Fine,Null
1701593,5679503,3295,,550902,0,,0,2,,Null,2008/2009,SH 3,DE HAVILLAND DRIVE,,Non-Injury Crash,Yes,2009,,West,,0,,Flat,,,,,,Twilight,1562801,0,0,0,2,,,0,,,,,,Taranaki Region,Nil,2-way,Sealed,,0,0,,100,,Off,0,0,,33,New Plymouth District,Give way,,,,,0,0,Open,0,,,Fine,Null
1850019,5763730,3296,,535360,0,0,0,1,0,West,2008/2009,KIWI ST,RURU PLACE,,Non-Injury Crash,No,2009,0,West,0,0,1,Flat,0,,0,,0,Dark,1146301,0,0,0,2,0,0,0,0,0,,0,0,Waikato Region,Nil,2-way,Sealed,0,0,0,0,50,0,On,0,0,,19,South Waikato District,Unknown,0,0,0,0,0,0,Urban,0,0,0,Fine,Null
1906292,5815186,3297,,535900,0,,0,2,,Null,2009/2010,BLEDISLOE PARK AVENUE,LYNDHURST AVENUE,,Non-Injury Crash,No,2009,,South,,0,,Hill Road,,Christmas New Year,,,,Bright sun,1209002,0,0,0,2,,,0,,,,,,Bay of Plenty Region,Nil,2-way,Sealed,,0,0,,50,,Null,0,0,,22,Western Bay of Plenty District,Give way,,,,,0,0,Urban,0,,,Fine,Null
1758204,5920238,3298,,514103,0,,0,1,,West,2009/2010,PARNELL RISE,SH 16,,Non-Injury Crash,No,2009,,East,,0,,Flat,,,,,,Overcast,438203,0,0,0,4,,,0,,,,,,Auckland Region,Nil,2-way,Sealed,,0,0,,50,,Off,0,0,,76,Auckland,Nil,,,,,1,0,Urban,0,,,Light rain,Null
1749544,5430126,3299,,572900,0,,0,1,,South,2008/2009,AOTEA QUAY,HUTT ROAD,,Minor Crash,No,2009,,North,,0,,Flat,,,,,,Dark,2118400,2,0,0,2,,,0,,,,,,Wellington Region,Nil,2-way,Sealed,,0,0,,50,,On,0,0,,47,Wellington City,Nil,,,,,0,0,Urban,0,,,Fine,Null
1925080,5606986,3300,,548620,0,0,0,2,0,North,2008/2009,Z CPK SWANSEA VILLAGE,SWANSEA/HENDERSON,,Non-Injury Crash,No,2009,0,South,0,0,0,Flat,0,,0,,0,Overcast,1473700,0,0,0,0,0,0,0,0,1,,0,0,Hawke's Bay Region,Nil,Off road,Sealed,0,0,0,0,50,0,Null,0,0,,30,Hastings District,Nil,0,0,0,0,0,0,Urban,0,0,0,Fine,Null
1764081,5909820,3301,,521901,0,,0,2,,West,2009/2010,MASON AVENUE,GREAT SOUTH ROAD,,Non-Injury Crash,No,2009,,East,,0,,Flat,,,,,,Bright sun,784400,0,0,0,2,,,0,,,,,,Auckland Region,Nil,2-way,Sealed,,0,0,,50,,Off,0,0,,76,Auckland,Nil,,,,,0,0,Urban,0,,,Fine,Null
1810222,5870180,3302,,533901,0,0,0,1,0,Null,2009/2010,SH 2,SH 27,,Non-Injury Crash,Yes,2009,0,West,0,0,1,Flat,0,,0,,0,Overcast,1068700,0,0,0,1,0,0,0,0,0,,0,1,Waikato Region,Nil,2-way,Sealed,0,0,0,0,100,0,Null,0,0,,12,Hauraki District,Give way,0,0,0,0,0,0,Open,0,0,0,Mist or Fog,Null
1759829,5436172,3303,,569100,0,,0,1,,Null,2008/2009,Z CPK QUEENSGATE MALL,QUEENS DRIVE,,Non-Injury Crash,No,2009,,West,,0,,Flat,,,,,,Overcast,1968100,0,0,0,0,,,0,,,,,,Wellington Region,Nil,Off road,Sealed,,0,0,,50,,Null,0,0,,46,Lower Hutt City,Nil,,,,,0,0,Urban,1,,,Fine,Null
1242546,4851733,3304,,610800,0,,0,2,,Null,2008/2009,RUSSEL ST,LEWIS ST,,Minor Crash,No,2009,,South,,0,,Flat,,,,,,Twilight,3118200,1,0,0,2,,,0,,,,,,Southland Region,Nil,2-way,Sealed,,0,0,,50,,Off,0,0,,75,Invercargill City,Give way,,,,,0,0,Urban,0,,,Fine,Null
1768573,5903143,3305,,524602,0,0,0,0,0,Null,2009/2010,SH 1N,MANUKAU OFF NBD,,Non-Injury Crash,Yes,2009,0,North,0,0,0,Flat,0,,0,,0,Overcast,780508,0,0,0,2,0,0,0,0,0,,0,0,Auckland Region,Nil,2-way,Sealed,1,0,0,0,100,0,Null,0,0,,76,Auckland,Nil,0,1,0,0,0,0,Open,1,0,0,Fine,Null
1754299,5928176,3306,40,508310,0,,0,2,,Null,2008/2009,CHIVALRY ROAD,DIANA DRIVE,,Non-Injury Crash,No,2009,,West,,0,,Flat,,,,,,Bright sun,200600,0,0,0,2,,,0,,,,,,Auckland Region,Nil,2-way,Sealed,,0,0,,50,,Off,0,0,,76,Auckland,Traffic Signals,,,,,0,0,Urban,0,,,Fine,Null
1312167,4983799,3307,,608302,0,0,0,1,0,Null,2008/2009,EARNSCLEUGH ROAD,FRASER RIV BR,,Minor Crash,No,2009,0,North,0,0,0,Flat,0,,0,,0,Bright sun,3022600,1,0,0,2,0,0,0,0,0,,0,0,Otago Region,Bridge,2-way,Sealed,0,0,0,0,100,0,Null,0,0,,69,Central Otago District,Unknown,0,0,0,0,0,0,Open,0,0,1,Fine,Null
1758437,5918093,3308,,517400,0,,0,2,,Null,2008/2009,BROADWAY,REMUERA ROAD,,Non-Injury Crash,No,2009,,South,,0,,Flat,,,,,,Bright sun,451300,0,0,0,6,,,0,,,,,,Auckland Region,Nil,2-way,Sealed,,0,0,,50,,Off,0,0,,76,Auckland,Traffic Signals,,,,,0,0,Urban,0,,,Fine,Null
1405566,4917493,3309,,604010,0,0,0,0,0,Null,2008/2009,STUART ST,LITTLEBOURNE ROAD N,,Serious Crash,No,2009,0,South,0,0,0,Hill Road,0,,0,,0,Overcast,2906500,1,0,0,4,0,0,0,0,0,,0,0,Otago Region,Nil,2-way,Sealed,0,0,1,0,50,0,Null,1,0,,71,Dunedin City,Give way,0,0,0,1,0,0,Urban,0,0,0,Fine,Null
1719243,6046791,3310,,502800,0,0,0,2,0,South,2008/2009,KENT ROAD,MANSE ST,,Non-Injury Crash,No,2009,0,East,0,0,0,Flat,0,,0,,0,Overcast,96100,0,0,0,1,0,0,0,0,1,,0,0,Northland Region,Nil,2-way,Sealed,0,0,0,0,50,0,None,0,0,,2,Whangarei District,Nil,0,0,0,0,0,0,Urban,0,0,0,Fine,Null
1760462,5946123,3311,,505910,0,0,0,1,0,Null,2008/2009,PINECREST DRIVE,VOYAGER DRIVE N,,Non-Injury Crash,No,2009,0,East,0,0,0,Hill Road,0,,0,,0,Twilight,175133,0,0,0,2,0,0,0,0,0,,1,0,Auckland Region,Nil,2-way,Sealed,0,0,0,0,50,0,On,0,0,,76,Auckland,Give way,0,0,0,0,0,0,Urban,0,0,0,Fine,Null
1754177,5929821,3312,,508420,0,0,0,3,0,North,2008/2009,CHEVAL DRIVE,LEIDEN PLACE,,Non-Injury Crash,No,2009,0,North,0,0,0,Hill Road,0,,0,,0,Dark,182702,0,0,0,2,0,0,0,0,1,,0,0,Auckland Region,Nil,2-way,Sealed,0,0,0,0,50,0,On,0,0,,76,Auckland,Unknown,0,0,0,0,0,0,Urban,0,0,0,Fine,Null
1766277,5899590,3313,,524812,0,,0,1,,North,2009/2010,WEYMOUTH ROAD,DAMIAN WAY,,Non-Injury Crash,No,2009,,North,,0,,Flat,,,,,,Overcast,774201,0,0,0,2,,,0,,,,,,Auckland Region,Nil,2-way,Sealed,,0,0,,50,,Null,0,0,,76,Auckland,Unknown,,,,,0,0,Urban,1,,,Fine,Null
1757526,5918596,3314,,514302,0,0,0,1,0,South,2008/2009,SH 1N,WELLESLEY OFF NBD,,Non-Injury Crash,Yes,2009,0,North,0,0,0,Hill Road,1,,0,,0,Dark,442100,0,0,0,1,0,0,0,0,0,,0,0,Auckland Region,Motorway ramp,1-way,Sealed,0,0,0,0,100,0,On,0,0,50,76,Auckland,Unknown,0,0,0,0,0,0,Open,0,0,0,Light rain,Null