X,Y,OBJECTID,advisorySpeed,areaUnitID,bicycle,bridge,bus,carStationWagon,cliffBank,crashDirectionDescription,crashFinancialYear,crashLocation1,crashLocation2,crashRoadSideRoad,crashSeverity,crashSHDescription,crashYear,debris,directionRoleDescription,ditch,fatalCount,fence,flatHill,guardRail,holiday,houseOrBuilding,intersection,kerb,light,meshblockId,minorInjuryCount,moped,motorcycle,NumberOfLanes,objectThrownOrDropped,otherObject,otherVehicleType,overBank,parkedVehicle,pedestrian,phoneBoxEtc,postOrPole,region,roadCharacter,roadLane,roadSurface,roadworks,schoolBus,seriousInjuryCount,slipOrFlood,speedLimit,strayAnimal,streetLight,suv,taxi,temporarySpeedLimit,tlaId,tlaName,trafficControl,trafficIsland,trafficSign,train,tree,truck,unknownVehicleType,urban,vanOrUtility,vehicle,waterRiver,weatherA,weatherB
1813800,5803926,3315,,527133,0,,0,2,,North,2008/2009,SH 1N,HANLIN ROAD,,Non-Injury Crash,Yes,2009,,South,,0,,Flat,,,,,,Bright sun,959904,0,0,0,2,,,0,,,,,,Waikato Region,Nil,2-way,Sealed,,0,0,,100,,Null,0,0,,17,Waipa District,Unknown,,,,,0,0,Open,0,,,Fine,Null
1836226,5860027,3316,,534300,0,0,0,1,0,Null,2008/2009,SH 2,STATION ROAD,,Non-Injury Crash,Yes,2009,0,West,0,0,0,Flat,0,,0,,0,Bright sun,1072502,0,0,0,2,0,0,0,0,0,,0,0,Waikato Region,Nil,2-way,Sealed,0,0,0,0,50,0,Off,0,0,,12,Hauraki District,Nil,0,0,0,1,0,0,Urban,0,0,0,Null,Null
1745398,5916124,3317,,510800,0,,0,2,,North,2009/2010,RAILSIDE AVENUE,BRUCE MCLAREN ROAD,,Non-Injury Crash,No,2009,,North,,0,,Flat,,,,,,Bright sun,244600,0,0,0,2,,,0,,,,,,Auckland Region,Nil,2-way,Sealed,,0,0,,50,,Null,0,0,,76,Auckland,Unknown,,,,,0,0,Urban,0,,,Fine,Null
1821199,5871578,3318,,533800,0,0,0,2,0,East,2009/2010,SH 2,PAUL DRIVE,,Non-Injury Crash,Yes,2009,0,West,0,0,0,Flat,0,,0,,0,Bright sun,1068200,0,0,0,2,0,0,0,0,1,,0,0,Waikato Region,Nil,2-way,Sealed,0,0,0,0,50,0,Null,0,0,,12,Hauraki District,Unknown,0,0,0,0,1,0,Urban,0,1,0,Fine,Null
1879134,5824205,3319,,538201,0,,0,2,,Null,2009/2010,ELIZABETH ST,CAMERON ROAD,,Non-Injury Crash,No,2009,,South,,0,,Flat,,,,,,Overcast,1164700,0,0,0,2,,,0,,,,,,Bay of Plenty Region,Nil,2-way,Sealed,,0,0,,50,,Null,0,0,,23,Tauranga City,Traffic Signals,,,,,0,0,Urban,0,,,Fine,Null
1691922,5676194,3320,,551900,0,0,0,2,0,East,2008/2009,SH 44,MORLEY ST,,Non-Injury Crash,Yes,2009,0,East,0,0,0,Flat,0,,0,,0,Overcast,1588500,0,0,0,2,0,0,0,0,0,,0,0,Taranaki Region,Nil,2-way,Sealed,0,0,0,0,50,0,Null,0,1,,33,New Plymouth District,Nil,0,0,0,0,0,0,Urban,0,1,0,Fine,Null
1755145,5934938,3321,,507101,0,0,0,1,0,East,2008/2009,GLENCOE ROAD,OAKTREE AVENUE,,Non-Injury Crash,No,2009,0,West,0,0,1,Flat,0,,0,,0,Dark,161701,0,0,0,2,0,0,0,0,0,,0,0,Auckland Region,Nil,2-way,Sealed,0,0,0,0,50,0,On,0,0,,76,Auckland,Nil,0,0,0,0,0,0,Urban,0,0,0,Fine,Null
1735269,5908815,3322,45,513800,0,0,0,1,0,East,2008/2009,PIHA ROAD,LONE KAURI ROAD,,Non-Injury Crash,No,2009,0,West,1,0,0,Flat,0,,0,,0,Overcast,282007,0,0,0,2,0,0,0,0,0,,0,0,Auckland Region,Nil,2-way,Sealed,0,0,0,0,100,0,Null,0,0,,76,Auckland,Unknown,0,0,0,0,0,0,Open,0,0,0,Light rain,Null
1761094,5919711,3323,,516400,0,,0,1,,South,2008/2009,NGAPIPI ROAD,TAMAKI DRIVE,,Non-Injury Crash,No,2009,,South,,0,,Flat,,,,,,Overcast,496900,0,0,0,2,,,0,,,,,,Auckland Region,Nil,2-way,Sealed,,0,0,,50,,Null,0,0,,76,Auckland,Unknown,,,,,0,0,Urban,0,,,Light rain,Null
1738105,5929241,3324,,505602,0,0,0,1,0,East,2009/2010,SH 16,MATUA ROAD E,,Non-Injury Crash,Yes,2009,0,North,0,0,1,Flat,0,,0,,0,Dark,215904,0,0,0,2,0,0,0,0,0,,0,0,Auckland Region,Nil,2-way,Sealed,0,0,0,0,50,0,On,0,0,,76,Auckland,Nil,0,0,0,0,0,0,Urban,0,0,0,Fine,Null
1757515,5920902,3325,,514101,0,,0,2,,Null,2009/2010,CUSTOMS ST WEST,QUEEN ST,,Non-Injury Crash,No,2009,,East,,0,,Flat,,,,,,Dark,432900,0,0,0,4,,,0,,,,,,Auckland Region,Nil,2-way,Sealed,,0,0,,50,,On,0,1,,76,Auckland,Traffic Signals,,,,,0,0,Urban,0,,,Fine,Null
1798090,5815053,3326,,529000,0,,0,2,,Null,2009/2010,RIFLE RANGE ROAD,ABERDEEN DRIVE,,Non-Injury Crash,No,2009,,North,,0,,Flat,,,,,,Overcast,916900,0,0,0,2,,,0,,,,,,Waikato Region,Nil,2-way,Sealed,,0,0,,50,,Off,0,0,,16,Hamilton City,Give way,,,,,0,0,Urban,1,,,Fine,Null
1567930,5179477,3327,,590800,0,,0,2,,Null,2009/2010,CLARENCE ST,BLENHEIM ROAD,,Minor Crash,No,2009,,South,,0,,Flat,,,,,,Bright sun,2474200,1,0,0,4,,,0,,,,,,Canterbury Region,Nil,2-way,Sealed,,0,0,,60,,Null,1,0,,60,Christchurch City,Traffic Signals,,,,,0,0,Urban,0,,,Fine,Null
1840953,5817092,3328,,535220,0,0,0,1,0,North,2008/2009,LANDSDOWNE ROAD,SCHERER ROAD,,Non-Injury Crash,No,2009,0,North,0,0,1,Flat,0,,0,,0,Dark,1112100,0,0,0,2,0,0,0,0,0,,0,0,Waikato Region,Nil,2-way,Sealed,0,0,0,0,100,0,None,0,0,,15,Matamata-Piako District,Unknown,0,0,0,0,0,0,Open,0,0,0,Mist or Fog,Null
1862064,5695005,3329,,541346,0,0,0,0,0,East,2009/2010,SH 1N,REREAHU AVENUE,,Non-Injury Crash,Yes,2009,0,East,0,0,0,Hill Road,0,,0,,0,Dark,1281602,0,0,0,3,0,1,0,0,0,,0,0,Waikato Region,Nil,2-way,Sealed,0,0,0,0,100,0,None,0,0,,21,Taupo District,Unknown,0,0,0,0,1,0,Open,0,0,0,Heavy rain,Null
1882151,5812593,3330,,536642,0,0,0,1,0,Null,2009/2010,ROWE ROAD,KAITEMAKO ROAD SOUTH,,Non-Injury Crash,No,2009,0,North,1,0,0,Flat,0,,0,,0,Dark,1207600,0,0,0,2,0,0,0,0,0,,0,0,Bay of Plenty Region,Nil,2-way,Unsealed,0,0,0,0,100,0,None,0,0,,22,Western Bay of Plenty District,Nil,0,0,0,0,0,0,Open,0,0,0,Light rain,Null
1868375,5712785,3331,,541740,0,0,0,1,0,Null,2009/2010,ROKINO ROAD,HUIA ST,,Non-Injury Crash,No,2009,0,West,0,0,0,Flat,0,,0,,0,Dark,1268700,0,0,0,2,0,0,1,0,1,,0,0,Waikato Region,Nil,2-way,Sealed,0,0,0,0,50,0,On,0,0,,21,Taupo District,Nil,0,0,0,0,0,0,Urban,0,0,0,Light rain,Null
1764269,5908977,3332,,521901,0,0,0,2,0,West,2009/2010,MANGERE ROAD,GREAT SOUTH ROAD,,Non-Injury Crash,No,2009,0,East,0,0,0,Flat,0,,0,,0,Dark,785200,0,0,0,4,0,0,0,0,1,,0,0,Auckland Region,Nil,2-way,Sealed,0,0,0,0,50,0,On,0,0,,76,Auckland,Nil,0,0,0,0,0,0,Urban,0,0,0,Heavy rain,Null
1751205,5913970,3333,,514402,0,,0,1,,East,2008/2009,WOLVERTON ST,ST GEORGES ROAD,,Non-Injury Crash,No,2009,,East,,0,,Flat,,,,,,Overcast,379402,0,0,0,2,,,0,,,,,,Auckland Region,Nil,2-way,Sealed,,0,0,,50,,Off,1,0,,76,Auckland,Nil,,,,,0,0,Urban,0,,,Heavy rain,Null
1755332,5921896,3334,60,515202,0,,0,2,,Null,2009/2010,SH 1N,CURRAN ON NBD,,Non-Injury Crash,Yes,2009,,North,,0,,Hill Road,,,,,,Bright sun,423600,0,0,0,2,,,0,,,,,,Auckland Region,Bridge,1-way,Sealed,,0,0,,80,,Off,0,0,,76,Auckland,Nil,,,,,0,0,Open,0,,,Fine,Null
1826206,5885826,3335,,533502,0,,0,2,,Null,2009/2010,SH 25,MACKAY ST,,Non-Injury Crash,Yes,2009,,South,,0,,Flat,,,,,,Overcast,1055700,0,0,0,2,,,0,,,,,,Waikato Region,Nil,2-way,Sealed,,0,0,,50,,Null,0,0,,11,Thames-Coromandel District,Stop,,,,,0,0,Urban,0,,,Fine,Null
1801875,5817974,3336,,529502,0,0,0,1,0,Null,2009/2010,INSOLL AVENUE,SPRINGFIELD CRESCENT,,Non-Injury Crash,No,2009,0,West,0,0,0,Flat,0,,0,,1,Dark,873600,0,0,0,2,0,0,0,0,0,,0,0,Waikato Region,Nil,2-way,Sealed,0,0,0,0,50,0,On,0,0,,16,Hamilton City,Nil,0,0,0,0,0,0,Urban,0,0,0,Fine,Null
1755383,5932240,3337,,508805,0,,1,1,,North,2008/2009,EAST COAST ROAD,MAXWELTON DRIVE,,Non-Injury Crash,No,2009,,South,,0,,Flat,,,,,,Bright sun,151101,0,0,0,4,,,0,,,,,,Auckland Region,Nil,2-way,Sealed,,0,0,,50,,Null,0,0,,76,Auckland,Nil,,,,,0,0,Urban,0,,,Fine,Null
1756741,5918553,3338,,515600,0,,0,1,,Null,2008/2009,NEW NORTH ROAD,EXMOUTH ST,,Non-Injury Crash,No,2009,,East,,0,,Hill Road,,,,,,Overcast,420500,0,0,0,4,,,0,,,,,,Auckland Region,Nil,2-way,Sealed,,0,0,,50,,Null,1,0,,76,Auckland,Traffic Signals,,,,,0,0,Urban,0,,,Light rain,Null
1771072,5903851,3339,,523819,0,0,0,1,0,Null,2009/2010,REDOUBT ROAD,MILL ROAD,,Non-Injury Crash,No,2009,0,West,1,0,0,Hill Road,0,,0,,0,Dark,760500,0,0,0,2,0,0,0,0,0,,0,0,Auckland Region,Nil,2-way,Sealed,0,0,0,0,70,0,None,0,0,,76,Auckland,Nil,0,0,0,0,0,0,Urban,0,0,0,Fine,Null
1819460,5607032,3340,,559220,0,0,0,0,0,South,2008/2009,TURAKINA VALLEY ROAD,PUWEHEA ROAD,,Non-Injury Crash,No,2009,0,South,1,0,0,Flat,0,,0,,0,Overcast,1745600,0,0,0,2,0,0,0,0,0,,0,0,Manawatū-Whanganui Region,Nil,2-way,Unsealed,0,0,0,0,100,0,Null,1,0,,38,Rangitikei District,Nil,0,0,0,1,1,0,Open,0,0,0,Light rain,Null
1678325,6020174,3341,,504501,0,,0,1,,Null,2008/2009,RIVER ROAD,MOUNT WESLEY COAST ROAD,,Non-Injury Crash,No,2009,,South,,0,,Flat,,,,,,Overcast,117700,0,0,0,2,,,0,,,,,,Northland Region,Nil,2-way,Sealed,,0,0,,50,,None,0,0,,3,Kaipara District,Nil,,,,,1,0,Urban,0,,,Fine,Null
1757180,5919858,3342,,514103,0,,0,2,,Null,2008/2009,QUEEN ST,MAYORAL DRIVE,,Non-Injury Crash,No,2009,,West,,0,,Flat,,,,,,Dark,436100,0,0,0,4,,,0,,,,,,Auckland Region,Nil,2-way,Sealed,,0,0,,50,,On,0,0,,76,Auckland,Traffic Signals,,,,,0,0,Urban,0,,,Heavy rain,Null
1570883,5180128,3343,,591500,0,,0,2,,South,2009/2010,MANCHESTER ST,WORCESTER ST,,Minor Crash,No,2009,,South,,0,,Flat,,,,,,Bright sun,2651200,1,0,0,2,,,0,,,,,,Canterbury Region,Nil,2-way,Sealed,,0,0,,50,,Null,0,0,,60,Christchurch City,Unknown,,,,,0,0,Urban,0,,,Fine,Null
1890018,5743294,3344,,538842,0,0,0,1,0,South,2008/2009,SH 5,WHAREPAPA ROAD,,Non-Injury Crash,Yes,2009,0,North,0,0,1,Flat,0,,0,,0,Bright sun,1260401,0,0,0,2,0,0,0,0,0,,0,0,Waikato Region,Nil,2-way,Sealed,0,0,0,0,100,0,Null,0,0,,24,Rotorua District,Unknown,0,0,0,0,0,0,Open,0,0,0,Fine,Null
1765021,5914949,3345,,520301,0,,0,1,,North,2009/2010,JELLICOE ROAD,PLEASANT VIEW ROAD,,Non-Injury Crash,No,2009,,South,,0,,Flat,,,,,,Bright sun,628002,0,0,0,4,,,0,,,,,,Auckland Region,Nil,2-way,Sealed,,0,0,,50,,Off,0,0,,76,Auckland,Nil,,,,,1,0,Urban,0,,,Fine,Null
1766391,5912846,3346,,522920,0,,0,1,,West,2008/2009,PAKURANGA HIGHWAY,TI RAKAU DRIVE,,Non-Injury Crash,No,2009,,West,,0,,Flat,,,,,,Bright sun,683800,0,0,0,2,,,0,,,,,,Auckland Region,Bridge,1-way,Sealed,,0,0,,80,,Off,0,0,,76,Auckland,Nil,,,,,1,0,Open,1,,,Fine,Null
1755478,5922158,3347,,515202,0,,0,1,,North,2009/2010,SH 1N,CURRAN ON NBD,,Non-Injury Crash,Yes,2009,,North,,0,,Hill Road,,,,,,Overcast,423600,0,0,0,4,,,0,,,,,,,Bridge,1-way,Sealed,,0,0,,80,,Off,0,0,,76,Auckland,Nil,,,,,0,0,Open,1,,,Fine,Null
1292995,5037654,3348,,609029,0,0,0,1,0,South,2008/2009,CARDRONA VALLEY ROAD,RIVERBANK ROAD,,Minor Crash,No,2009,0,North,0,0,1,Flat,0,,0,,0,Dark,3038903,1,0,0,2,0,0,0,0,0,,0,0,Otago Region,Nil,2-way,Sealed,0,0,0,0,100,0,None,0,0,,70,Queenstown-Lakes District,Unknown,0,0,0,1,0,0,Open,0,0,0,Fine,Null
1758863,5920295,3349,35,514101,0,,0,1,,Null,2008/2009,SH 16,ST GEORGES BAY ROAD,,Non-Injury Crash,Yes,2009,,East,,0,,Flat,,,,,,Bright sun,438221,0,0,0,3,,,0,,,,,,Auckland Region,Nil,2-way,Sealed,,0,0,,50,,Null,0,0,,76,Auckland,Give way,,,,,0,0,Urban,1,,,Fine,Null
1710326,5644839,3350,,553101,0,0,0,1,0,Null,2008/2009,HAMLET ST,REGAN ST,,Non-Injury Crash,No,2009,0,South,0,0,0,Flat,0,,0,,1,Twilight,1612900,0,0,0,2,0,0,0,0,0,,0,0,Taranaki Region,Nil,2-way,Sealed,0,0,0,0,50,0,Off,0,0,,34,Stratford District,Nil,0,1,0,0,0,0,Urban,0,0,0,Fine,Null
1751535,5947921,3351,,505807,0,,0,2,,Null,2009/2010,HIBISCUS COAST HIGHWAY,RED BEACH ROAD,,Non-Injury Crash,No,2009,,South,,0,,Hill Road,,,,,,Bright sun,172502,0,0,0,2,,,0,,,,,,Auckland Region,Nil,2-way,Sealed,,0,0,,50,,Off,0,0,,76,Auckland,Traffic Signals,,,,,0,0,Urban,0,,,Fine,Null
1676393,6083140,3352,,501634,0,,1,1,,East,2008/2009,SH 12,NGAWHA SPRINGS ROAD,,Non-Injury Crash,Yes,2009,,West,,0,,Flat,,,,,,Dark,37000,0,0,0,2,,,0,,,,,,Northland Region,Nil,2-way,Sealed,,0,0,,100,,None,0,0,,1,Far North District,Unknown,,,,,0,0,Open,0,,,Light rain,Null
1757591,5918590,3353,,514302,0,,0,0,,West,2008/2009,KHYBER PASS ROAD,PARKFIELD TERRACE,,Non-Injury Crash,No,2009,,West,,0,,Flat,,,,,,Bright sun,442100,0,0,0,5,,,0,,,,,,Auckland Region,Nil,2-way,Sealed,,0,0,,50,,Null,1,0,,76,Auckland,Traffic Signals,,,,,0,0,Urban,1,,,Fine,Null
1876382,5819571,3354,,537601,0,0,0,1,0,Null,2008/2009,MANSELS ROAD,EMMETT ST,,Non-Injury Crash,No,2009,0,South,0,0,1,Flat,0,,0,,0,Dark,1176200,0,0,0,2,0,0,0,0,0,,0,0,Bay of Plenty Region,Nil,2-way,Sealed,0,0,0,0,50,0,On,0,0,,23,Tauranga City,Nil,0,0,0,0,0,0,Urban,0,0,0,Fine,Null
1884161,5774898,3355,,540410,0,,0,2,,South,2009/2010,TAREWA ROAD,LAKE ROAD,,Non-Injury Crash,No,2009,,South,,0,,Flat,,,,,,Overcast,1231800,0,0,0,2,,,0,,,,,,Bay of Plenty Region,Nil,2-way,Sealed,,0,0,,50,,None,0,0,,24,Rotorua District,Unknown,,,,,0,0,Urban,0,,,Light rain,Null
1748681,5918578,3356,,514801,0,,0,2,,East,2009/2010,SH 16,PATIKI OBR,,Non-Injury Crash,Yes,2009,,West,,0,,Hill Road,,,,,,Dark,389200,0,0,0,3,,,0,,,,,,Auckland Region,Nil,1-way,Sealed,,0,0,,100,,On,0,0,,76,Auckland,Unknown,,,,,0,0,Open,0,,,Fine,Null
1745871,5925176,3357,,513522,0,,0,1,,Null,2009/2010,HOBSONVILLE ROAD,MARINA VIEW DRIVE,,Non-Injury Crash,No,2009,,South,,0,,Flat,,,,,,Overcast,224104,0,0,0,2,,,0,,,,,,Auckland Region,Nil,2-way,Sealed,,0,0,,50,,Off,0,0,,76,Auckland,Stop,,,,,0,0,Urban,1,,,Light rain,Null
1877273,5826594,3358,,537201,0,,0,2,,Null,2009/2010,NGATAI ROAD,FREYBERG ST,,Non-Injury Crash,No,2009,,East,,0,,Flat,,,,,,Overcast,1154601,0,0,0,2,,,0,,,,,,Bay of Plenty Region,Nil,2-way,Sealed,,0,0,,50,,Null,0,0,,23,Tauranga City,Stop,,,,,0,0,Urban,0,,,Fine,Null
1854750,5876791,3359,,533300,0,0,0,1,0,Null,2009/2010,OTAHU ROAD,WILLIAMSON ROAD,,Non-Injury Crash,No,2009,0,West,0,0,0,Flat,0,,0,,0,Bright sun,1061509,0,0,0,1,0,0,0,0,0,,0,0,Waikato Region,Nil,2-way,Sealed,0,0,0,0,50,0,Off,0,0,,11,Thames-Coromandel District,Give way,0,0,0,1,0,0,Urban,0,0,0,Fine,Null
1804346,5814392,3360,,530700,0,,0,2,,Null,2009/2010,MASTERS AVENUE,CARRINGTON AVENUE,,Non-Injury Crash,No,2009,,West,,0,,Flat,,,,,,Bright sun,888500,0,0,0,1,,,0,,,,,,Waikato Region,Nil,2-way,Sealed,,0,0,,50,,Off,0,0,,16,Hamilton City,Give way,,,,,0,0,Urban,0,,,Fine,Null
1756191,5924139,3361,,509800,0,,0,3,,South,2009/2010,SH 1N,ONEWA ON SBD,,Non-Injury Crash,Yes,2009,,South,,0,,Flat,,,,,,Overcast,361100,0,0,0,4,,,0,,,,,,Auckland Region,Nil,1-way,Sealed,,0,0,,100,,Null,0,0,,76,Auckland,Unknown,,,,,0,0,Open,0,,,Fine,Null
1720023,6052172,3362,,502001,0,0,0,1,0,South,2008/2009,VINEGAR HILL ROAD,RIVERSONG ROAD,,Non-Injury Crash,No,2009,0,South,1,0,0,Flat,0,,0,,0,Overcast,63801,0,0,0,2,0,0,0,0,0,,0,0,Northland Region,Nil,2-way,Sealed,0,0,0,0,100,0,Null,0,0,,2,Whangarei District,Unknown,0,0,0,0,0,0,Open,0,0,0,Light rain,Null
1569335,5179157,3363,,591500,1,0,0,0,0,East,2008/2009,MOORHOUSE AVENUE,HAGLEY AVENUE,,Minor Crash,No,2009,0,East,0,0,0,Flat,0,,0,,0,Bright sun,2647600,1,0,0,6,0,0,0,0,1,,0,0,Canterbury Region,Nil,2-way,Sealed,0,0,0,0,50,0,Null,0,0,,60,Christchurch City,Unknown,0,0,0,0,0,0,Urban,1,0,0,Fine,Null
1770586,5912304,3364,,523106,0,0,0,1,0,South,2008/2009,MILLHOUSE DRIVE,KILIMANJARO DRIVE,,Non-Injury Crash,No,2009,0,North,0,0,0,Flat,0,Queens Birthday,0,,0,Dark,711164,0,0,0,2,0,0,0,0,0,,0,1,Auckland Region,Nil,2-way,Sealed,0,0,0,0,50,0,On,0,0,,76,Auckland,Nil,0,0,0,0,0,0,Urban,0,0,0,Fine,Null
1756027,5921058,3365,,515202,0,,0,3,,North,2008/2009,SH 1N,FANSHAWE ON NBD,,Non-Injury Crash,Yes,2009,,North,,0,,Flat,,,,,,Dark,425600,0,0,0,1,,,0,,,,,,Auckland Region,Nil,1-way,Sealed,,0,0,,50,,On,0,0,,76,Auckland,Nil,,,,,0,0,Urban,0,,,Fine,Null
1876094,5819950,3366,,537601,0,,0,2,,Null,2008/2009,CHADWICK ROAD,CAMERON ROAD,,Non-Injury Crash,No,2009,,East,,0,,Flat,,,,,,Bright sun,1175100,0,0,0,4,,,0,,,,,,Bay of Plenty Region,Nil,2-way,Sealed,,0,0,,50,,Null,0,0,,23,Tauranga City,Give way,,,,,0,0,Urban,0,,,Fine,Null
1800524,5816524,3367,,529700,0,,0,2,,Null,2009/2010,BOUNDARY ROAD,WHITIORA BR,,Non-Injury Crash,No,2009,,West,,0,,Flat,,,,,,Overcast,909401,0,0,0,2,,,0,,,,,,Waikato Region,Bridge,2-way,Sealed,,0,0,,50,,Null,0,0,,16,Hamilton City,Unknown,,,,,0,0,Urban,0,,,Null,Null
1683370,6020214,3368,,504502,0,,0,1,,South,2008/2009,ARAPOHUE ROAD,CLEAR ROAD,,Non-Injury Crash,No,2009,,North,,0,,Hill Road,,,,,,Dark,122100,0,0,0,2,,,0,,,,,,Northland Region,Nil,2-way,Sealed,,0,0,,100,,None,0,0,,3,Kaipara District,Nil,,,,,0,0,Open,0,,,Mist or Fog,Null
1857144,5838248,3369,,536615,0,,0,2,,Null,2008/2009,SH 2,WHARAWHARA ROAD,,Non-Injury Crash,Yes,2009,,North,,0,,Flat,,,,,,Dark,1182704,0,0,0,2,,,0,,,,,,Bay of Plenty Region,Nil,2-way,Sealed,,0,0,,100,,None,0,0,,22,Western Bay of Plenty District,Stop,,,,,0,0,Open,0,,,Light rain,Null
1754043,5931375,3370,,508807,0,,0,2,,Null,2008/2009,SH 18,UPPER HWY ON NBD E,,Non-Injury Crash,Yes,2009,,East,,0,,Flat,,,,,,Dark,180810,0,0,0,6,,,0,,,,,,Auckland Region,Nil,2-way,Sealed,,0,0,,50,,On,0,0,,76,Auckland,Traffic Signals,,,,,0,0,Urban,0,,,Fine,Null
1801314,5815541,3371,,530100,0,,0,2,,North,2009/2010,OPOIA ROAD,RIRO ST,,Non-Injury Crash,No,2009,,North,,0,,Flat,,,,,,Bright sun,894300,0,0,0,2,,,0,,,,,,Waikato Region,Nil,2-way,Sealed,,0,0,,50,,Null,0,0,,16,Hamilton City,Unknown,,,,,0,0,Urban,0,,,Fine,Null
1767458,5905815,3372,,523601,0,0,0,1,0,North,2008/2009,SH 1N,TE IRIRANGI OBR,,Non-Injury Crash,Yes,2009,0,South,0,0,0,Flat,1,,0,,0,Bright sun,707200,0,0,0,3,0,0,0,0,0,,0,0,Auckland Region,Nil,1-way,Sealed,0,0,0,0,100,0,Null,0,0,,76,Auckland,Unknown,0,0,0,0,0,0,Open,0,0,0,Fine,Null
1879181,5820112,3373,,538000,0,,0,0,,East,2008/2009,SH 2A,SH 29,,Non-Injury Crash,Yes,2009,,North,,0,,Flat,,,,,,Bright sun,1178700,0,0,0,2,,,0,,,,,,Bay of Plenty Region,Nil,2-way,Sealed,,0,0,,70,,None,0,0,,23,Tauranga City,Nil,,,,,1,0,Urban,1,,,Fine,Null
1756030,5921077,3374,,515202,0,,0,2,,North,2009/2010,SH 1N,FANSHAWE OFF SBD,,Non-Injury Crash,Yes,2009,,South,,0,,Flat,,,,,,Overcast,425600,0,0,0,4,,,0,,,,,,Auckland Region,Nil,1-way,Sealed,,0,0,,80,,Null,0,0,,76,Auckland,Unknown,,,,,0,0,Open,0,,,Fine,Null
1800165,5816337,3375,,529700,0,,0,1,,Null,2008/2009,ULSTER ST,MILL ST,,Non-Injury Crash,No,2009,,East,,0,,Flat,,,,,,Dark,908800,0,0,0,4,,,0,,,,,,Waikato Region,Nil,2-way,Sealed,,0,0,,50,,On,0,1,,16,Hamilton City,Traffic Signals,,,,,0,0,Urban,1,,,Heavy rain,Null
1768709,5900065,3376,,525101,0,0,0,1,0,West,2008/2009,PURIRI ROAD,TOTARA ROAD,,Non-Injury Crash,No,2009,0,East,0,0,0,Flat,0,,0,,0,Bright sun,769900,0,0,0,2,0,0,0,0,1,,0,0,Auckland Region,Nil,2-way,Sealed,0,0,0,0,50,0,Null,0,0,,76,Auckland,Give way,0,0,0,0,1,0,Urban,0,0,0,Fine,Null
1760206,5915904,3377,,516003,0,0,0,1,0,South,2009/2010,SH 1N,GREENLANE INT S,,Non-Injury Crash,Yes,2009,0,South,0,0,0,Flat,0,,0,,0,Dark,494902,0,0,0,3,0,1,0,0,0,,0,0,Auckland Region,Nil,1-way,Sealed,0,0,0,0,100,0,On,0,0,,76,Auckland,Nil,0,0,0,0,0,0,Open,0,0,0,Fine,Null
1771830,5898733,3378,,523912,0,0,0,1,0,South,2008/2009,PORCHESTER ROAD,AIRFIELD ROAD,,Non-Injury Crash,No,2009,0,South,0,0,0,Flat,0,,0,,0,Overcast,767400,0,0,0,2,0,0,0,0,0,,0,1,Auckland Region,Nil,2-way,Sealed,0,0,0,0,50,0,Null,0,0,,76,Auckland,Unknown,0,1,0,0,0,0,Urban,0,0,0,Fine,Null
1749838,5916703,3379,,514801,0,,0,2,,West,2009/2010,ROSEBANK ROAD,MEAD ST,,Non-Injury Crash,No,2009,,West,,0,,Flat,,,,,,Dark,388700,0,0,0,2,,,0,,,,,,Auckland Region,Nil,2-way,Sealed,,0,0,,50,,On,0,0,,76,Auckland,Nil,,,,,0,0,Urban,0,,,Light rain,Null
1876752,5818495,3380,,537602,0,0,0,1,0,Null,2009/2010,OROPI ROAD,SH 29,,Non-Injury Crash,Yes,2009,0,North,0,0,0,Flat,0,,0,,0,Overcast,1192202,0,0,0,2,0,0,0,0,0,,0,1,Bay of Plenty Region,Nil,2-way,Sealed,0,0,0,0,100,0,Null,0,0,,23,Tauranga City,Give way,0,0,0,0,0,0,Open,0,0,0,Light rain,Null
1758459,5919962,3381,,515902,0,0,0,1,0,South,2008/2009,CRACROFT ST,HEATHER ST,,Non-Injury Crash,No,2009,0,South,0,0,0,Flat,0,,0,,0,Overcast,452200,0,0,0,2,0,0,0,0,1,,0,0,Auckland Region,Nil,2-way,Sealed,0,0,0,0,50,0,Null,0,0,,76,Auckland,Nil,0,0,0,0,0,0,Urban,1,0,0,Fine,Null
1719336,6045782,3382,,503100,0,,0,1,,West,2008/2009,RUST AVENUE,BANK ST,,Non-Injury Crash,No,2009,,East,,0,,Flat,,,,,,Bright sun,99300,0,0,0,2,,,0,,,,,,Northland Region,Nil,2-way,Sealed,,0,0,,50,,Null,0,0,,2,Whangarei District,Traffic Signals,,,,,0,0,Urban,1,,,Fine,Null
1777501,5911382,3383,75,523202,0,0,0,1,0,South,2008/2009,WHITFORD-MARAETAI ROAD,HENSON ROAD N,,Non-Injury Crash,No,2009,0,South,0,0,1,Flat,0,,0,,0,Bright sun,718300,0,0,0,2,0,0,0,0,0,,0,0,Auckland Region,Nil,2-way,Sealed,0,0,0,0,80,0,None,0,0,30,76,Auckland,Nil,0,0,0,0,0,0,Open,0,0,0,Fine,Null
1754405,5918511,3384,,515431,1,,0,1,,Null,2008/2009,TUARANGI ROAD,WEXFORD ROAD,,Non-Injury Crash,No,2009,,East,,0,,Flat,,,,,,Overcast,406401,0,0,0,2,,,0,,,,,,Auckland Region,Nil,2-way,Sealed,,0,0,,50,,Null,0,0,,76,Auckland,Give way,,,,,0,0,Urban,0,,,Fine,Null
1679664,6023058,3385,,504600,0,0,0,1,0,Null,2009/2010,SH 14,BOWEN ST,,Non-Injury Crash,Yes,2009,0,South,0,0,0,Flat,0,,0,,0,Overcast,113800,0,0,0,2,0,0,0,0,0,,1,0,Northland Region,Nil,2-way,Sealed,0,0,0,0,50,0,Off,0,0,,3,Kaipara District,Stop,0,0,0,0,0,0,Urban,0,0,0,Light rain,Null