X,Y,OBJECTID,advisorySpeed,areaUnitID,bicycle,bridge,bus,carStationWagon,cliffBank,crashDirectionDescription,crashFinancialYear,crashLocation1,crashLocation2,crashRoadSideRoad,crashSeverity,crashSHDescription,crashYear,debris,directionRoleDescription,ditch,fatalCount,fence,flatHill,guardRail,holiday,houseOrBuilding,intersection,kerb,light,meshblockId,minorInjuryCount,moped,motorcycle,NumberOfLanes,objectThrownOrDropped,otherObject,otherVehicleType,overBank,parkedVehicle,pedestrian,phoneBoxEtc,postOrPole,region,roadCharacter,roadLane,roadSurface,roadworks,schoolBus,seriousInjuryCount,slipOrFlood,speedLimit,strayAnimal,streetLight,suv,taxi,temporarySpeedLimit,tlaId,tlaName,trafficControl,trafficIsland,trafficSign,train,tree,truck,unknownVehicleType,urban,vanOrUtility,vehicle,waterRiver,weatherA,weatherB
1755617,5925578,3386,,509702,0,,0,1,,Null,2009/2010,EXMOUTH ROAD,LAKE ROAD,,Non-Injury Crash,No,2009,,West,,0,,Flat,,,,,,Bright sun,365700,0,0,0,2,,,0,,,,,,Auckland Region,Nil,2-way,Sealed,,0,0,,50,,None,0,0,,76,Auckland,Give way,,,,,0,0,Urban,1,,,Fine,Null
1733167,5929690,3387,,505601,0,,0,2,,Null,2008/2009,SH 16,WAIMAUKU STATION ROAD,,Non-Injury Crash,Yes,2009,,West,,0,,Flat,,,,,,Overcast,216103,0,0,0,2,,,0,,,,,,Auckland Region,Nil,2-way,Sealed,,0,0,,70,,Off,0,0,,76,Auckland,Stop,,,,,0,0,Urban,0,,,Fine,Null
1757102,5913725,3388,,518600,0,,0,2,,Null,2009/2010,MOUNT ALBERT ROAD,BUCKLEY ROAD,,Non-Injury Crash,No,2009,,West,,0,,Flat,,,,,,Overcast,565100,0,0,0,4,,,0,,,,,,Auckland Region,Nil,2-way,Sealed,,0,0,,50,,Off,0,0,,76,Auckland,Stop,,,,,0,0,Urban,0,,,Fine,Null
1896030,5782402,3389,,538820,0,,0,0,,East,2008/2009,SH 30,TUMOANA ROAD,,Non-Injury Crash,Yes,2009,,East,,0,,Flat,,,,,,Bright sun,1251604,0,0,0,2,,,0,,,,,,Bay of Plenty Region,Nil,2-way,Sealed,,0,0,,100,,Null,0,0,,24,Rotorua District,Unknown,,,,,0,0,Open,1,,,Fine,Frost
1758549,5918621,3390,,517400,0,,0,2,,West,2009/2010,DAVIS CRESCENT,BROADWAY,,Non-Injury Crash,No,2009,,West,,0,,Flat,,,,,,Dark,451000,0,0,0,2,,,0,,,,,,Auckland Region,Nil,2-way,Sealed,,0,0,,50,,On,0,0,,76,Auckland,Nil,,,,,0,0,Urban,0,,,Fine,Null
1794544,5825997,3391,,527123,0,0,0,1,0,North,2009/2010,RIVER ROAD,SULLIVAN ROAD,,Non-Injury Crash,No,2009,0,North,1,0,0,Flat,0,,0,,0,Bright sun,952800,0,0,0,2,0,0,0,0,0,,0,1,Waikato Region,Nil,2-way,Sealed,0,0,0,0,100,0,Off,0,0,,13,Waikato District,Stop,0,0,0,0,0,0,Open,0,0,0,Fine,Null
1744913,5914384,3392,,512905,0,,0,2,,Null,2008/2009,PARRS CROSS ROAD,SEYMOUR ROAD,,Non-Injury Crash,No,2009,,South,,0,,Hill Road,,,,,,Twilight,278903,0,0,0,3,,,0,,,,,,Auckland Region,Nil,2-way,Sealed,,0,0,,50,,Off,0,0,,76,Auckland,Nil,,,,,0,0,Urban,0,,,Light rain,Null
1765066,5910057,3393,,521802,0,0,0,1,0,East,2009/2010,AVENUE ROAD,TODD PLACE,,Non-Injury Crash,No,2009,0,East,0,0,1,Flat,0,,0,,0,Overcast,788201,0,0,0,2,0,0,0,0,0,,0,1,Auckland Region,Nil,2-way,Sealed,0,0,0,0,50,0,Off,0,0,,76,Auckland,Nil,0,0,0,0,0,0,Urban,0,0,0,Fine,Null
1757291,5920655,3394,,514102,0,,0,2,,Null,2009/2010,ALBERT ST,WYNDHAM ST,,Non-Injury Crash,No,2009,,North,,0,,Hill Road,,,,,,Overcast,433401,0,0,0,4,,,0,,,,,,Auckland Region,Nil,2-way,Sealed,,0,0,,50,,Off,0,0,,76,Auckland,Traffic Signals,,,,,0,0,Urban,0,,,Fine,Null
1797955,5818551,3395,,528403,0,,0,1,,South,2008/2009,TE RAPA ROAD,SUNSHINE AVENUE,,Non-Injury Crash,No,2009,,North,,0,,Flat,,,,,,Dark,908100,0,0,0,2,,,0,,,,,,Waikato Region,Nil,2-way,Sealed,,0,0,,50,,On,0,0,,16,Hamilton City,Unknown,,,,,0,0,Urban,1,,,Fine,Null
1877367,5823238,3396,,537400,0,,0,1,,East,2009/2010,WAIHI ROAD,JUDEA ROAD,,Non-Injury Crash,No,2009,,West,,0,,Hill Road,,,,,,Overcast,1162403,0,0,1,2,,,0,,,,,,Bay of Plenty Region,Nil,2-way,Sealed,,0,0,,50,,Null,0,0,,23,Tauranga City,Unknown,,,,,0,0,Urban,0,,,Fine,Null
1706193,6070961,3397,,501620,0,,0,1,,West,2008/2009,SH 1N,AKERAMA ROAD,,Non-Injury Crash,Yes,2009,,West,,0,,Flat,,,,,,Overcast,46002,0,0,0,2,,,0,,,,,,Northland Region,Nil,2-way,Sealed,,0,0,,100,,Null,0,0,30,1,Far North District,Unknown,,,,,0,0,Open,1,,,Light rain,Null
1754166,5926027,3398,,508610,0,,0,2,,East,2009/2010,MCDOWELL CRESCENT,BETSLAND CRESCENT,,Non-Injury Crash,No,2009,,West,,0,,Hill Road,,,,,,Bright sun,207000,0,0,0,2,,,0,,,,,,Auckland Region,Nil,2-way,Sealed,,0,0,,50,,Null,0,0,,76,Auckland,Unknown,,,,,0,0,Urban,0,,,Fine,Null
1406491,4917650,3399,,603602,1,0,0,1,0,North,2008/2009,PITT ST,GEORGE ST,,Minor Crash,No,2009,0,South,0,0,0,Hill Road,0,,0,,0,Dark,2864900,1,0,0,2,0,0,0,0,1,,0,0,Otago Region,Nil,2-way,Sealed,0,0,0,0,50,0,On,0,0,,71,Dunedin City,Unknown,0,0,0,0,0,0,Urban,0,0,0,Fine,Null
1764596,5905554,3400,,522100,0,,0,2,,Null,2009/2010,WYLLIE ROAD,HILL ROAD,,Non-Injury Crash,No,2009,,South,,0,,Flat,,,,,,Bright sun,657800,0,0,0,2,,,0,,,,,,Auckland Region,Nil,2-way,Sealed,,0,0,,50,,Off,0,0,,76,Auckland,Nil,,,,,0,0,Urban,0,,,Fine,Null
1727002,6039693,3401,,501818,0,0,0,1,0,South,2009/2010,WHANGAREI HEADS ROAD,WAIKARAKA BEACH ROAD,,Non-Injury Crash,No,2009,0,East,0,0,0,Flat,0,,0,,1,Bright sun,73501,0,0,0,1,0,0,0,1,0,,0,0,Northland Region,Nil,2-way,Sealed,0,0,0,0,50,0,None,0,0,30,2,Whangarei District,Nil,0,0,0,0,0,0,Urban,0,0,0,Fine,Null
1884084,5820407,3402,,536641,0,0,0,1,0,South,2009/2010,WELCOME BAY ROAD,ASHER ROAD,,Non-Injury Crash,No,2009,0,West,0,0,0,Flat,0,,1,,0,Dark,1206305,0,0,0,2,0,0,0,0,0,,0,0,Bay of Plenty Region,Nil,2-way,Sealed,0,0,0,0,80,0,None,0,0,,22,Western Bay of Plenty District,Unknown,0,0,0,0,0,0,Open,0,0,0,Light rain,Null
1759186,5916757,3403,,516001,0,,0,3,,North,2008/2009,SH 1N,GREENLANE ON NBD N,,Non-Injury Crash,Yes,2009,,North,,0,,Flat,,,,,,Dark,491200,0,0,0,3,,,0,,,,,,Auckland Region,Nil,2-way,Sealed,,0,0,,100,,On,0,0,,76,Auckland,Nil,,,,,0,0,Open,0,,,Fine,Null
1881144,5826500,3404,,536821,0,,0,1,,East,2008/2009,SH 2,TOTARA ST,,Non-Injury Crash,Yes,2009,,West,,0,,Flat,,,,,,Bright sun,1204200,0,0,0,6,,,0,,,,,,Bay of Plenty Region,Nil,2-way,Sealed,,0,0,,70,,Null,0,0,,23,Tauranga City,Traffic Signals,,,,,1,0,Urban,0,,,Fine,Null
1678162,6022367,3405,,504600,0,,0,2,,Null,2008/2009,HOKIANGA ROAD,GORDON ST,,Non-Injury Crash,No,2009,,South,,0,,Hill Road,,,,,,Overcast,116200,0,0,0,2,,,0,,,,,,Northland Region,Nil,2-way,Sealed,,0,0,,50,,Null,0,0,,3,Kaipara District,Give way,,,,,0,0,Urban,0,,,Fine,Null
1873976,5779308,3406,,538863,0,0,0,2,1,East,2008/2009,DANSEY ROAD,OLDS ROAD,,Non-Injury Crash,No,2009,0,East,0,0,0,Hill Road,0,,0,,0,Bright sun,1266300,0,0,0,2,0,0,0,0,0,,0,0,Bay of Plenty Region,Nil,2-way,Sealed,0,0,0,0,100,0,Null,0,0,,24,Rotorua District,Unknown,0,0,0,0,0,0,Open,0,0,0,Fine,Null
1755609,5914111,3407,,518500,0,,0,3,,West,2008/2009,MOUNT ALBERT ROAD,PARAU ST,,Non-Injury Crash,No,2009,,West,,0,,Flat,,,,,,Bright sun,561100,0,0,0,3,,,0,,,,,,Auckland Region,Nil,2-way,Sealed,,0,0,,50,,Null,0,0,,76,Auckland,Unknown,,,,,0,0,Urban,0,,,Fine,Null
1710059,5616530,3408,,554020,0,,0,1,,Null,2009/2010,Z FCT SHELL,PRINCES/SOUTH,,Minor Crash,No,2009,,East,,0,,Flat,,,,,,Dark,1644100,1,0,0,0,,,0,,,1,,,Taranaki Region,Nil,Off road,Sealed,,0,0,,50,,On,0,0,,35,South Taranaki District,Nil,,,,,0,0,Urban,0,,,Fine,Null
1799328,5817582,3409,,528700,0,0,0,1,0,West,2008/2009,BEERESCOURT ROAD,GALBRAITH AVENUE,,Non-Injury Crash,No,2009,0,South,0,0,1,Hill Road,0,,0,,1,Overcast,900901,0,0,0,2,0,0,0,0,0,,0,1,Waikato Region,Nil,2-way,Sealed,0,0,0,0,50,0,On,0,0,,16,Hamilton City,Nil,0,0,0,0,0,0,Urban,0,0,0,Light rain,Null
1743995,5924058,3410,,513410,0,,0,2,,Null,2008/2009,OLD SH 18,SH 16,,Non-Injury Crash,Yes,2009,,East,,0,,Flat,,,,,,Overcast,223901,0,0,0,3,,,0,,,,,,Auckland Region,Motorway ramp,2-way,Sealed,,0,0,,80,,Null,0,0,,76,Auckland,Traffic Signals,,,,,0,0,Open,0,,,Fine,Null
1876924,5826375,3411,,537201,0,,0,2,,East,2008/2009,CHERRYWOOD DRIVE,OTUMOETAI ROAD,,Non-Injury Crash,No,2009,,West,,0,,Flat,,,,,,Dark,1154804,0,0,0,2,,,0,,,,,,Bay of Plenty Region,Nil,2-way,Sealed,,0,0,,50,,On,0,0,,23,Tauranga City,Unknown,,,,,0,0,Urban,0,,,Mist or Fog,Null
1890944,5776769,3412,,538741,0,,0,1,,South,2008/2009,SH 30,ROTOKAWA ROAD,,Non-Injury Crash,Yes,2009,,North,,0,,Flat,,,,,,Bright sun,1251400,0,0,0,2,,,0,,,,,,Bay of Plenty Region,Nil,2-way,Sealed,,0,0,,80,,Null,0,0,,24,Rotorua District,Unknown,,,,,1,0,Open,0,,,Fine,Null
1758320,5925757,3413,,508020,0,,0,2,,South,2008/2009,FRANCIS ST,NORMAN ROAD,,Non-Injury Crash,No,2009,,East,,0,,Flat,,,,,,Overcast,323000,0,0,0,1,,,0,,,,,,Auckland Region,Nil,2-way,Sealed,,0,0,,50,,Null,0,0,,76,Auckland,Nil,,,,,0,0,Urban,0,,,Fine,Null
1402657,4917413,3414,,603930,0,,0,1,,Null,2008/2009,MCCURDY ST,WRAY ST,,Minor Crash,No,2009,,East,,0,,Hill Road,,,,,,Bright sun,2883300,1,0,0,2,,,0,,,,,,Otago Region,Nil,2-way,Sealed,,0,0,,50,,Null,0,0,,71,Dunedin City,Nil,,,,,0,0,Urban,1,,,Fine,Frost
1756341,5920314,3415,,514000,0,,0,1,,North,2009/2010,SH 1N,WELLINGTON ON NBD,,Non-Injury Crash,Yes,2009,,North,,0,,Flat,,,,,,Bright sun,416800,0,0,0,2,,,0,,,,,,Auckland Region,Nil,1-way,Sealed,,0,0,,80,,Off,0,0,,76,Auckland,Nil,,,,,0,0,Open,1,,,Fine,Null
1803541,5795428,3416,,527935,0,,0,0,,South,2008/2009,SH 3,JARY ROAD,,Non-Injury Crash,Yes,2009,,North,,0,,Hill Road,,,,,,Bright sun,986100,0,0,0,4,,,0,,,,,,Waikato Region,Nil,2-way,Sealed,,0,0,,100,,None,0,0,,17,Waipa District,Nil,,,,,0,0,Open,1,,,Fine,Null
1407911,4919597,3417,,603300,0,,0,2,,Null,2009/2010,NORTH ROAD,MECHANIC ST,,Serious Crash,No,2009,,South,,0,,Flat,,,,,,Bright sun,2873300,1,0,0,2,,,0,,,,,,Otago Region,Nil,2-way,Sealed,,0,1,,50,,Null,0,0,,71,Dunedin City,Give way,,,,,0,0,Urban,0,,,Fine,Null
1748359,5915263,3418,,511700,0,,0,1,,Null,2008/2009,NILE ROAD,VANGUARD ROAD,,Non-Injury Crash,No,2009,,North,,0,,Flat,,,,,,Overcast,271300,0,0,0,2,,,0,,,,,,Auckland Region,Nil,2-way,Sealed,,0,0,,50,,Off,0,0,,76,Auckland,Nil,,,,,0,0,Urban,1,,,Fine,Null
1930808,5604996,3419,,548200,0,0,0,1,1,Null,2009/2010,ALEXANDRA ST,MILLER ST,,Minor Crash,No,2009,0,North,0,0,1,Flat,0,,1,,0,Bright sun,1495200,3,0,0,2,0,0,0,0,0,,0,0,Hawke's Bay Region,Nil,2-way,Sealed,0,0,0,0,50,0,Null,0,0,,30,Hastings District,Nil,0,0,0,0,0,0,Urban,0,0,0,Fine,Null
1767802,5906358,3420,,523601,0,,0,1,,Null,2009/2010,PRESTON ROAD,BAIRDS ROAD,,Non-Injury Crash,No,2009,,North,,0,,Flat,,,,,,Bright sun,706800,0,0,0,2,,,0,,,,,,Auckland Region,Nil,2-way,Sealed,,0,0,,50,,Off,0,0,,76,Auckland,Give way,,,,,0,0,Urban,1,,,Light rain,Null
1742750,5921964,3421,,513622,0,0,0,1,1,Null,2008/2009,CHERRY TREE PLACE,DON BUCK ROAD,,Non-Injury Crash,No,2009,0,East,0,0,0,Hill Road,0,,0,,0,Bright sun,226700,0,0,0,1,0,0,0,0,0,,0,0,Auckland Region,Nil,2-way,Sealed,0,0,0,0,50,0,Null,0,0,,76,Auckland,Stop,0,0,0,0,0,0,Urban,0,0,0,Fine,Null
1776181,5884335,3422,,521132,0,0,0,1,0,North,2008/2009,SH 1N,MILL OBR,,Non-Injury Crash,Yes,2009,0,North,0,0,0,Flat,0,,0,,0,Bright sun,814701,0,0,0,2,0,0,0,0,0,,0,1,Auckland Region,Nil,1-way,Sealed,0,0,0,0,100,0,Null,0,0,,76,Auckland,Unknown,0,0,0,0,0,0,Open,0,0,0,Fine,Null
1731988,5991475,3423,,505010,0,,0,0,,South,2008/2009,SH 1N,ORUAWHARO ROAD,,Non-Injury Crash,Yes,2009,,West,,0,,Flat,,,,,,Bright sun,133200,0,0,0,2,,,0,,,,,,Northland Region,Nil,2-way,Sealed,,0,0,,100,,Null,1,0,,3,Kaipara District,Unknown,,,,,1,0,Open,0,,,Fine,Null
1755529,5932138,3424,,507400,0,0,0,1,0,Null,2008/2009,MAXWELTON DRIVE,KIRI PLACE,,Non-Injury Crash,No,2009,0,East,0,0,0,Hill Road,0,,0,,1,Overcast,150900,0,0,0,2,0,0,0,0,0,,0,0,Auckland Region,Nil,2-way,Sealed,0,0,0,0,50,0,Off,0,0,,76,Auckland,Give way,0,0,0,1,0,0,Urban,0,0,0,Light rain,Null
1767073,5900073,3425,,525101,0,,0,2,,East,2009/2010,WEYMOUTH ROAD,ROWANDALE AVENUE,,Non-Injury Crash,No,2009,,East,,0,,Flat,,,,,,Bright sun,772903,0,0,0,2,,,0,,,,,,Auckland Region,Nil,2-way,Sealed,,0,0,,50,,Off,0,0,,76,Auckland,Nil,,,,,0,0,Urban,0,,,Fine,Null
1719526,6045917,3426,,503100,0,,0,1,,North,2009/2010,LAURIE HALL LANE,ROBERT ST,,Non-Injury Crash,No,2009,,North,,0,,Flat,,,,,,Overcast,99700,0,0,0,2,,,0,,,,,,Northland Region,Nil,2-way,Sealed,,0,0,,50,,Off,1,0,,2,Whangarei District,Give way,,,,,0,0,Urban,0,,,Fine,Null
1879116,5821456,3427,,538102,0,,0,1,,South,2009/2010,SH 2A,TURRET ROAD,,Non-Injury Crash,Yes,2009,,South,,0,,Flat,,,,,,Overcast,1168501,0,0,0,2,,,0,,,,,,Bay of Plenty Region,Nil,2-way,Sealed,,0,0,,50,,Off,0,0,,23,Tauranga City,Nil,,,,,0,0,Urban,1,,,Light rain,Null
1867422,5713681,3428,,541720,0,,0,1,,Null,2008/2009,PAORA HAPI ST,TANIWHA ST,,Non-Injury Crash,No,2009,,North,,0,,Flat,,,,,,Overcast,1273500,0,0,0,2,,,0,,,,,,Waikato Region,Nil,2-way,Sealed,,0,0,,50,,Null,0,0,,21,Taupo District,Give way,,,,,0,0,Urban,1,,,Light rain,Null
1765222,5909521,3429,,521802,0,,0,2,,North,2008/2009,SH 1N,HIGHBROOK ON NBD,,Non-Injury Crash,Yes,2009,,North,,0,,Hill Road,,,,,,Bright sun,788400,0,0,0,4,,,0,,,,,,Auckland Region,Nil,2-way,Sealed,,0,0,,100,,None,0,0,,76,Auckland,Nil,,,,,0,0,Open,0,,,Fine,Null
1772296,5870345,3430,,526701,0,,0,0,,North,2009/2010,TUAKAU BRIDGE-PORT WAIKAT,RIVER ROAD,,Non-Injury Crash,No,2009,,North,,0,,Flat,,,,,,Overcast,844600,0,0,0,2,,,0,,,,,,Waikato Region,Nil,2-way,Sealed,,0,0,,100,,None,1,0,,13,Waikato District,Nil,,,,,0,0,Open,0,,,Fine,Null
1757080,5444551,3431,,571300,0,0,0,1,0,North,2008/2009,FANTAME ST,FAWN ST,,Non-Injury Crash,No,2009,0,South,0,0,0,Flat,0,,0,,0,Overcast,2061600,0,0,0,2,0,0,0,0,1,,0,0,Wellington Region,Nil,2-way,Sealed,0,0,0,0,50,0,Null,0,0,,44,Porirua City,Nil,0,0,0,0,0,0,Urban,1,0,0,Fine,Null
1758818,5905572,3432,,524200,0,,0,0,,Null,2009/2010,SH 20A,MONTGOMERIE ROAD,,Non-Injury Crash,Yes,2009,,South,,0,,Flat,,,,,,Dark,727600,0,0,0,3,,,0,,,,,,Auckland Region,Nil,2-way,Sealed,,0,0,,80,,On,0,0,,76,Auckland,Give way,,,,,0,0,Open,1,,,Light rain,Null
1754030,5931358,3433,,508803,0,,0,2,,Null,2008/2009,SH 18,UPPER HWY OFF NBD W,,Non-Injury Crash,Yes,2009,,North,,0,,Hill Road,,,,,,Bright sun,180818,0,0,0,3,,,0,,,,,,Auckland Region,Motorway ramp,1-way,Sealed,,0,0,,50,,Null,0,0,,76,Auckland,Give way,,,,,0,0,Urban,0,,,Fine,Null
1784143,5879571,3434,,521135,0,0,0,0,0,West,2008/2009,SH 2,PENDERGRAST ROAD,,Non-Injury Crash,Yes,2009,0,West,0,0,0,Flat,0,,0,,0,Overcast,841802,0,0,0,2,0,0,0,0,0,,0,1,Waikato Region,Nil,2-way,Sealed,0,0,0,0,100,0,None,1,0,,13,Waikato District,Nil,0,0,0,0,0,0,Open,0,0,0,Fine,Null
1753419,5933247,3435,,508804,0,,0,0,,Null,2009/2010,GREVILLE ROAD,GREVILLE ON SBD,,Non-Injury Crash,No,2009,,West,,0,,Flat,,,,,,Overcast,180605,0,0,1,2,,,0,,,,,,Auckland Region,Nil,1-way,Sealed,,0,0,,50,,Off,1,0,,76,Auckland,Give way,,,,,0,0,Urban,0,,,Fine,Null
1802230,5814462,3436,,530200,0,,0,2,,Null,2009/2010,WELLINGTON ST,FIRTH ST,,Non-Injury Crash,No,2009,,South,,0,,Flat,,,,,,Overcast,891900,0,0,0,2,,,0,,,,,,Waikato Region,Nil,2-way,Sealed,,0,0,,50,,Null,0,0,,16,Hamilton City,Give way,,,,,0,0,Urban,0,,,Heavy rain,Null
1763513,5908656,3437,,521901,0,,1,1,,Null,2008/2009,MANGERE ROAD,MIDDLEMORE ROAD,,Non-Injury Crash,No,2009,,North,,0,,Flat,,,,,,Bright sun,783700,0,0,0,2,,,0,,,,,,Auckland Region,Nil,2-way,Sealed,,0,0,,50,,Off,0,0,,76,Auckland,Traffic Signals,,,,,0,0,Urban,0,,,Fine,Null
1752806,5953181,3438,,506201,0,,0,1,,South,2008/2009,HIBISCUS COAST HIGHWAY,WAIWERA OBR,,Non-Injury Crash,No,2009,,North,,0,,Hill Road,,,,,,Overcast,176204,0,0,0,3,,,0,,,,,,Auckland Region,Nil,2-way,Sealed,,0,0,,80,,None,0,0,,76,Auckland,Nil,,,,,0,0,Open,0,,,Light rain,Null
1851233,5766054,3439,,535350,0,0,0,1,0,Null,2008/2009,BRIDGE ST,BONALY ST,,Non-Injury Crash,No,2009,0,East,0,0,0,Flat,0,,0,,0,Dark,1139600,0,0,0,2,0,0,0,0,1,,0,0,Waikato Region,Nil,2-way,Sealed,0,0,0,0,50,0,On,0,0,,19,South Waikato District,Nil,0,0,0,0,0,0,Urban,1,0,0,Fine,Null
1757005,5925348,3440,,509702,0,,0,2,,South,2008/2009,SH 1N,ESMONDE OBR,,Non-Injury Crash,Yes,2009,,North,,0,,Flat,,,,,,Dark,364601,0,0,0,4,,,0,,,,,,Auckland Region,Bridge,1-way,Sealed,,0,0,,100,,On,0,0,,76,Auckland,Nil,,,,,0,0,Open,0,,,Fine,Null
1763707,5913752,3441,,520402,0,,0,1,,Null,2008/2009,PENROSE ROAD,SERVICE LANE,,Non-Injury Crash,No,2009,,East,,0,,Hill Road,,,,,,Dark,640002,0,0,0,4,,,0,,,,,,Auckland Region,Nil,2-way,Sealed,,0,0,,50,,On,1,0,,76,Auckland,Nil,,,,,0,0,Urban,0,,,Light rain,Null
1752851,5973462,3442,,506661,0,1,0,0,0,East,2008/2009,MATAKANA ROAD,SHARP ROAD,,Non-Injury Crash,No,2009,0,West,0,0,0,Flat,0,,0,,0,Dark,139200,0,0,0,2,0,0,0,0,0,,0,0,Auckland Region,Bridge,2-way,Sealed,0,0,0,0,80,0,On,0,0,,76,Auckland,Unknown,0,0,0,0,1,0,Open,0,0,0,Light rain,Null
1765060,5910263,3443,,521801,0,,0,2,,Null,2008/2009,SH 1N,PRINCES OBR,,Non-Injury Crash,Yes,2009,,North,,0,,Flat,,,,,,Twilight,787700,0,0,0,6,,,0,,,,,,Auckland Region,Nil,2-way,Sealed,,0,0,,100,,On,0,0,,76,Auckland,Unknown,,,,,0,0,Open,0,,,Light rain,Null
1768017,5902360,3444,,525001,0,,0,2,,Null,2008/2009,BROWNS ROAD,MAICH ROAD,,Non-Injury Crash,No,2009,,North,,0,,Flat,,Queens Birthday,,,,Bright sun,750700,0,0,0,2,,,0,,,,,,Auckland Region,Nil,2-way,Sealed,,0,0,,50,,Off,0,0,,76,Auckland,Give way,,,,,0,0,Urban,0,,,Fine,Null
1757563,5920001,3445,,514103,0,,0,2,,Null,2009/2010,WELLESLEY ST EAST,PRINCES ST,,Non-Injury Crash,No,2009,,West,,0,,Hill Road,,,,,,Overcast,437200,0,0,0,2,,,0,,,,,,Auckland Region,Nil,1-way,Sealed,,0,0,,50,,Null,0,0,,76,Auckland,Nil,,,,,0,0,Urban,0,,,Fine,Null
1758581,5917535,3446,,516001,0,,0,1,,North,2009/2010,SH 1N,MARKET OBR,,Non-Injury Crash,Yes,2009,,North,,0,,Flat,,,,,,Overcast,490900,0,0,0,3,,,0,,,,,,Auckland Region,Bridge,1-way,Sealed,,0,0,,80,,Null,0,0,,76,Auckland,Unknown,,,,,1,0,Open,0,,,Fine,Null
1755087,5929157,3447,,508320,0,,0,4,,Null,2008/2009,WAIRAU ROAD,VIEW ROAD E,,Non-Injury Crash,No,2009,,North,,0,,Hill Road,,,,,,Bright sun,196600,0,0,0,5,,,0,,,,,,Auckland Region,Nil,2-way,Sealed,,0,0,,50,,Off,0,0,,76,Auckland,Give way,,,,,0,0,Urban,0,,,Fine,Null
1867000,5713183,3448,,541720,0,,0,2,,East,2008/2009,ROBERTS ST,SH 1N,,Non-Injury Crash,No,2009,,West,,0,,Flat,,,,,,Bright sun,1274300,0,0,0,2,,,0,,,,,,Waikato Region,Nil,2-way,Sealed,,0,0,,50,,Null,0,0,,21,Taupo District,Unknown,,,,,0,0,Urban,0,,,Fine,Null
1686475,6030693,3449,35,504502,0,,0,0,,East,2009/2010,SH 14,TANGOWAHINE VALLEY ROAD,,Non-Injury Crash,Yes,2009,,East,,0,,Hill Road,,,,,,Bright sun,120800,0,0,0,2,,,0,,,,,,Northland Region,Nil,2-way,Sealed,,0,0,,100,,None,0,0,,3,Kaipara District,Nil,,,,,1,0,Open,0,,,Fine,Null
1754219,5931422,3450,,508805,0,,0,2,,West,2009/2010,SH 18,CONSTELLATION DRIVE,,Non-Injury Crash,Yes,2009,,West,,0,,Flat,,,,,,Bright sun,180826,0,0,0,3,,,0,,,,,,Auckland Region,Nil,2-way,Sealed,,0,0,,80,,Off,0,0,,76,Auckland,Traffic Signals,,,,,0,0,Open,0,,,Fine,Null
1753447,5915044,3451,,518801,0,0,0,3,0,West,2008/2009,ODONNELL AVENUE,FARRELLY AVENUE,,Non-Injury Crash,No,2009,0,West,0,0,0,Flat,0,,0,,0,Bright sun,575600,0,0,0,2,0,0,0,0,1,,0,0,Auckland Region,Nil,2-way,Sealed,0,0,0,0,50,0,Null,0,0,,76,Auckland,Unknown,0,0,0,0,0,0,Urban,1,0,0,Fine,Null
1856496,5803299,3452,,535231,0,0,0,2,0,South,2009/2010,SH 29,SUMMIT LOOKOUT,,Non-Injury Crash,Yes,2009,0,East,0,0,0,Hill Road,0,,0,,0,Overcast,1114500,0,0,0,3,0,0,0,0,0,,0,0,Waikato Region,Nil,2-way,Sealed,0,0,0,0,100,0,Null,0,0,,15,Matamata-Piako District,Unknown,0,0,0,0,0,0,Open,0,1,0,Fine,Null
1935690,5619744,3453,,546600,0,0,0,1,0,South,2008/2009,LATHAM ST,BARTON AVENUE,,Minor Crash,No,2009,0,West,0,0,0,Flat,0,,0,,0,Dark,1435500,1,0,0,2,0,0,0,0,1,,0,0,Hawke's Bay Region,Nil,2-way,Sealed,0,0,0,0,50,0,On,1,0,,31,Napier City,Nil,0,0,0,0,0,0,Urban,0,0,0,Fine,Null
1751547,5935107,3454,,508701,0,0,0,1,0,South,2008/2009,GILLS ROAD,QUAIL DRIVE,,Non-Injury Crash,No,2009,0,South,0,0,0,Hill Road,0,,0,,0,Dark,178501,0,0,0,2,0,0,0,0,0,,0,0,Auckland Region,Nil,2-way,Sealed,0,0,0,0,50,0,Off,0,0,,76,Auckland,Nil,0,0,0,1,0,0,Urban,0,0,0,Light rain,Null
1752385,5918024,3455,,515001,0,0,0,1,0,West,2008/2009,SH 16,CARRINGTON OBR,,Non-Injury Crash,Yes,2009,0,East,0,0,0,Flat,1,,0,,0,Dark,391601,0,0,0,3,0,0,0,0,0,,0,0,Auckland Region,Nil,1-way,Sealed,0,0,0,0,100,0,On,0,0,,76,Auckland,Nil,0,0,0,0,1,0,Open,0,0,0,Light rain,Null
1757776,5918201,3456,,515700,0,,0,2,,South,2008/2009,SH 1N,MOUNTAIN OBR,,Non-Injury Crash,Yes,2009,,North,,0,,Flat,,,,,,Bright sun,443600,0,0,0,5,,,0,,,,,,Auckland Region,Nil,1-way,Sealed,,0,0,,80,,Off,0,0,,76,Auckland,Nil,,,,,0,0,Open,0,,,Fine,Null