X,Y,OBJECTID,advisorySpeed,areaUnitID,bicycle,bridge,bus,carStationWagon,cliffBank,crashDirectionDescription,crashFinancialYear,crashLocation1,crashLocation2,crashRoadSideRoad,crashSeverity,crashSHDescription,crashYear,debris,directionRoleDescription,ditch,fatalCount,fence,flatHill,guardRail,holiday,houseOrBuilding,intersection,kerb,light,meshblockId,minorInjuryCount,moped,motorcycle,NumberOfLanes,objectThrownOrDropped,otherObject,otherVehicleType,overBank,parkedVehicle,pedestrian,phoneBoxEtc,postOrPole,region,roadCharacter,roadLane,roadSurface,roadworks,schoolBus,seriousInjuryCount,slipOrFlood,speedLimit,strayAnimal,streetLight,suv,taxi,temporarySpeedLimit,tlaId,tlaName,trafficControl,trafficIsland,trafficSign,train,tree,truck,unknownVehicleType,urban,vanOrUtility,vehicle,waterRiver,weatherA,weatherB
1711833,6052193,3457,55,501802,0,,0,0,,East,2009/2010,PIPIWAI ROAD,MATARAU ROAD,,Non-Injury Crash,No,2009,,East,,0,,Hill Road,,,,,,Bright sun,69202,0,0,0,2,,,0,,,,,,Northland Region,Nil,2-way,Sealed,,0,0,,100,,Null,0,0,,2,Whangarei District,Unknown,,,,,1,0,Open,0,,,Fine,Null
1756900,5920139,3458,,514102,0,,0,2,,Null,2008/2009,COOK ST,HOBSON ST,,Non-Injury Crash,No,2009,,West,,0,,Hill Road,,,,,,Dark,434105,0,0,0,3,,,0,,,,,,Auckland Region,Nil,2-way,Sealed,,0,0,,50,,On,0,0,,76,Auckland,Traffic Signals,,,,,0,0,Urban,0,,,Fine,Null
1884207,5825182,3459,,536831,0,,0,1,,Null,2008/2009,SH 2,GIRVEN ROAD,,Non-Injury Crash,Yes,2009,,North,,0,,Flat,,,,,,Overcast,1204403,0,0,1,2,,,0,,,,,,Bay of Plenty Region,Nil,2-way,Sealed,,0,0,,70,,Null,0,0,,23,Tauranga City,Give way,,,,,0,0,Urban,0,,,Fine,Null
1765076,5910164,3460,,521801,0,,0,2,,South,2008/2009,SH 1N,PRINCES OBR,,Non-Injury Crash,Yes,2009,,North,,0,,Flat,,,,,,Dark,787700,0,0,0,4,,,0,,,,,,Auckland Region,Nil,1-way,Sealed,,0,0,,100,,On,0,0,,76,Auckland,Unknown,,,,,0,0,Open,0,,,Light rain,Null
1753482,5932849,3461,,508804,0,,0,2,,Null,2009/2010,SH 1N,GREVILLE ON SBD,,Non-Injury Crash,Yes,2009,,South,,0,,Flat,,,,,,Dark,180701,0,0,0,3,,,0,,,,,,Auckland Region,Nil,1-way,Sealed,,0,0,,100,,On,0,0,,76,Auckland,Nil,,,,,0,0,Open,0,,,Fine,Null
1886705.2035,5820392.2099,3462,,536642,0,0,0,1,1,South,2008/2009,WELCOME BAY ROAD,ROCKY CUTTING ROAD,,Non-Injury Crash,No,2009,0,East,0,0,0,Hill Road,0,,0,,0,Dark,1206403,0,0,0,2,0,0,0,0,0,,0,0,Bay of Plenty Region,Nil,2-way,Sealed,0,0,0,0,100,0,On,0,0,,22,Western Bay of Plenty District,Unknown,0,0,0,0,0,0,Open,0,0,0,Fine,Frost
1771058,5898250,3463,,523912,0,,0,1,,Null,2009/2010,GREAT SOUTH ROAD,BEACH ROAD,,Non-Injury Crash,No,2009,,East,,0,,Flat,,,,,,Overcast,767705,0,0,0,4,,,0,,,,,,Auckland Region,Nil,2-way,Sealed,,0,0,,50,,Null,1,0,,76,Auckland,Traffic Signals,,,,,0,0,Urban,0,,,Fine,Null
1565380,5182000,3464,,589700,0,0,0,2,0,South,2009/2010,WAIMAIRI ROAD,WENTWORTH ST,,Minor Crash,No,2009,0,North,0,0,0,Flat,0,,0,,0,Bright sun,2536400,1,0,0,2,0,0,0,0,2,,0,0,Canterbury Region,Nil,2-way,Sealed,0,0,0,0,50,0,Null,1,0,,60,Christchurch City,Nil,0,0,0,0,0,0,Urban,0,0,0,Fine,Null
1756075,5919099,3465,,515420,0,0,0,2,0,North,2009/2010,POLLEN ST,GREAT NORTH ROAD,,Non-Injury Crash,No,2009,0,North,0,0,0,Hill Road,0,,0,,0,Dark,411400,0,0,0,2,0,0,0,0,1,,0,0,Auckland Region,Nil,2-way,Sealed,0,0,0,0,50,0,On,0,0,,76,Auckland,Nil,0,0,0,0,0,0,Urban,0,0,0,Fine,Null
1746955,5939513,3466,,506300,0,,0,2,,Null,2009/2010,DAIRY FLAT HIGHWAY,GREEN ROAD,,Non-Injury Crash,No,2009,,East,,0,,Flat,,,,,,Bright sun,175904,0,0,0,2,,,0,,,,,,Auckland Region,Nil,2-way,Sealed,,0,0,,100,,Off,0,0,,76,Auckland,Stop,,,,,0,0,Open,0,,,Fine,Null
1821398,5533676,3467,,562100,0,0,0,1,0,East,2009/2010,RICHARDSONS LINE,MILSON LINE,,Minor Crash,No,2009,0,East,1,0,0,Flat,0,,0,,0,Dark,1792302,1,0,0,2,0,0,0,0,0,,0,0,Manawatū-Whanganui Region,Nil,2-way,Sealed,0,0,0,0,100,0,Off,0,0,,40,Palmerston North City,Nil,0,0,0,0,0,0,Open,0,0,0,Fine,Null
1752932,5928762,3468,,508411,0,0,0,1,0,East,2009/2010,MANUKA ROAD,BAYVIEW ROAD,,Non-Injury Crash,No,2009,0,West,0,0,0,Hill Road,0,,0,,0,Overcast,184906,0,0,0,2,0,0,0,0,1,,0,0,Auckland Region,Nil,2-way,Sealed,0,0,0,0,50,0,Null,0,0,,76,Auckland,Unknown,0,0,0,0,0,0,Urban,1,0,0,Fine,Null
1759611,5912418,3469,,520000,0,0,0,1,0,South,2008/2009,VICTORIA ST,ARTHUR ST,,Non-Injury Crash,No,2009,0,East,0,0,0,Flat,0,,0,,0,Overcast,607000,0,0,0,2,0,0,0,0,1,,0,0,Auckland Region,Nil,2-way,Sealed,0,0,0,0,50,0,Off,1,0,,76,Auckland,Nil,0,0,0,0,0,0,Urban,0,0,0,Light rain,Null
1766733,5912838,3470,,522920,0,,0,2,,Null,2008/2009,TI RAKAU DRIVE,TIRAUMEA DRIVE,,Non-Injury Crash,No,2009,,East,,0,,Flat,,,,,,Dark,683800,0,0,0,4,,,0,,,,,,Auckland Region,Nil,1-way,Sealed,,0,0,,50,,On,0,0,,76,Auckland,Give way,,,,,0,0,Urban,0,,,Heavy rain,Null
1753504,5875780,3471,,526104,0,,0,2,,North,2009/2010,QUEEN ST,KIRK ST,,Non-Injury Crash,No,2009,,North,,0,,Flat,,,,,,Overcast,834900,0,0,0,2,,,0,,,,,,Auckland Region,Nil,2-way,Sealed,,0,0,,50,,Off,0,0,,76,Auckland,Nil,,,,,0,0,Urban,0,,,Fine,Null
1767780,5903854,3472,,524602,0,,0,2,,South,2008/2009,GREAT SOUTH ROAD,MANUKAU OFF NBD,,Non-Injury Crash,No,2009,,North,,0,,Flat,,,,,,Bright sun,780417,0,0,0,4,,,0,,,,,,Auckland Region,Motorway ramp,2-way,Sealed,,0,0,,50,,Null,0,0,,76,Auckland,Traffic Signals,,,,,0,0,Urban,0,,,Fine,Null
1884500,5785719,3473,,538811,0,0,0,0,0,North,2008/2009,WARD ROAD,HUGH AVENUE,,Non-Injury Crash,No,2009,0,South,0,0,1,Hill Road,0,,0,,0,Overcast,1251206,0,0,0,2,0,0,0,0,0,,0,0,Bay of Plenty Region,Nil,2-way,Sealed,0,0,0,0,50,0,Null,0,0,,24,Rotorua District,Unknown,0,0,0,0,1,0,Urban,0,0,0,Fine,Null
1406323,4917438,3474,,603100,0,0,0,1,0,Null,2009/2010,FILLEUL ST,HANOVER ST,,Minor Crash,No,2009,0,North,0,0,0,Flat,0,,1,,0,Dark,2902400,1,0,0,2,0,0,0,0,0,,0,0,Otago Region,Nil,2-way,Sealed,0,0,0,0,50,0,On,0,0,,71,Dunedin City,Give way,0,0,0,0,0,0,Urban,0,0,0,Fine,Null
1743700,5919350,3475,,513212,0,,0,1,,Null,2009/2010,SWANSON ROAD,UNIVERSAL DRIVE,,Non-Injury Crash,No,2009,,East,,0,,Flat,,,,,,Dark,235600,0,0,0,2,,,0,,,,,,Auckland Region,Nil,2-way,Sealed,,0,0,,50,,On,0,0,,76,Auckland,Give way,,,,,1,0,Urban,0,,,Fine,Null
1800966,5814997,3476,,529700,0,,0,2,,South,2009/2010,ANGLESEA ST,COLLINGWOOD ST,,Non-Injury Crash,No,2009,,North,,0,,Flat,,,,,,Overcast,911700,0,0,0,4,,,0,,,,,,Waikato Region,Nil,2-way,Sealed,,0,0,,50,,Null,0,0,,16,Hamilton City,Unknown,,,,,0,0,Urban,0,,,Heavy rain,Null
1745684,5916997,3477,,510800,1,,0,1,,Null,2008/2009,EDSEL ST,VITASOVICH AVENUE,,Non-Injury Crash,No,2009,,East,,0,,Flat,,,,,,Overcast,243300,0,0,0,3,,,0,,,,,,Auckland Region,Nil,2-way,Sealed,,0,0,,50,,Null,0,0,,76,Auckland,Give way,,,,,0,0,Urban,0,,,Fine,Null
1752027,5930705,3478,,509100,0,,0,2,,West,2009/2010,ALBANY HIGHWAY OFF EBD,ALBANY HIGHWAY,,Non-Injury Crash,Yes,2009,,East,,0,,Flat,,,,,,Bright sun,181003,0,0,0,2,,,0,,,,,,Auckland Region,Motorway ramp,1-way,Sealed,,0,0,,50,,Off,0,0,,76,Auckland,Stop,,,,,0,0,Urban,0,,,Fine,Null
1757542,5917058,3479,,515700,0,0,0,3,0,West,2008/2009,OWENS ROAD,MARAMA AVENUE,,Non-Injury Crash,No,2009,0,West,0,0,0,Flat,0,,0,,0,Dark,445000,0,0,0,2,0,0,0,0,1,,0,0,Auckland Region,Nil,2-way,Sealed,0,0,0,0,50,0,On,0,0,,76,Auckland,Unknown,0,0,0,0,0,0,Urban,0,0,0,Fine,Null
1753350,5924437,3480,,510402,0,0,0,1,0,Null,2009/2010,PORRITT AVENUE,HOLYOAKE PLACE,,Non-Injury Crash,No,2009,0,North,0,0,0,Hill Road,1,,0,,0,Dark,351700,0,0,0,2,0,0,0,0,0,,0,0,Auckland Region,Nil,2-way,Sealed,0,0,0,0,50,0,None,0,0,,76,Auckland,Nil,0,0,0,0,0,0,Urban,0,0,0,Heavy rain,Strong wind
1933226,5783379,3481,,542300,0,0,0,3,0,Null,2009/2010,SH 30,TE TEKO ROAD,,Non-Injury Crash,Yes,2009,0,South,0,0,0,Flat,0,,0,,0,Twilight,1325100,0,0,0,2,0,0,0,0,1,,0,0,Bay of Plenty Region,Nil,2-way,Sealed,0,0,0,0,50,0,On,0,0,,25,Whakatane District,Stop,0,0,0,0,0,0,Urban,0,0,0,Fine,Null
1577353,5182960,3482,,595700,0,0,0,2,0,East,2009/2010,KEYES ROAD,RAWSON ST,,Minor Crash,No,2009,0,South,0,0,0,Flat,0,,0,,0,Dark,2560601,3,0,0,2,0,0,0,0,0,,0,1,Canterbury Region,Nil,2-way,Sealed,0,0,0,0,50,0,On,0,0,,60,Christchurch City,Nil,0,0,0,0,0,0,Urban,0,0,0,Fine,Null
1757254,5918137,3483,,518101,0,,0,1,,South,2008/2009,NORMANBY ROAD,ENFIELD ST,,Non-Injury Crash,No,2009,,North,,0,,Flat,,,,,,Bright sun,542900,0,0,0,2,,,0,,,,,,Auckland Region,Nil,2-way,Sealed,,0,0,,50,,Off,0,0,,76,Auckland,Nil,,,,,1,0,Urban,0,,,Fine,Null
1758081,5912936,3484,,519710,0,0,0,1,0,North,2008/2009,SYMONDS ST,TRAFALGAR ST,,Non-Injury Crash,No,2009,0,North,0,0,0,Flat,0,,0,,0,Overcast,596600,0,0,0,2,0,0,0,0,0,,0,1,Auckland Region,Nil,2-way,Sealed,0,0,0,0,50,0,Off,0,0,,76,Auckland,Nil,0,0,0,0,0,0,Urban,0,0,0,Heavy rain,Null
1764404,5909903,3485,,521802,0,,0,2,,Null,2009/2010,CHURCH ST,AVENUE ROAD,,Non-Injury Crash,No,2009,,North,,0,,Flat,,,,,,Overcast,787800,0,0,0,2,,,0,,,,,,Auckland Region,Nil,2-way,Sealed,,0,0,,50,,Off,0,0,,76,Auckland,Give way,,,,,0,0,Urban,0,,,Fine,Null
1755506,5911502,3486,,519002,0,,0,2,,East,2008/2009,HILLSBOROUGH ROAD,WHITMORE ROAD,,Non-Injury Crash,No,2009,,East,,0,,Hill Road,,,,,,Bright sun,592200,0,0,0,2,,,0,,,,,,Auckland Region,Nil,2-way,Sealed,,0,0,,50,,Off,0,0,,76,Auckland,Nil,,,,,0,0,Urban,0,,,Fine,Null
1743888,5916910,3487,,513220,0,0,0,1,0,Null,2008/2009,STURGES ROAD,SUMMERLAND DRIVE,,Non-Injury Crash,No,2009,0,South,0,0,0,Flat,0,,0,,0,Dark,236801,0,0,0,2,0,0,0,0,0,,0,1,Auckland Region,Nil,2-way,Sealed,0,0,0,0,50,0,On,0,0,,76,Auckland,Give way,0,0,0,0,0,0,Urban,0,0,0,Fine,Null
1757999,5913479,3488,,518600,0,,0,2,,West,2008/2009,MOUNT ALBERT ROAD,ERSON AVENUE,,Non-Injury Crash,No,2009,,East,,0,,Flat,,,,,,Bright sun,567300,0,0,0,4,,,0,,,,,,Auckland Region,Nil,2-way,Sealed,,0,0,,50,,Null,0,0,,76,Auckland,Nil,,,,,0,0,Urban,0,,,Fine,Null
1348211,4864433,3489,,607300,0,0,0,0,0,North,2008/2009,OWAKA HIGHWAY,GOTT ROAD,,Minor Crash,No,2009,0,South,0,0,1,Flat,0,,0,,0,Overcast,2997800,1,0,0,2,0,0,0,1,0,,0,0,Otago Region,Nil,2-way,Sealed,0,0,0,0,100,0,Null,1,0,,72,Clutha District,Unknown,0,0,0,0,0,0,Open,0,0,0,Snow,Null
1754518,5928476,3490,,508320,0,,1,1,,Null,2008/2009,DIANA DRIVE,HILLSIDE ROAD,,Non-Injury Crash,No,2009,,South,,0,,Flat,,,,,,Bright sun,198100,0,0,0,2,,,0,,,,,,Auckland Region,Nil,2-way,Sealed,,0,0,,50,,Off,0,0,,76,Auckland,Nil,,,,,0,0,Urban,0,,,Fine,Null
1801226,5814632,3491,,529700,0,,0,0,,North,2008/2009,ANGLESEA ST,BRIDGE ST,,Non-Injury Crash,No,2009,,South,,0,,Flat,,,,,,Dark,912200,0,0,0,4,,,0,,,,,,Waikato Region,Nil,2-way,Sealed,,0,0,,50,,On,0,0,,16,Hamilton City,Unknown,,,,,0,0,Urban,2,,,Fine,Null
1756800,5919574,3492,,514102,1,,0,1,,Null,2008/2009,POYNTON TERRACE,PITT ST,,Non-Injury Crash,No,2009,,North,,0,,Flat,,,,,,Bright sun,435500,0,0,0,2,,,0,,,,,,Auckland Region,Nil,2-way,Sealed,,0,0,,50,,Off,0,0,,76,Auckland,Stop,,,,,0,0,Urban,0,,,Fine,Null
1755022,5913753,3493,,518803,0,,0,1,,Null,2008/2009,DENBIGH AVENUE,DOMINION ROAD,,Non-Injury Crash,No,2009,,East,,0,,Flat,,,,,,Bright sun,580600,0,0,0,2,,,0,,,,,,Auckland Region,Nil,2-way,Sealed,,0,0,,50,,Off,1,0,,76,Auckland,Give way,,,,,0,0,Urban,0,,,Fine,Null
1334338,4875953,3494,,607300,0,0,0,1,0,West,2008/2009,SH 1S,MOA HILL ROAD,,Minor Crash,Yes,2009,0,East,0,0,0,Hill Road,0,,0,,0,Bright sun,3001800,1,0,0,2,0,0,0,1,0,,0,0,Otago Region,Nil,2-way,Sealed,0,0,0,0,100,0,Null,0,0,,72,Clutha District,Unknown,0,0,0,0,0,0,Open,0,0,0,Fine,Null
1757747,5918228,3495,,515700,0,,0,1,,South,2009/2010,SH 1N,MOUNTAIN OBR,,Non-Injury Crash,Yes,2009,,North,,0,,Flat,,,,,,Bright sun,443600,0,0,0,5,,,0,,,,,,Auckland Region,Nil,1-way,Sealed,,0,0,,80,,Off,1,0,,76,Auckland,Nil,,,,,0,0,Open,0,,,Fine,Null
1631503,6126864,3496,,500202,0,0,0,0,0,North,2009/2010,SH 10,PUKEWHAI ROAD,,Non-Injury Crash,Yes,2009,0,South,0,0,1,Hill Road,0,,0,,0,Overcast,2900,0,0,0,2,0,0,0,0,0,,0,1,Northland Region,Nil,2-way,Sealed,0,0,0,0,100,0,None,1,0,,1,Far North District,Nil,0,0,0,0,0,0,Open,0,0,0,Light rain,Null
1572653,5164967,3497,,596503,0,0,0,1,0,North,2009/2010,GOVERNORS BAY TEDDINGTON ,GEBBIES PASS ROAD,,Serious Crash,No,2009,0,South,1,0,1,Flat,0,,0,,0,Dark,2711801,0,0,0,2,0,0,0,0,0,,0,0,Canterbury Region,Nil,2-way,Sealed,0,0,1,0,80,0,None,0,0,,60,Christchurch City,Unknown,0,0,0,0,0,0,Open,0,0,0,Fine,Frost
1765071,5905794,3498,,522202,0,,0,1,,East,2008/2009,ST GEORGE ST,KOLMAR ROAD,,Non-Injury Crash,No,2009,,East,,0,,Flat,,,,,,Bright sun,664700,0,0,0,4,,,0,,,,,,Auckland Region,Nil,2-way,Sealed,,0,0,,50,,Null,1,0,20,76,Auckland,Unknown,,,,,0,0,Urban,0,,,Fine,Null
1754453,5915142,3499,,518802,0,,0,2,,Null,2008/2009,MOUNT ALBERT ROAD,SANDRINGHAM ROAD,,Non-Injury Crash,No,2009,,South,,0,,Flat,,,,,,Dark,577300,0,0,0,3,,,0,,,,,,Auckland Region,Nil,2-way,Sealed,,0,0,,50,,On,0,0,,76,Auckland,Traffic Signals,,,,,0,0,Urban,0,,,Light rain,Null
1744937,5921107,3500,,513632,0,0,0,2,0,South,2008/2009,TRIANGLE ROAD,WAIMUMU ROAD,,Non-Injury Crash,No,2009,0,North,0,0,0,Hill Road,0,,0,,0,Dark,228702,0,0,0,2,0,0,0,0,1,,0,0,Auckland Region,Nil,2-way,Sealed,0,0,0,0,50,0,On,0,0,,76,Auckland,Nil,0,0,0,0,0,0,Urban,0,0,0,Light rain,Null
1758384,5917895,3501,,517400,0,,1,0,,Null,2008/2009,BROADWAY,MORTIMER PASS,,Non-Injury Crash,No,2009,,North,,0,,Flat,,,,,,Overcast,451300,0,0,0,4,,,0,,,,,,Auckland Region,Nil,2-way,Sealed,,0,0,,50,,Off,1,0,,76,Auckland,Traffic Signals,,,,,0,0,Urban,0,,,Fine,Null
1838144,5658373,3502,45,541501,0,,0,0,,South,2008/2009,SH 1N,TREE TRUNK GORGE ROAD,,Non-Injury Crash,Yes,2009,,North,,0,,Hill Road,,,,,,Overcast,1289001,0,0,0,2,,,0,,,,,,Waikato Region,Nil,2-way,Sealed,,0,0,,100,,Null,0,0,,21,Taupo District,Nil,,,,,0,0,Open,1,,,Heavy rain,Null
1768889,5900828,3503,,525002,0,,0,1,,West,2009/2010,WEYMOUTH ROAD,GREAT SOUTH ROAD,,Non-Injury Crash,No,2009,,West,,0,,Flat,,,,,,Overcast,752802,0,0,0,4,,,0,,,,,,Auckland Region,Nil,2-way,Sealed,,0,0,,50,,Off,0,0,,76,Auckland,Nil,,,,,1,0,Urban,0,,,Fine,Null
1756166,5918793,3504,,515500,0,,0,1,,West,2008/2009,SH 16,NEWTON OBR,,Non-Injury Crash,Yes,2009,,East,,0,,Flat,,,,,,Bright sun,417600,0,0,0,5,,,0,,,,,,Auckland Region,Nil,1-way,Sealed,,0,0,,80,,Null,1,0,,76,Auckland,Unknown,,,,,0,0,Open,0,,,Fine,Null
1762271,5907061,3505,,524520,0,,0,2,,Null,2008/2009,MASSEY ROAD,BUCKLAND ROAD,,Non-Injury Crash,No,2009,,East,,0,,Flat,,,,,,Overcast,735200,0,0,0,4,,,0,,,,,,Auckland Region,Nil,2-way,Sealed,,0,0,,50,,Off,0,0,,76,Auckland,Traffic Signals,,,,,0,0,Urban,0,,,Light rain,Null
1765025,5910255,3506,,521801,0,0,0,1,0,Null,2008/2009,PRINCES ST,OTAHUHU OFF NBD,,Non-Injury Crash,Yes,2009,0,North,0,0,0,Hill Road,1,,0,,0,Dark,787700,0,0,0,1,0,0,0,0,0,,0,0,Auckland Region,Motorway ramp,1-way,Sealed,0,0,0,0,100,0,On,0,0,,76,Auckland,Stop,0,0,0,0,0,0,Open,0,0,0,Fine,Null
1757703,5918269,3507,,518101,0,,0,2,,North,2008/2009,SH 1N,MOUNTAIN OBR,,Non-Injury Crash,Yes,2009,,North,,0,,Flat,,,,,,Bright sun,543000,0,0,0,5,,,0,,,,,,Auckland Region,Nil,1-way,Sealed,,0,0,,80,,Null,0,0,,76,Auckland,Unknown,,,,,0,0,Open,0,,,Fine,Null
1766465,5907184,3508,,522302,0,0,0,2,0,East,2009/2010,STONEX ROAD,BERNARD ST,,Non-Injury Crash,No,2009,0,East,0,0,0,Flat,0,,0,,0,Dark,667900,0,0,0,2,0,0,0,0,1,,0,0,Auckland Region,Nil,2-way,Sealed,0,0,0,0,50,0,On,0,0,,76,Auckland,Nil,0,0,0,0,0,0,Urban,0,0,0,Fine,Null
1755671,5922469,3509,,509800,0,,0,4,,Null,2009/2010,SH 1N,TOP OF HARBOUR BRIDGE,,Non-Injury Crash,Yes,2009,,South,,0,,Hill Road,,,,,,Bright sun,359300,0,0,0,5,,,0,,,,,,,Bridge,1-way,Sealed,,0,0,,80,,Null,0,0,,76,Auckland,Unknown,,,,,0,0,Open,0,,,Fine,Null
1770381,5911574,3510,,523105,0,,0,2,,South,2008/2009,BOTANY ROAD,GOLFLAND DRIVE S,,Non-Injury Crash,No,2009,,North,,0,,Flat,,,,,,Bright sun,711183,0,0,0,2,,,0,,,,,,Auckland Region,Nil,2-way,Sealed,,0,0,,50,,Off,0,0,,76,Auckland,Traffic Signals,,,,,0,0,Urban,0,,,Fine,Null
1718794,6047394,3511,,502600,0,,0,1,,Null,2009/2010,SH 1N,KENSINGTON AVENUE,,Non-Injury Crash,Yes,2009,,West,,0,,Flat,,,,,,Dark,95301,0,0,0,2,,,0,,,,,,Northland Region,Nil,2-way,Sealed,,0,0,,50,,On,0,0,,2,Whangarei District,Stop,,,,,0,0,Urban,0,,,Light rain,Null
1885272,5773395,3512,,540420,0,,0,1,,North,2009/2010,TE NGAE ROAD,TI ST,,Non-Injury Crash,No,2009,,South,,0,,Flat,,,,,,Overcast,1237300,0,0,0,4,,,0,,,,,,Bay of Plenty Region,Nil,2-way,Sealed,,0,0,,50,,Null,0,0,,24,Rotorua District,Unknown,,,,,0,0,Urban,1,,,Fine,Null
1758222,5910109,3513,,524001,0,0,0,3,0,Null,2008/2009,BOYD AVENUE,SULLIVAN AVENUE,,Non-Injury Crash,No,2009,0,East,0,0,0,Flat,0,,0,,0,Dark,721400,0,0,0,2,0,0,0,0,1,,0,0,Auckland Region,Nil,2-way,Sealed,0,0,0,0,50,0,On,0,0,,76,Auckland,Nil,0,0,0,0,0,0,Urban,0,0,0,Null,Null
1883706,5773382,3514,,540420,0,,0,1,,South,2009/2010,SH 5,KONENE ST,,Non-Injury Crash,Yes,2009,,South,,0,,Flat,,,,,,Overcast,1235302,0,0,0,4,,,0,,,,,,Bay of Plenty Region,Nil,2-way,Sealed,,0,0,,60,,Null,0,0,,24,Rotorua District,Unknown,,,,,1,0,Urban,0,,,Fine,Null
1746535,5941162,3515,,506614,0,0,0,1,0,North,2008/2009,DAIRY FLAT HIGHWAY,ACCESS ROAD,,Non-Injury Crash,No,2009,0,South,0,0,1,Flat,0,,0,,0,Dark,178002,0,0,0,2,0,0,0,0,0,,0,1,Auckland Region,Nil,2-way,Sealed,0,0,0,0,100,0,None,0,0,,76,Auckland,Nil,0,0,0,0,0,0,Open,0,0,0,Light rain,Null
1800554,5816028,3516,,529700,0,,0,2,,North,2008/2009,VICTORIA ST,ROSTREVOR ST,,Non-Injury Crash,No,2009,,South,,0,,Flat,,,,,,Overcast,909800,0,0,0,4,,,0,,,,,,Waikato Region,Nil,2-way,Sealed,,0,0,,50,,Null,0,0,,16,Hamilton City,Unknown,,,,,0,0,Urban,0,,,Light rain,Null
1755787,5914033,3517,,518500,0,,0,1,,Null,2009/2010,MOUNT ALBERT ROAD,SCOUT AVENUE,,Non-Injury Crash,No,2009,,East,,0,,Flat,,,,,,Dark,563300,0,0,0,4,,,0,,,,,,Auckland Region,Nil,2-way,Sealed,,0,0,,50,,On,0,0,,76,Auckland,Traffic Signals,,,,,0,0,Urban,1,,,Fine,Null
1784060,5837335,3518,,526601,0,0,0,1,0,West,2009/2010,ROTOWARO ROAD,MAHUTA STATION ROAD,,Non-Injury Crash,No,2009,0,North,0,0,0,Flat,0,,0,,0,Dark,852300,0,0,0,2,0,0,0,0,0,,0,0,Waikato Region,Nil,2-way,Sealed,0,0,0,0,100,0,None,0,0,,13,Waikato District,Unknown,0,0,0,0,0,0,Open,0,0,0,Fine,Null
1759860,5915784,3519,,519200,0,,1,1,,North,2008/2009,GREAT SOUTH ROAD,GREEN LANE EAST,,Non-Injury Crash,No,2009,,South,,0,,Flat,,,,,,Bright sun,616000,0,0,0,2,,,0,,,,,,Auckland Region,Nil,2-way,Sealed,,0,0,,50,,Off,0,0,,76,Auckland,Nil,,,,,0,0,Urban,0,,,Fine,Null
1755021,5930866,3520,,508520,0,0,0,2,0,Null,2009/2010,JUNIPER STREET,SYCAMORE DRIVE,,Non-Injury Crash,No,2009,0,North,0,0,0,Flat,0,,0,,0,Overcast,192400,0,0,0,2,0,0,0,0,0,,0,0,Auckland Region,Nil,2-way,Sealed,0,0,0,0,50,0,Off,0,0,,76,Auckland,Nil,0,0,0,0,0,0,Urban,0,1,0,Fine,Null
1863346,5829293,3521,85,536620,0,0,0,1,0,West,2008/2009,SH 2,APATA STATION ROAD E,,Non-Injury Crash,Yes,2009,0,West,0,0,0,Flat,0,,0,,0,Dark,1186000,0,0,0,2,0,0,0,1,0,,0,0,Bay of Plenty Region,Nil,2-way,Sealed,0,0,0,0,100,0,None,0,0,,22,Western Bay of Plenty District,Unknown,0,0,0,0,0,0,Open,0,0,0,Mist or Fog,Null
1752766,5928633,3522,,508411,0,,0,1,,South,2008/2009,MANUKA ROAD,BAYVIEW ROAD,,Non-Injury Crash,No,2009,,South,,0,,Hill Road,,,,,,Bright sun,185700,0,0,0,2,,,0,,,,,,Auckland Region,Nil,2-way,Sealed,,0,0,,50,,Null,0,0,,76,Auckland,Unknown,,,,,0,0,Urban,1,,,Fine,Null
1765559,5908183,3523,,523404,0,,0,2,,Null,2008/2009,BAIRDS ROAD,WYMONDLEY ROAD,,Non-Injury Crash,No,2009,,East,,0,,Flat,,,,,,Twilight,696801,0,0,0,2,,,0,,,,,,Auckland Region,Nil,2-way,Sealed,,0,0,,50,,Off,0,0,,76,Auckland,Traffic Signals,,,,,0,0,Urban,0,,,Heavy rain,Null
1775098,5896931,3524,,525610,0,,0,1,,East,2008/2009,ELSIE MORTON PLACE,DOMINION ROAD,,Non-Injury Crash,No,2009,,West,,0,,Flat,,,,,,Dark,799105,0,0,0,2,,,0,,,,,,Auckland Region,Nil,2-way,Sealed,,0,0,,50,,On,0,0,,76,Auckland,Nil,,,,,0,0,Urban,0,,,Fine,Null
1240647,4857118,3525,,610051,0,0,0,0,0,East,2009/2010,SH 99,STEEL ROAD,,Minor Crash,Yes,2009,0,East,0,0,1,Flat,0,,0,,0,Dark,3080800,1,0,0,2,0,0,0,0,0,,0,0,Southland Region,Nil,2-way,Sealed,0,0,0,0,100,0,None,0,0,,73,Southland District,Unknown,0,0,0,0,0,0,Open,1,0,0,Snow,Frost
1756895,5920130,3526,,514102,0,,0,3,,South,2009/2010,HOBSON ST,COOK ST,,Non-Injury Crash,No,2009,,South,,0,,Flat,,,,,,Bright sun,434500,0,0,0,2,,,0,,,,,,Auckland Region,Nil,1-way,Sealed,,0,0,,50,,Off,0,0,,76,Auckland,Traffic Signals,,,,,0,0,Urban,0,,,Heavy rain,Null
1858996,5805261,3527,,536630,0,0,0,0,1,East,2008/2009,SH 29,HANGA ROAD,,Non-Injury Crash,Yes,2009,0,West,0,0,0,Hill Road,0,,0,,0,Dark,1114601,0,0,0,2,0,0,0,0,0,,0,0,Bay of Plenty Region,Nil,2-way,Sealed,0,0,0,0,100,0,None,0,0,,22,Western Bay of Plenty District,Nil,0,0,0,0,1,0,Open,0,0,0,Fine,Frost