X,Y,OBJECTID,advisorySpeed,areaUnitID,bicycle,bridge,bus,carStationWagon,cliffBank,crashDirectionDescription,crashFinancialYear,crashLocation1,crashLocation2,crashRoadSideRoad,crashSeverity,crashSHDescription,crashYear,debris,directionRoleDescription,ditch,fatalCount,fence,flatHill,guardRail,holiday,houseOrBuilding,intersection,kerb,light,meshblockId,minorInjuryCount,moped,motorcycle,NumberOfLanes,objectThrownOrDropped,otherObject,otherVehicleType,overBank,parkedVehicle,pedestrian,phoneBoxEtc,postOrPole,region,roadCharacter,roadLane,roadSurface,roadworks,schoolBus,seriousInjuryCount,slipOrFlood,speedLimit,strayAnimal,streetLight,suv,taxi,temporarySpeedLimit,tlaId,tlaName,trafficControl,trafficIsland,trafficSign,train,tree,truck,unknownVehicleType,urban,vanOrUtility,vehicle,waterRiver,weatherA,weatherB
1770920,5914137,3528,,521602,0,0,0,1,0,North,2009/2010,BOTANY ROAD,ANDREW ROAD,,Non-Injury Crash,No,2009,0,North,0,0,0,Flat,0,,0,,0,Bright sun,648100,0,0,0,2,0,0,0,0,1,,0,0,Auckland Region,Nil,2-way,Sealed,0,0,0,0,50,0,Null,0,0,,76,Auckland,Unknown,0,0,0,0,0,0,Urban,1,0,0,Fine,Null
1751954,5917948,3529,,515001,0,,0,1,,East,2008/2009,SH 16,PT CHEV ON EBD,,Non-Injury Crash,Yes,2009,,East,,0,,Hill Road,,,,,,Bright sun,392400,0,0,0,3,,,0,,,,,,Auckland Region,Nil,1-way,Sealed,,0,0,,100,,Off,1,0,,76,Auckland,Nil,,,,,0,0,Open,1,,,Fine,Null
1755129,5918285,3530,,515500,0,,0,2,,South,2008/2009,SH 16,NEWTON OFF EBD,,Non-Injury Crash,Yes,2009,,West,,0,,Flat,,,,,,Overcast,418800,0,0,0,4,,,0,,,,,,Auckland Region,Nil,1-way,Sealed,,0,0,,100,,Null,0,0,,76,Auckland,Unknown,,,,,0,0,Open,0,,,Fine,Null
1767729,5913583,3531,,522820,0,,0,2,,Null,2009/2010,PAKURANGA ROAD,GRAMMAR SCHOOL ROAD,,Non-Injury Crash,No,2009,,East,,0,,Hill Road,,,,,,Overcast,695002,0,0,0,6,,,0,,,,,,Auckland Region,Nil,2-way,Sealed,,0,0,,60,,Off,0,0,,76,Auckland,Give way,,,,,0,0,Urban,0,,,Light rain,Null
1755479,5915380,3532,,518302,0,0,0,2,0,South,2009/2010,DOMINION ROAD,WEMBLEY ROAD,,Non-Injury Crash,No,2009,0,North,0,0,0,Flat,0,,0,,0,Dark,559301,0,0,0,4,0,0,0,0,2,,0,0,Auckland Region,Nil,2-way,Sealed,0,0,0,0,50,0,On,0,1,,76,Auckland,Nil,0,0,0,0,0,0,Urban,0,0,0,Light rain,Null
1777501,5911382,3533,75,523202,0,0,0,1,0,South,2008/2009,WHITFORD-MARAETAI ROAD,HENSON ROAD N,,Non-Injury Crash,No,2009,0,South,0,0,1,Flat,0,,0,,0,Bright sun,718300,0,0,0,2,0,0,0,0,0,,0,0,Auckland Region,Nil,2-way,Sealed,0,0,0,0,80,0,None,0,0,30,76,Auckland,Nil,0,0,0,0,0,0,Open,0,0,0,Fine,Null
1756342,5944001,3534,,505909,0,,0,2,,West,2008/2009,WADE RIVER ROAD,WHANGAPARAOA ROAD E,,Non-Injury Crash,No,2009,,East,,0,,Flat,,,,,,Bright sun,174013,0,0,0,2,,,0,,,,,,Auckland Region,Nil,2-way,Sealed,,0,0,,50,,Null,0,0,,76,Auckland,Traffic Signals,,,,,0,0,Urban,0,,,Fine,Null
1879104,5824071,3535,,538201,0,,0,2,,South,2008/2009,CAMERON ROAD,FIRST AVENUE,,Non-Injury Crash,No,2009,,North,,0,,Flat,,,,,,Twilight,1165100,0,0,0,4,,,0,,,,,,Bay of Plenty Region,Nil,2-way,Sealed,,0,0,,50,,On,0,0,,23,Tauranga City,Nil,,,,,0,0,Urban,0,,,Fine,Null
1598214,5451225,3536,,581833,0,0,0,1,0,West,2008/2009,UMUKURI ROAD,SWAMP ROAD,,Non-Injury Crash,No,2009,0,East,1,0,0,Flat,0,,0,,0,Overcast,2368800,0,0,0,2,0,0,0,0,0,,0,0,Tasman Region,Nil,2-way,Sealed,0,0,0,0,80,0,Null,0,0,,51,Tasman District,Nil,0,0,0,0,0,0,Open,0,0,0,Mist or Fog,Null
1892943,5812924,3537,,538502,0,,0,1,,Null,2008/2009,JELLICOE ST,JOCELYN ST,,Non-Injury Crash,No,2009,,East,,0,,Flat,,,,,,Bright sun,1215400,0,0,0,2,,,0,,,,,,Bay of Plenty Region,Nil,2-way,Sealed,,0,0,,50,,Off,0,0,,22,Western Bay of Plenty District,Give way,,,,,1,0,Urban,0,,,Fine,Null
1884223,5825135,3538,,536831,0,,0,2,,South,2008/2009,SH 2,GIRVEN ROAD,,Non-Injury Crash,Yes,2009,,South,,0,,Flat,,,,,,Overcast,1204403,0,0,0,4,,,0,,,,,,Bay of Plenty Region,Nil,2-way,Sealed,,0,0,,70,,Null,0,0,,23,Tauranga City,Unknown,,,,,0,0,Urban,0,,,Fine,Null
1763540,5912735,3539,,520500,0,,0,0,,North,2009/2010,SH 1N,MT WGTN OBR,,Non-Injury Crash,Yes,2009,,South,,0,,Flat,,,,,,Bright sun,637400,0,0,0,4,,,0,,,,,,Auckland Region,Nil,1-way,Sealed,,0,0,,100,,Off,0,0,,76,Auckland,Nil,,,,,1,0,Open,1,,,Fine,Null
1766306,5907477,3540,,523601,0,,0,2,,South,2008/2009,SH 1N,16 LINK 1,,Non-Injury Crash,Yes,2009,,South,,0,,Flat,,,,,,Bright sun,708500,0,0,0,2,,,0,,,,,,Auckland Region,Nil,1-way,Sealed,,0,0,,80,,Null,2,0,,76,Auckland,Unknown,,,,,0,0,Open,0,,,Fine,Null
1769327,5907459,3541,,523712,0,,0,1,,Null,2009/2010,TE IRIRANGI DRIVE,ORMISTON ROAD,,Non-Injury Crash,No,2009,,South,,0,,Flat,,,,,,Bright sun,712803,0,0,0,2,,,0,,,,,,Auckland Region,Nil,2-way,Sealed,,0,0,,80,,Off,1,0,,76,Auckland,Give way,,,,,0,0,Open,0,,,Fine,Null
1759984,5915835,3542,,516002,0,,0,2,,Null,2009/2010,GREEN LANE EAST,MAREWA ROAD,,Non-Injury Crash,No,2009,,East,,0,,Flat,,,,,,Bright sun,494000,0,0,0,4,,,0,,,,,,Auckland Region,Nil,2-way,Sealed,,0,0,,50,,Off,0,0,,76,Auckland,Give way,,,,,0,0,Urban,0,,,Fine,Null
1571767,5180286,3543,,593501,0,,0,1,,Null,2009/2010,FITZGERALD AVENUE,GLOUCESTER STREET,,Minor Crash,No,2009,,West,,0,,Flat,,,,,,Bright sun,2609600,1,0,0,4,,,0,,,,,,Canterbury Region,Nil,2-way,Sealed,,0,0,,50,,Null,0,0,,60,Christchurch City,Traffic Signals,,,,,0,0,Urban,1,,,Fine,Null
1581723,5174478,3544,,596200,0,,0,1,,West,2009/2010,TAYLORS MISTAKE ROAD,TAYLORS MISTAKE BEACH,,Minor Crash,No,2009,,East,,0,,Hill Road,,,,,,Twilight,2704400,1,0,2,2,,,0,,,,,,Canterbury Region,Nil,2-way,Sealed,,0,0,,80,,Off,0,0,,60,Christchurch City,Unknown,,,,,0,0,Open,0,,,Fine,Null
1760965,5919957,3545,,516400,0,,0,1,,Null,2009/2010,TAMAKI DRIVE,NGAPIPI ROAD,,Non-Injury Crash,No,2009,,West,,0,,Flat,,,,,,Overcast,496500,0,0,0,2,,,0,,,,,,Auckland Region,Nil,2-way,Sealed,,0,0,,50,,Null,1,0,,76,Auckland,Give way,,,,,0,0,Urban,0,,,Light rain,Null
1523145,5198683,3546,,587100,0,0,0,1,0,East,2009/2010,WAIMAKARIRI PICNIC ROAD,WAIMAKARIRI RIV BR,,Serious Crash,No,2009,0,North,0,0,0,Hill Road,0,Christmas New Year,0,,0,Dark,2463600,1,0,0,1,0,0,0,1,0,,0,0,Canterbury Region,Nil,Off road,Unsealed,0,0,1,0,100,0,None,0,0,,62,Selwyn District,Unknown,0,0,0,0,0,0,Open,0,0,1,Fine,Null
1755611,5928517,3547,,508320,0,,0,2,,North,2008/2009,WAIRAU ROAD,ARCHERS ROAD,,Non-Injury Crash,No,2009,,South,,0,,Flat,,,,,,Overcast,198500,0,0,0,2,,,0,,,,,,Auckland Region,Nil,2-way,Sealed,,0,0,,50,,Off,0,0,,76,Auckland,Nil,,,,,0,0,Urban,0,,,Light rain,Null
1307438,5040025,3548,75,608304,0,0,0,1,1,East,2008/2009,SH 8A,MCKAY ROAD,,Minor Crash,Yes,2009,0,West,0,0,0,Hill Road,0,,0,,0,Bright sun,3028200,1,0,0,2,0,0,0,0,0,,0,0,Otago Region,Nil,2-way,Sealed,0,0,0,0,100,0,Null,0,0,,70,Queenstown-Lakes District,Unknown,0,0,0,0,0,0,Open,0,0,0,Fine,Null
1753924,5913433,3549,,518802,0,,0,0,,Null,2008/2009,RICHARDSON ROAD,WHITE SWAN ROAD,,Non-Injury Crash,No,2009,,North,,0,,Flat,,,,,,Bright sun,579400,0,0,0,2,,,0,,,,,,Auckland Region,Nil,2-way,Sealed,,0,0,,50,,Off,1,0,,76,Auckland,Traffic Signals,,,,,1,0,Urban,0,,,Fine,Null
1883469,5774445,3550,,539400,0,0,0,0,0,Null,2008/2009,SH 5,SUNSET ROAD,,Non-Injury Crash,Yes,2009,0,North,0,0,0,Flat,0,Queens Birthday,0,,0,Overcast,1225100,0,0,0,5,0,1,0,0,0,,0,0,Bay of Plenty Region,Nil,2-way,Sealed,0,0,0,0,60,0,Off,0,0,,24,Rotorua District,Traffic Signals,0,0,0,0,0,0,Urban,1,0,0,Fine,Null
1720062,6050022,3551,,502202,0,,0,2,,South,2008/2009,KIRIPAKA ROAD,SPEDDING ROAD,,Non-Injury Crash,No,2009,,North,,0,,Flat,,,,,,Bright sun,87000,0,0,0,2,,,0,,,,,,Northland Region,Nil,2-way,Sealed,,0,0,,50,,Off,0,0,,2,Whangarei District,Give way,,,,,0,0,Urban,0,,,Fine,Null
1885154,5773153,3552,,540600,0,0,0,2,0,North,2008/2009,FENTON ST,MALFROY ROAD,,Non-Injury Crash,No,2009,0,North,0,0,0,Flat,0,,0,,0,Dark,1243100,0,0,0,4,0,0,0,0,1,,0,0,Bay of Plenty Region,Nil,2-way,Sealed,0,0,0,0,50,0,On,0,0,,24,Rotorua District,Unknown,0,0,0,0,0,0,Urban,0,0,0,Fine,Null
1877705,5818654,3553,,537900,0,,0,2,,Null,2008/2009,SH 29,POIKE ROAD,,Non-Injury Crash,Yes,2009,,North,,0,,Flat,,,,,,Overcast,1193201,0,0,0,4,,,0,,,,,,Bay of Plenty Region,Nil,2-way,Sealed,,0,0,,100,,Null,0,0,,23,Tauranga City,Give way,,,,,0,0,Open,0,,,Heavy rain,Null
1754477,5934611,3554,,507102,0,0,0,2,0,West,2008/2009,REDWING ST,MISTLETOE PLACE,,Non-Injury Crash,No,2009,0,West,0,0,0,Hill Road,0,,0,,0,Bright sun,158705,0,0,0,2,0,0,0,0,1,,0,0,Auckland Region,Nil,2-way,Sealed,0,0,0,0,50,0,Null,0,0,,76,Auckland,Unknown,0,0,0,0,0,0,Urban,0,0,0,Fine,Null
1878019,5821494,3555,,538102,0,,0,2,,South,2008/2009,FRASER ST,EIGHTEENTH AVENUE,,Non-Injury Crash,No,2009,,South,,0,,Hill Road,,,,,,Overcast,1170200,0,0,0,2,,,0,,,,,,Bay of Plenty Region,Nil,2-way,Sealed,,0,0,,50,,Null,0,0,,23,Tauranga City,Unknown,,,,,0,0,Urban,0,,,Fine,Null
1756730,5913117,3556,,518702,0,,0,1,,North,2008/2009,HILLSBOROUGH ROAD,CARR ROAD,,Non-Injury Crash,No,2009,,North,,0,,Flat,,,,,,Bright sun,568000,0,0,0,2,,,0,,,,,,Auckland Region,Nil,2-way,Sealed,,0,0,,50,,Off,0,0,,76,Auckland,Nil,,,,,0,0,Urban,1,,,Fine,Null
1766193,5907431,3557,,522301,0,,0,2,,South,2008/2009,EAST TAMAKI ROAD,OTARA ON NBD,,Non-Injury Crash,No,2009,,East,,0,,Flat,,,,,,Dark,666700,0,0,0,3,,,0,,,,,,Auckland Region,Nil,2-way,Sealed,,0,0,,50,,On,0,0,,76,Auckland,Unknown,,,,,0,0,Urban,0,,,Fine,Null
1519425,5373666,3558,45,584412,0,0,0,1,0,West,2008/2009,SH 6,IRON BR,,Minor Crash,Yes,2009,0,South,0,0,0,Hill Road,0,,0,,0,Overcast,2386200,1,0,0,2,0,0,0,1,0,,0,0,West Coast Region,Nil,2-way,Sealed,0,0,0,0,100,0,Null,0,0,,55,Buller District,Unknown,0,0,0,0,0,0,Open,0,0,0,Light rain,Null
1866999,5714285,3559,,541710,0,,0,4,,Null,2008/2009,WAIRAKEI DRIVE,NORMAN SMITH ST,,Non-Injury Crash,No,2009,,South,,0,,Hill Road,,,,,,Overcast,1275301,0,0,0,2,,,0,,,,,,Waikato Region,Nil,1-way,Sealed,,0,0,,50,,Null,0,0,,21,Taupo District,Give way,,,,,0,0,Urban,0,,,Fine,Null
1766550,5899891,3560,,524713,0,0,0,2,0,North,2008/2009,JOHN WALKER DRIVE,WEYMOUTH ROAD,,Non-Injury Crash,No,2009,0,North,0,0,0,Flat,0,,0,,0,Dark,775805,0,0,0,2,0,0,0,0,1,,0,0,Auckland Region,Nil,2-way,Sealed,0,0,0,0,50,0,On,0,0,,76,Auckland,Nil,0,0,0,0,0,0,Urban,0,0,0,Fine,Null
1889435,5774649,3561,,538742,0,,0,1,,North,2008/2009,SH 30,SUNRISE AVENUE,,Non-Injury Crash,Yes,2009,,South,,0,,Flat,,,,,,Bright sun,1257000,0,0,0,2,,,0,,,,,,Bay of Plenty Region,Nil,2-way,Sealed,,0,0,,60,,Null,1,0,,24,Rotorua District,Unknown,,,,,0,0,Urban,0,,,Fine,Null
1749618,5945450,3562,,506001,0,,0,2,,Null,2008/2009,FORGE ROAD,EAST COAST ROAD,,Non-Injury Crash,No,2009,,South,,0,,Flat,,,,,,Twilight,175701,0,0,0,2,,,0,,,,,,Auckland Region,Nil,2-way,Sealed,,0,0,,50,,On,0,0,,76,Auckland,Stop,,,,,0,0,Urban,0,,,Fine,Null
1265542,4986561,3563,75,609014,0,0,0,1,1,North,2009/2010,SH 6,STAIRCASE BLUFF,,Minor Crash,Yes,2009,0,South,0,0,0,Hill Road,0,,0,,0,Overcast,3040200,1,0,0,2,0,0,0,0,0,,0,0,Otago Region,Nil,2-way,Sealed,0,0,0,0,100,0,Null,0,0,,70,Queenstown-Lakes District,Unknown,0,0,0,0,0,0,Open,0,0,0,Light rain,Null
1930590,5799887,3564,,542000,0,,0,1,,West,2009/2010,ARAWA ST,MAIR ST,,Non-Injury Crash,No,2009,,West,,0,,Flat,,,,,,Bright sun,1321500,0,0,0,2,,,0,,,,,,Bay of Plenty Region,Nil,2-way,Sealed,,0,0,,60,,Null,0,0,,25,Whakatane District,Unknown,,,,,0,0,Urban,1,,,Fine,Null
1244673,4850475,3565,,611001,0,,0,2,,Null,2008/2009,YARROW ST,ISABELLA ST,,Minor Crash,No,2009,,East,,0,,Flat,,Easter,,,,Bright sun,3131600,1,0,0,2,,,0,,,,,,Southland Region,Nil,2-way,Sealed,,0,0,,50,,Null,0,0,,75,Invercargill City,Stop,,,,,0,0,Urban,0,,,Fine,Null
1769886,5900223,3566,,524902,0,0,0,1,1,North,2009/2010,SH 1N,TAKANINI RAIL OBR,,Non-Injury Crash,Yes,2009,0,North,0,0,0,Flat,0,,0,,0,Overcast,759100,0,0,0,3,0,0,0,0,0,,0,0,Auckland Region,Nil,1-way,Sealed,0,0,0,0,100,0,Null,0,0,,76,Auckland,Unknown,0,0,0,0,1,0,Open,0,0,0,Fine,Null
1948870,5791812,3567,,542511,0,0,0,0,0,Null,2008/2009,SH 30,KEEPA ROAD,,Non-Injury Crash,Yes,2009,0,North,0,0,0,Flat,0,,0,,0,Overcast,1297902,0,0,0,4,0,0,0,0,0,,0,0,Bay of Plenty Region,Nil,2-way,Sealed,0,0,0,0,80,0,Null,0,0,,25,Whakatane District,Nil,0,1,0,0,0,0,Open,1,0,0,Light rain,Null
1759485,5920515,3568,,515902,0,,1,0,,East,2008/2009,TAMAKI DRIVE,SOLENT ST,,Non-Injury Crash,No,2009,,West,,0,,Flat,,,,,,Dark,454800,0,0,0,4,,,0,,,,,,Auckland Region,Nil,2-way,Sealed,,0,0,,50,,On,1,0,,76,Auckland,Unknown,,,,,0,0,Urban,0,,,Fine,Null
1764553,5909659,3569,,521802,0,,0,2,,East,2008/2009,HIGH ST,CHURCH ST,,Non-Injury Crash,No,2009,,West,,0,,Flat,,,,,,Bright sun,788602,0,0,0,2,,,0,,,,,,Auckland Region,Nil,2-way,Sealed,,0,0,,50,,Null,0,0,,76,Auckland,Nil,,,,,0,0,Urban,0,,,Fine,Null
1844172,5785966,3570,,535600,0,0,0,1,0,Null,2008/2009,HIGH ST,TERRACE ST,,Non-Injury Crash,No,2009,0,North,0,0,0,Flat,0,,0,,0,Dark,1128400,0,0,0,2,0,0,0,0,1,,0,0,Waikato Region,Nil,2-way,Sealed,0,0,0,0,50,0,On,1,0,,19,South Waikato District,Nil,0,0,0,0,0,0,Urban,0,0,0,Fine,Null
1797686,5816801,3571,,528504,0,,0,1,,North,2008/2009,AVALON DRIVE,GRANDVIEW ROAD,,Non-Injury Crash,No,2009,,North,,0,,Flat,,,,,,Bright sun,906900,0,0,0,2,,,0,,,,,,Waikato Region,Nil,2-way,Sealed,,0,0,,50,,Null,0,0,,16,Hamilton City,Unknown,,,,,0,0,Urban,1,,,Fine,Null
1755433,5922079,3572,,515202,0,,0,2,,North,2009/2010,SH 1N,SHELLY BEACH OBR,,Non-Injury Crash,Yes,2009,,North,,0,,Flat,,,,,,Overcast,423600,0,0,0,5,,,0,,,,,,,Nil,1-way,Sealed,,0,0,,80,,Off,0,0,,76,Auckland,Nil,,,,,0,0,Open,0,,,Fine,Null
1884737,5774013,3573,,540410,1,,0,1,,Null,2008/2009,PUKUATUA ST,AMOHIA ST,,Non-Injury Crash,No,2009,,West,,0,,Flat,,,,,,Bright sun,1233600,0,0,0,2,,,0,,,,,,Bay of Plenty Region,Nil,2-way,Sealed,,0,0,,50,,Off,0,0,,24,Rotorua District,Give way,,,,,0,0,Urban,0,,,Fine,Null
1686248,6096319,3574,65,501615,0,,0,2,,North,2009/2010,SH 10,WAKELIN ROAD,,Non-Injury Crash,Yes,2009,,North,,0,,Hill Road,,,,,,Overcast,50002,0,0,0,2,,,0,,,,,,Northland Region,Nil,2-way,Sealed,,0,0,,100,,Null,0,0,,1,Far North District,Unknown,,,,,0,0,Open,0,,,Heavy rain,Null
1717758,6042801,3575,,503800,0,0,0,1,0,South,2008/2009,TAUROA ST,FAIRBURN ST,,Non-Injury Crash,No,2009,0,North,0,0,1,Hill Road,0,,0,,0,Dark,107908,0,0,0,2,0,0,0,0,0,,0,0,Northland Region,Nil,2-way,Sealed,0,0,0,0,50,0,On,0,0,,2,Whangarei District,Nil,0,0,0,0,0,0,Urban,0,0,0,Fine,Null
1760235,5907718,3576,,524121,0,0,0,1,1,South,2008/2009,SH 20A,SH 20 MANGERE OBR,,Non-Injury Crash,Yes,2009,0,South,0,0,0,Flat,1,,0,,0,Dark,737600,0,0,0,2,0,0,0,0,0,,0,0,Auckland Region,Nil,1-way,Sealed,0,0,0,0,100,0,On,0,0,,76,Auckland,Unknown,0,0,0,0,0,0,Open,0,0,0,Fine,Null
1743444,5923442,3577,,513511,0,,0,2,,East,2008/2009,WESTGATE DRIVE,DON BUCK ROAD,,Non-Injury Crash,No,2009,,West,,0,,Flat,,,,,,Bright sun,224306,0,0,0,3,,,0,,,,,,Auckland Region,Nil,2-way,Sealed,,0,0,,50,,Off,0,0,,76,Auckland,Nil,,,,,0,0,Urban,0,,,Null,Null
1861970,5721841,3578,,541335,0,,0,2,,Null,2009/2010,POIHIPI ROAD,WHANGAMATA ROAD,,Non-Injury Crash,No,2009,,North,,0,,Flat,,,,,,Overcast,1278103,0,0,0,2,,,0,,,,,,Waikato Region,Nil,2-way,Sealed,,0,0,,100,,Null,0,0,,21,Taupo District,Stop,,,,,0,0,Open,0,,,Fine,Null
1756792,5919652,3579,,514102,0,,0,2,,Null,2008/2009,PITT ST,GREYS AVENUE,,Non-Injury Crash,No,2009,,South,,0,,Hill Road,,,,,,Dark,435500,0,0,0,4,,,0,,,,,,Auckland Region,Nil,2-way,Sealed,,0,0,,50,,On,0,0,,76,Auckland,Give way,,,,,0,0,Urban,0,,,Fine,Null
1570651,5178327,3580,,594600,0,,0,2,,Null,2008/2009,SH 76,COLOMBO ST,,Serious Crash,Yes,2009,,East,,0,,Flat,,,,,,Bright sun,2618800,0,0,0,4,,,0,,,,,,Canterbury Region,Nil,2-way,Sealed,,0,1,,50,,Null,0,0,,60,Christchurch City,Traffic Signals,,,,,0,0,Urban,0,,,Fine,Null
1758779,5912660,3581,,519810,0,,0,1,,Null,2009/2010,SELWYN ST,GREY ST,,Non-Injury Crash,No,2009,,South,,0,,Flat,,,,,,Dark,598400,0,0,0,2,,,0,,,,,,Auckland Region,Nil,2-way,Sealed,,0,0,,50,,On,1,0,,76,Auckland,Stop,,,,,0,0,Urban,0,,,Light rain,Null
1761563,5914763,3582,,520202,0,,0,1,,Null,2009/2010,CAWLEY ST,MAIN HIGHWAY,,Non-Injury Crash,No,2009,,East,,0,,Flat,,,,,,Overcast,612501,0,0,0,2,,,0,,,,,,Auckland Region,Nil,2-way,Sealed,,0,0,,50,,Off,1,0,,76,Auckland,Give way,,,,,0,0,Urban,0,,,Fine,Null
1935642,5618666,3583,,546700,1,,0,0,,Null,2009/2010,BLEDISLOE ROAD,LONGFELLOW AVENUE,,Minor Crash,No,2009,,South,,0,,Flat,,,,,,Bright sun,1444200,1,0,0,2,,,0,,,,,,Hawke's Bay Region,Nil,2-way,Sealed,,0,0,,50,,Null,1,0,,31,Napier City,Nil,,,,,0,0,Urban,0,,,Fine,Null
1867707,5713427,3584,,541720,0,,0,2,,Null,2008/2009,KAIMANAWA ST,TAMAMUTU ST,,Non-Injury Crash,No,2009,,North,,0,,Flat,,,,,,Bright sun,1273200,0,0,0,2,,,0,,,,,,Waikato Region,Nil,2-way,Sealed,,0,0,,50,,Off,0,0,,21,Taupo District,Stop,,,,,0,0,Urban,0,,,Fine,Null
1934354,5619476,3585,,546300,0,,0,2,,Null,2009/2010,KENNEDY ROAD,MAADI ROAD,,Serious Crash,No,2009,,North,,0,,Flat,,,,,,Overcast,1438800,1,0,1,2,,,0,,,,,,Hawke's Bay Region,Nil,2-way,Sealed,,0,1,,50,,Null,0,0,,31,Napier City,Stop,,,,,0,0,Urban,0,,,Fine,Null
1765407,5901997,3586,,524604,0,,0,1,,East,2008/2009,ROSCOMMON ROAD,KIWI TAMAKI ROAD,,Non-Injury Crash,No,2009,,North,,0,,Flat,,,,,,Overcast,781200,0,0,0,4,,,0,,,,,,Auckland Region,Nil,1-way,Sealed,,0,0,,80,,Off,0,0,,76,Auckland,Stop,,,,,0,0,Open,1,,,Fine,Null
1822701,5828985,3587,,534901,0,0,0,1,0,Null,2008/2009,SH 26,THAMES STREET,,Non-Injury Crash,Yes,2009,0,West,0,0,0,Flat,0,Queens Birthday,0,,0,Dark,1088200,0,0,0,2,0,0,0,0,0,,0,1,Waikato Region,Nil,2-way,Sealed,0,0,0,0,50,0,On,0,0,,15,Matamata-Piako District,Stop,0,0,0,0,0,0,Urban,0,0,0,Fine,Null
1747378,5915392,3588,,511602,0,,0,2,,Null,2008/2009,BUTTERWORTH DRIVE,DARLINGTON PLACE,,Non-Injury Crash,No,2009,,North,,0,,Flat,,,,,,Overcast,272704,0,0,0,2,,,0,,,,,,Auckland Region,Nil,2-way,Sealed,,0,0,,50,,Off,0,0,,76,Auckland,Nil,,,,,0,0,Urban,0,,,Light rain,Null
1568418,5182110,3589,,592100,0,,0,3,,Null,2009/2010,HEATON ST,STROWAN ROAD,,Minor Crash,No,2009,,West,,0,,Flat,,,,,,Bright sun,2673300,1,0,0,4,,,0,,,,,,Canterbury Region,Nil,2-way,Sealed,,0,0,,50,,Null,0,0,,60,Christchurch City,Traffic Signals,,,,,0,0,Urban,0,,,Fine,Null
1623672,6114772,3590,,500301,0,,0,1,,North,2008/2009,COMMERCE ST,TE REINGA ST,,Non-Injury Crash,No,2009,,North,,0,,Flat,,,,,,Dark,13500,0,0,0,2,,,0,,,,,,Northland Region,Nil,2-way,Sealed,,0,0,,50,,On,1,0,,1,Far North District,Nil,,,,,0,0,Urban,0,,,Fine,Null
1756900,5920139,3591,,514102,0,,0,2,,Null,2008/2009,HOBSON ST,COOK ST,,Non-Injury Crash,No,2009,,West,,0,,Flat,,,,,,Dark,434105,0,0,0,5,,,0,,,,,,Auckland Region,Nil,1-way,Sealed,,0,0,,50,,On,0,0,,76,Auckland,Traffic Signals,,,,,0,0,Urban,0,,,Fine,Null
1730789,6025027,3592,,501811,0,0,0,1,0,South,2009/2010,SH 1N,MARSDEN POINT ROAD,,Non-Injury Crash,Yes,2009,0,South,0,0,1,Flat,0,,0,,0,Dark,78700,0,0,0,2,0,0,0,0,0,,0,0,Northland Region,Nil,2-way,Sealed,0,0,0,0,100,0,None,0,0,,2,Whangarei District,Nil,0,0,0,0,0,0,Open,0,0,0,Fine,Null
1744084,5924081,3593,,513431,0,,0,2,,East,2008/2009,HOBSONVILLE ROAD,HOBSONVILLE OBR,,Non-Injury Crash,No,2009,,East,,0,,Hill Road,,,,,,Dark,223903,0,0,0,5,,,0,,,,,,Auckland Region,Nil,2-way,Sealed,,0,0,,50,,On,0,0,,76,Auckland,Unknown,,,,,0,0,Urban,0,,,Fine,Null
1569883,5177579,3594,,595000,0,,0,1,,Null,2009/2010,MILTON ST,SELWYN ST,,Minor Crash,No,2009,,East,,0,,Flat,,,,,,Overcast,2644905,1,0,0,,,,0,,,1,,,Canterbury Region,Nil,2-way,Sealed,,0,0,,50,,Null,0,0,,60,Christchurch City,Traffic Signals,,,,,0,0,Urban,0,,,Fine,Null
1757868,5944972,3595,,505902,0,0,0,2,0,South,2008/2009,BEACH ROAD,LAURENCE ST,,Non-Injury Crash,No,2009,0,North,0,0,0,Flat,0,,0,,0,Dark,174501,0,0,0,2,0,0,0,0,1,,0,0,Auckland Region,Nil,2-way,Sealed,0,0,0,0,50,0,On,0,0,,76,Auckland,Nil,0,0,0,0,0,0,Urban,0,0,0,Fine,Null
1753034,5912487,3596,,518902,0,,0,2,,Null,2008/2009,HILLSBOROUGH ROAD,WHITE SWAN ROAD,,Non-Injury Crash,No,2009,,South,,0,,Hill Road,,,,,,Bright sun,586700,0,0,0,2,,,0,,,,,,Auckland Region,Nil,2-way,Sealed,,0,0,,50,,Off,0,0,,76,Auckland,Stop,,,,,0,0,Urban,0,,,Fine,Null
1816138,5816788,3597,35,527131,0,0,0,0,0,Null,2009/2010,TAUWHARE ROAD,SCOTSMANS VALLEY ROAD,,Non-Injury Crash,No,2009,0,South,0,0,1,Flat,1,,0,,0,Overcast,957700,0,0,0,2,0,0,0,0,0,,0,1,Waikato Region,Nil,2-way,Sealed,0,0,0,0,70,0,Null,0,0,,13,Waikato District,Give way,0,0,0,0,1,0,Urban,0,0,0,Light rain,Null
1752672,5930992,3598,,508803,0,,0,2,,South,2008/2009,UNSWORTH DRIVE,BLUEBIRD CRESCENT,,Non-Injury Crash,No,2009,,North,,0,,Flat,,Christmas New Year,,,,Bright sun,180849,0,0,0,2,,,0,,,,,,Auckland Region,Nil,2-way,Sealed,,0,0,,50,,Off,0,0,,76,Auckland,Nil,,,,,0,0,Urban,0,,,Fine,Null