X,Y,OBJECTID,advisorySpeed,areaUnitID,bicycle,bridge,bus,carStationWagon,cliffBank,crashDirectionDescription,crashFinancialYear,crashLocation1,crashLocation2,crashRoadSideRoad,crashSeverity,crashSHDescription,crashYear,debris,directionRoleDescription,ditch,fatalCount,fence,flatHill,guardRail,holiday,houseOrBuilding,intersection,kerb,light,meshblockId,minorInjuryCount,moped,motorcycle,NumberOfLanes,objectThrownOrDropped,otherObject,otherVehicleType,overBank,parkedVehicle,pedestrian,phoneBoxEtc,postOrPole,region,roadCharacter,roadLane,roadSurface,roadworks,schoolBus,seriousInjuryCount,slipOrFlood,speedLimit,strayAnimal,streetLight,suv,taxi,temporarySpeedLimit,tlaId,tlaName,trafficControl,trafficIsland,trafficSign,train,tree,truck,unknownVehicleType,urban,vanOrUtility,vehicle,waterRiver,weatherA,weatherB
1756141,5920969,3599,,515202,0,0,0,1,0,North,2009/2010,SH 1N,FANSHAWE OBR,,Non-Injury Crash,Yes,2009,0,North,0,0,0,Flat,1,,0,,0,Dark,425600,0,0,0,4,0,0,0,0,0,,0,0,Auckland Region,Nil,2-way,Sealed,0,0,0,0,80,0,On,0,0,,76,Auckland,Unknown,0,0,0,0,0,0,Open,0,0,0,Light rain,Null
1769249,5908833,3600,,523113,0,,0,2,,South,2008/2009,ACCENT DRIVE,EAST TAMAKI ROAD,,Non-Injury Crash,No,2009,,North,,0,,Flat,,,,,,Bright sun,711901,0,0,0,3,,,0,,,,,,Auckland Region,Nil,2-way,Sealed,,0,0,,50,,Off,0,0,,76,Auckland,Nil,,,,,0,0,Urban,0,,,Fine,Null
1745338,5914008,3601,,512906,0,,0,0,,Null,2009/2010,WEST COAST ROAD,SELAK PLACE,,Non-Injury Crash,No,2009,,East,,0,,Flat,,,,,,Bright sun,278510,0,0,0,2,,,0,,,,,,Auckland Region,Nil,2-way,Sealed,,0,0,,50,,Off,0,0,,76,Auckland,Nil,,,,,1,0,Urban,2,,,Fine,Null
1769028,5911482,3602,,523112,0,,0,2,,South,2009/2010,HARRIS ROAD,TI RAKAU DRIVE,,Non-Injury Crash,No,2009,,North,,0,,Flat,,,,,,Twilight,711404,0,0,0,4,,,0,,,,,,Auckland Region,Nil,2-way,Sealed,,0,0,,60,,Off,0,0,,76,Auckland,Nil,,,,,0,0,Urban,0,,,Fine,Null
1568467,5182120,3603,,592100,0,0,0,2,0,East,2008/2009,HEATON ST,ROSSALL ST,,Minor Crash,No,2009,0,West,0,0,0,Flat,0,,0,,0,Bright sun,2673300,1,0,0,2,0,0,0,0,1,,0,0,Canterbury Region,Bridge,2-way,Sealed,0,0,0,0,50,0,Null,0,0,,60,Christchurch City,Unknown,0,0,0,0,0,0,Urban,0,0,0,Fine,Null
1881936,5779315,3604,,538602,0,,0,1,,South,2008/2009,SH 5,SH 36,,Non-Injury Crash,Yes,2009,,South,,0,,Flat,,Queens Birthday,,,,Overcast,1247901,0,0,0,2,,,0,,,,,,Bay of Plenty Region,Nil,2-way,Sealed,,0,0,,80,,Off,0,0,,24,Rotorua District,Nil,,,,,0,0,Open,1,,,Fine,Null
1763903,5915268,3605,,517202,0,0,0,3,0,Null,2008/2009,LUNN AVENUE,MARUA ROAD,,Non-Injury Crash,No,2009,0,North,0,0,0,Flat,0,,0,,0,Bright sun,626302,0,0,0,2,0,0,0,0,0,,0,0,Auckland Region,Nil,2-way,Sealed,0,0,0,0,50,0,Null,0,0,,76,Auckland,Give way,0,0,0,0,0,0,Urban,0,1,0,Fine,Null
1744737,5917969,3606,,510700,0,,0,1,,West,2008/2009,SWANSON ROAD,STURGES ROAD,,Non-Injury Crash,No,2009,,West,,0,,Flat,,,,,,Bright sun,238804,0,0,0,2,,,0,,,,,,Auckland Region,Nil,2-way,Sealed,,0,0,,50,,Off,1,0,,76,Auckland,Nil,,,,,0,0,Urban,0,,,Fine,Null
1751285,5918000,3607,,514801,0,,0,1,,West,2009/2010,SH 16,GT NORTH OBR,,Non-Injury Crash,Yes,2009,,West,,0,,Flat,,,,,,Overcast,390402,0,0,0,3,,,0,,,,,,Auckland Region,Nil,1-way,Sealed,,0,0,,100,,Off,0,0,,76,Auckland,Nil,,,,,0,0,Open,1,,,Heavy rain,Null
1717834,6043768,3608,,503800,0,0,0,1,0,Null,2008/2009,MURDOCH CRESCENT,WHAKA ST,,Non-Injury Crash,No,2009,0,East,0,0,1,Hill Road,0,,0,,0,Dark,107700,0,0,0,2,0,0,0,0,0,,0,0,Northland Region,Nil,2-way,Sealed,0,0,0,0,50,0,Off,0,0,,2,Whangarei District,Nil,0,0,0,0,0,0,Urban,0,0,0,Light rain,Null
1882180,5826968,3609,,536821,0,0,0,1,0,East,2009/2010,TE MAIRE ST,MARU ST,,Non-Injury Crash,No,2009,0,West,0,0,0,Flat,0,,0,,0,Overcast,1204000,0,0,0,2,0,0,0,0,0,,1,0,Bay of Plenty Region,Nil,2-way,Sealed,0,0,0,0,50,0,Null,0,0,,23,Tauranga City,Unknown,0,0,0,0,0,0,Urban,0,0,0,Light rain,Null
1750076,5914160,3610,,511303,0,,0,2,,East,2008/2009,GREAT NORTH ROAD,MEMORIAL DRIVE E,,Non-Injury Crash,No,2009,,East,,0,,Flat,,,,,,Bright sun,266000,0,0,0,4,,,0,,,,,,Auckland Region,Nil,2-way,Sealed,,0,0,,50,,Null,0,0,,76,Auckland,Unknown,,,,,0,0,Urban,0,,,Fine,Null
1761489,5919421,3611,,516400,0,,0,2,,Null,2008/2009,NGAIWI ST,AWARUA CRESCENT,,Non-Injury Crash,No,2009,,West,,0,,Flat,,,,,,Bright sun,497200,0,0,0,2,,,0,,,,,,Auckland Region,Nil,2-way,Sealed,,0,0,,50,,Null,0,0,,76,Auckland,Nil,,,,,0,0,Urban,0,,,Fine,Null
1750837,5915590,3612,,514802,0,0,0,1,0,Null,2008/2009,ROSEBANK ROAD,ASH ST,,Non-Injury Crash,No,2009,0,North,0,0,0,Flat,0,,0,,0,Overcast,386600,0,0,0,4,0,0,0,0,0,,0,1,Auckland Region,Nil,2-way,Sealed,0,0,0,0,50,0,Off,0,0,,76,Auckland,Traffic Signals,0,0,0,0,0,0,Urban,0,0,0,Fine,Null
1784670,5488189,3613,,564022,0,,0,2,,Null,2009/2010,SH 1N,FOREST LAKES ROAD,,Serious Crash,Yes,2009,,South,,0,,Flat,,,,,,Overcast,1882800,2,0,0,2,,,0,,,,,,Wellington Region,Nil,2-way,Sealed,,0,1,,100,,Null,1,0,,43,Kapiti Coast District,Stop,,,,,0,0,Open,0,,,Heavy rain,Null
1766825,5901878,3614,,524604,0,,0,0,,Null,2009/2010,BROWNS ROAD,GLOUCESTER ROAD,,Non-Injury Crash,No,2009,,West,,0,,Flat,,,,,,Twilight,781400,0,0,0,2,,,0,,,,,,Auckland Region,Nil,2-way,Sealed,,0,0,,50,,On,2,0,,76,Auckland,Give way,,,,,0,0,Urban,0,,,Fine,Null
1298635,4909905,3615,,607300,0,0,0,1,0,West,2008/2009,GREENVALE ROAD,POTTER ROAD,,Minor Crash,No,2009,0,East,1,0,0,Flat,0,,0,,0,Dark,3004101,1,0,0,2,0,0,0,0,0,,0,0,Otago Region,Nil,2-way,Sealed,0,0,0,0,100,0,None,0,0,,72,Clutha District,Unknown,0,0,0,0,0,0,Open,0,0,0,Fine,Null
1753745,5928504,3616,,508210,0,,0,2,,Null,2009/2010,GLENFIELD ROAD,CHIVALRY ROAD,,Non-Injury Crash,No,2009,,North,,0,,Flat,,,,,,Bright sun,186301,0,0,0,3,,,0,,,,,,Auckland Region,Nil,2-way,Sealed,,0,0,,50,,Off,0,0,,76,Auckland,Traffic Signals,,,,,0,0,Urban,0,,,Fine,Null
1857675,5838040,3617,,536615,0,,0,2,,North,2008/2009,TETLEY ROAD,SEDGEMOOR LANE,,Non-Injury Crash,No,2009,,North,,0,,Flat,,,,,,Overcast,1182704,0,0,0,2,,,0,,,,,,Bay of Plenty Region,Nil,2-way,Sealed,,0,0,,80,,Null,0,0,,22,Western Bay of Plenty District,Unknown,,,,,0,0,Open,0,,,Fine,Null
1579644,5252446,3618,,585700,0,0,0,2,0,East,2009/2010,SH 7,HAWARDEN HURUNUI ROAD,,Serious Crash,Yes,2009,0,East,0,0,1,Flat,0,,0,,0,Bright sun,2436600,0,0,0,2,0,0,0,0,0,,0,0,Canterbury Region,Nil,2-way,Sealed,0,0,1,0,100,0,Null,0,0,,58,Hurunui District,Nil,0,0,0,0,0,0,Open,0,0,0,Fine,Null
1764112,5912411,3619,,520500,0,,0,1,,South,2009/2010,SH 1N,MT WGTN OBR,,Non-Injury Crash,Yes,2009,,North,,0,,Flat,,,,,,Overcast,639500,0,0,0,3,,,0,,,,,,Auckland Region,Nil,1-way,Sealed,,0,0,,100,,Off,1,0,,76,Auckland,Nil,,,,,0,0,Open,0,,,Light rain,Null
1757669,5919603,3620,,514301,0,0,0,3,0,South,2008/2009,SH 16,PORT LINK NBD,,Non-Injury Crash,Yes,2009,0,North,0,0,0,Hill Road,1,,0,,0,Dark,440400,0,0,0,2,0,0,0,0,0,,0,0,Auckland Region,Nil,1-way,Sealed,0,0,0,0,80,0,On,0,0,,76,Auckland,Nil,0,0,0,0,0,0,Open,0,0,0,Light rain,Null
1745063,5917750,3621,,510700,0,,0,2,,Null,2008/2009,GREAT NORTH ROAD,LINCOLN ROAD,,Non-Injury Crash,No,2009,,North,,0,,Flat,,,,,,Overcast,239501,0,0,0,2,,,0,,,,,,Auckland Region,Nil,2-way,Sealed,,0,0,,50,,Off,0,0,,76,Auckland,Traffic Signals,,,,,0,0,Urban,0,,,Fine,Null
1863918,5724413,3622,,541335,0,0,0,1,1,North,2009/2010,ORUANUI ROAD,LINK ROAD,,Non-Injury Crash,No,2009,0,South,0,0,0,Flat,0,,0,,0,Dark,1278002,0,0,0,2,0,0,0,0,0,,0,0,Waikato Region,Nil,2-way,Sealed,0,0,0,0,100,0,None,0,0,,21,Taupo District,Unknown,0,0,0,0,0,0,Open,0,0,0,Fine,Null
1749897,5914099,3623,,511303,0,0,0,2,0,West,2008/2009,HUGH BROWN DRIVE,DELTA AVENUE,,Non-Injury Crash,No,2009,0,West,0,0,0,Flat,0,,0,,0,Overcast,266403,0,0,0,2,0,0,0,0,0,,0,0,Auckland Region,Nil,2-way,Sealed,0,0,0,0,50,0,Off,0,0,,76,Auckland,Nil,0,0,0,0,0,0,Urban,0,1,0,Fine,Null
1877647,5821919,3624,,538101,0,,0,2,,North,2009/2010,CAMERON ROAD,EIGHTEENTH AVENUE,,Non-Injury Crash,No,2009,,North,,0,,Flat,,,,,,Bright sun,1170400,0,0,0,2,,,0,,,,,,Bay of Plenty Region,Nil,2-way,Sealed,,0,0,,50,,Null,1,0,,23,Tauranga City,Nil,,,,,0,0,Urban,1,,,Fine,Null
1751464,5949734,3625,,505805,0,,0,2,,East,2008/2009,TENZING LANE,GEORGE LOWE PLACE,,Non-Injury Crash,No,2009,,West,,0,,Flat,,,,,,Bright sun,171500,0,0,0,1,,,0,,,,,,Auckland Region,Nil,1-way,Sealed,,0,0,,50,,Null,0,0,,76,Auckland,Unknown,,,,,0,0,Urban,0,,,Fine,Null
1885173,5773690,3626,,540410,0,,0,2,,North,2008/2009,FENTON ST,SH 30A,,Non-Injury Crash,No,2009,,South,,0,,Flat,,,,,,Bright sun,1236200,0,0,0,4,,,0,,,,,,Bay of Plenty Region,Nil,2-way,Sealed,,0,0,,50,,Null,0,0,,24,Rotorua District,Traffic Signals,,,,,0,0,Urban,0,,,Fine,Null
1757560,5926261,3627,,507900,0,,0,2,,Null,2009/2010,ESMONDE ROAD,BARRYS POINT ROAD,,Non-Injury Crash,No,2009,,East,,0,,Flat,,,,,,Dark,304200,0,0,0,7,,,0,,,,,,,Nil,2-way,Sealed,,0,0,,50,,On,0,0,,76,Auckland,Traffic Signals,,,,,0,0,Urban,0,,,Light rain,Null
1867185,5713822,3628,,541720,0,0,0,1,0,North,2008/2009,NUKUHAU ST,SPA ROAD,,Non-Injury Crash,No,2009,0,South,0,0,0,Flat,0,,0,,0,Bright sun,1275000,0,0,0,2,0,0,0,0,1,,0,0,Waikato Region,Nil,2-way,Sealed,0,0,0,0,50,0,Null,0,0,,21,Taupo District,Unknown,0,0,0,0,0,0,Urban,1,0,0,Fine,Null
1763681,5904624,3629,,524604,0,0,0,1,0,North,2009/2010,SH 20,PUHINUI ON NBD,,Non-Injury Crash,Yes,2009,0,North,0,0,0,Flat,0,,0,,0,Overcast,780902,0,0,0,2,0,0,0,0,0,,0,0,Auckland Region,Nil,1-way,Sealed,0,0,0,0,100,0,Null,1,0,,76,Auckland,Unknown,0,0,0,1,0,0,Open,0,0,0,Light rain,Null
1878746,5823289,3630,,538201,0,,0,2,,Null,2008/2009,CAMERON ROAD,NINTH AVENUE,,Non-Injury Crash,No,2009,,South,,0,,Flat,,,,,,Dark,1166300,0,0,0,2,,,0,,,,,,Bay of Plenty Region,Nil,2-way,Sealed,,0,0,,50,,On,0,0,,23,Tauranga City,Give way,,,,,0,0,Urban,0,,,Fine,Null
1756092,5935383,3631,,507101,0,0,0,1,0,West,2009/2010,BUTE ROAD,CLYDE ROAD,,Non-Injury Crash,No,2009,0,East,0,0,1,Flat,0,,0,,1,Bright sun,161000,0,0,0,2,0,0,0,0,0,,0,0,Auckland Region,Nil,2-way,Sealed,0,0,0,0,50,0,Null,0,0,,76,Auckland,Unknown,0,0,0,0,0,0,Urban,0,0,0,Fine,Null
1891346,5818671,3632,,536642,0,0,0,1,0,Null,2009/2010,BELL ROAD,PARTON ROAD,,Non-Injury Crash,No,2009,0,South,1,0,0,Flat,0,,0,,0,Overcast,1206807,0,0,0,2,0,0,0,0,0,,0,0,Bay of Plenty Region,Nil,2-way,Sealed,0,0,0,0,100,0,Off,0,0,,22,Western Bay of Plenty District,Give way,0,0,0,0,0,0,Open,0,0,0,Fine,Null
1804487,5791308,3633,,531003,0,,0,0,,East,2009/2010,BENSON ROAD,SH 3,,Non-Injury Crash,No,2009,,West,,0,,Flat,,,,,,Bright sun,968301,0,0,0,2,,,0,,,,,,Waikato Region,Nil,2-way,Sealed,,0,0,,50,,Null,0,0,,17,Waipa District,Unknown,,,,,1,0,Urban,1,,,Fine,Null
1751640,5422998,3634,,577000,0,,0,2,,South,2009/2010,ACCESS ROAD,FREIGHT DRIVE,,Non-Injury Crash,No,2009,,West,,0,,Flat,,,,,,Bright sun,2175700,0,0,0,2,,,0,,,,,,Wellington Region,Nil,1-way,Sealed,,0,0,,50,,Null,0,2,,47,Wellington City,Nil,,,,,0,0,Urban,0,,,Fine,Null
1620247,5427406,3635,,583700,0,,0,2,,Null,2008/2009,MAIN ROAD STOKE,ANNESBROOK DRIVE,,Non-Injury Crash,No,2009,,North,,0,,Flat,,,,,,Bright sun,2337800,0,0,0,2,,,0,,,,,,Nelson Region,Nil,2-way,Sealed,,0,0,,50,,Null,0,0,,52,Nelson City,Give way,,,,,0,0,Urban,0,,,Fine,Null
1822514,5528019,3636,,563000,0,,0,3,,South,2008/2009,FITZHERBERT AVENUE,TE AWE AWE ST,,Non-Injury Crash,No,2009,,South,,0,,Flat,,,,,,Overcast,1808300,0,0,0,4,,,0,,,,,,Manawatū-Whanganui Region,Nil,2-way,Sealed,,0,0,,50,,Null,0,0,,40,Palmerston North City,Nil,,,,,0,0,Urban,1,,,Heavy rain,Null
1932494,5601818,3637,,548831,0,,0,2,,North,2008/2009,HAVELOCK ROAD,PORTER DRIVE,,Non-Injury Crash,No,2009,,South,,0,,Flat,,,,,,Bright sun,1509600,0,0,0,2,,,0,,,,,,Hawke's Bay Region,Nil,2-way,Sealed,,0,0,,50,,Null,0,0,,30,Hastings District,Nil,,,,,0,0,Urban,0,,,Fine,Null
2036772,5709116,3638,,544600,0,,0,2,,Null,2009/2010,DISRAELI ST,PALMERSTON ROAD,,Non-Injury Crash,No,2009,,East,,0,,Flat,,,,,,Overcast,1373600,0,0,0,2,,,0,,,,,,Gisborne Region,Nil,2-way,Sealed,,0,0,,50,,Null,0,0,,28,Gisborne District,Stop,,,,,0,0,Urban,0,,,Light rain,Null
1762215,5913626,3639,,520402,0,0,0,1,0,South,2009/2010,SH 1N,PENROSE OBR,,Non-Injury Crash,Yes,2009,0,South,0,0,0,Flat,1,,0,,0,Dark,642200,0,0,0,3,0,0,0,0,0,,0,0,Auckland Region,Nil,1-way,Sealed,0,0,0,0,100,0,On,0,0,,76,Auckland,Unknown,0,0,0,0,0,0,Open,0,0,0,Fine,Null
1756310,5913736,3640,,518500,0,0,0,1,0,Null,2009/2010,MOUNT ALBERT ROAD,DORNWELL ROAD,,Non-Injury Crash,No,2009,0,North,0,0,0,Flat,0,,1,,0,Bright sun,563800,0,0,0,2,0,0,0,0,0,,0,0,Auckland Region,Nil,2-way,Sealed,0,0,0,0,50,0,Off,0,0,,76,Auckland,Give way,0,0,0,0,0,0,Urban,0,0,0,Fine,Null
1949940,5789727,3641,,542440,0,0,0,1,0,East,2008/2009,MARTIN PLACE,KING ST,,Non-Injury Crash,No,2009,0,East,0,0,0,Flat,0,,0,,0,Bright sun,1308800,0,0,0,2,0,0,0,0,1,,0,0,Bay of Plenty Region,Nil,2-way,Sealed,0,0,0,0,50,0,Null,0,0,,25,Whakatane District,Unknown,0,0,0,0,0,0,Urban,1,0,0,Fine,Null
1773750,5472648,3642,,563706,0,,0,3,,Null,2008/2009,TE MOANA ROAD,KOROMIKO ROAD,,Non-Injury Crash,No,2009,,East,,0,,Flat,,,,,,Bright sun,1875700,0,0,0,2,,,0,,,,,,Wellington Region,Nil,2-way,Sealed,,0,0,,50,,Null,0,0,,43,Kapiti Coast District,Give way,,,,,0,0,Urban,0,,,Fine,Null
1857559,5803741,3643,65,535231,0,,0,2,,South,2008/2009,SH 29,SUMMIT LOOKOUT,,Non-Injury Crash,Yes,2009,,South,,0,,Hill Road,,,,,,Overcast,1113900,0,0,0,3,,,0,,,,,,Waikato Region,Nil,2-way,Sealed,,0,0,,100,,Null,0,0,,15,Matamata-Piako District,Unknown,,,,,0,0,Open,0,,,Light rain,Null
1766724,5904447,3644,,524604,0,,0,2,,North,2009/2010,LAMBIE DRIVE,RONWOOD AVENUE,,Non-Injury Crash,No,2009,,South,,0,,Flat,,Christmas New Year,,,,Overcast,780209,0,0,0,2,,,0,,,,,,Auckland Region,Nil,2-way,Sealed,,0,0,,70,,Off,0,0,,76,Auckland,Give way,,,,,0,0,Urban,0,,,Fine,Null
1923212,5596633,3645,,545851,0,,0,1,,South,2008/2009,SH 2,TE AUTE ROAD,,Non-Injury Crash,Yes,2009,,South,,0,,Flat,,,,,,Twilight,1463900,0,0,0,2,,,0,,,,,,Hawke's Bay Region,Nil,2-way,Sealed,,0,0,,100,,Off,0,0,,30,Hastings District,Nil,,,,,0,0,Open,0,,,Heavy rain,Null
1745121,5924407,3646,,513431,0,,0,2,,Null,2008/2009,HOBSONVILLE ROAD,LUCKENS ROAD,,Non-Injury Crash,No,2009,,East,,0,,Flat,,,,,,Twilight,223802,0,0,0,2,,,0,,,,,,Auckland Region,Nil,2-way,Sealed,,0,0,,50,,On,0,0,,76,Auckland,Nil,,,,,0,0,Urban,0,,,Light rain,Null
1771873,5914546,3647,,521602,0,,0,2,,Null,2009/2010,DRAKE ST,MOORE ST,,Non-Injury Crash,No,2009,,North,,0,,Hill Road,,,,,,Bright sun,649300,0,0,0,2,,,0,,,,,,Auckland Region,Nil,2-way,Sealed,,0,0,,50,,Off,0,0,,76,Auckland,Stop,,,,,0,0,Urban,0,,,Fine,Null
1791822,5826641,3648,,528200,0,,0,3,,South,2009/2010,GREAT SOUTH ROAD,SAULBREY ROAD,,Non-Injury Crash,No,2009,,North,,0,,Flat,,,,,,Overcast,976400,0,0,0,2,,,0,,,,,,Waikato Region,Nil,2-way,Sealed,,0,0,,100,,None,0,0,,13,Waikato District,Nil,,,,,0,0,Open,0,,,Fine,Null
1771395,5915344,3649,,521501,0,,0,2,,Null,2009/2010,BLEAKHOUSE ROAD,CASTLETON DRIVE,,Non-Injury Crash,No,2009,,East,,0,,Flat,,,,,,Bright sun,651100,0,0,0,2,,,0,,,,,,Auckland Region,Nil,2-way,Sealed,,0,0,,50,,Off,0,0,,76,Auckland,Give way,,,,,0,0,Urban,0,,,Fine,Null
1754559,5444121,3650,,570800,0,0,0,0,0,Null,2008/2009,KENEPURU DRIVE,LYTTELTON AVENUE,,Non-Injury Crash,No,2009,0,South,0,0,0,Flat,0,,0,,0,Bright sun,2052700,0,0,0,2,0,0,0,0,0,,0,1,Wellington Region,Nil,2-way,Sealed,0,0,0,0,50,0,Null,0,0,,44,Porirua City,Give way,0,0,0,0,2,0,Urban,0,0,0,Fine,Null
1748609,5427935,3651,,573000,1,,0,1,,East,2008/2009,BOULCOTT ST,GILMER TERRACE,,Non-Injury Crash,No,2009,,South,,0,,Hill Road,,,,,,Bright sun,2127200,0,0,0,2,,,0,,,,,,Wellington Region,Nil,2-way,Sealed,,0,0,,50,,Null,0,0,,47,Wellington City,Nil,,,,,0,0,Urban,0,,,Fine,Null
1797070,5819557,3652,,528403,0,,0,1,,Null,2009/2010,WAIRERE DRIVE,TE RAPA ROAD,,Non-Injury Crash,No,2009,,East,,0,,Flat,,,,,,Bright sun,907500,0,0,0,4,,,0,,,,,,Waikato Region,Nil,2-way,Sealed,,0,0,,60,,Null,0,0,,16,Hamilton City,Give way,,,,,1,0,Urban,0,,,Fine,Null
1566162,5176712,3653,,595300,0,0,0,1,0,Null,2008/2009,SH 75,HENDERSONS ROAD,,Non-Injury Crash,Yes,2009,0,South,0,0,1,Flat,0,Christmas New Year,0,,0,Dark,2630500,0,0,0,1,0,0,0,0,0,,0,0,Canterbury Region,Nil,2-way,Sealed,0,0,0,0,50,0,On,0,0,,60,Christchurch City,Give way,0,0,0,0,0,0,Urban,0,0,0,Light rain,Null
1692642,5676153,3654,,551800,0,,0,2,,Null,2009/2010,DEVON ST WEST,ROBE ST,,Non-Injury Crash,No,2009,,West,,0,,Flat,,,,,,Overcast,1592000,0,0,0,2,,,0,,,,,,Taranaki Region,Nil,2-way,Sealed,,0,0,,50,,Null,0,0,,33,New Plymouth District,Give way,,,,,0,0,Urban,0,,,Fine,Null
1771048,5912736,3655,,523106,0,0,0,1,0,East,2009/2010,MILLHOUSE DRIVE,ORANGEWOOD DRIVE,,Non-Injury Crash,No,2009,0,West,0,0,0,Flat,1,,0,,0,Dark,711153,0,0,0,2,0,0,0,0,0,,0,0,Auckland Region,Nil,2-way,Sealed,0,0,0,0,50,0,On,0,0,,76,Auckland,Unknown,0,0,0,0,0,0,Urban,0,0,0,Fine,Null
1799473,5822166,3656,,527007,0,,0,2,,Null,2009/2010,FARRINGDON AVENUE,HOLLY PLACE,,Non-Injury Crash,No,2009,,South,,0,,Flat,,,,,,Overcast,952044,0,0,0,2,,,0,,,,,,Waikato Region,Nil,2-way,Sealed,,0,0,,50,,Null,0,0,,16,Hamilton City,Give way,,,,,0,0,Urban,0,,,Fine,Null
1756888,5917837,3657,,518101,0,,0,2,,Null,2009/2010,ESPLANADE ROAD,PUKA ST,,Non-Injury Crash,No,2009,,North,,0,,Hill Road,,,,,,Bright sun,544100,0,0,0,2,,,0,,,,,,Auckland Region,Nil,2-way,Sealed,,0,0,,50,,Off,1,0,,76,Auckland,Nil,,,,,0,0,Urban,0,,,Fine,Null
1764864,5903322,3658,40,524604,0,,0,2,,Null,2009/2010,ROSCOMMON ROAD,VOGLER DRIVE,,Non-Injury Crash,No,2009,,North,,0,,Flat,,,,,,Bright sun,781200,0,0,0,2,,,0,,,,,,Auckland Region,Nil,1-way,Sealed,,0,0,,50,,Off,0,0,,76,Auckland,Traffic Signals,,,,,0,0,Urban,0,,,Fine,Null
1768624,5909749,3659,,523112,0,,0,1,,Null,2009/2010,SMALES ROAD,SPRINGS ROAD,,Non-Injury Crash,No,2009,,West,,0,,Flat,,,,,,Bright sun,711600,0,0,0,2,,,0,,,,,,Auckland Region,Nil,2-way,Sealed,,0,0,,60,,Off,0,0,,76,Auckland,Nil,,,,,0,0,Urban,1,,,Fine,Null
1821164,5545673,3660,,560740,0,,0,1,,Null,2009/2010,SH 54,MAHUA ROAD,,Non-Injury Crash,Yes,2009,,North,,0,,Flat,,,,,,Dark,1771303,0,0,0,2,,,0,,,,,,Manawatū-Whanganui Region,Nil,2-way,Sealed,,0,0,,70,,On,1,0,,39,Manawatu District,Nil,,,,,0,0,Urban,0,,,Fine,Null
1889657,5822395,3661,,536201,0,,0,1,,East,2008/2009,TOPAZ DRIVE,DOMAIN ROAD,,Non-Injury Crash,No,2009,,West,,0,,Flat,,,,,,Bright sun,1206812,0,0,0,2,,,0,,,,,,Bay of Plenty Region,Nil,2-way,Sealed,,0,0,,50,,Off,0,0,,23,Tauranga City,Nil,,,,,0,0,Urban,1,,,Fine,Null
1754129,5445253,3662,,570700,0,,0,2,,Null,2008/2009,TITAHI BAY ROAD,SEMPLE ST,,Non-Injury Crash,No,2009,,South,,0,,Flat,,,,,,Bright sun,2037500,0,0,0,4,,,0,,,,,,Wellington Region,Nil,2-way,Sealed,,0,0,,70,,Null,0,0,,44,Porirua City,Give way,,,,,0,0,Urban,0,,,Fine,Null
1767236,5901306,3663,,524720,0,,0,1,,Null,2009/2010,RUSSELL ROAD,SWALLOW DRIVE,,Non-Injury Crash,No,2009,,West,,0,,Flat,,,,,,Dark,777502,0,0,0,2,,,0,,,,,,Auckland Region,Nil,2-way,Sealed,,0,0,,50,,On,0,0,,76,Auckland,Give way,,,,,0,0,Urban,1,,,Fine,Null
1617560,5424709,3664,,581723,0,,0,1,,Null,2008/2009,MAIN ROAD STOKE,ELMS ST,,Non-Injury Crash,No,2009,,North,,0,,Flat,,,,,,Dark,2359407,0,0,0,2,,,0,,,,,,Nelson Region,Nil,2-way,Sealed,,0,0,,80,,On,1,0,,52,Nelson City,Give way,,,,,0,0,Open,0,,,Fine,Null
1758834,5436120,3665,,569201,0,,0,1,,Null,2009/2010,BRIDGE ST,PHARAZYN ST,,Non-Injury Crash,No,2009,,East,,0,,Flat,,,,,,Twilight,1925500,0,0,0,2,,,0,,,,,,Wellington Region,Nil,2-way,Sealed,,0,0,,50,,Off,0,0,,46,Lower Hutt City,Give way,,,,,0,0,Urban,1,,,Fine,Null
1758133,5917851,3666,,515700,0,,0,2,,West,2009/2010,GILLIES OFF SBD,GILLIES AVENUE,,Non-Injury Crash,Yes,2009,,East,,0,,Flat,,,,,,Bright sun,443200,0,0,0,2,,,0,,,,,,Auckland Region,Motorway ramp,2-way,Sealed,,0,0,,100,,Off,0,0,,76,Auckland,Traffic Signals,,,,,0,0,Open,0,,,Fine,Null
1813781,5549738,3667,,560422,0,1,0,1,0,South,2008/2009,HALCOMBE ROAD,MANAGHS ROAD,,Non-Injury Crash,No,2009,0,South,0,0,0,Hill Road,0,,0,,0,Dark,1763202,0,0,0,2,0,0,0,0,0,,0,0,Manawatū-Whanganui Region,Nil,2-way,Sealed,0,0,0,0,100,0,None,0,0,,39,Manawatu District,Nil,0,0,0,0,0,0,Open,0,0,0,Fine,Null
1679865,5403171,3668,,581240,0,,0,2,,Null,2009/2010,SCOTT ST,STEPHENSON ST,,Non-Injury Crash,No,2009,,North,,0,,Flat,,,,,,Overcast,2302900,0,0,0,2,,,0,,,,,,Marlborough Region,Nil,2-way,Sealed,,0,0,,50,,Null,0,0,,53,Marlborough District,Give way,,,,,0,0,Urban,0,,,Fine,Null
1752072,5424315,3669,,577200,0,0,0,2,0,East,2008/2009,CHELSEA ST,APARIMA AVENUE,,Non-Injury Crash,No,2009,0,South,0,0,0,Flat,0,,2,,0,Bright sun,2207301,0,0,0,2,0,0,0,0,1,,0,0,Wellington Region,Nil,2-way,Sealed,0,0,0,0,50,0,Null,0,0,,47,Wellington City,Nil,0,0,0,0,0,0,Urban,0,0,0,Fine,Null