X,Y,OBJECTID,advisorySpeed,areaUnitID,bicycle,bridge,bus,carStationWagon,cliffBank,crashDirectionDescription,crashFinancialYear,crashLocation1,crashLocation2,crashRoadSideRoad,crashSeverity,crashSHDescription,crashYear,debris,directionRoleDescription,ditch,fatalCount,fence,flatHill,guardRail,holiday,houseOrBuilding,intersection,kerb,light,meshblockId,minorInjuryCount,moped,motorcycle,NumberOfLanes,objectThrownOrDropped,otherObject,otherVehicleType,overBank,parkedVehicle,pedestrian,phoneBoxEtc,postOrPole,region,roadCharacter,roadLane,roadSurface,roadworks,schoolBus,seriousInjuryCount,slipOrFlood,speedLimit,strayAnimal,streetLight,suv,taxi,temporarySpeedLimit,tlaId,tlaName,trafficControl,trafficIsland,trafficSign,train,tree,truck,unknownVehicleType,urban,vanOrUtility,vehicle,waterRiver,weatherA,weatherB
1885115,5771569,3670,,540600,0,,0,1,,Null,2008/2009,SH 30,FENTON ST,,Non-Injury Crash,Yes,2009,,West,,0,,Flat,,,,,,Overcast,1243601,0,0,0,2,,,0,,,,,,Bay of Plenty Region,Nil,2-way,Sealed,,0,0,,50,,Off,0,0,,24,Rotorua District,Give way,,,,,0,0,Urban,1,,,Light rain,Null
1816669,5804338,3671,,527502,0,,0,2,,North,2009/2010,VICTORIA ST WEST,KING ST,,Non-Injury Crash,No,2009,,North,,0,,Flat,,,,,,Bright sun,963400,0,0,0,2,,,0,,,,,,Waikato Region,Nil,2-way,Sealed,,0,0,,50,,Off,0,0,,17,Waipa District,Nil,,,,,0,0,Urban,0,,,Fine,Null
1756990,5920338,3672,,514102,0,,1,1,,Null,2009/2010,HOBSON ST,WELLESLEY ST WEST,,Non-Injury Crash,No,2009,,South,,0,,Flat,,,,,,Overcast,434200,0,0,0,6,,,0,,,,,,Auckland Region,Nil,1-way,Sealed,,0,0,,50,,Null,0,0,,76,Auckland,Traffic Signals,,,,,0,0,Urban,0,,,Fine,Null
1768311,5913868,3673,,523000,0,,0,1,,Null,2009/2010,GOSSAMER DRIVE,PAKURANGA ROAD,,Non-Injury Crash,No,2009,,North,,0,,Flat,,,,,,Overcast,690700,0,0,0,2,,,0,,,,,,Auckland Region,Nil,2-way,Sealed,,0,0,,60,,Null,0,0,,76,Auckland,Traffic Signals,,,,,0,0,Urban,1,,,Light rain,Null
1752150,5933569,3674,,508701,0,,0,2,,South,2009/2010,ALBANY EXPRESSWAY,UNIVERSITY AVENUE,,Non-Injury Crash,No,2009,,North,,0,,Flat,,,,,,Bright sun,178800,0,0,0,2,,,0,,,,,,Auckland Region,Nil,2-way,Sealed,,0,0,,50,,Off,0,0,,76,Auckland,Traffic Signals,,,,,0,0,Urban,0,,,Fine,Null
1575832,5183559,3675,,592820,0,,0,1,,Null,2009/2010,SH 74,NEW BRIGHTON ROAD,,Non-Injury Crash,Yes,2009,,North,,0,,Flat,,,,,,Dark,2604514,0,0,0,4,,,0,,,,,,Canterbury Region,Bridge,2-way,Sealed,,0,0,,70,,On,1,0,,60,Christchurch City,Give way,,,,,0,0,Urban,0,,,Fine,Null
1756217,5924216,3676,,509800,0,,0,1,,South,2009/2010,SH 1N,ONEWA OBR ON,,Non-Injury Crash,Yes,2009,,South,,0,,Flat,,,,,,Dark,361100,0,0,0,3,,,0,,,,,,Auckland Region,Nil,1-way,Sealed,,0,0,,80,,On,1,0,,76,Auckland,Unknown,,,,,0,0,Open,0,,,Fine,Null
1763781,5912600,3677,,520500,0,0,0,1,0,South,2009/2010,SH 1N,MT WGTN ON NBD,,Non-Injury Crash,Yes,2009,0,North,0,0,0,Hill Road,0,,0,,0,Overcast,637300,0,0,0,3,0,0,0,0,0,,0,0,Auckland Region,Nil,1-way,Sealed,0,0,0,0,100,0,Off,0,0,,76,Auckland,Nil,0,0,0,0,0,0,Open,1,1,0,Fine,Null
2067881,5792530,3678,,543302,0,0,0,1,0,Null,2008/2009,KARARAINA AVENUE,COLLEGE ROAD SOUTH,,Non-Injury Crash,No,2009,0,West,0,0,1,Flat,0,,0,,0,Dark,1346402,0,0,0,2,0,0,0,0,0,,0,0,Gisborne Region,Nil,2-way,Sealed,0,0,0,0,50,0,Off,0,0,,28,Gisborne District,Nil,0,0,0,0,0,0,Urban,0,0,0,Fine,Null
1748929,5425122,3679,,576400,0,,0,2,,Null,2008/2009,RIDDIFORD ST,RINTOUL ST,,Non-Injury Crash,No,2009,,North,,0,,Flat,,,,,,Twilight,2166900,0,0,0,2,,,0,,,,,,Wellington Region,Nil,2-way,Sealed,,0,0,,50,,Off,0,0,,47,Wellington City,Traffic Signals,,,,,0,0,Urban,0,,,Fine,Null
1569615,5178301,3680,,594700,0,,0,3,,West,2009/2010,SH 76,KIPLING ST,,Non-Injury Crash,Yes,2009,,East,,0,,Flat,,,,,,Overcast,2659002,0,0,0,4,,,0,,,,,,Canterbury Region,Nil,2-way,Sealed,,0,0,,60,,Null,0,0,,60,Christchurch City,Unknown,,,,,0,0,Urban,0,,,Fine,Null
1933283,5619298,3681,,547400,0,,0,2,,Null,2008/2009,SH 50,TARADALE ROAD,,Non-Injury Crash,Yes,2009,,North,,0,,Flat,,,,,,Overcast,1448600,0,0,0,2,,,0,,,,,,Hawke's Bay Region,Nil,2-way,Sealed,,0,0,,50,,Null,0,0,,31,Napier City,Give way,,,,,0,0,Urban,0,,,Fine,Null
1754365,5446976,3682,,570600,0,,0,2,,South,2009/2010,WAIUTA ST,OPAPA ST,,Non-Injury Crash,No,2009,,West,,0,,Flat,,,,,,Overcast,2040000,0,0,0,2,,,0,,,,,,Wellington Region,Nil,2-way,Sealed,,0,0,,50,,Null,0,0,,44,Porirua City,Nil,,,,,0,0,Urban,0,,,Fine,Null
1883110,5768352,3683,,538863,0,0,0,1,1,West,2009/2010,SH 30,SH 5,,Non-Injury Crash,Yes,2009,0,North,0,0,0,Hill Road,0,,0,,0,Bright sun,1265200,0,0,0,2,0,0,0,0,0,,0,0,Bay of Plenty Region,Nil,2-way,Sealed,0,0,0,0,100,0,Null,0,0,,24,Rotorua District,Unknown,0,0,0,0,0,0,Open,0,0,0,Fine,Null
1817737,5871380,3684,,533901,0,,0,2,,Null,2009/2010,SH 2,POUARUA ROAD NORTH,,Non-Injury Crash,Yes,2009,,West,,0,,Flat,,,,,,Overcast,1063200,0,0,0,2,,,0,,,,,,Waikato Region,Nil,2-way,Sealed,,0,0,,100,,Null,0,0,,12,Hauraki District,Give way,,,,,0,0,Open,0,,,Fine,Null
1627870,5430833,3685,,581812,0,0,0,1,0,North,2008/2009,SHARLANDS ROAD,MAITAI VALLEY ROAD,,Non-Injury Crash,No,2009,0,North,0,0,0,Hill Road,0,,0,,0,Bright sun,2361001,0,0,0,2,0,0,0,0,1,,0,0,Nelson Region,Nil,2-way,Unsealed,0,0,0,0,50,0,Null,1,0,,52,Nelson City,Nil,0,0,0,0,0,0,Urban,1,0,0,Fine,Null
1756798,5449613,3686,,572000,0,,0,2,,South,2009/2010,SH 1N,GRAYS ROAD,,Non-Injury Crash,Yes,2009,,North,,0,,Flat,,,,,,Overcast,2069802,0,0,0,2,,,0,,,,,,Wellington Region,Nil,2-way,Sealed,,0,0,,100,,Null,0,0,,44,Porirua City,Nil,,,,,0,0,Open,0,,,Light rain,Null
1764433,5914897,3687,,520301,0,,0,2,,East,2009/2010,ELLERSLIE-PANMURE HIGHWAY,MOUNT WELLINGTON HIGHWAY,,Non-Injury Crash,No,2009,,East,,0,,Flat,,,,,,Bright sun,628203,0,0,0,4,,,0,,,,,,Auckland Region,Nil,2-way,Sealed,,0,0,,50,,Off,0,0,,76,Auckland,Traffic Signals,,,,,0,0,Urban,0,,,Fine,Null
1751224,5931443,3688,,508806,0,,0,2,,Null,2009/2010,ALBANY HIGHWAY,OAKWAY DRIVE,,Non-Injury Crash,No,2009,,North,,0,,Flat,,,,,,Overcast,180101,0,0,0,3,,,0,,,,,,Auckland Region,Nil,2-way,Sealed,,0,0,,50,,Off,0,0,,76,Auckland,Traffic Signals,,,,,0,0,Urban,0,,,Light rain,Null
1745241,5919188,3689,,513302,0,,0,2,,Null,2008/2009,LINCOLN ROAD,POMARIA ROAD,,Non-Injury Crash,No,2009,,South,,0,,Flat,,,,,,Bright sun,232205,0,0,0,4,,,0,,,,,,Auckland Region,Nil,2-way,Sealed,,0,0,,50,,Null,0,0,,76,Auckland,Traffic Signals,,,,,0,0,Urban,0,,,Fine,Null
1822361,5528299,3690,,563101,0,,0,1,,North,2009/2010,FITZHERBERT AVENUE,HUIA ST,,Non-Injury Crash,No,2009,,North,,0,,Flat,,,,,,Overcast,1811000,0,0,0,2,,,0,,,,,,Manawatū-Whanganui Region,Nil,2-way,Sealed,,0,0,,50,,Null,1,0,,40,Palmerston North City,Nil,,,,,0,0,Urban,0,,,Fine,Null
2037313,5708294,3691,,544600,0,0,0,2,0,East,2008/2009,GLADSTONE ROAD,BRIGHT ST,,Non-Injury Crash,No,2009,0,East,0,0,0,Flat,0,,0,,0,Overcast,1371000,0,0,0,2,0,0,0,0,1,,0,0,Gisborne Region,Nil,2-way,Sealed,0,0,0,0,50,0,Null,0,0,,28,Gisborne District,Nil,0,0,0,0,0,0,Urban,0,0,0,Light rain,Null
1710668,5644414,3692,,553101,0,0,0,2,0,West,2009/2010,PAGE ST,MIRANDA ST,,Non-Injury Crash,No,2009,0,East,0,0,0,Flat,0,,0,,0,Bright sun,1612900,0,0,0,2,0,0,0,0,1,,0,0,Taranaki Region,Nil,2-way,Sealed,0,0,0,0,50,0,Null,0,0,,34,Stratford District,Nil,0,0,0,0,0,0,Urban,0,0,0,Fine,Null
1861934,5843790,3693,,536614,0,0,0,0,0,West,2008/2009,KAURI POINT ROAD,CHELMSFORD ST,,Non-Injury Crash,No,2009,0,East,0,0,0,Flat,0,,0,,0,Dark,1181907,0,0,0,2,0,0,0,0,0,,0,0,Bay of Plenty Region,Nil,2-way,Sealed,0,0,0,0,100,0,None,1,0,,22,Western Bay of Plenty District,Unknown,0,0,0,1,0,0,Open,0,0,0,Fine,Null
1834396,5534658,3694,,560200,0,0,0,1,0,West,2008/2009,SH 3,FITZHERBERT EAST ROAD,,Non-Injury Crash,Yes,2009,0,West,0,0,0,Flat,1,,0,,0,Bright sun,1758100,0,0,0,2,0,0,0,0,0,,0,0,Manawatū-Whanganui Region,Nil,2-way,Sealed,0,0,0,0,100,0,Null,0,0,,40,Palmerston North City,Nil,0,0,0,0,0,0,Open,0,0,0,Fine,Frost
1800737,5813023,3695,,529100,0,,0,2,,Null,2009/2010,SH 3,SH 1N,,Non-Injury Crash,Yes,2009,,North,,0,,Flat,,,,,,Twilight,930500,0,0,0,2,,,0,,,,,,Waikato Region,Nil,2-way,Sealed,,0,0,,60,,On,0,0,,16,Hamilton City,Traffic Signals,,,,,0,0,Urban,0,,,Fine,Null
1802442,5816082,3696,,530100,0,,0,1,,East,2009/2010,RUAKURA ROAD,PEACHGROVE ROAD,,Non-Injury Crash,No,2009,,East,,0,,Flat,,,,,,Twilight,896100,0,0,0,2,,,0,,,,,,Waikato Region,Nil,2-way,Sealed,,0,0,,50,,Off,0,0,,16,Hamilton City,Nil,,,,,0,0,Urban,1,,,Fine,Null
1930762,5616530,3697,,547200,0,,0,2,,East,2008/2009,MEEANEE ROAD,GLOUCESTER ST,,Non-Injury Crash,No,2009,,West,,0,,Flat,,,,,,Dark,1459400,0,0,0,2,,,0,,,,,,Hawke's Bay Region,Nil,2-way,Sealed,,0,0,,50,,None,0,0,,31,Napier City,Nil,,,,,0,0,Urban,0,,,Fine,Null
1800911,5811696,3698,,529300,0,0,0,1,0,Null,2009/2010,SH 3,SAXBYS ROAD,,Non-Injury Crash,Yes,2009,0,North,0,0,0,Flat,0,,0,,0,Dark,926700,0,0,0,2,0,0,0,0,0,,0,1,Waikato Region,Nil,2-way,Sealed,0,0,0,0,60,0,On,0,0,,16,Hamilton City,Give way,0,1,0,0,0,0,Urban,0,0,0,Fine,Null
1929048,5605934,3699,,547700,0,0,0,0,0,Null,2008/2009,HERETAUNGA ST WEST,GALLIEN ST,,Non-Injury Crash,No,2009,0,East,0,0,0,Flat,0,,0,,0,Dark,1487300,0,0,0,2,0,0,0,0,0,,0,0,Hawke's Bay Region,Nil,2-way,Sealed,0,0,0,0,50,0,On,0,0,,30,Hastings District,Stop,0,0,0,1,0,0,Urban,1,0,0,Fine,Null
1757227,5920482,3700,,514102,0,,0,2,,Null,2009/2010,ALBERT ST,VICTORIA ST WEST,,Non-Injury Crash,No,2009,,South,,0,,Flat,,,,,,Overcast,433401,0,0,0,4,,,0,,,,,,Auckland Region,Nil,2-way,Sealed,,0,0,,50,,Off,0,0,,76,Auckland,Traffic Signals,,,,,0,0,Urban,0,,,Fine,Null
1760062,5916025,3701,,516002,0,,0,2,,North,2009/2010,GREENLANE OFF SBD,GREENLANE INT,,Non-Injury Crash,Yes,2009,,South,,0,,Hill Road,,,,,,Bright sun,492100,0,0,0,1,,,0,,,,,,Auckland Region,Motorway ramp,1-way,Sealed,,0,0,,100,,Null,1,0,,76,Auckland,Unknown,,,,,0,0,Open,0,,,Fine,Null
1751690,5432841,3702,,574002,0,0,0,1,0,West,2008/2009,SH 1N,CENTENNIAL SBD,,Non-Injury Crash,Yes,2009,0,South,0,0,0,Hill Road,1,,0,,0,Dark,2078304,0,0,0,3,0,0,0,0,0,,0,0,Wellington Region,Nil,2-way,Sealed,0,0,0,0,100,0,On,0,0,,47,Wellington City,Nil,0,0,0,0,0,0,Open,0,0,0,Fine,Null
1749090,5428588,3703,,573000,0,,0,2,,South,2009/2010,WATERLOO QUAY,BUNNY ST,,Non-Injury Crash,No,2009,,North,,0,,Flat,,,,,,Twilight,2124300,0,0,0,3,,,0,,,,,,Wellington Region,Nil,2-way,Sealed,,0,0,,50,,Off,0,0,,47,Wellington City,Traffic Signals,,,,,0,0,Urban,0,,,Light rain,Null
1799041,5814534,3704,,528900,0,,0,3,,North,2008/2009,SH 1N,KILLARNEY ROAD,,Non-Injury Crash,Yes,2009,,South,,0,,Flat,,,,,,Bright sun,915900,0,0,0,2,,,0,,,,,,Waikato Region,Nil,1-way,Sealed,,0,0,,50,,Null,0,0,,16,Hamilton City,Give way,,,,,0,0,Urban,0,,,Fine,Null
1747238,5914924,3705,,511800,0,,0,2,,West,2009/2010,GREAT NORTH ROAD,GLENVIEW ROAD,,Non-Injury Crash,No,2009,,West,,0,,Hill Road,,,,,,Dark,277902,0,0,0,2,,,0,,,,,,Auckland Region,Nil,2-way,Sealed,,0,0,,50,,On,0,0,,76,Auckland,Nil,,,,,0,0,Urban,0,,,Fine,Null
1760931,5903434,3706,,524604,0,0,0,1,0,East,2008/2009,PUHINUI ROAD,TOM PEARCE DRIVE,,Non-Injury Crash,No,2009,1,West,0,0,0,Flat,0,,0,,0,Overcast,781100,0,0,0,2,0,0,0,0,0,,0,0,,Bridge,2-way,Sealed,0,0,0,0,70,0,Null,0,0,,76,Auckland,Unknown,0,0,0,0,0,0,Urban,0,0,0,Light rain,Null
1759099,5436221,3707,,569201,0,0,0,1,0,South,2008/2009,MARSDEN ST,WILLIAMS GROVE,,Non-Injury Crash,No,2009,0,South,0,0,1,Flat,0,,1,,0,Overcast,1925500,0,0,0,2,0,0,0,0,0,,0,0,Wellington Region,Nil,2-way,Sealed,0,0,0,0,50,0,Null,0,0,,46,Lower Hutt City,Nil,0,0,0,0,0,0,Urban,0,0,0,Fine,Null
1757454,5912050,3708,,519810,0,,0,1,,South,2009/2010,SEACLIFFE ROAD,FREDERICK ST,,Non-Injury Crash,No,2009,,South,,0,,Hill Road,,,,,,Bright sun,597100,0,0,0,2,,,0,,,,,,Auckland Region,Nil,2-way,Sealed,,0,0,,50,,Off,0,0,,76,Auckland,Nil,,,,,1,0,Urban,0,,,Fine,Null
1877911,5822983,3709,,538101,0,,0,1,,North,2009/2010,KOROMIKO ST,ERICA ST,,Non-Injury Crash,No,2009,,South,,0,,Flat,,,,,,Overcast,1167601,0,0,0,2,,,0,,,,,,Bay of Plenty Region,Nil,2-way,Sealed,,0,0,,50,,Null,0,0,,23,Tauranga City,Unknown,,,,,0,0,Urban,1,,,Fine,Null
1766565,5908852,3710,,523402,0,,1,1,,West,2008/2009,GILBERT ROAD,BENTLEY ROAD,,Non-Injury Crash,No,2009,,West,,0,,Flat,,,,,,Overcast,697600,0,0,0,2,,,0,,,,,,Auckland Region,Nil,2-way,Sealed,,0,0,,50,,Null,0,0,,76,Auckland,Unknown,,,,,0,0,Urban,0,,,Light rain,Null
1758291,5925493,3711,,508020,0,0,0,2,0,Null,2008/2009,JUTLAND ROAD,WALTER ST,,Non-Injury Crash,No,2009,0,East,0,0,0,Flat,0,,0,,0,Bright sun,323200,0,0,0,2,0,0,0,0,1,,0,0,Auckland Region,Nil,2-way,Sealed,0,0,0,0,50,0,Off,0,0,,76,Auckland,Nil,0,0,0,0,0,0,Urban,0,0,0,Fine,Null
1746018,5913795,3712,,511001,0,0,0,1,0,South,2008/2009,KAMARA ROAD,WEST COAST ROAD,,Non-Injury Crash,No,2009,0,North,0,0,0,Hill Road,0,,0,,0,Dark,282703,0,0,0,2,0,0,0,0,1,,0,0,Auckland Region,Nil,2-way,Sealed,0,0,0,0,50,0,On,1,0,,76,Auckland,Unknown,0,0,0,0,0,0,Urban,0,0,0,Fine,Null
1743379,5923166,3713,,513511,0,0,1,1,0,South,2008/2009,DON BUCK ROAD,RUSH CREEK DRIVE,,Non-Injury Crash,No,2009,0,North,0,0,0,Flat,0,,0,,0,Bright sun,224311,0,0,0,2,0,0,0,0,1,,0,0,Auckland Region,Nil,2-way,Sealed,0,0,0,0,50,0,Null,0,0,,76,Auckland,Unknown,1,1,0,0,0,0,Urban,0,0,0,Fine,Null
1349354,4875045,3714,,607400,0,,0,2,,Null,2008/2009,SH 1S,YARMOUTH ST,,Non-Injury Crash,Yes,2009,,South,,0,,Flat,,,,,,Overcast,2991600,0,0,0,2,,,0,,,,,,Otago Region,Nil,2-way,Sealed,,0,0,,50,,Null,0,0,,72,Clutha District,Give way,,,,,0,0,Urban,0,,,Light rain,Null
1298673,4879379,3715,55,610033,0,0,0,0,1,South,2008/2009,KAIWERA ROAD,DIAMOND PEAK ROAD,,Serious Crash,No,2009,0,North,0,0,0,Hill Road,0,,0,,0,Dark,3055300,1,0,0,2,0,0,0,0,0,,0,0,Southland Region,Nil,2-way,Sealed,0,0,2,0,100,0,None,0,0,,74,Gore District,Unknown,0,1,0,0,0,0,Open,1,0,0,Fine,Null
2036276,5709801,3716,,544600,0,,0,2,,East,2009/2010,ABERDEEN ROAD,STANLEY ROAD,,Non-Injury Crash,No,2009,,West,,0,,Flat,,,,,,Overcast,1368800,0,0,0,2,,,0,,,,,,Gisborne Region,Nil,2-way,Sealed,,0,0,,50,,Null,0,0,,28,Gisborne District,Nil,,,,,0,0,Urban,0,,,Fine,Null
1709606,6042342,3717,,501810,0,0,0,1,1,East,2008/2009,SH 15,SH 14,,Non-Injury Crash,Yes,2009,0,East,0,0,0,Flat,0,,0,,0,Bright sun,72102,0,0,0,2,0,1,0,0,0,,0,0,Northland Region,Nil,2-way,Sealed,0,0,0,0,100,0,Null,0,0,,2,Whangarei District,Unknown,0,0,0,0,0,0,Open,0,0,0,Fine,Null
1757950,5917021,3718,,515700,0,,0,3,,Null,2009/2010,GILLIES AVENUE,BRIGHTSIDE ROAD,,Non-Injury Crash,No,2009,,South,,0,,Flat,,,,,,Overcast,444600,0,0,0,2,,,0,,,,,,Auckland Region,Nil,2-way,Sealed,,0,0,,50,,Off,0,0,,76,Auckland,Give way,,,,,0,0,Urban,0,,,Light rain,Null
1756043,5921070,3719,,515202,0,,0,2,,North,2008/2009,SH 1N,FANSHAWE OFF SBD,,Non-Injury Crash,Yes,2009,,South,,0,,Hill Road,,,,,,Bright sun,425600,0,0,0,2,,,0,,,,,,Auckland Region,Bridge,1-way,Sealed,,0,0,,80,,Off,0,0,,76,Auckland,Nil,,,,,0,0,Open,0,,,Fine,Null
1624051,5431347,3720,,582300,0,0,0,2,0,North,2008/2009,COLLINGWOOD ST,GROVE ST,,Non-Injury Crash,No,2009,0,North,0,0,0,Flat,0,,0,,0,Dark,2317600,0,0,0,2,0,0,0,0,0,,0,0,Nelson Region,Nil,2-way,Sealed,0,0,0,0,50,0,On,0,0,,52,Nelson City,Nil,0,0,0,0,0,0,Urban,0,1,0,Fine,Null
1754545,5934389,3721,,507102,0,0,0,2,0,East,2008/2009,OAKTREE AVENUE,WEETMAN DRIVE,,Non-Injury Crash,No,2009,0,West,0,0,0,Hill Road,0,,0,,0,Dark,159004,0,0,0,1,0,0,0,0,1,,0,0,Auckland Region,Nil,2-way,Sealed,0,0,0,0,50,0,On,0,0,,76,Auckland,Unknown,0,0,0,0,0,0,Urban,0,0,0,Fine,Null
1896128,5794741,3722,,536654,0,0,0,1,0,South,2008/2009,SH 33,ALLPORT ROAD,,Non-Injury Crash,Yes,2009,0,South,0,0,0,Flat,0,,0,,0,Overcast,1212500,0,0,0,2,0,1,0,0,0,,0,0,Bay of Plenty Region,Nil,2-way,Sealed,0,0,0,0,100,0,Null,0,0,,22,Western Bay of Plenty District,Unknown,0,0,0,0,0,0,Open,0,0,0,Light rain,Null
1763996,5904253,3723,,524604,0,,0,1,,South,2008/2009,PUHINUI OFF NBD,PUHINUI ROAD,,Non-Injury Crash,Yes,2009,,North,,0,,Flat,,,,,,Bright sun,781100,0,0,0,2,,,0,,,,,,Auckland Region,Nil,2-way,Sealed,,0,0,,50,,Null,1,0,,76,Auckland,Give way,,,,,0,0,Urban,0,,,Fine,Null
1745315,5919982,3724,,513301,0,,0,2,,Null,2008/2009,LINCOLN ROAD,PARAMOUNT DRIVE,,Non-Injury Crash,No,2009,,South,,0,,Flat,,,,,,Dark,230401,0,0,0,4,,,0,,,,,,Auckland Region,Nil,2-way,Sealed,,0,0,,50,,On,0,0,,76,Auckland,Nil,,,,,0,0,Urban,0,,,Fine,Null
1757870,5918067,3725,,515700,0,0,0,1,0,South,2008/2009,MAUNGAWHAU ROAD,SECCOMBES ROAD,,Non-Injury Crash,No,2009,0,North,0,0,0,Flat,0,,0,,0,Overcast,443600,0,0,0,2,0,0,0,0,0,,0,1,Auckland Region,Nil,2-way,Unsealed,0,0,0,0,50,0,Off,0,0,,76,Auckland,Nil,0,0,0,0,0,0,Urban,0,0,0,Light rain,Null
1758510,5920136,3726,,515902,0,0,0,2,0,North,2008/2009,PARNELL ROAD,YORK ST,,Non-Injury Crash,No,2009,0,South,0,0,0,Flat,0,,0,,0,Bright sun,452200,0,0,0,2,0,0,0,0,1,,0,0,Auckland Region,Nil,2-way,Sealed,0,0,0,0,50,0,Null,0,0,,76,Auckland,Nil,0,0,0,0,0,0,Urban,0,0,0,Fine,Null
1800888,5814770,3727,,529700,0,,0,2,,Null,2009/2010,TRISTRAM ST,THACKERAY STREET,,Non-Injury Crash,No,2009,,West,,0,,Flat,,,,,,Overcast,911600,0,0,0,2,,,0,,,,,,Waikato Region,Nil,2-way,Sealed,,0,0,,50,,Off,0,0,,16,Hamilton City,Give way,,,,,0,0,Urban,0,,,Fine,Null
1885976,5761041,3728,,538850,0,0,0,1,1,South,2008/2009,TUMUNUI ROAD,BARBER ROAD EAST,,Non-Injury Crash,No,2009,0,South,0,0,0,Hill Road,0,,0,,0,Bright sun,1258800,0,0,0,2,0,0,0,0,0,,0,0,Waikato Region,Nil,2-way,Sealed,0,0,0,0,100,0,Null,0,0,,24,Rotorua District,Unknown,0,0,0,0,0,0,Open,0,0,0,Fine,Null
1751979,5915179,3729,,514500,0,0,0,2,0,South,2008/2009,BOLLARD AVENUE,WAITATI PLACE,,Non-Injury Crash,No,2009,0,South,0,0,1,Flat,0,Queens Birthday,0,,0,Dark,377500,0,0,0,2,0,0,0,0,1,,0,0,Auckland Region,Nil,2-way,Sealed,0,0,0,0,50,0,On,0,0,,76,Auckland,Nil,0,0,0,0,0,0,Urban,0,0,0,Fine,Null
1769850,5899426,3730,,523920,0,,0,2,,South,2008/2009,GREAT SOUTH ROAD,MAHIA ROAD,,Non-Injury Crash,No,2009,,South,,0,,Flat,,,,,,Bright sun,767921,0,0,0,4,,,0,,,,,,Auckland Region,Nil,2-way,Sealed,,0,0,,50,,Null,0,0,,76,Auckland,Nil,,,,,0,0,Urban,0,,,Fine,Null
1838534,5591384,3731,,559220,0,0,0,1,0,North,2009/2010,SH 1N,RESERVOIR ROAD,,Non-Injury Crash,Yes,2009,0,North,0,0,1,Hill Road,0,,0,,0,Dark,1746500,0,0,0,2,0,0,0,0,0,,0,0,Manawatū-Whanganui Region,Nil,2-way,Sealed,0,0,0,0,100,0,None,0,0,,38,Rangitikei District,Nil,0,0,0,0,0,0,Open,0,0,0,Fine,Null
1755015,5913753,3732,,518803,0,,0,1,,Null,2008/2009,DENBIGH AVENUE,DOMINION ROAD,,Non-Injury Crash,No,2009,,East,,0,,Flat,,,,,,Bright sun,580600,0,0,0,2,,,0,,,,,,Auckland Region,Nil,2-way,Sealed,,0,0,,50,,Null,0,0,,76,Auckland,Give way,,,,,1,0,Urban,0,,,Fine,Null
1754217,5445801,3733,,570700,0,,0,2,,Null,2008/2009,TITAHI BAY ROAD,TE HIKO ST,,Non-Injury Crash,No,2009,,North,,0,,Flat,,,,,,Dark,2038800,0,0,0,4,,,0,,,,,,Wellington Region,Nil,2-way,Sealed,,0,0,,70,,On,0,0,,44,Porirua City,Traffic Signals,,,,,0,0,Urban,0,,,Heavy rain,Null
1839282,5910896,3734,,533200,0,,0,0,,North,2008/2009,SH 25,TAPU COROGLEN ROAD E,,Non-Injury Crash,Yes,2009,,North,,0,,Hill Road,,,,,,Dark,1047701,0,0,0,2,,,0,,,,,,Waikato Region,Nil,2-way,Sealed,,0,0,,100,,None,1,0,,11,Thames-Coromandel District,Nil,,,,,0,0,Open,0,,,Heavy rain,Null
1698842,5678634,3735,,550901,0,,0,1,,Null,2009/2010,BELL BLOCK COURT,HENWOOD ROAD,,Non-Injury Crash,No,2009,,West,,0,,Flat,,,,,,Bright sun,1561500,0,0,0,2,,,0,,,,,,Taranaki Region,Nil,2-way,Sealed,,0,0,,50,,Null,0,0,,33,New Plymouth District,Stop,,,,,2,0,Urban,0,,,Fine,Null
1823756,5890567,3736,,533501,0,0,0,1,1,North,2009/2010,SH 25,TARARU CREEK ROAD,,Non-Injury Crash,Yes,2009,0,North,0,0,0,Flat,1,,0,,0,Dark,1048700,0,0,0,2,0,0,0,0,0,,0,0,,Nil,2-way,Sealed,0,0,0,0,100,0,None,0,0,,11,Thames-Coromandel District,Nil,0,0,0,0,0,0,Open,0,0,0,Heavy rain,Null
1459612,5083253,3737,,599100,0,,0,2,,Null,2008/2009,SELWYN ST,WAI-ITI ROAD,,Non-Injury Crash,No,2009,,East,,0,,Flat,,,,,,Dark,2787300,0,0,0,2,,,0,,,,,,Canterbury Region,Nil,2-way,Sealed,,0,0,,50,,On,0,0,,64,Timaru District,Traffic Signals,,,,,0,0,Urban,0,,,Fine,Null
1760316,5916066,3738,,516003,0,0,0,2,0,Null,2008/2009,GREEN LANE EAST,OHINERAU ST,,Non-Injury Crash,No,2009,0,East,0,0,1,Flat,0,,0,,0,Overcast,494902,0,0,0,4,0,0,0,0,0,,0,0,Auckland Region,Nil,2-way,Sealed,0,0,0,0,50,0,Null,0,0,,76,Auckland,Give way,0,1,0,0,0,0,Urban,0,0,0,Light rain,Null
1761364,5914259,3739,,520202,0,0,0,1,0,Null,2009/2010,GT SOUTH LINK,PENROSE INT,,Non-Injury Crash,Yes,2009,0,East,0,0,0,Flat,1,,0,,0,Dark,612300,0,0,0,2,0,0,0,0,0,,0,0,Auckland Region,Motorway ramp,1-way,Sealed,0,0,0,0,50,0,On,0,0,,76,Auckland,Give way,0,0,0,0,0,0,Urban,0,0,0,Light rain,Null