X,Y,OBJECTID,advisorySpeed,areaUnitID,bicycle,bridge,bus,carStationWagon,cliffBank,crashDirectionDescription,crashFinancialYear,crashLocation1,crashLocation2,crashRoadSideRoad,crashSeverity,crashSHDescription,crashYear,debris,directionRoleDescription,ditch,fatalCount,fence,flatHill,guardRail,holiday,houseOrBuilding,intersection,kerb,light,meshblockId,minorInjuryCount,moped,motorcycle,NumberOfLanes,objectThrownOrDropped,otherObject,otherVehicleType,overBank,parkedVehicle,pedestrian,phoneBoxEtc,postOrPole,region,roadCharacter,roadLane,roadSurface,roadworks,schoolBus,seriousInjuryCount,slipOrFlood,speedLimit,strayAnimal,streetLight,suv,taxi,temporarySpeedLimit,tlaId,tlaName,trafficControl,trafficIsland,trafficSign,train,tree,truck,unknownVehicleType,urban,vanOrUtility,vehicle,waterRiver,weatherA,weatherB
1412272,4942681,3740,,601603,0,0,0,0,0,North,2008/2009,SH 1S,RUSSELL ROAD,,Minor Crash,Yes,2009,0,South,1,0,0,Hill Road,0,,0,,0,Bright sun,2857001,1,0,0,2,0,0,0,0,0,,0,0,Otago Region,Nil,2-way,Sealed,0,0,0,0,100,0,Null,1,0,,71,Dunedin City,Unknown,0,0,0,0,0,0,Open,0,0,0,Fine,Null
1799947,5816441,3741,,529700,0,,0,1,,Null,2008/2009,ULSTER ST,ABBOTSFORD ST,,Non-Injury Crash,No,2009,,West,,0,,Flat,,,,,,Overcast,909000,0,0,0,4,,,0,,,,,,Waikato Region,Nil,2-way,Sealed,,0,0,,60,,Null,0,0,,16,Hamilton City,Give way,,,,,0,0,Urban,1,,,Heavy rain,Null
1751675,5912957,3742,,514700,0,0,0,1,0,East,2008/2009,TERRY ST,BLOCKHOUSE BAY ROAD,,Non-Injury Crash,No,2009,0,East,0,0,0,Hill Road,0,,0,,0,Twilight,370300,0,0,0,2,0,0,0,0,0,,0,1,Auckland Region,Nil,2-way,Sealed,0,0,0,0,50,0,Off,0,0,,76,Auckland,Unknown,0,0,0,0,0,0,Urban,0,0,0,Fine,Null
1750099,5914180,3743,,511303,0,0,0,1,0,North,2009/2010,GREAT NORTH ROAD,MEMORIAL DRIVE,,Non-Injury Crash,No,2009,0,North,0,0,0,Flat,0,,0,,0,Dark,266000,0,0,0,4,0,0,0,0,0,,0,0,Auckland Region,Nil,2-way,Sealed,0,0,0,0,50,0,On,0,0,,76,Auckland,Unknown,1,0,0,0,0,0,Urban,0,0,0,Fine,Null
1817028,5802959,3744,,527503,0,,0,2,,Null,2009/2010,DUKE ST,WILSON ST,,Non-Injury Crash,No,2009,,West,,0,,Flat,,,,,,Overcast,965000,0,0,0,2,,,0,,,,,,Waikato Region,Nil,2-way,Sealed,,0,0,,50,,Off,0,0,,17,Waipa District,Give way,,,,,0,0,Urban,0,,,Fine,Null
1645433,6054943,3745,,504501,0,,0,1,,East,2009/2010,WAIPOUA RIVER ROAD,BIRCH ROAD,,Non-Injury Crash,No,2009,,West,,0,,Hill Road,,,,,,Overcast,118600,0,0,0,1,,,0,,,,,,Northland Region,Nil,2-way,Unsealed,,0,0,,100,,None,1,0,,3,Kaipara District,Nil,,,,,0,0,Open,0,,,Fine,Null
1801593,5815818,3746,,530100,0,,0,2,,West,2009/2010,TE AROHA ST,GREY ST,,Non-Injury Crash,No,2009,,East,,0,,Flat,,,,,,Dark,894600,0,0,0,2,,,0,,,,,,Waikato Region,Nil,2-way,Sealed,,0,0,,50,,On,0,0,,16,Hamilton City,Give way,,,,,0,0,Urban,0,,,Fine,Null
1823962,5463491,3747,,578600,0,,0,1,,Null,2008/2009,SH 2,LINCOLN ROAD,,Non-Injury Crash,Yes,2009,,North,,0,,Flat,,,,,,Overcast,2244700,0,0,0,2,,,0,,,,,,Wellington Region,Nil,2-way,Sealed,,0,0,,50,,Null,1,0,,48,Masterton District,Give way,,,,,0,0,Urban,0,,,Fine,Null
1759413,5924745,3748,,508110,0,0,0,1,0,East,2008/2009,BAYSWATER AVENUE,PRESTON AVENUE,,Non-Injury Crash,No,2009,0,East,0,0,0,Flat,0,Queens Birthday,0,,0,Dark,317900,0,0,0,2,0,0,0,0,1,,0,0,Auckland Region,Nil,2-way,Sealed,0,0,0,0,50,0,On,1,0,,76,Auckland,Nil,0,0,0,0,0,0,Urban,0,0,0,Fine,Null
1754214,5444742,3749,,570800,0,,0,1,,Null,2008/2009,TITAHI BAY ROAD,LYTTELTON AVENUE,,Non-Injury Crash,No,2009,,North,,0,,Flat,,,,,,Bright sun,2052300,0,0,0,2,,,0,,,,,,Wellington Region,Nil,2-way,Sealed,,0,0,,50,,Null,1,0,,44,Porirua City,Traffic Signals,,,,,0,0,Urban,0,,,Null,Null
1670623,5403925,3750,,580420,0,,0,2,,Null,2008/2009,SH 6,GODFREY ROAD,,Minor Crash,Yes,2009,,East,,0,,Flat,,Queens Birthday,,,,Dark,2290501,1,0,0,2,,,0,,,,,,Marlborough Region,Nil,2-way,Sealed,,0,0,,100,,None,0,0,,53,Marlborough District,Give way,,,,,0,0,Open,0,,,Light rain,Null
1757839,5918165,3751,,515700,0,,0,2,,North,2009/2010,SH 1N,GILLIES OFF SBD,,Non-Injury Crash,Yes,2009,,South,,0,,Flat,,,,,,Overcast,443200,0,0,0,3,,,0,,,,,,Auckland Region,Nil,1-way,Sealed,,0,0,,100,,Off,1,1,80,76,Auckland,Nil,,,,,0,0,Open,0,,,Fine,Null
1600529,5451175,3752,,581850,0,0,0,0,0,South,2008/2009,SH 60,RIWAKA VALLEY ROAD,,Non-Injury Crash,Yes,2009,0,North,0,0,0,Hill Road,0,,0,,0,Dark,2369400,0,0,0,2,0,0,0,1,0,,0,0,Tasman Region,Nil,2-way,Sealed,0,0,0,0,100,0,None,0,0,,51,Tasman District,Nil,0,0,0,1,0,0,Open,1,0,0,Light rain,Null
1774213,5891771,3753,,521301,0,,0,2,,East,2008/2009,WAIHOEHOE ROAD,FITZGERALD ROAD,,Non-Injury Crash,No,2009,,West,,0,,Flat,,,,,,Overcast,808901,0,0,0,2,,,0,,,,,,Auckland Region,Nil,2-way,Sealed,,0,0,,80,,Null,0,0,,76,Auckland,Unknown,,,,,0,0,Open,0,,,Light rain,Null
1757095,5920373,3754,,514102,0,0,0,2,0,North,2009/2010,FEDERAL ST,WELLESLEY ST WEST,,Non-Injury Crash,No,2009,0,North,0,0,0,Flat,0,,0,,0,Overcast,433801,0,0,0,2,0,0,0,0,1,,0,0,Auckland Region,Nil,2-way,Sealed,0,0,0,0,50,0,Off,0,0,,76,Auckland,Nil,0,0,0,0,0,0,Urban,0,0,0,Light rain,Null
1744016,5915859,3755,,513012,0,,0,2,,West,2009/2010,TABITHA CRESCENT,BORDER ROAD N,,Non-Injury Crash,No,2009,,South,,0,,Flat,,,,,,Bright sun,280907,0,0,0,2,,,0,,,,,,Auckland Region,Nil,2-way,Sealed,,0,0,,50,,Null,0,0,,76,Auckland,Unknown,,,,,0,0,Urban,0,,,Fine,Null
1718563,6042734,3756,,503900,0,,0,1,,Null,2009/2010,REWA REWA ROAD,GUMDIGGER PLACE,,Non-Injury Crash,No,2009,,West,,0,,Flat,,,,,,Bright sun,109104,0,0,0,3,,,0,,,,,,Northland Region,Nil,2-way,Sealed,,0,0,,50,,Off,0,0,,2,Whangarei District,Give way,,,,,1,0,Urban,0,,,Fine,Null
1755782,5916462,3757,,518201,0,,0,2,,North,2009/2010,DOMINION ROAD,DEXTER AVENUE,,Non-Injury Crash,No,2009,,South,,0,,Flat,,,,,,Twilight,552900,0,0,0,4,,,0,,,,,,Auckland Region,Nil,2-way,Sealed,,0,0,,50,,Off,0,0,,76,Auckland,Traffic Signals,,,,,0,0,Urban,1,,,Fine,Null
1757650,5919891,3758,,514103,0,0,0,1,0,North,2008/2009,WELLESLEY ST EAST,SYMONDS ST,,Non-Injury Crash,No,2009,0,South,0,0,0,Flat,0,,0,,0,Overcast,437500,0,0,0,1,0,0,0,0,0,,0,0,Auckland Region,Nil,2-way,Sealed,0,0,0,0,50,0,Off,1,0,,76,Auckland,Traffic Signals,0,0,0,0,0,0,Urban,0,1,0,Fine,Null
1757433,5927180,3759,,508010,0,0,0,2,0,Null,2008/2009,KILLARNEY ST,ANDER PLACE,,Non-Injury Crash,No,2009,0,West,0,0,0,Flat,0,,0,,0,Dark,327400,0,0,0,2,0,0,0,0,1,,0,0,Auckland Region,Nil,2-way,Sealed,0,0,0,0,50,0,On,0,0,,76,Auckland,Nil,0,0,0,0,0,0,Urban,0,0,0,Fine,Null
1800864,5814776,3760,,529100,0,,0,2,,Null,2008/2009,TRISTAM ST,PEMBROKE ST,,Non-Injury Crash,No,2009,,North,,0,,Flat,,,,,,Bright sun,931000,0,0,0,2,,,0,,,,,,Waikato Region,Nil,2-way,Sealed,,0,0,,50,,Off,0,0,,16,Hamilton City,Give way,,,,,0,0,Urban,0,,,Null,Null
1679167,5402126,3761,,581250,0,,0,1,,West,2008/2009,ALABAMA ROAD,HOWICK ROAD,,Non-Injury Crash,No,2009,,East,,0,,Flat,,,,,,Bright sun,2304300,0,0,0,2,,,0,,,1,,,Marlborough Region,Nil,2-way,Sealed,,0,0,,50,,Null,0,0,,53,Marlborough District,Nil,,,,,0,0,Urban,0,,,Fine,Null
1236315,4845897,3762,,610052,0,0,0,0,0,South,2009/2010,SANDY POINT ROAD,DUNNS ROAD,,Minor Crash,No,2009,0,South,0,0,1,Flat,0,,0,,0,Dark,3079401,1,0,0,2,0,0,0,0,0,,0,0,Southland Region,Nil,2-way,Sealed,0,0,0,0,70,0,None,1,0,,75,Invercargill City,Unknown,0,0,0,0,0,0,Urban,0,0,0,Fine,Null
1756662,5920228,3763,,514102,0,,0,2,,West,2009/2010,COOK ST,NELSON ST,,Non-Injury Crash,No,2009,,East,,0,,Flat,,,,,,Bright sun,432700,0,0,0,3,,,0,,,,,,Auckland Region,Nil,2-way,Sealed,,0,0,,50,,Off,0,0,,76,Auckland,Nil,,,,,0,0,Urban,0,,,Null,Null
1765025,5904680,3764,,522100,0,0,0,1,0,Null,2008/2009,PUHINUI ROAD,KENDERDINE ROAD,,Non-Injury Crash,No,2009,0,East,0,0,1,Flat,0,,0,,0,Dark,660300,0,0,0,2,0,0,0,0,0,,0,0,Auckland Region,Nil,2-way,Sealed,0,0,0,0,50,0,On,0,0,,76,Auckland,Give way,0,0,0,0,0,0,Urban,0,0,0,Fine,Null
1844573,5811712,3765,,535501,0,,0,2,,Null,2009/2010,RAWHITI AVENUE,VOSPER ST,,Non-Injury Crash,No,2009,,West,,0,,Flat,,,,,,Overcast,1118113,0,0,0,2,,,0,,,,,,Waikato Region,Nil,2-way,Sealed,,0,0,,50,,Null,0,0,,15,Matamata-Piako District,Stop,,,,,0,0,Urban,0,,,Fine,Null
1241903,5002248,3766,,609031,0,,0,1,,South,2009/2010,GLENORCHY-QUEENSTOWN ROAD,BENNETTS BLUFF,,Serious Crash,No,2009,,South,,0,,Hill Road,,,,,,Bright sun,3039517,0,0,1,1,,,0,,,,,,Otago Region,Nil,2-way,Sealed,,0,1,,100,,Null,0,0,,70,Queenstown-Lakes District,Unknown,,,,,0,0,Open,0,,,Fine,Null
1569939,5181278,3767,,592200,0,,0,2,,Null,2008/2009,BEALEY AVENUE,PAPANUI ROAD,,Non-Injury Crash,No,2009,,East,,0,,Flat,,,,,,Dark,2676500,0,0,0,6,,,0,,,,,,Canterbury Region,Nil,2-way,Sealed,,0,0,,50,,On,0,0,,60,Christchurch City,Traffic Signals,,,,,0,0,Urban,0,,,Fine,Null
1760436,5913064,3768,,520000,0,,0,1,,East,2009/2010,MOUNT SMART ROAD,WAITANGI ROAD,,Non-Injury Crash,No,2009,,East,,0,,Flat,,,,,,Bright sun,606201,0,0,0,2,,,0,,,,,,Auckland Region,Nil,2-way,Sealed,,0,0,,50,,Off,0,0,,76,Auckland,Stop,,,,,1,0,Urban,0,,,Fine,Null
1754676,5932049,3769,,508805,0,,0,1,,North,2008/2009,APOLLO DRIVE,CONSTELLATION DRIVE,,Non-Injury Crash,No,2009,,North,,0,,Flat,,,,,,Overcast,180813,0,0,0,2,,,0,,,,,,Auckland Region,Nil,2-way,Sealed,,0,0,,50,,Null,0,0,,76,Auckland,Nil,,,,,1,0,Urban,0,,,Light rain,Null
1756133,5920539,3770,,514000,0,,0,3,,Null,2008/2009,BEAUMONT ST,COLLEGE HILL,,Non-Injury Crash,No,2009,,East,,0,,Flat,,,,,,Dark,416600,0,0,0,4,,,0,,,,,,Auckland Region,Nil,2-way,Sealed,,0,0,,50,,On,1,0,,76,Auckland,Traffic Signals,,,,,0,0,Urban,0,,,Heavy rain,Null
1745301,5917358,3771,,510800,0,,0,2,,Null,2009/2010,HENDERSON VALLEY ROAD,STEVIES LANE,,Non-Injury Crash,No,2009,,North,,0,,Flat,,,,,,Overcast,241500,0,0,0,2,,,0,,,,,,Auckland Region,Nil,2-way,Sealed,,0,0,,50,,Off,0,0,,76,Auckland,Give way,,,,,0,0,Urban,0,,,Fine,Null
1405543,4916823,3772,,603000,0,,0,2,,Null,2008/2009,ARTHUR ST,ELM ROW,,Minor Crash,No,2009,,North,,0,,Flat,,,,,,Overcast,2900300,1,0,0,2,,,0,,,,,,Otago Region,Nil,2-way,Sealed,,0,0,,50,,Null,0,0,,71,Dunedin City,Stop,,,,,0,0,Urban,0,,,Fine,Null
1759083,5903804,3773,,524200,0,,0,1,,Null,2009/2010,GEORGE BOLT MEMORIAL DRIV,JOHN GOULTER DRIVE,,Non-Injury Crash,No,2009,,West,,0,,Flat,,,,,,Overcast,727200,0,0,0,4,,,0,,,,,,Auckland Region,Nil,2-way,Sealed,,0,0,,50,,None,0,0,,76,Auckland,Give way,,,,,0,0,Urban,0,,,Light rain,Null
1750243,5917995,3774,,514801,0,0,0,1,0,West,2008/2009,SH 16,WATERVIEW ON WBD,,Non-Injury Crash,Yes,2009,0,West,0,0,1,Flat,0,,0,,0,Dark,390401,0,0,0,3,0,0,0,0,0,,0,0,Auckland Region,Nil,1-way,Sealed,0,0,0,0,100,0,On,0,0,,76,Auckland,Nil,0,0,0,0,0,0,Open,0,0,0,Fine,Null
1881635,5774785,3775,,539400,0,,0,1,,Null,2008/2009,CLAYTON ROAD,EDMUND ROAD,,Non-Injury Crash,No,2009,,West,,0,,Flat,,,,,,Bright sun,1224100,0,0,0,2,,,0,,,,,,Bay of Plenty Region,Nil,2-way,Sealed,,0,0,,50,,Null,0,0,,24,Rotorua District,Stop,,,,,0,0,Urban,1,,,Fine,Null
1931330,5614639,3776,,545831,0,,0,2,,North,2008/2009,SH 50,SH 50A,,Non-Injury Crash,Yes,2009,,North,,0,,Flat,,,,,,Dark,1404600,0,0,0,2,,,0,,,,,,Hawke's Bay Region,Nil,2-way,Sealed,,0,0,,100,,None,1,0,,30,Hastings District,Nil,,,,,0,0,Open,0,,,Light rain,Null
1768891,5882364,3777,,525910,0,,0,0,,North,2009/2010,PAERATA ROAD,CRISP AVENUE,,Non-Injury Crash,No,2009,,North,,0,,Flat,,,,,,Bright sun,817800,0,0,0,2,,,0,,,,,,Auckland Region,Nil,2-way,Sealed,,0,0,,50,,Off,1,0,,76,Auckland,Nil,,,,,0,0,Urban,1,,,Fine,Null
1729425,6017553,3778,,501816,0,0,0,1,0,Null,2008/2009,SHOEMAKER ROAD,SH 1N,,Non-Injury Crash,Yes,2009,0,South,0,0,0,Flat,0,,0,,0,Overcast,80400,0,0,0,2,0,0,0,0,0,,0,0,Northland Region,Nil,2-way,Sealed,0,0,0,0,50,0,Off,0,0,,2,Whangarei District,Give way,0,1,0,0,0,0,Urban,0,0,0,Heavy rain,Null
1935675,5621368,3779,,546801,0,0,0,2,0,North,2008/2009,CHAUCER ROAD SOUTH,CARLYLE ST,,Non-Injury Crash,No,2009,0,North,0,0,0,Hill Road,0,,0,,0,Dark,1424800,0,0,0,2,0,0,0,0,1,,0,0,Hawke's Bay Region,Nil,2-way,Sealed,0,0,0,0,50,0,On,0,0,,31,Napier City,Nil,0,0,0,0,0,0,Urban,0,0,0,Fine,Null
1823728,5525807,3780,,563300,0,,0,2,,Null,2009/2010,SH 57,SUMMERHILL DRIVE,,Non-Injury Crash,Yes,2009,,West,,0,,Flat,,,,,,Twilight,1814301,0,0,0,2,,,0,,,,,,Manawatū-Whanganui Region,Nil,2-way,Sealed,,0,0,,70,,Off,0,0,,40,Palmerston North City,Give way,,,,,0,0,Urban,0,,,Fine,Null
1767776,5904283,3781,,524602,0,,0,2,,Null,2008/2009,MANUKAU STATION ROAD,GREAT SOUTH ROAD S,,Non-Injury Crash,No,2009,,North,,0,,Flat,,,,,,Overcast,780501,0,0,0,2,,,0,,,,,,Auckland Region,Nil,2-way,Sealed,,0,0,,50,,Null,0,0,,76,Auckland,Traffic Signals,,,,,0,0,Urban,0,,,Fine,Null
1766261,5907501,3782,,522302,0,,0,1,,South,2009/2010,SH 1N,EAST TAMAKI OBR,,Non-Injury Crash,Yes,2009,,North,,0,,Flat,,,,,,Dark,667700,0,0,0,3,,,0,,,,,,Auckland Region,Nil,1-way,Sealed,,0,0,,100,,On,1,0,,76,Auckland,Nil,,,,,0,0,Open,0,,,Fine,Null
1751598,5914211,3783,,514402,0,,0,2,,Null,2008/2009,TIVERTON ROAD,BLOCKHOUSE BAY ROAD,,Non-Injury Crash,No,2009,,South,,0,,Hill Road,,,,,,Bright sun,380600,0,0,0,2,,,0,,,,,,Auckland Region,Nil,2-way,Sealed,,0,0,,50,,Off,0,0,,76,Auckland,Give way,,,,,0,0,Urban,0,,,Fine,Null
1773381,5577642,3784,,556300,0,,0,2,,Null,2008/2009,SH 3,PURNELL ST,,Non-Injury Crash,Yes,2009,,South,,0,,Flat,,,,,,Dark,1723300,0,0,0,2,,,0,,,,,,Manawatū-Whanganui Region,Nil,2-way,Sealed,,0,0,,50,,On,0,0,,37,Whanganui District,Give way,,,,,0,0,Urban,0,,,Fine,Null
1757035,5918411,3785,,518101,0,,0,2,,Null,2008/2009,MOUNT EDEN ROAD,BOSTON ROAD,,Non-Injury Crash,No,2009,,South,,0,,Hill Road,,,,,,Dark,542600,0,0,0,2,,,0,,,,,,Auckland Region,Nil,2-way,Sealed,,0,0,,50,,On,0,0,,76,Auckland,Traffic Signals,,,,,0,0,Urban,0,,,Fine,Null
1623530,5431031,3786,,582500,0,,0,1,,Null,2008/2009,RUTHERFORD ST,VANGUARD ST,,Non-Injury Crash,No,2009,,South,,0,,Flat,,,,,,Bright sun,2318900,0,0,0,2,,,0,,,,,,Nelson Region,Nil,2-way,Sealed,,0,0,,50,,Null,0,0,,52,Nelson City,Give way,,,,,1,0,Urban,0,,,Fine,Null
1755219,5917537,3787,,517500,0,,0,2,,Null,2009/2010,SANDRINGHAM ROAD,ALTHAM AVENUE,,Non-Injury Crash,No,2009,,North,,0,,Flat,,,,,,Dark,532400,0,0,0,2,,,0,,,,,,Auckland Region,Nil,2-way,Sealed,,0,0,,50,,On,0,0,,76,Auckland,Stop,,,,,0,0,Urban,0,,,Light rain,Null
1756713,5919205,3788,,514200,0,,0,1,,South,2008/2009,SH 1N,NELSON OFF NBD,,Non-Injury Crash,Yes,2009,,North,,0,,Flat,,Easter,,,,Bright sun,412900,0,0,0,3,,,0,,,,,,Auckland Region,Nil,1-way,Sealed,,0,0,,80,,Null,0,0,,76,Auckland,Unknown,,,,,0,0,Open,0,,,Fine,Null
1727771,6007042,3789,65,501815,0,0,0,1,1,South,2008/2009,SH 1N,ARTILLERY ROAD,,Non-Injury Crash,Yes,2009,0,South,0,0,0,Hill Road,0,,0,,0,Dark,81600,0,0,0,2,0,0,0,0,0,,0,0,Northland Region,Nil,2-way,Sealed,0,0,0,0,100,0,None,0,0,,2,Whangarei District,Nil,0,0,0,0,0,0,Open,0,0,0,Heavy rain,Null
1928883,5606152,3790,,547700,0,,0,2,,East,2009/2010,HERETAUNGA ST WEST,STORTFORD ST,,Non-Injury Crash,No,2009,,West,,0,,Flat,,,,,,Bright sun,1486700,0,0,0,2,,,0,,,,,,Hawke's Bay Region,Nil,2-way,Sealed,,0,0,,50,,Null,0,0,,30,Hastings District,Nil,,,,,0,0,Urban,0,,,Fine,Null
1758314,5917101,3791,,519200,0,,0,1,,Null,2008/2009,MANUKAU ROAD,OWENS ROAD,,Non-Injury Crash,No,2009,,North,,0,,Flat,,,,,,Bright sun,613900,0,0,1,2,,,0,,,,,,Auckland Region,Nil,2-way,Sealed,,0,0,,50,,Null,0,0,,76,Auckland,Traffic Signals,,,,,0,0,Urban,0,,,Fine,Null
1439974,5004014,3792,,601030,0,,0,2,,Null,2008/2009,SH 1S,CROSS ST,,Non-Injury Crash,Yes,2009,,East,,0,,Flat,,Christmas New Year,,,,Bright sun,2841700,0,0,0,3,,,0,,,,,,Otago Region,Nil,2-way,Sealed,,0,0,,50,,Null,0,0,,68,Waitaki District,Stop,,,,,0,0,Urban,0,,,Fine,Null
1561865,5178277,3793,,587500,0,,0,1,,Null,2008/2009,BRANSTON ST,AMYES ROAD,,Minor Crash,No,2009,,East,,0,,Flat,,,,,,Overcast,2491402,1,0,0,2,,,0,,,1,,,Canterbury Region,Nil,2-way,Sealed,,0,0,,50,,Null,0,0,,60,Christchurch City,Give way,,,,,0,0,Urban,0,,,Light rain,Null
1882593,5772897,3794,,539600,0,0,0,2,0,North,2009/2010,FORD ROAD,MALFROY ROAD WEST,,Non-Injury Crash,No,2009,0,North,0,0,0,Flat,0,,0,,0,Bright sun,1228500,0,0,0,2,0,0,0,0,1,,0,0,Bay of Plenty Region,Nil,2-way,Sealed,0,0,0,0,50,0,Off,0,0,,24,Rotorua District,Give way,0,0,0,0,0,0,Urban,0,0,0,Fine,Null
1718344,6042888,3795,,503800,0,,0,2,,Null,2009/2010,SH 1N,TAUROA ST,,Non-Injury Crash,Yes,2009,,East,,0,,Flat,,,,,,Overcast,107905,0,0,0,2,,,0,,,,,,Northland Region,Nil,2-way,Sealed,,0,0,,50,,Off,0,0,,2,Whangarei District,Stop,,,,,0,0,Urban,0,,,Fine,Null
1749487,5427226,3796,,573101,0,,0,0,,Null,2009/2010,CABLE ST,ORIENTAL PARADE,,Non-Injury Crash,No,2009,,East,,0,,Flat,,,,,,Overcast,2135500,0,0,0,2,,,0,,,,,,Wellington Region,Nil,2-way,Sealed,,0,0,,50,,Null,0,0,,47,Wellington City,Traffic Signals,,,,,1,0,Urban,1,,,Fine,Null
1348485,4874267,3797,,607400,0,,0,3,,Null,2009/2010,SH 1S,GEORGE ST,,Minor Crash,Yes,2009,,North,,0,,Flat,,,,,,Bright sun,2993800,2,0,0,2,,,0,,,,,,Otago Region,Nil,2-way,Sealed,,0,0,,50,,Null,0,0,,72,Clutha District,Give way,,,,,0,0,Urban,0,,,Fine,Null
1792616,5772890,3798,,531301,0,0,0,1,1,North,2008/2009,SH 31,REDLAND ROAD,,Non-Injury Crash,Yes,2009,0,North,0,0,0,Flat,0,,0,,0,Overcast,995902,0,0,0,2,0,0,0,0,0,,0,0,Waikato Region,Nil,2-way,Sealed,0,0,0,0,100,0,Null,0,0,,18,Ōtorohanga District,Unknown,0,0,0,0,0,0,Open,0,0,0,Heavy rain,Null
1896952,5808601,3799,80,536653,0,0,0,1,1,South,2008/2009,RANGIURU ROAD,KARNER DRIVE,,Non-Injury Crash,No,2009,0,North,0,0,0,Flat,0,,0,,0,Overcast,1210500,0,0,0,2,0,0,0,0,0,,0,0,Bay of Plenty Region,Nil,2-way,Sealed,0,0,0,0,100,0,Null,0,0,,22,Western Bay of Plenty District,Unknown,0,0,0,0,0,0,Open,0,0,0,Fine,Null
1927323,5607636,3800,,548400,0,,0,3,,South,2008/2009,OMAHU ROAD,ORMOND ROAD,,Non-Injury Crash,No,2009,,North,,0,,Flat,,,,,,Bright sun,1473600,0,0,0,2,,,0,,,,,,Hawke's Bay Region,Nil,2-way,Sealed,,0,0,,50,,Null,0,0,,30,Hastings District,Nil,,,,,0,0,Urban,0,,,Fine,Null
1751332,5934356,3801,,508701,0,,0,2,,Null,2008/2009,DAIRY FLAT HIGHWAY,KELL DRIVE,,Non-Injury Crash,No,2009,,South,,0,,Flat,,,,,,Bright sun,178800,0,0,0,4,,,0,,,,,,Auckland Region,Nil,2-way,Sealed,,0,0,,50,,Off,0,0,,76,Auckland,Nil,,,,,0,0,Urban,0,,,Fine,Null
1691900,5674524,3802,,551700,0,0,0,3,0,Null,2008/2009,CLAWTON ST,TAVISTOCK ST,,Non-Injury Crash,No,2009,0,West,0,0,0,Flat,0,,0,,0,Overcast,1575802,0,0,0,2,0,0,0,0,1,,0,0,Taranaki Region,Nil,2-way,Sealed,0,0,0,0,50,0,Null,0,0,,33,New Plymouth District,Give way,0,0,0,0,0,0,Urban,0,0,0,Light rain,Null
1756956,5926288,3803,,507900,0,,0,4,,North,2008/2009,SH 1N,ESMONDE OBR,,Non-Injury Crash,Yes,2009,,South,,0,,Flat,,,,,,Overcast,304000,0,0,0,3,,,0,,,,,,Auckland Region,Nil,1-way,Sealed,,0,0,,100,,Off,0,0,,76,Auckland,Nil,,,,,0,0,Open,0,,,Fine,Null
1754818,5918323,3804,,515431,0,,0,2,,East,2008/2009,SH 16,ST LUKES OBR,,Non-Injury Crash,Yes,2009,,North,,0,,Flat,,,,,,Overcast,406700,0,0,0,3,,,0,,,,,,Auckland Region,Nil,1-way,Sealed,,0,0,,100,,Null,0,0,,76,Auckland,Unknown,,,,,0,0,Open,0,,,Light rain,Null
1828146,5881652,3805,,533603,0,,0,2,,Null,2008/2009,NGATI MARU HIGHWAY,KOPU ROAD,,Non-Injury Crash,Yes,2009,,North,,0,,Flat,,,,,,Twilight,1057302,0,0,0,2,,,0,,,,,,Waikato Region,Nil,2-way,Sealed,,0,0,,70,,Off,0,0,,11,Thames-Coromandel District,Nil,,,,,0,0,Urban,0,,,Fine,Null
1818723,5536253,3806,,561901,0,0,0,1,0,Null,2008/2009,SH 54,NEWBURY LINE,,Non-Injury Crash,Yes,2009,0,North,1,0,1,Flat,0,Easter,0,,0,Dark,1795000,0,0,0,2,0,0,0,0,0,,0,0,Manawatū-Whanganui Region,Nil,2-way,Sealed,0,0,0,0,100,0,On,0,0,,39,Manawatu District,Give way,1,0,0,0,0,0,Open,0,0,0,Fine,Null
1406354,4917194,3807,,603100,0,,0,2,,West,2008/2009,ST ANDREW ST,GEORGE ST,,Minor Crash,No,2009,,East,,0,,Flat,,,,,,Overcast,2902800,1,0,0,4,,,0,,,,,,Otago Region,Nil,2-way,Sealed,,0,0,,50,,Null,0,0,,71,Dunedin City,Traffic Signals,,,,,0,0,Urban,0,,,Fine,Null
1930746,5616614,3808,,547200,0,0,0,1,0,North,2009/2010,GLOUCESTER ST,MEEANEE ROAD,,Non-Injury Crash,No,2009,0,North,0,0,0,Flat,0,,0,,0,Bright sun,1459400,0,0,0,2,0,0,0,0,1,,0,0,Hawke's Bay Region,Nil,2-way,Sealed,0,0,0,0,50,0,Null,0,0,,31,Napier City,Nil,0,0,0,0,0,0,Urban,1,0,0,Fine,Null
1753872,5933600,3809,,508804,0,,0,2,,Null,2008/2009,GREVILLE ROAD,HUGH GREEN DRIVE,,Non-Injury Crash,No,2009,,West,,0,,Hill Road,,,,,,Bright sun,180605,0,0,0,4,,,0,,,,,,Auckland Region,Nil,2-way,Sealed,,0,0,,50,,Off,0,0,,76,Auckland,Traffic Signals,,,,,0,0,Urban,0,,,Fine,Null