X,Y,OBJECTID,advisorySpeed,areaUnitID,bicycle,bridge,bus,carStationWagon,cliffBank,crashDirectionDescription,crashFinancialYear,crashLocation1,crashLocation2,crashRoadSideRoad,crashSeverity,crashSHDescription,crashYear,debris,directionRoleDescription,ditch,fatalCount,fence,flatHill,guardRail,holiday,houseOrBuilding,intersection,kerb,light,meshblockId,minorInjuryCount,moped,motorcycle,NumberOfLanes,objectThrownOrDropped,otherObject,otherVehicleType,overBank,parkedVehicle,pedestrian,phoneBoxEtc,postOrPole,region,roadCharacter,roadLane,roadSurface,roadworks,schoolBus,seriousInjuryCount,slipOrFlood,speedLimit,strayAnimal,streetLight,suv,taxi,temporarySpeedLimit,tlaId,tlaName,trafficControl,trafficIsland,trafficSign,train,tree,truck,unknownVehicleType,urban,vanOrUtility,vehicle,waterRiver,weatherA,weatherB
1756895,5918812,3810,,515600,0,,0,2,,Null,2009/2010,NEWTON ROAD,DUNDONALD ST,,Non-Injury Crash,No,2009,,West,,0,,Hill Road,,,,,,Bright sun,420600,0,0,0,4,,,0,,,,,,Auckland Region,Nil,2-way,Sealed,,0,0,,50,,Off,0,0,,76,Auckland,Stop,,,,,0,0,Urban,0,,,Fine,Null
1764399,5912231,3811,,520500,0,,0,2,,Null,2008/2009,SH 1N,MT WGTN OFF NBD,,Non-Injury Crash,Yes,2009,,North,,0,,Flat,,,,,,Bright sun,639500,0,0,0,2,,,0,,,,,,Auckland Region,Nil,2-way,Sealed,,0,0,,100,,Off,0,0,,76,Auckland,Nil,,,,,0,0,Open,0,,,Fine,Null
1720019,6048074,3812,,502700,0,,0,2,,South,2009/2010,MILL ROAD,RADCLIFFE ST,,Non-Injury Crash,No,2009,,North,,0,,Flat,,,,,,Bright sun,91900,0,0,0,2,,,0,,,,,,Northland Region,Nil,2-way,Sealed,,0,0,,50,,Null,0,0,,2,Whangarei District,Nil,,,,,0,0,Urban,0,,,Fine,Null
1867418,5713282,3813,,541720,0,,0,2,,Null,2008/2009,HEUHEU ST,TITIRAUPENGA ST,,Non-Injury Crash,No,2009,,East,,0,,Flat,,Easter,,,,Dark,1273700,0,0,0,2,,,0,,,,,,Waikato Region,Nil,2-way,Sealed,,0,0,,50,,On,0,0,,21,Taupo District,Stop,,,,,0,0,Urban,0,,,Fine,Null
1873019,5818602,3814,,536514,0,,0,2,,Null,2009/2010,CAMBRIDGE ROAD,SH 29,,Non-Injury Crash,No,2009,,South,,0,,Flat,,,,,,Dark,1191203,0,0,0,2,,,0,,,,,,Bay of Plenty Region,Nil,2-way,Sealed,,0,0,,70,,On,0,0,,23,Tauranga City,Stop,,,,,0,0,Urban,0,,,Fine,Null
1408106,4919134,3815,,603210,0,0,0,1,1,Null,2008/2009,EVANS ST,CRAIGLEITH ST,,Serious Crash,No,2009,0,South,0,0,0,Hill Road,0,,0,,0,Overcast,2878500,2,0,0,2,0,0,0,0,0,,0,0,Otago Region,Nil,2-way,Sealed,0,0,2,0,50,0,Null,0,0,,71,Dunedin City,Nil,0,0,0,0,0,0,Urban,0,0,0,Fine,Null
1759799,5907502,3816,,524122,0,,0,2,,Null,2008/2009,BADER DRIVE,IDLEWILD AVENUE,,Non-Injury Crash,No,2009,,North,,0,,Hill Road,,,,,,Dark,739902,0,0,0,2,,,0,,,,,,Auckland Region,Nil,2-way,Sealed,,0,0,,50,,On,0,0,,76,Auckland,Give way,,,,,0,0,Urban,0,,,Fine,Null
1406128,4916528,3817,,603000,0,,0,1,,Null,2008/2009,RATTRAY ST,PRINCES ST,,Serious Crash,No,2009,,East,,0,,Flat,,,,,,Dark,2899600,0,0,0,2,,,0,,,1,,,Otago Region,Nil,2-way,Sealed,,0,1,,50,,On,0,0,,71,Dunedin City,Traffic Signals,,,,,0,0,Urban,0,,,Fine,Null
1799797,5814477,3818,,528900,0,,0,2,,Null,2008/2009,LAKE DOMAIN DRIVE,KILLARNEY ROAD,,Non-Injury Crash,No,2009,,North,,0,,Flat,,,,,,Dark,915103,0,0,0,2,,,0,,,,,,Waikato Region,Nil,2-way,Sealed,,0,0,,50,,On,0,0,,16,Hamilton City,Give way,,,,,0,0,Urban,0,,,Light rain,Null
1879444,5824706,3819,,538201,2,,0,1,,Null,2008/2009,WILLOW ST,HAMILTON ST,,Non-Injury Crash,No,2009,,South,,0,,Hill Road,,,,,,Bright sun,1163500,0,0,0,2,,,0,,,,,,Bay of Plenty Region,Nil,2-way,Sealed,,0,0,,50,,Null,0,0,,23,Tauranga City,Give way,,,,,0,0,Urban,0,,,Fine,Null
1763778,5913152,3820,,520500,0,,0,1,,Null,2008/2009,MOUNT WELLINGTON HIGHWAY,LONGFORD ST,,Non-Injury Crash,No,2009,,North,,0,,Flat,,,,,,Bright sun,637500,0,0,0,6,,,0,,,,,,Auckland Region,Nil,2-way,Sealed,,0,0,,50,,Off,0,0,,76,Auckland,Traffic Signals,,,,,1,0,Urban,0,,,Fine,Null
1768491,5911663,3821,,523112,0,,0,1,,Null,2009/2010,TI RAKAU DRIVE,TRUGOOD DRIVE,,Non-Injury Crash,No,2009,,North,,0,,Flat,,,,,,Overcast,711404,0,0,0,3,,,0,,,,,,Auckland Region,Nil,2-way,Sealed,,0,0,,70,,Null,1,0,,76,Auckland,Give way,,,,,0,0,Urban,0,,,Light rain,Null
1810467,5512842,3822,,564021,0,0,0,1,0,South,2008/2009,SH 57,VICTORIA ROAD,,Non-Injury Crash,Yes,2009,0,South,0,0,0,Flat,0,,0,,0,Dark,1853700,0,0,0,2,0,0,0,1,0,,0,0,Manawatū-Whanganui Region,Nil,2-way,Unsealed,0,0,0,0,100,0,None,0,0,50,42,Horowhenua District,Nil,0,0,0,0,0,0,Open,0,0,0,Light rain,Null
1765031,5904685,3823,,522100,0,,0,2,,Null,2008/2009,PUHINUI ROAD,KENDERDINE ROAD,,Non-Injury Crash,No,2009,,South,,0,,Flat,,,,,,Dark,660300,0,0,0,2,,,0,,,,,,Auckland Region,Nil,2-way,Sealed,,0,0,,50,,On,0,0,,76,Auckland,Stop,,,,,0,0,Urban,0,,,Heavy rain,Null
1760221,5913673,3824,,519900,0,0,0,2,0,North,2008/2009,RAWHITI ROAD,ORANGA AVENUE,,Non-Injury Crash,No,2009,0,East,0,0,0,Flat,0,,0,,0,Bright sun,603000,0,0,0,2,0,0,0,0,1,,0,0,Auckland Region,Nil,2-way,Sealed,0,0,0,0,50,0,Null,0,0,,76,Auckland,Unknown,0,0,0,0,0,0,Urban,0,0,0,Fine,Null
1798023,5818483,3825,,528403,0,,0,2,,South,2009/2010,TE RAPA ROAD,EUCLID AVENUE,,Non-Injury Crash,No,2009,,South,,0,,Flat,,,,,,Overcast,907900,0,0,0,4,,,0,,,,,,Waikato Region,Nil,2-way,Sealed,,0,0,,60,,Null,0,0,,16,Hamilton City,Unknown,,,,,0,0,Urban,0,,,Fine,Null
1756713,5913070,3826,,518702,0,,1,1,,Null,2008/2009,HILLSBOROUGH ROAD,CARR ROAD,,Non-Injury Crash,No,2009,,North,,0,,Hill Road,,,,,,Bright sun,568000,0,0,0,4,,,0,,,,,,Auckland Region,Nil,2-way,Sealed,,0,0,,50,,Off,0,0,,76,Auckland,Traffic Signals,,,,,0,0,Urban,0,,,Fine,Null
1730674,5939544,3827,,506800,0,,0,1,,West,2009/2010,RAUTAWHIRI ROAD,AWAROA ROAD,,Non-Injury Crash,No,2009,,West,,0,,Hill Road,,,,,,Bright sun,209701,0,0,0,2,,,0,,,,,,Auckland Region,Nil,2-way,Sealed,,0,0,,50,,Off,0,0,,76,Auckland,Nil,,,,,0,0,Urban,1,,,Fine,Null
1950118,5791298,3828,,542410,0,,0,2,,West,2008/2009,DOMAIN ROAD,RUSSELL ST,,Non-Injury Crash,No,2009,,East,,0,,Flat,,,,,,Bright sun,1307300,0,0,0,2,,,0,,,,,,Bay of Plenty Region,Nil,2-way,Sealed,,0,0,,50,,Off,0,0,,25,Whakatane District,Nil,,,,,0,0,Urban,0,,,Fine,Null
1769043,5911542,3829,,523107,0,,0,3,,Null,2009/2010,TI RAKAU DRIVE,HARRIS ROAD,,Non-Injury Crash,No,2009,,East,,0,,Flat,,,,,,Bright sun,711402,0,0,0,2,,,0,,,,,,Auckland Region,Nil,2-way,Sealed,,0,0,,50,,Off,0,0,,76,Auckland,Traffic Signals,,,,,0,0,Urban,0,,,Fine,Null
1826827,5885711,3830,,533502,0,0,0,1,0,Null,2009/2010,BRUNTON CRESCENT,PARAWAI ROAD,,Non-Injury Crash,No,2009,0,South,0,0,1,Flat,0,,0,,0,Dark,1055800,0,0,0,2,0,0,0,0,0,,0,0,Waikato Region,Nil,2-way,Sealed,0,0,0,0,50,0,On,0,0,,11,Thames-Coromandel District,Give way,0,0,0,0,0,0,Urban,0,0,0,Light rain,Null
1334762,5059676,3831,65,600831,0,,0,0,,South,2008/2009,SH 8,LONGSLIP CRK BR NO3,,Serious Crash,Yes,2009,,South,,0,,Flat,,,,,,Bright sun,2852100,0,0,1,2,,,0,,,,,,Canterbury Region,Nil,2-way,Sealed,,0,1,,100,,Null,0,0,,68,Waitaki District,Unknown,,,,,0,0,Open,0,,,Fine,Null
1770388,5910065,3832,,523109,0,,0,3,,North,2009/2010,CHAPEL ROAD,CARLINGFORD DRIVE,,Non-Injury Crash,No,2009,,North,,0,,Flat,,,,,,Overcast,712013,0,0,0,2,,,0,,,,,,Auckland Region,Nil,2-way,Sealed,,0,0,,70,,Off,0,0,,76,Auckland,Nil,,,,,0,0,Urban,0,,,Light rain,Null
1323586,5040811,3833,,608302,0,,0,1,,North,2009/2010,SH 8,TIMBURN ROAD,,Serious Crash,Yes,2009,,South,,0,,Flat,,,,,,Overcast,3028500,1,0,0,2,,,0,,,,,,Otago Region,Nil,2-way,Sealed,,0,1,,100,,Null,0,0,,69,Central Otago District,Unknown,,,,,0,0,Open,0,,,Light rain,Null
1753992,5917197,3834,,517600,0,,0,3,,North,2009/2010,NEW NORTH ROAD,ALBERTON AVENUE,,Non-Injury Crash,No,2009,,West,,0,,Hill Road,,,,,,Bright sun,534300,0,0,0,2,,,0,,,,,,Auckland Region,Nil,2-way,Sealed,,0,0,,50,,Off,0,0,,76,Auckland,Nil,,,,,0,0,Urban,0,,,Fine,Null
1756247,5919257,3835,,514200,0,,1,1,,Null,2008/2009,GREAT NORTH ROAD,PONSONBY ROAD,,Non-Injury Crash,No,2009,,South,,0,,Flat,,Easter,,,,Bright sun,411700,0,0,0,4,,,0,,,,,,Auckland Region,Nil,2-way,Sealed,,0,0,,50,,Null,0,0,,76,Auckland,Traffic Signals,,,,,0,0,Urban,0,,,Fine,Null
1377714,4902633,3836,,602500,0,,0,2,,Null,2008/2009,SH 1S,WAIPORI RIV BR,,Minor Crash,Yes,2009,,South,,0,,Flat,,,,,,Overcast,2975500,1,0,0,2,,,0,,,,,,Otago Region,Bridge,2-way,Sealed,,0,0,,100,,Null,0,0,,71,Dunedin City,Unknown,,,,,0,0,Open,0,,,Fine,Null
1719337,6045465,3837,,503100,0,,0,2,,Null,2009/2010,WALTON ST,BANK ST,,Non-Injury Crash,No,2009,,North,,0,,Flat,,,,,,Overcast,100400,0,0,0,2,,,0,,,,,,Northland Region,Nil,1-way,Sealed,,0,0,,50,,Off,0,0,,2,Whangarei District,Give way,,,,,0,0,Urban,0,,,Fine,Null
1761145,5915106,3838,,520201,0,,0,2,,South,2008/2009,MAIN HIGHWAY,ROBERT ST N,,Non-Injury Crash,No,2009,,South,,0,,Flat,,,,,,Bright sun,613500,0,0,0,2,,,0,,,,,,Auckland Region,Nil,2-way,Sealed,,0,0,,50,,Off,0,0,,76,Auckland,Traffic Signals,,,,,0,0,Urban,0,,,Fine,Null
1772130,5894189,3839,,525530,0,0,0,1,0,West,2008/2009,CHICHESTER DRIVE,JOANNE PLACE,,Non-Injury Crash,No,2009,0,North,0,0,0,Flat,0,,1,,0,Dark,804100,0,0,0,2,0,0,0,0,0,,0,0,Auckland Region,Nil,2-way,Sealed,0,0,0,0,50,0,On,0,0,,76,Auckland,Nil,0,0,0,0,0,0,Urban,0,0,0,Fine,Null
1879315,5825170,3840,,538201,0,,0,2,,Null,2008/2009,CHAPEL ST,SLIP ROAD,,Non-Injury Crash,No,2009,,South,,0,,Hill Road,,,,,,Dark,1163001,0,0,0,2,,,0,,,,,,Bay of Plenty Region,Nil,2-way,Sealed,,0,0,,50,,On,0,0,,23,Tauranga City,Give way,,,,,0,0,Urban,0,,,Light rain,Null
1785564,5747436,3841,,531731,0,,0,2,,East,2008/2009,SH 3,SH 4,,Non-Injury Crash,Yes,2009,,North,,0,,Flat,,,,,,Dark,1011100,0,0,0,2,,,0,,,,,,Waikato Region,Nil,2-way,Sealed,,0,0,,100,,None,0,0,,20,Waitomo District,Nil,,,,,0,0,Open,0,,,Fine,Null
1678861,5404508,3842,,581210,0,,0,0,,North,2008/2009,MCLAUCHLAN ST,PARKER ST,,Non-Injury Crash,No,2009,,South,,0,,Flat,,,,,,Bright sun,2293000,0,0,0,2,,,0,,,,,,Marlborough Region,Nil,2-way,Sealed,,0,0,,50,,Null,0,0,,53,Marlborough District,Nil,,,,,0,0,Urban,2,,,Fine,Null
1764927,5910803,3843,,521803,0,,0,3,,North,2009/2010,SH 1N,OTAHUHU OFF SBD,,Non-Injury Crash,Yes,2009,,South,,0,,Flat,,,,,,Bright sun,789700,0,0,0,3,,,0,,,,,,Auckland Region,Nil,1-way,Sealed,,0,0,,100,,Off,0,0,,76,Auckland,Nil,,,,,0,0,Open,0,,,Fine,Null
1768898,5900856,3844,,525001,0,,0,2,,North,2008/2009,GREAT SOUTH ROAD,ALFRISTON ROAD,,Non-Injury Crash,No,2009,,North,,0,,Flat,,,,,,Bright sun,751600,0,0,0,2,,,0,,,,,,Auckland Region,Nil,2-way,Sealed,,0,0,,50,,Null,0,0,,76,Auckland,Unknown,,,,,0,0,Urban,0,,,Fine,Null
1997422,5668969,3845,,545302,0,0,0,0,0,West,2009/2010,SH 2,WHAKAKI LAGOON ROAD,,Non-Injury Crash,Yes,2009,0,East,0,0,0,Flat,0,,0,,0,Dark,1398500,0,0,0,2,0,0,0,0,0,,0,0,Hawke's Bay Region,Nil,2-way,Sealed,0,0,0,0,100,0,None,1,0,,29,Wairoa District,Nil,0,0,0,0,0,0,Open,0,0,0,Fine,Null
1703912,6038870,3846,,501809,0,,0,1,,West,2008/2009,SH 14,WHATITIRI ROAD,,Non-Injury Crash,Yes,2009,,North,,0,,Hill Road,,,,,,Unknown,71800,0,0,0,2,,,0,,,,,,Northland Region,Nil,2-way,Sealed,,0,0,,100,,None,0,0,,2,Whangarei District,Nil,,,,,0,0,Open,0,,,Light rain,Null
1746340,5915031,3847,,511800,0,0,0,1,0,West,2009/2010,SUNGROVE RISE,SUNHILL ROAD,,Non-Injury Crash,No,2009,0,East,0,0,0,Hill Road,0,,0,,0,Dark,277400,0,0,0,2,0,0,0,0,1,,0,0,Auckland Region,Nil,2-way,Sealed,0,0,0,0,50,0,On,1,0,,76,Auckland,Nil,0,0,0,0,0,0,Urban,0,0,0,Fine,Null
1673576,6099671,3848,,501633,0,,0,1,,East,2008/2009,PUKETOTARA ROAD,WAIARE ROAD,,Non-Injury Crash,No,2009,,West,,0,,Flat,,,,,,Bright sun,33700,0,0,0,1,,,0,,,,,,Northland Region,Nil,2-way,Unsealed,,0,0,,100,,Null,0,0,,1,Far North District,Unknown,,,,,0,0,Open,0,,,Fine,Null
1728775,6027661,3849,,501811,0,0,0,1,0,North,2008/2009,SH 1N,PRESCOTT ROAD,,Non-Injury Crash,Yes,2009,0,North,0,0,0,Flat,0,,0,,0,Bright sun,78601,0,0,0,2,0,0,0,0,0,,0,1,Northland Region,Nil,2-way,Sealed,0,0,0,0,100,0,Off,0,0,,2,Whangarei District,Nil,0,0,0,0,0,0,Open,0,0,0,Fine,Null
1757131,5920717,3850,,514102,0,,0,2,,Null,2009/2010,WYNDHAM ST,HOBSON ST,,Non-Injury Crash,No,2009,,North,,0,,Flat,,,,,,Overcast,433305,0,0,0,2,,,0,,,,,,Auckland Region,Nil,2-way,Sealed,,0,0,,50,,Off,0,0,,76,Auckland,Traffic Signals,,,,,0,0,Urban,0,,,Fine,Null
1882838,5776461,3851,,539000,0,,1,0,,North,2008/2009,SH 5,OLD QUARRY ROAD,,Non-Injury Crash,Yes,2009,,North,,0,,Flat,,,,,,Bright sun,1220300,0,0,0,2,,,0,,,,,,Bay of Plenty Region,Nil,2-way,Sealed,,0,0,,60,,Null,0,0,,24,Rotorua District,Unknown,,,,,0,0,Urban,1,,,Fine,Null
1756518,5937459,3852,,506903,0,,0,2,,Null,2008/2009,BEACH ROAD,TOROA ST,,Non-Injury Crash,No,2009,,North,,0,,Flat,,,,,,Bright sun,169400,0,0,0,2,,,0,,,,,,Auckland Region,Nil,2-way,Sealed,,0,0,,50,,Off,0,0,,76,Auckland,Nil,,,,,0,0,Urban,0,,,Fine,Null
1802410,5815219,3853,,530200,0,,0,2,,Null,2008/2009,WILSON ST,PEACHGROVE ROAD,,Non-Injury Crash,No,2009,,West,,0,,Flat,,,,,,Bright sun,893400,0,0,0,2,,,0,,,,,,Waikato Region,Nil,2-way,Sealed,,0,0,,50,,Null,0,0,,16,Hamilton City,Give way,,,,,0,0,Urban,0,,,Fine,Null
1766384,5912863,3854,,522920,0,,0,2,,West,2008/2009,PAKURANGA HIGHWAY,TI RAKAU DRIVE,,Non-Injury Crash,No,2009,,East,,0,,Flat,,Easter,,,,Overcast,683900,0,0,0,4,,,0,,,,,,Auckland Region,Bridge,2-way,Sealed,,0,0,,80,,Off,1,0,,76,Auckland,Nil,,,,,0,0,Open,0,,,Light rain,Null
1769814,5914609,3855,,522722,0,,0,2,,North,2008/2009,AVIEMORE DRIVE,HIGHLAND PARK DRIVE,,Non-Injury Crash,No,2009,,South,,0,,Flat,,,,,,Dark,681308,0,0,0,2,,,0,,,,,,Auckland Region,Nil,2-way,Sealed,,0,0,,50,,On,0,0,,76,Auckland,Nil,,,,,0,0,Urban,0,,,Light rain,Null
1751809,5917427,3856,,514900,0,0,0,2,0,Null,2009/2010,GREAT NORTH ROAD,HERDMAN ST,,Non-Injury Crash,No,2009,0,North,0,0,0,Flat,0,,0,,0,Dark,385802,0,0,0,4,0,0,0,0,0,,0,0,Auckland Region,Nil,2-way,Sealed,0,0,0,0,50,0,On,0,0,,76,Auckland,Nil,0,0,0,0,0,0,Urban,0,1,0,Fine,Null
1802598,5791227,3857,,531001,0,0,0,1,0,West,2009/2010,ALEXANDRA ST,FACTORY ROAD,,Non-Injury Crash,No,2009,0,East,0,0,0,Flat,0,,0,,0,Dark,969201,0,0,0,2,0,0,0,0,1,,0,0,Waikato Region,Nil,2-way,Sealed,0,0,0,0,50,0,On,0,0,,17,Waipa District,Unknown,0,0,0,0,0,0,Urban,1,0,0,Fine,Null
1744776,5917939,3858,,510700,0,,0,2,,Null,2008/2009,STURGES ROAD,SWANSON ROAD,,Non-Injury Crash,No,2009,,North,,0,,Flat,,,,,,Bright sun,239501,0,0,0,2,,,0,,,,,,Auckland Region,Nil,2-way,Sealed,,0,0,,50,,Off,0,0,,76,Auckland,Traffic Signals,,,,,0,0,Urban,0,,,Fine,Null
1749602,5426104,3859,,573400,0,,0,2,,East,2008/2009,SH 1N,WEST PORTAL,,Non-Injury Crash,Yes,2009,,East,,0,,Flat,,,,,,Dark,2143300,0,0,0,2,,,0,,,,,,Wellington Region,Nil,2-way,Sealed,,0,0,,50,,On,0,0,,47,Wellington City,Nil,,,,,0,0,Urban,0,,,Light rain,Null
1751167,5915482,3860,,514401,0,,0,1,,Null,2009/2010,GREAT NORTH ROAD,ROSEBANK ROAD,,Non-Injury Crash,No,2009,,South,,0,,Flat,,,,,,Dark,381802,0,0,0,2,,,0,,,,,,Auckland Region,Nil,2-way,Sealed,,0,0,,50,,On,0,0,,76,Auckland,Traffic Signals,,,,,0,0,Urban,0,,,Fine,Null
1765063,5902837,3861,,524604,0,,0,2,,South,2008/2009,ROSCOMMON ROAD,WIRI STATION ROAD,,Non-Injury Crash,No,2009,,North,,0,,Flat,,,,,,Overcast,781200,0,0,0,4,,,0,,,,,,Auckland Region,Nil,2-way,Sealed,,0,0,,50,,Off,0,0,,76,Auckland,Traffic Signals,,,,,0,0,Urban,0,,,Fine,Null
1937078,5621509,3862,,546901,0,0,0,2,0,South,2008/2009,MARINE PARADE,TENNYSON ST,,Non-Injury Crash,No,2009,0,South,0,0,0,Flat,0,,0,,0,Bright sun,1428800,0,0,0,2,0,0,0,0,1,,0,0,Hawke's Bay Region,Nil,2-way,Sealed,0,0,0,0,50,0,Null,0,0,,31,Napier City,Nil,0,0,0,0,0,0,Urban,0,0,0,Fine,Null
1821932,5828680,3863,,534901,0,0,0,1,0,West,2008/2009,SH 26,AVENUE ROAD NORTH,,Non-Injury Crash,Yes,2009,0,West,1,0,0,Flat,0,,0,,0,Overcast,1090903,0,0,0,2,0,0,0,0,0,,0,0,Waikato Region,Nil,2-way,Sealed,0,0,0,0,70,0,Null,0,0,,15,Matamata-Piako District,Unknown,0,0,0,0,0,0,Urban,0,0,0,Fine,Null
1883769,5773069,3864,,540520,0,0,0,1,0,Null,2008/2009,YORK ST,SH 5,,Non-Injury Crash,Yes,2009,0,North,0,0,1,Flat,0,,0,,0,Overcast,1239402,0,0,0,2,0,0,0,0,0,,0,0,Bay of Plenty Region,Nil,2-way,Sealed,0,0,0,0,50,0,Null,0,0,,24,Rotorua District,Give way,0,0,0,1,0,0,Urban,0,0,0,Fine,Null
1285664,4887820,3865,,610210,0,0,0,1,1,West,2008/2009,CREWE ST,WAIMEA ST,,Non-Injury Crash,No,2009,0,West,0,0,0,Flat,0,,0,,0,Overcast,3063200,0,0,0,2,0,0,0,0,0,,0,0,Southland Region,Nil,2-way,Sealed,0,0,0,0,100,0,Null,0,0,,74,Gore District,Unknown,0,0,0,0,0,0,Open,0,0,0,Fine,Null
1564534,5182401,3866,,589602,0,,0,1,,South,2009/2010,FARNDALE PLACE,MERRIN ST,,Minor Crash,No,2009,,North,,0,,Flat,,,,,,Bright sun,2530200,1,0,0,2,,,0,,,,,,Canterbury Region,Nil,2-way,Sealed,,0,0,,50,,Null,0,0,,60,Christchurch City,Unknown,,,,,0,0,Urban,1,,,Fine,Null
1754030,5931358,3867,,508803,0,,0,2,,Null,2009/2010,SH 18,UPPER HWY OFF NBD,,Non-Injury Crash,Yes,2009,,North,,0,,Hill Road,,,,,,Dark,180818,0,0,0,3,,,0,,,,,,Auckland Region,Nil,1-way,Sealed,,0,0,,50,,On,0,0,,76,Auckland,Give way,,,,,0,0,Urban,0,,,Fine,Null
1756448,5927103,3868,,507900,0,,0,2,,South,2009/2010,SH 1N,NORTHCOTE OBR,,Non-Injury Crash,Yes,2009,,South,,0,,Flat,,,,,,Overcast,303502,0,0,0,3,,,0,,,,,,Auckland Region,Nil,2-way,Sealed,,0,0,,80,,Null,0,0,,76,Auckland,Unknown,,,,,0,0,Open,0,,,Fine,Null
1768493,5900663,3869,,525002,0,0,0,2,0,Null,2008/2009,WEYMOUTH ROAD,CHURCHILL AVENUE,,Non-Injury Crash,No,2009,0,North,0,0,0,Flat,0,,0,,0,Overcast,752900,0,0,0,2,0,0,0,0,0,,0,1,Auckland Region,Nil,2-way,Sealed,0,0,0,0,50,0,Off,0,0,,76,Auckland,Give way,0,0,0,0,0,0,Urban,0,0,0,Fine,Null
1759524,5916098,3870,,519200,0,,0,1,,Null,2009/2010,GREAT SOUTH ROAD,OTAHURI CRESCENT S,,Non-Injury Crash,No,2009,,North,,0,,Flat,,,,,,Bright sun,615900,0,0,0,2,,,0,,,,,,Auckland Region,Nil,2-way,Sealed,,0,0,,50,,Off,1,0,,76,Auckland,Stop,,,,,0,0,Urban,0,,,Fine,Null
1754030,5931358,3871,,508803,0,,0,2,,Null,2009/2010,UPPER HWY OFF NBD,SH 18 W,,Non-Injury Crash,Yes,2009,,North,,0,,Hill Road,,,,,,Overcast,180818,0,0,0,2,,,0,,,,,,Auckland Region,Nil,1-way,Sealed,,0,0,,50,,Null,0,0,,76,Auckland,Give way,,,,,0,0,Urban,0,,,Fine,Null
1797071,5819575,3872,,528403,0,,0,2,,North,2009/2010,TE RAPA ROAD,WAIRERE DRIVE,,Non-Injury Crash,No,2009,,South,,0,,Flat,,,,,,Bright sun,907401,0,0,0,4,,,0,,,,,,Waikato Region,Nil,2-way,Sealed,,0,0,,60,,Off,0,0,,16,Hamilton City,Traffic Signals,,,,,0,0,Urban,0,,,Fine,Null
1881135,5826900,3873,,536821,0,,0,2,,Null,2008/2009,TOTARA ST,MAUI ST,,Non-Injury Crash,No,2009,,North,,0,,Flat,,,,,,Overcast,1203900,0,0,0,2,,,0,,,,,,Bay of Plenty Region,Nil,2-way,Sealed,,0,0,,70,,Null,0,0,,23,Tauranga City,Traffic Signals,,,,,0,0,Urban,0,,,Fine,Null
1767431,5905867,3874,,522302,0,0,0,1,0,North,2008/2009,SH 1N,REAGAN OBR,,Non-Injury Crash,Yes,2009,0,North,0,0,0,Flat,0,,0,,0,Twilight,670902,0,0,0,3,0,0,0,0,0,,0,1,Auckland Region,Nil,1-way,Sealed,0,0,0,0,100,0,Off,0,0,,76,Auckland,Nil,0,0,0,0,0,0,Open,0,0,0,Fine,Null
1815941,5810121,3875,,527133,0,,0,2,,Null,2008/2009,SH 1B VICTORIA,SH 1B CHURCH,,Non-Injury Crash,Yes,2009,,North,,0,,Flat,,,,,,Overcast,958600,0,0,0,2,,,0,,,,,,Waikato Region,Nil,2-way,Sealed,,0,0,,100,,Null,0,0,,17,Waipa District,Give way,,,,,0,0,Open,0,,,Fine,Null
1727799,5922325,3876,,506654,0,,0,2,,West,2009/2010,WAITEA ROAD,OAIA ROAD,,Non-Injury Crash,No,2009,,West,,0,,Hill Road,,,,,,Bright sun,219002,0,0,0,2,,,0,,,,,,Auckland Region,Nil,2-way,Sealed,,0,0,,50,,None,0,0,,76,Auckland,Nil,,,,,0,0,Urban,0,,,Fine,Null
1760029,5918184,3877,,516102,0,0,0,1,0,North,2009/2010,STANDEN AVENUE,SCHERFF ROAD,,Non-Injury Crash,No,2009,0,North,0,0,0,Flat,0,Christmas New Year,0,,0,Bright sun,482700,0,0,0,2,0,0,0,0,1,,0,0,Auckland Region,Nil,2-way,Sealed,0,0,0,0,50,0,Null,0,0,,76,Auckland,Unknown,0,0,0,0,1,0,Urban,0,0,0,Fine,Null
1759026,5920539,3878,,514101,1,,0,1,,East,2009/2010,TAMAKI DRIVE,SH 16,,Non-Injury Crash,No,2009,,West,,0,,Flat,,,,,,Bright sun,438204,0,0,0,5,,,0,,,,,,Auckland Region,Nil,2-way,Sealed,,0,0,,50,,Off,0,0,,76,Auckland,Traffic Signals,,,,,0,0,Urban,0,,,Fine,Null
1693336,6056100,3879,,501802,0,0,0,1,1,West,2009/2010,PIPIWAI ROAD,WRIGHT ROAD,,Non-Injury Crash,No,2009,0,East,1,0,0,Flat,0,,0,,0,Bright sun,68400,0,0,0,2,0,0,0,0,0,,0,0,Northland Region,Nil,2-way,Sealed,0,0,0,0,100,0,None,0,0,,2,Whangarei District,Nil,0,0,0,0,0,0,Open,0,0,0,Fine,Null
1927799,5781199,3880,,542600,0,,0,2,,South,2008/2009,SH 34,ONEPU SPRING ROAD,,Non-Injury Crash,Yes,2009,,North,,0,,Flat,,,,,,Bright sun,1324601,0,0,0,2,,,0,,,,,,Bay of Plenty Region,Nil,2-way,Sealed,,0,0,,100,,None,0,0,,26,Kawerau District,Nil,,,,,0,0,Open,0,,,Fine,Null
1755671,5922469,3881,,509800,0,,0,1,,Null,2009/2010,SH 1N,TOP OF HARBOUR BRIDGE,,Non-Injury Crash,Yes,2009,,South,,0,,Hill Road,,,,,,Bright sun,359300,0,0,0,2,,,0,,,,,,,Bridge,1-way,Sealed,,0,0,,80,,Off,1,0,,76,Auckland,Nil,,,,,0,0,Open,0,,,Fine,Null