X,Y,OBJECTID,advisorySpeed,areaUnitID,bicycle,bridge,bus,carStationWagon,cliffBank,crashDirectionDescription,crashFinancialYear,crashLocation1,crashLocation2,crashRoadSideRoad,crashSeverity,crashSHDescription,crashYear,debris,directionRoleDescription,ditch,fatalCount,fence,flatHill,guardRail,holiday,houseOrBuilding,intersection,kerb,light,meshblockId,minorInjuryCount,moped,motorcycle,NumberOfLanes,objectThrownOrDropped,otherObject,otherVehicleType,overBank,parkedVehicle,pedestrian,phoneBoxEtc,postOrPole,region,roadCharacter,roadLane,roadSurface,roadworks,schoolBus,seriousInjuryCount,slipOrFlood,speedLimit,strayAnimal,streetLight,suv,taxi,temporarySpeedLimit,tlaId,tlaName,trafficControl,trafficIsland,trafficSign,train,tree,truck,unknownVehicleType,urban,vanOrUtility,vehicle,waterRiver,weatherA,weatherB
1751488,5434768,3882,,573700,0,,0,2,,North,2009/2010,JOHNSONVILLE ROAD,BRODERICK ROAD,,Non-Injury Crash,No,2009,,South,,0,,Flat,,,,,,Bright sun,2082800,0,0,0,2,,,0,,,,,,Wellington Region,Nil,2-way,Sealed,,0,0,,50,,Null,0,0,,47,Wellington City,Nil,,,,,0,0,Urban,0,,,Fine,Null
1426692,4990498,3883,,600826,0,0,0,1,0,South,2008/2009,SH 1S,WOODBURN ROAD,,Minor Crash,Yes,2009,0,North,0,0,0,Flat,0,,0,,0,Overcast,2833000,1,0,0,2,0,0,0,0,0,,0,0,Otago Region,Nil,2-way,Sealed,0,0,0,0,100,0,Null,0,0,,68,Waitaki District,Unknown,0,0,0,1,0,0,Open,0,0,0,Light rain,Null
1759892,5908764,3884,,524403,0,0,0,1,0,Null,2009/2010,WALMSLEY ROAD,WALMSLEY OFF SBD,,Non-Injury Crash,Yes,2009,0,South,0,0,0,Flat,0,,0,,1,Dark,729800,0,0,0,4,0,0,0,0,0,,0,0,Auckland Region,Motorway ramp,2-way,Sealed,0,0,0,0,50,0,On,0,0,,76,Auckland,Traffic Signals,0,0,0,0,0,0,Urban,0,0,0,Mist or Fog,Null
1459322,5080126,3885,,598201,0,,1,1,,Null,2009/2010,BEACONSFIELD ROAD,ROCKDALE ROAD,,Serious Crash,No,2009,,West,,0,,Flat,,,,,,Bright sun,2777100,1,0,0,2,,,0,,,,,,Canterbury Region,Nil,2-way,Sealed,,1,1,,80,,Null,0,0,,64,Timaru District,Give way,,,,,0,0,Open,0,,,Fine,Null
1799716,5795783,3886,,527924,0,,0,0,,South,2008/2009,PATERANGI ROAD,SING ROAD,,Non-Injury Crash,No,2009,,South,,0,,Flat,,Queens Birthday,,,,Dark,981100,0,0,0,2,,,0,,,,,,Waikato Region,Nil,2-way,Sealed,,0,0,,100,,None,0,0,,17,Waipa District,Unknown,,,,,0,0,Open,1,,,Light rain,Null
1882809,5774063,3887,,539600,0,,0,1,,Null,2009/2010,SUNSET ROAD,WRIGLEY ROAD,,Non-Injury Crash,No,2009,,East,,0,,Flat,,,,,,Bright sun,1227800,0,0,0,2,,,0,,,,,,Bay of Plenty Region,Nil,2-way,Sealed,,0,0,,50,,Null,0,0,,24,Rotorua District,Give way,,,,,0,0,Urban,1,,,Fine,Null
1757787,5918534,3888,,514302,0,,0,2,,West,2009/2010,KHYBER PASS ROAD,PARK ROAD,,Non-Injury Crash,No,2009,,East,,0,,Flat,,,,,,Overcast,442100,0,0,0,3,,,0,,,,,,Auckland Region,Nil,2-way,Sealed,,0,0,,50,,Null,0,0,,76,Auckland,Traffic Signals,,,,,0,0,Urban,0,,,Fine,Null
1406363,4922690,3889,,601603,0,0,0,1,1,North,2009/2010,LEITH VALLEY ROAD,THOMPSON ROAD,,Minor Crash,No,2009,0,South,0,0,0,Hill Road,0,,0,,0,Bright sun,2863400,1,0,0,2,0,0,0,0,0,,0,0,Otago Region,Nil,2-way,Unsealed,0,0,0,0,100,0,Null,0,0,,71,Dunedin City,Unknown,0,0,0,0,0,0,Open,0,0,0,Fine,Null
1763994,5906435,3890,,524303,0,,0,2,,South,2009/2010,STATION ROAD,ASHLYNNE AVENUE,,Non-Injury Crash,No,2009,,East,,0,,Flat,,,,,,Bright sun,657300,0,0,0,2,,,0,,,,,,Auckland Region,Nil,2-way,Sealed,,0,0,,50,,Off,0,0,,76,Auckland,Nil,,,,,0,0,Urban,1,,,Fine,Null
1754626,5924976,3891,,509800,0,0,0,1,0,North,2009/2010,KAURI GLEN ROAD,ONEWA ROAD,,Non-Injury Crash,No,2009,0,North,0,0,0,Hill Road,0,,0,,0,Bright sun,361400,0,0,0,2,0,0,0,0,1,,0,0,Auckland Region,Nil,2-way,Sealed,0,0,0,0,50,0,Off,1,0,,76,Auckland,Nil,0,0,0,0,0,0,Urban,0,0,0,Fine,Null
1756431,5919478,3892,,514000,0,0,0,0,0,North,2009/2010,HOWE ST,KARANGAHAPE ROAD,,Non-Injury Crash,No,2009,0,North,0,0,1,Hill Road,0,,0,,0,Dark,413900,0,0,0,2,0,0,0,0,0,,0,0,Auckland Region,Nil,2-way,Sealed,0,0,0,0,50,0,On,0,0,,76,Auckland,Nil,1,0,0,0,0,0,Urban,1,0,0,Light rain,Null
1770068,5917126,3893,,522601,0,,0,2,,Null,2008/2009,BUCKLANDS BEACH ROAD,TAKUTAI AVENUE,,Non-Injury Crash,No,2009,,South,,0,,Hill Road,,,,,,Dark,676602,0,0,0,2,,,0,,,,,,Auckland Region,Nil,2-way,Sealed,,0,0,,50,,On,0,0,,76,Auckland,Nil,,,,,0,0,Urban,0,,,Fine,Null
1770394,5909074,3894,,523114,0,,0,2,,North,2009/2010,MIDDLEFIELD DRIVE,GRACECHURCH DRIVE,,Non-Injury Crash,No,2009,,East,,0,,Flat,,,,,,Overcast,712104,0,0,0,2,,,0,,,,,,Auckland Region,Nil,2-way,Sealed,,0,0,,50,,Off,0,0,,76,Auckland,Nil,,,,,0,0,Urban,0,,,Light rain,Null
1806294,5787874,3895,,527700,0,,0,1,,Null,2008/2009,FLAT ROAD,HERBERT ST,,Non-Injury Crash,No,2009,,North,,0,,Flat,,,,,,Overcast,989902,0,0,0,2,,,0,,,,,,Waikato Region,Nil,2-way,Sealed,,0,0,,50,,Null,0,0,,17,Waipa District,Stop,,,,,1,0,Urban,0,,,Fine,Null
1770196,5911005,3896,,523113,0,,0,2,,Null,2009/2010,TE IRIRANGI DRIVE,TE KOHA ROAD,,Non-Injury Crash,No,2009,,South,,0,,Flat,,,,,,Overcast,711718,0,0,0,4,,,0,,,,,,Auckland Region,Nil,2-way,Sealed,,0,0,,70,,Off,0,0,,76,Auckland,Traffic Signals,,,,,0,0,Urban,0,,,Fine,Null
1765938,5898285,3897,,524812,0,,0,2,,North,2009/2010,EVANS ROAD,ESTUARY ROAD,,Non-Injury Crash,No,2009,,South,,0,,Flat,,,,,,Bright sun,773100,0,0,0,2,,,0,,,,,,Auckland Region,Nil,2-way,Sealed,,0,0,,50,,Off,0,0,,76,Auckland,Give way,,,,,0,0,Urban,0,,,Fine,Null
1572164,5178214,3898,,594300,0,,0,2,,Null,2009/2010,SH 76,OPAWA ROAD,,Minor Crash,Yes,2009,,East,,0,,Flat,,,,,,Bright sun,2583801,1,0,0,4,,,0,,,,,,Canterbury Region,Nil,2-way,Sealed,,0,0,,60,,Null,0,0,,60,Christchurch City,Traffic Signals,,,,,0,0,Urban,0,,,Fine,Null
1820573,5531326,3899,,562100,0,,0,2,,Null,2008/2009,SH 3,JOHN F KENNEDY DRIVE,,Non-Injury Crash,Yes,2009,,North,,0,,Flat,,,,,,Dark,1837906,0,0,0,2,,,0,,,,,,Manawatū-Whanganui Region,Nil,2-way,Sealed,,0,0,,50,,On,0,0,,40,Palmerston North City,Traffic Signals,,,,,0,0,Urban,0,,,Fine,Null
1798954,5815214,3900,,529000,0,,0,2,,South,2008/2009,SH 1N,WEST ST,,Non-Injury Crash,Yes,2009,,North,,0,,Flat,,,,,,Overcast,917400,0,0,0,4,,,0,,,,,,Waikato Region,Nil,2-way,Sealed,,0,0,,60,,Null,0,0,,16,Hamilton City,Unknown,,,,,0,0,Urban,0,,,Fine,Null
1882191,5774882,3901,,539400,0,0,0,2,0,Null,2009/2010,CLAYTON ROAD,MAY ROAD,,Non-Injury Crash,No,2009,0,East,0,0,1,Flat,0,,0,,0,Overcast,1224401,0,0,0,2,0,0,0,0,0,,0,0,Bay of Plenty Region,Nil,2-way,Sealed,0,0,0,0,50,0,Null,0,0,,24,Rotorua District,Give way,0,0,0,0,0,0,Urban,0,0,0,Light rain,Null
1751373,5877345,3902,,521151,0,0,0,1,0,North,2009/2010,AWHITU ROAD,MARAE O REHIA ROAD,,Non-Injury Crash,No,2009,0,North,1,0,0,Flat,0,,0,,0,Bright sun,831200,0,0,0,2,0,0,0,0,0,,0,0,Auckland Region,Nil,2-way,Sealed,0,0,0,0,100,0,None,0,0,,76,Auckland,Nil,0,0,0,0,0,0,Open,0,0,0,Fine,Null
1680204,5402186,3903,,581250,0,0,0,1,0,Null,2009/2010,ALABAMA ROAD,REDWOOD ST,,Non-Injury Crash,No,2009,0,North,0,0,0,Flat,0,,0,,0,Twilight,2303600,0,0,0,2,0,0,0,0,0,,0,1,Marlborough Region,Nil,2-way,Sealed,0,0,0,0,50,0,On,0,0,,53,Marlborough District,Give way,0,0,0,0,0,0,Urban,0,0,0,Fine,Null
1623569,6114874,3904,,500302,0,,0,2,,Null,2008/2009,PUKEPOTO ROAD,GRIGG STREET,,Non-Injury Crash,No,2009,,South,,0,,Flat,,,,,,Overcast,13400,0,0,0,2,,,0,,,,,,Northland Region,Nil,2-way,Sealed,,0,0,,50,,Off,0,0,,1,Far North District,Give way,,,,,0,0,Urban,0,,,Light rain,Null
1753511,5932739,3905,,508805,0,0,0,0,0,South,2008/2009,SH 1N,GREVILLE OBR,,Non-Injury Crash,Yes,2009,0,South,0,0,0,Flat,1,,0,,0,Overcast,180866,0,0,0,2,0,0,0,0,0,,0,0,Auckland Region,Nil,1-way,Sealed,0,0,0,0,100,0,Off,2,0,,76,Auckland,Nil,0,0,0,0,0,0,Open,0,0,0,Mist or Fog,Null
1799763,5816532,3906,,529700,0,,0,1,,Null,2008/2009,ULSTER ST,EDGECUMBE ST,,Non-Injury Crash,No,2009,,East,,0,,Flat,,,,,,Bright sun,908900,0,0,0,4,,,0,,,,,,Waikato Region,Nil,2-way,Sealed,,0,0,,60,,Null,1,0,,16,Hamilton City,Give way,,,,,0,0,Urban,0,,,Fine,Null
1755014,5914432,3907,,518500,0,,0,1,,Null,2009/2010,MAY ROAD,MOUNT ALBERT ROAD,,Non-Injury Crash,No,2009,,North,,0,,Hill Road,,,,,,Overcast,560900,0,0,0,2,,,0,,,,,,Auckland Region,Nil,2-way,Sealed,,0,0,,50,,Off,1,0,,76,Auckland,Stop,,,,,0,0,Urban,0,,,Fine,Null
1758446,5918122,3908,,517400,0,0,1,1,0,North,2008/2009,BROADWAY,REMUERA ROAD,,Non-Injury Crash,No,2009,0,North,0,0,0,Flat,0,,0,,0,Overcast,451300,0,0,0,4,0,0,0,0,0,,0,0,Auckland Region,Nil,2-way,Sealed,0,0,0,0,50,0,Off,0,1,,76,Auckland,Nil,0,0,0,0,0,0,Urban,0,1,0,Fine,Null
1561912,5176739,3909,,587830,0,,0,0,,Null,2009/2010,SPRINGS ROAD,HALSWELL JUNCTION ROAD,,Minor Crash,Yes,2009,,East,,0,,Flat,,,,,,Overcast,2499000,2,0,0,2,,,0,,,,,,Canterbury Region,Nil,2-way,Sealed,,0,0,,70,,Null,0,0,,60,Christchurch City,Give way,,,,,2,0,Urban,0,,,Fine,Null
1857515,5842455,3910,,536614,0,0,0,1,1,South,2009/2010,SH 2,WOODLAND ROAD,,Non-Injury Crash,Yes,2009,0,South,1,0,0,Hill Road,0,,0,,0,Overcast,1181703,0,0,0,2,0,0,0,0,0,,0,0,Bay of Plenty Region,Nil,2-way,Sealed,0,0,0,0,100,0,Null,0,0,,22,Western Bay of Plenty District,Unknown,0,0,0,0,0,0,Open,0,0,0,Light rain,Null
1804496,5813729,3911,,530800,0,,0,1,,Null,2008/2009,SH 26,SH 1N,,Non-Injury Crash,Yes,2009,,West,,0,,Flat,,,,,,Overcast,884300,0,0,0,4,,,0,,,,,,Waikato Region,Nil,2-way,Sealed,,0,0,,50,,Null,1,0,,16,Hamilton City,Give way,,,,,0,0,Urban,0,,,Fine,Null
1693013,6001126,3912,,504800,0,,0,0,,West,2009/2010,SH 12,ROBERTSON ROAD,,Non-Injury Crash,Yes,2009,,East,,0,,Flat,,,,,,Dark,127300,0,0,0,2,,,0,,,,,,Northland Region,Nil,2-way,Sealed,,0,0,,70,,On,1,0,,3,Kaipara District,Unknown,,,,,0,0,Urban,0,,,Light rain,Null
1884185,5825244,3913,,536831,0,,0,2,,North,2008/2009,SH 2,GIRVEN ROAD,,Non-Injury Crash,Yes,2009,,South,,0,,Flat,,,,,,Overcast,1204403,0,0,0,4,,,0,,,,,,Bay of Plenty Region,Nil,2-way,Sealed,,0,0,,70,,Null,0,0,,23,Tauranga City,Give way,,,,,0,0,Urban,0,,,Fine,Null
1752205,5913554,3914,,514500,0,,0,2,,Null,2009/2010,MARGATE ROAD,MULGAN ST,,Non-Injury Crash,No,2009,,West,,0,,Hill Road,,,,,,Bright sun,374500,0,0,0,2,,,0,,,,,,Auckland Region,Nil,2-way,Sealed,,0,0,,50,,Off,0,0,,76,Auckland,Stop,,,,,0,0,Urban,0,,,Fine,Null
1753516,5917311,3915,,517800,0,,0,2,,Null,2008/2009,ASQUITH AVENUE,ROSSGROVE TERRACE,,Non-Injury Crash,No,2009,,South,,0,,Flat,,,,,,Dark,526700,0,0,0,2,,,0,,,,,,Auckland Region,Nil,2-way,Sealed,,0,0,,30,,On,0,0,,76,Auckland,Give way,,,,,0,0,Urban,0,,,Fine,Null
1972299,5786576,3916,,542906,0,0,0,1,1,East,2008/2009,SH 2,PAERATA RIDGE ROAD,,Non-Injury Crash,Yes,2009,0,North,0,0,0,Flat,0,,0,,0,Overcast,1337501,0,0,0,2,0,0,0,0,0,,0,0,Bay of Plenty Region,Nil,2-way,Sealed,0,0,0,0,100,0,Off,0,0,,27,Ōpōtiki District,Nil,0,0,0,0,0,0,Open,0,0,0,Fine,Null
1913658,5738240,3917,,542550,0,0,0,1,0,West,2009/2010,SH 38,KOPURIKI ROAD,,Non-Injury Crash,Yes,2009,0,East,1,0,0,Flat,0,,0,,0,Dark,1280400,0,0,0,2,0,0,0,0,0,,0,0,Bay of Plenty Region,Nil,2-way,Sealed,0,0,0,0,100,0,None,0,0,,25,Whakatane District,Unknown,0,0,0,0,0,0,Open,0,0,0,Fine,Null
1851352,5905146,3918,35,533200,0,0,0,1,0,East,2009/2010,SH 25,PAUL ROAD,,Non-Injury Crash,Yes,2009,0,North,0,0,0,Hill Road,0,,0,,0,Bright sun,1048002,0,0,0,2,0,0,0,1,0,,0,0,Waikato Region,Nil,2-way,Sealed,0,0,0,0,100,0,Null,0,0,,11,Thames-Coromandel District,Unknown,0,0,0,1,0,0,Open,0,0,0,Fine,Null
1751118,5947511,3919,,505807,0,0,0,0,0,North,2009/2010,HIBISCUS COAST HIGHWAY,VERONICA CLOSE,,Non-Injury Crash,No,2009,0,West,0,0,1,Hill Road,0,,0,,0,Bright sun,172605,0,0,0,2,0,0,0,0,0,,0,0,Auckland Region,Nil,2-way,Sealed,0,0,0,0,50,0,Off,0,0,,76,Auckland,Nil,0,0,0,0,1,0,Urban,0,0,0,Fine,Null
1770543,5912714,3920,,523101,0,,0,1,,Null,2008/2009,BOTANY ROAD,CASCADES ROAD,,Non-Injury Crash,No,2009,,East,,0,,Flat,,,,,,Overcast,710517,0,0,0,4,,,0,,,,,,Auckland Region,Nil,2-way,Sealed,,0,0,,50,,Null,0,0,,76,Auckland,Traffic Signals,,,,,1,0,Urban,0,,,Fine,Null
1769855,5907851,3921,,523713,0,,0,2,,South,2009/2010,CHAPEL ROAD,STANCOMBE ROAD,,Non-Injury Crash,No,2009,,North,,0,,Flat,,,,,,Bright sun,712302,0,0,0,2,,,0,,,,,,Auckland Region,Nil,2-way,Sealed,,0,0,,70,,Off,0,0,,76,Auckland,Nil,,,,,0,0,Urban,0,,,Fine,Null
1699770,6001927,3922,,505010,0,0,0,1,0,West,2008/2009,SH 12,BELLAMY ROAD,,Non-Injury Crash,Yes,2009,0,East,0,0,1,Flat,0,,0,,0,Bright sun,128100,0,0,0,2,0,0,0,0,0,,0,0,Northland Region,Nil,2-way,Sealed,0,0,0,0,100,0,Null,0,0,,3,Kaipara District,Unknown,0,0,0,0,0,0,Open,0,0,0,Fine,Null
1773926,5873391,3923,,521115,0,0,0,1,0,Null,2009/2010,WHANGARATA ROAD,BOLLARD ROAD,,Non-Injury Crash,No,2009,0,West,0,0,0,Flat,0,,0,,0,Overcast,828900,0,0,0,2,0,0,0,0,0,,0,1,Waikato Region,Nil,2-way,Sealed,0,0,0,0,100,0,Null,0,0,,13,Waikato District,Give way,0,0,0,0,0,0,Open,0,0,0,Light rain,Null
1403850,4913490,3924,,604210,0,,0,1,,Null,2009/2010,CORSTORPHINE ROAD,CRAMMOND AVENUE,,Serious Crash,No,2009,,North,,0,,Hill Road,,,,,,Overcast,2911600,0,0,1,2,,,0,,,,,,Otago Region,Nil,2-way,Sealed,,0,1,,50,,Null,0,0,,71,Dunedin City,Give way,,,,,0,0,Urban,0,,,Fine,Null
1826495,5692343,3925,,532502,0,0,0,1,1,East,2009/2010,SH 41,MOERANGI ROAD,,Non-Injury Crash,Yes,2009,0,West,1,0,0,Hill Road,0,,0,,0,Dark,1028802,0,0,0,2,0,0,0,0,0,,0,0,Waikato Region,Nil,2-way,Sealed,0,0,0,0,100,0,None,0,0,,21,Taupo District,Unknown,0,0,0,0,0,0,Open,0,0,0,Fine,Null
1769961,5913201,3926,,523101,0,,0,2,,Null,2008/2009,AVIEMORE DRIVE,BRADBURY ROAD,,Non-Injury Crash,No,2009,,South,,0,,Hill Road,,Queens Birthday,,,,Overcast,681323,0,0,0,2,,,0,,,,,,Auckland Region,Nil,2-way,Sealed,,0,0,,60,,Null,0,0,,76,Auckland,Give way,,,,,0,0,Urban,0,,,Light rain,Null
1757683,5921014,3927,,514101,0,0,0,1,0,West,2009/2010,QUAY ST,COMMERCE ST,,Non-Injury Crash,No,2009,0,West,0,0,0,Flat,0,,0,,0,Bright sun,437902,0,0,0,4,0,0,0,0,0,,0,0,Auckland Region,Nil,2-way,Sealed,0,0,0,0,50,0,Off,0,0,,76,Auckland,Nil,0,0,0,0,0,0,Urban,1,1,0,Fine,Null
1881739,5774165,3928,,539320,0,,0,2,,Null,2009/2010,EDMUND ROAD,HOMEDALE ST,,Non-Injury Crash,No,2009,,North,,0,,Hill Road,,,,,,Overcast,1230723,0,0,0,2,,,0,,,,,,Bay of Plenty Region,Nil,2-way,Sealed,,0,0,,50,,Off,0,0,,24,Rotorua District,Give way,,,,,0,0,Urban,0,,,Fine,Null
1789214,5754881,3929,,532000,0,,0,2,,South,2009/2010,RORA ST,KING ST,,Non-Injury Crash,No,2009,,North,,0,,Flat,,,,,,Bright sun,1005500,0,0,0,2,,,0,,,,,,Waikato Region,Nil,2-way,Sealed,,0,0,,50,,Off,0,0,,20,Waitomo District,Nil,,,,,0,0,Urban,0,,,Fine,Null
1765631,5907035,3930,,522301,0,,0,1,,East,2009/2010,EAST TAMAKI ROAD,GREAT SOUTH ROAD,,Non-Injury Crash,No,2009,,West,,0,,Flat,,,,,,Overcast,666200,0,0,0,4,,,0,,,,,,Auckland Region,Nil,2-way,Sealed,,0,0,,50,,Off,1,0,,76,Auckland,Nil,,,,,0,0,Urban,0,,,Light rain,Null
1757988,5434292,3931,,570000,0,,0,1,,Null,2009/2010,CUBA ST,JACKSON ST,,Non-Injury Crash,No,2009,,North,,0,,Flat,,,,,,Overcast,2027400,0,0,0,2,,,0,,,,,,Wellington Region,Nil,2-way,Sealed,,0,0,,50,,Null,0,0,,46,Lower Hutt City,Traffic Signals,,,,,0,0,Urban,1,,,Light rain,Null
1765290,5586916,3932,,555400,0,,0,0,,North,2009/2010,SH 3,KAI IWI VALLEY ROAD,,Minor Crash,Yes,2009,,West,,0,,Flat,,,,,,Dark,1680503,2,0,0,2,,,0,,,,,,Manawatū-Whanganui Region,Nil,2-way,Sealed,,0,0,,100,,On,0,0,,37,Whanganui District,Nil,,,,,1,0,Open,0,,,Fine,Null
1755778,5921173,3933,,515202,0,,0,0,,North,2009/2010,SH 1N,FANSHAWE OFF SBD,,Non-Injury Crash,Yes,2009,,South,,0,,Flat,,,,,,Overcast,425600,0,0,0,4,,,0,,,,,,Auckland Region,Nil,1-way,Sealed,,0,0,,80,,Off,0,0,,76,Auckland,Nil,,,,,1,0,Open,1,,,Light rain,Null
1884589,5773906,3934,,540410,0,,0,2,,Null,2008/2009,RANOLF ST,HINEMOA ST,,Non-Injury Crash,No,2009,,South,,0,,Flat,,,,,,Overcast,1232300,0,0,0,2,,,0,,,,,,Bay of Plenty Region,Nil,2-way,Sealed,,0,0,,50,,Null,0,0,,24,Rotorua District,Give way,,,,,0,0,Urban,0,,,Heavy rain,Null
2036947,5708191,3935,,544600,0,,0,2,,North,2009/2010,GREY ST,KAHUTIA ST,,Non-Injury Crash,No,2009,,North,,0,,Flat,,,,,,Bright sun,1373200,0,0,0,2,,,0,,,,,,Gisborne Region,Nil,2-way,Sealed,,0,0,,50,,Null,0,0,,28,Gisborne District,Nil,,,,,0,0,Urban,0,,,Fine,Null
1767892,5911916,3936,,522910,0,,0,2,,Null,2009/2010,GOSSAMER DRIVE,TI RAKAU DRIVE,,Non-Injury Crash,No,2009,,North,,0,,Flat,,,,,,Bright sun,687700,0,0,0,2,,,0,,,,,,Auckland Region,Nil,2-way,Sealed,,0,0,,50,,Null,0,0,,76,Auckland,Give way,,,,,0,0,Urban,0,,,Fine,Null
1758149,5917882,3937,,515700,0,,0,2,,Null,2008/2009,GILLIES OFF SBD,GILLIES AVENUE,,Non-Injury Crash,Yes,2009,,South,,0,,Hill Road,,,,,,Overcast,443300,0,0,0,2,,,0,,,,,,Auckland Region,Nil,1-way,Sealed,,0,0,,50,,Off,0,0,,76,Auckland,Traffic Signals,,,,,0,0,Urban,0,,,Fine,Null
1951538,5790811,3938,,542440,0,0,0,2,0,West,2008/2009,APPENZELL DRIVE,THE FAIRWAY,,Non-Injury Crash,No,2009,0,North,0,0,0,Flat,0,,0,,0,Bright sun,1305903,0,0,0,2,0,0,0,0,1,,0,0,Bay of Plenty Region,Nil,2-way,Sealed,0,0,0,0,50,0,Null,0,0,,25,Whakatane District,Unknown,0,0,0,0,0,0,Urban,0,0,0,Fine,Null
1756532,5920278,3939,,514102,0,,0,0,,Null,2009/2010,SAM WRIGLEY ST,COOK ST,,Non-Injury Crash,No,2009,,East,,0,,Flat,,,,,,Dark,432700,0,0,1,2,,,0,,,,,,Auckland Region,Nil,1-way,Sealed,,0,0,,50,,On,0,0,,76,Auckland,Stop,,,,,0,0,Urban,0,,,Null,Null
1802981,5808770,3940,,527810,0,,0,2,,Null,2009/2010,SH 3,RAYNES ROAD,,Non-Injury Crash,Yes,2009,,South,,0,,Flat,,,,,,Overcast,984600,0,0,0,2,,,0,,,,,,Waikato Region,Nil,2-way,Sealed,,0,0,,100,,None,0,0,,16,Hamilton City,Stop,,,,,0,0,Open,0,,,Heavy rain,Null
1756063,5931253,3941,,508520,0,0,0,2,0,South,2008/2009,EAST COAST ROAD,SUNNYNOOK ROAD,,Non-Injury Crash,No,2009,0,South,0,0,0,Flat,0,,0,,0,Bright sun,148704,0,0,0,2,0,0,0,0,1,,0,0,Auckland Region,Nil,2-way,Sealed,0,0,0,0,50,0,Null,0,0,,76,Auckland,Unknown,0,0,0,0,0,0,Urban,0,0,0,Fine,Null
1747803,5930448,3942,,509000,0,0,0,1,0,North,2008/2009,PAREMOREMO ROAD,ATTWOOD ROAD,,Non-Injury Crash,No,2009,0,North,0,0,0,Flat,0,Easter,0,,0,Overcast,179701,0,0,0,2,0,0,0,0,0,,0,0,Auckland Region,Nil,2-way,Sealed,0,0,0,0,80,0,Null,0,0,,76,Auckland,Unknown,0,0,0,1,0,0,Open,0,0,0,Light rain,Null
1759642,5914498,3943,,519400,0,,1,1,,Null,2008/2009,CAMPBELL ROAD,HOROTUTU ROAD,,Non-Injury Crash,No,2009,,South,,0,,Flat,,Easter,,,,Bright sun,617700,0,0,0,2,,,0,,,,,,Auckland Region,Nil,2-way,Sealed,,0,0,,50,,Null,0,0,,76,Auckland,Stop,,,,,0,0,Urban,0,,,Fine,Null
1791971,5771839,3944,,531301,0,1,0,1,0,South,2009/2010,SH 31,HONIKIWI ROAD,,Non-Injury Crash,Yes,2009,0,North,0,0,0,Flat,0,,0,,0,Overcast,996000,0,0,0,2,0,0,0,0,0,,0,0,Waikato Region,Bridge,2-way,Sealed,0,0,0,0,100,0,None,0,0,,18,Ōtorohanga District,Nil,0,0,0,0,0,0,Open,0,0,0,Heavy rain,Null
1755320,5921652,3945,,515202,0,,0,4,,Null,2009/2010,SH 1N,SHELLY BEACH OBR,,Non-Injury Crash,Yes,2009,,South,,0,,Hill Road,,,,,,Overcast,423600,0,0,0,4,,,0,,,,,,Auckland Region,Bridge,1-way,Sealed,,0,0,,80,,Off,0,0,,76,Auckland,Nil,,,,,0,0,Open,0,,,Heavy rain,Null
1761068,5914363,3946,,520202,0,,0,2,,Null,2009/2010,GREAT SOUTH ROAD,GT SOUTH LINK,,Non-Injury Crash,No,2009,,North,,0,,Flat,,,,,,Bright sun,612300,0,0,0,3,,,0,,,,,,Auckland Region,Nil,2-way,Sealed,,0,0,,50,,Null,0,0,,76,Auckland,Give way,,,,,0,0,Urban,0,,,Fine,Null
1867146,5713136,3947,,541720,0,0,0,0,0,East,2009/2010,ROBERTS ST,RUAPEHU ST,,Non-Injury Crash,No,2009,0,East,0,0,0,Flat,0,,0,,0,Dark,1273900,0,0,0,2,0,0,0,0,1,,0,0,Waikato Region,Nil,2-way,Sealed,0,0,0,0,50,0,On,1,0,,21,Taupo District,Give way,0,0,0,0,0,0,Urban,0,0,0,Light rain,Null
1755548,5917916,3948,,517500,0,0,0,1,0,East,2009/2010,NEW NORTH ROAD,EDENDALE ROAD,,Non-Injury Crash,No,2009,0,East,0,0,0,Flat,0,,0,,0,Twilight,531300,0,0,0,4,0,1,0,0,0,,0,0,Auckland Region,Nil,2-way,Sealed,0,0,0,0,50,0,On,0,0,,76,Auckland,Nil,0,1,0,0,0,0,Urban,0,0,0,Fine,Null
1767410,5904914,3949,,524604,0,,0,0,,West,2009/2010,CAVENDISH DRIVE,GREAT SOUTH ROAD,,Non-Injury Crash,No,2009,,South,,0,,Flat,,,,,,Bright sun,780209,0,0,0,2,,,0,,,1,,,Auckland Region,Nil,2-way,Sealed,,0,0,,50,,Off,1,0,,76,Auckland,Nil,,,,,0,0,Urban,0,,,Null,Null
1756304,5919147,3950,,514200,0,,0,1,,Null,2008/2009,NEWTON ROAD,OPHIR ST,,Non-Injury Crash,No,2009,,North,,0,,Hill Road,,,,,,Dark,411700,0,0,0,4,,,0,,,,,,Auckland Region,Nil,2-way,Sealed,,0,0,,50,,On,0,0,,76,Auckland,Stop,,,,,0,0,Urban,1,,,Light rain,Null
1713052,6049572,3951,80,501802,0,0,0,1,0,Null,2008/2009,THREE MILE BUSH ROAD,CHURCH ROAD,,Non-Injury Crash,No,2009,0,South,0,0,0,Flat,0,,0,,0,Dark,70100,0,0,0,2,0,0,0,0,0,,0,0,Northland Region,Nil,2-way,Sealed,0,0,0,0,100,0,None,0,0,,2,Whangarei District,Give way,0,0,0,1,0,0,Open,0,0,0,Light rain,Null