X,Y,OBJECTID,advisorySpeed,areaUnitID,bicycle,bridge,bus,carStationWagon,cliffBank,crashDirectionDescription,crashFinancialYear,crashLocation1,crashLocation2,crashRoadSideRoad,crashSeverity,crashSHDescription,crashYear,debris,directionRoleDescription,ditch,fatalCount,fence,flatHill,guardRail,holiday,houseOrBuilding,intersection,kerb,light,meshblockId,minorInjuryCount,moped,motorcycle,NumberOfLanes,objectThrownOrDropped,otherObject,otherVehicleType,overBank,parkedVehicle,pedestrian,phoneBoxEtc,postOrPole,region,roadCharacter,roadLane,roadSurface,roadworks,schoolBus,seriousInjuryCount,slipOrFlood,speedLimit,strayAnimal,streetLight,suv,taxi,temporarySpeedLimit,tlaId,tlaName,trafficControl,trafficIsland,trafficSign,train,tree,truck,unknownVehicleType,urban,vanOrUtility,vehicle,waterRiver,weatherA,weatherB
1876496,5823868,3952,,537301,0,0,0,0,0,Null,2009/2010,OTUMOETAI ROAD,BELLEVUE ROAD,,Non-Injury Crash,No,2009,0,North,0,0,0,Flat,0,,0,,0,Dark,1161101,0,0,0,2,0,0,0,0,0,,0,1,Bay of Plenty Region,Nil,2-way,Sealed,0,0,0,0,50,0,On,0,0,,23,Tauranga City,Traffic Signals,1,0,0,0,0,0,Urban,1,0,0,Fine,Null
1762307,5907096,3953,,524520,0,,0,3,,East,2009/2010,MASSEY ROAD,BUCKLAND ROAD,,Non-Injury Crash,No,2009,,West,,0,,Flat,,,,,,Bright sun,734703,0,0,0,2,,,0,,,,,,Auckland Region,Nil,2-way,Sealed,,0,0,,50,,Off,0,0,,76,Auckland,Nil,,,,,0,0,Urban,0,,,Fine,Null
1760640,5915517,3954,,520201,0,,0,1,,North,2008/2009,SH 1N,MAIN OBR,,Non-Injury Crash,Yes,2009,,North,,0,,Flat,,,,,,Bright sun,613000,0,0,0,4,,,0,,,,,,Auckland Region,Nil,1-way,Sealed,,0,0,,100,,Off,1,0,,76,Auckland,Nil,,,,,0,0,Open,1,,,Fine,Null
1766421,5907378,3955,,523601,0,,0,1,,South,2009/2010,OTARA ON SBD,EAST TAMAKI ROAD,,Non-Injury Crash,Yes,2009,,South,,0,,Flat,,,,,,Overcast,708500,0,0,0,2,,,0,,,,,,Auckland Region,Motorway ramp,1-way,Sealed,,0,0,,100,,Off,0,0,,76,Auckland,Nil,,,,,1,0,Open,0,,,Fine,Null
1763130,5905914,3956,,524303,0,,0,2,,Null,2009/2010,PORTAGE ROAD,CLAUDE AVENUE,,Non-Injury Crash,No,2009,,West,,0,,Flat,,,,,,Dark,656200,0,0,0,2,,,0,,,,,,Auckland Region,Nil,2-way,Sealed,,0,0,,50,,On,0,0,,76,Auckland,Nil,,,,,0,0,Urban,0,,,Fine,Null
1772917,5891463,3957,,521301,0,0,0,1,0,South,2009/2010,SH 1N,BREMNER OBR,,Non-Injury Crash,Yes,2009,0,North,0,0,0,Flat,0,,0,,0,Dark,808702,0,0,0,2,0,0,0,0,0,,0,0,Auckland Region,Nil,1-way,Sealed,0,0,0,0,100,0,On,0,0,,76,Auckland,Unknown,0,0,0,1,0,0,Open,0,0,0,Fine,Null
1623654,6115724,3958,,500302,0,,0,1,,South,2009/2010,SH 1N,MILKY WAY,,Non-Injury Crash,Yes,2009,,South,,0,,Flat,,,,,,Bright sun,13205,0,0,0,2,,,0,,,,,,Northland Region,Nil,2-way,Sealed,,0,0,,50,,Off,1,0,,1,Far North District,Nil,,,,,0,0,Urban,0,,,Fine,Null
1755415,5917798,3959,,517500,0,0,0,2,0,North,2008/2009,SANDRINGHAM ROAD,WALTERS ROAD,,Non-Injury Crash,No,2009,0,North,0,0,0,Hill Road,0,,0,,0,Dark,531400,0,0,0,2,0,0,0,0,1,,0,0,Auckland Region,Nil,2-way,Sealed,0,0,0,0,50,0,On,0,0,,76,Auckland,Unknown,0,0,0,0,0,0,Urban,0,0,0,Fine,Null
1762161,5908602,3960,,524530,0,0,0,1,0,East,2009/2010,BLAKE ROAD,TENNESSEE AVENUE,,Non-Injury Crash,No,2009,0,West,0,0,0,Flat,0,,0,,0,Bright sun,731700,0,0,0,1,0,0,0,0,0,,0,1,Auckland Region,Nil,2-way,Sealed,0,0,0,0,50,0,Off,0,0,,76,Auckland,Nil,0,0,0,1,0,0,Urban,0,0,0,Fine,Null
1769817,5899458,3961,,523920,0,,0,2,,Null,2009/2010,GREAT SOUTH ROAD,TAKANINI OFF NBD,,Non-Injury Crash,Yes,2009,,East,,0,,Flat,,,,,,Overcast,767921,0,0,0,2,,,0,,,,,,Auckland Region,Nil,2-way,Sealed,,0,0,,50,,On,0,0,,76,Auckland,Give way,,,,,0,0,Urban,0,,,Fine,Null
1757046,5919892,3962,,514102,0,,0,1,,South,2009/2010,GREYS AVENUE,MAYORAL DRIVE,,Non-Injury Crash,No,2009,,South,,0,,Hill Road,,,,,,Dark,435202,0,0,0,2,,,0,,,,,,Auckland Region,Nil,2-way,Sealed,,0,0,,50,,On,0,0,,76,Auckland,Nil,,,,,0,0,Urban,1,,,Light rain,Null
1746872,5919240,3963,,512402,0,,0,2,,Null,2008/2009,VERA ROAD,ROWAN TERRACE,,Non-Injury Crash,No,2009,,North,,0,,Flat,,Queens Birthday,,,,Dark,254400,0,0,0,2,,,0,,,,,,Auckland Region,Nil,2-way,Sealed,,0,0,,50,,On,0,0,,76,Auckland,Nil,,,,,0,0,Urban,0,,,Fine,Null
2037759,5708540,3964,,544500,0,0,0,2,0,North,2008/2009,ORMOND ROAD,WHITMORE ST,,Non-Injury Crash,No,2009,0,North,0,0,0,Flat,0,,0,,0,Dark,1380900,0,0,0,2,0,0,0,0,1,,0,0,Gisborne Region,Nil,2-way,Sealed,0,0,0,0,50,0,On,0,0,,28,Gisborne District,Nil,0,0,0,0,0,0,Urban,0,0,0,Fine,Null
1800573,5818128,3965,,529800,0,0,0,1,0,Null,2009/2010,NGAERE AVENUE,BANKWOOD ROAD,,Non-Injury Crash,No,2009,0,North,0,0,0,Flat,0,,0,,0,Dark,871600,0,0,0,2,0,0,0,0,0,,0,1,Waikato Region,Nil,2-way,Sealed,0,0,0,0,50,0,On,0,0,,16,Hamilton City,Nil,0,0,0,0,0,0,Urban,0,0,0,Light rain,Null
1757208,5919607,3966,,514103,0,0,0,1,0,North,2009/2010,LIVERPOOL ST,CITY ROAD,,Non-Injury Crash,No,2009,0,North,0,0,1,Hill Road,0,,0,,0,Dark,436202,0,0,0,2,0,0,0,0,0,,0,0,Auckland Region,Nil,2-way,Sealed,0,0,0,0,50,0,On,0,0,,76,Auckland,Unknown,0,0,0,0,0,0,Urban,0,0,0,Fine,Null
1797708,5505150,3967,,564021,0,,0,1,,South,2009/2010,TAVISTOCK ROAD,KOPUTAROA ROAD,,Non-Injury Crash,No,2009,,North,,0,,Flat,,,,,,Dark,1855100,0,0,0,2,,,0,,,,,,Manawatū-Whanganui Region,Rail xing,2-way,Sealed,,0,0,,100,,None,0,0,,42,Horowhenua District,Give way,,,,,0,0,Open,1,,,Fine,Null
1797383,5819291,3968,,528403,0,,0,1,,South,2009/2010,TE RAPA ROAD,MANCHESTER PLACE,,Non-Injury Crash,No,2009,,North,,0,,Flat,,,,,,Bright sun,907700,0,0,0,2,,,0,,,,,,Waikato Region,Nil,2-way,Sealed,,0,0,,50,,Off,0,0,,16,Hamilton City,Nil,,,,,0,0,Urban,1,,,Fine,Null
1878444,5823011,3969,,538201,0,,0,2,,Null,2009/2010,ELEVENTH AVENUE,CHRISTOPHER ST,,Non-Injury Crash,No,2009,,West,,0,,Flat,,,,,,Overcast,1166500,0,0,0,5,,,0,,,,,,Bay of Plenty Region,Nil,2-way,Sealed,,0,0,,50,,Null,0,0,,23,Tauranga City,Stop,,,,,0,0,Urban,0,,,Fine,Null
1869739,5714707,3970,55,541730,0,0,0,1,0,East,2009/2010,CENTENNIAL DRIVE,SPA ROAD,,Non-Injury Crash,No,2009,0,East,0,0,1,Flat,0,,0,,0,Overcast,1270800,0,0,0,2,0,0,0,0,0,,0,0,Waikato Region,Nil,2-way,Sealed,0,0,0,0,100,0,Null,0,0,,21,Taupo District,Unknown,0,0,0,0,0,0,Open,0,0,0,Light rain,Null
1763994,5912054,3971,,520500,0,,0,2,,Null,2009/2010,MOUNT WELLINGTON HIGHWAY,VESTEY DRIVE,,Non-Injury Crash,No,2009,,North,,0,,Flat,,,,,,Overcast,637900,0,0,0,2,,,0,,,,,,Auckland Region,Nil,2-way,Sealed,,0,0,,50,,Off,0,0,,76,Auckland,Stop,,,,,0,0,Urban,0,,,Fine,Null
1855629,5851028,3972,75,534100,0,0,0,1,1,North,2009/2010,SH 2,MATHERS ROAD,,Non-Injury Crash,Yes,2009,0,East,0,0,0,Hill Road,0,,0,,0,Overcast,1084604,0,0,0,2,0,0,0,0,0,,0,0,Bay of Plenty Region,Nil,2-way,Sealed,0,0,0,0,100,0,Null,0,0,,22,Western Bay of Plenty District,Unknown,0,0,0,0,0,0,Open,0,0,0,Light rain,Null
1762292,5432138,3973,,564900,0,0,0,2,0,North,2008/2009,MEREMERE ST,SUN VALLEY GROVE,,Non-Injury Crash,No,2009,0,East,0,0,0,Flat,0,,0,,0,Overcast,2015403,0,0,0,2,0,0,0,0,1,,0,0,Wellington Region,Nil,2-way,Sealed,0,0,0,0,50,0,Null,0,0,,46,Lower Hutt City,Nil,0,0,0,0,0,0,Urban,0,0,0,Fine,Null
1753003,5439561,3974,,572500,0,,0,2,,North,2009/2010,MAIN ROAD,REDWOOD AVENUE S,,Non-Injury Crash,No,2009,,South,,0,,Flat,,,,,,Dark,1986300,0,0,0,2,,,0,,,,,,Wellington Region,Nil,2-way,Sealed,,0,0,,50,,On,0,0,,47,Wellington City,Nil,,,,,0,0,Urban,0,,,Fine,Null
1747302,5910744,3975,,511901,0,,0,1,,North,2008/2009,ATKINSON ROAD,KOHU ROAD,,Non-Injury Crash,No,2009,,North,,0,,Hill Road,,,,,,Overcast,295002,0,0,0,2,,,0,,,,,,Auckland Region,Nil,2-way,Sealed,,0,0,,50,,Off,0,0,,76,Auckland,Nil,,,,,0,0,Urban,1,,,Fine,Null
1773210,5914866,3976,,521502,0,0,0,2,0,Null,2009/2010,GRANGER ROAD,EVELYN ROAD,,Non-Injury Crash,No,2009,0,East,0,0,0,Hill Road,0,,0,,0,Dark,654903,0,0,0,2,0,0,0,0,1,,0,0,Auckland Region,Nil,2-way,Sealed,0,0,0,0,50,0,On,0,0,,76,Auckland,Nil,0,0,0,0,0,0,Urban,0,0,0,Fine,Null
1746710,5913986,3977,,511002,0,,0,2,,Null,2008/2009,WEST COAST ROAD,SWAN HILL DRIVE,,Non-Injury Crash,No,2009,,East,,0,,Flat,,Queens Birthday,,,,Twilight,283303,0,0,0,4,,,0,,,,,,Auckland Region,Nil,2-way,Sealed,,0,0,,50,,On,0,0,,76,Auckland,Nil,,,,,0,0,Urban,0,,,Mist or Fog,Null
1885343,5771216,3978,30,540700,0,0,0,1,0,Null,2008/2009,TRYON ST,WAHIAO DRIVE,,Non-Injury Crash,No,2009,0,North,0,0,1,Flat,0,,0,,0,Bright sun,1246200,0,0,0,2,0,0,0,0,0,,0,0,Bay of Plenty Region,Nil,2-way,Sealed,0,0,0,0,50,0,Off,0,0,,24,Rotorua District,Give way,0,0,0,0,0,0,Urban,0,0,0,Fine,Null
1756319,5919326,3979,,514000,0,,0,0,,Null,2008/2009,KARANGAHAPE ROAD,GUNDRY ST,,Non-Injury Crash,No,2009,,West,,0,,Flat,,,,,,Dark,413800,0,0,1,4,,,0,,,,,,Auckland Region,Nil,2-way,Sealed,,0,0,,50,,On,1,0,,76,Auckland,Give way,,,,,0,0,Urban,0,,,Fine,Null
1803152,5814954,3980,,530200,0,,0,2,,East,2008/2009,CLYDE ST,DEY ST,,Non-Injury Crash,No,2009,,East,,0,,Flat,,,,,,Bright sun,892600,0,0,0,2,,,0,,,,,,Waikato Region,Nil,2-way,Sealed,,0,0,,50,,Null,0,0,,16,Hamilton City,Unknown,,,,,0,0,Urban,0,,,Fine,Null
1756184,5920961,3981,,515202,0,,0,2,,North,2009/2010,SH 1N,FANSHAWE OBR,,Non-Injury Crash,Yes,2009,,South,,0,,Flat,,,,,,Bright sun,425600,0,0,0,4,,,0,,,,,,Auckland Region,Nil,1-way,Sealed,,0,0,,80,,Off,0,0,,76,Auckland,Nil,,,,,0,0,Open,0,,,Fine,Null
1754104,5439412,3982,,573522,0,0,0,1,0,South,2008/2009,Z CPK MARKET DIRECT,JAMAICA /TAKAPU,,Non-Injury Crash,No,2009,0,South,0,0,1,Hill Road,0,,0,,0,Bright sun,2086102,0,0,0,2,0,0,0,0,0,,0,0,Wellington Region,Nil,Off road,Sealed,0,0,0,0,50,0,Null,0,0,,47,Wellington City,Nil,0,0,0,0,0,0,Urban,0,0,0,Fine,Null
1770899,5899713,3983,,523911,0,0,0,0,0,North,2008/2009,TAKANINI SCHOOL ROAD,SPARTAN ROAD,,Non-Injury Crash,No,2009,0,North,0,0,0,Flat,0,,0,,0,Bright sun,767100,0,0,0,2,0,0,0,0,0,,0,1,Auckland Region,Nil,2-way,Sealed,0,0,0,0,70,0,Null,0,0,,76,Auckland,Nil,0,0,0,0,1,0,Urban,0,0,0,Fine,Null
1761071,5437819,3984,,569402,0,,0,1,,Null,2008/2009,SH 2,GROUNSELL CRESCENT,,Non-Injury Crash,Yes,2009,,East,,0,,Flat,,,,,,Overcast,1918804,0,0,0,4,,,0,,,,,,Wellington Region,Nil,2-way,Sealed,,0,0,,100,,Null,0,0,,46,Lower Hutt City,Traffic Signals,,,,,1,0,Open,0,,,Fine,Null
1705064,6013055,3985,,505010,0,0,0,0,0,North,2009/2010,ARARUA ROAD,LINDQUIST ROAD,,Non-Injury Crash,No,2009,0,North,0,0,1,Flat,0,,0,,0,Bright sun,128400,0,0,0,2,0,0,0,0,0,,0,0,Northland Region,Nil,2-way,Unsealed,0,0,0,0,100,0,None,0,0,,3,Kaipara District,Nil,0,0,0,0,0,0,Open,1,0,0,Fine,Null
1768593,5900707,3986,,525001,0,,0,2,,West,2009/2010,WEYMOUTH ROAD,SELWYN ROAD,,Non-Injury Crash,No,2009,,South,,0,,Flat,,,,,,Bright sun,752100,0,0,0,2,,,0,,,,,,Auckland Region,Nil,2-way,Sealed,,0,0,,50,,Off,0,0,,76,Auckland,Give way,,,,,0,0,Urban,0,,,Fine,Null
1734592,5944448,3987,,506647,0,0,0,0,0,South,2009/2010,PEAK ROAD,MACKY ROAD,,Non-Injury Crash,No,2009,0,North,0,0,0,Hill Road,0,,0,,0,Overcast,211600,0,0,0,2,0,0,0,0,0,,0,0,Auckland Region,Nil,2-way,Sealed,0,0,0,0,100,0,Null,0,0,,76,Auckland,Unknown,0,1,0,0,0,0,Open,1,0,0,Fine,Null
1748668,5945003,3988,,506201,0,,0,1,,North,2008/2009,SH 1N,SILVERDALE OFF NBD,,Non-Injury Crash,Yes,2009,,North,,0,,Flat,,,,,,Dark,176801,0,0,0,4,,,0,,,,,,Auckland Region,Motorway ramp,2-way,Sealed,,0,0,,100,,On,1,0,,76,Auckland,Nil,,,,,0,0,Open,0,,,Fine,Null
1881144,5826500,3989,,536821,0,,0,2,,East,2009/2010,SH 2,TOTARA ST,,Non-Injury Crash,Yes,2009,,West,,0,,Flat,,,,,,Bright sun,1204200,0,0,0,2,,,0,,,,,,Bay of Plenty Region,Nil,2-way,Sealed,,0,0,,70,,Off,0,0,,23,Tauranga City,Nil,,,,,0,0,Urban,0,,,Fine,Null
1749179,5942631,3990,,506003,0,,0,2,,Null,2009/2010,EAST COAST ROAD,WILKS ROAD,,Non-Injury Crash,No,2009,,South,,0,,Flat,,,,,,Bright sun,175814,0,0,0,2,,,0,,,,,,Auckland Region,Nil,2-way,Sealed,,0,0,,80,,Off,0,0,,76,Auckland,Nil,,,,,0,0,Open,0,,,Fine,Null
1801585,5819058,3991,,529402,0,0,0,1,1,North,2008/2009,SUSSEX ST,CROSBY ROAD,,Non-Injury Crash,No,2009,0,South,0,0,0,Flat,0,,0,,0,Overcast,876900,0,0,0,2,0,0,0,0,0,,0,0,Waikato Region,Nil,2-way,Sealed,0,0,0,0,50,0,Null,0,0,,16,Hamilton City,Unknown,0,0,0,0,0,0,Urban,0,0,0,Fine,Null
1748553,5423686,3992,,576200,0,,0,2,,South,2008/2009,ADELAIDE ROAD,LAVAUD ST,,Non-Injury Crash,No,2009,,North,,0,,Hill Road,,,,,,Bright sun,2172300,0,0,0,2,,,0,,,,,,Wellington Region,Nil,2-way,Sealed,,0,0,,50,,Null,0,0,,47,Wellington City,Nil,,,,,0,0,Urban,0,,,Fine,Null
1756760,5919874,3993,,514102,0,,0,2,,Null,2008/2009,HOBSON ON SBD,PITT ST N,,Non-Injury Crash,Yes,2009,,West,,0,,Flat,,,,,,Twilight,434802,0,0,0,4,,,0,,,,,,Auckland Region,Nil,1-way,Sealed,,0,0,,50,,On,0,0,,76,Auckland,Traffic Signals,,,,,0,0,Urban,0,,,Fine,Null
1749962,5940929,3994,,506300,0,0,0,0,0,South,2008/2009,EAST COAST ROAD,WORSNOP WAY,,Non-Injury Crash,No,2009,0,North,1,0,0,Flat,0,,0,,0,Overcast,175902,0,0,0,2,0,0,0,0,0,,0,0,Auckland Region,Nil,2-way,Sealed,0,0,0,0,100,0,None,0,0,,76,Auckland,Nil,0,0,0,0,0,0,Open,1,0,0,Heavy rain,Null
1764378,5912267,3995,,520500,0,,0,1,,Null,2009/2010,SH 1N,MT WGTN ON SBD,,Non-Injury Crash,Yes,2009,,South,,0,,Flat,,,,,,Dark,639300,0,0,0,3,,,0,,,,,,Auckland Region,Nil,1-way,Sealed,,0,0,,100,,On,0,0,,76,Auckland,Nil,,,,,1,0,Open,0,,,Fine,Null
1764153,5914989,3996,,520303,0,0,0,2,0,Null,2008/2009,HARDING AVENUE,ELLERSLIE-PANMURE HIGHWAY,,Non-Injury Crash,No,2009,0,West,0,0,0,Hill Road,0,,0,,0,Dark,626901,0,0,0,2,0,0,0,0,1,,0,0,Auckland Region,Nil,2-way,Sealed,0,0,0,0,50,0,On,1,0,,76,Auckland,Stop,0,0,0,0,0,0,Urban,0,0,0,Fine,Null
1797151,5815181,3997,,528601,0,0,0,2,0,South,2009/2010,ABERDEEN DRIVE,LACHLAN DRIVE,,Non-Injury Crash,No,2009,0,East,0,0,0,Flat,0,,0,,0,Dark,920103,0,0,0,2,0,0,0,0,1,,0,0,Waikato Region,Nil,2-way,Sealed,0,0,0,0,50,0,Off,0,0,,16,Hamilton City,Give way,0,0,0,0,0,0,Urban,0,0,0,Fine,Null
1692730,5675969,3998,,551800,0,0,0,2,0,West,2009/2010,SH 45,ROBE ST,,Non-Injury Crash,Yes,2009,0,West,0,0,0,Flat,0,,0,,0,Bright sun,1591600,0,0,0,2,0,0,0,0,1,,0,0,Taranaki Region,Nil,2-way,Sealed,0,0,0,0,50,0,Null,0,0,,33,New Plymouth District,Nil,0,0,0,0,0,0,Urban,0,0,0,Fine,Null
1885177,5773793,3999,,540410,0,,0,2,,North,2009/2010,FENTON ST,ERUERA ST,,Non-Injury Crash,No,2009,,North,,0,,Flat,,,,,,Bright sun,1234700,0,0,0,4,,,0,,,,,,Bay of Plenty Region,Nil,2-way,Sealed,,0,0,,50,,Null,0,0,,24,Rotorua District,Unknown,,,,,0,0,Urban,0,,,Fine,Null
1765370,5586857,4000,,555400,0,0,0,1,0,North,2009/2010,SH 3,KAI IWI VALLEY ROAD,,Non-Injury Crash,Yes,2009,0,West,0,0,0,Hill Road,0,,0,,0,Dark,1681400,0,0,0,2,0,0,0,0,0,,0,0,Manawatū-Whanganui Region,Nil,2-way,Sealed,0,0,0,0,100,0,None,0,0,,37,Whanganui District,Nil,0,0,0,0,0,0,Open,0,0,0,Fine,Null
2036544,5710261,4001,,544200,0,0,0,0,0,East,2008/2009,STOUT ST,PINE ST,,Minor Crash,No,2009,0,East,0,0,0,Flat,0,,0,,1,Dark,1378400,1,0,1,2,0,0,0,0,0,,0,0,Gisborne Region,Nil,2-way,Sealed,0,0,0,0,50,0,On,0,0,,28,Gisborne District,Nil,0,0,0,0,0,0,Urban,0,0,0,Fine,Null
1760827,5916753,4002,,516202,0,,0,2,,Null,2008/2009,REMUERA ROAD,RANUI ROAD,,Non-Injury Crash,No,2009,,East,,0,,Flat,,,,,,Bright sun,489600,0,0,0,4,,,0,,,,,,Auckland Region,Nil,2-way,Sealed,,0,0,,50,,Off,0,0,,76,Auckland,Give way,,,,,0,0,Urban,0,,,Fine,Null
1825950,5886293,4003,,533502,0,,0,1,,North,2009/2010,POLLEN ST,WILLOUGHBY ST,,Non-Injury Crash,No,2009,,South,,0,,Flat,,,,,,Bright sun,1052800,0,0,0,2,,,0,,,,,,Waikato Region,Nil,2-way,Sealed,,0,0,,50,,Null,1,0,,11,Thames-Coromandel District,Unknown,,,,,0,0,Urban,0,,,Fine,Null
1755608,5919957,4004,,515302,0,,0,2,,Null,2009/2010,PONSONBY ROAD,FRANKLIN ROAD,,Non-Injury Crash,No,2009,,North,,0,,Flat,,,,,,Dark,431100,0,0,0,2,,,0,,,,,,Auckland Region,Nil,2-way,Sealed,,0,0,,40,,On,0,0,,76,Auckland,Traffic Signals,,,,,0,0,Urban,0,,,Fine,Null
1755368,5921920,4005,,515202,0,,0,2,,South,2008/2009,SH 1N,SHELLY OFF SBD,,Non-Injury Crash,Yes,2009,,South,,0,,Flat,,,,,,Bright sun,423600,0,0,0,5,,,0,,,,,,Auckland Region,Nil,1-way,Sealed,,0,0,,80,,Off,0,0,,76,Auckland,Nil,,,,,1,0,Open,0,,,Fine,Null
1798982,5813709,4006,,528900,0,0,0,1,0,South,2008/2009,SH 1N,DUKE ST,,Non-Injury Crash,Yes,2009,1,South,0,0,0,Flat,0,,0,,0,Bright sun,916402,0,0,0,2,0,0,0,0,0,,0,0,Waikato Region,Nil,2-way,Sealed,0,0,0,0,60,0,Null,0,0,,16,Hamilton City,Give way,0,0,0,0,1,0,Urban,0,0,0,Fine,Null
1754631,5918713,4007,,515431,0,0,0,2,0,West,2009/2010,TUARANGI ROAD,GREAT NORTH ROAD,,Non-Injury Crash,No,2009,0,East,0,0,0,Flat,0,,0,,0,Dark,406601,0,0,0,2,0,0,0,0,1,,0,0,Auckland Region,Nil,2-way,Sealed,0,0,0,0,50,0,On,0,0,,76,Auckland,Nil,0,0,0,0,0,0,Urban,0,0,0,Fine,Null
1565418,5180023,4008,,590100,0,,0,1,,Null,2008/2009,RICCARTON ROAD,YALDHURST ROAD,,Minor Crash,No,2009,,West,,0,,Flat,,,,,,Twilight,2542500,1,0,0,2,,,0,,,,,,Canterbury Region,Nil,2-way,Sealed,,0,0,,50,,Off,1,0,,60,Christchurch City,Give way,,,,,0,0,Urban,0,,,Fine,Null
1874479,5815863,4009,,536630,0,0,0,1,0,South,2008/2009,PYES PA ROAD,KENNEDY ROAD,,Non-Injury Crash,No,2009,0,South,0,0,0,Flat,0,,0,,0,Dark,1192300,0,0,0,2,0,0,0,0,0,,0,0,Bay of Plenty Region,Nil,2-way,Sealed,0,0,0,0,100,0,None,0,0,,22,Western Bay of Plenty District,Unknown,0,1,0,0,0,0,Open,0,0,0,Fine,Null
1769918,5898847,4010,,523920,0,,0,2,,North,2009/2010,SH 1N,WALTER STREVENS OBR,,Non-Injury Crash,Yes,2009,,North,,0,,Flat,,,,,,Overcast,767911,0,0,0,2,,,0,,,,,,Auckland Region,Nil,1-way,Sealed,,0,0,,100,,On,0,0,,76,Auckland,Unknown,,,,,0,0,Open,0,,,Fine,Null
1736436,5983701,4011,,505300,0,,0,3,,North,2008/2009,SH 1N,SCHOOL ROAD,,Non-Injury Crash,Yes,2009,,South,,0,,Hill Road,,Queens Birthday,,,,Overcast,142300,0,0,0,2,,,0,,,,,,Auckland Region,Nil,2-way,Sealed,,0,0,,70,,Null,0,0,,76,Auckland,Unknown,,,,,0,0,Urban,0,,,Fine,Null
1717755,6050314,4012,,502102,0,,0,2,,Null,2009/2010,KAMO ROAD,WAKELIN ST,,Non-Injury Crash,No,2009,,North,,0,,Flat,,,,,,Bright sun,84700,0,0,0,2,,,0,,,,,,Northland Region,Nil,2-way,Sealed,,0,0,,50,,Off,0,0,,2,Whangarei District,Nil,,,,,0,0,Urban,0,,,Fine,Null
1803941,5813912,4013,,530700,0,0,0,2,0,South,2008/2009,CAMBRIDGE ROAD,HILLCREST ROAD,,Non-Injury Crash,No,2009,0,South,0,0,0,Flat,0,,0,,0,Overcast,888800,0,0,0,2,0,0,0,0,1,,0,0,Waikato Region,Nil,2-way,Sealed,0,0,0,0,50,0,Null,0,0,,16,Hamilton City,Unknown,0,0,0,0,0,0,Urban,0,0,0,Heavy rain,Null
1786981,5859054,4014,,527210,0,0,0,1,0,South,2009/2010,SH 1N,HALL ROAD,,Non-Injury Crash,Yes,2009,0,North,0,0,0,Flat,1,,0,,0,Bright sun,935700,0,0,0,2,0,0,0,0,0,,0,0,Waikato Region,Nil,2-way,Sealed,0,0,0,0,100,0,None,0,0,,13,Waikato District,Nil,0,0,0,0,0,0,Open,0,0,0,Fine,Null
1768567,5903151,4015,,524602,0,,0,2,,North,2009/2010,MANUKAU OFF NBD,SH 1N,,Non-Injury Crash,Yes,2009,,North,,0,,Flat,,,,,,Overcast,780508,0,0,0,3,,,0,,,,,,Auckland Region,Motorway ramp,1-way,Sealed,,0,0,,80,,Off,1,0,,76,Auckland,Nil,,,,,0,0,Open,0,,,Light rain,Null
1884960,5773893,4016,,540410,0,,0,1,,West,2009/2010,HINEMOA ST,TUTANEKAI ST,,Non-Injury Crash,No,2009,,East,,0,,Flat,,,,,,Overcast,1234600,0,0,0,2,,,0,,,,,,Bay of Plenty Region,Nil,2-way,Sealed,,0,0,,50,,Null,1,0,,24,Rotorua District,Unknown,,,,,0,0,Urban,0,,,Fine,Null
1752720,5915647,4017,,517903,0,,0,2,,Null,2008/2009,RICHARDSON ROAD,STEWART ROAD,,Non-Injury Crash,No,2009,,North,,0,,Hill Road,,Easter,,,,Bright sun,522800,0,0,0,2,,,0,,,,,,Auckland Region,Nil,2-way,Sealed,,0,0,,50,,Null,0,0,,76,Auckland,Nil,,,,,0,0,Urban,0,,,Fine,Null
1754122,5918441,4018,,515431,0,,0,2,,Null,2009/2010,GREAT NORTH ROAD,MOTAT ON EBD W,,Non-Injury Crash,No,2009,,East,,0,,Flat,,,,,,Overcast,406300,0,0,0,2,,,0,,,,,,Auckland Region,Nil,2-way,Sealed,,0,0,,50,,Off,0,0,,76,Auckland,Traffic Signals,,,,,0,0,Urban,0,,,Fine,Null
1950582,5791817,4019,,542410,0,,0,2,,West,2008/2009,PEACE ST,MCALISTER ST,,Non-Injury Crash,No,2009,,West,,0,,Flat,,,,,,Overcast,1307000,0,0,0,2,,,0,,,,,,Bay of Plenty Region,Nil,2-way,Sealed,,0,0,,50,,Null,0,0,,25,Whakatane District,Unknown,,,,,0,0,Urban,0,,,Heavy rain,Null
1768515,5899423,4020,,525102,0,0,0,2,0,Null,2008/2009,MAHIA ROAD,COXHEAD ROAD,,Non-Injury Crash,No,2009,0,West,0,0,0,Flat,0,,0,,0,Dark,768300,0,0,0,2,0,0,0,0,0,,0,0,Auckland Region,Nil,2-way,Sealed,0,0,0,0,50,0,On,0,0,,76,Auckland,Give way,1,0,0,0,0,0,Urban,0,0,0,Fine,Null
1755195,5914368,4021,,518500,0,,0,2,,North,2008/2009,DOMINION ROAD,MOUNT ALBERT ROAD,,Non-Injury Crash,No,2009,,South,,0,,Flat,,,,,,Dark,561000,0,0,0,3,,,0,,,,,,Auckland Region,Nil,2-way,Sealed,,0,0,,50,,On,0,0,,76,Auckland,Unknown,,,,,0,0,Urban,0,,,Fine,Null
1756224,5935530,4022,,507101,0,,0,1,,Null,2008/2009,BAYVIEW ROAD,BEACHFRONT LANE,,Non-Injury Crash,No,2009,,East,,0,,Flat,,,,,,Bright sun,160800,0,0,0,2,,,0,,,,,,Auckland Region,Nil,2-way,Sealed,,0,0,,50,,Null,1,0,,76,Auckland,Give way,,,,,0,0,Urban,0,,,Fine,Null