X,Y,OBJECTID,advisorySpeed,areaUnitID,bicycle,bridge,bus,carStationWagon,cliffBank,crashDirectionDescription,crashFinancialYear,crashLocation1,crashLocation2,crashRoadSideRoad,crashSeverity,crashSHDescription,crashYear,debris,directionRoleDescription,ditch,fatalCount,fence,flatHill,guardRail,holiday,houseOrBuilding,intersection,kerb,light,meshblockId,minorInjuryCount,moped,motorcycle,NumberOfLanes,objectThrownOrDropped,otherObject,otherVehicleType,overBank,parkedVehicle,pedestrian,phoneBoxEtc,postOrPole,region,roadCharacter,roadLane,roadSurface,roadworks,schoolBus,seriousInjuryCount,slipOrFlood,speedLimit,strayAnimal,streetLight,suv,taxi,temporarySpeedLimit,tlaId,tlaName,trafficControl,trafficIsland,trafficSign,train,tree,truck,unknownVehicleType,urban,vanOrUtility,vehicle,waterRiver,weatherA,weatherB
1764596,5905554,4023,,522100,0,,0,2,,Null,2009/2010,WYLLIE ROAD,HILL ROAD,,Non-Injury Crash,No,2009,,South,,0,,Flat,,,,,,Overcast,657800,0,0,0,2,,,0,,,,,,Auckland Region,Nil,2-way,Sealed,,0,0,,50,,Off,0,0,,76,Auckland,Give way,,,,,0,0,Urban,0,,,Light rain,Null
1772913,5891509,4024,,521301,0,,0,2,,North,2008/2009,SH 1N,KARAKA OBR,,Non-Injury Crash,Yes,2009,,North,,0,,Flat,,,,,,Dark,808702,0,0,0,2,,,0,,,,,,Auckland Region,Nil,1-way,Sealed,,0,0,,100,,On,0,0,,76,Auckland,Nil,,,,,0,0,Open,0,,,Fine,Null
1577587,5169202,4025,,596502,0,0,0,1,0,North,2009/2010,MARINE DRIVE,JAMES DRIVE,,Minor Crash,No,2009,0,West,0,0,0,Flat,0,,0,,0,Dark,2712004,1,0,0,2,0,0,0,0,0,,0,0,Canterbury Region,Nil,2-way,Sealed,0,0,0,0,50,0,None,0,0,,60,Christchurch City,Unknown,0,0,0,1,0,0,Urban,0,0,0,Fine,Null
1769327,5907459,4026,,523712,0,,0,2,,Null,2008/2009,TE IRIRANGI DRIVE,ORMISTON ROAD,,Non-Injury Crash,No,2009,,South,,0,,Flat,,,,,,Dark,712803,0,0,0,4,,,0,,,,,,Auckland Region,Nil,2-way,Sealed,,0,0,,80,,On,0,0,,76,Auckland,Traffic Signals,,,,,0,0,Open,0,,,Fine,Null
1761552,5914156,4027,,520202,0,,0,1,,South,2008/2009,SH 1N,PENROSE INT S,,Non-Injury Crash,Yes,2009,,South,,0,,Flat,,,,,,Bright sun,612700,0,0,0,4,,,0,,,,,,Auckland Region,Nil,1-way,Sealed,,0,0,,100,,Off,0,0,,76,Auckland,Nil,,,,,0,0,Open,1,,,Fine,Null
1768205,5903024,4028,,524602,0,0,0,1,0,Null,2009/2010,RATA VINE DRIVE,LAURELIA PLACE,,Non-Injury Crash,No,2009,0,South,0,0,0,Flat,0,,0,,0,Bright sun,780507,0,0,0,2,0,1,0,0,0,,0,0,Auckland Region,Nil,2-way,Sealed,0,0,0,0,50,0,None,0,0,,76,Auckland,Give way,0,0,0,0,0,0,Urban,0,0,0,Fine,Null
1758417,5928075,4029,,508010,0,0,0,0,0,East,2008/2009,ONEILLS AVENUE,HURSTMERE ROAD,,Non-Injury Crash,No,2009,0,East,0,0,0,Flat,0,,0,,0,Bright sun,325800,0,0,0,2,0,0,0,0,0,,0,0,Auckland Region,Nil,2-way,Sealed,0,0,0,0,50,0,Null,0,0,,76,Auckland,Unknown,0,0,0,1,1,0,Urban,1,0,0,Fine,Null
1288059,5005756,4030,,609031,0,0,0,1,0,South,2008/2009,SH 6,GENTLE ANNIE,,Minor Crash,Yes,2009,0,North,1,0,0,Flat,0,,0,,0,Bright sun,3039900,1,0,0,2,0,0,0,0,0,,0,0,Otago Region,Nil,2-way,Sealed,0,0,0,0,100,0,Null,0,0,50,70,Queenstown-Lakes District,Unknown,0,0,0,0,0,0,Open,0,0,0,Fine,Frost
1840331,5792725,4031,,535250,0,,0,1,,North,2009/2010,SH 1N,PAPARAMU ROAD E,,Non-Injury Crash,Yes,2009,,West,,0,,Flat,,Christmas New Year,,,,Bright sun,1125100,0,0,0,2,,,0,,,,,,Waikato Region,Nil,2-way,Sealed,,0,0,,100,,Null,0,0,,19,South Waikato District,Unknown,,,,,1,0,Open,0,,,Fine,Null
1767776,5904283,4032,,524602,0,,0,2,,Null,2008/2009,GREAT SOUTH ROAD,REDOUBT ROAD,,Non-Injury Crash,No,2009,,West,,0,,Flat,,Christmas New Year,,,,Dark,780501,0,0,0,6,,,0,,,,,,Auckland Region,Nil,2-way,Sealed,,0,0,,70,,On,0,0,,76,Auckland,Traffic Signals,,,,,0,0,Urban,0,,,Fine,Null
1765664,5904617,4033,,524603,0,,0,2,,Null,2009/2010,RANFURLY ROAD,STAFFORD AVENUE,,Non-Injury Crash,No,2009,,North,,0,,Flat,,,,,,Overcast,674000,0,0,0,2,,,0,,,,,,Auckland Region,Nil,2-way,Sealed,,0,0,,50,,None,0,0,,76,Auckland,Nil,,,,,0,0,Urban,0,,,Heavy rain,Null
1756564,5912590,4034,,518701,0,0,0,2,0,West,2008/2009,LITTLEJOHN ST,HILLSBOROUGH ROAD,,Non-Injury Crash,No,2009,0,West,0,0,0,Flat,0,,0,,0,Dark,572100,0,0,0,2,0,0,0,0,1,,0,0,Auckland Region,Nil,2-way,Sealed,0,0,0,0,50,0,On,0,0,,76,Auckland,Give way,0,0,0,0,0,0,Urban,0,0,0,Fine,Null
1407200,4914303,4035,,604611,0,,0,2,,West,2009/2010,MUSSELBURGH RISE,MOANA CRESCENT,,Minor Crash,No,2009,,East,,0,,Hill Road,,,,,,Bright sun,2933100,1,0,0,2,,,0,,,,,,Otago Region,Nil,2-way,Sealed,,0,0,,50,,Null,0,0,,71,Dunedin City,Unknown,,,,,0,0,Urban,0,,,Fine,Null
1797909,5814546,4036,,528602,0,,0,2,,Null,2009/2010,SH 23,TUHIKARAMEA ROAD,,Non-Injury Crash,Yes,2009,,East,,0,,Flat,,,,,,Overcast,921100,0,0,0,2,,,0,,,,,,Waikato Region,Nil,2-way,Sealed,,0,0,,50,,Null,0,0,,16,Hamilton City,Give way,,,,,0,0,Urban,0,,,Fine,Null
1575405,5178455,4037,,593900,0,,0,0,,Null,2009/2010,LINWOOD AVENUE,SH 74,,Minor Crash,Yes,2009,,East,,0,,Flat,,,,,,Bright sun,2580100,1,0,1,2,,,0,,,,,,Canterbury Region,Nil,2-way,Sealed,,0,0,,60,,Null,0,0,,60,Christchurch City,Traffic Signals,,,,,0,0,Urban,1,,,Fine,Null
1757315,5920216,4038,,514103,0,,0,2,,Null,2009/2010,WELLESLEY ST EAST,QUEEN ST,,Non-Injury Crash,No,2009,,East,,0,,Null,,,,,,Dark,437101,0,0,0,4,,,0,,,,,,Auckland Region,Nil,2-way,Sealed,,0,0,,50,,On,0,0,,76,Auckland,Traffic Signals,,,,,0,0,Urban,0,,,Fine,Null
1878734,5822300,4039,,538102,0,,0,2,,Null,2009/2010,THIRTEENTH AVENUE,FRASER ST,,Non-Injury Crash,No,2009,,North,,0,,Flat,,,,,,Overcast,1168300,0,0,0,2,,,0,,,,,,Bay of Plenty Region,Nil,2-way,Sealed,,0,0,,50,,Null,0,0,,23,Tauranga City,Give way,,,,,0,0,Urban,0,,,Fine,Null
1769879,5899419,4040,,523920,0,,0,2,,North,2008/2009,SH 1N,TAKANINI OFF NBD,,Non-Injury Crash,Yes,2009,,North,,0,,Flat,,Easter,,,,Dark,767921,0,0,0,4,,,0,,,,,,Auckland Region,Nil,2-way,Sealed,,0,0,,100,,On,0,0,,76,Auckland,Unknown,,,,,0,0,Open,0,,,Fine,Null
1754699,5912625,4041,,518803,0,,0,2,,North,2009/2010,DOMINION ROAD,RICHARDSON ROAD,,Non-Injury Crash,No,2009,,South,,0,,Flat,,,,,,Overcast,583500,0,0,0,2,,,0,,,,,,Auckland Region,Nil,2-way,Sealed,,0,0,,50,,Off,0,1,,76,Auckland,Nil,,,,,0,0,Urban,0,,,Fine,Null
1712327,6066472,4042,,501814,0,0,0,1,0,West,2008/2009,SH 1N,PUHIPUHI ROAD,,Non-Injury Crash,Yes,2009,0,East,0,0,0,Flat,1,,0,,0,Dark,60300,0,0,0,2,0,0,0,0,0,,0,0,Northland Region,Nil,2-way,Sealed,0,0,0,0,100,0,None,0,0,,2,Whangarei District,Unknown,0,0,0,0,0,0,Open,0,0,0,Fine,Null
1829712,5882325,4043,,533603,0,0,0,1,0,North,2008/2009,SH 25A,SH 26,,Non-Injury Crash,Yes,2009,0,West,0,0,1,Flat,0,,0,,0,Bright sun,1057302,0,0,0,2,0,0,0,0,0,,0,0,Waikato Region,Nil,2-way,Sealed,0,0,0,0,100,0,Null,0,0,,11,Thames-Coromandel District,Unknown,0,0,0,0,0,0,Open,0,0,0,Fine,Frost
1568662,5180365,4044,,590800,0,,0,1,,South,2008/2009,DEANS AVENUE,RICCARTON ROAD,,Minor Crash,No,2009,,North,,0,,Flat,,,,,,Bright sun,2474801,1,0,0,2,,,0,,,1,,,Canterbury Region,Nil,2-way,Sealed,,0,0,,50,,Null,0,0,,60,Christchurch City,Give way,,,,,0,0,Urban,0,,,Fine,Null
1571035,5180160,4045,,591500,0,,0,1,,West,2008/2009,WORCESTER ST,LATIMER SQUARE,,Minor Crash,No,2009,,East,,0,,Flat,,,,,,Overcast,2652900,2,0,0,2,,,0,,,,,,Canterbury Region,Nil,2-way,Sealed,,0,0,,50,,Null,1,0,,60,Christchurch City,Unknown,,,,,0,0,Urban,0,,,Fine,Null
1802000,5816926,4046,,530000,0,,0,1,,Null,2008/2009,PEACHGROVE ROAD,BOUNDARY ROAD,,Non-Injury Crash,No,2009,,North,,0,,Flat,,,,,,Bright sun,865400,0,0,0,2,,,0,,,,,,Waikato Region,Nil,2-way,Sealed,,0,0,,50,,Null,0,0,,16,Hamilton City,Give way,,,,,1,0,Urban,0,,,Fine,Null
1923301,5736906,4047,,542700,0,,0,2,,Null,2008/2009,PINE DRIVE,OREGON DRIVE S,,Non-Injury Crash,No,2009,,North,,0,,Flat,,,,,,Overcast,1329300,0,0,0,2,,,0,,,,,,Bay of Plenty Region,Nil,2-way,Sealed,,0,0,,50,,Off,0,0,,25,Whakatane District,Stop,,,,,0,0,Urban,0,,,Fine,Null
1719828,6047340,4048,,502700,0,,0,2,,Null,2008/2009,MILL ROAD,GRAHAM ST,,Non-Injury Crash,No,2009,,South,,0,,Flat,,,,,,Bright sun,91800,0,0,0,2,,,0,,,,,,Northland Region,Nil,2-way,Sealed,,0,0,,50,,Off,0,0,,2,Whangarei District,Nil,,,,,0,0,Urban,0,,,Fine,Null
1749366,5913204,4049,,511401,0,,0,2,,Null,2008/2009,GARDNER AVENUE,SEABROOK AVENUE,,Non-Injury Crash,No,2009,,North,,0,,Flat,,,,,,Bright sun,263500,0,0,0,2,,,0,,,,,,Auckland Region,Nil,2-way,Sealed,,0,0,,50,,Null,0,0,,76,Auckland,Stop,,,,,0,0,Urban,0,,,Fine,Null
1573006,5182730,4050,,592811,0,,0,1,,West,2008/2009,NEW BRIGHTON ROAD,NETHERBY LANE,,Minor Crash,No,2009,,West,,0,,Flat,,,,,,Overcast,2601600,1,0,1,2,,,0,,,,,,Canterbury Region,Nil,2-way,Sealed,,0,0,,50,,Null,0,0,,60,Christchurch City,Nil,,,,,0,0,Urban,0,,,Fine,Null
1782860,5926518,4051,,520801,0,,0,1,,North,2008/2009,CRESCENT ROAD EAST,WHARF ROAD,,Non-Injury Crash,No,2009,,South,,0,,Hill Road,,,,,,Dark,515203,0,0,0,1,,,0,,,,,,Auckland Region,Nil,1-way,Sealed,,0,0,,50,,None,0,0,,76,Auckland,Nil,,,,,0,0,Urban,0,,,Fine,Null
1571074,5180039,4052,,591500,1,,0,1,,Null,2009/2010,HEREFORD ST,LATIMER SQUARE W,,Minor Crash,No,2009,,East,,0,,Flat,,,,,,Bright sun,2651500,1,0,0,2,,,0,,,,,,Canterbury Region,Nil,2-way,Sealed,,0,0,,50,,Null,0,0,,60,Christchurch City,Nil,,,,,0,0,Urban,0,,,Fine,Null
1752284,5931187,4053,,508807,0,,0,1,,Null,2009/2010,BUSH ROAD,WILLIAM PICKERING DRIVE,,Non-Injury Crash,No,2009,,West,,0,,Flat,,,,,,Overcast,180809,0,0,0,2,,,0,,,,,,Auckland Region,Nil,2-way,Sealed,,0,0,,50,,Null,0,0,,76,Auckland,Give way,,,,,0,0,Urban,1,,,Fine,Null
1770445,5912514,4054,,523105,0,,0,2,,South,2008/2009,BOTANY ROAD,CASCADES ROAD,,Non-Injury Crash,No,2009,,North,,0,,Flat,,,,,,Bright sun,711139,0,0,0,4,,,0,,,,,,Auckland Region,Nil,2-way,Sealed,,0,0,,70,,Off,0,0,,76,Auckland,Nil,,,,,0,0,Urban,0,,,Fine,Null
1288158,5128184,4055,,585325,0,,0,1,,Null,2008/2009,SH 6,HARRIS CRK BR,,Minor Crash,Yes,2009,,South,,0,,Flat,,,,,,Overcast,2416603,1,0,0,1,,,0,,,,,,West Coast Region,Bridge,2-way,Sealed,,0,0,,100,,Null,0,0,,57,Westland District,Give way,,,,,0,0,Open,1,,,Fine,Null
1768430,5900636,4056,,525101,0,,0,2,,Null,2009/2010,WEYMOUTH ROAD,RUSSELL ROAD,,Non-Injury Crash,No,2009,,East,,0,,Flat,,,,,,Overcast,771100,0,0,0,2,,,0,,,,,,Auckland Region,Nil,2-way,Sealed,,0,0,,50,,Off,0,0,,76,Auckland,Traffic Signals,,,,,0,0,Urban,0,,,Fine,Null
1817066,5802961,4057,,527503,0,,0,1,,Null,2008/2009,DUKE ST,HALLYS LANE,,Non-Injury Crash,No,2009,,East,,0,,Flat,,,,,,Bright sun,964900,0,0,0,2,,,0,,,,,,Waikato Region,Nil,2-way,Sealed,,0,0,,50,,Off,0,0,,17,Waipa District,Nil,,,,,0,0,Urban,1,,,Fine,Null
1892472,5784767,4058,,538820,0,0,0,0,0,North,2009/2010,SH 33,HAMURANA ROAD,,Non-Injury Crash,Yes,2009,0,North,0,0,0,Flat,0,,0,,0,Dark,1250500,0,0,0,2,0,0,0,1,0,,0,0,Bay of Plenty Region,Nil,2-way,Sealed,0,0,0,0,70,0,None,0,0,,24,Rotorua District,Nil,0,0,0,0,0,0,Urban,2,0,0,Fine,Null
1426551,5123950,4059,,600323,0,0,0,1,0,North,2009/2010,CLAYTON ROAD,SPRINGS ROAD,,Minor Crash,No,2009,0,North,0,0,1,Flat,0,,0,,0,Dark,2806900,1,0,0,2,0,0,0,0,0,,0,0,Canterbury Region,Nil,2-way,Sealed,0,0,0,0,100,0,None,0,0,,65,Mackenzie District,Unknown,0,0,0,1,0,0,Open,0,0,0,Fine,Null
1242935,4849557,4060,,611210,0,,0,2,,Null,2009/2010,TAY ST,CONON ST,,Minor Crash,Yes,2009,,South,,0,,Flat,,,,,,Overcast,3108900,2,0,0,4,,,0,,,,,,Southland Region,Nil,2-way,Sealed,,0,0,,50,,Null,0,0,,75,Invercargill City,Traffic Signals,,,,,0,0,Urban,0,,,Light rain,Null
1751803,5917413,4061,,514900,0,,0,1,,South,2008/2009,GREAT NORTH ROAD,HERDMAN ST,,Non-Injury Crash,No,2009,,South,,0,,Flat,,,,,,Dark,385803,0,0,0,4,,,0,,,,,,Auckland Region,Nil,2-way,Sealed,,0,0,,50,,On,1,0,,76,Auckland,Nil,,,,,0,0,Urban,0,,,Light rain,Null
1751120,5932305,4062,,508806,0,,0,1,,Null,2008/2009,ALBANY HIGHWAY,ROSEDALE ROAD,,Non-Injury Crash,No,2009,,South,,0,,Flat,,,,,,Overcast,179902,0,0,0,2,,,0,,,,,,Auckland Region,Nil,2-way,Sealed,,0,0,,50,,Off,0,0,,76,Auckland,Give way,,,,,0,0,Urban,0,,,Light rain,Null
1849947,5791336,4063,,535232,0,,0,0,,East,2008/2009,SH 5,HARWOODS ROAD,,Non-Injury Crash,Yes,2009,,West,,0,,Flat,,,,,,Overcast,1127701,0,0,0,2,,,0,,,,,,Waikato Region,Nil,2-way,Sealed,,0,0,,100,,Null,1,0,,19,South Waikato District,Unknown,,,,,0,0,Open,0,,,Snow,Null
1566426,5186001,4064,,588402,0,,0,2,,Null,2008/2009,SAWYERS ARMS ROAD,GARDINERS ROAD,,Minor Crash,No,2009,,East,,0,,Flat,,,,,,Overcast,2528600,1,0,0,2,,,0,,,,,,Canterbury Region,Nil,2-way,Sealed,,0,0,,50,,Null,0,0,,60,Christchurch City,Stop,,,,,0,0,Urban,0,,,Fine,Null
1772881,5896391,4065,,525410,0,,0,2,,Null,2008/2009,BROADWAY,RAILWAY ST WEST,,Non-Injury Crash,No,2009,,East,,0,,Flat,,,,,,Twilight,793000,0,0,0,2,,,0,,,,,,Auckland Region,Nil,2-way,Sealed,,0,0,,50,,On,0,0,,76,Auckland,Give way,,,,,0,0,Urban,0,,,Fine,Null
1753951,5934166,4066,,508804,0,,0,2,,Null,2008/2009,EAST COAST ROAD,OAKTREE AVENUE,,Non-Injury Crash,No,2009,,South,,0,,Hill Road,,,,,,Dark,180613,0,0,0,2,,,0,,,,,,Auckland Region,Nil,2-way,Sealed,,0,0,,50,,On,0,0,,76,Auckland,Nil,,,,,0,0,Urban,0,,,Fine,Null
1925864,5778940,4067,,542600,0,,0,2,,Null,2009/2010,SH 34,MANUKORIHI DRIVE,,Non-Injury Crash,Yes,2009,,West,,0,,Flat,,,,,,Overcast,1315000,0,0,0,2,,,0,,,,,,Bay of Plenty Region,Nil,2-way,Sealed,,0,0,,70,,Null,0,0,,26,Kawerau District,Traffic Signals,,,,,0,0,Urban,0,,,Fine,Null
1706476,5681211,4068,,551111,0,,0,1,,West,2008/2009,SH 3,NELSON ST,,Non-Injury Crash,Yes,2009,,West,,0,,Hill Road,,,,,,Dark,1565600,0,0,0,2,,,0,,,,,,Taranaki Region,Nil,2-way,Sealed,,0,0,,100,,On,0,0,,33,New Plymouth District,Nil,,,,,0,0,Open,0,,,Fine,Null
1765726,5907091,4069,,522301,0,,0,2,,Null,2008/2009,EAST TAMAKI ROAD,KONINI AVENUE,,Non-Injury Crash,No,2009,,East,,0,,Flat,,,,,,Dark,666301,0,0,0,2,,,0,,,,,,Auckland Region,Nil,2-way,Sealed,,0,0,,50,,On,0,0,,76,Auckland,Stop,,,,,0,0,Urban,0,,,Light rain,Null
1578305,5182633,4070,,595800,0,0,0,1,0,South,2008/2009,MARINE PARADE,BERESFORD ST,,Minor Crash,No,2009,0,South,0,0,0,Flat,0,,0,,1,Dark,2559300,1,0,0,2,0,0,0,0,0,,0,0,Canterbury Region,Nil,2-way,Sealed,0,0,0,0,50,0,On,0,0,,60,Christchurch City,Unknown,0,0,0,0,0,0,Urban,0,0,0,Fine,Null
1767168,5900113,4071,,525101,0,0,0,1,0,Null,2008/2009,WEYMOUTH ROAD,MINTON PLACE,,Non-Injury Crash,No,2009,0,East,0,0,0,Flat,0,,0,,0,Dark,772903,0,0,0,2,0,0,0,0,0,,0,1,Auckland Region,Nil,2-way,Sealed,0,0,0,0,50,0,On,0,0,,76,Auckland,Give way,0,0,0,0,0,0,Urban,0,0,0,Fine,Null
1838557,5680408,4072,,541348,0,,0,0,,West,2009/2010,SH 47,SH 41,,Non-Injury Crash,Yes,2009,,North,,0,,Hill Road,,,,,,Bright sun,1288701,0,0,0,2,,,0,,,,,,Waikato Region,Nil,2-way,Sealed,,0,0,,100,,Null,1,0,,21,Taupo District,Unknown,,,,,0,0,Open,0,,,Mist or Fog,Null
1764113,5910397,4073,,521901,0,,0,1,,Null,2009/2010,LUKE ST,ATKINSON AVENUE,,Non-Injury Crash,No,2009,,North,,0,,Flat,,,,,,Bright sun,782000,0,0,0,2,,,0,,,,,,Auckland Region,Nil,2-way,Sealed,,0,0,,50,,Off,1,0,,76,Auckland,Stop,,,,,0,0,Urban,0,,,Fine,Null
1774912,5896661,4074,,525610,0,0,0,2,0,East,2008/2009,HEATHDALE CRESCENT,DOMINION ROAD,,Non-Injury Crash,No,2009,0,West,0,0,0,Flat,0,,0,,0,Twilight,799106,0,0,0,2,0,0,0,0,1,,0,0,Auckland Region,Nil,2-way,Sealed,0,0,0,0,50,0,On,0,0,,76,Auckland,Nil,0,0,0,0,0,0,Urban,0,0,0,Light rain,Null
1687257,6093098,4075,,501633,0,0,0,1,0,Null,2008/2009,SH 10,TE AHU AHU ROAD,,Non-Injury Crash,Yes,2009,0,East,0,0,0,Flat,0,,0,,0,Dark,35800,0,0,0,2,0,0,0,0,0,,0,0,Northland Region,Nil,2-way,Sealed,0,0,0,0,100,0,On,0,0,,1,Far North District,Stop,0,1,0,0,0,0,Open,0,0,0,Heavy rain,Null
1900567,5809434,4076,,536651,0,,0,2,,North,2008/2009,WILSON ROAD SOUTH,MCKENZIE ROAD,,Non-Injury Crash,No,2009,,South,,0,,Flat,,,,,,Bright sun,1211601,0,0,0,2,,,0,,,,,,Bay of Plenty Region,Nil,2-way,Sealed,,0,0,,70,,Null,0,0,,22,Western Bay of Plenty District,Nil,,,,,0,0,Urban,0,,,Fine,Null
1765135,5909769,4077,,521802,0,,0,2,,South,2009/2010,SH 1N,PRINCES OBR,,Non-Injury Crash,Yes,2009,,North,,0,,Hill Road,,,,,,Dark,788203,0,0,0,4,,,0,,,,,,Auckland Region,Nil,1-way,Sealed,,0,0,,100,,On,0,0,,76,Auckland,Unknown,,,,,0,0,Open,0,,,Light rain,Null
1763393,5911222,4078,,520500,0,,0,2,,Null,2008/2009,GREAT SOUTH ROAD,BELL AVENUE,,Non-Injury Crash,No,2009,,North,,0,,Flat,,,,,,Bright sun,637702,0,0,0,2,,,0,,,,,,Auckland Region,Nil,2-way,Sealed,,0,0,,50,,Null,0,0,,76,Auckland,Stop,,,,,0,0,Urban,0,,,Fine,Null
1769381,5901033,4079,,524902,0,,0,2,,Null,2008/2009,ALFRISTON ROAD,CLAUDE ROAD,,Non-Injury Crash,No,2009,,East,,0,,Flat,,,,,,Overcast,757700,0,0,0,2,,,0,,,,,,Auckland Region,Nil,2-way,Sealed,,0,0,,50,,Null,0,0,,76,Auckland,Give way,,,,,0,0,Urban,0,,,Fine,Null
1759576,5912818,4080,,519820,0,0,1,1,0,South,2008/2009,VICTORIA ST,MOUNT SMART ROAD,,Non-Injury Crash,No,2009,0,North,0,0,0,Flat,0,,0,,0,Bright sun,600300,0,0,0,2,0,0,0,0,1,,0,0,Auckland Region,Nil,2-way,Sealed,0,0,0,0,50,0,Off,0,0,,76,Auckland,Nil,0,0,0,0,0,0,Urban,0,0,0,Fine,Null
1767987,5904352,4081,,524604,0,,0,3,,North,2008/2009,SH 1N,REDOUBT OBR,,Non-Injury Crash,Yes,2009,,North,,0,,Flat,,,,,,Bright sun,780302,0,0,0,2,,,0,,,,,,Auckland Region,Nil,1-way,Sealed,,0,0,,100,,Null,0,0,,76,Auckland,Unknown,,,,,0,0,Open,1,,,Fine,Null
1570693,5176358,4082,,591101,0,,0,1,,Null,2008/2009,COLOMBO ST,MALCOLM AVENUE,,Serious Crash,No,2009,,South,,0,,Flat,,,,,,Dark,2549400,0,0,1,2,,,0,,,,,,Canterbury Region,Nil,2-way,Sealed,,0,1,,50,,On,0,0,,60,Christchurch City,Give way,,,,,0,0,Urban,0,,,Fine,Null
1767776,5904283,4083,,524602,0,,0,2,,Null,2008/2009,GREAT SOUTH ROAD,REDOUBT ROAD S,,Non-Injury Crash,No,2009,,North,,0,,Flat,,,,,,Bright sun,780501,0,0,0,1,,,0,,,,,,Auckland Region,Nil,1-way,Sealed,,0,0,,50,,Null,0,0,,76,Auckland,Give way,,,,,0,0,Urban,0,,,Fine,Null
1878676,5826059,4084,,537201,0,0,0,1,0,North,2009/2010,CHAPEL ST,MAXWELLS ROAD,,Non-Injury Crash,No,2009,0,North,0,0,1,Flat,0,,0,,0,Dark,1155900,0,0,0,2,0,0,0,0,0,,0,0,Bay of Plenty Region,Nil,2-way,Sealed,0,0,0,0,50,0,On,0,0,,23,Tauranga City,Nil,0,0,0,1,0,0,Urban,0,0,0,Heavy rain,Null
1732253,5998178,4085,,505010,0,,0,1,,West,2008/2009,KAIWAKA MANGAWHAI ROAD,BALDROCK ROAD,,Non-Injury Crash,No,2009,,North,,0,,Flat,,,,,,Bright sun,134901,0,0,0,2,,,0,,,,,,Northland Region,Nil,2-way,Sealed,,0,0,,100,,Null,0,0,50,3,Kaipara District,Unknown,,,,,0,0,Open,0,,,Fine,Null
1718586,6044461,4086,,503600,0,,0,2,,Null,2008/2009,SH 1N,TAREWA ROAD,,Non-Injury Crash,Yes,2009,,South,,0,,Flat,,,,,,Twilight,104200,0,0,0,3,,,0,,,,,,Northland Region,Nil,2-way,Sealed,,0,0,,50,,Off,0,0,,2,Whangarei District,Give way,,,,,0,0,Urban,0,,,Fine,Null
1757315,5920448,4087,,514102,0,,1,1,,West,2008/2009,VICTORIA ST WEST,QUEEN ST,,Non-Injury Crash,No,2009,,East,,0,,Flat,,,,,,Bright sun,434000,0,0,0,2,,,0,,,,,,Auckland Region,Nil,2-way,Sealed,,0,0,,50,,Null,0,0,,76,Auckland,Unknown,,,,,0,0,Urban,0,,,Fine,Null
1759948,5916862,4088,,516002,0,,0,2,,South,2008/2009,ARMADALE ROAD,REMUERA ROAD,,Non-Injury Crash,No,2009,,South,,0,,Flat,,,,,,Overcast,492200,0,0,0,2,,,0,,,,,,Auckland Region,Nil,2-way,Sealed,,0,0,,50,,Null,0,0,,76,Auckland,Nil,,,,,0,0,Urban,0,,,Mist or Fog,Null
1807440,5810542,4089,,527131,0,0,0,1,1,South,2009/2010,SH 21,TAMAHERE DRIVE,,Non-Injury Crash,Yes,2009,0,South,0,0,0,Flat,0,,0,,0,Dark,960300,0,0,0,2,0,0,0,0,0,,0,0,Waikato Region,Nil,2-way,Sealed,0,0,0,0,100,0,On,0,0,,13,Waikato District,Unknown,0,0,0,0,0,0,Open,0,0,0,Light rain,Null
1755902,5928200,4090,,507900,0,,0,2,,South,2008/2009,SH 1N,TRISTRAM OBR,,Non-Injury Crash,Yes,2009,,North,,0,,Flat,,,,,,Overcast,305201,0,0,0,3,,,0,,,,,,Auckland Region,Nil,1-way,Sealed,,0,0,,100,,Null,0,0,,76,Auckland,Unknown,,,,,0,0,Open,0,,,Fine,Null
1749527,5933381,4091,,509000,0,0,0,0,0,North,2009/2010,PAREMOREMO ROAD,PRIMROSE LANE,,Non-Injury Crash,No,2009,0,South,0,0,0,Hill Road,1,,0,,0,Dark,179303,0,0,0,2,0,0,0,0,0,,0,0,Auckland Region,Nil,2-way,Sealed,0,0,0,0,80,0,None,1,0,,76,Auckland,Nil,0,0,0,0,0,0,Open,0,0,0,Fine,Null
1768774,5905021,4092,,523722,0,,0,0,,Null,2008/2009,HOLLYFORD DRIVE,ASPIRING AVENUE,,Non-Injury Crash,No,2009,,South,,0,,Flat,,,,,,Dark,716013,0,0,0,2,,,0,,,,,,Auckland Region,Nil,2-way,Sealed,,0,0,,50,,On,2,0,,76,Auckland,Nil,,,,,0,0,Urban,0,,,Light rain,Null
1749494,5945743,4093,,506001,0,,0,2,,North,2008/2009,EAST COAST ROAD,SLIP ROAD,,Non-Injury Crash,No,2009,,South,,0,,Hill Road,,,,,,Twilight,175600,0,0,0,2,,,0,,,,,,Auckland Region,Nil,2-way,Sealed,,0,0,,80,,On,0,0,,76,Auckland,Nil,,,,,0,0,Open,0,,,Fine,Null