X,Y,OBJECTID,advisorySpeed,areaUnitID,bicycle,bridge,bus,carStationWagon,cliffBank,crashDirectionDescription,crashFinancialYear,crashLocation1,crashLocation2,crashRoadSideRoad,crashSeverity,crashSHDescription,crashYear,debris,directionRoleDescription,ditch,fatalCount,fence,flatHill,guardRail,holiday,houseOrBuilding,intersection,kerb,light,meshblockId,minorInjuryCount,moped,motorcycle,NumberOfLanes,objectThrownOrDropped,otherObject,otherVehicleType,overBank,parkedVehicle,pedestrian,phoneBoxEtc,postOrPole,region,roadCharacter,roadLane,roadSurface,roadworks,schoolBus,seriousInjuryCount,slipOrFlood,speedLimit,strayAnimal,streetLight,suv,taxi,temporarySpeedLimit,tlaId,tlaName,trafficControl,trafficIsland,trafficSign,train,tree,truck,unknownVehicleType,urban,vanOrUtility,vehicle,waterRiver,weatherA,weatherB
1755074,5928452,4094,,508320,0,0,0,2,0,North,2009/2010,BRUCE ROAD,MARCEL PLACE,,Non-Injury Crash,No,2009,0,East,0,0,0,Hill Road,0,,0,,0,Dark,199100,0,0,0,1,0,0,0,0,0,,0,1,Auckland Region,Nil,2-way,Sealed,0,0,0,0,50,0,On,0,0,,76,Auckland,Nil,0,0,0,0,0,0,Urban,0,0,0,Light rain,Null
1839617,5910423,4095,,533200,0,0,0,0,1,West,2008/2009,SH 25,TAPU COROGLEN ROAD E,,Non-Injury Crash,Yes,2009,0,North,0,0,0,Hill Road,0,,0,,0,Dark,1047701,0,0,0,2,0,0,0,0,0,,0,0,Waikato Region,Nil,2-way,Sealed,0,0,0,0,100,0,None,0,0,,11,Thames-Coromandel District,Nil,0,0,0,0,1,0,Open,0,0,0,Heavy rain,Null
1803883,5790817,4096,,531002,0,,0,2,,Null,2008/2009,MUTU ST,MAHOE ST,,Non-Injury Crash,No,2009,,South,,0,,Flat,,,,,,Bright sun,970300,0,0,0,2,,,0,,,,,,Waikato Region,Nil,2-way,Sealed,,0,0,,50,,Null,0,0,,17,Waipa District,Stop,,,,,0,0,Urban,0,,,Fine,Null
1764299,5917645,4097,,517201,0,,0,1,,North,2009/2010,ST JOHNS ROAD,COLLEGE ROAD,,Non-Injury Crash,No,2009,,North,,0,,Flat,,,,,,Bright sun,464900,0,0,0,2,,,0,,,,,,Auckland Region,Nil,2-way,Sealed,,0,0,,50,,Off,0,0,,76,Auckland,Nil,,,,,0,0,Urban,1,,,Fine,Null
1754184,5931407,4098,,508805,0,,0,2,,South,2008/2009,UPPER HWY ON SBD,SH 18,,Non-Injury Crash,Yes,2009,,South,,0,,Hill Road,,,,,,Overcast,180826,0,0,0,1,,,0,,,,,,Auckland Region,Motorway ramp,1-way,Sealed,,0,0,,50,,Null,1,0,,76,Auckland,Nil,,,,,0,0,Urban,0,,,Heavy rain,Null
1759712,5906302,4099,,524200,0,0,0,1,0,East,2009/2010,KIRKBRIDE ROAD,JORDAN ROAD,,Non-Injury Crash,No,2009,0,West,0,0,0,Flat,0,,0,,0,Dark,727901,0,0,0,2,0,0,0,0,0,,0,1,Auckland Region,Nil,2-way,Sealed,0,0,0,0,50,0,On,0,0,,76,Auckland,Nil,0,0,0,0,0,0,Urban,0,0,0,Light rain,Null
1884680,5824393,4100,,536832,0,,0,2,,North,2008/2009,TE MAUNGA LANE,VILLA WAY,,Non-Injury Crash,No,2009,,North,,0,,Flat,,,,,,Bright sun,1202406,0,0,0,3,,,0,,,,,,Bay of Plenty Region,Nil,2-way,Sealed,,0,0,,100,,Null,0,0,,23,Tauranga City,Unknown,,,,,0,0,Open,0,,,Fine,Null
1764513,5912954,4101,,520500,0,,0,3,,West,2008/2009,SOUTH-EASTERN HIGHWAY,WAIPUNA ROAD,,Non-Injury Crash,No,2009,,West,,0,,Flat,,,,,,Dark,639000,0,0,0,4,,,0,,,,,,Auckland Region,Nil,2-way,Sealed,,0,0,,80,,On,0,0,,76,Auckland,Nil,,,,,0,0,Open,0,,,Fine,Null
1755107,5933613,4102,,507300,0,0,0,1,0,South,2008/2009,BROWNS BAY ROAD,GANNET POINT,,Non-Injury Crash,No,2009,0,South,0,0,1,Flat,1,,0,,0,Dark,155701,0,0,0,2,0,0,0,0,0,,0,0,Auckland Region,Nil,2-way,Sealed,0,0,0,0,50,0,On,0,0,,76,Auckland,Nil,0,0,0,0,0,0,Urban,0,0,0,Fine,Null
1760356,5906344,4103,,524111,0,0,0,1,0,North,2008/2009,PERSHORE PLACE,MASSEY ROAD,,Non-Injury Crash,No,2009,0,South,0,0,0,Flat,0,,0,,0,Dark,740903,0,0,0,1,0,0,0,0,1,,0,0,Auckland Region,Nil,2-way,Sealed,0,0,0,0,30,0,On,0,0,,76,Auckland,Nil,0,0,0,0,0,0,Urban,1,0,0,Fine,Null
1924704,5777902,4104,,542600,0,,0,1,,Null,2009/2010,ONSLOW ST,PLUNKET ST,,Non-Injury Crash,No,2009,,North,,0,,Flat,,,,,,Overcast,1315200,0,0,0,2,,,0,,,,,,Bay of Plenty Region,Nil,2-way,Sealed,,0,0,,50,,Null,0,0,,26,Kawerau District,Nil,,,,,0,0,Urban,1,,,Light rain,Null
1716454,6051361,4105,,502002,0,0,0,1,0,West,2008/2009,PIPIWAI ROAD,GREAT NORTH ROAD,,Non-Injury Crash,No,2009,0,West,0,0,1,Flat,0,,0,,0,Dark,69700,0,0,0,2,0,0,0,0,0,,0,0,Northland Region,Nil,2-way,Sealed,0,0,0,0,100,0,None,0,0,,2,Whangarei District,Nil,0,0,0,0,0,0,Open,0,0,0,Light rain,Null
1801126,5814971,4106,,529700,0,,0,1,,North,2008/2009,ALEXANDRA ST,HOOD ST,,Non-Injury Crash,No,2009,,North,,0,,Flat,,,,,,Dark,911700,0,0,0,2,,,0,,,,,,Waikato Region,Nil,2-way,Sealed,,0,0,,50,,On,0,0,,16,Hamilton City,Unknown,,,,,0,0,Urban,1,,,Mist or Fog,Null
1747457,5910709,4107,,512000,0,,0,2,,South,2009/2010,SOUTH TITIRANGI ROAD,TITIRANGI ROAD,,Non-Injury Crash,No,2009,,South,,0,,Hill Road,,,,,,Overcast,295300,0,0,0,2,,,0,,,,,,Auckland Region,Nil,2-way,Sealed,,0,0,,50,,Off,0,0,,76,Auckland,Nil,,,,,0,0,Urban,0,,,Light rain,Null
1839688,5841329,4108,,534800,0,0,0,2,0,South,2008/2009,WHITAKER ST,KENRICK ST,,Non-Injury Crash,No,2009,0,South,0,0,0,Flat,0,,0,,0,Overcast,1104600,0,0,0,2,0,0,0,0,1,,0,0,Waikato Region,Nil,2-way,Sealed,0,0,0,0,50,0,Null,0,0,,15,Matamata-Piako District,Unknown,0,0,0,0,0,0,Urban,0,0,0,Fine,Null
1691249,6002010,4109,,505010,0,0,0,1,0,Null,2008/2009,DUNN ROAD,SH 12,,Non-Injury Crash,Yes,2009,0,North,1,0,0,Flat,0,,0,,0,Dark,127500,0,0,0,0,0,0,0,0,0,,0,0,Northland Region,Nil,2-way,Sealed,0,0,0,0,80,0,None,0,0,,3,Kaipara District,Nil,0,0,0,0,0,0,Open,0,0,0,Light rain,Null
1882056,5773626,4110,,539600,0,,0,0,,Null,2008/2009,SUNSET ROAD,EDMUND ROAD,,Non-Injury Crash,No,2009,,West,,0,,Flat,,,,,,Overcast,1229100,0,0,0,2,,,0,,,,,,Bay of Plenty Region,Nil,2-way,Sealed,,0,0,,50,,Off,1,0,,24,Rotorua District,Stop,,,,,0,0,Urban,1,,,Heavy rain,Null
1799750,5818223,4111,,529600,0,,0,2,,South,2008/2009,RIVER ROAD,DONNY AVENUE,,Non-Injury Crash,No,2009,,North,,0,,Flat,,,,,,Overcast,868700,0,0,0,2,,,0,,,,,,Waikato Region,Nil,2-way,Sealed,,0,0,,50,,Null,0,0,,16,Hamilton City,Unknown,,,,,0,0,Urban,0,,,Light rain,Null
1764914,5910841,4112,,521803,0,,0,2,,North,2009/2010,SH 1N,OTAHUHU OFF SBD,,Non-Injury Crash,Yes,2009,,South,,0,,Flat,,,,,,Dark,789700,0,0,0,3,,,0,,,,,,,Nil,1-way,Sealed,,0,0,,100,,On,1,0,,76,Auckland,Unknown,,,,,0,0,Open,0,,,Light rain,Null
1746542,5916159,4113,,511800,0,,0,2,,North,2009/2010,GREAT NORTH ROAD,KIRBY ST,,Non-Injury Crash,No,2009,,North,,0,,Flat,,,,,,Dark,276102,0,0,0,2,,,0,,,,,,Auckland Region,Nil,2-way,Sealed,,0,0,,50,,On,0,0,,76,Auckland,Nil,,,,,0,0,Urban,0,,,Fine,Null
1803532,5815435,4114,,530500,0,0,0,2,0,West,2009/2010,GREENSBORO ST,KNIGHTON ROAD,,Non-Injury Crash,No,2009,0,West,0,0,0,Flat,0,,0,,0,Bright sun,890100,0,0,0,2,0,0,0,0,1,,0,0,Waikato Region,Nil,2-way,Sealed,0,0,0,0,50,0,Off,0,0,,16,Hamilton City,Nil,0,0,0,0,0,0,Urban,0,0,0,Fine,Null
1869146,5711019,4115,20,541750,0,0,0,0,0,West,2008/2009,SHEPHERD ROAD,ARROWSMITH AVENUE,,Non-Injury Crash,No,2009,0,North,0,0,0,Flat,0,,0,,0,Dark,1267104,0,0,0,2,0,0,0,0,0,,0,0,Waikato Region,Nil,2-way,Sealed,0,0,0,0,50,0,None,1,0,,21,Taupo District,Nil,0,0,0,1,0,0,Urban,0,0,0,Fine,Null
1569866,5161823,4116,,597101,0,,0,0,,East,2008/2009,GEBBIES PASS ROAD,MILLERS ROAD,,Minor Crash,No,2009,,South,,0,,Hill Road,,,,,,Bright sun,2712500,1,0,1,2,,,0,,,,,,Canterbury Region,Nil,2-way,Sealed,,0,0,,100,,Null,0,0,,60,Christchurch City,Nil,,,,,0,0,Open,0,,,Fine,Null
1884187,5825239,4117,,536831,0,,0,1,,North,2009/2010,SH 2,GIRVEN ROAD,,Non-Injury Crash,Yes,2009,,South,,0,,Flat,,,,,,Twilight,1204403,0,0,0,2,,,0,,,,,,Bay of Plenty Region,Nil,2-way,Sealed,,0,0,,50,,On,0,0,,23,Tauranga City,Give way,,,,,1,0,Urban,0,,,Fine,Null
1771565,5895319,4118,,525540,0,0,0,2,1,North,2009/2010,PAPAKURA OFF SBD,BEACH ROAD,,Non-Injury Crash,Yes,2009,0,South,0,0,0,Hill Road,0,,0,,0,Dark,806402,0,0,0,2,0,0,0,0,0,,0,0,Auckland Region,Motorway ramp,1-way,Sealed,0,0,0,0,100,0,On,0,0,,76,Auckland,Unknown,0,1,0,0,0,0,Open,0,0,0,Fine,Null
1732345,6030829,4119,,501806,0,0,0,0,0,South,2009/2010,MARSDEN POINT ROAD,MCEWAN ROAD,,Non-Injury Crash,No,2009,0,North,0,0,0,Flat,0,,0,,0,Dark,79102,0,0,0,2,0,0,0,0,0,,0,0,Northland Region,Nil,2-way,Sealed,0,0,0,0,100,0,None,0,0,,2,Whangarei District,Nil,0,0,0,0,0,0,Open,1,0,0,Fine,Null
1745874,5920458,4120,,513301,0,,0,2,,East,2009/2010,SH 16,LINCOLN OBR,,Non-Injury Crash,Yes,2009,,West,,0,,Flat,,,,,,Overcast,230301,0,0,0,2,,,0,,,,,,Auckland Region,Nil,1-way,Sealed,,0,0,,100,,Off,0,0,,76,Auckland,Nil,,,,,0,0,Open,1,,,Light rain,Null
1719636,6047000,4121,,502800,0,,0,4,,South,2009/2010,KAMO ROAD,DEVERON ST,,Non-Injury Crash,No,2009,,South,,0,,Flat,,,,,,Bright sun,96000,0,0,0,2,,,0,,,,,,Northland Region,Nil,2-way,Sealed,,0,0,,50,,Off,0,0,,2,Whangarei District,Nil,,,,,0,0,Urban,0,,,Fine,Null
1764121,5918696,4122,,516601,0,,0,1,,North,2008/2009,KOHIMARAMA ROAD,ALLUM ST,,Non-Injury Crash,No,2009,,North,,0,,Flat,,,,,,Bright sun,506400,0,0,0,2,,,0,,,,,,Auckland Region,Nil,2-way,Sealed,,0,0,,50,,Off,0,0,,76,Auckland,Traffic Signals,,,,,1,0,Urban,0,,,Fine,Null
1758068,5917891,4123,70,515700,0,,0,1,,North,2009/2010,SH 1N,GILLIES OBR,,Non-Injury Crash,Yes,2009,,South,,0,,Flat,,,,,,Bright sun,443200,0,0,0,5,,,0,,,,,,Auckland Region,Nil,1-way,Sealed,,0,0,,100,,Off,1,0,,76,Auckland,Nil,,,,,0,0,Open,0,,,Fine,Null
1759626,5912243,4124,,520000,0,,0,1,,Null,2008/2009,CHURCH ST,VICTORIA ST,,Non-Injury Crash,No,2009,,West,,0,,Flat,,,,,,Dark,607000,0,0,0,2,,,0,,,,,,Auckland Region,Nil,2-way,Sealed,,0,0,,50,,On,1,0,,76,Auckland,Stop,,,,,0,0,Urban,0,,,Fine,Null
1699189,6095312,4125,,501100,0,0,0,1,0,North,2009/2010,SH 11,WILLIAMS ROAD,,Non-Injury Crash,Yes,2009,0,North,0,0,0,Flat,0,,0,,0,Dark,54300,0,0,0,2,0,1,0,0,0,,0,0,Northland Region,Nil,2-way,Sealed,0,0,0,0,100,0,None,0,0,,1,Far North District,Nil,0,0,0,0,0,0,Open,0,0,0,Null,Null
1800737,5813023,4126,,529100,0,,0,2,,Null,2009/2010,SH 3,SH 1N,,Non-Injury Crash,Yes,2009,,East,,0,,Flat,,,,,,Bright sun,930500,0,0,0,2,,,0,,,,,,Waikato Region,Nil,2-way,Sealed,,0,0,,60,,Null,0,0,,16,Hamilton City,Traffic Signals,,,,,0,0,Urban,0,,,Fine,Null
1754418,5930947,4127,30,508420,0,,0,3,,South,2009/2010,SH 1N,SUNSET OBR,,Non-Injury Crash,Yes,2009,,North,,0,,Flat,,,,,,Bright sun,182008,0,0,0,3,,,0,,,,,,Auckland Region,Nil,1-way,Sealed,,0,0,,100,,Off,0,0,,76,Auckland,Nil,,,,,0,0,Open,0,,,Fine,Null
1776794,5880553,4128,,521160,0,0,0,1,0,North,2008/2009,SH 1N,BEAVER ON SBD,,Non-Injury Crash,Yes,2009,0,South,0,0,0,Hill Road,1,,0,,0,Bright sun,827800,0,0,0,4,0,0,0,0,0,,0,0,Auckland Region,Nil,2-way,Sealed,0,0,0,0,100,0,Off,0,0,,76,Auckland,Nil,0,0,0,0,0,0,Open,0,0,0,Fine,Null
1762516,5906939,4129,,524301,0,0,0,2,0,South,2008/2009,BUCKLAND ROAD,ALLEN ST,,Non-Injury Crash,No,2009,0,South,0,0,0,Flat,1,,0,,0,Dark,746602,0,0,0,2,0,0,0,0,0,,0,0,Auckland Region,Nil,2-way,Sealed,0,0,0,0,50,0,On,0,0,,76,Auckland,Unknown,0,0,0,0,0,0,Urban,0,0,0,Fine,Null
1759010,5916759,4130,,519200,0,,0,1,,North,2009/2010,GREAT SOUTH ROAD,MARKET ROAD,,Non-Injury Crash,No,2009,,South,,0,,Flat,,,,,,Overcast,614200,0,0,0,2,,,0,,,,,,Auckland Region,Nil,2-way,Sealed,,0,0,,50,,Off,1,0,,76,Auckland,Nil,,,,,0,0,Urban,0,,,Fine,Null
1763567,5909031,4131,,521901,0,0,0,2,0,Null,2009/2010,WALMSLEY ROAD,WEKA ST,,Non-Injury Crash,No,2009,0,South,0,0,0,Flat,0,,0,,0,Dark,785000,0,0,0,1,0,0,0,0,0,,0,0,Auckland Region,Nil,2-way,Sealed,0,0,0,0,50,0,On,0,0,,76,Auckland,Traffic Signals,0,0,0,0,0,0,Urban,0,1,0,Fine,Null
1761758,5907320,4132,,524520,0,,0,1,,East,2008/2009,BUCKLAND ROAD,BEN LORA PLACE,,Non-Injury Crash,No,2009,,West,,0,,Flat,,,,,,Dark,734300,0,0,0,2,,,0,,,,,,Auckland Region,Nil,2-way,Sealed,,0,0,,50,,On,0,0,,76,Auckland,Nil,,,,,0,0,Urban,0,,,Fine,Null
1756275,5944252,4133,,505908,0,,0,2,,Null,2009/2010,STANMORE BAY ROAD,POLKINGHORNE DRIVE,,Non-Injury Crash,No,2009,,South,,0,,Flat,,,,,,Bright sun,173706,0,0,0,2,,,0,,,,,,Auckland Region,Nil,2-way,Sealed,,0,0,,50,,Null,0,0,,76,Auckland,Stop,,,,,0,0,Urban,0,,,Fine,Null
1754223,5914744,4134,,518801,0,,0,1,,Null,2009/2010,ODONNELL AVENUE,SANDRINGHAM ROAD,,Non-Injury Crash,No,2009,,East,,0,,Flat,,,,,,Bright sun,575500,0,0,0,2,,,0,,,,,,Auckland Region,Nil,2-way,Sealed,,0,0,,50,,Off,1,0,,76,Auckland,Stop,,,,,0,0,Urban,0,,,Fine,Null
1757304,5918884,4135,,514302,0,,0,1,,North,2009/2010,SH 1N,GILLIES OFF SBD,,Non-Injury Crash,Yes,2009,,South,,0,,Hill Road,,,,,,Dark,441700,0,0,0,4,,,0,,,,,,Auckland Region,Nil,1-way,Sealed,,0,0,,70,,On,0,0,,76,Auckland,Unknown,,,,,0,0,Urban,1,,,Fine,Null
1766723,5913327,4136,,522820,0,,1,1,,East,2008/2009,PAKURANGA ROAD,TI RAKAU DRIVE,,Non-Injury Crash,No,2009,,West,,0,,Flat,,,,,,Bright sun,694800,0,0,0,2,,,0,,,,,,Auckland Region,Nil,2-way,Sealed,,0,0,,60,,None,0,0,,76,Auckland,Nil,,,,,0,0,Urban,0,,,Fine,Null
1745394,5915987,4137,,510800,0,,0,2,,Null,2009/2010,RAILSIDE AVENUE,BRUCE MCLAREN ROAD,,Non-Injury Crash,No,2009,,East,,0,,Flat,,,,,,Overcast,244600,0,0,0,2,,,0,,,,,,Auckland Region,Rail xing,2-way,Sealed,,0,0,,50,,Off,0,0,,76,Auckland,Give way,,,,,0,0,Urban,0,,,Light rain,Null
1769776,5916087,4138,,522711,0,0,0,0,0,North,2009/2010,SUNDERLANDS ROAD,JILLTERESA CRESCENT N,,Non-Injury Crash,No,2009,0,North,0,0,1,Flat,0,,1,,0,Bright sun,679301,0,0,0,2,0,0,0,0,0,,0,0,Auckland Region,Nil,2-way,Sealed,0,0,0,0,50,0,Off,0,0,,76,Auckland,Nil,0,0,0,0,0,0,Urban,1,0,0,Fine,Null
1793161,5824942,4139,,527916,0,0,0,1,0,South,2008/2009,HOROTIU ROAD,PARK ROAD,,Non-Injury Crash,No,2009,0,North,0,0,1,Flat,0,,0,,0,Dark,975900,0,0,0,2,0,0,0,0,0,,0,0,Waikato Region,Nil,2-way,Sealed,0,0,0,0,50,0,On,0,0,,13,Waikato District,Unknown,0,0,0,0,0,0,Urban,0,0,0,Fine,Null
1890959,5821884,4140,,536201,0,,0,2,,Null,2008/2009,DICKSON ROAD,ALEXANDER PLACE,,Non-Injury Crash,No,2009,,West,,0,,Flat,,,,,,Overcast,1204710,0,0,0,2,,,0,,,,,,Bay of Plenty Region,Nil,2-way,Sealed,,0,0,,50,,Null,0,0,,23,Tauranga City,Give way,,,,,0,0,Urban,0,,,Fine,Null
1751327,5917793,4141,,514900,0,0,0,1,0,West,2008/2009,HEMINGTON ST,HERDMAN ST,,Non-Injury Crash,No,2009,0,North,0,0,0,Flat,0,Easter,0,,0,Overcast,385100,0,0,0,2,0,0,0,0,0,,0,0,Auckland Region,Nil,2-way,Sealed,0,0,0,0,50,0,Null,1,0,,76,Auckland,Unknown,0,0,0,0,0,0,Urban,0,1,0,Fine,Null
1746964,5913707,4142,,511100,0,0,0,2,0,East,2009/2010,OATES ROAD,GLENDALE ROAD,,Non-Injury Crash,No,2009,0,West,0,0,0,Flat,0,,0,,0,Overcast,286200,0,0,0,2,0,0,0,0,1,,0,0,Auckland Region,Nil,2-way,Sealed,0,0,0,0,50,0,Off,0,0,,76,Auckland,Nil,0,0,0,0,0,0,Urban,0,0,0,Light rain,Null
1699288,6095197,4143,,501100,0,0,0,1,0,West,2009/2010,WILLIAMS ROAD,SH 11,,Non-Injury Crash,No,2009,0,South,0,0,0,Flat,0,,0,,0,Dark,54300,0,0,0,1,0,0,0,0,1,,0,0,Northland Region,Nil,1-way,Sealed,0,0,0,0,50,0,On,0,0,,1,Far North District,Unknown,0,0,0,0,0,0,Urban,1,0,0,Fine,Null
1718818,6033801,4144,,501809,0,,0,2,,Null,2009/2010,SH 1N,MANGAPAI ROAD,,Non-Injury Crash,Yes,2009,,South,,0,,Flat,,,,,,Bright sun,74900,0,0,0,2,,,0,,,,,,Northland Region,Nil,2-way,Sealed,,0,0,,100,,Off,1,0,,2,Whangarei District,Stop,,,,,0,0,Open,0,,,Fine,Null
1858682,5788456,4145,65,535232,0,0,0,1,1,East,2008/2009,SH 5,TAPAPA ROAD,,Non-Injury Crash,Yes,2009,0,West,0,0,0,Hill Road,0,,0,,0,Twilight,1127702,0,0,0,2,0,0,0,0,0,,0,0,Waikato Region,Nil,2-way,Sealed,0,0,0,0,100,0,None,0,0,,19,South Waikato District,Unknown,0,0,0,0,0,0,Open,1,0,0,Light rain,Null
1882867,5826495,4146,,536821,0,,0,1,,Null,2008/2009,NEWTON ST,HEWLETTS ROAD,,Non-Injury Crash,No,2009,,South,,0,,Flat,,,,,,Bright sun,1204100,0,0,0,2,,,0,,,,,,Bay of Plenty Region,Nil,2-way,Sealed,,0,0,,50,,Off,0,0,,23,Tauranga City,Give way,,,,,0,0,Urban,1,,,Fine,Null
1756150,5913255,4147,,518701,0,,0,1,,Null,2008/2009,CARR ROAD,CLINKER ST,,Non-Injury Crash,No,2009,,West,,0,,Flat,,,,,,Overcast,569800,0,0,0,2,,,0,,,,,,Auckland Region,Nil,2-way,Sealed,,0,0,,50,,Off,1,0,,76,Auckland,Nil,,,,,0,0,Urban,0,,,Fine,Null
1765061,5910258,4148,,521801,0,,0,1,,South,2008/2009,SH 1N,PRINCES OBR,,Non-Injury Crash,Yes,2009,,North,,0,,Flat,,,,,,Overcast,787700,0,0,0,3,,,0,,,,,,Auckland Region,Nil,1-way,Sealed,,0,0,,100,,Null,0,0,,76,Auckland,Unknown,,,,,1,0,Open,0,,,Heavy rain,Null
1793225,5792696,4149,,527922,0,0,0,0,0,North,2009/2010,SH 39,BAFFIN ST,,Non-Injury Crash,Yes,2009,0,North,1,0,0,Flat,0,,0,,0,Bright sun,983102,0,0,0,2,0,0,0,0,0,,0,0,Waikato Region,Nil,2-way,Sealed,0,0,0,0,70,0,Off,0,0,,17,Waipa District,Nil,0,1,0,0,0,0,Urban,1,0,0,Fine,Null
1459809,5083721,4150,,599000,0,,0,2,,South,2009/2010,SH 1S,CAMPBELL ST,,Serious Crash,Yes,2009,,South,,0,,Hill Road,,,,,,Overcast,2780200,0,0,0,2,,,0,,,,,,Canterbury Region,Nil,2-way,Sealed,,0,1,,50,,Null,0,0,,64,Timaru District,Nil,,,,,0,0,Urban,0,,,Fine,Null
1758593,5926305,4151,,508020,0,,0,2,,Null,2009/2010,LAKE ROAD,EWEN ST,,Non-Injury Crash,No,2009,,South,,0,,Flat,,,,,,Overcast,323500,0,0,0,4,,,0,,,,,,Auckland Region,Nil,2-way,Sealed,,0,0,,50,,Off,0,0,,76,Auckland,Give way,,,,,0,0,Urban,0,,,Fine,Null
1881960,5828279,4152,,536821,0,,0,2,,Null,2009/2010,TAY ST,VALLEY ROAD,,Non-Injury Crash,No,2009,,East,,0,,Flat,,,,,,Overcast,1197200,0,0,0,2,,,0,,,,,,Bay of Plenty Region,Nil,2-way,Sealed,,0,0,,50,,Null,0,0,,23,Tauranga City,Give way,,,,,0,0,Urban,0,,,Fine,Null
1882305,5772796,4153,,539800,0,,0,2,,South,2009/2010,MALFROY ROAD WEST,WESTBROOK PLACE,,Non-Injury Crash,No,2009,,North,,0,,Flat,,,,,,Overcast,1229500,0,0,0,2,,,0,,,,,,Bay of Plenty Region,Nil,2-way,Sealed,,0,0,,50,,Null,0,0,,24,Rotorua District,Unknown,,,,,0,0,Urban,0,,,Fine,Null
1764160,5914380,4154,,520303,0,,0,2,,Null,2008/2009,MOUNT WELLINGTON HIGHWAY,MALONE ROAD,,Non-Injury Crash,No,2009,,North,,0,,Flat,,,,,,Overcast,627600,0,0,0,4,,,0,,,,,,Auckland Region,Nil,2-way,Sealed,,0,0,,50,,Null,0,0,,76,Auckland,Stop,,,,,0,0,Urban,0,,,Light rain,Null
1758657,5919829,4155,,515902,0,,0,2,,Null,2008/2009,PARNELL ROAD,RUSKIN ST,,Non-Injury Crash,No,2009,,South,,0,,Flat,,,,,,Overcast,452600,0,0,0,2,,,0,,,,,,Auckland Region,Nil,2-way,Sealed,,0,0,,50,,Null,0,0,,76,Auckland,Stop,,,,,0,0,Urban,0,,,Light rain,Null
1746661,5917866,4156,,512500,0,0,0,1,0,North,2008/2009,TE ATATU ROAD,ROBERTS ROAD,,Non-Injury Crash,No,2009,0,South,0,0,0,Flat,0,Easter,0,,0,Dark,258300,0,0,0,1,0,0,0,0,0,,0,0,Auckland Region,Nil,1-way,Sealed,0,0,0,0,50,0,On,1,0,,76,Auckland,Unknown,0,0,0,0,0,0,Urban,0,1,0,Fine,Null
1753915,5924805,4157,,510401,0,,0,2,,Null,2009/2010,ONEWA ROAD,BIRKENHEAD AVENUE,,Non-Injury Crash,No,2009,,South,,0,,Flat,,,,,,Dark,350905,0,0,0,4,,,0,,,,,,Auckland Region,Nil,2-way,Sealed,,0,0,,50,,On,0,0,,76,Auckland,Traffic Signals,,,,,0,0,Urban,0,,,Fine,Null
1946857,5792308,4158,,542511,0,0,0,1,0,East,2009/2010,SH 30,HUNA ROAD,,Non-Injury Crash,Yes,2009,0,East,1,0,0,Flat,0,,0,,0,Bright sun,1297502,0,0,0,2,0,0,0,0,0,,0,0,Bay of Plenty Region,Nil,2-way,Sealed,0,0,0,0,100,0,Null,0,0,,25,Whakatane District,Unknown,0,0,0,0,0,0,Open,0,0,0,Fine,Null
1757057,5917861,4159,,518101,0,0,0,2,0,Null,2008/2009,MOUNT EDEN ROAD,NORMANBY ROAD,,Non-Injury Crash,No,2009,0,North,0,0,0,Hill Road,0,,0,,0,Bright sun,543100,0,0,0,2,0,0,0,0,1,,0,0,Auckland Region,Nil,2-way,Sealed,0,0,0,0,50,0,Null,0,0,,76,Auckland,Nil,0,0,0,0,0,0,Urban,1,0,0,Fine,Null
1883900,5825553,4160,,536831,0,,0,2,,Null,2009/2010,SH 2,CONCORD AVENUE,,Non-Injury Crash,Yes,2009,,South,,0,,Flat,,,,,,Overcast,1204403,0,0,0,4,,,0,,,,,,Bay of Plenty Region,Nil,2-way,Sealed,,0,0,,70,,Null,0,0,,23,Tauranga City,Stop,,,,,0,0,Urban,0,,,Fine,Null
1780142,5901979,4161,,525201,0,,0,2,,Null,2008/2009,PAPAKURA-CLEVEDON ROAD,CLEVEDON-TAKANINI ROAD,,Non-Injury Crash,No,2009,,South,,0,,Flat,,,,,,Bright sun,763300,0,0,0,2,,,0,,,,,,Auckland Region,Nil,2-way,Sealed,,0,0,,100,,Null,0,0,,76,Auckland,Give way,,,,,0,0,Open,0,,,Fine,Null
1749115,5913000,4162,,511401,0,0,0,1,0,East,2008/2009,SEABROOK AVENUE,WILLERTON AVENUE,,Non-Injury Crash,No,2009,0,East,0,0,0,Flat,0,,0,,0,Overcast,264300,0,0,0,2,0,0,0,0,1,,0,0,Auckland Region,Nil,2-way,Sealed,0,0,0,0,50,0,None,1,0,,76,Auckland,Stop,0,0,0,0,0,0,Urban,0,0,0,Fine,Null
1836221,5655571,4163,65,541501,0,0,0,0,1,North,2008/2009,SH 1N,RANGIPO INTAKE ROAD,,Non-Injury Crash,Yes,2009,0,North,0,0,0,Hill Road,0,,0,,0,Dark,1289001,0,0,0,2,0,0,0,0,0,,0,0,Waikato Region,Nil,2-way,Sealed,0,0,0,0,100,0,None,0,0,,21,Taupo District,Nil,0,0,0,0,0,0,Open,1,0,0,Fine,Strong wind
1404021,4914306,4164,,604210,0,0,0,4,0,North,2009/2010,SOUTH ROAD,SIDEY ST,,Minor Crash,No,2009,0,West,0,0,0,Hill Road,0,,0,,0,Overcast,2911900,2,0,0,2,0,0,0,0,1,,0,0,Otago Region,Nil,2-way,Sealed,0,0,0,0,50,0,Null,0,1,,71,Dunedin City,Unknown,0,0,0,0,0,0,Urban,0,0,0,Fine,Null