X,Y,OBJECTID,advisorySpeed,areaUnitID,bicycle,bridge,bus,carStationWagon,cliffBank,crashDirectionDescription,crashFinancialYear,crashLocation1,crashLocation2,crashRoadSideRoad,crashSeverity,crashSHDescription,crashYear,debris,directionRoleDescription,ditch,fatalCount,fence,flatHill,guardRail,holiday,houseOrBuilding,intersection,kerb,light,meshblockId,minorInjuryCount,moped,motorcycle,NumberOfLanes,objectThrownOrDropped,otherObject,otherVehicleType,overBank,parkedVehicle,pedestrian,phoneBoxEtc,postOrPole,region,roadCharacter,roadLane,roadSurface,roadworks,schoolBus,seriousInjuryCount,slipOrFlood,speedLimit,strayAnimal,streetLight,suv,taxi,temporarySpeedLimit,tlaId,tlaName,trafficControl,trafficIsland,trafficSign,train,tree,truck,unknownVehicleType,urban,vanOrUtility,vehicle,waterRiver,weatherA,weatherB
1752304,5914242,4165,,514500,0,0,0,1,0,West,2009/2010,TIVERTON ROAD,NEW WINDSOR ROAD,,Non-Injury Crash,No,2009,0,East,0,0,0,Hill Road,0,,0,,0,Bright sun,374900,0,0,0,2,0,0,0,0,0,,0,0,Auckland Region,Nil,2-way,Sealed,0,0,0,0,50,0,Off,0,0,,76,Auckland,Nil,0,0,0,0,0,0,Urban,1,1,0,Fine,Null
1766025,5900490,4166,,524821,0,0,0,1,0,Null,2008/2009,BURUNDI AVENUE,ROSCOMMON ROAD,,Non-Injury Crash,No,2009,0,East,0,0,0,Flat,0,,0,,0,Twilight,774405,0,0,0,2,0,0,0,0,1,,0,0,Auckland Region,Nil,2-way,Sealed,0,0,0,0,50,0,On,0,0,,76,Auckland,Nil,0,0,0,0,0,0,Urban,1,0,0,Fine,Null
1763383,5912778,4167,,520500,0,,0,2,,Null,2009/2010,SOUTH-EASTERN HIGHWAY,SEMW ON WBD,,Non-Injury Crash,No,2009,,West,,0,,Flat,,,,,,Bright sun,637300,0,0,0,3,,,0,,,,,,Auckland Region,Motorway ramp,2-way,Sealed,,0,0,,80,,Null,0,0,,76,Auckland,Nil,,,,,0,0,Open,1,,,Fine,Null
1712937,6042964,4168,,501810,0,0,0,1,0,South,2009/2010,CEMETERY ROAD,PURIRI GRANGE LANE,,Non-Injury Crash,No,2009,0,South,1,0,0,Hill Road,0,,0,,0,Twilight,70904,0,0,0,2,0,0,0,0,0,,0,0,Northland Region,Nil,2-way,Sealed,0,0,0,0,100,0,None,0,0,,2,Whangarei District,Unknown,0,0,0,0,0,0,Open,0,0,0,Fine,Null
1572355,5187709,4169,,590507,0,,0,2,,Null,2009/2010,MARSHLAND ROAD,HAWKINS ROAD,,Minor Crash,No,2009,,South,,0,,Flat,,,,,,Bright sun,2503701,1,0,0,2,,,0,,,,,,Canterbury Region,Nil,2-way,Sealed,,0,0,,80,,Null,0,0,,60,Christchurch City,Stop,,,,,0,0,Open,0,,,Fine,Null
1768283,5898012,4170,,525102,0,0,0,1,0,North,2009/2010,CARNOUSTIE DRIVE,OAKMONT PLACE,,Non-Injury Crash,No,2009,0,North,0,0,0,Flat,0,,0,,0,Overcast,769045,0,0,0,2,0,0,0,0,0,,0,1,Auckland Region,Nil,2-way,Sealed,0,0,0,0,50,0,Off,0,0,,76,Auckland,Nil,0,0,0,0,0,0,Urban,0,0,0,Light rain,Null
1753893,5913407,4171,,518901,0,,0,1,,South,2008/2009,WHITE SWAN ROAD,RICHARDSON ROAD,,Non-Injury Crash,No,2009,,West,,0,,Flat,,,,,,Bright sun,585101,0,0,0,3,,,0,,,,,,Auckland Region,Nil,2-way,Sealed,,0,0,,50,,Null,1,0,,76,Auckland,Nil,,,,,0,0,Urban,0,,,Fine,Null
1879293,5824784,4172,,538201,0,0,0,2,0,Null,2008/2009,HARINGTON ST,DURHAM ST,,Non-Injury Crash,No,2009,0,East,0,0,0,Flat,0,,0,,0,Bright sun,1163300,0,0,0,2,0,0,0,0,1,,0,0,Bay of Plenty Region,Nil,2-way,Sealed,0,0,0,0,50,0,Off,0,0,,23,Tauranga City,Nil,0,0,0,0,0,0,Urban,0,0,0,Fine,Null
1749927,5914026,4173,,511303,0,,0,2,,West,2009/2010,GREAT NORTH ROAD,MEMORIAL DRIVE W,,Non-Injury Crash,No,2009,,West,,0,,Flat,,,,,,Bright sun,266000,0,0,0,5,,,0,,,,,,Auckland Region,Nil,2-way,Sealed,,0,0,,50,,Off,0,0,,76,Auckland,Nil,,,,,0,0,Urban,0,,,Fine,Null
1879551,5824571,4174,,538201,0,0,0,1,0,North,2008/2009,THE STRAND,DEVONPORT ROAD,,Non-Injury Crash,No,2009,0,South,0,0,0,Flat,0,,0,,0,Dark,1164300,0,0,0,2,0,0,0,0,0,,1,0,Bay of Plenty Region,Nil,2-way,Sealed,0,0,0,0,50,0,On,0,0,,23,Tauranga City,Unknown,0,0,0,0,0,0,Urban,0,0,0,Fine,Null
1756104,5923749,4175,,509800,0,,0,2,,South,2008/2009,SH 1N,ONEWA ON SBD,,Non-Injury Crash,Yes,2009,,South,,0,,Flat,,,,,,Bright sun,358800,0,0,0,4,,,0,,,,,,Auckland Region,Nil,1-way,Sealed,,0,0,,80,,Off,0,0,,76,Auckland,Nil,,,,,0,0,Open,0,,,Fine,Null
1795496,5824957,4176,,527123,0,0,0,1,0,South,2009/2010,RIVER ROAD,HOROTIU BRIDGE ROAD,,Non-Injury Crash,No,2009,0,South,1,0,0,Hill Road,0,,0,,0,Dark,952400,0,0,0,2,0,0,0,0,0,,0,0,Waikato Region,Nil,2-way,Sealed,0,0,0,0,100,0,None,0,0,,13,Waikato District,Nil,0,0,0,0,0,0,Open,0,0,0,Fine,Null
1766967,5903715,4177,,524604,0,,0,2,,Null,2008/2009,WIRI STATION ROAD,LAMBIE DRIVE,,Non-Injury Crash,No,2009,,East,,0,,Flat,,,,,,Bright sun,780210,0,0,0,6,,,0,,,,,,Auckland Region,Nil,2-way,Sealed,,0,0,,70,,Null,0,0,30,76,Auckland,Traffic Signals,,,,,0,0,Urban,0,,,Fine,Null
1755717,5916233,4178,,518301,0,,0,2,,North,2008/2009,DOMINION ROAD,BALMORAL ROAD,,Non-Injury Crash,No,2009,,South,,0,,Flat,,,,,,Overcast,555100,0,0,0,4,,,0,,,,,,Auckland Region,Nil,2-way,Sealed,,0,0,,50,,Off,0,0,,76,Auckland,Traffic Signals,,,,,0,0,Urban,0,,,Light rain,Null
1720064,6049957,4179,,502202,0,0,0,2,0,West,2008/2009,KIRIPAKA ROAD,SPEDDING ROAD,,Non-Injury Crash,No,2009,0,South,0,0,0,Hill Road,0,,0,,0,Bright sun,87000,0,0,0,2,0,0,0,0,1,,0,0,Northland Region,Nil,2-way,Sealed,0,0,0,0,100,0,Null,0,0,,2,Whangarei District,Unknown,0,0,0,0,0,0,Open,0,0,0,Fine,Null
1852972,5874780,4180,50,533603,0,0,0,2,0,South,2009/2010,SH 25,WENTWORTH VALLEY ROAD,,Non-Injury Crash,Yes,2009,0,South,0,0,0,Flat,0,,0,,0,Overcast,1060422,0,0,0,2,0,0,0,1,0,,0,0,Waikato Region,Nil,2-way,Sealed,0,0,0,0,100,0,Null,0,0,,11,Thames-Coromandel District,Unknown,0,0,0,0,0,0,Open,0,0,0,Light rain,Null
1750741,5949145,4181,,505805,0,0,0,1,0,Null,2008/2009,RIVERSIDE ROAD,MAYGROVE DRIVE W,,Non-Injury Crash,No,2009,0,North,0,0,0,Flat,0,,0,,0,Overcast,171904,0,0,0,2,0,0,0,0,0,,0,0,Auckland Region,Nil,2-way,Sealed,0,0,0,0,50,0,Off,0,0,,76,Auckland,Give way,0,0,0,1,0,0,Urban,0,0,0,Fine,Null
1767013,5917449,4182,,517002,0,,0,2,,Null,2009/2010,TANIWHA ST,MANSFIELD ST,,Non-Injury Crash,No,2009,,East,,0,,Hill Road,,,,,,Bright sun,472800,0,0,0,2,,,0,,,,,,Auckland Region,Nil,2-way,Sealed,,0,0,,50,,Off,0,0,,76,Auckland,Give way,,,,,0,0,Urban,0,,,Fine,Null
1757922,5918057,4183,,515700,0,0,0,1,0,South,2009/2010,SH 1N,KHYBER PASS OBR,,Non-Injury Crash,Yes,2009,0,North,0,0,0,Flat,1,,0,,0,Overcast,443700,0,0,0,3,0,0,0,0,0,,0,0,Auckland Region,Nil,1-way,Sealed,0,0,0,0,100,0,Off,0,0,,76,Auckland,Nil,0,0,0,0,0,0,Open,0,0,0,Fine,Null
1761268,5914544,4184,,520202,0,,0,2,,Null,2009/2010,SH 1N,PENROSE OFF SBD,,Non-Injury Crash,Yes,2009,,South,,0,,Flat,,,,,,Bright sun,612100,0,0,0,3,,,0,,,,,,Auckland Region,Nil,1-way,Sealed,,0,0,,100,,Null,0,0,,76,Auckland,Nil,,,,,0,0,Open,0,,,Fine,Null
1884814,5774121,4185,,540410,0,0,0,1,0,East,2009/2010,HAUPAPA ST,AMOHIA ST,,Non-Injury Crash,No,2009,0,West,0,0,0,Flat,0,,1,,1,Overcast,1233300,0,0,0,2,0,1,0,0,0,,0,0,Bay of Plenty Region,Nil,2-way,Sealed,0,0,0,0,50,0,Null,0,0,,24,Rotorua District,Unknown,0,0,0,0,0,0,Urban,0,0,0,Fine,Null
1754547,5927706,4186,,508310,0,,0,2,,Null,2008/2009,CHARTWELL AVENUE,LINGFIELD ST,,Non-Injury Crash,No,2009,,North,,0,,Flat,,,,,,Overcast,200800,0,0,0,2,,,0,,,,,,Auckland Region,Nil,2-way,Sealed,,0,0,,50,,Null,0,0,,76,Auckland,Give way,,,,,0,0,Urban,0,,,Light rain,Null
1756299,5918943,4187,,515500,0,,0,1,,West,2008/2009,SH 16,NEWTON OBR,,Non-Injury Crash,Yes,2009,,East,,0,,Flat,,,,,,Overcast,417600,0,0,0,4,,,0,,,,,,Auckland Region,Nil,2-way,Sealed,,0,0,,80,,Null,0,0,,76,Auckland,Unknown,,,,,1,0,Open,0,,,Light rain,Null
1758277,5911845,4188,,519810,0,,0,2,,South,2008/2009,SH 20,QUEENSTOWN OBR,,Non-Injury Crash,Yes,2009,,South,,0,,Flat,,,,,,Bright sun,602501,0,0,0,2,,,0,,,,,,Auckland Region,Nil,2-way,Sealed,,0,0,,100,,Null,0,0,80,76,Auckland,Unknown,,,,,0,0,Open,0,,,Fine,Null
1768832,5905581,4189,,523721,0,0,0,1,0,South,2009/2010,TE IRIRANGI DRIVE,DAWSON ROAD,,Non-Injury Crash,No,2009,0,North,0,0,0,Hill Road,0,,0,,0,Dark,715613,0,0,0,4,0,0,0,0,0,,0,0,Auckland Region,Nil,2-way,Sealed,0,0,0,0,60,0,On,0,0,,76,Auckland,Nil,0,0,0,1,0,0,Urban,0,0,0,Light rain,Null
1834900,5885056,4190,,533603,0,0,0,0,1,East,2008/2009,SH 25A,KIRIKIRI STM BR NO2,,Non-Injury Crash,Yes,2009,0,West,0,0,0,Hill Road,0,,0,,0,Overcast,1057304,0,0,0,2,0,0,0,0,0,,0,0,Waikato Region,Nil,2-way,Sealed,0,0,0,0,100,0,Null,0,0,,11,Thames-Coromandel District,Unknown,0,0,0,0,1,0,Open,0,0,0,Fine,Frost
1804206,5790527,4191,,531002,0,,0,1,,East,2008/2009,ARAWATA ST,SLOANE STREET,,Non-Injury Crash,No,2009,,East,,0,,Flat,,,,,,Unknown,973200,0,0,1,2,,,0,,,,,,Waikato Region,Nil,2-way,Sealed,,0,0,,50,,Off,0,0,,17,Waipa District,Nil,,,,,0,0,Urban,0,,,Fine,Null
1769004,5915992,4192,,522730,0,,0,2,,Null,2008/2009,PRINCE REGENT DRIVE,HIMALAYA DRIVE,,Non-Injury Crash,No,2009,,West,,0,,Flat,,,,,,Bright sun,679400,0,0,0,1,,,0,,,,,,Auckland Region,Nil,2-way,Sealed,,0,0,,50,,Null,0,0,,76,Auckland,Give way,,,,,0,0,Urban,0,,,Fine,Null
1753277,5935213,4193,,508704,0,,0,1,,Null,2008/2009,OTEHA VALLEY ROAD,MEDALLION DRIVE,,Non-Injury Crash,No,2009,,West,,0,,Flat,,,,,,Overcast,179111,0,0,0,4,,,0,,,,,,Auckland Region,Nil,2-way,Sealed,,0,0,,60,,Off,1,0,,76,Auckland,Give way,,,,,0,0,Urban,0,,,Fine,Null
1765002,5913142,4194,,520500,0,0,0,1,0,West,2008/2009,SOUTH-EASTERN HIGHWAY,PAKURANGA HIGHWAY,,Non-Injury Crash,No,2009,0,West,0,0,0,Flat,1,,0,,0,Dark,639000,0,0,0,6,0,0,0,0,0,,0,0,Auckland Region,Nil,2-way,Sealed,0,0,0,0,100,0,On,0,0,,76,Auckland,Nil,0,0,0,0,0,0,Open,0,0,0,Fine,Null
1746964,5913887,4195,,511100,0,,0,2,,West,2009/2010,WEST COAST ROAD,GLENDALE ROAD,,Non-Injury Crash,No,2009,,West,,0,,Flat,,,,,,Overcast,286100,0,0,0,2,,,0,,,,,,Auckland Region,Nil,2-way,Sealed,,0,0,,50,,Null,0,0,,76,Auckland,Unknown,,,,,0,0,Urban,0,,,Fine,Null
1758136,5915643,4196,,515801,0,0,0,2,0,North,2009/2010,MANUKAU ROAD,QUEEN MARY AVENUE,,Non-Injury Crash,No,2009,0,North,0,0,0,Flat,0,,0,,0,Dark,447200,0,0,0,2,0,0,0,0,0,,0,0,Auckland Region,Nil,2-way,Sealed,0,0,0,0,50,0,On,0,0,,76,Auckland,Nil,0,0,0,0,0,0,Urban,0,1,0,Fine,Null
1720074,6049651,4197,,502201,0,,0,1,,North,2008/2009,KIRIPAKA ROAD,DENBY CRESCENT,,Non-Injury Crash,No,2009,,South,,0,,Flat,,,,,,Bright sun,86900,0,0,0,2,,,0,,,,,,Northland Region,Nil,2-way,Sealed,,0,0,,50,,Null,1,0,,2,Whangarei District,Unknown,,,,,0,0,Urban,0,,,Fine,Null
1764534,5905299,4198,,522100,0,,0,1,,East,2008/2009,RAMSEY ST,WYLLIE ROAD,,Non-Injury Crash,No,2009,,West,,0,,Flat,,,,,,Overcast,659900,0,0,0,2,,,0,,,,,,Auckland Region,Nil,2-way,Sealed,,0,0,,50,,Off,1,0,,76,Auckland,Give way,,,,,0,0,Urban,0,,,Fine,Null
1563617,5184313,4199,,588800,0,,0,2,,Null,2009/2010,SH 1S,MEMORIAL AVENUE,,Minor Crash,Yes,2009,,West,,0,,Flat,,,,,,Overcast,2520803,1,0,0,4,,,0,,,,,,Canterbury Region,Nil,2-way,Sealed,,0,0,,80,,Null,0,0,,60,Christchurch City,Give way,,,,,0,0,Open,0,,,Fine,Null
1745382,5916681,4200,,510800,0,,0,1,,Null,2008/2009,RAILSIDE AVENUE,CRANWELL ST,,Non-Injury Crash,No,2009,,West,,0,,Flat,,,,,,Overcast,243200,0,0,0,2,,,0,,,1,,,Auckland Region,Nil,2-way,Sealed,,0,0,,50,,Null,0,0,,76,Auckland,Give way,,,,,0,0,Urban,0,,,Fine,Null
1758167,5944922,4201,,505902,0,0,0,2,0,Null,2008/2009,TIRI ROAD,WHANGAPARAOA ROAD,,Non-Injury Crash,No,2009,0,South,0,0,1,Hill Road,0,,0,,0,Bright sun,174405,0,0,0,2,0,0,0,0,1,,0,0,Auckland Region,Nil,2-way,Sealed,0,0,0,0,50,0,Off,0,0,,76,Auckland,Give way,0,0,0,0,0,0,Urban,0,0,0,Fine,Null
1769657,5901839,4202,,523814,0,,0,2,,Null,2008/2009,MANUREWA OFF SBD,HILL ROAD,,Non-Injury Crash,Yes,2009,,South,,0,,Flat,,Easter,,,,Bright sun,760702,0,0,0,2,,,0,,,,,,Auckland Region,Nil,1-way,Sealed,,0,0,,50,,Null,0,0,,76,Auckland,Give way,,,,,0,0,Urban,0,,,Fine,Null
1753596,5924756,4203,,510401,0,0,0,1,1,East,2008/2009,HIGHBURY BYPASS,MAHARA AVENUE,,Non-Injury Crash,No,2009,0,West,0,0,0,Hill Road,0,,0,,0,Dark,351201,0,0,0,2,0,0,0,0,0,,0,0,Auckland Region,Nil,2-way,Sealed,0,0,0,0,50,0,On,0,0,,76,Auckland,Unknown,0,0,0,0,0,0,Urban,0,0,0,Light rain,Null
1808895,5871419,4204,,533901,0,,0,1,,North,2008/2009,SH 2,SH 27,,Non-Injury Crash,Yes,2009,,South,,0,,Flat,,,,,,Overcast,1069200,0,0,0,2,,,0,,,,,,Waikato Region,Nil,2-way,Sealed,,0,0,,100,,Null,1,0,,12,Hauraki District,Unknown,,,,,0,0,Open,0,,,Fine,Null
1768371,5888819,4205,,521122,0,,0,2,,West,2008/2009,SH 22,SIM ROAD,,Non-Injury Crash,Yes,2009,,East,,0,,Hill Road,,,,,,Overcast,812700,0,0,0,2,,,0,,,,,,Auckland Region,Nil,2-way,Sealed,,0,0,,100,,Off,0,0,,76,Auckland,Nil,,,,,0,0,Open,0,,,Heavy rain,Null
1753981,5929363,4206,,508420,0,,0,2,,Null,2008/2009,WAIRAU ROAD,ELLICE ROAD,,Non-Injury Crash,No,2009,,South,,0,,Hill Road,,,,,,Dark,183100,0,0,0,2,,,0,,,,,,Auckland Region,Nil,2-way,Sealed,,0,0,,50,,On,0,0,,76,Auckland,Give way,,,,,0,0,Urban,0,,,Fine,Null
1758241,5917726,4207,,515700,0,,0,2,,South,2008/2009,SH 1N,KHYBER PASS OFF NBD,,Non-Injury Crash,Yes,2009,,North,,0,,Flat,,,,,,Dark,443401,0,0,0,3,,,0,,,,,,Auckland Region,Nil,1-way,Sealed,,0,0,,100,,On,0,0,,76,Auckland,Nil,,,,,0,0,Open,0,,,Light rain,Null
1757068,5919082,4208,,514200,0,,0,2,,Null,2009/2010,SYMONDS ST,ALEX EVANS ST,,Non-Injury Crash,No,2009,,North,,0,,Flat,,,,,,Dark,412302,0,0,0,4,,,0,,,,,,Auckland Region,Nil,2-way,Sealed,,0,0,,50,,On,0,0,,76,Auckland,Traffic Signals,,,,,0,0,Urban,0,,,Fine,Null
1764180,5908965,4209,,521901,0,0,0,1,0,West,2008/2009,MANGERE ROAD,GREAT SOUTH ROAD,,Non-Injury Crash,No,2009,0,West,0,0,0,Flat,0,,0,,0,Bright sun,784802,0,0,0,2,0,0,0,0,1,,0,0,Auckland Region,Nil,2-way,Sealed,0,0,0,0,50,0,Off,1,0,,76,Auckland,Nil,0,0,0,0,0,0,Urban,0,0,0,Fine,Null
1881874,5779392,4210,,538602,0,,0,2,,Null,2009/2010,SH 5,SH 36,,Non-Injury Crash,Yes,2009,,South,,0,,Flat,,,,,,Dark,1247200,0,0,0,1,,,0,,,,,,Bay of Plenty Region,Nil,2-way,Sealed,,0,0,,80,,On,0,0,,24,Rotorua District,Give way,,,,,0,0,Open,0,,,Fine,Null
1758331,5926536,4211,,508020,0,,0,2,,West,2008/2009,ESMONDE ROAD,LAKE ROAD,,Non-Injury Crash,No,2009,,East,,0,,Flat,,,,,,Bright sun,325300,0,0,0,5,,,0,,,,,,Auckland Region,Nil,2-way,Sealed,,0,0,,50,,Null,0,0,,76,Auckland,Unknown,,,,,0,0,Urban,0,,,Fine,Null
1771163,5898861,4212,,523911,0,,0,2,,Null,2008/2009,AIRFIELD ROAD,TAKANINI SCHOOL ROAD,,Non-Injury Crash,No,2009,,South,,0,,Flat,,,,,,Bright sun,767003,0,0,0,2,,,0,,,,,,Auckland Region,Nil,2-way,Sealed,,0,0,,50,,Null,0,0,,76,Auckland,Traffic Signals,,,,,0,0,Urban,0,,,Fine,Null
1883655,5773613,4213,,540410,0,,0,2,,Null,2008/2009,SH 5,PERERIKA ST,,Non-Injury Crash,Yes,2009,,South,,0,,Flat,,,,,,Bright sun,1232102,0,0,0,2,,,0,,,,,,Bay of Plenty Region,Nil,2-way,Sealed,,0,0,,50,,Null,0,0,,24,Rotorua District,Give way,,,,,0,0,Urban,0,,,Fine,Null
1436215,5003647,4214,,600812,0,,0,1,,North,2008/2009,WHITEROCKS ROAD,SH 1S,,Minor Crash,No,2009,,South,,0,,Flat,,,,,,Bright sun,2831000,2,0,0,2,,,0,,,,,,Otago Region,Nil,2-way,Sealed,,0,0,,80,,Null,0,0,,68,Waitaki District,Nil,,,,,1,0,Open,0,,,Fine,Null
1717082,6050151,4215,,502101,0,0,0,1,0,Null,2009/2010,THREE MILE BUSH ROAD,TE PAKA CRESCENT,,Non-Injury Crash,No,2009,0,North,0,0,0,Hill Road,0,,0,,0,Bright sun,82400,0,0,0,2,0,0,0,0,1,,0,0,Northland Region,Nil,2-way,Sealed,0,0,0,0,50,0,Null,0,0,,2,Whangarei District,Nil,0,0,0,0,0,0,Urban,1,0,0,Fine,Null
1757721,5919730,4216,,514301,0,,0,2,,South,2008/2009,WELLESLEY OFF EBD,WELLESLEY ST BRIDGE,,Non-Injury Crash,Yes,2009,,North,,0,,Flat,,,,,,Bright sun,440400,0,0,0,2,,,0,,,,,,Auckland Region,Motorway ramp,2-way,Sealed,,0,0,,50,,Off,0,0,,76,Auckland,Traffic Signals,,,,,0,0,Urban,0,,,Fine,Null
1877914,5817949,4217,,537900,0,0,0,1,0,South,2009/2010,HOLLISTER LANE,JOBLIN WAY,,Non-Injury Crash,No,2009,0,South,0,0,1,Hill Road,0,,1,,0,Dark,1193218,0,0,0,2,0,0,0,0,0,,1,0,Bay of Plenty Region,Nil,2-way,Sealed,0,0,0,0,50,0,On,0,0,,23,Tauranga City,Unknown,0,0,0,0,0,0,Urban,0,0,0,Heavy rain,Null
1825081,5870851,4218,,533902,0,0,0,1,0,South,2009/2010,SH 2,ORCHARD EAST ROAD,,Non-Injury Crash,Yes,2009,0,North,0,0,1,Flat,0,,0,,0,Overcast,1064100,0,0,0,2,0,0,0,0,0,,0,0,Waikato Region,Nil,2-way,Sealed,0,0,0,0,100,0,Null,0,0,,12,Hauraki District,Unknown,0,0,0,0,0,0,Open,0,0,0,Fine,Null
1755560,5920151,4219,,515302,0,,0,2,,North,2008/2009,PONSONBY ROAD,FRANKLIN ROAD,,Non-Injury Crash,No,2009,,North,,0,,Flat,,,,,,Dark,430700,0,0,0,2,,,0,,,,,,Auckland Region,Nil,2-way,Sealed,,0,0,,50,,On,0,0,,76,Auckland,Nil,,,,,0,0,Urban,0,,,Light rain,Null
1770335,5898946,4220,,523911,0,,0,2,,Null,2008/2009,GREAT SOUTH ROAD,MANUROA ROAD,,Non-Injury Crash,No,2009,,South,,0,,Flat,,,,,,Bright sun,768200,0,0,0,2,,,0,,,,,,Auckland Region,Nil,2-way,Sealed,,0,0,,50,,Off,0,0,,76,Auckland,Traffic Signals,,,,,0,0,Urban,0,,,Fine,Null
1749118,5912597,4221,40,511402,0,,0,2,,South,2009/2010,ARAHOE ROAD,HUTCHINSON AVENUE,,Non-Injury Crash,No,2009,,North,,0,,Flat,,,,,,Bright sun,262100,0,0,0,2,,,0,,,,,,Auckland Region,Nil,2-way,Sealed,,0,0,,50,,Off,0,0,,76,Auckland,Nil,,,,,0,0,Urban,0,,,Fine,Null
1765662,5901407,4222,,524604,0,,0,1,,Null,2009/2010,ROSCOMMON ROAD,BROWNS ROAD,,Non-Injury Crash,No,2009,,South,,0,,Flat,,,,,,Overcast,781302,0,0,0,3,,,0,,,,,,Auckland Region,Nil,2-way,Sealed,,0,0,,50,,Off,0,0,,76,Auckland,Traffic Signals,,,,,1,0,Urban,0,,,Fine,Null
1755277,5932021,4223,,508805,0,,0,2,,Null,2009/2010,EAST COAST ROAD,CONSTELLATION DRIVE,,Non-Injury Crash,No,2009,,North,,0,,Hill Road,,,,,,Dark,151104,0,0,0,5,,,0,,,,,,Auckland Region,Nil,2-way,Sealed,,0,0,,50,,On,0,0,,76,Auckland,Traffic Signals,,,,,0,0,Urban,0,,,Fine,Null
1798935,5773973,4224,,531304,0,,0,1,,West,2008/2009,SH 3,KIO KIO STATION ROAD,,Non-Injury Crash,Yes,2009,,West,,0,,Flat,,,,,,Overcast,1000800,0,0,0,2,,,0,,,,,,Waikato Region,Bridge,2-way,Sealed,,0,0,,100,,Off,1,0,,18,Ōtorohanga District,Nil,,,,,0,0,Open,0,,,Mist or Fog,Frost
1768867,5468843,4225,,566000,0,,0,2,,West,2008/2009,KAPITI ROAD,RIMU ROAD,,Non-Injury Crash,No,2009,,East,,0,,Flat,,,,,,Overcast,2003709,0,0,0,2,,,0,,,,,,Wellington Region,Nil,2-way,Sealed,,0,0,,50,,Null,0,0,,43,Kapiti Coast District,Nil,,,,,0,0,Urban,0,,,Fine,Null
1754592,5930782,4226,,508520,0,,0,1,,North,2009/2010,SH 1N,UPPER HWY ON SBD,,Non-Injury Crash,Yes,2009,,South,,0,,Flat,,,,,,Bright sun,191104,0,0,0,2,,,0,,,,,,Auckland Region,Nil,1-way,Sealed,,0,0,,100,,Null,1,0,,76,Auckland,Unknown,,,,,0,0,Open,0,,,Fine,Null
1747506,5913628,4227,,511100,0,,0,0,,West,2008/2009,WEST COAST ROAD,JANET CLEWS PLACE,,Non-Injury Crash,No,2009,,West,,0,,Flat,,,,,,Unknown,286100,0,0,0,4,,,0,,,,,,Auckland Region,Nil,2-way,Sealed,,0,0,,50,,Off,0,0,,76,Auckland,Traffic Signals,,,,,0,0,Urban,2,,,Heavy rain,Null
1773967,5897697,4228,,525630,0,0,0,1,0,North,2008/2009,COSGRAVE ROAD,FERNAIG ST,,Non-Injury Crash,No,2009,0,South,0,0,0,Flat,0,,0,,0,Dark,795700,0,0,0,2,0,0,0,0,0,,0,1,Auckland Region,Nil,2-way,Sealed,0,0,0,0,50,0,On,0,0,,76,Auckland,Unknown,0,0,0,0,0,0,Urban,0,0,0,Fine,Null
1759213,5912451,4229,,519820,0,,1,0,,East,2008/2009,ARTHUR ST,GALWAY ST,,Non-Injury Crash,No,2009,,East,,0,,Flat,,,,,,Bright sun,600600,0,0,0,2,,,0,,,,,,Auckland Region,Nil,2-way,Sealed,,0,0,,50,,Off,0,0,,76,Auckland,Nil,,,,,0,0,Urban,1,,,Fine,Null
1761369,5919576,4230,,516400,0,0,0,0,0,North,2009/2010,NGAPIPI ROAD,PARITAI DRIVE,,Non-Injury Crash,No,2009,0,South,0,0,0,Flat,0,,0,,1,Dark,497000,0,0,0,2,0,0,0,0,0,,0,0,Auckland Region,Nil,2-way,Sealed,0,0,0,0,50,0,On,1,0,,76,Auckland,Nil,0,0,0,0,0,0,Urban,0,0,0,Fine,Null
1884566,5773411,4231,,540420,0,,0,2,,Null,2008/2009,RANOLF ST,VICTORIA ST,,Non-Injury Crash,No,2009,,South,,0,,Flat,,,,,,Dark,1236500,0,0,0,2,,,0,,,,,,Bay of Plenty Region,Nil,2-way,Sealed,,0,0,,50,,On,0,0,,24,Rotorua District,Give way,,,,,0,0,Urban,0,,,Fine,Null
1798781,5819986,4232,,528310,0,0,0,1,0,North,2009/2010,DELAMARE ROAD,ARCUS ST,,Non-Injury Crash,No,2009,0,North,0,0,0,Hill Road,0,,0,,0,Bright sun,898206,0,0,0,2,0,1,0,0,0,,0,1,Waikato Region,Nil,2-way,Sealed,0,0,0,0,50,0,Off,0,0,,16,Hamilton City,Nil,0,0,0,0,0,0,Urban,0,0,0,Fine,Null
1753602,5875836,4233,,526104,0,,0,2,,Null,2008/2009,VICTORIA AVENUE,CIVIC PLACE,,Non-Injury Crash,No,2009,,West,,0,,Flat,,,,,,Dark,834900,0,0,0,1,,,0,,,,,,Auckland Region,Nil,2-way,Sealed,,0,0,,50,,On,0,0,,76,Auckland,Nil,,,,,0,0,Urban,0,,,Light rain,Null
1750924,5934354,4234,,508701,0,0,0,2,0,East,2008/2009,GEORGIA TERRACE,THE AVENUE,,Non-Injury Crash,No,2009,0,West,0,0,0,Flat,0,,0,,0,Bright sun,178710,0,0,0,2,0,0,0,0,1,,0,0,Auckland Region,Nil,2-way,Sealed,0,0,0,0,50,0,Null,0,0,,76,Auckland,Unknown,0,0,0,0,0,0,Urban,0,0,0,Fine,Null
1755206,5967242,4235,,506631,0,,0,2,,West,2009/2010,MAHURANGI EAST ROAD,GOODALL ROAD,,Non-Injury Crash,No,2009,,North,,0,,Hill Road,,,,,,Bright sun,141808,0,0,0,2,,,0,,,,,,Auckland Region,Nil,2-way,Sealed,,0,0,,50,,Null,0,0,,76,Auckland,Unknown,,,,,0,0,Urban,0,,,Fine,Null