X,Y,OBJECTID,advisorySpeed,areaUnitID,bicycle,bridge,bus,carStationWagon,cliffBank,crashDirectionDescription,crashFinancialYear,crashLocation1,crashLocation2,crashRoadSideRoad,crashSeverity,crashSHDescription,crashYear,debris,directionRoleDescription,ditch,fatalCount,fence,flatHill,guardRail,holiday,houseOrBuilding,intersection,kerb,light,meshblockId,minorInjuryCount,moped,motorcycle,NumberOfLanes,objectThrownOrDropped,otherObject,otherVehicleType,overBank,parkedVehicle,pedestrian,phoneBoxEtc,postOrPole,region,roadCharacter,roadLane,roadSurface,roadworks,schoolBus,seriousInjuryCount,slipOrFlood,speedLimit,strayAnimal,streetLight,suv,taxi,temporarySpeedLimit,tlaId,tlaName,trafficControl,trafficIsland,trafficSign,train,tree,truck,unknownVehicleType,urban,vanOrUtility,vehicle,waterRiver,weatherA,weatherB
1764636,5905682,4236,,522100,0,,0,2,,Null,2009/2010,WYLLIE ROAD,KENDERDINE ROAD,,Non-Injury Crash,No,2009,,South,,0,,Flat,,,,,,Twilight,659600,0,0,0,2,,,0,,,,,,Auckland Region,Nil,2-way,Sealed,,0,0,,50,,On,0,0,,76,Auckland,Nil,,,,,0,0,Urban,0,,,Fine,Null
1756221,5916085,4237,,518301,0,,0,1,,Null,2008/2009,BALMORAL ROAD,MEWBURN AVENUE,,Non-Injury Crash,No,2009,,East,,0,,Flat,,,,,,Bright sun,556200,0,0,0,4,,,0,,,,,,Auckland Region,Nil,2-way,Sealed,,0,0,,50,,Null,0,0,,76,Auckland,Give way,,,,,0,0,Urban,1,,,Fine,Null
1756137,5924527,4238,,509702,0,,0,2,,Null,2008/2009,ONEWA ROAD,SYLVAN AVENUE,,Non-Injury Crash,No,2009,,West,,0,,Flat,,,,,,Bright sun,366700,0,0,0,1,,,0,,,,,,Auckland Region,Motorway ramp,1-way,Sealed,,0,0,,50,,Null,0,0,,76,Auckland,Traffic Signals,,,,,0,0,Urban,0,,,Fine,Null
1260370,4846265,4239,,610072,0,,0,1,,Null,2009/2010,GORGE ROAD INVERCARGILL H,CLEARWATER ROAD,,Minor Crash,No,2009,,North,,0,,Hill Road,,,,,,Bright sun,3163300,1,0,0,2,,,0,,,,,,Southland Region,Nil,2-way,Sealed,,0,0,,100,,Null,1,0,,73,Southland District,Give way,,,,,0,0,Open,0,,,Fine,Null
1878936,5823608,4240,,538201,0,,0,1,,Null,2009/2010,CAMERON ROAD,FIFTH AVENUE,,Non-Injury Crash,No,2009,,South,,0,,Flat,,,,,,Bright sun,1166100,0,0,0,2,,,0,,,,,,Bay of Plenty Region,Nil,1-way,Sealed,,0,0,,50,,Off,0,0,,23,Tauranga City,Give way,,,,,0,0,Urban,1,,,Fine,Null
1716539,6059726,4241,,504300,0,1,0,1,0,North,2009/2010,KING ST,CHURCH ST,,Non-Injury Crash,No,2009,0,South,0,0,0,Flat,0,,0,,0,Overcast,63600,0,0,0,2,0,0,0,0,0,,0,0,Northland Region,Bridge,2-way,Sealed,0,0,0,0,50,0,None,0,0,,2,Whangarei District,Nil,0,0,0,0,0,0,Urban,1,0,0,Heavy rain,Null
1785608,5757291,4242,,531720,0,,0,1,,Null,2008/2009,OPARURE ROAD,FULLERTON ROAD,,Non-Injury Crash,No,2009,,South,,0,,Flat,,,,,,Dark,1010801,0,0,0,2,,,0,,,,,,Waikato Region,Nil,2-way,Sealed,,0,0,,100,,None,0,0,,20,Waitomo District,Stop,,,,,0,0,Open,0,,,Fine,Null
1731913,6050351,4243,,501817,0,,0,0,,South,2008/2009,MANGAHUI ROAD,PATAUA NORTH ROAD,,Non-Injury Crash,No,2009,,South,,0,,Hill Road,,,,,,Bright sun,73004,0,0,0,1,,,0,,,,,,Northland Region,Nil,1-way,Unsealed,,0,0,,100,,Null,1,0,,2,Whangarei District,Unknown,,,,,1,0,Open,0,,,Fine,Null
1573002,5178905,4244,,593502,0,,0,1,,North,2009/2010,ALDWINS ROAD,FERRY ROAD,,Minor Crash,No,2009,,North,,0,,Flat,,,,,,Twilight,2605400,1,0,1,4,,,0,,,,,,Canterbury Region,Nil,2-way,Sealed,,0,0,,60,,Off,0,0,,60,Christchurch City,Unknown,,,,,0,0,Urban,0,,,Light rain,Null
1799280,5820686,4245,,527006,0,0,0,1,0,Null,2009/2010,WAIRERE ROAD,RESOLUTION DRIVE,,Non-Injury Crash,No,2009,0,East,0,0,0,Flat,0,,0,,0,Overcast,952106,0,0,0,2,0,0,0,0,0,,0,1,Waikato Region,Nil,2-way,Sealed,0,0,0,0,80,0,Off,0,0,,16,Hamilton City,Nil,0,0,0,0,0,0,Open,0,0,0,Light rain,Null
1880946,5829397,4246,,536810,0,0,0,1,0,Null,2009/2010,MAUNGANUI ROAD,SALISBURY AVENUE,,Non-Injury Crash,No,2009,0,East,0,0,0,Flat,0,,0,,0,Dark,1195600,0,0,0,2,0,0,0,0,0,,0,0,Bay of Plenty Region,Nil,2-way,Sealed,0,0,0,0,50,0,On,0,0,,23,Tauranga City,Give way,1,0,0,1,0,0,Urban,0,0,0,Light rain,Null
1744019,5924039,4247,,513521,0,0,0,1,0,Null,2008/2009,OLD SH 16,HOBSONVILLE ON SBD,,Non-Injury Crash,Yes,2009,0,West,0,0,0,Hill Road,1,,0,,0,Dark,224240,0,0,0,4,0,0,0,0,0,,0,0,Auckland Region,Nil,2-way,Sealed,0,0,0,0,80,0,On,0,0,,76,Auckland,Nil,0,0,0,0,0,0,Open,0,0,0,Heavy rain,Null
1745309,5919832,4248,,513301,0,,0,1,,North,2008/2009,LINCOLN ROAD,UNIVERSAL DRIVE,,Non-Injury Crash,No,2009,,North,,0,,Flat,,,,,,Bright sun,230401,0,0,0,4,,,0,,,,,,Auckland Region,Nil,2-way,Sealed,,0,0,,50,,Null,1,0,,76,Auckland,Nil,,,,,0,0,Urban,0,,,Fine,Null
1765973,5906402,4249,,522302,0,,0,2,,South,2008/2009,GREAT SOUTH ROAD,TUI ROAD,,Non-Injury Crash,No,2009,,North,,0,,Flat,,,,,,Dark,668700,0,0,0,4,,,0,,,,,,Auckland Region,Nil,2-way,Sealed,,0,0,,50,,On,0,0,,76,Auckland,Traffic Signals,,,,,0,0,Urban,0,,,Fine,Null
1804121,5814138,4250,,530700,0,,0,2,,Null,2009/2010,MANSEL AVENUE,MASTERS AVENUE,,Non-Injury Crash,No,2009,,East,,0,,Hill Road,,Labour Weekend,,,,Dark,888700,0,0,0,2,,,0,,,,,,Waikato Region,Nil,2-way,Sealed,,0,0,,50,,On,0,0,,16,Hamilton City,Stop,,,,,0,0,Urban,0,,,Fine,Null
1762914,5890918,4251,,521122,0,,0,2,,Null,2008/2009,LINWOOD ROAD,KIDD ROAD,,Non-Injury Crash,No,2009,,West,,0,,Flat,,,,,,Dark,809900,0,0,0,2,,,0,,,,,,Auckland Region,Nil,2-way,Sealed,,0,0,,70,,On,0,0,,76,Auckland,Give way,,,,,0,0,Urban,0,,,Light rain,Null
1769232,5902407,4252,,524901,0,,0,2,,South,2009/2010,SH 1N,MANUKAU OFF NBD,,Non-Injury Crash,Yes,2009,,North,,0,,Flat,,,,,,Overcast,755600,0,0,0,3,,,0,,,,,,Auckland Region,Nil,1-way,Sealed,,0,0,,100,,Off,0,0,80,76,Auckland,Nil,,,,,0,0,Open,1,,,Heavy rain,Null
1765554,5908729,4253,,523402,0,,0,2,,South,2008/2009,SH 1N,HIGHBROOK OBR,,Non-Injury Crash,Yes,2009,,South,,0,,Flat,,,,,,Bright sun,696900,0,0,0,4,,,0,,,,,,Auckland Region,Nil,1-way,Sealed,,0,0,,100,,Off,0,0,,76,Auckland,Nil,,,,,0,0,Open,0,,,Fine,Null
1745717,5917137,4254,,510800,0,,0,2,,South,2009/2010,EDSEL ST,GREAT NORTH ROAD,,Non-Injury Crash,No,2009,,North,,0,,Flat,,,,,,Bright sun,243300,0,0,0,4,,,0,,,,,,Auckland Region,Nil,2-way,Sealed,,0,0,,50,,Off,0,0,,76,Auckland,Give way,,,,,0,0,Urban,0,,,Fine,Null
1732135,6028357,4255,,501806,0,0,0,0,0,Null,2008/2009,TAMINGI ST,URANGA ST,,Non-Injury Crash,No,2009,0,East,0,0,1,Flat,0,Easter,0,,1,Dark,79704,0,0,0,2,0,0,0,0,0,,0,0,Northland Region,Nil,2-way,Sealed,0,0,0,0,50,0,On,0,0,,2,Whangarei District,Nil,0,0,0,0,0,0,Urban,1,0,0,Fine,Null
1660200,6094000,4256,,500801,0,0,0,1,0,North,2008/2009,SH 1N,RANGIAHUA ROAD,,Non-Injury Crash,Yes,2009,0,South,0,0,0,Hill Road,0,,0,,0,Dark,21400,0,0,0,2,0,0,0,0,0,,0,0,Northland Region,Nil,2-way,Sealed,0,0,0,0,100,0,None,0,0,,1,Far North District,Nil,0,0,0,0,0,0,Open,0,0,0,Fine,Null
1718487,6044258,4257,,503500,0,,0,1,,North,2009/2010,SH 1N,RAUMANGA VALLEY ROAD,,Non-Injury Crash,Yes,2009,,North,,0,,Flat,,,,,,Bright sun,108000,0,0,0,2,,,0,,,,,,Northland Region,Nil,2-way,Sealed,,0,0,,50,,Off,0,0,,2,Whangarei District,Nil,,,,,1,0,Urban,0,,,Fine,Null
1770916,5898568,4258,,523912,0,0,0,1,0,South,2008/2009,TAKANINI ROAD,TAKA ST,,Non-Injury Crash,No,2009,0,North,0,0,1,Flat,0,,0,,0,Overcast,767600,0,0,0,2,0,0,0,0,0,,0,0,Auckland Region,Nil,2-way,Sealed,0,0,0,0,50,0,Off,0,0,,76,Auckland,Nil,0,0,0,0,0,0,Urban,0,0,0,Heavy rain,Null
1463940,5300672,4259,,584930,0,0,0,2,0,South,2009/2010,TAYLORVILLE ROAD,TAYLORVILLE BLACKBALL ROA,,Serious Crash,No,2009,0,North,0,0,1,Flat,0,,0,,0,Overcast,2403800,0,0,0,2,0,0,0,0,0,,0,0,West Coast Region,Nil,2-way,Sealed,0,0,1,0,100,0,Null,0,0,,56,Grey District,Unknown,0,0,0,0,0,0,Open,0,0,0,Fine,Null
1763688,5436060,4260,,568303,0,0,0,3,0,Null,2008/2009,SEDDON ST,JUDD CRESCENT,,Non-Injury Crash,No,2009,0,East,0,0,0,Flat,0,,0,,0,Bright sun,1962100,0,0,0,2,0,0,0,0,1,,0,0,Wellington Region,Nil,2-way,Sealed,0,0,0,0,50,0,Null,0,0,,46,Lower Hutt City,Nil,0,0,0,0,0,0,Urban,0,0,0,Fine,Null
1781183,5925678,4261,,520801,0,,0,3,,West,2008/2009,DONALD BRUCE ROAD,ALISON ROAD,,Non-Injury Crash,No,2009,,West,,0,,Flat,,,,,,Overcast,516705,0,0,0,2,,,0,,,,,,Auckland Region,Nil,2-way,Sealed,,0,0,,50,,Off,0,0,,76,Auckland,Nil,,,,,0,0,Urban,0,,,Fine,Null
1837249,5859842,4262,,534300,0,0,0,1,0,West,2009/2010,AORANGI ROAD,SHAW AVENUE,,Non-Injury Crash,No,2009,0,West,0,0,1,Flat,0,,0,,0,Bright sun,1073300,0,0,0,2,0,0,0,0,0,,0,0,Waikato Region,Nil,2-way,Sealed,0,0,0,0,50,0,Null,0,0,,12,Hauraki District,Give way,0,0,0,0,0,0,Urban,0,0,0,Fine,Null
1577250,5186191,4263,,590603,0,,0,1,,West,2008/2009,ASTON DRIVE,SANDALWOOD PLACE,,Minor Crash,No,2009,,West,,0,,Flat,,,,,,Bright sun,2504306,2,0,1,2,,,0,,,,,,Canterbury Region,Nil,2-way,Sealed,,0,0,,50,,Null,0,0,,60,Christchurch City,Unknown,,,,,0,0,Urban,0,,,Fine,Null
1770397,5901455,4264,,523816,0,,0,2,,East,2008/2009,ALFRISTON ROAD,TAKANINI SCHOOL ROAD,,Non-Injury Crash,No,2009,,West,,0,,Flat,,,,,,Bright sun,759715,0,0,0,2,,,0,,,,,,Auckland Region,Nil,2-way,Sealed,,0,0,,50,,Null,0,0,,76,Auckland,Nil,,,,,0,0,Urban,0,,,Fine,Null
1755718,5919635,4265,,515302,0,,0,1,,Null,2008/2009,PONSONBY ROAD,RICHMOND ROAD,,Non-Injury Crash,No,2009,,North,,0,,Flat,,,,,,Bright sun,432300,0,0,0,2,,,0,,,,,,Auckland Region,Nil,2-way,Sealed,,0,0,,50,,Null,0,0,,76,Auckland,Traffic Signals,,,,,0,0,Urban,1,,,Fine,Null
1767776,5904283,4266,,524602,0,,0,1,,Null,2009/2010,REDOUBT ROAD,GREAT SOUTH ROAD,,Non-Injury Crash,No,2009,,West,,0,,Flat,,,,,,Overcast,780501,0,0,0,4,,,0,,,,,,Auckland Region,Nil,2-way,Sealed,,0,0,,50,,Off,0,0,,76,Auckland,Give way,,,,,0,0,Urban,1,,,Fine,Null
1753501,5933810,4267,,508804,0,0,0,1,0,Null,2009/2010,HUGH GREEN DRIVE,RATHMULLEN PLACE,,Non-Injury Crash,No,2009,0,North,0,0,0,Hill Road,0,,0,,0,Dark,180603,0,0,0,0,0,0,0,0,0,,0,1,Auckland Region,Nil,2-way,Sealed,0,0,0,0,50,0,On,0,0,,76,Auckland,Nil,0,0,0,0,0,0,Urban,0,0,0,Light rain,Null
1752284,5952955,4268,,506201,0,0,0,1,0,South,2008/2009,HIBISCUS COAST HIGHWAY,WAIWERA ROAD,,Non-Injury Crash,No,2009,0,South,1,0,0,Hill Road,0,,0,,0,Overcast,176204,0,0,0,2,0,0,0,0,0,,0,0,Auckland Region,Nil,2-way,Sealed,0,0,0,0,80,0,Null,0,0,,76,Auckland,Unknown,0,0,0,0,0,0,Open,0,0,0,Fine,Null
1755678,5927071,4269,,508620,0,,0,3,,South,2009/2010,SUNNYBRAE ROAD,MARYWIL CRESCENT,,Non-Injury Crash,No,2009,,North,,0,,Flat,,,,,,Bright sun,204200,0,0,0,2,,,0,,,,,,Auckland Region,Nil,2-way,Sealed,,0,0,,50,,Off,0,0,,76,Auckland,Nil,,,,,0,0,Urban,0,,,Fine,Null
1763833,5906571,4270,,524303,0,0,0,1,0,Null,2009/2010,STATION ROAD,PORTAGE ROAD,,Non-Injury Crash,No,2009,0,East,0,0,1,Flat,1,,0,,0,Dark,657300,0,0,0,2,0,0,0,0,0,,0,0,Auckland Region,Nil,2-way,Sealed,0,0,0,0,50,0,On,0,0,,76,Auckland,Give way,0,0,0,0,0,0,Urban,0,0,0,Fine,Null
1752942,5926733,4271,,508220,0,0,0,1,0,South,2008/2009,HIWIHAU PLACE,WINDY RIDGE ROAD,,Non-Injury Crash,No,2009,0,East,0,0,0,Flat,0,,0,,0,Overcast,188402,0,0,0,1,0,0,0,0,1,,0,0,Auckland Region,Nil,2-way,Sealed,0,0,0,0,50,0,Off,0,0,,76,Auckland,Nil,0,0,0,0,0,0,Urban,1,0,0,Light rain,Null
1720008,6048618,4272,,502201,0,,0,2,,Null,2008/2009,KIRIPAKA ROAD,PARANUI VALLEY ROAD,,Non-Injury Crash,No,2009,,South,,0,,Hill Road,,,,,,Bright sun,88200,0,0,0,2,,,0,,,,,,Northland Region,Nil,2-way,Sealed,,0,0,,50,,Off,0,0,,2,Whangarei District,Nil,,,,,0,0,Urban,0,,,Fine,Null
1868307,5812570,4273,,536630,0,0,0,0,0,West,2008/2009,SH 29,PORIPORI ROAD,,Non-Injury Crash,Yes,2009,1,West,0,0,0,Flat,0,,0,,0,Bright sun,1191500,0,0,0,2,0,0,0,0,0,,0,0,Bay of Plenty Region,Nil,2-way,Sealed,0,0,0,0,100,0,None,1,0,,22,Western Bay of Plenty District,Nil,0,0,0,0,0,0,Open,0,0,0,Fine,Null
1756713,5913070,4274,,518702,0,,0,1,,Null,2008/2009,HILLSBOROUGH ROAD,CARR ROAD,,Non-Injury Crash,No,2009,,North,,0,,Flat,,,,,,Dark,568000,0,0,0,5,,,0,,,,,,Auckland Region,Nil,2-way,Sealed,,0,0,,50,,On,0,0,,76,Auckland,Traffic Signals,,,,,0,0,Urban,1,,,Fine,Null
1765996,5819554,4275,,526702,0,,0,2,,South,2009/2010,MANGITI ROAD,RUAKIWI ROAD,,Non-Injury Crash,No,2009,,North,,0,,Hill Road,,,,,,Overcast,849600,0,0,0,2,,,0,,,,,,Waikato Region,Nil,2-way,Unsealed,,0,0,,100,,None,0,0,,13,Waikato District,Nil,,,,,0,0,Open,0,,,Fine,Null
1949053,5791948,4276,,542421,0,,0,1,,North,2009/2010,KEEPA ROAD,SH 30,,Non-Injury Crash,No,2009,,North,,0,,Flat,,,,,,Dark,1312400,0,0,0,2,,,0,,,,,,Bay of Plenty Region,Nil,2-way,Sealed,,0,0,,80,,On,0,0,,25,Whakatane District,Unknown,,,,,0,0,Open,0,,,Fine,Null
1717356,6056175,4277,,502001,0,,0,0,,South,2008/2009,SH 1N,RICHARDS ROAD,,Non-Injury Crash,Yes,2009,,South,,0,,Flat,,,,,,Overcast,64200,0,0,0,3,,,0,,,,,,Northland Region,Nil,2-way,Sealed,,0,0,,100,,None,0,0,,2,Whangarei District,Nil,,,,,0,0,Open,2,,,Fine,Null
1727673,6025102,4278,,501811,0,0,0,1,0,East,2009/2010,PRESCOTT ROAD,KEITH ROAD,,Non-Injury Crash,No,2009,0,East,0,0,1,Hill Road,0,,0,,0,Bright sun,78601,0,0,0,2,0,0,0,0,0,,0,0,Northland Region,Nil,2-way,Unsealed,0,0,0,0,100,0,Null,0,0,,2,Whangarei District,Unknown,0,0,0,0,0,0,Open,0,0,0,Fine,Null
1769789,5913637,4279,,522722,0,0,0,1,0,South,2008/2009,AVIEMORE DRIVE,LEWISHAM ST,,Non-Injury Crash,No,2009,0,South,0,0,0,Flat,0,Queens Birthday,0,,0,Dark,681337,0,0,0,2,0,0,0,0,1,,0,0,Auckland Region,Nil,2-way,Sealed,0,0,0,0,50,0,On,1,0,,76,Auckland,Nil,0,0,0,0,0,0,Urban,0,0,0,Fine,Null
1751751,5926342,4280,,510210,0,0,0,1,0,South,2009/2010,BIRKDALE ROAD,APLIN PLACE,,Non-Injury Crash,No,2009,0,South,0,0,0,Flat,0,,0,,0,Dark,347700,0,0,0,2,0,0,0,0,1,,0,0,Auckland Region,Nil,2-way,Sealed,0,0,0,0,50,0,On,0,0,,76,Auckland,Nil,0,0,0,0,1,0,Urban,0,0,0,Fine,Null
1570634,5180884,4281,,591700,0,0,0,2,0,Null,2009/2010,SALISBURY ST,COLOMBO ST,,Minor Crash,No,2009,0,South,0,0,0,Flat,0,,0,,1,Overcast,2655700,1,0,0,2,0,0,0,0,1,,0,0,Canterbury Region,Nil,2-way,Sealed,0,0,0,0,50,0,Null,0,0,,60,Christchurch City,Traffic Signals,0,0,0,1,0,0,Urban,0,0,0,Fine,Null
1775941,5883684,4282,,521160,0,0,0,1,1,North,2008/2009,SH 1N,MILL OFF SBD,,Non-Injury Crash,Yes,2009,0,South,0,0,0,Hill Road,0,,0,,0,Dark,827604,0,0,0,3,0,0,0,0,0,,0,0,Auckland Region,Nil,1-way,Sealed,0,0,0,0,100,0,On,0,0,,76,Auckland,Nil,0,0,0,0,0,0,Open,0,0,0,Light rain,Null
1843416,5805031,4283,,535242,0,0,0,1,1,North,2008/2009,SH 27,TAIHOA SOUTH ROAD,,Non-Injury Crash,Yes,2009,0,South,0,0,0,Flat,0,,0,,0,Dark,1115901,0,0,0,2,0,0,0,0,0,,0,0,Waikato Region,Nil,2-way,Sealed,0,0,0,0,100,0,None,0,0,30,15,Matamata-Piako District,Unknown,0,0,0,0,0,0,Open,0,0,0,Fine,Null
1507985,5136848,4284,,597741,0,0,0,2,0,East,2008/2009,SEAFIELD ROAD,STANLEY ROAD,,Minor Crash,No,2009,0,West,0,0,0,Flat,0,,0,,0,Dark,2745400,2,0,0,2,0,0,0,0,0,,0,0,Canterbury Region,Nil,2-way,Sealed,0,0,0,0,100,0,None,0,0,,63,Ashburton District,Unknown,0,0,0,1,0,0,Open,0,0,0,Fine,Null
1882645,5773366,4285,,539600,0,0,0,1,0,East,2008/2009,WATERLOW ST,BELLINGHAM CRESCENT,,Non-Injury Crash,No,2009,0,West,0,0,0,Flat,0,,0,,1,Bright sun,1228200,0,0,0,2,0,0,0,0,0,,0,1,Bay of Plenty Region,Nil,2-way,Sealed,0,0,0,0,50,0,Null,0,0,,24,Rotorua District,Unknown,0,0,0,0,0,0,Urban,0,0,0,Fine,Null
1542371,5161074,4286,,597506,0,0,0,1,0,East,2009/2010,BUCKLEYS ROAD,STEWARTS ROAD,,Minor Crash,No,2009,0,West,0,0,0,Flat,0,,0,,0,Bright sun,2722701,2,0,0,2,0,0,0,0,0,,0,1,Canterbury Region,Nil,2-way,Sealed,0,0,0,0,100,0,Null,0,0,,62,Selwyn District,Unknown,0,0,0,0,0,0,Open,0,0,0,Fine,Null
1753069,5918369,4287,,515002,1,,0,1,,East,2008/2009,GREAT NORTH ROAD,PREMIER AVENUE,,Non-Injury Crash,No,2009,,East,,0,,Flat,,,,,,Overcast,390501,0,0,0,4,,,0,,,,,,Auckland Region,Nil,2-way,Sealed,,0,0,,50,,None,0,0,,76,Auckland,Nil,,,,,0,0,Urban,0,,,Fine,Null
1757204,5920666,4288,,514102,0,0,0,2,0,South,2009/2010,FEDERAL ST,WYNDHAM ST,,Non-Injury Crash,No,2009,0,South,0,0,0,Flat,0,,0,,0,Dark,433401,0,0,0,2,0,0,0,0,1,,0,0,Auckland Region,Nil,1-way,Sealed,0,0,0,0,50,0,On,0,0,,76,Auckland,Nil,0,0,0,0,0,0,Urban,0,0,0,Fine,Null
1406536,4917361,4289,,603100,1,0,0,1,0,West,2009/2010,HANOVER ST,GREAT KING ST,,Minor Crash,No,2009,0,West,0,0,0,Flat,0,,0,,0,Bright sun,2903700,1,0,0,2,0,0,0,0,1,,0,0,Otago Region,Nil,2-way,Sealed,0,0,0,0,50,0,Null,0,0,,71,Dunedin City,Unknown,0,0,0,0,0,0,Urban,0,0,0,Fine,Null
1745915,5919732,4290,,513301,0,,0,2,,Null,2008/2009,CENTRAL PARK DRIVE,UNIVERSAL DRIVE,,Non-Injury Crash,No,2009,,South,,0,,Flat,,,,,,Overcast,230401,0,0,0,4,,,0,,,,,,Auckland Region,Nil,2-way,Sealed,,0,0,,50,,Off,0,0,,76,Auckland,Traffic Signals,,,,,0,0,Urban,0,,,Fine,Null
1924271,5607807,4291,,548611,0,0,0,0,0,Null,2008/2009,KINGSLEY DRIVE,PEARY CRESCENT,,Serious Crash,No,2009,0,South,0,0,1,Flat,0,,0,,0,Bright sun,1470316,0,0,1,2,0,0,0,0,0,,0,0,Hawke's Bay Region,Nil,2-way,Sealed,0,0,1,0,50,0,Null,0,0,,30,Hastings District,Nil,0,0,0,0,0,0,Urban,0,0,0,Fine,Null
1753937,5876342,4292,,526104,0,,0,2,,West,2008/2009,KITCHENER ROAD,RACECOURSE ROAD,,Non-Injury Crash,No,2009,,West,,0,,Flat,,,,,,Overcast,835900,0,0,0,2,,,0,,,,,,Auckland Region,Nil,2-way,Sealed,,0,0,,50,,Off,0,0,,76,Auckland,Nil,,,,,0,0,Urban,0,,,Light rain,Null
1892947,5821063,4293,,536202,0,0,0,1,0,East,2009/2010,PAPAMOA BEACH ROAD,KIRKPATRICK PLACE,,Non-Injury Crash,No,2009,0,East,0,0,0,Flat,0,,0,,0,Bright sun,1204707,0,0,0,2,0,0,0,0,0,,0,0,Bay of Plenty Region,Nil,2-way,Sealed,0,0,0,0,70,0,Null,0,0,,23,Tauranga City,Unknown,0,0,0,0,0,0,Urban,1,1,0,Fine,Null
1755295,5921655,4294,,515202,0,,0,2,,North,2008/2009,SH 1N,SHELLY BEACH OBR,,Non-Injury Crash,Yes,2009,,North,,0,,Flat,,,,,,Overcast,423600,0,0,0,4,,,0,,,,,,Auckland Region,Nil,1-way,Sealed,,0,0,,80,,Off,0,0,,76,Auckland,Nil,,,,,0,0,Open,0,,,Fine,Null
1831077,5867130,4295,,533901,0,0,0,1,0,South,2009/2010,SH 2,HAURAKI ROAD,,Non-Injury Crash,Yes,2009,0,North,0,0,1,Flat,0,,0,,0,Bright sun,1065300,0,0,0,2,0,0,0,0,0,,0,0,Waikato Region,Nil,2-way,Sealed,0,0,0,0,100,0,Null,0,0,,12,Hauraki District,Unknown,0,0,0,0,0,0,Open,0,0,0,Fine,Null
1295478,5041850,4296,,608800,0,,0,2,,Null,2009/2010,RIVERBANK ROAD,BALLANTYNE ROAD,,Serious Crash,No,2009,,North,,0,,Flat,,,,,,Overcast,3036811,0,0,0,2,,,0,,,,,,Otago Region,Nil,2-way,Sealed,,0,2,,80,,Null,0,0,,70,Queenstown-Lakes District,Stop,,,,,0,0,Open,0,,,Fine,Null
1577492,5182602,4297,,595800,0,,0,1,,Null,2009/2010,PAGES ROAD,OWLES TERRACE,,Minor Crash,No,2009,,East,,0,,Hill Road,,,,,,Overcast,2558800,1,0,1,1,,,0,,,,,,Canterbury Region,Bridge,2-way,Sealed,,0,0,,50,,Null,0,0,,60,Christchurch City,Give way,,,,,0,0,Urban,0,,,Fine,Null
1758255,5920208,4298,,514103,0,,0,2,,West,2008/2009,PARNELL RISE,SH 16,,Non-Injury Crash,No,2009,,East,,0,,Flat,,,,,,Bright sun,438203,0,0,0,2,,,0,,,,,,Auckland Region,Nil,2-way,Sealed,,0,0,,50,,Null,0,0,,76,Auckland,Traffic Signals,,,,,0,0,Urban,0,,,Fine,Null
1575971,5237154,4299,,585700,0,0,0,1,0,North,2009/2010,SH 7,ANTILLS BR,,Serious Crash,Yes,2009,0,South,0,0,1,Flat,0,,0,,0,Dark,2437500,0,0,0,2,0,0,0,1,0,,0,0,Canterbury Region,Nil,2-way,Sealed,0,0,1,0,100,0,None,0,0,,58,Hurunui District,Unknown,0,0,0,0,0,0,Open,0,0,0,Light rain,Null
1866023,5824103,4300,,536620,0,,0,1,,South,2009/2010,WHAKAMARAMA ROAD,OLD HIGHWAY,,Non-Injury Crash,No,2009,,North,,0,,Hill Road,,,,,,Overcast,1189004,0,0,0,2,,,0,,,,,,Bay of Plenty Region,Nil,2-way,Sealed,,0,0,,100,,Null,0,0,,22,Western Bay of Plenty District,Unknown,,,,,0,0,Open,1,,,Light rain,Null
1759983,5915666,4301,,519400,0,,0,2,,Null,2009/2010,GREAT SOUTH ROAD,PURIRI AVENUE,,Non-Injury Crash,No,2009,,North,,0,,Flat,,,,,,Overcast,617000,0,0,0,2,,,0,,,,,,Auckland Region,Nil,2-way,Sealed,,0,0,,50,,Off,0,0,,76,Auckland,Stop,,,,,0,0,Urban,0,,,Light rain,Null
1802230,5814462,4302,,530200,0,0,0,1,0,Null,2008/2009,FIRTH ST,WELLINGTON ST,,Non-Injury Crash,No,2009,0,West,0,0,0,Flat,0,,0,,1,Dark,891900,0,0,0,2,0,0,0,0,0,,0,0,Waikato Region,Nil,2-way,Sealed,0,0,0,0,50,0,On,0,0,,16,Hamilton City,Give way,0,0,0,1,0,0,Urban,0,0,0,Fine,Null
1867384,5713178,4303,,541720,0,,0,2,,Null,2008/2009,TITIRAUPENGA ST,TUWHARETOA ST,,Non-Injury Crash,No,2009,,South,,0,,Flat,,,,,,Dark,1273700,0,0,0,2,,,0,,,,,,Waikato Region,Nil,2-way,Sealed,,0,0,,50,,On,0,0,,21,Taupo District,Give way,,,,,0,0,Urban,0,,,Heavy rain,Null
1771258,5915470,4304,,521501,1,,0,1,,Null,2008/2009,BLEAKHOUSE ROAD,PATON ROAD,,Non-Injury Crash,No,2009,,North,,0,,Flat,,,,,,Bright sun,650900,0,0,0,2,,,0,,,,,,Auckland Region,Nil,2-way,Sealed,,0,0,,50,,Null,0,0,,76,Auckland,Give way,,,,,0,0,Urban,0,,,Fine,Null
1766928,5902796,4305,,524602,0,,0,2,,Null,2009/2010,KERRS ROAD,HOBILL AVENUE,,Non-Injury Crash,No,2009,,West,,0,,Flat,,,,,,Overcast,780407,0,0,0,2,,,0,,,,,,Auckland Region,Nil,2-way,Sealed,,0,0,,70,,Off,0,0,,76,Auckland,Nil,,,,,0,0,Urban,0,,,Light rain,Null