X,Y,OBJECTID,advisorySpeed,areaUnitID,bicycle,bridge,bus,carStationWagon,cliffBank,crashDirectionDescription,crashFinancialYear,crashLocation1,crashLocation2,crashRoadSideRoad,crashSeverity,crashSHDescription,crashYear,debris,directionRoleDescription,ditch,fatalCount,fence,flatHill,guardRail,holiday,houseOrBuilding,intersection,kerb,light,meshblockId,minorInjuryCount,moped,motorcycle,NumberOfLanes,objectThrownOrDropped,otherObject,otherVehicleType,overBank,parkedVehicle,pedestrian,phoneBoxEtc,postOrPole,region,roadCharacter,roadLane,roadSurface,roadworks,schoolBus,seriousInjuryCount,slipOrFlood,speedLimit,strayAnimal,streetLight,suv,taxi,temporarySpeedLimit,tlaId,tlaName,trafficControl,trafficIsland,trafficSign,train,tree,truck,unknownVehicleType,urban,vanOrUtility,vehicle,waterRiver,weatherA,weatherB
1745694,5917007,4306,,510800,0,,0,1,,Null,2008/2009,EDSEL ST,VITASOVICH AVENUE,,Non-Injury Crash,No,2009,,North,,0,,Flat,,,,,,Bright sun,243300,0,0,0,2,,,0,,,,,,Auckland Region,Nil,2-way,Sealed,,0,0,,50,,Null,0,0,,76,Auckland,Give way,,,,,0,0,Urban,1,,,Fine,Null
1499235,5138195,4307,,597820,0,0,0,2,0,Null,2008/2009,PARK ST,BURNETT ST,,Minor Crash,No,2009,0,South,0,0,0,Flat,0,,1,,0,Bright sun,2739000,1,0,0,2,0,0,0,0,0,,0,0,Canterbury Region,Nil,2-way,Sealed,0,0,0,0,50,0,Null,0,0,,63,Ashburton District,Give way,0,0,0,0,0,0,Urban,0,0,0,Fine,Null
1756280,5913182,4308,,518701,0,,0,2,,Null,2008/2009,CARR ROAD,HAYR ROAD,,Non-Injury Crash,No,2009,,West,,0,,Flat,,,,,,Overcast,569000,0,0,0,4,,,0,,,,,,Auckland Region,Nil,2-way,Sealed,,0,0,,50,,Null,0,0,,76,Auckland,Give way,,,,,0,0,Urban,0,,,Light rain,Null
1789246,5853854,4309,,526702,0,0,0,1,0,South,2008/2009,TE OHAKI ROAD,GLEN MURRAY ROAD,,Non-Injury Crash,No,2009,0,South,1,0,0,Flat,0,,0,,0,Dark,847300,0,0,0,2,0,0,0,0,0,,0,0,Waikato Region,Nil,2-way,Sealed,0,0,0,0,100,0,None,0,0,,13,Waikato District,Unknown,0,0,0,0,0,0,Open,0,0,0,Fine,Null
1756253,5924283,4310,,509702,0,,0,0,,North,2009/2010,SH 1N,SEART OFF SBD,,Non-Injury Crash,Yes,2009,,South,,0,,Hill Road,,,,,,Bright sun,366700,0,0,0,3,,,0,,,,,,Auckland Region,Nil,1-way,Sealed,,0,0,,100,,Null,1,0,,76,Auckland,Unknown,,,,,0,0,Open,1,,,Fine,Null
1764950,5905006,4311,,522100,0,0,0,1,0,Null,2008/2009,CHESTNUT ROAD,KENDERDINE ROAD,,Non-Injury Crash,No,2009,0,North,0,0,1,Flat,0,,0,,0,Overcast,659701,0,0,0,2,0,0,0,0,0,,0,0,Auckland Region,Nil,2-way,Sealed,0,0,0,0,50,0,Off,0,0,,76,Auckland,Nil,0,0,0,1,0,0,Urban,0,0,0,Null,Null
1758270,5916880,4312,,515700,0,,0,2,,Null,2008/2009,MANUKAU ROAD,MOUNT ST JOHN AVENUE,,Non-Injury Crash,No,2009,,South,,0,,Flat,,,,,,Overcast,457900,0,0,0,4,,,0,,,,,,Auckland Region,Nil,2-way,Sealed,,0,0,,50,,Off,0,0,,76,Auckland,Nil,,,,,0,0,Urban,0,,,Heavy rain,Null
1877707,5818658,4313,,537900,0,,0,1,,Null,2009/2010,SH 29,POIKE ROAD,,Non-Injury Crash,Yes,2009,,North,,0,,Flat,,,,,,Twilight,1193201,0,0,0,2,,,0,,,,,,Bay of Plenty Region,Nil,2-way,Sealed,,0,0,,100,,Off,0,0,,23,Tauranga City,Give way,,,,,0,0,Open,1,,,Fine,Null
1301982,5005964,4314,,608600,0,,0,1,,Null,2008/2009,SH 8B,ALPHA ST,,Serious Crash,Yes,2009,,West,,0,,Flat,,,,,,Twilight,3031509,3,0,0,2,,,0,,,,,,Otago Region,Nil,2-way,Sealed,,0,1,,80,,Off,0,0,,69,Central Otago District,Give way,,,,,0,0,Open,1,,,Fine,Null
1764025,5905057,4315,,522100,0,,0,2,,Null,2008/2009,HILLSIDE ROAD,PAH ROAD,,Non-Injury Crash,No,2009,,East,,0,,Flat,,,,,,Bright sun,658600,0,0,0,2,,,0,,,,,,Auckland Region,Nil,2-way,Sealed,,0,0,,50,,Off,0,0,,76,Auckland,Stop,,,,,0,0,Urban,0,,,Fine,Null
1755571,5921388,4316,,515202,0,,0,1,,South,2008/2009,SH 1N,CURRAN ON NBD,,Non-Injury Crash,Yes,2009,,North,,0,,Flat,,,,,,Bright sun,425600,0,0,1,4,,,0,,,,,,Auckland Region,Nil,1-way,Sealed,,0,0,,80,,Off,0,0,,76,Auckland,Nil,,,,,0,0,Open,0,,,Fine,Null
1482208,5253422,4317,,585315,0,0,0,1,0,Null,2008/2009,SH 73,BIG SLIP CRK BR,,Serious Crash,Yes,2009,0,West,0,0,0,Flat,0,,0,,0,Overcast,2422700,0,0,0,2,0,0,0,1,0,,0,0,West Coast Region,Nil,2-way,Sealed,0,0,1,0,100,0,Null,0,0,,57,Westland District,Unknown,0,1,0,0,0,0,Open,0,0,0,Fine,Null
1766214,5916484,4318,,517100,0,0,0,1,0,South,2009/2010,ERIMA AVENUE,POINT ENGLAND ROAD,,Non-Injury Crash,No,2009,0,North,0,0,0,Flat,0,,0,,0,Overcast,478900,0,0,0,2,0,0,0,0,0,,1,1,Auckland Region,Nil,2-way,Sealed,0,0,0,0,50,0,Off,0,0,,76,Auckland,Nil,0,0,0,0,0,0,Urban,0,0,0,Fine,Null
1748724,5970077,4319,,505500,0,,0,1,,Null,2008/2009,SLIP ROAD,SH 1N,,Non-Injury Crash,Yes,2009,,South,,0,,Flat,,,,,,Dark,140500,0,0,0,2,,,0,,,,,,Auckland Region,Nil,2-way,Sealed,,0,0,,50,,On,1,0,,76,Auckland,Give way,,,,,0,0,Urban,0,,,Light rain,Null
1843593,5674590,4320,,541501,0,,0,0,,North,2008/2009,SH 1N,POUTU STM BR,,Non-Injury Crash,Yes,2009,,South,,0,,Flat,,,,,,Bright sun,1288804,0,0,1,2,,,0,,,,,,Waikato Region,Nil,2-way,Sealed,,0,0,,100,,Null,0,0,,21,Taupo District,Unknown,,,,,0,0,Open,2,,,Fine,Null
1747290,5910689,4321,,512000,0,,0,2,,Null,2008/2009,SCENIC DRIVE,ATKINSON ROAD,,Non-Injury Crash,No,2009,,North,,0,,Flat,,,,,,Overcast,296800,0,0,0,2,,,0,,,,,,Auckland Region,Nil,2-way,Sealed,,0,0,,50,,Null,0,0,,76,Auckland,Give way,,,,,0,0,Urban,0,,,Fine,Null
1759984,5915835,4322,,516002,0,,0,2,,Null,2008/2009,GREEN LANE EAST,MAREWA ROAD,,Non-Injury Crash,No,2009,,North,,0,,Flat,,,,,,Overcast,494000,0,0,0,3,,,0,,,,,,Auckland Region,Nil,2-way,Sealed,,0,0,,50,,Off,0,0,,76,Auckland,Give way,,,,,0,0,Urban,0,,,Light rain,Null
1763300,5920281,4323,,516500,0,,0,2,,Null,2009/2010,PATTESON AVENUE,MARAU CRESCENT,,Non-Injury Crash,No,2009,,North,,0,,Flat,,,,,,Bright sun,500700,0,0,0,2,,,0,,,,,,Auckland Region,Nil,2-way,Sealed,,0,0,,50,,Null,0,0,,76,Auckland,Give way,,,,,0,0,Urban,0,,,Fine,Null
1800165,5816337,4324,,529700,0,,0,0,,Null,2008/2009,ULSTER ST,MILL ST,,Non-Injury Crash,No,2009,,South,,0,,Flat,,Easter,,,,Overcast,908800,0,0,0,4,,,0,,,,,,Waikato Region,Nil,2-way,Sealed,,0,0,,50,,Null,2,0,,16,Hamilton City,Traffic Signals,,,,,0,0,Urban,0,,,Fine,Null
1841887,5818364,4325,,535220,0,0,0,1,0,North,2008/2009,DUNLOP ROAD,HAWES ST,,Non-Injury Crash,No,2009,0,North,0,0,1,Flat,0,,0,,0,Overcast,1112202,0,0,0,2,0,0,0,0,0,,0,0,Waikato Region,Nil,2-way,Unsealed,0,0,0,0,100,0,Null,0,0,30,15,Matamata-Piako District,Unknown,0,0,0,0,0,0,Open,0,0,0,Fine,Null
1747223,5919429,4326,,512402,0,,0,2,,Null,2009/2010,TE ATATU ROAD,ROYAL VIEW ROAD,,Non-Injury Crash,No,2009,,South,,0,,Flat,,,,,,Overcast,254100,0,0,0,4,,,0,,,,,,Auckland Region,Nil,2-way,Sealed,,0,0,,50,,Null,0,0,,76,Auckland,Nil,,,,,0,0,Urban,0,,,Fine,Null
1881928,5773078,4327,,539500,0,,0,0,,South,2008/2009,PANDORA AVENUE,ORION ST,,Non-Injury Crash,No,2009,,South,,0,,Flat,,,,,,Twilight,1230402,0,0,0,2,,,0,,,,,,Bay of Plenty Region,Nil,2-way,Sealed,,0,0,,50,,Off,1,0,,24,Rotorua District,Unknown,,,,,0,0,Urban,1,,,Fine,Null
1757491,5926983,4328,,508010,0,,0,2,,Null,2009/2010,ANZAC ST,BARRYS POINT ROAD,,Non-Injury Crash,No,2009,,North,,0,,Flat,,,,,,Overcast,327500,0,0,0,4,,,0,,,,,,Auckland Region,Nil,2-way,Sealed,,0,0,,50,,Off,0,0,,76,Auckland,Traffic Signals,,,,,0,0,Urban,0,,,Fine,Null
1746936,5913718,4329,,511100,0,0,0,2,0,Null,2009/2010,OATES ROAD,GLENDALE ROAD,,Non-Injury Crash,No,2009,0,North,0,0,0,Hill Road,0,,0,,0,Dark,286200,0,0,0,2,0,0,0,0,0,,0,2,Auckland Region,Nil,2-way,Sealed,0,0,0,0,50,0,On,0,0,,76,Auckland,Stop,0,0,0,0,0,0,Urban,0,0,0,Heavy rain,Null
1753956,5926851,4330,,508610,0,,0,2,,East,2008/2009,CORONATION ROAD,GLENFIELD ROAD,,Non-Injury Crash,No,2009,,East,,0,,Hill Road,,,,,,Dark,205201,0,0,0,2,,,0,,,,,,Auckland Region,Nil,2-way,Sealed,,0,0,,50,,On,0,0,,76,Auckland,Unknown,,,,,0,0,Urban,0,,,Fine,Null
1754450,5914672,4331,,518802,0,0,0,1,0,Null,2008/2009,GIFFORD AVENUE,PLUMPTON AVENUE,,Non-Injury Crash,No,2009,0,North,0,0,1,Flat,0,,1,,0,Overcast,578000,0,0,0,2,0,0,0,0,0,,0,0,Auckland Region,Nil,2-way,Sealed,0,0,0,0,50,0,Off,0,0,,76,Auckland,Nil,0,0,0,0,0,0,Urban,0,0,0,Fine,Null
1758779,5912660,4332,,519810,0,,0,2,,Null,2008/2009,SELWYN ST,GREY ST,,Non-Injury Crash,No,2009,,North,,0,,Flat,,,,,,Overcast,598400,0,0,0,4,,,0,,,,,,Auckland Region,Nil,2-way,Sealed,,0,0,,50,,Off,0,1,,76,Auckland,Traffic Signals,,,,,0,0,Urban,0,,,Fine,Null
1691734,6083042,4333,,501500,0,0,0,1,0,West,2008/2009,OTIRIA ROAD,SNOWDON AVENUE,,Non-Injury Crash,No,2009,0,West,0,0,1,Flat,0,,0,,0,Overcast,56001,0,0,0,2,0,0,0,0,0,,0,0,Northland Region,Nil,2-way,Sealed,0,0,0,0,50,0,Null,0,0,,1,Far North District,Nil,0,0,0,0,0,0,Urban,0,0,0,Fine,Null
1842948,5680887,4334,,541000,0,0,0,1,0,East,2008/2009,ROTA ST,TOI GROVE,,Non-Injury Crash,No,2009,0,South,0,0,0,Flat,0,,0,,0,Dark,1285300,0,0,0,2,0,0,0,0,0,,0,0,Waikato Region,Nil,2-way,Sealed,0,0,0,0,50,0,On,0,0,,21,Taupo District,Unknown,0,0,0,1,0,0,Urban,0,0,0,Light rain,Null
1769341,5914532,4335,,522723,0,,0,1,,South,2009/2010,SIR LLOYD DRIVE,PAKURANGA ROAD,,Non-Injury Crash,No,2009,,North,,0,,Flat,,,,,,Bright sun,681304,0,0,0,2,,,0,,,,,,Auckland Region,Nil,2-way,Sealed,,0,0,,50,,Off,1,0,,76,Auckland,Traffic Signals,,,,,0,0,Urban,0,,,Fine,Null
1755276,5932021,4336,,508805,0,,0,2,,Null,2008/2009,EAST COAST ROAD,CONSTELLATION DRIVE,,Non-Injury Crash,No,2009,,East,,0,,Flat,,,,,,Bright sun,151104,0,0,0,4,,,0,,,,,,Auckland Region,Nil,2-way,Sealed,,0,0,,50,,Null,0,0,,76,Auckland,Traffic Signals,,,,,0,0,Urban,0,,,Fine,Null
1865793,5826359,4337,,536620,0,0,0,1,0,West,2008/2009,YOUNGSON ROAD,SH 2,,Non-Injury Crash,No,2009,0,South,0,0,1,Hill Road,0,,0,,0,Dark,1186400,0,0,0,2,0,0,0,0,0,,0,0,Bay of Plenty Region,Nil,2-way,Sealed,0,0,0,0,80,0,None,0,0,,22,Western Bay of Plenty District,Nil,0,0,0,0,0,0,Open,0,0,0,Light rain,Null
1765787,5901109,4338,,524711,0,,0,2,,Null,2009/2010,ROSCOMMON ROAD,BURBANK AVENUE,,Non-Injury Crash,No,2009,,South,,0,,Flat,,,,,,Unknown,774503,0,0,0,2,,,0,,,,,,Auckland Region,Nil,2-way,Sealed,,0,0,,50,,Off,0,0,,76,Auckland,Give way,,,,,0,0,Urban,0,,,Fine,Null
1763995,5912049,4339,,520500,0,,0,2,,Null,2008/2009,MOUNT WELLINGTON HIGHWAY,VESTEY DRIVE,,Non-Injury Crash,No,2009,,North,,0,,Flat,,,,,,Dark,637900,0,0,0,4,,,0,,,,,,Auckland Region,Nil,2-way,Sealed,,0,0,,50,,On,0,0,,76,Auckland,Give way,,,,,0,0,Urban,0,,,Fine,Null
1805675,5817340,4340,,527125,0,0,0,1,0,Null,2009/2010,RUAKURA ROAD,HOLLAND ROAD,,Non-Injury Crash,No,2009,0,North,1,0,0,Flat,0,,0,,0,Dark,954904,0,0,0,2,0,1,0,0,0,,0,0,Waikato Region,Nil,2-way,Sealed,0,0,0,0,100,0,None,0,0,,13,Waikato District,Give way,0,0,0,0,0,0,Open,0,0,0,Fine,Null
1879234,5824782,4341,,538201,0,,0,1,,Null,2009/2010,HARINGTON ST,CAMERON ROAD,,Non-Injury Crash,No,2009,,West,,0,,Flat,,,,,,Bright sun,1163200,0,0,0,2,,,0,,,,,,Bay of Plenty Region,Nil,2-way,Sealed,,0,0,,50,,Null,1,0,,23,Tauranga City,Give way,,,,,0,0,Urban,0,,,Fine,Null
1755779,5914039,4342,,518500,0,0,0,2,0,West,2008/2009,MOUNT ALBERT ROAD,BREMNER AVENUE,,Non-Injury Crash,No,2009,0,East,0,0,0,Flat,0,,0,,0,Dark,562800,0,0,0,2,0,0,0,0,0,,0,0,Auckland Region,Nil,2-way,Sealed,0,0,0,0,50,0,On,0,0,,76,Auckland,Nil,0,0,0,0,0,0,Urban,0,1,0,Fine,Null
1801352,5812980,4343,,530400,0,0,0,2,0,West,2008/2009,BADER ST,WILLIS ST,,Non-Injury Crash,No,2009,0,East,0,0,0,Flat,0,,0,,0,Overcast,922300,0,0,0,2,0,0,0,0,0,,0,0,Waikato Region,Nil,2-way,Sealed,0,0,0,0,50,0,Null,0,0,,16,Hamilton City,Unknown,0,0,0,0,0,0,Urban,0,1,0,Fine,Null
1800765,5817815,4344,,529800,0,,0,2,,South,2008/2009,HEAPHY TERRACE,CLARKIN ROAD,,Non-Injury Crash,No,2009,,North,,0,,Flat,,,,,,Bright sun,869600,0,0,0,2,,,0,,,,,,Waikato Region,Nil,2-way,Sealed,,0,0,,50,,Null,0,0,,16,Hamilton City,Stop,,,,,0,0,Urban,0,,,Fine,Null
1719620,6045623,4345,,503100,0,,0,2,,South,2008/2009,WALTON ST,HANNAH ST,,Non-Injury Crash,No,2009,,South,,0,,Flat,,,,,,Overcast,99904,0,0,0,3,,,0,,,,,,Northland Region,Nil,2-way,Sealed,,0,0,,50,,Off,0,0,,2,Whangarei District,Nil,,,,,0,0,Urban,0,,,Fine,Null
1768809,5913785,4346,,522723,0,0,0,1,0,West,2009/2010,WALWORTH AVENUE,CASCADES ROAD,,Non-Injury Crash,No,2009,0,East,0,0,1,Hill Road,0,Christmas New Year,0,,0,Bright sun,681700,0,0,0,2,0,0,0,0,0,,0,1,Auckland Region,Nil,2-way,Sealed,0,0,0,0,50,0,Off,0,0,,76,Auckland,Nil,0,0,0,0,0,0,Urban,0,0,0,Fine,Null
1883348,5775017,4347,,539400,0,,0,1,,Null,2009/2010,SH 5,VIEW ROAD,,Non-Injury Crash,Yes,2009,,North,,0,,Flat,,,,,,Overcast,1224800,0,0,0,4,,,0,,,,,,Bay of Plenty Region,Nil,2-way,Sealed,,0,0,,60,,Null,1,0,,24,Rotorua District,Stop,,,,,0,0,Urban,0,,,Light rain,Null
1769226,5905010,4348,,523722,0,0,0,1,0,South,2008/2009,LOWBURN PLACE,ASPIRING AVENUE,,Non-Injury Crash,No,2009,0,South,0,0,0,Flat,0,,0,,0,Bright sun,716016,0,0,0,2,0,0,0,0,0,,0,0,Auckland Region,Nil,2-way,Sealed,0,0,0,0,50,0,Off,0,0,,76,Auckland,Nil,0,0,0,0,0,0,Urban,1,1,0,Fine,Null
1718684,6045773,4349,,503000,0,,0,2,,Null,2009/2010,SH 1N,CENTRAL AVENUE,,Non-Injury Crash,Yes,2009,,West,,0,,Flat,,,,,,Dark,97800,0,0,0,3,,,0,,,,,,Northland Region,Nil,2-way,Sealed,,0,0,,50,,On,0,0,,2,Whangarei District,Traffic Signals,,,,,0,0,Urban,0,,,Fine,Null
1747198,5919401,4350,,512402,1,,0,1,,North,2009/2010,TE ATATU ROAD,COVIL AVENUE,,Non-Injury Crash,No,2009,,West,,0,,Flat,,,,,,Bright sun,254100,0,0,0,1,,,0,,,,,,Auckland Region,Nil,1-way,Sealed,,0,0,,50,,Off,0,0,,76,Auckland,Nil,,,,,0,0,Urban,0,,,Fine,Null
1757529,5912933,4351,,519810,0,,0,3,,South,2008/2009,QUEENSTOWN ROAD,HERD ROAD,,Non-Injury Crash,No,2009,,North,,0,,Hill Road,,,,,,Dark,596700,0,0,0,4,,,0,,,,,,Auckland Region,Nil,2-way,Sealed,,0,0,,50,,On,0,0,,76,Auckland,Traffic Signals,,,,,0,0,Urban,1,,,Fine,Null
1768598,5900709,4352,,525001,0,,0,1,,Null,2008/2009,WEYMOUTH ROAD,SELWYN ROAD,,Non-Injury Crash,No,2009,,East,,0,,Flat,,Easter,,,,Bright sun,752100,0,0,0,2,,,0,,,,,,Auckland Region,Nil,2-way,Sealed,,0,0,,50,,Off,0,0,,76,Auckland,Give way,,,,,0,0,Urban,1,,,Fine,Null
1882797,5774390,4353,,539400,0,,0,0,,West,2008/2009,RIRI ST,PURURU ST,,Non-Injury Crash,No,2009,,West,,0,,Flat,,,,,,Bright sun,1226201,0,0,0,2,,,0,,,,,,Bay of Plenty Region,Nil,2-way,Sealed,,0,0,,50,,Null,0,0,,24,Rotorua District,Unknown,,,,,0,0,Urban,2,,,Fine,Null
1242726,4849012,4354,,611300,0,,0,0,,Null,2008/2009,TWEED ST,NITH ST,,Minor Crash,No,2009,,East,,0,,Flat,,,,,,Overcast,3104800,1,0,0,4,,,0,,,,,,Southland Region,Nil,2-way,Sealed,,0,0,,50,,Null,1,0,,75,Invercargill City,Give way,,,,,0,0,Urban,1,,,Fine,Null
1753833,5914179,4355,,518801,0,0,0,1,0,Null,2008/2009,SH 20,SANDRINGHAM ROAD,,Non-Injury Crash,Yes,2009,0,West,0,0,0,Flat,0,,0,,1,Dark,578500,0,0,0,4,0,0,0,0,0,,0,1,Auckland Region,Nil,2-way,Sealed,0,0,0,0,50,0,On,0,0,,76,Auckland,Give way,0,0,0,0,0,0,Urban,0,0,0,Heavy rain,Null
1798359,5814530,4356,,529000,0,,0,1,,Null,2009/2010,KILLARNEY ROAD,CAMPBELL ST,,Non-Injury Crash,No,2009,,East,,0,,Flat,,,,,,Overcast,918000,0,0,0,2,,,0,,,,,,Waikato Region,Nil,2-way,Sealed,,0,0,,50,,Null,0,0,,16,Hamilton City,Give way,,,,,0,0,Urban,1,,,Light rain,Null
1793514,5825432,4357,,527916,0,,0,2,,North,2008/2009,GREAT SOUTH ROAD,HOROTIU ROAD,,Non-Injury Crash,No,2009,,North,,0,,Flat,,,,,,Dark,975600,0,0,0,2,,,0,,,,,,Waikato Region,Nil,2-way,Sealed,,0,0,,100,,On,0,0,,13,Waikato District,Unknown,,,,,0,0,Open,0,,,Fine,Null
1855050,5878644,4358,,533300,0,,0,2,,Null,2009/2010,HETHERINGTON ROAD,PORT ROAD,,Non-Injury Crash,No,2009,,East,,0,,Flat,,,,,,Overcast,1060900,0,0,0,2,,,0,,,,,,Waikato Region,Nil,2-way,Sealed,,0,0,,50,,Null,0,0,,11,Thames-Coromandel District,Give way,,,,,0,0,Urban,0,,,Light rain,Null
1754338,5927965,4359,,508310,0,,0,2,,Null,2008/2009,CHARTWELL AVENUE,BENTLEY AVENUE,,Non-Injury Crash,No,2009,,North,,0,,Hill Road,,,,,,Overcast,200600,0,0,0,3,,,0,,,,,,Auckland Region,Nil,2-way,Sealed,,0,0,,50,,Null,0,0,,76,Auckland,Stop,,,,,0,0,Urban,0,,,Light rain,Null
1690757,6002055,4360,,505010,0,0,0,0,0,West,2008/2009,SH 12,DUNN ROAD,,Non-Injury Crash,Yes,2009,0,East,1,0,0,Flat,0,,0,,0,Overcast,127500,0,0,0,2,0,0,0,0,0,,0,0,Northland Region,Nil,2-way,Sealed,0,0,0,0,80,0,None,0,0,,3,Kaipara District,Nil,0,0,0,0,0,0,Open,1,0,0,Fine,Strong wind
1645560,6082533,4361,,500600,0,,0,2,,South,2008/2009,MANNING ST,MARINER ST,,Non-Injury Crash,No,2009,,North,,0,,Hill Road,,,,,,Bright sun,23800,0,0,0,2,,,0,,,,,,Northland Region,Nil,2-way,Sealed,,0,0,,50,,Off,0,0,,1,Far North District,Nil,,,,,0,0,Urban,0,,,Fine,Null
1406198,4916732,4362,,603000,0,,0,2,,South,2008/2009,PRINCES ST,MORAY PLACE,,Minor Crash,No,2009,,South,,0,,Flat,,,,,,Dark,2899300,1,0,0,2,,,0,,,,,,Otago Region,Nil,2-way,Sealed,,0,0,,30,,On,0,0,,71,Dunedin City,Unknown,,,,,0,0,Urban,0,,,Fine,Null
1871907,5822747,4363,,536620,0,0,0,1,1,East,2009/2010,SH 2,TE METE ROAD,,Non-Injury Crash,Yes,2009,0,East,0,0,0,Hill Road,0,,0,,0,Dark,1189602,0,0,0,3,0,0,0,0,0,,0,0,Bay of Plenty Region,Nil,2-way,Sealed,0,0,0,0,100,0,None,0,0,,22,Western Bay of Plenty District,Unknown,0,0,0,0,0,0,Open,0,0,0,Fine,Null
1793348,5500630,4364,,564220,0,,0,4,,South,2009/2010,SH 1N,QUEEN ST EAST,,Minor Crash,Yes,2009,,South,,0,,Flat,,,,,,Overcast,1869700,1,0,0,2,,,0,,,,,,Manawatū-Whanganui Region,Nil,2-way,Sealed,,0,0,,50,,Null,0,0,,42,Horowhenua District,Nil,,,,,0,0,Urban,0,,,Fine,Null
1769508,5906445,4365,,523712,0,,0,2,,Null,2008/2009,CHAPEL ROAD,MEDVALE AVENUE N,,Non-Injury Crash,No,2009,,North,,0,,Flat,,,,,,Bright sun,713201,0,0,0,2,,,0,,,,,,Auckland Region,Nil,2-way,Sealed,,0,0,,70,,Null,0,0,,76,Auckland,Give way,,,,,0,0,Urban,0,,,Fine,Null
1780732,5916586,4366,,523300,0,0,0,1,0,Null,2009/2010,MARAETAI DRIVE,OMANA BEACH ROAD,,Non-Injury Crash,No,2009,0,North,1,0,0,Hill Road,0,,0,,0,Dark,719500,0,0,0,2,0,0,0,0,0,,0,0,Auckland Region,Nil,2-way,Sealed,0,0,0,0,50,0,On,0,0,,76,Auckland,Give way,0,0,0,0,0,0,Urban,0,0,0,Fine,Null
1889223,5820857,4367,,536517,0,0,0,1,0,Null,2008/2009,SH 2,DOMAIN ROAD,,Non-Injury Crash,Yes,2009,0,South,1,0,0,Flat,0,,0,,0,Dark,1205060,0,0,0,2,0,0,0,1,0,,0,0,Bay of Plenty Region,Nil,2-way,Sealed,0,0,0,0,100,0,On,0,0,,23,Tauranga City,Give way,0,0,0,0,0,0,Open,0,0,0,Fine,Null
1755049,5927885,4368,,508320,0,,0,2,,Null,2008/2009,ARCHERS ROAD,CHIVALRY ROAD,,Non-Injury Crash,No,2009,,West,,0,,Flat,,,,,,Overcast,199500,0,0,0,2,,,0,,,,,,Auckland Region,Nil,2-way,Sealed,,0,0,,50,,Off,0,0,,76,Auckland,Traffic Signals,,,,,0,0,Urban,0,,,Fine,Null
1800907,5815078,4369,,529700,0,,0,2,,Null,2008/2009,ANGLESEA ST,COLLINGWOOD ST,,Non-Injury Crash,No,2009,,North,,0,,Flat,,,,,,Twilight,910900,0,0,0,2,,,0,,,,,,Waikato Region,Nil,2-way,Sealed,,0,0,,50,,On,0,0,,16,Hamilton City,Traffic Signals,,,,,0,0,Urban,0,,,Fine,Null
1747309,5919652,4370,,512300,0,0,0,1,0,East,2008/2009,SH 16,TE ATATU ON EBD WEST,,Non-Injury Crash,Yes,2009,0,East,0,0,0,Flat,0,Queens Birthday,0,,0,Overcast,252000,0,0,0,3,0,0,0,0,0,,0,0,Auckland Region,Nil,1-way,Sealed,0,0,0,0,100,0,Off,0,0,,76,Auckland,Nil,0,1,0,0,0,0,Open,0,0,0,Light rain,Null
1847357,5788765,4371,,535232,0,,0,0,,North,2009/2010,SH 28,LESLIE ROAD,,Non-Injury Crash,Yes,2009,,South,,0,,Hill Road,,,,,,Dark,1127902,0,0,0,2,,,0,,,,,,Waikato Region,Nil,2-way,Sealed,,0,0,,100,,None,1,0,,19,South Waikato District,Unknown,,,,,0,0,Open,0,,,Light rain,Null
1461946,5321849,4372,,584931,0,,0,0,,Null,2009/2010,SH 6,GRANITE CRK BR,,Minor Crash,Yes,2009,,North,,0,,Flat,,,,,,Bright sun,2401900,1,0,1,2,,,0,,,,,,West Coast Region,Bridge,2-way,Sealed,,0,0,,100,,Null,0,0,,56,Grey District,Nil,,,,,0,0,Open,0,,,Fine,Null
1759338,5913094,4373,,519720,0,0,0,1,0,North,2008/2009,MARIRI ROAD,MOUNT SMART ROAD,,Non-Injury Crash,No,2009,0,North,0,0,1,Flat,0,,0,,0,Dark,596000,0,0,0,2,0,0,0,0,0,,0,0,Auckland Region,Nil,2-way,Sealed,0,0,0,0,50,0,On,0,0,,76,Auckland,Nil,0,0,0,0,0,0,Urban,0,0,0,Fine,Null
1566774,5184842,4374,,588700,0,,0,0,,West,2008/2009,HAREWOOD ROAD,FARRINGTON AVENUE,,Minor Crash,No,2009,,West,,0,,Flat,,,,,,Bright sun,2523400,1,0,1,4,,,0,,,,,,Canterbury Region,Nil,2-way,Sealed,,0,0,,60,,Null,0,0,,60,Christchurch City,Nil,,,,,0,0,Urban,1,,,Fine,Null
1766098,5919990,4375,,516700,0,,0,2,,Null,2009/2010,VALE ROAD,YATTENDON ROAD,,Non-Injury Crash,No,2009,,South,,0,,Flat,,,,,,Dark,511900,0,0,0,2,,,0,,,,,,Auckland Region,Nil,2-way,Sealed,,0,0,,50,,On,0,0,,76,Auckland,Give way,,,,,0,0,Urban,0,,,Light rain,Null
1757636,5919862,4376,,514103,0,,0,2,,Null,2008/2009,SYMONDS ST,WELLESLEY ST EAST S,,Non-Injury Crash,No,2009,,South,,0,,Flat,,,,,,Dark,436700,0,0,0,4,,,0,,,,,,Auckland Region,Nil,2-way,Sealed,,0,0,,50,,On,0,0,,76,Auckland,Nil,,,,,0,0,Urban,0,,,Fine,Null