X,Y,OBJECTID,advisorySpeed,areaUnitID,bicycle,bridge,bus,carStationWagon,cliffBank,crashDirectionDescription,crashFinancialYear,crashLocation1,crashLocation2,crashRoadSideRoad,crashSeverity,crashSHDescription,crashYear,debris,directionRoleDescription,ditch,fatalCount,fence,flatHill,guardRail,holiday,houseOrBuilding,intersection,kerb,light,meshblockId,minorInjuryCount,moped,motorcycle,NumberOfLanes,objectThrownOrDropped,otherObject,otherVehicleType,overBank,parkedVehicle,pedestrian,phoneBoxEtc,postOrPole,region,roadCharacter,roadLane,roadSurface,roadworks,schoolBus,seriousInjuryCount,slipOrFlood,speedLimit,strayAnimal,streetLight,suv,taxi,temporarySpeedLimit,tlaId,tlaName,trafficControl,trafficIsland,trafficSign,train,tree,truck,unknownVehicleType,urban,vanOrUtility,vehicle,waterRiver,weatherA,weatherB
1829052,5833022,4377,,534604,0,,0,1,,Null,2009/2010,SH 27,SH 26,,Non-Injury Crash,Yes,2009,,North,,0,,Flat,,,,,,Dark,1097200,0,0,0,2,,,0,,,,,,Waikato Region,Nil,2-way,Sealed,,0,0,,70,,On,0,0,,15,Matamata-Piako District,Give way,,,,,1,0,Urban,0,,,Fine,Null
1867418,5713282,4378,,541720,0,,0,2,,Null,2008/2009,TITIRAUPENGA ST,HEUHEU ST,,Non-Injury Crash,No,2009,,South,,0,,Flat,,,,,,Bright sun,1273700,0,0,0,2,,,0,,,,,,Waikato Region,Nil,2-way,Sealed,,0,0,,50,,Null,0,0,,21,Taupo District,Stop,,,,,0,0,Urban,0,,,Fine,Null
1753781,5936736,4379,,508703,0,,0,2,,Null,2008/2009,EAST COAST ROAD,GLENVAR ROAD,,Non-Injury Crash,No,2009,,South,,0,,Hill Road,,,,,,Bright sun,179213,0,0,0,2,,,0,,,,,,Auckland Region,Nil,2-way,Sealed,,0,0,,50,,Null,0,0,,76,Auckland,Give way,,,,,0,0,Urban,0,,,Fine,Null
1755435,5915227,4380,,518500,0,,0,2,,Null,2009/2010,LANDSCAPE ROAD,DOMINION ROAD,,Non-Injury Crash,No,2009,,South,,0,,Flat,,,,,,Bright sun,559900,0,0,0,2,,,0,,,,,,Auckland Region,Nil,2-way,Sealed,,0,0,,50,,Off,0,0,,76,Auckland,Stop,,,,,0,0,Urban,0,,,Fine,Null
1770635,5911227,4381,,523109,0,,0,2,,Null,2009/2010,TI RAKAU DRIVE,CHAPEL ROAD,,Non-Injury Crash,No,2009,,West,,0,,Flat,,,,,,Bright sun,712008,0,0,0,1,,,0,,,,,,Auckland Region,Nil,1-way,Sealed,,0,0,,50,,Off,0,0,,76,Auckland,Give way,,,,,0,0,Urban,0,,,Fine,Null
1767502,5904470,4382,,524604,0,,1,1,,South,2009/2010,LEYTON WAY,RONWOOD AVENUE,,Non-Injury Crash,No,2009,,South,,0,,Flat,,,,,,Dark,780204,0,0,0,2,,,0,,,,,,Auckland Region,Nil,2-way,Sealed,,0,0,,20,,On,0,0,,76,Auckland,Nil,,,,,0,0,Urban,0,,,Fine,Null
1862500,5808644,4383,,536630,0,0,0,1,0,North,2008/2009,SH 29,VALLEY VIEW ROAD,,Non-Injury Crash,Yes,2009,0,South,0,0,0,Hill Road,1,,0,,0,Overcast,1191400,0,0,0,3,0,0,0,0,0,,0,0,Bay of Plenty Region,Nil,2-way,Sealed,0,0,0,0,100,0,Null,0,0,,22,Western Bay of Plenty District,Unknown,0,0,0,0,0,0,Open,0,0,0,Heavy rain,Null
1798134,5814635,4384,,529000,0,0,0,2,0,South,2008/2009,KORIMAKO ST,MASSEY ST,,Non-Injury Crash,No,2009,0,West,0,0,0,Flat,0,,0,,0,Dark,917900,0,0,0,2,0,0,0,0,1,,0,0,Waikato Region,Nil,2-way,Sealed,0,0,0,0,50,0,On,0,0,,16,Hamilton City,Unknown,0,0,0,0,0,0,Urban,0,0,0,Fine,Null
1743568,5916202,4385,,513012,0,0,0,1,0,Null,2008/2009,SAN VALENTINO DRIVE,SAN FERNANDO WAY,,Non-Injury Crash,No,2009,0,East,0,0,1,Flat,0,,0,,0,Dark,280709,0,0,0,2,0,0,0,0,0,,0,0,Auckland Region,Nil,2-way,Sealed,0,0,0,0,50,0,On,0,0,,76,Auckland,Give way,0,0,0,0,0,0,Urban,0,0,0,Fine,Null
1745251,5919268,4386,,513301,0,,0,3,,North,2009/2010,LINCOLN ROAD,POMARIA ROAD,,Non-Injury Crash,No,2009,,South,,0,,Flat,,,,,,Bright sun,232003,0,0,0,4,,,0,,,,,,Auckland Region,Nil,2-way,Sealed,,0,0,,50,,Off,0,0,,76,Auckland,Nil,,,,,0,0,Urban,0,,,Fine,Null
1744494,5922508,4387,,513530,0,,0,2,,South,2008/2009,ROYAL ON EBD,ROYAL ROAD W,,Non-Injury Crash,Yes,2009,,East,,0,,Hill Road,,,,,,Overcast,225802,0,0,0,2,,,0,,,,,,Auckland Region,Motorway ramp,1-way,Sealed,,0,0,,80,,Off,0,0,,76,Auckland,Nil,,,,,0,0,Open,0,,,Light rain,Null
1770016,5915219,4388,,522712,0,0,0,1,0,East,2008/2009,CRANBERRY PLACE,BUCKLANDS BEACH ROAD,,Non-Injury Crash,No,2009,0,South,0,0,0,Flat,0,,0,,0,Bright sun,680806,0,0,0,2,0,0,0,0,1,,0,0,Auckland Region,Nil,2-way,Sealed,0,0,0,0,50,0,Null,0,0,,76,Auckland,Nil,0,0,0,0,0,0,Urban,1,0,0,Fine,Null
1766046,5906299,4389,,522202,0,0,0,1,0,West,2008/2009,GREAT SOUTH ROAD,CENTRAL AVENUE,,Non-Injury Crash,No,2009,0,West,0,0,1,Flat,0,,0,,0,Dark,665101,0,0,0,4,0,1,0,0,0,,0,0,Auckland Region,Nil,2-way,Sealed,0,0,0,0,50,0,On,0,0,,76,Auckland,Nil,0,0,0,0,0,0,Urban,0,0,0,Fine,Null
1800046,5815912,4390,,529700,0,,0,2,,Null,2009/2010,TRISTRAM ST,LIVERPOOL ST,,Non-Injury Crash,No,2009,,North,,0,,Flat,,,,,,Bright sun,910000,0,0,0,3,,,0,,,,,,Waikato Region,Nil,2-way,Sealed,,0,0,,50,,Null,0,0,,16,Hamilton City,Give way,,,,,0,0,Urban,0,,,Fine,Null
1883745,5773188,4391,,540420,0,,0,1,,West,2008/2009,MALFROY ROAD,ANN ST,,Non-Injury Crash,No,2009,,East,,0,,Flat,,,,,,Bright sun,1235304,0,0,0,4,,,0,,,,,,Bay of Plenty Region,Nil,2-way,Sealed,,0,0,,50,,Off,1,0,,24,Rotorua District,Unknown,,,,,0,0,Urban,0,,,Fine,Null
1762152,5913699,4392,,520500,0,,0,2,,North,2008/2009,SH 1N,PENROSE OBR,,Non-Injury Crash,Yes,2009,,North,,0,,Flat,,,,,,Overcast,637000,0,0,0,3,,,0,,,,,,Auckland Region,Nil,1-way,Sealed,,0,0,,100,,Off,0,0,,76,Auckland,Nil,,,,,0,0,Open,0,,,Fine,Null
1751567,5915197,4393,,514401,0,,0,2,,South,2008/2009,BLOCKHOUSE BAY ROAD,NEW NORTH ROAD,,Non-Injury Crash,No,2009,,South,,0,,Flat,,,,,,Bright sun,380001,0,0,0,3,,,0,,,,,,Auckland Region,Nil,2-way,Sealed,,0,0,,50,,Off,0,0,,76,Auckland,Nil,,,,,0,0,Urban,0,,,Fine,Null
1838716,5840662,4394,,534800,0,,0,2,,Null,2008/2009,SH 26 KENRICK,SH 26 STANLEY,,Non-Injury Crash,Yes,2009,,South,,0,,Flat,,,,,,Bright sun,1103100,0,0,0,2,,,0,,,,,,Waikato Region,Nil,2-way,Sealed,,0,0,,50,,Null,0,0,,15,Matamata-Piako District,Give way,,,,,0,0,Urban,0,,,Fine,Null
1752154,5928161,4395,,508412,0,0,0,1,0,West,2009/2010,PEMBERTON AVENUE,MANUKA ROAD,,Non-Injury Crash,No,2009,0,East,0,0,1,Hill Road,0,,0,,0,Dark,185400,0,0,0,2,0,0,0,0,0,,0,0,Auckland Region,Nil,2-way,Sealed,0,0,0,0,50,0,On,0,0,,76,Auckland,Nil,0,0,0,0,0,0,Urban,0,0,0,Fine,Null
1742454,5925796,4396,,513410,0,0,0,1,1,North,2008/2009,FRED TAYLOR DRIVE,HAILES ROAD,,Non-Injury Crash,No,2009,0,South,0,0,1,Flat,0,,0,,0,Overcast,220400,0,0,0,2,0,0,0,0,0,,0,0,Auckland Region,Nil,2-way,Sealed,0,0,0,0,80,0,Off,0,0,,76,Auckland,Nil,0,0,0,0,0,0,Open,0,0,0,Light rain,Null
1757291,5920655,4397,,514102,0,,0,1,,Null,2008/2009,ALBERT ST,WYNDHAM ST,,Non-Injury Crash,No,2009,,East,,0,,Flat,,,,,,Bright sun,433401,0,0,0,4,,,0,,,,,,Auckland Region,Nil,2-way,Sealed,,0,0,,50,,Off,0,0,,76,Auckland,Traffic Signals,,,,,0,0,Urban,1,,,Fine,Null
1786040,5813446,4398,,526601,0,,0,2,,East,2009/2010,SH 23,HEDDON ROAD,,Non-Injury Crash,Yes,2009,,East,,0,,Flat,,,,,,Overcast,859704,0,0,0,2,,,0,,,,,,Waikato Region,Nil,2-way,Sealed,,0,0,,100,,None,0,0,,13,Waikato District,Nil,,,,,0,0,Open,0,,,Fine,Null
1760341,5915762,4399,,516003,0,,0,1,,North,2008/2009,SH 1N,GREENLANE OFF NBD,,Non-Injury Crash,Yes,2009,,North,,0,,Flat,,,,,,Bright sun,494902,0,0,0,4,,,0,,,,,,Auckland Region,Nil,1-way,Sealed,,0,0,,100,,Off,0,0,,76,Auckland,Nil,,,,,0,0,Open,1,,,Fine,Null
1884118,5825195,4400,,536831,0,,0,2,,East,2009/2010,MATAPIHI ROAD,OWENS PLACE,,Non-Injury Crash,No,2009,,East,,0,,Flat,,,,,,Bright sun,1204403,0,0,0,3,,,0,,,,,,Bay of Plenty Region,Nil,2-way,Sealed,,0,0,,50,,Null,0,0,,23,Tauranga City,Nil,,,,,0,0,Urban,0,,,Fine,Null
1753645,5946210,4401,,505906,0,,0,2,,West,2008/2009,BRIAN CRESCENT,JOHN ROAD,,Non-Injury Crash,No,2009,,West,,0,,Flat,,,,,,Twilight,173310,0,0,0,1,,,0,,,,,,Auckland Region,Nil,2-way,Sealed,,0,0,,50,,Off,0,0,,76,Auckland,Nil,,,,,0,0,Urban,0,,,Fine,Null
1761461,5914299,4402,,520202,0,,0,1,,Null,2009/2010,PENROSE INT,MAIN LINK,,Non-Injury Crash,No,2009,,South,,0,,Flat,,Labour Weekend,,,,Bright sun,612502,0,0,0,1,,,0,,,,,,Auckland Region,Nil,1-way,Sealed,,0,0,,60,,Off,1,0,,76,Auckland,Give way,,,,,0,0,Urban,0,,,Fine,Null
1752600,5918061,4403,,515002,0,0,1,2,0,East,2009/2010,SH 16,CARRINGTON OBR,,Non-Injury Crash,Yes,2009,0,East,0,0,0,Flat,1,Labour Weekend,0,,0,Overcast,390701,0,0,0,3,0,0,0,0,0,,0,0,Auckland Region,Nil,1-way,Sealed,0,0,0,0,100,0,Null,0,0,,76,Auckland,Unknown,0,0,0,0,0,0,Open,0,0,0,Fine,Null
1406926,4918399,4404,,603601,0,,0,1,,Null,2009/2010,SH 1S,DUNDAS ST W,,Minor Crash,Yes,2009,,East,,0,,Flat,,,,,,Dark,2866000,1,0,0,2,,,0,,,,,,Otago Region,Nil,2-way,Sealed,,0,0,,50,,On,0,0,,71,Dunedin City,Traffic Signals,,,,,0,0,Urban,1,,,Fine,Null
1879428,5780470,4405,,538863,0,0,0,1,0,East,2008/2009,SH 5,DALBETH ROAD,,Non-Injury Crash,Yes,2009,0,East,1,0,0,Flat,0,,0,,0,Overcast,1265308,0,0,0,2,0,0,0,0,0,,0,0,Bay of Plenty Region,Nil,2-way,Sealed,0,0,0,0,100,0,None,0,0,,24,Rotorua District,Nil,0,0,0,0,0,0,Open,0,0,0,Fine,Null
1736829,5982321,4406,,505300,0,,0,3,,North,2009/2010,SH 1N,STATION ROAD,,Non-Injury Crash,Yes,2009,,South,,0,,Hill Road,,,,,,Overcast,142900,0,0,0,2,,,0,,,,,,Auckland Region,Nil,2-way,Sealed,,0,0,,50,,Null,0,0,,76,Auckland,Unknown,,,,,0,0,Urban,0,,,Light rain,Null
1769073,5900615,4407,,525002,0,0,0,3,0,North,2008/2009,GREAT SOUTH ROAD,MCANNALLEY ST,,Non-Injury Crash,No,2009,0,South,0,0,0,Flat,0,,0,,0,Overcast,753202,0,0,0,2,0,0,0,0,1,,0,0,Auckland Region,Nil,2-way,Sealed,0,0,0,0,50,0,Off,0,0,,76,Auckland,Give way,0,0,0,0,0,0,Urban,0,0,0,Fine,Null
1748884,5913883,4408,,511302,0,0,0,1,0,Null,2009/2010,GREAT NORTH ROAD,WATERS PLACE,,Non-Injury Crash,No,2009,0,East,0,0,0,Hill Road,0,,0,,0,Bright sun,269400,0,0,0,4,0,0,0,0,0,,0,0,Auckland Region,Nil,2-way,Sealed,0,0,0,0,50,0,Null,0,0,,76,Auckland,Give way,0,1,0,0,0,0,Urban,0,0,0,Fine,Null
1301980,4875557,4409,,610033,0,0,0,0,0,East,2008/2009,SH 93,ELLIOTT ROAD,,Minor Crash,Yes,2009,0,West,1,0,0,Flat,0,,0,,0,Dark,3055400,1,0,0,2,0,0,0,0,0,,0,0,Southland Region,Nil,2-way,Sealed,0,0,0,0,100,0,None,0,0,,74,Gore District,Unknown,0,0,0,0,0,0,Open,1,0,0,Mist or Fog,Null
1764132,5913611,4410,,520500,0,0,0,1,0,Null,2009/2010,WAIPUNA ROAD,IRELAND ROAD,,Non-Injury Crash,No,2009,0,West,0,0,0,Flat,0,,0,,0,Dark,638700,0,0,0,2,0,0,0,0,0,,0,1,Auckland Region,Nil,2-way,Sealed,0,0,0,0,50,0,On,0,1,,76,Auckland,Traffic Signals,0,0,0,0,0,0,Urban,0,0,0,Light rain,Null
1885160,5773331,4411,,540420,0,,0,2,,North,2009/2010,FENTON ST,TI ST,,Non-Injury Crash,No,2009,,South,,0,,Flat,,,,,,Bright sun,1237200,0,0,0,4,,,0,,,,,,Bay of Plenty Region,Nil,2-way,Sealed,,0,0,,50,,Null,0,0,,24,Rotorua District,Give way,,,,,0,0,Urban,0,,,Fine,Null
1766706,5908741,4412,,523402,0,0,1,1,0,Null,2009/2010,CLYDE ROAD,OTARA ROAD,,Non-Injury Crash,No,2009,0,North,0,0,0,Flat,0,,0,,0,Bright sun,697700,0,0,0,2,0,0,0,0,0,,0,0,Auckland Region,Nil,2-way,Sealed,0,0,0,0,50,0,Off,0,0,,76,Auckland,Nil,0,0,0,0,0,0,Urban,0,1,0,Fine,Null
1794079,5820740,4413,,527912,0,,0,0,,West,2009/2010,SH 39,BURBUSH ROAD,,Non-Injury Crash,Yes,2009,,West,,0,,Flat,,,,,,Overcast,977001,0,0,0,2,,,1,,,,,,Waikato Region,Nil,2-way,Sealed,,0,0,,100,,None,0,0,,13,Waikato District,Nil,,,,,0,0,Open,1,,,Fine,Null
1769473,5906714,4414,,523712,0,,0,2,,Null,2008/2009,MICHAEL JONES DRIVE,WALTER LITTLE WAY,,Non-Injury Crash,No,2009,,North,,0,,Flat,,,,,,Bright sun,712809,0,0,0,2,,,0,,,,,,Auckland Region,Nil,2-way,Sealed,,0,0,,50,,Off,0,0,,76,Auckland,Nil,,,,,0,0,Urban,0,,,Mist or Fog,Null
1719497,6046057,4415,,503100,0,,0,3,,West,2009/2010,DENT ST,NORFOLK ST,,Non-Injury Crash,No,2009,,East,,0,,Flat,,,,,,Overcast,99500,0,0,0,2,,,0,,,,,,Northland Region,Nil,2-way,Sealed,,0,0,,50,,None,0,0,,2,Whangarei District,Nil,,,,,0,0,Urban,1,,,Fine,Null
1771015,5879446,4416,,525922,0,0,0,1,0,West,2009/2010,YATES ROAD,LOGAN ROAD,,Non-Injury Crash,No,2009,0,East,1,0,0,Flat,0,,0,,0,Dark,827100,0,0,0,2,0,0,0,0,0,,0,0,Auckland Region,Nil,2-way,Sealed,0,0,0,0,100,0,None,0,0,,76,Auckland,Nil,0,0,0,0,0,0,Open,0,0,0,Fine,Null
1755354,5932791,4417,,507400,0,,0,2,,Null,2009/2010,EAST COAST ROAD,WINDSOR PLACE,,Non-Injury Crash,No,2009,,West,,0,,Hill Road,,,,,,Bright sun,152900,0,0,0,4,,,0,,,,,,Auckland Region,Nil,2-way,Sealed,,0,0,,50,,Null,0,0,,76,Auckland,Give way,,,,,0,0,Urban,0,,,Fine,Null
1825906,5799012,4418,,535241,0,,0,1,,Null,2008/2009,SH 1N,GORTON ROAD,,Non-Injury Crash,Yes,2009,,North,,0,,Flat,,,,,,Overcast,1123000,0,0,0,2,,,0,,,,,,Waikato Region,Nil,2-way,Sealed,,0,0,,100,,Null,0,0,,17,Waipa District,Give way,,,,,0,0,Open,1,,,Heavy rain,Null
1800939,5812225,4419,,529200,0,,0,2,,North,2008/2009,SH 3,URLICH AVENUE,,Non-Injury Crash,Yes,2009,,South,,0,,Flat,,,,,,Dark,928200,0,0,0,4,,,0,,,,,,Waikato Region,Nil,2-way,Sealed,,0,0,,60,,On,0,0,,16,Hamilton City,Unknown,,,,,0,0,Urban,0,,,Fine,Null
1717421,6055253,4420,,502001,0,,0,2,,Null,2008/2009,SH 1N,SALEYARDS ROAD N,,Non-Injury Crash,Yes,2009,,South,,0,,Hill Road,,,,,,Overcast,64300,0,0,0,2,,,0,,,,,,Northland Region,Nil,2-way,Sealed,,0,0,,100,,Null,0,0,,2,Whangarei District,Stop,,,,,0,0,Open,0,,,Light rain,Null
1768905,5904239,4421,,523820,0,,0,1,,East,2008/2009,RANSOM SMYTH DRIVE,PALMETTO PLACE,,Non-Injury Crash,No,2009,,West,,0,,Hill Road,,,,,,Overcast,760149,0,0,0,2,,,0,,,,,,Auckland Region,Nil,2-way,Sealed,,0,0,,50,,Off,1,0,,76,Auckland,Nil,,,,,0,0,Urban,0,,,Fine,Null
1757106,5920401,4422,,514102,0,,0,2,,North,2008/2009,FEDERAL ST,WELLESLEY ST WEST,,Non-Injury Crash,No,2009,,West,,0,,Flat,,,,,,Overcast,433802,0,0,0,2,,,0,,,,,,Auckland Region,Nil,1-way,Sealed,,0,0,,50,,Off,0,1,,76,Auckland,Nil,,,,,0,0,Urban,0,,,Fine,Null
1884972,5773677,4423,,540410,0,,0,2,,Null,2008/2009,SH 30A,TUTANEKAI ST,,Non-Injury Crash,Yes,2009,,East,,0,,Flat,,,,,,Bright sun,1236100,0,0,0,4,,,0,,,,,,Bay of Plenty Region,Nil,2-way,Sealed,,0,0,,50,,Null,0,0,,24,Rotorua District,Traffic Signals,,,,,0,0,Urban,0,,,Fine,Null
1242344,4848989,4424,,611300,0,,0,1,,Null,2009/2010,TWEED ST,LIDDEL ST,,Minor Crash,No,2009,,East,,0,,Flat,,,,,,Bright sun,3104600,1,0,0,4,,,0,,,,,,Southland Region,Nil,2-way,Sealed,,0,0,,50,,Null,0,0,,75,Invercargill City,Give way,,,,,0,0,Urban,1,,,Fine,Null
1804468,5806256,4425,,527915,0,,0,2,,North,2008/2009,SH 3,SH 21 AIRPORT RD,,Non-Injury Crash,Yes,2009,,North,,0,,Flat,,,,,,Overcast,984900,0,0,0,2,,,0,,,,,,Waikato Region,Nil,2-way,Sealed,,0,0,,100,,Off,0,0,,17,Waipa District,Nil,,,,,0,0,Open,0,,,Fine,Null
1792621,5876154,4426,,521135,0,,0,3,,North,2009/2010,SH 2,WYATT ROAD,,Non-Injury Crash,Yes,2009,,North,,0,,Flat,,,,,,Dark,843500,0,0,0,4,,,0,,,,,,Waikato Region,Nil,2-way,Sealed,,0,0,,100,,None,1,0,,13,Waikato District,Nil,,,,,0,0,Open,0,,,Fine,Null
1739351,5928637,4427,,505602,0,0,0,1,0,North,2009/2010,SH 16,OLD RAILWAY ROAD,,Non-Injury Crash,Yes,2009,0,North,1,0,0,Hill Road,0,,0,,0,Dark,214104,0,0,0,2,0,0,0,0,0,,0,0,Auckland Region,Nil,2-way,Sealed,0,0,0,0,80,0,None,0,0,,76,Auckland,Nil,0,0,0,0,0,0,Open,0,0,0,Fine,Null
1768824,5900801,4428,,525002,0,,0,3,,West,2009/2010,WEYMOUTH ROAD,GREAT SOUTH ROAD,,Non-Injury Crash,No,2009,,West,,0,,Null,,,,,,Bright sun,752802,0,0,0,2,,,0,,,,,,Auckland Region,Nil,2-way,Sealed,,0,0,,50,,Off,0,0,,76,Auckland,Nil,,,,,0,0,Urban,0,,,Fine,Null
1795494,5522776,4429,,561500,0,0,0,1,0,North,2008/2009,SH 1N,TOTARA PARK ROAD,,Minor Crash,Yes,2009,0,South,0,0,0,Flat,0,,0,,0,Dark,1784700,1,0,0,2,0,0,0,0,0,,0,0,Manawatū-Whanganui Region,Nil,2-way,Sealed,0,0,0,0,100,0,None,0,0,,42,Horowhenua District,Nil,0,0,0,0,0,0,Open,0,0,0,Fine,Null
1762935,5913781,4430,,520402,0,0,0,1,0,East,2008/2009,PENROSE ROAD,GUNSON ROAD,,Non-Injury Crash,No,2009,0,West,0,0,0,Flat,0,,0,,0,Dark,641900,0,0,0,2,0,0,0,0,0,,0,1,Auckland Region,Nil,2-way,Sealed,0,0,0,0,50,0,On,0,0,,76,Auckland,Nil,0,0,0,0,0,0,Urban,0,0,0,Heavy rain,Null
1755894,5928260,4431,,507900,0,0,0,2,0,South,2008/2009,SH 1N,TRISTRAM ON SBD,,Non-Injury Crash,Yes,2009,0,South,0,0,0,Flat,0,,0,,0,Overcast,307000,0,0,0,3,0,0,0,0,1,,0,0,Auckland Region,Nil,1-way,Sealed,0,0,0,0,100,0,Off,0,0,,76,Auckland,Nil,0,0,0,0,0,0,Open,0,0,0,Light rain,Null
1764654,5905789,4432,,522100,0,,0,2,,North,2008/2009,STATION ROAD,WYLLIE ROAD,,Non-Injury Crash,No,2009,,South,,0,,Flat,,,,,,Bright sun,657700,0,0,0,2,,,0,,,,,,Auckland Region,Nil,2-way,Sealed,,0,0,,50,,Off,0,0,,76,Auckland,Traffic Signals,,,,,0,0,Urban,0,,,Fine,Null
1892841,5812987,4433,,538502,0,,0,1,,East,2008/2009,JELLICOE ST,BOUCHER AVENUE,,Non-Injury Crash,No,2009,,East,,0,,Flat,,,,,,Bright sun,1215400,0,0,0,4,,,0,,,,,,Bay of Plenty Region,Nil,2-way,Sealed,,0,0,,50,,Null,0,0,,22,Western Bay of Plenty District,Unknown,,,,,0,0,Urban,1,,,Fine,Null
1686909,6087974,4434,,501633,0,,0,0,,North,2008/2009,SH 10,SH 1N,,Non-Injury Crash,Yes,2009,,South,,0,,Flat,,,,,,Dark,36000,0,0,0,2,,,0,,,,,,Northland Region,Nil,2-way,Sealed,,0,0,,100,,None,2,0,50,1,Far North District,Nil,,,,,0,0,Open,0,,,Fine,Null
1910315,5784137,4435,,538820,0,0,0,1,1,West,2008/2009,SH 30,MANAWAHE ROAD,,Non-Injury Crash,Yes,2009,0,West,0,0,0,Flat,0,,0,,0,Bright sun,1252801,0,0,0,2,0,0,0,0,0,,0,0,Bay of Plenty Region,Nil,2-way,Sealed,0,0,0,0,100,0,Null,0,0,,24,Rotorua District,Unknown,0,0,0,0,0,0,Open,0,0,0,Fine,Null
1407230,4923775,4436,,601603,0,0,0,1,1,North,2008/2009,SH 1S,WATERMANS COTTAGE OBR,,Minor Crash,Yes,2009,0,South,0,0,0,Hill Road,0,,0,,0,Dark,2863400,1,0,0,2,0,0,0,0,0,,0,0,Otago Region,Nil,2-way,Sealed,0,0,0,0,100,0,None,0,0,,71,Dunedin City,Unknown,0,0,0,0,0,0,Open,0,0,0,Light rain,Null
1764967,5914761,4437,,520301,0,,0,1,,Null,2008/2009,PANMURE ROUNDABOUT,JELLICOE ROAD,,Non-Injury Crash,No,2009,,East,,0,,Flat,,,,,,Overcast,628300,0,0,0,2,,,0,,,,,,Auckland Region,Nil,1-way,Sealed,,0,0,,50,,Null,0,0,,76,Auckland,Give way,,,,,1,0,Urban,0,,,Fine,Null
1880857,5829359,4438,,536810,0,,0,2,,Null,2009/2010,SALISBURY AVENUE,VICTORIA ROAD,,Non-Injury Crash,No,2009,,East,,0,,Flat,,,,,,Bright sun,1195600,0,0,0,2,,,0,,,,,,Bay of Plenty Region,Nil,2-way,Sealed,,0,0,,50,,Off,0,0,,23,Tauranga City,Give way,,,,,0,0,Urban,0,,,Fine,Null
1379818,5102691,4439,,600323,0,,0,1,,West,2009/2010,SH 8,SIMONS PASS STATION,,Minor Crash,Yes,2009,,South,,0,,Hill Road,,,,,,Overcast,2814500,4,0,0,2,,,0,,,,,,Canterbury Region,Nil,2-way,Sealed,,0,0,,100,,Null,0,0,,65,Mackenzie District,Unknown,,,,,0,0,Open,0,,,Fine,Frost
1722285,6044975,4440,,503700,0,0,0,1,0,North,2008/2009,MACKESY ROAD,RIVERSIDE DRIVE,,Non-Injury Crash,No,2009,0,North,0,0,0,Hill Road,0,Queens Birthday,0,,0,Dark,102300,0,0,0,2,0,0,0,0,0,,0,0,Northland Region,Nil,2-way,Sealed,0,0,0,0,50,0,None,0,0,,2,Whangarei District,Nil,0,0,0,1,0,0,Urban,0,0,0,Fine,Null
1800899,5814734,4441,,529700,0,,0,1,,Null,2008/2009,TRISTRAM ST,THACKERAY ST,,Non-Injury Crash,No,2009,,North,,0,,Flat,,,,,,Bright sun,912100,0,0,0,4,,,0,,,,,,Waikato Region,Nil,2-way,Sealed,,0,0,,50,,Null,1,0,,16,Hamilton City,Give way,,,,,0,0,Urban,0,,,Fine,Null
1767154,5906307,4442,,522302,0,0,0,2,0,West,2008/2009,TUI ROAD,RANUM ROAD,,Non-Injury Crash,No,2009,0,East,0,0,0,Flat,0,,0,,0,Dark,669500,0,0,0,2,0,0,0,0,1,,0,0,Auckland Region,Nil,2-way,Sealed,0,0,0,0,50,0,On,0,0,,76,Auckland,Nil,0,0,0,0,0,0,Urban,0,0,0,Fine,Null
1766096,5903967,4443,,524604,0,0,0,1,0,South,2008/2009,PLUNKET AVENUE,ORB AVENUE,,Non-Injury Crash,No,2009,0,South,0,0,0,Flat,0,,0,,0,Dark,780209,0,0,0,2,0,0,0,0,0,,0,0,Auckland Region,Nil,2-way,Sealed,1,0,0,0,50,0,On,0,0,30,76,Auckland,Nil,0,0,0,0,0,0,Urban,0,0,0,Light rain,Null
1879302,5824701,4444,,538201,0,,0,2,,Null,2008/2009,DURHAM ST,HAMILTON ST,,Non-Injury Crash,No,2009,,North,,0,,Hill Road,,,,,,Overcast,1163400,0,0,0,2,,,0,,,,,,Bay of Plenty Region,Nil,2-way,Sealed,,0,0,,50,,Null,0,0,,23,Tauranga City,Give way,,,,,0,0,Urban,0,,,Light rain,Null
1755037,5928890,4445,,508320,0,0,0,1,0,North,2009/2010,DIANA DRIVE,ASHFIELD ROAD,,Non-Injury Crash,No,2009,0,East,0,0,1,Flat,0,Labour Weekend,0,,0,Dark,196700,0,0,0,2,0,0,0,1,0,,0,0,Auckland Region,Nil,2-way,Sealed,0,0,0,0,50,0,On,0,0,,76,Auckland,Nil,0,0,0,0,0,0,Urban,0,0,0,Light rain,Null
1241726,4852775,4446,,610601,1,,0,0,,Null,2008/2009,HEYWOOD ST,STOBO ST,,Minor Crash,No,2009,,West,,0,,Flat,,,,,,Overcast,3101100,1,0,0,2,,,0,,,,,,Southland Region,Nil,2-way,Sealed,,0,0,,50,,Null,0,0,,75,Invercargill City,Give way,,,,,0,0,Urban,1,,,Fine,Null
1758802,5911532,4447,,519820,0,,0,2,,West,2008/2009,SH 20,ONEHUNGA ON SBD,,Non-Injury Crash,Yes,2009,,East,,0,,Flat,,,,,,Overcast,602402,0,0,0,2,,,0,,,,,,Auckland Region,Nil,1-way,Sealed,,0,0,,100,,Off,0,0,,76,Auckland,Nil,,,,,0,0,Open,0,,,Mist or Fog,Null