X,Y,OBJECTID,advisorySpeed,areaUnitID,bicycle,bridge,bus,carStationWagon,cliffBank,crashDirectionDescription,crashFinancialYear,crashLocation1,crashLocation2,crashRoadSideRoad,crashSeverity,crashSHDescription,crashYear,debris,directionRoleDescription,ditch,fatalCount,fence,flatHill,guardRail,holiday,houseOrBuilding,intersection,kerb,light,meshblockId,minorInjuryCount,moped,motorcycle,NumberOfLanes,objectThrownOrDropped,otherObject,otherVehicleType,overBank,parkedVehicle,pedestrian,phoneBoxEtc,postOrPole,region,roadCharacter,roadLane,roadSurface,roadworks,schoolBus,seriousInjuryCount,slipOrFlood,speedLimit,strayAnimal,streetLight,suv,taxi,temporarySpeedLimit,tlaId,tlaName,trafficControl,trafficIsland,trafficSign,train,tree,truck,unknownVehicleType,urban,vanOrUtility,vehicle,waterRiver,weatherA,weatherB
1757754,5918222,4448,,515700,0,,0,2,,South,2008/2009,SH 1N,KHYBER PASS OFF NBD,,Non-Injury Crash,Yes,2009,,North,,0,,Flat,,,,,,Bright sun,443600,0,0,0,5,,,0,,,,,,Auckland Region,Nil,1-way,Sealed,,0,0,,80,,Null,0,0,,76,Auckland,Unknown,,,,,0,0,Open,0,,,Fine,Null
1749605,5913893,4449,,511303,0,,0,2,,West,2008/2009,GREAT NORTH ROAD,TOTARA AVENUE,,Non-Injury Crash,No,2009,,East,,0,,Hill Road,,,,,,Overcast,264901,0,0,0,2,,,0,,,,,,Auckland Region,Nil,2-way,Sealed,,0,0,,50,,Null,0,0,,76,Auckland,Nil,,,,,0,0,Urban,0,,,Light rain,Null
1762186,5913644,4450,,520500,0,,0,2,,South,2009/2010,SH 1N,PENROSE OBR,,Non-Injury Crash,Yes,2009,,North,,0,,Flat,,,,,,Overcast,637100,0,0,0,3,,,0,,,,,,Auckland Region,Nil,1-way,Sealed,,0,0,,100,,Off,0,0,,76,Auckland,Nil,,,,,0,0,Open,0,,,Heavy rain,Null
1760128,5916863,4451,,516002,0,0,0,1,0,East,2008/2009,REMUERA ROAD,NORANA AVENUE,,Non-Injury Crash,No,2009,0,West,0,0,0,Hill Road,0,,0,,0,Bright sun,492300,0,0,0,2,0,0,0,0,0,,0,0,Auckland Region,Nil,2-way,Sealed,0,0,0,0,50,0,Off,0,0,,76,Auckland,Nil,0,0,0,0,0,0,Urban,1,1,0,Fine,Null
1697193,6081549,4452,,501620,0,0,0,0,0,North,2008/2009,SH 1N,WAIOMIO ROAD,,Non-Injury Crash,Yes,2009,0,North,1,0,0,Hill Road,0,,0,,0,Bright sun,46400,0,0,0,2,0,0,0,0,0,,0,0,Northland Region,Nil,2-way,Sealed,0,0,0,0,100,0,None,1,0,,1,Far North District,Nil,0,0,0,0,0,0,Open,0,0,0,Fine,Null
1761440,5916841,4453,,516202,0,0,0,1,0,West,2008/2009,REMUERA ROAD,UPLAND ROAD,,Non-Injury Crash,No,2009,0,East,0,0,0,Flat,0,,0,,0,Dark,489900,0,0,0,2,0,0,0,0,1,,0,0,Auckland Region,Nil,2-way,Sealed,0,0,0,0,50,0,On,0,0,,76,Auckland,Nil,0,0,0,0,1,0,Urban,0,0,0,Fine,Null
1574911,5181033,4454,,593900,0,,0,2,,West,2008/2009,PAGES ROAD,BAFFIN ST,,Minor Crash,No,2009,,East,,0,,Flat,,Queens Birthday,,,,Overcast,2578700,1,0,0,2,,,0,,,,,,Canterbury Region,Nil,2-way,Sealed,,0,0,,50,,Null,0,0,,60,Christchurch City,Nil,,,,,0,0,Urban,0,,,Light rain,Null
1755610,5922358,4455,,515202,0,,0,2,,North,2009/2010,SH 1N,SHELLY OFF SBD,,Non-Injury Crash,Yes,2009,,South,,0,,Hill Road,,,,,,Bright sun,423600,0,0,0,4,,,0,,,,,,,Bridge,1-way,Sealed,,0,0,,80,,Off,0,0,,76,Auckland,Nil,,,,,0,0,Open,0,,,Fine,Null
1756323,5919356,4456,,514000,0,,0,2,,North,2009/2010,HEREFORD ST,KARANGAHAPE ROAD,,Non-Injury Crash,No,2009,,North,,0,,Flat,,,,,,Bright sun,413800,0,0,0,2,,,0,,,,,,Auckland Region,Nil,2-way,Sealed,,0,0,,50,,Off,0,0,,76,Auckland,Nil,,,,,0,0,Urban,0,,,Fine,Null
1755522,5917907,4457,,517500,0,0,0,2,0,West,2008/2009,NEW NORTH ROAD,BOND ST,,Non-Injury Crash,No,2009,0,West,0,0,0,Flat,0,,0,,0,Bright sun,531800,0,0,0,4,0,0,0,0,0,,0,0,Auckland Region,Nil,2-way,Sealed,0,0,0,0,50,0,Off,0,0,,76,Auckland,Nil,0,0,0,0,0,0,Urban,0,1,0,Fine,Null
1573188,5177783,4458,,594200,0,0,0,1,0,East,2009/2010,RICHARDSON TERRACE,OPAWA ROAD,,Minor Crash,No,2009,0,East,0,0,1,Flat,0,,0,,0,Dark,2582400,1,0,0,2,0,0,0,0,0,,0,0,Canterbury Region,Nil,2-way,Sealed,0,0,0,0,50,0,On,0,0,,60,Christchurch City,Unknown,0,0,0,0,0,0,Urban,0,0,0,Fine,Null
1880620,5774741,4459,,539310,0,0,0,1,0,Null,2009/2010,CLAYTON ROAD,MOUNTAIN ROAD,,Non-Injury Crash,No,2009,0,West,1,0,0,Flat,0,,0,,0,Bright sun,1230602,0,0,0,2,0,0,0,0,0,,0,0,Bay of Plenty Region,Nil,2-way,Sealed,0,0,0,0,50,0,None,0,0,,24,Rotorua District,Nil,0,0,0,0,0,0,Urban,0,0,0,Fine,Null
1878140,5823137,4460,,538101,0,,0,2,,Null,2008/2009,ELEVENTH AVENUE,ELEVENTH OFF SBD,,Non-Injury Crash,Yes,2009,,East,,0,,Hill Road,,,,,,Overcast,1166901,0,0,0,4,,,0,,,,,,Bay of Plenty Region,Motorway ramp,2-way,Sealed,,0,0,,50,,Null,0,0,,23,Tauranga City,Traffic Signals,,,,,0,0,Urban,0,,,Fine,Null
1898767,5811574,4461,,536651,0,0,0,1,0,Null,2009/2010,TE PUKE HIGHWAY,MAKETU ROAD,,Non-Injury Crash,No,2009,0,East,0,0,0,Flat,0,,0,,0,Dark,1211000,0,0,0,2,0,0,0,0,0,,0,0,Bay of Plenty Region,Nil,2-way,Sealed,0,0,0,0,100,0,On,0,0,,22,Western Bay of Plenty District,Stop,1,1,0,0,0,0,Open,0,0,0,Fine,Null
1806213,5787446,4462,,527700,0,,0,1,,Null,2009/2010,GALLOWAY ST,ROLLESTON ST,,Non-Injury Crash,No,2009,,South,,0,,Flat,,,,,,Overcast,989902,0,0,0,2,,,0,,,,,,Waikato Region,Nil,2-way,Sealed,,0,0,,50,,Off,0,0,,17,Waipa District,Give way,,,,,0,0,Urban,0,,,Heavy rain,Null
1758851,5918973,4463,,515902,0,,0,2,,North,2008/2009,PARNELL ROAD,AYR ST,,Non-Injury Crash,No,2009,,North,,0,,Flat,,,,,,Bright sun,451600,0,0,0,2,,,0,,,,,,Auckland Region,Nil,2-way,Sealed,,0,0,,50,,Off,0,0,,76,Auckland,Traffic Signals,,,,,0,0,Urban,0,,,Fine,Null
1756258,5944135,4464,,505902,0,,0,2,,Null,2009/2010,WHANGAPARAOA ROAD,STANMORE BAY ROAD,,Non-Injury Crash,No,2009,,West,,0,,Flat,,,,,,Bright sun,174217,0,0,0,2,,,0,,,,,,Auckland Region,Nil,2-way,Sealed,,0,0,,50,,None,0,0,,76,Auckland,Traffic Signals,,,,,0,0,Urban,0,,,Fine,Null
1755354,5928994,4465,,508320,0,,0,1,,North,2009/2010,WAIRAU ROAD,HILLSIDE ROAD,,Non-Injury Crash,No,2009,,North,,0,,Hill Road,,,,,,Bright sun,196700,0,0,0,5,,,0,,,,,,Auckland Region,Nil,2-way,Sealed,,0,0,,50,,None,0,0,,76,Auckland,Nil,,,,,0,0,Urban,1,,,Fine,Null
1875990,5825556,4466,,537100,0,0,1,0,0,East,2009/2010,CHARLES ST,NGATAI ROAD,,Non-Injury Crash,No,2009,0,East,0,0,0,Flat,0,,0,,0,Bright sun,1158406,0,0,0,2,0,0,0,0,1,,0,0,Bay of Plenty Region,Nil,2-way,Sealed,0,0,0,0,50,0,Off,0,0,,23,Tauranga City,Nil,0,0,0,0,0,0,Urban,1,0,0,Fine,Null
1825984,5886199,4467,,533502,0,,0,1,,Null,2008/2009,POLLEN ST,WILLOUGHBY ST,,Non-Injury Crash,No,2009,,West,,0,,Flat,,,,,,Overcast,1053200,0,0,0,2,,,0,,,,,,Waikato Region,Nil,2-way,Sealed,,0,0,,50,,Null,0,0,,11,Thames-Coromandel District,Give way,,,,,0,0,Urban,1,,,Fine,Null
1407380,4919059,4468,,603300,1,,0,1,,Null,2009/2010,GREAT KING ST NORTH,OPOHO ROAD,,Serious Crash,No,2009,,East,,0,,Flat,,,,,,Bright sun,2870800,0,0,0,2,,,0,,,,,,Otago Region,Nil,2-way,Sealed,,0,1,,50,,Null,0,0,,71,Dunedin City,Traffic Signals,,,,,0,0,Urban,0,,,Fine,Null
1766199,5905632,4469,,522202,0,0,0,1,0,North,2009/2010,REGENT ST,AVIS AVENUE,,Non-Injury Crash,No,2009,0,South,0,0,0,Flat,0,,0,,0,Dark,665500,0,0,0,2,0,0,0,0,1,,0,0,Auckland Region,Nil,2-way,Sealed,0,0,0,0,50,0,On,1,0,,76,Auckland,Nil,0,0,0,0,0,0,Urban,0,0,0,Fine,Null
1767430,5904936,4470,,524603,0,,0,2,,Null,2008/2009,GREAT SOUTH ROAD,CAVENDISH DRIVE,,Non-Injury Crash,No,2009,,East,,0,,Flat,,,,,,Bright sun,780304,0,0,0,4,,,0,,,,,,Auckland Region,Nil,2-way,Sealed,,0,0,,70,,Null,0,0,,76,Auckland,Traffic Signals,,,,,0,0,Urban,0,,,Fine,Null
1748737,5874000,4471,,521151,0,,0,1,,South,2008/2009,KOHEKOHE-KARIOITAHI ROAD,TAURANGARURU ROAD,,Non-Injury Crash,No,2009,,North,,0,,Flat,,,,,,Twilight,831300,0,0,0,2,,,0,,,,,,Auckland Region,Nil,2-way,Sealed,,0,0,,100,,Off,0,0,,76,Auckland,Unknown,,,,,0,0,Open,0,,,Fine,Null
1763137,5907938,4472,,524301,0,,0,2,,East,2008/2009,GRAY AVENUE,MASSEY ROAD,,Non-Injury Crash,No,2009,,North,,0,,Flat,,,,,,Overcast,748900,0,0,0,2,,,0,,,,,,Auckland Region,Nil,2-way,Sealed,,0,0,,50,,Null,0,0,,76,Auckland,Nil,,,,,0,0,Urban,0,,,Fine,Null
1763265,5912823,4473,,520500,0,,0,2,,South,2008/2009,SH 1N,SEART OFF SBD,,Non-Injury Crash,Yes,2009,,South,,0,,Flat,,,,,,Bright sun,637400,0,0,0,4,,,0,,,,,,Auckland Region,Nil,1-way,Sealed,,0,0,,100,,Null,0,0,,76,Auckland,Unknown,,,,,0,0,Open,0,,,Fine,Null
1797339,5821600,4474,,527005,0,0,0,2,0,North,2009/2010,RIVER ROAD,FEATHERSTONE DRIVE,,Non-Injury Crash,No,2009,0,East,0,0,0,Flat,0,,0,,0,Overcast,951707,0,0,0,2,0,0,0,0,1,,0,0,Waikato Region,Nil,2-way,Sealed,0,0,0,0,50,0,Null,0,0,,16,Hamilton City,Unknown,0,0,0,0,0,0,Urban,0,0,0,Fine,Null
1720055,6052122,4475,65,502001,0,0,0,1,0,South,2008/2009,VINEGAR HILL ROAD,RIVERSONG ROAD,,Non-Injury Crash,No,2009,0,South,1,0,0,Flat,0,,0,,0,Dark,63801,0,0,0,2,0,0,0,0,0,,0,0,Northland Region,Nil,2-way,Sealed,0,0,0,0,100,0,None,0,0,,2,Whangarei District,Nil,0,0,0,0,0,0,Open,0,0,0,Light rain,Null
1751552,5915657,4476,,514401,0,,0,2,,Null,2008/2009,BLOCKHOUSE BAY ROAD,WALSALL ST,,Non-Injury Crash,No,2009,,South,,0,,Flat,,,,,,Overcast,382104,0,0,0,4,,,0,,,,,,Auckland Region,Nil,2-way,Sealed,,0,0,,50,,Off,0,0,,76,Auckland,Traffic Signals,,,,,0,0,Urban,0,,,Fine,Null
1483506,5376091,4477,,584500,0,,0,2,,Null,2008/2009,ADDERLEY ST,RINTOUL ST,,Minor Crash,No,2009,,East,,0,,Flat,,,,,,Bright sun,2391700,2,0,0,2,,,0,,,,,,West Coast Region,Nil,2-way,Sealed,,0,0,,50,,Null,0,0,,55,Buller District,Give way,,,,,1,0,Urban,0,,,Fine,Null
1767436,5903490,4478,,524602,0,0,0,1,0,East,2009/2010,MARBLE PLACE,TREVOR HOSKEN DRIVE,,Non-Injury Crash,No,2009,0,North,0,0,1,Flat,0,,1,,0,Overcast,780412,0,0,0,2,0,0,0,0,0,,0,0,Auckland Region,Nil,2-way,Sealed,0,0,0,0,50,0,Off,0,0,,76,Auckland,Nil,0,0,0,0,0,0,Urban,0,0,0,Fine,Null
1870489,5779124,4479,,538864,0,0,0,1,0,Null,2008/2009,TARENA ST,DANSEY ROAD,,Non-Injury Crash,No,2009,0,East,0,0,1,Flat,0,,0,,0,Dark,1265502,0,0,0,2,0,0,0,0,0,,0,0,Bay of Plenty Region,Nil,2-way,Sealed,0,0,0,0,50,0,On,0,0,,24,Rotorua District,Give way,1,0,0,0,0,0,Urban,0,0,0,Fine,Null
1799427,5816816,4480,,528700,0,,0,2,,South,2008/2009,ULSTER ST,DARLEY ST,,Non-Injury Crash,No,2009,,North,,0,,Flat,,,,,,Bright sun,902100,0,0,0,4,,,0,,,,,,Waikato Region,Nil,2-way,Sealed,,0,0,,60,,Null,0,0,,16,Hamilton City,Unknown,,,,,0,0,Urban,0,,,Fine,Null
1757500,5914683,4481,,515802,0,0,0,0,0,North,2008/2009,THE DRIVE,HEYWOOD CRESCENT,,Non-Injury Crash,No,2009,0,North,0,0,0,Flat,0,,0,,0,Bright sun,448600,0,0,0,2,0,0,0,0,0,,0,1,Auckland Region,Nil,2-way,Sealed,0,0,0,0,50,0,Null,0,0,,76,Auckland,Nil,0,0,0,0,1,0,Urban,0,0,0,Fine,Null
1831229,5864930,4482,,533901,0,0,0,0,0,North,2008/2009,SH 2,SCHOOL ROAD,,Non-Injury Crash,Yes,2009,0,North,1,0,0,Flat,0,,0,,0,Dark,1065800,0,0,0,2,0,0,0,0,0,,0,0,Waikato Region,Nil,2-way,Unsealed,0,0,0,0,100,0,None,0,0,30,12,Hauraki District,Unknown,0,0,0,0,0,0,Open,1,0,0,Fine,Null
1770779,5904744,4483,,523712,0,0,0,1,0,South,2009/2010,MURPHYS ROAD,THOMAS ROAD,,Non-Injury Crash,No,2009,0,South,1,0,0,Flat,0,,0,,0,Dark,716300,0,0,0,2,0,0,0,0,0,,0,0,Auckland Region,Nil,2-way,Sealed,0,0,0,0,80,0,None,0,0,,76,Auckland,Nil,0,0,0,0,0,0,Open,0,0,0,Light rain,Null
1885186,5774105,4484,,540410,0,,0,2,,Null,2009/2010,HAUPAPA ST,FENTON ST,,Non-Injury Crash,No,2009,,East,,0,,Flat,,,,,,Overcast,1233800,0,0,0,2,,,0,,,,,,Bay of Plenty Region,Nil,2-way,Sealed,,0,0,,50,,Null,0,0,,24,Rotorua District,Give way,,,,,0,0,Urban,0,,,Fine,Null
1757392,5912314,4485,,519810,0,,0,2,,Null,2009/2010,QUEENSTOWN ROAD,HENDRY ROAD,,Non-Injury Crash,No,2009,,West,,0,,Hill Road,,,,,,Dark,597100,0,0,0,2,,,0,,,,,,Auckland Region,Nil,1-way,Sealed,,0,0,,50,,On,0,0,,76,Auckland,Give way,,,,,0,0,Urban,0,,,Fine,Null
1684890,6098224,4486,,500900,0,0,0,1,0,South,2008/2009,SH 10,KERIKERI ROAD,,Non-Injury Crash,Yes,2009,0,South,0,0,0,Flat,0,,0,,0,Dark,49905,0,0,0,2,0,0,0,0,0,,0,0,Northland Region,Nil,2-way,Sealed,0,0,0,0,80,0,None,0,0,,1,Far North District,Nil,0,0,0,1,0,0,Open,0,0,0,Light rain,Null
1733324,5907661,4487,,513800,0,0,0,1,1,West,2009/2010,PIHA ROAD,SCENIC DRIVE,,Non-Injury Crash,No,2009,0,West,0,0,0,Hill Road,0,,0,,0,Bright sun,282027,0,0,0,2,0,0,0,0,0,,0,0,Auckland Region,Nil,2-way,Sealed,0,0,0,0,80,0,None,0,0,,76,Auckland,Nil,0,0,0,0,0,0,Open,0,0,0,Fine,Null
1745083,5917939,4488,,510700,0,,0,2,,Null,2008/2009,LINCOLN ROAD,SEL PEACOCK DRIVE,,Non-Injury Crash,No,2009,,South,,0,,Flat,,,,,,Overcast,240200,0,0,0,4,,,0,,,,,,Auckland Region,Nil,2-way,Sealed,,0,0,,50,,Off,0,0,,76,Auckland,Traffic Signals,,,,,0,0,Urban,0,,,Light rain,Null
1821299,5545525,4489,,560411,0,0,0,1,0,East,2008/2009,MAHUA ROAD,SH 54,,Non-Injury Crash,No,2009,0,West,1,0,0,Flat,0,,0,,0,Bright sun,1761402,0,0,0,2,0,0,0,0,0,,0,0,Manawatū-Whanganui Region,Nil,2-way,Unsealed,0,0,0,0,50,0,Null,0,0,,39,Manawatu District,Nil,0,0,0,0,0,0,Urban,0,0,0,Fine,Null
1798458,5816739,4490,,528800,0,0,0,0,0,Null,2009/2010,MOORE ST,WALKWAY,,Non-Injury Crash,No,2009,0,West,0,0,0,Hill Road,0,,0,,0,Overcast,902400,0,0,0,2,0,0,0,0,0,,0,1,Waikato Region,Nil,2-way,Sealed,0,0,0,0,50,0,Null,0,0,,16,Hamilton City,Nil,0,0,0,0,0,0,Urban,1,0,0,Null,Null
1801996,5816926,4491,,530000,0,,0,2,,Null,2009/2010,PEACHGROVE ROAD,BROOKLYN ROAD,,Non-Injury Crash,No,2009,,North,,0,,Flat,,,,,,Bright sun,865400,0,0,0,2,,,0,,,,,,Waikato Region,Nil,2-way,Sealed,,0,0,,50,,Null,0,0,,16,Hamilton City,Give way,,,,,0,0,Urban,0,,,Fine,Null
1772185,5915079,4492,,521501,0,0,0,2,0,South,2008/2009,PICTON ST,UXBRIDGE ROAD,,Non-Injury Crash,No,2009,0,North,0,0,0,Flat,0,,0,,0,Dark,652100,0,0,0,2,0,0,0,0,1,,0,0,Auckland Region,Nil,2-way,Sealed,0,0,0,0,50,0,On,0,0,,76,Auckland,Nil,0,0,0,0,0,0,Urban,0,0,0,Fine,Null
1763791,5912897,4493,,520500,0,0,0,1,0,Null,2009/2010,SOUTH-EASTERN HIGHWAY,SEART OFF SBD,,Non-Injury Crash,Yes,2009,0,South,0,0,0,Hill Road,1,,0,,0,Dark,637400,0,0,0,4,0,0,0,0,0,,0,0,Auckland Region,Nil,2-way,Sealed,0,0,0,0,80,0,On,0,0,,76,Auckland,Nil,0,0,0,0,0,0,Open,0,0,0,Light rain,Null
1745281,5919524,4494,,513301,0,,0,2,,South,2009/2010,LINCOLN ROAD,UNIVERSAL DRIVE,,Non-Injury Crash,No,2009,,North,,0,,Flat,,,,,,Overcast,232001,0,0,0,6,,,0,,,,,,Auckland Region,Nil,2-way,Sealed,,0,0,,50,,Off,0,0,,76,Auckland,Nil,,,,,0,0,Urban,0,,,Fine,Null
1745376,5916904,4495,,510800,0,,0,1,,North,2008/2009,RAILSIDE AVENUE,PIONEER ST,,Non-Injury Crash,No,2009,,North,,0,,Flat,,,,,,Overcast,242900,0,0,0,2,,,0,,,,,,Auckland Region,Nil,2-way,Sealed,,0,0,,50,,Null,1,0,,76,Auckland,Nil,,,,,0,0,Urban,0,,,Fine,Null
1878521,5823131,4496,,538201,0,0,0,2,0,South,2008/2009,ST JOHN ST,TENTH AVENUE,,Non-Injury Crash,No,2009,0,North,0,0,0,Flat,0,,0,,0,Overcast,1166400,0,0,0,2,0,0,0,0,1,,0,0,Bay of Plenty Region,Nil,2-way,Sealed,0,0,0,0,50,0,Null,0,0,,23,Tauranga City,Unknown,0,0,0,0,0,0,Urban,0,0,0,Fine,Null
1800650,5816895,4497,,529600,0,0,0,1,0,North,2008/2009,CASEY AVENUE,TRELOAR ST,,Non-Injury Crash,No,2009,0,North,0,0,0,Flat,0,,0,,0,Dark,868100,0,0,0,2,0,0,0,0,0,,0,0,Waikato Region,Nil,2-way,Sealed,0,0,0,0,50,0,On,0,0,,16,Hamilton City,Unknown,0,1,0,0,0,0,Urban,0,0,0,Light rain,Null
1754548,5919946,4498,,515301,0,0,0,2,0,East,2008/2009,RICHMOND ROAD,PARAWAI CRESCENT,,Non-Injury Crash,No,2009,0,West,0,0,0,Hill Road,0,,0,,0,Dark,426900,0,0,0,3,0,0,0,0,2,,0,0,Auckland Region,Nil,2-way,Sealed,0,0,0,0,50,0,On,0,0,,76,Auckland,Nil,0,0,0,0,0,0,Urban,1,0,0,Light rain,Null
1847386,5855603,4499,,534200,0,0,0,1,0,West,2008/2009,SH 2,CAMPBELL ROAD,,Non-Injury Crash,Yes,2009,0,West,0,0,0,Flat,1,,0,,0,Overcast,1085200,0,0,0,1,0,0,0,0,0,,0,0,Waikato Region,Nil,2-way,Sealed,0,0,0,0,100,0,None,0,0,,12,Hauraki District,Nil,0,0,0,0,0,0,Open,0,0,0,Heavy rain,Null
1801156,5814730,4500,,529700,0,0,0,2,0,South,2008/2009,ANGLESEA ST,HOOD ST,,Non-Injury Crash,No,2009,0,North,0,0,0,Flat,0,,0,,0,Overcast,912200,0,0,0,4,0,0,0,0,0,,0,0,Waikato Region,Nil,2-way,Sealed,0,0,0,0,50,0,Off,0,0,,16,Hamilton City,Nil,0,0,0,0,0,0,Urban,0,1,0,Light rain,Null
1766253,5907509,4501,,522301,0,,0,1,,North,2009/2010,SH 1N,EAST TAMAKI OBR,,Non-Injury Crash,Yes,2009,,North,,0,,Flat,,,,,,Overcast,666700,0,0,0,3,,,0,,,,,,Auckland Region,Nil,2-way,Sealed,,0,0,,100,,Off,0,0,,76,Auckland,Nil,,,,,1,0,Open,0,,,Fine,Null
1846191,5684421,4502,85,541346,0,0,0,0,0,South,2008/2009,SH 1N,FRETHEY DRIVE,,Non-Injury Crash,Yes,2009,0,South,0,0,0,Flat,0,,0,,0,Dark,1287900,0,0,0,2,0,1,0,0,0,,0,0,Waikato Region,Nil,2-way,Sealed,0,0,0,0,100,0,None,0,0,,21,Taupo District,Unknown,0,0,0,0,1,0,Open,0,0,0,Fine,Null
1403632,5132077,4503,,600323,0,,0,0,,North,2009/2010,LILYBANK ROAD,MT HAY STATION,,Minor Crash,No,2009,,North,,0,,Flat,,,,,,Overcast,2812803,1,0,0,2,,,0,,,,,,Canterbury Region,Nil,2-way,Unsealed,,0,0,,100,,Null,1,0,,65,Mackenzie District,Unknown,,,,,0,0,Open,0,,,Fine,Null
1770311,5909755,4504,,523109,0,,0,2,,Null,2008/2009,CHAPEL ROAD,KILKENNY DRIVE,,Non-Injury Crash,No,2009,,North,,0,,Flat,,,,,,Twilight,711740,0,0,0,5,,,0,,,,,,Auckland Region,Nil,2-way,Sealed,,0,0,,70,,On,0,0,,76,Auckland,Traffic Signals,,,,,0,0,Urban,0,,,Fine,Null
1759451,5925557,4505,,508110,0,,0,3,,North,2009/2010,LAKE ROAD,BARDIA ST,,Non-Injury Crash,No,2009,,South,,0,,Flat,,,,,,Bright sun,319700,0,0,0,2,,,0,,,,,,Auckland Region,Nil,2-way,Sealed,,0,0,,50,,Off,0,0,,76,Auckland,Nil,,,,,0,0,Urban,1,,,Fine,Null
1766277,5899749,4506,,524822,0,,0,2,,West,2008/2009,PALMERS ROAD,ROSCOMMON ROAD,,Non-Injury Crash,No,2009,,East,,0,,Flat,,,,,,Bright sun,774431,0,0,0,2,,,0,,,,,,Auckland Region,Nil,2-way,Sealed,,0,0,,50,,Off,0,0,,76,Auckland,Nil,,,,,0,0,Urban,0,,,Fine,Null
1745919,5909246,4507,,512700,0,0,0,1,0,West,2008/2009,LAINGHOLM DRIVE,HELIOS PLACE,,Non-Injury Crash,No,2009,0,East,0,0,0,Hill Road,0,,0,,0,Twilight,300702,0,0,0,2,0,0,0,1,0,,0,0,Auckland Region,Nil,2-way,Sealed,0,0,0,0,70,0,None,0,0,,76,Auckland,Unknown,0,0,0,1,0,0,Urban,0,0,0,Light rain,Null
1342516,5067656,4508,,600831,0,0,0,1,1,East,2009/2010,SH 8,BIRCHWOOD ROAD,,Minor Crash,Yes,2009,0,West,0,0,0,Flat,0,,0,,0,Bright sun,2852100,2,0,0,2,0,0,0,0,0,,0,0,Canterbury Region,Nil,2-way,Sealed,0,0,0,0,100,0,Null,0,0,,68,Waitaki District,Unknown,0,1,0,0,0,0,Open,0,0,0,Fine,Null
1575947,5196417,4509,,586002,0,0,0,1,0,South,2009/2010,FEATHERSTONE AVENUE,REID MEMORIAL AVENUE,,Minor Crash,No,2009,0,North,0,0,0,Flat,0,,0,,0,Dark,2447502,1,0,0,2,0,0,0,0,1,,0,0,Canterbury Region,Nil,2-way,Sealed,0,0,0,0,30,0,On,1,0,,59,Waimakariri District,Unknown,0,0,0,0,0,0,Urban,0,0,0,Mist or Fog,Null
1760601,5915548,4510,,520201,0,,0,1,,North,2008/2009,SH 1N,MAIN OBR,,Non-Injury Crash,Yes,2009,,North,,0,,Flat,,,,,,Bright sun,613000,0,0,0,4,,,0,,,,,,Auckland Region,Nil,1-way,Sealed,,0,0,,100,,Off,0,0,,76,Auckland,Nil,,,,,1,0,Open,0,,,Fine,Null
1752454,5927893,4511,,508412,0,0,0,2,0,South,2009/2010,WITHEFORD DRIVE,ANTRIM GROVE,,Non-Injury Crash,No,2009,0,South,0,0,0,Hill Road,0,,0,,0,Bright sun,186004,0,0,0,2,0,0,0,0,1,,0,0,Auckland Region,Nil,2-way,Sealed,0,0,0,0,50,0,Off,0,0,,76,Auckland,Nil,0,0,0,0,0,0,Urban,0,0,0,Fine,Null
1885323,5771177,4512,15,540700,0,0,0,1,0,South,2008/2009,WAHIAO DRIVE,PUARENGA STM BR,,Non-Injury Crash,No,2009,0,North,0,0,1,Flat,0,,0,,0,Dark,1246500,0,0,0,1,0,0,0,0,0,,0,0,Bay of Plenty Region,Bridge,2-way,Sealed,0,0,0,0,30,0,On,0,0,,24,Rotorua District,Unknown,0,0,0,0,0,0,Urban,0,0,0,Fine,Null
1746767,5917572,4513,,512500,0,,0,2,,South,2008/2009,TE ATATU ROAD,MCLEOD ROAD,,Non-Injury Crash,No,2009,,North,,0,,Flat,,,,,,Overcast,257500,0,0,0,4,,,0,,,,,,Auckland Region,Nil,2-way,Sealed,,0,0,,50,,Null,0,0,,76,Auckland,Traffic Signals,,,,,0,0,Urban,0,,,Light rain,Null
1768441,5908947,4514,,523112,0,,0,1,,South,2008/2009,SPRINGS ROAD,LADY RUBY DRIVE,,Non-Injury Crash,No,2009,,North,,0,,Flat,,,,,,Bright sun,711600,0,0,0,4,,,0,,,,,,Auckland Region,Nil,2-way,Sealed,,0,0,,60,,Null,0,0,,76,Auckland,Nil,,,,,0,0,Urban,1,,,Fine,Null
1750084,5915407,4515,,514802,0,,0,2,,West,2009/2010,CANAL ROAD,WAIRAU AVENUE,,Non-Injury Crash,No,2009,,East,,0,,Flat,,,,,,Overcast,386803,0,0,0,2,,,0,,,,,,Auckland Region,Nil,2-way,Sealed,,0,0,,50,,Null,0,0,,76,Auckland,Unknown,,,,,0,0,Urban,0,,,Light rain,Null
1768916,5900839,4516,,525002,0,,0,1,,Null,2008/2009,GREAT SOUTH ROAD,ALFRISTON ROAD,,Non-Injury Crash,No,2009,,West,,0,,Flat,,,,,,Overcast,752802,0,0,0,4,,,0,,,,,,Auckland Region,Nil,2-way,Sealed,,0,0,,50,,Off,0,0,,76,Auckland,Traffic Signals,,,,,0,0,Urban,1,,,Fine,Null
1457050,5087552,4517,,598313,1,,0,0,,North,2009/2010,ROSEWILL VALLEY ROAD,WASHDYKE FLAT ROAD,,Minor Crash,No,2009,,North,,0,,Hill Road,,,,,,Overcast,2777900,1,0,0,2,,,0,,,,,,Canterbury Region,Nil,2-way,Sealed,,0,0,,100,,Null,0,0,,64,Timaru District,Nil,,,,,0,0,Open,1,,,Fine,Null