X,Y,OBJECTID,advisorySpeed,areaUnitID,bicycle,bridge,bus,carStationWagon,cliffBank,crashDirectionDescription,crashFinancialYear,crashLocation1,crashLocation2,crashRoadSideRoad,crashSeverity,crashSHDescription,crashYear,debris,directionRoleDescription,ditch,fatalCount,fence,flatHill,guardRail,holiday,houseOrBuilding,intersection,kerb,light,meshblockId,minorInjuryCount,moped,motorcycle,NumberOfLanes,objectThrownOrDropped,otherObject,otherVehicleType,overBank,parkedVehicle,pedestrian,phoneBoxEtc,postOrPole,region,roadCharacter,roadLane,roadSurface,roadworks,schoolBus,seriousInjuryCount,slipOrFlood,speedLimit,strayAnimal,streetLight,suv,taxi,temporarySpeedLimit,tlaId,tlaName,trafficControl,trafficIsland,trafficSign,train,tree,truck,unknownVehicleType,urban,vanOrUtility,vehicle,waterRiver,weatherA,weatherB
1768859,5902716,4518,,524901,0,0,0,1,0,Null,2008/2009,SH 1N,ORAMS OBR,,Non-Injury Crash,Yes,2009,1,North,0,0,0,Flat,0,,0,,0,Bright sun,755000,0,0,0,3,0,0,0,0,0,,0,0,Auckland Region,Nil,1-way,Sealed,0,0,0,0,100,0,Off,0,0,,76,Auckland,Nil,0,0,0,0,0,0,Open,0,0,0,Fine,Null
1763214,5915964,4519,,517202,0,,0,2,,West,2009/2010,LUNN AVENUE,NGAHUE DRIVE,,Non-Injury Crash,No,2009,,West,,0,,Flat,,,,,,Overcast,626304,0,0,0,2,,,0,,,,,,Auckland Region,Nil,2-way,Sealed,,0,0,,50,,Off,0,0,,76,Auckland,Nil,,,,,0,0,Urban,0,,,Fine,Null
1756309,5930707,4520,,507500,0,,0,2,,Null,2008/2009,EAST COAST ROAD,FORREST HILL ROAD,,Non-Injury Crash,No,2009,,North,,0,,Flat,,,,,,Dark,148801,0,0,0,2,,,0,,,,,,Auckland Region,Nil,2-way,Sealed,,0,0,,50,,On,0,0,,76,Auckland,Give way,,,,,0,0,Urban,0,,,Fine,Null
1776496,5898711,4521,,523813,0,0,0,1,0,East,2008/2009,PAPAKURA-CLEVEDON ROAD,BULLENS ROAD,,Non-Injury Crash,No,2009,0,East,0,0,1,Hill Road,0,,0,,0,Twilight,761400,0,0,0,2,0,0,0,0,0,,0,1,Auckland Region,Nil,2-way,Sealed,0,0,0,0,100,0,None,0,0,,76,Auckland,Unknown,0,0,0,0,0,0,Open,0,0,0,Fine,Null
1561701,5178817,4522,,587400,0,,0,0,,Null,2009/2010,CHALMERS ST,CARMEN ROAD,,Minor Crash,Yes,2009,,North,,0,,Flat,,,,,,Bright sun,2488300,1,1,0,2,,,0,,,,,,Canterbury Region,Nil,2-way,Sealed,,0,0,,50,,Null,0,0,,60,Christchurch City,Give way,,,,,1,0,Urban,0,,,Fine,Null
1844038,5811743,4523,,535502,0,,0,1,,West,2009/2010,SH 24,ARAWA ST,,Non-Injury Crash,Yes,2009,,East,,0,,Flat,,,,,,Dark,1118700,0,0,0,2,,,0,,,,,,Waikato Region,Nil,2-way,Sealed,,0,0,,50,,On,0,0,,15,Matamata-Piako District,Unknown,,,,,0,0,Urban,1,,,Fine,Null
1755062,5927760,4524,,508620,0,,0,1,,South,2009/2010,SUNNYBRAE ROAD,ARCHERS ROAD,,Non-Injury Crash,No,2009,,South,,0,,Hill Road,,,,,,Bright sun,202600,0,0,0,2,,,0,,,,,,Auckland Region,Nil,2-way,Sealed,,0,0,,50,,Off,1,0,,76,Auckland,Nil,,,,,0,0,Urban,0,,,Fine,Null
1753811,5918097,4525,,515432,0,,0,4,,South,2008/2009,ST LUKES ROAD,DUNCAN MACLEAN LINK,,Non-Injury Crash,No,2009,,South,,0,,Flat,,,,,,Dark,405500,0,0,0,2,,,0,,,,,,Auckland Region,Nil,2-way,Sealed,,0,0,,50,,On,0,0,,76,Auckland,Nil,,,,,0,0,Urban,0,,,Light rain,Null
1755065,5929999,4526,,508420,0,,0,2,,South,2008/2009,LINK DRIVE,SUNNYNOOK ROAD,,Non-Injury Crash,No,2009,,South,,0,,Hill Road,,,,,,Bright sun,183800,0,0,0,2,,,0,,,,,,Auckland Region,Nil,2-way,Sealed,,0,0,,50,,Null,0,0,,76,Auckland,Unknown,,,,,0,0,Urban,0,,,Fine,Null
1878050,5823084,4527,,538101,0,0,0,1,0,South,2008/2009,SH 2,ELEVENTH AVENUE OBR,,Non-Injury Crash,Yes,2009,0,South,1,0,0,Flat,0,,0,,0,Dark,1167601,0,0,0,4,0,0,0,0,0,,0,0,Bay of Plenty Region,Nil,2-way,Sealed,0,0,0,0,80,0,On,0,0,,23,Tauranga City,Unknown,0,0,0,0,0,0,Open,0,0,0,Fine,Null
1800860,5814785,4528,,529100,0,,0,1,,North,2008/2009,TRISTRAM ST,THACKERAY ST,,Non-Injury Crash,No,2009,,North,,0,,Flat,,,,,,Overcast,931000,0,0,0,2,,,0,,,,,,Waikato Region,Nil,2-way,Sealed,,0,0,,50,,Off,0,0,,16,Hamilton City,Give way,,,,,0,0,Urban,1,,,Heavy rain,Null
1759775,5916185,4529,,516002,0,,0,1,,North,2009/2010,SH 1N,GREENLANE OFF SBD,,Non-Injury Crash,Yes,2009,,South,,0,,Flat,,,,,,Bright sun,492000,0,0,1,6,,,0,,,,,,Auckland Region,Nil,2-way,Sealed,,0,0,,100,,Off,0,0,,76,Auckland,Nil,,,,,0,0,Open,0,,,Fine,Null
1767774,5904295,4530,,524604,0,,0,1,,Null,2008/2009,MANUKAU STATION ROAD,GREAT SOUTH ROAD N,,Non-Injury Crash,No,2009,,South,,0,,Flat,,,,,,Dark,780302,0,0,0,6,,,0,,,,,,Auckland Region,Nil,2-way,Sealed,,0,0,,50,,On,1,0,,76,Auckland,Traffic Signals,,,,,0,0,Urban,0,,,Fine,Null
1790520,5827901,4531,,528200,0,,0,1,,South,2009/2010,GREAT SOUTH ROAD,NORTH ST,,Non-Injury Crash,No,2009,,South,,0,,Flat,,,,,,Bright sun,856400,0,0,0,2,,,0,,,,,,Waikato Region,Nil,2-way,Sealed,,0,0,,70,,Off,1,0,,13,Waikato District,Nil,,,,,0,0,Urban,0,,,Fine,Null
1751159,5915887,4532,,514401,0,,0,0,,Null,2008/2009,VICTOR ST,GREAT NORTH ROAD,,Non-Injury Crash,No,2009,,North,,0,,Flat,,,,,,Overcast,383400,0,0,0,4,,,0,,,,,,Auckland Region,Nil,2-way,Sealed,,0,0,,50,,Null,1,0,,76,Auckland,Give way,,,,,0,0,Urban,1,,,Fine,Null
1760192,5915960,4533,,516003,0,0,0,2,0,Null,2008/2009,GREENLANE INT,GREEN LANE EAST,,Non-Injury Crash,No,2009,0,South,0,0,0,Flat,1,,0,,0,Bright sun,494902,0,0,0,1,0,0,0,0,0,,0,0,Auckland Region,Nil,1-way,Sealed,0,0,0,0,50,0,Off,0,0,,76,Auckland,Give way,0,0,0,0,0,0,Urban,0,0,0,Fine,Null
1760711,5915491,4534,,520201,0,1,0,0,0,South,2009/2010,WALPOLE ST,MITCHELSON ST,,Non-Injury Crash,No,2009,0,South,0,0,0,Flat,0,,0,,0,Bright sun,613000,0,0,0,1,0,0,0,0,0,,0,0,Auckland Region,Bridge,2-way,Sealed,0,0,0,0,50,0,Null,0,0,,76,Auckland,Unknown,0,0,0,0,1,0,Urban,0,0,0,Fine,Null
1949874,5790952,4535,,542430,0,0,0,1,0,South,2008/2009,KING ST,JAMES ST,,Non-Injury Crash,No,2009,0,North,0,0,0,Flat,0,,1,,1,Dark,1310700,0,0,0,2,0,0,0,0,0,,0,0,Bay of Plenty Region,Nil,2-way,Sealed,0,0,0,0,50,0,On,0,0,,25,Whakatane District,Nil,0,0,0,0,0,0,Urban,0,0,0,Light rain,Null
1743946,5924030,4536,,513410,0,,0,1,,Null,2008/2009,OLD SH 16,SH 18,,Non-Injury Crash,Yes,2009,,East,,0,,Flat,,,,,,Bright sun,224000,0,0,0,2,,,0,,,,,,Auckland Region,Nil,1-way,Sealed,,0,0,,50,,Null,1,0,,76,Auckland,Traffic Signals,,,,,0,0,Urban,0,,,Fine,Null
1568370,5180599,4537,,590701,1,,0,1,,Null,2008/2009,KILMARNOCK ST,MONA VALE AVENUE,,Serious Crash,No,2009,,East,,0,,Flat,,,,,,Bright sun,2474500,0,0,0,2,,,0,,,,,,Canterbury Region,Nil,2-way,Sealed,,0,1,,50,,Null,0,0,,60,Christchurch City,Stop,,,,,0,0,Urban,0,,,Fine,Null
1756310,5924366,4538,,509702,0,,0,1,,North,2008/2009,SH 1N,MT WGTN OFF SBD,,Non-Injury Crash,Yes,2009,,South,,0,,Flat,,,,,,Twilight,366700,0,0,0,3,,,0,,,,,,Auckland Region,Nil,1-way,Sealed,,0,0,,100,,On,1,0,,76,Auckland,Pointsman,,,,,0,0,Open,0,,,Fine,Null
1624192,6113988,4539,,500301,0,0,0,2,0,West,2008/2009,REDAN ROAD,COMMERCE ST,,Non-Injury Crash,No,2009,0,West,0,0,0,Flat,0,,0,,0,Bright sun,15100,0,0,0,2,0,0,0,0,1,,0,0,Northland Region,Nil,2-way,Sealed,0,0,0,0,50,0,Null,0,0,,1,Far North District,Unknown,0,0,0,0,0,0,Urban,0,0,0,Fine,Null
1718340,6042886,4540,,503800,0,,0,2,,West,2009/2010,TAUROA ST,SH 1N,,Non-Injury Crash,No,2009,,East,,0,,Flat,,,,,,Overcast,107905,0,0,0,2,,,0,,,,,,Northland Region,Nil,2-way,Sealed,,0,0,,50,,Off,0,0,,2,Whangarei District,Stop,,,,,0,0,Urban,0,,,Fine,Null
1719521,6046394,4541,,502800,0,,0,2,,North,2008/2009,BANK ST,APIRANA AVENUE,,Non-Injury Crash,No,2009,,North,,0,,Flat,,,,,,Overcast,96100,0,0,0,2,,,0,,,,,,Northland Region,Nil,2-way,Sealed,,0,0,,50,,Null,0,0,,2,Whangarei District,Unknown,,,,,0,0,Urban,0,,,Light rain,Null
1747037,5913854,4542,,511100,0,,0,3,,West,2008/2009,WEST COAST ROAD,GLENDALE ROAD,,Non-Injury Crash,No,2009,,West,,0,,Flat,,,,,,Overcast,286100,0,0,0,2,,,0,,,,,,Auckland Region,Nil,2-way,Sealed,,0,0,,50,,Null,0,0,,76,Auckland,Traffic Signals,,,,,0,0,Urban,0,,,Fine,Null
1780027,5900868,4543,,521301,0,0,0,1,0,Null,2008/2009,PAPAKURA-CLEVEDON ROAD,CREIGHTONS ROAD,,Non-Injury Crash,No,2009,0,North,0,0,1,Flat,0,,0,,0,Dark,763800,0,0,0,2,0,0,0,0,0,,0,0,Auckland Region,Nil,2-way,Unsealed,0,0,0,0,100,0,None,0,0,30,76,Auckland,Nil,0,0,0,0,0,0,Open,0,0,0,Fine,Null
1851600,5857232,4544,,534400,0,0,0,0,0,Null,2008/2009,SILVERTON ROAD,THOMAS PLACE,,Non-Injury Crash,No,2009,0,South,0,0,0,Flat,0,,0,,0,Bright sun,1079100,0,0,0,2,0,1,0,1,0,,0,0,Waikato Region,Nil,2-way,Sealed,0,0,0,0,50,0,Null,1,0,,12,Hauraki District,Nil,0,0,0,0,0,0,Urban,0,0,0,Fine,Null
1758131,5915613,4545,,515801,0,,0,2,,North,2008/2009,MANUKAU ROAD,QUEEN MARY AVENUE,,Non-Injury Crash,No,2009,,South,,0,,Flat,,,,,,Dark,447200,0,0,0,4,,,0,,,,,,Auckland Region,Nil,2-way,Sealed,,0,0,,50,,On,0,0,,76,Auckland,Nil,,,,,0,0,Urban,0,,,Fine,Null
1766842,5913095,4546,,522910,0,0,0,2,0,West,2008/2009,REEVES ROAD,AYLESBURY ST,,Non-Injury Crash,No,2009,0,West,0,0,0,Flat,0,,0,,0,Bright sun,684000,0,0,0,2,0,0,0,0,0,,0,1,Auckland Region,Nil,2-way,Sealed,0,0,0,0,50,0,Off,0,0,,76,Auckland,Nil,0,0,0,0,0,0,Urban,0,0,0,Fine,Null
1459597,5083691,4547,,598800,0,,0,1,,East,2008/2009,WHITE ST,SELWYN ST,,Minor Crash,No,2009,,East,,0,,Flat,,,,,,Bright sun,2782100,1,0,0,2,,,0,,,,,,Canterbury Region,Nil,2-way,Sealed,,0,0,,50,,Null,0,0,,64,Timaru District,Unknown,,,,,0,0,Urban,1,,,Fine,Null
1878149,5826373,4548,,537201,0,,0,1,,Null,2008/2009,NGATAI ROAD,BURETA ROAD,,Non-Injury Crash,No,2009,,West,,0,,Flat,,,,,,Overcast,1155900,0,0,0,2,,,0,,,,,,Bay of Plenty Region,Nil,2-way,Sealed,,0,0,,50,,Null,0,0,,23,Tauranga City,Give way,,,,,0,0,Urban,1,,,Fine,Null
1775075,5896603,4549,,525610,0,0,0,1,0,East,2009/2010,TILBROOK PLACE,HEATHDALE CRESCENT,,Non-Injury Crash,No,2009,0,North,0,0,1,Flat,0,Christmas New Year,0,,0,Twilight,799108,0,0,0,2,0,0,0,0,0,,0,0,Auckland Region,Nil,2-way,Sealed,0,0,0,0,50,0,On,0,0,,76,Auckland,Unknown,0,0,0,0,0,0,Urban,0,0,0,Fine,Null
1622381,5430461,4550,,582402,0,0,0,1,0,West,2008/2009,ABRAHAM HEIGHTS,MONTREAL ROAD,,Non-Injury Crash,No,2009,0,West,0,0,0,Hill Road,0,,0,,0,Bright sun,2327602,0,0,0,2,0,0,0,1,0,,0,0,Nelson Region,Nil,2-way,Sealed,0,0,0,0,50,0,Null,0,0,,52,Nelson City,Nil,0,0,0,0,0,0,Urban,0,0,0,Fine,Null
1799111,5822336,4551,,527007,0,0,0,1,0,Null,2008/2009,WENTWORTH DRIVE,WOBURN COURT,,Non-Injury Crash,No,2009,0,East,0,0,1,Flat,0,,0,,0,Dark,952040,0,0,0,2,0,0,0,0,0,,0,0,Waikato Region,Nil,2-way,Sealed,0,0,0,0,50,0,On,0,0,,16,Hamilton City,Nil,0,0,0,0,0,0,Urban,0,0,0,Fine,Null
1753906,5913457,4552,,518802,0,,0,1,,North,2008/2009,RICHARDSON ROAD,WHITE SWAN ROAD,,Non-Injury Crash,No,2009,,South,,0,,Flat,,,,,,Twilight,579400,0,0,0,2,,,0,,,,,,Auckland Region,Nil,2-way,Sealed,,0,0,,50,,Off,1,0,,76,Auckland,Unknown,,,,,0,0,Urban,0,,,Fine,Null
1755893,5923162,4553,,509800,0,,0,2,,Null,2008/2009,QUEEN ST,ALMA ST,,Non-Injury Crash,No,2009,,North,,0,,Flat,,,,,,Bright sun,359200,0,0,0,2,,,0,,,,,,Auckland Region,Nil,2-way,Sealed,,0,0,,50,,Off,0,0,,76,Auckland,Give way,,,,,0,0,Urban,0,,,Fine,Null
1895425,5690093,4554,,541342,0,0,0,1,0,East,2008/2009,SH 5,RANGITAIKI SHOPS,,Non-Injury Crash,Yes,2009,0,South,0,0,0,Hill Road,1,,0,,0,Dark,1280900,0,0,0,2,0,0,0,0,0,,0,0,Bay of Plenty Region,Nil,2-way,Sealed,0,0,0,0,100,0,None,0,0,,21,Taupo District,Nil,0,0,0,0,0,0,Open,0,0,0,Heavy rain,Strong wind
1764002,5909960,4555,,521901,0,0,0,2,0,Null,2009/2010,STATION ROAD,GREAT SOUTH ROAD,,Non-Injury Crash,No,2009,0,East,0,0,0,Flat,0,,0,,0,Bright sun,784200,0,0,0,2,0,0,0,0,0,,0,0,Auckland Region,Nil,2-way,Sealed,0,0,0,0,50,0,Null,1,0,,76,Auckland,Traffic Signals,0,0,0,0,0,0,Urban,0,1,0,Fine,Null
1767774,5904295,4556,,524604,0,,0,2,,Null,2008/2009,GREAT SOUTH ROAD,REDOUBT ROAD N,,Non-Injury Crash,No,2009,,South,,0,,Flat,,,,,,Dark,780302,0,0,0,5,,,0,,,,,,Auckland Region,Nil,2-way,Sealed,,0,0,,50,,On,0,0,,76,Auckland,Traffic Signals,,,,,0,0,Urban,0,,,Fine,Null
1565885,5181706,4557,,589400,0,,0,2,,South,2009/2010,ILAM ROAD,JOYCE CRESCENT,,Minor Crash,No,2009,,North,,0,,Flat,,,,,,Dark,2542601,1,0,0,2,,,0,,,,,,Canterbury Region,Nil,2-way,Sealed,,0,0,,50,,On,0,0,,60,Christchurch City,Unknown,,,,,0,0,Urban,0,,,Light rain,Null
1748529,5918357,4558,,514801,0,,0,2,,North,2008/2009,PATIKI ROAD,ROSEBANK ROAD,,Non-Injury Crash,No,2009,,South,,0,,Flat,,,,,,Bright sun,389300,0,0,0,2,,,0,,,,,,Auckland Region,Nil,2-way,Sealed,,0,0,,50,,Null,0,0,,76,Auckland,Nil,,,,,0,0,Urban,0,,,Fine,Null
1757464,5920716,4559,,514102,0,,0,2,,Null,2009/2010,QUEEN ST,SHORTLAND ST,,Non-Injury Crash,No,2009,,South,,0,,Flat,,,,,,Bright sun,433200,0,0,0,4,,,0,,,,,,Auckland Region,Nil,2-way,Sealed,,0,0,,50,,Off,0,0,,76,Auckland,Traffic Signals,,,,,0,0,Urban,0,,,Fine,Null
1884497,5824494,4560,,536831,0,,0,2,,Null,2008/2009,SH 2,SH 29,,Non-Injury Crash,Yes,2009,,South,,0,,Flat,,,,,,Bright sun,1205409,0,0,0,4,,,0,,,,,,Bay of Plenty Region,Nil,2-way,Sealed,,0,0,,70,,Null,0,0,,23,Tauranga City,Give way,,,,,0,0,Urban,0,,,Fine,Null
1877260,5820536,4561,,537700,0,,0,2,,South,2009/2010,FRASER ST,MERIVALE ROAD,,Non-Injury Crash,No,2009,,North,,0,,Flat,,,,,,Overcast,1174000,0,0,0,2,,,0,,,,,,Bay of Plenty Region,Nil,2-way,Sealed,,0,0,,80,,Null,0,0,,23,Tauranga City,Unknown,,,,,0,0,Open,0,,,Fine,Null
1751198,5915037,4562,,514402,0,,0,2,,Null,2008/2009,GREAT NORTH ROAD,ST JUDE ST,,Non-Injury Crash,No,2009,,South,,0,,Flat,,,,,,Bright sun,381000,0,0,0,2,,,0,,,,,,Auckland Region,Nil,2-way,Sealed,,0,0,,50,,Null,0,0,,76,Auckland,Give way,,,,,0,0,Urban,0,,,Fine,Null
1747267,5913773,4563,,511100,0,,0,1,,Null,2008/2009,WEST COAST ROAD,CAPTAIN SCOTT ROAD,,Non-Injury Crash,No,2009,,West,,0,,Flat,,,,,,Bright sun,286200,0,0,0,4,,,0,,,,,,Auckland Region,Nil,2-way,Sealed,,0,0,,50,,Null,1,0,,76,Auckland,Stop,,,,,0,0,Urban,0,,,Fine,Null
1738674,5693863,4564,,550700,0,,0,0,,South,2008/2009,SH 3,MT MESSENGER TNL,,Non-Injury Crash,Yes,2009,,South,,0,,Hill Road,,,,,,Twilight,1552000,0,0,1,2,,,0,,,,,,Taranaki Region,Nil,2-way,Sealed,,0,0,,100,,None,0,0,,33,New Plymouth District,Nil,,,,,0,0,Open,0,,,Fine,Null
1771973,5912708,4565,,523102,0,,0,2,,Null,2008/2009,CLYDESDALE AVENUE,MERINO AVENUE,,Non-Injury Crash,No,2009,,East,,0,,Flat,,,,,,Bright sun,711031,0,0,0,1,,,0,,,,,,Auckland Region,Nil,2-way,Sealed,,0,0,,50,,Null,0,0,,76,Auckland,Give way,,,,,0,0,Urban,0,,,Fine,Null
1765468,5917007,4566,,517001,0,,0,1,,South,2008/2009,LINE ROAD,TANIWHA ST,,Non-Injury Crash,No,2009,,East,,0,,Flat,,,,,,Dark,476200,0,0,0,2,,,0,,,,,,Auckland Region,Nil,2-way,Sealed,,0,0,,50,,On,1,0,,76,Auckland,Nil,,,,,0,0,Urban,0,,,Fine,Null
1400485,4913584,4567,,605800,0,,0,0,,East,2009/2010,MAIN SOUTH ROAD,JEFCOTT ST,,Serious Crash,No,2009,,South,,0,,Flat,,Labour Weekend,,,,Overcast,2958200,0,0,0,2,,,0,,,1,,,Otago Region,Nil,2-way,Sealed,,0,1,,50,,Null,1,0,,71,Dunedin City,Nil,,,,,0,0,Urban,0,,,Fine,Null
1759347,5909389,4568,,524002,0,,0,2,,Null,2008/2009,CORONATION ROAD,DUNSTALL PLACE,,Non-Injury Crash,No,2009,,South,,0,,Flat,,,,,,Dark,723900,0,0,0,2,,,0,,,,,,Auckland Region,Nil,2-way,Sealed,,0,0,,50,,On,0,0,,76,Auckland,Nil,,,,,0,0,Urban,0,,,Fine,Null
1757765,5912532,4569,,519810,0,0,0,2,0,North,2009/2010,PLEASANT ST,JACKSON ST,,Non-Injury Crash,No,2009,0,East,0,0,0,Flat,0,,0,,0,Bright sun,596800,0,0,0,2,0,0,0,0,1,,0,0,Auckland Region,Nil,2-way,Sealed,0,0,0,0,50,0,Off,0,0,,76,Auckland,Nil,0,0,0,0,0,0,Urban,0,0,0,Fine,Null
1757180,5919858,4570,,514103,0,,0,2,,Null,2009/2010,QUEEN ST,MAYORAL DRIVE,,Non-Injury Crash,No,2009,,North,,0,,Flat,,,,,,Bright sun,436100,0,0,0,5,,,0,,,,,,Auckland Region,Nil,2-way,Sealed,,0,0,,30,,Off,0,0,,76,Auckland,Traffic Signals,,,,,0,0,Urban,0,,,Fine,Null
1928677,5746002,4571,,542550,0,,0,0,,North,2008/2009,GALATEA ROAD,HAUMEA ROAD,,Non-Injury Crash,No,2009,,South,,0,,Flat,,,,,,Dark,1331000,0,0,0,2,,,0,,,,,,Bay of Plenty Region,Nil,2-way,Sealed,,0,0,,100,,None,0,0,,25,Whakatane District,Unknown,,,,,0,0,Open,1,,,Fine,Null
1568500,5183612,4572,,591900,0,,0,1,,North,2009/2010,PAPANUI ROAD,BLIGHS ROAD,,Minor Crash,No,2009,,North,,0,,Flat,,,,,,Overcast,2663302,1,0,1,3,,,0,,,,,,Canterbury Region,Nil,2-way,Sealed,,0,0,,50,,Null,0,0,,60,Christchurch City,Nil,,,,,0,0,Urban,0,,,Fine,Null
1567869,5179934,4573,,590800,0,,0,2,,Null,2009/2010,CLARENCE ST,PEVEREL ST,,Minor Crash,No,2009,,North,,0,,Flat,,,,,,Overcast,2473800,1,0,0,2,,,0,,,,,,Canterbury Region,Nil,2-way,Sealed,,0,0,,50,,Null,0,0,,60,Christchurch City,Stop,,,,,0,0,Urban,0,,,Heavy rain,Null
1789138,5784618,4574,,531301,0,0,0,1,0,South,2009/2010,SH 39,NGUTUNUI ROAD,,Non-Injury Crash,Yes,2009,0,South,1,0,0,Flat,0,,0,,0,Overcast,994300,0,0,0,2,0,0,0,0,0,,0,0,Waikato Region,Nil,2-way,Sealed,0,0,0,0,100,0,Null,0,0,,18,Ōtorohanga District,Unknown,0,0,0,0,0,0,Open,0,0,0,Fine,Null
1755867,5916770,4575,,518201,0,,0,2,,South,2008/2009,DOMINION ROAD,ELIZABETH ST,,Non-Injury Crash,No,2009,,South,,0,,Flat,,,,,,Overcast,549200,0,0,0,4,,,0,,,,,,Auckland Region,Nil,2-way,Sealed,,0,0,,50,,Off,0,0,,76,Auckland,Stop,,,,,0,0,Urban,0,,,Fine,Null
1756132,5935145,4576,,507101,0,,0,1,,North,2008/2009,CLYDE ROAD,ANZAC ROAD,,Non-Injury Crash,No,2009,,East,,0,,Flat,,,,,,Twilight,161100,0,0,0,2,,,0,,,,,,Auckland Region,Nil,2-way,Sealed,,0,0,,50,,Off,1,0,,76,Auckland,Nil,,,,,0,0,Urban,0,,,Fine,Null
1789968,5786322,4577,,531301,0,0,0,1,0,West,2008/2009,SH 39,MANGATI ROAD,,Non-Injury Crash,Yes,2009,0,North,0,0,0,Flat,1,,0,,0,Overcast,994300,0,0,0,2,0,0,0,0,0,,0,0,Waikato Region,Nil,2-way,Sealed,0,0,0,0,100,0,Null,0,0,,18,Ōtorohanga District,Unknown,0,0,0,0,0,0,Open,0,0,0,Light rain,Null
1763121,5908022,4578,,524402,0,,0,2,,Null,2008/2009,MASSEY ROAD,GRAY AVENUE,,Non-Injury Crash,No,2009,,West,,0,,Flat,,,,,,Dark,750000,0,0,0,4,,,0,,,,,,Auckland Region,Nil,2-way,Sealed,,0,0,,50,,On,0,0,,76,Auckland,Traffic Signals,,,,,0,0,Urban,0,,,Mist or Fog,Null
1888872,5774332,4579,,538741,0,0,0,1,0,Null,2009/2010,VAUGHAN ROAD,OWHATA ROAD,,Non-Injury Crash,No,2009,0,North,0,0,0,Flat,0,,0,,0,Dark,1254100,0,0,0,2,0,0,0,0,0,,1,1,Bay of Plenty Region,Nil,2-way,Sealed,0,0,0,0,50,0,On,0,0,,24,Rotorua District,Give way,0,0,0,0,0,0,Urban,0,0,0,Light rain,Null
1882467,5823259,4580,,536505,0,0,0,1,0,Null,2009/2010,MATAPIHI ROAD,RAIL XING,,Non-Injury Crash,No,2009,0,South,0,0,0,Flat,0,,0,,0,Dark,1205401,0,0,0,2,0,1,0,0,0,,1,0,Bay of Plenty Region,Rail xing,2-way,Sealed,0,0,0,0,70,0,On,0,0,,23,Tauranga City,Traffic Signals,0,0,0,0,0,0,Urban,0,0,0,Heavy rain,Strong wind
1797070,5819557,4581,,528403,0,,0,2,,Null,2009/2010,WAIRERE DRIVE,TE RAPA ROAD,,Non-Injury Crash,No,2009,,East,,0,,Flat,,,,,,Bright sun,907500,0,0,0,4,,,0,,,,,,Waikato Region,Nil,2-way,Sealed,,0,0,,60,,Off,0,0,,16,Hamilton City,Traffic Signals,,,,,0,0,Urban,0,,,Fine,Null
1649007,6075424,4582,,500802,0,0,0,1,0,South,2009/2010,SH 12,DUDDY ROAD,,Non-Injury Crash,Yes,2009,0,North,0,0,0,Flat,0,,0,,0,Dark,24400,0,0,0,2,0,0,0,0,0,,0,0,Northland Region,Nil,2-way,Sealed,0,0,0,0,100,0,None,0,0,,1,Far North District,Unknown,0,0,0,0,0,0,Open,0,0,0,Fine,Null
1760278,5915359,4583,,519400,0,0,0,2,0,West,2009/2010,CAMPBELL ROAD,GREAT SOUTH ROAD,,Non-Injury Crash,No,2009,0,West,0,0,0,Hill Road,0,,0,,0,Dark,617400,0,0,0,2,0,0,0,0,1,,0,0,Auckland Region,Nil,2-way,Sealed,0,0,0,0,50,0,On,0,0,,76,Auckland,Nil,0,0,0,0,0,0,Urban,0,0,0,Fine,Null
1400349,5127535,4584,,600323,0,,0,0,,North,2009/2010,LILYBANK ROAD,SH 8,,Serious Crash,No,2009,,North,,0,,Flat,,,,,,Bright sun,2812803,3,0,0,1,,,0,,,,,,Canterbury Region,Nil,2-way,Unsealed,,0,1,,100,,Null,1,0,,65,Mackenzie District,Unknown,,,,,0,0,Open,0,,,Fine,Null
1764970,5910651,4585,,521803,0,,0,1,,North,2008/2009,SH 1N,PRINCES OBR,,Non-Injury Crash,Yes,2009,,South,,0,,Flat,,,,,,Bright sun,789700,0,0,0,3,,,0,,,,,,Auckland Region,Nil,1-way,Sealed,,0,0,,100,,Null,0,0,,76,Auckland,Unknown,,,,,1,0,Open,0,,,Fine,Null
1789391,5925187,4586,,520801,0,0,0,2,1,East,2008/2009,ORAPIU ROAD,AWAAWAROA ROAD,,Non-Injury Crash,No,2009,0,West,0,0,0,Hill Road,0,,0,,0,Bright sun,515801,0,0,0,2,0,0,0,0,0,,0,0,Auckland Region,Nil,2-way,Sealed,0,0,0,0,80,0,Null,0,0,,76,Auckland,Unknown,0,0,0,0,0,0,Open,0,0,0,Fine,Null
1764452,5912200,4587,,520500,0,0,0,0,0,South,2008/2009,SH 1N,MT WGTN ON SBD,,Non-Injury Crash,Yes,2009,0,South,0,0,0,Hill Road,0,,0,,0,Bright sun,639300,0,0,0,3,0,0,0,0,1,,0,0,Auckland Region,Motorway ramp,1-way,Sealed,0,0,0,0,100,0,Null,0,0,,76,Auckland,Unknown,0,0,0,0,2,0,Open,0,0,0,Fine,Null
1720062,6050049,4588,,502202,0,0,0,1,0,Null,2009/2010,KIRIPAKA ROAD,SPEDDING ROAD,,Non-Injury Crash,No,2009,0,West,0,0,0,Flat,0,,1,,0,Bright sun,87000,0,0,0,2,0,0,0,0,0,,0,0,Northland Region,Nil,2-way,Sealed,0,0,0,0,50,0,Off,0,0,,2,Whangarei District,Nil,0,0,0,0,0,0,Urban,0,0,0,Fine,Null