X,Y,OBJECTID,advisorySpeed,areaUnitID,bicycle,bridge,bus,carStationWagon,cliffBank,crashDirectionDescription,crashFinancialYear,crashLocation1,crashLocation2,crashRoadSideRoad,crashSeverity,crashSHDescription,crashYear,debris,directionRoleDescription,ditch,fatalCount,fence,flatHill,guardRail,holiday,houseOrBuilding,intersection,kerb,light,meshblockId,minorInjuryCount,moped,motorcycle,NumberOfLanes,objectThrownOrDropped,otherObject,otherVehicleType,overBank,parkedVehicle,pedestrian,phoneBoxEtc,postOrPole,region,roadCharacter,roadLane,roadSurface,roadworks,schoolBus,seriousInjuryCount,slipOrFlood,speedLimit,strayAnimal,streetLight,suv,taxi,temporarySpeedLimit,tlaId,tlaName,trafficControl,trafficIsland,trafficSign,train,tree,truck,unknownVehicleType,urban,vanOrUtility,vehicle,waterRiver,weatherA,weatherB
1764044,5911788,4589,,520500,0,,0,2,,North,2009/2010,MOUNT WELLINGTON HIGHWAY,GEORGE BOURKE DRIVE,,Non-Injury Crash,No,2009,,North,,0,,Flat,,,,,,Bright sun,637900,0,0,0,4,,,0,,,,,,Auckland Region,Nil,2-way,Sealed,,0,0,,50,,Off,0,0,,76,Auckland,Nil,,,,,0,0,Urban,0,,,Fine,Null
1771483,5915275,4590,,521501,0,,0,2,,East,2008/2009,RIDGE ROAD,BLEAKHOUSE ROAD,,Non-Injury Crash,No,2009,,West,,0,,Flat,,,,,,Dark,651100,0,0,0,3,,,0,,,,,,Auckland Region,Nil,2-way,Sealed,,0,0,,50,,On,0,0,,76,Auckland,Traffic Signals,,,,,0,0,Urban,0,,,Fine,Null
1749424,5918091,4591,,514801,0,0,0,1,0,Null,2008/2009,SH 16,ROSEBANK OFF WBD,,Non-Injury Crash,Yes,2009,0,West,0,0,0,Flat,1,,0,,0,Dark,390401,0,0,0,3,0,0,0,0,0,,0,0,Auckland Region,Motorway ramp,1-way,Sealed,0,0,0,0,100,0,On,0,0,,76,Auckland,Nil,0,0,0,0,0,0,Open,0,0,0,Fine,Null
1512752,5154765,4592,,597741,0,0,0,0,0,West,2008/2009,THOMPSONS TRACK,SOMERTON ROAD,,Serious Crash,No,2009,0,West,1,0,0,Flat,0,,0,,0,Dark,2750700,0,0,1,2,0,0,0,0,0,,0,0,Canterbury Region,Nil,2-way,Sealed,0,0,1,0,100,0,None,0,0,,63,Ashburton District,Unknown,0,0,0,0,0,0,Open,0,0,0,Fine,Strong wind
1752553,5918030,4593,,515003,0,,0,2,,East,2008/2009,SH 16,CARRINGTON OBR,,Non-Injury Crash,Yes,2009,,West,,0,,Flat,,,,,,Twilight,390702,0,0,0,4,,,0,,,,,,Auckland Region,Nil,1-way,Sealed,,0,0,,100,,On,0,0,,76,Auckland,Nil,,,,,0,0,Open,0,,,Fine,Null
1667210,6021145,4594,,504501,0,0,0,0,1,West,2008/2009,BAYLY ST,KELLY ST N,,Non-Injury Crash,No,2009,0,South,0,0,0,Hill Road,0,Easter,0,,0,Dark,117303,0,0,0,2,0,0,0,0,0,,0,0,Northland Region,Nil,2-way,Unsealed,0,0,0,0,50,0,None,0,0,,3,Kaipara District,Nil,0,0,0,1,0,0,Urban,1,0,0,Fine,Null
1762098,5912509,4595,,519500,0,,0,1,,West,2008/2009,CHURCH ST,ORORKE ROAD,,Non-Injury Crash,No,2009,,East,,0,,Flat,,,,,,Bright sun,622500,0,0,0,2,,,0,,,,,,Auckland Region,Nil,2-way,Sealed,,0,0,,50,,Null,0,0,,76,Auckland,Traffic Signals,,,,,0,0,Urban,1,,,Fine,Null
1782590,5870314,4596,,527221,0,,0,1,,Null,2009/2010,SH 1N,ORAM ON NBD,,Non-Injury Crash,Yes,2009,,South,,0,,Hill Road,,,,,,Bright sun,934700,0,0,0,2,,,0,,,,,,Waikato Region,Motorway ramp,1-way,Sealed,,0,0,,100,,Null,1,0,,13,Waikato District,Stop,,,,,0,0,Open,0,,,Fine,Null
1309883,5039139,4597,,608304,0,,0,0,,South,2008/2009,SH 8A,GLENFOYLE ROAD,,Minor Crash,Yes,2009,,East,,0,,Flat,,,,,,Bright sun,3028200,1,0,1,2,,,0,,,,,,Otago Region,Nil,2-way,Sealed,,0,0,,100,,Null,0,0,,70,Queenstown-Lakes District,Unknown,,,,,0,0,Open,0,,,Fine,Null
1765512,5908166,4598,,523404,0,,0,2,,West,2009/2010,BAIRDS ROAD,WYMONDLEY ROAD,,Non-Injury Crash,No,2009,,East,,0,,Hill Road,,Christmas New Year,,,,Bright sun,696801,0,0,0,2,,,0,,,,,,Auckland Region,Nil,2-way,Sealed,,0,0,,50,,Off,0,0,,76,Auckland,Nil,,,,,0,0,Urban,0,,,Fine,Null
1762473,5918106,4599,,516301,0,0,0,1,0,East,2009/2010,MEADOWBANK ROAD,BONNIE BRAE ROAD N,,Non-Injury Crash,No,2009,0,West,0,0,0,Flat,0,,0,,0,Dark,460200,0,0,0,2,0,0,0,0,1,,0,0,Auckland Region,Nil,2-way,Sealed,0,0,0,0,50,0,On,1,0,,76,Auckland,Nil,0,0,0,0,0,0,Urban,0,0,0,Fine,Null
1552494,5173689,4600,,587904,0,0,0,1,0,North,2009/2010,WEEDONS ROAD,LEVI ROAD,,Serious Crash,No,2009,0,North,0,0,1,Flat,0,,0,,0,Overcast,2497000,0,0,0,2,0,0,0,0,0,,0,1,Canterbury Region,Nil,2-way,Sealed,0,0,1,0,100,0,Null,0,0,,62,Selwyn District,Unknown,0,0,0,0,0,0,Open,0,0,0,Fine,Null
1745589,5919154,4601,,513301,0,,0,1,,Null,2008/2009,TE PAI PLACE,WAIPAREIRA AVENUE,,Non-Injury Crash,No,2009,,West,,0,,Hill Road,,,,,,Overcast,230601,0,0,0,2,,,0,,,,,,Auckland Region,Nil,2-way,Sealed,,0,0,,50,,Null,1,0,,76,Auckland,Give way,,,,,0,0,Urban,0,,,Fine,Null
1747471,5922548,4602,,512202,0,0,0,2,0,West,2008/2009,WHARF ROAD,GILL AVENUE,,Non-Injury Crash,No,2009,0,West,0,0,1,Flat,0,,0,,0,Bright sun,245600,0,0,0,2,0,0,0,0,0,,0,0,Auckland Region,Nil,2-way,Sealed,0,0,0,0,50,0,Null,0,0,,76,Auckland,Nil,0,0,0,0,0,0,Urban,0,0,0,Fine,Null
1748854,5913313,4603,,511401,0,,0,2,,East,2009/2010,TITIRANGI ROAD,WILLERTON AVENUE,,Non-Injury Crash,No,2009,,West,,0,,Flat,,,,,,Bright sun,263700,0,0,0,2,,,0,,,,,,Auckland Region,Nil,2-way,Sealed,,0,0,,50,,Null,0,0,,76,Auckland,Give way,,,,,0,0,Urban,0,,,Fine,Null
1761472,5915135,4604,,520201,0,,0,1,,North,2008/2009,ARTHUR ST,MAIN HIGHWAY,,Non-Injury Crash,No,2009,,North,,0,,Flat,,,,,,Bright sun,611000,0,0,0,2,,,0,,,,,,Auckland Region,Nil,2-way,Sealed,,0,0,,50,,Null,1,0,,76,Auckland,Nil,,,,,0,0,Urban,0,,,Fine,Null
1563975,5203985,4605,,586121,0,0,0,1,0,Null,2009/2010,PLASKETT ROAD,JOHNS ROAD,,Minor Crash,No,2009,0,North,0,0,1,Flat,0,,0,,0,Bright sun,2450219,2,0,0,2,0,0,0,0,0,,0,0,Canterbury Region,Nil,2-way,Sealed,0,0,0,0,100,0,Null,1,0,,59,Waimakariri District,Stop,0,0,0,0,0,0,Open,0,0,0,Fine,Null
1753032,5934931,4606,,508704,0,0,0,1,0,South,2008/2009,OTEHA VALLEY ON SBD,OTEHA VALLEY ROAD,,Non-Injury Crash,Yes,2009,0,South,0,0,0,Flat,0,,0,,0,Dark,179113,0,0,0,1,0,0,0,0,0,,1,0,Auckland Region,Motorway ramp,1-way,Sealed,0,0,0,0,100,0,On,0,0,,76,Auckland,Nil,0,0,0,0,0,0,Open,0,0,0,Light rain,Null
1758076,5911985,4607,,519810,0,0,0,1,0,North,2008/2009,SH 20,ONEHUNGA OFF SBD,,Non-Injury Crash,Yes,2009,1,South,0,0,0,Flat,0,,0,,0,Bright sun,602501,0,0,0,2,0,0,0,0,0,,0,0,Auckland Region,Nil,1-way,Sealed,0,0,0,0,80,0,Off,0,0,,76,Auckland,Nil,0,0,0,0,0,0,Open,0,0,0,Fine,Null
1769943,5909844,4608,,523114,0,0,0,0,0,Null,2008/2009,SMALES ROAD,TE IRIRANGI DRIVE,,Non-Injury Crash,No,2009,0,South,0,0,0,Flat,0,,0,,0,Bright sun,711804,0,0,0,5,0,0,0,0,0,,0,0,Auckland Region,Nil,2-way,Sealed,0,0,0,0,80,0,Off,0,0,,76,Auckland,Traffic Signals,0,1,0,0,1,0,Open,0,0,0,Fine,Null
1933806,5632205,4609,,545611,0,,0,0,,North,2009/2010,SH 2,SH 5,,Serious Crash,Yes,2009,,North,,0,,Flat,,,,,,Twilight,1414001,0,0,0,2,,,0,,,,,,Hawke's Bay Region,Nil,2-way,Sealed,,0,1,,100,,On,0,0,,31,Napier City,Nil,,,,,1,0,Open,1,,,Fine,Null
1575397,5181739,4610,,593000,0,,0,1,,West,2009/2010,SHORTLAND ST,MCHAFFIES PLACE,,Minor Crash,No,2009,,South,,0,,Flat,,,,,,Bright sun,2569602,1,0,0,0,,,0,,,1,,,Canterbury Region,Nil,2-way,Sealed,,0,0,,50,,Null,0,0,,60,Christchurch City,Nil,,,,,0,0,Urban,0,,,Fine,Null
1753646,5928112,4611,,508310,0,,0,2,,North,2009/2010,GLENFIELD ROAD,BENTLEY AVENUE,,Non-Injury Crash,No,2009,,North,,0,,Flat,,,,,,Dark,200000,0,0,0,4,,,0,,,,,,Auckland Region,Nil,2-way,Sealed,,0,0,,50,,On,0,0,,76,Auckland,Unknown,,,,,0,0,Urban,0,,,Fine,Null
1768341,5900719,4612,,525001,0,,0,2,,Null,2008/2009,RUSSELL ROAD,LUPTON ROAD,,Non-Injury Crash,No,2009,,South,,0,,Flat,,,,,,Unknown,752400,0,0,0,2,,,0,,,,,,Auckland Region,Nil,2-way,Sealed,,0,0,,50,,Off,0,0,,76,Auckland,Stop,,,,,0,0,Urban,0,,,Fine,Null
1760432,5434730,4613,,568701,0,,0,1,,Null,2008/2009,RODNEY ST,WAIWHETU ROAD,,Non-Injury Crash,No,2009,,West,,0,,Flat,,,,,,Bright sun,1977000,0,0,0,2,,,0,,,,,,Wellington Region,Nil,2-way,Sealed,,0,0,,50,,Null,1,0,,46,Lower Hutt City,Nil,,,,,0,0,Urban,0,,,Fine,Null
1740205,5918881,4614,,513102,0,,0,2,,South,2008/2009,CHRISTIAN ROAD,SWANSON ROAD,,Non-Injury Crash,No,2009,,North,,0,,Hill Road,,,,,,Bright sun,237502,0,0,0,2,,,0,,,,,,Auckland Region,Nil,2-way,Sealed,,0,0,,50,,Off,0,0,,76,Auckland,Give way,,,,,0,0,Urban,0,,,Fine,Null
1564575,5180379,4615,,590000,1,,0,1,,Null,2009/2010,SH 73,CORFE ST,,Minor Crash,Yes,2009,,East,,0,,Flat,,,,,,Bright sun,2538500,1,0,0,4,,,0,,,,,,Canterbury Region,Nil,2-way,Sealed,,0,0,,60,,Null,0,0,,60,Christchurch City,Give way,,,,,0,0,Urban,0,,,Fine,Null
1879126,5824227,4616,,538201,0,0,0,2,0,North,2009/2010,CAMERON ROAD,ELIZABETH ST,,Non-Injury Crash,No,2009,0,North,0,0,0,Flat,0,,0,,0,Bright sun,1164600,0,0,0,4,0,0,0,0,1,,0,0,Bay of Plenty Region,Nil,2-way,Sealed,0,0,0,0,50,0,Null,0,0,,23,Tauranga City,Unknown,0,0,0,0,0,0,Urban,0,0,0,Fine,Null
1727945,6007006,4617,,501815,0,0,0,1,1,South,2009/2010,SH 1N,ARTILLERY ROAD,,Non-Injury Crash,Yes,2009,0,South,0,0,0,Hill Road,0,,0,,0,Overcast,81600,0,0,0,2,0,0,0,0,0,,0,0,Northland Region,Nil,2-way,Sealed,0,0,0,0,100,0,Off,0,0,,2,Whangarei District,Nil,0,0,0,0,0,0,Open,0,0,0,Light rain,Null
1749890,5914617,4618,,511303,0,,0,2,,South,2009/2010,BINSTED ROAD,RATA ST,,Non-Injury Crash,No,2009,,North,,0,,Flat,,,,,,Overcast,266600,0,0,0,4,,,0,,,,,,Auckland Region,Nil,2-way,Sealed,,0,0,,50,,Null,0,0,,76,Auckland,Traffic Signals,,,,,0,0,Urban,0,,,Fine,Null
1741646,5918572,4619,,513101,0,,0,2,,Null,2009/2010,CANDIA ROAD,POOKS ROAD,,Non-Injury Crash,No,2009,,North,,0,,Flat,,Christmas New Year,,,,Unknown,238304,0,0,0,4,,,0,,,,,,Auckland Region,Nil,2-way,Sealed,,0,0,,70,,None,0,0,,76,Auckland,Give way,,,,,0,0,Urban,0,,,Fine,Null
1768483,5911634,4620,,523112,0,,0,1,,South,2009/2010,TRUGOOD DRIVE,TI RAKAU DRIVE,,Non-Injury Crash,No,2009,,North,,0,,Flat,,,,,,Bright sun,711404,0,0,0,3,,,0,,,,,,Auckland Region,Nil,2-way,Sealed,,0,0,,50,,Off,1,0,,76,Auckland,Give way,,,,,0,0,Urban,0,,,Fine,Null
1753557,5930858,4621,,508803,0,0,0,1,0,South,2008/2009,CARIBBEAN DRIVE,DEVONSHIRE ROAD,,Non-Injury Crash,No,2009,0,East,0,0,1,Flat,0,,0,,0,Dark,180852,0,0,0,2,0,0,0,0,0,,0,0,Auckland Region,Nil,2-way,Sealed,0,0,0,0,50,0,On,0,0,,76,Auckland,Nil,0,0,0,0,0,0,Urban,0,0,0,Fine,Null
1872403,5813488,4622,,536630,0,,0,1,,South,2008/2009,BELK ROAD,GRIFFIN ROAD,,Non-Injury Crash,No,2009,,East,,0,,Hill Road,,,,,,Dark,1191804,0,0,0,2,,,0,,,,,,Bay of Plenty Region,Nil,2-way,Sealed,,0,0,,100,,None,0,0,,22,Western Bay of Plenty District,Nil,,,,,0,0,Open,0,,,Fine,Null
1769890,5899286,4623,,523920,0,,0,1,,South,2009/2010,SH 1N,GT SOUTH OBR,,Non-Injury Crash,Yes,2009,,South,,0,,Hill Road,,Labour Weekend,,,,Bright sun,768005,0,0,0,1,,,0,,,,,,Auckland Region,Nil,1-way,Sealed,,0,0,,100,,Off,1,0,,76,Auckland,Nil,,,,,0,0,Open,0,,,Fine,Null
1866953,5714264,4624,,541710,0,,0,1,,East,2008/2009,NORMAN SMITH ST,SH 5,,Non-Injury Crash,No,2009,,West,,0,,Flat,,,,,,Dark,1275301,0,0,0,2,,,0,,,,,,Waikato Region,Nil,2-way,Sealed,,0,0,,50,,On,0,0,,21,Taupo District,Nil,,,,,0,0,Urban,1,,,Heavy rain,Null
1754673,5927574,4625,,508310,0,,0,1,,North,2008/2009,CHARTWELL AVENUE,ARCHERS ROAD,,Non-Injury Crash,No,2009,,North,,0,,Flat,,,,,,Overcast,201400,0,0,0,2,,,0,,,,,,Auckland Region,Nil,2-way,Sealed,,0,0,,50,,Off,0,0,,76,Auckland,Nil,,,,,0,0,Urban,1,,,Fine,Null
1755671,5930702,4626,,508520,0,,0,1,,Null,2008/2009,BLAKEBOROUGH DRIVE,WOODSTOCK ROAD,,Non-Injury Crash,No,2009,,South,,0,,Hill Road,,,,,,Bright sun,190600,0,0,0,2,,,0,,,,,,Auckland Region,Nil,2-way,Sealed,,0,0,,50,,Null,0,0,,76,Auckland,Give way,,,,,0,0,Urban,1,,,Fine,Null
1762189,5913640,4627,80,520500,0,,0,2,,South,2009/2010,SH 1N,PENROSE OBR,,Non-Injury Crash,Yes,2009,,North,,0,,Flat,,,,,,Bright sun,637100,0,0,0,3,,,0,,,,,,Auckland Region,Nil,1-way,Sealed,,0,0,,100,,Null,0,0,,76,Auckland,Unknown,,,,,0,0,Open,0,,,Fine,Null
1884861,5774228,4628,,540410,0,0,0,2,0,Null,2009/2010,ARAWA ST,RANGIURU ST,,Non-Injury Crash,No,2009,0,East,0,0,0,Hill Road,0,,0,,0,Bright sun,1235000,0,0,0,2,0,0,0,0,0,,0,0,Bay of Plenty Region,Nil,2-way,Sealed,0,0,0,0,50,0,Null,0,0,,24,Rotorua District,Give way,1,0,0,0,0,0,Urban,0,0,0,Fine,Null
1772066,5913774,4629,,523102,0,0,0,1,0,Null,2009/2010,COOK ST,CULVER TERRACE,,Non-Injury Crash,No,2009,0,South,0,0,0,Null,0,,0,,0,Dark,711025,0,0,0,1,0,0,0,0,0,,0,0,Auckland Region,Nil,2-way,Sealed,0,0,0,0,50,0,On,0,0,,76,Auckland,Nil,1,0,0,0,0,0,Urban,0,0,0,Fine,Null
1746338,5918731,4630,,512401,0,,0,3,,West,2008/2009,SCHOOL ROAD,EDMONTON ROAD,,Non-Injury Crash,No,2009,,West,,0,,Flat,,,,,,Bright sun,255400,0,0,0,2,,,0,,,,,,Auckland Region,Nil,2-way,Sealed,,0,0,,50,,Off,0,0,,76,Auckland,Nil,,,,,0,0,Urban,0,,,Fine,Null
1753273,5935209,4631,,508704,0,,0,0,,Null,2008/2009,OTEHA VALLEY ROAD,MEDALLION DRIVE,,Non-Injury Crash,No,2009,,North,,0,,Flat,,,,,,Overcast,179111,0,0,1,4,,,0,,,,,,Auckland Region,Nil,2-way,Sealed,,0,0,,60,,Off,0,0,,76,Auckland,Give way,,,,,0,0,Urban,0,,,Heavy rain,Null
1817384,5804359,4632,,527501,0,,0,1,,Null,2008/2009,KING ST,BOWEN ST,,Non-Injury Crash,No,2009,,West,,0,,Flat,,,,,,Bright sun,962100,0,0,0,2,,,0,,,,,,Waikato Region,Nil,2-way,Sealed,,0,0,,50,,Null,1,0,,17,Waipa District,Give way,,,,,0,0,Urban,1,,,Fine,Null
1764837,5906628,4633,,522201,0,0,0,2,0,East,2009/2010,SHIRLEY ROAD,TRIMMER TERRACE,,Non-Injury Crash,No,2009,0,East,0,0,0,Flat,0,,0,,0,Bright sun,661800,0,0,0,2,0,0,0,0,1,,0,0,Auckland Region,Nil,2-way,Sealed,0,0,0,0,50,0,Off,0,0,,76,Auckland,Nil,0,0,0,0,0,0,Urban,0,0,0,Fine,Null
1757858,5912114,4634,,519810,0,0,0,0,0,South,2009/2010,SH 20,QUEENSTOWN OBR,,Non-Injury Crash,Yes,2009,0,North,0,0,0,Flat,1,,0,,0,Dark,602501,0,0,0,2,0,0,0,0,0,,0,0,Auckland Region,Nil,1-way,Sealed,0,0,0,0,80,0,On,0,0,,76,Auckland,Nil,0,0,0,0,0,0,Open,1,0,0,Fine,Null
1699226,6089010,4635,,501633,0,0,0,1,0,North,2009/2010,SH 11,RIGDEN ROAD,,Non-Injury Crash,Yes,2009,0,North,1,0,0,Flat,0,,0,,0,Dark,51601,0,0,0,2,0,0,0,0,0,,0,0,Northland Region,Nil,2-way,Sealed,0,0,0,0,80,0,None,0,0,,1,Far North District,Nil,0,0,0,0,0,0,Open,0,0,0,Light rain,Null
1459731,5083498,4636,,599000,1,0,0,1,0,East,2008/2009,TRAFALGAR ST,SELWYN ST,,Minor Crash,No,2009,0,East,0,0,0,Flat,0,,0,,0,Bright sun,2780700,1,0,0,2,0,0,0,0,1,,0,0,Canterbury Region,Nil,2-way,Sealed,0,0,0,0,50,0,Null,0,0,,64,Timaru District,Unknown,0,0,0,0,0,0,Urban,0,0,0,Fine,Null
1450836,5295460,4637,,584800,1,,0,0,,East,2009/2010,POWER ROAD,SH 6,,Minor Crash,No,2009,,West,,0,,Hill Road,,,,,,Bright sun,2412500,1,0,0,2,,,0,,,,,,West Coast Region,Nil,2-way,Sealed,,0,0,,50,,Null,1,0,,56,Grey District,Unknown,,,,,0,0,Urban,0,,,Fine,Null
1719947,6045660,4638,,503100,0,,0,2,,Null,2008/2009,DENT ST,REYBURN ST,,Non-Injury Crash,No,2009,,West,,0,,Flat,,,,,,Overcast,99903,0,0,0,2,,,0,,,,,,Northland Region,Nil,2-way,Sealed,,0,0,,50,,Off,0,0,,2,Whangarei District,Give way,,,,,0,0,Urban,0,,,Fine,Null
1791022,5848722,4639,,527210,0,0,0,1,0,North,2009/2010,SH 1N,TAHUNA OBR,,Non-Injury Crash,Yes,2009,0,South,0,0,0,Flat,1,,0,,0,Twilight,939100,0,0,0,4,0,0,0,0,0,,0,0,Waikato Region,Nil,2-way,Sealed,0,0,0,0,100,0,None,0,0,,13,Waikato District,Unknown,0,0,0,0,0,0,Open,0,0,0,Fine,Null
1752352,5934226,4640,,508701,0,,0,2,,Null,2008/2009,DON MCKINNON DRIVE,APPIAN WAY,,Non-Injury Crash,No,2009,,South,,0,,Flat,,,,,,Bright sun,179000,0,0,0,2,,,0,,,,,,Auckland Region,Nil,1-way,Sealed,,0,0,,50,,Null,0,0,,76,Auckland,Give way,,,,,0,0,Urban,0,,,Fine,Null
1867032,5715010,4641,,541317,0,,0,1,,Null,2008/2009,POIHIPI ROAD,SH 1N,,Non-Injury Crash,Yes,2009,,North,,0,,Hill Road,,,,,,Dark,1279014,0,0,0,2,,,0,,,,,,Waikato Region,Nil,2-way,Sealed,,0,0,,80,,On,1,0,,21,Taupo District,Give way,,,,,0,0,Open,0,,,Fine,Null
1755196,5434483,4642,,569800,0,,0,3,,Null,2009/2010,SH 2,HOROKIWI ROAD,,Minor Crash,Yes,2009,,East,,0,,Flat,,,,,,Overcast,1922202,1,0,0,2,,,0,,,,,,Wellington Region,Nil,2-way,Sealed,,0,0,,100,,Null,0,0,,46,Lower Hutt City,Nil,,,,,0,0,Open,0,,,Fine,Null
1883975,5773600,4643,,540420,0,,0,2,,West,2009/2010,PERERIKA ST,JAMES ST,,Non-Injury Crash,No,2009,,East,,0,,Flat,,,,,,Bright sun,1235400,0,0,0,2,,,0,,,,,,Bay of Plenty Region,Nil,2-way,Sealed,,0,0,,50,,Null,0,0,,24,Rotorua District,Unknown,,,,,0,0,Urban,0,,,Fine,Null
1759294,5916647,4644,,516001,0,,0,1,,South,2008/2009,SH 1N,MARKET OFF SBD,,Non-Injury Crash,Yes,2009,,South,,0,,Flat,,,,,,Bright sun,491700,0,0,0,6,,,0,,,,,,Auckland Region,Nil,2-way,Sealed,,0,0,,100,,Off,0,0,,76,Auckland,Nil,,,,,0,0,Open,1,,,Fine,Null
1756615,5912807,4645,,518701,0,,0,2,,Null,2008/2009,HILLSBOROUGH ROAD,OLD SH20 INTER,,Non-Injury Crash,No,2009,,North,,0,,Flat,,,,,,Bright sun,572100,0,0,0,4,,,0,,,,,,Auckland Region,Motorway ramp,2-way,Sealed,,0,0,,50,,Off,0,0,,76,Auckland,Traffic Signals,,,,,0,0,Urban,0,,,Fine,Null
1757413,5918771,4646,,514302,0,0,0,2,0,South,2008/2009,SH 1N,GRAFTON OBR,,Non-Injury Crash,Yes,2009,0,North,0,0,0,Flat,0,Easter,0,,0,Overcast,442500,0,0,0,4,0,0,0,0,0,,0,0,Auckland Region,Nil,1-way,Sealed,0,0,0,0,80,0,Null,0,0,,76,Auckland,Unknown,0,0,0,0,0,0,Open,0,1,0,Fine,Null
1767111,5905525,4647,,524603,0,,0,0,,Null,2008/2009,GREAT SOUTH ROAD,REAGAN ROAD,,Non-Injury Crash,No,2009,,South,,0,,Flat,,,,,,Bright sun,780205,0,0,0,2,,,0,,,,,,Auckland Region,Nil,1-way,Sealed,,0,0,,50,,Null,1,0,,76,Auckland,Traffic Signals,,,,,0,0,Urban,1,,,Fine,Null
1930713,5798296,4648,,542530,0,0,0,1,0,Null,2008/2009,SH 2,BURT ROAD,,Non-Injury Crash,Yes,2009,0,South,0,0,1,Flat,0,,0,,0,Dark,1325600,0,0,0,2,0,0,0,1,0,,0,0,Bay of Plenty Region,Nil,2-way,Sealed,0,0,0,0,100,0,None,0,0,,25,Whakatane District,Nil,0,0,0,0,0,0,Open,0,0,0,Fine,Null
1759056,5919344,4649,,515901,0,,0,2,,South,2009/2010,BRIGHTON ROAD,ST STEPHENS AVENUE,,Non-Injury Crash,No,2009,,North,,0,,Flat,,,,,,Overcast,456300,0,0,0,4,,,0,,,,,,Auckland Region,Nil,2-way,Sealed,,0,0,,50,,Off,0,0,,76,Auckland,Stop,,,,,0,0,Urban,0,,,Fine,Null
1767792,5901692,4650,,525001,0,0,0,1,0,West,2008/2009,HALSEY ROAD,STURDEE ROAD,,Non-Injury Crash,No,2009,0,West,0,0,0,Flat,0,,1,,0,Dark,750900,0,0,0,2,0,0,0,0,0,,0,0,Auckland Region,Nil,2-way,Sealed,0,0,0,0,50,0,On,0,0,,76,Auckland,Nil,0,0,0,0,0,0,Urban,0,0,0,Light rain,Null
1885155,5773191,4651,,540600,0,,0,2,,Null,2008/2009,TI ST,FENTON ST,,Non-Injury Crash,No,2009,,West,,0,,Flat,,,,,,Dark,1243100,0,0,0,2,,,0,,,,,,Bay of Plenty Region,Nil,2-way,Sealed,,0,0,,50,,None,0,0,,24,Rotorua District,Give way,,,,,0,0,Urban,0,,,Light rain,Null
1752129,5915460,4652,,517902,0,,0,1,,West,2009/2010,HENDON AVENUE,RICHARDSON ROAD,,Non-Injury Crash,No,2009,,East,,0,,Flat,,,,,,Overcast,519800,0,0,0,2,,,0,,,,,,Auckland Region,Nil,2-way,Sealed,,0,0,,50,,Null,1,0,,76,Auckland,Unknown,,,,,0,0,Urban,0,,,Fine,Null
1876578,5725449,4653,,541335,0,0,0,1,1,West,2008/2009,SH 5,TE TOKE ROAD,,Non-Injury Crash,Yes,2009,0,East,0,0,0,Flat,0,,0,,0,Bright sun,1277201,0,0,0,2,0,0,0,0,0,,0,0,Waikato Region,Nil,2-way,Sealed,0,0,0,0,100,0,None,0,0,,21,Taupo District,Nil,0,0,0,0,0,0,Open,0,0,0,Fine,Frost
1748228,5961107,4654,35,506613,0,0,0,1,1,South,2008/2009,SH 1N,SCHOLLUM ACCESS ROAD,,Non-Injury Crash,Yes,2009,0,South,0,0,0,Hill Road,0,,0,,0,Dark,146800,0,0,0,2,0,0,0,0,0,,0,0,Auckland Region,Nil,2-way,Sealed,0,0,0,0,100,0,None,0,0,,76,Auckland,Nil,0,0,0,0,0,0,Open,0,0,0,Heavy rain,Null
1767780,5903864,4655,,524602,0,,0,2,,Null,2008/2009,GREAT SOUTH ROAD,MANUKAU OFF NBD,,Non-Injury Crash,No,2009,,South,,0,,Flat,,,,,,Bright sun,780417,0,0,0,4,,,0,,,,,,Auckland Region,Nil,2-way,Sealed,,0,0,,50,,Off,0,0,,76,Auckland,Traffic Signals,,,,,0,0,Urban,0,,,Fine,Null
1711233,6050270,4656,,501802,0,0,0,1,0,South,2008/2009,GUMTOWN ROAD,THREE MILE BUSH ROAD,,Non-Injury Crash,No,2009,0,South,0,0,1,Hill Road,0,,0,,0,Bright sun,69000,0,0,0,0,0,0,0,0,0,,0,0,Northland Region,Nil,1-way,Sealed,0,0,0,0,100,0,Off,0,0,,2,Whangarei District,Nil,0,0,0,0,0,0,Open,0,0,0,Fine,Null
1767778,5904278,4657,,524602,0,,0,1,,South,2008/2009,GREAT SOUTH ROAD,REDOUBT ROAD,,Non-Injury Crash,No,2009,,North,,0,,Flat,,,,,,Dark,780416,0,0,0,4,,,0,,,,,,Auckland Region,Nil,2-way,Sealed,,0,0,,50,,On,0,0,,76,Auckland,Traffic Signals,,,,,0,0,Urban,1,,,Fine,Null
1798402,5816502,4658,,528800,0,,0,2,,Null,2008/2009,FOREST LAKE ROAD,WALSH ST,,Non-Injury Crash,No,2009,,South,,0,,Hill Road,,,,,,Overcast,902400,0,0,0,2,,,0,,,,,,Waikato Region,Nil,2-way,Sealed,,0,0,,50,,Null,0,0,,16,Hamilton City,Give way,,,,,0,0,Urban,0,,,Light rain,Null
1755166,5928363,4659,,508320,0,0,0,3,0,North,2008/2009,BRUCE ROAD,MARCEL PLACE,,Non-Injury Crash,No,2009,0,West,0,0,0,Flat,0,,0,,0,Bright sun,199100,0,0,0,2,0,0,0,0,1,,0,0,Auckland Region,Nil,2-way,Sealed,0,0,0,0,50,0,Null,0,0,,76,Auckland,Unknown,0,0,0,0,0,0,Urban,0,0,0,Fine,Null