X,Y,OBJECTID,advisorySpeed,areaUnitID,bicycle,bridge,bus,carStationWagon,cliffBank,crashDirectionDescription,crashFinancialYear,crashLocation1,crashLocation2,crashRoadSideRoad,crashSeverity,crashSHDescription,crashYear,debris,directionRoleDescription,ditch,fatalCount,fence,flatHill,guardRail,holiday,houseOrBuilding,intersection,kerb,light,meshblockId,minorInjuryCount,moped,motorcycle,NumberOfLanes,objectThrownOrDropped,otherObject,otherVehicleType,overBank,parkedVehicle,pedestrian,phoneBoxEtc,postOrPole,region,roadCharacter,roadLane,roadSurface,roadworks,schoolBus,seriousInjuryCount,slipOrFlood,speedLimit,strayAnimal,streetLight,suv,taxi,temporarySpeedLimit,tlaId,tlaName,trafficControl,trafficIsland,trafficSign,train,tree,truck,unknownVehicleType,urban,vanOrUtility,vehicle,waterRiver,weatherA,weatherB
1770750,5878579,4660,,521116,0,0,0,1,0,North,2008/2009,BUCKLAND ROAD,GLENCAIRN PLACE,,Non-Injury Crash,No,2009,0,North,1,0,1,Flat,0,,0,,0,Twilight,824401,0,0,0,2,0,0,0,0,0,,0,0,Auckland Region,Nil,2-way,Sealed,0,0,0,0,50,0,Off,0,0,,76,Auckland,Nil,0,0,0,0,0,0,Urban,0,0,0,Fine,Null
1758385,5917899,4661,,517400,1,,0,1,,North,2009/2010,BROADWAY,BALM ST,,Non-Injury Crash,No,2009,,South,,0,,Flat,,,,,,Bright sun,451300,0,0,0,4,,,0,,,,,,Auckland Region,Nil,2-way,Sealed,,0,0,,50,,Off,0,0,,76,Auckland,Traffic Signals,,,,,0,0,Urban,0,,,Fine,Null
1800719,5813012,4662,,529100,0,,0,2,,West,2008/2009,SH 1N,OHAUPO ROAD,,Non-Injury Crash,Yes,2009,,West,,0,,Flat,,,,,,Bright sun,930700,0,0,0,2,,,0,,,,,,Waikato Region,Nil,2-way,Sealed,,0,0,,60,,Off,0,0,,16,Hamilton City,Nil,,,,,0,0,Urban,0,,,Fine,Null
1749949,5913839,4663,,511303,0,,0,2,,Null,2008/2009,TOTARA AVENUE,RANKIN AVENUE,,Non-Injury Crash,No,2009,,West,,0,,Flat,,,,,,Dark,264901,0,0,0,1,,,0,,,,,,Auckland Region,Rail xing,1-way,Sealed,,0,0,,50,,Off,0,0,,76,Auckland,Give way,,,,,0,0,Urban,0,,,Fine,Null
1537876,5202844,4664,,586801,0,1,0,1,0,Null,2009/2010,HAREWOOD ROAD,EYRE RIV BR,,Minor Crash,No,2009,0,North,0,0,0,Flat,1,,0,,0,Dark,2458600,1,0,0,1,0,0,0,1,0,,0,0,Canterbury Region,Bridge,1-way,Sealed,0,0,0,0,100,0,None,0,0,,59,Waimakariri District,Give way,0,0,0,0,0,0,Open,0,0,0,Heavy rain,Null
1738960,5928779,4665,,505602,0,,0,2,,Null,2008/2009,SH 16,ACCESS ROAD,,Non-Injury Crash,Yes,2009,,South,,0,,Flat,,,,,,Twilight,214102,0,0,0,2,,,0,,,,,,Auckland Region,Nil,2-way,Sealed,,0,0,,60,,On,0,0,,76,Auckland,Traffic Signals,,,,,0,0,Urban,0,,,Fine,Null
1768274,5912945,4666,,523000,0,0,0,2,0,North,2009/2010,GOSSAMER DRIVE,REEVES ROAD,,Non-Injury Crash,No,2009,0,North,0,0,0,Flat,0,,0,,0,Dark,690000,0,0,0,2,0,0,0,0,1,,0,0,Auckland Region,Nil,2-way,Sealed,0,0,0,0,50,0,On,0,0,,76,Auckland,Nil,0,0,0,0,0,0,Urban,0,0,0,Fine,Null
1790006,5828297,4667,,528200,0,0,0,0,0,West,2009/2010,GREAT SOUTH ROAD,BELT ST,,Non-Injury Crash,No,2009,0,West,0,0,0,Flat,0,,0,,0,Dark,857900,0,0,0,2,0,0,0,0,0,,0,1,Waikato Region,Nil,2-way,Sealed,0,0,0,0,70,0,On,1,0,,13,Waikato District,Unknown,0,0,0,0,0,0,Urban,0,0,0,Fine,Null
1400196,4913491,4668,,605800,0,,0,2,,Null,2009/2010,MAIN SOUTH ROAD,BRIGHTON ROAD,,Minor Crash,No,2009,,North,,0,,Flat,,,,,,Bright sun,2959600,2,0,0,4,,,0,,,,,,Otago Region,Nil,2-way,Sealed,,0,0,,50,,Null,0,0,,71,Dunedin City,Give way,,,,,0,0,Urban,0,,,Fine,Null
1755519,5933196,4669,,507300,0,0,0,2,0,North,2008/2009,SADDLEBACK RISE,SUNRISE AVENUE,,Non-Injury Crash,No,2009,0,South,0,0,0,Hill Road,0,,0,,0,Overcast,154100,0,0,0,2,0,0,0,0,1,,0,0,Auckland Region,Nil,2-way,Sealed,0,0,0,0,50,0,Null,0,0,,76,Auckland,Unknown,0,0,0,0,0,0,Urban,0,0,0,Light rain,Null
1880526,5826340,4670,,536821,0,,0,1,,Null,2008/2009,SH 2,TOLL PLAZA,,Non-Injury Crash,Yes,2009,,South,,0,,Flat,,,,,,Bright sun,1203700,0,0,0,3,,,0,,,,,,Bay of Plenty Region,Bridge,2-way,Sealed,,0,0,,70,,Null,0,0,,23,Tauranga City,Unknown,,,,,1,0,Urban,0,,,Fine,Null
1756053,5923207,4671,,509800,0,,0,2,,South,2008/2009,SH 1N,STAFFORD OFF NBD,,Non-Injury Crash,Yes,2009,,North,,0,,Flat,,,,,,Bright sun,359200,0,0,0,4,,,0,,,,,,Auckland Region,Nil,1-way,Sealed,,0,0,,80,,Null,0,0,,76,Auckland,Unknown,,,,,0,0,Open,0,,,Fine,Null
1849571,5894463,4672,,533603,0,0,0,1,1,North,2009/2010,SH 25,HIKUAI SETTLEMENT ROAD,,Non-Injury Crash,Yes,2009,0,North,0,0,0,Flat,0,,0,,0,Dark,1059305,0,0,0,2,0,0,0,0,0,,0,0,Waikato Region,Nil,2-way,Sealed,0,0,0,0,100,0,None,0,0,,11,Thames-Coromandel District,Nil,0,0,0,0,0,0,Open,0,0,0,Fine,Null
1850710,5688173,4673,,541347,0,,0,0,,North,2008/2009,SH 1N,KIKO ROAD,,Non-Injury Crash,Yes,2009,,South,,0,,Flat,,,,,,Bright sun,1281401,0,0,0,2,,,0,,,,,,Waikato Region,Nil,2-way,Sealed,,0,0,,100,,None,0,0,,21,Taupo District,Nil,,,,,0,0,Open,1,,,Fine,Null
1563976,5179217,4674,,587701,0,,0,2,,Null,2008/2009,BLENHEIM ROAD,MAIN SOUTH ROAD,,Minor Crash,No,2009,,South,,0,,Flat,,,,,,Overcast,2479800,1,0,0,2,,,0,,,,,,Canterbury Region,Nil,1-way,Sealed,,0,0,,60,,Null,0,0,,60,Christchurch City,Give way,,,,,0,0,Urban,0,,,Fine,Null
1746763,5917606,4675,,512500,0,0,0,2,0,South,2008/2009,TE ATATU ROAD,ROBERTS ROAD,,Non-Injury Crash,No,2009,0,South,0,0,0,Flat,0,,0,,0,Overcast,258200,0,0,0,2,0,0,0,0,1,,0,0,Auckland Region,Nil,2-way,Sealed,0,0,0,0,50,0,Null,0,0,,76,Auckland,Unknown,0,0,0,0,0,0,Urban,0,0,0,Fine,Null
1768840,5910688,4676,,523112,0,,0,2,,Null,2009/2010,GREENMOUNT DRIVE,HARRIS ROAD,,Non-Injury Crash,No,2009,,South,,0,,Flat,,,,,,Bright sun,711701,0,0,0,2,,,0,,,,,,Auckland Region,Nil,1-way,Sealed,,0,0,,50,,Off,0,0,,76,Auckland,Give way,,,,,0,0,Urban,0,,,Fine,Null
1796531,5820172,4677,,528403,0,,0,1,,South,2008/2009,TE RAPA ROAD,CHURCH ROAD,,Non-Injury Crash,No,2009,,South,,0,,Flat,,,,,,Overcast,907401,0,0,0,4,,,0,,,,,,Waikato Region,Nil,2-way,Sealed,,0,0,,80,,Null,0,0,,16,Hamilton City,Unknown,,,,,0,0,Open,1,,,Fine,Null
1801257,5815024,4678,,529700,0,,0,2,,Null,2009/2010,VICTORIA ST,GRANTHAM ST,,Non-Injury Crash,No,2009,,South,,0,,Flat,,,,,,Dark,912000,0,0,0,2,,,0,,,,,,Waikato Region,Nil,2-way,Sealed,,0,0,,50,,On,0,1,,16,Hamilton City,Traffic Signals,,,,,0,0,Urban,0,,,Fine,Null
1657661,6115185,4679,,500402,0,,0,2,,South,2009/2010,OTANGAROA ROAD,SH 10,,Non-Injury Crash,No,2009,,North,,0,,Flat,,,,,,Overcast,18300,0,0,0,2,,,0,,,,,,Northland Region,Nil,2-way,Unsealed,,0,0,,100,,Null,0,0,,1,Far North District,Unknown,,,,,0,0,Open,0,,,Fine,Null
1751456,5915116,4680,,514401,0,0,0,2,0,East,2008/2009,ST JUDE ST,DONEGAL ST,,Non-Injury Crash,No,2009,0,West,0,0,0,Hill Road,0,,0,,0,Dark,382901,0,0,0,2,0,0,0,0,1,,0,0,Auckland Region,Nil,2-way,Sealed,0,0,0,0,50,0,On,0,0,,76,Auckland,Nil,0,0,0,0,0,0,Urban,0,0,0,Light rain,Null
1570642,5179649,4681,,591500,1,0,0,1,0,South,2008/2009,COLOMBO ST,TUAM ST,,Minor Crash,No,2009,0,South,0,0,0,Flat,0,,0,,0,Bright sun,2649100,1,0,0,3,0,0,0,0,1,,0,0,Canterbury Region,Nil,2-way,Sealed,0,0,0,0,50,0,Null,0,0,,60,Christchurch City,Nil,0,0,0,0,0,0,Urban,0,0,0,Fine,Null
1755017,5929365,4682,,508420,0,0,0,2,0,South,2009/2010,TARGET ROAD,LINK DRIVE,,Non-Injury Crash,No,2009,0,North,0,0,0,Flat,0,,0,,0,Overcast,183800,0,0,0,2,0,0,0,0,1,,0,0,Auckland Region,Nil,2-way,Sealed,0,0,0,0,50,0,Off,0,0,,76,Auckland,Nil,0,0,0,0,0,0,Urban,0,0,0,Fine,Null
1790722,5782055,4683,,531301,0,0,0,1,1,South,2009/2010,SH 31,SH 39,,Non-Injury Crash,Yes,2009,0,North,0,0,0,Hill Road,0,,0,,0,Overcast,994900,0,0,0,2,0,0,0,0,0,,0,0,Waikato Region,Nil,2-way,Sealed,0,0,0,0,100,0,Null,0,0,,18,Ōtorohanga District,Unknown,0,0,0,0,0,0,Open,0,0,0,Heavy rain,Null
1751181,5927025,4684,,510010,0,0,0,1,0,South,2009/2010,HAYMAN PLACE,BEACH HAVEN ROAD,,Non-Injury Crash,No,2009,0,West,0,0,0,Flat,0,,0,,0,Dark,342900,0,0,0,2,0,0,0,0,1,,0,0,Auckland Region,Nil,2-way,Sealed,0,0,0,0,50,0,On,1,0,,76,Auckland,Unknown,0,0,0,0,0,0,Urban,0,0,0,Fine,Null
1678405,6089033,4685,,501632,0,0,0,1,0,North,2008/2009,SH 1N,SNOWDON AVENUE,,Non-Injury Crash,Yes,2009,0,East,0,0,0,Hill Road,0,,0,,0,Dark,34800,0,0,0,3,0,0,0,0,0,,0,0,Northland Region,Nil,2-way,Sealed,0,0,0,0,100,0,None,0,0,,1,Far North District,Unknown,0,1,0,0,0,0,Open,0,0,0,Heavy rain,Null
1763760,5908894,4686,,521901,0,,0,1,,Null,2008/2009,MANGERE ROAD,AWA ST,,Non-Injury Crash,No,2009,,West,,0,,Flat,,,,,,Bright sun,785100,0,0,0,2,,,0,,,,,,Auckland Region,Nil,2-way,Sealed,,0,0,,50,,Null,0,0,,76,Auckland,Nil,,,,,0,0,Urban,1,,,Fine,Null
1758704,5917405,4687,,516001,0,,0,1,,North,2009/2010,SH 1N,MARKET OBR,,Non-Injury Crash,Yes,2009,,North,,0,,Flat,,,,,,Overcast,491000,0,0,0,3,,,0,,,,,,Auckland Region,Bridge,1-way,Sealed,,0,0,,80,,On,0,0,,76,Auckland,Nil,,,,,1,0,Open,0,,,Fine,Null
1801989,5816946,4688,,530000,0,,0,2,,North,2009/2010,PEACHGROVE ROAD,BOUNDARY ROAD,,Non-Injury Crash,No,2009,,North,,0,,Flat,,,,,,Dark,867200,0,0,0,2,,,0,,,,,,Waikato Region,Nil,2-way,Sealed,,0,0,,50,,On,0,0,,16,Hamilton City,Give way,,,,,0,0,Urban,0,,,Fine,Null
1749001,5424777,4689,,576301,0,,0,2,,North,2008/2009,RIDDIFORD ST,NORMANBY ST,,Non-Injury Crash,No,2009,,South,,0,,Flat,,,,,,Bright sun,2165500,0,0,0,2,,,0,,,,,,Wellington Region,Nil,2-way,Sealed,,0,0,,50,,Null,0,0,,47,Wellington City,Nil,,,,,0,0,Urban,0,,,Fine,Null
1752453,5918030,4690,,515002,0,,0,2,,East,2008/2009,SH 16,CARRINGTON OBR,,Non-Injury Crash,Yes,2009,,East,,0,,Hill Road,,,,,,Bright sun,390701,0,0,0,3,,,0,,,,,,Auckland Region,Nil,1-way,Sealed,,0,0,,100,,Off,0,0,,76,Auckland,Nil,,,,,0,0,Open,0,,,Fine,Null
1753593,5915075,4691,,518801,0,,0,2,,East,2008/2009,ODONNELL AVENUE,FARRELLY AVENUE,,Non-Injury Crash,No,2009,,East,,0,,Flat,,,,,,Bright sun,575700,0,0,0,2,,,0,,,,,,Auckland Region,Nil,2-way,Sealed,,0,0,,50,,Off,0,0,,76,Auckland,Nil,,,,,0,0,Urban,0,,,Fine,Null
1862679,5808730,4692,,536630,0,0,0,0,0,North,2008/2009,SH 29,VALLEY VIEW ROAD,,Non-Injury Crash,Yes,2009,0,West,0,0,0,Hill Road,1,,0,,0,Overcast,1191900,0,0,0,3,0,0,0,0,0,,0,0,Bay of Plenty Region,Nil,2-way,Sealed,0,0,0,0,100,0,Null,1,0,,22,Western Bay of Plenty District,Unknown,0,0,0,0,0,0,Open,0,0,0,Heavy rain,Null
1746479,5923976,4693,,513522,0,0,0,2,0,South,2009/2010,CONSTABLE LANE,RENOIR ST,,Non-Injury Crash,No,2009,0,North,0,0,0,Flat,0,,0,,0,Overcast,224231,0,0,0,1,0,0,0,0,1,,0,0,Auckland Region,Nil,2-way,Sealed,0,0,0,0,50,0,Null,0,0,,76,Auckland,Unknown,0,0,0,0,0,0,Urban,0,0,0,Fine,Null
1882814,5776332,4694,,539200,0,,0,2,,West,2008/2009,OLD QUARRY ROAD,SH 5,,Non-Injury Crash,No,2009,,West,,0,,Flat,,,,,,Bright sun,1221100,0,0,0,2,,,0,,,,,,Bay of Plenty Region,Nil,2-way,Sealed,,0,0,,50,,Null,0,0,,24,Rotorua District,Unknown,,,,,0,0,Urban,0,,,Fine,Null
1380941,4918056,4695,,602500,0,,0,1,,North,2009/2010,RAVENSBURN ST,CROSSFELL ST,,Serious Crash,No,2009,,North,,0,,Hill Road,,,,,,Bright sun,2975100,0,0,1,1,,,0,,,,,,Otago Region,Bridge,1-way,Sealed,,0,1,,100,,Null,0,0,,71,Dunedin City,Unknown,,,,,0,0,Open,0,,,Fine,Null
1766088,5915957,4696,,517100,0,,0,2,,Null,2009/2010,TRIPOLI ROAD,ERIMA AVENUE,,Non-Injury Crash,No,2009,,East,,0,,Flat,,,,,,Overcast,478800,0,0,0,2,,,0,,,,,,Auckland Region,Nil,2-way,Sealed,,0,0,,50,,Off,0,0,,76,Auckland,Nil,,,,,0,0,Urban,0,,,Light rain,Null
1762103,5912509,4697,,519500,0,0,0,1,0,Null,2008/2009,CHURCH ST,ORORKE ROAD,,Non-Injury Crash,No,2009,0,South,0,0,0,Flat,0,,0,,0,Dark,622500,0,0,0,2,0,0,0,0,0,,0,1,Auckland Region,Nil,2-way,Sealed,0,0,0,0,50,0,On,0,0,,76,Auckland,Traffic Signals,0,0,0,0,0,0,Urban,0,0,0,Fine,Null
1763915,5875871,4698,,521153,0,0,0,1,0,North,2008/2009,AKA AKA ROAD,SHIPHERD ROAD,,Non-Injury Crash,No,2009,0,North,1,0,1,Hill Road,0,Easter,0,,0,Dark,825202,0,0,0,2,0,0,0,0,0,,0,0,Waikato Region,Nil,2-way,Sealed,0,0,0,0,100,0,None,0,0,,13,Waikato District,Nil,0,0,0,0,0,0,Open,0,0,0,Fine,Null
1841456,5750371,4699,,541320,0,0,0,1,0,South,2008/2009,WAIPAPA ROAD,LAKE ROAD,,Non-Injury Crash,No,2009,0,North,1,0,1,Flat,0,Easter,0,,0,Overcast,1292400,0,0,0,2,0,0,0,0,0,,0,0,Waikato Region,Nil,2-way,Sealed,0,0,0,0,100,0,Null,0,0,,21,Taupo District,Unknown,0,0,0,0,0,0,Open,0,0,0,Mist or Fog,Null
1758222,5916242,4700,,515801,0,,0,2,,Null,2009/2010,MANUKAU ROAD,INVERARY AVENUE,,Non-Injury Crash,No,2009,,North,,0,,Flat,,,,,,Bright sun,446200,0,0,0,2,,,0,,,,,,Auckland Region,Nil,2-way,Sealed,,0,0,,50,,Off,0,0,,76,Auckland,Nil,,,,,0,0,Urban,0,,,Fine,Null
1805581,5812769,4701,,527004,0,,0,2,,South,2008/2009,SH 1N,NEWELL ROAD,,Non-Injury Crash,Yes,2009,,North,,0,,Flat,,,,,,Overcast,956402,0,0,0,2,,,0,,,,,,Waikato Region,Nil,2-way,Sealed,,0,0,,100,,Null,0,0,,13,Waikato District,Unknown,,,,,0,0,Open,0,,,Fine,Null
1773121,5895669,4702,,525410,0,0,0,0,0,East,2008/2009,SETTLEMENT ROAD,OPAHEKE ROAD,,Non-Injury Crash,No,2009,0,West,0,0,0,Flat,0,,0,,0,Overcast,793502,0,0,0,2,0,1,0,0,0,,0,0,Auckland Region,Nil,2-way,Sealed,0,0,0,0,50,0,Off,0,0,,76,Auckland,Nil,0,0,0,0,1,0,Urban,0,0,0,Fine,Null
1758874,5913783,4703,,519300,0,,0,1,,Null,2009/2010,CAMPBELL ROAD,ONEHUNGA MALL,,Non-Injury Crash,No,2009,,North,,0,,Flat,,,,,,Overcast,624900,0,0,0,4,,,0,,,,,,Auckland Region,Nil,2-way,Sealed,,0,0,,50,,Off,0,0,,76,Auckland,Stop,,,,,0,0,Urban,1,,,Fine,Null
1877730,5821994,4704,,538101,0,,0,1,,Null,2009/2010,CAMERON ROAD,GARDEN PLACE,,Non-Injury Crash,No,2009,,South,,0,,Flat,,,,,,Bright sun,1170400,0,0,0,4,,,0,,,,,,Bay of Plenty Region,Nil,2-way,Sealed,,0,0,,50,,Null,0,0,,23,Tauranga City,Give way,,,,,1,0,Urban,0,,,Fine,Null
1570638,5180226,4705,,591500,0,,0,1,,Null,2008/2009,CATHEDRAL SQUARE,COLOMBO ST,,Minor Crash,No,2009,,North,,0,,Flat,,Christmas New Year,,,,Dark,2652800,1,0,0,2,,,0,,,1,,,Canterbury Region,Nil,2-way,Sealed,,0,0,,50,,On,0,0,,60,Christchurch City,Nil,,,,,0,0,Urban,0,,,Fine,Null
1825653,5886744,4706,,533501,0,,0,1,,Null,2008/2009,SH 25,MARY ST,,Non-Injury Crash,Yes,2009,,North,,0,,Flat,,,,,,Overcast,1052200,0,0,1,2,,,0,,,,,,Waikato Region,Nil,2-way,Sealed,,0,0,,50,,Null,0,0,,11,Thames-Coromandel District,Give way,,,,,0,0,Urban,0,,,Fine,Null
1743025,5919697,4707,,513212,0,0,0,1,0,Null,2008/2009,LUANDA DRIVE,GLEN ROAD,,Non-Injury Crash,No,2009,0,North,0,0,0,Flat,0,,0,,0,Twilight,235716,0,0,0,2,0,0,0,0,0,,0,0,Auckland Region,Nil,2-way,Sealed,0,0,0,0,50,0,Off,0,0,,76,Auckland,Give way,1,0,0,0,0,0,Urban,0,0,0,Fine,Null
1880756,5775216,4708,,539100,0,0,0,1,0,North,2009/2010,MOUNTAIN ROAD,CLAYTON ROAD,,Non-Injury Crash,No,2009,0,South,1,0,0,Hill Road,0,,0,,0,Dark,1217200,0,0,0,2,0,0,0,0,0,,0,0,Bay of Plenty Region,Nil,2-way,Sealed,0,0,0,0,50,0,On,0,0,,24,Rotorua District,Unknown,0,0,0,0,0,0,Urban,0,0,0,Fine,Null
1749578,5918035,4709,,514801,0,,0,1,,East,2008/2009,SH 16,ROSEBANK OBR,,Non-Injury Crash,Yes,2009,,West,,0,,Flat,,,,,,Bright sun,390401,0,0,0,3,,,0,,,,,,Auckland Region,Nil,1-way,Sealed,,0,0,,100,,Off,1,0,,76,Auckland,Nil,,,,,0,0,Open,0,,,Fine,Null
1754417,5936238,4710,,507000,0,0,0,1,0,West,2008/2009,TOPLISS DRIVE,KIRKDALE PLACE,,Non-Injury Crash,No,2009,0,West,0,0,0,Hill Road,0,,0,,0,Bright sun,164202,0,0,0,2,0,0,0,0,1,,0,0,Auckland Region,Nil,2-way,Sealed,0,0,0,0,50,0,Off,1,0,,76,Auckland,Nil,0,0,0,0,0,0,Urban,0,0,0,Fine,Null
1758238,5916473,4711,,519200,0,,0,2,,Null,2009/2010,MANUKAU ROAD,HALIFAX AVENUE,,Non-Injury Crash,No,2009,,South,,0,,Flat,,,,,,Twilight,614801,0,0,0,4,,,0,,,,,,Auckland Region,Nil,2-way,Sealed,,0,0,,50,,Off,0,0,,76,Auckland,Give way,,,,,0,0,Urban,0,,,Light rain,Null
1770530,5912687,4712,,523105,0,0,0,1,0,South,2008/2009,BOTANY ROAD,CASCADES ROAD,,Non-Injury Crash,No,2009,0,North,0,0,1,Flat,0,Easter,0,,0,Dark,711139,0,0,0,2,0,0,0,0,0,,0,0,Auckland Region,Nil,2-way,Sealed,0,0,0,0,70,0,On,0,0,,76,Auckland,Nil,0,0,0,0,0,0,Urban,0,0,0,Fine,Null
1746540,5916504,4713,,510700,0,,0,2,,Null,2008/2009,GREAT NORTH ROAD,TE ATATU ROAD,,Non-Injury Crash,No,2009,,South,,0,,Flat,,,,,,Overcast,241000,0,0,0,4,,,0,,,,,,Auckland Region,Nil,2-way,Sealed,,0,0,,50,,Off,0,0,,76,Auckland,Give way,,,,,0,0,Urban,0,,,Fine,Null
1567858,5180871,4714,,589300,0,,0,2,,Null,2009/2010,STRAVEN ROAD,TE KURA ST,,Minor Crash,No,2009,,North,,0,,Flat,,,,,,Bright sun,2546200,1,0,0,2,,,0,,,,,,Canterbury Region,Nil,2-way,Sealed,,0,0,,50,,Null,0,0,,60,Christchurch City,Stop,,,,,0,0,Urban,0,,,Fine,Null
1717542,6050398,4715,,502101,0,,0,1,,South,2008/2009,CLARK ROAD,THREE MILE BUSH ROAD,,Non-Injury Crash,No,2009,,South,,0,,Flat,,,,,,Overcast,82900,0,0,0,2,,,0,,,,,,Northland Region,Nil,2-way,Sealed,,0,0,,50,,Off,1,0,,2,Whangarei District,Nil,,,,,0,0,Urban,0,,,Fine,Strong wind
1764632,5911668,4716,,520500,0,0,0,1,0,East,2008/2009,PANAMA ROAD,HILLSIDE ROAD,,Non-Injury Crash,No,2009,0,East,0,0,0,Flat,0,,0,,0,Dark,636200,0,0,0,2,0,0,0,0,0,,0,0,Auckland Region,Bridge,2-way,Sealed,1,0,0,0,50,0,On,0,0,,76,Auckland,Nil,0,0,0,0,0,0,Urban,0,0,0,Heavy rain,Null
1751042,5932999,4717,,508806,0,0,0,1,0,Null,2008/2009,ALBANY HIGHWAY,BASS ROAD,,Non-Injury Crash,No,2009,0,North,0,0,0,Flat,1,,0,,1,Dark,179902,0,0,0,2,0,0,0,0,0,,0,0,Auckland Region,Nil,2-way,Sealed,0,0,0,0,50,0,On,0,0,,76,Auckland,Give way,0,0,0,0,0,0,Urban,0,0,0,Fine,Null
1623620,6115999,4718,,500301,0,,0,1,,North,2009/2010,SH 1N,DONALD ROAD,,Non-Injury Crash,Yes,2009,,North,,0,,Flat,,,,,,Dark,12902,0,0,0,2,,,0,,,,,,Northland Region,Nil,2-way,Sealed,,0,0,,50,,On,0,0,,1,Far North District,Nil,,,,,0,0,Urban,0,,,Fine,Null
1770924,5809379,4719,,526602,0,0,0,0,1,South,2008/2009,VAN HOUTTE ROAD,SH 23,,Non-Injury Crash,No,2009,0,North,0,0,0,Flat,0,,0,,0,Dark,860800,0,0,0,1,0,0,0,0,0,,0,0,Waikato Region,Nil,1-way,Unsealed,0,0,0,0,100,0,None,1,0,,13,Waikato District,Nil,0,0,0,0,0,0,Open,0,0,0,Fine,Null
1823003,5829332,4720,,534902,0,,0,0,,Null,2008/2009,ANDERSON ST,MOORHOUSE ST,,Non-Injury Crash,No,2009,,West,,0,,Flat,,,,,,Overcast,1087700,0,0,0,2,,,0,,,,,,Waikato Region,Nil,2-way,Sealed,,0,0,,50,,Null,0,0,,15,Matamata-Piako District,Stop,,,,,0,0,Urban,2,,,Fine,Null
1803087,5825240,4721,,527122,0,0,0,1,0,Null,2008/2009,GORDONTON ROAD,BOYD ROAD,,Non-Injury Crash,No,2009,0,North,0,0,0,Flat,0,,0,,0,Overcast,953200,0,0,0,2,0,0,0,0,0,,0,0,Waikato Region,Nil,2-way,Sealed,0,0,0,0,100,0,Null,0,0,,13,Waikato District,Give way,0,0,0,1,0,0,Open,0,0,0,Heavy rain,Null
1746094,5915726,4722,,511800,0,,0,2,,West,2008/2009,VIEW ROAD,WATTLE ROAD,,Non-Injury Crash,No,2009,,West,,0,,Hill Road,,,,,,Overcast,276900,0,0,0,2,,,0,,,,,,Auckland Region,Nil,2-way,Sealed,,0,0,,50,,Null,0,0,,76,Auckland,Nil,,,,,0,0,Urban,0,,,Light rain,Null
1802391,5816604,4723,,530000,0,0,0,1,0,North,2008/2009,PEACHGROVE ROAD,BAILEY AVENUE,,Non-Injury Crash,No,2009,0,South,0,0,0,Flat,1,,0,,0,Overcast,866001,0,0,0,2,0,0,0,0,0,,0,0,Waikato Region,Nil,2-way,Sealed,0,0,0,0,50,0,None,0,0,,16,Hamilton City,Nil,0,0,0,0,0,0,Urban,0,0,0,Fine,Null
1866871,5738369,4724,,541334,0,0,0,1,0,North,2008/2009,SH 1N,MAROA ROAD,,Non-Injury Crash,Yes,2009,0,South,1,0,0,Hill Road,0,,0,,0,Twilight,1276603,0,0,0,2,0,0,0,0,0,,0,0,Waikato Region,Nil,2-way,Sealed,0,0,0,0,100,0,None,0,0,,21,Taupo District,Nil,0,0,0,0,0,0,Open,0,0,0,Null,Frost
1778506,5868396,4725,,526701,0,,0,0,,East,2008/2009,MORRISON ROAD,MERCER FERRY ROAD,,Non-Injury Crash,No,2009,,West,,0,,Hill Road,,,,,,Overcast,844000,0,0,0,2,,,0,,,,,,Waikato Region,Nil,2-way,Sealed,,0,0,,100,,None,1,0,,13,Waikato District,Nil,,,,,0,0,Open,0,,,Light rain,Null
1753548,5927798,4726,,508210,0,0,0,2,0,West,2008/2009,PEACH ROAD,GLENFIELD ROAD,,Non-Injury Crash,No,2009,0,West,0,0,0,Hill Road,0,,0,,0,Bright sun,187100,0,0,0,2,0,0,0,0,1,,0,0,Auckland Region,Nil,2-way,Sealed,0,0,0,0,50,0,Null,0,0,,76,Auckland,Unknown,0,0,0,0,0,0,Urban,0,0,0,Fine,Null
1571770,5179922,4727,,593502,0,,0,1,,Null,2009/2010,FITZGERALD AVENUE,CASHEL ST,,Minor Crash,No,2009,,West,,0,,Flat,,,,,,Bright sun,2607500,1,0,0,6,,,0,,,1,,,Canterbury Region,Nil,2-way,Sealed,,0,0,,50,,Null,0,0,,60,Christchurch City,Traffic Signals,,,,,0,0,Urban,0,,,Fine,Null
1825069,5826480,4728,,534500,0,0,0,1,0,Null,2009/2010,MORRINSVILLE WALTON ROAD,KIWITAHI RAILWAY ROAD,,Non-Injury Crash,No,2009,0,North,0,0,0,Flat,0,,0,,0,Overcast,1100500,0,0,0,2,0,0,0,0,0,,0,1,Waikato Region,Nil,2-way,Sealed,0,0,0,0,100,0,Null,0,0,,15,Matamata-Piako District,Nil,0,0,0,0,0,0,Open,0,0,0,Fine,Null
1878483,5822010,4729,,538102,0,,0,2,,Null,2009/2010,SH 2A,FRASER ST,,Non-Injury Crash,Yes,2009,,West,,0,,Flat,,,,,,Dark,1168700,0,0,0,5,,,0,,,,,,Bay of Plenty Region,Nil,2-way,Sealed,,0,0,,50,,On,0,0,,23,Tauranga City,Traffic Signals,,,,,0,0,Urban,0,,,Mist or Fog,Null
1711752,6066818,4730,,501814,0,,0,0,,South,2008/2009,SH 1N,WAIOTU BLOCK ROAD,,Non-Injury Crash,Yes,2009,,North,,0,,Flat,,,,,,Bright sun,60200,0,0,0,2,,,0,,,,,,Northland Region,Nil,2-way,Sealed,,0,0,,100,,None,1,0,,2,Whangarei District,Nil,,,,,0,0,Open,0,,,Fine,Null