X,Y,OBJECTID,advisorySpeed,areaUnitID,bicycle,bridge,bus,carStationWagon,cliffBank,crashDirectionDescription,crashFinancialYear,crashLocation1,crashLocation2,crashRoadSideRoad,crashSeverity,crashSHDescription,crashYear,debris,directionRoleDescription,ditch,fatalCount,fence,flatHill,guardRail,holiday,houseOrBuilding,intersection,kerb,light,meshblockId,minorInjuryCount,moped,motorcycle,NumberOfLanes,objectThrownOrDropped,otherObject,otherVehicleType,overBank,parkedVehicle,pedestrian,phoneBoxEtc,postOrPole,region,roadCharacter,roadLane,roadSurface,roadworks,schoolBus,seriousInjuryCount,slipOrFlood,speedLimit,strayAnimal,streetLight,suv,taxi,temporarySpeedLimit,tlaId,tlaName,trafficControl,trafficIsland,trafficSign,train,tree,truck,unknownVehicleType,urban,vanOrUtility,vehicle,waterRiver,weatherA,weatherB
1765121,5909955,4731,,521803,0,,0,2,,South,2009/2010,SH 1N,OTAHUHU ON SBD,,Non-Injury Crash,Yes,2009,,South,,0,,Flat,,,,,,Dark,788300,0,0,0,4,,,0,,,,,,Auckland Region,Nil,1-way,Sealed,,0,0,,100,,On,0,0,,76,Auckland,Nil,,,,,0,0,Open,0,,,Fine,Null
1757068,5919082,4732,,514200,0,,0,2,,Null,2008/2009,SYMONDS ST,SYMONDS OFF NBD,,Non-Injury Crash,No,2009,,North,,0,,Flat,,,,,,Bright sun,412302,0,0,0,4,,,0,,,,,,Auckland Region,Nil,2-way,Sealed,,0,0,,50,,Null,0,0,,76,Auckland,Traffic Signals,,,,,0,0,Urban,0,,,Fine,Null
1758198,5918075,4733,,517400,0,,0,2,,Null,2008/2009,MORROW ST,MORROW STREET,,Non-Injury Crash,No,2009,,West,,0,,Flat,,,,,,Bright sun,451300,0,0,0,2,,,0,,,,,,Auckland Region,Nil,2-way,Sealed,,0,0,,50,,Off,0,0,,76,Auckland,Nil,,,,,0,0,Urban,0,,,Fine,Null
1757422,5918764,4734,,514302,0,,0,3,,Null,2008/2009,SH 1N,WELLESLEY OFF NBD,,Non-Injury Crash,Yes,2009,,North,,0,,Flat,,,,,,Dark,442500,0,0,0,3,,,0,,,,,,Auckland Region,Motorway ramp,1-way,Sealed,,0,0,,100,,On,0,0,,76,Auckland,Nil,,,,,0,0,Open,0,,,Light rain,Null
1219850,4898384,4735,,612720,0,,0,1,,East,2009/2010,CLEGHORN ROAD,OPIO ROAD,,Minor Crash,No,2009,,East,,0,,Hill Road,,,,,,Bright sun,3178700,3,0,0,1,,,0,,,,,,Southland Region,Nil,2-way,Unsealed,,0,0,,100,,Null,1,0,,73,Southland District,Unknown,,,,,0,0,Open,0,,,Fine,Null
1748268,5919136,4736,,514801,0,,0,2,,West,2009/2010,SH 16,PATIKI OBR,,Non-Injury Crash,Yes,2009,,West,,0,,Flat,,,,,,Dark,389300,0,0,0,3,,,0,,,,,,Auckland Region,Nil,1-way,Sealed,,0,0,,100,,On,0,0,,76,Auckland,Nil,,,,,0,0,Open,0,,,Fine,Null
1568779,5179145,4737,,591600,0,,0,3,,East,2008/2009,MOORHOUSE AVENUE,DEANS AVENUE,,Minor Crash,No,2009,,East,,0,,Flat,,,,,,Dark,2678800,2,0,0,4,,,0,,,,,,Canterbury Region,Nil,2-way,Sealed,,0,0,,60,,On,0,0,,60,Christchurch City,Unknown,,,,,0,0,Urban,0,,,Light rain,Null
1747437,5718347,4738,55,531710,0,0,0,1,0,South,2009/2010,SH 3,AWAKAU ROAD,,Non-Injury Crash,Yes,2009,0,North,0,0,1,Flat,0,,0,,0,Bright sun,1016800,0,0,0,2,0,0,0,0,0,,0,0,Waikato Region,Nil,2-way,Sealed,0,0,0,0,100,0,Null,0,0,,20,Waitomo District,Unknown,0,0,0,0,0,0,Open,0,0,0,Fine,Null
1756588,5919365,4739,,514200,0,0,0,1,0,South,2009/2010,SH 1N,HOBSON ON SBD,,Non-Injury Crash,Yes,2009,0,South,0,0,0,Flat,1,,0,,0,Dark,412000,0,0,0,3,0,0,0,0,0,,0,0,Auckland Region,Nil,1-way,Sealed,0,0,0,0,80,0,On,0,0,,76,Auckland,Nil,0,0,0,0,0,0,Open,0,0,0,Fine,Null
1762304,5919016,4740,,516400,0,0,0,2,0,Null,2009/2010,COATES AVENUE,NEHU ST,,Non-Injury Crash,No,2009,0,East,0,0,0,Flat,0,,0,,0,Twilight,497600,0,0,0,2,0,0,0,0,0,,0,0,Auckland Region,Nil,2-way,Sealed,0,0,0,0,50,0,Off,0,0,,76,Auckland,Give way,0,1,0,0,0,0,Urban,0,0,0,Fine,Null
1799797,5814477,4741,,528900,0,,0,1,,Null,2009/2010,KILLARNEY ROAD,LAKE DOMAIN DRIVE,,Non-Injury Crash,No,2009,,North,,0,,Flat,,,,,,Bright sun,915103,0,0,0,2,,,0,,,,,,Waikato Region,Nil,2-way,Sealed,,0,0,,50,,Off,0,0,,16,Hamilton City,Give way,,,,,0,0,Urban,1,,,Fine,Null
1718453,6044221,4742,,503500,0,,0,2,,North,2008/2009,SH 1N,RAUMANGA VALLEY ROAD,,Non-Injury Crash,Yes,2009,,South,,0,,Flat,,,,,,Twilight,108000,0,0,0,2,,,0,,,,,,Northland Region,Nil,2-way,Sealed,,0,0,,50,,Off,0,0,,2,Whangarei District,Nil,,,,,0,0,Urban,0,,,Fine,Null
1762030,5916082,4743,,516302,0,,0,2,,North,2008/2009,KORAHA ST,ABBOTTS WAY,,Non-Injury Crash,No,2009,,South,,0,,Flat,,,,,,Bright sun,463500,0,0,0,2,,,0,,,,,,Auckland Region,Nil,2-way,Sealed,,0,0,,50,,Off,0,0,,76,Auckland,Nil,,,,,0,0,Urban,0,,,Fine,Null
1758617,5919913,4744,,515902,0,,0,1,,North,2009/2010,PARNELL ROAD,AKAROA ST,,Non-Injury Crash,No,2009,,South,,0,,Flat,,,,,,Bright sun,453600,0,0,0,2,,,0,,,,,,Auckland Region,Nil,2-way,Sealed,,0,0,,50,,Null,0,0,,76,Auckland,Stop,,,,,0,0,Urban,1,,,Fine,Null
1758892,5913793,4745,,519720,0,,0,2,,Null,2009/2010,CAMPBELL ROAD,ONEHUNGA MALL,,Non-Injury Crash,No,2009,,West,,0,,Flat,,,,,,Twilight,593300,0,0,0,2,,,0,,,,,,Auckland Region,Nil,2-way,Sealed,,0,0,,50,,On,0,0,,76,Auckland,Stop,,,,,0,0,Urban,0,,,Light rain,Null
1765676,5908441,4746,,523402,0,,0,2,,East,2008/2009,HIGHBROOK ON SBD,SH 1N,,Non-Injury Crash,Yes,2009,,South,,0,,Null,,,,,,Bright sun,697000,0,0,0,1,,,0,,,,,,Auckland Region,Motorway ramp,1-way,Sealed,,0,0,,50,,Off,0,0,,76,Auckland,Nil,,,,,0,0,Urban,0,,,Fine,Null
1648297,5302063,4747,,581500,0,,0,0,,West,2009/2010,Z CPK PEKETA MOTOR CAMP,SH 1S,,Minor Crash,No,2009,,East,,0,,Flat,,Christmas New Year,,,,Bright sun,2311000,1,0,0,0,,,0,,,1,,,Canterbury Region,Nil,Off road,Sealed,,0,0,,30,,Null,1,0,,54,Kaikoura District,Unknown,,,,,0,0,Urban,0,,,Fine,Null
1757433,5920594,4748,,514102,0,,1,1,,South,2008/2009,QUEEN ST,WYNDHAM ST,,Non-Injury Crash,No,2009,,South,,0,,Flat,,,,,,Overcast,433503,0,0,0,4,,,0,,,,,,Auckland Region,Nil,2-way,Sealed,,0,0,,30,,Null,0,0,,76,Auckland,Nil,,,,,0,0,Urban,0,,,Fine,Null
1876965,5826615,4749,,537201,0,0,0,1,0,Null,2009/2010,OTUMOETAI ROAD,NGATAI ROAD,,Non-Injury Crash,No,2009,0,West,0,0,0,Flat,1,,0,,0,Dark,1154802,0,0,0,2,0,0,0,0,0,,0,0,Bay of Plenty Region,Nil,2-way,Sealed,0,0,0,0,50,0,On,0,0,,23,Tauranga City,Give way,0,0,0,0,0,0,Urban,0,0,0,Light rain,Null
1749974,5945782,4750,,506001,0,0,0,1,0,Null,2008/2009,ANVIL ROAD,FOUNDRY ROAD,,Non-Injury Crash,No,2009,0,East,0,0,0,Flat,0,,0,,0,Overcast,175701,0,0,0,2,0,0,0,0,0,,0,0,Auckland Region,Nil,2-way,Sealed,0,0,0,0,50,0,Null,0,0,,76,Auckland,Nil,0,0,0,1,0,0,Urban,0,0,0,Light rain,Null
1809623,5808347,4751,,527131,0,0,0,1,0,South,2008/2009,TAMAHERE DRIVE,PICKERING ROAD,,Non-Injury Crash,No,2009,0,South,1,0,0,Flat,0,,0,,0,Bright sun,960800,0,0,0,2,0,0,0,0,0,,0,0,Waikato Region,Nil,2-way,Sealed,0,0,0,0,100,0,Null,0,0,,13,Waikato District,Unknown,0,0,0,0,0,0,Open,0,0,0,Fine,Null
1753842,5926757,4752,,508610,0,,0,1,,Null,2008/2009,GLENFIELD ROAD,CORONATION ROAD,,Non-Injury Crash,No,2009,,East,,0,,Flat,,,,,,Overcast,205201,0,0,1,2,,,0,,,,,,Auckland Region,Nil,2-way,Sealed,,0,0,,50,,Null,0,0,,76,Auckland,Give way,,,,,0,0,Urban,0,,,Fine,Null
1869865,5720440,4753,,541312,0,,0,1,,Null,2009/2010,SH 5,SH 1N,,Non-Injury Crash,Yes,2009,,East,,0,,Flat,,,,,,Bright sun,1277900,0,0,0,2,,,0,,,,,,Waikato Region,Nil,2-way,Sealed,,0,0,,100,,Null,1,0,30,21,Taupo District,Give way,,,,,0,0,Open,0,,,Fine,Null
1882898,5773800,4754,,539600,0,0,0,1,0,South,2008/2009,WRIGLEY ROAD,HAROLD CRESCENT N,,Non-Injury Crash,No,2009,0,North,0,0,1,Flat,0,,0,,0,Dark,1227800,0,0,0,2,0,0,0,0,0,,0,0,Bay of Plenty Region,Nil,2-way,Sealed,0,0,0,0,50,0,On,0,0,,24,Rotorua District,Unknown,0,0,0,0,0,0,Urban,0,0,0,Fine,Null
1876774,5823429,4755,,537301,0,,0,2,,West,2008/2009,WAIHI ROAD,BELLEVUE ROAD,,Non-Injury Crash,No,2009,,West,,0,,Flat,,,,,,Overcast,1161301,0,0,0,2,,,0,,,,,,Bay of Plenty Region,Nil,2-way,Sealed,,0,0,,50,,Null,0,0,,23,Tauranga City,Unknown,,,,,0,0,Urban,0,,,Fine,Null
1753629,5928075,4756,,508310,0,,0,0,,Null,2009/2010,GLENFIELD ROAD,BENTLEY AVENUE,,Non-Injury Crash,No,2009,,South,,0,,Flat,,Labour Weekend,,,,Dark,200000,0,0,0,2,,,0,,,,,,Auckland Region,Nil,2-way,Sealed,,0,0,,50,,On,0,0,,76,Auckland,Traffic Signals,,,,,0,0,Urban,2,,,Fine,Null
1763535,5912736,4757,,520500,0,,0,0,,South,2008/2009,SH 1N,MT WGTN OFF SBD,,Non-Injury Crash,Yes,2009,,South,,0,,Flat,,,,,,Bright sun,637400,0,0,0,2,,,0,,,,,,Auckland Region,Motorway ramp,1-way,Sealed,,0,0,,100,,Null,0,0,,76,Auckland,Unknown,,,,,1,0,Open,1,,,Fine,Null
1758935,5913204,4758,,519820,0,,0,2,,Null,2008/2009,ONEHUNGA MALL,MOUNT SMART ROAD,,Non-Injury Crash,No,2009,,North,,0,,Flat,,,,,,Twilight,599100,0,0,0,3,,,0,,,,,,Auckland Region,Nil,2-way,Sealed,,0,0,,50,,Off,0,0,,76,Auckland,Traffic Signals,,,,,0,0,Urban,0,,,Fine,Null
1747390,5913700,4759,,511100,0,0,0,4,0,West,2008/2009,WEST COAST ROAD,BOWERS ROAD,,Non-Injury Crash,No,2009,0,East,0,0,1,Flat,0,,0,,1,Dark,286200,0,0,0,4,0,0,0,0,1,,0,0,Auckland Region,Nil,2-way,Sealed,0,0,0,0,50,0,On,0,0,,76,Auckland,Traffic Signals,0,0,0,0,0,0,Urban,0,0,0,Fine,Null
1747369,5911806,4760,,511901,0,,0,2,,South,2008/2009,ATKINSON ROAD,KAURILANDS ROAD,,Non-Injury Crash,No,2009,,North,,0,,Flat,,,,,,Overcast,294600,0,0,0,2,,,0,,,,,,Auckland Region,Nil,2-way,Sealed,,0,0,,50,,Off,0,0,,76,Auckland,Nil,,,,,0,0,Urban,0,,,Fine,Null
1767217,5904432,4761,,524604,0,0,0,2,0,Null,2009/2010,OSTERLEY WAY,AMERSHAM WAY,,Non-Injury Crash,No,2009,0,South,0,0,0,Flat,0,,0,,0,Overcast,780204,0,0,0,2,0,0,0,0,0,,0,0,Auckland Region,Nil,2-way,Sealed,0,0,0,0,50,0,Off,0,0,,76,Auckland,Stop,0,0,0,0,0,0,Urban,0,1,0,Fine,Null
1741209,5976087,4762,55,506660,0,0,0,1,1,North,2009/2010,SH 1N,SAUNDERS ROAD,,Non-Injury Crash,Yes,2009,0,North,0,0,0,Flat,0,,0,,0,Dark,136700,0,0,0,2,0,0,0,0,0,,0,0,Auckland Region,Nil,2-way,Sealed,0,0,0,0,80,0,None,0,0,,76,Auckland,Nil,0,0,0,0,0,0,Open,0,0,0,Heavy rain,Null
1762971,5912902,4763,,520500,0,,0,0,,North,2009/2010,SH 1N,MT WGTN OBR,,Non-Injury Crash,Yes,2009,,North,,0,,Flat,,,,,,Dark,637300,0,0,0,3,,,0,,,,,,Auckland Region,Nil,1-way,Sealed,,0,0,,100,,On,1,0,,76,Auckland,Nil,,,,,0,0,Open,1,,,Fine,Null
1754403,5932238,4764,,508805,0,,0,0,,North,2008/2009,APOLLO DRIVE,ANTARES PLACE,,Non-Injury Crash,No,2009,,North,,0,,Flat,,,,,,Bright sun,180813,0,0,0,2,,,0,,,,,,Auckland Region,Nil,2-way,Sealed,,0,0,,50,,Null,0,0,,76,Auckland,Give way,,,,,2,0,Urban,0,,,Fine,Null
1757827,5918153,4765,,515700,0,,0,2,,South,2008/2009,SH 1N,KHYBER PASS OFF NBD,,Non-Injury Crash,Yes,2009,,North,,0,,Flat,,,,,,Overcast,443600,0,0,0,5,,,0,,,,,,Auckland Region,Nil,1-way,Sealed,,0,0,,80,,Null,0,0,,76,Auckland,Unknown,,,,,0,0,Open,0,,,Light rain,Null
2037416,5707961,4766,,544600,0,,0,1,,Null,2008/2009,CHILDERS ROAD,CUSTOMHOUSE ST,,Non-Injury Crash,No,2009,,South,,0,,Flat,,,,,,Overcast,1371800,0,0,0,2,,,0,,,,,,Gisborne Region,Nil,2-way,Sealed,,0,0,,50,,Null,0,0,,28,Gisborne District,Give way,,,,,0,0,Urban,1,,,Fine,Null
1731202,5908282,4767,,513800,0,,0,2,,West,2008/2009,PIHA ROAD,KAREKARE ROAD,,Non-Injury Crash,No,2009,,East,,0,,Flat,,,,,,Bright sun,282026,0,0,0,2,,,0,,,,,,Auckland Region,Nil,2-way,Sealed,,0,0,,100,,Null,0,0,,76,Auckland,Unknown,,,,,0,0,Open,0,,,Fine,Null
1293843,5043743,4768,,608800,0,,0,2,,Null,2009/2010,ARDMORE ST,LAKESIDE ROAD,,Minor Crash,No,2009,,South,,0,,Hill Road,,,,,,Overcast,3036000,1,0,0,2,,,0,,,,,,Otago Region,Nil,2-way,Sealed,,0,0,,50,,Null,0,0,,70,Queenstown-Lakes District,Give way,,,,,0,0,Urban,0,,,Fine,Null
1769414,5900772,4769,,524902,0,,0,2,,South,2009/2010,FLEMING ST,HYDE ST,,Non-Injury Crash,No,2009,,South,,0,,Flat,,,,,,Bright sun,758300,0,0,0,2,,,0,,,,,,Auckland Region,Nil,2-way,Sealed,,0,0,,50,,Off,0,0,,76,Auckland,Nil,,,,,0,0,Urban,0,,,Fine,Null
1757501,5919352,4770,,514301,0,,0,2,,West,2008/2009,SH 16,WELLESLEY OFF EBD,,Non-Injury Crash,Yes,2009,,East,,0,,Hill Road,,,,,,Bright sun,440800,0,0,0,1,,,0,,,,,,Auckland Region,Nil,1-way,Sealed,,0,0,,80,,Off,0,0,,76,Auckland,Nil,,,,,0,0,Open,0,,,Fine,Null
1773035,5876769,4771,35,521117,0,,0,1,,North,2009/2010,HARRISVILLE ROAD,GERAGHTY MABER ROAD,,Non-Injury Crash,No,2009,,North,,0,,Flat,,,,,,Overcast,828302,0,0,0,2,,,0,,,,,,Waikato Region,Nil,2-way,Sealed,,0,0,,70,,None,0,0,,13,Waikato District,Nil,,,,,0,0,Urban,0,,,Light rain,Null
1743253,5919169,4772,,513213,0,,0,2,,Null,2008/2009,SWANSON ROAD,AFTON PLACE,,Non-Injury Crash,No,2009,,East,,0,,Flat,,,,,,Dark,235904,0,0,0,2,,,0,,,,,,Auckland Region,Nil,2-way,Sealed,,0,0,,50,,None,0,0,,76,Auckland,Give way,,,,,0,0,Urban,0,,,Null,Null
1752630,5918050,4773,,515003,0,,0,2,,East,2008/2009,SH 16,CARRINGTON OBR,,Non-Injury Crash,Yes,2009,,West,,0,,Hill Road,,,,,,Bright sun,390600,0,0,0,3,,,0,,,,,,Auckland Region,Nil,1-way,Sealed,,0,0,,100,,Off,0,0,,76,Auckland,Nil,,,,,0,0,Open,0,,,Fine,Null
1732307,5928572,4774,,506652,0,0,0,0,0,West,2009/2010,TAHA ROAD,MURIWAI ROAD,,Non-Injury Crash,No,2009,0,West,0,0,1,Flat,0,,0,,0,Overcast,218401,0,0,0,2,0,0,0,0,0,,0,0,Auckland Region,Nil,2-way,Sealed,0,0,0,0,100,0,None,1,0,,76,Auckland,Give way,0,0,0,0,0,0,Open,0,0,0,Light rain,Null
1748579,5424122,4775,,576200,0,,0,1,,Null,2009/2010,ADELAIDE ROAD,BRITOMART ST,,Minor Crash,No,2009,,East,,0,,Flat,,,,,,Twilight,2171900,1,0,0,2,,,0,,,1,,,Wellington Region,Nil,2-way,Sealed,,0,0,,50,,On,0,0,,47,Wellington City,Traffic Signals,,,,,0,0,Urban,0,,,Light rain,Null
1756718,5927483,4776,,507900,0,,0,2,,Null,2009/2010,NORTHCOTE ROAD,TAHAROTO ROAD,,Non-Injury Crash,No,2009,,East,,0,,Flat,,,,,,Bright sun,303502,0,0,0,5,,,0,,,,,,Auckland Region,Nil,2-way,Sealed,,0,0,,50,,Off,0,0,,76,Auckland,Give way,,,,,0,0,Urban,0,,,Fine,Null
1763257,5908250,4777,,524402,0,,0,1,,North,2008/2009,SAVILL DRIVE,MASSEY ROAD,,Non-Injury Crash,No,2009,,South,,0,,Flat,,Easter,,,,Dark,749900,0,0,0,3,,,0,,,,,,Auckland Region,Nil,2-way,Sealed,,0,0,,50,,None,1,0,,76,Auckland,Traffic Signals,,,,,0,0,Urban,0,,,Fine,Null
1950984,5790768,4778,,542514,0,,0,2,,North,2009/2010,GORGE ROAD,SEL CAVE CRESCENT,,Non-Injury Crash,No,2009,,East,,0,,Hill Road,,,,,,Bright sun,1306102,0,0,0,3,,,0,,,,,,Bay of Plenty Region,Nil,2-way,Sealed,,0,0,,70,,Null,0,0,,25,Whakatane District,Unknown,,,,,0,0,Urban,0,,,Fine,Null
1762407,5913251,4779,,520500,0,,0,0,,Null,2009/2010,SH 1N,SEART ON NBD,,Non-Injury Crash,Yes,2009,,North,,0,,Flat,,,,,,Bright sun,637200,0,0,0,3,,,0,,,,,,Auckland Region,Motorway ramp,1-way,Sealed,,0,0,,100,,Off,0,0,,76,Auckland,Nil,,,,,2,0,Open,0,,,Fine,Null
1764301,5909592,4780,,521802,0,,0,2,,South,2008/2009,GREAT SOUTH ROAD,HIGH ST,,Non-Injury Crash,No,2009,,North,,0,,Flat,,,,,,Dark,788601,0,0,0,3,,,0,,,,,,Auckland Region,Nil,2-way,Sealed,,0,0,,50,,On,0,0,,76,Auckland,Give way,,,,,0,0,Urban,0,,,Heavy rain,Null
1756320,5933286,4781,,507300,1,,0,2,,West,2009/2010,BEACH ROAD,BOURNEMOUTH TERRACE,,Non-Injury Crash,No,2009,,East,,0,,Hill Road,,,,,,Bright sun,153500,0,0,0,2,,,0,,,,,,Auckland Region,Nil,2-way,Sealed,,0,0,,50,,Off,0,0,,76,Auckland,Nil,,,,,0,0,Urban,0,,,Fine,Null
1769792,5909881,4782,,523113,0,,0,1,,Null,2008/2009,SMALES ROAD,KELLAWAY DRIVE,,Non-Injury Crash,No,2009,,East,,0,,Flat,,,,,,Overcast,711813,0,0,0,2,,,0,,,,,,Auckland Region,Nil,2-way,Sealed,,0,0,,70,,Off,1,0,,76,Auckland,Nil,,,,,0,0,Urban,0,,,Light rain,Null
1718416,6042426,4783,,503800,0,,0,1,,South,2009/2010,SMEATON DRIVE,IKATERE PLACE,,Non-Injury Crash,No,2009,,South,,0,,Hill Road,,,,,,Bright sun,107904,0,0,0,2,,,0,,,,,,Northland Region,Nil,2-way,Sealed,,0,0,,50,,Off,1,0,,2,Whangarei District,Nil,,,,,0,0,Urban,0,,,Fine,Null
1803852,5807406,4784,85,527915,0,0,0,0,0,East,2008/2009,SH 3,NARROWS ROAD,,Non-Injury Crash,Yes,2009,0,West,0,0,0,Flat,0,,0,,0,Overcast,984800,0,0,0,2,0,1,0,0,0,,0,0,Waikato Region,Nil,2-way,Sealed,0,0,0,0,100,0,Null,0,0,,17,Waipa District,Unknown,0,0,0,0,1,0,Open,0,0,0,Heavy rain,Null
1769039,5880066,4785,,525922,0,0,0,2,0,West,2009/2010,NELSON ST,JOHN ST,,Non-Injury Crash,No,2009,0,East,0,0,1,Flat,0,,0,,0,Overcast,824000,0,0,0,2,0,0,0,0,0,,0,0,Auckland Region,Nil,2-way,Sealed,0,0,0,0,50,0,Off,0,0,,76,Auckland,Nil,0,0,0,0,0,0,Urban,0,0,0,Fine,Null
1760870,5433894,4786,,568702,0,0,0,1,0,South,2008/2009,WAINUIOMATA HILL ROAD,RISHWORTH ST,,Non-Injury Crash,No,2009,0,South,0,0,0,Hill Road,1,,0,,0,Overcast,1979001,0,0,0,2,0,0,0,0,0,,0,0,Wellington Region,Nil,2-way,Sealed,0,0,0,0,50,0,Null,0,0,,46,Lower Hutt City,Nil,0,0,0,0,0,0,Urban,0,0,0,Light rain,Null
1754686,5931201,4787,,508520,0,0,0,0,0,South,2008/2009,SYCAMORE DRIVE,SUNSET ROAD,,Non-Injury Crash,No,2009,0,North,0,0,0,Hill Road,0,,0,,0,Overcast,191106,0,0,0,2,0,0,0,0,0,,0,1,Auckland Region,Nil,2-way,Sealed,0,0,0,0,50,0,Null,0,0,,76,Auckland,Unknown,0,0,0,0,0,0,Urban,1,0,0,Light rain,Null
1767672,5907805,4788,,523502,0,0,0,1,0,Null,2009/2010,HILLS ROAD,GRUNDY PLACE,,Non-Injury Crash,No,2009,0,South,0,0,0,Flat,0,,0,,0,Bright sun,704000,0,0,0,2,0,0,0,0,0,,1,1,Auckland Region,Nil,2-way,Sealed,0,0,0,0,50,0,Off,0,0,,76,Auckland,Nil,0,0,0,1,0,0,Urban,0,0,0,Fine,Null
1753733,5914251,4789,,518801,0,0,0,1,0,West,2009/2010,SH 20,SANDRINGHAM ROAD,,Non-Injury Crash,Yes,2009,0,West,0,0,0,Flat,0,,0,,1,Dark,578500,0,0,0,4,0,0,0,0,0,,0,0,Auckland Region,Nil,2-way,Sealed,0,0,0,0,50,0,On,0,0,,76,Auckland,Nil,1,0,0,0,0,0,Urban,0,0,0,Fine,Null
1889679,5774868,4790,,538741,0,0,0,0,1,South,2008/2009,SH 30,POHUTUKAWA DRIVE,,Non-Injury Crash,Yes,2009,0,South,0,0,0,Flat,0,,0,,0,Dark,1253908,0,0,0,2,0,0,0,0,0,,0,1,Bay of Plenty Region,Nil,2-way,Sealed,0,0,0,0,70,0,On,0,0,,24,Rotorua District,Unknown,0,0,0,0,1,0,Urban,0,0,0,Fine,Null
1753123,5934293,4791,,508704,0,,0,2,,South,2009/2010,SH 1N,OTEHA VALLEY ON SBD,,Non-Injury Crash,Yes,2009,,South,,0,,Hill Road,,,,,,Bright sun,179119,0,0,0,4,,,0,,,,,,Auckland Region,Nil,2-way,Sealed,,0,0,,100,,Null,0,0,,76,Auckland,Unknown,,,,,0,0,Open,0,,,Fine,Null
1752266,5915893,4792,,517902,0,,0,2,,South,2008/2009,NEW NORTH ROAD,RICHARDSON ROAD,,Non-Injury Crash,No,2009,,North,,0,,Flat,,,,,,Bright sun,520900,0,0,0,4,,,0,,,,,,Auckland Region,Nil,2-way,Sealed,,0,0,,50,,Off,0,0,,76,Auckland,Nil,,,,,0,0,Urban,0,,,Fine,Null
1742282,5917943,4793,,513214,0,0,0,1,0,West,2008/2009,SIMPSON ROAD,GERDA PLACE,,Non-Injury Crash,No,2009,0,East,0,0,0,Hill Road,0,,0,,0,Twilight,238704,0,0,0,2,0,0,0,0,1,,0,0,Auckland Region,Nil,2-way,Sealed,0,0,0,0,50,0,None,0,0,,76,Auckland,Nil,0,0,0,0,0,0,Urban,1,0,0,Fine,Null
1903395,5809633,4794,,536653,0,0,0,1,0,West,2009/2010,SH 2,KAIKOKOPU ROAD,,Non-Injury Crash,Yes,2009,0,East,1,0,0,Flat,0,,0,,0,Overcast,1211300,0,0,0,2,0,0,0,0,0,,0,0,Bay of Plenty Region,Nil,2-way,Sealed,0,0,0,0,100,0,Null,0,0,,22,Western Bay of Plenty District,Unknown,0,0,0,0,0,0,Open,0,0,0,Fine,Null
1403789,4916818,4795,,603930,0,0,0,0,0,Null,2009/2010,KAIKORAI VALLEY ROAD,STONE ST,,Serious Crash,No,2009,0,North,0,0,0,Flat,0,,0,,1,Overcast,2881800,0,1,0,2,0,0,0,0,0,,0,0,Otago Region,Nil,2-way,Sealed,0,0,1,0,50,0,Null,0,0,,71,Dunedin City,Give way,0,0,0,0,0,0,Urban,0,0,0,Fine,Null
1761470,5907516,4796,,524510,0,,0,2,,Null,2009/2010,BUCKLAND ROAD,WICKMAN WAY,,Non-Injury Crash,No,2009,,East,,0,,Hill Road,,,,,,Dark,736702,0,0,0,2,,,0,,,,,,Auckland Region,Nil,1-way,Sealed,,0,0,,50,,On,0,0,,76,Auckland,Stop,,,,,0,0,Urban,0,,,Fine,Null
1755354,5918258,4797,,515500,0,,0,2,,East,2009/2010,SH 16,ST LUKES ROAD,,Non-Injury Crash,Yes,2009,,North,,0,,Flat,,,,,,Bright sun,418800,0,0,0,4,,,0,,,,,,Auckland Region,Nil,1-way,Sealed,,0,0,,100,,Off,1,0,,76,Auckland,Nil,,,,,0,0,Open,0,,,Fine,Null
1761494,5908101,4798,,524510,0,,0,2,,Null,2008/2009,GARUS AVENUE,ARCHBOYD AVENUE,,Non-Injury Crash,No,2009,,North,,0,,Flat,,Queens Birthday,,,,Overcast,734006,0,0,0,2,,,0,,,,,,Auckland Region,Nil,2-way,Sealed,,0,0,,50,,On,0,0,,76,Auckland,Nil,,,,,0,0,Urban,0,,,Light rain,Null
1798780,5820445,4799,,529401,0,,0,2,,Null,2009/2010,RIVER ROAD,WAIRERE DRIVE,,Non-Injury Crash,No,2009,,East,,0,,Flat,,,,,,Dark,952107,0,0,0,2,,,0,,,,,,Waikato Region,Nil,2-way,Sealed,,0,0,,50,,On,0,0,,16,Hamilton City,Give way,,,,,0,0,Urban,0,,,Light rain,Null
1756328,5913165,4800,,518701,0,0,0,3,0,East,2008/2009,CARR ROAD,HAYR ROAD,,Non-Injury Crash,No,2009,0,East,0,0,0,Flat,0,,0,,0,Overcast,569000,0,0,0,2,0,0,0,0,0,,0,0,Auckland Region,Nil,2-way,Sealed,0,0,0,0,50,0,Null,0,0,,76,Auckland,Unknown,0,0,0,0,0,0,Urban,0,0,0,Heavy rain,Null
1773441,5445373,4801,,567400,0,,0,2,,West,2008/2009,GIBBONS ST,MAIN ST,,Non-Injury Crash,No,2009,,South,,0,,Flat,,,,,,Overcast,1886500,0,0,0,2,,,0,,,,,,Wellington Region,Nil,2-way,Sealed,,0,0,,50,,Null,0,0,,45,Upper Hutt City,Nil,,,,,0,0,Urban,0,,,Fine,Null