X,Y,OBJECTID,advisorySpeed,areaUnitID,bicycle,bridge,bus,carStationWagon,cliffBank,crashDirectionDescription,crashFinancialYear,crashLocation1,crashLocation2,crashRoadSideRoad,crashSeverity,crashSHDescription,crashYear,debris,directionRoleDescription,ditch,fatalCount,fence,flatHill,guardRail,holiday,houseOrBuilding,intersection,kerb,light,meshblockId,minorInjuryCount,moped,motorcycle,NumberOfLanes,objectThrownOrDropped,otherObject,otherVehicleType,overBank,parkedVehicle,pedestrian,phoneBoxEtc,postOrPole,region,roadCharacter,roadLane,roadSurface,roadworks,schoolBus,seriousInjuryCount,slipOrFlood,speedLimit,strayAnimal,streetLight,suv,taxi,temporarySpeedLimit,tlaId,tlaName,trafficControl,trafficIsland,trafficSign,train,tree,truck,unknownVehicleType,urban,vanOrUtility,vehicle,waterRiver,weatherA,weatherB
1759132,5916826,4802,,516001,0,,0,2,,North,2009/2010,SH 1N,MARKET OBR,,Non-Injury Crash,Yes,2009,,North,,0,,Flat,,,,,,Bright sun,491200,0,0,0,2,,,0,,,,,,Auckland Region,Nil,1-way,Sealed,,0,0,,100,,Off,0,0,,76,Auckland,Nil,,,,,0,0,Open,0,,,Fine,Null
1869220,5710232,4803,,541760,0,0,0,2,0,West,2008/2009,ST JAMES ST,WEMBLEY PLACE,,Non-Injury Crash,No,2009,0,West,0,0,0,Hill Road,0,,0,,0,Overcast,1267008,0,0,0,2,0,0,0,0,1,,0,0,Waikato Region,Nil,2-way,Sealed,0,0,0,0,50,0,Off,0,0,,21,Taupo District,Nil,0,0,0,0,0,0,Urban,0,0,0,Fine,Null
1771084,5911971,4804,,523106,0,,0,1,,South,2009/2010,KILIMANJARO DRIVE,TARNICA ROAD,,Non-Injury Crash,No,2009,,South,,0,,Hill Road,,,,,,Bright sun,711131,0,0,0,2,,,0,,,,,,Auckland Region,Nil,2-way,Sealed,,0,0,,50,,Off,1,0,,76,Auckland,Nil,,,,,0,0,Urban,0,,,Fine,Null
1885162,5773386,4805,,540420,0,,0,2,,Null,2009/2010,FENTON ST,VICTORIA ST,,Non-Injury Crash,No,2009,,North,,0,,Flat,,,,,,Overcast,1237200,0,0,0,4,,,0,,,,,,Bay of Plenty Region,Nil,2-way,Sealed,,0,0,,60,,Null,0,0,,24,Rotorua District,Give way,,,,,0,0,Urban,0,,,Fine,Null
1622555,5430067,4806,,582402,0,0,0,0,0,Null,2008/2009,EMANO ST,TOI TOI ST,,Non-Injury Crash,No,2009,0,West,0,0,1,Flat,0,,0,,0,Dark,2327700,0,0,0,2,0,0,0,0,0,,0,0,Nelson Region,Nil,2-way,Sealed,0,0,0,0,50,0,On,0,0,,52,Nelson City,Stop,0,1,0,0,0,0,Urban,1,0,0,Fine,Null
1799897,5815609,4807,,528900,0,,0,2,,West,2009/2010,NORTON ROAD,SEDDON ROAD,,Non-Injury Crash,No,2009,,East,,0,,Flat,,,,,,Bright sun,913200,0,0,0,4,,,0,,,,,,Waikato Region,Nil,2-way,Sealed,,0,0,,50,,Off,0,0,,16,Hamilton City,Nil,,,,,0,0,Urban,0,,,Fine,Null
1758714,5926131,4808,,508020,0,,0,2,,Null,2009/2010,LAKE ROAD,JUTLAND ROAD,,Non-Injury Crash,No,2009,,East,,0,,Hill Road,,,,,,Dark,321200,0,0,0,2,,,0,,,,,,Auckland Region,Nil,2-way,Sealed,,0,0,,50,,On,0,0,,76,Auckland,Traffic Signals,,,,,0,0,Urban,0,,,Fine,Null
1759269,5916680,4809,,516001,0,,0,2,,South,2008/2009,SH 1N,MARKET OBR,,Non-Injury Crash,Yes,2009,,South,,0,,Flat,,,,,,Bright sun,491700,0,0,0,3,,,0,,,,,,Auckland Region,Nil,1-way,Sealed,,0,0,,100,,Null,0,0,,76,Auckland,Unknown,,,,,0,0,Open,0,,,Fine,Null
1759200,5916766,4810,,516001,0,,0,2,,North,2009/2010,SH 1N,MARKET OBR,,Non-Injury Crash,Yes,2009,,South,,0,,Flat,,,,,,Overcast,491200,0,0,0,3,,,0,,,,,,Auckland Region,Nil,1-way,Sealed,,0,0,,70,,Off,0,0,,76,Auckland,Nil,,,,,0,0,Urban,0,,,Fine,Null
1884736,5773673,4811,,540420,0,,0,0,,Null,2009/2010,SH 30A,AMOHIA ST,,Non-Injury Crash,Yes,2009,,West,,0,,Flat,,,,,,Overcast,1236500,0,0,0,2,,,0,,,,,,Bay of Plenty Region,Nil,2-way,Sealed,,0,0,,50,,Null,1,0,,24,Rotorua District,Traffic Signals,,,,,0,0,Urban,1,,,Fine,Null
1745101,5920158,4812,,513301,0,,0,2,,West,2008/2009,DAYTONA ROAD,PRESTON AVENUE,,Non-Injury Crash,No,2009,,West,,0,,Hill Road,,,,,,Bright sun,231800,0,0,0,2,,,0,,,,,,Auckland Region,Nil,2-way,Sealed,,0,0,,50,,Null,0,0,,76,Auckland,Nil,,,,,0,0,Urban,0,,,Fine,Null
1757100,5928599,4813,,507800,0,,0,3,,East,2008/2009,SHAKESPEARE ROAD,WOODBRIDGE LANE,,Non-Injury Crash,No,2009,,West,,0,,Flat,,,,,,Overcast,307400,0,0,0,3,,,0,,,,,,Auckland Region,Nil,2-way,Sealed,,0,0,,50,,Off,0,0,,76,Auckland,Nil,,,,,0,0,Urban,0,,,Light rain,Null
1750478,5949435,4814,,505805,0,,0,1,,North,2009/2010,GROVENOR DRIVE,LAKESIDE DRIVE,,Non-Injury Crash,No,2009,,North,,0,,Hill Road,,Christmas New Year,,,,Bright sun,171910,0,0,0,2,,,0,,,,,,Auckland Region,Nil,2-way,Sealed,,0,0,,50,,Null,1,0,,76,Auckland,Nil,,,,,0,0,Urban,0,,,Fine,Null
1769713,5910639,4815,,523113,0,,0,2,,Null,2009/2010,GUYS ROAD,LURGAN DRIVE,,Non-Injury Crash,No,2009,,East,,0,,Flat,,,,,,Bright sun,711705,0,0,0,2,,,0,,,,,,Auckland Region,Nil,2-way,Sealed,,0,0,,50,,Off,0,0,,76,Auckland,Give way,,,,,0,0,Urban,0,,,Fine,Null
1768984,5900766,4816,,525002,0,,0,1,,South,2008/2009,GREAT SOUTH ROAD,ALFRISTON ROAD,,Non-Injury Crash,No,2009,,South,,0,,Flat,,,,,,Dark,752802,0,0,0,4,,,0,,,,,,Auckland Region,Nil,2-way,Sealed,,0,0,,50,,On,0,0,,76,Auckland,Unknown,,,,,0,0,Urban,1,,,Light rain,Null
1845650,5918128,4817,,533200,0,0,0,1,0,South,2008/2009,PURANGI ROAD,PURANGI LANDING ROAD,,Non-Injury Crash,No,2009,0,South,0,0,0,Flat,0,,0,,0,Overcast,1047806,0,0,0,2,0,0,0,0,0,,0,0,Waikato Region,Nil,2-way,Sealed,0,0,0,0,100,0,Null,0,0,,11,Thames-Coromandel District,Unknown,0,0,0,1,0,0,Open,0,0,0,Heavy rain,Null
1817542,5802480,4818,,527503,0,1,0,1,0,Null,2008/2009,VICTORIA ST,VICTORIA BR,,Non-Injury Crash,No,2009,0,South,0,0,0,Flat,0,,0,,0,Dark,965400,0,0,0,2,0,0,0,0,0,,0,0,Waikato Region,Bridge,2-way,Sealed,0,0,0,0,50,0,On,0,0,,17,Waipa District,Unknown,0,0,0,0,0,0,Urban,0,0,0,Fine,Null
1767212,5897967,4819,,525102,0,,0,1,,Null,2008/2009,BELFRY PLACE,TURNBERRY DRIVE,,Non-Injury Crash,No,2009,,North,,0,,Flat,,,,,,Overcast,769037,0,0,1,2,,,0,,,,,,Auckland Region,Nil,2-way,Sealed,,0,0,,50,,Null,0,0,,76,Auckland,Give way,,,,,0,0,Urban,0,,,Fine,Null
1766915,5907868,4820,,523501,0,0,0,1,0,East,2009/2010,HAYMAN ST,BAIRDS ROAD,,Non-Injury Crash,No,2009,0,North,0,0,0,Flat,0,,0,,0,Overcast,700602,0,0,0,2,0,0,0,0,0,,0,0,Auckland Region,Nil,2-way,Sealed,0,0,0,0,50,0,None,1,0,,76,Auckland,Nil,0,0,0,0,0,0,Urban,0,1,0,Light rain,Null
1754499,5918271,4821,,517600,0,0,0,2,0,West,2009/2010,LEVONIA ST,MOUNTAIN VIEW ROAD,,Non-Injury Crash,No,2009,0,West,0,0,0,Hill Road,0,,0,,0,Overcast,533000,0,0,0,2,0,0,0,0,0,,0,0,Auckland Region,Nil,2-way,Sealed,0,0,0,0,50,0,Null,0,0,,76,Auckland,Stop,0,0,0,0,0,0,Urban,0,1,0,Fine,Null
1802230,5814462,4822,,530200,0,,0,2,,Null,2008/2009,FIRTH ST,WELLINGTON ST,,Non-Injury Crash,No,2009,,South,,0,,Flat,,,,,,Bright sun,891900,0,0,0,2,,,0,,,,,,Waikato Region,Nil,2-way,Sealed,,0,0,,50,,Null,0,0,,16,Hamilton City,Give way,,,,,0,0,Urban,0,,,Fine,Null
1768156,5907851,4823,,523502,0,,0,2,,Null,2009/2010,EAST TAMAKI ROAD,PRESTON ROAD,,Non-Injury Crash,No,2009,,West,,0,,Flat,,,,,,Unknown,703800,0,0,0,2,,,0,,,,,,Auckland Region,Nil,2-way,Sealed,,0,0,,50,,On,0,0,,76,Auckland,Traffic Signals,,,,,0,0,Urban,0,,,Fine,Null
1884121,5773175,4824,,540420,0,,0,1,,East,2009/2010,MALFROY ROAD,JAMES ST,,Non-Injury Crash,No,2009,,West,,0,,Flat,,,,,,Bright sun,1235700,0,0,0,2,,,0,,,,,,Bay of Plenty Region,Nil,2-way,Sealed,,0,0,,50,,Null,0,0,,24,Rotorua District,Unknown,,,,,0,0,Urban,1,,,Fine,Null
1756386,5446080,4825,,571502,0,0,0,1,0,West,2008/2009,WHITFORD BROWN AVENUE,ROUTEBURN AVENUE,,Non-Injury Crash,No,2009,0,East,0,0,1,Hill Road,0,,0,,0,Overcast,2056610,0,0,0,2,0,0,0,0,0,,0,0,Wellington Region,Nil,2-way,Sealed,0,0,0,0,70,0,Null,0,0,,44,Porirua City,Nil,0,0,0,0,0,0,Urban,0,0,0,Light rain,Null
1771831,5575870,4826,,556000,0,0,0,1,0,West,2008/2009,Z RESERVE,GILBERD/HEADS,,Non-Injury Crash,No,2009,0,East,0,0,0,Flat,0,,0,,0,Bright sun,1716500,0,0,0,0,0,0,0,1,0,,0,1,Manawatū-Whanganui Region,Nil,Off road,Sealed,0,0,0,0,50,0,Null,0,0,,37,Whanganui District,Nil,0,0,0,0,0,0,Urban,0,0,1,Fine,Null
1766285,5904599,4827,,524603,0,,0,2,,North,2009/2010,NORMAN SPENCER DRIVE,CAVENDISH DRIVE,,Non-Injury Crash,No,2009,,South,,0,,Flat,,,,,,Overcast,780202,0,0,0,2,,,0,,,,,,Auckland Region,Nil,2-way,Sealed,,0,0,,50,,Null,0,0,,76,Auckland,Give way,,,,,0,0,Urban,0,,,Light rain,Null
1569219,5182552,4828,,592100,0,,0,2,,South,2009/2010,PAPANUI ROAD,INNES ROAD,,Minor Crash,No,2009,,South,,0,,Flat,,,,,,Bright sun,2673400,1,0,0,5,,,0,,,,,,Canterbury Region,Nil,2-way,Sealed,,0,0,,50,,Null,1,0,,60,Christchurch City,Unknown,,,,,0,0,Urban,0,,,Fine,Null
1756908,5919155,4829,,514200,0,,0,2,,Null,2009/2010,IAN MCKINNON DRIVE,UPPER QUEEN ST,,Non-Injury Crash,No,2009,,West,,0,,Flat,,,,,,Overcast,412900,0,0,0,2,,,0,,,,,,Auckland Region,Nil,2-way,Sealed,,0,0,,50,,Off,0,1,,76,Auckland,Traffic Signals,,,,,0,0,Urban,0,,,Fine,Null
1768206,5907734,4830,,523711,0,,0,2,,East,2008/2009,ORMISTON ROAD,PRESTON ROAD,,Non-Injury Crash,No,2009,,East,,0,,Flat,,,,,,Dark,713600,0,0,0,2,,,0,,,,,,Auckland Region,Nil,2-way,Sealed,,0,0,,70,,On,0,0,,76,Auckland,Unknown,,,,,0,0,Urban,0,,,Fine,Null
1755895,5928256,4831,,507900,0,,0,2,,North,2008/2009,SH 1N,NORTHCOTE OFF SBD,,Non-Injury Crash,Yes,2009,,South,,0,,Flat,,,,,,Overcast,307000,0,0,0,3,,,0,,,,,,Auckland Region,Nil,1-way,Sealed,,0,0,,100,,Null,0,0,,76,Auckland,Unknown,,,,,0,0,Open,0,,,Light rain,Null
1800064,5816114,4832,,529700,0,,0,2,,Null,2009/2010,MILL ST,WILLOUGHBY ST,,Non-Injury Crash,No,2009,,South,,0,,Flat,,,,,,Bright sun,909500,0,0,0,2,,,0,,,,,,Waikato Region,Nil,2-way,Sealed,,0,0,,50,,Null,0,0,,16,Hamilton City,Traffic Signals,,,,,0,0,Urban,0,,,Fine,Null
1838285,5913391,4833,,533200,0,0,0,1,0,South,2008/2009,SH 25,MILL CREEK ROAD,,Non-Injury Crash,Yes,2009,0,North,0,0,1,Hill Road,0,,0,,0,Overcast,1046204,0,0,0,2,0,0,0,0,0,,0,0,Waikato Region,Nil,2-way,Sealed,0,0,0,0,100,0,Null,0,0,,11,Thames-Coromandel District,Unknown,0,0,0,0,0,0,Open,0,0,0,Heavy rain,Null
1764314,5909533,4834,,521901,0,0,0,2,0,South,2009/2010,GREAT SOUTH ROAD,ATKINSON AVENUE,,Non-Injury Crash,No,2009,0,South,0,0,0,Flat,0,,0,,0,Overcast,784600,0,0,0,2,0,0,0,0,1,,0,0,Auckland Region,Nil,2-way,Sealed,0,0,0,0,50,0,Null,0,0,,76,Auckland,Unknown,0,0,0,0,0,0,Urban,0,0,0,Fine,Null
1745439,5917253,4835,,510800,0,,0,2,,Null,2008/2009,RATANUI ST,GREAT NORTH ROAD,,Non-Injury Crash,No,2009,,West,,0,,Flat,,,,,,Bright sun,242700,0,0,0,3,,,0,,,,,,Auckland Region,Nil,2-way,Sealed,,0,0,,50,,Off,0,1,,76,Auckland,Traffic Signals,,,,,0,0,Urban,0,,,Fine,Null
1756003,5912994,4836,,518701,0,,0,1,,West,2009/2010,STAMFORD PARK ROAD,MELROSE ROAD N,,Non-Injury Crash,No,2009,,South,,0,,Flat,,,,,,Bright sun,573800,0,0,0,1,,,0,,,,,,Auckland Region,Nil,2-way,Sealed,,0,0,,50,,Off,0,0,,76,Auckland,Nil,,,,,0,0,Urban,1,,,Fine,Null
1729696,5940647,4837,,506800,0,,0,1,,North,2008/2009,SH 16,STEWART ST,,Non-Injury Crash,Yes,2009,,North,,0,,Flat,,,,,,Bright sun,208201,0,0,1,2,,,0,,,,,,Auckland Region,Nil,2-way,Sealed,,0,0,,50,,Null,0,0,,76,Auckland,Unknown,,,,,0,0,Urban,0,,,Fine,Null
1760674,5913681,4838,,519900,0,0,0,2,0,West,2009/2010,WALLATH ROAD,ROCKFIELD ROAD,,Non-Injury Crash,No,2009,0,East,0,0,0,Flat,0,,0,,0,Bright sun,604400,0,0,0,2,0,0,0,0,1,,0,0,Auckland Region,Nil,2-way,Sealed,0,0,0,0,50,0,Off,0,0,,76,Auckland,Nil,0,0,0,0,0,0,Urban,0,0,0,Fine,Null
1769931,5909847,4839,,523113,0,,0,2,,Null,2008/2009,SMALES ROAD,TE IRIRANGI DRIVE,,Non-Injury Crash,No,2009,,East,,0,,Flat,,,,,,Bright sun,711813,0,0,0,2,,,0,,,,,,Auckland Region,Nil,1-way,Sealed,,0,0,,30,,Off,0,0,,76,Auckland,Traffic Signals,,,,,0,0,Urban,0,,,Fine,Null
1761811,5912993,4840,,519500,0,,0,2,,South,2008/2009,ORORKE ROAD,ROCKRIDGE AVENUE,,Non-Injury Crash,No,2009,,North,,0,,Flat,,,,,,Bright sun,621600,0,0,0,2,,,0,,,,,,Auckland Region,Nil,2-way,Sealed,,0,0,,50,,Off,0,0,,76,Auckland,Nil,,,,,0,0,Urban,0,,,Null,Null
1959768,5757580,4841,,542562,0,1,0,1,0,Null,2009/2010,MATAHI VALLEY ROAD,UREROA STM BR,,Non-Injury Crash,No,2009,0,North,0,0,0,Flat,0,,0,,0,Dark,1303302,0,0,0,1,0,0,0,0,0,,0,0,Bay of Plenty Region,Bridge,2-way,Sealed,0,0,0,0,100,0,None,0,0,,25,Whakatane District,Unknown,0,0,0,0,0,0,Open,0,0,1,Fine,Null
1751931,5912516,4842,,514700,0,,0,2,,Null,2009/2010,EXMINSTER ST,RATHLIN ST,,Non-Injury Crash,No,2009,,East,,0,,Hill Road,,,,,,Overcast,368800,0,0,0,2,,,0,,,,,,Auckland Region,Nil,2-way,Sealed,,0,0,,50,,Off,0,0,,76,Auckland,Stop,,,,,0,0,Urban,0,,,Fine,Null
1758494,5455416,4843,,571800,0,,0,2,,North,2008/2009,SH 1N,TEIHANA ROAD,,Non-Injury Crash,Yes,2009,,North,,0,,Flat,,,,,,Dark,2065600,0,0,0,2,,,0,,,,,,Wellington Region,Nil,2-way,Sealed,,0,0,,50,,On,0,0,,44,Porirua City,Nil,,,,,0,0,Urban,0,,,Fine,Null
1759191,5913130,4844,,519720,0,0,0,3,0,East,2009/2010,MOUNT SMART ROAD,CAMERON ST,,Non-Injury Crash,No,2009,0,West,0,0,0,Flat,0,,0,,0,Overcast,596000,0,0,0,2,0,0,0,0,2,,0,0,Auckland Region,Nil,2-way,Sealed,0,0,0,0,50,0,Off,0,0,,76,Auckland,Nil,0,0,0,0,0,0,Urban,0,0,0,Fine,Null
1757837,5912127,4845,80,519810,0,0,0,1,0,Null,2009/2010,SH 20,QUEENSTOWN OFF NBD,,Non-Injury Crash,Yes,2009,0,North,0,0,0,Flat,1,,0,,0,Bright sun,602501,0,0,0,2,0,0,0,0,0,,0,0,Auckland Region,Nil,1-way,Sealed,0,0,0,0,100,0,Null,0,0,,76,Auckland,Nil,0,0,0,0,2,0,Open,0,0,0,Fine,Null
1646526,6127684,4846,,500203,0,0,0,0,0,Null,2008/2009,SH 10,COOPERS DRIVE,,Non-Injury Crash,Yes,2009,0,North,0,0,1,Hill Road,0,,0,,0,Bright sun,4205,0,0,0,2,0,0,0,0,0,,0,0,Northland Region,Nil,2-way,Sealed,0,0,0,0,60,0,Off,1,0,,1,Far North District,Stop,1,0,0,0,0,0,Urban,0,0,0,Fine,Null
1785453,5762734,4847,,531720,0,,0,1,,East,2009/2010,SH 37,FULLERTON ROAD,,Non-Injury Crash,Yes,2009,,West,,0,,Flat,,,,,,Overcast,1019902,0,0,0,2,,,0,,,,,,Waikato Region,Nil,2-way,Sealed,,0,0,,100,,Null,0,0,,20,Waitomo District,Unknown,,,,,0,0,Open,1,,,Heavy rain,Null
1755007,5930282,4848,,508420,0,,0,3,,North,2008/2009,SH 1N,TRISTRAM ON NBD,,Non-Injury Crash,Yes,2009,,North,,0,,Flat,,,,,,Dark,182100,0,0,0,3,,,0,,,,,,Auckland Region,Nil,1-way,Sealed,,0,0,,100,,On,0,0,,76,Auckland,Nil,,,,,0,0,Open,1,,,Light rain,Null
1887013,5735049,4849,,541335,0,0,0,0,0,South,2009/2010,SH 5,MIHI BR,,Non-Injury Crash,Yes,2009,0,North,0,0,0,Flat,0,,0,,0,Dark,1277201,0,0,0,2,0,0,0,1,0,,0,0,Waikato Region,Nil,2-way,Sealed,0,0,0,0,100,0,None,0,0,,21,Taupo District,Unknown,0,0,0,0,0,0,Open,1,0,0,Mist or Fog,Null
1664001,6120452,4850,,500402,0,0,0,0,0,East,2008/2009,SH 10,TOTARA NORTH ROAD,,Non-Injury Crash,Yes,2009,0,North,1,0,0,Hill Road,0,,0,,0,Overcast,17700,0,0,0,2,0,0,0,0,0,,0,0,Northland Region,Nil,2-way,Sealed,0,0,0,0,100,0,None,0,0,,1,Far North District,Nil,0,0,0,0,1,0,Open,0,0,0,Heavy rain,Null
1756171,5917852,4851,,518101,0,,0,2,,Null,2008/2009,DOMINION ROAD,GEORGE ST,,Non-Injury Crash,No,2009,,North,,0,,Flat,,,,,,Dark,544800,0,0,0,5,,,0,,,,,,Auckland Region,Nil,2-way,Sealed,,0,0,,50,,On,0,0,,76,Auckland,Traffic Signals,,,,,0,0,Urban,0,,,Fine,Null
1686706,6101814,4852,,500900,0,,0,2,,Null,2009/2010,KERIKERI ROAD,HAWKINGS CRESCENT,,Non-Injury Crash,No,2009,,South,,0,,Flat,,,,,,Bright sun,53200,0,0,0,2,,,0,,,,,,Northland Region,Nil,2-way,Sealed,,0,0,,50,,Null,0,0,,1,Far North District,Give way,,,,,0,0,Urban,0,,,Fine,Null
1396662,5218771,4853,,585321,0,0,0,1,0,West,2008/2009,SH 6,POERUA RIV BR,,Minor Crash,Yes,2009,0,West,1,0,0,Hill Road,0,,0,,0,Dark,2417502,1,0,0,2,0,0,0,0,0,,0,0,West Coast Region,Nil,2-way,Sealed,0,0,0,0,100,0,None,0,0,,57,Westland District,Unknown,0,0,0,0,0,0,Open,0,0,0,Light rain,Null
1744490,5918157,4854,,510700,0,,0,3,,East,2008/2009,SWANSON ROAD,RATHGAR ROAD,,Non-Injury Crash,No,2009,,West,,0,,Flat,,,,,,Bright sun,239200,0,0,0,2,,,0,,,,,,Auckland Region,Nil,2-way,Sealed,,0,0,,50,,Off,0,0,,76,Auckland,Nil,,,,,0,0,Urban,0,,,Fine,Null
1719419,6046866,4855,,502800,0,,0,2,,North,2008/2009,LUPTON AVENUE,MANSE ST,,Non-Injury Crash,No,2009,,North,,0,,Flat,,,,,,Overcast,95900,0,0,0,2,,,0,,,,,,Northland Region,Nil,2-way,Sealed,,0,0,,50,,Off,0,0,,2,Whangarei District,Stop,,,,,0,0,Urban,0,,,Light rain,Null
1755356,5931841,4856,,508520,0,,0,2,,Null,2008/2009,EAST COAST ROAD,SUNSET ROAD,,Non-Injury Crash,No,2009,,North,,0,,Flat,,,,,,Bright sun,151603,0,0,0,4,,,0,,,,,,Auckland Region,Nil,2-way,Sealed,,0,0,,50,,Null,0,0,,76,Auckland,Give way,,,,,0,0,Urban,0,,,Fine,Null
1569211,5182564,4857,,592100,0,,0,5,,Null,2008/2009,HEATON ST,PAPANUI ROAD,,Minor Crash,No,2009,,West,,0,,Flat,,,,,,Bright sun,2673100,2,0,0,2,,,0,,,,,,Canterbury Region,Nil,2-way,Sealed,,0,0,,50,,Null,1,0,,60,Christchurch City,Traffic Signals,,,,,0,0,Urban,0,,,Fine,Null
1765553,5906989,4858,,522301,0,,0,2,,Null,2008/2009,GREAT SOUTH ROAD,EAST TAMAKI ROAD,,Non-Injury Crash,No,2009,,South,,0,,Flat,,,,,,Bright sun,666200,0,0,0,4,,,0,,,,,,Auckland Region,Nil,2-way,Sealed,,0,0,,50,,Null,0,0,,76,Auckland,Nil,,,,,0,0,Urban,0,,,Fine,Null
1763177,5912836,4859,,520500,0,,0,2,,North,2008/2009,SH 1N,MT WGTN ON NBD,,Non-Injury Crash,Yes,2009,,North,,0,,Flat,,,,,,Bright sun,637300,0,0,0,3,,,0,,,,,,Auckland Region,Nil,2-way,Sealed,,0,0,,100,,Off,0,0,,76,Auckland,Nil,,,,,0,0,Open,1,,,Fine,Null
1757636,5944165,4860,,505902,0,,0,2,,South,2008/2009,WHANGAPARAOA ROAD,TIRI ROAD,,Non-Injury Crash,No,2009,,South,,0,,Flat,,,,,,Dark,174512,0,0,0,2,,,0,,,,,,Auckland Region,Nil,2-way,Sealed,,0,0,,50,,On,0,0,,76,Auckland,Unknown,,,,,0,0,Urban,0,,,Light rain,Null
1730818,5983509,4861,,506660,0,,0,2,,Null,2008/2009,PORT ALBERT ROAD,WELLSFORD VALLEY ROAD,,Non-Injury Crash,No,2009,,West,,0,,Hill Road,,,,,,Bright sun,144400,0,0,0,2,,,0,,,,,,Auckland Region,Nil,2-way,Sealed,,0,0,,100,,Null,0,0,,76,Auckland,Stop,,,,,0,0,Open,0,,,Fine,Null
1760986,5915028,4862,,520202,0,0,0,1,0,South,2008/2009,KALMIA ST,MAIN HIGHWAY,,Non-Injury Crash,No,2009,0,South,0,0,0,Flat,0,,0,,0,Bright sun,611700,0,0,1,2,0,0,0,0,1,,0,0,Auckland Region,Nil,2-way,Sealed,0,0,0,0,50,0,Null,0,0,,76,Auckland,Unknown,0,0,0,0,0,0,Urban,0,0,0,Fine,Null
1772015,5874274,4863,,526200,0,0,0,1,0,West,2008/2009,ELIZABETH ST,BOOTH CRESCENT,,Non-Injury Crash,No,2009,0,East,0,0,0,Flat,0,,0,,0,Bright sun,839300,0,0,0,2,0,0,0,0,0,,0,0,Waikato Region,Nil,2-way,Sealed,0,0,0,0,50,0,Null,0,0,,13,Waikato District,Unknown,0,0,0,0,0,0,Urban,0,0,0,Fine,Null
1802547,5811757,4864,,527810,0,0,0,4,0,West,2009/2010,DIXON ROAD,WATERFORD ROAD,,Non-Injury Crash,No,2009,0,North,0,0,0,Hill Road,0,,0,,0,Dark,984502,0,0,0,2,0,0,0,0,2,,0,0,Waikato Region,Nil,2-way,Sealed,0,0,0,0,50,0,On,0,0,,16,Hamilton City,Nil,0,0,0,0,0,0,Urban,0,0,0,Light rain,Null
1756946,5882755,4865,,521152,0,0,0,1,0,West,2009/2010,GLENBROOK ROAD,GEARON ROAD,,Minor Crash,No,2009,0,East,0,0,1,Flat,0,,0,,0,Overcast,834502,1,0,0,2,0,0,0,0,0,,0,0,Auckland Region,Nil,2-way,Sealed,0,0,0,0,100,0,None,0,0,,76,Auckland,Nil,0,0,0,0,0,0,Open,0,0,0,Fine,Null
1756846,5927350,4866,,507900,0,,0,1,,North,2008/2009,TAHAROTO ROAD,RANGITIRA AVENUE,,Non-Injury Crash,No,2009,,North,,0,,Flat,,,,,,Bright sun,304500,0,0,1,5,,,0,,,,,,Auckland Region,Nil,2-way,Sealed,,0,0,,50,,Null,0,0,,76,Auckland,Nil,,,,,0,0,Urban,0,,,Fine,Null
1744324,5915709,4867,,513013,0,,0,2,,Null,2008/2009,HENDERSON VALLEY ROAD,FOREST HILL ROAD,,Non-Injury Crash,No,2009,,West,,0,,Flat,,,,,,Bright sun,281401,0,0,0,2,,,0,,,,,,Auckland Region,Nil,2-way,Sealed,,0,0,,50,,Off,0,0,,76,Auckland,Give way,,,,,0,0,Urban,0,,,Fine,Null
1889390,5820690,4868,,536203,0,0,0,0,0,South,2008/2009,SH 2,DOMAIN ROAD,,Non-Injury Crash,Yes,2009,0,North,0,0,0,Flat,0,,0,,0,Dark,1206856,0,0,0,2,0,0,0,1,0,,0,0,Bay of Plenty Region,Nil,2-way,Sealed,0,0,0,0,100,0,On,1,0,,23,Tauranga City,Unknown,0,0,0,0,0,0,Open,0,0,0,Heavy rain,Null
1772543,5901533,4869,,523813,0,,0,2,,Null,2008/2009,MILL ROAD,ALFRISTON ROAD,,Non-Injury Crash,No,2009,,West,,0,,Flat,,,,,,Bright sun,761000,0,0,0,2,,,0,,,,,,Auckland Region,Nil,2-way,Sealed,,0,0,,50,,Null,0,0,,76,Auckland,Give way,,,,,0,0,Urban,0,,,Fine,Null
1207213,5026282,4870,,609011,0,,0,0,,East,2008/2009,SH 94,NO90 CRK BR,,Minor Crash,Yes,2009,,East,,0,,Hill Road,,Queens Birthday,,,,Bright sun,3174800,2,0,0,2,,,0,,,,,,Southland Region,Nil,2-way,Sealed,,0,0,,100,,Null,0,0,,73,Southland District,Unknown,,,,,0,0,Open,1,,,Fine,Null
1879577,5704162,4871,,541344,0,,0,2,,North,2009/2010,SH 5,HIGH LEVEL ROAD,,Non-Injury Crash,Yes,2009,,North,,0,,Hill Road,,,,,,Overcast,1280708,0,0,0,2,,,0,,,,,,Waikato Region,Nil,2-way,Sealed,,0,0,,100,,Null,0,0,,21,Taupo District,Unknown,,,,,0,0,Open,0,,,Fine,Strong wind
1483612,5377172,4872,,584500,0,,0,1,,Null,2008/2009,COBDEN ST,QUEEN ST,,Minor Crash,No,2009,,South,,0,,Flat,,,,,,Bright sun,2392200,1,0,0,2,,,0,,,,,,West Coast Region,Nil,2-way,Sealed,,0,0,,50,,Null,1,0,,55,Buller District,Give way,,,,,0,0,Urban,0,,,Fine,Null