X,Y,OBJECTID,advisorySpeed,areaUnitID,bicycle,bridge,bus,carStationWagon,cliffBank,crashDirectionDescription,crashFinancialYear,crashLocation1,crashLocation2,crashRoadSideRoad,crashSeverity,crashSHDescription,crashYear,debris,directionRoleDescription,ditch,fatalCount,fence,flatHill,guardRail,holiday,houseOrBuilding,intersection,kerb,light,meshblockId,minorInjuryCount,moped,motorcycle,NumberOfLanes,objectThrownOrDropped,otherObject,otherVehicleType,overBank,parkedVehicle,pedestrian,phoneBoxEtc,postOrPole,region,roadCharacter,roadLane,roadSurface,roadworks,schoolBus,seriousInjuryCount,slipOrFlood,speedLimit,strayAnimal,streetLight,suv,taxi,temporarySpeedLimit,tlaId,tlaName,trafficControl,trafficIsland,trafficSign,train,tree,truck,unknownVehicleType,urban,vanOrUtility,vehicle,waterRiver,weatherA,weatherB
1766733,5904684,4873,40,524603,0,,0,2,,Null,2009/2010,CAVENDISH DRIVE,LAMBIE DRIVE,,Non-Injury Crash,No,2009,,South,,0,,Flat,,,,,,Bright sun,780205,0,0,0,2,,,0,,,,,,Auckland Region,Nil,2-way,Sealed,,0,0,,50,,Off,0,0,,76,Auckland,Traffic Signals,,,,,0,0,Urban,0,,,Fine,Null
1566007,5181977,4874,,589400,0,0,0,1,0,East,2008/2009,HAMILTON AVENUE,ILAM ROAD,,Minor Crash,No,2009,0,East,0,0,0,Flat,0,,0,,0,Bright sun,2543400,1,1,0,2,0,0,0,0,1,,0,0,Canterbury Region,Nil,2-way,Sealed,0,0,0,0,50,0,Null,0,0,,60,Christchurch City,Unknown,0,0,0,0,0,0,Urban,0,0,0,Fine,Null
1730647,6019474,4875,,501815,0,0,0,1,1,North,2009/2010,SH 1N,NOVA SCOTIA DRIVE,,Non-Injury Crash,Yes,2009,0,South,0,0,0,Flat,0,,0,,0,Overcast,80200,0,0,0,2,0,0,0,0,0,,0,0,Northland Region,Nil,2-way,Sealed,0,0,0,0,100,0,Null,0,0,,2,Whangarei District,Unknown,0,0,0,0,0,0,Open,0,0,0,Fine,Null
1766939,5900016,4876,,524713,0,,0,2,,Null,2008/2009,SYKES ROAD,WEYMOUTH ROAD,,Non-Injury Crash,No,2009,,West,,0,,Flat,,,,,,Twilight,775805,0,0,0,2,,,0,,,,,,Auckland Region,Nil,2-way,Sealed,,0,0,,50,,Off,0,0,,76,Auckland,Give way,,,,,0,0,Urban,0,,,Light rain,Null
1810862,5837038,4877,,527111,0,0,0,1,0,West,2008/2009,TAUHEI ROAD,TAINUI ROAD,,Non-Injury Crash,No,2009,0,West,0,0,1,Flat,0,,0,,0,Twilight,948400,0,0,0,2,0,0,0,0,0,,0,0,Waikato Region,Nil,2-way,Sealed,0,0,0,0,100,0,None,0,0,,13,Waikato District,Unknown,0,0,0,0,0,0,Open,0,0,0,Light rain,Null
1759773,5920448,4878,,515902,0,,0,2,,East,2008/2009,TAMAKI DRIVE,SOLENT ST,,Non-Injury Crash,No,2009,,East,,0,,Flat,,,,,,Bright sun,454800,0,0,0,4,,,0,,,,,,Auckland Region,Nil,2-way,Sealed,,0,0,,50,,Off,0,0,,76,Auckland,Nil,,,,,0,0,Urban,0,,,Fine,Null
1755301,5914746,4879,,518500,0,0,0,2,0,Null,2009/2010,DOMINION ROAD,DONALD CRESCENT N,,Non-Injury Crash,No,2009,0,West,0,0,0,Flat,0,,0,,0,Bright sun,560200,0,0,0,4,0,0,0,0,1,,0,0,Auckland Region,Nil,2-way,Sealed,0,0,0,0,50,0,Off,0,0,,76,Auckland,Nil,0,0,0,0,0,0,Urban,0,0,0,Fine,Null
1880690,5785414,4880,,538811,0,0,0,1,0,West,2008/2009,SHARP ROAD,CENTRAL ROAD,,Non-Injury Crash,No,2009,0,West,0,0,1,Hill Road,0,,0,,0,Dark,1249802,0,0,0,2,0,0,0,1,0,,0,0,Bay of Plenty Region,Nil,2-way,Unsealed,0,0,0,0,100,0,None,0,0,,24,Rotorua District,Unknown,0,0,0,0,0,0,Open,0,0,0,Fine,Null
1757453,5918629,4881,,514302,0,0,0,1,0,Null,2009/2010,KHYBER PASS ROAD,EDWARD WAYTE PLACE,,Non-Injury Crash,No,2009,0,East,0,0,0,Flat,0,,1,,0,Dark,442000,0,0,0,4,0,0,0,0,0,,0,0,Auckland Region,Nil,2-way,Sealed,0,0,0,0,50,0,On,0,0,,76,Auckland,Give way,0,0,0,0,0,0,Urban,0,0,0,Fine,Null
1755754,5924582,4882,,509800,0,,0,1,,Null,2008/2009,ONEWA ROAD,BRUCE ST,,Non-Injury Crash,No,2009,,East,,0,,Hill Road,,,,,,Overcast,360500,0,0,0,2,,,0,,,,,,Auckland Region,Nil,2-way,Sealed,,0,0,,50,,Off,0,0,,76,Auckland,Nil,,,,,1,0,Urban,0,,,Fine,Null
1762228,5913570,4883,,520500,0,,0,1,,South,2009/2010,SH 1N,PENROSE OBR,,Non-Injury Crash,Yes,2009,,North,,0,,Flat,,,,,,Overcast,637100,0,0,0,3,,,0,,,,,,Auckland Region,Nil,1-way,Sealed,,0,0,,100,,Null,0,0,,76,Auckland,Unknown,,,,,0,0,Open,1,,,Fine,Null
1887169,5772701,4884,,538732,0,,0,2,,East,2008/2009,TARAWERA ROAD,TE NGAE ROAD,,Non-Injury Crash,No,2009,,North,,0,,Hill Road,,,,,,Bright sun,1255600,0,0,0,2,,,0,,,,,,Bay of Plenty Region,Nil,2-way,Sealed,,0,0,,70,,Null,0,0,,24,Rotorua District,Give way,,,,,0,0,Urban,0,,,Fine,Null
1756527,5917784,4885,,518102,0,,0,2,,Null,2008/2009,VIEW ROAD,HOROEKA AVENUE,,Non-Injury Crash,No,2009,,East,,0,,Flat,,,,,,Twilight,545200,0,0,0,2,,,0,,,,,,Auckland Region,Nil,2-way,Sealed,,0,0,,50,,On,0,0,,76,Auckland,Nil,,,,,0,0,Urban,0,,,Fine,Null
1938639,5788461,4886,,542530,0,,0,1,,Null,2009/2010,SH 2,WESTERN DRAIN ROAD,,Non-Injury Crash,Yes,2009,,West,,0,,Flat,,,,,,Bright sun,1300901,0,0,0,2,,,0,,,,,,Bay of Plenty Region,Nil,2-way,Sealed,,0,0,,100,,Off,0,0,,25,Whakatane District,Give way,,,,,0,0,Open,1,,,Fine,Null
1755500,5912454,4887,,518701,0,,0,1,,South,2008/2009,ROGAN ST,SYLVESTER AVENUE,,Non-Injury Crash,No,2009,,South,,0,,Flat,,Christmas New Year,,,,Overcast,572900,0,0,0,2,,,0,,,,,,Auckland Region,Nil,2-way,Sealed,,0,0,,50,,Off,1,0,,76,Auckland,Nil,,,,,0,0,Urban,0,,,Fine,Null
1754822,5931745,4888,,508805,0,,0,2,,Null,2008/2009,CONSTELLATION DRIVE,ASCENSION PLACE,,Non-Injury Crash,No,2009,,East,,0,,Flat,,,,,,Overcast,180826,0,0,0,4,,,0,,,,,,Auckland Region,Nil,2-way,Sealed,,0,0,,50,,Off,0,0,,76,Auckland,Give way,,,,,0,0,Urban,0,,,Fine,Null
1875890,5823337,4889,,537301,0,0,0,1,0,North,2009/2010,JONATHON ST,WAIHI ROAD,,Non-Injury Crash,No,2009,0,South,0,0,1,Flat,0,,1,,0,Dark,1161111,0,0,0,2,0,0,0,0,0,,0,0,Bay of Plenty Region,Nil,2-way,Sealed,0,0,0,0,50,0,On,0,0,,23,Tauranga City,Unknown,0,0,0,0,0,0,Urban,0,0,0,Light rain,Null
1798474,5817900,4890,,528700,0,,0,2,,Null,2008/2009,TE RAPA ROAD,VARDON ROAD,,Non-Injury Crash,No,2009,,South,,0,,Flat,,,,,,Bright sun,900100,0,0,0,4,,,0,,,,,,Waikato Region,Nil,2-way,Sealed,,0,0,,60,,Off,0,0,,16,Hamilton City,Traffic Signals,,,,,0,0,Urban,0,,,Fine,Null
1757131,5920717,4891,,514102,0,,0,2,,Null,2009/2010,WYNDHAM ST,WYNDHAM STREET,,Non-Injury Crash,No,2009,,West,,0,,Hill Road,,,,,,Bright sun,433305,0,0,0,4,,,0,,,,,,Auckland Region,Nil,1-way,Sealed,,0,0,,50,,Off,0,0,,76,Auckland,Traffic Signals,,,,,0,0,Urban,0,,,Fine,Null
1376988,5105635,4892,,600323,0,,0,0,,Null,2009/2010,SH 8,HAYMAN ROAD,,Serious Crash,Yes,2009,,West,,0,,Hill Road,,Christmas New Year,,,,Dark,2814500,0,0,0,2,,,0,,,,,,Canterbury Region,Nil,2-way,Sealed,,0,1,,100,,None,1,0,,65,Mackenzie District,Give way,,,,,0,0,Open,0,,,Fine,Null
1738316,5931557,4893,,506653,0,,0,1,,North,2008/2009,OLD NORTH ROAD,DEACON ROAD,,Non-Injury Crash,No,2009,,North,,0,,Hill Road,,,,,,Overcast,217000,0,0,0,2,,,0,,,,,,Auckland Region,Nil,2-way,Sealed,,0,0,,100,,None,0,0,,76,Auckland,Nil,,,,,0,0,Open,0,,,Heavy rain,Null
1770283,5912810,4894,,523105,0,0,0,1,0,East,2008/2009,CASCADES ROAD,BERNIE EDWARDS PLACE,,Non-Injury Crash,No,2009,0,West,0,0,1,Flat,0,,0,,0,Dark,711139,0,0,0,2,0,0,0,0,0,,0,0,Auckland Region,Nil,2-way,Sealed,0,0,0,0,60,0,On,0,0,,76,Auckland,Nil,0,0,0,1,0,0,Urban,0,0,0,Fine,Null
1767115,5906660,4895,,522302,0,0,0,1,0,South,2009/2010,SH 1N,EAST TAMAKI OBR,,Non-Injury Crash,Yes,2009,0,North,0,0,1,Flat,0,,0,,0,Dark,670000,0,0,0,3,0,0,0,0,0,,0,0,Auckland Region,Nil,2-way,Sealed,0,0,0,0,100,0,On,0,0,,76,Auckland,Nil,0,0,0,0,0,0,Open,0,0,0,Fine,Null
1844284,5786149,4896,,535600,0,,0,2,,South,2008/2009,RIVERVIEW ST,GRIFFITH ST,,Non-Injury Crash,No,2009,,North,,0,,Flat,,,,,,Overcast,1128300,0,0,0,2,,,0,,,,,,Waikato Region,Nil,2-way,Sealed,,0,0,,50,,Null,0,0,,19,South Waikato District,Unknown,,,,,0,0,Urban,0,,,Fine,Null
1756807,5917505,4897,,518102,0,,0,2,,Null,2008/2009,BELLEVUE ROAD,ESPLANADE ROAD,,Non-Injury Crash,No,2009,,North,,0,,Flat,,,,,,Bright sun,546300,0,0,0,2,,,0,,,,,,Auckland Region,Nil,2-way,Sealed,,0,0,,50,,Off,0,0,,76,Auckland,Stop,,,,,0,0,Urban,0,,,Fine,Null
1752088,5928393,4898,,508411,0,0,0,1,0,South,2008/2009,LYNN ROAD,HOUSTON PLACE,,Non-Injury Crash,No,2009,0,North,0,0,0,Hill Road,0,Easter,0,,0,Overcast,185901,0,0,0,2,0,0,0,0,1,,1,0,Auckland Region,Nil,2-way,Sealed,0,0,0,0,50,0,Null,0,0,,76,Auckland,Unknown,0,0,0,1,0,0,Urban,1,0,0,Fine,Null
1753981,5929363,4899,,508420,0,,0,2,,Null,2008/2009,WAIRAU ROAD,ELLICE ROAD,,Non-Injury Crash,No,2009,,East,,0,,Hill Road,,,,,,Overcast,183100,0,0,0,2,,,0,,,,,,Auckland Region,Nil,2-way,Sealed,,0,0,,50,,Off,0,0,,76,Auckland,Nil,,,,,0,0,Urban,0,,,Fine,Null
1266333,5009998,4900,,609032,0,0,0,0,0,South,2009/2010,LOWER SHOTOVER ROAD,SLOPE HILL ROAD,,Fatal Crash,No,2009,0,North,0,1,0,Flat,0,,0,,0,Bright sun,3039708,0,0,0,2,0,0,0,0,0,,0,0,Otago Region,Nil,2-way,Sealed,0,0,0,0,80,0,Null,1,0,,70,Queenstown-Lakes District,Unknown,0,0,0,1,0,0,Open,0,0,0,Fine,Strong wind
1805319,5783937,4901,,527925,0,,0,1,,South,2009/2010,SH 3,WAIKERIA ROAD,,Non-Injury Crash,Yes,2009,,North,,0,,Flat,,,,,,Dark,984300,0,0,0,2,,,0,,,,,,Waikato Region,Nil,2-way,Unsealed,,0,0,,100,,None,0,0,50,17,Waipa District,Nil,,,,,0,0,Open,0,,,Fine,Null
1747311,5913750,4902,,511100,0,,0,1,,East,2008/2009,WEST COAST ROAD,CAPTAIN SCOTT ROAD,,Non-Injury Crash,No,2009,,East,,0,,Flat,,,,,,Bright sun,286200,0,0,0,2,,,0,,,,,,Auckland Region,Nil,2-way,Sealed,,0,0,,50,,Off,0,0,,76,Auckland,Nil,,,,,0,0,Urban,0,,,Fine,Null
1763174,5908327,4903,,524402,0,,0,2,,West,2009/2010,SAVILL DRIVE,MASSEY ROAD,,Non-Injury Crash,No,2009,,East,,0,,Flat,,,,,,Bright sun,749900,0,0,0,2,,,0,,,,,,Auckland Region,Nil,2-way,Sealed,,0,0,,50,,Off,0,0,,76,Auckland,Nil,,,,,0,0,Urban,0,,,Fine,Null
1758111,5915486,4904,,519300,0,,0,2,,Null,2008/2009,MANUKAU ROAD,GREEN LANE WEST,,Non-Injury Crash,No,2009,,South,,0,,Flat,,,,,,Bright sun,623100,0,0,0,4,,,0,,,,,,Auckland Region,Nil,2-way,Sealed,,0,0,,50,,Off,0,0,,76,Auckland,Give way,,,,,0,0,Urban,0,,,Fine,Null
1770290,5914345,4905,,522722,0,,0,1,,Null,2008/2009,HIGHLAND PARK DRIVE,CROMDALE AVENUE,,Non-Injury Crash,No,2009,,North,,0,,Hill Road,,,,,,Overcast,681329,0,0,0,2,,,0,,,,,,Auckland Region,Nil,2-way,Sealed,,0,0,,50,,Null,1,0,,76,Auckland,Nil,,,,,0,0,Urban,0,,,Fine,Null
1800553,5816650,4906,,529900,0,,0,2,,South,2008/2009,RIVER ROAD,TAMIHANA AVENUE,,Non-Injury Crash,No,2009,,North,,0,,Flat,,,,,,Overcast,863800,0,0,0,2,,,0,,,,,,Waikato Region,Nil,2-way,Sealed,,0,0,,50,,Null,0,0,,16,Hamilton City,Unknown,,,,,0,0,Urban,0,,,Light rain,Null
1800926,5819308,4907,,529402,0,,0,1,,Null,2008/2009,HUKANUI ROAD,COMRIES ROAD,,Non-Injury Crash,No,2009,,North,,0,,Flat,,,,,,Overcast,877800,0,0,0,2,,,0,,,,,,Waikato Region,Nil,2-way,Sealed,,0,0,,50,,Null,1,0,,16,Hamilton City,Give way,,,,,0,0,Urban,0,,,Light rain,Null
1755005,5915739,4908,,517703,0,,0,2,,Null,2008/2009,ARABI ST,ARABI STREET,,Non-Injury Crash,No,2009,,North,,0,,Flat,,,,,,Overcast,538400,0,0,0,2,,,0,,,,,,Auckland Region,Nil,2-way,Sealed,,0,0,,50,,Off,0,0,,76,Auckland,Stop,,,,,0,0,Urban,0,,,Fine,Null
1758784,5919551,4909,,515902,0,,0,2,,West,2008/2009,GIBRALTAR CRESCENT,PARNELL ROAD,,Non-Injury Crash,No,2009,,West,,0,,Flat,,,,,,Bright sun,452900,0,0,0,2,,,0,,,,,,Auckland Region,Nil,2-way,Sealed,,0,0,,50,,Off,0,0,,76,Auckland,Nil,,,,,0,0,Urban,0,,,Fine,Null
1934440,5618473,4910,,546500,0,0,0,1,0,East,2009/2010,ALEXANDER AVENUE,HAROLD HOLT AVENUE,,Minor Crash,No,2009,0,South,0,0,1,Flat,0,,0,,0,Dark,1442200,1,0,0,2,0,0,0,0,0,,0,0,Hawke's Bay Region,Nil,2-way,Sealed,0,0,0,0,50,0,On,0,0,,31,Napier City,Nil,0,0,0,0,0,0,Urban,0,0,0,Fine,Null
1877439,5822030,4911,,538101,0,,0,2,,North,2009/2010,CLARKE ST,LAURENCE ST,,Non-Injury Crash,No,2009,,North,,0,,Flat,,,,,,Bright sun,1169301,0,0,0,2,,,0,,,,,,Bay of Plenty Region,Nil,2-way,Sealed,,0,0,,50,,Null,0,0,,23,Tauranga City,Unknown,,,,,0,0,Urban,0,,,Fine,Null
1615271,5423782,4912,,584201,0,,0,1,,Null,2008/2009,QUEEN ST,MCINDOE PLACE,,Non-Injury Crash,No,2009,,East,,0,,Flat,,,,,,Bright sun,2361300,0,0,0,2,,,0,,,,,,Tasman Region,Nil,2-way,Sealed,,0,0,,50,,Null,0,0,,51,Tasman District,Give way,,,,,0,0,Urban,1,,,Fine,Null
1767950,5900895,4913,,525001,0,0,0,1,0,Null,2009/2010,FRANCES ST,RUSSELL ROAD,,Non-Injury Crash,No,2009,0,West,0,0,0,Flat,0,,0,,0,Bright sun,752300,0,0,0,1,0,0,0,0,1,,0,0,Auckland Region,Nil,1-way,Sealed,0,0,0,0,50,0,None,1,0,,76,Auckland,Nil,0,0,0,0,0,0,Urban,0,0,0,Fine,Null
1747725,5913483,4914,,511100,0,,0,2,,Null,2008/2009,PLEASANT ROAD,WEST COAST ROAD,,Non-Injury Crash,No,2009,,North,,0,,Flat,,,,,,Dark,286100,0,0,0,3,,,0,,,,,,Auckland Region,Nil,2-way,Sealed,,0,0,,50,,On,0,0,,76,Auckland,Stop,,,,,0,0,Urban,0,,,Fine,Null
1725137,6053084,4915,,501814,0,,0,1,,Null,2008/2009,NGUNGURU ROAD,ROCKINGHAM ROAD,,Non-Injury Crash,No,2009,,West,,0,,Flat,,,,,,Overcast,61901,0,0,0,2,,,0,,,,,,Northland Region,Nil,2-way,Sealed,,0,0,,100,,Null,1,0,,2,Whangarei District,Nil,,,,,0,0,Open,0,,,Fine,Null
1766530,5913279,4916,,522820,0,,0,2,,Null,2009/2010,TI RAKAU DRIVE,PAKURANGA ROAD,,Non-Injury Crash,No,2009,,West,,0,,Flat,,,,,,Bright sun,694700,0,0,0,3,,,0,,,,,,Auckland Region,Nil,2-way,Sealed,,0,0,,50,,Off,0,0,,76,Auckland,Give way,,,,,0,0,Urban,0,,,Fine,Null
1753177,5973970,4917,,506661,0,0,0,0,0,South,2009/2010,MATAKANA ROAD,WRIGHT ROAD,,Non-Injury Crash,No,2009,0,South,0,0,0,Flat,0,,0,,0,Overcast,138004,0,0,0,2,0,0,0,0,0,,0,1,Auckland Region,Nil,2-way,Sealed,0,0,0,0,80,0,Null,1,0,,76,Auckland,Unknown,0,0,0,0,0,0,Open,0,0,0,Fine,Null
1767499,5905627,4918,,524603,0,,0,1,,South,2008/2009,SH 1N,REAGAN OBR,,Non-Injury Crash,Yes,2009,,North,,0,,Flat,,,,,,Bright sun,671000,0,0,0,3,,,0,,,,,,Auckland Region,Nil,1-way,Sealed,,0,0,,100,,Null,0,0,,76,Auckland,Unknown,,,,,1,0,Open,0,,,Fine,Null
1760410,5915704,4919,,516003,0,,0,2,,South,2009/2010,SH 1N,GREENLANE INT S,,Non-Injury Crash,Yes,2009,,North,,0,,Flat,,,,,,Overcast,494902,0,0,0,4,,,0,,,,,,Auckland Region,Nil,1-way,Sealed,,0,0,,100,,Null,0,0,,76,Auckland,Unknown,,,,,1,0,Open,0,,,Fine,Null
1729833,5922998,4920,,506655,0,0,0,0,1,West,2008/2009,TAIAPA ROAD,MURIWAI VALLEY ROAD,,Non-Injury Crash,No,2009,0,East,0,0,0,Flat,0,,0,,0,Bright sun,218701,0,0,0,2,0,0,0,0,0,,0,0,Auckland Region,Nil,2-way,Unsealed,0,0,0,0,70,0,Null,1,0,,76,Auckland,Unknown,0,0,0,0,0,0,Urban,0,0,0,Fine,Null
1756566,5912525,4921,,518702,0,0,0,1,0,East,2009/2010,CARLTON ST,HILLSBOROUGH ROAD,,Non-Injury Crash,No,2009,0,East,0,0,0,Flat,0,,0,,0,Bright sun,570600,0,0,0,2,0,0,0,0,1,,0,0,Auckland Region,Nil,2-way,Sealed,0,0,0,0,50,0,Off,0,0,,76,Auckland,Nil,0,0,0,0,0,0,Urban,1,0,0,Fine,Null
1767437,5904926,4922,,524604,0,,0,1,,Null,2009/2010,GREAT SOUTH ROAD,CAVENDISH DRIVE,,Non-Injury Crash,No,2009,,North,,0,,Flat,,,,,,Overcast,780302,0,0,0,2,,,0,,,,,,Auckland Region,Nil,2-way,Sealed,,0,0,,50,,Null,1,0,,76,Auckland,Give way,,,,,0,0,Urban,0,,,Fine,Null
1752571,5933586,4923,,508701,0,,0,2,,Null,2008/2009,DON MCKINNON DRIVE,MERCARI WAY,,Non-Injury Crash,No,2009,,North,,0,,Flat,,,,,,Bright sun,178900,0,0,0,2,,,0,,,,,,Auckland Region,Nil,2-way,Sealed,,0,0,,50,,Null,0,0,,76,Auckland,Give way,,,,,0,0,Urban,0,,,Fine,Null
1757389,5920420,4924,,514102,0,0,0,2,0,Null,2008/2009,VICTORIA ST EAST,QUEEN ST,,Non-Injury Crash,No,2009,0,South,0,0,0,Flat,0,,0,,0,Dark,433600,0,0,0,4,0,0,0,0,0,,0,0,Auckland Region,Nil,2-way,Sealed,0,0,0,0,50,0,On,0,0,,76,Auckland,Traffic Signals,0,0,0,0,0,0,Urban,0,1,0,Fine,Null
1241933,4854397,4925,,610601,0,0,0,3,0,East,2008/2009,WEST PLAINS ROAD,HUNT ST,,Minor Crash,No,2009,0,West,0,0,0,Flat,0,,0,,0,Overcast,3098900,1,0,0,3,0,0,0,0,1,,0,0,Southland Region,Nil,2-way,Sealed,0,0,0,0,50,0,Null,0,0,,75,Invercargill City,Nil,0,0,0,0,0,0,Urban,0,0,0,Heavy rain,Null
1718569,6034257,4926,,501809,0,0,0,1,0,North,2008/2009,SH 1N,OAKLEIGH WHARF ROAD,,Non-Injury Crash,Yes,2009,0,North,0,0,0,Hill Road,0,,0,,0,Dark,74900,0,0,0,3,0,0,0,0,0,,0,0,Northland Region,Nil,2-way,Sealed,0,0,0,0,100,0,None,0,0,,2,Whangarei District,Nil,0,0,0,0,0,0,Open,0,0,0,Fine,Null
1749486,5951490,4927,,506201,0,,0,2,,North,2009/2010,SH 1N,NUKUMEA VIADUCT MID,,Non-Injury Crash,Yes,2009,,South,,0,,Flat,,,,,,Dark,176301,0,0,0,2,,,0,,,,,,Auckland Region,Nil,2-way,Sealed,,0,0,,100,,On,0,0,,76,Auckland,Unknown,,,,,0,0,Open,0,,,Light rain,Null
1277555,4836113,4928,,610080,0,,0,0,,East,2009/2010,MATAURA ISLAND-FORTROSE R,TOKANUI-GORGE HIGHWAY,,Serious Crash,No,2009,,West,,0,,Flat,,,,,,Bright sun,3095400,0,0,1,2,,,0,,,,,,Southland Region,Nil,2-way,Sealed,,0,1,,100,,Null,0,0,,73,Southland District,Unknown,,,,,0,0,Open,0,,,Fine,Null
1756441,5924546,4929,,509702,0,,0,2,,North,2008/2009,SH 1N,OLD ONEWA OBR,,Non-Injury Crash,Yes,2009,,South,,0,,Hill Road,,,,,,Dark,366700,0,0,0,3,,,0,,,,,,Auckland Region,Nil,1-way,Sealed,,0,0,,100,,On,0,0,,76,Auckland,Unknown,,,,,0,0,Open,0,,,Fine,Null
1751563,5912349,4930,,514700,0,,0,2,,Null,2008/2009,BLOCKHOUSE BAY ROAD,DONOVAN ST,,Non-Injury Crash,No,2009,,West,,0,,Flat,,,,,,Bright sun,368900,0,0,0,2,,,0,,,,,,Auckland Region,Nil,2-way,Sealed,,0,0,,50,,Off,0,0,,76,Auckland,Give way,,,,,0,0,Urban,0,,,Fine,Null
1757315,5920216,4931,,514103,0,,0,2,,Null,2009/2010,QUEEN ST,WELLESLEY ST WEST,,Non-Injury Crash,No,2009,,East,,0,,Hill Road,,,,,,Twilight,437101,0,0,0,4,,,0,,,,,,Auckland Region,Nil,2-way,Sealed,,0,0,,50,,Off,0,0,,76,Auckland,Traffic Signals,,,,,0,0,Urban,0,,,Fine,Null
1583659,5157316,4932,,597101,0,0,0,0,0,North,2008/2009,WESTERN VALLEY ROAD,MONTGOMERYS ROAD,,Minor Crash,No,2009,0,South,0,0,0,Hill Road,0,,0,,1,Dark,2712900,1,0,0,1,0,0,0,0,0,,0,0,Canterbury Region,Nil,2-way,Unsealed,0,0,0,0,100,0,None,1,0,,60,Christchurch City,Unknown,0,0,0,0,0,0,Open,0,0,0,Fine,Null
1754412,5929230,4933,,508320,0,,0,1,,Null,2009/2010,WAIRAU ROAD,VIEW ROAD W,,Non-Injury Crash,No,2009,,West,,0,,Hill Road,,,,,,Overcast,196401,0,0,0,3,,,0,,,,,,Auckland Region,Nil,2-way,Sealed,,0,0,,50,,Off,0,0,,76,Auckland,Give way,,,,,0,0,Urban,1,,,Light rain,Null
1751811,5949483,4934,,505805,0,,0,2,,Null,2008/2009,HIBISCUS COAST HIGHWAY,MOENUI AVENUE,,Non-Injury Crash,No,2009,,North,,0,,Flat,,,,,,Bright sun,172108,0,0,0,2,,,0,,,,,,Auckland Region,Nil,2-way,Sealed,,0,0,,50,,Null,0,0,,76,Auckland,Give way,,,,,0,0,Urban,0,,,Fine,Null
1757837,5920097,4935,,514103,0,,0,2,,Null,2008/2009,SYMONDS ST,ALFRED ST,,Non-Injury Crash,No,2009,,North,,0,,Flat,,,,,,Bright sun,437300,0,0,0,2,,,0,,,,,,Auckland Region,Nil,2-way,Sealed,,0,0,,50,,Off,0,0,,76,Auckland,Traffic Signals,,,,,0,0,Urban,0,,,Null,Null
1770945,5878197,4936,,521116,0,0,0,1,0,North,2009/2010,BUCKLAND ROAD,GEORGE CRESCENT S,,Non-Injury Crash,No,2009,0,South,0,0,1,Flat,0,,0,,0,Dark,824406,0,0,0,2,0,0,0,0,0,,0,0,Auckland Region,Nil,2-way,Sealed,0,0,0,0,50,0,On,0,0,,76,Auckland,Nil,0,0,0,0,0,0,Urban,0,0,0,Fine,Null
1754703,5879856,4937,,521152,0,0,0,1,0,North,2008/2009,MISSION BUSH ROAD,GLENBROOK-WAIUKU ROAD,,Non-Injury Crash,No,2009,0,West,0,0,1,Flat,0,,0,,0,Dark,834200,0,0,0,2,0,0,0,0,0,,0,1,Auckland Region,Nil,2-way,Sealed,0,0,0,0,100,0,None,0,0,,76,Auckland,Nil,0,0,0,0,0,0,Open,0,0,0,Fine,Null
1769931,5909847,4938,,523113,0,,0,2,,Null,2009/2010,SMALES ROAD,TE IRIRANGI DRIVE,,Non-Injury Crash,No,2009,,West,,0,,Flat,,,,,,Bright sun,711813,0,0,0,2,,,0,,,,,,Auckland Region,Nil,2-way,Sealed,,0,0,,80,,Off,0,0,,76,Auckland,Traffic Signals,,,,,0,0,Open,0,,,Fine,Null
1801226,5816588,4939,,529900,0,0,0,1,0,West,2008/2009,STANLEY ST,HEAPHY TERRACE,,Non-Injury Crash,No,2009,0,West,0,0,0,Flat,0,,0,,0,Dark,864200,0,0,0,2,0,0,0,0,1,,0,0,Waikato Region,Nil,2-way,Sealed,0,0,0,0,50,0,On,0,0,,16,Hamilton City,Unknown,0,0,0,0,0,0,Urban,1,0,0,Fine,Null
1797402,5819806,4940,,528403,0,,0,2,,Null,2008/2009,WAIRERE DRIVE,PUKETE ROAD,,Non-Injury Crash,No,2009,,West,,0,,Flat,,,,,,Overcast,907401,0,0,0,2,,,0,,,,,,Waikato Region,Nil,2-way,Sealed,,0,0,,50,,Null,0,0,,16,Hamilton City,Give way,,,,,0,0,Urban,0,,,Fine,Null
1614097,5422933,4941,,584202,0,,0,1,,North,2008/2009,SH 6,SH 60,,Non-Injury Crash,Yes,2009,,South,,0,,Flat,,,,,,Bright sun,2365600,0,0,0,2,,,0,,,,,,Tasman Region,Nil,2-way,Sealed,,0,0,,50,,Null,0,0,,51,Tasman District,Nil,,,,,0,0,Urban,2,,,Fine,Null
1763367,5920389,4942,,516500,0,,0,1,,East,2008/2009,TAMAKI DRIVE,PATTESON AVENUE,,Non-Injury Crash,No,2009,,South,,0,,Flat,,,,,,Bright sun,500700,0,0,0,3,,,0,,,,,,Auckland Region,Nil,2-way,Sealed,,0,0,,50,,Null,1,0,,76,Auckland,Nil,,,,,0,0,Urban,0,,,Fine,Null
1683063,6104998,4943,,501614,0,0,0,1,0,South,2009/2010,SH 10,KAPIRO ROAD,,Non-Injury Crash,Yes,2009,0,South,1,0,0,Hill Road,0,,0,,0,Overcast,44501,0,0,0,2,0,0,0,0,0,,0,0,Northland Region,Nil,2-way,Sealed,0,0,0,0,100,0,None,0,0,,1,Far North District,Nil,0,0,0,1,0,0,Open,0,0,0,Fine,Null