X,Y,OBJECTID,advisorySpeed,areaUnitID,bicycle,bridge,bus,carStationWagon,cliffBank,crashDirectionDescription,crashFinancialYear,crashLocation1,crashLocation2,crashRoadSideRoad,crashSeverity,crashSHDescription,crashYear,debris,directionRoleDescription,ditch,fatalCount,fence,flatHill,guardRail,holiday,houseOrBuilding,intersection,kerb,light,meshblockId,minorInjuryCount,moped,motorcycle,NumberOfLanes,objectThrownOrDropped,otherObject,otherVehicleType,overBank,parkedVehicle,pedestrian,phoneBoxEtc,postOrPole,region,roadCharacter,roadLane,roadSurface,roadworks,schoolBus,seriousInjuryCount,slipOrFlood,speedLimit,strayAnimal,streetLight,suv,taxi,temporarySpeedLimit,tlaId,tlaName,trafficControl,trafficIsland,trafficSign,train,tree,truck,unknownVehicleType,urban,vanOrUtility,vehicle,waterRiver,weatherA,weatherB
1813747,5814964,4944,,527131,0,0,0,0,0,South,2008/2009,RINGER ROAD,TAUWHARE ROAD,,Non-Injury Crash,No,2009,0,North,0,0,1,Flat,0,,0,,0,Dark,958000,0,0,0,2,0,1,0,0,0,,0,0,Waikato Region,Nil,2-way,Sealed,0,0,0,0,100,0,Off,1,0,,13,Waikato District,Unknown,0,0,0,0,0,0,Open,0,0,0,Fine,Null
1753256,5933067,4945,,508807,0,,0,1,,Null,2008/2009,TRISTRAM AVENUE,GREVILLE ROAD,,Non-Injury Crash,Yes,2009,,West,,0,,Flat,,,,,,Twilight,180811,0,0,0,2,,,0,,,,,,Auckland Region,Nil,2-way,Sealed,,0,0,,50,,Off,1,0,,76,Auckland,Give way,,,,,0,0,Urban,0,,,Fine,Null
1893646,5812486,4946,,538502,0,,0,1,,North,2009/2010,JELLICOE ST,LANDSCAPE ROAD,,Non-Injury Crash,No,2009,,North,,0,,Hill Road,,,,,,Bright sun,1215900,0,0,0,2,,,0,,,,,,Bay of Plenty Region,Nil,2-way,Sealed,,0,0,,80,,Null,0,0,,22,Western Bay of Plenty District,Unknown,,,,,0,0,Open,1,,,Fine,Null
1754343,5931475,4947,,508805,0,,0,1,,Null,2008/2009,PARKWAY DRIVE W,CONSTELLATION DRIVE,,Non-Injury Crash,No,2009,,North,,0,,Flat,,,,,,Overcast,180813,0,0,0,2,,,0,,,,,,Auckland Region,Nil,2-way,Sealed,,0,0,,50,,Null,0,0,,76,Auckland,Give way,,,,,0,0,Urban,1,,,Heavy rain,Null
1755843,5936263,4948,,507000,0,0,0,2,0,South,2009/2010,DEEP CREEK ROAD,BETHEL ROAD,,Non-Injury Crash,No,2009,0,South,0,0,0,Hill Road,0,,0,,0,Overcast,163100,0,0,0,2,0,0,0,0,1,,0,0,Auckland Region,Nil,2-way,Sealed,0,0,0,0,50,0,Null,0,0,,76,Auckland,Unknown,0,0,0,0,0,0,Urban,0,0,0,Fine,Null
1763596,5917627,4949,,516302,0,,0,3,,West,2008/2009,ST JOHNS ROAD,IPSWICH PLACE,,Non-Injury Crash,No,2009,,East,,0,,Flat,,,,,,Bright sun,462602,0,0,0,2,,,0,,,,,,Auckland Region,Nil,2-way,Sealed,,0,0,,30,,Null,0,0,,76,Auckland,Unknown,,,,,0,0,Urban,1,,,Fine,Null
1747185,5913813,4950,,511100,0,,0,1,,North,2008/2009,GLENVIEW ROAD,WEST COAST ROAD,,Non-Injury Crash,No,2009,,South,,0,,Flat,,,,,,Overcast,286100,0,0,0,2,,,0,,,,,,Auckland Region,Rail xing,2-way,Sealed,,0,0,,50,,Null,0,0,,76,Auckland,Traffic Signals,,,,,0,0,Urban,1,,,Fine,Null
1745433,5917245,4951,,510800,0,,0,2,,South,2009/2010,RAILSIDE AVENUE,GREAT NORTH ROAD,,Non-Injury Crash,No,2009,,North,,0,,Flat,,,,,,Bright sun,242700,0,0,0,2,,,0,,,,,,Auckland Region,Nil,2-way,Sealed,,0,0,,50,,Null,0,0,,76,Auckland,Traffic Signals,,,,,0,0,Urban,0,,,Fine,Null
1761071,5915044,4952,,520201,0,,0,2,,South,2009/2010,SH 1N,GREENLANE ON SBD,,Non-Injury Crash,Yes,2009,,South,,0,,Flat,,,,,,Bright sun,613500,0,0,0,6,,,0,,,,,,Auckland Region,Nil,2-way,Sealed,,0,0,,100,,Off,0,0,,76,Auckland,Nil,,,,,0,0,Open,0,,,Fine,Null
1769721,5901542,4953,,523814,0,,0,1,,South,2009/2010,SH 1N,HILL OBR,,Non-Injury Crash,Yes,2009,,South,,0,,Hill Road,,,,,,Bright sun,759510,0,0,0,2,,,0,,,,,,Auckland Region,Nil,1-way,Sealed,,0,0,,100,,Off,0,0,,76,Auckland,Nil,,,,,0,0,Open,1,,,Fine,Null
1758909,5905183,4954,,524200,0,,0,1,,South,2008/2009,SH 20A,MONTGOMERIE ROAD,,Non-Injury Crash,Yes,2009,,South,,0,,Flat,,,,,,Overcast,727600,0,0,0,4,,,0,,,,,,Auckland Region,Nil,2-way,Sealed,,0,0,,80,,Null,0,0,,76,Auckland,Unknown,,,,,0,0,Open,1,,,Light rain,Null
1758068,5917891,4955,,515700,0,,0,1,,North,2008/2009,SH 1N,GILLIES OBR,,Non-Injury Crash,Yes,2009,,South,,0,,Flat,,,,,,Overcast,443200,0,0,0,5,,,0,,,,,,Auckland Region,Nil,1-way,Sealed,,0,0,,80,,Off,1,0,,76,Auckland,Nil,,,,,0,0,Open,0,,,Fine,Null
1760327,5915331,4956,,520202,0,,0,2,,Null,2009/2010,GREAT SOUTH ROAD,MAIN HIGHWAY,,Non-Injury Crash,No,2009,,North,,0,,Flat,,,,,,Dark,613200,0,0,0,5,,,0,,,,,,Auckland Region,Nil,2-way,Sealed,,0,0,,50,,On,0,0,,76,Auckland,Traffic Signals,,,,,0,0,Urban,0,,,Light rain,Null
1760148,5915988,4957,,516002,0,,0,0,,North,2009/2010,GREENLANE OFF SBD,GREENLANE INT,,Non-Injury Crash,Yes,2009,,South,,0,,Flat,,,,,,Bright sun,492100,0,0,0,2,,,0,,,,,,Auckland Region,Motorway ramp,1-way,Sealed,,0,0,,50,,Off,1,0,,76,Auckland,Give way,,,,,0,0,Urban,1,,,Fine,Null
1764180,5905032,4958,,522100,0,0,0,1,0,West,2009/2010,PAH ROAD,MARGARET ROAD,,Non-Injury Crash,No,2009,0,North,0,0,0,Flat,0,,0,,0,Bright sun,658500,0,0,0,2,0,0,0,0,1,,0,0,Auckland Region,Nil,2-way,Sealed,0,0,0,0,50,0,Off,0,0,,76,Auckland,Nil,0,0,0,0,0,0,Urban,1,0,0,Fine,Null
1747720,5919453,4959,,512300,0,,0,1,,East,2008/2009,SH 16,TE ATATU OBR,,Non-Injury Crash,Yes,2009,,East,,0,,Flat,,,,,,Bright sun,252000,0,0,0,3,,,0,,,,,,,Nil,2-way,Sealed,,0,0,,100,,Null,0,0,,76,Auckland,Unknown,,,,,0,0,Open,1,,,Fine,Null
1573350,5180807,4960,,593600,0,,0,2,,Null,2009/2010,WOODHAM ROAD,TANCRED ST,,Minor Crash,No,2009,,East,,0,,Flat,,,,,,Bright sun,2611701,1,0,0,2,,,0,,,,,,Canterbury Region,Nil,2-way,Sealed,,0,0,,50,,Null,0,0,,60,Christchurch City,Nil,,,,,0,0,Urban,0,,,Fine,Null
1766916,5900949,4961,,524720,0,0,0,1,0,West,2009/2010,WORDSWORTH ROAD,SWALLOW DRIVE,,Non-Injury Crash,No,2009,0,North,0,0,0,Flat,0,,0,,0,Dark,775901,0,0,0,2,0,0,0,0,0,,0,0,Auckland Region,Nil,2-way,Sealed,0,0,0,0,50,0,On,0,0,,76,Auckland,Nil,0,0,0,1,0,0,Urban,0,0,0,Fine,Null
1789634,5814441,4962,,527913,0,,0,0,,Null,2009/2010,SH 23,SH 39 KAKARAMEA,,Non-Injury Crash,Yes,2009,,West,,0,,Flat,,Labour Weekend,,,,Bright sun,978500,0,0,0,2,,,0,,,,,,Waikato Region,Nil,2-way,Sealed,,0,0,,80,,Null,0,0,,13,Waikato District,Stop,,,,,1,0,Open,1,,,Fine,Null
1688576,6089414,4963,,501633,0,0,0,0,1,North,2009/2010,SH 10,SH 1N,,Non-Injury Crash,Yes,2009,0,North,0,0,0,Flat,0,,0,,0,Dark,35800,0,0,0,2,0,0,0,0,0,,0,0,Northland Region,Nil,2-way,Sealed,0,0,0,0,100,0,None,0,0,,1,Far North District,Nil,0,0,0,0,1,0,Open,1,0,0,Light rain,Null
1749942,5913836,4964,,511303,0,,0,2,,Null,2008/2009,TOTARA AVENUE,CLARK ST,,Non-Injury Crash,No,2009,,East,,0,,Flat,,,,,,Dark,264901,0,0,0,2,,,0,,,,,,Auckland Region,Rail xing,2-way,Sealed,,0,0,,50,,On,0,0,,76,Auckland,Give way,,,,,0,0,Urban,0,,,Fine,Null
1851087,5857863,4965,,534400,0,,0,1,,Null,2009/2010,SH 2,BABER ST,,Non-Injury Crash,Yes,2009,,West,,0,,Flat,,,,,,Bright sun,1078400,0,0,0,2,,,0,,,,,,Waikato Region,Nil,2-way,Sealed,,0,0,,70,,Null,1,0,,12,Hauraki District,Give way,,,,,0,0,Urban,0,,,Fine,Null
1719076,6046979,4966,,502800,0,,0,2,,South,2008/2009,SH 1N WESTERN HILLS,RUSSELL ROAD,,Non-Injury Crash,Yes,2009,,South,,0,,Flat,,,,,,Bright sun,95700,0,0,0,2,,,0,,,,,,Northland Region,Nil,2-way,Sealed,,0,0,,100,,Null,0,0,,2,Whangarei District,Unknown,,,,,0,0,Open,0,,,Fine,Null
1758492,5918335,4967,,517400,0,,0,2,,West,2009/2010,KHYBER PASS ROAD,BROADWAY,,Non-Injury Crash,No,2009,,East,,0,,Hill Road,,,,,,Dark,451000,0,0,0,2,,,0,,,,,,Auckland Region,Nil,2-way,Sealed,,0,0,,50,,On,0,0,,76,Auckland,Traffic Signals,,,,,0,0,Urban,0,,,Light rain,Null
1772133,5914956,4968,,521602,0,,0,2,,Null,2009/2010,MOORE ST,FENCIBLE DRIVE,,Non-Injury Crash,No,2009,,South,,0,,Hill Road,,,,,,Bright sun,649900,0,0,0,2,,,0,,,,,,Auckland Region,Nil,2-way,Sealed,,0,0,,50,,None,0,0,,76,Auckland,Give way,,,,,0,0,Urban,0,,,Fine,Null
1802474,5814987,4969,,530200,0,,0,1,,West,2008/2009,CLYDE ST,PEACHGROVE ROAD,,Non-Injury Crash,No,2009,,East,,0,,Hill Road,,,,,,Overcast,893300,0,0,0,2,,,0,,,,,,Waikato Region,Nil,2-way,Sealed,,0,0,,50,,Null,0,0,,16,Hamilton City,Unknown,,,,,0,0,Urban,1,,,Light rain,Null
1755803,5922707,4970,,509800,0,,0,1,,North,2009/2010,SH 1N,SHELLY OFF SBD,,Non-Injury Crash,Yes,2009,,South,,0,,Flat,,,,,,Bright sun,359300,0,0,0,5,,,0,,,,,,,Nil,1-way,Sealed,,0,0,,80,,Off,0,0,,76,Auckland,Nil,,,,,0,0,Open,1,,,Fine,Null
1406810,4918440,4971,,603601,0,,0,1,,Null,2008/2009,GEORGE ST,DUNDAS ST,,Serious Crash,No,2009,,West,,0,,Flat,,,,,,Bright sun,2865300,0,0,0,2,,,0,,,1,,,Otago Region,Nil,2-way,Sealed,,0,1,,50,,Null,0,0,,71,Dunedin City,Give way,,,,,0,0,Urban,0,,,Fine,Null
1762301,5913439,4972,,520500,0,,0,1,,South,2008/2009,SH 1N,PENROSE OBR,,Non-Injury Crash,Yes,2009,,North,,0,,Flat,,,,,,Overcast,637100,0,0,0,5,,,0,,,,,,Auckland Region,Motorway ramp,1-way,Sealed,,0,0,,100,,Null,1,0,,76,Auckland,Unknown,,,,,0,0,Open,0,,,Fine,Null
1758935,5913204,4973,,519820,0,,0,2,,Null,2009/2010,MOUNT SMART ROAD,ONEHUNGA MALL,,Non-Injury Crash,No,2009,,East,,0,,Flat,,,,,,Dark,599100,0,0,0,4,,,0,,,,,,Auckland Region,Nil,2-way,Sealed,,0,0,,50,,On,0,0,,76,Auckland,Traffic Signals,,,,,0,0,Urban,0,,,Light rain,Null
1751557,5915525,4974,,514401,0,,0,2,,Null,2009/2010,BLOCKHOUSE BAY ROAD,ROSEBANK ROAD,,Non-Injury Crash,No,2009,,East,,0,,Flat,,,,,,Bright sun,382104,0,0,0,2,,,0,,,,,,Auckland Region,Nil,2-way,Sealed,,0,0,,50,,Off,0,0,,76,Auckland,Stop,,,,,0,0,Urban,0,,,Fine,Null
1754227,5931201,4975,,508805,0,,0,2,,North,2008/2009,SH 1N,SUNSET OBR,,Non-Injury Crash,Yes,2009,,South,,0,,Hill Road,,,,,,Bright sun,180826,0,0,0,2,,,0,,,,,,Auckland Region,Nil,1-way,Sealed,,0,0,,100,,Null,0,0,,76,Auckland,Unknown,,,,,0,0,Open,0,,,Fine,Null
1767765,5905083,4976,,523722,0,,0,2,,Null,2008/2009,TE IRIRANGI OFF SBD,TE IRIRANGI DRIVE,,Non-Injury Crash,Yes,2009,,South,,0,,Flat,,,,,,Bright sun,715701,0,0,0,1,,,0,,,,,,Auckland Region,Nil,1-way,Sealed,,0,0,,50,,Null,0,0,,76,Auckland,Give way,,,,,0,0,Urban,0,,,Fine,Null
1574352,5183657,4977,,592811,0,,0,1,,Null,2008/2009,BURWOOD ROAD,LAKE TERRACE ROAD,,Minor Crash,No,2009,,East,,0,,Flat,,,,,,Overcast,2603603,1,0,0,2,,,0,,,,,,Canterbury Region,Nil,2-way,Sealed,,0,0,,50,,Null,1,0,,60,Christchurch City,Give way,,,,,0,0,Urban,0,,,Fine,Null
1679914,6105112,4978,,501633,0,0,0,0,0,West,2008/2009,PUNGAERE ROAD,KORANAE ROAD,,Non-Injury Crash,No,2009,0,West,1,0,0,Flat,0,,0,,0,Dark,43800,0,0,0,2,0,0,0,0,0,,0,0,Northland Region,Nil,2-way,Sealed,0,0,0,0,100,0,None,0,0,,1,Far North District,Nil,0,0,0,0,0,0,Open,1,0,0,Mist or Fog,Null
1939885,5795788,4979,,542530,0,0,0,1,0,Null,2009/2010,THORNTON HALL ROAD,THORNTON ROAD,,Non-Injury Crash,No,2009,0,South,0,0,0,Flat,0,,0,,0,Dark,1299800,0,0,0,2,0,0,0,1,0,,0,0,Bay of Plenty Region,Nil,2-way,Sealed,0,0,0,0,50,0,None,0,0,,25,Whakatane District,Nil,0,0,0,0,0,0,Urban,0,0,0,Light rain,Null
1768189,5902430,4980,,524602,0,,0,2,,Null,2008/2009,GREAT SOUTH ROAD,BROWNS ROAD,,Non-Injury Crash,No,2009,,South,,0,,Flat,,,,,,Bright sun,780700,0,0,0,4,,,0,,,,,,Auckland Region,Nil,2-way,Sealed,,0,0,,50,,Null,0,0,,76,Auckland,Traffic Signals,,,,,0,0,Urban,0,,,Fine,Null
1563302,5199678,4981,,586603,0,,0,1,,South,2008/2009,ASHWORTHS ROAD,MILL ROAD,,Minor Crash,No,2009,,North,,0,,Flat,,,,,,Dark,2457204,1,0,0,2,,,0,,,,,,Canterbury Region,Nil,2-way,Unsealed,,0,0,,100,,None,0,0,,59,Waimakariri District,Unknown,,,,,0,0,Open,0,,,Fine,Null
1762689,5908102,4982,,524530,0,0,0,2,0,East,2008/2009,VINE ST,CLEEK ROAD,,Non-Injury Crash,No,2009,0,West,0,0,0,Flat,0,,0,,0,Overcast,732601,0,0,0,2,0,0,0,0,1,,0,0,Auckland Region,Nil,2-way,Sealed,0,0,0,0,50,0,Null,0,0,,76,Auckland,Unknown,0,0,0,0,0,0,Urban,0,0,0,Fine,Null
1776171,5740629,4983,,531500,0,,0,2,,Null,2009/2010,SH 3,TUI ST E,,Non-Injury Crash,Yes,2009,,North,,0,,Flat,,,,,,Bright sun,1015800,0,0,0,2,,,0,,,,,,Waikato Region,Nil,2-way,Sealed,,0,0,,50,,Null,0,0,,20,Waitomo District,Give way,,,,,0,0,Urban,0,,,Fine,Null
1547048,5204475,4984,,586115,0,0,0,1,1,West,2008/2009,OXFORD ROAD,POYNTZS ROAD,,Minor Crash,No,2009,0,East,1,0,0,Flat,0,,0,,0,Overcast,2450400,1,0,0,2,0,0,0,0,0,,0,0,Canterbury Region,Nil,2-way,Sealed,0,0,0,0,100,0,Null,0,0,,59,Waimakariri District,Unknown,0,0,0,0,0,0,Open,0,0,0,Fine,Null
1698956,6002195,4985,,505010,0,0,0,1,1,South,2008/2009,SH 12,GREENHILL ROAD,,Non-Injury Crash,Yes,2009,0,East,0,0,0,Flat,0,,0,,0,Dark,128100,0,0,0,2,0,0,0,0,0,,0,0,Northland Region,Nil,2-way,Sealed,0,0,0,0,100,0,None,0,0,,3,Kaipara District,Unknown,0,0,0,0,0,0,Open,0,0,0,Fine,Null
1462941,5099561,4986,,598600,0,,0,2,,Null,2009/2010,DENMARK ST,STUDHOLME ST,,Minor Crash,No,2009,,West,,0,,Flat,,,,,,Bright sun,2767600,1,0,0,2,,,0,,,,,,Canterbury Region,Nil,2-way,Sealed,,0,0,,50,,Null,0,0,,64,Timaru District,Give way,,,,,0,0,Urban,0,,,Fine,Null
1691725,5673686,4987,,551700,0,,0,1,,Null,2009/2010,WAIMEA ST,BROMLEY PLACE,,Serious Crash,No,2009,,West,,0,,Hill Road,,,,,,Overcast,1576900,0,0,1,2,,,0,,,,,,Taranaki Region,Nil,2-way,Sealed,,0,1,,50,,Null,0,0,,33,New Plymouth District,Give way,,,,,0,0,Urban,0,,,Fine,Null
1769422,5880550,4988,,525922,0,,0,2,,North,2008/2009,MANUKAU ROAD,SUBWAY ROAD,,Non-Injury Crash,No,2009,,South,,0,,Flat,,,,,,Overcast,823300,0,0,0,2,,,0,,,,,,Auckland Region,Nil,2-way,Sealed,,0,0,,50,,Null,0,0,,76,Auckland,Nil,,,,,0,0,Urban,0,,,Fine,Null
1498071,5143193,4989,,597730,0,,0,0,,South,2008/2009,SH 77,RACECOURSE ROAD,,Serious Crash,Yes,2009,,North,,0,,Flat,,Easter,,,,Bright sun,2747602,0,0,2,2,,,0,,,,,,Canterbury Region,Nil,2-way,Sealed,,0,1,,100,,Null,0,0,,63,Ashburton District,Unknown,,,,,0,0,Open,0,,,Fine,Null
1759761,5912949,4990,,520000,0,,0,3,,West,2009/2010,MAYS ROAD,ALFRED ST,,Non-Injury Crash,No,2009,,West,,0,,Flat,,,,,,Bright sun,605700,0,0,0,2,,,0,,,,,,Auckland Region,Nil,2-way,Sealed,,0,0,,50,,Off,0,0,,76,Auckland,Nil,,,,,0,0,Urban,0,,,Fine,Null
1685666,6103510,4991,,500900,0,0,0,1,1,East,2008/2009,WAIPAPA ROAD,RAINBOW FALLS ROAD,,Non-Injury Crash,No,2009,0,East,1,0,0,Flat,0,,0,,0,Dark,44505,0,0,0,2,0,0,0,0,0,,0,0,Northland Region,Nil,2-way,Sealed,0,0,0,0,80,0,None,0,0,,1,Far North District,Nil,0,0,0,1,0,0,Open,0,0,0,Mist or Fog,Null
1883323,5774678,4992,,539400,0,,0,2,,West,2009/2010,RIRI ST,SH 5,,Non-Injury Crash,No,2009,,West,,0,,Flat,,,,,,Overcast,1225000,0,0,0,2,,,0,,,,,,Bay of Plenty Region,Nil,2-way,Sealed,,0,0,,50,,Null,0,0,,24,Rotorua District,Unknown,,,,,0,0,Urban,0,,,Fine,Null
1754651,5912526,4993,,519002,0,,0,2,,Null,2008/2009,DOMINION ROAD,RICHARDSON ROAD,,Non-Injury Crash,No,2009,,North,,0,,Flat,,,,,,Bright sun,589400,0,0,0,2,,,0,,,,,,Auckland Region,Nil,2-way,Sealed,,0,0,,50,,Off,0,0,,76,Auckland,Give way,,,,,0,0,Urban,0,,,Fine,Null
1876538,5818779,4994,,537601,0,0,0,1,0,West,2008/2009,MALEME ST,TANGMERE PLACE,,Non-Injury Crash,No,2009,0,East,0,0,0,Flat,0,,0,,0,Bright sun,1177500,0,0,0,2,0,0,0,0,1,,0,0,Bay of Plenty Region,Nil,2-way,Sealed,0,0,0,0,50,0,Null,0,0,,23,Tauranga City,Unknown,0,0,0,0,1,0,Urban,0,0,0,Fine,Null
1763994,5912054,4995,,520500,0,,0,2,,Null,2009/2010,MOUNT WELLINGTON HIGHWAY,MONAHAN ROAD,,Non-Injury Crash,No,2009,,North,,0,,Flat,,,,,,Dark,637900,0,0,0,2,,,0,,,,,,Auckland Region,Nil,2-way,Sealed,,0,0,,50,,On,0,0,,76,Auckland,Give way,,,,,0,0,Urban,0,,,Heavy rain,Null
1755664,5935133,4996,,507101,0,,0,2,,Null,2009/2010,BEACH ROAD,ANZAC ROAD,,Non-Injury Crash,No,2009,,South,,0,,Flat,,,,,,Overcast,161600,0,0,0,1,,,0,,,,,,Auckland Region,Nil,2-way,Sealed,,0,0,,50,,Off,0,0,,76,Auckland,Traffic Signals,,,,,0,0,Urban,0,,,Fine,Null
1876139,5819917,4997,,537601,1,,0,0,,East,2008/2009,CHADWICK ROAD,CAMERON ROAD,,Non-Injury Crash,No,2009,,West,,0,,Flat,,,,,,Bright sun,1175400,0,0,0,3,,,0,,,,,,Bay of Plenty Region,Nil,2-way,Sealed,,0,0,,50,,Null,1,0,,23,Tauranga City,Unknown,,,,,0,0,Urban,0,,,Fine,Null
1878006,5822401,4998,,538101,0,0,0,1,0,West,2008/2009,SH 2A,CAMERON ROAD,,Non-Injury Crash,Yes,2009,0,West,0,0,0,Hill Road,1,,0,,0,Overcast,1168001,0,0,0,2,0,0,0,0,0,,0,0,Bay of Plenty Region,Nil,2-way,Sealed,0,0,0,0,80,0,Null,0,0,,23,Tauranga City,Unknown,0,0,0,0,0,0,Open,0,0,0,Snow,Null
1572589,5184748,4999,,590507,0,0,0,1,0,Null,2009/2010,MARSHLAND ROAD,SH 74,,Serious Crash,Yes,2009,0,North,1,0,0,Flat,0,,0,,0,Dark,2505701,0,0,0,4,0,0,0,0,0,,0,0,Canterbury Region,Nil,2-way,Sealed,0,0,1,0,80,0,On,0,0,,60,Christchurch City,Give way,0,0,0,0,0,0,Open,0,0,0,Heavy rain,Null
1804232,5814657,5000,,530700,0,0,0,1,0,North,2009/2010,AURORA TERRACE,DOROTHY PLACE,,Non-Injury Crash,No,2009,0,North,0,0,0,Flat,0,,0,,0,Dark,888000,0,0,0,2,0,0,0,0,0,,0,0,Waikato Region,Nil,2-way,Sealed,0,0,0,0,50,0,On,0,0,,16,Hamilton City,Unknown,0,0,0,1,0,0,Urban,0,0,0,Fine,Null
1746236,5914018,5001,,511001,0,,0,1,,Null,2008/2009,ROSIER ROAD,WEST COAST ROAD,,Non-Injury Crash,No,2009,,South,,0,,Flat,,,,,,Twilight,282701,0,0,1,2,,,0,,,,,,Auckland Region,Nil,2-way,Sealed,,0,0,,50,,Off,0,0,,76,Auckland,Nil,,,,,0,0,Urban,0,,,Null,Null
1860647,5786897,5002,,535232,0,0,0,1,0,West,2008/2009,SH 5,GALAXY ROAD,,Non-Injury Crash,Yes,2009,0,East,0,0,0,Hill Road,0,,0,,0,Dark,1127602,0,0,0,3,0,0,0,0,0,,0,0,Waikato Region,Nil,2-way,Sealed,0,0,0,0,100,0,None,0,0,,19,South Waikato District,Nil,0,0,0,1,0,0,Open,0,0,0,Fine,Frost
1758041,5927193,5003,,508010,0,,1,0,,South,2008/2009,LAKE ROAD,ANZAC ST,,Non-Injury Crash,No,2009,,North,,0,,Flat,,,,,,Overcast,327000,0,0,0,2,,,0,,,,,,Auckland Region,Nil,2-way,Sealed,,1,0,,50,,Null,1,0,,76,Auckland,Unknown,,,,,0,0,Urban,0,,,Fine,Null
1751167,5915482,5004,,514401,0,,0,2,,Null,2008/2009,GREAT NORTH ROAD,ROSEBANK ROAD,,Non-Injury Crash,No,2009,,South,,0,,Flat,,,,,,Overcast,381802,0,0,0,4,,,0,,,,,,Auckland Region,Nil,2-way,Sealed,,0,0,,50,,Off,0,0,,76,Auckland,Traffic Signals,,,,,0,0,Urban,0,,,Heavy rain,Null
1761681,5913768,5005,,520202,0,,0,1,,Null,2009/2010,GREAT SOUTH ROAD,MCNAB ST,,Non-Injury Crash,No,2009,,North,,0,,Flat,,,,,,Overcast,612400,0,0,0,4,,,0,,,,,,Auckland Region,Nil,2-way,Sealed,,0,0,,50,,Off,0,0,,76,Auckland,Nil,,,,,1,0,Urban,0,,,Light rain,Null
1880501,5829841,5006,,536810,0,0,0,1,0,South,2008/2009,THE MALL,COMMONS AVENUE,,Non-Injury Crash,No,2009,0,South,0,0,0,Flat,0,,0,,0,Bright sun,1194800,0,0,0,2,0,0,0,0,1,,0,0,Bay of Plenty Region,Nil,2-way,Sealed,0,0,0,0,50,0,Null,0,0,,23,Tauranga City,Nil,0,0,0,0,1,0,Urban,0,0,0,Fine,Null
1756884,5928357,5007,,507900,0,0,0,1,0,South,2009/2010,SHAKESPEARE ROAD,ALMA ROAD,,Non-Injury Crash,No,2009,0,South,0,0,0,Flat,0,,0,,0,Bright sun,305900,0,0,0,0,0,0,0,0,1,,0,0,Auckland Region,Nil,2-way,Sealed,0,0,0,0,50,0,Off,1,0,,76,Auckland,Nil,0,0,0,0,1,0,Urban,0,0,0,Fine,Null
1753535,5932538,5008,,508807,0,,0,2,,South,2008/2009,SH 1N,GREVILLE OFF NBD,,Non-Injury Crash,Yes,2009,,North,,0,,Hill Road,,,,,,Overcast,180811,0,0,0,2,,,0,,,,,,Auckland Region,Nil,1-way,Sealed,,0,0,,100,,Null,0,0,,76,Auckland,Unknown,,,,,0,0,Open,0,,,Fine,Null
1756348,5918992,5009,,515500,0,,0,2,,West,2009/2010,SH 16,NEWTON OBR,,Non-Injury Crash,Yes,2009,,East,,0,,Flat,,,,,,Bright sun,417600,0,0,0,5,,,0,,,,,,Auckland Region,Nil,1-way,Sealed,,0,0,,100,,Off,0,0,,76,Auckland,Nil,,,,,0,0,Open,0,,,Fine,Null
1769508,5899789,5010,,525002,0,,0,0,,Null,2009/2010,GREAT SOUTH ROAD,MAHIA ROAD,,Non-Injury Crash,No,2009,,South,,0,,Flat,,,,,,Bright sun,753900,0,0,0,3,,,0,,,,,,Auckland Region,Nil,2-way,Sealed,,0,0,,50,,Off,0,0,,76,Auckland,Traffic Signals,,,,,2,0,Urban,0,,,Fine,Null
1760104,5915982,5011,,516002,0,,0,1,,North,2008/2009,SH 1N,GREENLANE INT,,Non-Injury Crash,Yes,2009,,South,,0,,Flat,,,,,,Overcast,492100,0,0,0,3,,,0,,,,,,Auckland Region,Nil,1-way,Sealed,,0,0,,100,,Null,1,0,,76,Auckland,Unknown,,,,,1,0,Open,0,,,Fine,Null
1762456,5878519,5012,,521121,0,0,0,1,0,West,2008/2009,WAIUKU ROAD,WALLER ROAD,,Non-Injury Crash,No,2009,0,North,0,0,1,Flat,0,,0,,0,Twilight,812202,0,0,0,2,0,0,0,0,0,,0,0,Auckland Region,Nil,2-way,Sealed,0,0,0,0,100,0,Off,0,0,,76,Auckland,Nil,0,0,0,0,0,0,Open,0,0,0,Fine,Null
1770541,5881551,5013,,525910,0,,0,2,,Null,2008/2009,EAST ST,BELGIUM ROAD,,Non-Injury Crash,No,2009,,East,,0,,Flat,,,,,,Dark,816800,0,0,0,2,,,0,,,,,,Auckland Region,Nil,2-way,Sealed,,0,0,,70,,On,0,0,,76,Auckland,Stop,,,,,0,0,Urban,0,,,Light rain,Null
1882306,5827613,5014,,536821,0,,0,2,,Null,2008/2009,MAUNGANUI ROAD,HEATH ST,,Non-Injury Crash,No,2009,,South,,0,,Flat,,,,,,Overcast,1197800,0,0,0,2,,,0,,,,,,Bay of Plenty Region,Nil,2-way,Sealed,,0,0,,50,,Null,0,0,,23,Tauranga City,Give way,,,,,0,0,Urban,0,,,Light rain,Null
1756523,5926911,5015,,507900,0,,0,2,,South,2009/2010,SH 1N,NORTHCOTE OBR,,Non-Injury Crash,Yes,2009,,North,,0,,Flat,,,,,,Bright sun,303501,0,0,0,3,,,0,,,,,,Auckland Region,Nil,1-way,Sealed,,0,0,,100,,Null,0,0,,76,Auckland,Unknown,,,,,0,0,Open,0,,,Fine,Null