X,Y,OBJECTID,advisorySpeed,areaUnitID,bicycle,bridge,bus,carStationWagon,cliffBank,crashDirectionDescription,crashFinancialYear,crashLocation1,crashLocation2,crashRoadSideRoad,crashSeverity,crashSHDescription,crashYear,debris,directionRoleDescription,ditch,fatalCount,fence,flatHill,guardRail,holiday,houseOrBuilding,intersection,kerb,light,meshblockId,minorInjuryCount,moped,motorcycle,NumberOfLanes,objectThrownOrDropped,otherObject,otherVehicleType,overBank,parkedVehicle,pedestrian,phoneBoxEtc,postOrPole,region,roadCharacter,roadLane,roadSurface,roadworks,schoolBus,seriousInjuryCount,slipOrFlood,speedLimit,strayAnimal,streetLight,suv,taxi,temporarySpeedLimit,tlaId,tlaName,trafficControl,trafficIsland,trafficSign,train,tree,truck,unknownVehicleType,urban,vanOrUtility,vehicle,waterRiver,weatherA,weatherB
1765382,5907227,5016,,522301,0,,0,2,,North,2008/2009,GREAT SOUTH ROAD,MAXWELL AVENUE,,Non-Injury Crash,No,2009,,South,,0,,Flat,,,,,,Overcast,666100,0,0,0,2,,,0,,,,,,Auckland Region,Nil,2-way,Sealed,,0,0,,50,,Null,0,0,,76,Auckland,Unknown,,,,,0,0,Urban,0,,,Heavy rain,Null
1771181,5902992,5017,,523814,0,0,0,1,0,North,2008/2009,HILL ROAD,ALDON LANE,,Non-Injury Crash,No,2009,0,North,0,0,0,Hill Road,0,,0,,0,Bright sun,760808,0,0,0,2,0,0,0,0,0,,0,0,Auckland Region,Nil,2-way,Sealed,0,0,0,0,50,0,Null,0,0,,76,Auckland,Unknown,0,0,0,1,0,0,Urban,0,0,0,Fine,Null
1843964,5785662,5018,,535600,0,,0,2,,Null,2009/2010,MARGARET ST,PROSPECT ST,,Non-Injury Crash,No,2009,,North,,0,,Flat,,,,,,Overcast,1129000,0,0,0,2,,,0,,,,,,Waikato Region,Nil,2-way,Sealed,,0,0,,50,,Null,0,0,,19,South Waikato District,Nil,,,,,0,0,Urban,0,,,Light rain,Null
1858697,5855379,5019,55,534100,0,0,0,1,1,West,2008/2009,WAIHI BEACH ROAD,FERGUS ROAD,,Non-Injury Crash,No,2009,0,West,0,0,0,Hill Road,0,,0,,0,Overcast,1083206,0,0,0,2,0,0,0,0,0,,0,0,Bay of Plenty Region,Nil,2-way,Sealed,0,0,0,0,100,0,Off,0,0,,22,Western Bay of Plenty District,Nil,0,0,0,0,0,0,Open,0,0,0,Fine,Null
1768189,5902430,5020,,524602,0,,0,2,,Null,2009/2010,GREAT SOUTH ROAD,ORAMS ROAD,,Non-Injury Crash,No,2009,,West,,0,,Hill Road,,,,,,Overcast,780700,0,0,0,2,,,0,,,,,,Auckland Region,Nil,2-way,Sealed,,0,0,,50,,Null,0,0,,76,Auckland,Traffic Signals,,,,,0,0,Urban,0,,,Fine,Null
1754256,5912969,5021,,518901,0,0,0,0,0,South,2008/2009,RICHARDSON ROAD,PENNEY AVENUE,,Non-Injury Crash,No,2009,0,North,0,0,1,Flat,0,,0,,0,Dark,586000,0,0,0,2,0,0,0,1,0,,0,0,Auckland Region,Nil,2-way,Sealed,0,0,0,0,50,0,On,1,0,,76,Auckland,Unknown,0,0,0,0,0,0,Urban,0,0,0,Fine,Null
1316567,4982792,5022,,608500,1,0,0,0,0,North,2008/2009,SH 8,BRANDON ST,,Minor Crash,Yes,2009,0,North,0,0,0,Flat,0,,0,,0,Bright sun,3025700,1,0,0,2,0,0,0,0,1,,0,0,Otago Region,Nil,2-way,Sealed,0,0,0,0,50,0,Null,0,0,,69,Central Otago District,Unknown,0,0,0,0,0,0,Urban,1,0,0,Fine,Null
1768010,5908642,5023,,523502,0,,0,2,,North,2008/2009,PEARL BAKER DRIVE,JOHNSTONES ROAD,,Non-Injury Crash,No,2009,,North,,0,,Flat,,,,,,Overcast,702500,0,0,0,2,,,0,,,,,,Auckland Region,Nil,2-way,Sealed,,0,0,,50,,Off,0,0,,76,Auckland,Nil,,,,,0,0,Urban,0,,,Fine,Null
1436003,5010869,5024,,600826,0,0,0,0,1,South,2008/2009,AIREDALE ROAD,TURFUS CAMP ROAD,,Minor Crash,No,2009,0,North,0,0,0,Hill Road,0,,0,,0,Bright sun,2828801,1,0,1,2,0,0,0,0,0,,0,0,Otago Region,Nil,2-way,Sealed,0,0,0,0,100,0,Null,0,0,,68,Waitaki District,Unknown,0,0,0,0,0,0,Open,0,0,0,Fine,Null
1818011,5801449,5025,,527505,0,,0,2,,Null,2008/2009,CAMPBELL ST,TENNYSON ST,,Non-Injury Crash,No,2009,,West,,0,,Flat,,,,,,Overcast,967100,0,0,0,2,,,0,,,,,,Waikato Region,Nil,2-way,Sealed,,0,0,,50,,Null,0,0,,17,Waipa District,Give way,,,,,0,0,Urban,0,,,Fine,Null
1800702,5815815,5026,,529700,0,,0,2,,North,2008/2009,VICTORIA ST,LONDON ST,,Non-Injury Crash,No,2009,,South,,0,,Flat,,,,,,Bright sun,910100,0,0,0,4,,,0,,,,,,Waikato Region,Nil,2-way,Sealed,,0,0,,50,,Null,0,0,,16,Hamilton City,Unknown,,,,,0,0,Urban,0,,,Fine,Null
1558959,5174864,5027,,587849,0,,0,1,,East,2008/2009,TRENTS ROAD,SHANDS ROAD,,Minor Crash,No,2009,,East,,0,,Flat,,,,,,Overcast,2499507,1,0,0,2,,,0,,,,,,Canterbury Region,Nil,2-way,Sealed,,0,0,,100,,Null,0,0,,62,Selwyn District,Unknown,,,,,0,0,Open,0,,,Light rain,Null
1804134,5813783,5028,,530700,1,,0,1,,North,2009/2010,CAMBRIDGE ROAD,SH 1N,,Non-Injury Crash,No,2009,,North,,0,,Flat,,,,,,Overcast,887701,0,0,0,1,,,0,,,,,,Waikato Region,Nil,2-way,Sealed,,0,0,,50,,Null,0,0,,16,Hamilton City,Unknown,,,,,0,0,Urban,0,,,Fine,Null
1753120,5914181,5029,,514500,0,,0,2,,Null,2009/2010,MAIORO ST,ROSEVILLE ST,,Non-Injury Crash,No,2009,,East,,0,,Flat,,,,,,Overcast,376402,0,0,0,4,,,0,,,,,,Auckland Region,Nil,2-way,Sealed,,0,0,,50,,Null,0,0,,76,Auckland,Give way,,,,,0,0,Urban,0,,,Fine,Null
1757661,5918569,5030,,514302,0,,0,3,,East,2008/2009,KHYBER PASS ROAD,BOSTON ROAD,,Non-Injury Crash,No,2009,,West,,0,,Flat,,,,,,Overcast,442100,0,0,0,5,,,0,,,,,,Auckland Region,Nil,2-way,Sealed,,0,0,,50,,Null,0,0,,76,Auckland,Unknown,,,,,0,0,Urban,0,,,Fine,Null
1851899,5805137,5031,50,535231,0,,0,1,,East,2008/2009,SH 29,STOPFORD ROAD,,Non-Injury Crash,Yes,2009,,West,,0,,Hill Road,,,,,,Dark,1115200,0,0,0,3,,,0,,,,,,Waikato Region,Nil,2-way,Sealed,,0,0,,100,,None,0,0,,15,Matamata-Piako District,Unknown,,,,,0,0,Open,0,,,Fine,Frost
1755342,5921914,5032,,515202,0,0,0,0,0,North,2009/2010,SH 1N,CURRAN ON NBD,,Non-Injury Crash,Yes,2009,0,North,0,0,0,Flat,0,,0,,0,Bright sun,423600,0,0,0,3,0,0,0,0,0,,0,0,Auckland Region,Nil,1-way,Sealed,0,0,0,0,80,0,Null,0,0,,76,Auckland,Unknown,0,0,0,0,1,0,Open,1,1,0,Fine,Null
1754128,5934753,5033,,507102,0,,0,1,,West,2008/2009,MULGAN WAY,GRETNA GREEN LANE,,Non-Injury Crash,No,2009,,East,,0,,Hill Road,,,,,,Overcast,158707,0,0,0,2,,,0,,,,,,Auckland Region,Nil,2-way,Sealed,,0,0,,50,,Null,0,0,,76,Auckland,Unknown,,,,,1,0,Urban,0,,,Fine,Null
1767249,5913419,5034,,522910,0,,0,1,,West,2008/2009,PAKURANGA ROAD,LEWIS ROAD,,Non-Injury Crash,No,2009,,East,,0,,Hill Road,,,,,,Twilight,685000,0,0,0,4,,,0,,,,,,Auckland Region,Nil,2-way,Sealed,,0,0,,50,,On,1,0,,76,Auckland,Nil,,,,,0,0,Urban,0,,,Fine,Null
1756290,5920545,5035,,514000,0,,0,2,,West,2009/2010,VICTORIA ST WEST,FRANKLIN ROAD,,Non-Injury Crash,No,2009,,East,,0,,Flat,,,,,,Dark,416600,0,0,0,5,,,0,,,,,,Auckland Region,Nil,2-way,Sealed,,0,0,,50,,On,0,0,,76,Auckland,Traffic Signals,,,,,0,0,Urban,0,,,Fine,Null
1600969,5444998,5036,,581833,0,,0,1,,North,2008/2009,SH 60,ROBINSON ROAD,,Non-Injury Crash,Yes,2009,,North,,0,,Flat,,,,,,Overcast,2372900,0,0,0,2,,,0,,,,,,Tasman Region,Nil,2-way,Sealed,,0,0,,100,,Null,1,0,50,51,Tasman District,Nil,,,,,0,0,Open,0,,,Light rain,Null
1764428,5914898,5037,,520303,0,,0,2,,Null,2009/2010,ELLERSLIE-PANMURE HIGHWAY,MOUNT WELLINGTON HIGHWAY,,Non-Injury Crash,No,2009,,West,,0,,Flat,,Christmas New Year,,,,Bright sun,627400,0,0,0,6,,,0,,,,,,Auckland Region,Nil,2-way,Sealed,,0,0,,50,,Off,0,0,,76,Auckland,Traffic Signals,,,,,0,0,Urban,0,,,Fine,Null
1767776,5904283,5038,,524602,0,,0,2,,Null,2009/2010,MANUKAU STATION ROAD,GREAT SOUTH ROAD S,,Non-Injury Crash,No,2009,,North,,0,,Flat,,,,,,Bright sun,780501,0,0,0,6,,,0,,,,,,Auckland Region,Nil,2-way,Sealed,,0,0,,50,,Null,0,0,,76,Auckland,Give way,,,,,0,0,Urban,0,,,Fine,Null
1774882,5897252,5039,,523813,0,0,0,1,0,South,2008/2009,DOMINION ROAD,PAPAKURA-CLEVEDON ROAD,,Non-Injury Crash,No,2009,0,North,0,0,0,Flat,0,,0,,0,Overcast,761602,0,0,0,2,0,0,0,0,0,,0,1,Auckland Region,Nil,2-way,Sealed,0,0,0,0,50,0,Null,0,0,,76,Auckland,Unknown,0,0,0,0,0,0,Urban,0,0,0,Fine,Null
1760669,5916834,5040,,516202,0,,0,2,,North,2008/2009,ORAKEI ROAD,REMUERA ROAD,,Non-Injury Crash,No,2009,,South,,0,,Flat,,,,,,Overcast,489600,0,0,0,3,,,0,,,,,,Auckland Region,Nil,2-way,Sealed,,0,0,,50,,Null,0,0,,76,Auckland,Unknown,,,,,0,0,Urban,0,,,Fine,Null
1756610,5912790,5041,,518702,0,,0,2,,North,2008/2009,HILLSBOROUGH ROAD,HILLSBOROUGH OFF WBD,,Non-Injury Crash,No,2009,,North,,0,,Flat,,,,,,Overcast,570100,0,0,0,4,,,0,,,,,,Auckland Region,Nil,2-way,Sealed,,0,0,,50,,Off,0,0,,76,Auckland,Traffic Signals,,,,,0,0,Urban,0,,,Light rain,Null
1763208,5919797,5042,,516500,0,0,0,0,0,South,2008/2009,PATTESON AVENUE,CODRINGTON CRESCENT,,Non-Injury Crash,No,2009,0,North,0,0,0,Hill Road,0,,0,,1,Bright sun,502500,0,0,0,2,0,0,0,0,0,,0,0,Auckland Region,Nil,2-way,Sealed,0,0,0,0,50,0,Off,0,0,,76,Auckland,Nil,0,0,0,0,0,0,Urban,1,0,0,Fine,Null
1831224,5857428,5043,,533901,0,0,0,1,0,South,2008/2009,AWAITI ROAD,WANI ROAD,,Non-Injury Crash,No,2009,0,South,0,0,0,Flat,0,,0,,0,Dark,1065700,0,0,0,2,0,0,0,0,0,,0,0,Waikato Region,Nil,2-way,Sealed,0,0,0,0,100,0,None,0,0,,12,Hauraki District,Unknown,0,0,0,0,0,0,Open,0,0,0,Heavy rain,Null
1757017,5920824,5044,,514101,0,,0,2,,Null,2008/2009,STURDEE ST,FANSHAWE ST,,Non-Injury Crash,No,2009,,North,,0,,Flat,,,,,,Dark,433003,0,0,0,3,,,0,,,,,,Auckland Region,Nil,1-way,Sealed,,0,0,,50,,On,0,1,,76,Auckland,Traffic Signals,,,,,0,0,Urban,0,,,Fine,Null
1889983,5753129,5045,,538850,0,0,0,1,0,West,2008/2009,WAIKITE VALLEY ROAD,NGAPOURI ROAD,,Non-Injury Crash,No,2009,0,West,0,0,0,Hill Road,0,,0,,0,Overcast,1262901,0,0,0,2,0,0,0,1,0,,0,0,Waikato Region,Nil,2-way,Sealed,0,0,0,0,100,0,None,0,0,,24,Rotorua District,Nil,0,0,0,0,0,0,Open,0,0,0,Light rain,Null
1751752,5926262,5046,,510220,0,,0,1,,Null,2009/2010,BIRKDALE ROAD,TIRI TIRI ROAD,,Non-Injury Crash,No,2009,,North,,0,,Flat,,,,,,Bright sun,349100,0,0,0,2,,,0,,,,,,Auckland Region,Nil,2-way,Sealed,,0,0,,50,,Off,1,0,,76,Auckland,Nil,,,,,0,0,Urban,0,,,Fine,Null
1759075,5926065,5047,,508020,0,,0,2,,West,2009/2010,LAKE ROAD,HORORATA ROAD,,Non-Injury Crash,No,2009,,West,,0,,Flat,,,,,,Bright sun,321400,0,0,0,2,,,0,,,,,,Auckland Region,Nil,2-way,Sealed,,0,0,,50,,Null,0,0,,76,Auckland,Unknown,,,,,0,0,Urban,0,,,Fine,Null
1745092,5920773,5048,,513632,0,,0,1,,West,2008/2009,TRIANGLE ROAD,LINCOLN ROAD,,Non-Injury Crash,No,2009,,East,,0,,Flat,,,,,,Overcast,228702,0,0,0,2,,,0,,,,,,,Nil,2-way,Sealed,,0,0,,50,,Null,0,0,,76,Auckland,Unknown,,,,,0,0,Urban,1,,,Fine,Null
1420166,4956960,5049,,601301,0,0,0,1,0,North,2008/2009,SH 1S,PATTERSON ROAD,,Serious Crash,Yes,2009,0,South,0,0,1,Flat,0,,0,,0,Dark,2854100,0,0,0,2,0,0,0,0,0,,0,0,Otago Region,Nil,2-way,Sealed,0,0,1,0,100,0,None,0,0,,68,Waitaki District,Unknown,0,0,0,0,0,0,Open,0,0,0,Fine,Null
1764428,5914898,5050,,520303,0,,0,2,,Null,2009/2010,ELLERSLIE-PANMURE HIGHWAY,MOUNT WELLINGTON HIGHWAY,,Non-Injury Crash,No,2009,,West,,0,,Flat,,,,,,Dark,627400,0,0,0,6,,,0,,,,,,Auckland Region,Nil,2-way,Sealed,,0,0,,50,,On,0,0,,76,Auckland,Traffic Signals,,,,,0,0,Urban,0,,,Fine,Null
1783153,5828467,5051,,526601,0,0,0,1,0,West,2008/2009,WAINGARO ROAD,OWEN ROAD E,,Non-Injury Crash,No,2009,0,West,0,0,1,Hill Road,0,,0,,0,Dark,853400,0,0,0,2,0,0,0,0,0,,0,0,Waikato Region,Nil,2-way,Sealed,0,0,0,0,100,0,None,0,0,,13,Waikato District,Nil,0,0,0,0,0,0,Open,0,0,0,Fine,Null
1719661,6046824,5052,,502800,0,,0,1,,Null,2009/2010,MILL ROAD,DONALD ST,,Non-Injury Crash,No,2009,,South,,0,,Null,,,,,,Overcast,97000,0,0,0,4,,,0,,,,,,Northland Region,Nil,2-way,Sealed,,0,0,,50,,Off,0,0,,2,Whangarei District,Traffic Signals,,,,,1,0,Urban,0,,,Fine,Null
1760879,5914796,5053,,520202,0,,0,1,,Null,2008/2009,KALMIA ST,STANWAY PLACE,,Non-Injury Crash,No,2009,,West,,0,,Flat,,,,,,Bright sun,611600,0,1,0,2,,,0,,,,,,Auckland Region,Nil,2-way,Sealed,,0,0,,50,,Null,0,0,,76,Auckland,Nil,,,,,0,0,Urban,0,,,Fine,Null
1747579,5914631,5054,,511100,0,,0,2,,South,2008/2009,GREAT NORTH ROAD,SABULITE ROAD,,Non-Injury Crash,No,2009,,South,,0,,Hill Road,,,,,,Overcast,285202,0,0,0,4,,,0,,,,,,Auckland Region,Nil,2-way,Sealed,,0,0,,50,,Null,0,0,,76,Auckland,Unknown,,,,,0,0,Urban,0,,,Light rain,Null
1769895,5899747,5055,,523911,0,,0,4,,North,2009/2010,SH 1N,TAKANINI OFF SBD,,Non-Injury Crash,Yes,2009,,South,,0,,Flat,,,,,,Dark,766600,0,0,0,2,,,0,,,,,,Auckland Region,Nil,1-way,Sealed,,0,0,,100,,On,0,0,,76,Auckland,Nil,,,,,0,0,Open,0,,,Fine,Null
1734569,6040598,5056,,501818,0,0,0,1,1,South,2009/2010,WHANGAREI HEADS ROAD,PATAUA SOUTH ROAD,,Non-Injury Crash,No,2009,0,North,0,0,0,Flat,0,,0,,0,Dark,74102,0,0,0,2,0,0,0,0,0,,0,0,Northland Region,Nil,2-way,Sealed,0,0,0,0,100,0,None,0,0,,2,Whangarei District,Unknown,0,0,0,0,0,0,Open,0,0,0,Fine,Null
1751410,5912756,5057,20,514600,0,,0,2,,Null,2009/2010,BOLTON ST,TAYLOR ST,,Non-Injury Crash,No,2009,,East,,0,,Flat,,,,,,Twilight,371300,0,0,0,2,,,0,,,,,,Auckland Region,Nil,2-way,Sealed,,0,0,,50,,Off,0,0,,76,Auckland,Give way,,,,,0,0,Urban,0,,,Fine,Null
1756679,5919909,5058,,514102,0,,0,2,,Null,2009/2010,NELSON OFF 16 NBD,NELSON ST,,Non-Injury Crash,Yes,2009,,North,,0,,Flat,,,,,,Overcast,435500,0,0,0,3,,,0,,,,,,Auckland Region,Nil,1-way,Sealed,,0,0,,50,,Null,0,0,,76,Auckland,Traffic Signals,,,,,0,0,Urban,0,,,Fine,Null
1413007,4917483,5059,,604822,0,,0,2,,North,2008/2009,PORTOBELLO ROAD,MARION ST S,,Serious Crash,No,2009,,North,,0,,Flat,,,,,,Overcast,2942500,2,0,0,2,,,0,,,,,,Otago Region,Nil,2-way,Sealed,,0,1,,70,,Null,0,0,,71,Dunedin City,Unknown,,,,,0,0,Urban,0,,,Heavy rain,Null
1743892,5917050,5060,,513220,0,0,0,0,0,North,2009/2010,BASRA DRIVE,MIDHURST AVENUE,,Non-Injury Crash,No,2009,0,South,0,0,0,Flat,0,,0,,0,Overcast,236801,0,0,0,2,0,0,0,0,1,,0,0,Auckland Region,Nil,2-way,Sealed,0,0,0,0,50,0,None,0,0,,76,Auckland,Nil,0,0,0,0,1,0,Urban,1,0,0,Fine,Null
1883113,5827549,5061,,536821,0,,0,2,,South,2008/2009,OCEANBEACH ROAD,MARINE PARADE,,Non-Injury Crash,No,2009,,South,,0,,Flat,,Queens Birthday,,,,Dark,1198900,0,0,0,2,,,0,,,,,,Bay of Plenty Region,Nil,2-way,Sealed,,0,0,,50,,On,0,0,,23,Tauranga City,Nil,,,,,0,0,Urban,0,,,Light rain,Null
1753150,5928758,5062,,508412,0,,0,2,,South,2009/2010,EASTON PARK PARADE,MANUKA ROAD,,Non-Injury Crash,No,2009,,North,,0,,Flat,,,,,,Dark,184400,0,0,0,2,,,0,,,,,,Auckland Region,Nil,2-way,Sealed,,0,0,,50,,On,0,0,,76,Auckland,Traffic Signals,,,,,0,0,Urban,0,,,Fine,Null
1757307,5916958,5063,,515700,0,0,0,1,0,West,2009/2010,OWENS ROAD,CECIL ROAD,,Non-Injury Crash,No,2009,0,South,0,0,1,Flat,0,,0,,0,Overcast,445100,0,0,0,2,0,0,0,0,0,,0,0,Auckland Region,Nil,2-way,Sealed,0,0,0,0,50,0,Null,0,0,,76,Auckland,Unknown,0,0,0,0,0,0,Urban,0,0,0,Fine,Null
1763446,5913908,5064,,520303,0,,0,1,,Null,2008/2009,PENROSE ROAD,BARRACK ROAD,,Non-Injury Crash,No,2009,,East,,0,,Hill Road,,,,,,Dark,627300,0,0,0,4,,,0,,,,,,Auckland Region,Nil,2-way,Sealed,,0,0,,50,,On,1,0,,76,Auckland,Traffic Signals,,,,,0,0,Urban,0,,,Fine,Null
1754304,5933949,5065,,508804,0,0,0,1,0,Null,2009/2010,GREVILLE ROAD,EAST COAST ROAD,,Non-Injury Crash,No,2009,0,South,0,0,1,Hill Road,0,,0,,0,Dark,180611,0,0,0,2,0,0,0,0,0,,0,0,Auckland Region,Nil,2-way,Sealed,0,0,0,0,50,0,On,0,0,,76,Auckland,Traffic Signals,0,0,0,0,0,0,Urban,0,0,0,Light rain,Null
1759052,5919347,5066,,515901,0,0,0,1,0,Null,2008/2009,ST STEPHENS AVENUE,BRIGHTON ROAD,,Non-Injury Crash,No,2009,0,East,0,0,0,Flat,0,Christmas New Year,0,,1,Dark,456300,0,0,0,2,0,0,0,0,0,,0,0,Auckland Region,Nil,2-way,Sealed,0,0,0,0,50,0,On,0,0,,76,Auckland,Nil,0,0,0,0,0,0,Urban,0,0,0,Fine,Null
1797726,5814525,5067,,528602,0,,0,2,,East,2009/2010,SH 23,POAKA AVENUE,,Non-Injury Crash,Yes,2009,,West,,0,,Flat,,,,,,Overcast,921100,0,0,0,2,,,0,,,,,,Waikato Region,Nil,2-way,Sealed,,0,0,,50,,Null,0,0,,16,Hamilton City,Unknown,,,,,0,0,Urban,0,,,Fine,Null
1805321,5814154,5068,,530600,0,,0,1,,Null,2008/2009,SH 26,MATANGI ROAD,,Non-Injury Crash,Yes,2009,,East,,0,,Hill Road,,Christmas New Year,,,,Bright sun,885801,0,0,0,2,,,0,,,,,,Waikato Region,Nil,2-way,Sealed,,0,0,,80,,Off,1,0,,16,Hamilton City,Give way,,,,,0,0,Open,0,,,Fine,Null
1765182,5904851,5069,,522400,0,,0,2,,Null,2008/2009,BRIDGE STREET,CAMBRIDGE TERRACE,,Non-Injury Crash,No,2009,,North,,0,,Flat,,,,,,Dark,673302,0,0,0,2,,,0,,,,,,Auckland Region,Nil,2-way,Sealed,,0,0,,50,,On,0,0,,76,Auckland,Give way,,,,,0,0,Urban,0,,,Fine,Null
1758996,5912433,5070,,519820,0,,0,2,,Null,2009/2010,ONEHUNGA MALL,ARTHUR ST,,Non-Injury Crash,No,2009,,East,,0,,Hill Road,,,,,,Twilight,600800,0,0,0,2,,,0,,,,,,Auckland Region,Nil,2-way,Sealed,,0,0,,50,,On,0,0,,76,Auckland,Give way,,,,,0,0,Urban,0,,,Light rain,Null
1718781,6045699,5071,,503000,0,,0,1,,Null,2009/2010,CENTRAL AVENUE,THIRD AVENUE,,Non-Injury Crash,No,2009,,West,,0,,Flat,,,,,,Bright sun,98100,0,0,0,2,,,0,,,,,,Northland Region,Nil,2-way,Sealed,,0,0,,50,,Null,0,0,,2,Whangarei District,Stop,,,,,0,0,Urban,1,,,Fine,Null
1739582,5928902,5072,,505602,0,0,0,2,0,North,2008/2009,RIVERHEAD ROAD,SH 16,,Non-Injury Crash,No,2009,0,South,0,0,0,Flat,0,,0,,0,Dark,214203,0,0,0,2,0,0,0,0,2,,0,0,Auckland Region,Nil,2-way,Sealed,0,0,0,0,50,0,On,1,0,,76,Auckland,Nil,0,0,0,0,0,0,Urban,0,0,0,Fine,Null
1773079,5879476,5073,30,521131,0,0,0,1,0,South,2008/2009,HARRISVILLE ROAD,LOGAN ROAD,,Non-Injury Crash,No,2009,0,North,0,0,0,Flat,0,,0,,0,Dark,827901,0,0,0,2,0,0,0,0,0,,0,1,Waikato Region,Nil,2-way,Sealed,0,0,0,0,70,0,On,0,0,,13,Waikato District,Nil,0,0,0,0,0,0,Urban,0,0,0,Fine,Null
1716788,6057504,5074,,502001,0,0,0,0,0,South,2008/2009,SH 1N,GEORGE ST,,Non-Injury Crash,Yes,2009,0,North,1,0,0,Flat,0,Easter,0,,0,Bright sun,64402,0,0,0,2,0,0,0,0,0,,0,0,Northland Region,Nil,2-way,Sealed,0,0,0,0,100,0,None,0,0,,2,Whangarei District,Nil,0,0,0,0,0,0,Open,1,0,0,Fine,Null
1763985,5909949,5075,,521901,0,,0,1,,West,2009/2010,STATION ROAD,GREAT SOUTH ROAD,,Non-Injury Crash,No,2009,,East,,0,,Flat,,,,,,Bright sun,784200,0,0,0,2,,,0,,,,,,Auckland Region,Nil,2-way,Sealed,,0,0,,50,,Off,0,0,,76,Auckland,Nil,,,,,1,0,Urban,0,,,Fine,Null
1859705,5755725,5076,,535262,0,,0,2,,North,2008/2009,SH 1N,ANDERSONS ROAD S,,Non-Injury Crash,Yes,2009,,North,,0,,Hill Road,,,,,,Bright sun,1151902,0,0,0,3,,,0,,,,,,Waikato Region,Nil,2-way,Sealed,,0,0,,100,,Null,0,0,,19,South Waikato District,Unknown,,,,,0,0,Open,0,,,Fine,Null
1754289,5912927,5077,,518901,0,,0,1,,North,2008/2009,RICHARDSON ROAD,PLAYFAIR ROAD,,Non-Injury Crash,No,2009,,South,,0,,Flat,,,,,,Bright sun,586000,0,0,0,2,,,0,,,,,,Auckland Region,Nil,2-way,Sealed,,0,0,,50,,Null,1,0,,76,Auckland,Unknown,,,,,0,0,Urban,0,,,Fine,Null
1573452,5180058,5078,,593600,0,,0,0,,East,2009/2010,Z CPK MEDICAL CENTRE,LINWOOD AVENUE,,Serious Crash,No,2009,,South,,0,,Flat,,,,,,Bright sun,2612502,0,0,0,0,,,0,,,1,,,Canterbury Region,Nil,Off road,Sealed,,0,1,,30,,Null,0,0,,60,Christchurch City,Unknown,,,,,0,0,Urban,1,,,Fine,Null
1614195,6140138,5079,,500208,0,,0,1,,North,2008/2009,SH 1N,TURK VALLEY ROAD,,Non-Injury Crash,Yes,2009,,South,,0,,Flat,,,,,,Bright sun,1400,0,0,0,2,,,0,,,,,,Northland Region,Nil,2-way,Sealed,,0,0,,100,,Null,0,0,,1,Far North District,Unknown,,,,,0,0,Open,0,,,Fine,Null
1789570,5828804,5080,,528200,0,,0,2,,South,2009/2010,GREAT SOUTH ROAD,MARTIN ST,,Non-Injury Crash,No,2009,,South,,0,,Flat,,,,,,Dark,857700,0,0,0,2,,,0,,,,,,Waikato Region,Nil,2-way,Sealed,,0,0,,50,,On,0,0,,13,Waikato District,Nil,,,,,0,0,Urban,0,,,Fine,Null
1883474,5773131,5081,,539700,0,,0,1,,West,2009/2010,MALFROY ROAD WEST,MIRO ST,,Non-Injury Crash,No,2009,,West,,0,,Flat,,,,,,Twilight,1227300,0,0,0,2,,,0,,,,,,Bay of Plenty Region,Nil,2-way,Sealed,,0,0,,50,,Off,0,0,,24,Rotorua District,Unknown,,,,,0,0,Urban,1,,,Fine,Strong wind
1760192,5915960,5082,,516003,0,,0,1,,Null,2008/2009,GREEN LANE EAST,GREENLANE INT,,Non-Injury Crash,No,2009,,South,,0,,Flat,,,,,,Bright sun,494902,0,0,0,2,,,0,,,,,,Auckland Region,Nil,2-way,Sealed,,0,0,,50,,Off,1,0,,76,Auckland,Give way,,,,,0,0,Urban,0,,,Fine,Null
1763731,5912970,5083,,520402,0,,0,2,,West,2008/2009,ARANUI ROAD,MOUNT WELLINGTON HIGHWAY,,Non-Injury Crash,No,2009,,East,,0,,Flat,,,,,,Bright sun,641503,0,0,0,2,,,0,,,,,,Auckland Region,Nil,2-way,Sealed,,0,0,,50,,Off,0,0,,76,Auckland,Nil,,,,,0,0,Urban,0,,,Fine,Null
1755659,5922445,5084,,509800,0,,0,2,,North,2008/2009,SH 1N,SHELLY OFF SBD,,Non-Injury Crash,Yes,2009,,South,,0,,Hill Road,,,,,,Bright sun,359300,0,0,0,2,,,0,,,,,,,Bridge,1-way,Sealed,,0,0,,80,,Off,0,0,,76,Auckland,Nil,,,,,0,0,Open,0,,,Fine,Null
1767780,5903864,5085,,524602,0,,0,2,,Null,2009/2010,GREAT SOUTH ROAD,MANUKAU OFF NBD,,Non-Injury Crash,No,2009,,North,,0,,Flat,,Labour Weekend,,,,Bright sun,780417,0,0,0,4,,,0,,,,,,Auckland Region,Nil,2-way,Sealed,,0,0,,50,,Off,0,0,,76,Auckland,Traffic Signals,,,,,0,0,Urban,0,,,Fine,Null
1766670,5912935,5086,,522910,0,,0,2,,East,2008/2009,REEVES ROAD,TI RAKAU DRIVE,,Non-Injury Crash,No,2009,,West,,0,,Flat,,,,,,Bright sun,684000,0,0,0,4,,,0,,,,,,Auckland Region,Nil,2-way,Sealed,,0,0,,50,,Null,0,0,,76,Auckland,Traffic Signals,,,,,0,0,Urban,0,,,Fine,Frost