X,Y,OBJECTID,advisorySpeed,areaUnitID,bicycle,bridge,bus,carStationWagon,cliffBank,crashDirectionDescription,crashFinancialYear,crashLocation1,crashLocation2,crashRoadSideRoad,crashSeverity,crashSHDescription,crashYear,debris,directionRoleDescription,ditch,fatalCount,fence,flatHill,guardRail,holiday,houseOrBuilding,intersection,kerb,light,meshblockId,minorInjuryCount,moped,motorcycle,NumberOfLanes,objectThrownOrDropped,otherObject,otherVehicleType,overBank,parkedVehicle,pedestrian,phoneBoxEtc,postOrPole,region,roadCharacter,roadLane,roadSurface,roadworks,schoolBus,seriousInjuryCount,slipOrFlood,speedLimit,strayAnimal,streetLight,suv,taxi,temporarySpeedLimit,tlaId,tlaName,trafficControl,trafficIsland,trafficSign,train,tree,truck,unknownVehicleType,urban,vanOrUtility,vehicle,waterRiver,weatherA,weatherB
1750757,5934250,5087,,508701,0,,0,2,,Null,2008/2009,THE AVENUE,TWIN COURT,,Non-Injury Crash,No,2009,,North,,0,,Flat,,,,,,Dark,178706,0,0,0,2,,,0,,,,,,Auckland Region,Nil,2-way,Sealed,,0,0,,50,,On,0,0,,76,Auckland,Stop,,,,,0,0,Urban,0,,,Light rain,Null
1756782,5919749,5088,,514102,0,,0,2,,Null,2008/2009,PITT ST,HOPETOUN ST,,Non-Injury Crash,No,2009,,South,,0,,Hill Road,,,,,,Overcast,435500,0,0,0,5,,,0,,,,,,Auckland Region,Nil,2-way,Sealed,,0,0,,50,,Off,0,0,,76,Auckland,Traffic Signals,,,,,0,0,Urban,0,,,Fine,Null
1803986,5818082,5089,,527124,0,0,0,1,0,East,2009/2010,POWELLS ROAD,ALDONA PLACE,,Non-Injury Crash,No,2009,0,West,0,0,1,Flat,0,,0,,0,Overcast,954409,0,0,0,2,0,0,0,0,0,,0,0,Waikato Region,Nil,2-way,Unsealed,0,0,0,0,100,0,Null,0,0,,16,Hamilton City,Unknown,0,0,0,0,0,0,Open,0,0,0,Fine,Null
1759797,5924590,5090,,508110,0,0,0,0,0,South,2009/2010,LAKE ROAD,MONTGOMERY AVENUE,,Non-Injury Crash,No,2009,0,South,0,0,0,Hill Road,0,,0,,0,Bright sun,318000,0,0,0,2,0,0,1,0,0,,0,1,Auckland Region,Nil,2-way,Sealed,0,0,0,0,50,0,Null,0,0,,76,Auckland,Unknown,0,0,0,0,0,0,Urban,0,0,0,Fine,Null
1877663,5818569,5091,80,537900,0,,0,0,,South,2009/2010,SH 29,POIKE ROAD,,Non-Injury Crash,Yes,2009,,North,,0,,Flat,,,,,,Overcast,1193201,0,0,0,2,,,0,,,,,,Bay of Plenty Region,Nil,2-way,Sealed,,0,0,,100,,Null,0,0,,23,Tauranga City,Unknown,,,,,0,0,Open,1,,,Heavy rain,Null
1692817,6094297,5092,,501633,0,0,0,0,0,East,2008/2009,SH 11,RETREAT ROAD,,Non-Injury Crash,Yes,2009,0,East,0,0,0,Flat,0,,0,,0,Overcast,50804,0,0,0,2,0,0,0,0,0,,0,0,Northland Region,Nil,2-way,Sealed,0,0,0,0,100,0,Null,0,0,,1,Far North District,Unknown,0,1,0,0,0,0,Open,1,0,0,Light rain,Null
1757022,5916915,5093,,518202,0,,0,2,,Null,2008/2009,VALLEY ROAD,MOUNT EDEN ROAD,,Non-Injury Crash,No,2009,,East,,0,,Flat,,,,,,Overcast,550000,0,0,0,1,,,0,,,,,,Auckland Region,Nil,2-way,Sealed,,0,0,,50,,Null,0,0,,76,Auckland,Give way,,,,,0,0,Urban,0,,,Mist or Fog,Null
1882875,5776367,5094,,539200,0,,0,2,,Null,2008/2009,SH 5,OLD QUARRY ROAD,,Non-Injury Crash,Yes,2009,,North,,0,,Flat,,Easter,,,,Dark,1221100,0,0,0,4,,,0,,,,,,Bay of Plenty Region,Nil,2-way,Sealed,,0,0,,60,,On,0,0,,24,Rotorua District,Stop,,,,,0,0,Urban,0,,,Fine,Null
1751565,5915262,5095,,514401,0,,0,1,,North,2009/2010,BLOCKHOUSE BAY ROAD,NEW NORTH ROAD,,Non-Injury Crash,No,2009,,North,,0,,Hill Road,,,,,,Bright sun,382600,0,0,0,2,,,0,,,,,,Auckland Region,Nil,2-way,Sealed,,0,0,,50,,Off,0,0,,76,Auckland,Traffic Signals,,,,,1,0,Urban,0,,,Fine,Null
1814829,5876910,5096,,533901,0,0,0,1,0,West,2009/2010,SH 25,PIPIROA ROAD,,Non-Injury Crash,Yes,2009,0,West,1,0,0,Flat,0,,0,,0,Bright sun,1066600,0,0,0,2,0,0,0,0,0,,0,0,Waikato Region,Nil,2-way,Sealed,0,0,0,0,100,0,Null,0,0,,12,Hauraki District,Unknown,0,0,0,0,0,0,Open,0,0,0,Fine,Null
1759151,5918763,5097,,515901,0,0,0,1,0,West,2008/2009,AYR ST,SHORE ROAD,,Non-Injury Crash,No,2009,0,West,0,0,0,Flat,0,,0,,0,Dark,456900,0,0,0,2,0,0,0,0,0,,0,1,Auckland Region,Nil,2-way,Sealed,0,0,0,0,50,0,On,0,0,,76,Auckland,Nil,0,0,0,0,0,0,Urban,1,0,0,Fine,Null
1751527,5916404,5098,,514401,0,,0,2,,Null,2008/2009,GREAT NORTH ROAD,BLOCKHOUSE BAY ROAD,,Non-Injury Crash,No,2009,,East,,0,,Hill Road,,,,,,Dark,383600,0,0,0,3,,,0,,,,,,Auckland Region,Nil,2-way,Sealed,,0,0,,50,,On,0,0,,76,Auckland,Traffic Signals,,,,,0,0,Urban,0,,,Light rain,Null
1757131,5920717,5099,,514102,0,,0,1,,Null,2009/2010,HOBSON ST,WYNDHAM ST,,Non-Injury Crash,No,2009,,South,,0,,Flat,,,,,,Bright sun,433305,0,0,0,5,,,0,,,,,,Auckland Region,Nil,1-way,Sealed,,0,0,,50,,Null,1,0,,76,Auckland,Traffic Signals,,,,,0,0,Urban,0,,,Fine,Null
1802163,5817313,5100,,530000,0,0,0,1,0,South,2009/2010,BYRON ROAD,WORDSWORTH CRESCENT,,Non-Injury Crash,No,2009,0,North,0,0,0,Flat,0,,0,,0,Dark,866800,0,0,0,2,0,0,0,0,0,,0,1,Waikato Region,Nil,2-way,Sealed,0,0,0,0,50,0,Off,0,0,,16,Hamilton City,Nil,0,0,0,0,0,0,Urban,0,0,0,Fine,Null
1899586,5810353,5101,,536651,0,0,0,1,0,Null,2009/2010,SH 33,SH 2,,Non-Injury Crash,Yes,2009,0,West,0,0,0,Flat,0,,0,,0,Dark,1211000,0,0,0,2,0,0,0,0,0,,0,1,Bay of Plenty Region,Nil,2-way,Sealed,0,0,0,0,100,0,On,0,0,,22,Western Bay of Plenty District,Give way,1,0,0,0,0,0,Open,0,0,0,Fine,Null
1573554,5181181,5102,,593400,1,,0,1,,Null,2008/2009,GLOUCESTER ST,AVONSIDE DRIVE,,Minor Crash,No,2009,,North,,0,,Flat,,,,,,Bright sun,2614500,1,0,0,2,,,0,,,,,,Canterbury Region,Nil,2-way,Sealed,,0,0,,50,,Null,0,0,,60,Christchurch City,Traffic Signals,,,,,0,0,Urban,0,,,Fine,Null
1880839,5826517,5103,,536821,0,,0,1,,West,2008/2009,SH 2,TASMAN QUAY,,Non-Injury Crash,Yes,2009,,West,,0,,Flat,,,,,,Bright sun,1203700,0,0,0,6,,,0,,,,,,Bay of Plenty Region,Nil,2-way,Sealed,,0,0,,70,,Null,0,0,,23,Tauranga City,Unknown,,,,,1,0,Urban,0,,,Fine,Null
1755679,5919688,5104,,515302,0,0,0,2,0,West,2008/2009,BROWN ST,PONSONBY ROAD,,Non-Injury Crash,No,2009,0,North,0,0,0,Flat,0,,0,,0,Dark,432300,0,0,0,2,0,0,0,0,1,,0,0,Auckland Region,Nil,2-way,Sealed,0,0,0,0,50,0,On,0,0,,76,Auckland,Give way,0,0,0,0,0,0,Urban,0,0,0,Fine,Null
1737748,5915640,5105,,513020,0,,0,1,,West,2009/2010,SCENIC DRIVE,TE HENGA ROAD,,Non-Injury Crash,No,2009,,West,,0,,Hill Road,,Christmas New Year,,,,Bright sun,281800,0,0,0,2,,,0,,,,,,Auckland Region,Nil,2-way,Sealed,,0,0,,100,,Null,0,0,,76,Auckland,Unknown,,,,,0,0,Open,0,,,Fine,Null
1843755,5811890,5106,,535501,0,,0,1,,Null,2009/2010,PERIA ROAD,SMITH ST,,Non-Injury Crash,No,2009,,West,,0,,Flat,,,,,,Overcast,1121700,0,0,0,2,,,0,,,,,,Waikato Region,Nil,2-way,Sealed,,0,0,,50,,Null,0,0,,15,Matamata-Piako District,Stop,,,,,0,0,Urban,1,,,Light rain,Null
1761420,5914328,5107,,520202,0,,0,2,,Null,2008/2009,PENROSE OFF SBD,PENROSE INT,,Non-Injury Crash,Yes,2009,,South,,0,,Hill Road,,,,,,Dark,612501,0,0,0,2,,,0,,,,,,Auckland Region,Motorway ramp,1-way,Sealed,,0,0,,50,,On,0,0,,76,Auckland,Give way,,,,,0,0,Urban,0,,,Fine,Null
1657457,5303920,5108,,581400,0,0,0,1,0,West,2009/2010,ESPLANADE,AVOCA ST,,Minor Crash,No,2009,0,East,0,0,0,Flat,0,,0,,0,Bright sun,2311801,1,0,0,2,0,0,0,1,0,,0,1,Canterbury Region,Nil,2-way,Sealed,0,0,0,0,50,0,Null,0,0,,54,Kaikoura District,Unknown,0,0,0,0,0,0,Urban,0,0,0,Fine,Null
1764091,5920296,5109,,516601,0,,0,2,,East,2009/2010,TAMAKI DRIVE,KOHIMARAMA ROAD,,Non-Injury Crash,No,2009,,East,,0,,Flat,,,,,,Bright sun,503900,0,0,0,2,,,0,,,,,,Auckland Region,Nil,2-way,Sealed,,0,0,,50,,Off,0,0,,76,Auckland,Nil,,,,,0,0,Urban,0,,,Fine,Null
1769565,5909249,5110,,523113,0,0,0,2,0,West,2009/2010,BALLYRONEY PLACE,CRAIGAVON DRIVE,,Non-Injury Crash,No,2009,0,North,0,0,0,Flat,0,,0,,0,Bright sun,711819,0,0,0,2,0,0,0,0,0,,0,0,Auckland Region,Nil,2-way,Sealed,0,0,0,0,50,0,Off,0,0,,76,Auckland,Nil,0,0,0,0,0,0,Urban,0,1,0,Fine,Null
1767120,5905528,5111,,524603,0,,0,2,,East,2008/2009,REAGAN ROAD,GREAT SOUTH ROAD,,Non-Injury Crash,No,2009,,West,,0,,Flat,,,,,,Overcast,671000,0,0,0,3,,,0,,,,,,Auckland Region,Nil,2-way,Sealed,,0,0,,50,,On,1,0,,76,Auckland,Traffic Signals,,,,,0,0,Urban,0,,,Light rain,Null
1763581,5913119,5112,,520402,0,0,0,2,0,West,2008/2009,LONGFORD ST,MOUNT WELLINGTON HIGHWAY,,Non-Injury Crash,No,2009,0,North,0,0,0,Flat,0,Christmas New Year,0,,0,Bright sun,641501,0,0,0,2,0,0,0,0,1,,0,0,Auckland Region,Nil,2-way,Sealed,0,0,0,0,50,0,Off,0,0,,76,Auckland,Nil,0,0,0,0,0,0,Urban,0,0,0,Fine,Null
1763753,5910134,5113,,521901,0,,0,1,,West,2008/2009,HUIA ROAD,GREAT SOUTH ROAD,,Non-Injury Crash,No,2009,,West,,0,,Flat,,,,,,Overcast,782100,0,0,0,2,,,0,,,,,,Auckland Region,Nil,2-way,Sealed,,0,0,,50,,Off,0,0,,76,Auckland,Nil,,,,,0,0,Urban,1,,,Heavy rain,Null
1744810,5917917,5114,,510700,0,,0,1,,South,2008/2009,SWANSON ROAD,STURGES ROAD,,Non-Injury Crash,No,2009,,North,,0,,Flat,,,,,,Bright sun,239103,0,0,0,2,,,0,,,,,,Auckland Region,Nil,2-way,Sealed,,0,0,,50,,Off,1,0,,76,Auckland,Nil,,,,,0,0,Urban,0,,,Fine,Null
1757829,5912132,5115,,519810,0,,0,1,,North,2009/2010,SH 20,QUEENSTOWN OFF NBD,,Non-Injury Crash,Yes,2009,,North,,0,,Flat,,,,,,Overcast,602501,0,0,0,2,,,0,,,,,,Auckland Region,Nil,1-way,Sealed,,0,0,,100,,Off,0,0,80,76,Auckland,Nil,,,,,1,0,Open,0,,,Fine,Null
1764113,5910397,5116,,521901,0,0,0,1,0,Null,2008/2009,ATKINSON AVENUE,LUKE ST,,Non-Injury Crash,No,2009,0,South,0,0,0,Hill Road,0,,0,,0,Bright sun,782000,0,0,0,2,0,0,0,0,0,,0,0,Auckland Region,Nil,2-way,Sealed,0,0,0,0,50,0,Null,0,0,,76,Auckland,Nil,0,0,0,0,0,0,Urban,1,1,0,Fine,Null
1752494,5933313,5117,,508807,0,,0,2,,Null,2008/2009,ALBANY EXPRESSWAY,BUSH ROAD,,Non-Injury Crash,No,2009,,East,,0,,Flat,,,,,,Dark,180404,0,0,0,2,,,0,,,,,,Auckland Region,Nil,2-way,Sealed,,0,0,,50,,On,0,0,,76,Auckland,Traffic Signals,,,,,0,0,Urban,0,,,Fine,Null
1570392,5180640,5118,,591500,0,,0,1,,Null,2008/2009,VICTORIA ST,KILMORE ST,,Minor Crash,No,2009,,West,,0,,Flat,,,,,,Dark,2653400,1,0,0,3,,,0,,,1,,,Canterbury Region,Nil,2-way,Sealed,,0,0,,50,,On,0,0,,60,Christchurch City,Traffic Signals,,,,,0,0,Urban,0,,,Fine,Null
1757837,5920097,5119,,514103,0,,0,2,,Null,2008/2009,SYMONDS ST,GRAFTON ROAD,,Non-Injury Crash,No,2009,,North,,0,,Flat,,Easter,,,,Twilight,437300,0,0,0,2,,,0,,,,,,Auckland Region,Nil,2-way,Sealed,,0,0,,50,,Off,0,0,,76,Auckland,Traffic Signals,,,,,0,0,Urban,0,,,Fine,Null
1878011,5821905,5120,,538102,0,,0,1,,Null,2008/2009,DEVONPORT ROAD,SEVENTEENTH AVENUE,,Non-Injury Crash,No,2009,,North,,0,,Flat,,,,,,Overcast,1170700,0,0,0,2,,,0,,,,,,Bay of Plenty Region,Nil,2-way,Sealed,,0,0,,50,,Null,0,0,,23,Tauranga City,Give way,,,,,0,0,Urban,1,,,Fine,Null
1765553,5906989,5121,,522301,0,,0,2,,Null,2008/2009,GREAT SOUTH ROAD,EAST TAMAKI ROAD,,Non-Injury Crash,No,2009,,South,,0,,Flat,,,,,,Dark,666200,0,0,0,3,,,0,,,,,,Auckland Region,Nil,2-way,Sealed,,0,0,,50,,On,0,0,,76,Auckland,Traffic Signals,,,,,0,0,Urban,0,,,Fine,Null
1885110,5771981,5122,,540510,0,0,0,1,0,Null,2009/2010,WARD AVENUE,WARD ST,,Non-Injury Crash,No,2009,0,West,0,0,0,Flat,0,,0,,1,Dark,1242900,0,0,0,4,0,0,0,0,0,,0,0,Bay of Plenty Region,Nil,2-way,Sealed,0,0,0,0,60,0,On,0,0,,24,Rotorua District,Give way,0,0,0,0,0,0,Urban,0,0,0,Light rain,Null
1748495,5910234,5123,,512000,0,,0,2,,North,2009/2010,WOOD BAY ROAD,INAKA PLACE,,Non-Injury Crash,No,2009,,South,,0,,Hill Road,,,,,,Overcast,295800,0,0,0,2,,,0,,,,,,Auckland Region,Nil,2-way,Sealed,,0,0,,70,,Null,0,0,,76,Auckland,Unknown,,,,,0,0,Urban,0,,,Fine,Null
1755090,5932930,5124,,508805,0,,0,4,,Null,2008/2009,EAST COAST ROAD,SUNRISE ROAD S,,Non-Injury Crash,No,2009,,West,,0,,Hill Road,,,,,,Overcast,180876,0,0,0,4,,,0,,,,,,Auckland Region,Nil,2-way,Sealed,,0,0,,50,,Null,0,0,,76,Auckland,Traffic Signals,,,,,0,0,Urban,0,,,Light rain,Null
1757853,5883546,5125,,521152,0,0,0,1,0,West,2008/2009,GLENBROOK ROAD,SPEEDY ROAD,,Non-Injury Crash,No,2009,0,East,1,0,0,Hill Road,0,,0,,0,Dark,834503,0,0,0,2,0,0,0,0,0,,0,0,Auckland Region,Nil,2-way,Sealed,0,0,0,0,100,0,None,0,0,,76,Auckland,Nil,0,0,0,0,0,0,Open,0,0,0,Fine,Null
1757049,5920922,5126,,514101,0,,0,2,,North,2008/2009,MARKET PLACE,PAKENHAM ST EAST,,Non-Injury Crash,No,2009,,South,,0,,Flat,,,,,,Dark,433003,0,0,0,2,,,0,,,,,,Auckland Region,Nil,2-way,Sealed,,0,0,,50,,On,0,1,,76,Auckland,Nil,,,,,0,0,Urban,0,,,Light rain,Null
1719139,6045004,5127,,503600,0,0,0,2,0,South,2008/2009,ANZAC ROAD,MORNINGSIDE ROAD N,,Non-Injury Crash,No,2009,0,North,0,0,0,Hill Road,0,,0,,0,Dark,104900,0,0,0,2,0,0,0,0,1,,0,0,Northland Region,Nil,2-way,Sealed,0,0,0,0,50,0,On,0,0,,2,Whangarei District,Nil,0,0,0,0,0,0,Urban,0,0,0,Fine,Null
1787232,5858773,5128,,527210,0,0,0,1,0,North,2008/2009,SH 1N,WAYSIDE ACCESS ROAD,,Non-Injury Crash,Yes,2009,0,South,0,0,0,Hill Road,0,,0,,0,Dark,935700,0,0,0,3,0,0,0,0,0,,0,0,Waikato Region,Nil,2-way,Sealed,0,0,0,0,100,0,None,0,0,,13,Waikato District,Unknown,0,0,0,0,1,0,Open,0,1,0,Fine,Null
1800845,5815582,5129,,529700,0,,0,1,,West,2008/2009,BRYCE ST,VICTORIA ST,,Non-Injury Crash,No,2009,,East,,0,,Flat,,,,,,Bright sun,911102,0,0,0,2,,,0,,,,,,Waikato Region,Nil,2-way,Sealed,,0,0,,50,,Null,1,0,,16,Hamilton City,Traffic Signals,,,,,0,0,Urban,0,,,Fine,Null
1758980,5918859,5130,,515901,0,0,0,1,0,East,2009/2010,AYR ST,LAURIE AVENUE,,Non-Injury Crash,No,2009,0,West,0,0,0,Hill Road,0,,0,,0,Overcast,451800,0,0,0,2,0,0,0,0,0,,0,1,Auckland Region,Nil,2-way,Sealed,0,0,0,0,50,0,Off,0,0,,76,Auckland,Nil,0,0,0,0,0,0,Urban,0,0,0,Fine,Null
1623269,5431550,5131,,582200,1,,0,0,,Null,2008/2009,SH 6,HAVEN ROAD,,Non-Injury Crash,Yes,2009,,South,,0,,Flat,,,,,,Bright sun,2325100,0,0,0,2,,,0,,,,,,Nelson Region,Nil,2-way,Sealed,,0,0,,50,,Null,1,0,,52,Nelson City,Give way,,,,,0,0,Urban,0,,,Fine,Null
1885110,5771570,5132,,540600,0,,0,2,,Null,2009/2010,FENTON ST,SALA ST,,Non-Injury Crash,Yes,2009,,South,,0,,Flat,,,,,,Bright sun,1243601,0,0,0,2,,,0,,,,,,Bay of Plenty Region,Nil,2-way,Sealed,,0,0,,60,,Null,0,0,,24,Rotorua District,Give way,,,,,0,0,Urban,0,,,Fine,Null
1771714,5912929,5133,,523106,0,0,0,2,0,South,2008/2009,WHITFORD ROAD,MEADOWLAND DRIVE,,Non-Injury Crash,No,2009,0,South,0,0,0,Flat,0,,0,,0,Bright sun,711114,0,0,0,2,0,0,0,0,1,,0,0,Auckland Region,Nil,2-way,Sealed,0,0,0,0,50,0,Off,0,0,,76,Auckland,Nil,0,0,0,0,0,0,Urban,0,0,0,Fine,Null
1770785,5914192,5134,,523101,0,0,0,0,0,West,2008/2009,BRADBURY ROAD,BOTANY ROAD,,Non-Injury Crash,No,2009,0,West,0,0,0,Flat,0,,0,,0,Dark,647604,0,0,0,2,0,1,0,0,0,,0,0,Auckland Region,Nil,2-way,Sealed,0,0,0,0,50,0,On,0,0,,76,Auckland,Unknown,0,0,0,0,0,0,Urban,1,0,0,Light rain,Null
1765405,5909100,5135,,523402,0,,0,1,,North,2009/2010,SH 1N,HIGHBROOK OBR,,Non-Injury Crash,Yes,2009,,South,,0,,Flat,,,,,,Overcast,696900,0,0,0,4,,,0,,,,,,Auckland Region,Nil,1-way,Sealed,,0,0,,100,,Off,0,0,,76,Auckland,Nil,,,,,1,0,Open,0,,,Fine,Null
1757274,5920464,5136,,514102,0,0,0,2,0,East,2009/2010,VICTORIA ST WEST,ALBERT ST,,Non-Injury Crash,No,2009,0,East,0,0,0,Hill Road,0,,0,,0,Twilight,433600,0,0,0,4,0,0,0,0,1,,0,0,Auckland Region,Nil,2-way,Sealed,0,0,0,0,50,0,On,0,0,,76,Auckland,Unknown,0,0,0,0,0,0,Urban,0,0,0,Fine,Null
1800006,5816010,5137,,529700,0,,0,2,,Null,2008/2009,MILL ST,TRISTRAM ST,,Non-Injury Crash,No,2009,,West,,0,,Flat,,,,,,Overcast,909100,0,0,0,2,,,0,,,,,,Waikato Region,Nil,2-way,Sealed,,0,0,,50,,Off,0,0,,16,Hamilton City,Traffic Signals,,,,,0,0,Urban,0,,,Fine,Null
1751630,5934070,5138,,508701,0,,0,1,,Null,2009/2010,DAIRY FLAT HIGHWAY,OTEHA VALLEY ROAD,,Non-Injury Crash,No,2009,,East,,0,,Flat,,,,,,Bright sun,178900,0,0,0,2,,,0,,,,,,Auckland Region,Nil,2-way,Sealed,,0,0,,50,,Off,1,0,,76,Auckland,Traffic Signals,,,,,0,0,Urban,0,,,Fine,Null
1751040,5915486,5139,,514401,0,0,0,1,0,West,2009/2010,ROSEBANK ROAD,ELM ST,,Non-Injury Crash,No,2009,0,West,0,0,0,Flat,0,,0,,0,Dark,381802,0,0,0,2,0,0,0,0,0,,0,0,Auckland Region,Nil,2-way,Sealed,0,0,0,0,50,0,On,0,0,,76,Auckland,Unknown,0,1,0,0,0,0,Urban,0,0,0,Mist or Fog,Null
1782111,5485587,5140,,564400,0,,0,1,,South,2008/2009,SH 1N,RAHUI ROAD,,Non-Injury Crash,Yes,2009,,South,,0,,Flat,,,,,,Bright sun,1879300,0,0,0,2,,,0,,,,,,Wellington Region,Nil,2-way,Sealed,,0,0,,50,,Null,1,0,,43,Kapiti Coast District,Give way,,,,,0,0,Urban,0,,,Fine,Null
1792731,5772992,5141,,531301,0,,0,0,,North,2009/2010,SH 31,HONIKIWI ROAD,,Non-Injury Crash,Yes,2009,,South,,0,,Flat,,,,,,Overcast,995902,0,0,0,2,,,0,,,,,,Waikato Region,Nil,2-way,Sealed,,0,0,,100,,None,0,0,,18,Ōtorohanga District,Nil,,,,,2,0,Open,0,,,Fine,Null
1764399,5912231,5142,,520500,0,0,0,0,0,Null,2008/2009,SH 1N,MT WGTN OFF NBD,,Non-Injury Crash,Yes,2009,0,North,0,0,0,Flat,0,,0,,0,Dark,639500,0,0,0,2,0,0,0,0,0,,0,1,Auckland Region,Nil,1-way,Sealed,0,0,0,0,100,0,On,0,0,,76,Auckland,Nil,0,0,0,0,0,0,Open,1,0,0,Fine,Null
1976617,5764016,5143,,542904,0,0,0,0,1,South,2008/2009,SH 2,GRAHAMS BR,,Non-Injury Crash,Yes,2009,0,South,0,0,0,Flat,0,,0,,0,Bright sun,1335700,0,0,0,2,0,0,0,0,0,,0,0,Bay of Plenty Region,Nil,2-way,Sealed,0,0,0,0,100,0,Null,1,0,,27,Ōpōtiki District,Unknown,0,0,0,0,0,0,Open,0,0,0,Fine,Null
1762861,5917064,5144,,516302,0,0,0,1,0,South,2008/2009,GRAND DRIVE,NORMAN LESSER DRIVE,,Non-Injury Crash,No,2009,0,North,1,0,0,Flat,0,,0,,1,Dark,463005,0,0,0,2,0,0,0,0,0,,0,0,Auckland Region,Nil,2-way,Sealed,0,0,0,0,50,0,On,0,0,,76,Auckland,Nil,0,0,0,1,0,0,Urban,0,0,0,Fine,Null
1802014,5814313,5145,,530300,0,,0,2,,South,2009/2010,GREY ST,WELLINGTON ST,,Non-Injury Crash,No,2009,,South,,0,,Flat,,,,,,Bright sun,881000,0,0,0,2,,,0,,,,,,Waikato Region,Nil,2-way,Sealed,,0,0,,50,,Null,0,0,,16,Hamilton City,Unknown,,,,,0,0,Urban,0,,,Fine,Null
1756564,5913753,5146,,518701,0,0,0,1,0,West,2008/2009,MOUNT ALBERT ROAD,MOUNT EDEN ROAD,,Non-Injury Crash,No,2009,0,East,0,0,0,Flat,0,,0,,0,Bright sun,568300,0,0,0,2,0,0,0,0,0,,0,0,Auckland Region,Nil,2-way,Sealed,0,0,0,0,50,0,Off,0,0,,76,Auckland,Nil,0,0,0,0,1,0,Urban,0,1,0,Fine,Null
1773507,5897346,5147,,525630,0,,0,2,,Null,2008/2009,OLD WAIROA ROAD,GROVE ROAD,,Non-Injury Crash,No,2009,,South,,0,,Flat,,,,,,Bright sun,795200,0,0,0,2,,,0,,,,,,Auckland Region,Nil,2-way,Sealed,,0,0,,50,,Off,0,0,,76,Auckland,Stop,,,,,0,0,Urban,0,,,Fine,Null
1770555,5897602,5148,,523912,0,,0,2,,South,2009/2010,SH 1N,WALTER STREVENS OBR,,Non-Injury Crash,Yes,2009,,North,,0,,Flat,,,,,,Dark,767803,0,0,0,2,,,0,,,,,,,Nil,2-way,Sealed,,0,0,,100,,On,2,0,,76,Auckland,Nil,,,,,0,0,Open,0,,,Fine,Null
1887904,5823661,5149,,536516,0,0,0,1,0,West,2008/2009,PAPAMOA BEACH ROAD,HARTFORD AVENUE,,Non-Injury Crash,No,2009,0,West,0,0,0,Flat,0,,0,,0,Dark,1205012,0,0,0,2,0,0,0,0,1,,0,0,Bay of Plenty Region,Nil,2-way,Sealed,0,0,0,0,70,0,On,0,0,,23,Tauranga City,Nil,0,0,0,0,0,0,Urban,1,0,0,Fine,Null
1771910,5898524,5150,,523912,0,0,0,1,0,North,2009/2010,PORCHESTER ROAD,MARENGO PARKWAY,,Non-Injury Crash,No,2009,0,South,0,0,0,Flat,0,,0,,0,Overcast,767400,0,0,0,2,0,0,0,0,0,,0,0,Auckland Region,Nil,2-way,Sealed,0,0,0,0,80,0,Null,0,0,,76,Auckland,Unknown,0,0,0,1,0,0,Open,0,0,0,Light rain,Null
1766854,5907655,5151,,523501,0,,0,2,,West,2009/2010,EAST TAMAKI ROAD,BAIRDS ROAD,,Non-Injury Crash,No,2009,,East,,0,,Flat,,,,,,Overcast,700700,0,0,0,5,,,0,,,,,,Auckland Region,Nil,2-way,Sealed,,0,0,,60,,Off,0,0,,76,Auckland,Nil,,,,,0,0,Urban,0,,,Fine,Null
1748161,5914139,5152,,511700,0,,0,2,,North,2008/2009,ARCHIBALD ROAD,GREAT NORTH ROAD,,Non-Injury Crash,No,2009,,North,,0,,Flat,,,,,,Overcast,270201,0,0,0,2,,,0,,,,,,Auckland Region,Nil,2-way,Sealed,,0,0,,50,,Null,0,0,,76,Auckland,Nil,,,,,0,0,Urban,0,,,Light rain,Null
1741644,5928925,5153,,505604,0,,0,1,,Null,2009/2010,COATESVILLE-RIVERHEAD HIG,OLD RAILWAY ROAD,,Non-Injury Crash,No,2009,,South,,0,,Flat,,,,,,Bright sun,214402,0,0,0,2,,,0,,,,,,Auckland Region,Nil,2-way,Sealed,,0,0,,80,,None,0,0,,76,Auckland,Give way,,,,,0,0,Open,1,,,Fine,Null
1799745,5818089,5154,,529600,0,,0,0,,South,2009/2010,RIVER ROAD,CHARTWELL CRESCENT,,Non-Injury Crash,No,2009,,South,,0,,Flat,,,,,,Bright sun,868900,0,0,0,2,,,0,,,,,,Waikato Region,Nil,2-way,Sealed,,0,0,,50,,Off,0,0,,16,Hamilton City,Nil,,,,,0,0,Urban,2,,,Fine,Null
1745241,5919188,5155,,513302,0,,0,2,,Null,2008/2009,LINCOLN ROAD,TE PAI PLACE,,Non-Injury Crash,No,2009,,South,,0,,Flat,,,,,,Dark,232205,0,0,0,4,,,0,,,,,,Auckland Region,Nil,2-way,Sealed,,0,0,,50,,On,0,0,,76,Auckland,Traffic Signals,,,,,0,0,Urban,0,,,Fine,Null
1877425,5794307,5156,,536630,0,,0,0,,North,2008/2009,SH 36,TE MATAI ROAD,,Non-Injury Crash,Yes,2009,,East,,0,,Flat,,,,,,Dark,1192702,0,0,0,2,,,0,,,,,,Bay of Plenty Region,Nil,2-way,Sealed,,0,0,,100,,None,0,0,,22,Western Bay of Plenty District,Nil,,,,,1,0,Open,0,,,Fine,Frost