X,Y,OBJECTID,advisorySpeed,areaUnitID,bicycle,bridge,bus,carStationWagon,cliffBank,crashDirectionDescription,crashFinancialYear,crashLocation1,crashLocation2,crashRoadSideRoad,crashSeverity,crashSHDescription,crashYear,debris,directionRoleDescription,ditch,fatalCount,fence,flatHill,guardRail,holiday,houseOrBuilding,intersection,kerb,light,meshblockId,minorInjuryCount,moped,motorcycle,NumberOfLanes,objectThrownOrDropped,otherObject,otherVehicleType,overBank,parkedVehicle,pedestrian,phoneBoxEtc,postOrPole,region,roadCharacter,roadLane,roadSurface,roadworks,schoolBus,seriousInjuryCount,slipOrFlood,speedLimit,strayAnimal,streetLight,suv,taxi,temporarySpeedLimit,tlaId,tlaName,trafficControl,trafficIsland,trafficSign,train,tree,truck,unknownVehicleType,urban,vanOrUtility,vehicle,waterRiver,weatherA,weatherB
1765737,5920172,5157,,516700,0,,0,2,,Null,2009/2010,TAMAKI DRIVE,CLIFF ROAD,,Non-Injury Crash,No,2009,,East,,0,,Flat,,,,,,Bright sun,511300,0,0,0,2,,,0,,,,,,Auckland Region,Nil,2-way,Sealed,,0,0,,50,,Off,0,0,,76,Auckland,Stop,,,,,0,0,Urban,0,,,Fine,Null
1766562,5899863,5158,,524713,0,,0,2,,Null,2008/2009,WEYMOUTH ROAD,JOHN WALKER DRIVE,,Non-Injury Crash,No,2009,,East,,0,,Flat,,,,,,Bright sun,775805,0,0,0,2,,,0,,,,,,Auckland Region,Nil,2-way,Sealed,,0,0,,50,,Null,0,0,,76,Auckland,Traffic Signals,,,,,0,0,Urban,0,,,Fine,Null
1620565,6124239,5159,65,500208,0,0,0,0,0,North,2008/2009,SH 1N,WAIPAPAKAURI DOMAIN ROAD,,Non-Injury Crash,Yes,2009,0,North,1,0,0,Flat,0,,0,,0,Overcast,12500,0,0,0,2,0,0,0,0,0,,0,0,Northland Region,Nil,2-way,Sealed,0,0,0,0,100,0,Null,1,0,,1,Far North District,Unknown,0,0,0,0,0,0,Open,0,0,0,Light rain,Null
1745061,5917765,5160,,510700,0,,0,2,,North,2008/2009,LINCOLN ROAD,GREAT NORTH ROAD,,Non-Injury Crash,No,2009,,South,,0,,Flat,,,,,,Bright sun,239104,0,0,0,5,,,0,,,,,,Auckland Region,Nil,2-way,Sealed,,0,0,,50,,Off,0,0,,76,Auckland,Nil,,,,,0,0,Urban,0,,,Fine,Null
1754453,5915142,5161,,518802,0,,0,2,,Null,2009/2010,MOUNT ALBERT ROAD,SANDRINGHAM ROAD,,Non-Injury Crash,No,2009,,West,,0,,Flat,,,,,,Dark,577300,0,0,0,4,,,0,,,,,,Auckland Region,Nil,2-way,Sealed,,0,0,,50,,On,0,0,,76,Auckland,Traffic Signals,,,,,0,0,Urban,0,,,Light rain,Null
1755011,5913739,5162,,518803,0,,0,1,,Null,2009/2010,DOMINION ROAD,DENBIGH AVENUE,,Non-Injury Crash,No,2009,,East,,0,,Flat,,,,,,Bright sun,581700,0,0,0,2,,,0,,,,,,Auckland Region,Nil,2-way,Sealed,,0,0,,50,,Off,0,0,,76,Auckland,Give way,,,,,1,0,Urban,0,,,Light rain,Null
1832021,5835748,5163,,534603,0,0,0,1,0,North,2009/2010,NO 1 ROAD,SH 26,,Non-Injury Crash,No,2009,0,South,0,0,0,Flat,0,,0,,0,Overcast,1096300,0,0,0,2,0,0,0,0,0,,0,0,Waikato Region,Nil,2-way,Sealed,0,0,0,0,100,0,Null,0,0,,15,Matamata-Piako District,Unknown,0,0,0,1,0,0,Open,0,0,0,Fine,Null
1404544,4915646,5164,,604110,0,,0,2,,Null,2008/2009,GLENPARK AVENUE,GLEN ROAD,,Minor Crash,No,2009,,South,,0,,Hill Road,,,,,,Bright sun,2921800,2,0,0,2,,,0,,,,,,Otago Region,Nil,2-way,Sealed,,0,0,,50,,Null,0,0,,71,Dunedin City,Stop,,,,,0,0,Urban,0,,,Fine,Null
1768430,5900636,5165,,525101,0,,0,2,,Null,2008/2009,WEYMOUTH ROAD,RUSSELL ROAD,,Non-Injury Crash,No,2009,,East,,0,,Flat,,,,,,Twilight,771100,0,0,0,2,,,0,,,,,,Auckland Region,Nil,2-way,Sealed,,0,0,,50,,On,0,0,,76,Auckland,Traffic Signals,,,,,0,0,Urban,0,,,Fine,Null
1764950,5905006,5166,,522100,0,,0,2,,Null,2009/2010,KENDERDINE ROAD,CHESTNUT ROAD,,Non-Injury Crash,No,2009,,South,,0,,Flat,,,,,,Dark,659701,0,0,0,2,,,0,,,,,,Auckland Region,Nil,2-way,Sealed,,0,0,,50,,On,0,0,,76,Auckland,Nil,,,,,0,0,Urban,0,,,Heavy rain,Null
1796392,5820315,5167,,528403,0,,0,2,,Null,2009/2010,TE RAPA ROAD,TE KOWHAI ROAD EAST,,Non-Injury Crash,No,2009,,North,,0,,Flat,,,,,,Overcast,907500,0,0,0,2,,,0,,,,,,Waikato Region,Nil,2-way,Sealed,,0,0,,80,,Null,0,0,,16,Hamilton City,Give way,,,,,0,0,Open,0,,,Fine,Null
1817376,5804582,5168,,527501,0,,0,2,,Null,2008/2009,BOWEN ST,TAYLOR ST,,Non-Injury Crash,No,2009,,West,,0,,Flat,,,,,,Bright sun,961200,0,0,0,2,,,0,,,,,,Waikato Region,Nil,2-way,Sealed,,0,0,,50,,Off,0,0,,17,Waipa District,Stop,,,,,0,0,Urban,0,,,Fine,Null
1753619,5932209,5169,,508807,0,,0,1,,South,2009/2010,SH 1N,GREVILLE OBR,,Non-Injury Crash,Yes,2009,,North,,0,,Flat,,,,,,Dark,180811,0,0,0,2,,,0,,,,,,Auckland Region,Nil,2-way,Sealed,,0,0,,100,,On,1,0,,76,Auckland,Unknown,,,,,0,0,Open,0,,,Fine,Null
1860055,5805956,5170,,536630,0,0,0,1,0,North,2009/2010,SH 29,HANGA ROAD,,Non-Injury Crash,Yes,2009,0,North,0,0,0,Hill Road,0,,0,,0,Overcast,1114601,0,0,0,4,0,0,0,0,0,,0,0,Bay of Plenty Region,Nil,2-way,Sealed,0,0,0,0,100,0,Null,0,0,,22,Western Bay of Plenty District,Unknown,0,0,0,1,0,0,Open,0,0,0,Heavy rain,Null
1754740,5930625,5171,,508520,0,,0,4,,South,2009/2010,SH 1N,UPPER HWY ON SBD,,Non-Injury Crash,Yes,2009,,South,,0,,Flat,,,,,,Overcast,191104,0,0,0,2,,,0,,,,,,Auckland Region,Nil,1-way,Sealed,,0,0,,100,,Off,0,0,,76,Auckland,Nil,,,,,0,0,Open,0,,,Fine,Null
1753535,5929436,5172,,508411,0,,0,1,,Null,2008/2009,GLENFIELD ROAD,JAMES ST N,,Non-Injury Crash,No,2009,,North,,0,,Hill Road,,,,,,Overcast,184000,0,0,0,4,,,0,,,,,,Auckland Region,Nil,2-way,Sealed,,0,0,,50,,Off,0,0,,76,Auckland,Give way,,,,,0,0,Urban,1,,,Fine,Null
1865068,5809923,5173,,536630,0,0,0,1,0,East,2008/2009,SH 29,SOLDIERS ROAD,,Non-Injury Crash,Yes,2009,0,East,0,0,0,Flat,0,,0,,0,Overcast,1191400,0,0,0,2,0,0,0,1,0,,0,0,Bay of Plenty Region,Nil,2-way,Sealed,0,0,0,0,100,0,Null,0,0,,22,Western Bay of Plenty District,Unknown,0,0,0,0,0,0,Open,0,0,0,Mist or Fog,Null
1752764,5916476,5174,,517901,0,,0,2,,Null,2008/2009,NEW NORTH ROAD,SERVICE LANE S,,Non-Injury Crash,No,2009,,North,,0,,Flat,,,,,,Overcast,524800,0,0,0,4,,,0,,,,,,Auckland Region,Nil,2-way,Sealed,,0,0,,50,,Off,0,0,,76,Auckland,Nil,,,,,0,0,Urban,0,,,Fine,Null
1745894,5919687,5175,,513301,0,,0,2,,South,2008/2009,CENTRAL PARK DRIVE,UNIVERSAL DRIVE,,Non-Injury Crash,No,2009,,North,,0,,Flat,,,,,,Dark,230401,0,0,0,2,,,0,,,,,,Auckland Region,Nil,2-way,Sealed,,0,0,,50,,On,0,0,,76,Auckland,Nil,,,,,0,0,Urban,0,,,Light rain,Null
1753927,5924578,5176,,510402,0,0,0,2,0,West,2009/2010,MOKOIA ROAD,BIRKENHEAD AVENUE,,Non-Injury Crash,No,2009,0,South,0,0,0,Hill Road,0,,0,,0,Bright sun,351000,0,0,0,2,0,0,0,0,1,,0,0,Auckland Region,Nil,2-way,Sealed,0,0,0,0,50,0,Null,0,0,,76,Auckland,Unknown,0,0,0,0,0,0,Urban,0,0,0,Fine,Null
1745315,5919982,5177,,513301,0,,0,2,,Null,2008/2009,LINCOLN ROAD,PARAMOUNT DRIVE,,Non-Injury Crash,No,2009,,West,,0,,Flat,,,,,,Bright sun,230401,0,0,0,2,,,0,,,,,,Auckland Region,Nil,2-way,Sealed,,0,0,,50,,Null,0,0,,76,Auckland,Stop,,,,,0,0,Urban,0,,,Fine,Null
1755492,5929002,5178,,508320,0,,0,2,,Null,2008/2009,TRISTRAM AVENUE,TRISTRAM OFF NBD E,,Non-Injury Crash,Yes,2009,,East,,0,,Flat,,,,,,Dark,198500,0,0,0,4,,,0,,,,,,Auckland Region,Motorway ramp,2-way,Sealed,,0,0,,50,,On,0,0,,76,Auckland,Traffic Signals,,,,,0,0,Urban,0,,,Fine,Null
1745381,5920382,5179,,513301,0,,0,2,,North,2008/2009,LINCOLN ROAD,TRIANGLE ROAD,,Non-Injury Crash,No,2009,,South,,0,,Flat,,,,,,Dark,230301,0,0,0,4,,,0,,,,,,Auckland Region,Nil,2-way,Sealed,,0,0,,50,,On,0,0,,76,Auckland,Traffic Signals,,,,,0,0,Urban,0,,,Fine,Null
1643719,6127937,5180,,500203,0,0,0,1,0,West,2009/2010,SH 10,STRATFORD DRIVE,,Non-Injury Crash,Yes,2009,0,East,0,0,0,Flat,0,,0,,0,Dark,4101,0,0,0,2,0,0,0,0,0,,0,0,Northland Region,Nil,2-way,Unsealed,0,0,0,0,60,0,None,0,0,30,1,Far North District,Unknown,0,0,0,1,0,0,Urban,0,0,1,Light rain,Null
1748897,5915267,5181,,511700,0,0,0,1,0,West,2009/2010,BEAUBANK ROAD,ARCHIBALD ROAD N,,Non-Injury Crash,No,2009,0,West,0,0,1,Flat,0,,0,,0,Overcast,269800,0,0,0,2,0,0,0,0,0,,0,0,Auckland Region,Nil,2-way,Sealed,0,0,0,0,50,0,Null,0,0,,76,Auckland,Unknown,0,0,0,0,0,0,Urban,0,0,0,Light rain,Null
1399339,4912074,5182,,602422,0,0,0,1,0,South,2009/2010,BRIGHTON ROAD,ALLEN ROAD SOUTH,,Minor Crash,No,2009,0,North,0,0,0,Hill Road,0,,0,,0,Dark,2980700,1,0,0,2,0,0,0,0,0,,0,0,Otago Region,Nil,2-way,Sealed,0,0,0,0,80,0,On,1,0,,71,Dunedin City,Unknown,0,0,0,0,0,0,Open,0,1,0,Null,Frost
1766975,5905002,5183,,524603,0,,0,1,,Null,2009/2010,RYAN PLACE,JACK CONWAY AVENUE,,Non-Injury Crash,No,2009,,West,,0,,Flat,,,,,,Overcast,780205,0,0,0,2,,,0,,,,,,Auckland Region,Nil,2-way,Sealed,,0,0,,50,,Null,1,0,,76,Auckland,Give way,,,,,0,0,Urban,0,,,Light rain,Null
1719488,6045531,5184,,503100,0,0,0,1,0,East,2009/2010,WALTON ST,VINE ST,,Non-Injury Crash,No,2009,0,East,0,0,0,Flat,0,,0,,0,Bright sun,100300,0,0,0,2,0,0,0,0,0,,0,1,Northland Region,Nil,2-way,Sealed,0,0,0,0,50,0,Off,0,0,,2,Whangarei District,Nil,0,0,0,0,0,0,Urban,0,0,0,Fine,Null
1762419,5913223,5185,,520500,0,,0,0,,South,2009/2010,SEART ON NBD,SH 1N,,Non-Injury Crash,Yes,2009,,North,,0,,Flat,,,,,,Overcast,637200,0,0,1,3,,,0,,,,,,Auckland Region,Motorway ramp,1-way,Sealed,,0,0,,100,,Null,0,0,,76,Auckland,Unknown,,,,,1,0,Open,0,,,Heavy rain,Null
1760704,5916340,5186,,516003,0,,0,1,,East,2008/2009,GREEN LANE EAST,PEACH PARADE,,Non-Injury Crash,No,2009,,East,,0,,Flat,,,,,,Dark,494400,0,0,0,2,,,0,,,,,,Auckland Region,Nil,2-way,Sealed,,0,0,,50,,On,1,0,,76,Auckland,Nil,,,,,0,0,Urban,0,,,Light rain,Null
1748306,5426749,5187,,573101,0,0,0,4,0,Null,2009/2010,VICTORIA ST,WEBB ST,,Minor Crash,No,2009,0,South,0,0,0,Flat,0,,0,,0,Bright sun,2132700,1,0,0,2,0,0,0,0,2,,0,0,Wellington Region,Nil,2-way,Sealed,0,0,0,0,50,0,Null,0,0,,47,Wellington City,Give way,0,0,0,0,0,0,Urban,0,0,0,Fine,Null
1757952,5913492,5188,,518600,0,0,0,2,0,Null,2008/2009,MOUNT ALBERT ROAD,CROWN ST,,Non-Injury Crash,No,2009,0,East,0,0,0,Flat,0,,0,,0,Dark,567300,0,0,0,4,0,0,0,0,0,,0,0,Auckland Region,Nil,2-way,Sealed,0,0,0,0,50,0,On,0,0,,76,Auckland,Nil,0,0,0,0,0,0,Urban,0,1,0,Light rain,Null
1718570,6049345,5189,,502300,0,0,0,1,1,Null,2009/2010,OLD SH 1N,KAMO ROAD,,Non-Injury Crash,Yes,2009,0,North,0,0,0,Flat,0,,0,,0,Overcast,89602,0,0,0,2,0,0,0,0,0,,0,0,Northland Region,Nil,2-way,Sealed,0,0,0,0,50,0,Off,0,0,,2,Whangarei District,Give way,0,0,0,0,0,0,Urban,0,0,0,Light rain,Null
1755765,5921156,5190,,515202,0,,0,3,,North,2008/2009,SH 1N,FANSHAWE ON NBD,,Non-Injury Crash,Yes,2009,,North,,0,,Flat,,,,,,Dark,425600,0,0,0,4,,,0,,,,,,Auckland Region,Nil,2-way,Sealed,,0,0,,80,,On,2,0,,76,Auckland,Nil,,,,,0,0,Open,0,,,Heavy rain,Null
1759069,5916909,5191,,516001,0,,0,1,,North,2008/2009,SH 1N,MARKET OFF NBD,,Non-Injury Crash,Yes,2009,,North,,0,,Flat,,,,,,Dark,491200,0,0,0,6,,,0,,,,,,Auckland Region,Nil,2-way,Sealed,,0,0,,100,,None,1,0,,76,Auckland,Unknown,,,,,0,0,Open,0,,,Heavy rain,Strong wind
1747182,5920144,5192,,512300,0,,0,1,,South,2009/2010,TE ATATU ROAD,OLD TE ATATU ROAD,,Non-Injury Crash,No,2009,,South,,0,,Flat,,,,,,Bright sun,252000,0,0,0,4,,,0,,,,,,Auckland Region,Nil,2-way,Sealed,,0,0,,50,,Null,0,0,,76,Auckland,Unknown,,,,,1,0,Urban,0,,,Fine,Null
1757730,5918268,5193,,514302,0,,0,0,,North,2008/2009,SH 1N,GILLIES OFF SBD,,Non-Injury Crash,Yes,2009,,South,,0,,Flat,,,,,,Dark,442100,0,0,0,3,,,0,,,,,,Auckland Region,Nil,2-way,Sealed,,0,0,,100,,On,0,0,,76,Auckland,Nil,,,,,0,0,Open,2,,,Fine,Null
1759418,5909190,5194,,524002,0,,0,1,,South,2009/2010,CORONATION ROAD,MOUNTAIN ROAD,,Non-Injury Crash,No,2009,,North,,0,,Flat,,,,,,Bright sun,724600,0,0,0,2,,,0,,,,,,Auckland Region,Nil,2-way,Sealed,,0,0,,50,,Null,1,0,,76,Auckland,Unknown,,,,,0,0,Urban,0,,,Fine,Null
1769891,5899385,5195,,523911,0,,0,5,,Null,2008/2009,SH 1N,GT SOUTH OBR,,Non-Injury Crash,Yes,2009,,South,,0,,Hill Road,,,,,,Dark,766500,0,0,0,2,,,0,,,,,,Auckland Region,Nil,1-way,Sealed,,0,0,,100,,On,0,0,,76,Auckland,Nil,,,,,0,0,Open,0,,,Light rain,Null
1769258,5914485,5196,,522721,0,,0,2,,East,2008/2009,PAKURANGA ROAD,FORTUNES ROAD,,Non-Injury Crash,No,2009,,South,,0,,Flat,,,,,,Bright sun,680727,0,0,0,2,,,0,,,,,,Auckland Region,Nil,2-way,Sealed,,0,0,,50,,Null,0,0,,76,Auckland,Nil,,,,,0,0,Urban,0,,,Fine,Null
1931185,5783737,5197,,542540,0,,0,2,,Null,2008/2009,SH 30,GRIEVE ROAD,,Non-Injury Crash,Yes,2009,,East,,0,,Flat,,,,,,Bright sun,1324300,0,0,0,2,,,0,,,,,,Bay of Plenty Region,Nil,2-way,Sealed,,0,0,,100,,Null,0,0,,25,Whakatane District,Stop,,,,,0,0,Open,0,,,Fine,Null
1282502,4855042,5198,65,610080,0,0,0,0,0,North,2009/2010,WYNDHAM-LETTERBOX ROAD,SOUTH WYNDHAM SCHOOL ROAD,,Serious Crash,No,2009,0,North,0,0,1,Hill Road,0,,0,,0,Bright sun,3094300,0,0,1,2,0,0,0,0,0,,0,0,Southland Region,Nil,2-way,Sealed,0,0,1,0,100,0,Null,0,0,,73,Southland District,Unknown,0,0,0,0,0,0,Open,0,0,0,Fine,Strong wind
1890068,5809410,5199,45,536642,0,0,0,2,0,South,2008/2009,NO 3 ROAD,NO 4 ROAD,,Non-Injury Crash,No,2009,0,South,0,0,0,Flat,0,,0,,0,Overcast,1207802,0,0,0,2,0,0,0,0,0,,0,0,Bay of Plenty Region,Nil,2-way,Sealed,0,0,0,0,100,0,Null,0,0,,22,Western Bay of Plenty District,Unknown,0,0,0,1,0,0,Open,0,0,0,Fine,Null
1766229,5905005,5200,,524603,0,0,0,0,0,South,2008/2009,NORMAN SPENCER DRIVE,PUHINUI ROAD,,Non-Injury Crash,No,2009,0,South,0,0,0,Hill Road,0,,0,,0,Bright sun,780202,0,0,0,2,0,0,0,0,1,,0,0,Auckland Region,Nil,2-way,Sealed,0,0,0,0,50,0,Off,0,0,,76,Auckland,Nil,0,0,0,0,1,0,Urban,1,0,0,Fine,Null
1753996,5928399,5201,,508320,0,,0,2,,East,2008/2009,CHIVALRY ROAD,GLENFIELD ROAD,,Non-Injury Crash,No,2009,,West,,0,,Flat,,,,,,Bright sun,198200,0,0,0,2,,,0,,,,,,Auckland Region,Nil,2-way,Sealed,,0,0,,50,,Off,0,0,,76,Auckland,Nil,,,,,0,0,Urban,0,,,Fine,Null
1782836,5907365,5202,,525201,0,0,0,0,0,North,2008/2009,NORTH ROAD,MARK WILLIAMS PLACE,,Non-Injury Crash,No,2009,0,South,1,0,1,Flat,0,,0,,0,Dark,762700,0,0,0,2,0,0,0,0,0,,0,0,Auckland Region,Nil,2-way,Sealed,0,0,0,0,100,0,None,1,0,,76,Auckland,Nil,0,0,0,0,0,0,Open,0,0,0,Fine,Null
1681407,6019233,5203,,504502,0,0,0,0,0,South,2008/2009,SH 12,TURIWIRI WEST ROAD,,Non-Injury Crash,Yes,2009,0,South,1,0,0,Flat,0,,0,,0,Bright sun,122100,0,0,0,2,0,0,0,0,0,,0,0,Northland Region,Nil,2-way,Sealed,0,0,0,0,100,0,None,0,0,,3,Kaipara District,Nil,0,0,0,0,1,0,Open,1,0,0,Fine,Null
1748398,5968679,5204,,506613,0,,0,1,,South,2009/2010,SH 1N,MCKINNEY ROAD,,Non-Injury Crash,Yes,2009,,North,,0,,Flat,,,,,,Bright sun,146103,0,0,0,2,,,0,,,,,,Auckland Region,Nil,2-way,Sealed,,0,0,,60,,Off,1,0,,76,Auckland,Nil,,,,,0,0,Urban,0,,,Fine,Null
1754878,5918679,5205,,515410,0,,0,2,,Null,2008/2009,GREAT NORTH ROAD,WILLIAMSON AVENUE,,Non-Injury Crash,No,2009,,North,,0,,Flat,,,,,,Dark,404500,0,0,0,4,,,0,,,,,,Auckland Region,Nil,2-way,Sealed,,0,0,,50,,On,0,0,,76,Auckland,Traffic Signals,,,,,0,0,Urban,0,,,Fine,Null
1878011,5821905,5206,,538102,0,,0,2,,Null,2008/2009,DEVONPORT ROAD,SEVENTEENTH AVENUE,,Non-Injury Crash,No,2009,,North,,0,,Flat,,,,,,Overcast,1170700,0,0,0,2,,,0,,,,,,Bay of Plenty Region,Nil,2-way,Sealed,,0,0,,50,,Null,0,0,,23,Tauranga City,Give way,,,,,0,0,Urban,0,,,Light rain,Null
1751418,5912763,5207,,514600,0,,0,1,,Null,2008/2009,TAYLOR ST,BOLTON ST,,Non-Injury Crash,No,2009,,South,,0,,Flat,,,,,,Overcast,371502,0,0,0,2,,,0,,,,,,Auckland Region,Nil,2-way,Sealed,,0,0,,50,,Null,1,0,,76,Auckland,Give way,,,,,0,0,Urban,0,,,Fine,Null
1745623,5920622,5208,,513301,0,,0,2,,East,2009/2010,SH 16,LINCOLN OBR,,Non-Injury Crash,Yes,2009,,North,,0,,Flat,,,,,,Dark,230301,0,0,0,2,,,0,,,,,,Auckland Region,Nil,2-way,Sealed,,0,0,,50,,On,0,0,,76,Auckland,Nil,,,,,0,0,Urban,0,,,Fine,Null
1753831,5917583,5209,,517600,0,0,0,1,0,North,2008/2009,MALVERN ROAD,SEYCHELLES ST,,Non-Injury Crash,No,2009,0,North,0,0,0,Flat,0,,0,,0,Dark,533900,0,0,0,2,0,0,1,0,1,,0,0,Auckland Region,Nil,2-way,Sealed,0,0,0,0,50,0,On,0,0,,76,Auckland,Unknown,0,0,0,0,0,0,Urban,0,0,0,Light rain,Null
1756092,5923569,5210,,509800,0,,0,3,,South,2008/2009,SH 1N,ONEWA OBR,,Non-Injury Crash,Yes,2009,,South,,0,,Hill Road,,,,,,Bright sun,359100,0,0,0,4,,,0,,,,,,Auckland Region,Bridge,1-way,Sealed,,0,0,,80,,Off,1,0,,76,Auckland,Nil,,,,,0,0,Open,1,,,Fine,Null
1681674,6112531,5211,,500402,0,0,0,0,1,East,2009/2010,OTAHA ROAD,TAKOU BAY ROAD,,Non-Injury Crash,No,2009,0,South,0,0,0,Hill Road,0,,0,,0,Bright sun,20401,0,0,0,2,0,0,0,0,0,,0,0,Northland Region,Nil,2-way,Unsealed,0,0,0,0,100,0,None,2,0,,1,Far North District,Nil,0,0,0,0,0,0,Open,0,0,0,Fine,Null
1752486,5926305,5212,,510220,0,0,0,2,0,South,2008/2009,VERBENA ROAD,VANDELEUR AVENUE,,Non-Injury Crash,No,2009,0,South,0,0,0,Hill Road,0,,0,,0,Bright sun,350203,0,0,0,2,0,0,0,0,1,,0,0,Auckland Region,Nil,2-way,Sealed,0,0,0,0,50,0,Null,0,0,,76,Auckland,Unknown,0,0,0,0,0,0,Urban,0,0,0,Fine,Null
1884001,5773179,5213,,540420,0,,0,1,,Null,2008/2009,JAMES ST,MALFROY ROAD,,Non-Injury Crash,No,2009,,South,,0,,Flat,,,,,,Dark,1235700,0,0,0,2,,,0,,,,,,Bay of Plenty Region,Nil,2-way,Sealed,,0,0,,50,,On,0,0,,24,Rotorua District,Stop,,,,,0,0,Urban,1,,,Light rain,Null
1721478,6046067,5214,,503700,0,,0,1,,North,2009/2010,MEMORIAL DRIVE,OLD PARUA BAY ROAD,,Non-Injury Crash,No,2009,,South,,0,,Flat,,,,,,Bright sun,72702,0,0,0,2,,,0,,,,,,Northland Region,Nil,2-way,Sealed,,0,0,,50,,Off,0,0,,2,Whangarei District,Nil,,,,,1,0,Urban,0,,,Fine,Null
1765750,5908244,5215,,523402,0,,0,1,,South,2008/2009,SH 1N,BAIRDS OBR,,Non-Injury Crash,Yes,2009,,South,,0,,Flat,,,,,,Bright sun,698900,0,0,0,3,,,0,,,,,,Auckland Region,Nil,2-way,Sealed,,0,0,,100,,Null,2,0,,76,Auckland,Unknown,,,,,0,0,Open,0,,,Fine,Null
1751850,5938832,5216,,506300,0,,0,2,,North,2009/2010,SH 1N,LONELY TRACK OBR,,Non-Injury Crash,Yes,2009,,South,,0,,Flat,,,,,,Bright sun,176005,0,0,0,4,,,0,,,,,,Auckland Region,Nil,2-way,Sealed,,0,0,,100,,Null,0,0,,76,Auckland,Unknown,,,,,0,0,Open,0,,,Fine,Null
1767163,5906305,5217,,522302,0,,0,2,,Null,2008/2009,PEMBROKE ST,TUI ROAD,,Non-Injury Crash,No,2009,,West,,0,,Flat,,,,,,Dark,670300,0,0,0,2,,,0,,,,,,Auckland Region,Nil,2-way,Sealed,,0,0,,50,,On,0,0,,76,Auckland,Give way,,,,,0,0,Urban,0,,,Fine,Null
1753257,5933067,5218,,508807,0,,0,2,,Null,2008/2009,ALBANY EXPRESSWAY,TAWA DRIVE,,Non-Injury Crash,No,2009,,West,,0,,Flat,,,,,,Bright sun,180811,0,0,0,4,,,0,,,,,,Auckland Region,Nil,2-way,Sealed,,0,0,,80,,Null,0,0,,76,Auckland,Give way,,,,,0,0,Open,0,,,Fine,Null
1841191,5819717,5219,,534604,0,,0,1,,North,2008/2009,SH 27,KUTIA ROAD,,Non-Injury Crash,Yes,2009,,North,,0,,Flat,,,,,,Bright sun,1098300,0,0,0,2,,,0,,,,,,Waikato Region,Nil,2-way,Sealed,,0,0,,100,,Null,1,0,,15,Matamata-Piako District,Unknown,,,,,0,0,Open,0,,,Fine,Null
1840236,5664025,5220,,541501,0,0,0,1,0,North,2008/2009,SH 1N,MANGAMATE CUL,,Non-Injury Crash,Yes,2009,0,South,0,0,0,Hill Road,0,,0,,0,Dark,1288900,0,0,0,2,0,0,0,0,0,,0,0,Waikato Region,Nil,2-way,Sealed,0,0,0,0,100,0,None,0,0,,21,Taupo District,Unknown,0,0,0,1,0,0,Open,0,0,0,Light rain,Null
1718754,6045176,5221,,503000,0,,0,3,,West,2009/2010,MAUNU ROAD,COOKE ST,,Non-Injury Crash,No,2009,,East,,0,,Flat,,,,,,Overcast,98900,0,0,0,2,,,0,,,,,,Northland Region,Nil,2-way,Sealed,,0,0,,50,,Off,0,0,,2,Whangarei District,Nil,,,,,0,0,Urban,0,,,Fine,Null
1759392,5908956,5222,,524002,0,0,0,2,0,South,2009/2010,KAMAKA ROAD,KORU ST,,Non-Injury Crash,No,2009,0,South,0,0,0,Flat,0,,0,,0,Overcast,724600,0,0,0,2,0,0,0,0,2,,0,0,Auckland Region,Nil,2-way,Sealed,0,0,0,0,50,0,Off,1,0,,76,Auckland,Nil,0,0,0,0,0,0,Urban,0,0,0,Fine,Null
1733567,5932721,5223,,506653,0,0,0,1,0,North,2008/2009,TAYLOR ROAD,WAIKOUKOU VALLEY ROAD,,Non-Injury Crash,No,2009,0,North,0,0,1,Flat,0,Christmas New Year,0,,0,Overcast,217804,0,0,0,2,0,0,0,0,0,,0,0,Auckland Region,Nil,2-way,Sealed,0,0,0,0,80,0,None,0,0,,76,Auckland,Nil,0,0,0,0,0,0,Open,0,0,0,Fine,Null
1746808,5918827,5224,,512401,0,,0,2,,Null,2009/2010,TE ATATU ROAD,EDMONTON ROAD,,Non-Injury Crash,No,2009,,North,,0,,Flat,,,,,,Twilight,255500,0,0,0,2,,,0,,,,,,Auckland Region,Nil,2-way,Sealed,,0,0,,50,,Off,0,0,,76,Auckland,Give way,,,,,0,0,Urban,0,,,Fine,Null
1750495,5914527,5225,,511303,0,,0,2,,East,2008/2009,GREAT NORTH ROAD,PORTAGE ROAD,,Non-Injury Crash,No,2009,,East,,0,,Flat,,,,,,Bright sun,265700,0,0,0,3,,,0,,,,,,Auckland Region,Nil,2-way,Sealed,,0,0,,50,,Null,0,0,,76,Auckland,Nil,,,,,0,0,Urban,0,,,Fine,Null
1862415,5808523,5226,,536630,0,0,0,0,0,North,2009/2010,SH 29,VALLEY VIEW ROAD,,Non-Injury Crash,Yes,2009,0,North,0,0,0,Hill Road,0,,0,,0,Dark,1191900,0,0,0,3,0,0,0,0,0,,0,0,Bay of Plenty Region,Nil,2-way,Sealed,0,0,0,0,100,0,None,0,0,,22,Western Bay of Plenty District,Unknown,0,0,0,0,0,0,Open,1,0,0,Fine,Null
1836412,5827029,5227,,534604,0,0,0,1,1,South,2008/2009,SH 27,KEREONE ROAD,,Non-Injury Crash,Yes,2009,0,North,1,0,0,Flat,0,,0,,0,Overcast,1108600,0,0,0,2,0,0,0,0,0,,0,0,Waikato Region,Nil,2-way,Sealed,0,0,0,0,100,0,None,0,0,,15,Matamata-Piako District,Nil,0,0,0,0,0,0,Open,0,0,0,Heavy rain,Null