X,Y,OBJECTID,advisorySpeed,areaUnitID,bicycle,bridge,bus,carStationWagon,cliffBank,crashDirectionDescription,crashFinancialYear,crashLocation1,crashLocation2,crashRoadSideRoad,crashSeverity,crashSHDescription,crashYear,debris,directionRoleDescription,ditch,fatalCount,fence,flatHill,guardRail,holiday,houseOrBuilding,intersection,kerb,light,meshblockId,minorInjuryCount,moped,motorcycle,NumberOfLanes,objectThrownOrDropped,otherObject,otherVehicleType,overBank,parkedVehicle,pedestrian,phoneBoxEtc,postOrPole,region,roadCharacter,roadLane,roadSurface,roadworks,schoolBus,seriousInjuryCount,slipOrFlood,speedLimit,strayAnimal,streetLight,suv,taxi,temporarySpeedLimit,tlaId,tlaName,trafficControl,trafficIsland,trafficSign,train,tree,truck,unknownVehicleType,urban,vanOrUtility,vehicle,waterRiver,weatherA,weatherB
1750397,5915346,5228,,514802,0,,0,2,,East,2009/2010,ASH ST,WAIRAU AVENUE,,Non-Injury Crash,No,2009,,East,,0,,Flat,,,,,,Overcast,387008,0,0,0,2,,,0,,,,,,Auckland Region,Nil,2-way,Sealed,,0,0,,50,,Off,2,0,,76,Auckland,Nil,,,,,0,0,Urban,0,,,Heavy rain,Null
1761082,5915481,5229,,520201,0,,0,2,,Null,2009/2010,MORRIN ST,SOMERFIELD ST,,Non-Injury Crash,No,2009,,East,,0,,Flat,,,,,,Bright sun,613100,0,0,0,2,,,0,,,,,,Auckland Region,Nil,2-way,Sealed,,0,0,,50,,Off,0,0,,76,Auckland,Stop,,,,,0,0,Urban,0,,,Fine,Null
1753273,5933085,5230,,508701,0,,0,2,,Null,2008/2009,ALBANY EXPRESSWAY,GREVILLE ROAD,,Non-Injury Crash,No,2009,,East,,0,,Flat,,Queens Birthday,,,,Overcast,178900,0,0,0,2,,,0,,,,,,Auckland Region,Nil,2-way,Sealed,,0,0,,50,,Off,0,0,,76,Auckland,Give way,,,,,0,0,Urban,0,,,Fine,Null
1768335,5913813,5231,,523000,0,,0,2,,South,2008/2009,GOSSAMER DRIVE,PAKURANGA ROAD,,Non-Injury Crash,No,2009,,North,,0,,Flat,,,,,,Dark,690700,0,0,0,2,,,0,,,,,,Auckland Region,Nil,2-way,Sealed,,0,0,,50,,On,0,0,,76,Auckland,Nil,,,,,0,0,Urban,0,,,Fine,Null
1772446,5872798,5232,,526200,0,,0,1,,Null,2008/2009,GEORGE ST,WHANGARATA ROAD,,Non-Injury Crash,No,2009,,South,,0,,Flat,,,,,,Bright sun,840500,0,0,0,2,,,0,,,,,,Waikato Region,Nil,2-way,Sealed,,0,0,,70,,Off,0,0,,13,Waikato District,Give way,,,,,0,0,Urban,1,,,Fine,Null
1868699,5813996,5233,,536630,0,,0,0,,Null,2008/2009,SH 29,PORIPORI ROAD,,Non-Injury Crash,Yes,2009,,South,,0,,Flat,,,,,,Overcast,1191500,0,0,0,2,,,0,,,,,,Bay of Plenty Region,Bridge,2-way,Sealed,,0,0,,100,,None,0,0,,22,Western Bay of Plenty District,Give way,,,,,1,0,Open,1,,,Light rain,Null
1822475,5828896,5234,,534901,0,,0,0,,East,2009/2010,SH 26,MCRAE ST,,Non-Injury Crash,Yes,2009,,West,,0,,Flat,,,,,,Bright sun,1087800,0,0,0,2,,,0,,,,,,Waikato Region,Nil,2-way,Sealed,,0,0,,50,,Off,0,0,,15,Matamata-Piako District,Nil,,,,,1,0,Urban,1,,,Fine,Null
1754215,5914185,5235,,518802,0,,0,1,,West,2008/2009,STODDARD ROAD,DENNY AVENUE,,Non-Injury Crash,No,2009,,East,,0,,Flat,,Christmas New Year,,,,Dark,578200,0,0,0,2,,,0,,,,,,Auckland Region,Nil,2-way,Sealed,,0,0,,50,,On,1,0,,76,Auckland,Nil,,,,,0,0,Urban,0,,,Fine,Null
1895735,5689831,5236,,541342,0,0,0,1,1,North,2008/2009,SH 5,RANGITAIKI TVN,,Non-Injury Crash,Yes,2009,0,East,0,0,0,Hill Road,0,,0,,0,Overcast,1281002,0,0,0,2,0,0,0,0,0,,0,0,Bay of Plenty Region,Nil,2-way,Sealed,0,0,0,0,100,0,Null,0,0,,21,Taupo District,Unknown,0,0,0,0,0,0,Open,0,0,0,Heavy rain,Null
1751181,5915424,5237,,514401,0,,0,2,,South,2009/2010,GREAT NORTH ROAD,ROSEBANK ROAD,,Non-Injury Crash,No,2009,,South,,0,,Flat,,,,,,Bright sun,382400,0,0,0,2,,,0,,,,,,Auckland Region,Nil,2-way,Sealed,,0,0,,50,,Null,0,0,,76,Auckland,Unknown,,,,,0,0,Urban,0,,,Fine,Null
1755655,5922477,5238,,509800,0,0,0,1,0,Null,2009/2010,SH 1N,TOP OF HARBOUR BRIDGE,,Non-Injury Crash,Yes,2009,0,North,0,0,0,Hill Road,1,,0,,0,Dark,359300,0,0,0,2,0,0,0,0,0,,0,0,,Bridge,1-way,Sealed,0,0,0,0,80,0,On,0,0,,76,Auckland,Nil,0,0,0,0,0,0,Open,0,0,0,Fine,Null
1243604,4850097,5239,,611100,0,,0,2,,Null,2008/2009,YARROW ST,MACMASTER ST,,Minor Crash,No,2009,,North,,0,,Flat,,,,,,Bright sun,3135200,1,0,0,2,,,0,,,,,,Southland Region,Nil,2-way,Sealed,,0,0,,50,,Null,0,0,,75,Invercargill City,Give way,,,,,0,0,Urban,0,,,Fine,Null
1766087,5907673,5240,,522301,0,,0,1,,Null,2008/2009,SH 1N,OTARA ON NBD,,Non-Injury Crash,Yes,2009,,North,,0,,Flat,,,,,,Overcast,666700,0,0,0,2,,,0,,,,,,Auckland Region,Motorway ramp,1-way,Sealed,,0,0,,100,,Null,1,0,,76,Auckland,Nil,,,,,0,0,Open,0,,,Fine,Null
1762736,5916972,5241,,516302,0,0,0,1,0,North,2008/2009,MCFARLAND ST,GRAND DRIVE,,Non-Injury Crash,No,2009,0,South,0,0,0,Hill Road,0,,0,,0,Overcast,463007,0,0,0,2,0,0,0,0,0,,0,1,Auckland Region,Nil,2-way,Sealed,0,0,0,0,50,0,Off,0,0,,76,Auckland,Nil,0,0,0,0,0,0,Urban,0,0,0,Heavy rain,Null
1764525,5912077,5242,,520500,0,,0,2,,South,2009/2010,SH 1N,MT WGTN OFF NBD,,Non-Injury Crash,Yes,2009,,North,,0,,Flat,,,,,,Twilight,639500,0,0,0,3,,,0,,,,,,Auckland Region,Nil,2-way,Sealed,,0,0,,100,,Off,0,0,,76,Auckland,Unknown,,,,,0,0,Open,0,,,Fine,Null
1746811,5918839,5243,,512401,0,,0,2,,Null,2008/2009,TE ATATU ROAD,FLANSHAW ROAD,,Non-Injury Crash,No,2009,,East,,0,,Flat,,,,,,Overcast,255500,0,0,0,2,,,0,,,,,,Auckland Region,Nil,1-way,Sealed,,0,0,,50,,Null,0,0,,76,Auckland,Give way,,,,,0,0,Urban,0,,,Fine,Null
1752197,5946930,5244,,506001,0,,0,2,,Null,2009/2010,RED BEADH ROAD,WHANGAPARAOA ROAD,,Non-Injury Crash,No,2009,,West,,0,,Hill Road,,,,,,Bright sun,175501,0,0,0,4,,,0,,,,,,Auckland Region,Nil,2-way,Sealed,,0,0,,50,,Null,0,0,,76,Auckland,Traffic Signals,,,,,0,0,Urban,0,,,Fine,Null
1792957,5725112,5245,,531800,0,0,0,1,0,South,2009/2010,SH 4,WAITATAURA ROAD,,Non-Injury Crash,Yes,2009,0,North,0,0,0,Flat,1,Christmas New Year,0,,0,Bright sun,1013801,0,0,0,2,0,0,0,0,0,,0,0,Waikato Region,Nil,2-way,Sealed,0,0,0,0,100,0,None,0,0,,20,Waitomo District,Nil,0,0,0,0,0,0,Open,0,0,0,Fine,Null
1768614,5880045,5246,,525921,0,,0,1,,North,2008/2009,QUEEN ST,WARD ST,,Minor Crash,No,2009,,North,,0,,Flat,,,,,,Overcast,821303,1,0,0,2,,,0,,,,,,Auckland Region,Nil,2-way,Sealed,,0,0,,50,,Off,0,0,,76,Auckland,Give way,,,,,0,0,Urban,1,,,Mist or Fog,Null
1766804,5907640,5247,,523601,0,,0,2,,West,2008/2009,EAST TAMAKI ROAD,BAIRDS ROAD,,Non-Injury Crash,No,2009,,West,,0,,Flat,,,,,,Bright sun,708600,0,0,0,4,,,0,,,,,,Auckland Region,Nil,2-way,Sealed,,0,0,,50,,None,0,0,,76,Auckland,Nil,,,,,0,0,Urban,0,,,Fine,Null
1801457,5814746,5248,,529700,0,,0,2,,Null,2009/2010,BRIDGE ST,VICTORIA ST,,Non-Injury Crash,No,2009,,West,,0,,Flat,,,,,,Twilight,912300,0,0,0,2,,,0,,,,,,Waikato Region,Nil,2-way,Sealed,,0,0,,50,,On,0,0,,16,Hamilton City,Traffic Signals,,,,,0,0,Urban,0,,,Fine,Null
1763961,5913988,5249,,520303,0,,0,2,,North,2008/2009,MOUNT WELLINGTON HIGHWAY,ROWLANDS AVENUE,,Non-Injury Crash,No,2009,,South,,0,,Flat,,,,,,Dark,627600,0,0,0,4,,,0,,,,,,Auckland Region,Nil,2-way,Sealed,,0,0,,50,,On,0,0,,76,Auckland,Nil,,,,,0,0,Urban,0,,,Light rain,Null
1944946,5790917,5250,,542520,0,,0,2,,South,2009/2010,SH 30,FORTUNE ROAD,,Non-Injury Crash,Yes,2009,,North,,0,,Flat,,,,,,Bright sun,1297701,0,0,0,2,,,0,,,,,,Bay of Plenty Region,Nil,2-way,Sealed,,0,0,,100,,Null,0,0,,25,Whakatane District,Unknown,,,,,0,0,Open,0,,,Fine,Null
1883240,5775403,5251,,539200,0,,0,1,,Null,2008/2009,CLAYTON ROAD,SH 5,,Non-Injury Crash,No,2009,,East,,0,,Flat,,Queens Birthday,,,,Overcast,1221600,0,0,0,1,,,0,,,,,,Bay of Plenty Region,Nil,2-way,Sealed,,0,0,,60,,Off,1,0,,24,Rotorua District,Give way,,,,,0,0,Urban,0,,,Fine,Null
1754926,5916485,5252,,517701,0,,0,2,,North,2009/2010,SANDRINGHAM ROAD,ST LUKES ROAD,,Non-Injury Crash,No,2009,,South,,0,,Flat,,,,,,Bright sun,537500,0,0,0,5,,,0,,,,,,Auckland Region,Nil,2-way,Sealed,,0,0,,50,,Null,0,0,,76,Auckland,Traffic Signals,,,,,0,0,Urban,0,,,Fine,Null
1758856,5911779,5253,,519810,0,,0,2,,Null,2009/2010,NEILSON ST,SELWYN ST,,Non-Injury Crash,No,2009,,West,,0,,Flat,,,,,,Overcast,602200,0,0,0,2,,,0,,,,,,Auckland Region,Nil,2-way,Sealed,,0,0,,50,,Off,0,0,,76,Auckland,Traffic Signals,,,,,0,0,Urban,0,,,Light rain,Null
1757126,5919714,5254,,514103,0,0,1,0,0,South,2009/2010,QUEEN ST,TURNER ST,,Non-Injury Crash,No,2009,0,North,0,0,0,Hill Road,0,,0,,0,Bright sun,436201,0,0,0,4,0,1,0,0,0,,0,0,Auckland Region,Nil,2-way,Sealed,0,0,0,0,50,0,Off,0,0,,76,Auckland,Traffic Signals,0,0,0,0,0,0,Urban,0,0,0,Fine,Null
1765770,5901148,5255,,524711,0,,0,2,,Null,2009/2010,ROSCOMMON ROAD,FINLAYSON AVENUE,,Non-Injury Crash,No,2009,,South,,0,,Hill Road,,,,,,Bright sun,774900,0,0,0,2,,,0,,,,,,Auckland Region,Nil,2-way,Sealed,,0,0,,50,,Off,0,0,,76,Auckland,Give way,,,,,0,0,Urban,0,,,Fine,Null
1753391,5924676,5256,,510401,0,,0,2,,East,2008/2009,MOKOIA ROAD,WILLOW AVENUE,,Non-Injury Crash,No,2009,,West,,0,,Flat,,,,,,Twilight,355101,0,0,0,2,,,0,,,,,,Auckland Region,Nil,2-way,Sealed,,0,0,,50,,On,0,0,,76,Auckland,Nil,,,,,0,0,Urban,0,,,Fine,Null
1405458,4917962,5257,,604010,0,,0,2,,South,2009/2010,HIGHGATE,OBAN ST,,Minor Crash,No,2009,,South,,0,,Flat,,,,,,Overcast,2906200,1,0,0,1,,,0,,,,,,Otago Region,Nil,2-way,Sealed,,0,0,,50,,Null,0,0,,71,Dunedin City,Unknown,,,,,0,0,Urban,0,,,Fine,Null
1242899,4850177,5258,,611210,1,,0,1,,Null,2008/2009,LEET ST,DEVERON ST,,Serious Crash,No,2009,,North,,0,,Flat,,,,,,Dark,3106300,0,0,0,2,,,0,,,,,,Southland Region,Nil,2-way,Sealed,,0,1,,50,,On,0,0,,75,Invercargill City,Give way,,,,,0,0,Urban,0,,,Light rain,Null
1747223,5919429,5259,,512402,0,,0,1,,Null,2009/2010,TE ATATU ROAD,ROYAL VIEW ROAD,,Non-Injury Crash,No,2009,,North,,0,,Flat,,,,,,Bright sun,254100,0,0,0,4,,,0,,,,,,Auckland Region,Nil,2-way,Sealed,,0,0,,50,,Off,1,0,,76,Auckland,Nil,,,,,0,0,Urban,0,,,Fine,Null
1562852,5178134,5260,,587702,0,,0,1,,North,2009/2010,SPRINGS ROAD,SIOUX AVENUE,,Minor Crash,No,2009,,North,,0,,Flat,,,,,,Overcast,2481408,1,0,0,2,,,0,,,,,,Canterbury Region,Nil,2-way,Sealed,,0,0,,50,,Null,0,0,,60,Christchurch City,Unknown,,,,,1,0,Urban,0,,,Fine,Null
1696536,5677611,5261,,551012,0,0,0,1,0,Null,2008/2009,Z CPK MITRE 10 MEGA,VICKERS ROAD,,Non-Injury Crash,No,2009,0,South,0,0,0,Flat,0,,0,,0,Overcast,1558900,0,0,0,0,0,0,0,0,1,,0,0,Taranaki Region,Nil,Off road,Sealed,0,0,0,0,50,0,Null,0,0,,33,New Plymouth District,Nil,0,0,0,0,0,0,Urban,1,0,0,Fine,Null
1755984,5934036,5262,,507200,0,,0,2,,Null,2008/2009,BEACH ROAD,KNIGHTS ROAD,,Non-Injury Crash,No,2009,,West,,0,,Hill Road,,Easter,,,,Dark,156702,0,0,0,2,,,0,,,,,,Auckland Region,Nil,2-way,Sealed,,0,0,,50,,On,0,0,,76,Auckland,Give way,,,,,0,0,Urban,0,,,Fine,Null
1744664,5919995,5263,,513301,0,0,0,1,0,North,2009/2010,RIVERPARK CRESCENT,UNIVERSAL DRIVE,,Non-Injury Crash,No,2009,0,South,0,0,0,Flat,0,,0,,0,Dark,233600,0,0,0,,0,0,0,0,1,,0,0,Auckland Region,Nil,2-way,Sealed,0,0,0,0,50,0,On,0,0,,76,Auckland,Nil,0,0,0,0,0,0,Urban,1,0,0,Fine,Null
1769891,5899447,5264,,523911,0,,0,1,,South,2009/2010,SH 1N,TAKANINI OFF SBD,,Non-Injury Crash,Yes,2009,,South,,0,,Flat,,,,,,Overcast,766500,0,0,0,2,,,0,,,,,,Auckland Region,Nil,1-way,Sealed,,0,0,,100,,Off,0,0,,76,Auckland,Nil,,,,,1,0,Open,0,,,Fine,Null
1882257,5774923,5265,,539400,0,,0,1,,Null,2008/2009,CLAYTON ROAD,BROOKLAND ROAD,,Non-Injury Crash,No,2009,,South,,0,,Flat,,,,,,Overcast,1224500,0,0,0,2,,,0,,,,,,Bay of Plenty Region,Nil,2-way,Sealed,,0,0,,50,,Off,1,0,,24,Rotorua District,Give way,,,,,0,0,Urban,0,,,Fine,Null
1570462,5196433,5266,,586504,0,,0,0,,West,2008/2009,GILES ROAD,ISLAND ROAD,,Serious Crash,No,2009,,East,,0,,Flat,,,,,,Bright sun,2454902,0,0,0,2,,,0,,,1,,,Canterbury Region,Nil,2-way,Sealed,,0,1,,100,,Null,0,0,,59,Waimakariri District,Unknown,,,,,0,0,Open,1,,,Fine,Null
1752480,5928297,5267,,508411,0,0,0,1,0,Null,2009/2010,WITHEFORD DRIVE,MANUKA ROAD,,Non-Injury Crash,No,2009,0,West,0,0,0,Flat,0,,0,,0,Dark,185800,0,0,0,2,0,0,0,0,0,,0,1,Auckland Region,Nil,2-way,Sealed,0,0,0,0,50,0,On,0,0,,76,Auckland,Nil,0,0,0,0,0,0,Urban,0,0,0,Fine,Null
1717964,6050331,5268,,502102,0,,0,1,,East,2008/2009,WILKINSON AVENUE,KAMO ROAD,,Non-Injury Crash,No,2009,,East,,0,,Flat,,,,,,Overcast,84900,0,0,0,2,,,0,,,,,,Northland Region,Nil,2-way,Sealed,,0,0,,50,,Off,0,0,,2,Whangarei District,Nil,,,,,0,0,Urban,1,,,Fine,Null
1763695,5914391,5269,,520303,0,0,0,0,0,Null,2008/2009,BERTRAND ROAD,BARRACK ROAD,,Non-Injury Crash,No,2009,0,North,0,0,1,Flat,0,Queens Birthday,0,,0,Dark,627000,0,0,0,2,0,0,0,0,0,,0,0,Auckland Region,Nil,2-way,Sealed,0,0,0,0,50,0,On,0,0,,76,Auckland,Give way,0,0,0,0,0,0,Urban,1,0,0,Fine,Null
1753005,5918355,5270,,515002,0,0,0,2,0,West,2008/2009,GREAT NORTH ROAD,PREMIER AVENUE,,Non-Injury Crash,No,2009,0,West,0,0,1,Flat,0,,0,,0,Overcast,397300,0,0,0,4,0,0,0,0,1,,0,0,Auckland Region,Nil,2-way,Sealed,0,0,0,0,50,0,Off,0,0,,76,Auckland,Nil,0,0,0,0,0,0,Urban,0,0,0,Light rain,Null
1769322,5903951,5271,,523820,0,,0,2,,South,2009/2010,LOBELIA RISE,RIBBONWOOD CRESCENT,,Non-Injury Crash,No,2009,,North,,0,,Flat,,,,,,Bright sun,760136,0,0,0,2,,,0,,,,,,Auckland Region,Nil,2-way,Sealed,,0,0,,50,,Off,0,0,,76,Auckland,Nil,,,,,0,0,Urban,0,,,Fine,Null
1768362,5904442,5272,,523820,0,,0,2,,West,2009/2010,REDOUBT ROAD,DIORELLA DRIVE,,Non-Injury Crash,No,2009,,East,,0,,Flat,,,,,,Bright sun,759901,0,0,0,2,,,0,,,,,,Auckland Region,Nil,2-way,Sealed,,0,0,,50,,Off,1,0,,76,Auckland,Give way,,,,,0,0,Urban,0,,,Fine,Null
1801606,5815825,5273,,530100,0,,0,1,,Null,2009/2010,TE AROHA ST,GREY ST,,Non-Injury Crash,No,2009,,East,,0,,Flat,,,,,,Overcast,894600,0,1,0,2,,,0,,,,,,Waikato Region,Nil,2-way,Sealed,,0,0,,50,,Null,0,0,,16,Hamilton City,Give way,,,,,0,0,Urban,0,,,Light rain,Null
1767437,5904926,5274,,524604,0,,0,2,,Null,2009/2010,GREAT SOUTH ROAD,TE IRIRANGI DRIVE,,Non-Injury Crash,No,2009,,North,,0,,Flat,,,,,,Dark,780302,0,0,0,4,,,0,,,,,,Auckland Region,Nil,2-way,Sealed,,0,0,,50,,On,0,0,,76,Auckland,Traffic Signals,,,,,0,0,Urban,0,,,Fine,Null
1688501,6085476,5275,,501633,0,,0,1,,Null,2009/2010,SH 1N,SMITH ROAD,,Non-Injury Crash,Yes,2009,,East,,0,,Flat,,,,,,Bright sun,36301,0,0,0,2,,,0,,,,,,Northland Region,Nil,2-way,Sealed,,0,0,,100,,None,0,0,,1,Far North District,Nil,,,,,0,0,Open,0,,,Fine,Null
1712956,6030776,5276,,501811,0,0,0,1,0,South,2008/2009,MANGAPAI ROAD,HAYWARD ROAD,,Non-Injury Crash,No,2009,0,South,0,0,1,Hill Road,0,,0,,0,Dark,77902,0,0,0,2,0,0,0,0,0,,0,0,Northland Region,Nil,2-way,Sealed,0,0,0,0,100,0,None,0,0,,2,Whangarei District,Unknown,0,0,0,0,0,0,Open,0,0,0,Heavy rain,Null
1748906,5426626,5277,,573101,0,,0,1,,Null,2008/2009,TORY ST,FRANKVILLE TERRACE,,Minor Crash,No,2009,,South,,0,,Flat,,,,,,Overcast,2135000,1,1,0,2,,,0,,,,,,Wellington Region,Nil,2-way,Sealed,,0,0,,50,,Null,0,0,,47,Wellington City,Nil,,,,,0,0,Urban,0,,,Light rain,Null
1804460,5816187,5278,,527124,0,0,0,1,1,North,2009/2010,RUAKURA ROAD,SILVERDALE ROAD,,Non-Injury Crash,No,2009,0,North,1,0,0,Flat,0,,0,,0,Overcast,954903,0,0,0,2,0,0,0,0,0,,0,0,Waikato Region,Nil,2-way,Sealed,0,0,0,0,100,0,Null,0,0,,16,Hamilton City,Unknown,0,0,0,0,0,0,Open,0,0,0,Light rain,Null
1803720,5807499,5279,,527915,0,0,0,1,0,North,2009/2010,NARROWS ROAD,SH 3,,Non-Injury Crash,No,2009,0,North,0,0,0,Hill Road,0,,0,,0,Overcast,984705,0,0,0,2,0,0,0,0,0,,0,1,Waikato Region,Nil,2-way,Sealed,0,0,0,0,100,0,Off,0,0,,17,Waipa District,Nil,0,0,0,0,0,0,Open,0,0,0,Fine,Null
1815688,5802306,5280,65,527931,0,0,0,1,0,West,2009/2010,CAMBRIDGE ROAD,MATOS SEGEDIN DRIVE,,Non-Injury Crash,No,2009,0,East,0,0,1,Hill Road,0,,0,,0,Overcast,987902,0,0,0,2,0,0,0,1,0,,0,0,Waikato Region,Nil,2-way,Sealed,0,0,0,0,100,0,Null,0,0,,17,Waipa District,Nil,0,0,0,1,0,0,Open,0,0,0,Heavy rain,Null
1751458,5947846,5281,,505807,0,,0,2,,Null,2008/2009,HIBISCUS COAST HIGHWAY,RIVER ROAD,,Non-Injury Crash,No,2009,,East,,0,,Hill Road,,,,,,Dark,172502,0,0,0,2,,,0,,,,,,Auckland Region,Nil,2-way,Sealed,,0,0,,50,,On,0,0,,76,Auckland,Nil,,,,,0,0,Urban,0,,,Fine,Null
1765148,5920095,5282,,516700,0,0,0,2,0,Null,2008/2009,TAMAKI DRIVE,LONG DRIVE,,Non-Injury Crash,No,2009,0,East,0,0,0,Flat,0,,0,,0,Dark,508400,0,0,0,2,0,0,0,0,0,,0,0,Auckland Region,Nil,2-way,Sealed,0,0,0,0,20,0,On,0,0,,76,Auckland,Stop,0,0,0,0,0,0,Urban,0,1,0,Fine,Null
1768211,5903778,5283,,524602,0,0,0,0,0,South,2008/2009,SH 1N,REDOUBT OBR,,Non-Injury Crash,Yes,2009,0,North,0,0,0,Flat,1,,0,,0,Overcast,780506,0,0,0,3,0,0,0,0,0,,0,0,Auckland Region,Nil,1-way,Sealed,0,0,0,0,100,0,Off,0,0,,76,Auckland,Nil,0,0,0,0,0,0,Open,1,0,0,Light rain,Null
1757321,5919960,5284,30,514103,0,,0,2,,North,2009/2010,WAKEFIELD ST,MAYORAL DRIVE,,Non-Injury Crash,No,2009,,South,,0,,Flat,,,,,,Dark,436600,0,0,0,2,,,0,,,,,,Auckland Region,Nil,2-way,Sealed,,0,0,,50,,On,0,0,,76,Auckland,Nil,,,,,0,0,Urban,0,,,Fine,Null
1765687,5916746,5285,,517100,0,,0,2,,West,2009/2010,MAYBURY ST,DALTON ST,,Non-Injury Crash,No,2009,,West,,0,,Flat,,,,,,Bright sun,477201,0,0,0,2,,,0,,,,,,Auckland Region,Nil,2-way,Sealed,,0,0,,50,,Off,0,0,,76,Auckland,Nil,,,,,0,0,Urban,0,,,Fine,Null
1770196,5911005,5286,,523113,0,,0,0,,Null,2008/2009,TE IRIRANGI DRIVE,TE KOHA ROAD,,Non-Injury Crash,No,2009,,South,,0,,Flat,,,,,,Dark,711718,0,0,1,4,,,0,,,,,,Auckland Region,Nil,2-way,Sealed,,0,0,,50,,Off,0,0,,76,Auckland,Traffic Signals,,,,,0,0,Urban,1,,,Fine,Null
1768080,5904367,5287,,523722,0,,0,2,,Null,2008/2009,REDOUBT ROAD,MANUKAU ON SBD,,Non-Injury Crash,No,2009,,East,,0,,Flat,,,,,,Bright sun,715805,0,0,0,3,,,0,,,,,,Auckland Region,Nil,2-way,Sealed,,0,0,,50,,Null,0,0,,76,Auckland,Traffic Signals,,,,,0,0,Urban,0,,,Fine,Null
1756718,5927483,5288,,507900,0,,0,2,,Null,2009/2010,NORTHCOTE ROAD,TAHAROTO ROAD,,Non-Injury Crash,No,2009,,East,,0,,Flat,,,,,,Bright sun,303502,0,0,0,4,,,0,,,,,,Auckland Region,Nil,2-way,Sealed,,0,0,,50,,Off,0,0,,76,Auckland,Give way,,,,,0,0,Urban,0,,,Fine,Null
1728761,6005725,5289,,505010,0,0,0,1,0,South,2008/2009,SH 1N,PIROA STM BR,,Non-Injury Crash,Yes,2009,0,North,0,0,0,Hill Road,0,,0,,0,Overcast,134700,0,0,0,3,0,0,0,0,0,,0,0,Northland Region,Nil,2-way,Sealed,0,0,0,0,100,0,Null,0,0,,3,Kaipara District,Unknown,0,0,0,1,0,0,Open,0,0,0,Fine,Null
1769607,5905403,5290,,523712,0,,0,2,,Null,2009/2010,THOMAS ROAD,DONEGAL PARK DRIVE,,Non-Injury Crash,No,2009,,South,,0,,Flat,,,,,,Dark,713209,0,0,0,2,,,0,,,,,,Auckland Region,Nil,2-way,Sealed,,0,0,,50,,On,0,0,,76,Auckland,Give way,,,,,0,0,Urban,0,,,Heavy rain,Null
1774648,5896568,5291,,525610,0,,0,1,,West,2008/2009,SHEEHAN AVENUE,EASTBURN ST,,Non-Injury Crash,No,2009,,West,,0,,Flat,,,,,,Bright sun,798700,0,0,0,2,,,0,,,,,,Auckland Region,Nil,2-way,Sealed,,0,0,,50,,Off,0,0,,76,Auckland,Nil,,,,,0,0,Urban,1,,,Fine,Null
1716606,6059250,5292,,504300,0,0,0,0,0,South,2008/2009,GEORGE ST,PARK ST,,Non-Injury Crash,No,2009,0,North,0,0,0,Flat,0,Queens Birthday,0,,0,Overcast,63500,0,0,0,2,0,0,0,0,0,,0,0,Northland Region,Nil,2-way,Sealed,0,0,0,0,50,0,Null,1,0,,2,Whangarei District,Unknown,0,0,0,1,0,0,Urban,0,0,0,Light rain,Null
1746115,5920300,5293,,513301,0,0,0,1,0,South,2009/2010,SH 16,LINCOLN OFF WBD,,Non-Injury Crash,Yes,2009,0,West,0,0,0,Flat,1,,0,,0,Dark,230301,0,0,0,2,0,0,0,0,0,,0,0,Auckland Region,Bridge,1-way,Sealed,0,0,0,0,100,0,On,0,0,,76,Auckland,Nil,0,0,0,0,0,0,Open,0,0,0,Light rain,Null
1883738,5825978,5294,,536831,0,0,0,2,0,Null,2008/2009,ASCOT ROAD,KINROSS PLACE,,Non-Injury Crash,No,2009,0,North,0,0,0,Flat,0,,0,,0,Dark,1200402,0,0,0,1,0,0,0,0,1,,0,0,Bay of Plenty Region,Nil,2-way,Sealed,0,0,0,0,50,0,On,0,0,,23,Tauranga City,Nil,0,0,0,0,0,0,Urban,0,0,0,Fine,Null
1762179,5913657,5295,,520500,0,,0,3,,Null,2009/2010,SH 1N,PENROSE OBR,,Non-Injury Crash,Yes,2009,,North,,0,,Flat,,,,,,Overcast,637100,0,0,1,3,,,0,,,,,,Auckland Region,Nil,1-way,Sealed,,0,0,,100,,Null,0,0,,76,Auckland,Unknown,,,,,0,0,Open,0,,,Heavy rain,Null
1572778,5182711,5296,,592811,1,,0,1,,East,2008/2009,NEW BRIGHTON ROAD,SHIRLEY ROAD,,Serious Crash,No,2009,,West,,0,,Flat,,,,,,Bright sun,2601500,0,0,0,1,,,0,,,,,,Canterbury Region,Nil,2-way,Sealed,,0,1,,50,,Null,0,0,,60,Christchurch City,Nil,,,,,0,0,Urban,0,,,Fine,Null
1571763,5179173,5297,,591500,0,,0,1,,Null,2009/2010,MOORHOUSE AVENUE,FITZGERALD AVENUE,,Minor Crash,No,2009,,East,,0,,Flat,,,,,,Dark,2650900,3,0,0,2,,,0,,,,,,Canterbury Region,Nil,2-way,Sealed,,0,0,,50,,On,1,0,,60,Christchurch City,Traffic Signals,,,,,0,0,Urban,0,,,Fine,Null
1757672,5918321,5298,,514302,0,,0,0,,North,2008/2009,SH 1N,MOUNTAIN OBR,,Non-Injury Crash,Yes,2009,,South,,0,,Flat,,,,,,Bright sun,442100,0,0,0,4,,,0,,,,,,Auckland Region,Nil,1-way,Sealed,,0,0,,80,,Off,1,0,,76,Auckland,Nil,,,,,0,0,Open,2,,,Fine,Null