X,Y,OBJECTID,advisorySpeed,areaUnitID,bicycle,bridge,bus,carStationWagon,cliffBank,crashDirectionDescription,crashFinancialYear,crashLocation1,crashLocation2,crashRoadSideRoad,crashSeverity,crashSHDescription,crashYear,debris,directionRoleDescription,ditch,fatalCount,fence,flatHill,guardRail,holiday,houseOrBuilding,intersection,kerb,light,meshblockId,minorInjuryCount,moped,motorcycle,NumberOfLanes,objectThrownOrDropped,otherObject,otherVehicleType,overBank,parkedVehicle,pedestrian,phoneBoxEtc,postOrPole,region,roadCharacter,roadLane,roadSurface,roadworks,schoolBus,seriousInjuryCount,slipOrFlood,speedLimit,strayAnimal,streetLight,suv,taxi,temporarySpeedLimit,tlaId,tlaName,trafficControl,trafficIsland,trafficSign,train,tree,truck,unknownVehicleType,urban,vanOrUtility,vehicle,waterRiver,weatherA,weatherB
1797041,5819516,5299,,528403,0,,0,2,,West,2009/2010,WAIRERE DRIVE,TE RAPA ROAD,,Non-Injury Crash,No,2009,,West,,0,,Flat,,,,,,Dark,907700,0,0,0,2,,,0,,,,,,Waikato Region,Nil,2-way,Sealed,,0,0,,80,,On,0,0,,16,Hamilton City,Nil,,,,,0,0,Open,0,,,Fine,Null
1718933,6047203,5300,,502600,0,,0,2,,Null,2009/2010,RUSSELL ROAD,SH 1N,,Non-Injury Crash,Yes,2009,,North,,0,,Flat,,,,,,Bright sun,95402,0,0,0,2,,,0,,,,,,Northland Region,Nil,2-way,Sealed,,0,0,,50,,Null,0,0,,2,Whangarei District,Nil,,,,,0,0,Urban,0,,,Fine,Null
1750694,5431266,5301,,574302,0,,0,1,,North,2008/2009,SH 1N,AOTEA OFF SBD,,Non-Injury Crash,Yes,2009,,South,,0,,Flat,,,,,,Overcast,2090604,0,0,0,3,,,0,,,,,,Wellington Region,Nil,1-way,Sealed,,0,0,,100,,Null,0,0,,47,Wellington City,Nil,,,,,0,0,Open,1,,,Light rain,Null
1759761,5906641,5302,,524111,0,0,0,1,1,Null,2008/2009,JORDAN ROAD,THOMAS ROAD,,Non-Injury Crash,No,2009,0,South,0,0,0,Flat,0,,0,,0,Dark,740300,0,0,0,2,0,0,0,0,0,,0,0,Auckland Region,Nil,2-way,Sealed,0,0,0,0,50,0,On,0,0,,76,Auckland,Nil,0,0,0,0,0,0,Urban,0,0,0,Fine,Null
2013748,5813892,5303,45,542901,0,,0,2,,South,2008/2009,SH 35,PRATT ROAD,,Non-Injury Crash,Yes,2009,,South,,0,,Flat,,,,,,Bright sun,1333600,0,0,0,2,,,0,,,,,,Bay of Plenty Region,Nil,2-way,Sealed,,0,0,,50,,Null,0,0,,27,Ōpōtiki District,Unknown,,,,,0,0,Urban,0,,,Fine,Null
1771857,5870256,5304,,526701,0,0,0,0,0,West,2008/2009,ONEWHERO TUAKAU BRIDGE RO,HIGHWAY 22,,Non-Injury Crash,No,2009,0,East,0,0,0,Hill Road,0,,0,,0,Overcast,844700,0,0,0,2,0,0,0,1,0,,0,0,Waikato Region,Nil,2-way,Sealed,0,0,0,0,100,0,Null,0,0,,13,Waikato District,Unknown,0,0,0,1,1,0,Open,0,0,0,Light rain,Null
1570705,5187663,5305,,590400,0,0,0,1,0,East,2008/2009,RADCLIFFE ROAD,BLAKES ROAD,,Minor Crash,No,2009,0,East,0,0,0,Flat,0,,0,,0,Dark,2513900,1,0,0,2,0,0,0,0,0,,0,1,Canterbury Region,Nil,2-way,Sealed,0,0,0,0,80,0,On,0,0,,60,Christchurch City,Unknown,0,0,0,1,0,0,Open,0,0,0,Fine,Null
1757837,5912127,5306,80,519810,0,0,0,1,0,Null,2008/2009,SH 20,QUEENSTOWN OFF NBD,,Non-Injury Crash,Yes,2009,0,North,0,0,0,Flat,0,,0,,1,Bright sun,602501,0,0,0,2,0,0,0,0,0,,0,0,Auckland Region,Nil,1-way,Sealed,0,0,0,0,100,0,Off,0,0,,76,Auckland,Nil,0,0,0,1,0,0,Open,0,0,0,Fine,Null
1881828,5828934,5307,,536810,0,0,0,2,0,South,2008/2009,MARINE PARADE,SUTHERLAND AVENUE,,Non-Injury Crash,No,2009,0,South,0,0,0,Flat,0,,0,,0,Dark,1196400,0,0,0,2,0,0,0,0,1,,0,0,Bay of Plenty Region,Nil,2-way,Sealed,0,0,0,0,50,0,On,0,0,,23,Tauranga City,Nil,0,0,0,0,0,0,Urban,1,0,0,Fine,Null
1343148,4873482,5308,,607300,0,0,0,0,1,West,2008/2009,SH 1S,FOUR MILE CREEK ROAD,,Minor Crash,Yes,2009,0,West,0,0,0,Flat,0,,0,,0,Dark,3002100,2,0,0,2,0,0,0,0,0,,0,0,Otago Region,Nil,2-way,Sealed,0,0,0,0,100,0,None,1,0,,72,Clutha District,Unknown,0,0,0,0,0,0,Open,0,0,0,Fine,Null
1763649,5912672,5309,,520500,0,,0,2,,Null,2008/2009,SH 1N,MT WGTN ON NBD,,Non-Injury Crash,Yes,2009,,North,,0,,Hill Road,,,,,,Dark,637300,0,0,0,6,,,0,,,,,,Auckland Region,Nil,2-way,Sealed,,0,0,,100,,On,0,0,,76,Auckland,Nil,,,,,0,0,Open,0,,,Fine,Null
1767442,5883303,5310,35,521111,0,0,0,1,0,West,2009/2010,HEIGHTS ROAD,OSTRICH FARM ROAD,,Non-Injury Crash,No,2009,0,North,0,0,0,Flat,0,,0,,0,Bright sun,826601,0,0,0,2,0,0,0,0,0,,0,0,Auckland Region,Nil,2-way,Sealed,0,0,0,0,100,0,None,0,0,,76,Auckland,Nil,0,0,0,1,0,0,Open,0,0,0,Fine,Null
1567369,5179743,5311,,590702,0,,0,2,,South,2009/2010,MATIPO ST,GEORGE ST,,Minor Crash,No,2009,,South,,0,,Flat,,,,,,Bright sun,2471600,1,0,0,2,,,0,,,,,,Canterbury Region,Nil,2-way,Sealed,,0,0,,50,,Null,0,0,,60,Christchurch City,Nil,,,,,0,0,Urban,0,,,Fine,Null
1884594,5774026,5312,,540410,0,,0,2,,Null,2009/2010,RANOLF ST,RANOLF STREET,,Non-Injury Crash,No,2009,,North,,0,,Flat,,,,,,Dark,1231900,0,0,0,2,,,0,,,,,,Bay of Plenty Region,Nil,2-way,Sealed,,0,0,,50,,On,0,0,,24,Rotorua District,Give way,,,,,0,0,Urban,0,,,Fine,Null
1757827,5918153,5313,,515700,0,,0,1,,South,2008/2009,SH 1N,KHYBER PASS OFF NBD,,Non-Injury Crash,Yes,2009,,North,,0,,Flat,,,,,,Dark,443600,0,0,0,4,,,0,,,,,,Auckland Region,Nil,1-way,Sealed,,0,0,,100,,On,1,0,,76,Auckland,Nil,,,,,0,0,Open,0,,,Fine,Null
1244077,4849740,5314,,611100,0,,0,0,,West,2009/2010,SH 1S,LINDISFARNE ST,,Minor Crash,Yes,2009,,West,,0,,Flat,,,,,,Dark,3137400,1,0,0,2,,,0,,,1,,,Southland Region,Nil,2-way,Sealed,,0,0,,50,,On,0,0,,75,Invercargill City,Unknown,,,,,1,0,Urban,0,,,Fine,Null
1931444,5617338,5315,,547200,0,,0,2,,Null,2008/2009,GLOUCESTER ST,WORCESTER ST,,Minor Crash,No,2009,,South,,0,,Flat,,,,,,Dark,1457500,1,0,0,2,,,0,,,,,,Hawke's Bay Region,Nil,2-way,Sealed,,0,0,,50,,On,0,0,,31,Napier City,Give way,,,,,0,0,Urban,0,,,Light rain,Null
1754772,5917807,5316,,517600,0,0,0,2,0,East,2008/2009,WESTERN SPRINGS ROAD,DON CROOT ST,,Non-Injury Crash,No,2009,0,West,0,0,0,Flat,0,,0,,0,Dark,533700,0,0,0,2,0,0,0,0,1,,0,0,Auckland Region,Nil,2-way,Sealed,0,0,0,0,50,0,On,0,0,,76,Auckland,Nil,0,0,0,0,0,0,Urban,0,0,0,Fine,Null
1745584,5917535,5317,,510700,0,,0,1,,East,2008/2009,ALDERMAN DRIVE,SEL PEACOCK DRIVE,,Non-Injury Crash,No,2009,,East,,0,,Flat,,,,,,Overcast,239900,0,0,0,2,,,0,,,,,,Auckland Region,Nil,1-way,Sealed,,0,0,,50,,Off,0,0,,76,Auckland,Give way,,,,,0,0,Urban,1,,,Fine,Null
1243511,4849852,5318,,611210,1,,0,0,,Null,2008/2009,QUEENS DRIVE,DON ST,,Serious Crash,No,2009,,North,,0,,Flat,,,,,,Bright sun,3107400,0,0,0,2,,,0,,,,,,Southland Region,Nil,2-way,Sealed,,0,1,,50,,Null,0,0,,75,Invercargill City,Give way,,,,,0,0,Urban,1,,,Fine,Null
1755383,5914933,5319,,518500,0,0,0,1,0,East,2009/2010,PRINCES AVENUE,DOMINION ROAD,,Non-Injury Crash,No,2009,0,West,0,0,1,Flat,0,,1,,0,Dark,561600,0,0,0,2,0,0,0,0,0,,0,0,Auckland Region,Nil,2-way,Sealed,0,0,0,0,50,0,On,0,0,,76,Auckland,Nil,0,0,0,0,0,0,Urban,0,0,0,Fine,Null
1719586,6045587,5320,,503100,0,0,0,1,0,North,2009/2010,WALTON ST,CAMERON ST,,Non-Injury Crash,No,2009,0,West,0,0,0,Flat,0,,0,,0,Bright sun,99904,0,0,0,3,0,0,0,0,1,,0,0,Northland Region,Nil,2-way,Sealed,0,0,0,0,50,0,Off,0,0,,2,Whangarei District,Nil,0,0,0,0,0,0,Urban,1,0,0,Fine,Null
1800364,5815094,5321,,529700,0,,0,1,,Null,2009/2010,SEDDON ROAD,TAINUI STREET,,Non-Injury Crash,No,2009,,North,,0,,Hill Road,,,,,,Bright sun,910800,0,0,0,2,,,0,,,,,,Waikato Region,Nil,2-way,Sealed,,0,0,,50,,Null,0,0,,16,Hamilton City,Give way,,,,,0,0,Urban,1,,,Null,Null
1765275,5909425,5322,,521803,0,,0,2,,North,2008/2009,SH 1N,HIGHBROOK OBR,,Non-Injury Crash,Yes,2009,,South,,0,,Flat,,,,,,Overcast,788500,0,0,0,4,,,0,,,,,,Auckland Region,Nil,1-way,Sealed,,0,0,,100,,Off,0,0,,76,Auckland,Nil,,,,,0,0,Open,0,,,Fine,Null
1770548,5899026,5323,,523911,0,,0,2,,East,2008/2009,MANUROA ROAD,GREAT SOUTH ROAD,,Non-Injury Crash,No,2009,,West,,0,,Flat,,Easter,,,,Dark,766901,0,0,0,2,,,0,,,,,,Auckland Region,Rail xing,2-way,Sealed,,0,0,,50,,On,0,0,,76,Auckland,Nil,,,,,0,0,Urban,0,,,Fine,Null
1422824,4985272,5324,,600826,0,0,0,0,0,West,2008/2009,MOUNT MISERY ROAD,SH 1S,,Minor Crash,No,2009,0,West,0,0,0,Hill Road,0,,0,,0,Overcast,2833702,2,0,0,1,0,0,0,0,0,,0,0,Otago Region,Nil,2-way,Unsealed,0,0,0,0,100,0,Null,1,0,,68,Waitaki District,Unknown,0,0,0,1,0,0,Open,0,0,0,Heavy rain,Null
1869507,5713140,5325,,541730,0,0,0,0,0,South,2008/2009,TAHAREPA ROAD,ELIZABETH ST,,Non-Injury Crash,No,2009,0,South,0,0,0,Flat,0,,0,,0,Bright sun,1270501,0,0,0,2,0,0,0,0,0,,0,1,Waikato Region,Nil,2-way,Sealed,0,0,0,0,50,0,Off,0,0,,21,Taupo District,Nil,0,0,0,0,1,0,Urban,0,0,0,Fine,Null
1745733,5917226,5326,,510800,0,,0,2,,Null,2008/2009,EDMONTON ROAD,GREAT NORTH ROAD,,Non-Injury Crash,No,2009,,South,,0,,Flat,,,,,,Bright sun,243300,0,0,0,4,,,0,,,,,,Auckland Region,Nil,2-way,Sealed,,0,0,,50,,Off,0,0,,76,Auckland,Traffic Signals,,,,,0,0,Urban,0,,,Fine,Null
1765633,5908495,5327,,523403,0,0,0,0,0,Null,2009/2010,SH 1N,HIGHBROOK OFF NBD,,Non-Injury Crash,Yes,2009,0,North,0,0,0,Flat,1,,0,,0,Overcast,700100,0,0,0,3,0,0,0,0,0,,0,0,Auckland Region,Nil,2-way,Sealed,0,0,0,0,100,0,Off,1,0,,76,Auckland,Nil,0,0,0,0,0,0,Open,0,0,0,Null,Null
1760756,5914758,5328,,519500,0,,0,1,,Null,2009/2010,GREAT SOUTH ROAD,ROCKFIELD ROAD,,Non-Injury Crash,No,2009,,North,,0,,Flat,,,,,,Dark,620400,0,0,0,4,,,0,,,,,,Auckland Region,Nil,2-way,Sealed,,0,0,,50,,On,1,0,,76,Auckland,Traffic Signals,,,,,0,0,Urban,0,,,Light rain,Null
1339830,4911531,5329,,607502,0,,0,0,,East,2009/2010,SH 8,COTTON ROAD,,Minor Crash,Yes,2009,,East,,0,,Hill Road,,,,,,Overcast,3007900,1,0,0,2,,,0,,,,,,Otago Region,Nil,2-way,Sealed,,0,0,,100,,Null,1,0,30,72,Clutha District,Unknown,,,,,2,0,Open,0,,,Light rain,Null
1774378,5896472,5330,,525610,0,0,0,2,0,East,2009/2010,KERRY PLACE,MAURICE ST,,Non-Injury Crash,No,2009,0,East,0,0,0,Flat,0,,0,,0,Bright sun,798600,0,0,0,1,0,0,0,0,1,,0,0,Auckland Region,Nil,2-way,Sealed,0,0,0,0,50,0,Off,0,0,,76,Auckland,Nil,0,0,0,0,0,0,Urban,0,0,0,Fine,Null
1877203,5823294,5331,,537400,0,0,0,1,0,West,2009/2010,WAIHI ROAD,FERGUSSON WAY,,Non-Injury Crash,No,2009,0,West,0,0,0,Hill Road,0,,0,,0,Dark,1162402,0,0,0,2,0,0,0,0,0,,0,1,Bay of Plenty Region,Nil,2-way,Sealed,0,0,0,0,50,0,On,0,0,,23,Tauranga City,Unknown,0,0,0,0,0,0,Urban,0,0,0,Fine,Null
1868886,5712964,5332,,541740,0,0,0,2,0,Null,2009/2010,GILLIES AVENUE,TAUPO VIEW ROAD,,Minor Crash,No,2009,0,South,0,0,1,Hill Road,0,,0,,0,Bright sun,1268900,1,0,0,2,0,0,0,0,0,,0,0,Waikato Region,Nil,2-way,Sealed,0,0,0,0,50,0,Off,0,0,,21,Taupo District,Give way,0,0,0,0,0,0,Urban,0,0,0,Fine,Null
1800339,5811939,5333,,529200,0,,0,2,,Null,2008/2009,COLLINS ROAD,PRISK ST,,Non-Injury Crash,No,2009,,East,,0,,Flat,,,,,,Overcast,927700,0,0,0,2,,,0,,,,,,Waikato Region,Nil,2-way,Sealed,,0,0,,50,,Null,0,0,,16,Hamilton City,Give way,,,,,0,0,Urban,0,,,Light rain,Null
1767776,5904283,5334,,524602,0,,0,2,,Null,2009/2010,GREAT SOUTH ROAD,MANUKAU STATION ROAD S,,Non-Injury Crash,No,2009,,North,,0,,Flat,,,,,,Overcast,780501,0,0,0,4,,,0,,,,,,Auckland Region,Nil,2-way,Sealed,,0,0,,50,,Null,0,0,,76,Auckland,Give way,,,,,0,0,Urban,0,,,Fine,Null
1270267,5010684,5335,,609028,0,,0,1,,North,2009/2010,ARROWTOWN-LAKE HAYES ROAD,SH 6,,Minor Crash,No,2009,,South,,0,,Flat,,,,,,Dark,3039805,1,0,0,2,,,0,,,,,,Otago Region,Nil,2-way,Sealed,,0,0,,70,,None,0,0,,70,Queenstown-Lakes District,Unknown,,,,,0,0,Urban,0,,,Fine,Null
1803749,5818002,5336,,527124,0,0,0,1,0,East,2009/2010,POWELLS ROAD,ALDONA PLACE,,Non-Injury Crash,No,2009,0,East,0,0,1,Flat,0,,0,,0,Dark,954409,0,0,0,2,0,0,0,0,0,,0,0,Waikato Region,Nil,2-way,Unsealed,0,0,0,0,50,0,None,0,0,,16,Hamilton City,Nil,0,0,0,0,0,0,Urban,0,0,0,Fine,Null
1877984,5822922,5337,,538101,0,0,0,2,0,Null,2009/2010,ELEVENTH OFF NBD,SH 2,,Non-Injury Crash,No,2009,0,North,0,0,0,Hill Road,1,,0,,0,Dark,1167601,0,0,0,3,0,0,0,0,0,,0,0,Bay of Plenty Region,Nil,1-way,Sealed,0,0,0,0,50,0,On,0,0,,23,Tauranga City,Traffic Signals,0,0,0,0,0,0,Urban,0,0,0,Fine,Null
1260261,5004831,5338,,609302,0,,0,2,,Null,2009/2010,SH 6A,ANDREWS ROAD,,Minor Crash,Yes,2009,,North,,0,,Flat,,Christmas New Year,,,,Bright sun,3038213,1,0,0,2,,,0,,,,,,Otago Region,Nil,2-way,Sealed,,0,0,,70,,Null,0,0,,70,Queenstown-Lakes District,Stop,,,,,0,0,Urban,0,,,Fine,Null
1876171,5824196,5339,,537301,0,,0,2,,Null,2009/2010,BROOKFIELD TERRACE,BELLEVUE ROAD,,Non-Injury Crash,No,2009,,South,,0,,Flat,,,,,,Dark,1160801,0,0,0,2,,,0,,,,,,Bay of Plenty Region,Nil,2-way,Sealed,,0,0,,50,,On,0,0,,23,Tauranga City,Stop,,,,,0,0,Urban,0,,,Light rain,Null
1754625,5913894,5340,,518803,0,,0,2,,Null,2008/2009,MAY ROAD,DENBIGH AVENUE,,Non-Injury Crash,No,2009,,North,,0,,Flat,,,,,,Bright sun,581700,0,0,0,2,,,0,,,,,,Auckland Region,Nil,2-way,Sealed,,0,0,,50,,Off,0,0,,76,Auckland,Give way,,,,,0,0,Urban,0,,,Fine,Null
1797633,5786049,5341,,527923,0,0,0,0,1,North,2008/2009,POKURU ROAD,POKURU FACTORY ROAD,,Non-Injury Crash,No,2009,0,West,0,0,0,Hill Road,0,,0,,0,Bright sun,983301,0,0,0,2,0,0,0,0,0,,0,0,Waikato Region,Nil,2-way,Sealed,0,0,0,0,100,0,Null,0,0,,17,Waipa District,Unknown,0,0,0,0,1,0,Open,0,0,0,Fine,Null
1745925,5919755,5342,,513301,0,,0,3,,South,2008/2009,CENTRAL PARK DRIVE,TOLICH PLACE,,Non-Injury Crash,No,2009,,North,,0,,Flat,,,,,,Bright sun,230401,0,0,0,2,,,0,,,,,,Auckland Region,Nil,2-way,Sealed,,0,0,,50,,Null,0,0,,76,Auckland,Unknown,,,,,0,0,Urban,0,,,Fine,Null
1750116,5913908,5343,,511303,0,,0,1,,Null,2009/2010,TOTARA AVENUE,MEMORIAL DRIVE E,,Non-Injury Crash,No,2009,,West,,0,,Flat,,,,,,Overcast,266000,0,0,0,4,,,0,,,,,,Auckland Region,Nil,2-way,Sealed,,0,0,,50,,Off,1,0,,76,Auckland,Traffic Signals,,,,,0,0,Urban,0,,,Fine,Null
1768430,5900636,5344,,525101,0,,0,1,,Null,2008/2009,WEYMOUTH ROAD,RUSSELL ROAD,,Non-Injury Crash,No,2009,,South,,0,,Hill Road,,,,,,Bright sun,771100,0,0,0,3,,,0,,,,,,Auckland Region,Nil,2-way,Sealed,,0,0,,50,,Null,1,0,,76,Auckland,Traffic Signals,,,,,0,0,Urban,0,,,Fine,Null
1238461,4868888,5345,,610051,0,0,0,1,0,North,2008/2009,LOCHIEL-BRANXHOLME ROAD,NELSON ROAD,,Minor Crash,No,2009,0,North,0,0,0,Flat,0,,0,,0,Dark,3076400,1,0,0,2,0,0,0,0,0,,0,1,Southland Region,Nil,2-way,Sealed,0,0,0,0,100,0,None,0,0,,73,Southland District,Unknown,0,0,0,0,0,0,Open,0,0,0,Fine,Null
1769224,5914464,5346,,522721,0,,0,2,,Null,2008/2009,PAKURANGA ROAD,FORTUNES ROAD,,Non-Injury Crash,No,2009,,East,,0,,Flat,,,,,,Bright sun,680727,0,0,0,6,,,0,,,,,,Auckland Region,Nil,2-way,Sealed,,0,0,,60,,Off,0,0,,76,Auckland,Traffic Signals,,,,,0,0,Urban,0,,,Fine,Null
1881896,5779383,5347,,538602,0,,0,0,,Null,2008/2009,SH 36,SH 5,,Non-Injury Crash,Yes,2009,,North,,0,,Flat,,,,,,Bright sun,1247200,0,0,0,2,,,1,,,,,,Bay of Plenty Region,Nil,2-way,Sealed,,0,0,,80,,Null,1,0,,24,Rotorua District,Give way,,,,,0,0,Open,0,,,Fine,Null
1796130,5741660,5348,,531800,0,0,0,1,1,South,2008/2009,SH 30,MOKAU ROAD,,Non-Injury Crash,Yes,2009,0,South,0,0,0,Flat,0,,0,,0,Bright sun,1011701,0,0,0,2,0,1,0,0,0,,0,0,Waikato Region,Nil,2-way,Sealed,0,0,0,0,100,0,Null,0,0,,20,Waitomo District,Unknown,0,0,0,0,0,0,Open,0,0,0,Fine,Null
1757148,5920511,5349,,514102,0,,0,1,,Null,2009/2010,VICTORIA ST WEST,FEDERAL ST,,Non-Injury Crash,No,2009,,West,,0,,Flat,,,,,,Dark,433401,0,0,0,4,,,0,,,,,,Auckland Region,Nil,2-way,Sealed,,0,0,,50,,On,0,0,,76,Auckland,Traffic Signals,,,,,0,0,Urban,1,,,Fine,Null
1718684,6045773,5350,,503000,0,0,0,2,0,Null,2008/2009,SH 1N,CENTRAL AVENUE,,Non-Injury Crash,Yes,2009,0,South,0,0,0,Flat,0,,0,,0,Dark,97800,0,0,0,4,0,0,0,0,0,,0,1,Northland Region,Nil,2-way,Sealed,0,0,0,0,50,0,On,0,0,,2,Whangarei District,Traffic Signals,0,0,0,0,0,0,Urban,0,0,0,Light rain,Null
1767531,5909558,5351,,523112,0,,0,0,,South,2009/2010,KERWYN AVENUE,LORIEN PLACE,,Non-Injury Crash,No,2009,,South,,0,,Flat,,,,,,Bright sun,711600,0,0,0,2,,,0,,,,,,Auckland Region,Nil,2-way,Sealed,,0,0,,50,,Null,1,0,,76,Auckland,Give way,,,,,0,0,Urban,2,,,Fine,Null
1393849,4917224,5352,,602411,0,0,0,1,0,North,2008/2009,SH 87,EDEN ST,,Minor Crash,Yes,2009,0,South,1,0,0,Flat,0,,0,,0,Dark,2979000,1,0,0,2,0,0,0,0,0,,0,0,Otago Region,Nil,2-way,Sealed,0,0,0,0,80,0,None,0,0,,71,Dunedin City,Unknown,0,0,0,0,0,0,Open,0,0,0,Heavy rain,Strong wind
1767886,5907316,5353,,523602,0,0,0,1,0,West,2008/2009,CAPSTICK ROAD,PRESTON ROAD,,Non-Injury Crash,No,2009,0,West,0,0,0,Flat,0,,0,,0,Dark,705100,0,0,0,2,0,0,0,0,0,,0,1,Auckland Region,Nil,2-way,Sealed,0,0,0,0,50,0,On,0,0,,76,Auckland,Nil,0,0,0,0,0,0,Urban,0,0,0,Light rain,Null
1748988,5911719,5354,,512100,0,0,0,0,0,South,2008/2009,LA ROSA ST,FIRLE PLACE,,Non-Injury Crash,No,2009,0,South,0,0,0,Hill Road,0,,0,,0,Dark,289800,0,0,1,2,0,0,0,0,1,,0,0,Auckland Region,Nil,2-way,Sealed,0,0,0,0,50,0,On,1,0,,76,Auckland,Nil,0,0,0,0,0,0,Urban,0,0,0,Light rain,Null
1857144,5838248,5355,,536615,0,,0,1,,Null,2009/2010,SH 2,WHARAWHARA ROAD,,Non-Injury Crash,Yes,2009,,South,,0,,Flat,,,,,,Overcast,1182704,0,0,0,3,,,0,,,,,,Bay of Plenty Region,Nil,2-way,Sealed,,0,0,,100,,Null,0,0,,22,Western Bay of Plenty District,Stop,,,,,1,0,Open,0,,,Fine,Null
1745330,5920237,5356,,513301,0,,0,2,,South,2009/2010,LINCOLN ROAD,TRIANGLE ROAD,,Non-Injury Crash,No,2009,,North,,0,,Flat,,,,,,Overcast,230302,0,0,0,4,,,0,,,,,,Auckland Region,Nil,2-way,Sealed,,0,0,,50,,Off,0,0,,76,Auckland,Nil,,,,,0,0,Urban,0,,,Fine,Null
1757959,5928872,5357,,507800,0,0,0,1,0,South,2009/2010,SALTBURN ROAD,CRETE AVENUE,,Non-Injury Crash,No,2009,0,North,0,0,0,Flat,0,,0,,0,Bright sun,310300,0,0,0,2,0,0,0,0,1,,0,0,Auckland Region,Nil,2-way,Sealed,0,0,0,0,50,0,Null,0,0,,76,Auckland,Unknown,0,0,0,0,1,0,Urban,0,0,0,Fine,Null
1816487,5803336,5358,,527502,0,,0,2,,North,2008/2009,GREY ST,QUEEN ST,,Non-Injury Crash,No,2009,,North,,0,,Flat,,,,,,Twilight,964300,0,0,0,2,,,0,,,,,,Waikato Region,Nil,2-way,Sealed,,0,0,,50,,On,0,0,,17,Waipa District,Unknown,,,,,0,0,Urban,0,,,Fine,Null
1763438,5913913,5359,,520401,0,,0,2,,West,2009/2010,PENROSE ROAD,BARRACK ROAD,,Non-Injury Crash,No,2009,,East,,0,,Hill Road,,,,,,Bright sun,642900,0,0,0,2,,,0,,,,,,Auckland Region,Nil,2-way,Sealed,,0,0,,50,,Off,0,0,,76,Auckland,Nil,,,,,0,0,Urban,0,,,Light rain,Null
1761415,5914330,5360,,520202,0,,0,2,,North,2009/2010,PENROSE OFF SBD,PENROSE INT,,Non-Injury Crash,Yes,2009,,South,,0,,Flat,,,,,,Bright sun,612501,0,0,0,2,,,0,,,,,,Auckland Region,Motorway ramp,1-way,Sealed,,0,0,,50,,Off,0,0,,76,Auckland,Give way,,,,,0,0,Urban,0,,,Fine,Null
1754629,5930718,5361,,508420,0,,0,1,,South,2009/2010,SH 1N,UPPER HWY OFF NBD,,Non-Injury Crash,Yes,2009,,North,,0,,Hill Road,,,,,,Bright sun,182008,0,0,0,6,,,0,,,,,,Auckland Region,Nil,2-way,Sealed,,0,0,,100,,Off,1,0,,76,Auckland,Nil,,,,,0,0,Open,0,,,Fine,Null
1883958,5771413,5362,,540000,0,,0,1,,West,2008/2009,SPRINGFIELD ROAD,SH 5,,Non-Injury Crash,No,2009,,East,,0,,Hill Road,,,,,,Bright sun,1245600,0,0,0,2,,,0,,,,,,Bay of Plenty Region,Nil,2-way,Sealed,,0,0,,50,,Null,1,0,,24,Rotorua District,Unknown,,,,,0,0,Urban,0,,,Fine,Null
1762611,5919026,5363,,516400,0,0,0,2,0,North,2008/2009,KUPE ST,KEPA ROAD S,,Non-Injury Crash,No,2009,0,North,0,0,0,Flat,0,,0,,0,Dark,498600,0,0,0,2,0,0,0,0,1,,0,0,Auckland Region,Nil,2-way,Sealed,0,0,0,0,50,0,On,0,0,,76,Auckland,Nil,0,0,0,0,0,0,Urban,0,0,0,Light rain,Null
1758398,5912974,5364,,519710,0,,0,2,,North,2009/2010,MANUKAU ROAD,TRAFALGAR ST,,Non-Injury Crash,No,2009,,North,,0,,Flat,,,,,,Unknown,595303,0,0,0,2,,,0,,,,,,Auckland Region,Nil,2-way,Sealed,,0,0,,50,,Off,0,0,,76,Auckland,Nil,,,,,0,0,Urban,0,,,Null,Null
1800019,5817132,5365,,529600,0,,0,1,,Null,2008/2009,FAIRFIELD BRIDGE,RIVER ROAD,,Non-Injury Crash,No,2009,,East,,0,,Flat,,,,,,Dark,867700,0,0,0,2,,,0,,,,,,Waikato Region,Nil,2-way,Sealed,,0,0,,50,,On,1,0,,16,Hamilton City,Give way,,,,,0,0,Urban,0,,,Fine,Null
1764160,5909678,5366,,521901,0,0,0,1,0,West,2008/2009,HALL AVENUE,GREAT SOUTH ROAD,,Non-Injury Crash,No,2009,0,North,0,0,0,Flat,0,,0,,0,Bright sun,784500,0,0,0,2,0,0,0,0,1,,0,0,Auckland Region,Nil,2-way,Sealed,0,0,0,0,50,0,Off,1,0,,76,Auckland,Nil,0,0,0,0,0,0,Urban,0,0,0,Fine,Null
1753554,5928927,5367,,508411,0,,0,2,,Null,2009/2010,GLENFIELD ROAD,JAMES ST S,,Non-Injury Crash,No,2009,,North,,0,,Flat,,,,,,Bright sun,184000,0,0,0,4,,,0,,,,,,Auckland Region,Nil,2-way,Sealed,,0,0,,50,,Null,0,0,,76,Auckland,Nil,,,,,0,0,Urban,0,,,Fine,Null
1773730,5890034,5368,,521301,0,,0,1,,South,2009/2010,SH 1N,QUARRY OBR,,Non-Injury Crash,Yes,2009,,South,,0,,Flat,,,,,,Dark,809103,0,0,0,2,,,0,,,,,,Auckland Region,Nil,2-way,Sealed,,0,0,,100,,On,0,0,,76,Auckland,Unknown,,,,,0,0,Open,0,,,Fine,Null
1757681,5918290,5369,,518101,0,,0,2,,Null,2009/2010,SH 1N,KHYBER PASS OFF NBD,,Non-Injury Crash,Yes,2009,,North,,0,,Flat,,,,,,Overcast,543000,0,0,0,2,,,0,,,,,,Auckland Region,Nil,1-way,Sealed,,0,0,,80,,Off,0,0,,76,Auckland,Nil,,,,,0,0,Open,0,,,Fine,Null