X,Y,OBJECTID,advisorySpeed,areaUnitID,bicycle,bridge,bus,carStationWagon,cliffBank,crashDirectionDescription,crashFinancialYear,crashLocation1,crashLocation2,crashRoadSideRoad,crashSeverity,crashSHDescription,crashYear,debris,directionRoleDescription,ditch,fatalCount,fence,flatHill,guardRail,holiday,houseOrBuilding,intersection,kerb,light,meshblockId,minorInjuryCount,moped,motorcycle,NumberOfLanes,objectThrownOrDropped,otherObject,otherVehicleType,overBank,parkedVehicle,pedestrian,phoneBoxEtc,postOrPole,region,roadCharacter,roadLane,roadSurface,roadworks,schoolBus,seriousInjuryCount,slipOrFlood,speedLimit,strayAnimal,streetLight,suv,taxi,temporarySpeedLimit,tlaId,tlaName,trafficControl,trafficIsland,trafficSign,train,tree,truck,unknownVehicleType,urban,vanOrUtility,vehicle,waterRiver,weatherA,weatherB
1675062,6112404,5370,,500402,0,0,0,0,0,South,2009/2010,SH 10,MCGEES ROAD,,Non-Injury Crash,Yes,2009,0,South,1,0,0,Hill Road,0,,0,,0,Overcast,19400,0,0,0,2,0,0,0,0,0,,0,0,Northland Region,Nil,2-way,Sealed,0,0,0,0,100,0,None,1,0,,1,Far North District,Nil,0,0,0,0,0,0,Open,0,0,0,Light rain,Null
1579414,5150667,5371,,597101,0,0,0,1,0,West,2008/2009,SH 75,CATONS CV,,Minor Crash,Yes,2009,0,West,0,0,0,Flat,0,,0,,0,Dark,2713601,1,0,0,2,0,0,0,0,0,,0,0,Canterbury Region,Nil,2-way,Sealed,0,0,0,0,100,0,None,0,0,,60,Christchurch City,Nil,0,0,0,1,0,0,Open,0,0,0,Fine,Null
1769733,5907358,5372,,523712,0,,0,1,,Null,2009/2010,CHAPEL ROAD,ORMISTON ROAD,,Non-Injury Crash,No,2009,,South,,0,,Flat,,,,,,Bright sun,712803,0,0,0,2,,,0,,,,,,Auckland Region,Nil,2-way,Sealed,,0,0,,70,,Off,1,0,,76,Auckland,Traffic Signals,,,,,0,0,Urban,0,,,Fine,Null
1752394,5918207,5373,,515002,0,,0,2,,South,2008/2009,POINT CHEVALIER ROAD,TUI ST,,Non-Injury Crash,No,2009,,South,,0,,Flat,,,,,,Bright sun,392500,0,0,0,2,,,0,,,,,,Auckland Region,Nil,2-way,Sealed,,0,0,,50,,Off,0,0,,76,Auckland,Nil,,,,,0,0,Urban,0,,,Fine,Null
1769309,5881074,5374,,525922,0,,0,2,,Null,2009/2010,MASSEY AVENUE,KING ST,,Non-Injury Crash,No,2009,,East,,0,,Flat,,,,,,Bright sun,823200,0,0,0,2,,,0,,,,,,Auckland Region,Nil,2-way,Sealed,,0,0,,50,,Off,0,0,,76,Auckland,Give way,,,,,0,0,Urban,0,,,Fine,Null
1744694,5974153,5375,,506661,0,,0,0,,South,2008/2009,SH 1N,KRAACK ROAD,,Non-Injury Crash,Yes,2009,,South,,0,,Hill Road,,,,,,Overcast,138900,0,0,0,2,,,0,,,,,,Auckland Region,Nil,2-way,Sealed,,0,0,,80,,None,1,0,,76,Auckland,Nil,,,,,0,0,Open,0,,,Light rain,Null
1756977,5916289,5376,,518202,0,,0,3,,East,2008/2009,WINDMILL ROAD,MOUNT EDEN ROAD,,Non-Injury Crash,No,2009,,West,,0,,Flat,,,,,,Overcast,551300,0,0,0,2,,,0,,,,,,Auckland Region,Nil,2-way,Sealed,,0,0,,50,,Off,0,0,,76,Auckland,Nil,,,,,0,0,Urban,0,,,Fine,Null
1434538,5268140,5377,,585400,0,,0,1,,Null,2008/2009,HAMPDEN ST,LIVINGSTONE ST,,Minor Crash,No,2009,,West,,0,,Flat,,,,,,Bright sun,2423600,4,0,0,1,,,0,,,,,,West Coast Region,Nil,2-way,Sealed,,0,0,,50,,Null,0,0,,57,Westland District,Stop,,,,,0,0,Urban,1,,,Fine,Null
1753257,5933067,5378,,508807,0,,0,1,,Null,2008/2009,ALBANY EXPRESSWAY,TAWA DRIVE,,Non-Injury Crash,No,2009,,North,,0,,Flat,,,,,,Bright sun,180811,0,0,0,2,,,0,,,,,,Auckland Region,Nil,2-way,Sealed,,0,0,,50,,Off,1,0,,76,Auckland,Give way,,,,,0,0,Urban,0,,,Fine,Null
1771598,5899370,5379,,523911,0,0,0,0,0,Null,2009/2010,PORCHESTER ROAD,MANUROA ROAD,,Non-Injury Crash,No,2009,0,South,0,0,0,Flat,0,,0,,0,Dark,767301,0,0,0,2,0,0,0,0,0,,0,0,Auckland Region,Nil,2-way,Sealed,0,0,0,0,50,0,On,0,0,,76,Auckland,Give way,1,1,0,0,1,0,Urban,0,0,0,Heavy rain,Null
1744624,5974356,5380,,506661,0,,0,1,,West,2008/2009,KRAACK ROAD,SH 1N,,Non-Injury Crash,No,2009,,East,,0,,Hill Road,,,,,,Bright sun,139000,0,0,1,1,,,0,,,,,,Auckland Region,Nil,2-way,Unsealed,,0,0,,100,,None,0,0,,76,Auckland,Nil,,,,,0,0,Open,0,,,Fine,Null
1851508,5765847,5381,,535350,0,,0,2,,Null,2008/2009,TORPHIN CRESCENT,OSULLIVAN DRIVE,,Non-Injury Crash,No,2009,,South,,0,,Flat,,,,,,Overcast,1143900,0,0,0,2,,,0,,,,,,Waikato Region,Nil,2-way,Sealed,,0,0,,50,,Null,0,0,,19,South Waikato District,Give way,,,,,0,0,Urban,0,,,Light rain,Null
1752402,5916052,5382,,517901,0,,0,2,,Null,2009/2010,NEW NORTH ROAD,WOODWARD ROAD,,Non-Injury Crash,No,2009,,West,,0,,Flat,,,,,,Bright sun,523700,0,0,0,2,,,0,,,,,,Auckland Region,Nil,2-way,Sealed,,0,0,,50,,Off,0,0,,76,Auckland,Traffic Signals,,,,,0,0,Urban,0,,,Fine,Null
1765663,5897972,5383,,524812,0,,0,2,,Null,2009/2010,WEYMOUTH ROAD,HAZARDS ROAD,,Non-Injury Crash,No,2009,,North,,0,,Flat,,,,,,Bright sun,773400,0,0,0,2,,,0,,,,,,Auckland Region,Nil,2-way,Sealed,,0,0,,50,,Off,0,0,,76,Auckland,Give way,,,,,0,0,Urban,0,,,Fine,Null
1765059,5902846,5384,,524604,0,,0,2,,Null,2008/2009,ROSCOMMON ROAD,WIRI STATION ROAD S,,Non-Injury Crash,No,2009,,North,,0,,Flat,,,,,,Bright sun,781200,0,0,0,3,,,0,,,,,,Auckland Region,Nil,2-way,Sealed,,0,0,,50,,Off,0,0,,76,Auckland,Traffic Signals,,,,,0,0,Urban,0,,,Fine,Null
1769019,5900698,5385,,525002,0,0,0,2,0,West,2009/2010,WOODSIDE ROAD,GREAT SOUTH ROAD,,Non-Injury Crash,No,2009,0,East,0,0,0,Flat,0,,0,,0,Bright sun,753202,0,0,0,2,0,0,0,0,1,,0,0,Auckland Region,Nil,2-way,Sealed,0,0,0,0,50,0,Off,0,0,,76,Auckland,Nil,0,0,0,0,0,0,Urban,0,0,0,Fine,Null
1625838,6114675,5386,,500204,0,,0,0,,East,2008/2009,CHURCH ROAD,SH 1N,,Non-Injury Crash,No,2009,,East,,0,,Hill Road,,,,,,Dark,8600,0,0,0,2,,,0,,,,,,Northland Region,Nil,2-way,Sealed,,0,0,,100,,None,1,0,,1,Far North District,Nil,,,,,0,0,Open,0,,,Fine,Null
1799622,5817162,5387,,528700,0,,0,0,,Null,2008/2009,VICTORIA ST,AWATERE AVENUE,,Non-Injury Crash,No,2009,,South,,0,,Flat,,,,,,Bright sun,902200,0,0,0,2,,,0,,,,,,Waikato Region,Nil,2-way,Sealed,,0,0,,50,,Null,0,0,,16,Hamilton City,Stop,,,,,0,0,Urban,2,,,Fine,Null
1756039,5921073,5388,,515202,0,,0,1,,North,2008/2009,SH 1N,FANSHAWE OFF SBD,,Non-Injury Crash,Yes,2009,,South,,0,,Flat,,,,,,Bright sun,425600,0,0,0,4,,,0,,,,,,Auckland Region,Nil,1-way,Sealed,,0,0,,80,,Off,0,0,,76,Auckland,Nil,,,,,0,0,Open,1,,,Fine,Null
1780510,5926323,5389,,520801,0,,0,0,,Null,2008/2009,SURFDALE ROAD,MARAMA AVENUE,,Non-Injury Crash,No,2009,,North,,0,,Flat,,,,,,Bright sun,516603,0,0,0,2,,,0,,,,,,Auckland Region,Nil,2-way,Sealed,,0,0,,50,,Null,0,0,,76,Auckland,Nil,,,,,1,0,Urban,1,,,Fine,Null
1745256,5919752,5390,,513301,0,,0,2,,West,2009/2010,UNIVERSAL DRIVE,LINCOLN ROAD,,Non-Injury Crash,No,2009,,East,,0,,Flat,,,,,,Bright sun,232001,0,0,0,5,,,0,,,,,,Auckland Region,Nil,2-way,Sealed,,0,0,,50,,Null,0,0,,76,Auckland,Unknown,,,,,0,0,Urban,0,,,Fine,Null
1924799,5778257,5391,,542600,0,0,0,0,0,Null,2008/2009,NEWALL ST,BLEDISLOE ST,,Non-Injury Crash,No,2009,0,South,0,0,0,Flat,0,,0,,1,Dark,1315300,0,0,0,2,0,0,0,0,0,,0,0,Bay of Plenty Region,Nil,2-way,Sealed,0,0,0,0,50,0,On,1,0,,26,Kawerau District,Nil,0,0,0,0,0,0,Urban,0,0,0,Fine,Null
1753379,5935336,5392,,508704,0,,0,2,,South,2009/2010,OTEHA VALLEY ROAD,CANYON DRIVE,,Non-Injury Crash,No,2009,,South,,0,,Flat,,,,,,Bright sun,179109,0,0,0,2,,,0,,,,,,Auckland Region,Nil,2-way,Sealed,,0,0,,50,,Off,1,0,,76,Auckland,Nil,,,,,0,0,Urban,0,,,Fine,Null
1750837,5915590,5393,,514802,0,,0,0,,Null,2009/2010,ASH ST,ROSEBANK ROAD,,Non-Injury Crash,No,2009,,West,,0,,Flat,,,,,,Overcast,386600,0,0,0,6,,,0,,,,,,Auckland Region,Nil,2-way,Sealed,,0,0,,50,,Off,0,0,,76,Auckland,Traffic Signals,,,,,1,0,Urban,1,,,Fine,Null
1866098,5810652,5394,,536630,0,,0,1,,East,2008/2009,SH 29,NGAMUWAHINE ROAD,,Non-Injury Crash,Yes,2009,,North,,0,,Hill Road,,,,,,Overcast,1191500,0,0,0,3,,,0,,,,,,Bay of Plenty Region,Nil,2-way,Sealed,,0,0,,100,,Null,0,0,50,22,Western Bay of Plenty District,Unknown,,,,,1,0,Open,0,,,Light rain,Null
1765634,5906877,5395,,522301,0,,0,2,,Null,2008/2009,GREAT SOUTH ROAD,CHARLES ST,,Non-Injury Crash,No,2009,,South,,0,,Flat,,,,,,Bright sun,666900,0,0,0,4,,,0,,,,,,Auckland Region,Nil,2-way,Sealed,,0,0,,50,,Null,0,0,,76,Auckland,Stop,,,,,0,0,Urban,0,,,Fine,Null
1569741,5168815,5396,,587904,0,0,0,1,0,West,2009/2010,SUMMIT ROAD,MOUNT PLEASANT ROAD,,Serious Crash,No,2009,0,East,0,0,1,Hill Road,0,,0,,0,Dark,2485900,3,0,0,2,0,0,0,1,0,,0,0,Canterbury Region,Nil,2-way,Sealed,0,0,1,0,70,0,None,0,0,,62,Selwyn District,Unknown,0,0,0,0,0,0,Urban,0,0,0,Fine,Null
1760536,5915234,5397,,520202,0,,0,1,,Null,2008/2009,MAIN HIGHWAY,WALPOLE ST,,Non-Injury Crash,No,2009,,South,,0,,Flat,,,,,,Bright sun,611500,0,0,0,2,,,0,,,,,,Auckland Region,Nil,2-way,Sealed,,0,0,,50,,Null,0,0,,76,Auckland,Stop,,,,,0,0,Urban,1,,,Fine,Null
1945576,5662043,5398,55,545301,0,0,0,0,1,North,2009/2010,SH 2,WAIKARE ROAD,,Serious Crash,Yes,2009,0,South,1,0,0,Hill Road,0,,0,,0,Twilight,1393000,1,0,0,2,0,0,0,0,0,,0,0,Hawke's Bay Region,Nil,2-way,Sealed,0,0,1,0,100,0,None,0,0,,29,Wairoa District,Nil,0,0,0,0,0,0,Open,1,0,0,Light rain,Null
1773182,5895567,5399,,525410,0,,0,1,,Null,2008/2009,KING EDWARD AVENUE,ALEXANDER ST,,Non-Injury Crash,No,2009,,East,,0,,Flat,,,,,,Dark,793501,0,0,0,2,,,0,,,,,,Auckland Region,Nil,2-way,Sealed,,0,0,,50,,On,0,0,,76,Auckland,Give way,,,,,0,0,Urban,0,,,Fine,Null
1368417,4982361,5400,,608000,0,,0,0,,West,2008/2009,CHIRNSIDE TERRACE,JOHNSTON ROAD,,Minor Crash,No,2009,,North,,0,,Flat,,,,,,Bright sun,3016000,1,1,0,1,,,0,,,1,,,Otago Region,Nil,2-way,Sealed,,0,0,,50,,Null,0,0,,69,Central Otago District,Unknown,,,,,0,0,Urban,0,,,Fine,Null
1867310,5715112,5401,,541317,0,,0,2,,South,2008/2009,KAHURANGI DRIVE,HUKA FALLS ROAD,,Non-Injury Crash,No,2009,,South,,0,,Flat,,,,,,Bright sun,1279017,0,0,0,2,,,0,,,,,,Waikato Region,Nil,2-way,Sealed,,0,0,,50,,Off,0,0,,21,Taupo District,Nil,,,,,0,0,Urban,0,,,Fine,Null
1752084,5930656,5402,,509100,0,0,0,1,0,Null,2008/2009,ALBANY HIGHWAY ON WBD,ALBANY HIGHWAY,,Non-Injury Crash,No,2009,0,South,0,0,0,Hill Road,1,,0,,0,Dark,181004,0,0,0,1,0,0,0,0,0,,0,0,Auckland Region,Motorway ramp,1-way,Sealed,0,0,0,0,80,0,On,0,0,,76,Auckland,Traffic Signals,0,0,0,0,0,0,Open,0,0,0,Fine,Null
1802188,5813954,5403,,530300,0,,0,2,,Null,2008/2009,GREY ST,NAYLOR ST,,Non-Injury Crash,No,2009,,West,,0,,Flat,,,,,,Overcast,881100,0,0,0,1,,,0,,,,,,Waikato Region,Nil,2-way,Sealed,,0,0,,50,,Off,0,0,,16,Hamilton City,Give way,,,,,0,0,Urban,0,,,Light rain,Null
1753236,5912737,5404,,518901,0,0,0,1,0,Null,2009/2010,GRIFFEN PARK ROAD,WHITE SWAN ROAD,,Non-Injury Crash,No,2009,0,South,0,0,0,Hill Road,0,,0,,1,Dark,586500,0,0,0,2,0,0,0,0,0,,0,1,Auckland Region,Nil,2-way,Sealed,0,0,0,0,50,0,On,0,0,,76,Auckland,Stop,1,0,0,1,0,0,Urban,0,0,0,Fine,Null
1761681,5914080,5405,,520202,0,,0,2,,South,2009/2010,SH 1N,PENROSE INT S,,Non-Injury Crash,Yes,2009,,South,,0,,Flat,,,,,,Dark,612800,0,0,0,6,,,0,,,,,,Auckland Region,Nil,2-way,Sealed,,0,0,,100,,On,0,0,,76,Auckland,Unknown,,,,,0,0,Open,0,,,Fine,Null
1497824,5334746,5406,,584702,0,0,0,1,0,North,2009/2010,MAIMAI ROAD,SH 7,,Minor Crash,No,2009,0,South,0,0,1,Flat,0,,0,,0,Dark,2398400,3,0,0,2,0,1,0,0,0,,0,0,West Coast Region,Nil,2-way,Sealed,0,0,0,0,100,0,None,0,0,,55,Buller District,Unknown,0,0,0,0,0,0,Open,0,0,0,Fine,Null
1837888,5839790,5407,,534604,0,0,0,1,0,East,2009/2010,SH 26,GRATTAN ROAD,,Non-Injury Crash,Yes,2009,0,West,0,0,0,Flat,0,,0,,0,Dark,1107400,0,0,0,2,0,0,0,0,0,,0,0,Waikato Region,Nil,2-way,Sealed,0,0,0,0,100,0,None,0,0,,15,Matamata-Piako District,Unknown,0,0,0,0,0,0,Open,0,0,0,Fine,Null
1798603,5816757,5408,,528800,1,,0,1,,North,2008/2009,FOREST LAKE ROAD,CAREY ST,,Non-Injury Crash,No,2009,,South,,0,,Hill Road,,,,,,Bright sun,902400,0,0,0,2,,,0,,,,,,Waikato Region,Nil,2-way,Sealed,,0,0,,50,,Null,0,0,,16,Hamilton City,Unknown,,,,,0,0,Urban,0,,,Fine,Null
1744880,5919234,5409,,513301,0,,0,1,,Null,2008/2009,POMARIA ROAD,KINGDALE ROAD,,Non-Injury Crash,No,2009,,East,,0,,Flat,,,,,,Overcast,232101,0,0,0,2,,,0,,,,,,Auckland Region,Nil,2-way,Unsealed,,0,0,,50,,Null,0,0,,76,Auckland,Give way,,,,,0,0,Urban,1,,,Fine,Null
1800725,5773774,5410,,531304,0,,0,1,,West,2008/2009,SH 3,CHERRY ROAD,,Non-Injury Crash,Yes,2009,,East,,0,,Flat,,,,,,Dark,1000600,0,0,0,2,,,0,,,,,,Waikato Region,Nil,2-way,Sealed,,0,0,,100,,None,0,0,,18,Ōtorohanga District,Unknown,,,,,0,0,Open,1,,,Fine,Null
1570882,5180281,5411,,591500,0,,0,1,,Null,2009/2010,MANCHESTER ST,GLOUCESTER ST,,Minor Crash,No,2009,,South,,0,,Flat,,,,,,Bright sun,2652600,1,0,0,2,,,0,,,1,,,Canterbury Region,Nil,2-way,Sealed,,0,0,,50,,Null,0,0,,60,Christchurch City,Traffic Signals,,,,,0,0,Urban,0,,,Fine,Null
1803396,5798367,5412,,527932,0,0,0,1,0,Null,2008/2009,SH 3,SOWERBY ROAD,,Non-Injury Crash,Yes,2009,0,South,0,0,1,Flat,0,,0,,0,Dark,985603,0,0,0,4,0,0,0,0,0,,0,0,Waikato Region,Nil,2-way,Sealed,0,0,0,0,100,0,On,0,0,,17,Waipa District,Nil,0,0,0,0,0,0,Open,0,0,0,Mist or Fog,Null
1769906,5913326,5413,,522722,0,0,0,0,0,North,2008/2009,AVIEMORE DRIVE,AMERCE PLACE,,Non-Injury Crash,No,2009,0,North,0,0,0,Flat,0,,0,,0,Bright sun,681337,0,0,0,2,0,0,0,0,0,,0,1,Auckland Region,Nil,2-way,Sealed,0,0,0,0,60,0,Null,0,0,,76,Auckland,Unknown,0,0,0,0,0,0,Urban,1,0,0,Fine,Null
1751994,5435837,5414,,573514,0,,0,0,,North,2009/2010,SH 1N,JOHNSONVILLE ON NBD,,Minor Crash,Yes,2009,,North,,0,,Flat,,,,,,Dark,2081100,1,0,1,2,,,0,,,,,,Wellington Region,Nil,2-way,Sealed,,0,0,,100,,None,0,0,,47,Wellington City,Nil,,,,,0,0,Open,0,,,Light rain,Null
1743918,5914982,5415,,513013,0,,0,2,,Null,2008/2009,PINE AVENUE,FOREST HILL ROAD,,Non-Injury Crash,No,2009,,South,,0,,Hill Road,,,,,,Overcast,281102,0,0,0,2,,,0,,,,,,Auckland Region,Nil,2-way,Sealed,,0,0,,50,,Null,0,0,,76,Auckland,Give way,,,,,0,0,Urban,0,,,Light rain,Null
1397408,5124692,5416,,600320,0,0,0,0,0,South,2009/2010,SH 8,BRAEMAR ROAD,,Minor Crash,Yes,2009,0,North,0,0,1,Flat,0,Christmas New Year,0,,0,Bright sun,2812904,2,0,0,2,0,1,0,0,0,,0,0,Canterbury Region,Nil,2-way,Sealed,0,0,0,0,100,0,Null,0,0,,65,Mackenzie District,Unknown,0,0,0,0,0,0,Open,1,0,0,Fine,Strong wind
1760272,5923392,5417,,509400,0,,0,2,,Null,2009/2010,LAKE ROAD,ARIHO TERRACE,,Non-Injury Crash,No,2009,,North,,0,,Hill Road,,,,,,Bright sun,331500,0,0,0,2,,,0,,,,,,Auckland Region,Nil,2-way,Sealed,,0,0,,50,,Off,0,0,,76,Auckland,Nil,,,,,0,0,Urban,0,,,Fine,Null
1763361,5884686,5418,,521121,0,,0,1,,North,2008/2009,CUFF ROAD,OSTRICH ROAD,,Non-Injury Crash,No,2009,,West,,0,,Flat,,,,,,Bright sun,811401,0,0,0,2,,,0,,,,,,Auckland Region,Nil,2-way,Sealed,,0,0,,100,,None,0,0,30,76,Auckland,Nil,,,,,0,0,Open,1,,,Fine,Null
1806494,5553899,5419,,559230,0,0,0,1,0,West,2008/2009,WILLIS ROAD,SH 1N,,Non-Injury Crash,No,2009,0,West,0,0,0,Flat,0,,0,,0,Dark,1732100,0,0,0,2,0,1,0,0,0,,0,0,Manawatū-Whanganui Region,Nil,2-way,Sealed,0,0,0,0,100,0,None,0,0,,38,Rangitikei District,Nil,0,0,0,0,0,0,Open,0,0,0,Heavy rain,Null
1765446,5899278,5420,,524811,0,0,0,2,0,West,2008/2009,NICHOLAS GIBBONS DRIVE,ETHERTON DRIVE,,Non-Injury Crash,No,2009,0,North,0,0,0,Flat,0,,0,,0,Bright sun,773801,0,0,0,1,0,0,0,0,1,,0,0,Auckland Region,Nil,2-way,Sealed,0,0,0,0,50,0,Null,0,0,,76,Auckland,Unknown,0,0,0,0,0,0,Urban,0,0,0,Fine,Null
1765624,5901499,5421,45,524604,0,,0,2,,North,2009/2010,ROSCOMMON ROAD,BROWNS ROAD,,Non-Injury Crash,No,2009,,South,,0,,Flat,,,,,,Twilight,781302,0,0,0,2,,,0,,,,,,Auckland Region,Nil,1-way,Sealed,,0,0,,50,,On,0,0,,76,Auckland,Nil,,,,,0,0,Urban,0,,,Fine,Null
1746812,5918822,5422,,512401,0,,0,1,,Null,2008/2009,TE ATATU ROAD,EDMONTON ROAD,,Non-Injury Crash,No,2009,,North,,0,,Flat,,,,,,Overcast,255600,0,0,0,2,,,0,,,,,,Auckland Region,Nil,2-way,Sealed,,0,0,,50,,Off,1,0,,76,Auckland,Give way,,,,,0,0,Urban,0,,,Light rain,Null
1797724,5832983,5423,,527123,0,,0,1,,North,2008/2009,SH 1B,HENRY ROAD,,Non-Injury Crash,Yes,2009,,West,,0,,Hill Road,,,,,,Bright sun,950800,0,0,0,2,,,0,,,,,,Waikato Region,Nil,2-way,Sealed,,0,0,,100,,Null,0,0,,13,Waikato District,Unknown,,,,,1,0,Open,0,,,Fine,Null
1757154,5925847,5424,,509702,0,,0,3,,North,2009/2010,SH 1N,ESMONDE ON SBD,,Non-Injury Crash,Yes,2009,,South,,0,,Flat,,,,,,Overcast,364602,0,0,0,3,,,0,,,,,,Auckland Region,Nil,1-way,Sealed,,0,0,,100,,Null,0,0,,76,Auckland,Unknown,,,,,0,0,Open,0,,,Light rain,Null
1754951,5924746,5425,,509800,0,,0,2,,Null,2008/2009,ONEWA ROAD,GLADSTONE ROAD,,Non-Injury Crash,No,2009,,East,,0,,Hill Road,,,,,,Bright sun,361703,0,0,0,3,,,0,,,,,,Auckland Region,Nil,2-way,Sealed,,0,0,,50,,Null,0,0,,76,Auckland,Stop,,,,,0,0,Urban,0,,,Fine,Null
1757029,5918404,5426,,518101,0,,0,0,,South,2008/2009,MOUNT EDEN ROAD,BOSTON ROAD,,Non-Injury Crash,No,2009,,South,,0,,Hill Road,,,,,,Dark,542501,0,1,0,2,,,0,,,,,,Auckland Region,Nil,2-way,Sealed,,0,0,,50,,On,0,0,,76,Auckland,Nil,,,,,0,0,Urban,0,,,Mist or Fog,Null
1440090,5004216,5427,,601030,0,0,0,1,0,South,2009/2010,REED ST,COQUET ST,,Minor Crash,No,2009,0,South,0,0,1,Flat,0,,0,,0,Dark,2841400,1,0,0,2,0,1,0,0,1,,0,0,Otago Region,Nil,2-way,Sealed,0,0,0,0,50,0,On,0,0,,68,Waitaki District,Unknown,0,0,0,0,0,0,Urban,0,0,0,Light rain,Null
1767703,5907712,5428,,523602,0,,0,2,,East,2009/2010,EAST TAMAKI ROAD,HILLS ROAD,,Non-Injury Crash,No,2009,,West,,0,,Flat,,,,,,Bright sun,709900,0,0,0,2,,,0,,,,,,Auckland Region,Nil,2-way,Sealed,,0,0,,50,,Off,0,0,,76,Auckland,Traffic Signals,,,,,0,0,Urban,0,,,Fine,Null
1717180,6035724,5429,,501809,0,0,0,1,0,South,2009/2010,SH 1N,MAUNGAKARAMEA ROAD,,Non-Injury Crash,Yes,2009,0,North,0,0,0,Hill Road,0,,0,,0,Dark,74900,0,0,0,2,0,0,0,0,0,,0,0,Northland Region,Nil,2-way,Sealed,0,0,0,0,100,0,None,0,0,,2,Whangarei District,Nil,0,1,0,0,0,0,Open,0,0,0,Heavy rain,Null
1756179,5917881,5430,,518101,0,,0,2,,Null,2008/2009,VIEW ROAD,DOMINION ROAD,,Non-Injury Crash,No,2009,,West,,0,,Flat,,,,,,Overcast,544900,0,0,0,2,,,0,,,,,,Auckland Region,Nil,2-way,Sealed,,0,0,,50,,Off,0,0,,76,Auckland,Traffic Signals,,,,,0,0,Urban,0,,,Light rain,Null
1759363,5902976,5431,,524200,0,,1,1,,Null,2008/2009,GEORGE BOLT MEMORIAL DRIV,ANDREW MCKEE AVENUE,,Non-Injury Crash,No,2009,,South,,0,,Flat,,Queens Birthday,,,,Bright sun,727200,0,0,0,4,,,0,,,,,,Auckland Region,Nil,2-way,Sealed,,0,0,,50,,Off,0,0,,76,Auckland,Give way,,,,,0,0,Urban,0,,,Fine,Null
1766810,5902749,5432,,524602,0,0,0,1,0,East,2009/2010,KERRS ROAD,DALGETY DRIVE,,Non-Injury Crash,No,2009,0,West,0,0,0,Flat,0,,0,,0,Bright sun,780407,0,0,0,2,0,0,0,0,1,,0,0,Auckland Region,Nil,2-way,Sealed,0,0,0,0,70,0,Null,0,0,,76,Auckland,Unknown,0,0,0,0,0,0,Urban,1,0,0,Fine,Null
1763558,5912714,5433,,520500,0,,0,2,,North,2009/2010,SH 1N,MT WGTN ON NBD,,Non-Injury Crash,Yes,2009,,North,,0,,Flat,,,,,,Overcast,637300,0,0,0,2,,,0,,,,,,Auckland Region,Nil,1-way,Sealed,,0,0,,100,,Off,0,0,,76,Auckland,Nil,,,,,0,0,Open,0,,,Fine,Null
1747896,5930391,5434,,509000,0,,0,1,,East,2009/2010,PAREMOREMO ROAD,ATTWOOD ROAD,,Non-Injury Crash,No,2009,,West,,0,,Hill Road,,,,,,Twilight,179704,0,0,0,2,,,0,,,,,,Auckland Region,Nil,2-way,Sealed,,0,0,,80,,Off,0,0,,76,Auckland,Unknown,,,,,0,0,Open,0,,,Light rain,Null
1780027,5900868,5435,,521301,0,0,0,1,0,Null,2008/2009,PAPAKURA-CLEVEDON ROAD,TOURIST ROAD,,Non-Injury Crash,No,2009,0,South,0,0,1,Flat,0,Easter,0,,0,Bright sun,763800,0,0,0,2,0,0,0,0,0,,0,0,Auckland Region,Nil,2-way,Sealed,0,0,0,0,100,0,Off,0,0,,76,Auckland,Nil,0,0,0,1,0,0,Open,0,0,0,Fine,Null
1755629,5915922,5436,,518301,0,0,0,2,0,North,2008/2009,DOMINION ROAD,CARMEN AVENUE,,Non-Injury Crash,No,2009,0,North,0,0,0,Flat,0,,0,,0,Bright sun,553900,0,0,0,2,0,0,0,0,1,,0,0,Auckland Region,Nil,2-way,Sealed,0,0,0,0,50,0,Null,0,0,,76,Auckland,Unknown,0,0,0,0,0,0,Urban,0,0,0,Fine,Null
1748274,5909478,5437,,512000,0,,0,2,,Null,2008/2009,VALLEY ROAD,OTITORI BAY ROAD,,Non-Injury Crash,No,2009,,North,,0,,Flat,,Christmas New Year,,,,Bright sun,296700,0,0,0,1,,,0,,,,,,Auckland Region,Nil,2-way,Sealed,,0,0,,50,,Off,0,0,,76,Auckland,Nil,,,,,0,0,Urban,0,,,Fine,Null
1574626,5181626,5438,,593000,0,,0,1,,West,2009/2010,WAINONI ROAD,OTTAWA ROAD,,Minor Crash,No,2009,,East,,0,,Flat,,,,,,Overcast,2568100,1,0,0,2,,,0,,,,,,Canterbury Region,Nil,2-way,Sealed,,0,0,,50,,Null,0,0,,60,Christchurch City,Nil,,,,,0,0,Urban,1,,,Fine,Null
1780435,5893919,5439,,521132,0,0,0,1,0,East,2008/2009,HUNUA ROAD,BOUNDARY ROAD,,Non-Injury Crash,No,2009,0,East,0,0,0,Flat,0,,0,,0,Bright sun,816401,0,0,0,2,0,0,0,0,1,,0,0,Auckland Region,Nil,2-way,Sealed,0,0,0,0,80,0,Null,0,0,,76,Auckland,Unknown,0,0,0,0,0,0,Open,1,0,0,Fine,Null
1772077,5901372,5440,,523813,0,0,0,1,0,West,2008/2009,ALFRISTON ROAD,MILL ROAD,,Non-Injury Crash,No,2009,0,East,0,0,0,Flat,0,,0,,0,Dark,759800,0,0,0,2,0,0,0,0,0,,0,0,Auckland Region,Nil,2-way,Sealed,0,0,0,0,80,0,None,0,0,,76,Auckland,Nil,0,0,0,0,0,0,Open,0,0,0,Heavy rain,Null