X,Y,OBJECTID,advisorySpeed,areaUnitID,bicycle,bridge,bus,carStationWagon,cliffBank,crashDirectionDescription,crashFinancialYear,crashLocation1,crashLocation2,crashRoadSideRoad,crashSeverity,crashSHDescription,crashYear,debris,directionRoleDescription,ditch,fatalCount,fence,flatHill,guardRail,holiday,houseOrBuilding,intersection,kerb,light,meshblockId,minorInjuryCount,moped,motorcycle,NumberOfLanes,objectThrownOrDropped,otherObject,otherVehicleType,overBank,parkedVehicle,pedestrian,phoneBoxEtc,postOrPole,region,roadCharacter,roadLane,roadSurface,roadworks,schoolBus,seriousInjuryCount,slipOrFlood,speedLimit,strayAnimal,streetLight,suv,taxi,temporarySpeedLimit,tlaId,tlaName,trafficControl,trafficIsland,trafficSign,train,tree,truck,unknownVehicleType,urban,vanOrUtility,vehicle,waterRiver,weatherA,weatherB
1718439,6044928,5441,,502900,0,,0,2,,South,2009/2010,SH 1N,SH 14,,Non-Injury Crash,Yes,2009,,South,,0,,Flat,,,,,,Dark,103500,0,0,0,2,,,0,,,,,,Northland Region,Nil,2-way,Sealed,,0,0,,50,,On,0,0,,2,Whangarei District,Nil,,,,,0,0,Urban,0,,,Heavy rain,Null
1758937,5919285,5442,,515902,0,,0,1,,Null,2009/2010,PARNELL ROAD,ST STEPHENS AVENUE,,Non-Injury Crash,No,2009,,South,,0,,Flat,,,,,,Overcast,451500,0,1,0,4,,,0,,,,,,Auckland Region,Nil,2-way,Sealed,,0,0,,50,,Off,0,0,,76,Auckland,Traffic Signals,,,,,0,0,Urban,0,,,Heavy rain,Null
1797463,5820296,5443,,528320,0,0,0,0,0,North,2008/2009,MANUKA ST,POHUTUKAWA DRIVE,,Non-Injury Crash,No,2009,0,North,0,0,1,Hill Road,0,Easter,0,,0,Overcast,897101,0,0,0,2,0,0,0,0,0,,0,1,Waikato Region,Nil,2-way,Sealed,0,0,0,0,50,0,None,0,0,,16,Hamilton City,Nil,0,0,0,0,1,0,Urban,0,0,0,Fine,Null
1796380,5820313,5444,,528403,0,0,0,2,0,Null,2009/2010,TE RAPA ROAD,CHURCH ROAD,,Non-Injury Crash,No,2009,0,North,0,0,0,Null,0,,0,,1,Dark,907500,0,0,0,2,0,0,0,0,0,,0,0,Waikato Region,Nil,2-way,Sealed,0,0,0,0,80,0,On,0,0,,16,Hamilton City,Give way,0,0,0,0,0,0,Open,0,0,0,Fine,Null
1763393,5911222,5445,,520500,0,,0,1,,Null,2008/2009,GREAT SOUTH ROAD,BELL AVENUE,,Non-Injury Crash,No,2009,,North,,0,,Flat,,,,,,Dark,637702,0,0,0,4,,,0,,,,,,Auckland Region,Nil,2-way,Sealed,,0,0,,50,,On,1,0,,76,Auckland,Stop,,,,,0,0,Urban,0,,,Fine,Null
1840194,5682019,5446,,541348,0,,0,3,,North,2008/2009,SH 41,HIRANGI ROAD,,Non-Injury Crash,Yes,2009,,North,,0,,Flat,,,,,,Bright sun,1288500,0,0,0,2,,,0,,,,,,Waikato Region,Nil,2-way,Sealed,,0,0,,100,,Null,0,0,,21,Taupo District,Unknown,,,,,0,0,Open,0,,,Fine,Null
1761708,5906528,5447,,524112,0,,0,1,,Null,2008/2009,MASSEY OFF NBD,MASSEY ROAD,,Non-Injury Crash,Yes,2009,,North,,0,,Null,,,,,,Dark,742300,0,0,0,2,,,0,,,,,,Auckland Region,Motorway ramp,1-way,Sealed,,0,0,,50,,On,0,0,,76,Auckland,Give way,,,,,1,0,Urban,0,,,Fine,Null
1268181,4862232,5448,,610061,0,0,0,0,0,West,2008/2009,SH 1S,MOORE ROAD,,Minor Crash,Yes,2009,0,West,0,0,1,Flat,0,Queens Birthday,0,,0,Overcast,3088300,1,0,0,2,0,0,0,0,0,,0,0,Southland Region,Nil,2-way,Sealed,0,0,0,0,100,0,Null,1,0,,73,Southland District,Unknown,0,0,0,0,0,0,Open,0,0,0,Fine,Null
1764780,5910551,5449,,521801,0,0,0,1,0,West,2009/2010,LUKE ST,ALBERT ST,,Non-Injury Crash,No,2009,0,East,0,0,0,Flat,0,,0,,0,Bright sun,787000,0,0,0,1,0,0,0,0,0,,0,0,Auckland Region,Nil,2-way,Sealed,0,0,0,0,50,0,Null,1,0,,76,Auckland,Nil,0,0,0,0,0,0,Urban,0,1,0,Fine,Null
1751153,5990662,5450,,506660,0,0,0,1,0,North,2009/2010,PAKIRI BLOCK ROAD,RAHUIKIRI ROAD,,Non-Injury Crash,No,2009,0,South,0,0,0,Flat,0,,0,,0,Bright sun,135900,0,0,0,2,0,0,0,0,0,,0,0,Auckland Region,Nil,2-way,Unsealed,0,0,0,0,100,0,None,0,0,,76,Auckland,Nil,0,0,0,1,0,0,Open,0,0,0,Fine,Null
1682998,6104788,5451,,501614,0,,0,0,,North,2009/2010,SH 10,PUNGAERE ROAD,,Non-Injury Crash,Yes,2009,,North,,0,,Hill Road,,,,,,Dark,44501,0,0,0,2,,,0,,,,,,Northland Region,Nil,2-way,Sealed,,0,0,,100,,None,0,0,,1,Far North District,Nil,,,,,0,0,Open,1,,,Light rain,Null
1705230,6071337,5452,,501620,0,0,0,0,1,East,2008/2009,SH 1N,BARNES ROAD,,Non-Injury Crash,Yes,2009,0,East,0,0,0,Hill Road,0,,0,,0,Overcast,46002,0,0,0,2,0,0,0,0,0,,0,0,Northland Region,Nil,2-way,Sealed,0,0,0,0,100,0,None,1,0,,1,Far North District,Nil,0,0,0,0,0,0,Open,0,0,0,Light rain,Null
1804690,5814483,5453,,530600,0,0,1,1,0,East,2009/2010,MASTERS AVENUE,MORRIS ROAD,,Non-Injury Crash,No,2009,0,East,0,0,0,Flat,0,,0,,0,Bright sun,885200,0,0,0,2,0,0,0,0,1,,0,0,Waikato Region,Nil,2-way,Sealed,0,0,0,0,50,0,Null,0,0,,16,Hamilton City,Nil,0,0,0,0,0,0,Urban,0,0,0,Fine,Null
1745661,5915555,5454,,511800,0,,0,2,,South,2008/2009,SUNNYSIDE ROAD,AWAROA ROAD,,Non-Injury Crash,No,2009,,North,,0,,Hill Road,,Christmas New Year,,,,Dark,277100,0,0,0,2,,,0,,,,,,Auckland Region,Nil,2-way,Sealed,,0,0,,50,,On,0,0,,76,Auckland,Stop,,,,,0,0,Urban,0,,,Mist or Fog,Null
1756829,5915921,5455,,518202,0,0,0,1,0,North,2009/2010,MOUNT EDEN ROAD,BALMORAL ROAD,,Non-Injury Crash,No,2009,0,South,0,0,0,Hill Road,0,,0,,0,Bright sun,551700,0,0,0,5,0,0,0,0,0,,0,0,Auckland Region,Nil,2-way,Sealed,0,0,0,0,50,0,Off,0,0,,76,Auckland,Traffic Signals,0,0,0,0,0,0,Urban,1,1,0,Fine,Null
1698929,6084954,5456,,501620,0,0,0,1,0,East,2008/2009,SH 11,TIROHANGA ROAD,,Non-Injury Crash,Yes,2009,0,North,1,0,0,Flat,0,,0,,0,Bright sun,47603,0,0,0,2,0,0,0,0,0,,0,0,Northland Region,Nil,2-way,Sealed,0,0,0,0,100,0,Null,0,0,,1,Far North District,Unknown,0,0,0,0,0,0,Open,0,0,0,Fine,Null
1764593,5920089,5457,,516601,0,,0,2,,West,2008/2009,TAMAKI DRIVE,SAGE ROAD,,Non-Injury Crash,No,2009,,East,,0,,Flat,,,,,,Twilight,504200,0,0,0,2,,,0,,,,,,Auckland Region,Nil,2-way,Sealed,,0,0,,50,,On,0,0,,76,Auckland,Unknown,,,,,0,0,Urban,0,,,Fine,Null
1766329,5903439,5458,,524604,0,,0,2,,North,2008/2009,PLUNKET AVENUE,WIRI STATION ROAD,,Non-Injury Crash,No,2009,,South,,0,,Flat,,,,,,Overcast,780208,0,0,0,1,,,0,,,,,,Auckland Region,Nil,2-way,Sealed,,0,0,,50,,Off,0,0,,76,Auckland,Give way,,,,,0,0,Urban,0,,,Fine,Null
1766553,5905945,5459,,522302,0,,0,3,,Null,2008/2009,GREAT SOUTH ROAD,CARLIE ST,,Non-Injury Crash,No,2009,,West,,0,,Flat,,,,,,Overcast,669200,0,0,0,2,,,0,,,,,,Auckland Region,Nil,2-way,Sealed,,0,0,,50,,Off,0,0,,76,Auckland,Nil,,,,,0,0,Urban,0,,,Fine,Null
1755274,5926133,5460,,509701,0,,0,2,,Null,2009/2010,OCEAN VIEW ROAD,ALTON AVENUE,,Non-Injury Crash,No,2009,,East,,0,,Hill Road,,,,,,Bright sun,363200,0,0,0,2,,,0,,,,,,Auckland Region,Nil,2-way,Sealed,,0,0,,50,,Null,0,0,,76,Auckland,Stop,,,,,0,0,Urban,0,,,Fine,Null
1745707,5920567,5461,,513301,0,,0,1,,South,2009/2010,SH 16,LINCOLN OBR,,Non-Injury Crash,Yes,2009,,East,,0,,Flat,,,,,,Overcast,230301,0,0,0,2,,,0,,,,,,Auckland Region,Nil,1-way,Sealed,,0,0,,100,,Null,0,0,,76,Auckland,Unknown,,,,,0,0,Open,1,,,Fine,Null
1753250,5928170,5462,,508210,0,0,0,1,0,North,2008/2009,KAIPATIKI ROAD,EMIRAU PLACE,,Non-Injury Crash,No,2009,0,East,0,0,0,Hill Road,0,Queens Birthday,0,,0,Dark,186600,0,0,0,2,0,0,0,0,0,,0,1,Auckland Region,Nil,2-way,Sealed,0,0,0,0,50,0,On,0,0,,76,Auckland,Nil,0,0,0,1,0,0,Urban,0,0,0,Fine,Null
1800473,5816148,5463,,529700,0,,0,0,,South,2009/2010,VICTORIA ST,LIVERPOOL ST,,Non-Injury Crash,No,2009,,North,,0,,Flat,,,,,,Overcast,909602,0,0,0,4,,,0,,,,,,Waikato Region,Nil,2-way,Sealed,,0,0,,50,,Null,2,0,,16,Hamilton City,Unknown,,,,,0,0,Urban,0,,,Fine,Null
1723682,6041679,5464,,504100,0,,0,1,,South,2009/2010,WHANGAREI HEADS ROAD,HARBOUR LIGHTS WAY,,Non-Injury Crash,No,2009,,South,,0,,Hill Road,,,,,,Bright sun,111800,0,0,0,2,,,0,,,,,,Northland Region,Nil,2-way,Sealed,,0,0,,50,,Off,0,0,,2,Whangarei District,Nil,,,,,0,0,Urban,1,,,Fine,Null
1756183,5920935,5465,,515202,0,0,0,1,0,South,2008/2009,SH 1N,FANSHAWE ON NBD,,Non-Injury Crash,Yes,2009,0,North,0,0,0,Hill Road,1,,0,,0,Dark,426101,0,0,0,2,0,0,0,0,0,,0,0,Auckland Region,Bridge,1-way,Sealed,0,0,0,0,80,0,On,0,0,,76,Auckland,Nil,0,0,0,0,0,0,Open,0,0,0,Fine,Null
1770463,5904569,5466,,523820,0,,0,2,,Null,2009/2010,REDOUBT ROAD,MURPHYS ROAD,,Non-Injury Crash,No,2009,,North,,0,,Hill Road,,Christmas New Year,,,,Bright sun,760000,0,0,0,2,,,0,,,,,,Auckland Region,Nil,2-way,Sealed,,0,0,,80,,Off,0,0,,76,Auckland,Give way,,,,,0,0,Open,0,,,Fine,Null
1885181,5773885,5467,,540410,0,,0,2,,Null,2008/2009,FENTON ST,HINEMOA ST,,Non-Injury Crash,No,2009,,South,,0,,Flat,,,,,,Overcast,1234400,0,0,0,4,,,0,,,,,,Bay of Plenty Region,Nil,2-way,Sealed,,0,0,,50,,Off,0,0,,24,Rotorua District,Traffic Signals,,,,,0,0,Urban,0,,,Light rain,Null
1750332,5914039,5468,,511303,0,0,0,1,0,West,2008/2009,TOTARA AVENUE,VERONICA ST,,Non-Injury Crash,No,2009,0,East,0,0,0,Flat,0,,0,,0,Bright sun,266100,0,0,0,1,0,0,0,0,0,,0,0,Auckland Region,Nil,1-way,Sealed,0,0,0,0,50,0,Null,1,0,30,76,Auckland,Unknown,0,0,0,0,0,0,Urban,0,1,0,Fine,Null
1765836,5439698,5469,,568103,0,0,0,1,0,North,2009/2010,BIRD GROVE,SPEEDY ST,,Minor Crash,No,2009,0,North,0,0,0,Hill Road,0,,0,,0,Bright sun,1932300,1,0,0,2,0,0,0,0,0,,0,0,Wellington Region,Nil,2-way,Sealed,0,0,0,0,50,0,Null,0,0,,46,Lower Hutt City,Nil,0,0,0,1,0,0,Urban,0,0,0,Fine,Null
1769300,5913261,5470,,522723,0,0,0,1,0,South,2009/2010,CASCADES ROAD,HOPE FARM AVENUE,,Non-Injury Crash,No,2009,0,North,0,0,0,Flat,0,,0,,0,Bright sun,681500,0,0,0,2,0,0,0,0,0,,0,0,Auckland Region,Nil,2-way,Sealed,0,0,0,0,50,0,Off,0,0,,76,Auckland,Give way,1,0,0,0,0,0,Urban,0,0,0,Fine,Null
1758230,5917749,5471,,515700,0,,0,2,,North,2008/2009,SH 1N,ST MARKS OBR,,Non-Injury Crash,Yes,2009,,South,,0,,Flat,,,,,,Bright sun,443300,0,0,0,3,,,0,,,,,,Auckland Region,Bridge,2-way,Sealed,,0,0,,100,,Null,0,0,,76,Auckland,Unknown,,,,,0,0,Open,0,,,Fine,Null
1769907,5900697,5472,,523816,0,0,0,0,0,North,2008/2009,SH 1N,TAKANINI OFF SBD,,Non-Injury Crash,Yes,2009,0,South,0,0,0,Hill Road,1,,0,,0,Bright sun,759734,0,0,0,2,0,0,0,0,0,,0,0,Auckland Region,Nil,1-way,Sealed,0,0,0,0,100,0,Off,0,0,,76,Auckland,Nil,0,0,0,0,0,0,Open,1,0,0,Fine,Null
1756020,5917312,5473,,518201,0,,0,4,,Null,2008/2009,DOMINION ROAD,BELLWOOD AVENUE,,Non-Injury Crash,No,2009,,North,,0,,Flat,,,,,,Dark,547800,0,0,0,2,,,0,,,,,,Auckland Region,Nil,2-way,Sealed,,0,0,,50,,On,0,0,,76,Auckland,Stop,,,,,0,0,Urban,0,,,Light rain,Null
1765076,5910164,5474,,521801,0,,0,2,,South,2009/2010,SH 1N,PRINCES OBR,,Non-Injury Crash,Yes,2009,,North,,0,,Flat,,,,,,Overcast,787700,0,0,0,3,,,0,,,,,,Auckland Region,Nil,1-way,Sealed,,0,0,,100,,Null,0,0,,76,Auckland,Unknown,,,,,0,0,Open,0,,,Light rain,Null
1756946,5916414,5475,,518202,0,,0,2,,Null,2008/2009,MOUNT EDEN ROAD,FAIRVIEW ROAD,,Non-Injury Crash,No,2009,,North,,0,,Flat,,,,,,Bright sun,550400,0,0,0,2,,,0,,,,,,Auckland Region,Nil,2-way,Sealed,,0,0,,50,,Null,0,0,,76,Auckland,Traffic Signals,,,,,0,0,Urban,0,,,Fine,Null
1752041,5915618,5476,,517901,0,,0,2,,East,2008/2009,NEW NORTH ROAD,HENDON AVENUE,,Non-Injury Crash,No,2009,,East,,0,,Flat,,,,,,Overcast,523800,0,0,0,4,,,0,,,,,,Auckland Region,Nil,2-way,Sealed,,0,0,,50,,Null,0,0,,76,Auckland,Unknown,,,,,0,0,Urban,0,,,Fine,Null
1752400,5918091,5477,,515001,0,,0,2,,Null,2008/2009,GREAT NORTH ROAD,POINT CHEVALIER ROAD,,Non-Injury Crash,No,2009,,East,,0,,Flat,,,,,,Bright sun,392400,0,0,0,4,,,0,,,,,,Auckland Region,Nil,2-way,Sealed,,0,0,,50,,Null,0,0,,76,Auckland,Traffic Signals,,,,,0,0,Urban,0,,,Fine,Null
1798821,5819087,5478,,528310,0,,0,2,,North,2009/2010,SANDWICH ROAD,WARWICK AVENUE,,Non-Injury Crash,No,2009,,South,,0,,Flat,,,,,,Overcast,898900,0,0,0,2,,,0,,,,,,Waikato Region,Nil,2-way,Sealed,,0,0,,50,,Off,0,0,,16,Hamilton City,Nil,,,,,0,0,Urban,0,,,Fine,Null
1736944,5981432,5479,,505300,0,,0,1,,Null,2008/2009,DAVIES ROAD,RODNEY ST,,Non-Injury Crash,Yes,2009,,South,,0,,Hill Road,,Christmas New Year,,,,Overcast,143600,0,0,0,2,,,0,,,,,,Auckland Region,Nil,2-way,Sealed,,0,0,,50,,Off,0,0,,76,Auckland,Give way,,,,,0,0,Urban,0,,,Fine,Null
1398294,4913516,5480,,601900,0,0,0,1,1,Null,2008/2009,SH 1S,OLD BRIGHTON OFF,,Minor Crash,Yes,2009,0,West,0,0,0,Flat,0,,0,,0,Bright sun,2980602,2,0,0,4,0,0,0,0,0,,0,0,Otago Region,Nil,2-way,Sealed,0,0,0,0,100,0,Null,1,0,,71,Dunedin City,Nil,0,0,0,0,0,0,Open,0,0,0,Fine,Null
1884319,5825237,5481,,536831,0,,0,1,,East,2009/2010,GIRVEN ROAD,SH 29,,Non-Injury Crash,No,2009,,East,,0,,Flat,,,,,,Bright sun,1201300,0,0,0,4,,,0,,,,,,Bay of Plenty Region,Nil,2-way,Sealed,,0,0,,50,,Null,0,0,,23,Tauranga City,Unknown,,,,,0,0,Urban,1,,,Fine,Null
1849628,5791319,5482,,535232,0,0,0,0,0,West,2008/2009,SH 5,HARWOODS ROAD,,Non-Injury Crash,Yes,2009,0,West,0,0,1,Hill Road,0,,0,,1,Overcast,1127701,0,0,0,2,0,0,0,0,0,,0,0,Waikato Region,Nil,2-way,Sealed,0,0,0,0,100,0,Null,1,0,,19,South Waikato District,Unknown,0,0,0,0,0,0,Open,0,0,0,Snow,Null
1749727,5916418,5483,,514801,0,0,0,0,0,South,2008/2009,WATERTON PLACE,MEAD ST,,Non-Injury Crash,No,2009,0,South,0,0,0,Flat,0,,0,,0,Bright sun,389001,0,0,0,2,0,0,0,0,0,,0,0,Auckland Region,Nil,2-way,Sealed,0,0,0,0,50,0,Null,1,0,,76,Auckland,Unknown,0,0,0,0,0,0,Urban,1,1,0,Fine,Null
1757817,5914225,5484,,518600,0,,0,3,,North,2008/2009,PAH ROAD,LAUCHLAN AVENUE,,Non-Injury Crash,No,2009,,South,,0,,Flat,,,,,,Bright sun,566600,0,0,0,2,,,0,,,,,,Auckland Region,Nil,2-way,Sealed,,0,0,,50,,Null,0,0,,76,Auckland,Unknown,,,,,0,0,Urban,0,,,Fine,Null
1759050,5908887,5485,,524002,0,0,1,0,0,West,2008/2009,MOUNTAIN ROAD,KAMAKA ROAD,,Non-Injury Crash,No,2009,0,East,0,0,0,Flat,0,,0,,0,Overcast,724700,0,0,0,2,0,0,0,0,0,,1,1,Auckland Region,Nil,2-way,Sealed,0,0,0,0,50,0,Null,0,0,,76,Auckland,Unknown,0,0,0,0,0,0,Urban,0,0,0,Light rain,Null
1792127,5826359,5486,,528200,0,0,0,1,0,West,2008/2009,GREAT SOUTH ROAD,PARK ROAD,,Non-Injury Crash,No,2009,0,South,0,0,0,Flat,0,,0,,0,Bright sun,976400,0,0,0,2,0,0,0,0,0,,0,1,Waikato Region,Nil,2-way,Sealed,0,0,0,0,100,0,Null,0,0,,13,Waikato District,Unknown,0,0,0,0,0,0,Open,0,0,0,Fine,Null
1567604,5179431,5487,,590300,0,,0,2,,East,2009/2010,BLENHEIM ROAD,MATIPO ST,,Serious Crash,No,2009,,West,,0,,Flat,,,,,,Bright sun,2539001,0,0,0,4,,,0,,,,,,Canterbury Region,Nil,2-way,Sealed,,0,1,,60,,Null,0,0,,60,Christchurch City,Unknown,,,,,0,0,Urban,0,,,Fine,Null
1949141,5792148,5488,,542421,0,,0,0,,South,2009/2010,KEEPA ROAD,KOPE CANAL BR,,Non-Injury Crash,No,2009,,South,,0,,Flat,,,,,,Bright sun,1312400,0,0,0,2,,,0,,,,,,Bay of Plenty Region,Nil,2-way,Sealed,,0,0,,80,,Null,1,0,,25,Whakatane District,Unknown,,,,,1,0,Open,0,,,Fine,Null
1816487,5803589,5489,,527502,0,,0,1,,East,2008/2009,SH 1N,GREY ST,,Non-Injury Crash,Yes,2009,,West,,0,,Flat,,,,,,Overcast,963900,0,0,0,2,,,0,,,,,,Waikato Region,Nil,2-way,Sealed,,0,0,,50,,Null,0,0,,17,Waipa District,Give way,,,,,0,0,Urban,1,,,Light rain,Null
1877459,5822497,5490,,538101,0,0,0,1,0,West,2009/2010,SH 2,SH2 UNDERPASS,,Non-Injury Crash,Yes,2009,0,West,0,0,0,Flat,0,,0,,0,Bright sun,1169201,0,0,0,2,0,0,0,0,0,,0,1,Bay of Plenty Region,Nil,1-way,Sealed,0,0,0,0,80,0,Null,0,0,,23,Tauranga City,Unknown,0,0,0,0,0,0,Open,0,0,0,Fine,Null
1696383,6085020,5491,,501620,0,,0,1,,North,2008/2009,SH 1N,RAYNER ST,,Non-Injury Crash,Yes,2009,,South,,0,,Hill Road,,,,,,Dark,47602,0,0,0,1,,,0,,,,,,Northland Region,Bridge,1-way,Sealed,,0,0,,100,,None,0,0,50,1,Far North District,Nil,,,,,1,0,Open,0,,,Mist or Fog,Null
1766995,5900040,5492,,525101,0,0,0,1,0,East,2008/2009,WEYMOUTH ROAD,SYKES ROAD,,Non-Injury Crash,No,2009,0,East,0,0,0,Flat,0,,0,,0,Dark,772903,0,0,0,2,0,0,0,0,0,,0,0,Auckland Region,Nil,2-way,Sealed,0,0,0,0,50,0,On,0,0,,76,Auckland,Nil,0,0,0,1,0,0,Urban,0,0,0,Fine,Null
1751736,5947651,5493,,505807,0,0,0,2,0,North,2009/2010,RED BEACH ROAD,ALBATROSS ROAD,,Non-Injury Crash,No,2009,0,South,0,0,0,Hill Road,0,,0,,0,Dark,172702,0,0,0,2,0,0,0,0,1,,0,0,Auckland Region,Nil,2-way,Sealed,0,0,0,0,50,0,On,0,0,,76,Auckland,Unknown,0,0,0,0,0,0,Urban,0,0,0,Fine,Null
1876178,5819886,5494,,537601,0,0,0,2,0,East,2008/2009,CHADWICK ROAD,CAMERON ROAD,,Non-Injury Crash,No,2009,0,East,0,0,0,Flat,0,Queens Birthday,1,,0,Dark,1176500,0,0,0,2,0,0,0,0,0,,0,0,Bay of Plenty Region,Nil,2-way,Sealed,0,0,0,0,50,0,On,0,0,,23,Tauranga City,Nil,0,0,0,0,0,0,Urban,0,0,0,Light rain,Null
1763889,5910113,5495,,521901,0,0,0,2,0,North,2008/2009,GREAT SOUTH ROAD,PRINCES ST,,Non-Injury Crash,No,2009,0,South,0,0,0,Flat,0,,0,,0,Dark,782600,0,0,0,2,0,0,0,0,1,,0,0,Auckland Region,Nil,2-way,Sealed,0,0,0,0,50,0,On,0,0,,76,Auckland,Nil,0,0,0,0,0,0,Urban,0,0,0,Mist or Fog,Null
1767571,5902180,5496,,524720,0,,0,2,,West,2009/2010,BROWNS ROAD,STURDEE ROAD,,Non-Injury Crash,No,2009,,West,,0,,Flat,,,,,,Bright sun,779800,0,0,0,2,,,0,,,,,,Auckland Region,Nil,2-way,Sealed,,0,0,,50,,Off,0,0,,76,Auckland,Nil,,,,,0,0,Urban,0,,,Fine,Null
1771408,5913965,5497,,521602,0,,0,1,,Null,2008/2009,WELLINGTON ST,UNION ROAD,,Non-Injury Crash,No,2009,,South,,0,,Flat,,,,,,Bright sun,648800,0,0,0,2,,,0,,,,,,Auckland Region,Nil,2-way,Sealed,,0,0,,50,,Off,0,0,,76,Auckland,Stop,,,,,1,0,Urban,0,,,Fine,Null
1400571,4913509,5498,,605800,0,,0,1,,West,2008/2009,Z CPK MEDICAL CENTRE,SHAND ST,,Minor Crash,No,2009,,South,,0,,Flat,,,,,,Overcast,2958200,1,0,0,0,,,0,,,1,,,Otago Region,Nil,Off road,Sealed,,0,0,,30,,Null,0,0,,71,Dunedin City,Unknown,,,,,0,0,Urban,0,,,Fine,Null
1406999,4918606,5499,,603601,1,,0,1,,Null,2008/2009,HOWE ST,SH 1S,,Serious Crash,No,2009,,East,,0,,Flat,,,,,,Dark,2866000,0,0,0,2,,,0,,,,,,Otago Region,Nil,2-way,Sealed,,0,1,,50,,On,0,0,,71,Dunedin City,Give way,,,,,0,0,Urban,0,,,Heavy rain,Null
1744587,5922462,5500,,513530,0,,0,2,,East,2009/2010,ROYAL ROAD,MOIRE ROAD,,Non-Injury Crash,No,2009,,West,,0,,Flat,,,,,,Bright sun,225802,0,0,0,4,,,0,,,,,,Auckland Region,Nil,2-way,Sealed,,0,0,,50,,Off,0,0,,76,Auckland,Nil,,,,,0,0,Urban,0,,,Fine,Null
1752686,5927925,5501,,508210,0,,0,2,,Null,2008/2009,KAIPATIKI ROAD,STANLEY ROAD,,Non-Injury Crash,No,2009,,North,,0,,Flat,,,,,,Dark,186600,0,0,0,2,,,0,,,,,,Auckland Region,Nil,2-way,Sealed,,0,0,,50,,On,0,0,,76,Auckland,Give way,,,,,0,0,Urban,0,,,Fine,Null
1761175,5914744,5502,,520202,0,,0,1,,North,2008/2009,SH 1N,PENROSE ON NBD,,Non-Injury Crash,Yes,2009,,North,,0,,Flat,,,,,,Twilight,612100,0,0,0,6,,,0,,,,,,Auckland Region,Nil,2-way,Sealed,,0,0,,100,,On,1,0,,76,Auckland,Nil,,,,,0,0,Open,0,,,Fine,Null
1648963,6127829,5503,,500203,0,,0,2,,Null,2009/2010,WATERFRONT DRIVE,THOMAS ST,,Non-Injury Crash,No,2009,,South,,0,,Flat,,,,,,Overcast,5100,0,0,0,2,,,0,,,,,,Northland Region,Nil,2-way,Sealed,,0,0,,50,,Off,0,0,,1,Far North District,Nil,,,,,0,0,Urban,0,,,Light rain,Null
1949140,5791385,5504,,542410,0,,0,2,,North,2009/2010,HINEMOA ST,LANDING ROAD,,Non-Injury Crash,No,2009,,South,,0,,Flat,,,,,,Overcast,1309601,0,0,0,2,,,0,,,,,,Bay of Plenty Region,Bridge,2-way,Sealed,,0,0,,50,,Null,0,0,,25,Whakatane District,Give way,,,,,0,0,Urban,0,,,Light rain,Null
1240130,4831242,5505,,610074,0,,0,0,,Null,2009/2010,SH 1S,GREEN POINT ROAD,,Minor Crash,Yes,2009,,North,,0,,Flat,,,,,,Bright sun,3160400,1,0,0,2,,,0,,,,,,Southland Region,Nil,2-way,Sealed,,0,0,,100,,Null,0,0,,75,Invercargill City,Stop,,,,,0,0,Open,2,,,Fine,Strong wind
1756176,5928071,5506,,507900,0,,0,3,,South,2009/2010,WAIRAU ROAD,FORREST HILL ROAD,,Non-Injury Crash,No,2009,,South,,0,,Flat,,,,,,Bright sun,305202,0,0,0,2,,,0,,,,,,Auckland Region,Nil,2-way,Sealed,,0,0,,50,,Off,0,0,,76,Auckland,Nil,,,,,0,0,Urban,0,,,Fine,Null
1754519,5446616,5507,,570600,0,,0,2,,Null,2009/2010,TITAHI BAY ROAD,TE PENE AVENUE,,Minor Crash,No,2009,,North,,0,,Flat,,,,,,Bright sun,2039600,1,0,0,2,,,0,,,,,,Wellington Region,Nil,2-way,Sealed,,0,0,,70,,Null,0,0,,44,Porirua City,Stop,,,,,0,0,Urban,0,,,Fine,Null
1754412,5929230,5508,,508320,0,,0,2,,Null,2008/2009,WAIRAU ROAD,VIEW ROAD W,,Non-Injury Crash,No,2009,,West,,0,,Flat,,,,,,Dark,196401,0,0,0,3,,,0,,,,,,Auckland Region,Nil,2-way,Sealed,,0,0,,50,,On,0,0,,76,Auckland,Give way,,,,,0,0,Urban,0,,,Fine,Null
1759789,5912718,5509,,520000,0,0,0,2,0,South,2008/2009,ALFRED ST,GREY ST,,Non-Injury Crash,No,2009,0,North,0,0,0,Flat,0,,0,,0,Bright sun,605900,0,0,0,2,0,0,0,0,1,,0,0,Auckland Region,Nil,2-way,Sealed,0,0,0,0,50,0,Null,0,0,,76,Auckland,Unknown,0,0,0,0,0,0,Urban,0,0,0,Fine,Null
1754481,5935974,5510,,507000,0,,0,2,,Null,2008/2009,CARLISLE ROAD,DEVERELL PLACE,,Non-Injury Crash,No,2009,,West,,0,,Flat,,,,,,Dark,164203,0,0,0,2,,,0,,,,,,Auckland Region,Nil,2-way,Sealed,,0,0,,50,,On,0,0,,76,Auckland,Give way,,,,,0,0,Urban,0,,,Light rain,Null
1721154,5976631,5511,,506613,0,,0,1,,West,2009/2010,RUN ROAD,BURMA ROAD E,,Non-Injury Crash,No,2009,,West,,0,,Hill Road,,,,,,Bright sun,144800,0,0,0,1,,,0,,,,,,Auckland Region,Nil,2-way,Unsealed,,0,0,,100,,Null,0,0,,76,Auckland,Unknown,,,,,0,0,Open,0,,,Fine,Null