X,Y,OBJECTID,advisorySpeed,areaUnitID,bicycle,bridge,bus,carStationWagon,cliffBank,crashDirectionDescription,crashFinancialYear,crashLocation1,crashLocation2,crashRoadSideRoad,crashSeverity,crashSHDescription,crashYear,debris,directionRoleDescription,ditch,fatalCount,fence,flatHill,guardRail,holiday,houseOrBuilding,intersection,kerb,light,meshblockId,minorInjuryCount,moped,motorcycle,NumberOfLanes,objectThrownOrDropped,otherObject,otherVehicleType,overBank,parkedVehicle,pedestrian,phoneBoxEtc,postOrPole,region,roadCharacter,roadLane,roadSurface,roadworks,schoolBus,seriousInjuryCount,slipOrFlood,speedLimit,strayAnimal,streetLight,suv,taxi,temporarySpeedLimit,tlaId,tlaName,trafficControl,trafficIsland,trafficSign,train,tree,truck,unknownVehicleType,urban,vanOrUtility,vehicle,waterRiver,weatherA,weatherB
1751531,5916305,5512,,514401,0,0,0,2,0,South,2008/2009,BLOCKHOUSE BAY ROAD,GREAT NORTH ROAD,,Non-Injury Crash,No,2009,0,North,0,0,0,Flat,0,,0,,0,Dark,383600,0,0,0,2,0,0,0,0,1,,0,0,Auckland Region,Nil,2-way,Sealed,0,0,0,0,50,0,On,0,0,,76,Auckland,Unknown,0,0,0,0,0,0,Urban,0,0,0,Fine,Null
1770818,5898470,5513,,523912,0,0,0,1,0,Null,2009/2010,GRAHAM ROAD,GREAT SOUTH ROAD,,Non-Injury Crash,No,2009,0,East,0,0,0,Flat,0,,0,,0,Dark,767600,0,0,0,2,0,0,0,0,0,,0,0,Auckland Region,Nil,2-way,Sealed,0,0,0,0,50,0,On,0,0,,76,Auckland,Stop,1,0,0,0,0,0,Urban,0,0,0,Fine,Null
1719486,6046289,5514,,502800,0,,0,2,,North,2009/2010,BANK ST,GREY ST,,Non-Injury Crash,No,2009,,South,,0,,Flat,,,,,,Bright sun,96300,0,0,0,2,,,0,,,,,,Northland Region,Nil,2-way,Sealed,,0,0,,50,,Off,0,0,,2,Whangarei District,Nil,,,,,0,0,Urban,0,,,Fine,Null
1758387,5917459,5515,,519200,0,,0,2,,South,2008/2009,MANUKAU ROAD,ALPERS AVENUE,,Non-Injury Crash,No,2009,,North,,0,,Flat,,Easter,,,,Overcast,613600,0,0,0,2,,,0,,,,,,Auckland Region,Nil,2-way,Sealed,,0,0,,50,,Null,0,1,,76,Auckland,Traffic Signals,,,,,0,0,Urban,0,,,Fine,Null
1772800,5913757,5516,,521502,0,,0,2,,North,2008/2009,SANDSPIT ROAD,TRELAWN PLACE,,Non-Injury Crash,No,2009,,North,,0,,Flat,,,,,,Overcast,654400,0,0,0,2,,,0,,,,,,Auckland Region,Nil,2-way,Sealed,,0,0,,40,,None,0,0,,76,Auckland,Stop,,,,,0,0,Urban,0,,,Light rain,Null
1627912,5279451,5517,,585601,0,0,0,2,0,East,2009/2010,SH 1S,FERNIEHURST ROAD,,Minor Crash,Yes,2009,0,West,0,0,1,Flat,0,,0,,0,Bright sun,2431400,2,0,0,2,0,0,0,0,0,,0,0,Canterbury Region,Nil,2-way,Sealed,0,0,0,0,100,0,Null,0,0,,58,Hurunui District,Unknown,0,0,0,0,0,0,Open,0,0,0,Fine,Null
1530178,5162983,5518,,597506,0,0,0,0,0,West,2009/2010,SH 1S,SHEATS ROAD,,Serious Crash,Yes,2009,0,East,0,0,1,Flat,0,,0,,0,Bright sun,2727100,0,0,0,2,0,0,0,0,0,,0,0,Canterbury Region,Nil,2-way,Sealed,0,0,1,0,80,0,Null,0,0,,62,Selwyn District,Unknown,0,0,0,0,1,0,Open,0,0,0,Fine,Null
1683606,6103134,5519,,501633,0,0,0,0,0,West,2009/2010,KLINAC LANE,SH 10,,Non-Injury Crash,No,2009,0,West,0,0,0,Flat,0,,0,,0,Overcast,44702,0,0,0,2,0,0,1,0,1,,0,0,Northland Region,Nil,2-way,Sealed,0,0,0,0,50,0,Off,0,0,,1,Far North District,Nil,0,0,0,0,1,0,Urban,0,0,0,Fine,Null
1763378,5908440,5520,,524402,0,,0,1,,Null,2008/2009,MANGERE ROAD,HOSPITAL ROAD,,Non-Injury Crash,No,2009,,South,,0,,Flat,,,,,,Dark,749900,0,0,0,4,,,0,,,,,,Auckland Region,Nil,2-way,Sealed,,0,0,,50,,On,0,0,,76,Auckland,Traffic Signals,,,,,0,0,Urban,1,,,Fine,Null
1539237,5167721,5521,,587010,0,,0,2,,Null,2009/2010,SH 1S,TELEGRAPH ROAD,,Minor Crash,Yes,2009,,South,,0,,Flat,,,,,,Bright sun,2467300,2,0,0,2,,,0,,,,,,Canterbury Region,Nil,2-way,Sealed,,0,0,,100,,Null,1,0,,62,Selwyn District,Stop,,,,,0,0,Open,0,,,Fine,Null
1767596,5900290,5522,,525101,0,0,0,1,0,West,2008/2009,WEYMOUTH ROAD,FRIEDLANDERS ROAD,,Non-Injury Crash,No,2009,0,East,0,0,1,Flat,0,,0,,0,Dark,772903,0,0,0,2,0,0,0,0,0,,0,1,Auckland Region,Nil,2-way,Sealed,0,0,0,0,50,0,On,0,0,,76,Auckland,Unknown,0,0,0,0,0,0,Urban,0,0,0,Light rain,Null
1603196,6159121,5523,,500207,0,,0,0,,North,2008/2009,SH 1N,RARAWA BEACH ROAD,,Non-Injury Crash,Yes,2009,,South,,0,,Flat,,,,,,Bright sun,1201,0,0,0,1,,,0,,,,,,Northland Region,Bridge,1-way,Sealed,,0,0,,100,,None,0,0,,1,Far North District,Nil,,,,,1,0,Open,0,,,Fine,Null
1753418,5913161,5524,,518901,0,0,0,2,0,South,2008/2009,ELLIS AVENUE,SUBRITZKY AVENUE,,Non-Injury Crash,No,2009,0,South,0,0,0,Hill Road,0,,0,,0,Overcast,584300,0,0,0,2,0,0,0,0,1,,0,0,Auckland Region,Nil,2-way,Sealed,0,0,0,0,50,0,Off,0,0,,76,Auckland,Nil,0,0,0,0,0,0,Urban,0,0,0,Fine,Null
1800809,5813544,5525,,529100,0,,0,1,,Null,2008/2009,PEMBROKE ST,SELWYN ST,,Non-Injury Crash,No,2009,,South,,0,,Flat,,,,,,Overcast,932300,0,0,0,4,,,0,,,,,,Waikato Region,Nil,2-way,Sealed,,0,0,,50,,Off,0,0,,16,Hamilton City,Traffic Signals,,,,,1,0,Urban,0,,,Light rain,Null
1876901,5818744,5526,,537601,0,,0,3,,Null,2008/2009,OROPI ROAD,MALEME ST,,Non-Injury Crash,No,2009,,North,,0,,Hill Road,,,,,,Bright sun,1177400,0,0,0,2,,,0,,,,,,Bay of Plenty Region,Nil,2-way,Sealed,,0,0,,70,,Null,0,0,,23,Tauranga City,Stop,,,,,0,0,Urban,0,,,Fine,Null
1859789,5805549,5527,,536630,0,0,0,0,0,North,2008/2009,SH 29,HANGA ROAD,,Non-Injury Crash,Yes,2009,0,South,0,0,1,Hill Road,0,,0,,0,Overcast,1114601,0,0,0,3,0,0,0,0,0,,0,0,Bay of Plenty Region,Nil,2-way,Sealed,0,0,0,0,100,0,Null,0,0,,22,Western Bay of Plenty District,Unknown,0,0,0,0,0,0,Open,1,0,0,Light rain,Null
1884379,5770782,5528,,540700,0,,0,2,,Null,2008/2009,SH 5,SH 30,,Non-Injury Crash,Yes,2009,,East,,0,,Flat,,,,,,Bright sun,1246500,0,0,0,2,,,0,,,,,,Bay of Plenty Region,Nil,2-way,Sealed,,0,0,,80,,Off,0,0,,24,Rotorua District,Stop,,,,,0,0,Open,0,,,Fine,Null
1394242,4916580,5529,,606210,0,,0,2,,West,2008/2009,FACTORY ROAD,CHURCH ST,,Minor Crash,No,2009,,East,,0,,Flat,,,,,,Dark,2967300,2,0,0,2,,,0,,,,,,Otago Region,Nil,2-way,Sealed,,0,0,,50,,On,0,0,,71,Dunedin City,Nil,,,,,0,0,Urban,0,,,Fine,Null
1749298,5913674,5530,,511303,0,,0,0,,North,2009/2010,TITIRANGI ROAD,MARGAN AVENUE,,Non-Injury Crash,No,2009,,South,,0,,Flat,,,,,,Twilight,264901,0,0,0,3,,,0,,,,,,Auckland Region,Nil,2-way,Sealed,,0,0,,50,,Off,1,0,,76,Auckland,Nil,,,,,0,0,Urban,1,,,Light rain,Null
1753262,5933079,5531,,508701,0,,0,1,,Null,2008/2009,ALBANY EXPRESSWAY,GREVILLE ROAD,,Non-Injury Crash,No,2009,,East,,0,,Flat,,,,,,Bright sun,178900,0,0,0,2,,,0,,,,,,Auckland Region,Nil,2-way,Sealed,,0,0,,50,,Off,1,0,,76,Auckland,Give way,,,,,0,0,Urban,0,,,Fine,Null
1755873,5921141,5532,,515202,0,0,1,1,0,North,2008/2009,SH 1N,FANSHAWE OFF SBD,,Non-Injury Crash,Yes,2009,0,South,0,0,0,Flat,1,,0,,0,Overcast,425600,0,0,0,4,0,0,0,0,1,,0,0,Auckland Region,Nil,1-way,Sealed,0,0,0,0,80,0,Off,0,0,,76,Auckland,Nil,0,0,0,0,0,0,Open,0,0,0,Fine,Null
1771605,5914664,5533,,521602,0,0,0,2,0,West,2009/2010,NELSON ST,WELLINGTON ST,,Non-Injury Crash,No,2009,0,North,0,0,0,Hill Road,0,,0,,0,Twilight,647200,0,0,0,2,0,0,0,0,0,,0,0,Auckland Region,Nil,2-way,Sealed,0,0,0,0,50,0,Off,0,0,,76,Auckland,Nil,0,0,0,0,0,0,Urban,0,1,0,Fine,Null
1745425,5920730,5534,,513301,0,,0,3,,South,2008/2009,LINCOLN ON WBD,SH 16,,Non-Injury Crash,Yes,2009,,North,,0,,Hill Road,,,,,,Bright sun,231700,0,0,0,2,,,0,,,,,,Auckland Region,Motorway ramp,1-way,Sealed,,0,0,,100,,Null,0,0,,76,Auckland,Unknown,,,,,0,0,Open,0,,,Fine,Null
1766161,5916257,5535,,517100,0,,0,2,,Null,2009/2010,ANDERSON AVENUE,ERIMA AVENUE,,Non-Injury Crash,No,2009,,West,,0,,Flat,,,,,,Dark,479200,0,0,0,2,,,0,,,,,,Auckland Region,Nil,2-way,Sealed,,0,0,,50,,On,0,0,,76,Auckland,Stop,,,,,0,0,Urban,0,,,Fine,Null
1566286,5183773,5536,,588700,0,,1,1,,Null,2008/2009,WAIRAKEI ROAD,GRAHAMS ROAD,,Minor Crash,No,2009,,West,,0,,Flat,,,,,,Bright sun,2522000,1,0,0,3,,,0,,,,,,Canterbury Region,Nil,2-way,Sealed,,0,0,,50,,Null,0,0,,60,Christchurch City,Traffic Signals,,,,,0,0,Urban,0,,,Fine,Null
1753774,5931291,5537,,508807,0,,0,2,,East,2009/2010,SH 18,CARIBBEAN DRIVE,,Non-Injury Crash,Yes,2009,,East,,0,,Flat,,,,,,Overcast,180810,0,0,0,2,,,0,,,,,,Auckland Region,Nil,2-way,Sealed,,0,0,,80,,Off,0,0,,76,Auckland,Nil,,,,,0,0,Open,0,,,Fine,Null
1868722,5713321,5538,,541730,0,0,0,1,0,Null,2009/2010,TAUPO VIEW ROAD,WAITAHANUI AVENUE,,Non-Injury Crash,No,2009,0,East,0,0,1,Flat,0,,0,,0,Dark,1270000,0,0,0,2,0,1,0,1,0,,0,0,Waikato Region,Nil,2-way,Sealed,0,0,0,0,50,0,On,0,0,,21,Taupo District,Nil,0,0,0,0,0,0,Urban,0,0,0,Light rain,Null
1754410,5918667,5539,,515431,0,,0,1,,East,2008/2009,GREAT NORTH ROAD,BULLOCK TRACK,,Non-Injury Crash,No,2009,,East,,0,,Hill Road,,,,,,Twilight,405300,0,0,0,5,,,0,,,,,,Auckland Region,Nil,2-way,Sealed,,0,0,,50,,On,0,0,,76,Auckland,Unknown,,,,,0,0,Urban,1,,,Fine,Null
1877171,5811686,5540,,536630,0,0,0,0,0,East,2008/2009,HEREFORD ROAD,WARNER ROAD,,Non-Injury Crash,No,2009,0,South,0,0,1,Flat,0,,0,,0,Dark,1193502,0,0,0,2,0,0,0,0,0,,0,0,Bay of Plenty Region,Nil,2-way,Sealed,0,0,0,0,100,0,None,1,0,,22,Western Bay of Plenty District,Unknown,0,0,0,0,0,0,Open,0,0,0,Fine,Null
1719863,6047520,5541,,502700,0,,0,0,,Null,2009/2010,NIXON ST,MILL ROAD,,Non-Injury Crash,No,2009,,East,,0,,Flat,,,,,,Bright sun,91700,0,0,0,3,,,0,,,,,,Northland Region,Nil,2-way,Sealed,,0,0,,50,,Null,0,0,,2,Whangarei District,Traffic Signals,,,,,0,0,Urban,2,,,Fine,Null
1764645,5905807,5542,,522100,0,0,0,1,0,North,2008/2009,STATION ROAD,WYLLIE ROAD,,Non-Injury Crash,No,2009,0,North,0,0,1,Flat,0,,0,,0,Dark,657700,0,0,0,2,0,0,0,0,0,,0,0,Auckland Region,Nil,2-way,Sealed,0,0,0,0,50,0,On,0,0,,76,Auckland,Nil,0,0,0,0,0,0,Urban,0,0,0,Light rain,Null
1926897,5604830,5543,,545761,0,0,0,1,0,South,2009/2010,MARAEKAKAHO ROAD,YORK ROAD,,Minor Crash,No,2009,0,North,0,0,1,Flat,0,,0,,0,Dark,1468801,1,0,0,2,0,0,0,0,0,,0,1,Hawke's Bay Region,Nil,2-way,Sealed,0,0,0,0,100,0,On,0,0,,30,Hastings District,Nil,0,0,0,0,0,0,Open,0,0,0,Fine,Null
1749774,5913387,5544,,511303,0,,0,2,,Null,2008/2009,HUTCHINSON AVENUE,MARGAN AVENUE,,Non-Injury Crash,No,2009,,East,,0,,Flat,,,,,,Overcast,264913,0,0,0,2,,,0,,,,,,Auckland Region,Nil,2-way,Sealed,,0,0,,50,,Null,0,0,,76,Auckland,Give way,,,,,0,0,Urban,0,,,Fine,Null
1755616,5919962,5545,,514000,0,,0,2,,East,2009/2010,FRANKLIN ROAD,PONSONBY ROAD,,Non-Injury Crash,No,2009,,West,,0,,Flat,,,,,,Bright sun,415700,0,0,0,2,,,0,,,,,,Auckland Region,Nil,2-way,Sealed,,0,0,,50,,Null,0,0,,76,Auckland,Traffic Signals,,,,,0,0,Urban,0,,,Fine,Null
1748709,5425865,5546,,573300,0,0,0,1,0,North,2008/2009,TASMAN ST,HOWARD ST,,Non-Injury Crash,No,2009,0,South,0,0,0,Hill Road,0,,1,,0,Twilight,2146300,0,0,0,2,0,0,0,0,0,,0,0,Wellington Region,Nil,2-way,Sealed,0,0,0,0,50,0,Off,0,0,,47,Wellington City,Nil,0,0,0,0,0,0,Urban,0,0,0,Fine,Null
1753701,5927780,5547,,508310,0,,0,2,,East,2009/2010,DOWNING ST,GLENFIELD ROAD,,Non-Injury Crash,No,2009,,West,,0,,Hill Road,,,,,,Dark,200300,0,0,0,2,,,0,,,,,,Auckland Region,Nil,2-way,Sealed,,0,0,,50,,On,0,0,,76,Auckland,Nil,,,,,0,0,Urban,0,,,Fine,Null
1461032,5082555,5548,,599500,0,,0,0,,Null,2009/2010,STAFFORD ST,GEORGE ST,,Minor Crash,No,2009,,South,,0,,Flat,,,,,,Bright sun,2793000,1,0,0,2,,,0,,,,,,Canterbury Region,Nil,2-way,Sealed,,0,0,,50,,Null,1,0,,64,Timaru District,Traffic Signals,,,,,0,0,Urban,0,,,Fine,Null
1747074,5919746,5549,,512402,0,0,0,1,0,Null,2008/2009,TE ATATU ON WBD,SH 16,,Non-Injury Crash,Yes,2009,0,West,0,0,0,Flat,1,,0,,0,Dark,253600,0,0,0,4,0,0,0,0,0,,0,0,Auckland Region,Motorway ramp,1-way,Sealed,0,0,0,0,100,0,On,0,0,,76,Auckland,Nil,0,0,0,0,0,0,Open,0,0,0,Heavy rain,Null
1765892,5904386,5550,,524603,0,0,0,1,0,Null,2009/2010,CAVENDISH DRIVE,PLUNKET AVENUE,,Non-Injury Crash,No,2009,0,West,0,0,0,Flat,0,,0,,0,Overcast,674800,0,0,0,4,0,0,0,0,0,,0,0,Auckland Region,Nil,2-way,Sealed,0,0,0,0,50,0,Null,0,0,30,76,Auckland,Traffic Signals,0,0,0,1,0,0,Urban,0,0,0,Fine,Null
1817622,5803366,5551,,527503,0,,0,2,,Null,2009/2010,QUEEN ST,SH 1N ALBERT,,Non-Injury Crash,Yes,2009,,West,,0,,Hill Road,,,,,,Bright sun,963100,0,0,0,2,,,0,,,,,,Waikato Region,Nil,2-way,Sealed,,0,0,,50,,Null,0,0,,17,Waipa District,Give way,,,,,0,0,Urban,0,,,Fine,Null
1756098,5923720,5552,,509800,0,,0,1,,South,2008/2009,SH 1N,ONEWA ON SBD,,Non-Injury Crash,Yes,2009,,South,,0,,Flat,,,,,,Overcast,358800,0,0,0,5,,,0,,,,,,Auckland Region,Nil,1-way,Sealed,,0,0,,80,,Null,1,0,,76,Auckland,Unknown,,,,,0,0,Open,0,,,Light rain,Null
1755544,5914378,5553,,518500,0,0,0,1,0,Null,2008/2009,KEYSTONE AVENUE,AKARANA AVENUE,,Non-Injury Crash,No,2009,0,North,0,0,1,Hill Road,0,,0,,0,Dark,561100,0,0,0,1,0,0,0,0,0,,0,0,Auckland Region,Nil,2-way,Sealed,0,0,0,0,50,0,On,0,0,,76,Auckland,Nil,0,0,0,0,0,0,Urban,0,0,0,Light rain,Null
1407260,4920290,5554,,603400,0,,1,1,,Null,2008/2009,PINE HILL ROAD,FORRESTER AVENUE,,Minor Crash,No,2009,,North,,0,,Hill Road,,,,,,Bright sun,2875300,1,0,0,1,,,0,,,,,,Otago Region,Nil,2-way,Sealed,,0,0,,50,,Null,0,0,,71,Dunedin City,Give way,,,,,0,0,Urban,0,,,Fine,Null
1269035,5014600,5555,,609032,0,0,0,1,0,East,2008/2009,MALAGHANS ROAD,MIDDLERIGG LANE,,Minor Crash,No,2009,0,West,0,0,1,Flat,0,,0,,0,Dark,3039711,1,0,0,2,0,0,0,0,0,,0,0,Otago Region,Nil,2-way,Sealed,0,0,0,0,100,0,None,0,0,,70,Queenstown-Lakes District,Unknown,0,0,0,1,0,0,Open,0,0,0,Fine,Frost
1755895,5935257,5556,,507101,0,,0,2,,Null,2009/2010,INVERNESS ROAD,GLEN ROAD,,Non-Injury Crash,No,2009,,North,,0,,Flat,,,,,,Overcast,161000,0,0,0,2,,,0,,,,,,Auckland Region,Nil,2-way,Sealed,,0,0,,50,,Null,0,0,,76,Auckland,Stop,,,,,0,0,Urban,0,,,Heavy rain,Null
1567735,5201524,5557,,586304,0,0,0,1,0,North,2009/2010,FLAXTON ROAD,FERNSIDE ROAD,,Serious Crash,No,2009,0,North,0,0,0,Flat,0,,0,,0,Dark,2449202,0,0,0,2,0,0,0,0,1,,0,0,Canterbury Region,Nil,2-way,Sealed,0,0,1,0,100,0,None,0,0,,59,Waimakariri District,Unknown,0,0,0,0,1,0,Open,0,0,0,Fine,Null
1792897,5835249,5558,,527112,0,0,0,1,0,North,2008/2009,SH 1N GREAT SOUTH,GORDONTON ROAD,,Non-Injury Crash,Yes,2009,0,North,0,0,0,Flat,0,,0,,0,Bright sun,951500,0,0,0,2,0,0,0,0,0,,0,1,Waikato Region,Nil,2-way,Sealed,0,0,0,0,100,0,Null,0,0,,13,Waikato District,Unknown,0,0,0,0,0,0,Open,0,0,0,Fine,Null
1703912,6038870,5559,,501809,0,0,0,0,0,West,2009/2010,SH 14,WHATITIRI ROAD,,Non-Injury Crash,Yes,2009,0,West,0,0,0,Hill Road,0,,0,,0,Dark,71800,0,0,0,2,0,0,0,0,0,,0,0,Northland Region,Nil,2-way,Sealed,0,0,0,0,100,0,Off,0,0,,2,Whangarei District,Nil,0,0,0,0,1,0,Open,0,0,0,Light rain,Null
1924030,5777039,5560,,542600,0,0,0,1,0,Null,2009/2010,BEATTIE ROAD,BEATTIE AVENUE,,Non-Injury Crash,No,2009,0,North,0,0,0,Flat,0,,0,,0,Dark,1320101,0,0,0,2,0,0,0,0,0,,0,0,Bay of Plenty Region,Nil,2-way,Sealed,0,0,0,0,50,0,On,0,0,,26,Kawerau District,Nil,0,0,0,1,0,0,Urban,0,0,0,Fine,Null
1733406,5943590,5561,,506646,0,0,0,0,0,West,2009/2010,ANDERSON ROAD,SHANKS ROAD,,Non-Injury Crash,No,2009,0,South,0,0,1,Flat,0,,0,,0,Dark,211503,0,0,0,2,0,0,0,0,0,,0,0,Auckland Region,Nil,2-way,Unsealed,0,0,0,0,100,0,Off,1,0,,76,Auckland,Unknown,0,0,0,0,0,0,Open,0,0,0,Fine,Null
1802135,5816765,5562,,530000,0,0,0,1,0,West,2008/2009,PEACHGROVE ROAD,DAISY ST,,Non-Injury Crash,No,2009,0,West,0,0,0,Flat,0,,0,,0,Dark,865904,0,0,0,2,0,0,0,0,0,,0,0,Waikato Region,Nil,2-way,Sealed,0,0,0,0,50,0,On,0,0,,16,Hamilton City,Unknown,0,0,0,1,0,0,Urban,0,0,0,Light rain,Null
1771427,5895425,5563,,525540,0,,0,1,,North,2009/2010,SH 1N,BEACH OBR,,Non-Injury Crash,Yes,2009,,South,,0,,Flat,,,,,,Dark,806402,0,0,0,2,,,0,,,,,,Auckland Region,Nil,1-way,Sealed,,0,0,,100,,On,0,0,,76,Auckland,Nil,,,,,1,0,Open,0,,,Fine,Null
1756405,5925241,5564,,509702,0,,0,2,,West,2008/2009,EXMOUTH ROAD,MCBREEN AVENUE W,,Non-Injury Crash,No,2009,,East,,0,,Hill Road,,,,,,Bright sun,366501,0,0,0,2,,,0,,,,,,Auckland Region,Nil,2-way,Sealed,,0,0,,50,,Off,0,0,,76,Auckland,Nil,,,,,0,0,Urban,0,,,Fine,Null
1766224,5908458,5565,,523402,0,0,0,1,0,South,2009/2010,GILBERT ROAD,KAITAWA ST,,Non-Injury Crash,No,2009,0,South,0,0,1,Flat,0,,0,,0,Dark,697900,0,0,0,2,0,0,0,0,0,,0,0,Auckland Region,Nil,2-way,Sealed,0,0,0,0,50,0,On,0,0,,76,Auckland,Nil,0,0,0,0,0,0,Urban,0,0,0,Fine,Null
1570635,5180642,5566,,591500,0,,0,2,,Null,2009/2010,KILMORE ST,COLOMBO ST,,Serious Crash,No,2009,,West,,0,,Flat,,Christmas New Year,,,,Bright sun,2653200,0,0,0,4,,,0,,,,,,Canterbury Region,Nil,2-way,Sealed,,0,1,,50,,Null,0,0,,60,Christchurch City,Traffic Signals,,,,,0,0,Urban,0,,,Fine,Null
1740692,5927577,5567,,505604,0,,0,2,,Null,2008/2009,SH 16,OLD NORTH ROAD,,Non-Injury Crash,Yes,2009,,South,,0,,Flat,,,,,,Bright sun,214502,0,0,0,2,,,0,,,,,,Auckland Region,Nil,2-way,Sealed,,0,0,,80,,Off,0,0,,76,Auckland,Stop,,,,,0,0,Open,0,,,Fine,Null
1796725,5818372,5568,,528406,0,,0,2,,Null,2008/2009,SH 1N,WIT DRIVEWAY,,Non-Injury Crash,Yes,2009,,North,,0,,Flat,,,,,,Bright sun,976802,0,0,0,2,,,0,,,,,,Waikato Region,Nil,2-way,Sealed,,0,0,,80,,Null,0,0,,16,Hamilton City,Give way,,,,,0,0,Open,0,,,Fine,Null
1770448,5912321,5569,,523106,0,,0,2,,East,2008/2009,MILLHOUSE DRIVE,BOTANY ROAD,,Non-Injury Crash,No,2009,,West,,0,,Flat,,,,,,Overcast,711164,0,0,0,2,,,0,,,,,,Auckland Region,Nil,2-way,Sealed,,0,0,,50,,Off,0,0,,76,Auckland,Nil,,,,,0,0,Urban,0,,,Fine,Null
1766736,5912983,5570,,522910,0,,0,2,,South,2008/2009,CORTINA PLACE,REEVES ROAD,,Non-Injury Crash,No,2009,,South,,0,,Flat,,,,,,Bright sun,684000,0,0,0,2,,,0,,,,,,Auckland Region,Nil,2-way,Sealed,,0,0,,50,,Off,0,0,,76,Auckland,Traffic Signals,,,,,0,0,Urban,0,,,Fine,Null
1759882,5915763,5571,,516002,0,,0,1,,Null,2008/2009,GREEN LANE EAST,GREAT SOUTH ROAD,,Non-Injury Crash,No,2009,,South,,0,,Flat,,,,,,Overcast,494100,0,0,0,2,,,0,,,,,,Auckland Region,Nil,2-way,Sealed,,0,0,,50,,Null,0,0,,76,Auckland,Traffic Signals,,,,,1,0,Urban,0,,,Light rain,Null
1578376,5181277,5572,,595800,0,0,0,1,0,East,2009/2010,BELLAMY AVENUE,ESTUARY ROAD,,Minor Crash,No,2009,0,West,0,0,0,Flat,0,,0,,0,Bright sun,2558103,1,0,0,1,0,0,0,0,0,,0,1,Canterbury Region,Nil,2-way,Sealed,0,0,0,0,50,0,Null,0,0,,60,Christchurch City,Nil,0,0,0,0,0,0,Urban,0,0,0,Fine,Null
1755180,5914284,5573,,518803,0,,0,1,,East,2009/2010,MOUNT ALBERT ROAD,DOMINION ROAD,,Non-Injury Crash,No,2009,,East,,0,,Flat,,,,,,Twilight,580700,0,0,0,4,,,0,,,,,,Auckland Region,Nil,2-way,Sealed,,0,0,,50,,Off,0,0,,76,Auckland,Traffic Signals,,,,,0,0,Urban,1,,,Fine,Null
1759666,5912996,5574,,520000,0,,0,2,,Null,2008/2009,MOUNT SMART ROAD,MAYS ROAD,,Non-Injury Crash,No,2009,,East,,0,,Flat,,,,,,Dark,605500,0,0,0,2,,,0,,,,,,Auckland Region,Nil,2-way,Sealed,,0,0,,50,,On,0,0,,76,Auckland,Give way,,,,,0,0,Urban,0,,,Mist or Fog,Null
1576692,5185591,5575,,590603,1,,0,1,,Null,2009/2010,BOWER AVENUE,QUEENSPARK DRIVE,,Serious Crash,No,2009,,North,,0,,Flat,,,,,,Bright sun,2504805,1,0,0,2,,,0,,,,,,Canterbury Region,Nil,2-way,Sealed,,0,1,,50,,Null,0,0,,60,Christchurch City,Give way,,,,,0,0,Urban,0,,,Fine,Null
1767587,5904632,5576,,524604,0,,0,2,,Null,2008/2009,GREAT SOUTH ROAD,RONWOOD AVENUE,,Non-Injury Crash,No,2009,,North,,0,,Flat,,,,,,Overcast,780302,0,0,0,4,,,0,,,,,,Auckland Region,Nil,2-way,Sealed,,0,0,,50,,Off,0,0,,76,Auckland,Traffic Signals,,,,,0,0,Urban,0,,,Fine,Null
1944858,5660149,5577,,545911,0,0,0,2,0,North,2008/2009,SH 2,PUTORINO STATION ROAD,,Minor Crash,Yes,2009,0,North,1,0,0,Hill Road,0,,0,,0,Dark,1416100,3,0,0,2,0,0,0,0,0,,0,0,Hawke's Bay Region,Nil,2-way,Sealed,0,0,0,0,100,0,None,0,0,,30,Hastings District,Nil,0,0,0,0,0,0,Open,0,0,0,Fine,Null
1754094,5931358,5578,,508803,0,,0,1,,South,2008/2009,SH 1N,CONSTELLATION OBR,,Non-Injury Crash,Yes,2009,,North,,0,,Flat,,,,,,Bright sun,180818,0,0,0,3,,,0,,,,,,Auckland Region,Motorway ramp,1-way,Sealed,,0,0,,80,,Null,1,0,,76,Auckland,Unknown,,,,,0,0,Open,0,,,Fine,Null
1757030,5916813,5579,,518202,0,,0,2,,Null,2008/2009,MOUNT EDEN ROAD,STOKES ROAD,,Non-Injury Crash,No,2009,,South,,0,,Flat,,,,,,Bright sun,550200,0,0,0,4,,,0,,,,,,Auckland Region,Nil,2-way,Sealed,,0,0,,50,,Null,0,0,,76,Auckland,Traffic Signals,,,,,0,0,Urban,0,,,Fine,Null
1754102,5918426,5580,,515431,0,,0,2,,Null,2008/2009,GREAT NORTH ROAD,STADIUM ROAD,,Non-Injury Crash,No,2009,,West,,0,,Flat,,,,,,Bright sun,406300,0,0,0,2,,,0,,,,,,Auckland Region,Nil,2-way,Sealed,,0,0,,50,,Null,0,0,,76,Auckland,Traffic Signals,,,,,0,0,Urban,0,,,Fine,Null
1894211,5820512,5581,,536202,0,0,0,1,0,East,2008/2009,PAPAMOA BEACH ROAD,CALYPSO DRIVE,,Non-Injury Crash,No,2009,0,West,0,0,0,Flat,0,,0,,0,Dark,1204816,0,0,0,2,0,0,0,0,1,,0,0,Bay of Plenty Region,Nil,2-way,Sealed,0,0,0,0,50,0,On,1,0,,23,Tauranga City,Nil,0,0,0,0,0,0,Urban,0,0,0,Fine,Null
1700811,6001285,5582,,505010,0,0,0,0,0,West,2009/2010,SH 12,TANA ROAD,,Non-Injury Crash,Yes,2009,0,East,0,0,0,Flat,0,,0,,0,Dark,128701,0,0,0,2,0,0,0,0,0,,0,0,Northland Region,Nil,2-way,Sealed,0,0,0,0,100,0,None,1,0,,3,Kaipara District,Unknown,0,0,0,0,0,0,Open,0,0,0,Light rain,Null