X,Y,OBJECTID,advisorySpeed,areaUnitID,bicycle,bridge,bus,carStationWagon,cliffBank,crashDirectionDescription,crashFinancialYear,crashLocation1,crashLocation2,crashRoadSideRoad,crashSeverity,crashSHDescription,crashYear,debris,directionRoleDescription,ditch,fatalCount,fence,flatHill,guardRail,holiday,houseOrBuilding,intersection,kerb,light,meshblockId,minorInjuryCount,moped,motorcycle,NumberOfLanes,objectThrownOrDropped,otherObject,otherVehicleType,overBank,parkedVehicle,pedestrian,phoneBoxEtc,postOrPole,region,roadCharacter,roadLane,roadSurface,roadworks,schoolBus,seriousInjuryCount,slipOrFlood,speedLimit,strayAnimal,streetLight,suv,taxi,temporarySpeedLimit,tlaId,tlaName,trafficControl,trafficIsland,trafficSign,train,tree,truck,unknownVehicleType,urban,vanOrUtility,vehicle,waterRiver,weatherA,weatherB
1755119,5914340,5583,,518500,0,,0,1,,East,2008/2009,MOUNT ALBERT ROAD,MOUNT ROSKILL ROAD,,Non-Injury Crash,No,2009,,West,,0,,Flat,,,,,,Bright sun,560900,0,0,0,4,,,1,,,,,,Auckland Region,Nil,2-way,Sealed,,0,0,,50,,Off,0,0,,76,Auckland,Nil,,,,,0,0,Urban,0,,,Fine,Null
1676587,6057561,5584,,501802,0,,0,2,,South,2009/2010,SH 15,NGAPIPITO ROAD,,Non-Injury Crash,Yes,2009,,North,,0,,Flat,,,,,,Bright sun,66400,0,0,0,2,,,0,,,,,,Northland Region,Nil,2-way,Sealed,,0,0,,100,,None,0,0,,2,Whangarei District,Nil,,,,,0,0,Open,0,,,Fine,Null
1939499,5790250,5585,,542530,0,0,0,0,0,North,2008/2009,WESTERN DRAIN ROAD,PUTIKI ROAD,,Non-Injury Crash,No,2009,0,South,1,0,0,Flat,0,,0,,0,Dark,1300200,0,0,0,2,0,0,0,0,0,,0,0,Bay of Plenty Region,Nil,2-way,Sealed,0,0,0,0,100,0,None,1,0,,25,Whakatane District,Nil,0,0,0,0,0,0,Open,0,0,0,Mist or Fog,Null
1727748,6010535,5586,,501815,0,,0,1,,South,2008/2009,SH 1N,WAIPU GORGE ROAD,,Non-Injury Crash,Yes,2009,,South,,0,,Hill Road,,,,,,Bright sun,81300,0,0,0,3,,,0,,,,,,Northland Region,Nil,2-way,Sealed,,0,0,,100,,None,0,0,,2,Whangarei District,Nil,,,,,0,0,Open,0,,,Fine,Null
1767953,5903439,5587,,524602,0,0,0,1,0,North,2008/2009,GREAT SOUTH ROAD,KERRS ROAD,,Non-Injury Crash,No,2009,0,North,0,0,0,Flat,0,,0,,0,Dark,780410,0,0,0,4,0,0,0,0,1,,0,0,Auckland Region,Nil,2-way,Sealed,0,0,0,0,50,0,On,0,0,,76,Auckland,Nil,0,0,0,0,1,0,Urban,0,0,0,Fine,Null
1754622,5915734,5588,,517702,0,0,0,1,0,West,2008/2009,KITCHENER ROAD,CARRIE ST,,Non-Injury Crash,No,2009,0,West,0,0,0,Flat,0,,0,,0,Bright sun,541600,0,0,0,2,0,0,0,0,1,,0,0,Auckland Region,Nil,2-way,Sealed,0,0,0,0,50,0,Off,0,0,,76,Auckland,Nil,0,0,0,0,1,0,Urban,0,0,0,Fine,Null
1536569,5153485,5589,,597506,0,0,0,1,0,West,2009/2010,MAIN RAKAIA ROAD,BURTS ROAD,,Minor Crash,No,2009,0,East,0,0,1,Flat,0,,0,,0,Dark,2725100,1,0,0,2,0,0,0,0,0,,0,0,Canterbury Region,Nil,2-way,Sealed,0,0,0,0,100,0,None,0,0,,62,Selwyn District,Unknown,0,0,0,0,0,0,Open,0,0,0,Fine,Null
1881775,5780281,5590,,538601,0,0,0,1,0,Null,2009/2010,WESTERN ROAD,SH 36,,Non-Injury Crash,Yes,2009,0,North,0,0,0,Flat,0,,0,,0,Overcast,1247000,0,0,0,2,0,1,0,0,0,,0,0,Bay of Plenty Region,Nil,2-way,Sealed,0,0,0,0,50,0,Null,0,0,,24,Rotorua District,Give way,0,0,0,0,0,0,Urban,1,0,0,Fine,Null
1759038,5908857,5591,,524002,0,0,0,1,0,North,2008/2009,MOUNTAIN ROAD,PUTINI ROAD,,Non-Injury Crash,No,2009,0,South,0,0,0,Flat,0,,0,,0,Bright sun,724700,0,0,0,2,0,0,0,0,1,,0,0,Auckland Region,Nil,2-way,Sealed,0,0,0,0,50,0,Null,0,0,,76,Auckland,Unknown,0,0,0,0,0,0,Urban,1,0,0,Fine,Null
1821277,5532491,5592,,562100,0,,0,2,,Null,2009/2010,APOLLO PARADE,GEMINI AVENUE,,Serious Crash,No,2009,,East,,0,,Flat,,,,,,Overcast,1837901,0,0,0,2,,,0,,,,,,Manawatū-Whanganui Region,Nil,2-way,Sealed,,0,1,,50,,Null,0,0,,40,Palmerston North City,Nil,,,,,0,0,Urban,0,,,Light rain,Strong wind
1769733,5914240,5593,,522722,0,0,0,1,0,South,2008/2009,AVIEMORE DRIVE,HIGHLAND PARK DRIVE,,Non-Injury Crash,No,2009,0,South,0,0,0,Flat,0,,0,,0,Bright sun,681324,0,0,0,2,0,0,0,0,1,,0,0,Auckland Region,Nil,2-way,Sealed,0,0,0,0,60,0,Off,0,0,,76,Auckland,Nil,0,0,0,0,0,0,Urban,1,0,0,Fine,Null
1876585,5820880,5594,,537500,0,,0,2,,South,2008/2009,CAMERON ROAD,CHURCH ST,,Non-Injury Crash,No,2009,,South,,0,,Flat,,,,,,Bright sun,1172600,0,0,0,2,,,0,,,,,,Bay of Plenty Region,Nil,2-way,Sealed,,0,0,,50,,Null,0,0,,23,Tauranga City,Unknown,,,,,0,0,Urban,0,,,Fine,Null
1706327,5682684,5595,,551301,1,,0,1,,Null,2009/2010,HIGH ST WEST,CRACROFT ST,,Minor Crash,No,2009,,East,,0,,Flat,,,,,,Bright sun,1547100,1,0,0,2,,,0,,,,,,Taranaki Region,Nil,2-way,Sealed,,0,0,,50,,Null,0,0,,33,New Plymouth District,Give way,,,,,0,0,Urban,0,,,Fine,Null
1747917,5427293,5596,,573200,0,0,0,2,0,South,2008/2009,FAIRLIE TERRACE,KELBURN PARADE,,Non-Injury Crash,No,2009,0,North,0,0,0,Flat,0,,0,,0,Bright sun,2157000,0,0,0,2,0,0,0,0,0,,0,0,Wellington Region,Nil,2-way,Sealed,0,0,0,0,50,0,Null,0,0,,47,Wellington City,Nil,0,0,0,0,0,0,Urban,0,1,0,Fine,Null
1894403,5812144,5597,,536653,0,,0,0,,West,2008/2009,TE PUKE HIGHWAY,TE MATAI ROAD,,Non-Injury Crash,No,2009,,East,,0,,Hill Road,,,,,,Bright sun,1210000,0,0,0,2,,,0,,,,,,Bay of Plenty Region,Nil,2-way,Sealed,,0,0,,100,,Null,0,0,,22,Western Bay of Plenty District,Unknown,,,,,0,0,Open,2,,,Fine,Null
1752598,5934756,5598,,508701,0,,0,1,,Null,2009/2010,OTEHA VALLEY ROAD,MUNROE LANE,,Non-Injury Crash,No,2009,,West,,0,,Flat,,,,,,Overcast,179000,0,0,0,4,,,0,,,,,,Auckland Region,Nil,2-way,Sealed,,0,0,,60,,Off,1,0,,76,Auckland,Give way,,,,,0,0,Urban,0,,,Fine,Null
1763292,5913946,5599,,520402,0,,0,2,,Null,2009/2010,PENROSE ROAD,RUAWAI ROAD,,Non-Injury Crash,No,2009,,West,,0,,Flat,,,,,,Bright sun,641900,0,0,0,2,,,0,,,,,,Auckland Region,Nil,2-way,Sealed,,0,0,,50,,Null,0,0,,76,Auckland,Give way,,,,,0,0,Urban,0,,,Fine,Null
1569146,5184800,5600,,591800,0,,0,3,,Null,2008/2009,CRANFORD ST,FRASER ST,,Minor Crash,No,2009,,East,,0,,Flat,,,,,,Overcast,2664000,2,0,0,2,,,0,,,,,,Canterbury Region,Nil,2-way,Sealed,,0,0,,60,,Null,0,0,,60,Christchurch City,Give way,,,,,0,0,Urban,0,,,Mist or Fog,Null
1763882,5912607,5601,,520500,0,,0,1,,North,2008/2009,MOUNT WELLINGTON HIGHWAY,MT WGTN ON SBD S,,Non-Injury Crash,No,2009,,South,,0,,Flat,,,,,,Twilight,637400,0,0,0,4,,,0,,,,,,Auckland Region,Nil,2-way,Sealed,,0,0,,50,,On,1,0,,76,Auckland,Traffic Signals,,,,,0,0,Urban,0,,,Fine,Null
1745733,5917226,5602,,510800,0,,0,2,,Null,2008/2009,EDMONTON ROAD,GREAT NORTH ROAD,,Non-Injury Crash,No,2009,,South,,0,,Flat,,,,,,Overcast,243300,0,0,0,2,,,0,,,,,,Auckland Region,Nil,2-way,Sealed,,0,0,,50,,Off,0,0,,76,Auckland,Give way,,,,,0,0,Urban,0,,,Fine,Null
1752395,5931048,5603,,508807,0,0,0,1,0,South,2008/2009,WILLIAM PICKERING DRIVE,BUSH ROAD,,Non-Injury Crash,No,2009,0,South,0,0,0,Flat,0,,0,,0,Dark,180809,0,0,0,2,0,0,0,0,0,,0,1,Auckland Region,Nil,2-way,Sealed,0,0,0,0,50,0,On,0,0,,76,Auckland,Nil,0,0,0,1,0,0,Urban,0,0,0,Light rain,Null
1415153,4969957,5604,,601301,0,0,0,0,1,South,2009/2010,SH 85,STONEBURN ROAD,,Fatal Crash,Yes,2009,0,South,1,1,0,Flat,0,,0,,0,Dark,2854800,0,0,0,2,0,0,0,0,0,,0,0,Otago Region,Nil,2-way,Sealed,0,0,0,0,100,0,None,1,0,,68,Waitaki District,Unknown,0,0,0,0,0,0,Open,0,0,0,Fine,Strong wind
1772041,5894003,5605,,521201,0,,0,1,,North,2008/2009,SH 1N,PARK ESTATE OBR,,Non-Injury Crash,Yes,2009,,North,,0,,Flat,,,,,,Overcast,806800,0,0,0,2,,,0,,,,,,Auckland Region,Nil,1-way,Sealed,,0,0,,100,,Null,1,0,,76,Auckland,Unknown,,,,,0,0,Open,1,,,Light rain,Null
1407316,4914827,5606,,602800,0,0,0,1,0,West,2008/2009,PORTSMOUTH DRIVE,PORTOBELLO ROAD,,Minor Crash,No,2009,0,East,0,0,0,Flat,0,,0,,1,Overcast,2895200,1,0,0,4,0,0,0,0,0,,0,1,Otago Region,Nil,2-way,Sealed,0,0,0,0,60,0,Null,0,0,,71,Dunedin City,Unknown,0,0,0,0,0,0,Urban,0,0,0,Fine,Null
1763885,5912637,5607,,520500,0,,0,2,,East,2009/2010,MT WGTN ON SBD,MOUNT WELLINGTON HIGHWAY,,Non-Injury Crash,Yes,2009,,East,,0,,Hill Road,,Christmas New Year,,,,Bright sun,637500,0,0,0,2,,,0,,,,,,Auckland Region,Nil,1-way,Sealed,,0,0,,50,,Null,0,0,,76,Auckland,Unknown,,,,,0,0,Urban,0,,,Fine,Null
1752587,5916267,5608,,517903,0,,0,1,,East,2008/2009,NEW NORTH ROAD,MCLEAN ST,,Non-Injury Crash,No,2009,,East,,0,,Flat,,,,,,Overcast,520200,0,0,0,4,,,0,,,,,,Auckland Region,Nil,2-way,Sealed,,0,0,,50,,Null,1,0,,76,Auckland,Unknown,,,,,0,0,Urban,0,,,Light rain,Null
1886363.5917,5820286.7567,5609,,536642,0,0,0,1,1,Null,2009/2010,WELCOME BAY ROAD,KAIRUA ROAD,,Non-Injury Crash,No,2009,0,North,0,0,0,Hill Road,0,,0,,0,Overcast,1206402,0,0,0,2,0,0,0,0,0,,0,0,Bay of Plenty Region,Nil,2-way,Sealed,0,0,0,0,100,0,Null,0,0,,22,Western Bay of Plenty District,Stop,0,0,0,0,0,0,Open,0,0,0,Light rain,Null
1758496,5918565,5610,,517400,0,,0,2,,Null,2009/2010,CARLTON GORE ROAD,DAVIS CRESCENT,,Non-Injury Crash,No,2009,,East,,0,,Flat,,,,,,Bright sun,451000,0,0,0,2,,,0,,,,,,Auckland Region,Nil,2-way,Sealed,,0,0,,50,,Null,0,0,,76,Auckland,Give way,,,,,0,0,Urban,0,,,Fine,Null
1753970,5924627,5611,,510500,0,,0,2,,North,2008/2009,BIRKENHEAD AVENUE,HINEMOA ST,,Non-Injury Crash,No,2009,,North,,0,,Flat,,,,,,Bright sun,357300,0,0,0,2,,,0,,,,,,Auckland Region,Nil,2-way,Sealed,,0,0,,50,,Off,0,0,,76,Auckland,Nil,,,,,0,0,Urban,0,,,Fine,Null
1746673,5945143,5612,,506201,0,,0,1,,East,2008/2009,PINE VALLEY ROAD,POYNTER LANE,,Non-Injury Crash,No,2009,,East,,0,,Flat,,,,,,Bright sun,176603,0,0,0,2,,,0,,,,,,Auckland Region,Nil,2-way,Sealed,,0,0,,80,,None,0,0,,76,Auckland,Nil,,,,,0,0,Open,0,,,Fine,Null
1447634,5044421,5613,,600410,0,0,0,1,0,South,2008/2009,MANCHESTERS ROAD,MOLLOYS ROAD,,Minor Crash,No,2009,0,South,1,0,1,Flat,0,Queens Birthday,0,,0,Dark,2817902,1,0,0,2,0,0,0,0,0,,0,1,Canterbury Region,Nil,2-way,Sealed,0,0,0,0,100,0,None,0,0,,66,Waimate District,Unknown,0,0,0,0,0,0,Open,0,0,0,Fine,Null
1768107,5472213,5614,,565901,0,0,0,1,1,Null,2008/2009,Z CPK KENA KENA SHOP,DONOVAN/PERCIVAL,,Non-Injury Crash,No,2009,0,North,0,0,0,Flat,0,,0,,0,Overcast,2000800,0,0,0,1,0,0,0,0,0,,0,0,Wellington Region,Nil,Off road,Sealed,0,0,0,0,50,0,Null,1,0,,43,Kapiti Coast District,Nil,0,0,0,0,0,0,Urban,0,0,0,Fine,Null
1806054,5823203,5615,55,527122,0,0,0,1,0,South,2008/2009,PUKETAHA ROAD,TELEPHONE ROAD,,Non-Injury Crash,No,2009,0,South,0,0,0,Flat,0,,0,,0,Overcast,953800,0,0,0,2,0,0,0,0,0,,0,0,Waikato Region,Nil,2-way,Sealed,0,0,0,0,100,0,Null,0,0,,13,Waikato District,Unknown,0,0,0,1,0,0,Open,0,0,0,Light rain,Null
1766904,5907808,5616,,523501,0,,0,2,,Null,2008/2009,BAIRDS ROAD,KEW LANE,,Non-Injury Crash,No,2009,,North,,0,,Flat,,,,,,Overcast,700602,0,0,0,2,,,0,,,,,,Auckland Region,Nil,2-way,Sealed,,0,0,,50,,Null,0,0,,76,Auckland,Give way,,,,,0,0,Urban,0,,,Fine,Null
1751978,5432494,5617,,574002,0,,0,2,,Null,2008/2009,CENTENNIAL NBD,SLIP ROAD,,Non-Injury Crash,Yes,2009,,North,,0,,Flat,,,,,,Bright sun,2078302,0,0,0,2,,,0,,,,,,Wellington Region,Nil,2-way,Sealed,,0,0,,80,,Null,0,0,,47,Wellington City,Nil,,,,,0,0,Open,0,,,Fine,Null
1757754,5918222,5618,,515700,0,,0,3,,South,2008/2009,SH 1N,KHYBER PASS OFF NBD,,Non-Injury Crash,Yes,2009,,North,,0,,Flat,,Queens Birthday,,,,Overcast,443600,0,0,0,4,,,0,,,,,,Auckland Region,Nil,2-way,Sealed,,0,0,,80,,Off,0,0,,76,Auckland,Nil,,,,,0,0,Open,0,,,Fine,Null
1799124,5814530,5619,,528900,0,,0,2,,East,2009/2010,KILLARNEY ROAD,SH 1N,,Non-Injury Crash,No,2009,,East,,0,,Flat,,,,,,Twilight,915900,0,0,0,2,,,0,,,,,,Waikato Region,Nil,2-way,Sealed,,0,0,,50,,Off,0,0,,16,Hamilton City,Nil,,,,,0,0,Urban,0,,,Null,Null
1749430,5913916,5620,,511302,0,,0,2,,Null,2009/2010,GREAT NORTH ROAD,TITIRANGI ROAD,,Non-Injury Crash,No,2009,,West,,0,,Flat,,,,,,Dark,268900,0,0,0,6,,,0,,,,,,Auckland Region,Nil,2-way,Sealed,,0,0,,50,,On,0,0,,76,Auckland,Traffic Signals,,,,,0,0,Urban,0,,,Light rain,Null
1745840,5920503,5621,,513301,0,0,0,1,0,East,2008/2009,SH 16,LINCOLN ON EBD,,Non-Injury Crash,Yes,2009,0,East,0,0,1,Flat,1,,0,,0,Bright sun,230200,0,0,0,2,0,0,0,0,0,,0,1,Auckland Region,Nil,1-way,Sealed,0,0,0,0,100,0,Off,0,0,,76,Auckland,Nil,0,0,0,0,1,0,Open,0,0,0,Fine,Null
1672026,5407511,5622,,580449,0,,0,1,,West,2009/2010,SH 62,JACKSONS ROAD,,Non-Injury Crash,Yes,2009,,East,,0,,Flat,,,,,,Bright sun,2278200,0,0,0,2,,,0,,,,,,Marlborough Region,Nil,2-way,Sealed,,0,0,,100,,Null,0,0,,53,Marlborough District,Nil,,,,,1,0,Open,0,,,Fine,Null
1752877,5916609,5623,,517901,0,,0,2,,West,2008/2009,NEW NORTH ROAD,MOUNT ALBERT ROAD,,Non-Injury Crash,No,2009,,East,,0,,Hill Road,,,,,,Overcast,524800,0,0,0,4,,,0,,,,,,Auckland Region,Nil,2-way,Sealed,,0,0,,50,,Null,0,0,,76,Auckland,Traffic Signals,,,,,0,0,Urban,0,,,Fine,Null
1822948,5462536,5624,,578600,0,0,0,1,0,South,2009/2010,CRAYNE ST,QUEEN ST,,Non-Injury Crash,No,2009,0,South,0,0,0,Flat,0,,0,,0,Overcast,2243800,0,0,0,2,0,0,0,0,1,,0,0,Wellington Region,Nil,2-way,Sealed,0,0,0,0,50,0,Null,0,0,,48,Masterton District,Nil,0,0,0,0,0,0,Urban,1,0,0,Fine,Null
1766733,5901841,5625,,524712,0,0,0,1,0,West,2008/2009,BROWNS ROAD,RUSSELL ROAD,,Non-Injury Crash,No,2009,0,West,0,0,1,Flat,0,,0,,0,Dark,779100,0,0,0,2,0,0,0,0,1,,0,0,Auckland Region,Nil,2-way,Sealed,0,0,0,0,50,0,On,1,0,,76,Auckland,Nil,0,0,0,0,0,0,Urban,0,0,0,Light rain,Null
1936638,5621174,5626,,546901,0,,0,2,,Null,2008/2009,STATION ST,MUNROE ST,,Non-Injury Crash,No,2009,,South,,0,,Flat,,Easter,,,,Bright sun,1428600,0,0,0,2,,,0,,,,,,Hawke's Bay Region,Nil,2-way,Sealed,,0,0,,50,,Null,0,0,,31,Napier City,Give way,,,,,0,0,Urban,0,,,Fine,Null
1841337,5920538,5627,,533000,0,,0,2,,Null,2008/2009,ESPLANADE,ALBERT ST,,Non-Injury Crash,No,2009,,North,,0,,Flat,,,,,,Bright sun,1047300,0,0,0,2,,,0,,,,,,Waikato Region,Nil,2-way,Sealed,,0,0,,50,,Null,0,0,,11,Thames-Coromandel District,Give way,,,,,0,0,Urban,0,,,Fine,Null
1745346,5915027,5628,,512904,0,0,0,1,0,North,2009/2010,SEYMOUR ROAD,SOLEA ROAD,,Non-Injury Crash,No,2009,0,North,0,0,0,Flat,0,,0,,0,Bright sun,278201,0,0,0,2,0,1,0,0,0,,0,0,Auckland Region,Nil,2-way,Sealed,0,0,0,0,50,0,Off,0,0,,76,Auckland,Nil,0,0,0,0,0,0,Urban,0,0,0,Fine,Null
1769076,5443107,5629,,567800,0,,0,2,,South,2008/2009,FERGUSSON DRIVE,STREAM GROVE,,Non-Injury Crash,No,2009,,East,,0,,Flat,,,,,,Bright sun,1896400,0,0,0,2,,,0,,,,,,Wellington Region,Nil,2-way,Sealed,,0,0,,50,,Null,0,0,,45,Upper Hutt City,Nil,,,,,0,0,Urban,0,,,Fine,Null
1745381,5917426,5630,,510700,0,,0,1,,East,2008/2009,ALDERMAN DRIVE,GREAT NORTH ROAD,,Non-Injury Crash,No,2009,,South,,0,,Flat,,,,,,Bright sun,239900,0,0,0,2,,,0,,,1,,,Auckland Region,Nil,2-way,Sealed,,0,0,,50,,Off,0,0,,76,Auckland,Nil,,,,,0,0,Urban,0,,,Fine,Null
1772615,5896529,5631,,525420,0,0,0,2,0,South,2009/2010,GREAT SOUTH ROAD,QUEEN ST,,Non-Injury Crash,No,2009,0,South,0,0,0,Flat,0,,0,,0,Bright sun,791600,0,0,0,2,0,0,0,0,1,,0,0,Auckland Region,Nil,2-way,Sealed,0,0,0,0,50,0,Off,0,0,,76,Auckland,Nil,0,0,0,0,0,0,Urban,0,0,0,Fine,Null
1836733,5800927,5632,,535242,0,,0,1,,South,2009/2010,SH 29,TAOTAOROA ROAD,,Non-Injury Crash,Yes,2009,,North,,0,,Flat,,,,,,Dark,1124901,0,0,0,2,,,0,,,,,,Waikato Region,Nil,2-way,Sealed,,0,0,,100,,None,0,0,,15,Matamata-Piako District,Nil,,,,,0,0,Open,0,,,Fine,Null
1751901,5919645,5633,,515002,0,0,0,2,0,South,2009/2010,WALFORD ROAD,OLIVER ST,,Non-Injury Crash,No,2009,0,North,0,0,0,Flat,0,,0,,0,Overcast,394900,0,0,0,2,0,0,0,0,1,,0,0,Auckland Region,Nil,2-way,Sealed,0,0,0,0,50,0,Off,0,0,,76,Auckland,Nil,0,0,0,0,0,0,Urban,0,0,0,Fine,Null
1763238,5915478,5634,,520302,0,0,0,1,0,East,2009/2010,MARUA ROAD,STANHOPE ROAD,,Non-Injury Crash,No,2009,0,North,0,0,0,Flat,0,,0,,0,Bright sun,625800,0,0,0,2,0,0,0,0,0,,0,0,Auckland Region,Nil,2-way,Sealed,0,0,0,0,50,0,Off,0,0,,76,Auckland,Nil,0,0,0,0,0,0,Urban,1,1,0,Fine,Null
1800116,5816228,5635,,529700,0,,0,1,,South,2008/2009,MILL ST,ULSTER ST,,Non-Injury Crash,No,2009,,South,,0,,Flat,,,,,,Bright sun,909000,0,0,0,4,,,0,,,,,,Waikato Region,Nil,2-way,Sealed,,0,0,,50,,Null,1,0,,16,Hamilton City,Give way,,,,,0,0,Urban,0,,,Fine,Null
1453468,5298947,5636,,585130,0,,0,2,,Null,2009/2010,MAWHERA QUAY,SH 7,,Serious Crash,Yes,2009,,West,,0,,Flat,,,,,,Overcast,2406401,0,0,0,2,,,0,,,,,,West Coast Region,Nil,2-way,Sealed,,0,1,,50,,Null,0,0,,56,Grey District,Give way,,,,,0,0,Urban,0,,,Light rain,Null
1778483,5869453,5637,,526701,0,0,0,1,0,North,2008/2009,MERCER FERRY ROAD,MORRISON ROAD,,Non-Injury Crash,No,2009,0,East,0,0,1,Flat,0,,0,,0,Bright sun,843900,0,0,0,2,0,0,0,0,0,,0,0,Waikato Region,Nil,2-way,Sealed,0,0,0,0,100,0,None,0,0,,13,Waikato District,Nil,0,0,0,0,0,0,Open,0,0,0,Fine,Null
1760285,5915378,5638,,519400,0,,0,2,,Null,2009/2010,GREAT SOUTH ROAD,CAMPBELL ROAD,,Non-Injury Crash,No,2009,,East,,0,,Flat,,,,,,Bright sun,617400,0,0,0,2,,,0,,,,,,Auckland Region,Nil,2-way,Sealed,,0,0,,50,,Off,0,0,,76,Auckland,Traffic Signals,,,,,0,0,Urban,0,,,Fine,Null
1800653,5820063,5639,,527009,0,0,0,1,0,West,2008/2009,WAIRERE DRIVE,HUNTINGTON DRIVE,,Non-Injury Crash,No,2009,0,East,0,0,0,Flat,0,,0,,0,Bright sun,952310,0,0,0,2,0,0,1,0,1,,0,0,Waikato Region,Nil,2-way,Sealed,0,0,0,0,50,0,Null,0,0,,16,Hamilton City,Unknown,0,0,0,0,0,0,Urban,0,0,0,Fine,Null
1719574,6046551,5640,,502800,0,0,0,2,0,South,2009/2010,BANK ST,AUBREY ST,,Non-Injury Crash,No,2009,0,North,0,0,0,Flat,0,,0,,0,Bright sun,97300,0,0,0,2,0,0,0,0,0,,0,0,Northland Region,Nil,2-way,Sealed,0,0,0,0,50,0,Null,0,0,,2,Whangarei District,Nil,0,0,0,0,0,0,Urban,0,1,0,Fine,Null
1881752,5772420,5641,,539500,0,,0,2,,Null,2008/2009,PUKEHANGI ROAD,MALFROY ROAD WEST,,Non-Injury Crash,No,2009,,South,,0,,Flat,,Queens Birthday,,,,Overcast,1264503,0,0,0,2,,,0,,,,,,Bay of Plenty Region,Nil,2-way,Sealed,,0,0,,50,,Off,0,0,,24,Rotorua District,Stop,,,,,0,0,Urban,0,,,Light rain,Null
1779243,5927466,5642,,520801,0,0,0,1,0,West,2008/2009,OCEAN VIEW ROAD,WAIKARE ROAD,,Non-Injury Crash,No,2009,0,West,0,0,0,Flat,0,,0,,0,Bright sun,516201,0,0,0,2,0,0,0,0,1,,0,0,Auckland Region,Nil,2-way,Sealed,0,0,0,0,50,0,Off,0,0,,76,Auckland,Nil,0,0,0,0,0,0,Urban,1,0,0,Null,Null
1797961,5814647,5643,,529000,0,,0,1,,Null,2009/2010,SH 23,RIFLE RANGE ROAD,,Non-Injury Crash,Yes,2009,,East,,0,,Flat,,,,,,Twilight,917100,0,0,1,2,,,0,,,,,,Waikato Region,Nil,2-way,Sealed,,0,0,,50,,Off,0,0,,16,Hamilton City,Give way,,,,,0,0,Urban,0,,,Fine,Null
1756619,5918894,5644,,515600,0,,0,1,,West,2009/2010,NEWTON ROAD,UPPER QUEEN ST,,Non-Injury Crash,No,2009,,West,,0,,Flat,,,,,,Bright sun,420300,0,0,0,4,,,0,,,,,,Auckland Region,Nil,2-way,Sealed,,0,0,,50,,Off,0,0,,76,Auckland,Nil,,,,,0,0,Urban,1,,,Fine,Null
1760958,5914050,5645,,519500,0,,0,2,,East,2008/2009,GREENPARK ROAD,ROCKFIELD ROAD,,Non-Injury Crash,No,2009,,East,,0,,Flat,,,,,,Bright sun,620500,0,0,0,2,,,0,,,,,,Auckland Region,Nil,2-way,Sealed,,0,0,,50,,Null,0,0,,76,Auckland,Nil,,,,,0,0,Urban,0,,,Fine,Null
1931978,5601719,5646,,548810,0,0,0,0,0,East,2008/2009,MANGARAU CRESCENT,LIPSCOMBE CRESCENT,,Non-Injury Crash,No,2009,0,West,0,0,0,Flat,0,,0,,0,Overcast,1505000,0,0,0,2,0,0,0,0,0,,0,0,Hawke's Bay Region,Nil,2-way,Sealed,0,0,0,0,50,0,Null,0,0,,30,Hastings District,Nil,0,0,0,1,0,0,Urban,1,0,0,Fine,Null
1886111,5772518,5647,,540420,0,,0,2,,West,2009/2010,SH 30A,SALA ST,,Non-Injury Crash,Yes,2009,,East,,0,,Flat,,,,,,Bright sun,1236600,0,0,0,4,,,0,,,,,,Bay of Plenty Region,Nil,2-way,Sealed,,0,0,,70,,Null,0,0,,24,Rotorua District,Unknown,,,,,0,0,Urban,0,,,Fine,Null
1758026,5917343,5648,,515700,0,,0,2,,Null,2009/2010,GILLIES AVENUE,ALBURY AVENUE,,Non-Injury Crash,No,2009,,North,,0,,Flat,,,,,,Bright sun,457700,0,0,0,2,,,0,,,,,,Auckland Region,Nil,2-way,Sealed,,0,0,,50,,Off,0,0,,76,Auckland,Give way,,,,,0,0,Urban,0,,,Fine,Null
1897643,5688168,5649,,541342,0,,0,2,,South,2009/2010,SH 5,RANGITAIKI TVN,,Non-Injury Crash,Yes,2009,,West,,0,,Hill Road,,,,,,Bright sun,1281002,0,0,0,2,,,0,,,,,,Bay of Plenty Region,Nil,2-way,Sealed,,0,0,,100,,Null,0,0,,21,Taupo District,Unknown,,,,,0,0,Open,0,,,Fine,Null
1404290,4918809,5650,,603910,0,,0,1,,Null,2009/2010,HELENSBURGH ROAD,SHETLAND ST,,Minor Crash,No,2009,,South,,0,,Flat,,,,,,Bright sun,2886900,1,0,0,2,,,0,,,1,,,Otago Region,Nil,2-way,Sealed,,0,0,,50,,Null,0,0,,71,Dunedin City,Stop,,,,,0,0,Urban,0,,,Fine,Null
1887166,5772727,5651,,538732,0,,0,1,,Null,2008/2009,SH 30,TARAWERA ROAD,,Non-Injury Crash,Yes,2009,,West,,0,,Flat,,,,,,Bright sun,1255600,0,0,0,2,,,0,,,,,,Bay of Plenty Region,Nil,2-way,Sealed,,0,0,,60,,Null,0,0,,24,Rotorua District,Give way,,,,,1,0,Urban,0,,,Fine,Null