X,Y,OBJECTID,advisorySpeed,areaUnitID,bicycle,bridge,bus,carStationWagon,cliffBank,crashDirectionDescription,crashFinancialYear,crashLocation1,crashLocation2,crashRoadSideRoad,crashSeverity,crashSHDescription,crashYear,debris,directionRoleDescription,ditch,fatalCount,fence,flatHill,guardRail,holiday,houseOrBuilding,intersection,kerb,light,meshblockId,minorInjuryCount,moped,motorcycle,NumberOfLanes,objectThrownOrDropped,otherObject,otherVehicleType,overBank,parkedVehicle,pedestrian,phoneBoxEtc,postOrPole,region,roadCharacter,roadLane,roadSurface,roadworks,schoolBus,seriousInjuryCount,slipOrFlood,speedLimit,strayAnimal,streetLight,suv,taxi,temporarySpeedLimit,tlaId,tlaName,trafficControl,trafficIsland,trafficSign,train,tree,truck,unknownVehicleType,urban,vanOrUtility,vehicle,waterRiver,weatherA,weatherB
1760675,5919886,5652,,516400,0,,0,3,,West,2009/2010,TAMAKI DRIVE,NGAPIPI ROAD,,Non-Injury Crash,No,2009,,East,,0,,Flat,,,,,,Bright sun,496500,0,0,0,4,,,0,,,,,,Auckland Region,Nil,2-way,Sealed,,0,0,,50,,Off,0,0,,76,Auckland,Nil,,,,,0,0,Urban,0,,,Fine,Null
1754282,5933112,5653,,508804,0,,0,1,,East,2009/2010,ROSEDALE ROAD,APOLLO DRIVE,,Non-Injury Crash,No,2009,,West,,0,,Hill Road,,,,,,Bright sun,180704,0,0,0,2,,,0,,,,,,Auckland Region,Nil,2-way,Sealed,,0,0,,50,,Off,2,0,,76,Auckland,Nil,,,,,0,0,Urban,0,,,Fine,Null
1755647,5928446,5654,,508320,0,,0,1,,Null,2009/2010,WAIRAU ROAD,ARCHERS ROAD,,Non-Injury Crash,No,2009,,East,,0,,Flat,,,,,,Overcast,198500,0,0,0,2,,,0,,,,,,Auckland Region,Nil,2-way,Sealed,,0,0,,50,,Null,0,0,,76,Auckland,Traffic Signals,,,,,1,0,Urban,0,,,Fine,Null
1801261,5814583,5655,,529700,0,,0,1,,Null,2008/2009,ANGLESEA ST,BRIDGE ST,,Non-Injury Crash,No,2009,,North,,0,,Flat,,,,,,Twilight,912400,0,0,0,2,,,0,,,,,,Waikato Region,Nil,2-way,Sealed,,0,0,,50,,On,0,0,,16,Hamilton City,Give way,,,,,0,0,Urban,1,,,Light rain,Null
1792016,5832761,5656,,527123,0,,0,1,,North,2008/2009,GREAT SOUTH ROAD,OLD TAUPIRI ROAD N,,Non-Injury Crash,No,2009,,North,,0,,Flat,,,,,,Bright sun,951201,0,0,0,2,,,0,,,,,,Waikato Region,Nil,2-way,Sealed,,0,0,,50,,Null,0,0,,13,Waikato District,Nil,,,,,1,0,Urban,0,,,Fine,Null
1567411,5179361,5657,,590300,0,,0,2,,South,2009/2010,MATIPO ST,BLENHEIM ROAD,,Minor Crash,No,2009,,North,,0,,Flat,,,,,,Dark,2539001,2,0,0,4,,,0,,,,,,Canterbury Region,Nil,2-way,Sealed,,0,0,,50,,On,0,0,,60,Christchurch City,Nil,,,,,0,0,Urban,0,,,Fine,Null
1570622,5174443,5658,,591101,0,,0,0,,South,2009/2010,DYERS PASS ROAD,PENTRE TERRACE,,Minor Crash,No,2009,,North,,0,,Hill Road,,,,,,Bright sun,2551900,1,0,1,2,,,0,,,,,,Canterbury Region,Nil,2-way,Sealed,,0,0,,50,,Null,0,0,,60,Christchurch City,Unknown,,,,,0,0,Urban,0,,,Fine,Null
1750709,5946689,5659,,505806,0,,0,0,,Null,2008/2009,HIBISCUS COAST HIGHWAY,WHANGAPARAOA ROAD,,Non-Injury Crash,No,2009,,North,,0,,Flat,,,,,,Overcast,176504,0,0,0,2,,,0,,,,,,Auckland Region,Nil,2-way,Sealed,,0,0,,80,,Off,1,0,,76,Auckland,Traffic Signals,,,,,0,0,Open,1,,,Light rain,Null
1930257,5604934,5660,,548200,0,,0,1,,Null,2008/2009,ST AUBYN ST EAST,WARREN ST NORTH,,Non-Injury Crash,No,2009,,West,,0,,Flat,,,,,,Bright sun,1493501,0,0,0,2,,,0,,,,,,Hawke's Bay Region,Nil,2-way,Sealed,,0,0,,50,,Null,1,0,,30,Hastings District,Give way,,,,,0,0,Urban,0,,,Fine,Null
1312399,5123328,5661,,585325,0,0,0,0,0,South,2008/2009,SH 6,CLARKE BLUFF,,Non-Injury Crash,Yes,2009,0,South,0,0,0,Flat,0,,0,,0,Bright sun,2416603,0,0,0,2,0,0,0,0,0,,0,0,West Coast Region,Nil,2-way,Sealed,0,0,0,0,100,0,Null,1,0,,57,Westland District,Unknown,0,0,0,1,0,0,Open,0,0,0,Fine,Null
1891777,5807976,5662,,536642,0,,0,1,,South,2008/2009,NO 1 ROAD,CHEETHAM AVENUE,,Non-Injury Crash,No,2009,,South,,0,,Flat,,,,,,Overcast,1208300,0,0,0,2,,,0,,,,,,Bay of Plenty Region,Nil,2-way,Sealed,,0,0,,100,,Null,0,0,,22,Western Bay of Plenty District,Unknown,,,,,0,0,Open,1,,,Fine,Null
1762798,5912960,5663,,520500,0,,0,2,,South,2009/2010,SH 1N,SEART ON NBD,,Non-Injury Crash,Yes,2009,,North,,0,,Flat,,,,,,Bright sun,637300,0,0,0,3,,,0,,,,,,Auckland Region,Nil,1-way,Sealed,,0,0,,100,,Off,0,0,,76,Auckland,Nil,,,,,0,0,Open,0,,,Fine,Null
1757427,5920148,5664,,514103,0,,0,2,,West,2008/2009,WELLESLEY ST EAST,KITCHENER ST,,Non-Injury Crash,No,2009,,East,,0,,Flat,,,,,,Dark,436700,0,0,0,2,,,0,,,,,,Auckland Region,Nil,2-way,Sealed,,0,0,,50,,On,0,0,,76,Auckland,Traffic Signals,,,,,0,0,Urban,0,,,Fine,Null
1745308,5920868,5665,,513301,0,,0,2,,West,2009/2010,SH 16,LINCOLN OBR,,Non-Injury Crash,Yes,2009,,West,,0,,Flat,,Christmas New Year,,,,Bright sun,231700,0,0,0,2,,,0,,,,,,Auckland Region,Nil,1-way,Sealed,,0,0,,100,,Null,1,0,,76,Auckland,Unknown,,,,,0,0,Open,0,,,Fine,Null
1757613,5918584,5666,,514302,0,,0,2,,Null,2008/2009,KHYBER PASS ROAD,BOSTON ROAD,,Non-Injury Crash,No,2009,,West,,0,,Flat,,,,,,Dark,442100,0,0,0,2,,,0,,,,,,Auckland Region,Nil,2-way,Sealed,,0,0,,50,,On,0,0,,76,Auckland,Traffic Signals,,,,,0,0,Urban,0,,,Fine,Null
1793061,5724470,5667,65,531800,0,0,0,0,1,North,2008/2009,SH 4,TAKIRI ROAD N,,Non-Injury Crash,Yes,2009,0,North,0,0,0,Flat,1,,0,,0,Dark,1013801,0,0,0,2,0,0,0,0,0,,0,0,Waikato Region,Nil,2-way,Sealed,0,0,0,0,100,0,None,0,0,,20,Waitomo District,Nil,0,0,0,0,1,0,Open,0,0,1,Fine,Null
1769910,5899366,5668,,523911,0,,0,2,,Null,2008/2009,GREAT SOUTH ROAD,SPARTAN ROAD,,Non-Injury Crash,No,2009,,South,,0,,Flat,,,,,,Overcast,766500,0,0,0,4,,,0,,,,,,Auckland Region,Nil,2-way,Sealed,,0,0,,50,,Null,0,0,,76,Auckland,Traffic Signals,,,,,0,0,Urban,0,,,Fine,Null
1835757,5799411,5669,,535242,0,0,0,0,0,South,2009/2010,SH 29,TAOTAOROA ROAD,,Non-Injury Crash,Yes,2009,0,North,0,0,0,Flat,0,,0,,0,Dark,1124901,0,0,0,2,0,0,0,0,0,,0,0,Waikato Region,Nil,2-way,Sealed,0,0,0,0,100,0,None,0,0,,15,Matamata-Piako District,Unknown,0,0,0,0,1,0,Open,0,0,0,Mist or Fog,Null
1756853,5920390,5670,,514102,0,,0,1,,Null,2009/2010,NELSON ST,WELLESLEY ST WEST,,Non-Injury Crash,No,2009,,North,,0,,Flat,,,,,,Bright sun,432700,0,0,0,4,,,0,,,,,,Auckland Region,Nil,1-way,Sealed,,0,0,,50,,Off,1,0,,76,Auckland,Traffic Signals,,,,,0,0,Urban,0,,,Fine,Null
1870782,5816652,5671,,536630,0,0,0,0,0,South,2008/2009,SH 29,BELK ROAD,,Non-Injury Crash,Yes,2009,0,South,0,0,0,Hill Road,0,,0,,0,Overcast,1191702,0,0,0,2,0,0,0,1,0,,0,0,Bay of Plenty Region,Nil,2-way,Sealed,0,0,0,0,100,0,Null,0,0,,23,Tauranga City,Unknown,0,0,0,0,0,0,Open,1,0,0,Heavy rain,Null
1760091,5436236,5672,,569100,0,,0,1,,Null,2008/2009,CORNWALL ST,CORNWALL ROAD,,Non-Injury Crash,No,2009,,South,,0,,Flat,,,,,,Bright sun,1967900,0,0,0,2,,,0,,,1,,,Wellington Region,Nil,2-way,Sealed,,0,0,,50,,Null,0,0,,46,Lower Hutt City,Traffic Signals,,,,,0,0,Urban,0,,,Fine,Null
1720039,6050052,5673,,502201,0,,0,2,,North,2009/2010,PARAMOUNT PARADE,KIRIPAKA ROAD,,Non-Injury Crash,No,2009,,South,,0,,Flat,,,,,,Dark,86600,0,0,0,2,,,0,,,,,,Northland Region,Nil,2-way,Sealed,,0,0,,50,,On,0,0,,2,Whangarei District,Nil,,,,,0,0,Urban,0,,,Fine,Null
1460233,5267001,5674,,585314,0,0,0,1,0,North,2008/2009,SH 73,GRAHAMS CRK BR,,Minor Crash,Yes,2009,0,North,0,0,0,Flat,0,,0,,0,Overcast,2422600,1,0,0,2,0,0,0,1,0,,0,0,West Coast Region,Nil,2-way,Sealed,0,0,0,0,100,0,Null,0,0,,57,Westland District,Unknown,0,0,0,0,0,0,Open,0,0,0,Fine,Null
1737591,5980229,5675,,506660,0,0,0,1,0,South,2008/2009,SH 1N,CENTENNIAL PARK ROAD,,Non-Injury Crash,Yes,2009,0,South,1,0,0,Flat,0,,0,,0,Dark,136400,0,0,0,2,0,0,0,0,0,,0,0,Auckland Region,Nil,2-way,Sealed,0,0,0,0,100,0,None,0,0,,76,Auckland,Nil,0,0,0,1,0,0,Open,0,0,0,Heavy rain,Null
1772314,5913092,5676,,523102,0,,0,3,,Null,2008/2009,MEADOWLAND DRIVE,NICHOLAS ROAD,,Non-Injury Crash,No,2009,,West,,0,,Flat,,,,,,Overcast,711020,0,0,0,2,,,0,,,,,,Auckland Region,Nil,2-way,Sealed,,0,0,,50,,Null,0,0,,76,Auckland,Nil,,,,,0,0,Urban,0,,,Light rain,Null
2020338,5683815,5677,65,544002,0,0,0,1,1,South,2009/2010,SH 2,PUNINGA ROAD,,Non-Injury Crash,Yes,2009,0,South,1,0,0,Hill Road,0,,0,,0,Overcast,1365800,0,0,0,2,0,0,0,0,0,,0,0,Gisborne Region,Nil,2-way,Sealed,0,0,0,0,100,0,Null,0,0,,28,Gisborne District,Nil,0,0,0,0,0,0,Open,0,0,0,Heavy rain,Null
1757017,5920824,5678,,514101,0,,0,3,,Null,2008/2009,FANSHAWE ST,MARKET PLACE,,Non-Injury Crash,No,2009,,West,,0,,Flat,,,,,,Twilight,433003,0,0,0,6,,,0,,,,,,Auckland Region,Nil,2-way,Sealed,,0,0,,50,,On,0,0,,76,Auckland,Traffic Signals,,,,,0,0,Urban,0,,,Light rain,Null
1789292,5494093,5679,,564021,0,,0,0,,South,2008/2009,SH 1N,KUKU EAST ROAD,,Non-Injury Crash,Yes,2009,,North,,0,,Flat,,,,,,Dark,1859300,0,0,0,2,,,0,,,,,,Manawatū-Whanganui Region,Nil,2-way,Sealed,,0,0,,100,,None,0,0,,42,Horowhenua District,Nil,,,,,1,0,Open,1,,,Fine,Null
1755440,5920694,5680,,515302,0,,0,2,,Null,2009/2010,JERVOIS ROAD,REDMOND ST,,Non-Injury Crash,No,2009,,East,,0,,Flat,,,,,,Bright sun,429500,0,0,0,2,,,0,,,,,,Auckland Region,Nil,2-way,Sealed,,0,0,,50,,Null,0,0,,76,Auckland,Traffic Signals,,,,,0,0,Urban,0,,,Fine,Null
1838497,5840888,5681,,534800,0,,0,1,,Null,2009/2010,STANLEY AVENUE,AROHA VIEW AVENUE,,Non-Injury Crash,No,2009,,South,,0,,Flat,,,,,,Bright sun,1103000,0,0,0,2,,,0,,,,,,Waikato Region,Nil,2-way,Sealed,,0,0,,50,,Null,1,0,,15,Matamata-Piako District,Traffic Signals,,,,,0,0,Urban,0,,,Fine,Null
1737525,5920625,5682,,513702,0,,0,2,,Null,2008/2009,BETHELLS ROAD,WAITAKERE ROAD,,Non-Injury Crash,No,2009,,North,,0,,Flat,,,,,,Overcast,229900,0,0,0,2,,,0,,,,,,Auckland Region,Nil,2-way,Sealed,,0,0,,80,,Null,0,0,,76,Auckland,Give way,,,,,0,0,Open,0,,,Fine,Null
1756900,5920139,5683,,514102,0,,0,2,,Null,2009/2010,HOBSON ST,COOK ST,,Non-Injury Crash,No,2009,,South,,0,,Flat,,,,,,Dark,434105,0,0,0,5,,,0,,,,,,Auckland Region,Nil,1-way,Sealed,,0,0,,50,,On,0,0,,76,Auckland,Traffic Signals,,,,,0,0,Urban,0,,,Fine,Null
1765320,5914594,5684,,520602,0,,0,1,,North,2008/2009,QUEENS ROAD,LUCAS LANE,,Non-Injury Crash,No,2009,,West,,0,,Flat,,,,,,Bright sun,628800,0,0,0,2,,,0,,,,,,Auckland Region,Nil,2-way,Sealed,,0,0,,50,,Off,0,0,,76,Auckland,Nil,,,,,1,0,Urban,0,,,Fine,Null
1883900,5825553,5685,,536831,0,,0,3,,Null,2009/2010,SH 2,CONCORD AVENUE,,Non-Injury Crash,Yes,2009,,South,,0,,Flat,,,,,,Dark,1204403,0,0,0,4,,,0,,,,,,Bay of Plenty Region,Nil,2-way,Sealed,,0,0,,70,,On,0,0,,23,Tauranga City,Stop,,,,,0,0,Urban,0,,,Fine,Null
1761331,5914377,5686,,520202,0,,0,1,,North,2009/2010,SH 1N,PENROSE INT N,,Non-Injury Crash,Yes,2009,,North,,0,,Flat,,,,,,Bright sun,612100,0,0,0,3,,,0,,,,,,Auckland Region,Nil,1-way,Sealed,,0,0,,100,,Off,1,0,,76,Auckland,Nil,,,,,0,0,Open,0,,,Fine,Null
1691857,6083199,5687,,501500,0,,0,2,,West,2008/2009,OTIRIA ROAD,NISBET ST,,Non-Injury Crash,No,2009,,West,,0,,Flat,,,,,,Overcast,55900,0,0,0,2,,,0,,,,,,Northland Region,Nil,2-way,Sealed,,0,0,,50,,Null,0,0,,1,Far North District,Nil,,,,,0,0,Urban,0,,,Fine,Null
1758068,5920688,5688,,514103,0,,0,2,,Null,2008/2009,BEACH ROAD,TANGIHUA ST,,Non-Injury Crash,No,2009,,East,,0,,Flat,,,,,,Bright sun,438301,0,0,0,5,,,0,,,,,,Auckland Region,Nil,2-way,Sealed,,0,0,,50,,Off,0,0,,76,Auckland,Traffic Signals,,,,,0,0,Urban,0,,,Fine,Null
1762909,5907773,5689,,524530,0,0,0,2,0,West,2009/2010,TENNESSEE AVENUE,MASSEY ROAD,,Non-Injury Crash,No,2009,0,South,0,0,0,Flat,0,,0,,0,Twilight,732902,0,0,0,2,0,0,0,0,1,,0,0,Auckland Region,Nil,2-way,Sealed,0,0,0,0,50,0,On,0,0,,76,Auckland,Nil,0,0,0,0,0,0,Urban,0,0,0,Fine,Null
1797584,5813987,5690,,528602,0,0,0,1,0,West,2009/2010,AMANDA AVENUE,POAKA AVENUE,,Non-Injury Crash,No,2009,0,West,0,0,1,Hill Road,0,Christmas New Year,0,,0,Twilight,921504,0,0,0,2,0,0,0,0,0,,0,1,Waikato Region,Nil,2-way,Sealed,0,0,0,0,50,0,Off,0,0,,16,Hamilton City,Nil,0,0,0,0,0,0,Urban,0,0,0,Light rain,Null
1755295,5918248,5691,,517500,0,0,0,1,0,West,2009/2010,SH 16,BOND OBR,,Non-Injury Crash,Yes,2009,0,West,0,0,0,Flat,1,,0,,0,Dark,529900,0,0,0,4,0,0,0,0,0,,0,0,Auckland Region,Nil,1-way,Sealed,0,0,0,0,100,0,On,0,0,,76,Auckland,Unknown,0,0,0,0,0,0,Open,0,0,0,Fine,Null
1765464,5440894,5692,,568201,0,,0,1,,Null,2009/2010,EASTERN HUTT ROAD,HIGH ST,,Non-Injury Crash,No,2009,,North,,0,,Flat,,,,,,Dark,1935000,0,0,0,2,,,0,,,,,,Wellington Region,Nil,2-way,Sealed,,0,0,,50,,On,1,0,,46,Lower Hutt City,Give way,,,,,0,0,Urban,0,,,Fine,Null
1719421,6046090,5693,,503100,0,,0,2,,Null,2009/2010,BANK ST,DENT ST,,Non-Injury Crash,No,2009,,South,,0,,Flat,,,,,,Bright sun,99500,0,0,0,2,,,0,,,,,,Northland Region,Nil,2-way,Sealed,,0,0,,50,,Off,0,0,,2,Whangarei District,Give way,,,,,0,0,Urban,0,,,Fine,Null
1565717,5182514,5694,,589000,0,,0,1,,Null,2009/2010,MEMORIAL AVENUE,GREERS ROAD,,Minor Crash,No,2009,,North,,0,,Flat,,Christmas New Year,,,,Bright sun,2517600,1,0,0,4,,,0,,,1,,,Canterbury Region,Nil,2-way,Sealed,,0,0,,60,,Null,0,0,,60,Christchurch City,Traffic Signals,,,,,0,0,Urban,0,,,Fine,Null
1755182,5927635,5695,,508620,0,0,0,0,0,Null,2009/2010,SUNNYBRAE ROAD,PORANA ROAD,,Non-Injury Crash,No,2009,0,South,0,0,0,Flat,0,,0,,0,Dark,202600,0,0,0,3,0,0,0,0,0,,0,1,Auckland Region,Nil,2-way,Sealed,0,0,0,0,50,0,On,0,0,,76,Auckland,Traffic Signals,0,0,0,0,1,0,Urban,1,0,0,Fine,Null
1776130,5866334,5696,,526701,0,,0,1,,North,2008/2009,HIGHWAY 22,CLARK AND DENIZE ROAD,,Non-Injury Crash,No,2009,,North,,0,,Hill Road,,,,,,Overcast,843700,0,0,0,2,,,0,,,,,,Waikato Region,Nil,2-way,Sealed,,0,0,,100,,Null,1,0,,13,Waikato District,Unknown,,,,,0,0,Open,0,,,Light rain,Null
1885183,5773995,5697,,540410,0,0,0,1,0,Null,2009/2010,PUKUATUA ST,FENTON ST,,Non-Injury Crash,No,2009,0,East,0,0,0,Flat,0,,0,,0,Overcast,1233900,0,0,0,4,0,0,0,0,0,,0,0,Bay of Plenty Region,Nil,2-way,Sealed,0,0,0,0,50,0,Off,0,0,,24,Rotorua District,Give way,1,0,0,0,0,0,Urban,0,0,0,Light rain,Null
1819912,5529363,5698,,562310,0,0,0,1,0,Null,2008/2009,FEATHERSTON ST,BOTANICAL ROAD,,Non-Injury Crash,No,2009,0,West,0,0,1,Flat,0,Easter,0,,0,Dark,1822300,0,0,0,2,0,0,0,0,0,,0,0,Manawatū-Whanganui Region,Nil,2-way,Sealed,0,0,0,0,50,0,On,0,0,,40,Palmerston North City,Traffic Signals,0,0,0,0,0,0,Urban,0,0,0,Fine,Null
1708812,6093034,5699,,501620,0,0,0,1,1,East,2008/2009,RUSSELL ROAD,PAROA ROAD,,Non-Injury Crash,No,2009,0,North,0,0,1,Flat,0,,0,,0,Dark,48404,0,0,0,2,0,0,0,0,0,,0,0,Northland Region,Nil,2-way,Sealed,0,0,0,0,100,0,None,0,0,,1,Far North District,Unknown,0,0,0,0,0,0,Open,0,0,0,Mist or Fog,Null
1744566,5919221,5700,,513302,0,,0,2,,South,2009/2010,RATHGAR ROAD,POMARIA ROAD,,Non-Injury Crash,No,2009,,North,,0,,Flat,,,,,,Overcast,232800,0,0,0,2,,,0,,,,,,Auckland Region,Nil,2-way,Sealed,,0,0,,50,,None,0,0,,76,Auckland,Nil,,,,,0,0,Urban,0,,,Fine,Null
1751563,5912316,5701,,514700,0,0,0,0,0,South,2009/2010,BLOCKHOUSE BAY ROAD,DONOVAN ST,,Non-Injury Crash,No,2009,0,South,0,0,0,Flat,0,,0,,0,Overcast,368300,0,0,0,2,0,0,0,0,1,,0,0,Auckland Region,Nil,2-way,Sealed,0,0,0,0,50,0,Off,1,0,,76,Auckland,Nil,0,0,0,0,0,0,Urban,1,0,0,Light rain,Null
1751934,5919006,5702,,515002,0,0,0,1,0,Null,2009/2010,WAINUI AVENUE,POINT CHEVALIER ROAD,,Non-Injury Crash,No,2009,0,North,0,0,0,Flat,0,,0,,0,Overcast,395400,0,0,0,2,0,0,0,0,0,,0,1,Auckland Region,Nil,2-way,Sealed,0,0,0,0,50,0,Null,0,0,,76,Auckland,Stop,0,0,0,0,0,0,Urban,0,0,0,Fine,Null
1798681,5816871,5703,,528800,0,0,0,1,0,Null,2008/2009,FOREST LAKE ROAD,MITCHAM AVENUE,,Non-Injury Crash,No,2009,0,North,0,0,0,Flat,0,,0,,0,Dark,902700,0,0,0,2,0,0,0,0,0,,0,0,Waikato Region,Nil,2-way,Sealed,0,0,0,0,50,0,On,0,0,,16,Hamilton City,Stop,1,0,0,0,0,0,Urban,0,0,0,Fine,Null
1801485,5818158,5704,,529501,0,,0,2,,South,2008/2009,HUKANUI ROAD,KENSINGTON PLACE,,Non-Injury Crash,No,2009,,South,,0,,Flat,,,,,,Dark,875500,0,0,0,2,,,0,,,,,,Waikato Region,Nil,2-way,Sealed,,0,0,,50,,On,0,0,,16,Hamilton City,Unknown,,,,,0,0,Urban,0,,,Heavy rain,Null
1797848,5818668,5705,,528403,0,,0,2,,Null,2009/2010,TE RAPA ROAD,BRYANT ROAD,,Non-Injury Crash,No,2009,,North,,0,,Flat,,,,,,Bright sun,908100,0,0,0,2,,,0,,,,,,Waikato Region,Nil,2-way,Sealed,,0,0,,50,,Null,0,0,,16,Hamilton City,Give way,,,,,0,0,Urban,0,,,Fine,Null
1797316,5817418,5706,,528406,0,,0,2,,Null,2009/2010,SH 1N,AVALON DRIVE BY PASS,,Non-Injury Crash,Yes,2009,,South,,0,,Flat,,,,,,Overcast,907601,0,0,0,2,,,0,,,,,,Waikato Region,Nil,2-way,Sealed,,0,0,,80,,Null,0,0,,16,Hamilton City,Give way,,,,,0,0,Open,0,,,Fine,Null
1754289,5925628,5707,,510500,0,,0,1,,West,2009/2010,PUPUKE ROAD,TUI GLEN ROAD,,Non-Injury Crash,No,2009,,East,,0,,Flat,,,,,,Bright sun,355400,0,0,0,2,,,0,,,,,,Auckland Region,Nil,2-way,Sealed,,0,0,,50,,Null,0,0,,76,Auckland,Unknown,,,,,0,0,Urban,1,,,Fine,Null
1762695,5905699,5708,,524200,0,,0,2,,South,2009/2010,SH 20,MASSEY OFF NBD,,Non-Injury Crash,Yes,2009,,North,,0,,Flat,,,,,,Dark,729100,0,0,0,2,,,0,,,,,,Auckland Region,Nil,1-way,Sealed,,0,0,,100,,On,0,0,,76,Auckland,Nil,,,,,0,0,Open,0,,,Fine,Null
1882055,5775750,5709,,539100,0,,0,2,,North,2008/2009,GORDON ROAD,FAIRVIEW ROAD,,Non-Injury Crash,No,2009,,South,,0,,Flat,,,,,,Overcast,1218900,0,0,0,2,,,0,,,,,,Bay of Plenty Region,Nil,2-way,Sealed,,0,0,,50,,Null,0,0,,24,Rotorua District,Unknown,,,,,0,0,Urban,0,,,Fine,Null
1732730,5907684,5710,,513800,0,,0,0,,East,2009/2010,PIHA ROAD,KAREKARE ROAD,,Non-Injury Crash,No,2009,,East,,0,,Hill Road,,,,,,Dark,282021,0,0,0,2,,,0,,,,,,Auckland Region,Nil,2-way,Sealed,,0,0,,70,,None,0,0,,76,Auckland,Nil,,,,,0,0,Urban,1,,,Fine,Null
1752544,5916980,5711,,517800,0,0,0,2,0,South,2009/2010,CARRINGTON ROAD,SEAVIEW TERRACE,,Non-Injury Crash,No,2009,0,North,0,0,0,Hill Road,0,,0,,0,Overcast,525500,0,0,0,4,0,0,0,0,0,,0,0,Auckland Region,Nil,2-way,Sealed,0,0,0,0,50,0,Off,0,0,,76,Auckland,Nil,0,0,0,0,0,0,Urban,0,1,0,Heavy rain,Null
1767430,5904936,5712,,524603,0,0,0,2,0,Null,2008/2009,GREAT SOUTH ROAD,CAVENDISH DRIVE,,Non-Injury Crash,No,2009,0,East,0,0,0,Flat,0,,0,,0,Bright sun,780304,0,0,0,1,0,0,0,0,0,,0,0,Auckland Region,Nil,1-way,Sealed,0,0,0,0,50,0,Off,0,1,,76,Auckland,Give way,0,0,0,0,0,0,Urban,0,1,0,Fine,Null
1774387,5897360,5713,,525610,0,0,0,1,0,Null,2008/2009,VALENTINE ST,VALENTINE STREET,,Non-Injury Crash,No,2009,0,North,0,0,0,Flat,0,,0,,0,Dark,796300,0,0,0,2,0,0,0,0,0,,0,1,Auckland Region,Nil,2-way,Sealed,0,0,0,0,50,0,On,0,0,,76,Auckland,Give way,0,0,0,0,0,0,Urban,0,0,0,Fine,Null
1756482,5936888,5714,,506903,0,,0,1,,North,2008/2009,BEACH ROAD,WAIAKE ST,,Non-Injury Crash,No,2009,,North,,0,,Hill Road,,,,,,Dark,170403,0,0,0,2,,,0,,,,,,Auckland Region,Nil,2-way,Sealed,,0,0,,50,,On,0,0,,76,Auckland,Nil,,,,,0,0,Urban,0,,,Mist or Fog,Null
1748067,5426710,5715,,573200,0,0,0,3,0,East,2009/2010,OHIRO ROAD,MAARAMA CRESCENT,,Non-Injury Crash,No,2009,0,North,0,0,0,Hill Road,0,,0,,0,Bright sun,2159204,0,0,0,2,0,0,0,0,1,,0,0,Wellington Region,Nil,2-way,Sealed,0,0,0,0,50,0,Null,0,1,,47,Wellington City,Nil,0,0,0,0,0,0,Urban,0,0,0,Fine,Null
1769631,5894893,5716,,521201,0,,0,2,,Null,2009/2010,HAYFIELD WAY,OAKLAND ROAD,,Non-Injury Crash,No,2009,,North,,0,,Flat,,,,,,Dark,806601,0,0,0,2,,,0,,,,,,Auckland Region,Nil,2-way,Sealed,,0,0,,70,,On,0,0,,76,Auckland,Stop,,,,,0,0,Urban,0,,,Light rain,Null
1753286,5933083,5717,,508701,0,,0,2,,Null,2008/2009,GREVILLE ROAD,GREVILLE ROAD,,Non-Injury Crash,No,2009,,North,,0,,Flat,,,,,,Bright sun,178900,0,0,0,2,,,0,,,,,,Auckland Region,Nil,2-way,Sealed,,0,0,,50,,Null,0,0,,76,Auckland,Nil,,,,,0,0,Urban,0,,,Fine,Null
1802242,5816044,5718,,530100,0,,0,2,,Null,2008/2009,TE AROHA ST,ST OLPHERTS AVENUE,,Non-Injury Crash,No,2009,,East,,0,,Flat,,,,,,Dark,895400,0,0,0,2,,,0,,,,,,Waikato Region,Nil,2-way,Sealed,,0,0,,50,,On,0,0,,16,Hamilton City,Give way,,,,,0,0,Urban,0,,,Fine,Null
1803003,5814967,5719,,530200,0,,0,2,,Null,2009/2010,CLYDE ST,DEY ST,,Non-Injury Crash,No,2009,,East,,0,,Hill Road,,,,,,Bright sun,892600,0,0,0,2,,,0,,,,,,Waikato Region,Nil,2-way,Sealed,,0,0,,50,,Off,0,0,,16,Hamilton City,Stop,,,,,0,0,Urban,0,,,Fine,Null
1757521,5920644,5720,,514103,0,0,0,2,0,South,2009/2010,HIGH ST,SHORTLAND ST,,Non-Injury Crash,No,2009,0,South,0,0,0,Flat,0,,0,,0,Dark,437600,0,0,0,1,0,0,0,0,1,,0,0,Auckland Region,Nil,1-way,Sealed,0,0,0,0,50,0,On,0,0,,76,Auckland,Nil,0,0,0,0,0,0,Urban,0,0,0,Fine,Null
1754242,5931228,5721,,508805,0,,0,1,,South,2008/2009,UPPER HWY ON SBD,SH 18,,Non-Injury Crash,No,2009,,South,,0,,Hill Road,,,,,,Bright sun,180826,0,0,0,2,,,0,,,,,,Auckland Region,Motorway ramp,1-way,Sealed,,0,0,,100,,Null,0,0,,76,Auckland,Unknown,,,,,1,0,Open,0,,,Fine,Null
1760425,5905478,5722,,524200,0,,0,2,,West,2009/2010,STATEN PLACE,CROSSANDRA DRIVE,,Non-Injury Crash,No,2009,,North,,0,,Flat,,,,,,Twilight,728620,0,0,0,2,,,0,,,,,,Auckland Region,Nil,2-way,Sealed,,0,0,,50,,Off,0,0,,76,Auckland,Unknown,,,,,0,0,Urban,0,,,Fine,Null