X,Y,OBJECTID,advisorySpeed,areaUnitID,bicycle,bridge,bus,carStationWagon,cliffBank,crashDirectionDescription,crashFinancialYear,crashLocation1,crashLocation2,crashRoadSideRoad,crashSeverity,crashSHDescription,crashYear,debris,directionRoleDescription,ditch,fatalCount,fence,flatHill,guardRail,holiday,houseOrBuilding,intersection,kerb,light,meshblockId,minorInjuryCount,moped,motorcycle,NumberOfLanes,objectThrownOrDropped,otherObject,otherVehicleType,overBank,parkedVehicle,pedestrian,phoneBoxEtc,postOrPole,region,roadCharacter,roadLane,roadSurface,roadworks,schoolBus,seriousInjuryCount,slipOrFlood,speedLimit,strayAnimal,streetLight,suv,taxi,temporarySpeedLimit,tlaId,tlaName,trafficControl,trafficIsland,trafficSign,train,tree,truck,unknownVehicleType,urban,vanOrUtility,vehicle,waterRiver,weatherA,weatherB
1763809,5912988,5723,,520402,0,,0,3,,North,2008/2009,MOUNT WELLINGTON HIGHWAY,ARANUI ROAD,,Non-Injury Crash,No,2009,,West,,0,,Flat,,,,,,Bright sun,641502,0,0,0,3,,,0,,,,,,Auckland Region,Nil,2-way,Sealed,,0,0,,50,,Off,0,0,,76,Auckland,Traffic Signals,,,,,0,0,Urban,0,,,Fine,Null
1756310,5913736,5724,,518500,0,,0,1,,Null,2008/2009,MOUNT ALBERT ROAD,HAYR ROAD,,Non-Injury Crash,No,2009,,West,,0,,Flat,,,,,,Overcast,563800,0,0,1,2,,,0,,,,,,Auckland Region,Nil,2-way,Sealed,,0,0,,50,,Off,0,0,,76,Auckland,Stop,,,,,0,0,Urban,0,,,Fine,Null
1716536,6058262,5725,,504300,0,,0,1,,Null,2009/2010,SH 1N,GEORGE ST,,Non-Injury Crash,Yes,2009,,West,,0,,Flat,,,,,,Overcast,63500,0,0,0,2,,,0,,,,,,Northland Region,Nil,2-way,Sealed,,0,0,,100,,Null,1,0,,2,Whangarei District,Stop,,,,,0,0,Open,0,,,Fine,Null
1882481,5777596,5726,,539200,0,,0,1,,North,2008/2009,SH 5,BARNARD ROAD,,Non-Injury Crash,Yes,2009,,South,,0,,Flat,,,,,,Bright sun,1264304,0,0,0,2,,,0,,,,,,Bay of Plenty Region,Nil,2-way,Sealed,,0,0,,60,,Null,0,0,,24,Rotorua District,Unknown,,,,,0,0,Urban,1,,,Fine,Null
1758514,5435465,5727,,569202,0,,0,2,,North,2008/2009,CUBA ST,MONTAGUE ST,,Non-Injury Crash,No,2009,,North,,0,,Flat,,,,,,Bright sun,1924800,0,0,0,2,,,0,,,,,,Wellington Region,Nil,2-way,Sealed,,0,0,,50,,Null,0,0,,46,Lower Hutt City,Nil,,,,,0,0,Urban,0,,,Fine,Null
1750631,5915774,5728,,514802,0,,0,2,,East,2008/2009,VICTOR ST,ROSEBANK ROAD,,Non-Injury Crash,No,2009,,East,,0,,Flat,,,,,,Bright sun,390200,0,0,0,2,,,0,,,,,,Auckland Region,Nil,2-way,Sealed,,0,0,,50,,Null,0,0,,76,Auckland,Unknown,,,,,0,0,Urban,0,,,Fine,Null
1244806,4849141,5729,,611500,0,0,0,1,0,East,2008/2009,TWEED ST,METZGER ST,,Non-Injury Crash,No,2009,0,East,0,0,0,Flat,0,,0,,0,Dark,3138802,0,0,0,1,0,0,0,0,0,,0,1,Southland Region,Nil,1-way,Sealed,0,0,0,0,50,0,On,0,0,,75,Invercargill City,Unknown,0,0,0,1,0,0,Urban,0,0,0,Fine,Null
1252366,5003133,5730,,609031,0,0,0,1,1,North,2009/2010,MOKE LAKE ROAD,SEVEN MILE CRK CV,,Minor Crash,No,2009,0,South,0,0,0,Hill Road,0,,0,,0,Bright sun,3039517,1,0,0,2,0,0,0,0,0,,0,0,Otago Region,Nil,2-way,Unsealed,0,0,0,0,100,0,Null,0,0,,70,Queenstown-Lakes District,Unknown,0,0,0,0,0,0,Open,0,0,0,Fine,Null
1744777,5917939,5731,,510700,0,,0,2,,Null,2008/2009,SWANSON ROAD,STURGES ROAD,,Non-Injury Crash,No,2009,,East,,0,,Flat,,,,,,Overcast,239102,0,0,0,3,,,0,,,,,,Auckland Region,Nil,2-way,Sealed,,0,0,,50,,Off,0,0,,76,Auckland,Traffic Signals,,,,,0,0,Urban,1,,,Fine,Null
1746406,5914015,5732,,511001,0,0,0,3,0,East,2009/2010,WEST COAST ROAD,WOODGLEN ROAD,,Non-Injury Crash,No,2009,0,West,0,0,0,Hill Road,0,,0,,0,Dark,282500,0,0,0,2,0,0,0,0,1,,0,0,Auckland Region,Nil,2-way,Sealed,0,0,0,0,50,0,On,0,0,,76,Auckland,Unknown,0,0,0,0,0,0,Urban,0,0,0,Light rain,Null
1759882,5915763,5733,,516002,0,,0,2,,Null,2009/2010,GREAT SOUTH ROAD,GREEN LANE WEST,,Non-Injury Crash,No,2009,,South,,0,,Flat,,,,,,Bright sun,494100,0,0,0,6,,,0,,,,,,Auckland Region,Nil,2-way,Sealed,,0,0,,50,,Off,0,0,,76,Auckland,Traffic Signals,,,,,0,0,Urban,0,,,Fine,Null
1757652,5944747,5734,,505902,0,0,0,1,0,Null,2009/2010,CROSS ST,BRIXTON ROAD,,Non-Injury Crash,No,2009,0,East,0,0,0,Flat,0,,0,,0,Twilight,174506,0,0,0,2,0,0,0,0,0,,0,0,Auckland Region,Nil,2-way,Sealed,0,0,0,0,50,0,Off,0,0,,76,Auckland,Give way,0,0,0,1,0,0,Urban,0,0,0,Fine,Null
1756145,5920992,5735,,515202,0,,0,1,,North,2008/2009,SH 1N,FANSHAWE OBR,,Non-Injury Crash,Yes,2009,,South,,0,,Flat,,,,,,Overcast,425600,0,0,0,6,,,0,,,,,,Auckland Region,Nil,2-way,Sealed,,0,0,,80,,Null,0,0,,76,Auckland,Unknown,,,,,1,0,Open,0,,,Fine,Null
1772704,5895207,5736,,525520,0,,0,1,,Null,2009/2010,BUTTERWORTH AVENUE,GREAT SOUTH ROAD,,Non-Injury Crash,No,2009,,West,,0,,Flat,,,,,,Overcast,801800,0,0,0,2,,,0,,,,,,Auckland Region,Nil,2-way,Sealed,,0,0,,50,,Null,0,0,,76,Auckland,Stop,,,,,0,0,Urban,1,,,Fine,Null
1766811,5908069,5737,,523501,0,0,0,2,0,Null,2009/2010,ALEXANDER CRESCENT,TOSO WAY,,Non-Injury Crash,No,2009,0,South,0,0,0,Flat,0,,0,,0,Bright sun,700602,0,0,0,2,0,0,0,0,1,,0,0,Auckland Region,Nil,2-way,Sealed,0,0,0,0,50,0,Off,0,0,,76,Auckland,Nil,0,0,0,0,0,0,Urban,0,0,0,Fine,Null
1758264,5920203,5738,,514103,0,,0,1,,Null,2009/2010,PARNELL RISE,SH 16,,Non-Injury Crash,No,2009,,East,,0,,Flat,,,,,,Overcast,438203,0,0,0,3,,,0,,,,,,Auckland Region,Nil,2-way,Sealed,,0,0,,50,,Null,0,0,,76,Auckland,Traffic Signals,,,,,1,0,Urban,0,,,Fine,Null
1888256,5773597,5739,,538721,0,,0,1,,South,2009/2010,SH 30,TENNYSON DRIVE,,Non-Injury Crash,Yes,2009,,North,,0,,Flat,,,,,,Overcast,1254404,0,0,0,2,,,0,,,,,,Bay of Plenty Region,Nil,2-way,Sealed,,0,0,,50,,Null,0,0,,24,Rotorua District,Nil,,,,,0,0,Urban,1,,,Fine,Null
1753482,5932849,5740,,508804,0,0,0,1,0,Null,2009/2010,SH 1N,GREVILLE ON SBD,,Non-Injury Crash,Yes,2009,0,South,0,0,0,Hill Road,0,,0,,0,Dark,180701,0,0,0,2,0,0,0,0,0,,0,0,Auckland Region,Motorway ramp,1-way,Sealed,0,0,0,0,80,0,On,0,0,,76,Auckland,Nil,0,1,0,0,0,0,Open,0,0,0,Fine,Null
1756034,5443975,5741,,571200,0,,0,2,,West,2008/2009,MUNGAVIN AVENUE,GLOUCESTER ST,,Non-Injury Crash,No,2009,,East,,0,,Flat,,,,,,Bright sun,2049401,0,0,0,2,,,0,,,,,,Wellington Region,Nil,2-way,Sealed,,0,0,,50,,Null,0,0,,44,Porirua City,Nil,,,,,0,0,Urban,0,,,Fine,Null
1797886,5814432,5742,,528602,0,,0,2,,North,2008/2009,TUHIKARAMEA ROAD,JASMINE AVENUE,,Non-Injury Crash,No,2009,,North,,0,,Flat,,,,,,Bright sun,921603,0,0,0,2,,,0,,,,,,Waikato Region,Nil,2-way,Sealed,,0,0,,50,,Null,0,0,,16,Hamilton City,Unknown,,,,,0,0,Urban,0,,,Fine,Null
1768443,5901442,5743,,525001,0,,0,2,,Null,2008/2009,CORIN AVENUE,GREAT SOUTH ROAD,,Non-Injury Crash,No,2009,,West,,0,,Flat,,,,,,Overcast,751500,0,0,0,2,,,0,,,,,,Auckland Region,Nil,2-way,Sealed,,0,0,,50,,Null,0,0,,76,Auckland,Stop,,,,,0,0,Urban,0,,,Fine,Null
1699883,6090779,5744,,501633,0,0,0,1,0,West,2009/2010,OROMAHOE ROAD,SH 11,,Non-Injury Crash,No,2009,0,East,0,0,0,Hill Road,0,,0,,0,Unknown,51405,0,0,0,2,0,0,0,1,0,,0,0,Northland Region,Nil,2-way,Unsealed,0,0,0,0,100,0,None,0,0,,1,Far North District,Nil,0,0,0,0,0,0,Open,0,0,0,Null,Null
1767933,5883416,5745,45,521111,0,,0,0,,East,2009/2010,HEIGHTS ROAD,BEATTY ROAD,,Non-Injury Crash,No,2009,,West,,0,,Hill Road,,,,,,Overcast,826601,0,0,0,2,,,0,,,,,,Auckland Region,Nil,2-way,Sealed,,0,0,,100,,Off,0,0,,76,Auckland,Nil,,,,,1,0,Open,0,,,Light rain,Null
1761708,5906528,5746,,524112,0,0,0,1,0,Null,2008/2009,MASSEY ROAD,MASSEY OFF NBD,,Non-Injury Crash,Yes,2009,0,North,0,0,0,Flat,0,,0,,0,Dark,742300,0,0,0,2,0,0,0,0,0,,0,0,Auckland Region,Motorway ramp,2-way,Sealed,0,0,0,0,50,0,On,0,0,,76,Auckland,Traffic Signals,1,1,0,0,0,0,Urban,0,0,0,Light rain,Null
1799622,5817162,5747,,528700,0,,0,1,,Null,2008/2009,AWATERE AVENUE,VICTORIA ST,,Non-Injury Crash,No,2009,,West,,0,,Flat,,,,,,Bright sun,902200,0,0,1,2,,,0,,,,,,Waikato Region,Nil,2-way,Sealed,,0,0,,50,,Null,0,0,,16,Hamilton City,Stop,,,,,0,0,Urban,0,,,Fine,Null
1746799,5912533,5748,,512600,0,,0,2,,East,2009/2010,KAURILANDS ROAD,GLENDALE ROAD,,Non-Injury Crash,No,2009,,West,,0,,Flat,,,,,,Bright sun,298302,0,0,0,2,,,0,,,,,,Auckland Region,Nil,2-way,Sealed,,0,0,,50,,Null,0,0,,76,Auckland,Unknown,,,,,0,0,Urban,0,,,Fine,Null
1754917,5916456,5749,,517702,0,,0,2,,Null,2009/2010,SANDRINGHAM ROAD,ST LUKES ROAD,,Non-Injury Crash,No,2009,,North,,0,,Flat,,,,,,Bright sun,540300,0,0,0,1,,,0,,,,,,Auckland Region,Nil,2-way,Sealed,,0,0,,50,,Off,0,0,,76,Auckland,Give way,,,,,0,0,Urban,0,,,Fine,Null
1770389,5911603,5750,,523105,0,,0,2,,Null,2008/2009,BOTANY ROAD,GOLFLAND DRIVE S,,Non-Injury Crash,No,2009,,South,,0,,Flat,,Easter,,,,Twilight,711148,0,0,0,3,,,0,,,,,,Auckland Region,Nil,2-way,Sealed,,0,0,,70,,On,0,0,,76,Auckland,Traffic Signals,,,,,0,0,Urban,1,,,Fine,Null
1763315,5920365,5751,,516500,0,0,0,2,0,South,2008/2009,PATTESON AVENUE,TAMAKI DRIVE,,Non-Injury Crash,No,2009,0,East,0,0,0,Flat,0,,0,,0,Bright sun,500600,0,0,0,2,0,0,0,0,1,,0,0,Auckland Region,Nil,2-way,Sealed,0,0,0,0,50,0,Null,0,0,,76,Auckland,Unknown,0,0,0,0,0,0,Urban,0,0,0,Fine,Null
1889434,5740461,5752,,538842,0,0,0,0,0,South,2008/2009,SH 5,REPOROA ROAD,,Non-Injury Crash,Yes,2009,0,North,1,0,0,Flat,0,,0,,0,Overcast,1261200,0,0,0,2,0,0,0,0,0,,0,0,Waikato Region,Nil,2-way,Sealed,0,0,0,0,100,0,Null,0,0,,24,Rotorua District,Unknown,0,0,0,0,0,0,Open,1,0,0,Light rain,Null
1769088,5880073,5753,,525922,0,,0,1,,Null,2008/2009,NELSON ST,JOHN ST,,Non-Injury Crash,No,2009,,South,,0,,Hill Road,,,,,,Overcast,823500,0,0,0,2,,,0,,,,,,Auckland Region,Nil,2-way,Sealed,,0,0,,50,,Off,1,0,,76,Auckland,Give way,,,,,0,0,Urban,0,,,Light rain,Null
1753262,5933079,5754,,508701,0,,0,2,,Null,2009/2010,ALBANY EXPRESSWAY,GREVILLE ROAD,,Non-Injury Crash,No,2009,,East,,0,,Flat,,,,,,Bright sun,178900,0,0,0,2,,,0,,,,,,Auckland Region,Nil,2-way,Sealed,,0,0,,50,,Off,0,0,,76,Auckland,Give way,,,,,0,0,Urban,0,,,Fine,Null
1800718,5816592,5755,,529900,0,,0,1,,West,2009/2010,BOUNDARY ROAD,CASEY AVENUE,,Non-Injury Crash,No,2009,,East,,0,,Flat,,,,,,Bright sun,864000,0,1,0,3,,,0,,,,,,Waikato Region,Nil,2-way,Sealed,,0,0,,50,,Off,0,0,,16,Hamilton City,Give way,,,,,0,0,Urban,0,,,Fine,Null
1759532,5925331,5756,,508110,1,0,0,0,0,North,2009/2010,LAKE ROAD,WINSCOMBE ST,,Non-Injury Crash,No,2009,0,South,0,0,0,Hill Road,0,,0,,0,Dark,320700,0,0,0,2,0,0,0,0,1,,0,0,Auckland Region,Nil,2-way,Sealed,0,0,0,0,50,0,On,0,0,,76,Auckland,Unknown,0,0,0,0,1,0,Urban,0,0,0,Heavy rain,Null
1930916,5616891,5757,,547200,0,,0,2,,Null,2008/2009,GLOUCESTER ST,PEDDIE ST,,Non-Injury Crash,No,2009,,South,,0,,Flat,,,,,,Bright sun,1457600,0,0,0,2,,,0,,,,,,Hawke's Bay Region,Nil,2-way,Sealed,,0,0,,50,,Null,0,0,,31,Napier City,Give way,,,,,0,0,Urban,0,,,Fine,Null
1829942,5867424,5758,,533901,0,0,0,1,0,North,2009/2010,SH 2,HAURAKI ROAD,,Non-Injury Crash,Yes,2009,0,East,0,0,0,Flat,0,,0,,0,Dark,1064900,0,0,0,2,0,0,0,0,0,,0,0,Waikato Region,Nil,2-way,Sealed,0,0,0,0,100,0,None,0,0,,12,Hauraki District,Unknown,0,0,0,0,0,0,Open,0,0,0,Fine,Null
1749430,5913916,5759,,511302,0,,0,2,,Null,2009/2010,RATA ST,GREAT NORTH ROAD,,Non-Injury Crash,No,2009,,South,,0,,Flat,,,,,,Bright sun,268900,0,0,0,4,,,0,,,,,,Auckland Region,Nil,2-way,Sealed,,0,0,,50,,Off,0,0,,76,Auckland,Traffic Signals,,,,,0,0,Urban,0,,,Fine,Null
1884927,5773782,5760,,540410,0,0,0,1,0,West,2008/2009,ERUERA ST,TUTANEKAI ST,,Non-Injury Crash,No,2009,0,East,0,0,0,Flat,0,,1,,0,Overcast,1234600,0,0,0,2,0,0,0,0,0,,0,0,Bay of Plenty Region,Nil,2-way,Sealed,0,0,0,0,50,0,Null,0,0,,24,Rotorua District,Nil,0,0,0,0,0,0,Urban,0,0,0,Fine,Null
1821348,5529063,5761,,562800,0,,0,2,,West,2008/2009,CHURCH ST,PITT ST,,Non-Injury Crash,No,2009,,West,,0,,Flat,,,,,,Bright sun,1828600,0,0,0,2,,,0,,,,,,Manawatū-Whanganui Region,Nil,2-way,Sealed,,0,0,,50,,Null,0,0,,40,Palmerston North City,Nil,,,,,0,0,Urban,0,,,Fine,Null
1977156,5785172,5762,,542906,0,0,0,0,0,South,2009/2010,SH 35,GOW ROAD,,Non-Injury Crash,Yes,2009,0,South,0,0,0,Flat,0,,0,,0,Dark,1336500,0,0,0,2,0,0,0,0,0,,0,0,Bay of Plenty Region,Nil,2-way,Sealed,0,0,0,0,70,0,None,1,0,,27,Ōpōtiki District,Unknown,0,0,0,0,0,0,Urban,0,0,0,Mist or Fog,Null
1804496,5813729,5763,,530800,0,0,0,1,0,Null,2008/2009,SH 1N,SH 26,,Non-Injury Crash,Yes,2009,0,South,0,0,0,Flat,0,,0,,0,Dark,884300,0,0,0,4,0,0,0,0,0,,0,0,Waikato Region,Nil,2-way,Sealed,0,0,0,0,50,0,On,0,0,,16,Hamilton City,Give way,1,0,0,0,0,0,Urban,0,0,0,Fine,Null
1814565,5871261,5764,,533901,0,0,0,1,0,Null,2008/2009,SH 2,CANAL WEST ROAD,,Non-Injury Crash,Yes,2009,0,West,1,0,0,Flat,0,,0,,0,Overcast,1069100,0,0,0,2,0,0,0,0,0,,0,0,Waikato Region,Nil,2-way,Sealed,0,0,0,0,100,0,Null,0,0,,12,Hauraki District,Give way,0,0,0,0,0,0,Open,0,0,0,Heavy rain,Null
1749948,5946088,5765,,506001,0,,0,2,,Null,2009/2010,HIBISCUS COAST HIGHWAY,SILVERDALE ST,,Non-Injury Crash,No,2009,,East,,0,,Hill Road,,,,,,Dark,175400,0,0,0,4,,,0,,,,,,Auckland Region,Nil,2-way,Sealed,,0,0,,80,,On,0,0,,76,Auckland,Stop,,,,,0,0,Open,0,,,Fine,Null
1684532,6098911,5766,,500900,0,0,0,1,0,South,2008/2009,SH 10,POPLAR LANE,,Non-Injury Crash,Yes,2009,0,North,1,0,0,Flat,0,,0,,0,Dark,49700,0,0,0,2,0,0,0,0,0,,0,1,Northland Region,Nil,2-way,Sealed,0,0,0,0,80,0,None,0,0,,1,Far North District,Nil,0,1,0,0,0,0,Open,0,0,0,Fine,Null
1744697,5924230,5767,,513521,0,,0,2,,West,2008/2009,HOBSONVILLE ROAD,CYRIL CRESCENT,,Non-Injury Crash,No,2009,,West,,0,,Flat,,,,,,Bright sun,224224,0,0,0,2,,,0,,,,,,Auckland Region,Nil,2-way,Sealed,,0,0,,50,,Null,1,0,,76,Auckland,Unknown,,,,,0,0,Urban,0,,,Fine,Null
1752487,5915743,5768,,517902,0,,0,2,,East,2009/2010,PRESTON AVENUE,MORELAND ROAD,,Non-Injury Crash,No,2009,,West,,0,,Flat,,Labour Weekend,,,,Dark,520800,0,0,0,2,,,0,,,,,,Auckland Region,Nil,2-way,Sealed,,0,0,,50,,On,0,0,,76,Auckland,Nil,,,,,0,0,Urban,0,,,Fine,Null
1799372,5814531,5769,,528900,0,0,0,1,0,Null,2008/2009,KILLARNEY ROAD,ELLIS ST,,Non-Injury Crash,No,2009,0,North,0,0,0,Flat,0,,0,,0,Overcast,916200,0,0,0,2,0,0,0,0,1,,0,0,Waikato Region,Nil,2-way,Sealed,0,0,0,0,50,0,Null,1,0,,16,Hamilton City,Give way,0,0,0,0,0,0,Urban,0,0,0,Fine,Null
1759411,5916216,5770,,519200,0,0,1,1,0,South,2009/2010,GREAT SOUTH ROAD,ARATONGA AVENUE,,Non-Injury Crash,No,2009,0,South,0,0,0,Flat,0,,0,,0,Dark,615900,0,0,0,2,0,0,0,0,1,,0,0,Auckland Region,Nil,2-way,Sealed,0,0,0,0,50,0,Off,0,0,,76,Auckland,Unknown,0,0,0,0,0,0,Urban,0,0,0,Light rain,Null
1750777,5917995,5771,,514801,0,,0,1,,East,2009/2010,SH 16,ROSEBANK OBR,,Non-Injury Crash,Yes,2009,,West,,0,,Flat,,,,,,Dark,390402,0,0,0,3,,,0,,,,,,Auckland Region,Nil,1-way,Sealed,,0,0,,100,,On,1,0,,76,Auckland,Unknown,,,,,0,0,Open,0,,,Fine,Null
1755427,5920706,5772,,515202,0,0,0,2,0,West,2008/2009,JERVOIS ROAD,PONSONBY ROAD,,Non-Injury Crash,No,2009,0,East,0,0,0,Flat,0,,0,,0,Bright sun,425300,0,0,0,4,0,0,0,0,1,,0,0,Auckland Region,Nil,2-way,Sealed,0,0,0,0,50,0,Null,0,0,,76,Auckland,Unknown,0,0,0,0,0,0,Urban,0,0,0,Fine,Null
1757571,5918595,5773,,514302,0,,0,2,,Null,2008/2009,KHYBER PASS ROAD,KHYBER PASS ON SBD,,Non-Injury Crash,No,2009,,West,,0,,Hill Road,,,,,,Dark,442100,0,0,0,4,,,0,,,,,,Auckland Region,Nil,2-way,Sealed,,0,0,,50,,On,0,0,,76,Auckland,Traffic Signals,,,,,0,0,Urban,0,,,Fine,Null
1767783,5913198,5774,,522910,0,,0,2,,West,2009/2010,GREENHILL CRESCENT,UDYS ROAD,,Non-Injury Crash,No,2009,,East,,0,,Hill Road,,,,,,Bright sun,685600,0,0,0,2,,,0,,,,,,Auckland Region,Nil,2-way,Sealed,,0,0,,50,,Off,0,0,,76,Auckland,Nil,,,,,0,0,Urban,0,,,Fine,Null
1789298,5494193,5775,,564021,0,0,0,1,0,Null,2008/2009,SH 1N,KUKU EAST ROAD,,Non-Injury Crash,Yes,2009,0,North,0,0,1,Flat,0,,0,,0,Bright sun,1859200,0,0,0,2,0,0,0,0,0,,0,0,Manawatū-Whanganui Region,Nil,2-way,Sealed,0,0,0,0,100,0,Null,0,0,,42,Horowhenua District,Nil,0,0,0,0,0,0,Open,0,0,0,Fine,Null
1764178,5910116,5776,,521901,0,0,0,2,0,South,2008/2009,ATKINSON AVENUE,PRINCES ST,,Non-Injury Crash,No,2009,0,South,0,0,0,Flat,0,,0,,0,Twilight,782400,0,0,0,2,0,0,0,0,1,,0,0,Auckland Region,Nil,2-way,Sealed,0,0,0,0,50,0,On,0,0,,76,Auckland,Nil,0,0,0,0,0,0,Urban,0,0,0,Fine,Null
1750876,5912081,5777,,514700,0,,0,2,,Null,2008/2009,KINROSS ST,CONNELL ST,,Non-Injury Crash,No,2009,,East,,0,,Hill Road,,,,,,Twilight,367400,0,0,0,2,,,0,,,,,,Auckland Region,Nil,2-way,Sealed,,0,0,,50,,Off,0,0,,76,Auckland,Nil,,,,,0,0,Urban,0,,,Fine,Null
1755952,5917073,5778,,518201,0,0,0,1,0,South,2008/2009,DOMINION ROAD,PROSPECT TERRACE,,Non-Injury Crash,No,2009,0,North,0,0,0,Flat,0,,0,,0,Overcast,548200,0,1,0,4,0,0,0,0,0,,0,0,Auckland Region,Nil,2-way,Sealed,0,0,0,0,50,0,Off,0,0,,76,Auckland,Nil,0,0,0,0,0,0,Urban,0,1,0,Light rain,Null
1747247,5919460,5779,,512402,0,,0,2,,South,2008/2009,TE ATATU ROAD,BRIDGE AVENUE,,Non-Injury Crash,No,2009,,South,,0,,Flat,,,,,,Bright sun,254100,0,0,0,4,,,0,,,,,,Auckland Region,Nil,2-way,Sealed,,0,0,,50,,Off,0,0,,76,Auckland,Nil,,,,,0,0,Urban,0,,,Fine,Null
1839705,5856791,5780,,534200,0,0,0,1,1,North,2008/2009,SH 2,RAHU ROAD W,,Non-Injury Crash,Yes,2009,0,South,0,0,0,Hill Road,0,,0,,0,Bright sun,1076400,0,0,0,2,0,0,0,0,0,,0,0,Waikato Region,Nil,2-way,Sealed,0,0,0,0,100,0,None,0,0,,12,Hauraki District,Nil,0,0,0,0,0,0,Open,0,0,0,Fine,Frost
1754865,5930488,5781,,508520,0,0,0,0,0,North,2008/2009,SH 1N,SUNNYNOOK OBR,,Non-Injury Crash,Yes,2009,0,South,0,0,0,Hill Road,1,,0,,0,Overcast,192700,0,0,0,2,0,0,0,0,0,,0,0,Auckland Region,Nil,1-way,Sealed,0,0,0,0,100,0,Off,0,0,,76,Auckland,Nil,0,0,0,0,1,0,Open,0,0,0,Fine,Null
1763378,5908440,5782,,524402,0,,0,1,,Null,2009/2010,MANGERE ROAD,HOSPITAL ROAD,,Non-Injury Crash,No,2009,,South,,0,,Null,,,,,,Dark,749900,0,0,0,4,,,0,,,,,,Auckland Region,Bridge,2-way,Sealed,,0,0,,50,,On,0,0,,76,Auckland,Traffic Signals,,,,,0,0,Urban,1,,,Fine,Null
1765008,5904790,5783,,522100,0,,0,1,,Null,2009/2010,KENDERDINE ROAD,BRIDGE ST,,Non-Injury Crash,No,2009,,South,,0,,Hill Road,,,,,,Dark,660100,0,0,0,2,,,0,,,,,,Auckland Region,Nil,2-way,Sealed,,0,0,,50,,On,1,0,,76,Auckland,Stop,,,,,0,0,Urban,0,,,Light rain,Null
1740631,5911286,5784,,512902,0,,0,2,,East,2008/2009,WEST COAST ROAD,SCENIC DRIVE,,Non-Injury Crash,No,2009,,East,,0,,Hill Road,,,,,,Overcast,282102,0,0,0,2,,,0,,,,,,Auckland Region,Nil,2-way,Sealed,,0,0,,50,,Off,0,0,,76,Auckland,Nil,,,,,0,0,Urban,0,,,Light rain,Null
1723680,6042122,5785,,504100,0,,0,2,,Null,2009/2010,ONERAHI ROAD,WHANGAREI HEADS ROAD,,Non-Injury Crash,No,2009,,South,,0,,Flat,,,,,,Bright sun,111502,0,0,0,2,,,0,,,,,,Northland Region,Nil,2-way,Sealed,,0,0,,50,,Off,0,0,,2,Whangarei District,Stop,,,,,0,0,Urban,0,,,Fine,Null
2036643,5710454,5786,,544200,0,0,0,2,0,East,2008/2009,ORMOND ROAD,HOSPITAL ROAD,,Non-Injury Crash,No,2009,0,West,0,0,0,Flat,0,Christmas New Year,0,,0,Dark,1379000,0,0,0,2,0,0,0,0,1,,0,0,Gisborne Region,Nil,2-way,Sealed,0,0,0,0,50,0,On,0,0,,28,Gisborne District,Nil,0,0,0,0,0,0,Urban,0,0,0,Fine,Null
1768116,5903258,5787,,524602,0,,0,2,,South,2009/2010,GREAT SOUTH ROAD,KERRS ROAD,,Non-Injury Crash,No,2009,,North,,0,,Flat,,,,,,Dark,780407,0,0,0,4,,,0,,,,,,Auckland Region,Nil,2-way,Sealed,,0,0,,50,,On,0,0,,76,Auckland,Traffic Signals,,,,,0,0,Urban,0,,,Light rain,Null
1765966,5900665,5788,,524711,0,0,0,2,0,North,2009/2010,ROSCOMMON ROAD,WORDSWORTH ROAD,,Non-Injury Crash,No,2009,0,South,0,0,0,Flat,0,Christmas New Year,0,,0,Bright sun,774505,0,0,0,2,0,0,0,0,1,,0,0,Auckland Region,Nil,2-way,Sealed,0,0,0,0,50,0,Off,0,0,,76,Auckland,Nil,0,0,0,0,0,0,Urban,0,0,0,Fine,Null
1571116,5182106,5789,,592600,0,,0,1,,Null,2008/2009,MADRAS ST,MADRAS STREET,,Minor Crash,No,2009,,South,,0,,Flat,,,,,,Dark,2694501,1,0,0,2,,,0,,,,,,Canterbury Region,Nil,2-way,Sealed,,0,0,,50,,On,0,0,,60,Christchurch City,Traffic Signals,,,,,0,0,Urban,1,,,Light rain,Null
1684212,5428387,5790,,581100,0,,0,1,,South,2008/2009,SH 1S,DUBLIN ST,,Non-Injury Crash,Yes,2009,,North,,0,,Flat,,,,,,Overcast,2281600,0,0,0,2,,,0,,,,,,Marlborough Region,Nil,2-way,Sealed,,0,0,,50,,Null,0,0,,53,Marlborough District,Nil,,,,,0,0,Urban,1,,,Light rain,Null
1799859,5817006,5791,,528700,0,,0,1,,Null,2009/2010,VICTORIA ST,FAIRFIELD BRIDGE,,Non-Injury Crash,No,2009,,West,,0,,Flat,,,,,,Overcast,902200,0,0,0,3,,,0,,,,,,Waikato Region,Nil,2-way,Sealed,,0,0,,50,,Null,1,0,,16,Hamilton City,Traffic Signals,,,,,0,0,Urban,1,,,Light rain,Null
1366089,4889450,5792,,606800,0,0,0,1,0,North,2009/2010,SH 1S,HELENSBROOK ROAD,,Serious Crash,Yes,2009,0,North,0,0,0,Flat,0,,0,,0,Dark,2990000,0,0,0,3,0,1,0,0,0,,0,0,Otago Region,Nil,2-way,Sealed,0,0,1,0,70,0,On,0,0,,72,Clutha District,Unknown,0,0,0,0,0,0,Urban,0,0,0,Fine,Null
1748773,5912494,5793,,511401,0,0,0,2,0,North,2009/2010,PARKER AVENUE,HUTCHINSON AVENUE,,Non-Injury Crash,No,2009,0,South,0,0,0,Flat,0,,0,,0,Overcast,261900,0,0,0,2,0,0,0,0,0,,0,0,Auckland Region,Nil,2-way,Sealed,0,0,0,0,50,0,Off,0,0,,76,Auckland,Nil,0,0,0,0,0,0,Urban,0,1,0,Fine,Null