X,Y,OBJECTID,advisorySpeed,areaUnitID,bicycle,bridge,bus,carStationWagon,cliffBank,crashDirectionDescription,crashFinancialYear,crashLocation1,crashLocation2,crashRoadSideRoad,crashSeverity,crashSHDescription,crashYear,debris,directionRoleDescription,ditch,fatalCount,fence,flatHill,guardRail,holiday,houseOrBuilding,intersection,kerb,light,meshblockId,minorInjuryCount,moped,motorcycle,NumberOfLanes,objectThrownOrDropped,otherObject,otherVehicleType,overBank,parkedVehicle,pedestrian,phoneBoxEtc,postOrPole,region,roadCharacter,roadLane,roadSurface,roadworks,schoolBus,seriousInjuryCount,slipOrFlood,speedLimit,strayAnimal,streetLight,suv,taxi,temporarySpeedLimit,tlaId,tlaName,trafficControl,trafficIsland,trafficSign,train,tree,truck,unknownVehicleType,urban,vanOrUtility,vehicle,waterRiver,weatherA,weatherB
1797885,5814571,5794,,528602,0,,0,2,,Null,2009/2010,SH 23,TUHIKARAMEA ROAD,,Non-Injury Crash,Yes,2009,,East,,0,,Flat,,,,,,Dark,921100,0,0,0,2,,,0,,,,,,Waikato Region,Nil,2-way,Sealed,,0,0,,50,,On,0,1,,16,Hamilton City,Give way,,,,,0,0,Urban,0,,,Fine,Null
1933286,5601507,5795,,548832,0,0,0,1,0,West,2008/2009,DUART ROAD,GILLEAN ST,,Non-Injury Crash,No,2009,0,North,0,0,0,Flat,0,Easter,0,,1,Twilight,1509000,0,0,0,2,0,0,0,0,0,,0,0,Hawke's Bay Region,Nil,2-way,Sealed,0,0,0,0,50,0,On,0,0,,30,Hastings District,Nil,0,0,0,0,0,0,Urban,0,0,0,Fine,Null
1790471,5876609,5796,,521135,0,,0,0,,North,2009/2010,BELL ROAD,CHESTER ROAD,,Non-Injury Crash,No,2009,,South,,0,,Flat,,,,,,Overcast,843500,0,0,0,1,,,0,,,,,,Waikato Region,Nil,2-way,Sealed,,0,0,,100,,None,0,0,,13,Waikato District,Nil,,,,,1,0,Open,0,,,Fine,Null
1761231,5914637,5797,,520202,0,,0,2,,North,2009/2010,SH 1N,PENROSE OFF SBD,,Non-Injury Crash,Yes,2009,,South,,0,,Flat,,,,,,Overcast,612100,0,0,0,3,,,0,,,,,,Auckland Region,Nil,1-way,Sealed,,0,0,,100,,Off,1,0,,76,Auckland,Nil,,,,,0,0,Open,0,,,Fine,Null
1755676,5922516,5798,,509800,0,,0,1,,North,2008/2009,SH 1N,SHELLY BEACH OBR,,Non-Injury Crash,Yes,2009,,North,,0,,Hill Road,,,,,,Bright sun,359300,0,0,0,3,,,0,,,,,,,Bridge,2-way,Sealed,,0,0,,80,,Off,0,0,,76,Auckland,Nil,,,,,0,0,Open,2,,,Fine,Null
1753619,5932209,5799,,508807,0,,0,2,,South,2009/2010,SH 1N,GREVILLE OBR,,Non-Injury Crash,Yes,2009,,North,,0,,Flat,,Labour Weekend,,,,Bright sun,180811,0,0,0,2,,,0,,,,,,Auckland Region,Nil,1-way,Sealed,,0,0,,100,,Off,0,0,,76,Auckland,Nil,,,,,0,0,Open,0,,,Fine,Null
1756054,5913822,5800,,518701,0,0,0,3,0,East,2009/2010,MOUNT ALBERT ROAD,FROST ROAD,,Non-Injury Crash,No,2009,0,West,0,0,0,Flat,0,,0,,0,Overcast,569200,0,0,0,2,0,0,0,0,2,,0,0,Auckland Region,Nil,2-way,Sealed,0,0,0,0,50,0,On,0,0,,76,Auckland,Nil,0,0,0,0,0,0,Urban,0,0,0,Fine,Null
1767117,5471563,5801,,565903,0,0,0,3,0,South,2008/2009,GOLF ROAD,GEORGE ST,,Non-Injury Crash,No,2009,0,South,0,0,0,Flat,0,,0,,0,Bright sun,2002100,0,0,0,2,0,0,0,0,1,,0,0,Wellington Region,Nil,2-way,Sealed,0,0,0,0,50,0,Null,0,0,,43,Kapiti Coast District,Nil,0,0,0,0,0,0,Urban,0,0,0,Fine,Null
1886697.8097,5820389.3557,5802,50,536642,0,0,0,1,0,South,2009/2010,WELCOME BAY ROAD,ROCKY CUTTING ROAD,,Non-Injury Crash,No,2009,0,North,0,0,0,Hill Road,1,,0,,0,Overcast,1206403,0,0,0,2,0,0,0,0,0,,0,0,Bay of Plenty Region,Nil,2-way,Sealed,0,0,0,0,100,0,Null,0,0,,22,Western Bay of Plenty District,Unknown,0,0,0,0,0,0,Open,0,0,0,Fine,Null
1719055,6046917,5803,,502500,0,0,0,0,0,South,2009/2010,SH 1N,MANSE ST,,Non-Injury Crash,Yes,2009,0,North,0,0,0,Flat,1,,0,,0,Dark,95601,0,0,0,4,0,0,0,0,0,,0,1,Northland Region,Nil,2-way,Sealed,0,0,0,0,70,0,On,1,0,,2,Whangarei District,Unknown,1,0,0,0,0,0,Urban,0,0,0,Light rain,Null
1842767,5680082,5804,,541000,0,,0,2,,Null,2009/2010,RAUKURA ST,OHUANGA ROAD S,,Non-Injury Crash,No,2009,,North,,0,,Flat,,Christmas New Year,,,,Bright sun,1282800,0,0,0,2,,,0,,,,,,Waikato Region,Nil,2-way,Sealed,,0,0,,50,,Null,0,0,,21,Taupo District,Nil,,,,,0,0,Urban,0,,,Fine,Null
1664583,5412479,5805,,580447,0,0,0,0,0,North,2008/2009,SH 6,LAMBERTS ROAD,,Non-Injury Crash,Yes,2009,0,South,0,0,0,Flat,0,,0,,0,Dark,2286602,0,0,0,2,0,0,0,0,0,,0,0,Marlborough Region,Nil,2-way,Sealed,0,0,0,0,100,0,None,0,0,,53,Marlborough District,Nil,0,0,0,0,0,0,Open,1,0,0,Fine,Null
1706609,6050925,5806,,501802,0,,0,2,,West,2009/2010,CROSSETT ROAD,ATTWOOD ROAD,,Non-Injury Crash,No,2009,,East,,0,,Flat,,,,,,Bright sun,69000,0,0,0,2,,,0,,,,,,Northland Region,Nil,2-way,Unsealed,,0,0,,100,,None,0,0,,2,Whangarei District,Nil,,,,,0,0,Open,0,,,Fine,Null
1755605,5915835,5807,,518301,0,,0,3,,South,2008/2009,DOMINION ROAD,CARMEN AVENUE,,Non-Injury Crash,No,2009,,North,,0,,Flat,,,,,,Dark,554000,0,0,0,2,,,0,,,,,,Auckland Region,Nil,2-way,Sealed,,0,0,,50,,On,0,0,,76,Auckland,Nil,,,,,0,0,Urban,1,,,Light rain,Null
1765657,5911558,5808,,520500,0,0,0,2,0,East,2008/2009,PANAMA ROAD,KEALY ROAD,,Non-Injury Crash,No,2009,0,West,0,0,0,Flat,0,,0,,0,Dark,634900,0,0,0,2,0,0,0,0,1,,0,0,Auckland Region,Nil,2-way,Sealed,0,0,0,0,50,0,On,0,0,,76,Auckland,Unknown,0,0,0,0,0,0,Urban,0,0,0,Fine,Null
1748767,5914485,5809,,511302,0,,0,2,,North,2009/2010,RIMU ST,LYNWOOD ROAD,,Non-Injury Crash,No,2009,,North,,0,,Flat,,,,,,Twilight,268000,0,0,0,1,,,0,,,,,,Auckland Region,Nil,1-way,Sealed,,0,0,,50,,Off,0,0,,76,Auckland,Stop,,,,,0,0,Urban,0,,,Fine,Null
1755515,5919155,5810,,515420,0,,0,2,,Null,2008/2009,WILLIAMSON AVENUE,LEIGHTON ST,,Non-Injury Crash,No,2009,,East,,0,,Hill Road,,Easter,,,,Overcast,408300,0,0,0,2,,,0,,,,,,Auckland Region,Nil,2-way,Sealed,,0,0,,50,,Null,0,0,,76,Auckland,Stop,,,,,0,0,Urban,0,,,Light rain,Null
1755623,5922382,5811,,515202,0,,0,5,,South,2008/2009,SH 1N,TOP OF HARBOUR BRIDGE,,Non-Injury Crash,Yes,2009,,South,,0,,Hill Road,,,,,,Twilight,423600,0,0,0,4,,,0,,,,,,,Bridge,1-way,Sealed,,0,0,,80,,Off,0,0,,76,Auckland,Nil,,,,,0,0,Open,0,,,Light rain,Null
1727681,5923302,5812,,506654,0,,0,2,,Null,2009/2010,MOTUTARA ROAD,DOMAIN CRESCENT,,Non-Injury Crash,No,2009,,South,,0,,Hill Road,,,,,,Dark,218805,0,0,0,2,,,0,,,,,,Auckland Region,Nil,2-way,Sealed,,0,0,,50,,On,0,0,,76,Auckland,Give way,,,,,0,0,Urban,0,,,Fine,Null
1803856,5733381,5813,,531800,0,,0,0,,West,2008/2009,SH 30,MANIAITI ROAD,,Non-Injury Crash,Yes,2009,,West,,0,,Hill Road,,Queens Birthday,,,,Dark,1014200,0,0,0,2,,,0,,,,,,Waikato Region,Nil,2-way,Sealed,,0,0,,100,,None,1,0,,20,Waitomo District,Unknown,,,,,0,0,Open,0,,,Fine,Null
1869865,5720440,5814,,541312,0,,0,2,,Null,2008/2009,SH 5,SH 1N,,Non-Injury Crash,Yes,2009,,West,,0,,Hill Road,,,,,,Bright sun,1277900,0,0,0,2,,,0,,,,,,Waikato Region,Nil,2-way,Sealed,,0,0,,100,,Null,0,0,,21,Taupo District,Give way,,,,,0,0,Open,0,,,Fine,Null
1821784,5830246,5815,,534901,0,0,0,1,0,Null,2009/2010,YOUNG ST,SAIN CRESCENT N,,Non-Injury Crash,No,2009,0,North,0,0,0,Flat,0,,0,,0,Dark,1085500,0,0,0,2,0,0,0,0,0,,0,0,Waikato Region,Nil,2-way,Sealed,0,0,0,0,50,0,On,0,0,,15,Matamata-Piako District,Nil,0,0,0,1,0,0,Urban,0,0,0,Fine,Null
1869081,5714067,5816,,541730,0,,0,2,,South,2008/2009,TAHAREPA ROAD,TAUHARA ROAD,,Non-Injury Crash,No,2009,,North,,0,,Flat,,,,,,Overcast,1271000,0,0,0,2,,,0,,,,,,Waikato Region,Nil,2-way,Sealed,,0,0,,50,,Off,0,0,,21,Taupo District,Nil,,,,,0,0,Urban,1,,,Light rain,Null
1765146,5906085,5817,,522202,0,,0,1,,Null,2009/2010,KOLMAR ROAD,WENTWORTH AVENUE,,Non-Injury Crash,No,2009,,West,,0,,Flat,,,,,,Overcast,664000,0,0,0,2,,,0,,,,,,Auckland Region,Nil,2-way,Sealed,,0,0,,50,,None,0,0,,76,Auckland,Stop,,,,,0,0,Urban,1,,,Fine,Null
1766442,5907632,5818,,523402,0,,0,2,,Null,2009/2010,EAST TAMAKI ROAD,OTARA ROAD,,Non-Injury Crash,No,2009,,East,,0,,Flat,,,,,,Bright sun,699300,0,0,0,2,,,0,,,,,,Auckland Region,Nil,2-way,Sealed,,0,0,,50,,Off,0,0,,76,Auckland,Nil,,,,,0,0,Urban,0,,,Fine,Null
1719863,6047520,5819,,502700,0,,0,1,,Null,2008/2009,NIXON ST,MILL ROAD,,Non-Injury Crash,No,2009,,East,,0,,Flat,,,,,,Bright sun,91700,0,0,0,3,,,0,,,,,,Northland Region,Nil,2-way,Sealed,,0,0,,50,,Off,0,0,,2,Whangarei District,Traffic Signals,,,,,1,0,Urban,0,,,Fine,Null
1756112,5923359,5820,,509800,0,,0,3,,North,2008/2009,SH 1N,TOP OF HARBOUR BRIDGE,,Non-Injury Crash,Yes,2009,,South,,0,,Flat,,,,,,Bright sun,359200,0,0,0,5,,,0,,,,,,Auckland Region,Nil,1-way,Sealed,,0,0,,80,,Null,0,0,,76,Auckland,Unknown,,,,,0,0,Open,0,,,Fine,Null
1771200,5471096,5821,,566302,0,,0,3,,Null,2009/2010,SH 1N,OTAIHANGA ROAD,,Non-Injury Crash,Yes,2009,,North,,0,,Hill Road,,,,,,Dark,1998405,0,0,0,2,,,0,,,,,,Wellington Region,Nil,2-way,Sealed,,0,0,,80,,On,0,0,,43,Kapiti Coast District,Stop,,,,,0,0,Open,0,,,Light rain,Null
1766346,5907560,5822,,523601,0,,0,2,,Null,2008/2009,EAST TAMAKI ROAD,OTARA ON SBD,,Non-Injury Crash,Yes,2009,,West,,0,,Flat,,,,,,Bright sun,708500,0,0,0,6,,,0,,,,,,Auckland Region,Bridge,2-way,Sealed,,0,0,,50,,Off,0,0,,76,Auckland,Traffic Signals,,,,,0,0,Urban,0,,,Fine,Null
1748624,5943418,5823,,506201,0,,0,2,,South,2008/2009,SH 1N,SILVERDALE OBR,,Non-Injury Crash,Yes,2009,,North,,0,,Flat,,,,,,Dark,176801,0,0,0,2,,,0,,,,,,Auckland Region,Nil,1-way,Sealed,,0,0,,100,,None,0,0,,76,Auckland,Nil,,,,,0,0,Open,0,,,Fine,Null
1763754,5917605,5824,,516302,0,0,0,2,0,East,2009/2010,ST JOHNS ROAD,TRUMAN ST,,Non-Injury Crash,No,2009,0,West,0,0,0,Flat,0,,0,,0,Dark,462601,0,0,0,2,0,0,0,0,1,,0,0,Auckland Region,Nil,2-way,Sealed,0,0,0,0,50,0,On,0,0,,76,Auckland,Unknown,0,0,0,0,0,0,Urban,0,0,0,Light rain,Null
1749409,5428994,5825,,572900,0,,0,0,,Null,2008/2009,WATERLOO QUAY,HINEMOA ST,,Non-Injury Crash,No,2009,,South,,0,,Flat,,,,,,Bright sun,2118400,0,0,0,2,,,0,,,,,,Wellington Region,Nil,2-way,Sealed,,0,0,,50,,Null,2,0,30,47,Wellington City,Traffic Signals,,,,,0,0,Urban,0,,,Fine,Null
1849929,5804483,5826,,535231,0,0,0,2,0,West,2008/2009,SH 29,TE POI SOUTH ROAD,,Non-Injury Crash,Yes,2009,0,West,0,0,0,Flat,0,,0,,0,Bright sun,1114300,0,0,0,2,0,0,0,0,1,,0,0,Waikato Region,Nil,2-way,Sealed,0,0,0,0,70,0,Null,0,0,,15,Matamata-Piako District,Unknown,0,0,0,0,0,0,Urban,0,0,0,Fine,Null
1764372,5912925,5827,,520500,0,,0,3,,East,2009/2010,SOUTH-EASTERN HIGHWAY,WAIPUNA ROAD,,Non-Injury Crash,No,2009,,East,,0,,Flat,,,,,,Twilight,639100,0,0,0,2,,,0,,,,,,Auckland Region,Bridge,1-way,Sealed,,0,0,,80,,On,0,0,,76,Auckland,Nil,,,,,0,0,Open,0,,,Fine,Null
1755167,5918263,5828,,517500,0,,0,3,,West,2008/2009,SH 16,NEWTON OBR,,Non-Injury Crash,Yes,2009,,West,,0,,Flat,,,,,,Dark,529900,0,0,0,4,,,0,,,,,,Auckland Region,Nil,1-way,Sealed,,0,0,,100,,On,0,0,,76,Auckland,Nil,,,,,0,0,Open,0,,,Fine,Null
1770006,5915301,5829,,522711,0,,0,2,,Null,2008/2009,CASUARINA ROAD,BUCKLANDS BEACH ROAD,,Non-Injury Crash,No,2009,,East,,0,,Flat,,,,,,Bright sun,680801,0,0,0,2,,,0,,,,,,Auckland Region,Nil,2-way,Sealed,,0,0,,50,,Null,0,0,,76,Auckland,Give way,,,,,0,0,Urban,0,,,Fine,Null
1767104,5901019,5830,,524720,0,0,0,1,0,Null,2008/2009,WORDSWORTH ROAD,SWALLOW DRIVE,,Non-Injury Crash,No,2009,0,East,0,0,1,Flat,0,Queens Birthday,0,,0,Dark,775901,0,0,0,1,0,0,0,0,0,,0,0,Auckland Region,Nil,2-way,Sealed,0,0,0,0,50,0,On,0,0,,76,Auckland,Give way,1,0,0,0,0,0,Urban,0,0,0,Fine,Null
1755433,5922079,5831,,515202,0,,0,2,,North,2009/2010,SH 1N,SHELLY BEACH OBR,,Non-Injury Crash,Yes,2009,,North,,0,,Hill Road,,,,,,Bright sun,423600,0,0,0,4,,,0,,,,,,,Bridge,1-way,Sealed,,0,0,,80,,Off,0,0,,76,Auckland,Nil,,,,,0,0,Open,0,,,Fine,Null
1740821,5918861,5832,,513101,0,,0,2,,Null,2008/2009,SWANSON ROAD,CHURCH ST,,Non-Injury Crash,No,2009,,West,,0,,Flat,,,,,,Bright sun,237901,0,0,0,2,,,0,,,,,,Auckland Region,Nil,2-way,Sealed,,0,0,,50,,Null,0,0,,76,Auckland,Nil,,,,,0,0,Urban,0,,,Fine,Null
1753829,5445337,5833,,570700,0,0,0,2,0,Null,2008/2009,Z DWAY MANA COLLEGE,AWARUA ST,,Non-Injury Crash,No,2009,0,West,0,0,0,Hill Road,0,,0,,0,Overcast,2038700,0,0,0,1,0,0,0,0,1,,0,0,Wellington Region,Nil,Off road,Sealed,0,0,0,0,50,0,Null,0,0,,44,Porirua City,Nil,0,0,0,0,0,0,Urban,0,0,0,Fine,Null
1882329,5699969,5834,,541344,0,,0,1,,North,2008/2009,SH 5,HIGH LEVEL ROAD,,Non-Injury Crash,Yes,2009,,North,,0,,Flat,,,,,,Dark,1280706,0,0,0,2,,,0,,,,,,Waikato Region,Nil,2-way,Sealed,,0,0,,100,,None,1,0,,21,Taupo District,Unknown,,,,,0,0,Open,0,,,Fine,Null
1756997,5920357,5835,,514102,0,,0,2,,East,2009/2010,HOBSON ST,WELLESLEY ST WEST,,Non-Injury Crash,No,2009,,North,,0,,Hill Road,,,,,,Bright sun,433801,0,0,0,4,,,0,,,,,,Auckland Region,Nil,1-way,Sealed,,0,0,,50,,Off,0,0,,76,Auckland,Nil,,,,,0,0,Urban,0,,,Fine,Null
1569628,5184942,5836,,588102,0,0,0,1,0,Null,2009/2010,SARABANDE AVENUE,WINTERS ROAD,,Non-Injury Crash,No,2009,0,East,0,0,0,Flat,0,,0,,0,Dark,2508600,0,0,0,2,0,0,0,0,0,,0,0,Canterbury Region,Nil,2-way,Sealed,0,0,0,0,50,0,On,0,0,,60,Christchurch City,Nil,0,0,0,1,0,0,Urban,0,0,0,Fine,Null
1805625,5787831,5837,,527700,0,0,0,1,0,Null,2009/2010,HERBERT ST,SH 3,,Non-Injury Crash,No,2009,0,South,0,0,1,Flat,0,,0,,0,Bright sun,989202,0,0,0,2,0,0,0,0,0,,0,0,Waikato Region,Nil,2-way,Sealed,0,0,0,0,50,0,Off,0,0,,17,Waipa District,Give way,0,0,0,0,0,0,Urban,0,0,0,Fine,Null
1753301,5933264,5838,,508701,0,0,0,1,0,Null,2009/2010,SH 1N,GREVILLE ON NBD,,Non-Injury Crash,Yes,2009,0,North,0,0,0,Flat,1,,0,,0,Overcast,178900,0,0,0,3,0,0,0,0,0,,0,0,Auckland Region,Nil,1-way,Sealed,0,0,0,0,100,0,Off,0,0,,76,Auckland,Nil,0,0,0,0,0,0,Open,0,0,0,Heavy rain,Null
1877270,5820562,5839,,537700,0,0,0,1,0,Null,2009/2010,FRASER ST,SURREY GROVE,,Non-Injury Crash,No,2009,0,West,0,0,0,Flat,1,,0,,0,Overcast,1173000,0,0,0,2,0,0,0,0,0,,0,0,Bay of Plenty Region,Nil,2-way,Sealed,0,0,0,0,50,0,Null,0,0,,23,Tauranga City,Give way,1,0,0,0,0,0,Urban,0,0,0,Fine,Null
1760828,5907692,5840,,524510,0,,0,2,,Null,2008/2009,MCKINSTRY ROAD,ROBERTSON ROAD,,Non-Injury Crash,No,2009,,North,,0,,Flat,,,,,,Dark,736800,0,0,0,2,,,0,,,,,,Auckland Region,Nil,2-way,Sealed,,0,0,,50,,On,0,0,,76,Auckland,Give way,,,,,0,0,Urban,0,,,Fine,Null
1755671,5922469,5841,,509800,0,,0,2,,Null,2009/2010,SH 1N,TOP OF HARBOUR BRIDGE,,Non-Injury Crash,Yes,2009,,South,,0,,Hill Road,,,,,,Bright sun,359300,0,0,0,4,,,0,,,,,,,Nil,1-way,Sealed,,0,0,,80,,Off,0,0,,76,Auckland,Nil,,,,,0,0,Open,0,,,Fine,Null
1765252,5911569,5842,,520500,0,0,0,2,0,North,2008/2009,BERNARD ST,PANAMA ROAD,,Non-Injury Crash,No,2009,0,East,0,0,0,Flat,0,,0,,0,Bright sun,635200,0,0,0,2,0,0,0,0,1,,0,0,Auckland Region,Nil,2-way,Sealed,0,0,0,0,50,0,Off,0,0,,76,Auckland,Nil,0,0,0,0,0,0,Urban,0,0,0,Fine,Null
1765447,5907120,5843,,522201,0,0,0,2,0,West,2009/2010,SHIRLEY ROAD,GREAT SOUTH ROAD,,Non-Injury Crash,No,2009,0,East,0,0,0,Flat,0,,0,,0,Twilight,662300,0,0,0,2,0,0,0,0,1,,0,0,Auckland Region,Nil,2-way,Sealed,0,0,0,0,50,0,Off,0,0,,76,Auckland,Traffic Signals,0,0,0,0,0,0,Urban,0,0,0,Fine,Null
1765218,5892097,5844,,521122,0,0,0,1,1,West,2008/2009,LINWOOD ROAD,URQUHART ROAD,,Non-Injury Crash,No,2009,0,West,1,0,0,Flat,0,,0,,0,Dark,809600,0,0,0,2,0,0,0,0,0,,0,0,Auckland Region,Nil,2-way,Sealed,0,0,0,0,100,0,None,0,0,,76,Auckland,Unknown,0,0,0,0,0,0,Open,0,0,0,Fine,Null
1864814,5809898,5845,,536630,0,,0,1,,Null,2009/2010,SH 29,SOLDIERS ROAD,,Non-Injury Crash,Yes,2009,,East,,0,,Flat,,,,,,Bright sun,1191400,0,0,0,2,,,0,,,,,,Bay of Plenty Region,Nil,2-way,Sealed,,0,0,,100,,Null,0,0,,22,Western Bay of Plenty District,Stop,,,,,0,0,Open,1,,,Fine,Null
1755296,5921812,5846,,515202,0,0,0,0,0,North,2008/2009,SH 1N,SHELLY BEACH OBR,,Non-Injury Crash,Yes,2009,0,North,0,0,0,Hill Road,0,,0,,0,Overcast,423600,0,0,0,4,0,1,1,0,0,,0,0,Auckland Region,Bridge,1-way,Sealed,0,0,0,0,80,0,Null,0,0,,76,Auckland,Nil,0,0,0,0,1,0,Open,0,0,0,Light rain,Null
1766638,5905779,5847,,522202,0,0,0,2,0,South,2009/2010,ALLENBY ROAD,BUCKINGHAM CRESCENT N,,Non-Injury Crash,No,2009,0,South,0,0,0,Flat,0,,0,,0,Bright sun,665602,0,0,0,2,0,0,0,0,0,,0,0,Auckland Region,Nil,2-way,Sealed,0,0,0,0,50,0,Off,0,0,,76,Auckland,Nil,0,0,0,0,0,0,Urban,0,1,0,Fine,Null
1763715,5904607,5848,,522100,0,,0,1,,Null,2009/2010,PUHINUI OFF SBD,SH 20,,Non-Injury Crash,Yes,2009,,South,,0,,Hill Road,,,,,,Bright sun,781001,0,0,0,1,,,0,,,,,,Auckland Region,Motorway ramp,1-way,Sealed,,0,0,,50,,Off,0,0,,76,Auckland,Give way,,,,,0,0,Urban,1,,,Fine,Null
1765493,5917062,5849,,517001,1,,0,1,,Null,2009/2010,LINE ROAD,TANIWHA STREET,,Non-Injury Crash,No,2009,,West,,0,,Flat,,,,,,Twilight,476200,0,0,0,2,,,0,,,,,,Auckland Region,Nil,1-way,Sealed,,0,0,,50,,Off,0,0,,76,Auckland,Give way,,,,,0,0,Urban,0,,,Fine,Null
1800719,5813121,5850,,529100,0,,0,2,,North,2008/2009,OHAUPO ROAD,PEMBROKE ST,,Non-Injury Crash,No,2009,,North,,0,,Flat,,,,,,Bright sun,930102,0,0,0,4,,,0,,,,,,Waikato Region,Nil,2-way,Sealed,,0,0,,50,,Null,0,0,,16,Hamilton City,Unknown,,,,,0,0,Urban,0,,,Fine,Null
1708780,6033231,5851,60,501809,0,0,0,1,0,North,2009/2010,OLD SCHOOL ROAD,MAUNGAKARAMEA ROAD,,Non-Injury Crash,No,2009,0,North,0,0,0,Flat,0,,0,,0,Bright sun,75100,0,0,0,2,0,0,0,0,0,,0,0,Northland Region,Nil,2-way,Unsealed,0,0,0,0,100,0,None,0,0,,2,Whangarei District,Nil,0,0,0,1,0,0,Open,0,0,0,Fine,Null
1702050,6044480,5852,55,501809,0,0,0,1,0,Null,2009/2010,SH 15,WHAREKOHE ROAD,,Non-Injury Crash,Yes,2009,0,West,0,0,1,Flat,0,,0,,0,Overcast,71500,0,0,0,2,0,0,0,0,0,,0,0,Northland Region,Nil,2-way,Sealed,0,0,0,0,100,0,None,0,0,,2,Whangarei District,Nil,0,0,0,0,0,0,Open,0,0,0,Light rain,Null
1811131,5453736,5853,,579700,0,0,0,1,0,South,2009/2010,SH 2,FREDERICK ST,,Non-Injury Crash,Yes,2009,0,North,0,0,1,Flat,0,Labour Weekend,0,,0,Bright sun,2260700,0,0,0,2,0,0,0,0,0,,0,0,Wellington Region,Nil,2-way,Sealed,0,0,0,0,50,0,Null,0,0,,49,Carterton District,Nil,0,1,0,0,0,0,Urban,0,0,0,Fine,Null
1545529,5307774,5854,55,584703,0,0,0,1,1,North,2008/2009,SH 7,MARUIA SPRINGS HOTEL,,Minor Crash,Yes,2009,0,South,0,0,0,Hill Road,0,,0,,0,Overcast,2398300,1,0,0,2,0,0,0,0,0,,0,0,West Coast Region,Nil,2-way,Sealed,0,0,0,0,100,0,Null,0,0,,55,Buller District,Unknown,0,0,0,0,0,0,Open,0,0,0,Light rain,Null
1801457,5814746,5855,,529700,0,,1,1,,Null,2009/2010,BRIDGE ST,VICTORIA ST,,Non-Injury Crash,No,2009,,West,,0,,Flat,,,,,,Overcast,912300,0,0,0,2,,,0,,,,,,Waikato Region,Nil,2-way,Sealed,,0,0,,50,,Null,0,0,,16,Hamilton City,Traffic Signals,,,,,0,0,Urban,0,,,Fine,Null
1793100,5726666,5856,,531800,0,0,0,1,0,South,2008/2009,SH 4,MCBETHS ROAD,,Non-Injury Crash,Yes,2009,0,South,0,0,0,Flat,0,,0,,0,Twilight,1013901,0,0,0,2,0,0,0,0,0,,0,0,Waikato Region,Nil,2-way,Sealed,0,0,0,0,100,0,None,0,0,,20,Waitomo District,Unknown,0,1,0,0,0,0,Open,0,0,0,Light rain,Null
1761066,5447255,5857,,565603,0,0,0,1,0,East,2008/2009,SH 58,JOSEPH BANKS DRIVE,,Non-Injury Crash,Yes,2009,0,North,0,0,0,Flat,1,Christmas New Year,0,,0,Dark,2072525,0,0,0,2,0,0,0,0,0,,0,0,Wellington Region,Nil,2-way,Sealed,0,0,0,0,80,0,None,0,0,,44,Porirua City,Nil,0,0,0,0,0,0,Open,0,0,0,Fine,Null
1881875,5773262,5858,,539500,0,,0,1,,North,2008/2009,ORION ST,PANDORA AVENUE,,Non-Injury Crash,No,2009,,East,,0,,Hill Road,,,,,,Bright sun,1229901,0,0,0,2,,,0,,,,,,Bay of Plenty Region,Nil,2-way,Sealed,,0,0,,50,,Null,0,0,,24,Rotorua District,Unknown,,,,,0,0,Urban,1,,,Fine,Null
1705549,5680804,5859,,551111,0,0,0,2,0,South,2008/2009,Z FCT RUAKIWI GARDENS,WAITARA/DEVON,,Non-Injury Crash,No,2009,0,West,0,0,0,Flat,0,,0,,0,Overcast,1565400,0,0,0,0,0,0,0,0,1,,0,0,Taranaki Region,Nil,Off road,Sealed,0,0,0,0,50,0,Null,0,0,,33,New Plymouth District,Nil,0,0,0,0,0,0,Urban,0,0,0,Fine,Null
1756247,5919257,5860,,514200,1,,0,1,,Null,2008/2009,GREAT NORTH ROAD,PONSONBY ROAD,,Non-Injury Crash,No,2009,,East,,0,,Flat,,,,,,Overcast,411700,0,0,0,4,,,0,,,,,,Auckland Region,Nil,2-way,Sealed,,0,0,,50,,Null,0,0,,76,Auckland,Traffic Signals,,,,,0,0,Urban,0,,,Fine,Null
1839196,5662142,5861,45,541501,0,0,0,1,0,South,2009/2010,SH 1N,MANGATAWAI BR,,Non-Injury Crash,Yes,2009,0,North,0,0,0,Hill Road,1,,0,,0,Overcast,1288900,0,0,0,2,0,0,0,0,0,,0,0,Waikato Region,Nil,2-way,Sealed,0,0,0,0,100,0,Null,0,0,,21,Taupo District,Unknown,0,0,0,0,0,0,Open,0,0,0,Heavy rain,Null
1762290,5913496,5862,,520402,0,,0,2,,South,2008/2009,SH 1N,PENROSE OBR,,Non-Injury Crash,Yes,2009,,South,,0,,Flat,,,,,,Twilight,642200,0,0,0,3,,,0,,,,,,Auckland Region,Nil,1-way,Sealed,,0,0,,100,,On,0,0,,76,Auckland,Nil,,,,,0,0,Open,0,,,Fine,Null
1763322,5911519,5863,,520500,0,,0,2,,Null,2009/2010,VESTEY DRIVE,GREAT SOUTH ROAD,,Non-Injury Crash,No,2009,,West,,0,,Flat,,,,,,Overcast,637601,0,0,0,4,,,0,,,,,,Auckland Region,Nil,2-way,Sealed,,0,0,,60,,Off,0,0,,76,Auckland,Give way,,,,,0,0,Urban,0,,,Light rain,Null