X,Y,OBJECTID,advisorySpeed,areaUnitID,bicycle,bridge,bus,carStationWagon,cliffBank,crashDirectionDescription,crashFinancialYear,crashLocation1,crashLocation2,crashRoadSideRoad,crashSeverity,crashSHDescription,crashYear,debris,directionRoleDescription,ditch,fatalCount,fence,flatHill,guardRail,holiday,houseOrBuilding,intersection,kerb,light,meshblockId,minorInjuryCount,moped,motorcycle,NumberOfLanes,objectThrownOrDropped,otherObject,otherVehicleType,overBank,parkedVehicle,pedestrian,phoneBoxEtc,postOrPole,region,roadCharacter,roadLane,roadSurface,roadworks,schoolBus,seriousInjuryCount,slipOrFlood,speedLimit,strayAnimal,streetLight,suv,taxi,temporarySpeedLimit,tlaId,tlaName,trafficControl,trafficIsland,trafficSign,train,tree,truck,unknownVehicleType,urban,vanOrUtility,vehicle,waterRiver,weatherA,weatherB
1761155,5915104,5864,,520201,0,,0,2,,Null,2008/2009,MAIN HIGHWAY,ROBERT ST N,,Non-Injury Crash,No,2009,,North,,0,,Flat,,,,,,Overcast,613500,0,0,0,4,,,0,,,,,,Auckland Region,Nil,2-way,Sealed,,0,0,,50,,Null,0,0,,76,Auckland,Stop,,,,,0,0,Urban,0,,,Light rain,Null
1808504,5520012,5865,,563802,0,,0,1,,South,2008/2009,SH 56,TANE ROAD,,Non-Injury Crash,Yes,2009,,North,,0,,Flat,,,,,,Bright sun,1852300,0,0,0,2,,,0,,,,,,Manawatū-Whanganui Region,Nil,2-way,Sealed,,0,0,,100,,Null,1,0,,42,Horowhenua District,Nil,,,,,0,0,Open,0,,,Fine,Null
1950700,5790757,5866,,542440,0,,0,2,,Null,2008/2009,VALLEY ROAD,GORGE ROAD,,Non-Injury Crash,No,2009,,North,,0,,Hill Road,,,,,,Bright sun,1306000,0,0,0,2,,,0,,,,,,Bay of Plenty Region,Nil,2-way,Sealed,,0,0,,50,,Null,0,0,,25,Whakatane District,Give way,,,,,0,0,Urban,0,,,Fine,Null
1719632,6047587,5867,,502700,0,,0,2,,Null,2008/2009,NIXON ST,PRINCES ST,,Non-Injury Crash,No,2009,,East,,0,,Flat,,,,,,Bright sun,91800,0,0,0,3,,,0,,,,,,Northland Region,Nil,2-way,Sealed,,0,0,,50,,Off,0,0,,2,Whangarei District,Stop,,,,,0,0,Urban,0,,,Fine,Null
1770589,5916375,5868,,522601,0,,0,1,,South,2008/2009,MACLEANS ROAD,RICHARD AVENUE,,Non-Injury Crash,No,2009,,North,,0,,Flat,,,,,,Bright sun,678100,0,0,0,2,,,0,,,,,,Auckland Region,Nil,2-way,Sealed,,0,0,,50,,Null,0,0,,76,Auckland,Unknown,,,,,0,0,Urban,1,,,Fine,Null
1888309.7517,5820158.2381,5869,,536642,0,,0,2,,North,2009/2010,WELCOME BAY ROAD,REID ROAD,,Non-Injury Crash,No,2009,,West,,0,,Hill Road,,,,,,Overcast,1206501,0,0,0,2,,,0,,,,,,Bay of Plenty Region,Nil,2-way,Sealed,,0,0,,100,,Null,0,0,,22,Western Bay of Plenty District,Unknown,,,,,0,0,Open,0,,,Light rain,Null
1731963,5907490,5870,,513800,0,,0,2,,East,2009/2010,PIHA ROAD,TE AHUAHU ROAD,,Non-Injury Crash,No,2009,,South,,0,,Hill Road,,,,,,Bright sun,282018,0,0,0,2,,,0,,,,,,Auckland Region,Nil,2-way,Sealed,,0,0,,100,,Null,0,0,,76,Auckland,Unknown,,,,,0,0,Open,0,,,Fine,Null
1767758,5911981,5871,,522910,0,0,0,1,0,West,2009/2010,TI RAKAU DRIVE,GOSSAMER DRIVE,,Non-Injury Crash,No,2009,0,East,0,0,0,Flat,0,,0,,0,Dark,687700,0,0,0,4,0,0,0,0,0,,0,0,Auckland Region,Nil,2-way,Sealed,0,0,0,0,50,0,On,0,0,,76,Auckland,Nil,0,0,0,1,0,0,Urban,0,0,0,Fine,Null
1757372,5915748,5872,,515802,0,,0,2,,Null,2008/2009,ST ANDREWS ROAD,GREEN LANE WEST,,Non-Injury Crash,No,2009,,North,,0,,Flat,,,,,,Overcast,447700,0,0,0,4,,,0,,,,,,Auckland Region,Nil,2-way,Sealed,,0,0,,50,,Off,0,0,,76,Auckland,Traffic Signals,,,,,0,0,Urban,0,,,Fine,Null
1750210,5916151,5873,,514802,0,,0,1,,Null,2009/2010,ROSEBANK ROAD,ORCHARD ST,,Non-Injury Crash,No,2009,,North,,0,,Flat,,,,,,Bright sun,389800,0,0,1,2,,,0,,,,,,Auckland Region,Nil,2-way,Sealed,,0,0,,50,,Off,0,0,,76,Auckland,Give way,,,,,0,0,Urban,0,,,Fine,Null
1416774,4920697,5874,,604830,0,,0,1,,West,2009/2010,PORTOBELLO ROAD,BEACONSFIELD ROAD S,,Serious Crash,No,2009,,North,,0,,Flat,,,,,,Dark,2944000,0,0,0,2,,,0,,,,,,Otago Region,Nil,2-way,Sealed,,0,1,,80,,None,0,0,,71,Dunedin City,Unknown,,,,,0,0,Open,0,,,Snow,Null
1733656,5932842,5875,,506653,0,0,0,1,0,North,2008/2009,TAYLOR ROAD,WAIKOUKOU VALLEY ROAD,,Non-Injury Crash,No,2009,0,North,0,0,1,Hill Road,0,,0,,0,Dark,217804,0,0,0,2,0,0,0,0,0,,0,0,Auckland Region,Nil,2-way,Sealed,0,0,0,0,80,0,None,0,0,,76,Auckland,Nil,0,0,0,0,0,0,Open,0,0,0,Fine,Null
1753030,5919968,5876,,515100,0,0,0,2,0,West,2009/2010,TIROTAI CRESCENT,LEMINGTON ROAD N,,Non-Injury Crash,No,2009,0,East,0,0,0,Flat,0,,0,,0,Twilight,399500,0,0,0,2,0,0,0,0,1,,0,0,Auckland Region,Nil,2-way,Sealed,0,0,0,0,50,0,Off,0,0,,76,Auckland,Nil,0,0,0,0,0,0,Urban,0,0,0,Fine,Null
1936994,5621381,5877,,546901,0,,0,2,,Null,2008/2009,HASTINGS ST,DICKENS ST,,Non-Injury Crash,No,2009,,East,,0,,Flat,,,,,,Bright sun,1428400,0,0,0,2,,,0,,,,,,Hawke's Bay Region,Nil,2-way,Sealed,,0,0,,50,,Null,0,0,,31,Napier City,Stop,,,,,0,0,Urban,0,,,Fine,Null
1719068,6045479,5878,,503100,0,,0,1,,Null,2008/2009,MAUNU ROAD,CENTRAL AVENUE,,Non-Injury Crash,No,2009,,West,,0,,Flat,,,,,,Dark,100800,0,0,0,4,,,0,,,,,,Northland Region,Nil,2-way,Sealed,,0,0,,50,,On,0,0,,2,Whangarei District,Traffic Signals,,,,,0,0,Urban,1,,,Light rain,Null
1766723,5913327,5879,,522820,0,,0,3,,East,2009/2010,PAKURANGA ROAD,TI RAKAU DRIVE,,Non-Injury Crash,No,2009,,West,,0,,Flat,,,,,,Twilight,694800,0,0,0,6,,,0,,,,,,Auckland Region,Nil,2-way,Sealed,,0,0,,60,,On,0,0,,76,Auckland,Unknown,,,,,0,0,Urban,0,,,Light rain,Null
1859135,5805429,5880,,536630,0,0,0,1,0,North,2008/2009,SH 29,HANGA ROAD,,Non-Injury Crash,Yes,2009,0,North,0,0,1,Hill Road,0,,0,,0,Dark,1114601,0,0,0,2,0,0,0,0,0,,0,0,Bay of Plenty Region,Nil,2-way,Sealed,0,0,0,0,100,0,None,0,0,,22,Western Bay of Plenty District,Unknown,0,0,0,0,0,0,Open,0,0,0,Fine,Frost
1755998,5914184,5881,,518500,0,0,0,1,0,South,2009/2010,MCCULLOUGH AVENUE,SCOUT AVENUE,,Non-Injury Crash,No,2009,0,North,0,0,0,Flat,0,,0,,0,Dark,562900,0,0,0,2,0,0,0,0,0,,0,1,Auckland Region,Nil,2-way,Sealed,0,0,0,0,50,0,On,0,0,,76,Auckland,Nil,0,0,0,0,0,0,Urban,0,0,0,Fine,Null
1564304,5179210,5882,,587702,0,,0,4,,East,2009/2010,BLENHEIM ROAD,MAIN SOUTH ROAD,,Minor Crash,No,2009,,West,,0,,Flat,,,,,,Bright sun,2480200,4,0,0,4,,,0,,,,,,Canterbury Region,Nil,2-way,Sealed,,0,0,,60,,Null,0,0,,60,Christchurch City,Unknown,,,,,0,0,Urban,0,,,Fine,Null
1756493,5937481,5883,,506903,0,0,0,1,0,North,2009/2010,BEACH ROAD,TOROA ST,,Non-Injury Crash,No,2009,0,South,0,0,0,Flat,0,,0,,0,Dark,169200,0,0,0,2,0,0,0,0,1,,0,0,Auckland Region,Nil,2-way,Sealed,0,0,0,0,50,0,On,0,0,,76,Auckland,Nil,0,0,0,0,0,0,Urban,1,0,0,Fine,Null
1749585,5911519,5884,,512100,0,,0,2,,West,2008/2009,GODLEY ROAD,TAUPO ST,,Non-Injury Crash,No,2009,,East,,0,,Flat,,,,,,Bright sun,290300,0,0,0,2,,,0,,,,,,Auckland Region,Nil,2-way,Sealed,,0,0,,50,,Null,0,0,,76,Auckland,Stop,,,,,0,0,Urban,0,,,Fine,Null
1693996,5673239,5885,,552500,0,,0,2,,North,2008/2009,CARRINGTON ST,LYNTON ST,,Non-Injury Crash,No,2009,,South,,0,,Flat,,,,,,Bright sun,1566900,0,0,0,2,,,0,,,,,,Taranaki Region,Nil,2-way,Sealed,,0,0,,50,,Null,0,0,,33,New Plymouth District,Nil,,,,,0,0,Urban,0,,,Fine,Null
1762126,5913742,5886,,520500,0,,0,2,,North,2009/2010,SH 1N,PENROSE OBR,,Non-Injury Crash,Yes,2009,,North,,0,,Flat,,,,,,Bright sun,637000,0,0,0,3,,,0,,,,,,Auckland Region,Nil,2-way,Sealed,,0,0,,100,,Off,0,0,,76,Auckland,Nil,,,,,0,0,Open,0,,,Fine,Null
2034751,5711225,5887,,544900,0,0,0,1,0,Null,2008/2009,JOANNE ST,POTAE AVENUE,,Non-Injury Crash,No,2009,0,West,0,0,0,Flat,0,,0,,1,Overcast,1376604,0,0,0,2,0,0,0,0,0,,0,0,Gisborne Region,Nil,2-way,Sealed,0,0,0,0,50,0,Null,0,0,,28,Gisborne District,Nil,0,0,0,0,0,0,Urban,0,0,0,Fine,Null
1755001,5929384,5888,,508420,0,,0,1,,Null,2008/2009,TARGET ROAD,LINK DRIVE,,Non-Injury Crash,No,2009,,South,,0,,Flat,,,,,,Bright sun,183800,0,0,1,3,,,0,,,,,,Auckland Region,Nil,2-way,Sealed,,0,0,,50,,Null,0,0,,76,Auckland,Traffic Signals,,,,,0,0,Urban,0,,,Fine,Null
1765425,5906759,5889,,522202,0,0,0,2,0,Null,2008/2009,KOLMAR ROAD,SUTTON CRESCENT,,Non-Injury Crash,No,2009,0,West,0,0,0,Hill Road,0,,0,,0,Overcast,663500,0,0,0,2,0,0,0,0,1,,0,0,Auckland Region,Nil,2-way,Sealed,0,0,0,0,50,0,Off,0,0,,76,Auckland,Give way,0,0,0,0,0,0,Urban,0,0,0,Heavy rain,Null
1767188,5906967,5890,,523601,0,,0,1,,East,2008/2009,EVERITT ROAD,COOPER CRESCENT S,,Non-Injury Crash,No,2009,,East,,0,,Flat,,,,,,Overcast,708100,0,0,1,2,,,0,,,,,,Auckland Region,Nil,2-way,Sealed,,0,0,,50,,Null,0,0,,76,Auckland,Unknown,,,,,0,0,Urban,0,,,Fine,Null
1763630,5907856,5891,,521902,0,,0,3,,South,2008/2009,HOSPITAL ROAD,MASSEY ROAD,,Non-Injury Crash,No,2009,,South,,0,,Flat,,,,,,Bright sun,786400,0,0,0,2,,,0,,,,,,Auckland Region,Nil,1-way,Sealed,,0,0,,50,,Off,0,0,,76,Auckland,Unknown,,,,,0,0,Urban,0,,,Fine,Null
1325766,5003928,5892,,608302,0,0,0,0,0,West,2009/2010,MOUTERE-DISPUTED SPUR ROA,DEVONSHIRE ROAD,,Serious Crash,No,2009,0,East,0,0,0,Hill Road,0,,0,,0,Overcast,3019800,0,0,0,1,0,0,0,0,0,,0,0,Otago Region,Nil,2-way,Unsealed,0,0,1,0,100,0,Null,1,0,,69,Central Otago District,Unknown,0,0,0,1,0,0,Open,0,0,0,Fine,Null
1757129,5919723,5893,,514103,0,,0,2,,Null,2008/2009,QUEEN ST,TURNER ST,,Non-Injury Crash,No,2009,,East,,0,,Flat,,,,,,Bright sun,436201,0,0,0,2,,,0,,,,,,Auckland Region,Nil,2-way,Sealed,,0,0,,50,,Off,0,0,,76,Auckland,Nil,,,,,0,0,Urban,0,,,Fine,Null
1800520,5823519,5894,75,527007,0,0,0,1,0,North,2008/2009,HORSHAM DOWNS ROAD,BORMAN ROAD,,Non-Injury Crash,No,2009,0,South,0,0,1,Flat,0,,0,,0,Dark,951911,0,0,0,2,0,0,0,0,0,,0,0,Waikato Region,Nil,2-way,Sealed,0,0,0,0,100,0,None,0,0,,16,Hamilton City,Unknown,0,0,0,0,0,0,Open,0,0,0,Fine,Null
1769546,5906604,5895,,523712,0,,0,2,,North,2008/2009,CHAPEL ROAD,FLAT BUSH SCHOOL ROAD,,Non-Injury Crash,No,2009,,South,,0,,Flat,,,,,,Dark,712809,0,0,0,2,,,0,,,,,,Auckland Region,Nil,2-way,Sealed,,0,0,,70,,On,0,0,,76,Auckland,Nil,,,,,0,0,Urban,0,,,Light rain,Null
1571703,5195056,5896,,586501,0,,0,1,,South,2009/2010,MAIN NORTH ROAD,HOLLAND DRIVE,,Serious Crash,No,2009,,North,,0,,Flat,,,,,,Dark,2455505,1,0,0,2,,,0,,,,,,Canterbury Region,Nil,2-way,Sealed,,0,1,,80,,On,0,0,,59,Waimakariri District,Unknown,,,,,1,0,Open,0,,,Fine,Null
1799718,5534150,5897,,561422,0,,0,1,,Null,2008/2009,SH 1N,MILNER ROAD,,Non-Injury Crash,Yes,2009,,West,,0,,Flat,,,,,,Overcast,1787400,0,0,0,2,,,0,,,,,,Manawatū-Whanganui Region,Nil,2-way,Sealed,,0,0,,100,,Null,0,0,,39,Manawatu District,Stop,,,,,1,0,Open,0,,,Light rain,Strong wind
1769910,5899366,5898,,523911,0,,0,2,,Null,2009/2010,GREAT SOUTH ROAD,SPARTAN ROAD,,Non-Injury Crash,No,2009,,South,,0,,Flat,,,,,,Bright sun,766500,0,0,0,4,,,0,,,,,,Auckland Region,Nil,2-way,Sealed,,0,0,,50,,Off,0,0,,76,Auckland,Stop,,,,,0,0,Urban,0,,,Fine,Null
1763989,5909952,5899,,521901,0,,1,1,,West,2008/2009,STATION ROAD,GREAT SOUTH ROAD,,Non-Injury Crash,No,2009,,East,,0,,Flat,,,,,,Bright sun,784200,0,0,0,2,,,0,,,,,,Auckland Region,Nil,2-way,Sealed,,0,0,,50,,Off,0,0,,76,Auckland,Traffic Signals,,,,,0,0,Urban,0,,,Fine,Null
1569199,5177254,5900,,594800,0,,0,1,,Null,2008/2009,BARRINGTON ST,STOURBRIDGE ST,,Minor Crash,No,2009,,North,,0,,Flat,,,,,,Dark,2641300,1,1,0,2,,,0,,,,,,Canterbury Region,Nil,2-way,Sealed,,0,0,,50,,On,0,0,,60,Christchurch City,Give way,,,,,0,0,Urban,0,,,Fine,Null
1803220,5548887,5901,,558900,0,0,0,1,0,Null,2009/2010,SH 1N,RANGITIKEI RIVER BR,,Non-Injury Crash,Yes,2009,0,South,0,0,0,Flat,1,,0,,0,Bright sun,1744300,0,0,0,2,0,0,0,0,0,,0,0,Manawatū-Whanganui Region,Bridge,2-way,Sealed,0,0,0,0,70,0,Null,0,0,,38,Rangitikei District,Nil,0,0,0,0,0,0,Urban,0,0,0,Fine,Null
1766488,5916924,5902,,517002,0,0,0,1,0,South,2009/2010,CONCORD PLACE,TANIWHA ST,,Non-Injury Crash,No,2009,0,South,0,0,0,Flat,0,,1,,0,Dark,476600,0,0,0,2,0,0,0,0,0,,0,0,Auckland Region,Nil,2-way,Sealed,0,0,0,0,50,0,On,0,0,,76,Auckland,Nil,0,0,0,0,0,0,Urban,0,0,0,Heavy rain,Strong wind
1571753,5180995,5903,,591700,0,0,0,1,0,Null,2008/2009,FITZGERALD AVENUE,CAMBRIDGE TERRACE,,Minor Crash,No,2009,0,North,0,0,0,Flat,0,,0,,0,Overcast,2655200,2,0,0,4,0,0,0,0,0,,0,0,Canterbury Region,Nil,2-way,Sealed,0,0,0,0,50,0,Null,0,0,,60,Christchurch City,Traffic Signals,0,0,0,1,0,0,Urban,0,0,0,Fine,Null
1757985,5917166,5904,,515700,0,,0,2,,Null,2008/2009,GILLIES AVENUE,OWENS ROAD,,Non-Injury Crash,No,2009,,North,,0,,Flat,,,,,,Overcast,457600,0,0,0,3,,,0,,,,,,Auckland Region,Nil,2-way,Sealed,,0,0,,50,,Off,0,0,,76,Auckland,Traffic Signals,,,,,0,0,Urban,0,,,Fine,Null
1891346,5818671,5905,,536642,0,0,0,1,0,Null,2008/2009,BELL ROAD,PARTON ROAD,,Non-Injury Crash,No,2009,0,South,0,0,0,Flat,0,,0,,0,Dark,1206807,0,0,0,2,0,0,0,0,0,,0,1,Bay of Plenty Region,Nil,2-way,Sealed,0,0,0,0,100,0,On,0,0,,22,Western Bay of Plenty District,Give way,0,0,0,0,0,0,Open,0,0,0,Fine,Null
1569342,5490714,5906,,581601,0,,0,2,,North,2009/2010,PLAIN ROAD,DEVILS BOOTS ROAD,,Minor Crash,No,2009,,South,,0,,Hill Road,,,,,,Bright sun,2349300,1,0,0,2,,,0,,,,,,Tasman Region,Nil,2-way,Unsealed,,0,0,,100,,Null,0,0,,51,Tasman District,Nil,,,,,0,0,Open,0,,,Fine,Null
1813450,5549019,5907,,560422,0,,0,1,,South,2008/2009,HALCOMBE ROAD,TE RAKEHOU ROAD,,Non-Injury Crash,No,2009,,South,,0,,Hill Road,,,,,,Bright sun,1761702,0,0,0,2,,,0,,,,,,Manawatū-Whanganui Region,Nil,2-way,Sealed,,0,0,,100,,Null,1,0,,39,Manawatu District,Nil,,,,,0,0,Open,0,,,Fine,Null
1747639,5945524,5908,,506201,0,,0,1,,West,2009/2010,PINE VALLEY ROAD,OLD PINE VALLEY ROAD,,Non-Injury Crash,No,2009,,East,,0,,Flat,,,,,,Dark,176700,0,0,0,2,,,0,,,,,,Auckland Region,Nil,2-way,Sealed,,0,0,,80,,Off,0,0,,76,Auckland,Unknown,,,,,0,0,Open,0,,,Light rain,Null
1772889,5879956,5909,45,521131,0,0,0,1,0,East,2008/2009,HARRISVILLE ROAD,LOGAN ROAD,,Non-Injury Crash,No,2009,0,East,0,0,0,Hill Road,0,,0,,1,Dark,827901,0,0,0,2,0,0,0,1,0,,0,0,Waikato Region,Nil,2-way,Sealed,0,0,0,0,100,0,None,0,0,,13,Waikato District,Nil,0,0,0,0,0,0,Open,0,0,1,Fine,Null
1757560,5926261,5910,,507900,0,,0,2,,Null,2009/2010,ESMONDE ROAD,BARRYS POINT ROAD,,Non-Injury Crash,No,2009,,West,,0,,Flat,,,,,,Dark,304200,0,0,0,4,,,0,,,,,,,Nil,2-way,Sealed,,0,0,,50,,On,0,0,,76,Auckland,Traffic Signals,,,,,0,0,Urban,0,,,Light rain,Null
1752293,5925809,5911,,510220,0,0,0,2,0,Null,2009/2010,ABBEYGATE ST,EREWHON PLACE,,Non-Injury Crash,No,2009,0,West,0,0,0,Flat,0,,0,,0,Bright sun,350206,0,0,0,2,0,0,0,0,1,,0,0,Auckland Region,Nil,2-way,Sealed,0,0,0,0,50,0,Null,0,0,,76,Auckland,Nil,0,0,0,0,0,0,Urban,0,0,0,Fine,Null
1884763,5773402,5912,,540420,0,,0,3,,Null,2008/2009,VICTORIA ST,HEREWINI ST,,Non-Injury Crash,No,2009,,West,,0,,Flat,,,,,,Bright sun,1236900,0,0,0,2,,,0,,,,,,Bay of Plenty Region,Nil,2-way,Sealed,,0,0,,50,,Null,0,0,,24,Rotorua District,Give way,,,,,0,0,Urban,0,,,Fine,Null
1748863,5425461,5913,,576500,0,0,0,2,0,South,2008/2009,RIDDIFORD ST,ADELAIDE ROAD,,Non-Injury Crash,No,2009,0,South,0,0,0,Flat,0,Queens Birthday,0,,0,Overcast,2149200,0,0,0,4,0,0,0,0,1,,0,0,Wellington Region,Nil,2-way,Sealed,0,0,0,0,50,0,Null,0,0,,47,Wellington City,Nil,0,0,0,0,0,0,Urban,0,0,0,Fine,Null
1823052,5828952,5914,,534901,0,0,0,0,0,West,2009/2010,SH 26,STUDHOLME ST,,Non-Injury Crash,Yes,2009,0,East,0,0,1,Flat,0,,0,,0,Overcast,1088200,0,0,0,2,0,0,0,0,0,,0,1,Waikato Region,Nil,2-way,Sealed,0,0,0,0,100,0,Null,0,0,,15,Matamata-Piako District,Unknown,0,0,0,0,0,0,Open,1,0,0,Fine,Null
1760192,5915960,5915,,516003,0,,0,2,,Null,2009/2010,GREENLANE INT,GREEN LANE EAST,,Non-Injury Crash,No,2009,,South,,0,,Flat,,Christmas New Year,,,,Overcast,494902,0,0,0,3,,,0,,,,,,Auckland Region,Motorway ramp,1-way,Sealed,,0,0,,50,,Null,0,0,,76,Auckland,Give way,,,,,0,0,Urban,0,,,Fine,Null
1765923,5906470,5916,,522202,0,,0,3,,North,2008/2009,GREAT SOUTH ROAD,ST GEORGE ST,,Non-Injury Crash,No,2009,,South,,0,,Flat,,,,,,Bright sun,663900,0,0,0,2,,,0,,,,,,Auckland Region,Nil,2-way,Sealed,,0,0,,50,,Null,0,0,,76,Auckland,Unknown,,,,,0,0,Urban,0,,,Fine,Null
1875255,5819016,5917,,537601,0,,0,2,,Null,2009/2010,CAMERON ROAD,SH 29,,Non-Injury Crash,Yes,2009,,South,,0,,Flat,,,,,,Bright sun,1192800,0,0,0,2,,,0,,,,,,Bay of Plenty Region,Nil,2-way,Sealed,,0,0,,70,,Null,0,0,,23,Tauranga City,Give way,,,,,0,0,Urban,0,,,Fine,Null
1828580,5834105,5918,,534603,0,0,0,0,0,North,2008/2009,SH 27,WILTON ROAD,,Non-Injury Crash,Yes,2009,0,South,0,0,1,Flat,0,,0,,0,Dark,1095900,0,0,0,2,0,0,0,0,0,,0,0,Waikato Region,Nil,2-way,Sealed,0,0,0,0,100,0,None,1,0,,15,Matamata-Piako District,Unknown,0,0,0,0,0,0,Open,0,0,0,Fine,Null
1728897,5999431,5919,,505010,0,0,0,1,0,South,2008/2009,SH 1N,MOUNTAIN ROAD,,Non-Injury Crash,Yes,2009,0,North,0,0,0,Flat,0,,0,,0,Overcast,134800,0,0,0,2,0,0,0,1,0,,0,0,Northland Region,Nil,2-way,Sealed,0,0,0,0,100,0,Null,0,0,,3,Kaipara District,Unknown,0,0,0,0,0,0,Open,0,0,0,Light rain,Null
1881154,5827670,5920,,536821,0,0,0,1,0,Null,2008/2009,TOTARA ST,HULL ROAD,,Non-Injury Crash,No,2009,0,North,0,0,0,Flat,0,,0,,1,Twilight,1203400,0,0,0,2,0,0,0,0,0,,0,0,Bay of Plenty Region,Nil,2-way,Sealed,0,0,0,0,70,0,Off,0,0,,23,Tauranga City,Give way,0,0,0,0,0,0,Urban,0,0,0,Fine,Null
1755595,5919874,5921,,515302,0,0,0,2,0,West,2008/2009,LINCOLN ST,PONSONBY ROAD,,Non-Injury Crash,No,2009,0,West,0,0,0,Hill Road,0,,0,,0,Twilight,431300,0,0,0,1,0,0,0,0,1,,0,0,Auckland Region,Nil,1-way,Sealed,0,0,0,0,50,0,On,0,0,,76,Auckland,Nil,0,0,0,0,0,0,Urban,0,0,0,Light rain,Null
1747169,5919743,5922,,512300,0,,0,2,,West,2009/2010,TE ATATU ON EBD WEST,TE ATATU ROAD,,Non-Injury Crash,Yes,2009,,West,,0,,Flat,,,,,,Twilight,251700,0,0,0,2,,,0,,,,,,Auckland Region,Motorway ramp,1-way,Sealed,,0,0,,50,,Off,0,0,,76,Auckland,Unknown,,,,,0,0,Urban,0,,,Fine,Null
1817238,5802151,5923,,527504,0,,0,1,,Null,2009/2010,BYRON ST,COLERIDGE ST,,Non-Injury Crash,No,2009,,South,,0,,Flat,,,,,,Bright sun,966003,0,0,0,2,,,0,,,,,,Waikato Region,Nil,2-way,Sealed,,0,0,,50,,Null,0,0,,17,Waipa District,Give way,,,,,0,0,Urban,1,,,Fine,Null
1565312,5181690,5924,,590000,0,0,0,3,0,East,2008/2009,MAIDSTONE ROAD,LYNFIELD AVENUE,,Minor Crash,No,2009,0,East,0,0,1,Flat,0,,0,,0,Dark,2537500,1,0,0,2,0,0,0,0,1,,0,0,Canterbury Region,Nil,2-way,Sealed,0,0,0,0,50,0,On,0,0,,60,Christchurch City,Unknown,0,0,0,0,0,0,Urban,0,0,0,Light rain,Strong wind
1757525,5920663,5925,,514103,0,0,0,2,0,South,2008/2009,HIGH ST,SHORTLAND ST,,Non-Injury Crash,No,2009,0,South,0,0,0,Flat,0,,0,,0,Bright sun,437600,0,0,0,1,0,0,0,0,1,,0,0,Auckland Region,Nil,1-way,Sealed,0,0,0,0,50,0,Off,0,0,,76,Auckland,Nil,0,0,0,0,0,0,Urban,0,0,0,Fine,Null
1430094,4996359,5926,,600826,0,,0,1,,South,2009/2010,SH 1S,MAHENO-KAKANUI ROAD,,Serious Crash,Yes,2009,,South,,0,,Flat,,,,,,Overcast,2834100,0,0,1,3,,,0,,,,,,Otago Region,Nil,2-way,Sealed,,0,1,,70,,Null,0,0,,68,Waitaki District,Unknown,,,,,0,0,Urban,0,,,Fine,Null
1816966,5803345,5927,,527503,0,,0,1,,Null,2008/2009,SH 1N,QUEEN ST,,Non-Injury Crash,Yes,2009,,South,,0,,Flat,,,,,,Overcast,962602,0,0,0,2,,,0,,,,,,Waikato Region,Nil,2-way,Sealed,,0,0,,50,,Null,0,0,,17,Waipa District,Give way,,,,,0,0,Urban,1,,,Light rain,Null
1747018,5912209,5928,,511901,0,0,0,1,0,East,2008/2009,KAURILANDS ROAD,MEADOWVALE RISE,,Non-Injury Crash,No,2009,0,West,0,0,1,Hill Road,0,,0,,0,Twilight,294600,0,0,0,2,0,0,0,0,0,,0,0,Auckland Region,Nil,2-way,Sealed,0,0,0,0,50,0,On,0,0,,76,Auckland,Nil,0,0,0,0,0,0,Urban,0,0,0,Fine,Null
1623628,5430953,5929,,582500,0,0,0,2,0,East,2008/2009,BRIDGE ST,RUTHERFORD ST,,Non-Injury Crash,No,2009,0,West,0,0,0,Flat,0,,0,,0,Bright sun,2319700,0,0,0,2,0,0,0,0,1,,0,0,Nelson Region,Nil,2-way,Sealed,0,0,0,0,50,0,Null,0,0,,52,Nelson City,Nil,0,0,0,0,0,0,Urban,0,0,0,Fine,Null
1933453,5619455,5930,,546400,0,,0,2,,Null,2009/2010,SH 50,TRINITY CRESCENT,,Minor Crash,Yes,2009,,North,,0,,Flat,,,,,,Bright sun,1427700,1,0,0,2,,,0,,,,,,Hawke's Bay Region,Nil,2-way,Sealed,,0,0,,50,,Null,0,0,,31,Napier City,Give way,,,,,0,0,Urban,0,,,Fine,Null
1759817,5906263,5931,,524200,0,,0,0,,Null,2009/2010,KIRKBRIDE ROAD,NAYLORS DRIVE,,Non-Injury Crash,No,2009,,West,,0,,Flat,,,,,,Dark,727902,0,0,0,2,,,0,,,,,,Auckland Region,Nil,2-way,Sealed,,0,0,,50,,On,1,0,,76,Auckland,Stop,,,,,0,0,Urban,1,,,Light rain,Null
1749674,5913882,5932,,511303,0,,0,1,,Null,2009/2010,GREAT NORTH ROAD,TOTARA AVENUE,,Non-Injury Crash,No,2009,,West,,0,,Flat,,,,,,Bright sun,264901,0,0,0,5,,,0,,,,,,Auckland Region,Nil,2-way,Sealed,,0,0,,50,,Off,0,0,,76,Auckland,Nil,,,,,0,0,Urban,1,,,Fine,Null
1822983,5462588,5933,,578600,0,0,0,0,0,North,2008/2009,QUEEN ST,CRAYNE ST,,Non-Injury Crash,No,2009,0,West,0,0,0,Flat,0,,0,,0,Bright sun,2243200,0,0,0,2,0,0,0,0,0,,1,0,Wellington Region,Nil,2-way,Sealed,0,0,0,0,50,0,Null,0,0,,48,Masterton District,Nil,0,0,0,0,1,0,Urban,0,0,0,Fine,Null