X,Y,OBJECTID,advisorySpeed,areaUnitID,bicycle,bridge,bus,carStationWagon,cliffBank,crashDirectionDescription,crashFinancialYear,crashLocation1,crashLocation2,crashRoadSideRoad,crashSeverity,crashSHDescription,crashYear,debris,directionRoleDescription,ditch,fatalCount,fence,flatHill,guardRail,holiday,houseOrBuilding,intersection,kerb,light,meshblockId,minorInjuryCount,moped,motorcycle,NumberOfLanes,objectThrownOrDropped,otherObject,otherVehicleType,overBank,parkedVehicle,pedestrian,phoneBoxEtc,postOrPole,region,roadCharacter,roadLane,roadSurface,roadworks,schoolBus,seriousInjuryCount,slipOrFlood,speedLimit,strayAnimal,streetLight,suv,taxi,temporarySpeedLimit,tlaId,tlaName,trafficControl,trafficIsland,trafficSign,train,tree,truck,unknownVehicleType,urban,vanOrUtility,vehicle,waterRiver,weatherA,weatherB
1758965,5903294,5934,,524200,0,,0,1,,South,2008/2009,RAY EMERY DRIVE,TOM PEARCE DRIVE N,,Non-Injury Crash,No,2009,,South,,0,,Flat,,,,,,Bright sun,727200,0,0,0,2,,,0,,,,,,Auckland Region,Nil,1-way,Sealed,,0,0,,50,,None,1,0,,76,Auckland,Nil,,,,,0,0,Urban,0,,,Fine,Null
1249487,4852238,5935,,610062,0,,0,2,,West,2009/2010,SH 1S EAST RD,CLAPHAM ROAD,,Minor Crash,Yes,2009,,South,,0,,Flat,,,,,,Overcast,3093000,1,0,0,2,,,0,,,,,,Southland Region,Nil,2-way,Sealed,,0,0,,100,,Null,0,0,30,75,Invercargill City,Unknown,,,,,0,0,Open,0,,,Light rain,Null
1755624,5912000,5936,,518701,0,,0,2,,Null,2008/2009,RICHARDSON ROAD,STAVELEY AVENUE,,Non-Injury Crash,No,2009,,West,,0,,Flat,,,,,,Overcast,573600,0,0,0,1,,,0,,,,,,Auckland Region,Nil,2-way,Sealed,,0,0,,50,,None,0,0,,76,Auckland,Nil,,,,,0,0,Urban,0,,,Light rain,Null
1743675,5919359,5937,,513213,0,,0,2,,Null,2008/2009,SWANSON ROAD,UNIVERSAL DRIVE,,Non-Injury Crash,No,2009,,North,,0,,Flat,,,,,,Bright sun,235802,0,0,0,2,,,0,,,,,,Auckland Region,Nil,2-way,Sealed,,0,0,,50,,Null,0,0,,76,Auckland,Give way,,,,,0,0,Urban,0,,,Fine,Null
1768812,5904334,5938,,523820,0,,0,1,,South,2008/2009,EVERGLADE DRIVE,BANKSIA PLACE,,Non-Injury Crash,No,2009,,South,,0,,Hill Road,,,,,,Bright sun,760138,0,0,0,2,,,0,,,,,,Auckland Region,Nil,2-way,Sealed,,0,0,,50,,Off,0,0,,76,Auckland,Nil,,,,,0,0,Urban,1,,,Fine,Null
1751569,5916575,5939,,514900,0,,0,2,,South,2008/2009,GREAT NORTH ROAD,FAIRLANDS AVENUE,,Non-Injury Crash,No,2009,,North,,0,,Flat,,,,,,Bright sun,384902,0,0,0,4,,,0,,,,,,Auckland Region,Nil,2-way,Sealed,,0,0,,50,,Null,0,0,,76,Auckland,Unknown,,,,,0,0,Urban,0,,,Fine,Null
1899102,5811360,5940,,536651,0,,0,1,,East,2008/2009,TE PUKE HIGHWAY,MAKETU ROAD,,Non-Injury Crash,No,2009,,East,,0,,Flat,,,,,,Overcast,1211000,0,0,0,2,,,0,,,,,,Bay of Plenty Region,Nil,2-way,Sealed,,0,0,,100,,Off,0,0,,22,Western Bay of Plenty District,Nil,,,,,0,0,Open,1,,,Heavy rain,Null
1397157,4913558,5941,,601900,0,,0,1,,East,2008/2009,SH 1S,SADDLE HILL OBR,,Serious Crash,Yes,2009,,East,,0,,Hill Road,,,,,,Dark,2972000,0,0,1,4,,,0,,,,,,Otago Region,Nil,2-way,Sealed,,0,1,,100,,On,0,0,,71,Dunedin City,Unknown,,,,,0,0,Open,0,,,Fine,Null
1866157,5826851,5942,,536000,0,,0,2,,South,2008/2009,SH 2,OMOKOROA ROAD,,Non-Injury Crash,Yes,2009,,North,,0,,Hill Road,,,,,,Overcast,1187500,0,0,0,2,,,0,,,,,,Bay of Plenty Region,Nil,2-way,Sealed,,0,0,,100,,Null,0,0,,22,Western Bay of Plenty District,Unknown,,,,,0,0,Open,0,,,Fine,Null
1888711,5823196,5943,,536516,1,,0,1,,Null,2009/2010,PALM BEACH BOULEVARD,PAPAMOA BEACH ROAD,,Non-Injury Crash,No,2009,,West,,0,,Flat,,,,,,Dark,1205015,0,0,0,2,,,0,,,,,,Bay of Plenty Region,Nil,2-way,Sealed,,0,0,,50,,On,0,0,,23,Tauranga City,Give way,,,,,0,0,Urban,0,,,Fine,Null
1622458,5430399,5944,,582402,0,0,0,1,0,Null,2008/2009,ABRAHAM HEIGHTS,MONTREAL ROAD,,Non-Injury Crash,No,2009,0,North,0,0,0,Hill Road,0,,0,,0,Dark,2327608,0,0,0,2,0,0,0,0,1,,0,0,Nelson Region,Nil,2-way,Sealed,0,0,0,0,50,0,On,0,0,,52,Nelson City,Nil,0,0,0,0,0,0,Urban,1,0,0,Fine,Null
1757444,5912472,5945,,519810,0,0,0,1,1,North,2009/2010,QUEENSTOWN ROAD,BEL AIR DRIVE,,Non-Injury Crash,No,2009,0,North,0,0,0,Flat,0,,0,,0,Dark,596700,0,0,0,2,0,0,0,0,0,,0,0,Auckland Region,Nil,2-way,Sealed,0,0,0,0,50,0,On,0,0,,76,Auckland,Nil,0,0,0,0,0,0,Urban,0,0,0,Light rain,Null
1876208,5818691,5946,,537601,0,0,0,1,0,East,2009/2010,SH 29,CAMERON ROAD,,Non-Injury Crash,Yes,2009,0,East,1,0,0,Flat,0,,0,,0,Dark,1177500,0,0,0,2,0,0,0,0,0,,0,0,Bay of Plenty Region,Nil,2-way,Sealed,0,0,0,0,100,0,None,0,0,,23,Tauranga City,Unknown,0,0,0,0,0,0,Open,0,0,0,Null,Null
1687609,6030893,5947,55,504502,0,0,0,1,0,West,2008/2009,SH 14,PARADISE ROAD W,,Non-Injury Crash,Yes,2009,0,West,1,0,0,Hill Road,0,,0,,0,Dark,120800,0,0,0,2,0,0,0,0,0,,0,0,Northland Region,Nil,2-way,Sealed,0,0,0,0,100,0,None,0,0,,3,Kaipara District,Unknown,0,0,0,0,0,0,Open,0,0,0,Fine,Null
1931318,5617239,5948,,547200,0,0,0,1,0,South,2009/2010,GLOUCESTER ST,WORCESTER ST,,Non-Injury Crash,No,2009,0,North,0,0,0,Flat,0,,0,,0,Dark,1459000,0,0,0,2,0,0,0,0,1,,0,0,Hawke's Bay Region,Nil,2-way,Sealed,0,0,0,0,50,0,On,1,0,,31,Napier City,Nil,0,0,0,0,0,0,Urban,0,0,0,Fine,Null
1743666,5919379,5949,,513212,0,,1,0,,Null,2009/2010,DON BUCK ROAD,SWANSON ROAD,,Non-Injury Crash,No,2009,,North,,0,,Flat,,,,,,Twilight,235711,0,0,0,2,,,0,,,,,,Auckland Region,Nil,2-way,Sealed,,0,0,,50,,Off,1,0,,76,Auckland,Give way,,,,,0,0,Urban,0,,,Fine,Null
1800403,5815811,5950,,529700,0,,0,1,,North,2008/2009,ANGLESEA ST,LIVERPOOL ST,,Non-Injury Crash,No,2009,,North,,0,,Flat,,,,,,Bright sun,910200,0,0,0,2,,,0,,,,,,Waikato Region,Nil,2-way,Sealed,,0,0,,50,,Null,1,0,,16,Hamilton City,Unknown,,,,,0,0,Urban,0,,,Fine,Null
1786112,5860800,5951,,527210,0,0,0,0,0,North,2008/2009,SH 1N,WHANGAMARINO ROAD,,Non-Injury Crash,Yes,2009,0,North,0,0,0,Flat,1,,0,,0,Dark,935700,0,0,0,2,0,0,0,0,0,,0,0,Waikato Region,Nil,2-way,Sealed,0,0,0,0,100,0,None,0,0,,13,Waikato District,Nil,0,0,0,0,1,0,Open,0,0,0,Mist or Fog,Null
1757099,5920632,5952,,514102,0,0,0,0,0,Null,2009/2010,HOBSON ST,KINGSTON ST,,Non-Injury Crash,No,2009,0,South,0,0,0,Flat,0,,0,,0,Bright sun,433302,0,0,0,4,0,1,0,0,0,,0,0,Auckland Region,Nil,1-way,Sealed,0,0,0,0,50,0,Off,0,0,,76,Auckland,Nil,0,0,0,0,1,0,Urban,0,0,0,Fine,Null
1572908,5178898,5953,,593502,0,,0,1,,West,2009/2010,FERRY ROAD,ENSORS ROAD,,Serious Crash,No,2009,,East,,0,,Flat,,,,,,Overcast,2605400,0,0,0,2,,,0,,,1,,,Canterbury Region,Nil,2-way,Sealed,,0,1,,50,,Null,0,0,,60,Christchurch City,Unknown,,,,,0,0,Urban,0,,,Fine,Null
1743525,5919542,5954,,513212,0,,0,2,,Null,2009/2010,DON BUCK ROAD,SABOT PLACE,,Non-Injury Crash,No,2009,,North,,0,,Flat,,,,,,Dark,235506,0,0,0,2,,,0,,,,,,Auckland Region,Nil,2-way,Sealed,,0,0,,50,,On,0,0,,76,Auckland,Give way,,,,,0,0,Urban,0,,,Fine,Null
1741666,5976045,5955,,506661,0,0,0,2,1,North,2008/2009,SH 1N,FALLS BR,,Non-Injury Crash,Yes,2009,0,North,0,0,0,Hill Road,0,,0,,0,Bright sun,139000,0,0,0,2,0,0,0,0,0,,0,0,Auckland Region,Bridge,2-way,Sealed,0,0,0,0,80,0,Null,0,0,,76,Auckland,Unknown,0,0,0,0,0,0,Open,0,0,0,Light rain,Null
1568558,5180375,5956,,590800,0,,0,2,,West,2009/2010,RICCARTON ROAD,DEANS AVENUE,,Minor Crash,No,2009,,East,,0,,Flat,,,,,,Bright sun,2474801,2,0,0,2,,,0,,,,,,Canterbury Region,Nil,2-way,Sealed,,0,0,,50,,Null,0,0,,60,Christchurch City,Unknown,,,,,0,0,Urban,0,,,Fine,Null
1755637,5919872,5957,,514000,0,,0,2,,Null,2009/2010,PONSONBY ROAD,COLLINGWOOD ST,,Non-Injury Crash,No,2009,,North,,0,,Flat,,,,,,Bright sun,415000,0,0,0,4,,,0,,,,,,Auckland Region,Nil,2-way,Sealed,,0,0,,50,,Off,0,0,,76,Auckland,Stop,,,,,0,0,Urban,0,,,Fine,Null
1800722,5815349,5958,,529700,0,,0,2,,Null,2008/2009,WARD ST,ANGLESEA ST,,Non-Injury Crash,No,2009,,East,,0,,Flat,,,,,,Bright sun,911000,0,0,0,2,,,0,,,,,,Waikato Region,Nil,2-way,Sealed,,0,0,,50,,Null,0,0,,16,Hamilton City,Traffic Signals,,,,,0,0,Urban,0,,,Fine,Null
1719574,6046551,5959,,502800,0,0,0,1,0,South,2008/2009,BANK ST,AUBREY ST,,Non-Injury Crash,No,2009,0,North,0,0,0,Flat,0,,0,,0,Overcast,97300,0,0,0,1,0,0,0,0,1,,0,0,Northland Region,Nil,2-way,Sealed,0,0,0,0,50,0,Null,0,0,,2,Whangarei District,Unknown,0,0,0,0,0,0,Urban,1,0,0,Light rain,Null
1453355,5299228,5960,,585110,0,,0,2,,Null,2008/2009,SH 6,BRIGHT ST,,Minor Crash,Yes,2009,,West,,0,,Hill Road,,,,,,Dark,2403100,2,0,0,3,,,0,,,,,,West Coast Region,Nil,2-way,Sealed,,0,0,,50,,On,0,1,,56,Grey District,Give way,,,,,0,0,Urban,0,,,Light rain,Null
1747001,5919783,5961,,512402,0,0,0,0,0,West,2008/2009,SH 16,TE ATATU OBR,,Non-Injury Crash,Yes,2009,0,West,0,0,0,Flat,1,,0,,0,Overcast,252300,0,0,0,2,0,0,0,0,0,,0,0,Auckland Region,Nil,1-way,Sealed,0,0,0,0,100,0,Off,0,0,,76,Auckland,Nil,0,0,0,0,0,0,Open,1,0,0,Light rain,Null
1678083,6102080,5962,,501633,0,0,0,0,0,North,2009/2010,MANGAKARETU ROAD,TYREE ROAD,,Non-Injury Crash,No,2009,0,South,0,0,1,Hill Road,0,,0,,0,Twilight,33700,0,0,0,2,0,0,0,0,0,,0,0,Northland Region,Nil,2-way,Unsealed,0,0,0,0,100,0,None,1,0,,1,Far North District,Nil,0,0,0,0,0,0,Open,0,0,0,Fine,Null
1740326,5929501,5963,,505604,0,,0,1,,Null,2009/2010,RIVERHEAD ROAD,OLD NORTH ROAD,,Non-Injury Crash,No,2009,,East,,0,,Flat,,,,,,Bright sun,214204,0,0,1,2,,,0,,,,,,Auckland Region,Nil,2-way,Sealed,,0,0,,80,,None,0,0,,76,Auckland,Give way,,,,,0,0,Open,0,,,Fine,Null
1797776,5815142,5964,,528601,0,,0,3,,East,2008/2009,ABERDEEN DRIVE,RUSSLEIGH DRIVE,,Non-Injury Crash,No,2009,,West,,0,,Flat,,,,,,Overcast,919801,0,0,0,2,,,0,,,,,,Waikato Region,Nil,2-way,Sealed,,0,0,,50,,Null,0,0,,16,Hamilton City,Give way,,,,,0,0,Urban,0,,,Light rain,Null
1798415,5815902,5965,,528900,0,,0,2,,Null,2008/2009,NORTON ROAD,LINCOLN ST,,Non-Injury Crash,Yes,2009,,South,,0,,Flat,,,,,,Overcast,915500,0,0,0,2,,,0,,,,,,Waikato Region,Nil,2-way,Sealed,,0,0,,50,,Off,0,0,,16,Hamilton City,Give way,,,,,0,0,Urban,0,,,Light rain,Null
1743770,5427597,5966,,574900,0,0,0,1,0,West,2008/2009,ALLINGTON ROAD,SWADEL WAY,,Non-Injury Crash,No,2009,0,South,0,0,1,Hill Road,0,,0,,0,Bright sun,2110004,0,0,0,2,0,0,0,0,0,,0,0,Wellington Region,Nil,2-way,Sealed,0,0,0,0,50,0,Null,0,0,,47,Wellington City,Nil,0,0,0,0,0,0,Urban,0,0,0,Fine,Null
1753068,5934688,5967,,508704,0,0,0,1,0,North,2008/2009,OTEHA VALLEY ON SBD,SH 1N,,Non-Injury Crash,Yes,2009,0,South,0,0,0,Hill Road,1,,0,,0,Bright sun,179113,0,0,0,1,0,0,0,0,0,,0,1,Auckland Region,Motorway ramp,1-way,Sealed,0,0,0,0,100,0,Off,0,0,,76,Auckland,Nil,0,0,0,0,0,0,Open,0,0,0,Fine,Null
1845737,5791084,5968,,535232,0,,0,1,,Null,2009/2010,SH 5,WEBSTER ROAD,,Non-Injury Crash,Yes,2009,,West,,0,,Flat,,,,,,Bright sun,1127002,0,0,0,2,,,0,,,,,,Waikato Region,Nil,2-way,Sealed,,0,0,,100,,Null,1,0,,19,South Waikato District,Stop,,,,,0,0,Open,0,,,Fine,Null
1407911,4919597,5969,,603300,0,,0,2,,Null,2009/2010,NORTH ROAD,MECHANIC ST,,Minor Crash,No,2009,,North,,0,,Flat,,,,,,Overcast,2873300,1,0,0,2,,,0,,,,,,Otago Region,Nil,2-way,Sealed,,0,0,,50,,Null,0,0,,71,Dunedin City,Give way,,,,,0,0,Urban,0,,,Light rain,Null
1751527,5928306,5970,,508411,0,0,0,2,0,West,2008/2009,MANUKA ROAD,LYNN ROAD,,Serious Crash,No,2009,0,West,0,0,1,Hill Road,0,Easter,1,,0,Dark,185200,0,0,0,1,0,0,0,0,1,1,0,0,Auckland Region,Nil,2-way,Sealed,0,0,1,0,50,0,On,0,0,,76,Auckland,Nil,0,0,0,0,0,0,Urban,0,0,0,Fine,Null
1758129,5915603,5971,,515801,0,,0,2,,North,2008/2009,MANUKAU ROAD,QUEEN MARY AVENUE,,Non-Injury Crash,No,2009,,South,,0,,Flat,,,,,,Bright sun,447200,0,0,0,4,,,0,,,,,,Auckland Region,Nil,2-way,Sealed,,0,0,,50,,Null,0,0,,76,Auckland,Give way,,,,,0,0,Urban,0,,,Fine,Null
1740152,5928150,5972,,505604,0,,0,2,,South,2008/2009,SH 16,OLD RAILWAY ROAD,,Non-Injury Crash,Yes,2009,,North,,0,,Flat,,,,,,Bright sun,214501,0,0,0,2,,,0,,,,,,Auckland Region,Nil,2-way,Sealed,,0,0,,80,,None,0,0,,76,Auckland,Nil,,,,,0,0,Open,0,,,Fine,Null
1887915,5822756,5973,,536516,0,0,0,2,0,East,2008/2009,GRAVATT ROAD,HARTFORD AVENUE,,Non-Injury Crash,No,2009,0,West,0,0,1,Flat,0,,0,,0,Dark,1205063,0,0,0,2,0,0,0,0,1,,0,0,Bay of Plenty Region,Nil,2-way,Sealed,0,0,0,0,50,0,On,0,0,,23,Tauranga City,Unknown,0,0,0,0,0,0,Urban,0,0,0,Heavy rain,Null
1757754,5918222,5974,,515700,0,0,0,1,0,South,2009/2010,SH 1N,KHYBER PASS OFF NBD,,Non-Injury Crash,Yes,2009,1,North,0,0,0,Flat,0,,0,,0,Bright sun,443600,0,0,0,5,0,0,0,0,0,,0,0,Auckland Region,Nil,1-way,Sealed,0,0,0,0,80,0,Off,0,0,,76,Auckland,Nil,0,0,0,0,0,0,Open,0,0,0,Fine,Null
1766779,5912791,5975,,522920,0,,0,1,,North,2009/2010,TI RAKAU DRIVE,MATTSON ROAD,,Non-Injury Crash,No,2009,,North,,0,,Flat,,,,,,Bright sun,684800,0,0,0,4,,,0,,,,,,Auckland Region,Nil,2-way,Sealed,,0,0,,50,,Off,0,0,,76,Auckland,Nil,,,,,1,0,Urban,0,,,Fine,Null
1764973,5910592,5976,,521801,0,,0,2,,Null,2009/2010,SH 1N,OTAHUHU ON NBD,,Non-Injury Crash,Yes,2009,,North,,0,,Flat,,,,,,Bright sun,787200,0,0,0,3,,,0,,,,,,Auckland Region,Nil,1-way,Sealed,,0,0,,100,,Off,0,0,,76,Auckland,Nil,,,,,0,0,Open,0,,,Fine,Null
1569638,5199835,5977,,586129,0,0,0,1,0,South,2008/2009,SH 71,FERNSIDE ROAD,,Minor Crash,Yes,2009,0,North,0,0,0,Flat,0,,0,,0,Bright sun,2449600,1,0,0,2,0,1,0,0,0,,0,1,Canterbury Region,Nil,2-way,Sealed,0,0,0,0,100,0,Null,0,0,,59,Waimakariri District,Unknown,0,0,0,0,0,0,Open,0,0,0,Fine,Null
1757648,5944181,5978,,505902,0,,0,2,,Null,2009/2010,WHANGAPARAOA ROAD,TIRI ROAD S,,Non-Injury Crash,No,2009,,South,,0,,Flat,,,,,,Overcast,174412,0,0,0,2,,,0,,,,,,Auckland Region,Nil,2-way,Sealed,,0,0,,50,,Off,0,0,,76,Auckland,Give way,,,,,0,0,Urban,0,,,Heavy rain,Strong wind
1569451,5178102,5979,,595000,0,0,0,1,0,Null,2009/2010,SELWYN ST,CORONATION ST,,Minor Crash,No,2009,0,South,0,0,1,Flat,0,,0,,0,Dark,2643700,1,0,0,2,0,0,0,0,0,,0,0,Canterbury Region,Nil,2-way,Sealed,0,0,0,0,50,0,On,0,0,,60,Christchurch City,Give way,0,0,0,0,0,0,Urban,0,0,0,Fine,Null
1406429,4916614,5980,,602900,0,0,0,1,0,North,2009/2010,SH 1S,BURLINGTON ST,,Serious Crash,Yes,2009,0,South,0,0,0,Flat,0,,0,,0,Dark,2895300,0,0,0,4,0,0,0,0,0,,0,1,Otago Region,Nil,1-way,Sealed,0,0,2,0,50,0,On,0,0,,71,Dunedin City,Unknown,0,0,0,0,0,0,Urban,0,0,0,Fine,Null
1773277,5472906,5981,,563706,0,0,0,2,0,Null,2008/2009,KOHEKOHE ROAD,HOROPITO ROAD,,Non-Injury Crash,No,2009,0,East,0,0,1,Flat,0,,0,,0,Bright sun,1875400,0,0,0,2,0,0,0,0,0,,0,0,Wellington Region,Nil,2-way,Sealed,0,0,0,0,50,0,Null,0,0,,43,Kapiti Coast District,Give way,0,0,0,0,0,0,Urban,0,0,0,Fine,Null
1763803,5913681,5982,,520402,0,,0,2,,South,2008/2009,MOUNT WELLINGTON HIGHWAY,WAIPUNA ROAD,,Non-Injury Crash,No,2009,,South,,0,,Flat,,,,,,Overcast,640002,0,0,0,6,,,0,,,,,,Auckland Region,Nil,2-way,Sealed,,0,0,,50,,Off,0,0,,76,Auckland,Nil,,,,,0,0,Urban,0,,,Fine,Null
1774938,5446398,5983,,566800,0,,0,2,,East,2008/2009,SH 2,TOTARA PARK ROAD,,Non-Injury Crash,Yes,2009,,East,,0,,Flat,,,,,,Dark,1910200,0,0,0,2,,,0,,,,,,Wellington Region,Nil,2-way,Sealed,,0,0,,100,,On,0,0,,45,Upper Hutt City,Nil,,,,,0,0,Open,0,,,Heavy rain,Null
1761749,5906566,5984,,524112,0,,0,1,,Null,2009/2010,MASSEY ROAD,MASSEY ON SBD,,Non-Injury Crash,No,2009,,East,,0,,Flat,,,,,,Bright sun,742300,0,0,0,5,,,0,,,,,,Auckland Region,Bridge,2-way,Sealed,,0,0,,50,,Off,0,0,,76,Auckland,Traffic Signals,,,,,1,0,Urban,0,,,Fine,Null
1768112,5904027,5985,,524602,0,,0,1,,North,2008/2009,SH 1N,MANUKAU OFF NBD,,Non-Injury Crash,Yes,2009,,North,,0,,Flat,,,,,,Overcast,780501,0,0,0,3,,,0,,,,,,Auckland Region,Nil,2-way,Sealed,,0,0,,100,,Null,1,0,,76,Auckland,Unknown,,,,,0,0,Open,0,,,Fine,Null
1845609,5828379,5986,,534604,0,0,0,0,0,Null,2008/2009,MANAWARU ROAD,CLARK ROAD,,Non-Injury Crash,No,2009,0,West,0,0,0,Flat,0,,0,,0,Bright sun,1110000,0,0,0,2,0,1,0,0,0,,0,0,Waikato Region,Nil,2-way,Sealed,0,0,0,0,100,0,Null,0,0,,15,Matamata-Piako District,Nil,0,0,0,0,1,0,Open,0,0,0,Fine,Null
1748439,5427256,5987,,573101,0,,0,1,,South,2009/2010,WILLIS ST,DIXON ST,,Minor Crash,No,2009,,North,,0,,Flat,,,,,,Bright sun,2131600,1,1,0,2,,,0,,,,,,Wellington Region,Nil,2-way,Sealed,,0,0,,50,,Null,0,0,,47,Wellington City,Nil,,,,,0,0,Urban,0,,,Fine,Null
1387931,5114552,5988,,600323,0,0,0,1,1,South,2008/2009,SH 8,TEKAPO CANAL ROAD S,,Minor Crash,Yes,2009,0,North,1,0,0,Flat,0,Christmas New Year,0,,0,Bright sun,2814102,3,0,0,2,0,0,0,0,0,,0,0,Canterbury Region,Nil,2-way,Sealed,0,0,0,0,100,0,Null,1,0,,65,Mackenzie District,Unknown,0,0,0,0,0,0,Open,0,0,0,Fine,Null
1767643,5900315,5989,,524720,0,0,0,1,0,Null,2008/2009,WEYMOUTH ROAD,WORDSWORTH ROAD,,Non-Injury Crash,No,2009,0,East,0,0,0,Flat,0,,0,,0,Dark,776900,0,0,0,2,0,0,0,0,0,,0,0,Auckland Region,Nil,2-way,Sealed,0,0,0,0,50,0,On,0,0,,76,Auckland,Give way,1,1,0,0,0,0,Urban,0,0,0,Fine,Null
1932495,5618022,5990,,547100,1,0,0,1,0,East,2009/2010,KENNEDY ROAD,LAMASON ST,,Minor Crash,No,2009,0,East,0,0,0,Flat,0,,0,,0,Bright sun,1454900,1,0,0,2,0,0,0,0,0,,0,0,Hawke's Bay Region,Nil,2-way,Sealed,0,0,0,0,50,0,Null,0,0,,31,Napier City,Nil,0,0,0,0,0,0,Urban,0,1,0,Fine,Null
1766089,5899988,5991,,524822,0,,0,2,,Null,2009/2010,ROBERT ROSS PLACE,ROBERT SKELTON PLACE,,Non-Injury Crash,No,2009,,West,,0,,Flat,,,,,,Bright sun,774434,0,0,0,2,,,0,,,,,,Auckland Region,Nil,2-way,Sealed,,0,0,,50,,Off,0,0,,76,Auckland,Give way,,,,,0,0,Urban,0,,,Fine,Null
1755962,5926779,5992,,508620,0,,0,2,,Null,2008/2009,NORTHCOTE ROAD,SUNNYBRAE ROAD,,Non-Injury Crash,No,2009,,West,,0,,Flat,,,,,,Overcast,204702,0,0,0,2,,,0,,,,,,Auckland Region,Nil,2-way,Sealed,,0,0,,50,,Off,0,0,,76,Auckland,Traffic Signals,,,,,0,0,Urban,0,,,Light rain,Null
1849784,5764424,5993,,535360,0,0,0,1,0,West,2009/2010,ARAWA CRESCENT,BALMORAL DRIVE,,Non-Injury Crash,No,2009,0,North,0,0,0,Flat,0,,0,,1,Bright sun,1145600,0,0,0,2,0,0,0,0,0,,0,0,Waikato Region,Nil,2-way,Sealed,0,0,0,0,50,0,Off,0,0,,19,South Waikato District,Nil,0,0,0,0,0,0,Urban,0,0,0,Fine,Null
1856922,5731656,5994,,541334,0,0,0,0,0,East,2009/2010,FOREST ROAD,PAERATA ROAD,,Non-Injury Crash,No,2009,0,East,0,0,0,Hill Road,0,,0,,0,Bright sun,1276700,0,0,0,2,0,0,0,1,0,,0,0,Waikato Region,Nil,2-way,Unsealed,0,0,0,0,100,0,Null,0,0,,21,Taupo District,Unknown,0,0,0,1,0,0,Open,1,0,0,Fine,Null
2036450,5708809,5995,,544600,0,,0,2,,Null,2008/2009,DISRAELI ST,CHILDERS ROAD,,Non-Injury Crash,No,2009,,South,,0,,Flat,,,,,,Bright sun,1372600,0,0,0,2,,,0,,,,,,Gisborne Region,Nil,2-way,Sealed,,0,0,,50,,Null,0,0,,28,Gisborne District,Stop,,,,,0,0,Urban,0,,,Fine,Null
1680700,6025664,5996,,504502,0,0,0,0,0,North,2008/2009,SH 14,TE WHARAU ROAD,,Non-Injury Crash,Yes,2009,0,South,0,0,0,Flat,0,,0,,0,Dark,119800,0,0,0,2,0,0,0,0,0,,0,0,Northland Region,Nil,2-way,Sealed,0,0,0,0,100,0,None,1,0,,3,Kaipara District,Nil,0,0,0,1,0,0,Open,0,0,0,Light rain,Null
1571769,5180044,5997,,593501,0,,0,2,,Null,2008/2009,FITZGERALD AVENUE,HEREFORD ST,,Minor Crash,No,2009,,South,,0,,Flat,,,,,,Dark,2608500,2,0,0,4,,,0,,,,,,Canterbury Region,Nil,2-way,Sealed,,0,0,,50,,On,0,0,,60,Christchurch City,Traffic Signals,,,,,0,0,Urban,0,,,Heavy rain,Null
1771568,5897753,5998,,523912,0,,0,2,,South,2008/2009,GREAT SOUTH ROAD,WALTERS ROAD,,Non-Injury Crash,No,2009,,South,,0,,Flat,,,,,,Dark,766200,0,0,0,2,,,0,,,,,,Auckland Region,Nil,2-way,Sealed,,0,0,,50,,On,0,0,,76,Auckland,Nil,,,,,0,0,Urban,0,,,Fine,Null
1716536,6058267,5999,,504300,0,,0,2,,East,2009/2010,GEORGE ST,SH 1N,,Non-Injury Crash,No,2009,,West,,0,,Flat,,,,,,Bright sun,63500,0,0,0,2,,,0,,,,,,Northland Region,Nil,2-way,Sealed,,0,0,,50,,Off,0,0,,2,Whangarei District,Stop,,,,,0,0,Urban,0,,,Null,Null
1746934,5912278,6000,,512600,0,,0,2,,Null,2008/2009,KAURILANDS ROAD,KONINI ROAD,,Non-Injury Crash,No,2009,,South,,0,,Flat,,,,,,Bright sun,298302,0,0,0,1,,,0,,,,,,Auckland Region,Nil,2-way,Sealed,,0,0,,50,,Off,1,0,,76,Auckland,Nil,,,,,0,0,Urban,0,,,Fine,Null
1751096,5915766,6001,,514401,0,,0,1,,Null,2008/2009,GREAT NORTH ROAD,ASH ST,,Non-Injury Crash,No,2009,,North,,0,,Flat,,,,,,Bright sun,381801,0,0,0,3,,,0,,,,,,Auckland Region,Nil,2-way,Sealed,,0,0,,50,,Off,0,0,,76,Auckland,Traffic Signals,,,,,0,0,Urban,1,,,Fine,Null
1792859,5769863,6002,,531301,0,,0,1,,South,2009/2010,SH 3,OTEWA ROAD,,Non-Injury Crash,Yes,2009,,North,,0,,Flat,,,,,,Bright sun,995701,0,0,0,2,,,0,,,,,,Waikato Region,Nil,2-way,Sealed,,0,0,,100,,Null,0,0,,18,Ōtorohanga District,Unknown,,,,,1,0,Open,0,,,Fine,Null
1877553,5822158,6003,,538101,0,0,0,1,0,South,2009/2010,CLARKE ST,SEVENTEENTH AVENUE,,Non-Injury Crash,No,2009,0,North,1,0,0,Flat,0,,0,,0,Bright sun,1170400,0,0,0,2,0,0,0,0,0,,0,0,Bay of Plenty Region,Nil,2-way,Sealed,0,0,0,0,50,0,Null,0,0,,23,Tauranga City,Unknown,0,0,0,0,0,0,Urban,0,0,0,Fine,Null