X,Y,OBJECTID,advisorySpeed,areaUnitID,bicycle,bridge,bus,carStationWagon,cliffBank,crashDirectionDescription,crashFinancialYear,crashLocation1,crashLocation2,crashRoadSideRoad,crashSeverity,crashSHDescription,crashYear,debris,directionRoleDescription,ditch,fatalCount,fence,flatHill,guardRail,holiday,houseOrBuilding,intersection,kerb,light,meshblockId,minorInjuryCount,moped,motorcycle,NumberOfLanes,objectThrownOrDropped,otherObject,otherVehicleType,overBank,parkedVehicle,pedestrian,phoneBoxEtc,postOrPole,region,roadCharacter,roadLane,roadSurface,roadworks,schoolBus,seriousInjuryCount,slipOrFlood,speedLimit,strayAnimal,streetLight,suv,taxi,temporarySpeedLimit,tlaId,tlaName,trafficControl,trafficIsland,trafficSign,train,tree,truck,unknownVehicleType,urban,vanOrUtility,vehicle,waterRiver,weatherA,weatherB
1755047,5929215,6004,,508420,0,,0,2,,North,2009/2010,TARGET ROAD,WAIRAU ROAD,,Non-Injury Crash,No,2009,,South,,0,,Hill Road,,,,,,Bright sun,183800,0,0,0,1,,,0,,,,,,Auckland Region,Nil,2-way,Sealed,,0,0,,50,,Off,0,0,,76,Auckland,Traffic Signals,,,,,0,0,Urban,0,,,Fine,Null
1765166,5914666,6005,,520602,0,,1,1,,West,2009/2010,QUEENS ROAD,PILKINGTON ROAD,,Non-Injury Crash,No,2009,,North,,0,,Flat,,,,,,Bright sun,628700,0,0,0,2,,,0,,,,,,Auckland Region,Nil,2-way,Sealed,,0,0,,50,,Off,0,0,,76,Auckland,Traffic Signals,,,,,0,0,Urban,0,,,Fine,Null
1760884,5433839,6006,,568702,0,0,0,1,0,North,2008/2009,GRACEFIELD ON,GRACEFIELD OFF,,Non-Injury Crash,No,2009,0,North,0,0,0,Flat,0,,0,,0,Overcast,1979100,0,0,0,2,0,0,0,0,0,,0,1,Wellington Region,Nil,2-way,Sealed,0,0,0,0,50,0,Null,0,0,,46,Lower Hutt City,Nil,0,0,0,0,0,0,Urban,0,0,0,Fine,Null
1347250,4873124,6007,,607400,0,,0,1,,West,2008/2009,WILSON ROAD,FRANCIS ST,,Serious Crash,No,2009,,East,,0,,Hill Road,,,,,,Overcast,2995500,1,0,0,1,,,0,,,,,,Otago Region,Nil,2-way,Sealed,,0,1,,50,,Null,1,0,,72,Clutha District,Unknown,,,,,0,0,Urban,0,,,Fine,Null
1762740,5913815,6008,,520401,0,,0,2,,West,2008/2009,PENROSE ROAD,PANORAMA ROAD,,Non-Injury Crash,No,2009,,West,,0,,Flat,,,,,,Bright sun,644504,0,0,0,2,,,0,,,,,,Auckland Region,Nil,2-way,Sealed,,0,0,,50,,Off,0,0,,76,Auckland,Nil,,,,,0,0,Urban,0,,,Fine,Null
1757147,5920279,6009,,514102,0,0,0,2,0,West,2008/2009,WELLESLEY ST WEST,ALBERT ST,,Non-Injury Crash,No,2009,0,West,0,0,0,Flat,0,,0,,0,Bright sun,433802,0,0,0,2,0,0,0,0,0,,0,0,Auckland Region,Nil,2-way,Sealed,0,0,0,0,50,0,Off,0,1,,76,Auckland,Traffic Signals,0,0,0,0,0,0,Urban,0,1,0,Null,Null
1764946,5908255,6010,,523404,0,,0,2,,Null,2009/2010,GREAT SOUTH ROAD,BAIRDS ROAD,,Non-Injury Crash,No,2009,,North,,0,,Flat,,,,,,Bright sun,696801,0,0,0,4,,,0,,,,,,Auckland Region,Nil,2-way,Sealed,,0,0,,50,,Null,0,0,,76,Auckland,Traffic Signals,,,,,0,0,Urban,0,,,Fine,Null
1754222,5933114,6011,,508805,0,,0,2,,Null,2009/2010,APOLLO DRIVE,ROSEDALE ROAD,,Non-Injury Crash,No,2009,,North,,0,,Flat,,,,,,Dark,180866,0,0,0,2,,,0,,,,,,Auckland Region,Nil,2-way,Sealed,,0,0,,50,,On,0,0,,76,Auckland,Give way,,,,,0,0,Urban,0,,,Fine,Null
1745064,5914600,6012,,512904,0,,0,2,,North,2009/2010,SEYMOUR ROAD,BORICH ROAD,,Non-Injury Crash,No,2009,,North,,0,,Flat,,,,,,Unknown,278104,0,0,0,2,,,0,,,,,,Auckland Region,Nil,2-way,Sealed,,0,0,,50,,Off,0,0,,76,Auckland,Nil,,,,,0,0,Urban,0,,,Fine,Null
1757213,5919378,6013,,514301,0,,0,2,,South,2009/2010,SYMONDS ST,KARANGAHAPE ROAD,,Non-Injury Crash,No,2009,,North,,0,,Flat,,,,,,Dark,441200,0,0,0,2,,,0,,,,,,Auckland Region,Nil,2-way,Sealed,,0,0,,50,,On,0,0,,76,Auckland,Traffic Signals,,,,,0,0,Urban,0,,,Fine,Null
1752074,5422604,6014,,577102,0,,0,1,,North,2009/2010,TAIAROA ST,TUKANAE ST,,Non-Injury Crash,No,2009,,South,,0,,Hill Road,,,,,,Overcast,2215900,0,0,0,2,,,0,,,,,,Wellington Region,Nil,2-way,Sealed,,0,0,,50,,Null,0,0,,47,Wellington City,Nil,,,,,0,0,Urban,1,,,Fine,Null
1766262,5905375,6015,,522202,0,,0,2,,Null,2009/2010,CARRUTH ROAD,FITZROY STREET,,Non-Injury Crash,No,2009,,East,,0,,Flat,,,,,,Bright sun,665700,0,0,0,2,,,0,,,,,,Auckland Region,Nil,2-way,Sealed,,0,0,,50,,Off,0,0,,76,Auckland,Stop,,,,,0,0,Urban,0,,,Fine,Null
1799266,5817367,6016,,528700,0,0,0,2,0,West,2009/2010,FOREST LAKE ROAD,TE RAPA ROAD,,Non-Injury Crash,No,2009,0,East,0,0,0,Flat,0,,0,,0,Dark,901500,0,0,0,2,0,0,0,0,0,,0,0,Waikato Region,Nil,2-way,Sealed,0,0,0,0,50,0,On,0,0,,16,Hamilton City,Traffic Signals,1,0,0,0,0,0,Urban,0,0,0,Fine,Null
1769818,5889937,6017,,521202,0,0,0,1,0,North,2009/2010,WHANGAPOURI ROAD,SH 22,,Non-Injury Crash,No,2009,0,South,1,0,0,Hill Road,0,,0,,0,Dark,807100,0,0,0,2,0,0,0,0,0,,0,0,Auckland Region,Nil,2-way,Sealed,0,0,0,0,100,0,None,0,0,,76,Auckland,Nil,0,0,0,0,0,0,Open,0,0,0,Light rain,Null
1756914,5918198,6018,,518101,1,,0,1,,North,2008/2009,MOUNT EDEN ROAD,SYLVAN AVENUE,,Non-Injury Crash,No,2009,,North,,0,,Flat,,,,,,Bright sun,542502,0,0,0,2,,,0,,,,,,Auckland Region,Nil,2-way,Sealed,,0,0,,50,,None,0,0,,76,Auckland,Nil,,,,,0,0,Urban,0,,,Fine,Null
1698145,5639191,6019,65,553004,0,0,0,1,0,West,2008/2009,OPUNAKE ROAD,MANAIA ROAD,,Non-Injury Crash,No,2009,0,East,0,0,0,Flat,0,,0,,0,Overcast,1616700,0,0,0,2,0,0,0,0,0,,0,1,Taranaki Region,Nil,2-way,Sealed,0,0,0,0,100,0,Null,0,0,,34,Stratford District,Nil,0,0,0,0,0,0,Open,0,0,0,Heavy rain,Null
2034406,5708845,6020,,544400,0,0,0,1,0,Null,2008/2009,SCOTT ST,KENT ST,,Non-Injury Crash,No,2009,0,East,0,0,0,Flat,0,Christmas New Year,0,,1,Dark,1374400,0,0,0,2,0,0,0,0,0,,0,0,Gisborne Region,Nil,2-way,Sealed,0,0,0,0,50,0,On,0,0,,28,Gisborne District,Nil,0,0,0,0,0,0,Urban,0,0,0,Fine,Null
1756674,5919910,6021,,514102,0,,0,1,,West,2008/2009,UNION ST,NELSON ST,,Non-Injury Crash,No,2009,,East,,0,,Flat,,,,,,Dark,435500,0,0,0,4,,,0,,,,,,Auckland Region,Nil,2-way,Sealed,,0,0,,50,,None,1,1,,76,Auckland,Traffic Signals,,,,,0,0,Urban,0,,,Fine,Null
1761559,5446444,6022,,565603,0,,0,0,,West,2009/2010,SH 58,BELMONT ROAD,,Non-Injury Crash,Yes,2009,,East,,0,,Flat,,,,,,Overcast,2072525,0,0,0,2,,,0,,,,,,Wellington Region,Nil,2-way,Sealed,,0,0,,100,,Null,0,0,,44,Porirua City,Nil,,,,,0,0,Open,1,,,Fine,Null
1762174,5913665,6023,,520500,0,,0,3,,North,2008/2009,SH 1N,PENROSE OBR,,Non-Injury Crash,Yes,2009,,North,,0,,Flat,,,,,,Dark,637000,0,0,0,2,,,0,,,,,,Auckland Region,Nil,1-way,Sealed,,0,0,,100,,On,0,0,,76,Auckland,Nil,,,,,0,0,Open,0,,,Heavy rain,Null
1757155,5925840,6024,,509702,0,,0,2,,South,2009/2010,SH 1N,ESMONDE OBR,,Non-Injury Crash,Yes,2009,,South,,0,,Flat,,,,,,Dark,364602,0,0,0,3,,,0,,,,,,Auckland Region,Nil,1-way,Sealed,,0,0,,100,,On,1,0,,76,Auckland,Unknown,,,,,0,0,Open,0,,,Fine,Null
1840029,5520778,6025,,577900,0,0,0,1,0,North,2008/2009,RIDGE ROAD NORTH,PAHIATUA MANGAHAO ROAD,,Non-Injury Crash,No,2009,0,North,0,0,0,Hill Road,0,,0,,0,Dark,2220600,0,0,0,2,0,0,0,0,0,,0,0,Manawatū-Whanganui Region,Nil,2-way,Unsealed,0,0,0,0,100,0,None,0,0,,41,Tararua District,Nil,0,0,0,1,0,0,Open,0,0,0,Fine,Null
1821612,5922624,6026,,533200,0,,0,1,,South,2008/2009,SH 25,TE KOUMA ROAD,,Non-Injury Crash,Yes,2009,,North,,0,,Hill Road,,Easter,,,,Bright sun,1046401,0,0,0,2,,,0,,,,,,Waikato Region,Nil,2-way,Sealed,,0,0,,100,,Null,0,0,,11,Thames-Coromandel District,Unknown,,,,,1,0,Open,0,,,Fine,Null
1692270,6083542,6027,,501500,0,,0,2,,Null,2009/2010,SH 1N,LEAITY ST,,Non-Injury Crash,Yes,2009,,West,,0,,Flat,,,,,,Bright sun,55600,0,0,0,2,,,0,,,,,,Northland Region,Nil,2-way,Sealed,,0,0,,60,,Off,0,0,,1,Far North District,Give way,,,,,0,0,Urban,0,,,Fine,Null
1819573,5529231,6028,,562710,0,,0,2,,Null,2009/2010,HIGHBURY AVENUE,BRENTWOOD AVENUE,,Non-Injury Crash,No,2009,,South,,0,,Flat,,,,,,Overcast,1819600,0,0,0,2,,,0,,,,,,Manawatū-Whanganui Region,Nil,2-way,Sealed,,0,0,,50,,Null,0,0,,40,Palmerston North City,Give way,,,,,0,0,Urban,0,,,Fine,Null
1940442,5796292,6029,,542530,0,0,0,1,0,East,2009/2010,THORNTON HALL ROAD,THORNTON ROAD,,Non-Injury Crash,No,2009,0,West,1,0,0,Flat,0,,0,,0,Dark,1299800,0,0,0,2,0,0,0,0,0,,0,0,Bay of Plenty Region,Nil,2-way,Sealed,0,0,0,0,50,0,None,0,0,,25,Whakatane District,Nil,0,0,0,0,0,0,Urban,0,0,0,Light rain,Null
1693664,5675427,6030,,552200,0,0,0,0,0,Null,2009/2010,Z CPK RACECOURSE,ROGAN/GOVER,,Non-Injury Crash,No,2009,0,East,0,0,0,Flat,0,,0,,0,Overcast,1601100,0,0,0,0,0,0,0,0,1,,0,0,Taranaki Region,Nil,Off road,Sealed,0,0,0,0,50,0,Null,0,0,,33,New Plymouth District,Nil,0,0,0,0,2,0,Urban,0,0,0,Fine,Null
1678691,6018982,6031,,504501,0,1,0,0,0,South,2008/2009,POUTO ROAD,SPRING ST,,Non-Injury Crash,No,2009,0,North,0,0,0,Flat,0,Queens Birthday,0,,0,Overcast,124300,0,0,0,2,0,0,0,0,0,,0,0,Northland Region,Nil,2-way,Sealed,0,0,0,0,100,0,Null,1,0,,3,Kaipara District,Unknown,0,0,0,0,0,0,Open,0,0,0,Fine,Null
1756535,5916758,6032,,518201,0,,0,2,,Null,2008/2009,GRANGE ROAD,HENLEY ROAD,,Non-Injury Crash,No,2009,,North,,0,,Flat,,,,,,Bright sun,549400,0,0,0,4,,,0,,,,,,Auckland Region,Nil,2-way,Sealed,,0,0,,50,,Null,0,0,,76,Auckland,Give way,,,,,0,0,Urban,0,,,Fine,Null
1838330,5858149,6033,,534200,0,,0,1,,North,2009/2010,SH 2,JACKSON ROAD,,Non-Injury Crash,Yes,2009,,South,,0,,Flat,,,,,,Overcast,1075400,0,0,0,2,,,0,,,,,,Waikato Region,Nil,2-way,Sealed,,0,0,,100,,Null,1,0,,12,Hauraki District,Unknown,,,,,0,0,Open,0,,,Fine,Null
1827430,5673853,6034,,541501,0,0,0,0,0,East,2009/2010,SH 46,PAPAKAI MARAE,,Non-Injury Crash,Yes,2009,0,North,1,0,0,Flat,0,,0,,0,Overcast,1029002,0,0,0,2,0,0,0,0,0,,0,0,Waikato Region,Nil,2-way,Sealed,0,0,0,0,100,0,Null,0,0,,21,Taupo District,Unknown,0,0,0,0,0,0,Open,1,0,0,Fine,Strong wind
1620790,5427705,6035,,583700,1,,0,1,,West,2008/2009,WAIMEA ROAD,WATERHOUSE ST,,Non-Injury Crash,No,2009,,West,,0,,Flat,,,,,,Bright sun,2338100,0,0,0,2,,,0,,,,,,Nelson Region,Nil,2-way,Sealed,,0,0,,50,,Null,0,0,,52,Nelson City,Nil,,,,,0,0,Urban,0,,,Fine,Null
1679553,5405497,6036,,581220,0,0,0,2,0,East,2008/2009,OLD RENWICK ROAD,LANSDOWNE ROAD,,Non-Injury Crash,No,2009,0,West,0,0,0,Flat,0,,0,,0,Overcast,2293700,0,0,0,2,0,0,0,0,1,,0,0,Marlborough Region,Nil,2-way,Sealed,0,0,0,0,50,0,Null,0,0,,53,Marlborough District,Nil,0,0,0,0,1,0,Urban,0,0,0,Fine,Null
1804475,5813715,6037,,530800,0,,0,1,,Null,2009/2010,SH 1N,SH 26,,Non-Injury Crash,Yes,2009,,North,,0,,Flat,,,,,,Overcast,883500,0,0,0,4,,,0,,,,,,Waikato Region,Nil,2-way,Sealed,,0,0,,60,,Null,1,0,,16,Hamilton City,Give way,,,,,0,0,Urban,0,,,Fine,Null
1754558,5912638,6038,,519001,0,0,0,2,0,South,2009/2010,RICHARDSON ROAD,FREER ST,,Non-Injury Crash,No,2009,0,South,0,0,0,Flat,0,,0,,0,Overcast,588600,0,0,0,2,0,0,0,0,1,,0,0,Auckland Region,Nil,2-way,Sealed,0,0,0,0,50,0,Off,0,0,,76,Auckland,Nil,0,0,0,0,0,0,Urban,0,0,0,Light rain,Null
1939488,5788051,6039,,542530,0,0,0,1,0,East,2009/2010,SH 2,MELVILLE ROAD,,Non-Injury Crash,Yes,2009,0,West,0,0,1,Flat,0,,0,,0,Dark,1300901,0,0,0,2,0,0,0,0,0,,0,0,Bay of Plenty Region,Nil,2-way,Sealed,0,0,0,0,100,0,On,0,0,,25,Whakatane District,Unknown,0,0,0,1,0,0,Open,0,0,0,Fine,Null
1759131,5910131,6040,,524002,0,0,0,1,0,South,2009/2010,CORONATION ROAD,RIMU ROAD,,Non-Injury Crash,No,2009,0,West,0,0,0,Flat,0,,0,,0,Dark,722502,0,0,0,2,0,0,0,0,1,,0,0,Auckland Region,Nil,2-way,Sealed,0,0,0,0,50,0,On,0,0,,76,Auckland,Nil,0,0,0,0,0,0,Urban,1,0,0,Fine,Null
1766254,5899925,6041,,524822,0,,0,1,,South,2009/2010,ROSCOMMON ROAD,ROBERT ROSS PLACE,,Non-Injury Crash,No,2009,,North,,0,,Flat,,,,,,Bright sun,774431,0,0,0,2,,,0,,,,,,Auckland Region,Nil,2-way,Sealed,,0,0,,50,,Null,0,0,,76,Auckland,Give way,,,,,0,0,Urban,1,,,Fine,Null
1758232,5916396,6042,,519200,0,,0,2,,Null,2009/2010,MANUKAU ROAD,RANFURLY ROAD,,Non-Injury Crash,No,2009,,West,,0,,Flat,,,,,,Dark,614801,0,0,0,2,,,0,,,,,,Auckland Region,Nil,2-way,Sealed,,0,0,,50,,On,0,0,,76,Auckland,Traffic Signals,,,,,0,0,Urban,0,,,Light rain,Null
1761972,5913415,6043,,519500,0,,0,1,,Null,2009/2010,GREAT SOUTH ROAD,PENROSE ROAD,,Non-Injury Crash,No,2009,,South,,0,,Flat,,,,,,Overcast,621500,0,0,0,4,,,0,,,,,,Auckland Region,Nil,2-way,Sealed,,0,0,,50,,Null,1,0,,76,Auckland,Traffic Signals,,,,,0,0,Urban,0,,,Fine,Null
1936959,5621064,6044,,546901,0,,0,2,,Null,2008/2009,HASTINGS ST,VAUTIER ST,,Non-Injury Crash,No,2009,,South,,0,,Flat,,,,,,Bright sun,1430200,0,0,0,2,,,0,,,,,,Hawke's Bay Region,Nil,2-way,Sealed,,0,0,,50,,Null,0,0,,31,Napier City,Stop,,,,,0,0,Urban,0,,,Fine,Null
1757896,5920611,6045,,514103,0,,0,2,,East,2009/2010,EDEN CRESCENT,PRINCES ST,,Non-Injury Crash,No,2009,,West,,0,,Hill Road,,,,,,Bright sun,437800,0,0,0,2,,,0,,,,,,Auckland Region,Nil,2-way,Sealed,,0,0,,50,,Null,0,0,,76,Auckland,Unknown,,,,,0,0,Urban,0,,,Fine,Null
1678467,6023019,6046,,504600,0,,0,1,,East,2009/2010,RANFURLY ST,PLUNKET ST,,Non-Injury Crash,No,2009,,East,,0,,Flat,,,,,,Bright sun,115900,0,0,0,2,,,0,,,,,,Northland Region,Nil,2-way,Sealed,,0,0,,50,,Off,0,0,,3,Kaipara District,Nil,,,,,0,0,Urban,1,,,Fine,Null
1758437,5918093,6047,,517400,0,,0,2,,Null,2008/2009,BROADWAY,REMUERA ROAD,,Non-Injury Crash,No,2009,,West,,0,,Flat,,,,,,Overcast,451300,0,0,0,4,,,0,,,,,,Auckland Region,Nil,2-way,Sealed,,0,0,,50,,Null,0,0,,76,Auckland,Traffic Signals,,,,,0,0,Urban,0,,,Light rain,Null
1718760,6044711,6048,,503600,0,,0,2,,West,2008/2009,TAREWA ROAD,HILLTOP AVENUE,,Non-Injury Crash,No,2009,,West,,0,,Hill Road,,,,,,Overcast,104200,0,0,0,2,,,0,,,,,,Northland Region,Nil,2-way,Sealed,,0,0,,50,,Off,0,0,,2,Whangarei District,Nil,,,,,0,0,Urban,0,,,Light rain,Null
1678766,5642142,6049,,553302,0,0,0,1,0,West,2008/2009,ARAWHATA ROAD,WIREMU ROAD,,Non-Injury Crash,No,2009,0,South,0,0,0,Hill Road,0,,0,,0,Dark,1628700,0,0,0,2,0,0,0,0,0,,0,0,Taranaki Region,Nil,2-way,Sealed,0,0,0,0,100,0,None,0,0,,35,South Taranaki District,Nil,0,0,0,0,0,0,Open,0,0,0,Fine,Null
1886902,5751688,6050,,538850,0,1,0,0,0,West,2008/2009,WAIKITE VALLEY ROAD,CORBETT ROAD,,Non-Injury Crash,No,2009,0,West,0,0,0,Flat,0,,0,,0,Dark,1262200,0,0,0,1,0,0,0,0,0,,0,0,Waikato Region,Bridge,2-way,Sealed,0,0,0,0,100,0,None,1,0,,24,Rotorua District,Nil,0,0,0,0,0,0,Open,0,0,1,Mist or Fog,Null
1758415,5926589,6051,,508020,0,,0,0,,Null,2009/2010,ESMONDE ROAD,LAKE ROAD,,Non-Injury Crash,No,2009,,North,,0,,Flat,,,,,,Dark,325402,0,0,0,5,,,0,,,,,,Auckland Region,Nil,2-way,Sealed,,0,0,,50,,On,0,0,,76,Auckland,Traffic Signals,,,,,0,0,Urban,1,,,Fine,Null
1757823,5449891,6052,,572000,0,0,0,1,0,East,2008/2009,GRAYS ROAD,MO ST,,Non-Injury Crash,No,2009,0,East,0,0,0,Flat,0,,0,,0,Dark,2069005,0,0,0,2,0,0,0,1,0,,0,0,Wellington Region,Nil,2-way,Sealed,0,0,0,0,80,0,None,0,0,,44,Porirua City,Nil,0,0,0,1,0,0,Open,0,0,0,Heavy rain,Null
1755270,5924719,6053,,509800,0,,0,1,,West,2009/2010,ONEWA ROAD,CHURCH ST,,Non-Injury Crash,No,2009,,West,,0,,Hill Road,,,,,,Overcast,360200,0,0,0,2,,,0,,,,,,Auckland Region,Nil,2-way,Sealed,,0,0,,50,,Null,0,0,,76,Auckland,Unknown,,,,,0,0,Urban,1,,,Fine,Null
1765649,5907045,6054,,522301,0,,0,2,,East,2009/2010,EAST TAMAKI ROAD,KELLIHER LANE,,Non-Injury Crash,No,2009,,West,,0,,Flat,,,,,,Bright sun,666200,0,0,0,4,,,0,,,,,,Auckland Region,Nil,2-way,Sealed,,0,0,,50,,Off,0,0,,76,Auckland,Nil,,,,,0,0,Urban,0,,,Fine,Null
1749152,5882243,6055,,521151,0,,0,0,,East,2008/2009,AWHITU ROAD,TE TORO ROAD,,Non-Injury Crash,No,2009,,North,,0,,Flat,,,,,,Bright sun,830600,0,0,0,2,,,0,,,,,,Auckland Region,Nil,2-way,Sealed,,0,0,,100,,Null,1,0,,76,Auckland,Nil,,,,,1,0,Open,0,,,Fine,Null
1459607,5087076,6056,,598700,0,,0,1,,Null,2009/2010,SH 1S,WASHDYKE FLAT ROAD,,Minor Crash,Yes,2009,,South,,0,,Flat,,,,,,Bright sun,2773900,1,0,0,2,,,0,,,,,,Canterbury Region,Nil,2-way,Sealed,,0,0,,70,,Null,0,0,,64,Timaru District,Stop,,,,,0,0,Urban,1,,,Fine,Null
1876091,5822876,6057,,537302,0,,0,2,,Null,2009/2010,CAMBRIDGE ROAD,CAMBRIDGE OFF WBD,,Non-Injury Crash,No,2009,,East,,0,,Flat,,Christmas New Year,,,,Bright sun,1161512,0,0,0,2,,,0,,,,,,Bay of Plenty Region,Nil,2-way,Sealed,,0,0,,50,,Off,0,0,,23,Tauranga City,Stop,,,,,0,0,Urban,0,,,Fine,Null
1850709,5765583,6058,,535340,0,0,0,1,0,North,2008/2009,PAPANUI ST,DUKE ST,,Non-Injury Crash,No,2009,0,North,0,0,1,Flat,0,,0,,0,Dark,1141800,0,0,0,2,0,0,0,0,0,,0,0,Waikato Region,Nil,2-way,Sealed,0,0,0,0,50,0,On,0,0,,19,South Waikato District,Nil,0,0,0,0,0,0,Urban,0,0,0,Light rain,Null
1748338,5919087,6059,,514801,0,0,0,1,0,East,2009/2010,SH 16,PATIKI OFF EBD,,Non-Injury Crash,Yes,2009,0,East,0,0,0,Hill Road,0,,0,,0,Bright sun,389300,0,0,0,3,0,0,0,0,0,,0,0,Auckland Region,Nil,1-way,Sealed,0,0,0,0,100,0,Off,0,0,,76,Auckland,Nil,0,0,0,0,1,0,Open,0,1,0,Fine,Null
1775406,5578088,6060,,556900,0,0,0,1,0,West,2009/2010,BELL ST,GUYTON ST,,Non-Injury Crash,No,2009,0,North,0,0,1,Hill Road,0,,0,,0,Bright sun,1700300,0,0,0,2,0,0,0,0,0,,0,0,Manawatū-Whanganui Region,Nil,2-way,Sealed,0,0,0,0,50,0,Null,0,0,,37,Whanganui District,Nil,1,0,0,0,0,0,Urban,0,0,0,Fine,Null
1759051,5911890,6061,,519820,0,,0,2,,South,2009/2010,ONEHUNGA MALL,PRINCES ST,,Non-Injury Crash,No,2009,,North,,0,,Flat,,,,,,Bright sun,602401,0,0,0,2,,,0,,,,,,Auckland Region,Nil,2-way,Sealed,,0,0,,50,,Off,0,0,,76,Auckland,Nil,,,,,0,0,Urban,0,,,Fine,Null
1748107,5911332,6062,,511902,0,0,0,1,0,East,2009/2010,GODLEY ROAD,TITIRANGI ROAD,,Non-Injury Crash,No,2009,0,East,0,0,0,Hill Road,0,,0,,0,Overcast,293002,0,0,0,2,0,0,0,1,0,,0,0,Auckland Region,Nil,2-way,Sealed,0,0,0,0,50,0,Off,0,0,,76,Auckland,Nil,0,1,0,0,0,0,Urban,0,0,0,Fine,Null
1255795,5011723,6063,,609031,0,0,0,0,0,North,2009/2010,MOKE LAKE ROAD,MOONLIGHT TRACK,,Minor Crash,No,2009,0,North,1,0,0,Flat,0,Christmas New Year,0,,0,Overcast,3039405,1,0,0,2,0,0,0,0,0,,0,0,Otago Region,Nil,2-way,Unsealed,0,0,0,0,100,0,Null,0,0,,70,Queenstown-Lakes District,Unknown,0,0,0,0,0,0,Open,1,0,0,Fine,Null
1747222,5919429,6064,,512402,0,,0,2,,Null,2009/2010,ROYAL VIEW ROAD,TE ATATU ROAD,,Non-Injury Crash,No,2009,,East,,0,,Flat,,,,,,Bright sun,254100,0,0,0,2,,,0,,,,,,Auckland Region,Nil,2-way,Sealed,,0,0,,50,,Off,0,0,,76,Auckland,Give way,,,,,0,0,Urban,0,,,Fine,Null
1744317,5922551,6065,,513512,0,,0,2,,Null,2009/2010,MAKORA ROAD,ROYAL ROAD,,Non-Injury Crash,No,2009,,North,,0,,Hill Road,,,,,,Overcast,225501,0,0,0,3,,,0,,,,,,Auckland Region,Nil,2-way,Sealed,,0,0,,50,,Off,0,0,,76,Auckland,Traffic Signals,,,,,0,0,Urban,0,,,Light rain,Null
1699302,6095212,6066,,501100,0,0,0,1,0,Null,2008/2009,WILLIAMS ROAD,MARSDEN ROAD,,Non-Injury Crash,Yes,2009,0,North,0,0,0,Flat,0,Easter,0,,1,Dark,54300,0,0,0,2,0,0,0,0,0,,0,0,Northland Region,Nil,2-way,Sealed,0,0,0,0,50,0,On,0,0,,1,Far North District,Nil,0,1,0,0,0,0,Urban,0,0,0,Fine,Null
1768253,5878920,6067,,525921,0,,0,0,,Null,2009/2010,TREMEN PLACE,ANZAC ROAD,,Non-Injury Crash,No,2009,,North,,0,,Hill Road,,,,,,Bright sun,822600,0,0,0,2,,,1,,,,,,Auckland Region,Nil,2-way,Sealed,,0,0,,50,,None,0,0,,76,Auckland,Nil,,,,,0,0,Urban,0,,,Fine,Null
2038600,5707425,6068,,544801,0,0,0,0,0,Null,2008/2009,SH 35,DE LAUTOUR ROAD,,Non-Injury Crash,Yes,2009,0,South,0,0,1,Flat,0,,0,,0,Dark,1387800,0,0,0,2,0,0,0,0,0,,0,0,Gisborne Region,Nil,2-way,Sealed,0,0,0,0,50,0,On,1,0,,28,Gisborne District,Give way,0,0,0,0,0,0,Urban,0,0,0,Light rain,Null
1763960,5915185,6069,,520302,0,0,0,0,0,South,2009/2010,LUNN AVENUE,MARUA ROAD,,Non-Injury Crash,No,2009,0,South,0,0,0,Hill Road,0,,0,,0,Overcast,626500,0,0,0,2,0,0,0,0,0,,0,1,Auckland Region,Nil,2-way,Sealed,0,0,0,0,50,0,Off,0,0,,76,Auckland,Nil,0,0,0,0,1,0,Urban,0,0,0,Light rain,Null
1748362,5919056,6070,,514801,0,0,0,1,0,East,2009/2010,SH 16,PATIKI OFF EBD,,Non-Injury Crash,Yes,2009,0,East,0,0,0,Flat,1,,0,,0,Bright sun,389300,0,0,0,3,0,0,0,0,0,,0,0,Auckland Region,Nil,1-way,Sealed,0,0,0,0,100,0,Off,0,0,,76,Auckland,Nil,0,0,0,0,0,0,Open,0,0,0,Fine,Null
1758317,5919614,6071,,515902,0,0,0,1,0,South,2008/2009,LOWER DOMAIN DRIVE,LOVERS LANE,,Non-Injury Crash,No,2009,0,North,0,0,0,Hill Road,0,,0,,0,Bright sun,451400,0,0,0,2,0,0,0,1,0,,0,1,Auckland Region,Nil,2-way,Sealed,0,0,0,0,30,0,Off,0,0,,76,Auckland,Nil,0,0,0,0,0,0,Urban,0,0,0,Fine,Null
1754807,5933370,6072,,507300,0,,1,1,,North,2008/2009,EAST COAST ROAD,ROSEDALE ROAD,,Non-Injury Crash,No,2009,,North,,0,,Flat,,,,,,Bright sun,156001,0,0,0,3,,,0,,,,,,Auckland Region,Nil,2-way,Sealed,,0,0,,50,,Off,0,0,,76,Auckland,Nil,,,,,0,0,Urban,0,,,Fine,Null
1765071,5913338,6073,,520500,0,,0,1,,West,2009/2010,SOUTH-EASTERN HIGHWAY,WAIPUNA ROAD,,Non-Injury Crash,No,2009,,East,,0,,Flat,,,,,,Bright sun,638908,0,0,0,6,,,0,,,,,,Auckland Region,Nil,2-way,Sealed,,0,0,,50,,Off,1,0,,76,Auckland,Nil,,,,,0,0,Urban,0,,,Fine,Null
1802459,5814983,6074,,530200,0,,0,2,,West,2008/2009,CLYDE ST,PEACHGROVE ROAD,,Non-Injury Crash,No,2009,,East,,0,,Flat,,,,,,Bright sun,893300,0,0,0,2,,,0,,,,,,Waikato Region,Nil,2-way,Sealed,,0,0,,50,,Null,0,0,,16,Hamilton City,Unknown,,,,,0,0,Urban,0,,,Fine,Null