X,Y,OBJECTID,advisorySpeed,areaUnitID,bicycle,bridge,bus,carStationWagon,cliffBank,crashDirectionDescription,crashFinancialYear,crashLocation1,crashLocation2,crashRoadSideRoad,crashSeverity,crashSHDescription,crashYear,debris,directionRoleDescription,ditch,fatalCount,fence,flatHill,guardRail,holiday,houseOrBuilding,intersection,kerb,light,meshblockId,minorInjuryCount,moped,motorcycle,NumberOfLanes,objectThrownOrDropped,otherObject,otherVehicleType,overBank,parkedVehicle,pedestrian,phoneBoxEtc,postOrPole,region,roadCharacter,roadLane,roadSurface,roadworks,schoolBus,seriousInjuryCount,slipOrFlood,speedLimit,strayAnimal,streetLight,suv,taxi,temporarySpeedLimit,tlaId,tlaName,trafficControl,trafficIsland,trafficSign,train,tree,truck,unknownVehicleType,urban,vanOrUtility,vehicle,waterRiver,weatherA,weatherB
1756959,5925225,6075,,509702,0,,0,1,,South,2009/2010,SH 1N,ESMONDE ON SBD,,Non-Injury Crash,Yes,2009,,South,,0,,Flat,,,,,,Overcast,366000,0,0,0,3,,,0,,,,,,Auckland Region,Nil,1-way,Sealed,,0,0,,100,,Off,0,0,,76,Auckland,Nil,,,,,1,0,Open,0,,,Fine,Null
1756244,5442959,6076,,571200,0,0,0,2,0,Null,2009/2010,SIEVERS GROVE,SWANSEA ST,,Non-Injury Crash,No,2009,0,South,0,0,0,Flat,0,,0,,0,Dark,2050800,0,0,0,2,0,0,0,0,1,,0,0,Wellington Region,Nil,2-way,Sealed,0,0,0,0,50,0,On,0,0,,44,Porirua City,Nil,0,0,0,0,0,0,Urban,0,0,0,Fine,Null
1774031,5897124,6077,,525610,0,0,0,0,0,West,2008/2009,CLEVEDON ROAD,BUSING AVENUE,,Non-Injury Crash,No,2009,0,East,0,0,0,Flat,0,,0,,0,Dark,797400,0,0,0,1,0,0,0,0,1,,0,0,Auckland Region,Nil,2-way,Sealed,0,0,0,0,50,0,On,2,0,,76,Auckland,Unknown,0,0,0,0,0,0,Urban,0,0,0,Fine,Null
1755347,5917757,6078,,517500,0,,0,1,,Null,2009/2010,SANDRINGHAM ROAD,WALTERS ROAD,,Non-Injury Crash,No,2009,,North,,0,,Flat,,,,,,Dark,531400,0,0,0,2,,,0,,,,,,Auckland Region,Nil,2-way,Sealed,,0,0,,50,,On,0,0,,76,Auckland,Nil,,,,,0,0,Urban,0,,,Fine,Null
1765466,5908910,6079,,523403,0,,0,3,,North,2008/2009,SH 1N,HIGHBROOK OBR,,Non-Injury Crash,Yes,2009,,North,,0,,Flat,,,,,,Dark,700200,0,0,0,4,,,0,,,,,,Auckland Region,Nil,1-way,Sealed,,0,0,,100,,On,0,0,,76,Auckland,Nil,,,,,0,0,Open,0,,,Light rain,Null
1789622,5826427,6080,75,528200,0,0,0,0,0,North,2008/2009,NGARUAWAHIA ROAD,SAULBREY ROAD,,Non-Injury Crash,No,2009,0,South,1,0,1,Flat,0,,0,,0,Overcast,976101,0,0,0,2,0,0,0,0,0,,0,0,Waikato Region,Nil,2-way,Sealed,0,0,0,0,100,0,Null,1,0,,13,Waikato District,Unknown,0,0,0,0,0,0,Open,0,0,0,Fine,Null
1764946,5908255,6081,,523404,0,,0,2,,Null,2009/2010,GREAT SOUTH ROAD,BAIRDS ROAD,,Non-Injury Crash,No,2009,,North,,0,,Flat,,,,,,Twilight,696801,0,0,0,2,,,0,,,,,,Auckland Region,Nil,2-way,Sealed,,0,0,,50,,Off,0,0,,76,Auckland,Traffic Signals,,,,,0,0,Urban,0,,,Fine,Null
1755028,5945058,6082,,505907,0,,0,1,,Null,2009/2010,BRIGHTSIDE ROAD,OZONE ROAD,,Non-Injury Crash,No,2009,,East,,0,,Flat,,,,,,Bright sun,173418,0,0,0,2,,,0,,,,,,Auckland Region,Nil,2-way,Sealed,,0,0,,50,,Off,0,0,,76,Auckland,Give way,,,,,0,0,Urban,1,,,Fine,Null
1775009,5891238,6083,,521301,0,0,0,1,0,West,2009/2010,WAIHOEHOE ROAD,COSSEY ROAD,,Non-Injury Crash,No,2009,0,West,0,0,1,Flat,0,,0,,0,Overcast,808800,0,0,0,2,0,0,0,0,0,,0,0,Auckland Region,Nil,2-way,Sealed,0,0,0,0,80,0,None,0,0,,76,Auckland,Nil,0,0,0,0,0,0,Open,0,0,0,Fine,Null
1822027,5529197,6084,,562800,0,0,0,1,0,Null,2008/2009,Z CPK PLAZA,FERGUSON ST,,Non-Injury Crash,No,2009,0,West,0,0,0,Flat,0,,0,,0,Overcast,1829400,0,0,0,0,0,0,0,0,1,,0,0,Manawatū-Whanganui Region,Nil,Off road,Sealed,0,0,0,0,50,0,Null,0,0,,40,Palmerston North City,Nil,0,0,0,0,0,0,Urban,1,0,0,Fine,Null
1757875,5918130,6085,,515700,0,,0,2,,North,2009/2010,SH 1N,GILLIES OFF SBD,,Non-Injury Crash,Yes,2009,,South,,0,,Flat,,,,,,Dark,443200,0,0,0,3,,,0,,,,,,Auckland Region,Nil,1-way,Sealed,,0,0,,80,,On,0,0,,76,Auckland,Nil,,,,,0,0,Open,0,,,Fine,Null
1757120,5918721,6086,,514301,0,,0,3,,Null,2009/2010,KHYBER PASS ROAD,BURLEIGH ST,,Non-Injury Crash,No,2009,,East,,0,,Flat,,,,,,Bright sun,441506,0,0,0,4,,,0,,,,,,Auckland Region,Nil,2-way,Sealed,,0,0,,50,,Null,0,0,,76,Auckland,Nil,,,,,0,0,Urban,0,,,Fine,Null
1800804,5815666,6087,,529700,0,0,1,1,0,South,2009/2010,VICTORIA ST,LONDON ST,,Non-Injury Crash,No,2009,0,South,0,0,0,Flat,0,,0,,0,Bright sun,910500,0,0,0,4,0,0,0,0,0,,0,0,Waikato Region,Nil,2-way,Sealed,0,0,0,0,50,0,Off,0,0,,16,Hamilton City,Nil,0,0,0,0,0,0,Urban,0,1,0,Fine,Null
1878494,5822001,6088,,538102,0,,0,3,,East,2008/2009,SH 2A,FRASER ST,,Non-Injury Crash,Yes,2009,,West,,0,,Flat,,,,,,Twilight,1168700,0,0,0,5,,,0,,,,,,Bay of Plenty Region,Nil,2-way,Sealed,,0,0,,50,,On,0,0,,23,Tauranga City,Traffic Signals,,,,,0,0,Urban,0,,,Light rain,Null
1752237,5930839,6089,,508803,0,0,0,0,0,East,2009/2010,ALBANY HIGHWAY OFF WBD,SH 18,,Non-Injury Crash,Yes,2009,0,East,0,0,0,Hill Road,0,,0,,0,Dark,180857,0,0,0,4,0,0,0,0,0,,0,1,Auckland Region,Nil,2-way,Sealed,0,0,0,0,50,0,On,1,0,,76,Auckland,Unknown,0,1,0,0,0,0,Urban,0,0,0,Mist or Fog,Null
1801817,5815063,6090,,530200,0,,0,2,,Null,2008/2009,GREY ST,BEALE ST,,Non-Injury Crash,No,2009,,North,,0,,Hill Road,,,,,,Overcast,896800,0,0,0,2,,,0,,,,,,Waikato Region,Nil,2-way,Sealed,,0,0,,50,,Null,0,0,,16,Hamilton City,Give way,,,,,0,0,Urban,0,,,Fine,Null
1879253,5825400,6091,,538202,0,,0,2,,Null,2009/2010,CHAPEL ST,TAKITIMU DRIVE,,Non-Injury Crash,Yes,2009,,North,,0,,Flat,,,,,,Bright sun,1163002,0,0,0,4,,,0,,,,,,Bay of Plenty Region,Nil,2-way,Sealed,,0,0,,50,,Off,0,0,,23,Tauranga City,Traffic Signals,,,,,0,0,Urban,0,,,Fine,Null
1770849,5907070,6092,,523713,0,0,0,1,0,West,2009/2010,ORMISTON ROAD,MURPHYS ROAD,,Non-Injury Crash,No,2009,0,East,1,0,1,Flat,0,,0,,0,Dark,712401,0,0,0,2,0,0,0,0,0,,0,0,Auckland Region,Nil,2-way,Unsealed,0,0,0,0,80,0,On,0,0,,76,Auckland,Nil,0,0,0,0,0,0,Open,0,0,0,Fine,Null
1751465,5912300,6093,,514700,0,0,0,2,0,West,2009/2010,KINROSS ST,BLOCKHOUSE BAY ROAD,,Non-Injury Crash,No,2009,0,East,0,0,0,Flat,0,,0,,0,Bright sun,368300,0,0,0,2,0,0,0,0,1,,0,0,Auckland Region,Nil,2-way,Sealed,0,0,0,0,50,0,Off,0,0,,76,Auckland,Nil,0,0,0,0,0,0,Urban,0,0,0,Fine,Null
1811581,5805501,6094,,527131,0,0,0,0,0,West,2009/2010,HOOKER ROAD,SH 1N,,Non-Injury Crash,No,2009,0,East,1,0,0,Flat,0,,0,,0,Dark,961000,0,0,0,2,0,0,0,0,0,,0,0,Waikato Region,Nil,2-way,Sealed,0,0,0,0,100,0,None,1,0,,13,Waikato District,Nil,0,0,0,0,0,0,Open,0,0,0,Fine,Null
1758930,5908591,6095,,524002,0,,0,2,,Null,2008/2009,MILLER ROAD,MOUNTAIN ROAD,,Non-Injury Crash,No,2009,,West,,0,,Flat,,,,,,Overcast,725400,0,0,0,2,,,0,,,,,,Auckland Region,Nil,2-way,Sealed,,0,0,,50,,Off,0,0,,76,Auckland,Give way,,,,,0,0,Urban,0,,,Fine,Null
1756418,5918738,6096,,515600,0,,0,2,,Null,2008/2009,IAN MCKINNON DRIVE,DEVON ST SOUTH S,,Non-Injury Crash,No,2009,,North,,0,,Hill Road,,,,,,Bright sun,420100,0,0,0,5,,,0,,,,,,Auckland Region,Nil,2-way,Sealed,,0,0,,70,,Null,0,0,,76,Auckland,Give way,,,,,0,0,Urban,0,,,Fine,Null
1951072,5792002,6097,,542410,0,,0,2,,East,2009/2010,THE STRAND,BOON ST,,Non-Injury Crash,No,2009,,West,,0,,Flat,,,,,,Bright sun,1305200,0,0,0,2,,,0,,,,,,Bay of Plenty Region,Nil,2-way,Sealed,,0,0,,50,,Null,0,0,,25,Whakatane District,Unknown,,,,,0,0,Urban,0,,,Fine,Null
1758173,5917787,6098,,515700,0,0,0,2,0,South,2008/2009,SH 1N,GILLIES OBR,,Non-Injury Crash,Yes,2009,0,South,0,0,0,Flat,0,,0,,0,Dark,443300,0,0,0,3,0,0,0,0,0,,0,0,Auckland Region,Nil,1-way,Sealed,0,0,0,0,80,0,On,0,0,,76,Auckland,Nil,0,0,0,0,0,0,Open,0,1,0,Heavy rain,Null
1718426,6044179,6099,,503500,0,,0,2,,Null,2009/2010,SH 1N,RAUMANGA VALLEY ROAD,,Non-Injury Crash,Yes,2009,,South,,0,,Flat,,,,,,Bright sun,108200,0,0,0,2,,,0,,,,,,Northland Region,Nil,2-way,Sealed,,0,0,,50,,Off,0,0,,2,Whangarei District,Give way,,,,,0,0,Urban,0,,,Fine,Null
1673142,6090644,6100,,501631,0,0,0,1,0,East,2009/2010,SH 1N,WEHIRUA ROAD,,Non-Injury Crash,Yes,2009,0,North,1,0,1,Flat,0,Christmas New Year,0,,0,Dark,32501,0,0,0,2,0,0,0,0,0,,0,0,Northland Region,Nil,2-way,Sealed,0,0,0,0,100,0,None,0,0,,1,Far North District,Nil,0,0,0,0,0,0,Open,0,0,0,Fine,Null
1229114,4885425,6101,,612740,0,,0,0,,North,2008/2009,SH 96,RYAN ROAD,,Non-Injury Crash,Yes,2009,,South,,0,,Flat,,Christmas New Year,,,,Overcast,3183001,0,0,0,2,,,0,,,,,,Southland Region,Nil,2-way,Sealed,,0,0,,100,,Null,1,0,,73,Southland District,Unknown,,,,,0,0,Open,0,,,Heavy rain,Null
1819087,5828077,6102,,534500,0,,0,2,,West,2009/2010,PIAKO ROAD,SH 26,,Non-Injury Crash,No,2009,,East,,0,,Flat,,,,,,Overcast,1090700,0,0,0,2,,,0,,,,,,Waikato Region,Nil,2-way,Sealed,,0,0,,100,,Null,0,0,,15,Matamata-Piako District,Give way,,,,,0,0,Open,1,,,Mist or Fog,Null
1753641,5913188,6103,,518901,0,,0,2,,North,2009/2010,WHITE SWAN ROAD,PASCOE ST,,Non-Injury Crash,No,2009,,East,,0,,Hill Road,,,,,,Overcast,585200,0,0,0,2,,,0,,,,,,Auckland Region,Nil,2-way,Sealed,,0,0,,50,,Null,0,0,,76,Auckland,Give way,,,,,0,0,Urban,0,,,Light rain,Null
1949189,5790161,6104,,542430,1,,0,1,,Null,2008/2009,HINEMOA ST,BRIDGE ST,,Non-Injury Crash,No,2009,,North,,0,,Flat,,,,,,Bright sun,1311400,0,0,0,2,,,0,,,,,,Bay of Plenty Region,Nil,2-way,Sealed,,0,0,,50,,Off,0,0,,25,Whakatane District,Give way,,,,,0,0,Urban,0,,,Fine,Null
1756936,5925188,6105,,509702,0,0,0,1,0,North,2009/2010,SH 1N,ONEWA OFF SBD,,Non-Injury Crash,Yes,2009,0,South,0,0,0,Flat,1,,0,,0,Dark,366000,0,0,0,3,0,0,0,0,0,,0,0,Auckland Region,Nil,1-way,Sealed,0,0,0,0,100,0,On,0,0,,76,Auckland,Unknown,0,0,0,0,1,0,Open,0,0,0,Fine,Null
1757695,5918276,6106,,518101,0,,0,1,,South,2009/2010,SH 1N,KHYBER PASS OFF NBD,,Non-Injury Crash,Yes,2009,,North,,0,,Flat,,,,,,Dark,543000,0,0,0,3,,,0,,,,,,Auckland Region,Nil,1-way,Sealed,,0,0,,100,,On,1,0,50,76,Auckland,Nil,,,,,0,0,Open,0,,,Fine,Null
1751414,5916259,6107,,514401,0,,0,1,,Null,2009/2010,GREAT NORTH ROAD,SALTAIRE ST,,Non-Injury Crash,No,2009,,South,,0,,Flat,,,,,,Bright sun,383000,0,0,0,4,,,0,,,,,,Auckland Region,Nil,2-way,Sealed,,0,0,,50,,Null,1,0,,76,Auckland,Nil,,,,,0,0,Urban,0,,,Fine,Null
1745075,5922207,6108,,513530,0,0,0,2,0,Null,2009/2010,TATYANA PLACE,MESCAL ST,,Non-Injury Crash,No,2009,0,East,0,0,0,Flat,0,,0,,0,Dark,225902,0,0,0,2,0,0,0,0,1,,0,0,Auckland Region,Nil,2-way,Sealed,0,0,0,0,50,0,On,0,0,,76,Auckland,Give way,0,0,0,0,0,0,Urban,0,0,0,Fine,Null
1763226,5437526,6109,,568301,0,,0,0,,South,2008/2009,OXFORD TERRACE,WALTERS ST,,Non-Injury Crash,No,2009,,South,,0,,Flat,,,,,,Overcast,1948500,0,0,0,2,,,0,,,,,,Wellington Region,Nil,2-way,Sealed,,0,0,,50,,Null,0,0,,46,Lower Hutt City,Nil,,,,,1,0,Urban,1,,,Fine,Null
1765473,5899877,6110,,524822,0,0,0,2,0,North,2009/2010,FINLAYSON AVENUE,WAI ITI PLACE,,Non-Injury Crash,No,2009,0,South,0,0,0,Flat,0,,0,,0,Dark,774436,0,0,0,2,0,0,0,0,1,,0,0,Auckland Region,Nil,2-way,Sealed,0,0,0,0,50,0,On,0,0,,76,Auckland,Nil,0,0,0,0,0,0,Urban,0,0,0,Fine,Null
1887779,5823197,6111,,536516,0,0,0,1,0,West,2009/2010,LYN GROVE,HARTFORD AVENUE,,Non-Injury Crash,No,2009,0,West,0,0,0,Flat,0,,0,,1,Dark,1205023,0,0,0,2,0,0,0,0,1,,0,0,Bay of Plenty Region,Nil,2-way,Sealed,0,0,0,0,50,0,On,1,0,,23,Tauranga City,Unknown,0,0,0,0,0,0,Urban,0,0,0,Fine,Null
1798619,5814994,6112,,529000,0,,0,1,,Null,2009/2010,SH 23,PRIMROSE ST,,Non-Injury Crash,Yes,2009,,West,,0,,Flat,,,,,,Overcast,917600,0,0,0,2,,,0,,,,,,Waikato Region,Nil,2-way,Sealed,,0,0,,50,,Null,0,0,,16,Hamilton City,Give way,,,,,1,0,Urban,0,,,Fine,Null
1719409,6045737,6113,,503100,0,,0,2,,East,2009/2010,RATHBONE ST,CAMERON ST,,Non-Injury Crash,No,2009,,East,,0,,Flat,,,,,,Bright sun,99800,0,0,0,2,,,0,,,,,,Northland Region,Nil,2-way,Sealed,,0,0,,50,,Null,0,1,,2,Whangarei District,Unknown,,,,,0,0,Urban,0,,,Fine,Null
1893667,5812253,6114,,538502,0,,0,1,,Null,2009/2010,NO 1 ROAD,EDGEHILL PLACE,,Non-Injury Crash,No,2009,,East,,0,,Hill Road,,,,,,Bright sun,1215900,0,0,0,2,,,0,,,,,,Bay of Plenty Region,Nil,2-way,Sealed,,0,0,,50,,Null,0,0,,22,Western Bay of Plenty District,Nil,,,,,0,0,Urban,1,,,Fine,Null
1746415,5913111,6115,,511002,0,0,0,2,0,North,2008/2009,WOODGLEN ROAD,GEORGE HERRING PLACE,,Non-Injury Crash,No,2009,0,North,0,0,0,Flat,0,,0,,0,Bright sun,283902,0,0,0,2,0,0,0,0,1,,0,0,Auckland Region,Nil,2-way,Sealed,0,0,0,0,50,0,Null,0,0,,76,Auckland,Unknown,0,0,0,0,0,0,Urban,0,0,0,Fine,Null
1648642,6099506,6116,,500801,0,0,0,0,0,East,2009/2010,MANGAMUKA ROAD,KOHUKOHU ROAD,,Non-Injury Crash,No,2009,0,East,0,0,0,Flat,0,,0,,0,Dark,28300,0,0,0,2,0,0,0,0,0,,0,0,Northland Region,Nil,2-way,Sealed,0,0,0,0,100,0,None,1,0,,1,Far North District,Unknown,0,0,0,0,0,0,Open,0,0,0,Fine,Null
1727812,6012810,6117,,501815,0,0,0,1,1,South,2009/2010,SH 1N,GLENMOHR ROAD,,Non-Injury Crash,Yes,2009,0,South,0,0,0,Flat,0,,0,,0,Dark,81300,0,0,0,0,0,0,0,0,0,,0,0,Northland Region,Nil,2-way,Unsealed,0,0,0,0,100,0,None,0,0,50,2,Whangarei District,Nil,0,0,0,0,0,0,Open,0,0,0,Heavy rain,Null
1794151,5500264,6118,,564240,0,0,0,1,0,Null,2008/2009,QUEEN ST EAST,QUINN ROAD,,Non-Injury Crash,No,2009,0,East,0,0,1,Flat,0,,0,,0,Overcast,1867701,0,0,0,2,0,0,0,0,0,,0,0,Manawatū-Whanganui Region,Nil,2-way,Sealed,0,0,0,0,50,0,Null,0,0,,42,Horowhenua District,Give way,0,0,0,0,0,0,Urban,0,0,0,Light rain,Null
1755716,5916228,6119,,518301,0,,0,2,,Null,2009/2010,BALMORAL ROAD,DOMINION ROAD,,Non-Injury Crash,No,2009,,East,,0,,Flat,,,,,,Bright sun,555100,0,0,0,5,,,0,,,,,,Auckland Region,Nil,2-way,Sealed,,0,0,,50,,Off,0,0,,76,Auckland,Give way,,,,,0,0,Urban,0,,,Fine,Null
1750246,5913799,6120,,511303,0,,0,2,,East,2009/2010,CLARK ST,HETANA ST,,Non-Injury Crash,No,2009,,West,,0,,Flat,,,,,,Bright sun,265100,0,0,0,4,,,0,,,,,,Auckland Region,Nil,2-way,Sealed,,0,0,,50,,Null,0,0,,76,Auckland,Nil,,,,,0,0,Urban,0,,,Fine,Null
1770669,5898615,6121,,523920,0,,0,1,,Null,2009/2010,GREAT SOUTH ROAD,TAKA ST,,Non-Injury Crash,No,2009,,South,,0,,Flat,,,,,,Overcast,768001,0,0,0,4,,,0,,,,,,Auckland Region,Nil,2-way,Sealed,,0,0,,50,,Null,0,0,,76,Auckland,Traffic Signals,,,,,0,0,Urban,1,,,Fine,Null
1752754,5930142,6122,,509100,0,0,0,0,0,East,2009/2010,ALBANY HIGHWAY,UPPER HARBOUR DRIVE,,Non-Injury Crash,No,2009,0,West,0,0,1,Flat,0,,0,,0,Overcast,181200,0,0,0,2,0,0,0,1,0,,0,0,Auckland Region,Nil,2-way,Sealed,0,0,0,0,50,0,Null,0,0,,76,Auckland,Unknown,0,0,0,0,1,0,Urban,0,0,0,Fine,Null
1755332,5915229,6123,,518500,0,0,0,1,0,West,2009/2010,INVERMAY AVENUE,DOMINION ROAD,,Non-Injury Crash,No,2009,0,South,0,0,1,Flat,0,,0,,0,Bright sun,559900,0,0,0,2,0,0,0,0,0,,0,1,Auckland Region,Nil,2-way,Sealed,0,0,0,0,50,0,Null,0,0,,76,Auckland,Unknown,0,0,0,0,0,0,Urban,0,0,0,Fine,Null
1774283,5578525,6124,,556800,0,,0,2,,Null,2009/2010,GLASGOW ST,VICTORIA AVENUE,,Non-Injury Crash,No,2009,,North,,0,,Flat,,,,,,Dark,1702400,0,0,0,2,,,0,,,,,,Manawatū-Whanganui Region,Nil,2-way,Sealed,,0,0,,50,,On,0,0,,37,Whanganui District,Traffic Signals,,,,,0,0,Urban,0,,,Heavy rain,Null
1750490,5915402,6125,,514802,0,,0,1,,East,2009/2010,ASH ST,WAIRAU AVENUE,,Non-Injury Crash,No,2009,,East,,0,,Flat,,,,,,Overcast,386700,0,0,0,4,,,0,,,,,,Auckland Region,Nil,2-way,Sealed,,0,0,,50,,Off,0,0,,76,Auckland,Nil,,,,,0,0,Urban,1,,,Fine,Null
1817557,5537632,6126,,561901,0,0,0,1,0,South,2008/2009,SH 54,TE ARAKURA ROAD,,Non-Injury Crash,Yes,2009,0,North,1,0,0,Flat,0,,0,,0,Bright sun,1793700,0,0,0,2,0,0,0,0,0,,0,0,Manawatū-Whanganui Region,Nil,2-way,Sealed,0,0,0,0,100,0,Null,0,0,,39,Manawatu District,Nil,0,0,0,0,0,0,Open,0,0,0,Fine,Null
1743494,5919577,6127,,513212,0,,0,1,,Null,2008/2009,DON BUCK ROAD,WOODSIDE ROAD,,Non-Injury Crash,No,2009,,North,,0,,Flat,,,,,,Bright sun,235400,0,0,0,2,,,0,,,,,,Auckland Region,Nil,2-way,Sealed,,0,0,,50,,Off,0,0,,76,Auckland,Give way,,,,,0,0,Urban,1,,,Fine,Null
1768849,5902728,6128,,524602,0,,0,2,,South,2009/2010,SH 1N,MANUKAU OFF NBD,,Non-Injury Crash,Yes,2009,,North,,0,,Flat,,,,,,Dark,780504,0,0,0,3,,,0,,,,,,Auckland Region,Nil,1-way,Sealed,,0,0,,100,,On,0,0,,76,Auckland,Nil,,,,,0,0,Open,0,,,Fine,Null
1767436,5912095,6129,,522920,0,,0,2,,Null,2008/2009,TI RAKAU DRIVE,EDGEWATER DRIVE E,,Non-Injury Crash,No,2009,,West,,0,,Flat,,,,,,Dark,687004,0,0,0,4,,,0,,,,,,Auckland Region,Nil,2-way,Sealed,,0,0,,60,,On,0,0,,76,Auckland,Give way,,,,,0,0,Urban,0,,,Fine,Null
1766324,5901675,6130,,524604,0,0,0,2,0,Null,2009/2010,BROWNS ROAD,ROWANDALE AVENUE,,Non-Injury Crash,No,2009,0,West,0,0,0,Flat,0,,0,,0,Bright sun,781400,0,0,0,2,0,0,0,0,0,,0,0,Auckland Region,Nil,2-way,Sealed,0,0,0,0,50,0,Off,0,0,,76,Auckland,Give way,0,0,0,0,0,0,Urban,1,2,0,Fine,Null
1756477,5919118,6131,,514200,0,,0,2,,East,2008/2009,SH 16,NEWTON OBR,,Non-Injury Crash,Yes,2009,,East,,0,,Flat,,,,,,Bright sun,411900,0,0,0,3,,,0,,,,,,Auckland Region,Nil,1-way,Sealed,,0,0,,80,,Null,1,0,,76,Auckland,Unknown,,,,,0,0,Open,0,,,Fine,Null
1683209,5402241,6132,,580432,0,0,0,1,0,East,2008/2009,SH 1S,ALABAMA ROAD,,Non-Injury Crash,Yes,2009,0,East,0,0,0,Flat,1,,0,,0,Overcast,2292000,0,0,0,2,0,0,0,0,0,,0,0,Marlborough Region,Nil,2-way,Sealed,0,0,0,0,100,0,Null,0,0,,53,Marlborough District,Nil,0,0,0,0,0,0,Open,0,0,0,Light rain,Null
1787232,5858773,6133,,527210,0,0,0,1,0,North,2009/2010,SH 1N,WAYSIDE ACCESS ROAD,,Non-Injury Crash,Yes,2009,0,South,0,0,0,Flat,1,,0,,0,Overcast,935700,0,0,0,3,0,0,0,0,0,,0,0,Waikato Region,Nil,2-way,Sealed,0,0,0,0,100,0,Off,0,0,,13,Waikato District,Nil,0,0,0,0,0,0,Open,0,0,0,Fine,Null
2039794,5707022,6134,,544802,0,,0,2,,East,2008/2009,ALICE ST,IDA ROAD,,Non-Injury Crash,No,2009,,East,,0,,Flat,,,,,,Bright sun,1385101,0,0,0,2,,,0,,,,,,Gisborne Region,Nil,2-way,Sealed,,0,0,,50,,Null,0,0,,28,Gisborne District,Nil,,,,,0,0,Urban,0,,,Fine,Null
1870403,5816167,6135,,536630,0,,0,2,,North,2008/2009,SH 29,OMANAWA ROAD,,Non-Injury Crash,Yes,2009,,North,,0,,Hill Road,,,,,,Dark,1191701,0,0,0,2,,,0,,,,,,Bay of Plenty Region,Nil,2-way,Sealed,,0,0,,100,,None,0,0,,22,Western Bay of Plenty District,Unknown,,,,,0,0,Open,0,,,Heavy rain,Null
1755383,5927416,6136,,508620,0,0,0,2,0,South,2008/2009,SUNNYBRAE ROAD,ANNE ROAD,,Non-Injury Crash,No,2009,0,North,0,0,0,Hill Road,0,,0,,0,Dark,202600,0,0,0,2,0,0,0,0,1,,0,0,Auckland Region,Nil,2-way,Sealed,0,0,0,0,50,0,On,0,0,,76,Auckland,Nil,0,0,0,0,0,0,Urban,0,0,0,Fine,Null
1768923,5901250,6137,30,524901,0,0,0,2,0,South,2009/2010,HILL ROAD,SCENIC DRIVE,,Non-Injury Crash,No,2009,0,South,0,0,0,Flat,0,,0,,0,Bright sun,757100,0,0,0,2,0,0,0,0,1,,0,0,Auckland Region,Nil,2-way,Sealed,0,0,0,0,50,0,Off,0,0,,76,Auckland,Nil,0,0,0,0,0,0,Urban,0,0,0,Fine,Null
1762501,5905910,6138,,524302,0,0,0,0,1,South,2008/2009,SH 20,MASSEY OBR,,Non-Injury Crash,Yes,2009,0,South,0,0,0,Flat,0,,0,,0,Dark,744800,0,0,0,2,0,0,0,0,0,,0,0,Auckland Region,Nil,2-way,Sealed,0,0,0,0,100,0,On,1,0,,76,Auckland,Nil,0,0,0,1,0,0,Open,0,0,0,Heavy rain,Null
1756481,5919019,6139,,514200,0,0,0,1,0,East,2009/2010,SH 16,NEWTON OBR,,Non-Injury Crash,Yes,2009,0,West,0,0,0,Flat,1,,0,,0,Overcast,412800,0,0,0,2,0,0,0,0,0,,0,0,Auckland Region,Nil,1-way,Sealed,0,0,0,0,100,0,Null,0,0,,76,Auckland,Unknown,0,0,0,0,0,0,Open,0,0,0,Light rain,Null
1750461,5955456,6140,,506613,0,0,0,1,0,West,2009/2010,FOWLER ACCESS ROAD,HIBISCUS COAST HIGHWAY,,Non-Injury Crash,No,2009,0,West,1,0,0,Hill Road,0,,0,,0,Overcast,147000,0,0,0,1,0,0,0,0,0,,0,0,Auckland Region,Nil,2-way,Unsealed,0,0,0,0,100,0,None,0,0,,76,Auckland,Nil,0,0,0,0,0,0,Open,0,0,0,Fine,Null
1748038,5968273,6141,,506613,0,,0,3,,South,2009/2010,SH 1N,TOOVEY ROAD,,Non-Injury Crash,Yes,2009,,North,,0,,Flat,,,,,,Bright sun,146004,0,0,0,2,,,0,,,,,,Auckland Region,Nil,2-way,Sealed,,0,0,,100,,None,0,0,,76,Auckland,Nil,,,,,0,0,Open,0,,,Fine,Null
1831778,5854970,6142,,534603,0,0,0,1,0,North,2009/2010,AWAITI ROAD,PAEROA TAHUNA ROAD,,Non-Injury Crash,No,2009,0,North,0,0,0,Flat,0,,0,,0,Overcast,1094101,0,0,0,2,0,0,0,0,0,,0,1,Waikato Region,Nil,2-way,Sealed,0,0,0,0,100,0,Null,0,0,,15,Matamata-Piako District,Unknown,0,0,0,0,0,0,Open,0,0,0,Fine,Null
1761302,5922932,6143,,509400,0,0,0,2,0,West,2008/2009,CHELTENHAM ROAD,TAINUI ROAD,,Non-Injury Crash,No,2009,0,North,0,0,0,Flat,0,,0,,0,Bright sun,328800,0,0,0,2,0,0,0,0,1,,0,0,Auckland Region,Nil,2-way,Sealed,0,0,0,0,50,0,Null,0,0,,76,Auckland,Nil,0,0,0,0,0,0,Urban,0,0,0,Fine,Null
1754572,5918709,6144,,515431,0,0,0,2,0,East,2008/2009,TUARANGI ROAD,WEXFORD ROAD,,Non-Injury Crash,No,2009,0,West,0,0,0,Hill Road,0,,0,,0,Bright sun,406401,0,0,0,2,0,0,0,0,1,,0,0,Auckland Region,Nil,2-way,Sealed,0,0,0,0,50,0,Null,0,0,,76,Auckland,Unknown,0,0,0,0,0,0,Urban,0,0,0,Fine,Null