X,Y,OBJECTID,advisorySpeed,areaUnitID,bicycle,bridge,bus,carStationWagon,cliffBank,crashDirectionDescription,crashFinancialYear,crashLocation1,crashLocation2,crashRoadSideRoad,crashSeverity,crashSHDescription,crashYear,debris,directionRoleDescription,ditch,fatalCount,fence,flatHill,guardRail,holiday,houseOrBuilding,intersection,kerb,light,meshblockId,minorInjuryCount,moped,motorcycle,NumberOfLanes,objectThrownOrDropped,otherObject,otherVehicleType,overBank,parkedVehicle,pedestrian,phoneBoxEtc,postOrPole,region,roadCharacter,roadLane,roadSurface,roadworks,schoolBus,seriousInjuryCount,slipOrFlood,speedLimit,strayAnimal,streetLight,suv,taxi,temporarySpeedLimit,tlaId,tlaName,trafficControl,trafficIsland,trafficSign,train,tree,truck,unknownVehicleType,urban,vanOrUtility,vehicle,waterRiver,weatherA,weatherB
1802178,5814661,6145,,530200,0,0,0,1,0,Null,2009/2010,FIRTH ST,COOK ST,,Non-Injury Crash,No,2009,0,North,0,0,0,Flat,0,,0,,0,Bright sun,893200,0,0,0,2,0,0,0,0,0,,0,0,Waikato Region,Nil,2-way,Sealed,0,0,0,0,50,0,Null,0,0,,16,Hamilton City,Nil,0,1,0,0,0,0,Urban,0,0,0,Fine,Null
1879178,5824475,6146,,538201,0,,0,2,,Null,2008/2009,CAMERON ROAD,SPRING ST,,Non-Injury Crash,No,2009,,South,,0,,Flat,,,,,,Bright sun,1164700,0,0,0,4,,,0,,,,,,Bay of Plenty Region,Nil,2-way,Sealed,,0,0,,50,,Off,0,0,,23,Tauranga City,Give way,,,,,0,0,Urban,0,,,Fine,Null
1745707,5920567,6147,,513301,0,,0,3,,East,2009/2010,SH 16,LINCOLN OBR,,Non-Injury Crash,Yes,2009,,West,,0,,Flat,,,,,,Bright sun,230301,0,0,0,2,,,0,,,,,,Auckland Region,Nil,1-way,Sealed,,0,0,,100,,Off,0,0,,76,Auckland,Nil,,,,,0,0,Open,0,,,Fine,Null
1763759,5919741,6148,,516500,0,0,0,1,0,Null,2009/2010,RAWHITIROA,KOHIMARAMA ROAD,,Non-Injury Crash,No,2009,0,North,0,0,1,Flat,0,,0,,0,Overcast,501500,0,0,0,1,0,1,0,0,0,,0,0,Auckland Region,Nil,2-way,Sealed,0,0,0,0,50,0,Off,0,0,,76,Auckland,Give way,0,0,0,0,0,0,Urban,0,0,0,Light rain,Null
1880294,5785141,6149,,538811,0,0,0,1,0,West,2009/2010,SHARP ROAD,CENTRAL ROAD,,Non-Injury Crash,No,2009,0,East,0,0,0,Flat,0,,0,,0,Bright sun,1249802,0,0,0,2,0,1,0,0,0,,0,0,Bay of Plenty Region,Nil,2-way,Unsealed,0,0,0,0,100,0,Null,0,0,,24,Rotorua District,Unknown,0,0,0,0,0,0,Open,0,0,0,Fine,Null
1756619,5920245,6150,,514102,0,,0,2,,Null,2009/2010,COOK ST,SAM WRIGLEY ST,,Non-Injury Crash,No,2009,,East,,0,,Flat,,,,,,Overcast,432700,0,0,0,2,,,0,,,,,,Auckland Region,Nil,1-way,Sealed,,0,0,,50,,Off,0,0,,76,Auckland,Stop,,,,,0,0,Urban,0,,,Null,Null
1770808,5900619,6151,,523817,0,,0,2,,Null,2009/2010,HYPERION DRIVE,FOXLAW ST,,Non-Injury Crash,No,2009,,East,,0,,Flat,,Labour Weekend,,,,Bright sun,759731,0,0,0,2,,,0,,,,,,Auckland Region,Nil,2-way,Sealed,,0,0,,50,,Off,0,0,,76,Auckland,Give way,,,,,0,0,Urban,0,,,Fine,Null
1884891,5825519,6152,,536831,0,,0,2,,Null,2008/2009,GIRVEN ROAD,HAWEA ST,,Non-Injury Crash,No,2009,,West,,0,,Flat,,,,,,Overcast,1202500,0,0,0,2,,,0,,,,,,Bay of Plenty Region,Nil,2-way,Sealed,,0,0,,50,,Null,0,0,,23,Tauranga City,Give way,,,,,0,0,Urban,0,,,Fine,Null
1753286,5933083,6153,,508701,0,,0,2,,Null,2008/2009,GREVILLE ROAD,TAWA DRIVE,,Non-Injury Crash,No,2009,,North,,0,,Flat,,,,,,Bright sun,178900,0,0,0,2,,,0,,,,,,Auckland Region,Nil,1-way,Sealed,,0,0,,50,,Null,0,0,,76,Auckland,Give way,,,,,0,0,Urban,0,,,Fine,Null
1881508,5829018,6154,,536810,0,0,0,1,0,North,2009/2010,OCEANVIEW ROAD,SUTHERLAND AVENUE,,Non-Injury Crash,No,2009,0,South,0,0,1,Flat,0,,0,,0,Dark,1196300,0,0,0,2,0,0,0,0,0,,0,1,Bay of Plenty Region,Nil,2-way,Sealed,0,0,0,0,50,0,On,0,0,,23,Tauranga City,Unknown,0,0,0,0,0,0,Urban,0,0,0,Fine,Null
1755431,5922034,6155,,515202,0,,0,1,,North,2009/2010,SH 1N,SHELLY OFF SBD,,Non-Injury Crash,Yes,2009,,South,,0,,Hill Road,,,,,,Overcast,423600,0,0,0,8,,,0,,,,,,,Bridge,2-way,Sealed,,0,0,,80,,Off,0,0,,76,Auckland,Nil,,,,,0,0,Open,1,,,Light rain,Null
1763262,5908247,6156,,524301,0,,0,1,,Null,2009/2010,MASSEY ROAD,ROSELLA ROAD,,Non-Injury Crash,No,2009,,North,,0,,Flat,,,,,,Overcast,748600,0,0,0,2,,,0,,,,,,Auckland Region,Nil,2-way,Sealed,,0,0,,50,,Off,1,0,,76,Auckland,Traffic Signals,,,,,0,0,Urban,0,,,Fine,Null
1750237,5424384,6157,,576901,0,,0,2,,South,2008/2009,BAY ROAD,RONGOTAI ROAD,,Non-Injury Crash,No,2009,,North,,0,,Flat,,,,,,Twilight,2178300,0,0,0,2,,,0,,,,,,Wellington Region,Nil,2-way,Sealed,,0,0,,50,,On,0,0,,47,Wellington City,Nil,,,,,0,0,Urban,0,,,Light rain,Null
1756813,5919469,6158,,514102,0,0,1,1,0,Null,2009/2010,KARANGAHAPE ROAD,PITT ST,,Non-Injury Crash,No,2009,0,East,0,0,0,Flat,0,,0,,0,Bright sun,435700,0,0,0,5,0,0,0,0,0,,0,0,Auckland Region,Nil,2-way,Sealed,0,0,0,0,50,0,Off,0,0,,76,Auckland,Traffic Signals,0,0,0,0,0,0,Urban,0,1,0,Fine,Null
1769909,5901053,6159,,523816,0,,0,2,,North,2009/2010,SH 1N,TAKANINI ON SBD,,Non-Injury Crash,Yes,2009,,South,,0,,Flat,,,,,,Overcast,759724,0,0,0,2,,,0,,,,,,Auckland Region,Nil,1-way,Sealed,,0,0,,100,,Off,0,0,,76,Auckland,Nil,,,,,0,0,Open,0,,,Fine,Null
1758313,5922821,6160,,509500,0,0,0,2,0,West,2009/2010,STANLEY POINT ROAD,SECOND AVENUE,,Non-Injury Crash,No,2009,0,West,0,0,0,Hill Road,0,Labour Weekend,0,,0,Dark,334800,0,0,0,2,0,0,0,0,1,,0,0,Auckland Region,Nil,2-way,Sealed,0,0,0,0,50,0,On,0,0,,76,Auckland,Nil,0,0,0,0,0,0,Urban,0,0,0,Fine,Null
1755095,5932119,6161,,508805,0,,0,2,,Null,2009/2010,CENTORIAN DRIVE,DELISLE PLACE,,Non-Injury Crash,No,2009,,South,,0,,Flat,,,,,,Overcast,180825,0,0,0,2,,,0,,,,,,Auckland Region,Nil,2-way,Sealed,,0,0,,50,,Off,0,0,,76,Auckland,Give way,,,,,0,0,Urban,0,,,Fine,Null
1740303,5920342,6162,,513621,0,0,0,1,0,North,2008/2009,SUNNYVALE ROAD,CROWS ROAD,,Non-Injury Crash,No,2009,0,South,0,0,0,Hill Road,0,,0,,0,Overcast,226602,0,0,0,2,0,0,0,0,0,,0,0,Auckland Region,Nil,2-way,Sealed,0,0,0,0,50,0,None,0,0,,76,Auckland,Nil,0,0,0,1,0,0,Urban,0,0,0,Light rain,Null
1753927,5924578,6163,,510402,0,,0,1,,South,2009/2010,MOKOIA ROAD,BIRKENHEAD AVENUE,,Non-Injury Crash,No,2009,,East,,0,,Hill Road,,,,,,Bright sun,351000,0,0,0,2,,,0,,,,,,Auckland Region,Nil,2-way,Sealed,,0,0,,50,,Off,1,0,,76,Auckland,Nil,,,,,0,0,Urban,0,,,Fine,Null
1804173,5438309,6164,,579803,0,,0,1,,South,2008/2009,SH 53,GREYTOWN BIDWILLS ROAD,,Non-Injury Crash,Yes,2009,,North,,0,,Hill Road,,,,,,Bright sun,2271500,0,0,0,2,,,0,,,,,,Wellington Region,Nil,2-way,Sealed,,0,0,,100,,Null,1,0,,50,South Wairarapa District,Nil,,,,,0,0,Open,0,,,Fine,Null
1817607,5827702,6165,,534500,0,0,0,1,0,West,2009/2010,PIAKO ROAD,MATUKU ROAD,,Non-Injury Crash,No,2009,0,West,0,0,0,Flat,0,Labour Weekend,0,,0,Bright sun,1090600,0,0,0,2,0,0,0,0,0,,0,0,Waikato Region,Nil,2-way,Sealed,0,0,0,0,100,0,None,0,0,,15,Matamata-Piako District,Nil,0,0,0,0,0,0,Open,1,1,0,Fine,Null
1756954,5919271,6166,,514200,0,,0,2,,North,2009/2010,UPPER QUEEN ST,CANADA ST,,Non-Injury Crash,No,2009,,South,,0,,Hill Road,,,,,,Dark,412200,0,0,0,5,,,0,,,,,,Auckland Region,Nil,2-way,Sealed,,0,0,,50,,On,0,1,,76,Auckland,Traffic Signals,,,,,0,0,Urban,0,,,Light rain,Null
1791979,5780255,6167,,531301,0,0,0,1,0,South,2009/2010,SH 31,KAWA ROAD,,Non-Injury Crash,Yes,2009,0,South,0,0,0,Hill Road,1,,0,,0,Overcast,994900,0,0,0,2,0,0,0,0,0,,0,0,Waikato Region,Nil,2-way,Sealed,0,0,0,0,100,0,Null,0,0,,18,Ōtorohanga District,Unknown,0,0,0,0,0,0,Open,0,0,0,Fine,Null
1799009,5814868,6168,,529000,0,,0,2,,Null,2008/2009,SH 1N,BANDON ST,,Non-Injury Crash,Yes,2009,,South,,0,,Flat,,,,,,Overcast,918400,0,0,0,4,,,0,,,,,,Waikato Region,Nil,2-way,Sealed,,0,0,,60,,Off,0,0,,16,Hamilton City,Stop,,,,,0,0,Urban,0,,,Heavy rain,Null
1801375,5814688,6169,,529700,0,,0,1,,West,2009/2010,BRIDGE ST,VICTORIA ST,,Non-Injury Crash,No,2009,,West,,0,,Hill Road,,,,,,Bright sun,912400,0,0,0,2,,,0,,,,,,Waikato Region,Nil,2-way,Sealed,,0,0,,50,,Null,1,0,,16,Hamilton City,Unknown,,,,,0,0,Urban,0,,,Fine,Null
1769878,5899019,6170,,523920,0,0,0,1,0,Null,2009/2010,SH 1N,TAKANINI OFF NBD,,Non-Injury Crash,Yes,2009,0,North,0,0,0,Flat,0,,0,,0,Dark,767911,0,0,0,3,0,1,0,0,0,,0,0,Auckland Region,Nil,2-way,Sealed,0,0,0,0,100,0,On,0,0,,76,Auckland,Nil,0,0,0,0,0,0,Open,0,0,0,Fine,Null
1757619,5921036,6171,,514101,1,,0,1,,East,2009/2010,QUAY ST,QUEEN ST,,Non-Injury Crash,No,2009,,East,,0,,Flat,,,,,,Overcast,437901,0,0,0,2,,,0,,,,,,Auckland Region,Nil,2-way,Sealed,,0,0,,50,,Off,0,0,,76,Auckland,Nil,,,,,0,0,Urban,0,,,Fine,Null
1776203,5447487,6172,,566620,0,,0,1,,Null,2009/2010,SH 2,AKATARAWA ROAD,,Non-Injury Crash,Yes,2009,,North,,0,,Flat,,,,,,Overcast,1912101,0,0,1,2,,,0,,,,,,Wellington Region,Nil,2-way,Sealed,,0,0,,70,,Null,0,0,,45,Upper Hutt City,Give way,,,,,0,0,Urban,0,,,Fine,Null
1767594,5905415,6173,,523722,0,0,0,2,0,Null,2009/2010,SH 1N,TE IRIRANGI OFF SBD,,Non-Injury Crash,Yes,2009,0,South,0,0,0,Flat,1,,0,,0,Dark,715701,0,0,0,4,0,0,0,0,0,,0,0,Auckland Region,Motorway ramp,1-way,Sealed,0,0,0,0,100,0,On,0,0,,76,Auckland,Nil,0,0,0,0,0,0,Open,0,0,0,Fine,Null
1734783,5989431,6174,,506660,0,0,0,0,0,North,2009/2010,SH 1N,MAENEENE ROAD,,Non-Injury Crash,Yes,2009,0,West,0,0,0,Flat,1,,0,,0,Bright sun,135700,0,0,0,2,0,0,0,0,0,,0,0,Auckland Region,Nil,2-way,Sealed,0,0,0,0,100,0,None,1,0,,76,Auckland,Nil,0,0,0,0,0,0,Open,0,0,0,Fine,Null
1756935,5916493,6175,,518202,0,,0,1,,Null,2008/2009,MOUNT EDEN ROAD,DISRAELI ST,,Non-Injury Crash,No,2009,,South,,0,,Flat,,,,,,Dark,550400,0,0,0,2,,,0,,,,,,Auckland Region,Nil,2-way,Sealed,,0,0,,50,,On,0,0,,76,Auckland,Stop,,,,,0,0,Urban,1,,,Fine,Null
1571017,5197108,6176,,586504,0,0,0,0,0,West,2008/2009,ADDERLEY TERRACE,SNEYD ST,,Serious Crash,No,2009,0,West,0,0,0,Flat,0,,0,,0,Dark,2454701,0,0,0,2,0,0,0,0,0,,0,0,Canterbury Region,Nil,2-way,Sealed,0,0,1,0,50,0,None,1,0,,59,Waimakariri District,Unknown,0,1,0,0,0,0,Urban,0,0,0,Mist or Fog,Null
1748920,5970738,6177,,505500,0,,0,1,,Null,2009/2010,SH 1N,HILL ST,,Non-Injury Crash,Yes,2009,,East,,0,,Flat,,,,,,Dark,140000,0,0,0,2,,,0,,,,,,Auckland Region,Nil,2-way,Sealed,,0,0,,50,,On,1,0,,76,Auckland,Traffic Signals,,,,,0,0,Urban,0,,,Light rain,Null
1761537,5906363,6178,,524200,0,0,0,1,0,West,2008/2009,MASSEY ROAD,IMRIE AVENUE,,Non-Injury Crash,No,2009,0,West,0,0,1,Flat,0,,0,,0,Bright sun,728802,0,0,0,2,0,0,0,0,0,,0,0,Auckland Region,Nil,2-way,Sealed,0,0,0,0,50,0,Off,0,0,,76,Auckland,Nil,0,0,0,0,1,0,Urban,0,0,0,Fine,Null
2037540,5708057,6179,,544600,0,,0,2,,Null,2008/2009,SH 35,GLADSTONE ROAD,,Non-Injury Crash,Yes,2009,,East,,0,,Flat,,,,,,Overcast,1372000,0,0,0,2,,,0,,,,,,Gisborne Region,Nil,2-way,Sealed,,0,0,,50,,Null,0,0,,28,Gisborne District,Give way,,,,,0,0,Urban,0,,,Fine,Null
1936466,5621201,6180,,546901,0,0,0,2,0,Null,2009/2010,Z CPK COUNTDOWN,DICKENS/STATION,,Non-Injury Crash,No,2009,0,North,0,0,1,Flat,0,,0,,0,Bright sun,1428500,0,0,0,0,0,0,0,0,0,,0,0,Hawke's Bay Region,Nil,Off road,Sealed,0,0,0,0,50,0,Null,0,0,,31,Napier City,Nil,0,0,0,0,0,0,Urban,0,0,0,Fine,Null
1934540,5615566,6181,,545631,0,,0,1,,Null,2009/2010,AWATOTO ROAD,MEEANEE ROAD,,Non-Injury Crash,No,2009,,East,,0,,Flat,,,,,,Bright sun,1403700,0,0,0,2,,,0,,,,,,Hawke's Bay Region,Nil,2-way,Sealed,,0,0,,100,,Null,1,0,,31,Napier City,Stop,,,,,0,0,Open,0,,,Fine,Null
1823576,5463190,6182,,578600,0,0,0,1,0,Null,2008/2009,RENALL ST,SH 2,,Non-Injury Crash,Yes,2009,0,North,0,0,0,Flat,0,,0,,0,Dark,2243000,0,0,0,2,0,0,0,0,0,,0,0,Wellington Region,Nil,2-way,Sealed,0,0,0,0,50,0,On,0,0,,48,Masterton District,Give way,1,0,0,0,0,0,Urban,0,0,0,Fine,Null
1768189,5902430,6183,,524602,0,,0,1,,Null,2008/2009,GREAT SOUTH ROAD,ORAMS ROAD,,Non-Injury Crash,No,2009,,South,,0,,Flat,,Queens Birthday,,,,Dark,780700,0,0,0,5,,,0,,,,,,Auckland Region,Nil,2-way,Sealed,,0,0,,50,,On,0,0,,76,Auckland,Traffic Signals,,,,,1,0,Urban,0,,,Fine,Null
1799997,5817193,6184,,529600,0,,0,1,,Null,2009/2010,RIVER ROAD,FAIRFIELD ROAD,,Non-Injury Crash,No,2009,,South,,0,,Flat,,,,,,Dark,867700,0,0,0,2,,,0,,,,,,Waikato Region,Nil,2-way,Sealed,,0,0,,50,,On,0,0,,16,Hamilton City,Give way,,,,,0,0,Urban,1,,,Fine,Null
1986544,5747332,6185,40,542904,0,1,0,1,0,Null,2008/2009,SH 2,OPATO BR,,Non-Injury Crash,Yes,2009,0,South,0,0,0,Hill Road,0,Easter,0,,0,Unknown,1335700,0,0,0,2,0,0,0,0,0,,0,0,Bay of Plenty Region,Bridge,2-way,Sealed,0,0,0,0,100,0,None,0,0,,27,Ōpōtiki District,Nil,0,0,0,0,0,0,Open,0,0,0,Null,Frost
1759058,5911796,6186,,519820,0,,0,1,,Null,2008/2009,NEILSON ROAD,ONEHUNGA MALL,,Non-Injury Crash,No,2009,,North,,0,,Flat,,,,,,Dark,602401,0,0,0,2,,,0,,,,,,Auckland Region,Nil,2-way,Sealed,,0,0,,50,,On,1,0,,76,Auckland,Traffic Signals,,,,,0,0,Urban,0,,,Light rain,Null
1756318,5927373,6187,,507900,0,,0,3,,North,2009/2010,SH 1N,NORTHCOTE OBR,,Non-Injury Crash,Yes,2009,,South,,0,,Flat,,,,,,Twilight,305202,0,0,0,3,,,0,,,,,,Auckland Region,Nil,1-way,Sealed,,0,0,,100,,On,0,0,,76,Auckland,Nil,,,,,0,0,Open,0,,,Fine,Null
1748679,5426647,6188,,573101,0,,0,2,,Null,2009/2010,OLD BUCKLE ST,TARANAKI ST,,Non-Injury Crash,No,2009,,West,,0,,Flat,,,,,,Overcast,2134800,0,0,0,2,,,0,,,,,,Wellington Region,Nil,2-way,Sealed,,0,0,,50,,Null,0,0,,47,Wellington City,Traffic Signals,,,,,0,0,Urban,0,,,Fine,Null
1936936,5621710,6189,,546802,0,0,0,1,0,North,2009/2010,SHAKESPEARE ROAD,BROWNING ST,,Non-Injury Crash,No,2009,0,South,0,0,0,Hill Road,0,,0,,1,Overcast,1423600,0,0,0,2,0,0,0,0,0,,0,0,Hawke's Bay Region,Nil,2-way,Sealed,0,0,0,0,50,0,Null,0,0,,31,Napier City,Nil,0,1,0,0,0,0,Urban,0,0,0,Fine,Null
1928942,5604007,6190,,547900,0,,0,2,,North,2008/2009,RAILWAY ROAD,GARNETT ST,,Non-Injury Crash,No,2009,,South,,0,,Flat,,,,,,Overcast,1482500,0,0,0,2,,,0,,,,,,Hawke's Bay Region,Nil,2-way,Sealed,,0,0,,50,,Null,0,0,,30,Hastings District,Nil,,,,,0,0,Urban,0,,,Fine,Null
1761191,5914946,6191,,520201,0,,0,2,,North,2009/2010,LADIES MILE,MAIN HIGHWAY,,Non-Injury Crash,No,2009,,South,,0,,Flat,,,,,,Bright sun,611200,0,0,0,2,,,0,,,,,,Auckland Region,Nil,2-way,Sealed,,0,0,,50,,Null,0,0,,76,Auckland,Stop,,,,,0,0,Urban,0,,,Fine,Null
1754381,5928276,6192,,508320,0,,0,2,,South,2008/2009,DIANA DRIVE,HILLSIDE ROAD,,Non-Injury Crash,No,2009,,South,,0,,Hill Road,,,,,,Dark,198100,0,0,0,2,,,0,,,,,,Auckland Region,Nil,2-way,Sealed,,0,0,,50,,On,0,0,,76,Auckland,Nil,,,,,0,0,Urban,0,,,Light rain,Null
1753928,5924854,6193,,510500,0,,1,1,,North,2008/2009,BIRKENHEAD AVENUE,ONEWA ROAD,,Non-Injury Crash,No,2009,,North,,0,,Flat,,,,,,Bright sun,355800,0,0,0,2,,,0,,,,,,Auckland Region,Nil,2-way,Sealed,,0,0,,10,,Off,0,0,,76,Auckland,Nil,,,,,0,0,Urban,0,,,Fine,Null
1770941,5914336,6194,,523101,0,,0,2,,Null,2009/2010,BOTANY ROAD,BRADBURY ROAD,,Non-Injury Crash,No,2009,,South,,0,,Flat,,,,,,Dark,647605,0,0,0,2,,,0,,,,,,Auckland Region,Nil,2-way,Sealed,,0,0,,50,,On,0,0,,76,Auckland,Give way,,,,,0,0,Urban,0,,,Fine,Null
1801129,5814498,6195,,529700,0,,0,2,,Null,2009/2010,COBHAM DRIVE,TRISTRAM ST,,Non-Injury Crash,No,2009,,North,,0,,Flat,,,,,,Bright sun,912500,0,0,0,2,,,0,,,,,,Waikato Region,Nil,2-way,Sealed,,0,0,,50,,Null,0,0,,16,Hamilton City,Give way,,,,,0,0,Urban,0,,,Fine,Null
1867259,5713553,6196,,541720,0,,0,1,,North,2009/2010,RUAPEHU ST,HOROMATANGI ST,,Non-Injury Crash,No,2009,,South,,0,,Flat,,,,,,Overcast,1274000,0,0,0,2,,,0,,,,,,Waikato Region,Nil,2-way,Sealed,,0,0,,50,,Off,0,0,,21,Taupo District,Nil,,,,,0,0,Urban,1,,,Light rain,Null
1752856,5927039,6197,,508220,0,0,0,1,0,Null,2009/2010,VALLEY VIEW ROAD,WINDY RIDGE ROAD,,Non-Injury Crash,No,2009,0,East,0,0,0,Flat,0,,0,,0,Bright sun,188200,0,0,0,2,0,0,0,0,1,,0,0,Auckland Region,Nil,2-way,Sealed,0,0,0,0,50,0,Off,0,0,,76,Auckland,Nil,0,0,0,0,0,0,Urban,1,0,0,Fine,Null
2037391,5708422,6198,,544600,0,,0,2,,Null,2009/2010,Z CPK MCDONALDS,BRIGHT ST,,Non-Injury Crash,No,2009,,South,,0,,Flat,,,,,,Overcast,1371000,0,0,0,1,,,0,,,,,,Gisborne Region,Nil,Off road,Sealed,,0,0,,50,,Null,0,0,,28,Gisborne District,Nil,,,,,0,0,Urban,0,,,Fine,Null
1764555,5905958,6199,,524303,0,,0,2,,North,2008/2009,STATION ROAD,HILLCREST ROAD,,Non-Injury Crash,No,2009,,East,,0,,Flat,,,,,,Overcast,657602,0,0,0,2,,,0,,,,,,Auckland Region,Nil,2-way,Sealed,,0,0,,50,,Off,0,0,,76,Auckland,Nil,,,,,0,0,Urban,0,,,Light rain,Null
1313624,4945444,6200,,607501,0,,0,0,,South,2008/2009,TEVIOT ROAD,PINDERS POND,,Serious Crash,No,2009,,South,,0,,Flat,,,,,,Overcast,3006300,0,0,1,2,,,0,,,,,,Otago Region,Nil,2-way,Sealed,,0,1,,100,,Null,0,0,,69,Central Otago District,Unknown,,,,,1,0,Open,0,,,Light rain,Null
1758722,5915508,6201,,519300,0,,0,2,,East,2008/2009,GREEN LANE WEST,GREENLANE HPTL GT2,,Non-Injury Crash,No,2009,,East,,0,,Flat,,Queens Birthday,,,,Dark,622900,0,0,0,4,,,0,,,,,,Auckland Region,Nil,2-way,Sealed,,0,0,,50,,On,0,0,,76,Auckland,Give way,,,,,0,0,Urban,0,,,Light rain,Null
1754470,5915095,6202,,517703,0,,0,2,,East,2008/2009,MOUNT ALBERT ROAD,SANDRINGHAM ROAD,,Non-Injury Crash,No,2009,,West,,0,,Flat,,,,,,Overcast,539000,0,0,0,4,,,0,,,,,,Auckland Region,Nil,2-way,Sealed,,0,0,,50,,Off,0,0,,76,Auckland,Nil,,,,,0,0,Urban,0,,,Fine,Null
1938025,5607749,6203,,545740,0,0,0,1,0,South,2008/2009,TUKITUKI ROAD,HAUMOANA ROAD,,Non-Injury Crash,No,2009,0,North,0,0,1,Flat,0,Christmas New Year,0,,0,Bright sun,1407600,0,0,0,2,0,0,0,0,0,,0,1,Hawke's Bay Region,Nil,2-way,Sealed,0,0,0,0,100,0,Null,0,0,,30,Hastings District,Nil,0,0,0,0,0,0,Open,0,0,0,Fine,Null
1931470,5618342,6204,,547100,1,,0,1,,Null,2008/2009,AVONDALE ROAD,AUCKLAND ROAD,,Non-Injury Crash,No,2009,,East,,0,,Flat,,,,,,Twilight,1455701,0,0,0,2,,,0,,,,,,Hawke's Bay Region,Nil,2-way,Sealed,,0,0,,50,,Off,0,0,,31,Napier City,Give way,,,,,0,0,Urban,0,,,Fine,Null
1692366,5676258,6205,,551800,0,0,0,1,0,Null,2008/2009,YOUNG ST,DAWSON ST,,Non-Injury Crash,No,2009,0,North,0,0,0,Flat,0,,0,,0,Dark,1591200,0,0,0,2,0,0,0,0,0,,0,1,Taranaki Region,Nil,2-way,Sealed,0,0,0,0,50,0,On,0,0,,33,New Plymouth District,Give way,0,0,0,0,0,0,Urban,0,0,0,Light rain,Null
1605934,5438052,6206,,581833,0,0,0,1,0,West,2009/2010,MARRIAGES ROAD,SH 60,,Non-Injury Crash,No,2009,0,East,1,0,0,Flat,0,,0,,0,Bright sun,2373900,0,0,0,2,0,0,0,0,0,,0,1,Tasman Region,Nil,2-way,Sealed,0,0,0,0,100,0,Null,0,0,,51,Tasman District,Nil,0,0,0,0,0,0,Open,0,0,0,Fine,Null
1699218,6089005,6207,,501633,0,0,0,1,1,North,2008/2009,SH 11,RIGDEN ROAD,,Non-Injury Crash,Yes,2009,0,North,0,0,0,Flat,0,,0,,0,Overcast,51601,0,0,0,2,0,0,0,0,0,,0,0,Northland Region,Nil,2-way,Sealed,0,0,0,0,100,0,Null,0,0,,1,Far North District,Unknown,0,0,0,0,0,0,Open,0,0,0,Fine,Null
1758162,5917941,6208,,515700,0,,0,2,,South,2008/2009,GILLIES AVENUE,MORTIMER PASS,,Non-Injury Crash,No,2009,,North,,0,,Hill Road,,,,,,Bright sun,443300,0,0,0,2,,,0,,,,,,Auckland Region,Nil,2-way,Sealed,,0,0,,50,,Off,0,0,,76,Auckland,Nil,,,,,0,0,Urban,0,,,Fine,Null
1759038,5917530,6209,,516001,0,,0,1,,West,2009/2010,REMUERA ROAD,BASSETT ROAD,,Non-Injury Crash,No,2009,,West,,0,,Flat,,,,,,Bright sun,490704,0,0,0,4,,,0,,,,,,Auckland Region,Nil,2-way,Sealed,,0,0,,50,,Null,0,0,,76,Auckland,Unknown,,,,,1,0,Urban,0,,,Fine,Null
1768238,5903770,6210,,523820,0,0,0,1,0,South,2009/2010,SH 1N,MANUKAU ON SBD,,Non-Injury Crash,Yes,2009,0,South,0,0,0,Flat,1,,0,,0,Dark,760142,0,0,0,2,0,0,0,0,0,,0,0,Auckland Region,Nil,1-way,Sealed,0,0,0,0,100,0,On,0,0,80,76,Auckland,Nil,0,0,0,0,0,0,Open,0,0,0,Light rain,Null
1748156,5426872,6211,,573200,0,0,0,3,0,South,2008/2009,OHIRO ROAD,ARO ST,,Non-Injury Crash,No,2009,0,North,0,0,0,Hill Road,0,,0,,0,Dark,2159201,0,0,0,2,0,0,0,0,2,,0,0,Wellington Region,Nil,2-way,Sealed,0,0,0,0,50,0,None,0,0,,47,Wellington City,Nil,0,0,0,0,0,0,Urban,0,0,0,Fine,Null
1768118,5903238,6212,,524602,0,,0,2,,South,2009/2010,GREAT SOUTH ROAD,KERRS ROAD,,Non-Injury Crash,No,2009,,South,,0,,Flat,,,,,,Bright sun,780407,0,0,0,4,,,0,,,,,,Auckland Region,Nil,2-way,Sealed,,0,0,,50,,Off,0,0,,76,Auckland,Nil,,,,,0,0,Urban,0,,,Fine,Null
1759882,5915763,6213,,516002,1,,0,1,,Null,2009/2010,GREAT SOUTH ROAD,GREEN LANE EAST,,Non-Injury Crash,No,2009,,South,,0,,Flat,,,,,,Overcast,494100,0,0,0,4,,,0,,,,,,Auckland Region,Nil,2-way,Sealed,,0,0,,50,,Off,0,0,,76,Auckland,Traffic Signals,,,,,0,0,Urban,0,,,Light rain,Null
1983529,5669961,6214,,545500,0,0,0,1,0,Null,2009/2010,QUEEN ST,MANSFIELD ST,,Non-Injury Crash,No,2009,0,South,1,0,0,Flat,0,,0,,0,Dark,1390600,0,0,0,2,0,0,0,0,0,,0,0,Hawke's Bay Region,Nil,2-way,Sealed,0,0,0,0,50,0,On,0,0,,29,Wairoa District,Give way,0,0,0,0,0,0,Urban,0,0,0,Fine,Null
1766520,5913270,6215,,522920,0,,0,2,,Null,2008/2009,TI RAKAU DRIVE,PAKURANGA ROAD,,Non-Injury Crash,No,2009,,North,,0,,Flat,,,,,,Dark,683900,0,0,0,2,,,0,,,,,,Auckland Region,Nil,2-way,Sealed,,0,0,,50,,On,0,0,,76,Auckland,Give way,,,,,0,0,Urban,0,,,Fine,Null