X,Y,OBJECTID,advisorySpeed,areaUnitID,bicycle,bridge,bus,carStationWagon,cliffBank,crashDirectionDescription,crashFinancialYear,crashLocation1,crashLocation2,crashRoadSideRoad,crashSeverity,crashSHDescription,crashYear,debris,directionRoleDescription,ditch,fatalCount,fence,flatHill,guardRail,holiday,houseOrBuilding,intersection,kerb,light,meshblockId,minorInjuryCount,moped,motorcycle,NumberOfLanes,objectThrownOrDropped,otherObject,otherVehicleType,overBank,parkedVehicle,pedestrian,phoneBoxEtc,postOrPole,region,roadCharacter,roadLane,roadSurface,roadworks,schoolBus,seriousInjuryCount,slipOrFlood,speedLimit,strayAnimal,streetLight,suv,taxi,temporarySpeedLimit,tlaId,tlaName,trafficControl,trafficIsland,trafficSign,train,tree,truck,unknownVehicleType,urban,vanOrUtility,vehicle,waterRiver,weatherA,weatherB
1885326,5771491,6216,,540700,0,0,0,2,0,North,2008/2009,TRYON ST,FROUDE ST,,Non-Injury Crash,No,2009,0,West,0,0,0,Flat,0,,0,,0,Overcast,1246200,0,0,0,4,0,0,0,0,1,,0,0,Bay of Plenty Region,Nil,2-way,Sealed,0,0,0,0,60,0,Null,0,0,,24,Rotorua District,Unknown,0,0,0,0,0,0,Urban,0,0,0,Light rain,Null
1744689,5917890,6217,40,510700,0,0,0,1,0,West,2009/2010,STURGES ROAD,SWANSON ROAD,,Non-Injury Crash,No,2009,0,East,0,0,0,Flat,0,,0,,0,Bright sun,239200,0,0,0,4,0,0,0,0,0,,0,0,Auckland Region,Nil,2-way,Sealed,0,0,0,0,50,0,None,0,0,,76,Auckland,Nil,0,1,0,0,0,0,Urban,0,0,0,Fine,Null
1767780,5903864,6218,,524602,0,,0,2,,Null,2008/2009,GREAT SOUTH ROAD,MANUKAU OFF NBD,,Non-Injury Crash,No,2009,,South,,0,,Flat,,,,,,Overcast,780417,0,0,0,4,,,0,,,,,,Auckland Region,Nil,2-way,Sealed,,0,0,,50,,None,0,0,,76,Auckland,Traffic Signals,,,,,0,0,Urban,0,,,Light rain,Null
1859390,5713709,6219,,541335,0,0,0,1,0,North,2009/2010,MAPARA ROAD,TUKAIRANGI ROAD,,Non-Injury Crash,No,2009,1,South,0,0,0,Hill Road,0,,0,,0,Dark,1278900,0,0,0,2,0,0,0,0,0,,0,0,Waikato Region,Nil,2-way,Sealed,0,0,0,0,100,0,None,0,0,,21,Taupo District,Unknown,0,0,0,0,0,0,Open,0,0,0,Light rain,Null
1770610,5576603,6220,,555800,0,,0,0,,Null,2009/2010,HEADS ROAD,MOSSTON ROAD,,Non-Injury Crash,No,2009,,East,,0,,Flat,,,,,,Bright sun,1714900,0,0,0,2,,,0,,,,,,Manawatū-Whanganui Region,Nil,2-way,Sealed,,0,0,,50,,Null,0,0,,37,Whanganui District,Give way,,,,,1,0,Urban,1,,,Fine,Null
1878227,5821723,6221,,538102,0,0,0,1,0,Null,2009/2010,SEVENTEENTH AVENUE,FRASER ST,,Non-Injury Crash,No,2009,0,North,0,0,0,Flat,0,,0,,1,Overcast,1171000,0,0,1,2,0,0,0,0,0,,0,0,Bay of Plenty Region,Nil,2-way,Sealed,0,0,0,0,50,0,Off,0,0,,23,Tauranga City,Give way,0,0,0,0,0,0,Urban,0,0,0,Fine,Null
1767945,5899255,6222,,525102,0,,0,3,,West,2009/2010,MAHIA ROAD,MCDIVITT ST,,Non-Injury Crash,No,2009,,East,,0,,Flat,,,,,,Overcast,769200,0,0,0,2,,,0,,,,,,Auckland Region,Nil,2-way,Sealed,,0,0,,50,,Off,0,0,,76,Auckland,Nil,,,,,0,0,Urban,0,,,Heavy rain,Null
1757180,5919858,6223,,514103,0,0,0,1,0,Null,2008/2009,QUEEN ST,MAYORAL DRIVE,,Non-Injury Crash,No,2009,0,North,0,0,0,Hill Road,0,Easter,0,,0,Dark,436100,0,0,0,5,0,0,0,0,0,,0,0,Auckland Region,Nil,2-way,Sealed,0,0,0,0,50,0,On,1,0,,76,Auckland,Traffic Signals,0,0,0,0,0,0,Urban,0,1,0,Fine,Null
1744504,5922538,6224,,513530,0,,0,2,,Null,2008/2009,ROYAL ROAD,ROYAL ON EBD W,,Non-Injury Crash,No,2009,,West,,0,,Flat,,,,,,Twilight,225802,0,0,0,2,,,0,,,,,,Auckland Region,Nil,2-way,Sealed,,0,0,,50,,Off,0,0,,76,Auckland,Give way,,,,,0,0,Urban,0,,,Light rain,Null
1753259,5927026,6225,,508220,0,0,0,1,0,South,2008/2009,STANLEY ROAD,SEAVIEW ROAD,,Non-Injury Crash,No,2009,0,North,0,0,1,Hill Road,0,,0,,0,Dark,188200,0,0,0,2,0,0,0,0,0,,1,1,Auckland Region,Nil,2-way,Sealed,0,0,0,0,50,0,On,0,0,,76,Auckland,Nil,0,0,0,0,0,0,Urban,0,0,0,Mist or Fog,Null
1756431,5919486,6226,,514102,0,,0,2,,Null,2009/2010,HOWE ST,HOPETOUN ST,,Non-Injury Crash,No,2009,,North,,0,,Flat,,,,,,Twilight,436001,0,0,0,3,,,0,,,,,,Auckland Region,Nil,2-way,Sealed,,0,0,,50,,On,0,0,,76,Auckland,Give way,,,,,0,0,Urban,0,,,Light rain,Null
1939158,5606416,6227,,545740,0,,0,2,,West,2008/2009,RAYMOND ROAD,PARKHILL ROAD,,Non-Injury Crash,No,2009,,North,,0,,Flat,,,,,,Overcast,1407600,0,0,0,2,,,0,,,,,,Hawke's Bay Region,Nil,2-way,Sealed,,0,0,,100,,Null,0,0,,30,Hastings District,Nil,,,,,0,0,Open,0,,,Fine,Null
1770660,5442848,6228,,564520,0,,0,0,,Null,2008/2009,FREYBERG ROAD,PINEHILL CRESCENT,,Non-Injury Crash,No,2009,,South,,0,,Flat,,,,,,Overcast,1900400,0,1,0,2,,,0,,,,,,Wellington Region,Nil,2-way,Sealed,,0,0,,50,,Null,0,0,,45,Upper Hutt City,Nil,,,,,0,0,Urban,1,,,Fine,Null
1742485,5976300,6229,,506661,0,0,0,0,1,North,2009/2010,SH 1N,WAIWHIU ROAD,,Non-Injury Crash,Yes,2009,0,South,0,0,0,Flat,0,,0,,0,Dark,139000,0,0,0,2,0,0,0,0,0,,0,0,Auckland Region,Nil,2-way,Sealed,0,0,0,0,80,0,None,0,0,,76,Auckland,Nil,0,0,0,0,0,0,Open,1,0,0,Fine,Null
1692906,5676034,6230,,551800,0,,0,2,,Null,2009/2010,SH 45 VIVIAN,BROUGHAM ST,,Non-Injury Crash,Yes,2009,,West,,0,,Flat,,,,,,Bright sun,1592800,0,0,0,2,,,0,,,,,,Taranaki Region,Nil,2-way,Sealed,,0,0,,50,,Null,0,0,,33,New Plymouth District,Stop,,,,,0,0,Urban,0,,,Fine,Null
1755306,5913682,6231,,518803,0,0,0,1,0,North,2009/2010,SOMERSET ROAD,DENBIGH AVENUE,,Non-Injury Crash,No,2009,0,North,0,0,0,Flat,0,,0,,0,Bright sun,581300,0,0,0,2,0,0,0,0,0,,0,0,Auckland Region,Nil,2-way,Sealed,0,0,0,0,50,0,Off,0,0,,76,Auckland,Nil,0,0,0,0,0,0,Urban,1,1,0,Fine,Null
1849947,5791336,6232,,535232,0,,0,1,,East,2008/2009,SH 5,HARWOODS ROAD,,Non-Injury Crash,Yes,2009,,West,,0,,Flat,,,,,,Overcast,1127701,0,0,0,2,,,0,,,,,,Waikato Region,Nil,2-way,Sealed,,0,0,,100,,Null,0,0,,19,South Waikato District,Unknown,,,,,0,0,Open,0,,,Snow,Null
1754819,5923543,6233,,510500,0,0,0,2,0,East,2009/2010,HINEMOA ST,NIAGARA PLACE,,Non-Injury Crash,No,2009,0,West,0,0,0,Hill Road,0,,0,,0,Bright sun,358300,0,0,0,2,0,0,0,0,1,,0,0,Auckland Region,Nil,2-way,Sealed,0,0,0,0,50,0,Null,0,0,,76,Auckland,Nil,0,0,0,0,0,0,Urban,0,0,0,Fine,Null
1770792,5913397,6234,,523101,0,,0,2,,Null,2008/2009,BOTANY ROAD,MIRRABOOKA AVENUE,,Non-Injury Crash,No,2009,,South,,0,,Hill Road,,,,,,Overcast,710512,0,0,0,2,,,0,,,,,,Auckland Region,Nil,2-way,Sealed,,0,0,,50,,Null,0,0,,76,Auckland,Nil,,,,,0,0,Urban,0,,,Light rain,Null
1798391,5815920,6235,,528900,0,,0,2,,Null,2009/2010,SH 1N,NORTON ROAD,,Non-Injury Crash,Yes,2009,,South,,0,,Flat,,,,,,Overcast,915400,0,0,0,2,,,0,,,,,,Waikato Region,Nil,2-way,Sealed,,0,0,,50,,Null,0,0,,16,Hamilton City,Give way,,,,,0,0,Urban,0,,,Light rain,Null
1816456,5804098,6236,,527502,0,,0,2,,Null,2009/2010,WILLIAMS ST,GREY ST,,Non-Injury Crash,No,2009,,East,,0,,Flat,,,,,,Overcast,963400,0,0,0,2,,,0,,,,,,Waikato Region,Nil,2-way,Sealed,,0,0,,50,,Null,0,0,,17,Waipa District,Give way,,,,,0,0,Urban,0,,,Light rain,Null
1756281,5924325,6237,,509702,0,0,0,0,0,North,2009/2010,SH 1N,SEART OFF SBD,,Non-Injury Crash,Yes,2009,0,South,0,0,0,Flat,1,,0,,0,Overcast,366700,0,0,0,3,0,0,0,0,0,,0,0,Auckland Region,Nil,1-way,Sealed,0,0,0,0,100,0,Off,0,0,,76,Auckland,Nil,0,0,0,0,0,0,Open,1,0,0,Fine,Null
1563807,5179130,6238,,587701,0,0,0,2,0,South,2008/2009,MAIN SOUTH ROAD,LOWTHER ST,,Non-Injury Crash,No,2009,0,South,0,0,0,Hill Road,0,,0,,0,Dark,2479700,0,0,0,4,0,0,0,0,0,,0,0,Canterbury Region,Bridge,2-way,Sealed,0,0,0,0,60,0,On,0,0,,60,Christchurch City,Unknown,0,0,0,0,0,0,Urban,0,1,0,Fine,Null
1573266,5179428,6239,,593502,0,,0,2,,Null,2009/2010,ALDWINS ROAD,HARROW ST,,Serious Crash,No,2009,,North,,0,,Flat,,,,,,Overcast,2606300,1,0,0,5,,,0,,,,,,Canterbury Region,Nil,2-way,Sealed,,0,1,,60,,Null,0,0,,60,Christchurch City,Traffic Signals,,,,,0,0,Urban,0,,,Fine,Null
1567280,5177639,6240,,590300,0,,0,1,,North,2009/2010,LINCOLN ROAD,ANNEX ROAD,,Minor Crash,No,2009,,North,,0,,Flat,,,,,,Bright sun,2538606,1,0,0,2,,,0,,,,,,Canterbury Region,Nil,2-way,Sealed,,0,0,,50,,Null,2,0,,60,Christchurch City,Unknown,,,,,0,0,Urban,0,,,Fine,Null
1751629,5934054,6241,,508701,0,,0,2,,Null,2009/2010,DAIRY FLAT HIGHWAY,ALBANY HIGHWAY,,Non-Injury Crash,No,2009,,West,,0,,Flat,,,,,,Dark,178800,0,0,0,6,,,0,,,,,,Auckland Region,Nil,2-way,Sealed,,0,0,,50,,On,0,0,,76,Auckland,Traffic Signals,,,,,0,0,Urban,0,,,Fine,Null
1751131,5915832,6242,,514401,0,,0,2,,South,2009/2010,GREAT NORTH ROAD,HENRY ST,,Non-Injury Crash,No,2009,,North,,0,,Flat,,,,,,Overcast,381801,0,0,0,4,,,0,,,,,,Auckland Region,Nil,2-way,Sealed,,0,0,,50,,Off,0,0,,76,Auckland,Nil,,,,,0,0,Urban,1,,,Light rain,Null
1799363,5817058,6243,,528700,0,,0,2,,Null,2008/2009,ULSTER ST,MAEROA ROAD,,Non-Injury Crash,No,2009,,North,,0,,Flat,,,,,,Bright sun,902100,0,0,0,4,,,0,,,,,,Waikato Region,Nil,2-way,Sealed,,0,0,,60,,Null,0,0,,16,Hamilton City,Stop,,,,,0,0,Urban,0,,,Fine,Null
1762271,5907061,6244,,524520,0,0,0,1,0,Null,2009/2010,MASSEY ROAD,BUCKLAND ROAD,,Non-Injury Crash,No,2009,0,West,0,0,1,Flat,0,,0,,0,Dark,735200,0,0,0,2,0,0,0,0,0,,0,0,Auckland Region,Nil,2-way,Sealed,0,0,0,0,50,0,On,0,0,,76,Auckland,Traffic Signals,0,0,0,0,0,0,Urban,0,0,0,Light rain,Null
1620878,5430095,6245,,583000,0,,0,2,,West,2009/2010,BISLEY WALK,SH 6,,Non-Injury Crash,No,2009,,West,,0,,Flat,,,,,,Dark,2333100,0,0,0,2,,,0,,,,,,Nelson Region,Nil,2-way,Sealed,,0,0,,50,,On,0,0,30,52,Nelson City,Nil,,,,,0,0,Urban,0,,,Light rain,Null
1757252,5920978,6246,,514102,0,,0,2,,East,2009/2010,STURDEE ST,MARKET LANE,,Non-Injury Crash,No,2009,,East,,0,,Flat,,Christmas New Year,,,,Dark,433101,0,0,0,4,,,0,,,,,,Auckland Region,Nil,1-way,Sealed,,0,0,,50,,On,0,1,,76,Auckland,Nil,,,,,0,0,Urban,0,,,Fine,Null
1936393,5621657,6247,,546802,0,0,0,2,0,South,2009/2010,MILTON ROAD,CAMERON ROAD,,Non-Injury Crash,No,2009,0,North,0,0,0,Hill Road,0,,0,,0,Dark,1423300,0,0,0,2,0,0,0,0,1,,0,0,Hawke's Bay Region,Nil,2-way,Sealed,0,0,0,0,50,0,On,0,0,,31,Napier City,Nil,0,0,0,0,0,0,Urban,0,0,0,Fine,Null
1404439,4913276,6248,,604500,0,0,0,1,0,West,2008/2009,MIDDLETON ROAD,LOCKERBIE ST,,Minor Crash,No,2009,0,East,0,0,0,Hill Road,0,,0,,0,Bright sun,2925500,2,0,0,2,0,0,0,0,1,,0,0,Otago Region,Nil,2-way,Sealed,0,0,0,0,50,0,Null,1,0,,71,Dunedin City,Unknown,0,0,0,0,0,0,Urban,0,0,0,Fine,Null
1780354,5579171,6249,,558300,0,0,0,1,0,East,2009/2010,NO 3 LINE,KAIMATIRA ROAD,,Minor Crash,No,2009,0,West,1,0,0,Flat,0,,0,,0,Bright sun,1685800,3,0,0,2,0,0,0,0,0,,0,0,Manawatū-Whanganui Region,Nil,2-way,Sealed,0,0,0,0,100,0,Null,0,0,,37,Whanganui District,Nil,0,0,0,0,0,0,Open,0,0,0,Fine,Null
1755609,5925571,6250,,509701,0,,0,2,,Null,2009/2010,LAKE ROAD,EXMOUTH ROAD,,Non-Injury Crash,No,2009,,North,,0,,Flat,,,,,,Bright sun,367100,0,0,0,2,,,0,,,,,,Auckland Region,Nil,2-way,Sealed,,0,0,,50,,Null,1,0,,76,Auckland,Give way,,,,,0,0,Urban,0,,,Fine,Null
1804233,5814295,6251,,530700,0,,0,2,,North,2009/2010,MASTERS AVENUE,AURORA TERRACE,,Non-Injury Crash,No,2009,,North,,0,,Flat,,,,,,Overcast,888400,0,0,0,2,,,0,,,,,,Waikato Region,Nil,2-way,Sealed,,0,0,,50,,Off,0,0,,16,Hamilton City,Nil,,,,,0,0,Urban,0,,,Light rain,Null
1751459,5949366,6252,,505805,0,,0,1,,Null,2009/2010,CENTREWAY ROAD,MOENUI AVENUE,,Non-Injury Crash,No,2009,,South,,0,,Flat,,,,,,Dark,171804,0,0,0,2,,,0,,,,,,Auckland Region,Nil,2-way,Sealed,,0,0,,50,,On,1,0,,76,Auckland,Give way,,,,,0,0,Urban,0,,,Light rain,Null
1773036,5578251,6253,,556600,0,0,0,2,0,North,2009/2010,DEVON ROAD,PARSONS ST,,Non-Injury Crash,No,2009,0,East,0,0,0,Flat,0,,0,,0,Dark,1720902,0,0,0,2,0,0,0,0,1,,0,0,Manawatū-Whanganui Region,Nil,2-way,Sealed,0,0,0,0,50,0,On,0,0,,37,Whanganui District,Nil,0,0,0,0,0,0,Urban,0,0,0,Fine,Null
1770634,5911226,6254,,523109,0,0,0,1,0,Null,2009/2010,CHAPEL ROAD,DANNEMORA DRIVE,,Non-Injury Crash,No,2009,0,South,0,0,1,Flat,0,,0,,0,Dark,712008,0,0,0,2,0,0,0,0,0,,0,0,Auckland Region,Nil,2-way,Sealed,0,0,0,0,70,0,On,0,0,,76,Auckland,Give way,1,0,0,1,0,0,Urban,0,0,0,Fine,Null
1931019,5604980,6255,,548000,0,,0,2,,Null,2008/2009,WILLOWPARK ROAD NORTH,JERVOIS ST,,Non-Injury Crash,No,2009,,North,,0,,Flat,,,,,,Bright sun,1497600,0,0,0,2,,,0,,,,,,Hawke's Bay Region,Nil,2-way,Sealed,,0,0,,50,,Null,0,0,,30,Hastings District,Give way,,,,,0,0,Urban,0,,,Fine,Null
1755926,5916977,6256,,518201,0,,0,2,,Null,2008/2009,DOMINION ROAD,KING EDWARD ST,,Non-Injury Crash,No,2009,,South,,0,,Flat,,,,,,Overcast,548200,0,0,0,4,,,0,,,,,,Auckland Region,Nil,2-way,Sealed,,0,0,,50,,Null,0,0,,76,Auckland,Traffic Signals,,,,,0,0,Urban,0,,,Fine,Null
1764937,5910714,6257,,521801,0,,0,2,,South,2008/2009,SH 1N,PANAMA OBR,,Non-Injury Crash,Yes,2009,,North,,0,,Hill Road,,,,,,Bright sun,786700,0,0,0,3,,,0,,,,,,Auckland Region,Nil,1-way,Sealed,,0,0,,100,,Null,0,0,,76,Auckland,Unknown,,,,,0,0,Open,0,,,Fine,Null
1756213,5920939,6258,,514101,0,,0,2,,South,2009/2010,SH 1N,FANSHAWE OFF SBD,,Non-Injury Crash,Yes,2009,,South,,0,,Flat,,,,,,Bright sun,432400,0,0,0,4,,,0,,,,,,Auckland Region,Nil,1-way,Sealed,,0,0,,80,,Off,1,0,,76,Auckland,Nil,,,,,0,0,Open,0,,,Fine,Null
1758347,5913105,6259,,519710,0,,0,1,,East,2009/2010,MANUKAU ROAD,TRAFALGAR ST,,Non-Injury Crash,No,2009,,West,,0,,Flat,,,,,,Bright sun,596502,0,0,0,2,,,0,,,,,,Auckland Region,Nil,2-way,Sealed,,0,0,,50,,Off,0,0,,76,Auckland,Nil,,,,,0,0,Urban,1,,,Fine,Null
1768996,5905803,6260,,523712,0,0,0,1,0,East,2008/2009,DAWSON ROAD,TE IRIRANGI DRIVE,,Non-Injury Crash,No,2009,0,West,0,0,1,Flat,0,,0,,0,Dark,713013,0,0,0,2,0,0,0,0,0,,0,0,Auckland Region,Nil,2-way,Sealed,0,0,0,0,50,0,On,0,0,,76,Auckland,Nil,0,0,0,0,0,0,Urban,0,0,0,Fine,Null
1585291,5418476,6261,,581844,0,0,0,1,0,Null,2008/2009,TOTARA HIGHWAY,TADMOR VALLEY ROAD,,Non-Injury Crash,No,2009,0,East,0,0,1,Flat,0,,1,,0,Dark,2374500,0,0,0,2,0,0,0,0,0,,0,0,Tasman Region,Nil,2-way,Sealed,0,0,0,0,50,0,On,0,0,,51,Tasman District,Give way,0,0,0,0,0,0,Urban,0,0,0,Fine,Null
1871473,5826081,6262,,536503,0,0,0,1,1,North,2009/2010,TE PUNA ROAD,JAMES ROAD,,Non-Injury Crash,No,2009,0,North,0,0,0,Hill Road,0,,0,,0,Bright sun,1188502,0,0,0,2,0,0,0,0,0,,0,0,Bay of Plenty Region,Nil,2-way,Sealed,0,0,0,0,80,0,None,0,0,,22,Western Bay of Plenty District,Nil,0,0,0,0,0,0,Open,0,0,0,Fine,Null
1757882,5445877,6263,,571400,0,,0,2,,Null,2009/2010,WARSPITE AVENUE,OMAPERE ST,,Non-Injury Crash,No,2009,,North,,0,,Hill Road,,,,,,Overcast,2058400,0,0,0,2,,,0,,,,,,Wellington Region,Nil,2-way,Sealed,,0,0,,50,,Null,0,0,,44,Porirua City,Give way,,,,,0,0,Urban,0,,,Light rain,Null
1720366,6045735,6264,,503200,0,,0,2,,South,2008/2009,RIVERSIDE DRIVE,PUNGA GROVE AVENUE,,Non-Injury Crash,No,2009,,South,,0,,Flat,,,,,,Overcast,101503,0,0,0,4,,,0,,,,,,Northland Region,Nil,2-way,Sealed,,0,0,,50,,Off,0,0,,2,Whangarei District,Nil,,,,,0,0,Urban,0,,,Fine,Null
1766982,5906810,6265,,523601,0,0,0,1,0,South,2008/2009,SH 1N,EAST TAMAKI OBR,,Non-Injury Crash,Yes,2009,0,South,0,0,0,Flat,1,,0,,0,Dark,707400,0,0,0,3,0,0,0,0,0,,0,0,Auckland Region,Nil,1-way,Sealed,0,0,0,0,100,0,On,0,0,,76,Auckland,Unknown,0,0,0,0,0,0,Open,0,0,0,Light rain,Null
1758268,5913312,6266,,519710,0,,0,1,,South,2009/2010,MANUKAU ROAD,SYMONDS ST,,Non-Injury Crash,No,2009,,North,,0,,Flat,,Christmas New Year,,,,Bright sun,595200,0,0,0,4,,,0,,,,,,Auckland Region,Nil,2-way,Sealed,,0,0,,50,,Off,0,0,,76,Auckland,Nil,,,,,0,0,Urban,1,,,Fine,Null
1753826,5918247,6267,,515432,0,,0,2,,Null,2009/2010,ST LUKES ROAD,ST LUKES OFF WBD N,,Non-Injury Crash,Yes,2009,,West,,0,,Flat,,,,,,Bright sun,405500,0,0,0,2,,,0,,,,,,Auckland Region,Nil,1-way,Sealed,,0,0,,50,,Null,0,0,,76,Auckland,Traffic Signals,,,,,0,0,Urban,0,,,Fine,Null
1756069,5920490,6268,,514000,0,0,0,2,0,West,2008/2009,SPRING ST,SCOTLAND ST,,Non-Injury Crash,No,2009,0,West,0,0,0,Flat,0,,0,,0,Bright sun,416600,0,0,0,2,0,0,0,0,1,,0,0,Auckland Region,Nil,2-way,Sealed,0,0,0,0,50,0,Off,0,0,,76,Auckland,Nil,0,0,0,0,0,0,Urban,0,0,0,Null,Null
1707759,5617221,6269,,554115,0,,0,1,,West,2008/2009,SH 45,HUNTER ST,,Non-Injury Crash,Yes,2009,,West,,0,,Hill Road,,,,,,Dark,1653702,0,0,0,2,,,0,,,,,,Taranaki Region,Nil,2-way,Sealed,,0,0,,100,,None,0,0,,35,South Taranaki District,Nil,,,,,0,0,Open,0,,,Light rain,Strong wind
1405937,4916000,6270,,602900,0,,0,4,,Null,2008/2009,PRINCES ST,MANOR PLACE,,Non-Injury Crash,No,2009,,South,,0,,Flat,,,,,,Overcast,2895700,0,0,0,4,,,0,,,,,,Otago Region,Nil,2-way,Sealed,,0,0,,50,,Null,0,0,,71,Dunedin City,Give way,,,,,0,0,Urban,0,,,Heavy rain,Null
1754760,5443340,6271,,571000,0,0,0,1,0,South,2009/2010,SH 1N,MUNGAVIN OFF NBD,,Non-Injury Crash,Yes,2009,0,North,0,0,0,Flat,1,,0,,0,Twilight,2052000,0,0,0,2,0,0,0,0,0,,0,0,Wellington Region,Nil,1-way,Sealed,0,0,0,0,100,0,None,0,0,,44,Porirua City,Nil,0,0,0,0,0,0,Open,0,0,0,Light rain,Null
1749386,5427149,6272,,573101,0,,0,2,,South,2008/2009,CAMBRIDGE TERRACE,WAKEFIELD ST,,Non-Injury Crash,No,2009,,North,,0,,Flat,,,,,,Dark,2135700,0,0,0,2,,,0,,,,,,Wellington Region,Nil,2-way,Sealed,,0,0,,50,,On,0,1,,47,Wellington City,Nil,,,,,0,0,Urban,0,,,Fine,Null
1754706,5929798,6273,,508420,0,,0,2,,Null,2009/2010,TARGET ROAD,SUNNYNOOK ROAD,,Non-Injury Crash,No,2009,,West,,0,,Hill Road,,,,,,Bright sun,182603,0,0,0,2,,,0,,,,,,Auckland Region,Nil,2-way,Sealed,,0,0,,50,,Off,0,0,,76,Auckland,Give way,,,,,0,0,Urban,0,,,Fine,Null
1753965,5918293,6274,,515431,0,,0,2,,East,2009/2010,SH 16,ST LUKES ROAD,,Non-Injury Crash,Yes,2009,,East,,0,,Flat,,,,,,Overcast,406300,0,0,0,3,,,0,,,,,,Auckland Region,Nil,1-way,Sealed,,0,0,,100,,Off,0,0,,76,Auckland,Nil,,,,,0,0,Open,0,,,Light rain,Null
1729040,6003092,6275,80,505010,0,,0,1,,South,2008/2009,SH 1N,ARTILLERY ROAD,,Non-Injury Crash,Yes,2009,,North,,0,,Hill Road,,,,,,Dark,134700,0,0,0,2,,,0,,,,,,Northland Region,Nil,2-way,Sealed,,0,0,,100,,None,0,0,,3,Kaipara District,Nil,,,,,0,0,Open,1,,,Light rain,Null
1876134,5824230,6276,,537301,0,,0,3,,North,2008/2009,BELLEVUE ROAD,BROOKFIELD TERRACE,,Non-Injury Crash,No,2009,,North,,0,,Hill Road,,,,,,Overcast,1160500,0,0,0,2,,,0,,,,,,Bay of Plenty Region,Nil,2-way,Sealed,,0,0,,50,,Off,2,0,,23,Tauranga City,Nil,,,,,0,0,Urban,0,,,Heavy rain,Null
1754282,5931130,6277,,508520,0,,0,2,,North,2009/2010,SH 1N,SUNSET OBR,,Non-Injury Crash,Yes,2009,,South,,0,,Flat,,,,,,Bright sun,191101,0,0,0,2,,,0,,,,,,Auckland Region,Nil,1-way,Sealed,,0,0,,100,,Off,0,0,,76,Auckland,Nil,,,,,0,0,Open,0,,,Fine,Null
1783032,5487131,6278,,564022,0,0,0,0,0,North,2008/2009,SH 1N,TAYLORS ROAD,,Non-Injury Crash,Yes,2009,0,North,0,0,1,Flat,0,,0,,0,Twilight,1882800,0,0,0,2,0,0,0,0,0,,0,0,Wellington Region,Nil,2-way,Sealed,0,0,0,0,100,0,Off,1,0,,43,Kapiti Coast District,Nil,0,0,0,0,0,0,Open,0,0,0,Fine,Null
1704726,5667154,6279,,552702,0,0,0,0,0,North,2008/2009,SH 3A,HURSTHOUSE ROAD,,Non-Injury Crash,Yes,2009,0,South,0,0,1,Flat,0,,0,,0,Overcast,1609100,0,0,0,2,0,0,0,0,0,,0,0,Taranaki Region,Nil,2-way,Sealed,0,0,0,0,100,0,Null,0,0,,33,New Plymouth District,Nil,0,0,0,0,1,0,Open,0,0,0,Fine,Null
1936942,5609095,6280,,545722,0,,0,1,,Null,2009/2010,MILL ROAD,LAWN ROAD,,Non-Injury Crash,No,2009,,North,,0,,Flat,,,,,,Bright sun,1406300,0,0,0,2,,,0,,,,,,Hawke's Bay Region,Nil,2-way,Sealed,,0,0,,100,,Null,1,0,,30,Hastings District,Give way,,,,,0,0,Open,0,,,Fine,Null
1744164,5920826,6281,,513632,0,0,0,2,0,North,2008/2009,SARAJEVO PLACE,REHIA ROAD,,Non-Injury Crash,No,2009,0,North,0,0,0,Hill Road,0,,0,,0,Dark,228205,0,0,0,2,0,0,0,0,1,,0,0,Auckland Region,Nil,2-way,Sealed,0,0,0,0,50,0,On,0,0,,76,Auckland,Nil,0,0,0,0,0,0,Urban,0,0,0,Fine,Null
1768004,5901545,6282,,525001,0,0,0,1,0,Null,2008/2009,RUTH ST,RUTH STREET,,Non-Injury Crash,No,2009,0,West,0,0,0,Flat,0,,0,,0,Dark,751000,0,0,0,2,0,0,0,0,1,,0,0,Auckland Region,Nil,2-way,Sealed,0,0,0,0,50,0,On,1,0,,76,Auckland,Nil,0,0,0,0,0,0,Urban,0,0,0,Fine,Null
1799992,5815997,6283,,529700,0,,0,1,,South,2008/2009,MILL ST,TRISTRAM ST,,Non-Injury Crash,No,2009,,South,,0,,Flat,,Queens Birthday,,,,Overcast,909100,0,0,0,4,,,0,,,,,,Waikato Region,Nil,2-way,Sealed,,0,0,,50,,Null,0,0,,16,Hamilton City,Unknown,,,,,0,0,Urban,1,,,Light rain,Null
1756884,5920882,6284,,514101,0,0,0,2,0,West,2009/2010,VIADUCT HARBOUR AVENUE,CUSTOMS ST WEST,,Non-Injury Crash,No,2009,0,North,0,0,0,Flat,0,,0,,0,Dark,440114,0,0,0,2,0,0,0,0,1,,0,0,Auckland Region,Nil,2-way,Sealed,0,0,0,0,50,0,On,0,0,,76,Auckland,Nil,0,0,0,1,0,0,Urban,0,0,0,Fine,Null
1720062,6050017,6285,,502202,0,0,0,1,0,South,2008/2009,KIRIPAKA ROAD,SPEDDING ROAD,,Non-Injury Crash,No,2009,0,North,0,0,0,Flat,0,Easter,1,,1,Overcast,87000,0,0,0,2,0,0,0,0,0,,0,0,Northland Region,Nil,2-way,Sealed,0,0,0,0,50,0,Null,0,0,,2,Whangarei District,Unknown,0,0,0,0,0,0,Urban,0,0,0,Fine,Null