X,Y,OBJECTID,advisorySpeed,areaUnitID,bicycle,bridge,bus,carStationWagon,cliffBank,crashDirectionDescription,crashFinancialYear,crashLocation1,crashLocation2,crashRoadSideRoad,crashSeverity,crashSHDescription,crashYear,debris,directionRoleDescription,ditch,fatalCount,fence,flatHill,guardRail,holiday,houseOrBuilding,intersection,kerb,light,meshblockId,minorInjuryCount,moped,motorcycle,NumberOfLanes,objectThrownOrDropped,otherObject,otherVehicleType,overBank,parkedVehicle,pedestrian,phoneBoxEtc,postOrPole,region,roadCharacter,roadLane,roadSurface,roadworks,schoolBus,seriousInjuryCount,slipOrFlood,speedLimit,strayAnimal,streetLight,suv,taxi,temporarySpeedLimit,tlaId,tlaName,trafficControl,trafficIsland,trafficSign,train,tree,truck,unknownVehicleType,urban,vanOrUtility,vehicle,waterRiver,weatherA,weatherB
1778114,5461377,6286,,567901,0,1,0,0,0,North,2009/2010,AKATARAWA ROAD,STAGLANDS N,,Non-Injury Crash,No,2009,0,South,0,0,0,Flat,0,,0,,0,Bright sun,1915900,0,0,0,2,0,0,0,0,0,,0,0,Wellington Region,Bridge,2-way,Sealed,0,0,0,0,100,0,Null,1,0,,45,Upper Hutt City,Nil,0,0,0,0,0,0,Open,0,0,0,Fine,Null
1634405,5283663,6287,65,585601,0,1,0,0,0,Null,2008/2009,SH 1S,HUNDALEE RAIL OBR,,Non-Injury Crash,Yes,2009,0,South,0,0,0,Flat,0,,0,,0,Bright sun,2310800,0,0,0,2,0,0,0,0,0,,0,0,Canterbury Region,Bridge,2-way,Sealed,0,0,0,0,100,0,Null,0,0,,58,Hurunui District,Nil,0,0,0,0,1,0,Open,0,0,0,Fine,Null
1735539,5909834,6288,,513800,0,0,0,1,0,West,2009/2010,PIHA ROAD,ANAWHATA ROAD,,Non-Injury Crash,No,2009,0,South,0,0,0,Hill Road,0,,0,,0,Dark,281902,0,0,0,2,0,0,0,1,0,,0,0,Auckland Region,Nil,2-way,Sealed,0,0,0,0,100,0,None,0,0,,76,Auckland,Nil,0,0,0,0,0,0,Open,0,0,0,Fine,Null
1757026,5916866,6289,,518202,0,0,0,2,0,South,2008/2009,MOUNT EDEN ROAD,OAKLANDS ROAD,,Non-Injury Crash,No,2009,0,South,0,0,0,Flat,0,,0,,0,Bright sun,550000,0,0,0,2,0,0,0,0,1,,0,0,Auckland Region,Nil,2-way,Sealed,0,0,0,0,50,0,Off,0,0,,76,Auckland,Nil,0,0,0,0,0,0,Urban,0,0,0,Null,Null
1765031,5904685,6290,,522100,0,0,0,1,0,Null,2008/2009,PUHINUI ROAD,KENDERDINE ROAD,,Non-Injury Crash,No,2009,0,South,0,0,0,Flat,0,,0,,0,Overcast,660300,0,0,0,2,0,0,0,0,0,,0,1,Auckland Region,Nil,2-way,Sealed,0,0,0,0,50,0,Off,0,0,,76,Auckland,Nil,0,0,0,0,0,0,Urban,0,0,0,Heavy rain,Null
1772558,5896997,6291,,525630,0,,0,2,,Null,2009/2010,PORCHESTER ROAD,OLD WAIROA ROAD,,Non-Injury Crash,No,2009,,South,,0,,Flat,,,,,,Overcast,794100,0,0,0,2,,,0,,,,,,Auckland Region,Nil,2-way,Sealed,,0,0,,50,,Off,0,0,,76,Auckland,Give way,,,,,0,0,Urban,0,,,Light rain,Null
1769320,5905669,6292,,523712,1,,0,1,,North,2009/2010,CHAPEL ROAD,DAWSON ROAD,,Non-Injury Crash,No,2009,,South,,0,,Flat,,,,,,Overcast,713016,0,0,0,2,,,0,,,,,,Auckland Region,Nil,2-way,Sealed,,0,0,,50,,On,0,0,,76,Auckland,Nil,,,,,0,0,Urban,0,,,Fine,Null
1620409,5428081,6293,,583500,0,,0,1,,Null,2008/2009,SH 6 WHAKATU,ANNESBROOK DEIVE,,Non-Injury Crash,Yes,2009,,North,,0,,Flat,,,,,,Overcast,2336002,0,0,0,2,,,0,,,,,,Nelson Region,Nil,2-way,Sealed,,0,0,,70,,Null,1,0,,52,Nelson City,Give way,,,,,0,0,Urban,0,,,Fine,Null
1773719,5892845,6294,,521301,0,0,0,1,0,East,2009/2010,SUTTON ROAD,YORK ST,,Non-Injury Crash,No,2009,0,North,1,0,0,Hill Road,0,,0,,0,Dark,808502,0,0,0,2,0,0,0,0,0,,0,0,Auckland Region,Nil,2-way,Sealed,0,0,0,0,70,0,None,0,0,,76,Auckland,Nil,0,0,0,0,0,0,Urban,0,0,0,Fine,Null
1500499,5139346,6295,,597812,0,0,0,1,0,West,2008/2009,SAUNDERS ROAD,PAGES ROAD,,Non-Injury Crash,No,2009,0,West,0,0,0,Flat,0,,0,,0,Dark,2735000,0,0,0,2,0,0,0,0,1,,0,0,Canterbury Region,Nil,2-way,Sealed,0,0,0,0,50,0,On,0,0,,63,Ashburton District,Unknown,0,0,0,0,0,0,Urban,1,0,0,Fine,Null
1821330,5530139,6296,,562310,0,,0,2,,West,2009/2010,FEATHERSTON ST,SH 3,,Non-Injury Crash,No,2009,,East,,0,,Flat,,,,,,Bright sun,1824200,0,0,0,2,,,0,,,,,,Manawatū-Whanganui Region,Nil,2-way,Sealed,,0,0,,50,,Null,0,0,,40,Palmerston North City,Nil,,,,,0,0,Urban,1,,,Fine,Null
1757322,5928981,6297,,507800,0,0,0,1,1,North,2008/2009,EAST COAST ROAD,SHAKESPEARE ROAD,,Non-Injury Crash,No,2009,0,North,0,0,0,Flat,0,,0,,0,Dark,310700,0,0,0,2,0,0,0,0,0,,0,1,Auckland Region,Nil,2-way,Sealed,0,0,0,0,50,0,On,0,0,,76,Auckland,Nil,0,0,0,0,0,0,Urban,0,0,0,Fine,Null
1859925,5856457,6298,,534100,0,0,0,2,0,Null,2008/2009,BEACH ROAD,BRIGHTON ROAD,,Non-Injury Crash,No,2009,0,South,0,0,1,Flat,0,Queens Birthday,0,,0,Dark,1081400,0,0,0,2,0,0,0,0,0,,0,0,Bay of Plenty Region,Nil,2-way,Sealed,0,0,0,0,50,0,On,0,0,,22,Western Bay of Plenty District,Give way,0,1,0,0,0,0,Urban,0,0,0,Fine,Null
1881077,5829031,6299,,536810,0,,0,3,,South,2008/2009,TOTARA ST,RATA ST,,Non-Injury Crash,No,2009,,North,,0,,Flat,,,,,,Bright sun,1202800,0,0,0,2,,,0,,,,,,Bay of Plenty Region,Nil,2-way,Sealed,,0,0,,50,,Null,0,0,,23,Tauranga City,Give way,,,,,0,0,Urban,0,,,Fine,Null
1850700,5763876,6300,,535370,0,0,0,1,0,West,2009/2010,MORVERN CRESCENT,GLENDEVON PLACE,,Non-Injury Crash,No,2009,0,West,0,0,1,Flat,0,,0,,1,Dark,1150200,0,0,0,2,0,0,0,0,0,,0,0,Waikato Region,Nil,2-way,Sealed,0,0,0,0,50,0,On,0,0,,19,South Waikato District,Unknown,0,0,0,1,0,0,Urban,0,0,0,Heavy rain,Null
1763420,5430492,6301,,565300,0,,0,2,,Null,2008/2009,MOOHAN ST,WRIGHT ST,,Non-Injury Crash,No,2009,,South,,0,,Flat,,,,,,Dark,2022400,0,0,0,2,,,0,,,,,,Wellington Region,Nil,2-way,Sealed,,0,0,,50,,On,0,0,,46,Lower Hutt City,Give way,,,,,0,0,Urban,0,,,Fine,Null
1989622,5670961,6302,,545302,0,0,0,0,0,West,2009/2010,SH 2,IWITEA ROAD,,Non-Injury Crash,Yes,2009,0,North,1,0,0,Flat,0,,0,,0,Overcast,1398600,0,0,0,2,0,0,0,0,0,,0,0,Hawke's Bay Region,Nil,2-way,Sealed,0,0,0,0,100,0,Null,1,0,,29,Wairoa District,Nil,0,0,0,0,0,0,Open,0,0,0,Light rain,Null
1612523,5427100,6303,,581726,0,0,0,1,0,Null,2008/2009,LANSDOWNE ROAD,LOWER QUEEN ST,,Non-Injury Crash,No,2009,0,North,0,0,1,Flat,0,,0,,0,Overcast,2357202,0,0,0,2,0,0,0,0,0,,0,1,Tasman Region,Nil,2-way,Sealed,0,0,0,0,100,0,Null,0,0,,51,Tasman District,Give way,0,0,0,0,0,0,Open,0,0,0,Light rain,Null
1452087,5050402,6304,,600410,0,,0,1,,Null,2008/2009,SH 1S,KINGSBURYS ROAD,,Non-Injury Crash,Yes,2009,,South,,0,,Flat,,,,,,Overcast,2816800,0,0,0,2,,,0,,,,,,Canterbury Region,Nil,2-way,Sealed,,0,0,,100,,Null,1,0,,66,Waimate District,Give way,,,,,0,0,Open,0,,,Fine,Null
1872125,5817203,6305,,536630,0,,0,1,,West,2009/2010,SH 29,GARGAN ROAD,,Non-Injury Crash,Yes,2009,,East,,0,,Hill Road,,,,,,Overcast,1191301,0,0,0,3,,,0,,,,,,Bay of Plenty Region,Nil,2-way,Sealed,,0,0,,100,,Null,0,0,,23,Tauranga City,Unknown,,,,,0,0,Open,1,,,Fine,Null
1882875,5776367,6306,,539200,0,,0,2,,Null,2008/2009,SH 5,OLD QUARRY ROAD,,Non-Injury Crash,Yes,2009,,East,,0,,Flat,,,,,,Overcast,1221100,0,0,0,4,,,0,,,,,,Bay of Plenty Region,Nil,2-way,Sealed,,0,0,,60,,Null,0,0,,24,Rotorua District,Stop,,,,,0,0,Urban,0,,,Fine,Null
1790548,5840082,6307,,527402,0,,0,2,,Null,2009/2010,TAINUI BRIDGE ROAD,TUMATE MAHUTA DRIVE,,Non-Injury Crash,No,2009,,South,,0,,Flat,,,,,,Bright sun,946700,0,0,0,2,,,0,,,,,,Waikato Region,Bridge,2-way,Sealed,,0,0,,60,,Off,0,0,,13,Waikato District,Give way,,,,,0,0,Urban,0,,,Fine,Null
1570635,5180642,6308,,591500,0,,0,2,,Null,2009/2010,COLOMBO ST,KILMORE ST,,Minor Crash,No,2009,,West,,0,,Flat,,,,,,Overcast,2653200,1,0,0,3,,,0,,,,,,Canterbury Region,Nil,2-way,Sealed,,0,0,,50,,Null,0,0,,60,Christchurch City,Traffic Signals,,,,,0,0,Urban,0,,,Fine,Null
1769935,5908171,6309,35,523115,0,,0,2,,North,2009/2010,CHAPEL ROAD,STANCOMBE ROAD,,Non-Injury Crash,No,2009,,South,,0,,Flat,,,,,,Overcast,711911,0,0,0,2,,,0,,,,,,Auckland Region,Nil,2-way,Sealed,,0,0,,70,,Off,0,0,,76,Auckland,Traffic Signals,,,,,0,0,Urban,0,,,Fine,Null
1369688,5100219,6310,,600323,0,,0,1,,South,2008/2009,SH 8,RHOBORO DOWNS ROAD,,Non-Injury Crash,Yes,2009,,South,,0,,Flat,,,,,,Dark,2814400,0,0,0,2,,,0,,,,,,Canterbury Region,Nil,2-way,Sealed,,0,0,,100,,None,0,0,,65,Mackenzie District,Unknown,,,,,1,0,Open,0,,,Fine,Null
1873402,5732739,6311,,541335,0,,0,0,,Null,2009/2010,TUTUKAU ROAD,ORAKEIKORAKO ROAD,,Non-Injury Crash,No,2009,,East,,0,,Flat,,,,,,Bright sun,1277000,0,0,0,2,,,0,,,,,,Waikato Region,Nil,2-way,Sealed,,0,0,,100,,Null,0,0,,21,Taupo District,Give way,,,,,1,0,Open,1,,,Fine,Null
2035851,5710577,6312,,544200,0,,0,0,,South,2009/2010,ATKINSON ST,STOUT ST,,Non-Injury Crash,No,2009,,North,,0,,Hill Road,,,,,,Dark,1377800,0,0,0,2,,,0,,,,,,Gisborne Region,Nil,2-way,Sealed,,0,0,,50,,On,1,0,,28,Gisborne District,Nil,,,,,0,0,Urban,0,,,Light rain,Null
1837075,5866552,6313,65,534200,0,0,0,0,1,North,2008/2009,SH 26,STRANGE ROAD,,Non-Injury Crash,Yes,2009,0,North,0,0,0,Hill Road,0,,0,,0,Bright sun,1075100,0,0,0,2,0,0,0,0,0,,0,0,Waikato Region,Nil,2-way,Sealed,0,0,0,0,100,0,Null,0,0,,12,Hauraki District,Unknown,0,0,0,0,1,0,Open,0,0,0,Fine,Null
1771588,5913071,6314,,523102,0,0,0,3,0,North,2009/2010,WHITFORD ROAD,DANA PLACE,,Non-Injury Crash,No,2009,0,South,0,0,0,Flat,0,,0,,0,Dark,711023,0,0,0,2,0,0,0,0,1,,0,0,Auckland Region,Nil,2-way,Sealed,0,0,0,0,50,0,On,0,0,,76,Auckland,Unknown,0,0,0,0,0,0,Urban,0,0,0,Fine,Null
1889887,5775055,6315,,538742,0,0,0,0,0,North,2008/2009,SH 30,POHUTUKAWA DRIVE,,Non-Injury Crash,Yes,2009,0,South,0,0,0,Flat,0,,0,,0,Dark,1256700,0,0,0,2,0,0,0,0,0,,0,0,Bay of Plenty Region,Nil,2-way,Sealed,0,0,0,0,70,0,On,0,0,,24,Rotorua District,Unknown,0,0,0,0,0,0,Urban,1,0,0,Fine,Null
1755645,5915976,6316,,518301,0,,0,2,,Null,2008/2009,DOMINION ROAD,TENNYSON ST,,Non-Injury Crash,No,2009,,North,,0,,Flat,,,,,,Bright sun,553900,0,0,0,3,,,0,,,,,,Auckland Region,Nil,2-way,Sealed,,0,0,,50,,Off,0,0,,76,Auckland,Stop,,,,,0,0,Urban,0,,,Fine,Null
1931541,5617414,6317,,547200,0,0,0,1,0,East,2008/2009,GLOUCESTER ST,UPHAM CRESCENT,,Non-Injury Crash,No,2009,0,South,0,0,0,Flat,0,,0,,0,Bright sun,1458100,0,0,0,2,0,0,0,0,1,,0,0,Hawke's Bay Region,Nil,2-way,Sealed,0,0,0,0,50,0,Null,1,0,,31,Napier City,Nil,0,0,0,0,0,0,Urban,0,0,0,Fine,Null
1793194,5499177,6318,,564232,0,0,0,1,0,North,2008/2009,HINEMOA ST,AWATEA ST,,Non-Injury Crash,No,2009,0,North,0,0,1,Flat,0,,0,,0,Overcast,1872701,0,0,0,0,0,0,0,0,0,,0,1,Manawatū-Whanganui Region,Nil,Off road,Sealed,0,0,0,0,50,0,Null,0,0,,42,Horowhenua District,Nil,0,0,0,0,0,0,Urban,0,0,0,Fine,Null
1748091,5426721,6319,,573200,0,0,0,1,0,South,2008/2009,OHIRO ROAD,ARO ST,,Non-Injury Crash,No,2009,0,North,0,0,0,Hill Road,0,,0,,0,Twilight,2159100,0,0,0,2,0,0,0,0,0,,0,0,Wellington Region,Nil,2-way,Sealed,0,0,0,0,50,0,On,0,0,,47,Wellington City,Nil,0,0,0,0,1,0,Urban,0,1,0,Fine,Null
1572461,5186467,6320,,590507,0,0,0,0,0,Null,2009/2010,MARSHLAND ROAD,PRESTONS ROAD,,Non-Injury Crash,No,2009,0,South,0,0,0,Flat,0,,0,,0,Dark,2503701,0,0,0,2,0,0,0,0,0,,0,0,Canterbury Region,Nil,2-way,Sealed,0,0,0,0,80,0,On,1,0,,60,Christchurch City,Give way,0,1,0,0,0,0,Open,0,0,0,Fine,Null
1295045,5082974,6321,,608304,0,,0,0,,North,2009/2010,SH 6,BOUNDARY CRK BR,,Minor Crash,Yes,2009,,South,,0,,Flat,,,,,,Bright sun,3027600,1,0,1,2,,,0,,,,,,Otago Region,Nil,2-way,Sealed,,0,0,,100,,Null,0,0,,70,Queenstown-Lakes District,Unknown,,,,,0,0,Open,1,,,Fine,Strong wind
1748544,5960988,6322,,506613,0,0,0,1,0,North,2008/2009,SH 1N,MAHURANGI WEST ROAD,,Non-Injury Crash,Yes,2009,0,South,0,0,0,Hill Road,0,,0,,0,Overcast,146800,0,0,0,3,0,0,0,0,0,,0,0,Auckland Region,Nil,2-way,Sealed,0,0,0,0,80,0,Null,0,0,,76,Auckland,Unknown,0,1,0,0,0,0,Open,0,0,0,Heavy rain,Strong wind
1767999,5900187,6323,,525101,0,,0,2,,North,2009/2010,KIRTON CRESCENT,MORRIN ST,,Non-Injury Crash,No,2009,,North,,0,,Flat,,,,,,Overcast,771500,0,0,0,2,,,0,,,,,,Auckland Region,Nil,1-way,Sealed,,0,0,,50,,Off,0,1,,76,Auckland,Nil,,,,,0,0,Urban,0,,,Light rain,Null
1864974,5786142,6324,,535232,0,0,0,1,1,West,2009/2010,SH 5,GALAXY ROAD,,Non-Injury Crash,Yes,2009,0,East,0,0,0,Hill Road,0,,0,,0,Dark,1127602,0,0,0,2,0,0,0,0,0,,0,0,Waikato Region,Nil,2-way,Sealed,0,0,0,0,100,0,None,0,0,,19,South Waikato District,Unknown,0,1,0,0,0,0,Open,0,0,0,Mist or Fog,Null
1747155,5664823,6325,,553001,0,,0,1,,West,2008/2009,SH 43,MANGARE ROAD,,Non-Injury Crash,Yes,2009,,West,,0,,Hill Road,,Christmas New Year,,,,Overcast,1624002,0,0,0,2,,,0,,,,,,Manawatū-Whanganui Region,Nil,2-way,Sealed,,0,0,,100,,Null,0,0,,34,Stratford District,Nil,,,,,0,0,Open,1,,,Heavy rain,Null
1803065,5550143,6326,,558900,0,0,0,2,0,Null,2008/2009,SH 1N,HIGH ST,,Non-Injury Crash,Yes,2009,0,East,0,0,0,Flat,0,Queens Birthday,0,,1,Overcast,1744400,0,0,0,2,0,0,0,0,1,,0,0,Manawatū-Whanganui Region,Nil,2-way,Sealed,0,0,0,0,50,0,Null,0,0,,38,Rangitikei District,Stop,0,0,0,0,0,0,Urban,0,0,0,Fine,Null
1798089,5816149,6327,,528501,0,,0,2,,Null,2009/2010,FOREST LAKE ROAD,LINCOLN ST,,Non-Injury Crash,No,2009,,South,,0,,Flat,,,,,,Twilight,905300,0,0,0,2,,,0,,,,,,Waikato Region,Nil,2-way,Sealed,,0,0,,50,,Off,0,0,,16,Hamilton City,Traffic Signals,,,,,0,0,Urban,0,,,Fine,Null
1688640,5673293,6328,,551030,0,0,0,2,0,North,2008/2009,SH 45,BEACH ROAD,,Non-Injury Crash,Yes,2009,0,South,0,0,1,Flat,0,,0,,0,Twilight,1556100,0,0,0,2,0,0,0,0,0,,0,0,Taranaki Region,Nil,2-way,Sealed,0,0,0,0,100,0,None,0,0,,33,New Plymouth District,Nil,0,0,0,1,0,0,Open,0,0,0,Fine,Null
1760285,5915378,6329,,519400,0,,0,1,,Null,2009/2010,GREAT SOUTH ROAD,CAMPBELL ROAD,,Non-Injury Crash,No,2009,,North,,0,,Flat,,,,,,Overcast,617400,0,0,0,3,,,0,,,,,,Auckland Region,Nil,2-way,Sealed,,0,0,,50,,Null,1,0,,76,Auckland,Traffic Signals,,,,,0,0,Urban,0,,,Light rain,Null
1752565,5934759,6330,,508701,0,,0,2,,Null,2008/2009,OTEHA VALLEY ROAD,MUNROE LANE,,Non-Injury Crash,No,2009,,East,,0,,Flat,,,,,,Dark,178501,0,0,0,2,,,0,,,,,,Auckland Region,Nil,2-way,Sealed,,0,0,,50,,On,0,0,,76,Auckland,Give way,,,,,0,0,Urban,0,,,Heavy rain,Null
1755259,5920841,6331,,515202,0,0,0,3,0,East,2009/2010,JERVOIS ROAD,SHELLY BEACH ROAD,,Non-Injury Crash,No,2009,0,West,0,0,0,Flat,0,,0,,0,Dark,425000,0,0,0,4,0,0,0,0,1,,0,0,Auckland Region,Nil,2-way,Sealed,0,0,0,0,50,0,On,0,0,,76,Auckland,Nil,0,0,0,0,0,0,Urban,0,0,0,Fine,Null
1929171,5751351,6332,,542550,0,0,0,1,0,North,2008/2009,POKAIROA ROAD,KOPURIKI ROAD,,Non-Injury Crash,No,2009,0,North,0,0,0,Hill Road,0,,0,,0,Bright sun,1330101,0,0,0,2,0,0,0,1,0,,0,0,Bay of Plenty Region,Nil,2-way,Unsealed,0,0,0,1,100,0,Null,0,0,,25,Whakatane District,Unknown,0,0,0,0,0,0,Open,0,0,0,Fine,Null
1760611,5915539,6333,,520201,0,0,0,1,0,South,2009/2010,SH 1N,GREENLANE OFF NBD,,Non-Injury Crash,Yes,2009,0,North,0,0,0,Hill Road,1,Christmas New Year,0,,0,Bright sun,613000,0,0,0,4,0,0,0,0,0,,0,0,Auckland Region,Nil,1-way,Sealed,0,0,0,0,100,0,Null,0,0,,76,Auckland,Unknown,0,0,0,0,0,0,Open,0,0,0,Fine,Null
1758396,5435235,6334,,569202,0,0,0,1,0,West,2008/2009,WAKEFIELD ST,CUBA ST,,Non-Injury Crash,No,2009,0,North,0,0,0,Flat,0,,0,,0,Overcast,1923200,0,0,0,2,0,0,0,0,1,,0,0,Wellington Region,Nil,2-way,Sealed,0,0,0,0,50,0,Null,0,0,,46,Lower Hutt City,Nil,0,0,0,0,1,0,Urban,0,0,0,Fine,Null
1768152,5907848,6335,,523502,0,,0,2,,West,2009/2010,EAST TAMAKI ROAD,PRESTON ROAD,,Non-Injury Crash,No,2009,,East,,0,,Flat,,,,,,Bright sun,703800,0,0,0,2,,,0,,,,,,Auckland Region,Nil,2-way,Sealed,,0,0,,50,,Off,0,0,,76,Auckland,Traffic Signals,,,,,0,0,Urban,0,,,Fine,Null
1758933,5436124,6336,,569201,0,1,0,0,0,West,2009/2010,NORMANDALE ROAD,BRIDGE ST,,Non-Injury Crash,No,2009,0,West,0,0,0,Hill Road,0,,0,,0,Dark,1925500,0,0,0,2,0,0,0,0,0,,0,0,Wellington Region,Bridge,2-way,Sealed,0,0,0,0,50,0,On,1,0,,46,Lower Hutt City,Nil,0,0,0,0,0,0,Urban,0,0,0,Fine,Null
1755784,5914536,6337,40,518500,0,0,0,0,0,East,2009/2010,FEARON AVENUE,PARAU ST,,Non-Injury Crash,No,2009,0,West,0,0,0,Hill Road,0,,0,,0,Dark,560700,0,0,0,2,0,0,0,0,0,,0,0,Auckland Region,Nil,2-way,Sealed,0,0,0,0,50,0,On,0,0,,76,Auckland,Nil,0,0,0,1,0,0,Urban,1,0,0,Light rain,Null
1949193,5794133,6338,,542421,0,,0,2,,Null,2008/2009,FISHERMANS DRIVE,PACIFIC PARADE,,Non-Injury Crash,No,2009,,South,,0,,Flat,,,,,,Overcast,1312301,0,0,0,2,,,0,,,,,,Bay of Plenty Region,Nil,2-way,Sealed,,0,0,,50,,Null,0,0,,25,Whakatane District,Nil,,,,,0,0,Urban,0,,,Fine,Null
1753998,5945387,6339,,505909,0,0,0,1,1,South,2008/2009,WHANGAPARAOA ROAD,DOYLY DRIVE,,Non-Injury Crash,No,2009,0,North,0,0,0,Flat,0,,0,,1,Dark,173807,0,0,0,2,0,0,0,0,0,,0,0,Auckland Region,Nil,2-way,Sealed,0,0,0,0,50,0,On,0,0,,76,Auckland,Unknown,0,0,0,0,0,0,Urban,0,0,0,Light rain,Null
1799280,5820686,6340,,527006,0,,0,1,,Null,2009/2010,WAIRERE DRIVE,RESOLUTION DRIVE,,Non-Injury Crash,No,2009,,East,,0,,Flat,,,,,,Dark,952106,0,0,0,2,,,0,,,,,,Waikato Region,Nil,2-way,Sealed,,0,0,,80,,On,0,0,,16,Hamilton City,Give way,,,,,0,0,Open,0,,,Light rain,Null
1767064,5910534,6341,,523112,0,,0,0,,Null,2009/2010,HIGHBROOK DRIVE,BUSINESS PARADE SOUTH,,Non-Injury Crash,No,2009,,East,,0,,Flat,,,,,,Overcast,711200,0,0,0,5,,,0,,,,,,Auckland Region,Nil,2-way,Sealed,,0,0,,70,,Off,0,0,,76,Auckland,Traffic Signals,,,,,1,0,Urban,1,,,Light rain,Null
1764805,5919531,6342,,516602,0,0,0,1,0,North,2009/2010,EDMUND ST,PYCROFT PLACE,,Non-Injury Crash,No,2009,0,North,0,0,0,Hill Road,0,,0,,0,Dark,504702,0,0,0,1,0,0,0,0,1,,0,0,Auckland Region,Nil,2-way,Sealed,0,0,0,0,50,0,On,1,0,,76,Auckland,Nil,0,0,0,0,0,0,Urban,0,0,0,Fine,Null
1719836,6048534,6343,,502201,0,0,0,1,0,Null,2009/2010,WAIATAWA ROAD,KIRIPAKA ROAD,,Non-Injury Crash,No,2009,0,West,0,0,0,Hill Road,0,,0,,0,Dark,88200,0,0,0,2,0,0,0,0,0,,0,1,Northland Region,Nil,2-way,Sealed,0,0,0,0,100,0,On,0,0,,2,Whangarei District,Nil,0,0,0,0,0,0,Open,0,0,0,Fine,Null
1664244,5426854,6344,,580446,0,,0,1,,North,2009/2010,SH 6,READERS ROAD,,Non-Injury Crash,Yes,2009,,South,,0,,Flat,,,,,,Bright sun,2286200,0,0,0,2,,,0,,,,,,Marlborough Region,Nil,2-way,Sealed,,0,0,,100,,Null,0,0,,53,Marlborough District,Nil,,,,,0,0,Open,1,,,Fine,Null
1745043,5919212,6345,,513301,0,,0,1,,South,2009/2010,POMARIA ROAD,LINCOLN ROAD,,Non-Injury Crash,No,2009,,East,,0,,Flat,,,,,,Dark,232101,0,0,0,2,,,0,,,,,,Auckland Region,Nil,2-way,Sealed,,0,0,,50,,On,0,0,,76,Auckland,Nil,,,,,0,0,Urban,1,,,Fine,Null
1770142,5898401,6346,,523920,0,,0,2,,South,2008/2009,SH 1N,WALTER STREVENS OBR,,Non-Injury Crash,Yes,2009,,North,,0,,Flat,,,,,,Overcast,767918,0,0,0,2,,,0,,,,,,Auckland Region,Nil,1-way,Sealed,,0,0,,100,,Off,0,0,,76,Auckland,Nil,,,,,0,0,Open,1,,,Heavy rain,Null
1753507,5928781,6347,,508411,0,0,0,1,0,West,2009/2010,MANUKA ROAD,GLENFIELD ROAD,,Non-Injury Crash,No,2009,0,North,0,0,0,Flat,0,,1,,0,Overcast,184300,0,0,0,2,0,0,0,0,1,,0,0,Auckland Region,Nil,2-way,Sealed,0,0,0,0,50,0,Off,0,0,,76,Auckland,Nil,0,0,0,0,0,0,Urban,1,0,0,Fine,Null
1716793,6037828,6348,,501809,0,,0,0,,South,2009/2010,SH 1N,MAUNGAKARAMEA ROAD,,Non-Injury Crash,Yes,2009,,South,,0,,Flat,,,,,,Overcast,74900,0,0,0,2,,,0,,,,,,Northland Region,Nil,2-way,Sealed,,0,0,,100,,None,0,0,,2,Whangarei District,Nil,,,,,1,0,Open,1,,,Fine,Null
1864393,5544662,6349,,550102,0,,0,2,,East,2008/2009,SH 2,YORK ST,,Non-Injury Crash,Yes,2009,,East,,0,,Flat,,,,,,Overcast,1532700,0,0,0,2,,,0,,,,,,Manawatū-Whanganui Region,Nil,2-way,Sealed,,0,0,,50,,Null,0,0,30,41,Tararua District,Give way,,,,,0,0,Urban,0,,,Fine,Null
2037409,5708106,6350,,544600,0,,0,1,,South,2009/2010,LOWE ST,GLADSTONE ROAD,,Non-Injury Crash,No,2009,,South,,0,,Flat,,,,,,Overcast,1371400,0,0,0,2,,,0,,,,,,Gisborne Region,Nil,2-way,Sealed,,0,0,,50,,Null,0,0,,28,Gisborne District,Nil,,,,,1,0,Urban,0,,,Fine,Null
1735808,5909992,6351,,513800,0,0,0,1,0,West,2008/2009,PIHA ROAD,ANAWHATA ROAD,,Non-Injury Crash,No,2009,0,South,0,0,0,Hill Road,0,,0,,0,Dark,282007,0,0,0,0,0,0,0,0,0,,0,1,Auckland Region,Nil,2-way,Sealed,0,0,0,0,100,0,Off,0,0,,76,Auckland,Nil,0,0,0,0,0,0,Open,0,0,0,Fine,Null
1749992,5427426,6352,,576600,0,,0,1,,West,2008/2009,ORIENTAL PARADE,ORIENTAL TERRACE,,Non-Injury Crash,No,2009,,East,,0,,Flat,,,,,,Overcast,2137900,0,0,1,2,,,0,,,,,,Wellington Region,Nil,2-way,Sealed,,0,0,,50,,Null,0,0,,47,Wellington City,Nil,,,,,0,0,Urban,0,,,Fine,Null
1752322,5926683,6353,,510220,0,0,0,1,0,Null,2008/2009,ESKDALE ROAD,SALISBURY ROAD,,Non-Injury Crash,No,2009,0,North,0,0,1,Flat,0,,0,,0,Overcast,348900,0,0,0,2,0,0,0,0,0,,0,0,Auckland Region,Nil,2-way,Sealed,0,0,0,0,50,0,Null,0,0,,76,Auckland,Give way,0,0,0,0,0,0,Urban,0,0,0,Light rain,Null
1867665,5814461,6354,,536620,0,0,0,1,0,Null,2009/2010,PORIPORI ROAD,KUMIKUMI ROAD,,Non-Injury Crash,No,2009,0,South,0,0,0,Hill Road,0,,0,,0,Bright sun,1189900,0,0,0,2,0,0,0,1,0,,0,0,Bay of Plenty Region,Nil,2-way,Sealed,0,0,0,0,100,0,Null,0,0,,22,Western Bay of Plenty District,Nil,0,0,0,0,0,0,Open,0,0,0,Fine,Null