X,Y,OBJECTID,advisorySpeed,areaUnitID,bicycle,bridge,bus,carStationWagon,cliffBank,crashDirectionDescription,crashFinancialYear,crashLocation1,crashLocation2,crashRoadSideRoad,crashSeverity,crashSHDescription,crashYear,debris,directionRoleDescription,ditch,fatalCount,fence,flatHill,guardRail,holiday,houseOrBuilding,intersection,kerb,light,meshblockId,minorInjuryCount,moped,motorcycle,NumberOfLanes,objectThrownOrDropped,otherObject,otherVehicleType,overBank,parkedVehicle,pedestrian,phoneBoxEtc,postOrPole,region,roadCharacter,roadLane,roadSurface,roadworks,schoolBus,seriousInjuryCount,slipOrFlood,speedLimit,strayAnimal,streetLight,suv,taxi,temporarySpeedLimit,tlaId,tlaName,trafficControl,trafficIsland,trafficSign,train,tree,truck,unknownVehicleType,urban,vanOrUtility,vehicle,waterRiver,weatherA,weatherB
1757128,5919576,6355,,514103,0,0,0,2,0,East,2009/2010,CITY ROAD,QUEEN ST,,Non-Injury Crash,No,2009,0,West,0,0,0,Flat,0,,0,,0,Bright sun,436402,0,0,0,4,0,0,0,0,1,,0,0,Auckland Region,Nil,2-way,Sealed,0,0,0,0,50,0,Off,0,0,,76,Auckland,Nil,0,0,0,0,0,0,Urban,0,0,0,Fine,Null
1880651,5829603,6356,,536810,0,0,0,1,0,South,2009/2010,THE MALL,PACIFIC AVENUE,,Non-Injury Crash,No,2009,0,South,0,0,0,Flat,0,,0,,0,Overcast,1195000,0,0,0,2,0,0,0,0,1,,0,0,Bay of Plenty Region,Nil,2-way,Sealed,0,0,0,0,50,0,Null,0,0,,23,Tauranga City,Unknown,0,0,0,0,0,0,Urban,1,0,0,Fine,Null
1756171,5917851,6357,,518102,0,0,0,1,0,Null,2009/2010,DOMINION ROAD,GEORGE ST,,Non-Injury Crash,No,2009,0,North,0,0,0,Flat,0,,0,,0,Dark,545800,0,0,0,4,0,0,0,0,0,,0,0,Auckland Region,Nil,2-way,Sealed,0,0,0,0,50,0,On,0,0,,76,Auckland,Traffic Signals,0,1,0,0,0,0,Urban,0,0,0,Fine,Null
1748696,5425620,6358,,573300,0,,0,2,,Null,2008/2009,JOHN ST,TASMAN ST,,Non-Injury Crash,No,2009,,East,,0,,Hill Road,,,,,,Dark,2146300,0,0,0,2,,,0,,,,,,Wellington Region,Nil,2-way,Sealed,,0,0,,50,,On,0,1,,47,Wellington City,Give way,,,,,0,0,Urban,0,,,Fine,Null
1757344,5915759,6359,,515802,0,,0,1,,West,2008/2009,BALMORAL ROAD,ST ANDREWS ROAD,,Non-Injury Crash,No,2009,,West,,0,,Hill Road,,,,,,Bright sun,447700,0,0,0,4,,,0,,,,,,Auckland Region,Nil,2-way,Sealed,,0,0,,50,,Off,0,0,,76,Auckland,Nil,,,,,0,0,Urban,1,,,Fine,Null
1760959,5906537,6360,,524112,0,,0,2,,Null,2009/2010,FRIESIAN DRIVE,ASHGROVE ROAD,,Non-Injury Crash,No,2009,,West,,0,,Flat,,,,,,Bright sun,741700,0,0,0,2,,,0,,,,,,Auckland Region,Nil,2-way,Sealed,,0,0,,50,,Off,0,0,,76,Auckland,Give way,,,,,0,0,Urban,0,,,Fine,Null
1748452,5913939,6361,,511302,0,,0,2,,Null,2009/2010,GREAT NORTH ROAD,LYNWOOD ROAD,,Non-Injury Crash,No,2009,,East,,0,,Flat,,,,,,Dark,269300,0,0,0,2,,,0,,,,,,Auckland Region,Nil,2-way,Sealed,,0,0,,50,,On,0,0,,76,Auckland,Give way,,,,,0,0,Urban,0,,,Fine,Null
1751384,5917992,6362,,515001,0,0,0,1,0,West,2009/2010,SH 16,GT NORTH OBR,,Non-Injury Crash,Yes,2009,0,West,0,0,0,Flat,0,,0,,0,Bright sun,392200,0,0,0,3,0,1,0,0,0,,0,1,Auckland Region,Nil,1-way,Sealed,0,0,0,0,100,0,Off,0,0,,76,Auckland,Nil,0,0,0,0,0,0,Open,0,0,0,Fine,Null
1757572,5921053,6363,,514101,0,0,1,1,0,Null,2009/2010,QUAY ST,QUEEN ST,,Non-Injury Crash,No,2009,0,West,0,0,0,Flat,0,,0,,0,Bright sun,438209,0,0,0,5,0,0,0,0,0,,0,0,Auckland Region,Nil,2-way,Sealed,0,0,0,0,50,0,Off,0,0,,76,Auckland,Traffic Signals,0,0,0,0,0,0,Urban,0,1,0,Fine,Null
1753034,5912487,6364,,518902,0,0,0,2,0,Null,2008/2009,HILLSBOROUGH ROAD,WHITE SWAN ROAD,,Non-Injury Crash,No,2009,0,East,0,0,0,Hill Road,0,,0,,0,Dark,586700,0,0,0,2,0,0,0,0,1,,0,0,Auckland Region,Nil,2-way,Sealed,0,0,0,0,50,0,On,0,0,,76,Auckland,Nil,0,0,0,1,0,0,Urban,0,0,0,Fine,Null
1692967,5676492,6365,,551800,0,,0,2,,West,2008/2009,SH 44,LIARDET ST,,Non-Injury Crash,Yes,2009,,West,,0,,Hill Road,,,,,,Overcast,1592300,0,0,0,2,,,0,,,,,,Taranaki Region,Nil,2-way,Sealed,,0,0,,50,,Null,0,0,,33,New Plymouth District,Nil,,,,,0,0,Urban,0,,,Fine,Strong wind
1773947,5472653,6366,,563703,0,,0,2,,Null,2008/2009,SH 1N,TE MOANA ROAD,,Non-Injury Crash,Yes,2009,,North,,0,,Flat,,,,,,Overcast,1876400,0,0,0,2,,,0,,,,,,Wellington Region,Nil,2-way,Sealed,,0,0,,50,,Null,0,0,,43,Kapiti Coast District,Traffic Signals,,,,,0,0,Urban,0,,,Fine,Null
1884516,5772185,6367,,540520,0,0,0,1,0,Null,2008/2009,DEVON ST,RANOLF ST,,Non-Injury Crash,No,2009,0,South,0,0,1,Flat,0,,0,,0,Bright sun,1240600,0,0,0,2,0,0,0,0,0,,0,0,Bay of Plenty Region,Nil,2-way,Sealed,0,0,0,0,50,0,Null,1,0,,24,Rotorua District,Give way,0,0,0,0,0,0,Urban,0,0,0,Fine,Null
1760786,5914720,6368,,520202,0,,0,2,,Null,2008/2009,GREAT SOUTH ROAD,KALMIA ST,,Non-Injury Crash,No,2009,,South,,0,,Hill Road,,,,,,Dark,611600,0,0,0,4,,,0,,,,,,Auckland Region,Nil,2-way,Sealed,,0,0,,50,,On,0,0,,76,Auckland,Stop,,,,,0,0,Urban,0,,,Light rain,Null
1704169,6071351,6369,,501620,0,0,0,0,0,South,2008/2009,SH 1N,FORD ROAD,,Non-Injury Crash,Yes,2009,0,South,0,0,0,Flat,1,,0,,0,Overcast,45000,0,0,0,2,0,0,0,0,0,,0,0,Northland Region,Rail xing,2-way,Sealed,0,0,0,0,100,0,None,0,0,,1,Far North District,Nil,0,0,0,0,1,0,Open,0,0,0,Mist or Fog,Null
1879091,5823315,6370,,538201,0,0,0,2,0,North,2008/2009,DEVONPORT ROAD,SEVENTH AVENUE,,Non-Injury Crash,No,2009,0,North,0,0,0,Hill Road,0,,0,,0,Bright sun,1166100,0,0,0,2,0,0,0,0,0,,0,0,Bay of Plenty Region,Nil,2-way,Sealed,0,0,0,0,50,0,Null,0,0,,23,Tauranga City,Unknown,1,1,0,0,0,0,Urban,0,0,0,Fine,Null
1757315,5920216,6371,,514103,0,0,1,1,1,Null,2009/2010,WELLESLEY ST EAST,QUEEN ST,,Non-Injury Crash,No,2009,0,South,0,0,0,Flat,0,,0,,0,Dark,437101,0,0,0,4,0,0,0,0,0,,0,0,Auckland Region,Nil,2-way,Sealed,0,0,0,0,50,0,On,0,0,,76,Auckland,Traffic Signals,0,0,0,0,0,0,Urban,0,0,0,Light rain,Null
1694600,5676886,6372,,552100,0,,0,0,,Null,2008/2009,DEVON ST EAST,MANGOREI ROAD,,Non-Injury Crash,No,2009,,East,,0,,Hill Road,,,,,,Overcast,1597100,0,0,0,2,,,0,,,,,,Taranaki Region,Nil,2-way,Sealed,,0,0,,50,,Null,0,0,,33,New Plymouth District,Give way,,,,,1,0,Urban,1,,,Fine,Null
1972403,5786557,6373,75,542906,0,0,0,1,1,North,2009/2010,SH 2,APPLETON ROAD,,Non-Injury Crash,Yes,2009,0,South,0,0,0,Flat,0,,0,,0,Overcast,1337501,0,0,0,2,0,0,0,0,0,,0,0,Bay of Plenty Region,Nil,2-way,Sealed,0,0,0,0,100,0,None,0,0,,27,Ōpōtiki District,Nil,0,0,0,0,0,0,Open,0,0,0,Light rain,Null
2040792,5704983,6374,,543903,0,0,0,1,0,West,2008/2009,LLOYD GEORGE ROAD,MURPHY ROAD,,Non-Injury Crash,No,2009,0,East,0,0,0,Flat,0,,0,,0,Overcast,1358202,0,0,0,2,0,0,0,0,0,,0,1,Gisborne Region,Nil,2-way,Sealed,0,0,0,0,50,0,Null,0,0,,28,Gisborne District,Nil,0,0,0,0,0,0,Urban,0,0,0,Fine,Null
1727469,6011405,6375,,501815,0,0,0,0,0,South,2008/2009,SH 1N,WAIPU GORGE ROAD,,Non-Injury Crash,Yes,2009,0,South,1,0,0,Flat,0,,0,,0,Twilight,81300,0,0,0,2,0,0,0,0,0,,0,0,Northland Region,Nil,2-way,Sealed,0,0,0,0,100,0,Off,0,0,,2,Whangarei District,Nil,0,0,0,0,1,0,Open,0,0,0,Mist or Fog,Null
1763805,5914618,6376,,520303,0,0,0,2,0,South,2009/2010,BARRACK ROAD,BANKS ROAD,,Non-Injury Crash,No,2009,0,North,0,0,0,Flat,0,,0,,0,Dark,626901,0,0,0,2,0,0,0,0,1,,0,1,Auckland Region,Nil,2-way,Sealed,0,0,0,0,50,0,On,0,0,,76,Auckland,Nil,0,0,0,0,0,0,Urban,0,0,0,Fine,Null
1744544,5919121,6377,,513302,0,,0,0,,West,2008/2009,LARNOCH ROAD,RATHGAR ROAD,,Non-Injury Crash,No,2009,,East,,0,,Flat,,,,,,Bright sun,232800,0,0,0,2,,,0,,,1,,,Auckland Region,Nil,2-way,Sealed,,0,0,,50,,Off,0,0,,76,Auckland,Nil,,,,,0,0,Urban,1,,,Fine,Null
1862679,5808730,6378,,536630,0,0,0,0,1,North,2008/2009,SH 29,VALLEY VIEW ROAD,,Non-Injury Crash,Yes,2009,0,South,0,0,0,Hill Road,0,,0,,0,Overcast,1191900,0,0,0,3,0,0,0,0,0,,0,0,Bay of Plenty Region,Nil,2-way,Sealed,0,0,0,0,100,0,Null,0,0,,22,Western Bay of Plenty District,Unknown,0,0,0,0,0,0,Open,1,0,0,Heavy rain,Null
1717925,6042960,6379,,503800,0,0,0,1,0,Null,2009/2010,FAIRBURN ST,CAMPBELL PLACE,,Non-Injury Crash,No,2009,0,East,0,0,1,Hill Road,0,,0,,0,Bright sun,107907,0,0,0,1,0,0,0,0,0,,0,0,Northland Region,Nil,2-way,Sealed,0,0,0,0,50,0,Off,0,0,,2,Whangarei District,Stop,0,0,0,0,0,0,Urban,0,0,0,Fine,Null
1794212,5801555,6380,,527914,0,0,0,1,0,North,2009/2010,SH 39,MEADWAY ROAD,,Non-Injury Crash,Yes,2009,0,South,0,0,0,Hill Road,0,,0,,0,Dark,980600,0,0,0,2,0,0,0,0,0,,0,0,Waikato Region,Nil,2-way,Sealed,0,0,0,0,100,0,None,0,0,,17,Waipa District,Nil,0,0,0,0,0,0,Open,0,0,0,Fine,Null
1690144,5674482,6381,,551502,0,0,0,2,0,East,2008/2009,BOTANY PLACE,OMATA ROAD,,Non-Injury Crash,No,2009,0,West,0,0,0,Flat,0,Easter,0,,0,Bright sun,1579100,0,0,0,2,0,0,0,0,1,,0,0,Taranaki Region,Nil,2-way,Sealed,0,0,0,0,50,0,Null,0,0,,33,New Plymouth District,Nil,0,0,0,0,0,0,Urban,0,0,0,Fine,Null
1573617,5180809,6382,,593600,0,,0,2,,East,2009/2010,WOODHAM ROAD,GLOUCESTER ST,,Non-Injury Crash,No,2009,,West,,0,,Flat,,,,,,Overcast,2612900,0,0,0,2,,,0,,,,,,Canterbury Region,Nil,2-way,Sealed,,0,0,,50,,Null,0,0,,60,Christchurch City,Nil,,,,,0,0,Urban,0,,,Fine,Null
1800526,5815212,6383,,529700,0,,0,0,,Null,2008/2009,TRISTRAM ST,WARD ST,,Non-Injury Crash,No,2009,,East,,0,,Flat,,,,,,Overcast,910800,0,0,0,2,,,0,,,,,,Waikato Region,Nil,2-way,Sealed,,0,0,,50,,Off,0,0,,16,Hamilton City,Traffic Signals,,,,,0,0,Urban,2,,,Light rain,Null
1758350,5433801,6384,,570000,0,,0,1,,Null,2008/2009,THE ESPLANADE,EAST ST,,Non-Injury Crash,No,2009,,West,,0,,Flat,,,,,,Bright sun,2026800,0,0,0,4,,,0,,,,,,Wellington Region,Nil,2-way,Sealed,,0,0,,50,,Null,0,0,,46,Lower Hutt City,Nil,,,,,0,0,Urban,1,,,Fine,Null
1800406,5817727,6385,,529800,0,,0,1,,Null,2008/2009,CLARKIN ROAD,HAULTAIN ST,,Non-Injury Crash,No,2009,,East,,0,,Flat,,,,,,Overcast,871900,0,0,0,2,,,0,,,,,,Waikato Region,Nil,2-way,Sealed,,0,0,,50,,Off,1,0,,16,Hamilton City,Give way,,,,,0,0,Urban,0,,,Light rain,Null
1765451,5907123,6386,,522201,0,,0,0,,West,2008/2009,SHIRLEY ROAD,GREAT SOUTH ROAD,,Non-Injury Crash,No,2009,,East,,0,,Flat,,,,,,Bright sun,662300,0,0,0,2,,,0,,,,,,Auckland Region,Nil,2-way,Sealed,,0,0,,50,,Null,1,0,,76,Auckland,Traffic Signals,,,,,1,0,Urban,0,,,Fine,Null
1756257,5912320,6387,,518702,0,,0,1,,Null,2009/2010,HILLSBOROUGH ROAD,OLSEN AVENUE,,Non-Injury Crash,No,2009,,South,,0,,Flat,,,,,,Overcast,571400,0,0,0,4,,,0,,,,,,Auckland Region,Nil,2-way,Sealed,,0,0,,50,,Off,0,0,,76,Auckland,Nil,,,,,0,0,Urban,1,,,Light rain,Null
1754225,5931424,6388,,508805,0,,0,1,,East,2009/2010,SH 18,UPPER HWY ON SBD,,Non-Injury Crash,Yes,2009,,West,,0,,Flat,,,,,,Bright sun,180826,0,0,0,6,,,0,,,,,,Auckland Region,Nil,2-way,Sealed,,0,0,,50,,Off,0,0,,76,Auckland,Nil,,,,,1,0,Urban,0,,,Fine,Null
1771878,5895187,6389,,525540,0,,0,2,,East,2009/2010,BEACH ROAD,ELLIOT ST,,Non-Injury Crash,No,2009,,East,,0,,Flat,,,,,,Bright sun,805901,0,0,0,2,,,0,,,,,,Auckland Region,Nil,2-way,Sealed,,0,0,,50,,Off,0,0,,76,Auckland,Nil,,,,,0,0,Urban,0,,,Fine,Null
1767450,5443220,6390,,569600,0,,0,2,,North,2008/2009,SH 2,WESTERN HUTT OFF NBD,,Non-Injury Crash,Yes,2009,,East,,0,,Flat,,,,,,Dark,1916500,0,0,0,1,,,0,,,,,,Wellington Region,Nil,1-way,Sealed,,0,0,,100,,On,0,0,,46,Lower Hutt City,Nil,,,,,0,0,Open,0,,,Light rain,Null
1901621,5782529,6391,,538820,0,,0,1,,East,2008/2009,SH 30,LAKE OKATAINA ROAD,,Non-Injury Crash,Yes,2009,,North,,0,,Flat,,,,,,Bright sun,1253002,0,0,0,2,,,0,,,,,,Bay of Plenty Region,Nil,2-way,Sealed,,0,0,,80,,Null,0,0,,24,Rotorua District,Unknown,,,,,0,0,Open,1,,,Fine,Null
1404891,4914062,6392,,604500,0,,0,1,,Null,2008/2009,FORBURY ROAD,EASTHER CRESCENT,,Non-Injury Crash,No,2009,,North,,0,,Flat,,,,,,Overcast,2926700,0,0,0,4,,,0,,,,,,Otago Region,Nil,2-way,Sealed,,0,0,,50,,Null,1,0,,71,Dunedin City,Give way,,,,,0,0,Urban,0,,,Light rain,Null
1865181,5728522,6393,,541334,0,0,0,0,1,North,2008/2009,SH 1N,ORUANUI ROAD,,Non-Injury Crash,Yes,2009,0,North,0,0,0,Flat,0,,0,,0,Dark,1276902,0,0,0,2,0,0,0,0,0,,0,0,Waikato Region,Nil,2-way,Sealed,0,0,0,0,100,0,None,1,0,,21,Taupo District,Unknown,0,0,0,0,0,0,Open,0,0,0,Mist or Fog,Frost
1800566,5814619,6394,,529100,0,,0,2,,Null,2008/2009,RUAKIWI ROAD,THACKERAY ST,,Non-Injury Crash,No,2009,,North,,0,,Hill Road,,,,,,Overcast,931100,0,0,0,2,,,0,,,,,,Waikato Region,Nil,2-way,Sealed,,0,0,,50,,Off,0,0,,16,Hamilton City,Give way,,,,,0,0,Urban,0,,,Heavy rain,Null
1754748,5443258,6395,,571000,0,,0,1,,South,2008/2009,SH 1N,MUNGAVIN ON SBD,,Non-Injury Crash,Yes,2009,,South,,0,,Flat,,,,,,Dark,2052000,0,0,0,2,,,0,,,,,,Wellington Region,Nil,2-way,Sealed,,0,0,,100,,None,0,0,,44,Porirua City,Nil,,,,,0,0,Open,0,,,Fine,Null
1754979,5913599,6396,,518803,0,,0,2,,Null,2009/2010,DOMINION ROAD,DOMINION OFF EBD,,Non-Injury Crash,No,2009,,North,,0,,Flat,,,,,,Overcast,582500,0,0,0,5,,,0,,,,,,Auckland Region,Nil,2-way,Sealed,,0,0,,50,,Off,0,0,,76,Auckland,Traffic Signals,,,,,0,0,Urban,0,,,Fine,Null
1671168,6115538,6397,,500401,0,,0,0,,Null,2009/2010,SH 10,WAIKARE AVENUE,,Non-Injury Crash,Yes,2009,,West,,0,,Flat,,Christmas New Year,,,,Bright sun,18900,0,0,0,2,,,0,,,,,,Northland Region,Nil,2-way,Sealed,,0,0,,50,,None,0,0,,1,Far North District,Stop,,,,,0,0,Urban,2,,,Fine,Null
1684207,5428487,6398,,581100,0,,0,2,,Null,2008/2009,SH 1S,DUBLIN ST,,Non-Injury Crash,Yes,2009,,South,,0,,Flat,,,,,,Bright sun,2281100,0,0,0,2,,,0,,,,,,Marlborough Region,Nil,2-way,Sealed,,0,0,,50,,Null,0,0,,53,Marlborough District,Stop,,,,,0,0,Urban,0,,,Fine,Null
1821541,5529798,6399,,562800,0,0,0,1,0,Null,2008/2009,SH 3,RANGITIKEI ST,,Non-Injury Crash,Yes,2009,0,West,0,0,0,Flat,0,,0,,0,Dark,1830900,0,0,0,2,0,0,0,0,0,,0,0,Manawatū-Whanganui Region,Nil,2-way,Sealed,0,0,0,0,50,0,On,0,0,,40,Palmerston North City,Traffic Signals,0,1,0,0,0,0,Urban,0,0,0,Fine,Null
1821646,5532746,6400,,562100,0,0,0,1,0,Null,2009/2010,MILSON LINE,JOHN F KENNEDY ROAD,,Non-Injury Crash,No,2009,0,East,0,0,0,Flat,0,,0,,0,Dark,1837501,0,0,0,2,0,0,0,0,0,,0,1,Manawatū-Whanganui Region,Nil,2-way,Sealed,0,0,0,0,50,0,On,0,0,,40,Palmerston North City,Give way,0,0,0,0,0,0,Urban,0,0,0,Light rain,Null
1754095,5931299,6401,,508803,0,,0,3,,South,2009/2010,UPPER HWY OFF NBD,SH 18,,Non-Injury Crash,Yes,2009,,North,,0,,Hill Road,,,,,,Twilight,180818,0,0,0,2,,,0,,,,,,Auckland Region,Motorway ramp,1-way,Sealed,,0,0,,100,,Off,1,0,,76,Auckland,Unknown,,,,,0,0,Open,0,,,Fine,Null
1750535,5913720,6402,,511303,0,,0,2,,East,2009/2010,CLARK ST,PORTAGE ROAD,,Non-Injury Crash,No,2009,,West,,0,,Flat,,,,,,Overcast,265200,0,0,0,3,,,0,,,,,,Auckland Region,Nil,2-way,Sealed,,0,0,,50,,None,0,0,30,76,Auckland,Nil,,,,,0,0,Urban,0,,,Fine,Null
1755719,5922556,6403,,509800,0,,0,2,,North,2009/2010,SH 1N,TOP OF HARBOUR BRIDGE,,Non-Injury Crash,Yes,2009,,South,,0,,Flat,,,,,,Bright sun,359300,0,0,0,4,,,0,,,,,,,Bridge,1-way,Sealed,,0,0,,80,,Off,0,0,,76,Auckland,Nil,,,,,0,0,Open,0,,,Fine,Null
1756255,5979402,6404,,506661,0,0,0,1,0,West,2008/2009,LEIGH ROAD,SCHOLLUM ROAD,,Non-Injury Crash,No,2009,0,East,0,0,0,Flat,0,,0,,0,Dark,137502,0,0,0,2,0,1,0,0,0,,0,0,Auckland Region,Nil,2-way,Sealed,0,0,0,0,80,0,None,0,0,,76,Auckland,Nil,0,0,0,0,0,0,Open,0,0,0,Heavy rain,Strong wind
1746572,5915624,6405,,511800,0,,0,2,,Null,2009/2010,VIEW ROAD,GREAT NORTH ROAD,,Non-Injury Crash,No,2009,,East,,0,,Flat,,,,,,Overcast,276300,0,0,0,3,,,0,,,,,,Auckland Region,Nil,2-way,Sealed,,0,0,,50,,Off,0,0,,76,Auckland,Traffic Signals,,,,,0,0,Urban,0,,,Fine,Null
1841211,5518072,6406,,578000,0,,0,1,,Null,2008/2009,WAKEMAN ST,TYNDALL ST,,Non-Injury Crash,No,2009,,North,,0,,Flat,,,,,,Bright sun,2219500,0,0,0,2,,,0,,,,,,Manawatū-Whanganui Region,Nil,2-way,Sealed,,0,0,,50,,Null,0,0,,41,Tararua District,Give way,,,,,0,0,Urban,1,,,Fine,Null
1405763,4913826,6407,,604410,0,0,0,2,0,South,2008/2009,KIRKCALDY ST,OXFORD ST,,Non-Injury Crash,No,2009,0,North,0,0,0,Flat,0,,0,,0,Dark,2929200,0,0,0,1,0,0,0,0,1,,0,0,Otago Region,Nil,2-way,Sealed,0,0,0,0,50,0,On,0,0,,71,Dunedin City,Nil,0,0,0,0,0,0,Urban,0,0,0,Light rain,Null
1887544,5823305,6408,,536516,0,0,0,1,0,North,2008/2009,KANE ROAD,MACKIE PLACE,,Non-Injury Crash,No,2009,0,South,0,0,1,Flat,0,,0,,0,Bright sun,1205030,0,0,0,2,0,0,0,0,0,,0,0,Bay of Plenty Region,Nil,2-way,Sealed,0,0,0,0,50,0,Null,0,0,,23,Tauranga City,Unknown,0,0,0,0,0,0,Urban,0,0,0,Fine,Null
1760056,5436580,6409,,569100,0,,0,2,,Null,2009/2010,PRETORIA ST,HIGH ST,,Non-Injury Crash,No,2009,,North,,0,,Flat,,,,,,Twilight,1969000,0,0,0,2,,,0,,,,,,Wellington Region,Nil,2-way,Sealed,,0,0,,50,,On,0,0,,46,Lower Hutt City,Give way,,,,,0,0,Urban,0,,,Fine,Null
1760039,5436365,6410,,569100,0,,0,2,,Null,2008/2009,BLOOMFIELD TERRACE,KINGS CRESCENT,,Non-Injury Crash,No,2009,,North,,0,,Flat,,,,,,Bright sun,1967800,0,0,0,2,,,0,,,,,,Wellington Region,Nil,2-way,Sealed,,0,0,,50,,Null,0,0,,46,Lower Hutt City,Give way,,,,,0,0,Urban,0,,,Fine,Null
1935650,5618966,6411,,546700,0,0,0,0,0,Null,2008/2009,BLEDISLOE ROAD,GEDDIS AVENUE,,Non-Injury Crash,No,2009,0,South,0,0,0,Hill Road,0,,0,,0,Overcast,1446000,0,0,0,2,0,0,0,0,0,,0,1,Hawke's Bay Region,Nil,2-way,Sealed,0,0,0,0,50,0,Null,1,0,,31,Napier City,Give way,0,0,0,0,0,0,Urban,0,0,0,Fine,Null
1597753,5451244,6412,,581833,0,0,0,1,0,Null,2008/2009,UMUKURI ROAD,LITTLE SYDNEY ROAD,,Non-Injury Crash,No,2009,0,West,0,0,1,Flat,0,,0,,0,Dark,2369600,0,0,0,2,0,0,0,0,0,,0,0,Tasman Region,Nil,2-way,Sealed,0,0,0,0,100,0,On,0,0,,51,Tasman District,Nil,0,0,0,0,0,0,Open,0,0,0,Fine,Null
1879551,5824815,6413,,538201,0,0,0,2,0,North,2008/2009,THE STRAND,HARINGTON ST,,Non-Injury Crash,No,2009,0,South,0,0,0,Flat,0,,0,,0,Dark,1163300,0,0,0,2,0,0,0,0,1,,0,0,Bay of Plenty Region,Nil,2-way,Sealed,0,0,0,0,50,0,On,0,0,,23,Tauranga City,Unknown,0,0,0,0,0,0,Urban,0,0,0,Fine,Null
1745994,5912576,6414,,511001,0,,0,3,,Null,2009/2010,GLENGARRY ROAD,SHETLAND ST,,Non-Injury Crash,No,2009,,East,,0,,Hill Road,,,,,,Overcast,282900,0,0,0,2,,,0,,,,,,Auckland Region,Nil,2-way,Sealed,,0,0,,50,,Null,0,0,,76,Auckland,Give way,,,,,0,0,Urban,0,,,Fine,Null
1759899,5436168,6415,,569100,0,,0,1,,Null,2009/2010,Z CPK WESTFIELD,WATERLOO ROAD,,Non-Injury Crash,No,2009,,North,,0,,Flat,,,,,,Bright sun,1968100,0,0,0,0,,,0,,,,,,Wellington Region,Nil,Off road,Sealed,,0,0,,50,,Null,1,0,,46,Lower Hutt City,Stop,,,,,0,0,Urban,0,,,Fine,Null
1764322,5439437,6416,,568202,0,,0,2,,East,2008/2009,TAINE ST,POOLE ST,,Non-Injury Crash,No,2009,,East,,0,,Flat,,,,,,Overcast,1936500,0,0,0,2,,,0,,,,,,Wellington Region,Nil,2-way,Sealed,,0,0,,50,,Null,0,0,,46,Lower Hutt City,Nil,,,,,0,0,Urban,0,,,Fine,Null
1753629,5928075,6417,,508310,0,,0,2,,Null,2008/2009,GLENFIELD ROAD,BENTLEY AVENUE,,Non-Injury Crash,No,2009,,South,,0,,Flat,,,,,,Overcast,200000,0,0,0,4,,,0,,,,,,Auckland Region,Nil,2-way,Sealed,,0,0,,50,,Off,0,0,,76,Auckland,Traffic Signals,,,,,0,0,Urban,0,,,Mist or Fog,Null
1766218,5906026,6418,,522202,0,0,0,2,0,West,2009/2010,BIRDWOOD AVENUE,GREAT SOUTH ROAD,,Non-Injury Crash,No,2009,0,West,0,0,0,Flat,0,,0,,0,Dark,665400,0,0,0,2,0,0,0,0,1,,0,0,Auckland Region,Nil,2-way,Sealed,0,0,0,0,50,0,On,0,0,,76,Auckland,Nil,0,0,0,0,0,0,Urban,0,0,0,Fine,Null
1772558,5896997,6419,,525630,0,,0,2,,Null,2008/2009,PORCHESTER ROAD,OLD WAIROA ROAD,,Non-Injury Crash,No,2009,,South,,0,,Flat,,,,,,Overcast,794100,0,0,0,2,,,0,,,,,,Auckland Region,Nil,2-way,Sealed,,0,0,,50,,None,0,0,,76,Auckland,Give way,,,,,0,0,Urban,0,,,Light rain,Null
1736849,5982749,6420,,505300,0,,0,2,,South,2009/2010,SH 1N,BATTEN ST,,Non-Injury Crash,Yes,2009,,South,,0,,Flat,,,,,,Bright sun,142800,0,0,0,2,,,0,,,,,,Auckland Region,Nil,2-way,Sealed,,0,0,,50,,Off,0,0,,76,Auckland,Nil,,,,,0,0,Urban,0,,,Fine,Null
1243498,4850091,6421,,611100,0,,0,0,,Null,2009/2010,YARROW ST,QUEENS DRIVE,,Minor Crash,No,2009,,East,,0,,Flat,,,,,,Bright sun,3135100,1,1,0,3,,,0,,,,,,Southland Region,Nil,2-way,Sealed,,0,0,,50,,Null,0,0,,75,Invercargill City,Traffic Signals,,,,,0,0,Urban,0,,,Fine,Frost
1768849,5902727,6422,,524602,0,,0,2,,North,2009/2010,SH 1N,ORAMS OBR,,Non-Injury Crash,Yes,2009,,North,,0,,Flat,,,,,,Overcast,780504,0,0,0,3,,,0,,,,,,Auckland Region,Nil,1-way,Sealed,,0,0,,100,,Off,0,0,,76,Auckland,Nil,,,,,0,0,Open,0,,,Fine,Null
1756166,5918793,6423,,515500,0,,0,1,,West,2009/2010,SH 16,NEWTON OBR,,Non-Injury Crash,Yes,2009,,East,,0,,Flat,,,,,,Bright sun,417600,0,0,0,5,,,0,,,,,,Auckland Region,Nil,1-way,Sealed,,0,0,,100,,Off,0,0,,76,Auckland,Nil,,,,,0,0,Open,1,,,Fine,Null
1786271,5925463,6424,,520801,0,,0,1,,South,2009/2010,TRIG HILL ROAD,WAIATA ROAD,,Non-Injury Crash,No,2009,,South,,0,,Hill Road,,,,,,Bright sun,515607,0,0,0,2,,,0,,,,,,Auckland Region,Nil,2-way,Sealed,,0,0,,50,,Off,1,0,,76,Auckland,Nil,,,,,0,0,Urban,0,,,Fine,Null
1758075,5912912,6425,,519710,0,,0,2,,North,2008/2009,SYMONDS ST,TRAFALGAR ST,,Non-Injury Crash,No,2009,,North,,0,,Flat,,,,,,Overcast,596600,0,0,0,2,,,0,,,,,,Auckland Region,Nil,2-way,Sealed,,0,0,,50,,Null,0,0,,76,Auckland,Unknown,,,,,0,0,Urban,0,,,Light rain,Null