X,Y,OBJECTID,advisorySpeed,areaUnitID,bicycle,bridge,bus,carStationWagon,cliffBank,crashDirectionDescription,crashFinancialYear,crashLocation1,crashLocation2,crashRoadSideRoad,crashSeverity,crashSHDescription,crashYear,debris,directionRoleDescription,ditch,fatalCount,fence,flatHill,guardRail,holiday,houseOrBuilding,intersection,kerb,light,meshblockId,minorInjuryCount,moped,motorcycle,NumberOfLanes,objectThrownOrDropped,otherObject,otherVehicleType,overBank,parkedVehicle,pedestrian,phoneBoxEtc,postOrPole,region,roadCharacter,roadLane,roadSurface,roadworks,schoolBus,seriousInjuryCount,slipOrFlood,speedLimit,strayAnimal,streetLight,suv,taxi,temporarySpeedLimit,tlaId,tlaName,trafficControl,trafficIsland,trafficSign,train,tree,truck,unknownVehicleType,urban,vanOrUtility,vehicle,waterRiver,weatherA,weatherB
1752292,5955260,6426,,506613,0,,0,2,,North,2008/2009,HIBISCUS COAST HIGHWAY,SCHISCHKA ROAD,,Non-Injury Crash,No,2009,,South,,0,,Hill Road,,,,,,Overcast,147000,0,0,0,2,,,0,,,,,,Auckland Region,Nil,2-way,Sealed,,0,0,,80,,Null,0,0,,76,Auckland,Unknown,,,,,0,0,Open,0,,,Light rain,Null
1756745,5943731,6427,,505902,0,,0,2,,West,2009/2010,WHANGAPARAOA ROAD,LADIES MILE,,Non-Injury Crash,No,2009,,East,,0,,Flat,,,,,,Twilight,174604,0,0,0,2,,,0,,,,,,Auckland Region,Nil,2-way,Sealed,,0,0,,50,,On,0,0,,76,Auckland,Unknown,,,,,0,0,Urban,0,,,Fine,Null
1717164,6053353,6428,,502001,0,0,0,0,0,North,2009/2010,SH 1N,SNAKE HILL ROAD,,Non-Injury Crash,Yes,2009,1,South,0,0,0,Hill Road,0,,0,,0,Bright sun,63804,0,0,0,3,0,0,0,0,0,,0,0,Northland Region,Nil,2-way,Sealed,0,0,0,0,100,0,None,0,0,,2,Whangarei District,Nil,0,0,0,0,0,0,Open,1,0,0,Fine,Null
1768904,5880742,6429,,525922,0,,0,2,,Null,2009/2010,HARRIS ST,JOHN ST,,Non-Injury Crash,No,2009,,North,,0,,Flat,,,,,,Bright sun,824100,0,0,0,2,,,0,,,,,,Auckland Region,Nil,2-way,Sealed,,0,0,,50,,None,0,0,,76,Auckland,Give way,,,,,0,0,Urban,0,,,Fine,Null
1647870,5428005,6430,,580446,0,0,0,1,0,Null,2008/2009,SH 6,MAUNGATAPU ROAD,,Non-Injury Crash,Yes,2009,0,North,0,0,0,Flat,0,,0,,0,Dark,2283900,0,0,0,2,0,0,0,0,0,,0,0,Marlborough Region,Nil,2-way,Sealed,0,0,0,0,100,0,On,0,0,,53,Marlborough District,Nil,0,0,0,1,0,0,Open,0,0,0,Fine,Null
1545101,5180852,6431,,587010,0,,0,2,,West,2009/2010,SH 73,SANDY KNOLLS ROAD,,Minor Crash,Yes,2009,,East,,0,,Flat,,,,,,Overcast,2466902,1,0,0,2,,,0,,,,,,Canterbury Region,Nil,2-way,Sealed,,0,0,,100,,Null,1,0,,62,Selwyn District,Stop,,,,,0,0,Open,0,,,Light rain,Null
1748674,5424977,6432,,576301,0,0,0,2,0,South,2008/2009,ADELAIDE ROAD,COLOMBO ST,,Non-Injury Crash,No,2009,0,North,0,0,0,Flat,0,,0,,0,Dark,2164800,0,0,0,2,0,0,0,0,1,,0,0,Wellington Region,Nil,2-way,Sealed,0,0,0,0,50,0,On,0,0,,47,Wellington City,Nil,0,0,0,0,0,0,Urban,0,0,0,Fine,Null
1756442,5919379,6433,,514102,0,,0,2,,Null,2009/2010,KARANGAHAPE ROAD,HOWE ST,,Non-Injury Crash,No,2009,,East,,0,,Flat,,,,,,Overcast,436001,0,0,0,2,,,0,,,,,,Auckland Region,Nil,2-way,Sealed,,0,0,,50,,None,0,0,,76,Auckland,Traffic Signals,,,,,0,0,Urban,0,,,Mist or Fog,Null
1763942,5909924,6434,,521901,0,,0,1,,West,2009/2010,STATION ROAD,GREAT SOUTH ROAD S,,Non-Injury Crash,No,2009,,North,,0,,Flat,,,,,,Bright sun,782600,0,0,0,2,,,0,,,,,,Auckland Region,Nil,2-way,Sealed,,0,0,,50,,Off,0,0,,76,Auckland,Nil,,,,,1,0,Urban,0,,,Fine,Null
1250426.0313,4853167.1629,6435,,610074,0,,0,2,,Null,2009/2010,SH 1S,KENNINGTON ROAD,,Minor Crash,Yes,2009,,East,,0,,Flat,,,,,,Overcast,3093100,1,0,0,2,,,0,,,,,,Southland Region,Nil,2-way,Sealed,,0,0,,100,,Null,0,0,,75,Invercargill City,Stop,,,,,0,0,Open,0,,,Fine,Null
1981605,5786288,6436,,542906,0,0,0,1,0,West,2008/2009,SH 35,TIROHANGA ROAD,,Non-Injury Crash,Yes,2009,0,East,0,0,0,Flat,0,,0,,0,Bright sun,1336602,0,0,0,2,0,0,0,1,0,,0,0,Bay of Plenty Region,Nil,2-way,Sealed,0,0,0,0,100,0,Null,0,0,,27,Ōpōtiki District,Unknown,0,0,0,0,0,0,Open,0,0,0,Fine,Null
1754567,5911450,6437,,519001,0,,0,1,,West,2008/2009,HILLSBOROUGH ROAD,DOMINION ROAD,,Non-Injury Crash,No,2009,,West,,0,,Flat,,,,,,Overcast,589205,0,0,1,2,,,0,,,,,,Auckland Region,Nil,2-way,Sealed,,0,0,,50,,Null,0,0,,76,Auckland,Nil,,,,,0,0,Urban,0,,,Fine,Null
1614082,6108792,6438,,500205,0,,0,0,,West,2009/2010,KOTARE ST,KORORA ST,,Non-Injury Crash,No,2009,,East,,0,,Hill Road,,,,,,Dark,10101,0,0,0,2,,,0,,,,,,Northland Region,Nil,2-way,Sealed,,0,0,,50,,None,0,0,,1,Far North District,Nil,,,,,0,0,Urban,1,,,Fine,Null
1950277,5788598,6439,,542514,0,0,0,0,1,South,2009/2010,VALLEY ROAD,TE TAHI ST,,Non-Injury Crash,No,2009,0,South,0,0,0,Flat,0,,0,,0,Overcast,1298901,0,0,0,2,0,0,0,0,0,,0,0,Bay of Plenty Region,Nil,2-way,Sealed,0,0,0,0,70,0,Null,0,0,,25,Whakatane District,Unknown,0,0,0,0,0,0,Urban,1,0,0,Light rain,Null
1764185,5910133,6440,,521801,0,0,0,3,0,East,2009/2010,PRINCES ST,ATKINSON AVENUE,,Non-Injury Crash,No,2009,0,East,0,0,0,Flat,0,,0,,0,Bright sun,786802,0,0,0,4,0,0,0,0,1,,0,0,Auckland Region,Nil,2-way,Sealed,0,0,0,0,50,0,Off,0,0,,76,Auckland,Traffic Signals,0,0,0,0,0,0,Urban,0,0,0,Fine,Null
1761513,5913803,6441,,520202,0,0,0,1,0,Null,2008/2009,STATION ROAD,GREAT SOUTH ROAD N,,Non-Injury Crash,No,2009,0,South,0,0,0,Hill Road,0,Easter,0,,0,Bright sun,612300,0,0,0,3,0,1,0,0,0,,0,0,Auckland Region,Nil,2-way,Sealed,0,0,0,0,50,0,Off,0,0,,76,Auckland,Traffic Signals,0,0,0,0,0,0,Urban,0,0,0,Fine,Null
1763455,5912764,6442,,520500,0,,0,0,,South,2009/2010,SH 1N,MT WGTN OFF SBD,,Non-Injury Crash,Yes,2009,,South,,0,,Flat,,,,,,Bright sun,637400,0,0,0,2,,,0,,,,,,Auckland Region,Nil,1-way,Sealed,,0,0,,100,,Off,0,0,,76,Auckland,Nil,,,,,2,0,Open,0,,,Fine,Null
1757825,5927077,6443,,508010,0,,0,2,,Null,2009/2010,AUBURN ST,COMO ST,,Non-Injury Crash,No,2009,,South,,0,,Flat,,,,,,Overcast,327700,0,0,0,2,,,0,,,,,,Auckland Region,Nil,2-way,Sealed,,0,0,,50,,Null,0,0,,76,Auckland,Give way,,,,,0,0,Urban,0,,,Fine,Null
1767103,5920378,6444,,516800,0,0,0,1,0,East,2009/2010,RIDDELL ROAD,KARAKA PARK PLACE,,Non-Injury Crash,No,2009,0,North,0,0,1,Hill Road,0,,0,,0,Overcast,512100,0,0,0,2,0,0,0,0,0,,0,0,Auckland Region,Nil,2-way,Sealed,0,0,0,0,50,0,Off,0,0,,76,Auckland,Nil,0,0,0,0,0,0,Urban,0,0,0,Fine,Null
1836303,5847671,6445,,534603,0,,0,0,,North,2008/2009,SH 26,STATION ROAD,,Non-Injury Crash,Yes,2009,,South,,0,,Flat,,,,,,Bright sun,1077001,0,0,1,2,,,0,,,,,,Waikato Region,Nil,2-way,Sealed,,0,0,,100,,Null,0,0,,15,Matamata-Piako District,Unknown,,,,,1,0,Open,0,,,Fine,Null
1768962,5900858,6446,,524902,0,,0,2,,East,2008/2009,ALFRISTON ROAD,GREAT SOUTH ROAD,,Non-Injury Crash,No,2009,,West,,0,,Flat,,,,,,Dark,758200,0,0,0,2,,,0,,,,,,Auckland Region,Nil,2-way,Sealed,,0,0,,50,,On,0,0,,76,Auckland,Nil,,,,,0,0,Urban,0,,,Fine,Null
1759892,5908764,6447,,524403,0,,0,1,,Null,2009/2010,WALMSLEY ROAD,WALMSLEY ON SBD,,Non-Injury Crash,No,2009,,West,,0,,Flat,,,,,,Bright sun,729800,0,0,0,2,,,0,,,,,,Auckland Region,Bridge,2-way,Sealed,,0,0,,50,,Off,0,0,,76,Auckland,Traffic Signals,,,,,0,0,Urban,1,,,Fine,Null
1581003,5397466,6448,,581841,0,,0,1,,South,2008/2009,SH 6,KORERE-TOPHOUSE ROAD,,Non-Injury Crash,Yes,2009,,South,,0,,Flat,,,,,,Bright sun,2375400,0,0,0,2,,,0,,,,,,Tasman Region,Nil,2-way,Sealed,,0,0,,100,,None,1,0,,51,Tasman District,Nil,,,,,0,0,Open,0,,,Fine,Null
1749065,5428694,6449,,572900,0,0,0,2,0,North,2008/2009,ACCESS ROAD,BUNNY ST,,Non-Injury Crash,No,2009,0,East,0,0,0,Flat,0,,0,,0,Bright sun,2122700,0,0,0,1,0,0,0,0,0,,0,0,Wellington Region,Nil,1-way,Sealed,0,0,0,0,50,0,Null,0,1,,47,Wellington City,Nil,0,0,0,0,0,0,Urban,0,1,0,Fine,Null
1686142,6101035,6450,,500900,0,,1,1,,South,2009/2010,KERIKERI ROAD,HOBSON AVENUE,,Non-Injury Crash,No,2009,,North,,0,,Flat,,,,,,Bright sun,53504,0,0,0,2,,,0,,,,,,Northland Region,Nil,2-way,Sealed,,1,0,,50,,Null,0,0,,1,Far North District,Nil,,,,,0,0,Urban,0,,,Fine,Null
1836228,5860115,6451,,534300,0,,0,1,,Null,2008/2009,SH 2,TAYLOR AVENUE,,Non-Injury Crash,Yes,2009,,South,,0,,Flat,,,,,,Bright sun,1072502,0,0,0,3,,,0,,,,,,Waikato Region,Nil,2-way,Sealed,,0,0,,50,,Null,1,0,,12,Hauraki District,Give way,,,,,0,0,Urban,0,,,Fine,Null
1924237,5598721,6452,,545851,0,0,0,1,0,West,2008/2009,ANDERSON ROAD,OLD MAIN ROAD,,Non-Injury Crash,No,2009,0,East,0,0,1,Hill Road,0,,0,,0,Bright sun,1463803,0,0,0,2,0,0,0,0,0,,0,1,Hawke's Bay Region,Nil,2-way,Sealed,0,0,0,0,100,0,Null,0,0,,30,Hastings District,Nil,0,0,0,0,0,0,Open,0,0,0,Fine,Null
1719752,6046548,6453,,502800,0,0,0,2,0,North,2009/2010,AUBREY ST,NORFOLK ST,,Non-Injury Crash,No,2009,0,West,0,0,0,Flat,0,,0,,0,Dark,97200,0,0,0,1,0,0,0,0,1,,0,0,Northland Region,Nil,2-way,Sealed,0,0,0,0,50,0,On,0,0,,2,Whangarei District,Nil,0,0,0,0,0,0,Urban,0,0,0,Fine,Null
1883922,5774035,6454,,540410,0,0,0,1,0,Null,2009/2010,TAREWA ROAD,SH 30A,,Non-Injury Crash,No,2009,0,West,1,0,1,Flat,0,,0,,1,Dark,1232200,0,0,0,4,0,0,0,0,0,,0,0,Bay of Plenty Region,Nil,2-way,Sealed,0,0,0,0,60,0,On,0,0,,24,Rotorua District,Stop,0,0,0,0,0,0,Urban,0,0,0,Light rain,Null
1874934,5822656,6455,,536513,0,0,0,1,0,Null,2008/2009,GLENCARRON PLACE,ORANGE LANE,,Non-Injury Crash,No,2009,0,West,0,0,0,Flat,0,,0,,0,Bright sun,1190709,0,0,0,2,0,0,0,0,0,,0,0,Bay of Plenty Region,Nil,2-way,Sealed,0,0,0,0,50,0,Null,0,0,,23,Tauranga City,Nil,1,0,0,0,0,0,Urban,0,0,0,Fine,Null
1823789,5463215,6456,,578600,0,,0,2,,Null,2009/2010,QUEEN ST,JACKSON ST,,Non-Injury Crash,No,2009,,North,,0,,Flat,,,,,,Bright sun,2242900,0,0,0,2,,,0,,,,,,Wellington Region,Nil,2-way,Sealed,,0,0,,50,,Null,0,0,,48,Masterton District,Give way,,,,,0,0,Urban,0,,,Fine,Null
1751686,5433953,6457,,573903,0,,0,1,,North,2008/2009,SH 1N,NEWLANDS OBR SBD,,Non-Injury Crash,Yes,2009,,North,,0,,Hill Road,,,,,,Overcast,2075103,0,0,0,2,,,0,,,,,,Wellington Region,Nil,2-way,Sealed,,0,0,,80,,Null,0,0,,47,Wellington City,Nil,,,,,1,0,Open,0,,,Light rain,Null
1749026,5429212,6458,,572900,0,0,0,1,0,North,2008/2009,MURPHY ST,LITTLE PIPITEA ST,,Non-Injury Crash,No,2009,0,South,0,0,0,Flat,0,,0,,0,Dark,2119200,0,0,0,1,0,1,0,0,0,,0,0,Wellington Region,Nil,1-way,Sealed,0,0,0,0,50,0,On,0,0,,47,Wellington City,Nil,0,0,0,0,0,0,Urban,0,0,0,Fine,Null
1815518,5541426,6459,,561422,0,0,0,1,1,South,2009/2010,AWAHURI FEILDING ROAD,KAWAKAWA ROAD,,Minor Crash,No,2009,0,North,0,0,0,Hill Road,0,,0,,0,Overcast,1789101,1,0,0,2,0,0,0,0,0,,0,0,Manawatū-Whanganui Region,Nil,2-way,Sealed,0,0,0,0,100,0,Null,0,0,,39,Manawatu District,Nil,0,0,0,0,0,0,Open,0,0,0,Light rain,Null
1743666,5919379,6460,,513212,0,,0,1,,Null,2009/2010,DON BUCK ROAD,UPPER HARBOUR MOTORWAY,,Non-Injury Crash,No,2009,,North,,0,,Flat,,,,,,Overcast,235711,0,0,0,4,,,0,,,,,,Auckland Region,Nil,2-way,Sealed,,0,0,,50,,Null,0,0,,76,Auckland,Give way,,,,,1,0,Urban,0,,,Fine,Null
1758163,5920548,6461,,514101,0,,0,2,,South,2009/2010,BEACH ROAD,MAHUHU CRESCENT,,Non-Injury Crash,No,2009,,South,,0,,Flat,,,,,,Overcast,438215,0,0,0,5,,,0,,,,,,Auckland Region,Nil,2-way,Sealed,,0,0,,50,,Off,0,0,,76,Auckland,Nil,,,,,0,0,Urban,0,,,Light rain,Null
1765445,5441660,6462,,569600,0,,0,2,,Null,2008/2009,SH 2,SH 58,,Non-Injury Crash,Yes,2009,,South,,0,,Flat,,,,,,Dark,1917000,0,0,0,2,,,0,,,,,,Wellington Region,Nil,2-way,Sealed,,0,0,,100,,On,0,0,,46,Lower Hutt City,Traffic Signals,,,,,0,0,Open,0,,,Fine,Null
1754743,5918793,6463,,515431,0,,0,1,,West,2008/2009,GREAT NORTH ROAD,SURREY CRESCENT,,Non-Injury Crash,No,2009,,East,,0,,Flat,,,,,,Overcast,405800,0,0,0,4,,,0,,,,,,Auckland Region,Nil,2-way,Sealed,,0,0,,50,,Off,0,0,,76,Auckland,Nil,,,,,0,0,Urban,1,,,Fine,Null
1755948,5434723,6464,,569800,0,,0,4,,East,2008/2009,SH 2,CORNISH ST,,Non-Injury Crash,Yes,2009,,West,,0,,Flat,,,,,,Bright sun,2035800,0,0,0,2,,,0,,,,,,Wellington Region,Nil,2-way,Sealed,,0,0,,70,,Null,0,0,50,46,Lower Hutt City,Nil,,,,,0,0,Urban,0,,,Fine,Null
2015254,5678024,6465,,545204,0,0,0,1,0,East,2008/2009,SH 2,TUNANUI BR,,Non-Injury Crash,Yes,2009,0,West,1,0,0,Hill Road,0,,0,,0,Bright sun,1399800,0,0,0,2,0,0,0,0,0,,0,0,Hawke's Bay Region,Nil,2-way,Sealed,0,0,0,0,100,0,Null,0,0,,29,Wairoa District,Nil,0,0,0,0,0,0,Open,0,0,0,Fine,Null
1755309,5919560,6466,,515420,0,,0,2,,Null,2009/2010,RICHMOND ROAD,MILLAIS ST,,Non-Injury Crash,No,2009,,West,,0,,Flat,,,,,,Bright sun,408800,0,0,0,2,,,0,,,,,,Auckland Region,Nil,2-way,Sealed,,0,0,,50,,Off,0,0,,76,Auckland,Stop,,,,,0,0,Urban,0,,,Fine,Null
1796531,5814871,6467,,528601,0,0,0,2,0,West,2008/2009,GREENFIELD DRIVE,SMYTH PLACE,,Non-Injury Crash,No,2009,0,South,0,0,0,Hill Road,0,,0,,0,Dark,978110,0,0,0,2,0,0,0,0,1,,0,0,Waikato Region,Nil,2-way,Sealed,0,0,0,0,50,0,None,0,0,,16,Hamilton City,Nil,0,0,0,0,0,0,Urban,0,0,0,Light rain,Null
1779801,5898574,6468,,521301,0,0,0,0,0,South,2008/2009,CREIGHTONS ROAD,TOURIST ROAD,,Non-Injury Crash,No,2009,0,North,0,0,1,Hill Road,0,,0,,0,Bright sun,763800,0,0,0,2,0,0,0,0,0,,0,0,Auckland Region,Nil,2-way,Sealed,0,0,0,0,100,0,None,0,0,,76,Auckland,Nil,0,0,0,0,0,0,Open,1,0,0,Fine,Null
1759014,5917549,6469,,516001,0,,0,2,,West,2008/2009,REMUERA ROAD,BASSETT ROAD,,Non-Injury Crash,No,2009,,West,,0,,Flat,,,,,,Bright sun,490704,0,0,0,2,,,0,,,,,,Auckland Region,Nil,2-way,Sealed,,0,0,,50,,Null,0,0,,76,Auckland,Unknown,,,,,0,0,Urban,0,,,Fine,Null
1764744,5916853,6470,,520301,0,,0,2,,Null,2009/2010,MERTON ROAD,HOWARD HUNTER AVENUE,,Non-Injury Crash,No,2009,,East,,0,,Flat,,,,,,Overcast,465302,0,0,0,2,,,0,,,,,,Auckland Region,Nil,2-way,Sealed,,0,0,,50,,Off,0,0,,76,Auckland,Stop,,,,,0,0,Urban,0,,,Fine,Null
1892492,5811820,6471,,538502,0,0,0,1,0,West,2009/2010,HOOKEY DRIVE,MOEHAU ST,,Non-Injury Crash,No,2009,0,East,0,0,1,Flat,0,,0,,1,Dark,1216800,0,0,0,2,0,1,0,0,0,,0,0,Bay of Plenty Region,Nil,2-way,Sealed,0,0,0,0,50,0,On,0,0,,22,Western Bay of Plenty District,Unknown,0,0,0,0,0,0,Urban,0,0,0,Heavy rain,Null
1839621,5841416,6472,,534800,0,,0,1,,North,2009/2010,SH 26,KENRICK ST,,Non-Injury Crash,Yes,2009,,West,,0,,Flat,,,,,,Bright sun,1104500,0,0,0,2,,,0,,,,,,Waikato Region,Nil,2-way,Sealed,,0,0,,50,,Off,0,0,,15,Matamata-Piako District,Give way,,,,,0,0,Urban,1,,,Fine,Null
1928181,5605133,6473,,547900,0,0,0,1,0,North,2009/2010,FLORENCE ST,OLIPHANT ROAD,,Non-Injury Crash,No,2009,0,North,0,0,1,Flat,0,,0,,0,Twilight,1480500,0,0,0,2,0,0,0,0,0,,0,1,Hawke's Bay Region,Nil,2-way,Sealed,0,0,0,0,50,0,Off,0,0,,30,Hastings District,Nil,0,0,0,0,0,0,Urban,0,0,0,Fine,Null
1824260,5827960,6474,,534500,0,0,0,1,0,Null,2008/2009,MORRINSVILLE WALTON ROAD,KEREONE ROAD,,Non-Injury Crash,No,2009,0,North,1,0,0,Flat,0,,0,,0,Dark,1100500,0,0,0,2,0,0,0,0,0,,0,0,Waikato Region,Nil,2-way,Sealed,0,0,0,0,100,0,On,0,0,,15,Matamata-Piako District,Give way,0,0,0,0,0,0,Open,0,0,0,Fine,Null
1209560,4949317,6475,,612714,0,0,0,1,0,North,2009/2010,MAVORA LAKES ROAD,SH 94,,Minor Crash,No,2009,0,South,0,0,1,Flat,0,,0,,0,Overcast,3172802,1,0,0,1,0,0,0,0,0,,0,0,Southland Region,Nil,2-way,Unsealed,0,0,0,0,100,0,Null,0,0,,73,Southland District,Unknown,0,0,0,1,0,0,Open,0,0,0,Fine,Null
1757191,5926003,6476,,507900,0,,1,2,,East,2008/2009,ESMONDE ROAD,ESMONDE OFF SBD,,Non-Injury Crash,No,2009,,East,,0,,Flat,,,,,,Overcast,304000,0,0,0,6,,,0,,,,,,Auckland Region,Motorway ramp,2-way,Sealed,,0,0,,60,,Null,0,0,,76,Auckland,Unknown,,,,,0,0,Urban,0,,,Light rain,Null
1745083,5917943,6477,,510700,0,,0,2,,North,2008/2009,LINCOLN ROAD,SEL PEACOCK DRIVE,,Non-Injury Crash,No,2009,,South,,0,,Flat,,,,,,Bright sun,240200,0,0,0,4,,,0,,,,,,Auckland Region,Nil,2-way,Sealed,,0,0,,50,,Off,0,0,,76,Auckland,Traffic Signals,,,,,0,0,Urban,0,,,Fine,Null
1720042,6043608,6478,,503900,0,,0,1,,West,2009/2010,KIOREROA ROAD,UNION EAST ST,,Non-Injury Crash,No,2009,,East,,0,,Flat,,,,,,Overcast,109101,0,0,0,2,,,0,,,,,,Northland Region,Nil,2-way,Sealed,,0,0,,60,,Off,1,0,,2,Whangarei District,Nil,,,,,0,0,Urban,0,,,Fine,Null
1745215,5918977,6479,,513302,0,,1,1,,Null,2008/2009,LINCOLN ROAD,MOSELLE AVENUE,,Non-Injury Crash,No,2009,,South,,0,,Flat,,,,,,Bright sun,230701,0,0,0,4,,,0,,,,,,Auckland Region,Nil,2-way,Sealed,,0,0,,50,,Null,0,0,,76,Auckland,Give way,,,,,0,0,Urban,0,,,Fine,Null
1917645,5738049,6480,,542550,0,,0,0,,West,2008/2009,SH 38,KOPURIKI ROAD,,Non-Injury Crash,Yes,2009,,West,,0,,Flat,,,,,,Overcast,1330101,0,0,0,2,,,0,,,,,,Bay of Plenty Region,Nil,2-way,Sealed,,0,0,,100,,Null,1,0,,25,Whakatane District,Unknown,,,,,0,0,Open,0,,,Fine,Frost
1906420,5572225,6481,,549100,0,,0,1,,Null,2008/2009,RUATANIWHA ST,KENILWORTH ST,,Non-Injury Crash,No,2009,,East,,0,,Flat,,,,,,Overcast,1517000,0,0,0,2,,,0,,,,,,Hawke's Bay Region,Nil,2-way,Sealed,,0,0,,50,,Null,0,0,,32,Central Hawke's Bay District,Give way,,,,,0,0,Urban,1,,,Fine,Null
1932655,5619337,6482,,547001,0,,0,2,,East,2008/2009,COVENTRY AVENUE,YORK AVENUE,,Non-Injury Crash,No,2009,,East,,0,,Flat,,,,,,Overcast,1451800,0,0,0,2,,,0,,,,,,Hawke's Bay Region,Nil,2-way,Sealed,,0,0,,50,,Null,0,0,,31,Napier City,Nil,,,,,0,0,Urban,0,,,Fine,Null
1762585,5457456,6483,,565700,0,0,0,1,1,North,2008/2009,PAEKAKARIKI HILL ROAD,BATTLE HILL,,Non-Injury Crash,No,2009,0,North,0,0,1,Hill Road,0,,0,,0,Bright sun,2072300,0,0,0,2,0,0,0,0,0,,0,0,Wellington Region,Nil,2-way,Sealed,0,0,0,0,70,0,Null,0,0,,44,Porirua City,Nil,0,0,0,0,0,0,Urban,0,0,0,Fine,Null
1757902,5918732,6484,,517400,0,,0,2,,East,2009/2010,CARLTON GORE ROAD,PARK ROAD,,Non-Injury Crash,No,2009,,West,,0,,Flat,,,,,,Overcast,450100,0,0,0,2,,,0,,,,,,Auckland Region,Nil,2-way,Sealed,,0,0,,50,,None,0,0,,76,Auckland,Traffic Signals,,,,,0,0,Urban,0,,,Fine,Null
1802469,5817895,6485,,529503,0,,0,2,,North,2008/2009,TRAMWAY ROAD,MARDON ROAD,,Non-Injury Crash,No,2009,,North,,0,,Flat,,,,,,Bright sun,872400,0,0,0,2,,,0,,,,,,Waikato Region,Nil,2-way,Sealed,,0,0,,50,,Off,0,0,,16,Hamilton City,Nil,,,,,0,0,Urban,0,,,Fine,Null
1778381,5878101,6486,,521131,0,0,0,1,0,North,2008/2009,SH 1N,RAZORBACK OBR,,Non-Injury Crash,Yes,2009,0,North,0,0,0,Hill Road,1,,0,,0,Overcast,842500,0,0,0,4,0,0,0,0,0,,0,0,Waikato Region,Nil,1-way,Sealed,0,0,0,0,100,0,Null,0,0,,13,Waikato District,Unknown,0,0,0,0,0,0,Open,0,0,0,Heavy rain,Null
1752502,5918040,6487,,515002,0,0,0,1,0,East,2008/2009,SH 16,CARRINGTON OBR,,Non-Injury Crash,Yes,2009,0,East,0,0,0,Flat,1,,0,,0,Dark,390701,0,0,0,2,0,0,0,0,0,,0,0,Auckland Region,Nil,1-way,Sealed,0,0,0,0,100,0,On,0,0,,76,Auckland,Unknown,0,0,0,0,0,0,Open,0,0,1,Heavy rain,Null
1754773,5918328,6488,,515431,0,,0,3,,East,2009/2010,SH 16,MOTAT ON EBD,,Non-Injury Crash,Yes,2009,,East,,0,,Flat,,,,,,Bright sun,406700,0,0,0,3,,,0,,,,,,Auckland Region,Nil,1-way,Sealed,,0,0,,100,,Null,0,0,,76,Auckland,Nil,,,,,0,0,Open,0,,,Fine,Null
1806372,5425454,6489,,579803,0,0,0,0,0,South,2008/2009,WHITE ROCK ROAD,RUAKOKOPUTUNA ROAD,,Non-Injury Crash,No,2009,0,West,0,0,1,Flat,0,,0,,0,Overcast,2276103,0,0,0,2,0,0,0,0,0,,0,1,Wellington Region,Nil,2-way,Sealed,0,0,0,0,100,0,Null,1,0,,50,South Wairarapa District,Nil,0,0,0,0,0,0,Open,0,0,0,Light rain,Null
1759075,5916658,6490,,516001,0,,0,1,,Null,2008/2009,GREAT SOUTH ROAD,MARKET ROAD,,Non-Injury Crash,No,2009,,East,,0,,Flat,,,,,,Bright sun,493800,0,0,0,6,,,0,,,,,,Auckland Region,Nil,2-way,Sealed,,0,0,,50,,Null,1,0,,76,Auckland,Traffic Signals,,,,,0,0,Urban,0,,,Fine,Null
1750244,5913191,6491,,511402,0,0,0,1,0,Null,2009/2010,ASTLEY AVENUE,MARGAN AVENUE,,Non-Injury Crash,No,2009,0,East,0,0,1,Hill Road,0,,0,,0,Overcast,264700,0,0,0,4,0,0,0,0,0,,0,0,Auckland Region,Nil,2-way,Sealed,0,0,0,0,50,0,Null,0,0,,76,Auckland,Give way,0,0,0,0,0,0,Urban,0,0,0,Heavy rain,Null
1242450,4849550,6492,,611210,0,,0,1,,Null,2008/2009,SH 1S TAY STREET,SH 6,,Non-Injury Crash,Yes,2009,,South,,0,,Flat,,,,,,Overcast,3108500,0,0,0,2,,,0,,,,,,Southland Region,Nil,2-way,Sealed,,0,0,,50,,Null,1,0,,75,Invercargill City,Give way,,,,,0,0,Urban,0,,,Fine,Null
1569606,5183429,6493,,592300,0,,0,1,,Null,2009/2010,RUTLAND ST,MAYS ROAD,,Minor Crash,No,2009,,North,,0,,Flat,,,,,,Dark,2684700,1,1,0,2,,,0,,,,,,Canterbury Region,Nil,2-way,Sealed,,0,0,,50,,On,0,0,,60,Christchurch City,Give way,,,,,0,0,Urban,0,,,Fine,Null
1757318,5920225,6494,,514103,0,0,0,2,0,North,2009/2010,QUEEN ST,WELLESLEY ST WEST,,Non-Injury Crash,No,2009,0,South,0,0,0,Flat,0,Christmas New Year,0,,0,Bright sun,437101,0,0,0,2,0,0,0,0,1,,0,0,Auckland Region,Nil,2-way,Sealed,0,0,0,0,50,0,Off,0,0,,76,Auckland,Traffic Signals,0,0,0,0,0,0,Urban,0,0,0,Fine,Null
1652265,6127112,6495,,500202,0,0,0,1,0,North,2009/2010,HIHI ROAD,FOSTERS ROAD,,Non-Injury Crash,No,2009,0,North,0,0,0,Flat,0,,0,,0,Dark,5600,0,0,0,2,0,0,0,0,0,,0,0,Northland Region,Nil,2-way,Sealed,0,0,0,0,100,0,None,0,0,,1,Far North District,Nil,0,0,0,1,0,0,Open,0,0,0,Fine,Null