X,Y,OBJECTID,advisorySpeed,areaUnitID,bicycle,bridge,bus,carStationWagon,cliffBank,crashDirectionDescription,crashFinancialYear,crashLocation1,crashLocation2,crashRoadSideRoad,crashSeverity,crashSHDescription,crashYear,debris,directionRoleDescription,ditch,fatalCount,fence,flatHill,guardRail,holiday,houseOrBuilding,intersection,kerb,light,meshblockId,minorInjuryCount,moped,motorcycle,NumberOfLanes,objectThrownOrDropped,otherObject,otherVehicleType,overBank,parkedVehicle,pedestrian,phoneBoxEtc,postOrPole,region,roadCharacter,roadLane,roadSurface,roadworks,schoolBus,seriousInjuryCount,slipOrFlood,speedLimit,strayAnimal,streetLight,suv,taxi,temporarySpeedLimit,tlaId,tlaName,trafficControl,trafficIsland,trafficSign,train,tree,truck,unknownVehicleType,urban,vanOrUtility,vehicle,waterRiver,weatherA,weatherB
1755621,5918306,6496,,515500,0,,0,3,,South,2009/2010,SH 16,NEWTON OFF EBD,,Non-Injury Crash,Yes,2009,,East,,0,,Flat,,,,,,Bright sun,419300,0,0,0,4,,,0,,,,,,Auckland Region,Nil,1-way,Sealed,,0,0,,100,,Null,0,0,,76,Auckland,Unknown,,,,,0,0,Open,0,,,Fine,Null
1460754,5082624,6497,,599500,0,,0,2,,Null,2008/2009,PERTH ST,SOPHIA ST,,Non-Injury Crash,No,2009,,South,,0,,Flat,,,,,,Bright sun,2795200,0,0,0,2,,,0,,,,,,Canterbury Region,Nil,2-way,Sealed,,0,0,,50,,Null,0,0,,64,Timaru District,Stop,,,,,0,0,Urban,0,,,Fine,Null
1867344,5811513,6498,,536630,0,0,0,0,0,South,2009/2010,SH 29,MCLAREN FALLS ROAD,,Non-Injury Crash,Yes,2009,0,North,0,0,0,Flat,1,,0,,0,Overcast,1191500,0,0,0,3,0,0,1,0,0,,0,0,Bay of Plenty Region,Nil,2-way,Sealed,0,0,0,0,100,0,Null,0,0,,22,Western Bay of Plenty District,Unknown,0,0,0,0,1,0,Open,0,0,0,Light rain,Null
1929549,5604672,6499,,548200,0,,0,1,,Null,2008/2009,SOUTHAMPTON ST WEST,RAILWAY ROAD,,Non-Injury Crash,No,2009,,North,,0,,Flat,,Christmas New Year,,,,Bright sun,1489700,0,0,0,2,,,0,,,,,,Hawke's Bay Region,Nil,2-way,Sealed,,0,0,,50,,Null,0,0,,30,Hastings District,Traffic Signals,,,,,0,0,Urban,0,,,Fine,Null
1693033,5676515,6500,,551800,0,,0,1,,Null,2008/2009,SH 44,LIARDET ST,,Non-Injury Crash,Yes,2009,,West,,0,,Flat,,,,,,Dark,1593100,0,0,0,2,,,0,,,,,,Taranaki Region,Nil,2-way,Sealed,,0,0,,50,,On,0,0,,33,New Plymouth District,Traffic Signals,,,,,0,0,Urban,1,,,Fine,Null
1753836,5447217,6501,,570600,0,,1,1,,North,2008/2009,VIEW ROAD,PIKARERE ROAD,,Non-Injury Crash,No,2009,,South,,0,,Hill Road,,,,,,Bright sun,2041800,0,0,0,2,,,0,,,,,,Wellington Region,Nil,2-way,Sealed,,0,0,,50,,Null,1,0,,44,Porirua City,Nil,,,,,0,0,Urban,0,,,Fine,Null
1874804,5821745,6502,,536513,0,0,0,1,0,East,2008/2009,CASTLEWOLD DRIVE,ST ANDREWS DRIVE,,Non-Injury Crash,No,2009,0,South,0,0,1,Flat,0,,0,,0,Overcast,1190805,0,0,0,2,0,1,0,0,0,,0,0,Bay of Plenty Region,Nil,2-way,Sealed,0,0,0,0,50,0,Null,0,0,,23,Tauranga City,Unknown,0,0,0,0,0,0,Urban,0,0,0,Light rain,Null
1406663,4918387,6503,,603601,0,0,0,2,0,Null,2009/2010,QUEEN ST,REGENT ROAD,,Minor Crash,No,2009,0,South,0,0,0,Hill Road,0,,0,,0,Bright sun,2864400,1,0,0,2,0,0,0,0,1,,0,0,Otago Region,Nil,2-way,Sealed,0,0,0,0,50,0,Null,0,0,,71,Dunedin City,Give way,0,0,0,0,0,0,Urban,0,0,0,Fine,Frost
1884371,5773687,6504,,540410,0,,0,2,,West,2008/2009,SH 30A,RANOLF ST,,Non-Injury Crash,Yes,2009,,West,,0,,Flat,,,,,,Overcast,1232500,0,0,0,4,,,0,,,,,,Bay of Plenty Region,Nil,2-way,Sealed,,0,0,,60,,Off,0,0,,24,Rotorua District,Nil,,,,,0,0,Urban,0,,,Fine,Null
1749794,5935883,6505,,508701,0,0,0,1,0,East,2009/2010,ALBANY HEIGHTS ROAD,DAIRY FLAT HIGHWAY,,Non-Injury Crash,No,2009,0,North,0,0,0,Hill Road,0,,0,,0,Dark,178401,0,0,0,2,0,0,0,1,0,,0,0,Auckland Region,Nil,2-way,Sealed,0,0,0,0,70,0,None,0,0,,76,Auckland,Nil,0,0,0,1,0,0,Urban,0,0,0,Fine,Null
1772298,5870296,6506,,526701,0,0,0,0,0,West,2009/2010,TUAKAU BRIDGE-PORT WAIKAT,HIGHWAY 22,,Non-Injury Crash,No,2009,0,East,0,0,1,Flat,0,,0,,0,Overcast,844600,0,0,0,2,0,0,0,0,0,,0,0,Waikato Region,Nil,2-way,Sealed,0,0,0,0,100,0,None,1,0,,13,Waikato District,Nil,0,0,0,0,0,0,Open,0,0,0,Heavy rain,Null
1742716,5919281,6507,,513211,0,0,0,1,0,South,2009/2010,ARMADA DRIVE,EDWIN FREEMAN PLACE,,Non-Injury Crash,No,2009,0,South,0,0,1,Flat,0,,0,,0,Overcast,235717,0,0,0,2,0,0,0,0,0,,0,0,Auckland Region,Nil,2-way,Sealed,0,0,0,0,50,0,Null,0,0,,76,Auckland,Unknown,0,0,0,0,0,0,Urban,0,0,0,Light rain,Null
1754730,5915580,6508,,517702,0,0,0,2,0,Null,2008/2009,SANDRINGHAM ROAD,LAMBETH ROAD,,Non-Injury Crash,No,2009,0,North,0,0,0,Flat,0,,0,,0,Overcast,541600,0,0,0,2,0,0,0,0,0,,0,1,Auckland Region,Nil,2-way,Sealed,0,0,0,0,50,0,Off,0,0,,76,Auckland,Nil,0,0,0,0,0,0,Urban,0,0,0,Fine,Null
1750875,5947052,6509,,505806,0,0,0,1,0,North,2009/2010,HIBISCUS COAST HIGHWAY,WHANGAPARAOA ROAD,,Non-Injury Crash,No,2009,0,South,0,0,0,Flat,0,,0,,0,Dark,176516,0,0,0,2,0,0,0,0,1,,0,0,Auckland Region,Nil,2-way,Sealed,0,0,0,0,80,0,On,1,0,,76,Auckland,Nil,0,0,0,0,0,0,Open,0,0,0,Light rain,Null
1728535,5686494,6510,,550700,0,,0,1,,East,2008/2009,SH 3,MIMI ROAD,,Non-Injury Crash,Yes,2009,,South,,0,,Flat,,,,,,Bright sun,1551500,0,0,0,2,,,0,,,,,,Taranaki Region,Nil,2-way,Sealed,,0,0,,100,,Null,0,0,,33,New Plymouth District,Nil,,,,,1,0,Open,1,,,Fine,Null
1791923,5498822,6511,,564012,0,0,0,2,0,South,2009/2010,SH 1N,HOKIO BEACH ROAD,,Non-Injury Crash,Yes,2009,1,South,0,0,0,Flat,0,,0,,0,Dark,1858700,0,0,0,2,0,0,0,0,0,,0,0,Manawatū-Whanganui Region,Nil,2-way,Sealed,0,0,0,0,100,0,None,0,0,,42,Horowhenua District,Nil,0,0,0,0,0,0,Open,0,0,0,Fine,Null
1829004,5460318,6512,,578402,0,,0,0,,Null,2008/2009,MASTERTON-STRONVAR ROAD,LEES PAKARAKA ROAD,,Non-Injury Crash,No,2009,,South,,0,,Flat,,,,,,Dark,2257402,0,0,0,2,,,0,,,,,,Wellington Region,Nil,2-way,Sealed,,0,0,,100,,None,0,0,,48,Masterton District,Give way,,,,,0,0,Open,1,,,Fine,Null
1745556,5917542,6513,,510700,0,0,0,0,0,Null,2008/2009,ALDERMAN DRIVE,SEL PEACOCK DRIVE,,Non-Injury Crash,No,2009,0,North,0,0,0,Flat,0,,0,,0,Bright sun,239900,0,0,0,2,0,0,0,0,0,,0,1,Auckland Region,Nil,2-way,Sealed,0,0,0,0,50,0,Null,0,0,,76,Auckland,Give way,0,0,0,0,1,0,Urban,0,0,0,Fine,Null
1719589,6047340,6514,,502800,0,,0,2,,South,2008/2009,KAMO ROAD,WRACK ST,,Non-Injury Crash,No,2009,,North,,0,,Flat,,,,,,Twilight,95900,0,0,0,2,,,0,,,,,,Northland Region,Nil,2-way,Sealed,,0,0,,50,,Off,0,0,,2,Whangarei District,Nil,,,,,0,0,Urban,0,,,Light rain,Null
1768130,5902692,6515,,524602,0,,0,2,,North,2009/2010,GREAT SOUTH ROAD,BROWNS ROAD,,Non-Injury Crash,No,2009,,North,,0,,Flat,,,,,,Overcast,780510,0,0,0,2,,,0,,,,,,Auckland Region,Nil,2-way,Sealed,,0,0,,70,,Off,0,0,,76,Auckland,Nil,,,,,0,0,Urban,0,,,Light rain,Null
1857203,5691799,6516,,541346,0,,0,2,,East,2008/2009,SH 1N,WAITAPU ROAD,,Non-Injury Crash,Yes,2009,,North,,0,,Hill Road,,,,,,Dark,1281505,0,0,0,2,,,0,,,,,,Waikato Region,Nil,2-way,Sealed,,0,0,,100,,None,0,0,,21,Taupo District,Nil,,,,,0,0,Open,0,,,Fine,Null
1754277,5445253,6517,,570700,0,0,0,2,0,North,2008/2009,Z CPK REPCO,ACCESSWAY/SEMPLE,,Non-Injury Crash,No,2009,0,North,0,0,0,Flat,0,,0,,0,Bright sun,2037500,0,0,0,0,0,0,0,0,1,,0,0,Wellington Region,Nil,Off road,Sealed,0,0,0,0,50,0,Null,0,1,,44,Porirua City,Nil,0,0,0,0,0,0,Urban,0,0,0,Fine,Null
1823703,5530050,6518,,562600,0,0,0,1,0,Null,2008/2009,FITZROY ST,KNOWLES ST,,Non-Injury Crash,No,2009,0,West,0,0,0,Flat,0,,0,,1,Dark,1846500,0,0,0,2,0,0,0,0,0,,0,0,Manawatū-Whanganui Region,Nil,2-way,Sealed,0,0,0,0,50,0,On,0,0,,40,Palmerston North City,Nil,0,0,0,0,0,0,Urban,0,0,0,Fine,Null
1804621,5813494,6519,,530800,0,,0,1,,North,2008/2009,SH 1N,HOWELL AVENUE E,,Non-Injury Crash,Yes,2009,,North,,0,,Flat,,,,,,Overcast,883600,0,0,0,4,,,0,,,,,,Waikato Region,Nil,2-way,Sealed,,0,0,,60,,Null,0,0,,16,Hamilton City,Unknown,,,,,1,0,Urban,0,,,Light rain,Null
1768970,5911251,6520,,523112,0,,0,2,,North,2008/2009,HARRIS ROAD,CRYERS ROAD,,Non-Injury Crash,No,2009,,North,,0,,Flat,,,,,,Overcast,711404,0,0,0,2,,,0,,,,,,Auckland Region,Nil,2-way,Sealed,,0,0,,60,,Null,0,0,,76,Auckland,Unknown,,,,,0,0,Urban,0,,,Light rain,Null
1752482,5954507,6521,55,505803,0,1,0,2,0,South,2008/2009,HIBISCUS COAST HIGHWAY,WAIWERA ROAD,,Non-Injury Crash,No,2009,0,North,0,0,0,Hill Road,0,,0,,0,Twilight,170601,0,0,0,2,0,0,0,0,0,,0,0,Auckland Region,Nil,2-way,Sealed,0,0,0,0,80,0,None,0,0,,76,Auckland,Nil,0,0,0,0,0,0,Open,0,0,0,Fine,Null
1572235,5183753,6522,,592701,0,0,0,1,0,South,2008/2009,EMMETT ST,BELLBROOK CRESCENT N,,Minor Crash,No,2009,0,South,0,0,0,Flat,0,,0,,0,Overcast,2594700,1,0,0,2,0,0,0,0,0,,0,0,Canterbury Region,Nil,2-way,Sealed,0,0,0,0,50,0,Null,0,0,,60,Christchurch City,Unknown,0,0,0,1,0,0,Urban,0,0,0,Mist or Fog,Null
1749734,5913873,6523,,511303,0,,0,2,,West,2009/2010,TOTARA AVENUE,GREAT NORTH ROAD,,Non-Injury Crash,No,2009,,East,,0,,Flat,,,,,,Dark,264901,0,0,0,2,,,0,,,,,,Auckland Region,Nil,2-way,Sealed,,0,0,,50,,On,0,0,,76,Auckland,Unknown,,,,,0,0,Urban,0,,,Fine,Null
1756369,5920018,6524,,514000,0,,0,2,,Null,2008/2009,WELLINGTON ST,HOWE ST,,Non-Injury Crash,No,2009,,West,,0,,Hill Road,,,,,,Bright sun,413002,0,0,0,2,,,0,,,,,,Auckland Region,Nil,2-way,Sealed,,0,0,,50,,Off,0,0,,76,Auckland,Give way,,,,,0,0,Urban,0,,,Fine,Null
1800768,5813233,6525,,529100,0,,1,1,,North,2008/2009,PEMBROKE ST,OHAUPO ROAD,,Non-Injury Crash,No,2009,,North,,0,,Flat,,,,,,Dark,932400,0,0,0,2,,,0,,,,,,Waikato Region,Nil,2-way,Sealed,,0,0,,50,,On,0,0,,16,Hamilton City,Unknown,,,,,0,0,Urban,0,,,Fine,Null
1747064,5913842,6526,,511100,0,0,0,1,0,East,2009/2010,WEST COAST ROAD,GLENDALE ROAD,,Non-Injury Crash,No,2009,0,West,0,0,0,Hill Road,0,,0,,0,Overcast,286100,0,0,0,2,0,0,0,0,0,,0,0,Auckland Region,Nil,2-way,Sealed,0,0,0,0,50,0,Null,1,0,,76,Auckland,Nil,0,0,0,0,0,0,Urban,0,1,0,Fine,Null
1756989,5918776,6527,,514301,0,,1,1,,East,2009/2010,KHYBER PASS ROAD,SYMONDS ST,,Non-Injury Crash,No,2009,,West,,0,,Flat,,,,,,Overcast,441505,0,0,0,5,,,0,,,,,,Auckland Region,Nil,2-way,Sealed,,0,0,,50,,Off,0,0,,76,Auckland,Nil,,,,,0,0,Urban,0,,,Fine,Null
1746572,5915624,6528,,511800,0,0,0,0,1,Null,2008/2009,GREAT NORTH ROAD,VIEW ROAD,,Non-Injury Crash,No,2009,0,East,0,0,0,Flat,0,,0,,0,Overcast,276300,0,0,0,3,0,0,0,0,0,,0,0,Auckland Region,Nil,2-way,Sealed,0,0,0,0,50,0,Off,1,0,,76,Auckland,Traffic Signals,0,0,0,0,0,0,Urban,0,0,0,Light rain,Null
1741957,5910353,6529,,512902,0,0,0,0,1,East,2009/2010,SCENIC DRIVE,PIHA ROAD,,Non-Injury Crash,No,2009,0,West,0,0,0,Hill Road,0,,0,,0,Overcast,282102,0,0,0,2,0,0,0,0,0,,0,0,Auckland Region,Nil,2-way,Sealed,0,0,0,0,80,0,Null,1,0,,76,Auckland,Unknown,0,0,0,0,0,0,Open,0,0,0,Heavy rain,Null
1452377,5297947,6530,,585130,0,0,0,1,0,Null,2008/2009,TURUMAHA ST,COWPER ST,,Minor Crash,No,2009,0,North,0,0,0,Hill Road,0,,0,,0,Overcast,2409000,1,0,0,2,0,0,0,0,0,,0,1,West Coast Region,Nil,2-way,Sealed,0,0,0,0,50,0,Null,0,0,,56,Grey District,Nil,0,0,0,0,0,0,Urban,0,0,0,Light rain,Null
1772064,5913767,6531,,523102,1,,0,1,,Null,2008/2009,COOK ST,UNION ROAD,,Non-Injury Crash,No,2009,,North,,0,,Flat,,,,,,Bright sun,711025,0,0,0,4,,,0,,,,,,Auckland Region,Nil,2-way,Sealed,,0,0,,50,,Off,0,0,,76,Auckland,Give way,,,,,0,0,Urban,0,,,Fine,Null
1769750,5911274,6532,,523113,0,0,0,2,0,East,2008/2009,TI RAKAU DRIVE,HUNTINGTON DRIVE,,Non-Injury Crash,No,2009,0,West,0,0,0,Flat,0,,0,,0,Dark,711706,0,0,0,4,0,0,0,0,0,,0,0,Auckland Region,Nil,2-way,Sealed,0,0,0,0,80,0,On,0,0,,76,Auckland,Unknown,1,0,0,0,0,0,Open,0,0,0,Fine,Null
1812411,5455284,6533,,579700,0,0,0,1,0,South,2008/2009,SH 2,PEMBROKE ST,,Non-Injury Crash,Yes,2009,0,South,0,0,0,Flat,0,,0,,0,Bright sun,2259300,0,0,0,2,0,0,0,0,0,,0,0,Wellington Region,Nil,2-way,Sealed,0,0,0,0,50,0,Null,0,0,,49,Carterton District,Nil,0,1,0,1,0,0,Urban,0,0,0,Fine,Null
1751451,5935781,6534,,506300,0,0,0,1,0,West,2009/2010,ALBANY HEIGHTS ROAD,LONELY TRACK ROAD,,Non-Injury Crash,No,2009,0,West,0,0,1,Hill Road,0,,0,,0,Overcast,176101,0,0,0,2,0,0,0,0,0,,0,0,Auckland Region,Nil,2-way,Sealed,0,0,0,0,70,0,Off,0,0,,76,Auckland,Nil,0,0,0,1,0,0,Urban,0,0,0,Light rain,Null
1790712,5838796,6535,,527402,0,,0,2,,Null,2009/2010,SH 1N,TREGOWETH LANE,,Non-Injury Crash,Yes,2009,,South,,0,,Flat,,,,,,Overcast,947300,0,0,0,2,,,0,,,,,,Waikato Region,Nil,2-way,Sealed,,0,0,,70,,Null,0,0,,13,Waikato District,Traffic Signals,,,,,0,0,Urban,0,,,Light rain,Null
1760058,5432044,6536,,568800,0,0,0,0,0,North,2008/2009,SEAVIEW ROAD,PORT RAOD,,Non-Injury Crash,No,2009,0,North,0,0,0,Flat,0,,0,,0,Overcast,1980300,0,0,0,2,0,0,0,0,0,,1,0,Wellington Region,Nil,2-way,Sealed,0,0,0,0,70,0,Null,0,0,,46,Lower Hutt City,Nil,0,0,0,0,0,0,Urban,1,0,0,Fine,Null
1877908,5821361,6537,,538102,0,,0,2,,North,2009/2010,FRASER ST,ESTUARY WAY,,Non-Injury Crash,No,2009,,North,,0,,Hill Road,,,,,,Overcast,1170100,0,0,0,3,,,0,,,,,,Bay of Plenty Region,Nil,2-way,Sealed,,0,0,,50,,Null,0,0,,23,Tauranga City,Unknown,,,,,0,0,Urban,0,,,Fine,Null
1717358,6052342,6538,,502001,0,0,0,1,0,North,2009/2010,SH 1N GREAT NORTH ROAD,GREAT NORTH ROAD,,Non-Injury Crash,Yes,2009,0,South,0,0,1,Flat,1,,0,,0,Dark,63704,0,0,0,2,0,1,0,0,0,,0,0,Northland Region,Nil,2-way,Sealed,0,0,0,0,60,0,On,0,0,,2,Whangarei District,Nil,1,0,0,0,0,0,Urban,0,0,0,Fine,Null
1748771,5936518,6539,65,506653,0,0,0,1,0,North,2008/2009,DAIRY FLAT HIGHWAY,FOLEY QUARRY ROAD,,Non-Injury Crash,No,2009,0,South,0,0,0,Flat,1,,0,,0,Overcast,217208,0,0,0,3,0,0,0,0,0,,0,0,Auckland Region,Nil,2-way,Sealed,0,0,0,0,100,0,None,0,0,,76,Auckland,Nil,0,0,0,0,0,0,Open,0,0,0,Light rain,Null
1769654,5911310,6540,,523113,0,,0,2,,Null,2008/2009,TI RAKAU DRIVE,AMERA PLACE,,Non-Injury Crash,No,2009,,West,,0,,Flat,,,,,,Bright sun,711704,0,0,0,2,,,0,,,,,,Auckland Region,Nil,2-way,Sealed,,0,0,,70,,Off,0,0,,76,Auckland,Nil,,,,,0,0,Urban,0,,,Fine,Null
1823261,5828510,6541,,534901,0,0,0,1,0,South,2008/2009,ANZAC AVENUE,THORPE ST,,Non-Injury Crash,No,2009,0,South,0,0,0,Flat,0,,0,,1,Dark,1088600,0,0,0,2,0,0,0,0,0,,0,0,Waikato Region,Nil,2-way,Sealed,0,0,0,0,50,0,On,0,0,,15,Matamata-Piako District,Unknown,0,0,0,0,0,0,Urban,0,0,0,Fine,Null
1823805,5490233,6542,,578200,0,0,0,1,0,North,2008/2009,SH 2,MT BRUCE ENT,,Non-Injury Crash,Yes,2009,0,North,0,0,0,Flat,0,Easter,0,,0,Dark,2229001,0,0,0,2,0,0,0,0,0,,0,0,Manawatū-Whanganui Region,Nil,2-way,Sealed,0,0,0,0,100,0,None,0,0,,41,Tararua District,Nil,0,0,0,0,0,0,Open,0,0,0,Fine,Null
1756769,5919891,6543,,514102,0,,0,2,,North,2009/2010,HOBSON ST,PITT ST,,Non-Injury Crash,No,2009,,South,,0,,Flat,,,,,,Dark,434802,0,0,0,5,,,0,,,,,,Auckland Region,Nil,1-way,Sealed,,0,0,,50,,On,0,0,,76,Auckland,Traffic Signals,,,,,0,0,Urban,0,,,Fine,Null
1879253,5825400,6544,,538202,0,,0,0,,Null,2008/2009,SH 2A TAKITIMU,CHAPEL ST,,Non-Injury Crash,Yes,2009,,East,,0,,Flat,,,,,,Bright sun,1163002,0,0,0,2,,,0,,,,,,Bay of Plenty Region,Nil,2-way,Sealed,,0,0,,50,,Off,1,0,,23,Tauranga City,Traffic Signals,,,,,0,0,Urban,1,,,Fine,Null
1759379,5916512,6545,,516001,0,,0,1,,South,2009/2010,SH 1N,MARKET OBR,,Non-Injury Crash,Yes,2009,,North,,0,,Flat,,,,,,Overcast,491700,0,0,0,4,,,0,,,,,,Auckland Region,Nil,1-way,Sealed,,0,0,,100,,Off,0,0,,76,Auckland,Nil,,,,,1,0,Open,0,,,Fine,Null
1728399,5941167,6546,,506644,0,0,0,1,0,North,2008/2009,PARKHURST ROAD,SH 16,,Non-Injury Crash,No,2009,0,North,0,0,0,Flat,0,,0,,0,Overcast,211005,0,0,0,2,0,0,0,0,0,,0,0,Auckland Region,Nil,2-way,Sealed,0,0,0,0,80,0,Null,0,0,,76,Auckland,Unknown,0,1,0,0,0,0,Open,0,0,0,Fine,Null
1803725,5790009,6547,,531002,0,,0,2,,South,2008/2009,BANK ST,ROCHE ST,,Non-Injury Crash,No,2009,,South,,0,,Flat,,,,,,Dark,971900,0,0,0,2,,,0,,,,,,Waikato Region,Nil,2-way,Sealed,,0,0,,50,,On,0,0,,17,Waipa District,Unknown,,,,,0,0,Urban,0,,,Fine,Null
1769327,5907459,6548,,523712,0,,0,2,,Null,2008/2009,TE IRIRANGI DRIVE,ORMISTON ROAD,,Non-Injury Crash,No,2009,,South,,0,,Flat,,,,,,Bright sun,712803,0,0,0,3,,,0,,,,,,Auckland Region,Nil,2-way,Sealed,,0,0,,80,,Off,0,0,,76,Auckland,Traffic Signals,,,,,0,0,Open,0,,,Fine,Null
1783164,5926240,6549,,520801,0,0,0,1,0,North,2009/2010,SEA VIEW ROAD,OSTEND ROAD,,Non-Injury Crash,No,2009,0,North,0,0,0,Hill Road,0,,0,,0,Dark,515401,0,0,0,1,0,0,0,1,0,,0,0,Auckland Region,Nil,2-way,Sealed,0,0,0,0,50,0,None,0,0,,76,Auckland,Unknown,0,0,0,1,0,0,Urban,0,0,0,Mist or Fog,Null
1760230,5449109,6550,,565601,0,0,0,1,0,West,2009/2010,GRAYS ROAD,PAEKAKARIKI HILL ROAD,,Non-Injury Crash,No,2009,0,East,0,0,1,Flat,0,,0,,0,Dark,2072000,0,0,0,2,0,0,0,0,0,,0,0,Wellington Region,Nil,2-way,Sealed,0,0,0,0,80,0,None,0,0,,44,Porirua City,Nil,0,0,0,0,0,0,Open,0,0,0,Fine,Null
1752750,5916460,6551,,517901,0,0,0,2,0,South,2009/2010,NEW NORTH ROAD,MOUNT ALBERT ROAD,,Non-Injury Crash,No,2009,0,South,0,0,0,Hill Road,0,,0,,0,Bright sun,524800,0,0,0,3,0,0,0,0,1,,0,0,Auckland Region,Nil,2-way,Sealed,0,0,0,0,50,0,Off,0,0,,76,Auckland,Nil,0,0,0,0,0,0,Urban,0,0,0,Fine,Null
1926218,5606304,6552,,545761,0,,0,0,,Null,2009/2010,YORK ROAD,SH 50A,,Non-Injury Crash,Yes,2009,,North,,0,,Flat,,,,,,Bright sun,1469905,0,0,0,2,,,0,,,,,,Hawke's Bay Region,Nil,2-way,Sealed,,0,0,,50,,Null,0,0,,30,Hastings District,Give way,,,,,0,0,Urban,2,,,Fine,Null
1871255,5716151,6553,,541312,0,,0,1,,East,2008/2009,ARATIATIA ROAD,RAKAUNUI ROAD,,Non-Injury Crash,No,2009,,West,,0,,Flat,,,,,,Bright sun,1279801,0,0,0,2,,,0,,,,,,Waikato Region,Nil,2-way,Sealed,,0,0,,50,,Off,0,0,,21,Taupo District,Nil,,,,,1,0,Urban,0,,,Fine,Null
1801284,5815682,6554,,530100,0,1,0,1,0,North,2008/2009,RIVER ROAD,TE AROHA ST,,Non-Injury Crash,No,2009,0,North,0,0,0,Flat,0,,0,,0,Dark,894400,0,0,0,2,0,0,0,0,0,,0,0,Waikato Region,Bridge,2-way,Sealed,0,0,0,0,50,0,On,0,0,,16,Hamilton City,Unknown,0,0,0,0,0,0,Urban,0,0,0,Fine,Null
1748990,5426224,6555,,576500,1,,0,1,,North,2008/2009,ADELAIDE ROAD,ALFRED ST,,Minor Crash,No,2009,,North,,0,,Flat,,,,,,Overcast,2148000,1,0,0,3,,,0,,,,,,Wellington Region,Nil,2-way,Sealed,,0,0,,50,,Null,0,0,,47,Wellington City,Nil,,,,,0,0,Urban,0,,,Fine,Null
1749141,5913903,6556,,511302,0,,0,1,,West,2009/2010,GREAT NORTH ROAD,NIKAU ST,,Non-Injury Crash,No,2009,,West,,0,,Flat,,,,,,Overcast,268900,0,0,0,4,,,0,,,,,,Auckland Region,Nil,2-way,Sealed,,0,0,,50,,Off,1,0,,76,Auckland,Nil,,,,,0,0,Urban,0,,,Mist or Fog,Null
1746834,5922989,6557,,512202,0,0,0,2,0,North,2009/2010,TE ATATU ROAD,TAWA ROAD,,Non-Injury Crash,No,2009,0,East,0,0,0,Flat,0,,0,,0,Dark,245100,0,0,0,2,0,0,0,0,1,,0,0,Auckland Region,Nil,2-way,Sealed,0,0,0,0,50,0,On,0,0,,76,Auckland,Nil,0,0,0,0,0,0,Urban,0,0,0,Light rain,Null
1745310,5919852,6558,,513301,0,,0,1,,North,2009/2010,LINCOLN ROAD,UNIVERSAL DRIVE,,Non-Injury Crash,No,2009,,North,,0,,Flat,,,,,,Overcast,230401,0,0,0,4,,,0,,,,,,Auckland Region,Nil,2-way,Sealed,,0,0,,50,,Off,1,0,,76,Auckland,Nil,,,,,0,0,Urban,0,,,Fine,Null
1800064,5816114,6559,,529700,0,,0,2,,Null,2008/2009,MILL ST,WILLOUGHBY ST,,Non-Injury Crash,No,2009,,South,,0,,Flat,,,,,,Dark,909500,0,0,0,4,,,0,,,,,,Waikato Region,Nil,2-way,Sealed,,0,0,,50,,On,0,0,,16,Hamilton City,Traffic Signals,,,,,0,0,Urban,0,,,Fine,Null
1691108,6004983,6560,,505010,0,0,0,0,0,North,2009/2010,DUNN ROAD,SILICH ROAD,,Non-Injury Crash,No,2009,0,South,0,0,0,Flat,0,,0,,0,Dark,126400,0,0,0,2,0,0,0,0,0,,0,0,Northland Region,Nil,2-way,Sealed,0,0,0,0,100,0,None,0,0,,3,Kaipara District,Nil,0,0,0,0,0,0,Open,1,0,0,Fine,Null
1873019,5818602,6561,,536514,0,,0,1,,Null,2009/2010,SH 29,CAMBRIDGE ROAD,,Non-Injury Crash,Yes,2009,,East,,0,,Flat,,,,,,Overcast,1191203,0,0,0,3,,,0,,,,,,Bay of Plenty Region,Nil,2-way,Sealed,,0,0,,70,,Null,1,0,,23,Tauranga City,Stop,,,,,0,0,Urban,0,,,Fine,Null
1756961,5929357,6562,,507800,0,,0,2,,Null,2009/2010,EAST COAST ROAD,STANLEY AVENUE,,Non-Injury Crash,No,2009,,North,,0,,Flat,,,,,,Bright sun,308500,0,0,0,2,,,0,,,,,,Auckland Region,Nil,2-way,Sealed,,0,0,,50,,Off,0,0,,76,Auckland,Give way,,,,,0,0,Urban,0,,,Fine,Null
1765051,5905793,6563,,522202,0,,0,3,,East,2008/2009,ST GEORGE ST,KOLMAR ROAD,,Non-Injury Crash,No,2009,,East,,0,,Flat,,,,,,Bright sun,663400,0,0,0,2,,,0,,,,,,Auckland Region,Nil,2-way,Sealed,,0,0,,50,,Null,0,0,,76,Auckland,Traffic Signals,,,,,0,0,Urban,0,,,Fine,Null
1766486,5908133,6564,,523402,0,0,0,1,0,North,2008/2009,BAIRDS ROAD,ALEXANDER CRESCENT,,Non-Injury Crash,No,2009,0,West,0,0,0,Flat,0,,0,,0,Bright sun,698600,0,0,0,2,0,0,0,0,1,,0,0,Auckland Region,Nil,2-way,Sealed,0,0,0,0,50,0,Null,1,0,,76,Auckland,Unknown,0,0,0,0,0,0,Urban,0,0,0,Fine,Null