X,Y,OBJECTID,advisorySpeed,areaUnitID,bicycle,bridge,bus,carStationWagon,cliffBank,crashDirectionDescription,crashFinancialYear,crashLocation1,crashLocation2,crashRoadSideRoad,crashSeverity,crashSHDescription,crashYear,debris,directionRoleDescription,ditch,fatalCount,fence,flatHill,guardRail,holiday,houseOrBuilding,intersection,kerb,light,meshblockId,minorInjuryCount,moped,motorcycle,NumberOfLanes,objectThrownOrDropped,otherObject,otherVehicleType,overBank,parkedVehicle,pedestrian,phoneBoxEtc,postOrPole,region,roadCharacter,roadLane,roadSurface,roadworks,schoolBus,seriousInjuryCount,slipOrFlood,speedLimit,strayAnimal,streetLight,suv,taxi,temporarySpeedLimit,tlaId,tlaName,trafficControl,trafficIsland,trafficSign,train,tree,truck,unknownVehicleType,urban,vanOrUtility,vehicle,waterRiver,weatherA,weatherB
1692659,5676049,6565,,551800,0,,0,0,,West,2009/2010,SH 45 POWDERHAM,ROBE ST,,Minor Crash,Yes,2009,,East,,0,,Flat,,,,,,Bright sun,1591500,2,1,0,2,,,0,,,1,,,Taranaki Region,Nil,2-way,Sealed,,0,0,,50,,Null,0,0,,33,New Plymouth District,Nil,,,,,0,0,Urban,0,,,Fine,Null
1756200,5913926,6566,,518500,0,,0,3,,Null,2008/2009,HENSHAW AVENUE,SMALLFIELD AVENUE,,Non-Injury Crash,No,2009,,West,,0,,Flat,,,,,,Twilight,563500,0,0,0,2,,,0,,,,,,Auckland Region,Nil,2-way,Sealed,,0,0,,50,,Off,0,0,,76,Auckland,Nil,,,,,0,0,Urban,0,,,Fine,Null
1757289,5445969,6567,,571600,0,,0,0,,Null,2009/2010,WARSPITE AVENUE,CADUCEUS PLACE,,Non-Injury Crash,No,2009,,West,,0,,Hill Road,,,,,,Bright sun,2057501,0,0,0,2,,,0,,,,,,Wellington Region,Nil,2-way,Sealed,,0,0,,50,,Null,0,0,,44,Porirua City,Nil,,,,,1,0,Urban,1,,,Fine,Null
1757379,5434538,6568,,570000,0,0,0,2,0,South,2009/2010,RICHMOND ST,JACKSON ST,,Non-Injury Crash,No,2009,0,South,0,0,0,Flat,0,,0,,0,Bright sun,2027900,0,0,0,2,0,0,0,0,0,,0,0,Wellington Region,Nil,2-way,Sealed,0,0,0,0,50,0,Null,0,0,,46,Lower Hutt City,Nil,0,0,0,0,0,0,Urban,0,1,0,Fine,Strong wind
1878788,5822810,6569,,538201,0,,0,2,,Null,2009/2010,ELEVENTH AVENUE,DEVONPORT ROAD,,Non-Injury Crash,No,2009,,East,,0,,Flat,,,,,,Dark,1166703,0,0,0,2,,,0,,,,,,Bay of Plenty Region,Nil,2-way,Sealed,,0,0,,50,,On,0,0,,23,Tauranga City,Give way,,,,,0,0,Urban,0,,,Fine,Null
1763446,5913908,6570,,520303,0,,0,1,,Null,2008/2009,PENROSE ROAD,BARRACK ROAD,,Non-Injury Crash,No,2009,,East,,0,,Hill Road,,,,,,Bright sun,627300,0,0,0,4,,,0,,,,,,Auckland Region,Nil,2-way,Sealed,,0,0,,50,,Off,0,0,,76,Auckland,Traffic Signals,,,,,1,0,Urban,0,,,Fine,Null
1770922,5443046,6571,,564520,0,,0,1,,Null,2009/2010,FREYBERG ROAD,MESSINES AVENUE,,Minor Crash,No,2009,,North,,0,,Flat,,,,,,Overcast,1900300,1,0,0,2,,,0,,,,,,Wellington Region,Nil,2-way,Sealed,,0,0,,50,,Null,0,0,,45,Upper Hutt City,Give way,,,,,0,0,Urban,1,,,Light rain,Null
1798979,5815185,6572,,528900,0,,0,1,,Null,2009/2010,SH 1N,MASSEY HALL OVERBRIDGE,,Non-Injury Crash,Yes,2009,,East,,0,,Flat,,,,,,Overcast,915600,0,0,0,4,,,0,,,,,,Waikato Region,Nil,2-way,Sealed,,0,0,,60,,Off,0,0,,16,Hamilton City,Traffic Signals,,,,,0,0,Urban,1,,,Light rain,Null
1767776,5904283,6573,,524602,0,,0,1,,Null,2009/2010,REDOUBT ROAD,GREAT SOUTH ROAD,,Non-Injury Crash,No,2009,,West,,0,,Flat,,,,,,Dark,780501,0,0,0,6,,,0,,,,,,Auckland Region,Nil,2-way,Sealed,,0,0,,50,,On,0,0,,76,Auckland,Traffic Signals,,,,,1,0,Urban,0,,,Fine,Null
1755397,5928939,6574,,508320,0,,0,1,,South,2008/2009,WAIRAU ROAD,TRISTRAM AVENUE,,Non-Injury Crash,No,2009,,South,,0,,Flat,,,,,,Overcast,198600,0,0,0,4,,,0,,,,,,Auckland Region,Nil,2-way,Sealed,,0,0,,50,,Off,0,0,,76,Auckland,Nil,,,,,1,0,Urban,0,,,Fine,Null
1932202,5603281,6575,,545721,0,0,0,1,0,Null,2009/2010,ADA ST,ST GEORGES ROAD,,Non-Injury Crash,No,2009,0,South,0,0,1,Flat,0,,0,,0,Bright sun,1472801,0,0,0,2,0,0,0,0,0,,0,0,Hawke's Bay Region,Nil,2-way,Sealed,0,0,0,0,80,0,Null,0,0,,30,Hastings District,Stop,0,0,0,0,0,0,Open,0,0,0,Fine,Null
1404713,4916200,6576,,604120,0,0,0,2,0,Null,2008/2009,HAWTHORN AVENUE,PARKHILL AVENUE,,Non-Injury Crash,No,2009,0,West,0,0,0,Hill Road,0,,0,,0,Dark,2922300,0,0,0,2,0,0,0,0,1,,0,0,Otago Region,Nil,2-way,Sealed,0,0,0,0,50,0,On,0,0,,71,Dunedin City,Nil,0,0,0,0,0,0,Urban,0,0,0,Fine,Null
1755656,5916019,6577,,518301,0,,0,2,,North,2009/2010,DOMINION ROAD,HALSTON ROAD,,Non-Injury Crash,No,2009,,North,,0,,Flat,,,,,,Overcast,553700,0,0,0,4,,,0,,,,,,Auckland Region,Nil,2-way,Sealed,,0,0,,50,,Null,0,0,,76,Auckland,Stop,,,,,0,0,Urban,0,,,Fine,Null
1755613,5924637,6578,,509800,0,,0,0,,Null,2009/2010,ONEWA ROAD,QUEEN ST,,Non-Injury Crash,No,2009,,West,,0,,Flat,,,,,,Dark,360300,0,0,0,5,,,0,,,,,,Auckland Region,Nil,2-way,Sealed,,0,0,,50,,On,2,0,,76,Auckland,Traffic Signals,,,,,0,0,Urban,0,,,Fine,Null
1766904,5907645,6579,,523602,0,,0,2,,Null,2009/2010,EAST TAMAKI ROAD,BAIRDS ROAD,,Non-Injury Crash,No,2009,,West,,0,,Flat,,,,,,Dark,709300,0,0,0,6,,,0,,,,,,Auckland Region,Nil,2-way,Sealed,,0,0,,50,,On,0,0,,76,Auckland,Traffic Signals,,,,,0,0,Urban,0,,,Light rain,Null
1768624,5909749,6580,20,523112,0,,0,1,,Null,2008/2009,SMALES ROAD,SPRINGS ROAD,,Non-Injury Crash,No,2009,,North,,0,,Flat,,,,,,Bright sun,711600,0,0,0,2,,,0,,,,,,Auckland Region,Nil,2-way,Sealed,,0,0,,50,,Null,0,0,,76,Auckland,Traffic Signals,,,,,1,0,Urban,0,,,Fine,Null
1758964,5917076,6581,,516001,0,0,0,1,0,North,2009/2010,SH 1N,MARKET OBR,,Non-Injury Crash,Yes,2009,0,South,0,0,0,Flat,0,,0,,1,Dark,491200,0,0,0,3,0,0,0,0,0,,0,0,Auckland Region,Bridge,1-way,Sealed,0,0,0,0,100,0,On,0,0,,76,Auckland,Unknown,0,0,0,0,0,0,Open,0,0,0,Fine,Null
1826993,5675667,6582,,532601,0,0,0,1,0,East,2008/2009,SH 47,SH 46,,Non-Injury Crash,Yes,2009,0,East,1,0,0,Flat,0,,0,,0,Overcast,1029001,0,0,0,2,0,0,0,1,0,,0,0,Manawatū-Whanganui Region,Nil,2-way,Sealed,0,0,0,0,100,0,Null,0,0,,36,Ruapehu District,Unknown,0,0,0,0,0,0,Open,0,0,0,Fine,Null
1764615,5439917,6583,,568201,0,0,0,1,0,North,2008/2009,HIGH ST,BIDDLE CRESCENT,,Non-Injury Crash,No,2009,0,North,0,0,0,Flat,0,,0,,0,Overcast,1935600,0,0,0,2,0,0,0,0,1,,0,0,Wellington Region,Nil,2-way,Sealed,0,0,0,0,50,0,Null,0,0,,46,Lower Hutt City,Nil,0,0,0,0,0,0,Urban,1,0,0,Fine,Null
1812514,5455418,6584,,579700,0,,0,1,,Null,2008/2009,SH 2,HOLLOWAY ST,,Non-Injury Crash,Yes,2009,,North,,0,,Flat,,,,,,Bright sun,2259100,0,0,0,2,,,0,,,,,,Wellington Region,Nil,2-way,Sealed,,0,0,,50,,Null,0,0,,49,Carterton District,Give way,,,,,0,0,Urban,1,,,Fine,Null
1190716,4955151,6585,,612714,0,,0,0,,West,2009/2010,RAMPARTS ROAD,SH 94,,Minor Crash,No,2009,,West,,0,,Hill Road,,,,,,Bright sun,3172000,1,0,0,1,,,0,,,,,,Southland Region,Nil,2-way,Unsealed,,0,0,,100,,Null,1,0,,73,Southland District,Unknown,,,,,0,0,Open,0,,,Fine,Strong wind
1758959,5917083,6586,,516001,0,,0,7,,North,2008/2009,SH 1N,MARKET OFF SBD,,Non-Injury Crash,Yes,2009,,South,,0,,Flat,,,,,,Bright sun,491200,0,0,0,4,,,0,,,,,,Auckland Region,Nil,1-way,Sealed,,0,0,,100,,Off,0,0,,76,Auckland,Nil,,,,,0,0,Open,0,,,Fine,Null
1757357,5453006,6587,,571800,0,0,0,0,0,West,2008/2009,AIRLIE ROAD,SH 1N,,Non-Injury Crash,No,2009,0,West,1,0,0,Hill Road,0,,0,,0,Dark,2066001,0,0,0,2,0,0,0,0,0,,0,0,Wellington Region,Nil,2-way,Sealed,0,0,0,0,50,0,None,0,0,,44,Porirua City,Nil,0,0,0,0,0,0,Urban,1,0,0,Fine,Null
1766277,5899749,6588,,524822,0,,0,1,,West,2008/2009,PALMERS ROAD,ROSCOMMON ROAD,,Non-Injury Crash,No,2009,,East,,0,,Flat,,,,,,Bright sun,774431,0,0,0,1,,,0,,,,,,Auckland Region,Nil,2-way,Sealed,,0,0,,50,,Null,0,0,,76,Auckland,Give way,,,,,0,0,Urban,1,,,Fine,Null
1755316,5807975,6589,,526602,0,0,0,0,0,North,2009/2010,WHAANGA ROAD,SWANN ACCESS ROAD,,Non-Injury Crash,No,2009,0,North,0,0,0,Flat,0,,0,,0,Dark,861502,0,0,0,2,0,1,0,0,0,,0,0,Waikato Region,Nil,2-way,Unsealed,0,0,0,0,100,0,None,0,0,,13,Waikato District,Nil,0,0,0,0,0,0,Open,1,0,0,Heavy rain,Strong wind
1930272,5604105,6590,,548300,0,,0,1,,Null,2009/2010,RIVERSLEA ROAD SOUTH,DUFFERIN ST,,Non-Injury Crash,No,2009,,West,,0,,Flat,,,,,,Dark,1501600,0,0,0,2,,,0,,,,,,Hawke's Bay Region,Nil,2-way,Sealed,,0,0,,50,,On,0,0,,30,Hastings District,Nil,,,,,0,0,Urban,1,,,Light rain,Null
1761176,5457746,6591,,565700,0,0,0,1,0,South,2009/2010,SH 1N,AMES ST,,Non-Injury Crash,Yes,2009,0,North,0,0,0,Flat,1,,0,,0,Dark,2072101,0,0,0,2,0,0,0,0,0,,0,0,Wellington Region,Nil,2-way,Sealed,0,0,0,0,50,0,On,0,0,,44,Porirua City,Nil,0,0,0,0,0,0,Urban,0,0,0,Fine,Null
1762366,5918914,6592,,516400,0,,0,3,,East,2008/2009,KEPA ROAD,NEHU ST,,Non-Injury Crash,No,2009,,East,,0,,Hill Road,,,,,,Overcast,497800,0,0,0,2,,,0,,,,,,Auckland Region,Nil,2-way,Sealed,,0,0,,50,,Off,0,0,,76,Auckland,Nil,,,,,0,0,Urban,0,,,Fine,Null
1757222,5919395,6593,,514301,0,,0,2,,North,2009/2010,SYMONDS ST,GRAFTON BRIDGE,,Non-Injury Crash,No,2009,,South,,0,,Flat,,,,,,Bright sun,440904,0,0,0,4,,,0,,,,,,Auckland Region,Nil,2-way,Sealed,,0,0,,50,,Null,0,0,,76,Auckland,Nil,,,,,0,0,Urban,0,,,Fine,Null
1760350,5885015,6594,,521121,0,,0,1,,Null,2009/2010,GLENBROOK ROAD,KINGSEAT ROAD,,Non-Injury Crash,No,2009,,North,,0,,Flat,,,,,,Bright sun,811200,0,0,0,2,,,0,,,,,,Auckland Region,Nil,2-way,Sealed,,0,0,,100,,Off,0,0,,76,Auckland,Stop,,,,,0,0,Open,1,,,Fine,Null
1744577,5919270,6595,,513302,0,,0,2,,East,2009/2010,POMARIA ROAD,RATHGAR ROAD,,Non-Injury Crash,No,2009,,West,,0,,Flat,,,,,,Overcast,232600,0,0,0,2,,,0,,,,,,Auckland Region,Nil,2-way,Sealed,,0,0,,50,,Off,0,0,,76,Auckland,Stop,,,,,0,0,Urban,0,,,Fine,Null
1727387,6048378,6596,45,501817,0,0,0,1,1,Null,2009/2010,PATAUA NORTH ROAD,PARKES ROAD,,Non-Injury Crash,No,2009,0,West,0,0,0,Hill Road,0,,0,,0,Dark,73002,0,0,0,2,0,0,0,0,0,,0,0,Northland Region,Nil,2-way,Sealed,0,0,0,0,100,0,None,0,0,,2,Whangarei District,Nil,0,0,0,0,0,0,Open,0,0,0,Light rain,Null
1882684,5776860,6597,,539200,0,0,0,1,0,North,2009/2010,SH 5,KAWAHA POINT ROAD,,Non-Injury Crash,Yes,2009,0,North,1,0,0,Flat,0,,0,,0,Dark,1220501,0,0,0,2,0,0,0,0,0,,0,0,Bay of Plenty Region,Nil,2-way,Sealed,0,0,0,0,60,0,On,0,0,,24,Rotorua District,Unknown,0,0,0,0,0,0,Urban,0,0,0,Light rain,Null
1769977,5881497,6598,,525922,0,0,0,0,1,West,2008/2009,EAST ST,LEN BROWN PLACE,,Non-Injury Crash,No,2009,0,East,0,0,0,Flat,0,,0,,0,Overcast,816900,0,0,0,2,0,0,0,0,0,,0,0,Auckland Region,Nil,2-way,Sealed,0,0,0,0,50,0,None,0,0,,76,Auckland,Nil,0,0,0,0,0,0,Urban,1,0,0,Light rain,Null
1882247,5774941,6599,,539100,0,,0,2,,North,2008/2009,BROOKLAND ROAD,CLAYTON ROAD,,Non-Injury Crash,No,2009,,South,,0,,Flat,,,,,,Bright sun,1218400,0,0,0,2,,,0,,,,,,Bay of Plenty Region,Nil,2-way,Sealed,,0,0,,50,,Off,0,0,,24,Rotorua District,Nil,,,,,0,0,Urban,0,,,Fine,Null
1887973,5819747,6600,,536642,0,0,0,1,0,South,2009/2010,REID ROAD,WELCOME BAY ROAD,,Non-Injury Crash,No,2009,0,North,0,0,1,Hill Road,0,,0,,0,Bright sun,1206501,0,0,0,2,0,0,0,0,0,,0,0,Bay of Plenty Region,Nil,2-way,Sealed,0,0,0,0,100,0,Null,0,0,,22,Western Bay of Plenty District,Unknown,0,0,0,0,0,0,Open,0,0,0,Fine,Null
1757996,5927265,6601,,508010,0,0,2,0,0,South,2009/2010,LAKE ROAD,ANZAC ST,,Non-Injury Crash,No,2009,0,South,0,0,0,Flat,0,,0,,0,Overcast,327600,0,0,0,2,0,0,0,0,1,,0,0,Auckland Region,Nil,2-way,Sealed,0,0,0,0,50,0,Off,0,0,,76,Auckland,Nil,0,0,0,0,0,0,Urban,0,0,0,Fine,Null
1772429,5577840,6602,,556100,0,0,0,1,0,Null,2008/2009,FITZHERBERT AVENUE,TOTARA ST,,Non-Injury Crash,No,2009,0,North,0,0,1,Flat,0,,0,,0,Overcast,1719200,0,0,0,2,0,0,0,0,0,,0,0,Manawatū-Whanganui Region,Nil,2-way,Sealed,0,0,0,0,50,0,Null,0,0,,37,Whanganui District,Nil,0,0,0,0,0,0,Urban,0,0,0,Heavy rain,Null
1767774,5904295,6603,,524604,0,,0,2,,Null,2009/2010,MANUKAU STATION ROAD,GREAT SOUTH ROAD,,Non-Injury Crash,No,2009,,East,,0,,Flat,,,,,,Dark,780302,0,0,0,1,,,0,,,,,,Auckland Region,Nil,2-way,Sealed,,0,0,,70,,On,0,0,,76,Auckland,Give way,,,,,0,0,Urban,0,,,Fine,Null
1723475,5604129,6604,85,554400,0,0,0,1,0,South,2008/2009,SH 3,SPENCE ROAD,,Non-Injury Crash,Yes,2009,0,North,0,0,1,Hill Road,0,,0,,0,Overcast,1665200,0,0,0,2,0,0,0,0,0,,0,0,Taranaki Region,Nil,2-way,Sealed,0,0,0,0,100,0,Null,0,0,,35,South Taranaki District,Nil,0,0,0,0,0,0,Open,0,0,0,Fine,Null
1620138,5427952,6605,,583500,0,0,0,2,0,North,2009/2010,SH 6,QUARANTINE ROAD,,Non-Injury Crash,Yes,2009,0,North,0,0,0,Flat,0,,0,,0,Bright sun,2336001,0,0,0,2,0,0,0,0,1,,0,0,Nelson Region,Nil,2-way,Sealed,0,0,0,0,50,0,Null,0,0,,52,Nelson City,Nil,0,0,0,0,0,0,Urban,0,0,0,Fine,Null
1717925,6042960,6606,,503800,0,0,0,1,0,Null,2008/2009,FAIRBURN ST,CAMPBELL PLACE,,Non-Injury Crash,No,2009,0,South,0,0,1,Hill Road,0,,0,,0,Overcast,107907,0,0,0,2,0,0,0,0,0,,0,0,Northland Region,Nil,2-way,Sealed,0,0,0,0,50,0,Null,0,0,,2,Whangarei District,Stop,0,0,0,0,0,0,Urban,0,0,0,Fine,Null
1803323,5452913,6607,,579501,0,0,0,1,0,West,2008/2009,MATARAWA ROAD,MOFFATS ROAD,,Non-Injury Crash,No,2009,0,South,0,0,1,Flat,0,,0,,0,Twilight,2261300,0,0,0,2,0,0,0,0,0,,0,0,Wellington Region,Nil,2-way,Unsealed,0,0,0,0,100,0,None,0,0,,49,Carterton District,Nil,0,0,0,0,0,0,Open,0,0,0,Fine,Null
1754353,5931046,6608,,508520,0,,0,0,,South,2009/2010,SH 1N,SUNSET OBR,,Non-Injury Crash,Yes,2009,,South,,0,,Hill Road,,,,,,Dark,191105,0,0,0,2,,,0,,,,,,Auckland Region,Nil,1-way,Sealed,,0,0,,100,,On,2,0,,76,Auckland,Nil,,,,,0,0,Open,0,,,Fine,Null
1750493,5913721,6609,,511303,0,,0,2,,Null,2008/2009,PORTAGE ROAD,CLARK ST,,Non-Injury Crash,No,2009,,West,,0,,Flat,,,,,,Overcast,265300,0,0,0,2,,,0,,,,,,Auckland Region,Nil,2-way,Sealed,,0,0,,50,,Null,0,0,,76,Auckland,Nil,,,,,0,0,Urban,0,,,Heavy rain,Null
1766520,5913270,6610,,522920,0,,0,0,,Null,2009/2010,PAKURANGA ROAD,TI RAKAU DRIVE,,Non-Injury Crash,No,2009,,North,,0,,Flat,,,,,,Overcast,683900,0,0,0,3,,,0,,,,,,Auckland Region,Nil,2-way,Sealed,,0,0,,60,,Null,0,0,,76,Auckland,Traffic Signals,,,,,0,0,Urban,2,,,Light rain,Null
1672242,6081226,6611,,501700,0,0,0,1,0,Null,2008/2009,SH 12,RANKIN ST,,Non-Injury Crash,Yes,2009,0,West,0,0,0,Flat,0,,0,,0,Bright sun,41100,0,0,0,2,0,0,0,0,0,,0,1,Northland Region,Nil,2-way,Sealed,0,0,0,0,50,0,Off,0,0,,1,Far North District,Nil,0,0,0,0,0,0,Urban,0,0,0,Fine,Null
1928688,5633333,6612,,545811,0,0,0,1,0,South,2008/2009,SH 5,ELLIS WALLACE ROAD,,Non-Injury Crash,Yes,2009,0,East,1,0,0,Flat,0,,0,,0,Overcast,1414700,0,0,0,2,0,0,0,0,0,,0,0,Hawke's Bay Region,Nil,2-way,Sealed,0,0,0,0,100,0,Null,0,0,,30,Hastings District,Nil,0,0,0,0,0,0,Open,0,0,0,Light rain,Null
1759829,5436339,6613,,569100,0,,0,2,,North,2008/2009,QUEENS DRIVE,WATERLOO ROAD,,Non-Injury Crash,No,2009,,North,,0,,Flat,,,,,,Bright sun,1967800,0,0,0,2,,,0,,,,,,Wellington Region,Nil,2-way,Sealed,,0,0,,50,,Null,0,0,,46,Lower Hutt City,Give way,,,,,0,0,Urban,0,,,Fine,Null
1889507,5819846,6614,,536642,0,,0,1,,South,2009/2010,TE PUKE HIGHWAY,WELCOME BAY ROAD,,Non-Injury Crash,No,2009,,South,,0,,Flat,,,,,,Overcast,1206807,0,0,0,2,,,0,,,,,,Bay of Plenty Region,Nil,2-way,Sealed,,0,0,,100,,Null,1,0,,22,Western Bay of Plenty District,Stop,,,,,1,0,Open,0,,,Mist or Fog,Null
1876467,5819676,6615,,537601,0,,0,1,,Null,2009/2010,CHADWICK ROAD,MANSELS ROAD,,Non-Injury Crash,No,2009,,West,,0,,Flat,,,,,,Dark,1176000,0,0,1,2,,,0,,,,,,Bay of Plenty Region,Nil,2-way,Sealed,,0,0,,50,,On,0,0,,23,Tauranga City,Give way,,,,,0,0,Urban,0,,,Fine,Null
1719943,6045438,6616,,503100,0,,0,2,,North,2008/2009,REYBURN ST,HEREKINO ST,,Non-Injury Crash,No,2009,,South,,0,,Flat,,,,,,Bright sun,99904,0,0,0,2,,,0,,,,,,Northland Region,Nil,2-way,Sealed,,0,0,,50,,Off,0,0,,2,Whangarei District,Nil,,,,,0,0,Urban,0,,,Fine,Null
1848269,5856222,6617,,534200,0,,0,1,,Null,2008/2009,SH 2,CAMPBELL ROAD,,Non-Injury Crash,Yes,2009,,East,,0,,Flat,,,,,,Bright sun,1085200,0,0,0,3,,,0,,,,,,Waikato Region,Nil,2-way,Sealed,,0,0,,100,,None,0,0,,12,Hauraki District,Nil,,,,,1,0,Open,0,,,Fine,Null
1685523,6096815,6618,,501615,0,0,0,1,0,South,2009/2010,SH 10,COTTLE HILL DRIVE,,Non-Injury Crash,Yes,2009,0,South,0,0,0,Flat,0,,0,,0,Overcast,49802,0,0,0,2,0,0,0,0,0,,0,0,Northland Region,Nil,2-way,Sealed,0,0,0,0,100,0,None,0,0,,1,Far North District,Nil,0,0,0,0,0,0,Open,0,0,1,Fine,Null
1770711,5908939,6619,,523114,0,0,0,1,0,West,2009/2010,GRACECHURCH DRIVE,BAVERTON CLOSE,,Non-Injury Crash,No,2009,0,West,0,0,1,Flat,0,,0,,0,Dark,712105,0,0,0,1,0,0,0,0,0,,0,0,Auckland Region,Nil,2-way,Sealed,0,0,0,0,50,0,On,0,0,,76,Auckland,Unknown,0,0,0,0,0,0,Urban,0,0,0,Fine,Null
1807818,5517668,6620,,563802,0,0,0,1,0,South,2009/2010,SH 56,ASHLEA ROAD,,Non-Injury Crash,Yes,2009,0,West,0,0,0,Flat,0,,0,,0,Dark,1852500,0,0,0,2,0,0,0,0,0,,0,0,Manawatū-Whanganui Region,Nil,2-way,Sealed,0,0,0,0,100,0,None,0,0,,42,Horowhenua District,Nil,0,0,0,1,0,0,Open,0,0,0,Light rain,Strong wind
1928224,5605027,6621,,547900,0,0,0,1,0,South,2008/2009,OLIPHANT ROAD,FLORENCE ST,,Non-Injury Crash,No,2009,0,North,0,0,0,Flat,0,,0,,0,Bright sun,1480500,0,0,0,2,0,0,0,0,1,,0,0,Hawke's Bay Region,Nil,2-way,Sealed,0,0,0,0,50,0,Null,0,0,,30,Hastings District,Nil,0,0,0,0,0,0,Urban,1,0,0,Fine,Null
1623521,5430763,6622,,582500,0,,0,2,,Null,2008/2009,HARDY ST,RUTHERFORD ST,,Non-Injury Crash,No,2009,,East,,0,,Flat,,,,,,Bright sun,2319700,0,0,0,2,,,0,,,,,,Nelson Region,Nil,2-way,Sealed,,0,0,,50,,Null,0,0,,52,Nelson City,Traffic Signals,,,,,0,0,Urban,0,,,Fine,Null
1748229,5426784,6623,,573101,0,,0,2,,Null,2008/2009,WILLIS ST,WEBB ST,,Non-Injury Crash,No,2009,,North,,0,,Flat,,,,,,Bright sun,2132900,0,0,0,3,,,0,,,,,,Wellington Region,Nil,1-way,Sealed,,0,0,,50,,Null,0,0,,47,Wellington City,Traffic Signals,,,,,0,0,Urban,0,,,Fine,Null
1737075,5932620,6624,,506653,0,0,0,1,0,South,2009/2010,OLD NORTH ROAD,ARARIMU VALLEY ROAD,,Non-Injury Crash,No,2009,0,South,1,0,0,Flat,0,,0,,0,Overcast,217000,0,0,0,2,0,0,0,0,0,,0,0,Auckland Region,Nil,2-way,Sealed,0,0,0,0,100,0,None,0,0,,76,Auckland,Nil,0,0,0,0,0,0,Open,0,0,0,Heavy rain,Strong wind
1823049,5526777,6625,,563300,0,,0,0,,Null,2008/2009,SUMMERHILL DRIVE,RUAPEHU DRIVE,,Non-Injury Crash,No,2009,,North,,0,,Hill Road,,,,,,Twilight,1814000,0,0,0,2,,,0,,,,,,Manawatū-Whanganui Region,Nil,2-way,Sealed,,0,0,,70,,On,0,0,,40,Palmerston North City,Give way,,,,,0,0,Urban,1,,,Fine,Null
1756939,5943592,6626,,505902,0,0,0,2,0,East,2009/2010,WHANGAPARAOA ROAD,LADIES MILE,,Non-Injury Crash,No,2009,0,West,0,0,0,Flat,0,,0,,0,Bright sun,174608,0,0,0,2,0,0,0,0,1,,0,0,Auckland Region,Nil,2-way,Sealed,0,0,0,0,50,0,Off,0,0,,76,Auckland,Nil,0,0,0,0,0,0,Urban,0,0,0,Fine,Null
1843058,5792236,6627,,535250,0,,0,2,,Null,2009/2010,SH 1N,SH 5,,Non-Injury Crash,Yes,2009,,South,,0,,Flat,,,,,,Overcast,1127300,0,0,0,2,,,0,,,,,,Waikato Region,Nil,2-way,Sealed,,0,0,,100,,Null,0,0,,19,South Waikato District,Stop,,,,,0,0,Open,0,,,Fine,Null
1750883,5915570,6628,,514802,0,,0,2,,East,2008/2009,ROSEBANK ROAD,ASH ST,,Non-Injury Crash,No,2009,,East,,0,,Flat,,,,,,Bright sun,387002,0,0,0,2,,,0,,,,,,Auckland Region,Nil,2-way,Sealed,,0,0,,50,,Off,0,0,,76,Auckland,Nil,,,,,0,0,Urban,0,,,Fine,Null
1749145,5426314,6629,,573300,0,,1,0,,South,2008/2009,SH 1N DUFFERIN,PATERSON ST,,Non-Injury Crash,Yes,2009,,South,,0,,Flat,,,,,,Dark,2145602,0,0,0,2,,,0,,,,,,Wellington Region,Nil,2-way,Sealed,,0,0,,50,,On,1,0,,47,Wellington City,Nil,,,,,0,0,Urban,0,,,Fine,Null
2038276,5708528,6630,,544701,0,0,0,1,0,Null,2008/2009,HARRIS ST,HURAHURA ROAD,,Non-Injury Crash,No,2009,0,East,0,0,0,Flat,0,,0,,0,Bright sun,1382000,0,0,0,2,0,0,0,0,0,,0,0,Gisborne Region,Nil,2-way,Sealed,0,0,0,0,50,0,Null,0,0,,28,Gisborne District,Nil,0,0,0,1,0,0,Urban,0,0,0,Fine,Null
1930212,5604371,6631,,548200,0,,0,2,,Null,2009/2010,HERETAUNGA ST EAST,WILLOWPARK ROAD,,Non-Injury Crash,No,2009,,North,,0,,Flat,,,,,,Bright sun,1493800,0,0,0,2,,,0,,,,,,Hawke's Bay Region,Nil,2-way,Sealed,,0,0,,50,,Null,0,0,,30,Hastings District,Give way,,,,,0,0,Urban,0,,,Fine,Null
1882759,5774034,6632,,539600,0,,0,2,,East,2008/2009,SUNSET ROAD,FORD ROAD,,Non-Injury Crash,No,2009,,West,,0,,Flat,,,,,,Bright sun,1227800,0,0,0,2,,,0,,,,,,Bay of Plenty Region,Nil,2-way,Sealed,,0,0,,50,,Null,0,0,,24,Rotorua District,School Patrol/warden,,,,,0,0,Urban,1,,,Fine,Null
1761514,5915659,6633,,520201,0,0,0,2,0,South,2008/2009,LADIES MILE,UMERE CRESCENT,,Non-Injury Crash,No,2009,0,South,0,0,0,Flat,0,,0,,0,Dark,609700,0,0,0,2,0,0,0,0,1,,0,1,Auckland Region,Nil,2-way,Sealed,0,0,0,0,50,0,On,0,0,,76,Auckland,Nil,0,0,0,0,0,0,Urban,0,0,0,Fine,Null
1756496,5924643,6634,,509702,0,,0,2,,South,2009/2010,SH 1N,ONEWA ON NBD,,Non-Injury Crash,Yes,2009,,North,,0,,Flat,,,,,,Bright sun,366700,0,0,0,4,,,0,,,,,,Auckland Region,Nil,1-way,Sealed,,0,0,,100,,Off,0,0,,76,Auckland,Nil,,,,,0,0,Open,0,,,Fine,Null