X,Y,OBJECTID,advisorySpeed,areaUnitID,bicycle,bridge,bus,carStationWagon,cliffBank,crashDirectionDescription,crashFinancialYear,crashLocation1,crashLocation2,crashRoadSideRoad,crashSeverity,crashSHDescription,crashYear,debris,directionRoleDescription,ditch,fatalCount,fence,flatHill,guardRail,holiday,houseOrBuilding,intersection,kerb,light,meshblockId,minorInjuryCount,moped,motorcycle,NumberOfLanes,objectThrownOrDropped,otherObject,otherVehicleType,overBank,parkedVehicle,pedestrian,phoneBoxEtc,postOrPole,region,roadCharacter,roadLane,roadSurface,roadworks,schoolBus,seriousInjuryCount,slipOrFlood,speedLimit,strayAnimal,streetLight,suv,taxi,temporarySpeedLimit,tlaId,tlaName,trafficControl,trafficIsland,trafficSign,train,tree,truck,unknownVehicleType,urban,vanOrUtility,vehicle,waterRiver,weatherA,weatherB
2063207,5782676,6635,,543301,0,0,0,1,1,North,2008/2009,SH 35,KOPUAROA ROAD,,Non-Injury Crash,Yes,2009,0,North,0,0,0,Flat,0,,0,,0,Overcast,1349100,0,0,0,2,0,0,0,0,0,,0,0,Gisborne Region,Nil,2-way,Sealed,0,0,0,0,100,0,Null,0,0,,28,Gisborne District,Nil,0,0,0,0,0,0,Open,0,0,0,Fine,Null
1930271,5615816,6636,,547300,0,,0,2,,Null,2009/2010,GLOUCESTER ST,ODOWD ROAD,,Minor Crash,No,2009,,North,,0,,Flat,,,,,,Overcast,1461603,1,0,0,2,,,0,,,,,,Hawke's Bay Region,Nil,2-way,Sealed,,0,0,,50,,Null,0,0,,31,Napier City,Give way,,,,,0,0,Urban,0,,,Light rain,Null
1686947,6095209,6637,,501633,0,0,0,1,1,North,2009/2010,SH 10,WAKELIN ROAD,,Non-Injury Crash,Yes,2009,0,North,0,0,0,Hill Road,0,,0,,0,Overcast,34302,0,0,0,3,0,0,0,0,0,,0,0,Northland Region,Nil,2-way,Sealed,0,0,0,0,100,0,Null,0,0,,1,Far North District,Unknown,0,0,0,0,0,0,Open,0,0,0,Heavy rain,Null
1823189,5538134,6638,,560301,0,0,0,1,0,South,2009/2010,CAMPBELL ROAD,EGGLETONS ROAD,,Non-Injury Crash,No,2009,0,North,1,0,0,Flat,0,,0,,0,Overcast,1760101,0,0,0,2,0,0,0,0,0,,0,0,Manawatū-Whanganui Region,Nil,2-way,Sealed,0,0,0,0,100,0,Null,0,0,,40,Palmerston North City,Nil,0,0,0,0,0,0,Open,0,0,0,Fine,Null
1872741,5818357,6639,,536514,0,0,0,1,0,South,2008/2009,SH 29,CAMBRIDGE ROAD,,Non-Injury Crash,Yes,2009,0,South,0,0,0,Flat,0,,0,,1,Dark,1191204,0,0,0,2,0,0,0,0,0,,0,0,Bay of Plenty Region,Nil,2-way,Sealed,0,0,0,0,70,0,On,0,0,,23,Tauranga City,Unknown,0,1,0,0,0,0,Urban,0,0,0,Fine,Null
1756526,5917779,6640,,518102,0,0,0,0,0,South,2009/2010,HOROEKA AVENUE,VIEW ROAD,,Non-Injury Crash,No,2009,0,North,0,0,0,Flat,0,,0,,1,Dark,545200,0,0,1,2,0,0,0,0,0,,0,0,Auckland Region,Nil,2-way,Sealed,0,0,0,0,50,0,On,0,0,,76,Auckland,Nil,0,0,0,1,0,0,Urban,0,0,0,Fine,Null
1770154,5898407,6641,,523920,0,,0,0,,South,2008/2009,SH 1N,WALTER STREVENS OBR,,Non-Injury Crash,Yes,2009,,South,,0,,Flat,,,,,,Bright sun,768003,0,0,0,2,,,0,,,,,,Auckland Region,Nil,1-way,Sealed,,0,0,,100,,Off,1,0,,76,Auckland,Nil,,,,,0,0,Open,1,,,Fine,Null
1758274,5920198,6642,,515902,0,,0,2,,Null,2009/2010,PARNELL RISE,SH 16,,Non-Injury Crash,Yes,2009,,East,,0,,Flat,,,,,,Overcast,452300,0,0,0,3,,,0,,,,,,Auckland Region,Nil,2-way,Sealed,,0,0,,50,,Null,0,1,,76,Auckland,Traffic Signals,,,,,0,0,Urban,0,,,Light rain,Null
1571370,5180041,6643,,591700,0,,0,1,,Null,2008/2009,HEREFORD ST,HEREFORD STREET,,Minor Crash,No,2009,,West,,0,,Flat,,,,,,Dark,2658000,1,0,0,3,,,0,,,,,,Canterbury Region,Nil,1-way,Sealed,,0,0,,50,,On,1,1,,60,Christchurch City,Traffic Signals,,,,,0,0,Urban,0,,,Fine,Null
1934825,5618341,6644,,546500,0,0,0,0,0,Null,2008/2009,WATERWORTH AVENUE,DINWIDDIE AVENURE,,Non-Injury Crash,No,2009,0,South,0,0,0,Flat,0,,0,,0,Bright sun,1441200,0,0,0,2,0,0,0,0,0,,0,1,Hawke's Bay Region,Nil,2-way,Sealed,0,0,0,0,50,0,Null,0,0,,31,Napier City,Nil,0,0,0,0,1,0,Urban,0,0,0,Fine,Null
1761068,5909257,6645,,524404,0,,0,2,,Null,2008/2009,FAVONA ROAD,HARANIA AVENUE,,Non-Injury Crash,No,2009,,West,,0,,Flat,,Christmas New Year,,,,Twilight,729400,0,0,0,2,,,0,,,,,,Auckland Region,Nil,2-way,Sealed,,0,0,,50,,On,0,0,,76,Auckland,Give way,,,,,0,0,Urban,0,,,Fine,Null
1934732,5621594,6646,,546400,0,0,0,1,0,Null,2008/2009,SH 50,PANDORA ROAD,,Non-Injury Crash,Yes,2009,0,North,0,0,0,Flat,0,,0,,1,Dark,1426400,0,0,0,2,0,0,0,0,0,,0,0,Hawke's Bay Region,Nil,2-way,Sealed,0,0,0,0,50,0,On,0,0,,31,Napier City,Give way,0,0,0,1,0,0,Urban,0,0,0,Fine,Null
2037064,5708328,6647,,544600,0,0,0,2,0,West,2009/2010,CHILDERS ROAD,GREY ST,,Non-Injury Crash,No,2009,0,East,0,0,0,Flat,0,,0,,0,Bright sun,1373200,0,0,0,2,0,0,0,0,1,,0,0,Gisborne Region,Nil,2-way,Sealed,0,0,0,0,50,0,Null,0,0,,28,Gisborne District,Give way,0,0,0,0,0,0,Urban,0,0,0,Fine,Null
1754873,5444276,6648,,570900,0,,0,2,,Null,2008/2009,MUNGAVIN AVENUE,MUNGAVIN OFF SBD,,Non-Injury Crash,Yes,2009,,South,,0,,Flat,,,,,,Dark,2056604,0,0,0,2,,,0,,,,,,Wellington Region,Nil,2-way,Sealed,,0,0,,50,,On,0,0,,44,Porirua City,Give way,,,,,0,0,Urban,0,,,Fine,Null
1766878,5907872,6649,,523501,0,,0,1,,West,2009/2010,BAIRDS ROAD,HAYMAN ST,,Non-Injury Crash,No,2009,,South,,0,,Flat,,,,,,Dark,700602,0,0,0,2,,,0,,,,,,Auckland Region,Nil,2-way,Sealed,,0,0,,50,,On,0,0,,76,Auckland,Nil,,,,,0,0,Urban,0,,,Fine,Null
1786063,5892223,6650,,521132,0,0,0,1,0,North,2009/2010,HUNUA ROAD,GELLING ROAD,,Non-Injury Crash,No,2009,0,South,0,0,1,Flat,0,Christmas New Year,0,,0,Bright sun,816000,0,0,0,2,0,0,0,0,0,,0,0,Auckland Region,Nil,2-way,Sealed,0,0,0,0,100,0,Null,0,0,,76,Auckland,Unknown,0,0,0,0,0,0,Open,0,0,0,Fine,Null
1763908,5912488,6651,,520500,0,,0,1,,East,2009/2010,MT WGTN OFF NBD,MOUNT WELLINGTON HIGHWAY,,Non-Injury Crash,Yes,2009,,West,,0,,Hill Road,,,,,,Bright sun,639500,0,0,0,2,,,0,,,,,,Auckland Region,Motorway ramp,1-way,Sealed,,0,0,,50,,Off,1,0,,76,Auckland,Traffic Signals,,,,,0,0,Urban,0,,,Fine,Null
1775943,5446654,6652,,566700,0,0,0,1,0,Null,2009/2010,SH 2,FERGUSSON DRIVE,,Non-Injury Crash,Yes,2009,0,West,0,0,0,Flat,0,,0,,0,Dark,1912800,0,0,0,2,0,0,0,0,0,,0,0,Wellington Region,Nil,2-way,Sealed,0,0,0,0,50,0,On,0,0,,45,Upper Hutt City,Traffic Signals,0,0,0,1,0,0,Urban,0,0,0,Fine,Null
1881325,5819883,6653,,538303,1,,0,0,,West,2008/2009,WELCOME BAY ROAD,FORRESTER DRIVE,,Non-Injury Crash,No,2009,,West,,0,,Flat,,,,,,Bright sun,1180305,0,0,0,2,,,0,,,,,,Bay of Plenty Region,Nil,2-way,Sealed,,0,0,,50,,Null,0,0,,23,Tauranga City,Unknown,,,,,0,0,Urban,1,,,Fine,Null
1747868,5914381,6654,,511100,0,,0,2,,West,2009/2010,GREAT NORTH ROAD,BRANDON ROAD,,Non-Injury Crash,No,2009,,East,,0,,Hill Road,,,,,,Bright sun,285100,0,0,0,4,,,0,,,,,,Auckland Region,Nil,2-way,Sealed,,0,0,,50,,Off,0,0,,76,Auckland,Nil,,,,,0,0,Urban,0,,,Fine,Null
1769981,5898441,6655,,523920,0,0,0,1,0,Null,2008/2009,BRYLEE DRIVE,WALTER STREVENS DRIVE,,Non-Injury Crash,No,2009,0,South,0,0,0,Flat,0,,0,,0,Dark,767911,0,0,0,2,0,0,0,0,0,,0,0,Auckland Region,Nil,2-way,Sealed,0,0,0,0,50,0,On,0,0,,76,Auckland,Give way,1,0,0,0,0,0,Urban,0,0,0,Heavy rain,Null
1757867,5916660,6656,,515801,0,,0,2,,South,2008/2009,GILLIES AVENUE,EPSOM AVENUE,,Non-Injury Crash,No,2009,,North,,0,,Flat,,,,,,Overcast,445200,0,0,0,2,,,0,,,,,,Auckland Region,Nil,2-way,Sealed,,0,0,,50,,Null,0,0,,76,Auckland,Traffic Signals,,,,,0,0,Urban,0,,,Fine,Null
1746530,5916510,6657,,510700,0,,0,2,,Null,2009/2010,NORCROSS AVENUE,NORCROSS AVENUE S,,Non-Injury Crash,No,2009,,South,,0,,Hill Road,,,,,,Bright sun,241000,0,0,0,4,,,0,,,,,,Auckland Region,Nil,2-way,Sealed,,0,0,,50,,Off,0,0,,76,Auckland,Give way,,,,,0,0,Urban,0,,,Fine,Null
1882984,5826524,6658,,536821,0,,0,1,,Null,2008/2009,HEWLETTS ROAD,MAUNGANUI ROAD,,Non-Injury Crash,No,2009,,West,,0,,Flat,,,,,,Overcast,1204401,0,0,0,2,,,0,,,,,,Bay of Plenty Region,Nil,1-way,Sealed,,0,0,,70,,Off,0,0,,23,Tauranga City,Give way,,,,,0,0,Urban,1,,,Light rain,Null
1887562,5772404,6659,,538732,0,,0,2,,Null,2008/2009,TARAWERA ROAD,MOANA TERRACE,,Non-Injury Crash,No,2009,,West,,0,,Hill Road,,,,,,Dark,1255600,0,0,0,2,,,0,,,,,,Bay of Plenty Region,Nil,2-way,Sealed,,0,0,,70,,On,0,0,,24,Rotorua District,Give way,,,,,0,0,Urban,0,,,Fine,Null
1755203,5929482,6660,,508420,0,,0,1,,Null,2008/2009,CROFTFIELD LANE,LINK DRIVE,,Non-Injury Crash,No,2009,,North,,0,,Flat,,,,,,Bright sun,183800,0,0,0,4,,,0,,,,,,Auckland Region,Nil,2-way,Sealed,,0,0,,50,,Off,0,0,,76,Auckland,Give way,,,,,1,0,Urban,0,,,Fine,Null
1797688,5818919,6661,,528403,0,,0,2,,South,2008/2009,TE RAPA ROAD,NORTHWAY ST,,Non-Injury Crash,No,2009,,South,,0,,Flat,,,,,,Overcast,907800,0,0,0,2,,,0,,,,,,Waikato Region,Nil,1-way,Sealed,,0,0,,60,,Off,0,0,,16,Hamilton City,Nil,,,,,0,0,Urban,0,,,Light rain,Null
1890784,5812705,6662,,538501,0,0,0,1,1,South,2009/2010,NO 3 ROAD,MACLOUGHLIN DRIVE,,Non-Injury Crash,No,2009,0,South,0,0,0,Hill Road,0,,0,,0,Dark,1207400,0,0,0,2,0,0,0,0,0,,0,0,Bay of Plenty Region,Nil,2-way,Sealed,0,0,0,0,100,0,None,0,0,,22,Western Bay of Plenty District,Unknown,0,0,0,0,0,0,Open,0,0,0,Heavy rain,Null
1766904,5907658,6663,,523501,0,0,0,1,0,Null,2008/2009,EAST TAMAKI ROAD,BAIRDS ROAD,,Non-Injury Crash,No,2009,0,East,0,0,0,Flat,0,,0,,0,Bright sun,700602,0,0,0,6,0,0,0,0,0,,0,1,Auckland Region,Nil,2-way,Sealed,0,0,0,0,50,0,Off,0,0,,76,Auckland,Traffic Signals,0,0,0,0,0,0,Urban,0,0,0,Fine,Null
1753898,5929043,6664,,508320,0,0,0,1,0,East,2009/2010,HOGANS ROAD,HALBERG ST,,Non-Injury Crash,No,2009,0,West,0,0,0,Flat,0,,0,,0,Dark,196802,0,0,0,2,0,0,0,0,1,,0,0,Auckland Region,Nil,2-way,Sealed,0,0,0,0,50,0,On,0,0,,76,Auckland,Nil,0,0,0,0,0,0,Urban,1,0,0,Fine,Null
1679049,5401487,6665,,581250,0,0,0,2,0,West,2008/2009,HOSPITAL ROAD,HOWICK ROAD,,Non-Injury Crash,No,2009,0,East,0,0,0,Flat,0,,0,,0,Overcast,2304508,0,0,0,2,0,0,0,0,1,,0,0,Marlborough Region,Nil,2-way,Sealed,0,0,0,0,50,0,Null,0,0,,53,Marlborough District,Nil,0,0,0,0,0,0,Urban,0,0,0,Fine,Null
1823592,5463212,6666,,578600,0,0,0,3,0,North,2009/2010,SH 2,RENALL ST,,Non-Injury Crash,Yes,2009,0,North,0,0,0,Flat,0,,1,,0,Overcast,2242900,0,0,0,2,0,0,0,0,0,,0,0,Wellington Region,Nil,2-way,Sealed,0,0,0,0,50,0,Null,0,0,,48,Masterton District,Nil,1,0,0,1,0,0,Urban,0,0,0,Fine,Null
1752312,5436527,6667,,573514,0,0,0,1,0,South,2009/2010,SH 1N,CHURTON PARK OFF NBD,,Non-Injury Crash,Yes,2009,0,North,0,0,0,Flat,1,,0,,0,Bright sun,2086204,0,0,0,2,0,0,0,0,0,,0,0,Wellington Region,Nil,2-way,Sealed,0,0,0,0,100,0,Null,0,0,,47,Wellington City,Nil,0,0,0,0,0,0,Open,0,0,0,Fine,Null
1836803,5859271,6668,,534300,0,0,0,1,0,North,2008/2009,SH 2,SH 26,,Non-Injury Crash,Yes,2009,0,North,0,0,0,Flat,0,Queens Birthday,1,,1,Bright sun,1073800,0,0,0,2,0,0,0,0,0,,0,0,Waikato Region,Nil,2-way,Sealed,0,0,0,0,50,0,Null,0,0,,12,Hauraki District,Unknown,0,0,0,0,0,0,Urban,0,0,0,Fine,Null
1882246,5827871,6669,,536821,0,0,0,1,0,North,2009/2010,CAMPBELL ROAD,TWEED ST,,Non-Injury Crash,No,2009,0,South,0,0,0,Flat,0,,0,,0,Dark,1197400,0,0,0,1,0,0,0,0,1,,0,0,Bay of Plenty Region,Nil,2-way,Sealed,0,0,0,0,50,0,On,0,0,,23,Tauranga City,Nil,0,0,0,0,0,0,Urban,1,0,0,Fine,Null
1890395,5817756,6670,,536642,0,0,0,0,0,South,2009/2010,TE PUKE HIGHWAY,POPLAR LANE,,Non-Injury Crash,No,2009,0,South,1,0,0,Flat,0,Labour Weekend,0,,0,Bright sun,1207003,0,0,0,2,0,0,0,0,0,,0,0,Bay of Plenty Region,Nil,2-way,Sealed,0,0,0,0,100,0,Null,0,0,,22,Western Bay of Plenty District,Unknown,0,0,0,0,1,0,Open,1,0,0,Fine,Null
1792725,5835403,6671,65,527111,0,0,0,1,0,North,2009/2010,SH 1N GREAT SOUTH,GORDONTON ROAD,,Non-Injury Crash,Yes,2009,0,North,0,0,0,Flat,0,,0,,0,Dark,941002,0,0,0,2,0,0,0,0,0,,0,1,Waikato Region,Bridge,2-way,Sealed,0,0,0,0,70,0,On,0,0,,13,Waikato District,Nil,0,0,0,0,0,0,Urban,0,0,0,Light rain,Null
1757971,5914786,6672,,515802,0,,0,2,,Null,2009/2010,MANUKAU ROAD,PAH ROAD,,Non-Injury Crash,No,2009,,South,,0,,Flat,,,,,,Dark,449300,0,0,0,2,,,0,,,,,,Auckland Region,Nil,2-way,Sealed,,0,0,,50,,On,0,0,,76,Auckland,Traffic Signals,,,,,0,0,Urban,0,,,Light rain,Null
1759648,5922663,6673,,509500,0,0,0,2,0,South,2009/2010,KIWI ROAD,RUTLAND ROAD,,Non-Injury Crash,No,2009,0,South,0,0,0,Flat,0,,0,,0,Bright sun,336500,0,0,0,1,0,0,0,0,1,,0,0,Auckland Region,Nil,2-way,Sealed,0,0,0,0,50,0,Off,0,0,,76,Auckland,Nil,0,0,0,0,0,0,Urban,0,0,0,Fine,Null
1819835,5530260,6674,,562310,0,0,0,3,0,West,2008/2009,TREMAINE AVENUE,DOWNING ST,,Non-Injury Crash,No,2009,0,East,0,0,0,Flat,0,,0,,0,Dark,1821800,0,0,0,2,0,0,0,0,1,,0,0,Manawatū-Whanganui Region,Nil,2-way,Sealed,0,0,0,0,50,0,On,0,0,,40,Palmerston North City,Nil,0,0,0,0,0,0,Urban,0,0,0,Fine,Null
1719357,6047532,6675,,502600,0,,0,2,,Null,2008/2009,KENSINGTON AVENUE,ISLINGTON ST,,Non-Injury Crash,No,2009,,South,,0,,Flat,,,,,,Overcast,95100,0,0,0,2,,,0,,,,,,Northland Region,Nil,2-way,Sealed,,0,0,,50,,Off,0,0,,2,Whangarei District,Give way,,,,,0,0,Urban,0,,,Light rain,Null
1948040,5791170,6676,,542422,0,0,0,1,0,North,2009/2010,RIMU PLACE,JAMES ST,,Non-Injury Crash,No,2009,0,North,0,0,1,Flat,0,,0,,0,Bright sun,1312500,0,0,0,2,0,0,0,0,0,,0,0,Bay of Plenty Region,Nil,2-way,Sealed,0,0,0,0,50,0,Null,0,0,,25,Whakatane District,Unknown,0,0,0,0,0,0,Urban,0,0,0,Fine,Null
1882890,5777311,6677,,539200,0,0,0,1,0,North,2009/2010,BARNARD ROAD,URQUHART PLACE,,Non-Injury Crash,No,2009,0,West,0,0,0,Flat,0,,0,,0,Dark,1220400,0,0,0,1,0,0,0,0,1,,0,0,Bay of Plenty Region,Nil,2-way,Sealed,0,0,0,0,50,0,On,0,0,,24,Rotorua District,Nil,0,0,0,0,1,0,Urban,0,0,0,Fine,Null
1759885,5914982,6678,,519400,0,0,0,0,0,West,2009/2010,WHETURANGI ROAD,CAMPBELL ROAD,,Non-Injury Crash,No,2009,0,South,0,0,0,Flat,0,,0,,0,Twilight,616800,0,0,0,2,0,0,0,0,0,,0,0,Auckland Region,Nil,2-way,Sealed,0,0,0,0,50,0,On,0,0,,76,Auckland,Unknown,0,0,0,1,0,0,Urban,1,0,0,Fine,Null
1881952,5773202,6679,,539500,0,,0,2,,Null,2009/2010,PANDORA AVENUE,ORION ST,,Non-Injury Crash,No,2009,,South,,0,,Flat,,,,,,Overcast,1229901,0,0,0,2,,,0,,,,,,Bay of Plenty Region,Nil,2-way,Sealed,,0,0,,50,,Null,0,0,,24,Rotorua District,Nil,,,,,0,0,Urban,0,,,Light rain,Null
1767909,5904602,6680,,523722,0,,0,2,,North,2008/2009,SH 1N,REDOUBT OBR,,Non-Injury Crash,Yes,2009,,South,,0,,Flat,,,,,,Bright sun,715801,0,0,0,2,,,0,,,,,,Auckland Region,Motorway ramp,2-way,Sealed,,0,0,,100,,Null,0,0,,76,Auckland,Unknown,,,,,0,0,Open,0,,,Fine,Null
1757648,5928855,6681,,507800,0,,1,0,,Null,2008/2009,KITCHENER ROAD,MILFORD ROAD,,Non-Injury Crash,No,2009,,East,,0,,Flat,,,,,,Overcast,310200,0,0,0,2,,,0,,,,,,Auckland Region,Nil,2-way,Sealed,,0,0,,50,,Null,1,0,,76,Auckland,Traffic Signals,,,,,0,0,Urban,0,,,Fine,Null
1747983,5430940,6682,,574701,0,0,0,2,0,South,2008/2009,CHURCHILL DRIVE,CHARTWELL DRIVE,,Minor Crash,No,2009,0,North,0,0,0,Hill Road,0,,0,,1,Twilight,2097900,2,0,0,2,0,0,0,0,0,,0,0,Wellington Region,Nil,2-way,Sealed,0,0,0,0,50,0,On,0,0,,47,Wellington City,Nil,0,0,0,0,0,0,Urban,0,0,0,Light rain,Null
1775224,5577925,6683,,556900,0,,0,2,,Null,2008/2009,GUYTON ST,WICKSTEED ST,,Non-Injury Crash,No,2009,,East,,0,,Flat,,,,,,Bright sun,1700400,0,0,0,2,,,0,,,,,,Manawatū-Whanganui Region,Nil,2-way,Sealed,,0,0,,50,,Null,0,0,,37,Whanganui District,Give way,,,,,0,0,Urban,0,,,Fine,Null
1884264,5772862,6684,,540520,0,0,0,2,0,North,2009/2010,MILLER ST,KOTARE ST,,Non-Injury Crash,No,2009,0,South,0,0,0,Flat,0,,0,,0,Overcast,1239600,0,0,0,1,0,0,0,0,1,,0,0,Bay of Plenty Region,Nil,2-way,Sealed,0,0,0,0,50,0,Off,0,0,,24,Rotorua District,Nil,0,0,0,0,0,0,Urban,0,0,0,Light rain,Null
1719311,6045565,6685,,503100,0,,1,1,,South,2009/2010,BANK ST,ROSE ST,,Non-Injury Crash,No,2009,,South,,0,,Flat,,,,,,Overcast,100700,0,0,0,2,,,0,,,,,,Northland Region,Nil,2-way,Sealed,,0,0,,50,,Off,0,0,,2,Whangarei District,Nil,,,,,0,0,Urban,0,,,Fine,Null
1806197,5434701,6686,,580100,0,0,0,0,0,Null,2008/2009,NEW YORK ST,PRINCESS ST,,Non-Injury Crash,No,2009,0,South,1,0,0,Flat,0,,0,,0,Dark,2273500,0,0,0,2,0,0,0,0,0,,0,0,Wellington Region,Nil,2-way,Sealed,0,0,0,0,50,0,On,0,0,,50,South Wairarapa District,Nil,0,0,0,0,0,0,Urban,1,0,0,Light rain,Null
1799730,5817683,6687,,529600,0,0,0,1,0,East,2009/2010,CUSSEN ST,RIVER ROAD,,Non-Injury Crash,No,2009,0,West,0,0,0,Flat,0,Labour Weekend,0,,0,Dark,869400,0,0,0,2,0,0,0,0,0,,0,1,Waikato Region,Nil,2-way,Sealed,0,0,0,0,50,0,On,0,0,,16,Hamilton City,Nil,0,0,0,0,0,0,Urban,0,0,0,Fine,Null
1840068,5604251,6688,,559400,0,0,0,2,0,East,2009/2010,TUI ST,HAUTAPU ST,,Non-Injury Crash,No,2009,0,West,0,0,0,Flat,0,,0,,0,Overcast,1750100,0,0,0,2,0,0,0,0,1,,0,0,Manawatū-Whanganui Region,Nil,2-way,Sealed,0,0,0,0,50,0,Null,0,0,,38,Rangitikei District,Give way,0,0,0,0,0,0,Urban,0,0,0,Fine,Null
1752212,5913260,6689,,514600,0,0,0,1,1,South,2008/2009,WHITNEY ST,MAUI POMARE ST,,Non-Injury Crash,No,2009,0,North,0,0,0,Hill Road,0,,0,,0,Bright sun,373200,0,0,0,2,0,0,0,0,0,,0,0,Auckland Region,Nil,2-way,Sealed,0,0,0,0,50,0,Null,0,0,,76,Auckland,Nil,0,0,0,0,0,0,Urban,0,0,0,Fine,Null
1950694,5791085,6690,,542440,0,0,0,1,0,South,2009/2010,COMMERCE ST,DOMAIN ROAD,,Non-Injury Crash,No,2009,0,North,0,0,0,Flat,0,,0,,0,Bright sun,1306000,0,0,0,2,0,0,0,0,1,,0,0,Bay of Plenty Region,Nil,2-way,Sealed,0,0,0,0,50,0,Null,0,0,,25,Whakatane District,Unknown,0,0,0,0,0,0,Urban,0,0,0,Fine,Null
1800857,5815590,6691,,529700,0,,0,2,,Null,2008/2009,VICTORIA ST,BRYCE ST,,Non-Injury Crash,No,2009,,North,,0,,Flat,,,,,,Bright sun,911102,0,0,0,4,,,0,,,,,,Waikato Region,Nil,2-way,Sealed,,0,0,,50,,Off,0,0,,16,Hamilton City,Traffic Signals,,,,,0,0,Urban,0,,,Fine,Null
1755238,5914465,6692,,518500,0,0,0,2,0,East,2009/2010,KEYSTONE AVENUE,DOMINION ROAD,,Non-Injury Crash,No,2009,0,South,0,0,0,Flat,0,,0,,0,Bright sun,561000,0,0,0,2,0,0,0,0,1,,0,0,Auckland Region,Nil,2-way,Sealed,0,0,0,0,50,0,Off,0,0,,76,Auckland,Nil,0,0,0,0,0,0,Urban,0,0,0,Fine,Null
1817325,5459984,6693,,579502,0,,0,1,,South,2009/2010,SH 2,EAST TARATAHI ROAD,,Non-Injury Crash,Yes,2009,,South,,0,,Flat,,,,,,Overcast,2262500,0,0,0,2,,,0,,,,,,Wellington Region,Nil,2-way,Sealed,,0,0,,100,,Null,1,0,,49,Carterton District,Nil,,,,,0,0,Open,0,,,Light rain,Null
1754888,5917575,6694,,517500,0,0,0,2,0,West,2009/2010,ROSSMAY TERRACE,SANDRINGHAM ROAD,,Non-Injury Crash,No,2009,0,West,0,0,0,Flat,0,,0,,0,Dark,532200,0,0,0,2,0,0,0,0,1,,0,0,Auckland Region,Nil,2-way,Sealed,0,0,0,0,50,0,On,0,0,,76,Auckland,Nil,0,0,0,0,0,0,Urban,0,0,0,Fine,Null
1580950,5253021,6695,,585700,0,0,0,1,0,South,2009/2010,SH 7,HURUNUI BLUFF ROAD,,Minor Crash,Yes,2009,0,South,0,0,0,Flat,0,,0,,0,Bright sun,2436600,1,0,0,2,0,0,0,1,0,,0,1,Canterbury Region,Nil,2-way,Sealed,0,0,0,0,100,0,Null,0,0,,58,Hurunui District,Unknown,0,0,0,0,0,0,Open,0,0,0,Fine,Null
1822340,5519008,6696,,561902,0,0,0,0,0,South,2009/2010,KAHUTERAWA ROAD,GREENS ROAD,,Non-Injury Crash,No,2009,0,North,1,0,0,Hill Road,0,,0,,0,Overcast,1798300,0,0,0,2,0,0,0,0,0,,0,0,Manawatū-Whanganui Region,Nil,2-way,Unsealed,0,0,0,0,100,0,Null,1,0,,40,Palmerston North City,Nil,0,0,0,1,0,0,Open,0,0,0,Light rain,Null
1877087,5826336,6697,,537201,0,0,0,1,0,Null,2009/2010,CHERRYWOOD DRIVE,CAROL PLACE,,Non-Injury Crash,No,2009,0,East,0,0,1,Flat,0,,0,,1,Twilight,1155000,0,0,0,2,0,0,0,0,0,,0,0,Bay of Plenty Region,Nil,2-way,Sealed,0,0,0,0,50,0,Off,0,0,,23,Tauranga City,Nil,0,0,0,1,0,0,Urban,0,0,0,Fine,Null
1751080,5915485,6698,,514401,0,,0,2,,Null,2009/2010,ROSEBANK ROAD,ELM ST,,Non-Injury Crash,No,2009,,West,,0,,Flat,,,,,,Dark,381802,0,0,0,2,,,0,,,,,,Auckland Region,Nil,2-way,Sealed,,0,0,,50,,On,0,0,,76,Auckland,Give way,,,,,0,0,Urban,0,,,Fine,Null
1763215,5911817,6699,,519500,0,,0,1,,South,2009/2010,GREAT SOUTH ROAD,SYLVIA PARK ROAD,,Non-Injury Crash,No,2009,,North,,0,,Flat,,,,,,Overcast,622800,0,0,0,4,,,0,,,,,,Auckland Region,Bridge,2-way,Sealed,,0,0,,50,,Off,1,0,,76,Auckland,Nil,,,,,1,0,Urban,0,,,Light rain,Null
1920819,5737701,6700,,542550,0,0,0,1,1,West,2008/2009,SH 38,KOPURIKI ROAD,,Non-Injury Crash,Yes,2009,0,East,0,0,0,Hill Road,0,,0,,0,Dark,1330101,0,0,0,3,0,0,0,0,0,,0,0,Bay of Plenty Region,Nil,2-way,Sealed,0,0,0,0,100,0,None,0,0,,25,Whakatane District,Unknown,0,0,0,0,0,0,Open,0,0,0,Light rain,Null
1244400,4849477,6701,,611100,0,,0,1,,Null,2009/2010,LINDISFARNE ST,RAIL XING,,Serious Crash,No,2009,,North,,0,,Flat,,,,,,Dark,3137600,0,0,0,2,,,0,,,1,,,Southland Region,Nil,2-way,Sealed,,0,1,,50,,On,0,0,,75,Invercargill City,Unknown,,,,,0,0,Urban,0,,,Fine,Null
1279822,5007020,6702,,609031,0,,0,0,,West,2009/2010,SH 6,RESTA ROAD,,Minor Crash,Yes,2009,,West,,0,,Flat,,,,,,Twilight,3040002,4,0,0,2,,,0,,,,,,Otago Region,Nil,2-way,Sealed,,0,0,,100,,None,0,0,,70,Queenstown-Lakes District,Unknown,,,,,0,0,Open,1,,,Fine,Null
1757472,5926220,6703,,507900,0,,0,0,,North,2008/2009,FRED THOMAS DRIVE,ESMONDE ROAD,,Non-Injury Crash,No,2009,,North,,0,,Flat,,,,,,Bright sun,304000,0,0,1,2,,,0,,,,,,,Nil,2-way,Sealed,,0,0,,50,,Null,1,0,,76,Auckland,Traffic Signals,,,,,0,0,Urban,0,,,Fine,Null