X,Y,OBJECTID,advisorySpeed,areaUnitID,bicycle,bridge,bus,carStationWagon,cliffBank,crashDirectionDescription,crashFinancialYear,crashLocation1,crashLocation2,crashRoadSideRoad,crashSeverity,crashSHDescription,crashYear,debris,directionRoleDescription,ditch,fatalCount,fence,flatHill,guardRail,holiday,houseOrBuilding,intersection,kerb,light,meshblockId,minorInjuryCount,moped,motorcycle,NumberOfLanes,objectThrownOrDropped,otherObject,otherVehicleType,overBank,parkedVehicle,pedestrian,phoneBoxEtc,postOrPole,region,roadCharacter,roadLane,roadSurface,roadworks,schoolBus,seriousInjuryCount,slipOrFlood,speedLimit,strayAnimal,streetLight,suv,taxi,temporarySpeedLimit,tlaId,tlaName,trafficControl,trafficIsland,trafficSign,train,tree,truck,unknownVehicleType,urban,vanOrUtility,vehicle,waterRiver,weatherA,weatherB
1746045,5917063,6704,,510700,0,,0,1,,Null,2009/2010,NEWINGTON ROAD,GREAT NORTH ROAD,,Non-Injury Crash,No,2009,,North,,0,,Flat,,,,,,Bright sun,240505,0,0,0,2,,,0,,,1,,,Auckland Region,Nil,2-way,Sealed,,0,0,,50,,Off,0,0,,76,Auckland,Stop,,,,,0,0,Urban,0,,,Fine,Null
1758427,5913359,6705,,519710,0,0,0,3,0,East,2009/2010,MOUNT SMART ROAD,CAMPBELL ROAD,,Non-Injury Crash,No,2009,0,West,0,0,0,Flat,0,,0,,0,Bright sun,594800,0,0,0,2,0,0,0,0,3,,0,0,Auckland Region,Nil,2-way,Sealed,0,0,0,0,50,0,Off,0,0,,76,Auckland,Nil,0,0,0,0,0,0,Urban,1,0,0,Fine,Null
1761749,5906566,6706,30,524112,0,,0,1,,Null,2009/2010,MASSEY ROAD,MASSEY ON SBD,,Non-Injury Crash,No,2009,,East,,0,,Flat,,,,,,Dark,742300,0,0,0,2,,,0,,,,,,Auckland Region,Nil,1-way,Sealed,,0,0,,50,,On,0,0,,76,Auckland,Give way,,,,,0,0,Urban,1,,,Fine,Null
1753638,5928071,6707,,508310,0,,0,1,,East,2009/2010,BENTLEY AVENUE,GLENFIELD ROAD,,Non-Injury Crash,No,2009,,North,,0,,Hill Road,,,,,,Overcast,200000,0,0,0,2,,,0,,,,,,Auckland Region,Nil,2-way,Sealed,,0,0,,50,,Null,0,0,,76,Auckland,Traffic Signals,,,,,0,0,Urban,1,,,Fine,Null
1761801,5437935,6708,,568402,0,,0,2,,South,2009/2010,HARCOURT WERRY DRIVE,FAIRWAY ON RAMP,,Minor Crash,No,2009,,North,,0,,Flat,,,,,,Overcast,1942702,2,0,0,2,,,0,,,,,,Wellington Region,Nil,2-way,Sealed,,0,0,,70,,Null,0,0,,46,Lower Hutt City,Nil,,,,,0,0,Urban,0,,,Fine,Null
1755641,5916150,6709,,518301,0,0,0,2,0,West,2009/2010,WIREMU ST,DOMINION ROAD,,Non-Injury Crash,No,2009,0,North,0,0,0,Flat,0,,0,,0,Dark,553700,0,0,0,2,0,0,0,0,1,,0,0,Auckland Region,Nil,2-way,Sealed,0,0,0,0,50,0,On,0,0,,76,Auckland,Nil,0,0,0,0,0,0,Urban,0,0,0,Light rain,Null
1774741,5446362,6710,,566800,0,,0,2,,Null,2008/2009,SH 2,TOTARA PARK ROAD,,Non-Injury Crash,Yes,2009,,West,,0,,Flat,,,,,,Overcast,1910200,0,0,0,2,,,0,,,,,,Wellington Region,Nil,2-way,Sealed,,0,0,,50,,Null,0,0,,45,Upper Hutt City,Traffic Signals,,,,,0,0,Urban,0,,,Fine,Null
1788746,5446486,6711,,579803,0,0,0,1,1,North,2008/2009,SH 2,RIMUTAKA SUM,,Non-Injury Crash,Yes,2009,0,North,0,0,0,Hill Road,0,,0,,0,Twilight,2271902,0,0,0,2,0,0,0,0,0,,0,0,Wellington Region,Nil,2-way,Sealed,0,0,0,0,100,0,None,0,0,,50,South Wairarapa District,Nil,0,1,0,0,0,0,Open,0,0,0,Light rain,Null
1892080,5812003,6712,,538502,0,0,0,2,0,North,2009/2010,CAMERON ROAD,HOOKEY DRIVE,,Non-Injury Crash,No,2009,0,North,0,0,0,Flat,0,,0,,0,Dark,1216400,0,0,0,2,0,0,0,0,1,,0,0,Bay of Plenty Region,Nil,2-way,Sealed,0,0,0,0,50,0,On,0,0,,22,Western Bay of Plenty District,Nil,0,0,0,0,0,0,Urban,0,0,0,Fine,Null
1753105,5915091,6713,,517903,0,,0,2,,Null,2008/2009,HENDON AVENUE,RICHARDSON ROAD,,Non-Injury Crash,No,2009,,East,,0,,Flat,,,,,,Bright sun,518100,0,0,0,4,,,0,,,,,,Auckland Region,Nil,2-way,Sealed,,0,0,,50,,Off,0,0,,76,Auckland,Traffic Signals,,,,,0,0,Urban,0,,,Fine,Null
1564872,5181810,6714,,589700,0,,0,1,,West,2009/2010,CARRUTHERS ST,LONGMUIR ST,,Serious Crash,No,2009,,West,,0,,Flat,,,,,,Overcast,2535300,0,0,0,2,,,0,,,,,,Canterbury Region,Nil,2-way,Sealed,,0,2,,50,,Null,0,0,,60,Christchurch City,Unknown,,,,,0,0,Urban,0,,,Fine,Null
1765480,5916403,6715,,520301,0,0,0,1,0,West,2009/2010,APIRANA AVENUE,PILKINGTON ROAD,,Non-Injury Crash,No,2009,0,East,0,0,0,Flat,0,,0,,0,Bright sun,478000,0,0,0,2,0,0,0,0,0,,0,1,Auckland Region,Nil,1-way,Sealed,0,0,0,0,50,0,Off,0,0,,76,Auckland,Nil,0,0,0,0,0,0,Urban,0,0,0,Fine,Null
1752415,5928256,6716,,508412,0,0,0,2,0,Null,2009/2010,MANUKA ROAD,ANNE MCLEAN DRIVE,,Non-Injury Crash,No,2009,0,West,0,0,0,Flat,0,,0,,0,Dark,186200,0,0,0,1,0,0,0,0,1,,0,0,Auckland Region,Nil,2-way,Sealed,0,0,0,0,50,0,On,0,0,,76,Auckland,Nil,0,0,0,0,0,0,Urban,0,0,0,Fine,Null
1750639,5913011,6717,,511303,0,,0,2,,Null,2008/2009,PORTAGE ROAD,LINKS ROAD,,Non-Injury Crash,No,2009,,North,,0,,Flat,,,,,,Dark,265600,0,0,0,2,,,0,,,,,,Auckland Region,Nil,2-way,Sealed,,0,0,,50,,On,0,0,,76,Auckland,Stop,,,,,0,0,Urban,0,,,Fine,Null
1799838,5816219,6718,,529700,0,,0,2,,Null,2009/2010,WILLOUGHBY ST,ABBOTSFORD ST,,Non-Injury Crash,No,2009,,East,,0,,Flat,,,,,,Bright sun,909200,0,0,0,2,,,0,,,,,,Waikato Region,Nil,2-way,Sealed,,0,0,,50,,Off,0,0,,16,Hamilton City,Stop,,,,,0,0,Urban,0,,,Fine,Null
1755661,5916036,6719,,518301,0,,0,3,,South,2008/2009,DOMINION ROAD,BALMORAL ROAD,,Non-Injury Crash,No,2009,,North,,0,,Hill Road,,,,,,Overcast,553700,0,0,0,2,,,0,,,,,,Auckland Region,Nil,2-way,Sealed,,0,0,,50,,Off,0,0,,76,Auckland,Nil,,,,,0,0,Urban,0,,,Light rain,Null
1761431,5914330,6720,,520202,0,,0,2,,Null,2009/2010,MAIN LINK,PENROSE INT N,,Non-Injury Crash,Yes,2009,,West,,0,,Flat,,,,,,Overcast,612501,0,0,0,4,,,0,,,,,,Auckland Region,Nil,2-way,Sealed,,0,0,,50,,Off,0,0,,76,Auckland,Give way,,,,,0,0,Urban,0,,,Fine,Null
1695672,5676963,6721,,552100,0,,0,0,,West,2009/2010,SH 3,DEVON ST EAST,,Non-Injury Crash,Yes,2009,,East,,0,,Flat,,,,,,Overcast,1599700,0,0,0,2,,,0,,,,,,Taranaki Region,Nil,2-way,Sealed,,0,0,,70,,Null,0,0,,33,New Plymouth District,Nil,,,,,1,0,Urban,1,,,Fine,Null
1241815,4907016,6722,,610040,0,0,0,1,0,West,2009/2010,SPIRIT BURN ROAD,CAROLINE VALLEY ROAD,,Minor Crash,No,2009,0,West,0,0,0,Flat,0,,0,,0,Dark,3046300,2,0,0,2,0,0,0,0,0,,0,1,Southland Region,Nil,2-way,Sealed,0,0,0,0,100,0,None,0,0,,73,Southland District,Unknown,0,0,0,1,0,0,Open,0,0,0,Fine,Null
2038048,5708026,6723,,544701,0,,0,2,,Null,2008/2009,RUTENE ROAD,HARRIS ST,,Non-Injury Crash,No,2009,,West,,0,,Flat,,Christmas New Year,,,,Bright sun,1382300,0,0,0,2,,,0,,,,,,Gisborne Region,Nil,2-way,Sealed,,0,0,,50,,Null,0,0,,28,Gisborne District,Stop,,,,,0,0,Urban,0,,,Fine,Null
1873925,5819006,6724,,537602,0,0,0,1,0,Null,2008/2009,SH 29,TAKITIMU DRIVE,,Non-Injury Crash,Yes,2009,0,West,0,0,0,Flat,0,,0,,1,Dark,1192117,0,0,0,4,0,0,0,0,0,,0,0,Bay of Plenty Region,Nil,2-way,Sealed,0,0,0,0,100,0,On,0,0,,23,Tauranga City,Give way,0,0,0,0,0,0,Open,0,0,0,Fine,Null
1768926,5915614,6725,,522730,0,0,0,1,0,West,2009/2010,BIRMAN CLOSE,PRINCE REGENT DRIVE,,Non-Injury Crash,No,2009,0,West,0,0,0,Flat,0,,0,,0,Dark,679806,0,0,0,2,0,0,0,0,0,,0,0,Auckland Region,Nil,2-way,Sealed,0,0,0,0,50,0,On,0,0,,76,Auckland,Give way,0,0,0,1,0,0,Urban,0,0,0,Light rain,Null
1760807,5912370,6726,,520000,0,0,0,2,0,East,2009/2010,CHURCH ST,HENDERSON PLACE,,Non-Injury Crash,No,2009,0,East,0,0,0,Flat,0,,0,,0,Dark,607601,0,0,0,2,0,0,0,0,1,,0,0,Auckland Region,Nil,2-way,Sealed,0,0,0,0,50,0,On,0,0,,76,Auckland,Nil,0,0,0,0,0,0,Urban,0,0,0,Fine,Null
1884052,5774023,6727,,540410,0,,0,1,,Null,2008/2009,PUKUATUA ST,SH 30A,,Non-Injury Crash,Yes,2009,,South,,0,,Flat,,,,,,Overcast,1232200,0,0,0,5,,,0,,,,,,Bay of Plenty Region,Nil,2-way,Sealed,,0,0,,60,,Null,0,0,,24,Rotorua District,Give way,,,,,1,0,Urban,0,,,Light rain,Null
1759404,5910427,6728,,524002,0,,0,1,,North,2009/2010,SH 20,RIMU OBR,,Non-Injury Crash,Yes,2009,,North,,0,,Flat,,,,,,Overcast,722000,0,0,0,2,,,0,,,,,,Auckland Region,Nil,1-way,Sealed,,0,0,,100,,Off,1,0,80,76,Auckland,Nil,,,,,0,0,Open,0,,,Fine,Null
2011144,5806133,6729,35,542903,0,,0,2,,North,2009/2010,SH 35,HAPARAPARA RIV BR,,Non-Injury Crash,Yes,2009,,South,,0,,Hill Road,,Christmas New Year,,,,Bright sun,1334300,0,0,0,2,,,0,,,,,,Bay of Plenty Region,Nil,2-way,Sealed,,0,0,,100,,Null,0,0,,27,Ōpōtiki District,Unknown,,,,,0,0,Open,0,,,Fine,Null
1766972,5912532,6730,,522920,0,,0,2,,South,2008/2009,TI RAKAU DRIVE,ROSEBURN PLACE,,Non-Injury Crash,No,2009,,North,,0,,Flat,,,,,,Overcast,686800,0,0,0,2,,,0,,,,,,Auckland Region,Nil,1-way,Sealed,,0,0,,50,,None,0,0,,76,Auckland,Nil,,,,,0,0,Urban,0,,,Light rain,Null
1844877,5531341,6731,,550200,0,0,0,1,0,Null,2008/2009,SOWRY ROAD,PINFOLD ROAD,,Non-Injury Crash,No,2009,0,South,0,0,0,Flat,0,Queens Birthday,0,,0,Overcast,1544000,0,0,0,2,0,0,0,0,0,,0,0,Manawatū-Whanganui Region,Nil,2-way,Sealed,0,0,0,0,100,0,Null,0,0,,41,Tararua District,Nil,0,1,0,0,0,0,Open,0,0,0,Fine,Null
1743692,5919378,6732,,513212,0,,0,2,,Null,2008/2009,DON BUCK ROAD,UNIVERSAL DRIVE,,Non-Injury Crash,No,2009,,South,,0,,Flat,,,,,,Bright sun,235600,0,0,0,4,,,0,,,,,,Auckland Region,Nil,2-way,Sealed,,0,0,,50,,Null,0,0,,76,Auckland,Give way,,,,,0,0,Urban,0,,,Fine,Null
1945626,5662230,6733,55,545301,0,,0,0,,North,2008/2009,SH 2,WAIKARE ROAD,,Non-Injury Crash,Yes,2009,,South,,0,,Hill Road,,Easter,,,,Bright sun,1392800,0,0,0,2,,,0,,,,,,Hawke's Bay Region,Nil,2-way,Sealed,,0,0,,100,,Null,0,0,,29,Wairoa District,Nil,,,,,2,0,Open,0,,,Fine,Null
1770711,5898628,6734,,523912,0,,0,2,,West,2008/2009,TAKA ST,TAKANINI SCHOOL ROAD,,Non-Injury Crash,No,2009,,West,,0,,Flat,,,,,,Overcast,767600,0,0,0,2,,,0,,,,,,Auckland Region,Nil,2-way,Sealed,,0,0,,50,,Off,0,0,,76,Auckland,Nil,,,,,0,0,Urban,0,,,Light rain,Null
1822197,5524164,6735,,561813,0,0,0,1,0,South,2008/2009,SH 57,OLD WEST ROAD,,Non-Injury Crash,Yes,2009,0,North,1,0,1,Flat,0,Christmas New Year,0,,0,Bright sun,1799000,0,0,0,2,0,0,0,0,0,,0,0,Manawatū-Whanganui Region,Nil,2-way,Sealed,0,0,0,0,100,0,Null,0,0,,40,Palmerston North City,Nil,0,0,0,0,0,0,Open,0,0,0,Fine,Null
1822119,5529171,6736,,562800,0,,0,2,,West,2008/2009,FERGUSON ST,ASHLEY ST,,Non-Injury Crash,No,2009,,East,,0,,Flat,,,,,,Bright sun,1829400,0,0,0,2,,,0,,,,,,Manawatū-Whanganui Region,Nil,2-way,Sealed,,0,0,,50,,Null,1,0,,40,Palmerston North City,Nil,,,,,0,0,Urban,0,,,Fine,Null
1819317,5544618,6737,,560740,0,,0,1,,West,2009/2010,SH 54,LYTTON ST,,Non-Injury Crash,Yes,2009,,North,,0,,Flat,,,,,,Bright sun,1772500,0,0,0,2,,,0,,,,,,Manawatū-Whanganui Region,Nil,2-way,Sealed,,0,0,,50,,Null,0,0,,39,Manawatu District,Nil,,,,,1,0,Urban,0,,,Fine,Null
1688280,6103884,6738,,500900,0,,0,0,,South,2008/2009,WAIPAPA LANDING PLACE,LANDING ROAD,,Non-Injury Crash,No,2009,,North,,0,,Flat,,Christmas New Year,,,,Bright sun,44808,0,0,0,2,,,0,,,,,,Northland Region,Nil,2-way,Sealed,,0,0,,50,,Off,1,0,,1,Far North District,Nil,,,,,0,0,Urban,0,,,Fine,Null
1766056,5907722,6739,,523402,0,0,0,1,0,North,2008/2009,SH 1N,EAST TAMAKI OBR,,Non-Injury Crash,Yes,2009,0,South,0,0,0,Flat,1,,0,,0,Overcast,699300,0,0,0,3,0,0,0,0,0,,0,0,Auckland Region,Nil,1-way,Sealed,0,0,0,0,100,0,Off,0,0,,76,Auckland,Nil,0,0,0,0,0,0,Open,1,0,0,Light rain,Null
1799083,5796492,6740,,527924,0,0,0,1,0,North,2009/2010,PATERANGI ROAD,SING ROAD,,Non-Injury Crash,No,2009,0,South,0,0,0,Flat,0,,0,,0,Bright sun,981200,0,0,0,2,0,0,0,0,0,,0,1,Waikato Region,Nil,2-way,Sealed,0,0,0,0,100,0,Null,0,0,,17,Waipa District,Unknown,0,0,0,0,0,0,Open,0,0,0,Fine,Null
1756157,5924133,6741,,509800,0,,0,2,,South,2009/2010,SH 1N,ONEWA OFF NBD,,Non-Injury Crash,Yes,2009,,North,,0,,Flat,,,,,,Dark,361100,0,0,0,5,,,0,,,,,,Auckland Region,Nil,1-way,Sealed,,0,0,,80,,On,0,0,,76,Auckland,Unknown,,,,,0,0,Open,0,,,Fine,Null
1765462,5916986,6742,,517001,0,,0,2,,North,2009/2010,LINE ROAD,BRADLEY LANE,,Non-Injury Crash,No,2009,,North,,0,,Flat,,,,,,Bright sun,476000,0,0,0,2,,,0,,,,,,Auckland Region,Nil,2-way,Sealed,,0,0,,50,,Off,0,0,,76,Auckland,Nil,,,,,0,0,Urban,0,,,Fine,Null
1753480,5445729,6743,,570700,0,,0,2,,Null,2009/2010,RANGITUHI CRESCENT,MAHINAWA ST,,Non-Injury Crash,No,2009,,North,,0,,Flat,,,,,,Bright sun,2037800,0,0,0,2,,,0,,,,,,Wellington Region,Nil,2-way,Sealed,,0,0,,50,,Null,0,0,,44,Porirua City,Give way,,,,,0,0,Urban,0,,,Fine,Null
1752042,5434020,6744,,573903,0,0,0,2,0,East,2008/2009,NEWLANDS ROAD,NEWLANDS ON SBD,,Non-Injury Crash,No,2009,0,East,0,0,0,Hill Road,0,,0,,0,Overcast,2075103,0,0,0,2,0,0,0,0,1,,0,0,Wellington Region,Nil,2-way,Sealed,0,0,0,0,50,0,Null,0,1,,47,Wellington City,Nil,0,0,0,0,0,0,Urban,0,0,0,Heavy rain,Null
1769216,5443196,6745,,567800,0,,0,2,,South,2008/2009,FERGUSSON DRIVE,PERRY ST,,Non-Injury Crash,No,2009,,North,,0,,Flat,,,,,,Overcast,1896400,0,0,0,2,,,0,,,,,,Wellington Region,Nil,2-way,Sealed,,0,0,,50,,Null,0,0,,45,Upper Hutt City,Nil,,,,,0,0,Urban,0,,,Fine,Null
1744555,5919829,6746,,513301,0,0,0,3,0,Null,2008/2009,UNIVERSAL DRIVE,RIVERPARK CRESCENT,,Non-Injury Crash,No,2009,0,South,0,0,0,Flat,0,,0,,0,Dark,233700,0,0,0,2,0,0,0,0,1,,0,0,Auckland Region,Nil,2-way,Sealed,0,0,0,0,50,0,On,0,0,,76,Auckland,Give way,0,0,0,0,1,0,Urban,0,1,0,Fine,Null
1950158,5791071,6747,,542440,0,0,0,2,0,West,2009/2010,LOVELOCK ST,RUSSELL ST,,Non-Injury Crash,No,2009,0,East,0,0,0,Flat,0,,0,,0,Bright sun,1307800,0,0,0,2,0,0,0,0,1,,0,0,Bay of Plenty Region,Nil,2-way,Sealed,0,0,0,0,50,0,Null,0,0,,25,Whakatane District,Unknown,0,0,0,0,0,0,Urban,0,0,0,Fine,Null
1893672,5812443,6748,,538502,0,0,0,0,0,North,2009/2010,JELLICOE ST,NO 1 ROAD,,Non-Injury Crash,No,2009,0,North,0,0,0,Hill Road,0,,0,,0,Overcast,1215900,0,0,0,2,0,0,0,0,0,,0,1,Bay of Plenty Region,Nil,2-way,Sealed,0,0,0,0,80,0,Off,1,0,,22,Western Bay of Plenty District,Nil,0,0,0,0,1,0,Open,0,0,0,Light rain,Null
1748882,5945491,6749,,505806,0,0,0,1,0,North,2008/2009,HIBISCUS COAST HIGHWAY,SILVERDALE ON SBD,,Non-Injury Crash,No,2009,0,East,0,0,0,Flat,0,,1,,0,Dark,176802,0,0,0,4,0,0,0,0,0,,0,1,Auckland Region,Nil,2-way,Sealed,0,0,0,0,80,0,On,0,0,,76,Auckland,Nil,0,0,0,0,0,0,Open,0,0,0,Light rain,Null
1745339,5909359,6750,,512700,0,0,0,1,0,West,2009/2010,HUIA ROAD,LAINGHOLM DRIVE,,Non-Injury Crash,No,2009,0,East,0,0,0,Flat,0,,0,,0,Overcast,300600,0,0,0,2,0,0,0,0,0,,0,0,Auckland Region,Nil,2-way,Sealed,0,0,0,0,70,0,Off,0,0,,76,Auckland,Nil,0,0,0,1,0,0,Urban,0,0,0,Light rain,Null
1770315,5908535,6751,,523115,0,0,0,2,0,East,2009/2010,CYRIL FRENCH DRIVE,ELWYN CLOSE,,Non-Injury Crash,No,2009,0,West,0,0,0,Flat,0,,0,,0,Overcast,712110,0,0,0,2,0,0,0,0,1,,0,0,Auckland Region,Nil,2-way,Sealed,0,0,0,0,50,0,Off,0,0,,76,Auckland,Nil,0,0,0,0,0,0,Urban,0,0,0,Fine,Null
1569187,5181598,6752,,592200,0,,0,0,,Null,2009/2010,MERIVALE LANE,CLISSOLD ST,,Serious Crash,No,2009,,West,,0,,Flat,,,,,,Bright sun,2675000,0,0,0,1,,,0,,,1,,,Canterbury Region,Nil,2-way,Sealed,,0,1,,50,,Null,1,0,,60,Christchurch City,Give way,,,,,0,0,Urban,0,,,Fine,Null
1754425,5930938,6753,,508420,0,,0,1,,North,2008/2009,SH 1N,UPPER HWY OFF NBD,,Non-Injury Crash,Yes,2009,,North,,0,,Flat,,,,,,Overcast,182008,0,0,0,3,,,0,,,,,,Auckland Region,Nil,2-way,Sealed,,0,0,,100,,Null,1,0,,76,Auckland,Unknown,,,,,0,0,Open,0,,,Fine,Null
1753251,5916830,6754,,517800,0,,0,1,,West,2008/2009,NEW NORTH ROAD,ALEXIS AVENUE,,Non-Injury Crash,No,2009,,West,,0,,Flat,,,,,,Twilight,527300,0,0,0,4,,,0,,,,,,Auckland Region,Nil,2-way,Sealed,,0,0,,50,,Off,1,0,,76,Auckland,Nil,,,,,0,0,Urban,1,,,Fine,Null
1950824,5791263,6755,,542440,0,,0,0,,Null,2009/2010,DOMAIN ROAD,COMMERCE ST,,Non-Injury Crash,No,2009,,East,,0,,Flat,,Christmas New Year,,,,Overcast,1306000,0,0,0,2,,,0,,,,,,Bay of Plenty Region,Nil,2-way,Sealed,,0,0,,50,,Null,2,0,,25,Whakatane District,Stop,,,,,0,0,Urban,0,,,Light rain,Null
1771468,5895118,6756,,521201,0,0,0,1,0,East,2009/2010,PAPAKURA ON NBD,PAPAKURA OFF NBD S,,Non-Injury Crash,Yes,2009,0,East,0,0,0,Flat,1,,0,,0,Dark,806700,0,0,0,2,0,0,0,0,0,,0,0,Auckland Region,Nil,1-way,Sealed,0,0,0,0,80,0,On,0,0,,76,Auckland,Nil,0,0,0,0,0,0,Open,0,0,0,Light rain,Null
1757969,5926798,6757,,508010,0,,0,1,,Null,2008/2009,BURNS AVENUE,BYRON AVENUE,,Non-Injury Crash,No,2009,,West,,0,,Flat,,,,,,Dark,325000,0,0,0,2,,,0,,,,,,Auckland Region,Nil,2-way,Sealed,,0,0,,50,,On,0,0,,76,Auckland,Give way,,,,,0,0,Urban,1,,,Fine,Null
1742732,5916316,6758,,513020,0,0,0,1,0,West,2009/2010,STURGES ROAD,BRAMBLE LANE,,Non-Injury Crash,No,2009,0,East,1,0,0,Flat,0,,0,,0,Overcast,280809,0,0,0,2,0,0,0,0,0,,0,0,Auckland Region,Nil,2-way,Sealed,0,0,0,0,50,0,Off,0,0,,76,Auckland,Nil,0,1,0,0,0,0,Urban,0,0,0,Fine,Null
1757028,5915846,6759,,518301,0,0,0,2,0,South,2008/2009,KAKARIKI AVENUE,BALMORAL ROAD,,Non-Injury Crash,No,2009,0,South,0,0,0,Flat,0,Easter,0,,0,Dark,557000,0,0,0,2,0,0,0,0,1,,0,0,Auckland Region,Nil,2-way,Sealed,0,0,0,0,50,0,On,0,0,,76,Auckland,Give way,0,0,0,0,0,0,Urban,0,0,0,Light rain,Null
1633709,6132866,6760,,500202,0,0,0,0,0,North,2008/2009,INLAND ROAD,RAMP ROAD,,Non-Injury Crash,No,2009,0,South,1,0,0,Flat,0,,0,,0,Bright sun,2700,0,0,0,2,0,0,0,0,0,,0,0,Northland Region,Nil,2-way,Sealed,0,0,0,0,100,0,None,1,0,,1,Far North District,Nil,0,0,0,0,0,0,Open,0,0,0,Fine,Null
1752553,5970509,6761,,506631,0,0,0,0,0,East,2009/2010,SANDSPIT ROAD,HAMILTON ROAD,,Non-Injury Crash,No,2009,0,West,1,0,0,Flat,0,,0,,0,Dark,139501,0,0,0,2,0,0,0,0,0,,0,0,Auckland Region,Nil,2-way,Sealed,0,0,0,0,100,0,None,0,0,,76,Auckland,Nil,0,0,0,0,0,0,Open,1,0,0,Light rain,Null
1823286,5829809,6762,,534902,0,0,0,1,0,West,2009/2010,NORTH ST,GEORGE ST,,Non-Injury Crash,No,2009,0,East,0,0,1,Flat,0,,0,,0,Dark,1090400,0,0,0,2,0,0,0,0,0,,0,0,Waikato Region,Nil,2-way,Sealed,0,0,0,0,50,0,On,0,0,,15,Matamata-Piako District,Unknown,0,0,0,0,0,0,Urban,0,0,0,Fine,Null
1867038,5715029,6763,,541317,0,0,0,0,0,North,2009/2010,WAIRAKEI DRIVE,POIHIPI ROAD,,Non-Injury Crash,No,2009,0,South,0,0,0,Flat,0,Christmas New Year,0,,0,Overcast,1279014,0,0,0,2,0,0,0,0,0,,0,1,Waikato Region,Nil,2-way,Sealed,0,0,0,0,80,0,Null,1,0,,21,Taupo District,Unknown,0,0,0,0,0,0,Open,0,0,0,Light rain,Null
1751816,5435046,6764,,573802,0,,0,2,,North,2009/2010,STEWART DRIVE,HELSTON ROAD,,Non-Injury Crash,No,2009,,South,,0,,Hill Road,,,,,,Dark,2079200,0,0,0,2,,,0,,,,,,Wellington Region,Nil,2-way,Sealed,,0,0,,50,,On,0,0,,47,Wellington City,Nil,,,,,0,0,Urban,0,,,Light rain,Null
1767726,5905068,6765,,523722,0,0,0,1,0,North,2008/2009,SH 1N,TE IRIRANGI OBR,,Non-Injury Crash,Yes,2009,2,South,0,0,0,Flat,0,,0,,0,Bright sun,715701,0,0,0,3,0,0,0,0,0,,0,0,Auckland Region,Nil,1-way,Sealed,0,0,0,0,100,0,Null,0,0,,76,Auckland,Unknown,0,0,0,0,1,0,Open,0,0,0,Fine,Null
1745306,5919752,6766,,513301,0,,0,2,,Null,2009/2010,LINCOLN ROAD,UNIVERSAL DRIVE,,Non-Injury Crash,No,2009,,South,,0,,Flat,,,,,,Dark,232001,0,0,0,6,,,0,,,,,,Auckland Region,Nil,2-way,Sealed,,0,0,,50,,On,0,0,,76,Auckland,Traffic Signals,,,,,0,0,Urban,0,,,Light rain,Null
1808651,5811012,6767,,527131,0,,0,2,,South,2009/2010,BRUNTWOOD ROAD,TAUWHARE ROAD,,Non-Injury Crash,No,2009,,North,,0,,Flat,,,,,,Bright sun,956002,0,0,0,2,,,0,,,,,,Waikato Region,Nil,2-way,Sealed,,0,0,,50,,Off,0,0,,13,Waikato District,Stop,,,,,0,0,Urban,0,,,Null,Null
1675265,6119308,6768,,500402,0,0,0,1,1,North,2008/2009,MARTIN ROAD,MATAURI BAY ROAD,,Non-Injury Crash,No,2009,0,East,1,0,0,Hill Road,0,,0,,0,Dark,20300,0,0,0,2,0,0,0,0,0,,0,0,Northland Region,Nil,2-way,Unsealed,0,0,0,0,100,0,None,0,0,,1,Far North District,Nil,0,0,0,0,0,0,Open,0,0,0,Fine,Null
1755970,5926774,6769,,508620,0,,0,1,,South,2008/2009,AKORANGA DRIVE,NORTHCOTE ROAD,,Non-Injury Crash,No,2009,,North,,0,,Flat,,,,,,Dark,204702,0,0,0,3,,,0,,,,,,Auckland Region,Nil,2-way,Sealed,,0,0,,50,,On,1,0,,76,Auckland,Traffic Signals,,,,,0,0,Urban,0,,,Fine,Null
1770463,5904569,6770,,523820,0,,0,1,,Null,2009/2010,REDOUBT ROAD,MURPHYS ROAD,,Non-Injury Crash,No,2009,,East,,0,,Flat,,,,,,Overcast,760000,0,0,0,2,,,0,,,,,,Auckland Region,Nil,2-way,Sealed,,0,0,,50,,Off,1,0,,76,Auckland,Give way,,,,,0,0,Urban,0,,,Fine,Null
1757065,5920542,6771,,514102,0,,0,2,,Null,2008/2009,HOBSON ST,VICTORIA ST WEST,,Non-Injury Crash,No,2009,,South,,0,,Flat,,,,,,Bright sun,433700,0,0,0,4,,,0,,,,,,Auckland Region,Nil,2-way,Sealed,,0,0,,50,,Null,0,0,,76,Auckland,Traffic Signals,,,,,0,0,Urban,0,,,Fine,Null
1745071,5930836,6772,,506400,0,,0,1,,West,2008/2009,RIDGE ROAD,WAKE ROAD,,Non-Injury Crash,No,2009,,East,,0,,Flat,,,,,,Dark,216902,0,0,0,2,,,0,,,,,,Auckland Region,Nil,2-way,Sealed,,0,0,,80,,None,0,0,,76,Auckland,Nil,,,,,0,0,Open,0,,,Fine,Null
1757799,5920490,6773,,514103,0,0,0,2,0,Null,2008/2009,WATERLOO QUADRANT,PRINCES ST,,Non-Injury Crash,No,2009,0,North,0,0,0,Flat,0,,0,,0,Dark,437300,0,0,0,4,0,0,0,0,0,,0,0,Auckland Region,Nil,2-way,Sealed,0,0,0,0,50,0,On,0,0,,76,Auckland,Traffic Signals,0,0,0,0,0,0,Urban,0,1,0,Fine,Null