X,Y,OBJECTID,advisorySpeed,areaUnitID,bicycle,bridge,bus,carStationWagon,cliffBank,crashDirectionDescription,crashFinancialYear,crashLocation1,crashLocation2,crashRoadSideRoad,crashSeverity,crashSHDescription,crashYear,debris,directionRoleDescription,ditch,fatalCount,fence,flatHill,guardRail,holiday,houseOrBuilding,intersection,kerb,light,meshblockId,minorInjuryCount,moped,motorcycle,NumberOfLanes,objectThrownOrDropped,otherObject,otherVehicleType,overBank,parkedVehicle,pedestrian,phoneBoxEtc,postOrPole,region,roadCharacter,roadLane,roadSurface,roadworks,schoolBus,seriousInjuryCount,slipOrFlood,speedLimit,strayAnimal,streetLight,suv,taxi,temporarySpeedLimit,tlaId,tlaName,trafficControl,trafficIsland,trafficSign,train,tree,truck,unknownVehicleType,urban,vanOrUtility,vehicle,waterRiver,weatherA,weatherB
1765252,5907435,6774,,522301,0,,0,1,,Null,2009/2010,GREAT SOUTH ROAD,KAUTAMI AVENUE,,Non-Injury Crash,No,2009,,South,,0,,Flat,,,,,,Bright sun,665800,0,0,0,2,,,0,,,,,,Auckland Region,Nil,2-way,Sealed,,0,0,,50,,Off,0,0,,76,Auckland,Stop,,,,,0,0,Urban,1,,,Fine,Null
1623859,6113940,6775,,500301,0,,0,0,,South,2009/2010,DOMINION ROAD,BANK ST,,Non-Injury Crash,No,2009,,East,,0,,Flat,,,,,,Bright sun,14800,0,0,0,2,,,0,,,,,,Northland Region,Nil,2-way,Sealed,,0,0,,50,,None,0,0,,1,Far North District,Nil,,,,,0,0,Urban,2,,,Fine,Null
1743428,5920155,6776,,513622,0,0,0,2,0,North,2009/2010,TIRIWA DRIVE,GORDON STANLEY DRIVE,,Non-Injury Crash,No,2009,0,South,0,0,0,Flat,0,Labour Weekend,0,,0,Dark,226902,0,0,0,1,0,0,0,0,1,,0,0,Auckland Region,Nil,2-way,Sealed,0,0,0,0,50,0,On,0,0,,76,Auckland,Nil,0,0,0,0,0,0,Urban,0,0,0,Fine,Null
1750527,5913725,6777,,511303,0,,0,1,,East,2009/2010,CLARK ST,PORTAGE ROAD,,Non-Injury Crash,No,2009,,West,,0,,Flat,,,,,,Bright sun,265200,0,0,0,2,,,0,,,,,,Auckland Region,Nil,2-way,Sealed,,0,0,,50,,Off,0,0,,76,Auckland,Nil,,,,,1,0,Urban,0,,,Fine,Null
1763493,5908626,6778,,521901,0,,0,2,,Null,2009/2010,MANGERE ROAD,CHELSEA AVENUE,,Non-Injury Crash,No,2009,,East,,0,,Flat,,,,,,Dark,786200,0,0,0,2,,,0,,,,,,Auckland Region,Nil,2-way,Sealed,,0,0,,50,,On,0,0,,76,Auckland,Traffic Signals,,,,,0,0,Urban,0,,,Fine,Null
1807399,5784705,6779,,527937,0,0,0,1,0,Null,2009/2010,ALLEN ROAD,BROTHERHOOD ROAD,,Non-Injury Crash,No,2009,0,South,0,0,1,Hill Road,0,,0,,0,Overcast,989500,0,0,0,2,0,0,0,0,0,,0,0,Waikato Region,Nil,2-way,Sealed,0,0,0,0,100,0,None,0,0,,17,Waipa District,Nil,0,0,0,0,0,0,Open,0,0,0,Light rain,Null
1718959,6044862,6780,,503600,0,0,0,2,0,East,2009/2010,TAREWA ROAD,HILLTOP AVENUE,,Non-Injury Crash,No,2009,0,West,0,0,0,Hill Road,0,,0,,0,Dark,104000,0,0,0,2,0,0,0,0,1,,0,0,Northland Region,Nil,2-way,Sealed,0,0,0,0,50,0,On,0,0,,2,Whangarei District,Nil,0,0,0,0,0,0,Urban,0,0,0,Fine,Null
1820005,5522628,6781,,561820,0,,0,2,,Null,2009/2010,SH 57,CAMP ROAD,,Non-Injury Crash,Yes,2009,,East,,0,,Flat,,,,,,Overcast,1797300,0,0,0,2,,,0,,,,,,Manawatū-Whanganui Region,Nil,2-way,Sealed,,0,0,,80,,Null,0,0,,40,Palmerston North City,Give way,,,,,0,0,Open,0,,,Fine,Null
1931613,5608421,6782,,545710,0,,0,2,,Null,2008/2009,PAKOWHAI ROAD,ELWOOD ROAD,,Non-Injury Crash,No,2009,,North,,0,,Flat,,,,,,Dark,1471100,0,0,0,2,,,0,,,,,,Hawke's Bay Region,Nil,2-way,Sealed,,0,0,,100,,None,0,0,,30,Hastings District,Give way,,,,,0,0,Open,0,,,Fine,Frost
1859941,5856379,6783,,534100,0,,0,2,,Null,2009/2010,BEACH ROAD,LEO ST,,Non-Injury Crash,No,2009,,South,,0,,Flat,,,,,,Bright sun,1081400,0,0,0,2,,,0,,,,,,Bay of Plenty Region,Nil,2-way,Sealed,,0,0,,50,,Off,0,0,,22,Western Bay of Plenty District,Give way,,,,,0,0,Urban,0,,,Fine,Null
1714080,6031856,6784,,501811,0,0,0,1,0,West,2008/2009,MANGAPAI ROAD,THOMPSON ROAD,,Non-Injury Crash,No,2009,0,West,0,0,0,Flat,0,,0,,0,Dark,77902,0,0,0,2,0,0,0,0,0,,0,0,Northland Region,Nil,2-way,Sealed,0,0,0,1,100,0,None,0,0,,2,Whangarei District,Nil,0,0,0,0,0,0,Open,0,0,0,Heavy rain,Null
1753231,5914853,6785,,518801,0,,0,1,,South,2008/2009,RICHARDSON ROAD,STODDARD ROAD,,Non-Injury Crash,No,2009,,South,,0,,Flat,,Easter,,,,Overcast,578400,0,0,0,4,,,0,,,,,,Auckland Region,Nil,2-way,Sealed,,0,0,,50,,Null,0,0,,76,Auckland,Unknown,,,,,0,0,Urban,1,,,Fine,Null
1754360,5918352,6786,,515431,0,,0,3,,East,2008/2009,SH 16,ST LUKES ROAD,,Non-Injury Crash,Yes,2009,,East,,0,,Flat,,,,,,Overcast,406201,0,0,0,4,,,0,,,,,,Auckland Region,Nil,1-way,Sealed,,0,0,,100,,Null,0,0,,76,Auckland,Unknown,,,,,0,0,Open,0,,,Light rain,Null
1892839,5812715,6787,,538502,0,0,0,2,0,South,2009/2010,JOCELYN ST,QUEEN ST,,Non-Injury Crash,No,2009,0,North,0,0,0,Flat,0,,0,,0,Overcast,1215700,0,0,0,2,0,0,0,0,0,,0,0,Bay of Plenty Region,Nil,2-way,Sealed,0,0,0,0,50,0,Null,0,0,,22,Western Bay of Plenty District,Unknown,0,0,0,0,0,0,Urban,0,1,0,Fine,Null
1798740,5563315,6788,,559230,0,0,0,1,0,North,2008/2009,FERN FLATS ROAD,WANGANUI ROAD,,Non-Injury Crash,No,2009,0,South,0,0,1,Hill Road,0,,0,,0,Overcast,1732700,0,0,0,2,0,0,0,0,0,,0,0,Manawatū-Whanganui Region,Nil,2-way,Sealed,0,0,0,0,100,0,Null,0,0,,38,Rangitikei District,Nil,0,0,0,0,0,0,Open,0,0,0,Light rain,Null
1802996,5814968,6789,,530200,0,,0,2,,Null,2008/2009,CLYDE ST,DEY ST,,Non-Injury Crash,No,2009,,South,,0,,Flat,,,,,,Bright sun,893902,0,0,0,2,,,0,,,,,,Waikato Region,Nil,2-way,Sealed,,0,0,,50,,Off,0,0,,16,Hamilton City,Stop,,,,,0,0,Urban,0,,,Fine,Null
1263678,5013084,6790,,609031,0,0,0,1,1,West,2008/2009,MALAGHANS ROAD,CORONET VIEW ROAD,,Minor Crash,No,2009,0,East,0,0,1,Flat,0,,0,,0,Dark,3038103,1,0,0,2,0,0,0,0,0,,0,0,Otago Region,Nil,2-way,Sealed,0,0,0,0,100,0,None,0,0,,70,Queenstown-Lakes District,Unknown,0,0,0,1,0,0,Open,0,0,0,Fine,Null
1799882,5815613,6791,,528900,0,,0,2,,East,2008/2009,NORTON ROAD,COMMERCE ST,,Non-Injury Crash,No,2009,,West,,0,,Flat,,,,,,Bright sun,913200,0,0,0,2,,,0,,,,,,Waikato Region,Nil,2-way,Sealed,,0,0,,50,,Null,0,0,,16,Hamilton City,Unknown,,,,,0,0,Urban,0,,,Fine,Null
1751605,5914208,6792,,514402,0,,0,2,,Null,2008/2009,BLOCKHOUSE BAY ROAD,WOLVERTON ST,,Non-Injury Crash,No,2009,,East,,0,,Flat,,,,,,Overcast,380600,0,0,0,2,,,0,,,,,,Auckland Region,Nil,2-way,Sealed,,0,0,,50,,Null,0,0,,76,Auckland,Give way,,,,,0,0,Urban,0,,,Fine,Null
1756367,5924447,6793,,509702,0,,0,2,,North,2008/2009,SH 1N,SEART OFF SBD,,Non-Injury Crash,Yes,2009,,South,,0,,Flat,,,,,,Bright sun,366700,0,0,0,3,,,0,,,,,,Auckland Region,Nil,1-way,Sealed,,0,0,,100,,Off,0,0,,76,Auckland,Nil,,,,,0,0,Open,0,,,Fine,Null
1676738,6082129,6794,,501634,0,0,0,0,1,South,2009/2010,NGAWHA SPRINGS ROAD,SH 12,,Non-Injury Crash,No,2009,0,South,1,0,0,Null,0,,0,,0,Dark,37000,0,0,0,1,0,0,0,0,0,,0,0,Northland Region,Nil,2-way,Sealed,0,0,0,0,100,0,None,0,0,,1,Far North District,Nil,0,0,0,0,0,0,Open,1,0,0,Fine,Null
1954832,5790330,6795,,541900,0,0,0,0,0,East,2009/2010,POHUTUKAWA AVENUE,MAIR ST,,Non-Injury Crash,No,2009,0,West,1,0,0,Flat,0,,0,,0,Overcast,1294800,0,0,0,2,0,1,0,0,0,,0,0,Bay of Plenty Region,Nil,2-way,Sealed,0,0,0,0,50,0,Null,0,0,,25,Whakatane District,Unknown,0,0,0,0,0,0,Urban,1,0,0,Light rain,Null
1718690,6045781,6796,,503000,0,,0,1,,North,2009/2010,SH 1N,CENTRAL AVENUE,,Non-Injury Crash,Yes,2009,,North,,0,,Hill Road,,,,,,Overcast,97800,0,0,0,4,,,0,,,,,,Northland Region,Nil,2-way,Sealed,,0,0,,50,,Off,0,0,,2,Whangarei District,Traffic Signals,,,,,1,0,Urban,0,,,Fine,Null
1936983,5621285,6797,,546901,0,0,0,2,0,South,2008/2009,HASTINGS ST,ALBION ST,,Non-Injury Crash,No,2009,0,South,0,0,0,Flat,0,,0,,0,Overcast,1428700,0,0,0,2,0,0,0,0,1,,0,0,Hawke's Bay Region,Nil,2-way,Sealed,0,0,0,0,50,0,Null,0,0,,31,Napier City,Nil,0,0,0,0,0,0,Urban,0,0,0,Light rain,Null
1789505,5828953,6798,,528200,0,,0,1,,South,2009/2010,GREAT SOUTH ROAD,NEWCASTLE ST,,Non-Injury Crash,No,2009,,North,,0,,Flat,,,,,,Overcast,857700,0,0,0,2,,,0,,,,,,Waikato Region,Nil,2-way,Sealed,,0,0,,50,,Null,1,0,,13,Waikato District,Unknown,,,,,0,0,Urban,0,,,Fine,Null
1755331,5921846,6799,,515202,0,0,0,1,0,North,2008/2009,SH 1N,SHELLY BEACH OBR,,Non-Injury Crash,Yes,2009,1,South,0,0,0,Flat,0,,0,,0,Overcast,423600,0,0,0,2,0,0,0,0,0,,0,0,Auckland Region,Bridge,1-way,Sealed,0,0,0,0,80,0,Off,0,0,,76,Auckland,Nil,0,0,0,0,0,0,Open,0,0,0,Light rain,Null
1805801,5787452,6800,,527700,0,,0,2,,South,2008/2009,SH 3,GALLOWAY ST,,Non-Injury Crash,Yes,2009,,North,,0,,Flat,,,,,,Bright sun,990500,0,0,0,2,,,0,,,,,,Waikato Region,Nil,2-way,Sealed,,0,0,,50,,Null,0,0,,17,Waipa District,Unknown,,,,,0,0,Urban,0,,,Fine,Null
1839703,5841154,6801,,534800,0,,0,2,,North,2008/2009,REWI ST,ROLLESTON ST,,Non-Injury Crash,No,2009,,South,,0,,Flat,,,,,,Bright sun,1104400,0,0,0,2,,,0,,,,,,Waikato Region,Nil,2-way,Sealed,,0,0,,50,,Null,0,0,,15,Matamata-Piako District,Unknown,,,,,0,0,Urban,0,,,Fine,Null
1746846,5915256,6802,,511800,0,,0,2,,Null,2008/2009,GREAT NORTH ROAD,AWAROA ROAD,,Non-Injury Crash,No,2009,,North,,0,,Flat,,,,,,Overcast,276400,0,0,0,2,,,0,,,,,,Auckland Region,Nil,2-way,Sealed,,0,0,,50,,Null,0,0,,76,Auckland,Nil,,,,,0,0,Urban,0,,,Light rain,Null
1878354,5821867,6803,,538102,0,,0,2,,Null,2009/2010,FRASER ST,SIXTEENTH AVENUE,,Non-Injury Crash,No,2009,,North,,0,,Flat,,,,,,Twilight,1168900,0,0,0,2,,,0,,,,,,Bay of Plenty Region,Nil,2-way,Sealed,,0,0,,50,,On,0,0,,23,Tauranga City,Give way,,,,,0,0,Urban,0,,,Light rain,Null
1756762,5918853,6804,,514200,0,,0,2,,Null,2008/2009,NEWTON ROAD,UPPER QUEEN ST,,Non-Injury Crash,No,2009,,East,,0,,Hill Road,,,,,,Twilight,412700,0,0,0,4,,,0,,,,,,Auckland Region,Nil,2-way,Sealed,,0,0,,50,,On,0,0,,76,Auckland,Give way,,,,,0,0,Urban,0,,,Light rain,Null
1917545,5654292,6805,,545912,0,,0,1,,South,2008/2009,SH 5,WAITARA ROAD,,Non-Injury Crash,Yes,2009,,North,,0,,Hill Road,,,,,,Bright sun,1414504,0,0,0,2,,,0,,,,,,Hawke's Bay Region,Nil,2-way,Sealed,,0,0,,100,,Null,0,0,,30,Hastings District,Nil,,,,,1,0,Open,0,,,Fine,Null
1772547,5912644,6806,,523102,0,0,0,1,0,South,2008/2009,SOMERVILLE ROAD,JANE EYRE DRIVE,,Non-Injury Crash,No,2009,0,South,0,0,1,Hill Road,0,,0,,0,Overcast,718003,0,0,0,2,0,0,0,0,0,,0,0,Auckland Region,Nil,1-way,Sealed,0,0,0,0,50,0,Off,0,0,,76,Auckland,Nil,0,0,0,0,0,0,Urban,0,0,0,Fine,Null
1857625,5839257,6807,,535800,0,,0,2,,North,2008/2009,SH 2,EARL DRIVE,,Non-Injury Crash,Yes,2009,,North,,0,,Hill Road,,,,,,Dark,1183807,0,0,0,2,,,0,,,,,,Bay of Plenty Region,Nil,2-way,Sealed,,0,0,,50,,On,0,0,,22,Western Bay of Plenty District,Unknown,,,,,0,0,Urban,0,,,Light rain,Null
1758497,5918334,6808,,517400,0,0,0,2,0,Null,2008/2009,BROADWAY,KHYBER PASS ROAD,,Non-Injury Crash,No,2009,0,East,0,0,0,Flat,0,Queens Birthday,0,,0,Dark,451000,0,0,0,6,0,0,0,0,1,,0,0,Auckland Region,Nil,2-way,Sealed,0,0,0,0,50,0,On,0,0,,76,Auckland,Nil,0,0,0,0,0,0,Urban,1,0,0,Fine,Null
1752497,5432599,6809,,574002,0,,0,1,,East,2009/2010,SH 2,NGAURANGA ON NBD,,Minor Crash,Yes,2009,,South,,0,,Flat,,,,,,Overcast,2078302,1,0,0,2,,,0,,,,,,Wellington Region,Nil,2-way,Sealed,,0,0,,100,,Null,1,0,,47,Wellington City,Nil,,,,,0,0,Open,0,,,Fine,Null
1811914,5805387,6810,,527131,0,0,0,1,0,North,2009/2010,SH 1N,RACECOURSE ROAD,,Non-Injury Crash,Yes,2009,0,South,1,0,1,Flat,0,Christmas New Year,0,,0,Bright sun,959700,0,0,0,2,0,0,0,0,0,,0,0,Waikato Region,Nil,2-way,Sealed,0,0,0,0,100,0,Null,0,0,,13,Waikato District,Unknown,0,0,0,0,0,0,Open,0,0,0,Fine,Null
1759016,5920539,6811,,514101,0,,0,2,,Null,2008/2009,QUAY ST,SH 16,,Non-Injury Crash,No,2009,,East,,0,,Flat,,,,,,Bright sun,438204,0,0,0,2,,,0,,,,,,Auckland Region,Nil,2-way,Sealed,,0,0,,50,,Null,0,0,,76,Auckland,Traffic Signals,,,,,0,0,Urban,0,,,Fine,Null
1756411,5927180,6812,,507900,0,,0,2,,South,2008/2009,SH 1N,NORTHCOTE OBR,,Non-Injury Crash,Yes,2009,,South,,0,,Flat,,,,,,Twilight,303502,0,0,0,3,,,0,,,,,,Auckland Region,Nil,1-way,Sealed,,0,0,,100,,On,0,0,,76,Auckland,Nil,,,,,0,0,Open,0,,,Fine,Null
1824328,5463558,6813,,578600,0,0,0,2,0,South,2008/2009,BRUCE ST,QUEEN ST,,Non-Injury Crash,No,2009,0,East,0,0,0,Flat,0,,0,,0,Dark,2245200,0,0,0,2,0,0,0,0,1,,0,0,Wellington Region,Nil,2-way,Sealed,0,0,0,0,50,0,Off,0,0,,48,Masterton District,Nil,0,0,0,0,0,0,Urban,0,0,0,Light rain,Null
1887936,5764188,6814,,538850,0,,0,2,,North,2008/2009,SH 5,TUMUNUI ROAD,,Non-Injury Crash,Yes,2009,,North,,0,,Flat,,,,,,Bright sun,1258800,0,0,0,1,,,0,,,,,,Waikato Region,Nil,2-way,Sealed,,0,0,,100,,Off,0,0,,24,Rotorua District,Nil,,,,,0,0,Open,0,,,Fine,Null
1764519,5910209,6815,,521801,0,,0,2,,West,2009/2010,PRINCES ST,HUTTON ST,,Non-Injury Crash,No,2009,,West,,0,,Flat,,,,,,Dark,787400,0,0,0,2,,,0,,,,,,Auckland Region,Nil,2-way,Sealed,,0,0,,50,,On,0,0,,76,Auckland,Nil,,,,,0,0,Urban,0,,,Light rain,Null
1822672,5531816,6816,,562500,0,,0,2,,East,2009/2010,TREMAINE AVENUE,MILSON LINE,,Non-Injury Crash,No,2009,,East,,0,,Flat,,,,,,Overcast,1840700,0,0,0,2,,,0,,,,,,Manawatū-Whanganui Region,Nil,2-way,Sealed,,0,0,,50,,Null,0,0,,40,Palmerston North City,Nil,,,,,0,0,Urban,0,,,Fine,Null
1749367,5429288,6817,,572900,0,,0,0,,West,2009/2010,THORNDON QUAY,DAVIS ST,,Non-Injury Crash,No,2009,,South,,0,,Flat,,,,,,Bright sun,2118400,0,0,0,2,,,0,,,,,,Wellington Region,Nil,2-way,Sealed,,0,0,,50,,Null,0,0,,47,Wellington City,Nil,,,,,0,0,Urban,2,,,Fine,Null
1747608,5921564,6818,,512202,1,,0,1,,West,2009/2010,HARBOUR VIEW ROAD,BEACH ROAD,,Non-Injury Crash,No,2009,,East,,0,,Flat,,,,,,Overcast,248900,0,0,0,2,,,0,,,,,,Auckland Region,Nil,2-way,Sealed,,0,0,,50,,Off,0,0,,76,Auckland,Nil,,,,,0,0,Urban,0,,,Light rain,Null
1878798,5822804,6819,,538201,0,,0,2,,Null,2008/2009,DEVONPORT ROAD,ELEVENTH AVENUE,,Non-Injury Crash,No,2009,,West,,0,,Flat,,,,,,Bright sun,1166704,0,0,0,2,,,0,,,,,,Bay of Plenty Region,Nil,2-way,Sealed,,0,0,,50,,Null,0,0,,23,Tauranga City,Give way,,,,,0,0,Urban,0,,,Fine,Null
1766122,5910176,6820,,523112,0,0,0,1,0,West,2008/2009,HIGHBROOK DRIVE,BUSINESS PARADE SOUTH,,Non-Injury Crash,No,2009,0,East,1,0,0,Flat,0,,0,,0,Overcast,711301,0,0,0,4,0,0,0,0,0,,0,0,Auckland Region,Nil,2-way,Sealed,0,0,0,0,70,0,Off,0,0,,76,Auckland,Nil,0,0,0,0,0,0,Urban,0,0,0,Fine,Null
1756184,5928163,6821,,507900,0,,0,2,,Null,2008/2009,FORREST HILL ROAD,NILE ROAD S,,Non-Injury Crash,No,2009,,South,,0,,Flat,,,,,,Bright sun,305300,0,0,0,2,,,0,,,,,,Auckland Region,Nil,2-way,Sealed,,0,0,,50,,Off,0,0,,76,Auckland,Give way,,,,,0,0,Urban,0,,,Fine,Null
1799683,5562530,6822,,559230,0,0,0,1,0,East,2009/2010,WANGANUI ROAD,WILLIAMSONS LINE,,Non-Injury Crash,No,2009,0,West,0,0,0,Flat,0,,0,,0,Dark,1733100,0,0,0,2,0,0,0,1,0,,0,0,Manawatū-Whanganui Region,Nil,2-way,Sealed,0,0,0,0,100,0,None,0,0,,38,Rangitikei District,Nil,0,0,0,0,0,0,Open,0,0,0,Light rain,Null
1889302,5820868,6823,,536517,0,0,0,1,1,East,2009/2010,DOMAIN ROAD,SH 2,,Non-Injury Crash,No,2009,0,East,1,0,0,Flat,0,,0,,1,Dark,1205060,0,0,0,2,0,0,0,0,0,,0,0,Bay of Plenty Region,Nil,2-way,Sealed,0,0,0,0,100,0,On,0,0,,23,Tauranga City,Unknown,0,0,0,0,0,0,Open,0,0,0,Fine,Null
1750502,5913724,6824,,511303,0,,0,2,,Null,2008/2009,PORTAGE ROAD,CLARK ST,,Non-Injury Crash,No,2009,,West,,0,,Flat,,,,,,Twilight,265300,0,0,0,2,,,0,,,,,,Auckland Region,Nil,2-way,Sealed,,0,0,,50,,Off,0,0,,76,Auckland,Give way,,,,,0,0,Urban,0,,,Fine,Null
1753499,5932725,6825,,508807,0,,0,3,,South,2009/2010,SH 1N,GREVILLE OFF NBD,,Non-Injury Crash,Yes,2009,,North,,0,,Flat,,,,,,Bright sun,180811,0,0,0,2,,,0,,,,,,Auckland Region,Motorway ramp,1-way,Sealed,,0,0,,100,,Off,0,0,,76,Auckland,Nil,,,,,0,0,Open,0,,,Fine,Null
1568681,5183345,6826,,592100,0,,1,1,,Null,2009/2010,HAWTHORNE ST,PAPANUI ROAD,,Minor Crash,No,2009,,North,,0,,Flat,,,,,,Overcast,2672000,1,0,0,2,,,0,,,,,,Canterbury Region,Nil,2-way,Sealed,,0,0,,50,,Null,0,0,,60,Christchurch City,Give way,,,,,0,0,Urban,0,,,Light rain,Null
1879253,5825400,6827,,538202,0,0,0,1,0,Null,2009/2010,SH 2A,SH 2A MARSH,,Non-Injury Crash,Yes,2009,0,West,0,0,0,Hill Road,0,,0,,0,Dark,1163002,0,0,0,3,0,0,0,0,0,,0,0,Bay of Plenty Region,Bridge,2-way,Sealed,0,0,0,0,50,0,On,0,0,,23,Tauranga City,Give way,1,1,0,0,0,0,Urban,0,0,0,Fine,Null
1756730,5927661,6828,,507900,0,0,0,1,0,East,2008/2009,SHEA TERRACE,MARY POYNTON CRESCENT,,Non-Injury Crash,No,2009,0,South,0,0,0,Flat,0,,0,,0,Bright sun,304400,0,0,0,2,0,0,0,0,1,,0,0,Auckland Region,Nil,2-way,Sealed,0,0,0,0,50,0,Off,1,0,,76,Auckland,Give way,0,0,0,0,0,0,Urban,0,0,0,Fine,Null
1745161,5916825,6829,,510800,0,,0,2,,North,2009/2010,HENDERSON VALLEY ROAD,HICKORY AVENUE,,Non-Injury Crash,No,2009,,North,,0,,Flat,,,,,,Bright sun,241700,0,0,0,2,,,0,,,,,,Auckland Region,Nil,2-way,Sealed,,0,0,,50,,Off,0,0,,76,Auckland,Nil,,,,,0,0,Urban,0,,,Fine,Null
1764359,5917737,6830,,516301,0,,0,1,,West,2008/2009,GOWING DRIVE,ST JOHNS ROAD,,Non-Injury Crash,No,2009,,West,,0,,Flat,,,,,,Bright sun,461700,0,0,0,2,,,0,,,1,,,Auckland Region,Nil,2-way,Sealed,,0,0,,50,,Off,0,0,,76,Auckland,Give way,,,,,0,0,Urban,0,,,Fine,Null
1759023,5916969,6831,,516001,0,,0,2,,North,2009/2010,SH 1N,MARKET OBR,,Non-Injury Crash,Yes,2009,,North,,0,,Flat,,,,,,Bright sun,491200,0,0,0,3,,,0,,,,,,Auckland Region,Nil,1-way,Sealed,,0,0,,100,,Off,1,0,,76,Auckland,Nil,,,,,0,0,Open,0,,,Fine,Null
1564258,5186713,6832,,588500,0,,0,0,,North,2009/2010,MCLEANS ISLAND ROAD,LOGISTICS DRIVE,,Serious Crash,No,2009,,South,,0,,Flat,,,,,,Bright sun,2527000,0,0,0,2,,,0,,,1,,,Canterbury Region,Nil,2-way,Sealed,,0,1,,80,,Null,1,0,,60,Christchurch City,Unknown,,,,,0,0,Open,0,,,Fine,Null
1753518,5932709,6833,,508805,0,0,0,3,0,South,2008/2009,SH 1N,GREVILLE OBR,,Non-Injury Crash,Yes,2009,0,South,0,0,0,Flat,1,,0,,0,Dark,180866,0,0,0,6,0,0,0,0,0,,0,0,Auckland Region,Nil,2-way,Sealed,0,0,0,0,100,0,On,0,0,,76,Auckland,Nil,0,0,0,0,0,0,Open,0,0,0,Fine,Null
1719335,6045478,6834,,503100,0,,0,2,,Null,2009/2010,BANK ST,RAILWAY ROAD,,Non-Injury Crash,No,2009,,South,,0,,Flat,,,,,,Overcast,100400,0,0,0,2,,,0,,,,,,Northland Region,Nil,1-way,Sealed,,0,0,,50,,Off,0,0,,2,Whangarei District,Give way,,,,,0,0,Urban,0,,,Fine,Null
1885179,5774216,6835,,540410,0,,0,1,,Null,2008/2009,FENTON ST,ARAWA ST,,Non-Injury Crash,No,2009,,East,,0,,Flat,,,,,,Overcast,1235100,0,0,0,4,,,0,,,,,,Bay of Plenty Region,Nil,2-way,Sealed,,0,0,,50,,Null,0,0,,24,Rotorua District,Give way,,,,,0,0,Urban,1,,,Fine,Null
1798253,5818175,6836,,528403,0,,0,3,,North,2008/2009,TE RAPA ROAD,HOME STRAIGHT,,Non-Injury Crash,No,2009,,South,,0,,Flat,,,,,,Bright sun,908000,0,0,0,4,,,0,,,,,,Waikato Region,Nil,2-way,Sealed,,0,0,,60,,Null,0,0,,16,Hamilton City,Unknown,,,,,0,0,Urban,0,,,Fine,Null
1769315,5907462,6837,,523711,0,,0,2,,Null,2009/2010,ORMISTON ROAD,TE IRIRANGI DRIVE,,Non-Injury Crash,No,2009,,East,,0,,Flat,,,,,,Dark,712801,0,0,0,4,,,0,,,,,,Auckland Region,Nil,2-way,Sealed,,0,0,,80,,On,0,0,,76,Auckland,Traffic Signals,,,,,0,0,Open,0,,,Fine,Null
1764408,5904675,6838,,522100,0,,0,1,,Null,2008/2009,WYLLIE ROAD,GIFFORD ROAD,,Non-Injury Crash,No,2009,,South,,0,,Flat,,,,,,Dark,659200,0,0,0,2,,,0,,,,,,Auckland Region,Nil,2-way,Sealed,,0,0,,50,,On,1,0,,76,Auckland,Nil,,,,,0,0,Urban,0,,,Fine,Null
1772528,5870374,6839,,521114,0,,0,2,,West,2008/2009,RIVER ROAD,ALDER ROAD,,Non-Injury Crash,No,2009,,West,,0,,Flat,,,,,,Bright sun,829100,0,0,0,2,,,0,,,,,,Waikato Region,Bridge,2-way,Sealed,,0,0,,100,,None,0,0,,13,Waikato District,Nil,,,,,0,0,Open,0,,,Fine,Null
1765662,5901407,6840,,524604,0,,0,1,,Null,2009/2010,ROSCOMMON ROAD,BROWNS ROAD,,Non-Injury Crash,No,2009,,South,,0,,Flat,,,,,,Bright sun,781302,0,0,0,4,,,0,,,,,,Auckland Region,Nil,2-way,Sealed,,0,0,,80,,Off,0,0,,76,Auckland,Traffic Signals,,,,,0,0,Open,1,,,Fine,Null
1924920,5601736,6841,,545842,0,0,0,1,0,West,2008/2009,MANGAROA ROAD,SH 50A PAKIPAKI,,Non-Injury Crash,No,2009,0,East,1,0,0,Flat,0,,0,,0,Overcast,1470213,0,0,0,2,0,0,0,0,0,,0,0,Hawke's Bay Region,Nil,2-way,Sealed,0,0,0,0,100,0,Null,0,0,,30,Hastings District,Nil,0,0,0,0,0,0,Open,0,0,0,Light rain,Null
1753695,5932396,6842,,508805,0,0,0,2,0,South,2008/2009,ARRENWAY DRIVE,DALLAN PLACE,,Non-Injury Crash,No,2009,0,South,0,0,0,Flat,0,,0,,0,Bright sun,180866,0,0,0,2,0,0,0,0,1,,0,0,Auckland Region,Nil,2-way,Sealed,0,0,0,0,50,0,Off,0,0,,76,Auckland,Nil,0,0,0,0,0,0,Urban,0,0,0,Fine,Null
1908127,5560990,6843,,549602,0,0,0,1,1,North,2008/2009,FARM ROAD,LANDFILL ACCESS ROAD,,Non-Injury Crash,No,2009,0,South,0,0,0,Flat,0,,0,,0,Dark,1525700,0,0,0,2,0,0,0,0,0,,0,0,Hawke's Bay Region,Nil,2-way,Sealed,0,0,0,0,100,0,None,0,0,,32,Central Hawke's Bay District,Nil,0,0,0,0,0,0,Open,0,0,0,Fine,Null