X,Y,OBJECTID,advisorySpeed,areaUnitID,bicycle,bridge,bus,carStationWagon,cliffBank,crashDirectionDescription,crashFinancialYear,crashLocation1,crashLocation2,crashRoadSideRoad,crashSeverity,crashSHDescription,crashYear,debris,directionRoleDescription,ditch,fatalCount,fence,flatHill,guardRail,holiday,houseOrBuilding,intersection,kerb,light,meshblockId,minorInjuryCount,moped,motorcycle,NumberOfLanes,objectThrownOrDropped,otherObject,otherVehicleType,overBank,parkedVehicle,pedestrian,phoneBoxEtc,postOrPole,region,roadCharacter,roadLane,roadSurface,roadworks,schoolBus,seriousInjuryCount,slipOrFlood,speedLimit,strayAnimal,streetLight,suv,taxi,temporarySpeedLimit,tlaId,tlaName,trafficControl,trafficIsland,trafficSign,train,tree,truck,unknownVehicleType,urban,vanOrUtility,vehicle,waterRiver,weatherA,weatherB
1762190,5913669,6844,,520401,0,,0,0,,Null,2009/2010,SH 1N,PENROSE OBR,,Non-Injury Crash,Yes,2009,,South,,0,,Flat,,,,,,Bright sun,644300,0,0,0,3,,,0,,,,,,Auckland Region,Nil,2-way,Sealed,,0,0,,100,,Off,2,0,,76,Auckland,Nil,,,,,0,0,Open,1,,,Fine,Null
1929326,5605568,6845,,547700,0,0,0,2,0,North,2008/2009,HERETAUNGA ST WEST,TOMOANA ROAD,,Non-Injury Crash,No,2009,0,West,0,0,0,Flat,0,,0,,0,Bright sun,1487900,0,0,0,2,0,0,0,0,1,,0,0,Hawke's Bay Region,Nil,2-way,Sealed,0,0,0,0,50,0,Null,0,0,,30,Hastings District,Nil,0,0,0,0,0,0,Urban,0,0,0,Fine,Null
1719943,6045680,6846,,503100,0,,0,2,,Null,2009/2010,DENT ST,REYBURN ST,,Non-Injury Crash,No,2009,,South,,0,,Flat,,,,,,Overcast,99903,0,0,0,2,,,0,,,,,,Northland Region,Nil,2-way,Sealed,,0,0,,50,,Off,0,0,,2,Whangarei District,Nil,,,,,0,0,Urban,0,,,Fine,Null
1719494,6045534,6847,,503100,0,,0,1,,Null,2009/2010,WALTON ST,CLYDE ST,,Non-Injury Crash,No,2009,,West,,0,,Flat,,,,,,Overcast,100300,0,0,0,4,,,0,,,,,,Northland Region,Nil,2-way,Sealed,,0,0,,50,,Off,1,0,,2,Whangarei District,Give way,,,,,0,0,Urban,0,,,Fine,Null
1881125,5774198,6848,,539320,0,0,0,0,0,West,2008/2009,HOMEDALE ST,GEM ST,,Non-Injury Crash,No,2009,0,West,0,0,1,Flat,0,,0,,0,Dark,1230723,0,0,0,2,0,0,0,0,0,,0,0,Bay of Plenty Region,Nil,2-way,Sealed,0,0,0,0,50,0,On,1,0,,24,Rotorua District,Nil,0,0,0,0,0,0,Urban,0,0,0,Fine,Null
1566183,5173465,6849,,587847,0,0,0,1,0,North,2008/2009,SUTHERLANDS ROAD,CASHMERE ROAD,,Non-Injury Crash,No,2009,0,South,1,0,0,Flat,0,,0,,0,Bright sun,2485300,0,0,0,2,0,0,0,0,0,,0,0,Canterbury Region,Nil,2-way,Sealed,0,0,0,0,80,0,Null,0,0,,60,Christchurch City,Unknown,0,0,0,0,0,0,Open,0,0,0,Fine,Null
1742463,5919994,6850,,513212,0,,0,1,,West,2009/2010,BIRDWOOD ROAD,GLEN ROAD,,Non-Injury Crash,No,2009,,West,,0,,Flat,,,,,,Dark,238101,0,0,0,2,,,0,,,,,,Auckland Region,Nil,2-way,Sealed,,0,0,,50,,On,0,0,,76,Auckland,Stop,,,,,0,0,Urban,0,,,Light rain,Null
1719756,6045988,6851,,503100,0,,0,1,,Null,2008/2009,RIVERSIDE DRIVE,QUAY ST,,Non-Injury Crash,No,2009,,South,,0,,Flat,,,,,,Bright sun,99903,0,0,0,6,,,0,,,,,,Northland Region,Nil,2-way,Sealed,,0,0,,50,,Off,0,0,,2,Whangarei District,Give way,,,,,0,0,Urban,1,,,Fine,Null
1750415,5913542,6852,,511303,0,0,0,2,0,East,2009/2010,NEVILLE ST,ASTLEY AVENUE,,Non-Injury Crash,No,2009,0,West,0,0,0,Flat,0,,0,,0,Bright sun,265300,0,0,0,2,0,0,0,0,1,,0,0,Auckland Region,Nil,2-way,Sealed,0,0,0,0,50,0,Off,0,0,,76,Auckland,Nil,0,0,0,0,0,0,Urban,0,0,0,Fine,Null
1706933,6019042,6853,,501811,0,,0,1,,South,2008/2009,ARARUA ROAD,WAIOTIRA ROAD,,Non-Injury Crash,No,2009,,North,,0,,Flat,,,,,,Overcast,77000,0,0,0,1,,,0,,,,,,Northland Region,Nil,2-way,Unsealed,,0,0,,100,,Null,0,0,,2,Whangarei District,Unknown,,,,,0,0,Open,1,,,Fine,Null
1757145,5920259,6854,,514102,0,,0,2,,South,2008/2009,MAYORAL DRIVE,WELLESLEY ST WEST,,Non-Injury Crash,No,2009,,North,,0,,Hill Road,,,,,,Dark,434300,0,0,0,4,,,0,,,,,,Auckland Region,Nil,2-way,Sealed,,0,0,,50,,On,0,0,,76,Auckland,Nil,,,,,0,0,Urban,0,,,Fine,Null
1750826,5955471,6855,,506613,0,,0,1,,East,2008/2009,HIBISCUS COAST HIGHWAY,FOWLER ACCESS ROAD,,Non-Injury Crash,No,2009,,East,,0,,Flat,,,,,,Bright sun,147000,0,0,0,2,,,0,,,,,,Auckland Region,Nil,2-way,Sealed,,0,0,,60,,Off,3,0,,76,Auckland,Nil,,,,,0,0,Urban,0,,,Fine,Null
1762067,5438546,6856,,569500,0,,0,1,,West,2008/2009,SH 2,OWEN ST,,Non-Injury Crash,Yes,2009,,South,,0,,Flat,,,,,,Overcast,1917500,0,0,0,2,,,0,,,,,,Wellington Region,Nil,2-way,Sealed,,0,0,,100,,Null,1,0,,46,Lower Hutt City,Nil,,,,,0,0,Open,0,,,Light rain,Null
1244261,4847622,6857,,611602,1,,0,1,,North,2009/2010,POMONA ST,TRAMWAY ROAD,,Minor Crash,No,2009,,South,,0,,Flat,,,,,,Overcast,3148900,1,0,0,2,,,0,,,,,,Southland Region,Nil,2-way,Sealed,,0,0,,50,,Null,0,0,,75,Invercargill City,Nil,,,,,0,0,Urban,0,,,Fine,Null
1765325,5917090,6858,,517001,0,0,1,1,0,East,2009/2010,TANIWHA ST,APIRANA AVENUE,,Non-Injury Crash,No,2009,0,East,0,0,0,Flat,0,,0,,0,Bright sun,475600,0,0,0,2,0,0,0,0,1,,0,0,Auckland Region,Nil,2-way,Sealed,0,0,0,0,50,0,Null,0,0,,76,Auckland,Unknown,0,0,0,0,0,0,Urban,0,0,0,Fine,Null
1756426,5924528,6859,,509702,0,,0,1,,North,2009/2010,SH 1N,SEART OFF SBD,,Non-Injury Crash,Yes,2009,,South,,0,,Flat,,,,,,Bright sun,366700,0,0,0,4,,,0,,,,,,Auckland Region,Nil,2-way,Sealed,,0,0,,100,,Off,0,0,,76,Auckland,Nil,,,,,1,0,Open,0,,,Fine,Null
1760269,5906248,6860,,524200,0,,0,2,,West,2009/2010,MASSEY ROAD,PLUMLEY CRESCENT E,,Non-Injury Crash,No,2009,,West,,0,,Flat,,,,,,Bright sun,728001,0,0,0,2,,,0,,,,,,Auckland Region,Nil,2-way,Sealed,,0,0,,60,,Off,0,0,,76,Auckland,Nil,,,,,0,0,Urban,0,,,Fine,Null
1718771,6048689,6861,,502300,0,,0,2,,South,2008/2009,KAMO ROAD,WHAU VALLEY ROAD,,Non-Injury Crash,No,2009,,South,,0,,Hill Road,,,,,,Bright sun,89400,0,0,0,4,,,0,,,,,,Northland Region,Nil,2-way,Sealed,,0,0,,50,,Null,2,0,,2,Whangarei District,Traffic Signals,,,,,0,0,Urban,0,,,Fine,Null
1896561,5569777,6862,,549200,0,0,0,1,0,West,2009/2010,ASHCOTT ROAD,SH 2,,Non-Injury Crash,No,2009,0,West,0,0,1,Flat,0,,0,,0,Dark,1515300,0,0,0,2,0,0,0,1,0,,0,0,Hawke's Bay Region,Nil,2-way,Sealed,0,0,0,0,100,0,None,0,0,,32,Central Hawke's Bay District,Nil,0,0,0,0,0,0,Open,0,0,0,Fine,Null
1757822,5447420,6863,,572100,0,0,0,2,0,South,2008/2009,KAHU ROAD,OAK AVENUE,,Non-Injury Crash,No,2009,0,West,0,0,1,Hill Road,0,,1,,0,Dark,2070903,0,0,0,2,0,0,0,0,1,,0,0,Wellington Region,Nil,2-way,Sealed,0,0,0,0,50,0,On,0,0,,44,Porirua City,Nil,0,0,0,0,0,0,Urban,0,0,0,Fine,Null
1756551,5912604,6864,,518701,0,0,0,1,0,North,2009/2010,LITTLEJOHN ST,HILLSBOROUGH ROAD,,Non-Injury Crash,No,2009,0,North,0,0,0,Flat,0,,0,,0,Overcast,572100,0,0,0,1,0,0,0,0,1,,0,0,Auckland Region,Nil,2-way,Sealed,0,0,0,0,50,0,Off,0,0,,76,Auckland,Stop,0,0,0,0,0,0,Urban,1,0,0,Fine,Null
1710009,5647158,6865,,553003,0,0,0,1,0,South,2008/2009,SH 3,MONMOUTH ROAD,,Non-Injury Crash,Yes,2009,0,South,0,0,0,Flat,0,,0,,0,Bright sun,1622300,0,0,0,2,0,0,0,0,0,,0,0,Taranaki Region,Nil,2-way,Sealed,0,0,0,0,100,0,Null,0,0,,34,Stratford District,Nil,0,0,0,1,0,0,Open,0,0,0,Fine,Null
1761284,5914465,6866,,520202,0,,0,1,,North,2009/2010,SH 1N,PENROSE INT N,,Non-Injury Crash,Yes,2009,,North,,0,,Flat,,,,,,Twilight,612100,0,0,0,4,,,0,,,,,,Auckland Region,Nil,1-way,Sealed,,0,0,,100,,Off,1,0,,76,Auckland,Unknown,,,,,0,0,Open,1,,,Fine,Null
1768673,5906052,6867,,523711,0,,0,2,,East,2009/2010,DAWSON ROAD,OTHELLO DRIVE,,Non-Injury Crash,No,2009,,East,,0,,Flat,,,,,,Bright sun,713005,0,0,0,2,,,0,,,,,,Auckland Region,Nil,2-way,Sealed,,0,0,,50,,Off,0,0,,76,Auckland,Nil,,,,,0,0,Urban,0,,,Fine,Null
1740703,5927553,6868,,513701,0,,0,2,,Null,2009/2010,SH 16,TAUPAKI ROAD,,Non-Injury Crash,Yes,2009,,West,,0,,Flat,,,,,,Unknown,220200,0,0,0,2,,,0,,,,,,Auckland Region,Nil,2-way,Sealed,,0,0,,100,,On,0,0,,76,Auckland,Give way,,,,,0,0,Open,0,,,Fine,Null
1764242,5912337,6869,,520500,0,,0,2,,South,2009/2010,SH 1N,MT WGTN OBR,,Non-Injury Crash,Yes,2009,,North,,0,,Hill Road,,,,,,Bright sun,639500,0,0,0,2,,,0,,,,,,Auckland Region,Nil,1-way,Sealed,,0,0,,100,,Off,1,0,,76,Auckland,Nil,,,,,0,0,Open,0,,,Fine,Null
1573084,5181664,6870,,593400,0,0,0,1,0,West,2008/2009,ROBSON AVENUE,AVONSIDE DRIVE,,Non-Injury Crash,No,2009,0,West,0,0,1,Flat,0,,0,,0,Bright sun,2615100,0,0,0,2,0,0,0,0,0,,0,0,Canterbury Region,Nil,2-way,Sealed,0,0,0,0,50,0,Null,0,0,,60,Christchurch City,Nil,0,0,0,0,0,0,Urban,0,0,0,Fine,Null
1762932,5917441,6871,,516301,0,0,0,4,0,Null,2009/2010,ST JOHNS ROAD,GERARD WAY,,Non-Injury Crash,No,2009,0,North,0,0,0,Flat,0,,0,,0,Twilight,461000,0,0,0,4,0,0,0,0,2,,0,0,Auckland Region,Nil,2-way,Sealed,0,0,0,0,50,0,On,0,0,,76,Auckland,Traffic Signals,0,0,0,0,0,0,Urban,0,0,0,Fine,Null
1767711,5911997,6872,,522910,0,,0,2,,West,2008/2009,TI RAKAU DRIVE,GOSSAMER DRIVE,,Non-Injury Crash,No,2009,,East,,0,,Flat,,,,,,Bright sun,687700,0,0,0,4,,,0,,,,,,Auckland Region,Nil,2-way,Sealed,,0,0,,60,,Off,0,0,,76,Auckland,Nil,,,,,0,0,Urban,0,,,Fine,Null
1881457,5781249,6873,,538601,0,,0,1,,Null,2009/2010,SH 36,WIKARAKA ST,,Non-Injury Crash,Yes,2009,,South,,0,,Flat,,,,,,Dark,1248400,0,0,0,2,,,0,,,,,,Bay of Plenty Region,Nil,2-way,Sealed,,0,0,,70,,On,0,0,,24,Rotorua District,Give way,,,,,0,0,Urban,1,,,Light rain,Null
1756064,5917471,6874,,518102,0,0,1,1,0,North,2008/2009,DOMINION ROAD,VALLEY ROAD,,Non-Injury Crash,No,2009,0,North,0,0,0,Flat,0,,0,,0,Overcast,546000,0,0,0,4,0,0,0,0,1,,0,0,Auckland Region,Nil,2-way,Sealed,0,0,0,0,50,0,Off,0,0,,76,Auckland,Nil,0,0,0,0,0,0,Urban,0,0,0,Fine,Null
1763660,5438440,6875,,568401,0,0,0,1,0,Null,2009/2010,HIGH ST,OXFORD TERRACE,,Non-Injury Crash,No,2009,0,West,0,0,0,Flat,0,,0,,0,Dark,1944800,0,0,0,2,0,0,0,0,1,,0,0,Wellington Region,Nil,2-way,Sealed,0,0,0,0,50,0,On,0,0,,46,Lower Hutt City,Give way,0,0,0,0,0,0,Urban,1,0,0,Light rain,Null
1857662,5839458,6876,,535800,0,,0,1,,East,2009/2010,SH 2,JOCELYN ST,,Non-Injury Crash,Yes,2009,,East,,0,,Flat,,,,,,Overcast,1183501,0,0,0,4,,,0,,,,,,Bay of Plenty Region,Nil,2-way,Sealed,,0,0,,50,,Null,0,0,,22,Western Bay of Plenty District,Unknown,,,,,1,0,Urban,0,,,Light rain,Null
1757309,5919987,6877,,514103,0,0,0,2,0,North,2008/2009,WAKEFIELD ST,MAYORAL DRIVE,,Non-Injury Crash,No,2009,0,South,0,0,0,Hill Road,0,,0,,0,Dark,436600,0,0,0,2,0,0,0,0,1,,0,0,Auckland Region,Nil,2-way,Sealed,0,0,0,0,50,0,On,0,0,,76,Auckland,Unknown,0,0,0,0,0,0,Urban,0,0,0,Fine,Null
1764409,5912516,6878,,520500,0,,0,1,,West,2009/2010,CLEMOW DRIVE,CARBINE ROAD,,Non-Injury Crash,No,2009,,East,,0,,Flat,,,,,,Bright sun,639100,0,0,0,2,,,0,,,,,,Auckland Region,Nil,2-way,Sealed,,0,0,,50,,Off,0,0,,76,Auckland,Nil,,,,,1,0,Urban,0,,,Fine,Null
1753560,5927928,6879,,508210,0,,0,2,,Null,2009/2010,GLENFIELD ROAD,KAIPATIKI ROAD,,Non-Injury Crash,No,2009,,South,,0,,Flat,,,,,,Dark,186800,0,0,0,2,,,0,,,,,,Auckland Region,Nil,2-way,Sealed,,0,0,,50,,On,0,0,,76,Auckland,Traffic Signals,,,,,0,0,Urban,0,,,Light rain,Null
1718815,6051072,6880,35,502102,0,0,0,1,0,South,2008/2009,CORKS ROAD,STATION ROAD,,Non-Injury Crash,No,2009,0,South,0,0,0,Hill Road,0,,0,,1,Dark,84400,0,0,0,2,0,0,0,0,0,,0,0,Northland Region,Nil,2-way,Sealed,0,0,0,0,50,0,On,0,0,,2,Whangarei District,Unknown,0,0,0,1,0,0,Urban,0,0,0,Light rain,Null
1769479,5902091,6881,,523814,0,,0,1,,North,2009/2010,SH 1N,HILL OBR,,Non-Injury Crash,Yes,2009,,South,,0,,Flat,,,,,,Dark,760702,0,0,0,6,,,0,,,,,,Auckland Region,Nil,2-way,Sealed,,0,0,,100,,On,0,0,,76,Auckland,Nil,,,,,1,0,Open,0,,,Fine,Null
1496345,5170357,6882,,597720,0,,0,1,,East,2009/2010,RAKAIA BARRHILL METHVEN R,VAUGHANS ROAD,,Serious Crash,No,2009,,East,,0,,Flat,,,,,,Bright sun,2751300,1,0,0,2,,,0,,,,,,Canterbury Region,Nil,2-way,Sealed,,0,1,,100,,Null,0,0,,63,Ashburton District,Nil,,,,,1,0,Open,0,,,Fine,Null
1787608,5758297,6883,,531720,0,0,0,0,0,South,2008/2009,SH 3,OPARURE ROAD,,Non-Injury Crash,Yes,2009,0,South,1,0,1,Flat,0,Queens Birthday,0,,0,Dark,1010701,0,0,0,2,0,0,0,0,0,,0,0,Waikato Region,Nil,2-way,Sealed,0,0,0,0,100,0,On,1,0,,20,Waitomo District,Nil,0,0,0,0,0,0,Open,0,0,0,Fine,Null
1855455,5855057,6884,,534200,0,0,0,1,0,West,2009/2010,WAIHI BEACH ROAD,TRIG ROAD NORTH,,Non-Injury Crash,No,2009,0,East,1,0,0,Flat,0,,0,,0,Dark,1083205,0,0,0,2,0,0,0,0,0,,0,0,Waikato Region,Nil,2-way,Sealed,0,0,0,0,100,0,None,0,0,,12,Hauraki District,Nil,0,0,0,0,0,0,Open,0,0,0,Fine,Null
1805594,5845763,6885,,527111,0,1,0,2,0,East,2008/2009,TAHUNA ROAD,MANGATEA ROAD,,Non-Injury Crash,No,2009,0,East,0,0,0,Flat,0,Easter,0,,0,Dark,941300,0,0,0,2,0,0,0,0,0,,0,0,Waikato Region,Bridge,2-way,Sealed,0,0,0,0,100,0,None,0,0,,13,Waikato District,Unknown,0,0,0,0,0,0,Open,0,0,0,Fine,Null
1756658,5928105,6886,,507900,0,,0,2,,East,2008/2009,SHAKESPEARE ROAD,BROOK ST,,Non-Injury Crash,No,2009,,East,,0,,Flat,,,,,,Bright sun,305600,0,0,0,2,,,0,,,,,,Auckland Region,Nil,2-way,Sealed,,0,0,,50,,Off,0,0,,76,Auckland,Nil,,,,,0,0,Urban,0,,,Fine,Null
1746529,5918770,6887,,512401,0,,0,2,,East,2009/2010,EDMONTON ROAD,SCHOOL ROAD,,Non-Injury Crash,No,2009,,East,,0,,Flat,,,,,,Overcast,255500,0,0,0,2,,,0,,,,,,Auckland Region,Nil,2-way,Sealed,,0,0,,50,,Null,0,0,,76,Auckland,Unknown,,,,,0,0,Urban,0,,,Fine,Null
1755866,5933079,6888,,507400,0,0,0,2,0,West,2009/2010,SUNRISE AVENUE,CLEMATIS AVENUE,,Non-Injury Crash,No,2009,0,West,0,0,0,Hill Road,0,,0,,0,Overcast,153000,0,0,0,2,0,0,0,0,1,,0,0,Auckland Region,Nil,2-way,Sealed,0,0,0,0,50,0,Null,0,0,,76,Auckland,Unknown,0,0,0,0,0,0,Urban,0,0,0,Fine,Null
1748169,5914157,6889,40,511700,0,,0,1,,North,2009/2010,ARCHIBALD ROAD,GREAT NORTH ROAD,,Non-Injury Crash,No,2009,,South,,0,,Flat,,,,,,Bright sun,270201,0,0,0,2,,,0,,,,,,Auckland Region,Nil,2-way,Sealed,,0,0,,50,,Off,1,0,,76,Auckland,Nil,,,,,0,0,Urban,0,,,Fine,Null
1752991,5913517,6890,,514500,0,0,0,1,0,East,2008/2009,ROSAMUND AVENUE,BOUNDARY ROAD,,Non-Injury Crash,No,2009,0,South,0,0,0,Flat,0,,0,,0,Dark,376102,0,0,0,2,0,0,0,0,1,,0,0,Auckland Region,Nil,2-way,Sealed,0,0,0,0,50,0,On,1,0,,76,Auckland,Nil,0,0,0,0,0,0,Urban,0,0,0,Light rain,Null
1891499,5784082,6891,35,538820,0,,0,1,,West,2008/2009,HAMURANA ROAD,SH 33,,Non-Injury Crash,No,2009,,South,,0,,Flat,,Christmas New Year,,,,Overcast,1250500,0,0,0,2,,,0,,,,,,Bay of Plenty Region,Nil,2-way,Sealed,,0,0,,100,,Null,1,0,,24,Rotorua District,Unknown,,,,,0,0,Open,0,,,Fine,Null
2035632,5708791,6892,,544400,0,0,0,1,0,West,2008/2009,LYNDHURST ST,STANLEY ROAD,,Non-Injury Crash,No,2009,0,West,0,0,0,Flat,0,,0,,0,Dark,1375900,0,0,0,2,0,0,0,0,0,,0,0,Gisborne Region,Nil,2-way,Sealed,0,0,0,0,50,0,On,0,0,,28,Gisborne District,Nil,0,0,0,1,0,0,Urban,0,0,0,Fine,Null
1785631,5762676,6893,,531720,0,0,0,1,0,West,2009/2010,SH 37,BROOKLEE ROAD,,Non-Injury Crash,Yes,2009,0,West,0,0,0,Flat,0,,0,,0,Dark,1020001,0,0,0,2,0,0,0,1,0,,0,0,Waikato Region,Nil,2-way,Sealed,0,0,0,0,100,0,None,0,0,,20,Waitomo District,Nil,0,0,0,0,0,0,Open,0,0,0,Fine,Null
1936763,5621506,6894,,546802,0,,0,2,,West,2008/2009,TENNYSON ST,CATHEDRAL LANE,,Non-Injury Crash,No,2009,,East,,0,,Flat,,,,,,Bright sun,1423600,0,0,0,2,,,0,,,,,,Hawke's Bay Region,Nil,2-way,Sealed,,0,0,,50,,Null,0,0,,31,Napier City,Nil,,,,,0,0,Urban,0,,,Fine,Null
1948761,5790613,6895,,542422,0,0,0,2,0,South,2009/2010,PAUL ST,HOTENE ST,,Non-Injury Crash,No,2009,0,North,0,0,0,Flat,0,,0,,0,Overcast,1313610,0,0,0,2,0,0,0,0,1,,0,0,Bay of Plenty Region,Nil,2-way,Sealed,0,0,0,0,50,0,Null,0,0,,25,Whakatane District,Unknown,0,0,0,0,0,0,Urban,0,0,0,Fine,Null
1770689,5900847,6896,,523816,0,0,0,3,0,South,2009/2010,STELLATA COURT,FOXLAW ST,,Non-Injury Crash,No,2009,0,East,0,0,0,Flat,0,,0,,0,Overcast,759728,0,0,0,1,0,0,0,0,2,,0,0,Auckland Region,Nil,2-way,Sealed,0,0,0,0,50,0,Off,0,0,,76,Auckland,Nil,0,0,0,0,0,0,Urban,0,0,0,Light rain,Null
1752568,5934749,6897,,508701,0,,0,1,,Null,2009/2010,OTEHA VALLEY ROAD,MUNROE LANE,,Non-Injury Crash,No,2009,,West,,0,,Flat,,,,,,Overcast,179000,0,0,0,4,,,0,,,,,,Auckland Region,Nil,2-way,Sealed,,0,0,,60,,Off,0,0,,76,Auckland,Give way,,,,,0,0,Urban,0,,,Light rain,Null
1801147,5821172,6898,,527009,0,,0,1,,Null,2009/2010,PORTOBELLO WAY,ST JAMES DRIVE,,Non-Injury Crash,No,2009,,West,,0,,Flat,,,,,,Bright sun,952318,0,0,0,2,,,0,,,,,,Waikato Region,Nil,2-way,Sealed,,0,0,,50,,Off,0,0,,16,Hamilton City,Give way,,,,,0,0,Urban,1,,,Fine,Null
1690140,5673177,6899,,551024,0,,0,1,,North,2009/2010,KARAMEA ST,MANUKA PLACE,,Non-Injury Crash,No,2009,,West,,0,,Hill Road,,,,,,Twilight,1556321,0,0,0,2,,,0,,,,,,Taranaki Region,Nil,2-way,Sealed,,0,0,,50,,Off,1,0,,33,New Plymouth District,Nil,,,,,0,0,Urban,0,,,Fine,Null
1754811,5933540,6900,,508804,0,,0,2,,North,2009/2010,EAST COAST ROAD,BROWNS BAY ROAD,,Non-Injury Crash,No,2009,,South,,0,,Hill Road,,,,,,Dark,156502,0,0,0,3,,,0,,,,,,Auckland Region,Nil,2-way,Sealed,,0,0,,50,,On,0,0,,76,Auckland,Traffic Signals,,,,,0,0,Urban,0,,,Fine,Null
1877297,5821600,6901,,538102,0,,0,2,,North,2008/2009,CAMERON ROAD,TWENTYFIRST AVENUE,,Non-Injury Crash,No,2009,,North,,0,,Flat,,Easter,,,,Bright sun,1170002,0,0,0,2,,,0,,,,,,Bay of Plenty Region,Nil,2-way,Sealed,,0,0,,50,,Null,0,0,,23,Tauranga City,Give way,,,,,0,0,Urban,0,,,Fine,Null
1769366,5911757,6902,,523107,0,0,0,2,0,North,2009/2010,BURSWOOD DRIVE,KENWICK PLACE,,Non-Injury Crash,No,2009,0,South,0,0,0,Flat,0,,0,,0,Dark,711403,0,0,0,2,0,0,0,0,1,,0,0,Auckland Region,Nil,2-way,Sealed,0,0,0,0,50,0,On,0,0,,76,Auckland,Unknown,0,0,0,0,0,0,Urban,0,0,0,Fine,Null
1743618,5917187,6903,,513220,0,,0,2,,Null,2008/2009,SUMMERLAND DRIVE,CHADLINGTON AVENUE,,Non-Injury Crash,No,2009,,North,,0,,Flat,,,,,,Overcast,236812,0,0,0,2,,,0,,,,,,Auckland Region,Nil,2-way,Sealed,,0,0,,50,,Null,0,0,,76,Auckland,Give way,,,,,0,0,Urban,0,,,Fine,Null
1801325,5814927,6904,,529700,0,,0,2,,South,2008/2009,VICTORIA ST,KNOX ST,,Non-Injury Crash,No,2009,,South,,0,,Flat,,,,,,Dark,912000,0,0,0,3,,,0,,,,,,Waikato Region,Nil,2-way,Sealed,,0,0,,50,,On,0,1,,16,Hamilton City,Unknown,,,,,0,0,Urban,0,,,Light rain,Null
1848425,5774714,6905,,535261,0,0,0,1,0,South,2008/2009,SH 1N,WILTSDOWN EAST,,Non-Injury Crash,Yes,2009,0,East,0,0,1,Hill Road,0,,0,,0,Bright sun,1133900,0,0,0,3,0,0,0,0,0,,0,0,Waikato Region,Nil,2-way,Sealed,0,0,0,0,100,0,Null,0,0,,19,South Waikato District,Unknown,0,0,0,0,0,0,Open,0,0,0,Fine,Null
1745320,5920114,6906,,513301,0,,0,2,,South,2009/2010,LINCOLN ROAD,DAYTONA ROAD,,Non-Injury Crash,No,2009,,North,,0,,Flat,,,,,,Bright sun,230401,0,0,0,2,,,0,,,,,,Auckland Region,Nil,2-way,Sealed,,0,0,,50,,Off,0,0,,76,Auckland,Nil,,,,,0,0,Urban,0,,,Fine,Null
1755825,5921156,6907,,515202,0,,0,2,,North,2008/2009,SH 1N,FANSHAWE OFF SBD,,Non-Injury Crash,Yes,2009,,South,,0,,Flat,,,,,,Overcast,425600,0,0,0,4,,,0,,,,,,Auckland Region,Nil,1-way,Sealed,,0,0,,80,,Null,0,0,,76,Auckland,Unknown,,,,,0,0,Open,0,,,Fine,Null
2036810,5708819,6908,,544600,0,,0,1,,East,2008/2009,GLADSTONE ROAD,CARNARVON ST,,Non-Injury Crash,No,2009,,West,,0,,Flat,,,,,,Dark,1373900,0,0,0,2,,,0,,,,,,Gisborne Region,Nil,2-way,Sealed,,0,0,,50,,On,1,0,,28,Gisborne District,Nil,,,,,0,0,Urban,0,,,Fine,Null
1754009,5917211,6909,,517600,0,,0,1,,Null,2009/2010,ST LUKES ROAD,NEW NORTH ROAD,,Non-Injury Crash,No,2009,,North,,0,,Flat,,,,,,Bright sun,534400,0,0,0,5,,,0,,,,,,Auckland Region,Nil,2-way,Sealed,,0,0,,50,,Off,0,0,,76,Auckland,Traffic Signals,,,,,1,0,Urban,0,,,Fine,Null
1802420,5818047,6910,,529503,0,0,0,2,0,South,2008/2009,TRAMWAY ROAD,INSOLL AVENUE,,Non-Injury Crash,No,2009,0,North,0,0,0,Flat,0,,0,,0,Dark,872400,0,0,0,2,0,0,0,0,1,,0,0,Waikato Region,Nil,2-way,Sealed,0,0,0,0,50,0,On,0,0,,16,Hamilton City,Unknown,0,0,0,0,0,0,Urban,0,0,0,Fine,Null
1789324,5518122,6911,,561300,0,0,0,0,0,East,2009/2010,SEABURY AVENUE,PRATT AVENUE,,Non-Injury Crash,No,2009,0,West,0,0,0,Flat,0,,1,,0,Bright sun,1783200,0,0,1,2,0,0,0,0,1,,0,0,Manawatū-Whanganui Region,Nil,2-way,Sealed,0,0,0,0,50,0,Null,0,0,,42,Horowhenua District,Nil,0,0,0,0,0,0,Urban,1,0,0,Fine,Null
1760766,5915413,6912,,520201,0,,0,3,,South,2009/2010,SH 1N,GREENLANE OFF NBD,,Non-Injury Crash,Yes,2009,,North,,0,,Flat,,,,,,Bright sun,613000,0,0,0,3,,,0,,,,,,Auckland Region,Nil,1-way,Sealed,,0,0,,100,,Off,0,0,,76,Auckland,Nil,,,,,0,0,Open,0,,,Fine,Null
1815020,5540438,6913,,561422,0,0,0,1,0,South,2008/2009,AWAHURI FEILDING ROAD,BONESS ROAD,,Non-Injury Crash,No,2009,0,North,1,0,0,Flat,0,,0,,0,Overcast,1789300,0,0,0,2,0,0,0,0,1,,0,0,Manawatū-Whanganui Region,Nil,2-way,Sealed,0,0,0,0,100,0,Null,1,0,,39,Manawatu District,Nil,0,0,0,0,0,0,Open,0,0,0,Heavy rain,Null
1754290,5930584,6914,,508420,0,0,0,2,0,West,2008/2009,ATHENA DRIVE,THALIA PLACE,,Non-Injury Crash,No,2009,0,West,0,0,0,Flat,0,,0,,0,Dark,182021,0,0,0,2,0,0,0,0,1,,0,0,Auckland Region,Nil,2-way,Sealed,0,0,0,0,50,0,On,0,0,,76,Auckland,Nil,0,0,0,0,0,0,Urban,0,0,0,Mist or Fog,Null