X,Y,OBJECTID,advisorySpeed,areaUnitID,bicycle,bridge,bus,carStationWagon,cliffBank,crashDirectionDescription,crashFinancialYear,crashLocation1,crashLocation2,crashRoadSideRoad,crashSeverity,crashSHDescription,crashYear,debris,directionRoleDescription,ditch,fatalCount,fence,flatHill,guardRail,holiday,houseOrBuilding,intersection,kerb,light,meshblockId,minorInjuryCount,moped,motorcycle,NumberOfLanes,objectThrownOrDropped,otherObject,otherVehicleType,overBank,parkedVehicle,pedestrian,phoneBoxEtc,postOrPole,region,roadCharacter,roadLane,roadSurface,roadworks,schoolBus,seriousInjuryCount,slipOrFlood,speedLimit,strayAnimal,streetLight,suv,taxi,temporarySpeedLimit,tlaId,tlaName,trafficControl,trafficIsland,trafficSign,train,tree,truck,unknownVehicleType,urban,vanOrUtility,vehicle,waterRiver,weatherA,weatherB
1774637,5577551,6915,,557100,0,0,0,1,0,South,2008/2009,INGESTRE ST,COLLEGE ST,,Non-Injury Crash,No,2009,0,South,0,0,0,Flat,0,,0,,0,Dark,1697300,0,0,0,2,0,0,0,0,0,,0,1,Manawatū-Whanganui Region,Nil,2-way,Sealed,0,0,0,0,50,0,On,0,0,,37,Whanganui District,Nil,0,0,0,0,0,0,Urban,0,0,0,Fine,Null
1752761,5916718,6916,,517901,0,,0,2,,Null,2008/2009,CARRINGTON ROAD,WILLCOTT ST,,Non-Injury Crash,No,2009,,East,,0,,Hill Road,,,,,,Bright sun,524500,0,0,0,2,,,0,,,,,,Auckland Region,Nil,2-way,Sealed,,0,0,,50,,Off,0,0,,76,Auckland,Stop,,,,,0,0,Urban,0,,,Fine,Null
1804418,5827052,6917,,527122,0,,0,1,,North,2008/2009,SH 1B GORDONTON,SH 1B TAYLOR,,Non-Injury Crash,Yes,2009,,South,,0,,Flat,,Queens Birthday,,,,Bright sun,953600,0,0,0,2,,,0,,,,,,Waikato Region,Nil,2-way,Sealed,,0,0,,100,,Off,0,0,,13,Waikato District,Nil,,,,,0,0,Open,0,,,Fine,Null
1931611,5616324,6918,,547200,0,,0,2,,Null,2008/2009,MEEANEE ROAD,GUPPY ROAD,,Non-Injury Crash,No,2009,,East,,0,,Flat,,,,,,Dark,1458700,0,0,0,2,,,0,,,,,,Hawke's Bay Region,Nil,2-way,Sealed,,0,0,,50,,On,0,0,,31,Napier City,Traffic Signals,,,,,0,0,Urban,0,,,Fine,Null
1759862,5434819,6919,,569002,0,,0,2,,Null,2008/2009,LUDLAM CRESCENT,WHITES LINE EAST,,Non-Injury Crash,No,2009,,South,,0,,Flat,,,,,,Overcast,1964200,0,0,0,2,,,0,,,,,,Wellington Region,Nil,2-way,Sealed,,0,0,,50,,Null,0,0,,46,Lower Hutt City,Give way,,,,,0,0,Urban,0,,,Fine,Null
1755724,5944103,6920,,505909,0,0,0,0,0,North,2008/2009,ELAN PLACE,RISHWORTH AVENUE,,Non-Injury Crash,No,2009,0,South,0,0,0,Hill Road,0,,1,,0,Overcast,174008,0,0,0,2,0,0,0,0,0,,0,0,Auckland Region,Nil,2-way,Sealed,0,0,0,0,50,0,Off,1,0,,76,Auckland,Nil,0,0,0,0,0,0,Urban,0,0,0,Fine,Null
1717945,6051269,6921,,502102,0,0,0,1,0,North,2009/2010,MCINNES AVENUE,OGLE CRESCENT,,Non-Injury Crash,No,2009,0,East,0,0,0,Hill Road,0,,0,,0,Dark,83500,0,0,0,1,0,0,0,0,0,,0,0,Northland Region,Nil,2-way,Sealed,0,0,0,0,50,0,On,0,0,,2,Whangarei District,Nil,0,0,0,1,0,0,Urban,0,0,0,Fine,Null
1764761,5916077,6922,,520301,0,0,0,1,0,North,2008/2009,MORRIN ROAD,KITSON PLACE,,Non-Injury Crash,No,2009,0,North,0,0,0,Flat,0,,0,,0,Overcast,465302,0,0,0,2,0,0,0,0,1,,0,0,Auckland Region,Nil,2-way,Sealed,0,0,0,0,50,0,Off,0,0,,76,Auckland,Nil,0,0,0,0,1,0,Urban,0,0,0,Fine,Null
1767785,5903864,6923,,524602,0,,0,2,,East,2008/2009,MANUKAU OFF NBD,GREAT SOUTH ROAD,,Non-Injury Crash,Yes,2009,,West,,0,,Flat,,,,,,Dark,780506,0,0,0,2,,,0,,,,,,Auckland Region,Motorway ramp,1-way,Sealed,,0,0,,50,,On,0,0,,76,Auckland,Traffic Signals,,,,,0,0,Urban,0,,,Fine,Null
1829660,5928882,6924,,533200,0,0,0,1,1,West,2009/2010,SH 25,QUARRY ROAD,,Non-Injury Crash,Yes,2009,0,West,0,0,0,Hill Road,0,,0,,0,Overcast,1045103,0,0,0,2,0,0,0,0,0,,0,0,Waikato Region,Nil,2-way,Sealed,0,0,0,0,100,0,Null,0,0,,11,Thames-Coromandel District,Unknown,0,0,0,0,0,0,Open,0,0,0,Light rain,Null
1790160,5841575,6925,,527401,0,0,0,1,0,North,2009/2010,HARRIS ST,FAIRFIELD AVENUE,,Non-Injury Crash,No,2009,0,North,0,0,0,Flat,0,,0,,1,Dark,851000,0,0,0,2,0,0,0,0,0,,0,0,Waikato Region,Nil,2-way,Sealed,0,0,0,0,50,0,On,0,0,,13,Waikato District,Unknown,0,0,0,0,0,0,Urban,0,0,0,Fine,Null
1764461,5918298,6926,,516602,0,0,0,2,0,South,2009/2010,KOHIMARAMA ROAD,WHYTEHEAD CRESCENT S,,Non-Injury Crash,No,2009,0,North,0,0,0,Flat,0,,0,,0,Dark,508200,0,0,0,2,0,0,0,0,1,,0,0,Auckland Region,Nil,2-way,Sealed,0,0,0,0,50,0,On,0,0,,76,Auckland,Nil,0,0,0,0,0,0,Urban,0,0,0,Fine,Null
1756766,5943710,6927,,505902,0,,0,2,,Null,2008/2009,WHANGAPARAOA ROAD,LADIES MILE,,Non-Injury Crash,No,2009,,South,,0,,Flat,,,,,,Overcast,174604,0,0,0,2,,,0,,,,,,Auckland Region,Nil,2-way,Sealed,,0,0,,50,,Off,0,0,,76,Auckland,Stop,,,,,0,0,Urban,0,,,Fine,Null
1751217,5915481,6928,,514401,0,,0,2,,East,2009/2010,ROSEBANK ROAD,GREAT NORTH ROAD,,Non-Injury Crash,No,2009,,East,,0,,Hill Road,,,,,,Bright sun,382200,0,0,0,2,,,0,,,,,,Auckland Region,Nil,2-way,Sealed,,0,0,,50,,Null,0,0,,76,Auckland,Unknown,,,,,0,0,Urban,0,,,Fine,Null
1817146,5800506,6929,,527504,0,,0,1,,Null,2009/2010,SHAKESPEARE ST,LAMB ST,,Non-Injury Crash,No,2009,,West,,0,,Flat,,Labour Weekend,,,,Bright sun,968102,0,0,0,2,,,0,,,,,,Waikato Region,Nil,2-way,Sealed,,0,0,,50,,Off,0,0,,17,Waipa District,Give way,,,,,1,0,Urban,0,,,Fine,Null
1758935,5913204,6930,,519820,0,,0,2,,Null,2008/2009,MOUNT SMART ROAD,ONEHUNGA MALL,,Non-Injury Crash,No,2009,,South,,0,,Flat,,,,,,Bright sun,599100,0,0,0,4,,,0,,,,,,Auckland Region,Nil,2-way,Sealed,,0,0,,50,,Null,0,0,,76,Auckland,Traffic Signals,,,,,0,0,Urban,0,,,Fine,Null
1600911,5448314,6931,,584303,0,,0,1,,South,2008/2009,SH 60,WHAKAREWA ST,,Non-Injury Crash,Yes,2009,,South,,0,,Flat,,,,,,Bright sun,2378201,0,0,0,2,,,0,,,,,,Tasman Region,Nil,2-way,Sealed,,0,0,,50,,Null,1,0,,51,Tasman District,Nil,,,,,0,0,Urban,0,,,Fine,Null
1797349,5819328,6932,,528403,0,,0,2,,Null,2008/2009,TE RAPA ROAD,MANCHESTER PLACE,,Non-Injury Crash,No,2009,,South,,0,,Flat,,,,,,Bright sun,907700,0,0,0,5,,,0,,,,,,Waikato Region,Nil,2-way,Sealed,,0,0,,60,,Null,0,0,,16,Hamilton City,Traffic Signals,,,,,0,0,Urban,0,,,Fine,Null
1849791,5764256,6933,,535360,0,,0,2,,Null,2009/2010,KAHU ST,ARAWA CRESCENT,,Non-Injury Crash,No,2009,,West,,0,,Flat,,,,,,Twilight,1145600,0,0,0,2,,,0,,,,,,Waikato Region,Nil,2-way,Sealed,,0,0,,50,,Off,0,0,,19,South Waikato District,Nil,,,,,0,0,Urban,0,,,Fine,Null
1744362,5427733,6934,,575100,0,0,0,1,0,East,2008/2009,WOODHOUSE AVENUE,SOUTH KARORI ROAD,,Non-Injury Crash,No,2009,0,West,0,0,0,Hill Road,0,,0,,0,Overcast,2116200,0,0,0,2,0,0,0,0,1,,0,0,Wellington Region,Nil,2-way,Sealed,0,0,0,0,50,0,Null,0,0,,47,Wellington City,Nil,0,0,0,0,0,0,Urban,1,0,0,Light rain,Null
1836225,5838119,6935,,534604,0,,0,1,,East,2008/2009,SH 26,FIRST AVENUE,,Non-Injury Crash,Yes,2009,,North,,0,,Flat,,,,,,Bright sun,1107100,0,0,0,2,,,0,,,,,,Waikato Region,Nil,2-way,Sealed,,0,0,,50,,Null,0,0,,15,Matamata-Piako District,Unknown,,,,,1,0,Urban,0,,,Fine,Null
1757915,5917162,6936,,515700,0,,0,1,,West,2009/2010,OWENS ROAD,GILLIES AVENUE,,Non-Injury Crash,No,2009,,East,,0,,Flat,,,,,,Bright sun,457600,0,0,0,2,,,0,,,,,,Auckland Region,Nil,2-way,Sealed,,0,0,,50,,Off,1,0,,76,Auckland,Nil,,,,,0,0,Urban,0,,,Fine,Null
1759619,5906338,6937,,524200,0,,0,2,,Null,2009/2010,JORDAN ROAD,KIRKBRIDE ROAD,,Non-Injury Crash,No,2009,,North,,0,,Flat,,,,,,Bright sun,727901,0,0,0,2,,,0,,,,,,Auckland Region,Nil,2-way,Sealed,,0,0,,50,,Null,0,0,,76,Auckland,Give way,,,,,0,0,Urban,0,,,Fine,Null
1757022,5916915,6938,,518202,0,,0,0,,Null,2009/2010,MOUNT EDEN ROAD,VALLEY ROAD,,Non-Injury Crash,No,2009,,East,,0,,Flat,,,,,,Overcast,550000,0,0,0,2,,,0,,,,,,Auckland Region,Nil,2-way,Sealed,,0,0,,50,,Off,1,0,,76,Auckland,Give way,,,,,0,0,Urban,1,,,Light rain,Null
1749560,5945448,6939,,505806,0,0,0,1,0,Null,2008/2009,EAST COAST ROAD,TAVERN ROAD,,Non-Injury Crash,No,2009,0,North,0,0,0,Hill Road,0,,0,,0,Twilight,176802,0,0,0,3,0,0,0,0,0,,0,0,Auckland Region,Nil,2-way,Sealed,0,0,0,0,80,0,Off,0,0,,76,Auckland,Stop,1,1,0,0,0,0,Open,0,0,0,Fine,Null
1755968,5921110,6940,,515202,0,,0,2,,North,2009/2010,SH 1N,FANSHAWE OFF SBD,,Non-Injury Crash,Yes,2009,,South,,0,,Flat,,,,,,Overcast,425600,0,0,0,4,,,0,,,,,,Auckland Region,Nil,1-way,Sealed,,0,0,,80,,Null,0,0,,76,Auckland,Unknown,,,,,0,0,Open,0,,,Fine,Null
1752631,5912551,6941,,518901,0,0,0,1,0,North,2008/2009,BOUNDARY ROAD,WHITE SWAN ROAD,,Non-Injury Crash,No,2009,0,South,0,0,0,Hill Road,0,,0,,0,Overcast,586600,0,0,0,2,0,0,0,0,0,,0,0,Auckland Region,Nil,2-way,Sealed,0,0,0,0,50,0,On,0,0,,76,Auckland,Nil,0,0,0,1,0,0,Urban,0,0,0,Light rain,Null
1751306,5946720,6942,,506001,0,,0,2,,South,2009/2010,WHANGAPARAOA ROAD,TAWHANA CRESCENT,,Non-Injury Crash,No,2009,,West,,0,,Hill Road,,,,,,Overcast,175501,0,0,0,2,,,0,,,,,,Auckland Region,Nil,2-way,Sealed,,0,0,,60,,Off,0,0,,76,Auckland,Nil,,,,,0,0,Urban,0,,,Heavy rain,Null
1756527,5918905,6943,,514200,0,,0,2,,Null,2008/2009,PIWAKAWAKA ST,NEWTON ROAD,,Non-Injury Crash,No,2009,,West,,0,,Flat,,,,,,Twilight,412800,0,0,0,2,,,0,,,,,,Auckland Region,Nil,2-way,Sealed,,0,0,,50,,On,0,0,,76,Auckland,Give way,,,,,0,0,Urban,0,,,Fine,Null
1764593,5905907,6944,,524303,0,0,0,1,0,North,2009/2010,STATION ROAD,HILLCREST ROAD,,Non-Injury Crash,No,2009,0,South,0,0,1,Flat,0,,0,,0,Dark,657500,0,0,0,2,0,0,0,0,0,,0,0,Auckland Region,Nil,2-way,Sealed,0,0,0,0,50,0,On,0,0,,76,Auckland,Nil,0,0,0,0,0,0,Urban,0,0,0,Fine,Null
1754254,5918542,6945,,515431,0,,0,2,,Null,2008/2009,GREAT NORTH ROAD,BULLOCK TRACK,,Non-Injury Crash,No,2009,,East,,0,,Flat,,,,,,Bright sun,405000,0,0,0,4,,,0,,,,,,Auckland Region,Nil,2-way,Sealed,,0,0,,50,,Null,0,0,,76,Auckland,Give way,,,,,0,0,Urban,0,,,Fine,Null
1801239,5815048,6946,,529700,0,0,0,2,0,North,2008/2009,VICTORIA ST,HOOD ST,,Non-Injury Crash,No,2009,0,North,0,0,0,Flat,0,,0,,0,Dark,912000,0,0,0,2,0,0,0,0,1,,0,0,Waikato Region,Nil,2-way,Sealed,0,0,0,0,50,0,On,0,0,,16,Hamilton City,Unknown,0,0,0,0,0,0,Urban,0,0,0,Fine,Null
1745063,5917750,6947,,510700,0,,0,1,,Null,2009/2010,GREAT NORTH ROAD,LINCOLN ROAD,,Non-Injury Crash,No,2009,,South,,0,,Flat,,,,,,Twilight,239501,0,0,0,4,,,0,,,,,,Auckland Region,Nil,2-way,Sealed,,0,0,,50,,On,0,0,,76,Auckland,Traffic Signals,,,,,0,0,Urban,0,,,Fine,Null
1885397,5771973,6948,,540600,0,,0,2,,Null,2008/2009,WARD AVENUE,DEERE AVENUE,,Non-Injury Crash,No,2009,,West,,0,,Flat,,,,,,Bright sun,1243300,0,0,0,2,,,0,,,,,,Bay of Plenty Region,Nil,2-way,Sealed,,0,0,,50,,Null,0,0,,24,Rotorua District,Give way,,,,,0,0,Urban,0,,,Fine,Null
1789513,5828934,6949,,528200,0,,0,2,,South,2008/2009,GREAT SOUTH ROAD,PRINCESS ST,,Non-Injury Crash,No,2009,,North,,0,,Flat,,,,,,Dark,857700,0,0,0,2,,,0,,,,,,Waikato Region,Nil,2-way,Sealed,,0,0,,50,,On,0,0,,13,Waikato District,Nil,,,,,0,0,Urban,0,,,Fine,Null
2039175,5707540,6950,,544702,0,,0,2,,East,2008/2009,HUXLEY ROAD,CRAIG ROAD,,Non-Injury Crash,No,2009,,South,,0,,Flat,,,,,,Dark,1383000,0,0,0,2,,,0,,,,,,Gisborne Region,Nil,2-way,Sealed,,0,0,,50,,On,0,0,,28,Gisborne District,Nil,,,,,0,0,Urban,0,,,Fine,Null
1758048,5913465,6951,,519710,0,,0,2,,Null,2009/2010,MOUNT ALBERT ROAD,ERSON AVENUE,,Non-Injury Crash,No,2009,,West,,0,,Flat,,,,,,Bright sun,596100,0,0,0,4,,,0,,,,,,Auckland Region,Nil,2-way,Sealed,,0,0,,50,,Off,0,0,,76,Auckland,Nil,,,,,0,0,Urban,0,,,Fine,Null
1765603,5906919,6952,,522301,0,,0,2,,North,2009/2010,GREAT SOUTH ROAD,KOLMAR ROAD,,Non-Injury Crash,No,2009,,South,,0,,Flat,,,,,,Dark,666800,0,0,0,4,,,0,,,,,,Auckland Region,Nil,2-way,Sealed,,0,0,,50,,On,0,0,,76,Auckland,Nil,,,,,0,0,Urban,0,,,Fine,Null
1800428,5816213,6953,,529700,0,,0,2,,Null,2009/2010,ULSTER ST,VICTORIA ST S,,Non-Injury Crash,No,2009,,South,,0,,Flat,,,,,,Dark,909402,0,0,0,2,,,0,,,,,,Waikato Region,Nil,2-way,Sealed,,0,0,,50,,On,0,0,,16,Hamilton City,Traffic Signals,,,,,0,0,Urban,0,,,Fine,Null
1753094,5934521,6954,,508704,0,0,0,0,0,South,2008/2009,SH 1N,OTEHA VALLEY OBR,,Non-Injury Crash,Yes,2009,0,South,0,0,0,Hill Road,1,,0,,0,Overcast,179113,0,0,0,3,0,0,0,0,0,,0,0,Auckland Region,Nil,1-way,Sealed,0,0,0,0,100,0,Off,0,0,,76,Auckland,Nil,0,0,0,0,0,0,Open,1,0,0,Fine,Null
1758964,5917076,6955,,516001,0,0,0,1,0,North,2008/2009,SH 1N,MARKET OBR,,Non-Injury Crash,Yes,2009,1,South,0,0,0,Flat,0,,0,,0,Dark,491200,0,0,0,4,0,0,0,0,0,,0,0,Auckland Region,Nil,1-way,Sealed,0,0,0,0,100,0,On,0,0,,76,Auckland,Nil,0,0,0,0,0,0,Open,0,0,0,Light rain,Null
1769508,5899789,6956,,525002,0,,0,0,,Null,2008/2009,MAHIA ROAD,GREAT SOUTH ROAD,,Non-Injury Crash,No,2009,,North,,0,,Flat,,,,,,Unknown,753900,0,0,0,2,,,0,,,,,,Auckland Region,Nil,2-way,Sealed,,0,0,,50,,Off,1,0,,76,Auckland,Traffic Signals,,,,,1,0,Urban,0,,,Null,Null
1748444,5427073,6957,,573101,0,,0,1,,Null,2009/2010,SH 1N VIVIAN,VICTORIA ST,,Non-Injury Crash,Yes,2009,,South,,0,,Hill Road,,,,,,Bright sun,2131600,0,0,0,4,,,0,,,,,,Wellington Region,Nil,2-way,Sealed,,0,0,,50,,Null,0,0,,47,Wellington City,Traffic Signals,,,,,0,0,Urban,1,,,Fine,Null
1757386,5910142,6958,,524001,1,,0,1,,Null,2009/2010,KIWI ESPLANADE,YORKTON RISE,,Non-Injury Crash,No,2009,,West,,0,,Flat,,,,,,Bright sun,720300,0,0,0,2,,,0,,,,,,Auckland Region,Nil,2-way,Sealed,,0,0,,50,,Null,0,0,,76,Auckland,Give way,,,,,0,0,Urban,0,,,Fine,Null
1760356,5916094,6959,,516003,0,,0,2,,Null,2008/2009,GREEN LANE EAST,ELLERSLIE RACECOURSE DRIV,,Non-Injury Crash,No,2009,,West,,0,,Flat,,,,,,Twilight,494902,0,0,0,2,,,0,,,,,,Auckland Region,Nil,2-way,Sealed,,0,0,,50,,Off,0,0,,76,Auckland,Traffic Signals,,,,,0,0,Urban,0,,,Fine,Null
1803866,5803798,6960,,527932,0,0,0,1,0,North,2009/2010,SH 3,DOUCH ROAD,,Non-Injury Crash,Yes,2009,0,North,1,0,0,Hill Road,0,Labour Weekend,0,,0,Dark,985100,0,0,0,4,0,1,0,0,0,,0,1,Waikato Region,Nil,2-way,Sealed,0,0,0,0,100,0,None,0,0,,17,Waipa District,Unknown,0,0,0,0,0,0,Open,0,0,0,Light rain,Null
1798379,5816993,6961,,528800,0,0,0,1,0,Null,2009/2010,KINGSWAY CRESCENT,STOREY AVENUE,,Non-Injury Crash,No,2009,0,East,0,0,1,Hill Road,0,,0,,0,Bright sun,902300,0,0,0,2,0,0,0,0,0,,0,0,Waikato Region,Nil,2-way,Sealed,0,0,0,0,50,0,Null,0,0,,16,Hamilton City,Nil,0,0,0,0,0,0,Urban,0,0,0,Fine,Null
1751177,5915045,6962,,514402,0,,0,1,,Null,2008/2009,GREAT NORTH ROAD,WINGATE ST,,Non-Injury Crash,No,2009,,North,,0,,Flat,,,,,,Dark,381000,0,0,0,2,,,0,,,,,,Auckland Region,Nil,2-way,Sealed,,0,0,,50,,On,1,0,,76,Auckland,Give way,,,,,0,0,Urban,0,,,Fine,Null
1799032,5814629,6963,,529000,0,0,0,1,0,North,2008/2009,SH 1N,KILLARNEY ROAD,,Non-Injury Crash,Yes,2009,0,North,0,0,0,Flat,0,,0,,0,Overcast,918400,0,0,1,4,0,0,0,0,1,,0,0,Waikato Region,Nil,2-way,Sealed,0,0,0,0,50,0,Null,0,0,,16,Hamilton City,Unknown,0,0,0,0,0,0,Urban,0,0,0,Light rain,Null
1881635,5774785,6964,,539400,0,,0,2,,Null,2008/2009,CLAYTON ROAD,EDMUND ROAD,,Non-Injury Crash,No,2009,,West,,0,,Flat,,,,,,Dark,1224100,0,0,0,2,,,0,,,,,,Bay of Plenty Region,Nil,2-way,Sealed,,0,0,,50,,On,0,0,,24,Rotorua District,Stop,,,,,0,0,Urban,0,,,Fine,Null
2066455,5825653,6965,,543301,0,,0,0,,West,2008/2009,SH 35,WHARF ROAD,,Non-Injury Crash,Yes,2009,,East,,0,,Hill Road,,,,,,Overcast,1342400,0,0,1,2,,,0,,,,,,Gisborne Region,Nil,2-way,Sealed,,0,0,,100,,Null,0,0,,28,Gisborne District,Nil,,,,,0,0,Open,0,,,Fine,Null
1740336,5929493,6966,,505604,0,0,0,1,0,Null,2008/2009,OLD NORTH ROAD,RIVERHEAD ROAD,,Non-Injury Crash,No,2009,0,North,0,0,1,Flat,0,,0,,0,Dark,214204,0,0,0,1,0,0,0,0,0,,0,0,Auckland Region,Nil,1-way,Sealed,0,0,0,0,80,0,On,0,0,,76,Auckland,Give way,0,0,0,0,0,0,Open,0,0,0,Fine,Null
1800496,5815343,6967,,529700,1,,0,1,,East,2008/2009,BRYCE ST,TRISTRAM ST,,Non-Injury Crash,No,2009,,East,,0,,Flat,,,,,,Overcast,910900,0,0,0,2,,,0,,,,,,Waikato Region,Nil,2-way,Sealed,,0,0,,50,,Null,0,0,,16,Hamilton City,Unknown,,,,,0,0,Urban,0,,,Fine,Null
1573834,5184394,6968,,590505,0,,0,1,,Null,2008/2009,LAKEWOOD DRIVE,SENECA PLACE,,Minor Crash,No,2009,,West,,0,,Flat,,,,,,Overcast,2506305,1,0,1,2,,,0,,,,,,Canterbury Region,Nil,2-way,Sealed,,0,0,,50,,Null,0,1,,60,Christchurch City,Nil,,,,,0,0,Urban,0,,,Light rain,Null
1755078,5928918,6969,,508320,0,0,0,1,0,West,2009/2010,DIANA DRIVE,WAIRAU ROAD,,Non-Injury Crash,No,2009,0,West,0,0,1,Flat,0,,0,,0,Dark,196700,0,0,0,2,0,0,0,0,0,,0,0,Auckland Region,Nil,2-way,Sealed,0,0,0,0,50,0,On,0,0,,76,Auckland,Nil,0,0,0,0,0,0,Urban,0,0,0,Light rain,Null
1759332,5436256,6970,,569100,0,0,0,2,0,South,2008/2009,Z CPK RIVER BANK,ANDREWS/DALY,,Non-Injury Crash,No,2009,0,North,0,0,0,Flat,0,,0,,0,Twilight,1966700,0,0,0,0,0,0,0,0,1,,0,0,Wellington Region,Nil,Off road,Sealed,0,0,0,0,50,0,None,0,0,,46,Lower Hutt City,Nil,0,0,0,0,0,0,Urban,0,0,0,Fine,Null
1816908,5803546,6971,,527503,0,,0,2,,Null,2008/2009,SH 1N,WHITAKER ST,,Non-Injury Crash,Yes,2009,,South,,0,,Flat,,,,,,Overcast,962602,0,0,0,2,,,0,,,,,,Waikato Region,Nil,2-way,Sealed,,0,0,,50,,Null,0,0,,17,Waipa District,Stop,,,,,0,0,Urban,0,,,Fine,Null
1756500,5926292,6972,,509702,0,,0,2,,Null,2008/2009,AKORANGA DRIVE,COLLEGE ROAD,,Non-Injury Crash,No,2009,,North,,0,,Flat,,,,,,Overcast,364602,0,0,0,5,,,0,,,,,,Auckland Region,Nil,2-way,Sealed,,0,0,,50,,Off,0,0,,76,Auckland,Traffic Signals,,,,,0,0,Urban,0,,,Fine,Null
1949801,5791312,6973,,542410,1,0,0,1,0,West,2008/2009,LANDING ROAD,EIVERS ROAD,,Non-Injury Crash,No,2009,0,West,0,0,0,Flat,0,,0,,0,Bright sun,1309702,0,0,0,2,0,0,0,0,1,,0,0,Bay of Plenty Region,Nil,2-way,Sealed,0,0,0,0,50,0,Null,0,0,,25,Whakatane District,Give way,0,0,0,0,0,0,Urban,0,0,0,Fine,Null
1693067,5676422,6974,,551800,0,,0,2,,Null,2008/2009,LIARDET ST,GILL ST,,Non-Injury Crash,No,2009,,North,,0,,Flat,,,,,,Bright sun,1593800,0,0,0,2,,,0,,,,,,Taranaki Region,Nil,2-way,Sealed,,0,0,,50,,Null,0,0,,33,New Plymouth District,Give way,,,,,0,0,Urban,0,,,Fine,Null
1744889,5921156,6975,,513632,0,,0,2,,Null,2008/2009,TRIANGLE ROAD,HURUHURU ROAD,,Non-Injury Crash,No,2009,,North,,0,,Flat,,,,,,Overcast,228702,0,0,0,1,,,0,,,,,,Auckland Region,Nil,2-way,Sealed,,0,0,,50,,Off,0,0,,76,Auckland,Give way,,,,,0,0,Urban,0,,,Light rain,Null
1782284,5879095,6976,,521135,0,,0,2,,Null,2009/2010,SERPELL ROAD,SH 2,,Non-Injury Crash,Yes,2009,,South,,0,,Flat,,,,,,Dark,841900,0,0,0,2,,,0,,,,,,Waikato Region,Nil,2-way,Unsealed,,0,0,,100,,None,0,0,,13,Waikato District,Nil,,,,,0,0,Open,0,,,Fine,Null
1755828,5919551,6977,,514000,0,0,0,2,0,North,2009/2010,PONSONBY ROAD,POLLEN ST,,Non-Injury Crash,No,2009,0,North,0,0,0,Flat,0,,0,,0,Dark,414500,0,0,0,4,0,0,0,0,0,,0,0,Auckland Region,Nil,2-way,Sealed,0,0,0,0,50,0,On,0,1,,76,Auckland,Nil,0,0,0,0,0,0,Urban,0,1,0,Fine,Null
1772820,5875077,6978,,526200,0,0,0,0,0,North,2008/2009,HARRISVILLE ROAD,DOMINION ROAD,,Non-Injury Crash,No,2009,0,South,0,0,1,Hill Road,0,,0,,0,Dark,838200,0,0,0,2,0,0,0,0,0,,0,1,Waikato Region,Nil,2-way,Sealed,0,0,0,0,50,0,On,1,0,,13,Waikato District,Nil,0,0,0,0,0,0,Urban,0,0,0,Fine,Null
1783952,5894521,6979,,521132,0,0,0,1,0,Null,2009/2010,HUNUA ROAD,WHITE ROAD,,Non-Injury Crash,No,2009,0,East,0,0,1,Flat,0,Christmas New Year,0,,0,Dark,816100,0,0,0,2,0,0,0,0,0,,0,0,Auckland Region,Nil,2-way,Sealed,0,0,0,0,100,0,None,0,0,,76,Auckland,Give way,0,0,0,0,0,0,Open,0,0,0,Fine,Null
1764408,5904675,6980,,522100,0,0,0,1,0,Null,2009/2010,GIFFORD ROAD,WYLLIE ROAD,,Non-Injury Crash,No,2009,0,South,0,0,0,Flat,0,,0,,0,Overcast,659200,0,0,0,2,0,0,0,0,0,,0,1,Auckland Region,Nil,2-way,Sealed,0,0,0,0,50,0,Off,0,0,,76,Auckland,Give way,0,0,0,0,0,0,Urban,0,0,0,Light rain,Null
1691832,5675659,6981,,551900,0,,0,1,,North,2008/2009,CUTFIELD ROAD,VIVIAN ST,,Non-Injury Crash,No,2009,,North,,0,,Flat,,,,,,Bright sun,1589600,0,0,0,2,,,0,,,,,,Taranaki Region,Nil,2-way,Sealed,,0,0,,50,,Null,0,0,,33,New Plymouth District,Nil,,,,,0,0,Urban,1,,,Fine,Null
1769981,5900668,6982,,523816,0,,0,1,,North,2009/2010,SHIFNAL DRIVE,RIVERTON DRIVE,,Non-Injury Crash,No,2009,,North,,0,,Flat,,,,,,Dark,759734,0,0,0,2,,,0,,,,,,Auckland Region,Nil,2-way,Sealed,,0,0,,50,,On,1,0,,76,Auckland,Nil,,,,,0,0,Urban,0,,,Fine,Null
1699379,5678801,6983,,550901,0,0,0,1,0,East,2008/2009,ANTONIA PLACE,MURRAY ST,,Non-Injury Crash,No,2009,0,North,0,0,0,Flat,0,,0,,0,Dark,1561702,0,0,0,2,0,0,0,0,1,,0,0,Taranaki Region,Nil,2-way,Sealed,0,0,0,0,50,0,None,0,0,,33,New Plymouth District,Nil,0,0,0,0,0,0,Urban,1,0,0,Fine,Null
1808628,5819850,6984,,527125,0,0,0,1,0,Null,2008/2009,SH 1B TELEPHONE,HOLLAND ROAD,,Non-Injury Crash,Yes,2009,0,South,1,0,0,Flat,0,,0,,0,Overcast,955500,0,0,0,2,0,0,0,0,0,,0,0,Waikato Region,Nil,2-way,Sealed,0,0,0,0,100,0,Off,0,0,,13,Waikato District,Stop,0,0,0,0,0,0,Open,0,0,0,Light rain,Null