X,Y,OBJECTID,advisorySpeed,areaUnitID,bicycle,bridge,bus,carStationWagon,cliffBank,crashDirectionDescription,crashFinancialYear,crashLocation1,crashLocation2,crashRoadSideRoad,crashSeverity,crashSHDescription,crashYear,debris,directionRoleDescription,ditch,fatalCount,fence,flatHill,guardRail,holiday,houseOrBuilding,intersection,kerb,light,meshblockId,minorInjuryCount,moped,motorcycle,NumberOfLanes,objectThrownOrDropped,otherObject,otherVehicleType,overBank,parkedVehicle,pedestrian,phoneBoxEtc,postOrPole,region,roadCharacter,roadLane,roadSurface,roadworks,schoolBus,seriousInjuryCount,slipOrFlood,speedLimit,strayAnimal,streetLight,suv,taxi,temporarySpeedLimit,tlaId,tlaName,trafficControl,trafficIsland,trafficSign,train,tree,truck,unknownVehicleType,urban,vanOrUtility,vehicle,waterRiver,weatherA,weatherB
1755915,5918493,6985,,517500,0,,0,2,,West,2009/2010,SH 16,NEWTON ON WBD,,Non-Injury Crash,Yes,2009,,West,,0,,Flat,,,,,,Bright sun,529200,0,0,0,6,,,0,,,,,,Auckland Region,Nil,2-way,Sealed,,0,0,,100,,Off,0,0,,76,Auckland,Nil,,,,,0,0,Open,0,,,Fine,Null
1755973,5928095,6986,,507900,0,,0,3,,North,2008/2009,SH 1N,NORTHCOTE OBR,,Non-Injury Crash,Yes,2009,,South,,0,,Flat,,,,,,Dark,305202,0,0,0,3,,,0,,,,,,Auckland Region,Nil,1-way,Sealed,,0,0,,100,,Off,0,0,,76,Auckland,Nil,,,,,0,0,Open,0,,,Fine,Null
1750498,5934037,6987,,508701,0,0,0,1,0,South,2008/2009,THE AVENUE,TWIN COURT,,Non-Injury Crash,No,2009,0,North,0,0,0,Flat,0,,0,,0,Bright sun,178701,0,0,0,2,0,0,0,0,1,,0,0,Auckland Region,Nil,2-way,Sealed,0,0,0,0,50,0,Null,1,0,,76,Auckland,Unknown,0,0,0,0,0,0,Urban,0,0,0,Mist or Fog,Frost
2028803,5721309,6988,,544001,0,0,0,1,0,West,2009/2010,WHITMORE ROAD,SH 2,,Non-Injury Crash,No,2009,0,South,0,0,1,Flat,0,,0,,0,Dark,1357600,0,0,0,2,0,0,0,0,0,,0,0,Gisborne Region,Nil,2-way,Sealed,0,0,0,0,50,0,None,0,0,,28,Gisborne District,Nil,0,0,0,0,0,0,Urban,0,0,0,Fine,Null
1765553,5904892,6989,,524603,0,0,0,2,0,Null,2008/2009,PUHINUI ROAD,RANFURLY ROAD,,Non-Injury Crash,No,2009,0,East,0,0,0,Flat,0,,0,,0,Dark,673402,0,0,0,2,0,0,0,0,0,,0,0,Auckland Region,Nil,2-way,Sealed,0,0,0,0,50,0,On,0,0,,76,Auckland,Nil,0,0,0,0,0,0,Urban,0,1,0,Fine,Null
1793505,5514006,6990,,561500,0,,0,2,,South,2008/2009,SH 1N,NEWTH ROAD,,Non-Injury Crash,Yes,2009,,North,,0,,Flat,,,,,,Bright sun,1785600,0,0,0,2,,,0,,,,,,Manawatū-Whanganui Region,Bridge,2-way,Sealed,,0,0,,100,,Null,0,0,,42,Horowhenua District,Nil,,,,,0,0,Open,0,,,Fine,Null
1768008,5902355,6991,,525001,0,,0,2,,West,2009/2010,BROWNS ROAD,MAICH ROAD,,Non-Injury Crash,No,2009,,West,,0,,Flat,,,,,,Overcast,750300,0,0,0,2,,,0,,,,,,Auckland Region,Nil,2-way,Sealed,,0,0,,50,,Off,0,0,,76,Auckland,Nil,,,,,0,0,Urban,0,,,Fine,Null
1767675,5905077,6992,,524603,0,,0,1,,North,2009/2010,TE IRIRANGI ON NBD,TE IRIRANGI DRIVE,,Non-Injury Crash,Yes,2009,,North,,0,,Flat,,,,,,Overcast,780304,0,0,0,1,,,0,,,,,,Auckland Region,Motorway ramp,1-way,Sealed,,0,0,,50,,Off,0,0,,76,Auckland,Nil,,,,,1,0,Urban,0,,,Fine,Null
2037395,5708443,6993,,544600,0,,0,2,,South,2008/2009,BRIGHT ST,PALMERSTON ROAD,,Non-Injury Crash,No,2009,,North,,0,,Flat,,,,,,Bright sun,1370600,0,0,0,2,,,0,,,,,,Gisborne Region,Nil,2-way,Sealed,,0,0,,50,,Null,0,0,,28,Gisborne District,Nil,,,,,0,0,Urban,0,,,Fine,Null
1800159,5815391,6994,,528900,0,0,0,2,0,South,2008/2009,SEDDON ROAD,SOMERSET ST,,Non-Injury Crash,No,2009,0,South,0,0,0,Flat,0,,0,,0,Overcast,914200,0,0,0,2,0,0,0,0,1,,0,0,Waikato Region,Nil,2-way,Sealed,0,0,0,0,50,0,Null,0,0,,16,Hamilton City,Unknown,0,0,0,0,0,0,Urban,0,0,0,Fine,Null
1692048,5675715,6995,,551900,0,,0,2,,Null,2009/2010,SH 45 VIVIAN,MORLEY ST,,Non-Injury Crash,No,2009,,North,,0,,Flat,,,,,,Twilight,1589300,0,0,0,2,,,0,,,,,,Taranaki Region,Nil,2-way,Sealed,,0,0,,50,,Off,0,0,,33,New Plymouth District,Stop,,,,,0,0,Urban,0,,,Fine,Null
1241957,4854165,6996,,610601,0,0,0,1,0,East,2008/2009,KAKAPO ST,KERERU ST,,Non-Injury Crash,No,2009,0,East,0,0,0,Flat,0,,0,,0,Bright sun,3099300,0,0,0,2,0,0,0,0,0,,0,1,Southland Region,Nil,2-way,Sealed,0,0,0,0,50,0,Null,0,0,,75,Invercargill City,Unknown,0,0,0,0,0,0,Urban,0,0,0,Fine,Null
1512195,5366356,6997,,584412,0,,0,2,,North,2009/2010,SH 6,SH 69,,Minor Crash,Yes,2009,,South,,0,,Hill Road,,,,,,Overcast,2397000,2,0,0,2,,,0,,,,,,West Coast Region,Nil,2-way,Sealed,,0,0,,100,,Null,0,0,,55,Buller District,Unknown,,,,,0,0,Open,0,,,Light rain,Null
1936367,5618741,6998,,545631,0,,0,2,,North,2009/2010,CHAMBERS ST,ERIKSEN ROAD,,Non-Injury Crash,No,2009,,South,,0,,Flat,,,,,,Overcast,1403100,0,0,0,2,,,0,,,,,,Hawke's Bay Region,Nil,2-way,Sealed,,0,0,,50,,Null,0,0,,31,Napier City,Nil,,,,,0,0,Urban,0,,,Light rain,Null
1663629,6040649,6999,,504501,0,0,0,1,0,South,2009/2010,SH 12,KAIHU WOOD ROAD,,Non-Injury Crash,Yes,2009,0,South,0,0,0,Flat,1,,0,,0,Dark,118100,0,0,0,2,0,0,0,0,0,,0,0,Northland Region,Nil,2-way,Sealed,0,0,0,0,100,0,None,0,0,,3,Kaipara District,Nil,0,0,0,0,0,0,Open,0,0,0,Light rain,Null
1764542,5912620,7000,,520500,0,,0,2,,North,2008/2009,CARBINE ROAD,CLEMOW DRIVE,,Non-Injury Crash,No,2009,,South,,0,,Flat,,,,,,Overcast,639100,0,0,0,2,,,0,,,,,,Auckland Region,Nil,2-way,Sealed,,0,0,,50,,Off,0,0,,76,Auckland,Nil,,,,,0,0,Urban,0,,,Fine,Null
1745422,5920771,7001,,513301,0,,0,2,,West,2008/2009,SH 16,LINCOLN OBR,,Non-Injury Crash,Yes,2009,,East,,0,,Flat,,,,,,Bright sun,231700,0,0,0,2,,,0,,,,,,Auckland Region,Nil,1-way,Sealed,,0,0,,100,,Null,0,0,,76,Auckland,Unknown,,,,,0,0,Open,0,,,Fine,Null
1731081,6028829,7002,,501811,0,0,0,0,0,West,2009/2010,MCCATHIE ROAD,MARSDEN POINT ROAD,,Non-Injury Crash,No,2009,0,West,1,0,0,Flat,0,,0,,0,Dark,79202,0,0,0,2,0,0,0,0,0,,0,0,Northland Region,Nil,2-way,Sealed,0,0,0,0,100,0,None,0,0,,2,Whangarei District,Nil,0,0,0,0,0,0,Open,1,0,0,Fine,Null
1311390,4974845,7003,,608302,0,,0,0,,South,2009/2010,SH 8,REIDS HILL,,Minor Crash,Yes,2009,,North,,0,,Hill Road,,,,,,Dark,3023001,3,0,0,2,,,0,,,,,,Otago Region,Nil,2-way,Sealed,,0,0,,100,,None,1,0,,69,Central Otago District,Unknown,,,,,0,0,Open,0,,,Light rain,Null
1741663,5976045,7004,55,506661,0,0,0,1,0,West,2009/2010,SH 1N,SAUNDERS ROAD,,Non-Injury Crash,Yes,2009,0,West,0,0,0,Hill Road,1,,0,,0,Overcast,139000,0,0,0,2,0,0,0,0,0,,0,0,Auckland Region,Nil,2-way,Sealed,0,0,0,0,80,0,Off,0,0,,76,Auckland,Nil,0,0,0,0,1,0,Open,0,0,0,Fine,Null
1765816,5911741,7005,,520500,0,0,0,1,0,East,2008/2009,PANAMA ROAD,JOLSON ROAD S,,Non-Injury Crash,No,2009,0,South,0,0,1,Flat,0,,0,,0,Dark,634400,0,0,0,2,0,0,0,0,0,,0,1,Auckland Region,Nil,2-way,Sealed,0,0,0,0,50,0,On,0,0,,76,Auckland,Nil,0,0,0,1,0,0,Urban,0,0,0,Fine,Null
1755182,5918590,7006,,515420,0,0,0,1,0,North,2009/2010,NORTHLAND ST,GREAT NORTH ROAD,,Non-Injury Crash,No,2009,0,North,0,0,0,Hill Road,0,,0,,0,Overcast,407200,0,0,0,2,0,0,0,0,0,,0,0,Auckland Region,Nil,2-way,Sealed,0,0,0,0,50,0,Off,1,0,,76,Auckland,Nil,0,0,0,0,0,0,Urban,0,1,0,Fine,Null
1710777,5644577,7007,,553101,0,,0,1,,Null,2009/2010,FENTON ST,SH 3,,Minor Crash,Yes,2009,,South,,0,,Flat,,,,,,Overcast,1613100,1,0,0,2,,,0,,,,,,Taranaki Region,Nil,2-way,Sealed,,0,0,,50,,Null,0,0,,34,Stratford District,Give way,,,,,1,0,Urban,0,,,Heavy rain,Null
1858102,5724803,7008,,541335,0,0,0,1,0,North,2009/2010,POIHIPI ROAD,WHANGAMATA ROAD,,Non-Injury Crash,No,2009,0,East,0,0,1,Flat,0,,0,,0,Bright sun,1278101,0,0,0,2,0,0,0,0,0,,0,0,Waikato Region,Nil,2-way,Sealed,0,0,0,0,100,0,Null,0,0,,21,Taupo District,Unknown,0,0,0,0,0,0,Open,0,0,0,Fine,Null
1757807,5918529,7009,,517400,0,,1,1,,West,2008/2009,KHYBER PASS ROAD,MOUNTAIN ROAD,,Non-Injury Crash,No,2009,,West,,0,,Flat,,,,,,Overcast,450000,0,0,0,4,,,0,,,,,,Auckland Region,Nil,2-way,Sealed,,0,0,,50,,Off,0,0,,76,Auckland,Traffic Signals,,,,,0,0,Urban,0,,,Fine,Null
1606916,5437058,7010,,581833,0,0,0,1,1,South,2009/2010,STAFFORD DRIVE,BLUFF CNR,,Non-Injury Crash,No,2009,0,South,0,0,0,Flat,0,,0,,0,Bright sun,2374100,0,0,0,2,0,0,0,0,0,,0,0,Tasman Region,Nil,2-way,Sealed,0,0,0,0,100,0,Null,0,0,,51,Tasman District,Nil,0,0,0,0,0,0,Open,0,0,0,Fine,Null
1783110,5889073,7011,,521132,0,0,0,2,0,West,2009/2010,ARARIMU ROAD,GELLING ROAD,,Non-Injury Crash,No,2009,0,East,0,0,0,Flat,0,,0,,0,Dark,815302,0,0,0,2,0,0,0,0,1,,0,0,Auckland Region,Nil,2-way,Sealed,0,0,0,0,100,0,None,0,0,,76,Auckland,Nil,0,0,0,0,0,0,Open,0,0,0,Fine,Null
1753781,5936736,7012,,508703,0,,0,2,,Null,2009/2010,EAST COAST ROAD,GLENVAR ROAD,,Non-Injury Crash,No,2009,,North,,0,,Hill Road,,,,,,Overcast,179213,0,0,0,2,,,0,,,,,,Auckland Region,Nil,2-way,Sealed,,0,0,,50,,Off,0,0,,76,Auckland,Give way,,,,,0,0,Urban,0,,,Light rain,Null
1796944,5810456,7013,,527914,0,,0,3,,Null,2008/2009,COLLINS ROAD,OREGAN ROAD,,Non-Injury Crash,No,2009,,East,,0,,Flat,,,,,,Bright sun,979804,0,0,0,2,,,0,,,,,,Waikato Region,Nil,2-way,Sealed,,0,0,,100,,Null,0,0,,17,Waipa District,Give way,,,,,0,0,Open,0,,,Fine,Null
1834652,5829666,7014,,534604,0,0,0,1,0,Null,2008/2009,NGARUA ROAD,WAIHEKAU ROAD,,Non-Injury Crash,No,2009,0,South,1,0,0,Flat,0,,0,,0,Overcast,1108400,0,0,0,2,0,0,0,0,0,,0,0,Waikato Region,Nil,2-way,Sealed,0,0,0,0,100,0,Null,0,0,,15,Matamata-Piako District,Give way,0,0,0,0,1,0,Open,0,0,0,Fine,Null
1751735,5431985,7015,,574303,0,,0,2,,South,2009/2010,SH 1N,SH 2,,Non-Injury Crash,Yes,2009,,North,,0,,Flat,,,,,,Overcast,2090402,0,0,0,2,,,0,,,,,,Wellington Region,Nil,2-way,Sealed,,0,0,,100,,Null,0,0,,47,Wellington City,Nil,,,,,0,0,Open,0,,,Fine,Null
1741428,5927298,7016,,505604,0,,0,1,,East,2009/2010,SH 16,COATESVILLE-RIVERHEAD HIG,,Non-Injury Crash,Yes,2009,,West,,0,,Hill Road,,,,,,Overcast,214502,0,0,0,3,,,0,,,,,,Auckland Region,Nil,2-way,Sealed,,0,0,,80,,None,1,0,,76,Auckland,Nil,,,,,0,0,Open,0,,,Fine,Null
1686204,6101293,7017,,500900,0,,0,0,,West,2009/2010,HOMESTEAD ROAD,KERIKERI ROAD,,Non-Injury Crash,No,2009,,East,,0,,Flat,,,,,,Dark,53303,0,0,0,1,,,0,,,1,,,Northland Region,Nil,1-way,Sealed,,0,0,,50,,On,1,0,,1,Far North District,Nil,,,,,0,0,Urban,0,,,Fine,Null
1758522,5435999,7018,,569202,0,,0,1,,Null,2009/2010,Z FCT STATION VILLAGE,HUTT/PARLIAMENT,,Non-Injury Crash,No,2009,,West,,0,,Flat,,,,,,Bright sun,1923800,0,0,0,2,,,0,,,,,,Wellington Region,Nil,2-way,Sealed,,0,0,,50,,Null,0,0,,46,Lower Hutt City,Nil,,,,,0,0,Urban,1,,,Fine,Null
1709563,5616680,7019,,554020,1,,0,1,,North,2009/2010,MORRISSEY ST,SH 3,,Minor Crash,No,2009,,South,,0,,Flat,,,,,,Overcast,1648300,1,0,0,2,,,0,,,,,,Taranaki Region,Nil,2-way,Sealed,,0,0,,50,,Null,0,0,,35,South Taranaki District,Nil,,,,,0,0,Urban,0,,,Fine,Null
1623890,6113165,7020,,500301,0,0,0,1,0,West,2008/2009,NORMAN SENN ST,OKAHU ROAD,,Non-Injury Crash,No,2009,0,South,0,0,1,Hill Road,0,,0,,0,Overcast,15300,0,0,0,2,0,0,0,0,0,,0,0,Northland Region,Nil,2-way,Unsealed,0,0,0,0,100,0,Null,0,0,,1,Far North District,Unknown,0,0,0,0,0,0,Open,0,0,0,Fine,Null
1754947,5918288,7021,,517500,0,,0,2,,West,2008/2009,SH 16,BOND OBR,,Non-Injury Crash,Yes,2009,,West,,0,,Flat,,,,,,Overcast,529900,0,0,0,4,,,0,,,,,,Auckland Region,Nil,1-way,Sealed,,0,0,,100,,On,0,0,,76,Auckland,Nil,,,,,0,0,Open,0,,,Light rain,Null
1936602,5608688,7022,,545722,0,0,0,0,0,South,2009/2010,LAWN ROAD,MILL ROAD,,Minor Crash,No,2009,0,North,0,0,1,Flat,0,,0,,0,Dark,1406501,2,0,0,2,0,0,0,0,0,,0,1,Hawke's Bay Region,Nil,2-way,Sealed,0,0,0,0,100,0,None,1,0,,30,Hastings District,Nil,0,0,0,0,0,0,Open,1,1,0,Light rain,Null
1801097,5815246,7023,,529700,0,,0,1,,North,2009/2010,VICTORIA ST,COLLINGWOOD ST,,Non-Injury Crash,No,2009,,North,,0,,Flat,,,,,,Bright sun,911401,0,0,0,2,,,0,,,,,,Waikato Region,Nil,2-way,Sealed,,0,0,,50,,Null,1,0,,16,Hamilton City,Unknown,,,,,0,0,Urban,0,,,Fine,Null
1750600,5912342,7024,,512100,0,,0,2,,Null,2009/2010,PORTAGE ROAD,GOLF ROAD,,Non-Injury Crash,No,2009,,North,,0,,Hill Road,,,,,,Overcast,289400,0,0,0,2,,,0,,,,,,Auckland Region,Nil,2-way,Sealed,,0,0,,50,,Off,0,0,,76,Auckland,Give way,,,,,0,0,Urban,0,,,Fine,Null
1764195,5910046,7025,,521801,0,,0,2,,Null,2009/2010,ATKINSON AVENUE,GORDON ROAD,,Non-Injury Crash,No,2009,,South,,0,,Flat,,,,,,Overcast,787300,0,0,0,4,,,0,,,,,,Auckland Region,Nil,2-way,Sealed,,0,0,,50,,Null,0,0,,76,Auckland,Stop,,,,,0,0,Urban,0,,,Fine,Null
1768136,5903964,7026,,524602,0,,0,1,,South,2009/2010,SH 1N,REDOUBT OBR,,Non-Injury Crash,Yes,2009,,North,,0,,Hill Road,,,,,,Overcast,780501,0,0,0,6,,,0,,,,,,Auckland Region,Nil,2-way,Sealed,,0,0,,50,,Null,1,0,,76,Auckland,Unknown,,,,,0,0,Urban,1,,,Light rain,Null
1790283,5858171,7027,,526900,0,,0,2,,East,2008/2009,MAHI ROAD,RATA ST,,Non-Injury Crash,No,2009,,East,,0,,Flat,,,,,,Dark,938303,0,0,0,2,,,0,,,,,,Waikato Region,Nil,2-way,Sealed,,0,0,,50,,On,0,0,,13,Waikato District,Unknown,,,,,0,0,Urban,0,,,Fine,Null
1803275,5784922,7028,,527925,0,0,0,1,0,South,2008/2009,TE MAWHAI ROAD,CRUICKSHANK ROAD,,Non-Injury Crash,No,2009,0,North,0,0,1,Flat,0,,0,,0,Dark,984200,0,0,0,2,0,0,0,0,0,,1,0,Waikato Region,Nil,2-way,Sealed,0,0,0,0,100,0,None,0,0,,17,Waipa District,Unknown,0,0,0,1,0,0,Open,0,0,0,Fine,Null
1755362,5927437,7029,,508620,0,0,0,0,0,Null,2009/2010,SUNNYBRAE ROAD,ANNE ROAD,,Non-Injury Crash,No,2009,0,East,0,0,0,Hill Road,0,,1,,0,Bright sun,202600,0,0,0,2,0,0,0,0,0,,0,0,Auckland Region,Nil,2-way,Sealed,0,0,0,0,50,0,Off,0,0,,76,Auckland,Nil,0,0,0,0,0,0,Urban,1,0,0,Fine,Null
1954073,5790441,7030,,542514,0,0,0,1,1,West,2009/2010,OHOPE ROAD,BROWN ROAD,,Non-Injury Crash,No,2009,0,East,0,0,0,Hill Road,0,,0,,0,Overcast,1294103,0,0,0,3,0,0,0,0,0,,0,0,Bay of Plenty Region,Nil,2-way,Sealed,0,0,0,0,80,0,Off,0,0,,25,Whakatane District,Nil,0,0,0,0,0,0,Open,0,0,0,Light rain,Null
1844316,5784303,7031,,535600,0,0,0,0,0,South,2009/2010,SH 1N,SHOLSON ST,,Non-Injury Crash,Yes,2009,0,North,0,0,0,Hill Road,0,,0,,0,Overcast,1131302,0,0,0,2,0,0,0,0,0,,1,1,Waikato Region,Nil,2-way,Sealed,0,0,0,0,70,0,Null,0,0,,19,South Waikato District,Unknown,0,0,0,0,0,0,Urban,1,0,0,Light rain,Strong wind
1755000,5914755,7032,,518500,0,,0,2,,Null,2009/2010,LOUVAIN AVENUE,MONS AVENUE,,Non-Injury Crash,No,2009,,West,,0,,Flat,,,,,,Dark,560400,0,0,0,2,,,0,,,,,,Auckland Region,Nil,2-way,Sealed,,0,0,,50,,On,0,0,,76,Auckland,Give way,,,,,0,0,Urban,0,,,Fine,Null
1752253,5436363,7033,,573523,0,,0,1,,South,2008/2009,SH 1N,CHURTON PARK ON SBD,,Non-Injury Crash,Yes,2009,,South,,0,,Flat,,,,,,Overcast,2086310,0,0,0,2,,,0,,,,,,Wellington Region,Nil,2-way,Sealed,,0,0,,100,,Null,1,0,,47,Wellington City,Nil,,,,,0,0,Open,1,,,Light rain,Null
1751702,5948690,7034,,505805,0,0,0,3,0,North,2009/2010,CENTREWAY ROAD,EDGEWATER GROVE,,Non-Injury Crash,No,2009,0,South,0,0,0,Flat,0,,0,,0,Bright sun,172402,0,0,0,2,0,0,0,0,1,,0,0,Auckland Region,Nil,2-way,Sealed,0,0,0,0,50,0,Off,0,0,,76,Auckland,Nil,0,0,0,0,0,0,Urban,0,0,0,Fine,Null
1457413,5299270,7035,,584932,0,0,0,1,1,East,2009/2010,TAYLORVILLE ROAD,SH 6,,Minor Crash,No,2009,0,West,0,0,0,Hill Road,0,,0,,0,Overcast,2403003,2,0,0,2,0,0,0,0,0,,0,0,West Coast Region,Nil,2-way,Sealed,0,0,0,0,100,0,Null,0,0,,56,Grey District,Unknown,0,0,0,0,0,0,Open,0,0,0,Light rain,Null
1753296,5914827,7036,,518801,0,,0,2,,East,2008/2009,STODDARD ROAD,RICHARDSON ROAD,,Non-Injury Crash,No,2009,,West,,0,,Flat,,,,,,Dark,578400,0,0,0,3,,,0,,,,,,Auckland Region,Nil,2-way,Sealed,,0,0,,50,,Off,0,0,,76,Auckland,Nil,,,,,0,0,Urban,0,,,Null,Null
1757180,5919858,7037,,514103,0,,0,0,,Null,2008/2009,QUEEN STREET,MAYORAL DRIVE,,Non-Injury Crash,No,2009,,East,,0,,Hill Road,,,,,,Dark,436100,0,0,1,2,,,0,,,,,,Auckland Region,Nil,2-way,Sealed,,0,0,,50,,On,0,0,,76,Auckland,Traffic Signals,,,,,0,0,Urban,0,,,Fine,Null
1888097,5773451,7038,,538721,0,,0,0,,Null,2008/2009,SH 30,BASLEY ROAD,,Non-Injury Crash,Yes,2009,,South,,0,,Flat,,,,,,Bright sun,1254404,0,0,0,2,,,0,,,,,,Bay of Plenty Region,Nil,2-way,Sealed,,0,0,,60,,Off,0,0,,24,Rotorua District,Give way,,,,,0,0,Urban,2,,,Fine,Frost
1754046,5926883,7039,,508620,0,,0,2,,North,2008/2009,ARCHERS ROAD,CORONATION ROAD,,Non-Injury Crash,No,2009,,South,,0,,Hill Road,,,,,,Bright sun,205100,0,0,0,2,,,0,,,,,,Auckland Region,Nil,2-way,Sealed,,0,0,,50,,Off,0,0,,76,Auckland,Nil,,,,,0,0,Urban,0,,,Fine,Null
1759058,5911796,7040,,519820,0,,0,2,,Null,2008/2009,NEILSON ST,ONEHUNGA MALL,,Non-Injury Crash,No,2009,,East,,0,,Flat,,,,,,Bright sun,602401,0,0,0,3,,,0,,,,,,Auckland Region,Nil,2-way,Sealed,,0,0,,50,,Null,0,0,,76,Auckland,Traffic Signals,,,,,0,0,Urban,1,,,Fine,Null
1775186,5577798,7041,,557100,0,,0,1,,South,2008/2009,VICTORIA AVENUE,GUYTON ST,,Non-Injury Crash,No,2009,,North,,0,,Flat,,,,,,Bright sun,1698000,0,0,0,2,,,0,,,,,,Manawatū-Whanganui Region,Nil,2-way,Sealed,,0,0,,50,,Null,0,0,,37,Whanganui District,Nil,,,,,0,0,Urban,1,,,Fine,Null
1773640,5895524,7042,,525410,0,0,0,1,0,North,2009/2010,MARNE ROAD,OREGON PLACE,,Non-Injury Crash,No,2009,0,North,0,0,0,Flat,0,,0,,0,Unknown,793605,0,0,0,2,0,0,0,0,1,,0,0,Auckland Region,Nil,2-way,Sealed,0,0,0,0,50,0,Off,0,0,,76,Auckland,Unknown,0,0,0,0,1,0,Urban,0,0,0,Null,Null
2035832,5709039,7043,,544300,0,,0,2,,Null,2008/2009,CHILDERS ROAD,STANLEY ROAD,,Non-Injury Crash,No,2009,,East,,0,,Flat,,,,,,Overcast,1367000,0,0,0,2,,,0,,,,,,Gisborne Region,Nil,2-way,Sealed,,0,0,,50,,Null,0,0,,28,Gisborne District,Give way,,,,,0,0,Urban,0,,,Light rain,Null
1695692,5676962,7044,,552100,0,,0,3,,Null,2008/2009,DEVON ST EAST,SH 3,,Non-Injury Crash,No,2009,,East,,0,,Flat,,,,,,Bright sun,1600500,0,0,0,2,,,0,,,,,,Taranaki Region,Nil,2-way,Sealed,,0,0,,50,,Null,0,0,,33,New Plymouth District,Traffic Signals,,,,,0,0,Urban,0,,,Fine,Null
1889654,5819688,7045,,536642,0,0,0,1,0,East,2008/2009,TE PUKE HIGHWAY,WELCOME BAY ROAD,,Non-Injury Crash,No,2009,0,East,0,0,0,Flat,0,,0,,0,Bright sun,1206807,0,0,0,2,0,0,0,1,0,,0,0,Bay of Plenty Region,Nil,2-way,Sealed,0,0,0,0,100,0,Off,0,0,,22,Western Bay of Plenty District,Nil,0,0,0,0,0,0,Open,0,0,0,Fine,Null
1804201,5813744,7046,,530800,0,,0,1,,Null,2009/2010,SH 1N,CAMBRIDGE ROAD,,Non-Injury Crash,Yes,2009,,West,,0,,Flat,,,,,,Bright sun,883500,0,0,0,2,,,0,,,,,,Waikato Region,Nil,2-way,Sealed,,0,0,,50,,Null,1,0,,16,Hamilton City,Give way,,,,,0,0,Urban,0,,,Fine,Null
1772777,5896443,7047,,525420,0,,0,2,,North,2009/2010,OSHANNESSEY ST,BROADWAY,,Non-Injury Crash,No,2009,,South,,0,,Flat,,,,,,Bright sun,792800,0,0,0,3,,,0,,,,,,Auckland Region,Nil,2-way,Sealed,,0,0,,50,,Null,0,0,,76,Auckland,Traffic Signals,,,,,0,0,Urban,0,,,Fine,Null
1770202,5914393,7048,,522722,0,0,0,1,0,West,2008/2009,HIGHLAND PARK DRIVE,CROMDALE AVENUE,,Non-Injury Crash,No,2009,0,West,0,0,0,Hill Road,0,,0,,0,Bright sun,681329,0,0,0,2,0,0,0,0,0,,0,0,Auckland Region,Nil,2-way,Sealed,0,0,0,0,50,0,Off,0,0,,76,Auckland,Nil,0,0,0,1,0,0,Urban,0,0,0,Fine,Null
1867290,5713854,7049,,541720,0,0,0,2,0,North,2008/2009,ORUANUI ST,SPA ROAD,,Non-Injury Crash,No,2009,0,North,0,0,0,Flat,0,,0,,0,Bright sun,1275000,0,0,0,2,0,0,0,0,0,,0,0,Waikato Region,Nil,2-way,Sealed,0,0,0,0,50,0,Off,0,0,,21,Taupo District,Nil,0,0,0,0,0,0,Urban,0,1,0,Fine,Null
1756977,5449001,7050,,572000,0,,0,4,,Null,2008/2009,SH 1N,MANA VIEW ROAD,,Non-Injury Crash,Yes,2009,,South,,0,,Flat,,,,,,Bright sun,2069500,0,0,0,2,,,0,,,,,,Wellington Region,Nil,2-way,Sealed,,0,0,,50,,Null,0,0,,44,Porirua City,Traffic Signals,,,,,0,0,Urban,0,,,Fine,Null
1767971,5904324,7051,,524602,0,,0,3,,East,2008/2009,REDOUBT ROAD,GREAT SOUTH ROAD,,Non-Injury Crash,No,2009,,West,,0,,Flat,,,,,,Overcast,780501,0,0,0,4,,,0,,,,,,Auckland Region,Bridge,2-way,Sealed,,0,0,,50,,Null,0,0,,76,Auckland,Unknown,,,,,0,0,Urban,0,,,Fine,Null
1756312,5920631,7052,,514102,0,0,0,1,0,North,2009/2010,SH 1N,COOK OFF SBD,,Non-Injury Crash,Yes,2009,0,South,0,0,0,Hill Road,0,,0,,0,Dark,432500,0,0,0,2,0,1,0,0,0,,0,0,Auckland Region,Bridge,1-way,Sealed,0,0,0,0,80,0,On,0,0,,76,Auckland,Unknown,0,0,0,0,0,0,Open,0,0,0,Fine,Null
1762504,5458178,7053,,565700,0,0,0,1,1,South,2009/2010,PAEKAKARIKI HILL ROAD,SH 1N,,Non-Injury Crash,No,2009,0,South,0,0,1,Hill Road,0,,0,,0,Dark,2072101,0,0,0,2,0,0,0,0,0,,0,0,Wellington Region,Nil,2-way,Sealed,0,0,0,0,70,0,None,0,0,,44,Porirua City,Nil,0,0,0,0,0,0,Urban,0,0,0,Fine,Null
1757359,5920078,7054,,514103,0,,0,2,,East,2008/2009,RUTLAND ST,LORNE ST,,Non-Injury Crash,No,2009,,East,,0,,Flat,,Easter,,,,Overcast,436700,0,0,0,2,,,0,,,,,,Auckland Region,Nil,2-way,Sealed,,0,0,,50,,Null,0,0,,76,Auckland,Unknown,,,,,0,0,Urban,0,,,Light rain,Null
1757630,5920862,7055,,514103,0,,1,1,,Null,2008/2009,CUSTOMS ST EAST,COMMERCE ST,,Non-Injury Crash,No,2009,,East,,0,,Flat,,,,,,Twilight,438000,0,0,0,4,,,0,,,,,,Auckland Region,Nil,2-way,Sealed,,0,0,,50,,On,0,0,,76,Auckland,Traffic Signals,,,,,0,0,Urban,0,,,Fine,Null