X,Y,OBJECTID,advisorySpeed,areaUnitID,bicycle,bridge,bus,carStationWagon,cliffBank,crashDirectionDescription,crashFinancialYear,crashLocation1,crashLocation2,crashRoadSideRoad,crashSeverity,crashSHDescription,crashYear,debris,directionRoleDescription,ditch,fatalCount,fence,flatHill,guardRail,holiday,houseOrBuilding,intersection,kerb,light,meshblockId,minorInjuryCount,moped,motorcycle,NumberOfLanes,objectThrownOrDropped,otherObject,otherVehicleType,overBank,parkedVehicle,pedestrian,phoneBoxEtc,postOrPole,region,roadCharacter,roadLane,roadSurface,roadworks,schoolBus,seriousInjuryCount,slipOrFlood,speedLimit,strayAnimal,streetLight,suv,taxi,temporarySpeedLimit,tlaId,tlaName,trafficControl,trafficIsland,trafficSign,train,tree,truck,unknownVehicleType,urban,vanOrUtility,vehicle,waterRiver,weatherA,weatherB
1695857,6002312,7056,,505010,0,0,0,0,0,East,2008/2009,SH 12,WALLACE ROAD,,Non-Injury Crash,Yes,2009,0,East,0,0,0,Flat,0,,0,,0,Dark,128000,0,0,0,2,0,0,0,0,0,,0,0,Northland Region,Nil,2-way,Sealed,0,0,0,0,100,0,None,0,0,,3,Kaipara District,Unknown,0,0,0,0,1,0,Open,0,0,0,Mist or Fog,Null
1742900,5916198,7057,,513220,0,0,0,1,1,West,2009/2010,STURGES ROAD,SAN MARINO DRIVE WEST,,Non-Injury Crash,No,2009,0,East,0,0,0,Flat,0,,0,,0,Bright sun,236824,0,0,0,2,0,0,0,0,0,,0,0,Auckland Region,Nil,2-way,Sealed,0,0,0,0,50,0,Null,0,0,,76,Auckland,Unknown,0,0,0,0,0,0,Urban,0,0,0,Fine,Null
1401345,4919294,7058,,602500,0,0,0,1,1,West,2009/2010,THREE MILE HILL ROAD,HALFWAY BUSH ROAD,,Serious Crash,No,2009,0,North,0,0,0,Hill Road,0,,0,,0,Bright sun,2980800,0,0,0,2,0,0,0,0,0,,0,0,Otago Region,Nil,2-way,Sealed,0,0,1,0,100,0,Null,0,0,,71,Dunedin City,Unknown,0,0,0,0,0,0,Open,0,0,0,Fine,Null
1760679,5916323,7059,,516003,0,,0,2,,Null,2009/2010,GREEN LANE EAST,PEACH PARADE,,Non-Injury Crash,No,2009,,West,,0,,Flat,,,,,,Overcast,494400,0,0,0,4,,,0,,,,,,Auckland Region,Nil,2-way,Sealed,,0,0,,50,,Off,0,0,,76,Auckland,Traffic Signals,,,,,0,0,Urban,0,,,Fine,Null
1876348,5823220,7060,,537400,0,,0,2,,Null,2009/2010,WAIHI ROAD,OTUMOETAI ROAD,,Non-Injury Crash,No,2009,,West,,0,,Hill Road,,,,,,Bright sun,1162701,0,0,0,2,,,0,,,,,,Bay of Plenty Region,Nil,2-way,Sealed,,0,0,,50,,Off,0,0,,23,Tauranga City,Give way,,,,,0,0,Urban,0,,,Fine,Null
1765047,5910382,7061,,521803,0,0,0,1,0,North,2009/2010,SH 1N,PRINCES OBR,,Non-Injury Crash,Yes,2009,0,South,0,0,0,Hill Road,1,,0,,0,Dark,790000,0,0,0,2,2,0,0,0,0,,0,0,Auckland Region,Nil,1-way,Sealed,0,0,0,0,100,0,On,1,0,,76,Auckland,Nil,0,0,0,0,0,0,Open,0,0,0,Fine,Null
1406435,4913768,7062,,605500,0,,0,1,,Null,2008/2009,RICHARDSON ST,AJAX ST,,Minor Crash,No,2009,,South,,0,,Flat,,,,,,Overcast,2948300,1,0,1,2,,,0,,,,,,Otago Region,Nil,2-way,Sealed,,0,0,,50,,Null,0,0,,71,Dunedin City,Stop,,,,,0,0,Urban,0,,,Fine,Null
1756179,5924091,7063,,509800,0,,0,1,,South,2009/2010,SH 1N,ONEWA ON SBD,,Non-Injury Crash,Yes,2009,,South,,0,,Flat,,,,,,Overcast,361100,0,0,0,4,,,0,,,,,,Auckland Region,Nil,1-way,Sealed,,0,0,,80,,On,1,0,,76,Auckland,Nil,,,,,0,0,Open,0,,,Light rain,Null
1797070,5819557,7064,,528403,0,,0,2,,Null,2008/2009,WAIRERE DRIVE,TE RAPA ROAD,,Non-Injury Crash,No,2009,,East,,0,,Flat,,,,,,Bright sun,907500,0,0,0,3,,,0,,,,,,Waikato Region,Nil,2-way,Sealed,,0,0,,80,,Null,0,0,,16,Hamilton City,Traffic Signals,,,,,0,0,Open,0,,,Fine,Null
1822658,5903971,7065,,533603,0,0,0,1,0,South,2009/2010,SH 25,TAPU COROGLEN ROAD W,,Non-Injury Crash,Yes,2009,0,North,0,0,0,Flat,0,,0,,0,Dark,1056300,0,0,0,2,0,0,0,0,1,,0,0,Waikato Region,Nil,2-way,Sealed,0,0,0,0,50,0,On,0,0,,11,Thames-Coromandel District,Unknown,0,0,0,0,0,0,Urban,0,0,0,Fine,Null
1763596,5912885,7066,,520500,0,0,0,0,1,South,2008/2009,SEMW ON WBD,SEART OFF SBD,,Non-Injury Crash,Yes,2009,0,South,0,0,0,Flat,0,,0,,0,Overcast,637400,0,0,0,1,0,0,0,0,0,,0,0,Auckland Region,Nil,1-way,Sealed,0,0,0,0,80,0,Off,0,0,,76,Auckland,Nil,0,0,0,0,1,0,Open,0,0,0,Light rain,Null
1749168,5428723,7067,,572900,0,,0,1,,West,2008/2009,Z DWAY PLATFORM 9,WATERLOO QUAY,,Non-Injury Crash,No,2009,,North,,0,,Flat,,,,,,Overcast,2122700,0,0,0,1,,,0,,,,,,Wellington Region,Nil,1-way,Sealed,,0,0,,50,,Null,0,1,,47,Wellington City,Nil,,,,,0,0,Urban,1,,,Fine,Null
1752008,5915580,7068,,517901,1,,0,1,,Null,2008/2009,NEW NORTH ROAD,HENDON AVENUE,,Non-Injury Crash,No,2009,,West,,0,,Flat,,Queens Birthday,,,,Bright sun,523800,0,0,0,2,,,0,,,,,,Auckland Region,Nil,2-way,Sealed,,0,0,,50,,Off,0,0,,76,Auckland,Traffic Signals,,,,,0,0,Urban,0,,,Fine,Null
1802724,5817665,7069,,529503,0,0,0,1,0,North,2008/2009,FAIRVIEW ST,POWELLS ROAD,,Non-Injury Crash,No,2009,0,South,0,0,0,Flat,0,Christmas New Year,0,,0,Dark,872600,0,0,0,2,0,0,0,0,1,,0,1,Waikato Region,Nil,2-way,Sealed,0,0,0,0,50,0,On,0,0,,16,Hamilton City,Give way,0,0,0,0,0,0,Urban,1,0,0,Light rain,Null
1767032,5904739,7070,,524603,0,,0,2,,Null,2009/2010,JACK CONWAY AVENUE,CAVENDISH DRIVE,,Non-Injury Crash,No,2009,,South,,0,,Flat,,,,,,Bright sun,780205,0,0,0,2,,,0,,,,,,Auckland Region,Nil,2-way,Sealed,,0,0,,50,,Off,0,0,,76,Auckland,Stop,,,,,0,0,Urban,0,,,Fine,Null
1695212,6005909,7071,,505010,0,0,0,0,0,Null,2008/2009,TRAMLINE ROAD,WALLACE ROAD,,Non-Injury Crash,No,2009,0,North,1,0,0,Flat,0,,0,,0,Bright sun,125700,0,0,0,1,0,0,0,0,0,,0,0,Northland Region,Nil,2-way,Unsealed,0,0,0,0,100,0,Null,0,0,,3,Kaipara District,Nil,0,0,0,0,0,0,Open,1,0,0,Fine,Null
1710876,6043798,7072,,501810,0,0,0,1,0,East,2009/2010,SH 14,KARA ROAD,,Non-Injury Crash,Yes,2009,0,East,0,0,1,Flat,0,,0,,0,Bright sun,70801,0,0,0,2,0,0,0,0,0,,0,0,Northland Region,Nil,2-way,Sealed,0,0,0,0,100,0,Off,0,0,,2,Whangarei District,Nil,0,0,0,0,0,0,Open,0,0,0,Fine,Null
1744501,5918693,7073,,513302,0,,0,2,,North,2009/2010,RATHGAR ROAD,EDWARDS AVENUE,,Non-Injury Crash,No,2009,,North,,0,,Flat,,,,,,Bright sun,232400,0,0,0,2,,,0,,,,,,Auckland Region,Nil,2-way,Sealed,,0,0,,50,,Off,0,0,,76,Auckland,Nil,,,,,0,0,Urban,0,,,Fine,Null
1752128,5933800,7074,,508701,0,,0,2,,West,2008/2009,COLISEUM DRIVE,DON MCKINNON DRIVE,,Non-Injury Crash,No,2009,,West,,0,,Flat,,,,,,Overcast,178900,0,0,0,2,,,0,,,,,,Auckland Region,Nil,2-way,Sealed,,0,0,,50,,Off,0,0,,76,Auckland,Nil,,,,,0,0,Urban,0,,,Fine,Null
1852286,5853024,7075,,534200,0,0,0,1,0,East,2009/2010,OLD TAURANGA ROAD,FORD ROAD,,Non-Injury Crash,No,2009,0,East,0,0,1,Hill Road,0,,0,,0,Dark,1084500,0,0,0,2,0,1,0,0,0,,0,0,Waikato Region,Nil,2-way,Sealed,0,0,0,0,100,0,None,0,0,,12,Hauraki District,Unknown,0,0,0,0,0,0,Open,0,0,0,Mist or Fog,Null
1440933,5006165,7076,,601020,0,,0,1,,Null,2009/2010,COLNE ST,CLARE ST,,Minor Crash,No,2009,,North,,0,,Flat,,,,,,Bright sun,2844301,2,0,0,2,,,0,,,,,,Otago Region,Nil,2-way,Sealed,,0,0,,50,,Null,0,0,,68,Waitaki District,Stop,,,,,0,0,Urban,1,,,Fine,Null
1569785,5177696,7077,,595000,0,,0,1,,North,2009/2010,SELWYN ST,DOBSON ST,,Minor Crash,No,2009,,South,,0,,Flat,,,,,,Overcast,2644500,1,0,0,2,,,0,,,,,,Canterbury Region,Nil,2-way,Sealed,,0,0,,50,,Null,1,0,,60,Christchurch City,Unknown,,,,,0,0,Urban,0,,,Light rain,Null
1803314,5816009,7078,,527124,0,,0,2,,Null,2008/2009,RUAKURA ROAD,NOTTINGHAM DRIVE,,Non-Injury Crash,No,2009,,West,,0,,Flat,,,,,,Overcast,955300,0,0,0,2,,,0,,,,,,Waikato Region,Nil,2-way,Sealed,,0,0,,80,,Null,0,0,,16,Hamilton City,Give way,,,,,0,0,Open,0,,,Fine,Null
1764802,5903685,7079,,524604,0,,0,1,,Null,2009/2010,ROSCOMMON ROAD,SH 20,,Non-Injury Crash,No,2009,,North,,0,,Flat,,,,,,Unknown,781200,0,0,0,4,,,0,,,,,,Auckland Region,Nil,2-way,Sealed,,0,0,,80,,Off,1,0,,76,Auckland,Traffic Signals,,,,,0,0,Open,0,,,Fine,Null
1690982,5675942,7080,,551501,0,,0,2,,East,2009/2010,SH 44,KINGWELL ST,,Non-Injury Crash,Yes,2009,,West,,0,,Flat,,,,,,Dark,1581200,0,0,0,2,,,0,,,,,,Taranaki Region,Nil,2-way,Sealed,,0,0,,50,,On,0,0,,33,New Plymouth District,Nil,,,,,0,0,Urban,0,,,Fine,Null
1756510,5919997,7081,,514000,0,,0,3,,Null,2009/2010,SH 1N,WELLINGTON OBR,,Non-Injury Crash,Yes,2009,,North,,0,,Flat,,,,,,Dark,417400,0,0,0,2,,,0,,,,,,Auckland Region,Nil,1-way,Sealed,,0,0,,80,,On,0,0,,76,Auckland,Nil,,,,,0,0,Open,0,,,Fine,Null
1823179,5531158,7082,,562500,0,,0,2,,Null,2008/2009,FEATHERSTON ST,FREYBERG ST,,Non-Injury Crash,No,2009,,South,,0,,Flat,,,,,,Bright sun,1840302,0,0,0,2,,,0,,,,,,Manawatū-Whanganui Region,Nil,2-way,Sealed,,0,0,,50,,Null,0,0,,40,Palmerston North City,Give way,,,,,0,0,Urban,0,,,Fine,Null
1755627,5924540,7083,,509800,0,,0,2,,Null,2008/2009,QUEEN ST,FAULKNER ROAD,,Non-Injury Crash,No,2009,,North,,0,,Flat,,,,,,Dark,360400,0,0,0,2,,,0,,,,,,Auckland Region,Nil,2-way,Sealed,,0,0,,50,,On,0,0,,76,Auckland,Nil,,,,,0,0,Urban,0,,,Fine,Null
1749956,5946079,7084,,506001,0,,0,1,,Null,2009/2010,HIBISCUS COAST HIGHWAY,TAVERN ROAD,,Non-Injury Crash,No,2009,,West,,0,,Flat,,,,,,Bright sun,175501,0,0,0,4,,,0,,,,,,Auckland Region,Bridge,2-way,Sealed,,0,0,,80,,None,0,0,,76,Auckland,Stop,,,,,0,0,Open,1,,,Fine,Null
1763430,5908525,7085,,521901,0,,0,2,,East,2009/2010,MANGERE ROAD,MASSEY ROAD,,Non-Injury Crash,No,2009,,West,,0,,Flat,,,,,,Overcast,786300,0,0,0,2,,,0,,,,,,Auckland Region,Nil,2-way,Sealed,,0,0,,50,,Off,0,0,,76,Auckland,Nil,,,,,0,0,Urban,0,,,Light rain,Null
1871991,5723066,7086,,541335,0,0,0,1,0,West,2008/2009,SH 5,PALMER MILL ROAD,,Non-Injury Crash,Yes,2009,0,South,0,0,1,Flat,0,,0,,0,Dark,1277402,0,0,0,2,0,0,0,0,0,,0,0,Waikato Region,Nil,2-way,Sealed,0,0,0,0,100,0,None,0,0,,21,Taupo District,Nil,0,0,0,0,1,0,Open,0,0,0,Fine,Frost
1771206,5895177,7087,,521201,0,,0,1,,East,2008/2009,HINGAIA ROAD,HINAU ROAD,,Non-Injury Crash,No,2009,,East,,0,,Flat,,,,,,Overcast,806700,0,0,0,4,,,0,,,,,,Auckland Region,Nil,2-way,Sealed,,0,0,,70,,Off,1,0,,76,Auckland,Nil,,,,,0,0,Urban,0,,,Fine,Null
1401963,4913635,7088,,605920,0,0,0,1,0,Null,2009/2010,MAIN SOUTH ROAD,OWEN ST,,Minor Crash,No,2009,0,North,0,0,0,Hill Road,1,,0,,0,Dark,2956200,2,0,0,2,0,0,0,0,0,,0,0,Otago Region,Nil,2-way,Sealed,0,0,0,0,50,0,On,0,0,,71,Dunedin City,Stop,0,0,0,0,0,0,Urban,0,0,0,Fine,Null
1757903,5919726,7089,,514301,0,,0,2,,Null,2008/2009,STANLEY ST,GRAFTON ROAD,,Non-Injury Crash,No,2009,,West,,0,,Flat,,,,,,Bright sun,440300,0,0,0,2,,,0,,,,,,Auckland Region,Nil,2-way,Sealed,,0,0,,50,,Null,0,0,,76,Auckland,Traffic Signals,,,,,0,0,Urban,0,,,Fine,Null
1399059,4911459,7090,,602422,0,,0,2,,South,2009/2010,FRIENDSHIP DRIVE,BRIGHTON ROAD,,Minor Crash,No,2009,,North,,0,,Flat,,,,,,Bright sun,2980700,1,0,0,2,,,0,,,,,,Otago Region,Nil,2-way,Sealed,,0,0,,50,,Null,0,0,,71,Dunedin City,Give way,,,,,0,0,Urban,0,,,Fine,Null
1719655,6045978,7091,,503100,0,0,0,1,0,West,2009/2010,DENT ST,HATEA DRIVE,,Non-Injury Crash,No,2009,0,East,0,0,0,Hill Road,0,,0,,0,Bright sun,99600,0,0,0,3,0,0,0,0,0,,0,0,Northland Region,Nil,2-way,Sealed,0,0,0,0,50,0,Off,0,0,,2,Whangarei District,Traffic Signals,1,0,0,0,0,0,Urban,0,0,0,Fine,Null
1800299,5816430,7092,,529700,0,,0,2,,Null,2009/2010,VICTORIA ST,BOUNDARY ROAD,,Non-Injury Crash,No,2009,,West,,0,,Flat,,Christmas New Year,,,,Dark,909302,0,0,0,4,,,0,,,,,,Waikato Region,Nil,2-way,Sealed,,0,0,,50,,On,0,0,,16,Hamilton City,Traffic Signals,,,,,0,0,Urban,0,,,Fine,Null
1757681,5918290,7093,,518101,0,,0,1,,Null,2009/2010,SH 1N,KHYBER PASS OFF NBD,,Non-Injury Crash,Yes,2009,,North,,0,,Flat,,,,,,Bright sun,543000,0,0,0,3,,,0,,,,,,Auckland Region,Motorway ramp,1-way,Sealed,,0,0,,80,,Off,0,0,,76,Auckland,Nil,,,,,0,0,Open,1,,,Fine,Null
1858956,5846683,7094,,536614,0,0,0,0,0,Null,2008/2009,SH 2,TANNERS POINT ROAD,,Non-Injury Crash,Yes,2009,0,South,0,0,0,Flat,0,,0,,0,Bright sun,1181001,0,0,0,2,0,0,0,0,0,,0,1,Bay of Plenty Region,Nil,2-way,Sealed,0,0,0,0,100,0,Off,0,0,,22,Western Bay of Plenty District,Stop,0,1,0,0,1,0,Open,0,0,0,Fine,Null
1751723,5947668,7095,,505807,0,0,0,2,0,North,2009/2010,RED BEACH ROAD,ALBATROSS ROAD,,Non-Injury Crash,No,2009,0,South,0,0,0,Flat,0,,0,,0,Bright sun,172702,0,0,0,2,0,0,0,0,0,,0,1,Auckland Region,Nil,2-way,Sealed,0,0,0,0,50,0,Off,0,0,,76,Auckland,Unknown,0,0,0,0,0,0,Urban,0,0,0,Fine,Null
1740194,5917684,7096,,513102,0,,0,1,,North,2009/2010,CHRISTIAN ROAD,ONEILLS ROAD,,Non-Injury Crash,No,2009,,West,,0,,Hill Road,,,,,,Overcast,237700,0,0,0,2,,,0,,,,,,Auckland Region,Nil,2-way,Sealed,,0,0,,80,,Off,0,0,,76,Auckland,Nil,,,,,0,0,Open,1,,,Fine,Null
1728635,6000287,7097,,505010,0,0,0,0,0,North,2009/2010,SH 1N,MOUNTAIN ROAD,,Non-Injury Crash,Yes,2009,0,South,0,0,0,Flat,0,,0,,0,Dark,134800,0,0,0,2,0,0,0,1,0,,0,0,Northland Region,Nil,2-way,Sealed,0,0,0,0,100,0,None,1,0,,3,Kaipara District,Nil,0,0,0,1,0,0,Open,0,0,0,Light rain,Null
1809258,5808611,7098,,527131,0,0,0,0,0,North,2009/2010,TAMAHERE DRIVE,PICKERING ROAD,,Non-Injury Crash,No,2009,0,South,1,0,1,Flat,0,,0,,0,Bright sun,960800,0,0,0,2,0,0,0,0,0,,0,0,Waikato Region,Nil,2-way,Sealed,0,0,0,0,100,0,None,1,0,,13,Waikato District,Nil,0,1,0,0,0,0,Open,0,0,0,Fine,Null
1405610,4918283,7099,,603710,0,0,0,2,0,Null,2009/2010,FAIRFAX ST,FAIRFAX STREET,,Non-Injury Crash,No,2009,0,East,0,0,1,Hill Road,0,,0,,0,Dark,2894100,0,0,0,2,0,0,0,0,1,,0,0,Otago Region,Nil,2-way,Sealed,0,0,0,0,50,0,On,0,0,,71,Dunedin City,Stop,0,0,0,0,0,0,Urban,0,0,0,Fine,Null
1745373,5920812,7100,,513301,0,,0,1,,Null,2009/2010,SH 16,LINCOLN ON WBD,,Non-Injury Crash,Yes,2009,,West,,0,,Hill Road,,,,,,Overcast,231700,0,0,0,4,,,0,,,,,,Auckland Region,Motorway ramp,2-way,Sealed,,0,0,,100,,Off,1,0,,76,Auckland,Nil,,,,,0,0,Open,0,,,Fine,Null
1745055,5914086,7101,,512904,0,,0,2,,Null,2009/2010,PARRS CROSS ROAD,WEST COAST ROAD,,Non-Injury Crash,No,2009,,South,,0,,Flat,,,,,,Dark,278104,0,0,0,2,,,0,,,,,,Auckland Region,Nil,2-way,Sealed,,0,0,,50,,On,0,0,,76,Auckland,Give way,,,,,0,0,Urban,0,,,Fine,Null
1767573,5907369,7102,,523602,0,,0,1,,South,2009/2010,FERGUSON ROAD,BOND ST,,Non-Injury Crash,No,2009,,North,,0,,Flat,,,,,,Overcast,709900,0,0,0,2,,,0,,,,,,Auckland Region,Nil,2-way,Sealed,,0,0,,50,,Off,0,0,,76,Auckland,Nil,,,,,0,0,Urban,0,,,Light rain,Null
1932070,5617823,7103,,547100,0,0,0,3,0,South,2008/2009,GLOUCESTER ST,AUCKLAND ROAD,,Non-Injury Crash,No,2009,0,South,0,0,0,Flat,0,,0,,0,Dark,1455201,0,0,0,2,0,0,0,0,1,,0,0,Hawke's Bay Region,Nil,2-way,Sealed,0,0,0,0,50,0,On,0,0,,31,Napier City,Nil,0,0,0,0,0,0,Urban,0,0,0,Fine,Null
1889742,5761876,7104,,538832,0,,0,2,,Null,2008/2009,SH 5,HIGHLANDS LOOP ROAD,,Non-Injury Crash,Yes,2009,,South,,0,,Hill Road,,,,,,Bright sun,1258902,0,0,0,2,,,0,,,,,,Bay of Plenty Region,Nil,2-way,Sealed,,0,0,,100,,Null,0,0,,24,Rotorua District,Stop,,,,,0,0,Open,0,,,Fine,Null
1756243,5919254,7105,,515420,0,,0,2,,West,2008/2009,GREAT NORTH ROAD,PONSONBY ROAD,,Non-Injury Crash,No,2009,,East,,0,,Flat,,,,,,Dark,411600,0,0,0,4,,,0,,,,,,Auckland Region,Nil,2-way,Sealed,,0,0,,50,,On,0,0,,76,Auckland,Traffic Signals,,,,,0,0,Urban,0,,,Light rain,Null
1735941,5910093,7106,,513800,0,0,0,0,0,Null,2009/2010,PIHA ROAD,ANAWHATA ROAD,,Non-Injury Crash,No,2009,0,East,0,0,0,Hill Road,0,Labour Weekend,0,,0,Overcast,281902,0,0,0,2,0,0,0,0,0,,0,0,Auckland Region,Nil,2-way,Sealed,0,0,0,0,100,0,None,1,0,,76,Auckland,Nil,0,0,0,1,0,0,Open,0,0,0,Fine,Null
1775631,5894930,7107,,525510,0,0,0,1,0,North,2009/2010,DOMINION ROAD,HUNUA ROAD,,Non-Injury Crash,No,2009,0,North,0,0,0,Flat,0,,0,,0,Dark,801500,0,0,0,2,0,0,0,0,0,,0,0,Auckland Region,Nil,2-way,Sealed,0,0,0,0,50,0,On,0,0,,76,Auckland,Nil,0,0,0,0,0,0,Urban,0,0,0,Heavy rain,Null
1763420,5432021,7108,,564800,0,0,0,1,0,North,2009/2010,WISE ST,RUSSELL ROAD,,Non-Injury Crash,No,2009,0,South,0,0,0,Flat,0,,0,,0,Dark,2012800,0,0,0,2,0,0,0,0,1,,0,0,Wellington Region,Nil,2-way,Sealed,0,0,0,0,50,0,On,1,0,,46,Lower Hutt City,Nil,0,0,0,0,0,0,Urban,0,0,0,Fine,Null
1813185,5819384,7109,,527125,0,0,0,1,0,North,2008/2009,SH 26,HOOPER ROAD,,Non-Injury Crash,Yes,2009,0,South,1,0,0,Flat,0,,0,,0,Bright sun,955900,0,0,0,2,0,0,0,0,0,,0,0,Waikato Region,Nil,2-way,Sealed,0,0,0,0,100,0,Null,0,0,,13,Waikato District,Unknown,0,0,0,0,0,0,Open,0,0,0,Fine,Null
1692870,5676130,7110,,551800,0,,0,2,,Null,2009/2010,SH 45 POWDERHAM,BROUGHAM ST,,Non-Injury Crash,Yes,2009,,East,,0,,Flat,,,,,,Overcast,1592600,0,0,0,2,,,0,,,,,,Taranaki Region,Nil,2-way,Sealed,,0,0,,50,,Null,0,0,,33,New Plymouth District,Traffic Signals,,,,,0,0,Urban,0,,,Heavy rain,Null
1850025,5804510,7111,,535231,0,,0,2,,Null,2009/2010,SH 29,TE POI SOUTH ROAD,,Non-Injury Crash,Yes,2009,,North,,0,,Null,,,,,,Overcast,1114300,0,0,0,2,,,0,,,,,,Waikato Region,Nil,2-way,Sealed,,0,0,,70,,Off,0,0,,15,Matamata-Piako District,Stop,,,,,0,0,Urban,0,,,Light rain,Null
1756949,5920236,7112,,514102,0,,0,1,,South,2009/2010,HOBSON ST,WELLESLEY ST WEST,,Non-Injury Crash,No,2009,,South,,0,,Flat,,,,,,Dark,434105,0,0,0,4,,,0,,,,,,Auckland Region,Nil,1-way,Sealed,,0,0,,50,,On,0,0,,76,Auckland,Nil,,,,,1,0,Urban,0,,,Fine,Null
1750560,5926867,7113,,510010,0,,0,1,,North,2008/2009,RANGATIRA ROAD,SUNNYHAVEN AVENUE,,Non-Injury Crash,No,2009,,North,,0,,Flat,,Queens Birthday,,,,Bright sun,342000,0,0,0,2,,,0,,,,,,Auckland Region,Nil,2-way,Sealed,,0,0,,50,,Off,1,0,,76,Auckland,Nil,,,,,0,0,Urban,0,,,Fine,Null
1726653,6040447,7114,,501818,0,0,0,0,0,Null,2008/2009,WHANGAREI HEADS ROAD,TAYDEN COURT,,Non-Injury Crash,No,2009,0,South,0,0,0,Flat,0,,0,,0,Dark,73900,0,0,0,2,0,0,0,0,0,,0,0,Northland Region,Nil,2-way,Sealed,0,0,0,0,70,0,None,1,0,,2,Whangarei District,Nil,0,0,0,0,0,0,Urban,0,0,0,Fine,Null
1757148,5920511,7115,,514102,0,,0,0,,Null,2009/2010,VICTORIA ST WEST,FEDERAL ST,,Non-Injury Crash,No,2009,,East,,0,,Flat,,,,,,Overcast,433401,0,0,0,5,,,0,,,,,,Auckland Region,Nil,2-way,Sealed,,0,0,,50,,Off,1,0,,76,Auckland,Traffic Signals,,,,,0,0,Urban,1,,,Fine,Null
1692469,5675977,7116,,551800,0,,0,2,,Null,2008/2009,SH 45 POWDERHAM,DAWSON ST,,Non-Injury Crash,Yes,2009,,South,,0,,Flat,,,,,,Overcast,1591600,0,0,0,2,,,0,,,,,,Taranaki Region,Nil,2-way,Sealed,,0,0,,50,,Null,0,0,,33,New Plymouth District,Traffic Signals,,,,,0,0,Urban,0,,,Light rain,Null
1730459,6016773,7117,,501816,0,0,0,1,0,Null,2009/2010,SOUTH ROAD,COVE ROAD,,Non-Injury Crash,No,2009,0,South,0,0,0,Flat,0,,0,,0,Dark,80900,0,0,0,2,0,0,0,0,0,,0,1,Northland Region,Nil,2-way,Sealed,0,0,0,0,50,0,On,0,0,,2,Whangarei District,Stop,0,0,0,0,0,0,Urban,0,0,0,Fine,Null
1507636,5179504,7118,45,587100,0,0,0,1,0,Null,2009/2010,DOWNS ROAD,OSBOURNES ROAD,,Minor Crash,No,2009,0,South,0,0,0,Hill Road,0,,0,,0,Dark,2464600,1,0,0,2,0,0,0,0,0,,0,0,Canterbury Region,Nil,2-way,Sealed,0,0,0,0,100,0,None,0,0,,62,Selwyn District,Give way,0,0,0,1,0,0,Open,0,0,0,Fine,Null
1843784,5809933,7119,,535502,0,,0,2,,Null,2009/2010,SH 27,HINUERA ROAD,,Non-Injury Crash,Yes,2009,,South,,0,,Flat,,,,,,Bright sun,1121200,0,0,0,2,,,0,,,,,,Waikato Region,Nil,2-way,Sealed,,0,0,,70,,Null,0,0,,15,Matamata-Piako District,Give way,,,,,0,0,Urban,0,,,Fine,Null
1263781,5004745,7120,,609022,0,0,0,1,1,West,2008/2009,PENINSULA ROAD,SH 6,,Minor Crash,No,2009,0,West,0,0,0,Flat,0,Easter,0,,0,Overcast,3040117,2,0,0,2,0,0,0,0,0,,0,0,Otago Region,Nil,2-way,Sealed,0,0,0,0,70,0,Null,0,0,,70,Queenstown-Lakes District,Unknown,0,0,0,0,0,0,Urban,0,0,0,Fine,Null
1619408,5427172,7121,,584000,0,,0,2,,North,2009/2010,NAYLAND ROAD,NORWICH ST,,Non-Injury Crash,No,2009,,South,,0,,Flat,,,,,,Overcast,2341000,0,0,0,2,,,0,,,,,,Nelson Region,Nil,2-way,Sealed,,0,0,,50,,Null,0,0,,52,Nelson City,Nil,,,,,0,0,Urban,0,,,Fine,Null
1808019,5765572,7122,,531304,0,0,0,1,0,Null,2008/2009,PAEWHENUA ROAD,LURMAN ROAD,,Non-Injury Crash,No,2009,0,South,1,0,0,Flat,0,,0,,0,Dark,1001900,0,0,0,2,0,0,0,0,0,,0,0,Waikato Region,Nil,2-way,Sealed,0,0,0,0,100,0,None,0,0,,18,Ōtorohanga District,Nil,0,0,0,0,0,0,Open,0,0,0,Mist or Fog,Null
1572603,5180168,7123,,593501,0,,0,2,,West,2009/2010,WORCESTER ST,ENGLAND ST,,Minor Crash,No,2009,,East,,0,,Flat,,,,,,Bright sun,2609700,1,0,0,2,,,0,,,,,,Canterbury Region,Nil,2-way,Sealed,,0,0,,50,,Null,0,0,,60,Christchurch City,Nil,,,,,0,0,Urban,0,,,Fine,Null
1742182,5919581,7124,,513101,0,0,0,1,0,North,2009/2010,BIRDWOOD ROAD,WAIMOKO GLEN,,Non-Injury Crash,No,2009,0,North,0,0,1,Flat,0,,0,,0,Bright sun,238103,0,0,0,2,0,0,0,0,0,,0,0,Auckland Region,Nil,2-way,Sealed,0,0,0,0,50,0,Off,0,0,,76,Auckland,Nil,0,0,0,0,0,0,Urban,1,0,0,Fine,Null
1899439,5558374,7125,,549602,0,0,0,1,0,Null,2009/2010,PORANGAHAU ROAD,MIDDLETON ROAD,,Non-Injury Crash,No,2009,0,North,1,0,1,Flat,0,,0,,0,Bright sun,1524702,0,0,0,2,0,0,0,0,0,,0,0,Hawke's Bay Region,Nil,2-way,Sealed,0,0,0,0,100,0,Null,0,0,,32,Central Hawke's Bay District,Nil,0,0,0,0,0,0,Open,0,0,0,Fine,Null