X,Y,OBJECTID,advisorySpeed,areaUnitID,bicycle,bridge,bus,carStationWagon,cliffBank,crashDirectionDescription,crashFinancialYear,crashLocation1,crashLocation2,crashRoadSideRoad,crashSeverity,crashSHDescription,crashYear,debris,directionRoleDescription,ditch,fatalCount,fence,flatHill,guardRail,holiday,houseOrBuilding,intersection,kerb,light,meshblockId,minorInjuryCount,moped,motorcycle,NumberOfLanes,objectThrownOrDropped,otherObject,otherVehicleType,overBank,parkedVehicle,pedestrian,phoneBoxEtc,postOrPole,region,roadCharacter,roadLane,roadSurface,roadworks,schoolBus,seriousInjuryCount,slipOrFlood,speedLimit,strayAnimal,streetLight,suv,taxi,temporarySpeedLimit,tlaId,tlaName,trafficControl,trafficIsland,trafficSign,train,tree,truck,unknownVehicleType,urban,vanOrUtility,vehicle,waterRiver,weatherA,weatherB
1929600,5615255,7126,,547300,0,,0,1,,Null,2009/2010,GLOUCESTER ST,SPRINGFIELD ROAD,,Non-Injury Crash,No,2009,,North,,0,,Flat,,,,,,Bright sun,1461004,0,0,0,2,,,0,,,,,,Hawke's Bay Region,Nil,2-way,Sealed,,0,0,,70,,Null,0,0,,31,Napier City,Give way,,,,,0,0,Urban,1,,,Fine,Null
1753026,5911985,7127,,518902,0,0,0,1,0,West,2008/2009,HALSEY DRIVE,COMMODORE DRIVE,,Non-Injury Crash,No,2009,0,North,0,0,0,Hill Road,0,,0,,0,Bright sun,587801,0,0,0,2,0,0,0,0,0,,0,1,Auckland Region,Nil,2-way,Sealed,0,0,0,0,50,0,Off,0,0,,76,Auckland,Nil,0,0,0,0,0,0,Urban,0,0,0,Fine,Null
1760235,5907738,7128,,524403,0,,0,2,,Null,2009/2010,SH 20A,SH 20 MANGERE OBR,,Non-Injury Crash,Yes,2009,,South,,0,,Flat,,,,,,Bright sun,731105,0,0,0,2,,,0,,,,,,Auckland Region,Nil,1-way,Sealed,,0,0,,100,,Off,0,0,,76,Auckland,Nil,,,,,0,0,Open,0,,,Fine,Null
1769979,5898717,7129,,523920,0,0,0,1,0,South,2008/2009,SH 1N,GT SOUTH OBR,,Non-Injury Crash,Yes,2009,0,North,0,0,0,Flat,1,,0,,0,Dark,767911,0,0,0,3,0,0,0,1,0,,0,0,Auckland Region,Nil,1-way,Sealed,0,0,0,0,100,0,On,0,0,,76,Auckland,Nil,0,0,0,0,0,0,Open,0,0,0,Mist or Fog,Null
1833003,5877612,7130,,533603,0,0,0,1,0,North,2008/2009,SH 26,NEAVESVILLE ROAD,,Non-Injury Crash,Yes,2009,0,North,1,0,0,Flat,0,,0,,0,Bright sun,1058000,0,0,0,2,0,0,0,0,0,,0,0,Waikato Region,Nil,2-way,Sealed,0,0,0,0,100,0,Null,0,0,,11,Thames-Coromandel District,Unknown,0,0,0,0,0,0,Open,0,0,0,Fine,Null
1717726,6038593,7131,,502005,0,0,0,1,1,Null,2009/2010,SH 1N,PORTLAND ROAD,,Non-Injury Crash,Yes,2009,0,North,0,0,1,Flat,0,,0,,0,Overcast,74601,0,0,0,2,0,0,0,0,0,,0,0,Northland Region,Nil,2-way,Sealed,0,0,0,0,100,0,Null,0,0,,2,Whangarei District,Nil,0,0,0,0,0,0,Open,0,0,0,Light rain,Null
1629152,6114401,7132,,500204,0,0,0,0,0,North,2009/2010,CLOUGH ROAD,SH 1N,,Non-Injury Crash,No,2009,0,South,0,0,0,Flat,0,,0,,0,Dark,8600,0,0,0,0,0,0,0,0,0,,0,0,Northland Region,Nil,2-way,Unsealed,0,0,0,0,100,0,None,1,0,,1,Far North District,Nil,0,0,0,1,0,0,Open,0,0,0,Fine,Null
1737348,6034340,7133,,501819,0,0,0,0,0,East,2009/2010,WHANGAREI HEADS ROAD,MCDONALD ROAD,,Non-Injury Crash,No,2009,0,West,0,0,0,Hill Road,0,,0,,0,Bright sun,74308,0,0,0,2,0,0,0,0,1,,0,0,Northland Region,Nil,2-way,Sealed,0,0,0,0,30,0,None,1,0,,2,Whangarei District,Nil,0,0,0,0,1,0,Urban,0,0,0,Fine,Null
1804486,5813708,7134,,530800,0,,0,1,,Null,2008/2009,SH 1N,SH 26,,Non-Injury Crash,Yes,2009,,North,,0,,Flat,,,,,,Overcast,883500,0,0,0,2,,,0,,,,,,Waikato Region,Nil,2-way,Sealed,,0,0,,50,,Null,0,0,,16,Hamilton City,Give way,,,,,1,0,Urban,0,,,Light rain,Null
1843092,5681515,7135,,541000,0,0,0,1,0,West,2008/2009,HIRANGI ROAD,MAROTOA GROVE,,Non-Injury Crash,No,2009,0,West,0,0,1,Flat,0,,0,,0,Twilight,1287700,0,0,0,2,0,0,0,0,0,,0,0,Waikato Region,Nil,2-way,Sealed,0,0,0,0,50,0,On,0,0,,21,Taupo District,Nil,0,0,0,0,0,0,Urban,0,0,0,Fine,Frost
1699059,5678610,7136,,550901,0,,0,1,,West,2008/2009,BELL BLOCK COURT,WYNYARD ST,,Non-Injury Crash,No,2009,,East,,0,,Flat,,,,,,Bright sun,1561500,0,0,0,2,,,0,,,,,,Taranaki Region,Nil,2-way,Sealed,,0,0,,50,,Null,1,0,,33,New Plymouth District,Nil,,,,,0,0,Urban,0,,,Fine,Null
1720077,6045823,7137,,503200,0,0,0,1,0,South,2009/2010,RIVERSIDE DRIVE,DUNDAS ROAD,,Non-Injury Crash,No,2009,0,South,0,0,0,Flat,0,,0,,0,Overcast,101401,0,0,0,4,0,0,0,0,0,,0,0,Northland Region,Nil,2-way,Sealed,0,0,0,0,50,0,Off,0,0,,2,Whangarei District,Nil,0,0,0,0,1,0,Urban,0,1,0,Fine,Null
1755360,5915326,7138,,518302,0,0,0,4,0,West,2009/2010,LAMBETH ROAD,DOMINION ROAD,,Non-Injury Crash,No,2009,0,East,0,0,0,Flat,0,,0,,0,Dark,554800,0,0,0,1,0,0,0,0,2,,0,0,Auckland Region,Nil,2-way,Sealed,0,0,0,0,50,0,On,0,0,,76,Auckland,Nil,0,0,0,0,0,0,Urban,0,0,0,Fine,Null
1758818,5905572,7139,,524200,0,,0,1,,Null,2009/2010,SH 20A,MONTGOMERIE ROAD,,Non-Injury Crash,Yes,2009,,South,,0,,Flat,,,,,,Bright sun,727600,0,0,0,4,,,0,,,,,,Auckland Region,Nil,2-way,Sealed,,0,0,,50,,Off,0,0,,76,Auckland,Stop,,,,,1,0,Urban,0,,,Fine,Null
1757985,5917166,7140,,515700,0,0,0,1,0,Null,2008/2009,OWENS ROAD,GILLIES AVENUE,,Non-Injury Crash,No,2009,0,South,0,0,0,Flat,0,,0,,0,Bright sun,457600,0,0,0,3,0,0,0,0,0,,0,0,Auckland Region,Nil,2-way,Sealed,0,0,0,0,50,0,Off,1,0,,76,Auckland,Traffic Signals,0,0,0,0,0,0,Urban,0,1,0,Fine,Null
1742676,5913342,7141,,512902,0,0,0,1,1,Null,2008/2009,FOREST HILL ROAD,KELLYS ROAD,,Non-Injury Crash,No,2009,0,West,0,0,0,Flat,0,,0,,0,Dark,279000,0,0,0,2,0,0,0,0,0,,0,0,Auckland Region,Nil,2-way,Sealed,0,0,0,0,70,0,None,0,0,,76,Auckland,Nil,0,0,0,0,0,0,Urban,0,0,0,Light rain,Null
2037253,5708131,7142,,544600,0,,0,1,,Null,2008/2009,CHILDERS ROAD,PEEL ST,,Non-Injury Crash,No,2009,,West,,0,,Flat,,,,,,Dark,1371100,0,0,0,2,,,0,,,,,,Gisborne Region,Nil,2-way,Sealed,,0,0,,50,,On,1,0,,28,Gisborne District,Stop,,,,,0,0,Urban,0,,,Fine,Null
1869570,5713004,7143,,541730,0,,0,1,,North,2008/2009,TAHAREPA ROAD,CROWN ROAD,,Non-Injury Crash,No,2009,,North,,0,,Flat,,,,,,Overcast,1269702,0,0,0,2,,,0,,,,,,Waikato Region,Nil,2-way,Sealed,,0,0,,50,,Null,0,0,,21,Taupo District,Unknown,,,,,1,0,Urban,0,,,Fine,Null
1755552,5932538,7144,,507400,0,,0,2,,South,2008/2009,EAST COAST ROAD,HASTINGS ROAD,,Non-Injury Crash,No,2009,,South,,0,,Flat,,,,,,Overcast,152500,0,0,0,4,,,0,,,,,,Auckland Region,Nil,2-way,Sealed,,0,0,,50,,Off,0,0,,76,Auckland,Nil,,,,,0,0,Urban,1,,,Light rain,Null
1753911,5925498,7145,,510500,0,,0,4,,South,2008/2009,BIRKENHEAD AVENUE,PUPUKE ROAD,,Non-Injury Crash,No,2009,,South,,0,,Flat,,,,,,Bright sun,355603,0,0,0,2,,,0,,,,,,Auckland Region,Nil,2-way,Sealed,,0,0,,50,,Null,0,0,,76,Auckland,Unknown,,,,,0,0,Urban,0,,,Fine,Null
1755684,5919735,7146,,514000,0,,0,1,,South,2008/2009,PONSONBY ROAD,DOUGLAS ST,,Non-Injury Crash,No,2009,,South,,0,,Flat,,,,,,Twilight,414000,0,0,0,4,,,0,,,,,,Auckland Region,Nil,2-way,Sealed,,0,0,,50,,None,0,0,,76,Auckland,Nil,,,,,1,0,Urban,0,,,Fine,Null
1756719,5928380,7147,,507900,1,,0,1,,Null,2009/2010,NAPOLEON AVENUE,WATERLOO ROAD,,Non-Injury Crash,No,2009,,North,,0,,Flat,,,,,,Bright sun,305800,0,0,0,2,,,0,,,,,,Auckland Region,Nil,2-way,Sealed,,0,0,,50,,Off,0,0,,76,Auckland,Give way,,,,,0,0,Urban,0,,,Fine,Null
1762127,5919193,7148,,516400,0,0,0,1,0,North,2009/2010,COATES AVENUE,PUNA ST,,Non-Injury Crash,No,2009,0,South,0,0,0,Flat,0,,0,,0,Dark,498300,0,0,0,2,0,0,0,0,0,,0,1,Auckland Region,Nil,2-way,Sealed,0,0,0,0,50,0,On,0,0,,76,Auckland,Nil,0,0,0,0,0,0,Urban,0,0,0,Light rain,Null
1801849,5814939,7149,,530200,0,,0,2,,South,2008/2009,GREY ST,BRIDGE ST,,Non-Injury Crash,No,2009,,South,,0,,Flat,,,,,,Bright sun,892800,0,0,0,2,,,0,,,,,,Waikato Region,Nil,2-way,Sealed,,0,0,,50,,Null,0,0,,16,Hamilton City,Unknown,,,,,0,0,Urban,0,,,Fine,Null
1708736,5622131,7150,,554114,0,0,0,1,0,South,2009/2010,KETEMARAE ROAD,OHANGAI ROAD,,Non-Injury Crash,No,2009,0,North,0,0,0,Hill Road,0,,0,,0,Dark,1654400,0,0,0,2,0,0,0,0,0,,0,0,Taranaki Region,Nil,2-way,Sealed,0,0,0,0,100,0,None,0,0,,35,South Taranaki District,Nil,0,0,0,0,0,0,Open,0,0,0,Light rain,Null
1756625,5434475,7151,,569900,1,0,0,1,0,East,2009/2010,THE ESPLANADE,TE PUNI ST,,Minor Crash,No,2009,0,East,0,0,0,Flat,0,,0,,0,Overcast,2034000,1,0,0,2,0,0,0,0,1,,0,0,Wellington Region,Nil,2-way,Sealed,0,0,0,0,50,0,Null,0,0,,46,Lower Hutt City,Nil,0,0,0,0,0,0,Urban,0,0,0,Heavy rain,Null
1742684,6003356,7152,,505022,0,,0,1,,North,2009/2010,MOLESWORTH DRIVE,SEABREEZE ROAD,,Non-Injury Crash,No,2009,,South,,0,,Hill Road,,,,,,Overcast,133444,0,0,0,2,,,0,,,,,,Northland Region,Nil,2-way,Sealed,,0,0,,70,,None,1,0,,3,Kaipara District,Nil,,,,,0,0,Urban,0,,,Light rain,Null
1302854,4827304,7153,,610080,0,0,0,1,1,North,2009/2010,WAIKAWA-CURIO BAY ROAD,HALDANE-CURIO BAY ROAD,,Minor Crash,No,2009,0,North,0,0,1,Flat,0,,0,,0,Bright sun,3097600,2,0,0,2,0,0,0,0,0,,0,0,Southland Region,Nil,2-way,Sealed,0,0,0,0,100,0,Null,0,0,,73,Southland District,Unknown,0,0,0,0,0,0,Open,0,0,0,Fine,Null
1773403,5895960,7154,,525410,0,,0,1,,Null,2008/2009,MARNE ROAD,ONSLOW ROAD,,Non-Injury Crash,No,2009,,North,,0,,Flat,,,,,,Bright sun,793100,0,0,0,2,,,0,,,,,,Auckland Region,Nil,2-way,Sealed,,0,0,,50,,Off,0,0,,76,Auckland,Stop,,,,,1,0,Urban,0,,,Fine,Null
1744254,5917510,7155,,513220,0,,0,2,,Null,2009/2010,STURGES ROAD,HARVEST DRIVE,,Non-Injury Crash,No,2009,,West,,0,,Flat,,,,,,Bright sun,236710,0,0,0,2,,,0,,,,,,Auckland Region,Nil,2-way,Sealed,,0,0,,50,,Null,0,0,,76,Auckland,Nil,,,,,0,0,Urban,0,,,Fine,Null
1762369,5912900,7156,,520500,0,,0,1,,North,2008/2009,GREAT SOUTH ROAD,SIMS ROAD,,Non-Injury Crash,No,2009,,South,,0,,Flat,,,,,,Overcast,637200,0,0,0,4,,,0,,,,,,Auckland Region,Nil,2-way,Sealed,,0,0,,50,,Null,1,0,,76,Auckland,Unknown,,,,,0,0,Urban,0,,,Fine,Null
1763262,5908247,7157,,524301,0,,0,2,,Null,2009/2010,MASSEY ROAD,SAVILL DRIVE,,Non-Injury Crash,No,2009,,South,,0,,Flat,,,,,,Bright sun,748600,0,0,0,4,,,0,,,,,,Auckland Region,Nil,2-way,Sealed,,0,0,,50,,Null,0,0,,76,Auckland,Traffic Signals,,,,,0,0,Urban,0,,,Fine,Null
1706053,5682517,7158,,551301,0,0,0,1,0,Null,2008/2009,HIGH ST WEST,RALEIGH ST,,Non-Injury Crash,No,2009,0,North,0,0,1,Hill Road,0,Christmas New Year,0,,0,Dark,1546400,0,0,0,2,0,0,0,0,1,,0,1,Taranaki Region,Nil,2-way,Sealed,0,0,0,0,50,0,On,0,0,,33,New Plymouth District,Give way,0,0,0,0,0,0,Urban,0,0,0,Fine,Null
1797428,5819545,7159,,528403,0,0,0,1,0,South,2008/2009,PUKETE ROAD,PERCLO PLACE,,Non-Injury Crash,No,2009,0,North,0,0,0,Flat,0,,0,,1,Overcast,907401,0,0,0,2,0,0,0,0,0,,0,0,Waikato Region,Nil,2-way,Sealed,0,0,0,0,50,0,Off,0,0,,16,Hamilton City,Nil,0,0,0,0,0,0,Urban,0,0,0,Fine,Null
1757648,5449904,7160,,572000,0,0,0,1,0,East,2008/2009,GRAYS ROAD,POPE ST,,Non-Injury Crash,No,2009,0,East,0,0,0,Hill Road,0,,0,,0,Dark,2069308,0,0,0,2,0,0,0,0,0,,0,0,Wellington Region,Nil,2-way,Sealed,0,0,0,0,50,0,None,0,0,,44,Porirua City,Nil,0,0,0,1,0,0,Urban,0,0,0,Heavy rain,Null
1866998,5714290,7161,,541710,0,,0,0,,North,2008/2009,WAIRAKEI DRIVE,NORMAN SMITH ST,,Non-Injury Crash,No,2009,,South,,0,,Hill Road,,,,,,Bright sun,1275301,0,0,0,3,,,0,,,,,,Waikato Region,Nil,2-way,Sealed,,0,0,,50,,Null,1,0,,21,Taupo District,Give way,,,,,0,0,Urban,1,,,Fine,Null
1765164,5914520,7162,,520602,0,0,0,0,1,North,2008/2009,LAGOON DRIVE,BASIN VIEW LANE,,Non-Injury Crash,No,2009,0,North,0,0,0,Flat,0,,0,,0,Dark,628700,0,0,0,2,0,0,0,0,0,,0,0,Auckland Region,Nil,2-way,Sealed,0,0,0,0,50,0,On,0,0,,76,Auckland,Unknown,0,0,0,0,0,0,Urban,1,0,0,Fine,Null
1876558,5814509,7163,,536630,0,0,0,1,0,North,2008/2009,OROPI ROAD,WARNER ROAD,,Non-Injury Crash,No,2009,0,South,0,0,0,Hill Road,0,,0,,0,Overcast,1193501,0,0,0,2,0,0,0,0,0,,0,0,Bay of Plenty Region,Nil,2-way,Sealed,0,0,0,0,100,0,Null,0,0,,22,Western Bay of Plenty District,Give way,0,0,0,0,0,0,Open,0,0,0,Light rain,Null
1763778,5913152,7164,,520500,0,,0,2,,Null,2008/2009,MOUNT WELLINGTON HIGHWAY,LONGFORD ST,,Non-Injury Crash,No,2009,,South,,0,,Flat,,,,,,Bright sun,637500,0,0,0,4,,,0,,,,,,Auckland Region,Nil,2-way,Sealed,,0,0,,50,,Off,0,0,,76,Auckland,Nil,,,,,0,0,Urban,0,,,Fine,Null
1754694,5927553,7165,,508310,0,,0,2,,Null,2009/2010,CHARTWELL AVENUE,ARCHERS ROAD,,Non-Injury Crash,No,2009,,South,,0,,Flat,,,,,,Bright sun,200800,0,0,0,2,,,0,,,,,,Auckland Region,Nil,2-way,Sealed,,0,0,,50,,None,0,0,,76,Auckland,Give way,,,,,0,0,Urban,0,,,Fine,Null
2037340,5708040,7166,,544600,0,0,0,1,0,Null,2008/2009,CHILDERS ROAD,LOWE ST,,Non-Injury Crash,No,2009,0,East,0,0,0,Flat,0,Queens Birthday,0,,1,Dark,1371400,0,0,0,2,0,0,0,0,0,,1,0,Gisborne Region,Nil,2-way,Sealed,0,0,0,0,50,0,On,0,0,,28,Gisborne District,Stop,0,0,0,0,0,0,Urban,0,0,0,Light rain,Strong wind
1755439,5927872,7167,,507900,0,,0,2,,East,2009/2010,PORANA ROAD,SUNNYBRAE ROAD,,Non-Injury Crash,No,2009,,East,,0,,Flat,,,,,,Overcast,305201,0,0,0,2,,,0,,,,,,Auckland Region,Nil,2-way,Sealed,,0,0,,50,,Null,0,0,,76,Auckland,Unknown,,,,,0,0,Urban,0,,,Fine,Null
1749253,5424637,7168,,576400,0,0,0,1,0,North,2009/2010,DANIELL ST,RHODES ST,,Non-Injury Crash,No,2009,0,North,0,0,0,Hill Road,0,,0,,0,Overcast,2169300,0,0,0,2,0,0,0,0,0,,0,0,Wellington Region,Nil,2-way,Sealed,0,0,0,0,50,0,Null,0,0,,47,Wellington City,Nil,0,0,0,0,0,0,Urban,1,1,0,Fine,Null
1755525,5913005,7169,,518701,0,0,0,2,0,West,2009/2010,RAINFORD ST,STAMFORD PARK ROAD,,Non-Injury Crash,No,2009,0,East,0,0,0,Flat,0,,0,,0,Overcast,573900,0,0,0,2,0,0,0,0,1,,0,0,Auckland Region,Nil,2-way,Sealed,0,0,0,0,50,0,On,0,0,,76,Auckland,Nil,0,0,0,0,0,0,Urban,0,0,0,Light rain,Null
1753159,5924719,7170,,510402,0,,0,5,,West,2008/2009,MOKOIA ROAD,CHELSEA VIEW DRIVE,,Non-Injury Crash,No,2009,,East,,0,,Flat,,,,,,Overcast,352400,0,0,0,4,,,0,,,,,,Auckland Region,Nil,2-way,Sealed,,0,0,,50,,Null,0,0,,76,Auckland,Traffic Signals,,,,,0,0,Urban,0,,,Fine,Null
1801906,5814837,7171,,530200,0,,0,2,,East,2008/2009,CLYDE ST,GREY ST,,Non-Injury Crash,No,2009,,East,,0,,Flat,,,,,,Bright sun,893100,0,0,0,2,,,0,,,,,,Waikato Region,Nil,2-way,Sealed,,0,0,,50,,Null,0,0,,16,Hamilton City,Unknown,,,,,0,0,Urban,0,,,Fine,Null
1884980,5825562,7172,,536831,0,0,0,2,0,West,2008/2009,GIRVEN ROAD,KOROWAI ST,,Non-Injury Crash,No,2009,0,West,0,0,0,Flat,0,,0,,0,Overcast,1202500,0,0,0,2,0,0,0,0,1,,0,0,Bay of Plenty Region,Nil,2-way,Sealed,0,0,0,0,50,0,Null,0,0,,23,Tauranga City,Unknown,0,0,0,0,0,0,Urban,1,0,0,Fine,Null
1720517,6033010,7173,,501811,0,0,0,1,0,North,2008/2009,SH 1N,TOTARA ROAD W,,Non-Injury Crash,Yes,2009,1,South,0,0,0,Flat,0,,0,,0,Dark,77600,0,0,0,3,0,0,0,0,0,,0,0,Northland Region,Nil,2-way,Sealed,0,0,0,0,100,0,None,0,0,,2,Whangarei District,Nil,0,0,0,0,0,0,Open,0,0,0,Heavy rain,Strong wind
1608493,5420264,7174,,581822,0,0,0,0,0,North,2008/2009,WAIMEA WEST ROAD,MALTHOUSE CRESCENT,,Non-Injury Crash,No,2009,0,South,0,0,0,Flat,0,,0,,0,Dark,2355301,0,0,0,2,0,0,0,0,0,,0,0,Tasman Region,Nil,2-way,Sealed,0,0,0,0,100,0,None,0,0,,51,Tasman District,Nil,0,0,0,0,1,0,Open,0,0,0,Fine,Null
1771111,5900668,7175,,523816,0,,0,2,,Null,2009/2010,PORCHESTER ROAD,HYPERION DRIVE,,Non-Injury Crash,No,2009,,North,,0,,Hill Road,,,,,,Bright sun,759730,0,0,0,2,,,0,,,,,,Auckland Region,Nil,2-way,Sealed,,0,0,,50,,Off,0,0,,76,Auckland,Stop,,,,,0,0,Urban,0,,,Fine,Null
1750422,5915879,7176,,514802,0,,0,1,,Null,2008/2009,ROSEBANK ROAD,RIVERSDALE ROAD,,Non-Injury Crash,No,2009,,East,,0,,Flat,,,,,,Overcast,386200,0,0,0,2,,,0,,,,,,Auckland Region,Nil,2-way,Sealed,,0,0,,50,,Null,0,0,,76,Auckland,Stop,,,,,1,0,Urban,0,,,Fine,Null
1800006,5816010,7177,,529700,0,,0,1,,Null,2008/2009,MILL ST,TRISTRAM ST,,Non-Injury Crash,No,2009,,South,,0,,Flat,,Easter,,,,Overcast,909100,0,0,0,4,,,0,,,,,,Waikato Region,Nil,2-way,Sealed,,0,0,,50,,Null,1,0,,16,Hamilton City,Traffic Signals,,,,,0,0,Urban,0,,,Fine,Null
1675506,5405294,7178,,580420,0,,0,1,,Null,2009/2010,OLD RENWICK ROAD,ST LEONARDS ROAD,,Non-Injury Crash,No,2009,,East,,0,,Flat,,,,,,Bright sun,2290402,0,0,0,2,,,0,,,,,,Marlborough Region,Nil,2-way,Sealed,,0,0,,100,,Null,0,0,,53,Marlborough District,Give way,,,,,0,0,Open,1,,,Fine,Null
1769862,5914774,7179,,522722,0,,0,2,,Null,2009/2010,AVIEMORE DRIVE,PAKURANGA ROAD,,Non-Injury Crash,No,2009,,West,,0,,Flat,,,,,,Overcast,681324,0,0,0,4,,,0,,,,,,Auckland Region,Nil,2-way,Sealed,,0,0,,60,,Off,0,0,,76,Auckland,Traffic Signals,,,,,0,0,Urban,0,,,Light rain,Null
1756252,5945101,7180,,505908,0,0,0,1,0,West,2008/2009,STANMORE BAY ROAD,BONITA AVENUE,,Non-Injury Crash,No,2009,0,East,0,0,0,Hill Road,0,,0,,1,Dark,173716,0,0,0,2,0,0,0,0,0,,0,0,Auckland Region,Nil,2-way,Sealed,0,0,0,0,50,0,On,0,0,,76,Auckland,Nil,0,0,0,0,0,0,Urban,0,0,0,Light rain,Null
1441233,5006157,7181,,601010,0,,0,1,,North,2008/2009,SH 1S,FROME ST,,Minor Crash,Yes,2009,,South,,0,,Flat,,,,,,Bright sun,2845200,1,0,0,2,,,0,,,1,,,Otago Region,Nil,2-way,Sealed,,0,0,,50,,Null,0,0,,68,Waitaki District,Unknown,,,,,0,0,Urban,0,,,Fine,Null
1805676,5787800,7182,,527700,0,,0,0,,North,2008/2009,SH 3,LESLIE ST,,Non-Injury Crash,Yes,2009,,South,,0,,Flat,,,,,,Bright sun,989901,0,0,0,2,,,0,,,,,,Waikato Region,Nil,2-way,Sealed,,0,0,,50,,Null,1,0,,17,Waipa District,Nil,,,,,1,0,Urban,0,,,Fine,Null
1748376,5918999,7183,,514801,0,0,0,1,0,East,2008/2009,SH 16,TE ATATU OBR,,Non-Injury Crash,Yes,2009,0,West,0,0,0,Flat,1,,0,,0,Bright sun,389300,0,0,0,3,0,0,0,0,0,,0,0,Auckland Region,Nil,1-way,Sealed,0,0,0,0,100,0,Null,0,0,,76,Auckland,Unknown,0,0,0,0,0,0,Open,0,0,0,Fine,Null
1851644,5811701,7184,,535220,0,0,0,1,0,South,2009/2010,OLD TE AROHA ROAD,DOUGLAS ROAD,,Non-Injury Crash,No,2009,0,South,0,0,1,Hill Road,0,,0,,0,Dark,1113301,0,0,0,2,0,0,0,0,0,,0,0,Waikato Region,Nil,2-way,Sealed,0,0,0,0,100,0,None,0,0,,15,Matamata-Piako District,Unknown,0,0,0,1,0,0,Open,0,0,0,Heavy rain,Null
1614985,5423671,7185,,584202,0,,0,1,,Null,2009/2010,SH 6,CHURCH ST,,Non-Injury Crash,Yes,2009,,South,,0,,Flat,,,,,,Overcast,2364400,0,0,0,2,,,0,,,,,,Tasman Region,Nil,2-way,Sealed,,0,0,,50,,Null,0,0,,51,Tasman District,Give way,,,,,0,0,Urban,1,,,Light rain,Null
1769862,5914774,7186,,522722,0,0,0,2,0,Null,2008/2009,PAKURANGA ROAD,AVIEMORE DRIVE,,Non-Injury Crash,No,2009,0,East,0,0,0,Flat,0,,0,,0,Bright sun,681324,0,0,0,2,0,0,0,0,0,,0,0,Auckland Region,Nil,2-way,Sealed,0,0,0,0,60,0,Null,0,0,,76,Auckland,Traffic Signals,0,0,0,0,0,0,Urban,0,1,0,Fine,Null
1683652,6103533,7187,,500900,0,,0,1,,South,2008/2009,SH 10,WAIPAPA ROAD,,Non-Injury Crash,Yes,2009,,South,,0,,Flat,,,,,,Bright sun,44603,0,0,0,2,,,0,,,,,,Northland Region,Nil,2-way,Sealed,,0,0,,70,,Off,1,0,,1,Far North District,Nil,,,,,0,0,Urban,0,,,Fine,Null
1765310,5918269,7188,,516900,0,,0,2,,Null,2008/2009,WEST TAMAKI ROAD,MINIVER ST,,Non-Injury Crash,No,2009,,East,,0,,Hill Road,,,,,,Overcast,465602,0,0,0,2,,,0,,,,,,Auckland Region,Nil,2-way,Sealed,,0,0,,50,,Null,0,0,,76,Auckland,Stop,,,,,0,0,Urban,0,,,Light rain,Null
1790857,5840594,7189,,527402,0,,0,1,,West,2008/2009,RAYNER ROAD,WILLIAM ST,,Non-Injury Crash,No,2009,,East,,0,,Hill Road,,,,,,Dark,944100,0,0,0,2,,,0,,,,,,Waikato Region,Nil,2-way,Sealed,,0,0,,50,,On,0,0,,13,Waikato District,Nil,,,,,0,0,Urban,0,,,Light rain,Null
1882312,5774671,7190,,539400,0,0,0,1,0,Null,2008/2009,LISA CRESCENT,MAY ROAD,,Non-Injury Crash,No,2009,0,South,0,0,1,Flat,0,,0,,0,Dark,1224500,0,0,0,2,0,0,0,0,0,,0,1,Bay of Plenty Region,Nil,2-way,Sealed,0,0,0,0,50,0,On,0,0,,24,Rotorua District,Nil,0,0,0,0,0,0,Urban,0,0,0,Fine,Null
1751142,5911455,7191,,514700,0,0,0,2,0,North,2009/2010,MITCHELL ST,CONNELL ST,,Non-Injury Crash,No,2009,0,East,0,0,0,Flat,0,,0,,0,Dark,367704,0,0,0,2,0,0,0,0,1,,0,0,Auckland Region,Nil,2-way,Sealed,0,0,0,0,50,0,On,0,0,,76,Auckland,Nil,0,0,0,0,0,0,Urban,0,0,0,Fine,Null
1763261,5920410,7192,,516500,0,0,0,2,0,West,2009/2010,TAMAKI DRIVE,PATTESON AVENUE,,Non-Injury Crash,No,2009,0,East,0,0,0,Flat,0,,0,,0,Twilight,500600,0,0,0,2,0,0,0,0,1,,0,0,Auckland Region,Nil,2-way,Sealed,0,0,0,0,50,0,Off,0,0,,76,Auckland,Nil,0,0,0,0,0,0,Urban,0,0,0,Fine,Null
1763760,5908894,7193,,521901,0,,0,2,,Null,2009/2010,MANGERE ROAD,AWA ST,,Non-Injury Crash,No,2009,,East,,0,,Null,,,,,,Bright sun,785100,0,0,0,2,,,0,,,,,,Auckland Region,Nil,2-way,Sealed,,0,0,,50,,Off,0,0,,76,Auckland,Give way,,,,,0,0,Urban,0,,,Fine,Null
1758448,5912038,7194,,519810,0,0,0,1,0,North,2009/2010,GEORGE TERRACE,PRINCES ST,,Non-Injury Crash,No,2009,0,South,0,0,0,Flat,0,,0,,0,Bright sun,601400,0,0,0,2,0,0,0,0,1,,0,0,Auckland Region,Nil,2-way,Sealed,0,0,0,0,50,0,Off,0,0,,76,Auckland,Nil,0,0,0,0,1,0,Urban,0,0,0,Fine,Null
1756361,5927283,7195,,507900,0,,0,4,,North,2009/2010,SH 1N,NORTHCOTE OBR,,Non-Injury Crash,Yes,2009,,South,,0,,Flat,,,,,,Overcast,305202,0,0,0,3,,,0,,,,,,Auckland Region,Nil,1-way,Sealed,,0,0,,100,,On,0,0,,76,Auckland,Unknown,,,,,0,0,Open,0,,,Light rain,Null