X,Y,OBJECTID,advisorySpeed,areaUnitID,bicycle,bridge,bus,carStationWagon,cliffBank,crashDirectionDescription,crashFinancialYear,crashLocation1,crashLocation2,crashRoadSideRoad,crashSeverity,crashSHDescription,crashYear,debris,directionRoleDescription,ditch,fatalCount,fence,flatHill,guardRail,holiday,houseOrBuilding,intersection,kerb,light,meshblockId,minorInjuryCount,moped,motorcycle,NumberOfLanes,objectThrownOrDropped,otherObject,otherVehicleType,overBank,parkedVehicle,pedestrian,phoneBoxEtc,postOrPole,region,roadCharacter,roadLane,roadSurface,roadworks,schoolBus,seriousInjuryCount,slipOrFlood,speedLimit,strayAnimal,streetLight,suv,taxi,temporarySpeedLimit,tlaId,tlaName,trafficControl,trafficIsland,trafficSign,train,tree,truck,unknownVehicleType,urban,vanOrUtility,vehicle,waterRiver,weatherA,weatherB
1576077,5181803,7196,,593800,0,,0,1,,East,2009/2010,PAGES ROAD,BREEZES ROAD,,Minor Crash,No,2009,,East,,0,,Flat,,,,,,Dark,2571600,1,0,0,2,,,0,,,1,,,Canterbury Region,Nil,2-way,Sealed,,0,0,,50,,On,0,0,,60,Christchurch City,Unknown,,,,,0,0,Urban,0,,,Fine,Null
1755554,5921430,7197,,515202,0,,0,1,,North,2009/2010,SH 1N,FANSHAWE OFF SBD,,Non-Injury Crash,Yes,2009,,South,,0,,Flat,,,,,,Overcast,425600,0,0,0,4,,,0,,,,,,Auckland Region,Nil,1-way,Sealed,,0,0,,80,,Off,0,0,,76,Auckland,Nil,,,,,1,0,Open,0,,,Fine,Null
1680989,6109265,7198,,501614,0,,0,1,,North,2008/2009,SH 10,SANDYS ROAD,,Non-Injury Crash,Yes,2009,,South,,0,,Hill Road,,,,,,Bright sun,44007,0,0,0,2,,,0,,,,,,Northland Region,Nil,2-way,Sealed,,0,0,,100,,Off,1,0,,1,Far North District,Nil,,,,,0,0,Open,0,,,Fine,Null
1818416,5546524,7199,,560710,0,0,0,1,0,Null,2008/2009,LETHBRIDGFE ST,FRASER DRIVE,,Non-Injury Crash,No,2009,0,South,0,0,1,Flat,0,,0,,0,Dark,1769107,0,0,0,2,0,0,0,0,0,,0,0,Manawatū-Whanganui Region,Nil,2-way,Sealed,0,0,0,0,50,0,None,0,0,,39,Manawatu District,Nil,0,0,0,0,0,0,Urban,0,0,0,Fine,Null
1750538,5914372,7200,,511303,0,0,0,4,0,South,2009/2010,PORTAGE ROAD,GREAT NORTH ROAD,,Non-Injury Crash,No,2009,0,South,0,0,0,Flat,0,,0,,0,Overcast,266200,0,0,0,2,0,0,0,0,3,,0,0,Auckland Region,Nil,2-way,Sealed,0,0,0,0,50,0,Off,0,0,,76,Auckland,Nil,0,0,0,0,0,0,Urban,0,0,0,Fine,Null
1849208,5686739,7201,,541347,0,0,0,1,0,South,2008/2009,SH 1N,MANIAPOTO ST,,Non-Injury Crash,Yes,2009,0,North,0,0,0,Hill Road,1,Queens Birthday,0,,0,Dark,1281404,0,0,0,2,0,0,0,0,0,,0,0,Waikato Region,Nil,2-way,Sealed,0,0,0,0,100,0,None,0,0,,21,Taupo District,Unknown,0,0,0,0,0,0,Open,0,0,0,Fine,Null
1755556,5932567,7202,,507400,0,,0,1,,Null,2008/2009,EAST COAST ROAD,HASTINGS ROAD,,Non-Injury Crash,No,2009,,South,,0,,Flat,,,,,,Twilight,152900,0,0,0,2,,,0,,,,,,Auckland Region,Nil,2-way,Sealed,,0,0,,50,,On,1,0,,76,Auckland,Nil,,,,,0,0,Urban,0,,,Fine,Null
1819905,5465405,7203,,578302,0,0,0,1,0,West,2008/2009,UPPER PLAIN ROAD,BUDDS ROAD,,Non-Injury Crash,No,2009,0,West,0,0,0,Flat,0,,0,,0,Overcast,2252600,0,0,0,2,0,0,0,0,0,,0,1,Wellington Region,Nil,2-way,Sealed,0,0,0,0,100,0,Null,0,0,,48,Masterton District,Nil,0,0,0,0,0,0,Open,0,0,0,Light rain,Null
1569116,5192175,7204,,586501,0,0,0,1,1,West,2009/2010,Z HAYES ROAD,SH 1S,,Minor Crash,No,2009,0,West,0,0,0,Flat,0,,0,,0,Bright sun,2456700,1,0,0,0,0,0,0,0,0,,0,0,Canterbury Region,Nil,Off road,Unsealed,0,0,0,0,50,0,Null,0,0,,59,Waimakariri District,Unknown,0,0,0,0,0,0,Urban,0,0,0,Fine,Null
1407855,4915551,7205,,604620,0,,0,2,,North,2008/2009,PORTOBELLO ROAD,MARNE ST,,Minor Crash,No,2009,,South,,0,,Flat,,,,,,Dark,2938000,1,0,0,2,,,0,,,,,,Otago Region,Nil,2-way,Sealed,,0,0,,50,,On,0,0,,71,Dunedin City,Unknown,,,,,0,0,Urban,0,,,Fine,Null
1767421,5905907,7206,,522302,0,,0,2,,North,2008/2009,SH 1N,TE IRIRANGI OBR,,Non-Injury Crash,Yes,2009,,North,,0,,Flat,,,,,,Overcast,670902,0,0,0,3,,,0,,,,,,Auckland Region,Nil,1-way,Sealed,,0,0,,100,,Off,0,0,,76,Auckland,Nil,,,,,0,0,Open,0,,,Light rain,Null
1718899,6046070,7207,,503000,0,,0,2,,Null,2008/2009,SH 1N,SELWYN AVENUE,,Non-Injury Crash,Yes,2009,,North,,0,,Flat,,,,,,Bright sun,98100,0,0,0,4,,,0,,,,,,Northland Region,Nil,2-way,Sealed,,0,0,,50,,Null,0,0,,2,Whangarei District,Traffic Signals,,,,,0,0,Urban,0,,,Fine,Null
1450955,5044491,7208,,600410,0,0,0,1,0,South,2009/2010,SH 1S,MITCHELLS ROAD,,Serious Crash,Yes,2009,0,South,0,0,1,Flat,0,Labour Weekend,0,,0,Dark,2818400,0,0,0,2,0,0,0,1,0,,0,0,Canterbury Region,Bridge,2-way,Sealed,0,0,1,0,100,0,None,0,0,,66,Waimate District,Unknown,0,0,0,0,0,0,Open,0,0,0,Fine,Null
1749699,5911733,7209,,512100,0,0,0,1,0,East,2009/2010,TAUPO ST,TAUHARA ST,,Non-Injury Crash,No,2009,0,West,0,0,1,Hill Road,0,,0,,0,Overcast,288500,0,0,0,2,0,0,0,0,0,,0,0,Auckland Region,Nil,2-way,Sealed,0,0,0,0,50,0,Null,0,0,,76,Auckland,Unknown,0,0,0,0,0,0,Urban,0,0,0,Light rain,Null
1789391,5925187,7210,,520801,0,,0,0,,East,2009/2010,ORAPIU ROAD,AWAAWAROA ROAD,,Non-Injury Crash,No,2009,,East,,0,,Hill Road,,,,,,Overcast,515801,0,0,0,2,,,0,,,,,,Auckland Region,Nil,2-way,Sealed,,0,0,,80,,None,1,0,,76,Auckland,Nil,,,,,0,0,Open,1,,,Light rain,Null
2019938,5683504,7211,,544002,0,0,0,1,0,South,2008/2009,SH 2,PUNINGA ROAD,,Non-Injury Crash,Yes,2009,0,North,1,0,0,Hill Road,0,,0,,0,Overcast,1365800,0,0,0,2,0,0,0,0,0,,0,0,Gisborne Region,Nil,2-way,Sealed,0,0,0,0,100,0,Null,0,0,,28,Gisborne District,Nil,0,0,0,0,0,0,Open,0,0,0,Light rain,Null
2036164,5709369,7212,,544600,0,,0,2,,East,2008/2009,GLADSTONE ROAD,HUNTER ST,,Non-Injury Crash,No,2009,,South,,0,,Flat,,,,,,Bright sun,1369100,0,0,0,2,,,0,,,,,,Gisborne Region,Nil,2-way,Sealed,,0,0,,50,,Null,1,0,,28,Gisborne District,Nil,,,,,0,0,Urban,0,,,Fine,Null
1573094,5179060,7213,,594010,1,,0,1,,Null,2009/2010,ALDWINS ROAD,EDMOND ST,,Minor Crash,No,2009,,South,,0,,Flat,,,,,,Overcast,2592300,1,0,0,4,,,0,,,,,,Canterbury Region,Nil,2-way,Sealed,,0,0,,60,,Null,0,0,,60,Christchurch City,Nil,,,,,0,0,Urban,0,,,Light rain,Null
1758184,5915939,7214,,519300,0,,0,2,,Null,2009/2010,MANUKAU ROAD,CAMPBELL CRESCENT S,,Non-Injury Crash,No,2009,,South,,0,,Flat,,,,,,Dark,622900,0,0,0,4,,,0,,,,,,Auckland Region,Nil,2-way,Sealed,,0,0,,50,,On,0,0,,76,Auckland,Nil,,,,,0,0,Urban,0,,,Fine,Null
1757998,5914882,7215,,519300,0,0,0,2,0,North,2009/2010,MANUKAU ROAD,PAH ROAD,,Non-Injury Crash,No,2009,0,South,0,0,0,Flat,0,Labour Weekend,0,,0,Bright sun,624100,0,0,0,4,0,0,0,0,1,,0,0,Auckland Region,Nil,2-way,Sealed,0,0,0,0,50,0,Off,0,0,,76,Auckland,Nil,0,0,0,0,0,0,Urban,0,0,0,Fine,Null
1765070,5902851,7216,,524604,0,,0,2,,Null,2008/2009,WIRI STATION ROAD,ROSCOMMON ROAD E,,Non-Injury Crash,No,2009,,West,,0,,Flat,,,,,,Dark,781302,0,0,0,4,,,0,,,,,,Auckland Region,Nil,2-way,Sealed,,0,0,,80,,On,0,0,,76,Auckland,Traffic Signals,,,,,0,0,Open,0,,,Light rain,Null
2037717,5708403,7217,,544500,0,0,0,1,0,West,2008/2009,FITZHERBERT ST,ORMOND ROAD,,Non-Injury Crash,No,2009,0,West,0,0,0,Flat,0,,0,,0,Overcast,1380800,0,0,0,2,0,1,0,0,0,,0,0,Gisborne Region,Nil,2-way,Sealed,0,0,0,0,50,0,Null,0,0,,28,Gisborne District,Nil,0,0,0,0,0,0,Urban,0,0,0,Heavy rain,Null
1766016,5442834,7218,,569600,0,0,0,1,0,North,2008/2009,SH 58,OLD HAYWARDS ROAD,,Non-Injury Crash,Yes,2009,0,South,0,0,0,Hill Road,1,,0,,0,Dark,1916500,0,0,0,2,0,0,0,0,0,,0,0,Wellington Region,Nil,2-way,Sealed,0,0,0,0,100,0,None,0,0,,46,Lower Hutt City,Nil,0,0,0,0,0,0,Open,0,0,0,Fine,Frost
1686865,6102042,7219,,500900,0,,0,1,,Null,2009/2010,HONE HEKE ROAD,KERIKERI ROAD,,Non-Injury Crash,No,2009,,West,,0,,Hill Road,,,,,,Overcast,44602,0,0,0,2,,,0,,,,,,Northland Region,Nil,2-way,Sealed,,0,0,,50,,None,1,0,,1,Far North District,Stop,,,,,0,0,Urban,0,,,Fine,Null
1745342,5917395,7220,,510800,0,,0,2,,Null,2008/2009,GREAT NORTH ROAD,ALDERMAN DRIVE,,Non-Injury Crash,No,2009,,West,,0,,Flat,,,,,,Overcast,241600,0,0,0,6,,,0,,,,,,Auckland Region,Nil,2-way,Sealed,,0,0,,50,,Null,0,0,,76,Auckland,Traffic Signals,,,,,0,0,Urban,0,,,Fine,Null
1768057,5886098,7221,,521122,0,0,0,1,0,North,2009/2010,SH 22,CROWN ROAD,,Non-Injury Crash,Yes,2009,0,South,0,0,1,Flat,0,,0,,0,Overcast,812900,0,0,0,2,0,0,0,0,0,,0,0,Auckland Region,Nil,2-way,Sealed,0,0,0,0,100,0,Off,0,0,,76,Auckland,Nil,0,0,0,0,0,0,Open,0,0,0,Fine,Null
1744016,5915074,7222,,513013,0,,0,1,,Null,2009/2010,FOREST HILL ROAD,PARRS CROSS ROAD,,Non-Injury Crash,No,2009,,South,,0,,Hill Road,,,,,,Bright sun,281300,0,0,0,2,,,0,,,,,,Auckland Region,Nil,2-way,Sealed,,0,0,,50,,Null,1,0,,76,Auckland,Give way,,,,,0,0,Urban,0,,,Fine,Null
1881966,5773573,7223,,539500,0,0,0,1,0,Null,2009/2010,PANDORA AVENUE,SUNSET ROAD,,Non-Injury Crash,No,2009,0,West,0,0,0,Flat,0,,0,,1,Bright sun,1229901,0,0,0,2,0,0,0,0,0,,0,0,Bay of Plenty Region,Nil,2-way,Sealed,0,0,0,0,50,0,Null,0,0,,24,Rotorua District,Give way,0,0,0,0,0,0,Urban,0,0,0,Fine,Null
1757935,5918041,7224,,515700,0,,0,2,,North,2008/2009,SH 1N,GILLIES ON NBD,,Non-Injury Crash,Yes,2009,,North,,0,,Hill Road,,,,,,Dark,443700,0,0,0,5,,,0,,,,,,Auckland Region,Nil,1-way,Sealed,,0,0,,80,,On,0,0,,76,Auckland,Nil,,,,,1,0,Open,0,,,Heavy rain,Null
1757565,5919781,7225,,514103,0,0,0,2,0,West,2009/2010,MOUNT ST,SYMONDS ST,,Non-Injury Crash,No,2009,0,East,0,0,0,Flat,0,Christmas New Year,0,,0,Dark,436904,0,0,0,2,0,0,0,0,1,,0,0,Auckland Region,Nil,2-way,Sealed,0,0,0,0,50,0,On,0,0,,76,Auckland,Nil,0,0,0,0,0,0,Urban,0,0,0,Fine,Null
1743780,5920147,7226,,513632,0,0,0,2,0,South,2009/2010,HELENA ST,DON BUCK ROAD,,Non-Injury Crash,No,2009,0,East,0,0,0,Flat,0,,0,,0,Bright sun,228801,0,0,0,2,0,0,0,0,1,,0,0,Auckland Region,Nil,2-way,Sealed,0,0,0,0,50,0,Null,0,0,,76,Auckland,Unknown,0,0,0,0,0,0,Urban,0,0,0,Fine,Null
1679048,5404012,7227,,581230,0,,0,2,,Null,2008/2009,HIGH ST,BEAVER ROAD,,Non-Injury Crash,No,2009,,East,,0,,Flat,,,,,,Bright sun,2297900,0,0,0,2,,,0,,,,,,Marlborough Region,Nil,2-way,Sealed,,0,0,,50,,Null,0,0,,53,Marlborough District,Give way,,,,,0,0,Urban,0,,,Fine,Null
1719758,6045507,7228,,503100,0,0,0,3,0,Null,2008/2009,CARRUTH ST,HANNAH ST,,Non-Injury Crash,No,2009,0,West,0,0,0,Flat,0,,0,,0,Overcast,99904,0,0,0,2,0,0,0,0,1,,0,0,Northland Region,Nil,2-way,Sealed,0,0,0,0,50,0,Null,0,0,,2,Whangarei District,Stop,0,0,0,0,0,0,Urban,0,0,0,Fine,Null
1754453,5915142,7229,,518802,0,,0,2,,Null,2009/2010,MOUNT ALBERT ROAD,SANDRINGHAM ROAD,,Non-Injury Crash,No,2009,,West,,0,,Flat,,,,,,Overcast,577300,0,0,0,2,,,0,,,,,,Auckland Region,Nil,2-way,Sealed,,0,0,,50,,Null,0,0,,76,Auckland,Traffic Signals,,,,,0,0,Urban,0,,,Fine,Null
1801687,5814909,7230,,530200,0,,0,2,,West,2008/2009,BRIDGE ST,MEMORIAL DRIVE,,Non-Injury Crash,No,2009,,East,,0,,Flat,,,,,,Twilight,895000,0,0,0,1,,,0,,,,,,Waikato Region,Bridge,2-way,Sealed,,0,0,,50,,On,0,0,,16,Hamilton City,Give way,,,,,0,0,Urban,0,,,Fine,Null
1802412,5816086,7231,,530100,0,,0,2,,Null,2008/2009,TE AROHA ST,PEACHGROVE ROAD,,Non-Injury Crash,No,2009,,East,,0,,Flat,,,,,,Dark,895400,0,0,0,2,,,0,,,,,,Waikato Region,Nil,2-way,Sealed,,0,0,,50,,On,0,0,,16,Hamilton City,Traffic Signals,,,,,0,0,Urban,0,,,Light rain,Null
1344244,4909426,7232,,607502,0,0,0,1,0,East,2009/2010,SH 8,BROWN ROAD,,Minor Crash,Yes,2009,0,West,1,0,0,Flat,0,,0,,0,Overcast,3007300,1,0,0,2,0,0,0,0,0,,0,0,Otago Region,Nil,2-way,Sealed,0,0,0,0,100,0,Null,0,0,,72,Clutha District,Unknown,0,0,0,0,0,0,Open,0,0,0,Fine,Null
1749964,5914060,7233,,511303,0,,0,1,,Null,2008/2009,GREAT NORTH ROAD,MEMORIAL SQUARE,,Non-Injury Crash,No,2009,,East,,0,,Flat,,,,,,Overcast,266000,0,0,0,4,,,0,,,,,,Auckland Region,Nil,2-way,Sealed,,0,0,,50,,Off,1,0,,76,Auckland,Traffic Signals,,,,,0,0,Urban,0,,,Fine,Null
1563617,5184313,7234,,588800,0,,0,2,,Null,2009/2010,SH 1S,MEMORIAL AVENUE,,Serious Crash,Yes,2009,,West,,0,,Flat,,,,,,Overcast,2520803,0,0,0,4,,,0,,,,,,Canterbury Region,Nil,2-way,Sealed,,0,1,,80,,Null,1,0,,60,Christchurch City,Give way,,,,,0,0,Open,0,,,Fine,Null
1749430,5913916,7235,,511302,0,0,0,1,0,Null,2009/2010,RATA ST,GREAT NORTH ROAD,,Non-Injury Crash,No,2009,0,East,0,0,0,Flat,0,,0,,0,Dark,268900,0,0,0,4,0,0,0,0,0,,0,0,Auckland Region,Nil,2-way,Sealed,0,0,0,0,50,0,On,0,0,,76,Auckland,Traffic Signals,1,0,0,0,0,0,Urban,0,0,0,Light rain,Null
1761419,5914329,7236,,520202,0,,0,2,,Null,2008/2009,PENROSE OFF SBD,PENROSE INT,,Non-Injury Crash,Yes,2009,,East,,0,,Flat,,,,,,Bright sun,612501,0,0,0,2,,,0,,,,,,Auckland Region,Motorway ramp,1-way,Sealed,,0,0,,50,,Null,0,0,,76,Auckland,Give way,,,,,0,0,Urban,0,,,Fine,Null
1758820,5920563,7237,,514101,0,,0,2,,West,2008/2009,QUAY ST,THE STRAND,,Non-Injury Crash,No,2009,,East,,0,,Flat,,,,,,Dark,438204,0,0,0,4,,,0,,,,,,Auckland Region,Nil,2-way,Sealed,,0,0,,50,,On,0,0,,76,Auckland,Nil,,,,,0,0,Urban,0,,,Light rain,Null
1821912,5530001,7238,,562800,0,,0,2,,Null,2008/2009,SH 3,GREY ST,,Non-Injury Crash,Yes,2009,,North,,0,,Flat,,,,,,Overcast,1830600,0,0,0,2,,,0,,,,,,Manawatū-Whanganui Region,Nil,2-way,Sealed,,0,0,,50,,Null,0,0,,40,Palmerston North City,Traffic Signals,,,,,0,0,Urban,0,,,Fine,Null
2035585,5708432,7239,,544400,0,,0,2,,North,2009/2010,STANLEY ROAD,SH 35,,Non-Injury Crash,No,2009,,South,,0,,Flat,,Christmas New Year,,,,Dark,1375803,0,0,0,2,,,0,,,,,,Gisborne Region,Nil,2-way,Sealed,,0,0,,50,,On,0,0,,28,Gisborne District,Nil,,,,,0,0,Urban,0,,,Fine,Null
1687567,6008319,7240,,505010,0,0,0,1,0,South,2009/2010,SH 12,TOKATOKA ROAD,,Non-Injury Crash,Yes,2009,0,North,1,0,0,Flat,0,,0,,0,Bright sun,125900,0,0,0,2,0,0,0,0,0,,0,0,Northland Region,Nil,2-way,Sealed,0,0,0,0,100,0,None,0,0,,3,Kaipara District,Nil,0,0,0,0,0,0,Open,0,0,0,Fine,Null
1765567,5904262,7241,,524603,0,,0,1,,Null,2009/2010,CAVENDISH DRIVE,GLASGOW AVENUE,,Non-Injury Crash,No,2009,,West,,0,,Flat,,,,,,Overcast,674100,0,0,0,4,,,0,,,,,,Auckland Region,Nil,2-way,Sealed,,0,0,,50,,Off,0,0,,76,Auckland,Traffic Signals,,,,,1,0,Urban,0,,,Fine,Null
1891324,5814836,7242,,538501,0,0,0,1,0,South,2009/2010,TE PUKE HIGHWAY,COLLINS LANE,,Non-Injury Crash,No,2009,0,North,0,0,1,Flat,0,,0,,0,Overcast,1207102,0,0,0,2,0,0,0,0,0,,0,0,Bay of Plenty Region,Nil,2-way,Sealed,0,0,0,0,100,0,Null,0,0,,22,Western Bay of Plenty District,Unknown,0,0,0,0,0,0,Open,0,0,0,Light rain,Null
1756361,5912405,7243,,518702,0,,0,1,,Null,2008/2009,HILLSBOROUGH ROAD,BELFAST ST,,Non-Injury Crash,No,2009,,South,,0,,Hill Road,,,,,,Overcast,571400,0,0,1,4,,,0,,,,,,Auckland Region,Nil,2-way,Sealed,,0,0,,50,,Off,0,0,,76,Auckland,Give way,,,,,0,0,Urban,0,,,Fine,Null
1879038,5821295,7244,,538102,0,,0,2,,South,2009/2010,SH 2A TURRET,SH 2A FIFTEENTH,,Non-Injury Crash,Yes,2009,,South,,0,,Hill Road,,,,,,Overcast,1168501,0,0,0,3,,,0,,,,,,Bay of Plenty Region,Nil,2-way,Sealed,,0,0,,50,,Null,0,0,,23,Tauranga City,Unknown,,,,,0,0,Urban,0,,,Fine,Null
1694475,5676554,7245,,552001,0,,0,1,,East,2008/2009,SH 3,WATSON ST,,Non-Injury Crash,Yes,2009,,West,,0,,Flat,,,,,,Bright sun,1596300,0,0,0,2,,,0,,,,,,Taranaki Region,Bridge,2-way,Sealed,,0,0,,50,,Null,0,0,,33,New Plymouth District,Nil,,,,,1,0,Urban,0,,,Fine,Null
1462377,5099416,7246,,598600,0,,0,0,,Null,2008/2009,SH 1S,WAITOHI TEMUKA ROAD,,Minor Crash,Yes,2009,,South,,0,,Flat,,,,,,Bright sun,2766100,1,0,0,2,,,0,,,,,,Canterbury Region,Nil,2-way,Sealed,,0,0,,50,,Null,2,0,,64,Timaru District,Give way,,,,,0,0,Urban,0,,,Fine,Null
1800765,5819302,7247,,529402,0,,0,1,,North,2008/2009,LYNDEN COURT,COMRIES ROAD,,Non-Injury Crash,No,2009,,South,,0,,Flat,,,,,,Overcast,877800,0,0,0,2,,,0,,,,,,Waikato Region,Nil,2-way,Sealed,,0,0,,50,,Off,0,0,,16,Hamilton City,Nil,,,,,1,0,Urban,0,,,Fine,Null
1949151,5791073,7248,,542430,1,,0,1,,Null,2008/2009,HINEMOA ST,JAMES ST,,Non-Injury Crash,No,2009,,South,,0,,Flat,,,,,,Bright sun,1309800,0,0,0,2,,,0,,,,,,Bay of Plenty Region,Nil,2-way,Sealed,,0,0,,50,,Off,0,0,,25,Whakatane District,Give way,,,,,0,0,Urban,0,,,Fine,Null
1757497,5912654,7249,,518702,0,0,0,0,1,North,2008/2009,QUEENSTOWN ROAD,BEACHCROFT AVENUE,,Non-Injury Crash,No,2009,0,North,0,0,1,Hill Road,0,,0,,0,Overcast,570500,0,0,0,3,0,0,0,0,0,,0,0,Auckland Region,Nil,2-way,Sealed,0,0,0,0,50,0,Off,0,0,,76,Auckland,Nil,0,0,0,0,0,0,Urban,1,0,0,Fine,Null
1765062,5910618,7250,,521803,0,0,0,1,0,West,2009/2010,LUKE ST,CONVOY LANE,,Non-Injury Crash,No,2009,0,East,0,0,0,Flat,0,,0,,0,Dark,789700,0,0,0,2,0,0,0,0,0,,0,1,Auckland Region,Nil,2-way,Sealed,0,0,0,0,50,0,On,0,0,,76,Auckland,Nil,0,0,0,0,0,0,Urban,0,0,0,Fine,Null
1765640,5906869,7251,,522301,0,,0,2,,South,2009/2010,GREAT SOUTH ROAD,CHARLES ST,,Non-Injury Crash,No,2009,,South,,0,,Flat,,,,,,Bright sun,666900,0,0,0,3,,,0,,,,,,Auckland Region,Nil,2-way,Sealed,,0,0,,50,,Off,0,0,,76,Auckland,Nil,,,,,0,0,Urban,0,,,Fine,Null
1769585,5901832,7252,,523814,0,,0,2,,North,2008/2009,SH 1N,HILL OBR,,Non-Injury Crash,Yes,2009,,South,,0,,Flat,,,,,,Overcast,760702,0,0,0,2,,,0,,,,,,Auckland Region,Nil,1-way,Sealed,,0,0,,100,,Null,0,0,,76,Auckland,Unknown,,,,,0,0,Open,0,,,Heavy rain,Null
1755848,5918107,7253,,517500,0,0,0,2,0,West,2009/2010,NEW BOND ST,NEW NORTH ROAD,,Non-Injury Crash,No,2009,0,West,0,0,0,Flat,0,,0,,0,Bright sun,529700,0,0,0,2,0,0,0,0,0,,0,0,Auckland Region,Nil,2-way,Sealed,0,0,0,0,50,0,Off,0,0,,76,Auckland,Nil,0,0,0,0,0,0,Urban,0,1,0,Fine,Null
2037267,5708145,7254,,544600,0,,0,1,,North,2008/2009,PEEL ST,CHILDERS ROAD,,Non-Injury Crash,No,2009,,North,,0,,Flat,,,,,,Bright sun,1371100,0,0,0,2,,,0,,,,,,Gisborne Region,Nil,2-way,Sealed,,0,0,,50,,Null,1,0,,28,Gisborne District,Nil,,,,,0,0,Urban,0,,,Fine,Null
1771825,5907678,7255,,523116,0,,0,2,,Null,2009/2010,JEFFS ROAD,MISSION HEIGHTS DRIVE,,Non-Injury Crash,No,2009,,East,,0,,Flat,,,,,,Bright sun,712218,0,0,0,2,,,0,,,,,,Auckland Region,Nil,2-way,Sealed,,0,0,,50,,Off,0,0,,76,Auckland,Give way,,,,,0,0,Urban,0,,,Fine,Null
1766354,5918563,7256,,516900,0,,0,1,,Null,2009/2010,MOUNT TAYLOR DRIVE,WENDOVER ROAD,,Non-Injury Crash,No,2009,,West,,0,,Hill Road,,,,,,Bright sun,467400,0,0,0,2,,,0,,,,,,Auckland Region,Nil,2-way,Sealed,,0,0,,50,,Off,1,0,,76,Auckland,Stop,,,,,0,0,Urban,0,,,Fine,Null
1876870,5823378,7257,,537400,0,0,0,2,0,West,2008/2009,PAINE ST,WAIHI ROAD,,Non-Injury Crash,No,2009,0,West,0,0,0,Hill Road,0,,0,,0,Dark,1162300,0,0,0,2,0,0,0,0,1,,0,0,Bay of Plenty Region,Nil,2-way,Sealed,0,0,0,0,50,0,On,0,0,,23,Tauranga City,Unknown,0,0,0,0,0,0,Urban,0,0,0,Fine,Null
1800266,5814858,7258,,529100,0,,0,1,,Null,2009/2010,RUAKIWI ROAD,LAKE DOMAIN DRIVE,,Non-Injury Crash,No,2009,,West,,0,,Hill Road,,,,,,Overcast,929502,0,0,1,2,,,0,,,,,,Waikato Region,Nil,2-way,Sealed,,0,0,,50,,Null,0,0,,16,Hamilton City,Stop,,,,,0,0,Urban,0,,,Fine,Null
1750867,5914714,7259,,514402,0,,0,3,,West,2008/2009,GREAT NORTH ROAD,LARCH ST,,Non-Injury Crash,No,2009,,East,,0,,Flat,,,,,,Bright sun,381102,0,0,0,2,,,0,,,,,,Auckland Region,Nil,2-way,Sealed,,0,0,,50,,Null,0,0,,76,Auckland,Unknown,,,,,0,0,Urban,0,,,Fine,Null
1823857,5463446,7260,,578600,0,,0,2,,West,2009/2010,PERRY ST,SH 2,,Non-Injury Crash,No,2009,,East,,0,,Flat,,,,,,Overcast,2244100,0,0,0,2,,,0,,,,,,Wellington Region,Nil,2-way,Sealed,,0,0,,50,,Null,0,0,,48,Masterton District,Nil,,,,,0,0,Urban,0,,,Fine,Null
1744683,5916198,7261,,510800,0,,0,0,,South,2009/2010,GARELJA ROAD,COBURG ST,,Non-Injury Crash,No,2009,,South,,0,,Flat,,,,,,Bright sun,242600,0,0,0,2,,,0,,,,,,Auckland Region,Nil,2-way,Sealed,,0,0,,50,,Off,2,0,,76,Auckland,Nil,,,,,0,0,Urban,0,,,Fine,Null
1867046,5713842,7262,,541720,0,,1,1,,Null,2008/2009,TONGARIRO ST,REDOUBT STREET,,Non-Injury Crash,No,2009,,East,,0,,Flat,,,,,,Dark,1275500,0,0,0,2,,,0,,,,,,Waikato Region,Nil,2-way,Sealed,,0,0,,50,,On,0,0,,21,Taupo District,Stop,,,,,0,0,Urban,0,,,Fine,Null
1874412,5823262,7263,,536513,0,,0,0,,North,2008/2009,MOFFAT ROAD,PEMBROKE DRIVE,,Non-Injury Crash,No,2009,,South,,0,,Flat,,,,,,Bright sun,1190701,0,0,0,2,,,0,,,,,,Bay of Plenty Region,Nil,2-way,Sealed,,0,0,,50,,Null,1,0,,23,Tauranga City,Unknown,,,,,0,0,Urban,1,,,Fine,Null
1759376,5920527,7264,,515902,1,,0,1,,West,2008/2009,TAMAKI DRIVE,SOLENT ST,,Non-Injury Crash,No,2009,,West,,0,,Flat,,,,,,Twilight,454800,0,0,0,4,,,0,,,,,,Auckland Region,Nil,2-way,Sealed,,0,0,,50,,On,0,0,,76,Auckland,Traffic Signals,,,,,0,0,Urban,0,,,Fine,Null
1757899,5916795,7265,,515700,0,,0,1,,Null,2008/2009,GILLIES AVENUE,BRACKEN AVENUE,,Non-Injury Crash,No,2009,,North,,0,,Hill Road,,Christmas New Year,,,,Bright sun,458000,0,0,0,3,,,0,,,,,,Auckland Region,Nil,2-way,Sealed,,0,0,,50,,Off,1,0,,76,Auckland,Nil,,,,,0,0,Urban,0,,,Fine,Null
1748573,5426410,7266,,573300,0,,0,2,,Null,2008/2009,TARANAKI ST,HILL LANE,,Non-Injury Crash,No,2009,,South,,0,,Flat,,,,,,Overcast,2145300,0,0,0,2,,,0,,,,,,Wellington Region,Nil,2-way,Sealed,,0,0,,50,,Null,0,0,,47,Wellington City,Nil,,,,,0,0,Urban,0,,,Light rain,Null