X,Y,OBJECTID,advisorySpeed,areaUnitID,bicycle,bridge,bus,carStationWagon,cliffBank,crashDirectionDescription,crashFinancialYear,crashLocation1,crashLocation2,crashRoadSideRoad,crashSeverity,crashSHDescription,crashYear,debris,directionRoleDescription,ditch,fatalCount,fence,flatHill,guardRail,holiday,houseOrBuilding,intersection,kerb,light,meshblockId,minorInjuryCount,moped,motorcycle,NumberOfLanes,objectThrownOrDropped,otherObject,otherVehicleType,overBank,parkedVehicle,pedestrian,phoneBoxEtc,postOrPole,region,roadCharacter,roadLane,roadSurface,roadworks,schoolBus,seriousInjuryCount,slipOrFlood,speedLimit,strayAnimal,streetLight,suv,taxi,temporarySpeedLimit,tlaId,tlaName,trafficControl,trafficIsland,trafficSign,train,tree,truck,unknownVehicleType,urban,vanOrUtility,vehicle,waterRiver,weatherA,weatherB
1411812,4916542,7267,,604810,0,0,0,1,1,West,2009/2010,PORTOBELLO ROAD,ST RONANS ROAD,,Minor Crash,No,2009,0,West,0,0,0,Flat,0,,0,,0,Overcast,2940800,1,0,0,1,0,0,0,0,0,,0,0,Otago Region,Nil,2-way,Sealed,0,0,0,0,70,0,Null,0,0,,71,Dunedin City,Unknown,0,0,0,0,0,0,Urban,0,0,0,Light rain,Null
1574779,5208520,7268,,585805,0,0,0,0,0,North,2009/2010,SH 1S,ASHLEY RIV BR,,Serious Crash,Yes,2009,0,North,1,0,0,Flat,0,,0,,0,Bright sun,2440400,0,0,0,2,0,0,0,0,0,,0,0,Canterbury Region,Nil,2-way,Sealed,0,0,1,0,100,0,Null,0,0,,59,Waimakariri District,Nil,0,0,0,0,1,0,Open,0,0,0,Fine,Null
1763463,5912745,7269,,520500,0,0,0,1,0,North,2008/2009,SH 1N,MT WGTN ON NBD,,Non-Injury Crash,Yes,2009,0,North,0,0,0,Hill Road,0,,0,,0,Bright sun,637300,0,0,1,6,0,0,0,0,0,,0,0,Auckland Region,Nil,2-way,Sealed,0,0,0,0,100,0,Null,0,0,,76,Auckland,Unknown,0,1,0,0,0,0,Open,0,0,0,Fine,Null
1760302,5912738,7270,,520000,0,,0,2,,Null,2009/2010,CAPTAIN SPRINGS ROAD,MAYS ROAD,,Non-Injury Crash,No,2009,,South,,0,,Hill Road,,,,,,Bright sun,606600,0,0,0,2,,,0,,,,,,Auckland Region,Nil,2-way,Sealed,,0,0,,50,,Off,0,0,,76,Auckland,Traffic Signals,,,,,0,0,Urban,0,,,Fine,Null
1746545,5916109,7271,,511800,0,,0,2,,Null,2009/2010,GREAT NORTH ROAD,KIRBY ST,,Non-Injury Crash,No,2009,,South,,0,,Hill Road,,,,,,Overcast,276102,0,0,0,4,,,0,,,,,,Auckland Region,Nil,2-way,Sealed,,0,0,,50,,Off,0,0,,76,Auckland,Give way,,,,,0,0,Urban,0,,,Fine,Null
1881034,5829580,7272,,536810,0,0,0,2,0,North,2009/2010,MAY ST,BANKS AVENUE,,Non-Injury Crash,No,2009,0,North,0,0,0,Flat,0,,0,,0,Dark,1195300,0,0,0,2,0,0,0,0,1,,0,0,Bay of Plenty Region,Nil,2-way,Sealed,0,0,0,0,50,0,On,0,0,,23,Tauranga City,Unknown,0,0,0,0,0,0,Urban,0,0,0,Fine,Null
1825818,5886658,7273,,533501,0,,0,2,,North,2009/2010,POLLEN ST,SEALEY ST,,Non-Injury Crash,No,2009,,North,,0,,Flat,,,,,,Bright sun,1052200,0,0,0,2,,,0,,,,,,Waikato Region,Nil,2-way,Sealed,,0,0,,50,,Null,0,0,,11,Thames-Coromandel District,Unknown,,,,,0,0,Urban,0,,,Fine,Null
1742210,5915360,7274,,513020,0,0,0,1,1,Null,2009/2010,CANDIA ROAD,HENDERSON VALLEY ROAD,,Non-Injury Crash,No,2009,0,West,0,0,0,Flat,0,,0,,0,Dark,280901,0,0,0,2,0,0,0,0,0,,0,0,Auckland Region,Nil,2-way,Sealed,0,0,0,0,70,0,On,0,0,,76,Auckland,Nil,0,0,0,0,0,0,Urban,0,0,0,Fine,Null
1823228,5875420,7275,,533902,0,0,0,1,0,South,2008/2009,BUSH ROAD,SHELLBANK ROAD,,Non-Injury Crash,No,2009,0,South,0,0,0,Flat,0,,0,,0,Dark,1062300,0,0,0,2,0,0,0,0,0,,0,0,Waikato Region,Nil,2-way,Sealed,0,0,0,0,100,0,None,0,0,,12,Hauraki District,Unknown,0,0,0,0,0,0,Open,0,0,0,Mist or Fog,Null
1739911,5928428,7276,,505604,0,0,0,1,0,South,2009/2010,SH 16,OLD RAILWAY ROAD,,Non-Injury Crash,Yes,2009,0,South,1,0,0,Flat,0,,0,,0,Bright sun,214604,0,0,0,2,0,0,0,0,0,,0,0,Auckland Region,Nil,2-way,Sealed,0,0,0,0,80,0,None,0,0,,76,Auckland,Nil,0,0,0,0,0,0,Open,0,0,0,Fine,Null
1753682,5931251,7277,,508803,0,0,0,1,0,Null,2009/2010,SH 18,CARIBBEAN DRIVE,,Non-Injury Crash,Yes,2009,0,North,0,0,0,Flat,0,,0,,0,Overcast,180815,0,0,0,2,0,0,0,0,0,,0,0,Auckland Region,Nil,1-way,Sealed,0,0,0,0,50,0,Off,0,0,,76,Auckland,Traffic Signals,0,0,0,1,0,0,Urban,0,0,0,Heavy rain,Null
1834360,5797145,7278,,535242,0,0,0,1,0,West,2009/2010,SH 1N,SH 29,,Non-Injury Crash,Yes,2009,0,West,0,0,1,Flat,0,,0,,0,Bright sun,1125302,0,0,0,2,0,0,0,1,0,,0,0,Waikato Region,Nil,2-way,Sealed,0,0,0,0,100,0,Null,0,0,,15,Matamata-Piako District,Unknown,0,0,0,0,0,0,Open,0,0,0,Fine,Null
1680686,5391087,7279,,580801,0,0,0,0,0,North,2009/2010,TAYLOR PASS ROAD,AWATERE VALLEY ROAD,,Minor Crash,No,2009,0,West,0,0,0,Hill Road,0,,0,,0,Bright sun,2307400,1,0,0,2,0,0,0,1,0,,0,0,Marlborough Region,Nil,2-way,Unsealed,0,0,0,0,100,0,Null,1,0,,53,Marlborough District,Nil,0,0,0,1,0,0,Open,0,0,0,Fine,Null
1742454,5919121,7280,,513211,0,,0,2,,Null,2008/2009,LUANDA DRIVE,URLICH DRIVE S,,Non-Injury Crash,No,2009,,North,,0,,Flat,,,,,,Dark,235013,0,0,0,2,,,0,,,,,,Auckland Region,Nil,2-way,Sealed,,0,0,,50,,On,0,0,,76,Auckland,Give way,,,,,0,0,Urban,0,,,Fine,Null
1930257,5604934,7281,,548200,0,,0,2,,Null,2009/2010,ST AUBYN ST EAST,WARREN ST NORTH,,Non-Injury Crash,No,2009,,West,,0,,Flat,,,,,,Bright sun,1493501,0,0,0,2,,,0,,,,,,Hawke's Bay Region,Nil,2-way,Sealed,,0,0,,50,,Null,0,0,,30,Hastings District,Give way,,,,,0,0,Urban,0,,,Fine,Null
1755658,5918703,7282,,515500,0,,0,2,,Null,2009/2010,GREAT NORTH ROAD,KING ST,,Non-Injury Crash,No,2009,,East,,0,,Flat,,,,,,Bright sun,418100,0,0,0,3,,,0,,,,,,Auckland Region,Nil,2-way,Sealed,,0,0,,50,,Off,0,0,,76,Auckland,Give way,,,,,0,0,Urban,0,,,Fine,Null
1755222,5917621,7283,,517500,0,,0,2,,West,2009/2010,ROSSMAY TERRACE,SANDRINGHAM ROAD,,Non-Injury Crash,No,2009,,East,,0,,Flat,,,,,,Dark,532103,0,0,0,2,,,0,,,,,,Auckland Region,Nil,2-way,Sealed,,0,0,,50,,On,0,0,,76,Auckland,Nil,,,,,0,0,Urban,0,,,Fine,Null
1747725,5913483,7284,,511100,0,,0,3,,Null,2009/2010,WEST COAST ROAD,PLEASANT ROAD,,Non-Injury Crash,No,2009,,West,,0,,Hill Road,,,,,,Twilight,286100,0,0,0,2,,,0,,,,,,Auckland Region,Nil,2-way,Sealed,,0,0,,50,,Off,0,0,,76,Auckland,Stop,,,,,0,0,Urban,0,,,Fine,Null
1755695,5922513,7285,,509800,0,,0,2,,North,2009/2010,SH 1N,TOP OF HARBOUR BRIDGE,,Non-Injury Crash,Yes,2009,,South,,0,,Hill Road,,,,,,Overcast,359300,0,0,0,4,,,0,,,,,,,Bridge,1-way,Sealed,,0,0,,80,,Off,0,0,,76,Auckland,Nil,,,,,0,0,Open,0,,,Fine,Null
1800857,5815590,7286,,529700,0,,0,2,,Null,2008/2009,VICTORIA ST,BRYCE ST,,Non-Injury Crash,No,2009,,South,,0,,Flat,,Christmas New Year,,,,Bright sun,911102,0,0,0,2,,,0,,,,,,Waikato Region,Nil,2-way,Sealed,,0,0,,50,,Null,0,0,,16,Hamilton City,Traffic Signals,,,,,0,0,Urban,0,,,Fine,Null
1679774,6112482,7287,,500402,0,,0,1,,North,2008/2009,SH 10,TAKOU BAY ROAD,,Non-Injury Crash,Yes,2009,,North,,0,,Hill Road,,,,,,Twilight,20401,0,0,1,2,,,0,,,,,,Northland Region,Nil,2-way,Sealed,,0,0,,100,,None,0,0,,1,Far North District,Nil,,,,,0,0,Open,0,,,Fine,Null
1763558,5912714,7288,,520500,0,,0,1,,North,2009/2010,SH 1N,MT WGTN ON NBD,,Non-Injury Crash,Yes,2009,,North,,0,,Flat,,,,,,Overcast,637300,0,0,0,3,,,0,,,,,,Auckland Region,Nil,1-way,Sealed,,0,0,,100,,Off,0,0,,76,Auckland,Nil,,,,,0,0,Open,1,,,Light rain,Null
1798483,5819673,7289,,528310,0,0,0,1,0,Null,2009/2010,SANDWICH ROAD,MEARS ROAD,,Non-Injury Crash,No,2009,0,East,0,0,0,Flat,0,,0,,0,Overcast,898000,0,0,0,2,0,0,0,0,0,,0,0,Waikato Region,Nil,2-way,Sealed,0,0,0,0,50,0,Off,0,0,,16,Hamilton City,Give way,0,0,0,1,0,0,Urban,0,0,0,Light rain,Null
1818019,5802984,7290,,527503,0,,1,0,,Null,2009/2010,TIRAU ROAD,SHAKESPEARE ST,,Non-Injury Crash,No,2009,,East,,0,,Hill Road,,,,,,Overcast,963100,0,0,0,3,,,0,,,,,,Waikato Region,Nil,2-way,Sealed,,0,0,,80,,Null,1,0,,17,Waipa District,Stop,,,,,0,0,Open,0,,,Light rain,Null
1760685,5436839,7291,,569100,0,,1,1,,East,2008/2009,HIGH ST,ROPATA CRESCENT,,Non-Injury Crash,No,2009,,East,,0,,Flat,,,,,,Overcast,1968600,0,0,0,2,,,0,,,,,,Wellington Region,Nil,2-way,Sealed,,0,0,,50,,Null,0,0,,46,Lower Hutt City,Nil,,,,,0,0,Urban,0,,,Fine,Null
1763722,5912633,7292,,520500,0,,0,3,,North,2009/2010,SH 1N,MT WGTN OBR,,Non-Injury Crash,Yes,2009,,North,,0,,Flat,,,,,,Overcast,637300,0,0,0,3,,,0,,,,,,Auckland Region,Nil,1-way,Sealed,,0,0,,100,,Off,0,0,,76,Auckland,Nil,,,,,0,0,Open,0,,,Heavy rain,Null
1755288,5929738,7293,,508510,0,0,0,1,0,South,2009/2010,SH 1N,SUNNYNOOK OBR,,Non-Injury Crash,Yes,2009,0,South,0,0,0,Hill Road,1,,0,,0,Dark,194405,0,0,0,2,0,0,0,0,0,,0,0,Auckland Region,Nil,2-way,Sealed,0,0,0,0,100,0,On,0,0,,76,Auckland,Nil,0,0,0,0,0,0,Open,0,0,0,Fine,Null
1748349,5919042,7294,,514801,0,0,0,1,0,West,2008/2009,SH 16,PATIKI ON WBD,,Non-Injury Crash,Yes,2009,0,West,0,0,0,Flat,0,,0,,0,Dark,389300,0,0,0,3,0,0,0,0,0,,0,0,Auckland Region,Nil,1-way,Sealed,0,0,0,0,100,0,On,0,0,,76,Auckland,Nil,0,0,0,0,1,0,Open,0,1,0,Fine,Null
1762480,5903638,7295,,524604,0,,0,2,,Null,2009/2010,SH 20B,CAMPANA ROAD,,Non-Injury Crash,Yes,2009,,West,,0,,Flat,,,,,,Overcast,781100,0,0,0,2,,,0,,,,,,Auckland Region,Nil,2-way,Sealed,,0,0,,100,,Off,0,0,,76,Auckland,Nil,,,,,0,0,Open,0,,,Fine,Null
1834548,5797206,7296,55,535250,0,0,0,1,1,North,2008/2009,SH 29,SH 1N,,Non-Injury Crash,Yes,2009,0,North,1,0,0,Flat,0,,0,,0,Dark,1124902,0,0,0,2,0,0,0,0,0,,0,0,Waikato Region,Nil,2-way,Sealed,0,0,0,0,100,0,On,0,0,,19,South Waikato District,Unknown,0,0,0,0,0,0,Open,0,0,0,Fine,Null
1680238,5402821,7297,,581240,0,0,0,2,0,East,2009/2010,MULLER ROAD,REDWOOD ST,,Non-Injury Crash,No,2009,0,South,0,0,0,Flat,0,,0,,0,Dark,2303002,0,0,0,2,0,0,0,0,1,,0,0,Marlborough Region,Nil,2-way,Sealed,0,0,0,0,50,0,On,0,0,,53,Marlborough District,Nil,0,0,0,0,0,0,Urban,0,0,0,Fine,Null
1755986,5917084,7298,,518201,0,0,0,2,0,East,2008/2009,PROSPECT TERRACE,DOMINION ROAD,,Non-Injury Crash,No,2009,0,South,0,0,0,Flat,0,,0,,0,Bright sun,548102,0,0,0,2,0,0,0,0,1,,0,0,Auckland Region,Nil,2-way,Sealed,0,0,0,0,50,0,Null,0,0,,76,Auckland,Unknown,0,0,0,0,0,0,Urban,0,0,0,Fine,Null
1756111,5924527,7299,,509702,0,,0,2,,Null,2008/2009,ONEWA OFF NBD,ONEWA ROAD,,Non-Injury Crash,Yes,2009,,North,,0,,Flat,,,,,,Bright sun,366700,0,0,0,2,,,0,,,,,,Auckland Region,Motorway ramp,1-way,Sealed,,0,0,,50,,Null,0,0,,76,Auckland,Give way,,,,,0,0,Urban,0,,,Fine,Null
1767270,5897628,7300,,525102,0,0,0,1,0,South,2008/2009,CARNOUSTIE DRIVE,KAANAPALI PLACE,,Non-Injury Crash,No,2009,0,North,0,0,0,Flat,0,,0,,0,Twilight,769048,0,0,0,2,0,0,0,0,1,,0,0,Auckland Region,Nil,2-way,Sealed,0,0,0,0,50,0,On,0,0,,76,Auckland,Unknown,0,0,0,0,0,0,Urban,1,0,0,Light rain,Null
1761373,5919567,7301,45,516400,0,,0,2,,North,2009/2010,NGAPIPI ROAD,PARITAI DRIVE,,Non-Injury Crash,No,2009,,South,,0,,Hill Road,,,,,,Bright sun,497000,0,0,0,2,,,0,,,,,,Auckland Region,Nil,2-way,Sealed,,0,0,,50,,Null,0,0,,76,Auckland,Nil,,,,,0,0,Urban,0,,,Fine,Null
1405986,4916558,7302,,603000,1,,0,1,,Null,2009/2010,RATTRAY ST,MACLAGGAN ST,,Minor Crash,No,2009,,East,,0,,Hill Road,,,,,,Overcast,2899500,1,0,0,3,,,0,,,,,,Otago Region,Nil,2-way,Sealed,,0,0,,50,,Null,0,0,,71,Dunedin City,Traffic Signals,,,,,0,0,Urban,0,,,Fine,Null
1765135,5902661,7303,,524604,0,,0,2,,North,2009/2010,ROSCOMMON ROAD,SH 20,,Non-Injury Crash,No,2009,,North,,0,,Flat,,,,,,Bright sun,781200,0,0,0,4,,,0,,,,,,Auckland Region,Nil,2-way,Sealed,,0,0,,70,,Off,0,0,,76,Auckland,Nil,,,,,0,0,Urban,0,,,Fine,Null
1765052,5915074,7304,,520301,0,0,0,1,0,Null,2008/2009,GREEN ROAD,JELLICOE ROAD,,Non-Injury Crash,No,2009,0,North,0,0,1,Flat,0,,0,,0,Twilight,628002,0,0,0,2,0,0,0,0,0,,0,0,Auckland Region,Nil,2-way,Sealed,0,0,0,0,50,0,Off,0,0,,76,Auckland,Give way,0,0,0,0,0,0,Urban,0,0,0,Fine,Null
1944852,5790686,7305,,542520,0,0,0,1,0,East,2009/2010,SH 30,LUXTON ROAD,,Non-Injury Crash,Yes,2009,0,North,0,0,0,Flat,0,,0,,0,Dark,1297701,0,0,0,2,0,0,0,0,0,,0,0,Bay of Plenty Region,Nil,2-way,Sealed,0,0,0,0,100,0,None,0,0,,25,Whakatane District,Unknown,0,0,0,0,0,0,Open,0,0,0,Fine,Null
1750837,5915590,7306,,514802,0,,0,2,,Null,2009/2010,ASH ST,ROSEBANK ROAD,,Non-Injury Crash,No,2009,,South,,0,,Flat,,,,,,Bright sun,386600,0,0,0,3,,,0,,,,,,Auckland Region,Nil,2-way,Sealed,,0,0,,50,,Off,0,0,,76,Auckland,Traffic Signals,,,,,0,0,Urban,0,,,Fine,Null
1757354,5920352,7307,,514102,0,0,0,2,0,West,2008/2009,DARBY ST,QUEEN ST,,Non-Injury Crash,No,2009,0,West,0,0,0,Flat,0,,0,,0,Dark,434000,0,0,0,1,0,0,0,0,1,,0,0,Auckland Region,Nil,1-way,Sealed,0,0,0,0,50,0,On,0,0,,76,Auckland,Nil,0,0,0,0,0,0,Urban,0,0,0,Fine,Null
1931098,5783764,7308,,542540,0,,0,1,,Null,2009/2010,SH 30,MILITARY ROAD,,Non-Injury Crash,Yes,2009,,East,,0,,Flat,,,,,,Bright sun,1324300,0,0,0,4,,,0,,,,,,Bay of Plenty Region,Nil,2-way,Sealed,,0,0,,100,,Null,0,0,,25,Whakatane District,Stop,,,,,1,0,Open,0,,,Fine,Null
1850067,5765582,7309,,535330,0,0,0,1,0,Null,2009/2010,ELIZABETH DRIVE,MAY ST,,Non-Injury Crash,No,2009,0,West,0,0,1,Hill Road,0,,0,,0,Overcast,1135000,0,0,0,2,0,0,0,0,0,,0,0,Waikato Region,Nil,2-way,Sealed,0,0,0,0,50,0,Null,0,0,,19,South Waikato District,Give way,0,0,0,0,0,0,Urban,0,0,0,Fine,Null
1671142,6029084,7310,,504501,0,,0,1,,North,2009/2010,SH 12,BABYLON COAST ROAD,,Non-Injury Crash,Yes,2009,,South,,0,,Hill Road,,,,,,Bright sun,118500,0,0,0,2,,,0,,,,,,Northland Region,Nil,2-way,Sealed,,0,0,,100,,Null,1,0,,3,Kaipara District,Unknown,,,,,0,0,Open,0,,,Fine,Null
1755575,5929035,7311,,508510,0,,0,1,,Null,2008/2009,TRISTRAM AVENUE,TRISTRAM ON SBD W,,Non-Injury Crash,No,2009,,East,,0,,Flat,,,,,,Twilight,195200,0,0,0,2,,,0,,,,,,Auckland Region,Nil,2-way,Sealed,,0,0,,50,,Off,1,0,,76,Auckland,Traffic Signals,,,,,0,0,Urban,0,,,Fine,Null
1765084,5910115,7312,,521801,0,,0,2,,South,2008/2009,SH 1N,PRINCES OBR,,Non-Injury Crash,Yes,2009,,North,,0,,Flat,,,,,,Dark,787700,0,0,0,3,,,0,,,,,,Auckland Region,Nil,1-way,Sealed,,0,0,,100,,On,1,0,,76,Auckland,Nil,,,,,0,0,Open,0,,,Light rain,Null
1767783,5903715,7313,,524602,0,,0,1,,South,2009/2010,GREAT SOUTH ROAD,MANUKAU OFF NBD,,Non-Injury Crash,No,2009,,South,,0,,Flat,,,,,,Dark,780506,0,0,0,4,,,0,,,,,,Auckland Region,Nil,2-way,Sealed,,0,0,,50,,On,0,0,,76,Auckland,Unknown,,,,,1,0,Urban,0,,,Fine,Null
1745755,5916679,7314,,510800,0,,0,2,,North,2009/2010,NEWINGTON ROAD,VIEW ROAD,,Non-Injury Crash,No,2009,,North,,0,,Flat,,,,,,Unknown,243700,0,0,0,2,,,0,,,,,,Auckland Region,Nil,2-way,Sealed,,0,0,,50,,On,0,0,,76,Auckland,Nil,,,,,0,0,Urban,0,,,Fine,Null
1797250,5817435,7315,,528406,0,,0,2,,Null,2008/2009,SH 1N,CRAWFORD ST,,Non-Injury Crash,Yes,2009,,South,,0,,Flat,,,,,,Overcast,907601,0,0,0,4,,,0,,,,,,Waikato Region,Nil,2-way,Sealed,,0,0,,80,,Off,0,0,,16,Hamilton City,Give way,,,,,0,0,Open,0,,,Fine,Null
1872245,5821056,7316,,536620,0,0,0,1,0,West,2009/2010,CRAWFORD ROAD,WAIROA ROAD,,Non-Injury Crash,No,2009,0,West,0,0,1,Hill Road,0,,0,,0,Twilight,1189800,0,0,0,2,0,0,0,0,0,,0,0,Bay of Plenty Region,Nil,2-way,Sealed,0,0,0,0,100,0,None,0,0,,22,Western Bay of Plenty District,Nil,0,0,0,0,0,0,Open,0,0,0,Light rain,Null
1570640,5180037,7317,,591500,0,,1,0,,Null,2009/2010,COLOMBO ST,HEREFORD ST,,Minor Crash,No,2009,,South,,0,,Flat,,,,,,Dark,2651100,1,0,0,2,,,0,,,1,,,Canterbury Region,Nil,2-way,Sealed,,0,0,,50,,On,0,0,,60,Christchurch City,Traffic Signals,,,,,0,0,Urban,0,,,Fine,Null
1878642,5822193,7318,,538102,0,,0,2,,North,2008/2009,FRASER ST,FOURTEENTH AVENUE,,Non-Injury Crash,No,2009,,South,,0,,Flat,,,,,,Twilight,1168300,0,0,0,2,,,0,,,,,,Bay of Plenty Region,Nil,2-way,Sealed,,0,0,,50,,Off,0,0,,23,Tauranga City,Unknown,,,,,0,0,Urban,0,,,Light rain,Null
1752465,5918014,7319,,515003,0,,0,2,,East,2008/2009,SH 16,GT NORTH OBR,,Non-Injury Crash,Yes,2009,,West,,0,,Flat,,,,,,Twilight,390702,0,0,0,3,,,0,,,,,,Auckland Region,Nil,2-way,Sealed,,0,0,,100,,On,0,0,,76,Auckland,Nil,,,,,0,0,Open,0,,,Fine,Null
1877376,5794313,7320,75,536630,0,0,0,1,0,West,2008/2009,SH 36,TE MATAI ROAD,,Non-Injury Crash,Yes,2009,0,East,0,0,0,Flat,1,,0,,0,Overcast,1192702,0,0,0,2,0,0,0,0,0,,0,0,Bay of Plenty Region,Nil,2-way,Sealed,0,0,0,0,100,0,Null,0,0,,22,Western Bay of Plenty District,Unknown,0,0,0,0,0,0,Open,0,0,0,Light rain,Null
1803963,5790349,7321,,531004,0,,0,2,,Null,2009/2010,VAILE ST,ROCHE ST,,Non-Injury Crash,No,2009,,North,,0,,Flat,,,,,,Bright sun,973600,0,0,0,2,,,0,,,,,,Waikato Region,Nil,2-way,Sealed,,0,0,,50,,Null,0,0,,17,Waipa District,Give way,,,,,0,0,Urban,0,,,Fine,Null
2037464,5709601,7322,,544500,0,,0,2,,Null,2008/2009,BALLANCE ST,CLIFFORD ST,,Non-Injury Crash,No,2009,,South,,0,,Flat,,,,,,Dark,1379400,0,0,0,2,,,0,,,,,,Gisborne Region,Nil,2-way,Sealed,,0,0,,50,,On,0,0,,28,Gisborne District,Give way,,,,,0,0,Urban,0,,,Light rain,Null
1793714,5500409,7323,,564231,0,,0,2,,South,2008/2009,WINCHESTER ST,QUEEN ST EAST,,Non-Injury Crash,No,2009,,North,,0,,Flat,,,,,,Bright sun,1869800,0,0,0,2,,,0,,,,,,Manawatū-Whanganui Region,Nil,2-way,Sealed,,0,0,,50,,Null,0,0,,42,Horowhenua District,Nil,,,,,0,0,Urban,0,,,Fine,Null
2037483,5708353,7324,,544600,0,,0,2,,Null,2008/2009,PALMERSTON ROAD,PEEL ST,,Non-Injury Crash,No,2009,,East,,0,,Flat,,,,,,Overcast,1370500,0,0,0,2,,,0,,,,,,Gisborne Region,Nil,2-way,Sealed,,0,0,,50,,Null,0,0,,28,Gisborne District,Traffic Signals,,,,,0,0,Urban,0,,,Light rain,Null
1884706,5825428,7325,,536831,0,,0,3,,East,2009/2010,GIRVEN ROAD,GRENADA ST,,Non-Injury Crash,No,2009,,West,,0,,Flat,,,,,,Bright sun,1202500,0,0,0,2,,,0,,,,,,Bay of Plenty Region,Nil,2-way,Sealed,,0,0,,50,,Off,0,0,,23,Tauranga City,Nil,,,,,0,0,Urban,0,,,Fine,Null
1572642,5197059,7326,,586407,0,,0,1,,South,2009/2010,WILLIAMS ST,BEACH ROAD,,Minor Crash,No,2009,,South,,0,,Flat,,,,,,Bright sun,2451000,2,0,0,2,,,0,,,,,,Canterbury Region,Nil,2-way,Sealed,,0,0,,50,,Null,1,0,,59,Waimakariri District,Stop,,,,,0,0,Urban,0,,,Fine,Null
1572287,5180778,7327,,593501,0,,0,2,,Null,2008/2009,AVONSIDE DRIVE,STANMORE ROAD,,Minor Crash,No,2009,,East,,0,,Flat,,,,,,Bright sun,2611000,2,0,0,3,,,0,,,,,,Canterbury Region,Nil,2-way,Sealed,,0,0,,50,,Null,0,0,,60,Christchurch City,Traffic Signals,,,,,0,0,Urban,0,,,Fine,Null
1770348,5908358,7328,,523115,0,0,0,1,0,Null,2008/2009,BAVERSTOCK ROAD,STORNAWAY DRIVE,,Non-Injury Crash,No,2009,0,West,0,0,1,Flat,0,,0,,1,Bright sun,712112,0,0,0,2,0,0,0,0,0,,0,0,Auckland Region,Nil,2-way,Sealed,0,0,0,0,50,0,Off,0,0,,76,Auckland,Nil,0,0,0,0,0,0,Urban,0,0,0,Fine,Null
1771299,5900159,7329,,523911,0,,0,2,,North,2009/2010,PORCHESTER ROAD,POPES ROAD,,Non-Injury Crash,No,2009,,North,,0,,Flat,,,,,,Overcast,767100,0,0,0,2,,,0,,,,,,Auckland Region,Nil,2-way,Sealed,,0,0,,80,,None,0,0,,76,Auckland,Nil,,,,,0,0,Open,0,,,Fine,Null
1823060,5463540,7330,,578700,0,0,0,2,0,East,2008/2009,ESSEX ST,POWNALL ST,,Non-Injury Crash,No,2009,0,West,0,0,0,Flat,0,,0,,0,Bright sun,2236800,0,0,0,2,0,0,0,0,1,,0,0,Wellington Region,Nil,2-way,Sealed,0,0,0,0,50,0,Null,0,0,,48,Masterton District,Nil,0,0,0,0,0,0,Urban,0,0,0,Fine,Null
1791001,5842108,7331,,527402,0,0,0,1,0,East,2009/2010,KIMIHIA ROAD,ROSSER ST,,Non-Injury Crash,No,2009,0,West,0,0,0,Hill Road,0,,1,,0,Dark,943500,0,0,0,2,0,0,0,0,0,,0,0,Waikato Region,Nil,2-way,Sealed,0,0,0,0,50,0,On,0,0,,13,Waikato District,Nil,0,0,0,0,0,0,Urban,0,0,0,Fine,Null
1767187,5904798,7332,,524603,0,,0,1,,West,2009/2010,CAVENDISH DRIVE,FREEMAN WAY,,Non-Injury Crash,No,2009,,East,,0,,Flat,,,,,,Bright sun,780205,0,0,1,2,,,0,,,,,,Auckland Region,Nil,1-way,Sealed,,0,0,,50,,Off,0,0,,76,Auckland,Nil,,,,,0,0,Urban,0,,,Fine,Null
1757184,5929593,7333,,507720,0,0,0,2,0,West,2009/2010,BEVYN ST,SEAVIEW ROAD,,Non-Injury Crash,No,2009,0,East,0,0,0,Hill Road,0,,0,,0,Overcast,312600,0,0,0,2,0,0,0,0,1,,0,0,Auckland Region,Nil,2-way,Sealed,0,0,0,0,50,0,Null,0,0,,76,Auckland,Unknown,0,0,0,0,0,0,Urban,0,0,0,Fine,Null
1719588,6047350,7334,,502700,0,,0,2,,Null,2008/2009,KAMO ROAD,WRACK ST,,Non-Injury Crash,No,2009,,North,,0,,Flat,,,,,,Bright sun,91800,0,0,0,2,,,0,,,,,,Northland Region,Nil,2-way,Sealed,,0,0,,50,,Null,0,0,,2,Whangarei District,Stop,,,,,0,0,Urban,0,,,Fine,Null
1752877,5916609,7335,,517901,0,,0,2,,South,2009/2010,NEW NORTH ROAD,MOUNT ALBERT ROAD,,Non-Injury Crash,No,2009,,North,,0,,Flat,,,,,,Dark,524800,0,0,0,4,,,0,,,,,,Auckland Region,Nil,2-way,Sealed,,0,0,,50,,On,0,0,,76,Auckland,Nil,,,,,0,0,Urban,0,,,Fine,Null
1766888,5907855,7336,,523501,0,,0,2,,Null,2008/2009,BAIRDS ROAD,HAYMAN ST,,Non-Injury Crash,No,2009,,South,,0,,Flat,,,,,,Overcast,700602,0,0,0,2,,,0,,,,,,Auckland Region,Nil,2-way,Sealed,,0,0,,50,,Null,0,0,,76,Auckland,Give way,,,,,0,0,Urban,0,,,Fine,Null
1801234,5814620,7337,,529700,0,,0,1,,Null,2008/2009,ANGLESEA ST,BRIDGE ST,,Non-Injury Crash,No,2009,,South,,0,,Flat,,,,,,Overcast,912200,0,0,0,2,,,0,,,,,,Waikato Region,Nil,2-way,Sealed,,0,0,,50,,Null,0,0,,16,Hamilton City,Give way,,,,,1,0,Urban,0,,,Fine,Null