X,Y,OBJECTID,advisorySpeed,areaUnitID,bicycle,bridge,bus,carStationWagon,cliffBank,crashDirectionDescription,crashFinancialYear,crashLocation1,crashLocation2,crashRoadSideRoad,crashSeverity,crashSHDescription,crashYear,debris,directionRoleDescription,ditch,fatalCount,fence,flatHill,guardRail,holiday,houseOrBuilding,intersection,kerb,light,meshblockId,minorInjuryCount,moped,motorcycle,NumberOfLanes,objectThrownOrDropped,otherObject,otherVehicleType,overBank,parkedVehicle,pedestrian,phoneBoxEtc,postOrPole,region,roadCharacter,roadLane,roadSurface,roadworks,schoolBus,seriousInjuryCount,slipOrFlood,speedLimit,strayAnimal,streetLight,suv,taxi,temporarySpeedLimit,tlaId,tlaName,trafficControl,trafficIsland,trafficSign,train,tree,truck,unknownVehicleType,urban,vanOrUtility,vehicle,waterRiver,weatherA,weatherB
1821342,5529209,7338,,562800,0,,0,2,,Null,2009/2010,PITT ST,MAIN ST,,Non-Injury Crash,No,2009,,North,,0,,Flat,,,,,,Dark,1828600,0,0,0,2,,,0,,,,,,Manawatū-Whanganui Region,Nil,2-way,Sealed,,0,0,,50,,On,0,0,,40,Palmerston North City,Traffic Signals,,,,,0,0,Urban,0,,,Fine,Null
1851665,5857845,7339,,534400,0,,0,2,,Null,2009/2010,SH 25,HASZARD ST,,Non-Injury Crash,Yes,2009,,East,,0,,Flat,,,,,,Overcast,1079900,0,0,0,2,,,0,,,,,,Waikato Region,Nil,2-way,Sealed,,0,0,,50,,Off,0,0,,12,Hauraki District,Stop,,,,,0,0,Urban,0,,,Light rain,Null
1770196,5911005,7340,,523113,0,0,0,2,0,Null,2008/2009,TE IRIRANGI DRIVE,TE KOHA ROAD,,Non-Injury Crash,No,2009,0,North,0,0,0,Flat,0,,0,,0,Dark,711718,0,0,0,4,0,0,0,0,0,,0,0,Auckland Region,Nil,2-way,Sealed,0,0,0,0,70,0,On,0,0,,76,Auckland,Give way,1,0,0,0,0,0,Urban,0,0,0,Light rain,Null
1759514,5916370,7341,,516002,0,,0,1,,South,2009/2010,SH 1N,MARKET OFF NBD,,Non-Injury Crash,Yes,2009,,North,,0,,Flat,,,,,,Bright sun,492000,0,0,0,4,,,0,,,,,,Auckland Region,Nil,1-way,Sealed,,0,0,,100,,Off,0,0,,76,Auckland,Nil,,,,,0,0,Open,1,,,Fine,Null
1759025,5916996,7342,,516001,0,,0,4,,North,2008/2009,SH 1N,MARKET OBR,,Non-Injury Crash,Yes,2009,,South,,0,,Flat,,,,,,Dark,491200,0,0,0,3,,,0,,,,,,Auckland Region,Nil,1-way,Sealed,,0,0,,80,,On,0,0,,76,Auckland,Nil,,,,,0,0,Open,0,,,Fine,Null
1758593,5908715,7343,,524001,0,0,0,1,0,North,2008/2009,WALLACE ROAD,KAPUKA ROAD,,Non-Injury Crash,No,2009,0,South,0,0,1,Flat,0,,0,,0,Dark,725300,0,0,0,2,0,0,0,0,0,,1,0,Auckland Region,Nil,2-way,Sealed,0,0,0,0,70,0,On,0,0,,76,Auckland,Nil,0,0,0,0,0,0,Urban,0,0,0,Heavy rain,Null
1765630,5905836,7344,,522202,0,,0,1,,East,2009/2010,CARRUTH ROAD,ST GEORGE ST,,Non-Injury Crash,No,2009,,West,,0,,Flat,,,,,,Overcast,664400,0,0,0,2,,,0,,,,,,Auckland Region,Nil,2-way,Sealed,,0,0,,50,,Off,1,0,,76,Auckland,Nil,,,,,0,0,Urban,0,,,Fine,Null
1876752,5818495,7345,,537602,0,0,0,1,0,Null,2008/2009,SH 29,OROPI ROAD,,Non-Injury Crash,Yes,2009,0,North,0,0,0,Flat,0,,0,,0,Overcast,1192202,0,0,0,4,0,0,0,0,0,,0,1,Bay of Plenty Region,Nil,2-way,Sealed,0,0,0,0,100,0,Off,0,0,,23,Tauranga City,Give way,0,0,0,0,0,0,Open,0,0,0,Heavy rain,Null
1762337,5907807,7346,,524530,0,0,0,1,0,North,2009/2010,CHADWICK CRESCENT E,FERGUSON ST,,Non-Injury Crash,No,2009,0,South,0,0,0,Flat,0,,0,,0,Dark,733202,0,0,0,2,0,0,0,0,0,,0,1,Auckland Region,Nil,2-way,Sealed,0,0,0,0,50,0,On,0,0,,76,Auckland,Nil,0,0,0,0,0,0,Urban,0,0,0,Fine,Null
1895325,5754274,7347,,538850,0,0,0,0,1,Null,2008/2009,SH 38,SH 5,,Non-Injury Crash,Yes,2009,0,South,0,0,0,Flat,0,,0,,0,Overcast,1258800,0,0,0,2,0,0,0,0,0,,0,0,Bay of Plenty Region,Nil,2-way,Sealed,0,0,0,0,100,0,Null,1,0,,24,Rotorua District,Give way,0,0,0,0,0,0,Open,0,0,0,Heavy rain,Null
1753236,5912737,7348,,518901,0,,0,2,,Null,2008/2009,WHITE SWAN ROAD,KIMBER HALL AVENUE,,Non-Injury Crash,No,2009,,West,,0,,Hill Road,,,,,,Bright sun,586500,0,0,0,2,,,0,,,,,,Auckland Region,Nil,2-way,Sealed,,0,0,,50,,Null,0,0,,76,Auckland,Stop,,,,,0,0,Urban,0,,,Fine,Null
1773136,5471969,7349,,566302,0,,0,3,,East,2009/2010,SH 1N,KEBBELL DRIVE,,Minor Crash,Yes,2009,,North,,0,,Flat,,Labour Weekend,,,,Overcast,1998404,2,0,0,2,,,0,,,,,,Wellington Region,Nil,2-way,Sealed,,0,0,,100,,Null,0,0,,43,Kapiti Coast District,Nil,,,,,0,0,Open,0,,,Fine,Null
1896759,5517336,7350,,549800,0,0,0,1,0,West,2008/2009,ROUTE 52,HERBERTVILLE ROAD,,Non-Injury Crash,No,2009,0,East,0,0,0,Flat,0,,0,,0,Dark,1527900,0,0,0,1,0,0,0,0,0,,0,0,Manawatū-Whanganui Region,Bridge,2-way,Sealed,0,0,0,0,100,0,None,0,0,,41,Tararua District,Nil,0,0,0,0,0,0,Open,0,0,0,Fine,Null
1757630,5920566,7351,,514103,0,,0,2,,Null,2008/2009,CHANCERY ST,BACONS LANE,,Non-Injury Crash,No,2009,,West,,0,,Hill Road,,,,,,Overcast,437702,0,0,0,2,,,0,,,,,,Auckland Region,Nil,2-way,Sealed,,0,0,,50,,Null,0,1,,76,Auckland,Stop,,,,,0,0,Urban,0,,,Light rain,Null
1727788,6012682,7352,,501815,0,0,0,1,0,South,2009/2010,SH 1N,GLENMOHR ROAD,,Non-Injury Crash,Yes,2009,0,South,1,0,0,Flat,0,,0,,0,Twilight,81300,0,0,0,1,0,0,0,0,0,,0,0,Northland Region,Nil,2-way,Unsealed,0,0,0,0,50,0,None,0,0,,2,Whangarei District,Nil,0,0,0,0,0,0,Urban,0,0,0,Fine,Null
1621452,5427468,7353,,583700,0,,0,1,,Null,2008/2009,WAIMEA ROAD,THE RIDGEWAY,,Non-Injury Crash,No,2009,,East,,0,,Hill Road,,,,,,Overcast,2338200,0,0,0,2,,,0,,,,,,Nelson Region,Nil,2-way,Sealed,,0,0,,70,,Null,1,0,,52,Nelson City,Give way,,,,,0,0,Urban,0,,,Fine,Null
1751023,5931152,7354,,508806,0,0,0,2,0,East,2009/2010,LAUREL OAK DRIVE,OAKWAY DRIVE,,Non-Injury Crash,No,2009,0,North,0,0,0,Flat,0,,0,,0,Dark,180102,0,0,0,2,0,0,0,0,1,,0,0,Auckland Region,Nil,2-way,Sealed,0,0,0,0,50,0,None,0,0,,76,Auckland,Unknown,0,0,0,0,0,0,Urban,0,0,0,Fine,Null
1316717,5154366,7355,,585324,0,0,0,1,0,West,2008/2009,SH 6,PARINGA RIV BR,,Non-Injury Crash,Yes,2009,0,West,0,0,1,Flat,0,,0,,0,Overcast,2416801,0,0,0,2,0,0,0,0,0,,0,0,West Coast Region,Nil,2-way,Sealed,0,0,0,0,100,0,Null,0,0,,57,Westland District,Unknown,0,0,0,0,0,0,Open,0,0,0,Light rain,Null
1749420,5913916,7356,,511302,0,,0,2,,West,2008/2009,GREAT NORTH ROAD,RATA ST,,Non-Injury Crash,No,2009,,East,,0,,Flat,,,,,,Bright sun,268900,0,0,0,6,,,0,,,,,,Auckland Region,Nil,2-way,Sealed,,0,0,,50,,Off,0,0,,76,Auckland,Traffic Signals,,,,,0,0,Urban,0,,,Fine,Null
1751995,5915565,7357,,517901,0,,0,2,,West,2008/2009,NEW NORTH ROAD,HENDON AVENUE,,Non-Injury Crash,No,2009,,East,,0,,Flat,,,,,,Bright sun,523800,0,0,0,4,,,0,,,,,,Auckland Region,Nil,2-way,Sealed,,0,0,,50,,Null,0,0,,76,Auckland,Unknown,,,,,0,0,Urban,0,,,Fine,Null
1874298,5819176,7358,,537602,0,0,0,0,1,West,2009/2010,SH 29,HASTINGS ROAD,,Non-Injury Crash,Yes,2009,0,East,1,0,0,Flat,0,,0,,0,Overcast,1192117,0,0,0,2,0,0,0,0,0,,0,0,Bay of Plenty Region,Nil,2-way,Sealed,0,0,0,0,100,0,Null,0,0,,23,Tauranga City,Unknown,0,0,0,0,0,0,Open,1,0,0,Light rain,Null
1756172,5917854,7359,,518102,0,,0,2,,North,2008/2009,DOMINION ROAD,LISNOE AVENUE,,Non-Injury Crash,No,2009,,South,,0,,Hill Road,,,,,,Bright sun,545800,0,0,0,4,,,0,,,,,,Auckland Region,Nil,2-way,Sealed,,0,0,,50,,Off,0,0,,76,Auckland,Nil,,,,,0,0,Urban,0,,,Fine,Null
1755922,5916962,7360,,518201,0,,0,3,,South,2009/2010,DOMINION ROAD,KING EDWARD ST,,Non-Injury Crash,No,2009,,North,,0,,Flat,,,,,,Overcast,548200,0,0,0,4,,,0,,,,,,Auckland Region,Nil,2-way,Sealed,,0,0,,50,,Off,0,0,,76,Auckland,Nil,,,,,0,0,Urban,1,,,Light rain,Null
1748268,5428892,7361,,572900,0,0,0,3,0,North,2008/2009,TINAKORI ROAD,BOWEN ST,,Non-Injury Crash,No,2009,0,South,0,0,0,Flat,0,,0,,0,Dark,2123200,0,0,0,2,0,0,0,0,1,,0,0,Wellington Region,Nil,2-way,Sealed,0,0,0,0,50,0,On,0,1,,47,Wellington City,Nil,0,0,0,0,0,0,Urban,0,0,0,Light rain,Null
1751487,5951395,7362,,505804,0,,0,2,,South,2009/2010,HIBISCUS COAST HIGHWAY,HILLCREST ROAD,,Non-Injury Crash,No,2009,,South,,0,,Hill Road,,,,,,Bright sun,170900,0,0,0,2,,,0,,,,,,Auckland Region,Nil,2-way,Sealed,,0,0,,70,,None,0,0,,76,Auckland,Traffic Signals,,,,,0,0,Urban,0,,,Fine,Null
1745107,5921082,7363,,513530,0,,0,2,,East,2008/2009,SH 16,HURUHURU OBR,,Non-Injury Crash,Yes,2009,,East,,0,,Hill Road,,,,,,Dark,226303,0,0,0,2,,,0,,,,,,Auckland Region,Nil,1-way,Sealed,,0,0,,100,,On,0,0,,76,Auckland,Unknown,,,,,0,0,Open,0,,,Light rain,Null
1761238,5916184,7364,,516003,0,,0,2,,Null,2009/2010,LADIES MILE,PEACH PARADE,,Non-Injury Crash,No,2009,,North,,0,,Flat,,,,,,Dark,496101,0,0,0,2,,,0,,,,,,Auckland Region,Nil,2-way,Sealed,,0,0,,50,,On,0,0,,76,Auckland,Traffic Signals,,,,,0,0,Urban,0,,,Fine,Null
1614063,5422613,7365,,581720,0,0,0,0,0,East,2009/2010,COLLINS ROAD,BATEUP ROAD,,Non-Injury Crash,No,2009,0,East,0,0,0,Flat,0,,0,,0,Twilight,2359100,0,1,0,2,0,0,0,0,0,,0,0,Tasman Region,Nil,2-way,Sealed,0,0,0,0,50,0,Off,0,0,,51,Tasman District,Nil,0,0,0,0,0,0,Urban,0,0,0,Fine,Null
1879416,5824145,7366,,538201,0,,0,1,,West,2009/2010,ELIZABETH ST,DEVONPORT ROAD,,Non-Injury Crash,No,2009,,East,,0,,Flat,,,,,,Bright sun,1164900,0,0,0,2,,,0,,,,,,Bay of Plenty Region,Nil,2-way,Sealed,,0,0,,50,,Null,0,0,,23,Tauranga City,Unknown,,,,,0,0,Urban,1,,,Fine,Null
1896199,5811729,7367,,536653,0,,0,1,,East,2008/2009,TE PUKE HIGHWAY,RANGIURU ROAD,,Non-Injury Crash,No,2009,,West,,0,,Flat,,,,,,Bright sun,1210100,0,0,0,2,,,0,,,,,,Bay of Plenty Region,Nil,2-way,Sealed,,0,0,,70,,Null,1,0,,22,Western Bay of Plenty District,Nil,,,,,0,0,Urban,0,,,Fine,Null
1749489,5945809,7368,,505806,0,,0,1,,Null,2009/2010,HIBISCUS COAST HIGHWAY,EAST COAST ROAD,,Non-Injury Crash,No,2009,,East,,0,,Flat,,,,,,Overcast,176602,0,0,0,2,,,0,,,,,,Auckland Region,Nil,2-way,Sealed,,0,0,,100,,Off,0,0,,76,Auckland,Traffic Signals,,,,,0,0,Open,1,,,Fine,Null
1672401,6081313,7369,,501700,0,0,0,0,0,West,2008/2009,SH 12,PARK ROAD,,Non-Injury Crash,Yes,2009,0,East,0,0,0,Hill Road,0,,1,,0,Bright sun,41100,0,0,0,2,0,0,0,0,0,,0,0,Northland Region,Nil,2-way,Sealed,0,0,0,0,60,0,Off,1,0,,1,Far North District,Nil,0,0,0,0,0,0,Urban,0,0,0,Fine,Null
1754501,5916570,7370,,517702,0,,0,2,,Null,2008/2009,ST LUKES ROAD,FOWLDS AVENUE,,Non-Injury Crash,No,2009,,West,,0,,Hill Road,,,,,,Bright sun,540002,0,0,0,4,,,0,,,,,,Auckland Region,Nil,2-way,Sealed,,0,0,,50,,Null,0,0,,76,Auckland,Give way,,,,,0,0,Urban,0,,,Fine,Null
1865013,5809900,7371,,536630,0,0,0,1,0,East,2009/2010,SH 29,SOLDIERS ROAD,,Non-Injury Crash,Yes,2009,0,East,0,0,0,Flat,0,,0,,0,Overcast,1191400,0,0,0,2,0,0,0,1,0,,0,0,Bay of Plenty Region,Nil,2-way,Sealed,0,0,0,0,100,0,Null,0,0,,22,Western Bay of Plenty District,Unknown,0,0,0,1,0,0,Open,0,0,0,Fine,Null
1765598,5911490,7372,,520500,0,0,0,1,0,South,2009/2010,PANAMA ROAD,KEALY ROAD,,Non-Injury Crash,No,2009,0,North,0,0,0,Flat,0,Labour Weekend,0,,0,Bright sun,635100,0,0,0,2,0,0,0,0,1,,0,0,Auckland Region,Nil,2-way,Sealed,0,0,0,0,50,0,None,1,0,,76,Auckland,Nil,0,0,0,0,0,0,Urban,0,0,0,Fine,Null
1879603,5825607,7373,,538202,0,,0,1,,East,2008/2009,SH 2A,MIRRIELEES ROAD,,Non-Injury Crash,Yes,2009,,East,,0,,Hill Road,,,,,,Bright sun,1162800,0,0,0,2,,,0,,,,,,Bay of Plenty Region,Bridge,2-way,Sealed,,0,0,,50,,Off,1,0,,23,Tauranga City,Nil,,,,,0,0,Urban,0,,,Fine,Null
1751714,5432824,7374,,574002,0,,0,2,,North,2009/2010,SH 1N,CENTENNIAL SBD,,Non-Injury Crash,Yes,2009,,South,,0,,Flat,,,,,,Dark,2078304,0,0,0,2,,,0,,,,,,Wellington Region,Nil,2-way,Sealed,,0,0,,100,,On,0,0,,47,Wellington City,Nil,,,,,0,0,Open,0,,,Fine,Null
1753630,5912585,7375,,518901,0,0,0,1,0,West,2008/2009,PENNEY AVENUE,MIRIAM PLACE,,Non-Injury Crash,No,2009,0,West,0,0,1,Hill Road,0,,0,,1,Overcast,585600,0,0,0,2,0,0,0,0,0,,0,0,Auckland Region,Nil,2-way,Sealed,0,0,0,0,50,0,Off,0,0,,76,Auckland,Nil,0,0,0,0,0,0,Urban,0,0,0,Light rain,Null
1877619,5818514,7376,,537900,0,,0,1,,South,2008/2009,SH 29,POIKE ROAD,,Non-Injury Crash,Yes,2009,,North,,0,,Flat,,,,,,Overcast,1193201,0,0,0,4,,,0,,,,,,Bay of Plenty Region,Nil,2-way,Sealed,,0,0,,100,,Null,0,0,,23,Tauranga City,Unknown,,,,,0,0,Open,0,,,Fine,Null
1768916,5900839,7377,,525002,0,,0,2,,Null,2008/2009,GREAT SOUTH ROAD,ALFRISTON ROAD,,Non-Injury Crash,No,2009,,South,,0,,Flat,,,,,,Dark,752802,0,0,0,4,,,0,,,,,,Auckland Region,Nil,2-way,Sealed,,0,0,,50,,On,0,0,,76,Auckland,Traffic Signals,,,,,0,0,Urban,0,,,Fine,Null
1745137,5916677,7378,,510800,0,0,0,1,0,South,2009/2010,HENDERSON VALLEY ROAD,HICKORY AVENUE,,Non-Injury Crash,No,2009,0,West,0,0,0,Flat,0,,0,,0,Bright sun,241700,0,0,0,2,0,0,0,0,1,,0,0,Auckland Region,Nil,2-way,Sealed,0,0,0,0,20,0,Off,0,0,,76,Auckland,Nil,0,0,0,0,1,0,Urban,0,0,0,Fine,Null
1883922,5774047,7379,,540410,0,,0,2,,Null,2008/2009,SH 30A,TAREWA ROAD,,Non-Injury Crash,Yes,2009,,East,,0,,Flat,,,,,,Bright sun,1231900,0,0,0,4,,,0,,,,,,Bay of Plenty Region,Nil,2-way,Sealed,,0,0,,60,,Null,0,0,,24,Rotorua District,Stop,,,,,0,0,Urban,0,,,Fine,Null
1702252,5665657,7380,,552702,0,,0,2,,Null,2009/2010,SH 3,LEPPER ROAD UPPER,,Non-Injury Crash,Yes,2009,,East,,0,,Flat,,,,,,Overcast,1609000,0,0,0,2,,,0,,,,,,Taranaki Region,Nil,2-way,Sealed,,0,0,,100,,Null,0,0,,33,New Plymouth District,Give way,,,,,0,0,Open,0,,,Fine,Null
1884486,5772174,7381,,540520,0,,0,2,,West,2009/2010,DEVON ST,RANOLF STREET,,Non-Injury Crash,No,2009,,West,,0,,Flat,,,,,,Bright sun,1240800,0,0,0,2,,,0,,,,,,Bay of Plenty Region,Nil,2-way,Sealed,,0,0,,50,,Off,0,0,,24,Rotorua District,Give way,,,,,0,0,Urban,0,,,Fine,Null
1679458,6022970,7382,,504600,0,,0,2,,Null,2008/2009,SH 12,GREY ST,,Non-Injury Crash,Yes,2009,,South,,0,,Flat,,,,,,Overcast,113600,0,0,0,2,,,0,,,,,,Northland Region,Nil,2-way,Sealed,,0,0,,50,,Null,0,0,,3,Kaipara District,Stop,,,,,0,0,Urban,0,,,Mist or Fog,Null
1779770,5835950,7383,,526601,0,0,0,0,0,East,2009/2010,ROTOWARO ROAD,INGLIS ROAD,,Non-Injury Crash,No,2009,0,North,1,0,0,Hill Road,0,,0,,0,Dark,850200,0,0,0,2,0,0,0,0,0,,0,0,Waikato Region,Nil,2-way,Sealed,0,0,0,0,100,0,None,1,0,,13,Waikato District,Unknown,0,0,0,0,0,0,Open,0,0,0,Fine,Null
1930245,5604747,7384,,548200,0,,0,2,,Null,2008/2009,HASTINGS ST NORTH,AVENUE ROAD EAST,,Non-Injury Crash,No,2009,,South,,0,,Flat,,,,,,Twilight,1493400,0,0,0,2,,,0,,,,,,Hawke's Bay Region,Nil,2-way,Sealed,,0,0,,50,,On,0,0,,30,Hastings District,Give way,,,,,0,0,Urban,0,,,Light rain,Null
1757160,5919860,7385,,514102,0,0,0,2,0,West,2008/2009,MAYORAL DRIVE,QUEEN ST,,Non-Injury Crash,No,2009,0,West,0,0,0,Flat,0,,0,,0,Overcast,435201,0,0,0,4,0,0,0,0,1,,0,0,Auckland Region,Nil,2-way,Sealed,0,0,0,0,50,0,Off,0,0,,76,Auckland,Nil,0,0,0,0,0,0,Urban,0,0,0,Light rain,Null
1754009,5917211,7386,,517600,0,,0,2,,Null,2008/2009,NEW NORTH ROAD,ST LUKES ROAD,,Non-Injury Crash,No,2009,,West,,0,,Flat,,,,,,Dark,534400,0,0,0,4,,,0,,,,,,Auckland Region,Nil,2-way,Sealed,,0,0,,50,,On,0,0,,76,Auckland,Traffic Signals,,,,,0,0,Urban,0,,,Fine,Null
1838882,5931367,7387,,533200,0,0,0,1,0,East,2008/2009,MATARANGI DRIVE,KENWOOD DRIVE,,Non-Injury Crash,No,2009,0,East,0,0,0,Flat,0,,0,,0,Dark,1045415,0,0,0,2,0,0,0,1,0,,0,0,Waikato Region,Nil,2-way,Sealed,0,0,0,0,50,0,None,0,0,,11,Thames-Coromandel District,Nil,0,0,0,1,0,0,Urban,0,0,0,Fine,Null
1757060,5444255,7388,,571300,0,0,0,0,0,South,2009/2010,FLORA ST,WARSPITE AVENUE,,Non-Injury Crash,No,2009,0,West,0,0,0,Flat,0,,0,,0,Bright sun,2063900,0,0,0,2,0,0,0,0,0,,0,1,Wellington Region,Nil,2-way,Sealed,0,0,0,0,50,0,Null,0,0,,44,Porirua City,Nil,0,0,0,0,1,0,Urban,0,0,0,Fine,Null
1766061,5442744,7389,,569600,0,0,0,0,1,South,2008/2009,SH 58,OLD HAYWARDS ROAD,,Minor Crash,Yes,2009,0,North,0,0,0,Hill Road,0,,0,,0,Dark,1916500,1,0,0,4,0,0,0,0,0,,0,0,Wellington Region,Nil,2-way,Sealed,0,0,0,0,100,0,None,1,0,,46,Lower Hutt City,Nil,0,0,0,0,0,0,Open,0,0,0,Light rain,Null
1766779,5899951,7390,,524713,0,,0,2,,West,2009/2010,WEYMOUTH ROAD,ANTALYA PLACE,,Non-Injury Crash,No,2009,,West,,0,,Hill Road,,,,,,Dark,775805,0,0,0,2,,,0,,,,,,Auckland Region,Nil,2-way,Sealed,,0,0,,50,,On,0,0,,76,Auckland,Nil,,,,,0,0,Urban,0,,,Fine,Null
1326205,4841363,7391,,607300,0,0,0,1,1,South,2009/2010,DEWE ROAD,TAHAKOPA VALLEY ROAD,,Minor Crash,No,2009,0,West,0,0,0,Flat,0,,0,,0,Overcast,3000100,2,0,0,1,0,0,0,0,0,,0,0,Otago Region,Nil,2-way,Unsealed,0,0,0,0,100,0,Null,0,0,,72,Clutha District,Unknown,0,0,0,0,0,0,Open,0,0,0,Fine,Null
1761265,5435828,7392,,568602,0,,0,1,,East,2009/2010,CAMBRIDGE SLIP,CRESSY ST,,Minor Crash,No,2009,,East,,0,,Hill Road,,,,,,Bright sun,1971400,1,1,0,2,,,0,,,,,,Wellington Region,Nil,2-way,Sealed,,0,0,,50,,Null,0,0,,46,Lower Hutt City,Give way,,,,,0,0,Urban,0,,,Fine,Null
1766512,5899843,7393,,524713,0,,0,4,,East,2008/2009,WEYMOUTH ROAD,CASTLEFINN DRIVE,,Non-Injury Crash,No,2009,,West,,0,,Flat,,,,,,Dark,775824,0,0,0,2,,,0,,,,,,Auckland Region,Nil,2-way,Sealed,,0,0,,60,,On,0,0,,76,Auckland,Give way,,,,,0,0,Urban,0,,,Fine,Null
1749956,5946079,7394,,506001,0,,0,2,,Null,2009/2010,HIBISCUS COAST HIGHWAY,TAVERN ROAD,,Non-Injury Crash,No,2009,,West,,0,,Hill Road,,,,,,Dark,175501,0,0,0,2,,,0,,,,,,Auckland Region,Nil,1-way,Sealed,,0,0,,80,,On,0,0,,76,Auckland,Stop,,,,,0,0,Open,0,,,Fine,Frost
1867032,5715010,7395,,541317,0,,0,2,,Null,2008/2009,WAIRAKEI DRIVE,POIHIPI ROAD,,Non-Injury Crash,No,2009,,North,,0,,Hill Road,,,,,,Bright sun,1279014,0,0,0,2,,,0,,,,,,Waikato Region,Nil,2-way,Sealed,,0,0,,80,,Null,0,0,,21,Taupo District,Give way,,,,,0,0,Open,0,,,Null,Null
1748159,5914112,7396,,511700,0,0,0,3,0,East,2009/2010,GREAT NORTH ROAD,ARCHIBALD ROAD,,Non-Injury Crash,No,2009,0,West,0,0,0,Flat,0,,0,,0,Overcast,270201,0,0,0,4,0,0,0,0,0,,0,1,Auckland Region,Nil,2-way,Sealed,0,0,0,0,50,0,Null,1,0,,76,Auckland,Traffic Signals,0,0,0,0,0,0,Urban,0,0,0,Light rain,Null
1821457,5529291,7397,,562800,0,0,0,1,0,Null,2008/2009,MAIN ST WEST,ANDREW YOUNG ST,,Non-Injury Crash,No,2009,0,South,0,0,0,Flat,0,,1,,0,Dark,1828000,0,0,0,2,0,0,0,0,0,,0,0,Manawatū-Whanganui Region,Nil,2-way,Sealed,0,0,0,0,50,0,On,0,0,,40,Palmerston North City,Give way,0,0,0,0,0,0,Urban,0,0,0,Fine,Null
1600296,5454886,7398,,581832,0,0,0,1,1,East,2009/2010,RIWAKA-KAITERITERI ROAD,SH 60,,Non-Injury Crash,No,2009,0,North,0,0,0,Flat,0,,0,,0,Bright sun,2366800,0,0,0,2,0,0,0,0,0,,0,0,Tasman Region,Nil,2-way,Sealed,0,0,0,0,100,0,Null,0,0,,51,Tasman District,Nil,0,0,0,0,0,0,Open,0,0,0,Fine,Null
1799296,5815741,7399,,528900,0,,0,2,,East,2009/2010,NORTON ROAD,MARIRE AVENUE,,Non-Injury Crash,No,2009,,West,,0,,Flat,,,,,,Overcast,913000,0,0,0,2,,,0,,,,,,Waikato Region,Nil,2-way,Sealed,,0,0,,50,,Off,0,0,,16,Hamilton City,Nil,,,,,0,0,Urban,0,,,Light rain,Null
1574248,5181111,7400,,593400,0,0,0,3,0,North,2008/2009,KERRS ROAD,PANNELL AVENUE,,Non-Injury Crash,No,2009,0,South,0,0,0,Flat,0,Easter,0,,0,Overcast,2614200,0,0,0,2,0,0,0,0,1,,0,0,Canterbury Region,Nil,2-way,Sealed,0,0,0,0,50,0,Null,0,0,,60,Christchurch City,Nil,0,0,0,0,0,0,Urban,0,0,0,Fine,Null
1759612,5436190,7401,,569100,0,0,0,2,0,West,2009/2010,QUEENS DRIVE,BUNNY ST,,Non-Injury Crash,No,2009,0,North,0,0,0,Flat,0,,0,,0,Overcast,1965300,0,0,0,2,0,0,0,0,1,,0,0,Wellington Region,Nil,2-way,Sealed,0,0,0,0,50,0,Null,0,0,,46,Lower Hutt City,Nil,0,0,0,0,0,0,Urban,0,0,0,Fine,Null
1755821,5929420,7402,,508510,0,0,0,2,0,East,2008/2009,HAVELOCK AVENUE,BECROFT DRIVE,,Non-Injury Crash,No,2009,0,West,0,0,0,Flat,0,,0,,0,Overcast,195300,0,0,0,2,0,0,0,0,1,,0,0,Auckland Region,Nil,2-way,Sealed,0,0,0,0,50,0,Off,0,0,,76,Auckland,Nil,0,0,0,0,0,0,Urban,0,0,0,Fine,Null
1756195,5935185,7403,,507101,0,0,0,3,0,North,2008/2009,BEACHFRONT LANE,ANZAC ROAD,,Non-Injury Crash,No,2009,0,South,0,0,0,Flat,0,,0,,0,Twilight,160900,0,0,0,2,0,0,0,0,1,,0,0,Auckland Region,Nil,2-way,Sealed,0,0,0,0,30,0,Off,0,0,,76,Auckland,Unknown,0,0,0,0,0,0,Urban,0,0,0,Heavy rain,Strong wind
1743666,5919379,7404,,513212,0,,0,2,,Null,2008/2009,SWANSON ROAD,DON BUCK ROAD,,Non-Injury Crash,No,2009,,East,,0,,Flat,,,,,,Bright sun,235711,0,0,0,2,,,0,,,,,,Auckland Region,Nil,2-way,Sealed,,0,0,,50,,Null,0,0,,76,Auckland,Give way,,,,,0,0,Urban,0,,,Fine,Null
1751145,5915859,7405,,514401,0,,0,2,,South,2009/2010,GREAT NORTH ROAD,HENRY ST,,Non-Injury Crash,No,2009,,South,,0,,Flat,,,,,,Bright sun,381801,0,0,0,4,,,0,,,,,,Auckland Region,Nil,2-way,Sealed,,0,0,,50,,None,0,0,,76,Auckland,Traffic Signals,,,,,0,0,Urban,0,,,Fine,Null
1753272,5929251,7406,,508411,0,0,0,2,0,North,2009/2010,FERNWOOD GROVE,SPINELLA DRIVE,,Non-Injury Crash,No,2009,0,South,0,0,0,Flat,0,,0,,0,Dark,183906,0,0,0,2,0,0,0,0,1,,0,0,Auckland Region,Nil,2-way,Sealed,0,0,0,0,50,0,On,0,0,,76,Auckland,Nil,0,0,0,0,0,0,Urban,0,0,0,Fine,Null
1769465,5900409,7407,,524902,0,0,0,0,0,East,2009/2010,MYERS ROAD,LINCOLN ROAD,,Non-Injury Crash,No,2009,0,East,0,0,0,Flat,0,,0,,0,Twilight,758800,0,0,0,2,0,0,0,0,0,,0,0,Auckland Region,Nil,2-way,Sealed,0,0,0,0,50,0,On,0,0,,76,Auckland,Nil,0,0,0,1,1,0,Urban,0,0,0,Fine,Null