X,Y,OBJECTID,advisorySpeed,areaUnitID,bicycle,bridge,bus,carStationWagon,cliffBank,crashDirectionDescription,crashFinancialYear,crashLocation1,crashLocation2,crashRoadSideRoad,crashSeverity,crashSHDescription,crashYear,debris,directionRoleDescription,ditch,fatalCount,fence,flatHill,guardRail,holiday,houseOrBuilding,intersection,kerb,light,meshblockId,minorInjuryCount,moped,motorcycle,NumberOfLanes,objectThrownOrDropped,otherObject,otherVehicleType,overBank,parkedVehicle,pedestrian,phoneBoxEtc,postOrPole,region,roadCharacter,roadLane,roadSurface,roadworks,schoolBus,seriousInjuryCount,slipOrFlood,speedLimit,strayAnimal,streetLight,suv,taxi,temporarySpeedLimit,tlaId,tlaName,trafficControl,trafficIsland,trafficSign,train,tree,truck,unknownVehicleType,urban,vanOrUtility,vehicle,waterRiver,weatherA,weatherB
1751559,5912336,7408,,514700,0,,0,2,,Null,2009/2010,DONOVAN ST,BLOCKHOUSE BAY ROAD,,Non-Injury Crash,No,2009,,East,,0,,Flat,,,,,,Bright sun,368900,0,0,0,4,,,0,,,,,,Auckland Region,Nil,2-way,Sealed,,0,0,,50,,Off,0,0,,76,Auckland,Give way,,,,,0,0,Urban,0,,,Fine,Null
1751150,5946630,7409,,505807,0,0,0,1,1,Null,2008/2009,WHANGAPARAOA ROAD,JOHN DEE CRESCENT,,Non-Injury Crash,No,2009,0,West,0,0,0,Hill Road,0,,0,,0,Bright sun,172802,0,0,0,2,0,0,0,0,0,,0,0,Auckland Region,Nil,2-way,Sealed,0,0,0,0,60,0,Null,0,0,,76,Auckland,Stop,1,0,0,0,0,0,Urban,0,0,0,Fine,Null
1804500,5813732,7410,,530800,0,,0,1,,East,2009/2010,SH 26,SH 1N,,Non-Injury Crash,Yes,2009,,West,,0,,Flat,,,,,,Bright sun,884300,0,0,0,2,,,0,,,,,,Waikato Region,Nil,2-way,Sealed,,0,0,,50,,Null,0,0,,16,Hamilton City,Give way,,,,,1,0,Urban,0,,,Fine,Null
1753618,5433454,7411,,573526,0,,0,0,,Null,2009/2010,SH 2,WEIGH PIT,,Non-Injury Crash,Yes,2009,,East,,0,,Flat,,,,,,Overcast,2077503,0,0,0,2,,,0,,,,,,Wellington Region,Nil,1-way,Sealed,,0,0,,100,,Null,0,0,,47,Wellington City,Nil,,,,,1,0,Open,0,,,Fine,Null
1766984,5901943,7412,,524720,0,,0,2,,West,2009/2010,BROWNS ROAD,DALGETY DRIVE,,Non-Injury Crash,No,2009,,West,,0,,Flat,,Labour Weekend,,,,Dark,779500,0,0,0,2,,,0,,,,,,Auckland Region,Nil,2-way,Sealed,,0,0,,50,,On,0,0,,76,Auckland,Nil,,,,,0,0,Urban,0,,,Fine,Null
1761737,5914674,7413,,520202,0,,0,2,,Null,2009/2010,MAIN LINK,WILKINSON ROAD,,Non-Injury Crash,Yes,2009,,East,,0,,Flat,,,,,,Bright sun,612501,0,0,0,3,,,0,,,,,,Auckland Region,Nil,2-way,Sealed,,0,0,,50,,Off,0,0,,76,Auckland,Traffic Signals,,,,,0,0,Urban,0,,,Fine,Null
1403193,4913520,7414,,605920,0,0,0,2,0,North,2009/2010,MULFORD ST,BELL CRESCENT E,,Non-Injury Crash,No,2009,0,West,0,0,0,Hill Road,0,Labour Weekend,0,,0,Overcast,2954900,0,0,0,2,0,0,0,0,1,,0,0,Otago Region,Nil,2-way,Sealed,0,0,0,0,50,0,Null,0,0,,71,Dunedin City,Unknown,0,0,0,0,0,0,Urban,0,0,0,Light rain,Null
1878369,5819352,7415,,537800,0,0,0,1,0,East,2008/2009,SH 29,SANCTUARY PT MOTOR CAMP,,Non-Injury Crash,Yes,2009,0,West,0,0,0,Flat,0,,0,,0,Bright sun,1177900,0,0,0,2,0,0,0,1,0,,0,0,Bay of Plenty Region,Nil,2-way,Sealed,0,0,0,0,100,0,Null,0,0,,23,Tauranga City,Unknown,0,0,0,0,0,0,Open,2,0,0,Fine,Null
1749774,5424942,7416,,576903,0,,0,2,,Null,2009/2010,WELLINGTON ROAD,CRAWFORD ST,,Non-Injury Crash,No,2009,,South,,0,,Hill Road,,,,,,Dark,2181600,0,0,0,2,,,0,,,,,,Wellington Region,Nil,2-way,Sealed,,0,0,,50,,On,0,0,,47,Wellington City,Give way,,,,,0,0,Urban,0,,,Fine,Null
1562575,5179335,7417,,587400,0,,0,2,,Null,2009/2010,WATERLOO ROAD,HALWYN DRIVE,,Minor Crash,No,2009,,West,,0,,Flat,,,,,,Bright sun,2489200,2,0,0,2,,,0,,,,,,Canterbury Region,Nil,2-way,Sealed,,0,0,,50,,Null,0,0,,60,Christchurch City,Nil,,,,,0,0,Urban,0,,,Fine,Null
1936897,5621720,7418,,546802,0,,0,2,,North,2008/2009,SHAKESPEARE ROAD,BROWNING ST,,Non-Injury Crash,No,2009,,North,,0,,Hill Road,,,,,,Bright sun,1423600,0,0,0,2,,,0,,,,,,Hawke's Bay Region,Nil,2-way,Sealed,,0,0,,50,,Null,0,0,,31,Napier City,Nil,,,,,0,0,Urban,0,,,Fine,Null
1868119,5710393,7419,,541760,0,,0,2,,Null,2008/2009,LAKE TERRACE,MATUKU ST,,Non-Injury Crash,No,2009,,South,,0,,Flat,,,,,,Bright sun,1266501,0,0,0,2,,,0,,,,,,Waikato Region,Nil,2-way,Sealed,,0,0,,50,,Off,0,0,,21,Taupo District,Give way,,,,,0,0,Urban,0,,,Fine,Null
1767892,5911916,7420,,522910,0,,0,0,,Null,2008/2009,TI RAKAU DRIVE,GOSSAMER DRIVE,,Non-Injury Crash,No,2009,,East,,0,,Flat,,,,,,Dark,687700,0,0,0,4,,,0,,,,,,Auckland Region,Nil,2-way,Sealed,,0,0,,50,,On,1,0,,76,Auckland,Traffic Signals,,,,,1,0,Urban,0,,,Fine,Null
1405329,4914395,7421,,604210,0,,0,3,,West,2008/2009,HILLSIDE ROAD,BRADSHAW ST,,Non-Injury Crash,No,2009,,East,,0,,Flat,,,,,,Overcast,2914900,0,0,0,2,,,0,,,,,,Otago Region,Nil,2-way,Sealed,,0,0,,50,,Null,0,0,,71,Dunedin City,Unknown,,,,,0,0,Urban,0,,,Fine,Null
1756157,5924133,7422,,509800,0,,0,1,,South,2009/2010,SH 1N,ONEWA OFF NBD,,Non-Injury Crash,Yes,2009,,North,,0,,Flat,,,,,,Overcast,361100,0,0,0,3,,,0,,,,,,Auckland Region,Nil,1-way,Sealed,,0,0,,100,,Off,0,0,,76,Auckland,Nil,,,,,1,0,Open,0,,,Light rain,Null
1746538,5882767,7423,,521151,0,0,0,1,0,North,2009/2010,AWHITU ROAD,KOHEKOHE-KARIOITAHI ROAD,,Non-Injury Crash,No,2009,0,North,0,0,1,Hill Road,0,,0,,0,Bright sun,830900,0,0,0,2,0,0,0,0,0,,0,0,Auckland Region,Nil,2-way,Sealed,0,0,0,0,100,0,Off,0,0,,76,Auckland,Nil,0,0,0,0,0,0,Open,0,0,0,Fine,Null
1903716,5566903,7424,,549500,0,,0,1,,Null,2009/2010,PEEL ST,SH 2,,Non-Injury Crash,No,2009,,East,,0,,Flat,,,,,,Bright sun,1520100,0,0,0,2,,,0,,,,,,Hawke's Bay Region,Nil,2-way,Sealed,,0,0,,50,,Null,0,0,,32,Central Hawke's Bay District,Give way,,,,,1,0,Urban,0,,,Fine,Null
1803079,5549964,7425,,558900,0,,0,1,,South,2008/2009,SH 1N,DALZIEL ST,,Non-Injury Crash,Yes,2009,,North,,0,,Flat,,,,,,Overcast,1744100,0,0,0,2,,,0,,,,,,Manawatū-Whanganui Region,Nil,2-way,Sealed,,0,0,,50,,Null,0,0,,38,Rangitikei District,Nil,,,,,1,0,Urban,0,,,Light rain,Null
1756343,5919070,7426,,514200,0,,0,1,,Null,2008/2009,NEWTON ROAD,NEWTON OFF EBD S,,Non-Injury Crash,Yes,2009,,South,,0,,Hill Road,,,,,,Overcast,411800,0,0,0,4,,,0,,,,,,Auckland Region,Motorway ramp,2-way,Sealed,,0,0,,50,,Off,0,0,,76,Auckland,Traffic Signals,,,,,0,0,Urban,1,,,Fine,Null
1794814,5800383,7427,,527921,0,0,0,1,0,Null,2008/2009,SH 39,MEADWAY ROAD,,Non-Injury Crash,Yes,2009,0,West,0,0,1,Flat,0,,0,,0,Bright sun,980800,0,0,0,2,0,0,0,0,0,,0,0,Waikato Region,Nil,2-way,Sealed,0,0,0,0,100,0,Null,0,0,,17,Waipa District,Give way,0,0,0,0,0,0,Open,0,0,0,Fine,Null
1748892,5423260,7428,,576302,0,0,0,1,0,South,2008/2009,MOUNT ALBERT ROAD,LAVAUD ST,,Non-Injury Crash,No,2009,0,North,0,0,0,Hill Road,0,,0,,0,Dark,2166000,0,0,0,2,0,0,0,0,0,,0,1,Wellington Region,Nil,2-way,Sealed,0,0,0,0,50,0,On,0,0,,47,Wellington City,Nil,0,0,0,0,0,0,Urban,0,0,0,Fine,Null
1767711,5904403,7429,,524604,0,,0,2,,South,2009/2010,GREAT SOUTH ROAD,GLADDING PLACE,,Non-Injury Crash,No,2009,,South,,0,,Flat,,,,,,Twilight,780302,0,0,0,3,,,0,,,,,,Auckland Region,Nil,2-way,Sealed,,0,0,,50,,Off,0,0,,76,Auckland,Nil,,,,,0,0,Urban,0,,,Fine,Null
1727799,6006745,7430,,501815,0,0,0,1,0,South,2008/2009,SH 1N,PILBROW HILL SUMMIT,,Non-Injury Crash,Yes,2009,0,South,0,0,1,Hill Road,0,,0,,0,Overcast,81600,0,0,0,3,0,0,0,0,0,,0,0,Northland Region,Nil,2-way,Sealed,0,0,0,0,100,0,Null,0,0,,2,Whangarei District,Unknown,0,0,0,0,0,0,Open,0,0,0,Light rain,Null
1404223,4914484,7431,,604210,0,,0,1,,Null,2009/2010,SH 1S,BARNES DRIVE,,Minor Crash,Yes,2009,,West,,0,,Flat,,,,,,Overcast,2915600,1,0,0,4,,,0,,,,,,Otago Region,Nil,2-way,Sealed,,0,0,,50,,Null,0,0,,71,Dunedin City,Traffic Signals,,,,,1,0,Urban,0,,,Fine,Null
1755087,5929157,7432,,508320,0,,0,2,,Null,2009/2010,WAIRAU ROAD,VIEW ROAD E,,Non-Injury Crash,No,2009,,West,,0,,Flat,,,,,,Overcast,196600,0,0,0,5,,,0,,,,,,Auckland Region,Nil,2-way,Sealed,,0,0,,50,,On,0,0,,76,Auckland,Give way,,,,,0,0,Urban,0,,,Light rain,Null
1756532,5443921,7433,,571100,0,0,0,2,0,Null,2008/2009,Z FCT CANNONS CREEK,WARSPITE/MUNGAVIN,,Non-Injury Crash,No,2009,0,West,0,0,0,Flat,0,,0,,0,Overcast,2046700,0,0,0,1,0,0,0,0,1,,0,0,Wellington Region,Nil,Off road,Sealed,0,0,0,0,50,0,Null,0,0,,44,Porirua City,Nil,0,0,0,0,0,0,Urban,0,0,0,Light rain,Null
1768053,5901385,7434,,524720,0,,0,2,,Null,2008/2009,JELLICOE ROAD,JUTLAND ROAD,,Non-Injury Crash,No,2009,,East,,0,,Flat,,,,,,Dark,780100,0,0,0,2,,,0,,,,,,Auckland Region,Nil,2-way,Sealed,,0,0,,50,,On,0,0,,76,Auckland,Nil,,,,,0,0,Urban,0,,,Light rain,Null
1828354,5546229,7435,,560422,0,,0,1,,North,2009/2010,TAONUI ROAD,VALLEY ROAD,,Non-Injury Crash,No,2009,,South,,0,,Flat,,,,,,Overcast,1760600,0,0,0,2,,,0,,,,,,Manawatū-Whanganui Region,Nil,2-way,Sealed,,0,0,,100,,Null,0,0,,39,Manawatu District,Nil,,,,,0,0,Open,0,,,Light rain,Null
1761246,5906313,7436,,524112,0,0,0,1,0,Null,2009/2010,FRIESIAN DRIVE,NICOLA PLACE,,Non-Injury Crash,No,2009,0,North,0,0,0,Flat,0,,0,,0,Overcast,742000,0,0,0,1,0,0,0,0,0,,0,1,Auckland Region,Nil,2-way,Sealed,0,0,0,0,50,0,None,0,0,,76,Auckland,Nil,0,0,0,0,0,0,Urban,0,0,0,Fine,Null
1816694,5871334,7437,,533901,0,,0,1,,East,2009/2010,SH 2,CENTRAL ROAD NORTH,,Non-Injury Crash,Yes,2009,,East,,0,,Flat,,,,,,Dark,1063100,0,0,0,2,,,0,,,,,,Waikato Region,Nil,2-way,Sealed,,0,0,,100,,None,0,0,,12,Hauraki District,Nil,,,,,0,0,Open,0,,,Fine,Null
1945963,5792588,7438,,542520,0,,0,2,,North,2009/2010,THORNTON ROAD,SH 30,,Non-Injury Crash,No,2009,,South,,0,,Flat,,,,,,Dark,1297501,0,0,0,2,,,0,,,,,,Bay of Plenty Region,Nil,2-way,Sealed,,0,0,,100,,On,0,0,,25,Whakatane District,Give way,,,,,0,0,Open,0,,,Fine,Null
1747376,5921266,7439,,512300,0,,0,1,,East,2008/2009,GUNNER DRIVE,RHONE AVENUE,,Non-Injury Crash,No,2009,,West,,0,,Flat,,,,,,Bright sun,250101,0,0,0,2,,,0,,,,,,Auckland Region,Nil,2-way,Sealed,,0,0,,50,,Off,0,0,,76,Auckland,Nil,,,,,0,0,Urban,1,,,Fine,Null
1718899,6046070,7440,,503000,0,,0,1,,Null,2008/2009,SELWYN AVENUE,SH 1N,,Non-Injury Crash,Yes,2009,,North,,0,,Flat,,,,,,Bright sun,98100,0,0,0,2,,,0,,,1,,,Northland Region,Nil,2-way,Sealed,,0,0,,50,,Null,0,0,,2,Whangarei District,Traffic Signals,,,,,0,0,Urban,0,,,Fine,Null
1818215,5858160,7441,,533901,0,0,0,1,0,North,2009/2010,SH 27,OTANE ST,,Non-Injury Crash,Yes,2009,0,North,1,0,0,Flat,0,,0,,0,Dark,1069800,0,0,0,2,0,0,0,0,0,,0,0,Waikato Region,Nil,2-way,Sealed,0,0,0,0,100,0,None,0,0,80,12,Hauraki District,Nil,0,0,0,0,0,0,Open,0,0,0,Fine,Null
1571981,5177765,7442,,594300,0,0,0,1,0,Null,2009/2010,FIFIELD TERRACE,YORK ST,,Minor Crash,No,2009,0,South,0,0,0,Flat,0,,0,,0,Bright sun,2583900,1,0,0,2,0,0,0,0,0,,0,0,Canterbury Region,Nil,2-way,Sealed,0,0,0,0,50,0,Null,0,0,,60,Christchurch City,Nil,0,0,0,0,0,0,Urban,0,0,1,Fine,Null
1786857,5859211,7443,,527210,0,,0,1,,Null,2009/2010,SH 1N,HALL ROAD,,Non-Injury Crash,Yes,2009,,South,,0,,Flat,,,,,,Dark,935700,0,0,0,2,,,0,,,,,,Waikato Region,Nil,2-way,Sealed,,0,0,,100,,On,0,0,,13,Waikato District,Give way,,,,,1,0,Open,0,,,Fine,Null
1753560,5927928,7444,,508210,0,,0,2,,Null,2008/2009,GLENFIELD ROAD,KAIPATIKI ROAD,,Non-Injury Crash,No,2009,,East,,0,,Flat,,,,,,Overcast,186800,0,0,0,2,,,0,,,,,,Auckland Region,Nil,2-way,Sealed,,0,0,,50,,Off,0,0,,76,Auckland,Give way,,,,,0,0,Urban,0,,,Fine,Null
1756417,5943962,7445,,505902,0,,0,2,,East,2009/2010,WHANGAPARAOA ROAD,WADE RIVER ROAD,,Non-Injury Crash,No,2009,,South,,0,,Flat,,,,,,Dark,174220,0,0,0,2,,,0,,,,,,Auckland Region,Nil,2-way,Sealed,,0,0,,50,,On,0,0,,76,Auckland,Nil,,,,,0,0,Urban,0,,,Fine,Null
1766634,5907631,7446,,523601,0,0,0,1,0,East,2008/2009,EAST TAMAKI ROAD,NEWBURY ST,,Non-Injury Crash,No,2009,0,West,0,0,0,Flat,0,,0,,0,Dark,708500,0,0,0,2,0,0,0,0,0,,0,0,Auckland Region,Nil,2-way,Sealed,0,0,0,0,50,0,On,0,0,,76,Auckland,Nil,0,0,0,0,0,0,Urban,0,0,0,Fine,Null
1743666,5919379,7447,,513212,0,,0,2,,Null,2008/2009,DON BUCK ROAD,SWANSON ROAD,,Non-Injury Crash,No,2009,,East,,0,,Flat,,,,,,Bright sun,235711,0,0,0,2,,,0,,,,,,Auckland Region,Nil,2-way,Sealed,,0,0,,50,,Null,0,0,,76,Auckland,Give way,,,,,0,0,Urban,0,,,Mist or Fog,Null
1773948,5445547,7448,,567100,0,0,0,2,0,Null,2008/2009,Z CPK WAREHOUSE,LOGAN/QUEEN,,Non-Injury Crash,No,2009,0,North,0,0,0,Flat,0,,0,,0,Overcast,1905600,0,0,0,0,0,0,0,0,1,,0,0,Wellington Region,Nil,Off road,Sealed,0,0,0,0,50,0,Null,0,0,,45,Upper Hutt City,Nil,0,0,0,0,0,0,Urban,0,0,0,Light rain,Null
1765189,5900958,7449,,524821,0,0,0,1,0,North,2009/2010,FINLAYSON AVENUE,KOPARA PLACE,,Non-Injury Crash,No,2009,0,South,0,0,0,Hill Road,0,,0,,0,Overcast,774411,0,0,0,2,0,0,0,0,0,,0,0,Auckland Region,Nil,2-way,Sealed,0,0,0,0,50,0,Off,0,0,,76,Auckland,Nil,0,0,0,0,0,0,Urban,0,0,1,Heavy rain,Null
1746240,5917672,7450,,510700,0,,0,1,,South,2009/2010,DUNCAN AVENUE,MATUHI RISE,,Non-Injury Crash,No,2009,,South,,0,,Flat,,,,,,Dark,240304,0,0,0,2,,,0,,,,,,Auckland Region,Nil,2-way,Sealed,,0,0,,50,,On,0,0,,76,Auckland,Nil,,,,,0,0,Urban,1,,,Fine,Null
1868298,5815474,7451,,536620,0,0,0,1,0,North,2008/2009,PORIPORI ROAD,KUMIKUMI ROAD,,Non-Injury Crash,No,2009,0,North,0,0,0,Hill Road,0,,0,,1,Overcast,1189703,0,0,0,2,0,0,0,0,0,,0,0,Bay of Plenty Region,Nil,2-way,Sealed,0,0,0,0,100,0,None,0,0,,22,Western Bay of Plenty District,Nil,0,1,0,0,0,0,Open,0,0,0,Light rain,Null
1754453,5915142,7452,,518802,0,,0,2,,Null,2009/2010,MOUNT ALBERT ROAD,SANDRINGHAM ROAD,,Non-Injury Crash,No,2009,,West,,0,,Flat,,,,,,Dark,577300,0,0,0,4,,,0,,,,,,Auckland Region,Nil,2-way,Sealed,,0,0,,50,,On,0,0,,76,Auckland,Traffic Signals,,,,,0,0,Urban,0,,,Fine,Null
1748370,5913966,7453,,511700,0,,0,3,,East,2009/2010,GREAT NORTH ROAD,AOTEA ROAD,,Non-Injury Crash,No,2009,,West,,0,,Flat,,,,,,Bright sun,270202,0,0,0,4,,,0,,,,,,Auckland Region,Nil,2-way,Sealed,,0,0,,50,,Off,0,0,,76,Auckland,Traffic Signals,,,,,0,0,Urban,0,,,Fine,Null
1754118,5931401,7454,,508805,0,,0,2,,Null,2009/2010,CONSTELLATION DRIVE,UPPER HWY OFF SBD,,Non-Injury Crash,No,2009,,East,,0,,Flat,,,,,,Dark,180813,0,0,0,5,,,0,,,,,,Auckland Region,Motorway ramp,2-way,Sealed,,0,0,,50,,On,0,0,,76,Auckland,Traffic Signals,,,,,0,0,Urban,0,,,Fine,Null
1757774,5927158,7455,,508010,0,0,0,3,0,Null,2008/2009,ANZAC ST,AUBURN ST,,Non-Injury Crash,No,2009,0,East,0,0,0,Flat,0,,0,,0,Bright sun,327500,0,0,0,4,0,0,0,0,0,,0,0,Auckland Region,Nil,2-way,Sealed,0,0,0,0,50,0,Null,0,0,,76,Auckland,Traffic Signals,0,0,0,0,0,0,Urban,0,1,0,Fine,Null
1765110,5909932,7456,,521802,0,,0,2,,South,2008/2009,SH 1N,OTAHUHU OFF NBD,,Non-Injury Crash,Yes,2009,,North,,0,,Flat,,,,,,Overcast,788201,0,0,0,2,,,0,,,,,,Auckland Region,Nil,1-way,Sealed,,0,0,,100,,Off,0,0,,76,Auckland,Nil,,,,,0,0,Open,0,,,Fine,Null
1759273,5435969,7457,,569100,0,,0,2,,Null,2008/2009,HIGH ST,QUEENS DRIVE,,Non-Injury Crash,No,2009,,North,,0,,Flat,,,,,,Dark,1967300,0,0,0,3,,,0,,,,,,Wellington Region,Nil,2-way,Sealed,,0,0,,50,,On,0,0,,46,Lower Hutt City,Give way,,,,,0,0,Urban,0,,,Fine,Null
1681955,5402899,7458,,580432,0,0,0,1,0,North,2008/2009,SH 1S,ALABAMA ROAD,,Non-Injury Crash,Yes,2009,0,North,0,0,1,Flat,0,,0,,0,Overcast,2291700,0,0,0,2,0,0,0,0,0,,0,0,Marlborough Region,Nil,2-way,Sealed,0,0,0,0,80,0,Null,0,0,,53,Marlborough District,Nil,0,0,0,1,0,0,Open,0,0,0,Fine,Null
1755285,5927524,7459,,508620,0,,0,2,,Null,2008/2009,SUNNYBRAE ROAD,RAEBEN AVENUE,,Non-Injury Crash,No,2009,,South,,0,,Hill Road,,,,,,Overcast,202600,0,0,0,2,,,0,,,,,,Auckland Region,Nil,2-way,Sealed,,0,0,,50,,Null,0,0,,76,Auckland,Nil,,,,,0,0,Urban,0,,,Fine,Null
1757762,5918214,7460,,515700,0,,0,2,,South,2009/2010,SH 1N,MOUNTAIN OBR,,Non-Injury Crash,Yes,2009,,North,,0,,Flat,,,,,,Overcast,443600,0,0,0,4,,,0,,,,,,Auckland Region,Nil,1-way,Sealed,,0,0,,80,,Off,0,0,,76,Auckland,Nil,,,,,0,0,Open,0,,,Fine,Null
1730488,6016765,7461,,501816,0,,0,1,,East,2009/2010,COVE ROAD,SOUTH ROAD,,Non-Injury Crash,No,2009,,West,,0,,Flat,,,,,,Overcast,80800,0,0,0,2,,,0,,,,,,Northland Region,Nil,2-way,Sealed,,0,0,,50,,Off,0,0,,2,Whangarei District,Nil,,,,,0,0,Urban,1,,,Fine,Null
1765553,5906989,7462,,522301,0,,0,2,,Null,2009/2010,GREAT SOUTH ROAD,EAST TAMAKI ROAD,,Non-Injury Crash,No,2009,,North,,0,,Flat,,,,,,Bright sun,666200,0,0,0,3,,,0,,,,,,Auckland Region,Nil,2-way,Sealed,,0,0,,50,,Off,0,0,,76,Auckland,Traffic Signals,,,,,0,0,Urban,0,,,Fine,Null
1747720,5919453,7463,,512300,0,,0,0,,East,2008/2009,SH 16,TE ATATU OBR,,Non-Injury Crash,Yes,2009,,East,,0,,Flat,,,,,,Bright sun,252000,0,0,0,3,,,0,,,,,,,Nil,1-way,Sealed,,0,0,,100,,Null,1,0,,76,Auckland,Unknown,,,,,0,0,Open,0,,,Fine,Null
1930889,5606405,7464,,547600,0,0,0,2,0,East,2008/2009,WILLIAMS ST,GLENHOPE ST,,Non-Injury Crash,No,2009,0,West,0,0,0,Flat,0,,0,,0,Bright sun,1484000,0,0,0,2,0,0,0,0,1,,0,0,Hawke's Bay Region,Nil,2-way,Sealed,0,0,0,0,50,0,Null,0,0,,30,Hastings District,Nil,0,0,0,0,0,0,Urban,0,0,0,Fine,Null
1933111,5618230,7465,,547100,0,0,0,1,0,Null,2008/2009,TAIT DRIVE,CURRIE ST,,Non-Injury Crash,No,2009,0,East,0,0,0,Flat,0,,0,,0,Dark,1455019,0,0,0,2,0,0,0,0,0,,0,0,Hawke's Bay Region,Nil,2-way,Sealed,0,0,0,0,50,0,On,0,0,,31,Napier City,Nil,0,0,0,1,0,0,Urban,0,0,0,Fine,Null
1761076,5457622,7466,,565700,0,,0,2,,North,2008/2009,SH 1N,PA ROAD,,Non-Injury Crash,Yes,2009,,South,,0,,Flat,,Christmas New Year,,,,Bright sun,2072101,0,0,0,2,,,0,,,,,,Wellington Region,Nil,2-way,Sealed,,0,0,,80,,Null,1,0,,44,Porirua City,Nil,,,,,0,0,Open,0,,,Fine,Null
1792901,5807227,7467,,527914,0,0,0,1,1,North,2008/2009,SH 39,FINLAYSON ROAD,,Non-Injury Crash,Yes,2009,0,North,0,0,0,Flat,0,,0,,0,Dark,980400,0,0,0,2,0,0,0,0,0,,0,0,Waikato Region,Nil,2-way,Sealed,0,0,0,0,100,0,None,0,0,,17,Waipa District,Unknown,0,0,0,0,0,0,Open,0,0,0,Mist or Fog,Null
1813260,5517157,7468,,563801,0,0,0,0,0,North,2009/2010,SH 57,TAWA ST,,Serious Crash,Yes,2009,0,North,1,0,0,Flat,0,,0,,0,Twilight,1853203,0,0,1,2,0,0,0,0,0,,0,0,Manawatū-Whanganui Region,Nil,2-way,Sealed,0,0,1,0,100,0,None,0,0,,42,Horowhenua District,Nil,0,0,0,0,0,0,Open,0,0,0,Fine,Null
1749956,5946079,7469,,506001,0,,0,1,,Null,2009/2010,HIBISCUS COAST HIGHWAY,TAVERN ROAD,,Non-Injury Crash,No,2009,,South,,0,,Hill Road,,,,,,Bright sun,175501,0,0,0,4,,,0,,,,,,Auckland Region,Nil,2-way,Sealed,,0,0,,80,,Off,0,0,,76,Auckland,Stop,,,,,1,0,Open,0,,,Fine,Null
1766277,5899749,7470,,524822,0,,0,2,,West,2009/2010,PALMERS ROAD,WEYMOUTH ROAD,,Non-Injury Crash,No,2009,,East,,0,,Flat,,,,,,Overcast,774431,0,0,0,2,,,0,,,,,,Auckland Region,Nil,2-way,Sealed,,0,0,,50,,Off,0,0,,76,Auckland,Give way,,,,,0,0,Urban,0,,,Light rain,Null
1750966,5913722,7471,,514600,0,0,0,2,0,South,2009/2010,TAYLOR ST,WOLVERTON ST,,Non-Injury Crash,No,2009,0,North,0,0,0,Flat,0,,0,,0,Twilight,372101,0,0,0,2,0,0,0,0,1,,0,0,Auckland Region,Nil,2-way,Sealed,0,0,0,0,50,0,On,0,0,,76,Auckland,Nil,0,0,0,0,0,0,Urban,0,0,0,Light rain,Null
1761420,5914328,7472,,520202,0,,0,1,,Null,2009/2010,PENROSE OFF SBD,PENROSE INT,,Non-Injury Crash,Yes,2009,,South,,0,,Flat,,,,,,Overcast,612501,0,0,0,2,,,0,,,,,,Auckland Region,Motorway ramp,1-way,Sealed,,0,0,,50,,Off,0,0,,76,Auckland,Give way,,,,,0,0,Urban,1,,,Light rain,Null
1766354,5912930,7473,,522920,0,0,0,1,0,South,2009/2010,DALE CRESCENT,PALM AVENUE,,Non-Injury Crash,No,2009,0,South,0,0,0,Flat,0,,0,,0,Bright sun,683900,0,0,0,2,0,0,0,0,0,,0,1,Auckland Region,Nil,2-way,Sealed,0,0,0,0,50,0,Off,0,0,,76,Auckland,Nil,0,0,0,0,0,0,Urban,0,0,0,Fine,Null
1761225,5916666,7474,,516003,0,0,0,0,0,Null,2009/2010,LADIES MILE,REMUERA ROAD,,Non-Injury Crash,No,2009,0,East,0,0,0,Flat,0,,0,,0,Overcast,495900,0,0,0,3,0,0,0,0,0,,0,1,Auckland Region,Nil,2-way,Sealed,0,0,0,0,50,0,Off,1,0,,76,Auckland,Traffic Signals,0,0,0,0,0,0,Urban,0,0,0,Light rain,Null
1766069,5907296,7475,,522302,0,,0,3,,Null,2008/2009,EAST TAMAKI ROAD,HUIA ROAD,,Non-Injury Crash,No,2009,,East,,0,,Flat,,,,,,Dark,667700,0,0,0,4,,,0,,,,,,Auckland Region,Nil,2-way,Sealed,,0,0,,50,,On,0,0,,76,Auckland,Traffic Signals,,,,,0,0,Urban,0,,,Heavy rain,Null
1768003,5904311,7476,,524602,0,,0,4,,South,2008/2009,SH 1N,TE IRIRANGI OBR,,Non-Injury Crash,Yes,2009,,North,,0,,Flat,,,,,,Overcast,780501,0,0,0,3,,,0,,,,,,Auckland Region,Nil,1-way,Sealed,,0,0,,100,,Off,0,0,,76,Auckland,Nil,,,,,0,0,Open,0,,,Light rain,Null
1246286,4850716,7477,,609914,0,0,0,0,0,East,2008/2009,SH 1S,ROCKDALE ROAD,,Serious Crash,Yes,2009,0,West,0,0,0,Flat,0,Queens Birthday,0,,0,Dark,3091900,1,0,0,2,0,0,0,0,0,,0,1,Southland Region,Nil,2-way,Sealed,0,0,1,0,80,0,On,0,0,,75,Invercargill City,Unknown,0,0,0,0,0,0,Open,1,0,0,Fine,Null