X,Y,OBJECTID,advisorySpeed,areaUnitID,bicycle,bridge,bus,carStationWagon,cliffBank,crashDirectionDescription,crashFinancialYear,crashLocation1,crashLocation2,crashRoadSideRoad,crashSeverity,crashSHDescription,crashYear,debris,directionRoleDescription,ditch,fatalCount,fence,flatHill,guardRail,holiday,houseOrBuilding,intersection,kerb,light,meshblockId,minorInjuryCount,moped,motorcycle,NumberOfLanes,objectThrownOrDropped,otherObject,otherVehicleType,overBank,parkedVehicle,pedestrian,phoneBoxEtc,postOrPole,region,roadCharacter,roadLane,roadSurface,roadworks,schoolBus,seriousInjuryCount,slipOrFlood,speedLimit,strayAnimal,streetLight,suv,taxi,temporarySpeedLimit,tlaId,tlaName,trafficControl,trafficIsland,trafficSign,train,tree,truck,unknownVehicleType,urban,vanOrUtility,vehicle,waterRiver,weatherA,weatherB
1754254,5918542,7478,,515431,0,,0,2,,Null,2009/2010,GREAT NORTH ROAD,BULLOCK TRACK,,Non-Injury Crash,No,2009,,South,,0,,Flat,,,,,,Overcast,405000,0,0,0,2,,,0,,,,,,Auckland Region,Nil,2-way,Sealed,,0,0,,50,,Null,0,0,,76,Auckland,Give way,,,,,0,0,Urban,0,,,Light rain,Null
1719572,6045573,7479,,503100,0,,0,1,,Null,2009/2010,WALTON ST,CAMERON ST,,Non-Injury Crash,No,2009,,East,,0,,Flat,,,,,,Overcast,99904,0,0,0,4,,,0,,,,,,Northland Region,Nil,2-way,Sealed,,0,0,,50,,Off,1,0,,2,Whangarei District,Traffic Signals,,,,,0,0,Urban,0,,,Fine,Null
1755638,5919158,7480,,515420,0,0,0,1,0,South,2009/2010,SUSSEX ST,WILLIAMSON AVENUE,,Non-Injury Crash,No,2009,0,North,0,0,0,Flat,0,,0,,0,Overcast,410500,0,0,0,1,0,0,0,0,1,,0,0,Auckland Region,Nil,2-way,Sealed,0,0,0,0,50,0,Off,0,0,,76,Auckland,Nil,0,0,0,0,1,0,Urban,0,0,0,Fine,Null
1797833,5790661,7481,,527922,0,0,0,1,0,East,2009/2010,FRONTIER ROAD,PAPESCH ROAD,,Non-Injury Crash,No,2009,0,West,0,0,1,Flat,0,,0,,0,Dark,982901,0,0,0,2,0,0,0,0,0,,0,0,Waikato Region,Nil,2-way,Sealed,0,0,0,0,100,0,None,0,0,,17,Waipa District,Unknown,0,0,0,0,0,0,Open,0,0,0,Light rain,Null
1756064,5921057,7482,,515202,0,,0,3,,South,2009/2010,SH 1N,FANSHAWE OFF SBD,,Non-Injury Crash,Yes,2009,,South,,0,,Flat,,,,,,Bright sun,425600,0,0,0,2,,,0,,,,,,Auckland Region,Nil,1-way,Sealed,,0,0,,80,,Off,0,0,,76,Auckland,Nil,,,,,0,0,Open,0,,,Fine,Null
1767228,5888089,7483,,521122,0,,0,2,,Null,2008/2009,SH 22,GLENBROOK ROAD,,Non-Injury Crash,Yes,2009,,North,,0,,Flat,,,,,,Dark,812800,0,0,0,2,,,0,,,,,,Auckland Region,Nil,2-way,Sealed,,0,0,,100,,On,0,0,,76,Auckland,Give way,,,,,0,0,Open,0,,,Light rain,Null
1759882,5915763,7484,,516002,0,,0,2,,Null,2009/2010,GREEN LANE INT,GREEN LANE EAST,,Non-Injury Crash,No,2009,,West,,0,,Flat,,,,,,Bright sun,494100,0,0,0,2,,,0,,,,,,Auckland Region,Nil,2-way,Sealed,,0,0,,50,,Off,0,0,,76,Auckland,Give way,,,,,0,0,Urban,0,,,Fine,Null
1762955,5907755,7485,,524301,0,0,0,1,0,Null,2009/2010,MASSEY ROAD,TENNESSEE AVENUE,,Non-Injury Crash,No,2009,0,South,0,0,1,Flat,0,,0,,0,Dark,747401,0,0,0,2,0,0,0,0,0,,0,0,Auckland Region,Nil,2-way,Sealed,0,0,0,0,50,0,On,0,0,,76,Auckland,Give way,0,0,0,0,0,0,Urban,0,0,0,Fine,Null
1719691,6045924,7486,,503100,0,,0,2,,Null,2009/2010,DENT ST,RIVERSIDE DRIVE,,Non-Injury Crash,No,2009,,North,,0,,Flat,,Labour Weekend,,,,Overcast,99903,0,0,0,3,,,0,,,,,,Northland Region,Nil,2-way,Sealed,,0,0,,50,,Off,0,0,,2,Whangarei District,Traffic Signals,,,,,0,0,Urban,0,,,Light rain,Null
1716693,6020334,7487,,505010,0,,0,1,,South,2008/2009,PAPAROA OAKLEIGH ROAD,REID ROAD,,Non-Injury Crash,No,2009,,South,,0,,Flat,,,,,,Dark,129900,0,0,0,2,,,0,,,,,,Northland Region,Nil,2-way,Sealed,,0,0,,100,,None,0,0,,3,Kaipara District,Unknown,,,,,0,0,Open,0,,,Fine,Null
1751198,5915037,7488,,514402,0,,0,2,,Null,2009/2010,GREAT NORTH ROAD,ST JUDE ST,,Non-Injury Crash,No,2009,,South,,0,,Flat,,,,,,Dark,381000,0,0,0,2,,,0,,,,,,Auckland Region,Nil,2-way,Sealed,,0,0,,50,,On,0,0,,76,Auckland,Give way,,,,,0,0,Urban,0,,,Fine,Null
1683777,6101482,7489,,500900,0,0,0,1,0,South,2008/2009,SH 10,PUKETOTARA ROAD,,Non-Injury Crash,Yes,2009,0,South,1,0,1,Flat,0,,0,,0,Bright sun,44610,0,0,0,2,0,0,0,0,0,,0,0,Northland Region,Nil,2-way,Sealed,0,0,0,0,100,0,Off,0,0,,1,Far North District,Nil,0,0,0,0,0,0,Open,0,0,0,Fine,Null
1757232,5921006,7490,,514101,0,,0,2,,Null,2008/2009,LOWER HOBSON ST,CUSTOMS ST WEST,,Non-Injury Crash,No,2009,,North,,0,,Flat,,,,,,Dark,433001,0,0,0,4,,,0,,,,,,Auckland Region,Nil,2-way,Sealed,,0,0,,50,,On,0,0,,76,Auckland,Traffic Signals,,,,,0,0,Urban,0,,,Light rain,Null
1768148,5907750,7491,,523711,0,,0,2,,Null,2009/2010,PRESTON ROAD,ORMISTON ROAD,,Non-Injury Crash,No,2009,,North,,0,,Flat,,,,,,Dark,713600,0,0,0,3,,,0,,,,,,Auckland Region,Nil,2-way,Sealed,,0,0,,50,,On,0,0,,76,Auckland,Traffic Signals,,,,,0,0,Urban,0,,,Fine,Null
1769311,5901212,7492,,524901,0,,0,1,,North,2008/2009,CLAUDE ROAD,HALVER ROAD,,Non-Injury Crash,No,2009,,West,,0,,Flat,,,,,,Dark,757200,0,0,0,2,,,0,,,,,,Auckland Region,Nil,2-way,Sealed,,0,0,,50,,On,0,0,,76,Auckland,Give way,,,,,0,0,Urban,1,,,Light rain,Null
1764079,5918758,7493,,516601,0,0,0,1,0,North,2009/2010,KOHIMARAMA ROAD,ALLUM ST,,Non-Injury Crash,No,2009,0,South,0,0,1,Flat,0,,0,,0,Bright sun,506400,0,0,0,2,0,0,0,0,0,,0,0,Auckland Region,Nil,2-way,Sealed,0,0,0,0,50,0,Off,0,0,,76,Auckland,Nil,0,0,0,0,0,0,Urban,0,0,0,Fine,Null
1818002,5543863,7494,,560720,0,,0,2,,Null,2008/2009,KIMBOLTON ROAD,WARWICK ST,,Non-Injury Crash,No,2009,,West,,0,,Flat,,,,,,Dark,1765800,0,0,0,2,,,0,,,,,,Manawatū-Whanganui Region,Nil,2-way,Sealed,,0,0,,50,,On,0,0,,39,Manawatu District,Give way,,,,,0,0,Urban,0,,,Light rain,Strong wind
1869846,5711291,7495,75,541740,0,0,0,1,1,East,2008/2009,NAPIER ROAD,KIDDLE DRIVE,,Non-Injury Crash,No,2009,0,West,0,0,0,Hill Road,0,,0,,0,Dark,1267705,0,0,0,2,0,0,0,0,0,,0,0,Waikato Region,Nil,2-way,Sealed,0,0,0,0,100,0,None,0,0,,21,Taupo District,Unknown,0,0,0,0,0,0,Open,0,0,0,Fine,Null
1693792,5676260,7496,,552002,0,,0,2,,Null,2008/2009,SH 3,LEMON ST,,Non-Injury Crash,Yes,2009,,North,,0,,Flat,,,,,,Overcast,1594900,0,0,0,2,,,0,,,,,,Taranaki Region,Nil,2-way,Sealed,,0,0,,50,,Null,0,0,,33,New Plymouth District,Stop,,,,,0,0,Urban,0,,,Light rain,Null
1767740,5903135,7497,,524602,0,0,0,1,0,West,2009/2010,KERRS ROAD,INVERELL AVENUE,,Non-Injury Crash,No,2009,0,West,0,0,0,Flat,0,,0,,0,Overcast,780407,0,0,0,2,0,0,0,0,0,,0,0,Auckland Region,Bridge,2-way,Sealed,1,0,0,0,70,0,Off,0,0,,76,Auckland,Nil,0,0,0,0,0,0,Urban,0,0,0,Fine,Null
1920432,5804808,7498,,542530,0,,0,1,,West,2009/2010,SH 2,HAUONE ROAD,,Non-Injury Crash,Yes,2009,,East,,0,,Flat,,,,,,Bright sun,1325300,0,0,0,2,,,0,,,,,,Bay of Plenty Region,Nil,2-way,Sealed,,0,0,,100,,Null,1,0,,25,Whakatane District,Traffic Signals,,,,,0,0,Open,0,,,Fine,Null
1754296,5935979,7499,,508704,0,,0,2,,West,2009/2010,OTEHA VALLEY ROAD,EAST COAST ROAD,,Non-Injury Crash,No,2009,,East,,0,,Hill Road,,,,,,Dark,178602,0,0,0,5,,,0,,,,,,Auckland Region,Nil,2-way,Sealed,,0,0,,50,,On,0,0,,76,Auckland,Nil,,,,,0,0,Urban,0,,,Light rain,Null
1751696,5935765,7500,,506300,0,,0,1,,East,2009/2010,LONELY TRACK ROAD,GILLS ROAD,,Non-Injury Crash,No,2009,,East,,0,,Hill Road,,,,,,Dark,176101,0,0,0,2,,,0,,,,,,Auckland Region,Nil,2-way,Sealed,,0,0,,70,,None,0,0,,76,Auckland,Unknown,,,,,0,0,Urban,0,,,Fine,Null
1747272,5921314,7501,,512300,0,0,0,1,0,South,2009/2010,TE ATATU ROAD,TAIKATA ROAD,,Non-Injury Crash,No,2009,0,South,0,0,0,Flat,0,,0,,0,Bright sun,250101,0,0,0,2,0,0,0,0,2,,0,0,Auckland Region,Nil,2-way,Sealed,0,0,0,0,50,0,Off,1,0,,76,Auckland,Nil,0,0,0,0,0,0,Urban,1,0,0,Fine,Null
1948726,5791081,7502,,542422,0,,0,1,,East,2009/2010,JAMES ST,HORROCKS AVENUE,,Non-Injury Crash,No,2009,,West,,0,,Flat,,,,,,Overcast,1312900,0,0,0,2,,,0,,,1,,,Bay of Plenty Region,Nil,2-way,Sealed,,0,0,,50,,Null,0,0,,25,Whakatane District,Unknown,,,,,0,0,Urban,0,,,Fine,Null
1769117,5889408,7503,,521122,0,,0,2,,Null,2008/2009,SH 22,BLACKBRIDGE ROAD,,Non-Injury Crash,Yes,2009,,West,,0,,Flat,,,,,,Overcast,810000,0,0,0,2,,,0,,,,,,Auckland Region,Nil,2-way,Sealed,,0,0,,100,,None,0,0,,76,Auckland,Give way,,,,,0,0,Open,0,,,Fine,Null
1749024,5426276,7504,,573300,0,0,1,2,0,East,2008/2009,SH 1N,ADELAIDE ROAD,,Non-Injury Crash,Yes,2009,0,West,0,0,0,Flat,0,,0,,0,Bright sun,2145602,0,0,0,2,0,0,0,0,1,,0,0,Wellington Region,Nil,2-way,Sealed,0,0,0,0,50,0,Null,0,0,,47,Wellington City,Nil,0,0,0,0,0,0,Urban,0,0,0,Fine,Strong wind
1920848,5781814,7505,,542540,0,0,0,1,0,West,2008/2009,SH 30,SH 34,,Non-Injury Crash,Yes,2009,0,West,0,0,0,Hill Road,0,,0,,0,Dark,1326002,0,0,0,2,0,0,0,1,0,,0,0,Bay of Plenty Region,Nil,2-way,Sealed,0,0,0,0,100,0,None,0,0,,25,Whakatane District,Unknown,0,0,0,0,0,0,Open,0,0,0,Heavy rain,Null
1744457,5921674,7506,,513631,0,,0,1,,West,2009/2010,LINCOLN PARK AVENUE,TRIANGLE ROAD,,Non-Injury Crash,No,2009,,East,,0,,Flat,,,,,,Bright sun,227403,0,0,0,2,,,0,,,,,,Auckland Region,Nil,2-way,Sealed,,0,0,,50,,Null,0,0,,76,Auckland,Nil,,,,,0,0,Urban,1,,,Fine,Null
1719552,6047611,7507,,502700,0,,0,1,,Null,2009/2010,KAMO ROAD,NIXON ST,,Non-Injury Crash,No,2009,,West,,0,,Flat,,,,,,Bright sun,91400,0,0,0,2,,,0,,,,,,Northland Region,Nil,2-way,Sealed,,0,0,,50,,Off,0,0,,2,Whangarei District,Traffic Signals,,,,,0,0,Urban,1,,,Fine,Null
1743664,5919392,7508,,513212,0,,0,2,,North,2008/2009,DON BUCK ROAD,SWANSON ROAD,,Non-Injury Crash,No,2009,,North,,0,,Flat,,,,,,Overcast,235711,0,0,0,4,,,0,,,,,,Auckland Region,Nil,2-way,Sealed,,0,0,,50,,Null,0,0,,76,Auckland,Give way,,,,,0,0,Urban,0,,,Fine,Null
1766904,5907645,7509,,523602,0,0,0,1,0,Null,2009/2010,EAST TAMAKI ROAD,BAIRDS ROAD,,Non-Injury Crash,No,2009,0,West,0,0,0,Flat,0,,0,,0,Bright sun,709300,0,0,0,4,0,0,0,0,0,,0,0,Auckland Region,Nil,2-way,Sealed,0,0,0,0,50,0,Off,0,0,,76,Auckland,Traffic Signals,1,0,0,0,0,0,Urban,1,0,0,Fine,Null
1556195,5167574,7510,,597200,0,0,0,1,0,West,2008/2009,ELLESMERE JUNCTION ROAD,WEEDONS ROAD,,Non-Injury Crash,No,2009,0,West,0,0,1,Flat,0,,0,,0,Bright sun,2720300,0,0,0,2,0,0,0,0,0,,0,0,Canterbury Region,Nil,2-way,Sealed,0,0,0,0,100,0,Null,0,0,,62,Selwyn District,Unknown,0,0,0,0,0,0,Open,0,0,0,Fine,Null
1943749,5794329,7511,55,542530,0,0,0,1,0,West,2009/2010,THORNTON ROAD,POWDRELL ROAD,,Non-Injury Crash,No,2009,0,East,0,0,0,Flat,0,,0,,0,Dark,1299700,0,0,0,2,0,0,0,1,0,,0,0,Bay of Plenty Region,Nil,2-way,Sealed,0,0,0,0,100,0,None,0,0,,25,Whakatane District,Unknown,0,0,0,0,0,0,Open,0,0,1,Heavy rain,Null
1769152,5901752,7512,,524901,0,0,0,1,0,South,2008/2009,DENNIS AVENUE,FRANK PLACE,,Non-Injury Crash,No,2009,0,North,0,0,1,Flat,0,Queens Birthday,0,,0,Dark,756400,0,0,0,2,0,0,0,0,0,,0,0,Auckland Region,Nil,2-way,Sealed,0,0,0,0,50,0,On,0,0,,76,Auckland,Nil,0,0,0,0,0,0,Urban,0,0,0,Light rain,Null
1857192,5836566,7513,,536615,0,,0,2,,Null,2008/2009,SH 2,HOT SPRINGS ROAD,,Non-Injury Crash,Yes,2009,,South,,0,,Flat,,,,,,Bright sun,1185000,0,0,0,2,,,0,,,,,,Bay of Plenty Region,Nil,2-way,Sealed,,0,0,,100,,Null,0,0,,22,Western Bay of Plenty District,Stop,,,,,0,0,Open,0,,,Fine,Null
1882208,5827738,7514,,536821,0,,0,1,,Null,2008/2009,MAUNGANUI ROAD,TWEED ST,,Non-Injury Crash,No,2009,,South,,0,,Flat,,,,,,Bright sun,1203600,0,0,0,2,,,0,,,,,,Bay of Plenty Region,Nil,2-way,Sealed,,0,0,,50,,Null,1,0,,23,Tauranga City,Give way,,,,,0,0,Urban,0,,,Fine,Null
1779045,5914125,7515,,523202,0,0,0,1,0,South,2009/2010,WHITFORD-MARAETAI ROAD,OKARORO DRIVE,,Non-Injury Crash,No,2009,0,South,0,0,0,Hill Road,0,,0,,0,Dark,762501,0,0,0,2,0,0,0,0,0,,0,0,Auckland Region,Nil,2-way,Sealed,0,0,0,0,80,0,None,0,0,,76,Auckland,Nil,0,0,0,1,0,0,Open,0,0,0,Light rain,Null
1800841,5814733,7516,,529100,0,,0,1,,Null,2008/2009,THACKERAY ST,PEMBROKE ST,,Non-Injury Crash,No,2009,,East,,0,,Flat,,,,,,Bright sun,931100,0,0,0,3,,,0,,,,,,Waikato Region,Nil,2-way,Sealed,,0,0,,50,,Null,1,0,,16,Hamilton City,Give way,,,,,0,0,Urban,0,,,Fine,Null
1822935,5462552,7517,,578600,0,,0,1,,Null,2008/2009,QUEEN ST,CRAYNE ST,,Non-Injury Crash,No,2009,,South,,0,,Flat,,,,,,Dark,2243300,0,0,0,2,,,0,,,,,,Wellington Region,Nil,2-way,Sealed,,0,0,,50,,On,0,1,,48,Masterton District,Give way,,,,,0,0,Urban,1,,,Light rain,Strong wind
1936844,5621734,7518,,546802,0,0,0,1,0,West,2009/2010,SHAKESPEARE ROAD,BREWSTER ST,,Non-Injury Crash,No,2009,0,West,0,0,0,Hill Road,0,,0,,0,Dark,1423000,0,0,0,2,0,0,0,0,1,,0,0,Hawke's Bay Region,Nil,2-way,Sealed,0,0,0,0,50,0,On,0,0,,31,Napier City,Nil,0,0,0,0,0,0,Urban,1,0,0,Light rain,Null
1756910,5920155,7519,,514102,0,,0,2,,South,2009/2010,HOBSON ST,WELLESLEY ST WEST,,Non-Injury Crash,No,2009,,South,,0,,Flat,,,,,,Dark,434200,0,0,0,5,,,0,,,,,,Auckland Region,Nil,1-way,Sealed,,0,0,,50,,On,0,0,,76,Auckland,Nil,,,,,0,0,Urban,0,,,Fine,Null
1791020,5446327,7520,25,579803,0,0,0,0,0,West,2008/2009,SH 2,TWIN BR,,Non-Injury Crash,Yes,2009,0,East,0,0,0,Hill Road,1,,0,,0,Overcast,2271902,0,0,0,2,0,0,0,0,0,,0,0,Wellington Region,Nil,2-way,Sealed,0,0,0,0,100,0,Null,1,0,,50,South Wairarapa District,Nil,0,0,0,0,0,0,Open,0,0,0,Light rain,Null
1878559,5822970,7521,,538201,1,,0,1,,North,2008/2009,CAMERON ROAD,ELEVENTH AVENUE,,Non-Injury Crash,No,2009,,South,,0,,Flat,,,,,,Bright sun,1166600,0,0,0,5,,,0,,,,,,Bay of Plenty Region,Nil,2-way,Sealed,,0,0,,50,,Null,0,0,,23,Tauranga City,Unknown,,,,,0,0,Urban,0,,,Fine,Null
1729418,5931124,7522,,506652,0,0,0,1,0,West,2008/2009,SH 16,MCPIKE ROAD,,Non-Injury Crash,Yes,2009,0,South,0,0,0,Flat,0,,0,,0,Dark,218101,0,0,0,2,0,0,0,0,0,,0,0,Auckland Region,Nil,2-way,Sealed,0,0,0,0,100,0,None,0,0,,76,Auckland,Unknown,0,0,0,1,0,0,Open,0,0,0,Light rain,Null
1797123,5817562,7523,,528406,0,0,0,1,0,East,2009/2010,SH 1N,CRAWFORD ST,,Non-Injury Crash,Yes,2009,0,West,0,0,0,Flat,0,,0,,0,Dark,907601,0,0,0,2,0,0,0,0,0,,0,1,Waikato Region,Nil,2-way,Sealed,0,0,0,0,80,0,On,0,0,,16,Hamilton City,Nil,0,1,0,0,0,0,Open,0,0,0,Fine,Null
1751570,5914190,7524,,514402,0,,1,0,,West,2009/2010,WOLVERTON ST,BLOCKHOUSE BAY ROAD,,Non-Injury Crash,No,2009,,East,,0,,Hill Road,,,,,,Bright sun,379402,0,0,0,4,,,0,,,,,,Auckland Region,Nil,2-way,Sealed,,0,0,,50,,Null,0,0,,76,Auckland,Unknown,,,,,1,0,Urban,0,,,Fine,Null
1772732,5892899,7525,,521301,0,0,0,1,0,North,2009/2010,SH 1N,KARAKA OBR,,Non-Injury Crash,Yes,2009,0,South,0,0,0,Flat,0,,0,,0,Bright sun,808608,0,0,0,2,0,0,0,0,0,,0,0,Auckland Region,Nil,1-way,Sealed,0,0,0,0,100,0,Off,0,0,,76,Auckland,Nil,0,0,0,1,0,0,Open,0,0,0,Fine,Null
1404552,4917658,7526,,604020,0,,0,2,,Null,2008/2009,KAIKORAI VALLEY ROAD,GREENOCK ST,,Non-Injury Crash,No,2009,,East,,0,,Hill Road,,,,,,Overcast,2908000,0,0,0,2,,,0,,,,,,Otago Region,Nil,2-way,Sealed,,0,0,,50,,Null,0,0,,71,Dunedin City,Give way,,,,,0,0,Urban,0,,,Fine,Null
1753828,5918357,7527,,515002,0,,0,2,,West,2009/2010,GREAT NORTH ROAD,ST LUKES ROAD,,Non-Injury Crash,No,2009,,East,,0,,Flat,,,,,,Bright sun,390501,0,0,0,4,,,0,,,,,,Auckland Region,Nil,2-way,Sealed,,0,0,,50,,Off,0,0,,76,Auckland,Traffic Signals,,,,,0,0,Urban,0,,,Fine,Null
1811042,5792574,7528,,527934,0,0,0,1,0,North,2009/2010,CAMBRIDGE ROAD,STOREY ROAD,,Non-Injury Crash,No,2009,0,South,1,0,0,Flat,0,,0,,0,Dark,986700,0,0,0,2,0,0,0,0,0,,0,0,Waikato Region,Nil,2-way,Sealed,0,0,0,0,100,0,None,0,0,,17,Waipa District,Unknown,0,0,0,0,0,0,Open,0,0,0,Fine,Null
1677492,6096078,7529,55,501633,0,0,0,1,0,West,2009/2010,WIROA ROAD,LODORE ROAD,,Non-Injury Crash,No,2009,0,West,1,0,0,Hill Road,0,,0,,0,Overcast,33800,0,0,0,2,0,0,0,0,0,,0,0,Northland Region,Nil,2-way,Sealed,0,0,0,0,80,0,None,0,0,,1,Far North District,Nil,0,0,0,0,0,0,Open,0,0,0,Light rain,Null
1754901,5936360,7530,,506902,0,0,0,1,0,East,2009/2010,CRANSTON ST,FOLEY PLACE,,Non-Injury Crash,No,2009,0,North,0,0,1,Hill Road,0,,0,,0,Dark,165811,0,0,0,2,0,0,0,0,0,,0,0,Auckland Region,Nil,2-way,Sealed,0,0,0,0,50,0,On,0,0,,76,Auckland,Nil,0,0,0,0,0,0,Urban,0,0,0,Light rain,Null
1819097,5828075,7531,,534500,0,,0,2,,Null,2008/2009,SH 26,PIAKO ROAD,,Non-Injury Crash,Yes,2009,,North,,0,,Flat,,,,,,Overcast,1090700,0,0,0,3,,,0,,,,,,Waikato Region,Nil,2-way,Sealed,,0,0,,100,,Null,0,0,,15,Matamata-Piako District,Give way,,,,,0,0,Open,0,,,Fine,Null
1749439,5913934,7532,,511302,0,,0,3,,North,2009/2010,RATA ST,GREAT NORTH ROAD,,Non-Injury Crash,No,2009,,West,,0,,Flat,,,,,,Overcast,268800,0,0,0,2,,,0,,,,,,Auckland Region,Nil,2-way,Sealed,,0,0,,50,,Off,0,0,,76,Auckland,Nil,,,,,0,0,Urban,0,,,Light rain,Null
1760599,5908456,7533,,524403,0,0,0,1,0,Null,2009/2010,ROBERTSON ROAD,WAKEFIELD ROAD,,Non-Injury Crash,No,2009,0,South,0,0,1,Flat,0,,0,,0,Dark,729903,0,0,0,2,0,0,0,0,0,,0,0,Auckland Region,Nil,2-way,Sealed,0,0,0,0,50,0,On,0,0,,76,Auckland,Nil,0,0,0,0,0,0,Urban,0,0,0,Light rain,Null
1770636,5443548,7534,,564520,0,,0,1,,South,2009/2010,SOMME ROAD,MESSINES AVENUE,,Non-Injury Crash,No,2009,,East,,0,,Flat,,,,,,Dark,1900500,0,0,0,2,,,0,,,,,,Wellington Region,Nil,2-way,Sealed,,0,0,,50,,Off,0,0,,45,Upper Hutt City,Nil,,,,,0,0,Urban,0,,,Fine,Null
1755021,5434389,7535,,573526,0,,0,2,,West,2009/2010,SH 2,HOROKIWI ROAD,,Non-Injury Crash,Yes,2009,,North,,0,,Flat,,,,,,Dark,2086403,0,0,0,2,,,0,,,,,,Wellington Region,Nil,2-way,Sealed,,0,0,,100,,None,0,0,,47,Wellington City,Nil,,,,,1,0,Open,0,,,Fine,Null
1751497,5949267,7536,,505805,0,,0,1,,Null,2009/2010,CENTREWAY ROAD,RIVERSIDE ROAD,,Non-Injury Crash,No,2009,,South,,0,,Flat,,,,,,Bright sun,172106,0,0,0,2,,,0,,,,,,Auckland Region,Nil,2-way,Sealed,,0,0,,50,,Null,1,0,,76,Auckland,Give way,,,,,0,0,Urban,0,,,Fine,Null
1782003,5927221,7537,,520801,0,,0,1,,West,2008/2009,CORY ROAD,JUNCTION ROAD,,Non-Injury Crash,No,2009,,North,,0,,Flat,,,,,,Dark,515001,0,0,0,2,,,0,,,,,,Auckland Region,Nil,2-way,Sealed,,0,0,,50,,On,0,0,,76,Auckland,Nil,,,,,0,0,Urban,0,,,Light rain,Null
1826373,5869270,7538,,533902,0,0,0,1,0,North,2008/2009,SH 2,WHAREPOA ROAD WEST,,Non-Injury Crash,Yes,2009,0,North,1,0,1,Flat,0,,0,,0,Overcast,1064100,0,0,0,2,0,0,0,0,0,,0,0,Waikato Region,Nil,2-way,Sealed,0,0,0,0,100,0,Null,0,0,,12,Hauraki District,Unknown,0,0,0,0,0,0,Open,0,0,0,Heavy rain,Strong wind
1718966,6045348,7539,,503000,0,,0,2,,Null,2009/2010,MAUNU ROAD,POROWINI AVENUE,,Non-Injury Crash,No,2009,,West,,0,,Flat,,,,,,Twilight,99000,0,0,0,2,,,0,,,,,,Northland Region,Nil,2-way,Sealed,,0,0,,50,,Off,0,0,,2,Whangarei District,Stop,,,,,0,0,Urban,0,,,Fine,Null
1768906,5905871,7540,,523711,0,,0,1,,Null,2008/2009,TE IRIRANGI DRIVE,DAWSON ROAD,,Non-Injury Crash,No,2009,,North,,0,,Flat,,,,,,Overcast,713005,0,0,0,6,,,0,,,,,,Auckland Region,Nil,2-way,Sealed,,0,0,,50,,Off,1,0,,76,Auckland,Traffic Signals,,,,,0,0,Urban,0,,,Light rain,Null
1797659,5814506,7541,,528602,0,,0,1,,East,2008/2009,SH 23,POAKA AVENUE,,Non-Injury Crash,Yes,2009,,East,,0,,Flat,,,,,,Dark,921100,0,0,0,2,,,0,,,,,,Waikato Region,Nil,2-way,Sealed,,0,0,,50,,On,0,0,,16,Hamilton City,Unknown,,,,,0,0,Urban,1,,,Fine,Null
1755285,5921705,7542,,515202,0,,0,3,,South,2009/2010,SH 1N,CURRAN ON NBD,,Non-Injury Crash,Yes,2009,,North,,0,,Flat,,,,,,Overcast,423600,0,0,0,8,,,0,,,,,,Auckland Region,Nil,2-way,Sealed,,0,0,,80,,Off,0,0,,76,Auckland,Nil,,,,,0,0,Open,0,,,Fine,Null
1762414,5916999,7543,,516301,0,,0,2,,West,2009/2010,REMUERA ROAD,LOCH ST,,Non-Injury Crash,No,2009,,West,,0,,Flat,,,,,,Bright sun,458900,0,0,0,4,,,0,,,,,,Auckland Region,Nil,2-way,Sealed,,0,0,,50,,Off,0,0,,76,Auckland,Nil,,,,,0,0,Urban,0,,,Fine,Null
1800806,5873517,7544,,527221,0,,0,4,,West,2009/2010,SH 2,DIMMOCK ROAD,,Non-Injury Crash,Yes,2009,,East,,0,,Flat,,,,,,Bright sun,932600,0,0,0,2,,,0,,,,,,Waikato Region,Nil,2-way,Sealed,,0,0,,100,,Null,0,0,,13,Waikato District,Unknown,,,,,0,0,Open,0,,,Fine,Null
1749966,5422220,7545,,576100,0,0,0,1,0,North,2009/2010,QUEENS DRIVE,HUNGERFORD ROAD,,Serious Crash,No,2009,0,South,0,0,0,Flat,0,,0,,0,Dark,2195601,2,0,0,2,0,0,0,0,0,,0,1,Wellington Region,Nil,2-way,Sealed,0,0,1,0,50,0,On,0,0,,47,Wellington City,Nil,0,0,0,0,0,0,Urban,0,0,0,Fine,Null
1770540,5881556,7546,,525910,0,,0,2,,North,2008/2009,BELGIUM ROAD,PUKEKOHE EAST ROAD,,Non-Injury Crash,No,2009,,South,,0,,Flat,,,,,,Overcast,816800,0,0,0,2,,,0,,,,,,Auckland Region,Nil,2-way,Sealed,,0,0,,70,,None,0,0,,76,Auckland,Nil,,,,,0,0,Urban,0,,,Light rain,Null
1762958,5430398,7547,,564900,0,,0,2,,North,2009/2010,QUEEN ST,WAINUIOMATA ROAD,,Non-Injury Crash,No,2009,,North,,0,,Flat,,,,,,Dark,2016800,0,0,0,2,,,0,,,,,,Wellington Region,Nil,2-way,Sealed,,0,0,,50,,On,0,0,,46,Lower Hutt City,Nil,,,,,0,0,Urban,0,,,Fine,Null
1801253,5814619,7548,,529700,0,,0,2,,Null,2008/2009,ANGLESEA ST,BRIDGE ST,,Non-Injury Crash,No,2009,,South,,0,,Flat,,,,,,Dark,912200,0,0,0,2,,,0,,,,,,Waikato Region,Nil,1-way,Sealed,,0,0,,50,,On,0,0,,16,Hamilton City,Give way,,,,,0,0,Urban,0,,,Light rain,Null