X,Y,OBJECTID,advisorySpeed,areaUnitID,bicycle,bridge,bus,carStationWagon,cliffBank,crashDirectionDescription,crashFinancialYear,crashLocation1,crashLocation2,crashRoadSideRoad,crashSeverity,crashSHDescription,crashYear,debris,directionRoleDescription,ditch,fatalCount,fence,flatHill,guardRail,holiday,houseOrBuilding,intersection,kerb,light,meshblockId,minorInjuryCount,moped,motorcycle,NumberOfLanes,objectThrownOrDropped,otherObject,otherVehicleType,overBank,parkedVehicle,pedestrian,phoneBoxEtc,postOrPole,region,roadCharacter,roadLane,roadSurface,roadworks,schoolBus,seriousInjuryCount,slipOrFlood,speedLimit,strayAnimal,streetLight,suv,taxi,temporarySpeedLimit,tlaId,tlaName,trafficControl,trafficIsland,trafficSign,train,tree,truck,unknownVehicleType,urban,vanOrUtility,vehicle,waterRiver,weatherA,weatherB
1759146,5916837,7549,,516001,0,,1,1,,North,2008/2009,SH 1N,MARKET OBR,,Non-Injury Crash,Yes,2009,,South,,0,,Flat,,,,,,Dark,491200,0,0,0,3,,,0,,,,,,Auckland Region,Nil,2-way,Sealed,,0,0,,100,,On,0,0,,76,Auckland,Nil,,,,,0,0,Open,0,,,Heavy rain,Null
1754453,5915142,7550,,518802,0,,0,1,,Null,2009/2010,MOUNT ALBERT ROAD,SANDRINGHAM ROAD,,Non-Injury Crash,No,2009,,West,,0,,Flat,,,,,,Overcast,577300,0,0,0,2,,,0,,,,,,Auckland Region,Nil,2-way,Sealed,,0,0,,50,,Off,0,0,,76,Auckland,Traffic Signals,,,,,0,0,Urban,1,,,Light rain,Null
1801291,5815674,7551,,530100,0,,0,2,,North,2009/2010,RIVER ROAD,TE AROHA ST,,Non-Injury Crash,No,2009,,South,,0,,Flat,,Christmas New Year,,,,Twilight,894400,0,0,0,2,,,0,,,,,,Waikato Region,Nil,2-way,Sealed,,0,0,,50,,On,0,0,,16,Hamilton City,Give way,,,,,0,0,Urban,0,,,Fine,Null
1744431,5920892,7552,,513632,0,,0,2,,Null,2009/2010,WAIMUMU ROAD,CROMPTON ROAD,,Non-Injury Crash,No,2009,,East,,0,,Flat,,,,,,Dark,228206,0,0,0,2,,,0,,,,,,Auckland Region,Nil,2-way,Sealed,,0,0,,50,,On,0,0,,76,Auckland,Nil,,,,,0,0,Urban,0,,,Fine,Null
1719572,6045573,7553,,503100,0,,0,1,,Null,2009/2010,CAMERON ST,WALTON ST,,Non-Injury Crash,No,2009,,South,,0,,Flat,,,,,,Bright sun,99904,0,0,0,2,,,0,,,,,,Northland Region,Nil,2-way,Sealed,,0,0,,50,,Off,0,0,,2,Whangarei District,Traffic Signals,,,,,0,0,Urban,1,,,Fine,Null
1743788,5919227,7554,,513213,0,,0,2,,Null,2008/2009,SWANSON ROAD,METCALFE ROAD,,Non-Injury Crash,No,2009,,North,,0,,Flat,,,,,,Overcast,235803,0,0,0,2,,,0,,,,,,Auckland Region,Nil,2-way,Sealed,,0,0,,50,,Null,0,0,,76,Auckland,Give way,,,,,0,0,Urban,0,,,Light rain,Null
1671160,6077578,7555,55,501634,0,,0,1,,North,2009/2010,WAIMATENUI ROAD,TE IRENGA ROAD,,Non-Injury Crash,No,2009,,South,,0,,Hill Road,,,,,,Overcast,38400,0,0,0,2,,,0,,,,,,Northland Region,Nil,2-way,Sealed,,0,0,,100,,None,0,0,,1,Far North District,Nil,,,,,1,0,Open,0,,,Light rain,Null
1754619,5918327,7556,,517600,0,,0,2,,East,2009/2010,SH 16,ST LUKES OBR,,Non-Injury Crash,Yes,2009,,West,,0,,Flat,,,,,,Bright sun,533100,0,0,0,4,,,0,,,,,,Auckland Region,Motorway ramp,1-way,Sealed,,0,0,,100,,Off,0,0,,76,Auckland,Nil,,,,,0,0,Open,0,,,Fine,Null
1766331,5903435,7557,,524604,0,,0,2,,Null,2008/2009,WIRI STATION ROAD,PLUNKET AVENUE,,Non-Injury Crash,No,2009,,East,,0,,Flat,,,,,,Bright sun,780210,0,0,0,4,,,0,,,,,,Auckland Region,Nil,2-way,Sealed,,0,0,,70,,Null,0,0,,76,Auckland,Give way,,,,,0,0,Urban,0,,,Fine,Null
1895246,5787513,7558,,538820,0,0,0,0,0,East,2008/2009,SH 33,TROUT POOL ROAD,,Non-Injury Crash,Yes,2009,0,South,0,0,0,Hill Road,0,,0,,0,Overcast,1250801,0,0,0,2,0,0,0,1,0,,0,0,Bay of Plenty Region,Nil,2-way,Sealed,0,0,0,0,100,0,Null,1,0,,24,Rotorua District,Unknown,0,0,0,1,0,0,Open,0,0,0,Fine,Null
1760520,5916211,7559,,516003,0,,0,1,,Null,2009/2010,GREEN LANE EAST,ASCOT AVENUE E,,Non-Injury Crash,No,2009,,South,,0,,Flat,,,,,,Overcast,494902,0,0,0,4,,,0,,,,,,Auckland Region,Nil,2-way,Sealed,,0,0,,50,,Off,0,0,,76,Auckland,Traffic Signals,,,,,1,0,Urban,0,,,Fine,Null
1698912,6075942,7560,,501620,0,0,0,0,0,South,2009/2010,SH 1N,TARAKIHI ROAD,,Non-Injury Crash,Yes,2009,0,South,1,0,1,Flat,0,,0,,0,Bright sun,45100,0,0,0,2,0,0,0,0,0,,0,0,Northland Region,Nil,2-way,Sealed,0,0,0,0,100,0,None,0,0,,1,Far North District,Nil,0,0,0,0,1,0,Open,0,0,0,Fine,Null
1383538,5103272,7561,,600323,0,,0,1,,South,2008/2009,SH 8,SIMONS PASS STATION,,Minor Crash,Yes,2009,,East,,0,,Flat,,,,,,Bright sun,2814500,1,0,0,2,,,0,,,,,,Canterbury Region,Nil,2-way,Sealed,,0,0,,100,,Null,0,0,,65,Mackenzie District,Unknown,,,,,0,0,Open,0,,,Fine,Null
1755372,5918537,7562,,515500,0,,0,2,,South,2009/2010,COMMERCIAL ROAD,GREAT NORTH ROAD,,Non-Injury Crash,No,2009,,North,,0,,Hill Road,,,,,,Dark,419000,0,0,0,2,,,0,,,,,,Auckland Region,Nil,2-way,Sealed,,0,0,,50,,On,0,0,,76,Auckland,Nil,,,,,0,0,Urban,0,,,Fine,Null
1754030,5927466,7563,,508310,0,0,0,2,0,West,2008/2009,SOVEREIGN PLACE,LINGFIELD ST,,Non-Injury Crash,No,2009,0,East,0,0,0,Flat,0,,0,,0,Dark,201900,0,0,0,2,0,0,0,0,1,,0,0,Auckland Region,Nil,2-way,Sealed,0,0,0,0,50,0,On,0,0,,76,Auckland,Nil,0,0,0,0,0,0,Urban,0,0,0,Fine,Null
1852042,5790217,7564,,535232,0,0,0,1,0,West,2009/2010,SH 5,FITZGERALD GLADE,,Non-Injury Crash,Yes,2009,0,West,0,0,1,Flat,0,,0,,0,Overcast,1127701,0,0,0,2,0,0,0,0,0,,0,0,Waikato Region,Nil,2-way,Sealed,0,0,0,0,100,0,None,0,0,,19,South Waikato District,Nil,0,0,0,0,0,0,Open,0,0,0,Fine,Null
1881246,5828769,7565,,536810,0,,0,2,,Null,2008/2009,TAWA ST,PURIRI ST,,Non-Injury Crash,No,2009,,North,,0,,Flat,,,,,,Overcast,1202902,0,0,0,2,,,0,,,,,,Bay of Plenty Region,Nil,2-way,Sealed,,0,0,,50,,Off,0,0,,23,Tauranga City,Give way,,,,,0,0,Urban,0,,,Light rain,Null
1763494,5910651,7566,,520500,0,,0,2,,Null,2009/2010,GREAT SOUTH ROAD,PORTAGE ROAD,,Non-Injury Crash,No,2009,,North,,0,,Flat,,,,,,Overcast,637801,0,0,0,4,,,0,,,,,,Auckland Region,Nil,2-way,Sealed,,0,0,,50,,Off,0,0,,76,Auckland,Traffic Signals,,,,,0,0,Urban,0,,,Light rain,Null
1866052,5713880,7567,,541319,0,,0,1,,North,2009/2010,BRENTWOOD AVENUE,ACACIA BAY ROAD,,Non-Injury Crash,No,2009,,North,,0,,Flat,,,,,,Bright sun,1279042,0,0,0,2,,,0,,,,,,Waikato Region,Nil,2-way,Sealed,,0,0,,50,,Null,0,0,,21,Taupo District,Unknown,,,,,1,0,Urban,0,,,Fine,Null
1936931,5784632,7568,,542540,0,,0,2,,Null,2008/2009,SH 30,MACDONALD ROAD,,Non-Injury Crash,Yes,2009,,East,,0,,Flat,,,,,,Bright sun,1301302,0,0,0,2,,,0,,,,,,Bay of Plenty Region,Nil,2-way,Sealed,,0,0,,100,,Null,0,0,,25,Whakatane District,Stop,,,,,0,0,Open,0,,,Fine,Null
1745245,5919218,7569,,513301,0,,0,3,,North,2008/2009,LINCOLN ROAD,TE PAI PLACE,,Non-Injury Crash,No,2009,,South,,0,,Flat,,,,,,Overcast,232003,0,0,0,4,,,0,,,,,,Auckland Region,Nil,2-way,Sealed,,0,0,,50,,Off,0,0,,76,Auckland,Nil,,,,,0,0,Urban,0,,,Light rain,Null
1757081,5919593,7570,,514102,0,,0,1,,Null,2009/2010,QUEEN ST,CITY ROAD,,Non-Injury Crash,No,2009,,North,,0,,Hill Road,,,,,,Dark,435900,0,0,0,4,,,0,,,,,,Auckland Region,Nil,2-way,Sealed,,0,0,,50,,On,1,0,,76,Auckland,Give way,,,,,0,0,Urban,0,,,Fine,Null
1876541,5824347,7571,,537301,0,0,0,2,0,East,2009/2010,DARRAGHS ROAD,OTUMOETAI ROAD S,,Non-Injury Crash,No,2009,0,East,0,0,0,Flat,0,Christmas New Year,0,,0,Dark,1159902,0,0,0,2,0,0,0,0,1,,0,0,Bay of Plenty Region,Nil,2-way,Sealed,0,0,0,0,50,0,On,0,0,,23,Tauranga City,Unknown,0,0,0,0,0,0,Urban,0,0,0,Fine,Null
1799911,5812139,7572,,529200,0,0,0,1,0,East,2009/2010,PRISCILLA CRESCENT,MAHOE ST,,Non-Injury Crash,No,2009,0,East,0,0,0,Flat,0,,0,,0,Twilight,927700,0,0,0,2,0,0,0,0,0,,0,1,Waikato Region,Nil,2-way,Sealed,0,0,0,0,50,0,Off,0,0,,16,Hamilton City,Unknown,0,0,0,0,0,0,Urban,0,0,0,Fine,Null
1799294,5815398,7573,,528900,0,,0,1,,Null,2009/2010,KENT ST,MASSEY HALL OVERBRIDGE,,Non-Injury Crash,No,2009,,East,,0,,Flat,,,,,,Bright sun,913600,0,0,0,2,,,0,,,,,,Waikato Region,Bridge,2-way,Sealed,,0,0,,50,,Off,1,0,,16,Hamilton City,Traffic Signals,,,,,0,0,Urban,0,,,Fine,Null
1753807,5918107,7574,,515003,0,,0,2,,Null,2009/2010,ST LUKES ROAD,DUNCAN MACLEAN LINK,,Non-Injury Crash,No,2009,,North,,0,,Flat,,,,,,Dark,390502,0,0,0,4,,,0,,,,,,Auckland Region,Nil,2-way,Sealed,,0,0,,50,,On,0,0,,76,Auckland,Nil,,,,,0,0,Urban,0,,,Fine,Null
1755658,5924456,7575,,509800,0,0,0,1,0,East,2009/2010,BELLE VUE AVENUE,QUEEN ST,,Non-Injury Crash,No,2009,0,West,0,0,0,Flat,0,,0,,0,Overcast,360400,0,0,0,2,0,0,0,0,1,,0,0,Auckland Region,Nil,2-way,Sealed,0,0,0,0,50,0,Off,0,0,,76,Auckland,Nil,0,0,0,0,0,0,Urban,1,0,0,Fine,Null
1770398,5912313,7576,,523106,0,,0,2,,South,2008/2009,BOTANY ROAD,MILLHOUSE DRIVE,,Non-Injury Crash,No,2009,,North,,0,,Flat,,,,,,Bright sun,711186,0,0,0,2,,,0,,,,,,Auckland Region,Nil,2-way,Sealed,,0,0,,50,,Off,0,0,,76,Auckland,Nil,,,,,0,0,Urban,0,,,Fine,Null
1768077,5881055,7577,,525921,0,,0,2,,Null,2009/2010,HELVETIA ROAD,VICTORIA ST,,Non-Injury Crash,No,2009,,West,,0,,Flat,,,,,,Overcast,821800,0,0,0,2,,,0,,,,,,Auckland Region,Nil,2-way,Sealed,,0,0,,50,,Off,0,0,,76,Auckland,Stop,,,,,0,0,Urban,0,,,Light rain,Null
1970314,5664435,7578,,545301,0,,1,1,,North,2008/2009,SH 2,WAIHUA BEACH ROAD,,Non-Injury Crash,Yes,2009,,North,,0,,Flat,,,,,,Bright sun,1392100,0,0,0,2,,,0,,,,,,Hawke's Bay Region,Nil,2-way,Sealed,,0,0,,100,,Null,0,0,,29,Wairoa District,Nil,,,,,0,0,Open,0,,,Fine,Null
1882422,5775649,7579,,539100,0,0,0,1,0,Null,2009/2010,BELL ROAD,FAIRVIEW ROAD,,Non-Injury Crash,No,2009,0,West,0,0,1,Flat,0,,0,,0,Overcast,1219201,0,0,0,2,0,0,0,0,0,,0,0,Bay of Plenty Region,Nil,2-way,Sealed,0,0,0,0,50,0,Off,0,0,,24,Rotorua District,Give way,0,0,0,0,0,0,Urban,0,0,0,Light rain,Null
1933263,5619308,7580,,547400,0,,0,1,,Null,2009/2010,SH 2B,TARADALE ROAD,,Non-Injury Crash,Yes,2009,,South,,0,,Flat,,,,,,Overcast,1448600,0,0,0,2,,,0,,,,,,Hawke's Bay Region,Nil,2-way,Sealed,,0,0,,50,,Null,1,0,,31,Napier City,Give way,,,,,0,0,Urban,1,,,Fine,Null
1708939,5651033,7581,85,552900,0,0,0,1,0,Null,2008/2009,SH 3,MIDHIRST OBR,,Non-Injury Crash,Yes,2009,0,South,0,0,0,Hill Road,0,,0,,0,Overcast,1618100,0,0,0,2,0,0,0,1,0,,0,0,Taranaki Region,Bridge,2-way,Sealed,0,0,0,0,100,0,Null,0,0,,34,Stratford District,Nil,0,0,0,0,0,0,Open,0,0,0,Heavy rain,Null
1752233,5925244,7582,,510401,0,,0,2,,Null,2009/2010,WAIPA ST,VERRAN ROAD,,Non-Injury Crash,No,2009,,South,,0,,Flat,,,,,,Overcast,353700,0,0,0,2,,,0,,,,,,Auckland Region,Nil,2-way,Sealed,,0,0,,50,,Off,0,0,,76,Auckland,Give way,,,,,0,0,Urban,0,,,Fine,Null
1889223,5820857,7583,,536517,0,0,0,1,0,Null,2008/2009,SH 2,DOMAIN ROAD,,Non-Injury Crash,Yes,2009,0,South,0,0,0,Flat,0,Christmas New Year,0,,0,Overcast,1205060,0,0,0,4,0,0,0,0,0,,0,1,Bay of Plenty Region,Nil,2-way,Sealed,0,0,0,0,100,0,Null,0,0,,23,Tauranga City,Give way,0,0,0,0,0,0,Open,0,0,0,Light rain,Null
1755706,5914084,7584,,518803,0,,0,3,,Null,2009/2010,MOUNT ALBERT ROAD,PARAU ST,,Non-Injury Crash,No,2009,,East,,0,,Flat,,,,,,Dark,580900,0,0,0,2,,,0,,,,,,Auckland Region,Nil,2-way,Sealed,,0,0,,50,,On,0,0,,76,Auckland,Stop,,,,,0,0,Urban,0,,,Fine,Null
1744524,5923828,7585,,513521,0,0,0,1,0,West,2009/2010,ST MARGARET PLACE,FITZHERBERT AVENUE,,Non-Injury Crash,No,2009,0,North,0,0,1,Flat,0,,0,,0,Dark,224214,0,0,0,2,0,0,0,0,0,,0,0,Auckland Region,Nil,2-way,Sealed,0,0,0,0,50,0,On,0,0,,76,Auckland,Nil,0,0,0,0,0,0,Urban,0,0,0,Fine,Null
1803370,5776081,7586,,531304,0,0,0,1,0,South,2009/2010,SH 3,PUKETARATA ROAD,,Non-Injury Crash,Yes,2009,0,South,0,0,1,Flat,0,,0,,0,Overcast,1000600,0,0,0,2,0,0,0,0,0,,0,0,Waikato Region,Nil,2-way,Sealed,0,0,0,0,100,0,Null,0,0,,18,Ōtorohanga District,Unknown,0,0,0,0,0,0,Open,0,0,0,Light rain,Null
1761397,5435988,7587,,568502,0,,0,2,,Null,2008/2009,CAMBRIDGE TERRACE,BROWN GROVE,,Non-Injury Crash,No,2009,,South,,0,,Flat,,,,,,Overcast,1951000,0,0,0,2,,,0,,,,,,Wellington Region,Nil,2-way,Sealed,,0,0,,50,,Null,0,0,,46,Lower Hutt City,Give way,,,,,0,0,Urban,0,,,Fine,Null
1759976,5916060,7588,,516002,0,,0,3,,North,2009/2010,SH 1N,GREENLANE INT,,Non-Injury Crash,Yes,2009,,South,,0,,Flat,,,,,,Bright sun,492100,0,0,0,3,,,0,,,,,,Auckland Region,Nil,1-way,Sealed,,0,0,,100,,Off,0,0,,76,Auckland,Nil,,,,,0,0,Open,0,,,Fine,Null
2034256,5709629,7589,,544300,0,0,0,2,0,East,2008/2009,CHILDERS ROAD,CHALMERS ROAD,,Non-Injury Crash,No,2009,0,West,0,0,0,Flat,0,,0,,0,Dark,1368700,0,0,0,2,0,0,0,0,1,,0,0,Gisborne Region,Nil,2-way,Sealed,0,0,0,0,50,0,On,0,0,,28,Gisborne District,Nil,0,0,0,0,0,0,Urban,0,0,0,Light rain,Null
1887364,5772514,7590,,538722,0,0,0,2,0,South,2008/2009,AWATEA TERRACE,TARAWERA ROAD,,Non-Injury Crash,No,2009,0,North,0,0,0,Flat,0,,0,,0,Bright sun,1257700,0,0,0,2,0,0,0,0,1,,0,0,Bay of Plenty Region,Nil,2-way,Sealed,0,0,0,0,50,0,Null,0,0,,24,Rotorua District,Unknown,0,0,0,0,0,0,Urban,0,0,0,Fine,Null
1769338,5914537,7591,,522721,0,,0,2,,Null,2008/2009,PAKURANGA ROAD,SIR LLOYD DRIVE,,Non-Injury Crash,No,2009,,East,,0,,Flat,,,,,,Dark,680727,0,0,0,6,,,0,,,,,,Auckland Region,Nil,2-way,Sealed,,0,0,,60,,On,0,0,,76,Auckland,Traffic Signals,,,,,0,0,Urban,0,,,Light rain,Null
1623194,6123114,7592,,500208,0,,0,0,,Null,2008/2009,SH 1N,DICK SMITH LOOP ROAD S,,Non-Injury Crash,Yes,2009,,South,,0,,Flat,,Queens Birthday,,,,Bright sun,12500,0,0,0,2,,,0,,,,,,Northland Region,Nil,2-way,Sealed,,0,0,,100,,None,1,0,,1,Far North District,Stop,,,,,0,0,Open,1,,,Fine,Null
1881192,5819902,7593,,538302,0,,0,1,,Null,2009/2010,WELCOME BAY ROAD,WAITAHA ROAD,,Non-Injury Crash,No,2009,,North,,0,,Hill Road,,,,,,Dark,1180100,0,0,0,2,,,0,,,,,,,Nil,2-way,Sealed,,0,0,,50,,On,0,0,,23,Tauranga City,Give way,,,,,0,0,Urban,0,,,Fine,Null
1766331,5903435,7594,,524604,0,,0,2,,Null,2008/2009,PLUNKET AVENUE,WIRI STATION ROAD,,Non-Injury Crash,No,2009,,South,,0,,Flat,,,,,,Dark,780210,0,0,0,2,,,0,,,,,,Auckland Region,Nil,2-way,Sealed,,0,0,,50,,On,0,0,,76,Auckland,Stop,,,,,0,0,Urban,0,,,Fine,Null
1469468,5119365,7595,,598312,0,0,0,1,0,Null,2009/2010,SH 79,SH 1S,,Non-Injury Crash,Yes,2009,0,South,0,0,0,Flat,0,,0,,0,Bright sun,2761900,0,0,0,2,0,0,0,0,0,,0,1,Canterbury Region,Nil,2-way,Sealed,0,0,0,0,100,0,Null,0,0,,64,Timaru District,Give way,0,0,0,0,0,0,Open,0,0,0,Fine,Null
1885183,5773995,7596,,540410,0,,0,2,,Null,2008/2009,FENTON ST,PUKUATUA ST,,Non-Injury Crash,No,2009,,North,,0,,Flat,,,,,,Overcast,1233900,0,0,0,4,,,0,,,,,,Bay of Plenty Region,Nil,2-way,Sealed,,0,0,,50,,Off,0,0,,24,Rotorua District,Give way,,,,,0,0,Urban,0,,,Light rain,Null
1812351,5876320,7597,,533901,0,0,0,0,0,Null,2009/2010,SH 25,MAUKORO CANAL BR,,Non-Injury Crash,Yes,2009,0,West,0,0,0,Flat,1,,0,,0,Overcast,1066500,0,0,0,2,0,0,0,0,0,,0,0,Waikato Region,Bridge,2-way,Sealed,0,0,0,0,70,0,Null,0,0,,12,Hauraki District,Unknown,0,0,0,0,1,0,Urban,0,0,0,Fine,Null
1717281,6054042,7598,,502001,0,,0,0,,South,2008/2009,SH 1N,SALEYARDS ROAD S,,Non-Injury Crash,Yes,2009,,North,,0,,Hill Road,,Christmas New Year,,,,Bright sun,63701,0,0,0,2,,,0,,,,,,Northland Region,Nil,2-way,Sealed,,0,0,,100,,None,0,0,,2,Whangarei District,Nil,,,,,0,0,Open,1,,,Fine,Null
1757483,5926640,7599,,507900,0,,0,2,,Null,2008/2009,BARRYS POINT ROAD,DES SWANN DRIVE,,Non-Injury Crash,No,2009,,South,,0,,Hill Road,,,,,,Bright sun,304100,0,0,0,2,,,0,,,,,,Auckland Region,Nil,2-way,Sealed,,0,0,,50,,Null,0,0,,76,Auckland,Give way,,,,,0,0,Urban,0,,,Fine,Null
1757204,5925972,7600,,507900,0,0,0,1,0,South,2009/2010,ESMONDE ON SBD,ESMONDE ROAD,,Non-Injury Crash,Yes,2009,0,West,0,0,0,Hill Road,1,,0,,0,Overcast,304000,0,0,0,1,0,0,0,0,0,,0,0,Auckland Region,Motorway ramp,1-way,Sealed,0,0,0,0,50,0,Null,0,0,,76,Auckland,Unknown,0,0,0,0,0,0,Urban,0,0,0,Light rain,Null
1769425,5909845,7601,,523113,0,,0,1,,Null,2008/2009,SNAVE PLACE,SMALES ROAD,,Non-Injury Crash,No,2009,,North,,0,,Flat,,,,,,Bright sun,711812,0,0,1,4,,,0,,,,,,Auckland Region,Nil,2-way,Sealed,,0,0,,70,,Off,0,0,,76,Auckland,Give way,,,,,0,0,Urban,0,,,Fine,Null
1932681,5603450,7602,,545721,0,0,0,1,0,East,2009/2010,CROSSES ROAD,ST GEORGES ROAD,,Non-Injury Crash,No,2009,0,West,0,0,0,Flat,0,,0,,0,Dark,1473100,0,0,0,2,0,0,0,0,0,,0,0,Hawke's Bay Region,Nil,2-way,Sealed,0,0,0,0,80,0,None,0,0,,30,Hastings District,Nil,0,0,0,1,0,0,Open,0,0,0,Fine,Null
1751177,5915045,7603,,514402,0,,0,1,,Null,2008/2009,GREAT NORTH ROAD,ST GEORGES ROAD,,Non-Injury Crash,No,2009,,East,,0,,Flat,,,,,,Dark,381000,0,0,0,2,,,0,,,,,,Auckland Region,Nil,2-way,Sealed,,0,0,,50,,On,0,0,,76,Auckland,Give way,,,,,0,0,Urban,1,,,Light rain,Null
1850774,5857582,7604,,534400,0,,0,2,,Null,2009/2010,GALBRAITH ST,MARGARET ST,,Non-Injury Crash,No,2009,,East,,0,,Flat,,,,,,Overcast,1078004,0,0,0,2,,,0,,,,,,Waikato Region,Nil,2-way,Sealed,,0,0,,50,,Null,0,0,,12,Hauraki District,Give way,,,,,0,0,Urban,0,,,Fine,Null
1756247,5919257,7605,,514200,0,,0,0,,Null,2009/2010,KARANGAHAPE ROAD,PONSONBY ROAD,,Non-Injury Crash,No,2009,,West,,0,,Flat,,,,,,Bright sun,411700,0,1,0,6,,,0,,,,,,Auckland Region,Nil,2-way,Sealed,,0,0,,50,,Off,1,0,,76,Auckland,Traffic Signals,,,,,0,0,Urban,0,,,Fine,Null
1744811,5921230,7606,,513631,0,,0,1,,East,2008/2009,TRIANGLE ROAD,KEEGAN DRIVE,,Non-Injury Crash,No,2009,,East,,0,,Flat,,,,,,Overcast,227801,0,0,0,2,,,0,,,,,,Auckland Region,Nil,2-way,Sealed,,0,0,,50,,Off,1,0,,76,Auckland,Nil,,,,,0,0,Urban,0,,,Light rain,Null
1462020,5335413,7607,,584411,0,,0,0,,North,2009/2010,SH 6,PUNAKAIKI RIV BR,,Minor Crash,Yes,2009,,South,,0,,Hill Road,,,,,,Overcast,2388300,1,0,0,2,,,0,,,,,,West Coast Region,Nil,2-way,Sealed,,0,0,,100,,Null,0,0,,55,Buller District,Unknown,,,,,0,0,Open,1,,,Fine,Null
1759964,5915821,7608,,516002,0,,0,3,,East,2009/2010,GREEN LANE EAST,GREEN LANE INT,,Non-Injury Crash,No,2009,,West,,0,,Flat,,,,,,Bright sun,494100,0,0,0,3,,,0,,,,,,Auckland Region,Nil,1-way,Sealed,,0,0,,50,,Null,0,0,,76,Auckland,Unknown,,,,,0,0,Urban,0,,,Fine,Null
1789555,5816537,7609,,527913,0,0,0,1,0,South,2008/2009,SH 39,BLACKETT ROAD,,Non-Injury Crash,Yes,2009,0,South,0,0,1,Hill Road,0,,0,,0,Overcast,977500,0,0,0,2,0,0,0,0,0,,0,0,Waikato Region,Nil,2-way,Sealed,0,0,0,0,100,0,Null,0,0,,13,Waikato District,Unknown,0,0,0,0,0,0,Open,0,0,0,Light rain,Null
1694380,5378250,7610,,580801,0,0,0,1,1,North,2008/2009,SH 1S,MARFELLS BEACH ROAD,,Non-Injury Crash,Yes,2009,0,South,0,0,1,Flat,0,Christmas New Year,0,,0,Bright sun,2309500,0,0,0,2,0,0,0,0,0,,0,0,Marlborough Region,Nil,2-way,Sealed,0,0,0,0,100,0,Null,0,0,,53,Marlborough District,Nil,0,0,0,0,0,0,Open,0,0,0,Fine,Null
1757470,5913623,7611,,518702,0,,0,2,,East,2008/2009,MOUNT ALBERT ROAD,PEET AVENUE,,Non-Injury Crash,No,2009,,West,,0,,Flat,,,,,,Dark,567600,0,0,0,4,,,0,,,,,,Auckland Region,Nil,2-way,Sealed,,0,0,,50,,On,0,0,,76,Auckland,Nil,,,,,0,0,Urban,0,,,Fine,Null
1868269,5712306,7612,,541740,0,,0,2,,South,2009/2010,MERE ROAD,PATAKA ROAD,,Non-Injury Crash,No,2009,,South,,0,,Hill Road,,,,,,Bright sun,1268600,0,0,0,2,,,0,,,,,,Waikato Region,Nil,2-way,Sealed,,0,0,,50,,Null,0,0,,21,Taupo District,Unknown,,,,,0,0,Urban,0,,,Fine,Null
1567686,5179452,7613,,590800,0,,0,1,,East,2009/2010,BLENHEIM ROAD,DIVISION ST,,Minor Crash,No,2009,,East,,0,,Flat,,,,,,Bright sun,2474200,2,0,0,4,,,0,,,,,,Canterbury Region,Nil,2-way,Sealed,,0,0,,60,,Null,1,0,,60,Christchurch City,Unknown,,,,,0,0,Urban,1,,,Fine,Null
1756776,5925946,7614,,509702,0,,0,2,,Null,2008/2009,AKORANGA DRIVE,THE WAREHOUSE WAY,,Non-Injury Crash,No,2009,,North,,0,,Flat,,,,,,Bright sun,364601,0,0,0,4,,,0,,,,,,Auckland Region,Nil,2-way,Sealed,,0,0,,50,,Off,0,1,,76,Auckland,Traffic Signals,,,,,0,0,Urban,0,,,Fine,Null
1761816,5912481,7615,,519500,0,,0,0,,East,2008/2009,CHURCH ST,BEASLEY AVENUE,,Non-Injury Crash,No,2009,,East,,0,,Flat,,,,,,Twilight,622400,0,0,0,2,,,0,,,,,,Auckland Region,Nil,2-way,Sealed,,0,0,,50,,On,1,0,,76,Auckland,Nil,,,,,1,0,Urban,0,,,Light rain,Null
1793669,5834889,7616,,527112,0,,0,2,,South,2009/2010,SH 1N,TE PUTU ST,,Non-Injury Crash,Yes,2009,,South,,0,,Flat,,,,,,Dark,951002,0,0,0,2,,,0,,,,,,Waikato Region,Nil,2-way,Sealed,,0,0,,100,,On,0,0,,13,Waikato District,Unknown,,,,,0,0,Open,0,,,Fine,Null
1687257,6093098,7617,,501633,0,0,0,0,0,Null,2009/2010,TE AHU AHU ROAD,SH 10,,Non-Injury Crash,Yes,2009,0,North,1,0,0,Flat,0,,0,,0,Bright sun,35800,0,0,0,2,0,0,0,0,0,,0,0,Northland Region,Nil,2-way,Sealed,0,0,0,0,100,0,Null,0,0,,1,Far North District,Stop,0,0,0,0,1,0,Open,0,0,0,Fine,Null
1785678,5446914,7618,,567901,0,0,0,1,0,North,2008/2009,SH 2,JIMS CORNER,,Non-Injury Crash,Yes,2009,0,North,0,0,1,Hill Road,0,Christmas New Year,0,,0,Overcast,1916100,0,0,0,2,0,0,0,0,0,,0,0,Wellington Region,Nil,2-way,Sealed,0,0,0,0,100,0,Null,0,0,,45,Upper Hutt City,Nil,0,0,0,0,0,0,Open,0,0,0,Light rain,Null