X,Y,OBJECTID,advisorySpeed,areaUnitID,bicycle,bridge,bus,carStationWagon,cliffBank,crashDirectionDescription,crashFinancialYear,crashLocation1,crashLocation2,crashRoadSideRoad,crashSeverity,crashSHDescription,crashYear,debris,directionRoleDescription,ditch,fatalCount,fence,flatHill,guardRail,holiday,houseOrBuilding,intersection,kerb,light,meshblockId,minorInjuryCount,moped,motorcycle,NumberOfLanes,objectThrownOrDropped,otherObject,otherVehicleType,overBank,parkedVehicle,pedestrian,phoneBoxEtc,postOrPole,region,roadCharacter,roadLane,roadSurface,roadworks,schoolBus,seriousInjuryCount,slipOrFlood,speedLimit,strayAnimal,streetLight,suv,taxi,temporarySpeedLimit,tlaId,tlaName,trafficControl,trafficIsland,trafficSign,train,tree,truck,unknownVehicleType,urban,vanOrUtility,vehicle,waterRiver,weatherA,weatherB
1759041,5911991,7619,,519820,0,0,0,2,0,South,2008/2009,ONEHUNGA MALL,PEARCE ST,,Non-Injury Crash,No,2009,0,South,0,0,0,Flat,0,,0,,0,Overcast,601901,0,0,0,2,0,0,0,0,1,,0,0,Auckland Region,Nil,2-way,Sealed,0,0,0,0,50,0,Null,0,0,,76,Auckland,Unknown,0,0,0,0,0,0,Urban,0,0,0,Fine,Null
1748054,5914825,7620,,511700,0,0,0,1,0,South,2009/2010,BARBARY AVENUE,ST LEONARDS ROAD,,Non-Injury Crash,No,2009,0,South,0,0,0,Flat,0,,0,,0,Bright sun,272200,0,0,0,2,0,0,0,0,1,,0,0,Auckland Region,Nil,2-way,Sealed,0,0,0,0,50,0,Off,1,0,,76,Auckland,Nil,0,0,0,0,0,0,Urban,0,0,0,Fine,Null
1906129,5808031,7621,,536654,0,0,0,2,1,East,2009/2010,SH 2,PONGAKAWA SCHOOL ROAD,,Non-Injury Crash,Yes,2009,0,West,0,0,0,Flat,0,,0,,0,Dark,1211800,0,0,0,2,0,0,0,0,0,,0,0,Bay of Plenty Region,Nil,2-way,Sealed,0,0,0,0,100,0,None,0,0,,22,Western Bay of Plenty District,Unknown,0,0,0,0,0,0,Open,0,0,0,Fine,Null
1755119,5919626,7622,,515302,0,0,0,2,0,East,2008/2009,BROWN ST,RICHMOND ROAD,,Non-Injury Crash,No,2009,0,East,0,0,0,Flat,0,,0,,0,Bright sun,432200,0,0,0,2,0,0,0,0,1,,0,0,Auckland Region,Nil,2-way,Sealed,0,0,0,0,50,0,Null,0,0,,76,Auckland,Nil,0,0,0,0,0,0,Urban,0,0,0,Fine,Null
1906758,5808079,7623,,536654,0,0,0,0,0,West,2008/2009,SH 2,WHARERE ROAD,,Non-Injury Crash,Yes,2009,0,East,1,0,0,Flat,0,,0,,0,Overcast,1209900,0,0,0,2,0,0,0,1,0,,0,0,Bay of Plenty Region,Nil,2-way,Sealed,0,0,0,0,100,0,None,0,0,,22,Western Bay of Plenty District,Nil,0,0,0,0,0,0,Open,1,0,0,Fine,Null
1768857,5468536,7624,,566000,0,,0,2,,Null,2008/2009,Z CPK COASTLANDS,RIMU ROAD,,Non-Injury Crash,No,2009,,South,,0,,Flat,,,,,,Overcast,2003709,0,0,0,0,,,0,,,,,,Wellington Region,Nil,Off road,Sealed,,0,0,,50,,Null,0,0,,43,Kapiti Coast District,Nil,,,,,0,0,Urban,0,,,Fine,Null
1756486,5921418,7625,,514101,1,,0,1,,North,2009/2010,HAMER ST,JELLICOE ST,,Non-Injury Crash,No,2009,,North,,0,,Flat,,,,,,Overcast,432400,0,0,0,2,,,0,,,,,,Auckland Region,Nil,1-way,Sealed,,0,0,,50,,Null,0,0,,76,Auckland,Unknown,,,,,0,0,Urban,0,,,Fine,Null
1864201,5543891,7626,,550102,0,,0,2,,South,2009/2010,MCPHEE ST,TRAFALGAR ST,,Non-Injury Crash,No,2009,,South,,0,,Flat,,,,,,Twilight,1533800,0,0,0,2,,,0,,,,,,Manawatū-Whanganui Region,Nil,2-way,Sealed,,0,0,,50,,Off,0,0,,41,Tararua District,Nil,,,,,0,0,Urban,0,,,Fine,Null
1788152,5857270,7627,,527210,0,0,0,0,0,North,2008/2009,SH 1N,TE KAUWHATA ROAD,,Non-Injury Crash,Yes,2009,0,South,0,0,0,Flat,1,,0,,0,Bright sun,936001,0,0,0,3,0,0,0,0,0,,0,0,Waikato Region,Nil,2-way,Sealed,0,0,0,0,100,0,Off,1,0,,13,Waikato District,Nil,0,0,0,0,0,0,Open,0,0,0,Fine,Null
1879302,5824701,7628,,538201,0,,0,1,,Null,2008/2009,DURHAM ST,HAMILTON ST,,Non-Injury Crash,No,2009,,North,,0,,Flat,,,,,,Overcast,1163400,0,0,0,2,,,0,,,,,,Bay of Plenty Region,Nil,2-way,Sealed,,0,0,,50,,Null,1,0,,23,Tauranga City,Give way,,,,,0,0,Urban,0,,,Light rain,Null
1924797,5778121,7629,,542600,0,,0,2,,West,2009/2010,ISLINGTON ST,ONSLOW ST,,Non-Injury Crash,No,2009,,East,,0,,Flat,,,,,,Bright sun,1315300,0,0,0,2,,,0,,,,,,Bay of Plenty Region,Nil,2-way,Sealed,,0,0,,50,,Null,0,0,,26,Kawerau District,Unknown,,,,,0,0,Urban,0,,,Fine,Null
1757862,5916636,7630,,515801,0,,0,2,,South,2008/2009,GILLIES AVENUE,EPSOM AVENUE,,Non-Injury Crash,No,2009,,North,,0,,Flat,,,,,,Overcast,445200,0,0,0,2,,,0,,,,,,Auckland Region,Nil,2-way,Sealed,,0,0,,50,,Null,0,1,,76,Auckland,Traffic Signals,,,,,0,0,Urban,0,,,Fine,Null
1718115,6045605,7631,,502900,0,0,0,2,0,Null,2009/2010,KIRIKIRI ROAD,GLENDALE ROAD,,Non-Injury Crash,No,2009,0,South,0,0,0,Hill Road,0,,0,,0,Dark,102400,0,0,0,1,0,0,0,0,0,,0,0,Northland Region,Nil,2-way,Sealed,0,0,0,0,50,0,On,0,0,,2,Whangarei District,Nil,0,0,0,0,0,0,Urban,0,1,0,Fine,Null
1515078,5179868,7632,,587100,0,0,0,1,0,South,2008/2009,HORORATA ROAD,DOWNS ROAD,,Non-Injury Crash,No,2009,0,North,0,0,0,Flat,0,Queens Birthday,0,,0,Dark,2464900,0,0,0,2,0,0,0,0,0,,0,0,Canterbury Region,Nil,2-way,Sealed,0,0,0,0,100,0,None,0,0,,62,Selwyn District,Unknown,0,0,0,0,0,0,Open,0,0,0,Mist or Fog,Null
1754480,5912241,7633,,519002,0,0,0,1,0,North,2009/2010,DOMINION ROAD,BUDGEN ST,,Non-Injury Crash,No,2009,0,South,0,0,0,Flat,0,,0,,0,Dark,589501,0,0,0,2,0,0,0,0,1,,0,0,Auckland Region,Nil,2-way,Sealed,0,0,0,0,50,0,On,0,0,,76,Auckland,Nil,0,0,0,0,0,0,Urban,1,0,0,Fine,Null
1927455,5607790,7634,,545710,0,,0,1,,North,2008/2009,ORMOND ROAD,OMAHU ROAD,,Non-Injury Crash,No,2009,,South,,0,,Flat,,,,,,Overcast,1471201,0,0,0,2,,,0,,,,,,Hawke's Bay Region,Nil,2-way,Sealed,,0,0,,80,,Null,0,0,,30,Hastings District,Nil,,,,,1,0,Open,0,,,Fine,Null
1884052,5774023,7635,,540410,0,,0,2,,Null,2009/2010,SH 30A,PUKUATUA ST,,Non-Injury Crash,Yes,2009,,West,,0,,Flat,,,,,,Overcast,1232200,0,0,0,5,,,0,,,,,,Bay of Plenty Region,Nil,2-way,Sealed,,0,0,,60,,Null,0,0,,24,Rotorua District,Give way,,,,,0,0,Urban,0,,,Fine,Null
1691981,6094207,7636,,501633,0,0,0,1,0,West,2009/2010,SH 11,LILY POND LANE,,Non-Injury Crash,Yes,2009,0,West,0,0,0,Hill Road,0,,0,,0,Dark,50605,0,0,0,2,0,0,0,1,0,,0,0,Northland Region,Nil,2-way,Sealed,0,0,0,0,100,0,None,0,0,,1,Far North District,Unknown,0,0,0,0,0,0,Open,0,0,0,Fine,Null
1745944,5916757,7637,,510800,0,0,0,1,0,South,2008/2009,KERERU ST,TARA ROAD,,Non-Injury Crash,No,2009,0,North,0,0,1,Hill Road,0,,0,,0,Dark,243600,0,0,0,2,0,0,0,0,0,,0,0,Auckland Region,Nil,2-way,Sealed,0,0,0,0,50,0,On,0,0,,76,Auckland,Nil,0,0,0,0,0,0,Urban,0,0,0,Fine,Null
1745578,5922227,7638,,513530,0,0,0,1,0,South,2009/2010,KINTARA DRIVE,CLAVERDON DRIVE,,Non-Injury Crash,No,2009,0,North,0,0,1,Hill Road,0,,0,,0,Bright sun,226002,0,0,0,1,0,0,0,0,0,,0,0,Auckland Region,Nil,1-way,Sealed,0,0,0,0,50,0,Null,0,0,,76,Auckland,Unknown,0,0,0,0,0,0,Urban,0,0,0,Fine,Null
1751592,5914193,7639,,514402,0,,0,1,,Null,2009/2010,BLOCKHOUSE BAY ROAD,TIVERTON ROAD,,Non-Injury Crash,No,2009,,North,,0,,Flat,,,,,,Overcast,379500,0,0,0,2,,,0,,,,,,Auckland Region,Nil,2-way,Sealed,,0,0,,50,,Null,1,0,,76,Auckland,Give way,,,,,0,0,Urban,0,,,Fine,Null
1818853,5529724,7640,,562720,0,0,0,0,0,East,2009/2010,TREMAINE AVENUE,SUTHERLAND CRESCENT,,Non-Injury Crash,No,2009,0,East,0,0,0,Flat,0,Christmas New Year,0,,0,Bright sun,1816303,0,0,0,2,0,1,0,0,0,,0,0,Manawatū-Whanganui Region,Nil,2-way,Sealed,0,0,0,0,50,0,Null,0,0,,40,Palmerston North City,Nil,0,0,0,1,0,0,Urban,1,0,0,Fine,Strong wind
1811558,5544306,7641,,561422,0,0,0,0,0,North,2008/2009,MOUNT STEWART HALCOMBE RO,SH 3,,Non-Injury Crash,No,2009,0,North,1,0,0,Flat,0,,0,,0,Dark,1788500,0,0,0,2,0,0,0,0,0,,0,0,Manawatū-Whanganui Region,Nil,2-way,Sealed,0,0,0,0,100,0,None,1,0,,39,Manawatu District,Nil,0,0,0,0,0,0,Open,0,0,0,Fine,Null
1874500,5823930,7642,,536514,0,0,0,1,1,East,2009/2010,WESTMORLAND RISE,BETHLEHEM ROAD,,Non-Injury Crash,No,2009,0,East,0,0,0,Hill Road,0,,0,,0,Dark,1190301,0,0,0,2,0,0,0,0,0,,0,0,Bay of Plenty Region,Nil,2-way,Sealed,0,0,0,0,50,0,On,0,0,,23,Tauranga City,Unknown,0,0,0,0,0,0,Urban,0,0,0,Fine,Null
1718406,6045491,7643,,502900,0,0,0,1,1,Null,2009/2010,SH 1N,FOURTH AVENUE,,Non-Injury Crash,Yes,2009,0,South,0,0,1,Hill Road,0,,0,,0,Dark,103000,0,0,0,4,0,0,0,0,0,,0,0,Northland Region,Nil,2-way,Sealed,0,0,0,0,50,0,On,0,0,,2,Whangarei District,Stop,0,0,0,0,0,0,Urban,0,0,0,Fine,Null
1745350,5915968,7644,35,510800,0,0,0,1,0,West,2009/2010,BRUCE MCLAREN ROAD,RAILSIDE AVENUE,,Non-Injury Crash,No,2009,0,North,0,0,0,Flat,1,,0,,0,Dark,242501,0,0,0,2,0,0,0,0,0,,0,0,Auckland Region,Nil,2-way,Sealed,0,0,0,0,50,0,On,0,0,,76,Auckland,Nil,0,0,0,0,0,0,Urban,0,0,0,Fine,Null
1880261,5820788,7645,,538000,0,,0,1,,South,2009/2010,SH 29,TAIPARI OBR,,Non-Injury Crash,Yes,2009,,South,,0,,Flat,,,,,,Dark,1179403,0,0,0,2,,,0,,,,,,Bay of Plenty Region,Nil,2-way,Sealed,,0,0,,100,,On,0,0,,23,Tauranga City,Unknown,,,,,1,0,Open,0,,,Fine,Null
1756084,5927821,7646,,507900,0,0,0,3,0,North,2009/2010,SH 1N,NORTHCOTE ON NBD,,Non-Injury Crash,Yes,2009,2,North,0,0,0,Flat,0,,0,,0,Dark,305201,0,0,0,6,0,0,0,0,0,,0,0,Auckland Region,Nil,2-way,Sealed,0,0,0,0,100,0,On,0,0,,76,Auckland,Unknown,0,0,0,0,0,0,Open,0,0,0,Fine,Null
1753845,5928502,7647,,508320,0,0,0,2,0,East,2008/2009,CHIVALRY ROAD,GLENFIELD ROAD,,Non-Injury Crash,No,2009,0,East,0,0,0,Hill Road,0,,0,,0,Dark,197500,0,0,0,1,0,0,0,0,1,,0,0,Auckland Region,Nil,2-way,Sealed,0,0,0,0,50,0,On,0,0,,76,Auckland,Nil,0,0,0,0,0,0,Urban,0,0,0,Light rain,Null
1774215,5445431,7648,,567100,0,,0,2,,Null,2008/2009,Z CPK SUPER CHEAP AUTO,KING/FERGUSSON,,Non-Injury Crash,No,2009,,East,,0,,Flat,,,,,,Dark,1906000,0,0,0,0,,,0,,,,,,Wellington Region,Nil,Off road,Sealed,,0,0,,50,,On,0,0,,45,Upper Hutt City,Nil,,,,,0,0,Urban,0,,,Light rain,Null
1744447,5922272,7649,,513530,0,,0,2,,Null,2009/2010,SH 16,ROYAL ON EBD,,Non-Injury Crash,Yes,2009,,South,,0,,Flat,,,,,,Overcast,225807,0,0,0,2,,,0,,,,,,Auckland Region,Nil,1-way,Sealed,,0,0,,80,,Null,0,0,,76,Auckland,Nil,,,,,0,0,Open,0,,,Fine,Null
1881786,5828978,7650,,536810,0,0,0,1,0,Null,2009/2010,MARINE PARADE,SUTHERLAND AVENUE,,Non-Injury Crash,No,2009,0,South,0,0,0,Flat,0,,0,,1,Bright sun,1196400,0,0,0,2,0,0,0,0,0,,0,0,Bay of Plenty Region,Nil,2-way,Sealed,0,0,0,0,50,0,Off,0,0,,23,Tauranga City,Stop,0,0,0,0,0,0,Urban,0,0,0,Fine,Null
1749776,5430653,7651,,574500,0,,1,0,,North,2009/2010,HUTT ROAD,AOTEA QUAY,,Minor Crash,No,2009,,South,,0,,Flat,,,,,,Bright sun,2093600,1,0,0,2,,,0,,,,,,Wellington Region,Nil,2-way,Sealed,,0,0,,60,,Null,0,0,,47,Wellington City,Nil,,,,,1,0,Urban,1,,,Fine,Null
1756741,5918553,7652,,515600,0,,0,2,,Null,2009/2010,NEW NORTH ROAD,EXMOUTH ST,,Non-Injury Crash,No,2009,,East,,0,,Hill Road,,,,,,Bright sun,420500,0,0,0,2,,,0,,,,,,Auckland Region,Nil,2-way,Sealed,,0,0,,50,,Off,0,0,,76,Auckland,Traffic Signals,,,,,0,0,Urban,0,,,Fine,Null
1599602,5452849,7653,,581850,0,,0,1,,South,2008/2009,SH 60,FACTORY ROAD,,Non-Injury Crash,Yes,2009,,South,,0,,Flat,,,,,,Overcast,2368100,0,0,0,2,,,0,,,,,,Tasman Region,Nil,2-way,Sealed,,0,0,,50,,Null,1,0,,51,Tasman District,Nil,,,,,0,0,Urban,0,,,Heavy rain,Null
1567512,5186033,7654,,588402,0,0,0,1,0,Null,2008/2009,GLENMORE AVENUE,MENDIP PLACE,,Serious Crash,No,2009,0,South,0,0,0,Flat,0,,0,,0,Overcast,2527801,0,0,0,2,0,0,0,0,0,,0,0,Canterbury Region,Nil,2-way,Sealed,0,0,1,0,50,0,Null,0,0,,60,Christchurch City,Nil,0,0,0,1,0,0,Urban,0,0,0,Fine,Null
1403790,4914369,7655,,604210,0,0,0,2,0,East,2008/2009,SOUTH ROAD,RISELAW ROAD,,Non-Injury Crash,No,2009,0,West,0,0,0,Hill Road,0,,0,,0,Twilight,2911800,0,0,0,2,0,0,0,0,1,,0,0,Otago Region,Nil,2-way,Sealed,0,0,0,0,50,0,Off,0,0,,71,Dunedin City,Unknown,0,0,0,0,0,0,Urban,0,0,0,Fine,Frost
1803029,5814167,7656,,530300,0,0,0,1,0,West,2008/2009,NAYLOR ST,FOX ST,,Non-Injury Crash,No,2009,0,West,0,0,0,Flat,0,,1,,0,Dark,882900,0,0,0,2,0,0,0,0,0,,0,0,Waikato Region,Nil,2-way,Sealed,0,0,0,0,50,0,On,0,0,,16,Hamilton City,Nil,0,0,0,0,0,0,Urban,0,0,0,Fine,Null
1801991,5814401,7657,,530200,0,,0,2,,Null,2009/2010,WELLINGTON ST,GREY ST,,Non-Injury Crash,No,2009,,East,,0,,Flat,,,,,,Bright sun,891700,0,0,0,2,,,0,,,,,,Waikato Region,Nil,2-way,Sealed,,0,0,,50,,Off,0,0,,16,Hamilton City,Stop,,,,,0,0,Urban,0,,,Fine,Null
1769607,5894199,7658,,521201,0,,0,1,,Null,2008/2009,HINGAIA ROAD,TOWAI ROAD,,Non-Injury Crash,No,2009,,East,,0,,Flat,,,,,,Dark,806601,0,0,0,2,,,0,,,,,,Auckland Region,Nil,2-way,Sealed,,0,0,,70,,None,1,0,,76,Auckland,Give way,,,,,0,0,Urban,0,,,Light rain,Null
1768824,5882464,7659,,525910,0,,0,2,,Null,2008/2009,KAYES ROAD,PAERATA ROAD,,Non-Injury Crash,No,2009,,East,,0,,Hill Road,,,,,,Overcast,818000,0,0,0,2,,,0,,,,,,Auckland Region,Nil,2-way,Sealed,,0,0,,50,,Null,0,0,,76,Auckland,Give way,,,,,0,0,Urban,0,,,Light rain,Null
1763869,5912651,7660,,520500,0,0,0,2,0,Null,2009/2010,MOUNT WELLINGTON HIGHWAY,MT WGTN OFF SBD,,Non-Injury Crash,Yes,2009,0,East,0,0,0,Flat,0,,0,,0,Overcast,637400,0,0,0,3,0,0,0,0,0,,0,0,Auckland Region,Nil,2-way,Sealed,0,0,0,0,50,0,Off,0,0,,76,Auckland,Traffic Signals,1,0,0,0,0,0,Urban,0,0,0,Fine,Null
1756938,5434647,7661,,569900,0,,0,1,,Null,2008/2009,Z CPK PAK N SAVE,JACKSON ST,,Non-Injury Crash,No,2009,,West,,0,,Flat,,,,,,Bright sun,2034000,0,0,0,1,,,0,,,1,,,Wellington Region,Nil,Off road,Sealed,,0,0,,50,,Null,0,0,,46,Lower Hutt City,Nil,,,,,0,0,Urban,0,,,Fine,Null
1751194,5929261,7662,,509100,0,,0,2,,West,2008/2009,GREENHITHE ROAD,BLACKS ROAD,,Non-Injury Crash,No,2009,,East,,0,,Hill Road,,,,,,Bright sun,181303,0,0,0,2,,,0,,,,,,Auckland Region,Nil,2-way,Sealed,,0,0,,50,,Null,0,0,,76,Auckland,Unknown,,,,,0,0,Urban,0,,,Fine,Null
1762290,5913496,7663,,520402,0,,0,2,,South,2008/2009,SH 1N,PENROSE OBR,,Non-Injury Crash,Yes,2009,,South,,0,,Flat,,,,,,Bright sun,642200,0,0,0,3,,,0,,,,,,Auckland Region,Nil,1-way,Sealed,,0,0,,100,,Off,0,0,,76,Auckland,Nil,,,,,0,0,Open,0,,,Fine,Null
1757526,5920668,7664,,514103,0,0,0,2,0,South,2008/2009,HIGH ST,SHORTLAND ST,,Non-Injury Crash,No,2009,0,North,0,0,0,Flat,0,,0,,0,Dark,437600,0,0,0,1,0,0,0,0,1,,0,0,Auckland Region,Nil,1-way,Sealed,0,0,0,0,50,0,On,0,0,,76,Auckland,Nil,0,0,0,0,0,0,Urban,0,0,0,Fine,Null
1797633,5818615,7665,,528403,0,0,0,1,0,North,2009/2010,SHEFFIELD ST,SUNSHINE AVENUE,,Non-Injury Crash,No,2009,0,West,0,0,0,Hill Road,0,,1,,0,Dark,907700,0,0,0,2,0,0,0,0,0,,0,0,Waikato Region,Nil,2-way,Sealed,0,0,0,0,50,0,On,0,0,,16,Hamilton City,Unknown,0,0,0,0,0,0,Urban,0,0,0,Fine,Null
1754479,5934354,7666,,507102,0,0,0,1,0,West,2009/2010,OAKTREE AVENUE,WEETMAN DRIVE,,Non-Injury Crash,No,2009,0,North,0,0,0,Flat,0,,0,,0,Dark,158905,0,0,0,2,0,0,0,0,1,,0,0,Auckland Region,Nil,2-way,Sealed,0,0,0,0,50,0,On,1,0,,76,Auckland,Nil,0,0,0,0,0,0,Urban,0,0,0,Fine,Null
1745248,5919238,7667,,513301,0,,0,1,,North,2008/2009,LINCOLN ROAD,TE PAI PLACE,,Non-Injury Crash,No,2009,,North,,0,,Flat,,,,,,Overcast,230601,0,0,0,5,,,0,,,,,,Auckland Region,Nil,2-way,Sealed,,0,0,,50,,Off,1,0,,76,Auckland,Nil,,,,,0,0,Urban,0,,,Fine,Null
1804377,5789188,7668,,531004,0,0,0,1,0,Null,2008/2009,SH 3,TURERE LANE,,Non-Injury Crash,Yes,2009,0,East,0,0,0,Hill Road,0,,0,,0,Overcast,975404,0,0,0,2,0,0,0,0,1,,0,0,Waikato Region,Nil,2-way,Sealed,0,0,0,0,50,0,Null,0,0,,17,Waipa District,Give way,0,0,0,0,1,0,Urban,1,0,0,Light rain,Null
1758897,5436159,7669,,569201,0,0,0,1,1,West,2008/2009,NORMANDALE ROAD,BRIDGE ST,,Non-Injury Crash,No,2009,0,South,0,0,0,Hill Road,0,,0,,0,Bright sun,1925500,0,0,0,2,0,0,0,0,0,,0,0,Wellington Region,Nil,2-way,Sealed,0,0,0,0,50,0,Null,0,0,,46,Lower Hutt City,Nil,0,0,0,0,0,0,Urban,0,0,0,Fine,Null
1753294,5933076,7670,,508701,0,,0,2,,Null,2008/2009,GREVILLE ROAD,ALBANY EXPRESSWAY,,Non-Injury Crash,No,2009,,North,,0,,Flat,,Queens Birthday,,,,Overcast,178900,0,0,0,4,,,0,,,,,,Auckland Region,Nil,2-way,Sealed,,0,0,,50,,Off,0,0,,76,Auckland,Give way,,,,,0,0,Urban,0,,,Fine,Null
1756615,5912807,7671,,518701,0,,0,2,,Null,2008/2009,HILLSBOROUGH ROAD,OLD SH20 INTER,,Non-Injury Crash,No,2009,,North,,0,,Hill Road,,,,,,Dark,572100,0,0,0,1,,,0,,,,,,Auckland Region,Nil,1-way,Sealed,,0,0,,50,,On,0,0,,76,Auckland,Give way,,,,,0,0,Urban,0,,,Fine,Null
1754577,5911451,7672,,519001,0,,0,2,,Null,2008/2009,HILLSBOROUGH ROAD,DOMINION ROAD,,Non-Injury Crash,No,2009,,East,,0,,Hill Road,,,,,,Overcast,591800,0,0,0,2,,,0,,,,,,Auckland Region,Nil,2-way,Sealed,,0,0,,50,,Off,0,0,,76,Auckland,Stop,,,,,0,0,Urban,0,,,Light rain,Null
1748448,5910303,7673,,512000,0,0,0,1,0,West,2008/2009,WOOD BAY ROAD,INAKA PLACE,,Non-Injury Crash,No,2009,0,West,0,0,1,Flat,0,,0,,0,Bright sun,295800,0,0,0,2,0,0,0,0,0,,0,0,Auckland Region,Nil,2-way,Sealed,0,0,0,0,50,0,Off,0,0,,76,Auckland,Nil,0,0,0,0,0,0,Urban,0,0,0,Fine,Null
1795808,5791262,7674,,527922,0,0,0,0,0,West,2009/2010,FRONTIER ROAD,HAWTHORNE ROAD W,,Non-Injury Crash,No,2009,0,East,0,0,1,Flat,0,,0,,0,Dark,982600,0,0,0,2,0,0,0,0,0,,0,0,Waikato Region,Nil,2-way,Sealed,0,0,0,0,100,0,None,0,0,,17,Waipa District,Nil,0,0,0,0,0,0,Open,1,0,0,Light rain,Null
1755368,5921920,7675,,515202,0,,0,2,,South,2009/2010,SH 1N,SHELLY OFF SBD,,Non-Injury Crash,Yes,2009,,South,,0,,Hill Road,,,,,,Overcast,423600,0,0,0,5,,,0,,,,,,Auckland Region,Bridge,1-way,Sealed,,0,0,,80,,Off,0,0,,76,Auckland,Nil,,,,,0,0,Open,0,,,Fine,Null
1896090,5790287,7676,,538820,0,0,0,1,1,North,2008/2009,SH 33,MANIATUTU ROAD,,Non-Injury Crash,Yes,2009,0,South,0,0,0,Flat,0,,0,,0,Overcast,1250900,0,0,0,2,0,0,0,0,0,,0,0,Bay of Plenty Region,Nil,2-way,Sealed,0,0,0,0,100,0,None,0,0,,24,Rotorua District,Nil,0,0,0,1,0,0,Open,0,0,0,Fine,Null
1708068,5682712,7677,,551302,0,0,0,1,0,North,2008/2009,PRINCESS ST,BAYLY ST,,Non-Injury Crash,No,2009,1,North,0,0,0,Flat,0,,0,,0,Dark,1549700,0,0,0,2,0,0,0,0,0,,0,0,Taranaki Region,Nil,2-way,Sealed,0,0,0,0,50,0,On,0,0,,33,New Plymouth District,Nil,0,0,0,0,0,0,Urban,0,0,0,Fine,Null
1800897,5815533,7678,,529700,0,,0,2,,North,2008/2009,VICTORIA ST,WARD ST,,Non-Injury Crash,No,2009,,South,,0,,Flat,,,,,,Dark,911402,0,0,0,2,,,0,,,,,,Waikato Region,Nil,2-way,Sealed,,0,0,,50,,On,0,0,,16,Hamilton City,Unknown,,,,,0,0,Urban,0,,,Fine,Null
1745733,5917275,7679,,510700,0,,0,2,,North,2008/2009,EDMONTON ROAD,GREAT NORTH ROAD,,Non-Injury Crash,No,2009,,North,,0,,Flat,,,,,,Bright sun,240000,0,0,0,5,,,0,,,,,,Auckland Region,Nil,2-way,Sealed,,0,0,,50,,Off,0,0,,76,Auckland,Nil,,,,,0,0,Urban,1,,,Fine,Null
1765317,5909281,7680,,523402,0,,0,3,,North,2009/2010,SH 1N,HIGHBROOK OBR,,Non-Injury Crash,Yes,2009,,North,,0,,Flat,,,,,,Dark,696900,0,0,0,4,,,0,,,,,,Auckland Region,Nil,1-way,Sealed,,0,0,,100,,On,0,0,,76,Auckland,Nil,,,,,0,0,Open,0,,,Fine,Null
1754540,5914273,7681,,518802,0,,0,1,,South,2009/2010,DENNY AVENUE,GLENARM AVENUE,,Non-Injury Crash,No,2009,,North,,0,,Flat,,,,,,Bright sun,579700,0,0,0,2,,,0,,,,,,Auckland Region,Nil,2-way,Sealed,,0,0,,50,,Off,0,0,,76,Auckland,Nil,,,,,1,0,Urban,0,,,Fine,Null
1768691,5901147,7682,,524901,0,,0,2,,Null,2009/2010,HILL ROAD,NEWHOOK LANE,,Non-Injury Crash,No,2009,,East,,0,,Flat,,,,,,Dark,756600,0,0,0,2,,,0,,,,,,Auckland Region,Nil,2-way,Sealed,,0,0,,50,,On,0,0,,76,Auckland,Give way,,,,,0,0,Urban,0,,,Light rain,Null
1575051,5177614,7683,,594100,1,,0,1,,Null,2009/2010,FERRY ROAD,SH 74,,Minor Crash,Yes,2009,,West,,0,,Flat,,,,,,Bright sun,2588700,1,0,0,1,,,0,,,,,,Canterbury Region,Nil,1-way,Sealed,,0,0,,50,,Null,0,0,,60,Christchurch City,Give way,,,,,0,0,Urban,0,,,Fine,Null
1876507,5823863,7684,,537301,0,,0,2,,Null,2009/2010,BELLEVUE ROAD,OTUMOETAI ROAD,,Non-Injury Crash,No,2009,,North,,0,,Flat,,,,,,Dark,1161200,0,0,0,3,,,0,,,,,,Bay of Plenty Region,Nil,2-way,Sealed,,0,0,,50,,On,0,0,,23,Tauranga City,Traffic Signals,,,,,0,0,Urban,0,,,Light rain,Null
1804176,5546780,7685,,561422,0,,0,1,,Null,2008/2009,SH 1N,WILSON ROAD,,Non-Injury Crash,Yes,2009,,North,,0,,Flat,,,,,,Bright sun,1789900,0,0,0,2,,,0,,,,,,Manawatū-Whanganui Region,Nil,2-way,Sealed,,0,0,,100,,Null,0,0,,39,Manawatu District,Give way,,,,,1,0,Open,0,,,Fine,Null
1838662,5803113,7686,,535242,0,0,0,0,0,West,2009/2010,SH 29,POND ROAD,,Non-Injury Crash,Yes,2009,1,West,0,0,0,Flat,0,,0,,0,Bright sun,1116601,0,0,0,2,0,0,0,0,0,,0,0,Waikato Region,Nil,2-way,Sealed,0,0,0,0,100,0,Null,0,0,,15,Matamata-Piako District,Unknown,0,0,0,0,1,0,Open,1,0,0,Fine,Null
1797890,5814589,7687,,528601,0,,0,2,,Null,2008/2009,SH 23,DINSDALE ROAD,,Non-Injury Crash,Yes,2009,,North,,0,,Flat,,,,,,Bright sun,920302,0,0,0,2,,,0,,,,,,Waikato Region,Nil,2-way,Sealed,,0,0,,50,,Null,0,0,,16,Hamilton City,Give way,,,,,0,0,Urban,0,,,Fine,Null
1746174,5920284,7688,,513301,0,0,0,2,0,East,2009/2010,SH 16,LINCOLN ON EBD,,Non-Injury Crash,Yes,2009,0,East,0,0,0,Flat,0,,0,,0,Overcast,230200,0,0,0,2,0,0,0,0,0,,0,0,Auckland Region,Nil,1-way,Sealed,0,0,0,0,100,0,Off,1,0,,76,Auckland,Nil,0,0,0,0,0,0,Open,0,1,0,Fine,Null