X,Y,OBJECTID,advisorySpeed,areaUnitID,bicycle,bridge,bus,carStationWagon,cliffBank,crashDirectionDescription,crashFinancialYear,crashLocation1,crashLocation2,crashRoadSideRoad,crashSeverity,crashSHDescription,crashYear,debris,directionRoleDescription,ditch,fatalCount,fence,flatHill,guardRail,holiday,houseOrBuilding,intersection,kerb,light,meshblockId,minorInjuryCount,moped,motorcycle,NumberOfLanes,objectThrownOrDropped,otherObject,otherVehicleType,overBank,parkedVehicle,pedestrian,phoneBoxEtc,postOrPole,region,roadCharacter,roadLane,roadSurface,roadworks,schoolBus,seriousInjuryCount,slipOrFlood,speedLimit,strayAnimal,streetLight,suv,taxi,temporarySpeedLimit,tlaId,tlaName,trafficControl,trafficIsland,trafficSign,train,tree,truck,unknownVehicleType,urban,vanOrUtility,vehicle,waterRiver,weatherA,weatherB
1758265,5925652,7689,,508020,0,0,0,1,0,West,2009/2010,SYDNEY ST,JUTLAND ROAD,,Non-Injury Crash,No,2009,0,North,0,0,0,Flat,0,,0,,0,Dark,322900,0,0,0,2,0,0,0,0,1,,0,0,Auckland Region,Nil,2-way,Sealed,0,0,0,0,50,0,None,0,0,,76,Auckland,Unknown,0,0,0,0,0,0,Urban,1,0,0,Heavy rain,Null
1839425,5841772,7690,,534800,0,0,0,0,0,Null,2009/2010,SH 26,BRICK ST,,Non-Injury Crash,Yes,2009,0,West,0,0,1,Hill Road,0,,1,,0,Overcast,1103900,0,0,0,2,0,0,0,0,0,,0,0,Waikato Region,Nil,2-way,Sealed,0,0,0,0,50,0,Null,1,0,,15,Matamata-Piako District,Give way,0,0,0,0,0,0,Urban,0,0,0,Fine,Null
1574467,5179153,7691,,593900,1,,0,0,,West,2009/2010,LINWOOD AVENUE,HARGOOD ST,,Minor Crash,No,2009,,West,,0,,Flat,,,,,,Dark,2579700,1,0,0,2,,,0,,,,,,Canterbury Region,Nil,2-way,Sealed,,0,0,,60,,On,0,0,,60,Christchurch City,Unknown,,,,,0,0,Urban,0,,,Fine,Null
1751166,5915900,7692,,514401,0,,0,2,,North,2009/2010,GREAT NORTH ROAD,VICTOR ST,,Non-Injury Crash,No,2009,,South,,0,,Flat,,,,,,Twilight,383400,0,0,0,2,,,0,,,,,,Auckland Region,Nil,2-way,Sealed,,0,0,,50,,Off,0,0,,76,Auckland,Nil,,,,,0,0,Urban,0,,,Fine,Null
1735899,5984622,7693,,506660,0,0,0,1,0,North,2009/2010,SH 1N,BOSHER ROAD,,Non-Injury Crash,Yes,2009,0,North,0,0,0,Flat,0,,0,,0,Dark,143800,0,0,0,2,0,0,0,0,0,,0,0,Auckland Region,Nil,2-way,Sealed,0,0,0,0,100,0,On,0,0,,76,Auckland,Nil,0,0,0,0,0,0,Open,0,0,0,Fine,Null
1756168,5924042,7694,,509800,0,,0,2,,South,2008/2009,SH 1N,ONEWA ON SBD,,Non-Injury Crash,Yes,2009,,South,,0,,Flat,,,,,,Dark,361100,0,0,0,4,,,0,,,,,,Auckland Region,Nil,1-way,Sealed,,0,0,,80,,On,0,0,,76,Auckland,Unknown,,,,,0,0,Open,0,,,Fine,Null
1757210,5920927,7695,,514101,0,,0,2,,Null,2009/2010,LOWER HOBSON ST,FANSHAWE ST,,Non-Injury Crash,No,2009,,South,,0,,Hill Road,,,,,,Twilight,433003,0,0,0,4,,,0,,,,,,Auckland Region,Nil,1-way,Sealed,,0,0,,50,,Off,1,0,,76,Auckland,Nil,,,,,0,0,Urban,0,,,Fine,Null
1740703,5927553,7696,,513701,0,,0,1,,Null,2009/2010,SH 16,TAUPAKI ROAD,,Non-Injury Crash,Yes,2009,,West,,0,,Flat,,,,,,Twilight,220200,0,0,0,2,,,0,,,,,,Auckland Region,Nil,2-way,Sealed,,0,0,,80,,Off,0,0,,76,Auckland,Nil,,,,,0,0,Open,1,,,Fine,Null
1890368,5817852,7697,,536642,0,,0,1,,Null,2009/2010,TE PUKE HIGHWAY,POPLAR LANE,,Non-Injury Crash,No,2009,,North,,0,,Flat,,,,,,Overcast,1207003,0,0,0,2,,,0,,,,,,Bay of Plenty Region,Nil,2-way,Sealed,,0,0,,100,,Null,0,0,,22,Western Bay of Plenty District,Stop,,,,,0,0,Open,1,,,Heavy rain,Null
1755683,5916118,7698,,518301,0,,0,3,,South,2009/2010,DOMINION ROAD,WIREMU ST,,Non-Injury Crash,No,2009,,North,,0,,Flat,,,,,,Twilight,553700,0,0,0,2,,,0,,,,,,Auckland Region,Nil,2-way,Sealed,,0,0,,50,,On,0,0,,76,Auckland,Unknown,,,,,0,0,Urban,0,,,Fine,Null
1769419,5880565,7699,,525922,0,,0,2,,North,2009/2010,MANUKAU ROAD,GLASGOW ROAD,,Non-Injury Crash,No,2009,,North,,0,,Flat,,,,,,Bright sun,823300,0,0,0,2,,,0,,,,,,Auckland Region,Nil,2-way,Sealed,,0,0,,50,,Null,0,0,,76,Auckland,Unknown,,,,,0,0,Urban,0,,,Fine,Null
1842829,5670239,7700,75,541501,0,0,0,1,0,North,2009/2010,SH 1N,KAIMANAWA ROAD,,Non-Injury Crash,Yes,2009,0,North,0,0,0,Hill Road,0,,0,,0,Overcast,1288900,0,0,0,2,0,0,0,0,0,,0,0,Waikato Region,Nil,2-way,Sealed,0,0,0,0,100,0,Null,0,0,,21,Taupo District,Unknown,0,0,0,1,0,0,Open,0,0,0,Light rain,Null
1748727,5427035,7701,,573101,0,,0,2,,South,2009/2010,MARION ST,GHUZNEE ST,,Non-Injury Crash,No,2009,,South,,0,,Flat,,,,,,Bright sun,2133600,0,0,0,2,,,0,,,,,,Wellington Region,Nil,2-way,Sealed,,0,0,,50,,Null,0,0,,47,Wellington City,Nil,,,,,0,0,Urban,0,,,Fine,Null
1883282,5775590,7702,,539200,0,0,0,0,0,Null,2008/2009,MAHANGA ROAD,MONOKIA ST,,Non-Injury Crash,No,2009,0,South,0,0,1,Flat,0,,0,,0,Overcast,1221400,0,0,0,2,0,0,0,0,0,,0,0,Bay of Plenty Region,Nil,2-way,Sealed,0,0,0,0,50,0,Null,0,0,,24,Rotorua District,Nil,0,0,0,0,0,0,Urban,1,0,0,Light rain,Null
1769043,5911542,7703,,523107,0,,0,2,,Null,2008/2009,TI RAKAU DRIVE,HARRIS ROAD,,Non-Injury Crash,No,2009,,East,,0,,Flat,,,,,,Twilight,711402,0,0,0,5,,,0,,,,,,Auckland Region,Nil,2-way,Sealed,,0,0,,50,,On,0,0,,76,Auckland,Traffic Signals,,,,,0,0,Urban,0,,,Fine,Null
1758212,5918221,7704,,517400,0,,0,2,,Null,2008/2009,TEED ST,CROWHURST ST,,Non-Injury Crash,No,2009,,South,,0,,Flat,,,,,,Overcast,451300,0,0,0,2,,,0,,,,,,Auckland Region,Nil,2-way,Sealed,,0,0,,50,,Off,0,0,,76,Auckland,Give way,,,,,0,0,Urban,0,,,Null,Null
1878354,5821867,7705,,538102,0,0,0,2,0,Null,2008/2009,FRASER ST,SIXTEENTH AVENUE,,Non-Injury Crash,No,2009,0,East,0,0,1,Flat,0,,0,,0,Bright sun,1168900,0,0,0,2,0,0,0,0,0,,0,0,Bay of Plenty Region,Nil,2-way,Sealed,0,0,0,0,50,0,Off,0,0,,23,Tauranga City,Give way,0,0,0,0,0,0,Urban,0,0,0,Fine,Null
1764414,5914871,7706,,520303,0,,0,1,,South,2008/2009,MOUNT WELLINGTON HIGHWAY,ELLERSLIE-PANMURE HIGHWAY,,Non-Injury Crash,No,2009,,South,,0,,Flat,,,,,,Bright sun,627400,0,0,0,4,,,0,,,,,,Auckland Region,Nil,2-way,Sealed,,0,0,,50,,Off,1,0,,76,Auckland,Nil,,,,,0,0,Urban,0,,,Fine,Null
1875127,5818683,7707,,537602,0,,0,2,,Null,2009/2010,PYES PA ROAD,CHEYNE ROAD,,Non-Injury Crash,No,2009,,South,,0,,Flat,,,,,,Bright sun,1192201,0,0,0,2,,,0,,,,,,Bay of Plenty Region,Nil,2-way,Sealed,,0,0,,60,,Null,0,0,,23,Tauranga City,Stop,,,,,0,0,Urban,0,,,Fine,Null
1750595,5932561,7708,,508806,0,0,0,2,0,South,2009/2010,BASS ROAD,SAMPLE ROAD,,Non-Injury Crash,No,2009,0,North,0,0,0,Flat,0,,0,,0,Dark,179902,0,0,0,2,0,0,0,0,1,,0,0,Auckland Region,Nil,2-way,Sealed,0,0,0,0,50,0,None,0,0,,76,Auckland,Nil,0,0,0,0,0,0,Urban,0,0,0,Light rain,Null
1693792,5676260,7709,,552002,0,,0,2,,Null,2009/2010,SH 3,LEMON ST,,Non-Injury Crash,Yes,2009,,North,,0,,Flat,,,,,,Bright sun,1594900,0,0,0,2,,,0,,,,,,Taranaki Region,Nil,2-way,Sealed,,0,0,,50,,Null,0,0,,33,New Plymouth District,Stop,,,,,0,0,Urban,0,,,Fine,Null
1856468,5803279,7710,55,535231,0,0,0,1,0,East,2008/2009,SH 29,SH 28,,Non-Injury Crash,Yes,2009,0,West,0,0,0,Hill Road,1,,0,,0,Overcast,1114500,0,0,0,3,0,0,0,0,0,,0,0,Waikato Region,Nil,2-way,Sealed,0,0,0,0,100,0,Null,0,0,,15,Matamata-Piako District,Unknown,0,0,0,0,0,0,Open,0,0,0,Heavy rain,Null
1747273,5919761,7711,,512300,0,,0,1,,Null,2008/2009,TE ATATU ROAD,TE ATATU OFF EBD,,Non-Injury Crash,Yes,2009,,South,,0,,Flat,,,,,,Overcast,252000,0,0,0,4,,,0,,,,,,Auckland Region,Bridge,2-way,Sealed,,0,0,,50,,Off,0,0,,76,Auckland,Give way,,,,,1,0,Urban,0,,,Fine,Strong wind
1754911,5917767,7712,,517500,0,0,0,2,0,North,2009/2010,WESTERN SPRINGS ROAD,NEW NORTH ROAD,,Non-Injury Crash,No,2009,0,North,0,0,0,Hill Road,0,,0,,0,Bright sun,530600,0,0,0,2,0,0,0,0,0,,0,0,Auckland Region,Nil,2-way,Sealed,0,0,0,0,50,0,Off,0,0,,76,Auckland,Nil,0,0,0,0,0,0,Urban,0,1,0,Fine,Null
1753232,5918265,7713,,515003,0,,0,2,,West,2008/2009,SH 16,ST LUKES OBR,,Non-Injury Crash,Yes,2009,,West,,0,,Flat,,,,,,Dark,390502,0,0,0,3,,,0,,,,,,Auckland Region,Nil,1-way,Sealed,,0,0,,100,,On,0,0,,76,Auckland,Nil,,,,,0,0,Open,0,,,Fine,Null
1879307,5819874,7714,,538000,0,0,0,1,0,North,2008/2009,SH 29,WELCOME BAY ROAD,,Non-Injury Crash,Yes,2009,0,South,0,0,1,Flat,0,,0,,0,Dark,1178900,0,0,0,5,0,0,0,0,0,,0,1,Bay of Plenty Region,Nil,2-way,Sealed,0,0,0,0,50,0,On,0,0,,23,Tauranga City,Unknown,1,0,0,0,0,0,Urban,0,0,0,Fine,Null
1718792,6044581,7715,,503600,0,0,0,2,0,South,2009/2010,HILLTOP AVENUE,MOUNTAIN ROAD,,Non-Injury Crash,No,2009,0,East,0,0,0,Hill Road,0,,0,,0,Bright sun,104500,0,0,0,2,0,0,0,0,1,,0,0,Northland Region,Nil,2-way,Sealed,0,0,0,0,50,0,None,0,0,,2,Whangarei District,Nil,0,0,0,0,0,0,Urban,0,0,0,Fine,Null
1757322,5919507,7716,,514103,0,,1,1,,Null,2009/2010,SYMONDS ST,CITY ROAD,,Non-Injury Crash,No,2009,,North,,0,,Flat,,,,,,Bright sun,436300,0,0,0,2,,,0,,,,,,Auckland Region,Nil,2-way,Sealed,,0,0,,50,,Null,0,0,,76,Auckland,Give way,,,,,0,0,Urban,0,,,Fine,Null
1760099,5436265,7717,,569100,0,,0,2,,North,2008/2009,CORNWALL ST,WATERLOO ROAD,,Non-Injury Crash,No,2009,,North,,0,,Flat,,,,,,Overcast,1967900,0,0,0,2,,,0,,,,,,Wellington Region,Nil,2-way,Sealed,,0,0,,50,,Null,0,0,,46,Lower Hutt City,Nil,,,,,0,0,Urban,0,,,Fine,Null
1800205,5814894,7718,,528900,0,,0,2,,West,2008/2009,LAKE ROAD,LAKE DOMAIN DRIVE,,Non-Injury Crash,No,2009,,West,,0,,Hill Road,,,,,,Bright sun,914700,0,0,0,2,,,0,,,,,,Waikato Region,Nil,2-way,Sealed,,0,0,,50,,Null,0,0,,16,Hamilton City,Unknown,,,,,0,0,Urban,1,,,Fine,Null
1545732,5185009,7719,,587904,0,,0,2,,East,2009/2010,OLD WEST COAST ROAD,CALDERS ROAD,,Serious Crash,No,2009,,West,,0,,Flat,,,,,,Twilight,2492800,1,0,0,2,,,0,,,,,,Canterbury Region,Nil,2-way,Sealed,,0,1,,100,,None,0,0,,62,Selwyn District,Nil,,,,,0,0,Open,0,,,Fine,Null
1800006,5816010,7720,,529700,0,,0,1,,Null,2009/2010,MILL ST,TRISTRAM ST,,Non-Injury Crash,No,2009,,North,,0,,Flat,,,,,,Overcast,909100,0,0,0,4,,,0,,,,,,Waikato Region,Nil,2-way,Sealed,,0,0,,50,,Null,0,0,,16,Hamilton City,Traffic Signals,,,,,0,0,Urban,1,,,Fine,Null
1885150,5773886,7721,,540410,0,,0,2,,West,2008/2009,HINEMOA ST,FENTON ST,,Non-Injury Crash,No,2009,,West,,0,,Flat,,,,,,Bright sun,1234300,0,0,0,2,,,0,,,,,,Bay of Plenty Region,Nil,2-way,Sealed,,0,0,,50,,Null,0,0,,24,Rotorua District,Unknown,,,,,0,0,Urban,0,,,Fine,Null
1836894,5793382,7722,50,535250,0,,0,1,,South,2008/2009,SH 1N,PAPARAMU ROAD N,,Non-Injury Crash,Yes,2009,,North,,0,,Flat,,,,,,Bright sun,1125200,0,0,0,2,,,0,,,,,,Waikato Region,Nil,2-way,Unsealed,,0,0,,100,,Null,0,0,,19,South Waikato District,Unknown,,,,,0,0,Open,1,,,Fine,Null
1760130,5915912,7723,,516003,0,,0,2,,Null,2009/2010,GREENLANE OFF NBD,GREENLANE INT,,Non-Injury Crash,Yes,2009,,North,,0,,Flat,,,,,,Bright sun,494902,0,0,0,2,,,0,,,,,,Auckland Region,Nil,2-way,Sealed,,0,0,,50,,Off,0,0,,76,Auckland,Give way,,,,,0,0,Urban,0,,,Fine,Null
1877345,5820746,7724,,537700,0,,0,2,,Null,2008/2009,FRASER ST,LANDVIEW ROAD,,Non-Injury Crash,No,2009,,North,,0,,Flat,,,,,,Dark,1173900,0,0,0,2,,,0,,,,,,Bay of Plenty Region,Nil,2-way,Sealed,,0,0,,50,,On,0,0,,23,Tauranga City,Give way,,,,,0,0,Urban,0,,,Fine,Null
1857737,5839783,7725,,535800,0,0,0,1,0,South,2009/2010,SH 2,BEACH ROAD,,Non-Injury Crash,Yes,2009,0,South,0,0,0,Flat,0,,0,,0,Bright sun,1183502,0,0,0,2,0,0,0,0,1,,0,0,Bay of Plenty Region,Nil,2-way,Sealed,0,0,0,0,50,0,Null,0,0,,22,Western Bay of Plenty District,Unknown,0,0,0,0,0,0,Urban,0,0,0,Fine,Null
1877681,5822959,7726,,537400,0,,0,1,,Null,2008/2009,BIRCH AVENUE,AMBER CRESCENT,,Non-Injury Crash,No,2009,,North,,0,,Flat,,,,,,Overcast,1162600,0,0,0,2,,,0,,,,,,Bay of Plenty Region,Nil,2-way,Sealed,,0,0,,50,,Null,1,0,,23,Tauranga City,Give way,,,,,0,0,Urban,0,,,Fine,Null
1749381,5913216,7727,,511401,0,0,0,1,0,East,2009/2010,SEABROOK AVENUE,GARDNER AVENUE,,Non-Injury Crash,No,2009,0,West,0,0,0,Flat,0,,0,,0,Overcast,264400,0,0,0,2,0,0,0,0,1,,0,0,Auckland Region,Nil,2-way,Sealed,0,0,0,0,50,0,Off,0,0,,76,Auckland,Nil,0,0,0,0,0,0,Urban,1,0,0,Fine,Null
1796396,5820319,7728,,528403,0,0,0,1,0,Null,2008/2009,TE RAPA ROAD,TE KOWHAI ROAD EAST,,Non-Injury Crash,No,2009,0,South,0,0,0,Flat,0,,0,,0,Dark,907500,0,0,0,4,0,0,0,0,0,,0,0,Waikato Region,Nil,2-way,Sealed,0,0,0,0,80,0,On,0,0,,16,Hamilton City,Give way,0,1,0,0,0,0,Open,0,0,0,Light rain,Null
1883922,5774047,7729,,540410,0,,0,2,,Null,2009/2010,SH 30A,TAREWA ROAD,,Non-Injury Crash,Yes,2009,,East,,0,,Flat,,,,,,Overcast,1231900,0,0,0,4,,,0,,,,,,Bay of Plenty Region,Nil,2-way,Sealed,,0,0,,50,,Null,0,0,,24,Rotorua District,Stop,,,,,0,0,Urban,0,,,Light rain,Null
1681933,6071848,7730,,501634,0,,0,1,,East,2008/2009,ORAKAU ROAD,MATENE ROAD,,Non-Injury Crash,No,2009,,South,,0,,Flat,,,,,,Dark,40002,0,0,0,2,,,0,,,,,,Northland Region,Bridge,2-way,Unsealed,,0,0,,100,,None,1,0,,1,Far North District,Nil,,,,,0,0,Open,0,,,Fine,Frost
1718344,6042888,7731,,503800,0,,0,2,,Null,2009/2010,TAUROA ST,SH 1N,,Non-Injury Crash,Yes,2009,,East,,0,,Flat,,,,,,Bright sun,107905,0,0,0,2,,,0,,,,,,Northland Region,Nil,2-way,Sealed,,0,0,,50,,Off,0,0,,2,Whangarei District,Stop,,,,,0,0,Urban,0,,,Fine,Null
1818291,5804090,7732,,527503,1,,0,0,,Null,2008/2009,THORNTON ROAD,MACLEAN ST,,Non-Injury Crash,No,2009,,East,,0,,Flat,,,,,,Bright sun,962000,0,0,0,2,,,0,,,,,,Waikato Region,Nil,2-way,Sealed,,0,0,,50,,Null,1,0,,17,Waipa District,Give way,,,,,0,0,Urban,0,,,Fine,Null
1691065,6083400,7733,80,501500,0,0,0,0,0,West,2009/2010,SH 1N,SNOWDON AVENUE,,Non-Injury Crash,Yes,2009,0,West,0,0,1,Hill Road,0,,0,,0,Overcast,52001,0,0,0,2,0,0,0,0,0,,0,0,Northland Region,Nil,2-way,Sealed,0,0,0,0,100,0,None,1,0,,1,Far North District,Nil,0,0,0,1,0,0,Open,0,0,0,Light rain,Null
1623783,5430963,7734,,582500,0,,0,2,,North,2008/2009,TRAFALGAR ST,BRIDGE ST,,Non-Injury Crash,No,2009,,North,,0,,Flat,,,,,,Bright sun,2320200,0,0,0,2,,,0,,,,,,Nelson Region,Nil,2-way,Sealed,,0,0,,50,,Null,0,0,,52,Nelson City,Nil,,,,,0,0,Urban,0,,,Fine,Null
1876901,5818744,7735,,537601,0,,0,1,,Null,2008/2009,MALEME ST,OROPI ROAD,,Non-Injury Crash,No,2009,,South,,0,,Flat,,,,,,Bright sun,1177400,0,0,0,2,,,0,,,,,,Bay of Plenty Region,Nil,2-way,Sealed,,0,0,,70,,Off,0,0,,23,Tauranga City,Stop,,,,,0,0,Urban,1,,,Fine,Null
1872831,5721326,7736,55,541335,0,0,0,1,0,East,2008/2009,ARATIATIA ROAD,SH 5,,Non-Injury Crash,No,2009,0,North,0,0,0,Flat,0,,0,,0,Bright sun,1277402,0,0,0,2,0,0,0,0,0,,0,0,Waikato Region,Nil,2-way,Sealed,0,0,0,0,100,0,Null,0,0,,21,Taupo District,Unknown,0,1,0,1,0,0,Open,0,0,0,Mist or Fog,Null
1843910,5811172,7737,,535502,0,,0,2,,North,2008/2009,SH 27,FARMERS ROAD,,Non-Injury Crash,Yes,2009,,North,,0,,Flat,,,,,,Dark,1120500,0,0,0,2,,,0,,,,,,Waikato Region,Nil,1-way,Sealed,,0,0,,50,,On,0,0,,15,Matamata-Piako District,Nil,,,,,0,0,Urban,0,,,Light rain,Null
1755909,5916178,7738,,518301,0,,0,1,,East,2008/2009,BALMORAL ROAD,DOMINION ROAD,,Non-Injury Crash,No,2009,,West,,0,,Flat,,,,,,Twilight,555100,0,0,0,4,,,0,,,,,,Auckland Region,Nil,2-way,Sealed,,0,0,,50,,On,1,0,,76,Auckland,Nil,,,,,0,0,Urban,0,,,Fine,Null
1765047,5902908,7739,,524604,0,,0,1,,North,2008/2009,ROSCOMMON ROAD,WIRI STATION ROAD,,Non-Injury Crash,No,2009,,South,,0,,Flat,,,,,,Bright sun,781302,0,0,0,4,,,0,,,,,,Auckland Region,Nil,2-way,Sealed,,0,0,,80,,Null,0,0,,76,Auckland,Unknown,,,,,0,0,Open,1,,,Fine,Null
1788894,5829026,7740,,528200,0,,0,0,,South,2009/2010,WAINGARO ROAD,COENEN ST,,Non-Injury Crash,No,2009,,North,,0,,Flat,,,,,,Overcast,856300,0,0,0,2,,,1,,,,,,Waikato Region,Nil,2-way,Sealed,,0,0,,50,,Off,0,0,,13,Waikato District,Nil,,,,,0,0,Urban,1,,,Fine,Null
1802891,5836226,7741,,527111,0,0,0,0,0,South,2009/2010,TENFOOT ROAD,HENRY ROAD,,Non-Injury Crash,No,2009,0,South,1,0,0,Flat,0,,0,,0,Bright sun,949400,0,0,0,2,0,0,0,0,0,,0,0,Waikato Region,Nil,2-way,Sealed,0,0,0,0,100,0,Null,1,0,,13,Waikato District,Unknown,0,0,0,0,0,0,Open,0,0,0,Fine,Null
1756620,5446029,7742,,571502,0,,0,2,,South,2008/2009,WHITFORD BROWN AVENUE,ROUTEBURN AVENUE,,Non-Injury Crash,No,2009,,West,,0,,Hill Road,,Easter,,,,Overcast,2056610,0,0,0,2,,,0,,,,,,Wellington Region,Nil,2-way,Sealed,,0,0,,50,,Null,0,0,,44,Porirua City,Nil,,,,,0,0,Urban,0,,,Fine,Null
1748496,5913062,7743,,511401,0,,0,2,,West,2008/2009,TITIRANGI ROAD,CROYDON ROAD,,Non-Injury Crash,No,2009,,East,,0,,Flat,,,,,,Bright sun,262705,0,0,0,2,,,0,,,,,,Auckland Region,Nil,2-way,Sealed,,0,0,,50,,Off,0,0,,76,Auckland,Traffic Signals,,,,,0,0,Urban,0,,,Fine,Null
1748713,5957977,7744,,506613,0,,0,1,,West,2008/2009,SALEYARDS ROAD,AHUROA ROAD,,Non-Injury Crash,No,2009,,East,,0,,Flat,,Queens Birthday,,,,Bright sun,146901,0,0,0,2,,,0,,,,,,Auckland Region,Nil,2-way,Sealed,,0,0,,50,,Null,1,0,,76,Auckland,Unknown,,,,,0,0,Urban,0,,,Fine,Null
1767246,5907006,7745,,523601,0,,0,1,,West,2009/2010,EVERITT ROAD,BAIRDS ROAD,,Non-Injury Crash,No,2009,,East,,0,,Flat,,,,,,Overcast,707500,0,0,0,2,,,0,,,,,,Auckland Region,Nil,2-way,Sealed,,0,0,,50,,Off,0,0,,76,Auckland,Nil,,,,,0,0,Urban,0,,,Fine,Null
1770336,5911306,7746,,523109,0,0,0,1,0,Null,2008/2009,TE IRIRANGI DRIVE,TI RAKAU DRIVE,,Non-Injury Crash,No,2009,0,West,0,0,0,Flat,0,,0,,0,Dark,711709,0,0,0,2,0,0,0,0,0,,0,0,Auckland Region,Nil,2-way,Sealed,0,0,0,0,50,0,On,1,0,,76,Auckland,Traffic Signals,0,1,0,0,0,0,Urban,0,0,0,Fine,Null
1737343,5914567,7747,,513800,0,0,0,1,0,North,2008/2009,SCENIC DRIVE,MOUNTAIN ROAD,,Non-Injury Crash,No,2009,0,North,0,0,0,Hill Road,0,,0,,0,Dark,281700,0,0,0,2,0,0,0,0,0,,0,0,Auckland Region,Nil,2-way,Sealed,0,0,0,0,100,0,None,0,0,,76,Auckland,Nil,0,0,0,1,0,0,Open,0,0,0,Light rain,Null
1757816,5918526,7748,,517400,0,,0,2,,Null,2008/2009,KHYBER PASS ROAD,MOUNTAIN ROAD,,Non-Injury Crash,No,2009,,North,,0,,Hill Road,,,,,,Bright sun,450000,0,0,0,4,,,0,,,,,,Auckland Region,Nil,2-way,Sealed,,0,0,,50,,Null,0,0,,76,Auckland,Traffic Signals,,,,,0,0,Urban,0,,,Fine,Null
1838304,5549536,7749,,560000,0,0,0,1,0,North,2008/2009,POHANGINA VALLEY WEST ROA,VALLEY ROAD,,Non-Injury Crash,No,2009,0,South,0,0,1,Flat,0,,0,,0,Bright sun,1774300,0,0,0,2,0,0,0,0,0,,0,0,Manawatū-Whanganui Region,Nil,2-way,Sealed,0,0,0,0,100,0,Null,0,0,,39,Manawatu District,Nil,0,0,0,0,0,0,Open,0,0,0,Fine,Null
1697737,5676383,7750,,551014,0,0,0,1,0,South,2009/2010,EGMONT ROAD,KATERE ROAD,,Non-Injury Crash,No,2009,0,North,0,0,0,Hill Road,0,,0,,0,Overcast,1560300,0,0,0,2,0,0,0,0,0,,0,0,Taranaki Region,Nil,2-way,Sealed,0,0,0,0,100,0,Null,0,0,,33,New Plymouth District,Nil,0,0,0,0,0,0,Open,2,1,0,Fine,Null
1808628,5819850,7751,,527125,0,,0,2,,Null,2008/2009,HOLLAND ROAD,TELEPHONE ROAD,,Non-Injury Crash,Yes,2009,,East,,0,,Flat,,,,,,Dark,955500,0,0,0,2,,,0,,,,,,Waikato Region,Nil,2-way,Sealed,,0,0,,100,,On,0,0,,13,Waikato District,Stop,,,,,0,0,Open,0,,,Light rain,Null
1743870,5916893,7752,,513011,0,,0,2,,Null,2008/2009,STURGES ROAD,PALOMINO DRIVE,,Non-Injury Crash,No,2009,,East,,0,,Flat,,,,,,Dark,280705,0,0,0,2,,,0,,,,,,Auckland Region,Nil,1-way,Sealed,,0,0,,50,,On,0,0,,76,Auckland,Give way,,,,,0,0,Urban,0,,,Fine,Null
1800882,5813059,7753,,530400,0,,0,1,,East,2009/2010,SH 1N,OHAUPO ROAD,,Non-Injury Crash,Yes,2009,,West,,0,,Flat,,,,,,Overcast,922101,0,0,0,2,,,0,,,,,,Waikato Region,Nil,2-way,Sealed,,0,0,,60,,Null,0,0,,16,Hamilton City,Unknown,,,,,0,0,Urban,1,,,Fine,Null
1755159,5929100,7754,,508420,0,,0,2,,Null,2009/2010,DIANA DRIVE,WAIRAU ROAD,,Non-Injury Crash,No,2009,,North,,0,,Flat,,,,,,Dark,183800,0,0,0,2,,,0,,,,,,Auckland Region,Nil,2-way,Sealed,,0,0,,50,,On,0,0,,76,Auckland,Traffic Signals,,,,,0,0,Urban,0,,,Fine,Null
1883951,5772173,7755,,540520,0,,0,2,,Null,2009/2010,SH 5,DEVON ST,,Non-Injury Crash,Yes,2009,,South,,0,,Flat,,,,,,Twilight,1240700,0,0,0,2,,,0,,,,,,Bay of Plenty Region,Nil,2-way,Sealed,,0,0,,50,,On,0,0,,24,Rotorua District,Give way,,,,,0,0,Urban,0,,,Mist or Fog,Null
1752134,5934504,7756,,508701,0,,0,2,,Null,2008/2009,OTEHA VALLEY ROAD,APPIAN WAY,,Non-Injury Crash,No,2009,,East,,0,,Flat,,,,,,Dark,178501,0,0,0,2,,,0,,,,,,Auckland Region,Nil,2-way,Sealed,,0,0,,50,,On,0,0,,76,Auckland,Give way,,,,,0,0,Urban,0,,,Light rain,Null
1806471,5634087,7757,,555000,0,0,0,1,0,Null,2008/2009,SH 49,GOLDFINCH ST,,Non-Injury Crash,Yes,2009,0,West,0,0,0,Flat,0,,0,,0,Overcast,1677300,0,0,0,2,0,0,0,0,0,,0,0,Manawatū-Whanganui Region,Nil,2-way,Sealed,0,0,0,0,50,0,Null,0,0,,36,Ruapehu District,Give way,0,1,0,0,0,0,Urban,0,0,0,Light rain,Null
1774979,5895501,7758,,525510,0,,0,2,,Null,2009/2010,DOMINION ROAD,REDCREST AVENUE,,Non-Injury Crash,No,2009,,North,,0,,Flat,,,,,,Bright sun,801500,0,0,0,2,,,0,,,,,,Auckland Region,Nil,2-way,Sealed,,0,0,,50,,Off,0,0,,76,Auckland,Nil,,,,,0,0,Urban,0,,,Null,Null
1762190,5913669,7759,,520401,0,,0,2,,Null,2009/2010,SH 1N,PENROSE OBR,,Non-Injury Crash,Yes,2009,,South,,0,,Flat,,,,,,Bright sun,644300,0,0,0,6,,,0,,,,,,Auckland Region,Nil,2-way,Sealed,,0,0,,100,,None,0,0,,76,Auckland,Nil,,,,,0,0,Open,0,,,Fine,Null