X,Y,OBJECTID,advisorySpeed,areaUnitID,bicycle,bridge,bus,carStationWagon,cliffBank,crashDirectionDescription,crashFinancialYear,crashLocation1,crashLocation2,crashRoadSideRoad,crashSeverity,crashSHDescription,crashYear,debris,directionRoleDescription,ditch,fatalCount,fence,flatHill,guardRail,holiday,houseOrBuilding,intersection,kerb,light,meshblockId,minorInjuryCount,moped,motorcycle,NumberOfLanes,objectThrownOrDropped,otherObject,otherVehicleType,overBank,parkedVehicle,pedestrian,phoneBoxEtc,postOrPole,region,roadCharacter,roadLane,roadSurface,roadworks,schoolBus,seriousInjuryCount,slipOrFlood,speedLimit,strayAnimal,streetLight,suv,taxi,temporarySpeedLimit,tlaId,tlaName,trafficControl,trafficIsland,trafficSign,train,tree,truck,unknownVehicleType,urban,vanOrUtility,vehicle,waterRiver,weatherA,weatherB
1767116,5901135,7760,,524712,0,0,0,1,0,Null,2009/2010,SWALLOW DRIVE,SUNLANDS DRIVE,,Non-Injury Crash,No,2009,0,East,0,0,1,Flat,0,,0,,0,Dark,777402,0,0,0,2,0,0,0,0,0,,0,0,Auckland Region,Nil,2-way,Sealed,0,0,0,0,50,0,On,0,0,,76,Auckland,Nil,0,0,0,0,0,0,Urban,0,0,0,Light rain,Null
1751179,5914758,7761,,514402,0,,0,2,,South,2009/2010,ST GEORGES ROAD,CHALMERS ST,,Non-Injury Crash,No,2009,,South,,0,,Flat,,,,,,Bright sun,379200,0,0,0,2,,,0,,,,,,Auckland Region,Nil,2-way,Sealed,,0,0,,50,,Null,0,0,,76,Auckland,Unknown,,,,,0,0,Urban,0,,,Fine,Null
1754486,5930896,7762,,508520,0,,0,1,,South,2008/2009,SH 1N,SUNSET OBR,,Non-Injury Crash,Yes,2009,,South,,0,,Hill Road,,,,,,Overcast,191107,0,0,0,2,,,0,,,,,,Auckland Region,Nil,1-way,Sealed,,0,0,,100,,Null,0,0,,76,Auckland,Unknown,,,,,0,0,Open,2,,,Heavy rain,Null
1754338,5927965,7763,,508310,0,,0,2,,Null,2008/2009,CHARTWELL AVENUE,BENTLEY AVENUE,,Non-Injury Crash,No,2009,,North,,0,,Hill Road,,,,,,Overcast,200600,0,0,0,1,,,0,,,,,,Auckland Region,Nil,2-way,Sealed,,0,0,,50,,Null,0,0,,76,Auckland,Nil,,,,,0,0,Urban,0,,,Light rain,Null
1755184,5914281,7764,,518803,0,,0,2,,East,2008/2009,MOUNT ALBERT ROAD,DOMINION ROAD,,Non-Injury Crash,No,2009,,East,,0,,Flat,,,,,,Overcast,580700,0,0,0,2,,,0,,,,,,Auckland Region,Nil,2-way,Sealed,,0,0,,50,,Off,0,0,,76,Auckland,Nil,,,,,0,0,Urban,0,,,Fine,Null
1709265,5622658,7765,,553900,0,,0,2,,Null,2008/2009,CHUTE ST,FITZROY ST,,Non-Injury Crash,No,2009,,West,,0,,Flat,,,,,,Dark,1653100,0,0,0,2,,,0,,,,,,Taranaki Region,Nil,2-way,Sealed,,0,0,,50,,On,0,0,,35,South Taranaki District,Give way,,,,,0,0,Urban,0,,,Fine,Null
1754237,5447757,7766,,570600,0,,0,2,,Null,2008/2009,TIRETI ROAD,TOMS ROAD,,Non-Injury Crash,No,2009,,South,,0,,Flat,,,,,,Bright sun,2041700,0,0,0,2,,,0,,,,,,Wellington Region,Nil,2-way,Sealed,,0,0,,50,,Null,0,0,,44,Porirua City,Nil,,,,,0,0,Urban,0,,,Fine,Null
1752835,5916559,7767,,517901,0,,0,1,,West,2008/2009,NEW NORTH ROAD,MOUNT ALBERT ROAD,,Non-Injury Crash,No,2009,,East,,0,,Flat,,,,,,Bright sun,524800,0,1,0,4,,,0,,,,,,Auckland Region,Nil,2-way,Sealed,,0,0,,50,,Off,0,0,,76,Auckland,Nil,,,,,0,0,Urban,0,,,Fine,Null
1753745,5928504,7768,,508210,0,,0,2,,Null,2009/2010,GLENFIELD ROAD,CHIVALRY ROAD,,Non-Injury Crash,No,2009,,North,,0,,Flat,,,,,,Bright sun,186301,0,0,0,5,,,0,,,,,,Auckland Region,Nil,2-way,Sealed,,0,0,,50,,Null,0,0,,76,Auckland,Traffic Signals,,,,,0,0,Urban,0,,,Fine,Null
1760920,5914542,7769,,520202,0,,0,2,,South,2009/2010,GREAT SOUTH ROAD,MAREI ROAD,,Non-Injury Crash,No,2009,,North,,0,,Flat,,,,,,Bright sun,612200,0,0,0,2,,,0,,,,,,Auckland Region,Nil,2-way,Sealed,,0,0,,50,,Off,0,0,,76,Auckland,Nil,,,,,0,0,Urban,0,,,Null,Null
1751410,5912756,7770,,514600,0,,0,2,,Null,2008/2009,BOLTON ST,BOLTON STREET,,Non-Injury Crash,No,2009,,East,,0,,Flat,,,,,,Bright sun,371300,0,0,0,1,,,0,,,,,,Auckland Region,Nil,1-way,Sealed,,0,0,,50,,Off,0,0,,76,Auckland,Give way,,,,,0,0,Urban,0,,,Fine,Null
1841017,5747196,7771,65,541320,0,0,0,1,0,Null,2009/2010,SH 30 WHAKAMARU,SH 30 ONGAROTO,,Non-Injury Crash,Yes,2009,0,North,0,0,0,Flat,1,,0,,0,Overcast,1292000,0,0,0,2,0,0,0,0,0,,0,0,Waikato Region,Nil,2-way,Sealed,0,0,0,0,100,0,Null,0,0,,21,Taupo District,Give way,1,1,0,0,0,0,Open,0,0,0,Mist or Fog,Null
1772688,5895993,7772,,525410,0,,0,1,,Null,2009/2010,WELLINGTON ST,EAST ST,,Non-Injury Crash,No,2009,,East,,0,,Flat,,,,,,Bright sun,792202,0,0,0,2,,,0,,,,,,Auckland Region,Nil,2-way,Sealed,,0,0,,50,,Off,0,0,,76,Auckland,Stop,,,,,0,0,Urban,1,,,Fine,Null
1757539,5918608,7773,,517400,0,,0,2,,North,2009/2010,SH 1N,GILLIES OFF SBD,,Non-Injury Crash,Yes,2009,,South,,0,,Flat,,,,,,Overcast,449800,0,0,0,4,,,0,,,,,,Auckland Region,Nil,1-way,Sealed,,0,0,,80,,Off,0,0,,76,Auckland,Nil,,,,,0,0,Open,0,,,Fine,Null
1763342,5911523,7774,,520500,0,,0,0,,East,2009/2010,VESTEY DRIVE,GREAT SOUTH ROAD,,Non-Injury Crash,No,2009,,West,,0,,Flat,,,,,,Bright sun,637701,0,0,0,2,,,0,,,,,,Auckland Region,Nil,2-way,Sealed,,0,0,,50,,Off,1,0,,76,Auckland,Nil,,,,,1,0,Urban,0,,,Fine,Null
1762838,5913797,7775,,520401,0,0,0,1,0,Null,2008/2009,PENROSE ROAD,PANORAMA ROAD,,Non-Injury Crash,No,2009,0,West,0,0,1,Flat,0,,0,,0,Overcast,644503,0,0,0,2,0,0,0,0,0,,0,0,Auckland Region,Nil,2-way,Sealed,0,0,0,0,50,0,Null,0,0,,76,Auckland,Give way,0,0,0,0,0,0,Urban,0,0,0,Light rain,Strong wind
1755671,5930702,7776,,508520,0,,0,1,,Null,2008/2009,BLAKEBOROUGH DRIVE,WOODSTOCK ROAD,,Non-Injury Crash,No,2009,,South,,0,,Hill Road,,,,,,Overcast,190600,0,0,0,2,,,0,,,,,,Auckland Region,Nil,2-way,Sealed,,0,0,,50,,Off,0,0,,76,Auckland,Give way,,,,,0,0,Urban,1,,,Light rain,Null
1746819,5918739,7777,,512401,0,0,0,1,0,South,2009/2010,TE ATATU ROAD,EDMONTON ROAD,,Non-Injury Crash,No,2009,0,South,0,0,0,Flat,0,,0,,0,Bright sun,255600,0,0,0,2,0,0,0,0,1,,0,0,Auckland Region,Nil,2-way,Sealed,0,0,0,0,50,0,Off,0,0,,76,Auckland,Nil,0,0,0,0,0,0,Urban,1,0,0,Fine,Null
1757484,5882984,7778,,521152,0,,0,1,,Null,2008/2009,GLENBROOK ROAD,SMEATON ROAD,,Non-Injury Crash,No,2009,,South,,0,,Flat,,,,,,Bright sun,834503,0,0,0,2,,,0,,,,,,Auckland Region,Nil,2-way,Sealed,,0,0,,100,,Off,0,0,,76,Auckland,Give way,,,,,1,0,Open,0,,,Fine,Null
1764254,5909793,7779,,521802,0,,0,2,,North,2008/2009,ATKINSON AVENUE,CRITERION ST,,Non-Injury Crash,No,2009,,North,,0,,Hill Road,,,,,,Bright sun,787800,0,0,0,4,,,0,,,,,,Auckland Region,Nil,2-way,Sealed,,0,0,,50,,Null,0,0,,76,Auckland,Nil,,,,,0,0,Urban,0,,,Fine,Null
1878700,5822860,7780,,538102,0,,0,1,,Null,2008/2009,ELEVENTH AVENUE,TUTCHEN ST,,Non-Injury Crash,No,2009,,West,,0,,Flat,,,,,,Overcast,1167101,0,0,0,2,,,0,,,,,,Bay of Plenty Region,Nil,2-way,Sealed,,0,0,,50,,Null,1,0,,23,Tauranga City,Nil,,,,,0,0,Urban,0,,,Fine,Null
1764732,5910539,7781,,521801,0,,0,2,,West,2009/2010,LUKE ST,ALBERT ST,,Non-Injury Crash,No,2009,,West,,0,,Flat,,,,,,Bright sun,787000,0,0,0,2,,,0,,,,,,Auckland Region,Nil,2-way,Sealed,,0,0,,50,,Null,0,0,,76,Auckland,Unknown,,,,,0,0,Urban,0,,,Fine,Null
1760024,5447842,7782,,565602,0,0,0,0,1,East,2009/2010,SH 58,JAMES COOK DRIVE,,Non-Injury Crash,Yes,2009,0,West,0,0,0,Flat,0,,0,,0,Dark,2072406,0,0,0,2,0,0,0,0,0,,0,0,Wellington Region,Nil,2-way,Sealed,0,0,0,0,80,0,None,1,0,,44,Porirua City,Nil,0,0,0,0,0,0,Open,1,0,0,Light rain,Null
1566311,5187593,7783,,588402,0,,0,2,,Null,2009/2010,SH 1S,GREYWACKE ROAD,,Serious Crash,Yes,2009,,South,,0,,Flat,,,,,,Bright sun,2528501,0,0,0,2,,,0,,,,,,Canterbury Region,Nil,2-way,Sealed,,0,2,,80,,Null,0,0,,60,Christchurch City,Stop,,,,,1,0,Open,0,,,Fine,Null
1881025,5826511,7784,,536821,0,,0,1,,West,2009/2010,SH 2,TOTARA ST,,Non-Injury Crash,Yes,2009,,West,,0,,Flat,,,,,,Overcast,1203700,0,0,0,4,,,0,,,,,,Bay of Plenty Region,Nil,2-way,Sealed,,0,0,,70,,Null,0,0,,23,Tauranga City,Unknown,,,,,1,0,Urban,0,,,Fine,Null
1864370,5828292,7785,,536620,0,0,0,1,0,North,2009/2010,SH 2,OMOKOROA ROAD,,Non-Injury Crash,Yes,2009,0,North,0,0,0,Flat,0,,0,,0,Dark,1186201,0,0,0,2,0,0,0,0,0,,0,0,Bay of Plenty Region,Nil,2-way,Sealed,0,0,0,0,100,0,None,0,0,,22,Western Bay of Plenty District,Unknown,0,0,0,0,0,0,Open,0,0,0,Fine,Null
1746088,5927160,7786,55,513410,0,,0,1,,North,2008/2009,KAURI ROAD,RATA ROAD,,Non-Injury Crash,No,2009,,South,,0,,Flat,,,,,,Overcast,221400,0,0,0,2,,,0,,,,,,Auckland Region,Nil,2-way,Sealed,,0,0,,70,,Null,0,0,,76,Auckland,Unknown,,,,,0,0,Urban,0,,,Fine,Null
1757120,5918721,7787,,514301,0,,0,3,,Null,2009/2010,KHYBER PASS ROAD,BURLEIGH ST,,Non-Injury Crash,No,2009,,West,,0,,Hill Road,,,,,,Bright sun,441506,0,0,0,4,,,0,,,,,,Auckland Region,Nil,2-way,Sealed,,0,0,,50,,Off,0,0,,76,Auckland,Nil,,,,,0,0,Urban,0,,,Fine,Null
1767836,5910336,7788,,523112,0,,0,2,,East,2009/2010,ALLENS ROAD,HIGHBROOK DRIVE,,Non-Injury Crash,No,2009,,East,,0,,Flat,,,,,,Bright sun,711500,0,0,0,2,,,0,,,,,,Auckland Region,Nil,2-way,Sealed,,0,0,,50,,Off,0,0,,76,Auckland,Nil,,,,,0,0,Urban,0,,,Fine,Null
1756930,5918801,7789,,515600,0,0,0,4,0,Null,2009/2010,NEWTON ROAD,STABLE LANE,,Non-Injury Crash,No,2009,0,South,0,0,0,Hill Road,0,,0,,0,Bright sun,420600,0,0,0,5,0,0,0,0,0,,0,0,Auckland Region,Nil,2-way,Sealed,0,0,0,0,50,0,Off,0,0,,76,Auckland,Nil,0,0,0,0,0,0,Urban,0,2,0,Fine,Null
1797866,5818659,7790,,528403,0,,0,2,,South,2009/2010,TE RAPA ROAD,SUNSHINE AVENUE,,Non-Injury Crash,No,2009,,North,,0,,Flat,,,,,,Overcast,908100,0,0,0,4,,,0,,,,,,Waikato Region,Nil,2-way,Sealed,,0,0,,60,,Null,0,0,,16,Hamilton City,Give way,,,,,0,0,Urban,0,,,Fine,Null
1306965,4874525,7791,,607300,0,1,0,1,0,East,2008/2009,SH 93,HURST ROAD,,Minor Crash,Yes,2009,0,East,0,0,0,Hill Road,0,,0,,0,Overcast,3000800,2,0,0,2,0,0,0,0,0,,0,0,Otago Region,Bridge,2-way,Sealed,0,0,0,0,100,0,Null,0,0,,72,Clutha District,Unknown,0,0,0,0,1,0,Open,0,0,0,Heavy rain,Null
1768194,5881916,7792,,525910,0,,0,2,,North,2008/2009,BEATTY ROAD,MCSHANE ST,,Non-Injury Crash,No,2009,,North,,0,,Hill Road,,,,,,Dark,819700,0,0,0,2,,,0,,,,,,Auckland Region,Nil,2-way,Sealed,,0,0,,50,,On,0,0,,76,Auckland,Nil,,,,,0,0,Urban,0,,,Light rain,Null
1731299,6040433,7793,55,501818,0,0,0,0,0,North,2009/2010,WHANGAREI HEADS ROAD,CRISP ROAD,,Non-Injury Crash,No,2009,0,South,0,0,1,Flat,0,,0,,0,Overcast,73601,0,0,0,2,0,0,0,1,0,,0,0,Northland Region,Nil,2-way,Sealed,0,0,0,0,100,0,None,1,0,,2,Whangarei District,Nil,0,0,0,0,0,0,Open,0,0,0,Light rain,Null
1851317,5857870,7794,,534400,0,,0,1,,East,2008/2009,SH 2,DEVON ST,,Non-Injury Crash,Yes,2009,,West,,0,,Flat,,,,,,Overcast,1078500,0,0,0,2,,,0,,,,,,Waikato Region,Nil,2-way,Sealed,,0,0,,50,,Null,1,0,,12,Hauraki District,Unknown,,,,,0,0,Urban,0,,,Fine,Null
1763837,5910187,7795,,521901,0,,0,2,,Null,2009/2010,GREAT SOUTH ROAD,HUIA ROAD,,Non-Injury Crash,No,2009,,East,,0,,Flat,,,,,,Overcast,782600,0,0,0,2,,,0,,,,,,Auckland Region,Nil,2-way,Sealed,,0,0,,50,,Off,0,0,,76,Auckland,Traffic Signals,,,,,0,0,Urban,0,,,Light rain,Null
1769904,5900385,7796,,523816,0,0,0,0,0,North,2008/2009,SH 1N,GT SOUTH OBR,,Non-Injury Crash,Yes,2009,0,South,0,0,0,Flat,1,,0,,0,Twilight,759734,0,0,0,2,0,0,0,0,0,,0,0,Auckland Region,Nil,2-way,Sealed,0,0,0,0,100,0,Off,1,0,,76,Auckland,Unknown,0,0,0,0,0,0,Open,0,0,0,Fine,Null
1768657,5905323,7797,,523722,0,,0,2,,Null,2009/2010,TE IRIRANGI DRIVE,BOUNDARY ROAD,,Non-Injury Crash,No,2009,,West,,0,,Flat,,,,,,Overcast,715910,0,0,0,2,,,0,,,,,,Auckland Region,Nil,2-way,Sealed,,0,0,,50,,Off,0,0,,76,Auckland,Traffic Signals,,,,,0,0,Urban,0,,,Fine,Null
1312320,4951758,7798,,607501,0,0,0,1,0,East,2008/2009,ROXBURGH EAST ROAD,LADYSMITH ROAD,,Non-Injury Crash,No,2009,0,East,0,0,1,Flat,0,,0,,0,Bright sun,3006200,0,0,0,2,0,0,0,0,0,,0,0,Otago Region,Nil,2-way,Sealed,0,0,0,0,100,0,Null,0,0,,69,Central Otago District,Unknown,0,0,0,0,0,0,Open,0,0,0,Fine,Null
1761103,5914964,7799,,520202,0,,0,3,,South,2009/2010,SH 1N,MAIN OBR,,Non-Injury Crash,Yes,2009,,South,,0,,Flat,,,,,,Overcast,611900,0,0,0,3,,,0,,,,,,Auckland Region,Nil,1-way,Sealed,,0,0,,100,,Null,0,0,,76,Auckland,Unknown,,,,,0,0,Open,0,,,Light rain,Null
1748277,5426898,7800,,573101,0,,0,2,,Null,2009/2010,PALMER ST,WILLIS ST,,Non-Injury Crash,No,2009,,East,,0,,Flat,,,,,,Overcast,2132400,0,0,0,2,,,0,,,,,,Wellington Region,Nil,2-way,Sealed,,0,0,,50,,Null,0,1,,47,Wellington City,Nil,,,,,0,0,Urban,0,,,Fine,Null
1341337,4873678,7801,75,607300,0,0,1,0,0,East,2009/2010,SH 1S,CLUTHA DOWNS ROAD,,Minor Crash,Yes,2009,0,East,0,0,1,Flat,0,,0,,0,Dark,3002100,1,0,0,2,0,0,0,1,0,,0,0,Otago Region,Nil,2-way,Sealed,0,0,0,0,100,0,None,0,0,,72,Clutha District,Unknown,0,0,0,0,0,0,Open,0,0,0,Fine,Null
1774148,5896519,7802,,525620,0,,0,2,,South,2009/2010,KELVIN ROAD,SHEEHAN AVENUE,,Non-Injury Crash,No,2009,,East,,0,,Flat,,,,,,Overcast,798200,0,0,0,2,,,0,,,,,,Auckland Region,Nil,2-way,Sealed,,0,0,,50,,Null,0,0,,76,Auckland,Give way,,,,,0,0,Urban,0,,,Fine,Null
1751925,5915485,7803,,517901,0,,0,2,,Null,2009/2010,NEW NORTH ROAD,BOLLARD AVENUE,,Non-Injury Crash,No,2009,,East,,0,,Flat,,,,,,Twilight,523800,0,0,0,3,,,0,,,,,,Auckland Region,Nil,2-way,Sealed,,0,0,,50,,On,0,0,,76,Auckland,Stop,,,,,0,0,Urban,0,,,Light rain,Null
1811983,5456124,7804,,579700,0,,0,1,,Null,2009/2010,BELVEDERE ROAD,LINCOLN ROAD,,Minor Crash,No,2009,,North,,0,,Flat,,,,,,Dark,2257700,1,0,0,2,,,0,,,,,,Wellington Region,Nil,2-way,Sealed,,0,0,,50,,On,1,0,,49,Carterton District,Give way,,,,,0,0,Urban,0,,,Fine,Null
1748703,5426958,7805,,573101,0,,0,2,,East,2008/2009,SH 1N,MARION ST,,Non-Injury Crash,Yes,2009,,East,,0,,Flat,,,,,,Dark,2133700,0,0,0,2,,,0,,,,,,Wellington Region,Nil,2-way,Sealed,,0,0,,50,,On,0,0,,47,Wellington City,Nil,,,,,0,0,Urban,0,,,Fine,Null
1758233,5425776,7806,,570300,0,,0,2,,West,2008/2009,NIKAU ST,MURITAI ROAD,,Non-Injury Crash,No,2009,,West,,0,,Flat,,,,,,Overcast,1985700,0,0,0,2,,,0,,,,,,Wellington Region,Nil,2-way,Sealed,,0,0,,50,,Null,0,0,,46,Lower Hutt City,Nil,,,,,0,0,Urban,0,,,Fine,Null
1754740,5930625,7807,,508520,0,,0,1,,South,2009/2010,SH 1N,UPPER HWY ON SBD,,Non-Injury Crash,Yes,2009,,South,,0,,Hill Road,,,,,,Overcast,191104,0,0,0,3,,,0,,,,,,Auckland Region,Nil,1-way,Sealed,,0,0,,100,,Off,0,0,,76,Auckland,Nil,,,,,1,0,Open,0,,,Fine,Null
1744985,5913352,7808,,512906,0,,0,2,,Null,2009/2010,GLENGARRY ROAD,SOLAR ROAD,,Non-Injury Crash,No,2009,,North,,0,,Flat,,,,,,Overcast,278603,0,0,0,2,,,0,,,,,,Auckland Region,Nil,2-way,Sealed,,0,0,,50,,Null,0,0,,76,Auckland,Stop,,,,,0,0,Urban,0,,,Fine,Null
1634082,5283297,7809,,585601,0,0,0,1,1,South,2009/2010,SH 1S,CONWAY RIV BR,,Serious Crash,Yes,2009,0,North,0,0,0,Hill Road,0,,0,,0,Bright sun,2431400,0,0,0,2,0,0,0,0,0,,0,0,Canterbury Region,Nil,2-way,Sealed,0,0,1,0,100,0,Null,0,0,,58,Hurunui District,Unknown,0,0,0,0,0,0,Open,0,0,0,Fine,Null
1771705,5899048,7810,,523911,0,,0,1,,Null,2009/2010,PORCHESTER ROAD,AIRFIELD ROAD,,Non-Injury Crash,No,2009,,East,,0,,Flat,,,,,,Bright sun,767004,0,0,0,2,,,0,,,,,,Auckland Region,Nil,2-way,Sealed,,0,0,,50,,None,0,0,,76,Auckland,Give way,,,,,1,0,Urban,0,,,Fine,Null
1754265,5931129,7811,,508420,0,,0,2,,North,2009/2010,SH 1N,UPPER HWY OFF NBD,,Non-Injury Crash,Yes,2009,,North,,0,,Flat,,,,,,Dark,182001,0,0,0,3,,,0,,,,,,Auckland Region,Nil,1-way,Sealed,,0,0,,100,,On,0,0,,76,Auckland,Nil,,,,,0,0,Open,0,,,Fine,Null
1752169,5934505,7812,,508701,0,,0,2,,Null,2009/2010,OTEHA VALLEY ROAD,APPIAN WAY,,Non-Injury Crash,No,2009,,West,,0,,Flat,,,,,,Bright sun,179000,0,0,0,4,,,0,,,,,,Auckland Region,Nil,2-way,Sealed,,0,0,,60,,Off,0,0,,76,Auckland,Give way,,,,,0,0,Urban,0,,,Fine,Null
1749426,5913907,7813,,511302,0,,0,2,,South,2008/2009,TITIRANGI ROAD,GREAT NORTH ROAD,,Non-Injury Crash,No,2009,,North,,0,,Flat,,,,,,Overcast,268900,0,0,0,5,,,0,,,,,,Auckland Region,Nil,2-way,Sealed,,0,0,,50,,Off,0,0,,76,Auckland,Traffic Signals,,,,,0,0,Urban,0,,,Fine,Null
1823909,5463308,7814,,578600,0,0,0,2,0,West,2008/2009,QUEEN ST,BANNISTER ST,,Non-Injury Crash,No,2009,0,North,0,0,0,Flat,0,,0,,0,Bright sun,2242800,0,0,0,2,0,0,0,0,1,,0,0,Wellington Region,Nil,2-way,Sealed,0,0,0,0,50,0,Null,0,0,,48,Masterton District,Nil,0,0,0,0,0,0,Urban,0,0,0,Fine,Null
1936761,5621505,7815,,546802,0,,1,1,,Null,2008/2009,TENNYSON ST,DALTON ST,,Non-Injury Crash,No,2009,,East,,0,,Flat,,,,,,Overcast,1423600,0,0,0,2,,,0,,,,,,Hawke's Bay Region,Nil,2-way,Sealed,,0,0,,50,,Null,0,0,,31,Napier City,Traffic Signals,,,,,0,0,Urban,0,,,Fine,Null
1768492,5900663,7816,,525101,0,,0,2,,Null,2009/2010,CHURCHILL AVENUE,WEYMOUTH ROAD,,Non-Injury Crash,No,2009,,West,,0,,Flat,,,,,,Bright sun,771100,0,0,0,2,,,0,,,,,,Auckland Region,Nil,2-way,Sealed,,0,0,,50,,Off,0,0,,76,Auckland,Give way,,,,,0,0,Urban,0,,,Fine,Null
1754760,5911399,7817,20,519001,0,,0,1,,South,2008/2009,WAIKOWHAI ROAD,HILLSBOROUGH ROAD,,Non-Injury Crash,No,2009,,North,,0,,Hill Road,,,,,,Bright sun,591800,0,0,0,2,,,0,,,,,,Auckland Region,Nil,2-way,Sealed,,0,0,,50,,Null,0,0,,76,Auckland,Unknown,,,,,0,0,Urban,1,,,Fine,Null
1757715,5920832,7818,,514103,0,,0,1,,Null,2009/2010,GORE ST,CUSTOMS ST EAST,,Non-Injury Crash,No,2009,,North,,0,,Flat,,,,,,Dark,438104,0,0,0,2,,,0,,,,,,Auckland Region,Nil,2-way,Sealed,,0,0,,50,,On,1,0,,76,Auckland,Traffic Signals,,,,,0,0,Urban,0,,,Fine,Null
1753648,5929961,7819,,508420,0,0,0,2,0,South,2009/2010,SUNSET ROAD,TENBLESS COURT,,Non-Injury Crash,No,2009,0,South,0,0,0,Hill Road,0,,0,,0,Dark,182804,0,0,0,1,0,0,0,0,1,,0,0,Auckland Region,Nil,2-way,Sealed,0,0,0,0,50,0,On,0,0,,76,Auckland,Nil,0,0,0,0,0,0,Urban,0,0,0,Fine,Null
1752153,5932465,7820,,508807,0,,0,2,,South,2008/2009,BUSH ROAD,ROSEDALE ROAD,,Non-Injury Crash,No,2009,,North,,0,,Flat,,,,,,Overcast,180810,0,0,0,6,,,0,,,,,,Auckland Region,Nil,2-way,Sealed,,0,0,,50,,Off,0,0,,76,Auckland,Traffic Signals,,,,,0,0,Urban,0,,,Fine,Null
1886909,5772606,7821,,538722,0,0,0,1,0,East,2009/2010,SH 30,HAMIORA PLACE,,Non-Injury Crash,Yes,2009,0,West,0,0,0,Flat,0,,0,,0,Dark,1257700,0,0,0,4,0,0,0,0,0,,0,1,Bay of Plenty Region,Nil,2-way,Sealed,0,0,0,0,70,0,On,0,0,,24,Rotorua District,Unknown,1,0,0,0,0,0,Urban,0,0,0,Fine,Null
1490634,5377622,7822,,584410,0,0,0,0,1,East,2008/2009,SH 67,MOUNT ROCHFORT ROAD,,Non-Injury Crash,Yes,2009,0,East,1,0,0,Flat,0,Easter,0,,0,Overcast,2387601,0,0,0,2,0,0,0,0,0,,0,0,West Coast Region,Nil,2-way,Sealed,0,0,0,0,100,0,Null,1,0,,55,Buller District,Unknown,0,0,0,0,0,0,Open,0,0,0,Fine,Null
1766598,5685131,7823,,532700,0,,0,1,,East,2008/2009,SH 43,TANGARAKAU NORTH ROAD,,Non-Injury Crash,Yes,2009,,South,,0,,Hill Road,,,,,,Bright sun,1027300,0,0,0,2,,,0,,,,,,Manawatū-Whanganui Region,Nil,2-way,Unsealed,,0,0,,100,,Null,0,0,,36,Ruapehu District,Nil,,,,,1,0,Open,0,,,Fine,Null
1751767,5949584,7824,,505805,0,0,0,2,0,West,2009/2010,TAMARIKI AVENUE,HIBISCUS COAST HIGHWAY,,Non-Injury Crash,No,2009,0,North,0,0,0,Flat,0,,0,,0,Twilight,172102,0,0,0,2,0,0,0,0,1,,0,0,Auckland Region,Nil,2-way,Sealed,0,0,0,0,50,0,Off,0,0,,76,Auckland,Nil,0,0,0,0,0,0,Urban,0,0,0,Fine,Null
1774150,5897218,7825,,525610,0,,0,2,,Null,2008/2009,CLEVEDON ROAD,COSGRAVE ROAD,,Non-Injury Crash,No,2009,,East,,0,,Flat,,,,,,Bright sun,796500,0,0,0,2,,,0,,,,,,Auckland Region,Nil,2-way,Sealed,,0,0,,50,,Null,0,0,,76,Auckland,Nil,,,,,0,0,Urban,0,,,Fine,Null
1757952,5913492,7826,,518600,0,,0,2,,Null,2008/2009,MOUNT ALBERT ROAD,CROWN ST,,Non-Injury Crash,No,2009,,East,,0,,Flat,,,,,,Dark,567300,0,0,0,4,,,0,,,,,,Auckland Region,Nil,2-way,Sealed,,0,0,,50,,On,0,0,,76,Auckland,Stop,,,,,0,0,Urban,0,,,Light rain,Null
1797427,5813964,7827,,528602,0,0,0,1,0,West,2009/2010,AMANDA AVENUE,PHOENIX PLACE,,Non-Injury Crash,No,2009,0,East,0,0,0,Hill Road,0,,0,,0,Dark,921503,0,0,0,1,0,0,0,0,0,,0,0,Waikato Region,Nil,2-way,Sealed,0,0,0,0,50,0,On,0,0,,16,Hamilton City,Nil,0,0,0,1,0,0,Urban,0,0,0,Fine,Null
1709201,5649913,7828,,552900,0,,0,1,,Null,2008/2009,SH 3,BEACONSFIELD ROAD,,Non-Injury Crash,Yes,2009,,South,,0,,Flat,,,,,,Bright sun,1618300,0,0,0,2,,,0,,,,,,Taranaki Region,Nil,2-way,Sealed,,0,0,,70,,Null,0,0,,34,Stratford District,Give way,,,,,0,0,Urban,1,,,Fine,Null
1748535,5913533,7829,,511401,0,0,0,2,0,South,2009/2010,NORTHALL ROAD,FRUITVALE ROAD,,Non-Injury Crash,No,2009,0,West,0,0,0,Hill Road,0,,0,,0,Dark,263200,0,0,0,2,0,0,0,0,0,,0,0,Auckland Region,Nil,2-way,Sealed,0,0,0,0,50,0,On,0,0,,76,Auckland,Nil,0,0,0,0,0,0,Urban,0,1,0,Fine,Null
1776258,5447677,7830,,566620,0,,0,1,,North,2009/2010,SH 2,AKATARAWA ROAD,,Non-Injury Crash,Yes,2009,,South,,0,,Hill Road,,Labour Weekend,,,,Bright sun,1912101,0,0,0,2,,,0,,,,,,Wellington Region,Nil,2-way,Sealed,,0,0,,70,,Null,3,0,,45,Upper Hutt City,Nil,,,,,0,0,Urban,1,,,Fine,Null
1732995,5950533,7831,,506646,0,0,0,1,0,North,2009/2010,SH 16,QUAIL ROAD,,Non-Injury Crash,Yes,2009,0,South,1,0,0,Flat,0,,0,,0,Twilight,212406,0,0,0,2,0,0,0,0,0,,0,0,Auckland Region,Nil,2-way,Sealed,0,0,0,0,100,0,None,0,0,,76,Auckland,Unknown,0,0,0,0,0,0,Open,0,0,0,Fine,Null