X,Y,OBJECTID,advisorySpeed,areaUnitID,bicycle,bridge,bus,carStationWagon,cliffBank,crashDirectionDescription,crashFinancialYear,crashLocation1,crashLocation2,crashRoadSideRoad,crashSeverity,crashSHDescription,crashYear,debris,directionRoleDescription,ditch,fatalCount,fence,flatHill,guardRail,holiday,houseOrBuilding,intersection,kerb,light,meshblockId,minorInjuryCount,moped,motorcycle,NumberOfLanes,objectThrownOrDropped,otherObject,otherVehicleType,overBank,parkedVehicle,pedestrian,phoneBoxEtc,postOrPole,region,roadCharacter,roadLane,roadSurface,roadworks,schoolBus,seriousInjuryCount,slipOrFlood,speedLimit,strayAnimal,streetLight,suv,taxi,temporarySpeedLimit,tlaId,tlaName,trafficControl,trafficIsland,trafficSign,train,tree,truck,unknownVehicleType,urban,vanOrUtility,vehicle,waterRiver,weatherA,weatherB
1823096,5530554,7832,,562500,0,,0,1,,South,2008/2009,RUAHINE ST,GREY ST,,Non-Injury Crash,No,2009,,North,,0,,Flat,,,,,,Bright sun,1842600,0,0,0,2,,,0,,,,,,Manawatū-Whanganui Region,Nil,2-way,Sealed,,0,0,,50,,Null,0,0,,40,Palmerston North City,Nil,,,,,1,0,Urban,0,,,Fine,Null
1769565,5901834,7833,,524901,0,0,0,1,0,North,2008/2009,SH 1N,HILL OBR,,Non-Injury Crash,Yes,2009,0,North,0,0,0,Flat,0,,0,,0,Dark,755600,0,0,0,3,0,0,0,0,0,,0,0,Auckland Region,Nil,1-way,Sealed,0,0,0,0,100,0,On,0,0,,76,Auckland,Nil,0,0,0,1,0,0,Open,0,0,0,Heavy rain,Null
1851805,5858143,7834,,534400,0,0,0,1,1,Null,2008/2009,SEDDON ST,GILMOUR ST,,Non-Injury Crash,No,2009,0,North,0,0,0,Flat,0,,0,,0,Dark,1079300,0,0,0,2,0,0,0,0,0,,1,0,Waikato Region,Nil,2-way,Sealed,0,0,0,0,50,0,On,0,0,,12,Hauraki District,Nil,0,0,0,0,0,0,Urban,0,0,0,Light rain,Null
1758130,5917793,7835,,515700,0,,0,2,,Null,2009/2010,GILLIES AVENUE,GILLIES ON NBD,,Non-Injury Crash,No,2009,,North,,0,,Flat,,,,,,Bright sun,443401,0,0,0,2,,,0,,,,,,Auckland Region,Motorway ramp,2-way,Sealed,,0,0,,50,,Off,0,0,,76,Auckland,Traffic Signals,,,,,0,0,Urban,0,,,Fine,Null
1870893,5816814,7836,,536514,0,0,0,1,0,North,2008/2009,SH 29,BELK ROAD,,Non-Injury Crash,Yes,2009,0,South,0,0,0,Hill Road,0,,0,,1,Overcast,1191202,0,0,0,2,0,0,0,0,0,,0,0,Bay of Plenty Region,Nil,2-way,Sealed,0,0,0,0,100,0,Null,0,0,,23,Tauranga City,Unknown,0,0,0,0,0,0,Open,0,0,0,Fine,Null
1741507,5915973,7837,,513020,0,0,0,1,0,North,2009/2010,VINEYARD ROAD,SEIBEL ROAD,,Non-Injury Crash,No,2009,0,South,0,0,1,Hill Road,0,,0,,0,Overcast,279900,0,0,0,2,0,0,0,0,0,,0,0,Auckland Region,Nil,2-way,Sealed,0,0,0,0,50,0,Null,0,0,,76,Auckland,Unknown,0,0,0,0,0,0,Urban,0,0,0,Light rain,Null
1498920,5138244,7838,,597820,0,0,0,1,0,Null,2008/2009,SMALLBONE DRIVE,SH 77,,Non-Injury Crash,Yes,2009,0,South,0,0,0,Flat,0,,0,,0,Overcast,2738900,0,0,0,2,0,0,0,0,0,,0,0,Canterbury Region,Nil,2-way,Sealed,0,0,0,0,50,0,Null,0,0,,63,Ashburton District,Give way,0,0,0,1,0,0,Urban,0,0,0,Fine,Null
1770048.0875,5877561.2752,7839,,525922,0,0,0,1,0,South,2009/2010,TUAKAU ROAD,RAY WRIGHT ROAD,,Non-Injury Crash,No,2009,0,South,1,0,0,Flat,0,,0,,0,Bright sun,824302,0,0,0,2,0,0,0,0,0,,0,0,Auckland Region,Nil,2-way,Sealed,0,0,0,0,100,0,None,0,0,,76,Auckland,Nil,0,0,0,1,0,0,Open,0,0,0,Fine,Null
1775864,5448066,7840,,566620,0,0,0,1,0,Null,2008/2009,Z DWAY HARCOURT PARK,AKATARAWA ROAD,,Non-Injury Crash,No,2009,0,North,0,0,0,Flat,1,,0,,0,Overcast,1911600,0,0,0,1,0,0,0,0,0,,0,0,Wellington Region,Nil,Off road,Unsealed,0,0,0,0,50,0,Null,0,0,,45,Upper Hutt City,Nil,0,0,0,1,0,0,Urban,0,0,0,Fine,Null
1405873,4914841,7841,,604300,0,,0,2,,Null,2009/2010,KING EDWARD ST,CAMERON ST,,Minor Crash,No,2009,,South,,0,,Flat,,Christmas New Year,,,,Overcast,2932800,1,0,0,2,,,0,,,,,,Otago Region,Nil,2-way,Sealed,,0,0,,50,,Null,0,0,,71,Dunedin City,Give way,,,,,0,0,Urban,0,,,Light rain,Null
1876748,5824956,7842,,537202,1,,0,1,,East,2009/2010,GRANGE ROAD,PARKVALE ROAD,,Non-Injury Crash,No,2009,,East,,0,,Flat,,,,,,Overcast,1158101,0,0,0,2,,,0,,,,,,Bay of Plenty Region,Nil,2-way,Sealed,,0,0,,50,,Null,0,0,,23,Tauranga City,Unknown,,,,,0,0,Urban,0,,,Fine,Null
1768532,5902569,7843,,524602,0,,0,2,,Null,2009/2010,ALICANTE AVENUE,ORAMS ROAD,,Non-Injury Crash,No,2009,,North,,0,,Flat,,,,,,Bright sun,780700,0,0,0,2,,,0,,,,,,Auckland Region,Nil,2-way,Sealed,,0,0,,50,,Off,0,0,,76,Auckland,Give way,,,,,0,0,Urban,0,,,Fine,Null
1765100,5902358,7844,,524604,0,,0,2,,North,2009/2010,HA CRESCENT,HAUTU DRIVE,,Non-Injury Crash,No,2009,,North,,0,,Flat,,,,,,Overcast,781200,0,0,0,2,,,0,,,,,,Auckland Region,Nil,2-way,Sealed,,0,0,,50,,Null,0,0,,76,Auckland,Unknown,,,,,0,0,Urban,0,,,Fine,Null
1782040,5810995,7845,,526601,0,,0,1,,East,2008/2009,SH 23,COGSWELL ROAD,,Non-Injury Crash,Yes,2009,,West,,0,,Hill Road,,,,,,Overcast,859703,0,0,0,2,,,0,,,,,,Waikato Region,Nil,2-way,Sealed,,0,0,,100,,None,0,0,,13,Waikato District,Nil,,,,,0,0,Open,0,,,Heavy rain,Null
1405109,4915606,7846,,604110,0,0,0,2,0,South,2009/2010,COCHRANE ST,NEIDPATH ROAD,,Non-Injury Crash,No,2009,0,South,0,0,0,Flat,0,,0,,0,Dark,2920700,0,0,0,2,0,0,0,0,1,,0,0,Otago Region,Nil,2-way,Sealed,0,0,0,0,50,0,On,0,0,,71,Dunedin City,Unknown,0,0,0,0,0,0,Urban,0,0,0,Fine,Null
1770449,5889674,7847,,521202,0,1,0,0,0,East,2009/2010,SH 22,WOODLYN DRIVE,,Non-Injury Crash,Yes,2009,0,West,0,0,0,Hill Road,0,,0,,0,Overcast,807100,0,0,0,2,0,0,0,0,0,,0,0,Auckland Region,Bridge,2-way,Sealed,0,0,0,0,100,0,None,1,0,,76,Auckland,Nil,0,0,0,0,0,0,Open,0,0,0,Fine,Null
1843081,5677937,7848,,541501,0,0,0,0,0,South,2009/2010,SH 1N,SH 41,,Non-Injury Crash,Yes,2009,0,North,0,0,0,Flat,0,,0,,0,Overcast,1288804,0,0,0,3,0,0,0,1,0,,0,0,Waikato Region,Nil,2-way,Sealed,0,0,0,0,100,0,Null,1,0,,21,Taupo District,Unknown,0,0,0,0,1,0,Open,0,0,0,Fine,Null
1592823,5154372,7849,,596901,0,,0,1,,South,2009/2010,WAINUI MAIN ROAD,MOORES ROAD,,Minor Crash,No,2009,,North,,0,,Hill Road,,,,,,Dark,2714500,1,0,0,2,,,0,,,,,,Canterbury Region,Nil,2-way,Sealed,,0,0,,100,,None,0,0,,60,Christchurch City,Unknown,,,,,0,0,Open,0,,,Fine,Null
1753781,5936736,7850,,508703,0,,1,1,,Null,2008/2009,GLENVAR ROAD,EAST COAST ROAD,,Non-Injury Crash,No,2009,,West,,0,,Hill Road,,,,,,Overcast,179213,0,0,0,2,,,0,,,,,,Auckland Region,Nil,2-way,Sealed,,0,0,,50,,Off,0,0,,76,Auckland,Give way,,,,,0,0,Urban,0,,,Light rain,Null
1882175,5778760,7851,,538602,0,0,0,1,0,South,2009/2010,SH 5,HENDERSON ROAD,,Non-Injury Crash,Yes,2009,0,North,0,0,0,Flat,0,Christmas New Year,0,,0,Dark,1247800,0,0,0,2,0,0,0,0,0,,0,0,Bay of Plenty Region,Nil,2-way,Sealed,0,0,0,0,80,0,None,0,0,,24,Rotorua District,Unknown,0,0,0,0,0,0,Open,0,0,0,Fine,Null
1628464,6122834,7852,,500208,0,,0,1,,West,2009/2010,SH 10,CHURCH ROAD,,Non-Injury Crash,Yes,2009,,East,,0,,Flat,,,,,,Dark,7900,0,0,0,2,,,0,,,,,,Northland Region,Nil,2-way,Sealed,,0,0,,100,,None,0,0,,1,Far North District,Nil,,,,,0,0,Open,0,,,Fine,Null
1745727,5917388,7853,,510700,0,,0,1,,Null,2009/2010,EDMONTON ROAD,ALDERMAN DRIVE,,Non-Injury Crash,No,2009,,North,,0,,Flat,,,,,,Overcast,240401,0,0,0,2,,,0,,,,,,Auckland Region,Nil,2-way,Sealed,,0,0,,50,,None,1,0,,76,Auckland,Give way,,,,,0,0,Urban,0,,,Fine,Null
1574247,5181233,7854,,593400,0,0,0,0,0,Null,2008/2009,WAINONI ROAD,KERRS ROAD,,Non-Injury Crash,No,2009,0,North,0,0,0,Flat,0,Queens Birthday,0,,0,Dark,2613900,0,0,0,2,0,0,0,0,0,,1,1,Canterbury Region,Nil,2-way,Sealed,0,0,0,0,50,0,On,1,0,,60,Christchurch City,Give way,0,0,0,0,0,0,Urban,0,0,0,Fine,Null
1702921,6071711,7855,,501620,0,0,0,1,0,South,2008/2009,SH 1N,MAROMAKU-TOWAI ROAD,,Non-Injury Crash,Yes,2009,0,South,1,0,0,Flat,0,,0,,0,Dark,44902,0,0,0,2,0,0,0,0,0,,0,0,Northland Region,Nil,2-way,Sealed,0,0,0,0,100,0,None,0,0,,1,Far North District,Unknown,0,0,0,0,0,0,Open,0,0,0,Heavy rain,Null
1623939,5431038,7856,,582500,0,0,0,2,0,West,2008/2009,NEW ST,HALSTEAD ST,,Non-Injury Crash,No,2009,0,East,0,0,0,Flat,0,,0,,0,Bright sun,2320200,0,0,0,2,0,0,0,0,1,,0,0,Nelson Region,Nil,2-way,Sealed,0,0,0,0,50,0,Null,0,0,,52,Nelson City,Nil,0,0,0,0,0,0,Urban,0,0,0,Fine,Null
1757761,5919610,7857,,514301,0,,0,1,,Null,2008/2009,WELLESLEY ST BRIDGE,GRAFTON ROAD,,Non-Injury Crash,No,2009,,West,,0,,Flat,,,,,,Overcast,440400,0,0,0,3,,,0,,,,,,Auckland Region,Nil,1-way,Sealed,,0,0,,50,,Null,0,0,,76,Auckland,Traffic Signals,,,,,1,0,Urban,0,,,Light rain,Null
1770922,5913742,7858,,523101,0,,0,2,,Null,2009/2010,BOTANY ROAD,LEXINGTON DRIVE,,Non-Injury Crash,No,2009,,North,,0,,Flat,,,,,,Bright sun,710534,0,0,0,2,,,0,,,,,,Auckland Region,Nil,2-way,Sealed,,0,0,,60,,Null,0,0,,76,Auckland,Stop,,,,,0,0,Urban,0,,,Fine,Null
1743716,5919372,7859,,513212,0,,0,2,,Null,2008/2009,UNIVERSAL DRIVE,SWANSON ROAD,,Non-Injury Crash,No,2009,,West,,0,,Flat,,,,,,Dark,235600,0,0,0,2,,,0,,,,,,Auckland Region,Nil,2-way,Sealed,,0,0,,50,,On,0,0,,76,Auckland,Give way,,,,,0,0,Urban,0,,,Fine,Null
1596136,5242398,7860,,585700,0,0,0,2,0,South,2009/2010,SH 1S,VALLEY ROAD,,Minor Crash,Yes,2009,0,West,0,0,0,Flat,1,,0,,0,Bright sun,2438000,3,0,1,2,0,0,0,0,0,,0,0,Canterbury Region,Nil,2-way,Sealed,0,0,0,0,100,0,Null,0,0,,58,Hurunui District,Unknown,0,0,0,0,0,0,Open,0,0,0,Fine,Null
1800911,5811696,7861,,529300,0,,1,1,,Null,2009/2010,SH 3,SAXBYS ROAD,,Non-Injury Crash,Yes,2009,,North,,0,,Flat,,,,,,Bright sun,926700,0,0,0,2,,,0,,,,,,Waikato Region,Nil,2-way,Sealed,,0,0,,60,,Null,0,0,,16,Hamilton City,Give way,,,,,0,0,Urban,0,,,Fine,Null
1239178,4877355,7862,,610040,0,,0,0,,West,2008/2009,GAP ROAD WEST W,SH 6,,Non-Injury Crash,No,2009,,West,,0,,Flat,,,,,,Bright sun,3074801,0,0,0,2,,,0,,,,,,Southland Region,Nil,2-way,Sealed,,0,0,,100,,Null,0,0,,73,Southland District,Unknown,,,,,2,0,Open,0,,,Fine,Null
1765461,5908961,7863,,523402,0,,0,1,,North,2008/2009,SH 1N,HIGHBROOK OBR,,Non-Injury Crash,Yes,2009,,South,,0,,Flat,,,,,,Overcast,696900,0,0,0,3,,,0,,,,,,Auckland Region,Nil,2-way,Sealed,,0,0,,100,,Null,0,0,,76,Auckland,Unknown,,,,,0,0,Open,1,,,Heavy rain,Null
1677810,6019652,7864,,504501,0,,0,1,,East,2008/2009,MOUNT WESLEY COAST ROAD,OLD GOLF COURSE ROAD,,Non-Injury Crash,No,2009,,East,,0,,Hill Road,,,,,,Dark,124300,0,0,0,2,,,0,,,,,,Northland Region,Nil,2-way,Sealed,,0,0,,100,,None,0,0,,3,Kaipara District,Nil,,,,,0,0,Open,0,,,Fine,Null
1748811,5425486,7865,,576301,0,,0,0,,South,2009/2010,Z CPK ADELAIDE MOTEL,ADELAIDE/JOHN,,Minor Crash,No,2009,,North,,0,,Hill Road,,,,,,Bright sun,2163500,1,0,0,0,,,0,,,1,,,Wellington Region,Nil,Off road,Sealed,,0,0,,50,,Null,1,0,,47,Wellington City,Nil,,,,,0,0,Urban,0,,,Fine,Null
1753988,5911627,7866,,519001,0,0,0,1,0,East,2008/2009,HILLSBOROUGH ROAD,KINGSHAVEN CLOSE,,Non-Injury Crash,No,2009,0,West,0,0,1,Hill Road,0,Easter,0,,0,Dark,591501,0,0,0,2,0,0,0,0,0,,0,0,Auckland Region,Nil,2-way,Sealed,0,0,0,0,50,0,On,0,0,,76,Auckland,Unknown,0,0,0,0,0,0,Urban,0,0,0,Fine,Null
1753157,5928764,7867,,508412,0,0,0,1,0,Null,2008/2009,EASTON PARK PARADE,MANUKA ROAD,,Non-Injury Crash,No,2009,0,East,0,0,1,Flat,0,,0,,0,Dark,184400,0,0,0,2,0,0,0,0,0,,0,0,Auckland Region,Nil,2-way,Sealed,0,0,0,0,50,0,On,0,0,,76,Auckland,Traffic Signals,0,0,0,0,0,0,Urban,0,0,0,Light rain,Null
1762955,5907755,7868,,524301,0,,0,2,,Null,2008/2009,MASSEY ROAD,TENNESSEE AVENUE,,Non-Injury Crash,No,2009,,South,,0,,Flat,,,,,,Dark,747401,0,0,0,2,,,0,,,,,,Auckland Region,Nil,2-way,Sealed,,0,0,,50,,On,0,0,,76,Auckland,Give way,,,,,0,0,Urban,0,,,Light rain,Null
1733167,5929690,7869,,505601,0,,0,1,,Null,2009/2010,WAIMAUKAU STATION ROAD,MURIWAI ROAD,,Non-Injury Crash,No,2009,,North,,0,,Flat,,Christmas New Year,,,,Bright sun,216103,0,0,0,2,,,0,,,,,,Auckland Region,Nil,2-way,Sealed,,0,0,,50,,Off,1,0,,76,Auckland,Stop,,,,,0,0,Urban,0,,,Fine,Null
1242891,4850297,7870,,610800,0,,0,2,,Null,2008/2009,DEVERON ST,GALA ST,,Non-Injury Crash,No,2009,,East,,0,,Flat,,,,,,Bright sun,3117000,0,0,0,3,,,0,,,,,,Southland Region,Nil,2-way,Sealed,,0,0,,50,,Null,0,0,,75,Invercargill City,Give way,,,,,0,0,Urban,0,,,Fine,Null
1801928,5816612,7871,,530000,0,,0,1,,Null,2009/2010,PEARSONS AVENUE,BROOKLYN ROAD,,Non-Injury Crash,No,2009,,South,,0,,Flat,,,,,,Dark,865400,0,0,0,2,,,0,,,,,,Waikato Region,Nil,2-way,Sealed,,0,0,,50,,On,0,0,,16,Hamilton City,Give way,,,,,0,0,Urban,0,,,Fine,Null
1873928,5819037,7872,,537601,0,,0,1,,Null,2008/2009,SH 29,TAKITIMU DRIVE,,Non-Injury Crash,Yes,2009,,West,,0,,Flat,,,,,,Overcast,1175202,0,0,0,4,,,0,,,,,,Bay of Plenty Region,Nil,2-way,Sealed,,0,0,,100,,Null,0,0,,23,Tauranga City,Give way,,,,,0,0,Open,1,,,Fine,Null
1756849,5927346,7873,,507900,0,,0,2,,Null,2009/2010,TAHAROTO ROAD,RANGITIRA AVENUE,,Non-Injury Crash,No,2009,,South,,0,,Flat,,,,,,Bright sun,304600,0,0,0,2,,,0,,,,,,Auckland Region,Nil,2-way,Sealed,,0,0,,50,,Off,0,0,,76,Auckland,Give way,,,,,0,0,Urban,0,,,Fine,Null
1758314,5917101,7874,,519200,0,,0,2,,Null,2009/2010,MANUKAU ROAD,OWENS ROAD,,Non-Injury Crash,No,2009,,South,,0,,Flat,,,,,,Overcast,613900,0,0,0,4,,,0,,,,,,Auckland Region,Nil,2-way,Sealed,,0,0,,50,,None,0,0,,76,Auckland,Traffic Signals,,,,,0,0,Urban,0,,,Light rain,Null
1782164,5925591,7875,,520801,0,,0,1,,Null,2008/2009,WHARF ROAD,CAUSEWAY ROAD,,Non-Injury Crash,No,2009,,South,,0,,Flat,,,,,,Overcast,515315,0,0,1,2,,,0,,,,,,Auckland Region,Nil,2-way,Sealed,,0,0,,50,,Off,0,0,,76,Auckland,Give way,,,,,0,0,Urban,0,,,Fine,Null
1744558,5919149,7876,,513302,0,,0,1,,North,2008/2009,RATHGAR ROAD,LARNOCH ROAD,,Non-Injury Crash,No,2009,,South,,0,,Flat,,,,,,Overcast,232600,0,0,0,2,,,0,,,,,,Auckland Region,Nil,2-way,Sealed,,0,0,,50,,Null,0,0,,76,Auckland,Unknown,,,,,0,0,Urban,1,,,Light rain,Null
1747047,5423095,7877,,575902,0,0,0,0,0,North,2008/2009,HAPPY VALLEY ROAD,LANDFILL ROAD,,Non-Injury Crash,No,2009,0,North,0,0,0,Hill Road,0,,0,,0,Bright sun,2187403,0,0,0,2,0,0,0,0,0,,0,0,Wellington Region,Nil,2-way,Sealed,0,0,0,0,50,0,Null,0,0,,47,Wellington City,Nil,0,0,0,1,0,0,Urban,1,0,0,Fine,Null
1762147,5458869,7878,,565700,0,,0,1,,South,2009/2010,SH 1N,AMES ST,,Non-Injury Crash,Yes,2009,,South,,0,,Flat,,,,,,Twilight,2072101,0,0,0,2,,,0,,,,,,Wellington Region,Nil,2-way,Sealed,,0,0,,80,,None,0,0,,44,Porirua City,Nil,,,,,0,0,Open,1,,,Fine,Null
1752974,5933180,7879,,508807,0,0,0,1,0,South,2008/2009,ALBANY EXPRESSWAY,BUSH ROAD,,Non-Injury Crash,No,2009,0,North,0,0,0,Hill Road,0,,0,,0,Overcast,180406,0,0,0,4,0,0,0,0,0,,0,1,Auckland Region,Nil,2-way,Sealed,0,0,0,0,50,0,Off,0,0,,76,Auckland,Nil,0,0,0,0,0,0,Urban,0,0,0,Light rain,Null
1733159,6041256,7880,,501818,0,0,0,0,0,West,2009/2010,WHANGAREI HEADS ROAD,TARAUNUI ROAD,,Non-Injury Crash,No,2009,0,West,0,0,0,Flat,0,,0,,0,Dark,73703,0,0,0,2,0,1,0,0,0,,0,0,Northland Region,Nil,2-way,Sealed,0,0,0,0,80,0,None,0,0,,2,Whangarei District,Nil,0,0,0,0,0,0,Open,1,0,0,Fine,Null
1573589,5179884,7881,,593600,0,,0,2,,Null,2009/2010,LINWOOD AVENUE,BUCKLEYS ROAD,,Serious Crash,No,2009,,West,,0,,Flat,,,,,,Dark,2612502,2,0,0,2,,,0,,,,,,Canterbury Region,Nil,2-way,Sealed,,0,1,,50,,On,0,0,,60,Christchurch City,Traffic Signals,,,,,0,0,Urban,0,,,Fine,Null
1755680,5916107,7882,,518301,0,,0,1,,North,2009/2010,DOMINION ROAD,ROCKLANDS AVENUE,,Non-Injury Crash,No,2009,,South,,0,,Flat,,,,,,Bright sun,553700,0,0,0,5,,,0,,,,,,Auckland Region,Nil,2-way,Sealed,,0,0,,50,,Off,0,0,,76,Auckland,Nil,,,,,0,0,Urban,1,,,Fine,Null
1878072,5821554,7883,,538102,0,,0,2,,Null,2008/2009,FRASER ST,EIGHTEENTH AVENUE,,Non-Injury Crash,No,2009,,West,,0,,Flat,,,,,,Overcast,1170600,0,0,0,2,,,0,,,,,,Bay of Plenty Region,Nil,2-way,Sealed,,0,0,,50,,Off,0,0,,23,Tauranga City,Stop,,,,,0,0,Urban,0,,,Fine,Null
1707279,6049178,7884,,501802,0,,0,0,,South,2008/2009,KOKOPU ROAD,ROYDON DRIVE,,Non-Injury Crash,No,2009,,North,,0,,Hill Road,,,,,,Twilight,69000,0,0,0,2,,,0,,,,,,Northland Region,Nil,2-way,Sealed,,0,0,,100,,None,2,0,,2,Whangarei District,Unknown,,,,,0,0,Open,0,,,Heavy rain,Null
1619053,5425839,7885,,583900,0,0,0,2,0,Null,2008/2009,MCMAHON ST,POLSTEAD ROAD,,Non-Injury Crash,No,2009,0,East,0,0,0,Flat,0,,0,,0,Dark,2344501,0,0,0,2,0,0,0,0,1,,0,0,Nelson Region,Nil,2-way,Sealed,0,0,0,0,50,0,On,0,0,,52,Nelson City,Nil,0,0,0,0,0,0,Urban,0,0,0,Fine,Null
1564351,5180471,7886,,590000,0,0,0,1,0,Null,2009/2010,MIDDLEPARK ROAD,SH 73,,Non-Injury Crash,Yes,2009,0,East,0,0,1,Flat,0,,0,,0,Dark,2538203,0,0,0,2,0,0,0,0,0,,0,0,Canterbury Region,Nil,2-way,Sealed,0,0,0,0,50,0,On,0,0,,60,Christchurch City,Traffic Signals,0,0,0,0,0,0,Urban,0,0,0,Fine,Null
1754687,5916036,7887,,517702,0,0,0,2,0,East,2009/2010,SHORWELL ST,KINGSWAY AVENUE,,Non-Injury Crash,No,2009,0,East,0,0,0,Flat,0,,0,,0,Dark,540400,0,0,0,2,0,0,0,0,0,,0,0,Auckland Region,Nil,2-way,Sealed,0,0,0,0,50,0,On,0,0,,76,Auckland,Unknown,0,0,0,0,0,0,Urban,0,1,0,Light rain,Null
1758935,5913204,7888,,519820,0,,0,1,,Null,2009/2010,MOUNT SMART ROAD,ONEHUNGA MALL,,Non-Injury Crash,No,2009,,South,,0,,Flat,,,,,,Bright sun,599100,0,0,0,4,,,0,,,,,,Auckland Region,Nil,2-way,Sealed,,0,0,,50,,Null,1,0,,76,Auckland,Traffic Signals,,,,,0,0,Urban,0,,,Fine,Null
1763719,5912648,7889,,520500,0,,0,1,,North,2009/2010,SH 1N,MT WGTN OBR,,Non-Injury Crash,Yes,2009,,South,,0,,Flat,,,,,,Overcast,637400,0,0,0,4,,,0,,,,,,Auckland Region,Nil,1-way,Sealed,,0,0,,100,,Null,0,0,,76,Auckland,Unknown,,,,,1,0,Open,0,,,Fine,Null
1790600,5753891,7890,,532000,0,0,0,1,1,South,2008/2009,SH 30,AHOROA FORD WEST,,Non-Injury Crash,Yes,2009,0,South,0,0,0,Flat,0,,0,,0,Dark,1006100,0,0,0,2,0,0,0,0,0,,0,0,Waikato Region,Nil,2-way,Sealed,0,0,0,0,100,0,None,0,0,,20,Waitomo District,Unknown,0,0,0,0,0,0,Open,0,0,0,Fine,Null
1866211,5735466,7891,,541334,0,0,0,1,0,South,2008/2009,SH 1N,MAROA ROAD,,Non-Injury Crash,Yes,2009,0,South,0,0,1,Flat,0,Christmas New Year,0,,0,Bright sun,1276603,0,0,0,2,0,0,0,0,0,,0,0,Waikato Region,Nil,2-way,Sealed,0,0,0,0,100,0,Null,0,0,,21,Taupo District,Unknown,0,0,0,0,0,0,Open,0,0,0,Fine,Null
1674408,6113667,7892,,500402,0,0,0,1,0,East,2008/2009,SH 10,MCGEES ROAD,,Non-Injury Crash,Yes,2009,0,North,1,0,0,Hill Road,0,,0,,0,Bright sun,20300,0,0,0,2,0,0,0,0,0,,0,0,Northland Region,Nil,2-way,Sealed,0,0,0,0,100,0,None,0,0,50,1,Far North District,Nil,0,0,0,1,0,0,Open,0,0,0,Fine,Null
2037365,5708239,7893,,544600,0,0,0,1,0,Null,2008/2009,GLADSTONE ROAD,PEEL ST,,Non-Injury Crash,No,2009,0,West,0,0,0,Flat,0,,0,,0,Dark,1371100,0,0,0,2,0,0,0,0,0,,0,1,Gisborne Region,Nil,2-way,Sealed,0,0,0,0,50,0,On,0,0,,28,Gisborne District,Traffic Signals,0,0,0,0,0,0,Urban,0,0,0,Fine,Null
1699827,5678846,7894,,550901,0,,0,2,,Null,2008/2009,SH 3 DEVON,MANGATI ROAD,,Non-Injury Crash,Yes,2009,,East,,0,,Flat,,Queens Birthday,,,,Overcast,1561900,0,0,0,3,,,0,,,,,,Taranaki Region,Nil,2-way,Sealed,,0,0,,100,,Null,0,0,,33,New Plymouth District,Stop,,,,,0,0,Open,0,,,Light rain,Null
1758949,5924345,7895,,508120,0,0,0,1,0,East,2009/2010,ROBERTS AVENUE,BIRKLEY ROAD,,Non-Injury Crash,No,2009,0,West,0,0,1,Flat,0,,0,,0,Dark,316600,0,0,0,2,0,0,0,0,0,,0,0,Auckland Region,Nil,2-way,Sealed,0,0,0,0,50,0,On,0,0,,76,Auckland,Nil,0,1,0,0,0,0,Urban,0,0,0,Fine,Null
1636616,5436541,7896,45,581812,0,0,0,1,0,West,2008/2009,SH 6,WHANGAMOA SDL,,Non-Injury Crash,Yes,2009,0,West,0,0,0,Hill Road,1,,0,,0,Overcast,2360905,0,0,0,2,0,0,0,0,0,,0,0,Nelson Region,Nil,2-way,Sealed,0,0,0,0,100,0,Null,0,0,,52,Nelson City,Nil,0,0,0,1,0,0,Open,0,0,0,Light rain,Null
1803474,5883148,7897,,521136,0,,0,1,,North,2008/2009,MIRANDA ROAD,FINDLAY ROAD,,Non-Injury Crash,No,2009,,South,,0,,Flat,,,,,,Overcast,841400,0,0,0,2,,,0,,,,,,Waikato Region,Nil,2-way,Sealed,,0,0,,100,,None,0,0,,12,Hauraki District,Nil,,,,,0,0,Open,0,,,Light rain,Null
1761775,5914014,7898,,520202,0,,0,3,,South,2008/2009,SH 1N,PENROSE OFF NBD,,Non-Injury Crash,Yes,2009,,North,,0,,Flat,,,,,,Overcast,612300,0,0,0,3,,,0,,,,,,Auckland Region,Nil,1-way,Sealed,,0,0,,100,,Off,0,0,,76,Auckland,Nil,,,,,0,0,Open,0,,,Light rain,Null
1755159,5929100,7899,,508420,0,,0,1,,Null,2008/2009,WAIRAU ROAD,DIANA DRIVE,,Non-Injury Crash,No,2009,,North,,0,,Flat,,,,,,Bright sun,183800,0,0,0,4,,,0,,,,,,Auckland Region,Nil,2-way,Sealed,,0,0,,50,,Null,1,0,,76,Auckland,Give way,,,,,0,0,Urban,0,,,Fine,Null
1800425,5811301,7900,,529200,0,0,0,1,0,Null,2008/2009,DEANWELL AVENUE,SAXBYS ROAD,,Non-Injury Crash,No,2009,0,West,0,0,1,Flat,0,,0,,0,Dark,927104,0,0,0,2,0,0,0,0,0,,0,1,Waikato Region,Nil,2-way,Sealed,0,0,0,0,50,0,On,0,0,,16,Hamilton City,Nil,0,0,0,0,0,0,Urban,0,0,0,Fine,Null