X,Y,OBJECTID,advisorySpeed,areaUnitID,bicycle,bridge,bus,carStationWagon,cliffBank,crashDirectionDescription,crashFinancialYear,crashLocation1,crashLocation2,crashRoadSideRoad,crashSeverity,crashSHDescription,crashYear,debris,directionRoleDescription,ditch,fatalCount,fence,flatHill,guardRail,holiday,houseOrBuilding,intersection,kerb,light,meshblockId,minorInjuryCount,moped,motorcycle,NumberOfLanes,objectThrownOrDropped,otherObject,otherVehicleType,overBank,parkedVehicle,pedestrian,phoneBoxEtc,postOrPole,region,roadCharacter,roadLane,roadSurface,roadworks,schoolBus,seriousInjuryCount,slipOrFlood,speedLimit,strayAnimal,streetLight,suv,taxi,temporarySpeedLimit,tlaId,tlaName,trafficControl,trafficIsland,trafficSign,train,tree,truck,unknownVehicleType,urban,vanOrUtility,vehicle,waterRiver,weatherA,weatherB
1792060,5560659,7901,,559230,0,0,0,1,0,Null,2009/2010,SH 3,MAKIRIKIRI ROAD,,Non-Injury Crash,Yes,2009,0,West,0,0,1,Flat,0,,0,,0,Overcast,1733000,0,0,0,2,0,0,0,0,0,,0,0,Manawatū-Whanganui Region,Nil,2-way,Sealed,0,0,0,0,100,0,Null,0,0,,38,Rangitikei District,Give way,0,0,0,0,0,0,Open,0,0,0,Fine,Null
1683211,5427089,7902,,581100,0,0,0,1,0,South,2008/2009,SH 1S,ANGLE ST,,Non-Injury Crash,Yes,2009,0,North,0,0,0,Hill Road,0,,0,,0,Dark,2281000,0,0,0,2,0,0,0,0,0,,0,0,Marlborough Region,Nil,2-way,Sealed,0,0,0,0,100,0,None,0,0,,53,Marlborough District,Nil,0,0,0,0,0,0,Open,0,0,0,Mist or Fog,Null
1757046,5919498,7903,,514103,0,,0,1,,North,2009/2010,QUEEN ST,KARANGAHAPE ROAD,,Non-Injury Crash,No,2009,,South,,0,,Hill Road,,,,,,Dark,436401,0,0,0,5,,,0,,,,,,Auckland Region,Nil,2-way,Sealed,,0,0,,50,,On,1,0,,76,Auckland,Nil,,,,,0,0,Urban,0,,,Heavy rain,Strong wind
1753705,5933472,7904,,508804,0,0,0,1,0,West,2009/2010,GREVILLE ROAD,HUGH GREEN DRIVE,,Non-Injury Crash,No,2009,0,West,0,0,0,Hill Road,0,,0,,0,Dark,180605,0,0,0,1,0,0,0,0,0,,0,1,Auckland Region,Nil,2-way,Sealed,0,0,0,0,80,0,On,0,0,,76,Auckland,Nil,0,0,0,0,0,0,Open,0,0,0,Light rain,Null
1743666,5919379,7905,,513212,0,,0,1,,Null,2008/2009,SWANSON ROAD,DON BUCK ROAD,,Non-Injury Crash,No,2009,,East,,0,,Flat,,,,,,Twilight,235711,0,0,0,2,,,0,,,,,,Auckland Region,Nil,2-way,Sealed,,0,0,,50,,On,0,0,,76,Auckland,Give way,,,,,0,0,Urban,1,,,Fine,Null
1746025,5973645,7906,,506661,0,0,0,1,0,South,2008/2009,SH 1N,L PHILLIPS ROAD,,Non-Injury Crash,Yes,2009,0,North,0,0,0,Flat,0,,0,,0,Bright sun,139000,0,0,0,2,0,0,0,0,0,,0,0,Auckland Region,Nil,2-way,Sealed,0,0,0,0,100,0,Null,0,0,,76,Auckland,Unknown,0,0,0,0,1,0,Open,0,1,0,Fine,Null
1754660,5917302,7907,,517500,0,0,0,5,0,North,2008/2009,MORNINGSIDE DRIVE,ARGYLE ST,,Non-Injury Crash,No,2009,0,North,0,0,0,Flat,0,,0,,0,Dark,532700,0,0,0,2,0,0,0,0,3,,0,0,Auckland Region,Nil,2-way,Sealed,0,0,0,0,50,0,On,0,0,,76,Auckland,Nil,0,0,0,0,0,0,Urban,0,0,0,Light rain,Null
1755285,5921705,7908,,515202,0,,0,1,,South,2009/2010,SH 1N,CURRAN ON NBD,,Non-Injury Crash,Yes,2009,,North,,0,,Hill Road,,,,,,Bright sun,423600,0,0,0,4,,,0,,,,,,Auckland Region,Bridge,1-way,Sealed,,0,0,,80,,Off,0,0,,76,Auckland,Nil,,,,,0,0,Open,2,,,Fine,Null
1932162,5604416,7909,,545721,0,0,0,1,0,South,2009/2010,Z ORCHARD,BEATSON/WINDSOR,,Non-Injury Crash,No,2009,0,North,1,0,0,Flat,0,,0,,0,Dark,1472701,0,0,0,2,0,0,0,0,0,,0,0,Hawke's Bay Region,Nil,2-way,Unsealed,0,0,0,0,50,0,None,0,0,,30,Hastings District,Nil,0,0,0,0,0,0,Urban,0,0,0,Light rain,Null
1756116,5924527,7910,,509702,0,,0,2,,West,2009/2010,ONEWA ROAD,ONEWA OFF NBD E,,Non-Injury Crash,No,2009,,East,,0,,Flat,,,,,,Bright sun,366700,0,0,0,2,,,0,,,,,,Auckland Region,Nil,2-way,Sealed,,0,0,,50,,Null,0,0,,76,Auckland,Unknown,,,,,0,0,Urban,0,,,Fine,Null
1800968,5814537,7911,,529700,0,,0,1,,West,2009/2010,CLARENCE ST,TRISTRAM ST,,Non-Injury Crash,No,2009,,East,,0,,Flat,,,,,,Bright sun,912500,0,0,0,2,,,0,,,,,,Waikato Region,Nil,2-way,Sealed,,0,0,,50,,Null,0,0,,16,Hamilton City,Unknown,,,,,1,0,Urban,0,,,Fine,Null
1814735,5530859,7912,,561901,0,,0,2,,North,2008/2009,LONGBURN RONGOTEA ROAD,KAIRANGA BUNNYTHORPE ROAD,,Non-Injury Crash,No,2009,,South,,0,,Flat,,,,,,Dark,1795500,0,0,0,2,,,0,,,,,,Manawatū-Whanganui Region,Nil,2-way,Sealed,,0,0,,100,,None,1,0,,39,Manawatu District,Nil,,,,,0,0,Open,0,,,Heavy rain,Null
1294272,5043755,7913,,608800,1,,0,0,,East,2008/2009,SH 84,ARDMORE ST,,Serious Crash,Yes,2009,,West,,0,,Hill Road,,,,,,Bright sun,3036100,0,0,0,2,,,0,,,,,,Otago Region,Nil,2-way,Sealed,,0,1,,50,,Null,1,0,,70,Queenstown-Lakes District,Unknown,,,,,0,0,Urban,0,,,Fine,Null
1743669,5919383,7914,,513212,0,,0,2,,Null,2009/2010,SWANSON ROAD,DON BUCK ROAD,,Non-Injury Crash,No,2009,,North,,0,,Flat,,,,,,Overcast,235711,0,0,0,2,,,0,,,,,,Auckland Region,Nil,2-way,Sealed,,0,0,,50,,Off,0,0,,76,Auckland,Give way,,,,,0,0,Urban,0,,,Fine,Null
1759882,5915763,7915,,516002,0,,0,2,,Null,2009/2010,GREEN LANE WEST,GREAT SOUTH ROAD,,Non-Injury Crash,No,2009,,South,,0,,Flat,,,,,,Bright sun,494100,0,0,0,4,,,0,,,,,,Auckland Region,Nil,2-way,Sealed,,0,0,,50,,Off,0,0,,76,Auckland,Traffic Signals,,,,,0,0,Urban,0,,,Fine,Null
1758850,5918968,7916,,515901,0,,0,2,,Null,2008/2009,PARNELL ROAD,AYR ST,,Non-Injury Crash,No,2009,,South,,0,,Flat,,,,,,Dark,451800,0,0,0,4,,,0,,,,,,Auckland Region,Nil,2-way,Sealed,,0,0,,50,,On,0,0,,76,Auckland,Traffic Signals,,,,,0,0,Urban,0,,,Light rain,Null
1750145,5424182,7917,,576901,0,,0,2,,Null,2009/2010,QUEENS DRIVE,COUTTS ST,,Non-Injury Crash,No,2009,,West,,0,,Flat,,Christmas New Year,,,,Overcast,2178300,0,0,0,2,,,0,,,,,,Wellington Region,Nil,2-way,Sealed,,0,0,,50,,Null,0,0,,47,Wellington City,Give way,,,,,0,0,Urban,0,,,Light rain,Null
1754501,5916570,7918,,517702,0,,0,2,,Null,2009/2010,FOWLDS AVENUE,ST LUKES ROAD,,Non-Injury Crash,No,2009,,North,,0,,Flat,,Christmas New Year,,,,Bright sun,540002,0,0,0,2,,,0,,,,,,Auckland Region,Nil,2-way,Sealed,,0,0,,50,,Off,0,0,,76,Auckland,Give way,,,,,0,0,Urban,0,,,Fine,Null
1762842,5437225,7919,,568301,0,0,0,0,0,West,2009/2010,HARRISON CRESCENT,OXFORD TERRACE,,Non-Injury Crash,No,2009,0,West,0,0,1,Flat,0,,0,,0,Dark,1948500,0,0,0,2,0,0,0,0,0,,0,0,Wellington Region,Nil,2-way,Sealed,0,0,0,0,50,0,On,0,0,,46,Lower Hutt City,Nil,0,0,0,0,0,0,Urban,1,0,0,Fine,Null
1749868,5432353,7920,,574302,0,,0,2,,South,2008/2009,COCKAYNE ROAD,BOX HILL,,Non-Injury Crash,No,2009,,South,,0,,Flat,,,,,,Bright sun,2092600,0,0,0,2,,,0,,,,,,Wellington Region,Nil,2-way,Sealed,,0,0,,50,,Null,0,0,,47,Wellington City,Nil,,,,,0,0,Urban,0,,,Fine,Null
1720709,6044202,7921,,503900,0,,0,2,,Null,2009/2010,PORT ROAD,KIOREROA ROAD,,Non-Injury Crash,No,2009,,West,,0,,Flat,,,,,,Bright sun,109200,0,0,0,3,,,0,,,,,,Northland Region,Nil,2-way,Sealed,,0,0,,60,,Null,0,0,,2,Whangarei District,Give way,,,,,0,0,Urban,0,,,Fine,Null
1843859,5672563,7922,,541501,0,0,0,0,0,South,2009/2010,SH 1N,OHUANGA ROAD,,Non-Injury Crash,Yes,2009,0,South,0,0,1,Flat,0,Christmas New Year,0,,0,Bright sun,1288804,0,0,0,2,0,0,0,0,0,,0,0,Waikato Region,Nil,2-way,Sealed,0,0,0,0,100,0,Null,0,0,,21,Taupo District,Unknown,0,0,0,0,1,0,Open,0,0,0,Fine,Null
1748756,5917976,7923,,514801,0,,0,0,,North,2009/2010,PATIKI ROAD,ROSEBANK ROAD,,Non-Injury Crash,No,2009,,North,,0,,Flat,,,,,,Bright sun,389300,0,0,0,2,,,0,,,,,,Auckland Region,Nil,2-way,Sealed,,0,0,,50,,None,0,0,,76,Auckland,Nil,,,,,0,0,Urban,2,,,Fine,Null
1748861,5425467,7924,,576301,0,,0,1,,South,2009/2010,RIDDIFORD ST,HOWELL AVENUE,,Non-Injury Crash,No,2009,,North,,0,,Flat,,,,,,Bright sun,2163500,0,0,1,2,,,0,,,,,,Wellington Region,Nil,2-way,Sealed,,0,0,,50,,Null,0,0,,47,Wellington City,Nil,,,,,0,0,Urban,0,,,Fine,Null
1828339,5881302,7925,,533603,0,0,0,1,0,South,2009/2010,SH 25,KOPU ROAD,,Non-Injury Crash,Yes,2009,0,South,1,0,0,Flat,0,,0,,0,Overcast,1057502,0,0,0,2,0,0,0,0,0,,0,0,Waikato Region,Nil,2-way,Sealed,0,0,0,0,70,0,Null,0,0,,11,Thames-Coromandel District,Unknown,0,0,0,0,0,0,Urban,0,0,0,Fine,Null
1884973,5773692,7926,,540410,0,0,0,1,0,North,2009/2010,TUTANEKAI ST,SH 30A,,Non-Injury Crash,No,2009,0,North,0,0,0,Flat,0,,0,,0,Bright sun,1236100,0,0,0,2,0,0,0,0,1,,0,0,Bay of Plenty Region,Nil,2-way,Sealed,0,0,0,0,50,0,Null,0,0,,24,Rotorua District,Unknown,0,0,0,0,0,0,Urban,0,0,0,Fine,Null
1768601,5904511,7927,,523820,0,,0,1,,West,2009/2010,REDOUBT ROAD,ANCONA LANE,,Non-Injury Crash,No,2009,,West,,0,,Hill Road,,,,,,Overcast,759901,0,0,0,2,,,0,,,,,,Auckland Region,Nil,2-way,Sealed,,0,0,,50,,Off,0,0,,76,Auckland,Nil,,,,,0,0,Urban,1,,,Fine,Null
1678344,6022212,7928,35,504600,0,,1,0,,Null,2008/2009,SH 12,HOKIANGA ROAD,,Non-Injury Crash,Yes,2009,,East,,0,,Flat,,,,,,Bright sun,115700,0,0,0,2,,,0,,,,,,Northland Region,Nil,2-way,Sealed,,0,0,,50,,Off,0,0,,3,Kaipara District,Stop,,,,,0,0,Urban,1,,,Light rain,Null
1823412,5532288,7929,,562500,0,,0,1,,North,2008/2009,RAILWAY ROAD,TREMAINE AVENUE,,Non-Injury Crash,No,2009,,South,,0,,Flat,,,,,,Overcast,1840800,0,0,0,2,,,0,,,,,,Manawatū-Whanganui Region,Nil,2-way,Sealed,,0,0,,100,,Null,0,0,,40,Palmerston North City,Nil,,,,,0,0,Open,0,,,Light rain,Null
1750662,5432194,7930,,574302,0,0,0,1,1,Null,2008/2009,CASHMERE AVENUE,RANUI CRESCENT,,Non-Injury Crash,No,2009,0,North,0,0,0,Hill Road,0,,0,,0,Dark,2090001,0,0,0,2,0,0,0,0,0,,0,0,Wellington Region,Nil,2-way,Sealed,0,0,0,0,50,0,On,0,0,,47,Wellington City,Give way,0,0,0,0,0,0,Urban,0,0,0,Light rain,Null
1752325,5918022,7931,,515001,0,0,0,1,0,West,2009/2010,SH 16,CARRINGTON OBR,,Non-Injury Crash,Yes,2009,0,East,0,0,0,Flat,1,,0,,0,Overcast,391601,0,0,0,3,0,0,0,0,0,,0,0,Auckland Region,Nil,1-way,Sealed,0,0,0,0,100,0,Off,0,0,,76,Auckland,Nil,0,0,0,0,0,0,Open,0,0,0,Fine,Null
1769666,5577388,7932,,555700,0,0,0,2,0,North,2008/2009,MANUKA ST,KOTUKU ST,,Non-Injury Crash,No,2009,0,North,0,0,0,Flat,0,,0,,0,Bright sun,1713300,0,0,0,2,0,0,0,0,1,,0,0,Manawatū-Whanganui Region,Nil,2-way,Sealed,0,0,0,0,50,0,Null,0,0,,37,Whanganui District,Nil,0,0,0,0,0,0,Urban,0,0,0,Fine,Null
1855960,5869933,7933,,534200,0,,0,1,,North,2008/2009,SH 25,WHIRITOA BEACH ROAD,,Non-Injury Crash,Yes,2009,,South,,0,,Flat,,,,,,Twilight,1082600,0,0,0,2,,,0,,,,,,Waikato Region,Bridge,2-way,Sealed,,0,0,,100,,On,1,0,,12,Hauraki District,Nil,,,,,0,0,Open,0,,,Null,Null
1933768,5619670,7934,,546400,0,,0,2,,Null,2008/2009,SH 50,EXETER CRESCENT,,Minor Crash,Yes,2009,,North,,0,,Flat,,,,,,Overcast,1427600,1,0,0,2,,,0,,,,,,Hawke's Bay Region,Nil,2-way,Sealed,,0,0,,50,,Null,0,0,,31,Napier City,Give way,,,,,0,0,Urban,0,,,Light rain,Null
1761952,5913920,7935,,520202,0,,0,2,,South,2009/2010,SH 1N,PENROSE OFF NBD,,Non-Injury Crash,Yes,2009,,North,,0,,Flat,,,,,,Bright sun,612400,0,0,0,3,,,0,,,,,,Auckland Region,Nil,1-way,Sealed,,0,0,,100,,Off,0,0,,76,Auckland,Nil,,,,,0,0,Open,0,,,Fine,Null
1767318,5902954,7936,,524602,0,,0,2,,Null,2008/2009,KERRS ROAD,DRUCES ROAD,,Non-Injury Crash,No,2009,,South,,0,,Flat,,,,,,Bright sun,780407,0,0,0,2,,,0,,,,,,Auckland Region,Nil,2-way,Sealed,,0,0,,50,,Off,0,0,,76,Auckland,Give way,,,,,0,0,Urban,0,,,Fine,Null
1767644,5904284,7937,,524604,0,,0,2,,Null,2009/2010,MANUKAU STATION ROAD,LEYTON WAY,,Non-Injury Crash,No,2009,,East,,0,,Flat,,,,,,Overcast,780204,0,0,0,2,,,0,,,,,,Auckland Region,Nil,2-way,Sealed,,0,0,,70,,Off,0,0,,76,Auckland,Traffic Signals,,,,,0,0,Urban,0,,,Fine,Null
1747307,5428491,7938,,575200,0,0,0,1,0,East,2009/2010,NORTHLAND ROAD,WOBURN ROAD,,Non-Injury Crash,No,2009,0,East,0,0,1,Hill Road,0,,0,,0,Bright sun,2150700,0,0,0,2,0,0,0,0,0,,0,0,Wellington Region,Nil,2-way,Sealed,0,0,0,0,50,0,Null,0,0,,47,Wellington City,Nil,0,0,0,0,0,0,Urban,1,0,0,Fine,Null
1757515,5920902,7939,,514101,0,,0,2,,Null,2009/2010,CUSTOMS ST WEST,QUEEN ST,,Non-Injury Crash,No,2009,,North,,0,,Flat,,,,,,Bright sun,432900,0,0,0,2,,,0,,,,,,Auckland Region,Nil,2-way,Sealed,,0,0,,50,,Off,0,0,,76,Auckland,Traffic Signals,,,,,0,0,Urban,0,,,Fine,Null
1695888,5673325,7940,,551022,0,0,0,1,0,South,2008/2009,MANGOREI ROAD,BRANCH ROAD,,Non-Injury Crash,No,2009,0,South,0,0,0,Flat,0,,0,,0,Dark,1557823,0,0,0,2,0,0,0,0,1,,0,0,Taranaki Region,Nil,2-way,Sealed,0,0,0,0,50,0,On,0,0,,33,New Plymouth District,Nil,0,0,0,0,0,0,Urban,1,0,0,Fine,Null
1573149,5181198,7941,,593400,1,,0,1,,Null,2009/2010,RETREAT ROAD,PATTEN ST,,Minor Crash,No,2009,,West,,0,,Flat,,,,,,Overcast,2614400,1,0,0,2,,,0,,,,,,Canterbury Region,Nil,2-way,Sealed,,0,0,,50,,Null,0,0,,60,Christchurch City,Stop,,,,,0,0,Urban,0,,,Fine,Null
1750196,5914294,7942,,511303,0,,0,2,,North,2008/2009,VERONICA ST,GREAT NORTH ROAD,,Non-Injury Crash,No,2009,,North,,0,,Flat,,,,,,Overcast,265800,0,0,0,3,,,0,,,,,,Auckland Region,Nil,2-way,Sealed,,0,0,,50,,Off,0,0,,76,Auckland,Nil,,,,,0,0,Urban,0,,,Fine,Null
1770114,5917020,7943,,522604,0,,0,1,,Null,2009/2010,BUCKLANDS BEACH ROAD,SEA SPRAY DRIVE,,Non-Injury Crash,No,2009,,North,,0,,Flat,,,,,,Bright sun,677100,0,0,0,2,,,0,,,,,,Auckland Region,Nil,2-way,Sealed,,0,0,,50,,Null,0,0,,76,Auckland,Stop,,,,,0,0,Urban,1,,,Fine,Null
1410119,4929317,7944,,601603,0,,0,1,,Null,2009/2010,SH 1S,DONALDS HILL ROAD,,Minor Crash,Yes,2009,,North,,0,,Flat,,,,,,Bright sun,2858901,1,0,0,2,,,0,,,,,,Otago Region,Nil,2-way,Sealed,,0,0,,100,,Null,0,0,,71,Dunedin City,Stop,,,,,0,0,Open,1,,,Fine,Null
1843569,5785485,7945,,535600,0,0,0,1,0,West,2009/2010,CHARLES CRESCENT,CLOTHIER ST W,,Non-Injury Crash,No,2009,0,South,0,0,1,Hill Road,0,,0,,0,Dark,1128800,0,0,0,2,0,0,0,0,0,,0,0,Waikato Region,Nil,2-way,Sealed,0,0,0,0,50,0,On,0,0,,19,South Waikato District,Unknown,0,0,0,0,0,0,Urban,0,0,0,Fine,Null
1620966,5430053,7946,,583100,0,,0,2,,East,2008/2009,BISLEY AVENUE,SH 6,,Non-Injury Crash,No,2009,,North,,0,,Flat,,,,,,Dark,2334400,0,0,0,2,,,0,,,,,,Nelson Region,Nil,2-way,Sealed,,0,0,,50,,On,0,0,,52,Nelson City,Nil,,,,,0,0,Urban,0,,,Fine,Null
1745481,5917227,7947,,510800,0,0,0,1,0,East,2009/2010,GREAT NORTH ROAD,RAILSIDE AVENUE,,Non-Injury Crash,No,2009,0,East,0,0,0,Flat,0,,0,,0,Dark,242700,0,0,0,2,0,0,0,0,0,,0,1,Auckland Region,Nil,2-way,Sealed,0,0,0,0,50,0,On,0,0,,76,Auckland,Nil,0,0,0,0,0,0,Urban,0,0,0,Fine,Null
1820432,5456458,7948,,579400,0,,0,1,,Null,2008/2009,BRISTOL ROAD,BRISTOLROAD,,Non-Injury Crash,No,2009,,North,,0,,Flat,,,,,,Bright sun,2262300,0,0,0,2,,,0,,,,,,Wellington Region,Nil,2-way,Sealed,,0,0,,100,,Null,1,0,,49,Carterton District,Nil,,,,,0,0,Open,0,,,Fine,Null
1874937,5812360,7949,,536630,0,0,0,1,1,Null,2008/2009,SH 36,MERRICK ROAD,,Non-Injury Crash,Yes,2009,0,South,0,0,0,Flat,0,Queens Birthday,0,,0,Dark,1192400,0,0,0,2,0,0,0,0,0,,0,0,Bay of Plenty Region,Nil,2-way,Sealed,0,0,0,0,100,0,Off,0,0,,22,Western Bay of Plenty District,Stop,0,0,0,0,0,0,Open,0,0,0,Fine,Null
1687640,6102466,7950,,500900,0,,0,1,,Null,2008/2009,KERIKERI ROAD,LANDING ROAD,,Non-Injury Crash,No,2009,,North,,0,,Flat,,,,,,Dark,53101,0,0,0,2,,,0,,,,,,Northland Region,Nil,2-way,Sealed,,0,0,,50,,On,0,0,,1,Far North District,Nil,,,,,0,0,Urban,1,,,Heavy rain,Null
1754450,5918338,7951,,517600,0,,0,1,,West,2009/2010,SH 16,BOND OBR,,Non-Injury Crash,Yes,2009,,West,,0,,Flat,,,,,,Overcast,533000,0,0,0,4,,,0,,,,,,Auckland Region,Nil,1-way,Sealed,,0,0,,100,,Null,0,0,,76,Auckland,Unknown,,,,,1,0,Open,0,,,Fine,Null
1802682,5829226,7952,,527122,0,1,0,1,0,South,2008/2009,SH 1B,WHITIKAHU ROAD,,Non-Injury Crash,Yes,2009,0,North,0,0,0,Flat,0,,0,,0,Dark,953700,0,0,0,2,0,0,0,0,0,,0,0,Waikato Region,Bridge,2-way,Sealed,0,0,0,0,100,0,None,0,0,,13,Waikato District,Unknown,0,0,0,0,0,0,Open,0,0,0,Heavy rain,Null
1929536,5604688,7953,,548200,0,,0,2,,West,2008/2009,SOUTHAMPTON ST WEST,RAILWAY ROAD,,Non-Injury Crash,No,2009,,East,,0,,Flat,,,,,,Twilight,1489802,0,0,0,2,,,0,,,,,,Hawke's Bay Region,Nil,2-way,Sealed,,0,0,,50,,Off,1,0,,30,Hastings District,Nil,,,,,0,0,Urban,0,,,Fine,Null
1768687,5913630,7954,,522723,0,0,0,1,0,Null,2009/2010,ARCHMILLEN AVENUE,MARVON DOWNS AVENUE,,Non-Injury Crash,No,2009,0,North,0,0,1,Flat,0,,0,,0,Bright sun,682000,0,0,0,2,0,0,0,0,0,,0,0,Auckland Region,Nil,2-way,Sealed,0,0,0,0,50,0,Off,0,0,,76,Auckland,Nil,0,0,0,0,0,0,Urban,0,0,0,Fine,Null
1755201,5926065,7955,,509701,0,0,0,2,0,South,2009/2010,OCEAN VIEW ROAD,MARTIN CRESCENT,,Non-Injury Crash,No,2009,0,North,0,0,0,Hill Road,0,,0,,0,Bright sun,363100,0,0,0,2,0,0,0,0,1,,0,0,Auckland Region,Nil,2-way,Sealed,0,0,0,0,50,0,Off,0,0,,76,Auckland,Nil,0,0,0,0,0,0,Urban,0,0,0,Fine,Null
1824237,5463562,7956,,578600,0,0,0,2,0,South,2009/2010,QUEEN ST,KING ST,,Non-Injury Crash,No,2009,0,West,0,0,0,Flat,0,,0,,0,Bright sun,2244800,0,0,0,2,0,0,0,0,1,,0,0,Wellington Region,Nil,2-way,Sealed,0,0,0,0,50,0,Null,0,0,,48,Masterton District,Nil,0,0,0,0,0,0,Urban,0,0,0,Fine,Null
1761952,5913920,7957,,520202,0,,0,0,,South,2008/2009,SH 1N,PENROSE OFF NBD,,Non-Injury Crash,Yes,2009,,North,,0,,Flat,,,,,,Bright sun,612400,0,0,0,6,,,0,,,,,,Auckland Region,Nil,2-way,Sealed,,0,0,,100,,Null,0,0,,76,Auckland,Unknown,,,,,1,0,Open,1,,,Fine,Null
1570642,5179674,7958,,591500,0,,0,0,,Null,2008/2009,TUAM ST,COLOMBO ST,,Serious Crash,No,2009,,North,,0,,Flat,,,,,,Bright sun,2652000,0,0,0,2,,,0,,,1,,,Canterbury Region,Nil,2-way,Sealed,,0,1,,50,,Null,0,0,,60,Christchurch City,Traffic Signals,,,,,0,0,Urban,1,,,Fine,Null
1744548,5923200,7959,,513521,0,0,0,0,0,South,2008/2009,JADEWYNN DRIVE,REYBERT PLACE,,Non-Injury Crash,No,2009,0,South,0,0,0,Flat,0,,0,,0,Bright sun,224233,0,0,0,2,0,0,0,0,0,,0,0,Auckland Region,Nil,2-way,Sealed,0,0,0,0,50,0,Off,0,0,,76,Auckland,Nil,0,0,0,1,0,0,Urban,1,0,0,Fine,Null
1753427,5918305,7960,,515003,0,,0,2,,West,2009/2010,SH 16,ST LUKES OBR,,Non-Injury Crash,Yes,2009,,West,,0,,Flat,,,,,,Dark,390502,0,0,0,3,,,0,,,,,,Auckland Region,Nil,1-way,Sealed,,0,0,,100,,On,0,0,,76,Auckland,Nil,,,,,0,0,Open,0,,,Fine,Null
1725423,6041575,7961,,501818,0,0,0,1,0,South,2009/2010,WHANGAREI HEADS ROAD,EDWARD ROAD,,Non-Injury Crash,No,2009,0,West,0,0,1,Flat,0,,0,,0,Bright sun,73400,0,0,0,2,0,0,0,0,0,,0,0,Northland Region,Nil,2-way,Sealed,0,0,0,0,100,0,None,0,0,,2,Whangarei District,Nil,0,0,0,0,0,0,Open,0,0,0,Fine,Null
1764298,5909601,7962,,521901,0,,0,1,,Null,2009/2010,ATKINSON AVENUE,GREAT SOUTH ROAD,,Non-Injury Crash,No,2009,,South,,0,,Flat,,,,,,Bright sun,784100,0,0,0,3,,,0,,,,,,Auckland Region,Nil,2-way,Sealed,,0,0,,50,,Off,0,0,,76,Auckland,Traffic Signals,,,,,0,0,Urban,1,,,Fine,Null
1931019,5604980,7963,,548000,0,,0,2,,Null,2008/2009,WILLOWPARK ROAD NORTH,JERVOIS ST,,Non-Injury Crash,No,2009,,West,,0,,Flat,,,,,,Overcast,1497600,0,0,0,2,,,0,,,,,,Hawke's Bay Region,Nil,2-way,Sealed,,0,0,,50,,Null,0,0,,30,Hastings District,Give way,,,,,0,0,Urban,0,,,Fine,Null
1242394,4850268,7964,,610800,0,,0,2,,Null,2008/2009,SH 6,GALA ST,,Non-Injury Crash,Yes,2009,,North,,0,,Flat,,,,,,Dark,3116000,0,0,0,2,,,0,,,,,,Southland Region,Nil,1-way,Sealed,,0,0,,50,,On,0,0,,75,Invercargill City,Traffic Signals,,,,,0,0,Urban,0,,,Fine,Null
1759580,5914401,7965,,519400,0,,0,1,,Null,2008/2009,CAMPBELL ROAD,KOWHATU ROAD,,Non-Injury Crash,No,2009,,West,,0,,Flat,,,,,,Bright sun,618200,0,0,0,2,,,0,,,,,,Auckland Region,Nil,2-way,Sealed,,0,0,,50,,Off,1,0,,76,Auckland,Give way,,,,,0,0,Urban,0,,,Fine,Null
1756126,5882056,7966,,521152,0,,0,0,,West,2008/2009,GLENBROOK ROAD,GLENBROOK STATION ROAD,,Non-Injury Crash,No,2009,,West,,0,,Flat,,,,,,Bright sun,834300,0,0,0,2,,,0,,,,,,Auckland Region,Nil,2-way,Sealed,,0,0,,80,,Null,2,0,,76,Auckland,Unknown,,,,,0,0,Open,0,,,Fine,Null
1749351,5928164,7967,,509100,0,0,0,1,1,South,2008/2009,TAUHINU ROAD,POUNAMU AVENUE,,Non-Injury Crash,No,2009,0,South,0,0,1,Hill Road,0,Queens Birthday,0,,0,Dark,181703,0,0,0,2,0,0,0,0,0,,0,0,Auckland Region,Nil,2-way,Sealed,0,0,0,0,50,0,On,0,0,,76,Auckland,Nil,0,1,0,0,0,0,Urban,0,0,0,Fine,Null
1751530,5916414,7968,,514900,0,,0,2,,North,2009/2010,GREAT NORTH ROAD,BLOCKHOUSE BAY ROAD,,Non-Injury Crash,No,2009,,South,,0,,Flat,,,,,,Overcast,384902,0,0,0,4,,,0,,,,,,Auckland Region,Nil,2-way,Sealed,,0,0,,50,,Off,0,0,,76,Auckland,Traffic Signals,,,,,0,0,Urban,0,,,Heavy rain,Null
1601041,5450153,7969,,584303,0,0,0,0,0,Null,2008/2009,STAPLES ST,SH 60,,Non-Injury Crash,Yes,2009,0,North,0,0,1,Flat,0,,0,,0,Dark,2376300,0,0,0,2,0,0,0,0,0,,0,0,Tasman Region,Nil,2-way,Sealed,0,0,0,0,80,0,None,0,0,,51,Tasman District,Nil,0,0,0,0,0,0,Open,1,0,0,Fine,Null
1771643,5912954,7970,,523106,0,,0,2,,West,2008/2009,MILLHOUSE DRIVE,WHITFORD ROAD,,Non-Injury Crash,No,2009,,West,,0,,Flat,,,,,,Bright sun,711114,0,0,0,2,,,0,,,,,,Auckland Region,Nil,1-way,Sealed,,0,0,,50,,Null,0,0,,76,Auckland,Nil,,,,,0,0,Urban,0,,,Fine,Null
1765968,5903278,7971,,524604,0,,0,0,,Null,2009/2010,ASH ROAD,WIRI STATION ROAD,,Non-Injury Crash,No,2009,,North,,0,,Flat,,,,,,Bright sun,780403,0,0,0,2,,,0,,,,,,Auckland Region,Nil,2-way,Sealed,,0,0,,50,,Null,1,0,,76,Auckland,Traffic Signals,,,,,1,0,Urban,0,,,Fine,Null