X,Y,OBJECTID,advisorySpeed,areaUnitID,bicycle,bridge,bus,carStationWagon,cliffBank,crashDirectionDescription,crashFinancialYear,crashLocation1,crashLocation2,crashRoadSideRoad,crashSeverity,crashSHDescription,crashYear,debris,directionRoleDescription,ditch,fatalCount,fence,flatHill,guardRail,holiday,houseOrBuilding,intersection,kerb,light,meshblockId,minorInjuryCount,moped,motorcycle,NumberOfLanes,objectThrownOrDropped,otherObject,otherVehicleType,overBank,parkedVehicle,pedestrian,phoneBoxEtc,postOrPole,region,roadCharacter,roadLane,roadSurface,roadworks,schoolBus,seriousInjuryCount,slipOrFlood,speedLimit,strayAnimal,streetLight,suv,taxi,temporarySpeedLimit,tlaId,tlaName,trafficControl,trafficIsland,trafficSign,train,tree,truck,unknownVehicleType,urban,vanOrUtility,vehicle,waterRiver,weatherA,weatherB
1769592,5901813,7972,,523814,0,0,0,1,0,Null,2009/2010,SH 1N,HILL OBR,,Non-Injury Crash,Yes,2009,0,South,0,0,0,Flat,1,,0,,0,Bright sun,760702,0,0,0,3,0,0,0,0,0,,0,0,Auckland Region,Nil,1-way,Sealed,0,0,0,0,100,0,Off,0,0,,76,Auckland,Nil,0,0,0,0,1,0,Open,0,0,0,Fine,Null
1763809,5912968,7973,,520500,0,,0,2,,South,2008/2009,MOUNT WELLINGTON HIGHWAY,ARANUI ROAD,,Non-Injury Crash,No,2009,,North,,0,,Flat,,,,,,Twilight,637400,0,0,0,6,,,0,,,,,,Auckland Region,Nil,2-way,Sealed,,0,0,,50,,On,0,0,,76,Auckland,Traffic Signals,,,,,0,0,Urban,0,,,Fine,Null
1765455,5907125,7974,,522201,0,,0,4,,Null,2008/2009,GREAT SOUTH ROAD,SHIRLEY ROAD,,Non-Injury Crash,No,2009,,South,,0,,Flat,,,,,,Bright sun,662300,0,0,0,4,,,0,,,,,,Auckland Region,Nil,2-way,Sealed,,0,0,,50,,Off,0,0,,76,Auckland,Traffic Signals,,,,,0,0,Urban,0,,,Fine,Null
1748712,5913870,7975,,511302,0,,0,2,,East,2009/2010,GREAT NORTH ROAD,FRUITVALE ROAD,,Non-Injury Crash,No,2009,,East,,0,,Flat,,,,,,Overcast,269400,0,0,0,4,,,0,,,,,,Auckland Region,Nil,2-way,Sealed,,0,0,,50,,Off,1,0,,76,Auckland,Nil,,,,,0,0,Urban,0,,,Light rain,Null
1820545,5530237,7976,,562310,0,,0,2,,Null,2008/2009,WOOD ST,ABERDEEN AVENUE,,Non-Injury Crash,No,2009,,East,,0,,Flat,,,,,,Bright sun,1823400,0,0,0,2,,,0,,,,,,Manawatū-Whanganui Region,Nil,2-way,Sealed,,0,0,,50,,Null,0,0,,40,Palmerston North City,Give way,,,,,0,0,Urban,0,,,Fine,Frost
1754314,5918322,7977,,515432,0,,0,2,,East,2009/2010,SH 16,ST LUKES OFF WBD,,Non-Injury Crash,Yes,2009,,West,,0,,Flat,,,,,,Overcast,406202,0,0,0,4,,,0,,,,,,Auckland Region,Nil,1-way,Sealed,,0,0,,100,,Null,0,0,,76,Auckland,Unknown,,,,,0,0,Open,0,,,Fine,Null
1746104,5913539,7978,,511002,0,0,0,2,0,Null,2008/2009,LASQUE PLACE,ROSIER ROAD,,Non-Injury Crash,No,2009,0,South,0,0,0,Flat,0,,0,,0,Overcast,283601,0,0,0,2,0,0,0,0,1,,0,0,Auckland Region,Nil,2-way,Sealed,0,0,0,0,50,0,Null,0,0,,76,Auckland,Nil,0,0,0,0,0,0,Urban,0,0,0,Fine,Null
1892028,5813218,7979,,538501,0,,0,1,,West,2008/2009,JELLICOE ST,CAMERON ROAD,,Non-Injury Crash,No,2009,,East,,0,,Flat,,,,,,Overcast,1213900,0,0,0,2,,,0,,,,,,Bay of Plenty Region,Nil,2-way,Sealed,,0,0,,50,,Off,1,0,,22,Western Bay of Plenty District,Nil,,,,,0,0,Urban,0,,,Fine,Null
1771387,5895220,7980,,521201,0,,0,2,,Null,2009/2010,HINGAIA ROAD,PAPAKURA ON NBD,,Non-Injury Crash,No,2009,,East,,0,,Flat,,,,,,Dark,806604,0,0,0,3,,,0,,,,,,Auckland Region,Nil,2-way,Sealed,,0,0,,50,,On,0,0,,76,Auckland,Give way,,,,,0,0,Urban,0,,,Fine,Null
1769315,5907462,7981,,523711,0,,0,2,,Null,2008/2009,TE IRIRANGI DRIVE,ORMISTON ROAD,,Non-Injury Crash,No,2009,,East,,0,,Flat,,,,,,Bright sun,712801,0,0,0,2,,,0,,,,,,Auckland Region,Nil,2-way,Sealed,,0,0,,50,,Null,0,0,,76,Auckland,Traffic Signals,,,,,0,0,Urban,0,,,Fine,Null
1907689,5814176,7982,,536654,0,,0,2,,South,2009/2010,PUKEHINA PARADE,BOAT RAMP,,Non-Injury Crash,No,2009,,South,,0,,Flat,,,,,,Dark,1212614,0,0,0,2,,,0,,,,,,Bay of Plenty Region,Nil,2-way,Sealed,,0,0,,50,,None,0,0,,22,Western Bay of Plenty District,Unknown,,,,,0,0,Urban,0,,,Fine,Null
1754253,5945178,7983,,505907,0,0,0,1,0,Null,2008/2009,BRIGHTSIDE ROAD,WHANGAPARAOA ROAD,,Non-Injury Crash,No,2009,0,North,0,0,0,Hill Road,0,,0,,0,Dark,173407,0,0,0,2,0,0,0,0,0,,0,1,Auckland Region,Nil,2-way,Sealed,0,0,0,0,50,0,On,0,0,,76,Auckland,Nil,1,0,0,0,0,0,Urban,0,0,0,Light rain,Null
1950359,5789992,7984,,542440,0,,0,2,,Null,2009/2010,DOUGLAS ST,OLYMPIC DRIVE,,Non-Injury Crash,No,2009,,South,,0,,Flat,,,,,,Bright sun,1308800,0,0,0,2,,,0,,,,,,Bay of Plenty Region,Nil,2-way,Sealed,,0,0,,50,,Null,0,0,,25,Whakatane District,Nil,,,,,0,0,Urban,0,,,Fine,Null
1761451,5436495,7985,,568501,0,,0,2,,Null,2009/2010,WITAKO ST,COPELAND ST,,Non-Injury Crash,No,2009,,North,,0,,Flat,,,,,,Bright sun,1946200,0,0,0,2,,,0,,,,,,Wellington Region,Nil,2-way,Sealed,,0,0,,50,,Null,0,0,,46,Lower Hutt City,Stop,,,,,0,0,Urban,0,,,Fine,Null
1575405,5178455,7986,,593900,0,,0,1,,Null,2009/2010,LINWOOD AVENUE,DYERS ROAD,,Serious Crash,Yes,2009,,West,,0,,Flat,,,,,,Bright sun,2580100,1,0,1,5,,,0,,,,,,Canterbury Region,Nil,2-way,Sealed,,0,1,,60,,Null,0,0,,60,Christchurch City,Traffic Signals,,,,,0,0,Urban,0,,,Fine,Null
1822943,5829207,7987,,534902,0,,0,2,,South,2009/2010,STUDHOLME ST,ANDERSON ST,,Non-Injury Crash,No,2009,,South,,0,,Flat,,,,,,Overcast,1089100,0,0,0,3,,,0,,,,,,Waikato Region,Nil,2-way,Sealed,,0,0,,50,,Off,0,0,,15,Matamata-Piako District,Nil,,,,,0,0,Urban,0,,,Fine,Null
1766972,5906800,7988,,522302,0,0,0,1,0,South,2009/2010,SH 1N,EAST TAMAKI OBR,,Non-Injury Crash,Yes,2009,0,North,0,0,0,Flat,0,,0,,0,Dark,669700,0,0,0,3,0,0,0,0,0,,0,0,Auckland Region,Nil,1-way,Sealed,0,0,0,0,100,0,On,0,0,,76,Auckland,Nil,0,0,0,1,0,0,Open,0,0,0,Light rain,Null
1766802,5913059,7989,,522910,0,,0,1,,East,2008/2009,REEVES ROAD,CORTINA PLACE,,Non-Injury Crash,No,2009,,West,,0,,Flat,,,,,,Twilight,684000,0,0,0,2,,,0,,,,,,Auckland Region,Nil,2-way,Sealed,,0,0,,50,,On,0,0,,76,Auckland,Nil,,,,,0,0,Urban,1,,,Light rain,Null
1745315,5919982,7990,,513301,0,,0,2,,Null,2009/2010,LINCOLN ROAD,PARAMOUNT DRIVE,,Non-Injury Crash,No,2009,,South,,0,,Flat,,,,,,Bright sun,230401,0,0,0,4,,,0,,,,,,Auckland Region,Nil,2-way,Sealed,,0,0,,50,,Off,0,0,,76,Auckland,Nil,,,,,0,0,Urban,0,,,Fine,Null
1893160,5812790,7991,,538502,0,,0,2,,Null,2008/2009,JELLICOE ST,OXFORD ST,,Non-Injury Crash,No,2009,,West,,0,,Flat,,,,,,Dark,1215900,0,0,0,4,,,0,,,,,,Bay of Plenty Region,Nil,2-way,Sealed,,0,0,,50,,On,0,0,,22,Western Bay of Plenty District,Give way,,,,,0,0,Urban,0,,,Fine,Null
1573019,5182378,7992,,592812,0,0,0,1,0,South,2008/2009,BANKS AVENUE,COOPERS ROAD,,Non-Injury Crash,No,2009,0,North,0,0,0,Flat,0,,0,,0,Dark,2601900,0,0,0,2,0,0,0,0,0,,0,0,Canterbury Region,Nil,2-way,Sealed,0,0,0,0,50,0,On,0,0,,60,Christchurch City,Unknown,0,0,0,0,0,0,Urban,0,0,1,Fine,Null
1757313,5446733,7993,,571600,0,0,0,2,0,West,2008/2009,ALMORA VIEW,SOMBRERO VIEW,,Non-Injury Crash,No,2009,0,West,0,0,0,Flat,0,,0,,0,Dark,2057102,0,0,0,2,0,0,0,0,1,,0,0,Wellington Region,Nil,2-way,Sealed,0,0,0,0,50,0,On,0,0,,44,Porirua City,Nil,0,0,0,0,0,0,Urban,0,0,0,Fine,Null
1756969,5918791,7994,,515600,0,,0,2,,Null,2008/2009,SYMONDS ST,NEWTON ROAD,,Non-Injury Crash,No,2009,,East,,0,,Flat,,,,,,Dark,420600,0,0,0,5,,,0,,,,,,Auckland Region,Nil,2-way,Sealed,,0,0,,50,,On,0,0,,76,Auckland,Traffic Signals,,,,,0,0,Urban,0,,,Fine,Null
1761700,5914070,7995,,520202,0,,0,1,,South,2008/2009,SH 1N,PENROSE ON SBD,,Non-Injury Crash,Yes,2009,,South,,0,,Flat,,,,,,Dark,612800,0,0,0,3,,,0,,,,,,Auckland Region,Motorway ramp,1-way,Sealed,,0,0,,100,,On,0,0,,76,Auckland,Nil,,,,,1,0,Open,0,,,Fine,Null
1756339,5920363,7996,,514102,0,,0,0,,South,2008/2009,SH 1N,COOK OFF SBD,,Non-Injury Crash,Yes,2009,,South,,0,,Flat,,,,,,Bright sun,432700,0,0,0,2,,,0,,,,,,Auckland Region,Nil,1-way,Sealed,,0,0,,80,,Off,2,0,,76,Auckland,Nil,,,,,0,0,Open,0,,,Fine,Null
1757386,5920411,7997,,514102,0,,0,2,,South,2009/2010,QUEEN ST,VICTORIA ST WEST,,Non-Injury Crash,No,2009,,North,,0,,Flat,,,,,,Dark,434000,0,0,0,4,,,0,,,,,,Auckland Region,Nil,2-way,Sealed,,0,0,,50,,On,0,0,,76,Auckland,Traffic Signals,,,,,0,0,Urban,0,,,Fine,Null
1691736,6083541,7998,,501500,0,,0,1,,North,2009/2010,WYNYARD ST,MASON AVENUE,,Non-Injury Crash,No,2009,,East,,0,,Flat,,Christmas New Year,,,,Bright sun,55000,0,0,0,2,,,0,,,,,,Northland Region,Nil,2-way,Sealed,,0,0,,50,,Off,1,0,,1,Far North District,Nil,,,,,0,0,Urban,0,,,Fine,Null
1767729,5913583,7999,,522820,0,,0,2,,Null,2009/2010,PAKURANGA ROAD,GRAMMAR SCHOOL ROAD,,Non-Injury Crash,No,2009,,East,,0,,Flat,,,,,,Bright sun,695002,0,0,0,6,,,0,,,,,,Auckland Region,Nil,2-way,Sealed,,0,0,,60,,Off,0,0,,76,Auckland,Nil,,,,,0,0,Urban,0,,,Fine,Null
1749466,5424884,8000,,576400,0,,0,2,,South,2009/2010,HIROPI ST,CONSTABLE ST,,Non-Injury Crash,No,2009,,North,,0,,Hill Road,,,,,,Overcast,2169800,0,0,0,2,,,0,,,,,,Wellington Region,Nil,2-way,Sealed,,0,0,,40,,Null,0,0,,47,Wellington City,Nil,,,,,0,0,Urban,0,,,Fine,Null
1864535,5721668,8001,,541335,0,0,0,1,0,South,2009/2010,ORUANUI ROAD,LINK ROAD,,Non-Injury Crash,No,2009,0,South,0,0,1,Flat,0,,0,,0,Dark,1278202,0,0,0,2,0,0,0,0,0,,0,0,Waikato Region,Nil,2-way,Sealed,0,0,0,0,100,0,None,0,0,,21,Taupo District,Nil,0,0,0,0,0,0,Open,0,0,0,Heavy rain,Null
1769891,5899385,8002,,523911,0,,0,1,,Null,2009/2010,SH 1N,GT SOUTH OBR,,Non-Injury Crash,Yes,2009,,South,,0,,Flat,,,,,,Overcast,766500,0,0,0,2,,,0,,,,,,Auckland Region,Bridge,1-way,Sealed,,0,0,,100,,Null,1,0,,76,Auckland,Unknown,,,,,0,0,Open,0,,,Light rain,Null
1718586,6044461,8003,,503600,0,,0,2,,Null,2009/2010,SH 1N,TAREWA ROAD,,Non-Injury Crash,Yes,2009,,South,,0,,Flat,,,,,,Overcast,104200,0,0,0,3,,,0,,,,,,Northland Region,Nil,2-way,Sealed,,0,0,,50,,Null,0,0,,2,Whangarei District,Give way,,,,,0,0,Urban,0,,,Fine,Null
1876557,5814504,8004,,536630,0,0,0,0,0,Null,2009/2010,OROPI ROAD,WARNER ROAD,,Non-Injury Crash,No,2009,0,South,0,0,1,Flat,0,,0,,0,Overcast,1193502,0,0,0,2,0,0,0,0,0,,0,0,Bay of Plenty Region,Nil,2-way,Sealed,0,0,0,0,100,0,Null,2,0,,22,Western Bay of Plenty District,Give way,0,0,0,0,0,0,Open,0,0,0,Light rain,Null
1756543,5937375,8005,,506903,0,0,0,1,0,Null,2008/2009,DEEP CREEK ROAD,BEACH ROAD,,Non-Injury Crash,No,2009,0,South,0,0,0,Hill Road,0,,0,,0,Dark,169400,0,0,0,2,0,0,0,0,1,,0,0,Auckland Region,Nil,2-way,Sealed,0,0,0,0,50,0,On,2,0,,76,Auckland,Nil,0,0,0,0,0,0,Urban,0,0,0,Fine,Null
1790823,5836231,8006,,526601,0,0,0,1,0,Null,2008/2009,HAKARIMATA ROAD,PARKER ROAD,,Non-Injury Crash,No,2009,0,East,0,0,1,Flat,0,,0,,0,Dark,852200,0,0,0,2,0,0,0,0,0,,0,0,Waikato Region,Nil,2-way,Sealed,0,0,0,0,100,0,None,0,0,,13,Waikato District,Stop,0,0,0,0,0,0,Open,0,0,0,Mist or Fog,Null
1752516,5916184,8007,,517903,0,,0,2,,East,2009/2010,NEW NORTH ROAD,MCLEAN ST,,Non-Injury Crash,No,2009,,West,,0,,Flat,,,,,,Overcast,520200,0,0,0,4,,,0,,,,,,Auckland Region,Nil,2-way,Sealed,,0,0,,50,,Off,0,0,,76,Auckland,Nil,,,,,0,0,Urban,0,,,Light rain,Null
1879522,5824788,8008,,538201,0,,0,2,,West,2008/2009,HARINGTON ST,THE STRAND,,Non-Injury Crash,No,2009,,East,,0,,Flat,,Easter,,,,Dark,1163600,0,0,0,2,,,0,,,,,,Bay of Plenty Region,Nil,2-way,Sealed,,0,0,,50,,On,0,1,,23,Tauranga City,Unknown,,,,,0,0,Urban,0,,,Fine,Null
1568610,5177967,8009,,595000,0,,0,1,,North,2008/2009,BARRINGTON ST,NEVILLE ST,,Minor Crash,No,2009,,South,,0,,Flat,,,,,,Bright sun,2642700,1,0,0,2,,,0,,,1,,,Canterbury Region,Nil,2-way,Sealed,,0,0,,50,,Null,0,0,,60,Christchurch City,Unknown,,,,,0,0,Urban,0,,,Fine,Null
1878409,5826229,8010,,537201,0,0,0,1,0,South,2008/2009,CHAPEL ST,NGATAI ROAD,,Non-Injury Crash,No,2009,1,South,0,0,0,Flat,0,,0,,0,Dark,1155800,0,0,0,2,0,0,0,0,0,,0,0,Bay of Plenty Region,Nil,2-way,Sealed,0,0,0,0,50,0,On,0,0,,23,Tauranga City,Unknown,0,0,0,0,0,0,Urban,0,0,0,Fine,Null
1924793,5777479,8011,,542600,0,,0,2,,West,2008/2009,ATKINSON ST,FENTON ST,,Non-Injury Crash,No,2009,,East,,0,,Flat,,,,,,Dark,1317100,0,0,0,2,,,0,,,,,,Bay of Plenty Region,Nil,2-way,Sealed,,0,0,,50,,On,0,0,,26,Kawerau District,Unknown,,,,,0,0,Urban,0,,,Fine,Null
1756219,5918022,8012,,518101,0,,0,2,,Null,2009/2010,DOMINION ROAD,CHARLES ST,,Non-Injury Crash,No,2009,,North,,0,,Flat,,,,,,Bright sun,544900,0,0,0,4,,,0,,,,,,Auckland Region,Nil,2-way,Sealed,,0,0,,80,,Off,0,0,,76,Auckland,Give way,,,,,0,0,Open,0,,,Fine,Null
1749350,5912819,8013,,511401,0,0,0,1,0,East,2009/2010,HUTCHINSON AVENUE,WILLERTON AVENUE,,Non-Injury Crash,No,2009,0,East,0,0,0,Flat,0,,0,,0,Overcast,264300,0,0,0,2,0,0,0,0,1,,0,0,Auckland Region,Nil,2-way,Sealed,0,0,0,0,50,0,Off,1,0,,76,Auckland,Nil,0,0,0,0,0,0,Urban,0,0,0,Fine,Null
1447942,5122214,8014,,598312,0,0,0,1,0,West,2009/2010,TE MOANA ROAD,SHEEP DIP ROAD,,Minor Crash,No,2009,0,North,0,0,0,Flat,0,,0,,0,Twilight,2758600,4,0,0,1,0,0,0,0,0,,0,0,Canterbury Region,Nil,2-way,Unsealed,0,0,0,0,100,0,None,0,0,,64,Timaru District,Unknown,0,0,0,1,0,0,Open,0,0,0,Fine,Null
1930710,5604924,8015,,548200,0,0,0,1,0,Null,2008/2009,ALBERT ST,MILLER ST,,Minor Crash,No,2009,0,East,0,0,0,Flat,0,,0,,0,Dark,1495100,1,0,0,2,0,0,0,0,0,,0,1,Hawke's Bay Region,Nil,2-way,Unsealed,0,0,0,0,50,0,On,0,0,30,30,Hastings District,Give way,0,0,0,0,0,0,Urban,0,0,0,Mist or Fog,Null
1765075,5902853,8016,,524604,0,,0,1,,East,2008/2009,WIRI STATION ROAD,ROSCOMMON ROAD,,Non-Injury Crash,No,2009,,West,,0,,Flat,,,,,,Overcast,781302,0,0,0,3,,,0,,,,,,Auckland Region,Nil,2-way,Sealed,,0,0,,50,,Null,1,0,,76,Auckland,Traffic Signals,,,,,0,0,Urban,0,,,Fine,Null
1672486,6081367,8017,,501700,0,,0,2,,Null,2009/2010,SH 12,PARK ROAD,,Non-Injury Crash,Yes,2009,,West,,0,,Flat,,,,,,Bright sun,42600,0,0,0,2,,,0,,,,,,Northland Region,Nil,2-way,Sealed,,0,0,,50,,Off,0,0,,1,Far North District,Stop,,,,,0,0,Urban,0,,,Fine,Null
1755051,5929198,8018,,508420,0,,0,2,,South,2009/2010,WAIRAU ROAD,TARGET ROAD,,Non-Injury Crash,No,2009,,East,,0,,Flat,,,,,,Overcast,183800,0,0,0,4,,,0,,,,,,Auckland Region,Nil,2-way,Sealed,,0,0,,50,,Null,0,0,,76,Auckland,Nil,,,,,0,0,Urban,0,,,Fine,Null
1657602,5303958,8019,,581400,0,0,0,1,0,Null,2008/2009,ESPLANADE,AVOCA ST,,Serious Crash,No,2009,0,West,0,0,0,Flat,0,,0,,0,Dark,2311801,0,0,0,2,0,0,0,0,0,,0,0,Canterbury Region,Nil,2-way,Sealed,0,0,1,0,50,0,On,1,0,,54,Kaikoura District,Give way,0,0,0,0,0,0,Urban,0,0,1,Heavy rain,Null
1571769,5179167,8020,,594500,0,0,0,1,0,Null,2008/2009,FITZGERALD AVENUE,MOORHOUSE AVENUE,,Minor Crash,No,2009,0,East,0,0,0,Flat,0,,0,,0,Dark,2623400,1,0,0,3,0,0,0,0,0,,0,0,Canterbury Region,Nil,1-way,Sealed,0,0,0,0,50,0,On,0,0,,60,Christchurch City,Give way,1,0,0,1,0,0,Urban,0,0,0,Heavy rain,Null
1750425,5911745,8021,,512100,0,0,0,1,0,Null,2008/2009,GODLEY ROAD,PORTAGE ROAD,,Non-Injury Crash,No,2009,0,East,0,0,0,Flat,0,,0,,0,Dark,289400,0,0,0,2,0,0,0,0,0,,1,0,Auckland Region,Nil,2-way,Sealed,0,0,0,0,50,0,On,0,0,,76,Auckland,Stop,0,0,0,0,0,0,Urban,0,0,0,Light rain,Null
1758450,5918078,8022,,517400,0,,0,2,,East,2009/2010,REMUERA ROAD,BROADWAY,,Non-Injury Crash,No,2009,,East,,0,,Flat,,,,,,Dark,451300,0,0,0,2,,,0,,,,,,Auckland Region,Nil,2-way,Sealed,,0,0,,50,,On,0,0,,76,Auckland,Nil,,,,,0,0,Urban,0,,,Fine,Null
1770246,5898230,8023,,523920,0,,0,1,,South,2008/2009,SH 1N,WALTER STREVENS OBR,,Non-Injury Crash,Yes,2009,,South,,0,,Flat,,,,,,Overcast,768003,0,0,0,4,,,0,,,,,,Auckland Region,Nil,2-way,Sealed,,0,0,,100,,Off,0,0,,76,Auckland,Nil,,,,,1,0,Open,1,,,Light rain,Null
1787897,5857735,8024,,527210,0,,0,1,,South,2008/2009,SH 1N,WAYSIDE ACCESS ROAD,,Non-Injury Crash,Yes,2009,,North,,0,,Flat,,,,,,Overcast,935900,0,0,0,4,,,0,,,,,,Waikato Region,Nil,2-way,Sealed,,0,0,,100,,None,1,0,,13,Waikato District,Nil,,,,,0,0,Open,0,,,Fine,Null
1803887,5813977,8025,,530700,0,,0,2,,North,2008/2009,CAMBRIDGE ROAD,MASTERS AVENUE,,Non-Injury Crash,No,2009,,South,,0,,Flat,,,,,,Overcast,888800,0,0,0,2,,,0,,,,,,Waikato Region,Nil,2-way,Sealed,,0,0,,50,,Null,0,0,,16,Hamilton City,Unknown,,,,,0,0,Urban,0,,,Light rain,Null
1758201,5920264,8026,,514103,0,0,0,2,0,North,2008/2009,BEACH ROAD,CHURCHILL ST,,Non-Injury Crash,No,2009,0,North,0,0,0,Flat,0,,0,,0,Dark,438309,0,0,0,4,0,0,0,0,1,,0,0,Auckland Region,Nil,2-way,Sealed,0,0,0,0,50,0,On,0,0,,76,Auckland,Nil,0,0,0,0,0,0,Urban,0,0,0,Fine,Null
1686546,6101596,8027,,500900,0,,0,2,,North,2008/2009,KERIKERI ROAD,WENDYWOOD LANE,,Non-Injury Crash,No,2009,,South,,0,,Flat,,,,,,Bright sun,53200,0,0,0,2,,,0,,,,,,Northland Region,Nil,2-way,Sealed,,0,0,,50,,Off,0,0,,1,Far North District,Nil,,,,,0,0,Urban,0,,,Fine,Null
1806153,5812124,8028,,527131,0,,0,2,,North,2008/2009,SH 1N,CHERRY LANE,,Non-Injury Crash,Yes,2009,,North,,0,,Flat,,,,,,Bright sun,960601,0,0,0,2,,,0,,,,,,Waikato Region,Nil,2-way,Sealed,,0,0,,100,,None,0,0,,13,Waikato District,Nil,,,,,0,0,Open,0,,,Fine,Null
1762228,5913570,8029,,520500,0,,0,3,,South,2008/2009,SH 1N,PENROSE OBR,,Non-Injury Crash,Yes,2009,,North,,0,,Flat,,,,,,Dark,637100,0,0,0,3,,,0,,,,,,Auckland Region,Nil,2-way,Sealed,,0,0,,100,,On,0,0,,76,Auckland,Unknown,,,,,0,0,Open,0,,,Fine,Null
1769401,5911428,8030,,523113,0,,1,1,,Null,2008/2009,TI RAKAU DRIVE,GREENMOUNT DRIVE,,Non-Injury Crash,No,2009,,West,,0,,Flat,,,,,,Dark,711703,0,0,0,7,,,0,,,,,,Auckland Region,Nil,2-way,Sealed,,0,0,,70,,On,0,0,,76,Auckland,Traffic Signals,,,,,0,0,Urban,0,,,Light rain,Null
1800630,5536428,8031,,561422,0,0,0,1,0,Null,2008/2009,SH 1N,ROSINA ROAD,,Non-Injury Crash,Yes,2009,0,North,0,0,0,Flat,0,,0,,0,Dark,1787400,0,0,0,2,0,0,0,0,0,,0,0,Manawatū-Whanganui Region,Nil,2-way,Sealed,0,0,0,0,100,0,On,0,0,,39,Manawatu District,Nil,0,0,0,0,1,0,Open,0,0,0,Mist or Fog,Null
1749200,5971058,8032,,505500,0,0,0,1,1,East,2009/2010,SANDSPIT ROAD,MATAKANA ROAD,,Non-Injury Crash,No,2009,0,East,0,0,0,Hill Road,0,,0,,0,Dark,139800,0,0,0,2,0,0,0,0,0,,0,0,Auckland Region,Nil,2-way,Sealed,0,0,0,0,100,0,None,0,0,,76,Auckland,Nil,0,0,0,0,0,0,Open,0,0,0,Heavy rain,Null
1716009,6050942,8033,,502002,0,,0,0,,South,2008/2009,DIP ROAD,PIPIWAI ROAD,,Non-Injury Crash,No,2009,,North,,0,,Hill Road,,,,,,Overcast,69403,0,0,0,2,,,0,,,,,,Northland Region,Nil,2-way,Sealed,,0,0,,80,,None,0,0,,2,Whangarei District,Nil,,,,,0,0,Open,1,,,Light rain,Null
1756751,5913058,8034,,518702,0,,0,0,,East,2008/2009,HERD ROAD,HILLSBOROUGH ROAD,,Non-Injury Crash,No,2009,,West,,0,,Hill Road,,,,,,Bright sun,569900,0,0,0,3,,,0,,,,,,Auckland Region,Nil,2-way,Sealed,,0,0,,50,,Off,2,0,,76,Auckland,Nil,,,,,0,0,Urban,0,,,Fine,Null
1753976,5918292,8035,,515431,0,,0,1,,East,2008/2009,SH 16,ST LUKES OBR,,Non-Injury Crash,Yes,2009,,East,,0,,Flat,,,,,,Overcast,406300,0,0,0,5,,,0,,,,,,Auckland Region,Nil,1-way,Sealed,,0,0,,80,,Null,1,0,,76,Auckland,Unknown,,,,,0,0,Open,1,,,Fine,Null
1746502,5912262,8036,,512600,0,0,0,1,0,West,2009/2010,WITHERS ROAD,KASHMIR ROAD,,Non-Injury Crash,No,2009,0,North,0,0,0,Flat,0,,0,,0,Dark,299405,0,0,0,2,0,0,0,0,0,,0,1,Auckland Region,Nil,2-way,Sealed,0,0,0,0,50,0,On,0,0,,76,Auckland,Unknown,0,0,0,0,0,0,Urban,0,0,0,Fine,Null
1790573,5840078,8037,,527402,0,,0,2,,Null,2009/2010,TAINUI BRIDGE ROAD,GEORGE DRIVE,,Non-Injury Crash,No,2009,,West,,0,,Flat,,,,,,Dark,946700,0,0,0,2,,,0,,,,,,Waikato Region,Nil,2-way,Sealed,,0,0,,50,,On,0,0,,13,Waikato District,Give way,,,,,0,0,Urban,0,,,Fine,Null
1752400,5918091,8038,,515001,0,,0,1,,Null,2008/2009,GREAT NORTH ROAD,POINT CHEVALIER ROAD,,Non-Injury Crash,No,2009,,South,,0,,Flat,,,,,,Bright sun,392400,0,0,0,4,,,0,,,,,,Auckland Region,Nil,2-way,Sealed,,0,0,,50,,Off,0,0,,76,Auckland,Traffic Signals,,,,,1,0,Urban,0,,,Fine,Null
1888974,5774239,8039,,538742,0,,0,1,,East,2009/2010,SH 30,OWHATA ROAD,,Non-Injury Crash,Yes,2009,,West,,0,,Flat,,,,,,Bright sun,1254700,0,0,0,2,,,0,,,,,,Bay of Plenty Region,Nil,2-way,Sealed,,0,0,,60,,Null,1,0,,24,Rotorua District,Unknown,,,,,1,0,Urban,1,,,Fine,Null
1749430,5913916,8040,,511302,0,,0,2,,Null,2008/2009,GREAT NORTH ROAD,TITIRANGI ROAD,,Non-Injury Crash,No,2009,,East,,0,,Flat,,,,,,Bright sun,268900,0,0,0,2,,,0,,,,,,Auckland Region,Nil,2-way,Sealed,,0,0,,50,,Null,0,0,,76,Auckland,Traffic Signals,,,,,0,0,Urban,0,,,Fine,Null
1764468,5909670,8041,,521802,0,,0,1,,North,2009/2010,CHURCH ST,HIGH ST,,Non-Injury Crash,No,2009,,North,,0,,Flat,,,,,,Overcast,787900,0,0,0,2,,,0,,,,,,Auckland Region,Nil,2-way,Sealed,,0,0,,50,,Off,1,0,,76,Auckland,Nil,,,,,0,0,Urban,0,,,Light rain,Null
1749150,5427133,8042,,573101,0,,1,1,,East,2008/2009,COURTENAY PLACE,TORY ST,,Non-Injury Crash,No,2009,,West,,0,,Flat,,,,,,Overcast,2135700,0,0,0,2,,,0,,,,,,Wellington Region,Nil,2-way,Sealed,,0,0,,50,,Null,0,0,,47,Wellington City,Nil,,,,,0,0,Urban,0,,,Fine,Null