X,Y,OBJECTID,advisorySpeed,areaUnitID,bicycle,bridge,bus,carStationWagon,cliffBank,crashDirectionDescription,crashFinancialYear,crashLocation1,crashLocation2,crashRoadSideRoad,crashSeverity,crashSHDescription,crashYear,debris,directionRoleDescription,ditch,fatalCount,fence,flatHill,guardRail,holiday,houseOrBuilding,intersection,kerb,light,meshblockId,minorInjuryCount,moped,motorcycle,NumberOfLanes,objectThrownOrDropped,otherObject,otherVehicleType,overBank,parkedVehicle,pedestrian,phoneBoxEtc,postOrPole,region,roadCharacter,roadLane,roadSurface,roadworks,schoolBus,seriousInjuryCount,slipOrFlood,speedLimit,strayAnimal,streetLight,suv,taxi,temporarySpeedLimit,tlaId,tlaName,trafficControl,trafficIsland,trafficSign,train,tree,truck,unknownVehicleType,urban,vanOrUtility,vehicle,waterRiver,weatherA,weatherB
1877286,5821590,8043,,538102,0,0,0,1,0,South,2008/2009,CAMERON ROAD,TWENTYFIRST AVENUE,,Non-Injury Crash,No,2009,0,South,0,0,0,Flat,0,,0,,0,Bright sun,1170002,0,0,0,2,0,0,0,0,1,,0,0,Bay of Plenty Region,Nil,2-way,Sealed,0,0,0,0,50,0,Null,0,0,,23,Tauranga City,Give way,0,0,0,0,0,0,Urban,0,0,0,Fine,Null
1878541,5822953,8044,,538102,0,,0,2,,Null,2008/2009,ELEVENTH AVENUE,CAMERON ROAD,,Non-Injury Crash,No,2009,,West,,0,,Flat,,,,,,Overcast,1167101,0,0,0,4,,,0,,,,,,Bay of Plenty Region,Nil,2-way,Sealed,,0,0,,50,,Null,0,0,,23,Tauranga City,Traffic Signals,,,,,0,0,Urban,1,,,Fine,Null
1569316,5177111,8045,,594800,1,,0,1,,Null,2009/2010,MILTON ST,BARRINGTON ST,,Minor Crash,No,2009,,South,,0,,Flat,,,,,,Overcast,2642003,1,0,0,3,,,0,,,,,,Canterbury Region,Nil,2-way,Sealed,,0,0,,50,,Null,0,0,,60,Christchurch City,Traffic Signals,,,,,0,0,Urban,0,,,Fine,Null
1823236,5878511,8046,,533902,0,,0,2,,Null,2009/2010,SH 25,NGATAIPUA ROAD,,Non-Injury Crash,Yes,2009,,West,,0,,Flat,,,,,,Bright sun,1062000,0,0,0,2,,,0,,,,,,Waikato Region,Nil,2-way,Sealed,,0,0,,100,,Off,0,0,,12,Hauraki District,Give way,,,,,0,0,Open,0,,,Fine,Null
1747182,5913804,8047,,511100,0,,0,1,,South,2009/2010,GLENVIEW ROAD,WEST COAST ROAD,,Non-Injury Crash,No,2009,,North,,0,,Flat,,,,,,Bright sun,286100,0,0,0,2,,,0,,,,,,Auckland Region,Nil,2-way,Sealed,,0,0,,50,,Off,0,0,,76,Auckland,Nil,,,,,0,0,Urban,1,,,Fine,Null
1757483,5926640,8048,,507900,0,,0,2,,Null,2009/2010,BARRYS POINT ROAD,DES SWANN DRIVE,,Non-Injury Crash,No,2009,,East,,0,,Flat,,,,,,Bright sun,304100,0,0,0,2,,,0,,,,,,Auckland Region,Nil,2-way,Sealed,,0,0,,50,,Off,0,0,,76,Auckland,Give way,,,,,0,0,Urban,0,,,Fine,Null
1755011,5914428,8049,,518802,0,,0,1,,South,2008/2009,MAY ROAD,MOUNT ALBERT ROAD,,Non-Injury Crash,No,2009,,North,,0,,Flat,,,,,,Overcast,577900,0,0,1,3,,,0,,,,,,Auckland Region,Nil,2-way,Sealed,,0,0,,50,,Null,0,0,,76,Auckland,Stop,,,,,0,0,Urban,0,,,Fine,Null
1394622,4914715,8050,,606220,0,,0,2,,Null,2008/2009,SH 1S,MOSGIEL ON SBD,,Minor Crash,Yes,2009,,West,,0,,Hill Road,,,,,,Dark,2969900,1,0,0,1,,,0,,,,,,Otago Region,Nil,1-way,Sealed,,0,0,,100,,None,0,0,,71,Dunedin City,Give way,,,,,0,0,Open,0,,,Fine,Null
1755385,5928961,8051,,508320,0,,0,2,,North,2009/2010,WAIRAU ROAD,TRISTRAM AVENUE,,Non-Injury Crash,No,2009,,South,,0,,Flat,,,,,,Overcast,196700,0,0,0,6,,,0,,,,,,Auckland Region,Nil,2-way,Sealed,,0,0,,50,,Off,0,0,,76,Auckland,Traffic Signals,,,,,0,0,Urban,0,,,Fine,Null
1746572,5915624,8052,,511800,0,,0,1,,Null,2009/2010,GREAT NORTH ROAD,VIEW ROAD,,Non-Injury Crash,No,2009,,North,,0,,Flat,,,,,,Bright sun,276300,0,0,0,2,,,0,,,,,,Auckland Region,Nil,2-way,Sealed,,0,0,,50,,Off,1,0,,76,Auckland,Traffic Signals,,,,,0,0,Urban,0,,,Fine,Null
1756368,5927158,8053,,507900,0,,0,2,,East,2009/2010,NORTHCOTE ROAD,NORTHCOTE OFF NBD E,,Non-Injury Crash,No,2009,,West,,0,,Flat,,,,,,Bright sun,303501,0,0,0,6,,,0,,,,,,Auckland Region,Motorway ramp,2-way,Sealed,,0,0,,50,,Off,0,0,,76,Auckland,Traffic Signals,,,,,0,0,Urban,0,,,Fine,Null
1763705,5908893,8054,,521901,0,,0,2,,East,2009/2010,MANGERE ROAD,WALMSLEY ROAD,,Non-Injury Crash,No,2009,,West,,0,,Flat,,,,,,Twilight,785400,0,0,0,6,,,0,,,,,,Auckland Region,Nil,2-way,Sealed,,0,0,,50,,Off,0,0,,76,Auckland,Traffic Signals,,,,,0,0,Urban,0,,,Fine,Null
1565716,5182514,8055,,589000,1,0,0,1,0,Null,2008/2009,GREERS ROAD,MEMORIAL AVENUE,,Minor Crash,No,2009,0,South,0,0,0,Flat,0,,0,,0,Bright sun,2517800,1,0,0,4,0,0,0,0,1,,0,0,Canterbury Region,Nil,2-way,Sealed,0,0,0,0,50,0,Null,0,0,,60,Christchurch City,Traffic Signals,0,0,0,0,0,0,Urban,0,0,0,Mist or Fog,Null
1760192,5915960,8056,,516003,0,,0,2,,Null,2009/2010,GREEN LANE EAST,GREENLANE INT,,Non-Injury Crash,No,2009,,West,,0,,Flat,,,,,,Dark,494902,0,0,0,4,,,0,,,,,,Auckland Region,Nil,2-way,Sealed,,0,0,,50,,On,0,0,,76,Auckland,Give way,,,,,0,0,Urban,0,,,Fine,Null
1746890,5912253,8057,,512600,0,0,0,2,0,West,2009/2010,KONINI ROAD,KAURILANDS ROAD,,Non-Injury Crash,No,2009,0,East,0,0,0,Hill Road,0,,0,,0,Bright sun,298302,0,0,0,2,0,0,0,0,1,,0,0,Auckland Region,Nil,2-way,Sealed,0,0,0,0,50,0,Off,0,0,,76,Auckland,Nil,0,0,0,0,0,0,Urban,0,0,0,Fine,Null
1753573,5927038,8058,,508310,0,0,0,3,0,South,2009/2010,GLENFIELD ROAD,ROBERTS ROAD,,Non-Injury Crash,No,2009,0,South,0,0,0,Hill Road,0,,0,,0,Dark,202400,0,0,0,2,0,0,0,0,2,,0,0,Auckland Region,Nil,2-way,Sealed,0,0,0,0,50,0,On,0,0,,76,Auckland,Nil,0,0,0,0,0,0,Urban,0,0,0,Fine,Null
1767587,5904632,8059,,524604,0,,0,1,,Null,2008/2009,GREAT SOUTH ROAD,RONWOOD AVENUE,,Non-Injury Crash,No,2009,,North,,0,,Flat,,,,,,Overcast,780302,0,0,0,4,,,0,,,,,,Auckland Region,Nil,2-way,Sealed,,0,0,,50,,On,0,0,,76,Auckland,Traffic Signals,,,,,0,0,Urban,2,,,Light rain,Null
1768099,5907555,8060,,523711,0,,1,1,,Null,2008/2009,PRESTON ROAD,GERALDINE ROAD,,Non-Injury Crash,No,2009,,South,,0,,Flat,,,,,,Bright sun,713700,0,0,0,2,,,0,,,,,,Auckland Region,Nil,2-way,Sealed,,0,0,,50,,None,0,0,,76,Auckland,Give way,,,,,0,0,Urban,0,,,Fine,Null
1745381,5913997,8061,,512906,0,,0,1,,Null,2009/2010,WEST COAST ROAD,ALBIONVALE ROAD,,Non-Injury Crash,No,2009,,East,,0,,Flat,,,,,,Bright sun,278510,0,0,0,3,,,0,,,1,,,Auckland Region,Nil,2-way,Sealed,,0,0,,50,,Off,0,0,,76,Auckland,Nil,,,,,0,0,Urban,0,,,Fine,Null
1755044,5929206,8062,,508420,0,,0,2,,Null,2009/2010,WAIRAU ROAD,TARGET ROAD,,Non-Injury Crash,No,2009,,West,,0,,Flat,,,,,,Unknown,183800,0,0,0,3,,,0,,,,,,Auckland Region,Nil,2-way,Sealed,,0,0,,50,,Off,0,0,,76,Auckland,Traffic Signals,,,,,0,0,Urban,0,,,Fine,Null
1743106,5916612,8063,,513220,0,0,0,1,0,Null,2008/2009,BIBURY AVENUE,LAKE PANORAMA DRIVE,,Non-Injury Crash,No,2009,0,North,0,0,0,Flat,0,,0,,0,Twilight,236821,0,0,0,2,0,0,0,0,0,,0,1,Auckland Region,Nil,2-way,Sealed,0,0,0,0,50,0,On,0,0,,76,Auckland,Give way,0,0,0,0,0,0,Urban,0,0,0,Fine,Null
1748863,5425724,8064,,576500,0,,0,1,,Null,2008/2009,ADELAIDE ROAD,HOSPITAL ROAD,,Non-Injury Crash,No,2009,,South,,0,,Flat,,,,,,Bright sun,2148602,0,0,0,2,,,0,,,,,,Wellington Region,Nil,2-way,Sealed,,0,0,,50,,Null,0,0,,47,Wellington City,Traffic Signals,,,,,0,0,Urban,1,,,Fine,Null
1800719,5815790,8065,,529700,0,,0,2,,Null,2008/2009,VICTORIA ST,LONDON ST,,Non-Injury Crash,No,2009,,South,,0,,Flat,,,,,,Overcast,910100,0,0,0,5,,,0,,,,,,Waikato Region,Nil,2-way,Sealed,,0,0,,50,,Null,0,0,,16,Hamilton City,Traffic Signals,,,,,0,0,Urban,0,,,Fine,Null
1824159,5800547,8066,,535241,0,,0,2,,West,2009/2010,SH 1N,KARAPIRO ROAD,,Non-Injury Crash,Yes,2009,,West,,0,,Flat,,,,,,Dark,1122700,0,0,0,2,,,0,,,,,,Waikato Region,Nil,2-way,Sealed,,0,0,,100,,None,0,0,,17,Waipa District,Unknown,,,,,0,0,Open,0,,,Fine,Null
1885146,5774107,8067,,540410,0,,0,1,,West,2009/2010,HAUPAPA ST,FENTON ST,,Non-Injury Crash,No,2009,,East,,0,,Flat,,,,,,Bright sun,1233400,0,0,0,2,,,0,,,,,,Bay of Plenty Region,Nil,2-way,Sealed,,0,0,,50,,Off,1,0,,24,Rotorua District,Nil,,,,,0,0,Urban,0,,,Fine,Null
1731348,5943718,8068,,506646,0,0,0,1,0,East,2008/2009,SH 16,ABEL ROAD,,Non-Injury Crash,Yes,2009,0,East,0,0,1,Flat,0,,0,,0,Dark,211402,0,0,0,2,0,0,0,0,0,,0,1,Auckland Region,Nil,2-way,Sealed,0,0,0,0,100,0,None,0,0,,76,Auckland,Unknown,0,0,0,0,0,0,Open,0,0,0,Light rain,Null
1771740,5894483,8069,,521201,0,,0,1,,South,2009/2010,SH 1N,PAPAKURA OFF NBD,,Non-Injury Crash,Yes,2009,,North,,0,,Flat,,,,,,Dark,806700,0,0,0,2,,,0,,,,,,Auckland Region,Nil,1-way,Sealed,,0,0,,100,,On,1,0,,76,Auckland,Nil,,,,,0,0,Open,1,,,Light rain,Null
1801619,5815816,8070,,530100,0,,0,1,,South,2009/2010,GREY ST,TE AROHA STREET,,Non-Injury Crash,No,2009,,South,,0,,Flat,,,,,,Bright sun,895500,0,0,0,2,,,0,,,,,,Waikato Region,Nil,1-way,Sealed,,0,0,,50,,Off,0,0,,16,Hamilton City,Nil,,,,,0,0,Urban,1,,,Fine,Null
1750112,5918000,8071,,514801,0,,0,0,,East,2009/2010,SH 16,ROSEBANK OFF WBD,,Non-Injury Crash,Yes,2009,,West,,0,,Flat,,,,,,Dark,390401,0,0,0,3,,,0,,,,,,Auckland Region,Nil,1-way,Sealed,,0,0,,100,,None,0,0,,76,Auckland,Nil,,,,,0,0,Open,2,,,Fine,Null
1757641,5424967,8072,,570300,0,0,0,1,0,South,2008/2009,MURITAI ROAD,THE PROMENADE,,Non-Injury Crash,No,2009,0,South,0,0,0,Flat,0,Christmas New Year,0,,0,Bright sun,1985800,0,0,0,2,0,0,0,1,0,,0,0,Wellington Region,Nil,2-way,Sealed,0,0,0,0,50,0,Null,0,0,,46,Lower Hutt City,Nil,0,0,0,0,0,0,Urban,0,0,0,Fine,Null
1871276,5825191,8073,,536503,0,,0,2,,South,2009/2010,TE PUNA STATION ROAD,TE PUNA ROAD,,Non-Injury Crash,No,2009,,South,,0,,Flat,,,,,,Dark,1188103,0,0,0,2,,,0,,,,,,Bay of Plenty Region,Nil,2-way,Sealed,,0,0,,100,,Off,0,0,,22,Western Bay of Plenty District,Unknown,,,,,0,0,Open,0,,,Fine,Null
1752230,5912426,8074,,514700,0,,0,1,,East,2008/2009,DONOVAN ST,WHITNEY ST,,Non-Injury Crash,No,2009,,East,,0,,Flat,,,,,,Bright sun,369101,0,0,0,2,,,0,,,,,,Auckland Region,Nil,2-way,Sealed,,0,0,,50,,Null,0,0,,76,Auckland,Unknown,,,,,1,0,Urban,0,,,Fine,Null
1790004,5840188,8075,,527401,0,0,0,2,0,East,2009/2010,TAINUI BRIDGE ROAD,HARRIS ST,,Non-Injury Crash,No,2009,0,West,0,0,0,Flat,0,,0,,0,Twilight,945500,0,0,0,2,0,0,0,0,1,,0,0,Waikato Region,Nil,2-way,Sealed,0,0,0,0,50,0,On,0,0,,13,Waikato District,Give way,0,0,0,0,0,0,Urban,0,0,0,Fine,Null
1755945,5935255,8076,,507101,0,0,0,2,0,East,2008/2009,INVERNESS ROAD,GLEN ROAD,,Non-Injury Crash,No,2009,0,North,0,0,0,Flat,0,,0,,0,Overcast,161100,0,0,0,2,0,0,0,0,1,,0,0,Auckland Region,Nil,2-way,Sealed,0,0,0,0,50,0,Off,0,0,,76,Auckland,Nil,0,0,0,0,0,0,Urban,0,0,0,Light rain,Null
1750961,5934507,8077,,508701,0,0,0,1,0,West,2009/2010,THE AVENUE,DAIRY FLAT HIGHWAY,,Non-Injury Crash,No,2009,0,West,0,0,0,Hill Road,0,,0,,0,Bright sun,178709,0,0,0,2,0,0,0,0,1,,0,0,Auckland Region,Nil,2-way,Sealed,0,0,0,0,50,0,Off,0,0,,76,Auckland,Nil,0,0,0,0,1,0,Urban,0,0,0,Fine,Null
1572539,5179088,8078,,593502,0,,0,1,,West,2009/2010,FERRY ROAD,OSBORNE ST,,Minor Crash,No,2009,,West,,0,,Flat,,Christmas New Year,,,,Dark,2604900,1,0,0,2,,,0,,,1,,,Canterbury Region,Nil,2-way,Sealed,,0,0,,50,,On,0,0,,60,Christchurch City,Unknown,,,,,0,0,Urban,0,,,Fine,Null
1570274,5178957,8079,,594600,0,0,0,1,0,North,2009/2010,ORBELL ST,CASS ST,,Serious Crash,No,2009,0,North,0,0,1,Flat,0,,0,,0,Dark,2616500,0,0,0,1,0,1,0,0,1,,0,0,Canterbury Region,Nil,2-way,Sealed,0,0,1,0,50,0,On,0,0,,60,Christchurch City,Nil,0,0,0,0,0,0,Urban,0,0,0,Null,Null
1863823,5809497,8080,,536630,0,0,0,1,1,East,2008/2009,SH 29,BOULDER BR,,Non-Injury Crash,Yes,2009,0,East,1,0,0,Hill Road,0,,0,,0,Overcast,1191900,0,0,0,2,0,0,0,0,0,,0,0,Bay of Plenty Region,Nil,2-way,Sealed,0,0,0,0,100,0,Null,0,0,,22,Western Bay of Plenty District,Unknown,0,0,0,0,0,0,Open,0,0,0,Heavy rain,Null
1764887,5905780,8081,,522202,0,0,0,2,0,East,2008/2009,ST GEORGE ST,RANGITOTO ROAD,,Non-Injury Crash,No,2009,0,East,0,0,0,Flat,0,,0,,0,Bright sun,663300,0,0,0,2,0,0,0,0,1,,0,0,Auckland Region,Nil,2-way,Sealed,0,0,0,0,50,0,Off,0,0,,76,Auckland,Nil,0,0,0,0,0,0,Urban,0,0,0,Fine,Null
1802367,5814500,8082,,530200,0,0,0,2,0,West,2008/2009,WELLINGTON ST,NIXON ST,,Non-Injury Crash,No,2009,0,East,0,0,0,Flat,0,Easter,0,,0,Dark,892100,0,0,0,2,0,0,0,0,1,,0,0,Waikato Region,Nil,2-way,Sealed,0,0,0,0,50,0,On,0,0,,16,Hamilton City,Unknown,0,0,0,0,0,0,Urban,0,0,0,Fine,Null
1816854,5803699,8083,,527502,0,,0,2,,North,2009/2010,SH 1B VICTORIA,SH 1N HAMILTON,,Non-Injury Crash,Yes,2009,,South,,0,,Flat,,,,,,Bright sun,963900,0,0,0,2,,,0,,,,,,Waikato Region,Nil,2-way,Sealed,,0,0,,50,,Null,0,0,,17,Waipa District,Unknown,,,,,0,0,Urban,0,,,Fine,Null
1756866,5926406,8084,,507900,0,0,0,0,0,North,2008/2009,SH 1N,ESMONDE OFF SBD,,Non-Injury Crash,Yes,2009,0,South,0,0,0,Flat,1,,0,,0,Overcast,304000,0,0,0,3,0,0,0,0,0,,0,0,Auckland Region,Nil,1-way,Sealed,0,0,0,0,100,0,Null,0,0,,76,Auckland,Unknown,0,0,0,0,1,0,Open,0,0,0,Light rain,Null
1751545,5912342,8085,,514700,0,,0,1,,Null,2008/2009,KINROSS STREET,BLOCKHOUSE BAY ROAD,,Non-Injury Crash,No,2009,,West,,0,,Flat,,,,,,Overcast,368300,0,0,0,2,,,0,,,,,,Auckland Region,Nil,2-way,Sealed,,0,0,,50,,Off,0,0,,76,Auckland,Give way,,,,,1,0,Urban,0,,,Fine,Null
1884336,5826018,8086,,536831,0,0,0,2,0,North,2009/2010,CONCORD AVENUE,CRANE ST,,Non-Injury Crash,No,2009,0,South,0,0,0,Flat,0,,0,,0,Dark,1200500,0,0,0,2,0,0,0,0,1,,0,0,Bay of Plenty Region,Nil,2-way,Sealed,0,0,0,0,50,0,None,0,0,,23,Tauranga City,Unknown,0,0,0,0,0,0,Urban,0,0,0,Fine,Strong wind
1771661,5912978,8087,,523106,0,,0,2,,Null,2009/2010,WHITFORD ROAD,MILLHOUSE DRIVE,,Non-Injury Crash,No,2009,,South,,0,,Flat,,,,,,Bright sun,711173,0,0,0,2,,,0,,,,,,Auckland Region,Nil,2-way,Sealed,,0,0,,50,,Off,0,0,,76,Auckland,Give way,,,,,0,0,Urban,0,,,Fine,Null
1764158,5909747,8088,,521901,0,0,0,1,0,South,2009/2010,GREAT SOUTH ROAD,CRITERION ST,,Non-Injury Crash,No,2009,0,South,0,0,0,Flat,0,,0,,0,Overcast,784100,0,0,0,2,0,0,0,0,1,,0,0,Auckland Region,Nil,2-way,Sealed,0,0,0,0,50,0,Off,1,0,,76,Auckland,Nil,0,0,0,0,0,0,Urban,0,0,0,Fine,Null
1756925,5919446,8089,,514200,0,0,0,2,0,West,2008/2009,KARANGAHAPE ROAD,UPPER QUEEN ST,,Non-Injury Crash,No,2009,0,East,0,0,0,Flat,0,,0,,0,Dark,412200,0,0,0,4,0,0,0,0,1,,0,0,Auckland Region,Nil,2-way,Sealed,0,0,0,0,50,0,On,0,0,,76,Auckland,Nil,0,0,0,0,0,0,Urban,0,0,0,Fine,Null
1884453,5773294,8090,,540420,0,0,0,0,0,South,2008/2009,KING ST,PRETORIA ST,,Non-Injury Crash,No,2009,0,North,0,0,0,Flat,0,,0,,0,Bright sun,1235800,0,0,0,1,0,0,0,0,1,,0,0,Bay of Plenty Region,Nil,2-way,Sealed,0,0,0,0,50,0,Off,0,0,,24,Rotorua District,Nil,0,0,0,0,2,0,Urban,0,0,0,Fine,Null
1759506,5908873,8091,,524002,0,0,0,1,0,Null,2009/2010,CORONATION ROAD,CORONATION ON NBD,,Non-Injury Crash,No,2009,0,North,0,0,0,Flat,0,,0,,0,Unknown,724600,0,0,0,2,0,0,0,0,0,,0,0,Auckland Region,Nil,2-way,Sealed,0,0,0,0,50,0,On,0,0,,76,Auckland,Give way,1,0,0,0,0,0,Urban,0,0,0,Fine,Null
1735896,5984593,8092,,506660,0,,0,1,,Null,2008/2009,BOSHER ROAD,SH 1N,,Non-Injury Crash,No,2009,,North,,0,,Flat,,,,,,Overcast,143900,0,0,0,2,,,0,,,,,,Auckland Region,Nil,2-way,Sealed,,0,0,,100,,Off,0,0,,76,Auckland,Give way,,,,,0,0,Open,0,,,Fine,Null
1751629,5934054,8093,,508701,0,,1,1,,Null,2008/2009,DAIRY FLAT HIGHWAY,ALBANY HIGHWAY,,Non-Injury Crash,No,2009,,West,,0,,Flat,,,,,,Bright sun,178800,0,0,0,5,,,0,,,,,,Auckland Region,Nil,2-way,Sealed,,0,0,,50,,Off,0,0,,76,Auckland,Give way,,,,,0,0,Urban,0,,,Light rain,Null
1804526,5813675,8094,,530800,0,,0,4,,East,2008/2009,SH 1N,MORRINSVILLE ROAD,,Non-Injury Crash,Yes,2009,,South,,0,,Flat,,,,,,Bright sun,884300,0,0,0,2,,,0,,,,,,Waikato Region,Nil,2-way,Sealed,,0,0,,50,,Null,0,0,,16,Hamilton City,Unknown,,,,,0,0,Urban,0,,,Fine,Null
1617313,6108014,8095,,500204,0,0,0,1,0,West,2008/2009,KAITAIA-AWAROA ROAD,BRASS ROAD,,Non-Injury Crash,No,2009,0,West,0,0,1,Flat,0,,0,,0,Dark,10400,0,0,0,2,0,0,0,0,0,,0,0,Northland Region,Nil,2-way,Unsealed,0,0,0,0,100,0,None,0,0,30,1,Far North District,Nil,0,0,0,0,0,0,Open,0,0,0,Fine,Null
1857572,5803790,8096,,535231,0,0,0,1,1,South,2009/2010,SH 29,SUMMIT LOOKOUT,,Non-Injury Crash,Yes,2009,0,South,0,0,0,Hill Road,0,,0,,0,Dark,1114500,0,0,0,3,0,0,0,0,0,,0,0,Waikato Region,Nil,2-way,Sealed,0,0,0,0,100,0,None,0,0,,15,Matamata-Piako District,Unknown,0,0,0,0,0,0,Open,0,0,0,Fine,Frost
1767644,5904284,8097,,524604,0,,1,1,,Null,2009/2010,MANUKAU STATION ROAD,LEYTON WAY,,Non-Injury Crash,No,2009,,West,,0,,Flat,,,,,,Overcast,780204,0,0,0,3,,,0,,,,,,Auckland Region,Nil,2-way,Sealed,,0,0,,50,,Off,0,0,,76,Auckland,Traffic Signals,,,,,0,0,Urban,0,,,Fine,Null
1758179,5919822,8098,,515902,0,0,0,1,0,East,2008/2009,LOWER DOMAIN DRIVE,TENNIS LANE,,Non-Injury Crash,No,2009,0,West,0,0,0,Hill Road,0,Easter,0,,0,Dark,451400,0,0,0,2,0,0,0,0,0,,0,0,Auckland Region,Nil,2-way,Sealed,0,0,0,0,50,0,On,0,0,,76,Auckland,Unknown,0,0,0,1,0,0,Urban,0,0,0,Light rain,Null
1459973,5085415,8099,,598700,0,,0,3,,Null,2009/2010,SH 1S,JELLICOE ST,,Minor Crash,Yes,2009,,North,,0,,Hill Road,,,,,,Dark,2774202,1,0,0,4,,,0,,,,,,Canterbury Region,Nil,2-way,Sealed,,0,0,,100,,On,0,0,,64,Timaru District,Stop,,,,,0,0,Open,0,,,Fine,Null
1744584,5922466,8100,,513530,0,,0,2,,Null,2009/2010,ROYAL ROAD,MOIRE ROAD,,Non-Injury Crash,No,2009,,East,,0,,Flat,,,,,,Dark,225802,0,0,0,4,,,0,,,,,,Auckland Region,Nil,2-way,Sealed,,0,0,,50,,On,0,0,,76,Auckland,Traffic Signals,,,,,0,0,Urban,0,,,Heavy rain,Null
1755968,5917130,8101,,518201,0,0,0,2,0,North,2009/2010,DOMINION ROAD,PROSPECT TERRACE,,Non-Injury Crash,No,2009,0,South,0,0,0,Flat,0,,0,,0,Dark,548102,0,0,0,2,0,0,0,0,1,,0,0,Auckland Region,Nil,2-way,Sealed,0,0,0,0,50,0,On,0,0,,76,Auckland,Nil,0,0,0,0,0,0,Urban,1,0,0,Light rain,Null
1770823,5897114,8102,,523912,0,0,0,0,0,North,2009/2010,SH 1N,BEACH OBR,,Non-Injury Crash,Yes,2009,0,South,0,0,0,Flat,0,,0,,0,Dark,767803,0,0,0,2,0,0,0,1,0,,0,0,,Nil,2-way,Sealed,0,0,0,0,100,0,On,0,0,,76,Auckland,Nil,0,0,0,0,1,0,Open,0,0,0,Fine,Null
1769373,5902261,8103,,524901,0,,0,2,,North,2009/2010,SH 1N,HILL OBR,,Non-Injury Crash,Yes,2009,,North,,0,,Flat,,,,,,Overcast,755600,0,0,0,3,,,0,,,,,,Auckland Region,Nil,1-way,Sealed,,0,0,,100,,Off,0,0,,76,Auckland,Nil,,,,,0,0,Open,0,,,Heavy rain,Null
1849048,5731820,8104,,541320,0,0,0,0,0,East,2008/2009,POIHIPI ROAD,KAAHU ROAD,,Non-Injury Crash,No,2009,0,West,0,0,0,Flat,0,,0,,0,Dark,1293702,0,0,0,2,0,1,0,0,0,,0,0,Waikato Region,Nil,2-way,Sealed,0,0,0,0,100,0,None,0,0,,21,Taupo District,Nil,0,0,0,0,1,0,Open,0,0,0,Light rain,Strong wind
1752402,5936219,8105,,506300,0,0,0,1,1,North,2008/2009,SH 1N,LONELY TRACK OBR,,Non-Injury Crash,Yes,2009,0,South,0,0,0,Hill Road,0,,0,,0,Twilight,176106,0,0,0,3,0,0,0,0,0,,0,0,Auckland Region,Nil,1-way,Sealed,0,0,0,0,100,0,None,0,0,,76,Auckland,Nil,0,0,0,0,0,0,Open,0,0,0,Light rain,Null
1752402,5916052,8106,,517901,0,,0,1,,Null,2008/2009,RICHARDSON ROAD,NEW NORTH ROAD,,Non-Injury Crash,No,2009,,North,,0,,Flat,,,,,,Bright sun,523700,0,0,0,2,,,0,,,,,,Auckland Region,Nil,2-way,Sealed,,0,0,,50,,Null,1,0,,76,Auckland,Traffic Signals,,,,,0,0,Urban,0,,,Fine,Null
1745427,5924500,8107,,513522,0,0,0,2,0,East,2009/2010,HOBSONVILLE ROAD,LUCKENS ROAD,,Non-Injury Crash,No,2009,0,West,0,0,0,Hill Road,0,,0,,0,Dark,224131,0,0,0,2,0,0,0,0,1,,0,0,Auckland Region,Nil,2-way,Sealed,0,0,0,0,50,0,On,0,0,,76,Auckland,Nil,0,0,0,0,0,0,Urban,0,0,0,Fine,Null
1750948,5423383,8108,,577000,0,0,0,1,0,South,2008/2009,COCHRANE ST,GEORGE BOLT ST,,Non-Injury Crash,No,2009,0,South,0,0,1,Flat,0,,0,,0,Bright sun,2175600,0,0,0,2,0,0,0,0,1,,0,0,Wellington Region,Nil,2-way,Sealed,0,0,0,0,50,0,Null,1,0,,47,Wellington City,Nil,0,0,0,0,0,0,Urban,0,0,0,Fine,Null
1770311,5909755,8109,,523109,0,,0,1,,Null,2008/2009,CHAPEL ROAD,KILKENNY DRIVE S,,Non-Injury Crash,No,2009,,South,,0,,Flat,,,,,,Dark,711740,0,0,0,4,,,0,,,,,,Auckland Region,Nil,2-way,Sealed,,0,0,,50,,On,1,0,,76,Auckland,Traffic Signals,,,,,0,0,Urban,0,,,Fine,Null
1760672,5435844,8110,,568601,0,0,0,1,0,West,2008/2009,KNIGHTS ROAD,RIDDIFORD ST,,Non-Injury Crash,No,2009,0,West,0,0,0,Flat,0,,0,,0,Bright sun,1970803,0,0,0,2,0,0,0,0,1,,0,0,Wellington Region,Nil,2-way,Sealed,0,0,0,0,50,0,Null,0,0,,46,Lower Hutt City,Nil,0,0,0,0,1,0,Urban,0,0,0,Fine,Null
1755375,5932227,8111,,508805,0,,0,2,,Null,2009/2010,EAST COAST ROAD,MAXWELTON DRIVE,,Non-Injury Crash,No,2009,,South,,0,,Flat,,,,,,Overcast,151103,0,0,0,4,,,0,,,,,,Auckland Region,Nil,2-way,Sealed,,0,0,,50,,Off,0,0,,76,Auckland,Nil,,,,,0,0,Urban,0,,,Light rain,Null
1756667,5915314,8112,,518302,0,,0,4,,South,2008/2009,MOUNT EDEN ROAD,MARSDEN AVENUE,,Non-Injury Crash,No,2009,,North,,0,,Flat,,,,,,Bright sun,558000,0,0,0,2,,,0,,,,,,Auckland Region,Nil,2-way,Sealed,,0,0,,50,,Null,0,1,,76,Auckland,Unknown,,,,,0,0,Urban,0,,,Fine,Null