X,Y,OBJECTID,advisorySpeed,areaUnitID,bicycle,bridge,bus,carStationWagon,cliffBank,crashDirectionDescription,crashFinancialYear,crashLocation1,crashLocation2,crashRoadSideRoad,crashSeverity,crashSHDescription,crashYear,debris,directionRoleDescription,ditch,fatalCount,fence,flatHill,guardRail,holiday,houseOrBuilding,intersection,kerb,light,meshblockId,minorInjuryCount,moped,motorcycle,NumberOfLanes,objectThrownOrDropped,otherObject,otherVehicleType,overBank,parkedVehicle,pedestrian,phoneBoxEtc,postOrPole,region,roadCharacter,roadLane,roadSurface,roadworks,schoolBus,seriousInjuryCount,slipOrFlood,speedLimit,strayAnimal,streetLight,suv,taxi,temporarySpeedLimit,tlaId,tlaName,trafficControl,trafficIsland,trafficSign,train,tree,truck,unknownVehicleType,urban,vanOrUtility,vehicle,waterRiver,weatherA,weatherB
1752796,5953124,8113,,505803,0,0,0,0,0,South,2009/2010,HIBISCUS COAST HIGHWAY,WAIWERA ROAD,,Non-Injury Crash,No,2009,0,North,0,0,1,Hill Road,0,,0,,0,Dark,170605,0,0,0,2,0,0,0,0,0,,0,0,Auckland Region,Nil,2-way,Sealed,0,0,0,0,80,0,None,0,0,,76,Auckland,Unknown,0,0,0,0,0,0,Open,1,0,0,Light rain,Null
1754231,5930927,8114,,508420,0,,0,1,,East,2009/2010,SUNSET ROAD,HIGHGROVE LANE,,Non-Injury Crash,No,2009,,East,,0,,Flat,,,,,,Overcast,182008,0,1,0,2,,,0,,,,,,Auckland Region,Nil,2-way,Sealed,,0,0,,50,,Off,0,0,,76,Auckland,Nil,,,,,0,0,Urban,0,,,Light rain,Null
1756933,5918443,8115,,515600,0,0,0,1,0,East,2009/2010,SHADDOCK ST,FLOWER ST,,Non-Injury Crash,No,2009,0,South,0,0,0,Flat,0,,0,,0,Overcast,421200,0,0,0,2,0,0,0,0,1,,0,0,Auckland Region,Nil,2-way,Sealed,0,0,0,0,50,0,Off,0,0,,76,Auckland,Nil,0,0,0,0,0,0,Urban,1,0,0,Fine,Null
1760108,5908848,8116,,524403,0,0,0,0,0,North,2008/2009,MAHUNGA DRIVE,WALMSLEY ROAD,,Non-Injury Crash,No,2009,0,South,0,0,0,Flat,0,,0,,0,Dark,729500,0,0,0,2,0,0,0,0,0,,0,0,Auckland Region,Nil,2-way,Sealed,0,0,0,0,50,0,On,1,0,,76,Auckland,Nil,0,1,0,0,0,0,Urban,0,0,0,Fine,Null
1843304,5784540,8117,,535600,0,0,0,1,0,North,2008/2009,RESERVOIR ST,MOUNTBATTEN DRIVE,,Non-Injury Crash,No,2009,0,North,0,0,1,Hill Road,0,,0,,1,Dark,1130700,0,0,0,2,0,0,0,0,0,,0,0,Waikato Region,Nil,2-way,Sealed,0,0,0,0,50,0,On,0,0,,19,South Waikato District,Nil,0,0,0,0,0,0,Urban,0,0,0,Fine,Frost
1754472,5911864,8118,,519001,0,,0,1,,Null,2009/2010,GLENVEAGH DRIVE,RAMELTON ROAD,,Non-Injury Crash,No,2009,,North,,0,,Hill Road,,,,,,Dark,589300,0,0,0,2,,,0,,,,,,Auckland Region,Nil,2-way,Sealed,,0,0,,50,,On,0,0,,76,Auckland,Nil,,,,,1,0,Urban,0,,,Fine,Null
1756133,5920539,8119,,514000,0,,0,2,,Null,2008/2009,COLLEGE HILL,BEAUMONT ST,,Non-Injury Crash,No,2009,,East,,0,,Flat,,,,,,Dark,416600,0,0,0,4,,,0,,,,,,Auckland Region,Nil,2-way,Sealed,,0,0,,50,,On,0,0,,76,Auckland,Traffic Signals,,,,,0,0,Urban,0,,,Fine,Null
1743987,5916981,8120,,513011,0,0,0,0,0,East,2009/2010,STURGES ROAD,SUMMERLAND DRIVE,,Non-Injury Crash,No,2009,0,North,0,0,1,Flat,0,,0,,0,Dark,280500,0,0,0,2,0,0,0,0,0,,0,0,Auckland Region,Nil,2-way,Sealed,0,0,0,0,50,0,On,1,0,,76,Auckland,Nil,0,0,0,0,0,0,Urban,0,0,0,Fine,Null
1881707,5826488,8121,,536821,0,,1,0,,West,2009/2010,SH 2,HOCKING ST,,Non-Injury Crash,Yes,2009,,East,,0,,Flat,,,,,,Bright sun,1203900,0,0,0,4,,,0,,,,,,Bay of Plenty Region,Nil,2-way,Sealed,,0,0,,70,,Null,0,0,,23,Tauranga City,Unknown,,,,,0,0,Urban,1,,,Fine,Null
1754420,5918337,8122,,517600,0,,0,2,,East,2009/2010,SH 16,ST LUKES OBR,,Non-Injury Crash,Yes,2009,,West,,0,,Flat,,,,,,Bright sun,533000,0,0,0,4,,,0,,,,,,Auckland Region,Nil,1-way,Sealed,,0,0,,100,,Off,0,0,,76,Auckland,Nil,,,,,0,0,Open,0,,,Fine,Null
1768624,5903057,8123,,524602,0,,0,2,,South,2009/2010,SH 1N,MANUKAU OFF NBD,,Non-Injury Crash,Yes,2009,,North,,0,,Flat,,,,,,Overcast,780508,0,0,0,3,,,0,,,,,,Auckland Region,Nil,1-way,Sealed,,0,0,,100,,Off,0,0,80,76,Auckland,Nil,,,,,0,0,Open,0,,,Mist or Fog,Null
1842582,5745440,8124,,541320,0,0,0,1,0,North,2009/2010,SH 30,SANDEL ROAD,,Non-Injury Crash,Yes,2009,0,South,0,0,1,Flat,0,,0,,0,Overcast,1292600,0,0,0,2,0,0,0,0,0,,0,1,Waikato Region,Nil,2-way,Sealed,0,0,0,0,100,0,Null,0,0,,21,Taupo District,Unknown,0,0,0,0,0,0,Open,0,0,0,Light rain,Null
1749878,5914633,8125,,511303,0,,0,2,,Null,2009/2010,RATA ST,BINSTED ROAD,,Non-Injury Crash,No,2009,,East,,0,,Flat,,,,,,Bright sun,266600,0,0,0,5,,,0,,,,,,Auckland Region,Nil,2-way,Sealed,,0,0,,50,,Off,0,0,,76,Auckland,Traffic Signals,,,,,0,0,Urban,0,,,Fine,Null
1800882,5811985,8126,,529200,0,,0,1,,North,2009/2010,SH 3,COLLINS ROAD,,Non-Injury Crash,Yes,2009,,South,,0,,Flat,,,,,,Overcast,928200,0,0,0,4,,,0,,,,,,Waikato Region,Nil,2-way,Sealed,,0,0,,50,,Null,0,0,30,16,Hamilton City,Unknown,,,,,1,0,Urban,0,,,Light rain,Null
1760160,5915926,8127,,516003,0,,0,1,,North,2009/2010,SH 1N,GREENLANE INT S,,Non-Injury Crash,Yes,2009,,North,,0,,Flat,,,,,,Bright sun,494902,0,0,0,3,,,0,,,,,,Auckland Region,Nil,1-way,Sealed,,0,0,,100,,Off,0,0,,76,Auckland,Nil,,,,,0,0,Open,1,,,Fine,Null
1767015,5906015,8128,,522302,0,0,0,2,0,North,2009/2010,PEMBROKE ST,DENNIS ROAD,,Non-Injury Crash,No,2009,0,North,0,0,0,Flat,0,,0,,0,Dark,670500,0,0,0,1,0,0,0,0,1,,0,0,Auckland Region,Nil,2-way,Sealed,0,0,0,0,50,0,On,0,0,,76,Auckland,Nil,0,0,0,0,0,0,Urban,0,0,0,Fine,Null
1832623,5796805,8129,,535241,0,0,0,1,0,West,2008/2009,SH 1N,MAUNGATAUTARI ROAD,,Non-Injury Crash,Yes,2009,0,West,1,0,0,Flat,0,,0,,0,Bright sun,1123100,0,0,0,3,0,0,0,0,0,,0,0,Waikato Region,Nil,2-way,Sealed,0,0,0,0,100,0,Null,0,0,,17,Waipa District,Unknown,0,0,0,0,0,0,Open,0,0,0,Fine,Null
1767376,5907647,8130,,523502,0,,0,4,,West,2008/2009,EAST TAMAKI ROAD,FERGUSON ROAD,,Non-Injury Crash,No,2009,,East,,0,,Flat,,,,,,Overcast,701900,0,0,0,3,,,0,,,,,,Auckland Region,Nil,2-way,Sealed,,0,0,,50,,Off,0,0,,76,Auckland,Nil,,,,,1,0,Urban,0,,,Fine,Null
1755180,5914284,8131,,518803,0,,0,1,,East,2008/2009,MOUNT ALBERT ROAD,DOMINION ROAD,,Non-Injury Crash,No,2009,,West,,0,,Flat,,Christmas New Year,,,,Overcast,580700,0,0,0,4,,,0,,,,,,Auckland Region,Nil,2-way,Sealed,,0,0,,50,,Null,1,0,,76,Auckland,Traffic Signals,,,,,0,0,Urban,0,,,Fine,Null
1754256,5929643,8132,,508420,0,,0,2,,Null,2009/2010,ELLICE ROAD,CHEVAL DRIVE,,Non-Injury Crash,No,2009,,East,,0,,Flat,,,,,,Overcast,182702,0,0,0,2,,,0,,,,,,Auckland Region,Nil,2-way,Sealed,,0,0,,50,,Off,0,0,,76,Auckland,Give way,,,,,0,0,Urban,0,,,Fine,Null
1998065,5756537,8133,,543601,0,,0,2,,North,2008/2009,MARUMOKO ROAD,MOTU ROAD,,Non-Injury Crash,No,2009,,North,,0,,Hill Road,,Christmas New Year,,,,Overcast,1353100,0,0,0,2,,,0,,,,,,Gisborne Region,Nil,2-way,Unsealed,,0,0,,50,,Null,0,0,,28,Gisborne District,Nil,,,,,0,0,Urban,0,,,Light rain,Null
1402573,4918290,8134,,603920,0,0,0,0,0,North,2008/2009,DALZIEL ROAD,BRINSDON ROAD,,Serious Crash,No,2009,0,South,1,0,0,Flat,0,,0,,0,Dark,2888202,1,0,0,2,0,0,0,0,0,,0,0,Otago Region,Nil,2-way,Sealed,0,0,4,0,70,0,On,0,0,,71,Dunedin City,Unknown,0,0,0,0,0,0,Urban,1,0,0,Fine,Null
1798389,5815896,8135,,528900,0,,0,2,,Null,2008/2009,SH 1N,NORTON ROAD,,Non-Injury Crash,Yes,2009,,South,,0,,Flat,,Christmas New Year,,,,Overcast,915400,0,0,0,2,,,0,,,,,,Waikato Region,Nil,2-way,Sealed,,0,0,,60,,Null,0,0,,16,Hamilton City,Give way,,,,,0,0,Urban,0,,,Light rain,Null
1769101,5881355,8136,,525910,0,,0,2,,Null,2008/2009,STADIUM DRIVE,HALL ST,,Non-Injury Crash,No,2009,,West,,0,,Flat,,,,,,Overcast,818700,0,0,0,2,,,0,,,,,,Auckland Region,Nil,2-way,Sealed,,0,0,,50,,Null,0,0,,76,Auckland,Give way,,,,,0,0,Urban,0,,,Fine,Null
1716513,6050789,8137,,502002,0,,0,2,,North,2009/2010,DIP ROAD,THREE MILE BUSH ROAD,,Non-Injury Crash,No,2009,,North,,0,,Hill Road,,,,,,Overcast,69403,0,0,0,2,,,0,,,,,,Northland Region,Nil,2-way,Sealed,,0,0,,80,,Off,0,0,,2,Whangarei District,Nil,,,,,0,0,Open,0,,,Fine,Null
1743609,5919452,8138,,513212,0,,0,2,,Null,2008/2009,DON BUCK ROAD,MAYFAIR PLACE,,Non-Injury Crash,No,2009,,South,,0,,Flat,,,,,,Overcast,235506,0,0,0,2,,,0,,,,,,Auckland Region,Nil,2-way,Sealed,,0,0,,50,,Off,0,0,,76,Auckland,Nil,,,,,0,0,Urban,0,,,Fine,Null
1771456,5895329,8139,,525540,0,,0,0,,North,2008/2009,SH 1N,BEACH OBR,,Non-Injury Crash,Yes,2009,,South,,0,,Flat,,,,,,Bright sun,806402,0,0,0,2,,,0,,,,,,Auckland Region,Nil,1-way,Sealed,,0,0,,100,,Off,1,0,,76,Auckland,Nil,,,,,0,0,Open,1,,,Fine,Null
1771660,5912965,8140,,523106,0,,0,2,,Null,2008/2009,WHITFORD ROAD,MILLHOUSE DRIVE,,Non-Injury Crash,No,2009,,East,,0,,Flat,,,,,,Bright sun,711114,0,0,0,2,,,0,,,,,,Auckland Region,Nil,2-way,Sealed,,0,0,,50,,Null,0,0,,76,Auckland,Give way,,,,,0,0,Urban,0,,,Fine,Null
1800291,5815790,8141,,529700,0,,0,2,,East,2008/2009,ROSTREVOR ST,VIALOU ST,,Non-Injury Crash,No,2009,,West,,0,,Flat,,,,,,Bright sun,910200,0,0,0,2,,,0,,,,,,Waikato Region,Nil,2-way,Sealed,,0,0,,50,,Null,0,0,,16,Hamilton City,Unknown,,,,,0,0,Urban,0,,,Light rain,Null
1770635,5911227,8142,,523109,0,,0,1,,Null,2009/2010,CHAPEL ROAD,TI RAKAU DRIVE,,Non-Injury Crash,No,2009,,West,,0,,Flat,,,,,,Twilight,712008,0,0,0,4,,,0,,,,,,Auckland Region,Nil,2-way,Sealed,,0,0,,50,,Off,1,0,,76,Auckland,Give way,,,,,0,0,Urban,0,,,Fine,Null
1874110,5824042,8143,,536514,0,,0,1,,Null,2008/2009,CARMICHAEL ROAD,BETHLEHEM ROAD,,Non-Injury Crash,No,2009,,South,,0,,Flat,,,,,,Bright sun,1190200,0,0,0,2,,,0,,,,,,Bay of Plenty Region,Nil,2-way,Sealed,,0,0,,50,,Null,0,0,,23,Tauranga City,Give way,,,,,0,0,Urban,1,,,Fine,Null
2077989,5803891,8144,,543301,0,0,0,0,0,East,2009/2010,RANGITUKIA ROAD,TE ARAROA ROAD,,Fatal Crash,No,2009,0,West,0,2,0,Flat,0,,0,,0,Bright sun,1343700,1,0,0,2,0,0,0,0,0,,0,1,Gisborne Region,Nil,2-way,Sealed,0,0,1,0,100,0,Null,1,0,,28,Gisborne District,Nil,0,0,0,0,0,0,Open,0,0,0,Fine,Null
1748625,5943017,8145,,505806,0,0,0,2,0,North,2008/2009,SH 1N,WILKS OBR,,Non-Injury Crash,Yes,2009,0,South,0,0,0,Flat,2,,0,,0,Dark,176802,0,0,0,4,0,0,0,0,0,,0,0,Auckland Region,Nil,2-way,Sealed,0,0,0,0,100,0,None,0,0,,76,Auckland,Nil,0,0,0,0,0,0,Open,0,0,0,Fine,Null
1747399,5916359,8146,,511601,0,,0,2,,Null,2008/2009,BARRYS ROAD,ASHBOURNE PLACE,,Non-Injury Crash,No,2009,,East,,0,,Flat,,,,,,Overcast,274300,0,0,0,2,,,0,,,,,,Auckland Region,Nil,2-way,Sealed,,0,0,,50,,Off,0,0,,76,Auckland,Nil,,,,,0,0,Urban,0,,,Light rain,Null
1862679,5808730,8147,,536630,0,0,0,0,0,North,2008/2009,SH 29,VALLEY VIEW ROAD,,Non-Injury Crash,Yes,2009,0,West,0,0,1,Hill Road,0,,0,,0,Overcast,1191900,0,0,0,3,0,0,0,0,0,,0,0,Bay of Plenty Region,Nil,2-way,Sealed,0,0,0,0,100,0,Null,1,0,,22,Western Bay of Plenty District,Unknown,0,0,0,0,0,0,Open,0,0,0,Heavy rain,Null
1757560,5926261,8148,,507900,0,,0,0,,Null,2008/2009,ESMONDE ROAD,BARRYS POINT ROAD,,Non-Injury Crash,No,2009,,West,,0,,Flat,,,,,,Bright sun,304200,0,0,0,6,,,0,,,,,,,Nil,2-way,Sealed,,0,0,,50,,Off,1,0,,76,Auckland,Traffic Signals,,,,,0,0,Urban,1,,,Fine,Null
1689991,5675732,8149,,551400,0,,0,1,,Null,2008/2009,SH 44,PEACE AVENUE,,Non-Injury Crash,Yes,2009,,West,,0,,Flat,,,,,,Overcast,1586300,0,0,0,2,,,0,,,,,,Taranaki Region,Nil,2-way,Sealed,,0,0,,50,,Null,0,0,,33,New Plymouth District,Nil,,,,,0,0,Urban,1,,,Fine,Null
1878072,5821554,8150,,538102,0,,0,2,,Null,2009/2010,FRASER ST,EIGHTEENTH AVENUE,,Non-Injury Crash,No,2009,,South,,0,,Flat,,,,,,Bright sun,1170600,0,0,0,2,,,0,,,,,,Bay of Plenty Region,Nil,2-way,Sealed,,0,0,,50,,Null,0,0,,23,Tauranga City,Stop,,,,,0,0,Urban,1,,,Fine,Null
1888310.2684,5820161.1539,8151,,536642,0,,0,1,,West,2008/2009,WELCOME BAY ROAD,TARANAKI LANE,,Non-Injury Crash,No,2009,,East,,0,,Hill Road,,,,,,Dark,1206501,0,0,0,2,,,0,,,,,,Bay of Plenty Region,Nil,2-way,Sealed,,0,0,,80,,None,0,0,,22,Western Bay of Plenty District,Unknown,,,,,0,0,Open,0,,,Light rain,Null
1760192,5915960,8152,,516003,0,,0,2,,Null,2008/2009,GREEN LANE EAST,GREENLANE INT,,Non-Injury Crash,No,2009,,West,,0,,Flat,,,,,,Bright sun,494902,0,0,0,3,,,0,,,,,,Auckland Region,Motorway ramp,1-way,Sealed,,0,0,,50,,Off,0,0,,76,Auckland,Give way,,,,,0,0,Urban,0,,,Fine,Null
1760285,5915378,8153,,519400,0,,0,2,,Null,2008/2009,GREAT SOUTH ROAD,CAMPBELL ROAD,,Non-Injury Crash,No,2009,,South,,0,,Flat,,,,,,Dark,617400,0,0,0,6,,,0,,,,,,Auckland Region,Nil,2-way,Sealed,,0,0,,50,,On,0,0,,76,Auckland,Traffic Signals,,,,,0,0,Urban,0,,,Fine,Null
1827429,5880881,8154,,533902,0,,0,3,,Null,2008/2009,SH 25,WAIHOU RIV BR,,Non-Injury Crash,Yes,2009,,West,,0,,Flat,,,,,,Dark,1061800,0,0,0,1,,,0,,,,,,Waikato Region,Bridge,2-way,Sealed,,0,0,,70,,Off,0,0,,12,Hauraki District,Traffic Signals,,,,,0,0,Urban,0,,,Fine,Frost
1757754,5918221,8155,,515700,0,,0,1,,South,2009/2010,SH 1N,MOUNTAIN OBR,,Non-Injury Crash,Yes,2009,,North,,0,,Flat,,,,,,Bright sun,443600,0,0,0,4,,,0,,,,,,Auckland Region,Nil,1-way,Sealed,,0,0,,80,,Off,0,0,,76,Auckland,Nil,,,,,1,0,Open,0,,,Fine,Null
1458187,5084574,8156,,598900,0,,0,1,,West,2009/2010,LINDSAY ST,USK ST,,Minor Crash,No,2009,,West,,0,,Flat,,,,,,Overcast,2784600,2,0,0,2,,,0,,,,,,Canterbury Region,Nil,2-way,Sealed,,0,0,,50,,Null,1,0,,64,Timaru District,Unknown,,,,,0,0,Urban,0,,,Fine,Null
1884498,5824472,8157,,536831,0,,0,2,,Null,2008/2009,SH 29,SH 2,,Non-Injury Crash,Yes,2009,,North,,0,,Flat,,,,,,Overcast,1205409,0,0,0,2,,,0,,,,,,Bay of Plenty Region,Nil,2-way,Sealed,,0,0,,70,,Off,0,0,,23,Tauranga City,Give way,,,,,0,0,Urban,0,,,Fine,Null
1756431,5927790,8158,,507900,0,,0,2,,Null,2008/2009,TAHAROTO ROAD,SHAKESPEARE ROAD,,Non-Injury Crash,No,2009,,North,,0,,Flat,,,,,,Bright sun,305202,0,0,0,6,,,0,,,,,,Auckland Region,Nil,2-way,Sealed,,0,0,,50,,Null,0,0,,76,Auckland,Traffic Signals,,,,,0,0,Urban,0,,,Fine,Null
1761513,5913802,8159,,520202,0,0,0,4,0,Null,2008/2009,STATION ROAD,GREAT SOUTH ROAD,,Non-Injury Crash,No,2009,0,South,0,0,1,Flat,0,,0,,0,Dark,612300,0,0,0,4,0,0,0,0,1,,0,0,Auckland Region,Nil,2-way,Sealed,1,0,0,0,50,0,On,1,0,,76,Auckland,Traffic Signals,0,0,0,0,0,0,Urban,0,0,0,Fine,Null
1756580,5919617,8160,,514102,0,,0,2,,East,2009/2010,UNION ON WBD,SH 1N,,Non-Injury Crash,Yes,2009,,West,,0,,Flat,,,,,,Bright sun,435500,0,0,0,2,,,0,,,,,,Auckland Region,Nil,1-way,Sealed,,0,0,,50,,Null,0,0,,76,Auckland,Traffic Signals,,,,,0,0,Urban,0,,,Fine,Null
1568654,5204841,8161,,586303,0,0,0,1,0,East,2008/2009,NORTHBROOK ROAD,SPARK LANE,,Serious Crash,No,2009,0,West,1,0,0,Flat,0,,0,,0,Dark,2448700,0,0,0,2,0,0,0,0,0,,0,0,Canterbury Region,Nil,2-way,Sealed,0,0,3,0,100,0,None,0,0,,59,Waimakariri District,Unknown,0,0,0,0,0,0,Open,0,0,1,Fine,Null
1762405,5916991,8162,,516301,0,0,0,1,0,West,2009/2010,REMUERA ROAD,WAIATARUA ROAD,,Non-Injury Crash,No,2009,0,East,0,0,0,Hill Road,0,,0,,0,Bright sun,458900,0,0,0,2,0,0,0,0,0,,0,0,Auckland Region,Nil,2-way,Sealed,0,0,0,0,50,0,Off,0,0,,76,Auckland,Nil,0,1,0,0,0,0,Urban,0,0,0,Fine,Null
1768107,5903287,8163,,524602,0,,0,2,,Null,2008/2009,GREAT SOUTH ROAD,KERRS ROAD,,Non-Injury Crash,No,2009,,North,,0,,Flat,,,,,,Bright sun,780410,0,0,0,2,,,0,,,,,,Auckland Region,Nil,2-way,Sealed,,0,0,,60,,Off,0,0,,76,Auckland,Traffic Signals,,,,,0,0,Urban,0,,,Fine,Null
1894219,5751617,8164,,538841,0,,0,1,,North,2009/2010,SH 5,WAIKITE VALLEY ROAD,,Non-Injury Crash,Yes,2009,,North,,0,,Hill Road,,,,,,Dark,1260302,0,0,0,2,,,0,,,,,,Waikato Region,Nil,2-way,Sealed,,0,0,,80,,None,0,0,,24,Rotorua District,Nil,,,,,0,0,Open,0,,,Fine,Null
1754030,5931358,8165,,508803,0,,0,2,,Null,2009/2010,UPPER HWY OFF NBD,SH 18 W,,Non-Injury Crash,Yes,2009,,North,,0,,Flat,,,,,,Twilight,180818,0,0,0,4,,,0,,,,,,Auckland Region,Motorway ramp,2-way,Sealed,,0,0,,50,,Off,0,0,,76,Auckland,Give way,,,,,0,0,Urban,0,,,Fine,Null
1764945,5905004,8166,,522100,0,,0,2,,West,2008/2009,CHESTNUT ROAD,KENDERDINE ROAD,,Non-Injury Crash,No,2009,,East,,0,,Flat,,,,,,Dark,660100,0,0,0,2,,,0,,,,,,Auckland Region,Nil,2-way,Sealed,,0,0,,50,,Off,0,0,,76,Auckland,Nil,,,,,0,0,Urban,0,,,Fine,Null
1783189,5868626,8167,,527221,0,,0,0,,South,2009/2010,SH 1N,ISLAND OFF NBD,,Non-Injury Crash,Yes,2009,,North,,0,,Flat,,,,,,Overcast,934700,0,0,0,4,,,0,,,,,,Waikato Region,Nil,2-way,Sealed,,0,0,,100,,Null,1,0,,13,Waikato District,Unknown,,,,,0,0,Open,0,,,Heavy rain,Null
1758264,5920204,8168,,514103,0,,0,0,,Null,2009/2010,PARNELL RISE,STANLEY ST,,Non-Injury Crash,Yes,2009,,North,,0,,Flat,,,,,,Bright sun,438203,0,0,0,3,,,0,,,,,,Auckland Region,Nil,2-way,Sealed,,0,0,,50,,Off,1,0,,76,Auckland,Traffic Signals,,,,,1,0,Urban,0,,,Fine,Null
1771783,5912768,8169,,523106,0,0,0,1,0,North,2009/2010,WHITFORD ROAD,MERINO AVENUE,,Non-Injury Crash,No,2009,0,South,0,0,1,Hill Road,0,,0,,0,Dark,711114,0,0,0,2,0,0,0,0,0,,0,0,Auckland Region,Nil,2-way,Sealed,0,0,0,0,50,0,On,0,0,,76,Auckland,Nil,0,0,0,1,0,0,Urban,0,0,0,Light rain,Null
1759669,5434091,8170,,568900,0,,0,2,,South,2008/2009,RANDWICK ROAD,BARBER GROVE,,Non-Injury Crash,No,2009,,North,,0,,Flat,,,,,,Overcast,1962300,0,0,0,2,,,0,,,,,,Wellington Region,Nil,2-way,Sealed,,0,0,,50,,Null,0,0,,46,Lower Hutt City,Nil,,,,,0,0,Urban,0,,,Fine,Null
1882955,5776141,8171,,539200,0,,0,2,,Null,2008/2009,SH 5,FERGUSON PLACE,,Non-Injury Crash,Yes,2009,,North,,0,,Flat,,,,,,Overcast,1221100,0,0,0,4,,,0,,,,,,Bay of Plenty Region,Nil,2-way,Sealed,,0,0,,60,,Null,0,0,,24,Rotorua District,Give way,,,,,0,0,Urban,0,,,Heavy rain,Null
1757724,5913883,8172,,518600,0,,0,2,,Null,2009/2010,PAH ROAD,AMBURY AVENUE,,Non-Injury Crash,No,2009,,South,,0,,Flat,,,,,,Bright sun,566900,0,0,0,2,,,0,,,,,,Auckland Region,Nil,2-way,Sealed,,0,0,,50,,Off,1,0,,76,Auckland,Nil,,,,,0,0,Urban,0,,,Fine,Null
1757204,5925972,8173,,507900,0,0,0,1,0,South,2009/2010,ESMONDE ON SBD,ESMONDE ROAD,,Non-Injury Crash,Yes,2009,0,West,0,0,0,Hill Road,1,,0,,0,Dark,304000,0,0,0,2,0,0,0,0,0,,0,0,Auckland Region,Nil,1-way,Sealed,0,0,0,0,100,0,On,0,0,,76,Auckland,Nil,0,0,0,0,0,0,Open,0,0,0,Heavy rain,Null
1877443,5761110,8174,,538850,0,0,0,1,0,Null,2009/2010,SH 30,COLLIER ROAD,,Non-Injury Crash,Yes,2009,0,North,0,0,0,Hill Road,0,,0,,0,Dark,1263700,0,0,0,2,0,0,0,0,0,,0,0,Waikato Region,Nil,2-way,Sealed,0,0,0,0,100,0,None,0,0,,24,Rotorua District,Nil,0,0,0,0,0,0,Open,0,0,0,Fine,Null
1877617,5822234,8175,,538101,0,0,0,1,1,Null,2009/2010,SEVENTEENTH AVENUE,CLARKE ST,,Non-Injury Crash,No,2009,0,West,0,0,0,Hill Road,0,,0,,1,Dark,1170400,0,0,0,2,0,0,0,0,0,,0,0,Bay of Plenty Region,Nil,2-way,Sealed,0,0,0,0,50,0,On,0,0,,23,Tauranga City,Give way,0,0,0,0,0,0,Urban,0,0,0,Fine,Null
1802618,5811972,8176,,529300,0,0,0,1,0,Null,2008/2009,CROMWELL DRIVE,WATERFORD ROAD,,Non-Injury Crash,No,2009,0,South,0,0,0,Flat,0,,1,,1,Overcast,984508,0,0,0,2,0,0,0,0,0,,0,0,Waikato Region,Nil,2-way,Sealed,0,0,0,0,50,0,Null,0,0,,16,Hamilton City,Give way,0,0,0,0,0,0,Urban,0,0,0,Light rain,Null
1794814,5825688,8177,,527123,0,,0,1,,Null,2009/2010,RIVER ROAD,HOROTIU BRIDGE ROAD,,Non-Injury Crash,No,2009,,North,,0,,Flat,,,,,,Overcast,952900,0,0,0,2,,,0,,,,,,Waikato Region,Nil,2-way,Sealed,,0,0,,100,,Off,1,0,,13,Waikato District,Give way,,,,,0,0,Open,0,,,Light rain,Null
1855656,5837320,8178,,536615,0,,0,2,,East,2008/2009,REA ROAD,KILLEN ROAD,,Non-Injury Crash,No,2009,,West,,0,,Flat,,,,,,Overcast,1182300,0,0,0,2,,,0,,,,,,Bay of Plenty Region,Nil,2-way,Sealed,,0,0,,100,,None,0,0,,22,Western Bay of Plenty District,Nil,,,,,0,0,Open,0,,,Fine,Null
1755528,5924671,8179,,509800,0,,0,2,,Null,2009/2010,ONEWA ROAD,LAKE ROAD,,Non-Injury Crash,No,2009,,East,,0,,Flat,,,,,,Overcast,360200,0,0,0,4,,,0,,,,,,Auckland Region,Nil,2-way,Sealed,,0,0,,50,,None,0,0,,76,Auckland,Traffic Signals,,,,,0,0,Urban,0,,,Fine,Null
1801129,5814498,8180,,529700,0,,0,2,,Null,2009/2010,TRISTRAM ST,COBHAM DRIVE,,Non-Injury Crash,No,2009,,North,,0,,Flat,,,,,,Overcast,912500,0,0,0,2,,,0,,,,,,Waikato Region,Nil,2-way,Sealed,,0,0,,50,,Null,0,0,,16,Hamilton City,Give way,,,,,0,0,Urban,0,,,Null,Null
1755315,5921799,8181,,515202,0,,0,0,,North,2008/2009,SH 1N,SHELLY BEACH OBR,,Non-Injury Crash,Yes,2009,,South,,0,,Hill Road,,,,,,Overcast,423600,0,0,0,2,,,0,,,,,,Auckland Region,Nil,1-way,Sealed,,0,0,,80,,Null,1,0,,76,Auckland,Unknown,,,,,0,0,Open,1,,,Fine,Null
1755721,5919426,8182,,515420,0,0,0,2,0,Null,2008/2009,MACKELVIE ST,ROSE ROAD,,Non-Injury Crash,No,2009,0,North,0,0,0,Flat,0,,0,,0,Overcast,409100,0,0,0,2,0,0,0,0,1,,0,0,Auckland Region,Nil,2-way,Sealed,0,0,0,0,50,0,Off,0,0,,76,Auckland,Stop,0,0,0,0,0,0,Urban,0,0,0,Fine,Null
1429275,5105336,8183,,600323,0,0,0,0,0,South,2008/2009,SH 8,SPRING TERRACE ROAD,,Minor Crash,Yes,2009,0,North,0,0,1,Flat,0,,0,,0,Twilight,2805800,1,0,0,2,0,0,0,0,0,,0,0,Canterbury Region,Nil,2-way,Sealed,0,0,0,0,100,0,None,0,0,,65,Mackenzie District,Unknown,0,0,0,0,0,0,Open,1,0,0,Fine,Frost