X,Y,OBJECTID,advisorySpeed,areaUnitID,bicycle,bridge,bus,carStationWagon,cliffBank,crashDirectionDescription,crashFinancialYear,crashLocation1,crashLocation2,crashRoadSideRoad,crashSeverity,crashSHDescription,crashYear,debris,directionRoleDescription,ditch,fatalCount,fence,flatHill,guardRail,holiday,houseOrBuilding,intersection,kerb,light,meshblockId,minorInjuryCount,moped,motorcycle,NumberOfLanes,objectThrownOrDropped,otherObject,otherVehicleType,overBank,parkedVehicle,pedestrian,phoneBoxEtc,postOrPole,region,roadCharacter,roadLane,roadSurface,roadworks,schoolBus,seriousInjuryCount,slipOrFlood,speedLimit,strayAnimal,streetLight,suv,taxi,temporarySpeedLimit,tlaId,tlaName,trafficControl,trafficIsland,trafficSign,train,tree,truck,unknownVehicleType,urban,vanOrUtility,vehicle,waterRiver,weatherA,weatherB
1799528,5811444,8184,,527914,0,0,0,1,1,West,2008/2009,COLLINS ROAD,CATALINA DRIVE,,Non-Injury Crash,No,2009,0,West,1,0,0,Flat,0,,0,,0,Dark,980102,0,0,0,2,0,0,0,0,0,,0,0,Waikato Region,Nil,2-way,Sealed,0,0,0,0,100,0,Off,0,0,,17,Waipa District,Unknown,0,0,0,0,0,0,Open,0,0,0,Fine,Null
1759984,5436673,8185,,569100,0,,0,2,,Null,2008/2009,MELLING LINK,RUTHERFORD ST,,Non-Injury Crash,No,2009,,South,,0,,Flat,,,,,,Overcast,1967100,0,0,0,2,,,0,,,,,,Wellington Region,Nil,2-way,Sealed,,0,0,,50,,Null,0,0,,46,Lower Hutt City,Give way,,,,,0,0,Urban,0,,,Light rain,Null
1748331,5913285,8186,,511100,0,0,0,1,0,Null,2008/2009,FRUITVALE ROAD,CROYDON ROAD,,Non-Injury Crash,No,2009,0,South,0,0,1,Flat,0,,0,,0,Dark,287000,0,0,0,2,0,0,0,0,0,,0,0,Auckland Region,Nil,2-way,Sealed,0,0,0,0,50,0,On,0,0,,76,Auckland,Nil,1,0,0,0,0,0,Urban,0,0,0,Light rain,Null
1747157,5913997,8187,,511100,0,0,0,1,0,North,2009/2010,GLENVIEW ROAD,WAIKUMETE ROAD,,Non-Injury Crash,No,2009,0,North,0,0,0,Flat,0,,0,,0,Dark,286000,0,0,0,2,0,0,0,0,0,,0,0,Auckland Region,Nil,2-way,Sealed,0,0,0,0,50,0,On,0,0,,76,Auckland,Nil,0,0,0,1,0,0,Urban,0,0,0,Fine,Null
1758981,5912668,8188,,519820,0,,0,2,,South,2008/2009,ONEHUNGA MALL,GREY ST,,Non-Injury Crash,No,2009,,North,,0,,Hill Road,,,,,,Overcast,600400,0,0,0,2,,,0,,,,,,Auckland Region,Nil,2-way,Sealed,,0,0,,50,,Off,0,0,,76,Auckland,Stop,,,,,0,0,Urban,0,,,Light rain,Null
1755795,5932568,8189,,507400,0,0,0,1,0,East,2008/2009,HASTINGS ROAD,PENZANCE ROAD,,Non-Injury Crash,No,2009,0,West,0,0,1,Hill Road,0,,0,,0,Overcast,152300,0,0,0,2,0,0,0,0,0,,0,0,Auckland Region,Nil,2-way,Sealed,0,0,0,0,50,0,Null,0,0,,76,Auckland,Unknown,0,0,0,0,0,0,Urban,0,0,0,Light rain,Null
1756313,5930710,8190,,507500,0,,0,2,,Null,2008/2009,EAST COAST ROAD,FORREST HILL ROAD,,Non-Injury Crash,No,2009,,South,,0,,Flat,,,,,,Overcast,148801,0,0,0,2,,,0,,,,,,Auckland Region,Nil,2-way,Sealed,,0,0,,50,,Off,0,0,,76,Auckland,Give way,,,,,0,0,Urban,0,,,Light rain,Null
1691538,6033633,8191,65,504502,0,0,0,1,1,North,2008/2009,SH 14,PARADISE ROAD N,,Non-Injury Crash,Yes,2009,0,North,0,0,0,Flat,0,,0,,0,Twilight,120800,0,0,0,2,0,0,0,0,0,,0,0,Northland Region,Nil,2-way,Sealed,0,0,0,0,100,0,None,0,0,,3,Kaipara District,Nil,0,1,0,0,0,0,Open,0,0,0,Light rain,Null
1757634,5918341,8192,,518101,0,,0,0,,North,2008/2009,SH 1N,MOUNTAIN OBR,,Non-Injury Crash,Yes,2009,,North,,0,,Flat,,,,,,Overcast,543000,0,0,0,5,,,0,,,,,,Auckland Region,Nil,1-way,Sealed,,0,0,,100,,On,1,0,,76,Auckland,Nil,,,,,0,0,Open,1,,,Fine,Null
1692048,6083454,8193,,501500,0,0,0,1,0,Null,2008/2009,PEMBROKE ST,SH 1N,,Non-Injury Crash,Yes,2009,0,West,0,0,0,Flat,0,,0,,0,Bright sun,55000,0,0,0,2,0,0,0,0,0,,0,0,Northland Region,Nil,2-way,Sealed,0,0,0,0,50,0,Null,0,0,,1,Far North District,Stop,0,0,0,0,1,0,Urban,0,1,0,Fine,Null
1459057,5082112,8194,,599400,0,,0,1,,East,2008/2009,NORTH ST,OTIPUA ROAD,,Minor Crash,No,2009,,West,,0,,Flat,,,,,,Dark,2789800,2,0,0,2,,,0,,,2,,,Canterbury Region,Nil,2-way,Sealed,,0,0,,50,,On,0,0,,64,Timaru District,Unknown,,,,,0,0,Urban,0,,,Fine,Null
1801139,5734582,8195,,531800,0,0,0,1,0,North,2008/2009,SH 30,MILL ROAD,,Non-Injury Crash,Yes,2009,0,North,1,0,0,Flat,0,,0,,0,Dark,1013000,0,0,0,2,0,0,0,1,0,,0,0,Waikato Region,Nil,2-way,Sealed,0,0,0,0,100,0,None,0,0,,20,Waitomo District,Unknown,0,0,0,0,0,0,Open,0,0,0,Fine,Frost
1511599,5330377,8196,,584701,0,0,0,1,0,North,2008/2009,SH 7,GARVEYS CREEK ROAD,,Serious Crash,Yes,2009,0,North,0,0,1,Flat,0,,0,,0,Overcast,2397902,0,0,0,2,0,0,0,0,0,,0,0,West Coast Region,Nil,2-way,Sealed,0,0,1,0,100,0,Null,0,0,,55,Buller District,Unknown,0,0,0,0,0,0,Open,0,0,0,Light rain,Null
1763268,5906574,8197,,524301,0,0,0,2,0,North,2008/2009,GRAEME AVENUE,BUCKLAND ROAD,,Non-Injury Crash,No,2009,0,North,0,0,0,Flat,0,,0,,0,Overcast,747200,0,0,0,2,0,0,0,0,1,,0,0,Auckland Region,Nil,2-way,Sealed,0,0,0,0,50,0,Null,0,0,,76,Auckland,Unknown,0,0,0,0,0,0,Urban,0,0,0,Fine,Null
1878039,5821516,8198,,538102,0,,0,1,,West,2008/2009,FRASER ST,EIGHTEENTH AVENUE,,Non-Injury Crash,No,2009,,West,,0,,Hill Road,,,,,,Bright sun,1170200,0,0,0,1,,,0,,,,,,Bay of Plenty Region,Nil,2-way,Sealed,,0,0,,50,,Off,0,0,,23,Tauranga City,Nil,,,,,2,0,Urban,0,,,Fine,Null
1933120,5621002,8199,,545621,0,,0,0,,Null,2009/2010,PREBENSEN ROAD,SH 2B,,Minor Crash,Yes,2009,,East,,0,,Flat,,,,,,Overcast,1427801,1,1,0,2,,,0,,,,,,Hawke's Bay Region,Nil,2-way,Sealed,,0,0,,70,,Null,0,0,,31,Napier City,Give way,,,,,0,0,Urban,0,,,Fine,Null
1742572,5916283,8200,,513020,0,0,0,1,0,East,2008/2009,STURGES ROAD,CANDIA ROAD,,Non-Injury Crash,No,2009,0,East,1,0,0,Flat,0,,0,,0,Dark,280809,0,0,0,2,0,0,0,0,0,,0,0,Auckland Region,Nil,2-way,Sealed,0,0,0,0,50,0,None,0,0,,76,Auckland,Unknown,0,0,0,0,0,0,Urban,0,0,0,Fine,Null
1566884,5185231,8201,,588500,0,0,0,1,0,Null,2009/2010,CARDOME ST,HIGHSTED ROAD,,Serious Crash,No,2009,0,North,0,0,0,Flat,0,,0,,0,Overcast,2525206,2,0,0,2,0,0,0,0,0,,0,1,Canterbury Region,Nil,2-way,Sealed,0,0,1,0,50,0,Null,0,0,,60,Christchurch City,Give way,0,0,0,1,0,0,Urban,0,0,0,Light rain,Null
1630927,6126063,8202,,500202,0,,0,0,,South,2008/2009,SH 10,PUKEWHAI ROAD,,Non-Injury Crash,Yes,2009,,South,,0,,Flat,,,,,,Overcast,2900,0,0,0,2,,,0,,,,,,Northland Region,Nil,2-way,Sealed,,0,0,,100,,Null,1,0,,1,Far North District,Unknown,,,,,0,0,Open,0,,,Fine,Strong wind
1746015,5925382,8203,,513432,0,0,0,1,0,Null,2009/2010,HOBSONVILLE ROAD,HENDRIKA COURT,,Non-Injury Crash,No,2009,0,North,0,0,0,Hill Road,0,,0,,0,Bright sun,223015,0,0,1,2,0,0,0,0,1,,0,0,Auckland Region,Nil,2-way,Sealed,0,0,0,0,50,0,Off,0,0,,76,Auckland,Give way,0,0,0,0,0,0,Urban,1,1,0,Fine,Null
1770323,5909803,8204,,523109,0,,0,0,,North,2008/2009,CHAPEL ROAD,KILKENNY DRIVE,,Non-Injury Crash,No,2009,,North,,0,,Flat,,,,,,Bright sun,711740,0,0,0,3,,,0,,,,,,Auckland Region,Nil,2-way,Sealed,,0,0,,70,,Off,0,0,,76,Auckland,Nil,,,,,1,0,Urban,1,,,Fine,Null
1525524,5431047,8205,,584402,0,0,0,1,0,South,2009/2010,KARAMEA HIGHWAY,SOUTH TERRACE,,Minor Crash,No,2009,0,South,1,0,0,Flat,0,,0,,0,Dark,2383805,2,0,0,2,0,0,0,0,0,,0,0,West Coast Region,Nil,2-way,Sealed,0,0,0,0,100,0,None,1,0,,55,Buller District,Unknown,0,0,0,0,0,0,Open,0,1,0,Fine,Null
1789525,5754897,8206,,532000,0,,0,1,,Null,2008/2009,ESPLANADE,NGARONGO ST,,Non-Injury Crash,No,2009,,West,,0,,Flat,,,,,,Overcast,1005800,0,0,0,2,,,0,,,,,,Waikato Region,Nil,2-way,Sealed,,0,0,,50,,Null,1,0,,20,Waitomo District,Give way,,,,,0,0,Urban,0,,,Fine,Null
1761417,5915915,8207,,516003,0,,0,2,,Null,2009/2010,LADIES MILE,ABBOTTS WAY,,Non-Injury Crash,No,2009,,West,,0,,Flat,,,,,,Bright sun,494902,0,0,0,3,,,0,,,,,,Auckland Region,Nil,2-way,Sealed,,0,0,,50,,Off,0,0,,76,Auckland,Give way,,,,,0,0,Urban,0,,,Fine,Null
1750223,5914264,8208,,511303,0,,0,2,,South,2008/2009,VERONICA ST,GREAT NORTH ROAD,,Non-Injury Crash,No,2009,,North,,0,,Flat,,,,,,Bright sun,266200,0,0,0,4,,,0,,,,,,Auckland Region,Nil,2-way,Sealed,,0,0,,50,,Off,0,0,,76,Auckland,Nil,,,,,0,0,Urban,0,,,Fine,Null
1765596,5900684,8209,,524821,0,0,0,1,0,East,2009/2010,ADEN PLACE,TROUNSON AVENUE,,Non-Injury Crash,No,2009,0,East,0,0,0,Flat,0,,0,,0,Dark,774404,0,0,0,2,0,0,0,0,0,,0,1,Auckland Region,Nil,2-way,Sealed,0,0,0,0,50,0,On,0,0,,76,Auckland,Nil,0,0,0,1,0,0,Urban,0,0,0,Fine,Null
1760045,5907048,8210,,524111,0,,0,2,,South,2009/2010,ORLY AVENUE,BADER DRIVE,,Non-Injury Crash,No,2009,,South,,0,,Flat,,,,,,Unknown,740000,0,0,0,2,,,0,,,,,,Auckland Region,Nil,2-way,Sealed,,0,0,,50,,Off,0,0,,76,Auckland,Nil,,,,,0,0,Urban,0,,,Fine,Null
1770815,5897274,8211,,523912,0,0,0,1,0,West,2008/2009,MOREWA PLACE,LONGFORD PARK DRIVE,,Non-Injury Crash,No,2009,0,South,0,0,1,Flat,0,,0,,0,Bright sun,767804,0,0,0,2,0,0,0,0,0,,0,0,Auckland Region,Nil,2-way,Sealed,0,0,0,0,50,0,Null,0,0,,76,Auckland,Unknown,0,0,0,1,0,0,Urban,0,0,0,Fine,Null
1742418,5917178,8212,,513220,0,0,0,1,0,North,2008/2009,SIMPSON ROAD,LAKE PANORAMA DRIVE,,Non-Injury Crash,No,2009,0,South,0,0,1,Flat,0,,0,,0,Dark,237000,0,0,0,2,0,0,0,0,0,,0,0,Auckland Region,Nil,2-way,Sealed,0,0,0,0,70,0,Off,0,0,,76,Auckland,Unknown,0,0,0,0,0,0,Urban,0,0,0,Fine,Null
1760311,5915788,8213,,516003,0,,0,2,,South,2008/2009,SH 1N,GREENLANE INT S,,Non-Injury Crash,Yes,2009,,North,,0,,Flat,,,,,,Overcast,494902,0,0,0,3,,,0,,,,,,Auckland Region,Nil,1-way,Sealed,,0,0,,100,,Off,0,0,,76,Auckland,Nil,,,,,0,0,Open,0,,,Heavy rain,Null
1755614,5925727,8214,,509701,0,,0,2,,Null,2008/2009,LAKE ROAD,PEARN CRESCENT,,Non-Injury Crash,No,2009,,North,,0,,Flat,,,,,,Twilight,362600,0,0,0,2,,,0,,,,,,Auckland Region,Nil,2-way,Sealed,,0,0,,50,,On,0,0,,76,Auckland,Give way,,,,,0,0,Urban,0,,,Fine,Null
1756291,5920869,8215,,514102,0,,0,2,,Null,2009/2010,BEAUMONT ST,FANSHAWE ON NBD,,Non-Injury Crash,No,2009,,North,,0,,Flat,,,,,,Dark,432500,0,0,0,2,,,0,,,,,,Auckland Region,Motorway ramp,1-way,Sealed,,0,0,,50,,On,0,0,,76,Auckland,Traffic Signals,,,,,0,0,Urban,0,,,Light rain,Null
1751597,5914211,8216,,514402,0,,0,2,,Null,2008/2009,TIVERTON ROAD,BLOCKHOUSE BAY ROAD,,Non-Injury Crash,No,2009,,North,,0,,Flat,,,,,,Overcast,380600,0,0,0,2,,,0,,,,,,Auckland Region,Nil,2-way,Sealed,,0,0,,50,,Off,0,0,,76,Auckland,Give way,,,,,0,0,Urban,0,,,Light rain,Null
1767519,5912039,8217,,522920,0,0,0,1,0,South,2009/2010,TI RAKAU DRIVE,EDGEWATER DRIVE S,,Non-Injury Crash,No,2009,0,West,0,0,0,Flat,0,Christmas New Year,0,,1,Dark,687801,0,0,0,4,0,0,0,0,0,,0,0,Auckland Region,Nil,2-way,Sealed,0,0,0,0,50,0,On,0,0,,76,Auckland,Nil,0,1,0,0,0,0,Urban,0,0,0,Fine,Null
1780922,5887355,8218,,521132,0,,0,1,,North,2008/2009,ARARIMU ROAD,DUNN ROAD,,Non-Injury Crash,No,2009,,North,,0,,Flat,,,,,,Twilight,814306,0,0,0,2,,,1,,,,,,Auckland Region,Nil,2-way,Sealed,,0,0,,80,,None,0,0,,76,Auckland,Nil,,,,,0,0,Open,0,,,Fine,Null
1336109,4842861,8219,,607300,0,0,0,0,0,South,2008/2009,PURAKAUNUI FALLS ROAD,MCDOWALL ROAD,,Minor Crash,No,2009,0,East,0,0,0,Hill Road,0,,0,,0,Overcast,3000500,1,0,0,2,0,0,0,1,0,,0,0,Otago Region,Nil,2-way,Unsealed,0,0,0,0,100,0,Null,0,0,,72,Clutha District,Unknown,0,0,0,0,0,0,Open,1,0,0,Fine,Null
1892221,5813168,8220,,538501,0,,0,1,,Null,2009/2010,JELLICOE ST,CAMERON ROAD,,Non-Injury Crash,No,2009,,West,,0,,Flat,,,,,,Bright sun,1214601,0,0,0,2,,,0,,,,,,Bay of Plenty Region,Nil,2-way,Sealed,,0,0,,50,,Null,0,0,,22,Western Bay of Plenty District,Stop,,,,,1,0,Urban,0,,,Fine,Null
1574076,5178358,8221,,594200,0,0,0,1,0,Null,2009/2010,FERRY ROAD,HARGOOD ST,,Minor Crash,No,2009,0,East,0,0,0,Flat,0,,0,,0,Dark,2583100,1,0,0,4,0,0,0,0,0,,0,0,Canterbury Region,Nil,2-way,Sealed,0,0,0,0,50,0,On,0,0,,60,Christchurch City,Traffic Signals,0,1,0,0,0,0,Urban,0,0,0,Fine,Null
1767489,5905700,8222,,523601,0,0,0,0,0,North,2009/2010,SH 1N,REAGAN OBR,,Non-Injury Crash,Yes,2009,0,South,0,0,0,Flat,0,Christmas New Year,0,,0,Dark,707200,0,0,0,3,1,0,0,0,0,,0,0,Auckland Region,Nil,1-way,Sealed,0,0,0,0,100,0,On,0,0,,76,Auckland,Nil,0,0,0,0,0,0,Open,1,0,0,Fine,Null
1869865,5720440,8223,,541312,0,,0,1,,Null,2008/2009,SH 1N,SH 5,,Non-Injury Crash,Yes,2009,,East,,0,,Flat,,,,,,Overcast,1277900,0,0,0,2,,,0,,,,,,Waikato Region,Nil,2-way,Sealed,,0,0,,100,,Off,0,0,,21,Taupo District,Give way,,,,,1,0,Open,0,,,Fine,Null
1754030,5931358,8224,,508803,0,,0,2,,Null,2008/2009,UPPER HWY OFF NBD,SH 18 W,,Non-Injury Crash,Yes,2009,,North,,0,,Flat,,,,,,Bright sun,180818,0,0,0,2,,,0,,,,,,Auckland Region,Motorway ramp,2-way,Sealed,,0,0,,50,,Null,0,0,,76,Auckland,Give way,,,,,0,0,Urban,0,,,Fine,Null
1760036,5436356,8225,,569100,0,0,0,1,0,South,2008/2009,BLOOMFIELD TERRACE,KINGS CRESCENT,,Non-Injury Crash,No,2009,0,South,0,0,0,Flat,0,,1,,0,Bright sun,1967800,0,0,0,2,0,0,0,0,0,,0,0,Wellington Region,Nil,2-way,Sealed,0,0,0,0,50,0,Null,0,0,,46,Lower Hutt City,Nil,0,0,0,0,0,0,Urban,0,0,0,Fine,Null
1753266,5933048,8226,,508807,0,,0,1,,Null,2008/2009,GREVILLE OFF NBD,TAWA DRIVE,,Non-Injury Crash,Yes,2009,,East,,0,,Flat,,,,,,Twilight,180811,0,0,0,2,,,0,,,,,,Auckland Region,Nil,1-way,Sealed,,0,0,,50,,Off,0,0,,76,Auckland,Give way,,,,,0,0,Urban,1,,,Fine,Null
1752467,5917354,8227,,515003,0,,0,2,,North,2008/2009,CARRINGTON ROAD,CARRINGTON TECH GT3,,Non-Injury Crash,No,2009,,South,,0,,Flat,,,,,,Bright sun,391200,0,0,0,2,,,0,,,,,,Auckland Region,Nil,2-way,Sealed,,0,0,,50,,Null,0,0,,76,Auckland,Unknown,,,,,0,0,Urban,0,,,Fine,Null
1771974,5912960,8228,,523102,0,0,0,2,0,East,2009/2010,SIMMENTAL CRESCENT,CLYDESDALE AVENUE N,,Non-Injury Crash,No,2009,0,West,0,0,0,Flat,0,,0,,0,Dark,711009,0,0,0,2,0,0,0,0,1,,0,0,Auckland Region,Nil,2-way,Sealed,0,0,0,0,50,0,On,0,0,,76,Auckland,Nil,0,0,0,0,0,0,Urban,0,0,0,Fine,Null
1757601,5918416,8229,,514302,0,,0,2,,South,2008/2009,SH 1N,KHYBER PASS OBR,,Non-Injury Crash,Yes,2009,,South,,0,,Flat,,,,,,Bright sun,442100,0,0,0,4,,,0,,,,,,Auckland Region,Nil,1-way,Sealed,,0,0,,100,,Off,0,0,,76,Auckland,Nil,,,,,0,0,Open,0,,,Fine,Null
1719945,6045408,8230,,503100,0,,0,1,,Null,2008/2009,REYBURN ST,HEREKINO ST,,Non-Injury Crash,No,2009,,South,,0,,Flat,,,,,,Bright sun,99904,0,0,0,2,,,0,,,,,,Northland Region,Nil,2-way,Sealed,,0,0,,50,,Off,0,0,,2,Whangarei District,Give way,,,,,0,0,Urban,1,,,Fine,Null
1748827,5945449,8231,,505806,0,,0,1,,South,2008/2009,SILVERDALE ON SBD,HIBISCUS COAST HIGHWAY,,Non-Injury Crash,Yes,2009,,South,,0,,Flat,,,,,,Overcast,176802,0,0,0,1,,,0,,,,,,Auckland Region,Motorway ramp,1-way,Sealed,,0,0,,80,,Off,0,0,,76,Auckland,Nil,,,,,0,0,Open,1,,,Heavy rain,Null
1767416,5904930,8232,,524603,0,,0,2,,West,2008/2009,CAVENDISH DRIVE,GREAT SOUTH ROAD,,Non-Injury Crash,No,2009,,East,,0,,Flat,,,,,,Overcast,780205,0,0,0,3,,,0,,,,,,Auckland Region,Nil,2-way,Sealed,,0,0,,50,,Null,0,0,,76,Auckland,Nil,,,,,0,0,Urban,0,,,Fine,Null
1755466,5918264,8233,,515500,0,,0,1,,West,2008/2009,SH 16,NEWTON OBR,,Non-Injury Crash,Yes,2009,,East,,0,,Flat,,,,,,Twilight,418900,0,0,1,4,,,0,,,,,,Auckland Region,Nil,1-way,Sealed,,0,0,,100,,On,0,0,,76,Auckland,Nil,,,,,0,0,Open,0,,,Fine,Null
1857676,5839557,8234,,535800,0,,0,2,,East,2009/2010,SH 2,JOCELYN ST,,Non-Injury Crash,Yes,2009,,West,,0,,Flat,,,,,,Overcast,1183501,0,0,0,2,,,0,,,,,,Bay of Plenty Region,Nil,2-way,Sealed,,0,0,,50,,Null,0,0,,22,Western Bay of Plenty District,Unknown,,,,,0,0,Urban,0,,,Light rain,Null
1751143,5918000,8235,,514801,0,,0,1,,West,2008/2009,SH 16,WATERVIEW ON WBD,,Non-Injury Crash,Yes,2009,,West,,0,,Flat,,,,,,Bright sun,390402,0,0,0,3,,,0,,,,,,Auckland Region,Nil,1-way,Sealed,,0,0,,100,,Off,0,0,,76,Auckland,Nil,,,,,0,0,Open,1,,,Fine,Null
1408022,4919703,8236,,603300,0,,0,1,,West,2008/2009,CROWN ST,NORTH ROAD,,Serious Crash,No,2009,,South,,0,,Flat,,,,,,Dark,2873100,1,0,0,1,,,0,,,1,,,Otago Region,Nil,2-way,Sealed,,0,1,,50,,On,0,0,,71,Dunedin City,Unknown,,,,,0,0,Urban,0,,,Fine,Null
1846941,5810103,8237,,535220,0,,0,1,,North,2008/2009,SH 24,MANGAWHERO STM BR,,Non-Injury Crash,Yes,2009,,North,,0,,Hill Road,,,,,,Bright sun,1112903,0,0,1,2,,,0,,,,,,Waikato Region,Nil,2-way,Sealed,,0,0,,100,,Null,0,0,,15,Matamata-Piako District,Unknown,,,,,0,0,Open,0,,,Fine,Null
1764659,5913335,8238,,520500,0,,0,1,,East,2009/2010,ALLRIGHT PLACE,TOMURI PLACE,,Non-Injury Crash,No,2009,,East,,0,,Flat,,,,,,Dark,638907,0,0,0,2,,,0,,,,,,Auckland Region,Nil,2-way,Sealed,,0,0,,50,,On,1,0,,76,Auckland,Nil,,,,,0,0,Urban,0,,,Fine,Null
1770216,5911322,8239,,523113,0,,0,2,,West,2008/2009,TI RAKAU DRIVE,TE IRIRANGI DRIVE,,Non-Injury Crash,No,2009,,North,,0,,Flat,,,,,,Overcast,711716,0,0,0,3,,,0,,,,,,Auckland Region,Nil,2-way,Sealed,,0,0,,70,,Off,0,0,,76,Auckland,Give way,,,,,0,0,Urban,0,,,Fine,Null
1764536,5904479,8240,,522100,0,,0,1,,Null,2008/2009,PUHINUI ROAD,MILAN ROAD,,Non-Injury Crash,No,2009,,West,,0,,Flat,,,,,,Overcast,659400,0,0,0,2,,,0,,,,,,Auckland Region,Nil,2-way,Sealed,,0,0,,50,,On,1,1,,76,Auckland,Nil,,,,,0,0,Urban,0,,,Fine,Null
1877418,5823148,8241,,537400,0,0,0,1,0,Null,2008/2009,ROBINS ROAD,MIDEN COURT,,Non-Injury Crash,No,2009,0,North,0,0,1,Flat,0,,1,,0,Dark,1162600,0,0,0,2,0,1,0,0,0,,0,0,Bay of Plenty Region,Nil,2-way,Sealed,0,0,0,0,50,0,On,0,0,,23,Tauranga City,Nil,0,0,0,0,0,0,Urban,0,0,0,Fine,Null
1745306,5919752,8242,,513301,0,,0,1,,Null,2009/2010,LINCOLN ROAD,UNIVERSAL DRIVE,,Non-Injury Crash,No,2009,,South,,0,,Flat,,,,,,Bright sun,232001,0,0,0,5,,,0,,,,,,Auckland Region,Nil,2-way,Sealed,,0,0,,50,,Off,1,0,,76,Auckland,Traffic Signals,,,,,0,0,Urban,0,,,Fine,Null
1753838,5918357,8243,,515431,0,,0,1,,Null,2009/2010,GREAT NORTH ROAD,ST LUKES ROAD,,Non-Injury Crash,No,2009,,East,,0,,Flat,,Labour Weekend,,,,Bright sun,406300,0,0,0,4,,,0,,,,,,Auckland Region,Nil,2-way,Sealed,,0,0,,50,,Off,1,0,,76,Auckland,Traffic Signals,,,,,0,0,Urban,0,,,Fine,Null
1748532,5913080,8244,,511401,0,,0,2,,Null,2008/2009,TITIRANGI ROAD,PARKER AVENUE,,Non-Injury Crash,No,2009,,West,,0,,Hill Road,,,,,,Bright sun,262600,0,0,0,3,,,0,,,,,,Auckland Region,Nil,2-way,Sealed,,0,0,,50,,Null,0,0,,76,Auckland,Give way,,,,,0,0,Urban,0,,,Fine,Null
1754662,5929926,8245,,508420,0,,0,1,,North,2008/2009,TARGET ROAD,LAMBROWN DRIVE,,Non-Injury Crash,No,2009,,South,,0,,Hill Road,,,,,,Overcast,182602,0,0,1,2,,,0,,,,,,Auckland Region,Nil,2-way,Sealed,,0,0,,50,,Null,0,0,,76,Auckland,Unknown,,,,,0,0,Urban,0,,,Fine,Null
1747488,5919547,8246,,512402,0,,0,3,,West,2008/2009,SH 16,TE ATATU OFF WBD,,Non-Injury Crash,Yes,2009,,West,,0,,Hill Road,,,,,,Dark,253700,0,0,0,3,,,0,,,,,,Auckland Region,Nil,1-way,Sealed,,0,0,,100,,On,0,0,,76,Auckland,Nil,,,,,0,0,Open,0,,,Fine,Null
1781399,5878483,8247,,521135,0,0,0,1,0,West,2008/2009,SH 2,MCPHERSON ROAD,,Non-Injury Crash,Yes,2009,0,West,0,0,0,Hill Road,1,,0,,0,Bright sun,841900,0,0,0,3,0,0,0,0,0,,0,0,Waikato Region,Nil,2-way,Sealed,0,0,0,0,100,0,Off,0,0,,13,Waikato District,Nil,0,0,0,0,1,0,Open,0,0,0,Fine,Null
1754125,5918284,8248,,515432,0,,0,2,,East,2009/2010,SH 16,ST LUKES OBR,,Non-Injury Crash,Yes,2009,,West,,0,,Flat,,,,,,Overcast,406202,0,0,0,4,,,0,,,,,,Auckland Region,Nil,1-way,Sealed,,0,0,,100,,Null,0,0,,76,Auckland,Unknown,,,,,0,0,Open,0,,,Heavy rain,Null
1803812,5814518,8249,,530500,0,0,0,1,0,South,2008/2009,KAKANUI AVENUE,EDINBURGH ROAD,,Non-Injury Crash,No,2009,0,North,0,0,1,Hill Road,0,,0,,0,Twilight,891300,0,0,0,2,0,0,0,0,0,,0,0,Waikato Region,Nil,2-way,Sealed,0,0,0,0,50,0,Off,0,0,,16,Hamilton City,Nil,0,0,0,0,0,0,Urban,0,0,0,Fine,Null
1766488,5904625,8250,45,524603,0,,0,2,,West,2009/2010,CAVENDISH DRIVE,LAMBIE DRIVE,,Non-Injury Crash,No,2009,,West,,0,,Flat,,,,,,Bright sun,780202,0,0,0,2,,,0,,,,,,Auckland Region,Nil,2-way,Sealed,,0,0,,50,,Off,0,0,,76,Auckland,Nil,,,,,0,0,Urban,0,,,Fine,Null
1383088,4907309,8251,,602500,0,0,0,1,0,Null,2008/2009,SH 1S,HENLEY ROAD,,Minor Crash,Yes,2009,0,North,0,0,1,Flat,0,,0,,0,Bright sun,2976200,1,0,0,2,0,0,0,1,0,,0,0,Otago Region,Nil,2-way,Sealed,0,0,0,0,100,0,Null,0,0,,71,Dunedin City,Give way,0,0,0,0,0,0,Open,0,0,0,Fine,Null
1746937,5912802,8252,,511002,0,,0,2,,Null,2008/2009,GLENGARRY ROAD,GLENDALE ROAD,,Non-Injury Crash,No,2009,,East,,0,,Hill Road,,,,,,Bright sun,284303,0,0,0,2,,,0,,,,,,Auckland Region,Nil,2-way,Sealed,,0,0,,50,,Off,0,0,,76,Auckland,Give way,,,,,0,0,Urban,0,,,Fine,Null
1876287,5817737,8253,,537602,0,0,0,1,0,South,2008/2009,KERERU PLACE,CONDOR DRIVE,,Non-Injury Crash,No,2009,0,West,0,0,0,Flat,0,,0,,0,Overcast,1192202,0,0,0,2,0,0,0,0,0,,0,0,Bay of Plenty Region,Nil,2-way,Sealed,0,0,0,0,50,0,Off,0,0,,23,Tauranga City,Nil,1,1,0,0,0,0,Urban,0,0,0,Fine,Null
1795086,5776987,8254,,531303,0,0,0,1,0,South,2008/2009,OURUWHERO ROAD,PEACOCK ROAD,,Non-Injury Crash,No,2009,0,South,0,0,1,Flat,0,,0,,0,Overcast,995501,0,0,0,2,0,0,0,1,0,,0,0,Waikato Region,Nil,2-way,Sealed,0,0,0,0,100,0,Null,0,0,,18,Ōtorohanga District,Unknown,0,0,0,0,0,0,Open,0,0,0,Fine,Null