X,Y,OBJECTID,advisorySpeed,areaUnitID,bicycle,bridge,bus,carStationWagon,cliffBank,crashDirectionDescription,crashFinancialYear,crashLocation1,crashLocation2,crashRoadSideRoad,crashSeverity,crashSHDescription,crashYear,debris,directionRoleDescription,ditch,fatalCount,fence,flatHill,guardRail,holiday,houseOrBuilding,intersection,kerb,light,meshblockId,minorInjuryCount,moped,motorcycle,NumberOfLanes,objectThrownOrDropped,otherObject,otherVehicleType,overBank,parkedVehicle,pedestrian,phoneBoxEtc,postOrPole,region,roadCharacter,roadLane,roadSurface,roadworks,schoolBus,seriousInjuryCount,slipOrFlood,speedLimit,strayAnimal,streetLight,suv,taxi,temporarySpeedLimit,tlaId,tlaName,trafficControl,trafficIsland,trafficSign,train,tree,truck,unknownVehicleType,urban,vanOrUtility,vehicle,waterRiver,weatherA,weatherB
1813325,5539934,8255,,561422,0,0,0,2,1,North,2008/2009,SH 3,AWAHURI FEILDING ROAD,,Non-Injury Crash,Yes,2009,0,North,0,0,0,Hill Road,0,,0,,0,Bright sun,1788300,0,0,0,2,0,0,0,0,0,,0,0,Manawatū-Whanganui Region,Nil,2-way,Sealed,0,0,0,0,100,0,Null,0,0,,39,Manawatu District,Nil,0,0,0,0,0,0,Open,0,0,0,Fine,Strong wind
1758803,5915510,8256,,519300,0,,0,2,,Null,2008/2009,GREEN LANE WEST,GREENLANE HPTL GT1,,Non-Injury Crash,No,2009,,East,,0,,Flat,,,,,,Bright sun,622900,0,0,0,4,,,0,,,,,,Auckland Region,Nil,2-way,Sealed,,0,0,,50,,Off,0,0,,76,Auckland,Nil,,,,,0,0,Urban,0,,,Fine,Null
1823306,5874338,8257,,533902,0,0,0,1,0,North,2009/2010,BUSH ROAD,OPUA ROAD,,Non-Injury Crash,No,2009,0,North,1,0,0,Flat,0,,0,,0,Dark,1062600,0,0,0,2,0,0,0,0,0,,0,0,Waikato Region,Nil,2-way,Sealed,0,0,0,0,100,0,None,0,0,,12,Hauraki District,Unknown,0,0,0,0,0,0,Open,0,0,0,Fine,Null
1802185,5790624,8258,,531001,0,,0,2,,North,2009/2010,PAKURA ST,ST MARYS AVENUE,,Non-Injury Crash,No,2009,,South,,0,,Flat,,,,,,Bright sun,970602,0,0,0,2,,,0,,,,,,Waikato Region,Nil,2-way,Sealed,,0,0,,50,,Null,0,0,,17,Waipa District,Give way,,,,,0,0,Urban,0,,,Fine,Null
1799288,5817354,8259,,528700,0,,0,2,,Null,2008/2009,ULSTER ST,VICTORIA ST,,Non-Injury Crash,No,2009,,North,,0,,Flat,,,,,,Bright sun,901901,0,0,0,4,,,0,,,,,,Waikato Region,Nil,2-way,Sealed,,0,0,,60,,Null,0,0,,16,Hamilton City,Traffic Signals,,,,,0,0,Urban,0,,,Fine,Null
1756969,5918791,8260,,515600,0,,0,2,,Null,2009/2010,SYMONDS ST,NEWTON ROAD,,Non-Injury Crash,No,2009,,East,,0,,Flat,,,,,,Dark,420600,0,0,0,4,,,0,,,,,,Auckland Region,Nil,2-way,Sealed,,0,0,,50,,On,0,0,,76,Auckland,Traffic Signals,,,,,0,0,Urban,0,,,Fine,Null
1866986,5785799,8261,,535232,0,0,0,1,1,West,2009/2010,SH 5,GALAXY ROAD,,Non-Injury Crash,Yes,2009,0,East,0,0,0,Flat,0,,0,,0,Dark,1127602,0,0,0,2,0,0,0,0,0,,0,0,Waikato Region,Nil,2-way,Sealed,0,0,0,0,100,0,None,0,0,,19,South Waikato District,Unknown,0,0,0,0,0,0,Open,0,0,0,Fine,Frost
1774338,5891688,8262,,521301,0,0,0,1,0,East,2008/2009,WAIHOEHOE ROAD,FITZGERALD ROAD,,Non-Injury Crash,No,2009,0,East,0,0,1,Flat,0,,0,,0,Dark,809400,0,0,0,2,0,0,0,1,0,,0,0,Auckland Region,Nil,2-way,Sealed,0,0,0,0,80,0,None,0,0,,76,Auckland,Nil,0,0,0,0,0,0,Open,0,0,0,Fine,Null
1770392,5911889,8263,,523106,0,,0,2,,South,2008/2009,BOTANY ROAD,GOLFLAND DRIVE N,,Non-Injury Crash,No,2009,,North,,0,,Flat,,,,,,Dark,711186,0,0,0,2,,,0,,,,,,Auckland Region,Nil,2-way,Sealed,,0,0,,50,,On,0,0,,76,Auckland,Nil,,,,,0,0,Urban,0,,,Fine,Null
1740703,5927553,8264,,513701,0,,0,1,,Null,2009/2010,SH 16,TAUPAKI ROAD,,Non-Injury Crash,Yes,2009,,West,,0,,Hill Road,,,,,,Overcast,220200,0,0,0,4,,,0,,,,,,Auckland Region,Nil,2-way,Sealed,,0,0,,80,,Off,0,0,,76,Auckland,Stop,,,,,0,0,Open,1,,,Fine,Null
1802547,5785882,8265,,527925,0,0,0,1,0,North,2008/2009,TE MAWHAI ROAD,CRUICKSHANK ROAD,,Non-Injury Crash,No,2009,0,North,0,0,0,Flat,0,,0,,0,Twilight,984000,0,0,0,2,0,0,0,0,0,,0,0,Waikato Region,Nil,2-way,Sealed,0,0,0,0,100,0,None,0,0,,17,Waipa District,Unknown,0,0,0,0,0,0,Open,0,0,0,Light rain,Null
1746765,5917542,8266,,512500,0,,0,1,,South,2008/2009,TE ATATU ROAD,MCLEOD ROAD,,Non-Injury Crash,No,2009,,South,,0,,Flat,,,,,,Bright sun,257500,0,0,0,4,,,0,,,,,,Auckland Region,Nil,2-way,Sealed,,0,0,,50,,Null,0,0,,76,Auckland,Unknown,,,,,1,0,Urban,0,,,Fine,Null
1798689,5815876,8267,,528900,0,,0,2,,East,2009/2010,NORTON ROAD,TAHI ST,,Non-Injury Crash,No,2009,,East,,0,,Flat,,,,,,Dark,912700,0,0,0,2,,,0,,,,,,Waikato Region,Nil,2-way,Sealed,,0,0,,50,,On,0,0,,16,Hamilton City,Give way,,,,,0,0,Urban,0,,,Fine,Null
1792108,5560643,8268,,559230,0,,0,0,,East,2009/2010,SH 3,MAKIRIKIRI ROAD,,Minor Crash,Yes,2009,,East,,0,,Flat,,,,,,Overcast,1733000,2,0,0,2,,,0,,,,,,Manawatū-Whanganui Region,Nil,2-way,Sealed,,0,0,,100,,Null,0,0,,38,Rangitikei District,Nil,,,,,2,0,Open,0,,,Fine,Null
1760097,5913040,8269,,520000,0,0,0,1,0,East,2008/2009,MOUNT SMART ROAD,SLIP ROAD E,,Non-Injury Crash,No,2009,0,East,0,0,0,Flat,0,,0,,0,Dark,605601,0,0,0,2,0,0,0,0,1,,0,0,Auckland Region,Nil,2-way,Sealed,0,0,0,0,50,0,On,0,0,,76,Auckland,Nil,0,0,0,0,1,0,Urban,0,0,0,Fine,Null
1626730,5430789,8270,,582600,0,,0,2,,East,2008/2009,MAITAI VALLEY ROAD,NILE ST,,Non-Injury Crash,No,2009,,East,,0,,Flat,,,,,,Bright sun,2360602,0,0,0,2,,,0,,,,,,Nelson Region,Nil,2-way,Sealed,,0,0,,50,,Null,0,0,,52,Nelson City,Nil,,,,,0,0,Urban,0,,,Fine,Null
1770336,5911306,8271,,523109,0,,0,2,,Null,2009/2010,TE IRIRANGI DRIVE,TI RAKAU DRIVE,,Non-Injury Crash,No,2009,,West,,0,,Flat,,,,,,Bright sun,711709,0,0,0,2,,,0,,,,,,Auckland Region,Nil,2-way,Sealed,,0,0,,70,,Null,0,0,,76,Auckland,Traffic Signals,,,,,0,0,Urban,0,,,Fine,Null
1746471,5917570,8272,,512500,0,0,0,2,0,West,2009/2010,MCLEOD ROAD,TE ATATU ROAD,,Non-Injury Crash,No,2009,0,West,0,0,0,Hill Road,0,,0,,0,Dark,257500,0,0,0,2,0,0,0,0,1,,0,0,Auckland Region,Nil,2-way,Sealed,0,0,0,0,50,0,None,0,0,,76,Auckland,Nil,0,0,0,0,0,0,Urban,0,0,0,Fine,Null
1817767,5845631,8273,,534603,0,0,0,1,0,East,2009/2010,TAHUNA OHINEWAI ROAD,TAHUNA ROAD,,Non-Injury Crash,No,2009,0,East,0,0,0,Flat,0,,0,,0,Dark,1093900,0,0,0,2,0,0,0,0,0,,0,0,Waikato Region,Nil,2-way,Sealed,0,0,0,0,100,0,None,0,0,,15,Matamata-Piako District,Nil,0,0,0,0,0,0,Open,0,0,0,Fine,Null
1744170,5926851,8274,,513410,0,0,0,1,0,West,2008/2009,BRIGHAM CREEK ROAD,AIRPORT ROAD,,Non-Injury Crash,No,2009,0,East,0,0,0,Flat,0,,0,,0,Bright sun,221600,0,0,0,2,0,0,0,0,1,,0,0,Auckland Region,Nil,2-way,Sealed,0,0,0,0,50,0,Off,0,0,,76,Auckland,Nil,0,0,0,0,0,0,Urban,1,0,0,Fine,Null
1753784,5928006,8275,30,508310,0,0,0,1,0,Null,2009/2010,BENTLEY COURT,BENTLEY AVENUE,,Non-Injury Crash,No,2009,0,North,0,0,1,Hill Road,0,,1,,0,Bright sun,200000,0,0,0,1,0,0,0,0,0,,0,0,Auckland Region,Nil,1-way,Sealed,0,0,0,0,50,0,Off,0,0,,76,Auckland,Nil,0,0,0,0,0,0,Urban,0,0,0,Fine,Null
1878140,5823137,8276,,538101,0,,0,2,,Null,2008/2009,ELEVENTH AVENUE,ELEVENTH OFF SBD,,Non-Injury Crash,Yes,2009,,East,,0,,Hill Road,,,,,,Bright sun,1166901,0,0,0,4,,,0,,,,,,Bay of Plenty Region,Motorway ramp,2-way,Sealed,,0,0,,50,,Null,0,0,,23,Tauranga City,Traffic Signals,,,,,0,0,Urban,0,,,Fine,Null
1758108,5915471,8277,,519300,0,,0,1,,South,2009/2010,MANUKAU ROAD,GREEN LANE WEST,,Non-Injury Crash,No,2009,,West,,0,,Flat,,,,,,Dark,623100,0,0,0,4,,,0,,,1,,,Auckland Region,Nil,2-way,Sealed,,0,0,,50,,On,0,0,,76,Auckland,Traffic Signals,,,,,0,0,Urban,0,,,Light rain,Null
1761601,5919004,8278,,516400,0,,0,1,,Null,2009/2010,KEPA ROAD,ORAKEI ROAD,,Non-Injury Crash,No,2009,,West,,0,,Flat,,,,,,Bright sun,497700,0,0,0,3,,,0,,,,,,Auckland Region,Nil,2-way,Sealed,,0,0,,50,,Off,0,0,,76,Auckland,Give way,,,,,1,0,Urban,0,,,Fine,Null
1745475,5917301,8279,,510700,0,,0,2,,Null,2008/2009,RATANUI ST,SERVICE LANE,,Non-Injury Crash,No,2009,,East,,0,,Flat,,,,,,Bright sun,239900,0,0,0,2,,,0,,,,,,Auckland Region,Nil,2-way,Sealed,,0,0,,50,,Null,0,0,,76,Auckland,Nil,,,,,0,0,Urban,0,,,Fine,Null
1757263,5918165,8280,,518101,0,,0,2,,Null,2009/2010,NORMANBY ROAD,ENFIELD ST,,Non-Injury Crash,No,2009,,South,,0,,Flat,,,,,,Bright sun,542600,0,0,0,2,,,0,,,,,,Auckland Region,Nil,2-way,Sealed,,0,0,,50,,Off,0,0,,76,Auckland,Give way,,,,,0,0,Urban,0,,,Fine,Null
1757152,5920277,8281,,514102,0,,0,2,,Null,2009/2010,MAYORAL DRIVE,WELLESLEY ST WEST,,Non-Injury Crash,No,2009,,North,,0,,Hill Road,,,,,,Twilight,433900,0,0,0,5,,,0,,,,,,Auckland Region,Nil,2-way,Sealed,,0,0,,50,,On,0,0,,76,Auckland,Traffic Signals,,,,,0,0,Urban,0,,,Fine,Null
1755515,5921462,8282,,515202,0,,0,2,,North,2009/2010,SH 1N,FANSHAWE OFF SBD,,Non-Injury Crash,Yes,2009,,South,,0,,Flat,,,,,,Dark,425600,0,0,0,4,,,0,,,,,,Auckland Region,Nil,1-way,Sealed,,0,0,,80,,On,0,0,,76,Auckland,Nil,,,,,0,0,Open,0,,,Fine,Null
1760496,5908806,8283,,524404,0,,0,2,,North,2009/2010,ROBERTSON ROAD,TILBERG ST,,Non-Injury Crash,No,2009,,North,,0,,Flat,,,,,,Overcast,730001,0,0,0,2,,,0,,,,,,Auckland Region,Nil,2-way,Sealed,,0,0,,50,,Off,0,0,,76,Auckland,Nil,,,,,0,0,Urban,0,,,Fine,Null
1771953,5914720,8284,,521602,0,0,0,2,0,South,2008/2009,MOORE ST,ABERCROMBIE ST,,Non-Injury Crash,No,2009,0,South,0,0,0,Flat,0,,0,,0,Dark,650100,0,0,0,1,0,0,0,0,1,,0,0,Auckland Region,Nil,2-way,Sealed,0,0,0,0,50,0,On,0,0,,76,Auckland,Nil,0,0,0,0,0,0,Urban,0,0,0,Fine,Null
1573695,5177397,8285,,594100,0,,0,1,,Null,2009/2010,SH 74A,MAUNSELL ST,,Minor Crash,Yes,2009,,West,,0,,Flat,,,,,,Bright sun,2586800,1,0,0,3,,,0,,,,,,Canterbury Region,Nil,2-way,Sealed,,0,0,,50,,Null,0,0,,60,Christchurch City,Give way,,,,,0,0,Urban,1,,,Fine,Null
1755925,5918528,8286,,515500,0,,0,3,,West,2009/2010,SH 16,NEWTON OFF EBD,,Non-Injury Crash,Yes,2009,,South,,0,,Flat,,,,,,Bright sun,418500,0,0,0,5,,,0,,,,,,Auckland Region,Nil,1-way,Sealed,,0,0,,100,,Off,0,0,,76,Auckland,Nil,,,,,0,0,Open,0,,,Fine,Null
1709759,5616101,8287,,554020,0,0,0,1,0,Null,2008/2009,PURIRI ST,MANAWAPOU ROAD,,Non-Injury Crash,No,2009,0,North,0,0,1,Flat,0,,0,,0,Bright sun,1645500,0,0,0,2,0,0,0,0,0,,0,0,Taranaki Region,Nil,2-way,Sealed,0,0,0,0,50,0,Null,0,0,,35,South Taranaki District,Stop,0,0,0,0,0,0,Urban,0,0,0,Fine,Null
1205775,5028823,8288,75,609011,0,0,0,1,1,North,2008/2009,SH 94,MONKEY CRK BR,,Minor Crash,Yes,2009,0,South,0,0,0,Hill Road,0,,0,,0,Overcast,3174800,1,0,0,2,0,0,0,0,0,,0,0,Southland Region,Nil,2-way,Sealed,0,0,0,0,100,0,Null,0,0,,73,Southland District,Unknown,0,0,0,0,0,0,Open,0,0,0,Fine,Null
1765672,5899496,8289,,524822,0,,0,2,,Null,2008/2009,PALMERS ROAD,KENNINGTON DRIVE,,Non-Injury Crash,No,2009,,West,,0,,Flat,,,,,,Dark,774449,0,0,0,2,,,0,,,,,,Auckland Region,Nil,2-way,Sealed,,0,0,,50,,On,0,0,,76,Auckland,Nil,,,,,0,0,Urban,0,,,Fine,Null
1826526,5531836,8290,,560302,0,0,0,1,0,West,2008/2009,SH 3,JAMES LINE,,Non-Injury Crash,Yes,2009,1,West,0,0,0,Flat,0,,0,,0,Overcast,1793100,0,0,0,2,0,0,0,0,0,,0,0,Manawatū-Whanganui Region,Nil,2-way,Sealed,0,0,0,0,100,0,Null,0,0,,40,Palmerston North City,Nil,0,0,0,0,0,0,Open,1,0,0,Fine,Null
1744704,5922805,8291,,513530,0,0,0,1,0,North,2008/2009,MOIRE ROAD,GLENBURY PLACE,,Non-Injury Crash,No,2009,0,North,0,0,0,Flat,0,,0,,0,Dark,224407,0,0,0,2,0,0,0,0,1,,0,0,Auckland Region,Nil,2-way,Sealed,0,0,0,0,50,0,On,0,0,,76,Auckland,Nil,0,0,0,0,1,0,Urban,0,0,0,Fine,Null
1751483,5434719,8292,,573700,0,,0,1,,Null,2008/2009,JOHNSONVILLE ROAD,BRODERICK ROAD,,Non-Injury Crash,No,2009,,South,,0,,Flat,,,,,,Dark,2082900,0,0,0,2,,,0,,,,,,Wellington Region,Nil,2-way,Sealed,,0,0,,50,,On,0,0,,47,Wellington City,Traffic Signals,,,,,1,0,Urban,0,,,Fine,Null
1718807,6048395,8293,,502300,0,0,0,2,0,North,2009/2010,SH 1N,PERCY ST,,Non-Injury Crash,Yes,2009,0,North,0,0,0,Flat,0,,0,,0,Dark,90300,0,0,0,2,0,0,0,0,1,,0,0,Northland Region,Nil,2-way,Sealed,0,0,0,0,50,0,On,0,0,,2,Whangarei District,Nil,0,0,0,0,0,0,Urban,0,0,0,Fine,Null
1747188,5913881,8294,,511100,0,,0,2,,South,2009/2010,GLENVIEW ROAD,WAIKUMETE ROAD,,Non-Injury Crash,No,2009,,South,,0,,Flat,,,,,,Bright sun,286000,0,0,0,2,,,0,,,,,,Auckland Region,Nil,2-way,Sealed,,0,0,,50,,Null,0,0,,76,Auckland,Unknown,,,,,0,0,Urban,0,,,Fine,Null
1884693,5773903,8295,,540410,0,0,0,2,0,West,2008/2009,HINEMOA ST,AMOHIA ST,,Non-Injury Crash,No,2009,0,East,0,0,0,Flat,0,,0,,0,Overcast,1234100,0,0,0,2,0,0,0,0,1,,0,0,Bay of Plenty Region,Nil,2-way,Sealed,0,0,0,0,50,0,Null,0,0,,24,Rotorua District,Unknown,0,0,0,0,0,0,Urban,0,0,0,Fine,Null
1793129,5826526,8296,75,527123,0,0,0,1,0,South,2009/2010,RIVER ROAD,SMITH ROAD,,Non-Injury Crash,No,2009,0,North,0,0,1,Hill Road,0,,0,,0,Dark,952900,0,0,0,2,0,0,0,0,0,,0,0,Waikato Region,Nil,2-way,Sealed,0,0,0,0,100,0,None,0,0,,13,Waikato District,Unknown,0,0,0,0,0,0,Open,0,0,0,Heavy rain,Null
1773457,5895862,8297,,525510,0,,0,2,,Null,2009/2010,SETTLEMENT ROAD,MARNE ROAD,,Non-Injury Crash,No,2009,,East,,0,,Flat,,,,,,Overcast,801101,0,0,0,2,,,0,,,,,,Auckland Region,Nil,2-way,Sealed,,0,0,,50,,Off,0,0,,76,Auckland,Give way,,,,,0,0,Urban,0,,,Fine,Null
1745871,5925176,8298,,513522,0,,0,1,,Null,2009/2010,HOBSONVILLE ROAD,MARINA VIEW ROAD,,Non-Injury Crash,No,2009,,West,,0,,Flat,,,,,,Dark,224104,0,0,0,2,,,0,,,,,,Auckland Region,Nil,2-way,Sealed,,0,0,,50,,On,1,0,,76,Auckland,Stop,,,,,0,0,Urban,0,,,Fine,Null
1741902,5915979,8299,45,513020,0,0,0,1,1,South,2008/2009,CANDIA ROAD,STURGES ROAD,,Non-Injury Crash,No,2009,0,South,0,0,0,Hill Road,0,,0,,0,Overcast,280809,0,0,0,2,0,0,0,0,0,,0,0,Auckland Region,Nil,2-way,Sealed,0,0,0,0,70,0,Off,0,0,,76,Auckland,Nil,0,0,0,0,0,0,Urban,0,0,0,Light rain,Null
1766723,5904442,8300,,524604,0,,0,2,,Null,2008/2009,LAMBIE DRIVE,RONWOOD AVENUE,,Non-Injury Crash,No,2009,,South,,0,,Flat,,,,,,Overcast,780209,0,0,0,2,,,0,,,,,,Auckland Region,Nil,2-way,Sealed,,0,0,,50,,Off,0,0,,76,Auckland,Give way,,,,,0,0,Urban,0,,,Heavy rain,Null
1729821,5957022,8301,,506613,0,0,0,0,0,South,2008/2009,SH 16,WEST COAST ROAD,,Non-Injury Crash,Yes,2009,0,North,0,0,0,Hill Road,0,,0,,0,Dark,146300,0,0,0,2,0,0,0,0,0,,0,0,Auckland Region,Nil,2-way,Sealed,0,0,0,0,100,0,None,1,0,,76,Auckland,Unknown,0,0,0,0,0,0,Open,0,0,0,Fine,Null
1406361,4916451,8302,,602900,0,,0,0,,Null,2009/2010,QUEENS GARDENS,SH 1S CUMBERLAND ST CENTR,,Serious Crash,Yes,2009,,South,,0,,Flat,,,,,,Bright sun,2895300,0,0,0,3,,,0,,,1,,,Otago Region,Nil,2-way,Sealed,,0,1,,50,,Null,1,0,,71,Dunedin City,Traffic Signals,,,,,0,0,Urban,0,,,Fine,Null
1751986,5952796,8303,,505803,0,0,0,1,0,North,2009/2010,HIBISCUS COAST HIGHWAY,HATFIELDS BR,,Non-Injury Crash,No,2009,0,South,1,0,0,Flat,0,,0,,0,Dark,170605,0,0,0,2,0,0,0,0,0,,0,0,Auckland Region,Nil,2-way,Sealed,0,0,0,0,80,0,None,0,0,,76,Auckland,Nil,0,0,0,0,0,0,Open,0,0,0,Fine,Null
1555032,5176197,8304,,587904,0,0,0,1,0,Null,2008/2009,CURRAGHS ROAD,JONES ROAD,,Minor Crash,No,2009,0,West,0,0,1,Flat,0,,0,,0,Twilight,2493300,1,0,0,2,0,0,0,0,0,,0,0,Canterbury Region,Nil,2-way,Sealed,0,0,0,0,100,0,None,0,0,,62,Selwyn District,Stop,0,0,0,0,1,0,Open,0,0,0,Fine,Null
1751156,5915531,8305,40,514401,0,0,0,3,0,North,2008/2009,GREAT NORTH ROAD,ROSEBANK ROAD,,Non-Injury Crash,No,2009,0,North,0,0,0,Flat,0,,0,,0,Bright sun,381802,0,0,0,2,0,0,0,0,1,,0,0,Auckland Region,Nil,2-way,Sealed,0,0,0,0,50,0,Null,0,0,,76,Auckland,Nil,0,0,0,0,0,0,Urban,0,0,0,Fine,Null
1755112,5931663,8306,,508805,0,0,0,1,0,South,2009/2010,MIRA PLACE,ALTAIR PLACE,,Non-Injury Crash,No,2009,0,South,0,0,1,Hill Road,0,,0,,0,Twilight,180827,0,0,0,1,0,1,0,0,0,,0,0,Auckland Region,Nil,2-way,Sealed,0,0,0,0,50,0,Off,0,0,,76,Auckland,Nil,0,0,0,0,0,0,Urban,0,0,0,Fine,Null
1737203,5929367,8307,,505602,0,,0,1,,Null,2009/2010,SH 16,STATION ROAD,,Non-Injury Crash,Yes,2009,,West,,0,,Hill Road,,,,,,Dark,215908,0,0,0,2,,,0,,,,,,Auckland Region,Nil,2-way,Sealed,,0,0,,60,,On,1,0,,76,Auckland,Stop,,,,,0,0,Urban,0,,,Fine,Null
1768801,5882500,8308,,525910,0,,0,2,,South,2008/2009,PAERATA ROAD,ADAMS DRIVE S,,Non-Injury Crash,No,2009,,South,,0,,Hill Road,,,,,,Bright sun,818000,0,0,0,2,,,0,,,,,,Auckland Region,Nil,2-way,Sealed,,0,0,,50,,Off,0,0,,76,Auckland,Nil,,,,,0,0,Urban,0,,,Fine,Null
1761475,5914220,8309,,520202,0,,0,1,,South,2008/2009,SH 1N,PENROSE INT S,,Non-Injury Crash,Yes,2009,,South,,0,,Flat,,,,,,Bright sun,612700,0,0,0,3,,,0,,,,,,Auckland Region,Nil,1-way,Sealed,,0,0,,100,,Null,0,0,,76,Auckland,Unknown,,,,,1,0,Open,0,,,Fine,Null
1769397,5899750,8310,,525002,0,,0,2,,West,2008/2009,MAHIA ROAD,BEAUMONTS WAY,,Non-Injury Crash,No,2009,,East,,0,,Flat,,,,,,Bright sun,754100,0,0,0,2,,,0,,,,,,Auckland Region,Nil,2-way,Sealed,,0,0,,50,,Off,0,0,,76,Auckland,Nil,,,,,0,0,Urban,0,,,Fine,Null
1815852,5807318,8311,,527133,0,,0,1,,Null,2009/2010,SH 1B,BRUNTWOOD ROAD,,Non-Injury Crash,Yes,2009,,South,,0,,Flat,,,,,,Dark,958800,0,0,0,2,,,0,,,,,,Waikato Region,Nil,2-way,Sealed,,0,0,,70,,On,0,0,,17,Waipa District,Stop,,,,,0,0,Urban,1,,,Fine,Null
1718433,6044977,8312,,502900,0,,0,2,,Null,2009/2010,SH 1N,SH 14,,Non-Injury Crash,Yes,2009,,North,,0,,Flat,,,,,,Dark,103300,0,0,0,4,,,0,,,,,,Northland Region,Nil,2-way,Sealed,,0,0,,50,,On,0,0,,2,Whangarei District,Give way,,,,,0,0,Urban,0,,,Light rain,Null
1752840,5947719,8313,,505808,0,,0,1,,East,2008/2009,NGAPARA ST,BAY ST,,Non-Injury Crash,No,2009,,East,,0,,Flat,,,,,,Twilight,173012,0,0,0,1,,,0,,,,,,Auckland Region,Nil,2-way,Sealed,,0,0,,50,,Off,1,0,,76,Auckland,Unknown,,,,,0,0,Urban,0,,,Fine,Null
1762159,5882664,8314,,521121,0,0,0,1,1,Null,2009/2010,KINGSEAT ROAD,MAUKU ROAD,,Non-Injury Crash,No,2009,0,West,0,0,0,Flat,0,,0,,0,Twilight,811700,0,0,0,2,0,0,0,0,0,,0,0,Auckland Region,Nil,2-way,Sealed,0,0,0,0,50,0,On,0,0,,76,Auckland,Give way,0,0,0,0,0,0,Urban,0,0,0,Light rain,Null
1762265,5913751,8315,,520401,0,,0,2,,Null,2009/2010,PORTMAN ROAD,PORTMAN ST,,Non-Injury Crash,No,2009,,North,,0,,Flat,,,,,,Overcast,644300,0,0,0,2,,,0,,,,,,Auckland Region,Nil,2-way,Sealed,,0,0,,50,,Off,0,0,,76,Auckland,Give way,,,,,0,0,Urban,0,,,Light rain,Null
1809849,5820747,8316,,527125,0,0,0,0,0,East,2009/2010,HOLLAND ROAD,SH 1B,,Non-Injury Crash,No,2009,0,West,0,0,0,Flat,0,,0,,0,Dark,955900,0,0,0,2,0,0,0,0,0,,0,0,Waikato Region,Nil,2-way,Sealed,0,0,0,0,100,0,None,1,0,,13,Waikato District,Unknown,0,0,0,0,0,0,Open,0,0,0,Fine,Null
1755635,5919878,8317,,514000,0,,0,2,,Null,2009/2010,PONSONBY ROAD,LINCOLN ST,,Non-Injury Crash,No,2009,,North,,0,,Flat,,,,,,Dark,414900,0,0,0,4,,,0,,,,,,Auckland Region,Nil,2-way,Sealed,,0,0,,50,,On,0,0,,76,Auckland,Give way,,,,,0,0,Urban,0,,,Fine,Null
1797813,5794105,8318,,527922,0,0,0,1,0,West,2009/2010,PIRONGIA ROAD,RYAN ROAD,,Non-Injury Crash,No,2009,0,West,0,0,1,Flat,0,,0,,0,Dark,982500,0,0,0,2,0,0,0,0,0,,0,0,Waikato Region,Nil,2-way,Sealed,0,0,0,0,100,0,None,0,0,,17,Waipa District,Unknown,0,0,0,1,0,0,Open,0,0,0,Light rain,Null
1789525,5828907,8319,,528200,0,0,0,1,0,South,2008/2009,GREAT SOUTH ROAD,NEWCASTLE ST,,Non-Injury Crash,No,2009,0,North,0,0,0,Flat,0,,0,,0,Bright sun,857700,0,0,0,2,0,0,0,0,0,,0,0,Waikato Region,Nil,2-way,Sealed,0,0,0,0,50,0,Null,1,0,,13,Waikato District,Nil,0,0,0,0,0,0,Urban,0,1,0,Fine,Null
1799587,5815640,8320,,528900,0,,0,2,,South,2009/2010,HALL ST,NORTON ROAD,,Non-Injury Crash,No,2009,,North,,0,,Flat,,,,,,Overcast,913100,0,0,0,5,,,0,,,,,,Waikato Region,Nil,2-way,Sealed,,0,0,,50,,Null,0,0,,16,Hamilton City,Unknown,,,,,0,0,Urban,0,,,Light rain,Null
1728485,5924172,8321,,506654,0,,0,2,,West,2009/2010,MOTUTARA ROAD,MURIWAI ROAD,,Non-Injury Crash,No,2009,,North,,0,,Hill Road,,,,,,Overcast,218901,0,0,0,2,,,0,,,,,,Auckland Region,Nil,2-way,Sealed,,0,0,,50,,Null,0,0,,76,Auckland,Unknown,,,,,0,0,Urban,0,,,Fine,Null
1755011,5913739,8322,,518803,0,,0,2,,Null,2009/2010,DOMINION ROAD,DENBIGH AVENUE,,Non-Injury Crash,No,2009,,North,,0,,Flat,,,,,,Bright sun,581700,0,0,0,2,,,0,,,,,,Auckland Region,Nil,2-way,Sealed,,0,0,,50,,None,0,0,,76,Auckland,Give way,,,,,0,0,Urban,0,,,Fine,Null
1763722,5912633,8323,,520500,0,,0,2,,North,2009/2010,SH 1N,MT WGTN OBR,,Non-Injury Crash,Yes,2009,,North,,0,,Hill Road,,,,,,Bright sun,637300,0,0,0,3,,,0,,,,,,Auckland Region,Nil,2-way,Sealed,,0,0,,100,,Off,0,0,,76,Auckland,Nil,,,,,0,0,Open,0,,,Fine,Null
1768497,5899416,8324,,525102,0,,0,2,,Null,2009/2010,MAHIA ROAD,COXHEAD ROAD,,Non-Injury Crash,No,2009,,East,,0,,Flat,,,,,,Overcast,769600,0,0,0,2,,,0,,,,,,Auckland Region,Nil,2-way,Sealed,,0,0,,50,,Off,0,0,,76,Auckland,Give way,,,,,0,0,Urban,0,,,Fine,Null
1757158,5921031,8325,,514101,0,0,0,2,0,South,2009/2010,CUSTOMS ST WEST,MARKET LANE,,Non-Injury Crash,No,2009,0,West,0,0,0,Flat,0,,0,,0,Overcast,433003,0,0,0,2,0,0,0,0,1,,0,0,Auckland Region,Nil,2-way,Sealed,0,0,0,0,50,0,Off,0,0,,76,Auckland,Nil,0,0,0,0,1,0,Urban,0,0,0,Light rain,Null