X,Y,OBJECTID,advisorySpeed,areaUnitID,bicycle,bridge,bus,carStationWagon,cliffBank,crashDirectionDescription,crashFinancialYear,crashLocation1,crashLocation2,crashRoadSideRoad,crashSeverity,crashSHDescription,crashYear,debris,directionRoleDescription,ditch,fatalCount,fence,flatHill,guardRail,holiday,houseOrBuilding,intersection,kerb,light,meshblockId,minorInjuryCount,moped,motorcycle,NumberOfLanes,objectThrownOrDropped,otherObject,otherVehicleType,overBank,parkedVehicle,pedestrian,phoneBoxEtc,postOrPole,region,roadCharacter,roadLane,roadSurface,roadworks,schoolBus,seriousInjuryCount,slipOrFlood,speedLimit,strayAnimal,streetLight,suv,taxi,temporarySpeedLimit,tlaId,tlaName,trafficControl,trafficIsland,trafficSign,train,tree,truck,unknownVehicleType,urban,vanOrUtility,vehicle,waterRiver,weatherA,weatherB
1761098,5916197,8326,,516003,0,0,0,2,0,West,2009/2010,PEACH PARADE,LADIES MILE,,Non-Injury Crash,No,2009,0,East,0,0,0,Flat,0,,0,,0,Dark,494902,0,0,0,2,0,0,0,0,1,,0,0,Auckland Region,Nil,2-way,Sealed,0,0,0,0,50,0,On,0,0,,76,Auckland,Unknown,0,0,0,0,0,0,Urban,0,0,0,Fine,Null
1753966,5930716,8327,,508420,0,0,0,2,0,West,2008/2009,SUNSET ROAD,MEADOWOOD DRIVE,,Non-Injury Crash,No,2009,0,West,0,0,0,Flat,0,,0,,0,Dark,182028,0,0,0,2,0,0,0,0,1,,0,0,Auckland Region,Nil,2-way,Sealed,0,0,0,0,50,0,On,0,0,,76,Auckland,Unknown,0,0,0,0,0,0,Urban,0,0,0,Fine,Null
1802753,5828969,8328,,527122,0,0,0,0,0,North,2008/2009,SH 1B,PEACH ROAD,,Non-Injury Crash,Yes,2009,0,South,0,0,0,Flat,0,,0,,0,Dark,953700,0,0,0,2,0,0,0,0,0,,0,0,Waikato Region,Nil,2-way,Sealed,0,0,0,0,100,0,None,0,0,,13,Waikato District,Unknown,0,0,0,0,1,0,Open,0,0,0,Fine,Null
1748984,5935924,8329,,506300,0,,0,2,,Null,2009/2010,DAIRY FLAT HIGHWAY,COATESVILLE-RIVERHEAD HIG,,Non-Injury Crash,No,2009,,North,,0,,Flat,,,,,,Overcast,176003,0,0,0,1,,,0,,,,,,Auckland Region,Nil,2-way,Sealed,,0,0,,80,,Null,0,0,,76,Auckland,Give way,,,,,0,0,Open,0,,,Light rain,Null
1756679,5918972,8330,,514200,0,0,0,2,0,North,2008/2009,FRANCE ST SOUTH,RANDOLPH ST,,Non-Injury Crash,No,2009,0,North,0,0,0,Flat,0,,0,,0,Overcast,412700,0,0,0,2,0,0,0,0,1,,0,0,Auckland Region,Nil,2-way,Sealed,0,0,0,0,50,0,Null,0,0,,76,Auckland,Unknown,0,0,0,0,0,0,Urban,0,0,0,Fine,Null
1818939,5857359,8331,,533901,0,0,0,0,0,South,2009/2010,SH 27,OTANE ST,,Non-Injury Crash,Yes,2009,0,North,1,0,0,Flat,0,,0,,0,Bright sun,1069900,0,0,0,2,0,0,0,0,0,,0,0,Waikato Region,Nil,2-way,Sealed,0,0,0,0,100,0,Null,1,0,,12,Hauraki District,Unknown,0,0,0,0,0,0,Open,0,0,0,Fine,Null
1742069,5919056,8332,,513101,0,0,0,2,0,East,2009/2010,SWANSON ROAD,BIRDWOOD ROAD,,Non-Injury Crash,No,2009,0,East,0,0,0,Flat,0,,0,,0,Dark,238200,0,0,0,2,0,0,0,0,1,,0,0,Auckland Region,Nil,2-way,Sealed,0,0,0,0,50,0,On,0,0,,76,Auckland,Unknown,0,0,0,0,0,0,Urban,0,0,0,Light rain,Null
1350624,4868710,8333,,607300,0,0,0,1,0,East,2009/2010,KOAU ROAD,OWAKA HIGHWAY,,Minor Crash,No,2009,0,East,0,0,1,Flat,0,,0,,0,Overcast,2997400,1,0,0,1,0,0,0,0,0,,0,0,Otago Region,Nil,2-way,Unsealed,0,0,0,0,100,0,Null,0,0,,72,Clutha District,Unknown,0,0,0,0,0,0,Open,0,0,0,Fine,Null
1755312,5919510,8334,,515420,0,0,0,2,0,South,2009/2010,MILLAIS ST,RICHMOND ROAD,,Non-Injury Crash,No,2009,0,West,0,0,0,Flat,0,,0,,0,Dark,408800,0,0,0,2,0,0,0,0,1,,0,0,Auckland Region,Nil,2-way,Sealed,0,0,0,0,50,0,On,0,0,,76,Auckland,Nil,0,0,0,0,0,0,Urban,0,0,0,Fine,Null
1754465,5913672,8335,,518802,0,,0,2,,Null,2008/2009,MAY ROAD,CHRISTIE ST,,Non-Injury Crash,No,2009,,South,,0,,Flat,,,,,,Dark,579200,0,0,0,2,,,0,,,,,,Auckland Region,Nil,2-way,Sealed,,0,0,,50,,On,0,0,,76,Auckland,Nil,,,,,0,0,Urban,0,,,Fine,Null
1789340,5494819,8336,,564021,0,,0,2,,North,2008/2009,SH 1N,KUKU BEACH ROAD,,Non-Injury Crash,Yes,2009,,North,,0,,Flat,,,,,,Overcast,1859200,0,0,0,2,,,0,,,,,,Manawatū-Whanganui Region,Nil,2-way,Sealed,,0,0,,100,,Null,0,0,,42,Horowhenua District,Nil,,,,,0,0,Open,1,,,Heavy rain,Null
1950284,5791417,8337,,542410,0,0,0,2,0,Null,2008/2009,MCGARVEY ROAD,TUI ST,,Non-Injury Crash,No,2009,0,West,0,0,0,Flat,0,,0,,0,Dark,1307500,0,0,0,2,0,0,0,0,1,,0,0,Bay of Plenty Region,Nil,2-way,Sealed,0,0,0,0,50,0,On,0,0,,25,Whakatane District,Give way,0,0,0,0,0,0,Urban,0,0,0,Fine,Null
1407126,4917250,8338,,603100,0,,0,1,,Null,2009/2010,WARD ST OVERPASS,WARD ST OVERPASS WEST,,Minor Crash,No,2009,,West,,0,,Hill Road,,,,,,Overcast,2901900,1,0,0,2,,,0,,,,,,Otago Region,Bridge,2-way,Sealed,,0,0,,50,,Null,0,0,,71,Dunedin City,Give way,,,,,1,0,Urban,0,,,Fine,Null
1699152,6088877,8339,,501633,0,,0,2,,South,2009/2010,SH 11,RIGDEN ROAD,,Non-Injury Crash,Yes,2009,,North,,0,,Flat,,,,,,Overcast,51601,0,0,0,2,,,0,,,,,,Northland Region,Nil,2-way,Sealed,,0,0,,80,,None,0,0,,1,Far North District,Nil,,,,,0,0,Open,0,,,Fine,Null
1755519,5762624,8340,,531720,0,0,0,0,0,North,2008/2009,MAROKOPA ROAD,TE KARAKA ROAD,,Non-Injury Crash,No,2009,0,South,1,0,0,Flat,0,,0,,0,Bright sun,1018700,0,0,0,2,0,0,0,0,0,,0,0,Waikato Region,Nil,2-way,Unsealed,0,0,0,0,100,0,Null,1,0,30,20,Waitomo District,Unknown,0,0,0,0,0,0,Open,0,0,0,Fine,Null
1746417,5920105,8341,,512402,0,0,0,0,0,East,2008/2009,SH 16,LINCOLN OFF WBD,,Non-Injury Crash,Yes,2009,0,West,0,0,0,Hill Road,1,,0,,0,Bright sun,252100,0,0,0,2,0,0,0,0,0,,0,0,Auckland Region,Nil,1-way,Sealed,0,0,0,0,100,0,Null,0,0,,76,Auckland,Unknown,0,0,0,0,0,0,Open,1,0,0,Fine,Null
1746725,5919922,8342,,512402,0,,0,2,,East,2008/2009,SH 16,LINCOLN OBR,,Non-Injury Crash,Yes,2009,,West,,0,,Flat,,,,,,Overcast,252200,0,0,0,3,,,0,,,,,,Auckland Region,Nil,1-way,Sealed,,0,0,,100,,Off,0,0,,76,Auckland,Nil,,,,,0,0,Open,1,,,Fine,Null
1746969,5428129,8343,,575200,0,,0,1,,Null,2009/2010,NORTHLAND TUNNEL ROAD,PUTNAM LINK ROAD,,Minor Crash,No,2009,,South,,0,,Hill Road,,,,,,Bright sun,2149800,1,0,1,2,,,0,,,,,,Wellington Region,Nil,2-way,Sealed,,0,0,,50,,Null,0,0,,47,Wellington City,Stop,,,,,0,0,Urban,0,,,Fine,Null
1763393,5911222,8344,,520500,0,0,0,1,0,Null,2009/2010,GREAT SOUTH ROAD,BELL AVENUE,,Non-Injury Crash,No,2009,0,North,0,0,1,Flat,0,Labour Weekend,0,,0,Dark,637702,0,0,0,2,0,0,0,0,0,,0,0,Auckland Region,Nil,2-way,Sealed,0,0,0,0,50,0,On,0,0,,76,Auckland,Nil,0,0,0,0,0,0,Urban,0,0,0,Fine,Null
1768189,5902430,8345,,524602,0,0,0,2,0,Null,2009/2010,GREAT SOUTH ROAD,BROWNS ROAD,,Non-Injury Crash,No,2009,0,West,0,0,0,Flat,0,,0,,0,Bright sun,780700,0,0,0,4,0,0,0,0,0,,0,1,Auckland Region,Nil,2-way,Sealed,0,0,0,0,50,0,Off,0,0,,76,Auckland,Traffic Signals,0,0,0,0,0,0,Urban,0,0,0,Fine,Null
1821007,5529033,8346,,563000,0,,0,2,,Null,2008/2009,MAIN ST,COOK ST,,Non-Injury Crash,No,2009,,East,,0,,Flat,,,,,,Twilight,1805700,0,0,0,2,,,0,,,,,,Manawatū-Whanganui Region,Nil,2-way,Sealed,,0,0,,50,,On,0,0,,40,Palmerston North City,Traffic Signals,,,,,0,0,Urban,0,,,Fine,Null
1755285,5921764,8347,,515202,0,,0,2,,North,2008/2009,SH 1N,SHELLY BEACH OBR,,Non-Injury Crash,Yes,2009,,North,,0,,Hill Road,,,,,,Dark,423600,0,0,0,4,,,0,,,,,,Auckland Region,Bridge,1-way,Sealed,,0,0,,80,,On,0,0,,76,Auckland,Nil,,,,,0,0,Open,0,,,Fine,Null
1406235,4914490,8348,,604410,0,,0,2,,Null,2009/2010,MACANDREW ROAD,BROUGHTON ST,,Minor Crash,No,2009,,West,,0,,Flat,,,,,,Overcast,2930500,1,0,0,2,,,0,,,,,,Otago Region,Nil,2-way,Sealed,,0,0,,50,,Null,0,0,,71,Dunedin City,Give way,,,,,0,0,Urban,0,,,Fine,Null
1675062,6112404,8349,,500402,0,,0,1,,West,2008/2009,SH 10,MATAURI LINK ROAD,,Non-Injury Crash,Yes,2009,,West,,0,,Hill Road,,,,,,Overcast,19400,0,0,0,1,,,0,,,,,,Northland Region,Nil,2-way,Sealed,,0,0,,100,,None,0,0,,1,Far North District,Nil,,,,,0,0,Open,0,,,Heavy rain,Null
1759030,5916625,8350,,519200,0,,0,2,,Null,2009/2010,MARKET ROAD,MOUNT ST JOHN AVENUE,,Non-Injury Crash,No,2009,,East,,0,,Flat,,,,,,Overcast,614200,0,0,0,2,,,0,,,,,,Auckland Region,Nil,2-way,Sealed,,0,0,,50,,Off,0,0,,76,Auckland,Give way,,,,,0,0,Urban,0,,,Fine,Null
1879018,5820663,8351,,536508,0,,0,1,,South,2009/2010,SH 2A,HAIRINI BR S,,Non-Injury Crash,Yes,2009,,North,,0,,Hill Road,,,,,,Bright sun,1174602,0,0,0,4,,,0,,,,,,Bay of Plenty Region,Nil,2-way,Sealed,,0,0,,70,,Null,0,0,,23,Tauranga City,Unknown,,,,,0,0,Urban,1,,,Fine,Null
1242729,4849803,8352,,611210,0,,0,1,,East,2009/2010,DON ST,KELVIN ST,,Minor Crash,No,2009,,East,,0,,Flat,,,,,,Bright sun,3107800,1,0,0,2,,,0,,,,,,Southland Region,Nil,2-way,Sealed,,0,0,,50,,Null,0,0,,75,Invercargill City,Unknown,,,,,1,0,Urban,0,,,Fine,Null
1821555,5852724,8353,,534603,0,,0,0,,South,2009/2010,SH 27,HART ROAD,,Non-Injury Crash,Yes,2009,,South,,0,,Flat,,,,,,Overcast,1094000,0,0,0,2,,,0,,,,,,Waikato Region,Nil,2-way,Sealed,,0,0,,100,,Null,0,0,,15,Matamata-Piako District,Unknown,,,,,1,0,Open,0,,,Light rain,Null
1802981,5808770,8354,,527810,0,0,0,1,0,Null,2009/2010,SH 3,RAYNES ROAD,,Non-Injury Crash,Yes,2009,0,West,0,0,1,Flat,0,,0,,0,Dark,984600,0,0,0,2,0,0,0,0,0,,0,0,Waikato Region,Nil,2-way,Sealed,0,0,0,0,100,0,On,0,0,,16,Hamilton City,Stop,0,0,0,0,0,0,Open,0,0,0,Fine,Null
1757068,5919082,8355,,514200,0,,0,2,,Null,2008/2009,SYMONDS ST,ALEX EVANS ST,,Non-Injury Crash,No,2009,,North,,0,,Flat,,,,,,Dark,412302,0,0,0,4,,,0,,,,,,Auckland Region,Nil,2-way,Sealed,,0,0,,50,,On,0,1,,76,Auckland,Traffic Signals,,,,,0,0,Urban,0,,,Light rain,Null
1623411,6116765,8356,,500302,0,,0,1,,South,2009/2010,SH 1N,WIRELESS ROAD,,Non-Injury Crash,Yes,2009,,South,,0,,Flat,,,,,,Overcast,8403,0,0,0,2,,,0,,,,,,Northland Region,Nil,2-way,Sealed,,0,0,,70,,None,1,0,,1,Far North District,Nil,,,,,0,0,Urban,0,,,Fine,Null
1766329,5907569,8357,,523402,0,,0,3,,North,2008/2009,OTARA OFF SBD,EAST TAMAKI ROAD,,Non-Injury Crash,Yes,2009,,South,,0,,Hill Road,,,,,,Dark,699300,0,0,0,4,,,0,,,,,,Auckland Region,Motorway ramp,1-way,Sealed,,0,0,,50,,On,0,0,,76,Auckland,Traffic Signals,,,,,0,0,Urban,1,,,Light rain,Null
1756969,5918791,8358,,515600,0,,0,1,,Null,2009/2010,KHYBER PASS ROAD,SYMONDS ST,,Non-Injury Crash,No,2009,,West,,0,,Flat,,,,,,Bright sun,420600,0,0,0,5,,,0,,,,,,Auckland Region,Nil,2-way,Sealed,,0,0,,50,,Null,0,0,,76,Auckland,Traffic Signals,,,,,1,0,Urban,0,,,Fine,Null
1763825,5905002,8359,,524303,0,0,0,1,0,Null,2008/2009,FERNDOWN AVENUE,PAH ROAD,,Non-Injury Crash,No,2009,0,South,0,0,0,Hill Road,0,,0,,0,Twilight,746308,0,0,0,2,0,0,0,0,0,,0,1,Auckland Region,Nil,2-way,Sealed,0,0,0,0,50,0,On,0,0,,76,Auckland,Give way,0,0,0,0,0,0,Urban,0,0,0,Fine,Null
1753641,5929828,8360,,508420,0,0,0,2,0,South,2008/2009,GIRRAHWEEN DRIVE,SUNSET ROAD,,Non-Injury Crash,No,2009,0,South,0,0,0,Hill Road,0,Queens Birthday,0,,0,Dark,182805,0,0,0,2,0,0,0,0,1,,0,0,Auckland Region,Nil,2-way,Sealed,0,0,0,0,50,0,On,0,0,,76,Auckland,Nil,0,0,0,0,0,0,Urban,0,0,0,Fine,Null
1743378,5923246,8361,,513511,0,,0,2,,Null,2009/2010,DON BUCK ROAD,RUSH CREEK DRIVE,,Non-Injury Crash,No,2009,,North,,0,,Flat,,,,,,Dark,224311,0,0,0,2,,,0,,,,,,Auckland Region,Nil,2-way,Sealed,,0,0,,50,,On,0,0,,76,Auckland,Give way,,,,,0,0,Urban,0,,,Light rain,Null
1676680,6099355,8362,,501633,0,0,0,0,0,East,2008/2009,PUKETOTARA ROAD,MANGAKARETU ROAD,,Non-Injury Crash,No,2009,0,East,0,0,1,Hill Road,0,,0,,0,Overcast,33700,0,0,0,2,0,0,0,0,0,,0,1,Northland Region,Nil,2-way,Sealed,0,0,0,0,100,0,None,1,0,,1,Far North District,Nil,0,0,0,0,0,0,Open,0,0,0,Light rain,Null
1842603,5792708,8363,70,535100,0,,0,0,,East,2008/2009,SH 1N,SH 27,,Non-Injury Crash,Yes,2009,,East,,0,,Flat,,,,,,Dark,1124700,0,0,0,2,,,0,,,,,,Waikato Region,Nil,2-way,Sealed,,0,0,,100,,On,0,0,,19,South Waikato District,Unknown,,,,,1,0,Open,0,,,Fine,Null
1745395,5917437,8364,,510700,0,,0,2,,West,2008/2009,ALDERMAN DRIVE,RATANUI ST,,Non-Injury Crash,No,2009,,West,,0,,Hill Road,,,,,,Bright sun,239900,0,0,0,1,,,0,,,,,,Auckland Region,Nil,2-way,Sealed,,0,0,,50,,Null,0,0,,76,Auckland,Unknown,,,,,0,0,Urban,0,,,Fine,Null
1802391,5816604,8365,,530000,0,,0,2,,North,2008/2009,PEACHGROVE ROAD,BAILEY AVENUE,,Non-Injury Crash,No,2009,,North,,0,,Flat,,Queens Birthday,,,,Twilight,866001,0,0,0,2,,,0,,,,,,Waikato Region,Nil,2-way,Sealed,,0,0,,50,,Off,0,0,,16,Hamilton City,Nil,,,,,0,0,Urban,0,,,Fine,Null
1797294,5814398,8366,,528602,0,0,0,1,0,Null,2009/2010,SH 23,MONTANA PLACE,,Non-Injury Crash,Yes,2009,0,East,0,0,0,Flat,0,,0,,0,Twilight,921002,0,0,0,2,0,0,0,0,0,,0,0,Waikato Region,Nil,2-way,Sealed,0,0,0,0,50,0,None,0,0,,16,Hamilton City,Nil,1,1,0,0,0,0,Urban,0,0,0,Null,Frost
1770979,5914606,8367,,521601,0,,0,2,,Null,2008/2009,RIDGE ROAD,BOTANY ROAD,,Non-Injury Crash,No,2009,,West,,0,,Flat,,,,,,Dark,646500,0,0,0,2,,,0,,,,,,Auckland Region,Nil,2-way,Sealed,,0,0,,50,,On,0,0,,76,Auckland,Traffic Signals,,,,,0,0,Urban,0,,,Fine,Null
1796009,5827360,8368,,527123,0,,0,1,,Null,2008/2009,LAKE ROAD,HOWARD ROAD,,Non-Injury Crash,No,2009,,South,,0,,Hill Road,,,,,,Bright sun,952800,0,0,1,2,,,0,,,,,,Waikato Region,Nil,2-way,Sealed,,0,0,,100,,None,0,0,,13,Waikato District,Give way,,,,,0,0,Open,0,,,Fine,Null
1771696,5899402,8369,,523911,0,0,0,2,0,East,2008/2009,BERWYN AVENUE,PORCHESTER ROAD,,Non-Injury Crash,No,2009,0,West,0,0,0,Flat,0,,0,,0,Dark,767302,0,0,0,2,0,0,0,0,1,,0,0,Auckland Region,Nil,2-way,Sealed,0,0,0,0,50,0,On,0,0,,76,Auckland,Nil,0,0,0,0,0,0,Urban,0,0,0,Fine,Null
1756627,5926905,8370,,507900,0,0,0,1,0,Null,2008/2009,KARAKA ST,PURIRI ST,,Non-Injury Crash,No,2009,0,North,0,0,0,Flat,0,,0,,1,Overcast,303502,0,0,0,2,0,0,0,0,0,,0,0,Auckland Region,Nil,2-way,Sealed,0,0,0,0,50,0,Off,0,0,,76,Auckland,Nil,0,0,0,0,0,0,Urban,0,0,0,Light rain,Null
1772729,5895404,8371,,525530,0,,0,2,,Null,2009/2010,GREAT SOUTH ROAD,SETTLEMENT ROAD,,Non-Injury Crash,No,2009,,North,,0,,Flat,,,,,,Dark,804701,0,0,0,4,,,0,,,,,,Auckland Region,Nil,2-way,Sealed,,0,0,,50,,On,0,0,,76,Auckland,Traffic Signals,,,,,0,0,Urban,0,,,Fine,Null
1771111,5900668,8372,,523816,0,0,0,1,0,Null,2009/2010,PORCHESTER ROAD,HYPERION DRIVE,,Non-Injury Crash,No,2009,0,East,1,0,0,Flat,0,,0,,0,Twilight,759730,0,0,0,2,0,0,0,0,0,,0,0,Auckland Region,Nil,2-way,Sealed,0,0,0,0,70,0,On,0,0,,76,Auckland,Give way,0,0,0,0,0,0,Urban,0,0,0,Heavy rain,Null
1758724,5919689,8373,,515902,0,0,0,1,0,South,2008/2009,PARNELL ROAD,DENBY ST,,Non-Injury Crash,No,2009,0,South,0,0,0,Flat,0,,1,,0,Dark,452800,0,0,0,2,0,0,0,0,0,,0,0,Auckland Region,Nil,2-way,Sealed,0,0,0,0,50,0,On,0,0,,76,Auckland,Nil,0,0,0,0,0,0,Urban,0,0,0,Fine,Null
1789486,5829100,8374,,528200,0,,0,1,,East,2008/2009,JESMOND ST,GREAT SOUTH ROAD,,Non-Injury Crash,No,2009,,East,,0,,Flat,,,,,,Overcast,857500,0,0,0,2,,,0,,,,,,Waikato Region,Nil,2-way,Sealed,,0,0,,50,,Null,1,0,,13,Waikato District,Unknown,,,,,0,0,Urban,0,,,Fine,Null
1760436,5911818,8375,,520000,0,,0,1,,East,2009/2010,NEILSON ST,CAPTAIN SPRINGS ROAD,,Non-Injury Crash,No,2009,,West,,0,,Flat,,,,,,Bright sun,607900,0,0,1,2,,,0,,,,,,Auckland Region,Nil,2-way,Sealed,,0,0,,50,,Null,0,0,,76,Auckland,Traffic Signals,,,,,0,0,Urban,0,,,Fine,Null
1754007,5914326,8376,,518801,0,,0,1,,East,2009/2010,STODDARD ROAD,SANDRINGHAM ROAD,,Non-Injury Crash,No,2009,,West,,0,,Flat,,,,,,Overcast,578500,0,0,0,2,,,0,,,,,,Auckland Region,Nil,2-way,Sealed,,0,0,,50,,Off,0,0,,76,Auckland,Unknown,,,,,0,0,Urban,1,,,Mist or Fog,Null
1764593,5911660,8377,,520500,0,0,0,2,0,West,2009/2010,PANAMA ROAD,HILLSIDE ROAD,,Non-Injury Crash,No,2009,0,East,0,0,1,Flat,0,,0,,0,Dark,636100,0,0,0,1,0,0,0,0,1,,0,0,Auckland Region,Nil,2-way,Sealed,0,0,0,0,50,0,On,0,0,,76,Auckland,Unknown,0,0,0,0,0,0,Urban,0,0,0,Light rain,Null
1768613,5914543,8378,,522810,0,0,0,1,0,North,2008/2009,STANNILAND ST,WHITEACRES DRIVE,,Non-Injury Crash,No,2009,0,South,0,0,0,Flat,0,,0,,0,Overcast,693300,0,0,0,1,0,0,0,0,0,,0,1,Auckland Region,Nil,2-way,Sealed,0,0,0,0,50,0,Off,0,0,,76,Auckland,Nil,0,0,0,0,0,0,Urban,0,0,0,Light rain,Null
1756109,5929238,8379,,508510,0,,0,2,,North,2008/2009,FORREST HILL ROAD,TRISTRAM AVENUE,,Non-Injury Crash,No,2009,,South,,0,,Flat,,,,,,Overcast,195500,0,0,0,3,,,0,,,,,,Auckland Region,Nil,2-way,Sealed,,0,0,,50,,Null,0,0,,76,Auckland,Unknown,,,,,0,0,Urban,0,,,Fine,Null
1759910,5916081,8380,,516002,0,,0,1,,Null,2008/2009,SH 1N,GREENLANE ON NBD,,Non-Injury Crash,Yes,2009,,North,,0,,Flat,,,,,,Bright sun,492100,0,0,0,6,,,0,,,,,,Auckland Region,Nil,2-way,Sealed,,0,0,,100,,Off,0,0,,76,Auckland,Nil,,,,,0,0,Open,1,,,Fine,Null
1924458,5606949,8381,,548612,0,0,0,1,0,South,2008/2009,WALTON WAY,TENBY TERRACE,,Non-Injury Crash,No,2009,0,South,0,0,1,Flat,0,,0,,0,Dark,1474600,0,0,0,2,0,0,0,0,0,,0,0,Hawke's Bay Region,Nil,2-way,Sealed,0,0,0,0,50,0,On,0,0,,30,Hastings District,Nil,0,0,0,1,0,0,Urban,0,0,0,Fine,Null
1763073,5907946,8382,,524530,0,,0,1,,Null,2009/2010,MASSEY ROAD,VINE ST,,Non-Injury Crash,No,2009,,North,,0,,Flat,,,,,,Overcast,733300,0,0,0,4,,,0,,,,,,Auckland Region,Nil,2-way,Sealed,,0,0,,50,,On,0,0,,76,Auckland,Nil,,,,,0,0,Urban,1,,,Fine,Null
1878727,5823285,8383,,538201,0,,0,1,,Null,2008/2009,CAMERON ROAD,NINTH AVENUE,,Non-Injury Crash,No,2009,,North,,0,,Flat,,Easter,,,,Overcast,1166500,0,0,0,4,,,0,,,,,,Bay of Plenty Region,Nil,2-way,Sealed,,0,0,,50,,Null,0,0,,23,Tauranga City,Give way,,,,,1,0,Urban,0,,,Fine,Null
1338504,4873904,8384,,607300,0,0,0,0,1,West,2009/2010,SH 1S,JACKS HILL ROAD,,Serious Crash,Yes,2009,0,East,0,0,0,Flat,0,,0,,0,Overcast,3001900,0,0,0,2,0,0,0,0,0,,0,0,Otago Region,Nil,2-way,Sealed,0,0,1,0,100,0,Null,1,0,,72,Clutha District,Unknown,0,0,0,0,0,0,Open,1,0,0,Fine,Null
1754520,5930860,8385,,508520,0,,0,2,,South,2009/2010,SH 1N,SUNSET OBR,,Non-Injury Crash,Yes,2009,,South,,0,,Hill Road,,,,,,Overcast,191107,0,0,0,2,,,0,,,,,,Auckland Region,Nil,1-way,Sealed,,0,0,,100,,Off,0,0,,76,Auckland,Nil,,,,,0,0,Open,1,,,Fine,Null
1934002,5600979,8386,,548832,0,0,0,1,0,North,2008/2009,GREENWOOD ROAD,TOKOMARU DRIVE,,Non-Injury Crash,No,2009,0,South,0,0,1,Flat,0,,0,,0,Dark,1510800,0,0,0,2,0,0,0,0,0,,0,0,Hawke's Bay Region,Nil,2-way,Sealed,0,0,0,0,50,0,On,0,0,,30,Hastings District,Nil,0,0,0,0,0,0,Urban,0,0,0,Light rain,Null
1753411,5937611,8387,,508900,0,0,0,1,0,North,2008/2009,OKURA RIVER ROAD,EAST COAST ROAD,,Non-Injury Crash,No,2009,0,North,0,0,0,Hill Road,0,,0,,0,Dark,178308,0,0,0,2,0,0,0,1,0,,0,0,Auckland Region,Nil,2-way,Sealed,0,0,0,0,80,0,None,0,0,,76,Auckland,Nil,0,0,0,1,0,0,Open,0,0,0,Fine,Null
1753262,5933079,8388,,508701,0,,0,2,,Null,2008/2009,ALBANY EXPRESSWAY,GREVILLE ROAD,,Non-Injury Crash,No,2009,,South,,0,,Flat,,,,,,Overcast,178900,0,0,0,2,,,0,,,,,,Auckland Region,Nil,1-way,Sealed,,0,0,,50,,Null,0,0,,76,Auckland,Give way,,,,,0,0,Urban,0,,,Fine,Null
1761896,5906150,8389,,524200,0,0,0,3,0,South,2008/2009,TIDAL ROAD,MASSEY ROAD,,Non-Injury Crash,No,2009,0,North,0,0,0,Flat,0,,0,,0,Overcast,728700,0,0,0,2,0,0,0,0,1,,0,0,Auckland Region,Nil,2-way,Sealed,0,0,0,0,50,0,Off,0,0,,76,Auckland,Nil,0,0,0,0,0,0,Urban,0,0,0,Fine,Null
1769994,5899217,8390,,523920,0,,0,1,,South,2009/2010,TAKANINI ON SBD,GREAT SOUTH ROAD W,,Non-Injury Crash,Yes,2009,,South,,0,,Flat,,,,,,Dark,768005,0,0,0,2,,,0,,,,,,Auckland Region,Nil,1-way,Sealed,,0,0,,80,,On,0,0,,76,Auckland,Nil,,,,,0,0,Open,1,,,Heavy rain,Null
1769768,5905829,8391,,523712,0,,0,2,,Null,2008/2009,DONEGAL PARK DRIVE,CARRICK GLEN ROAD,,Non-Injury Crash,No,2009,,North,,0,,Flat,,,,,,Dark,713205,0,0,0,2,,,0,,,,,,Auckland Region,Nil,2-way,Sealed,,0,0,,50,,On,0,0,,76,Auckland,Nil,,,,,0,0,Urban,0,,,Fine,Null
1768649,5913001,8392,,523000,0,0,0,2,0,North,2009/2010,ENNIS AVENUE,BELDON PLACE,,Non-Injury Crash,No,2009,0,North,0,0,0,Flat,0,,0,,0,Overcast,690500,0,0,0,2,0,0,0,0,1,,0,0,Auckland Region,Nil,2-way,Sealed,0,0,0,0,50,0,Off,0,0,,76,Auckland,Nil,0,0,0,0,0,0,Urban,0,0,0,Fine,Null
1982640,5669765,8393,,545500,0,,0,1,,Null,2009/2010,LAHORE ST,HARKER AVENUE,,Minor Crash,No,2009,,South,,0,,Flat,,,,,,Bright sun,1391200,3,0,0,2,,,0,,,,,,Hawke's Bay Region,Nil,2-way,Sealed,,0,0,,50,,Null,0,0,,29,Wairoa District,Nil,,,,,1,0,Urban,0,,,Fine,Null
1763724,5913744,8394,,520303,0,,0,2,,West,2009/2010,PENROSE ROAD,MOUNT WELLINGTON HIGHWAY,,Non-Injury Crash,No,2009,,West,,0,,Flat,,,,,,Overcast,627300,0,0,0,4,,,0,,,,,,Auckland Region,Nil,2-way,Sealed,,0,0,,50,,Off,0,0,,76,Auckland,Nil,,,,,0,0,Urban,0,,,Light rain,Null
1816982,5803337,8395,,527503,0,,0,1,,Null,2008/2009,SH 1N QUEEN,SH 1N VICTORIA,,Non-Injury Crash,Yes,2009,,West,,0,,Flat,,,,,,Bright sun,962602,0,0,0,2,,,0,,,,,,Waikato Region,Nil,2-way,Sealed,,0,0,,50,,Null,1,0,,17,Waipa District,Give way,,,,,0,0,Urban,0,,,Fine,Null
1800452,5846235,8396,,527111,0,0,0,1,1,East,2008/2009,TAHUNA ROAD,RUTHERFURD ROAD,,Non-Injury Crash,No,2009,0,West,0,0,0,Flat,0,,0,,0,Overcast,941200,0,0,0,2,0,0,0,0,0,,0,0,Waikato Region,Nil,2-way,Sealed,0,0,0,0,100,0,None,0,0,,13,Waikato District,Nil,0,0,0,0,0,0,Open,0,0,0,Light rain,Null