X,Y,OBJECTID,advisorySpeed,areaUnitID,bicycle,bridge,bus,carStationWagon,cliffBank,crashDirectionDescription,crashFinancialYear,crashLocation1,crashLocation2,crashRoadSideRoad,crashSeverity,crashSHDescription,crashYear,debris,directionRoleDescription,ditch,fatalCount,fence,flatHill,guardRail,holiday,houseOrBuilding,intersection,kerb,light,meshblockId,minorInjuryCount,moped,motorcycle,NumberOfLanes,objectThrownOrDropped,otherObject,otherVehicleType,overBank,parkedVehicle,pedestrian,phoneBoxEtc,postOrPole,region,roadCharacter,roadLane,roadSurface,roadworks,schoolBus,seriousInjuryCount,slipOrFlood,speedLimit,strayAnimal,streetLight,suv,taxi,temporarySpeedLimit,tlaId,tlaName,trafficControl,trafficIsland,trafficSign,train,tree,truck,unknownVehicleType,urban,vanOrUtility,vehicle,waterRiver,weatherA,weatherB
1720218,6044610,8397,,503600,0,,0,0,,South,2009/2010,OKARA DRIVE,POROWINI AVENUE,,Non-Injury Crash,No,2009,,North,,0,,Hill Road,,,,,,Overcast,105300,0,0,0,2,,,0,,,,,,Northland Region,Nil,2-way,Sealed,,0,0,,60,,Null,1,0,,2,Whangarei District,Unknown,,,,,0,0,Urban,0,,,Heavy rain,Null
1762085,5916960,8398,,516003,0,,1,0,,Null,2008/2009,REMUERA ROAD,KORAHA ST,,Non-Injury Crash,No,2009,,West,,0,,Flat,,,,,,Overcast,495300,0,0,1,4,,,0,,,,,,Auckland Region,Nil,2-way,Sealed,,0,0,,50,,Off,0,0,,76,Auckland,Traffic Signals,,,,,0,0,Urban,0,,,Fine,Null
1806277,5811967,8399,,527131,0,,0,1,,Null,2008/2009,SH 1N,CHERRY LANE,,Non-Injury Crash,Yes,2009,,South,,0,,Flat,,,,,,Dark,960601,0,0,0,2,,,0,,,,,,Waikato Region,Nil,2-way,Sealed,,0,0,,100,,None,1,0,,13,Waikato District,Stop,,,,,0,0,Open,0,,,Fine,Null
1730470,5994311,8400,,505010,0,0,0,1,0,West,2009/2010,SH 1N,OTIORO ROAD,,Non-Injury Crash,Yes,2009,0,South,0,0,1,Hill Road,0,,0,,0,Dark,135003,0,0,0,3,0,0,0,0,0,,0,0,Northland Region,Nil,2-way,Sealed,0,0,0,0,100,0,None,0,0,,3,Kaipara District,Nil,0,0,0,0,0,0,Open,0,0,0,Light rain,Null
1771949,5898421,8401,,523912,0,,0,2,,Null,2009/2010,PORCHESTER ROAD,MARENGO PARKWAY,,Non-Injury Crash,No,2009,,North,,0,,Flat,,,,,,Dark,767400,0,0,0,2,,,0,,,,,,Auckland Region,Nil,2-way,Sealed,,0,0,,80,,None,0,0,,76,Auckland,Give way,,,,,0,0,Open,0,,,Fine,Null
1759023,5912198,8402,,519820,0,,0,2,,Null,2009/2010,ONEHUNGA MALL,CHURCH ST,,Non-Injury Crash,No,2009,,South,,0,,Flat,,,,,,Bright sun,601100,0,0,0,2,,,0,,,,,,Auckland Region,Nil,2-way,Sealed,,0,0,,50,,Off,0,0,,76,Auckland,Give way,,,,,0,0,Urban,0,,,Fine,Null
1768783,5914121,8403,,522721,0,,0,2,,Null,2008/2009,PAKURANGA ROAD,CASCADES ROAD,,Non-Injury Crash,No,2009,,West,,0,,Flat,,,,,,Bright sun,681215,0,0,0,3,,,0,,,,,,Auckland Region,Nil,1-way,Sealed,,0,0,,60,,Null,0,0,,76,Auckland,Traffic Signals,,,,,0,0,Urban,0,,,Fine,Null
1759585,5913010,8404,,519720,0,,0,2,,West,2009/2010,MOUNT SMART ROAD,ATHENS ROAD,,Non-Injury Crash,No,2009,,East,,0,,Flat,,,,,,Dark,594400,0,0,0,2,,,0,,,,,,Auckland Region,Nil,2-way,Sealed,,0,0,,50,,On,0,0,,76,Auckland,Nil,,,,,0,0,Urban,0,,,Fine,Null
1690470,5675713,8405,,551400,0,,0,2,,East,2008/2009,SH 44,LAWRY ST,,Non-Injury Crash,Yes,2009,,East,,0,,Flat,,,,,,Bright sun,1586800,0,0,0,2,,,0,,,,,,Taranaki Region,Nil,2-way,Sealed,,0,0,,50,,Null,0,0,,33,New Plymouth District,Nil,,,,,0,0,Urban,0,,,Fine,Null
1768584,5903434,8406,,523820,0,,0,1,,Null,2008/2009,BANYAN DRIVE,EVERGLADE DRIVE,,Non-Injury Crash,No,2009,,South,,0,,Hill Road,,,,,,Bright sun,760123,0,0,0,2,,,0,,,,,,Auckland Region,Nil,2-way,Sealed,,0,0,,50,,Off,0,0,,76,Auckland,Nil,,,,,0,0,Urban,0,,,Fine,Null
1757558,5926265,8407,,507900,0,,0,2,,North,2009/2010,BARRYS POINT ROAD,ESMONDE ROAD,,Non-Injury Crash,No,2009,,South,,0,,Flat,,,,,,Overcast,304200,0,0,0,1,,,0,,,,,,,Nil,1-way,Sealed,,0,0,,50,,Off,0,0,,76,Auckland,Give way,,,,,0,0,Urban,0,,,Fine,Null
1810331,5791640,8408,65,527934,0,0,0,0,0,North,2008/2009,CAMBRIDGE ROAD,LONG ROAD,,Non-Injury Crash,No,2009,0,North,0,0,1,Flat,0,,0,,0,Bright sun,987200,0,0,0,2,0,0,0,0,0,,0,0,Waikato Region,Nil,2-way,Sealed,0,0,0,0,100,0,Null,1,0,,17,Waipa District,Unknown,0,0,0,0,0,0,Open,0,0,0,Light rain,Null
1766442,5907632,8409,,523402,0,0,0,1,0,Null,2008/2009,EAST TAMAKI ROAD,OTARA ROAD,,Non-Injury Crash,No,2009,0,East,0,0,0,Flat,0,,0,,0,Bright sun,699300,0,0,0,2,0,0,0,0,0,,0,1,Auckland Region,Nil,2-way,Sealed,0,0,0,0,60,0,Null,0,0,,76,Auckland,Traffic Signals,0,0,0,0,0,0,Urban,0,0,0,Fine,Null
1743712,5917797,8410,,513220,0,,0,2,,Null,2009/2010,SUMMERLAND DRIVE,HARVEST DRIVE,,Non-Injury Crash,No,2009,,North,,0,,Flat,,,,,,Bright sun,236711,0,0,0,2,,,0,,,,,,Auckland Region,Nil,2-way,Sealed,,0,0,,50,,Null,0,0,,76,Auckland,Nil,,,,,0,0,Urban,0,,,Null,Null
1951335,5792151,8411,,542410,0,,0,1,,West,2009/2010,THE STRAND,KAKAHOROA DRIVE,,Non-Injury Crash,No,2009,,East,,0,,Flat,,,,,,Twilight,1305500,0,0,0,2,,,0,,,,,,Bay of Plenty Region,Nil,2-way,Sealed,,0,0,,50,,On,1,0,,25,Whakatane District,Give way,,,,,0,0,Urban,0,,,Fine,Null
1767130,5905532,8412,,524603,0,,0,2,,East,2008/2009,REAGAN ROAD,GREAT SOUTH ROAD,,Non-Injury Crash,No,2009,,East,,0,,Flat,,,,,,Bright sun,671000,0,0,0,2,,,0,,,,,,Auckland Region,Nil,2-way,Sealed,,0,0,,50,,Off,0,0,,76,Auckland,Nil,,,,,0,0,Urban,0,,,Fine,Null
1758128,5915593,8413,,515801,0,,0,2,,Null,2008/2009,MANUKAU ROAD,QUEEN MARY AVENUE,,Non-Injury Crash,No,2009,,South,,0,,Flat,,,,,,Overcast,447300,0,0,0,4,,,0,,,,,,Auckland Region,Nil,2-way,Sealed,,0,0,,50,,Off,0,0,,76,Auckland,Traffic Signals,,,,,0,0,Urban,0,,,Light rain,Null
1411916,4916647,8414,,604810,0,0,0,0,0,South,2008/2009,PORTOBELLO ROAD,ST RONANS ROAD,,Serious Crash,No,2009,0,West,0,0,0,Flat,0,Queens Birthday,0,,0,Bright sun,2940800,0,0,1,2,0,0,0,1,0,,0,0,Otago Region,Nil,2-way,Sealed,0,0,1,0,70,0,Null,0,0,,71,Dunedin City,Unknown,0,0,0,0,0,0,Urban,0,0,1,Fine,Null
1929275,5605233,8415,,548200,0,,0,1,,Null,2008/2009,SOUTHLAND ROAD,LYNDON ROAD WEST,,Non-Injury Crash,No,2009,,South,,0,,Flat,,,,,,Overcast,1488700,0,0,0,2,,,0,,,,,,Hawke's Bay Region,Nil,2-way,Sealed,,0,0,,50,,Null,0,0,,30,Hastings District,Give way,,,,,0,0,Urban,1,,,Light rain,Null
1882547,5826449,8416,,536821,0,,0,1,,Null,2008/2009,AERODROME ROAD,SH 2,,Non-Injury Crash,Yes,2009,,North,,0,,Flat,,,,,,Bright sun,1204100,0,0,0,2,,,0,,,,,,Bay of Plenty Region,Nil,2-way,Sealed,,0,0,,70,,Null,0,0,,23,Tauranga City,Traffic Signals,,,,,1,0,Urban,0,,,Fine,Null
1820369,5528529,8417,,563000,0,,0,2,,Null,2008/2009,BOTANICAL ROAD,CHURCH ST,,Non-Injury Crash,No,2009,,North,,0,,Flat,,,,,,Overcast,1806000,0,0,0,2,,,0,,,,,,Manawatū-Whanganui Region,Nil,2-way,Sealed,,0,0,,50,,Null,0,0,,40,Palmerston North City,Give way,,,,,0,0,Urban,0,,,Fine,Null
1835580,5860997,8418,,534300,0,0,0,1,0,South,2008/2009,SH 2,OPUKEKO ROAD,,Non-Injury Crash,Yes,2009,0,South,0,0,1,Flat,0,,0,,0,Dark,1071401,0,0,0,2,0,0,0,0,0,,0,0,Waikato Region,Nil,2-way,Sealed,0,0,0,0,100,0,None,0,0,,12,Hauraki District,Unknown,0,0,0,0,0,0,Open,0,0,0,Fine,Null
1769555,5908268,8419,,523115,0,,0,3,,South,2008/2009,TE IRIRANGI DRIVE,ACCENT DRIVE,,Non-Injury Crash,No,2009,,South,,0,,Flat,,,,,,Bright sun,711912,0,0,0,4,,,0,,,,,,Auckland Region,Nil,2-way,Sealed,,0,0,,70,,Null,0,0,,76,Auckland,Unknown,,,,,0,0,Urban,0,,,Fine,Null
1739294,5928013,8420,,505605,0,0,0,1,1,East,2008/2009,BOORD CRESCENT,TROTTING COURSE DRIVE,,Non-Injury Crash,No,2009,0,South,0,0,0,Flat,0,,1,,0,Dark,214601,0,0,0,2,0,0,0,0,0,,0,0,Auckland Region,Nil,2-way,Sealed,0,0,0,0,100,0,None,0,0,,76,Auckland,Unknown,0,0,0,0,0,0,Open,0,0,0,Fine,Null
1755786,5928200,8421,,507900,0,,0,2,,Null,2009/2010,WAIRAU ROAD,PORANA ROAD,,Non-Injury Crash,No,2009,,South,,0,,Flat,,,,,,Bright sun,305201,0,0,0,2,,,0,,,,,,Auckland Region,Nil,2-way,Sealed,,0,0,,50,,None,0,0,,76,Auckland,Traffic Signals,,,,,0,0,Urban,0,,,Fine,Null
1766370,5907218,8422,,522302,0,,0,2,,Null,2009/2010,BERNARD ST,STONEX ROAD,,Non-Injury Crash,No,2009,,East,,0,,Flat,,,,,,Bright sun,667801,0,0,0,1,,,0,,,,,,Auckland Region,Nil,2-way,Sealed,,0,0,,50,,Off,0,0,,76,Auckland,Nil,,,,,0,0,Urban,0,,,Fine,Null
1767833,5905679,8423,,523721,0,,0,2,,West,2008/2009,BOUNDARY ROAD,ISRAEL AVENUE,,Non-Injury Crash,No,2009,,West,,0,,Flat,,,,,,Twilight,715506,0,0,0,2,,,0,,,,,,Auckland Region,Nil,2-way,Sealed,,0,0,,50,,Off,0,0,,76,Auckland,Nil,,,,,0,0,Urban,0,,,Fine,Null
1564535,5174525,8424,,587302,0,,0,2,,East,2008/2009,HALSWELL JUNCTION ROAD,NICHOLLS ROAD,,Non-Injury Crash,No,2009,,East,,0,,Flat,,,,,,Bright sun,2483803,0,0,0,2,,,0,,,,,,Canterbury Region,Nil,2-way,Sealed,,0,0,,60,,Null,0,0,,60,Christchurch City,Stop,,,,,0,0,Urban,0,,,Fine,Null
1757435,5920141,8425,,514103,0,,1,1,,East,2009/2010,WELLESLEY ST EAST,KITCHENER ST,,Non-Injury Crash,No,2009,,West,,0,,Hill Road,,,,,,Overcast,436700,0,0,0,4,,,0,,,,,,Auckland Region,Nil,2-way,Sealed,,0,0,,50,,Off,0,0,,76,Auckland,Traffic Signals,,,,,0,0,Urban,0,,,Light rain,Null
1760496,5916816,8426,,516002,0,0,0,0,0,West,2008/2009,REMUERA ROAD,ORAKEI ROAD,,Non-Injury Crash,No,2009,0,East,0,0,1,Hill Road,0,,0,,1,Dark,493400,0,0,0,4,0,0,0,0,0,,0,0,Auckland Region,Nil,2-way,Sealed,0,0,0,0,50,0,On,0,0,,76,Auckland,Unknown,0,0,0,0,1,0,Urban,0,0,0,Fine,Null
1757287,5920392,8427,,514102,0,,0,2,,North,2009/2010,ELLIOTT ST,DARBY ST,,Non-Injury Crash,No,2009,,North,,0,,Flat,,,,,,Dark,433900,0,0,0,1,,,0,,,,,,Auckland Region,Nil,2-way,Sealed,,0,0,,50,,On,0,0,,76,Auckland,Nil,,,,,0,0,Urban,0,,,Fine,Null
1757981,5914775,8428,,518600,0,,0,2,,East,2009/2010,MANUKAU ROAD,PAH ROAD,,Non-Injury Crash,No,2009,,West,,0,,Flat,,,,,,Overcast,566400,0,0,0,2,,,0,,,,,,Auckland Region,Nil,2-way,Sealed,,0,0,,50,,Null,0,0,,76,Auckland,Traffic Signals,,,,,0,0,Urban,0,,,Light rain,Null
1801015,5819124,8429,,529402,0,,0,1,,Null,2008/2009,HUKANUI ROAD,DALMONT PLACE,,Non-Injury Crash,No,2009,,South,,0,,Flat,,,,,,Bright sun,878200,0,0,0,1,,,0,,,,,,Waikato Region,Nil,2-way,Sealed,,0,0,,50,,Null,0,0,,16,Hamilton City,Nil,,,,,0,0,Urban,1,,,Fine,Null
1766627,5913303,8430,,522820,0,,0,1,,East,2008/2009,PAKURANGA ROAD,TI RAKAU DRIVE,,Non-Injury Crash,No,2009,,East,,0,,Flat,,,,,,Dark,694800,0,0,0,4,,,0,,,,,,Auckland Region,Nil,2-way,Sealed,,0,0,,50,,On,1,0,,76,Auckland,Nil,,,,,0,0,Urban,0,,,Fine,Null
1803750,5814288,8431,,530700,0,,0,2,,East,2008/2009,KAKANUI AVENUE,KNIGHTON ROAD,,Non-Injury Crash,No,2009,,North,,0,,Flat,,,,,,Dark,887100,0,0,0,2,,,0,,,,,,Waikato Region,Nil,2-way,Sealed,,0,0,,50,,On,0,0,,16,Hamilton City,Unknown,,,,,0,0,Urban,0,,,Fine,Null
1768598,5900709,8432,,525001,0,,0,1,,Null,2009/2010,WEYMOUTH ROAD,SELWYN ROAD,,Non-Injury Crash,No,2009,,East,,0,,Flat,,,,,,Bright sun,752100,0,0,0,2,,,0,,,,,,Auckland Region,Nil,2-way,Sealed,,0,0,,50,,Off,0,0,,76,Auckland,Give way,,,,,0,0,Urban,1,,,Fine,Null
1816850,5802952,8433,,527502,0,0,0,0,0,Null,2008/2009,DUKE ST,DICK ST,,Non-Injury Crash,No,2009,0,South,0,0,0,Flat,0,,0,,0,Bright sun,964800,0,0,0,2,0,0,0,0,0,,0,1,Waikato Region,Nil,2-way,Sealed,0,0,0,0,50,0,Null,0,0,,17,Waipa District,Stop,0,0,0,0,1,0,Urban,0,0,0,Fine,Null
1892583,5821246,8434,,536202,0,,0,2,,East,2009/2010,PAPAMOA BEACH ROAD,PARTON ROAD,,Non-Injury Crash,No,2009,,East,,0,,Flat,,,,,,Bright sun,1204712,0,0,0,2,,,0,,,,,,Bay of Plenty Region,Nil,2-way,Sealed,,0,0,,70,,Null,0,0,,23,Tauranga City,Unknown,,,,,0,0,Urban,0,,,Fine,Null
1772133,5915128,8435,,521501,0,0,0,2,0,South,2009/2010,PICTON ST,PARKHILL ROAD,,Non-Injury Crash,No,2009,0,North,0,0,0,Flat,0,,0,,0,Overcast,652100,0,0,0,2,0,0,0,0,1,,0,0,Auckland Region,Nil,2-way,Sealed,0,0,0,0,50,0,Off,0,0,,76,Auckland,Nil,0,0,0,0,0,0,Urban,0,0,0,Fine,Null
1827736,5882628,8436,,533603,0,,0,2,,South,2009/2010,SH 25,MILL ENT,,Non-Injury Crash,Yes,2009,,South,,0,,Flat,,,,,,Bright sun,1057502,0,0,0,2,,,0,,,,,,Waikato Region,Nil,2-way,Sealed,,0,0,,100,,Null,0,0,,11,Thames-Coromandel District,Unknown,,,,,0,0,Open,0,,,Fine,Null
1728024,6007583,8437,,501815,0,,0,1,,North,2008/2009,SH 1N,ARTILLERY ROAD,,Non-Injury Crash,Yes,2009,,North,,0,,Hill Road,,,,,,Bright sun,81300,0,0,0,3,,,0,,,,,,Northland Region,Nil,2-way,Sealed,,0,0,,100,,Null,1,0,,2,Whangarei District,Nil,,,,,0,0,Open,0,,,Fine,Null
1772294,5915659,8438,,521501,0,,0,2,,West,2008/2009,BEACH ROAD,GLENFERN ROAD,,Non-Injury Crash,No,2009,,East,,0,,Hill Road,,,,,,Overcast,651202,0,0,0,2,,,0,,,,,,Auckland Region,Nil,2-way,Sealed,,0,0,,50,,Off,0,0,,76,Auckland,Nil,,,,,0,0,Urban,0,,,Light rain,Null
1309609,4834497,8439,,610080,0,0,0,0,0,East,2009/2010,CHASLANDS HIGHWAY,PROGRESS VALLEY ROAD,,Serious Crash,No,2009,0,West,0,0,0,Hill Road,0,,0,,0,Bright sun,3097702,0,0,1,2,0,0,0,1,0,,0,0,Southland Region,Nil,2-way,Sealed,0,0,1,0,100,0,Null,0,0,,73,Southland District,Unknown,0,0,0,0,0,0,Open,0,0,0,Fine,Null
1764194,5910135,8440,,521801,0,,0,1,,East,2009/2010,PRINCES ST,ATKINSON AVENUE,,Non-Injury Crash,No,2009,,West,,0,,Flat,,,,,,Overcast,786802,0,0,0,3,,,0,,,,,,Auckland Region,Nil,2-way,Sealed,,0,0,,50,,None,1,0,,76,Auckland,Nil,,,,,0,0,Urban,0,,,Fine,Null
1742312,5926672,8441,,513410,0,0,0,1,0,East,2009/2010,SH 16,KENNEDYS ROAD,,Non-Injury Crash,Yes,2009,0,West,0,0,0,Flat,0,,0,,0,Twilight,220400,0,0,0,2,0,0,0,0,0,,0,0,Auckland Region,Nil,2-way,Sealed,0,0,0,0,80,0,On,0,0,,76,Auckland,Nil,0,1,0,0,0,0,Open,0,0,0,Light rain,Null
1757749,5919414,8442,,514302,0,,0,1,,East,2009/2010,KARI ST,GRAFTON ROAD,,Non-Injury Crash,No,2009,,East,,0,,Flat,,,,,,Bright sun,442300,0,0,0,2,,,0,,,,,,Auckland Region,Nil,2-way,Sealed,,0,0,,50,,Off,0,0,,76,Auckland,Nil,,,,,0,0,Urban,1,,,Fine,Null
1796365,5827024,8443,,527123,0,,0,1,,East,2008/2009,LAKE ROAD,HOWARD ROAD,,Non-Injury Crash,No,2009,,East,,0,,Hill Road,,,,,,Bright sun,952400,0,0,0,2,,,0,,,,,,Waikato Region,Nil,2-way,Sealed,,0,0,,100,,None,0,0,,13,Waikato District,Nil,,,,,0,0,Open,0,,,Fine,Null
1501849,5138677,8444,,597714,1,,0,1,,Null,2009/2010,SEAFIELD ROAD,COMPANY ROAD,,Minor Crash,No,2009,,East,,0,,Flat,,,,,,Bright sun,2746103,1,0,0,2,,,0,,,,,,Canterbury Region,Nil,2-way,Sealed,,0,0,,100,,Null,0,0,,63,Ashburton District,Give way,,,,,0,0,Open,0,,,Fine,Null
1763813,5913698,8445,,520303,0,,0,1,,Null,2009/2010,MOUNT WELLINGTON HIGHWAY,PENROSE ROAD,,Non-Injury Crash,No,2009,,South,,0,,Flat,,,,,,Bright sun,627300,0,0,0,4,,,0,,,,,,Auckland Region,Nil,2-way,Sealed,,0,0,,50,,Null,0,0,,76,Auckland,Traffic Signals,,,,,1,0,Urban,0,,,Fine,Null
1754559,5916890,8446,,517701,0,,0,1,,East,2009/2010,EXETER ROAD,MORNINGSIDE DRIVE,,Non-Injury Crash,No,2009,,South,,0,,Flat,,,,,,Bright sun,536000,0,0,0,2,,,0,,,,,,Auckland Region,Nil,2-way,Sealed,,0,0,,30,,Off,0,0,,76,Auckland,Nil,,,,,0,0,Urban,1,,,Fine,Null
1801814,5816024,8447,,530100,0,0,0,2,0,South,2009/2010,WHYTE ST,CLAUDELANDS ROAD,,Non-Injury Crash,No,2009,0,South,0,0,0,Flat,0,,0,,0,Dark,895100,0,0,0,2,0,0,0,0,1,,0,0,Waikato Region,Nil,2-way,Sealed,0,0,0,0,50,0,On,0,0,,16,Hamilton City,Unknown,0,0,0,0,0,0,Urban,0,0,0,Fine,Null
1757319,5920214,8448,,514103,0,0,1,0,0,East,2008/2009,WELLESLEY ST EAST,QUEEN ST,,Non-Injury Crash,No,2009,0,West,0,0,0,Hill Road,0,Christmas New Year,0,,0,Dark,437101,0,0,0,4,0,0,0,0,0,,1,1,Auckland Region,Nil,2-way,Sealed,0,0,0,0,50,0,On,0,0,,76,Auckland,Traffic Signals,0,0,0,0,0,0,Urban,0,0,0,Fine,Null
1805693,5787616,8449,,527700,0,0,0,2,0,Null,2008/2009,LESLIE ST,HAVELOCK STREET,,Non-Injury Crash,No,2009,0,South,0,0,0,Hill Road,0,,0,,1,Bright sun,990500,0,0,0,2,0,0,0,0,0,,0,0,Waikato Region,Nil,2-way,Sealed,0,0,0,0,50,0,Null,0,0,,17,Waipa District,Nil,0,0,0,0,0,0,Urban,0,0,0,Fine,Null
1753619,5932209,8450,,508807,0,,0,2,,South,2009/2010,SH 1N,GREVILLE OBR,,Non-Injury Crash,Yes,2009,,North,,0,,Hill Road,,,,,,Bright sun,180811,0,0,0,2,,,0,,,,,,Auckland Region,Nil,1-way,Sealed,,0,0,,100,,Null,1,0,,76,Auckland,Unknown,,,,,0,0,Open,0,,,Fine,Null
1766779,5901859,8451,,524720,0,,0,2,,Null,2009/2010,RUSSELL ROAD,BROWNS ROAD,,Non-Injury Crash,No,2009,,North,,0,,Flat,,,,,,Bright sun,777800,0,0,0,1,,,0,,,,,,Auckland Region,Nil,2-way,Sealed,,0,0,,50,,Off,0,0,,76,Auckland,Traffic Signals,,,,,0,0,Urban,0,,,Fine,Null
1757697,5912224,8452,,519810,0,,0,2,,South,2009/2010,SH 20,QUEENSTOWN ON SBD,,Non-Injury Crash,Yes,2009,,South,,0,,Flat,,,,,,Bright sun,596700,0,0,0,2,,,0,,,,,,Auckland Region,Nil,1-way,Sealed,,0,0,,80,,Off,0,1,,76,Auckland,Nil,,,,,0,0,Open,0,,,Fine,Null
1767236,5901306,8453,,524720,0,0,0,0,0,Null,2008/2009,SWALLOW ROAD,RUSSELL ROAD,,Non-Injury Crash,No,2009,0,South,0,0,1,Flat,0,,0,,0,Dark,777502,0,0,0,2,0,0,0,0,0,,0,0,Auckland Region,Nil,2-way,Sealed,0,0,0,0,50,0,On,0,0,,76,Auckland,Stop,0,0,0,0,0,0,Urban,1,0,0,Light rain,Null
1628980,6123614,8454,,500202,0,0,0,0,0,North,2008/2009,SH 10,CHURCH ROAD,,Non-Injury Crash,Yes,2009,0,West,0,0,0,Flat,0,,0,,0,Dark,2700,0,0,0,2,0,0,0,0,0,,0,0,Northland Region,Nil,2-way,Sealed,0,0,0,0,100,0,None,0,0,,1,Far North District,Nil,0,0,0,0,0,0,Open,1,0,0,Fine,Null
1755162,5930064,8455,,508510,0,,0,1,,South,2009/2010,SH 1N,SUNNYNOOK OBR,,Non-Injury Crash,Yes,2009,,South,,0,,Hill Road,,,,,,Bright sun,194408,0,0,0,2,,,0,,,,,,Auckland Region,Nil,1-way,Sealed,,0,0,,100,,Off,0,0,,76,Auckland,Nil,,,,,0,0,Open,1,,,Fine,Null
1857861,5788785,8456,,535232,0,,0,1,,East,2008/2009,SH 5,WAIOHOTU ROAD,,Non-Injury Crash,Yes,2009,,East,,0,,Flat,,,,,,Dark,1127702,0,0,0,2,,,0,,,,,,Waikato Region,Nil,2-way,Sealed,,0,0,,100,,None,0,0,,19,South Waikato District,Unknown,,,,,1,0,Open,0,,,Fine,Null
1755417,5922008,8457,,515202,0,0,0,0,0,Null,2009/2010,SHELLY OFF SBD,SH 1N,,Non-Injury Crash,Yes,2009,0,South,0,0,0,Hill Road,1,,0,,0,Overcast,423600,0,0,0,2,0,0,0,0,0,,0,0,,Bridge,2-way,Sealed,0,0,0,0,80,0,On,0,0,,76,Auckland,Nil,0,0,0,0,0,0,Open,1,0,0,Light rain,Null
1754314,5914118,8458,,518802,0,0,0,1,0,West,2008/2009,STODDARD ROAD,TORY ST,,Non-Injury Crash,No,2009,0,West,0,0,0,Flat,0,,0,,0,Dark,579600,0,0,0,2,0,0,0,0,1,,0,0,Auckland Region,Nil,2-way,Sealed,0,0,0,0,50,0,On,0,0,,76,Auckland,Nil,0,0,0,0,0,0,Urban,1,0,0,Light rain,Null
1770606,5911230,8459,,523109,0,,0,2,,West,2008/2009,TI RAKAU DRIVE,CHAPEL ROAD,,Non-Injury Crash,No,2009,,West,,0,,Flat,,,,,,Bright sun,711709,0,0,0,6,,,0,,,,,,Auckland Region,Nil,2-way,Sealed,,0,0,,60,,Off,0,0,,76,Auckland,Traffic Signals,,,,,0,0,Urban,0,,,Fine,Null
1789270,5493822,8460,,564021,0,0,0,1,0,South,2008/2009,SH 1N,KUKU BEACH ROAD,,Non-Injury Crash,Yes,2009,0,North,0,0,0,Flat,0,,0,,0,Dark,1859300,0,0,0,2,0,0,0,0,0,,0,0,Manawatū-Whanganui Region,Nil,2-way,Sealed,0,0,0,0,100,0,None,0,0,,42,Horowhenua District,Nil,0,0,0,1,0,0,Open,0,0,0,Fine,Null
1754901,5913321,8461,,518803,0,0,0,2,0,North,2008/2009,DOMINION ROAD,YOUTH ST,,Non-Injury Crash,No,2009,0,South,0,0,0,Flat,0,,0,,0,Dark,582100,0,0,0,2,0,0,0,0,1,,0,0,Auckland Region,Nil,2-way,Sealed,0,0,0,0,50,0,On,0,0,,76,Auckland,Nil,0,0,0,0,0,0,Urban,0,0,0,Light rain,Null
1788093,5805130,8462,,526603,0,0,0,0,0,South,2008/2009,TE PAHU ROAD,SMITH ROAD,,Non-Injury Crash,No,2009,0,North,0,0,0,Flat,0,,0,,0,Overcast,860100,0,0,0,2,0,0,0,0,0,,0,0,Waikato Region,Nil,2-way,Sealed,0,0,0,0,100,0,None,1,0,,17,Waipa District,Nil,0,0,0,0,0,0,Open,0,0,0,Light rain,Null
1767892,5911916,8463,,522910,0,,0,2,,Null,2009/2010,GOSSAMER DRIVE,TI RAKAU DRIVE,,Non-Injury Crash,No,2009,,South,,0,,Flat,,,,,,Overcast,687700,0,0,0,2,,,0,,,,,,Auckland Region,Nil,2-way,Sealed,,0,0,,50,,Off,0,0,,76,Auckland,Traffic Signals,,,,,0,0,Urban,0,,,Light rain,Null
1750338,5427377,8464,,576600,1,0,0,0,0,East,2008/2009,ORIENTAL PARADE,BARING ST,,Non-Injury Crash,No,2009,0,East,0,0,0,Flat,0,,0,,0,Bright sun,2137700,0,0,0,2,0,0,0,0,1,,0,0,Wellington Region,Nil,2-way,Sealed,0,0,0,0,50,0,Null,0,0,,47,Wellington City,Nil,0,0,0,0,0,0,Urban,1,0,0,Fine,Strong wind
1868709,5714753,8465,,541730,0,0,0,1,0,North,2009/2010,COUNTY AVENUE,SPA ROAD,,Non-Injury Crash,No,2009,0,North,0,0,1,Hill Road,0,,0,,0,Twilight,1270800,0,0,0,0,0,0,0,0,0,,0,0,Waikato Region,Nil,2-way,Unsealed,0,0,0,0,50,0,None,1,0,,21,Taupo District,Nil,0,0,0,0,0,0,Urban,0,0,0,Fine,Null
1735270,5908815,8466,,513800,0,,0,2,,West,2008/2009,PIHA ROAD,ANAWHATA ROAD,,Non-Injury Crash,No,2009,,West,,0,,Hill Road,,,,,,Overcast,282007,0,0,0,2,,,0,,,,,,Auckland Region,Nil,2-way,Sealed,,0,0,,100,,None,0,0,,76,Auckland,Nil,,,,,0,0,Open,0,,,Light rain,Null
1803003,5814967,8467,,530200,0,0,0,3,0,Null,2008/2009,CLYDE ST,DEY ST,,Non-Injury Crash,No,2009,0,West,0,0,0,Flat,0,,0,,0,Overcast,892600,0,0,0,1,0,0,0,0,0,,0,0,Waikato Region,Nil,2-way,Sealed,0,0,0,0,50,0,Off,0,0,,16,Hamilton City,Stop,0,1,0,0,0,0,Urban,0,0,0,Fine,Null