X,Y,OBJECTID,advisorySpeed,areaUnitID,bicycle,bridge,bus,carStationWagon,cliffBank,crashDirectionDescription,crashFinancialYear,crashLocation1,crashLocation2,crashRoadSideRoad,crashSeverity,crashSHDescription,crashYear,debris,directionRoleDescription,ditch,fatalCount,fence,flatHill,guardRail,holiday,houseOrBuilding,intersection,kerb,light,meshblockId,minorInjuryCount,moped,motorcycle,NumberOfLanes,objectThrownOrDropped,otherObject,otherVehicleType,overBank,parkedVehicle,pedestrian,phoneBoxEtc,postOrPole,region,roadCharacter,roadLane,roadSurface,roadworks,schoolBus,seriousInjuryCount,slipOrFlood,speedLimit,strayAnimal,streetLight,suv,taxi,temporarySpeedLimit,tlaId,tlaName,trafficControl,trafficIsland,trafficSign,train,tree,truck,unknownVehicleType,urban,vanOrUtility,vehicle,waterRiver,weatherA,weatherB
1754571,5920809,8468,,515301,0,,0,1,,East,2008/2009,JERVOIS ROAD,KELMARNA AVENUE,,Non-Injury Crash,No,2009,,West,,0,,Flat,,,,,,Overcast,427100,0,0,0,4,,,0,,,,,,Auckland Region,Nil,2-way,Sealed,,0,0,,50,,Null,1,0,,76,Auckland,Unknown,,,,,0,0,Urban,0,,,Fine,Null
1857276,5803546,8469,,535231,0,0,0,1,0,South,2009/2010,SH 29,SUMMIT LOOKOUT,,Non-Injury Crash,Yes,2009,0,East,0,0,0,Hill Road,1,,0,,0,Bright sun,1114500,0,0,0,3,0,0,0,0,0,,0,0,Waikato Region,Nil,2-way,Sealed,0,0,0,0,100,0,Null,0,0,,15,Matamata-Piako District,Unknown,0,0,0,0,0,0,Open,0,0,0,Light rain,Null
1727821,6012859,8470,,501815,0,0,0,1,0,South,2009/2010,SH 1N,GLENMOHR ROAD,,Non-Injury Crash,Yes,2009,0,South,0,0,0,Flat,0,,0,,0,Twilight,81300,0,0,0,2,0,0,0,0,0,,0,1,Northland Region,Nil,2-way,Unsealed,0,0,0,0,100,0,None,0,0,30,2,Whangarei District,Nil,0,0,0,0,0,0,Open,0,0,0,Light rain,Null
1754461,5919641,8471,,515410,0,0,0,2,0,East,2008/2009,SACKVILLE ST,RICHMOND ROAD W,,Non-Injury Crash,No,2009,0,East,0,0,0,Flat,0,,0,,0,Dark,402200,0,0,0,2,0,0,0,0,1,,0,0,Auckland Region,Nil,2-way,Sealed,0,0,0,0,50,0,On,0,0,,76,Auckland,Unknown,0,0,0,0,0,0,Urban,0,0,0,Fine,Null
1766277,5907505,8472,,523601,0,,0,2,,South,2009/2010,SH 1N,EAST TAMAKI OBR,,Non-Injury Crash,Yes,2009,,South,,0,,Flat,,,,,,Bright sun,708500,0,0,0,3,,,0,,,,,,Auckland Region,Nil,1-way,Sealed,,0,0,,100,,Off,0,0,,76,Auckland,Nil,,,,,1,0,Open,0,,,Fine,Null
1759332,5918678,8473,,516101,0,,0,2,,Null,2008/2009,SHORE ROAD,BASSETT ROAD,,Non-Injury Crash,No,2009,,West,,0,,Flat,,,,,,Overcast,481101,0,0,0,2,,,0,,,,,,Auckland Region,Nil,1-way,Sealed,,0,0,,50,,Off,0,0,,76,Auckland,Give way,,,,,0,0,Urban,0,,,Fine,Null
1791530,5836199,8474,,527111,0,0,0,0,0,North,2009/2010,SH 1N,SH 1B,,Non-Injury Crash,Yes,2009,0,North,1,0,0,Flat,0,,0,,0,Dark,941002,0,0,0,3,0,0,0,0,0,,0,0,Waikato Region,Nil,2-way,Sealed,0,0,0,0,100,0,None,0,0,,13,Waikato District,Nil,0,0,0,0,1,0,Open,0,0,0,Null,Null
1745662,5928498,8475,,513420,0,,0,1,,East,2009/2010,TOTARA ROAD,KARAKA ROAD,,Non-Injury Crash,No,2009,,West,,0,,Flat,,,,,,Bright sun,220600,0,0,0,1,,,0,,,,,,Auckland Region,Nil,2-way,Unsealed,,0,0,,50,,None,0,0,,76,Auckland,Nil,,,,,0,0,Urban,0,,,Fine,Null
1778804,5833792,8476,,526601,0,0,0,1,0,South,2008/2009,ROTOWARO ROAD,EDWARD AVENUE,,Non-Injury Crash,No,2009,0,South,0,0,1,Flat,0,,0,,0,Dark,850300,0,0,0,2,0,0,0,1,0,,0,0,Waikato Region,Nil,2-way,Sealed,0,0,0,0,100,0,None,0,0,,13,Waikato District,Unknown,0,0,0,0,0,0,Open,0,0,1,Heavy rain,Null
1756077,5933326,8477,,507300,0,0,0,2,0,North,2009/2010,AOTEAROA TERRACE,ROSSMORE TERRACE,,Non-Injury Crash,No,2009,0,West,0,0,0,Flat,0,,0,,0,Overcast,153600,0,0,0,2,0,0,0,0,1,,0,0,Auckland Region,Nil,2-way,Sealed,0,0,0,0,50,0,Null,0,0,,76,Auckland,Unknown,0,0,0,0,0,0,Urban,0,0,0,Fine,Null
1751049,5933278,8478,,508807,0,,0,2,,Null,2008/2009,ALBANY HIGHWAY,WHARF ROAD,,Non-Injury Crash,No,2009,,North,,0,,Flat,,,,,,Bright sun,180201,0,0,0,2,,,0,,,,,,Auckland Region,Nil,2-way,Sealed,,0,0,,50,,Off,1,0,,76,Auckland,Give way,,,,,0,0,Urban,0,,,Fine,Null
1806675,5777605,8479,,531304,0,0,0,0,0,Null,2008/2009,GALLAGHER ROAD EAST,NGAHAPE ROAD,,Non-Injury Crash,No,2009,0,South,0,0,1,Flat,0,,0,,1,Dark,999800,0,0,0,2,0,0,0,0,0,,0,0,Waikato Region,Nil,2-way,Sealed,0,0,0,0,100,0,None,0,0,,18,Ōtorohanga District,Nil,0,0,0,0,0,0,Open,1,0,0,Fine,Null
1718684,6045773,8480,,503000,0,,0,2,,Null,2008/2009,SH 1N,CENTRAL AVENUE,,Non-Injury Crash,Yes,2009,,West,,0,,Flat,,,,,,Overcast,97800,0,0,0,2,,,0,,,,,,Northland Region,Nil,2-way,Sealed,,0,0,,50,,Off,0,0,,2,Whangarei District,Traffic Signals,,,,,0,0,Urban,0,,,Light rain,Null
1755918,5916946,8481,,518201,0,,0,2,,Null,2009/2010,DOMINION ROAD,GRANGE ROAD,,Non-Injury Crash,No,2009,,South,,0,,Flat,,,,,,Twilight,548200,0,0,0,4,,,0,,,,,,Auckland Region,Nil,2-way,Sealed,,0,0,,50,,On,0,0,,76,Auckland,Nil,,,,,0,0,Urban,0,,,Fine,Null
1884737,5773685,8482,,540410,0,,0,2,,Null,2009/2010,SH 30A,AMOHIA ST,,Non-Injury Crash,Yes,2009,,East,,0,,Flat,,,,,,Dark,1236100,0,0,0,4,,,0,,,,,,Bay of Plenty Region,Nil,2-way,Sealed,,0,0,,50,,On,0,0,,24,Rotorua District,Traffic Signals,,,,,0,0,Urban,0,,,Fine,Null
1961674,5771842,8483,,542561,0,0,0,1,0,South,2008/2009,SH 2,MOTTRAM ROAD,,Non-Injury Crash,Yes,2009,0,North,0,0,0,Hill Road,0,,0,,0,Overcast,1338701,0,0,0,2,0,0,0,1,0,,0,0,Bay of Plenty Region,Nil,2-way,Sealed,0,0,0,0,100,0,None,0,0,,25,Whakatane District,Nil,0,0,0,0,0,0,Open,0,0,0,Light rain,Null
1883921,5774051,8484,,540410,0,,0,1,,North,2008/2009,TAREWA ROAD,SH 30A,,Non-Injury Crash,No,2009,,South,,0,,Flat,,,,,,Bright sun,1231900,0,0,0,2,,,0,,,,,,Bay of Plenty Region,Nil,2-way,Sealed,,0,0,,50,,Null,1,0,,24,Rotorua District,Stop,,,,,0,0,Urban,0,,,Fine,Null
1877560,5821841,8485,,538101,0,,0,2,,North,2008/2009,CAMERON ROAD,NINETEENTH AVENUE,,Non-Injury Crash,No,2009,,North,,0,,Flat,,,,,,Bright sun,1170400,0,0,0,2,,,0,,,,,,Bay of Plenty Region,Nil,2-way,Sealed,,0,0,,50,,Null,0,0,,23,Tauranga City,Give way,,,,,0,0,Urban,1,,,Fine,Null
1751021,5925479,8486,,510020,0,,0,2,,South,2009/2010,RANGATIRA ROAD,GEMINI PLACE,,Non-Injury Crash,No,2009,,North,,0,,Flat,,,,,,Overcast,345800,0,0,0,2,,,0,,,,,,Auckland Region,Nil,2-way,Sealed,,0,0,,50,,Off,0,0,,76,Auckland,Nil,,,,,0,0,Urban,0,,,Fine,Frost
1878518,5822481,8487,,538102,0,,0,2,,Null,2009/2010,DEVONPORT ROAD,THIRTEENTH AVENUE,,Non-Injury Crash,No,2009,,South,,0,,Flat,,,,,,Bright sun,1167200,0,0,0,2,,,0,,,,,,Bay of Plenty Region,Nil,2-way,Sealed,,0,0,,50,,Null,0,0,,23,Tauranga City,Give way,,,,,0,0,Urban,0,,,Fine,Null
1572108,5179235,8488,,593502,1,,0,1,,East,2009/2010,FERRY ROAD,LANCASTER ST,,Minor Crash,No,2009,,East,,0,,Flat,,,,,,Bright sun,2607300,1,0,0,2,,,0,,,,,,Canterbury Region,Nil,2-way,Sealed,,0,0,,50,,Null,0,0,,60,Christchurch City,Nil,,,,,0,0,Urban,0,,,Fine,Null
1760428,5915986,8489,,516003,0,,0,2,,Null,2009/2010,ASCOT AVENUE,ELLERSLIE RACECOURSE DRIV,,Non-Injury Crash,No,2009,,South,,0,,Flat,,,,,,Overcast,494902,0,0,0,2,,,0,,,,,,Auckland Region,Nil,2-way,Sealed,,0,0,,50,,Off,0,0,,76,Auckland,Nil,,,,,0,0,Urban,0,,,Fine,Null
1760192,5915953,8490,,516003,0,,0,2,,Null,2008/2009,GREENLANE INT,GREENLANE ON SBD,,Non-Injury Crash,No,2009,,South,,0,,Flat,,,,,,Bright sun,494902,0,0,0,2,,,0,,,,,,Auckland Region,Nil,2-way,Sealed,,0,0,,50,,Null,0,0,,76,Auckland,Give way,,,,,0,0,Urban,0,,,Fine,Null
1931199,5617923,8491,,547100,0,0,0,1,0,Null,2008/2009,AVONDALE ROAD,OSIER ROAD,,Non-Injury Crash,No,2009,0,North,0,0,0,Flat,0,,0,,1,Dark,1455800,0,0,0,2,0,0,0,0,0,,0,0,Hawke's Bay Region,Nil,2-way,Sealed,0,0,0,0,50,0,On,0,0,,31,Napier City,Give way,0,0,0,0,0,0,Urban,0,0,0,Fine,Null
1763682,5911726,8492,,520500,0,0,0,1,0,East,2008/2009,WESTFIELD PLACE,VESTEY DRIVE,,Non-Injury Crash,No,2009,0,East,0,0,0,Flat,0,,0,,0,Bright sun,637900,0,0,0,2,0,0,0,0,1,,0,0,Auckland Region,Nil,2-way,Sealed,0,0,0,0,50,0,Null,0,0,,76,Auckland,Nil,0,0,0,0,1,0,Urban,0,0,0,Fine,Null
1414761,4926849,8493,,601603,0,0,0,1,1,East,2009/2010,PURAKANUI ROAD,BLUESKIN ROAD,,Serious Crash,No,2009,0,East,0,0,0,Hill Road,0,,0,,0,Dark,2863900,0,0,0,2,0,0,0,0,0,,0,0,Otago Region,Nil,2-way,Sealed,0,0,1,0,100,0,None,0,0,,71,Dunedin City,Unknown,0,0,0,0,0,0,Open,0,0,0,Fine,Frost
1755173,5914291,8494,,518803,0,,0,2,,Null,2008/2009,DOMINION ROAD,MOUNT ALBERT ROAD,,Non-Injury Crash,No,2009,,North,,0,,Hill Road,,,,,,Dark,580100,0,0,0,4,,,0,,,,,,Auckland Region,Nil,2-way,Sealed,,0,0,,50,,On,0,0,,76,Auckland,Traffic Signals,,,,,0,0,Urban,0,,,Fine,Null
1622755,5429929,8495,,583202,0,,0,1,,Null,2008/2009,VANGUARD ST,TOI TOI ST,,Non-Injury Crash,No,2009,,South,,0,,Flat,,,,,,Dark,2330500,0,0,0,2,,,0,,,,,,Nelson Region,Nil,2-way,Sealed,,0,0,,50,,On,1,0,,52,Nelson City,Give way,,,,,0,0,Urban,0,,,Fine,Null
1936910,5620624,8496,,546901,0,0,0,2,0,Null,2008/2009,SALE ST,HASTINGS ST,,Non-Injury Crash,No,2009,0,West,0,0,0,Flat,0,,0,,0,Bright sun,1430300,0,0,0,2,0,0,0,0,1,,0,0,Hawke's Bay Region,Nil,2-way,Sealed,0,0,0,0,50,0,Null,0,0,,31,Napier City,Stop,0,0,0,0,0,0,Urban,0,0,0,Fine,Null
1755396,5945268,8497,,505908,0,,0,1,,West,2008/2009,LANGTON ROAD,KAURI ROAD,,Non-Injury Crash,No,2009,,South,,0,,Hill Road,,,,,,Dark,173502,0,0,0,2,,,0,,,,,,Auckland Region,Nil,2-way,Sealed,,0,0,,50,,On,0,0,,76,Auckland,Give way,,,,,0,0,Urban,0,,,Fine,Null
1349836,4899766,8498,,607502,0,0,0,1,0,South,2008/2009,SH 8,JOHNSTONE ROAD,,Minor Crash,Yes,2009,0,North,1,0,0,Flat,0,,0,,0,Bright sun,3009100,1,0,0,2,0,0,0,0,0,,0,0,Otago Region,Nil,2-way,Sealed,0,0,0,0,100,0,Null,0,0,,72,Clutha District,Unknown,0,0,0,0,0,0,Open,0,0,0,Fine,Null
1571257,5180647,8499,,591700,0,,0,1,,East,2008/2009,KILMORE ST,OXFORD TERRACE,,Minor Crash,No,2009,,West,,0,,Flat,,,,,,Dark,2656600,1,0,0,2,,,0,,,1,,,Canterbury Region,Nil,1-way,Sealed,,0,0,,50,,On,0,0,,60,Christchurch City,Unknown,,,,,0,0,Urban,0,,,Fine,Null
1763185,5431006,8500,,564900,0,,0,1,,Null,2008/2009,NELSON CRESCENT,FITZHERBERT ROAD,,Non-Injury Crash,No,2009,,West,,0,,Flat,,,,,,Bright sun,2016900,0,0,1,2,,,0,,,,,,Wellington Region,Nil,2-way,Sealed,,0,0,,50,,Null,0,0,,46,Lower Hutt City,Give way,,,,,0,0,Urban,0,,,Fine,Null
2038267,5707034,8501,,544801,0,0,0,2,0,South,2008/2009,CAMBRIDGE TERRACE,BELFAST CRESCENT,,Non-Injury Crash,No,2009,0,West,0,0,0,Flat,0,,0,,0,Dark,1385600,0,0,0,2,0,0,0,0,1,,0,0,Gisborne Region,Nil,2-way,Sealed,0,0,0,0,50,0,On,0,0,,28,Gisborne District,Nil,0,0,0,0,0,0,Urban,0,0,0,Fine,Null
1755464,5922096,8502,,515202,0,,0,3,,North,2009/2010,SH 1N,SHELLY OFF SBD,,Non-Injury Crash,Yes,2009,,South,,0,,Hill Road,,,,,,Overcast,423600,0,0,0,5,,,0,,,,,,,Bridge,1-way,Sealed,,0,0,,80,,Null,0,0,,76,Auckland,Unknown,,,,,0,0,Open,0,,,Fine,Null
1405442,4913982,8503,,604420,0,,0,1,,Null,2008/2009,MACANDREW ROAD,HELENA ST,,Minor Crash,No,2009,,West,,0,,Flat,,Queens Birthday,,,,Overcast,2928400,1,1,0,2,,,0,,,,,,Otago Region,Nil,2-way,Sealed,,0,0,,50,,Null,0,0,,71,Dunedin City,Give way,,,,,0,0,Urban,0,,,Fine,Null
1751168,5915478,8504,,514401,0,0,0,2,0,South,2008/2009,GREAT NORTH ROAD,ROSEBANK ROAD,,Non-Injury Crash,No,2009,0,South,0,0,0,Flat,0,,0,,0,Bright sun,382300,0,0,0,3,0,0,0,0,1,,0,0,Auckland Region,Nil,2-way,Sealed,0,0,0,0,50,0,Null,0,0,,76,Auckland,Traffic Signals,0,0,0,0,0,0,Urban,0,0,0,Fine,Null
1817061,5545987,8505,,560412,0,0,0,1,0,South,2008/2009,HALCOMBE ROAD,MOUNT TAYLOR DRIVE,,Non-Injury Crash,No,2009,0,North,1,0,0,Hill Road,0,,0,,0,Overcast,1761704,0,0,0,2,0,0,0,0,0,,0,0,Manawatū-Whanganui Region,Nil,2-way,Sealed,0,0,0,0,100,0,Null,0,0,,39,Manawatu District,Nil,0,1,0,0,0,0,Open,0,0,0,Light rain,Null
1800785,5813035,8506,,530400,0,,0,2,,East,2009/2010,SH 1N,OHAUPO ROAD,,Non-Injury Crash,Yes,2009,,West,,0,,Hill Road,,,,,,Bright sun,921900,0,0,0,2,,,0,,,,,,Waikato Region,Nil,2-way,Sealed,,0,0,,50,,Null,0,0,,16,Hamilton City,Unknown,,,,,0,0,Urban,0,,,Fine,Null
1719686,6045406,8507,,503100,0,,0,1,,North,2008/2009,SERVICE LANE,ALBERT ST,,Non-Injury Crash,No,2009,,North,,0,,Flat,,,,,,Overcast,100600,0,0,1,1,,,0,,,,,,Northland Region,Nil,2-way,Sealed,,0,0,,50,,None,0,0,,2,Whangarei District,Nil,,,,,0,0,Urban,0,,,Light rain,Null
1755090,5932930,8508,,508805,0,,0,3,,Null,2008/2009,EAST COAST ROAD,SUNRISE AVENUE S,,Non-Injury Crash,No,2009,,South,,0,,Hill Road,,,,,,Dark,180876,0,0,0,4,,,0,,,,,,Auckland Region,Nil,2-way,Sealed,,0,0,,50,,On,0,0,,76,Auckland,Traffic Signals,,,,,0,0,Urban,0,,,Light rain,Null
1749841,5913947,8509,,511303,0,,0,2,,East,2008/2009,GREAT NORTH ROAD,TODD AVENUE,,Non-Injury Crash,No,2009,,West,,0,,Flat,,,,,,Bright sun,266000,0,0,0,4,,,0,,,,,,Auckland Region,Nil,2-way,Sealed,,0,0,,50,,Null,0,1,,76,Auckland,Nil,,,,,0,0,Urban,0,,,Fine,Null
1809804,5844943,8510,,527210,0,0,0,1,1,East,2008/2009,TAHUNA ROAD,MANGATEA ROAD,,Non-Injury Crash,No,2009,0,West,0,0,0,Hill Road,0,,0,,0,Dark,940300,0,0,0,2,0,0,0,0,0,,0,0,Waikato Region,Nil,2-way,Sealed,0,0,0,0,100,0,None,0,0,,13,Waikato District,Nil,0,0,0,0,0,0,Open,0,0,0,Mist or Fog,Frost
1499526,5138165,8511,,597820,0,,0,3,,South,2009/2010,SH 1S,CAMERON ST,,Minor Crash,Yes,2009,,South,,0,,Flat,,,,,,Overcast,2728000,2,0,0,5,,,0,,,,,,Canterbury Region,Nil,2-way,Sealed,,0,0,,50,,Null,1,0,,63,Ashburton District,Unknown,,,,,0,0,Urban,0,,,Fine,Null
1769105,5900620,8512,,524902,0,0,0,2,0,East,2008/2009,MCANNALLEY ST,GREAT SOUTH ROAD,,Non-Injury Crash,No,2009,0,South,0,0,0,Flat,0,,0,,0,Bright sun,758200,0,0,0,2,0,0,0,0,0,,0,0,Auckland Region,Nil,2-way,Sealed,0,0,0,0,50,0,Null,0,0,,76,Auckland,Unknown,0,0,0,0,0,0,Urban,0,1,0,Fine,Null
1884656,5774234,8513,,540410,0,,0,2,,West,2008/2009,ARAWA ST,AMOHIA ST,,Non-Injury Crash,No,2009,,West,,0,,Flat,,,,,,Dark,1233200,0,0,0,1,,,0,,,,,,Bay of Plenty Region,Nil,2-way,Sealed,,0,0,,50,,On,0,1,,24,Rotorua District,Nil,,,,,0,0,Urban,0,,,Fine,Null
1765947,5811205,8514,,526602,0,,0,1,,West,2009/2010,MAUNGATAWHIRI ROAD,SH 23,,Non-Injury Crash,No,2009,,East,,0,,Flat,,,,,,Overcast,861202,0,0,0,2,,,0,,,,,,Waikato Region,Nil,2-way,Unsealed,,0,0,,80,,None,1,0,,13,Waikato District,Nil,,,,,0,0,Open,0,,,Light rain,Null
1755002,5924742,8515,,509800,0,,0,2,,Null,2008/2009,SEAVIEW AVENUE,ONEWA ROAD,,Non-Injury Crash,No,2009,,North,,0,,Flat,,Queens Birthday,,,,Dark,361600,0,0,0,2,,,0,,,,,,Auckland Region,Nil,2-way,Sealed,,0,0,,50,,On,0,0,,76,Auckland,Give way,,,,,0,0,Urban,0,,,Fine,Null
1749602,5426104,8516,,573400,0,,0,2,,East,2009/2010,SH 1N,WEST PORTAL,,Minor Crash,Yes,2009,,West,,0,,Flat,,,,,,Bright sun,2143300,1,0,0,2,,,0,,,,,,Wellington Region,Nil,2-way,Sealed,,0,0,,50,,Null,0,0,,47,Wellington City,Nil,,,,,0,0,Urban,0,,,Fine,Null
1876985,5819084,8517,45,537601,0,0,0,1,0,East,2009/2010,OROPI ROAD,GLENLYON AVENUE,,Non-Injury Crash,No,2009,0,South,0,0,0,Hill Road,0,,0,,1,Dark,1177400,0,0,0,2,0,0,0,0,0,,0,0,Bay of Plenty Region,Nil,2-way,Sealed,0,0,0,0,50,0,On,0,0,,23,Tauranga City,Unknown,0,0,0,0,0,0,Urban,0,0,0,Fine,Null
1645544,6104708,8518,,500801,0,0,0,0,1,West,2008/2009,SH 1N,MAKENE ROAD,,Non-Injury Crash,Yes,2009,0,West,0,0,0,Flat,0,,0,,0,Dark,28201,0,0,0,2,0,0,0,0,0,,0,0,Northland Region,Nil,2-way,Sealed,0,0,0,0,100,0,None,1,0,,1,Far North District,Nil,0,0,0,0,0,0,Open,0,0,0,Light rain,Null
1793888,5802115,8519,,527914,0,0,0,1,0,North,2009/2010,SH 39,COCHRANE ROAD,,Non-Injury Crash,Yes,2009,0,South,1,0,1,Flat,0,,0,,0,Dark,980600,0,0,0,2,0,0,0,0,0,,0,0,Waikato Region,Nil,2-way,Sealed,0,0,0,0,100,0,None,0,0,,17,Waipa District,Nil,0,0,0,0,0,0,Open,0,0,0,Fine,Null
1799748,5818255,8520,,529600,0,,0,2,,North,2009/2010,RIVER ROAD,BRAITHWAITE AVENUE,,Non-Injury Crash,No,2009,,South,,0,,Flat,,,,,,Overcast,868600,0,0,0,2,,,0,,,,,,Waikato Region,Nil,2-way,Sealed,,0,0,,50,,Off,0,0,,16,Hamilton City,Nil,,,,,0,0,Urban,0,,,Fine,Null
1871526,5782913,8521,,538811,0,0,0,1,0,South,2008/2009,SH 5,OTUROA ROAD,,Non-Injury Crash,Yes,2009,0,West,1,0,1,Flat,0,,0,,0,Dark,1249901,0,0,0,2,0,0,0,0,0,,0,0,Bay of Plenty Region,Nil,2-way,Unsealed,0,0,0,0,100,0,Off,0,0,30,24,Rotorua District,Unknown,0,0,0,0,0,0,Open,0,0,0,Fine,Null
1757470,5930762,8522,,507710,0,0,0,2,0,West,2008/2009,PETER TERRACE,BEACH ROAD,,Non-Injury Crash,No,2009,0,East,0,0,0,Flat,0,,0,,0,Dark,313800,0,0,0,1,0,0,0,0,1,,0,0,Auckland Region,Nil,2-way,Sealed,0,0,0,0,50,0,On,0,0,,76,Auckland,Nil,0,0,0,0,0,0,Urban,0,0,0,Heavy rain,Null
1882092,5827834,8523,,536821,0,,0,2,,North,2008/2009,MAUNGANUI ROAD,HULL ROAD,,Non-Injury Crash,No,2009,,South,,0,,Flat,,,,,,Bright sun,1197400,0,0,0,4,,,0,,,,,,Bay of Plenty Region,Nil,2-way,Sealed,,0,0,,50,,Null,0,0,,23,Tauranga City,Unknown,,,,,0,0,Urban,0,,,Fine,Null
1755635,5919878,8524,,514000,0,,0,2,,Null,2009/2010,PONSONBY ROAD,LINCOLN ST,,Non-Injury Crash,No,2009,,North,,0,,Flat,,,,,,Dark,414900,0,0,0,4,,,0,,,,,,Auckland Region,Nil,2-way,Sealed,,0,0,,50,,On,0,0,,76,Auckland,Give way,,,,,0,0,Urban,0,,,Light rain,Null
1756894,5919747,8525,,514102,0,0,0,1,0,West,2008/2009,GREYS AVENUE,MAYORAL DRIVE,,Non-Injury Crash,No,2009,0,West,0,0,0,Flat,0,,0,,0,Bright sun,435000,0,0,0,2,0,0,0,0,1,,0,0,Auckland Region,Nil,2-way,Sealed,0,0,0,0,50,0,Off,1,0,,76,Auckland,Nil,0,0,0,0,0,0,Urban,0,0,0,Fine,Null
1773931,5445509,8526,,567100,0,0,0,1,0,West,2008/2009,QUEEN ST,LOGAN ST,,Minor Crash,No,2009,0,West,0,0,0,Flat,0,,0,,0,Dark,1905600,1,0,0,2,0,1,0,0,0,,0,0,Wellington Region,Nil,2-way,Sealed,0,0,0,0,50,0,On,0,0,,45,Upper Hutt City,Nil,0,0,0,0,0,0,Urban,0,0,0,Fine,Null
1878149,5826373,8527,,537201,0,,0,2,,Null,2009/2010,NGATAI ROAD,BURETA ROAD,,Non-Injury Crash,No,2009,,West,,0,,Flat,,,,,,Dark,1155900,0,0,0,2,,,0,,,,,,Bay of Plenty Region,Nil,2-way,Sealed,,0,0,,50,,On,0,0,,23,Tauranga City,Give way,,,,,0,0,Urban,0,,,Light rain,Null
1753805,5917608,8528,,517600,0,,0,1,,Null,2009/2010,ST LUKES ROAD,ASQUITH AVENUE,,Non-Injury Crash,No,2009,,South,,0,,Flat,,,,,,Overcast,534001,0,0,0,2,,,0,,,,,,Auckland Region,Nil,2-way,Sealed,,0,0,,50,,Off,1,0,,76,Auckland,Give way,,,,,0,0,Urban,0,,,Fine,Null
1752714,5936132,8529,,508703,0,0,0,1,0,East,2009/2010,LONELY TRACK ROAD,KEWA ROAD,,Non-Injury Crash,No,2009,0,West,0,0,0,Hill Road,0,,0,,0,Overcast,178503,0,0,0,2,0,0,0,1,0,,0,1,Auckland Region,Nil,2-way,Sealed,0,0,0,0,70,0,None,0,0,,76,Auckland,Nil,0,0,0,0,0,0,Urban,0,0,0,Light rain,Null
1879383,5819993,8530,,538000,0,,0,1,,Null,2008/2009,SH 29,MAUNGATAPU ROAD,,Non-Injury Crash,Yes,2009,,East,,0,,Flat,,,,,,Bright sun,1178800,0,0,0,2,,,0,,,,,,Bay of Plenty Region,Nil,2-way,Sealed,,0,0,,50,,Off,1,0,,23,Tauranga City,Give way,,,,,0,0,Urban,0,,,Fine,Null
1693935,6046529,8531,,501802,0,0,0,1,0,North,2009/2010,SH 15,HOUTO ROAD,,Non-Injury Crash,Yes,2009,0,North,0,0,0,Flat,0,,0,,0,Dark,67400,0,0,0,2,0,0,0,0,0,,0,0,Northland Region,Nil,2-way,Sealed,0,0,0,0,100,0,None,0,0,,2,Whangarei District,Nil,0,0,0,0,0,0,Open,0,0,0,Mist or Fog,Null
1768750,5904546,8532,,523722,0,0,0,1,0,Null,2009/2010,REDOUBT ROAD,HOLLYFORD DRIVE,,Non-Injury Crash,No,2009,0,South,0,0,0,Hill Road,0,,0,,1,Overcast,715917,0,0,0,2,0,0,0,0,0,,0,0,Auckland Region,Nil,2-way,Sealed,0,0,0,0,50,0,Null,0,0,,76,Auckland,Traffic Signals,0,0,0,0,0,0,Urban,0,0,0,Light rain,Null
1750658,5915501,8533,,514802,0,,0,2,,West,2008/2009,ASH ST,ROSEBANK ROAD,,Non-Injury Crash,No,2009,,North,,0,,Flat,,,,,,Bright sun,386600,0,0,0,4,,,0,,,,,,Auckland Region,Nil,2-way,Sealed,,0,0,,50,,Off,0,0,,76,Auckland,Nil,,,,,0,0,Urban,0,,,Fine,Null
1764416,5912235,8534,,520500,0,,0,1,,South,2009/2010,SH 1N,MT WGTN ON SBD,,Non-Injury Crash,Yes,2009,,South,,0,,Flat,,,,,,Overcast,639300,0,0,0,3,,,0,,,,,,Auckland Region,Nil,1-way,Sealed,,0,0,,100,,Off,1,0,,76,Auckland,Nil,,,,,0,0,Open,0,,,Fine,Null
1493690,5147730,8535,,597730,0,0,0,1,0,Null,2008/2009,ASHBURTON STAVELEY ROAD,OLLIVERS ROAD,,Serious Crash,No,2009,0,South,0,0,0,Flat,0,,0,,0,Overcast,2747101,1,0,0,2,0,0,0,0,0,,0,1,Canterbury Region,Nil,2-way,Sealed,0,0,1,0,100,0,Null,0,0,,63,Ashburton District,Give way,0,0,0,0,0,0,Open,0,0,0,Fine,Null
1766884,5906887,8536,,522302,0,,0,2,,South,2009/2010,SH 1N,OTARA OFF NBD,,Non-Injury Crash,Yes,2009,,North,,0,,Flat,,,,,,Bright sun,669700,0,0,0,3,,,0,,,,,,Auckland Region,Nil,1-way,Sealed,,0,0,,100,,Off,0,0,,76,Auckland,Nil,,,,,0,0,Open,0,,,Fine,Null
1693649,5676640,8537,,551800,0,,0,1,,Null,2008/2009,SH 44,GILL ST,,Non-Injury Crash,Yes,2009,,South,,0,,Flat,,,,,,Bright sun,1593400,0,0,0,2,,,0,,,,,,Taranaki Region,Nil,2-way,Sealed,,0,0,,50,,Null,0,0,,33,New Plymouth District,Stop,,,,,0,0,Urban,1,,,Fine,Null