X,Y,OBJECTID,advisorySpeed,areaUnitID,bicycle,bridge,bus,carStationWagon,cliffBank,crashDirectionDescription,crashFinancialYear,crashLocation1,crashLocation2,crashRoadSideRoad,crashSeverity,crashSHDescription,crashYear,debris,directionRoleDescription,ditch,fatalCount,fence,flatHill,guardRail,holiday,houseOrBuilding,intersection,kerb,light,meshblockId,minorInjuryCount,moped,motorcycle,NumberOfLanes,objectThrownOrDropped,otherObject,otherVehicleType,overBank,parkedVehicle,pedestrian,phoneBoxEtc,postOrPole,region,roadCharacter,roadLane,roadSurface,roadworks,schoolBus,seriousInjuryCount,slipOrFlood,speedLimit,strayAnimal,streetLight,suv,taxi,temporarySpeedLimit,tlaId,tlaName,trafficControl,trafficIsland,trafficSign,train,tree,truck,unknownVehicleType,urban,vanOrUtility,vehicle,waterRiver,weatherA,weatherB
1883241,5775403,8538,,539200,0,,0,2,,Null,2009/2010,SH 5,LAKE ROAD,,Non-Injury Crash,Yes,2009,,North,,0,,Flat,,,,,,Overcast,1221600,0,0,0,3,,,0,,,,,,Bay of Plenty Region,Nil,1-way,Sealed,,0,0,,50,,Off,0,0,,24,Rotorua District,Traffic Signals,,,,,0,0,Urban,0,,,Fine,Null
1764392,5913363,8539,,520500,0,,0,2,,Null,2009/2010,CARBINE ROAD,ALLRIGHT PLACE,,Non-Injury Crash,No,2009,,North,,0,,Flat,,,,,,Dark,638700,0,0,0,1,,,0,,,,,,Auckland Region,Nil,2-way,Sealed,,0,0,,50,,On,0,0,,76,Auckland,Nil,,,,,0,0,Urban,0,,,Light rain,Null
1767767,5904314,8540,,524604,0,,0,1,,North,2008/2009,GREAT SOUTH ROAD,SH 20,,Non-Injury Crash,No,2009,,South,,0,,Flat,,,,,,Overcast,780302,0,0,0,4,,,0,,,,,,Auckland Region,Nil,2-way,Sealed,,0,0,,50,,Null,0,0,,76,Auckland,Unknown,,,,,0,0,Urban,1,,,Fine,Null
1805456,5810994,8541,65,527131,0,0,0,0,0,West,2008/2009,NEWELL ROAD,REDWOOD GROVE,,Non-Injury Crash,No,2009,0,South,0,0,1,Flat,0,,0,,0,Overcast,960300,0,0,0,2,0,0,0,0,0,,0,0,Waikato Region,Nil,2-way,Sealed,0,0,0,0,80,0,None,1,0,,13,Waikato District,Nil,0,0,0,0,0,0,Open,0,0,0,Light rain,Null
1756068,5434718,8542,,569800,0,,0,2,,East,2008/2009,SH 2,CORNISH ST,,Non-Injury Crash,Yes,2009,,West,,0,,Flat,,,,,,Overcast,2036100,0,0,0,2,,,0,,,,,,Wellington Region,Nil,2-way,Sealed,,0,0,,70,,Null,0,0,50,46,Lower Hutt City,Nil,,,,,0,0,Urban,0,,,Fine,Null
1873071,5818715,8543,,536514,0,,0,1,,South,2009/2010,CAMBRIDGE ROAD,OAKRIDGE PLACE,,Non-Injury Crash,No,2009,,South,,0,,Flat,,,,,,Overcast,1190903,0,0,0,2,,,0,,,,,,Bay of Plenty Region,Nil,2-way,Sealed,,0,0,,80,,Null,1,0,,23,Tauranga City,Unknown,,,,,0,0,Open,0,,,Fine,Null
1761037,5918416,8544,,516201,0,0,0,2,0,West,2009/2010,SHORE ROAD,ORAKEI ROAD,,Non-Injury Crash,No,2009,0,East,0,0,0,Flat,0,,0,,0,Bright sun,486000,0,0,0,4,0,0,0,0,0,,0,0,Auckland Region,Nil,2-way,Sealed,0,0,0,0,50,0,Off,0,0,,76,Auckland,Nil,0,0,0,0,0,0,Urban,0,1,0,Fine,Null
1754853,5920780,8545,,515301,0,0,0,2,0,South,2009/2010,ARDMORE ROAD,JERVOIS ROAD,,Non-Injury Crash,No,2009,0,North,0,0,0,Hill Road,0,,0,,0,Overcast,427800,0,0,0,2,0,0,0,0,1,,0,0,Auckland Region,Nil,2-way,Sealed,0,0,0,0,50,0,Off,0,0,,76,Auckland,Nil,0,0,0,0,0,0,Urban,0,0,0,Fine,Null
1769180,5901154,8546,,524901,0,,0,0,,East,2009/2010,HALVER ROAD,KNOX ROAD,,Non-Injury Crash,No,2009,,West,,0,,Hill Road,,,,,,Bright sun,757200,0,0,0,1,,,0,,,,,,Auckland Region,Nil,2-way,Sealed,,0,0,,50,,Off,1,0,,76,Auckland,Nil,,,,,0,0,Urban,1,,,Fine,Null
1755342,5921914,8547,,515202,0,,0,2,,North,2009/2010,SH 1N,CURRAN ON NBD,,Non-Injury Crash,Yes,2009,,North,,0,,Flat,,Christmas New Year,,,,Overcast,423600,0,0,0,8,,,0,,,,,,Auckland Region,Bridge,2-way,Sealed,,0,0,,80,,Off,0,0,,76,Auckland,Nil,,,,,0,0,Open,0,,,Fine,Null
1758971,5920416,8548,,515902,0,,0,1,,Null,2009/2010,SH 16,GLADSTONE ROAD,,Non-Injury Crash,Yes,2009,,South,,0,,Flat,,,,,,Bright sun,453200,0,0,0,2,,,0,,,,,,Auckland Region,Nil,2-way,Sealed,,0,0,,50,,Off,1,0,,76,Auckland,Nil,,,,,0,0,Urban,0,,,Fine,Null
1766553,5905945,8549,,522302,0,,0,1,,Null,2008/2009,GREAT SOUTH ROAD,CARLIE ST,,Non-Injury Crash,No,2009,,West,,0,,Flat,,,,,,Bright sun,669200,0,0,0,3,,,0,,,,,,Auckland Region,Nil,2-way,Sealed,,0,0,,50,,Null,1,0,,76,Auckland,Stop,,,,,0,0,Urban,0,,,Fine,Null
1753720,5914526,8550,,518801,0,,0,2,,West,2009/2010,STODDARD ROAD,SANDRINGHAM ROAD,,Non-Injury Crash,No,2009,,East,,0,,Flat,,,,,,Dark,578500,0,0,0,2,,,0,,,,,,Auckland Region,Nil,2-way,Sealed,,0,0,,50,,On,0,0,,76,Auckland,Nil,,,,,0,0,Urban,0,,,Fine,Null
1772772,5896429,8551,,525410,0,,0,2,,Null,2009/2010,BROADWAY,OSHANNESSEY ST,,Non-Injury Crash,No,2009,,East,,0,,Flat,,,,,,Bright sun,793000,0,0,0,4,,,0,,,,,,Auckland Region,Nil,2-way,Sealed,,0,0,,50,,Off,0,0,,76,Auckland,Traffic Signals,,,,,0,0,Urban,0,,,Fine,Null
1755618,5922373,8552,,515202,0,,0,2,,North,2009/2010,SH 1N,SHELLY BEACH OBR,,Non-Injury Crash,Yes,2009,,South,,0,,Flat,,,,,,Bright sun,423600,0,0,0,5,,,0,,,,,,,Bridge,1-way,Sealed,,0,0,,80,,Off,0,0,,76,Auckland,Nil,,,,,0,0,Open,0,,,Fine,Null
1756388,5920193,8553,,514000,0,,0,3,,West,2009/2010,WELLINGTON ON NBD,SH 1N,,Non-Injury Crash,Yes,2009,,North,,0,,Hill Road,,,,,,Bright sun,416800,0,0,0,2,,,0,,,,,,Auckland Region,Motorway ramp,1-way,Sealed,,0,0,,50,,Null,0,0,,76,Auckland,Traffic Signals,,,,,0,0,Urban,0,,,Fine,Null
1745346,5920835,8554,,513301,0,,0,3,,West,2009/2010,SH 16,LINCOLN OBR,,Non-Injury Crash,Yes,2009,,East,,0,,Hill Road,,,,,,Bright sun,231700,0,0,0,3,,,0,,,,,,Auckland Region,Nil,1-way,Sealed,,0,0,,100,,Null,0,0,,76,Auckland,Unknown,,,,,0,0,Open,0,,,Fine,Null
1749377,5911985,8555,,511402,0,,0,2,,East,2009/2010,GOLF ROAD,GILLIAM ST,,Non-Injury Crash,No,2009,,East,,0,,Hill Road,,,,,,Bright sun,261100,0,0,0,2,,,0,,,,,,Auckland Region,Nil,2-way,Sealed,,0,0,,50,,Null,0,0,,76,Auckland,Unknown,,,,,0,0,Urban,0,,,Fine,Null
1883469,5774445,8556,,539400,0,,0,1,,Null,2008/2009,SH 5,SUNSET ROAD,,Non-Injury Crash,Yes,2009,,North,,0,,Flat,,,,,,Overcast,1225100,0,0,0,2,,,0,,,,,,Bay of Plenty Region,Nil,2-way,Sealed,,0,0,,60,,Null,1,0,,24,Rotorua District,Traffic Signals,,,,,0,0,Urban,0,,,Fine,Null
1760573,5879239,8557,,521121,0,0,0,1,0,East,2008/2009,WAIUKU ROAD,BALD HILL ROAD N,,Non-Injury Crash,No,2009,0,West,1,0,0,Flat,0,,0,,0,Dark,812301,0,0,0,1,0,0,0,0,0,,0,0,Auckland Region,Nil,2-way,Unsealed,0,0,0,0,100,0,None,0,0,30,76,Auckland,Nil,0,0,0,0,0,0,Open,0,0,0,Fine,Null
1768587,5900756,8558,,525001,0,,0,1,,North,2009/2010,SELWYN ROAD,WEYMOUTH ROAD,,Non-Injury Crash,No,2009,,North,,0,,Flat,,,,,,Overcast,752100,0,0,0,2,,,0,,,,,,Auckland Region,Nil,2-way,Sealed,,0,0,,50,,Null,0,0,,76,Auckland,Unknown,,,,,1,0,Urban,0,,,Fine,Null
1757921,5928758,8559,,507800,0,,0,2,,Null,2009/2010,KITCHENER ROAD,SALTBURN ROAD,,Non-Injury Crash,No,2009,,East,,0,,Flat,,,,,,Bright sun,309800,0,0,0,2,,,0,,,,,,Auckland Region,Nil,2-way,Sealed,,0,0,,50,,Null,0,0,,76,Auckland,Give way,,,,,0,0,Urban,0,,,Fine,Null
1753414,5929778,8560,,508411,0,,0,2,,Null,2009/2010,GLENFIELD ROAD,SUNSET ROAD,,Non-Injury Crash,No,2009,,South,,0,,Flat,,,,,,Twilight,183902,0,0,0,4,,,0,,,,,,Auckland Region,Nil,2-way,Sealed,,0,0,,50,,Off,0,0,,76,Auckland,Give way,,,,,0,0,Urban,0,,,Fine,Null
1733153,5929312,8561,,505601,1,,0,1,,East,2009/2010,FRESHFIELDS ROAD,MURIWAI ROAD,,Non-Injury Crash,No,2009,,South,,0,,Flat,,,,,,Overcast,216103,0,0,0,2,,,0,,,,,,Auckland Region,Nil,2-way,Sealed,,0,0,,50,,Null,0,0,,76,Auckland,Unknown,,,,,0,0,Urban,0,,,Fine,Null
1719113,6045129,8562,,503600,0,,0,1,,Null,2008/2009,ANZAC ROAD,MORNINGSIDE ROAD,,Non-Injury Crash,No,2009,,North,,0,,Hill Road,,,,,,Bright sun,104100,0,0,0,4,,,0,,,,,,Northland Region,Nil,2-way,Sealed,,0,0,,50,,Off,0,0,,2,Whangarei District,Stop,,,,,0,0,Urban,1,,,Fine,Null
1769890,5899297,8563,,523920,0,,0,1,,South,2009/2010,SH 1N,TAKANINI OFF SBD,,Non-Injury Crash,Yes,2009,,South,,0,,Flat,,Christmas New Year,,,,Bright sun,768005,0,0,0,2,,,0,,,,,,Auckland Region,Motorway ramp,1-way,Sealed,,0,0,,100,,Null,0,0,,76,Auckland,Unknown,,,,,0,0,Open,1,,,Fine,Null
1751302,5434747,8564,,573700,0,,0,2,,West,2008/2009,BRODERICK ROAD,GOTHIC ST,,Non-Injury Crash,No,2009,,West,,0,,Flat,,,,,,Bright sun,2082900,0,0,0,2,,,0,,,,,,Wellington Region,Nil,2-way,Sealed,,0,0,,50,,Null,0,0,,47,Wellington City,Nil,,,,,0,0,Urban,0,,,Fine,Null
1880755,5829930,8565,,536810,0,0,0,2,0,South,2008/2009,MAUNGANUI ROAD,GRACE AVENUE,,Non-Injury Crash,No,2009,0,North,0,0,0,Flat,0,,0,,0,Dark,1194700,0,0,0,2,0,0,0,0,1,,0,0,Bay of Plenty Region,Nil,2-way,Sealed,0,0,0,0,50,0,On,0,0,,23,Tauranga City,Unknown,0,0,0,0,0,0,Urban,0,0,0,Fine,Null
1761074,5914348,8566,,520202,0,0,0,2,0,Null,2009/2010,GREAT SOUTH ROAD,GT SOUTH LINK,,Non-Injury Crash,No,2009,0,West,0,0,1,Flat,0,,0,,0,Dark,612300,0,0,0,4,0,0,0,0,1,,0,0,Auckland Region,Nil,2-way,Sealed,0,0,0,0,50,0,On,0,0,,76,Auckland,Give way,0,0,0,0,0,0,Urban,0,0,0,Light rain,Null
1782035,5485488,8567,,564400,0,0,1,1,0,North,2008/2009,SH 1N,ARTHUR ST,,Non-Injury Crash,Yes,2009,0,North,0,0,0,Flat,0,,0,,0,Bright sun,1879300,0,0,0,2,0,0,0,0,1,,0,0,Wellington Region,Nil,2-way,Sealed,0,0,0,0,50,0,Null,0,0,,43,Kapiti Coast District,Nil,0,0,0,0,0,0,Urban,0,0,0,Fine,Null
1772423,5896303,8568,,525410,0,,0,1,,Null,2008/2009,WOOD ST,ELLIOT ST,,Non-Injury Crash,No,2009,,East,,0,,Flat,,,,,,Overcast,791900,0,0,0,2,,,0,,,,,,Auckland Region,Nil,2-way,Sealed,,0,0,,50,,Null,0,0,,76,Auckland,Give way,,,,,0,0,Urban,1,,,Light rain,Null
1751198,5915037,8569,,514402,0,,0,2,,Null,2009/2010,GREAT NORTH ROAD,ST JUDE ST,,Non-Injury Crash,No,2009,,South,,0,,Flat,,,,,,Overcast,381000,0,0,0,2,,,0,,,,,,Auckland Region,Nil,1-way,Sealed,,0,0,,50,,Off,0,0,,76,Auckland,Give way,,,,,0,0,Urban,0,,,Fine,Null
1772957,5891281,8570,,521301,0,0,0,1,0,North,2008/2009,SH 1N,DRURY ON SBD,,Non-Injury Crash,Yes,2009,0,South,0,0,0,Flat,0,,0,,0,Bright sun,809005,0,0,0,2,0,1,0,0,0,,0,0,Auckland Region,Nil,1-way,Sealed,0,0,0,0,100,0,Off,0,0,,76,Auckland,Nil,0,0,0,0,1,0,Open,0,0,0,Fine,Null
1756212,5924250,8571,,509702,0,,0,1,,South,2009/2010,SH 1N,ONEWA OFF NBD,,Non-Injury Crash,Yes,2009,,North,,0,,Flat,,,,,,Overcast,366700,0,0,0,4,,,0,,,,,,Auckland Region,Nil,1-way,Sealed,,0,0,,100,,Off,0,0,,76,Auckland,Nil,,,,,0,0,Open,0,,,Light rain,Null
1889518,5821724,8572,,536517,0,0,0,2,0,East,2008/2009,PACIFIC COVE DRIVE,CARLSBERG PLACE,,Non-Injury Crash,No,2009,0,East,0,0,0,Flat,0,,0,,0,Overcast,1205058,0,0,0,2,0,0,0,0,0,,0,0,Bay of Plenty Region,Nil,2-way,Sealed,0,0,0,0,50,0,Null,0,0,,23,Tauranga City,Unknown,0,0,0,0,0,0,Urban,0,1,0,Fine,Null
1764399,5912231,8573,,520500,0,,0,2,,Null,2009/2010,SH 1N,MT WGTN OFF NBD,,Non-Injury Crash,Yes,2009,,North,,0,,Flat,,,,,,Twilight,639500,0,0,0,6,,,0,,,,,,Auckland Region,Nil,2-way,Sealed,,0,0,,100,,On,0,0,,76,Auckland,Nil,,,,,0,0,Open,0,,,Fine,Null
1813208,5804618,8574,,527133,0,,0,2,,Null,2008/2009,SH 1N,FORREST ROAD,,Non-Injury Crash,Yes,2009,,South,,0,,Flat,,,,,,Bright sun,959901,0,0,0,2,,,0,,,,,,Waikato Region,Nil,2-way,Sealed,,0,0,,100,,Null,0,0,,17,Waipa District,Stop,,,,,0,0,Open,0,,,Fine,Null
1835741,5784628,8575,65,535250,0,0,0,1,0,West,2008/2009,ARAPUNI ROAD,WAIPA STRM BR,,Non-Injury Crash,No,2009,0,East,0,0,0,Flat,0,,0,,0,Bright sun,1125500,0,0,0,2,0,0,0,0,0,,0,0,Waikato Region,Nil,2-way,Sealed,0,0,0,0,100,0,Null,0,0,,19,South Waikato District,Unknown,0,0,0,1,0,0,Open,0,0,0,Fine,Frost
1825269,5839354,8576,,534603,0,0,0,1,0,North,2008/2009,SH 27,HORRELL ROAD,,Non-Injury Crash,Yes,2009,0,North,1,0,1,Flat,0,,0,,0,Overcast,1094600,0,0,0,2,0,0,0,0,0,,0,0,Waikato Region,Nil,2-way,Sealed,0,0,0,0,100,0,Null,0,0,,15,Matamata-Piako District,Unknown,0,0,0,0,0,0,Open,0,0,0,Light rain,Null
1768756,5442185,8577,,564530,0,0,0,2,0,South,2008/2009,FIELD ST,KURTH CRESCENT,,Non-Injury Crash,No,2009,0,North,0,0,0,Hill Road,0,Christmas New Year,0,,0,Overcast,1902104,0,0,0,2,0,1,0,0,1,,0,0,Wellington Region,Nil,2-way,Sealed,0,0,0,0,50,0,Null,0,0,,45,Upper Hutt City,Nil,0,0,0,0,0,0,Urban,0,0,0,Light rain,Null
1461045,5121557,8578,,598312,0,,0,0,,East,2008/2009,SH 79,ORARI BACK ROAD,,Non-Injury Crash,Yes,2009,,East,,0,,Flat,,Christmas New Year,,,,Bright sun,2761700,0,0,1,2,,,0,,,,,,Canterbury Region,Bridge,2-way,Sealed,,0,0,,100,,Null,1,0,,64,Timaru District,Unknown,,,,,0,0,Open,0,,,Fine,Null
2022268,5738281,8579,,543601,0,0,0,1,0,South,2009/2010,WHATATUTU ROAD,PUHA SETTLEMENT ROAD,,Non-Injury Crash,No,2009,0,South,0,0,0,Flat,0,,0,,0,Dark,1354400,0,0,0,2,0,0,0,1,0,,0,0,Gisborne Region,Nil,2-way,Sealed,0,0,0,0,100,0,None,0,0,,28,Gisborne District,Nil,0,0,0,0,0,0,Open,0,0,0,Light rain,Null
1758270,5911831,8580,,519810,0,,0,2,,East,2008/2009,SH 20,QUEENSTOWN OBR,,Non-Injury Crash,Yes,2009,,North,,0,,Flat,,,,,,Dark,602501,0,0,0,2,,,0,,,,,,Auckland Region,Nil,1-way,Sealed,,0,0,,100,,On,0,0,80,76,Auckland,Nil,,,,,0,0,Open,0,,,Fine,Null
1885183,5773995,8581,,540410,1,,0,1,,Null,2008/2009,FENTON ST,PUKUATUA ST,,Non-Injury Crash,No,2009,,North,,0,,Flat,,,,,,Bright sun,1233900,0,0,0,4,,,0,,,,,,Bay of Plenty Region,Nil,2-way,Sealed,,0,0,,50,,Off,0,0,,24,Rotorua District,Give way,,,,,0,0,Urban,0,,,Fine,Null
1242292,4852188,8582,,610602,0,,0,1,,North,2008/2009,SH 6,BAY ROAD,,Minor Crash,Yes,2009,,South,,0,,Flat,,,,,,Overcast,3103900,1,0,0,4,,,0,,,,,,Southland Region,Nil,2-way,Sealed,,0,0,,50,,Null,0,0,,75,Invercargill City,Traffic Signals,,,,,0,0,Urban,1,,,Light rain,Null
1407427,4919042,8583,,603300,0,,0,2,,East,2009/2010,OPOHO ROAD,NORTH ROAD,,Minor Crash,No,2009,,East,,0,,Flat,,,,,,Overcast,2870800,1,0,0,2,,,0,,,,,,Otago Region,Nil,2-way,Sealed,,0,0,,50,,Null,0,0,,71,Dunedin City,Nil,,,,,0,0,Urban,0,,,Fine,Null
1763130,5905914,8584,,524303,0,,0,2,,Null,2009/2010,PORTAGE ROAD,CLAUDE AVENUE,,Non-Injury Crash,No,2009,,West,,0,,Flat,,,,,,Dark,656200,0,0,0,1,,,0,,,,,,Auckland Region,Nil,2-way,Sealed,,0,0,,50,,On,0,0,,76,Auckland,Stop,,,,,0,0,Urban,0,,,Mist or Fog,Null
1676600,6113178,8585,,500402,0,,0,0,,Null,2009/2010,SH 10,MATAURI LINK ROAD,,Non-Injury Crash,Yes,2009,,East,,0,,Hill Road,,,,,,Bright sun,20300,0,0,0,2,,,1,,,,,,Northland Region,Nil,2-way,Sealed,,0,0,,100,,Null,0,0,,1,Far North District,Nil,,,,,0,0,Open,1,,,Fine,Null
1719271,6049110,8586,,502400,0,0,0,1,0,East,2008/2009,MATAI ST,WILLIAM JONES DRIVE E,,Non-Injury Crash,No,2009,0,East,0,0,1,Flat,0,,0,,0,Overcast,94100,0,0,0,2,0,0,0,0,0,,0,0,Northland Region,Nil,2-way,Sealed,0,0,0,0,50,0,Off,0,0,,2,Whangarei District,Nil,0,0,0,0,0,0,Urban,0,0,0,Fine,Null
1760609,5435291,8587,,568602,0,0,0,1,0,Null,2008/2009,CAMBRIDGE TERRACE,GUTHRIE ST,,Non-Injury Crash,No,2009,0,South,0,0,0,Flat,0,,0,,0,Twilight,1971800,0,0,0,2,0,0,0,0,0,,0,0,Wellington Region,Nil,2-way,Sealed,0,0,0,0,50,0,Off,0,0,,46,Lower Hutt City,Give way,1,0,0,0,0,0,Urban,0,0,0,Fine,Null
1769862,5914774,8588,,522722,0,,0,1,,Null,2009/2010,PAKURANGA ROAD,AVIEMORE DRIVE,,Non-Injury Crash,No,2009,,East,,0,,Flat,,,,,,Bright sun,681324,0,0,0,6,,,0,,,,,,Auckland Region,Nil,2-way,Sealed,,0,0,,60,,Off,1,0,,76,Auckland,Traffic Signals,,,,,0,0,Urban,0,,,Fine,Null
1748452,5913939,8589,,511302,0,,0,2,,Null,2009/2010,GREAT NORTH ROAD,LYNWOOD ROAD,,Non-Injury Crash,No,2009,,East,,0,,Hill Road,,,,,,Overcast,269300,0,0,0,4,,,0,,,,,,Auckland Region,Nil,2-way,Sealed,,0,0,,50,,Null,0,0,,76,Auckland,Give way,,,,,0,0,Urban,0,,,Fine,Null
1406867,4917038,8590,,603100,0,,0,1,,North,2009/2010,SH 88 ANZAC,ST ANDREW ST,,Serious Crash,Yes,2009,,North,,0,,Flat,,,,,,Bright sun,2901800,0,0,0,2,,,0,,,,,,Otago Region,Nil,2-way,Sealed,,0,1,,50,,Null,0,0,,71,Dunedin City,Unknown,,,,,1,0,Urban,0,,,Fine,Null
1406156,4916518,8591,,603000,0,,0,1,,East,2009/2010,RATTRAY ST,PRINCES ST,,Minor Crash,No,2009,,West,,0,,Flat,,,,,,Bright sun,2899600,1,0,0,4,,,0,,,1,,,Otago Region,Nil,2-way,Sealed,,0,0,,50,,Null,0,0,,71,Dunedin City,Traffic Signals,,,,,0,0,Urban,0,,,Fine,Null
1766335,5903424,8592,,524604,0,,0,2,,Null,2009/2010,WIRI STATION ROAD,PLUNKET AVENUE,,Non-Injury Crash,No,2009,,West,,0,,Flat,,,,,,Overcast,780403,0,0,0,4,,,0,,,,,,Auckland Region,Nil,2-way,Sealed,,0,0,,70,,Off,0,0,,76,Auckland,Traffic Signals,,,,,0,0,Urban,0,,,Fine,Null
1740413,5929304,8593,,505604,0,0,0,1,0,South,2009/2010,OLD NORTH ROAD,RIVERHEAD ROAD,,Non-Injury Crash,No,2009,0,South,1,0,0,Flat,0,,0,,0,Twilight,214202,0,0,0,2,0,0,0,0,0,,0,0,Auckland Region,Nil,2-way,Sealed,0,0,0,0,80,0,On,0,0,,76,Auckland,Nil,0,0,0,0,0,0,Open,0,0,0,Light rain,Null
1438132,5117251,8594,65,600323,0,0,0,0,0,East,2008/2009,SH 79,GUDEX ROAD,,Non-Injury Crash,Yes,2009,0,West,0,0,1,Flat,0,,0,,0,Dark,2807000,0,0,0,2,0,0,0,0,0,,0,0,Canterbury Region,Nil,2-way,Sealed,0,0,0,0,100,0,None,0,0,,65,Mackenzie District,Unknown,0,1,0,0,0,0,Open,1,0,0,Fine,Frost
1751439,5424250,8595,,577200,0,,0,2,,Null,2008/2009,SH 1N,WEXFORD ROAD,,Non-Injury Crash,Yes,2009,,North,,0,,Hill Road,,,,,,Bright sun,2206300,0,0,0,2,,,0,,,,,,Wellington Region,Nil,2-way,Sealed,,0,0,,70,,Null,0,0,,47,Wellington City,Stop,,,,,0,0,Urban,0,,,Fine,Null
1763199,5920431,8596,,516500,0,,0,1,,East,2009/2010,TAMAKI DRIVE,ATKIN AVENUE,,Non-Injury Crash,No,2009,,East,,0,,Flat,,,,,,Bright sun,500600,0,0,0,2,,,0,,,,,,Auckland Region,Nil,2-way,Sealed,,0,0,,50,,Off,0,0,,76,Auckland,Nil,,,,,0,0,Urban,1,,,Fine,Null
1754319,5928632,8597,,508320,0,0,0,2,0,West,2009/2010,WELDENE AVENUE,HATHERLOW ST E,,Non-Injury Crash,No,2009,0,West,0,0,0,Hill Road,0,,0,,0,Dark,197802,0,0,0,2,0,0,0,0,1,,0,0,Auckland Region,Nil,2-way,Sealed,0,0,0,0,50,0,On,0,0,,76,Auckland,Nil,0,0,0,0,0,0,Urban,0,0,0,Fine,Null
1870840.8444,5816759.9991,8598,75,536514,0,,0,2,,East,2008/2009,SH 29,BELK ROAD,,Non-Injury Crash,Yes,2009,,East,,0,,Hill Road,,,,,,Overcast,1191202,0,0,0,2,,,0,,,,,,Bay of Plenty Region,Nil,2-way,Sealed,,0,0,,100,,None,0,0,,23,Tauranga City,Stop,,,,,0,0,Open,0,,,Light rain,Null
1454865,5297846,8599,,584911,0,0,0,0,0,East,2009/2010,SH 7,SH 6,,Serious Crash,Yes,2009,0,West,1,0,0,Flat,0,,0,,0,Bright sun,2413203,1,0,0,2,0,0,0,0,0,,0,0,West Coast Region,Nil,2-way,Sealed,0,0,1,0,80,0,Null,0,0,,56,Grey District,Unknown,0,0,0,0,1,0,Open,0,0,0,Fine,Null
1893717,5812372,8600,,538502,0,,0,2,,Null,2009/2010,TE PUKE HIGHWAY,NO 1 ROAD,,Non-Injury Crash,No,2009,,North,,0,,Flat,,,,,,Bright sun,1210900,0,0,0,2,,,0,,,,,,Bay of Plenty Region,Nil,2-way,Sealed,,0,0,,80,,Off,0,0,,22,Western Bay of Plenty District,Stop,,,,,0,0,Open,0,,,Fine,Null
1679136,5665447,8601,,551112,0,0,0,1,1,North,2008/2009,SH 45,TIMARU ROAD,,Non-Injury Crash,Yes,2009,0,North,0,0,0,Hill Road,0,,0,,0,Dark,1554201,0,0,0,2,0,0,0,0,0,,0,0,Taranaki Region,Nil,2-way,Sealed,0,0,0,0,100,0,None,0,0,,33,New Plymouth District,Nil,0,0,0,0,0,0,Open,0,0,0,Fine,Null
1703409,5680199,8602,,551013,0,0,0,2,0,Null,2009/2010,Z CPK REST AREA,SH 3/SH 3A,,Non-Injury Crash,No,2009,0,East,0,0,0,Flat,0,,0,,0,Bright sun,1562602,0,0,0,2,0,0,0,0,1,,0,0,Taranaki Region,Nil,Off road,Sealed,0,0,0,0,100,0,Null,0,0,,33,New Plymouth District,Give way,0,0,0,0,0,0,Open,0,0,0,Fine,Null
1768426,5900639,8603,,525001,0,,0,2,,North,2009/2010,RUSSELL ROAD,WEYMOUTH ROAD,,Non-Injury Crash,No,2009,,South,,0,,Flat,,Christmas New Year,,,,Overcast,752400,0,0,0,3,,,0,,,,,,Auckland Region,Nil,2-way,Sealed,,0,0,,50,,Off,0,0,,76,Auckland,Traffic Signals,,,,,0,0,Urban,0,,,Fine,Null
1758313,5917690,8604,,515700,0,,0,0,,South,2008/2009,SH 1N,MOUNTAIN OBR,,Non-Injury Crash,Yes,2009,,North,,0,,Flat,,,,,,Overcast,443401,0,0,0,3,,,0,,,,,,Auckland Region,Nil,1-way,Sealed,,0,0,,100,,Null,1,0,,76,Auckland,Unknown,,,,,0,0,Open,1,,,Fine,Null
1891398,5814071,8605,,538501,0,,0,1,,North,2008/2009,TE PUKE HIGHWAY,TE PUKE QUARRY ROAD,,Non-Injury Crash,No,2009,,North,,0,,Flat,,,,,,Bright sun,1207102,0,0,0,2,,,0,,,,,,Bay of Plenty Region,Nil,2-way,Sealed,,0,0,,70,,Null,0,0,,22,Western Bay of Plenty District,Unknown,,,,,0,0,Urban,1,,,Fine,Null
1744983,5914227,8606,,512905,0,0,0,1,0,North,2008/2009,PARRS CROSS ROAD,WEST COAST ROAD,,Non-Injury Crash,No,2009,0,North,0,0,1,Hill Road,0,,0,,0,Dark,278904,0,0,0,2,0,1,0,0,0,,0,0,Auckland Region,Nil,2-way,Sealed,0,0,0,0,50,0,On,0,0,,76,Auckland,Unknown,0,0,0,0,0,0,Urban,0,0,0,Light rain,Null
1748226,5961117,8607,35,506613,0,,0,0,,South,2008/2009,SH 1N,SCHOLLUM ACCESS ROAD,,Non-Injury Crash,Yes,2009,,South,,0,,Hill Road,,,,,,Dark,147107,0,0,0,2,,,0,,,,,,Auckland Region,Nil,2-way,Sealed,,0,0,,100,,None,1,0,,76,Auckland,Nil,,,,,0,0,Open,1,,,Light rain,Null
1793549,5909203,8608,,525202,0,,0,1,,East,2009/2010,KAWAKAWA BAY COAST ROAD,KARAKA ROAD,,Non-Injury Crash,No,2009,,North,,0,,Flat,,,,,,Bright sun,765004,0,0,0,2,,,0,,,,,,Auckland Region,Nil,2-way,Sealed,,0,0,,50,,None,1,0,,76,Auckland,Nil,,,,,0,0,Urban,0,,,Fine,Null