X,Y,OBJECTID,advisorySpeed,areaUnitID,bicycle,bridge,bus,carStationWagon,cliffBank,crashDirectionDescription,crashFinancialYear,crashLocation1,crashLocation2,crashRoadSideRoad,crashSeverity,crashSHDescription,crashYear,debris,directionRoleDescription,ditch,fatalCount,fence,flatHill,guardRail,holiday,houseOrBuilding,intersection,kerb,light,meshblockId,minorInjuryCount,moped,motorcycle,NumberOfLanes,objectThrownOrDropped,otherObject,otherVehicleType,overBank,parkedVehicle,pedestrian,phoneBoxEtc,postOrPole,region,roadCharacter,roadLane,roadSurface,roadworks,schoolBus,seriousInjuryCount,slipOrFlood,speedLimit,strayAnimal,streetLight,suv,taxi,temporarySpeedLimit,tlaId,tlaName,trafficControl,trafficIsland,trafficSign,train,tree,truck,unknownVehicleType,urban,vanOrUtility,vehicle,waterRiver,weatherA,weatherB
1749927,5914026,8609,,511303,0,0,0,1,0,West,2009/2010,GREAT NORTH ROAD,MEMORIAL SQUARE,,Non-Injury Crash,No,2009,0,North,0,0,0,Flat,0,,0,,0,Overcast,266000,0,0,0,4,0,0,0,0,1,,0,0,Auckland Region,Nil,2-way,Sealed,0,0,0,0,50,0,Null,0,0,,76,Auckland,Nil,0,0,0,0,1,0,Urban,0,0,0,Null,Null
1758615,5426224,8610,,570300,0,0,0,0,0,South,2008/2009,MURITAI ROAD,KONINI ST,,Non-Injury Crash,No,2009,0,North,0,0,1,Flat,0,,0,,0,Bright sun,1985000,0,0,0,2,0,0,0,0,0,,1,0,Wellington Region,Nil,2-way,Sealed,0,0,0,0,50,0,Null,0,0,,46,Lower Hutt City,Nil,0,0,0,0,1,0,Urban,0,0,0,Fine,Null
1757956,5919081,8611,,515902,0,0,0,2,0,Null,2009/2010,KIOSK ROAD,GRANDSTAND ROAD NORTH,,Non-Injury Crash,No,2009,0,West,0,0,0,Flat,0,,0,,0,Overcast,451400,0,0,0,1,0,0,0,0,1,,0,0,Auckland Region,Nil,1-way,Sealed,0,0,0,0,50,0,Off,0,0,,76,Auckland,Nil,0,0,0,0,0,0,Urban,0,0,0,Fine,Null
1744504,5922538,8612,,513530,0,,0,0,,Null,2008/2009,ROYAL ROAD,ROYAL ON EBD W,,Non-Injury Crash,Yes,2009,,West,,0,,Flat,,,,,,Bright sun,225802,0,0,0,4,,,0,,,,,,Auckland Region,Motorway ramp,2-way,Sealed,,0,0,,50,,Off,1,0,,76,Auckland,Give way,,,,,0,0,Urban,1,,,Fine,Null
1729984,6057311,8613,,501814,0,0,0,1,0,West,2009/2010,OLD KAIATEA ROAD,KAIATEA ROAD,,Non-Injury Crash,No,2009,0,South,1,0,0,Flat,0,,0,,0,Overcast,62705,0,0,0,1,0,0,0,0,0,,0,0,Northland Region,Nil,2-way,Unsealed,0,0,0,0,100,0,None,0,0,,2,Whangarei District,Nil,0,0,0,0,0,0,Open,0,0,0,Fine,Null
1759008,5912439,8614,,519820,0,0,0,2,0,Null,2009/2010,ONEHUNGA MALL,ARTHUR ST,,Non-Injury Crash,No,2009,0,South,0,0,0,Hill Road,0,,0,,0,Bright sun,600500,0,0,0,2,0,0,0,0,0,,0,0,Auckland Region,Nil,2-way,Sealed,0,0,0,0,50,0,Null,0,0,,76,Auckland,Give way,0,0,0,0,0,0,Urban,0,1,0,Fine,Null
1775915,5881933,8615,,521160,0,,0,1,,West,2009/2010,MILL ROAD,MILL OFF NBD,,Non-Injury Crash,No,2009,,West,,0,,Flat,,,,,,Overcast,827603,0,0,0,2,,,0,,,,,,Auckland Region,Nil,2-way,Sealed,,0,0,,70,,Off,0,0,,76,Auckland,Nil,,,,,1,0,Urban,0,,,Fine,Null
1756784,5919731,8616,,514102,0,,0,1,,North,2009/2010,PITT ST,GREYS AVENUE,,Non-Injury Crash,No,2009,,South,,0,,Hill Road,,,,,,Overcast,435500,0,0,0,4,,,0,,,,,,Auckland Region,Nil,2-way,Sealed,,0,0,,50,,Off,1,0,,76,Auckland,Nil,,,,,0,0,Urban,0,,,Fine,Null
1575157,5178062,8617,,594020,0,,0,1,,Null,2008/2009,SH 74,SH 74A,,Non-Injury Crash,Yes,2009,,North,,0,,Flat,,,,,,Bright sun,2589404,0,0,0,2,,,0,,,,,,Canterbury Region,Nil,2-way,Sealed,,0,0,,70,,Null,0,0,,60,Christchurch City,Give way,,,,,0,0,Urban,1,,,Fine,Null
1743804,5919225,8618,,513212,0,,0,2,,Null,2009/2010,SWANSON ROAD,METCALFE ROAD,,Non-Injury Crash,No,2009,,North,,0,,Flat,,,,,,Dark,235600,0,0,0,2,,,0,,,,,,Auckland Region,Nil,2-way,Sealed,,0,0,,50,,On,0,0,,76,Auckland,Give way,,,,,0,0,Urban,0,,,Fine,Null
1800894,5812618,8619,,529200,0,,0,2,,Null,2009/2010,SH 3,SH3 ON RAMP,,Non-Injury Crash,Yes,2009,,North,,0,,Flat,,,,,,Bright sun,928100,0,0,0,2,,,0,,,,,,Waikato Region,Nil,2-way,Sealed,,0,0,,50,,Null,0,0,,16,Hamilton City,Give way,,,,,0,0,Urban,0,,,Fine,Null
1731937,6015766,8620,,501816,0,0,0,0,0,West,2008/2009,COVE ROAD,FLAGSTAFF TERRACE,,Non-Injury Crash,No,2009,0,West,1,0,0,Flat,0,,0,,0,Overcast,80800,0,0,0,2,0,0,0,0,0,,0,0,Northland Region,Nil,2-way,Sealed,0,0,0,0,100,0,None,1,0,,2,Whangarei District,Nil,0,0,0,0,0,0,Open,0,0,0,Heavy rain,Strong wind
1771371,5881681,8621,,521111,0,,0,3,,West,2009/2010,PUKEKOHE EAST ROAD,VALLEY ROYAL WAY,,Non-Injury Crash,No,2009,,East,,0,,Hill Road,,,,,,Bright sun,826909,0,0,0,3,,,0,,,,,,Auckland Region,Nil,2-way,Sealed,,0,0,,100,,None,0,0,,76,Auckland,Nil,,,,,0,0,Open,0,,,Fine,Null
1762121,5914756,8622,,520202,0,,0,2,,Null,2008/2009,ELLERSLIE-PANMURE HIGHWAY,EAGLEHURST ROAD,,Non-Injury Crash,No,2009,,West,,0,,Hill Road,,,,,,Bright sun,610700,0,0,0,4,,,0,,,,,,Auckland Region,Nil,2-way,Sealed,,0,0,,50,,Null,0,0,,76,Auckland,Stop,,,,,0,0,Urban,0,,,Fine,Null
1875276,5823864,8623,,536514,0,0,0,1,0,South,2009/2010,CARMICHAEL ROAD,MAYFIELD LANE,,Non-Injury Crash,No,2009,0,South,0,0,1,Flat,0,,0,,0,Dark,1190302,0,0,0,2,0,0,0,0,0,,0,0,Bay of Plenty Region,Nil,2-way,Sealed,0,0,0,0,50,0,On,0,0,,23,Tauranga City,Unknown,0,0,0,0,0,0,Urban,0,0,0,Fine,Null
1799744,5831016,8624,,527123,0,0,0,1,1,North,2009/2010,SH 1B,BANKIER ROAD,,Non-Injury Crash,Yes,2009,0,East,0,0,0,Flat,0,,0,,0,Dark,949700,0,0,0,2,0,0,0,0,0,,0,0,Waikato Region,Nil,2-way,Unsealed,0,0,0,0,100,0,None,0,0,30,13,Waikato District,Unknown,0,0,0,0,0,0,Open,0,0,0,Light rain,Null
1691878,5675650,8625,,551900,0,,0,2,,East,2008/2009,VIVIAN ST,CUTFIELD ROAD,,Non-Injury Crash,No,2009,,West,,0,,Flat,,,,,,Bright sun,1589500,0,0,0,2,,,0,,,,,,Taranaki Region,Bridge,2-way,Sealed,,0,0,,50,,Null,0,0,,33,New Plymouth District,Nil,,,,,0,0,Urban,0,,,Fine,Null
1790267,5814443,8626,,527913,0,0,0,1,0,East,2009/2010,SH 23,EGAN ROAD,,Non-Injury Crash,Yes,2009,0,West,1,0,0,Flat,0,,0,,0,Dark,978500,0,0,0,2,0,0,0,0,0,,0,0,Waikato Region,Nil,2-way,Unsealed,0,0,0,0,80,0,Off,0,0,30,13,Waikato District,Nil,0,0,0,0,0,0,Open,0,0,0,Fine,Null
1742155,5916409,8627,,513020,0,0,0,1,0,North,2009/2010,CANDIA ROAD,STURGES ROAD,,Non-Injury Crash,No,2009,0,South,0,0,1,Flat,0,,0,,0,Overcast,279800,0,0,0,2,0,0,0,1,0,,0,0,Auckland Region,Nil,2-way,Sealed,0,0,0,0,70,0,None,0,0,,76,Auckland,Nil,0,0,0,0,0,0,Urban,0,0,0,Light rain,Null
1569382,5179944,8628,,591600,0,0,0,4,0,North,2008/2009,Z CPK CHCH WOMENS HOSPITA,RICCARTON AVENUE,,Minor Crash,No,2009,0,North,0,0,0,Flat,0,,0,,0,Overcast,2678500,1,0,0,2,0,0,0,0,2,,0,0,Canterbury Region,Nil,Off road,Sealed,0,0,0,0,30,0,Null,0,0,,60,Christchurch City,Unknown,0,0,0,0,0,0,Urban,0,0,0,Heavy rain,Null
1770597,5911032,8629,,523109,0,,0,2,,South,2009/2010,CHAPEL ROAD,TI RAKAU DRIVE,,Non-Injury Crash,No,2009,,North,,0,,Flat,,,,,,Overcast,712008,0,0,0,2,,,0,,,,,,Auckland Region,Nil,2-way,Sealed,,0,0,,70,,Off,0,0,,76,Auckland,Nil,,,,,0,0,Urban,0,,,Fine,Null
1718844,6048539,8630,,502300,0,,0,3,,South,2008/2009,SH 1N,KAMO ROAD,,Non-Injury Crash,Yes,2009,,South,,0,,Flat,,,,,,Overcast,90300,0,0,0,3,,,0,,,,,,Northland Region,Nil,2-way,Sealed,,0,0,,50,,None,0,0,,2,Whangarei District,Nil,,,,,0,0,Urban,0,,,Fine,Null
1758060,5917872,8631,,515700,0,,0,1,,North,2009/2010,SH 1N,GILLIES OBR,,Non-Injury Crash,Yes,2009,,North,,0,,Flat,,,,,,Twilight,443700,0,0,0,5,,,0,,,,,,Auckland Region,Nil,2-way,Sealed,,0,0,,80,,Off,0,0,,76,Auckland,Unknown,,,,,0,0,Open,1,,,Fine,Null
1930722,5605110,8632,,548200,0,0,0,1,0,Null,2008/2009,ALEXANDRA ST,HASTINGS ST NORTH,,Non-Injury Crash,No,2009,0,North,0,0,0,Flat,0,,0,,0,Bright sun,1494700,0,0,0,2,0,0,0,0,0,,0,1,Hawke's Bay Region,Nil,2-way,Sealed,0,0,0,0,50,0,Null,0,0,30,30,Hastings District,Give way,0,0,0,0,0,0,Urban,0,0,0,Fine,Null
1940195,5594277,8633,,545860,0,0,0,1,0,East,2008/2009,WAIMARAMA ROAD,OCEAN BEACH ROAD,,Non-Injury Crash,No,2009,0,East,0,0,1,Flat,0,Christmas New Year,0,,0,Dark,1467600,0,0,0,2,0,0,0,1,0,,0,0,Hawke's Bay Region,Nil,2-way,Sealed,0,0,0,0,100,0,None,0,0,,30,Hastings District,Nil,0,0,0,0,0,0,Open,0,0,0,Fine,Null
1761515,5912445,8634,,519500,0,0,0,0,0,South,2009/2010,NEILSON ST,CHURCH ST,,Non-Injury Crash,No,2009,0,North,0,0,0,Flat,0,,0,,0,Bright sun,622300,0,0,0,3,0,0,0,0,1,,0,0,Auckland Region,Nil,2-way,Sealed,0,0,0,0,50,0,Off,1,0,,76,Auckland,Traffic Signals,0,0,0,0,1,0,Urban,0,0,0,Fine,Null
1750563,5433343,8635,,574200,0,,0,2,,Null,2008/2009,ORISSA CRESCENT,RAJKOT TERRACE,,Non-Injury Crash,No,2009,,West,,0,,Hill Road,,,,,,Bright sun,2087700,0,0,0,2,,,0,,,,,,Wellington Region,Nil,2-way,Sealed,,0,0,,50,,Null,0,0,,47,Wellington City,Nil,,,,,0,0,Urban,0,,,Fine,Null
1403800,4918858,8636,,603920,0,0,0,1,0,North,2009/2010,WAKARI ROAD,TAIERI ROAD,,Minor Crash,No,2009,0,South,0,0,0,Hill Road,0,,0,,0,Dark,2889400,1,0,0,2,0,0,0,0,1,,0,0,Otago Region,Nil,2-way,Sealed,0,0,0,0,50,0,On,0,0,,71,Dunedin City,Unknown,0,0,0,0,1,0,Urban,0,0,0,Light rain,Frost
1600933,5448922,8637,,584303,0,0,0,1,0,South,2008/2009,SH 60,PAH ST,,Non-Injury Crash,Yes,2009,0,North,0,0,0,Flat,0,,0,,0,Overcast,2377800,0,0,0,2,0,0,0,0,1,,0,0,Tasman Region,Nil,2-way,Sealed,0,0,0,0,50,0,Null,0,0,,51,Tasman District,Nil,0,0,0,0,0,0,Urban,1,0,0,Fine,Null
1770978,5914586,8638,,521602,0,,0,2,,North,2008/2009,BOTANY ROAD,PAKURANGA ROAD,,Non-Injury Crash,No,2009,,South,,0,,Flat,,,,,,Bright sun,647702,0,0,0,2,,,0,,,,,,Auckland Region,Nil,2-way,Sealed,,0,0,,50,,Off,0,0,,76,Auckland,Give way,,,,,0,0,Urban,1,,,Fine,Null
1759009,5912429,8639,,519820,0,0,0,2,0,Null,2009/2010,ARTHUR ST,ONEHUNGA MALL,,Non-Injury Crash,No,2009,0,West,0,0,0,Flat,0,,0,,0,Overcast,601000,0,0,0,2,0,0,0,0,0,,0,0,Auckland Region,Nil,2-way,Sealed,0,0,0,0,50,0,Null,0,0,,76,Auckland,Nil,0,0,0,0,0,0,Urban,0,1,0,Light rain,Null
1823636,5464583,8640,,579100,0,0,1,2,0,North,2008/2009,AKURA ROAD,LINCOLN ROAD,,Non-Injury Crash,No,2009,0,West,0,0,0,Flat,0,,0,,0,Overcast,2247600,0,0,0,2,0,0,0,0,1,,0,0,Wellington Region,Nil,2-way,Sealed,0,0,0,0,50,0,Null,0,0,,48,Masterton District,Nil,0,0,0,0,0,0,Urban,0,0,0,Fine,Null
1245563,4841389,8641,,610074,0,0,0,1,0,West,2008/2009,KEKENO PLACE,SH 1S,,Non-Injury Crash,No,2009,0,North,0,0,1,Flat,0,,0,,0,Overcast,3160000,0,0,0,2,0,0,0,0,0,,0,0,Southland Region,Nil,2-way,Sealed,0,0,0,0,50,0,Null,0,0,,75,Invercargill City,Unknown,0,0,0,0,0,0,Urban,0,0,0,Light rain,Null
1855647,5866465,8642,,534200,0,0,0,1,1,North,2009/2010,SH 25,GOLDEN VALLEY ROAD,,Non-Injury Crash,Yes,2009,0,North,0,0,0,Hill Road,0,,0,,0,Dark,1082710,0,0,0,2,0,0,0,0,0,,0,0,Waikato Region,Nil,2-way,Sealed,0,0,0,0,100,0,None,0,0,,12,Hauraki District,Unknown,0,0,0,0,0,0,Open,0,0,0,Heavy rain,Null
1769027,5442080,8643,,564530,0,,0,1,,Null,2009/2010,BLUE MOUNTAINS ROAD,PINEHAVEN ROAD,,Non-Injury Crash,No,2009,,South,,0,,Flat,,,,,,Dark,1900802,0,0,0,2,,,0,,,,,,Wellington Region,Nil,2-way,Sealed,,0,0,,50,,On,0,0,,45,Upper Hutt City,Give way,,,,,0,0,Urban,1,,,Light rain,Null
1768863,5898934,8644,,525102,0,0,1,0,0,Null,2008/2009,MCQUARRIE AVENUE,ROSEANNE ROAD,,Non-Injury Crash,No,2009,0,South,0,0,1,Hill Road,0,,0,,0,Dark,768900,0,0,0,2,0,0,0,0,0,,0,0,Auckland Region,Nil,2-way,Sealed,0,0,0,0,50,0,On,0,0,,76,Auckland,Give way,0,0,0,0,0,0,Urban,0,0,0,Fine,Null
1745422,5920445,8645,,513301,0,,0,1,,North,2008/2009,LINCOLN ROAD,CENTRAL PARK DRIVE,,Non-Injury Crash,No,2009,,South,,0,,Flat,,,,,,Twilight,230301,0,0,0,2,,,0,,,,,,Auckland Region,Nil,2-way,Sealed,,0,0,,50,,Off,1,0,,76,Auckland,Nil,,,,,0,0,Urban,0,,,Fine,Null
1765105,5914875,8646,,520301,0,,0,1,,East,2008/2009,PLEASANT VIEW ROAD,JELLICOE ROAD,,Non-Injury Crash,No,2009,,West,,0,,Flat,,,,,,Bright sun,628002,0,0,0,2,,,0,,,,,,Auckland Region,Nil,2-way,Sealed,,0,0,,50,,Off,1,0,,76,Auckland,Nil,,,,,0,0,Urban,0,,,Fine,Null
1751728,5930216,8647,,509100,0,,0,2,,West,2009/2010,SH 18,ALBANY HIGHWAY ON WBD,,Non-Injury Crash,Yes,2009,,West,,0,,Flat,,,,,,Dark,181108,0,0,0,3,,,0,,,,,,Auckland Region,Nil,2-way,Sealed,,0,0,,50,,On,0,0,,76,Auckland,Traffic Signals,,,,,0,0,Urban,0,,,Fine,Null
1757990,5917992,8648,,515700,0,,0,1,,South,2009/2010,SH 1N,GILLIES OFF SBD,,Non-Injury Crash,Yes,2009,,South,,0,,Flat,,,,,,Bright sun,443200,0,0,0,3,,,0,,,,,,Auckland Region,Nil,1-way,Sealed,,0,0,,80,,Off,0,0,,76,Auckland,Nil,,,,,1,0,Open,0,,,Fine,Null
1849853,5466264,8649,,578402,0,0,0,1,0,East,2008/2009,MASTERTON-CASTLEPOINT ROA,ADAMS PEAK ROAD,,Non-Injury Crash,No,2009,0,East,0,0,1,Flat,0,,0,,0,Overcast,2255700,0,0,0,2,0,0,0,0,0,,0,0,Wellington Region,Nil,2-way,Sealed,0,0,0,0,100,0,Null,0,0,80,48,Masterton District,Nil,0,0,0,1,0,0,Open,0,0,0,Heavy rain,Strong wind
1753256,5935234,8650,,508703,0,,0,1,,Null,2008/2009,OTEHA VALLEY ROAD,MEDALLION DRIVE,,Non-Injury Crash,No,2009,,North,,0,,Flat,,,,,,Bright sun,179201,0,0,0,2,,,0,,,,,,Auckland Region,Nil,2-way,Sealed,,0,0,,50,,Off,0,0,,76,Auckland,Give way,,,,,0,0,Urban,0,,,Light rain,Null
1690382,5675308,8651,,551501,0,0,0,1,0,East,2008/2009,SH 45,BAYLY ROAD,,Non-Injury Crash,Yes,2009,0,West,0,0,0,Hill Road,0,,0,,0,Overcast,1583100,0,0,0,2,0,0,0,0,1,,0,0,Taranaki Region,Nil,2-way,Sealed,0,0,0,0,50,0,Null,0,0,,33,New Plymouth District,Nil,0,0,0,0,0,0,Urban,1,0,0,Fine,Null
1884880,5773897,8652,,540410,0,,0,2,,West,2008/2009,HINEMOA ST,TUTANEKAI ST,,Non-Injury Crash,No,2009,,East,,0,,Flat,,,,,,Overcast,1234200,0,0,0,2,,,0,,,,,,Bay of Plenty Region,Nil,2-way,Sealed,,0,0,,50,,Null,0,0,,24,Rotorua District,Unknown,,,,,0,0,Urban,0,,,Light rain,Null
1885173,5773680,8653,,540410,0,,0,2,,North,2008/2009,FENTON ST,SH 30A,,Non-Injury Crash,No,2009,,South,,0,,Flat,,,,,,Dark,1236200,0,0,0,5,,,0,,,,,,Bay of Plenty Region,Nil,2-way,Sealed,,0,0,,50,,On,0,0,,24,Rotorua District,Traffic Signals,,,,,0,0,Urban,0,,,Fine,Null
1767816,5901216,8654,,524720,0,,0,2,,East,2008/2009,GLOUCESTER ROAD,KERRYDALE ROAD,,Non-Injury Crash,No,2009,,South,,0,,Flat,,,,,,Dark,778600,0,0,0,2,,,0,,,,,,Auckland Region,Nil,2-way,Sealed,,0,0,,50,,On,1,0,,76,Auckland,Nil,,,,,1,0,Urban,0,,,Fine,Null
1884506,5824471,8655,,536831,0,,0,1,,Null,2009/2010,SH 29,SH 2,,Non-Injury Crash,Yes,2009,,West,,0,,Flat,,,,,,Overcast,1205409,0,0,0,2,,,0,,,,,,Bay of Plenty Region,Nil,2-way,Sealed,,0,0,,70,,Null,0,0,,23,Tauranga City,Give way,,,,,0,0,Urban,1,,,Fine,Null
1752634,5432699,8656,,574002,0,,0,2,,North,2009/2010,SH 2,NGAURANGA ON NBD,,Non-Injury Crash,Yes,2009,,South,,0,,Flat,,,,,,Dark,2078302,0,0,0,2,,,0,,,,,,Wellington Region,Nil,2-way,Sealed,,0,0,,100,,On,0,0,,47,Wellington City,Nil,,,,,0,0,Open,0,,,Light rain,Strong wind
1740821,5911658,8657,,512902,0,0,0,2,0,South,2009/2010,WEST COAST ROAD,FOREST HILL ROAD,,Non-Injury Crash,No,2009,0,East,0,0,0,Hill Road,0,,0,,0,Dark,279201,0,0,0,2,0,0,0,0,0,,0,0,Auckland Region,Nil,2-way,Sealed,0,0,0,0,70,0,None,0,0,,76,Auckland,Nil,0,0,0,0,0,0,Urban,0,1,0,Fine,Null
1883925,5825531,8658,,536831,0,,0,2,,North,2008/2009,SH 2,GIRVEN ROAD,,Non-Injury Crash,Yes,2009,,South,,0,,Flat,,,,,,Overcast,1200900,0,0,0,4,,,0,,,,,,Bay of Plenty Region,Nil,2-way,Sealed,,0,0,,70,,Off,0,0,,23,Tauranga City,Nil,,,,,0,0,Urban,0,,,Fine,Null
1764478,5912940,8659,,520500,0,,0,2,,Null,2009/2010,SOUTH-EASTERN HIGHWAY,CARBINE ROAD,,Non-Injury Crash,No,2009,,West,,0,,Flat,,,,,,Dark,639100,0,0,0,5,,,0,,,,,,Auckland Region,Nil,2-way,Sealed,,0,0,,50,,On,0,0,,76,Auckland,Traffic Signals,,,,,0,0,Urban,0,,,Fine,Null
1758887,5913749,8660,,519720,0,,0,1,,North,2008/2009,ONEHUNGA MALL,AMARU ROAD,,Non-Injury Crash,No,2009,,South,,0,,Flat,,,,,,Bright sun,593300,0,0,0,2,,,0,,,,,,Auckland Region,Nil,2-way,Sealed,,0,0,,50,,Off,0,0,,76,Auckland,Nil,,,,,0,0,Urban,1,,,Fine,Null
1768015,5912834,8661,,523000,0,0,0,1,0,West,2009/2010,REEVES ROAD,ALTON TERRACE,,Non-Injury Crash,No,2009,0,East,0,0,0,Hill Road,0,,0,,0,Bright sun,688900,0,0,0,2,0,0,0,0,1,,0,0,Auckland Region,Nil,2-way,Sealed,0,0,0,0,50,0,Off,0,0,,76,Auckland,Nil,0,0,0,0,0,0,Urban,1,0,0,Fine,Null
1499884,5138387,8662,,597840,0,,0,0,,Null,2008/2009,EAST ST,COX ST,,Minor Crash,No,2009,,South,,0,,Flat,,,,,,Dark,2732600,2,2,0,2,,,0,,,,,,Canterbury Region,Nil,2-way,Sealed,,0,0,,50,,On,0,0,,63,Ashburton District,Give way,,,,,0,0,Urban,0,,,Fine,Null
1757585,5918451,8663,,514302,0,,0,2,,North,2009/2010,SH 1N,KHYBER PASS ON SBD,,Non-Injury Crash,Yes,2009,,South,,0,,Hill Road,,,,,,Dark,442100,0,0,0,4,,,0,,,,,,Auckland Region,Bridge,1-way,Sealed,,0,0,,80,,On,0,0,,76,Auckland,Unknown,,,,,0,0,Open,0,,,Fine,Null
1936599,5621262,8664,,546901,0,,0,2,,Null,2009/2010,DICKENS ST,MUNROE ST,,Non-Injury Crash,No,2009,,West,,0,,Flat,,,,,,Overcast,1428200,0,0,0,2,,,0,,,,,,Hawke's Bay Region,Nil,2-way,Sealed,,0,0,,50,,Null,0,0,,31,Napier City,Give way,,,,,0,0,Urban,0,,,Light rain,Null
1756973,5449041,8665,,572000,0,,0,2,,North,2008/2009,SH 1N,MANA VIEW ROAD,,Non-Injury Crash,Yes,2009,,South,,0,,Flat,,,,,,Bright sun,2069500,0,0,0,4,,,0,,,,,,Wellington Region,Nil,2-way,Sealed,,0,0,,50,,Null,0,0,,44,Porirua City,Nil,,,,,0,0,Urban,0,,,Fine,Null
1746572,5915624,8666,,511800,0,,0,2,,Null,2008/2009,GREAT NORTH ROAD,VIEW ROAD,,Non-Injury Crash,No,2009,,North,,0,,Flat,,,,,,Dark,276300,0,0,0,4,,,0,,,,,,Auckland Region,Nil,2-way,Sealed,,0,0,,50,,On,0,1,,76,Auckland,Traffic Signals,,,,,0,0,Urban,0,,,Fine,Null
1733232,5944884,8667,,506646,0,,0,1,,South,2009/2010,SH 16,ANDERSON ROAD,,Non-Injury Crash,Yes,2009,,South,,0,,Hill Road,,,,,,Overcast,211503,0,0,0,2,,,0,,,,,,Auckland Region,Nil,2-way,Sealed,,0,0,,100,,None,0,0,,76,Auckland,Nil,,,,,1,0,Open,0,,,Fine,Null
1694049,5668465,8668,,551112,0,,0,1,,North,2009/2010,BAKER ROAD,MANGOREI ROAD,,Serious Crash,No,2009,,South,,0,,Flat,,,,,,Bright sun,1558100,0,0,0,2,,,1,,,,,,Taranaki Region,Nil,2-way,Sealed,,0,2,,100,,Null,0,0,30,33,New Plymouth District,Nil,,,,,0,0,Open,0,,,Fine,Null
1753048,5928199,8669,,508210,0,,0,2,,East,2008/2009,KAIPATIKI ROAD,EASTON PARK PARADE,,Non-Injury Crash,No,2009,,West,,0,,Hill Road,,,,,,Bright sun,186600,0,0,0,2,,,0,,,,,,Auckland Region,Nil,2-way,Sealed,,0,0,,50,,Off,0,0,,76,Auckland,Nil,,,,,0,0,Urban,0,,,Light rain,Null
1766520,5913270,8670,,522920,0,0,0,0,0,Null,2008/2009,PAKURANGA ROAD,TI RAKAU DRIVE,,Non-Injury Crash,No,2009,0,North,0,0,0,Flat,0,,0,,0,Overcast,683900,0,0,0,6,0,0,0,0,0,,0,1,Auckland Region,Nil,2-way,Sealed,0,0,0,0,60,0,Off,1,0,,76,Auckland,Traffic Signals,0,0,0,0,0,0,Urban,0,0,0,Light rain,Null
1758971,5920416,8671,,515902,0,,0,2,,Null,2009/2010,SH 16,GLADSTONE ROAD,,Non-Injury Crash,Yes,2009,,South,,0,,Flat,,,,,,Overcast,453200,0,0,0,3,,,0,,,,,,Auckland Region,Nil,2-way,Sealed,,0,0,,50,,Off,0,0,,76,Auckland,Nil,,,,,0,0,Urban,0,,,Fine,Null
1756733,5446102,8672,,571600,0,,0,1,,East,2008/2009,WHITFORD BROWN AVENUE,ROUTEBURN DRIVE,,Non-Injury Crash,No,2009,,East,,0,,Flat,,,,,,Overcast,2057902,0,0,0,2,,,0,,,,,,Wellington Region,Nil,2-way,Sealed,,0,0,,70,,Null,0,0,,44,Porirua City,Nil,,,,,0,0,Urban,1,,,Light rain,Null
1793175,5514900,8673,,561500,0,0,0,1,0,South,2008/2009,SH 1N,NEWTH ROAD,,Non-Injury Crash,Yes,2009,0,North,0,0,1,Flat,0,,0,,0,Dark,1785600,0,0,0,2,0,0,0,0,0,,0,0,Manawatū-Whanganui Region,Nil,2-way,Sealed,0,0,0,0,100,0,None,0,0,,42,Horowhenua District,Nil,0,0,0,0,0,0,Open,0,0,0,Heavy rain,Null
1760849,5913135,8674,,519900,0,0,0,1,0,North,2009/2010,ROCKFIELD ROAD,MOUNT SMART ROAD,,Non-Injury Crash,No,2009,0,South,0,0,0,Flat,0,,0,,0,Dark,605400,0,0,0,2,0,0,0,0,0,,0,0,Auckland Region,Nil,2-way,Sealed,0,0,0,0,50,0,On,0,0,,76,Auckland,Nil,0,0,0,0,0,0,Urban,1,1,0,Fine,Null
2037458,5707978,8675,,544600,0,,0,2,,North,2009/2010,SH 35,CHILDERS ROAD,,Non-Injury Crash,Yes,2009,,South,,0,,Flat,,,,,,Bright sun,1372000,0,0,0,2,,,0,,,,,,Gisborne Region,Nil,2-way,Sealed,,0,0,,50,,Null,0,0,,28,Gisborne District,Nil,,,,,0,0,Urban,0,,,Fine,Null
1884058,5771424,8676,,540700,0,,0,1,,Null,2008/2009,SH 5,SPRINGFIELD ROAD,,Non-Injury Crash,Yes,2009,,North,,0,,Flat,,,,,,Bright sun,1246000,0,0,0,2,,,0,,,,,,Bay of Plenty Region,Nil,2-way,Sealed,,0,0,,50,,Off,0,0,,24,Rotorua District,Stop,,,,,0,0,Urban,1,,,Null,Null
1790049,5841222,8677,,527401,0,0,0,0,0,South,2008/2009,HARRIS ST,FAIRFIELD AVENUE,,Non-Injury Crash,No,2009,0,North,0,0,1,Flat,0,,0,,0,Dark,944700,0,0,0,2,0,0,0,0,0,,0,1,Waikato Region,Nil,2-way,Sealed,0,0,0,0,50,0,On,0,0,,13,Waikato District,Nil,0,0,0,1,0,0,Urban,1,0,0,Fine,Frost
1867266,5713572,8678,,541720,0,,0,2,,Null,2008/2009,TAMAMUTU ST,RUAPEHU ST,,Non-Injury Crash,No,2009,,South,,0,,Flat,,,,,,Overcast,1273500,0,0,0,2,,,0,,,,,,Waikato Region,Nil,2-way,Sealed,,0,0,,50,,On,0,0,,21,Taupo District,Give way,,,,,0,0,Urban,0,,,Fine,Null
1797153,5819481,8679,,528403,0,,0,2,,South,2008/2009,TE RAPA ROAD,WAIRERE DRIVE,,Non-Injury Crash,No,2009,,North,,0,,Flat,,,,,,Overcast,907700,0,0,0,4,,,0,,,,,,Waikato Region,Nil,2-way,Sealed,,0,0,,60,,Null,0,0,,16,Hamilton City,Unknown,,,,,0,0,Urban,0,,,Light rain,Null