X,Y,OBJECTID,advisorySpeed,areaUnitID,bicycle,bridge,bus,carStationWagon,cliffBank,crashDirectionDescription,crashFinancialYear,crashLocation1,crashLocation2,crashRoadSideRoad,crashSeverity,crashSHDescription,crashYear,debris,directionRoleDescription,ditch,fatalCount,fence,flatHill,guardRail,holiday,houseOrBuilding,intersection,kerb,light,meshblockId,minorInjuryCount,moped,motorcycle,NumberOfLanes,objectThrownOrDropped,otherObject,otherVehicleType,overBank,parkedVehicle,pedestrian,phoneBoxEtc,postOrPole,region,roadCharacter,roadLane,roadSurface,roadworks,schoolBus,seriousInjuryCount,slipOrFlood,speedLimit,strayAnimal,streetLight,suv,taxi,temporarySpeedLimit,tlaId,tlaName,trafficControl,trafficIsland,trafficSign,train,tree,truck,unknownVehicleType,urban,vanOrUtility,vehicle,waterRiver,weatherA,weatherB
1830386,5627838,8680,,558500,0,,0,1,,Null,2009/2010,Z CPK TRANSFIELD WORKSOHP,RUAPEHU ROAD,,Non-Injury Crash,No,2009,,West,,0,,Flat,,,,,,Overcast,1753800,0,0,0,2,,,0,,,,,,Manawatū-Whanganui Region,Nil,Off road,Sealed,,0,0,,30,,Null,0,0,,36,Ruapehu District,Nil,,,,,0,0,Urban,1,,,Fine,Null
1799716,5819249,8681,,529401,0,,0,2,,Null,2008/2009,RIVER ROAD,COMRIES ROAD,,Non-Injury Crash,No,2009,,South,,0,,Hill Road,,,,,,Overcast,879200,0,0,0,2,,,0,,,,,,Waikato Region,Nil,2-way,Sealed,,0,0,,50,,Null,0,0,,16,Hamilton City,Stop,,,,,0,0,Urban,0,,,Mist or Fog,Null
1820953,5530873,8682,,562401,0,,0,2,,Null,2008/2009,SH 3,TREMAINE AVENUE,,Non-Injury Crash,Yes,2009,,South,,0,,Flat,,,,,,Overcast,1832600,0,0,0,4,,,0,,,,,,Manawatū-Whanganui Region,Nil,2-way,Sealed,,0,0,,50,,Null,0,0,,40,Palmerston North City,Traffic Signals,,,,,0,0,Urban,0,,,Fine,Null
1757148,5920511,8683,,514102,0,,0,1,,Null,2008/2009,FEDERAL ST,VICTORIA ST WEST,,Non-Injury Crash,No,2009,,East,,0,,Flat,,,,,,Overcast,433401,0,0,0,3,,,0,,,,,,Auckland Region,Nil,2-way,Sealed,,0,0,,50,,Null,0,0,,76,Auckland,Traffic Signals,,,,,0,0,Urban,1,,,Light rain,Null
1769333,5911466,8684,,523107,0,,0,2,,Null,2008/2009,TI RAKAU DRIVE,BURSWOOD DRIVE,,Non-Injury Crash,No,2009,,East,,0,,Flat,,,,,,Overcast,711702,0,0,0,2,,,0,,,,,,Auckland Region,Nil,2-way,Sealed,,0,0,,50,,Off,0,0,,76,Auckland,Traffic Signals,,,,,0,0,Urban,0,,,Fine,Null
1719044,6045497,8685,,503100,0,,0,2,,West,2008/2009,CENTRAL AVENUE,WATER ST,,Non-Injury Crash,No,2009,,East,,0,,Flat,,,,,,Overcast,100800,0,0,0,2,,,0,,,,,,Northland Region,Nil,2-way,Sealed,,0,0,,50,,Null,0,0,,2,Whangarei District,Unknown,,,,,0,0,Urban,0,,,Light rain,Null
1790826,5836853,8686,,527111,0,0,0,1,1,North,2009/2010,SH 1N,SH 1B,,Non-Injury Crash,Yes,2009,0,North,0,0,0,Flat,0,,0,,0,Bright sun,941002,0,0,0,2,0,0,0,0,0,,0,0,Waikato Region,Nil,2-way,Sealed,0,0,0,0,100,0,None,0,0,,13,Waikato District,Nil,0,0,0,0,0,0,Open,0,0,0,Fine,Null
1762902,5436978,8687,,568303,0,,0,2,,Null,2009/2010,NAENAE ROAD,DAYSH ST,,Non-Injury Crash,No,2009,,East,,0,,Flat,,,,,,Overcast,1953800,0,0,0,2,,,0,,,,,,Wellington Region,Nil,2-way,Sealed,,0,0,,50,,Null,0,0,,46,Lower Hutt City,Give way,,,,,0,0,Urban,0,,,Light rain,Null
1793053,5724373,8688,65,531800,0,0,0,0,1,North,2008/2009,SH 4,TAKIRI ROAD N,,Non-Injury Crash,Yes,2009,0,North,0,0,0,Flat,0,,0,,0,Overcast,1013801,0,0,0,2,0,0,0,0,0,,0,0,Waikato Region,Nil,2-way,Sealed,0,0,0,0,100,0,Null,0,0,,20,Waitomo District,Unknown,0,0,0,0,1,0,Open,0,0,0,Fine,Null
1565900,5205180,8689,,586306,0,,0,2,,Null,2008/2009,WEST BELT,OXFORD ROAD,,Non-Injury Crash,No,2009,,South,,0,,Flat,,,,,,Bright sun,2450006,0,0,0,2,,,0,,,,,,Canterbury Region,Nil,2-way,Sealed,,0,0,,50,,Null,0,0,,59,Waimakariri District,Stop,,,,,0,0,Urban,0,,,Fine,Null
1750550,5926888,8690,,510010,0,0,0,2,0,South,2008/2009,RANGATIRA ROAD,BEACH HAVEN ROAD,,Non-Injury Crash,No,2009,0,North,0,0,0,Flat,0,,0,,0,Bright sun,342000,0,0,0,2,0,0,0,0,1,,0,0,Auckland Region,Nil,2-way,Sealed,0,0,0,0,50,0,Off,1,0,,76,Auckland,Nil,0,0,0,0,0,0,Urban,0,0,0,Fine,Null
1765110,5907668,8691,,523404,0,,0,2,,North,2008/2009,GREAT SOUTH ROAD,GRANGE ROAD,,Non-Injury Crash,No,2009,,South,,0,,Flat,,,,,,Overcast,695800,0,0,0,2,,,0,,,,,,Auckland Region,Nil,2-way,Sealed,,0,0,,50,,Off,0,0,,76,Auckland,Traffic Signals,,,,,0,0,Urban,0,,,Fine,Null
1758297,5920661,8692,,514101,0,0,0,1,0,East,2009/2010,MAHUHU CRESCENT,TAPORA ST,,Non-Injury Crash,No,2009,0,North,0,0,0,Flat,0,,0,,0,Bright sun,438215,0,0,0,2,0,0,0,0,0,,0,0,Auckland Region,Nil,2-way,Sealed,0,0,0,0,50,0,Off,0,0,,76,Auckland,Nil,0,0,0,1,0,0,Urban,0,0,0,Fine,Null
1765594,5903064,8693,,524604,0,,0,2,,West,2009/2010,WIRI STATION ROAD,LANGLEY ROAD,,Non-Injury Crash,No,2009,,West,,0,,Flat,,,,,,Twilight,781302,0,0,0,4,,,0,,,,,,Auckland Region,Nil,2-way,Sealed,,0,0,,50,,On,0,0,,76,Auckland,Nil,,,,,0,0,Urban,0,,,Fine,Null
1770907,5901668,8694,,523819,0,,0,1,,Null,2009/2010,ALFRISTON ROAD,RANFURLY ROAD,,Non-Injury Crash,No,2009,,West,,0,,Flat,,,,,,Overcast,760810,0,0,0,2,,,0,,,,,,Auckland Region,Nil,2-way,Sealed,,0,0,,80,,Off,0,0,,76,Auckland,Give way,,,,,0,0,Open,1,,,Fine,Null
1757358,5918834,8695,,514302,0,,0,3,,South,2008/2009,SH 1N,GRAFTON OBR,,Non-Injury Crash,Yes,2009,,South,,0,,Hill Road,,,,,,Bright sun,441700,0,0,0,4,,,0,,,,,,Auckland Region,Nil,1-way,Sealed,,0,0,,80,,Off,0,0,,76,Auckland,Nil,,,,,0,0,Open,0,,,Fine,Null
1756389,5937576,8696,,506903,0,,0,2,,Null,2009/2010,BEACH ROAD,COUNTY ROAD,,Non-Injury Crash,No,2009,,North,,0,,Hill Road,,,,,,Bright sun,169200,0,0,0,2,,,0,,,,,,Auckland Region,Nil,2-way,Sealed,,0,0,,50,,Null,0,0,,76,Auckland,Give way,,,,,0,0,Urban,0,,,Fine,Null
1244208,4845872,8697,,611800,0,,0,0,,South,2008/2009,HYDE ST,STIRRAT ST,,Minor Crash,No,2009,,South,,0,,Flat,,,,,,Overcast,3152700,1,0,1,2,,,0,,,,,,Southland Region,Nil,2-way,Sealed,,0,0,,50,,Null,0,0,,75,Invercargill City,Unknown,,,,,0,0,Urban,0,,,Light rain,Null
1891746,5780123,8698,,538820,0,0,0,1,0,North,2008/2009,SH 30,RANGITEAORERE ROAD,,Non-Injury Crash,Yes,2009,0,North,1,0,0,Flat,0,,0,,0,Dark,1252000,0,0,0,2,0,0,0,0,0,,0,0,Bay of Plenty Region,Nil,2-way,Sealed,0,0,0,0,100,0,On,0,0,,24,Rotorua District,Unknown,0,0,0,0,0,0,Open,0,0,0,Fine,Null
1729244,6054601,8699,65,501814,0,,0,1,,Null,2008/2009,NGUNGURU ROAD,CLEMO ROAD,,Non-Injury Crash,No,2009,,South,,0,,Flat,,,,,,Overcast,62002,0,0,0,1,,,0,,,,,,Northland Region,Bridge,2-way,Sealed,,0,0,,100,,None,0,0,,2,Whangarei District,Nil,,,,,0,0,Open,0,,,Light rain,Null
1757402,5913641,8700,,518702,0,,0,1,,East,2009/2010,MOUNT ALBERT ROAD,PEET AVENUE,,Non-Injury Crash,No,2009,,West,,0,,Flat,,,,,,Bright sun,567600,0,0,0,2,,,0,,,,,,Auckland Region,Nil,2-way,Sealed,,0,0,,50,,Off,1,0,,76,Auckland,Nil,,,,,0,0,Urban,0,,,Fine,Null
1996240,5668967,8701,,545302,0,0,1,0,0,West,2008/2009,SH 2,HEREHERETAU ROAD,,Non-Injury Crash,Yes,2009,0,West,0,0,0,Flat,0,,0,,0,Dark,1398500,0,0,0,2,0,0,0,0,0,,0,0,Hawke's Bay Region,Nil,2-way,Sealed,0,0,0,0,100,0,None,0,0,,29,Wairoa District,Nil,0,0,0,0,0,0,Open,0,0,0,Fine,Null
1782114,5485602,8702,,564400,0,,0,1,,Null,2009/2010,SH 1N,MILL ROAD,,Non-Injury Crash,Yes,2009,,East,,0,,Flat,,,,,,Bright sun,1879300,0,0,0,2,,,0,,,,,,Wellington Region,Nil,2-way,Sealed,,0,0,,50,,Null,0,0,,43,Kapiti Coast District,Give way,,,,,0,0,Urban,1,,,Fine,Null
1761408,5913477,8703,,519500,0,0,0,1,0,South,2009/2010,OLIVE ROAD,WALLS ROAD,,Non-Injury Crash,No,2009,0,North,0,0,0,Flat,0,,0,,0,Bright sun,621300,0,0,0,2,0,0,0,0,1,,0,0,Auckland Region,Nil,2-way,Sealed,0,0,0,0,50,0,Null,0,0,,76,Auckland,Unknown,0,0,0,0,0,0,Urban,1,0,0,Light rain,Null
1728855,5999532,8704,,505010,0,0,0,2,0,South,2008/2009,SH 1N,MOUNTAIN ROAD,,Non-Injury Crash,Yes,2009,0,North,0,0,1,Flat,0,,0,,0,Twilight,134800,0,0,0,2,0,0,0,0,0,,0,0,Northland Region,Nil,2-way,Sealed,0,0,0,0,100,0,None,0,0,,3,Kaipara District,Nil,0,0,0,0,0,0,Open,0,0,0,Light rain,Null
1763050,5907956,8705,,524530,0,,0,0,,North,2009/2010,VINE ST,MASSEY ROAD,,Non-Injury Crash,No,2009,,South,,0,,Flat,,,,,,Bright sun,733300,0,0,0,2,,,0,,,,,,Auckland Region,Nil,2-way,Sealed,,0,0,,50,,Off,1,0,,76,Auckland,Nil,,,,,0,0,Urban,1,,,Fine,Null
1765901,5904391,8706,,524604,0,,0,2,,Null,2009/2010,CAVENDISH DRIVE,PLUNKET AVENUE,,Non-Injury Crash,No,2009,,West,,0,,Flat,,,,,,Bright sun,780209,0,0,0,5,,,0,,,,,,Auckland Region,Nil,2-way,Sealed,,0,0,,50,,Off,0,0,,76,Auckland,Traffic Signals,,,,,0,0,Urban,0,,,Fine,Null
1765523,5916812,8707,,517100,0,0,0,1,0,East,2008/2009,MAYBURY ST,LINE ROAD,,Non-Injury Crash,No,2009,0,South,0,0,0,Flat,0,,0,,0,Dark,477000,0,0,0,1,0,0,0,0,0,,0,1,Auckland Region,Nil,1-way,Sealed,0,0,0,0,50,0,On,0,0,,76,Auckland,Nil,0,0,0,0,0,0,Urban,0,0,0,Heavy rain,Null
1747622,5428325,8708,,575200,0,0,0,2,0,South,2008/2009,GLENMORE ST,GARDEN ROAD,,Non-Injury Crash,No,2009,0,South,0,0,0,Hill Road,0,,0,,0,Overcast,2151500,0,0,0,2,0,0,0,0,3,,0,0,Wellington Region,Nil,2-way,Sealed,0,0,0,0,50,0,Null,2,0,,47,Wellington City,Nil,0,0,0,0,0,0,Urban,0,0,0,Light rain,Null
1793411,5500708,8709,,564210,0,,0,1,,Null,2008/2009,SH 1N,QUEEN ST WEST,,Non-Injury Crash,Yes,2009,,North,,0,,Flat,,Christmas New Year,,,,Bright sun,1865000,0,0,0,2,,,0,,,,,,Manawatū-Whanganui Region,Nil,2-way,Sealed,,0,0,,50,,Null,0,0,,42,Horowhenua District,Traffic Signals,,,,,1,0,Urban,0,,,Fine,Null
1935585,5620437,8710,,546600,0,0,0,2,0,East,2009/2010,KENNEDY ROAD,NUFFIELD AVENUE,,Non-Injury Crash,No,2009,0,South,0,0,0,Flat,0,,0,,0,Overcast,1435800,0,0,0,2,0,0,0,0,1,,0,0,Hawke's Bay Region,Nil,2-way,Sealed,0,0,0,0,50,0,Null,0,0,,31,Napier City,Nil,0,0,0,0,0,0,Urban,0,0,0,Fine,Null
1774648,5576934,8711,,557000,0,,0,2,,North,2009/2010,SARJEANT ST,HEADS ROAD,,Non-Injury Crash,No,2009,,North,,0,,Flat,,,,,,Dark,1727000,0,0,0,2,,,0,,,,,,Manawatū-Whanganui Region,Nil,2-way,Sealed,,0,0,,50,,On,0,0,,37,Whanganui District,Nil,,,,,0,0,Urban,0,,,Fine,Null
1767107,5904208,8712,,524604,0,,0,2,,East,2009/2010,PUTNEY WAY,DAVIES AVENUE,,Non-Injury Crash,No,2009,,West,,0,,Flat,,,,,,Overcast,780204,0,0,0,2,,,0,,,,,,Auckland Region,Nil,2-way,Sealed,,0,0,,50,,Off,0,0,,76,Auckland,Nil,,,,,0,0,Urban,0,,,Fine,Null
1758213,5913424,8713,,518600,1,,0,1,,Null,2008/2009,MANUKAU ROAD,MOUNT ALBERT ROAD,,Non-Injury Crash,No,2009,,North,,0,,Flat,,,,,,Bright sun,567300,0,0,0,2,,,0,,,,,,Auckland Region,Nil,2-way,Sealed,,0,0,,50,,Off,0,0,,76,Auckland,Stop,,,,,0,0,Urban,0,,,Null,Null
1759218,5905685,8714,,524200,0,0,0,1,0,South,2009/2010,WESTNEY ROAD,KOHINOOR AVENUE,,Non-Injury Crash,No,2009,0,North,0,0,1,Flat,0,,0,,0,Dark,727600,0,0,0,1,0,0,0,0,0,,0,0,Auckland Region,Nil,2-way,Sealed,0,0,0,0,50,0,On,0,0,,76,Auckland,Nil,0,0,0,1,0,0,Urban,0,0,0,Light rain,Null
1733199,5929773,8715,,505601,0,,0,0,,North,2008/2009,WAIMAUKU STATION ROAD,SH 16,,Non-Injury Crash,No,2009,,South,,0,,Flat,,,,,,Overcast,216106,0,0,0,2,,,0,,,,,,Auckland Region,Nil,2-way,Sealed,,0,0,,50,,Off,2,0,,76,Auckland,Nil,,,,,0,0,Urban,0,,,Fine,Null
1936956,5621370,8716,,546901,0,0,0,2,0,West,2009/2010,DICKENS ST,HASTINGS ST,,Non-Injury Crash,No,2009,0,East,0,0,0,Flat,0,,0,,0,Overcast,1428400,0,0,0,2,0,0,0,0,1,,0,0,Hawke's Bay Region,Nil,2-way,Sealed,0,0,0,0,50,0,Null,0,0,,31,Napier City,Nil,0,0,0,0,0,0,Urban,0,0,0,Fine,Null
1856845,5803346,8717,,535231,0,0,0,3,0,East,2009/2010,SH 29,SH 28,,Non-Injury Crash,Yes,2009,0,West,0,0,1,Hill Road,0,,0,,0,Overcast,1114500,0,0,0,3,0,0,0,0,0,,0,0,Waikato Region,Nil,2-way,Sealed,0,0,0,0,100,0,Null,0,0,,15,Matamata-Piako District,Unknown,0,0,0,0,0,0,Open,0,0,0,Fine,Null
1749382,5428972,8718,,572900,0,,0,1,,South,2008/2009,Z DWAY PLATFORM 9 EXIT,WATERLOO/HINEMOA,,Non-Injury Crash,No,2009,,East,,0,,Flat,,,,,,Overcast,2122700,0,0,0,2,,,0,,,,,,Wellington Region,Nil,2-way,Sealed,,0,0,,50,,Null,1,0,,47,Wellington City,Nil,,,,,0,0,Urban,0,,,Fine,Strong wind
1744640,5919803,8719,,513301,0,,0,1,,Null,2009/2010,RATHGAR ROAD,UNIVERSAL DRIVE,,Non-Injury Crash,No,2009,,West,,0,,Flat,,,,,,Overcast,233500,0,0,0,2,,,0,,,,,,Auckland Region,Nil,2-way,Sealed,,0,0,,50,,Null,0,0,,76,Auckland,Give way,,,,,0,0,Urban,1,,,Light rain,Null
1916307,5806416,8720,65,536654,0,0,0,1,0,West,2009/2010,SH 2,WAITAHANUI STM BR,,Non-Injury Crash,Yes,2009,0,East,0,0,1,Hill Road,0,,0,,0,Dark,1213200,0,0,0,2,0,0,0,0,0,,0,0,Bay of Plenty Region,Nil,2-way,Sealed,0,0,0,0,100,0,None,0,0,,22,Western Bay of Plenty District,Unknown,0,0,0,0,0,0,Open,0,0,0,Fine,Null
1573199,5176888,8721,,594300,0,,0,1,,East,2009/2010,CENTAURUS ROAD,GLENELG SPUR,,Serious Crash,No,2009,,East,,0,,Hill Road,,Christmas New Year,,,,Overcast,2585300,0,0,1,2,,,0,,,,,,Canterbury Region,Nil,2-way,Sealed,,0,1,,50,,Null,0,0,,60,Christchurch City,Nil,,,,,0,0,Urban,0,,,Fine,Null
1747266,5921478,8722,,512300,1,,0,0,,West,2008/2009,TAIKATA ROAD,TE ATATU ROAD,,Non-Injury Crash,No,2009,,West,,0,,Flat,,,,,,Bright sun,250200,0,0,0,2,,,0,,,,,,Auckland Region,Nil,2-way,Sealed,,0,0,,50,,Off,0,0,,76,Auckland,Give way,,,,,0,0,Urban,1,,,Fine,Null
1765877,5899794,8723,,524822,0,0,0,1,0,North,2008/2009,BARNEYS FARM ROAD,PALMERS ROAD,,Non-Injury Crash,No,2009,0,North,0,0,1,Flat,0,,0,,0,Dark,774431,0,0,0,2,0,0,0,0,0,,0,0,Auckland Region,Nil,2-way,Sealed,0,0,0,0,50,0,On,0,0,,76,Auckland,Nil,0,0,0,0,0,0,Urban,0,0,0,Fine,Null
1750007,5912912,8724,,511402,0,,0,2,,Null,2009/2010,ASTLEY AVENUE,MAUI ST,,Non-Injury Crash,No,2009,,West,,0,,Flat,,,,,,Overcast,264800,0,0,0,2,,,0,,,,,,Auckland Region,Nil,2-way,Sealed,,0,0,,50,,Off,0,0,,76,Auckland,Stop,,,,,0,0,Urban,0,,,Light rain,Null
2037299,5707851,8725,,544600,0,0,0,1,0,Null,2009/2010,Z CPK THE WAREHOUSE,CUSTOMHOUSE/CHILDERS,,Non-Injury Crash,No,2009,0,North,0,0,0,Flat,0,,0,,0,Bright sun,1371900,0,0,0,0,0,0,0,0,1,,0,0,Gisborne Region,Nil,Off road,Sealed,0,0,0,0,50,0,Null,0,0,,28,Gisborne District,Nil,0,0,0,0,0,0,Urban,1,0,0,Fine,Null
1756240,5924261,8726,,509702,0,,0,2,,South,2009/2010,SH 1N,ONEWA OBR ON,,Non-Injury Crash,Yes,2009,,South,,0,,Flat,,,,,,Bright sun,366700,0,0,0,5,,,0,,,,,,Auckland Region,Nil,1-way,Sealed,,0,0,,80,,Off,0,0,,76,Auckland,Nil,,,,,0,0,Open,0,,,Fine,Null
1693787,5674074,8727,,552500,0,,0,2,,Null,2008/2009,BROOKLANDS ROAD,UPJOHN ST,,Non-Injury Crash,No,2009,,West,,0,,Flat,,,,,,Bright sun,1568300,0,0,0,2,,,0,,,,,,Taranaki Region,Nil,2-way,Sealed,,0,0,,50,,Null,0,0,,33,New Plymouth District,Give way,,,,,0,0,Urban,0,,,Fine,Null
1763088,5919107,8728,,516500,0,,0,2,,West,2009/2010,KEPA ROAD,PATTESON AVENUE,,Non-Injury Crash,No,2009,,East,,0,,Flat,,,,,,Overcast,502202,0,0,0,6,,,0,,,,,,Auckland Region,Nil,2-way,Sealed,,0,0,,50,,Off,0,0,,76,Auckland,Traffic Signals,,,,,0,0,Urban,0,,,Fine,Null
1312534,4977014,8729,,608302,0,0,0,1,1,South,2008/2009,SH 8,LYE BOW ROAD,,Minor Crash,Yes,2009,0,North,0,0,0,Hill Road,0,,0,,0,Dark,3023001,1,0,0,2,0,0,0,0,0,,0,0,Otago Region,Nil,2-way,Sealed,0,0,0,0,100,0,None,0,0,,69,Central Otago District,Unknown,0,0,0,0,0,0,Open,0,0,0,Fine,Null
1748747,5970137,8730,,505500,0,,0,0,,Null,2008/2009,SH 1N,WHITAKER ROAD,,Non-Injury Crash,Yes,2009,,South,,0,,Flat,,,,,,Bright sun,140500,0,0,0,2,,,0,,,,,,Auckland Region,Nil,2-way,Sealed,,0,0,,50,,Off,0,0,,76,Auckland,Traffic Signals,,,,,1,0,Urban,1,,,Fine,Null
1768588,5901189,8731,,524901,0,,0,2,,North,2009/2010,GREAT SOUTH ROAD,HILL ROAD,,Non-Injury Crash,No,2009,,North,,0,,Flat,,,,,,Bright sun,756600,0,0,0,2,,,0,,,,,,Auckland Region,Nil,2-way,Sealed,,0,0,,50,,Off,0,0,,76,Auckland,Nil,,,,,0,0,Urban,0,,,Fine,Null
1763717,5438280,8732,,568301,0,,0,2,,Null,2008/2009,OXFORD TERRACE,WALDIE GROVE,,Non-Injury Crash,No,2009,,South,,0,,Flat,,,,,,Bright sun,1949300,0,0,0,2,,,0,,,,,,Wellington Region,Nil,2-way,Sealed,,0,0,,50,,Null,0,0,,46,Lower Hutt City,Nil,,,,,0,0,Urban,0,,,Fine,Null
1798979,5815185,8733,,528900,0,,0,1,,Null,2009/2010,SH 1N,MASSEY HALL OVERBRIDGE,,Non-Injury Crash,Yes,2009,,South,,0,,Flat,,,,,,Overcast,915600,0,0,0,5,,,0,,,,,,Waikato Region,Nil,2-way,Sealed,,0,0,,60,,On,0,0,,16,Hamilton City,Traffic Signals,,,,,1,0,Urban,0,,,Light rain,Null
1763179,5437331,8734,,568302,0,,0,1,,Null,2008/2009,VOGEL ST,VOGEL ST,,Non-Injury Crash,No,2009,,South,,0,,Flat,,,,,,Overcast,1953300,0,0,0,2,,,0,,,,,,Wellington Region,Nil,2-way,Sealed,,0,0,,50,,Null,0,0,,46,Lower Hutt City,Give way,,,,,1,0,Urban,0,,,Fine,Null
1752716,5436926,8735,,573523,0,,0,2,,Null,2009/2010,GRENADA DRIVE,CHURTON PARK ON SBD,,Non-Injury Crash,No,2009,,West,,0,,Flat,,,,,,Overcast,2086310,0,0,0,2,,,0,,,,,,Wellington Region,Bridge,2-way,Sealed,,0,0,,50,,Null,0,0,,47,Wellington City,Stop,,,,,0,0,Urban,0,,,Light rain,Null
1754849,5918767,8736,,515431,0,0,0,2,0,West,2008/2009,GREAT NORTH ROAD,SURREY CRESCENT,,Non-Injury Crash,No,2009,0,South,0,0,0,Flat,0,,0,,0,Dark,405800,0,0,0,4,0,0,0,0,1,,0,0,Auckland Region,Nil,2-way,Sealed,0,0,0,0,50,0,On,0,0,,76,Auckland,Traffic Signals,0,0,0,0,0,0,Urban,0,0,0,Fine,Null
1790698,5841144,8737,,527402,0,0,0,1,0,North,2008/2009,MAIN ST,SHAND LANE,,Non-Injury Crash,No,2009,0,South,0,0,0,Flat,0,,0,,0,Bright sun,944500,0,0,0,2,0,0,0,0,1,,0,0,Waikato Region,Nil,2-way,Sealed,0,0,0,0,50,0,Null,0,0,,13,Waikato District,Unknown,0,0,0,0,0,0,Urban,1,0,0,Fine,Null
1950651,5791272,8738,,542440,0,,0,1,,Null,2009/2010,DOMAIN ROAD,MCALISTER ST,,Non-Injury Crash,No,2009,,East,,0,,Flat,,,,,,Dark,1308000,0,0,0,2,,,0,,,,,,Bay of Plenty Region,Nil,2-way,Sealed,,0,0,,50,,On,1,0,,25,Whakatane District,Give way,,,,,0,0,Urban,0,,,Light rain,Null
1764868,5910270,8739,,521801,0,0,0,2,0,South,2009/2010,ALBERT ST,PRINCES ST,,Non-Injury Crash,No,2009,0,West,0,0,0,Flat,0,,0,,0,Bright sun,787700,0,0,0,3,0,0,0,0,0,,0,0,Auckland Region,Nil,2-way,Sealed,0,0,0,0,50,0,Off,0,0,,76,Auckland,Nil,0,0,0,0,0,0,Urban,0,1,0,Fine,Null
1764069,5912436,8740,,520500,0,,0,2,,South,2008/2009,SH 1N,MT WGTN OBR,,Non-Injury Crash,Yes,2009,,North,,0,,Flat,,,,,,Dark,639500,0,0,0,3,,,0,,,,,,Auckland Region,Nil,1-way,Sealed,,0,0,,100,,On,0,0,,76,Auckland,Nil,,,,,0,0,Open,0,,,Fine,Null
1823706,5463150,8741,,578600,0,,0,1,,Null,2008/2009,QUEEN ST,WORKSOP ROAD,,Non-Injury Crash,No,2009,,West,,0,,Flat,,,,,,Overcast,2242900,0,0,0,2,,,0,,,,,,Wellington Region,Nil,2-way,Sealed,,0,0,,50,,Null,0,0,,48,Masterton District,Give way,,,,,0,0,Urban,1,,,Light rain,Null
1565309,5180068,8742,,590100,0,,0,1,,West,2008/2009,YALDHURST ROAD,BRAKE ST,,Non-Injury Crash,No,2009,,East,,0,,Flat,,,,,,Bright sun,2542500,0,0,0,2,,,0,,,,,,Canterbury Region,Nil,2-way,Sealed,,0,0,,50,,Null,1,0,,60,Christchurch City,Give way,,,,,0,0,Urban,0,,,Fine,Null
1694627,5377398,8743,,580801,0,,0,1,,South,2008/2009,SH 1S,MARFELLS BEACH ROAD,,Non-Injury Crash,Yes,2009,,North,,0,,Flat,,Easter,,,,Dark,2310100,0,0,0,2,,,0,,,,,,Marlborough Region,Nil,2-way,Sealed,,0,0,,100,,None,1,0,,53,Marlborough District,Nil,,,,,0,0,Open,0,,,Fine,Null
1755450,5918729,8744,,515420,0,0,0,2,0,North,2008/2009,GROSVENOR ST,GREAT NORTH ROAD,,Non-Injury Crash,No,2009,0,North,0,0,0,Hill Road,0,,0,,0,Dark,407400,0,0,0,1,0,0,0,0,1,,0,0,Auckland Region,Nil,1-way,Sealed,0,0,0,0,50,0,On,1,0,,76,Auckland,Nil,0,0,0,0,0,0,Urban,0,0,0,Fine,Null
1757754,5918222,8745,,515700,0,,0,1,,South,2009/2010,SH 1N,KHYBER PASS OFF NBD,,Non-Injury Crash,Yes,2009,,North,,0,,Flat,,,,,,Dark,443600,0,0,0,5,,,0,,,,,,Auckland Region,Nil,1-way,Sealed,,0,0,,80,,On,1,0,,76,Auckland,Nil,,,,,0,0,Open,0,,,Fine,Null
1882232,5774967,8746,,539100,0,,0,2,,North,2008/2009,BROOKLAND ROAD,CLAYTON ROAD,,Non-Injury Crash,No,2009,,South,,0,,Flat,,,,,,Overcast,1218400,0,0,0,2,,,0,,,,,,Bay of Plenty Region,Nil,2-way,Sealed,,0,0,,50,,Null,0,0,,24,Rotorua District,Nil,,,,,0,0,Urban,0,,,Fine,Null
1811897,5870605,8747,,533901,0,0,0,1,0,Null,2009/2010,SH 2,MAHUTA ROAD SOUTH,,Non-Injury Crash,Yes,2009,0,West,0,0,0,Flat,0,,0,,0,Dark,1068700,0,0,0,2,0,0,0,0,0,,0,0,Waikato Region,Nil,2-way,Sealed,0,0,0,0,100,0,None,0,0,,12,Hauraki District,Nil,0,0,0,0,0,0,Open,0,0,0,Fine,Null
1768773,5907597,8748,,523711,0,,0,2,,Null,2009/2010,ORMISTON ROAD,LAIDLAW WAY,,Non-Injury Crash,No,2009,,East,,0,,Flat,,,,,,Bright sun,712304,0,0,0,4,,,0,,,,,,Auckland Region,Nil,2-way,Sealed,,0,0,,50,,Off,0,0,,76,Auckland,Traffic Signals,,,,,0,0,Urban,0,,,Fine,Null
1824392,5458832,8749,,578301,0,0,0,1,0,Null,2009/2010,MASTERTON MARTINBOROUGH R,MANAIA ROAD,,Non-Injury Crash,No,2009,0,East,0,0,1,Flat,0,,0,,0,Overcast,2257000,0,0,0,2,0,0,0,0,0,,0,0,Wellington Region,Nil,2-way,Sealed,0,0,0,0,100,0,Null,0,0,,48,Masterton District,Give way,1,1,0,0,0,0,Open,0,0,0,Fine,Null