X,Y,OBJECTID,advisorySpeed,areaUnitID,bicycle,bridge,bus,carStationWagon,cliffBank,crashDirectionDescription,crashFinancialYear,crashLocation1,crashLocation2,crashRoadSideRoad,crashSeverity,crashSHDescription,crashYear,debris,directionRoleDescription,ditch,fatalCount,fence,flatHill,guardRail,holiday,houseOrBuilding,intersection,kerb,light,meshblockId,minorInjuryCount,moped,motorcycle,NumberOfLanes,objectThrownOrDropped,otherObject,otherVehicleType,overBank,parkedVehicle,pedestrian,phoneBoxEtc,postOrPole,region,roadCharacter,roadLane,roadSurface,roadworks,schoolBus,seriousInjuryCount,slipOrFlood,speedLimit,strayAnimal,streetLight,suv,taxi,temporarySpeedLimit,tlaId,tlaName,trafficControl,trafficIsland,trafficSign,train,tree,truck,unknownVehicleType,urban,vanOrUtility,vehicle,waterRiver,weatherA,weatherB
1879426,5824020,8750,,538201,0,0,0,1,0,Null,2008/2009,DEVONPORT ROAD,FIRST AVENUE,,Non-Injury Crash,No,2009,0,West,0,0,0,Flat,0,,1,,0,Dark,1165800,0,0,0,2,0,0,0,0,0,,0,0,Bay of Plenty Region,Nil,2-way,Sealed,0,0,0,0,50,0,On,0,0,,23,Tauranga City,Give way,0,0,0,0,0,0,Urban,0,0,0,Fine,Null
1930161,5604861,8751,,548200,0,,0,0,,Null,2008/2009,AVENUE ROAD EAST,WARREN ST NORTH,,Non-Injury Crash,No,2009,,East,,0,,Flat,,,,,,Bright sun,1493400,0,0,0,2,,,0,,,,,,Hawke's Bay Region,Nil,2-way,Sealed,,0,0,,50,,Null,0,0,,30,Hastings District,Give way,,,,,0,0,Urban,2,,,Fine,Null
1745378,5917174,8752,,510800,0,,0,1,,South,2008/2009,RAILSIDE AVENUE,GREAT NORTH ROAD,,Non-Injury Crash,No,2009,,North,,0,,Flat,,Easter,,,,Bright sun,241600,0,0,0,2,,,0,,,,,,Auckland Region,Nil,2-way,Sealed,,0,0,,50,,Null,0,0,,76,Auckland,Nil,,,,,0,0,Urban,1,,,Fine,Null
1767729,5913583,8753,,522820,0,0,0,2,0,Null,2008/2009,PAKURANGA ROAD,GRAMMAR SCHOOL ROAD,,Non-Injury Crash,No,2009,0,East,0,0,0,Hill Road,0,,0,,0,Twilight,695002,0,0,0,6,0,0,0,0,0,,0,0,Auckland Region,Nil,2-way,Sealed,0,0,0,0,60,0,Off,0,0,,76,Auckland,Give way,0,1,0,0,0,0,Urban,0,0,0,Fine,Null
1757630,5920862,8754,,514103,0,0,0,1,0,Null,2008/2009,CUSTOMS ST EAST,COMMERCE ST,,Non-Injury Crash,No,2009,0,East,0,0,0,Flat,0,,0,,0,Dark,438000,0,0,0,4,0,0,0,0,0,,0,1,Auckland Region,Nil,2-way,Sealed,0,0,0,0,50,0,On,0,0,,76,Auckland,Traffic Signals,0,0,0,0,0,0,Urban,0,0,0,Fine,Null
1687488,6092884,8755,,501633,0,,0,2,,Null,2009/2010,SH 10,SH 11,,Non-Injury Crash,Yes,2009,,South,,0,,Flat,,,,,,Overcast,35800,0,0,0,2,,,0,,,,,,Northland Region,Nil,2-way,Sealed,,0,0,,100,,Off,0,0,,1,Far North District,Stop,,,,,0,0,Open,0,,,Fine,Null
1756924,5920805,8756,,514101,0,,0,1,,Null,2009/2010,FANSHAWE ST,CUSTOMS ST WEST S,,Non-Injury Crash,No,2009,,West,,0,,Flat,,,,,,Bright sun,440114,0,0,0,5,,,0,,,,,,Auckland Region,Nil,2-way,Sealed,,0,0,,50,,Off,0,0,,76,Auckland,Traffic Signals,,,,,0,0,Urban,1,,,Fine,Null
1771734,5912393,8757,,523106,0,,0,1,,Null,2009/2010,CHAPEL ROAD,WHITFORD ROAD,,Non-Injury Crash,No,2009,,North,,0,,Flat,,,,,,Overcast,3209002,0,0,0,2,,,0,,,,,,Auckland Region,Nil,2-way,Sealed,,0,0,,50,,Off,0,0,,76,Auckland,Give way,,,,,1,0,Urban,0,,,Fine,Null
1687421,5671435,8758,75,551030,0,,0,1,,Null,2008/2009,SH 45,HURFORD ROAD,,Non-Injury Crash,Yes,2009,,North,,0,,Flat,,,,,,Overcast,1555900,0,0,0,2,,,0,,,,,,Taranaki Region,Nil,2-way,Sealed,,0,0,,100,,Null,0,0,,33,New Plymouth District,Nil,,,,,0,0,Open,1,,,Light rain,Null
1756977,5449001,8759,,572000,0,,0,4,,Null,2009/2010,SH 1N,MANA VIEW ROAD,,Non-Injury Crash,Yes,2009,,South,,0,,Flat,,,,,,Bright sun,2069500,0,0,0,2,,,0,,,,,,Wellington Region,Nil,2-way,Sealed,,0,0,,50,,Null,0,0,,44,Porirua City,Traffic Signals,,,,,0,0,Urban,0,,,Fine,Null
1764205,5917447,8760,,516302,0,,0,2,,Null,2008/2009,COLLEGE ROAD,ST JOHNS ROAD,,Non-Injury Crash,No,2009,,North,,0,,Flat,,Easter,,,,Overcast,462700,0,0,0,4,,,0,,,,,,Auckland Region,Nil,2-way,Sealed,,0,0,,50,,Off,0,0,,76,Auckland,Give way,,,,,0,0,Urban,0,,,Fine,Null
1753629,5928075,8761,,508310,0,,0,2,,Null,2009/2010,GLENFIELD ROAD,BENTLEY AVENUE,,Non-Injury Crash,No,2009,,South,,0,,Flat,,,,,,Bright sun,200000,0,0,0,6,,,0,,,,,,Auckland Region,Nil,2-way,Sealed,,0,0,,50,,Null,0,0,,76,Auckland,Traffic Signals,,,,,0,0,Urban,0,,,Fine,Null
1852579,5856943,8762,,534200,0,0,0,1,0,South,2009/2010,SH 2,HEATH ROAD,,Non-Injury Crash,Yes,2009,0,North,1,0,0,Hill Road,0,,0,,0,Bright sun,1083301,0,0,0,2,0,0,0,0,0,,0,0,Waikato Region,Nil,2-way,Sealed,0,0,0,0,100,0,Null,0,0,,12,Hauraki District,Unknown,0,0,0,0,0,0,Open,0,0,0,Fine,Null
1759673,5917004,8763,,516001,0,,0,2,,West,2009/2010,REMUERA ROAD,PORTLAND ROAD,,Non-Injury Crash,No,2009,,West,,0,,Flat,,,,,,Dark,491500,0,0,0,2,,,0,,,,,,Auckland Region,Nil,2-way,Sealed,,0,0,,50,,On,0,0,,76,Auckland,Nil,,,,,0,0,Urban,0,,,Light rain,Null
1765670,5901356,8764,,524821,0,0,0,1,0,South,2009/2010,ROSCOMMON ROAD,BROWNS ROAD,,Non-Injury Crash,No,2009,0,North,0,0,0,Hill Road,0,,0,,0,Twilight,774446,0,0,0,5,0,0,0,0,0,,0,1,Auckland Region,Nil,2-way,Sealed,0,0,0,0,50,0,On,0,0,,76,Auckland,Nil,0,0,0,0,0,0,Urban,0,0,0,Heavy rain,Null
1878541,5822953,8765,,538102,0,,0,2,,Null,2009/2010,CAMERON ROAD,ELEVENTH AVENUE,,Non-Injury Crash,No,2009,,North,,0,,Flat,,,,,,Bright sun,1167101,0,0,0,4,,,0,,,,,,Bay of Plenty Region,Nil,2-way,Sealed,,0,0,,50,,Null,0,0,,23,Tauranga City,Traffic Signals,,,,,0,0,Urban,0,,,Fine,Null
1350767,4878297,8766,70,606700,0,,0,0,,South,2009/2010,SH 1S,HILLEND ROAD,,Minor Crash,Yes,2009,,South,,0,,Hill Road,,,,,,Overcast,2985904,1,0,1,2,,,0,,,,,,Otago Region,Nil,2-way,Sealed,,0,0,,100,,Null,0,0,,72,Clutha District,Unknown,,,,,0,0,Open,0,,,Fine,Strong wind
1718371,6044008,8767,,503500,0,,0,2,,North,2009/2010,SH 1N,APPLETON PLACE,,Non-Injury Crash,Yes,2009,,South,,0,,Flat,,,,,,Bright sun,108200,0,0,0,2,,,0,,,,,,Northland Region,Nil,2-way,Sealed,,0,0,,50,,Off,0,0,,2,Whangarei District,Nil,,,,,0,0,Urban,0,,,Fine,Null
1765922,5905621,8768,,522400,0,,0,1,,Null,2009/2010,CARRUTH ROAD,VICTORIA ROAD,,Non-Injury Crash,No,2009,,West,,0,,Flat,,,,,,Bright sun,671801,0,0,0,2,,,0,,,,,,Auckland Region,Nil,2-way,Sealed,,0,0,,50,,Off,0,0,,76,Auckland,Stop,,,,,0,0,Urban,1,,,Fine,Null
1698926,6087200,8769,,501620,0,0,0,1,1,North,2008/2009,SH 11,WAIKARE ROAD,,Non-Injury Crash,Yes,2009,0,South,0,0,0,Hill Road,0,,0,,0,Twilight,47601,0,0,0,2,0,0,0,0,0,,0,0,Northland Region,Nil,2-way,Sealed,0,0,0,0,80,0,None,0,0,,1,Far North District,Unknown,0,0,0,1,0,0,Open,0,0,0,Light rain,Null
1764038,5915025,8770,,520303,0,,0,2,,West,2009/2010,ELLERSLIE-PANMURE HIGHWAY,LUNN AVENUE,,Non-Injury Crash,No,2009,,West,,0,,Flat,,,,,,Bright sun,626901,0,0,0,2,,,0,,,,,,Auckland Region,Nil,2-way,Sealed,,0,0,,50,,Null,0,0,,76,Auckland,Unknown,,,,,0,0,Urban,0,,,Fine,Null
1755849,5935656,8771,,507101,0,,1,1,,Null,2008/2009,BEACH ROAD,VALLEY ROAD,,Non-Injury Crash,No,2009,,West,,0,,Hill Road,,,,,,Dark,162502,0,0,0,2,,,0,,,,,,Auckland Region,Nil,2-way,Sealed,,0,0,,50,,On,0,0,,76,Auckland,Give way,,,,,0,0,Urban,0,,,Light rain,Null
1757382,5920402,8772,,514102,0,,0,2,,South,2008/2009,QUEEN ST,VICTORIA ST WEST,,Non-Injury Crash,No,2009,,South,,0,,Hill Road,,,,,,Dark,434000,0,0,0,2,,,0,,,,,,Auckland Region,Nil,2-way,Sealed,,0,0,,50,,On,0,0,,76,Auckland,Unknown,,,,,0,0,Urban,0,,,Fine,Null
1903696,5566908,8773,,549500,0,,0,2,,East,2009/2010,PEEL ST,SH 2,,Non-Injury Crash,No,2009,,East,,0,,Flat,,,,,,Overcast,1520100,0,0,0,2,,,0,,,,,,Hawke's Bay Region,Nil,2-way,Sealed,,0,0,,50,,Null,0,0,,32,Central Hawke's Bay District,Nil,,,,,0,0,Urban,0,,,Light rain,Null
1760738,5915458,8774,,520201,0,,0,2,,North,2008/2009,SH 1N,TE COMA OFF SBD,,Non-Injury Crash,Yes,2009,,South,,0,,Flat,,,,,,Bright sun,613000,0,0,0,3,,,0,,,,,,Auckland Region,Nil,1-way,Sealed,,0,0,,100,,Null,0,0,,76,Auckland,Unknown,,,,,0,0,Open,1,,,Fine,Null
1752264,5436077,8775,,573801,0,0,0,2,0,Null,2008/2009,MARK AVENUE,TANIA WAY,,Non-Injury Crash,No,2009,0,South,0,0,0,Hill Road,0,,0,,0,Twilight,2079401,0,0,0,2,0,0,0,0,1,,0,0,Wellington Region,Nil,2-way,Sealed,0,0,0,0,50,0,Off,0,0,,47,Wellington City,Nil,0,0,0,0,0,0,Urban,0,0,0,Fine,Null
1752355,5918069,8776,,515001,0,,0,2,,West,2008/2009,GREAT NORTH ROAD,CARRINGTON ROAD,,Non-Injury Crash,No,2009,,West,,0,,Flat,,,,,,Twilight,392400,0,0,0,5,,,0,,,,,,Auckland Region,Nil,2-way,Sealed,,0,0,,50,,On,0,0,,76,Auckland,Nil,,,,,0,0,Urban,0,,,Light rain,Null
1730607,6018721,8777,,501816,0,0,0,1,0,East,2009/2010,NOVA SCOTIA DRIVE,SH 1N,,Non-Injury Crash,No,2009,0,East,1,0,0,Flat,0,,0,,0,Dark,80302,0,0,0,2,0,0,0,0,0,,0,0,Northland Region,Nil,2-way,Sealed,0,0,0,0,100,0,None,0,0,,2,Whangarei District,Nil,0,0,0,0,0,0,Open,0,0,0,Light rain,Null
1768840,5910688,8778,,523112,0,0,0,1,0,Null,2009/2010,HARRIS ROAD,GREENMOUNT DRIVE,,Non-Injury Crash,No,2009,0,West,0,0,1,Flat,0,,0,,0,Overcast,711701,0,0,0,2,0,0,0,0,0,,0,0,Auckland Region,Nil,2-way,Sealed,0,0,0,0,60,0,Off,0,0,,76,Auckland,Stop,0,0,0,0,0,0,Urban,0,0,0,Fine,Null
1755087,5929157,8779,,508320,0,,0,2,,Null,2008/2009,WAIRAU ROAD,VIEW ROAD S,,Non-Injury Crash,No,2009,,North,,0,,Flat,,,,,,Overcast,196600,0,0,0,4,,,0,,,,,,Auckland Region,Nil,2-way,Sealed,,0,0,,50,,Off,0,0,,76,Auckland,Give way,,,,,0,0,Urban,0,,,Fine,Null
1766096,5877033,8780,,521153,0,0,0,1,0,South,2009/2010,SETTLEMENT ROAD,TRAMWAY ROAD,,Non-Injury Crash,No,2009,0,North,0,0,1,Hill Road,0,,0,,0,Overcast,825302,0,0,0,2,0,0,0,0,0,,0,1,Waikato Region,Nil,2-way,Sealed,0,0,0,0,50,0,Off,0,0,,13,Waikato District,Nil,0,0,0,0,0,0,Urban,0,0,0,Light rain,Null
1753378,5439592,8781,,572500,0,,0,1,,North,2009/2010,SH 1N,TAWA ON NBD,,Non-Injury Crash,Yes,2009,,North,,0,,Flat,,,,,,Bright sun,1986700,0,0,0,2,,,0,,,,,,Wellington Region,Nil,2-way,Sealed,,0,0,,100,,Null,1,0,,47,Wellington City,Nil,,,,,0,0,Open,1,,,Fine,Null
1867430,5713709,8782,,541720,0,0,0,1,0,North,2009/2010,TANIWHA ST,PAORA HAPI ST,,Non-Injury Crash,No,2009,0,South,0,0,0,Hill Road,0,,0,,0,Dark,1273500,0,0,0,2,0,0,0,0,1,,0,0,Waikato Region,Nil,2-way,Sealed,0,0,0,0,50,0,On,1,0,,21,Taupo District,Unknown,0,0,0,0,0,0,Urban,0,0,0,Fine,Null
1754671,5917733,8783,,517600,0,0,0,1,0,Null,2009/2010,WESTERN SPRINGS ROAD,INWOOD ST,,Non-Injury Crash,No,2009,0,East,0,0,0,Hill Road,0,,0,,0,Overcast,533700,0,0,0,2,0,0,0,0,0,,0,1,Auckland Region,Nil,2-way,Sealed,0,0,0,0,50,0,Off,0,0,,76,Auckland,Nil,0,0,0,0,0,0,Urban,0,0,0,Fine,Null
1768673,5880686,8784,,525921,0,,0,0,,South,2008/2009,QUEEN ST,HARRIS ST,,Non-Injury Crash,No,2009,,North,,0,,Flat,,,,,,Bright sun,821900,0,0,0,2,,,0,,,,,,Auckland Region,Nil,2-way,Sealed,,0,0,,50,,Off,1,0,,76,Auckland,Nil,,,,,0,0,Urban,1,,,Fine,Null
1723294,6041074,8785,,504100,0,0,0,1,0,East,2009/2010,HANDFORTH ST,COCKBURN ST,,Non-Injury Crash,No,2009,0,West,0,0,0,Flat,0,,0,,0,Twilight,112201,0,0,0,2,0,0,0,0,0,,0,0,Northland Region,Nil,2-way,Sealed,0,0,0,0,50,0,On,0,0,,2,Whangarei District,Unknown,0,1,0,0,0,0,Urban,0,0,0,Fine,Null
1931266,5783647,8786,,542540,0,0,0,1,0,South,2008/2009,SH 34,SH 30,,Non-Injury Crash,Yes,2009,0,South,1,0,0,Flat,0,,0,,0,Bright sun,1324602,0,0,0,2,0,0,0,0,0,,0,0,Bay of Plenty Region,Nil,2-way,Sealed,0,0,0,0,70,0,Off,0,0,,25,Whakatane District,Nil,0,0,0,0,0,0,Urban,0,0,0,Fine,Null
1797242,5815466,8787,,528501,0,,0,2,,Null,2008/2009,ELLICOTT ROAD,MAPLE AVENUE,,Non-Injury Crash,No,2009,,East,,0,,Flat,,,,,,Overcast,905902,0,0,0,2,,,0,,,,,,Waikato Region,Nil,2-way,Sealed,,0,0,,50,,Null,0,0,,16,Hamilton City,Give way,,,,,0,0,Urban,0,,,Fine,Null
1878299,5822666,8788,,538102,0,,0,1,,Null,2008/2009,CAMERON ROAD,THIRTEENTH AVENUE,,Non-Injury Crash,No,2009,,North,,0,,Flat,,,,,,Bright sun,1167104,0,0,0,4,,,0,,,,,,Bay of Plenty Region,Nil,2-way,Sealed,,0,0,,50,,Null,0,0,,23,Tauranga City,Traffic Signals,,,,,0,0,Urban,1,,,Fine,Null
1771584,5473448,8789,,563705,0,0,0,3,0,Null,2008/2009,TE MOANA ROAD,PARK AVENUE,,Non-Injury Crash,No,2009,0,South,0,0,0,Flat,1,,0,,0,Bright sun,1876700,0,0,0,2,0,0,0,0,1,,0,0,Wellington Region,Nil,2-way,Sealed,0,0,0,0,50,0,Null,0,0,,43,Kapiti Coast District,Give way,0,0,0,0,0,0,Urban,0,0,0,Fine,Null
1806680,5788801,8790,,527937,0,0,0,1,0,North,2008/2009,FLAT ROAD,MCGHIE ROAD,,Non-Injury Crash,No,2009,0,North,0,0,1,Flat,0,Christmas New Year,0,,0,Dark,989400,0,0,0,2,0,0,0,0,0,,0,0,Waikato Region,Nil,2-way,Sealed,0,0,0,0,50,0,None,0,0,,17,Waipa District,Unknown,0,0,0,0,0,0,Urban,0,0,0,Fine,Null
1773381,5577642,8791,,556300,0,,0,2,,Null,2009/2010,SH 3,PURNELL ST,,Non-Injury Crash,Yes,2009,,West,,0,,Flat,,,,,,Bright sun,1723300,0,0,0,2,,,0,,,,,,Manawatū-Whanganui Region,Nil,2-way,Sealed,,0,0,,50,,Null,0,0,,37,Whanganui District,Give way,,,,,0,0,Urban,0,,,Fine,Null
1745146,5919394,8792,,513301,0,0,0,1,0,West,2008/2009,POINSETTIA PLACE,LINCOLN ROAD,,Non-Injury Crash,No,2009,0,South,0,0,0,Flat,0,,0,,0,Dark,232003,0,0,0,2,0,0,0,0,1,,0,0,Auckland Region,Nil,2-way,Sealed,0,0,0,0,50,0,On,0,0,,76,Auckland,Nil,0,0,0,0,1,0,Urban,0,0,0,Light rain,Null
1896199,5811729,8793,,536653,0,,0,2,,East,2009/2010,TE PUKE HIGHWAY,RANGIURU ROAD,,Non-Injury Crash,No,2009,,West,,0,,Flat,,,,,,Bright sun,1210100,0,0,0,2,,,0,,,,,,Bay of Plenty Region,Nil,2-way,Sealed,,0,0,,70,,Null,0,0,,22,Western Bay of Plenty District,Nil,,,,,0,0,Urban,0,,,Fine,Null
1743699,5919370,8794,,513212,0,,0,2,,Null,2008/2009,UNIVERSAL DRIVE,SWANSON ROAD,,Non-Injury Crash,No,2009,,East,,0,,Flat,,,,,,Dark,235600,0,0,0,2,,,0,,,,,,Auckland Region,Nil,2-way,Sealed,,0,0,,50,,On,0,0,,76,Auckland,Give way,,,,,0,0,Urban,0,,,Fine,Null
1566996,5198200,8795,,586604,0,1,0,0,0,Null,2009/2010,JACKSONS ROAD,MILL ROAD,,Minor Crash,No,2009,0,West,0,0,0,Flat,0,,0,,0,Overcast,2455602,1,0,0,2,0,0,0,0,0,,0,0,Canterbury Region,Nil,2-way,Sealed,0,0,0,0,50,0,Null,1,0,,59,Waimakariri District,Give way,0,0,0,0,0,0,Urban,0,0,0,Light rain,Null
1745406,5920775,8796,,513301,0,,0,1,,East,2009/2010,LINCOLN ON WBD,SH 16,,Non-Injury Crash,Yes,2009,,West,,0,,Null,,,,,,Bright sun,231700,0,0,0,1,,,0,,,,,,Auckland Region,Motorway ramp,1-way,Sealed,,0,0,,100,,Off,0,0,,76,Auckland,Nil,,,,,0,0,Open,1,,,Fine,Null
1841540,5920279,8797,,533000,0,0,0,0,0,South,2009/2010,ESPLANADE,MILL ROAD,,Non-Injury Crash,No,2009,0,South,0,0,0,Flat,0,,1,,0,Twilight,1047300,0,0,0,2,0,0,0,0,0,,0,0,Waikato Region,Nil,2-way,Sealed,0,0,0,0,50,0,On,0,0,,11,Thames-Coromandel District,Nil,0,0,0,0,0,0,Urban,1,0,0,Fine,Null
1719870,6048543,8798,,502202,0,,0,1,,Null,2009/2010,KIRIPAKA ROAD,BREWERY BRIDGE ROAD,,Non-Injury Crash,No,2009,,West,,0,,Hill Road,,,,,,Dark,88600,0,0,0,2,,,0,,,1,,,Northland Region,Nil,2-way,Sealed,,0,0,,50,,On,0,0,,2,Whangarei District,Nil,,,,,0,0,Urban,0,,,Fine,Null
1752620,5436975,8799,,573511,0,,0,2,,Null,2008/2009,WESTCHESTER DRIVE,CHURTON PARK OFF NBD,,Non-Injury Crash,No,2009,,East,,0,,Hill Road,,,,,,Overcast,2086203,0,0,0,2,,,0,,,,,,Wellington Region,Motorway ramp,2-way,Sealed,,0,0,,50,,Null,0,0,,47,Wellington City,Give way,,,,,0,0,Urban,0,,,Fine,Null
1755936,5919263,8800,,515420,0,,0,0,,Null,2008/2009,CRUMMER ROAD,POLLEN ST,,Non-Injury Crash,No,2009,,West,,0,,Flat,,,,,,Overcast,411000,0,0,1,1,,,0,,,,,,Auckland Region,Nil,1-way,Sealed,,0,0,,50,,Off,0,0,,76,Auckland,Stop,,,,,0,0,Urban,1,,,Fine,Null
1751687,5917066,8801,,514900,0,,0,3,,South,2008/2009,GREAT NORTH ROAD,ALFORD ST,,Non-Injury Crash,No,2009,,North,,0,,Flat,,,,,,Bright sun,384701,0,0,0,4,,,0,,,,,,Auckland Region,Nil,2-way,Sealed,,0,0,,50,,Off,0,0,,76,Auckland,Nil,,,,,0,0,Urban,0,,,Fine,Null
1768598,5905470,8802,,523721,0,0,0,2,0,South,2009/2010,ZELDA AVENUE,MAYTIME ST,,Non-Injury Crash,No,2009,0,South,0,0,1,Flat,0,,0,,0,Bright sun,715619,0,0,0,1,0,0,0,0,0,,0,0,Auckland Region,Nil,2-way,Sealed,0,0,0,0,50,0,Off,0,0,,76,Auckland,Nil,0,0,0,0,0,0,Urban,0,0,0,Fine,Null
1890494,5760120,8803,,538850,0,,0,1,,South,2009/2010,SH 5,WILSON ROAD,,Non-Injury Crash,Yes,2009,,North,,0,,Flat,,,,,,Dark,1258800,0,0,0,2,,,0,,,,,,Waikato Region,Nil,2-way,Sealed,,0,0,,100,,None,0,0,,24,Rotorua District,Unknown,,,,,0,0,Open,0,,,Light rain,Null
1751527,5916405,8804,,514401,0,0,0,0,0,Null,2009/2010,BLOCKHOUSE BAY ROAD,GREAT NORTH ROAD,,Non-Injury Crash,No,2009,0,North,0,0,0,Flat,0,,0,,0,Dark,383600,0,0,0,3,0,0,0,0,0,,0,0,Auckland Region,Nil,2-way,Sealed,0,0,0,0,50,0,On,1,0,,76,Auckland,Traffic Signals,0,0,0,0,1,0,Urban,0,1,0,Light rain,Null
1404432,4914587,8805,,604210,0,0,0,1,0,East,2008/2009,BARNES DRIVE,HUDSON ST,,Non-Injury Crash,No,2009,0,West,0,0,0,Hill Road,0,,0,,0,Bright sun,2915700,0,0,0,2,0,0,0,0,1,,0,0,Otago Region,Nil,2-way,Sealed,0,0,0,0,50,0,Null,1,0,,71,Dunedin City,Unknown,0,0,0,0,0,0,Urban,0,0,0,Fine,Null
1768514,5902561,8806,,524901,0,,0,2,,West,2009/2010,ORAMS ROAD,ROTHERY ROAD,,Non-Injury Crash,No,2009,,East,,0,,Hill Road,,,,,,Dark,754300,0,0,0,2,,,0,,,,,,Auckland Region,Nil,2-way,Sealed,,0,0,,50,,On,0,0,,76,Auckland,Unknown,,,,,0,0,Urban,0,,,Fine,Null
1905680,5808056,8807,,536654,0,0,0,1,0,West,2009/2010,SH 2,ARAWA ROAD,,Non-Injury Crash,Yes,2009,0,West,0,0,1,Flat,0,,0,,0,Overcast,1211800,0,0,0,2,0,0,0,0,0,,0,0,Bay of Plenty Region,Nil,2-way,Sealed,0,0,0,0,100,0,Null,0,0,,22,Western Bay of Plenty District,Unknown,0,0,0,0,0,0,Open,0,0,0,Light rain,Null
1866250,5752025,8808,,535262,0,0,0,1,1,East,2008/2009,SH 30,GEARS ROAD,,Non-Injury Crash,Yes,2009,0,East,0,0,0,Flat,0,,0,,0,Overcast,1152900,0,0,0,2,0,0,0,0,0,,0,0,Waikato Region,Nil,2-way,Sealed,0,0,0,0,100,0,Null,0,0,,19,South Waikato District,Unknown,0,0,0,0,0,0,Open,0,0,0,Fine,Null
1758415,5926589,8809,,508020,0,,0,1,,Null,2009/2010,LAKE ROAD,ESMONDE ROAD,,Non-Injury Crash,No,2009,,North,,0,,Flat,,,,,,Bright sun,325402,0,0,0,2,,,0,,,,,,Auckland Region,Nil,2-way,Sealed,,0,0,,50,,Null,0,0,,76,Auckland,Nil,,,,,1,0,Urban,0,,,Fine,Null
1744318,5922429,8810,,513512,0,,0,1,,Null,2009/2010,MAKORA ROAD,ROYAL OFF WBD,,Non-Injury Crash,No,2009,,South,,0,,Hill Road,,,,,,Twilight,225501,0,0,0,2,,,0,,,,,,Auckland Region,Motorway ramp,1-way,Sealed,,0,0,,50,,None,1,0,,76,Auckland,Traffic Signals,,,,,0,0,Urban,0,,,Fine,Null
1802226,5814481,8811,,530200,0,0,0,4,0,North,2009/2010,FIRTH ST,WELLINGTON ST,,Non-Injury Crash,No,2009,0,South,0,0,0,Flat,0,,0,,0,Dark,891801,0,0,0,2,0,0,0,0,1,,0,0,Waikato Region,Nil,1-way,Sealed,0,0,0,0,50,0,On,0,0,,16,Hamilton City,Nil,0,0,0,0,0,0,Urban,0,0,0,Light rain,Null
1744605,5910309,8812,,512902,0,0,0,1,1,South,2009/2010,SCENIC DRIVE,SHAW ROAD,,Non-Injury Crash,No,2009,0,South,0,0,0,Hill Road,0,,0,,0,Dark,282302,0,0,0,2,0,0,0,0,0,,0,0,Auckland Region,Nil,2-way,Sealed,0,0,0,0,100,0,None,0,0,,76,Auckland,Nil,0,0,0,0,0,0,Open,0,0,0,Fine,Null
1566815,5175597,8813,,587847,0,0,0,1,0,South,2008/2009,SPARKS ROAD,HENDERSONS ROAD,,Non-Injury Crash,No,2009,0,North,0,0,0,Flat,0,,0,,0,Dark,2485300,0,0,0,2,0,0,0,0,0,,0,1,Canterbury Region,Nil,2-way,Sealed,0,0,0,0,80,0,On,0,0,,60,Christchurch City,Unknown,0,0,0,0,0,0,Open,0,0,0,Fine,Null
1757609,5919904,8814,,514103,0,,0,1,,West,2008/2009,WELLESLEY ST EAST,SYMONDS ST,,Non-Injury Crash,No,2009,,West,,0,,Hill Road,,,,,,Overcast,436700,0,0,0,1,,,0,,,,,,Auckland Region,Nil,1-way,Sealed,,0,0,,50,,Null,0,0,,76,Auckland,Unknown,,,,,0,0,Urban,1,,,Fine,Null
1751307,5433230,8815,,574303,0,0,0,1,0,North,2008/2009,SH 1N,ABATTOIRS ROAD,,Non-Injury Crash,Yes,2009,0,North,0,0,0,Hill Road,0,,0,,0,Overcast,2088705,0,0,0,2,0,0,0,0,0,,1,0,Wellington Region,Nil,2-way,Sealed,0,0,0,0,80,0,Null,0,0,,47,Wellington City,Nil,1,1,0,0,0,0,Open,0,0,0,Heavy rain,Null
1755758,5919334,8816,,515420,0,0,0,3,0,Null,2008/2009,WILLIAMSON AVENUE,MACKELVIE ST,,Non-Injury Crash,No,2009,0,East,0,0,0,Hill Road,0,,0,,0,Bright sun,411100,0,0,0,2,0,0,0,0,1,,0,0,Auckland Region,Nil,2-way,Sealed,0,0,0,0,50,0,Off,0,0,,76,Auckland,Stop,0,0,0,0,0,0,Urban,0,0,0,Fine,Null
1754453,5915142,8817,,518802,0,,0,2,,Null,2008/2009,MOUNT ALBERT ROAD,SANDRINGHAM ROAD,,Non-Injury Crash,No,2009,,West,,0,,Flat,,,,,,Overcast,577300,0,0,0,4,,,0,,,,,,Auckland Region,Nil,2-way,Sealed,,0,0,,50,,Off,0,0,,76,Auckland,Traffic Signals,,,,,0,0,Urban,0,,,Light rain,Null
1841210,5920194,8818,,533000,0,,0,2,,South,2009/2010,ALBERT ST,MONK ST,,Non-Injury Crash,No,2009,,North,,0,,Flat,,,,,,Bright sun,1047300,0,0,0,2,,,0,,,,,,Waikato Region,Nil,2-way,Sealed,,0,0,,50,,Null,0,0,,11,Thames-Coromandel District,Give way,,,,,0,0,Urban,0,,,Fine,Null
1758822,5912172,8819,,519820,0,,0,2,,Null,2009/2010,SELWYN ST,CHURCH ST,,Non-Injury Crash,No,2009,,North,,0,,Flat,,,,,,Dark,601700,0,0,0,2,,,0,,,,,,Auckland Region,Nil,2-way,Sealed,,0,0,,50,,On,0,0,,76,Auckland,Traffic Signals,,,,,0,0,Urban,0,,,Heavy rain,Null