X,Y,OBJECTID,advisorySpeed,areaUnitID,bicycle,bridge,bus,carStationWagon,cliffBank,crashDirectionDescription,crashFinancialYear,crashLocation1,crashLocation2,crashRoadSideRoad,crashSeverity,crashSHDescription,crashYear,debris,directionRoleDescription,ditch,fatalCount,fence,flatHill,guardRail,holiday,houseOrBuilding,intersection,kerb,light,meshblockId,minorInjuryCount,moped,motorcycle,NumberOfLanes,objectThrownOrDropped,otherObject,otherVehicleType,overBank,parkedVehicle,pedestrian,phoneBoxEtc,postOrPole,region,roadCharacter,roadLane,roadSurface,roadworks,schoolBus,seriousInjuryCount,slipOrFlood,speedLimit,strayAnimal,streetLight,suv,taxi,temporarySpeedLimit,tlaId,tlaName,trafficControl,trafficIsland,trafficSign,train,tree,truck,unknownVehicleType,urban,vanOrUtility,vehicle,waterRiver,weatherA,weatherB
1770953,5901687,8820,,523813,0,,0,1,,East,2009/2010,RANFURLY ROAD,STRATFORD ROAD,,Non-Injury Crash,No,2009,,West,,0,,Flat,,Christmas New Year,,,,Bright sun,759600,0,0,0,2,,,0,,,,,,Auckland Region,Nil,2-way,Sealed,,0,0,,80,,Off,0,0,,76,Auckland,Nil,,,,,0,0,Open,0,,,Fine,Null
1821928,5525961,8821,,561813,0,,0,2,,South,2009/2010,TENNENT DRIVE,BOURKE ROAD,,Non-Injury Crash,No,2009,,South,,0,,Hill Road,,,,,,Overcast,1799100,0,0,0,2,,,0,,,,,,Manawatū-Whanganui Region,Nil,2-way,Sealed,,0,0,,50,,Null,0,0,,40,Palmerston North City,Nil,,,,,0,0,Urban,0,,,Fine,Null
1798707,5815478,8822,,528900,0,,0,2,,Null,2008/2009,EDGAR ST,SH 1N,,Non-Injury Crash,Yes,2009,,South,,0,,Flat,,,,,,Overcast,915500,0,0,0,2,,,0,,,,,,Waikato Region,Nil,2-way,Sealed,,0,0,,50,,Null,0,0,,16,Hamilton City,Give way,,,,,0,0,Urban,0,,,Fine,Null
1261738,4961256,8823,85,610020,0,0,0,1,1,South,2009/2010,SH 6,CAINARD ROAD,,Non-Injury Crash,Yes,2009,0,West,0,0,0,Flat,0,,0,,0,Dark,3040602,0,0,0,2,0,0,0,0,0,,0,0,Southland Region,Nil,2-way,Sealed,0,0,0,0,100,0,None,0,0,,73,Southland District,Unknown,0,0,0,0,0,0,Open,0,0,0,Mist or Fog,Null
1763573,5906023,8824,,524303,0,0,0,1,0,Null,2008/2009,PARK AVENUE,LENDENFELD DRIVE,,Non-Injury Crash,No,2009,0,East,0,0,1,Flat,0,,0,,0,Dark,655900,0,0,0,2,0,0,0,0,0,,0,0,Auckland Region,Nil,2-way,Sealed,0,0,0,0,50,0,On,0,0,,76,Auckland,Nil,0,0,0,0,0,0,Urban,0,0,0,Fine,Null
1801947,5633729,8825,,554900,0,1,0,0,0,Null,2008/2009,RAETIHI OHAKUNE ROAD,GOLF COURSE ROAD,,Non-Injury Crash,No,2009,0,West,0,0,0,Flat,0,,0,,0,Overcast,1673900,0,0,0,2,0,0,0,0,0,,0,0,Manawatū-Whanganui Region,Nil,2-way,Sealed,0,0,0,0,100,0,Null,1,0,,36,Ruapehu District,Nil,0,0,0,0,0,0,Open,0,0,0,Light rain,Null
1812743,5802471,8826,,527931,0,0,0,1,0,West,2008/2009,KAIPAKI ROAD,THIRLWALL LANE,,Non-Injury Crash,No,2009,0,East,0,0,1,Flat,0,,0,,0,Dark,987902,0,0,0,2,0,0,0,0,0,,0,0,Waikato Region,Nil,2-way,Sealed,0,0,0,0,100,0,None,0,0,,17,Waipa District,Unknown,0,0,0,0,0,0,Open,0,0,0,Fine,Null
1855593,5876826,8827,,533300,0,0,0,1,0,East,2009/2010,ISLAND VIEW ROAD,GIVEN AVENUE,,Non-Injury Crash,No,2009,0,East,0,0,1,Flat,0,,0,,0,Dark,1061403,0,0,0,2,0,0,0,0,0,,0,0,Waikato Region,Nil,2-way,Sealed,0,0,0,0,50,0,None,0,0,,11,Thames-Coromandel District,Unknown,0,0,0,0,0,0,Urban,0,0,0,Heavy rain,Null
1803884,5814342,8828,,530700,0,0,0,3,0,North,2008/2009,HILLCREST ROAD,MANSEL AVENUE,,Non-Injury Crash,No,2009,0,North,0,0,0,Flat,0,,0,,1,Bright sun,888600,0,0,0,2,0,0,0,0,1,,0,0,Waikato Region,Nil,2-way,Sealed,0,0,0,0,50,0,Null,0,0,,16,Hamilton City,Unknown,0,0,0,0,0,0,Urban,0,0,0,Fine,Null
1745918,5914988,8829,,511800,0,,0,1,,Null,2008/2009,MCKINLEY ROAD,DENVER AVENUE,,Non-Injury Crash,No,2009,,North,,0,,Hill Road,,,,,,Bright sun,277703,0,0,0,2,,,0,,,,,,Auckland Region,Nil,2-way,Sealed,,0,0,,50,,Null,0,0,,76,Auckland,Nil,,,,,0,0,Urban,1,,,Fine,Null
1764175,5910131,8830,,521801,0,,0,2,,Null,2009/2010,ATKINSON AVENUE,PRINCES ST,,Non-Injury Crash,No,2009,,North,,0,,Flat,,,,,,Bright sun,786802,0,0,0,2,,,0,,,,,,Auckland Region,Nil,2-way,Sealed,,0,0,,50,,Off,0,0,,76,Auckland,Traffic Signals,,,,,0,0,Urban,0,,,Fine,Null
1752135,5928279,8831,,508411,0,,0,2,,Null,2009/2010,MANUKA ROAD,LYNN ROAD,,Non-Injury Crash,No,2009,,South,,0,,Hill Road,,,,,,Bright sun,185901,0,0,0,2,,,0,,,,,,Auckland Region,Nil,2-way,Sealed,,0,0,,50,,Off,0,0,,76,Auckland,Give way,,,,,0,0,Urban,0,,,Fine,Null
1586299,6181884,8832,,500206,0,0,0,0,0,East,2009/2010,TE HAPUA ROAD,SH 1N,,Non-Injury Crash,No,2009,0,West,0,0,0,Hill Road,0,,0,,0,Dark,100,0,0,0,2,0,0,0,0,0,,0,0,Northland Region,Nil,2-way,Sealed,0,0,0,0,100,0,None,1,0,,1,Far North District,Nil,0,0,0,1,0,0,Open,0,0,0,Light rain,Null
2436725.8838,5079648.3581,8833,,597000,0,0,0,0,0,South,2009/2010,TUKU ROAD,WAITANGI WHARF OWENGA ROAD,,Serious Crash,No,2009,0,North,0,0,0,Hill Road,0,,0,,0,Overcast,2717000,0,0,1,2,0,0,0,0,0,,0,0,Manawatū-Whanganui Region,Nil,2-way,Unsealed,0,0,1,0,80,0,Null,0,0,,67,Chatham Islands Territory,Unknown,0,0,0,0,0,0,Open,0,0,0,Fine,Null
1747925,5911814,8834,,511901,0,,0,0,,Null,2009/2010,TITIRANGI ROAD,HIGHLAND AVENUE,,Non-Injury Crash,No,2009,,North,,0,,Flat,,,,,,Dark,292700,0,0,0,2,,,0,,,,,,Auckland Region,Nil,2-way,Sealed,,0,0,,50,,On,1,0,,76,Auckland,Give way,,,,,0,0,Urban,1,,,Fine,Null
1679823,5403936,8835,,581230,0,0,0,1,0,South,2008/2009,MARKET ST,HIGH ST,,Non-Injury Crash,No,2009,0,South,0,0,0,Flat,0,,0,,0,Overcast,2298900,0,0,0,1,0,0,0,0,0,,0,0,Marlborough Region,Nil,1-way,Sealed,0,0,0,0,50,0,Null,0,0,,53,Marlborough District,Nil,0,1,0,0,0,0,Urban,0,0,0,Fine,Null
1800391,5816469,8836,,529700,0,,0,2,,East,2008/2009,BOUNDARY ROAD,VICTORIA ST,,Non-Injury Crash,No,2009,,West,,0,,Flat,,,,,,Dark,909401,0,0,0,3,,,0,,,,,,Waikato Region,Bridge,2-way,Sealed,,0,0,,50,,None,0,0,,16,Hamilton City,Unknown,,,,,0,0,Urban,0,,,Mist or Fog,Null
1763235,5908205,8837,,524301,0,,0,2,,West,2008/2009,MASSEY ROAD,SAVILL DRIVE,,Non-Injury Crash,No,2009,,East,,0,,Flat,,,,,,Bright sun,748700,0,0,0,4,,,0,,,,,,Auckland Region,Nil,2-way,Sealed,,0,0,,50,,Off,0,0,,76,Auckland,Nil,,,,,0,0,Urban,0,,,Fine,Null
1935585,5620437,8838,,546600,0,0,0,1,0,East,2008/2009,KENNEDY ROAD,NUFFIELD AVENUE,,Non-Injury Crash,No,2009,0,South,0,0,0,Flat,0,Christmas New Year,0,,0,Bright sun,1435800,0,0,0,2,0,0,0,0,1,,0,0,Hawke's Bay Region,Nil,2-way,Sealed,0,0,0,0,50,0,Null,1,0,,31,Napier City,Nil,0,0,0,0,0,0,Urban,0,0,0,Fine,Null
1750544,5926830,8839,,510010,0,0,0,1,0,West,2008/2009,SUNNYHAVEN AVENUE,RANGATIRA ROAD,,Non-Injury Crash,No,2009,0,West,0,0,0,Flat,0,,0,,0,Bright sun,342600,0,0,0,2,0,0,0,0,1,,0,0,Auckland Region,Nil,2-way,Sealed,0,0,0,0,50,0,Off,1,0,,76,Auckland,Nil,0,0,0,0,0,0,Urban,0,0,0,Fine,Null
1757227,5920482,8840,,514102,0,,0,2,,Null,2008/2009,ALBERT ST,VICTORIA ST WEST,,Non-Injury Crash,No,2009,,North,,0,,Flat,,,,,,Dark,433401,0,0,0,4,,,0,,,,,,Auckland Region,Nil,2-way,Sealed,,0,0,,50,,On,0,0,,76,Auckland,Traffic Signals,,,,,0,0,Urban,0,,,Light rain,Null
1753477,5913077,8841,,518901,0,0,0,2,0,North,2009/2010,ELLIS AVENUE,WHITE SWAN ROAD,,Non-Injury Crash,No,2009,0,West,0,0,0,Flat,0,,0,,0,Bright sun,584800,0,0,0,2,0,0,0,0,1,,0,0,Auckland Region,Nil,2-way,Sealed,0,0,0,0,50,0,Off,0,0,,76,Auckland,Nil,0,0,0,0,0,0,Urban,0,0,0,Fine,Null
1763987,5912088,8842,,520500,0,,0,1,,Null,2008/2009,MOUNT WELLINGTON HIGHWAY,VESTEY DRIVE,,Non-Injury Crash,No,2009,,East,,0,,Flat,,,,,,Bright sun,637701,0,0,0,2,,,0,,,,,,Auckland Region,Nil,2-way,Sealed,,0,0,,50,,Off,1,0,,76,Auckland,Give way,,,,,0,0,Urban,0,,,Fine,Null
1753842,5926757,8843,,508610,0,,0,2,,Null,2009/2010,GLENFIELD ROAD,CORONATION ROAD,,Non-Injury Crash,No,2009,,South,,0,,Flat,,,,,,Overcast,205201,0,0,0,2,,,0,,,,,,Auckland Region,Nil,2-way,Sealed,,0,0,,50,,Null,0,0,,76,Auckland,Give way,,,,,0,0,Urban,0,,,Fine,Null
1750639,5913011,8844,,511303,0,,0,2,,Null,2009/2010,PORTAGE ROAD,LINKS ROAD,,Non-Injury Crash,No,2009,,North,,0,,Flat,,,,,,Bright sun,265600,0,0,0,2,,,0,,,,,,Auckland Region,Nil,2-way,Sealed,,0,0,,50,,Off,0,0,,76,Auckland,Give way,,,,,0,0,Urban,0,,,Fine,Null
1877472,5821760,8845,,538102,0,,0,1,,North,2009/2010,CAMERON ROAD,TWENTIETH AVENUE,,Non-Injury Crash,No,2009,,North,,0,,Flat,,,,,,Bright sun,1169900,0,0,0,2,,,0,,,,,,Bay of Plenty Region,Nil,2-way,Sealed,,0,0,,50,,Null,1,0,,23,Tauranga City,Unknown,,,,,0,0,Urban,0,,,Fine,Null
1634108,5283312,8846,,585601,0,0,0,0,1,South,2009/2010,SH 1S,CONWAY RIV BR,,Minor Crash,Yes,2009,0,North,0,0,0,Hill Road,0,,0,,0,Bright sun,2431400,1,0,0,2,0,0,0,0,0,,0,0,Canterbury Region,Nil,2-way,Sealed,0,0,0,0,100,0,Null,0,0,,58,Hurunui District,Nil,0,0,0,0,1,0,Open,0,0,0,Fine,Null
1748724,5945343,8847,,505806,0,0,0,1,0,South,2008/2009,SILVERDALE ON SBD,HIBISCUS COAST HIGHWAY,,Non-Injury Crash,Yes,2009,0,South,0,0,0,Hill Road,1,,0,,0,Dark,176802,0,0,0,2,0,0,0,0,0,,0,0,Auckland Region,Motorway ramp,1-way,Sealed,0,0,0,0,50,0,On,0,0,,76,Auckland,Nil,0,0,0,0,0,0,Urban,0,0,0,Fine,Null
1921719,5626158,8848,,545821,0,,0,1,,South,2008/2009,APLEY ROAD,PUKETITIRI ROAD,,Non-Injury Crash,No,2009,,North,,0,,Hill Road,,,,,,Twilight,1411200,0,0,0,2,,,0,,,,,,Hawke's Bay Region,Nil,2-way,Sealed,,0,0,,100,,None,0,0,,30,Hastings District,Nil,,,,,0,0,Open,0,,,Fine,Null
1770389,5911603,8849,,523105,0,,0,1,,Null,2008/2009,BOTANY ROAD,TARNICA ROAD,,Non-Injury Crash,No,2009,,North,,0,,Flat,,,,,,Bright sun,711148,0,0,0,4,,,0,,,,,,Auckland Region,Nil,2-way,Sealed,,0,0,,70,,Off,0,0,,76,Auckland,Traffic Signals,,,,,0,0,Urban,1,,,Fine,Null
1674859,5661684,8850,,551120,0,,0,2,,South,2009/2010,SH 45,KAIHIHI ROAD LOWER,,Non-Injury Crash,Yes,2009,,South,,0,,Flat,,,,,,Bright sun,1553100,0,0,0,2,,,0,,,,,,Taranaki Region,Nil,2-way,Sealed,,0,0,,100,,Null,0,0,,33,New Plymouth District,Nil,,,,,0,0,Open,0,,,Fine,Null
1865257,5810085,8851,,536630,0,0,0,0,0,West,2008/2009,SH 29,NGAMUWAHINE ROAD,,Non-Injury Crash,Yes,2009,0,West,0,0,1,Hill Road,0,Christmas New Year,0,,0,Dark,1191900,0,0,0,2,0,0,0,0,0,,0,0,Bay of Plenty Region,Nil,2-way,Sealed,0,0,0,0,100,0,None,1,0,,22,Western Bay of Plenty District,Unknown,0,0,0,0,0,0,Open,0,0,0,Fine,Null
1869146,5711019,8852,20,541750,0,0,0,0,0,North,2008/2009,SHEPHERD ROAD,ARROWSMITH AVENUE,,Non-Injury Crash,No,2009,0,North,0,0,0,Flat,0,,0,,0,Overcast,1267104,0,0,0,1,0,0,0,0,0,,0,0,Waikato Region,Nil,1-way,Sealed,0,0,0,0,50,0,Null,1,0,,21,Taupo District,Nil,0,0,0,1,0,0,Urban,0,0,0,Fine,Null
1752220,5436290,8853,,573801,0,,0,1,,North,2008/2009,SH 1N,JOHNSONVILLE OFF SBD,,Non-Injury Crash,Yes,2009,,South,,0,,Flat,,,,,,Dark,2079401,0,0,0,2,,,0,,,,,,Wellington Region,Nil,2-way,Sealed,,0,0,,100,,On,1,0,,47,Wellington City,Nil,,,,,0,0,Open,0,,,Light rain,Null
1756573,5434480,8854,,569900,0,,1,1,,Null,2008/2009,THE ESPLANADE,TE PUNI ST,,Non-Injury Crash,No,2009,,West,,0,,Flat,,,,,,Overcast,2034000,0,0,0,2,,,0,,,,,,Wellington Region,Nil,2-way,Sealed,,0,0,,50,,Null,0,0,,46,Lower Hutt City,Give way,,,,,0,0,Urban,0,,,Fine,Null
1734386,5906942,8855,,513800,0,,0,1,,South,2009/2010,LONE KAURI ROAD,PIHA ROAD,,Non-Injury Crash,No,2009,,East,,0,,Hill Road,,,,,,Overcast,282007,0,0,0,2,,,0,,,,,,Auckland Region,Nil,2-way,Sealed,,0,0,,100,,Null,0,0,,76,Auckland,Unknown,,,,,1,0,Open,0,,,Fine,Null
1775086,5887097,8856,,521132,0,0,0,2,0,South,2009/2010,SH 1N,RAMARAMA ON SBD,,Non-Injury Crash,Yes,2009,0,South,0,0,0,Flat,1,,0,,0,Overcast,814200,0,0,0,4,0,0,0,0,0,,0,0,Auckland Region,Nil,2-way,Sealed,0,0,0,0,100,0,Off,0,0,,76,Auckland,Nil,0,0,0,0,0,0,Open,0,0,0,Fine,Null
1760350,5885015,8857,,521121,0,,0,1,,Null,2009/2010,GLENBROOK ROAD,KINGSEAT ROAD,,Non-Injury Crash,No,2009,,West,,0,,Hill Road,,,,,,Dark,811200,0,0,0,2,,,0,,,,,,Auckland Region,Nil,2-way,Sealed,,0,0,,100,,On,1,0,,76,Auckland,Stop,,,,,0,0,Open,0,,,Fine,Null
1748765,5970183,8858,,505500,0,,0,2,,North,2008/2009,SH 1N,WHITAKER ROAD,,Non-Injury Crash,Yes,2009,,North,,0,,Flat,,,,,,Bright sun,140500,0,0,0,2,,,0,,,,,,Auckland Region,Nil,2-way,Sealed,,0,0,,60,,Null,1,0,,76,Auckland,Unknown,,,,,0,0,Urban,0,,,Fine,Null
1743899,5916244,8859,,513012,0,,0,1,,South,2008/2009,PALOMINO DRIVE,SAN BERNADINO DRIVE,,Non-Injury Crash,No,2009,,South,,0,,Hill Road,,,,,,Dark,280710,0,0,1,2,,,0,,,,,,Auckland Region,Nil,2-way,Sealed,,0,0,,50,,On,0,0,,76,Auckland,Nil,,,,,0,0,Urban,0,,,Fine,Null
1797755,5814534,8860,,528602,0,,0,3,,East,2008/2009,SH 23,POAKA AVENUE,,Non-Injury Crash,Yes,2009,,West,,0,,Flat,,,,,,Overcast,921100,0,0,0,2,,,0,,,,,,Waikato Region,Nil,2-way,Sealed,,0,0,,50,,Null,0,0,,16,Hamilton City,Unknown,,,,,0,0,Urban,0,,,Fine,Null
1755790,5914372,8861,,518500,0,,0,2,,North,2009/2010,PARAU ST,MOUNT ALBERT ROAD,,Non-Injury Crash,No,2009,,North,,0,,Hill Road,,,,,,Bright sun,562800,0,0,0,2,,,0,,,,,,Auckland Region,Nil,2-way,Sealed,,0,0,,50,,Off,0,0,,76,Auckland,Nil,,,,,0,0,Urban,0,,,Fine,Null
1887128,5772722,8862,,538722,0,,0,2,,Null,2009/2010,SH 30,TARAWERA ROAD,,Non-Injury Crash,Yes,2009,,East,,0,,Flat,,,,,,Bright sun,1257600,0,0,0,4,,,0,,,,,,Bay of Plenty Region,Nil,2-way,Sealed,,0,0,,70,,Null,0,0,,24,Rotorua District,Give way,,,,,0,0,Urban,0,,,Fine,Null
1760544,5914467,8863,,519400,0,,0,2,,Null,2008/2009,KONINI ROAD,EWENSON AVENUE,,Non-Injury Crash,No,2009,,West,,0,,Flat,,,,,,Bright sun,619800,0,0,0,2,,,0,,,,,,Auckland Region,Nil,2-way,Sealed,,0,0,,50,,Off,0,0,,76,Auckland,Nil,,,,,0,0,Urban,0,,,Fine,Null
1768814,5904088,8864,,523820,0,,0,2,,South,2008/2009,EVERGLADE DRIVE,MELIA GROVE,,Non-Injury Crash,No,2009,,North,,0,,Hill Road,,,,,,Dark,760141,0,0,0,2,,,0,,,,,,Auckland Region,Nil,2-way,Sealed,,0,0,,50,,On,0,0,,76,Auckland,Nil,,,,,0,0,Urban,1,,,Fine,Null
1882970,5776101,8865,,539200,0,0,0,1,0,Null,2008/2009,SH 5,BIDOIS ROAD,,Non-Injury Crash,Yes,2009,0,North,0,0,0,Flat,0,Queens Birthday,0,,0,Dark,1221100,0,0,0,4,0,0,0,0,0,,0,1,Bay of Plenty Region,Nil,2-way,Sealed,0,0,0,0,60,0,On,0,0,,24,Rotorua District,Give way,0,0,0,0,0,0,Urban,0,0,0,Light rain,Null
1772241,5579287,8866,,555300,0,0,0,0,1,Null,2008/2009,MOSSTON ROAD,MONTGOMERY ROAD,,Non-Injury Crash,No,2009,0,East,0,0,0,Flat,0,,0,,0,Overcast,1682000,0,0,0,2,0,0,0,0,0,,0,0,Manawatū-Whanganui Region,Nil,2-way,Sealed,0,0,0,0,70,0,Null,1,0,,37,Whanganui District,Give way,0,0,0,0,0,0,Urban,0,0,0,Fine,Null
1754971,5927812,8867,,508310,0,,0,1,,West,2008/2009,ARCHERS ROAD,SUNNYBRAE ROAD,,Non-Injury Crash,No,2009,,West,,0,,Flat,,,,,,Bright sun,201000,0,0,0,2,,,0,,,,,,Auckland Region,Nil,2-way,Sealed,,0,0,,50,,Off,0,0,,76,Auckland,Nil,,,,,1,0,Urban,0,,,Fine,Null
1758281,5917722,8868,,515700,0,,0,2,,North,2008/2009,SH 1N,MARKET OFF SBD,,Non-Injury Crash,Yes,2009,,South,,0,,Flat,,,,,,Overcast,443300,0,0,0,3,,,0,,,,,,Auckland Region,Nil,1-way,Sealed,,0,0,,80,,Null,0,0,,76,Auckland,Unknown,,,,,0,0,Open,0,,,Fine,Null
1745375,5920373,8869,,513301,0,,0,1,,South,2008/2009,LINCOLN ROAD,CENTRAL PARK DRIVE,,Non-Injury Crash,No,2009,,North,,0,,Flat,,,,,,Overcast,230302,0,0,0,6,,,0,,,,,,Auckland Region,Nil,2-way,Sealed,,0,0,,50,,Off,0,0,,76,Auckland,Traffic Signals,,,,,1,0,Urban,0,,,Fine,Null
1826440,5885595,8870,,533502,0,,0,1,,South,2008/2009,SH 25,BANKS ST,,Non-Injury Crash,Yes,2009,,North,,0,,Flat,,,,,,Bright sun,1055700,0,0,0,2,,,0,,,,,,Waikato Region,Nil,2-way,Sealed,,0,0,,50,,Null,0,0,,11,Thames-Coromandel District,Unknown,,,,,0,0,Urban,1,,,Fine,Null
1760116,5908830,8871,,524403,0,,0,2,,Null,2008/2009,WALMSLEY ROAD,MAHUNGA DRIVE,,Non-Injury Crash,No,2009,,West,,0,,Flat,,,,,,Bright sun,729500,0,0,0,4,,,0,,,,,,Auckland Region,Nil,2-way,Sealed,,0,0,,60,,Off,0,0,,76,Auckland,Traffic Signals,,,,,0,0,Urban,0,,,Fine,Null
1796923,5819424,8872,,528403,0,,0,1,,West,2008/2009,WAIRERE DRIVE,TE RAPA ROAD,,Non-Injury Crash,No,2009,,East,,0,,Hill Road,,,,,,Overcast,907500,0,0,1,2,,,0,,,,,,Waikato Region,Bridge,2-way,Sealed,,0,0,,80,,Null,0,0,,16,Hamilton City,Unknown,,,,,0,0,Open,0,,,Fine,Null
1756522,5918905,8873,,514200,0,,0,2,,West,2008/2009,NEWTON ROAD,PIWAKAWAKA ST,,Non-Injury Crash,No,2009,,East,,0,,Flat,,,,,,Bright sun,412800,0,0,0,4,,,0,,,,,,Auckland Region,Nil,2-way,Sealed,,0,0,,50,,Off,0,0,,76,Auckland,Traffic Signals,,,,,0,0,Urban,0,,,Fine,Null
1800299,5816430,8874,,529700,0,,0,1,,Null,2009/2010,MILL ST,VICTORIA ST,,Non-Injury Crash,No,2009,,East,,0,,Flat,,,,,,Bright sun,909302,0,0,0,4,,,0,,,,,,Waikato Region,Nil,2-way,Sealed,,0,0,,50,,Null,1,0,,16,Hamilton City,Traffic Signals,,,,,0,0,Urban,0,,,Fine,Null
1765041,5905792,8875,,522202,0,,0,1,,Null,2009/2010,KOLMAR ROAD,ST GEORGE ST,,Non-Injury Crash,No,2009,,South,,0,,Flat,,,,,,Bright sun,663400,0,0,0,2,,,0,,,,,,Auckland Region,Nil,2-way,Sealed,,0,0,,50,,Off,0,0,,76,Auckland,Traffic Signals,,,,,0,0,Urban,1,,,Fine,Null
1780477,5483429,8876,,564022,0,,0,1,,South,2009/2010,SH 1N,ADDINGTON ROAD,,Non-Injury Crash,Yes,2009,,South,,0,,Flat,,,,,,Twilight,1884300,0,0,0,2,,,0,,,,,,Wellington Region,Nil,2-way,Sealed,,0,0,,100,,Off,1,0,,43,Kapiti Coast District,Nil,,,,,0,0,Open,0,,,Fine,Null
1757422,5926973,8877,,507900,0,,0,2,,West,2008/2009,ANZAC ST,BARRYS POINT ROAD,,Non-Injury Crash,No,2009,,West,,0,,Flat,,,,,,Bright sun,305000,0,0,0,4,,,0,,,,,,Auckland Region,Nil,2-way,Sealed,,0,0,,50,,Null,0,0,,76,Auckland,Unknown,,,,,0,0,Urban,0,,,Fine,Null
1409173,4920482,8878,,603220,0,,0,2,,South,2009/2010,NORWOOD ST,BONNINGTON ST,,Minor Crash,No,2009,,West,,0,,Flat,,Christmas New Year,,,,Overcast,2876900,1,0,0,2,,,0,,,,,,Otago Region,Nil,2-way,Sealed,,0,0,,50,,Null,0,0,,71,Dunedin City,Unknown,,,,,0,0,Urban,0,,,Light rain,Null
1753152,5875946,8879,,526103,0,,0,1,,South,2008/2009,CONSTABLE ROAD,LEONARD ST,,Non-Injury Crash,No,2009,,South,,0,,Flat,,,,,,Overcast,837208,0,0,0,2,,,0,,,,,,Auckland Region,Nil,2-way,Sealed,,0,0,,50,,Off,0,0,,76,Auckland,Nil,,,,,0,0,Urban,0,,,Fine,Null
1738339,5929533,8880,,505604,0,0,0,1,0,East,2009/2010,ORAHA ROAD,MATUA ROAD,,Non-Injury Crash,No,2009,0,West,0,0,1,Hill Road,0,,0,,0,Overcast,213800,0,0,0,2,0,0,0,0,0,,0,0,Auckland Region,Nil,2-way,Sealed,0,0,0,0,70,0,None,0,0,,76,Auckland,Nil,0,0,0,0,0,0,Urban,0,0,0,Fine,Null
1751882,5917935,8881,,515001,0,,0,2,,Null,2008/2009,SH 16,PT CHEV ON EBD,,Non-Injury Crash,Yes,2009,,East,,0,,Hill Road,,,,,,Dark,392200,0,0,0,3,,,0,,,,,,Auckland Region,Nil,1-way,Sealed,,0,0,,100,,On,0,0,,76,Auckland,Nil,,,,,0,0,Open,0,,,Fine,Null
1766377,5903454,8882,,524604,0,,0,2,,East,2008/2009,WIRI STATION ROAD,PLUNKET AVENUE,,Non-Injury Crash,No,2009,,East,,0,,Flat,,,,,,Overcast,780210,0,0,0,4,,,0,,,,,,Auckland Region,Nil,2-way,Sealed,,0,0,,70,,Off,0,0,,76,Auckland,Nil,,,,,0,0,Urban,0,,,Fine,Null
1757171,5925988,8883,,507900,0,,0,1,,Null,2009/2010,ESMONDE ROAD,ESMONDE OFF SBD,,Non-Injury Crash,No,2009,,East,,0,,Flat,,,,,,Dark,304000,0,0,0,5,,,0,,,,,,Auckland Region,Bridge,2-way,Sealed,,0,0,,50,,On,0,0,,76,Auckland,Traffic Signals,,,,,0,0,Urban,1,,,Fine,Null
1755585,5913239,8884,,518803,0,0,0,1,0,East,2009/2010,SH 20,DOMINION OBR,,Non-Injury Crash,Yes,2009,0,South,0,0,0,Flat,1,,0,,0,Dark,582700,0,0,0,2,0,0,0,0,0,,0,0,Auckland Region,Nil,2-way,Sealed,0,0,0,0,100,0,On,0,0,,76,Auckland,Nil,0,0,0,0,0,0,Open,0,0,0,Fine,Null
1748555,5969726,8885,,505500,0,,0,2,,West,2009/2010,WOODCOCKS ROAD,SH 1N,,Non-Injury Crash,No,2009,,East,,0,,Flat,,,,,,Bright sun,140500,0,0,0,2,,,0,,,,,,Auckland Region,Nil,2-way,Sealed,,0,0,,50,,Null,0,0,,76,Auckland,Unknown,,,,,0,0,Urban,0,,,Fine,Null
1753140,5934023,8886,,508704,0,,0,2,,South,2009/2010,SH 1N,OTEHA VALLEY OBR,,Non-Injury Crash,Yes,2009,,South,,0,,Hill Road,,,,,,Overcast,179119,0,0,0,2,,,0,,,,,,Auckland Region,Nil,1-way,Sealed,,0,0,,100,,Off,0,0,,76,Auckland,Nil,,,,,0,0,Open,0,,,Heavy rain,Null
1877104,5821427,8887,,538102,0,,0,1,,North,2009/2010,CAMERON ROAD,TWENTYTHIRD AVENUE,,Non-Injury Crash,No,2009,,North,,0,,Flat,,,,,,Dark,1170002,0,0,0,4,,,0,,,,,,Bay of Plenty Region,Nil,2-way,Sealed,,0,0,,50,,On,0,0,,23,Tauranga City,Unknown,,,,,0,0,Urban,1,,,Fine,Null
1752941,5973555,8888,,506661,0,0,0,0,0,North,2008/2009,MATAKANA ROAD,SHARP ROAD,,Non-Injury Crash,No,2009,0,South,1,0,0,Flat,0,,0,,0,Dark,139303,0,0,0,2,0,0,0,0,0,,0,0,Auckland Region,Nil,2-way,Sealed,0,0,0,0,80,0,None,0,0,,76,Auckland,Nil,0,0,0,0,0,0,Open,1,0,0,Fine,Null
1770471,5914218,8889,,522722,0,0,0,1,0,North,2008/2009,HIGHLAND PARK DRIVE,DALWHINNIE PARADE,,Non-Injury Crash,No,2009,0,South,0,0,0,Hill Road,0,,0,,0,Dark,681311,0,0,0,2,0,0,0,0,0,,0,0,Auckland Region,Nil,2-way,Sealed,0,0,0,0,50,0,On,0,0,,76,Auckland,Nil,0,1,0,1,0,0,Urban,0,0,0,Fine,Null