X,Y,OBJECTID,advisorySpeed,areaUnitID,bicycle,bridge,bus,carStationWagon,cliffBank,crashDirectionDescription,crashFinancialYear,crashLocation1,crashLocation2,crashRoadSideRoad,crashSeverity,crashSHDescription,crashYear,debris,directionRoleDescription,ditch,fatalCount,fence,flatHill,guardRail,holiday,houseOrBuilding,intersection,kerb,light,meshblockId,minorInjuryCount,moped,motorcycle,NumberOfLanes,objectThrownOrDropped,otherObject,otherVehicleType,overBank,parkedVehicle,pedestrian,phoneBoxEtc,postOrPole,region,roadCharacter,roadLane,roadSurface,roadworks,schoolBus,seriousInjuryCount,slipOrFlood,speedLimit,strayAnimal,streetLight,suv,taxi,temporarySpeedLimit,tlaId,tlaName,trafficControl,trafficIsland,trafficSign,train,tree,truck,unknownVehicleType,urban,vanOrUtility,vehicle,waterRiver,weatherA,weatherB
1405514,4919625,8890,,603810,0,0,0,1,0,North,2009/2010,BURMA ROAD,CANNINGTON ROAD,,Minor Crash,No,2009,0,South,0,0,0,Hill Road,0,,0,,0,Dark,2890600,3,0,0,2,0,0,0,1,0,,0,0,Otago Region,Nil,2-way,Sealed,0,0,0,0,50,0,None,0,0,,71,Dunedin City,Unknown,0,0,0,1,0,0,Urban,0,0,0,Fine,Null
1766954,5907657,8891,,523501,0,,0,4,,East,2009/2010,EAST TAMAKI ROAD,BAIRDS ROAD,,Non-Injury Crash,No,2009,,East,,0,,Flat,,,,,,Dark,700602,0,0,0,4,,,0,,,,,,Auckland Region,Nil,2-way,Sealed,,0,0,,60,,On,0,0,,76,Auckland,Nil,,,,,0,0,Urban,0,,,Fine,Null
1796828,5819820,8892,,528403,0,,0,1,,South,2009/2010,TE RAPA ROAD,THE BASE PARADE,,Non-Injury Crash,No,2009,,North,,0,,Flat,,,,,,Bright sun,907500,0,0,0,2,,,0,,,,,,Waikato Region,Nil,2-way,Sealed,,0,0,,80,,Null,1,0,,16,Hamilton City,Unknown,,,,,0,0,Open,0,,,Fine,Null
1745304,5913271,8893,,512906,0,,0,2,,North,2009/2010,SUNVUE ROAD,SOLAR ROAD,,Non-Injury Crash,No,2009,,South,,0,,Hill Road,,,,,,Dark,278505,0,0,0,2,,,0,,,,,,Auckland Region,Nil,2-way,Sealed,,0,0,,50,,On,0,0,,76,Auckland,Stop,,,,,0,0,Urban,0,,,Light rain,Null
1802440,5815075,8894,,530200,0,,0,2,,North,2009/2010,PEACHGROVE ROAD,CLYDE ST,,Non-Injury Crash,No,2009,,North,,0,,Flat,,,,,,Bright sun,893600,0,0,0,2,,,0,,,,,,Waikato Region,Nil,2-way,Sealed,,0,0,,50,,Null,0,0,,16,Hamilton City,Unknown,,,,,0,0,Urban,0,,,Fine,Null
1571850,5181645,8895,,592600,0,,0,2,,Null,2009/2010,HILLS ROAD,NORTH AVON ROAD,,Minor Crash,No,2009,,West,,0,,Flat,,,,,,Bright sun,2695200,2,0,0,2,,,0,,,,,,Canterbury Region,Nil,2-way,Sealed,,0,0,,50,,Null,0,0,,60,Christchurch City,Give way,,,,,0,0,Urban,0,,,Fine,Null
1768301,5467453,8896,,566101,0,,0,2,,Null,2008/2009,SH 1N,RAUMATI ROAD,,Non-Injury Crash,Yes,2009,,North,,0,,Flat,,,,,,Overcast,2004103,0,0,0,3,,,0,,,,,,Wellington Region,Nil,2-way,Sealed,,0,0,,100,,Null,0,0,,43,Kapiti Coast District,Give way,,,,,0,0,Open,0,,,Fine,Null
1761617,5907411,8897,,524520,0,,0,2,,West,2009/2010,BUCKLAND ROAD,ASHLEY AVENUE,,Non-Injury Crash,No,2009,,East,,0,,Flat,,,,,,Overcast,734300,0,0,0,2,,,0,,,,,,Auckland Region,Nil,2-way,Sealed,,0,0,,50,,Off,0,0,,76,Auckland,Traffic Signals,,,,,0,0,Urban,0,,,Light rain,Null
1774888,5887361,8898,,521132,0,,0,1,,West,2008/2009,ARARIMU ROAD,RAMARAMA OFF NBD,,Non-Injury Crash,No,2009,,West,,0,,Flat,,,,,,Overcast,814003,0,0,0,2,,,0,,,,,,Auckland Region,Nil,2-way,Sealed,,0,0,,70,,Off,0,0,,76,Auckland,Stop,,,,,0,0,Urban,1,,,Fine,Null
1819510,5530081,8899,,562710,1,,1,0,,Null,2008/2009,TREMAINE AVENUE,BOTANICAL ROAD,,Minor Crash,No,2009,,West,,0,,Flat,,,,,,Twilight,1817200,1,0,0,2,,,0,,,,,,Manawatū-Whanganui Region,Nil,2-way,Sealed,,0,0,,50,,Off,0,0,,40,Palmerston North City,Give way,,,,,0,0,Urban,0,,,Fine,Null
1688926,5675542,8900,,551400,0,0,0,1,0,East,2008/2009,SIMONS ST,PARITUTU ROAD,,Non-Injury Crash,No,2009,0,East,0,0,1,Flat,0,,0,,0,Overcast,1585500,0,0,0,2,0,0,0,0,0,,0,0,Taranaki Region,Nil,2-way,Sealed,0,0,0,0,50,0,Null,0,0,,33,New Plymouth District,Nil,0,0,0,0,0,0,Urban,0,0,0,Fine,Null
1751243,5916037,8901,,514401,0,,0,2,,West,2008/2009,GREAT NORTH ROAD,BEATRIX ST,,Non-Injury Crash,No,2009,,South,,0,,Flat,,Easter,,,,Dark,383400,0,0,0,4,,,0,,,,,,Auckland Region,Nil,2-way,Sealed,,0,0,,50,,On,0,0,,76,Auckland,Nil,,,,,0,0,Urban,1,,,Fine,Null
1756406,5919483,8902,,514000,0,0,0,0,0,East,2009/2010,HOPETOUN ST,HOWE ST,,Non-Injury Crash,No,2009,0,South,0,0,0,Flat,0,,0,,0,Dark,413900,0,0,0,1,0,0,0,0,0,,0,0,Auckland Region,Nil,1-way,Sealed,0,0,0,0,50,0,On,0,0,,76,Auckland,Nil,0,1,0,0,0,0,Urban,1,0,0,Light rain,Null
1800651,5815451,8903,,529700,0,0,0,1,0,Null,2008/2009,ANGLESEA ST,BRYCE ST,,Non-Injury Crash,No,2009,0,West,0,0,0,Flat,0,,0,,0,Dark,910900,0,0,0,2,0,0,0,0,0,,0,0,Waikato Region,Nil,2-way,Sealed,0,0,0,0,50,0,On,0,0,,16,Hamilton City,Traffic Signals,1,1,0,0,0,0,Urban,0,0,0,Fine,Null
1753871,5931735,8904,,508805,0,,0,1,,South,2008/2009,SH 1N,UPPER HWY OFF SBD,,Non-Injury Crash,Yes,2009,,South,,0,,Flat,,,,,,Overcast,180813,0,0,0,2,,,0,,,,,,Auckland Region,Nil,2-way,Sealed,,0,0,,100,,Null,0,0,,76,Auckland,Unknown,,,,,0,0,Open,1,,,Fine,Null
1730459,6016773,8905,,501816,0,,0,2,,Null,2009/2010,NOVA SCOTIA DRIVE,COVE ROAD,,Non-Injury Crash,No,2009,,South,,0,,Flat,,,,,,Bright sun,80900,0,0,0,2,,,0,,,,,,Northland Region,Nil,2-way,Sealed,,0,0,,50,,Off,0,0,,2,Whangarei District,Stop,,,,,0,0,Urban,0,,,Fine,Null
1894423,5752067,8906,,538841,0,,0,2,,North,2008/2009,SH 5,WAIKITE VALLEY ROAD,,Non-Injury Crash,Yes,2009,,North,,0,,Hill Road,,,,,,Bright sun,1260201,0,0,0,3,,,0,,,,,,Waikato Region,Nil,2-way,Sealed,,0,0,,100,,Null,0,0,,24,Rotorua District,Unknown,,,,,0,0,Open,0,,,Fine,Null
1856448,5865437,8907,25,534200,0,0,0,1,1,North,2008/2009,SH 25,GOLDEN VALLEY ROAD,,Non-Injury Crash,Yes,2009,0,South,0,0,0,Hill Road,0,,0,,0,Dark,1082710,0,0,0,2,0,0,0,0,0,,0,0,Waikato Region,Nil,2-way,Sealed,0,0,0,0,100,0,None,0,0,,12,Hauraki District,Unknown,0,0,0,0,0,0,Open,0,0,0,Fine,Null
1757818,5920799,8908,,514101,0,,0,2,,West,2009/2010,CUSTOMS ST EAST,BRITOMART PLACE,,Non-Injury Crash,No,2009,,East,,0,,Flat,,,,,,Dark,438103,0,0,0,5,,,0,,,,,,Auckland Region,Nil,2-way,Sealed,,0,0,,50,,On,0,0,,76,Auckland,Traffic Signals,,,,,0,0,Urban,0,,,Fine,Null
1767032,5904739,8909,,524603,0,,0,2,,Null,2008/2009,JACK CONWAY AVENUE,CAVENDISH DRIVE,,Non-Injury Crash,No,2009,,South,,0,,Flat,,,,,,Overcast,780205,0,0,0,2,,,0,,,,,,Auckland Region,Nil,2-way,Sealed,,0,0,,50,,Off,0,0,,76,Auckland,Give way,,,,,0,0,Urban,0,,,Light rain,Null
1755647,5928446,8910,,508320,0,0,0,1,0,Null,2008/2009,ARCHERS ROAD,WAIRAU ROAD,,Non-Injury Crash,No,2009,0,East,0,0,0,Flat,0,,0,,0,Dark,198500,0,0,0,2,0,0,0,0,0,,0,1,Auckland Region,Nil,2-way,Sealed,0,0,0,0,50,0,On,0,0,,76,Auckland,Traffic Signals,0,0,0,0,0,0,Urban,0,0,0,Mist or Fog,Null
1754582,5933824,8911,,508804,0,,0,2,,Null,2009/2010,EAST COAST ROAD,ARRAN ROAD,,Non-Injury Crash,No,2009,,North,,0,,Hill Road,,,,,,Bright sun,180711,0,0,0,2,,,0,,,,,,Auckland Region,Nil,2-way,Sealed,,0,0,,50,,Off,0,0,,76,Auckland,Give way,,,,,0,0,Urban,0,,,Fine,Null
1767430,5904936,8912,,524603,0,,0,2,,Null,2008/2009,GREAT SOUTH ROAD,TE IRIRANGI DRIVE,,Non-Injury Crash,No,2009,,South,,0,,Flat,,,,,,Overcast,780304,0,0,0,6,,,0,,,,,,Auckland Region,Nil,2-way,Sealed,,0,0,,50,,Off,0,0,,76,Auckland,Give way,,,,,0,0,Urban,0,,,Fine,Null
1857478,5804202,8913,,535231,0,0,0,1,0,Null,2009/2010,SH 29,SUMMIT LOOKOUT,,Non-Injury Crash,Yes,2009,0,North,1,0,0,Hill Road,0,,0,,0,Overcast,1113900,0,0,0,3,0,1,0,0,0,,0,0,Waikato Region,Nil,2-way,Sealed,0,0,0,0,100,0,Null,0,0,,15,Matamata-Piako District,Unknown,0,0,0,0,0,0,Open,0,0,0,Light rain,Null
1945375,5791967,8914,,542520,0,1,0,2,0,Null,2008/2009,SH 30,KOPE DRAIN ROAD,,Non-Injury Crash,Yes,2009,0,South,0,0,0,Flat,0,,0,,0,Bright sun,1297501,0,0,0,2,0,0,0,0,0,,0,0,Bay of Plenty Region,Bridge,2-way,Sealed,0,0,0,0,100,0,None,0,0,,25,Whakatane District,Nil,0,0,0,0,0,0,Open,1,0,0,Fine,Null
1752668,5914062,8915,,514500,0,,0,2,,East,2008/2009,MAIORO ST,NEW WINDSOR ROAD,,Non-Injury Crash,No,2009,,West,,0,,Flat,,,,,,Overcast,376500,0,0,0,2,,,0,,,,,,Auckland Region,Nil,2-way,Sealed,,0,0,,50,,Off,0,0,,76,Auckland,Traffic Signals,,,,,0,0,Urban,0,,,Heavy rain,Null
1930295,5604273,8916,,548300,0,,0,1,,Null,2008/2009,HERETAUNGA ST EAST,MADDISON ST,,Non-Injury Crash,No,2009,,East,,0,,Flat,,,,,,Bright sun,1501500,0,0,0,2,,,0,,,,,,Hawke's Bay Region,Nil,2-way,Sealed,,0,0,,50,,Null,0,0,,30,Hastings District,Give way,,,,,0,0,Urban,1,,,Fine,Null
1459914,5084452,8917,,598800,0,0,0,0,0,South,2008/2009,SH 1S,BELFIELD ST,,Minor Crash,Yes,2009,0,South,0,0,1,Hill Road,0,,0,,0,Dark,2781400,1,0,1,3,0,0,0,0,0,,0,0,Canterbury Region,Nil,2-way,Sealed,0,0,0,0,50,0,On,0,0,,64,Timaru District,Unknown,0,0,0,0,0,0,Urban,0,0,0,Mist or Fog,Null
1749846,5913857,8918,,511303,0,,0,1,,East,2009/2010,TOTARA AVENUE,TODD AVENUE,,Non-Injury Crash,No,2009,,South,,0,,Flat,,,,,,Dark,264901,0,0,0,2,,,0,,,,,,Auckland Region,Nil,2-way,Sealed,,0,0,,50,,On,1,0,,76,Auckland,Nil,,,,,0,0,Urban,0,,,Fine,Null
1820876,5695212,8919,75,532502,0,0,0,0,0,East,2009/2010,SH 41,WAITUHI LOOKOUT,,Non-Injury Crash,Yes,2009,0,North,0,0,0,Hill Road,0,Labour Weekend,0,,0,Overcast,1028802,0,0,0,2,0,0,0,0,0,,0,0,Waikato Region,Nil,2-way,Sealed,0,0,0,0,100,0,Null,1,0,,21,Taupo District,Unknown,0,0,0,1,0,0,Open,0,0,0,Fine,Null
1876649,5819317,8920,,537601,0,0,0,1,0,South,2009/2010,OROPI ROAD,CHADWICK ROAD,,Non-Injury Crash,No,2009,0,North,0,0,0,Hill Road,0,,0,,0,Dark,1177400,0,0,0,2,0,0,0,1,0,,0,1,Bay of Plenty Region,Nil,2-way,Sealed,0,0,0,0,70,0,On,0,0,,23,Tauranga City,Unknown,0,0,0,0,0,0,Urban,0,0,0,Light rain,Null
1756905,5920802,8921,,514101,0,,0,2,,West,2009/2010,FANSHAWE ST,CUSTOMS ST WEST W,,Non-Injury Crash,No,2009,,East,,0,,Flat,,,,,,Overcast,440114,0,0,0,4,,,0,,,,,,Auckland Region,Nil,2-way,Sealed,,0,0,,50,,Off,0,0,,76,Auckland,Nil,,,,,0,0,Urban,0,,,Light rain,Null
1717355,6056254,8922,,502001,0,0,0,1,0,Null,2009/2010,SH 1N,RICHARDS ROAD,,Non-Injury Crash,Yes,2009,0,North,1,0,0,Flat,0,,0,,0,Overcast,64300,0,0,0,3,0,0,0,0,0,,0,0,Northland Region,Nil,2-way,Sealed,0,0,0,0,100,0,None,0,0,,2,Whangarei District,Nil,0,1,0,0,0,0,Open,0,0,0,Mist or Fog,Null
1571571,5179171,8923,,591500,0,0,0,1,0,West,2009/2010,MOORHOUSE AVENUE,FITZGERALD AVENUE,,Minor Crash,No,2009,0,East,0,0,0,Flat,0,Christmas New Year,0,,0,Dark,2650900,1,0,0,6,0,0,0,0,0,,0,0,Canterbury Region,Nil,2-way,Sealed,0,0,0,0,50,0,On,0,0,,60,Christchurch City,Unknown,0,0,0,1,0,0,Urban,0,0,0,Fine,Null
1578888,5176775,8924,,596102,1,,0,0,,Null,2008/2009,MAIN ROAD,BEACHVILLE ROAD,,Non-Injury Crash,No,2009,,East,,0,,Flat,,,,,,Overcast,2701600,0,0,0,2,,,0,,,,,,Canterbury Region,Nil,2-way,Sealed,,0,0,,50,,Null,1,0,,60,Christchurch City,Nil,,,,,0,0,Urban,0,,,Fine,Null
1565864,5180073,8925,,590200,0,,0,3,,West,2009/2010,RICCARTON ROAD,NEWNHAM TERRACE,,Minor Crash,No,2009,,West,,0,,Flat,,,,,,Bright sun,2540500,1,0,0,2,,,0,,,,,,Canterbury Region,Nil,2-way,Sealed,,0,0,,50,,Null,0,0,,60,Christchurch City,Give way,,,,,0,0,Urban,0,,,Fine,Null
1761230,5916647,8926,,516003,1,,0,1,,South,2008/2009,LADIES MILE,REMUERA ROAD,,Non-Injury Crash,No,2009,,North,,0,,Flat,,,,,,Overcast,495900,0,0,0,2,,,0,,,,,,Auckland Region,Nil,2-way,Sealed,,0,0,,50,,Null,0,0,,76,Auckland,Unknown,,,,,0,0,Urban,0,,,Fine,Null
1775748,5885682,8927,,521132,0,0,0,0,0,South,2008/2009,SH 1N,ARARIMU OBR,,Non-Injury Crash,Yes,2009,0,South,0,0,0,Flat,1,,0,,0,Overcast,814200,0,0,0,2,0,0,0,0,0,,0,0,Auckland Region,Nil,1-way,Sealed,0,0,0,0,100,0,Off,0,0,,76,Auckland,Nil,0,0,0,0,0,0,Open,1,0,0,Mist or Fog,Null
1797690,5819899,8928,,528320,0,,0,4,,East,2008/2009,WAIRERE DRIVE,PUKETE ROAD,,Non-Injury Crash,No,2009,,East,,0,,Flat,,,,,,Twilight,897201,0,0,0,2,,,0,,,,,,Waikato Region,Nil,2-way,Sealed,,0,0,,80,,On,0,0,,16,Hamilton City,Unknown,,,,,0,0,Open,0,,,Light rain,Null
1764592,5916372,8929,,520301,0,,0,0,,Null,2009/2010,MORRIN ROAD,ALLISON FERGUSON DRIVE,,Non-Injury Crash,No,2009,,South,,0,,Flat,,,,,,Bright sun,465302,0,0,0,3,,,0,,,,,,Auckland Region,Nil,2-way,Sealed,,0,0,,50,,Null,0,0,,76,Auckland,Give way,,,,,1,0,Urban,0,,,Fine,Null
1801007,5817234,8930,,529800,0,,0,2,,Null,2008/2009,HEAPHY TERRACE,HOLLAND ROAD,,Non-Injury Crash,No,2009,,South,,0,,Flat,,,,,,Overcast,870100,0,0,0,2,,,0,,,,,,Waikato Region,Nil,2-way,Sealed,,0,0,,50,,Null,0,0,,16,Hamilton City,Give way,,,,,0,0,Urban,0,,,Fine,Null
1885183,5773995,8931,,540410,0,,0,2,,Null,2008/2009,PUKUATUA ST,FENTON ST,,Non-Injury Crash,No,2009,,North,,0,,Flat,,,,,,Overcast,1233900,0,0,0,4,,,0,,,,,,Bay of Plenty Region,Nil,2-way,Sealed,,0,0,,50,,Null,0,0,,24,Rotorua District,Give way,,,,,0,0,Urban,0,,,Light rain,Null
1782738,5866219,8932,,527221,0,0,0,1,0,North,2008/2009,SH 1N,DRAGWAY OFF SBD,,Non-Injury Crash,Yes,2009,0,South,0,0,0,Flat,0,,0,,0,Overcast,934600,0,0,0,4,0,0,0,0,0,,0,1,Waikato Region,Nil,2-way,Sealed,0,0,0,0,100,0,Null,0,0,,13,Waikato District,Unknown,0,0,0,0,0,0,Open,0,0,0,Fine,Null
1790693,5841691,8933,,527402,0,0,0,1,0,North,2008/2009,SH 1N,BELL CROSSING ST,,Non-Injury Crash,Yes,2009,0,North,0,0,0,Flat,0,,0,,0,Overcast,943600,0,0,0,2,0,0,0,0,1,,0,0,Waikato Region,Nil,2-way,Sealed,0,0,0,0,70,0,Off,0,0,,13,Waikato District,Unknown,0,0,0,0,1,0,Urban,0,0,0,Fine,Null
1755661,5936901,8934,,506902,0,0,0,2,0,West,2008/2009,GLAMORGAN DRIVE,CHARMAINE ROAD,,Non-Injury Crash,No,2009,0,West,0,0,0,Hill Road,0,,0,,0,Overcast,165300,0,0,0,2,0,0,0,0,1,,0,0,Auckland Region,Nil,2-way,Sealed,0,0,0,0,50,0,Null,0,0,,76,Auckland,Unknown,0,0,0,0,0,0,Urban,0,0,0,Fine,Null
1756258,5944135,8935,,505902,0,,0,1,,Null,2008/2009,WHANGAPARAOA ROAD,STANMORE BAY ROAD,,Non-Injury Crash,No,2009,,East,,0,,Flat,,,,,,Overcast,174217,0,0,0,2,,,0,,,,,,Auckland Region,Nil,2-way,Sealed,,0,0,,50,,Null,1,0,,76,Auckland,Give way,,,,,0,0,Urban,0,,,Heavy rain,Null
1305400,5052724,8936,,608304,1,0,0,1,0,East,2008/2009,CEMETERY ROAD,MUIR ROAD,,Serious Crash,No,2009,0,East,0,0,0,Flat,0,,0,,0,Bright sun,3027900,0,0,0,2,0,0,0,0,1,,0,0,Otago Region,Nil,2-way,Sealed,0,0,1,0,100,0,Null,0,0,,70,Queenstown-Lakes District,Unknown,0,0,0,0,0,0,Open,0,0,0,Fine,Null
1852064,5885212,8937,,533603,0,0,0,0,0,South,2008/2009,SH 25,LIDDELL ROAD,,Non-Injury Crash,Yes,2009,0,North,0,0,0,Hill Road,0,,0,,0,Overcast,1060406,0,0,0,2,0,0,0,0,0,,0,0,Waikato Region,Nil,2-way,Sealed,0,0,0,0,100,0,Null,0,0,,11,Thames-Coromandel District,Unknown,0,0,0,1,0,0,Open,1,0,0,Fine,Null
1772875,5891911,8938,,521301,0,0,0,1,0,North,2008/2009,SH 1N,BREMNER OBR,,Non-Injury Crash,Yes,2009,0,South,0,0,0,Flat,1,,0,,0,Dark,808701,0,0,0,3,0,0,0,0,0,,0,0,Auckland Region,Nil,1-way,Sealed,0,0,0,0,100,0,On,0,0,,76,Auckland,Nil,0,0,0,0,0,0,Open,0,0,0,Mist or Fog,Null
1718537,6050972,8939,,502102,0,,0,2,,Null,2008/2009,EDEN TERRACE,STATION ROAD,,Non-Injury Crash,No,2009,,East,,0,,Hill Road,,Christmas New Year,,,,Bright sun,84200,0,0,0,2,,,0,,,,,,Northland Region,Nil,2-way,Sealed,,0,0,,50,,Null,0,0,,2,Whangarei District,Stop,,,,,0,0,Urban,0,,,Fine,Null
1925724,5606905,8940,,548620,0,0,0,2,0,South,2008/2009,DOVER ROAD,POOLE ST,,Non-Injury Crash,No,2009,0,East,0,0,0,Flat,0,,0,,0,Bright sun,1476400,0,0,0,2,0,0,0,0,1,,0,0,Hawke's Bay Region,Nil,2-way,Sealed,0,0,0,0,50,0,Null,0,0,,30,Hastings District,Nil,0,0,0,0,0,0,Urban,0,0,0,Fine,Null
1768766,5909492,8941,,523113,0,0,0,1,0,West,2008/2009,SIR WILLIAM AVENUE,LADY RUBY DRIVE N,,Non-Injury Crash,No,2009,0,North,0,0,0,Flat,0,,0,,0,Overcast,711811,0,0,0,2,0,0,0,0,0,,0,0,Auckland Region,Nil,2-way,Sealed,0,0,0,0,50,0,Null,0,0,,76,Auckland,Unknown,0,1,0,1,0,0,Urban,0,0,0,Light rain,Null
1756517,5919985,8942,,514000,0,,0,1,,North,2008/2009,SH 1N,16 LINK 1 NBD,,Non-Injury Crash,Yes,2009,,North,,0,,Flat,,,,,,Unknown,417400,0,0,0,2,,,0,,,,,,Auckland Region,Nil,1-way,Sealed,,0,0,,100,,Off,0,0,,76,Auckland,Nil,,,,,0,0,Open,1,,,Heavy rain,Null
1758932,5436076,8943,,569201,0,,0,2,,Null,2009/2010,NORMANDALE ROAD,BRIDGE ST,,Non-Injury Crash,No,2009,,East,,0,,Flat,,,,,,Overcast,1925500,0,0,0,2,,,0,,,,,,Wellington Region,Bridge,2-way,Sealed,,0,0,,50,,Null,0,0,,46,Lower Hutt City,Give way,,,,,0,0,Urban,0,,,Fine,Null
1799947,5816884,8944,,529700,0,,0,1,,Null,2008/2009,VICTORIA ST,EDGECUMBE ST,,Non-Injury Crash,No,2009,,North,,0,,Hill Road,,,,,,Dark,908400,0,0,0,3,,,0,,,,,,Waikato Region,Nil,2-way,Sealed,,0,0,,50,,On,0,0,,16,Hamilton City,Give way,,,,,0,0,Urban,1,,,Fine,Null
1828486,5884650,8945,,533603,0,0,0,1,0,East,2009/2010,KAUAERANGA VALLEY ROAD,THE BOOMS AVENUE,,Non-Injury Crash,No,2009,0,East,1,0,0,Flat,0,,0,,0,Dark,1056705,0,0,0,2,0,0,0,0,0,,0,0,Waikato Region,Nil,2-way,Sealed,0,0,0,0,80,0,None,0,0,,11,Thames-Coromandel District,Nil,0,0,0,0,0,0,Open,0,0,0,Fine,Null
1755647,5922425,8946,,515202,0,,0,2,,South,2008/2009,SH 1N,TOP OF HARBOUR BRIDGE,,Non-Injury Crash,Yes,2009,,South,,0,,Hill Road,,,,,,Bright sun,423600,0,0,0,4,,,0,,,,,,,Bridge,1-way,Sealed,,0,0,,80,,Off,0,0,,76,Auckland,Nil,,,,,0,0,Open,0,,,Fine,Null
1757651,5912248,8947,,519810,0,0,0,1,0,North,2009/2010,SH 20,ONEHUNGA OFF SBD,,Non-Injury Crash,Yes,2009,0,South,0,0,0,Hill Road,1,,0,,0,Bright sun,596700,0,0,0,2,0,0,0,0,0,,0,0,Auckland Region,Nil,1-way,Sealed,0,0,0,0,100,0,Off,0,0,,76,Auckland,Nil,0,0,0,0,0,0,Open,0,0,0,Fine,Null
1679100,5665413,8948,55,551112,0,0,0,1,0,Null,2009/2010,SH 45,TIMARU ROAD,,Minor Crash,Yes,2009,0,North,0,0,0,Hill Road,0,,0,,0,Dark,1554300,1,0,0,2,0,0,0,0,0,,0,0,Taranaki Region,Nil,2-way,Sealed,0,0,0,0,100,0,None,0,0,,33,New Plymouth District,Give way,0,0,0,1,0,0,Open,0,0,0,Fine,Null
1751191,5915048,8949,,514401,0,,0,2,,Null,2009/2010,GREAT NORTH ROAD,ST JUDE ST,,Non-Injury Crash,No,2009,,South,,0,,Flat,,,,,,Bright sun,382300,0,0,0,2,,,0,,,,,,Auckland Region,Nil,2-way,Sealed,,0,0,,50,,Off,0,1,,76,Auckland,Give way,,,,,0,0,Urban,0,,,Fine,Null
1746272,5916917,8950,,510800,0,,0,2,,South,2009/2010,GREAT NORTH ROAD,NORCROSS AVENUE,,Non-Injury Crash,No,2009,,South,,0,,Hill Road,,Christmas New Year,,,,Bright sun,243502,0,0,0,2,,,0,,,,,,Auckland Region,Nil,2-way,Sealed,,0,0,,50,,Off,0,0,,76,Auckland,Nil,,,,,0,0,Urban,0,,,Fine,Null
1885173,5773680,8951,,540410,0,,0,2,,North,2008/2009,FENTON ST,SH 30A,,Non-Injury Crash,No,2009,,South,,0,,Flat,,Easter,,,,Bright sun,1236200,0,0,0,4,,,0,,,,,,Bay of Plenty Region,Nil,2-way,Sealed,,0,0,,50,,Null,0,0,,24,Rotorua District,Traffic Signals,,,,,0,0,Urban,0,,,Fine,Null
1718913,6046065,8952,,503000,0,0,0,1,0,East,2008/2009,SELWYN AVENUE,SH 1N,,Non-Injury Crash,No,2009,0,West,0,0,0,Flat,0,,0,,0,Bright sun,98100,0,0,0,2,0,0,0,0,0,,0,0,Northland Region,Nil,2-way,Sealed,0,0,0,0,50,0,Off,0,0,,2,Whangarei District,Nil,0,0,0,0,0,0,Urban,1,1,0,Fine,Null
1761369,5914348,8953,,520202,0,0,0,1,0,North,2009/2010,SH 1N,PENROSE INT N,,Non-Injury Crash,Yes,2009,0,South,0,0,0,Flat,1,,0,,0,Bright sun,612501,0,0,0,3,0,0,0,0,0,,0,0,Auckland Region,Nil,1-way,Sealed,0,0,0,0,100,0,Null,0,0,,76,Auckland,Nil,0,0,0,0,0,0,Open,0,0,0,Fine,Null
1719136,6045185,8954,,503600,0,,0,2,,Null,2009/2010,POROWINI AVENUE,TAREWA ROAD,,Non-Injury Crash,No,2009,,South,,0,,Flat,,,,,,Overcast,104800,0,0,0,2,,,0,,,,,,Northland Region,Nil,2-way,Sealed,,0,0,,50,,Off,0,0,,2,Whangarei District,Nil,,,,,0,0,Urban,0,,,Fine,Null
1349538,4867128,8955,,607300,0,0,0,1,0,West,2009/2010,KAKA POINT ROAD,FLAXMILL ROAD,,Minor Crash,No,2009,0,West,0,0,0,Flat,0,Christmas New Year,0,,0,Dark,2997400,1,0,0,2,0,0,0,0,0,,0,0,Otago Region,Nil,2-way,Sealed,0,0,0,0,100,0,None,0,0,,72,Clutha District,Unknown,0,0,0,0,0,0,Open,0,0,0,Fine,Null
1755320,5914442,8956,,518500,0,0,0,1,0,East,2009/2010,KEYSTONE AVENUE,DOMINION ROAD,,Non-Injury Crash,No,2009,0,South,0,0,0,Flat,0,,0,,0,Bright sun,561000,0,0,0,2,0,0,0,0,0,,0,0,Auckland Region,Nil,2-way,Sealed,0,0,0,0,50,0,Off,0,0,,76,Auckland,Nil,0,0,0,0,0,0,Urban,1,1,0,Fine,Null
1869351,5712087,8957,,541740,0,0,0,1,0,Null,2009/2010,KOTARE ST,LISTON AVENUE,,Non-Injury Crash,No,2009,0,East,0,0,0,Flat,0,,0,,0,Dark,1268206,0,0,0,2,0,0,0,0,0,,0,1,Waikato Region,Nil,2-way,Sealed,0,0,0,0,50,0,On,0,0,,21,Taupo District,Nil,0,0,0,0,0,0,Urban,0,0,0,Fine,Null
1757390,5928942,8958,,507800,0,,0,1,,Null,2009/2010,KITCHENER ROAD,SHAKESPEARE ROAD,,Non-Injury Crash,No,2009,,West,,0,,Flat,,Labour Weekend,,,,Bright sun,307300,0,0,0,2,,,0,,,,,,Auckland Region,Nil,2-way,Sealed,,0,0,,50,,Off,1,0,,76,Auckland,Give way,,,,,0,0,Urban,0,,,Fine,Null
1751531,5435191,8959,,573600,0,,0,2,,Null,2009/2010,MOOREFIELD ROAD,MIDDLETON ROAD,,Non-Injury Crash,No,2009,,South,,0,,Flat,,,,,,Overcast,2081200,0,0,0,2,,,0,,,,,,Wellington Region,Nil,2-way,Sealed,,0,0,,50,,Null,0,0,,47,Wellington City,Give way,,,,,0,0,Urban,0,,,Heavy rain,Null