X,Y,OBJECTID,advisorySpeed,areaUnitID,bicycle,bridge,bus,carStationWagon,cliffBank,crashDirectionDescription,crashFinancialYear,crashLocation1,crashLocation2,crashRoadSideRoad,crashSeverity,crashSHDescription,crashYear,debris,directionRoleDescription,ditch,fatalCount,fence,flatHill,guardRail,holiday,houseOrBuilding,intersection,kerb,light,meshblockId,minorInjuryCount,moped,motorcycle,NumberOfLanes,objectThrownOrDropped,otherObject,otherVehicleType,overBank,parkedVehicle,pedestrian,phoneBoxEtc,postOrPole,region,roadCharacter,roadLane,roadSurface,roadworks,schoolBus,seriousInjuryCount,slipOrFlood,speedLimit,strayAnimal,streetLight,suv,taxi,temporarySpeedLimit,tlaId,tlaName,trafficControl,trafficIsland,trafficSign,train,tree,truck,unknownVehicleType,urban,vanOrUtility,vehicle,waterRiver,weatherA,weatherB
1763502,5884504,8960,,521121,0,0,0,1,0,North,2008/2009,OSTRICH ROAD,CUFF ROAD,,Non-Injury Crash,No,2009,0,North,0,0,1,Hill Road,0,,0,,0,Dark,811402,0,0,0,1,0,0,0,0,0,,0,0,Auckland Region,Nil,2-way,Unsealed,0,0,0,0,100,0,None,0,0,30,76,Auckland,Unknown,0,0,0,0,0,0,Open,0,0,0,Fine,Null
1765031,5904685,8961,,522100,0,,0,2,,Null,2008/2009,KENDERDINE ROAD,PUHINUI ROAD,,Non-Injury Crash,No,2009,,South,,0,,Flat,,,,,,Overcast,660300,0,0,0,2,,,0,,,,,,Auckland Region,Nil,2-way,Sealed,,0,0,,50,,Off,0,0,,76,Auckland,Stop,,,,,0,0,Urban,0,,,Fine,Null
1761863,5436408,8962,,568502,0,,0,3,,North,2009/2010,CAMBRIDGE TERRACE,HAMPTON COURT,,Non-Injury Crash,No,2009,,North,,0,,Flat,,,,,,Twilight,1952100,0,0,0,2,,,0,,,,,,Wellington Region,Nil,2-way,Sealed,,0,0,,50,,Off,0,1,,46,Lower Hutt City,Nil,,,,,0,0,Urban,0,,,Fine,Null
1743567,5914427,8963,,513020,0,0,0,1,0,East,2009/2010,HOLDENS ROAD,FOREST HILL ROAD,,Non-Injury Crash,No,2009,0,East,1,0,1,Hill Road,0,,0,,0,Overcast,281201,0,0,0,2,0,1,0,0,0,,0,0,Auckland Region,Nil,2-way,Sealed,0,0,0,0,50,0,Null,0,0,,76,Auckland,Unknown,0,0,0,0,0,0,Urban,0,0,0,Fine,Null
1750439,5424323,8964,,576901,0,,0,1,,South,2008/2009,MAHORA ST,RONGOTAI ROAD,,Non-Injury Crash,No,2009,,North,,0,,Flat,,,,,,Overcast,2178200,0,0,0,2,,,0,,,,,,Wellington Region,Nil,2-way,Sealed,,0,0,,50,,Null,0,0,,47,Wellington City,Nil,,,,,0,0,Urban,1,,,Fine,Null
1755492,5929002,8965,,508320,0,,0,2,,Null,2009/2010,TRISTRAM AVENUE,CROFTFIELD LANE,,Non-Injury Crash,No,2009,,East,,0,,Flat,,,,,,Overcast,198500,0,0,0,6,,,0,,,,,,Auckland Region,Nil,2-way,Sealed,,0,0,,50,,Off,0,0,,76,Auckland,Traffic Signals,,,,,0,0,Urban,0,,,Fine,Null
1883781,5775089,8966,,540200,0,,0,1,,Null,2009/2010,BENNETTS ROAD,LAKE ROAD,,Non-Injury Crash,No,2009,,South,,0,,Flat,,,,,,Overcast,1223302,0,0,0,2,,,0,,,,,,Bay of Plenty Region,Nil,2-way,Sealed,,0,0,,50,,Null,0,0,,24,Rotorua District,Stop,,,,,0,0,Urban,1,,,Heavy rain,Null
1950631,5791273,8967,,542440,0,,0,2,,West,2008/2009,DOMAIN ROAD,MCALISTER ST,,Non-Injury Crash,No,2009,,East,,0,,Flat,,,,,,Bright sun,1308000,0,0,0,1,,,0,,,,,,Bay of Plenty Region,Nil,1-way,Sealed,,0,0,,50,,Off,0,0,,25,Whakatane District,Nil,,,,,0,0,Urban,0,,,Fine,Null
1763139,5437351,8968,,568303,0,,0,1,,Null,2008/2009,CAMBRIDGE TERRACE,VOGEL ST,,Non-Injury Crash,No,2009,,South,,0,,Flat,,,,,,Bright sun,1953400,0,0,0,2,,,0,,,,,,Wellington Region,Nil,2-way,Sealed,,0,0,,50,,Null,1,0,,46,Lower Hutt City,Give way,,,,,0,0,Urban,0,,,Fine,Null
1764069,5912436,8969,,520500,0,,0,1,,South,2008/2009,SH 1N,MT WGTN OBR,,Non-Injury Crash,Yes,2009,,North,,0,,Flat,,,,,,Bright sun,639500,0,0,0,3,,,0,,,,,,Auckland Region,Nil,1-way,Sealed,,0,0,,100,,Off,1,0,,76,Auckland,Nil,,,,,0,0,Open,0,,,Fine,Null
1765848,5900475,8970,,524821,0,0,0,1,0,Null,2008/2009,BURUNDI AVENUE,FROBISHER WAY,,Non-Injury Crash,No,2009,0,West,0,0,0,Flat,0,,1,,0,Bright sun,774405,0,0,0,2,0,0,0,0,0,,0,0,Auckland Region,Nil,2-way,Sealed,0,0,0,0,50,0,Null,0,0,,76,Auckland,Nil,0,0,0,0,0,0,Urban,0,0,0,Fine,Null
1731015,6017506,8971,,501816,0,1,0,0,0,North,2008/2009,NOVA SCOTIA DRIVE,THE CENTRE,,Non-Injury Crash,No,2009,0,South,0,0,0,Flat,0,,0,,0,Twilight,80800,0,0,0,2,0,0,0,0,0,,0,0,Northland Region,Bridge,2-way,Sealed,0,0,0,0,100,0,None,0,0,,2,Whangarei District,Nil,0,0,0,0,1,0,Open,0,0,0,Fine,Null
1886174,5774719,8972,,540410,0,0,0,1,0,North,2009/2010,HATUPATU DRIVE,QUEENS DRIVE,,Non-Injury Crash,No,2009,0,North,0,0,0,Flat,0,Christmas New Year,0,,1,Overcast,1233100,0,0,0,2,0,0,0,0,0,,0,0,Bay of Plenty Region,Nil,2-way,Sealed,0,0,0,0,50,0,Null,0,0,,24,Rotorua District,Unknown,0,0,0,0,0,0,Urban,0,0,0,Mist or Fog,Null
1767914,5466301,8973,,566102,0,,0,3,,North,2008/2009,SH 1N,POPLAR AVENUE,,Non-Injury Crash,Yes,2009,,North,,0,,Flat,,Easter,,,,Bright sun,2007600,0,0,0,2,,,0,,,,,,Wellington Region,Nil,2-way,Sealed,,0,0,,100,,Null,0,0,,43,Kapiti Coast District,Nil,,,,,0,0,Open,0,,,Fine,Null
1755764,5928530,8974,,507900,0,,0,2,,South,2009/2010,SH 1N,TRISTRAM ON SBD,,Non-Injury Crash,Yes,2009,,South,,0,,Flat,,,,,,Overcast,307000,0,0,0,3,,,0,,,,,,Auckland Region,Bridge,1-way,Sealed,,0,0,,100,,Off,0,0,,76,Auckland,Nil,,,,,0,0,Open,0,,,Fine,Null
1883479,5774397,8975,,539400,0,,0,3,,South,2009/2010,SH 5,SUNSET ROAD,,Non-Injury Crash,Yes,2009,,North,,0,,Flat,,,,,,Overcast,1225300,0,0,0,4,,,0,,,,,,Bay of Plenty Region,Nil,2-way,Sealed,,0,0,,60,,Null,0,0,,24,Rotorua District,Unknown,,,,,0,0,Urban,0,,,Light rain,Null
1777151,5576961,8976,,557900,0,0,0,2,0,East,2008/2009,PORTAL ST,IWIROA TERRACE,,Non-Injury Crash,No,2009,0,West,0,0,0,Flat,0,,0,,0,Bright sun,1696700,0,0,0,2,0,0,0,0,1,,0,0,Manawatū-Whanganui Region,Nil,2-way,Sealed,0,0,0,0,50,0,Null,0,0,,37,Whanganui District,Nil,0,0,0,0,0,0,Urban,0,0,0,Fine,Null
1791417,5846840,8977,,527111,0,0,0,1,0,North,2008/2009,SH 1N,OHINEWAI SOUTH ROAD,,Non-Injury Crash,Yes,2009,0,South,0,0,0,Flat,0,,0,,0,Bright sun,940701,0,0,0,3,0,0,0,0,0,,0,1,Waikato Region,Nil,2-way,Sealed,0,0,0,0,100,0,Null,0,0,,13,Waikato District,Unknown,0,1,0,0,0,0,Open,0,0,0,Fine,Null
1617479,6108083,8978,,500204,0,,0,0,,Null,2008/2009,KAITAIA-AWAROA ROAD,BRASS ROAD,,Non-Injury Crash,No,2009,,East,,0,,Flat,,,,,,Bright sun,9700,0,0,0,2,,,0,,,,,,Northland Region,Nil,2-way,Unsealed,,0,0,,80,,None,1,0,,1,Far North District,Nil,,,,,1,0,Open,0,,,Fine,Null
1757776,5918201,8979,,515700,0,,0,1,,South,2009/2010,SH 1N,MOUNTAIN OBR,,Non-Injury Crash,Yes,2009,,North,,0,,Flat,,,,,,Bright sun,443600,0,0,0,5,,,0,,,,,,Auckland Region,Nil,1-way,Sealed,,0,0,,80,,Off,1,0,,76,Auckland,Nil,,,,,0,0,Open,0,,,Fine,Null
1758421,5926581,8980,,508020,0,,0,2,,South,2008/2009,LAKE ROAD,ESMONDE ROAD,,Non-Injury Crash,No,2009,,South,,0,,Flat,,,,,,Bright sun,325402,0,0,0,4,,,0,,,,,,Auckland Region,Nil,2-way,Sealed,,0,0,,50,,Off,0,0,,76,Auckland,Nil,,,,,0,0,Urban,0,,,Fine,Null
1765370,5909150,8981,,523402,0,,0,1,,Null,2008/2009,SH 1N,HIGHBROOK ON NBD,,Non-Injury Crash,Yes,2009,,North,,0,,Flat,,,,,,Overcast,696900,0,0,0,3,,,0,,,,,,Auckland Region,Nil,1-way,Sealed,,0,0,,100,,Null,0,0,,76,Auckland,Nil,,,,,1,0,Open,0,,,Light rain,Null
1771345,5900037,8982,,523911,0,,0,2,,Null,2009/2010,POPES ROAD,PORCHESTER ROAD,,Non-Injury Crash,No,2009,,East,,0,,Hill Road,,,,,,Bright sun,767202,0,0,0,2,,,0,,,,,,Auckland Region,Nil,2-way,Sealed,,0,0,,80,,Null,0,0,,76,Auckland,Stop,,,,,0,0,Open,0,,,Fine,Null
1761348,5919281,8983,,516400,0,,0,1,,South,2008/2009,NGAPIPI ROAD,NGAIWI ST,,Non-Injury Crash,No,2009,,South,,0,,Flat,,,,,,Overcast,497200,0,0,0,2,,,0,,,,,,Auckland Region,Nil,2-way,Sealed,,0,0,,50,,Null,0,0,,76,Auckland,Nil,,,,,0,0,Urban,1,,,Light rain,Null
1759271,5435887,8984,,569100,0,,1,0,,Null,2008/2009,QUEENS DRIVE,WOBURN ROAD,,Non-Injury Crash,No,2009,,North,,0,,Hill Road,,,,,,Overcast,1966200,0,0,0,2,,,0,,,,,,Wellington Region,Nil,2-way,Sealed,,0,0,,50,,Null,0,0,,46,Lower Hutt City,Give way,,,,,0,0,Urban,1,,,Fine,Null
1759019,5906808,8985,,524200,0,,1,1,,Null,2009/2010,KIRKBRIDE ROAD,VISCOUNT ST,,Non-Injury Crash,No,2009,,North,,0,,Flat,,,,,,Overcast,726300,0,0,0,2,,,0,,,,,,Auckland Region,Nil,2-way,Sealed,,0,0,,50,,Off,0,0,,76,Auckland,Nil,,,,,0,0,Urban,0,,,Light rain,Null
1756760,5919874,8986,,514102,0,,0,2,,Null,2009/2010,UNION ST,UNION ON SBD,,Non-Injury Crash,No,2009,,East,,0,,Flat,,,,,,Bright sun,434802,0,0,0,4,,,0,,,,,,Auckland Region,Nil,1-way,Sealed,,0,0,,50,,Off,0,0,,76,Auckland,Traffic Signals,,,,,0,0,Urban,0,,,Fine,Null
1769267,5914491,8987,,522721,0,,0,2,,East,2009/2010,PAKURANGA ROAD,FORTUNES ROAD,,Non-Injury Crash,No,2009,,East,,0,,Flat,,,,,,Bright sun,680727,0,0,0,6,,,0,,,,,,Auckland Region,Nil,2-way,Sealed,,0,0,,60,,Off,0,0,,76,Auckland,Nil,,,,,0,0,Urban,0,,,Fine,Null
1747784,5421097,8988,,576001,0,0,0,1,0,East,2008/2009,THE ESPLANADE,SEVERN ST,,Non-Injury Crash,No,2009,0,East,0,0,0,Flat,0,,0,,0,Dark,2189000,0,0,0,2,0,0,0,0,1,,0,0,Wellington Region,Nil,2-way,Sealed,0,0,0,0,50,0,On,0,0,,47,Wellington City,Nil,0,0,0,0,0,0,Urban,1,0,0,Light rain,Null
1775788,5882928,8989,,521160,0,0,0,2,0,North,2008/2009,SH 1N,MILL OBR,,Non-Injury Crash,Yes,2009,0,North,0,0,0,Hill Road,0,,0,,0,Bright sun,827603,0,0,0,2,0,0,0,0,0,,0,1,Auckland Region,Nil,1-way,Sealed,0,0,0,0,100,0,Off,0,0,,76,Auckland,Nil,0,0,0,0,0,0,Open,0,0,0,Fine,Null
1762573,5913089,8990,,520402,0,,0,0,,South,2008/2009,SH 1N,PENROSE OBR,,Non-Injury Crash,Yes,2009,,South,,0,,Hill Road,,,,,,Overcast,642400,0,0,0,3,,,0,,,,,,Auckland Region,Nil,1-way,Sealed,,0,0,,80,,Off,1,0,,76,Auckland,Nil,,,,,0,0,Open,1,,,Fine,Null
1767715,5880082,8991,,525921,0,,1,1,,Null,2008/2009,SUNSET DRIVE,WARD ST,,Non-Injury Crash,No,2009,,North,,0,,Flat,,,,,,Dark,822401,0,0,0,2,,,0,,,,,,Auckland Region,Nil,2-way,Sealed,,0,0,,50,,On,0,0,,76,Auckland,Give way,,,,,0,0,Urban,0,,,Fine,Null
1676480,6024015,8992,,504501,0,0,0,2,0,North,2009/2010,WAIHUE ROAD,HOKIANGA ROAD,,Non-Injury Crash,No,2009,0,South,0,0,0,Hill Road,0,,0,,0,Bright sun,119900,0,0,0,2,0,0,0,0,0,,0,0,Northland Region,Nil,2-way,Sealed,0,0,0,0,100,0,Null,0,0,,3,Kaipara District,Unknown,0,0,0,0,0,0,Open,0,1,0,Fine,Null
1881986,5827922,8993,,536821,0,,0,2,,South,2008/2009,MAUNGANUI ROAD,CLYDE ST,,Non-Injury Crash,No,2009,,North,,0,,Flat,,,,,,Bright sun,1203300,0,0,0,4,,,0,,,,,,Bay of Plenty Region,Nil,2-way,Sealed,,0,0,,50,,Null,0,0,,23,Tauranga City,Unknown,,,,,0,0,Urban,0,,,Fine,Null
1754127,5926860,8994,,508610,0,,0,1,,East,2008/2009,CORONATION ROAD,ARCHERS ROAD,,Non-Injury Crash,No,2009,,East,,0,,Flat,,,,,,Twilight,205300,0,0,0,2,,,0,,,,,,Auckland Region,Nil,2-way,Sealed,,0,0,,50,,On,0,0,,76,Auckland,Unknown,,,,,0,0,Urban,1,,,Fine,Null
1880689,5826516,8995,,536821,0,,0,1,,West,2009/2010,SH 2,TASMAN QUAY,,Non-Injury Crash,Yes,2009,,West,,0,,Flat,,,,,,Bright sun,1203700,0,0,0,2,,,0,,,,,,Bay of Plenty Region,Nil,2-way,Sealed,,0,0,,70,,Null,0,0,,23,Tauranga City,Unknown,,,,,0,0,Urban,1,,,Fine,Null
1784241,5760037,8996,,531720,0,0,0,0,0,West,2009/2010,FULLERTON ROAD,OTOTOIKA ROAD,,Non-Injury Crash,No,2009,0,South,0,0,0,Hill Road,0,,0,,0,Dark,1020001,0,0,0,2,0,0,0,0,0,,0,0,Waikato Region,Nil,2-way,Sealed,0,0,0,0,100,0,None,1,0,,20,Waitomo District,Unknown,0,0,0,1,0,0,Open,0,0,0,Fine,Null
1755045,5936177,8997,,507000,0,0,0,1,0,West,2009/2010,NOR EAST DRIVE,ACACIA ROAD,,Non-Injury Crash,No,2009,0,East,0,0,0,Flat,0,,0,,0,Overcast,164002,0,0,0,2,0,0,0,0,0,,0,0,Auckland Region,Nil,2-way,Sealed,0,0,0,0,50,0,Off,0,0,,76,Auckland,Nil,0,0,0,0,0,0,Urban,1,1,0,Fine,Null
1743698,5922023,8998,,513631,0,,0,1,,Null,2009/2010,TRIANGLE ROAD,REYNELLA DRIVE,,Non-Injury Crash,No,2009,,West,,0,,Hill Road,,,,,,Dark,227011,0,0,0,2,,,0,,,,,,Auckland Region,Nil,2-way,Sealed,,0,0,,50,,Off,1,0,,76,Auckland,Stop,,,,,0,0,Urban,0,,,Fine,Null
1898586,5811660,8999,,536653,0,,0,4,,West,2008/2009,TE PUKE HIGHWAY,SHOWGROUND ROAD,,Non-Injury Crash,No,2009,,West,,0,,Hill Road,,,,,,Dark,1210300,0,0,0,2,,,0,,,,,,Bay of Plenty Region,Bridge,2-way,Sealed,,0,0,,100,,None,0,0,,22,Western Bay of Plenty District,Unknown,,,,,0,0,Open,0,,,Fine,Null
1565573,5180296,9000,,590100,0,0,0,1,0,North,2008/2009,WAIMAIRI ROAD,BOWEN ST,,Non-Injury Crash,No,2009,0,North,0,0,0,Flat,0,,0,,0,Dark,2541800,0,0,0,2,0,0,0,0,0,,0,1,Canterbury Region,Nil,2-way,Sealed,0,0,0,0,50,0,On,0,0,,60,Christchurch City,Unknown,0,0,0,1,0,0,Urban,0,0,0,Light rain,Null
1802319,5816642,9001,,530000,0,,0,2,,South,2008/2009,PEACHGROVE ROAD,ENDERLEY AVENUE,,Non-Injury Crash,No,2009,,South,,0,,Flat,,,,,,Bright sun,866001,0,0,0,2,,,0,,,,,,Waikato Region,Nil,2-way,Sealed,,0,0,,50,,Off,0,0,,16,Hamilton City,Nil,,,,,0,0,Urban,0,,,Fine,Null
1574765,5183579,9002,,592820,0,,0,1,,Null,2009/2010,NEW BRIGHTON ROAD,AVONDALE ROAD,,Serious Crash,No,2009,,North,,0,,Flat,,,,,,Twilight,2604803,0,1,0,2,,,0,,,,,,Canterbury Region,Nil,2-way,Sealed,,0,1,,50,,Off,0,0,,60,Christchurch City,Give way,,,,,0,0,Urban,0,,,Fine,Null
1757882,5919698,9003,,514302,0,,0,2,,Null,2009/2010,GRAFTON ROAD,GRAFTON MEWS N,,Non-Injury Crash,No,2009,,North,,0,,Flat,,,,,,Overcast,442200,0,0,0,3,,,0,,,,,,Auckland Region,Nil,2-way,Sealed,,0,0,,50,,Off,0,0,,76,Auckland,Traffic Signals,,,,,0,0,Urban,0,,,Fine,Null
1766904,5907645,9004,,523602,0,,0,2,,Null,2008/2009,EAST TAMAKI ROAD,BAIRDS ROAD,,Non-Injury Crash,No,2009,,West,,0,,Flat,,,,,,Dark,709300,0,0,0,6,,,0,,,,,,Auckland Region,Nil,2-way,Sealed,,0,0,,60,,On,0,0,,76,Auckland,Traffic Signals,,,,,0,0,Urban,0,,,Fine,Null
1754146,5448239,9005,,570400,0,0,0,1,0,South,2009/2010,VELLA ST,LAMBLEY ROAD,,Non-Injury Crash,No,2009,0,South,0,0,0,Flat,0,,0,,0,Dark,2043102,0,0,0,2,0,0,0,0,1,,0,0,Wellington Region,Nil,2-way,Sealed,0,0,0,0,50,0,On,1,0,,44,Porirua City,Nil,0,0,0,0,0,0,Urban,0,0,0,Fine,Null
1789913,5827710,9006,,528200,0,0,0,1,0,South,2009/2010,NGARUAWAHIA ROAD,HAVELOCK ROAD,,Non-Injury Crash,No,2009,0,South,0,0,1,Hill Road,0,,0,,0,Bright sun,857000,0,0,0,2,0,0,0,0,0,,0,0,Waikato Region,Nil,2-way,Sealed,0,0,0,0,50,0,Null,0,0,,13,Waikato District,Unknown,0,0,0,0,0,0,Urban,0,0,0,Fine,Null
1890507,5775541,9007,,538742,0,,0,2,,Null,2008/2009,SH 30,LEE ROAD,,Non-Injury Crash,Yes,2009,,South,,0,,Flat,,,,,,Bright sun,1251500,0,0,0,2,,,0,,,,,,Bay of Plenty Region,Nil,2-way,Sealed,,0,0,,70,,Null,0,0,,24,Rotorua District,Stop,,,,,0,0,Urban,0,,,Fine,Null
1798391,5815920,9008,,528900,0,,0,0,,Null,2009/2010,SH 1N,NORTON ROAD,,Non-Injury Crash,Yes,2009,,East,,0,,Flat,,,,,,Overcast,915400,0,0,0,2,,,0,,,,,,Waikato Region,Nil,2-way,Sealed,,0,0,,50,,Null,0,0,,16,Hamilton City,Give way,,,,,2,0,Urban,0,,,Light rain,Null
1771058,5898250,9009,,523912,0,,0,2,,Null,2009/2010,GREAT SOUTH ROAD,BEACH ROAD N,,Non-Injury Crash,No,2009,,South,,0,,Flat,,,,,,Bright sun,767705,0,0,0,2,,,0,,,,,,Auckland Region,Nil,2-way,Sealed,,0,0,,50,,Null,0,0,,76,Auckland,Nil,,,,,0,0,Urban,0,,,Fine,Null
1769426,5903939,9010,,523820,0,0,0,4,0,North,2008/2009,GOODWOOD DRIVE,RIBBONWOOD CRESCENT S,,Non-Injury Crash,No,2009,0,South,0,0,0,Hill Road,0,,0,,0,Dark,760134,0,0,0,2,0,0,0,0,3,,0,0,Auckland Region,Nil,2-way,Sealed,0,0,0,0,50,0,On,0,0,,76,Auckland,Nil,0,0,0,0,0,0,Urban,0,0,0,Fine,Null
1756199,5918831,9011,,515500,0,,0,0,,West,2009/2010,SH 16,NEWTON OBR,,Non-Injury Crash,Yes,2009,,East,,0,,Flat,,,,,,Overcast,417700,0,0,0,4,,,0,,,,,,Auckland Region,Nil,1-way,Sealed,,0,0,,100,,Off,1,0,,76,Auckland,Nil,,,,,0,0,Open,1,,,Light rain,Null
1764423,5903943,9012,80,524604,0,,0,4,,South,2008/2009,SH 20,PUHINUI UNDERPASS,,Non-Injury Crash,Yes,2009,,South,,0,,Flat,,,,,,Overcast,781100,0,0,0,2,,,0,,,,,,Auckland Region,Nil,1-way,Sealed,,0,0,,100,,Null,0,0,,76,Auckland,Unknown,,,,,0,0,Open,0,,,Light rain,Null
1571371,5179798,9013,,591500,0,,0,1,,Null,2008/2009,BARBADOES ST,LICHFIELD ST,,Minor Crash,No,2009,,South,,0,,Flat,,,,,,Bright sun,2650200,1,0,0,2,,,0,,,,,,Canterbury Region,Nil,1-way,Sealed,,0,0,,50,,Null,1,0,,60,Christchurch City,Traffic Signals,,,,,0,0,Urban,0,,,Fine,Null
1718711,6045151,9014,,503000,0,,0,2,,West,2009/2010,MAUNU ROAD,COOKE ST,,Non-Injury Crash,No,2009,,North,,0,,Flat,,,,,,Overcast,99000,0,0,0,2,,,0,,,,,,Northland Region,Nil,2-way,Sealed,,0,0,,50,,Off,0,0,,2,Whangarei District,Nil,,,,,0,0,Urban,0,,,Light rain,Null
1744587,5922462,9015,,513530,0,,0,2,,East,2009/2010,ROYAL ROAD,MOIRE ROAD,,Non-Injury Crash,No,2009,,East,,0,,Flat,,,,,,Bright sun,225802,0,0,0,4,,,0,,,,,,Auckland Region,Nil,2-way,Sealed,,0,0,,50,,Off,0,0,,76,Auckland,Nil,,,,,0,0,Urban,0,,,Fine,Null
1820044,5804192,9016,,527133,0,0,0,1,0,Null,2008/2009,FRENCH PASS ROAD,MAUNGAKAWA ROAD,,Non-Injury Crash,No,2009,0,North,0,0,1,Flat,0,,0,,0,Overcast,959108,0,0,0,2,0,0,0,0,0,,0,0,Waikato Region,Nil,2-way,Sealed,0,0,0,0,100,0,None,0,0,,17,Waipa District,Give way,0,0,0,0,0,0,Open,0,0,0,Light rain,Null
1693119,5675848,9017,,552002,0,0,0,1,1,South,2009/2010,CARRINGTON ST,VICTORIA ROAD,,Non-Injury Crash,No,2009,0,South,0,0,0,Hill Road,0,,0,,0,Overcast,1595300,0,0,0,2,0,0,0,0,0,,0,0,Taranaki Region,Nil,2-way,Sealed,0,0,0,0,50,0,Null,0,0,,33,New Plymouth District,Nil,0,0,0,0,0,0,Urban,0,0,0,Fine,Null
1718899,6046070,9018,,503000,0,,0,2,,Null,2008/2009,SH 1N,SELWYN AVENUE,,Non-Injury Crash,Yes,2009,,South,,0,,Flat,,,,,,Bright sun,98100,0,0,0,4,,,0,,,,,,Northland Region,Nil,2-way,Sealed,,0,0,,50,,Off,0,0,,2,Whangarei District,Traffic Signals,,,,,0,0,Urban,0,,,Fine,Null
1729169,6027279,9019,,501811,0,0,0,1,0,North,2008/2009,SH 1N,SH 15A,,Non-Injury Crash,Yes,2009,0,South,1,0,0,Flat,0,,0,,0,Dark,78601,0,0,0,2,0,0,0,0,0,,0,0,Northland Region,Nil,2-way,Sealed,0,0,0,0,100,0,None,0,0,,2,Whangarei District,Nil,0,0,0,0,0,0,Open,0,0,0,Fine,Null
1705036,6039332,9020,,501809,0,0,0,0,0,East,2008/2009,SH 14,WHATITIRI ROAD,,Non-Injury Crash,Yes,2009,0,West,1,0,0,Hill Road,0,,0,,0,Overcast,72300,0,0,0,2,0,0,0,0,0,,0,0,Northland Region,Nil,2-way,Sealed,0,0,0,1,100,0,None,1,0,,2,Whangarei District,Nil,0,0,0,0,0,0,Open,0,0,0,Heavy rain,Null
1817767,5845631,9021,,534603,0,0,0,1,0,East,2009/2010,TAHUNA OHINEWAI ROAD,TAHUNA ROAD,,Non-Injury Crash,No,2009,0,East,0,0,0,Flat,0,,0,,0,Dark,1093900,0,0,0,2,0,0,0,0,0,,0,0,Waikato Region,Nil,2-way,Sealed,0,0,0,0,100,0,None,0,0,,15,Matamata-Piako District,Nil,0,0,0,0,0,0,Open,0,0,0,Fine,Null
1768079,5904355,9022,,523820,0,,0,2,,Null,2009/2010,REDOUBT ROAD,MANUKAU ON SBD,,Non-Injury Crash,No,2009,,West,,0,,Flat,,,,,,Bright sun,759901,0,0,0,4,,,0,,,,,,Auckland Region,Motorway ramp,2-way,Sealed,,0,0,,50,,Off,0,0,,76,Auckland,Traffic Signals,,,,,0,0,Urban,0,,,Fine,Null
1758137,5913912,9023,,518600,0,,0,2,,North,2009/2010,MANUKAU ROAD,BECKENHAM AVENUE,,Non-Injury Crash,No,2009,,North,,0,,Flat,,,,,,Overcast,566800,0,0,0,2,,,0,,,,,,Auckland Region,Nil,2-way,Sealed,,0,0,,50,,Null,0,0,,76,Auckland,Unknown,,,,,0,0,Urban,0,,,Fine,Null
1559093,5178182,9024,,587830,0,,0,1,,East,2009/2010,SH 1S,BARTERS ROAD,,Serious Crash,Yes,2009,,East,,0,,Flat,,,,,,Dark,2498700,0,0,1,2,,,0,,,,,,Canterbury Region,Nil,2-way,Sealed,,0,1,,70,,On,0,0,,60,Christchurch City,Nil,,,,,0,0,Urban,0,,,Fine,Null
1789575,5814435,9025,,527913,0,,0,2,,Null,2009/2010,SH 23,SH 39 HOROTIU,,Non-Injury Crash,Yes,2009,,East,,0,,Flat,,,,,,Overcast,978700,0,0,0,2,,,0,,,,,,Waikato Region,Nil,2-way,Sealed,,0,0,,80,,Null,0,0,,13,Waikato District,Stop,,,,,1,0,Open,0,,,Light rain,Strong wind
1789575,5814435,9026,,527913,0,,0,0,,Null,2009/2010,SH 39 HOROTIU,SH 23,,Non-Injury Crash,Yes,2009,,South,,0,,Flat,,,,,,Overcast,978700,0,0,0,2,,,0,,,,,,Waikato Region,Nil,2-way,Sealed,,0,0,,80,,Null,0,0,,13,Waikato District,Stop,,,,,0,0,Open,2,,,Fine,Null
1851432,5904731,9027,60,533200,0,0,0,1,0,East,2009/2010,SH 25,PAUL ROAD,,Non-Injury Crash,Yes,2009,0,North,0,0,0,Hill Road,0,,0,,0,Dark,1048002,0,0,0,2,0,0,0,1,0,,0,0,Waikato Region,Nil,2-way,Sealed,0,0,0,0,100,0,None,0,0,,11,Thames-Coromandel District,Unknown,0,0,0,0,0,0,Open,0,0,0,Fine,Null
1765624,5919996,9028,,516700,0,,0,1,,West,2008/2009,POLYGON ROAD,ST HELIERS BAY ROAD,,Non-Injury Crash,No,2009,,East,,0,,Flat,,,,,,Overcast,509200,0,0,0,2,,,0,,,,,,Auckland Region,Nil,2-way,Sealed,,0,0,,50,,Null,0,0,,76,Auckland,Unknown,,,,,0,0,Urban,1,,,Fine,Null
1754009,5917211,9029,,517600,0,,0,2,,Null,2009/2010,NEW NORTH ROAD,ST LUKES ROAD,,Non-Injury Crash,No,2009,,East,,0,,Flat,,,,,,Bright sun,534400,0,0,0,3,,,0,,,,,,Auckland Region,Nil,2-way,Sealed,,0,0,,50,,Off,0,0,,76,Auckland,Traffic Signals,,,,,0,0,Urban,1,,,Fine,Null
1799901,5812045,9030,,529200,0,0,0,1,0,West,2008/2009,YVONNE ST,CRICKET PLACE,,Non-Injury Crash,No,2009,0,West,0,0,0,Flat,0,Queens Birthday,0,,0,Dark,927901,0,0,0,2,0,0,0,0,1,,0,0,Waikato Region,Nil,2-way,Sealed,0,0,0,0,50,0,None,0,0,,16,Hamilton City,Nil,0,0,0,0,0,0,Urban,1,0,0,Fine,Null