X,Y,OBJECTID,advisorySpeed,areaUnitID,bicycle,bridge,bus,carStationWagon,cliffBank,crashDirectionDescription,crashFinancialYear,crashLocation1,crashLocation2,crashRoadSideRoad,crashSeverity,crashSHDescription,crashYear,debris,directionRoleDescription,ditch,fatalCount,fence,flatHill,guardRail,holiday,houseOrBuilding,intersection,kerb,light,meshblockId,minorInjuryCount,moped,motorcycle,NumberOfLanes,objectThrownOrDropped,otherObject,otherVehicleType,overBank,parkedVehicle,pedestrian,phoneBoxEtc,postOrPole,region,roadCharacter,roadLane,roadSurface,roadworks,schoolBus,seriousInjuryCount,slipOrFlood,speedLimit,strayAnimal,streetLight,suv,taxi,temporarySpeedLimit,tlaId,tlaName,trafficControl,trafficIsland,trafficSign,train,tree,truck,unknownVehicleType,urban,vanOrUtility,vehicle,waterRiver,weatherA,weatherB
1739559,5929069,9031,,505602,0,,0,2,,Null,2008/2009,KORAHA ROAD,WEZA LANE,,Non-Injury Crash,No,2009,,West,,0,,Hill Road,,,,,,Bright sun,214103,0,0,0,2,,,0,,,,,,Auckland Region,Nil,2-way,Sealed,,0,0,,50,,Null,0,0,,76,Auckland,Give way,,,,,0,0,Urban,0,,,Fine,Null
1323586,5040811,9032,,608302,0,0,0,1,0,North,2008/2009,SH 8,TIMBURN ROAD,,Minor Crash,Yes,2009,0,South,1,0,0,Flat,0,,0,,0,Dark,3028500,1,0,0,2,0,0,0,0,0,,0,0,Otago Region,Nil,2-way,Sealed,0,0,0,0,100,0,None,0,0,,69,Central Otago District,Nil,0,0,0,0,0,0,Open,0,0,0,Mist or Fog,Frost
1404346,4916174,9033,,604120,0,,0,2,,Null,2008/2009,HAWTHORN AVENUE,JUBILEE ST,,Minor Crash,No,2009,,North,,0,,Flat,,,,,,Bright sun,2922000,2,0,0,2,,,0,,,,,,Otago Region,Nil,2-way,Sealed,,0,0,,50,,Null,0,0,,71,Dunedin City,Stop,,,,,0,0,Urban,0,,,Fine,Null
1746375,5920153,9034,,512300,0,,0,3,,East,2009/2010,SH 16,LINCOLN ON EBD,,Non-Injury Crash,Yes,2009,,East,,0,,Flat,,,,,,Dark,251700,0,0,0,2,,,0,,,,,,Auckland Region,Nil,1-way,Sealed,,0,0,,100,,On,0,0,,76,Auckland,Nil,,,,,0,0,Open,0,,,Heavy rain,Null
1763980,5914026,9035,,520303,0,0,0,1,0,North,2008/2009,MOUNT WELLINGTON HIGHWAY,ROSLYN ROAD,,Non-Injury Crash,No,2009,0,North,0,0,0,Flat,0,,0,,1,Twilight,627600,0,0,0,2,0,0,0,0,0,,0,0,Auckland Region,Nil,2-way,Sealed,0,0,0,0,50,0,Off,0,0,,76,Auckland,Nil,0,0,0,0,0,0,Urban,0,0,0,Fine,Null
1747291,5919532,9036,,512402,0,,0,1,,Null,2009/2010,TE ATATU OFF WBD,TE ATATU ROAD,,Non-Injury Crash,Yes,2009,,East,,0,,Hill Road,,,,,,Bright sun,253700,0,0,0,2,,,0,,,,,,Auckland Region,Motorway ramp,1-way,Sealed,,0,0,,50,,Off,0,0,,76,Auckland,Traffic Signals,,,,,1,0,Urban,0,,,Fine,Null
1892199,5783794,9037,,538820,0,0,0,1,0,North,2008/2009,SH 33,NGARETA ROAD,,Non-Injury Crash,Yes,2009,0,North,1,0,0,Flat,0,,0,,0,Twilight,1252400,0,0,0,2,0,0,0,0,0,,0,0,Bay of Plenty Region,Nil,2-way,Sealed,0,0,0,0,70,0,On,0,0,,24,Rotorua District,Unknown,0,0,0,0,0,0,Urban,0,0,0,Light rain,Null
1750928,5913804,9038,,514600,0,0,0,2,0,Null,2009/2010,WOLVERTON ST,TAYLOR ST,,Non-Injury Crash,No,2009,0,North,0,0,0,Flat,0,,0,,0,Dark,372101,0,0,0,2,0,0,0,0,0,,0,0,Auckland Region,Nil,2-way,Sealed,0,0,0,0,50,0,On,0,0,,76,Auckland,Give way,0,0,0,0,0,0,Urban,0,1,0,Light rain,Null
1758240,5911870,9039,,519810,0,,0,2,,North,2009/2010,SH 20,ONEHUNGA OFF SBD,,Non-Injury Crash,Yes,2009,,South,,0,,Flat,,,,,,Bright sun,602501,0,0,0,2,,,0,,,,,,Auckland Region,Nil,1-way,Sealed,,0,0,,100,,Off,0,0,,76,Auckland,Nil,,,,,1,0,Open,0,,,Fine,Null
1816013,5835546,9040,,534500,0,0,0,1,0,East,2009/2010,TAUHEI ROAD,MATUKU ROAD,,Non-Injury Crash,No,2009,0,East,1,0,0,Flat,0,,0,,0,Bright sun,1092100,0,0,0,2,0,0,0,0,0,,0,0,Waikato Region,Bridge,2-way,Sealed,0,0,0,0,100,0,Null,0,0,,15,Matamata-Piako District,Unknown,0,0,0,0,0,0,Open,0,0,0,Fine,Null
1754284,5924804,9041,,510500,0,,0,1,,Null,2008/2009,ONEWA ROAD,AORANGI PLACE,,Non-Injury Crash,No,2009,,East,,0,,Flat,,,,,,Twilight,355900,0,0,0,4,,,0,,,,,,Auckland Region,Nil,2-way,Sealed,,0,0,,50,,On,1,0,,76,Auckland,Give way,,,,,0,0,Urban,0,,,Light rain,Null
1769862,5914774,9042,,522722,0,,0,2,,Null,2008/2009,BUCKLANDS BEACH ROAD,PAKURANGA ROAD,,Non-Injury Crash,No,2009,,South,,0,,Flat,,,,,,Overcast,681324,0,0,0,5,,,0,,,,,,Auckland Region,Nil,2-way,Sealed,,0,0,,50,,Null,0,0,,76,Auckland,Give way,,,,,0,0,Urban,0,,,Fine,Null
1932275,5617692,9043,,547100,0,,0,2,,North,2008/2009,TAIT DRIVE,SPRIGGS CRESCENT,,Non-Injury Crash,No,2009,,North,,0,,Flat,,,,,,Bright sun,1455026,0,0,0,2,,,0,,,,,,Hawke's Bay Region,Nil,2-way,Sealed,,0,0,,50,,Null,0,0,,31,Napier City,Nil,,,,,0,0,Urban,0,,,Fine,Null
1755168,5929095,9044,,508320,0,,0,2,,South,2008/2009,WAIRAU ROAD,DIANA DRIVE,,Non-Injury Crash,No,2009,,South,,0,,Flat,,,,,,Bright sun,196700,0,0,0,4,,,0,,,,,,Auckland Region,Nil,2-way,Sealed,,0,0,,50,,Null,0,0,,76,Auckland,Traffic Signals,,,,,0,0,Urban,0,,,Fine,Null
1866992,5698667,9045,,541346,0,,0,0,,South,2009/2010,SH 1N,BLAKE ROAD,,Non-Injury Crash,Yes,2009,,North,,0,,Flat,,,,,,Overcast,1280202,0,0,1,2,,,0,,,,,,Waikato Region,Nil,2-way,Sealed,,0,0,,100,,Null,0,0,,21,Taupo District,Unknown,,,,,0,0,Open,1,,,Fine,Null
1933754,5784190,9046,,542300,0,0,0,1,0,North,2008/2009,TE TEKO ROAD,SH 30,,Non-Injury Crash,No,2009,0,South,0,0,0,Flat,0,,0,,0,Dark,1324201,0,0,0,2,0,0,0,0,0,,0,0,Bay of Plenty Region,Nil,2-way,Sealed,0,0,0,0,100,0,None,0,0,,25,Whakatane District,Unknown,0,0,0,0,0,0,Open,0,0,0,Light rain,Null
1749940,5915335,9047,,514802,0,0,0,0,0,West,2008/2009,CANAL ROAD,BELLGROVE PLACE,,Non-Injury Crash,No,2009,0,West,0,0,1,Flat,0,,0,,0,Bright sun,386802,0,0,0,2,0,0,0,0,0,,0,0,Auckland Region,Nil,2-way,Sealed,0,0,0,0,50,0,Null,0,0,,76,Auckland,Unknown,0,0,0,0,1,0,Urban,0,0,0,Fine,Null
1768783,5914121,9048,,522721,0,,0,3,,Null,2008/2009,PAKURANGA ROAD,CASCADES ROAD,,Non-Injury Crash,No,2009,,West,,0,,Flat,,,,,,Dark,681215,0,0,0,6,,,0,,,,,,Auckland Region,Nil,2-way,Sealed,,0,0,,60,,On,0,0,,76,Auckland,Nil,,,,,0,0,Urban,0,,,Light rain,Null
1577531,5182791,9049,,595700,0,,0,1,,Null,2008/2009,KEYES ROAD,LONSDALE ST,,Minor Crash,No,2009,,South,,0,,Flat,,,,,,Overcast,2560601,2,0,0,2,,,0,,,,,,Canterbury Region,Nil,2-way,Sealed,,0,0,,50,,Null,0,0,,60,Christchurch City,Stop,,,,,0,0,Urban,1,,,Fine,Null
1880921,5829497,9050,,536810,0,0,0,2,0,North,2008/2009,MAUNGANUI ROAD,BANKS AVENUE,,Non-Injury Crash,No,2009,0,South,0,0,0,Flat,0,,0,,0,Bright sun,1195600,0,0,0,2,0,0,0,0,1,,0,0,Bay of Plenty Region,Nil,2-way,Sealed,0,0,0,0,50,0,Null,0,0,,23,Tauranga City,Unknown,0,0,0,0,0,0,Urban,0,0,0,Fine,Null
1751667,5917138,9051,,514900,0,0,0,2,0,West,2009/2010,ALFORD ST,GREAT NORTH ROAD,,Non-Injury Crash,No,2009,0,South,0,0,0,Flat,0,,0,,0,Overcast,384200,0,0,0,2,0,0,0,0,1,,0,0,Auckland Region,Nil,2-way,Sealed,0,0,0,0,50,0,Off,0,0,,76,Auckland,Nil,0,0,0,0,0,0,Urban,0,0,0,Fine,Null
1765443,5909008,9052,,523402,0,0,0,1,0,North,2009/2010,SH 1N,HIGHBROOK OBR,,Non-Injury Crash,Yes,2009,0,South,0,0,0,Flat,1,,0,,0,Dark,696900,0,0,0,4,0,0,0,0,0,,0,0,Auckland Region,Nil,2-way,Sealed,0,0,0,0,100,0,On,0,0,,76,Auckland,Nil,0,0,0,0,2,0,Open,0,0,0,Light rain,Null
1755511,5915495,9053,,518302,0,,0,2,,Null,2009/2010,DOMINION ROAD,CALGARY ST,,Non-Injury Crash,No,2009,,North,,0,,Flat,,,,,,Overcast,555000,0,0,0,2,,,0,,,,,,Auckland Region,Nil,2-way,Sealed,,0,0,,50,,Off,0,0,,76,Auckland,Stop,,,,,0,0,Urban,0,,,Fine,Null
1797084,5814738,9054,,528601,0,0,0,1,0,North,2009/2010,ROTHESAY PLACE,CAERNARVON ST,,Non-Injury Crash,No,2009,0,South,0,0,0,Hill Road,0,,0,,0,Overcast,920401,0,0,0,1,0,0,0,0,0,,0,0,Waikato Region,Nil,2-way,Sealed,0,0,0,0,50,0,Off,0,0,,16,Hamilton City,Nil,0,0,0,1,0,0,Urban,0,0,0,Heavy rain,Null
1757193,5929256,9055,,507800,0,0,0,1,0,East,2008/2009,EAST COAST ROAD,SEAVIEW ROAD,,Non-Injury Crash,No,2009,0,West,0,0,0,Hill Road,0,,0,,1,Dark,307100,0,0,0,2,0,0,0,0,0,,0,1,Auckland Region,Nil,2-way,Sealed,0,0,0,0,50,0,On,0,0,,76,Auckland,Unknown,0,0,0,0,0,0,Urban,0,0,0,Fine,Null
1756562,5810531,9056,,526602,0,,0,1,,South,2008/2009,WHAANGA ROAD,TE TUHI ROAD,,Non-Injury Crash,No,2009,,South,,0,,Hill Road,,Queens Birthday,,,,Bright sun,861502,0,0,1,1,,,0,,,,,,Waikato Region,Nil,2-way,Unsealed,,0,0,,100,,Null,0,0,,13,Waikato District,Nil,,,,,0,0,Open,0,,,Fine,Null
1294313,5043707,9057,,608800,1,,0,0,,Null,2009/2010,ARDMORE ST,BALLANTYNE ROAD,,Serious Crash,No,2009,,North,,0,,Hill Road,,,,,,Dark,3035900,0,0,0,2,,,0,,,,,,Otago Region,Nil,2-way,Sealed,,0,1,,50,,On,0,0,,70,Queenstown-Lakes District,Give way,,,,,0,0,Urban,1,,,Fine,Null
1750877,5930225,9058,35,509100,0,0,0,1,0,East,2009/2010,KYLE ROAD,MIROMIRO ST,,Non-Injury Crash,No,2009,0,East,0,0,0,Hill Road,0,,0,,0,Dark,181110,0,0,0,2,0,0,0,0,0,,0,0,Auckland Region,Nil,2-way,Sealed,0,0,0,0,50,0,On,0,0,,76,Auckland,Unknown,0,1,0,0,0,0,Urban,0,0,0,Fine,Null
1749061,5429129,9059,,572900,0,,0,1,,Null,2008/2009,MULGRAVE ST,PIPITEA ST,,Non-Injury Crash,No,2009,,South,,0,,Flat,,,,,,Overcast,2119200,0,0,0,2,,,0,,,,,,Wellington Region,Nil,2-way,Sealed,,0,0,,50,,Null,0,0,,47,Wellington City,Traffic Signals,,,,,1,0,Urban,0,,,Fine,Null
1753257,5933067,9060,,508807,0,,0,2,,Null,2009/2010,ALBANY EXPRESSWAY,TAWA DRIVE,,Non-Injury Crash,No,2009,,West,,0,,Hill Road,,,,,,Dark,180811,0,0,0,2,,,0,,,,,,Auckland Region,Nil,2-way,Sealed,,0,0,,50,,On,0,0,,76,Auckland,Give way,,,,,0,0,Urban,0,,,Fine,Null
1745623,5920622,9061,,513301,0,,0,3,,East,2009/2010,SH 16,LINCOLN OBR,,Non-Injury Crash,Yes,2009,,West,,0,,Flat,,,,,,Bright sun,230301,0,0,0,4,,,0,,,,,,Auckland Region,Nil,2-way,Sealed,,0,0,,100,,Off,0,0,,76,Auckland,Nil,,,,,0,0,Open,0,,,Fine,Null
1751559,5915448,9062,,514401,0,,0,2,,North,2009/2010,BLOCKHOUSE BAY ROAD,TAIT ST,,Non-Injury Crash,No,2009,,South,,0,,Flat,,,,,,Bright sun,382600,0,0,0,2,,,0,,,,,,Auckland Region,Nil,2-way,Sealed,,0,0,,50,,Off,0,0,,76,Auckland,Traffic Signals,,,,,0,0,Urban,0,,,Fine,Null
1800299,5816430,9063,,529700,0,,0,2,,Null,2009/2010,VICTORIA ST,BOUNDARY ROAD,,Non-Injury Crash,No,2009,,South,,0,,Flat,,,,,,Overcast,909302,0,0,0,2,,,0,,,,,,Waikato Region,Nil,2-way,Sealed,,0,0,,50,,Null,0,0,,16,Hamilton City,Traffic Signals,,,,,0,0,Urban,0,,,Fine,Null
1744640,5919803,9064,,513301,0,,0,1,,Null,2009/2010,UNIVERSAL DRIVE,RATHGAR ROAD,,Non-Injury Crash,No,2009,,North,,0,,Hill Road,,,,,,Overcast,233500,0,0,0,2,,,0,,,,,,Auckland Region,Nil,2-way,Sealed,,0,0,,50,,Off,0,0,,76,Auckland,Give way,,,,,0,0,Urban,0,,,Light rain,Null
1818892,5836970,9065,,534500,0,0,0,1,0,West,2008/2009,CAMERON ROAD,CROSS ROAD,,Non-Injury Crash,No,2009,0,West,1,0,0,Flat,0,,0,,0,Overcast,1092100,0,0,0,2,0,0,0,0,0,,0,0,Waikato Region,Nil,2-way,Sealed,0,0,0,0,100,0,Null,0,0,,15,Matamata-Piako District,Unknown,0,0,0,0,0,0,Open,0,0,0,Light rain,Null
1771473,5445846,9066,,567500,0,,0,1,,East,2008/2009,SH 2,MOONSHINE ROAD,,Non-Injury Crash,Yes,2009,,West,,0,,Flat,,,,,,Dark,1888300,0,0,0,2,,,0,,,,,,Wellington Region,Nil,2-way,Sealed,,0,0,,100,,On,1,0,,45,Upper Hutt City,Nil,,,,,0,0,Open,0,,,Heavy rain,Null
1756184,5446978,9067,,571501,0,,0,3,,North,2008/2009,SH 1N,WHITFORD ON NBD,,Minor Crash,Yes,2009,,North,,0,,Flat,,,,,,Overcast,2056601,3,0,0,2,,,0,,,,,,Wellington Region,Nil,2-way,Sealed,,0,0,,100,,Null,0,0,,44,Porirua City,Nil,,,,,0,0,Open,0,,,Fine,Null
1768332,5901956,9068,,525001,0,,0,1,,Null,2008/2009,GREAT SOUTH ROAD,GRANDE VUE ROAD,,Non-Injury Crash,No,2009,,South,,0,,Flat,,,,,,Overcast,750800,0,0,0,4,,,0,,,,,,Auckland Region,Nil,2-way,Sealed,,0,0,,50,,Null,0,1,,76,Auckland,Stop,,,,,0,0,Urban,1,,,Fine,Null
1756245,5920909,9069,,514101,0,,0,3,,North,2009/2010,SH 1N,FANSHAWE OBR,,Non-Injury Crash,Yes,2009,,South,,0,,Hill Road,,,,,,Overcast,432400,0,0,0,2,,,0,,,,,,Auckland Region,Bridge,1-way,Sealed,,0,0,,80,,Off,0,0,,76,Auckland,Nil,,,,,0,0,Open,0,,,Fine,Null
1770849,5889881,9070,,521203,0,,0,2,,West,2008/2009,SH 22,OIRA ROAD,,Non-Injury Crash,Yes,2009,,North,,0,,Hill Road,,,,,,Bright sun,807400,0,0,0,2,,,0,,,,,,Auckland Region,Nil,2-way,Sealed,,0,0,,100,,None,0,0,,76,Auckland,Nil,,,,,0,0,Open,0,,,Fine,Null
1758741,5911670,9071,,519810,0,,0,1,,South,2009/2010,ONEHUNGA ON SBD,NEILSON ST,,Non-Injury Crash,Yes,2009,,South,,0,,Flat,,,,,,Bright sun,602200,0,0,0,1,,,0,,,,,,Auckland Region,Motorway ramp,1-way,Sealed,,0,0,,50,,Off,0,0,,76,Auckland,Nil,,,,,1,0,Urban,0,,,Fine,Null
1793618,5518021,9072,,561700,0,,0,2,,Null,2008/2009,PARK ST,HULKE ST,,Non-Injury Crash,No,2009,,North,,0,,Flat,,,,,,Overcast,1779700,0,0,0,2,,,0,,,,,,Manawatū-Whanganui Region,Nil,2-way,Sealed,,0,0,,50,,Null,0,0,,42,Horowhenua District,Nil,,,,,0,0,Urban,0,,,Light rain,Null
1757131,5920717,9073,,514102,0,,0,2,,Null,2008/2009,HOBSON ST,WYNDHAM ST,,Non-Injury Crash,No,2009,,West,,0,,Hill Road,,,,,,Bright sun,433305,0,0,0,4,,,0,,,,,,Auckland Region,Nil,1-way,Sealed,,0,0,,50,,Off,0,0,,76,Auckland,Traffic Signals,,,,,0,0,Urban,0,,,Fine,Null
1797944,5816355,9074,,528501,0,,0,2,,North,2009/2010,AVALON DRIVE,LIVINGSTONE AVENUE,,Non-Injury Crash,No,2009,,South,,0,,Flat,,,,,,Bright sun,907200,0,0,0,2,,,0,,,,,,Waikato Region,Nil,2-way,Sealed,,0,0,,60,,Off,0,0,,16,Hamilton City,Give way,,,,,0,0,Urban,0,,,Fine,Null
1819716,5529722,9075,,562310,0,,0,1,,North,2008/2009,BOTANICAL ROAD,COVENTRY ST,,Non-Injury Crash,No,2009,,South,,0,,Flat,,,,,,Dark,1822000,0,0,0,2,,,0,,,,,,Manawatū-Whanganui Region,Nil,2-way,Sealed,,0,0,,50,,On,0,0,,40,Palmerston North City,Nil,,,,,0,0,Urban,1,,,Fine,Null
1752914,5934957,9076,,508701,0,,0,1,,Null,2008/2009,OTEHA VALLEY ROAD,OTEHA VALLEY OFF NBD,,Non-Injury Crash,No,2009,,West,,0,,Flat,,,,,,Bright sun,179000,0,0,0,2,,,0,,,,,,Auckland Region,Nil,2-way,Sealed,,0,0,,50,,Null,0,0,,76,Auckland,Give way,,,,,1,0,Urban,0,,,Fine,Null
1759425,5910228,9077,,524002,0,,0,2,,Null,2009/2010,RIMU ROAD,RIMU ON NBD,,Non-Injury Crash,No,2009,,East,,0,,Flat,,,,,,Unknown,722302,0,0,0,2,,,0,,,,,,Auckland Region,Motorway ramp,2-way,Sealed,,0,0,,50,,Off,0,0,,76,Auckland,Give way,,,,,0,0,Urban,0,,,Fine,Null
1755499,5918641,9078,,515500,0,,0,2,,Null,2008/2009,BOND ST,GREAT NORTH ROAD,,Non-Injury Crash,No,2009,,North,,0,,Flat,,,,,,Dark,418100,0,0,0,3,,,0,,,,,,Auckland Region,Nil,2-way,Sealed,,0,0,,50,,On,0,0,,76,Auckland,Traffic Signals,,,,,0,0,Urban,0,,,Null,Null
1755000,5929384,9079,,508420,0,,0,2,,Null,2009/2010,LINK DRIVE,TARGET ROAD,,Non-Injury Crash,No,2009,,North,,0,,Flat,,,,,,Twilight,183800,0,0,0,2,,,0,,,,,,Auckland Region,Nil,2-way,Sealed,,0,0,,50,,Off,0,0,,76,Auckland,Give way,,,,,0,0,Urban,0,,,Fine,Null
1807525,5810676,9080,,527131,0,,0,2,,East,2008/2009,TAUWHARE ROAD,TAMAHERE ON SBD,,Non-Injury Crash,No,2009,,West,,0,,Flat,,,,,,Overcast,960604,0,0,0,2,,,0,,,,,,Waikato Region,Nil,2-way,Sealed,,0,0,,100,,Null,0,0,,13,Waikato District,Give way,,,,,0,0,Open,0,,,Fine,Null
1756062,5920522,9081,,514000,0,,0,2,,South,2008/2009,SCOTLAND ST,COLLEGE HILL,,Non-Injury Crash,No,2009,,South,,0,,Hill Road,,,,,,Bright sun,416600,0,0,0,2,,,0,,,,,,Auckland Region,Nil,2-way,Sealed,,0,0,,50,,Off,0,0,,76,Auckland,Nil,,,,,0,0,Urban,0,,,Fine,Null
1802486,5815010,9082,,530200,0,,0,3,,North,2009/2010,PEACHGROVE ROAD,CLYDE ST,,Non-Injury Crash,No,2009,,North,,0,,Flat,,,,,,Twilight,892900,0,0,0,2,,,0,,,,,,Waikato Region,Nil,2-way,Sealed,,0,0,,50,,On,0,0,,16,Hamilton City,Nil,,,,,0,0,Urban,0,,,Fine,Null
1753696,5873854,9083,,526106,0,0,0,1,1,South,2009/2010,MISA ROAD,TOWERS ROAD,,Non-Injury Crash,No,2009,0,South,0,0,1,Hill Road,0,,0,,0,Overcast,832103,0,0,0,2,0,0,0,0,0,,0,0,Waikato Region,Nil,2-way,Sealed,0,0,0,0,100,0,None,0,0,,13,Waikato District,Nil,0,1,0,1,0,0,Open,0,0,0,Light rain,Null
1754678,5912580,9084,,518803,0,,0,2,,North,2009/2010,DOMINION ROAD,RICHARDSON ROAD,,Non-Injury Crash,No,2009,,North,,0,,Flat,,,,,,Overcast,583600,0,0,0,4,,,0,,,,,,Auckland Region,Nil,2-way,Sealed,,0,0,,50,,Off,0,0,,76,Auckland,Nil,,,,,0,0,Urban,0,,,Fine,Null
1456102,5304360,9085,,585000,0,,0,2,,North,2008/2009,MCGOWAN ST,MILLS ST,,Non-Injury Crash,No,2009,,North,,0,,Flat,,,,,,Overcast,2415600,0,0,0,1,,,0,,,,,,West Coast Region,Nil,2-way,Sealed,,0,0,,50,,Null,0,0,,56,Grey District,Unknown,,,,,0,0,Urban,0,,,Fine,Null
1549664,5162755,9086,,597512,0,0,0,0,0,East,2009/2010,BETHELS ROAD,LEESTON ROAD,,Minor Crash,No,2009,0,West,0,0,0,Flat,0,,1,,0,Dark,2720502,1,0,0,2,0,0,0,0,0,,0,0,Canterbury Region,Nil,2-way,Sealed,0,0,0,0,100,0,Off,0,0,,62,Selwyn District,Give way,0,0,0,0,0,0,Open,1,0,0,Fine,Null
1843812,5809871,9087,,535242,0,,0,0,,Null,2008/2009,SH 27,BURWOOD ROAD,,Non-Injury Crash,Yes,2009,,North,,0,,Flat,,,,,,Overcast,1115400,0,0,0,2,,,0,,,,,,Waikato Region,Nil,2-way,Sealed,,0,0,,70,,Null,1,0,,15,Matamata-Piako District,Give way,,,,,1,0,Urban,0,,,Fine,Null
1885176,5773773,9088,,540410,0,,0,2,,Null,2008/2009,FENTON ST,ERUERA ST,,Non-Injury Crash,No,2009,,North,,0,,Flat,,,,,,Overcast,1234700,0,0,0,4,,,0,,,,,,Bay of Plenty Region,Nil,2-way,Sealed,,0,0,,50,,Null,0,0,,24,Rotorua District,Give way,,,,,0,0,Urban,0,,,Light rain,Null
1752379,5936370,9089,,506300,0,0,0,0,0,North,2009/2010,SH 1N,OTEHA VALLEY OBR,,Non-Injury Crash,Yes,2009,0,South,0,0,0,Hill Road,1,,0,,0,Overcast,176106,0,0,0,3,0,0,0,0,0,,0,0,Auckland Region,Nil,1-way,Sealed,0,0,0,0,100,0,Null,0,0,,76,Auckland,Unknown,0,0,0,0,0,0,Open,1,0,0,Heavy rain,Null
1754254,5918542,9090,,515431,0,,0,2,,Null,2008/2009,GREAT NORTH ROAD,BULLOCK TRACK,,Non-Injury Crash,No,2009,,East,,0,,Flat,,,,,,Overcast,405000,0,0,0,2,,,0,,,,,,Auckland Region,Nil,2-way,Sealed,,0,0,,50,,Off,0,0,,76,Auckland,Give way,,,,,0,0,Urban,0,,,Light rain,Null
1746045,5917063,9091,,510700,0,,0,1,,Null,2008/2009,GREAT NORTH ROAD,NEWINGTON ROAD,,Non-Injury Crash,No,2009,,West,,0,,Hill Road,,,,,,Bright sun,240505,0,0,0,3,,,0,,,,,,Auckland Region,Nil,2-way,Sealed,,0,0,,50,,Off,0,0,,76,Auckland,Nil,,,,,0,0,Urban,1,,,Fine,Null
1839111,5662493,9092,35,541501,0,,0,1,,Null,2009/2010,SH 1N,MANGAMATE CUL,,Non-Injury Crash,Yes,2009,,South,,0,,Hill Road,,,,,,Overcast,1288900,0,0,0,2,,,0,,,,,,Waikato Region,Nil,2-way,Sealed,,0,0,,100,,Null,1,0,,21,Taupo District,Unknown,,,,,0,0,Open,0,,,Snow,Null
1800081,5816716,9093,,529700,0,,0,2,,Null,2009/2010,VICTORIA ST,ABBOTSFORD ST,,Non-Injury Crash,No,2009,,South,,0,,Flat,,,,,,Overcast,908300,0,0,0,2,,,0,,,,,,Waikato Region,Nil,2-way,Sealed,,0,0,,50,,Null,0,0,,16,Hamilton City,Give way,,,,,0,0,Urban,0,,,Light rain,Null
1934415,5620393,9094,,546400,0,,0,2,,Null,2008/2009,SH 50,RIVERBEND ROAD,,Non-Injury Crash,Yes,2009,,North,,0,,Flat,,,,,,Bright sun,1426800,0,0,0,2,,,0,,,,,,Hawke's Bay Region,Nil,2-way,Sealed,,0,0,,50,,Null,0,0,,31,Napier City,Give way,,,,,0,0,Urban,0,,,Fine,Null
1723215,6040233,9095,,504100,0,,0,1,,South,2009/2010,CLIFF ST,CHURCH ST,,Non-Injury Crash,No,2009,,North,,0,,Hill Road,,,,,,Overcast,112300,0,0,0,2,,,0,,,,,,Northland Region,Nil,2-way,Sealed,,0,0,,50,,Null,0,0,,2,Whangarei District,Unknown,,,,,0,0,Urban,1,,,Heavy rain,Strong wind
1935795,5646444,9096,,545911,0,0,0,1,0,North,2008/2009,SH 2,AROPAOANUI ROAD,,Non-Injury Crash,Yes,2009,0,South,0,0,0,Hill Road,0,,0,,0,Overcast,1415400,0,0,0,2,0,0,0,1,0,,0,0,Hawke's Bay Region,Nil,2-way,Sealed,0,0,0,0,100,0,Null,0,0,,30,Hastings District,Nil,0,0,0,0,0,0,Open,0,0,0,Heavy rain,Null
1731119,5975032,9097,,506613,0,,0,1,,North,2009/2010,SH 16,WHAREHINE ROAD,,Non-Injury Crash,Yes,2009,,North,,0,,Hill Road,,,,,,Dark,145100,0,0,0,2,,,0,,,,,,Auckland Region,Nil,2-way,Sealed,,0,0,,100,,None,0,0,,76,Auckland,Nil,,,,,0,0,Open,0,,,Fine,Null
1762306,5906802,9098,,524302,0,,0,1,,Null,2009/2010,WALTER ST,WALTER STREET,,Non-Injury Crash,No,2009,,East,,0,,Flat,,,,,,Dark,743400,0,0,0,1,,,0,,,,,,Auckland Region,Nil,2-way,Sealed,,0,0,,50,,On,1,0,,76,Auckland,Give way,,,,,0,0,Urban,0,,,Fine,Null
1775263,5577264,9099,,557100,0,,0,2,,Null,2009/2010,WILSON ST,RIDGWAY ST,,Non-Injury Crash,No,2009,,North,,0,,Flat,,,,,,Twilight,1697200,0,0,0,2,,,0,,,,,,Manawatū-Whanganui Region,Nil,2-way,Sealed,,0,0,,50,,Off,0,0,,37,Whanganui District,Stop,,,,,0,0,Urban,0,,,Fine,Null
1756236,5927506,9100,,507900,0,,0,1,,North,2009/2010,SH 1N,NORTHCOTE ON NBD,,Non-Injury Crash,Yes,2009,,North,,0,,Flat,,,,,,Bright sun,305201,0,0,0,3,,,0,,,,,,Auckland Region,Nil,1-way,Sealed,,0,0,,100,,Off,0,0,,76,Auckland,Nil,,,,,1,0,Open,0,,,Fine,Null
1802176,5813684,9101,,530300,0,0,0,1,0,South,2008/2009,GRAHAM ST,BROOKFIELD ST,,Non-Injury Crash,No,2009,0,South,0,0,1,Flat,0,,0,,0,Bright sun,881800,0,0,0,2,0,0,0,0,0,,0,0,Waikato Region,Nil,2-way,Sealed,0,0,0,0,50,0,Null,0,0,,16,Hamilton City,Give way,0,0,0,0,0,0,Urban,0,0,0,Fine,Null