X,Y,OBJECTID,advisorySpeed,areaUnitID,bicycle,bridge,bus,carStationWagon,cliffBank,crashDirectionDescription,crashFinancialYear,crashLocation1,crashLocation2,crashRoadSideRoad,crashSeverity,crashSHDescription,crashYear,debris,directionRoleDescription,ditch,fatalCount,fence,flatHill,guardRail,holiday,houseOrBuilding,intersection,kerb,light,meshblockId,minorInjuryCount,moped,motorcycle,NumberOfLanes,objectThrownOrDropped,otherObject,otherVehicleType,overBank,parkedVehicle,pedestrian,phoneBoxEtc,postOrPole,region,roadCharacter,roadLane,roadSurface,roadworks,schoolBus,seriousInjuryCount,slipOrFlood,speedLimit,strayAnimal,streetLight,suv,taxi,temporarySpeedLimit,tlaId,tlaName,trafficControl,trafficIsland,trafficSign,train,tree,truck,unknownVehicleType,urban,vanOrUtility,vehicle,waterRiver,weatherA,weatherB
1719528,6046412,9102,,502800,0,,0,2,,North,2009/2010,BANK ST,APIRANA AVENUE,,Non-Injury Crash,No,2009,,North,,0,,Flat,,,,,,Overcast,97300,0,0,0,2,,,0,,,,,,Northland Region,Nil,2-way,Sealed,,0,0,,50,,Off,0,0,,2,Whangarei District,Nil,,,,,0,0,Urban,0,,,Fine,Null
1800266,5814858,9103,,529100,0,,0,1,,Null,2009/2010,RUAKIWI ROAD,LAKE DOMAIN ROAD,,Non-Injury Crash,No,2009,,West,,0,,Hill Road,,,,,,Bright sun,929502,0,0,0,3,,,0,,,,,,Waikato Region,Nil,2-way,Sealed,,0,0,,50,,Off,0,0,,16,Hamilton City,Stop,,,,,0,0,Urban,1,,,Fine,Null
1879350,5825903,9104,,538202,0,0,0,1,0,Null,2008/2009,CROSS ROAD,RAIL XING,,Non-Injury Crash,No,2009,0,North,0,0,0,Flat,0,,0,,0,Bright sun,1162800,0,0,0,2,0,0,0,0,0,,0,0,Bay of Plenty Region,Rail xing,2-way,Sealed,0,0,0,0,50,0,Null,0,0,,23,Tauranga City,Traffic Signals,0,0,1,0,0,0,Urban,0,0,0,Fine,Null
1752522,5929095,9105,,508411,0,,0,1,,East,2008/2009,SPINELLA DRIVE,BAYVIEW ROAD,,Non-Injury Crash,No,2009,,West,,0,,Hill Road,,Easter,,,,Bright sun,184903,0,0,0,2,,,0,,,,,,Auckland Region,Nil,2-way,Sealed,,0,0,,50,,Null,1,0,,76,Auckland,Unknown,,,,,0,0,Urban,0,,,Fine,Null
1613473,5421328,9106,,581720,0,,0,2,,North,2008/2009,PATON ROAD,RANZAU ROAD,,Non-Injury Crash,No,2009,,South,,0,,Hill Road,,,,,,Bright sun,2358900,0,0,0,2,,,0,,,,,,Tasman Region,Nil,2-way,Sealed,,0,0,,50,,Null,0,0,,51,Tasman District,Nil,,,,,0,0,Urban,0,,,Fine,Null
1406885,4917061,9107,,603100,0,,0,1,,Null,2008/2009,HARROW ST,SH 88,,Minor Crash,No,2009,,South,,0,,Flat,,,,,,Bright sun,2901800,2,0,0,2,,,0,,,,,,Otago Region,Nil,2-way,Sealed,,0,0,,50,,Null,1,0,,71,Dunedin City,Give way,,,,,0,0,Urban,0,,,Fine,Null
1759854,5913914,9108,,519720,0,,0,2,,West,2009/2010,RAWHITI ROAD,NGATIAWA ST,,Non-Injury Crash,No,2009,,West,,0,,Hill Road,,,,,,Twilight,592600,0,0,0,2,,,0,,,,,,Auckland Region,Nil,2-way,Sealed,,0,0,,50,,Off,0,0,,76,Auckland,Nil,,,,,0,0,Urban,0,,,Null,Null
1766084,5915959,9109,,517100,0,,0,2,,West,2008/2009,TRIPOLI ROAD,ERIMA AVENUE,,Non-Injury Crash,No,2009,,West,,0,,Flat,,,,,,Overcast,478800,0,0,0,2,,,0,,,,,,Auckland Region,Nil,2-way,Sealed,,0,0,,50,,None,0,0,,76,Auckland,Nil,,,,,0,0,Urban,0,,,Light rain,Null
1854109,5764884,9110,,535262,0,0,0,1,0,East,2009/2010,MOSSOP ROAD,PELLIKAN PLACE,,Non-Injury Crash,No,2009,0,East,0,0,1,Flat,0,,0,,0,Bright sun,1152502,0,0,0,2,0,0,0,0,0,,0,0,Waikato Region,Nil,2-way,Sealed,0,0,0,0,100,0,Null,0,0,,19,South Waikato District,Unknown,0,0,0,0,0,0,Open,0,0,0,Fine,Null
1440154,5004394,9111,,601030,0,,0,1,,Null,2008/2009,EDEN ST,REED ST,,Minor Crash,No,2009,,South,,0,,Flat,,,,,,Dark,2841200,1,0,0,2,,,0,,,,,,Otago Region,Nil,2-way,Sealed,,0,0,,50,,On,0,0,,68,Waitaki District,Stop,,,,,0,0,Urban,1,,,Fine,Null
1758422,5910021,9112,,524002,0,0,0,1,0,Null,2009/2010,WALLACE ROAD,CHURCH ROAD,,Non-Injury Crash,No,2009,0,North,0,0,1,Flat,0,,0,,0,Bright sun,722800,0,0,0,2,0,0,0,0,0,,0,0,Auckland Region,Nil,2-way,Sealed,0,0,0,0,50,0,Off,0,0,,76,Auckland,Nil,0,0,0,0,0,0,Urban,0,0,0,Fine,Null
1263162,5016108,9113,,609031,0,0,0,1,0,North,2009/2010,CORONET PEAK ROAD,NO. 1 CARPARK ENTRANCE,,Minor Crash,No,2009,0,South,0,0,0,Hill Road,0,,0,,0,Overcast,3038103,3,0,0,2,0,0,0,0,1,1,0,0,Otago Region,Nil,2-way,Unsealed,0,0,0,0,100,0,Null,1,0,,70,Queenstown-Lakes District,Unknown,0,0,0,0,0,0,Open,0,0,0,Fine,Null
1756887,5926350,9114,,509702,0,,0,2,,South,2009/2010,SH 1N,TRISTRAM OBR,,Non-Injury Crash,Yes,2009,,North,,0,,Flat,,Christmas New Year,,,,Twilight,364602,0,0,0,3,,,0,,,,,,Auckland Region,Nil,2-way,Sealed,,0,0,,100,,Off,0,0,,76,Auckland,Nil,,,,,0,0,Open,0,,,Fine,Null
1867069,5714046,9115,,541720,0,0,0,1,0,South,2008/2009,TONGARIRO ST,NORMAN SMITH ST,,Non-Injury Crash,No,2009,0,North,0,0,0,Flat,1,,0,,0,Dark,1275400,0,0,0,2,0,0,0,0,0,,0,0,Waikato Region,Bridge,2-way,Sealed,0,0,0,0,50,0,On,0,0,,21,Taupo District,Unknown,1,0,0,0,0,0,Urban,0,0,0,Light rain,Null
1577457,5177425,9116,,596000,0,,0,1,,East,2008/2009,MAIN ROAD,MCCORMACKS BAY ROAD,,Minor Crash,No,2009,,East,,0,,Flat,,,,,,Overcast,2699701,1,0,1,2,,,0,,,,,,Canterbury Region,Nil,2-way,Sealed,,0,0,,50,,Null,0,0,,60,Christchurch City,Unknown,,,,,0,0,Urban,0,,,Fine,Null
1828761,5872583,9117,,533902,0,0,0,1,0,South,2008/2009,HAURAKI ROAD,ORCHARD EAST ROAD,,Non-Injury Crash,No,2009,0,North,0,0,1,Flat,1,,0,,0,Overcast,1064200,0,0,0,2,0,0,0,0,0,,0,0,Waikato Region,Nil,2-way,Sealed,0,0,0,0,100,0,None,0,0,,12,Hauraki District,Nil,0,0,0,0,0,0,Open,0,0,0,Fine,Null
1406714,4917811,9118,,603602,0,,0,2,,North,2008/2009,SH 1S,ALBANY ST,,Minor Crash,Yes,2009,,North,,0,,Flat,,,,,,Overcast,2867200,1,0,0,2,,,0,,,,,,Otago Region,Nil,1-way,Sealed,,0,0,,50,,Null,0,0,,71,Dunedin City,Unknown,,,,,0,0,Urban,0,,,Fine,Null
1769777,5909610,9119,,523113,0,,0,2,,South,2009/2010,REDCASTLE DRIVE,FEENY CRESCENT,,Non-Injury Crash,No,2009,,South,,0,,Flat,,Labour Weekend,,,,Bright sun,711815,0,0,0,2,,,0,,,,,,Auckland Region,Nil,2-way,Sealed,,0,0,,50,,Off,0,0,,76,Auckland,Nil,,,,,0,0,Urban,0,,,Fine,Null
1765283,5917745,9120,,517001,0,,0,0,,Null,2009/2010,CASTLEDINE CRESCENT,MERFIELD ST,,Non-Injury Crash,No,2009,,West,,0,,Flat,,,,,,Dark,470300,0,0,0,2,,,0,,,,,,Auckland Region,Nil,2-way,Sealed,,0,0,,50,,On,1,0,,76,Auckland,Give way,,,,,0,0,Urban,0,,,Fine,Null
1747917,5916404,9121,,511601,0,0,0,1,0,North,2008/2009,HEPBURN ROAD,AKATEA ROAD,,Non-Injury Crash,No,2009,0,South,0,0,0,Flat,0,,0,,0,Dark,273400,0,0,0,2,0,0,0,0,0,,0,0,Auckland Region,Nil,2-way,Sealed,0,0,0,0,50,0,On,0,0,,76,Auckland,Nil,0,0,0,0,1,0,Urban,0,1,0,Fine,Null
1798404,5817971,9122,,528700,0,,0,1,,North,2008/2009,TE RAPA ROAD,VARDON ROAD,,Non-Injury Crash,No,2009,,South,,0,,Flat,,,,,,Overcast,900100,0,0,0,2,,,0,,,,,,Waikato Region,Nil,1-way,Sealed,,0,0,,60,,Null,0,0,,16,Hamilton City,Unknown,,,,,1,0,Urban,0,,,Light rain,Null
1738571,5918265,9123,,513102,0,0,0,1,0,West,2008/2009,SCENIC DRIVE,PUKETAHA ROAD,,Non-Injury Crash,No,2009,0,North,1,0,0,Hill Road,0,,0,,0,Dark,237302,0,0,0,2,0,0,0,0,0,,0,0,Auckland Region,Nil,2-way,Sealed,0,0,0,0,50,0,On,0,0,,76,Auckland,Unknown,0,0,0,0,0,0,Urban,0,0,0,Fine,Null
1757026,5916715,9124,,518202,0,0,0,2,0,West,2008/2009,NGAURUHOE ST,MOUNT EDEN ROAD,,Non-Injury Crash,No,2009,0,North,0,0,0,Flat,0,,0,,0,Dark,550100,0,0,0,2,0,0,0,0,1,,0,0,Auckland Region,Nil,2-way,Sealed,0,0,0,0,50,0,On,0,0,,76,Auckland,Nil,0,0,0,0,0,0,Urban,0,0,0,Fine,Null
1756370,5927265,9125,,507900,0,,0,3,,North,2009/2010,SH 1N,NORTHCOTE OBR,,Non-Injury Crash,Yes,2009,,South,,0,,Flat,,,,,,Overcast,305202,0,0,0,3,,,0,,,,,,Auckland Region,Nil,2-way,Sealed,,0,0,,100,,Off,0,0,,76,Auckland,Nil,,,,,0,0,Open,0,,,Light rain,Null
1755189,5927642,9126,,508620,0,,0,1,,East,2008/2009,PORANA ROAD,SUNNYBRAE ROAD,,Non-Injury Crash,No,2009,,East,,0,,Flat,,,,,,Bright sun,202600,0,0,0,2,,,0,,,,,,Auckland Region,Nil,2-way,Sealed,,0,0,,50,,Null,0,0,,76,Auckland,Nil,,,,,1,0,Urban,0,,,Fine,Null
1394169,5218022,9127,,585321,0,0,0,0,1,South,2008/2009,SH 6,SALTWATER FOREST RD,,Minor Crash,Yes,2009,0,West,0,0,0,Hill Road,0,,0,,0,Overcast,2417502,1,0,1,2,0,0,0,0,0,,0,0,West Coast Region,Nil,2-way,Sealed,0,0,0,0,100,0,Null,0,0,,57,Westland District,Unknown,0,0,0,0,0,0,Open,0,0,0,Fine,Null
1765834,5440110,9128,,568102,0,0,0,1,0,Null,2008/2009,LOGIE ST,GRIBBLE GROVE,,Non-Injury Crash,No,2009,0,East,0,0,0,Hill Road,0,,0,,0,Bright sun,1932200,0,0,0,2,0,0,0,1,0,,0,0,Wellington Region,Nil,2-way,Sealed,0,0,0,0,50,0,Null,0,0,,46,Lower Hutt City,Nil,0,0,0,0,0,0,Urban,0,0,0,Fine,Null
1778762,5811004,9129,,526601,0,0,0,1,0,West,2008/2009,SH 23,COGSWELL ROAD,,Non-Injury Crash,Yes,2009,0,West,0,0,0,Hill Road,1,,0,,0,Bright sun,859300,0,0,0,2,0,0,0,0,0,,0,0,Waikato Region,Nil,2-way,Sealed,0,0,0,0,100,0,Null,0,0,,13,Waikato District,Unknown,0,0,0,0,0,0,Open,0,0,0,Fine,Null
1743666,5919379,9130,,513212,0,,0,1,,Null,2009/2010,SWANSON ROAD,DON BUCK ROAD,,Non-Injury Crash,No,2009,,East,,0,,Flat,,,,,,Overcast,235711,0,0,0,3,,,0,,,,,,Auckland Region,Nil,2-way,Sealed,,0,0,,50,,Off,0,0,,76,Auckland,Give way,,,,,1,0,Urban,0,,,Fine,Null
1883254,5772674,9131,,539900,0,,0,2,,Null,2008/2009,JERVIS ST,PUKEKO ST,,Non-Injury Crash,No,2009,,North,,0,,Flat,,,,,,Bright sun,1238700,0,0,0,2,,,0,,,,,,Bay of Plenty Region,Nil,2-way,Sealed,,0,0,,50,,Null,0,0,,24,Rotorua District,Give way,,,,,0,0,Urban,0,,,Fine,Null
1756923,5920586,9132,,514102,0,,0,1,,West,2009/2010,VICTORIA ST WEST,NELSON ST,,Non-Injury Crash,No,2009,,East,,0,,Hill Road,,,,,,Twilight,432604,0,0,0,4,,,0,,,,,,Auckland Region,Nil,2-way,Sealed,,0,0,,50,,Off,0,0,,76,Auckland,Traffic Signals,,,,,0,0,Urban,1,,,Fine,Null
1823742,5463178,9133,,578600,0,,0,2,,South,2008/2009,QUEEN ST,JACKSON ST,,Non-Injury Crash,No,2009,,South,,0,,Flat,,,,,,Overcast,2242900,0,0,0,2,,,0,,,,,,Wellington Region,Nil,2-way,Sealed,,0,0,,50,,Null,0,0,,48,Masterton District,Nil,,,,,0,0,Urban,0,,,Fine,Null
1772660,5874780,9134,,526200,0,,0,2,,South,2009/2010,GEORGE ST,LIVERPOOL ST,,Non-Injury Crash,No,2009,,West,,0,,Flat,,,,,,Bright sun,838500,0,0,0,2,,,0,,,,,,Waikato Region,Nil,2-way,Sealed,,0,0,,50,,Off,0,0,,13,Waikato District,Nil,,,,,0,0,Urban,0,,,Fine,Null
1242998,4848528,9135,,611220,0,,0,1,,Null,2009/2010,CONON ST,CRINAN ST,,Serious Crash,No,2009,,South,,0,,Flat,,,,,,Overcast,3112000,0,0,1,2,,,0,,,,,,Southland Region,Nil,2-way,Sealed,,0,1,,50,,Null,0,0,,75,Invercargill City,Give way,,,,,0,0,Urban,0,,,Fine,Null
1748501,5913064,9136,,511401,0,,0,0,,Null,2008/2009,CROYDON ROAD,TITIRANGI ROAD,,Non-Injury Crash,No,2009,,South,,0,,Flat,,,,,,Dark,262705,0,0,0,2,,,0,,,,,,Auckland Region,Nil,2-way,Sealed,,0,0,,50,,On,1,0,,76,Auckland,Give way,,,,,0,0,Urban,1,,,Light rain,Null
1753728,5919289,9137,,515100,0,,0,2,,East,2008/2009,LARCHWOOD AVENUE,GARNET ROAD,,Non-Injury Crash,No,2009,,East,,0,,Hill Road,,,,,,Twilight,402000,0,0,0,2,,,0,,,,,,Auckland Region,Nil,2-way,Sealed,,0,0,,50,,On,0,0,,76,Auckland,Nil,,,,,0,0,Urban,0,,,Fine,Null
1800775,5819263,9138,,529402,0,,0,1,,Null,2009/2010,COMRIES ROAD,LYNDEN COURT,,Non-Injury Crash,No,2009,,North,,0,,Flat,,,,,,Overcast,877800,0,0,0,2,,,0,,,,,,Waikato Region,Nil,2-way,Sealed,,0,0,,50,,Null,0,0,,16,Hamilton City,Give way,,,,,0,0,Urban,1,,,Light rain,Null
1756258,5944135,9139,,505902,0,,0,1,,Null,2008/2009,WHANGAPARAOA ROAD,STANMORE BAY ROAD,,Non-Injury Crash,No,2009,,East,,0,,Hill Road,,,,,,Twilight,174217,0,0,0,2,,,0,,,,,,Auckland Region,Nil,2-way,Sealed,,0,0,,50,,On,0,0,,76,Auckland,Give way,,,,,1,0,Urban,0,,,Light rain,Null
1876909,5826378,9140,,537201,0,,0,1,,Null,2008/2009,OTUMOETAI ROAD,CHERRYWOOD DRIVE,,Non-Injury Crash,No,2009,,South,,0,,Flat,,,,,,Dark,1154701,0,0,0,2,,,0,,,,,,Bay of Plenty Region,Nil,2-way,Sealed,,0,0,,50,,On,1,0,,23,Tauranga City,Give way,,,,,0,0,Urban,0,,,Fine,Null
1597672,5155076,9141,,596901,0,,0,2,,Null,2009/2010,TIZZARDS ROAD,ROBINSONS BAY VALLEY ROAD,,Minor Crash,No,2009,,West,,0,,Hill Road,,,,,,Bright sun,2714402,1,0,0,1,,,0,,,,,,Canterbury Region,Nil,2-way,Sealed,,0,0,,100,,Null,0,0,,60,Christchurch City,Nil,,,,,0,0,Open,0,,,Fine,Null
1801481,5814764,9142,,529700,0,,0,2,,East,2008/2009,BRIDGE ST,VICTORIA ST,,Non-Injury Crash,No,2009,,West,,0,,Flat,,,,,,Bright sun,912300,0,0,0,2,,,0,,,,,,Waikato Region,Bridge,2-way,Sealed,,0,0,,50,,Null,0,0,,16,Hamilton City,Unknown,,,,,0,0,Urban,1,,,Fine,Null
1769855,5901274,9143,,523814,0,0,0,0,1,South,2009/2010,SH 1N,HILL OBR,,Non-Injury Crash,Yes,2009,0,South,0,0,0,Flat,0,,0,,0,Overcast,759510,0,0,0,2,0,0,0,0,0,,0,0,Auckland Region,Nil,2-way,Sealed,0,0,0,0,100,0,Off,0,0,,76,Auckland,Nil,0,0,0,0,0,0,Open,1,0,0,Fine,Null
1770155,5913241,9144,,522722,0,0,0,2,0,South,2009/2010,BRADBURY ROAD,GOSFORD DRIVE,,Non-Injury Crash,No,2009,0,South,0,0,0,Hill Road,0,,0,,0,Dark,681338,0,0,0,2,0,0,0,0,1,,0,0,Auckland Region,Nil,2-way,Sealed,0,0,0,0,50,0,On,0,0,,76,Auckland,Nil,0,0,0,0,0,0,Urban,0,0,0,Fine,Null
1763640,5912676,9145,,520500,0,0,0,2,0,North,2008/2009,SH 1N,MT WGTN ON NBD,,Non-Injury Crash,Yes,2009,0,West,0,0,0,Flat,1,,0,,0,Bright sun,637300,0,0,0,6,0,0,0,0,0,,0,0,Auckland Region,Nil,2-way,Sealed,0,0,0,0,100,0,Off,0,0,,76,Auckland,Nil,0,0,0,0,0,0,Open,0,0,0,Fine,Null
1843560,5535575,9146,,550200,0,,0,0,,North,2009/2010,WHARITI ROAD,BUSHMILL ROAD,,Minor Crash,No,2009,,North,,0,,Hill Road,,,,,,Overcast,1543600,2,0,0,2,,,0,,,,,,Manawatū-Whanganui Region,Nil,2-way,Unsealed,,0,0,,100,,Null,1,0,,41,Tararua District,Nil,,,,,0,0,Open,1,,,Fine,Null
1767587,5904632,9147,,524604,0,,0,2,,Null,2008/2009,GREAT SOUTH ROAD,RONWOOD AVENUE,,Non-Injury Crash,No,2009,,North,,0,,Flat,,,,,,Dark,780302,0,0,0,4,,,0,,,,,,Auckland Region,Nil,2-way,Sealed,,0,0,,50,,On,0,0,,76,Auckland,Traffic Signals,,,,,0,0,Urban,0,,,Fine,Null
1744776,5917939,9148,,510700,0,,0,3,,Null,2008/2009,SWANSON ROAD,STURGES ROAD,,Non-Injury Crash,No,2009,,North,,0,,Flat,,,,,,Bright sun,239501,0,0,0,2,,,0,,,,,,Auckland Region,Nil,2-way,Sealed,,0,0,,50,,Null,0,0,,76,Auckland,Traffic Signals,,,,,0,0,Urban,0,,,Fine,Null
1757723,5918274,9149,,514302,0,,0,2,,West,2008/2009,SH 1N,MOUNTAIN OBR,,Non-Injury Crash,Yes,2009,,South,,0,,Flat,,,,,,Bright sun,442100,0,0,0,5,,,0,,,,,,Auckland Region,Nil,1-way,Sealed,,0,0,,80,,Off,0,0,,76,Auckland,Nil,,,,,0,0,Open,0,,,Light rain,Null
1760907,5907121,9150,,524112,0,,0,2,,South,2008/2009,SH 20,BADER OBR,,Non-Injury Crash,Yes,2009,,North,,0,,Flat,,Easter,,,,Dark,742102,0,0,0,2,,,0,,,,,,Auckland Region,Nil,2-way,Sealed,,0,0,,100,,On,0,0,,76,Auckland,Unknown,,,,,0,0,Open,0,,,Light rain,Null
1752244,5919018,9151,30,515002,0,0,0,2,0,West,2008/2009,MEOLA ROAD,WALFORD ROAD,,Non-Injury Crash,No,2009,0,East,0,0,0,Flat,0,,0,,0,Dark,395900,0,0,0,2,0,0,0,0,1,,0,0,Auckland Region,Nil,2-way,Sealed,0,0,0,0,50,0,On,0,0,,76,Auckland,Nil,0,0,0,0,0,0,Urban,0,0,0,Fine,Null
1887933,5773966,9152,,538741,0,0,0,1,0,North,2009/2010,VAUGHAN ROAD,CARROLL PLACE,,Non-Injury Crash,No,2009,0,North,0,0,1,Flat,0,,0,,1,Overcast,1254301,0,0,0,2,0,0,0,0,0,,0,0,Bay of Plenty Region,Nil,2-way,Sealed,0,0,0,0,70,0,Null,0,0,,24,Rotorua District,Nil,0,0,0,0,0,0,Urban,0,0,0,Fine,Null
1843553,5813253,9153,,535220,0,0,0,1,0,North,2009/2010,SH 27,GLADSTONE ROAD,,Non-Injury Crash,Yes,2009,0,South,0,0,0,Flat,0,,0,,0,Overcast,1117000,0,0,0,2,0,0,0,0,0,,0,1,Waikato Region,Nil,2-way,Sealed,0,0,0,0,100,0,Null,0,0,,15,Matamata-Piako District,Unknown,0,0,0,1,0,0,Open,0,0,0,Fine,Null
1679150,5343731,9154,,581500,0,,0,1,,South,2008/2009,SH 1S,DEADMAN BR,,Serious Crash,Yes,2009,,South,,0,,Flat,,,,,,Bright sun,2315100,0,0,0,2,,,0,,,,,,Canterbury Region,Nil,2-way,Sealed,,0,4,,100,,Null,0,0,,54,Kaikoura District,Unknown,,,,,0,0,Open,1,,,Fine,Null
1569311,5182773,9155,,592300,0,,0,1,,East,2008/2009,KNOWLES ST,PAPANUI ROAD,,Serious Crash,No,2009,,East,,0,,Flat,,,,,,Dark,2684400,0,0,0,2,,,0,,,1,,,Canterbury Region,Nil,2-way,Sealed,,0,1,,50,,On,0,0,,60,Christchurch City,Unknown,,,,,0,0,Urban,0,,,Fine,Null
1883838,5775171,9156,,540200,0,0,0,0,0,North,2009/2010,BENNETTS ROAD,LAKE ROAD,,Non-Injury Crash,No,2009,0,South,0,0,1,Flat,0,,0,,0,Overcast,1223301,0,0,0,2,0,0,0,0,0,,0,0,Bay of Plenty Region,Nil,2-way,Sealed,0,0,0,0,50,0,Null,0,0,,24,Rotorua District,Unknown,0,0,0,0,0,0,Urban,1,0,0,Light rain,Null
1893060,5812705,9157,,538502,0,0,0,1,0,West,2009/2010,QUEEN ST,OXFORD ST,,Non-Injury Crash,No,2009,0,East,0,0,0,Flat,0,,0,,0,Bright sun,1215600,0,0,0,2,0,0,0,0,1,,0,0,Bay of Plenty Region,Nil,2-way,Sealed,0,0,0,0,50,0,Null,0,0,,22,Western Bay of Plenty District,Unknown,0,0,0,0,0,0,Urban,1,0,0,Fine,Null
1752671,5426015,9158,,577301,0,0,0,2,0,North,2009/2010,MIRAMAR NORTH ROAD,WEKA ST,,Non-Injury Crash,No,2009,0,North,0,0,0,Hill Road,0,,0,,0,Overcast,2202800,0,0,0,2,0,0,0,0,1,,0,0,Wellington Region,Nil,2-way,Sealed,0,0,0,0,50,0,Null,0,0,,47,Wellington City,Nil,0,0,0,0,0,0,Urban,0,0,0,Fine,Null
1936284,5621170,9159,,546901,0,,0,2,,West,2009/2010,THACKERAY ST,STATION ST,,Non-Injury Crash,No,2009,,West,,0,,Flat,,,,,,Overcast,1429500,0,0,0,2,,,0,,,,,,Hawke's Bay Region,Nil,2-way,Sealed,,0,0,,50,,Null,0,0,,31,Napier City,Nil,,,,,0,0,Urban,0,,,Fine,Null
1750961,5912736,9160,,514600,0,0,0,1,0,East,2009/2010,BOLTON ST,KAY DRIVE,,Non-Injury Crash,No,2009,0,West,0,0,1,Hill Road,0,,0,,0,Dark,371202,0,0,0,2,0,0,0,0,0,,0,0,Auckland Region,Nil,2-way,Sealed,0,0,0,0,50,0,On,0,0,,76,Auckland,Nil,0,0,0,1,0,0,Urban,0,0,0,Fine,Null
1759660,5436225,9161,,569100,0,,0,4,,Null,2009/2010,QUEENS DRIVE,BUNNY ST,,Non-Injury Crash,No,2009,,South,,0,,Flat,,,,,,Twilight,1965300,0,0,0,2,,,0,,,,,,Wellington Region,Nil,2-way,Sealed,,0,0,,50,,On,0,0,,46,Lower Hutt City,Traffic Signals,,,,,0,0,Urban,0,,,Fine,Null
1757138,5925827,9162,,509702,0,0,0,1,0,South,2009/2010,SH 1N,ESMONDE OBR,,Non-Injury Crash,Yes,2009,0,North,0,0,0,Flat,1,,0,,0,Dark,364602,0,0,0,3,0,0,0,0,0,,0,0,Auckland Region,Nil,1-way,Sealed,0,0,0,0,100,0,On,0,0,,76,Auckland,Nil,0,0,0,0,0,0,Open,0,0,0,Fine,Null
1760167,5915987,9163,,516002,0,,0,1,,Null,2009/2010,GREENLANE INT,GREEN LANE EAST,,Non-Injury Crash,No,2009,,East,,0,,Flat,,,,,,Overcast,492100,0,0,0,2,,,0,,,,,,Auckland Region,Motorway ramp,2-way,Sealed,,0,0,,50,,Null,1,0,,76,Auckland,Give way,,,,,0,0,Urban,0,,,Fine,Null
1795871,5814578,9164,,527913,0,0,0,0,0,West,2008/2009,SH 23,WALLACE ROAD,,Non-Injury Crash,Yes,2009,0,East,1,0,0,Flat,0,,0,,0,Dark,978002,0,0,0,2,0,0,0,0,0,,0,0,Waikato Region,Nil,2-way,Sealed,0,0,0,0,100,0,None,0,0,,13,Waikato District,Unknown,0,0,0,0,0,0,Open,1,0,0,Fine,Null
1407458,4918100,9165,,603602,0,0,0,4,0,South,2008/2009,FORTH ST,DUNDAS ST,,Serious Crash,No,2009,0,South,0,0,0,Hill Road,0,,0,,0,Dark,2869700,1,0,0,2,0,0,0,0,4,,0,0,Otago Region,Nil,2-way,Sealed,0,0,1,0,50,0,On,1,0,,71,Dunedin City,Unknown,0,0,0,0,0,0,Urban,0,0,0,Fine,Null
1878619,5823072,9166,,538201,0,,0,2,,South,2008/2009,CAMERON ROAD,TENTH AVENUE,,Non-Injury Crash,No,2009,,South,,0,,Flat,,,,,,Overcast,1166600,0,0,0,4,,,0,,,,,,Bay of Plenty Region,Nil,2-way,Sealed,,0,0,,50,,Null,0,0,,23,Tauranga City,Unknown,,,,,0,0,Urban,0,,,Fine,Null
1843022,5681031,9167,,541000,0,,0,2,,Null,2008/2009,PUATAATA ROAD,TAUTAHANGA ROAD,,Non-Injury Crash,No,2009,,East,,0,,Flat,,Queens Birthday,,,,Bright sun,1284900,0,0,0,2,,,0,,,,,,Waikato Region,Nil,2-way,Sealed,,0,0,,50,,Null,0,0,,21,Taupo District,Give way,,,,,0,0,Urban,0,,,Fine,Null
1765107,5909951,9168,,521802,0,,0,3,,Null,2008/2009,SH 1N,OTAHUHU OFF NBD,,Non-Injury Crash,Yes,2009,,North,,0,,Flat,,,,,,Twilight,788201,0,0,0,3,,,0,,,,,,Auckland Region,Nil,1-way,Sealed,,0,0,,100,,On,0,0,,76,Auckland,Nil,,,,,0,0,Open,0,,,Fine,Null
1767350,5900188,9169,,525101,0,0,0,4,0,Null,2009/2010,WEYMOUTH ROAD,GAINSBOROUGH ST,,Non-Injury Crash,No,2009,0,East,0,0,0,Flat,0,,0,,0,Bright sun,772903,0,0,0,2,0,0,0,0,2,,0,0,Auckland Region,Nil,2-way,Sealed,0,0,0,0,50,0,Off,0,0,,76,Auckland,Give way,0,0,0,0,0,0,Urban,0,0,0,Light rain,Null
1756431,5927790,9170,,507900,0,,0,2,,Null,2009/2010,TAHAROTO ROAD,SHAKESPEARE ROAD,,Non-Injury Crash,No,2009,,West,,0,,Flat,,,,,,Bright sun,305202,0,0,0,4,,,0,,,,,,Auckland Region,Nil,2-way,Sealed,,0,0,,50,,Null,0,0,,76,Auckland,Traffic Signals,,,,,0,0,Urban,0,,,Fine,Null
1752356,5918069,9171,,515001,0,,0,2,,Null,2009/2010,SLIP ROAD,GREAT NORTH ROAD,,Non-Injury Crash,No,2009,,North,,0,,Flat,,,,,,Dark,392400,0,0,0,3,,,0,,,,,,Auckland Region,Nil,2-way,Sealed,,0,0,,50,,On,0,0,,76,Auckland,Give way,,,,,0,0,Urban,0,,,Fine,Null
1751043,5918015,9172,,514801,0,0,0,1,0,West,2009/2010,SH 16,PT CHEV OFF EBD,,Non-Injury Crash,Yes,2009,0,East,0,0,0,Flat,1,,0,,0,Dark,390402,0,0,0,2,0,0,0,0,0,,0,0,Auckland Region,Nil,1-way,Sealed,0,0,0,0,100,0,On,0,0,,76,Auckland,Nil,0,0,0,0,0,0,Open,0,0,0,Fine,Null