X,Y,OBJECTID,advisorySpeed,areaUnitID,bicycle,bridge,bus,carStationWagon,cliffBank,crashDirectionDescription,crashFinancialYear,crashLocation1,crashLocation2,crashRoadSideRoad,crashSeverity,crashSHDescription,crashYear,debris,directionRoleDescription,ditch,fatalCount,fence,flatHill,guardRail,holiday,houseOrBuilding,intersection,kerb,light,meshblockId,minorInjuryCount,moped,motorcycle,NumberOfLanes,objectThrownOrDropped,otherObject,otherVehicleType,overBank,parkedVehicle,pedestrian,phoneBoxEtc,postOrPole,region,roadCharacter,roadLane,roadSurface,roadworks,schoolBus,seriousInjuryCount,slipOrFlood,speedLimit,strayAnimal,streetLight,suv,taxi,temporarySpeedLimit,tlaId,tlaName,trafficControl,trafficIsland,trafficSign,train,tree,truck,unknownVehicleType,urban,vanOrUtility,vehicle,waterRiver,weatherA,weatherB
1755294,5921804,9173,,515202,0,,0,1,,South,2008/2009,SH 1N,CURRAN ON NBD,,Non-Injury Crash,Yes,2009,,North,,0,,Flat,,,,,,Overcast,423600,0,0,0,4,,,0,,,,,,Auckland Region,Nil,1-way,Sealed,,0,0,,80,,Off,0,0,,76,Auckland,Nil,,,,,0,0,Open,1,,,Fine,Null
1744093,5920736,9174,,513632,0,,0,2,,East,2009/2010,REHIA ROAD,CUSHLA PLACE,,Non-Injury Crash,No,2009,,East,,0,,Hill Road,,,,,,Overcast,228205,0,0,0,2,,,0,,,,,,Auckland Region,Nil,2-way,Sealed,,0,0,,50,,Off,0,0,,76,Auckland,Nil,,,,,0,0,Urban,0,,,Light rain,Null
1800624,5815705,9175,,529700,0,,0,2,,South,2008/2009,BARTON ST,LONDON ST,,Non-Injury Crash,No,2009,,South,,0,,Flat,,,,,,Overcast,910600,0,0,0,2,,,0,,,,,,Waikato Region,Nil,2-way,Sealed,,0,0,,50,,Null,0,0,,16,Hamilton City,Unknown,,,,,0,0,Urban,0,,,Light rain,Null
1764475,5912951,9176,,520500,0,,0,2,,Null,2008/2009,SOUTH-EASTERN HIGHWAY,CARBINE ROAD,,Non-Injury Crash,No,2009,,East,,0,,Flat,,,,,,Dark,639100,0,0,0,6,,,0,,,,,,Auckland Region,Nil,2-way,Sealed,,0,0,,80,,On,0,0,,76,Auckland,Traffic Signals,,,,,0,0,Open,0,,,Fine,Null
1768394,5464834,9177,,566302,0,0,0,2,0,West,2009/2010,WATERFALL ROAD,VALLEY ROAD,,Non-Injury Crash,No,2009,0,South,1,0,0,Hill Road,0,Labour Weekend,0,,0,Bright sun,1998000,0,0,0,2,0,0,0,0,0,,0,0,Wellington Region,Nil,2-way,Unsealed,0,0,0,0,80,0,Null,0,0,,43,Kapiti Coast District,Nil,0,0,0,0,0,0,Open,0,0,0,Fine,Null
1717011,6044769,9178,,503300,0,0,0,2,0,West,2008/2009,SH 14,WEST WOOD LANE,,Non-Injury Crash,Yes,2009,0,East,0,0,0,Flat,0,,0,,0,Overcast,70203,0,0,0,2,0,0,0,0,0,,0,0,Northland Region,Nil,2-way,Sealed,0,0,0,0,70,0,Off,0,0,,2,Whangarei District,Nil,0,0,0,0,0,0,Urban,0,1,0,Light rain,Null
1751167,5915482,9179,,514401,0,,0,2,,Null,2008/2009,GREAT NORTH ROAD,ROSEBANK ROAD,,Non-Injury Crash,No,2009,,North,,0,,Flat,,Easter,,,,Bright sun,381802,0,0,0,2,,,0,,,,,,Auckland Region,Nil,1-way,Sealed,,0,0,,50,,Null,0,0,,76,Auckland,Traffic Signals,,,,,0,0,Urban,0,,,Fine,Null
1765212,5902476,9180,,524604,0,,0,2,,South,2008/2009,ROSCOMMON ROAD,SH 20,,Non-Injury Crash,No,2009,,North,,0,,Flat,,,,,,Overcast,781200,0,0,0,4,,,0,,,,,,Auckland Region,Nil,2-way,Sealed,,0,0,,50,,Off,0,0,,76,Auckland,Nil,,,,,0,0,Urban,0,,,Fine,Null
1755417,5922008,9181,,515202,0,0,0,1,0,Null,2008/2009,SHELLY OFF SBD,SH 1N,,Non-Injury Crash,Yes,2009,0,South,0,0,0,Hill Road,1,,0,,0,Dark,423600,0,0,0,1,0,0,0,0,0,,0,0,,Motorway ramp,1-way,Sealed,0,0,0,0,80,0,On,0,0,,76,Auckland,Nil,0,0,0,0,0,0,Open,0,0,0,Fine,Null
1825666,5886756,9182,,533501,0,,0,2,,Null,2009/2010,MARY ST,SH 25,,Non-Injury Crash,Yes,2009,,West,,0,,Flat,,,,,,Overcast,1050300,0,0,0,2,,,0,,,,,,Waikato Region,Nil,2-way,Sealed,,0,0,,50,,Null,0,0,,11,Thames-Coromandel District,Give way,,,,,0,0,Urban,0,,,Fine,Null
2040123,5707352,9183,,544702,0,,0,1,,Null,2008/2009,LYELL ROAD,EINSTEIN ST,,Non-Injury Crash,No,2009,,South,,0,,Hill Road,,,,,,Twilight,1384200,0,0,0,2,,,0,,,,,,Gisborne Region,Nil,2-way,Sealed,,0,0,,50,,On,0,0,,28,Gisborne District,Nil,,,,,0,0,Urban,1,,,Fine,Null
1765605,5919988,9184,,516700,0,0,0,1,0,West,2009/2010,POLYGON ROAD,ST HELIERS BAY ROAD,,Non-Injury Crash,No,2009,0,North,0,0,0,Flat,0,,0,,0,Bright sun,509200,0,0,0,2,0,0,0,0,1,,0,0,Auckland Region,Nil,2-way,Sealed,0,0,0,0,50,0,Off,0,0,,76,Auckland,Nil,0,0,0,0,0,0,Urban,1,0,0,Fine,Null
1746970,5917596,9185,,512500,1,,0,0,,Null,2009/2010,MCLEOD ROAD,BODI PLACE,,Non-Injury Crash,No,2009,,East,,0,,Flat,,,,,,Bright sun,258100,0,0,0,2,,,0,,,,,,Auckland Region,Nil,2-way,Sealed,,0,0,,50,,Off,1,0,,76,Auckland,Give way,,,,,0,0,Urban,0,,,Fine,Null
1744513,5918138,9186,,510700,0,,0,2,,East,2009/2010,SWANSON ROAD,RATHGAR ROAD,,Non-Injury Crash,No,2009,,East,,0,,Flat,,,,,,Twilight,239200,0,0,0,2,,,0,,,,,,Auckland Region,Nil,2-way,Sealed,,0,0,,50,,On,0,0,,76,Auckland,Nil,,,,,0,0,Urban,0,,,Fine,Null
1800857,5815590,9187,,529700,0,,0,2,,Null,2008/2009,BRYCE ST,VICTORIA ST,,Non-Injury Crash,No,2009,,North,,0,,Flat,,,,,,Overcast,911102,0,0,0,2,,,0,,,,,,Waikato Region,Nil,2-way,Sealed,,0,0,,50,,Off,0,0,,16,Hamilton City,Traffic Signals,,,,,0,0,Urban,0,,,Fine,Null
1752560,5918183,9188,,515002,0,,0,2,,Null,2009/2010,GREAT NORTH ROAD,PARR ROAD NORTH,,Non-Injury Crash,No,2009,,West,,0,,Flat,,,,,,Bright sun,390701,0,0,0,5,,,0,,,,,,Auckland Region,Nil,2-way,Sealed,,0,0,,50,,Off,0,0,,76,Auckland,Stop,,,,,0,0,Urban,0,,,Fine,Null
1751598,5914211,9189,,514402,0,,0,2,,Null,2008/2009,BLOCKHOUSE BAY ROAD,WOLVERTON ST,,Non-Injury Crash,No,2009,,North,,0,,Flat,,,,,,Overcast,380600,0,0,0,4,,,0,,,,,,Auckland Region,Nil,2-way,Sealed,,0,0,,50,,Off,0,0,,76,Auckland,Give way,,,,,0,0,Urban,0,,,Light rain,Null
1756779,5920198,9190,,514102,0,,0,2,,North,2009/2010,NELSON ST,COOK ST,,Non-Injury Crash,No,2009,,North,,0,,Flat,,,,,,Overcast,434103,0,0,0,6,,,0,,,,,,Auckland Region,Nil,1-way,Sealed,,0,0,,50,,Off,0,0,,76,Auckland,Traffic Signals,,,,,0,0,Urban,0,,,Light rain,Null
1758500,5915500,9191,,519300,0,,0,2,,East,2008/2009,GREEN LANE WEST,MANUKAU ROAD,,Non-Injury Crash,No,2009,,West,,0,,Flat,,,,,,Bright sun,623200,0,0,0,2,,,0,,,,,,Auckland Region,Nil,2-way,Sealed,,0,0,,50,,Null,0,0,,76,Auckland,Unknown,,,,,0,0,Urban,0,,,Fine,Null
1755109,5929137,9192,,508420,0,,0,1,,South,2008/2009,WAIRAU ROAD,VIEW ROAD E,,Non-Injury Crash,No,2009,,South,,0,,Flat,,,,,,Overcast,183800,0,0,0,4,,,0,,,,,,Auckland Region,Nil,2-way,Sealed,,0,0,,50,,Off,1,0,,76,Auckland,Nil,,,,,0,0,Urban,0,,,Fine,Null
1760545,5916228,9193,,516003,0,,0,2,,East,2008/2009,GREEN LANE EAST,ASCOT AVENUE E,,Non-Injury Crash,No,2009,,East,,0,,Flat,,,,,,Bright sun,494902,0,0,0,4,,,0,,,,,,Auckland Region,Nil,2-way,Sealed,,0,0,,50,,Off,0,1,,76,Auckland,Nil,,,,,0,0,Urban,0,,,Fine,Null
1751936,5930909,9194,,508807,0,,0,2,,East,2008/2009,BUSH ROAD,ALBANY HIGHWAY,,Non-Injury Crash,No,2009,,West,,0,,Hill Road,,,,,,Overcast,180301,0,0,0,2,,,0,,,,,,Auckland Region,Nil,2-way,Sealed,,0,0,,50,,Null,0,0,,76,Auckland,Nil,,,,,0,0,Urban,0,,,Fine,Null
1757969,5914777,9195,,518600,0,0,0,1,0,North,2009/2010,PAH ROAD,ORAKAU AVENUE,,Non-Injury Crash,No,2009,0,North,0,0,0,Flat,0,,0,,0,Bright sun,566400,0,0,0,2,0,0,0,0,1,,0,0,Auckland Region,Nil,2-way,Sealed,0,0,0,0,50,0,Null,0,0,,76,Auckland,Unknown,0,0,0,0,0,0,Urban,1,0,0,Fine,Null
1789474,5829241,9196,,528200,0,,0,0,,South,2008/2009,GREAT SOUTH ROAD,MARKET ST,,Non-Injury Crash,No,2009,,North,,0,,Flat,,,,,,Bright sun,857500,0,0,0,2,,,2,,,,,,Waikato Region,Nil,2-way,Sealed,,0,0,,50,,Off,0,0,,13,Waikato District,Nil,,,,,0,0,Urban,0,,,Fine,Null
1747481,5914715,9197,,511100,0,,0,1,,Null,2008/2009,GREAT NORTH ROAD,SABULITE ROAD,,Non-Injury Crash,No,2009,,East,,0,,Flat,,,,,,Bright sun,284800,0,0,0,4,,,0,,,,,,Auckland Region,Nil,2-way,Sealed,,0,0,,50,,Null,0,0,,76,Auckland,Traffic Signals,,,,,0,0,Urban,1,,,Fine,Null
1756932,5916311,9198,,518202,0,,0,2,,North,2009/2010,MOUNT EDEN ROAD,WINDMILL ROAD,,Non-Injury Crash,No,2009,,South,,0,,Flat,,,,,,Dark,550800,0,0,0,3,,,0,,,,,,Auckland Region,Nil,2-way,Sealed,,0,0,,50,,On,0,0,,76,Auckland,Nil,,,,,0,0,Urban,0,,,Fine,Null
1749813,5914567,9199,,511303,0,,0,3,,East,2009/2010,RATA ST,REID ROAD,,Non-Injury Crash,No,2009,,West,,0,,Flat,,,,,,Overcast,266600,0,0,0,4,,,0,,,,,,Auckland Region,Nil,2-way,Sealed,,0,0,,50,,Off,1,0,,76,Auckland,Nil,,,,,0,0,Urban,0,,,Fine,Null
1756500,5926292,9200,,509702,0,,0,1,,Null,2009/2010,AKORANGA DRIVE,COLLEGE ROAD,,Non-Injury Crash,No,2009,,North,,0,,Flat,,,,,,Overcast,364602,0,0,0,5,,,0,,,,,,Auckland Region,Nil,2-way,Sealed,,0,0,,50,,Off,1,0,,76,Auckland,Traffic Signals,,,,,0,0,Urban,0,,,Light rain,Null
1893938,5750950,9201,,538841,0,0,0,1,0,South,2009/2010,SH 5,WAIOTAPU LOOP ROAD N,,Non-Injury Crash,Yes,2009,0,South,1,0,0,Hill Road,0,,0,,0,Twilight,1260201,0,0,0,2,0,0,0,0,0,,0,0,Waikato Region,Nil,2-way,Sealed,0,0,0,0,100,0,Off,0,0,,24,Rotorua District,Unknown,0,0,0,0,0,0,Open,0,0,0,Light rain,Null
1933372,5619668,9202,,546400,0,0,0,1,0,South,2008/2009,EDMUNDSON ST,NIVEN ST,,Non-Injury Crash,No,2009,0,South,0,0,1,Flat,0,Christmas New Year,0,,0,Dark,1427700,0,0,0,2,0,0,0,0,0,,0,0,Hawke's Bay Region,Nil,2-way,Sealed,0,0,0,0,50,0,None,0,0,,31,Napier City,Nil,0,0,0,0,0,0,Urban,0,0,0,Fine,Null
1744937,5921245,9203,,513530,0,,0,3,,West,2009/2010,SH 16,LINCOLN OFF EBD,,Non-Injury Crash,Yes,2009,,East,,0,,Flat,,,,,,Bright sun,226302,0,0,0,2,,,0,,,,,,Auckland Region,Nil,1-way,Sealed,,0,0,,100,,Null,1,0,,76,Auckland,Unknown,,,,,0,0,Open,0,,,Fine,Null
1873156,5823283,9204,,536514,0,,0,1,,East,2009/2010,SH 2,TANIWHA PLACE,,Non-Injury Crash,Yes,2009,,East,,0,,Hill Road,,Labour Weekend,,,,Bright sun,1190100,0,0,0,2,,,0,,,,,,Bay of Plenty Region,Nil,2-way,Sealed,,0,0,,50,,Null,1,0,,23,Tauranga City,Unknown,,,,,0,0,Urban,1,,,Fine,Null
1759380,5906770,9205,,524111,0,,0,1,,North,2008/2009,SH 20A,KIRKBRIDE ROAD,,Non-Injury Crash,Yes,2009,,North,,0,,Flat,,,,,,Dark,740100,0,0,0,4,,,0,,,,,,Auckland Region,Nil,2-way,Sealed,,0,0,,100,,On,1,0,,76,Auckland,Nil,,,,,0,0,Open,0,,,Fine,Null
1761311,5916738,9206,,516202,0,0,0,1,0,East,2008/2009,REMUERA ROAD,TAHORA AVENUE,,Non-Injury Crash,No,2009,0,West,0,0,0,Flat,0,,0,,0,Overcast,489900,0,0,0,4,0,0,0,0,0,,0,1,Auckland Region,Nil,2-way,Sealed,0,0,0,0,50,0,Off,0,0,,76,Auckland,Nil,0,0,0,0,0,0,Urban,0,0,0,Fine,Null
1750532,5431313,9207,,574302,0,,0,1,,North,2009/2010,HUTT ROAD,RANGIORA AVENUE,,Non-Injury Crash,No,2009,,South,,0,,Flat,,,,,,Bright sun,2090604,0,0,0,2,,,0,,,,,,Wellington Region,Nil,2-way,Sealed,,0,0,,60,,Null,1,0,,47,Wellington City,Nil,,,,,0,0,Urban,0,,,Fine,Null
2037340,5708040,9208,,544600,0,,0,2,,Null,2008/2009,LOWE ST,CHILDERS ROAD,,Non-Injury Crash,No,2009,,South,,0,,Flat,,,,,,Overcast,1371400,0,0,0,2,,,0,,,,,,Gisborne Region,Nil,2-way,Sealed,,0,0,,50,,Null,0,0,,28,Gisborne District,Stop,,,,,0,0,Urban,0,,,Fine,Null
1571076,5173444,9209,,591102,0,0,0,1,1,North,2009/2010,DYERS PASS ROAD,VICTORIA PARK ROAD,,Minor Crash,No,2009,0,South,0,0,0,Hill Road,0,,0,,0,Dark,2552500,2,0,0,2,0,0,0,0,0,,0,0,Canterbury Region,Nil,2-way,Sealed,0,0,0,0,70,0,None,0,0,,60,Christchurch City,Unknown,0,0,0,0,0,0,Urban,0,0,0,Fine,Frost
1771601,5895811,9210,,525540,0,0,0,1,0,West,2009/2010,ELLIOT ST,RUSHGREEN AVENUE,,Non-Injury Crash,No,2009,0,East,0,0,0,Hill Road,0,,0,,0,Dark,806301,0,0,0,2,0,1,0,0,0,,0,0,Auckland Region,Nil,2-way,Sealed,0,0,0,0,50,0,On,0,0,,76,Auckland,Unknown,0,0,0,0,0,0,Urban,0,0,0,Fine,Null
1764929,5910793,9211,,521803,0,,0,1,,Null,2009/2010,SH 1N,OTAHUHU OFF SBD,,Non-Injury Crash,Yes,2009,,South,,0,,Flat,,,,,,Dark,789700,0,0,0,3,,,0,,,,,,Auckland Region,Nil,1-way,Sealed,,0,0,,100,,On,1,0,,76,Auckland,Nil,,,,,0,0,Open,0,,,Light rain,Null
1755900,5920306,9212,,514000,0,,0,2,,Null,2009/2010,ENGLAND ST,RYLE ST,,Non-Injury Crash,No,2009,,North,,0,,Flat,,,,,,Twilight,416500,0,0,0,2,,,0,,,,,,Auckland Region,Nil,2-way,Sealed,,0,0,,50,,Off,0,0,,76,Auckland,Stop,,,,,0,0,Urban,0,,,Light rain,Null
1751600,5912361,9213,,514700,0,,0,2,,East,2009/2010,DONOVAN ST,BLOCKHOUSE BAY ROAD,,Non-Injury Crash,No,2009,,West,,0,,Flat,,,,,,Bright sun,368900,0,0,0,2,,,0,,,,,,Auckland Region,Nil,2-way,Sealed,,0,0,,50,,Null,0,0,,76,Auckland,Unknown,,,,,0,0,Urban,0,,,Fine,Null
1825666,5886756,9214,,533501,0,,0,1,,Null,2008/2009,MARY ST,SH 25,,Non-Injury Crash,Yes,2009,,East,,0,,Flat,,,,,,Bright sun,1050300,0,0,0,2,,,0,,,,,,Waikato Region,Nil,2-way,Sealed,,0,0,,50,,Null,0,0,,11,Thames-Coromandel District,Give way,,,,,0,0,Urban,1,,,Fine,Null
1757587,5919864,9215,,514103,0,0,0,2,0,West,2008/2009,ST PAUL ST,SYMONDS ST,,Non-Injury Crash,No,2009,0,West,0,0,0,Flat,0,,0,,0,Bright sun,436700,0,0,0,2,0,0,0,0,1,,0,0,Auckland Region,Nil,2-way,Sealed,0,0,0,0,50,0,Off,0,0,,76,Auckland,Nil,0,0,0,0,0,0,Urban,0,0,0,Fine,Null
1460486,5082902,9216,,599500,0,,0,2,,Null,2009/2010,SH 1S,SOPHIA ST,,Minor Crash,Yes,2009,,South,,0,,Flat,,,,,,Overcast,2792100,1,0,0,4,,,0,,,,,,Canterbury Region,Nil,2-way,Sealed,,0,0,,50,,Null,0,0,,64,Timaru District,Traffic Signals,,,,,0,0,Urban,0,,,Fine,Null
1746544,5916507,9217,,510700,0,,0,2,,Null,2009/2010,TE ATATU ROAD,GREAT NORTH ROAD,,Non-Injury Crash,No,2009,,South,,0,,Flat,,,,,,Overcast,241000,0,0,0,2,,,0,,,,,,Auckland Region,Nil,2-way,Sealed,,0,0,,50,,Off,0,0,,76,Auckland,Give way,,,,,0,0,Urban,0,,,Fine,Null
1755381,5930365,9218,,508520,0,,0,1,,North,2009/2010,SUNNYNOOK ROAD,BECROFT DRIVE,,Non-Injury Crash,No,2009,,North,,0,,Flat,,,,,,Dark,192800,0,0,0,2,,,0,,,,,,Auckland Region,Nil,2-way,Sealed,,0,0,,50,,On,1,0,,76,Auckland,Nil,,,,,0,0,Urban,0,,,Light rain,Null
1769494,5899816,9219,,525002,0,,0,2,,North,2008/2009,GREAT SOUTH ROAD,MAHIA ROAD,,Non-Injury Crash,No,2009,,South,,0,,Flat,,,,,,Twilight,754000,0,0,0,3,,,0,,,,,,Auckland Region,Nil,2-way,Sealed,,0,0,,50,,On,0,0,,76,Auckland,Nil,,,,,0,0,Urban,0,,,Fine,Null
1764086,5915011,9220,,520303,0,,0,1,,East,2009/2010,ELLERSLIE-PANMURE HIGHWAY,LUNN AVENUE,,Non-Injury Crash,No,2009,,West,,0,,Flat,,,,,,Bright sun,626901,0,0,0,5,,,0,,,,,,Auckland Region,Nil,2-way,Sealed,,0,0,,50,,Off,1,0,,76,Auckland,Nil,,,,,0,0,Urban,0,,,Fine,Null
1623570,6115067,9221,,500302,0,0,0,2,0,Null,2009/2010,NORTH ROAD,WATTS ST,,Non-Injury Crash,No,2009,0,West,0,0,0,Flat,0,,0,,0,Dark,13400,0,0,0,2,0,0,0,0,1,,0,0,Northland Region,Nil,2-way,Sealed,0,0,0,0,50,0,On,0,0,,1,Far North District,Give way,0,0,0,0,0,0,Urban,0,0,0,Heavy rain,Null
1747398,5912048,9222,,511901,0,0,0,1,0,North,2008/2009,ATKINSON ROAD,KAURILANDS ROAD,,Non-Injury Crash,No,2009,0,North,0,0,1,Flat,0,Queens Birthday,0,,0,Dark,294505,0,0,0,2,0,0,0,0,0,,0,0,Auckland Region,Nil,2-way,Sealed,0,0,0,0,50,0,On,0,0,,76,Auckland,Nil,0,0,0,0,0,0,Urban,0,0,0,Fine,Null
1571436,5171614,9223,,596503,0,0,0,1,1,South,2008/2009,DYERS PASS ROAD,SUMMIT ROAD,,Non-Injury Crash,No,2009,0,South,0,0,0,Hill Road,0,,0,,0,Overcast,2711501,0,0,0,2,0,0,0,0,0,,0,0,Canterbury Region,Nil,2-way,Sealed,0,0,0,0,100,0,Null,0,0,,60,Christchurch City,Unknown,0,0,0,0,0,0,Open,0,0,0,Fine,Null
1797599,5693937,9224,,532902,0,0,0,0,0,North,2008/2009,SH 4,TAUPO ROAD SOUTH,,Non-Injury Crash,Yes,2009,0,South,0,0,0,Hill Road,0,,0,,0,Overcast,1034700,0,0,0,2,0,0,0,0,0,,0,0,Manawatū-Whanganui Region,Nil,2-way,Sealed,0,0,0,0,100,0,Null,0,0,,36,Ruapehu District,Nil,0,0,0,0,0,0,Open,1,0,1,Fine,Null
1841216,5832493,9225,,534604,0,0,0,2,0,North,2009/2010,ALEXANDRA ROAD,SCHOOL ROAD,,Non-Injury Crash,No,2009,0,South,0,0,0,Flat,0,,0,,0,Overcast,1109200,0,0,0,2,0,0,0,0,0,,0,1,Waikato Region,Nil,2-way,Sealed,0,0,0,0,100,0,Null,0,0,,15,Matamata-Piako District,Unknown,0,0,0,0,0,0,Open,0,0,0,Light rain,Null
1282807,5019654,9226,80,609029,0,0,0,0,0,South,2009/2010,CROWN RANGE ROAD,CARDRONA VALLEY ROAD,,Minor Crash,No,2009,0,South,1,0,0,Hill Road,0,,0,,0,Twilight,3039100,1,0,0,2,0,0,0,0,0,,0,0,Otago Region,Nil,2-way,Sealed,0,0,0,0,100,0,None,1,0,,70,Queenstown-Lakes District,Unknown,0,0,0,0,0,0,Open,0,0,0,Fine,Null
1760416,5911816,9227,,520000,0,,0,0,,Null,2009/2010,CAPTAIN SPRINGS ROAD,NEILSON ST,,Non-Injury Crash,No,2009,,South,,0,,Flat,,,,,,Bright sun,607900,0,0,0,2,,,0,,,,,,Auckland Region,Nil,2-way,Sealed,,0,0,,50,,Off,1,0,,76,Auckland,Traffic Signals,,,,,1,0,Urban,0,,,Fine,Null
1850988,5857850,9228,,534400,0,0,0,0,0,West,2009/2010,SH 2,MARTIN ROAD,,Non-Injury Crash,Yes,2009,0,West,0,0,0,Flat,0,,0,,0,Overcast,1078400,0,0,0,2,0,0,0,0,0,,0,0,Waikato Region,Nil,2-way,Sealed,0,0,0,0,70,0,Null,2,0,,12,Hauraki District,Unknown,0,0,0,1,0,0,Urban,0,0,0,Light rain,Null
1751280,5435021,9229,,573700,0,0,0,2,0,East,2008/2009,FRANKMOORE AVENUE,ROTOITI ST,,Non-Injury Crash,No,2009,0,North,0,0,0,Flat,0,,0,,0,Overcast,2082400,0,0,0,2,0,0,0,0,1,,0,0,Wellington Region,Nil,2-way,Sealed,0,0,0,0,50,0,Null,0,0,,47,Wellington City,Nil,0,0,0,0,0,0,Urban,0,0,0,Fine,Null
1806673,5788701,9230,,527937,0,,0,0,,North,2009/2010,FLAT ROAD,MCGHIE ROAD,,Non-Injury Crash,No,2009,,South,,0,,Flat,,,,,,Dark,989400,0,0,0,2,,,0,,,,,,Waikato Region,Nil,2-way,Sealed,,0,0,,100,,None,0,0,,17,Waipa District,Unknown,,,,,0,0,Open,1,,,Fine,Null
1757791,5918187,9231,,515700,0,,0,3,,South,2008/2009,SH 1N,MOUNTAIN OBR,,Non-Injury Crash,Yes,2009,,North,,0,,Flat,,,,,,Bright sun,443600,0,0,0,5,,,0,,,,,,Auckland Region,Nil,1-way,Sealed,,0,0,,80,,Null,0,0,,76,Auckland,Unknown,,,,,0,0,Open,0,,,Fine,Null
1791125,5908965,9232,35,525202,0,0,0,0,1,North,2008/2009,CLEVEDON-KAWAKAWA ROAD,TUREI ROAD,,Non-Injury Crash,No,2009,0,South,0,0,0,Hill Road,0,,0,,0,Twilight,764800,0,0,0,2,0,0,0,0,0,,0,0,Auckland Region,Nil,2-way,Sealed,0,0,0,0,100,0,None,0,0,,76,Auckland,Unknown,0,0,0,0,0,0,Open,1,0,0,Fine,Null
1572038,5184686,9233,,590504,0,0,0,2,0,South,2009/2010,INNES ROAD,SH 74,,Minor Crash,No,2009,0,South,0,0,0,Flat,0,,0,,0,Overcast,2507101,1,0,0,2,0,0,0,0,1,,0,0,Canterbury Region,Nil,2-way,Sealed,0,0,0,0,60,0,Null,0,0,,60,Christchurch City,Unknown,0,0,0,0,0,0,Urban,0,0,0,Heavy rain,Null
1745208,5909502,9234,,512700,0,,0,2,,Null,2008/2009,HUIA ROAD,SYLVAN VALLEY AVENUE,,Non-Injury Crash,No,2009,,North,,0,,Hill Road,,,,,,Overcast,300600,0,0,0,2,,,0,,,,,,Auckland Region,Nil,2-way,Sealed,,0,0,,50,,Off,0,0,,76,Auckland,Stop,,,,,0,0,Urban,0,,,Light rain,Null
1798615,5814523,9235,,529000,0,0,0,2,0,Null,2008/2009,KILLARNEY ROAD,BLACKBURN ST,,Non-Injury Crash,No,2009,0,East,0,0,0,Flat,0,,0,,0,Bright sun,918200,0,0,0,2,0,0,0,0,0,,0,1,Waikato Region,Nil,2-way,Sealed,0,0,0,0,50,0,Null,0,0,,16,Hamilton City,Give way,0,0,0,0,0,0,Urban,0,0,0,Fine,Null
1718272,6044858,9236,,502900,0,,0,1,,West,2008/2009,SH 14,SH 1N,,Non-Injury Crash,Yes,2009,,West,,0,,Flat,,,,,,Dark,103200,0,0,0,2,,,0,,,,,,Northland Region,Nil,2-way,Sealed,,0,0,,50,,On,0,0,,2,Whangarei District,Nil,,,,,0,0,Urban,1,,,Fine,Null
1765877,5899861,9237,,524822,0,0,0,1,0,North,2009/2010,BARNEYS FARM ROAD,PALMERS ROAD,,Non-Injury Crash,No,2009,0,South,0,0,1,Flat,0,,0,,0,Overcast,774430,0,0,0,0,0,0,0,0,0,,0,0,Auckland Region,Nil,Off road,Sealed,0,0,0,0,50,0,Off,0,0,,76,Auckland,Nil,0,0,0,0,0,0,Urban,0,0,0,Fine,Null
1756695,5919470,9238,,514200,0,,0,2,,Null,2008/2009,EAST ST,KARANGAHAPE ROAD,,Non-Injury Crash,No,2009,,North,,0,,Flat,,,,,,Twilight,412000,0,0,0,4,,,0,,,,,,Auckland Region,Nil,2-way,Sealed,,0,0,,50,,On,0,0,,76,Auckland,Give way,,,,,0,0,Urban,0,,,Fine,Null
1759445,5913717,9239,,519720,0,,0,1,,Null,2009/2010,TAWA ROAD,MOANA AVENUE,,Non-Injury Crash,No,2009,,West,,0,,Flat,,,,,,Bright sun,593200,0,0,0,2,,,0,,,,,,Auckland Region,Nil,2-way,Sealed,,0,0,,50,,Null,0,0,,76,Auckland,Stop,,,,,0,0,Urban,1,,,Fine,Null
1737203,5929366,9240,,505602,0,,0,2,,Null,2009/2010,SH 16,STATION ROAD,,Non-Injury Crash,Yes,2009,,East,,0,,Hill Road,,,,,,Overcast,215602,0,0,0,2,,,0,,,,,,Auckland Region,Nil,2-way,Sealed,,0,0,,60,,Off,0,0,,76,Auckland,Nil,,,,,0,0,Urban,0,,,Heavy rain,Null
1765008,5904790,9241,,522100,0,,0,2,,Null,2009/2010,KENDERDINE ROAD,BRIDGE ST,,Non-Injury Crash,No,2009,,South,,0,,Null,,,,,,Dark,660100,0,0,0,2,,,0,,,,,,Auckland Region,Nil,2-way,Sealed,,0,0,,50,,On,0,0,,76,Auckland,Stop,,,,,0,0,Urban,0,,,Heavy rain,Null
1761581,5913303,9242,,519500,0,,0,1,,Null,2008/2009,STATION ROAD,ORORKE ROAD,,Non-Injury Crash,No,2009,,West,,0,,Flat,,Easter,,,,Bright sun,621600,0,0,0,2,,,0,,,,,,Auckland Region,Nil,2-way,Sealed,,0,0,,50,,Off,0,0,,76,Auckland,Nil,,,,,1,0,Urban,0,,,Fine,Null
1809413,5707731,9243,,532501,0,,0,0,,North,2008/2009,MANGAKAHU VALLEY ROAD,NGAKONUI-ONGARUE ROAD,,Non-Injury Crash,No,2009,,South,,0,,Hill Road,,,,,,Bright sun,1029500,0,0,0,2,,,0,,,,,,Manawatū-Whanganui Region,Nil,2-way,Unsealed,,0,0,,100,,Null,1,0,,36,Ruapehu District,Nil,,,,,0,0,Open,1,,,Fine,Null