X,Y,OBJECTID,advisorySpeed,areaUnitID,bicycle,bridge,bus,carStationWagon,cliffBank,crashDirectionDescription,crashFinancialYear,crashLocation1,crashLocation2,crashRoadSideRoad,crashSeverity,crashSHDescription,crashYear,debris,directionRoleDescription,ditch,fatalCount,fence,flatHill,guardRail,holiday,houseOrBuilding,intersection,kerb,light,meshblockId,minorInjuryCount,moped,motorcycle,NumberOfLanes,objectThrownOrDropped,otherObject,otherVehicleType,overBank,parkedVehicle,pedestrian,phoneBoxEtc,postOrPole,region,roadCharacter,roadLane,roadSurface,roadworks,schoolBus,seriousInjuryCount,slipOrFlood,speedLimit,strayAnimal,streetLight,suv,taxi,temporarySpeedLimit,tlaId,tlaName,trafficControl,trafficIsland,trafficSign,train,tree,truck,unknownVehicleType,urban,vanOrUtility,vehicle,waterRiver,weatherA,weatherB
1792429,5775073,9244,,531301,0,0,0,0,0,North,2008/2009,SH 31,KAHOTEA ROAD,,Non-Injury Crash,Yes,2009,0,South,0,0,1,Hill Road,0,Christmas New Year,0,,0,Dark,995902,0,0,0,2,0,0,0,0,0,,0,0,Waikato Region,Nil,2-way,Sealed,0,0,0,0,100,0,None,1,0,,18,Ōtorohanga District,Unknown,0,0,0,0,0,0,Open,0,0,0,Light rain,Null
1877183,5821673,9245,,538101,0,,0,2,,West,2009/2010,ANZAC ROAD,TWENTYFIRST AVENUE,,Non-Injury Crash,No,2009,,West,,0,,Flat,,,,,,Overcast,1169500,0,0,0,2,,,0,,,,,,Bay of Plenty Region,Nil,2-way,Sealed,,0,0,,50,,Null,0,0,,23,Tauranga City,Unknown,,,,,0,0,Urban,0,,,Light rain,Null
1885092,5825621,9246,,536832,0,,0,2,,Null,2009/2010,GIRVEN ROAD,MARANUI ST,,Non-Injury Crash,No,2009,,West,,0,,Flat,,,,,,Dark,1202200,0,0,0,2,,,0,,,,,,Bay of Plenty Region,Nil,2-way,Sealed,,0,0,,50,,On,0,0,,23,Tauranga City,Give way,,,,,0,0,Urban,0,,,Fine,Null
1767256,5442707,9247,,567800,0,,0,2,,Null,2008/2009,REYNOLDS BACH ROAD,REYNOLDS BACH DRIVE,,Non-Injury Crash,No,2009,,West,,0,,Flat,,,,,,Dark,1902101,0,0,0,2,,,0,,,,,,Wellington Region,Nil,2-way,Sealed,,0,0,,80,,On,0,0,,45,Upper Hutt City,Give way,,,,,0,0,Open,0,,,Light rain,Null
1566609,5180157,9248,,590702,1,,0,1,,Null,2008/2009,RICCARTON ROAD,CLYDE ROAD,,Minor Crash,No,2009,,East,,0,,Flat,,,,,,Dark,2470600,1,0,0,2,,,0,,,,,,Canterbury Region,Nil,2-way,Sealed,,0,0,,50,,On,0,0,,60,Christchurch City,Traffic Signals,,,,,0,0,Urban,0,,,Fine,Null
1622589,5428843,9249,,583300,0,0,0,2,0,South,2008/2009,WAIMEA ROAD,TUKUKA ST,,Minor Crash,No,2009,0,South,0,0,1,Hill Road,0,,0,,0,Dark,2330800,1,0,0,2,0,0,0,0,1,,0,0,Nelson Region,Nil,2-way,Sealed,0,0,0,0,50,0,On,0,0,,52,Nelson City,Nil,0,0,0,0,0,0,Urban,0,0,0,Fine,Null
1745731,5917374,9250,,510700,0,,0,2,,South,2009/2010,EDMONTON ROAD,ALDERMAN DRIVE,,Non-Injury Crash,No,2009,,North,,0,,Flat,,,,,,Bright sun,240401,0,0,0,4,,,0,,,,,,Auckland Region,Nil,2-way,Sealed,,0,0,,50,,Off,0,0,,76,Auckland,Give way,,,,,0,0,Urban,0,,,Fine,Null
1764646,5904140,9251,,524604,0,,0,0,,South,2008/2009,NOEL BURNSIDE DRIVE,DIVERSEY LANE,,Non-Injury Crash,No,2009,,North,,0,,Flat,,,,,,Dark,781301,0,0,0,2,,,0,,,,,,Auckland Region,Nil,2-way,Sealed,,0,0,,50,,On,1,0,,76,Auckland,Nil,,,,,1,0,Urban,0,,,Light rain,Null
1757355,5931126,9252,,507500,0,,0,2,,Null,2009/2010,BEACH ROAD,ABERDEEN ROAD,,Non-Injury Crash,No,2009,,North,,0,,Flat,,,,,,Bright sun,148500,0,0,0,2,,,0,,,,,,Auckland Region,Nil,2-way,Sealed,,0,0,,50,,Off,0,0,,76,Auckland,Give way,,,,,0,0,Urban,0,,,Fine,Null
1757457,5920394,9253,,514103,0,,0,2,,Null,2008/2009,LORNE ST,VICTORIA ST EAST,,Non-Injury Crash,No,2009,,West,,0,,Flat,,,,,,Overcast,437101,0,0,0,4,,,0,,,,,,Auckland Region,Nil,2-way,Sealed,,0,0,,50,,Off,0,0,,76,Auckland,Traffic Signals,,,,,0,0,Urban,0,,,Fine,Null
1766934,5907657,9254,,523501,0,,0,1,,East,2008/2009,EAST TAMAKI ROAD,BAIRDS ROAD,,Non-Injury Crash,No,2009,,East,,0,,Flat,,,,,,Bright sun,700602,0,0,0,4,,,0,,,,,,Auckland Region,Nil,2-way,Sealed,,0,0,,60,,Off,1,0,,76,Auckland,Nil,,,,,0,0,Urban,0,,,Fine,Null
1754038,5930133,9255,,508420,0,,0,2,,East,2009/2010,TARGET ROAD,SUNSET ROAD,,Non-Injury Crash,No,2009,,West,,0,,Flat,,Labour Weekend,,,,Bright sun,182026,0,0,0,2,,,0,,,,,,Auckland Region,Nil,2-way,Sealed,,0,0,,50,,Off,0,0,,76,Auckland,Nil,,,,,0,0,Urban,0,,,Fine,Null
1770253,5877157,9256,,521117,0,,0,1,,Null,2009/2010,BUCKLAND ROAD,TUAKAU ROAD,,Non-Injury Crash,No,2009,,North,,0,,Flat,,,,,,Overcast,824500,0,0,0,2,,,0,,,,,,Waikato Region,Nil,2-way,Sealed,,0,0,,100,,None,0,0,,13,Waikato District,Give way,,,,,0,0,Open,1,,,Fine,Null
1716606,6059250,9257,,504300,0,0,0,1,0,South,2008/2009,GEORGE ST,PARK ST,,Non-Injury Crash,No,2009,0,North,0,0,0,Flat,0,,0,,0,Dark,63500,0,0,0,2,0,0,0,0,1,,0,0,Northland Region,Nil,2-way,Sealed,0,0,0,0,50,0,On,0,0,,2,Whangarei District,Unknown,0,0,0,0,0,0,Urban,1,0,0,Light rain,Null
1757754,5918222,9258,,515700,0,,0,1,,South,2009/2010,SH 1N,KHYBER PASS OFF NBD,,Non-Injury Crash,Yes,2009,,North,,0,,Flat,,,,,,Overcast,443600,0,0,0,3,,,0,,,,,,Auckland Region,Nil,1-way,Sealed,,0,0,,80,,Null,0,0,,76,Auckland,Unknown,,,,,0,0,Open,1,,,Light rain,Null
1767846,5897939,9259,,525102,0,0,0,1,0,East,2008/2009,WATTLE FARM ROAD,BLACKWOOD DRIVE,,Non-Injury Crash,No,2009,0,West,0,0,0,Flat,0,,0,,0,Dark,769038,0,0,0,2,0,0,0,0,1,,0,0,Auckland Region,Nil,2-way,Sealed,0,0,0,0,50,0,On,1,0,,76,Auckland,Nil,0,0,0,0,0,0,Urban,0,0,0,Light rain,Null
1877425,5794307,9260,,536630,0,0,0,1,0,West,2008/2009,SH 36,TE MATAI ROAD,,Non-Injury Crash,Yes,2009,0,West,0,0,0,Flat,1,,0,,0,Bright sun,1192702,0,0,0,2,0,0,0,0,0,,0,0,Bay of Plenty Region,Nil,2-way,Sealed,0,0,0,0,100,0,Null,0,0,,22,Western Bay of Plenty District,Unknown,0,0,0,0,0,0,Open,0,0,0,Fine,Null
1766419,5900541,9261,,524713,0,0,0,1,0,North,2008/2009,JOHN WALKER DRIVE,TAMWORTH CLOSE,,Non-Injury Crash,No,2009,0,North,0,0,1,Flat,0,,0,,0,Dark,775802,0,0,0,2,0,0,0,0,0,,0,1,Auckland Region,Nil,2-way,Sealed,0,0,0,0,50,0,None,0,0,,76,Auckland,Unknown,0,0,0,0,0,0,Urban,0,0,0,Fine,Null
1745042,5914101,9262,,512904,0,,0,2,,Null,2009/2010,LINCOLN ROAD,WEST COAST ROAD,,Non-Injury Crash,No,2009,,West,,0,,Flat,,Labour Weekend,,,,Overcast,278104,0,0,0,4,,,0,,,,,,Auckland Region,Nil,2-way,Sealed,,0,0,,50,,Null,0,0,,76,Auckland,Give way,,,,,0,0,Urban,0,,,Fine,Null
1764195,5911003,9263,,520500,0,,0,1,,Null,2009/2010,MOUNT WELLINGTON HIGHWAY,CAMP ROAD,,Non-Injury Crash,No,2009,,South,,0,,Flat,,,,,,Overcast,637900,0,0,0,2,,,0,,,,,,Auckland Region,Nil,2-way,Sealed,,0,0,,50,,None,1,0,,76,Auckland,Nil,,,,,0,0,Urban,0,,,Fine,Null
1931949,5617934,9264,,547100,0,0,0,2,0,Null,2009/2010,YORK AVENUE,AUCKLAND ROAD,,Minor Crash,No,2009,0,West,0,0,1,Flat,0,,0,,0,Bright sun,1454900,2,0,0,2,0,0,0,0,0,,0,0,Hawke's Bay Region,Nil,2-way,Sealed,0,0,0,0,50,0,Null,0,0,,31,Napier City,Stop,0,0,0,0,0,0,Urban,0,0,0,Fine,Null
1782422,5449719,9265,,567902,0,0,0,1,0,East,2008/2009,KAITOKE SUMMIT ROAD,KAITOKE LOOP,,Non-Injury Crash,No,2009,0,West,0,0,0,Flat,0,,0,,0,Bright sun,1916300,0,0,0,2,0,0,0,1,0,,0,0,Wellington Region,Nil,2-way,Unsealed,0,0,0,0,50,0,Null,0,0,,45,Upper Hutt City,Nil,0,0,0,0,0,0,Urban,0,0,0,Fine,Null
1414684,4924333,9266,,601500,0,0,0,0,0,South,2008/2009,BLUESKIN ROAD,REYNOLDSTOWN ROAD,,Minor Crash,No,2009,0,North,0,0,0,Hill Road,0,,0,,0,Dark,2863602,1,0,0,1,0,0,0,0,0,,0,0,Otago Region,Nil,2-way,Sealed,0,0,0,0,100,0,None,0,0,,71,Dunedin City,Unknown,0,0,0,1,0,0,Open,1,0,0,Light rain,Null
1900258,5753442,9267,,538841,0,0,0,1,1,East,2009/2010,SH 38,ROTOMAHANA ROAD,,Non-Injury Crash,Yes,2009,0,South,0,0,0,Flat,0,,0,,0,Dark,1259106,0,0,0,2,0,0,0,0,0,,0,0,Waikato Region,Nil,2-way,Sealed,0,0,0,0,100,0,None,0,0,,24,Rotorua District,Unknown,0,0,0,0,0,0,Open,0,0,0,Fine,Null
1956325,5772127,9268,,542562,0,0,0,1,1,Null,2009/2010,SH 2,WAIMANA ROAD W,,Non-Injury Crash,Yes,2009,0,North,0,0,0,Flat,0,Christmas New Year,0,,0,Dark,1295400,0,0,0,2,0,0,0,0,0,,0,0,Bay of Plenty Region,Nil,2-way,Sealed,0,0,0,0,100,0,None,0,0,,25,Whakatane District,Nil,0,0,0,0,0,0,Open,0,0,0,Fine,Null
1758302,5917712,9269,,515700,0,,0,3,,South,2009/2010,SH 1N,GILLIES OBR,,Non-Injury Crash,Yes,2009,,South,,0,,Flat,,,,,,Dark,443300,0,0,0,3,,,0,,,,,,Auckland Region,Nil,1-way,Sealed,,0,0,,80,,None,0,0,,76,Auckland,Nil,,,,,0,0,Open,0,,,Fine,Null
1801457,5814746,9270,,529700,0,0,0,0,0,Null,2008/2009,VICTORIA ST,BRIDGE ST,,Non-Injury Crash,No,2009,0,South,0,0,0,Flat,0,Queens Birthday,0,,0,Dark,912300,0,1,0,2,0,0,0,0,0,,0,0,Waikato Region,Nil,2-way,Sealed,0,0,0,0,50,0,On,0,0,,16,Hamilton City,Give way,1,0,0,0,0,0,Urban,0,0,0,Fine,Null
1893317,5812752,9271,,538502,0,,0,1,,West,2009/2010,JELLICOE ST,KING ST,,Non-Injury Crash,No,2009,,East,,0,,Flat,,,,,,Bright sun,1215900,0,0,0,4,,,0,,,,,,Bay of Plenty Region,Nil,2-way,Sealed,,0,0,,50,,Null,0,0,,22,Western Bay of Plenty District,Nil,,,,,1,0,Urban,0,,,Fine,Null
1789629,5828666,9272,,528200,0,,0,1,,Null,2008/2009,GREAT SOUTH ROAD,JORDAN ST,,Non-Injury Crash,No,2009,,North,,0,,Flat,,,,,,Dark,855801,0,0,0,2,,,0,,,1,,,Waikato Region,Nil,2-way,Sealed,,0,0,,50,,On,0,0,,13,Waikato District,Give way,,,,,0,0,Urban,0,,,Fine,Null
1968083,5785441,9273,,542906,0,1,0,1,0,South,2008/2009,SH 2,OHIWA BEACH ROAD,,Non-Injury Crash,Yes,2009,0,North,0,0,0,Flat,0,Queens Birthday,0,,0,Bright sun,1337700,0,0,0,2,0,0,0,0,0,,0,0,Bay of Plenty Region,Bridge,2-way,Sealed,0,0,0,0,100,0,None,0,0,,27,Ōpōtiki District,Nil,0,0,0,0,0,0,Open,0,0,0,Fine,Null
1800538,5812942,9274,,529100,0,,0,2,,East,2008/2009,SH 1N,TAWA ST W,,Non-Injury Crash,Yes,2009,,East,,0,,Flat,,,,,,Overcast,930700,0,0,0,2,,,0,,,,,,Waikato Region,Nil,2-way,Sealed,,0,0,,50,,Null,0,0,30,16,Hamilton City,Unknown,,,,,0,0,Urban,0,,,Heavy rain,Null
1762174,5913665,9275,,520500,0,0,0,2,0,North,2009/2010,SH 1N,PENROSE OBR,,Non-Injury Crash,Yes,2009,0,North,0,0,0,Flat,1,,0,,0,Bright sun,637000,0,0,0,3,0,0,0,0,0,,0,0,Auckland Region,Nil,1-way,Sealed,0,0,0,0,100,0,Off,1,0,,76,Auckland,Nil,0,0,0,0,0,0,Open,0,0,0,Fine,Null
1759441,5910281,9276,,524002,0,,0,1,,North,2008/2009,SH 20,RIMU OBR,,Non-Injury Crash,Yes,2009,,North,,0,,Flat,,,,,,Bright sun,722000,0,0,0,3,,,0,,,,,,Auckland Region,Motorway ramp,1-way,Sealed,,0,0,,100,,Off,0,0,,76,Auckland,Nil,,,,,0,0,Open,1,,,Fine,Null
1761112,5881336,9277,,521121,0,0,0,1,0,Null,2008/2009,MAUKU ROAD,FINDLAY ROAD,,Non-Injury Crash,No,2009,0,South,0,0,0,Flat,0,,0,,0,Dark,811700,0,0,0,2,0,0,0,0,0,,0,1,Auckland Region,Bridge,2-way,Sealed,0,0,0,0,100,0,None,0,0,,76,Auckland,Nil,0,0,0,0,0,0,Open,0,0,0,Light rain,Null
1870640,5812179,9278,,536630,0,0,0,1,1,North,2009/2010,OMANAWA ROAD,JENSEN ROAD,,Serious Crash,No,2009,0,East,0,0,0,Flat,0,,0,,0,Dark,1191701,1,0,0,2,0,0,0,0,0,,0,0,Bay of Plenty Region,Nil,2-way,Sealed,0,0,3,0,100,0,None,0,0,,22,Western Bay of Plenty District,Nil,0,0,0,1,0,0,Open,0,0,0,Fine,Null
1869534,5815342,9279,,536630,0,,0,2,,South,2009/2010,SH 29,OMANAWA ROAD,,Non-Injury Crash,Yes,2009,,North,,0,,Flat,,,,,,Overcast,1191600,0,0,0,2,,,0,,,,,,Bay of Plenty Region,Nil,2-way,Sealed,,0,0,,100,,Null,0,0,,22,Western Bay of Plenty District,Unknown,,,,,0,0,Open,0,,,Light rain,Null
1766239,5906837,9280,,522302,0,,0,2,,Null,2009/2010,HUIA ROAD,HAMILTON ROAD,,Non-Injury Crash,No,2009,,North,,0,,Flat,,,,,,Overcast,668100,0,0,0,2,,,0,,,,,,Auckland Region,Nil,2-way,Sealed,,0,0,,50,,Off,0,0,,76,Auckland,Give way,,,,,0,0,Urban,0,,,Light rain,Null
1753327,5924684,9281,,510402,0,,0,3,,West,2009/2010,MOKOIA ROAD,PORRITT AVENUE,,Non-Injury Crash,No,2009,,West,,0,,Flat,,,,,,Overcast,351800,0,0,0,2,,,0,,,,,,Auckland Region,Nil,2-way,Sealed,,0,0,,50,,Off,0,0,,76,Auckland,Nil,,,,,0,0,Urban,0,,,Light rain,Null
1890873,5734319,9282,,538841,0,,0,1,,South,2009/2010,BROADLANDS ROAD,EAST ROAD,,Non-Injury Crash,No,2009,,North,,0,,Flat,,,,,,Overcast,1261300,0,0,0,2,,,0,,,,,,Waikato Region,Nil,2-way,Sealed,,0,0,,100,,Off,0,0,,24,Rotorua District,Nil,,,,,0,0,Open,1,,,Fine,Null
1719507,6046054,9283,,503100,0,,0,1,,Null,2008/2009,DENT ST,NORFOLK ST,,Non-Injury Crash,No,2009,,West,,0,,Hill Road,,,,,,Bright sun,99600,0,0,0,2,,,0,,,,,,Northland Region,Nil,2-way,Sealed,,0,0,,50,,Null,0,0,,2,Whangarei District,Give way,,,,,0,0,Urban,1,,,Fine,Null
1747156,5920589,9284,,512300,0,0,0,1,0,West,2009/2010,GLORIA AVENUE,OLD TE ATATU ROAD,,Non-Injury Crash,No,2009,0,North,0,0,0,Flat,0,,1,,0,Overcast,251000,0,0,0,2,0,0,0,0,0,,0,0,Auckland Region,Nil,2-way,Sealed,0,0,0,0,50,0,Off,0,0,,76,Auckland,Nil,0,0,0,0,0,0,Urban,0,0,0,Fine,Null
1953147,5778338,9285,,542562,0,0,0,1,1,East,2008/2009,SH 2,STATION ROAD,,Non-Injury Crash,Yes,2009,0,East,0,0,0,Flat,0,,0,,1,Dark,1299104,0,0,0,1,0,0,0,0,0,,0,0,Bay of Plenty Region,Nil,2-way,Sealed,0,0,0,0,100,0,None,0,0,,25,Whakatane District,Nil,0,0,0,0,0,0,Open,0,0,0,Fine,Null
1756130,5919391,9286,,514000,0,0,0,3,0,East,2008/2009,HOPETOUN ST,PONSONBY ROAD,,Non-Injury Crash,No,2009,0,West,0,0,0,Flat,0,,0,,0,Dark,413800,0,0,0,2,0,0,0,0,1,,0,0,Auckland Region,Nil,2-way,Sealed,0,0,0,0,50,0,On,0,0,,76,Auckland,Nil,0,0,0,0,0,0,Urban,0,0,0,Fine,Null
1753535,5929436,9287,,508411,0,,0,1,,Null,2009/2010,GLENFIELD ROAD,JAMES ST N,,Non-Injury Crash,No,2009,,North,,0,,Hill Road,,,,,,Bright sun,184000,0,0,0,1,,,0,,,,,,Auckland Region,Nil,2-way,Sealed,,0,0,,50,,Off,1,0,,76,Auckland,Give way,,,,,0,0,Urban,0,,,Fine,Null
1844319,5811204,9288,,535502,0,0,0,1,0,Null,2008/2009,HUIA ROAD,RATA ST,,Non-Injury Crash,No,2009,0,North,0,0,1,Flat,0,,0,,0,Dark,1118901,0,0,0,2,0,0,0,0,0,,0,0,Waikato Region,Nil,2-way,Sealed,0,0,0,0,50,0,On,0,0,,15,Matamata-Piako District,Nil,0,0,0,0,0,0,Urban,0,0,0,Mist or Fog,Null
1760165,5915894,9289,,516003,0,0,0,1,0,South,2008/2009,GREENLANE OFF NBD,GREENLANE INT,,Non-Injury Crash,Yes,2009,0,North,0,0,0,Hill Road,1,,0,,0,Overcast,494902,0,0,0,6,0,0,0,0,0,,0,0,Auckland Region,Motorway ramp,2-way,Sealed,0,0,0,0,80,0,Null,0,0,,76,Auckland,Unknown,0,0,0,0,0,0,Open,0,0,0,Light rain,Null
1745509,5920897,9290,,513301,0,0,0,2,0,East,2009/2010,THE CONCOURSE,SELWOOD ROAD,,Non-Injury Crash,No,2009,0,North,0,0,0,Flat,0,,0,,0,Overcast,230200,0,0,0,2,0,0,0,0,1,,0,0,Auckland Region,Nil,2-way,Sealed,0,0,0,0,50,0,Off,1,0,,76,Auckland,Nil,0,0,0,0,0,0,Urban,0,1,0,Fine,Null
1753722,5932629,9291,,508805,0,,0,1,,Null,2008/2009,TRITON DRIVE,ARRENWAY DRIVE N,,Non-Injury Crash,No,2009,,North,,0,,Hill Road,,,,,,Overcast,180866,0,0,0,2,,,0,,,,,,Auckland Region,Nil,2-way,Sealed,,0,0,,50,,Off,1,0,,76,Auckland,Nil,,,,,0,0,Urban,0,,,Fine,Null
1750896,5933380,9292,,508806,0,0,0,3,0,West,2008/2009,WHARF ROAD,LANDING DRIVE,,Non-Injury Crash,No,2009,0,West,0,0,0,Flat,0,,0,,0,Dark,179801,0,0,0,2,0,0,0,0,1,,0,0,Auckland Region,Nil,2-way,Sealed,0,0,0,0,50,0,On,0,0,,76,Auckland,Unknown,0,0,0,0,0,0,Urban,0,0,0,Fine,Null
1743374,5923727,9293,,513511,0,,0,2,,Null,2009/2010,FRED TAYLOR DRIVE,DON BUCK ROAD,,Non-Injury Crash,No,2009,,West,,0,,Flat,,,,,,Bright sun,224306,0,0,0,4,,,0,,,,,,Auckland Region,Nil,2-way,Sealed,,0,0,,80,,Off,0,0,,76,Auckland,Give way,,,,,0,0,Open,0,,,Fine,Null
1746146,5920279,9294,,513301,0,,0,1,,East,2009/2010,SH 16,LINCOLN OFF WBD,,Non-Injury Crash,Yes,2009,,West,,0,,Flat,,,,,,Bright sun,230301,0,0,0,2,,,0,,,,,,Auckland Region,Nil,1-way,Sealed,,0,0,,100,,Off,1,0,,76,Auckland,Nil,,,,,0,0,Open,1,,,Fine,Null
1757215,5919382,9295,,514301,0,,0,2,,Null,2008/2009,KARANGAHAPE ROAD,SYMONDS ST,,Non-Injury Crash,No,2009,,East,,0,,Flat,,,,,,Overcast,440904,0,0,0,3,,,0,,,,,,Auckland Region,Nil,2-way,Sealed,,0,0,,50,,Off,0,0,,76,Auckland,Traffic Signals,,,,,0,0,Urban,0,,,Light rain,Null
1761068,5911735,9296,,520000,0,0,0,1,0,South,2009/2010,EDINBURGH ST,NEILSON ST,,Non-Injury Crash,No,2009,0,South,0,0,0,Flat,0,,0,,0,Overcast,608000,0,0,0,2,0,0,0,0,1,,0,0,Auckland Region,Nil,2-way,Sealed,0,0,0,0,50,0,Off,0,0,,76,Auckland,Nil,0,0,0,0,1,0,Urban,0,0,0,Fine,Null
1403966,4918767,9297,,603920,0,0,0,1,0,East,2009/2010,TAIERI ROAD,WAKARI ROAD,,Serious Crash,No,2009,0,East,0,0,0,Hill Road,0,,0,,0,Twilight,2888300,0,0,0,2,0,0,0,0,0,,0,1,Otago Region,Nil,2-way,Sealed,0,0,1,0,50,0,Off,0,0,,71,Dunedin City,Unknown,0,0,0,0,0,0,Urban,0,0,0,Fine,Null
1772210,5913953,9298,,521602,0,0,0,2,0,Null,2008/2009,RODNEY ST,RODNEY STREET,,Non-Injury Crash,No,2009,0,South,0,0,0,Flat,0,,0,,0,Overcast,649800,0,0,0,1,0,0,0,0,0,,0,0,Auckland Region,Nil,1-way,Sealed,0,0,0,0,50,0,Off,0,0,,76,Auckland,Give way,0,0,0,0,0,0,Urban,1,1,0,Light rain,Null
1748490,5918802,9299,,514801,0,,0,2,,West,2009/2010,SH 16,PATIKI OBR,,Non-Injury Crash,Yes,2009,,West,,0,,Flat,,,,,,Overcast,389300,0,0,0,3,,,0,,,,,,Auckland Region,Nil,1-way,Sealed,,0,0,,100,,Null,0,0,,76,Auckland,Unknown,,,,,0,0,Open,0,,,Fine,Null
1760549,5907218,9300,,524112,0,0,0,2,0,East,2008/2009,COURT TOWN CLOSE,MIKASA PLACE,,Non-Injury Crash,No,2009,0,West,0,0,0,Flat,0,,0,,0,Bright sun,737500,0,0,0,2,0,0,0,0,1,,0,0,Auckland Region,Nil,2-way,Sealed,0,0,0,0,50,0,Null,0,0,,76,Auckland,Nil,0,0,0,0,0,0,Urban,0,0,0,Fine,Null
1747382,5910976,9301,,511901,0,0,0,2,0,South,2009/2010,ATKINSON ROAD,WOODFERN CRESCENT S,,Non-Injury Crash,No,2009,0,South,0,0,0,Hill Road,0,,0,,0,Bright sun,294002,0,0,0,2,0,0,0,0,1,,0,0,Auckland Region,Nil,2-way,Sealed,0,0,0,0,50,0,Off,0,0,,76,Auckland,Nil,0,0,0,0,0,0,Urban,0,0,0,Fine,Null
1758210,5916139,9302,,515801,0,,0,2,,Null,2009/2010,MANUKAU ROAD,CAMPBELL CRESCENT N,,Non-Injury Crash,No,2009,,South,,0,,Flat,,,,,,Overcast,446300,0,0,0,2,,,0,,,,,,Auckland Region,Nil,2-way,Sealed,,0,0,,50,,Off,0,0,,76,Auckland,Stop,,,,,0,0,Urban,0,,,Fine,Null
1719360,6045770,9303,,503100,0,0,0,2,0,East,2009/2010,CAMERON ST,BANK ST,,Non-Injury Crash,No,2009,0,East,0,0,0,Flat,0,,0,,0,Bright sun,99700,0,0,0,2,0,0,0,0,1,,0,0,Northland Region,Nil,2-way,Sealed,0,0,0,0,50,0,Off,0,0,,2,Whangarei District,Nil,0,0,0,0,0,0,Urban,0,0,0,Fine,Null
1718457,6043818,9304,,503500,0,0,0,0,0,South,2008/2009,ASHLEY AVENUE,ABBOTS WAY,,Non-Injury Crash,No,2009,0,West,0,0,0,Hill Road,0,,1,,0,Dark,108600,0,0,0,1,0,0,0,0,0,,0,0,Northland Region,Nil,2-way,Sealed,0,0,0,0,50,0,On,1,0,,2,Whangarei District,Nil,0,0,0,0,0,0,Urban,0,0,0,Fine,Null
1789550,5857929,9305,25,526900,0,0,1,0,0,Null,2009/2010,TE KAUWHATA ROAD,ECCLES AVENUE,,Non-Injury Crash,No,2009,0,East,0,0,1,Hill Road,0,,0,,0,Bright sun,938100,0,0,0,2,0,0,0,0,0,,0,0,Waikato Region,Nil,2-way,Sealed,0,1,0,0,50,0,None,0,0,,13,Waikato District,Nil,0,0,0,0,0,0,Urban,0,0,0,Fine,Null
1751580,5914775,9306,,514402,0,,1,1,,Null,2009/2010,BLOCKHOUSE BAY ROAD,NEW WINDSOR ROAD,,Non-Injury Crash,No,2009,,North,,0,,Flat,,,,,,Bright sun,380503,0,0,0,2,,,0,,,,,,Auckland Region,Nil,2-way,Sealed,,0,0,,50,,Null,0,0,,76,Auckland,Stop,,,,,0,0,Urban,0,,,Fine,Null
1800883,5811990,9307,,529200,0,,0,2,,North,2009/2010,SH 3,COLLINS ROAD,,Non-Injury Crash,Yes,2009,,South,,0,,Flat,,,,,,Overcast,928200,0,0,0,4,,,0,,,,,,Waikato Region,Nil,2-way,Sealed,,0,0,,60,,Off,0,0,,16,Hamilton City,Traffic Signals,,,,,0,0,Urban,0,,,Light rain,Null
1754477,5917952,9308,,517600,0,0,0,1,0,Null,2009/2010,MOUNTAIN VIEW ROAD,BANNERMAN ROAD,,Non-Injury Crash,No,2009,0,East,0,0,0,Hill Road,0,,0,,0,Bright sun,533000,0,0,0,2,0,0,0,0,0,,0,0,Auckland Region,Nil,2-way,Sealed,0,0,0,0,50,0,Off,0,0,,76,Auckland,Give way,0,0,0,1,0,0,Urban,0,0,0,Fine,Null
1880970,5819804,9309,,538302,0,0,0,1,0,North,2008/2009,ENDEAVOUR AVENUE,PANDORA PLACE,,Non-Injury Crash,No,2009,0,South,0,0,1,Flat,0,,0,,0,Twilight,1180100,0,0,0,2,0,1,0,0,0,,0,0,Bay of Plenty Region,Nil,2-way,Sealed,0,0,0,0,50,0,Off,0,0,,23,Tauranga City,Unknown,0,0,0,0,0,0,Urban,0,0,0,Fine,Null
1876098,5819931,9310,,537601,0,,1,1,,Null,2009/2010,CHADWICK ROAD,CAMERON ROAD,,Non-Injury Crash,No,2009,,West,,0,,Flat,,,,,,Overcast,1175100,0,0,0,4,,,0,,,,,,Bay of Plenty Region,Nil,2-way,Sealed,,0,0,,50,,Off,0,0,,23,Tauranga City,Give way,,,,,0,0,Urban,0,,,Fine,Null
1768793,5911603,9311,,523107,0,,0,2,,East,2009/2010,TI RAKAU DRIVE,BURSWOOD DRIVE W,,Non-Injury Crash,No,2009,,East,,0,,Flat,,,,,,Bright sun,711402,0,0,0,6,,,0,,,,,,Auckland Region,Nil,2-way,Sealed,,0,0,,60,,Off,0,0,,76,Auckland,Nil,,,,,0,0,Urban,0,,,Fine,Null
1756426,5927148,9312,,507900,0,,0,2,,South,2008/2009,SH 1N,NORTHCOTE OBR,,Non-Injury Crash,Yes,2009,,South,,0,,Flat,,,,,,Dark,303502,0,0,0,6,,,0,,,,,,Auckland Region,Nil,2-way,Sealed,,0,0,,100,,On,1,0,,76,Auckland,Nil,,,,,0,0,Open,0,,,Light rain,Null
1793228,5500529,9313,,564220,0,0,0,3,0,West,2008/2009,BATH ST,SH 1N,,Non-Injury Crash,No,2009,0,East,0,0,0,Flat,0,,0,,0,Bright sun,1869402,0,0,0,2,0,0,0,0,1,,0,0,Manawatū-Whanganui Region,Nil,2-way,Sealed,0,0,0,0,50,0,Null,0,0,,42,Horowhenua District,Nil,0,0,0,0,0,0,Urban,0,0,0,Fine,Null