X,Y,OBJECTID,advisorySpeed,areaUnitID,bicycle,bridge,bus,carStationWagon,cliffBank,crashDirectionDescription,crashFinancialYear,crashLocation1,crashLocation2,crashRoadSideRoad,crashSeverity,crashSHDescription,crashYear,debris,directionRoleDescription,ditch,fatalCount,fence,flatHill,guardRail,holiday,houseOrBuilding,intersection,kerb,light,meshblockId,minorInjuryCount,moped,motorcycle,NumberOfLanes,objectThrownOrDropped,otherObject,otherVehicleType,overBank,parkedVehicle,pedestrian,phoneBoxEtc,postOrPole,region,roadCharacter,roadLane,roadSurface,roadworks,schoolBus,seriousInjuryCount,slipOrFlood,speedLimit,strayAnimal,streetLight,suv,taxi,temporarySpeedLimit,tlaId,tlaName,trafficControl,trafficIsland,trafficSign,train,tree,truck,unknownVehicleType,urban,vanOrUtility,vehicle,waterRiver,weatherA,weatherB
1790105,5813166,9314,,527913,0,0,0,1,1,South,2009/2010,SH 39,WALSH ROAD,,Non-Injury Crash,Yes,2009,0,North,0,0,0,Flat,0,,0,,0,Twilight,978700,0,0,0,2,0,0,0,0,0,,0,0,Waikato Region,Nil,2-way,Sealed,0,0,0,0,100,0,None,0,0,,13,Waikato District,Unknown,0,0,0,0,0,0,Open,0,0,0,Fine,Null
1977261,5760191,9315,55,542904,0,0,0,1,1,North,2009/2010,SH 2,WAIATA ROAD,,Non-Injury Crash,Yes,2009,0,North,0,0,0,Hill Road,0,,0,,0,Overcast,1335700,0,0,0,2,0,0,0,0,0,,0,0,Bay of Plenty Region,Nil,2-way,Sealed,0,0,0,0,100,0,Null,0,0,,27,Ōpōtiki District,Unknown,0,0,0,0,0,0,Open,0,0,0,Light rain,Null
1819647,5856132,9316,,533901,0,0,0,1,0,South,2008/2009,SH 27,OTANE ST,,Non-Injury Crash,Yes,2009,0,North,0,0,0,Flat,1,,0,,0,Bright sun,1070000,0,0,0,2,0,0,0,0,0,,0,0,Waikato Region,Bridge,2-way,Sealed,0,0,0,0,100,0,Null,0,0,,12,Hauraki District,Unknown,0,0,0,0,0,0,Open,0,0,0,Fine,Null
1760116,5908830,9317,,524403,0,0,0,3,0,Null,2008/2009,WALMSLEY ROAD,MAHUNGA DRIVE,,Non-Injury Crash,No,2009,0,East,0,0,0,Flat,0,Queens Birthday,0,,0,Overcast,729500,0,0,0,4,0,0,0,0,0,,0,0,Auckland Region,Nil,2-way,Sealed,0,0,0,0,60,0,Off,0,0,,76,Auckland,Traffic Signals,0,0,0,0,0,0,Urban,0,1,0,Light rain,Null
1564245,5179218,9318,,587701,0,0,0,1,0,West,2009/2010,BLENHEIM ROAD,WATTS ROAD,,Minor Crash,No,2009,0,East,0,0,0,Flat,0,,0,,0,Overcast,2479800,1,0,0,4,0,0,0,0,1,,0,0,Canterbury Region,Nil,2-way,Sealed,0,0,0,0,60,0,Null,0,0,,60,Christchurch City,Unknown,0,0,0,0,0,0,Urban,0,0,0,Fine,Null
1987152,5786701,9319,,542906,0,0,0,1,0,East,2008/2009,SH 35,HEREMA ROAD,,Non-Injury Crash,Yes,2009,0,West,0,0,0,Flat,0,,0,,0,Overcast,1335200,0,0,0,2,0,0,0,0,0,,0,0,Bay of Plenty Region,Nil,2-way,Sealed,0,0,0,0,100,0,Null,0,0,,27,Ōpōtiki District,Stop,0,0,0,0,0,0,Open,0,0,0,Fine,Null
1759104,5916680,9320,,516001,0,,0,2,,South,2009/2010,MARKET ROAD,PATEY ST,,Non-Injury Crash,No,2009,,North,,0,,Flat,,,,,,Twilight,493800,0,0,0,2,,,0,,,,,,Auckland Region,Nil,2-way,Sealed,,0,0,,50,,On,1,0,,76,Auckland,Nil,,,,,0,0,Urban,0,,,Fine,Null
1718797,6051108,9321,,502102,0,,0,1,,Null,2009/2010,STATION ROAD,CORKS ROAD,,Non-Injury Crash,No,2009,,North,,0,,Hill Road,,,,,,Overcast,84200,0,0,0,2,,,0,,,,,,Northland Region,Nil,2-way,Sealed,,0,0,,50,,Off,0,0,,2,Whangarei District,Nil,,,,,0,0,Urban,0,,,Fine,Null
1803318,5797734,9322,,527935,0,0,0,1,0,South,2008/2009,SH 3,SOWERBY ROAD,,Non-Injury Crash,Yes,2009,0,North,0,0,1,Flat,0,,0,,0,Dark,986100,0,0,0,4,0,0,0,0,0,,0,1,Waikato Region,Nil,2-way,Sealed,0,0,0,0,100,0,None,0,0,,17,Waipa District,Unknown,0,0,0,0,0,0,Open,0,0,0,Light rain,Null
1795678,5799906,9323,,527914,0,0,0,0,1,South,2009/2010,MEADWAY ROAD,HAMS ROAD,,Non-Injury Crash,No,2009,0,North,0,0,0,Hill Road,0,,0,,0,Bright sun,980900,0,0,0,2,0,0,0,0,0,,0,0,Waikato Region,Nil,2-way,Sealed,0,0,0,0,100,0,Null,0,0,,17,Waipa District,Unknown,0,0,0,0,1,0,Open,0,0,0,Fine,Null
1617638,5424773,9324,,581723,0,0,0,5,0,North,2009/2010,MAIN ROAD STOKE,ELMS ST,,Serious Crash,No,2009,0,North,1,0,0,Flat,0,,0,,0,Bright sun,2359407,0,0,0,2,0,0,0,0,0,,0,0,Nelson Region,Nil,2-way,Sealed,0,0,2,0,50,0,Null,0,0,30,52,Nelson City,Nil,0,0,0,0,0,0,Urban,0,0,0,Fine,Null
1757687,5930056,9325,,507710,0,,0,2,,Null,2008/2009,BEACH ROAD,RAHOPARA ST,,Non-Injury Crash,No,2009,,North,,0,,Hill Road,,,,,,Overcast,313500,0,0,0,2,,,0,,,,,,Auckland Region,Nil,2-way,Sealed,,0,0,,50,,Null,0,0,,76,Auckland,Give way,,,,,0,0,Urban,0,,,Fine,Null
1791727,5832336,9326,,527123,0,0,0,1,0,South,2008/2009,GREAT SOUTH ROAD,FOX ROAD,,Non-Injury Crash,No,2009,0,North,1,0,0,Flat,0,,0,,0,Dark,950500,0,0,0,3,0,0,0,0,0,,0,0,Waikato Region,Nil,2-way,Sealed,0,0,0,0,100,0,None,0,0,,13,Waikato District,Nil,0,0,0,0,0,0,Open,0,0,0,Fine,Null
1731291,6016230,9327,55,501816,0,0,0,1,0,North,2009/2010,COVE ROAD,FLAGSTAFF TERRACE,,Non-Injury Crash,No,2009,0,North,0,0,1,Flat,0,,0,,0,Overcast,81100,0,0,0,2,0,0,0,0,0,,0,0,Northland Region,Nil,2-way,Sealed,0,0,0,0,100,0,None,0,0,,2,Whangarei District,Nil,0,0,0,0,0,0,Open,0,0,0,Heavy rain,Null
1768803,5900941,9328,,525001,0,,0,1,,South,2008/2009,GREAT SOUTH ROAD,HALVER ROAD,,Non-Injury Crash,No,2009,,South,,0,,Flat,,,,,,Bright sun,751600,0,0,0,2,,,0,,,,,,Auckland Region,Nil,2-way,Sealed,,0,0,,50,,Off,1,0,,76,Auckland,Nil,,,,,0,0,Urban,0,,,Fine,Null
1770246,5915460,9329,,522712,0,0,0,2,0,East,2008/2009,JANINE PLACE,MINARET DRIVE,,Non-Injury Crash,No,2009,0,South,0,0,0,Flat,0,,0,,0,Overcast,680900,0,0,0,2,0,0,0,0,1,,0,0,Auckland Region,Nil,1-way,Sealed,0,0,0,0,50,0,Off,0,0,,76,Auckland,Nil,0,0,0,0,0,0,Urban,0,0,0,Light rain,Null
1782739,5895269,9330,,521132,0,0,0,0,0,West,2009/2010,HUNUA ROAD,JOHN HILL ROAD,,Non-Injury Crash,No,2009,0,East,0,0,0,Flat,0,,0,,0,Overcast,816305,0,0,0,2,0,0,0,0,0,,0,0,Auckland Region,Nil,2-way,Sealed,0,0,0,0,100,0,Null,1,0,,76,Auckland,Unknown,0,0,0,1,0,0,Open,0,0,0,Light rain,Null
1692620,5674110,9331,,552400,0,0,0,1,0,West,2008/2009,TOTHILL ST,GLENPARK AVENUE,,Non-Injury Crash,No,2009,0,South,0,0,0,Flat,0,,1,,0,Bright sun,1573300,0,0,0,2,0,0,0,0,1,,0,0,Taranaki Region,Nil,2-way,Sealed,0,0,0,0,50,0,Null,1,0,,33,New Plymouth District,Nil,0,0,0,0,0,0,Urban,0,0,0,Fine,Null
1680903,6050683,9332,,501802,0,0,0,1,0,South,2008/2009,SH 15,OPOUTEKE ROAD,,Non-Injury Crash,Yes,2009,0,West,1,0,0,Flat,0,,0,,0,Twilight,66400,0,0,0,2,0,0,0,0,0,,0,0,Northland Region,Nil,2-way,Sealed,0,0,0,0,100,0,None,0,0,,2,Whangarei District,Nil,0,0,0,0,0,0,Open,0,0,0,Fine,Null
1772556,5896390,9333,,525420,0,,0,2,,North,2008/2009,EAST ST,ELLIOT ST,,Non-Injury Crash,No,2009,,North,,0,,Flat,,,,,,Dark,791600,0,0,0,2,,,0,,,,,,Auckland Region,Nil,2-way,Sealed,,0,0,,50,,On,0,0,,76,Auckland,Nil,,,,,0,0,Urban,0,,,Light rain,Null
1930038,5603954,9334,,548300,0,,0,2,,West,2008/2009,BEECH ST,RIVERSLEA ROAD SOUTH,,Non-Injury Crash,No,2009,,West,,0,,Flat,,,,,,Overcast,1502100,0,0,0,2,,,0,,,,,,Hawke's Bay Region,Nil,2-way,Sealed,,0,0,,50,,Null,0,0,,30,Hastings District,Nil,,,,,0,0,Urban,0,,,Fine,Null
1756774,5920184,9335,,514102,0,0,0,3,0,Null,2008/2009,COOK ST,NELSON ST,,Non-Injury Crash,No,2009,0,East,0,0,0,Hill Road,0,,0,,0,Dark,434500,0,0,0,5,0,0,0,0,1,,0,0,Auckland Region,Nil,2-way,Sealed,0,0,0,0,50,0,On,0,0,,76,Auckland,Traffic Signals,0,0,0,0,0,0,Urban,0,0,0,Heavy rain,Strong wind
1751597,5914211,9336,,514402,0,,0,2,,Null,2009/2010,BLOCKHOUSE BAY ROAD,WOLVERTON ST,,Non-Injury Crash,No,2009,,East,,0,,Flat,,,,,,Dark,380600,0,0,0,2,,,0,,,,,,Auckland Region,Nil,2-way,Sealed,,0,0,,50,,On,0,0,,76,Auckland,Give way,,,,,0,0,Urban,0,,,Fine,Frost
1748505,5961468,9337,,506613,0,,0,1,,Null,2008/2009,SH 1N,SCHOLLUM ACCESS ROAD,,Non-Injury Crash,Yes,2009,,South,,0,,Hill Road,,,,,,Bright sun,146800,0,0,0,3,,,0,,,,,,Auckland Region,Nil,2-way,Sealed,,0,0,,100,,Null,1,0,,76,Auckland,Nil,,,,,0,0,Open,0,,,Fine,Null
1768552,5913859,9338,,522723,0,0,0,2,0,West,2008/2009,ARCHMILLEN AVENUE,CASCADES ROAD,,Non-Injury Crash,No,2009,0,East,0,0,0,Flat,0,,0,,0,Dark,681900,0,0,0,2,0,0,0,0,0,,0,0,Auckland Region,Nil,2-way,Sealed,0,0,0,0,50,0,On,0,0,,76,Auckland,Unknown,0,0,0,0,0,0,Urban,0,1,0,Light rain,Null
1764188,5913855,9339,,520602,0,0,0,1,0,North,2008/2009,IRELAND ROAD,WAIPUNA ROAD,,Non-Injury Crash,No,2009,0,North,0,0,0,Hill Road,1,,0,,0,Dark,629100,0,0,0,2,0,0,0,0,0,,0,0,Auckland Region,Nil,2-way,Sealed,0,0,0,0,50,0,On,0,0,,76,Auckland,Nil,0,0,0,0,0,0,Urban,0,0,0,Fine,Null
1722036,6051163,9340,55,501814,0,0,0,0,1,West,2008/2009,NGUNGURU ROAD,HARRIS ROAD,,Non-Injury Crash,No,2009,0,East,0,0,0,Flat,0,,0,,0,Dark,62800,0,0,0,2,0,0,0,0,0,,0,0,Northland Region,Nil,2-way,Sealed,0,0,0,0,80,0,None,1,0,,2,Whangarei District,Unknown,0,0,0,0,0,0,Open,0,0,0,Light rain,Null
1753581,5927974,9341,,508210,0,,1,0,,North,2008/2009,GLENFIELD ROAD,KAIPATIKI ROAD,,Non-Injury Crash,No,2009,,North,,0,,Flat,,,,,,Bright sun,186500,0,0,0,2,,,0,,,,,,Auckland Region,Nil,2-way,Sealed,,0,0,,50,,Null,0,0,,76,Auckland,Unknown,,,,,0,0,Urban,1,,,Fine,Null
1720028,6052164,9342,,502001,0,0,0,1,0,South,2008/2009,VINEGAR HILL ROAD,RIVERSONG ROAD,,Non-Injury Crash,No,2009,0,East,0,0,1,Hill Road,0,,0,,0,Dark,63801,0,0,0,2,0,0,0,0,0,,0,0,Northland Region,Nil,2-way,Sealed,0,0,0,0,80,0,None,0,0,,2,Whangarei District,Unknown,0,0,0,0,0,0,Open,0,0,0,Light rain,Null
1884556,5773145,9343,,540510,0,0,0,2,0,Null,2009/2010,MALFROY ROAD,RANOLF ST,,Non-Injury Crash,No,2009,0,South,0,0,0,Flat,0,,0,,0,Dark,1241100,0,0,0,2,0,0,0,0,0,,0,0,Bay of Plenty Region,Nil,2-way,Sealed,0,0,0,0,50,0,On,0,0,,24,Rotorua District,Give way,1,1,0,0,0,0,Urban,0,0,0,Fine,Null
1764408,5904665,9344,,522100,0,,0,1,,South,2009/2010,WYLLIE ROAD,GIFFORD ROAD,,Non-Injury Crash,No,2009,,South,,0,,Flat,,,,,,Dark,659200,0,0,0,2,,,0,,,,,,Auckland Region,Nil,2-way,Sealed,,0,0,,50,,On,0,0,,76,Auckland,Nil,,,,,0,0,Urban,1,,,Fine,Null
1755600,5924643,9345,,509800,0,,0,2,,West,2009/2010,ONEWA ROAD,QUEEN ST,,Non-Injury Crash,No,2009,,East,,0,,Flat,,,,,,Dark,360300,0,0,0,2,,,0,,,,,,Auckland Region,Nil,2-way,Sealed,,0,0,,50,,On,0,0,,76,Auckland,Traffic Signals,,,,,0,0,Urban,0,,,Fine,Null
1862720,5711401,9346,,541311,0,,0,1,,East,2008/2009,MAPARA ROAD,ACACIA HEIGHTS DRIVE,,Non-Injury Crash,No,2009,,West,,0,,Hill Road,,,,,,Bright sun,1279406,0,0,0,2,,,0,,,,,,Waikato Region,Nil,2-way,Sealed,,0,0,,50,,Null,1,0,,21,Taupo District,Unknown,,,,,0,0,Urban,0,,,Fine,Null
1757824,5920081,9347,,514103,0,,0,2,,South,2009/2010,SYMONDS ST,GRAFTON ROAD,,Non-Injury Crash,No,2009,,North,,0,,Hill Road,,,,,,Twilight,437500,0,0,0,2,,,0,,,,,,Auckland Region,Nil,2-way,Sealed,,0,0,,50,,On,0,0,,76,Auckland,Nil,,,,,0,0,Urban,0,,,Fine,Null
1766331,5907432,9348,,522302,0,,0,3,,South,2009/2010,SH 1N,EAST TAMAKI OBR,,Non-Injury Crash,Yes,2009,,North,,0,,Flat,,,,,,Overcast,667700,0,0,0,6,,,0,,,,,,Auckland Region,Motorway ramp,2-way,Sealed,,0,0,,100,,Null,0,0,,76,Auckland,Unknown,,,,,0,0,Open,0,,,Light rain,Null
1767666,5900319,9349,,525101,0,,0,2,,East,2008/2009,WEYMOUTH ROAD,WORDSWORTH ROAD,,Non-Injury Crash,No,2009,,West,,0,,Flat,,,,,,Overcast,771800,0,0,0,2,,,0,,,,,,Auckland Region,Nil,2-way,Sealed,,0,0,,50,,Off,0,0,,76,Auckland,Give way,,,,,0,0,Urban,0,,,Fine,Null
1767055,5900065,9350,,525101,0,,0,1,,Null,2008/2009,ROWANDALE AVENUE,WEYMOUTH ROAD,,Non-Injury Crash,No,2009,,South,,0,,Hill Road,,,,,,Twilight,772903,0,0,0,2,,,0,,,,,,Auckland Region,Nil,2-way,Sealed,,0,0,,50,,Off,1,0,,76,Auckland,Nil,,,,,0,0,Urban,0,,,Fine,Null
1756056,5921064,9351,,515202,0,,0,2,,Null,2008/2009,FANSHAWE OFF SBD,SH 1N,,Non-Injury Crash,Yes,2009,,South,,0,,Flat,,,,,,Dark,425600,0,0,0,2,,,0,,,,,,Auckland Region,Motorway ramp,1-way,Sealed,,0,0,,80,,On,0,0,,76,Auckland,Nil,,,,,0,0,Open,0,,,Fine,Null
1878808,5821737,9352,,538102,0,,0,2,,West,2009/2010,SH 2A,SCANTLEBURY ST,,Non-Injury Crash,Yes,2009,,West,,0,,Hill Road,,,,,,Dark,1168800,0,0,0,4,,,0,,,,,,Bay of Plenty Region,Nil,2-way,Sealed,,0,0,,50,,On,0,0,,23,Tauranga City,Unknown,,,,,0,0,Urban,0,,,Fine,Null
1747868,5914381,9353,,511100,0,,0,2,,West,2009/2010,GREAT NORTH ROAD,BRANDON ROAD,,Non-Injury Crash,No,2009,,West,,0,,Flat,,,,,,Dark,285100,0,0,0,4,,,0,,,,,,Auckland Region,Nil,2-way,Sealed,,0,0,,50,,On,0,0,,76,Auckland,Traffic Signals,,,,,0,0,Urban,0,,,Heavy rain,Null
1570834,5192902,9354,,586501,0,0,0,0,0,West,2009/2010,Z WAIMAKARIRI RIVER BED,MAIN NORTH ROAD,,Minor Crash,No,2009,0,West,0,0,1,Flat,0,,0,,0,Bright sun,2456700,2,0,0,0,0,0,0,0,0,,0,0,Canterbury Region,Nil,Off road,Unsealed,0,0,0,0,50,0,Null,0,0,,59,Waimakariri District,Unknown,0,0,0,0,0,0,Urban,1,0,0,Fine,Null
1801840,5810997,9355,,529300,0,,0,2,,Null,2009/2010,HOUCHENS ROAD,SUNNYHILLS AVENUE,,Non-Injury Crash,No,2009,,North,,0,,Hill Road,,,,,,Bright sun,925303,0,0,0,2,,,0,,,,,,Waikato Region,Nil,2-way,Sealed,,0,0,,50,,Null,0,0,,16,Hamilton City,Give way,,,,,0,0,Urban,0,,,Mist or Fog,Null
1767164,5906610,9356,,522302,0,,0,2,,South,2009/2010,SH 1N,EAST TAMAKI OBR,,Non-Injury Crash,Yes,2009,,North,,0,,Flat,,,,,,Bright sun,670100,0,0,0,3,,,0,,,,,,Auckland Region,Nil,1-way,Sealed,,0,0,,100,,Off,0,0,,76,Auckland,Nil,,,,,0,0,Open,0,,,Fine,Null
1770796,5898491,9357,,523912,0,,0,2,,North,2008/2009,GREAT SOUTH ROAD,GRAHAM ROAD,,Non-Injury Crash,No,2009,,South,,0,,Hill Road,,,,,,Dark,767600,0,0,0,2,,,0,,,,,,Auckland Region,Nil,2-way,Sealed,,0,0,,50,,On,0,0,,76,Auckland,Nil,,,,,0,0,Urban,0,,,Light rain,Null
1893123,5812796,9358,,538502,0,0,0,1,0,Null,2008/2009,JELLICOE ST,OXFORD ST,,Non-Injury Crash,No,2009,0,North,0,0,0,Flat,0,,0,,0,Dark,1215600,0,0,0,2,0,0,0,0,0,,0,0,Bay of Plenty Region,Nil,2-way,Sealed,0,0,0,0,50,0,On,0,0,,22,Western Bay of Plenty District,Give way,0,1,0,0,0,0,Urban,0,0,0,Light rain,Null
1764991,5916788,9359,,520301,0,,0,1,,Null,2009/2010,MORRIN ROAD,MERTON ROAD,,Non-Injury Crash,No,2009,,North,,0,,Flat,,,,,,Bright sun,465302,0,0,0,4,,,0,,,,,,Auckland Region,Nil,2-way,Sealed,,0,0,,50,,Null,0,0,,76,Auckland,Give way,,,,,1,0,Urban,0,,,Fine,Null
1745242,5919193,9360,,513301,0,,0,1,,North,2008/2009,LINCOLN ROAD,POMARIA ROAD,,Non-Injury Crash,No,2009,,South,,0,,Flat,,,,,,Dark,232003,0,0,0,5,,,0,,,,,,Auckland Region,Nil,2-way,Sealed,,0,0,,50,,On,0,0,,76,Auckland,Traffic Signals,,,,,0,0,Urban,1,,,Light rain,Null
1748711,5970044,9361,,505500,0,,1,0,,South,2008/2009,SH 1N,WHITAKER ROAD,,Non-Injury Crash,Yes,2009,,South,,0,,Flat,,,,,,Bright sun,140500,0,0,0,2,,,0,,,,,,Auckland Region,Nil,2-way,Sealed,,1,0,,60,,Off,0,0,,76,Auckland,Nil,,,,,0,0,Urban,1,,,Fine,Null
1758270,5919724,9362,,515902,0,0,0,1,0,East,2009/2010,LOWER DOMAIN DRIVE,STANLEY ST,,Non-Injury Crash,No,2009,0,East,0,0,0,Hill Road,0,,0,,0,Overcast,451400,0,0,0,2,0,0,0,1,0,,0,0,Auckland Region,Nil,2-way,Sealed,0,0,0,0,30,0,Off,0,0,,76,Auckland,Nil,0,0,0,0,0,0,Urban,0,0,0,Fine,Null
1747359,5919627,9363,,512300,0,,0,2,,East,2008/2009,SH 16,TE ATATU OBR,,Non-Injury Crash,Yes,2009,,East,,0,,Flat,,,,,,Bright sun,252000,0,0,0,3,,,0,,,,,,Auckland Region,Nil,1-way,Sealed,,0,0,,100,,Null,0,0,,76,Auckland,Unknown,,,,,0,0,Open,0,,,Fine,Null
1751487,5932356,9364,,508807,0,,0,1,,Null,2008/2009,ROSEDALE ROAD,WILLIAM PICKERING DRIVE,,Non-Injury Crash,No,2009,,West,,0,,Flat,,,,,,Overcast,180206,0,0,0,2,,,0,,,,,,Auckland Region,Nil,2-way,Sealed,,0,0,,50,,Off,0,0,,76,Auckland,Give way,,,,,0,0,Urban,1,,,Fine,Null
2024017,5652106,9365,,545304,0,,0,1,,South,2008/2009,MAHIA EAST COAST ROAD,WAINUIORANGI ROAD,,Minor Crash,No,2009,,North,,0,,Flat,,,,,,Overcast,1401000,1,0,0,2,,,0,,,,,,Hawke's Bay Region,Nil,2-way,Unsealed,,0,0,,100,,Null,0,0,,29,Wairoa District,Nil,,,,,0,0,Open,1,,,Mist or Fog,Null
1759467,5916153,9366,,519200,0,0,0,2,0,South,2009/2010,GREAT SOUTH ROAD,ARATONGA AVENUE,,Non-Injury Crash,No,2009,0,North,0,0,0,Flat,0,,0,,0,Dark,615900,0,0,0,2,0,0,0,0,1,,0,0,Auckland Region,Nil,2-way,Sealed,0,0,0,0,50,0,On,0,0,,76,Auckland,Nil,0,0,0,0,0,0,Urban,0,0,0,Fine,Null
1755528,5924671,9367,,509800,0,,0,2,,Null,2008/2009,ONEWA ROAD,LAKE ROAD,,Non-Injury Crash,No,2009,,East,,0,,Flat,,,,,,Twilight,360200,0,0,0,4,,,0,,,,,,Auckland Region,Nil,2-way,Sealed,,0,0,,50,,Off,0,0,,76,Auckland,Traffic Signals,,,,,0,0,Urban,0,,,Fine,Null
1801732,5815386,9368,,530200,0,,0,3,,North,2009/2010,GREY ST,DAWSON ST,,Non-Injury Crash,No,2009,,South,,0,,Hill Road,,,,,,Bright sun,896200,0,0,0,2,,,0,,,,,,Waikato Region,Nil,2-way,Sealed,,0,0,,50,,Null,0,0,,16,Hamilton City,Unknown,,,,,0,0,Urban,0,,,Fine,Null
1743666,5919379,9369,,513212,0,,0,2,,Null,2008/2009,SWANSON ROAD,DON BUCK ROAD,,Non-Injury Crash,No,2009,,East,,0,,Flat,,,,,,Overcast,235711,0,0,0,4,,,0,,,,,,Auckland Region,Nil,2-way,Sealed,,0,0,,50,,Null,0,0,,76,Auckland,Give way,,,,,0,0,Urban,0,,,Fine,Null
1755426,5922026,9370,,515202,0,,0,2,,North,2008/2009,SH 1N,SHELLY OFF SBD,,Non-Injury Crash,Yes,2009,,South,,0,,Hill Road,,,,,,Bright sun,423600,0,0,0,5,,,0,,,,,,,Bridge,1-way,Sealed,,0,0,,80,,Null,0,0,,76,Auckland,Unknown,,,,,0,0,Open,0,,,Fine,Null
1767116,5905527,9371,,524603,0,,0,2,,East,2008/2009,REAGAN ROAD,GREAT SOUTH ROAD,,Non-Injury Crash,No,2009,,West,,0,,Flat,,,,,,Bright sun,671000,0,0,0,2,,,0,,,,,,Auckland Region,Nil,2-way,Sealed,,0,0,,50,,Null,0,0,,76,Auckland,Stop,,,,,0,0,Urban,0,,,Fine,Null
1500989,5143763,9372,,597730,0,0,0,1,0,North,2008/2009,MITCHAM ROAD,HEPBURNS ROAD,,Minor Crash,No,2009,0,North,0,0,1,Flat,0,,0,,0,Twilight,2747501,1,0,0,2,0,0,0,0,0,,0,0,Canterbury Region,Nil,2-way,Sealed,0,0,0,0,100,0,None,0,0,,63,Ashburton District,Unknown,0,0,0,0,0,0,Open,0,0,0,Fine,Null
1754954,5928607,9373,,508320,0,,0,1,,West,2008/2009,HILLSIDE ROAD,POLAND ROAD,,Non-Injury Crash,No,2009,,West,,0,,Hill Road,,,,,,Bright sun,196700,0,0,0,2,,,0,,,,,,Auckland Region,Nil,2-way,Sealed,,0,0,,50,,Off,1,0,,76,Auckland,Nil,,,,,0,0,Urban,0,,,Fine,Null
1189813,4880200,9374,,612730,0,,0,1,,South,2008/2009,SH 99,ALTON ROAD,,Serious Crash,Yes,2009,,North,,0,,Flat,,,,,,Bright sun,3192700,2,0,0,1,,,0,,,,,,Southland Region,Nil,2-way,Sealed,,0,1,,100,,Null,1,0,,73,Southland District,Nil,,,,,0,0,Open,0,,,Fine,Null
1760460,5908925,9375,,524403,0,,0,2,,Null,2008/2009,ROBERTSON ROAD,FAVONA ROAD,,Non-Injury Crash,No,2009,,North,,0,,Flat,,,,,,Dark,729500,0,0,0,2,,,0,,,,,,Auckland Region,Nil,2-way,Sealed,,0,0,,50,,On,0,0,,76,Auckland,Traffic Signals,,,,,0,0,Urban,0,,,Heavy rain,Null
1767228,5888089,9376,,521122,0,0,0,1,0,Null,2009/2010,SH 22,GLENBROOK ROAD,,Non-Injury Crash,Yes,2009,0,North,0,0,0,Flat,1,,0,,0,Overcast,812800,0,0,0,4,0,0,0,0,0,,0,0,Auckland Region,Nil,2-way,Sealed,0,0,0,0,100,0,Off,0,0,,76,Auckland,Give way,0,0,0,0,0,0,Open,0,0,0,Fine,Null
1754754,5917153,9377,,517701,0,0,0,3,0,South,2009/2010,AROHA AVENUE,KENNETH AVENUE,,Non-Injury Crash,No,2009,0,North,0,0,0,Hill Road,0,,0,,0,Dark,536400,0,0,0,2,0,0,0,0,2,,0,0,Auckland Region,Nil,2-way,Sealed,0,0,0,0,50,0,On,0,0,,76,Auckland,Nil,0,0,0,0,0,0,Urban,0,0,0,Light rain,Null
1743920,5919060,9378,,513220,0,,0,2,,Null,2008/2009,SWANSON ROAD,LARNOCH ROAD,,Non-Injury Crash,No,2009,,North,,0,,Flat,,Christmas New Year,,,,Overcast,236103,0,0,0,2,,,0,,,,,,Auckland Region,Nil,2-way,Sealed,,0,0,,50,,Off,0,0,,76,Auckland,Give way,,,,,0,0,Urban,0,,,Light rain,Null
1753494,5913053,9379,,518901,0,,0,2,,Null,2008/2009,WHITE SWANN ROAD,ELLIS AVENUE,,Non-Injury Crash,No,2009,,South,,0,,Hill Road,,,,,,Bright sun,584800,0,0,0,2,,,0,,,,,,Auckland Region,Nil,2-way,Sealed,,0,0,,50,,Null,0,0,,76,Auckland,Stop,,,,,0,0,Urban,0,,,Fine,Null
1756176,5913241,9380,,518701,0,0,0,2,0,West,2008/2009,CARR ROAD,HAYR ROAD,,Non-Injury Crash,No,2009,0,North,0,0,0,Flat,0,,0,,0,Bright sun,569800,0,0,0,2,0,0,0,0,1,,0,0,Auckland Region,Nil,2-way,Sealed,0,0,0,0,50,0,Null,0,0,,76,Auckland,Unknown,0,0,0,0,0,0,Urban,0,0,0,Fine,Null
1776108,5900506,9381,,523813,0,0,0,1,0,Null,2008/2009,MULLINS ROAD,AIRFIELD ROAD,,Non-Injury Crash,No,2009,0,East,0,0,1,Flat,0,,0,,0,Dark,761500,0,0,0,2,0,0,0,0,0,,0,0,Auckland Region,Nil,2-way,Sealed,0,0,0,0,100,0,None,0,0,,76,Auckland,Give way,0,0,0,0,0,0,Open,0,0,0,Fine,Null
1718029,6043357,9382,,503800,0,0,0,1,0,East,2008/2009,BETHELL PLACE,REEVES PLACE,,Non-Injury Crash,No,2009,0,South,0,0,1,Flat,0,,0,,0,Overcast,107802,0,0,0,2,0,0,0,0,0,,0,0,Northland Region,Nil,2-way,Sealed,0,0,0,0,50,0,Off,0,0,,2,Whangarei District,Give way,0,0,0,0,0,0,Urban,0,0,0,Fine,Null
1868534,5711314,9383,,541750,0,,0,2,,Null,2008/2009,LAKE TERRACE,HINERAU GROVE,,Non-Injury Crash,No,2009,,North,,0,,Flat,,,,,,Overcast,1267113,0,0,0,2,,,0,,,,,,Waikato Region,Nil,2-way,Sealed,,0,0,,50,,Off,0,0,,21,Taupo District,Give way,,,,,0,0,Urban,0,,,Fine,Null