X,Y,OBJECTID,advisorySpeed,areaUnitID,bicycle,bridge,bus,carStationWagon,cliffBank,crashDirectionDescription,crashFinancialYear,crashLocation1,crashLocation2,crashRoadSideRoad,crashSeverity,crashSHDescription,crashYear,debris,directionRoleDescription,ditch,fatalCount,fence,flatHill,guardRail,holiday,houseOrBuilding,intersection,kerb,light,meshblockId,minorInjuryCount,moped,motorcycle,NumberOfLanes,objectThrownOrDropped,otherObject,otherVehicleType,overBank,parkedVehicle,pedestrian,phoneBoxEtc,postOrPole,region,roadCharacter,roadLane,roadSurface,roadworks,schoolBus,seriousInjuryCount,slipOrFlood,speedLimit,strayAnimal,streetLight,suv,taxi,temporarySpeedLimit,tlaId,tlaName,trafficControl,trafficIsland,trafficSign,train,tree,truck,unknownVehicleType,urban,vanOrUtility,vehicle,waterRiver,weatherA,weatherB
1759224,5916708,9384,,516001,0,,0,1,,South,2008/2009,SH 1N,MARKET OBR,,Non-Injury Crash,Yes,2009,,North,,0,,Flat,,,,,,Overcast,491700,0,0,0,3,,,0,,,,,,Auckland Region,Nil,1-way,Sealed,,0,0,,100,,Null,1,0,,76,Auckland,Unknown,,,,,0,0,Open,0,,,Light rain,Null
1761686,5906547,9385,,524112,0,,0,2,,North,2009/2010,MASSEY ON NBD,MASSEY ROAD,,Non-Injury Crash,Yes,2009,,North,,0,,Flat,,,,,,Twilight,742300,0,0,0,2,,,0,,,,,,Auckland Region,Motorway ramp,2-way,Sealed,,0,0,,100,,On,0,0,,76,Auckland,Traffic Signals,,,,,0,0,Open,0,,,Light rain,Null
1756159,5912802,9386,,518701,0,0,0,2,0,South,2009/2010,OLSEN AVENUE,LITTLEJOHN ST,,Non-Injury Crash,No,2009,0,North,0,0,0,Flat,0,,0,,0,Bright sun,572001,0,0,0,2,0,0,0,0,1,,0,0,Auckland Region,Nil,2-way,Sealed,0,0,0,0,50,0,Off,0,0,,76,Auckland,Nil,0,0,0,0,0,0,Urban,0,0,0,Fine,Null
1800804,5813040,9387,,530400,0,,0,1,,East,2008/2009,SH 1N,SH 3,,Non-Injury Crash,Yes,2009,,East,,0,,Flat,,,,,,Bright sun,921900,0,0,0,2,,,0,,,,,,Waikato Region,Nil,2-way,Sealed,,0,0,,50,,Null,0,0,,16,Hamilton City,Unknown,,,,,1,0,Urban,0,,,Fine,Null
1839495,5856347,9388,,534200,0,,0,2,,South,2009/2010,SH 2,RAHU ROAD N,,Non-Injury Crash,Yes,2009,,North,,0,,Flat,,,,,,Bright sun,1076400,0,0,0,2,,,0,,,,,,Waikato Region,Nil,2-way,Sealed,,0,0,,100,,Null,0,0,30,12,Hauraki District,Unknown,,,,,0,0,Open,0,,,Fine,Null
1751607,5913876,9389,,514402,0,,0,1,,Null,2009/2010,BLOCKHOUSE BAY ROAD,HOLBROOK ST,,Non-Injury Crash,No,2009,,South,,0,,Hill Road,,,,,,Overcast,378303,0,0,0,2,,,0,,,,,,Auckland Region,Nil,2-way,Sealed,,0,0,,50,,Null,0,0,,76,Auckland,Give way,,,,,0,0,Urban,1,,,Fine,Null
1792035,5763737,9390,,531304,0,0,0,1,0,South,2008/2009,OLD TE KUITI ROAD,PUKETAWAI ROAD,,Non-Injury Crash,No,2009,0,South,0,0,1,Flat,0,,0,,0,Dark,1003300,0,0,0,2,0,0,0,0,0,,0,0,Waikato Region,Nil,2-way,Sealed,0,0,0,0,100,0,None,0,0,,18,Ōtorohanga District,Nil,0,0,0,0,0,0,Open,0,0,0,Fine,Null
1763908,5912466,9391,,520500,0,,0,2,,North,2008/2009,MOUNT WELLINGTON HIGHWAY,SYLVIA PARK ROAD,,Non-Injury Crash,No,2009,,South,,0,,Flat,,,,,,Bright sun,637300,0,0,0,2,,,0,,,,,,Auckland Region,Nil,1-way,Sealed,,0,0,,50,,Null,0,0,,76,Auckland,Give way,,,,,0,0,Urban,0,,,Fine,Null
1768693,5902975,9392,,523820,0,,0,1,,North,2009/2010,SH 1N,HILL OBR,,Non-Injury Crash,Yes,2009,,South,,0,,Flat,,,,,,Overcast,760121,0,0,0,3,,,0,,,,,,Auckland Region,Nil,1-way,Sealed,,0,0,,100,,Off,0,0,,76,Auckland,Nil,,,,,0,0,Open,1,,,Heavy rain,Null
1890639,5818790,9393,,536642,0,0,0,1,0,North,2008/2009,TE PUKE HIGHWAY,BELL ROAD,,Non-Injury Crash,No,2009,0,South,1,0,0,Flat,0,,0,,0,Overcast,1206501,0,0,0,3,0,0,0,0,0,,0,0,Bay of Plenty Region,Nil,2-way,Sealed,0,0,0,0,100,0,Off,0,0,,22,Western Bay of Plenty District,Nil,0,0,0,0,0,0,Open,0,0,0,Fine,Null
1823289,5463318,9394,,578700,0,,0,2,,West,2008/2009,RENALL ST,SH 2,,Non-Injury Crash,No,2009,,East,,0,,Flat,,,,,,Dark,2236900,0,0,0,2,,,0,,,,,,Wellington Region,Nil,2-way,Sealed,,0,0,,50,,On,0,0,,48,Masterton District,Nil,,,,,0,0,Urban,0,,,Fine,Null
1189847,4876491,9395,,612500,0,,0,1,,Null,2008/2009,SH 99,JENKINS ROAD,,Minor Crash,Yes,2009,,South,,0,,Flat,,,,,,Bright sun,3194800,2,0,0,1,,,0,,,,,,Southland Region,Nil,2-way,Sealed,,0,0,,50,,Null,1,0,,73,Southland District,Nil,,,,,0,0,Urban,0,,,Fine,Null
1788013,5857509,9396,,527210,0,0,0,1,0,South,2008/2009,SH 1N,PLANTATION ROAD,,Non-Injury Crash,Yes,2009,0,North,0,0,0,Flat,1,,0,,0,Bright sun,936001,0,0,0,3,0,0,0,0,0,,0,0,Waikato Region,Nil,2-way,Sealed,0,0,0,0,100,0,Null,0,0,,13,Waikato District,Unknown,0,0,0,0,0,0,Open,0,0,0,Fine,Null
1770089,5900149,9397,,523817,0,0,0,1,1,Null,2009/2010,SHIFNAL DRIVE,HYPERION DRIVE,,Non-Injury Crash,No,2009,0,West,0,0,0,Flat,0,,0,,0,Bright sun,759738,0,0,0,2,0,0,0,0,0,,0,0,Auckland Region,Nil,2-way,Sealed,0,0,0,0,50,0,Off,0,0,,76,Auckland,Stop,0,1,0,0,0,0,Urban,0,0,0,Fine,Null
1892978,5812903,9398,,538502,0,,0,2,,East,2009/2010,JELLICOE ST,JOCELYN ST,,Non-Injury Crash,No,2009,,West,,0,,Flat,,,,,,Bright sun,1215500,0,0,0,4,,,0,,,,,,Bay of Plenty Region,Nil,2-way,Sealed,,0,0,,50,,Null,0,0,,22,Western Bay of Plenty District,Give way,,,,,0,0,Urban,0,,,Fine,Null
1761042,5915079,9399,,520201,0,,0,2,,Null,2008/2009,SH 1N,MAIN OBR,,Non-Injury Crash,Yes,2009,,North,,0,,Flat,,,,,,Bright sun,613500,0,0,0,3,,,0,,,,,,Auckland Region,Nil,1-way,Sealed,,0,0,,100,,Off,0,0,,76,Auckland,Nil,,,,,0,0,Open,1,,,Fine,Null
1797783,5819934,9400,,528320,0,,0,2,,East,2009/2010,WAIRERE DRIVE,PUKETE ROAD,,Non-Injury Crash,No,2009,,East,,0,,Flat,,,,,,Overcast,897202,0,0,0,2,,,0,,,,,,Waikato Region,Nil,2-way,Sealed,,0,0,,80,,Off,0,0,,16,Hamilton City,Nil,,,,,0,0,Open,0,,,Light rain,Null
1769043,5911542,9401,,523107,0,,0,2,,Null,2009/2010,TI RAKAU DRIVE,HARRIS ROAD,,Non-Injury Crash,No,2009,,East,,0,,Flat,,,,,,Dark,711402,0,0,0,4,,,0,,,,,,Auckland Region,Nil,2-way,Sealed,,0,0,,50,,On,0,0,,76,Auckland,Traffic Signals,,,,,0,0,Urban,0,,,Fine,Null
1850007,5732008,9402,,541320,0,,0,1,,East,2008/2009,POIHIPI ROAD,MAROTIRI ROAD,,Non-Injury Crash,No,2009,,West,,0,,Hill Road,,,,,,Dark,1293800,0,0,0,2,,,0,,,,,,Waikato Region,Nil,2-way,Sealed,,0,0,,100,,None,1,0,,21,Taupo District,Unknown,,,,,0,0,Open,0,,,Fine,Null
1744023,5916103,9403,,510800,0,0,0,2,0,North,2009/2010,BORDER ROAD,TARANUI PLACE,,Non-Injury Crash,No,2009,0,South,0,0,0,Flat,0,,0,,0,Dark,242200,0,0,0,2,0,0,0,0,1,,0,0,Auckland Region,Nil,2-way,Sealed,0,0,0,0,50,0,On,0,0,,76,Auckland,Nil,0,0,0,0,0,0,Urban,0,0,0,Fine,Null
1769106,5902534,9404,,523814,0,,0,1,,South,2008/2009,SH 1N,ORAMS OBR,,Non-Injury Crash,Yes,2009,,South,,0,,Flat,,,,,,Twilight,760701,0,0,0,3,,,0,,,,,,Auckland Region,Nil,1-way,Sealed,,0,0,,100,,Off,1,0,,76,Auckland,Nil,,,,,0,0,Open,0,,,Mist or Fog,Null
1300095,5006258,9405,,608302,0,0,0,1,0,North,2009/2010,SH 6,SH 8B,,Minor Crash,Yes,2009,0,South,0,0,0,Flat,0,,0,,0,Dark,3031401,1,0,0,2,0,0,0,0,0,,0,0,Otago Region,Nil,2-way,Sealed,0,0,0,0,100,0,None,0,0,,69,Central Otago District,Unknown,0,1,0,0,0,0,Open,0,0,0,Light rain,Null
1695862,5676349,9406,,551012,0,0,0,1,0,West,2008/2009,QUEENS ROAD,HILLCREST ST,,Non-Injury Crash,No,2009,0,South,0,0,1,Hill Road,0,Easter,0,,0,Twilight,1559900,0,0,0,2,0,0,0,1,0,,0,0,Taranaki Region,Nil,2-way,Sealed,0,0,0,0,50,0,Off,0,0,,33,New Plymouth District,Nil,0,0,0,0,0,0,Urban,0,0,0,Fine,Null
1873584,5715422,9407,,541344,0,0,0,0,0,North,2008/2009,BROADLANDS ROAD,CENTENNIAL DRIVE,,Non-Injury Crash,No,2009,0,South,0,0,1,Flat,0,,0,,0,Overcast,1279901,0,0,0,2,0,0,0,1,0,,0,0,Waikato Region,Nil,2-way,Sealed,0,0,0,0,100,0,Null,1,0,,21,Taupo District,Unknown,0,0,0,0,0,0,Open,0,0,0,Fine,Null
1820993,5871585,9408,,533800,0,,0,1,,East,2009/2010,SH 2,DARLINGTON ST,,Non-Injury Crash,Yes,2009,,East,,0,,Flat,,,,,,Bright sun,1068200,0,0,0,1,,,0,,,,,,Waikato Region,Nil,2-way,Sealed,,0,0,,50,,Null,0,0,,12,Hauraki District,Nil,,,,,0,0,Urban,1,,,Fine,Null
1749544,5914153,9409,,511301,0,,0,2,,Null,2008/2009,RATA ST,RIMU ST,,Non-Injury Crash,No,2009,,North,,0,,Flat,,,,,,Bright sun,267602,0,0,0,4,,,0,,,,,,Auckland Region,Nil,2-way,Sealed,,0,0,,50,,Null,0,0,,76,Auckland,Give way,,,,,0,0,Urban,0,,,Fine,Null
1719963,6045043,9410,,503100,0,,0,1,,Null,2008/2009,COMMERCE ST,OKARA DRIVE,,Non-Injury Crash,No,2009,,South,,0,,Flat,,,,,,Twilight,101700,0,0,0,3,,,0,,,,,,Northland Region,Nil,2-way,Sealed,,0,0,,50,,On,1,0,,2,Whangarei District,Give way,,,,,0,0,Urban,0,,,Fine,Null
1719335,6045479,9411,,503100,0,,0,1,,Null,2008/2009,WALTON ST,RAILWAY ROAD,,Non-Injury Crash,No,2009,,West,,0,,Flat,,,,,,Bright sun,100400,0,0,1,2,,,0,,,,,,Northland Region,Nil,1-way,Sealed,,0,0,,50,,Null,0,0,,2,Whangarei District,Give way,,,,,0,0,Urban,0,,,Fine,Null
1758016,5914075,9412,,518600,0,0,0,2,0,South,2009/2010,GOLDSTINE PLACE,GOODLAND ST,,Non-Injury Crash,No,2009,0,North,0,0,0,Flat,0,,0,,0,Bright sun,566800,0,0,0,2,0,0,0,0,1,,0,0,Auckland Region,Nil,2-way,Sealed,0,0,0,0,50,0,Off,0,0,,76,Auckland,Nil,0,0,0,0,0,0,Urban,0,0,0,Fine,Null
1766015,5907743,9413,,522301,0,,0,2,,North,2008/2009,SH 1N,OTARA ON NBD,,Non-Injury Crash,Yes,2009,,North,,0,,Flat,,,,,,Overcast,666700,0,0,0,3,,,0,,,,,,Auckland Region,Motorway ramp,2-way,Sealed,,0,0,,100,,Off,0,0,,76,Auckland,Nil,,,,,0,0,Open,1,,,Fine,Null
1801503,5813925,9414,,530300,0,0,0,1,0,South,2008/2009,JELLICOE DRIVE,PLUNKET TERRACE N,,Non-Injury Crash,No,2009,0,South,0,0,0,Flat,0,,0,,0,Bright sun,880400,0,0,0,2,0,0,1,0,1,,0,0,Waikato Region,Nil,2-way,Sealed,0,0,0,0,50,0,Null,0,0,,16,Hamilton City,Unknown,0,0,0,0,0,0,Urban,0,0,0,Fine,Null
1846083,5810599,9415,,535220,0,0,0,1,0,South,2009/2010,SH 24,GARLAND ST,,Non-Injury Crash,Yes,2009,0,North,0,0,0,Flat,0,,0,,0,Bright sun,1112903,0,0,0,2,0,0,0,0,0,,0,1,Waikato Region,Nil,1-way,Sealed,0,0,0,0,80,0,None,0,0,,15,Matamata-Piako District,Nil,0,0,0,0,0,0,Open,0,0,0,Fine,Null
1671474,6079717,9416,,501634,0,0,0,0,0,North,2008/2009,SH 12,WAIMATENUI ROAD,,Non-Injury Crash,Yes,2009,0,South,0,0,1,Flat,0,,0,,0,Overcast,38200,0,0,0,2,0,0,0,0,0,,0,0,Northland Region,Nil,2-way,Sealed,0,0,0,0,100,0,None,0,0,,1,Far North District,Nil,0,0,0,0,0,0,Open,1,0,0,Fine,Null
1710743,6041668,9417,45,501810,0,0,0,1,0,East,2009/2010,SH 15,SH 14,,Non-Injury Crash,Yes,2009,0,East,1,0,0,Flat,0,,0,,0,Dark,72102,0,0,0,2,0,0,0,0,0,,0,0,Northland Region,Nil,2-way,Sealed,0,0,0,0,100,0,None,0,0,,2,Whangarei District,Nil,0,0,0,0,0,0,Open,0,0,0,Light rain,Null
1405626,4917052,9418,,603000,0,,0,1,,Null,2008/2009,ARTHUR ST,CARGILL ST,,Minor Crash,No,2009,,South,,0,,Hill Road,,,,,,Dark,2898800,1,1,0,2,,,0,,,,,,Otago Region,Nil,2-way,Sealed,,0,0,,50,,On,0,0,,71,Dunedin City,Give way,,,,,0,0,Urban,0,,,Heavy rain,Null
1800882,5812655,9419,,530400,0,,0,2,,Null,2008/2009,SH 3,SH3 ON RAMP,,Non-Injury Crash,Yes,2009,,South,,0,,Flat,,,,,,Bright sun,923400,0,0,0,2,,,0,,,,,,Waikato Region,Nil,2-way,Sealed,,0,0,,50,,Null,0,0,,16,Hamilton City,Give way,,,,,0,0,Urban,0,,,Fine,Null
1787657,5759510,9420,,531720,0,0,0,1,1,North,2009/2010,SH 3,OPARURE ROAD,,Non-Injury Crash,Yes,2009,0,North,1,0,0,Flat,0,,0,,0,Dark,1010701,0,0,0,3,0,0,0,0,0,,0,0,Waikato Region,Nil,2-way,Sealed,0,0,0,0,100,0,None,0,0,,20,Waitomo District,Unknown,0,0,0,0,0,0,Open,0,0,0,Fine,Null
1769060,5901999,9421,,524901,0,0,0,2,0,North,2009/2010,DAVID AVENUE,GRANDE VUE ROAD,,Non-Injury Crash,No,2009,0,South,0,0,0,Flat,0,,0,,0,Dark,755400,0,0,0,2,0,0,0,0,1,,0,0,Auckland Region,Nil,2-way,Sealed,0,0,0,0,50,0,On,0,0,,76,Auckland,Give way,0,0,0,0,0,0,Urban,0,0,0,Fine,Null
1799367,5814531,9422,,528900,0,,0,1,,West,2008/2009,KILLARNEY ROAD,ELLIS ST,,Non-Injury Crash,No,2009,,East,,0,,Flat,,,,,,Twilight,916102,0,0,0,2,,,0,,,,,,Waikato Region,Nil,2-way,Sealed,,0,0,,50,,Off,1,0,,16,Hamilton City,Nil,,,,,0,0,Urban,0,,,Fine,Null
1756284,5927445,9423,,507900,0,,0,1,,South,2008/2009,SH 1N,NORTHCOTE OFF SBD,,Non-Injury Crash,Yes,2009,,South,,0,,Flat,,,,,,Bright sun,305202,0,0,1,3,,,0,,,,,,Auckland Region,Nil,1-way,Sealed,,0,0,,100,,Off,0,0,,76,Auckland,Nil,,,,,0,0,Open,0,,,Fine,Null
1761603,5436900,9424,,568402,0,,0,2,,Null,2008/2009,HIGH ST,MILITARY ROAD,,Non-Injury Crash,No,2009,,West,,0,,Flat,,,,,,Twilight,1942200,0,0,0,2,,,0,,,,,,Wellington Region,Nil,2-way,Sealed,,0,0,,50,,Off,0,0,,46,Lower Hutt City,Give way,,,,,0,0,Urban,0,,,Fine,Null
1404968,4914167,9425,,604210,1,,0,0,,Null,2008/2009,HILLSIDE ROAD,SURREY ST,,Minor Crash,No,2009,,East,,0,,Flat,,,,,,Bright sun,2913300,1,0,0,2,,,0,,,,,,Otago Region,Nil,2-way,Sealed,,0,0,,50,,Null,1,0,,71,Dunedin City,Stop,,,,,0,0,Urban,0,,,Fine,Null
1748718,5912713,9426,,511401,0,,0,2,,Null,2008/2009,SEABROOK AVENUE,PARKER AVENUE,,Non-Injury Crash,No,2009,,West,,0,,Flat,,,,,,Dark,261900,0,0,0,2,,,0,,,,,,Auckland Region,Nil,2-way,Sealed,,0,0,,50,,On,0,0,,76,Auckland,Stop,,,,,0,0,Urban,0,,,Heavy rain,Null
1803321,5798182,9427,,527935,0,0,0,1,0,South,2008/2009,SH 3,SOWERBY ROAD,,Non-Injury Crash,Yes,2009,0,South,0,0,1,Flat,0,,0,,0,Overcast,986100,0,0,0,4,0,0,0,0,0,,0,0,Waikato Region,Nil,2-way,Sealed,0,0,0,0,100,0,Null,0,0,,17,Waipa District,Unknown,0,0,0,0,0,0,Open,0,0,0,Fine,Null
1751152,5915483,9428,,514401,0,,0,2,,West,2008/2009,ROSEBANK ROAD,GREAT NORTH ROAD,,Non-Injury Crash,No,2009,,East,,0,,Flat,,,,,,Overcast,381802,0,0,0,2,,,0,,,,,,Auckland Region,Nil,2-way,Sealed,,0,0,,50,,Off,0,0,,76,Auckland,Nil,,,,,0,0,Urban,0,,,Fine,Null
1768904,5880742,9429,,525922,0,,0,2,,Null,2009/2010,JOHN ST,HARRIS ST,,Non-Injury Crash,No,2009,,North,,0,,Flat,,,,,,Bright sun,824100,0,0,0,2,,,0,,,,,,Auckland Region,Nil,2-way,Sealed,,0,0,,50,,Null,0,0,,76,Auckland,Give way,,,,,0,0,Urban,0,,,Fine,Null
1754465,5924790,9430,,510500,0,,0,2,,West,2008/2009,ONEWA ROAD,PARK AVENUE,,Non-Injury Crash,No,2009,,West,,0,,Flat,,,,,,Overcast,356002,0,0,0,2,,,0,,,,,,Auckland Region,Nil,2-way,Sealed,,0,0,,50,,Off,0,0,,76,Auckland,Nil,,,,,0,0,Urban,0,,,Light rain,Null
1792491,5446887,9431,,579803,0,,0,0,,Null,2008/2009,SH 2,RIMUTAKA NO4 BR,,Non-Injury Crash,Yes,2009,,South,,0,,Flat,,,,,,Overcast,2271902,0,0,0,2,,,0,,,,,,Wellington Region,Bridge,2-way,Sealed,,0,0,,100,,Null,0,0,,50,South Wairarapa District,Nil,,,,,0,0,Open,1,,,Light rain,Null
1949888,5791196,9432,,542440,0,,0,2,,Null,2009/2010,KING ST,HAIG ST,,Non-Injury Crash,No,2009,,South,,0,,Flat,,,,,,Bright sun,1307700,0,0,0,2,,,0,,,,,,Bay of Plenty Region,Nil,2-way,Sealed,,0,0,,50,,Null,0,0,,25,Whakatane District,Give way,,,,,0,0,Urban,0,,,Fine,Null
1753419,5946069,9433,,505906,0,0,0,1,0,East,2008/2009,WHANGAPARAOA ROAD,SHADON PLACE,,Non-Injury Crash,No,2009,0,East,0,0,0,Flat,0,,0,,0,Dark,173306,0,0,0,2,0,0,0,0,1,,0,0,Auckland Region,Nil,2-way,Sealed,0,0,0,0,60,0,On,0,0,,76,Auckland,Nil,0,0,0,0,0,0,Urban,1,0,0,Heavy rain,Null
1345448,4846741,9434,,607300,0,,0,0,,West,2009/2010,HINA HINA ROAD,JACKS BAY ROAD,,Minor Crash,No,2009,,West,,0,,Flat,,Christmas New Year,,,,Bright sun,2999102,6,0,0,1,,,0,,,,,,Otago Region,Nil,2-way,Unsealed,,0,0,,100,,Null,1,0,,72,Clutha District,Unknown,,,,,0,0,Open,1,,,Fine,Null
1755234,5929840,9435,,508420,0,,0,4,,South,2008/2009,SH 1N,SUNNYNOOK OBR,,Non-Injury Crash,Yes,2009,,North,,0,,Flat,,,,,,Dark,183800,0,0,0,3,,,0,,,,,,Auckland Region,Nil,2-way,Sealed,,0,0,,100,,On,1,0,,76,Auckland,Unknown,,,,,0,0,Open,0,,,Light rain,Null
1806548,5510742,9436,,564021,0,0,0,1,0,North,2008/2009,SH 57,KARA ROAD,,Non-Injury Crash,Yes,2009,0,North,1,0,0,Flat,0,,0,,0,Dark,1853900,0,0,0,2,0,0,0,0,0,,0,0,Manawatū-Whanganui Region,Nil,2-way,Unsealed,0,0,0,0,100,0,None,0,0,30,42,Horowhenua District,Nil,0,0,0,0,0,0,Open,0,0,0,Fine,Null
1761513,5914187,9437,,520202,0,,0,1,,South,2008/2009,SH 1N,PENROSE INT S,,Non-Injury Crash,Yes,2009,,South,,0,,Flat,,Christmas New Year,,,,Bright sun,612700,0,0,0,3,,,0,,,,,,Auckland Region,Nil,1-way,Sealed,,0,0,,100,,Off,0,0,,76,Auckland,Nil,,,,,0,0,Open,0,,,Fine,Null
1686404,6103383,9438,,500900,0,,0,2,,West,2009/2010,WAIPAPA ROAD,BLUE MARLIN DRIVE,,Non-Injury Crash,No,2009,,East,,0,,Flat,,,,,,Bright sun,44606,0,0,0,2,,,0,,,,,,Northland Region,Nil,2-way,Sealed,,0,0,,80,,None,0,0,,1,Far North District,Nil,,,,,0,0,Open,0,,,Fine,Null
1750406,5914452,9439,,511303,0,,0,2,,Null,2009/2010,GREAT NORTH ROAD,STOCK ST,,Non-Injury Crash,No,2009,,East,,0,,Flat,,,,,,Bright sun,266200,0,0,0,4,,,0,,,,,,Auckland Region,Nil,2-way,Sealed,,0,0,,50,,Null,0,0,,76,Auckland,Nil,,,,,0,0,Urban,0,,,Fine,Null
1749480,5913912,9440,,511303,0,,0,1,,East,2009/2010,GREAT NORTH ROAD,RATA ST,,Non-Injury Crash,No,2009,,West,,0,,Hill Road,,,,,,Dark,264901,0,0,0,6,,,0,,,,,,Auckland Region,Nil,2-way,Sealed,,0,0,,50,,On,1,0,,76,Auckland,Nil,,,,,0,0,Urban,0,,,Fine,Null
1243530,4847720,9441,,611700,0,,0,2,,Null,2008/2009,SCANDRETT ST,NESS ST,,Minor Crash,No,2009,,South,,0,,Flat,,,,,,Overcast,3113600,1,0,0,2,,,0,,,,,,Southland Region,Nil,2-way,Sealed,,0,0,,50,,Null,0,0,,75,Invercargill City,Give way,,,,,0,0,Urban,0,,,Fine,Null
1765807,5908102,9442,,523402,0,,0,2,,North,2008/2009,SH 1N,OTARA OFF SBD,,Non-Injury Crash,Yes,2009,,South,,0,,Flat,,,,,,Twilight,699000,0,0,0,2,,,0,,,,,,Auckland Region,Nil,1-way,Sealed,,0,0,,70,,Off,0,0,,76,Auckland,Nil,,,,,0,0,Urban,0,,,Light rain,Null
1977096,5761670,9443,,542904,0,,0,1,,South,2009/2010,SH 2,TAURANGA STM BR,,Non-Injury Crash,Yes,2009,,North,,0,,Flat,,,,,,Overcast,1335700,0,0,0,2,,,0,,,,,,Bay of Plenty Region,Nil,2-way,Sealed,,0,0,,100,,Null,0,0,,27,Ōpōtiki District,Unknown,,,,,1,0,Open,0,,,Light rain,Null
1772349,5914240,9444,,521602,0,,0,2,,Null,2009/2010,COOK ST,MINERVA TERRACE,,Non-Injury Crash,No,2009,,West,,0,,Flat,,,,,,Bright sun,649800,0,0,0,2,,,0,,,,,,Auckland Region,Nil,2-way,Sealed,,0,0,,50,,None,0,0,,76,Auckland,Give way,,,,,0,0,Urban,0,,,Fine,Null
1623953,6115961,9445,,500302,0,1,0,1,0,West,2009/2010,DONALD ROAD,ALLEN BELL DRIVE,,Non-Injury Crash,No,2009,0,East,0,0,0,Flat,0,,0,,0,Dark,13205,0,0,0,1,0,0,0,0,0,,0,0,Northland Region,Bridge,1-way,Sealed,0,0,0,0,50,0,On,0,0,,1,Far North District,Nil,0,0,0,0,0,0,Urban,0,0,0,Light rain,Null
1878765,5822274,9446,,538102,0,0,0,3,0,East,2009/2010,THIRTEENTH AVENUE,FRASER ST,,Non-Injury Crash,No,2009,0,West,0,0,0,Flat,0,,0,,0,Overcast,1168400,0,0,0,2,0,0,0,0,2,,0,0,Bay of Plenty Region,Nil,2-way,Sealed,0,0,0,0,50,0,Null,0,0,,23,Tauranga City,Unknown,0,0,0,0,0,0,Urban,0,0,0,Fine,Null
1760874,5916744,9447,,516202,0,,0,1,,Null,2008/2009,REMUERA ROAD,WAIRUA ROAD,,Non-Injury Crash,No,2009,,West,,0,,Flat,,,,,,Overcast,489700,0,0,0,4,,,0,,,,,,Auckland Region,Nil,2-way,Sealed,,0,0,,50,,Off,1,0,,76,Auckland,Nil,,,,,0,0,Urban,0,,,Fine,Null
1813648,5825835,9448,,527125,0,,0,1,,Null,2008/2009,PIAKO ROAD,WAVERLEY ROAD,,Non-Injury Crash,No,2009,,East,,0,,Flat,,,,,,Bright sun,954500,0,0,0,2,,,0,,,,,,Waikato Region,Nil,2-way,Sealed,,0,0,,100,,Off,0,0,,13,Waikato District,Give way,,,,,1,0,Open,0,,,Fine,Null
1924393,5607761,9449,,548612,0,0,0,1,0,Null,2008/2009,DIAZ DRIVE,KINGSLEY DRIVE,,Non-Injury Crash,No,2009,0,East,0,0,1,Flat,0,,0,,0,Bright sun,1474109,0,0,0,2,0,0,0,0,0,,0,0,Hawke's Bay Region,Nil,2-way,Sealed,0,0,0,0,50,0,Null,0,0,,30,Hastings District,Nil,0,0,0,0,0,0,Urban,0,0,0,Fine,Null
1759331,5918035,9450,,516101,0,0,0,1,0,South,2009/2010,HAPUA ST,WILES AVENUE,,Non-Injury Crash,No,2009,0,North,0,0,0,Flat,0,,0,,0,Overcast,482202,0,0,0,2,0,0,0,0,1,,0,0,Auckland Region,Nil,2-way,Sealed,0,0,0,0,50,0,Off,0,0,,76,Auckland,Nil,0,0,0,0,1,0,Urban,0,0,0,Fine,Null
1770171,5899106,9451,,523911,0,,0,1,,North,2009/2010,GREAT SOUTH ROAD,MANUIA ROAD,,Non-Injury Crash,No,2009,,North,,0,,Flat,,Labour Weekend,,,,Bright sun,768100,0,0,0,4,,,0,,,,,,Auckland Region,Nil,2-way,Sealed,,0,0,,50,,Off,1,0,,76,Auckland,Nil,,,,,0,0,Urban,0,,,Fine,Null
1766904,5907640,9452,,523601,0,,0,1,,South,2008/2009,BAIRDS ROAD,EAST TAMAKI ROAD,,Non-Injury Crash,No,2009,,North,,0,,Flat,,,,,,Bright sun,708600,0,0,0,1,,,0,,,,,,Auckland Region,Nil,1-way,Sealed,,0,0,,50,,Null,1,0,,76,Auckland,Give way,,,,,0,0,Urban,0,,,Fine,Null
1773579,5445339,9453,,567100,0,,0,1,,East,2008/2009,MAIN ST,ROYAL ST,,Non-Injury Crash,No,2009,,North,,0,,Flat,,,,,,Overcast,1905300,0,0,0,2,,,0,,,,,,Wellington Region,Nil,2-way,Sealed,,0,0,,50,,Null,1,0,,45,Upper Hutt City,Nil,,,,,0,0,Urban,0,,,Heavy rain,Null
1845202,5853622,9454,,534200,0,0,0,1,1,North,2008/2009,WAITAWHETA ROAD,FRANKLIN ROAD,,Non-Injury Crash,No,2009,0,East,0,0,0,Flat,0,,0,,0,Dark,1084400,0,0,0,2,0,0,0,0,0,,0,0,Waikato Region,Nil,2-way,Unsealed,0,0,0,0,100,0,None,0,0,30,12,Hauraki District,Nil,0,0,0,0,0,0,Open,0,0,0,Fine,Null
1759383,5910515,9455,,524002,0,,0,4,,South,2008/2009,SH 20,ONEHUNGA OFF NBD,,Non-Injury Crash,Yes,2009,,North,,0,,Hill Road,,,,,,Dark,722000,0,0,0,2,,,0,,,,,,Auckland Region,Bridge,1-way,Sealed,,0,0,,100,,None,0,0,80,76,Auckland,Unknown,,,,,0,0,Open,0,,,Fine,Null