X,Y,OBJECTID,advisorySpeed,areaUnitID,bicycle,bridge,bus,carStationWagon,cliffBank,crashDirectionDescription,crashFinancialYear,crashLocation1,crashLocation2,crashRoadSideRoad,crashSeverity,crashSHDescription,crashYear,debris,directionRoleDescription,ditch,fatalCount,fence,flatHill,guardRail,holiday,houseOrBuilding,intersection,kerb,light,meshblockId,minorInjuryCount,moped,motorcycle,NumberOfLanes,objectThrownOrDropped,otherObject,otherVehicleType,overBank,parkedVehicle,pedestrian,phoneBoxEtc,postOrPole,region,roadCharacter,roadLane,roadSurface,roadworks,schoolBus,seriousInjuryCount,slipOrFlood,speedLimit,strayAnimal,streetLight,suv,taxi,temporarySpeedLimit,tlaId,tlaName,trafficControl,trafficIsland,trafficSign,train,tree,truck,unknownVehicleType,urban,vanOrUtility,vehicle,waterRiver,weatherA,weatherB
1624112,6114169,9456,,500301,0,,0,2,,Null,2008/2009,COMMERCE ST,BANK ST,,Non-Injury Crash,No,2009,,South,,0,,Flat,,,,,,Bright sun,14600,0,0,0,2,,,0,,,,,,Northland Region,Nil,2-way,Sealed,,0,0,,50,,Off,0,0,,1,Far North District,Give way,,,,,0,0,Urban,0,,,Fine,Null
1767926,5899692,9457,,525101,0,,0,2,,South,2009/2010,FRIEDLANDERS ROAD,DOCTOR PICKERING AVENUE,,Non-Injury Crash,No,2009,,South,,0,,Flat,,Christmas New Year,,,,Twilight,772700,0,0,0,2,,,0,,,,,,Auckland Region,Nil,2-way,Sealed,,0,0,,50,,Off,0,0,,76,Auckland,Give way,,,,,0,0,Urban,0,,,Fine,Null
1770315,5899480,9458,,523911,0,,0,2,,Null,2008/2009,SPARTAN ROAD,OAKLEIGH AVENUE,,Non-Injury Crash,No,2009,,North,,0,,Flat,,,,,,Dark,766600,0,0,0,2,,,0,,,,,,Auckland Region,Nil,2-way,Sealed,,0,0,,50,,On,0,0,,76,Auckland,Give way,,,,,0,0,Urban,0,,,Fine,Null
1822662,5829132,9459,,534901,0,,0,1,,West,2008/2009,ANDERSON ST,LEAR ST,,Non-Injury Crash,No,2009,,West,,0,,Flat,,,,,,Bright sun,1087800,0,0,0,2,,,0,,,,,,Waikato Region,Nil,2-way,Sealed,,0,0,,50,,Null,0,0,,15,Matamata-Piako District,Unknown,,,,,0,0,Urban,1,,,Fine,Null
1857301,5691958,9460,65,541346,0,0,0,1,0,South,2009/2010,SH 1N,BULLI POINT,,Non-Injury Crash,Yes,2009,0,South,0,0,0,Hill Road,0,,0,,0,Dark,1281505,0,0,0,2,0,0,0,0,0,,0,0,Waikato Region,Nil,2-way,Sealed,0,0,0,0,100,0,None,0,0,,21,Taupo District,Unknown,0,0,0,1,0,0,Open,0,0,0,Light rain,Null
1747279,5921513,9461,,512202,0,0,0,1,0,North,2009/2010,TE ATATU ROAD,TAIKATA ROAD,,Non-Injury Crash,No,2009,0,East,0,0,0,Flat,0,,0,,0,Bright sun,248800,0,0,0,2,0,0,0,0,0,,0,0,Auckland Region,Nil,2-way,Sealed,0,0,0,0,50,0,Off,1,0,,76,Auckland,Nil,0,0,0,0,0,0,Urban,0,1,0,Fine,Null
1769496,5914637,9462,,522723,0,,0,1,,Null,2008/2009,PAKURANGA ROAD,PIGEON MOUNTAIN ROAD,,Non-Injury Crash,No,2009,,North,,0,,Flat,,,,,,Bright sun,681304,0,0,0,6,,,0,,,,,,Auckland Region,Nil,2-way,Sealed,,0,0,,50,,Off,0,0,,76,Auckland,Traffic Signals,,,,,0,0,Urban,1,,,Fine,Null
1765532,5908828,9463,,523402,0,,0,0,,East,2009/2010,HIGHBROOK DR OVERBRIDGE,HIGHBROOK OFF NBD,,Non-Injury Crash,Yes,2009,,East,,0,,Flat,,,,,,Overcast,696900,0,0,0,4,,,0,,,,,,Auckland Region,Nil,2-way,Sealed,,0,0,,70,,Off,0,0,,76,Auckland,Nil,,,,,1,0,Urban,1,,,Fine,Null
1756975,5919442,9464,,514102,0,0,1,0,0,West,2008/2009,KARANGAHAPE ROAD,QUEEN ST,,Non-Injury Crash,No,2009,0,East,0,0,0,Flat,0,,0,,0,Bright sun,435802,0,0,0,4,0,0,0,0,1,,0,0,Auckland Region,Nil,2-way,Sealed,0,0,0,0,50,0,Off,0,0,,76,Auckland,Nil,0,0,0,0,0,0,Urban,1,0,0,Fine,Null
1842297,5818156,9465,,535220,0,1,0,1,0,South,2009/2010,SH 27,WARDVILLE ROAD,,Non-Injury Crash,Yes,2009,0,South,0,0,0,Flat,0,Labour Weekend,0,,0,Bright sun,1112300,0,0,0,2,0,0,0,0,0,,0,0,Waikato Region,Bridge,2-way,Sealed,0,0,0,0,100,0,Off,0,0,,15,Matamata-Piako District,Nil,0,0,0,0,0,0,Open,0,0,0,Fine,Null
1752412,5917882,9466,,515003,0,,0,3,,South,2009/2010,CARRINGTON ROAD,SUTHERLAND ROAD,,Non-Injury Crash,No,2009,,North,,0,,Flat,,,,,,Overcast,391602,0,0,0,2,,,0,,,,,,Auckland Region,Nil,2-way,Sealed,,0,0,,50,,Off,0,0,,76,Auckland,Nil,,,,,0,0,Urban,0,,,Light rain,Null
1761877,5906689,9467,,524520,0,,0,2,,Null,2008/2009,MASSEY ROAD,HENWOOD ROAD,,Non-Injury Crash,No,2009,,West,,0,,Flat,,,,,,Dark,735400,0,0,0,2,,,0,,,,,,Auckland Region,Nil,2-way,Sealed,,0,0,,50,,On,0,0,,76,Auckland,Traffic Signals,,,,,0,0,Urban,0,,,Fine,Null
1406815,4917733,9468,,603602,0,,0,1,,Null,2009/2010,ALBANY ST,CUMBERLAND ST NORTH,,Minor Crash,Yes,2009,,East,,0,,Flat,,,,,,Bright sun,2867200,1,0,1,4,,,0,,,,,,Otago Region,Nil,2-way,Sealed,,0,0,,50,,Null,0,0,,71,Dunedin City,Traffic Signals,,,,,0,0,Urban,0,,,Fine,Null
1766035,5915349,9469,,520601,0,,0,2,,North,2009/2010,TRIPOLI ROAD,HOBSON DRIVE,,Non-Injury Crash,No,2009,,North,,0,,Flat,,,,,,Bright sun,634200,0,0,0,2,,,0,,,,,,Auckland Region,Nil,2-way,Sealed,,0,0,,50,,Off,0,0,,76,Auckland,Nil,,,,,0,0,Urban,0,,,Fine,Null
1764848,5913578,9470,,520602,0,0,0,1,0,East,2008/2009,WAIPUNA ROAD,CARBINE ROAD,,Non-Injury Crash,No,2009,0,East,0,0,0,Flat,0,,0,,0,Dark,629301,0,0,0,4,0,0,0,0,0,,0,0,Auckland Region,Nil,2-way,Sealed,0,0,0,0,80,0,On,0,0,,76,Auckland,Nil,0,0,0,1,0,0,Open,0,0,0,Light rain,Null
1761068,5914363,9471,,520202,0,,0,2,,Null,2008/2009,GREAT SOUTH ROAD,GT SOUTH LINK,,Non-Injury Crash,No,2009,,South,,0,,Flat,,,,,,Dark,612300,0,0,0,4,,,0,,,,,,Auckland Region,Nil,2-way,Sealed,,0,0,,50,,On,0,0,,76,Auckland,Give way,,,,,0,0,Urban,0,,,Fine,Null
1755648,5918298,9472,,517500,0,,0,2,,East,2008/2009,SH 16,ST LUKES OFF WBD,,Non-Injury Crash,Yes,2009,,West,,0,,Flat,,,,,,Bright sun,529600,0,0,0,4,,,0,,,,,,Auckland Region,Motorway ramp,1-way,Sealed,,0,0,,100,,Null,0,0,,76,Auckland,Unknown,,,,,0,0,Open,0,,,Fine,Null
1752954,5916664,9473,,517800,0,0,1,1,0,East,2009/2010,NEW NORTH ROAD,CARRINGTON ROAD,,Non-Injury Crash,No,2009,0,East,0,0,0,Flat,0,,0,,0,Overcast,527800,0,0,0,2,0,0,0,0,0,,0,0,Auckland Region,Nil,2-way,Sealed,0,0,0,0,50,0,Null,0,0,,76,Auckland,Unknown,0,0,0,0,0,0,Urban,0,1,0,Fine,Null
1754262,5920560,9474,,515201,0,,0,1,,Null,2009/2010,WEST END ROAD,JERVOIS ROAD,,Non-Injury Crash,No,2009,,West,,0,,Flat,,,,,,Overcast,422100,0,0,0,4,,,0,,,,,,Auckland Region,Nil,2-way,Sealed,,0,0,,50,,Off,0,0,,76,Auckland,Give way,,,,,0,0,Urban,1,,,Fine,Null
1718482,6045012,9475,,502900,0,,0,2,,Null,2009/2010,MAUNU ROAD,NORTH ST,,Non-Injury Crash,No,2009,,West,,0,,Flat,,,,,,Overcast,103500,0,0,0,3,,,0,,,,,,Northland Region,Nil,2-way,Sealed,,0,0,,50,,Off,0,0,,2,Whangarei District,Give way,,,,,0,0,Urban,0,,,Fine,Null
1761809,5906486,9476,,524200,0,0,0,1,0,South,2008/2009,SH 20,MASSEY OBR,,Non-Injury Crash,Yes,2009,0,South,0,0,0,Flat,1,,0,,0,Overcast,728700,0,0,0,2,0,0,0,0,0,,0,0,Auckland Region,Nil,1-way,Sealed,0,0,0,0,100,0,Null,0,0,,76,Auckland,Unknown,0,0,0,0,0,0,Open,0,0,0,Fine,Null
1756679,5919929,9477,,514102,0,,1,1,,North,2008/2009,NELSON ST,UNION ST,,Non-Injury Crash,No,2009,,North,,0,,Flat,,,,,,Bright sun,434603,0,0,0,4,,,0,,,,,,Auckland Region,Nil,1-way,Sealed,,0,0,,50,,Off,0,0,,76,Auckland,Nil,,,,,0,0,Urban,0,,,Fine,Null
1765059,5902846,9478,,524604,0,,0,1,,Null,2009/2010,ROSCOMMON ROAD,WIRI STATION ROAD S,,Non-Injury Crash,No,2009,,North,,0,,Flat,,,,,,Bright sun,781200,0,0,0,4,,,0,,,,,,Auckland Region,Nil,2-way,Sealed,,0,0,,80,,Off,1,0,,76,Auckland,Traffic Signals,,,,,0,0,Open,0,,,Fine,Null
1760103,5915932,9479,,516002,0,,0,1,,Null,2009/2010,GREEN LANE EAST,GREENLANE INT,,Non-Injury Crash,No,2009,,North,,0,,Flat,,,,,,Bright sun,492100,0,0,0,2,,,0,,,,,,Auckland Region,Nil,1-way,Sealed,,0,0,,50,,Off,0,0,,76,Auckland,Give way,,,,,0,0,Urban,1,,,Fine,Null
1756621,5912817,9480,,518702,0,,0,1,,Null,2009/2010,SH 20,HILLSBOROUGH OBR,,Non-Injury Crash,Yes,2009,,South,,0,,Flat,,,,,,Dark,569900,0,0,0,2,,,0,,,,,,Auckland Region,Nil,1-way,Sealed,,0,0,,100,,On,0,0,,76,Auckland,Nil,,,,,0,0,Open,1,,,Fine,Null
1754597,5913925,9481,,518802,0,,0,1,,West,2009/2010,STODDARD ROAD,MAY ROAD,,Non-Injury Crash,No,2009,,East,,0,,Flat,,,,,,Overcast,579900,0,0,0,2,,,0,,,,,,Auckland Region,Nil,2-way,Sealed,,0,0,,50,,Null,0,0,,76,Auckland,Unknown,,,,,0,0,Urban,1,,,Null,Null
1566210,5183113,9482,,589000,1,,0,1,,Null,2008/2009,GREERS ROAD,CLYDE ROAD,,Minor Crash,No,2009,,South,,0,,Flat,,,,,,Bright sun,2517300,1,0,0,2,,,0,,,,,,Canterbury Region,Nil,2-way,Sealed,,0,0,,50,,Null,0,0,,60,Christchurch City,Give way,,,,,0,0,Urban,0,,,Fine,Null
1762599,5909302,9483,,524402,0,,0,1,,West,2009/2010,JAMES FLETCHER DRIVE,TUI ST,,Non-Injury Crash,No,2009,,West,,0,,Flat,,,,,,Overcast,749700,0,0,0,2,,,0,,,,,,Auckland Region,Nil,2-way,Sealed,,0,0,,60,,Off,0,0,,76,Auckland,Nil,,,,,2,0,Urban,0,,,Fine,Null
1857780,5839904,9484,,535800,0,0,0,1,1,South,2008/2009,SH 2,BEACH ROAD,,Non-Injury Crash,Yes,2009,0,South,0,0,0,Hill Road,0,Queens Birthday,0,,0,Dark,1183502,0,0,0,2,0,0,0,0,0,,0,0,Bay of Plenty Region,Nil,2-way,Sealed,0,0,0,0,50,0,On,0,0,,22,Western Bay of Plenty District,Nil,0,0,0,0,0,0,Urban,0,0,0,Fine,Null
1768079,5904355,9485,40,523820,0,,0,1,,Null,2009/2010,REDOUBT ROAD,MANUKAU ON SBD,,Non-Injury Crash,No,2009,,West,,0,,Flat,,,,,,Twilight,759901,0,0,0,2,,,0,,,,,,Auckland Region,Nil,2-way,Sealed,,0,0,,70,,On,0,0,,76,Auckland,Traffic Signals,,,,,0,0,Urban,1,,,Light rain,Null
1768079,5904355,9486,,523820,0,,0,2,,Null,2008/2009,REDOUBT ROAD,MANUKAU ON SBD,,Non-Injury Crash,No,2009,,West,,0,,Flat,,,,,,Dark,759901,0,0,0,2,,,0,,,,,,Auckland Region,Nil,2-way,Sealed,,0,0,,50,,On,0,0,,76,Auckland,Traffic Signals,,,,,0,0,Urban,0,,,Fine,Null
1758657,5919829,9487,,515902,0,0,0,2,0,Null,2008/2009,PARNELL ROAD,RUSKIN ST,,Non-Injury Crash,No,2009,0,South,0,0,0,Hill Road,0,,0,,0,Bright sun,452600,0,0,0,2,0,0,0,0,1,,0,0,Auckland Region,Nil,2-way,Sealed,0,0,0,0,50,0,Off,0,0,,76,Auckland,Nil,0,0,0,0,0,0,Urban,0,0,0,Fine,Null
1942893,5788405,9488,,542530,0,,0,2,,North,2009/2010,SH 30,ANGLE ROAD,,Non-Injury Crash,Yes,2009,,North,,0,,Flat,,,,,,Overcast,1300500,0,0,0,2,,,0,,,,,,Bay of Plenty Region,Nil,2-way,Sealed,,0,0,,100,,Null,0,0,,25,Whakatane District,Unknown,,,,,0,0,Open,0,,,Fine,Null
1756625,5912802,9489,80,518702,0,,0,1,,East,2008/2009,SH 20,HILLSBOROUGH OBR,,Non-Injury Crash,Yes,2009,,West,,0,,Flat,,,,,,Bright sun,570100,0,0,0,1,,,0,,,,,,Auckland Region,Motorway ramp,1-way,Sealed,,0,0,,100,,None,0,0,,76,Auckland,Traffic Signals,,,,,0,0,Open,1,,,Fine,Null
1751336,5947979,9490,,505807,0,,0,1,,North,2008/2009,POHUTUKAWA AVENUE,MAORI HUT ROAD,,Non-Injury Crash,No,2009,,East,,0,,Hill Road,,,,,,Bright sun,172502,0,0,0,1,,,0,,,,,,Auckland Region,Nil,2-way,Sealed,,0,0,,50,,Off,0,0,,76,Auckland,Nil,,,,,0,0,Urban,1,,,Light rain,Null
1749770,5913908,9491,,511303,0,,0,2,,East,2009/2010,GREAT NORTH ROAD,TOTARA AVENUE,,Non-Injury Crash,No,2009,,West,,0,,Flat,,,,,,Bright sun,267000,0,0,0,2,,,0,,,,,,Auckland Region,Nil,2-way,Sealed,,0,0,,50,,Null,0,0,,76,Auckland,Unknown,,,,,0,0,Urban,0,,,Fine,Null
1748805,5949599,9492,,506201,0,,0,2,,South,2008/2009,OREWA OFF NBD,GRAND DRIVE,,Non-Injury Crash,Yes,2009,,North,,0,,Hill Road,,,,,,Bright sun,176406,0,0,0,1,,,0,,,,,,Auckland Region,Motorway ramp,1-way,Sealed,,0,0,,70,,None,0,0,,76,Auckland,Nil,,,,,0,0,Urban,0,,,Fine,Null
1890233,5819370,9493,,536642,0,,0,1,,South,2008/2009,TE PUKE HIGHWAY,WELCOME BAY ROAD,,Non-Injury Crash,No,2009,,South,,0,,Flat,,,,,,Bright sun,1206807,0,0,0,2,,,0,,,,,,Bay of Plenty Region,Nil,2-way,Sealed,,0,0,,100,,Null,1,0,,22,Western Bay of Plenty District,Unknown,,,,,0,0,Open,0,,,Fine,Null
1405378,4914901,9494,,604210,0,,0,2,,Null,2009/2010,SOUTH ROAD,THE GLEN ON RAMP,,Serious Crash,No,2009,,West,,0,,Hill Road,,,,,,Overcast,2913800,2,0,0,2,,,0,,,,,,Otago Region,Nil,2-way,Sealed,,0,1,,50,,Null,0,0,,71,Dunedin City,Give way,,,,,0,0,Urban,0,,,Light rain,Null
1760573,5906539,9495,,524111,0,,0,2,,Null,2008/2009,MASCOT AVENUE,FRIESIAN DRIVE,,Non-Injury Crash,No,2009,,South,,0,,Flat,,Queens Birthday,,,,Overcast,741001,0,0,0,2,,,0,,,,,,Auckland Region,Nil,2-way,Sealed,,0,0,,50,,Off,0,0,,76,Auckland,Give way,,,,,0,0,Urban,0,,,Fine,Null
1801152,5818564,9496,,529501,0,0,0,1,0,South,2008/2009,HUKANUI ROAD,TONGARIRO ST,,Non-Injury Crash,No,2009,0,North,0,0,0,Flat,0,,0,,0,Overcast,875400,0,0,0,2,0,0,0,0,0,,0,1,Waikato Region,Nil,2-way,Sealed,0,0,0,0,50,0,Null,0,0,,16,Hamilton City,Nil,0,0,0,0,0,0,Urban,0,0,0,Fine,Null
1755213,5931603,9497,,508520,0,,0,1,,Null,2009/2010,SUNSET ROAD,LAVERY PLACE,,Non-Injury Crash,No,2009,,North,,0,,Flat,,,,,,Bright sun,189703,0,0,0,2,,,0,,,,,,Auckland Region,Nil,2-way,Sealed,,0,0,,50,,Off,2,0,,76,Auckland,Nil,,,,,0,0,Urban,0,,,Fine,Null
1717156,6036440,9498,,501809,0,0,0,1,0,North,2009/2010,SH 1N,MANGAPAI ROAD,,Non-Injury Crash,Yes,2009,0,South,0,0,1,Hill Road,0,,0,,0,Bright sun,74900,0,0,0,3,0,0,0,0,0,,0,0,Northland Region,Nil,2-way,Sealed,0,0,0,0,100,0,None,0,0,,2,Whangarei District,Nil,0,0,0,0,0,0,Open,0,0,0,Fine,Null
1755717,5929561,9499,,508510,0,0,0,1,0,North,2008/2009,BECROFT DRIVE,MERRIEFIELD AVENUE,,Non-Injury Crash,No,2009,0,North,0,0,0,Flat,0,,0,,0,Bright sun,193801,0,0,0,2,0,0,0,0,0,,0,1,Auckland Region,Nil,2-way,Sealed,0,0,0,0,50,0,Null,0,0,,76,Auckland,Give way,0,0,0,0,0,0,Urban,0,0,0,Fine,Null
1748468,5914847,9500,,511700,0,,0,2,,Null,2009/2010,ARCHIBALD ROAD,ST LEONARDS ROAD,,Non-Injury Crash,No,2009,,North,,0,,Flat,,,,,,Bright sun,270100,0,0,0,2,,,0,,,,,,Auckland Region,Nil,2-way,Sealed,,0,0,,50,,Off,0,0,,76,Auckland,Give way,,,,,0,0,Urban,0,,,Fine,Null
1801949,5814560,9501,,530200,0,,0,2,,South,2008/2009,GREY ST,COOK ST,,Non-Injury Crash,No,2009,,North,,0,,Flat,,,,,,Dark,891700,0,0,0,2,,,0,,,,,,Waikato Region,Nil,2-way,Sealed,,0,0,,50,,On,0,0,,16,Hamilton City,Unknown,,,,,0,0,Urban,0,,,Fine,Null
1802370,5814961,9502,,530200,0,,0,1,,East,2008/2009,CLYDE ST,KELVIN PLACE,,Non-Injury Crash,No,2009,,East,,0,,Flat,,,,,,Overcast,892900,0,1,0,2,,,0,,,,,,Waikato Region,Nil,2-way,Sealed,,0,0,,50,,Null,0,0,,16,Hamilton City,Unknown,,,,,0,0,Urban,0,,,Light rain,Null
1756954,5929350,9503,,507800,0,,0,2,,West,2009/2010,STANLEY AVENUE,EAST COAST ROAD,,Non-Injury Crash,No,2009,,South,,0,,Flat,,,,,,Bright sun,308500,0,0,0,2,,,0,,,,,,Auckland Region,Nil,2-way,Sealed,,0,0,,50,,Null,0,0,,76,Auckland,Nil,,,,,0,0,Urban,0,,,Fine,Null
1718602,6044522,9504,,503600,0,0,0,1,0,West,2009/2010,TAREWA ROAD,HILLTOP AVENUE,,Non-Injury Crash,No,2009,0,West,0,0,0,Flat,0,,0,,0,Bright sun,104400,0,0,0,2,0,0,0,0,1,,0,0,Northland Region,Nil,2-way,Sealed,0,0,0,0,50,0,Off,0,0,,2,Whangarei District,Nil,0,0,0,0,1,0,Urban,0,0,0,Fine,Null
1754512,5924936,9505,,509800,0,,0,2,,North,2008/2009,PARK AVENUE,ONEWA ROAD,,Non-Injury Crash,No,2009,,North,,0,,Flat,,,,,,Overcast,361300,0,0,0,2,,,0,,,,,,Auckland Region,Nil,2-way,Sealed,,0,0,,50,,Null,0,0,,76,Auckland,Unknown,,,,,0,0,Urban,0,,,Fine,Null
1889447,5741164,9506,,538842,0,,0,2,,South,2009/2010,CREIGHTON ROAD,BARTLE ROAD,,Non-Injury Crash,No,2009,,East,,0,,Flat,,,,,,Overcast,1260401,0,0,0,1,,,0,,,,,,Waikato Region,Nil,2-way,Sealed,,0,0,,50,,Off,0,0,,24,Rotorua District,Nil,,,,,0,0,Urban,0,,,Fine,Null
1757025,5919442,9507,,514103,0,,0,2,,Null,2008/2009,QUEEN ST,KARANGAHAPE ROAD,,Non-Injury Crash,No,2009,,West,,0,,Hill Road,,Easter,,,,Bright sun,436401,0,0,0,3,,,0,,,,,,Auckland Region,Nil,2-way,Sealed,,0,0,,50,,Null,0,0,,76,Auckland,Traffic Signals,,,,,0,0,Urban,0,,,Fine,Null
1397058,4918937,9508,,602500,0,,0,1,,South,2008/2009,PUDDLE ALLEY,DUKES ROAD NORTH,,Minor Crash,No,2009,,South,,0,,Flat,,,,,,Overcast,2978800,1,0,0,2,,,0,,,,,,Otago Region,Nil,2-way,Sealed,,0,0,,80,,Null,1,0,,71,Dunedin City,Nil,,,,,0,0,Open,0,,,Mist or Fog,Null
1744396,5922568,9509,,513511,0,0,0,1,0,North,2008/2009,SH 16,ROYAL OFF WBD,,Non-Injury Crash,Yes,2009,0,North,0,0,0,Flat,1,,0,,0,Dark,224303,0,0,0,4,0,0,0,0,0,,0,0,Auckland Region,Nil,2-way,Sealed,0,0,0,0,100,0,On,0,0,80,76,Auckland,Unknown,0,0,0,0,0,0,Open,0,0,0,Fine,Null
1803314,5816004,9510,,530500,0,,0,2,,South,2008/2009,NOTTINGHAM DRIVE,RUAKURA ROAD,,Non-Injury Crash,No,2009,,North,,0,,Flat,,,,,,Overcast,889401,0,0,0,2,,,0,,,,,,Waikato Region,Nil,2-way,Sealed,,0,0,,50,,Null,0,0,,16,Hamilton City,Give way,,,,,0,0,Urban,0,,,Fine,Null
1756663,5926939,9511,,507900,0,0,0,2,0,East,2009/2010,KARAKA ST,PURIRI ST,,Non-Injury Crash,No,2009,0,East,0,0,0,Flat,0,,0,,0,Overcast,303600,0,0,0,2,0,0,0,0,0,,0,0,Auckland Region,Nil,2-way,Sealed,0,0,0,0,50,0,Off,0,0,,76,Auckland,Nil,0,0,0,0,0,0,Urban,0,1,0,Fine,Null
1769727,5918149,9512,,522601,0,0,0,2,0,South,2008/2009,HATTAWAY AVENUE,WHARF ROAD,,Non-Injury Crash,No,2009,0,North,0,0,0,Flat,0,,0,,0,Bright sun,676102,0,0,0,2,0,0,0,0,1,,0,0,Auckland Region,Nil,2-way,Sealed,0,0,0,0,50,0,Null,0,0,,76,Auckland,Unknown,0,0,0,0,0,0,Urban,0,0,0,Fine,Null
1798555,5816686,9513,,528800,0,,0,3,,North,2008/2009,FOREST LAKE ROAD,MOORE ST,,Non-Injury Crash,No,2009,,North,,0,,Hill Road,,,,,,Twilight,902400,0,0,0,2,,,0,,,,,,Waikato Region,Nil,2-way,Sealed,,0,0,,50,,Off,0,0,,16,Hamilton City,Unknown,,,,,0,0,Urban,0,,,Fine,Null
1719136,6045185,9514,,503600,0,,0,2,,Null,2008/2009,TAREWA ROAD,POROWINI AVENUE,,Non-Injury Crash,No,2009,,North,,0,,Flat,,,,,,Overcast,104800,0,0,0,4,,,0,,,,,,Northland Region,Nil,2-way,Sealed,,0,0,,50,,Null,0,0,,2,Whangarei District,Traffic Signals,,,,,0,0,Urban,0,,,Fine,Null
1768082,5899310,9515,,525101,0,,0,2,,Null,2009/2010,MAHIA ROAD,FRIEDLANDERS ROAD,,Non-Injury Crash,No,2009,,South,,0,,Flat,,,,,,Dark,772806,0,0,0,2,,,0,,,,,,Auckland Region,Nil,2-way,Sealed,,0,0,,50,,On,0,0,,76,Auckland,Stop,,,,,0,0,Urban,0,,,Fine,Null
1821051,5828324,9516,,534500,0,0,0,1,0,West,2009/2010,SH 26,AVENUE ROAD SOUTH,,Non-Injury Crash,Yes,2009,0,West,0,0,0,Flat,0,,0,,0,Dark,1090905,0,0,0,2,0,0,0,0,0,,0,0,Waikato Region,Nil,2-way,Sealed,0,0,0,0,100,0,None,0,0,,15,Matamata-Piako District,Unknown,0,0,0,0,0,0,Open,0,0,0,Fine,Null
1767768,5913589,9517,,522910,0,0,0,0,0,Null,2008/2009,PAKURANGA ROAD,JOHNS LANE S,,Non-Injury Crash,No,2009,0,North,0,0,0,Hill Road,0,,0,,0,Dark,685500,0,0,0,6,0,0,0,0,0,,0,1,Auckland Region,Nil,2-way,Sealed,0,0,0,0,50,0,On,1,0,,76,Auckland,Give way,0,0,0,0,0,0,Urban,0,0,0,Light rain,Null
1753541,5915421,9518,,517903,0,0,0,1,0,Null,2008/2009,OWAIRAKA AVENUE,LORRAINE AVENUE,,Non-Injury Crash,No,2009,0,West,0,0,0,Flat,0,,0,,0,Dark,517900,0,0,0,2,0,0,0,0,0,,0,0,Auckland Region,Nil,2-way,Sealed,0,0,0,0,50,0,On,0,0,,76,Auckland,Nil,0,0,0,0,0,0,Urban,1,1,0,Fine,Null
1568496,5197022,9519,35,586501,0,,0,1,,West,2009/2010,JEFFS DRAIN ROAD,CHRISTMAS ROAD,,Serious Crash,No,2009,,West,,0,,Flat,,,,,,Dark,2456302,0,0,0,2,,,0,,,,,,Canterbury Region,Nil,2-way,Sealed,,0,1,,100,,None,0,0,,59,Waimakariri District,Unknown,,,,,0,0,Open,0,,,Fine,Null
1878161,5794073,9520,,536630,0,,0,1,,South,2008/2009,SH 36,TE MATAI ROAD,,Non-Injury Crash,Yes,2009,,South,,0,,Hill Road,,,,,,Twilight,1192602,0,0,0,2,,,0,,,,,,Bay of Plenty Region,Nil,2-way,Sealed,,0,0,,100,,None,0,0,,22,Western Bay of Plenty District,Unknown,,,,,0,0,Open,0,,,Fine,Null
1837027,5793261,9521,,535250,0,,0,1,,West,2008/2009,SH 1N,PUKETIRAU ROAD,,Non-Injury Crash,Yes,2009,,South,,0,,Flat,,,,,,Overcast,1125200,0,0,0,2,,,0,,,,,,Waikato Region,Nil,2-way,Sealed,,0,0,,100,,None,0,0,,19,South Waikato District,Nil,,,,,0,0,Open,0,,,Fine,Null
1806134,5807809,9522,,527915,0,0,0,2,0,North,2008/2009,SH 21,LOCHIEL ROAD,,Non-Injury Crash,Yes,2009,0,North,0,0,0,Flat,0,,0,,0,Dark,984900,0,0,0,2,0,0,0,0,0,,0,0,Waikato Region,Nil,2-way,Sealed,0,0,0,0,100,0,None,0,0,,17,Waipa District,Unknown,0,0,0,0,0,0,Open,0,0,0,Light rain,Null
1761213,5878996,9523,,521121,0,,0,1,,East,2008/2009,WAIUKU ROAD,TITI ROAD,,Non-Injury Crash,No,2009,,West,,0,,Flat,,,,,,Dark,812301,0,0,0,2,,,0,,,,,,Auckland Region,Nil,2-way,Unsealed,,0,0,,100,,None,0,0,30,76,Auckland,Nil,,,,,0,0,Open,0,,,Fine,Null
1440424,5004307,9524,,601030,0,,0,2,,East,2008/2009,EDEN ST,SH 1S,,Minor Crash,No,2009,,West,,0,,Flat,,,,,,Bright sun,2841100,1,0,0,2,,,0,,,,,,Otago Region,Nil,2-way,Sealed,,0,0,,50,,Null,0,1,,68,Waitaki District,Unknown,,,,,0,0,Urban,0,,,Fine,Null
1884453,5825299,9525,,536831,0,,0,2,,West,2009/2010,GIRVEN ROAD,MARLIN ST,,Non-Injury Crash,No,2009,,East,,0,,Flat,,,,,,Dark,1201300,0,0,0,4,,,0,,,,,,Bay of Plenty Region,Nil,2-way,Sealed,,0,0,,50,,On,0,0,,23,Tauranga City,Traffic Signals,,,,,0,0,Urban,0,,,Light rain,Null
1769496,5914637,9526,,522723,0,,0,2,,Null,2009/2010,PAKURANGA ROAD,PIGEON MOUNTAIN ROAD,,Non-Injury Crash,No,2009,,East,,0,,Flat,,,,,,Dark,681304,0,0,0,6,,,0,,,,,,Auckland Region,Nil,2-way,Sealed,,0,0,,60,,On,0,0,,76,Auckland,Traffic Signals,,,,,0,0,Urban,0,,,Fine,Null