X,Y,OBJECTID,advisorySpeed,areaUnitID,bicycle,bridge,bus,carStationWagon,cliffBank,crashDirectionDescription,crashFinancialYear,crashLocation1,crashLocation2,crashRoadSideRoad,crashSeverity,crashSHDescription,crashYear,debris,directionRoleDescription,ditch,fatalCount,fence,flatHill,guardRail,holiday,houseOrBuilding,intersection,kerb,light,meshblockId,minorInjuryCount,moped,motorcycle,NumberOfLanes,objectThrownOrDropped,otherObject,otherVehicleType,overBank,parkedVehicle,pedestrian,phoneBoxEtc,postOrPole,region,roadCharacter,roadLane,roadSurface,roadworks,schoolBus,seriousInjuryCount,slipOrFlood,speedLimit,strayAnimal,streetLight,suv,taxi,temporarySpeedLimit,tlaId,tlaName,trafficControl,trafficIsland,trafficSign,train,tree,truck,unknownVehicleType,urban,vanOrUtility,vehicle,waterRiver,weatherA,weatherB
1767374,5900442,9527,,524720,0,0,0,0,0,East,2008/2009,AINSDALE PLACE,WINSFORD ST,,Non-Injury Crash,No,2009,0,West,0,0,1,Flat,0,,0,,0,Bright sun,776600,0,0,0,2,0,0,1,0,0,,0,0,Auckland Region,Nil,2-way,Sealed,0,0,0,0,50,0,Off,0,0,,76,Auckland,Nil,0,0,0,0,0,0,Urban,0,0,0,Fine,Null
1789840,5754715,9528,,532000,0,0,0,1,0,Null,2008/2009,NETTIE ST,LAWRENCE ST,,Non-Injury Crash,No,2009,0,East,0,0,1,Flat,0,,0,,0,Dark,1005700,0,0,0,2,0,1,0,0,0,,0,0,Waikato Region,Nil,2-way,Sealed,0,0,0,0,50,0,On,0,0,,20,Waitomo District,Give way,0,0,0,0,0,0,Urban,0,0,0,Fine,Null
1759262,5911766,9529,,519820,0,,0,1,,Null,2009/2010,NEILSON ST,GALWAY ST,,Non-Injury Crash,No,2009,,East,,0,,Hill Road,,,,,,Bright sun,602401,0,0,0,4,,,0,,,,,,Auckland Region,Nil,2-way,Sealed,,0,0,,50,,Off,1,0,,76,Auckland,Give way,,,,,0,0,Urban,0,,,Fine,Null
1767873,5877181,9530,,521117,0,,0,1,,North,2008/2009,UPPER QUEEN ST,HILL TOP ROAD,,Non-Injury Crash,No,2009,,South,,0,,Hill Road,,,,,,Dark,826300,0,0,0,2,,,0,,,,,,Waikato Region,Nil,2-way,Sealed,,0,0,,100,,None,1,0,,13,Waikato District,Nil,,,,,0,0,Open,0,,,Fine,Null
1715069,5613850,9531,,554113,0,0,0,1,1,West,2008/2009,SH 3,HUNTS ROAD,,Non-Injury Crash,Yes,2009,0,North,1,0,0,Flat,0,,0,,0,Bright sun,1651100,0,0,0,2,0,0,0,0,0,,0,0,Taranaki Region,Nil,2-way,Sealed,0,0,0,0,100,0,Null,0,0,,35,South Taranaki District,Nil,0,0,0,0,0,0,Open,0,0,0,Fine,Null
1775511,5580092,9532,,557300,0,0,0,1,0,East,2009/2010,SOMME PARADE,SPIER ST,,Serious Crash,No,2009,0,North,0,0,0,Flat,0,,0,,0,Bright sun,1708600,0,0,0,2,0,0,0,1,0,,0,0,Manawatū-Whanganui Region,Nil,2-way,Sealed,0,0,1,0,50,0,Null,0,0,,37,Whanganui District,Nil,0,0,0,0,0,0,Urban,0,0,0,Fine,Null
1729309,5943028,9533,,506646,0,,0,1,,North,2009/2010,SH 16,PIPITIWAI DRIVE,,Non-Injury Crash,Yes,2009,,South,,0,,Flat,,,,,,Overcast,211402,0,0,0,2,,,0,,,,,,Auckland Region,Nil,2-way,Sealed,,0,0,,80,,None,0,0,,76,Auckland,Nil,,,,,0,0,Open,0,,,Light rain,Null
1680654,6012194,9534,,504501,0,,0,1,,East,2008/2009,WEST COAST ROAD,LUTRELL ROAD,,Non-Injury Crash,No,2009,,West,,0,,Flat,,,,,,Overcast,124800,0,0,0,2,,,0,,,,,,Northland Region,Nil,2-way,Sealed,,0,0,,100,,Null,0,0,,3,Kaipara District,Nil,,,,,0,0,Open,1,,,Fine,Null
1765630,5908850,9535,,523402,0,,0,2,,Null,2008/2009,HIGHBROOK ROAD,HELLABYS ROAD,,Non-Injury Crash,No,2009,,North,,0,,Flat,,,,,,Bright sun,696900,0,0,0,2,,,0,,,,,,Auckland Region,Bridge,2-way,Sealed,,0,0,,50,,Off,0,0,,76,Auckland,Give way,,,,,0,0,Urban,0,,,Fine,Null
1796770,5819283,9536,,528406,0,,0,2,,Null,2009/2010,WAIRERE DRIVE,TASMAN UNDERPASS,,Non-Injury Crash,No,2009,,North,,0,,Hill Road,,Christmas New Year,,,,Bright sun,907601,0,0,0,2,,,0,,,,,,Waikato Region,Nil,2-way,Sealed,,0,0,,80,,Null,0,0,,16,Hamilton City,Unknown,,,,,0,0,Open,0,,,Fine,Null
1406115,4913563,9537,,605500,0,,0,2,,Null,2008/2009,DALGETY ST,RICHARDSON ST,,Minor Crash,No,2009,,East,,0,,Flat,,,,,,Bright sun,2948100,1,0,0,2,,,0,,,,,,Otago Region,Nil,2-way,Sealed,,0,0,,50,,Null,0,0,,71,Dunedin City,Stop,,,,,0,0,Urban,0,,,Fine,Null
1874503,5821342,9538,,536513,0,,0,2,,Null,2008/2009,CAMBRIDGE ROAD,MOFFAT ROAD,,Non-Injury Crash,No,2009,,West,,0,,Hill Road,,,,,,Overcast,1190804,0,0,0,2,,,0,,,,,,Bay of Plenty Region,Nil,2-way,Sealed,,0,0,,70,,None,0,0,,23,Tauranga City,Stop,,,,,0,0,Urban,0,,,Light rain,Null
1595329,5242198,9539,,585700,0,0,0,0,0,South,2009/2010,SH 1S,SCARGILL VALLEY ROAD,,Serious Crash,Yes,2009,0,South,0,0,0,Hill Road,1,,0,,0,Bright sun,2438000,0,0,0,3,0,0,0,0,0,,0,0,Canterbury Region,Nil,2-way,Sealed,0,0,1,0,100,0,Null,1,0,,58,Hurunui District,Unknown,0,0,0,0,0,0,Open,0,0,0,Fine,Null
1917252,5780194,9540,35,542530,0,,0,2,,West,2009/2010,SH 30,KAWERAU ROAD W,,Non-Injury Crash,Yes,2009,,South,,0,,Hill Road,,,,,,Overcast,1326001,0,0,0,2,,,0,,,,,,Bay of Plenty Region,Nil,2-way,Sealed,,0,0,,100,,Null,0,0,,25,Whakatane District,Unknown,,,,,0,0,Open,0,,,Light rain,Null
1751496,5917397,9541,,514900,0,0,0,2,0,East,2009/2010,OAKLEY AVENUE,SAXON ST,,Non-Injury Crash,No,2009,0,West,0,0,0,Flat,0,,0,,0,Twilight,386002,0,0,0,2,0,0,0,0,1,,0,0,Auckland Region,Nil,2-way,Sealed,0,0,0,0,50,0,None,0,0,,76,Auckland,Nil,0,0,0,0,0,0,Urban,0,0,0,Fine,Null
1757183,5919867,9542,,514103,0,,0,2,,North,2009/2010,QUEEN ST,MAYORAL DRIVE,,Non-Injury Crash,No,2009,,South,,0,,Flat,,,,,,Dark,436100,0,0,0,2,,,0,,,,,,Auckland Region,Nil,2-way,Sealed,,0,0,,50,,On,0,0,,76,Auckland,Traffic Signals,,,,,0,0,Urban,0,,,Fine,Null
1776245,5882022,9543,,521160,0,,0,1,,East,2008/2009,MILL ROAD,GREAT SOUTH ROAD,,Non-Injury Crash,No,2009,,East,,0,,Flat,,,,,,Dark,827800,0,0,0,2,,,0,,,,,,Auckland Region,Nil,2-way,Sealed,,0,0,,80,,None,0,0,30,76,Auckland,Nil,,,,,0,0,Open,1,,,Fine,Null
1767983,5904708,9544,,523722,0,0,0,2,0,South,2008/2009,SIKKIM CRESCENT,ARDEN COURT,,Non-Injury Crash,No,2009,0,South,0,0,0,Flat,0,,0,,0,Overcast,715804,0,0,0,2,0,0,0,0,1,,0,0,Auckland Region,Nil,2-way,Sealed,0,0,0,0,50,0,Off,0,0,,76,Auckland,Nil,0,0,0,0,0,0,Urban,0,0,0,Fine,Null
1750252,5913171,9545,,511402,0,,0,1,,Null,2009/2010,ASTLEY AVENUE,LINKS ROAD,,Non-Injury Crash,No,2009,,South,,0,,Flat,,,,,,Bright sun,264800,0,0,0,1,,,0,,,,,,Auckland Region,Nil,1-way,Sealed,,0,0,,50,,Null,0,1,,76,Auckland,Give way,,,,,0,0,Urban,1,,,Fine,Null
1790457,5816914,9546,,527913,0,0,0,1,1,Null,2009/2010,LAXON ROAD,PERKINS ROAD,,Non-Injury Crash,No,2009,0,West,0,0,0,Hill Road,0,,0,,0,Bright sun,978300,0,0,0,2,0,0,0,0,0,,0,0,Waikato Region,Nil,2-way,Sealed,0,0,0,0,100,0,None,0,0,,13,Waikato District,Nil,0,0,0,0,0,0,Open,0,0,0,Fine,Null
1755839,5943750,9547,,505909,0,0,0,1,0,Null,2008/2009,COCHRANE AVENUE,RISHWORTH AVENUE,,Non-Injury Crash,No,2009,0,East,0,0,0,Flat,0,,0,,0,Overcast,174004,0,0,0,2,0,0,0,0,0,,0,0,Auckland Region,Nil,2-way,Sealed,0,0,0,0,50,0,Null,0,0,,76,Auckland,Give way,0,0,0,1,0,0,Urban,0,0,0,Heavy rain,Null
1755754,5921183,9548,,515202,0,,0,0,,South,2008/2009,SH 1N,SHELLY BEACH OBR,,Non-Injury Crash,Yes,2009,,South,,0,,Flat,,,,,,Bright sun,425600,0,0,0,8,,,0,,,,,,Auckland Region,Nil,2-way,Sealed,,0,0,,80,,Off,2,0,,76,Auckland,Nil,,,,,1,0,Open,0,,,Fine,Null
1774702,5879826,9549,,521131,0,0,0,1,0,North,2008/2009,BEAVER ROAD,JERICHO ROAD,,Non-Injury Crash,No,2009,0,North,0,0,1,Hill Road,0,,0,,0,Dark,827400,0,0,0,2,0,0,0,0,0,,0,0,Waikato Region,Nil,2-way,Sealed,0,0,0,0,100,0,None,0,0,,13,Waikato District,Nil,0,0,0,0,0,0,Open,0,0,0,Fine,Null
1752962,5924892,9550,,510401,0,0,0,1,0,North,2008/2009,ROSEBERRY AVENUE,MOKOIA ROAD,,Non-Injury Crash,No,2009,0,South,0,0,0,Hill Road,0,,0,,0,Bright sun,355300,0,0,0,2,0,0,0,0,0,,0,0,Auckland Region,Nil,2-way,Sealed,0,0,0,0,50,0,Null,0,0,,76,Auckland,Unknown,0,0,0,1,1,0,Urban,0,0,0,Fine,Null
1862828,5751726,9551,,535262,0,,0,0,,North,2009/2010,SH 1N,SH 30,,Non-Injury Crash,Yes,2009,,North,,0,,Flat,,,,,,Overcast,1151902,0,0,0,2,,,0,,,,,,Waikato Region,Nil,2-way,Sealed,,0,0,,100,,Null,0,0,,19,South Waikato District,Unknown,,,,,1,0,Open,1,,,Heavy rain,Null
1838597,5779799,9552,35,535250,0,0,0,1,0,West,2008/2009,WAOTU ROAD,OLD TAUPO ROAD W,,Non-Injury Crash,No,2009,0,North,0,0,1,Hill Road,0,,0,,0,Dark,1126700,0,0,0,2,0,0,0,0,1,,0,0,Waikato Region,Nil,2-way,Sealed,0,0,0,0,100,0,None,1,0,,19,South Waikato District,Unknown,0,0,0,0,0,0,Open,0,0,0,Light rain,Null
1549222,5376879,9553,75,581842,0,,0,0,,North,2009/2010,SH 6,MATIRI VALLEY ROAD,,Minor Crash,Yes,2009,,South,,0,,Flat,,,,,,Bright sun,2380700,1,0,0,2,,,0,,,,,,Tasman Region,Nil,2-way,Sealed,,0,0,,100,,Null,0,0,,51,Tasman District,Nil,,,,,1,0,Open,0,,,Fine,Null
1880739,5826519,9554,,536821,0,,0,1,,West,2009/2010,SH 2,TASMAN QUAY,,Non-Injury Crash,Yes,2009,,West,,0,,Flat,,,,,,Bright sun,1203700,0,0,0,4,,,0,,,,,,Bay of Plenty Region,Nil,2-way,Sealed,,0,0,,50,,Null,0,0,,23,Tauranga City,Unknown,,,,,1,0,Urban,0,,,Fine,Null
1720362,6049511,9555,,502202,0,,0,1,,Null,2009/2010,TAPPER CRESCENT,KORAU ROAD,,Non-Injury Crash,No,2009,,East,,0,,Flat,,,,,,Overcast,88100,0,0,0,2,,,0,,,,,,Northland Region,Nil,2-way,Sealed,,0,0,,50,,Off,1,0,,2,Whangarei District,Stop,,,,,0,0,Urban,0,,,Fine,Null
1755575,5929035,9556,,508510,0,,0,2,,Null,2008/2009,TRISTRAM AVENUE,TRISTRAM ON SBD W,,Non-Injury Crash,No,2009,,East,,0,,Flat,,,,,,Bright sun,195200,0,0,0,6,,,0,,,,,,Auckland Region,Motorway ramp,2-way,Sealed,,0,0,,50,,Null,0,0,,76,Auckland,Traffic Signals,,,,,0,0,Urban,0,,,Fine,Null
1764344,5909404,9557,,521802,0,,0,2,,Null,2009/2010,GREAT SOUTH ROAD,FORT RICHARD ROAD,,Non-Injury Crash,No,2009,,North,,0,,Flat,,,,,,Bright sun,788601,0,0,0,4,,,0,,,,,,Auckland Region,Nil,2-way,Sealed,,0,0,,50,,Off,0,1,,76,Auckland,Give way,,,,,0,0,Urban,0,,,Fine,Null
1688857,6090952,9558,,501633,0,0,0,1,0,Null,2008/2009,SH 10,POROTU ROAD,,Non-Injury Crash,Yes,2009,0,North,0,0,1,Flat,0,,0,,0,Dark,35700,0,0,0,2,0,0,0,0,0,,0,0,Northland Region,Nil,2-way,Sealed,0,0,0,0,100,0,None,0,0,,1,Far North District,Give way,0,0,0,0,0,0,Open,0,0,0,Fine,Null
1760350,5885015,9559,,521121,0,,0,2,,Null,2009/2010,GLENBROOK ROAD,KINGSEAT ROAD,,Non-Injury Crash,No,2009,,West,,0,,Flat,,,,,,Dark,811200,0,0,0,2,,,0,,,,,,Auckland Region,Nil,2-way,Sealed,,0,0,,100,,On,0,0,,76,Auckland,Nil,,,,,0,0,Open,0,,,Light rain,Null
1799034,5814609,9560,,529000,0,,0,1,,North,2008/2009,SH 1N,KILLARNEY ROAD,,Non-Injury Crash,Yes,2009,,North,,0,,Flat,,,,,,Bright sun,918400,0,0,0,2,,,0,,,,,,Waikato Region,Nil,2-way,Sealed,,0,0,,60,,Null,0,0,,16,Hamilton City,Unknown,,,,,1,0,Urban,0,,,Fine,Null
1821541,5529798,9561,,562800,0,,0,0,,Null,2008/2009,SH 3,WALDING ST,,Non-Injury Crash,Yes,2009,,East,,0,,Flat,,,,,,Bright sun,1830900,0,0,0,2,,,0,,,1,,,Manawatū-Whanganui Region,Nil,2-way,Sealed,,0,0,,50,,Null,0,0,,40,Palmerston North City,Traffic Signals,,,,,0,0,Urban,1,,,Fine,Null
1756151,5919166,9562,,515420,0,,0,2,,Null,2009/2010,GREAT NORTH ROAD,MAIDSTONE ST,,Non-Injury Crash,No,2009,,South,,0,,Flat,,,,,,Twilight,411500,0,0,0,4,,,0,,,,,,Auckland Region,Nil,2-way,Sealed,,0,0,,50,,On,0,0,,76,Auckland,Give way,,,,,0,0,Urban,0,,,Heavy rain,Null
1757068,5919082,9563,,514200,0,,0,2,,Null,2008/2009,SYMONDS ST,ALEX EVANS ST,,Non-Injury Crash,No,2009,,South,,0,,Flat,,,,,,Bright sun,412302,0,0,0,2,,,0,,,,,,Auckland Region,Nil,2-way,Sealed,,0,0,,50,,Null,0,0,,76,Auckland,Traffic Signals,,,,,0,0,Urban,0,,,Fine,Null
1804197,5815080,9564,,530500,0,,0,0,,North,2009/2010,HILLCREST ROAD,ODONOGHUE ST,,Non-Injury Crash,No,2009,,North,,0,,Flat,,,,,,Overcast,891400,0,0,1,1,,,0,,,,,,Waikato Region,Nil,2-way,Sealed,,0,0,,50,,Null,1,0,,16,Hamilton City,Unknown,,,,,0,0,Urban,0,,,Fine,Null
1729434,6043080,9565,,501818,0,,0,2,,East,2009/2010,OWHIWA ROAD,FRANKLIN ROAD,,Non-Injury Crash,No,2009,,North,,0,,Hill Road,,,,,,Dark,73601,0,0,0,2,,,0,,,,,,Northland Region,Nil,2-way,Sealed,,0,0,,100,,None,0,0,,2,Whangarei District,Nil,,,,,0,0,Open,0,,,Fine,Null
1993368,5744421,9566,,543601,0,0,0,2,0,West,2008/2009,SH 2,KEREI ST,,Non-Injury Crash,Yes,2009,0,West,0,0,1,Flat,0,Christmas New Year,0,,0,Bright sun,1352801,0,0,0,2,0,0,0,0,0,,0,0,Gisborne Region,Nil,2-way,Sealed,0,0,0,0,100,0,Null,0,0,,28,Gisborne District,Nil,0,0,0,0,0,0,Open,0,0,0,Fine,Null
1753253,5919858,9567,,515100,0,0,0,2,0,North,2009/2010,GARNET ROAD,WESTMERE CRESCENT,,Non-Injury Crash,No,2009,0,South,0,0,0,Flat,0,,0,,0,Overcast,400100,0,0,0,2,0,0,0,0,1,,0,0,Auckland Region,Nil,2-way,Sealed,0,0,0,0,50,0,Off,0,0,,76,Auckland,Nil,0,0,0,0,0,0,Urban,0,0,0,Light rain,Null
1755313,5921676,9568,,515202,0,,0,1,,North,2008/2009,SH 1N,FANSHAWE OFF SBD,,Non-Injury Crash,Yes,2009,,South,,0,,Flat,,,,,,Overcast,423600,0,0,0,5,,,0,,,,,,Auckland Region,Nil,1-way,Sealed,,0,0,,80,,Null,0,0,,76,Auckland,Unknown,,,,,0,0,Open,1,,,Fine,Null
1760046,5918646,9569,,515901,0,0,0,1,0,West,2009/2010,SHORE ROAD,PORTLAND ROAD,,Non-Injury Crash,No,2009,0,East,0,0,0,Flat,0,,0,,0,Bright sun,457400,0,0,0,2,0,0,0,0,0,,0,1,Auckland Region,Nil,2-way,Sealed,0,0,0,0,50,0,Null,0,0,,76,Auckland,Unknown,0,0,0,0,0,0,Urban,0,0,0,Fine,Null
1768014,5891145,9570,,521122,0,,0,1,,North,2009/2010,BLACKBRIDGE ROAD,MUIR ROAD,,Non-Injury Crash,No,2009,,North,,0,,Flat,,,,,,Bright sun,810100,0,0,0,2,,,0,,,,,,Auckland Region,Nil,2-way,Sealed,,0,0,,100,,None,0,0,,76,Auckland,Nil,,,,,0,0,Open,0,,,Fine,Null
1769880,5910637,9571,,523113,0,0,0,2,0,South,2009/2010,LIFFEY DRIVE,MATARANGI ROAD N,,Non-Injury Crash,No,2009,0,West,0,0,0,Flat,0,,0,,0,Overcast,711724,0,0,0,0,0,0,0,0,1,,0,0,Auckland Region,Nil,Off road,Sealed,0,0,0,0,50,0,None,0,0,,76,Auckland,Nil,0,0,0,0,0,0,Urban,0,0,0,Fine,Null
1755977,5926793,9572,,508620,0,,0,2,,East,2009/2010,NORTHCOTE ROAD,SUNNYBRAE ROAD,,Non-Injury Crash,No,2009,,West,,0,,Flat,,,,,,Twilight,204500,0,0,0,5,,,0,,,,,,Auckland Region,Nil,2-way,Sealed,,0,0,,50,,On,0,0,,76,Auckland,Nil,,,,,0,0,Urban,0,,,Fine,Null
1738447,5694628,9573,,550700,0,0,0,0,1,South,2008/2009,SH 3 MOKAU,OKAU ROAD,,Non-Injury Crash,Yes,2009,0,South,0,0,0,Hill Road,0,,0,,0,Overcast,1552600,0,0,0,2,0,0,0,0,0,,0,0,Taranaki Region,Nil,2-way,Sealed,0,0,0,0,100,0,Null,1,0,,33,New Plymouth District,Nil,0,0,0,0,0,0,Open,0,0,0,Light rain,Null
1741133,5921961,9574,,513701,0,,0,1,,Null,2008/2009,RED HILLS ROAD,SUNNYVALE ROAD,,Non-Injury Crash,No,2009,,West,,0,,Flat,,,,,,Bright sun,226501,0,0,0,2,,,0,,,,,,Auckland Region,Nil,2-way,Sealed,,0,0,,80,,Null,1,0,,76,Auckland,Stop,,,,,0,0,Open,0,,,Fine,Null
1750227,5913952,9575,,511303,0,,0,1,,East,2009/2010,TOTARA AVENUE,MEMORIAL DRIVE E,,Non-Injury Crash,No,2009,,West,,0,,Flat,,,,,,Overcast,266000,0,0,0,1,,,0,,,,,,Auckland Region,Nil,1-way,Sealed,,0,0,,50,,None,1,0,,76,Auckland,Nil,,,,,0,0,Urban,0,,,Light rain,Null
1873836,5818163,9576,,537602,0,0,0,0,0,Null,2009/2010,LAKEVIEW QUAY,LANDING DRIVE,,Non-Injury Crash,No,2009,0,West,0,0,0,Flat,0,,0,,0,Overcast,1192131,0,0,0,2,0,0,0,0,0,,0,1,Bay of Plenty Region,Nil,2-way,Sealed,0,0,0,0,50,0,Null,0,0,,23,Tauranga City,Give way,0,0,0,0,0,0,Urban,1,0,0,Fine,Null
1817260,5802853,9577,,527503,0,,0,1,,North,2009/2010,VICTORIA ST,COMMERCE ST,,Non-Injury Crash,No,2009,,North,,0,,Flat,,,,,,Overcast,965200,0,0,0,2,,,0,,,,,,Waikato Region,Nil,2-way,Sealed,,0,0,,50,,Off,1,0,,17,Waipa District,Nil,,,,,0,0,Urban,0,,,Fine,Null
1718711,6042736,9578,,503900,0,,0,1,,West,2008/2009,REWA REWA ROAD,DYER ST,,Non-Injury Crash,No,2009,,West,,0,,Flat,,,,,,Bright sun,109104,0,0,0,2,,,0,,,,,,Northland Region,Nil,2-way,Sealed,,0,0,,50,,Null,0,0,,2,Whangarei District,Unknown,,,,,0,0,Urban,1,,,Fine,Null
1797822,5813746,9579,,528602,0,0,0,1,0,Null,2009/2010,WINNING TERRACE,KAHIKATEA DRIVE,,Non-Injury Crash,No,2009,0,West,0,0,0,Flat,0,,0,,1,Dark,921607,0,0,0,2,0,0,0,0,0,,0,0,Waikato Region,Nil,2-way,Sealed,0,0,0,0,50,0,On,0,0,,16,Hamilton City,Give way,0,0,0,1,0,0,Urban,0,0,0,Mist or Fog,Null
1867230,5713458,9580,,541720,0,,0,2,,Null,2009/2010,RUAPEHU ST,HOROMATANGI ST,,Non-Injury Crash,No,2009,,West,,0,,Flat,,Labour Weekend,,,,Bright sun,1274000,0,0,0,2,,,0,,,,,,Waikato Region,Nil,2-way,Sealed,,0,0,,50,,Off,0,0,,21,Taupo District,Give way,,,,,0,0,Urban,0,,,Fine,Null
1730215,5939588,9581,,506800,0,0,0,0,0,East,2008/2009,RAUTAWHIRI ROAD,CABELEIGH DRIVE,,Non-Injury Crash,No,2009,0,East,0,0,0,Hill Road,0,,0,,0,Dark,209800,0,0,0,2,0,0,0,0,0,,0,1,Auckland Region,Nil,2-way,Sealed,0,0,0,0,50,0,On,1,0,,76,Auckland,Nil,0,0,0,0,0,0,Urban,0,0,0,Heavy rain,Null
1760658,5916788,9582,,516202,0,0,0,2,0,East,2008/2009,REMUERA ROAD,ASCOT AVENUE,,Non-Injury Crash,No,2009,0,East,0,0,0,Flat,0,,0,,0,Bright sun,489600,0,0,0,2,0,0,0,0,0,,0,1,Auckland Region,Nil,2-way,Sealed,0,0,0,0,50,0,Off,0,0,,76,Auckland,Nil,0,0,0,0,0,0,Urban,0,0,0,Null,Null
1677606,6107677,9583,,501633,0,0,0,1,0,North,2009/2010,CAPRINE ROAD,ONEKURA ROAD,,Non-Injury Crash,No,2009,0,North,1,0,0,Hill Road,0,,0,,0,Dark,43800,0,0,0,2,0,0,0,0,0,,0,0,Northland Region,Nil,2-way,Sealed,0,0,0,0,50,0,None,0,0,,1,Far North District,Nil,0,0,0,0,0,0,Urban,0,0,0,Light rain,Null
1876440,5826240,9584,,537100,0,,0,2,,North,2009/2010,NGATAI ROAD,EMILY PLACE,,Non-Injury Crash,No,2009,,South,,0,,Flat,,,,,,Dark,1158300,0,0,0,2,,,0,,,,,,Bay of Plenty Region,Nil,2-way,Sealed,,0,0,,50,,Off,0,0,,23,Tauranga City,Unknown,,,,,0,0,Urban,0,,,Fine,Null
1930951,5606308,9585,,547600,0,0,0,1,0,Null,2008/2009,WILLIAMS ST,NELSON ST NORTH,,Non-Injury Crash,No,2009,0,South,0,0,0,Flat,0,,0,,0,Dark,1483900,0,0,0,2,0,0,0,0,0,,0,1,Hawke's Bay Region,Nil,2-way,Sealed,0,0,0,0,50,0,On,0,0,,30,Hastings District,Nil,0,0,0,0,0,0,Urban,0,0,0,Fine,Null
1755464,5918245,9586,,517500,0,,0,0,,West,2009/2010,SH 16,BOND OBR,,Non-Injury Crash,Yes,2009,,West,,0,,Flat,,,,,,Bright sun,529900,0,0,0,4,,,0,,,,,,Auckland Region,Nil,1-way,Sealed,,0,0,,100,,Off,0,0,,76,Auckland,Nil,,,,,1,0,Open,1,,,Fine,Null
1718664,6047819,9587,,502600,0,,0,2,,Null,2009/2010,SH 1N,DOUGLAS ST,,Non-Injury Crash,Yes,2009,,North,,0,,Flat,,,,,,Bright sun,94700,0,0,0,2,,,0,,,,,,Northland Region,Nil,2-way,Sealed,,0,0,,50,,Off,0,0,,2,Whangarei District,Give way,,,,,0,0,Urban,0,,,Fine,Null
1766527,5907238,9588,,522302,0,,0,4,,South,2009/2010,SH 1N,OTARA OFF NBD,,Non-Injury Crash,Yes,2009,,North,,0,,Flat,,,,,,Overcast,668000,0,0,0,3,,,0,,,,,,Auckland Region,Nil,1-way,Sealed,,0,0,,100,,Off,0,0,,76,Auckland,Nil,,,,,0,0,Open,0,,,Light rain,Null
1753584,5927225,9589,,508310,0,0,1,1,0,North,2008/2009,GLENFIELD ROAD,CAPILANO PLACE,,Non-Injury Crash,No,2009,0,North,0,0,0,Hill Road,0,,0,,0,Dark,202400,0,0,0,2,0,0,0,0,0,,0,0,Auckland Region,Nil,2-way,Sealed,0,0,0,0,50,0,On,0,0,,76,Auckland,Unknown,0,0,0,0,0,0,Urban,0,1,0,Fine,Null
1814056,5862673,9590,,533901,0,0,0,1,1,South,2009/2010,SH 27,TOREHAPE ROAD EAST,,Non-Injury Crash,Yes,2009,0,North,0,0,0,Flat,0,,0,,0,Twilight,1069401,0,0,0,2,0,0,0,0,0,,0,0,Waikato Region,Nil,2-way,Sealed,0,0,0,0,100,0,None,0,0,,12,Hauraki District,Unknown,0,0,0,0,0,0,Open,0,0,0,Fine,Null
1827160,5819100,9591,55,534500,0,0,0,1,1,West,2009/2010,CHEPMELL ROAD,WATERWORKS ROAD,,Non-Injury Crash,No,2009,0,West,0,0,0,Hill Road,0,,0,,0,Dark,1101100,0,0,0,2,0,0,0,0,0,,0,0,Waikato Region,Nil,2-way,Sealed,0,0,0,0,100,0,None,0,0,,15,Matamata-Piako District,Unknown,0,0,0,0,0,0,Open,0,0,0,Fine,Null
1874866,5823433,9592,,536513,0,0,0,1,0,East,2009/2010,SH 2,MOFFAT ROAD,,Non-Injury Crash,Yes,2009,0,West,0,0,0,Hill Road,0,,0,,0,Dark,1190703,0,0,0,3,0,0,0,0,0,,0,1,Bay of Plenty Region,Nil,2-way,Sealed,0,0,0,0,80,0,On,0,0,,23,Tauranga City,Unknown,0,0,0,0,0,0,Open,0,0,0,Heavy rain,Strong wind
1766072,5901572,9593,,524604,0,0,0,1,0,West,2009/2010,BROWNS ROAD,DAGENHAM ST,,Non-Injury Crash,No,2009,0,West,0,0,0,Flat,0,,0,,0,Dark,781302,0,0,0,2,0,0,0,0,1,,0,0,Auckland Region,Nil,2-way,Sealed,0,0,0,0,50,0,On,0,0,,76,Auckland,Nil,0,0,0,0,1,0,Urban,0,0,0,Light rain,Null
1826478,5886684,9594,,533502,0,0,0,2,0,Null,2009/2010,FRANKLYN ST,AUGUSTUS ST NORTH,,Non-Injury Crash,No,2009,0,South,0,0,1,Hill Road,0,,0,,0,Dark,1051500,0,0,0,2,0,0,0,0,1,,0,0,Waikato Region,Nil,2-way,Sealed,0,0,0,0,50,0,None,0,0,,11,Thames-Coromandel District,Stop,0,0,0,0,0,0,Urban,0,0,0,Fine,Null
1747025,5920391,9595,,512300,0,,0,2,,West,2009/2010,KOTUKU ST,OLD TE ATATU ROAD,,Non-Injury Crash,No,2009,,West,,0,,Flat,,,,,,Bright sun,251500,0,0,0,2,,,0,,,,,,Auckland Region,Nil,2-way,Sealed,,0,0,,50,,Off,0,0,,76,Auckland,Nil,,,,,0,0,Urban,0,,,Fine,Null
1755962,5926779,9596,,508620,0,,0,2,,Null,2009/2010,SUNNYBRAE ROAD,NORTHCOTE ROAD,,Non-Injury Crash,No,2009,,South,,0,,Flat,,,,,,Overcast,204702,0,0,0,2,,,0,,,,,,Auckland Region,Nil,2-way,Sealed,,0,0,,50,,None,0,0,,76,Auckland,Traffic Signals,,,,,0,0,Urban,0,,,Fine,Null