X,Y,OBJECTID,advisorySpeed,areaUnitID,bicycle,bridge,bus,carStationWagon,cliffBank,crashDirectionDescription,crashFinancialYear,crashLocation1,crashLocation2,crashRoadSideRoad,crashSeverity,crashSHDescription,crashYear,debris,directionRoleDescription,ditch,fatalCount,fence,flatHill,guardRail,holiday,houseOrBuilding,intersection,kerb,light,meshblockId,minorInjuryCount,moped,motorcycle,NumberOfLanes,objectThrownOrDropped,otherObject,otherVehicleType,overBank,parkedVehicle,pedestrian,phoneBoxEtc,postOrPole,region,roadCharacter,roadLane,roadSurface,roadworks,schoolBus,seriousInjuryCount,slipOrFlood,speedLimit,strayAnimal,streetLight,suv,taxi,temporarySpeedLimit,tlaId,tlaName,trafficControl,trafficIsland,trafficSign,train,tree,truck,unknownVehicleType,urban,vanOrUtility,vehicle,waterRiver,weatherA,weatherB
1917372,5806339,9597,,542530,0,,0,0,,West,2008/2009,SH 2,HAUONE ROAD,,Non-Injury Crash,Yes,2009,,West,,0,,Flat,,,,,,Overcast,1325300,0,0,0,2,,,0,,,,,,Bay of Plenty Region,Nil,2-way,Sealed,,0,0,,100,,Null,0,0,,25,Whakatane District,Unknown,,,,,1,0,Open,0,,,Light rain,Strong wind
1766825,5901878,9598,,524604,0,,0,2,,Null,2009/2010,BROWNS ROAD,GLOUCESTER ROAD,,Non-Injury Crash,No,2009,,West,,0,,Flat,,,,,,Twilight,781400,0,0,0,2,,,0,,,,,,Auckland Region,Nil,2-way,Sealed,,0,0,,50,,On,0,0,,76,Auckland,Give way,,,,,0,0,Urban,0,,,Fine,Null
1759515,5910043,9599,,524002,0,,0,2,,South,2009/2010,SH 20,RIMU OBR,,Non-Injury Crash,Yes,2009,,South,,0,,Flat,,,,,,Bright sun,722400,0,0,0,2,,,0,,,,,,Auckland Region,Nil,1-way,Sealed,,0,0,,80,,Off,0,0,,76,Auckland,Nil,,,,,0,0,Open,0,,,Fine,Null
1752153,5914479,9600,,514500,0,0,0,1,0,North,2009/2010,WHITNEY ST,LEINSTER ST,,Non-Injury Crash,No,2009,0,South,0,0,1,Hill Road,0,,0,,1,Dark,374700,0,0,0,2,0,0,0,0,0,,0,0,Auckland Region,Nil,2-way,Sealed,0,0,0,0,50,0,On,0,0,,76,Auckland,Nil,0,0,0,0,0,0,Urban,0,0,0,Fine,Null
1770635,5911227,9601,,523109,0,,0,1,,Null,2009/2010,CHAPEL ROAD,TI RAKAU DRIVE,,Non-Injury Crash,No,2009,,North,,0,,Flat,,,,,,Overcast,712008,0,0,0,2,,,0,,,,,,Auckland Region,Nil,2-way,Sealed,,0,0,,70,,Off,1,0,,76,Auckland,Traffic Signals,,,,,0,0,Urban,0,,,Light rain,Null
1718569,6045066,9602,,502900,0,0,0,2,0,South,2009/2010,ARMSTRONG AVENUE,MAUNU ROAD,,Non-Injury Crash,No,2009,0,South,0,0,0,Flat,0,,0,,0,Dark,103400,0,0,0,2,0,0,0,0,1,,0,0,Northland Region,Nil,2-way,Sealed,0,0,0,0,50,0,On,0,0,,2,Whangarei District,Nil,0,0,0,0,0,0,Urban,0,0,0,Fine,Null
1931267,5603735,9603,,548100,0,0,0,2,0,East,2008/2009,HOWARD ST,PALMER PLACE,,Non-Injury Crash,No,2009,0,West,0,0,0,Flat,0,,0,,0,Bright sun,1472804,0,0,0,2,0,0,0,0,0,,0,0,Hawke's Bay Region,Nil,2-way,Sealed,0,0,0,0,50,0,Null,0,0,,30,Hastings District,School Patrol/warden,0,0,0,0,0,0,Urban,0,1,0,Fine,Null
1786587,5859631,9604,,527210,0,0,0,1,0,North,2009/2010,SH 1N,HALL ROAD,,Non-Injury Crash,Yes,2009,0,South,0,0,0,Flat,1,,0,,0,Bright sun,935700,0,0,0,2,0,0,0,0,0,,0,0,Waikato Region,Nil,2-way,Sealed,0,0,0,0,100,0,Null,0,0,,13,Waikato District,Unknown,0,0,0,0,0,0,Open,0,0,0,Fine,Null
1769656,5901147,9605,,524901,0,,0,2,,Null,2009/2010,ALFRISTON ROAD,SCOTTS ROAD,,Non-Injury Crash,No,2009,,West,,0,,Flat,,,,,,Dark,757500,0,0,0,2,,,0,,,,,,Auckland Region,Nil,2-way,Sealed,,0,0,,50,,On,0,0,,76,Auckland,Give way,,,,,0,0,Urban,0,,,Fine,Null
1751869,5934665,9606,,508701,0,0,0,1,0,South,2009/2010,GILLS ROAD,LIVING STREAM ROAD,,Non-Injury Crash,No,2009,0,South,0,0,0,Hill Road,0,,0,,0,Dark,178501,0,0,0,2,0,0,0,1,0,,0,0,Auckland Region,Nil,2-way,Sealed,0,0,0,0,50,0,On,0,0,,76,Auckland,Unknown,0,0,0,1,0,0,Urban,0,0,0,Mist or Fog,Null
1887021,5824001,9607,,536515,0,0,0,1,0,East,2008/2009,PACIFIC VIEW ROAD,TUIHANA DRIVE,,Non-Injury Crash,No,2009,0,East,0,0,0,Flat,0,,0,,1,Dark,1205042,0,0,0,2,0,0,0,0,0,,0,0,Bay of Plenty Region,Nil,2-way,Sealed,0,0,0,0,50,0,Off,0,0,,23,Tauranga City,Nil,0,0,0,0,0,0,Urban,0,0,0,Fine,Null
1823899,5829703,9608,,534902,0,,0,2,,West,2009/2010,SH 26,SANDERS AVENUE,,Non-Injury Crash,Yes,2009,,East,,0,,Flat,,,,,,Overcast,1090300,0,0,0,2,,,0,,,,,,Waikato Region,Nil,2-way,Sealed,,0,0,,50,,Off,0,0,,15,Matamata-Piako District,Nil,,,,,0,0,Urban,0,,,Fine,Null
1757262,5918872,9609,,514301,0,0,0,1,0,Null,2008/2009,WELLESLEY OFF NBD,SYMONDS OFF NBD,,Non-Injury Crash,Yes,2009,0,North,0,0,0,Hill Road,1,,0,,0,Overcast,441600,0,0,0,2,0,0,0,0,0,,0,0,Auckland Region,Nil,1-way,Sealed,0,0,0,0,80,0,Off,0,0,,76,Auckland,Nil,0,0,0,0,0,0,Open,0,0,0,Light rain,Null
1798015,5814820,9610,,529000,0,,0,2,,North,2009/2010,RIFLE RANGE ROAD,JOHNSON ST,,Non-Injury Crash,No,2009,,South,,0,,Flat,,,,,,Bright sun,917100,0,0,0,2,,,0,,,,,,Waikato Region,Nil,2-way,Sealed,,0,0,,50,,Off,0,0,,16,Hamilton City,Nil,,,,,0,0,Urban,0,,,Fine,Null
1766553,5905945,9611,,522302,0,,0,1,,Null,2009/2010,GREAT SOUTH ROAD,CARLIE ST,,Non-Injury Crash,No,2009,,East,,0,,Flat,,,,,,Overcast,669200,0,0,0,2,,,0,,,,,,Auckland Region,Nil,2-way,Sealed,,0,0,,50,,Null,0,0,,76,Auckland,Stop,,,,,0,0,Urban,1,,,Light rain,Null
1839305,5662383,9612,,541501,0,,0,0,,South,2008/2009,SH 1N,MANGAMATE CUL,,Non-Injury Crash,Yes,2009,,North,,0,,Hill Road,,,,,,Dark,1288900,0,0,0,2,,,0,,,,,,Waikato Region,Nil,2-way,Sealed,,0,0,,100,,None,1,0,,21,Taupo District,Unknown,,,,,0,0,Open,1,,,Heavy rain,Null
1752366,5918006,9613,,515003,0,,0,2,,East,2009/2010,SH 16,GT NORTH OBR,,Non-Injury Crash,Yes,2009,,West,,0,,Flat,,,,,,Overcast,391602,0,0,0,3,,,0,,,,,,Auckland Region,Nil,1-way,Sealed,,0,0,,100,,Off,0,0,,76,Auckland,Nil,,,,,0,0,Open,0,,,Fine,Null
1770585,5911016,9614,,523109,0,,0,2,,West,2009/2010,FACILITY ACCESS,CHAPEL ROAD,,Non-Injury Crash,No,2009,,West,,0,,Hill Road,,,,,,Bright sun,711709,0,0,0,2,,,0,,,,,,Auckland Region,Nil,2-way,Sealed,,0,0,,50,,Off,0,0,,76,Auckland,Give way,,,,,0,0,Urban,0,,,Fine,Null
1773182,5895567,9615,,525410,0,,0,2,,Null,2008/2009,ALEXANDER ST,KING EDWARD AVENUE,,Non-Injury Crash,No,2009,,East,,0,,Flat,,,,,,Overcast,793501,0,0,0,2,,,0,,,,,,Auckland Region,Nil,2-way,Sealed,,0,0,,50,,Off,0,0,,76,Auckland,Give way,,,,,0,0,Urban,0,,,Null,Null
1868972,5778588,9616,,538864,0,0,0,1,0,Null,2008/2009,ARAHIWI ROAD,ACHILLES ROAD ACCESS,,Non-Injury Crash,No,2009,0,North,0,0,1,Flat,0,,0,,0,Dark,1265702,0,0,0,2,0,0,0,0,0,,0,0,Bay of Plenty Region,Nil,2-way,Sealed,0,0,0,0,100,0,None,0,0,,24,Rotorua District,Nil,0,0,0,0,0,0,Open,0,0,0,Fine,Null
1801684,5815251,9617,,530200,0,,0,2,,South,2008/2009,VON TEMPSKY ST,DAWSON ST,,Non-Injury Crash,No,2009,,South,,0,,Flat,,,,,,Bright sun,894900,0,0,0,,,,0,,,,,,Waikato Region,Nil,2-way,Sealed,,0,0,,50,,Null,0,1,,16,Hamilton City,Nil,,,,,0,0,Urban,0,,,Fine,Null
1754774,5932031,9618,,508805,0,,0,2,,North,2009/2010,APOLLO DRIVE,CONSTELLATION DRIVE,,Non-Injury Crash,No,2009,,West,,0,,Flat,,,,,,Bright sun,180813,0,0,0,2,,,0,,,,,,Auckland Region,Nil,2-way,Sealed,,0,0,,50,,Off,0,0,,76,Auckland,Nil,,,,,0,0,Urban,0,,,Fine,Null
1796794,5819857,9619,,528403,0,,0,3,,South,2009/2010,TE RAPA ROAD,THE BASE PARADE,,Non-Injury Crash,No,2009,,North,,0,,Flat,,,,,,Overcast,907500,0,0,0,4,,,0,,,,,,Waikato Region,Nil,2-way,Sealed,,0,0,,80,,Null,1,0,,16,Hamilton City,Unknown,,,,,0,0,Open,0,,,Fine,Null
1885086,5774109,9620,,540410,0,0,0,0,0,East,2009/2010,HAUPAPA ST,TUTANEKAI ST,,Non-Injury Crash,No,2009,0,East,0,0,0,Flat,0,,0,,0,Bright sun,1233400,0,0,0,2,0,0,0,0,1,,0,0,Bay of Plenty Region,Nil,2-way,Sealed,0,0,0,0,50,0,Null,0,0,,24,Rotorua District,Unknown,0,0,0,0,1,0,Urban,0,0,0,Fine,Null
1766613,5913142,9621,,522910,0,,0,2,,East,2009/2010,AYLESBURY ST,TI RAKAU DRIVE,,Non-Injury Crash,No,2009,,East,,0,,Flat,,,,,,Bright sun,684000,0,0,0,2,,,0,,,,,,Auckland Region,Nil,2-way,Sealed,,0,0,,50,,None,0,0,,76,Auckland,Nil,,,,,0,0,Urban,0,,,Fine,Null
1747965,5912510,9622,,511902,0,,0,2,,Null,2009/2010,PLEASANT ROAD,TITIRANGI ROAD,,Non-Injury Crash,No,2009,,South,,0,,Flat,,,,,,Dark,292103,0,0,0,5,,,0,,,,,,Auckland Region,Nil,2-way,Sealed,,0,0,,50,,On,0,0,,76,Auckland,Traffic Signals,,,,,0,0,Urban,0,,,Fine,Null
1570398,5179672,9623,,591500,0,,0,1,,Null,2009/2010,TUAM ST,DURHAM ST,,Minor Crash,No,2009,,West,,0,,Flat,,Labour Weekend,,,,Dark,2648500,1,1,0,2,,,0,,,,,,Canterbury Region,Nil,2-way,Sealed,,0,0,,50,,On,0,0,,60,Christchurch City,Traffic Signals,,,,,0,0,Urban,0,,,Heavy rain,Null
1870005,5822049,9624,,536620,0,0,0,1,0,South,2008/2009,MINDEN ROAD,ELLIOT WAY,,Non-Injury Crash,No,2009,0,North,0,0,1,Hill Road,0,,0,,0,Dark,1189701,0,0,0,2,0,0,0,0,0,,0,0,Bay of Plenty Region,Nil,2-way,Sealed,0,0,0,0,100,0,None,0,0,,22,Western Bay of Plenty District,Unknown,0,0,0,0,0,0,Open,0,0,0,Light rain,Null
1766761,5917948,9625,,517002,0,0,0,1,0,North,2008/2009,LEYBOURNE CIRCLE,COURTLAND AVENUE,,Non-Injury Crash,No,2009,0,West,0,0,0,Flat,0,,0,,0,Bright sun,472200,0,0,0,2,0,0,0,0,1,,0,0,Auckland Region,Nil,2-way,Sealed,0,0,0,0,50,0,Off,1,0,,76,Auckland,Nil,0,0,0,0,0,0,Urban,0,0,0,Fine,Null
1757517,5920907,9626,,514101,0,0,1,1,0,North,2008/2009,QUEEN ST,CUSTOMS ST WEST,,Non-Injury Crash,No,2009,0,South,0,0,0,Flat,0,,0,,0,Overcast,432900,0,0,0,2,0,0,0,0,1,,0,0,Auckland Region,Nil,2-way,Sealed,0,0,0,0,50,0,Off,0,0,,76,Auckland,Traffic Signals,0,0,0,0,0,0,Urban,0,0,0,Light rain,Null
1880268,5820728,9627,,538000,0,,0,2,,South,2008/2009,TAIPARI ST,AVOCET AVENUE,,Non-Injury Crash,No,2009,,South,,0,,Flat,,,,,,Bright sun,1179401,0,0,0,2,,,0,,,,,,Bay of Plenty Region,Nil,2-way,Sealed,,0,0,,50,,Null,0,0,,23,Tauranga City,Unknown,,,,,0,0,Urban,0,,,Fine,Null
1756741,5919150,9628,,514200,0,,0,2,,East,2008/2009,1 LINK 16,SH 16,,Non-Injury Crash,Yes,2009,,East,,0,,Flat,,,,,,Overcast,412900,0,0,0,3,,,0,,,,,,Auckland Region,Nil,2-way,Sealed,,0,0,,100,,Null,0,0,,76,Auckland,Unknown,,,,,0,0,Open,0,,,Fine,Null
1751192,5915378,9629,,514401,0,,0,2,,North,2009/2010,GREAT NORTH ROAD,RACECOURSE PARADE,,Non-Injury Crash,No,2009,,North,,0,,Flat,,,,,,Overcast,382400,0,0,0,2,,,0,,,,,,Auckland Region,Nil,2-way,Sealed,,0,0,,50,,Off,0,0,,76,Auckland,Nil,,,,,0,0,Urban,1,,,Fine,Null
1767575,5905462,9630,,523722,0,,0,2,,North,2009/2010,SH 1N,TE IRIRANGI OFF SBD,,Non-Injury Crash,Yes,2009,,South,,0,,Hill Road,,,,,,Dark,715701,0,0,0,3,,,0,,,,,,Auckland Region,Nil,1-way,Sealed,,0,0,,50,,On,0,0,,76,Auckland,Nil,,,,,0,0,Urban,0,,,Fine,Null
1770207,5899071,9631,,523911,0,,0,2,,Null,2009/2010,GREAT SOUTH ROAD,MANUIA ROAD,,Non-Injury Crash,No,2009,,South,,0,,Flat,,,,,,Dark,768100,0,0,0,4,,,0,,,,,,Auckland Region,Nil,2-way,Sealed,,0,0,,50,,On,0,0,,76,Auckland,Traffic Signals,,,,,0,0,Urban,0,,,Light rain,Null
1877881,5781725,9632,35,538811,0,0,0,1,1,North,2008/2009,DALBETH ROAD,SH 5,,Non-Injury Crash,No,2009,0,North,0,0,0,Hill Road,0,,0,,0,Overcast,1249901,0,0,0,2,0,0,0,0,0,,0,0,Bay of Plenty Region,Nil,2-way,Sealed,0,0,0,0,100,0,Null,0,0,,24,Rotorua District,Unknown,0,0,0,0,0,0,Open,0,0,0,Light rain,Null
1753222,5918394,9633,,515002,0,,0,2,,Null,2009/2010,MOTIONS ROAD,GREAT NORTH ROAD,,Non-Injury Crash,No,2009,,South,,0,,Flat,,,,,,Overcast,390501,0,0,0,3,,,0,,,,,,Auckland Region,Nil,2-way,Sealed,,0,0,,50,,Null,0,0,,76,Auckland,Give way,,,,,0,0,Urban,0,,,Heavy rain,Null
1482347,5249458,9634,35,585315,0,,0,1,,South,2009/2010,SH 73,PEGLEG CRK BR,,Minor Crash,Yes,2009,,South,,0,,Hill Road,,,,,,Overcast,2422900,2,0,0,2,,,0,,,,,,West Coast Region,Nil,2-way,Sealed,,0,0,,100,,Null,0,0,,57,Westland District,Unknown,,,,,0,0,Open,1,,,Snow,Null
1404914,4916211,9635,,603000,0,0,0,2,0,Null,2008/2009,HAWTHORN AVENUE,MAORI ROAD,,Minor Crash,No,2009,0,East,0,0,0,Hill Road,0,,0,,0,Overcast,2897900,2,0,0,2,0,0,0,0,0,,0,0,Otago Region,Nil,2-way,Sealed,0,0,0,0,50,0,Null,0,0,,71,Dunedin City,Stop,0,1,0,0,0,0,Urban,0,0,0,Light rain,Null
1757404,5919771,9636,,514103,0,,0,2,,Null,2008/2009,MOUNT ST,WAKEFIELD ST,,Non-Injury Crash,No,2009,,West,,0,,Flat,,,,,,Overcast,436804,0,0,0,2,,,0,,,,,,Auckland Region,Nil,2-way,Sealed,,0,0,,50,,On,0,0,,76,Auckland,Nil,,,,,0,0,Urban,0,,,Fine,Null
1756092,5913810,9637,,518500,0,0,0,2,0,East,2009/2010,MOUNT ALBERT ROAD,FROST ROAD,,Non-Injury Crash,No,2009,0,East,0,0,0,Flat,0,,0,,0,Dark,563400,0,0,0,2,0,0,0,0,1,,0,0,Auckland Region,Nil,2-way,Sealed,0,0,0,0,50,0,On,0,0,,76,Auckland,Nil,0,0,0,0,0,0,Urban,0,0,0,Fine,Null
1745103,5916496,9638,,510800,0,,0,2,,North,2009/2010,HENDERSON VALLEY ROAD,KEELING ROAD,,Non-Injury Crash,No,2009,,North,,0,,Flat,,,,,,Overcast,242000,0,0,0,2,,,0,,,,,,Auckland Region,Nil,2-way,Sealed,,0,0,,50,,Null,0,0,,76,Auckland,Nil,,,,,0,0,Urban,0,,,Fine,Null
1758940,5919251,9639,,515901,1,,0,1,,Null,2009/2010,PARNELL ROAD,BIRDWOOD CRESCENT S,,Non-Injury Crash,No,2009,,North,,0,,Flat,,,,,,Bright sun,457100,0,0,0,3,,,0,,,,,,Auckland Region,Nil,2-way,Sealed,,0,0,,50,,Off,0,0,,76,Auckland,Traffic Signals,,,,,0,0,Urban,0,,,Fine,Null
1756237,5927544,9640,,507900,0,,0,2,,North,2008/2009,SH 1N,NORTHCOTE OFF SBD,,Non-Injury Crash,Yes,2009,,South,,0,,Flat,,,,,,Bright sun,305202,0,0,0,6,,,0,,,,,,Auckland Region,Nil,2-way,Sealed,,0,0,,100,,Off,0,0,,76,Auckland,Nil,,,,,0,0,Open,1,,,Fine,Null
1764836,5906347,9641,,522201,0,,0,2,,North,2009/2010,CORONATION ROAD,OMAGH AVENUE,,Non-Injury Crash,No,2009,,South,,0,,Flat,,,,,,Overcast,662100,0,0,0,2,,,0,,,,,,Auckland Region,Nil,2-way,Sealed,,0,0,,50,,Null,0,0,,76,Auckland,Unknown,,,,,0,0,Urban,0,,,Light rain,Null
1755566,5929032,9642,,508510,0,,0,2,,West,2008/2009,TRISTRAM AVENUE,TRISTRAM ON SBD W,,Non-Injury Crash,No,2009,,East,,0,,Flat,,,,,,Overcast,195200,0,0,0,5,,,0,,,,,,Auckland Region,Nil,2-way,Sealed,,0,0,,50,,Off,0,0,,76,Auckland,Traffic Signals,,,,,0,0,Urban,1,,,Fine,Null
1763584,5920422,9643,,516500,0,0,0,1,0,Null,2009/2010,TAMAKI DRIVE,SELWYN AVENUE,,Non-Injury Crash,No,2009,0,East,0,0,0,Flat,0,,0,,0,Bright sun,500900,0,0,0,2,0,0,0,0,1,,0,0,Auckland Region,Nil,2-way,Sealed,0,0,0,0,50,0,Off,0,0,,76,Auckland,Nil,0,0,0,0,1,0,Urban,0,0,0,Fine,Null
1870934,5823482,9644,,536503,0,,0,1,,Null,2008/2009,SH 2,MINDEN ROAD,,Non-Injury Crash,Yes,2009,,East,,0,,Flat,,,,,,Bright sun,1188103,0,0,0,2,,,0,,,,,,Bay of Plenty Region,Nil,2-way,Sealed,,0,0,,80,,Null,0,0,,22,Western Bay of Plenty District,Stop,,,,,0,0,Open,1,,,Fine,Null
1783076,5865116,9645,,527210,0,0,0,1,0,North,2009/2010,SH 1N,HAMPTON DOWNS OBR,,Non-Injury Crash,Yes,2009,0,South,0,0,0,Flat,1,,0,,0,Bright sun,935600,0,0,0,4,0,0,0,0,0,,0,0,Waikato Region,Nil,2-way,Sealed,0,0,0,0,100,0,Null,0,0,,13,Waikato District,Unknown,0,0,0,0,0,0,Open,0,0,0,Fine,Null
1404441,4919526,9646,,603820,0,0,0,1,0,North,2008/2009,WAKARI ROAD,HELENSBURGH ROAD,,Minor Crash,No,2009,0,North,0,0,0,Hill Road,0,,0,,0,Dark,2889600,1,0,0,2,0,0,0,1,0,,0,0,Otago Region,Nil,2-way,Sealed,0,0,0,0,50,0,On,0,0,,71,Dunedin City,Unknown,0,0,0,1,0,0,Urban,0,0,0,Fine,Null
1760130,5915912,9647,,516003,0,,0,2,,Null,2009/2010,GREENLANE OFF NBD,GREENLANE INT,,Non-Injury Crash,Yes,2009,,North,,0,,Flat,,,,,,Overcast,494902,0,0,0,2,,,0,,,,,,Auckland Region,Motorway ramp,1-way,Sealed,,0,0,,50,,Off,0,0,,76,Auckland,Give way,,,,,0,0,Urban,0,,,Fine,Null
1905225,5808192,9648,,536654,0,0,0,0,0,West,2009/2010,SH 2,ARAWA ROAD,,Non-Injury Crash,Yes,2009,0,West,0,0,0,Flat,0,,0,,0,Bright sun,1211400,0,0,0,2,0,0,0,1,0,,0,0,Bay of Plenty Region,Nil,2-way,Sealed,0,0,0,0,100,0,Null,1,0,,22,Western Bay of Plenty District,Unknown,0,0,0,0,0,0,Open,0,0,0,Fine,Null
1816882,5803603,9649,,527503,0,0,0,3,0,Null,2009/2010,SH 1N,SH 1B,,Non-Injury Crash,Yes,2009,0,North,0,0,0,Flat,0,,0,,0,Overcast,962602,0,0,0,2,0,0,0,0,0,,0,0,Waikato Region,Nil,2-way,Sealed,0,0,0,0,50,0,Off,0,0,,17,Waipa District,Give way,0,0,0,0,0,0,Urban,0,1,0,Fine,Null
1759386,5925740,9650,,508110,0,,0,2,,South,2009/2010,LAKE ROAD,EVERSLEIGH ROAD,,Non-Injury Crash,No,2009,,South,,0,,Flat,,,,,,Bright sun,319200,0,0,0,2,,,0,,,,,,Auckland Region,Nil,2-way,Sealed,,0,0,,50,,Off,1,0,,76,Auckland,Nil,,,,,0,0,Urban,0,,,Fine,Null
1679458,6022970,9651,,504600,0,,0,1,,Null,2008/2009,SH 14,GREY ST,,Non-Injury Crash,Yes,2009,,North,,0,,Flat,,Easter,,,,Overcast,113600,0,0,0,2,,,0,,,,,,Northland Region,Nil,2-way,Sealed,,0,0,,50,,Off,0,0,,3,Kaipara District,Stop,,,,,0,0,Urban,1,,,Fine,Null
1883510,5774250,9652,,539400,0,,0,4,,South,2008/2009,SH 5,SUNSET ROAD,,Non-Injury Crash,Yes,2009,,North,,0,,Flat,,,,,,Bright sun,1225500,0,0,0,4,,,0,,,,,,Bay of Plenty Region,Nil,2-way,Sealed,,0,0,,60,,Null,0,0,,24,Rotorua District,Unknown,,,,,0,0,Urban,0,,,Fine,Null
1797549,5819741,9653,,528310,0,0,0,1,0,Null,2008/2009,BROUGH PLACE,MORROW AVENUE,,Non-Injury Crash,No,2009,0,West,0,0,1,Flat,0,Easter,0,,0,Dark,897204,0,0,0,2,0,0,0,0,0,,0,0,Waikato Region,Nil,2-way,Unsealed,0,0,0,0,50,0,On,0,0,,16,Hamilton City,Nil,0,0,0,0,0,0,Urban,0,0,0,Fine,Null
1570641,5179795,9654,,591500,0,,0,1,,Null,2009/2010,LICHFIELD ST,COLOMBO ST,,Minor Crash,No,2009,,East,,0,,Flat,,Christmas New Year,,,,Overcast,2651700,1,0,0,3,,,0,,,1,,,Canterbury Region,Nil,2-way,Sealed,,0,0,,50,,Null,0,0,,60,Christchurch City,Traffic Signals,,,,,0,0,Urban,0,,,Light rain,Null
1843504,5530856,9655,,550500,0,,0,2,,North,2008/2009,SH 2,ORMOND ST,,Minor Crash,Yes,2009,,North,,0,,Flat,,,,,,Overcast,1541400,1,0,0,2,,,0,,,,,,Manawatū-Whanganui Region,Nil,2-way,Sealed,,0,0,,100,,Null,0,0,,41,Tararua District,Nil,,,,,0,0,Open,0,,,Light rain,Strong wind
1766520,5913270,9656,,522920,0,,0,2,,Null,2009/2010,TI RAKAU DRIVE,PAKURANGA ROAD,,Non-Injury Crash,No,2009,,North,,0,,Flat,,,,,,Overcast,683900,0,0,0,2,,,0,,,,,,Auckland Region,Nil,2-way,Sealed,,0,0,,50,,Off,0,0,,76,Auckland,Give way,,,,,0,0,Urban,0,,,Fine,Null
1878483,5822010,9657,,538102,0,,0,1,,Null,2008/2009,FRASER ST,SH 2A,,Non-Injury Crash,Yes,2009,,West,,0,,Flat,,,,,,Dark,1168700,0,0,0,2,,,0,,,,,,Bay of Plenty Region,Nil,2-way,Sealed,,0,0,,50,,On,1,0,,23,Tauranga City,Traffic Signals,,,,,0,0,Urban,0,,,Fine,Null
1771155,5912499,9658,,523106,0,0,0,1,0,East,2009/2010,ORANGEWOOD DRIVE,CASABELLA COURT,,Non-Injury Crash,No,2009,0,West,0,0,1,Hill Road,0,,0,,0,Dark,711153,0,0,0,2,0,0,0,0,0,,0,0,Auckland Region,Nil,2-way,Sealed,0,0,0,0,60,0,On,0,0,,76,Auckland,Nil,0,0,0,0,0,0,Urban,0,0,0,Fine,Null
1560662,5178545,9659,,587400,0,,0,3,,West,2008/2009,SH 1S,PARKER ST,,Serious Crash,Yes,2009,,East,,0,,Flat,,,,,,Bright sun,2488101,0,0,0,2,,,0,,,,,,Canterbury Region,Nil,2-way,Sealed,,0,1,,80,,Null,1,0,,60,Christchurch City,Unknown,,,,,0,0,Open,0,,,Fine,Null
1750395,5949538,9660,,505805,0,,0,2,,Null,2008/2009,GRAND DRIVE,GROVENOR DRIVE,,Non-Injury Crash,No,2009,,West,,0,,Flat,,,,,,Dark,171707,0,0,0,2,,,0,,,,,,Auckland Region,Nil,2-way,Sealed,,0,0,,50,,On,0,0,,76,Auckland,Give way,,,,,0,0,Urban,0,,,Light rain,Null
1867622,5713221,9661,,541720,0,0,0,3,0,West,2008/2009,HEUHEU ST,KAIMANAWA ST,,Non-Injury Crash,No,2009,0,East,0,0,0,Flat,0,,0,,0,Bright sun,1273700,0,0,0,2,0,0,0,0,1,,0,0,Waikato Region,Nil,2-way,Sealed,0,0,0,0,50,0,Off,0,0,,21,Taupo District,Unknown,0,0,0,0,0,0,Urban,0,0,0,Fine,Null
1221299,4895347,9662,,612720,0,,0,1,,North,2008/2009,WREYS BUSH-MOSSBURN ROAD,SH 96,,Minor Crash,No,2009,,South,,0,,Flat,,,,,,Dark,3178700,2,0,0,2,,,0,,,,,,Southland Region,Nil,2-way,Sealed,,0,0,,100,,None,0,0,,73,Southland District,Unknown,,,,,0,0,Open,0,,,Fine,Frost
1758965,5920409,9663,,514101,0,0,0,1,0,South,2008/2009,SH 16,GLADSTONE ROAD,,Non-Injury Crash,Yes,2009,0,North,0,0,0,Flat,0,,0,,0,Dark,438223,0,0,0,3,0,0,0,0,0,,0,1,Auckland Region,Nil,2-way,Sealed,0,0,0,0,50,0,On,0,0,,76,Auckland,Give way,0,0,0,0,0,0,Urban,0,0,0,Fine,Null
1882174,5827185,9664,,536821,0,0,0,1,0,South,2008/2009,TUKORAKO DRIVE,PORTSIDE DRIVE,,Non-Injury Crash,No,2009,0,North,0,0,1,Flat,0,,0,,0,Dark,1203600,0,0,0,2,0,0,0,0,0,,0,0,Bay of Plenty Region,Nil,2-way,Sealed,0,0,0,0,50,0,On,0,0,,23,Tauranga City,Unknown,0,0,0,0,0,0,Urban,0,0,0,Fine,Null
1767523,5904236,9665,,524604,0,,0,2,,Null,2009/2010,MANUKAU STATION ROAD,PUTNEY WAY,,Non-Injury Crash,No,2009,,East,,0,,Flat,,,,,,Dark,780204,0,0,0,4,,,0,,,,,,Auckland Region,Nil,2-way,Sealed,,0,0,,70,,On,0,0,,76,Auckland,Traffic Signals,,,,,0,0,Urban,0,,,Light rain,Null
1930510,5604594,9666,,548100,0,,0,2,,Null,2009/2010,WILLOWPARK ROAD NORTH,ST AUBYN ST EAST,,Minor Crash,No,2009,,North,,0,,Flat,,,,,,Overcast,1500800,1,0,0,2,,,0,,,,,,Hawke's Bay Region,Nil,2-way,Sealed,,0,0,,50,,Null,0,0,,30,Hastings District,Give way,,,,,0,0,Urban,0,,,Heavy rain,Null