X,Y,OBJECTID,advisorySpeed,areaUnitID,bicycle,bridge,bus,carStationWagon,cliffBank,crashDirectionDescription,crashFinancialYear,crashLocation1,crashLocation2,crashRoadSideRoad,crashSeverity,crashSHDescription,crashYear,debris,directionRoleDescription,ditch,fatalCount,fence,flatHill,guardRail,holiday,houseOrBuilding,intersection,kerb,light,meshblockId,minorInjuryCount,moped,motorcycle,NumberOfLanes,objectThrownOrDropped,otherObject,otherVehicleType,overBank,parkedVehicle,pedestrian,phoneBoxEtc,postOrPole,region,roadCharacter,roadLane,roadSurface,roadworks,schoolBus,seriousInjuryCount,slipOrFlood,speedLimit,strayAnimal,streetLight,suv,taxi,temporarySpeedLimit,tlaId,tlaName,trafficControl,trafficIsland,trafficSign,train,tree,truck,unknownVehicleType,urban,vanOrUtility,vehicle,waterRiver,weatherA,weatherB
1761518,5912450,9667,,519500,0,,0,1,,Null,2008/2009,CHURCH ST,NEILSON ST,,Non-Injury Crash,No,2009,,East,,0,,Flat,,,,,,Bright sun,621700,0,0,0,4,,,0,,,,,,Auckland Region,Nil,2-way,Sealed,,0,0,,50,,Null,0,0,,76,Auckland,Traffic Signals,,,,,1,0,Urban,0,,,Fine,Null
1762779,5916931,9668,,516302,0,,0,2,,Null,2008/2009,GRAND DRIVE,MCFARLAND ST,,Non-Injury Crash,No,2009,,East,,0,,Flat,,,,,,Bright sun,463007,0,0,0,2,,,0,,,,,,Auckland Region,Nil,2-way,Sealed,,0,0,,50,,Null,0,0,,76,Auckland,Give way,,,,,0,0,Urban,0,,,Fine,Null
1751434,5917571,9669,,514900,0,,0,2,,Null,2009/2010,DAVENTRY ST,SAXON ST,,Non-Injury Crash,No,2009,,West,,0,,Flat,,,,,,Twilight,385500,0,0,0,2,,,0,,,,,,Auckland Region,Nil,2-way,Sealed,,0,0,,50,,Off,0,0,,76,Auckland,Nil,,,,,0,0,Urban,0,,,Fine,Null
1839867,5910147,9670,,533200,0,,0,2,,Null,2009/2010,SH 25,WAIWAWA RIV BR,,Non-Injury Crash,Yes,2009,,South,,0,,Flat,,,,,,Overcast,1047701,0,0,0,1,,,0,,,,,,Waikato Region,Bridge,2-way,Sealed,,0,0,,100,,Null,0,0,,11,Thames-Coromandel District,Give way,,,,,0,0,Open,0,,,Fine,Null
1719672,6045698,9671,,503100,0,0,0,1,0,West,2009/2010,ROBERT ST,WALTON ST,,Non-Injury Crash,No,2009,0,West,0,0,0,Flat,0,,0,,0,Overcast,99902,0,0,0,2,0,0,0,0,1,,0,0,Northland Region,Nil,2-way,Sealed,0,0,0,0,50,0,Off,0,0,,2,Whangarei District,Nil,0,0,0,0,0,0,Urban,1,0,0,Fine,Null
1767587,5904632,9672,,524604,0,,0,2,,Null,2008/2009,GREAT SOUTH ROAD,RONWOOD AVENUE,,Non-Injury Crash,No,2009,,East,,0,,Flat,,,,,,Bright sun,780302,0,0,0,5,,,0,,,,,,Auckland Region,Nil,2-way,Sealed,,0,0,,50,,Null,0,0,,76,Auckland,Give way,,,,,0,0,Urban,0,,,Fine,Null
1843784,5809933,9673,,535502,0,0,0,2,0,Null,2009/2010,SH 27,HINUERA ROAD,,Non-Injury Crash,Yes,2009,0,North,0,0,0,Flat,0,,0,,0,Overcast,1121200,0,0,0,2,0,0,0,0,0,,0,0,Waikato Region,Nil,2-way,Sealed,0,0,0,0,70,0,Off,0,0,,15,Matamata-Piako District,Give way,0,1,0,0,0,0,Urban,0,0,0,Light rain,Null
1768079,5904355,9674,,523820,0,,0,2,,Null,2008/2009,REDOUBT ROAD,MANUKAU ON SBD,,Non-Injury Crash,No,2009,,West,,0,,Flat,,,,,,Overcast,759901,0,0,0,2,,,0,,,,,,Auckland Region,Nil,2-way,Sealed,,0,0,,50,,Null,0,0,,76,Auckland,Traffic Signals,,,,,0,0,Urban,0,,,Fine,Null
1766904,5907645,9675,,523602,0,,0,2,,Null,2008/2009,EAST TAMAKI ROAD,BAIRDS ROAD,,Non-Injury Crash,No,2009,,West,,0,,Flat,,,,,,Dark,709300,0,0,0,5,,,0,,,,,,Auckland Region,Nil,2-way,Sealed,,0,0,,50,,On,0,0,,76,Auckland,Traffic Signals,,,,,0,0,Urban,0,,,Fine,Null
1761076,5457622,9676,,565700,0,0,0,1,0,North,2008/2009,SH 1N,PA ROAD,,Non-Injury Crash,Yes,2009,0,North,0,0,0,Flat,1,Christmas New Year,0,,0,Bright sun,2072101,0,0,0,2,0,0,0,0,0,,0,0,Wellington Region,Nil,2-way,Sealed,0,0,0,0,80,0,Null,0,0,,44,Porirua City,Nil,0,0,0,0,0,0,Open,0,0,0,Fine,Null
1737731,5929318,9677,,505602,0,,0,0,,West,2008/2009,SH 16,ORAHA ROAD,,Non-Injury Crash,Yes,2009,,East,,0,,Flat,,,,,,Bright sun,214900,0,0,0,2,,,0,,,,,,Auckland Region,Nil,2-way,Sealed,,0,0,,60,,None,0,0,,76,Auckland,Nil,,,,,0,0,Urban,1,,,Fine,Null
1877263,5826597,9678,,537201,0,0,0,2,0,West,2009/2010,NGATAI ROAD,FREYBERG ST,,Non-Injury Crash,No,2009,0,East,0,0,0,Flat,0,,0,,0,Overcast,1154601,0,0,0,2,0,0,0,0,1,,0,0,Bay of Plenty Region,Nil,2-way,Sealed,0,0,0,0,50,0,Null,0,0,,23,Tauranga City,Nil,0,0,0,0,0,0,Urban,0,0,0,Fine,Null
1460732,5093793,9679,,598313,0,,0,0,,South,2009/2010,SH 1S,DOMINION ROAD,,Minor Crash,Yes,2009,,South,,0,,Flat,,,,,,Dark,2772602,1,0,0,2,,,0,,,1,,,Canterbury Region,Nil,2-way,Sealed,,0,0,,100,,None,1,0,,64,Timaru District,Unknown,,,,,0,0,Open,0,,,Fine,Null
1765670,5908402,9680,,523403,0,,0,3,,South,2009/2010,SH 1N,HIGHBROOK OFF NBD,,Non-Injury Crash,Yes,2009,,North,,0,,Flat,,,,,,Dark,696400,0,0,0,3,,,0,,,,,,Auckland Region,Nil,1-way,Sealed,,0,0,,100,,On,0,0,,76,Auckland,Unknown,,,,,0,0,Open,0,,,Heavy rain,Null
1751527,5916404,9681,,514401,0,0,0,0,0,Null,2008/2009,GREAT NORTH ROAD,BLOCKHOUSE BAY ROAD,,Non-Injury Crash,No,2009,0,South,0,0,0,Flat,0,,0,,0,Dark,383600,0,0,0,4,0,0,0,0,0,,0,1,Auckland Region,Nil,2-way,Sealed,0,0,0,0,50,0,On,1,0,,76,Auckland,Traffic Signals,0,0,0,0,0,0,Urban,0,0,0,Heavy rain,Null
1401304,4911303,9682,,602422,0,0,0,2,0,East,2009/2010,BLACKHEAD ROAD,BLACKHEAD QUARRY,,Minor Crash,No,2009,0,East,0,0,1,Hill Road,0,,0,,0,Overcast,2979802,2,0,0,2,0,0,0,0,0,,0,1,Otago Region,Nil,2-way,Sealed,0,0,0,0,80,0,Null,0,0,,71,Dunedin City,Nil,0,0,0,0,0,0,Open,0,0,0,Fine,Null
1757283,5918811,9683,,514302,0,0,0,4,0,Null,2008/2009,GRAFTON ROAD,BURTON ST,,Non-Injury Crash,No,2009,0,North,0,0,0,Flat,0,,0,,0,Bright sun,441700,0,0,0,2,0,0,0,0,1,,0,0,Auckland Region,Nil,2-way,Sealed,0,0,0,0,50,0,Off,0,0,,76,Auckland,Give way,0,0,0,0,0,0,Urban,0,0,0,Fine,Null
1755182,5927184,9684,,508620,0,,0,1,,Null,2008/2009,CORONATION ROAD,VELMA ROAD,,Non-Injury Crash,No,2009,,West,,0,,Hill Road,,,,,,Bright sun,203900,0,0,0,2,,,0,,,,,,Auckland Region,Nil,2-way,Sealed,,0,0,,50,,Off,1,0,,76,Auckland,Nil,,,,,0,0,Urban,0,,,Fine,Null
1821464,5502314,9685,,578200,0,1,0,1,0,North,2008/2009,MANGARAUPIU ROAD,MANGAROA ROAD,,Serious Crash,No,2009,0,South,0,0,0,Flat,0,,0,,0,Dark,2227700,0,0,0,2,0,0,0,0,0,,0,0,Manawatū-Whanganui Region,Bridge,2-way,Unsealed,0,0,1,0,100,0,None,0,0,,41,Tararua District,Nil,0,0,0,0,0,0,Open,0,0,0,Light rain,Null
1761585,5914116,9686,,520202,0,,0,2,,South,2008/2009,SH 1N,PENROSE INT S,,Non-Injury Crash,Yes,2009,,North,,0,,Flat,,,,,,Bright sun,612300,0,0,0,3,,,0,,,,,,Auckland Region,Nil,1-way,Sealed,,0,0,,100,,Null,0,0,,76,Auckland,Unknown,,,,,0,0,Open,0,,,Fine,Null
1751042,5932999,9687,,508806,0,0,0,1,0,Null,2009/2010,ALBANY HIGHWAY,BASS ROAD,,Non-Injury Crash,No,2009,0,North,0,0,0,Flat,0,,0,,0,Dark,179902,0,0,0,2,0,0,0,0,0,,0,1,Auckland Region,Nil,2-way,Sealed,0,0,0,0,50,0,On,0,0,,76,Auckland,Give way,0,0,0,0,0,0,Urban,0,0,0,Fine,Null
1754793,5444241,9688,,570800,0,0,0,1,0,Null,2008/2009,TITAHI BAY ROAD,MUNGAVIN OFF NBD,,Non-Injury Crash,No,2009,0,West,0,0,0,Flat,1,,0,,0,Bright sun,2052800,0,0,0,2,0,0,0,0,0,,0,0,Wellington Region,Bridge,2-way,Sealed,0,0,0,0,50,0,Null,0,0,,44,Porirua City,Give way,0,0,0,0,0,0,Urban,0,0,0,Light rain,Null
1822769,5527015,9689,,563300,1,,0,1,,Null,2009/2010,SUMMERHILL DRIVE,BYPASS ROAD,,Serious Crash,No,2009,,East,,0,,Flat,,,,,,Overcast,1814000,0,0,0,2,,,0,,,,,,Manawatū-Whanganui Region,Bridge,2-way,Sealed,,0,1,,70,,Null,0,0,,40,Palmerston North City,Give way,,,,,0,0,Urban,0,,,Heavy rain,Null
1758051,5920404,9690,,514103,0,0,0,2,0,North,2009/2010,EDEN CRESCENT,PARLIAMENT ST,,Non-Injury Crash,No,2009,0,North,0,0,0,Flat,0,,0,,0,Bright sun,438408,0,0,0,2,0,0,0,0,1,,0,0,Auckland Region,Nil,2-way,Sealed,0,0,0,0,50,0,Null,0,0,,76,Auckland,Nil,0,0,0,0,0,0,Urban,0,0,0,Fine,Null
1782591,5826099,9691,,526601,0,0,0,0,0,West,2008/2009,WILTON COLLIERIES ROAD,WAINGARO ROAD,,Non-Injury Crash,No,2009,0,North,1,0,0,Hill Road,0,,0,,0,Dark,853700,0,0,0,2,0,0,0,0,0,,0,0,Waikato Region,Nil,2-way,Unsealed,0,0,0,0,100,0,None,1,0,,13,Waikato District,Unknown,0,0,0,0,0,0,Open,0,0,0,Fine,Null
1757424,5919622,9692,,514103,0,,0,1,,Null,2009/2010,SYMONDS ST,WHITAKER PLACE,,Non-Injury Crash,No,2009,,North,,0,,Hill Road,,,,,,Bright sun,437000,0,0,0,5,,,0,,,,,,Auckland Region,Nil,2-way,Sealed,,0,0,,50,,Off,0,0,,76,Auckland,Traffic Signals,,,,,0,0,Urban,1,,,Fine,Null
1801906,5820019,9693,,527009,0,,0,2,,Null,2008/2009,GORDONTON ROAD,DARJON DRIVE,,Non-Injury Crash,No,2009,,South,,0,,Flat,,,,,,Twilight,952322,0,0,0,1,,,0,,,,,,Waikato Region,Nil,2-way,Sealed,,0,0,,80,,None,0,0,,16,Hamilton City,Give way,,,,,0,0,Open,0,,,Fine,Null
1771036,5878215,9694,,525922,0,0,0,1,0,South,2009/2010,LOGAN ROAD,BUCKVILLE ROAD,,Non-Injury Crash,No,2009,0,North,0,0,1,Flat,0,,0,,0,Overcast,827100,0,0,0,2,0,0,0,0,0,,0,0,Auckland Region,Nil,2-way,Sealed,0,0,0,0,50,0,Off,0,0,,76,Auckland,Nil,0,0,0,0,0,0,Urban,0,0,0,Heavy rain,Strong wind
1803396,5798714,9695,,527932,0,0,0,1,0,North,2008/2009,SH 3,SOWERBY ROAD,,Non-Injury Crash,Yes,2009,0,North,0,0,1,Hill Road,0,,0,,0,Twilight,985603,0,0,0,2,0,0,0,0,0,,0,0,Waikato Region,Nil,2-way,Sealed,0,0,0,0,100,0,None,0,0,,17,Waipa District,Unknown,0,0,0,0,0,0,Open,0,0,0,Fine,Null
1225012,4934332,9696,,612714,0,0,0,0,0,West,2009/2010,SH 94,CUMBERLAND ST,,Serious Crash,Yes,2009,0,East,0,0,1,Flat,0,,0,,0,Bright sun,3170400,0,0,0,2,0,0,0,0,0,,0,0,Southland Region,Nil,2-way,Sealed,0,0,1,0,100,0,Null,0,0,,73,Southland District,Nil,0,0,0,0,0,0,Open,1,0,0,Fine,Null
1748500,5913065,9697,45,511401,0,,0,2,,Null,2008/2009,TITIRANGI ROAD,CROYDON ROAD,,Non-Injury Crash,No,2009,,East,,0,,Flat,,,,,,Bright sun,262705,0,0,0,2,,,0,,,,,,Auckland Region,Nil,2-way,Sealed,,0,0,,50,,Off,0,0,,76,Auckland,Give way,,,,,0,0,Urban,0,,,Fine,Null
1753262,5933350,9698,,508701,0,,0,2,,North,2008/2009,SH 1N,GREVILLE OBR,,Non-Injury Crash,Yes,2009,,North,,0,,Flat,,,,,,Bright sun,178900,0,0,0,2,,,0,,,,,,Auckland Region,Nil,2-way,Sealed,,0,0,,100,,Null,0,0,,76,Auckland,Unknown,,,,,0,0,Open,1,,,Fine,Null
1755137,5930664,9699,,508520,0,0,0,0,0,South,2009/2010,SYCAMORE DRIVE,MOWBRAY PLACE,,Non-Injury Crash,No,2009,0,North,0,0,1,Flat,0,,0,,0,Dark,192400,0,0,0,2,0,0,0,0,0,,0,0,Auckland Region,Nil,2-way,Sealed,0,0,0,0,50,0,On,0,0,,76,Auckland,Nil,0,0,0,0,0,0,Urban,1,0,0,Fine,Null
1748235,5914016,9700,,511700,0,,0,0,,Null,2008/2009,GREAT NORTH ROAD,WEST COAST ROAD,,Non-Injury Crash,No,2009,,North,,0,,Hill Road,,,,,,Dark,270201,0,0,0,5,,,0,,,,,,Auckland Region,Nil,2-way,Sealed,,0,0,,50,,On,0,0,,76,Auckland,Give way,,,,,1,0,Urban,1,,,Light rain,Null
1758830,5905671,9701,,524200,0,,0,1,,North,2009/2010,SH 20A,MONTGOMERIE ROAD,,Non-Injury Crash,Yes,2009,,South,,0,,Flat,,,,,,Overcast,727600,0,0,0,4,,,0,,,,,,Auckland Region,Nil,2-way,Sealed,,0,0,,80,,Off,0,1,,76,Auckland,Nil,,,,,0,0,Open,1,,,Fine,Null
1767776,5904283,9702,,524602,0,,0,1,,Null,2009/2010,GREAT SOUTH ROAD,REDOUBT ROAD S,,Non-Injury Crash,No,2009,,North,,0,,Flat,,,,,,Bright sun,780501,0,0,0,2,,,0,,,,,,Auckland Region,Nil,2-way,Sealed,,0,0,,50,,Off,0,0,,76,Auckland,Traffic Signals,,,,,0,0,Urban,1,,,Fine,Null
1803326,5797771,9703,,527935,0,0,0,1,0,North,2008/2009,SH 3,MCFALL ROAD,,Non-Injury Crash,Yes,2009,0,North,0,0,1,Hill Road,0,,0,,0,Overcast,986100,0,0,0,4,0,0,0,0,0,,0,0,Waikato Region,Nil,2-way,Sealed,0,0,0,0,100,0,Null,0,0,,17,Waipa District,Unknown,0,0,0,0,0,0,Open,0,0,0,Heavy rain,Null
1761605,5919010,9704,,516400,0,,0,0,,Null,2008/2009,KEPA ROAD,ORAKEI ROAD,,Non-Injury Crash,No,2009,,West,,0,,Flat,,,,,,Bright sun,497700,0,0,0,2,,,0,,,,,,Auckland Region,Nil,2-way,Sealed,,0,0,,50,,Null,1,0,,76,Auckland,Give way,,,,,1,0,Urban,0,,,Fine,Null
1678460,6023013,9705,,504600,0,0,0,2,0,East,2008/2009,RANFURLY ST,PLUNKET ST,,Non-Injury Crash,No,2009,0,West,0,0,0,Flat,0,,0,,0,Dark,115900,0,0,0,2,0,0,0,0,1,,0,0,Northland Region,Nil,2-way,Sealed,0,0,0,0,50,0,On,0,0,,3,Kaipara District,Nil,0,0,0,0,0,0,Urban,0,0,0,Light rain,Null
1756072,5932413,9706,,507400,0,0,0,1,0,West,2009/2010,MAXWELTON DRIVE,MAYFAIR CRESCENT E,,Non-Injury Crash,No,2009,0,East,0,0,0,Flat,0,,0,,1,Dark,150300,0,0,0,2,0,0,0,0,0,,0,0,Auckland Region,Nil,2-way,Sealed,0,0,0,0,50,0,On,0,0,,76,Auckland,Unknown,0,0,0,0,0,0,Urban,0,0,0,Light rain,Null
1573572,5182756,9707,,592811,0,0,0,1,0,Null,2009/2010,GAYHURST ROAD,CRESSWELL AVENUE,,Minor Crash,No,2009,0,East,0,0,0,Flat,0,,0,,0,Overcast,2602700,1,0,0,2,0,0,0,0,0,,0,1,Canterbury Region,Nil,2-way,Sealed,0,0,0,0,50,0,Null,0,0,,60,Christchurch City,Give way,0,0,0,0,0,0,Urban,0,0,0,Light rain,Null
1757262,5915339,9708,,515802,0,,0,2,,Null,2009/2010,ST ANDREWS ROAD,ONSLOW AVENUE,,Non-Injury Crash,No,2009,,North,,0,,Hill Road,,,,,,Bright sun,447700,0,0,0,2,,,0,,,,,,Auckland Region,Nil,2-way,Sealed,,0,0,,50,,Off,0,0,,76,Auckland,Stop,,,,,0,0,Urban,0,,,Fine,Null
1753229,5914823,9709,,518801,0,0,0,1,0,South,2009/2010,RICHARDSON ROAD,STODDARD ROAD,,Non-Injury Crash,No,2009,0,South,0,0,0,Flat,0,,0,,0,Dark,578400,0,0,0,4,0,0,0,0,0,,0,0,Auckland Region,Nil,2-way,Sealed,0,0,0,0,50,0,On,0,0,,76,Auckland,Nil,0,0,0,0,1,0,Urban,0,1,0,Light rain,Null
1759910,5916081,9710,,516002,0,,0,2,,Null,2008/2009,SH 1N,GREENLANE ON NBD,,Non-Injury Crash,Yes,2009,,North,,0,,Flat,,,,,,Bright sun,492100,0,0,0,6,,,0,,,,,,Auckland Region,Nil,2-way,Sealed,,0,0,,100,,Off,0,0,,76,Auckland,Nil,,,,,0,0,Open,0,,,Fine,Null
1875911,5825199,9711,,537100,0,0,0,2,0,Null,2008/2009,WINDSOR ROAD,PRINCESS ROAD,,Non-Injury Crash,No,2009,0,South,0,0,0,Flat,0,,0,,0,Bright sun,1158501,0,0,0,2,0,0,0,0,1,,0,0,Bay of Plenty Region,Nil,2-way,Sealed,0,0,0,0,50,0,Off,0,0,,23,Tauranga City,Nil,0,0,0,0,0,0,Urban,0,0,0,Fine,Null
1572141,5172120,9712,,591102,0,,0,0,,North,2008/2009,SUMMIT ROAD,SIGN OF THE KIWI,,Minor Crash,No,2009,,North,,0,,Hill Road,,Queens Birthday,,,,Bright sun,2552907,1,0,1,2,,,0,,,,,,Canterbury Region,Nil,2-way,Sealed,,0,0,,70,,Null,0,0,,60,Christchurch City,Unknown,,,,,0,0,Urban,0,,,Fine,Null
1761149,5914236,9713,,519500,0,0,0,0,0,North,2008/2009,GREAT SOUTH ROAD,GREENPARK ROAD,,Non-Injury Crash,No,2009,0,South,0,0,0,Flat,0,,0,,0,Bright sun,620500,0,0,0,4,0,0,0,0,1,,0,0,Auckland Region,Nil,2-way,Sealed,0,0,0,0,50,0,Off,0,0,,76,Auckland,Nil,0,0,0,0,1,0,Urban,1,0,0,Fine,Null
1756377,5927208,9714,,507900,0,0,0,0,0,South,2009/2010,SH 1N,UPPER HWY OFF NBD,,Non-Injury Crash,Yes,2009,0,North,0,0,0,Flat,0,,0,,0,Bright sun,305201,0,0,0,6,0,0,0,0,0,,0,1,Auckland Region,Nil,2-way,Sealed,0,0,0,0,100,0,Null,0,0,,76,Auckland,Unknown,0,0,0,0,0,0,Open,1,0,0,Fine,Null
1820982,5929649,9715,,533200,0,0,0,0,0,West,2009/2010,WYUNA BAY ROAD,LONG BAY ROAD,,Non-Injury Crash,No,2009,0,West,0,0,0,Null,0,,0,,0,Dark,1043802,0,0,0,1,0,1,0,0,0,,0,0,Waikato Region,Nil,2-way,Sealed,0,0,0,0,50,0,None,0,0,,11,Thames-Coromandel District,Nil,0,0,0,0,0,0,Urban,1,0,0,Fine,Null
1924929,5776812,9716,,542600,0,0,0,0,0,North,2009/2010,PORRITT DRIVE,PAYNE CRESCENT,,Non-Injury Crash,No,2009,0,North,0,0,0,Flat,0,,0,,1,Bright sun,1319100,0,0,0,2,0,1,0,0,0,,0,1,Bay of Plenty Region,Nil,2-way,Sealed,0,0,0,0,50,0,Null,0,0,,26,Kawerau District,Unknown,0,0,0,0,0,0,Urban,1,0,0,Fine,Null
1742678,5918598,9717,,513214,0,0,0,1,0,West,2008/2009,POOKS ROAD,PUTNEY PLACE,,Non-Injury Crash,No,2009,0,North,0,0,0,Flat,0,,0,,0,Dark,236400,0,0,0,2,0,0,0,0,1,,0,0,Auckland Region,Nil,2-way,Sealed,0,0,0,0,50,0,On,0,0,,76,Auckland,Nil,0,0,0,0,0,0,Urban,1,0,0,Fine,Null
1751930,5917896,9718,,515001,0,,0,1,,West,2009/2010,WATERVIEW ON WBD,GREAT NORTH ROAD,,Non-Injury Crash,Yes,2009,,West,,0,,Flat,,,,,,Overcast,392400,0,0,0,3,,,0,,,,,,Auckland Region,Nil,1-way,Sealed,,0,0,,100,,Null,1,0,,76,Auckland,Unknown,,,,,0,0,Open,0,,,Light rain,Null
1761512,5913745,9719,,519500,0,0,0,0,0,West,2009/2010,WALLS ROAD,STATION ROAD,,Non-Injury Crash,No,2009,0,West,0,0,0,Flat,0,,0,,0,Bright sun,621400,0,0,0,2,0,0,0,0,1,,0,0,Auckland Region,Nil,2-way,Sealed,0,0,0,0,50,0,Off,0,0,,76,Auckland,Nil,0,0,0,0,1,0,Urban,1,0,0,Fine,Null
1570648,5178627,9720,,594600,1,,0,1,,Null,2009/2010,COLOMBO ST,WORDSWORTH ST,,Minor Crash,No,2009,,North,,0,,Flat,,,,,,Bright sun,2618100,1,0,0,2,,,0,,,,,,Canterbury Region,Nil,2-way,Sealed,,0,0,,50,,Null,0,0,,60,Christchurch City,Traffic Signals,,,,,0,0,Urban,0,,,Fine,Null
1748236,5914016,9721,,511700,0,0,0,2,0,Null,2009/2010,GREAT NORTH ROAD,WEST COAST ROAD,,Non-Injury Crash,No,2009,0,East,0,0,1,Flat,0,,0,,0,Twilight,270201,0,0,0,2,0,0,0,0,0,,0,0,Auckland Region,Nil,2-way,Sealed,0,0,0,0,50,0,On,0,0,,76,Auckland,Traffic Signals,0,0,0,0,0,0,Urban,0,0,0,Fine,Null
1743926,5919041,9722,,513220,0,,0,1,,South,2008/2009,SWANSON ROAD,LARNOCH ROAD,,Non-Injury Crash,No,2009,,South,,0,,Flat,,,,,,Dark,236103,0,0,0,3,,,0,,,,,,Auckland Region,Nil,2-way,Sealed,,0,0,,50,,On,1,0,,76,Auckland,Nil,,,,,0,0,Urban,0,,,Fine,Null
1751920,5925077,9723,,510220,0,,0,2,,South,2009/2010,RANGATIRA ROAD,MONTE CASSINO PLACE,,Non-Injury Crash,No,2009,,South,,0,,Flat,,,,,,Dark,349908,0,0,0,2,,,0,,,,,,Auckland Region,Nil,2-way,Sealed,,0,0,,50,,On,0,0,,76,Auckland,Nil,,,,,0,0,Urban,0,,,Fine,Null
1950712,5790382,9724,,542440,0,0,0,1,1,North,2009/2010,VALLEY ROAD,ALEXANDER AVENUE,,Non-Injury Crash,No,2009,0,North,0,0,0,Flat,0,,0,,1,Dark,1308600,0,0,0,2,0,0,0,0,0,,0,0,Bay of Plenty Region,Nil,2-way,Sealed,0,0,0,0,70,0,On,0,0,,25,Whakatane District,Unknown,0,0,0,1,0,0,Urban,0,0,0,Fine,Null
1745006,5913132,9725,,512906,0,,0,2,,Null,2009/2010,GLENGARRY ROAD,MAYWOOD CRESCENT N,,Non-Injury Crash,No,2009,,West,,0,,Null,,,,,,Overcast,278402,0,0,0,2,,,0,,,,,,Auckland Region,Nil,2-way,Sealed,,0,0,,50,,Off,0,0,,76,Auckland,Nil,,,,,0,0,Urban,0,,,Fine,Null
1844132,5811674,9726,,535502,0,0,0,0,0,Null,2009/2010,ARAWA ST,SH 24,,Non-Injury Crash,No,2009,0,North,0,0,0,Flat,0,,1,,0,Overcast,1118700,0,0,0,2,0,0,0,0,0,,0,0,Waikato Region,Nil,2-way,Sealed,0,0,0,0,50,0,Null,0,0,,15,Matamata-Piako District,Give way,0,0,0,0,1,0,Urban,0,0,0,Fine,Null
1750645,5912961,9727,,511402,0,,0,1,,South,2008/2009,PORTAGE ROAD,LINKS ROAD,,Non-Injury Crash,No,2009,,South,,0,,Flat,,,,,,Bright sun,260500,0,0,1,2,,,0,,,,,,Auckland Region,Nil,2-way,Sealed,,0,0,,50,,Off,0,0,,76,Auckland,Give way,,,,,0,0,Urban,0,,,Fine,Null
1749948,5946088,9728,,506001,0,,0,2,,Null,2008/2009,HIBISCUS COAST HIGHWAY,SILVERDALE ST,,Non-Injury Crash,No,2009,,East,,0,,Flat,,Easter,,,,Bright sun,175400,0,0,0,4,,,0,,,,,,Auckland Region,Nil,2-way,Sealed,,0,0,,80,,Off,0,0,,76,Auckland,Give way,,,,,0,0,Open,0,,,Fine,Null
1575832,5183619,9729,,592820,0,,0,2,,Null,2008/2009,SH 74,NEW BRIGHTON ROAD,,Minor Crash,Yes,2009,,South,,0,,Flat,,,,,,Overcast,2604514,2,0,0,2,,,0,,,,,,Canterbury Region,Nil,2-way,Sealed,,0,0,,70,,Null,0,0,,60,Christchurch City,Give way,,,,,0,0,Urban,0,,,Fine,Null
1890383,5819301,9730,,536642,0,,0,1,,North,2008/2009,TE PUKE HIGHWAY,BELL ROAD,,Non-Injury Crash,No,2009,,North,,0,,Flat,,,,,,Bright sun,1206807,0,0,0,3,,,0,,,,,,Bay of Plenty Region,Nil,2-way,Sealed,,0,0,,100,,Null,0,0,,22,Western Bay of Plenty District,Unknown,,,,,1,0,Open,0,,,Fine,Null
1770686,5471376,9731,,565902,0,0,0,1,0,West,2008/2009,OTAIHANGA ROAD,GREENDALE DRIVE,,Non-Injury Crash,No,2009,0,West,0,0,1,Flat,0,,0,,0,Bright sun,1999602,0,0,0,2,0,0,0,0,0,,0,0,Wellington Region,Nil,2-way,Sealed,0,0,0,0,80,0,Null,0,0,,43,Kapiti Coast District,Nil,0,0,0,0,0,0,Open,0,0,0,Fine,Null
1758900,5926094,9732,,508020,0,,0,1,,West,2008/2009,LAKE ROAD,ONEPOTO ROAD,,Non-Injury Crash,No,2009,,West,,0,,Flat,,,,,,Bright sun,321400,0,0,0,2,,,0,,,,,,Auckland Region,Nil,2-way,Sealed,,0,0,,50,,Off,0,0,,76,Auckland,Nil,,,,,1,0,Urban,0,,,Fine,Null
1765801,5441872,9733,,569600,0,0,0,1,1,North,2008/2009,SH 2,HAYWARDS OBR N,,Non-Injury Crash,Yes,2009,0,North,0,0,0,Flat,0,,0,,0,Dark,1917000,0,0,0,2,0,0,0,0,0,,0,0,Wellington Region,Nil,2-way,Sealed,0,0,0,0,100,0,None,0,0,,46,Lower Hutt City,Nil,0,0,0,0,0,0,Open,0,0,0,Fine,Null
1765968,5903278,9734,,524604,0,,0,2,,Null,2009/2010,ASH ROAD,WIRI STATION ROAD,,Non-Injury Crash,No,2009,,North,,0,,Flat,,,,,,Bright sun,780403,0,0,0,2,,,0,,,,,,Auckland Region,Nil,2-way,Sealed,,0,0,,70,,Null,0,0,,76,Auckland,Give way,,,,,0,0,Urban,0,,,Fine,Null
1752944,5915421,9735,,517903,0,,0,2,,East,2008/2009,OWAIRAKA AVENUE,RICHARDSON ROAD,,Non-Injury Crash,No,2009,,East,,0,,Flat,,,,,,Overcast,521500,0,0,0,2,,,0,,,,,,Auckland Region,Nil,2-way,Sealed,,0,0,,50,,Off,0,0,,76,Auckland,Nil,,,,,0,0,Urban,0,,,Fine,Null
1764540,5912838,9736,,520500,0,0,0,0,0,East,2009/2010,BOWDEN ROAD,CARBINE ROAD,,Non-Injury Crash,No,2009,0,North,0,0,0,Flat,0,,0,,0,Overcast,639201,0,0,0,2,0,0,0,0,0,,0,1,Auckland Region,Nil,2-way,Sealed,0,0,0,0,50,0,Off,0,0,,76,Auckland,Nil,0,0,0,0,1,0,Urban,0,0,0,Fine,Null