X,Y,OBJECTID,advisorySpeed,areaUnitID,bicycle,bridge,bus,carStationWagon,cliffBank,crashDirectionDescription,crashFinancialYear,crashLocation1,crashLocation2,crashRoadSideRoad,crashSeverity,crashSHDescription,crashYear,debris,directionRoleDescription,ditch,fatalCount,fence,flatHill,guardRail,holiday,houseOrBuilding,intersection,kerb,light,meshblockId,minorInjuryCount,moped,motorcycle,NumberOfLanes,objectThrownOrDropped,otherObject,otherVehicleType,overBank,parkedVehicle,pedestrian,phoneBoxEtc,postOrPole,region,roadCharacter,roadLane,roadSurface,roadworks,schoolBus,seriousInjuryCount,slipOrFlood,speedLimit,strayAnimal,streetLight,suv,taxi,temporarySpeedLimit,tlaId,tlaName,trafficControl,trafficIsland,trafficSign,train,tree,truck,unknownVehicleType,urban,vanOrUtility,vehicle,waterRiver,weatherA,weatherB
1746582,5915525,9737,,511800,0,0,0,3,0,South,2009/2010,GREAT NORTH ROAD,VIEW ROAD,,Non-Injury Crash,No,2009,0,North,0,0,1,Flat,0,,0,,0,Bright sun,276400,0,0,0,4,0,0,0,0,1,,0,0,Auckland Region,Nil,2-way,Sealed,0,0,0,0,50,0,Off,0,0,,76,Auckland,Nil,0,0,0,0,0,0,Urban,0,0,0,Fine,Null
1572609,5178800,9738,,594200,0,0,0,1,0,Null,2008/2009,OSBORNE ST,GRENVILLE ST,,Minor Crash,No,2009,0,South,0,0,0,Flat,0,,0,,0,Overcast,2580600,3,0,0,2,0,0,0,0,0,,0,1,Canterbury Region,Nil,2-way,Sealed,0,0,0,0,50,0,Null,0,0,,60,Christchurch City,Nil,0,0,0,0,0,0,Urban,0,0,0,Fine,Null
1755299,5920809,9739,,515202,0,,0,2,,West,2008/2009,JERVOIS ROAD,BLAKE ST,,Non-Injury Crash,No,2009,,West,,0,,Flat,,,,,,Overcast,425000,0,0,0,4,,,0,,,,,,Auckland Region,Nil,2-way,Sealed,,0,0,,50,,Null,0,0,,76,Auckland,Unknown,,,,,0,0,Urban,0,,,Heavy rain,Null
1759283,5908278,9740,,524122,0,0,0,0,0,West,2008/2009,MCKENZIE ROAD,TARATA CRESCENT,,Non-Injury Crash,No,2009,0,South,0,0,0,Flat,1,Christmas New Year,0,,0,Twilight,737700,0,0,0,2,0,0,0,0,0,,0,0,Auckland Region,Nil,2-way,Sealed,0,0,0,0,50,0,None,0,0,,76,Auckland,Nil,0,1,0,0,0,0,Urban,1,0,0,Fine,Null
1757536,5920691,9741,,514103,0,0,0,1,0,East,2009/2010,SHORTLAND ST,HIGH ST,,Non-Injury Crash,No,2009,0,East,0,0,0,Hill Road,0,,0,,0,Bright sun,438106,0,0,0,2,0,0,0,0,1,,0,0,Auckland Region,Nil,2-way,Sealed,0,0,0,0,50,0,Null,1,0,,76,Auckland,Nil,0,0,0,0,0,0,Urban,0,0,0,Fine,Null
1753221,5946617,9742,,505808,0,,0,1,,Null,2008/2009,WHANGAPARAOA ROAD,VIPOND ROAD,,Non-Injury Crash,No,2009,,West,,0,,Flat,,Queens Birthday,,,,Bright sun,173112,0,0,0,4,,,0,,,,,,Auckland Region,Nil,2-way,Sealed,,0,0,,50,,Off,0,0,,76,Auckland,Traffic Signals,,,,,1,0,Urban,0,,,Light rain,Null
1755754,5921183,9743,,515202,0,,0,1,,South,2008/2009,SH 1N,SHELLY BEACH OBR,,Non-Injury Crash,Yes,2009,,South,,0,,Flat,,,,,,Bright sun,425600,0,0,0,2,,,0,,,,,,Auckland Region,Nil,2-way,Sealed,,0,0,,80,,Off,0,0,,76,Auckland,Nil,,,,,0,0,Open,1,,,Fine,Null
1768898,5900831,9744,,525002,0,0,0,1,0,West,2008/2009,WEYMOUTH ROAD,GREAT SOUTH ROAD,,Non-Injury Crash,No,2009,0,East,0,0,0,Flat,0,,0,,0,Bright sun,752802,0,0,0,2,0,0,0,0,0,,0,0,Auckland Region,Nil,1-way,Sealed,0,0,0,0,50,0,Null,0,0,,76,Auckland,Nil,0,0,0,0,1,0,Urban,0,1,0,Fine,Null
1879621,5819653,9745,,538000,0,,0,3,,East,2008/2009,WELCOME BAY ROAD,HAMMOND ST,,Non-Injury Crash,No,2009,,West,,0,,Hill Road,,,,,,Bright sun,1178900,0,0,0,2,,,0,,,,,,Bay of Plenty Region,Nil,2-way,Sealed,,0,0,,60,,Null,0,0,,23,Tauranga City,Unknown,,,,,0,0,Urban,0,,,Fine,Null
1763016,5915001,9746,,520401,0,,0,2,,Null,2008/2009,ELLERSLIE-PANMURE HIGHWAY,STANHOPE ROAD,,Non-Injury Crash,No,2009,,West,,0,,Flat,,,,,,Twilight,644000,0,0,0,4,,,0,,,,,,Auckland Region,Nil,2-way,Sealed,,0,0,,50,,Off,0,0,,76,Auckland,Nil,,,,,0,0,Urban,0,,,Fine,Null
1765639,5904679,9747,,524603,0,,0,1,,North,2009/2010,RANFURLY ROAD,BALLANCE AVENUE,,Non-Injury Crash,No,2009,,North,,0,,Flat,,,,,,Overcast,673402,0,0,0,2,,,0,,,,,,Auckland Region,Nil,2-way,Sealed,,0,0,,50,,Off,0,0,,76,Auckland,Nil,,,,,0,0,Urban,1,,,Fine,Null
1717722,6050391,9748,,502102,0,,0,1,,Null,2009/2010,KAMO ROAD,GRANT ST,,Non-Injury Crash,No,2009,,North,,0,,Flat,,,,,,Bright sun,84600,0,0,1,3,,,0,,,,,,Northland Region,Nil,2-way,Sealed,,0,0,,50,,Off,0,0,,2,Whangarei District,Nil,,,,,0,0,Urban,0,,,Fine,Null
1817922,5802960,9749,,527504,0,,0,1,,West,2008/2009,SH 1N,SHAKESPEARE ST,,Non-Injury Crash,Yes,2009,,West,,0,,Flat,,,,,,Overcast,965800,0,0,0,2,,,0,,,,,,Waikato Region,Nil,2-way,Sealed,,0,0,,80,,Null,0,0,,17,Waipa District,Unknown,,,,,0,0,Open,1,,,Light rain,Null
1760749,5917057,9750,,516202,0,,0,2,,North,2008/2009,ORAKEI ROAD,ELMSTONE AVENUE,,Non-Injury Crash,No,2009,,North,,0,,Flat,,,,,,Overcast,490300,0,0,0,2,,,0,,,,,,Auckland Region,Nil,2-way,Sealed,,0,0,,50,,Off,0,0,,76,Auckland,Nil,,,,,0,0,Urban,0,,,Fine,Null
1744217,5923270,9751,,513511,0,0,0,3,0,South,2008/2009,SH 16,HOBSONVILLE OBR,,Non-Injury Crash,Yes,2009,0,North,0,0,0,Flat,1,,0,,0,Dark,224303,0,0,0,2,0,0,0,0,0,,0,3,Auckland Region,Nil,1-way,Sealed,0,0,0,0,100,0,On,1,0,,76,Auckland,Nil,0,0,0,0,0,0,Open,0,0,0,Fine,Null
1758109,5915476,9752,,519300,0,,0,2,,South,2008/2009,MANUKAU ROAD,GREEN LANE WEST,,Non-Injury Crash,No,2009,,North,,0,,Flat,,,,,,Bright sun,623100,0,0,0,5,,,0,,,,,,Auckland Region,Nil,2-way,Sealed,,0,0,,50,,Off,0,0,,76,Auckland,Traffic Signals,,,,,0,0,Urban,0,,,Fine,Null
1695014,5677037,9753,,552100,0,,0,1,,East,2009/2010,DEVON ST EAST,KOWHAI ST,,Minor Crash,No,2009,,North,,0,,Flat,,,,,,Bright sun,1597200,1,0,1,2,,,0,,,,,,Taranaki Region,Nil,2-way,Sealed,,0,0,,50,,Null,0,0,,33,New Plymouth District,Nil,,,,,0,0,Urban,0,,,Fine,Null
1755011,5913739,9754,,518803,0,,1,1,,Null,2009/2010,DOMINION ROAD,DENBIGH AVENUE,,Non-Injury Crash,No,2009,,North,,0,,Flat,,,,,,Twilight,581700,0,0,0,3,,,0,,,,,,Auckland Region,Nil,2-way,Sealed,,0,0,,50,,Off,0,0,,76,Auckland,Give way,,,,,0,0,Urban,0,,,Fine,Null
1755274,5926133,9755,,509701,0,0,0,2,0,Null,2008/2009,ALTON AVENUE,OCEAN VIEW ROAD,,Non-Injury Crash,No,2009,0,West,0,0,0,Flat,0,,0,,0,Bright sun,363200,0,0,0,1,0,0,0,0,1,,0,0,Auckland Region,Nil,2-way,Sealed,0,0,0,0,50,0,Off,0,0,,76,Auckland,Nil,0,0,0,0,0,0,Urban,0,0,0,Fine,Null
1944545,5790066,9756,55,542520,0,0,0,1,0,East,2008/2009,SH 30,LUXTON ROAD,,Non-Injury Crash,Yes,2009,0,North,1,0,0,Flat,0,,0,,0,Overcast,1297701,0,0,0,2,0,0,0,0,0,,0,0,Bay of Plenty Region,Nil,2-way,Sealed,0,0,0,0,100,0,Null,0,0,,25,Whakatane District,Unknown,0,0,0,0,0,0,Open,0,0,1,Light rain,Null
1770669,5898615,9757,,523920,0,,0,1,,Null,2008/2009,GREAT SOUTH ROAD,TAKA ST,,Non-Injury Crash,No,2009,,South,,0,,Flat,,,,,,Bright sun,768001,0,0,0,4,,,0,,,,,,Auckland Region,Nil,2-way,Sealed,,0,0,,50,,Off,0,0,,76,Auckland,Traffic Signals,,,,,1,0,Urban,0,,,Fine,Null
2035972,5709492,9758,,544300,0,0,0,1,0,West,2008/2009,GLADSTONE ROAD,STANLEY ROAD,,Non-Injury Crash,No,2009,0,West,0,0,0,Flat,1,,0,,0,Dark,1367000,0,0,0,2,0,0,0,0,0,,0,0,Gisborne Region,Nil,2-way,Sealed,0,0,0,0,50,0,On,0,0,,28,Gisborne District,Nil,1,0,0,0,0,0,Urban,0,0,0,Light rain,Null
1756141,5924078,9759,,509800,0,,0,2,,South,2009/2010,SH 1N,ONEWA OBR OFF,,Non-Injury Crash,Yes,2009,,North,,0,,Flat,,,,,,Overcast,361100,0,0,0,4,,,0,,,,,,Auckland Region,Nil,1-way,Sealed,,0,0,,100,,Null,0,0,,76,Auckland,Unknown,,,,,0,0,Open,0,,,Fine,Null
1755440,5920694,9760,,515302,0,,0,2,,Null,2009/2010,JERVOIS ROAD,REDMOND ST,,Non-Injury Crash,No,2009,,East,,0,,Flat,,,,,,Overcast,429500,0,0,0,4,,,0,,,,,,Auckland Region,Nil,2-way,Sealed,,0,0,,50,,Off,0,0,,76,Auckland,Traffic Signals,,,,,0,0,Urban,0,,,Light rain,Null
1405986,4916558,9761,,603000,0,,0,1,,Null,2009/2010,RATTRAY ST,BROADWAY,,Minor Crash,No,2009,,West,,0,,Flat,,,,,,Bright sun,2899500,2,0,0,1,,,0,,,2,,,Otago Region,Nil,2-way,Sealed,,0,0,,50,,Null,0,0,,71,Dunedin City,Traffic Signals,,,,,0,0,Urban,0,,,Fine,Null
1751882,5917935,9762,,515001,0,,0,1,,Null,2009/2010,SH 16,PT CHEV ON EBD,,Non-Injury Crash,Yes,2009,,East,,0,,Flat,,,,,,Overcast,392200,0,0,0,3,,,0,,,,,,Auckland Region,Nil,1-way,Sealed,,0,0,,100,,Off,0,0,,76,Auckland,Nil,,,,,0,0,Open,1,,,Fine,Null
1770110,5915656,9763,,522712,0,,0,2,,Null,2009/2010,GILLS ROAD,BUCKLANDS BEACH ROAD,,Non-Injury Crash,No,2009,,North,,0,,Flat,,,,,,Bright sun,680401,0,0,0,2,,,0,,,,,,Auckland Region,Nil,2-way,Sealed,,0,0,,50,,None,0,0,,76,Auckland,Give way,,,,,0,0,Urban,0,,,Fine,Null
1760009,5915852,9764,,516003,0,0,0,1,0,North,2008/2009,GREEN LANE EAST,NOLAN ROAD,,Non-Injury Crash,No,2009,0,East,0,0,1,Flat,0,,0,,0,Dark,495200,0,0,0,2,0,0,0,0,0,,0,0,Auckland Region,Nil,2-way,Sealed,0,0,0,0,50,0,On,0,0,,76,Auckland,Unknown,0,0,0,0,0,0,Urban,0,0,0,Fine,Null
1783336,5905817,9765,,525201,0,,0,2,,North,2008/2009,CLEVEDON-KAWAKAWA ROAD,HOLDENS ROAD,,Non-Injury Crash,No,2009,,North,,0,,Flat,,,,,,Overcast,764400,0,0,0,2,,,0,,,,,,Auckland Region,Nil,2-way,Sealed,,0,0,,100,,None,0,0,,76,Auckland,Nil,,,,,0,0,Open,0,,,Light rain,Null
1884011,5773487,9766,,540420,0,0,0,2,0,Null,2009/2010,JAMES ST,ELIZABETH ST,,Non-Injury Crash,No,2009,0,East,0,0,1,Flat,0,,0,,0,Dark,1235600,0,0,0,2,0,0,0,0,1,,0,0,Bay of Plenty Region,Nil,2-way,Sealed,0,0,0,0,50,0,On,0,0,,24,Rotorua District,Give way,0,0,0,0,0,0,Urban,1,0,0,Light rain,Null
1800953,5815455,9767,,529700,0,,0,2,,Null,2009/2010,VICTORIA ST,ALMA ST,,Non-Injury Crash,No,2009,,North,,0,,Flat,,,,,,Dark,911402,0,0,0,2,,,0,,,,,,Waikato Region,Nil,2-way,Sealed,,0,0,,60,,On,0,0,,16,Hamilton City,Give way,,,,,0,0,Urban,0,,,Fine,Null
1884914,5774335,9768,,540410,0,,0,2,,East,2009/2010,PUKAKI ST,RANGIURU ST,,Non-Injury Crash,No,2009,,West,,0,,Flat,,,,,,Dark,1232800,0,0,0,2,,,0,,,,,,Bay of Plenty Region,Nil,2-way,Sealed,,0,0,,50,,On,0,0,,24,Rotorua District,Unknown,,,,,0,0,Urban,0,,,Fine,Null
1754757,5934627,9769,,507102,0,0,0,1,0,North,2009/2010,OAKTREE AVENUE,REDWING ST,,Non-Injury Crash,No,2009,0,North,0,0,1,Hill Road,0,,0,,0,Dark,158801,0,0,0,2,0,0,0,0,0,,0,0,Auckland Region,Nil,2-way,Sealed,0,0,0,0,50,0,On,0,0,,76,Auckland,Nil,0,0,0,1,0,0,Urban,0,0,0,Fine,Null
1746277,5940173,9770,,506300,0,,0,1,,South,2008/2009,DAIRY FLAT HIGHWAY,RICHARDS ROAD,,Non-Injury Crash,No,2009,,South,,0,,Flat,,,,,,Dark,175903,0,0,0,2,,,0,,,,,,Auckland Region,Nil,2-way,Sealed,,0,0,,100,,None,0,0,,76,Auckland,Unknown,,,,,0,0,Open,0,,,Light rain,Null
1763777,5913716,9771,,520402,0,,0,2,,West,2008/2009,PENROSE ROAD,MOUNT WELLINGTON HIGHWAY,,Non-Injury Crash,No,2009,,East,,0,,Flat,,,,,,Twilight,640002,0,0,0,4,,,0,,,,,,Auckland Region,Nil,2-way,Sealed,,0,0,,50,,On,0,0,,76,Auckland,Nil,,,,,0,0,Urban,0,,,Fine,Null
1766232,5887410,9772,,521122,0,,0,2,,Null,2009/2010,GLENBROOK ROAD,CHARLES ROAD,,Non-Injury Crash,No,2009,,West,,0,,Flat,,,,,,Dark,809900,0,0,0,2,,,0,,,,,,Auckland Region,Nil,2-way,Sealed,,0,0,,100,,None,0,0,,76,Auckland,Nil,,,,,0,0,Open,0,,,Fine,Null
1764590,5439915,9773,,568201,0,0,0,1,0,West,2009/2010,BIDDLE CRESCENT,HIGH ST,,Minor Crash,No,2009,0,South,0,0,0,Flat,0,,0,,0,Dark,1940401,1,0,0,2,0,0,0,0,0,,0,0,Wellington Region,Nil,2-way,Sealed,0,0,0,0,50,0,On,0,0,,46,Lower Hutt City,Nil,0,0,0,1,0,0,Urban,0,0,0,Fine,Null
1755515,5928957,9774,,508320,0,,0,2,,South,2008/2009,TRISTRAM OFF NBD,TRISTRAM AVENUE E,,Non-Injury Crash,Yes,2009,,North,,0,,Hill Road,,,,,,Twilight,198500,0,0,0,4,,,0,,,,,,Auckland Region,Motorway ramp,1-way,Sealed,,0,0,,50,,Off,0,0,,76,Auckland,Nil,,,,,0,0,Urban,0,,,Fine,Null
1766329,5903439,9775,,524604,0,,0,1,,North,2008/2009,PLUNKET AVENUE,WIRI STATION ROAD,,Non-Injury Crash,No,2009,,South,,0,,Flat,,,,,,Bright sun,780208,0,0,0,1,,,0,,,,,,Auckland Region,Nil,2-way,Sealed,,0,0,,50,,Null,0,0,,76,Auckland,Give way,,,,,0,0,Urban,1,,,Fine,Null
1765476,5908810,9776,,523403,0,,0,2,,Null,2008/2009,HIGHBROOK DR OVERBRIDGE,HIGHBROOK ON NBD,,Non-Injury Crash,Yes,2009,,West,,0,,Hill Road,,,,,,Bright sun,700100,0,0,0,2,,,0,,,,,,Auckland Region,Motorway ramp,1-way,Sealed,,0,0,,50,,Off,0,0,,76,Auckland,Nil,,,,,0,0,Urban,0,,,Fine,Null
1755285,5921714,9777,,515202,0,,0,2,,North,2009/2010,SH 1N,SHELLY BEACH OBR,,Non-Injury Crash,Yes,2009,,North,,0,,Flat,,,,,,Bright sun,423600,0,0,0,5,,,0,,,,,,Auckland Region,Bridge,1-way,Sealed,,0,0,,80,,Off,0,0,,76,Auckland,Nil,,,,,0,0,Open,0,,,Fine,Null
1753832,5926763,9778,,508220,0,,0,2,,Null,2008/2009,GLENFIELD ROAD,CORONATION ROAD,,Non-Injury Crash,No,2009,,South,,0,,Flat,,Queens Birthday,,,,Overcast,187803,0,0,0,2,,,0,,,,,,Auckland Region,Nil,2-way,Sealed,,0,0,,50,,Off,0,0,,76,Auckland,Give way,,,,,0,0,Urban,0,,,Fine,Null
1823869,5463430,9779,,578600,0,,0,1,,Null,2008/2009,PERRY ST,SH 2,,Non-Injury Crash,No,2009,,South,,0,,Flat,,,,,,Bright sun,2244100,0,0,0,2,,,0,,,,,,Wellington Region,Nil,2-way,Sealed,,0,0,,50,,Null,0,0,,48,Masterton District,Give way,,,,,0,0,Urban,1,,,Fine,Null
1747277,5921523,9780,,512202,0,,0,2,,North,2009/2010,TE ATATU ROAD,HARBOUR VIEW ROAD,,Non-Injury Crash,No,2009,,North,,0,,Flat,,,,,,Bright sun,248800,0,0,0,2,,,0,,,,,,Auckland Region,Nil,2-way,Sealed,,0,0,,50,,Off,0,0,,76,Auckland,Nil,,,,,0,0,Urban,0,,,Fine,Null
1876409,5823468,9781,,537301,0,,0,2,,North,2008/2009,OTUMOETAI ROAD,WAYNE PLACE,,Non-Injury Crash,No,2009,,South,,0,,Hill Road,,,,,,Overcast,1161107,0,0,0,2,,,0,,,,,,Bay of Plenty Region,Nil,2-way,Sealed,,0,0,,50,,Off,0,0,,23,Tauranga City,Nil,,,,,0,0,Urban,0,,,Fine,Null
1764428,5914898,9782,,520303,0,,0,2,,Null,2008/2009,MOUNT WELLINGTON HIGHWAY,ELLERSLIE-PANMURE HIGHWAY,,Non-Injury Crash,No,2009,,West,,0,,Flat,,,,,,Dark,627400,0,0,0,4,,,0,,,,,,Auckland Region,Nil,2-way,Sealed,,0,0,,50,,On,0,0,,76,Auckland,Traffic Signals,,,,,0,0,Urban,0,,,Fine,Null
1745931,5918738,9783,,512500,0,,0,1,,Null,2008/2009,CENTRAL PARK DRIVE,SCHOOL ROAD,,Non-Injury Crash,No,2009,,South,,0,,Flat,,,,,,Bright sun,257004,0,0,0,1,,,0,,,,,,Auckland Region,Nil,2-way,Sealed,,0,0,,50,,Off,0,0,,76,Auckland,Nil,,,,,0,0,Urban,1,,,Fine,Null
1878788,5822810,9784,,538201,0,,0,2,,Null,2008/2009,ELEVENTH AVENUE,DEVONPORT ROAD,,Non-Injury Crash,No,2009,,East,,0,,Hill Road,,,,,,Overcast,1166703,0,0,0,2,,,0,,,,,,Bay of Plenty Region,Nil,2-way,Sealed,,0,0,,50,,Null,0,1,,23,Tauranga City,Give way,,,,,0,0,Urban,0,,,Light rain,Null
1766530,5913279,9785,,522820,0,,0,2,,Null,2008/2009,PAKURANGA ROAD,TI RAKAU DRIVE,,Non-Injury Crash,No,2009,,East,,0,,Flat,,Queens Birthday,,,,Overcast,694700,0,0,0,6,,,0,,,,,,Auckland Region,Nil,2-way,Sealed,,0,0,,50,,Off,0,0,,76,Auckland,Traffic Signals,,,,,0,0,Urban,0,,,Heavy rain,Null
1745313,5919922,9786,,513301,0,,0,2,,South,2008/2009,LINCOLN ROAD,PARAMOUNT DRIVE,,Non-Injury Crash,No,2009,,North,,0,,Flat,,,,,,Overcast,230401,0,0,0,4,,,0,,,,,,Auckland Region,Nil,2-way,Sealed,,0,0,,50,,Off,0,0,,76,Auckland,Nil,,,,,0,0,Urban,0,,,Fine,Null
1757301,5921135,9787,,514101,0,,0,2,,Null,2008/2009,LOWER HOBSON ST,QUAY ST,,Non-Injury Crash,No,2009,,North,,0,,Flat,,,,,,Dark,432800,0,0,0,4,,,0,,,,,,Auckland Region,Nil,2-way,Sealed,,0,0,,50,,On,0,0,,76,Auckland,Traffic Signals,,,,,0,0,Urban,0,,,Fine,Null
1879267,5819816,9788,,538000,0,,0,1,,North,2009/2010,SH 29,WELCOME BAY ROAD,,Non-Injury Crash,Yes,2009,,South,,0,,Flat,,,,,,Overcast,1178900,0,0,0,3,,,0,,,,,,Bay of Plenty Region,Nil,2-way,Sealed,,0,0,,50,,Null,1,0,,23,Tauranga City,Unknown,,,,,0,0,Urban,0,,,Fine,Null
1745707,5920567,9789,,513301,0,,0,1,,East,2009/2010,SH 16,LINCOLN OBR,,Non-Injury Crash,Yes,2009,,West,,0,,Flat,,,,,,Bright sun,230301,0,0,0,2,,,0,,,,,,Auckland Region,Nil,1-way,Sealed,,0,0,,100,,Off,2,0,,76,Auckland,Nil,,,,,0,0,Open,1,,,Fine,Null
1802284,5812598,9790,,530400,0,0,0,1,0,West,2009/2010,NORRIE ST,ANNABEL PLACE,,Non-Injury Crash,No,2009,0,West,0,0,0,Flat,0,,0,,0,Dark,922900,0,0,0,2,0,0,0,0,0,,1,0,Waikato Region,Nil,2-way,Sealed,0,0,0,0,50,0,On,0,0,,16,Hamilton City,Unknown,0,0,0,1,0,0,Urban,0,0,0,Heavy rain,Null
1621904,6115860,9791,,500204,0,,0,0,,South,2009/2010,PUCKEY ROAD,BELL ROAD,,Non-Injury Crash,No,2009,,North,,0,,Flat,,,,,,Dark,8301,0,0,0,1,,,0,,,,,,Northland Region,Nil,2-way,Unsealed,,0,0,,100,,None,1,0,,1,Far North District,Nil,,,,,0,0,Open,0,,,Fine,Null
1768395,5911694,9792,,523112,0,,0,2,,West,2008/2009,TI RAKAU DRIVE,TRUGOOD DRIVE,,Non-Injury Crash,No,2009,,West,,0,,Flat,,,,,,Bright sun,711404,0,0,0,4,,,0,,,,,,Auckland Region,Nil,2-way,Sealed,,0,0,,60,,Off,0,0,,76,Auckland,Nil,,,,,0,0,Urban,0,,,Fine,Null
1761518,5912450,9793,,519500,0,0,0,1,0,Null,2009/2010,NEILSON ST,CHURCH ST,,Non-Injury Crash,No,2009,0,West,0,0,0,Hill Road,0,,0,,0,Overcast,621700,0,0,0,4,0,0,0,0,0,,0,1,Auckland Region,Nil,2-way,Sealed,0,0,0,0,50,0,Off,0,0,,76,Auckland,Traffic Signals,0,0,0,0,0,0,Urban,0,0,0,Light rain,Null
1760689,5915477,9794,,520201,0,,0,2,,South,2008/2009,SH 1N,GREENLANE OFF NBD,,Non-Injury Crash,Yes,2009,,North,,0,,Flat,,,,,,Overcast,613000,0,0,0,3,,,0,,,,,,Auckland Region,Nil,1-way,Sealed,,0,0,,100,,Off,0,0,,76,Auckland,Nil,,,,,0,0,Open,0,,,Light rain,Null
1915185,5604884,9795,,545841,0,,0,1,,North,2008/2009,SH 50,VALLEY ROAD,,Non-Injury Crash,Yes,2009,,North,,0,,Flat,,,,,,Bright sun,1462901,0,0,0,2,,,0,,,,,,Hawke's Bay Region,Nil,2-way,Sealed,,0,0,,100,,Null,0,0,,30,Hastings District,Nil,,,,,0,0,Open,1,,,Fine,Strong wind
1757611,5918400,9796,,514302,0,,0,4,,North,2009/2010,SH 1N,MOUNTAIN OBR,,Non-Injury Crash,Yes,2009,,South,,0,,Flat,,,,,,Bright sun,442100,0,0,0,4,,,0,,,,,,Auckland Region,Nil,1-way,Sealed,,0,0,,80,,Null,0,0,,76,Auckland,Unknown,,,,,0,0,Open,0,,,Fine,Null
1799288,5817354,9797,,528700,0,,0,2,,Null,2009/2010,TE RAPA ROAD,ULSTER ST,,Non-Injury Crash,No,2009,,North,,0,,Flat,,,,,,Dark,901901,0,0,0,4,,,0,,,,,,Waikato Region,Nil,2-way,Sealed,,0,0,,60,,On,0,0,,16,Hamilton City,Traffic Signals,,,,,0,0,Urban,0,,,Light rain,Null
1821564,5840199,9798,85,534500,0,0,0,1,1,North,2008/2009,MORRINSVILLE TAHUNA ROAD,QUINE ROAD,,Non-Injury Crash,No,2009,0,South,0,0,0,Flat,0,,0,,0,Overcast,1093000,0,0,0,2,0,0,0,0,0,,0,0,Waikato Region,Nil,2-way,Sealed,0,0,0,0,100,0,Null,0,0,,15,Matamata-Piako District,Unknown,0,0,0,0,0,0,Open,0,0,0,Light rain,Null
1731134,6023473,9799,,501815,0,0,0,1,0,South,2008/2009,SH 1N,DOCTORS HILL ROAD,,Non-Injury Crash,Yes,2009,1,North,0,0,0,Hill Road,0,,0,,0,Twilight,79901,0,0,0,3,0,0,0,0,0,,0,0,Northland Region,Nil,2-way,Sealed,0,0,0,0,100,0,None,0,0,,2,Whangarei District,Nil,0,0,0,0,0,0,Open,1,0,0,Fine,Null
1752242,5925101,9800,,510401,0,0,0,2,0,North,2008/2009,WAIPA ST,KAURI ROAD,,Non-Injury Crash,No,2009,0,North,0,0,0,Hill Road,0,,0,,0,Dark,354500,0,0,0,2,0,0,0,0,0,,0,0,Auckland Region,Nil,2-way,Sealed,0,0,0,0,50,0,On,0,0,,76,Auckland,Nil,0,0,0,0,0,0,Urban,0,0,0,Fine,Null
1757508,5918680,9801,,514302,0,,0,1,,North,2009/2010,SH 1N,MOUNTAIN OBR,,Non-Injury Crash,Yes,2009,,South,,0,,Flat,,,,,,Bright sun,442500,0,0,0,4,,,0,,,,,,Auckland Region,Nil,1-way,Sealed,,0,0,,80,,Off,0,0,,76,Auckland,Nil,,,,,1,0,Open,0,,,Fine,Null
1756679,5919909,9802,,514102,0,,0,2,,Null,2009/2010,NELSON ST,NELSON OFF NBD,,Non-Injury Crash,Yes,2009,,North,,0,,Hill Road,,,,,,Overcast,435500,0,0,0,5,,,0,,,,,,Auckland Region,Nil,1-way,Sealed,,0,0,,50,,Off,0,0,,76,Auckland,Traffic Signals,,,,,0,0,Urban,0,,,Fine,Null
1756488,5924606,9803,,509702,0,,0,3,,North,2008/2009,SH 1N,MT WGTN OFF SBD,,Non-Injury Crash,Yes,2009,,South,,0,,Flat,,,,,,Bright sun,366700,0,0,0,4,,,0,,,,,,Auckland Region,Nil,1-way,Sealed,,0,0,,100,,Off,0,0,,76,Auckland,Nil,,,,,0,0,Open,0,,,Fine,Null
1757444,5912472,9804,,519810,0,,0,0,,Null,2008/2009,QUEENSTOWN ROAD,BEACHCROFT AVENUE,,Non-Injury Crash,No,2009,,South,,0,,Flat,,,,,,Overcast,596700,0,0,0,4,,,0,,,,,,Auckland Region,Nil,2-way,Sealed,,0,0,,50,,Null,0,0,,76,Auckland,Give way,,,,,0,0,Urban,2,,,Heavy rain,Null
1834794,5843659,9805,,534603,0,0,0,1,0,East,2008/2009,BOWLER ROAD,CLOTHIER ROAD,,Non-Injury Crash,No,2009,0,East,0,0,0,Flat,0,,0,,0,Overcast,1105900,0,0,0,2,0,1,0,0,0,,0,0,Waikato Region,Nil,2-way,Sealed,0,0,0,0,100,0,Null,0,0,,15,Matamata-Piako District,Unknown,0,0,0,0,0,0,Open,0,0,0,Fine,Null
1746605,5919058,9806,,512401,0,0,0,1,0,East,2008/2009,VODANOVICH ROAD,NORMA AVENUE,,Non-Injury Crash,No,2009,0,West,0,0,0,Flat,0,,0,,0,Dark,253400,0,0,0,2,0,0,0,0,1,,0,0,Auckland Region,Nil,2-way,Sealed,0,0,0,0,50,0,On,0,0,,76,Auckland,Nil,0,0,0,0,0,0,Urban,1,0,0,Fine,Null
1748190,5424230,9807,,576200,0,0,0,2,0,South,2008/2009,BRITOMART ST,FARNHAM ST,,Non-Injury Crash,No,2009,0,South,0,0,0,Flat,0,,0,,0,Twilight,2171100,0,0,0,2,0,0,0,0,1,,0,0,Wellington Region,Nil,2-way,Sealed,0,0,0,0,50,0,Off,0,0,,47,Wellington City,Nil,0,0,0,0,0,0,Urban,0,0,0,Fine,Null