X,Y,OBJECTID,advisorySpeed,areaUnitID,bicycle,bridge,bus,carStationWagon,cliffBank,crashDirectionDescription,crashFinancialYear,crashLocation1,crashLocation2,crashRoadSideRoad,crashSeverity,crashSHDescription,crashYear,debris,directionRoleDescription,ditch,fatalCount,fence,flatHill,guardRail,holiday,houseOrBuilding,intersection,kerb,light,meshblockId,minorInjuryCount,moped,motorcycle,NumberOfLanes,objectThrownOrDropped,otherObject,otherVehicleType,overBank,parkedVehicle,pedestrian,phoneBoxEtc,postOrPole,region,roadCharacter,roadLane,roadSurface,roadworks,schoolBus,seriousInjuryCount,slipOrFlood,speedLimit,strayAnimal,streetLight,suv,taxi,temporarySpeedLimit,tlaId,tlaName,trafficControl,trafficIsland,trafficSign,train,tree,truck,unknownVehicleType,urban,vanOrUtility,vehicle,waterRiver,weatherA,weatherB
1631428,6126798,9808,,500202,0,0,0,0,0,North,2009/2010,SH 10,PUKEWHAI ROAD,,Non-Injury Crash,Yes,2009,0,East,0,0,0,Flat,0,,0,,0,Overcast,2900,0,0,0,2,0,0,0,0,0,,0,0,Northland Region,Nil,2-way,Sealed,0,0,0,0,100,0,Null,1,0,,1,Far North District,Unknown,0,0,0,1,0,0,Open,0,0,0,Light rain,Null
1797189,5817402,9809,,528406,0,,0,1,,South,2008/2009,ROTOKAURI ROAD,LUGTON ST,,Non-Injury Crash,No,2009,,South,,0,,Flat,,,,,,Overcast,907601,0,0,0,2,,,0,,,,,,Waikato Region,Nil,2-way,Sealed,,0,0,,80,,Null,0,0,,16,Hamilton City,Unknown,,,,,1,0,Open,0,,,Light rain,Null
1491138,5119564,9810,,597730,0,0,0,1,0,East,2009/2010,POPLAR ROAD,HINDS RIV BR,,Serious Crash,No,2009,0,West,1,0,0,Flat,0,,0,,0,Dark,2744700,0,0,0,2,0,0,0,0,0,,0,0,Canterbury Region,Nil,2-way,Sealed,0,0,1,0,100,0,None,0,0,,63,Ashburton District,Unknown,0,0,0,0,0,0,Open,0,0,0,Fine,Null
1760392,5908905,9811,,524403,0,,0,0,,East,2008/2009,WALMSLEY ROAD,ROBERTSON ROAD,,Non-Injury Crash,No,2009,,East,,0,,Flat,,,,,,Dark,729901,0,0,1,4,,,0,,,,,,Auckland Region,Nil,2-way,Sealed,,0,0,,50,,On,1,0,,76,Auckland,Unknown,,,,,0,0,Urban,0,,,Fine,Null
1901447,5810479,9812,,536653,0,0,0,1,0,North,2009/2010,WILSON ROAD NORTH,SH 2,,Non-Injury Crash,No,2009,0,North,0,0,0,Flat,0,,0,,0,Dark,1209700,0,0,0,2,0,0,0,0,0,,0,1,Bay of Plenty Region,Nil,2-way,Sealed,0,0,0,0,100,0,None,0,0,,22,Western Bay of Plenty District,Unknown,0,0,0,0,0,0,Open,0,0,0,Light rain,Null
1764770,5880158,9813,,521112,0,0,0,1,0,North,2009/2010,PATUMAHOE ROAD,UNION ROAD,,Non-Injury Crash,No,2009,0,South,1,0,0,Flat,0,,0,,0,Unknown,825600,0,0,0,2,0,0,0,0,0,,0,0,Auckland Region,Nil,2-way,Sealed,0,0,0,0,100,0,None,0,0,,76,Auckland,Nil,0,0,0,0,0,0,Open,0,0,0,Fine,Null
1764329,5904394,9814,,522100,0,,0,2,,West,2008/2009,PUHINUI ROAD,WYLLIE ROAD,,Non-Injury Crash,No,2009,,West,,0,,Flat,,,,,,Bright sun,659300,0,0,0,5,,,0,,,,,,Auckland Region,Nil,2-way,Sealed,,0,0,,50,,Null,0,0,,76,Auckland,Unknown,,,,,0,0,Urban,0,,,Fine,Null
1764175,5910131,9815,,521801,0,,0,2,,Null,2008/2009,PRINCES STREET,ATKINSON AVENUE,,Non-Injury Crash,No,2009,,South,,0,,Flat,,,,,,Unknown,786802,0,0,0,4,,,0,,,,,,Auckland Region,Nil,2-way,Sealed,,0,0,,50,,Off,0,0,,76,Auckland,Traffic Signals,,,,,0,0,Urban,0,,,Fine,Null
1757221,5926964,9816,,507900,0,,0,1,,Null,2009/2010,ANZAC ST,TAHAROTO ROAD,,Non-Injury Crash,No,2009,,South,,0,,Flat,,,,,,Dark,305000,0,0,0,5,,,0,,,,,,Auckland Region,Nil,2-way,Sealed,,0,0,,50,,On,0,0,,76,Auckland,Traffic Signals,,,,,0,0,Urban,0,,,Fine,Null
1739252,5697420,9817,,550700,0,1,0,1,0,North,2008/2009,SH 3,OKAU ROAD,,Non-Injury Crash,Yes,2009,0,South,0,0,0,Flat,0,,0,,0,Twilight,1552600,0,0,0,1,0,0,0,0,0,,0,0,Taranaki Region,Nil,1-way,Unsealed,0,0,0,0,100,0,None,0,0,,33,New Plymouth District,Nil,0,0,0,0,0,0,Open,0,0,1,Light rain,Null
1718993,6048282,9818,,502300,0,,0,1,,North,2009/2010,KAMO ROAD,PERCY ST,,Non-Injury Crash,No,2009,,South,,0,,Flat,,,,,,Bright sun,90300,0,0,0,2,,,0,,,,,,Northland Region,Nil,2-way,Sealed,,0,0,,50,,Off,1,0,,2,Whangarei District,Nil,,,,,0,0,Urban,1,,,Fine,Null
1800175,5815722,9819,,529700,0,,0,2,,Null,2008/2009,TRISTRAM ST,ROSTREVOR ST,,Non-Injury Crash,No,2009,,South,,0,,Flat,,,,,,Overcast,910000,0,0,0,2,,,0,,,,,,Waikato Region,Nil,2-way,Sealed,,0,0,,50,,Off,0,0,,16,Hamilton City,Give way,,,,,0,0,Urban,0,,,Light rain,Null
1953946,5790430,9820,65,542514,0,,0,0,,West,2008/2009,OHOPE ROAD,BROWN ROAD,,Non-Injury Crash,No,2009,,West,,0,,Hill Road,,,,,,Overcast,1294103,0,0,0,3,,,0,,,,,,Bay of Plenty Region,Nil,2-way,Sealed,,0,0,,80,,Null,2,0,,25,Whakatane District,Unknown,,,,,0,0,Open,0,,,Light rain,Null
1863396,5695123,9821,,541346,0,0,0,1,0,South,2008/2009,SH 1N,HINEMAIAIA ACCESS ROAD,,Non-Injury Crash,Yes,2009,0,South,0,0,0,Hill Road,0,,0,,0,Twilight,1281602,0,0,0,3,0,0,0,0,1,,0,0,Waikato Region,Nil,2-way,Sealed,0,0,0,0,100,0,None,0,0,,21,Taupo District,Unknown,0,0,0,0,1,0,Open,0,0,0,Fine,Frost
1758011,5914933,9822,,519300,0,,0,1,,Null,2008/2009,MANUKAU ROAD,GOLF ROAD,,Non-Injury Crash,No,2009,,South,,0,,Flat,,,,,,Bright sun,623800,0,0,0,4,,,0,,,,,,Auckland Region,Nil,2-way,Sealed,,0,0,,50,,Null,0,0,,76,Auckland,Nil,,,,,0,0,Urban,1,,,Fine,Null
1759116,5924421,9823,,508120,0,0,0,1,0,North,2009/2010,ROSYTH AVENUE,ROBERTS AVENUE,,Non-Injury Crash,No,2009,0,North,0,0,0,Flat,0,,0,,0,Bright sun,316600,0,0,0,2,0,0,0,0,1,,0,0,Auckland Region,Nil,2-way,Sealed,0,0,0,0,50,0,Off,1,0,,76,Auckland,Nil,0,0,0,0,0,0,Urban,0,0,0,Fine,Null
1757359,5920860,9824,,514102,0,0,0,2,0,West,2009/2010,WOLFE ST,ALBERT ST,,Non-Injury Crash,No,2009,0,East,0,0,0,Flat,0,,0,,0,Bright sun,433102,0,0,0,1,0,0,0,0,1,,0,0,Auckland Region,Nil,1-way,Sealed,0,0,0,0,50,0,Null,0,0,,76,Auckland,Nil,0,0,0,0,0,0,Urban,0,0,0,Fine,Null
1755813,5921140,9825,,515202,0,,0,2,,North,2008/2009,SH 1N,FANSHAWE ON NBD,,Non-Injury Crash,Yes,2009,,North,,0,,Flat,,,,,,Dark,425600,0,0,0,3,,,0,,,,,,Auckland Region,Nil,1-way,Sealed,,0,0,,80,,On,0,0,,76,Auckland,Nil,,,,,0,0,Open,0,,,Light rain,Null
1838000,5812254,9826,,535220,0,0,0,0,0,West,2009/2010,MORGAN ROAD,MATAI ROAD,,Non-Injury Crash,No,2009,0,East,0,0,1,Hill Road,0,,0,,0,Overcast,1117101,0,0,0,2,0,0,0,0,0,,0,0,Waikato Region,Nil,2-way,Sealed,0,0,0,0,100,0,Null,1,0,,15,Matamata-Piako District,Unknown,0,0,0,0,0,0,Open,0,0,0,Heavy rain,Null
1737319,5980574,9827,,506660,0,0,0,0,0,South,2008/2009,SH 1N,CENTENNIAL PARK ROAD,,Non-Injury Crash,Yes,2009,0,South,0,0,1,Flat,0,,0,,0,Dark,136400,0,0,0,2,0,0,0,0,0,,0,0,Auckland Region,Nil,2-way,Sealed,0,0,0,0,100,0,None,1,0,,76,Auckland,Nil,0,0,0,0,0,0,Open,0,0,0,Fine,Null
1761507,5913742,9828,,519500,0,0,0,2,0,West,2008/2009,WALLS ROAD,STATION ROAD,,Non-Injury Crash,No,2009,0,North,0,0,0,Hill Road,0,,0,,1,Dark,621400,0,0,0,2,0,0,0,0,0,,0,0,Auckland Region,Nil,2-way,Sealed,0,0,0,0,50,0,On,0,0,,76,Auckland,Traffic Signals,0,0,0,0,0,0,Urban,0,0,0,Light rain,Null
1267593,5005618,9829,,609035,0,0,0,1,0,East,2009/2010,REMARKABLES SKI FIELD ACC,SH 6,,Minor Crash,No,2009,0,West,0,0,0,Hill Road,0,,0,,0,Bright sun,3040001,1,0,0,2,0,0,0,1,0,,0,0,Otago Region,Nil,2-way,Unsealed,0,0,0,0,100,0,Null,0,0,,70,Queenstown-Lakes District,Unknown,0,0,0,0,0,0,Open,0,0,0,Fine,Null
1930149,5604677,9830,,548200,0,0,0,1,0,Null,2008/2009,QUEEN ST EAST,HASTINGS ST NORTH,,Non-Injury Crash,No,2009,0,West,0,0,0,Flat,0,,0,,0,Bright sun,1493400,0,0,0,2,0,0,0,0,1,,0,0,Hawke's Bay Region,Nil,2-way,Sealed,0,0,0,0,50,0,Null,0,0,,30,Hastings District,Give way,0,0,0,0,1,0,Urban,0,0,0,Fine,Null
1760515,5915616,9831,,520201,0,,0,2,,South,2009/2010,SH 1N,GREENLANE INT,,Non-Injury Crash,Yes,2009,,North,,0,,Flat,,,,,,Dark,613000,0,0,0,4,,,0,,,,,,Auckland Region,Nil,1-way,Sealed,,0,0,,100,,On,0,0,,76,Auckland,Unknown,,,,,0,0,Open,0,,,Fine,Null
1756136,5924527,9832,,509702,0,,0,3,,Null,2008/2009,ONEWA ROAD,SYLVAN AVENUE,,Non-Injury Crash,No,2009,,East,,0,,Hill Road,,,,,,Overcast,366700,0,0,0,2,,,0,,,,,,Auckland Region,Nil,2-way,Sealed,,0,0,,50,,Off,0,0,30,76,Auckland,Traffic Signals,,,,,0,0,Urban,0,,,Heavy rain,Null
1751475,5949914,9833,,505805,0,0,0,1,0,Null,2008/2009,ALICE AVENUE,EDWARD AVENUE S,,Non-Injury Crash,No,2009,0,North,0,0,0,Flat,0,,0,,0,Dark,171602,0,0,0,1,0,0,0,0,1,,0,0,Auckland Region,Nil,2-way,Sealed,0,0,0,0,50,0,On,1,0,,76,Auckland,Nil,0,0,0,0,0,0,Urban,0,0,0,Fine,Null
1754799,5968715,9834,,506631,0,0,0,1,0,Null,2008/2009,TAMATEA DRIVE,TAMATEA ROAD,,Non-Injury Crash,No,2009,0,East,0,0,1,Hill Road,0,Queens Birthday,0,,0,Dark,141505,0,0,0,2,0,0,0,0,0,,0,0,Auckland Region,Nil,2-way,Sealed,0,0,0,0,50,0,On,0,0,,76,Auckland,Give way,0,0,0,1,0,0,Urban,0,0,0,Fine,Null
1749435,5913925,9835,,511302,0,,0,2,,North,2009/2010,RATA ST,GREAT NORTH ROAD,,Non-Injury Crash,No,2009,,North,,0,,Flat,,,,,,Bright sun,268800,0,0,0,4,,,0,,,,,,Auckland Region,Nil,2-way,Sealed,,0,0,,50,,Off,0,0,,76,Auckland,Traffic Signals,,,,,0,0,Urban,0,,,Fine,Null
1748673,5942490,9836,,505806,0,0,0,1,0,West,2008/2009,WILKS ROAD,EAST COAST ROAD,,Non-Injury Crash,No,2009,1,East,0,0,0,Flat,0,,0,,0,Dark,176802,0,0,0,2,0,0,0,0,0,,0,0,Auckland Region,Nil,2-way,Sealed,0,0,0,0,100,0,None,0,0,,76,Auckland,Unknown,0,0,0,0,0,0,Open,0,0,0,Fine,Null
1758513,5918381,9837,,517400,0,,0,2,,North,2009/2010,BROADWAY,KHYBER PASS ROAD,,Non-Injury Crash,No,2009,,South,,0,,Flat,,,,,,Overcast,451000,0,0,0,2,,,0,,,,,,Auckland Region,Nil,2-way,Sealed,,0,0,,50,,Null,0,0,,76,Auckland,Unknown,,,,,0,0,Urban,0,,,Light rain,Null
1751197,5915481,9838,,514401,0,0,1,1,0,East,2009/2010,ROSEBANK ROAD,GREAT NORTH ROAD,,Non-Injury Crash,No,2009,0,East,0,0,0,Hill Road,0,,0,,0,Bright sun,382200,0,0,0,2,0,0,0,0,1,,0,0,Auckland Region,Nil,2-way,Sealed,0,0,0,0,50,0,Off,0,0,,76,Auckland,Nil,0,0,0,0,0,0,Urban,0,0,0,Fine,Null
1570889,5179156,9839,,594600,0,,0,3,,Null,2009/2010,MOORHOUSE AVENUE,PILGRIM PLACE,,Minor Crash,No,2009,,West,,0,,Flat,,,,,,Overcast,2617601,1,0,0,2,,,0,,,,,,Canterbury Region,Nil,2-way,Sealed,,0,0,,50,,Null,0,0,,60,Christchurch City,Traffic Signals,,,,,0,0,Urban,0,,,Light rain,Null
1733565,5945317,9840,55,506647,0,0,0,1,0,West,2008/2009,SH 16,HENLEY ROAD,,Non-Injury Crash,Yes,2009,0,West,0,0,1,Hill Road,0,,0,,0,Overcast,211502,0,0,0,2,0,0,0,0,0,,0,0,Auckland Region,Nil,2-way,Sealed,0,0,0,0,100,0,Null,0,0,,76,Auckland,Unknown,0,0,0,0,0,0,Open,0,0,0,Light rain,Null
1763807,5906557,9841,,524303,0,,0,2,,West,2008/2009,PORTAGE ROAD,GRAY AVENUE,,Non-Injury Crash,No,2009,,East,,0,,Flat,,,,,,Dark,657300,0,0,0,2,,,0,,,,,,Auckland Region,Nil,2-way,Sealed,,0,0,,50,,On,0,0,,76,Auckland,Nil,,,,,0,0,Urban,0,,,Fine,Null
1804284,5814360,9842,,530700,0,,0,2,,Null,2008/2009,MASTERS AVENUE,SERVICE LANE W,,Non-Injury Crash,No,2009,,West,,0,,Flat,,,,,,Twilight,888700,0,0,0,2,,,0,,,,,,Waikato Region,Nil,2-way,Sealed,,0,0,,50,,On,0,0,,16,Hamilton City,Nil,,,,,0,0,Urban,0,,,Light rain,Null
1799036,5814529,9843,,529000,0,,0,2,,West,2009/2010,KILLARNEY ROAD,SH 1N,,Non-Injury Crash,No,2009,,East,,0,,Flat,,,,,,Overcast,918400,0,0,0,6,,,0,,,,,,Waikato Region,Nil,2-way,Sealed,,0,0,,50,,Null,0,0,,16,Hamilton City,Traffic Signals,,,,,0,0,Urban,0,,,Fine,Null
1927794,5801159,9844,,542530,0,,0,2,,West,2009/2010,SH 2,HEREPURU ROAD,,Non-Injury Crash,Yes,2009,,West,,0,,Flat,,,,,,Overcast,1325500,0,0,0,2,,,0,,,,,,Bay of Plenty Region,Nil,2-way,Sealed,,0,0,,50,,Null,0,0,,25,Whakatane District,Unknown,,,,,0,0,Urban,0,,,Light rain,Null
1759208,5446749,9845,,565602,0,0,0,1,0,West,2009/2010,DISCOVERY DRIVE,PICKETBOAT LANE,,Serious Crash,No,2009,0,East,0,0,0,Hill Road,0,,0,,1,Bright sun,2072519,0,0,0,2,0,0,0,0,0,,0,0,Wellington Region,Nil,2-way,Sealed,0,0,1,0,50,0,Null,0,0,,44,Porirua City,Nil,0,0,0,1,0,0,Urban,0,0,0,Fine,Null
1680618,5407281,9846,,580431,0,,0,1,,Null,2008/2009,SH 1S,FELL ST,,Non-Injury Crash,Yes,2009,,North,,0,,Flat,,,,,,Bright sun,2277600,0,0,0,2,,,0,,,,,,Marlborough Region,Nil,2-way,Sealed,,0,0,,100,,Null,1,0,,53,Marlborough District,Give way,,,,,0,0,Open,0,,,Fine,Null
1761228,5916296,9847,,516003,0,,0,2,,Null,2008/2009,LADIES MILE,RICHARD FARRELL AVENUE,,Non-Injury Crash,No,2009,,South,,0,,Flat,,,,,,Bright sun,496101,0,0,0,2,,,0,,,,,,Auckland Region,Nil,2-way,Sealed,,0,0,,50,,Off,0,0,,76,Auckland,Give way,,,,,0,0,Urban,0,,,Fine,Null
1687494,6092892,9848,,501633,0,0,0,1,0,East,2009/2010,SH 11,SH 10,,Non-Injury Crash,Yes,2009,0,West,1,0,0,Flat,0,,0,,0,Dark,35700,0,0,0,2,0,0,0,0,0,,0,0,Northland Region,Nil,2-way,Sealed,0,0,0,0,100,0,On,0,0,,1,Far North District,Stop,0,0,0,0,0,0,Open,0,0,0,Fine,Null
1751580,5914775,9849,,514402,0,,0,2,,Null,2008/2009,BLOCKHOUSE BAY ROAD,NEW WINDSOR ROAD,,Non-Injury Crash,No,2009,,South,,0,,Flat,,Easter,,,,Dark,380503,0,0,0,2,,,0,,,,,,Auckland Region,Nil,2-way,Sealed,,0,0,,50,,On,0,0,,76,Auckland,Stop,,,,,0,0,Urban,0,,,Fine,Null
1412425,5058588,9850,,600410,0,,0,0,,South,2008/2009,HAKATARAMEA VALLEY ROAD,DYERS ROAD,,Minor Crash,No,2009,,North,,0,,Hill Road,,,,,,Overcast,2825900,1,0,1,2,,,0,,,,,,Canterbury Region,Nil,2-way,Sealed,,0,0,,100,,Null,0,0,,66,Waimate District,Unknown,,,,,0,0,Open,0,,,Fine,Null
1755495,5921478,9851,,515202,0,,0,2,,South,2008/2009,SH 1N,SHELLY BEACH OBR,,Non-Injury Crash,Yes,2009,,South,,0,,Flat,,,,,,Bright sun,425600,0,0,0,4,,,0,,,,,,Auckland Region,Nil,1-way,Sealed,,0,0,,80,,Off,0,0,,76,Auckland,Nil,,,,,0,0,Open,0,,,Fine,Null
1755544,5928971,9852,,508320,0,0,0,1,0,South,2008/2009,SH 1N,TRISTRAM OBR,,Non-Injury Crash,Yes,2009,0,North,0,0,0,Flat,1,,0,,0,Dark,198500,0,0,0,3,0,0,0,0,0,,0,0,Auckland Region,Bridge,1-way,Sealed,0,0,0,0,100,0,On,0,0,,76,Auckland,Nil,0,0,0,0,0,0,Open,0,0,0,Fine,Null
1578880,6183290,9853,,500206,0,,0,1,,North,2008/2009,SH 1N,TE HAPUA ROAD,,Non-Injury Crash,Yes,2009,,South,,0,,Hill Road,,,,,,Bright sun,100,0,0,0,0,,,0,,,,,,Northland Region,Nil,2-way,Unsealed,,0,0,,100,,Null,0,0,,1,Far North District,Nil,,,,,0,0,Open,0,,,Fine,Null
1564936,5204162,9854,,586122,1,,0,1,,Null,2009/2010,LEHMANS ROAD,JOHNS ROAD,,Minor Crash,No,2009,,South,,0,,Flat,,Christmas New Year,,,,Bright sun,2450221,1,0,0,2,,,0,,,,,,Canterbury Region,Nil,2-way,Sealed,,0,0,,100,,Null,0,0,,59,Waimakariri District,Give way,,,,,0,0,Open,0,,,Fine,Null
1719589,6047345,9855,,502800,0,,0,2,,South,2009/2010,KAMO ROAD,WRACK ST,,Non-Injury Crash,No,2009,,North,,0,,Flat,,,,,,Bright sun,96500,0,0,0,2,,,0,,,,,,Northland Region,Nil,2-way,Sealed,,0,0,,50,,Off,0,0,,2,Whangarei District,Nil,,,,,0,0,Urban,0,,,Fine,Null
1754646,5916534,9856,,517702,0,0,0,2,0,Null,2008/2009,KINGSWAY AVENUE,ST LUKES ROAD,,Non-Injury Crash,No,2009,0,North,0,0,0,Flat,0,,0,,0,Bright sun,540300,0,0,0,1,0,0,0,0,0,,0,0,Auckland Region,Nil,2-way,Sealed,0,0,0,0,50,0,Off,0,0,,76,Auckland,Traffic Signals,0,0,0,0,0,0,Urban,0,1,0,Fine,Null
1769750,5908424,9857,,523115,0,,0,1,,Null,2008/2009,ACCENT DRIVE,WAYNE FRANCIS DRIVE,,Non-Injury Crash,No,2009,,South,,0,,Flat,,,,,,Overcast,711912,0,0,0,2,,,0,,,,,,Auckland Region,Nil,2-way,Sealed,,0,0,,50,,Null,0,0,,76,Auckland,Give way,,,,,0,0,Urban,1,,,Light rain,Null
1460870,5082679,9858,,599500,0,,0,1,,Null,2009/2010,BESWICK ST,STAFFORD ST,,Minor Crash,No,2009,,North,,0,,Flat,,,,,,Bright sun,2793000,1,0,0,2,,,0,,,1,,,Canterbury Region,Nil,2-way,Sealed,,0,0,,30,,Null,0,0,,64,Timaru District,Nil,,,,,0,0,Urban,0,,,Fine,Null
1569451,5178102,9859,,595000,0,,0,2,,Null,2009/2010,SELWYN ST,CORONATION ST,,Minor Crash,No,2009,,South,,0,,Flat,,,,,,Overcast,2643700,2,0,0,2,,,0,,,,,,Canterbury Region,Nil,2-way,Sealed,,0,0,,50,,Null,0,0,,60,Christchurch City,Give way,,,,,0,0,Urban,0,,,Light rain,Null
1739151,5928011,9860,,505602,0,,0,0,,West,2008/2009,WAITAKERE ROAD,TROTTING COURSE DRIVE,,Non-Injury Crash,No,2009,,East,,0,,Flat,,,,,,Bright sun,215000,0,0,0,2,,,0,,,,,,Auckland Region,Nil,2-way,Sealed,,0,0,,100,,None,0,0,,76,Auckland,Nil,,,,,1,0,Open,0,,,Fine,Null
1746546,5916079,9861,,511800,0,,0,2,,South,2009/2010,GREAT NORTH ROAD,KIRBY ST,,Non-Injury Crash,No,2009,,North,,0,,Flat,,,,,,Twilight,276102,0,0,0,2,,,0,,,,,,Auckland Region,Nil,2-way,Sealed,,0,0,,50,,Off,0,0,,76,Auckland,Nil,,,,,0,0,Urban,0,,,Fine,Null
1799549,5821622,9862,,527007,0,0,0,1,0,East,2009/2010,THOMAS ROAD,BUCKINGHAM PLACE,,Non-Injury Crash,No,2009,0,East,0,0,0,Flat,0,,0,,1,Overcast,952062,0,0,0,2,0,0,0,0,1,,0,0,Waikato Region,Nil,2-way,Sealed,0,0,0,0,50,0,Null,0,0,,16,Hamilton City,Give way,0,0,0,0,0,0,Urban,0,0,0,Fine,Null
1769366,5916147,9863,,522711,0,,0,2,,North,2008/2009,PIGEON MOUNTAIN ROAD,HALF MOON RISE,,Non-Injury Crash,No,2009,,North,,0,,Hill Road,,,,,,Twilight,679306,0,0,0,2,,,0,,,,,,Auckland Region,Nil,2-way,Sealed,,0,0,,50,,None,0,0,,76,Auckland,Unknown,,,,,0,0,Urban,0,,,Fine,Null
1756367,5924447,9864,,509702,0,,0,4,,North,2008/2009,SH 1N,SEART OFF SBD,,Non-Injury Crash,Yes,2009,,South,,0,,Flat,,,,,,Dark,366700,0,0,0,6,,,0,,,,,,Auckland Region,Nil,2-way,Sealed,,0,0,,100,,On,0,0,,76,Auckland,Unknown,,,,,0,0,Open,0,,,Fine,Null
1760952,5912386,9865,,519500,0,,0,2,,East,2009/2010,CHURCH ST,GOODMAN PLACE,,Non-Injury Crash,No,2009,,West,,0,,Flat,,,,,,Bright sun,622300,0,0,0,2,,,0,,,,,,Auckland Region,Nil,2-way,Sealed,,0,0,,50,,Off,0,0,,76,Auckland,Nil,,,,,1,0,Urban,0,,,Fine,Null
1734290,5945721,9866,,506647,0,,0,1,,West,2009/2010,SOUTH AVENUE N,SH 16,,Non-Injury Crash,No,2009,,West,,0,,Flat,,,,,,Dark,211501,0,0,0,2,,,0,,,,,,Auckland Region,Nil,2-way,Sealed,,0,0,,100,,None,0,0,,76,Auckland,Nil,,,,,0,0,Open,0,,,Light rain,Null
1772729,5895404,9867,,525530,0,,0,1,,Null,2008/2009,GREAT SOUTH ROAD,SETTLEMENT ROAD S,,Non-Injury Crash,No,2009,,West,,0,,Flat,,,,,,Dark,804701,0,0,0,4,,,0,,,,,,Auckland Region,Nil,2-way,Sealed,,0,0,,50,,On,1,0,,76,Auckland,Traffic Signals,,,,,0,0,Urban,0,,,Fine,Null
1755890,5935146,9868,,507101,0,,0,2,,North,2009/2010,GLEN ROAD,ANZAC ROAD,,Non-Injury Crash,No,2009,,West,,0,,Flat,,,,,,Overcast,161100,0,0,0,2,,,0,,,,,,Auckland Region,Nil,2-way,Sealed,,0,0,,50,,Null,0,0,,76,Auckland,Unknown,,,,,0,0,Urban,0,,,Fine,Null
1880613,5826486,9869,,536821,0,,0,1,,Null,2008/2009,SH 2,BALANCE CNR,,Non-Injury Crash,Yes,2009,,South,,0,,Flat,,,,,,Bright sun,1203700,0,0,0,4,,,0,,,,,,Bay of Plenty Region,Nil,2-way,Sealed,,0,0,,70,,Null,0,0,,23,Tauranga City,Unknown,,,,,1,0,Urban,0,,,Fine,Null
1558772,5178042,9870,,587830,0,0,0,2,0,North,2009/2010,SH 1S,BARTERS ROAD,,Minor Crash,Yes,2009,0,West,0,0,1,Flat,0,,0,,0,Bright sun,2498700,1,0,0,2,0,0,0,0,1,,0,1,Canterbury Region,Nil,2-way,Sealed,0,0,0,0,60,0,Null,0,0,,60,Christchurch City,Nil,0,0,0,0,0,0,Urban,0,0,0,Fine,Frost
1793453,5770792,9871,,531200,0,,0,0,,Null,2009/2010,SH 3,HUIPUTEA DRIVE S,,Non-Injury Crash,Yes,2009,,North,,0,,Flat,,,,,,Bright sun,998600,0,0,0,2,,,0,,,,,,Waikato Region,Nil,2-way,Sealed,,0,0,,50,,None,0,0,,18,Ōtorohanga District,Give way,,,,,0,0,Urban,2,,,Fine,Null
1801548,5816050,9872,,529900,0,0,0,4,0,East,2008/2009,BROOKLYN ROAD,HEAPHY TERRACE,,Non-Injury Crash,No,2009,0,East,0,0,0,Flat,0,,0,,0,Overcast,862400,0,0,0,2,0,0,0,0,1,,0,0,Waikato Region,Nil,2-way,Sealed,0,0,0,0,50,0,Null,0,0,,16,Hamilton City,Unknown,0,0,0,0,0,0,Urban,0,1,0,Light rain,Null
1879568,5825572,9873,,538202,0,,0,2,,Null,2008/2009,SH 2A,TAURANGA HARBOUR BRIDGE,,Non-Injury Crash,Yes,2009,,North,,0,,Flat,,,,,,Bright sun,1162800,0,0,0,3,,,0,,,,,,Bay of Plenty Region,Nil,2-way,Sealed,,0,0,,50,,Off,0,0,,23,Tauranga City,Give way,,,,,0,0,Urban,0,,,Fine,Null
1755077,5913947,9874,,518803,0,0,0,2,0,North,2008/2009,DOMINION ROAD,DENBIGH AVENUE,,Non-Injury Crash,No,2009,0,North,0,0,0,Flat,0,,0,,0,Dark,581200,0,0,0,2,0,0,0,0,1,,0,0,Auckland Region,Nil,2-way,Sealed,0,0,0,0,50,0,On,0,0,,76,Auckland,Unknown,0,0,0,0,0,0,Urban,0,0,0,Fine,Null
1755050,5945158,9875,,505908,0,,0,2,,East,2008/2009,LANGTON ROAD,BRIGHTSIDE ROAD,,Non-Injury Crash,No,2009,,South,,0,,Flat,,,,,,Overcast,173502,0,0,0,2,,,0,,,,,,Auckland Region,Nil,2-way,Sealed,,0,0,,50,,Off,0,0,,76,Auckland,Nil,,,,,0,0,Urban,0,,,Fine,Null
1747169,5923085,9876,,512202,0,0,0,1,0,East,2009/2010,REWAREWA ROAD,HIKURANGI ST,,Non-Injury Crash,No,2009,0,West,0,0,0,Flat,0,,0,,0,Dark,244700,0,0,0,2,0,0,0,0,0,,0,0,Auckland Region,Nil,2-way,Sealed,0,0,0,0,50,0,On,0,0,,76,Auckland,Nil,0,0,0,1,0,0,Urban,0,0,0,Fine,Null
1758935,5913204,9877,,519820,0,0,0,3,0,Null,2008/2009,ONEHUNGA MALL,MOUNT SMART ROAD,,Non-Injury Crash,No,2009,0,North,0,0,0,Flat,0,,0,,0,Overcast,599100,0,0,0,2,0,0,0,0,0,,0,0,Auckland Region,Nil,2-way,Sealed,0,0,0,0,50,0,Null,0,0,,76,Auckland,Traffic Signals,0,0,0,0,0,0,Urban,0,1,0,Fine,Null
1749824,5957137,9878,,506613,0,,0,3,,South,2008/2009,SH 1N,PUHOI ROAD,,Non-Injury Crash,Yes,2009,,North,,0,,Flat,,Easter,,,,Bright sun,147000,0,0,0,2,,,0,,,,,,Auckland Region,Nil,2-way,Sealed,,0,0,,100,,Null,0,0,,76,Auckland,Unknown,,,,,0,0,Open,0,,,Fine,Null