X,Y,OBJECTID,advisorySpeed,areaUnitID,bicycle,bridge,bus,carStationWagon,cliffBank,crashDirectionDescription,crashFinancialYear,crashLocation1,crashLocation2,crashRoadSideRoad,crashSeverity,crashSHDescription,crashYear,debris,directionRoleDescription,ditch,fatalCount,fence,flatHill,guardRail,holiday,houseOrBuilding,intersection,kerb,light,meshblockId,minorInjuryCount,moped,motorcycle,NumberOfLanes,objectThrownOrDropped,otherObject,otherVehicleType,overBank,parkedVehicle,pedestrian,phoneBoxEtc,postOrPole,region,roadCharacter,roadLane,roadSurface,roadworks,schoolBus,seriousInjuryCount,slipOrFlood,speedLimit,strayAnimal,streetLight,suv,taxi,temporarySpeedLimit,tlaId,tlaName,trafficControl,trafficIsland,trafficSign,train,tree,truck,unknownVehicleType,urban,vanOrUtility,vehicle,waterRiver,weatherA,weatherB
1765052,5915074,9879,,520301,0,,0,1,,Null,2008/2009,JELLICOE ROAD,GREEN ROAD,,Non-Injury Crash,No,2009,,South,,0,,Flat,,,,,,Overcast,628002,0,0,0,4,,,0,,,,,,Auckland Region,Nil,2-way,Sealed,,0,0,,50,,Null,0,0,,76,Auckland,Nil,,,,,0,0,Urban,1,,,Fine,Null
1756447,5937522,9880,,506903,0,,0,3,,West,2009/2010,BEACH ROAD,TOROA ST,,Minor Crash,No,2009,,South,,0,,Flat,,,,,,Bright sun,169200,1,0,0,2,,,0,,,,,,Auckland Region,Nil,2-way,Sealed,,0,0,,50,,Off,0,0,,76,Auckland,Nil,,,,,0,0,Urban,0,,,Fine,Null
1759319,5910840,9881,,524002,0,,0,1,,South,2009/2010,SH 20,ONEHUNGA ON SBD,,Non-Injury Crash,Yes,2009,,South,,0,,Flat,,,,,,Overcast,722400,0,0,0,2,,,0,,,,,,Auckland Region,Nil,1-way,Sealed,,0,0,,100,,Null,1,0,80,76,Auckland,Unknown,,,,,0,0,Open,0,,,Fine,Null
1765323,5914591,9882,,520602,0,0,1,1,0,East,2009/2010,QUEENS ROAD,BASIN VIEW LANE,,Non-Injury Crash,No,2009,0,West,0,0,0,Flat,0,,0,,0,Bright sun,628800,0,0,0,2,0,0,0,0,1,,0,0,Auckland Region,Nil,2-way,Sealed,0,0,0,0,50,0,Off,0,0,,76,Auckland,Nil,0,0,0,0,0,0,Urban,0,0,0,Fine,Null
1758233,5916411,9883,,519200,0,,1,0,,North,2008/2009,MANUKAU ROAD,RANFURLY ROAD,,Non-Injury Crash,No,2009,,North,,0,,Flat,,,,,,Bright sun,614801,0,0,0,4,,,0,,,,,,Auckland Region,Nil,2-way,Sealed,,0,0,,50,,Null,0,0,,76,Auckland,Nil,,,,,0,0,Urban,1,,,Fine,Null
1556271,5176729,9884,,587904,0,,0,2,,Null,2008/2009,SH 1S,WATERHOLES ROAD,,Minor Crash,Yes,2009,,West,,0,,Flat,,,,,,Bright sun,2496900,1,0,0,2,,,0,,,,,,Canterbury Region,Nil,2-way,Sealed,,0,0,,100,,Null,0,0,,62,Selwyn District,Stop,,,,,0,0,Open,0,,,Fine,Null
1756679,5919909,9885,,514102,0,,0,2,,Null,2009/2010,NELSON OFF NBD,UNION ST E,,Non-Injury Crash,Yes,2009,,North,,0,,Flat,,,,,,Dark,435500,0,0,0,4,,,0,,,,,,Auckland Region,Nil,1-way,Sealed,,0,0,,50,,On,0,0,,76,Auckland,Traffic Signals,,,,,0,0,Urban,0,,,Light rain,Null
1757826,5915936,9886,,515801,0,,0,2,,Null,2008/2009,THE DRIVE,KING GEORGE AVENUE,,Non-Injury Crash,No,2009,,South,,0,,Flat,,,,,,Bright sun,446700,0,0,0,2,,,0,,,,,,Auckland Region,Nil,2-way,Sealed,,0,0,,50,,Off,0,0,,76,Auckland,Stop,,,,,0,0,Urban,0,,,Fine,Null
1745400,5916064,9887,,510800,0,0,0,1,0,North,2009/2010,RAILSIDE AVENUE,BRUCE MCLAREN ROAD,,Non-Injury Crash,No,2009,0,South,0,0,0,Flat,0,,0,,0,Dark,244600,0,0,0,2,0,0,0,0,0,,0,0,Auckland Region,Nil,2-way,Sealed,0,0,0,0,50,0,Off,0,0,,76,Auckland,Unknown,0,0,0,1,0,0,Urban,0,0,0,Fine,Null
1747242,5920902,9888,,512300,0,0,0,2,0,North,2008/2009,TE ATATU ROAD,CELLARMANS ST,,Non-Injury Crash,No,2009,0,South,0,0,0,Hill Road,0,,0,,0,Dark,251102,0,0,0,4,0,0,0,0,0,,0,0,Auckland Region,Nil,2-way,Sealed,0,0,0,0,50,0,On,0,0,,76,Auckland,Unknown,0,1,0,1,0,0,Urban,0,0,0,Fine,Null
1800538,5815617,9889,,529700,0,,0,1,,South,2008/2009,ANGLESEA ST,LONDON ST,,Non-Injury Crash,No,2009,,South,,0,,Flat,,,,,,Bright sun,910700,0,0,0,4,,,0,,,,,,Waikato Region,Nil,2-way,Sealed,,0,0,,50,,Null,0,0,,16,Hamilton City,Unknown,,,,,1,0,Urban,0,,,Fine,Null
1755354,5932791,9890,,507400,0,,0,2,,Null,2009/2010,EAST COAST ROAD,WINDSOR PLACE,,Non-Injury Crash,No,2009,,North,,0,,Flat,,,,,,Overcast,152900,0,0,0,2,,,0,,,,,,Auckland Region,Nil,2-way,Sealed,,0,0,,50,,Off,0,0,,76,Auckland,Give way,,,,,0,0,Urban,0,,,Light rain,Null
1748087,5963853,9891,,506613,0,,0,2,,North,2008/2009,SH 1N,COWAN BAY ROAD,,Non-Injury Crash,Yes,2009,,South,,0,,Flat,,,,,,Overcast,146104,0,0,0,3,,,0,,,,,,Auckland Region,Nil,2-way,Sealed,,0,0,,100,,None,0,0,,76,Auckland,Nil,,,,,0,0,Open,1,,,Fine,Null
1823805,5531567,9892,,562500,0,,0,2,,Null,2008/2009,VOGEL ST,HAYDON ST,,Non-Injury Crash,No,2009,,North,,0,,Flat,,,,,,Overcast,1841402,0,0,0,2,,,0,,,,,,Manawatū-Whanganui Region,Nil,2-way,Sealed,,0,0,,50,,Null,0,0,,40,Palmerston North City,Give way,,,,,0,0,Urban,0,,,Fine,Null
1771691,5881674,9893,,521111,0,0,0,1,1,East,2008/2009,PUKEKOHE EAST ROAD,VALLEY ROYAL WAY,,Non-Injury Crash,No,2009,0,East,0,0,0,Flat,0,,0,,0,Bright sun,827001,0,0,0,2,0,0,0,0,0,,0,0,Auckland Region,Nil,2-way,Sealed,0,0,0,0,100,0,Off,0,0,,76,Auckland,Nil,0,0,0,0,0,0,Open,0,0,0,Fine,Null
1766905,5907663,9894,,523501,0,,0,1,,North,2008/2009,BAIRDS ROAD,EAST TAMAKI ROAD,,Non-Injury Crash,No,2009,,South,,0,,Flat,,,,,,Dark,700602,0,0,0,2,,,0,,,,,,Auckland Region,Nil,2-way,Sealed,,0,0,,50,,On,0,0,,76,Auckland,Give way,,,,,0,0,Urban,1,,,Fine,Null
1761068,5914363,9895,,520202,0,,0,2,,Null,2009/2010,GREAT SOUTH ROAD,GT SOUTH LINK,,Non-Injury Crash,No,2009,,North,,0,,Flat,,,,,,Overcast,612300,0,0,0,2,,,0,,,,,,Auckland Region,Nil,2-way,Sealed,,0,0,,50,,Off,0,0,,76,Auckland,Give way,,,,,0,0,Urban,0,,,Fine,Null
1779090,5927587,9896,,520801,0,,0,2,,North,2008/2009,KORORA ROAD,OCEAN VIEW ROAD,,Non-Injury Crash,No,2009,,South,,0,,Flat,,Easter,,,,Bright sun,515902,0,0,0,2,,,0,,,,,,Auckland Region,Nil,2-way,Sealed,,0,0,,50,,Null,0,0,,76,Auckland,Unknown,,,,,0,0,Urban,0,,,Fine,Null
1667596,5321949,9897,,581500,0,0,0,0,1,North,2009/2010,SH 1S,HALF MOON BAY,,Minor Crash,Yes,2009,0,East,0,0,0,Flat,0,,0,,0,Dark,2314600,1,0,0,2,0,0,0,0,0,,0,0,Canterbury Region,Nil,2-way,Sealed,0,0,0,0,100,0,None,1,0,,54,Kaikoura District,Unknown,0,0,0,0,0,0,Open,0,0,0,Light rain,Null
1243189,4849413,9898,,611210,0,,0,1,,Null,2008/2009,YTHAN ST,FORTH ST,,Minor Crash,No,2009,,South,,0,,Flat,,,,,,Bright sun,3109300,2,0,0,2,,,0,,,,,,Southland Region,Nil,2-way,Sealed,,0,0,,50,,Null,0,0,,75,Invercargill City,Give way,,,,,0,0,Urban,1,,,Fine,Null
1754379,5930993,9899,,508420,0,,0,2,,South,2008/2009,SH 1N,SUNSET OBR,,Non-Injury Crash,Yes,2009,,North,,0,,Hill Road,,,,,,Bright sun,182008,0,0,0,3,,,0,,,,,,Auckland Region,Nil,1-way,Sealed,,0,0,,100,,Null,0,0,,76,Auckland,Unknown,,,,,0,0,Open,0,,,Fine,Null
1563596,5184348,9900,,587811,0,,0,2,,Null,2009/2010,SH 1S,MEMORIAL AVENUE,,Minor Crash,Yes,2009,,East,,0,,Flat,,,,,,Overcast,2494000,1,0,0,4,,,0,,,,,,Canterbury Region,Nil,2-way,Sealed,,0,0,,80,,Null,0,0,,60,Christchurch City,Give way,,,,,0,0,Open,0,,,Fine,Null
1453058,5298927,9901,,585130,0,0,0,1,0,East,2009/2010,Z CPK RAILWAY HOTEL,WAITE ST,,Minor Crash,No,2009,0,North,0,0,0,Flat,0,,0,,0,Dark,2405900,1,0,0,2,0,0,0,0,1,1,0,0,West Coast Region,Nil,Off road,Sealed,0,0,0,0,50,0,On,0,1,,56,Grey District,Nil,0,0,0,0,0,0,Urban,0,0,0,Fine,Null
1255278,4920940,9902,,610020,0,1,0,1,0,East,2009/2010,ARDLUSSA ROAD,LONGRIDGE ROAD,,Minor Crash,No,2009,0,West,0,0,0,Hill Road,0,,0,,0,Bright sun,3044900,1,0,0,1,0,0,0,0,0,,0,0,Southland Region,Bridge,2-way,Unsealed,0,0,0,0,100,0,Null,0,0,,73,Southland District,Unknown,0,0,0,0,0,0,Open,0,0,0,Fine,Null
1761461,5914299,9903,,520202,0,,0,2,,Null,2008/2009,MAIN LINK S,PENROSE INT,,Non-Injury Crash,Yes,2009,,West,,0,,Flat,,,,,,Bright sun,612502,0,0,0,2,,,0,,,,,,Auckland Region,Motorway ramp,1-way,Sealed,,0,0,,50,,Null,0,0,,76,Auckland,Give way,,,,,0,0,Urban,0,,,Fine,Null
1756762,5918853,9904,,514200,0,,0,2,,Null,2008/2009,NEWTON ROAD,UPPER QUEEN ST,,Non-Injury Crash,No,2009,,West,,0,,Flat,,,,,,Overcast,412700,0,0,0,4,,,0,,,,,,Auckland Region,Nil,2-way,Sealed,,0,0,,50,,Null,0,0,,76,Auckland,Stop,,,,,0,0,Urban,0,,,Fine,Null
1207159,4999357,9905,,612714,0,0,0,1,0,North,2009/2010,SH 94,EAST BRANCH EGLINTON RIV,,Minor Crash,Yes,2009,0,South,1,0,0,Flat,0,,0,,0,Bright sun,3173401,2,0,0,2,0,0,0,0,0,,0,0,Southland Region,Nil,2-way,Sealed,0,0,0,0,100,0,Null,0,0,,73,Southland District,Unknown,0,0,0,1,0,0,Open,0,0,0,Fine,Null
1760699,5436841,9906,,569100,0,,0,2,,East,2009/2010,HIGH ST,ROPATA CRESCENT,,Minor Crash,No,2009,,East,,0,,Flat,,,,,,Twilight,1968600,1,0,0,2,,,0,,,,,,Wellington Region,Nil,2-way,Sealed,,0,0,,50,,Off,0,0,,46,Lower Hutt City,Nil,,,,,0,0,Urban,0,,,Light rain,Null
1882812,5727111,9907,,541335,0,0,0,1,0,East,2008/2009,SH 5,TE TOKE ROAD,,Non-Injury Crash,Yes,2009,0,South,0,0,1,Flat,0,,0,,0,Overcast,1277401,0,0,0,2,0,0,0,0,0,,0,0,Waikato Region,Nil,2-way,Sealed,0,0,0,0,100,0,None,0,0,,21,Taupo District,Nil,0,0,0,0,0,0,Open,0,0,0,Null,Frost
1748148,5913894,9908,,511700,0,,0,1,,West,2008/2009,WEST COAST ROAD,GREAT NORTH ROAD,,Non-Injury Crash,No,2009,,West,,0,,Flat,,,,,,Dark,270202,0,0,0,3,,,0,,,,,,Auckland Region,Nil,2-way,Sealed,,0,0,,50,,On,1,0,,76,Auckland,Nil,,,,,0,0,Urban,0,,,Light rain,Null
1759659,5915973,9909,,516002,0,,0,2,,Null,2008/2009,GREAT SOUTH ROAD,MAPAU ROAD,,Non-Injury Crash,No,2009,,West,,0,,Flat,,,,,,Bright sun,494000,0,0,0,2,,,0,,,,,,Auckland Region,Nil,2-way,Sealed,,0,0,,50,,Off,0,0,,76,Auckland,Stop,,,,,0,0,Urban,0,,,Fine,Null
1570132,5178312,9910,,594600,0,,0,2,,West,2009/2010,SH 76,MONTREAL ST,,Minor Crash,Yes,2009,,West,,0,,Flat,,,,,,Dark,2620300,1,0,0,4,,,0,,,,,,Canterbury Region,Nil,2-way,Sealed,,0,0,,60,,On,1,0,,60,Christchurch City,Unknown,,,,,0,0,Urban,0,,,Fine,Null
1764863,5910289,9911,,521801,0,0,0,1,0,Null,2008/2009,PRINCES ST,ALBERT ST,,Non-Injury Crash,No,2009,0,West,0,0,0,Flat,0,,0,,0,Dark,787700,0,0,0,5,0,0,0,0,0,,0,0,Auckland Region,Nil,2-way,Sealed,0,0,0,0,50,0,On,0,0,,76,Auckland,Traffic Signals,0,0,0,0,1,0,Urban,0,1,0,Light rain,Null
1756438,5924569,9912,,509702,0,0,0,1,0,North,2009/2010,SH 1N,OLD ONEWA OBR,,Non-Injury Crash,Yes,2009,0,North,0,0,0,Flat,1,,0,,0,Overcast,366700,0,0,0,4,0,0,0,0,0,,0,0,Auckland Region,Nil,1-way,Sealed,0,0,0,0,100,0,Null,0,0,,76,Auckland,Unknown,0,0,0,0,0,0,Open,0,0,0,Light rain,Null
1690698,6083207,9913,65,501500,0,0,0,0,1,North,2008/2009,SH 1N,HAUTAPU ROAD,,Non-Injury Crash,Yes,2009,0,South,0,0,0,Hill Road,0,,0,,0,Overcast,52001,0,0,0,3,0,0,0,0,0,,0,0,Northland Region,Nil,2-way,Sealed,0,0,0,0,100,0,Null,0,0,,1,Far North District,Unknown,0,0,0,0,1,0,Open,0,0,0,Light rain,Null
1572555,5180803,9914,,593400,0,,0,2,,Null,2008/2009,AVONSIDE DRIVE,LINWOOD AVENUE,,Minor Crash,No,2009,,East,,0,,Flat,,,,,,Overcast,2614604,1,0,0,2,,,0,,,,,,Canterbury Region,Nil,2-way,Sealed,,0,0,,50,,Null,0,0,,60,Christchurch City,Give way,,,,,0,0,Urban,0,,,Heavy rain,Null
1748786,5427117,9915,,573101,0,,0,2,,East,2008/2009,GHUZNEE ST,MARION ST,,Non-Injury Crash,No,2009,,East,,0,,Flat,,,,,,Overcast,2133407,0,0,0,3,,,0,,,,,,Wellington Region,Nil,2-way,Sealed,,0,0,,50,,Null,0,0,,47,Wellington City,Nil,,,,,0,0,Urban,0,,,Light rain,Null
1635270,6069886,9916,,500700,0,0,0,2,0,Null,2008/2009,SH 12,FAIRLIE CRESCENT S,,Non-Injury Crash,Yes,2009,0,South,0,0,0,Flat,0,,0,,0,Bright sun,26202,0,0,0,2,0,0,0,0,0,,0,0,Northland Region,Nil,2-way,Sealed,0,0,0,0,50,0,Off,1,0,,1,Far North District,Stop,0,0,0,0,0,0,Urban,0,1,0,Fine,Null
1804475,5813715,9917,,530800,0,,0,1,,Null,2008/2009,SH 1N,SH 26,,Non-Injury Crash,Yes,2009,,North,,0,,Flat,,,,,,Overcast,883500,0,0,0,3,,,0,,,,,,Waikato Region,Nil,2-way,Sealed,,0,0,,50,,None,1,0,,16,Hamilton City,Give way,,,,,0,0,Urban,0,,,Fine,Null
1567930,5179477,9918,,590800,0,,0,1,,Null,2009/2010,BLENHEIM ROAD,CLARENCE ST,,Minor Crash,No,2009,,West,,0,,Flat,,,,,,Dark,2474200,1,0,1,4,,,0,,,,,,Canterbury Region,Nil,2-way,Sealed,,0,0,,60,,On,0,0,,60,Christchurch City,Traffic Signals,,,,,0,0,Urban,0,,,Fine,Null
1759454,5910284,9919,80,524002,0,,0,2,,North,2008/2009,SH 20,RIMU OBR,,Non-Injury Crash,Yes,2009,,South,,0,,Flat,,,,,,Bright sun,722400,0,0,0,2,,,0,,,,,,Auckland Region,Nil,2-way,Sealed,,0,0,,100,,Null,0,0,,76,Auckland,Unknown,,,,,0,0,Open,0,,,Fine,Null
1745131,5918329,9920,,513302,0,,0,2,,North,2009/2010,LINCOLN ROAD,NORVAL ROAD,,Non-Injury Crash,No,2009,,South,,0,,Flat,,,,,,Bright sun,231001,0,0,0,4,,,0,,,,,,Auckland Region,Nil,2-way,Sealed,,0,0,,50,,None,0,0,,76,Auckland,Traffic Signals,,,,,0,0,Urban,0,,,Fine,Null
1697409,6080303,9921,,501620,0,,0,0,,South,2008/2009,SH 1N,WAIOMIO ROAD,,Non-Injury Crash,Yes,2009,,South,,0,,Flat,,,,,,Bright sun,46500,0,0,0,2,,,0,,,,,,Northland Region,Nil,2-way,Sealed,,0,0,,100,,Null,1,0,30,1,Far North District,Unknown,,,,,1,0,Open,0,,,Fine,Null
1744583,5919360,9922,,513302,0,0,0,1,0,Null,2008/2009,LARISSA AVENUE,RATHGAR ROAD,,Non-Injury Crash,No,2009,0,North,0,0,1,Hill Road,0,,0,,0,Dark,234200,0,0,0,2,0,0,0,0,0,,0,0,Auckland Region,Nil,2-way,Sealed,0,0,0,0,50,0,Off,0,0,,76,Auckland,Nil,0,0,0,0,0,0,Urban,0,0,0,Fine,Null
1618438,5424688,9923,,581715,0,,0,0,,Null,2008/2009,Z CPK SPORTS GROUND,SAXTON/SUFFOLK,,Serious Crash,No,2009,,South,,0,,Flat,,,,,,Bright sun,2359404,0,1,0,0,,,0,,,,,,Nelson Region,Nil,Off road,Sealed,,0,1,,50,,Null,1,0,,52,Nelson City,Nil,,,,,0,0,Urban,0,,,Fine,Null
1788573,5855257,9924,,527210,0,,0,1,,North,2009/2010,SH 1N,GLEN MURRAY ROAD,,Non-Injury Crash,Yes,2009,,North,,0,,Flat,,,,,,Dark,938602,0,0,0,2,,,0,,,,,,Waikato Region,Nil,2-way,Sealed,,0,0,,100,,None,1,0,,13,Waikato District,Stop,,,,,0,0,Open,0,,,Fine,Null
1757414,5444473,9925,,571300,0,,0,2,,West,2008/2009,WARSPITE AVENUE,CASTOR CRESCENT,,Non-Injury Crash,No,2009,,East,,0,,Flat,,,,,,Overcast,2064900,0,0,0,2,,,0,,,,,,Wellington Region,Nil,2-way,Sealed,,0,0,,50,,Null,0,0,,44,Porirua City,Nil,,,,,0,0,Urban,0,,,Light rain,Null
1571686,5180164,9926,,591700,1,,0,1,,West,2008/2009,WORCESTER ST,FITZGERALD AVENUE,,Minor Crash,No,2009,,East,,0,,Flat,,,,,,Overcast,2657800,1,0,0,2,,,0,,,,,,Canterbury Region,Nil,2-way,Sealed,,0,0,,50,,Null,0,0,,60,Christchurch City,Nil,,,,,0,0,Urban,0,,,Fine,Null
1759367,5436134,9927,,569100,0,0,0,0,0,Null,2008/2009,HIGH ST,LAINGS ROAD,,Non-Injury Crash,No,2009,0,East,0,0,0,Flat,0,,0,,0,Bright sun,1967400,0,0,0,2,0,0,0,0,0,,0,0,Wellington Region,Nil,2-way,Sealed,0,0,0,0,50,0,Null,0,0,,46,Lower Hutt City,Give way,0,1,0,0,0,0,Urban,1,0,0,Fine,Null
1874482,5814624,9928,,536630,0,0,0,0,1,South,2008/2009,SH 36,KEENAN ROAD,,Non-Injury Crash,Yes,2009,0,South,0,0,0,Flat,0,,0,,0,Overcast,1192400,0,0,0,2,0,0,0,0,0,,0,0,Bay of Plenty Region,Nil,2-way,Sealed,0,0,0,0,100,0,Null,1,0,,23,Tauranga City,Unknown,0,0,0,0,0,0,Open,0,0,0,Heavy rain,Null
1216052,4854471,9929,35,612802,0,0,0,1,1,East,2008/2009,SH 99,OSBORNE ST,,Minor Crash,Yes,2009,0,East,0,0,0,Hill Road,0,,0,,0,Overcast,3189800,1,0,0,2,0,0,0,0,0,,0,0,Southland Region,Nil,2-way,Sealed,0,0,0,0,50,0,Null,0,0,,73,Southland District,Nil,0,0,0,0,0,0,Urban,0,0,0,Heavy rain,Null
1768780,5898717,9930,,525102,0,0,0,1,0,Null,2009/2010,GAIRLOCH PLACE,TINGTON AVENUE,,Non-Injury Crash,No,2009,0,North,0,0,0,Flat,0,,0,,0,Dark,769012,0,0,0,2,0,0,0,0,0,,0,0,Auckland Region,Nil,2-way,Sealed,0,0,0,0,50,0,On,0,0,,76,Auckland,Nil,0,0,0,1,0,0,Urban,0,0,0,Light rain,Null
1766205,5907070,9931,,522302,0,0,0,1,0,West,2009/2010,HUIA ROAD,KIMPTON ROAD,,Non-Injury Crash,No,2009,0,East,0,0,0,Flat,0,,0,,0,Bright sun,667802,0,0,0,2,0,0,0,0,0,,0,1,Auckland Region,Nil,2-way,Sealed,0,0,0,0,50,0,Off,0,0,,76,Auckland,Nil,0,0,0,0,0,0,Urban,0,0,0,Fine,Null
1748415,5918966,9932,,514801,0,,0,2,,West,2009/2010,SH 16,PATIKI OBR,,Non-Injury Crash,Yes,2009,,East,,0,,Flat,,,,,,Dark,389300,0,0,0,3,,,0,,,,,,Auckland Region,Nil,1-way,Sealed,,0,0,,100,,On,0,0,,76,Auckland,Nil,,,,,0,0,Open,0,,,Fine,Null
1760303,5916841,9933,,516202,0,0,0,1,0,East,2008/2009,REMUERA ROAD,VICTORIA AVENUE,,Non-Injury Crash,No,2009,0,East,0,0,0,Flat,0,,0,,0,Bright sun,490500,0,0,0,5,0,0,0,0,0,,0,0,Auckland Region,Nil,2-way,Sealed,0,0,0,0,50,0,Null,1,0,,76,Auckland,Unknown,0,0,0,0,0,0,Urban,0,1,0,Fine,Null
1880090,5774698,9934,,539310,0,0,0,1,0,East,2008/2009,CLAYTON ROAD,PUKEHANGI ROAD,,Non-Injury Crash,No,2009,0,East,0,0,0,Flat,0,,0,,0,Bright sun,1230500,0,0,0,2,0,0,0,0,0,,0,0,Bay of Plenty Region,Nil,2-way,Sealed,0,0,0,0,50,0,Null,0,0,,24,Rotorua District,Unknown,0,0,0,0,1,0,Urban,0,1,0,Fine,Null
1753401,5929793,9935,,508420,0,,0,2,,Null,2009/2010,GLENFIELD ROAD,SUNSET ROAD,,Non-Injury Crash,No,2009,,South,,0,,Hill Road,,,,,,Dark,182903,0,0,0,6,,,0,,,,,,Auckland Region,Nil,2-way,Sealed,,0,0,,50,,On,0,0,,76,Auckland,Traffic Signals,,,,,0,0,Urban,0,,,Fine,Null
1793006,5806783,9936,,527914,0,,0,1,,South,2009/2010,SH 39,TUHIKARAMEA ROAD,,Non-Injury Crash,Yes,2009,,North,,0,,Flat,,,,,,Overcast,980400,0,0,0,2,,,1,,,,,,Waikato Region,Nil,2-way,Sealed,,0,0,,100,,Null,0,0,,17,Waipa District,Unknown,,,,,0,0,Open,0,,,Fine,Null
1880323,5830247,9937,,536810,0,0,0,1,0,North,2009/2010,ADAMS AVENUE,MAUNGANUI ROAD,,Non-Injury Crash,No,2009,0,South,0,0,0,Flat,0,,0,,0,Dark,1194200,0,0,0,2,0,0,0,0,1,,0,0,Bay of Plenty Region,Nil,2-way,Sealed,0,0,0,0,50,0,On,0,0,,23,Tauranga City,Unknown,0,0,0,0,0,0,Urban,0,0,0,Light rain,Null
1798747,5815061,9938,,529000,0,,0,1,,West,2008/2009,SH 23,HAWK ST,,Non-Injury Crash,Yes,2009,,West,,0,,Flat,,,,,,Overcast,917700,0,0,0,2,,,0,,,,,,Waikato Region,Nil,2-way,Sealed,,0,0,,50,,Off,1,0,,16,Hamilton City,Nil,,,,,0,0,Urban,0,,,Fine,Null
1757442,5918741,9939,,514302,0,0,0,1,0,East,2009/2010,SH 1N,WELLESLEY OFF NBD,,Non-Injury Crash,Yes,2009,0,North,0,0,0,Hill Road,1,,0,,0,Dark,442500,0,0,0,2,0,0,0,0,0,,0,0,Auckland Region,Motorway ramp,1-way,Sealed,0,0,0,0,80,0,On,0,0,,76,Auckland,Nil,0,1,0,0,0,0,Open,0,0,0,Light rain,Null
1755380,5921574,9940,,515202,0,,0,1,,South,2008/2009,SH 1N,SHELLY BEACH OBR,,Non-Injury Crash,Yes,2009,,South,,0,,Flat,,,,,,Bright sun,423600,0,0,0,4,,,0,,,,,,Auckland Region,Nil,1-way,Sealed,,0,0,,80,,Off,0,0,,76,Auckland,Nil,,,,,1,0,Open,0,,,Fine,Null
1563395,5183795,9941,,589601,0,,0,2,,South,2008/2009,SH 1S,AVONHEAD ROAD,,Minor Crash,Yes,2009,,South,,0,,Flat,,,,,,Overcast,2529400,1,0,0,2,,,0,,,,,,Canterbury Region,Nil,2-way,Sealed,,0,0,,80,,Null,0,0,,60,Christchurch City,Unknown,,,,,0,0,Open,0,,,Fine,Null
1739936,5915037,9942,,513020,0,0,0,0,0,West,2008/2009,MOUNTAIN ROAD,HAYES ROAD,,Non-Injury Crash,No,2009,0,West,1,0,0,Hill Road,0,,0,,0,Dark,280000,0,0,0,2,0,0,0,0,0,,0,0,Auckland Region,Nil,2-way,Sealed,0,0,0,0,70,0,None,0,0,,76,Auckland,Nil,0,0,0,0,0,0,Urban,1,0,0,Fine,Null
1755899,5928207,9943,,507900,0,,0,2,,South,2008/2009,SH 1N,TRISTRAM OFF NBD,,Non-Injury Crash,Yes,2009,,North,,0,,Flat,,,,,,Bright sun,305201,0,0,0,3,,,0,,,,,,Auckland Region,Nil,1-way,Sealed,,0,0,,100,,Null,0,0,,76,Auckland,Unknown,,,,,0,0,Open,0,,,Fine,Null
1755430,5922032,9944,,515202,0,,0,2,,South,2008/2009,SH 1N,TOP OF HARBOUR BRIDGE,,Non-Injury Crash,Yes,2009,,South,,0,,Flat,,Easter,,,,Dark,423600,0,0,0,6,,,0,,,,,,,Nil,2-way,Sealed,,0,0,,80,,On,0,0,,76,Auckland,Nil,,,,,0,0,Open,0,,,Light rain,Null
1747488,5913861,9945,,511100,0,,0,2,,West,2009/2010,CLAYBURN ROAD,BRANDON ROAD S,,Non-Injury Crash,No,2009,,West,,0,,Flat,,,,,,Twilight,285600,0,0,0,2,,,0,,,,,,Auckland Region,Nil,2-way,Sealed,,0,0,,50,,On,0,0,,76,Auckland,Unknown,,,,,0,0,Urban,0,,,Fine,Null
1744016,5921573,9946,,513631,0,,0,2,,North,2008/2009,LINCOLN PARK AVENUE,ARLETTE PLACE,,Non-Injury Crash,No,2009,,North,,0,,Hill Road,,,,,,Bright sun,227407,0,0,0,2,,,0,,,,,,Auckland Region,Nil,2-way,Sealed,,0,0,,50,,Off,0,0,,76,Auckland,Nil,,,,,0,0,Urban,0,,,Fine,Null
1882208,5827738,9947,,536821,0,,0,2,,Null,2008/2009,MAUNGANUI ROAD,TWEED ST,,Non-Injury Crash,No,2009,,South,,0,,Flat,,,,,,Bright sun,1203600,0,0,0,2,,,0,,,,,,Bay of Plenty Region,Nil,2-way,Sealed,,0,0,,50,,Off,0,0,,23,Tauranga City,Give way,,,,,0,0,Urban,0,,,Fine,Null
1737872,5925910,9948,,505700,0,,0,2,,Null,2008/2009,HANHAM ROAD,POMONA ROAD,,Non-Injury Crash,No,2009,,East,,0,,Flat,,,,,,Bright sun,216401,0,0,0,2,,,0,,,,,,Auckland Region,Nil,2-way,Sealed,,0,0,,50,,Null,0,0,,76,Auckland,Give way,,,,,0,0,Urban,0,,,Fine,Null
1752236,5925234,9949,,510401,0,,0,1,,South,2009/2010,WAIPA ST,VERRAN ROAD,,Non-Injury Crash,No,2009,,South,,0,,Flat,,,,,,Bright sun,353700,0,0,0,2,,,0,,,,,,Auckland Region,Nil,2-way,Sealed,,0,0,,50,,Off,0,0,,76,Auckland,Nil,,,,,0,0,Urban,1,,,Heavy rain,Null
1756762,5919878,9950,,514102,0,,0,2,,North,2009/2010,HOBSON ST,UNION ST,,Non-Injury Crash,No,2009,,South,,0,,Flat,,,,,,Bright sun,434802,0,0,0,3,,,0,,,,,,Auckland Region,Nil,1-way,Sealed,,0,0,,50,,Off,0,0,,76,Auckland,Traffic Signals,,,,,0,0,Urban,0,,,Fine,Null