X,Y,OBJECTID,advisorySpeed,areaUnitID,bicycle,bridge,bus,carStationWagon,cliffBank,crashDirectionDescription,crashFinancialYear,crashLocation1,crashLocation2,crashRoadSideRoad,crashSeverity,crashSHDescription,crashYear,debris,directionRoleDescription,ditch,fatalCount,fence,flatHill,guardRail,holiday,houseOrBuilding,intersection,kerb,light,meshblockId,minorInjuryCount,moped,motorcycle,NumberOfLanes,objectThrownOrDropped,otherObject,otherVehicleType,overBank,parkedVehicle,pedestrian,phoneBoxEtc,postOrPole,region,roadCharacter,roadLane,roadSurface,roadworks,schoolBus,seriousInjuryCount,slipOrFlood,speedLimit,strayAnimal,streetLight,suv,taxi,temporarySpeedLimit,tlaId,tlaName,trafficControl,trafficIsland,trafficSign,train,tree,truck,unknownVehicleType,urban,vanOrUtility,vehicle,waterRiver,weatherA,weatherB
1769870,5901180,9951,,524902,0,0,0,1,0,South,2008/2009,SH 1N,ALFRISTON OBR,,Non-Injury Crash,Yes,2009,0,North,0,0,1,Hill Road,1,,0,,0,Twilight,757700,0,0,0,3,0,0,0,0,0,,0,1,Auckland Region,Nil,1-way,Sealed,0,0,0,0,100,0,On,0,0,,76,Auckland,Nil,0,0,0,0,0,0,Open,0,0,0,Heavy rain,Null
1765443,5909008,9952,,523402,0,0,0,1,0,North,2008/2009,SH 1N,HIGHBROOK OBR,,Non-Injury Crash,Yes,2009,0,South,0,0,0,Flat,1,,0,,0,Overcast,696900,0,0,0,4,0,0,0,0,0,,0,0,Auckland Region,Nil,2-way,Sealed,0,0,0,0,100,0,Null,0,0,,76,Auckland,Unknown,0,0,0,0,0,0,Open,0,0,0,Light rain,Null
1746397,5917453,9953,,512500,0,,0,2,,Null,2008/2009,MCLEOD ROAD,DUNCAN AVENUE,,Non-Injury Crash,No,2009,,North,,0,,Hill Road,,,,,,Bright sun,257500,0,0,0,2,,,0,,,,,,Auckland Region,Nil,2-way,Sealed,,0,0,,50,,Null,0,0,,76,Auckland,Give way,,,,,0,0,Urban,0,,,Fine,Null
1758061,5915269,9954,,515802,0,,0,2,,Null,2009/2010,MANUKAU ROAD,RANGIATEA ROAD,,Non-Injury Crash,No,2009,,North,,0,,Flat,,,,,,Overcast,449000,0,0,0,2,,,0,,,,,,Auckland Region,Nil,2-way,Sealed,,0,0,,50,,Off,0,0,,76,Auckland,Nil,,,,,0,0,Urban,0,,,Light rain,Null
1766885,5913359,9955,,522910,0,0,0,1,0,West,2009/2010,PAKURANGA ROAD,WILLIAM ROBERTS ROAD,,Non-Injury Crash,No,2009,0,West,0,0,0,Flat,0,,0,,1,Bright sun,684000,0,0,0,3,0,0,0,0,0,,0,0,Auckland Region,Nil,2-way,Sealed,0,0,0,0,60,0,Null,0,0,,76,Auckland,Unknown,0,0,0,0,0,0,Urban,0,0,0,Fine,Null
1757194,5919014,9956,,514301,0,,0,4,,South,2008/2009,SH 1N,SYMONDS OBR,,Non-Injury Crash,Yes,2009,,North,,0,,Flat,,,,,,Overcast,441200,0,0,0,4,,,0,,,,,,Auckland Region,Nil,1-way,Sealed,,0,0,,80,,Off,0,0,,76,Auckland,Nil,,,,,0,0,Open,0,,,Fine,Null
1756150,5930365,9957,,508520,0,0,0,1,0,North,2009/2010,FORREST HILL ROAD,BLAKEBOROUGH DRIVE,,Non-Injury Crash,No,2009,0,North,0,0,0,Hill Road,0,Labour Weekend,0,,0,Dark,148802,0,0,0,3,0,0,0,0,1,,0,0,Auckland Region,Nil,2-way,Sealed,0,0,0,0,50,0,On,0,0,,76,Auckland,Nil,0,0,0,0,0,0,Urban,1,0,0,Fine,Null
1750572,5926840,9958,,510010,0,,0,1,,Null,2009/2010,RANGATIRA ROAD,SUNNYHAVEN AVENUE,,Non-Injury Crash,No,2009,,South,,0,,Flat,,,,,,Overcast,342700,0,0,0,2,,,0,,,,,,Auckland Region,Nil,2-way,Sealed,,0,0,,50,,Off,0,0,,76,Auckland,Nil,,,,,0,0,Urban,1,,,Fine,Null
1756250,5919261,9959,,514000,1,,0,1,,East,2008/2009,KARANGAHAPE ROAD,PONSONBY ROAD,,Non-Injury Crash,No,2009,,East,,0,,Flat,,,,,,Bright sun,413800,0,0,0,4,,,0,,,,,,Auckland Region,Nil,2-way,Sealed,,0,0,,50,,Null,0,0,,76,Auckland,Traffic Signals,,,,,0,0,Urban,0,,,Fine,Null
1759586,5917730,9960,,516102,0,0,0,1,0,Null,2009/2010,BELL ROAD,CROCUS PLACE,,Non-Injury Crash,No,2009,0,West,0,0,1,Flat,0,,0,,0,Dark,483900,0,0,0,2,0,0,0,0,0,,0,0,Auckland Region,Nil,2-way,Sealed,0,0,0,0,50,0,On,0,0,,76,Auckland,Nil,0,0,0,0,0,0,Urban,0,0,0,Fine,Null
1764751,5905178,9961,,522100,0,0,0,1,0,South,2008/2009,RAMSEY ST,VERDI ST,,Non-Injury Crash,No,2009,0,South,0,0,0,Flat,0,,0,,0,Dark,659800,0,0,0,2,0,0,0,0,0,,0,1,Auckland Region,Nil,1-way,Sealed,0,0,0,0,50,0,On,0,0,,76,Auckland,Nil,0,0,0,0,0,0,Urban,0,0,0,Light rain,Null
1802377,5815763,9962,,530100,0,,0,3,,North,2008/2009,PEACHGROVE ROAD,FRANCES ST,,Non-Injury Crash,No,2009,,North,,0,,Flat,,,,,,Overcast,896100,0,0,0,2,,,0,,,,,,Waikato Region,Nil,2-way,Sealed,,0,0,,50,,Null,0,0,,16,Hamilton City,Unknown,,,,,0,0,Urban,0,,,Fine,Null
1755878,5926854,9963,,508620,1,,0,1,,Null,2008/2009,EVELYN PLACE,SUNNYBRAE ROAD,,Non-Injury Crash,No,2009,,South,,0,,Flat,,,,,,Bright sun,204701,0,0,0,2,,,0,,,,,,Auckland Region,Nil,2-way,Sealed,,0,0,,50,,Off,0,0,,76,Auckland,Give way,,,,,0,0,Urban,0,,,Fine,Null
1765070,5902851,9964,,524604,0,,0,2,,Null,2008/2009,WIRI STATION ROAD,ROSCOMMON ROAD E,,Non-Injury Crash,No,2009,,West,,0,,Flat,,,,,,Bright sun,781302,0,0,0,2,,,0,,,,,,Auckland Region,Nil,2-way,Sealed,,0,0,,50,,Null,0,0,,76,Auckland,Give way,,,,,0,0,Urban,0,,,Fine,Null
1757985,5917166,9965,,515700,0,,0,2,,Null,2008/2009,GILLIES AVENUE,OWENS ROAD,,Non-Injury Crash,No,2009,,North,,0,,Flat,,,,,,Dark,457600,0,0,0,4,,,0,,,,,,Auckland Region,Nil,2-way,Sealed,,0,0,,50,,On,0,0,,76,Auckland,Traffic Signals,,,,,0,0,Urban,0,,,Fine,Null
1717393,6038373,9966,,502005,0,0,0,1,0,South,2009/2010,SH 1N,PORTLAND ROAD,,Non-Injury Crash,Yes,2009,0,North,0,0,1,Flat,0,,0,,0,Dark,74601,0,0,0,2,0,0,0,0,0,,0,0,Northland Region,Nil,2-way,Sealed,0,0,0,0,100,0,None,0,0,,2,Whangarei District,Nil,0,0,0,0,0,0,Open,0,0,0,Light rain,Null
1800730,5815773,9967,,529700,0,,0,3,,South,2009/2010,VICTORIA ST,LONDON ST,,Non-Injury Crash,No,2009,,South,,0,,Flat,,,,,,Overcast,910500,0,0,0,4,,,0,,,,,,Waikato Region,Nil,2-way,Sealed,,0,0,,50,,Null,1,0,,16,Hamilton City,Nil,,,,,0,0,Urban,0,,,Fine,Null
1746236,5914018,9968,,511001,0,,0,2,,Null,2008/2009,WEST COAST ROAD,ROSIER ROAD,,Non-Injury Crash,No,2009,,East,,0,,Flat,,,,,,Dark,282701,0,0,0,4,,,0,,,,,,Auckland Region,Nil,2-way,Sealed,,0,0,,50,,On,0,0,,76,Auckland,Traffic Signals,,,,,0,0,Urban,0,,,Fine,Null
1571824,5190731,9969,,590604,0,0,0,0,0,East,2008/2009,MARSHLAND ROAD,MAIN NORTH ROAD,,Serious Crash,No,2009,0,South,0,0,0,Flat,0,,0,,0,Bright sun,2503102,0,0,1,2,0,0,0,0,0,,0,0,Canterbury Region,Nil,2-way,Sealed,0,0,2,0,80,0,Null,0,0,,60,Christchurch City,Nil,0,1,0,0,0,0,Open,0,0,0,Fine,Null
1800762,5815379,9970,,529700,0,,0,1,,East,2009/2010,WARD ST,ANGLESEA ST,,Non-Injury Crash,No,2009,,West,,0,,Flat,,,,,,Overcast,911102,0,0,0,2,,,0,,,,,,Waikato Region,Nil,2-way,Sealed,,0,0,,50,,Null,0,0,,16,Hamilton City,Unknown,,,,,0,0,Urban,1,,,Fine,Null
1756858,5925107,9971,,509702,0,,0,1,,North,2009/2010,SH 1N,ONEWA OBR ON,,Non-Injury Crash,Yes,2009,,North,,0,,Flat,,,,,,Bright sun,366602,0,0,0,4,,,0,,,,,,Auckland Region,Nil,1-way,Sealed,,0,0,,100,,Off,1,0,,76,Auckland,Nil,,,,,0,0,Open,1,,,Fine,Null
1621255,6109953,9972,,500204,0,0,0,1,0,East,2008/2009,KAITAIA-AWAROA ROAD,ARAROA ROAD,,Non-Injury Crash,No,2009,0,East,1,0,0,Flat,0,,0,,0,Overcast,8902,0,0,0,2,0,0,0,0,0,,0,0,Northland Region,Nil,2-way,Sealed,0,0,0,0,100,0,Null,0,0,,1,Far North District,Unknown,0,0,0,0,0,0,Open,0,0,0,Fine,Null
1755305,5921750,9973,,515202,0,,0,2,,North,2008/2009,SH 1N,SHELLY BEACH OBR,,Non-Injury Crash,Yes,2009,,South,,0,,Hill Road,,,,,,Bright sun,423600,0,0,0,5,,,0,,,,,,Auckland Region,Bridge,1-way,Sealed,,0,0,,80,,Off,0,0,,76,Auckland,Nil,,,,,0,0,Open,1,,,Fine,Null
1691817,5673139,9974,,552400,0,0,0,2,0,South,2008/2009,FRANKLEY ROAD,BARRY ST,,Non-Injury Crash,No,2009,0,South,0,0,0,Flat,0,,0,,0,Overcast,1572000,0,0,0,2,0,0,0,0,1,,0,0,Taranaki Region,Nil,2-way,Sealed,0,0,0,0,50,0,Null,0,0,,33,New Plymouth District,Nil,0,0,0,0,0,0,Urban,0,0,0,Fine,Null
1765535,5892330,9975,,521122,0,0,0,1,1,East,2009/2010,LINWOOD ROAD,URQUHART ROAD,,Non-Injury Crash,No,2009,0,West,0,0,0,Hill Road,0,Christmas New Year,0,,0,Bright sun,810000,0,0,0,2,0,0,0,0,0,,0,0,Auckland Region,Bridge,2-way,Sealed,0,0,0,0,100,0,Null,0,0,,76,Auckland,Unknown,0,0,0,0,0,0,Open,0,0,0,Fine,Null
1569944,5178569,9976,,594600,0,,0,2,,Null,2009/2010,ANTIGUA ST,BURKE ST,,Minor Crash,No,2009,,East,,0,,Flat,,,,,,Overcast,2617201,2,0,0,2,,,0,,,,,,Canterbury Region,Nil,2-way,Sealed,,0,0,,50,,Null,0,0,,60,Christchurch City,Stop,,,,,0,0,Urban,0,,,Fine,Null
1885341,5774210,9977,,540410,0,,0,2,,Null,2009/2010,HINEMARU ST,QUEENS DRIVE,,Non-Injury Crash,No,2009,,West,,0,,Flat,,,,,,Bright sun,1235200,0,0,0,2,,,0,,,,,,Bay of Plenty Region,Nil,2-way,Sealed,,0,0,,50,,Null,0,0,,24,Rotorua District,Stop,,,,,0,0,Urban,0,,,Fine,Null
1768960,5906092,9978,,523711,0,,0,1,,South,2009/2010,TE IRIRANGI DRIVE,PENION DRIVE,,Non-Injury Crash,No,2009,,North,,0,,Flat,,,,,,Bright sun,713005,0,0,0,2,,,0,,,,,,Auckland Region,Nil,2-way,Sealed,,0,0,,50,,Null,1,0,,76,Auckland,Unknown,,,,,0,0,Urban,0,,,Fine,Null
1280647,4875935,9979,,610400,1,,0,1,,North,2009/2010,OAKLAND ST,SCOTT ST,,Minor Crash,No,2009,,South,,0,,Flat,,,,,,Overcast,3068800,1,0,0,2,,,0,,,,,,Southland Region,Nil,2-way,Sealed,,0,0,,50,,Null,0,0,,74,Gore District,Nil,,,,,0,0,Urban,0,,,Light rain,Null
1754794,5916007,9980,,517703,0,,1,1,,Null,2009/2010,SANDRINGHAM ROAD,OXTON ROAD,,Non-Injury Crash,No,2009,,South,,0,,Flat,,,,,,Overcast,537900,0,0,0,3,,,0,,,,,,Auckland Region,Nil,2-way,Sealed,,0,0,,50,,Off,0,0,,76,Auckland,Traffic Signals,,,,,0,0,Urban,0,,,Fine,Null
1798096,5819819,9981,,528310,0,0,0,1,0,North,2009/2010,TOTARA DRIVE,SANDWICH ROAD,,Non-Injury Crash,No,2009,0,North,0,0,0,Flat,0,,0,,0,Dark,897400,0,0,0,2,0,0,0,0,0,,0,0,Waikato Region,Nil,2-way,Sealed,0,0,0,0,50,0,On,0,0,,16,Hamilton City,Unknown,0,0,0,1,0,0,Urban,0,0,0,Fine,Null
1754343,5931475,9982,,508805,0,,0,2,,Null,2009/2010,PARKWAY DRIVE,CONSTELLATION DRIVE W,,Non-Injury Crash,No,2009,,North,,0,,Flat,,,,,,Overcast,180813,0,0,0,4,,,0,,,,,,Auckland Region,Nil,2-way,Sealed,,0,0,,50,,Null,0,0,,76,Auckland,Give way,,,,,0,0,Urban,0,,,Fine,Null
1798415,5815877,9983,,528900,0,,0,1,,Null,2009/2010,SH 1N,RIFLE RANGE ROAD,,Non-Injury Crash,Yes,2009,,North,,0,,Hill Road,,,,,,Bright sun,915500,0,0,0,4,,,0,,,,,,Waikato Region,Nil,2-way,Sealed,,0,0,,60,,Null,1,0,,16,Hamilton City,Give way,,,,,0,0,Urban,0,,,Fine,Null
1759597,5917035,9984,,516001,0,,0,1,,South,2008/2009,REMUERA ROAD,MARKET ROAD,,Non-Injury Crash,No,2009,,South,,0,,Flat,,,,,,Overcast,491500,0,0,0,1,,,0,,,,,,Auckland Region,Nil,2-way,Sealed,,0,0,,30,,Off,0,0,,76,Auckland,Nil,,,,,0,0,Urban,1,,,Fine,Null
1754122,5918441,9985,,515431,0,,1,0,,Null,2009/2010,GREAT NORTH ROAD,MOTAT ON EBD,,Non-Injury Crash,No,2009,,East,,0,,Flat,,Christmas New Year,,,,Overcast,406300,0,0,0,6,,,0,,,,,,Auckland Region,Nil,2-way,Sealed,,0,0,,50,,Null,0,0,,76,Auckland,Traffic Signals,,,,,1,0,Urban,0,,,Fine,Null
1788648,5857126,9986,,526900,0,0,0,1,0,East,2009/2010,TE KAUWHATA ROAD,WAYSIDE ROAD,,Non-Injury Crash,No,2009,0,West,0,0,0,Flat,0,,0,,0,Dark,938000,0,0,0,2,0,0,0,0,0,,0,0,Waikato Region,Nil,2-way,Sealed,0,0,0,0,100,0,None,0,0,,13,Waikato District,Nil,0,0,0,0,0,0,Open,0,0,0,Heavy rain,Null
1719946,6045979,9987,,503200,0,,0,2,,West,2009/2010,RIVERSIDE DRIVE,VALE ROAD,,Non-Injury Crash,No,2009,,East,,0,,Flat,,,,,,Bright sun,101200,0,0,0,2,,,0,,,,,,Northland Region,Nil,2-way,Sealed,,0,0,,50,,Off,0,0,,2,Whangarei District,School Patrol/warden,,,,,0,0,Urban,0,,,Fine,Null
1741983,5917071,9988,,513102,0,0,0,1,0,North,2009/2010,CANDIA ROAD,COULTER ROAD S,,Non-Injury Crash,No,2009,0,South,0,0,0,Hill Road,0,,0,,0,Bright sun,238600,0,0,0,2,0,0,0,0,0,,0,0,Auckland Region,Nil,2-way,Sealed,0,0,0,0,70,0,Off,0,0,,76,Auckland,Nil,0,0,0,0,1,0,Urban,0,1,0,Fine,Null
1402534,4913904,9989,,605920,0,,0,2,,West,2009/2010,SH 1S,MORNINGTON ROAD,,Minor Crash,Yes,2009,,East,,0,,Flat,,,,,,Bright sun,2955600,1,0,1,2,,,0,,,,,,Otago Region,Nil,2-way,Sealed,,0,0,,100,,Null,0,0,,71,Dunedin City,Unknown,,,,,0,0,Open,0,,,Fine,Null
1765519,5887095,9990,,521122,0,,0,0,,Null,2008/2009,GLENBROOK ROAD,OSTRICH ROAD,,Non-Injury Crash,No,2009,,East,,0,,Flat,,,,,,Bright sun,809900,0,0,0,2,,,0,,,,,,Auckland Region,Nil,2-way,Sealed,,0,0,,100,,Null,2,0,,76,Auckland,Stop,,,,,0,0,Open,0,,,Fine,Null
1876507,5823946,9991,,537301,0,,0,1,,North,2008/2009,OTUMOETAI ROAD,BELLEVUE ROAD,,Non-Injury Crash,No,2009,,North,,0,,Flat,,,,,,Dark,1160108,0,0,0,2,,,0,,,,,,Bay of Plenty Region,Nil,2-way,Sealed,,0,0,,50,,On,1,0,,23,Tauranga City,Nil,,,,,0,0,Urban,0,,,Fine,Null
1748906,5428278,9992,,573000,0,,0,2,,Null,2008/2009,CUSTOMHOUSE QUAY,JOHNSTON ST,,Non-Injury Crash,No,2009,,North,,0,,Flat,,,,,,Overcast,2124300,0,0,0,6,,,0,,,,,,Wellington Region,Nil,2-way,Sealed,,0,0,,50,,Null,0,0,,47,Wellington City,Traffic Signals,,,,,0,0,Urban,0,,,Fine,Null
1898767,5811574,9993,,536651,0,,0,1,,Null,2008/2009,TE PUKE HIGHWAY,MAKETU ROAD,,Non-Injury Crash,No,2009,,East,,0,,Flat,,,,,,Overcast,1211000,0,0,0,3,,,0,,,,,,Bay of Plenty Region,Nil,2-way,Sealed,,0,0,,100,,Null,1,0,,22,Western Bay of Plenty District,Stop,,,,,0,0,Open,0,,,Light rain,Null
1405250,4915535,9994,,602900,0,0,0,1,0,East,2009/2010,EGLINTON ROAD,NEIDPATH ROAD,,Minor Crash,No,2009,0,North,0,0,0,Hill Road,0,,0,,0,Dark,2896200,1,0,0,1,0,0,0,1,0,,0,1,Otago Region,Nil,2-way,Sealed,0,0,0,0,50,0,Off,0,0,,71,Dunedin City,Unknown,0,0,0,0,0,0,Urban,0,0,0,Fine,Null
1745348,5917387,9995,,510800,0,,0,1,,East,2008/2009,GREAT NORTH ROAD,ALDERMAN DRIVE,,Non-Injury Crash,No,2009,,West,,0,,Flat,,,,,,Overcast,241600,0,0,0,4,,,0,,,,,,Auckland Region,Nil,2-way,Sealed,,0,0,,50,,Null,1,0,,76,Auckland,Nil,,,,,0,0,Urban,0,,,Fine,Null
1755182,5917809,9996,,517500,0,0,0,2,0,North,2008/2009,KINGSLAND AVENUE,NEW NORTH ROAD,,Non-Injury Crash,No,2009,0,North,0,0,0,Flat,0,,0,,0,Bright sun,530700,0,0,0,2,0,0,0,0,1,,0,0,Auckland Region,Nil,2-way,Sealed,0,0,0,0,50,0,Off,0,0,,76,Auckland,Nil,0,0,0,0,0,0,Urban,0,0,0,Fine,Null
2034360,5710811,9997,,544900,0,,1,1,,Null,2008/2009,NELSON ROAD,CAMPION ROAD,,Non-Injury Crash,No,2009,,West,,0,,Flat,,,,,,Bright sun,1376604,0,0,0,2,,,0,,,,,,Gisborne Region,Nil,2-way,Sealed,,0,0,,50,,Null,0,0,,28,Gisborne District,Give way,,,,,0,0,Urban,0,,,Fine,Null
1773261,5896434,9998,,525620,0,0,0,0,0,Null,2009/2010,WILLIS ROAD,ALPHA ST,,Non-Injury Crash,No,2009,0,West,0,0,0,Flat,0,,0,,0,Bright sun,797700,0,0,0,2,0,0,0,0,0,,0,1,Auckland Region,Nil,2-way,Sealed,0,0,0,0,50,0,Null,0,0,,76,Auckland,Nil,0,0,0,0,1,0,Urban,0,0,0,Fine,Null
1719335,6045479,9999,,503100,0,,0,1,,Null,2008/2009,WALTON ST,RAILWAY ROAD,,Non-Injury Crash,No,2009,,West,,0,,Flat,,,,,,Bright sun,100400,0,0,0,2,,,0,,,,,,Northland Region,Nil,2-way,Sealed,,0,0,,50,,Null,0,0,,2,Whangarei District,Give way,,,,,1,0,Urban,0,,,Fine,Null
1764556,5910500,10000,,521801,0,0,0,1,0,West,2008/2009,LUKE ST,ALBERT ST,,Non-Injury Crash,No,2009,0,East,0,0,0,Flat,0,,0,,0,Bright sun,786600,0,0,0,2,0,0,0,0,0,,0,1,Auckland Region,Nil,2-way,Sealed,0,0,0,0,50,0,Off,0,0,,76,Auckland,Nil,0,0,0,0,0,0,Urban,0,0,0,Fine,Null
1763283,5910041,10001,,521901,0,,0,1,,North,2008/2009,SALEYARDS ROAD,STATION ROAD,,Non-Injury Crash,No,2009,,South,,0,,Hill Road,,,,,,Overcast,782300,0,0,0,2,,,0,,,,,,Auckland Region,Nil,2-way,Sealed,,0,0,,50,,Null,1,0,,76,Auckland,Unknown,,,,,0,0,Urban,0,,,Fine,Null
1766722,5904676,10002,,524604,0,,1,1,,Null,2008/2009,LAMBIE DRIVE,CAVENDISH DRIVE,,Non-Injury Crash,No,2009,,North,,0,,Flat,,,,,,Bright sun,780209,0,0,0,4,,,0,,,,,,Auckland Region,Nil,2-way,Sealed,,0,0,,50,,Null,0,0,,76,Auckland,Traffic Signals,,,,,0,0,Urban,0,,,Fine,Null
1610122,6148875,10003,,500207,0,0,0,1,0,North,2009/2010,SH 1N,HARBOUR VIEW ROAD N,,Non-Injury Crash,Yes,2009,0,North,1,0,0,Flat,0,,0,,0,Dark,1203,0,0,0,2,0,0,0,0,0,,0,0,Northland Region,Nil,2-way,Sealed,0,0,0,0,100,0,None,0,0,,1,Far North District,Nil,0,0,0,0,0,0,Open,0,0,0,Fine,Null
1839263,5661987,10004,45,541501,0,0,0,1,0,North,2008/2009,SH 1N,TREE TRUNK GORGE ROAD,,Non-Injury Crash,Yes,2009,0,North,1,0,0,Hill Road,0,,0,,0,Dark,1288900,0,0,0,2,0,0,0,0,0,,0,0,Waikato Region,Nil,2-way,Sealed,1,0,0,0,100,0,None,0,0,,21,Taupo District,Unknown,0,0,0,0,0,0,Open,0,0,0,Fine,Null
1760646,5915185,10005,,520202,0,,0,2,,East,2009/2010,MAIN HIGHWAY,WALPOLE ST,,Non-Injury Crash,No,2009,,West,,0,,Flat,,,,,,Bright sun,613300,0,0,0,2,,,0,,,,,,Auckland Region,Nil,2-way,Sealed,,0,0,,50,,Off,0,0,,76,Auckland,Nil,,,,,0,0,Urban,0,,,Fine,Null
1754993,5927832,10006,,508620,0,,0,2,,Null,2008/2009,ARCHERS ROAD,SUNNYBRAE ROAD,,Non-Injury Crash,No,2009,,West,,0,,Hill Road,,,,,,Dark,202600,0,0,0,1,,,0,,,,,,Auckland Region,Nil,2-way,Sealed,,0,0,,50,,On,0,0,,76,Auckland,Traffic Signals,,,,,0,0,Urban,0,,,Light rain,Null
1709019,5616930,10007,85,554020,0,1,0,1,0,North,2008/2009,SH 3,DENBY ROAD,,Non-Injury Crash,Yes,2009,0,South,0,0,0,Hill Road,1,,0,,0,Overcast,1643100,0,0,0,2,0,0,0,0,0,,0,0,Taranaki Region,Nil,2-way,Sealed,0,0,0,0,100,0,Null,0,0,,35,South Taranaki District,Nil,0,1,0,0,0,0,Open,0,0,0,Light rain,Null
1767642,5907915,10008,,523502,0,0,0,1,0,North,2008/2009,HILLS ROAD,HAMILL ROAD,,Non-Injury Crash,No,2009,0,North,0,0,0,Hill Road,0,,0,,0,Dark,703000,0,0,0,2,0,0,0,0,0,,0,1,Auckland Region,Nil,2-way,Sealed,0,0,0,0,50,0,On,0,0,,76,Auckland,Nil,0,0,0,0,0,0,Urban,0,0,0,Fine,Null
1769965,5909942,10009,,523109,0,,0,2,,North,2008/2009,TE IRIRANGI DRIVE,SMALES ROAD,,Non-Injury Crash,No,2009,,South,,0,,Flat,,,,,,Overcast,711737,0,0,0,4,,,0,,,,,,Auckland Region,Nil,2-way,Sealed,,0,0,,80,,Off,0,0,,76,Auckland,Nil,,,,,0,0,Open,0,,,Light rain,Null
1719878,5988786,10010,,505010,0,,0,1,,Null,2008/2009,OTARA ROAD,PAREKURA ROAD,,Non-Injury Crash,No,2009,,West,,0,,Flat,,,,,,Overcast,133000,0,0,0,2,,,0,,,,,,Northland Region,Nil,2-way,Unsealed,,0,0,,50,,Off,0,0,,3,Kaipara District,Nil,,,,,0,0,Urban,1,,,Light rain,Null
1755804,5916542,10011,,518201,0,0,0,1,0,Null,2008/2009,DOMINION ROAD,MOUNT PLEASANT ROAD,,Non-Injury Crash,No,2009,0,North,0,0,0,Flat,0,,0,,0,Bright sun,552800,0,0,0,2,0,0,0,0,0,,0,1,Auckland Region,Nil,2-way,Sealed,0,0,0,0,50,0,None,0,0,,76,Auckland,Stop,0,0,0,0,0,0,Urban,0,0,0,Fine,Null
2037402,5708418,10012,,544600,0,0,0,1,0,Null,2009/2010,Z CPK MCDONALDS,BRIGHT ST,,Non-Injury Crash,No,2009,0,North,0,0,0,Flat,0,,0,,0,Twilight,1371000,0,0,0,0,0,0,0,0,1,,0,0,Gisborne Region,Nil,Off road,Sealed,0,0,0,0,50,0,On,0,0,,28,Gisborne District,Nil,0,0,0,0,0,0,Urban,1,0,0,Fine,Null
1799935,5813048,10013,,529100,0,,0,3,,Null,2008/2009,SH 1N,ALISON ST,,Non-Injury Crash,Yes,2009,,East,,0,,Flat,,,,,,Overcast,930401,0,0,0,2,,,0,,,,,,Waikato Region,Nil,2-way,Sealed,,0,0,,50,,Null,0,0,,16,Hamilton City,Stop,,,,,0,0,Urban,0,,,Fine,Null
1406914,4915023,10014,,602800,0,,0,2,,Null,2008/2009,MIDLAND ST,PORTSMOUTH DRIVE,,Non-Injury Crash,No,2009,,South,,0,,Flat,,,,,,Bright sun,2895200,0,0,0,2,,,0,,,,,,Otago Region,Nil,2-way,Sealed,,0,0,,50,,Null,0,0,,71,Dunedin City,Traffic Signals,,,,,0,0,Urban,0,,,Fine,Null
1770194,5911001,10015,,523113,0,,0,3,,South,2008/2009,TE IRIRANGI DRIVE,TE KOHA ROAD,,Non-Injury Crash,No,2009,,South,,0,,Flat,,,,,,Overcast,711718,0,0,0,4,,,0,,,,,,Auckland Region,Nil,2-way,Sealed,,0,0,,70,,Off,0,0,,76,Auckland,Traffic Signals,,,,,0,0,Urban,0,,,Light rain,Null
1846718,5891139,10016,,533603,0,0,0,0,0,North,2008/2009,SH 25A,SH 25,,Non-Injury Crash,Yes,2009,0,North,1,0,1,Flat,0,,0,,0,Overcast,1059504,0,0,0,2,0,0,0,0,0,,0,0,Waikato Region,Nil,2-way,Sealed,0,0,0,0,100,0,Null,0,0,,11,Thames-Coromandel District,Unknown,0,0,0,0,1,0,Open,0,0,0,Light rain,Null
1904294,5809195,10017,,536654,0,0,0,0,0,Null,2009/2010,MANIATUTU ROAD,SH 2,,Non-Injury Crash,Yes,2009,0,North,1,0,0,Hill Road,0,,0,,0,Dark,1211400,0,0,0,2,0,0,0,0,0,,0,0,Bay of Plenty Region,Nil,2-way,Sealed,0,0,0,0,100,0,On,1,0,,22,Western Bay of Plenty District,Stop,0,0,0,0,0,0,Open,0,0,1,Fine,Null
1951240,5779442,10018,,542100,0,,0,1,,South,2008/2009,SH 2,MORRISON ROAD,,Non-Injury Crash,Yes,2009,,South,,0,,Flat,,,,,,Overcast,1304200,0,0,0,2,,,0,,,,,,Bay of Plenty Region,Nil,2-way,Sealed,,0,0,,50,,Null,0,0,,25,Whakatane District,Give way,,,,,0,0,Urban,1,,,Fine,Null
1600825,5446430,10019,,584301,0,0,0,0,0,Null,2008/2009,SH 60,WHARF ROAD,,Non-Injury Crash,Yes,2009,0,South,0,0,0,Flat,0,,0,,0,Overcast,2372801,0,0,0,2,0,1,0,0,0,,0,0,Tasman Region,Nil,2-way,Sealed,0,0,0,0,50,0,Null,1,0,,51,Tasman District,Give way,1,1,0,0,0,0,Urban,0,0,0,Light rain,Null
1768556,5904499,10020,,523820,0,,0,0,,West,2009/2010,REDOUBT ROAD,EVERGLADE DRIVE,,Non-Injury Crash,No,2009,,West,,0,,Hill Road,,,,,,Overcast,759901,0,0,0,2,,,0,,,,,,Auckland Region,Nil,2-way,Sealed,,0,0,,50,,Off,1,0,,76,Auckland,Nil,,,,,0,0,Urban,1,,,Fine,Null