X,Y,OBJECTID,advisorySpeed,areaUnitID,bicycle,bridge,bus,carStationWagon,cliffBank,crashDirectionDescription,crashFinancialYear,crashLocation1,crashLocation2,crashRoadSideRoad,crashSeverity,crashSHDescription,crashYear,debris,directionRoleDescription,ditch,fatalCount,fence,flatHill,guardRail,holiday,houseOrBuilding,intersection,kerb,light,meshblockId,minorInjuryCount,moped,motorcycle,NumberOfLanes,objectThrownOrDropped,otherObject,otherVehicleType,overBank,parkedVehicle,pedestrian,phoneBoxEtc,postOrPole,region,roadCharacter,roadLane,roadSurface,roadworks,schoolBus,seriousInjuryCount,slipOrFlood,speedLimit,strayAnimal,streetLight,suv,taxi,temporarySpeedLimit,tlaId,tlaName,trafficControl,trafficIsland,trafficSign,train,tree,truck,unknownVehicleType,urban,vanOrUtility,vehicle,waterRiver,weatherA,weatherB
1763357,5437312,10021,,568302,0,,0,2,,West,2008/2009,EVEREST AVENUE,TREADWELL ST,,Non-Injury Crash,No,2009,,North,,0,,Flat,,,,,,Overcast,1954200,0,0,0,2,,,0,,,,,,Wellington Region,Nil,2-way,Sealed,,0,0,,50,,Null,0,0,,46,Lower Hutt City,Nil,,,,,0,0,Urban,0,,,Fine,Null
1768494,5903311,10022,,523820,0,,0,4,,North,2009/2010,SH 1N,ORAMS OBR,,Non-Injury Crash,Yes,2009,,South,,0,,Flat,,,,,,Overcast,760120,0,0,0,3,,,0,,,,,,Auckland Region,Nil,1-way,Sealed,,0,0,,100,,Off,0,0,30,76,Auckland,Nil,,,,,0,0,Open,0,,,Fine,Null
1747180,5913794,10023,,511100,0,,0,2,,Null,2008/2009,WEST COAST ROAD,GLENVIEW ROAD,,Non-Injury Crash,No,2009,,East,,0,,Flat,,,,,,Overcast,286200,0,0,0,4,,,0,,,,,,Auckland Region,Nil,2-way,Sealed,,0,0,,50,,Off,0,0,,76,Auckland,Traffic Signals,,,,,0,0,Urban,0,,,Fine,Null
1816882,5803603,10024,,527503,0,,0,2,,Null,2008/2009,SH 1N,SH 1B,,Non-Injury Crash,Yes,2009,,East,,0,,Flat,,,,,,Overcast,962602,0,0,0,3,,,0,,,,,,Waikato Region,Nil,2-way,Sealed,,0,0,,50,,Off,0,0,,17,Waipa District,Give way,,,,,0,0,Urban,0,,,Light rain,Null
1881917,5765902,10025,,538863,0,,0,0,,West,2008/2009,SH 30,BRYCE ROAD,,Non-Injury Crash,Yes,2009,,East,,0,,Flat,,,,,,Overcast,1264202,0,0,0,2,,,0,,,,,,Bay of Plenty Region,Nil,2-way,Sealed,,0,0,,100,,Off,1,0,,24,Rotorua District,Nil,,,,,0,0,Open,0,,,Fine,Null
1755562,5922270,10026,,515202,0,,0,2,,North,2009/2010,SH 1N,SHELLY OFF SBD,,Non-Injury Crash,Yes,2009,,South,,0,,Hill Road,,,,,,Overcast,423600,0,0,0,3,,,0,,,,,,,Nil,1-way,Sealed,,0,0,,80,,Null,0,0,,76,Auckland,Unknown,,,,,0,0,Open,0,,,Heavy rain,Null
1769224,5914464,10027,,522721,0,,0,7,,Null,2008/2009,PAKURANGA ROAD,FORTUNES ROAD,,Non-Injury Crash,No,2009,,West,,0,,Flat,,,,,,Bright sun,680727,0,0,0,6,,,0,,,,,,Auckland Region,Nil,2-way,Sealed,,0,0,,60,,Off,0,0,,76,Auckland,Traffic Signals,,,,,0,0,Urban,0,,,Fine,Null
1768916,5900839,10028,,525002,0,,0,2,,Null,2009/2010,GREAT SOUTH ROAD,WEYMOUTH ROAD,,Non-Injury Crash,No,2009,,North,,0,,Flat,,,,,,Overcast,752802,0,0,0,4,,,0,,,,,,Auckland Region,Nil,2-way,Sealed,,0,0,,50,,Null,0,0,,76,Auckland,Traffic Signals,,,,,0,0,Urban,0,,,Fine,Null
1745716,5917127,10029,,510800,0,,0,2,,North,2008/2009,EDSEL ST,GREAT NORTH ROAD,,Non-Injury Crash,No,2009,,South,,0,,Flat,,,,,,Dark,243300,0,0,0,4,,,0,,,,,,Auckland Region,Nil,2-way,Sealed,,0,0,,50,,On,0,0,,76,Auckland,Nil,,,,,0,0,Urban,0,,,Fine,Null
1757375,5918652,10030,,514302,0,,0,2,,Null,2009/2010,KHYBER PASS ROAD,ARAWA ST,,Non-Injury Crash,No,2009,,East,,0,,Hill Road,,,,,,Bright sun,441700,0,0,0,4,,,0,,,,,,Auckland Region,Nil,2-way,Sealed,,0,0,,50,,Off,1,0,,76,Auckland,Stop,,,,,0,0,Urban,0,,,Fine,Null
1754552,5928454,10031,,508320,0,0,0,3,0,East,2009/2010,HILLSIDE ROAD,DIANA DRIVE,,Non-Injury Crash,No,2009,0,East,0,0,0,Hill Road,0,,0,,0,Bright sun,198401,0,0,0,2,0,0,0,0,1,,0,0,Auckland Region,Nil,2-way,Sealed,0,0,0,0,50,0,Off,0,0,,76,Auckland,Nil,0,0,0,0,0,0,Urban,0,0,0,Fine,Null
1792154,5772446,10032,85,531301,0,0,0,1,0,North,2009/2010,SH 31,REDLAND ROAD,,Non-Injury Crash,Yes,2009,0,North,0,0,1,Flat,0,,0,,0,Bright sun,995902,0,0,0,2,0,0,0,0,0,,0,0,Waikato Region,Nil,2-way,Sealed,0,0,0,0,100,0,Null,0,0,,18,Ōtorohanga District,Unknown,0,0,0,0,0,0,Open,0,0,1,Fine,Null
1760886,5434930,10033,,568602,0,0,0,3,0,East,2008/2009,GUTHRIE ST,FERGUSSON ST,,Non-Injury Crash,No,2009,0,East,0,0,1,Flat,0,,0,,1,Dark,1975500,0,0,0,2,0,0,0,0,1,,0,0,Wellington Region,Nil,2-way,Sealed,0,0,0,0,50,0,On,1,0,,46,Lower Hutt City,Nil,0,0,0,0,0,0,Urban,0,0,0,Fine,Null
1755243,5926890,10034,,509701,0,,0,2,,South,2009/2010,HILLCREST AVENUE,HOLLAND ROAD,,Non-Injury Crash,No,2009,,North,,0,,Flat,,,,,,Bright sun,363501,0,0,0,2,,,0,,,,,,Auckland Region,Nil,2-way,Sealed,,0,0,,50,,Off,0,0,,76,Auckland,Nil,,,,,0,0,Urban,0,,,Fine,Null
1759394,5918785,10035,,515901,0,0,0,0,0,North,2008/2009,BRIGHTON ROAD,AYR ST,,Non-Injury Crash,No,2009,0,South,0,0,1,Hill Road,0,,0,,0,Overcast,456900,0,0,0,2,0,0,0,0,0,,0,0,Auckland Region,Nil,2-way,Sealed,0,0,0,0,50,0,Null,1,0,,76,Auckland,Unknown,0,0,0,1,0,0,Urban,0,0,0,Light rain,Null
1764323,5914931,10036,,520303,0,,0,2,,West,2009/2010,ELLERSLIE-PANMURE HIGHWAY,MOUNT WELLINGTON HIGHWAY,,Non-Injury Crash,No,2009,,West,,0,,Flat,,,,,,Overcast,627500,0,0,0,6,,,0,,,,,,Auckland Region,Nil,2-way,Sealed,,0,0,,50,,Off,0,0,,76,Auckland,Nil,,,,,0,0,Urban,0,,,Fine,Null
1728870,6016715,10037,,501816,0,,0,1,,Null,2009/2010,THE BRAIGH,SH 1N,,Non-Injury Crash,Yes,2009,,North,,0,,Flat,,,,,,Dark,80600,0,0,0,2,,,0,,,,,,Northland Region,Nil,2-way,Sealed,,0,0,,100,,On,0,0,,2,Whangarei District,Give way,,,,,0,0,Open,0,,,Heavy rain,Null
1745377,5916586,10038,,510800,0,,0,1,,Null,2009/2010,RAILSIDE AVENUE,VIEW ROAD,,Non-Injury Crash,No,2009,,North,,0,,Flat,,,,,,Bright sun,244600,0,0,0,2,,,0,,,,,,Auckland Region,Nil,2-way,Sealed,,0,0,,50,,Off,1,0,,76,Auckland,Give way,,,,,0,0,Urban,0,,,Fine,Null
1749990,5914018,10039,,511303,0,0,1,0,0,South,2008/2009,MEMORIAL DRIVE W,GREAT NORTH ROAD,,Non-Injury Crash,No,2009,0,South,0,0,0,Flat,0,,0,,0,Bright sun,266000,0,0,0,2,0,0,0,0,0,,0,0,Auckland Region,Nil,2-way,Sealed,0,0,0,0,50,0,Off,1,0,,76,Auckland,Nil,0,0,0,0,0,0,Urban,0,1,0,Fine,Null
1752998,5973615,10040,,506661,0,,0,1,,Null,2009/2010,MATAKANA ROAD,OAK RIVER DRIVE,,Non-Injury Crash,No,2009,,South,,0,,Flat,,,,,,Dark,139303,0,0,0,2,,,0,,,,,,Auckland Region,Nil,2-way,Sealed,,0,0,,80,,None,0,0,,76,Auckland,Give way,,,,,0,0,Open,1,,,Mist or Fog,Null
1766555,5908125,10041,,523501,0,,0,1,,Null,2009/2010,BAIRDS ROAD,OTARA ROAD,,Non-Injury Crash,No,2009,,East,,0,,Flat,,,,,,Overcast,700601,0,0,0,2,,,0,,,,,,Auckland Region,Nil,2-way,Sealed,,0,0,,50,,Off,0,0,,76,Auckland,Traffic Signals,,,,,0,0,Urban,1,,,Fine,Null
1756984,5448923,10042,,572000,0,,0,2,,North,2008/2009,SH 1N,PASCOE AVENUE,,Non-Injury Crash,Yes,2009,,North,,0,,Flat,,Easter,,,,Overcast,2069700,0,0,0,4,,,0,,,,,,Wellington Region,Nil,2-way,Sealed,,0,0,,50,,Null,0,0,,44,Porirua City,Give way,,,,,0,0,Urban,0,,,Fine,Null
1758688,5917638,10043,,516001,0,,0,2,,North,2009/2010,ST MARKS ROAD,MACMURRAY ROAD,,Non-Injury Crash,No,2009,,North,,0,,Flat,,,,,,Bright sun,491100,0,0,0,2,,,0,,,,,,Auckland Region,Nil,2-way,Sealed,,0,0,,50,,None,0,0,,76,Auckland,Nil,,,,,0,0,Urban,0,,,Fine,Null
1794264,5515843,10044,,561500,0,0,0,1,0,West,2008/2009,RIDGE ROAD,HICKFORD ROAD,,Non-Injury Crash,No,2009,0,West,0,0,1,Flat,0,,0,,0,Bright sun,1785401,0,0,0,2,0,0,0,0,0,,0,0,Manawatū-Whanganui Region,Nil,2-way,Sealed,0,0,0,0,100,0,Null,0,0,,42,Horowhenua District,Nil,0,0,0,0,0,0,Open,0,0,0,Fine,Null
1802412,5816086,10045,,530100,0,,0,2,,Null,2009/2010,PEACHGROVE ROAD,TE AROHA ST,,Non-Injury Crash,No,2009,,East,,0,,Flat,,,,,,Dark,895400,0,0,0,2,,,0,,,,,,Waikato Region,Nil,2-way,Sealed,,0,0,,50,,On,0,0,,16,Hamilton City,Traffic Signals,,,,,0,0,Urban,0,,,Fine,Null
1753481,5932803,10046,,508807,0,0,0,1,0,Null,2009/2010,SH 1N,GREVILLE OFF NBD,,Non-Injury Crash,Yes,2009,0,North,0,0,0,Hill Road,1,,0,,0,Dark,180811,0,0,0,2,0,0,0,0,0,,0,0,Auckland Region,Nil,1-way,Sealed,0,0,0,0,100,0,On,0,0,,76,Auckland,Nil,0,0,0,0,0,0,Open,0,0,0,Light rain,Null
1744327,5915657,10047,,513013,0,,0,3,,South,2009/2010,FOREST HILL ROAD,HENDERSON VALLEY ROAD,,Non-Injury Crash,No,2009,,North,,0,,Flat,,,,,,Dark,281401,0,0,0,2,,,0,,,,,,Auckland Region,Nil,2-way,Sealed,,0,0,,50,,On,0,0,,76,Auckland,Nil,,,,,0,0,Urban,0,,,Light rain,Null
1757291,5920655,10048,,514102,0,,0,2,,Null,2009/2010,ALBERT ST,WYNDHAM ST,,Non-Injury Crash,No,2009,,South,,0,,Flat,,,,,,Overcast,433401,0,0,0,2,,,0,,,,,,Auckland Region,Nil,2-way,Sealed,,0,0,,50,,Off,0,0,,76,Auckland,Traffic Signals,,,,,0,0,Urban,0,,,Fine,Null
1759273,5435962,10049,,569100,0,,0,2,,Null,2008/2009,QUEENS DRIVE,HIGH ST,,Non-Injury Crash,No,2009,,North,,0,,Flat,,,,,,Bright sun,1967300,0,0,0,4,,,0,,,,,,Wellington Region,Nil,2-way,Sealed,,0,0,,50,,Null,0,0,,46,Lower Hutt City,Give way,,,,,0,0,Urban,0,,,Fine,Null
1748759,5428344,10050,,573000,0,,0,1,,East,2008/2009,JOHNSTON ST,LAMBTON QUAY,,Non-Injury Crash,No,2009,,East,,0,,Flat,,,,,,Overcast,2125600,0,0,0,1,,,0,,,,,,Wellington Region,Nil,1-way,Sealed,,0,0,,50,,Null,1,0,,47,Wellington City,Nil,,,,,0,0,Urban,0,,,Fine,Null
1763246,5908222,10051,,524301,0,,0,2,,West,2009/2010,MASSEY ROAD,SAVILL DRIVE,,Non-Injury Crash,No,2009,,East,,0,,Flat,,,,,,Bright sun,748700,0,0,0,4,,,0,,,,,,Auckland Region,Nil,2-way,Sealed,,0,0,,50,,Off,0,0,,76,Auckland,Nil,,,,,0,0,Urban,0,,,Fine,Null
1768088,5443689,10052,,564601,0,,0,2,,North,2008/2009,SH 2,WESTERN HUTT ON NBD,,Non-Injury Crash,Yes,2009,,North,,0,,Flat,,,,,,Dark,1903802,0,0,0,3,,,0,,,,,,Wellington Region,Nil,2-way,Sealed,,0,0,,100,,None,0,0,,45,Upper Hutt City,Nil,,,,,0,0,Open,0,,,Light rain,Null
1770399,5912328,10053,,523105,0,,0,1,,Null,2009/2010,BOTANY ROAD,MILLHOUSE DRIVE,,Non-Injury Crash,No,2009,,South,,0,,Flat,,,,,,Overcast,711139,0,0,0,4,,,0,,,,,,Auckland Region,Nil,2-way,Sealed,,0,0,,70,,Off,1,0,,76,Auckland,Give way,,,,,0,0,Urban,0,,,Fine,Null
1746033,5909326,10054,,512700,0,,0,1,,Null,2009/2010,LAINGHOLM DRIVE,HELIOS PLACE,,Non-Injury Crash,No,2009,,North,,0,,Hill Road,,,,,,Dark,300702,0,0,0,2,,,0,,,,,,Auckland Region,Nil,2-way,Sealed,,0,0,,50,,None,1,0,,76,Auckland,Nil,,,,,0,0,Urban,0,,,Light rain,Null
1793500,5771199,10055,,531200,0,,0,1,,Null,2008/2009,TURONGO ST,TUHORO ST,,Non-Injury Crash,No,2009,,South,,0,,Flat,,,,,,Bright sun,997900,0,0,0,2,,,0,,,,,,Waikato Region,Nil,2-way,Sealed,,0,0,,50,,Null,0,0,,18,Ōtorohanga District,Give way,,,,,1,0,Urban,0,,,Fine,Null
1762277,5913483,10056,,520500,0,,0,0,,South,2008/2009,SH 1N,PENROSE OBR,,Non-Injury Crash,Yes,2009,,North,,0,,Flat,,,,,,Bright sun,637100,0,0,1,4,,,0,,,,,,Auckland Region,Nil,2-way,Sealed,,0,0,,100,,Null,0,0,,76,Auckland,Unknown,,,,,0,0,Open,1,,,Fine,Null
1745389,5917432,10057,,510700,0,,0,2,,East,2009/2010,ALDERMAN DRIVE,GREAT NORTH ROAD,,Non-Injury Crash,No,2009,,East,,0,,Flat,,,,,,Overcast,239900,0,0,0,4,,,0,,,,,,Auckland Region,Nil,2-way,Sealed,,0,0,,50,,Off,0,0,,76,Auckland,Nil,,,,,0,0,Urban,0,,,Fine,Null
1936264,5789870,10058,,542200,0,0,0,1,0,Null,2009/2010,SH 2,COLLEGE ROAD,,Non-Injury Crash,Yes,2009,0,South,0,0,0,Flat,0,,0,,1,Twilight,1320502,0,0,0,2,0,1,0,0,0,,0,1,Bay of Plenty Region,Nil,2-way,Sealed,0,0,0,0,50,0,Off,0,0,,25,Whakatane District,Stop,0,0,0,0,0,0,Urban,0,0,0,Fine,Null
1763545,5909055,10059,,521901,0,,0,2,,Null,2009/2010,WALMSLEY ROAD,NIKAU ROAD,,Non-Injury Crash,No,2009,,South,,0,,Flat,,,,,,Dark,785000,0,0,0,4,,,0,,,,,,Auckland Region,Nil,2-way,Sealed,,0,0,,50,,On,0,0,,76,Auckland,Nil,,,,,0,0,Urban,0,,,Light rain,Null
2046885,5709620,10060,,544001,0,0,0,2,0,East,2008/2009,SH 35,MAKORORI BEACH ROAD,,Non-Injury Crash,Yes,2009,0,West,0,0,0,Hill Road,0,,0,,0,Bright sun,1359400,0,0,0,2,0,0,0,0,1,,0,0,Gisborne Region,Nil,2-way,Sealed,0,0,0,0,100,0,Null,0,0,,28,Gisborne District,Nil,0,0,0,0,0,0,Open,0,0,0,Fine,Null
1753843,5918356,10061,,515431,0,,0,1,,East,2008/2009,GREAT NORTH ROAD,ST LUKES ROAD,,Non-Injury Crash,No,2009,,West,,0,,Hill Road,,,,,,Bright sun,406300,0,0,1,4,,,0,,,,,,Auckland Region,Nil,2-way,Sealed,,0,0,,50,,Off,0,0,,76,Auckland,Traffic Signals,,,,,0,0,Urban,0,,,Fine,Null
1806031,5789356,10062,,527936,0,0,0,1,0,Null,2009/2010,GOLF ROAD,PARK ROAD,,Non-Injury Crash,No,2009,0,South,0,0,1,Flat,0,,0,,0,Dark,989201,0,0,0,2,0,0,0,0,0,,0,0,Waikato Region,Nil,2-way,Sealed,0,0,0,0,100,0,On,0,0,,17,Waipa District,Give way,0,0,0,0,0,0,Open,0,0,0,Fine,Null
1759864,5436863,10063,,569401,0,,0,1,,South,2008/2009,MELLING LINK,PHARAZYN ST,,Non-Injury Crash,No,2009,,West,,0,,Flat,,,,,,Overcast,1925800,0,0,0,2,,,0,,,,,,Wellington Region,Bridge,2-way,Sealed,,0,0,,50,,Null,1,0,,46,Lower Hutt City,Nil,,,,,0,0,Urban,0,,,Fine,Null
1758001,5918474,10064,,517400,1,,0,1,,Null,2009/2010,KHYBER PASS ROAD,MAUNGAWHAU ROAD,,Non-Injury Crash,No,2009,,West,,0,,Hill Road,,,,,,Bright sun,450100,0,0,0,4,,,0,,,,,,Auckland Region,Nil,2-way,Sealed,,0,0,,50,,Off,0,0,,76,Auckland,Nil,,,,,0,0,Urban,0,,,Fine,Null
1750104,5425051,10065,,576903,0,,0,2,,West,2008/2009,SH 1N,HAMILTON ROAD,,Non-Injury Crash,Yes,2009,,East,,0,,Hill Road,,,,,,Bright sun,2180400,0,0,0,3,,,0,,,,,,Wellington Region,Nil,2-way,Sealed,,0,0,,50,,Null,0,0,,47,Wellington City,Nil,,,,,0,0,Urban,0,,,Fine,Null
1877609,5818691,10066,,537800,0,,0,2,,Null,2009/2010,POIKE ROAD,WINDERMERE DRIVE,,Non-Injury Crash,No,2009,,East,,0,,Flat,,,,,,Overcast,1177900,0,0,0,2,,,0,,,,,,Bay of Plenty Region,Nil,2-way,Sealed,,0,0,,50,,Off,0,0,,23,Tauranga City,Give way,,,,,0,0,Urban,0,,,Fine,Null
1718994,6046038,10067,,503000,0,,0,2,,East,2009/2010,SELWYN AVENUE,SH 1N,,Non-Injury Crash,No,2009,,East,,0,,Flat,,,,,,Bright sun,97600,0,0,0,2,,,0,,,,,,Northland Region,Nil,2-way,Sealed,,0,0,,50,,Off,0,0,,2,Whangarei District,Nil,,,,,0,0,Urban,0,,,Fine,Null
1934156,5620920,10068,,546400,0,0,0,1,0,Null,2008/2009,PREBENSEN DRIVE,SEVERN ST,,Non-Injury Crash,No,2009,0,West,0,0,0,Flat,1,,0,,1,Overcast,1426500,0,0,0,2,0,0,0,0,0,,0,0,Hawke's Bay Region,Nil,2-way,Sealed,0,0,0,0,70,0,Null,0,0,,31,Napier City,Give way,0,0,0,0,0,0,Urban,0,0,0,Fine,Null
1801481,5820015,10069,,527009,0,,0,2,,East,2008/2009,CONNOR COURT,RHYS AVENUE,,Non-Injury Crash,No,2009,,West,,0,,Flat,,,,,,Overcast,952322,0,0,0,2,,,0,,,,,,Waikato Region,Nil,2-way,Sealed,,0,0,,50,,Null,0,0,,16,Hamilton City,Give way,,,,,0,0,Urban,0,,,Fine,Null
1697202,6084238,10070,,501400,0,0,0,1,0,East,2009/2010,SH 1N,VOGEL ST,,Non-Injury Crash,Yes,2009,0,East,0,0,0,Flat,0,,0,,0,Bright sun,57800,0,0,0,2,0,0,0,0,1,,0,0,Northland Region,Nil,2-way,Sealed,0,0,0,0,50,0,Off,0,0,,1,Far North District,Nil,0,0,0,0,0,0,Urban,1,0,0,Fine,Null
1767776,5904283,10071,,524602,0,,0,2,,Null,2009/2010,GREAT SOUTH ROAD,REDOUBT ROAD S,,Non-Injury Crash,No,2009,,North,,0,,Flat,,,,,,Bright sun,780501,0,0,0,4,,,0,,,,,,Auckland Region,Nil,2-way,Sealed,,0,0,,50,,Null,0,0,,76,Auckland,Give way,,,,,0,0,Urban,0,,,Fine,Null
1767830,5910344,10072,,523112,0,,0,2,,Null,2008/2009,CRYERS ROAD,HIGHBROOK ROAD,,Non-Injury Crash,No,2009,,South,,0,,Flat,,,,,,Dark,711500,0,0,0,3,,,0,,,,,,Auckland Region,Nil,2-way,Sealed,,0,0,,50,,On,0,0,,76,Auckland,Give way,,,,,0,0,Urban,0,,,Fine,Null
1679008,5403825,10073,,581230,0,0,0,1,0,West,2008/2009,ARTHUR ST,BEAVER ROAD,,Non-Injury Crash,No,2009,0,West,0,0,0,Flat,0,,0,,0,Bright sun,2297900,0,0,0,2,0,0,0,0,1,,0,0,Marlborough Region,Nil,2-way,Sealed,0,0,0,0,50,0,Null,1,0,,53,Marlborough District,Nil,0,0,0,0,0,0,Urban,0,0,0,Fine,Null
1709823,5680060,10074,,550700,0,0,0,1,0,South,2008/2009,NGATIMARU ROAD,WAIPAPA ROAD,,Non-Injury Crash,No,2009,0,South,0,0,1,Hill Road,0,,0,,0,Dark,1550800,0,0,0,2,0,0,0,0,0,,0,0,Taranaki Region,Nil,2-way,Sealed,0,0,0,0,100,0,None,0,0,,33,New Plymouth District,Nil,0,0,0,0,0,0,Open,0,0,0,Fine,Null
1747383,5913647,10075,,511100,0,,0,2,,South,2009/2010,BOWERS ROAD,WEST COAST ROAD,,Non-Injury Crash,No,2009,,South,,0,,Flat,,,,,,Bright sun,286701,0,0,0,2,,,0,,,,,,Auckland Region,Nil,2-way,Sealed,,0,0,,50,,Off,0,0,,76,Auckland,Nil,,,,,0,0,Urban,0,,,Fine,Null
1760198,5434735,10076,,568702,0,,0,2,,East,2009/2010,WHITES LINE EAST,CAMBRIDGE TERRACE,,Non-Injury Crash,No,2009,,West,,0,,Flat,,,,,,Overcast,1977400,0,0,0,2,,,0,,,,,,Wellington Region,Nil,2-way,Sealed,,0,0,,50,,Null,0,0,,46,Lower Hutt City,Nil,,,,,0,0,Urban,1,,,Fine,Null
1570227,5178325,10077,,594600,0,,0,0,,West,2009/2010,SH 76,ORBELL ST,,Minor Crash,Yes,2009,,East,,0,,Flat,,,,,,Overcast,2617300,1,0,0,4,,,0,,,,,,Canterbury Region,Nil,2-way,Sealed,,0,0,,60,,Null,0,0,,60,Christchurch City,Unknown,,,,,2,0,Urban,0,,,Fine,Null
1750463,5911891,10078,,514700,0,,0,1,,Null,2009/2010,PORTAGE ROAD,KINROSS ST,,Non-Injury Crash,No,2009,,West,,0,,Flat,,,,,,Overcast,367300,0,0,0,2,,,0,,,,,,Auckland Region,Nil,2-way,Sealed,,0,0,,50,,Null,1,0,,76,Auckland,Give way,,,,,0,0,Urban,0,,,Heavy rain,Null
1884058,5771424,10079,,540700,0,,0,2,,Null,2009/2010,SH 5,SPRINGFIELD ROAD,,Non-Injury Crash,Yes,2009,,North,,0,,Hill Road,,,,,,Overcast,1246000,0,0,0,2,,,0,,,,,,Bay of Plenty Region,Nil,2-way,Sealed,,0,0,,50,,Off,0,0,,24,Rotorua District,Stop,,,,,0,0,Urban,0,,,Light rain,Null
1880633,5774861,10080,,539100,1,,0,1,,North,2008/2009,MOUNTAIN ROAD,CLAYTON ROAD,,Non-Injury Crash,No,2009,,West,,0,,Hill Road,,,,,,Bright sun,1264404,0,0,0,2,,,0,,,,,,Bay of Plenty Region,Nil,2-way,Sealed,,0,0,,50,,Null,0,0,,24,Rotorua District,Unknown,,,,,0,0,Urban,0,,,Fine,Null
1755513,5922183,10081,,515202,0,,0,2,,North,2009/2010,SH 1N,SHELLY OFF SBD,,Non-Injury Crash,Yes,2009,,South,,0,,Hill Road,,,,,,Overcast,423600,0,0,0,4,,,0,,,,,,,Nil,2-way,Sealed,,0,0,,80,,Off,0,0,,76,Auckland,Nil,,,,,0,0,Open,0,,,Fine,Null
1719572,6045573,10082,,503100,0,,0,2,,Null,2009/2010,WALTON ST,CAMERON ST,,Non-Injury Crash,No,2009,,South,,0,,Flat,,,,,,Overcast,99904,0,0,0,2,,,0,,,,,,Northland Region,Nil,2-way,Sealed,,0,0,,50,,Off,0,0,,2,Whangarei District,Traffic Signals,,,,,0,0,Urban,0,,,Fine,Null
1936006,5621093,10083,,546901,0,,0,2,,East,2008/2009,THACKERAY ST,JULL ST,,Non-Injury Crash,No,2009,,West,,0,,Flat,,,,,,Bright sun,1429000,0,0,0,2,,,0,,,,,,Hawke's Bay Region,Nil,2-way,Sealed,,0,0,,50,,Null,0,0,,31,Napier City,Nil,,,,,0,0,Urban,0,,,Fine,Null
1762435,5917018,10084,,516302,0,,0,2,,Null,2009/2010,REMUERA ROAD,WAIATARUA ROAD,,Non-Injury Crash,No,2009,,South,,0,,Flat,,,,,,Bright sun,463104,0,0,0,4,,,0,,,,,,Auckland Region,Nil,2-way,Sealed,,0,0,,50,,Off,0,0,,76,Auckland,Give way,,,,,0,0,Urban,0,,,Fine,Null
1554342,5177516,10085,,587904,0,,0,2,,Null,2009/2010,MADDISONS ROAD,CURRAGHS ROAD,,Minor Crash,No,2009,,South,,0,,Flat,,,,,,Overcast,2495800,1,0,0,2,,,0,,,,,,Canterbury Region,Nil,2-way,Sealed,,0,0,,100,,Null,0,0,,62,Selwyn District,Stop,,,,,0,0,Open,0,,,Light rain,Null
1767523,5904236,10086,,524604,0,,0,2,,Null,2009/2010,MANUKAU STATION ROAD,PUTNEY WAY S,,Non-Injury Crash,No,2009,,North,,0,,Flat,,,,,,Overcast,780204,0,0,0,4,,,0,,,,,,Auckland Region,Nil,2-way,Sealed,,0,0,,50,,Off,0,0,,76,Auckland,Traffic Signals,,,,,0,0,Urban,0,,,Fine,Null
1751585,5915251,10087,,514401,0,0,0,1,0,East,2009/2010,NEW NORTH ROAD,BLOCKHOUSE BAY ROAD,,Non-Injury Crash,No,2009,0,West,0,0,0,Hill Road,0,,0,,0,Bright sun,380001,0,0,0,4,0,0,0,0,1,,0,0,Auckland Region,Nil,2-way,Sealed,0,0,0,0,50,0,Off,0,0,,76,Auckland,Nil,0,0,0,0,0,0,Urban,1,0,0,Fine,Null
1757837,5920804,10088,,514101,0,,0,2,,Null,2008/2009,BEACH ROAD,BRITOMART PLACE,,Non-Injury Crash,No,2009,,East,,0,,Flat,,Queens Birthday,,,,Dark,438103,0,0,0,2,,,0,,,,,,Auckland Region,Nil,2-way,Sealed,,0,0,,50,,On,0,0,,76,Auckland,Give way,,,,,0,0,Urban,0,,,Light rain,Null
1619985,5428013,10089,,583500,0,,0,1,,Null,2008/2009,QUARANTINE ROAD,NAYLAND ROAD,,Non-Injury Crash,No,2009,,South,,0,,Flat,,,,,,Bright sun,2336001,0,0,0,2,,,0,,,,,,Nelson Region,Nil,2-way,Sealed,,0,0,,50,,Null,1,0,,52,Nelson City,Give way,,,,,0,0,Urban,0,,,Fine,Null
1605692,5433426,10090,,581836,0,0,0,0,1,North,2008/2009,SH 60,DOMINION ROAD,,Non-Injury Crash,Yes,2009,0,North,0,0,0,Hill Road,0,,0,,0,Overcast,2351200,0,0,0,2,0,0,0,0,0,,0,0,Tasman Region,Nil,2-way,Sealed,0,0,0,0,50,0,Null,1,0,,51,Tasman District,Nil,0,0,0,0,0,0,Urban,0,0,0,Light rain,Null
1757812,5918527,10091,,514302,0,,0,1,,West,2009/2010,KHYBER PASS ROAD,MOUNTAIN ROAD,,Non-Injury Crash,No,2009,,East,,0,,Flat,,,,,,Dark,442100,0,0,0,3,,,0,,,,,,Auckland Region,Nil,2-way,Sealed,,0,0,,50,,On,0,0,,76,Auckland,Traffic Signals,,,,,1,0,Urban,0,,,Fine,Null