X,Y,OBJECTID,advisorySpeed,areaUnitID,bicycle,bridge,bus,carStationWagon,cliffBank,crashDirectionDescription,crashFinancialYear,crashLocation1,crashLocation2,crashRoadSideRoad,crashSeverity,crashSHDescription,crashYear,debris,directionRoleDescription,ditch,fatalCount,fence,flatHill,guardRail,holiday,houseOrBuilding,intersection,kerb,light,meshblockId,minorInjuryCount,moped,motorcycle,NumberOfLanes,objectThrownOrDropped,otherObject,otherVehicleType,overBank,parkedVehicle,pedestrian,phoneBoxEtc,postOrPole,region,roadCharacter,roadLane,roadSurface,roadworks,schoolBus,seriousInjuryCount,slipOrFlood,speedLimit,strayAnimal,streetLight,suv,taxi,temporarySpeedLimit,tlaId,tlaName,trafficControl,trafficIsland,trafficSign,train,tree,truck,unknownVehicleType,urban,vanOrUtility,vehicle,waterRiver,weatherA,weatherB
1500036,5136983,10092,,597850,0,0,0,1,0,Null,2008/2009,OXFORD ST,BEACH ROAD,,Non-Injury Crash,No,2009,0,South,0,0,0,Flat,0,,0,,0,Dark,2731300,0,0,0,2,0,0,0,0,0,,0,1,Canterbury Region,Nil,2-way,Sealed,0,0,0,0,50,0,On,0,0,,63,Ashburton District,Give way,0,0,0,0,0,0,Urban,0,0,0,Fine,Null
1757291,5920655,10093,,514102,0,0,1,1,0,Null,2008/2009,WYNDHAM ST,ALBERT ST,,Non-Injury Crash,No,2009,0,West,0,0,0,Flat,0,,0,,0,Overcast,433401,0,0,0,4,0,0,0,0,0,,0,0,Auckland Region,Nil,2-way,Sealed,0,0,0,0,50,0,Off,0,0,,76,Auckland,Traffic Signals,0,0,0,0,0,0,Urban,0,1,0,Null,Null
1758405,5911758,10094,,519810,0,,0,2,,South,2009/2010,SH 20,ONEHUNGA OFF SBD,,Non-Injury Crash,Yes,2009,,South,,0,,Flat,,,,,,Overcast,602501,0,0,0,2,,,0,,,,,,Auckland Region,Nil,1-way,Sealed,,0,0,,100,,Off,0,0,80,76,Auckland,Nil,,,,,0,0,Open,0,,,Light rain,Null
1884839,5774008,10095,,540410,0,,0,2,,East,2009/2010,PUKUATUA ST,AMOHIA ST,,Non-Injury Crash,No,2009,,East,,0,,Flat,,,,,,Twilight,1233700,0,0,0,2,,,0,,,,,,Bay of Plenty Region,Nil,2-way,Sealed,,0,0,,50,,On,0,0,,24,Rotorua District,Unknown,,,,,0,0,Urban,0,,,Fine,Null
1789829,5829569,10096,,528200,0,0,0,1,0,Null,2009/2010,RIVER ROAD,QUEEN ST,,Non-Injury Crash,No,2009,0,South,0,0,1,Flat,0,,1,,0,Dark,858500,0,0,0,2,0,0,0,0,0,,0,0,Waikato Region,Nil,2-way,Sealed,0,0,0,0,50,0,On,0,0,,13,Waikato District,Stop,0,0,0,0,0,0,Urban,0,0,0,Light rain,Null
1766825,5466338,10097,,566102,0,,0,1,,Null,2008/2009,POPLAR AVENUE,MATAI ROAD,,Non-Injury Crash,No,2009,,South,,0,,Flat,,,,,,Overcast,2006600,0,1,0,2,,,0,,,,,,Wellington Region,Nil,2-way,Sealed,,0,0,,50,,Null,0,0,,43,Kapiti Coast District,Give way,,,,,0,0,Urban,0,,,Light rain,Null
1810191,5816078,10098,,527004,0,0,0,1,0,Null,2009/2010,SH 26,SH 1B E,,Non-Injury Crash,Yes,2009,0,West,0,0,1,Flat,0,,0,,0,Bright sun,956100,0,0,0,3,0,0,0,0,0,,0,0,Waikato Region,Nil,2-way,Sealed,0,0,0,0,100,0,Null,0,0,,13,Waikato District,Give way,0,0,0,0,0,0,Open,0,0,0,Fine,Null
1856144,5865776,10099,55,534200,0,,0,2,,North,2008/2009,SH 25,GOLDEN VALLEY ROAD,,Non-Injury Crash,Yes,2009,,South,,0,,Hill Road,,Easter,,,,Overcast,1082710,0,0,0,2,,,0,,,,,,Waikato Region,Nil,2-way,Sealed,,0,0,,100,,Null,0,0,,12,Hauraki District,Unknown,,,,,0,0,Open,0,,,Fine,Null
1936953,5621653,10100,,546802,0,,0,2,,South,2009/2010,HASTINGS ST,BROWNING ST,,Non-Injury Crash,No,2009,,South,,0,,Flat,,,,,,Bright sun,1423700,0,0,0,2,,,0,,,,,,Hawke's Bay Region,Nil,2-way,Sealed,,0,0,,50,,Null,0,0,,31,Napier City,Nil,,,,,0,0,Urban,0,,,Fine,Null
1760191,5916775,10101,,516002,0,,0,1,,South,2009/2010,CLONBERN ROAD,REMUERA ROAD,,Non-Injury Crash,No,2009,,North,,0,,Hill Road,,,,,,Overcast,492400,0,0,0,2,,,0,,,,,,Auckland Region,Nil,2-way,Sealed,,0,0,,50,,Off,0,0,,76,Auckland,Nil,,,,,0,0,Urban,1,,,Fine,Null
1799236,5817455,10102,,528700,0,,0,1,,South,2009/2010,TE RAPA ROAD,BEERESCOURT ROAD,,Non-Injury Crash,No,2009,,South,,0,,Hill Road,,,,,,Overcast,901000,0,0,0,4,,,0,,,,,,Waikato Region,Nil,2-way,Sealed,,0,0,,60,,Null,1,0,,16,Hamilton City,Give way,,,,,0,0,Urban,0,,,Heavy rain,Null
1761012,5907337,10103,,524520,0,,0,2,,East,2009/2010,BUCKLAND ROAD,ROBERTSON ROAD,,Non-Injury Crash,No,2009,,East,,0,,Flat,,,,,,Overcast,735500,0,0,0,2,,,0,,,,,,Auckland Region,Nil,2-way,Sealed,,0,0,,50,,Off,0,0,,76,Auckland,Nil,,,,,0,0,Urban,0,,,Fine,Null
1884926,5774116,10104,,540410,0,0,0,1,0,West,2009/2010,HAUPAPA ST,TUTANEKAI ST,,Non-Injury Crash,No,2009,0,West,0,0,0,Flat,0,,0,,0,Overcast,1233300,0,0,0,2,0,0,0,0,1,,0,0,Bay of Plenty Region,Nil,2-way,Sealed,0,0,0,0,50,0,Null,0,0,,24,Rotorua District,Unknown,0,0,0,0,0,0,Urban,1,0,0,Fine,Null
1748021,5427652,10105,,575300,0,0,0,2,0,North,2008/2009,KELBURN PARADE,GLASGOW ST,,Non-Injury Crash,No,2009,0,South,0,0,0,Hill Road,0,,0,,0,Dark,2155300,0,0,0,2,0,0,0,0,1,,0,0,Wellington Region,Nil,2-way,Sealed,0,0,0,0,50,0,On,0,0,,47,Wellington City,Nil,0,0,0,0,0,0,Urban,0,0,0,Light rain,Null
1622376,5428538,10106,,583300,0,0,0,0,0,North,2008/2009,WAIMEA ROAD,BOUNDARY ROAD,,Non-Injury Crash,No,2009,0,South,0,0,1,Flat,0,,0,,0,Dark,2330900,0,0,0,2,0,0,0,0,0,,0,0,Nelson Region,Nil,2-way,Sealed,0,0,0,0,50,0,On,0,0,,52,Nelson City,Nil,0,0,0,0,0,0,Urban,1,0,0,Fine,Null
1763479,5905532,10107,,524303,0,0,0,0,0,Null,2008/2009,FERNDOWN AVENUE,CARINGBAH DRIVE,,Non-Injury Crash,No,2009,0,North,0,0,0,Hill Road,0,,0,,0,Bright sun,746309,0,0,0,2,0,0,0,0,0,,0,0,Auckland Region,Nil,2-way,Sealed,0,0,0,0,50,0,Null,1,0,,76,Auckland,Nil,0,0,0,1,0,0,Urban,0,0,0,Fine,Null
1927746,5606932,10108,,548500,0,,0,1,,East,2008/2009,ORCHARD ROAD,STONYCROFT ST,,Non-Injury Crash,No,2009,,East,,0,,Flat,,,,,,Bright sun,1478500,0,0,0,2,,,0,,,,,,Hawke's Bay Region,Nil,2-way,Sealed,,0,0,,50,,Null,1,0,,30,Hastings District,Nil,,,,,0,0,Urban,0,,,Fine,Null
1767684,5904648,10109,,524604,0,0,0,1,0,East,2009/2010,BAKERFIELD PLACE,GREAT SOUTH ROAD,,Non-Injury Crash,No,2009,0,East,0,0,0,Flat,0,Labour Weekend,0,,0,Bright sun,780302,0,0,0,2,0,0,0,0,0,,0,1,Auckland Region,Nil,2-way,Sealed,0,0,0,0,50,0,Off,0,0,,76,Auckland,Nil,0,0,0,0,0,0,Urban,0,0,0,Fine,Null
1767585,5880034,10110,,525921,0,,0,2,,South,2008/2009,PUNI ROAD,WARD ST,,Non-Injury Crash,No,2009,,South,,0,,Flat,,,,,,Overcast,821200,0,0,0,2,,,0,,,,,,Auckland Region,Nil,2-way,Sealed,,0,0,,70,,None,0,0,,76,Auckland,Nil,,,,,0,0,Urban,0,,,Light rain,Null
1873586,5823475,10111,,536514,0,,0,1,,Null,2009/2010,SH 2,CARMICHAEL,,Non-Injury Crash,Yes,2009,,East,,0,,Flat,,,,,,Overcast,1190100,0,0,0,2,,,0,,,,,,Bay of Plenty Region,Nil,2-way,Sealed,,0,0,,50,,Null,0,0,,23,Tauranga City,Give way,,,,,0,0,Urban,1,,,Heavy rain,Null
1764679,5914820,10112,,520303,0,0,0,1,0,East,2009/2010,ELLERSLIE-PANMURE HIGHWAY,FORGE WAY,,Non-Injury Crash,No,2009,0,East,0,0,0,Hill Road,0,,0,,0,Bright sun,627400,0,0,0,6,0,0,0,0,0,,0,1,Auckland Region,Nil,2-way,Sealed,0,0,0,0,50,0,Off,0,0,,76,Auckland,Nil,0,1,0,0,1,0,Urban,0,0,0,Fine,Null
1549876,5378403,10113,,581842,0,,0,1,,South,2008/2009,SH 6,NUGGETY CREEK ROAD,,Non-Injury Crash,Yes,2009,,South,,0,,Flat,,,,,,Dark,2380700,0,0,0,2,,,0,,,,,,Tasman Region,Nil,2-way,Sealed,,0,0,,100,,None,0,0,,51,Tasman District,Nil,,,,,0,0,Open,0,,,Light rain,Null
1756809,5919399,10114,,514200,0,,0,1,,North,2009/2010,MERCURY LANE,CROSS ST,,Non-Injury Crash,No,2009,,South,,0,,Hill Road,,,,,,Bright sun,412200,0,0,1,1,,,0,,,,,,Auckland Region,Nil,1-way,Sealed,,0,0,,50,,Off,0,0,,76,Auckland,Nil,,,,,0,0,Urban,0,,,Fine,Null
1753377,5876228,10115,,526103,0,,0,2,,South,2008/2009,CONSTABLE ROAD,KING ST,,Non-Injury Crash,No,2009,,North,,0,,Flat,,,,,,Overcast,837300,0,0,0,2,,,0,,,,,,Auckland Region,Nil,2-way,Sealed,,0,0,,50,,Off,0,0,,76,Auckland,Give way,,,,,0,0,Urban,0,,,Fine,Null
1794988,5494781,10116,,564021,0,0,0,1,0,North,2008/2009,FLORIDA ROAD,MUHUNOA EAST ROAD,,Non-Injury Crash,No,2009,0,North,0,0,1,Hill Road,0,,0,,0,Dark,1859401,0,0,0,2,0,0,0,0,0,,0,0,Manawatū-Whanganui Region,Nil,2-way,Sealed,0,0,0,0,100,0,None,0,0,,42,Horowhenua District,Nil,0,0,0,0,0,0,Open,0,0,0,Fine,Null
1758262,5918400,10117,,517400,0,,1,1,,East,2009/2010,KHYBER PASS ROAD,CROWHURST ST,,Non-Injury Crash,No,2009,,East,,0,,Flat,,,,,,Twilight,450100,0,0,0,4,,,0,,,,,,Auckland Region,Nil,2-way,Sealed,,0,0,,50,,Off,0,0,,76,Auckland,Traffic Signals,,,,,0,0,Urban,0,,,Fine,Null
1799356,5814473,10118,,528900,0,,0,1,,South,2009/2010,ELLIS ST,KILLARNEY ROAD,,Non-Injury Crash,No,2009,,South,,0,,Flat,,,,,,Twilight,916200,0,0,0,2,,,0,,,,,,Waikato Region,Nil,2-way,Sealed,,0,0,,50,,Off,0,0,,16,Hamilton City,Unknown,,,,,0,0,Urban,1,,,Fine,Null
1768080,5904367,10119,,523722,0,,0,0,,Null,2009/2010,REDOUBT ROAD,MANUKAU ON SBD,,Non-Injury Crash,No,2009,,East,,0,,Flat,,,,,,Bright sun,715805,0,0,0,5,,,0,,,,,,Auckland Region,Motorway ramp,2-way,Sealed,,0,0,,50,,Off,1,0,,76,Auckland,Traffic Signals,,,,,1,0,Urban,0,,,Fine,Null
1756151,5919166,10120,,515420,0,,0,1,,Null,2009/2010,GREAT NORTH ROAD,MAIDSTONE ST,,Non-Injury Crash,No,2009,,East,,0,,Flat,,,,,,Bright sun,411500,0,0,0,2,,,0,,,,,,Auckland Region,Nil,2-way,Sealed,,0,0,,50,,Off,0,0,,76,Auckland,Give way,,,,,1,0,Urban,0,,,Fine,Null
1804595,5666488,10121,,532601,0,0,0,1,0,West,2009/2010,KAITIEKE ROAD,SH 4,,Non-Injury Crash,No,2009,0,North,0,0,1,Hill Road,0,,0,,0,Dark,1024300,0,0,0,1,0,0,0,0,0,,0,0,Manawatū-Whanganui Region,Nil,2-way,Unsealed,0,0,0,0,100,0,None,0,0,,36,Ruapehu District,Nil,0,0,0,1,0,0,Open,0,0,0,Fine,Null
1709300,5616740,10122,,554020,0,0,0,0,0,Null,2009/2010,VOGEL ST,SH 3,,Non-Injury Crash,No,2009,0,West,0,0,1,Flat,0,,0,,0,Bright sun,1643300,0,0,0,2,0,0,0,0,0,,0,0,Taranaki Region,Nil,2-way,Unsealed,0,0,0,0,50,0,Null,1,0,30,35,South Taranaki District,Give way,0,0,0,1,0,0,Urban,0,0,0,Fine,Null
1885347,5774369,10123,,540410,0,,0,2,,North,2008/2009,HINEMARU ST,PUKAKI ST,,Non-Injury Crash,No,2009,,North,,0,,Flat,,,,,,Bright sun,1233000,0,0,0,2,,,0,,,,,,Bay of Plenty Region,Nil,2-way,Sealed,,0,0,,50,,Null,0,0,,24,Rotorua District,Unknown,,,,,0,0,Urban,0,,,Fine,Null
1762851,5437075,10124,,568303,0,,0,1,,West,2009/2010,DAYSH ST,NAENAE ROAD,,Non-Injury Crash,No,2009,,West,,0,,Flat,,,,,,Overcast,1953500,0,0,0,2,,,0,,,,,,Wellington Region,Bridge,2-way,Sealed,,0,0,,50,,Null,0,0,,46,Lower Hutt City,Nil,,,,,0,0,Urban,1,,,Fine,Null
1756752,5916996,10125,,518201,0,,0,1,,South,2009/2010,ASHTON ROAD,VALLEY ROAD,,Non-Injury Crash,No,2009,,North,,0,,Flat,,,,,,Bright sun,547700,0,0,0,1,,,0,,,,,,Auckland Region,Nil,2-way,Sealed,,0,0,,50,,Null,0,0,,76,Auckland,Nil,,,,,1,0,Urban,0,,,Fine,Null
1744494,5915422,10126,,513013,0,0,0,2,0,West,2009/2010,HINDMARSH ST,WALLY NOLA PLACE,,Non-Injury Crash,No,2009,0,West,0,0,0,Flat,0,Labour Weekend,0,,0,Overcast,281515,0,0,0,2,0,0,0,0,1,,0,0,Auckland Region,Nil,2-way,Sealed,0,0,0,0,50,0,Off,0,0,,76,Auckland,Nil,0,0,0,0,0,0,Urban,0,0,0,Fine,Null
1768894,5880751,10127,,525922,0,,0,2,,Null,2008/2009,EDINBURGH ST,HARRIS ST,,Non-Injury Crash,No,2009,,East,,0,,Flat,,,,,,Bright sun,824100,0,0,0,2,,,0,,,,,,Auckland Region,Nil,2-way,Sealed,,0,0,,50,,Off,0,0,,76,Auckland,Give way,,,,,0,0,Urban,0,,,Fine,Null
1756376,5918535,10128,,515600,1,,0,1,,Null,2008/2009,IAN MCKINNON DRIVE,MINNIE ST,,Non-Injury Crash,No,2009,,South,,0,,Flat,,,,,,Overcast,419800,0,0,0,2,,,0,,,,,,Auckland Region,Nil,2-way,Sealed,,0,0,,50,,Off,0,0,,76,Auckland,Nil,,,,,0,0,Urban,0,,,Fine,Null
1823927,5893533,10129,,533604,0,0,0,0,0,South,2009/2010,SH 25,LOCKHART PLACE,,Non-Injury Crash,Yes,2009,0,South,1,0,0,Flat,0,,0,,0,Dark,1057201,0,0,0,2,0,0,0,0,0,,0,0,Waikato Region,Nil,2-way,Sealed,0,0,0,0,100,0,None,0,0,,11,Thames-Coromandel District,Unknown,0,0,0,0,0,0,Open,1,0,0,Fine,Null
1664530,5460056,10130,,580446,0,0,0,1,0,North,2008/2009,CROISILLES-FRENCH PASS RO,BILL BRYANTS ROAD,,Non-Injury Crash,No,2009,0,South,0,0,0,Hill Road,0,,0,,0,Twilight,2285703,0,0,0,2,0,0,0,1,0,,0,0,Marlborough Region,Nil,2-way,Unsealed,0,0,0,0,100,0,None,0,0,,53,Marlborough District,Nil,0,0,0,1,0,0,Open,0,0,0,Light rain,Null
1803506,5790979,10131,,531002,0,0,0,2,0,Null,2008/2009,MAHOE ST,TAWHIAO ST,,Non-Injury Crash,No,2009,0,South,0,0,0,Hill Road,0,,0,,0,Bright sun,969601,0,0,0,2,0,0,0,0,1,,0,0,Waikato Region,Nil,2-way,Sealed,0,0,0,0,50,0,Off,0,0,,17,Waipa District,Nil,0,0,0,0,0,0,Urban,0,0,0,Fine,Null
1671835,6081390,10132,,501700,0,,0,1,,East,2009/2010,ORRS ROAD,MONUMENT ROAD,,Non-Injury Crash,No,2009,,South,,0,,Flat,,,,,,Bright sun,41200,0,0,0,2,,,0,,,,,,Northland Region,Nil,2-way,Sealed,,0,0,,50,,Null,1,0,,1,Far North District,Unknown,,,,,0,0,Urban,0,,,Fine,Null
1727396,5924465,10133,,506655,0,,0,0,,North,2009/2010,COAST ROAD,MOTUTARA ROAD,,Non-Injury Crash,No,2009,,North,,0,,Hill Road,,,,,,Bright sun,218801,0,0,0,1,,,0,,,,,,Auckland Region,Nil,2-way,Unsealed,,0,0,,50,,None,1,0,,76,Auckland,Nil,,,,,0,0,Urban,0,,,Fine,Null
1767445,5905809,10134,,522302,0,,0,2,,North,2009/2010,SH 1N,TE IRIRANGI OBR,,Non-Injury Crash,Yes,2009,,North,,0,,Flat,,,,,,Overcast,670902,0,0,0,3,,,0,,,,,,Auckland Region,Nil,1-way,Sealed,,0,0,,100,,Null,0,0,,76,Auckland,Unknown,,,,,0,0,Open,0,,,Light rain,Null
1764765,5905770,10135,,522202,0,,0,2,,Null,2009/2010,ST GEORGE ST,SHIRLEY ROAD,,Non-Injury Crash,No,2009,,West,,0,,Flat,,,,,,Overcast,663300,0,0,0,2,,,0,,,,,,Auckland Region,Nil,2-way,Sealed,,0,0,,50,,Null,0,0,,76,Auckland,Traffic Signals,,,,,0,0,Urban,0,,,Fine,Null
1876485,5815120,10136,,536630,0,0,0,1,1,North,2008/2009,OROPI ROAD,WARNER ROAD,,Non-Injury Crash,No,2009,0,North,0,0,0,Flat,0,,0,,0,Bright sun,1193501,0,0,0,2,0,0,0,0,0,,0,0,Bay of Plenty Region,Nil,2-way,Sealed,0,0,0,0,100,0,Null,0,0,,22,Western Bay of Plenty District,Unknown,0,0,0,0,0,0,Open,0,0,0,Fine,Null
1747590,5919515,10137,,512300,0,,0,2,,East,2009/2010,SH 16,TE ATATU ON EBD EAST,,Non-Injury Crash,Yes,2009,,East,,0,,Flat,,,,,,Bright sun,252000,0,0,0,3,,,0,,,,,,Auckland Region,Motorway ramp,1-way,Sealed,,0,0,,100,,Off,0,0,,76,Auckland,Nil,,,,,0,0,Open,0,,,Fine,Null
1286366,4886842,10138,,610230,0,,0,2,,Null,2008/2009,IRK ST,FAIRFIELD ST,,Non-Injury Crash,No,2009,,East,,0,,Flat,,,,,,Bright sun,3061100,0,0,0,2,,,0,,,,,,Southland Region,Nil,2-way,Sealed,,0,0,,50,,Null,0,0,,74,Gore District,Stop,,,,,0,0,Urban,0,,,Fine,Null
1756429,5919496,10139,,514000,0,0,0,2,0,North,2008/2009,HOWE ST,HOPETOUN ST,,Non-Injury Crash,No,2009,0,North,0,0,0,Hill Road,0,Queens Birthday,0,,0,Dark,413900,0,0,0,2,0,0,0,0,1,,0,0,Auckland Region,Nil,2-way,Sealed,0,0,0,0,50,0,On,0,1,,76,Auckland,Nil,0,0,0,0,0,0,Urban,0,0,0,Light rain,Null
1730922,6020037,10140,,501815,0,0,0,1,1,Null,2009/2010,URETITI ROAD,SH 1N,,Non-Injury Crash,Yes,2009,0,North,1,0,0,Flat,0,Christmas New Year,0,,0,Bright sun,80200,0,0,0,2,0,0,0,0,0,,0,0,Northland Region,Nil,2-way,Sealed,0,0,0,0,100,0,Null,0,0,,2,Whangarei District,Nil,0,0,0,0,0,0,Open,0,0,0,Fine,Null
1755256,5919719,10141,,515302,0,0,0,1,0,East,2009/2010,DOUGLAS ST,RICHMOND ROAD,,Non-Injury Crash,No,2009,0,West,0,0,1,Flat,0,,0,,0,Dark,432000,0,0,0,2,0,0,0,0,0,,0,0,Auckland Region,Nil,2-way,Sealed,0,0,0,0,50,0,On,0,0,,76,Auckland,Nil,0,0,0,0,0,0,Urban,0,0,0,Fine,Null
1883981.1585,5820516.0071,10142,,536641,0,0,0,1,1,North,2008/2009,WELCOME BAY ROAD,ASHER ROAD,,Non-Injury Crash,No,2009,0,East,0,0,0,Flat,0,Easter,0,,0,Bright sun,1206305,0,0,0,2,0,0,0,0,0,,0,0,Bay of Plenty Region,Nil,2-way,Sealed,0,0,0,0,100,0,Null,0,0,,22,Western Bay of Plenty District,Unknown,0,0,0,0,0,0,Open,0,0,0,Fine,Null
1744883,5918590,10143,,513302,0,,0,1,,Null,2008/2009,FAIRDENE AVENUE,EDWARDS AVENUE,,Non-Injury Crash,No,2009,,North,,0,,Flat,,,,,,Overcast,232300,0,0,0,2,,,0,,,,,,Auckland Region,Nil,2-way,Sealed,,0,0,,50,,Off,0,0,,76,Auckland,Nil,,,,,1,0,Urban,0,,,Light rain,Null
1751578,5933968,10144,,508701,0,0,0,0,0,West,2008/2009,ALBANY HIGHWAY,DAIRY FLAT HIGHWAY,,Non-Injury Crash,No,2009,0,West,0,0,1,Hill Road,0,,0,,0,Dark,178800,0,0,0,4,0,0,0,0,0,,0,0,Auckland Region,Nil,2-way,Sealed,0,0,0,0,70,0,On,0,0,,76,Auckland,Nil,0,0,0,1,0,0,Urban,1,0,0,Fine,Null
1763425,5915384,10145,,520302,0,0,0,2,0,South,2008/2009,HARRIS ROAD,MARUA ROAD,,Non-Injury Crash,No,2009,0,South,0,0,0,Flat,0,,0,,0,Dark,626000,0,0,0,2,0,0,0,0,1,,0,0,Auckland Region,Nil,2-way,Sealed,0,0,0,0,50,0,On,0,0,,76,Auckland,Nil,0,0,0,0,0,0,Urban,0,0,0,Fine,Null
1820935,5530863,10146,,562310,0,,0,2,,West,2008/2009,TREMAINE AVENUE,RANGITIKEI ST,,Non-Injury Crash,No,2009,,East,,0,,Flat,,,,,,Bright sun,1823600,0,0,0,2,,,0,,,,,,Manawatū-Whanganui Region,Nil,2-way,Sealed,,0,0,,50,,Null,0,0,,40,Palmerston North City,Traffic Signals,,,,,0,0,Urban,0,,,Fine,Null
1727319,6011282,10147,,501815,0,,0,1,,Null,2008/2009,DURHAM ROAD,WAIPU GORGE ROAD,,Non-Injury Crash,No,2009,,West,,0,,Flat,,,,,,Dark,81300,0,0,0,1,,,0,,,,,,Northland Region,Nil,2-way,Unsealed,,0,0,,100,,None,0,0,,2,Whangarei District,Nil,,,,,0,0,Open,0,,,Fine,Null
1571771,5179666,10148,,593502,0,,0,1,,Null,2008/2009,TUAM ST,FITZGERALD AVENUE,,Non-Injury Crash,No,2009,,South,,0,,Flat,,,,,,Overcast,2606400,0,0,0,6,,,0,,,,,,Canterbury Region,Nil,2-way,Sealed,,0,0,,50,,Null,1,0,,60,Christchurch City,Traffic Signals,,,,,0,0,Urban,0,,,Heavy rain,Null
1747279,5919591,10149,,512402,0,,0,2,,North,2009/2010,TE ATATU ROAD,TE ATATU ON WBD,,Non-Injury Crash,No,2009,,South,,0,,Flat,,,,,,Dark,253700,0,0,0,3,,,0,,,,,,Auckland Region,Bridge,1-way,Sealed,,0,0,,50,,On,0,0,,76,Auckland,Traffic Signals,,,,,0,0,Urban,0,,,Fine,Null
1767437,5904926,10150,,524604,0,,0,1,,Null,2008/2009,GREAT SOUTH ROAD,TE IRIRANGI DRIVE,,Non-Injury Crash,No,2009,,North,,0,,Flat,,,,,,Overcast,780302,0,1,0,4,,,0,,,,,,Auckland Region,Nil,2-way,Sealed,,0,0,,50,,Null,0,0,,76,Auckland,Traffic Signals,,,,,0,0,Urban,0,,,Fine,Null
1932268,5616163,10151,,545631,0,,0,2,,Null,2008/2009,NAPIER ST,MEEANEE ROAD,,Non-Injury Crash,No,2009,,South,,0,,Flat,,Christmas New Year,,,,Dark,1402600,0,0,0,2,,,0,,,,,,Hawke's Bay Region,Nil,2-way,Sealed,,0,0,,50,,On,0,0,,31,Napier City,Give way,,,,,0,0,Urban,0,,,Fine,Null
1758844,5911506,10152,80,519820,0,,0,1,,Null,2009/2010,SH 20,ONEHUNGA ON SBD,,Non-Injury Crash,Yes,2009,,South,,0,,Flat,,,,,,Dark,602402,0,0,0,2,,,0,,,,,,Auckland Region,Motorway ramp,1-way,Sealed,,0,0,,100,,On,0,0,80,76,Auckland,Nil,,,,,2,0,Open,0,,,Light rain,Null
1749734,5913873,10153,,511303,0,,0,2,,East,2009/2010,TOTARA AVENUE,GREAT NORTH ROAD,,Non-Injury Crash,No,2009,,East,,0,,Hill Road,,,,,,Bright sun,264901,0,0,0,4,,,0,,,,,,Auckland Region,Nil,2-way,Sealed,,0,0,,50,,Off,0,0,,76,Auckland,Nil,,,,,0,0,Urban,0,,,Fine,Null
1565104,5180153,10154,,590100,0,,0,2,,Null,2008/2009,SH 73,PEER ST,,Non-Injury Crash,Yes,2009,,South,,0,,Flat,,,,,,Dark,2542500,0,0,0,6,,,0,,,,,,Canterbury Region,Nil,2-way,Sealed,,0,0,,50,,On,0,0,,60,Christchurch City,Traffic Signals,,,,,0,0,Urban,0,,,Fine,Null
1800674,5818608,10155,,529402,0,0,0,1,0,North,2009/2010,SEFTON CRESCENT,TONGARIRO ST,,Non-Injury Crash,No,2009,0,South,0,0,0,Flat,0,,0,,0,Dark,878501,0,0,0,1,0,0,0,0,0,,0,1,Waikato Region,Nil,2-way,Sealed,0,0,0,0,50,0,On,0,0,,16,Hamilton City,Nil,0,0,0,0,0,0,Urban,0,0,0,Fine,Null
1728167,5941704,10156,,506645,0,,0,2,,North,2009/2010,PARKHURST ROAD,PARAKAI AVENUE,,Non-Injury Crash,No,2009,,North,,0,,Flat,,,,,,Bright sun,210802,0,0,0,2,,,0,,,,,,Auckland Region,Nil,2-way,Sealed,,0,0,,50,,Off,0,0,,76,Auckland,Nil,,,,,0,0,Urban,0,,,Fine,Null
1759102,5916865,10157,,516001,0,,0,2,,North,2009/2010,SH 1N,MARKET OBR,,Non-Injury Crash,Yes,2009,,North,,0,,Flat,,,,,,Dark,491200,0,0,0,3,,,0,,,,,,Auckland Region,Nil,1-way,Sealed,,0,0,,100,,On,1,1,,76,Auckland,Unknown,,,,,0,0,Open,0,,,Fine,Null
1753463,5932537,10158,,508807,0,,0,2,,East,2009/2010,ROSEDALE ROAD,TAWA DRIVE,,Non-Injury Crash,No,2009,,West,,0,,Flat,,,,,,Overcast,180811,0,0,0,2,,,0,,,,,,Auckland Region,Nil,2-way,Sealed,,0,0,,50,,Off,0,0,,76,Auckland,Nil,,,,,0,0,Urban,0,,,Heavy rain,Null
1792963,5727634,10159,,531800,0,,0,1,,South,2009/2010,SH 4,TAINUI ST,,Non-Injury Crash,Yes,2009,,North,,0,,Flat,,,,,,Overcast,1013801,0,0,0,2,,,0,,,,,,Waikato Region,Nil,2-way,Sealed,,0,0,,100,,None,0,0,,20,Waitomo District,Nil,,,,,0,0,Open,1,,,Fine,Null
1771442,5912146,10160,,523106,0,,0,2,,West,2009/2010,CHAPEL ROAD,STELLAMARIS WAY,,Non-Injury Crash,No,2009,,West,,0,,Hill Road,,,,,,Overcast,711156,0,0,0,2,,,0,,,,,,Auckland Region,Nil,2-way,Sealed,,0,0,,70,,Off,1,0,,76,Auckland,Nil,,,,,0,0,Urban,0,,,Light rain,Null
1769860,5914764,10161,,522722,0,,0,2,,South,2008/2009,AVIEMORE DRIVE,PAKURANGA ROAD,,Non-Injury Crash,No,2009,,North,,0,,Flat,,,,,,Overcast,681324,0,0,0,1,,,0,,,,,,Auckland Region,Nil,1-way,Sealed,,0,0,,50,,Off,0,0,,76,Auckland,Give way,,,,,0,0,Urban,0,,,Fine,Null