X,Y,OBJECTID,advisorySpeed,areaUnitID,bicycle,bridge,bus,carStationWagon,cliffBank,crashDirectionDescription,crashFinancialYear,crashLocation1,crashLocation2,crashRoadSideRoad,crashSeverity,crashSHDescription,crashYear,debris,directionRoleDescription,ditch,fatalCount,fence,flatHill,guardRail,holiday,houseOrBuilding,intersection,kerb,light,meshblockId,minorInjuryCount,moped,motorcycle,NumberOfLanes,objectThrownOrDropped,otherObject,otherVehicleType,overBank,parkedVehicle,pedestrian,phoneBoxEtc,postOrPole,region,roadCharacter,roadLane,roadSurface,roadworks,schoolBus,seriousInjuryCount,slipOrFlood,speedLimit,strayAnimal,streetLight,suv,taxi,temporarySpeedLimit,tlaId,tlaName,trafficControl,trafficIsland,trafficSign,train,tree,truck,unknownVehicleType,urban,vanOrUtility,vehicle,waterRiver,weatherA,weatherB
1618992,5425894,10162,,583900,0,,0,2,,Null,2009/2010,MAIN ROAD STOKE,POLSTEAD ROAD,,Non-Injury Crash,No,2009,,South,,0,,Flat,,,,,,Overcast,2344200,0,0,0,2,,,0,,,,,,Nelson Region,Nil,2-way,Sealed,,0,0,,50,,Null,0,0,,52,Nelson City,Give way,,,,,0,0,Urban,0,,,Fine,Null
1818952,5533413,10163,,561811,0,0,0,1,0,South,2008/2009,SH 3,KAIRANGA-BUNNYTHORPE ROAD,,Non-Injury Crash,Yes,2009,0,South,0,0,1,Flat,0,,0,,0,Bright sun,1794400,0,0,0,2,0,0,0,0,0,,0,0,Manawatū-Whanganui Region,Nil,2-way,Sealed,0,0,0,0,100,0,Null,0,0,,40,Palmerston North City,Nil,0,0,0,1,0,0,Open,0,0,0,Fine,Null
1798855,5597263,10164,,558300,0,0,0,1,1,North,2009/2010,SH 4,BURRELL ROAD,,Non-Injury Crash,Yes,2009,0,South,0,0,0,Hill Road,0,,0,,0,Overcast,1683700,0,0,0,2,0,0,0,0,0,,0,0,Manawatū-Whanganui Region,Nil,2-way,Sealed,0,0,0,0,100,0,Null,0,0,,37,Whanganui District,Nil,0,0,0,0,0,0,Open,0,0,0,Heavy rain,Null
1754755,5920871,10165,,515301,0,0,0,2,0,Null,2008/2009,JERVOIS ROAD,WANGANUI AVENUE,,Non-Injury Crash,No,2009,0,West,0,0,0,Flat,0,,0,,0,Dark,427600,0,0,0,2,0,0,0,0,1,,0,0,Auckland Region,Nil,2-way,Sealed,0,0,0,0,50,0,On,0,0,,76,Auckland,Nil,0,0,0,0,0,0,Urban,0,0,0,Fine,Null
1804303,5805273,10166,,527915,0,,0,2,,Null,2009/2010,SH 3,SH 21,,Non-Injury Crash,Yes,2009,,South,,0,,Flat,,,,,,Bright sun,984900,0,0,0,2,,,0,,,,,,Waikato Region,Nil,1-way,Sealed,,0,0,,100,,Off,0,0,,17,Waipa District,Give way,,,,,0,0,Open,0,,,Fine,Null
1749430,5913916,10167,,511302,0,,0,3,,Null,2009/2010,RATA ST,GREAT NORTH ROAD,,Non-Injury Crash,No,2009,,East,,0,,Flat,,,,,,Dark,268900,0,0,0,2,,,0,,,,,,Auckland Region,Nil,2-way,Sealed,,0,0,,50,,On,0,0,,76,Auckland,Traffic Signals,,,,,0,0,Urban,0,,,Fine,Null
1758844,5911928,10168,,519820,0,,0,2,,Null,2009/2010,SELWYN ST,PRINCES ST,,Non-Injury Crash,No,2009,,North,,0,,Flat,,,,,,Bright sun,602300,0,0,0,2,,,0,,,,,,Auckland Region,Nil,2-way,Sealed,,0,0,,50,,Off,0,0,,76,Auckland,Traffic Signals,,,,,0,0,Urban,0,,,Fine,Null
1772244,5895215,10169,,525540,0,,0,1,,East,2008/2009,BEACH ROAD,ELLIOT ST,,Non-Injury Crash,No,2009,,East,,0,,Flat,,,,,,Bright sun,805902,0,0,0,2,,,0,,,,,,Auckland Region,Nil,2-way,Sealed,,0,0,,50,,Off,0,0,,76,Auckland,Nil,,,,,1,0,Urban,0,,,Fine,Null
1750615,5915476,10170,,514802,0,,0,2,,West,2009/2010,ASH ST,ROSEBANK ROAD,,Non-Injury Crash,No,2009,,West,,0,,Flat,,,,,,Overcast,386600,0,0,0,4,,,0,,,,,,Auckland Region,Nil,2-way,Sealed,,0,0,,50,,Off,0,0,,76,Auckland,Nil,,,,,0,0,Urban,0,,,Fine,Null
1769009,5468641,10171,,566000,0,,0,2,,South,2009/2010,SH 1N,KAPITI ROAD,,Non-Injury Crash,Yes,2009,,North,,0,,Flat,,,,,,Overcast,2003709,0,0,0,4,,,0,,,,,,Wellington Region,Nil,2-way,Sealed,,0,0,,50,,Null,0,0,,43,Kapiti Coast District,Nil,,,,,0,0,Urban,0,,,Fine,Null
2029802,5706403,10172,,544002,0,,0,2,,South,2008/2009,DUNSTAN ROAD,MCDONALD ROAD,,Non-Injury Crash,No,2009,,North,,0,,Flat,,,,,,Dark,1361400,0,0,0,2,,,0,,,,,,Gisborne Region,Nil,2-way,Sealed,,0,0,,50,,On,0,0,,28,Gisborne District,Nil,,,,,0,0,Urban,0,,,Fine,Null
2037181,5708062,10173,,544600,0,0,0,1,0,South,2009/2010,PEEL ST,CHILDERS ROAD,,Non-Injury Crash,No,2009,0,South,0,0,0,Flat,0,,0,,0,Bright sun,1371200,0,0,0,2,0,0,0,0,1,,0,0,Gisborne Region,Nil,2-way,Sealed,0,0,0,0,50,0,Null,0,0,,28,Gisborne District,Nil,0,0,0,0,0,0,Urban,1,0,0,Fine,Null
1756134,5921000,10174,,515202,0,,2,0,,South,2009/2010,SH 1N,FANSHAWE OFF SBD,,Non-Injury Crash,Yes,2009,,South,,0,,Flat,,,,,,Overcast,425600,0,0,0,4,,,0,,,,,,Auckland Region,Nil,1-way,Sealed,,1,0,,80,,Off,0,0,,76,Auckland,Nil,,,,,0,0,Open,0,,,Heavy rain,Null
1725017,6042117,10175,55,501818,0,0,0,1,0,East,2008/2009,WHANGAREI HEADS ROAD,WAIKARAKA ROAD,,Non-Injury Crash,No,2009,0,West,0,0,0,Flat,0,,0,,0,Overcast,73400,0,0,0,2,0,0,0,1,0,,0,0,Northland Region,Nil,2-way,Sealed,0,0,0,0,100,0,None,0,0,,2,Whangarei District,Nil,0,0,0,0,0,0,Open,0,0,1,Light rain,Null
1758971,5920416,10176,,515902,0,,0,1,,Null,2009/2010,SH 16,GLADSTONE ROAD,,Non-Injury Crash,Yes,2009,,South,,0,,Flat,,,,,,Bright sun,453200,0,0,0,2,,,0,,,,,,Auckland Region,Nil,2-way,Sealed,,0,0,,50,,Null,0,0,,76,Auckland,Give way,,,,,1,0,Urban,0,,,Fine,Null
1757400,5920943,10177,,514101,0,,0,1,,Null,2009/2010,ALBERT ST,CUSTOMS ST WEST,,Non-Injury Crash,No,2009,,North,,0,,Hill Road,,,,,,Dark,432800,0,0,0,5,,,0,,,1,,,Auckland Region,Nil,2-way,Sealed,,0,0,,50,,On,0,0,,76,Auckland,Traffic Signals,,,,,0,0,Urban,0,,,Fine,Null
1884687,5774233,10178,,540410,0,,0,2,,Null,2009/2010,ARAWA ST,PUKEROA ST,,Non-Injury Crash,No,2009,,East,,0,,Hill Road,,,,,,Overcast,1233200,0,0,0,4,,,0,,,,,,Bay of Plenty Region,Nil,2-way,Sealed,,0,0,,50,,Null,0,0,,24,Rotorua District,Give way,,,,,0,0,Urban,0,,,Light rain,Null
1843416,5805031,10179,65,535242,0,,0,1,,North,2009/2010,SH 27,TAIHOA SOUTH ROAD,,Non-Injury Crash,Yes,2009,,South,,0,,Hill Road,,,,,,Dark,1115901,0,0,0,2,,,0,,,,,,Waikato Region,Nil,2-way,Sealed,,0,0,,100,,None,0,0,,15,Matamata-Piako District,Unknown,,,,,1,0,Open,0,,,Fine,Null
1796111,5693764,10180,,532902,0,0,0,2,0,East,2008/2009,SH 4,MARAE ST,,Non-Injury Crash,Yes,2009,0,West,0,0,0,Flat,0,,0,,0,Bright sun,1034900,0,0,0,2,0,0,0,0,1,,0,0,Manawatū-Whanganui Region,Nil,2-way,Sealed,0,0,0,0,50,0,Null,0,0,,36,Ruapehu District,Nil,0,0,0,0,0,0,Urban,0,0,0,Fine,Null
1825810,5675132,10181,,532601,0,0,0,0,0,East,2008/2009,SH 47,SH 46,,Non-Injury Crash,Yes,2009,0,West,0,0,0,Flat,0,Christmas New Year,0,,0,Dark,1029001,0,0,0,2,0,0,0,0,0,,0,0,Manawatū-Whanganui Region,Nil,2-way,Sealed,0,0,0,0,100,0,None,1,0,,36,Ruapehu District,Nil,0,0,0,0,0,0,Open,0,0,0,Fine,Null
1768582,5468506,10182,,566000,0,,0,2,,North,2008/2009,RIMU ROAD,IHAKARA ST,,Non-Injury Crash,No,2009,,West,,0,,Flat,,,,,,Overcast,2003709,0,0,0,3,,,0,,,,,,Wellington Region,Nil,2-way,Sealed,,0,0,,50,,Null,0,0,,43,Kapiti Coast District,Unknown,,,,,0,0,Urban,0,,,Fine,Null
1795754,5827741,10183,65,527123,0,0,0,1,1,North,2008/2009,HOWARD ROAD,LAKE ROAD,,Non-Injury Crash,No,2009,0,South,0,0,0,Flat,0,,0,,0,Overcast,952800,0,0,0,2,0,0,0,0,0,,0,0,Waikato Region,Nil,2-way,Sealed,0,0,0,0,100,0,None,0,0,,13,Waikato District,Nil,0,0,0,0,0,0,Open,0,0,0,Light rain,Null
1768082,5900493,10184,,525101,0,,0,2,,Null,2009/2010,WEYMOUTH ROAD,COXHEAD ROAD,,Non-Injury Crash,No,2009,,South,,0,,Hill Road,,,,,,Twilight,771200,0,0,0,2,,,0,,,,,,Auckland Region,Nil,2-way,Sealed,,0,0,,50,,Off,0,1,,76,Auckland,Give way,,,,,0,0,Urban,0,,,Fine,Null
1718768,6048699,10185,,502300,0,,0,2,,Null,2008/2009,KAMO ROAD,WHAU VALLEY ROAD,,Non-Injury Crash,No,2009,,South,,0,,Flat,,,,,,Overcast,89400,0,0,0,4,,,0,,,,,,Northland Region,Nil,2-way,Sealed,,0,0,,50,,Off,0,0,,2,Whangarei District,Traffic Signals,,,,,0,0,Urban,0,,,Light rain,Null
1744173,5920077,10186,,513632,0,,0,2,,Null,2008/2009,SHALE AVENUE,SUNLINE AVENUE,,Non-Injury Crash,No,2009,,East,,0,,Flat,,,,,,Twilight,228900,0,0,0,2,,,0,,,,,,Auckland Region,Nil,2-way,Sealed,,0,0,,50,,On,0,0,,76,Auckland,Nil,,,,,0,0,Urban,0,,,Fine,Null
1807223,5453667,10187,,579501,0,0,0,0,0,North,2009/2010,WATERSONS LINE,SWAMP ROAD,,Non-Injury Crash,No,2009,0,West,0,0,0,Flat,0,,0,,0,Bright sun,2261500,0,0,0,2,0,0,0,0,0,,0,0,Wellington Region,Rail xing,2-way,Sealed,0,0,0,0,100,0,Null,1,0,,49,Carterton District,Stop,0,0,1,0,0,0,Open,0,0,0,Fine,Null
1737043,5932766,10188,,506653,0,0,0,0,0,East,2009/2010,OLD NORTH ROAD,ARARIMU VALLEY ROAD,,Non-Injury Crash,No,2009,0,East,0,0,0,Hill Road,0,,0,,0,Overcast,217000,0,0,0,2,0,0,0,0,0,,0,0,Auckland Region,Nil,2-way,Sealed,0,0,0,0,80,0,None,0,0,,76,Auckland,Nil,0,0,0,1,1,0,Open,0,0,0,Fine,Null
1761973,5913926,10189,,520202,0,,0,2,,North,2009/2010,SH 1N,PENROSE OBR,,Non-Injury Crash,Yes,2009,,South,,0,,Flat,,,,,,Overcast,612800,0,0,0,3,,,0,,,,,,Auckland Region,Nil,1-way,Sealed,,0,0,,100,,Off,0,0,,76,Auckland,Nil,,,,,1,0,Open,0,,,Light rain,Null
1756247,5919257,10190,,514200,0,,0,2,,Null,2009/2010,KARANGAHAPE ROAD,PONSONBY ROAD,,Non-Injury Crash,No,2009,,South,,0,,Flat,,,,,,Twilight,411700,0,0,0,3,,,0,,,,,,Auckland Region,Nil,2-way,Sealed,,0,0,,50,,Off,0,0,,76,Auckland,Traffic Signals,,,,,0,0,Urban,0,,,Fine,Null
1801935,5814613,10191,,530200,0,,0,2,,North,2008/2009,GREY ST,COOK ST,,Non-Injury Crash,No,2009,,South,,0,,Flat,,,,,,Overcast,893100,0,0,0,2,,,0,,,,,,Waikato Region,Nil,2-way,Sealed,,0,0,,50,,Null,0,0,,16,Hamilton City,Unknown,,,,,0,0,Urban,0,,,Fine,Null
1822891,5878260,10192,,533902,0,,0,2,,East,2008/2009,SH 25,BUSH ROAD,,Non-Injury Crash,Yes,2009,,West,,0,,Flat,,,,,,Dark,1062000,0,0,0,2,,,0,,,,,,Waikato Region,Nil,2-way,Sealed,,0,0,,100,,None,0,0,,12,Hauraki District,Nil,,,,,0,0,Open,0,,,Fine,Null
1757515,5920902,10193,,514101,0,0,0,1,0,Null,2008/2009,CUSTOMS ST EAST,QUEEN ST,,Non-Injury Crash,No,2009,0,East,0,0,0,Flat,0,,0,,0,Bright sun,432900,0,0,0,5,0,0,0,0,0,,0,0,Auckland Region,Nil,2-way,Sealed,0,0,0,0,50,0,Off,0,0,,76,Auckland,Traffic Signals,0,0,0,0,0,0,Urban,1,1,0,Fine,Null
1884986,5774113,10194,,540410,0,0,0,1,0,Null,2009/2010,HAUPAPA ROAD,TUTANEKAI ST,,Non-Injury Crash,No,2009,0,South,0,0,0,Flat,0,,0,,0,Bright sun,1233300,0,0,0,2,0,0,0,0,1,,0,0,Bay of Plenty Region,Nil,2-way,Sealed,0,0,0,0,50,0,Null,0,0,,24,Rotorua District,Give way,1,0,0,0,0,0,Urban,0,0,0,Fine,Null
1757411,5919150,10195,,514301,0,,0,2,,South,2009/2010,GRAFTON ON SBD,GRAFTON OBR,,Non-Injury Crash,Yes,2009,,South,,0,,Hill Road,,,,,,Bright sun,441200,0,0,0,3,,,0,,,,,,Auckland Region,Motorway ramp,1-way,Sealed,,0,0,,80,,Off,0,0,,76,Auckland,Nil,,,,,0,0,Open,0,,,Fine,Null
1752772,5912982,10196,,518901,0,0,0,2,0,South,2008/2009,BOUNDARY ROAD,TERRY ST,,Non-Injury Crash,No,2009,0,South,0,0,0,Hill Road,0,,0,,0,Bright sun,586400,0,0,0,2,0,0,0,0,1,,0,0,Auckland Region,Nil,2-way,Sealed,0,0,0,0,50,0,Null,0,0,,76,Auckland,Unknown,0,0,0,0,0,0,Urban,0,0,0,Fine,Null
1819756,5530217,10197,,562310,0,,0,2,,West,2009/2010,TREMAINE AVENUE,DOWNING ST,,Non-Injury Crash,No,2009,,East,,0,,Flat,,,,,,Overcast,1821800,0,0,0,2,,,0,,,,,,Manawatū-Whanganui Region,Nil,2-way,Sealed,,0,0,,50,,Null,0,0,,40,Palmerston North City,Nil,,,,,0,0,Urban,0,,,Fine,Null
1771087,5914686,10198,,521601,0,,0,2,,Null,2009/2010,RIDGE ROAD,VINCENT ST,,Non-Injury Crash,No,2009,,South,,0,,Flat,,,,,,Overcast,646500,0,0,0,2,,,0,,,,,,Auckland Region,Nil,2-way,Sealed,,0,0,,50,,Null,0,0,,76,Auckland,Give way,,,,,0,0,Urban,0,,,Fine,Null
1759573,5909748,10199,,524002,0,,0,2,,South,2008/2009,SH 20,RIMU OBR,,Non-Injury Crash,Yes,2009,,North,,0,,Flat,,,,,,Overcast,722301,0,0,0,2,,,0,,,,,,Auckland Region,Nil,1-way,Sealed,,0,0,,100,,Off,0,0,,76,Auckland,Nil,,,,,1,0,Open,0,,,Mist or Fog,Null
1868119,5710393,10200,,541760,0,,0,2,,Null,2008/2009,LAKE TERRACE,MATUKU ST,,Non-Injury Crash,No,2009,,South,,0,,Flat,,,,,,Bright sun,1266501,0,0,0,2,,,0,,,,,,Waikato Region,Nil,2-way,Sealed,,0,0,,50,,Null,0,0,,21,Taupo District,Give way,,,,,1,0,Urban,0,,,Fine,Null
1756202,5930435,10201,,507500,0,0,0,1,0,South,2009/2010,FORREST HILL ROAD,EAST COAST ROAD,,Non-Injury Crash,No,2009,0,South,0,0,1,Hill Road,0,,1,,0,Dark,148801,0,0,0,2,0,0,0,0,0,,0,0,Auckland Region,Nil,2-way,Sealed,0,0,0,0,50,0,On,0,0,,76,Auckland,Nil,0,0,0,1,0,0,Urban,0,0,0,Fine,Null
1770005,5904679,10202,,523712,0,,0,1,,East,2009/2010,REDOUBT ROAD,HILLTOP ROAD,,Non-Injury Crash,No,2009,,East,,0,,Flat,,Labour Weekend,,,,Overcast,716300,0,0,0,2,,,0,,,,,,Auckland Region,Nil,2-way,Sealed,,0,0,,70,,Off,0,0,,76,Auckland,Nil,,,,,0,0,Urban,1,,,Null,Null
1719661,6046824,10203,,502800,0,0,0,1,0,Null,2009/2010,MANSE ST,BANK ST,,Non-Injury Crash,No,2009,0,East,0,0,0,Flat,0,,0,,0,Overcast,97000,0,0,0,3,0,0,0,0,0,,0,0,Northland Region,Nil,2-way,Sealed,0,0,0,0,50,0,Off,0,0,,2,Whangarei District,Traffic Signals,0,1,0,0,0,0,Urban,0,0,0,Light rain,Null
1769329,5911455,10204,,523113,0,,0,2,,Null,2008/2009,TI RAKAU DRIVE,BURSWOOD DRIVE,,Non-Injury Crash,No,2009,,West,,0,,Flat,,,,,,Dark,711703,0,0,0,3,,,0,,,,,,Auckland Region,Nil,2-way,Sealed,,0,0,,50,,On,0,0,,76,Auckland,Traffic Signals,,,,,0,0,Urban,0,,,Light rain,Null
2035386,5710841,10205,,544900,0,0,0,1,0,East,2008/2009,STOUT ST,LYTTON ROAD,,Non-Injury Crash,No,2009,0,East,0,0,0,Flat,0,,0,,0,Dark,1376000,0,0,0,2,0,0,0,0,0,,0,1,Gisborne Region,Nil,2-way,Sealed,0,0,0,0,50,0,On,0,0,,28,Gisborne District,Nil,0,0,0,0,0,0,Urban,0,0,0,Light rain,Null
1748641,5969773,10206,,505500,0,,0,2,,Null,2009/2010,SH 1N,WOODCOCKS ROAD,,Non-Injury Crash,Yes,2009,,South,,0,,Flat,,,,,,Dark,140500,0,0,0,2,,,0,,,,,,Auckland Region,Nil,2-way,Sealed,,0,0,,60,,On,0,0,,76,Auckland,Give way,,,,,0,0,Urban,0,,,Fine,Null
1752632,5931076,10207,,508803,0,0,0,1,0,South,2008/2009,UNSWORTH DRIVE,SH 18,,Non-Injury Crash,No,2009,0,South,0,0,0,Hill Road,0,,0,,0,Bright sun,180856,0,0,0,1,0,0,0,0,0,,0,0,Auckland Region,Nil,1-way,Sealed,0,0,0,0,50,0,Null,0,0,,76,Auckland,Unknown,0,0,0,1,0,0,Urban,0,0,0,Fine,Null
1756543,5937375,10208,,506903,0,0,0,1,0,Null,2008/2009,BEACH ROAD,DEEP CREEK ROAD,,Non-Injury Crash,No,2009,0,East,0,0,1,Hill Road,0,,0,,0,Dark,169400,0,0,0,2,0,0,0,0,0,,0,0,Auckland Region,Nil,2-way,Sealed,0,0,0,0,50,0,On,0,0,,76,Auckland,Give way,0,0,0,1,0,0,Urban,0,0,0,Fine,Null
1745169,5924422,10209,,513431,0,0,0,1,0,East,2008/2009,HOBSONVILLE ROAD,LUCKENS ROAD,,Non-Injury Crash,No,2009,0,East,0,0,0,Flat,0,,0,,0,Bright sun,223802,0,0,0,2,0,0,0,0,1,,0,0,Auckland Region,Nil,2-way,Sealed,0,0,0,0,50,0,Null,1,0,,76,Auckland,Unknown,0,0,0,0,0,0,Urban,0,0,0,Fine,Null
1823568,5463194,10210,,578600,0,,0,0,,Null,2009/2010,SH 2,RENALL ST,,Non-Injury Crash,Yes,2009,,North,,0,,Flat,,,,,,Bright sun,2243000,0,0,0,2,,,0,,,,,,Wellington Region,Nil,2-way,Sealed,,0,0,,50,,Null,0,0,,48,Masterton District,Give way,,,,,0,0,Urban,2,,,Fine,Null
1774419,5579040,10211,,556800,0,,0,2,,Null,2008/2009,HARRISON ST,LONDON ST,,Non-Injury Crash,No,2009,,East,,0,,Flat,,,,,,Bright sun,1702900,0,0,0,2,,,0,,,,,,Manawatū-Whanganui Region,Nil,2-way,Sealed,,0,0,,50,,Null,0,0,,37,Whanganui District,Give way,,,,,0,0,Urban,0,,,Fine,Null
1869288,5820886,10212,,536620,0,0,0,1,0,South,2009/2010,JUNCTION ROAD,MINDEN ROAD,,Non-Injury Crash,No,2009,0,North,0,0,1,Hill Road,0,,0,,0,Twilight,1189603,0,0,0,2,0,0,0,0,0,,0,0,Bay of Plenty Region,Nil,2-way,Unsealed,0,0,0,0,80,0,None,0,0,,22,Western Bay of Plenty District,Unknown,0,0,0,0,0,0,Open,0,0,0,Fine,Null
1760804,5913910,10213,,519400,0,0,0,1,0,West,2009/2010,ORANGA AVENUE,ROCKFIELD ROAD,,Non-Injury Crash,No,2009,0,South,0,0,0,Flat,0,,0,,0,Bright sun,620300,0,0,0,2,0,0,0,0,1,,0,0,Auckland Region,Nil,2-way,Sealed,0,0,0,0,50,0,Off,0,0,,76,Auckland,Nil,0,0,0,0,1,0,Urban,0,0,0,Null,Null
1882494,5774516,10214,,539400,0,0,0,1,0,West,2009/2010,VIEW ROAD,RIRI ST,,Non-Injury Crash,No,2009,0,West,0,0,0,Flat,0,,0,,0,Dark,1224600,0,0,0,2,0,1,0,0,0,,0,0,Bay of Plenty Region,Nil,2-way,Sealed,0,0,0,0,50,0,On,0,0,,24,Rotorua District,Unknown,0,0,0,0,0,0,Urban,0,0,0,Fine,Null
1884545,5772829,10215,,540510,0,0,0,2,0,North,2008/2009,RANOLF ST,GREY ST,,Non-Injury Crash,No,2009,0,North,0,0,0,Flat,0,,0,,0,Overcast,1241500,0,0,0,2,0,0,0,0,1,,0,0,Bay of Plenty Region,Nil,2-way,Sealed,0,0,0,0,50,0,Null,0,0,,24,Rotorua District,Unknown,0,0,0,0,0,0,Urban,0,0,0,Light rain,Null
1759859,5916111,10216,,516002,0,,0,1,,North,2008/2009,SH 1N,GREENLANE ON NBD,,Non-Injury Crash,Yes,2009,,West,,0,,Flat,,,,,,Bright sun,492000,0,0,0,3,,,0,,,,,,Auckland Region,Nil,1-way,Sealed,,0,0,,100,,Off,0,0,,76,Auckland,Nil,,,,,0,0,Open,1,,,Fine,Null
1753841,5931752,10217,,508807,0,,0,2,,South,2009/2010,UPPER HWY ON NBD,SH 1N,,Non-Injury Crash,Yes,2009,,North,,0,,Flat,,,,,,Twilight,180810,0,0,0,2,,,0,,,,,,Auckland Region,Motorway ramp,1-way,Sealed,,0,0,,50,,On,0,0,,76,Auckland,Nil,,,,,0,0,Urban,0,,,Fine,Null
1822333,5529288,10218,,562800,0,,0,1,,West,2008/2009,FERGUSON ST,MORRIS ST,,Non-Injury Crash,No,2009,,East,,0,,Flat,,,,,,Overcast,1829900,0,0,0,2,,,0,,,,,,Manawatū-Whanganui Region,Nil,2-way,Sealed,,0,0,,50,,Null,0,0,,40,Palmerston North City,Nil,,,,,0,0,Urban,1,,,Fine,Null
2037734,5707874,10219,,544801,0,,0,1,,Null,2008/2009,SH 35,ESPLANADE,,Non-Injury Crash,Yes,2009,,West,,0,,Flat,,,,,,Bright sun,1387500,0,0,0,2,,,0,,,,,,Gisborne Region,Nil,2-way,Sealed,,0,0,,50,,Null,0,0,,28,Gisborne District,Stop,,,,,0,0,Urban,1,,,Fine,Null
1768849,5902728,10220,,524602,0,,0,2,,South,2009/2010,SH 1N,MANUKAU OFF NBD,,Non-Injury Crash,Yes,2009,,North,,0,,Flat,,,,,,Overcast,780504,0,0,0,2,,,0,,,,,,Auckland Region,Nil,2-way,Sealed,,0,0,,80,,Off,0,0,,76,Auckland,Nil,,,,,0,0,Open,0,,,Fine,Null
1750316,5432592,10221,,574304,0,,0,2,,Null,2008/2009,CASHMERE AVENUE,DELHI CRESCENT,,Non-Injury Crash,No,2009,,South,,0,,Hill Road,,,,,,Bright sun,2089400,0,0,0,2,,,0,,,,,,Wellington Region,Nil,2-way,Sealed,,0,0,,50,,Null,0,0,,47,Wellington City,Give way,,,,,0,0,Urban,0,,,Fine,Null
1756679,5919909,10222,,514102,0,,0,2,,Null,2008/2009,NELSON OFF NBD,UNION ST E,,Non-Injury Crash,No,2009,,North,,0,,Flat,,,,,,Bright sun,435500,0,0,0,4,,,0,,,,,,Auckland Region,Motorway ramp,1-way,Sealed,,0,0,,50,,Off,0,0,,76,Auckland,Traffic Signals,,,,,0,0,Urban,0,,,Fine,Null
1763998,5915036,10223,,520303,0,0,0,0,0,West,2009/2010,ELLERSLIE-PANMURE HIGHWAY,BARRACK ROAD,,Non-Injury Crash,No,2009,0,West,0,0,1,Flat,0,,0,,0,Bright sun,626802,0,0,0,4,0,0,0,0,0,,0,0,Auckland Region,Nil,2-way,Sealed,0,0,0,0,50,0,Off,0,0,,76,Auckland,Nil,0,0,0,0,1,0,Urban,0,0,0,Fine,Null
1679506,6022863,10224,,504600,0,,0,2,,Null,2009/2010,SH 12,VICTORIA ST E,,Non-Injury Crash,Yes,2009,,North,,0,,Flat,,,,,,Overcast,113700,0,0,0,2,,,0,,,,,,Northland Region,Nil,2-way,Sealed,,0,0,,50,,Null,0,0,,3,Kaipara District,Stop,,,,,0,0,Urban,0,,,Light rain,Null
1753549,5925823,10225,,508220,0,,0,2,,West,2008/2009,PARK HILL ROAD,GLENFIELD ROAD,,Non-Injury Crash,No,2009,,South,,0,,Hill Road,,,,,,Dark,189600,0,0,0,2,,,0,,,,,,Auckland Region,Nil,2-way,Sealed,,0,0,,50,,On,0,0,,76,Auckland,Nil,,,,,0,0,Urban,0,,,Fine,Null
1719758,6045507,10226,,503100,0,,0,1,,Null,2009/2010,CARRUTH ST,HANNAH ST,,Non-Injury Crash,No,2009,,South,,0,,Flat,,,,,,Bright sun,99904,0,0,0,2,,,0,,,,,,Northland Region,Nil,2-way,Sealed,,0,0,,50,,Off,1,0,,2,Whangarei District,Stop,,,,,0,0,Urban,0,,,Fine,Null
1801648,5549292,10227,,559230,0,0,0,1,0,South,2008/2009,PAREWANUI ROAD,BRANDON HALL ROAD,,Non-Injury Crash,No,2009,0,South,0,0,1,Flat,0,Queens Birthday,0,,0,Dark,1741902,0,0,0,2,0,0,0,0,0,,0,0,Manawatū-Whanganui Region,Nil,2-way,Sealed,0,0,0,0,100,0,None,0,0,,38,Rangitikei District,Nil,0,0,0,0,0,0,Open,0,0,0,Fine,Null
1719186,6002328,10228,,505010,0,0,0,1,0,North,2009/2010,GRIFFIN ROAD,SH 12,,Non-Injury Crash,No,2009,0,South,0,0,1,Hill Road,0,,0,,0,Dark,132300,0,0,0,0,0,0,0,0,0,,0,0,Northland Region,Nil,2-way,Unsealed,0,0,0,0,100,0,None,0,0,,3,Kaipara District,Nil,0,0,0,0,0,0,Open,0,0,0,Light rain,Null
1844102,5802912,10229,,535242,0,,0,1,,Null,2009/2010,SH 27,SH 29 E,,Non-Injury Crash,Yes,2009,,North,,0,,Flat,,,,,,Overcast,1116100,0,0,0,2,,,0,,,,,,Waikato Region,Nil,2-way,Sealed,,0,0,,100,,Null,1,0,,15,Matamata-Piako District,Stop,,,,,0,0,Open,0,,,Fine,Null
1750502,5913724,10230,,511303,0,,0,2,,Null,2009/2010,PORTAGE ROAD,CLARK ST,,Non-Injury Crash,No,2009,,North,,0,,Flat,,Labour Weekend,,,,Bright sun,265300,0,0,0,2,,,0,,,,,,Auckland Region,Nil,2-way,Sealed,,0,0,,50,,Off,0,0,,76,Auckland,Give way,,,,,0,0,Urban,0,,,Fine,Null
1740589,5714448,10231,,531710,0,0,0,1,0,South,2009/2010,SH 3,TE MAHOE ROAD,,Non-Injury Crash,Yes,2009,0,North,0,0,0,Hill Road,0,,0,,0,Dark,1552402,0,0,0,2,0,0,0,0,0,,0,0,Waikato Region,Nil,2-way,Sealed,0,0,0,0,100,0,None,0,0,,20,Waitomo District,Unknown,0,0,0,1,0,0,Open,0,0,0,Fine,Null
1781553,5878869,10232,85,521135,0,0,0,1,0,East,2009/2010,SH 2,MCPHERSON ROAD,,Non-Injury Crash,Yes,2009,0,West,1,0,0,Flat,0,,0,,0,Dark,841900,0,0,0,2,0,0,0,0,0,,0,0,Waikato Region,Nil,2-way,Sealed,0,0,0,0,100,0,None,0,0,,13,Waikato District,Nil,0,0,0,0,0,0,Open,0,0,0,Fine,Null