X,Y,OBJECTID,advisorySpeed,areaUnitID,bicycle,bridge,bus,carStationWagon,cliffBank,crashDirectionDescription,crashFinancialYear,crashLocation1,crashLocation2,crashRoadSideRoad,crashSeverity,crashSHDescription,crashYear,debris,directionRoleDescription,ditch,fatalCount,fence,flatHill,guardRail,holiday,houseOrBuilding,intersection,kerb,light,meshblockId,minorInjuryCount,moped,motorcycle,NumberOfLanes,objectThrownOrDropped,otherObject,otherVehicleType,overBank,parkedVehicle,pedestrian,phoneBoxEtc,postOrPole,region,roadCharacter,roadLane,roadSurface,roadworks,schoolBus,seriousInjuryCount,slipOrFlood,speedLimit,strayAnimal,streetLight,suv,taxi,temporarySpeedLimit,tlaId,tlaName,trafficControl,trafficIsland,trafficSign,train,tree,truck,unknownVehicleType,urban,vanOrUtility,vehicle,waterRiver,weatherA,weatherB
1737682,6043700,10233,,501817,0,0,0,1,0,North,2008/2009,PATAUA SOUTH ROAD,BEASLEY ROAD,,Non-Injury Crash,No,2009,0,North,0,0,0,Hill Road,0,,0,,0,Bright sun,73806,0,0,0,2,0,0,0,1,0,,0,0,Northland Region,Nil,2-way,Sealed,0,0,0,0,100,0,None,0,0,,2,Whangarei District,Nil,0,0,0,0,0,0,Open,0,0,0,Fine,Null
1832850,5852765,10234,,534603,0,0,0,1,0,Null,2008/2009,PAEROA TAHUNA ROAD,AWAITI ROAD,,Non-Injury Crash,No,2009,0,West,0,0,0,Flat,0,,0,,0,Bright sun,1105500,0,0,0,2,0,0,0,0,0,,0,1,Waikato Region,Nil,2-way,Sealed,0,0,0,0,100,0,Off,0,0,,15,Matamata-Piako District,Give way,0,0,0,0,0,0,Open,0,0,0,Fine,Null
1927234,5602249,10235,,545762,0,,0,1,,Null,2009/2010,RAILWAY ROAD SOUTH,LONGLANDS ROAD WEST,,Non-Injury Crash,No,2009,,South,,0,,Flat,,,,,,Overcast,1468200,0,0,0,2,,,0,,,,,,Hawke's Bay Region,Nil,2-way,Sealed,,0,0,,100,,Null,1,0,,30,Hastings District,Give way,,,,,0,0,Open,0,,,Fine,Null
1757037,5921071,10236,,514101,0,,0,0,,West,2008/2009,CUSTOMS ST WEST,MARKET PLACE,,Non-Injury Crash,No,2009,,West,,0,,Flat,,,,,,Bright sun,433004,0,0,0,2,,,0,,,,,,Auckland Region,Nil,2-way,Sealed,,0,0,,50,,Null,1,0,,76,Auckland,Unknown,,,,,1,0,Urban,0,,,Fine,Null
1748797,5424150,10237,,576200,0,,0,2,,South,2008/2009,RINTOUL ST,LUXFORD ST,,Non-Injury Crash,No,2009,,South,,0,,Flat,,,,,,Overcast,2171800,0,0,0,2,,,0,,,,,,Wellington Region,Nil,2-way,Sealed,,0,0,,50,,Null,0,0,,47,Wellington City,Nil,,,,,0,0,Urban,0,,,Fine,Null
1764977,5914725,10238,,520602,0,,0,1,,Null,2008/2009,QUEENS ROAD,JELLICOE ROAD,,Non-Injury Crash,No,2009,,West,,0,,Flat,,,,,,Overcast,628700,0,0,0,2,,,0,,,,,,Auckland Region,Nil,2-way,Sealed,,0,0,,50,,Off,0,0,,76,Auckland,Stop,,,,,1,0,Urban,0,,,Fine,Null
1757431,5919615,10239,,514301,0,,0,3,,East,2009/2010,WHITAKER PLACE,SYMONDS ST,,Non-Injury Crash,No,2009,,East,,0,,Flat,,,,,,Dark,440600,0,0,0,2,,,0,,,,,,Auckland Region,Nil,2-way,Sealed,,0,0,,50,,On,0,0,,76,Auckland,Traffic Signals,,,,,0,0,Urban,0,,,Fine,Null
1773188,5575933,10240,,556000,0,0,0,2,0,Null,2008/2009,Z CPK IMLAY,HEADS/GUNN,,Non-Injury Crash,No,2009,0,West,0,0,0,Flat,0,,0,,0,Bright sun,1716601,0,0,0,0,0,0,0,0,1,,0,0,Manawatū-Whanganui Region,Nil,Off road,Sealed,0,0,0,0,50,0,Null,0,0,,37,Whanganui District,Nil,0,0,0,0,0,0,Urban,0,0,0,Fine,Null
1880921,5829497,10241,,536810,0,,0,2,,North,2008/2009,MAUNGANUI ROAD,SALISBURY AVENUE,,Non-Injury Crash,No,2009,,North,,0,,Flat,,,,,,Twilight,1195600,0,0,0,2,,,0,,,,,,Bay of Plenty Region,Nil,2-way,Sealed,,0,0,,50,,Off,0,0,,23,Tauranga City,Unknown,,,,,0,0,Urban,0,,,Fine,Null
1735269,5908815,10242,,513800,0,,0,1,,East,2009/2010,PIHA ROAD,LONE KAURI ROAD,,Non-Injury Crash,No,2009,,West,,0,,Hill Road,,,,,,Overcast,282007,0,0,0,2,,,0,,,,,,Auckland Region,Nil,2-way,Sealed,,0,0,,100,,Null,1,0,,76,Auckland,Unknown,,,,,0,0,Open,0,,,Mist or Fog,Null
1997221,5668468,10243,,545302,0,,0,0,,South,2008/2009,WHAKAKI LAGOON ROAD,SH 2,,Non-Injury Crash,No,2009,,North,,0,,Flat,,Christmas New Year,,,,Bright sun,1398400,0,0,0,2,,,0,,,,,,Hawke's Bay Region,Nil,2-way,Sealed,,0,0,,100,,Null,0,0,,29,Wairoa District,Nil,,,,,0,0,Open,1,,,Fine,Null
1767697,5894766,10244,,521202,0,0,0,0,0,North,2008/2009,KARAKA NORTH ROAD,WILLIAM POTTER LANE,,Non-Injury Crash,No,2009,0,North,0,0,1,Flat,0,,0,,0,Bright sun,806900,0,0,0,2,0,0,0,0,0,,0,0,Auckland Region,Nil,2-way,Sealed,0,0,0,0,100,0,None,0,0,,76,Auckland,Nil,0,0,0,0,0,0,Open,1,0,0,Fine,Null
1405184,4914245,10245,,604420,0,0,0,1,0,South,2008/2009,LOYALTY ST,HILLSIDE ROAD,,Non-Injury Crash,No,2009,0,South,0,0,0,Flat,0,,0,,0,Overcast,2930200,0,0,0,1,0,0,0,0,1,,0,0,Otago Region,Nil,2-way,Sealed,0,0,0,0,50,0,Null,0,0,,71,Dunedin City,Unknown,0,0,0,0,0,0,Urban,1,0,0,Light rain,Null
1767437,5904926,10246,,524604,0,0,0,1,0,Null,2009/2010,GREAT SOUTH ROAD,TE IRIRANGI DRIVE,,Non-Injury Crash,No,2009,0,North,0,0,0,Flat,0,,0,,0,Dark,780302,0,0,0,4,0,0,0,0,0,,0,0,Auckland Region,Nil,2-way,Sealed,0,0,0,0,70,0,On,0,0,,76,Auckland,Traffic Signals,0,0,0,1,0,0,Urban,0,0,0,Light rain,Null
1753732,5931966,10247,,508807,0,0,0,1,0,North,2008/2009,SH 1N,UPPER HWY ON NBD,,Non-Injury Crash,Yes,2009,0,North,0,0,0,Hill Road,1,,0,,0,Bright sun,180810,0,0,0,2,0,0,0,0,0,,0,0,Auckland Region,Nil,1-way,Sealed,0,0,0,0,100,0,Off,0,0,,76,Auckland,Nil,0,0,0,0,0,0,Open,0,0,0,Fine,Null
1603534,5416225,10248,,581823,0,,0,2,,Null,2008/2009,SH 6,EDWARD ST,,Non-Injury Crash,Yes,2009,,West,,0,,Flat,,,,,,Twilight,2354802,0,0,0,2,,,0,,,,,,Tasman Region,Nil,2-way,Sealed,,0,0,,50,,Off,0,0,,51,Tasman District,Give way,,,,,0,0,Urban,0,,,Fine,Null
1859740,5787484,10249,,535232,0,0,0,1,1,East,2008/2009,SH 5,WAIOHOTU ROAD,,Non-Injury Crash,Yes,2009,0,West,0,0,0,Flat,0,,0,,0,Dark,1127602,0,0,0,2,0,0,0,0,0,,0,0,Waikato Region,Nil,2-way,Sealed,0,0,0,0,100,0,None,0,0,,19,South Waikato District,Unknown,0,0,0,0,0,0,Open,0,0,0,Fine,Frost
1755236,5931647,10250,,508520,0,,0,1,,Null,2009/2010,SUNSET ROAD,ALTAIR PLACE,,Non-Injury Crash,No,2009,,North,,0,,Flat,,,,,,Dark,189705,0,0,0,2,,,0,,,,,,Auckland Region,Nil,2-way,Sealed,,0,0,,50,,On,0,0,,76,Auckland,Nil,,,,,0,0,Urban,0,,,Fine,Null
1763609,5429482,10251,,565300,0,,0,1,,Null,2008/2009,MAIN ROAD,MOOHAN ST,,Non-Injury Crash,No,2009,,North,,0,,Flat,,,,,,Overcast,2023600,0,0,0,2,,,0,,,,,,Wellington Region,Nil,2-way,Sealed,,0,0,,50,,Null,1,0,,46,Lower Hutt City,Give way,,,,,0,0,Urban,0,,,Light rain,Null
1748929,5428514,10252,,573000,0,0,0,2,0,East,2008/2009,WHITMORE ST,FEATHERSTON ST,,Non-Injury Crash,No,2009,0,West,0,0,0,Flat,0,,0,,0,Bright sun,2124300,0,0,0,2,0,0,0,0,1,,0,0,Wellington Region,Nil,2-way,Sealed,0,0,0,0,50,0,Null,0,0,,47,Wellington City,Traffic Signals,0,0,0,0,0,0,Urban,0,0,0,Fine,Null
1766851,5471090,10253,,565903,0,,0,2,,Null,2009/2010,SEAVIEW ROAD,MACLEAN ST,,Non-Injury Crash,No,2009,,West,,0,,Flat,,,,,,Overcast,2002600,0,0,0,2,,,0,,,,,,Wellington Region,Nil,2-way,Sealed,,0,0,,50,,Null,0,0,,43,Kapiti Coast District,Stop,,,,,0,0,Urban,0,,,Fine,Null
1799554,5819658,10254,,529401,0,,0,1,,South,2009/2010,RIVER ROAD,GLEN LYNNE AVENUE,,Non-Injury Crash,No,2009,,North,,0,,Hill Road,,,,,,Overcast,879000,0,0,0,2,,,0,,,,,,Waikato Region,Nil,2-way,Sealed,,0,0,,50,,Off,0,0,,16,Hamilton City,Nil,,,,,2,0,Urban,0,,,Fine,Null
1756210,5928926,10255,,508510,0,0,0,1,0,Null,2008/2009,FORREST HILL ROAD,QUEBEC ROAD,,Non-Injury Crash,No,2009,0,South,0,0,1,Hill Road,0,,0,,0,Dark,195900,0,0,0,2,0,0,0,0,0,,0,0,Auckland Region,Nil,2-way,Sealed,0,0,0,0,50,0,On,0,0,,76,Auckland,Stop,0,0,0,0,0,0,Urban,0,0,0,Fine,Null
1879232,5819792,10256,,537900,0,,0,1,,Null,2009/2010,WELCOME BAY ROAD,SH 29,,Non-Injury Crash,Yes,2009,,West,,0,,Flat,,,,,,Overcast,1178202,0,0,0,2,,,0,,,,,,Bay of Plenty Region,Nil,2-way,Sealed,,0,0,,50,,Null,0,0,,23,Tauranga City,Give way,,,,,0,0,Urban,1,,,Fine,Null
1775873,5882335,10257,,521160,0,0,0,0,0,North,2009/2010,SH 1N,MILL OBR,,Non-Injury Crash,Yes,2009,0,North,0,0,0,Flat,0,,0,,0,Dark,827603,0,0,0,2,0,0,0,0,0,,0,1,Auckland Region,Nil,2-way,Sealed,0,0,0,0,100,0,On,0,0,,76,Auckland,Nil,0,0,0,0,0,0,Open,1,0,0,Light rain,Null
1757515,5920615,10258,15,514103,0,0,0,2,0,South,2009/2010,HIGH ST,SHORTLAND ST,,Non-Injury Crash,No,2009,0,South,0,0,0,Flat,0,,0,,0,Dark,437600,0,0,0,1,0,0,0,0,0,,0,0,Auckland Region,Nil,1-way,Sealed,0,0,0,0,50,0,On,0,1,,76,Auckland,Nil,0,0,0,0,0,0,Urban,0,1,0,Fine,Null
1925321,5599569,10259,,545852,0,,0,1,,Null,2008/2009,SH 2,SH 50A PAKI PAKI,,Non-Injury Crash,Yes,2009,,North,,0,,Flat,,,,,,Bright sun,1469600,0,0,0,2,,,0,,,,,,Hawke's Bay Region,Nil,2-way,Sealed,,0,0,,100,,Null,1,0,,30,Hastings District,Give way,,,,,0,0,Open,0,,,Fine,Null
1744982,5922895,10260,,513530,0,0,0,1,0,East,2009/2010,GRANVILLE DRIVE,WHITE HERON DRIVE,,Non-Injury Crash,No,2009,0,East,0,0,1,Flat,0,,0,,0,Dark,224403,0,0,0,2,0,1,0,0,0,,0,1,Auckland Region,Nil,2-way,Sealed,0,0,0,0,50,0,On,0,0,,76,Auckland,Nil,0,0,0,0,0,0,Urban,0,0,0,Fine,Null
1751439,5424250,10261,,577200,0,,0,1,,Null,2009/2010,SH 1N,WEXFORD ROAD,,Non-Injury Crash,Yes,2009,,North,,0,,Hill Road,,,,,,Overcast,2206300,0,0,0,2,,,0,,,,,,Wellington Region,Nil,2-way,Sealed,,0,0,,70,,Null,1,0,,47,Wellington City,Stop,,,,,0,0,Urban,0,,,Light rain,Null
1718647,6042337,10262,,503900,0,0,0,1,0,West,2009/2010,BOUNTY PLACE,DYER ST,,Non-Injury Crash,No,2009,0,East,0,0,0,Flat,0,,0,,0,Overcast,109104,0,0,0,0,0,0,0,0,1,,0,0,Northland Region,Nil,2-way,Sealed,0,0,0,0,50,0,Off,0,0,,2,Whangarei District,Nil,0,0,0,0,1,0,Urban,0,0,0,Light rain,Null
1947670,5792193,10263,,542511,0,0,0,1,0,East,2008/2009,SH 30,MILL ROAD,,Non-Injury Crash,Yes,2009,0,West,1,0,0,Flat,0,,0,,0,Overcast,1297905,0,0,0,2,0,0,0,0,0,,0,0,Bay of Plenty Region,Nil,2-way,Sealed,0,0,0,0,100,0,Null,0,0,,25,Whakatane District,Unknown,0,0,0,1,0,0,Open,0,0,0,Fine,Null
1768570,5903147,10264,,524602,0,,0,2,,West,2009/2010,MANUKAU OFF NBD,SH 1N,,Non-Injury Crash,Yes,2009,,West,,0,,Flat,,,,,,Bright sun,780508,0,0,0,2,,,0,,,,,,Auckland Region,Motorway ramp,1-way,Sealed,,0,0,,50,,Off,0,0,,76,Auckland,Nil,,,,,0,0,Urban,0,,,Fine,Null
1751297,5933526,10265,,508806,0,1,0,1,0,North,2009/2010,ALBANY HIGHWAY,WHARF ROAD,,Non-Injury Crash,No,2009,0,North,0,0,0,Hill Road,0,,0,,0,Overcast,179803,0,0,0,2,0,0,0,0,0,,0,0,Auckland Region,Nil,2-way,Sealed,0,0,0,0,100,0,None,0,0,,76,Auckland,Nil,0,0,0,0,0,0,Open,0,0,0,Mist or Fog,Null
1691851,5674743,10266,,551700,0,,0,2,,North,2009/2010,TUKAPA ST,DARTMOOR AVENUE,,Non-Injury Crash,No,2009,,South,,0,,Flat,,,,,,Dark,1575200,0,0,0,2,,,0,,,,,,Taranaki Region,Nil,2-way,Sealed,,0,0,,50,,On,0,0,,33,New Plymouth District,Nil,,,,,0,0,Urban,1,,,Light rain,Null
1761324,5906206,10267,,524200,0,,0,2,,Null,2009/2010,MASSEY ROAD,FRIESIAN DRIVE,,Non-Injury Crash,No,2009,,West,,0,,Flat,,,,,,Bright sun,728801,0,0,0,2,,,0,,,,,,Auckland Region,Nil,2-way,Sealed,,0,0,,50,,Off,0,0,,76,Auckland,Nil,,,,,0,0,Urban,1,,,Fine,Null
1842064,5795915,10268,,535250,0,0,0,0,0,North,2009/2010,SH 27,SH 1N,,Non-Injury Crash,Yes,2009,0,South,0,0,0,Flat,0,,0,,0,Dark,1125100,0,0,0,2,0,0,0,0,0,,0,0,Waikato Region,Nil,2-way,Sealed,0,0,0,0,100,0,None,0,0,,19,South Waikato District,Unknown,0,0,0,0,0,0,Open,1,0,0,Fine,Null
1596830,5455415,10269,,581832,0,0,0,1,0,West,2008/2009,SH 60,RIWAKA-SANDY BAY ROAD,,Non-Injury Crash,Yes,2009,0,East,1,0,0,Hill Road,0,,0,,0,Twilight,2366600,0,0,0,2,0,0,0,0,0,,0,0,Tasman Region,Nil,2-way,Sealed,0,0,0,0,100,0,None,0,0,,51,Tasman District,Nil,0,0,0,0,0,0,Open,0,0,0,Fine,Frost
1797321,5817265,10270,,528406,0,,0,1,,Null,2009/2010,AVALON DRIVE,ROTOKAURI ROAD,,Non-Injury Crash,No,2009,,North,,0,,Flat,,,,,,Bright sun,907601,0,0,1,2,,,0,,,,,,Waikato Region,Nil,2-way,Sealed,,0,0,,60,,Off,0,0,,16,Hamilton City,Give way,,,,,0,0,Urban,0,,,Fine,Null
1759414,5910510,10271,,524002,0,,0,1,,East,2009/2010,RIMU OFF SBD,SH 20,,Non-Injury Crash,Yes,2009,,South,,0,,Flat,,,,,,Bright sun,722400,0,0,0,2,,,0,,,,,,Auckland Region,Nil,1-way,Sealed,,0,0,,80,,Off,0,0,,76,Auckland,Nil,,,,,1,0,Open,0,,,Fine,Null
1770679,5912964,10272,,523101,0,0,0,1,0,North,2009/2010,BOTANY ROAD,HEADCORN PLACE,,Non-Injury Crash,No,2009,0,North,0,0,0,Hill Road,0,,0,,0,Overcast,710527,0,0,0,2,0,0,0,0,2,,0,0,Auckland Region,Nil,2-way,Sealed,0,0,0,0,60,0,Off,1,0,,76,Auckland,Nil,0,0,0,0,0,0,Urban,1,0,0,Fine,Null
1768985,5915681,10273,,522730,0,,0,2,,Null,2008/2009,PRINCE REGENT DRIVE,BIRMAN CLOSE,,Non-Injury Crash,No,2009,,South,,0,,Hill Road,,,,,,Dark,679805,0,0,0,2,,,0,,,,,,Auckland Region,Nil,2-way,Sealed,,0,0,,50,,On,0,0,,76,Auckland,Nil,,,,,0,0,Urban,0,,,Fine,Null
1934540,5615566,10274,,545631,0,,0,2,,Null,2008/2009,SANDY ROAD,MEEANEE ROAD,,Non-Injury Crash,No,2009,,North,,0,,Flat,,,,,,Dark,1403700,0,0,0,2,,,0,,,,,,Hawke's Bay Region,Nil,2-way,Sealed,,0,0,,100,,On,0,0,,31,Napier City,Stop,,,,,0,0,Open,0,,,Fine,Null
1627743,5391255,10275,,580450,0,0,0,1,0,West,2009/2010,SH 63,LARKINS ROAD,,Non-Injury Crash,Yes,2009,0,West,0,0,0,Flat,0,,0,,0,Dark,2287400,0,0,0,2,0,0,0,0,0,,0,1,Marlborough Region,Nil,2-way,Sealed,0,0,0,0,100,0,None,0,0,,53,Marlborough District,Nil,0,0,0,0,0,0,Open,0,0,0,Fine,Null
1614920,5424203,10276,,584202,0,,0,1,,North,2008/2009,LOWER QUEEN ST,GLADSTONE ROAD,,Non-Injury Crash,No,2009,,North,,0,,Flat,,,,,,Bright sun,2365503,0,0,0,2,,,0,,,,,,Tasman Region,Nil,2-way,Sealed,,0,0,,50,,Null,1,0,,51,Tasman District,Nil,,,,,0,0,Urban,0,,,Fine,Null
1933854,5602644,10277,,545750,0,0,0,1,0,Null,2009/2010,BROOKVALE ROAD,ROMANES DRIVE,,Non-Injury Crash,No,2009,0,North,0,0,0,Flat,0,,0,,0,Dark,1466202,0,0,0,2,0,0,0,0,0,,0,0,Hawke's Bay Region,Nil,2-way,Sealed,0,0,0,0,50,0,On,0,0,,30,Hastings District,Give way,1,1,0,0,0,0,Urban,0,0,0,Fine,Null
1757375,5920425,10278,,514102,0,,1,1,,West,2008/2009,VICTORIA ST WEST,QUEEN ST,,Non-Injury Crash,No,2009,,East,,0,,Flat,,,,,,Bright sun,434000,0,0,0,4,,,0,,,,,,Auckland Region,Nil,2-way,Sealed,,0,0,,30,,Off,0,0,,76,Auckland,Nil,,,,,0,0,Urban,0,,,Fine,Null
1804652,5814471,10279,,530600,0,0,0,2,0,West,2008/2009,MASTERS AVENUE,MORRIS ROAD,,Non-Injury Crash,No,2009,0,North,0,0,0,Flat,0,,0,,0,Bright sun,885100,0,0,0,2,0,0,0,0,1,,0,0,Waikato Region,Nil,2-way,Sealed,0,0,0,0,50,0,Off,0,0,,16,Hamilton City,Nil,0,0,0,0,0,0,Urban,0,0,0,Fine,Null
1770481,5910437,10280,,523109,0,,0,2,,Null,2009/2010,CHAPEL ROAD,MAGHERA DRIVE,,Non-Injury Crash,No,2009,,South,,0,,Flat,,,,,,Twilight,712010,0,0,0,4,,,0,,,,,,Auckland Region,Nil,2-way,Sealed,,0,0,,70,,Off,0,0,,76,Auckland,Traffic Signals,,,,,0,0,Urban,0,,,Fine,Null
1950648,5790730,10281,,542440,0,,0,2,,East,2008/2009,GOULSTONE ROAD,DOUGLAS ST,,Non-Injury Crash,No,2009,,West,,0,,Flat,,,,,,Bright sun,1308300,0,0,0,2,,,0,,,,,,Bay of Plenty Region,Nil,2-way,Sealed,,0,0,,100,,Off,0,0,,25,Whakatane District,Nil,,,,,0,0,Open,0,,,Fine,Null
1618356,5426128,10282,,581723,0,,0,0,,South,2009/2010,NAYLAND ROAD,HOLCROFT PLACE,,Non-Injury Crash,No,2009,,North,,0,,Flat,,,,,,Bright sun,2359603,0,0,0,2,,,0,,,,,,Nelson Region,Nil,2-way,Unsealed,,0,0,,50,,Null,0,0,,52,Nelson City,Nil,,,,,0,0,Urban,2,,,Fine,Null
1819880,5462526,10283,,578302,0,0,0,2,0,Null,2008/2009,UPPER MANAIA ROAD,NGAUMUTAWA ROAD,,Non-Injury Crash,No,2009,0,South,0,0,1,Flat,0,,1,,1,Dark,2252300,0,0,0,2,0,0,0,0,1,,0,1,Wellington Region,Nil,2-way,Sealed,0,0,0,0,100,0,Off,0,0,,48,Masterton District,Give way,0,1,0,0,0,0,Open,0,0,0,Light rain,Null
1712685,6052099,10284,,501802,0,0,0,1,0,West,2008/2009,PIPIWAI ROAD,WAIPAPA ROAD,,Non-Injury Crash,No,2009,0,East,0,0,0,Hill Road,0,Queens Birthday,0,,0,Dark,69202,0,0,0,2,0,0,0,0,0,,0,0,Northland Region,Nil,2-way,Sealed,0,0,0,0,100,0,None,0,0,,2,Whangarei District,Nil,0,0,0,1,0,0,Open,0,0,0,Light rain,Null
1748923,5428522,10285,,573000,0,,0,1,,Null,2008/2009,FEATHERSTON ST,WHITMORE ST,,Non-Injury Crash,No,2009,,South,,0,,Flat,,Christmas New Year,,,,Bright sun,2125000,0,0,0,4,,,0,,,,,,Wellington Region,Nil,2-way,Sealed,,0,0,,50,,Null,1,0,,47,Wellington City,Traffic Signals,,,,,0,0,Urban,0,,,Fine,Null
1936246,5620986,10286,,546901,0,0,0,1,0,South,2008/2009,KENNEDY ROAD,STATION ST,,Non-Injury Crash,No,2009,0,North,0,0,1,Flat,0,,0,,0,Dark,1429500,0,0,0,2,0,0,0,0,0,,0,0,Hawke's Bay Region,Nil,2-way,Sealed,0,0,0,0,50,0,On,0,0,,31,Napier City,Nil,0,0,0,0,0,0,Urban,0,0,0,Fine,Null
1742447,5931222,10287,,505603,0,,0,2,,West,2009/2010,COATESVILLE-RIVERHEAD HIG,NEWTON ROAD,,Non-Injury Crash,No,2009,,East,,0,,Flat,,Labour Weekend,,,,Bright sun,213403,0,0,0,2,,,0,,,,,,Auckland Region,Nil,2-way,Sealed,,0,0,,50,,None,0,0,,76,Auckland,Nil,,,,,0,0,Urban,0,,,Fine,Null
1875960,5819772,10288,,537601,0,,0,2,,Null,2008/2009,CAMERON ROAD,POOLES ROAD,,Non-Injury Crash,No,2009,,West,,0,,Flat,,,,,,Dark,1175100,0,0,0,2,,,0,,,,,,Bay of Plenty Region,Nil,2-way,Sealed,,0,0,,50,,On,0,0,,23,Tauranga City,Stop,,,,,0,0,Urban,0,,,Fine,Null
1755717,5917946,10289,,517500,0,,0,2,,Null,2009/2010,SANDRINGHAM ROAD,NEW NORTH ROAD,,Non-Injury Crash,No,2009,,North,,0,,Hill Road,,,,,,Bright sun,531300,0,0,0,2,,,0,,,,,,Auckland Region,Nil,2-way,Sealed,,0,0,,50,,Off,0,0,,76,Auckland,Traffic Signals,,,,,0,0,Urban,0,,,Fine,Null
1758119,5914013,10290,,518600,0,,0,3,,North,2009/2010,MANUKAU ROAD,OLIVE GROVE,,Non-Injury Crash,No,2009,,North,,0,,Flat,,,,,,Bright sun,566800,0,0,0,4,,,0,,,,,,Auckland Region,Nil,2-way,Sealed,,0,0,,50,,Off,0,0,,76,Auckland,Give way,,,,,0,0,Urban,0,,,Fine,Null
1710121,5616669,10291,,554020,0,,0,2,,South,2008/2009,PRINCES ST,ROWE ST,,Non-Injury Crash,No,2009,,North,,0,,Flat,,,,,,Bright sun,1646700,0,0,0,2,,,0,,,,,,Taranaki Region,Nil,2-way,Sealed,,0,0,,50,,Null,0,0,,35,South Taranaki District,Nil,,,,,0,0,Urban,0,,,Fine,Null
1770965,5898707,10292,,523912,0,,0,2,,East,2009/2010,TAKA ST,CATHAY LANE,,Non-Injury Crash,No,2009,,East,,0,,Flat,,,,,,Bright sun,767400,0,0,0,2,,,0,,,,,,Auckland Region,Nil,2-way,Sealed,,0,0,,50,,Off,0,0,,76,Auckland,Nil,,,,,0,0,Urban,0,,,Fine,Null
1748725,5427666,10293,,573101,0,,0,2,,Null,2008/2009,VICTORIA ST,WAKEFIELD ST,,Non-Injury Crash,No,2009,,South,,0,,Flat,,,,,,Overcast,2130900,0,0,0,2,,,0,,,,,,Wellington Region,Nil,2-way,Sealed,,0,0,,50,,Null,0,0,,47,Wellington City,Traffic Signals,,,,,0,0,Urban,0,,,Fine,Null
1753915,5924805,10294,,510401,0,,0,2,,Null,2008/2009,BIRKENHEAD AVENUE,ONEWA ROAD,,Non-Injury Crash,No,2009,,South,,0,,Hill Road,,,,,,Twilight,350905,0,0,0,5,,,0,,,,,,Auckland Region,Nil,2-way,Sealed,,0,0,,50,,On,0,0,,76,Auckland,Give way,,,,,0,0,Urban,0,,,Mist or Fog,Null
1758232,5916386,10295,,519200,0,,0,2,,South,2009/2010,MANUKAU ROAD,RANFURLY ROAD,,Non-Injury Crash,No,2009,,South,,0,,Flat,,,,,,Overcast,615102,0,0,0,2,,,0,,,,,,Auckland Region,Nil,2-way,Sealed,,0,0,,50,,Null,0,0,,76,Auckland,Traffic Signals,,,,,0,0,Urban,0,,,Fine,Null
1719123,6045456,10296,,503100,0,,0,0,,East,2008/2009,WALTON ST,MAUNU ROAD,,Non-Injury Crash,No,2009,,East,,0,,Flat,,,,,,Overcast,100700,0,0,0,1,,,0,,,,,,Northland Region,Nil,2-way,Sealed,,0,0,,50,,Null,2,0,,2,Whangarei District,Unknown,,,,,0,0,Urban,0,,,Fine,Null
1885127,5772406,10297,,540600,0,,0,2,,South,2009/2010,FENTON ST,MARGUERITA ST,,Non-Injury Crash,No,2009,,North,,0,,Flat,,,,,,Overcast,1243200,0,0,0,4,,,0,,,,,,Bay of Plenty Region,Nil,2-way,Sealed,,0,0,,60,,Null,0,0,,24,Rotorua District,Give way,,,,,0,0,Urban,0,,,Mist or Fog,Null
1878299,5822666,10298,,538102,0,,0,4,,Null,2008/2009,CAMERON ROAD,THIRTEENTH AVENUE,,Non-Injury Crash,No,2009,,North,,0,,Flat,,,,,,Bright sun,1167104,0,0,0,4,,,0,,,,,,Bay of Plenty Region,Nil,2-way,Sealed,,0,0,,50,,Null,0,0,,23,Tauranga City,Traffic Signals,,,,,0,0,Urban,0,,,Fine,Null
1748952,5428386,10299,,573000,0,0,0,1,0,North,2009/2010,CUSTOMHOUSE QUAY,WHITMORE ST,,Non-Injury Crash,No,2009,0,North,0,0,0,Flat,0,,0,,0,Overcast,2125100,0,0,0,2,0,0,0,0,1,,0,0,Wellington Region,Nil,2-way,Sealed,0,0,0,0,50,0,Null,1,0,,47,Wellington City,Nil,0,0,0,0,0,0,Urban,0,0,0,Fine,Null
1623851,6114526,10300,,500301,0,,0,2,,West,2008/2009,BLENCOWE ST,COMMERCE ST,,Non-Injury Crash,No,2009,,East,,0,,Flat,,,,,,Overcast,15700,0,0,0,2,,,0,,,,,,Northland Region,Nil,2-way,Sealed,,0,0,,30,,Null,0,0,,1,Far North District,Nil,,,,,0,0,Urban,0,,,Fine,Null
1459722,5084266,10301,,598800,0,,0,2,,North,2008/2009,SH 1S,NEWMAN ST,,Non-Injury Crash,Yes,2009,,South,,0,,Flat,,,,,,Bright sun,2781700,0,0,0,2,,,0,,,,,,Canterbury Region,Nil,2-way,Sealed,,0,0,,50,,Null,0,0,,64,Timaru District,Traffic Signals,,,,,0,0,Urban,0,,,Fine,Null