X,Y,OBJECTID,advisorySpeed,areaUnitID,bicycle,bridge,bus,carStationWagon,cliffBank,crashDirectionDescription,crashFinancialYear,crashLocation1,crashLocation2,crashRoadSideRoad,crashSeverity,crashSHDescription,crashYear,debris,directionRoleDescription,ditch,fatalCount,fence,flatHill,guardRail,holiday,houseOrBuilding,intersection,kerb,light,meshblockId,minorInjuryCount,moped,motorcycle,NumberOfLanes,objectThrownOrDropped,otherObject,otherVehicleType,overBank,parkedVehicle,pedestrian,phoneBoxEtc,postOrPole,region,roadCharacter,roadLane,roadSurface,roadworks,schoolBus,seriousInjuryCount,slipOrFlood,speedLimit,strayAnimal,streetLight,suv,taxi,temporarySpeedLimit,tlaId,tlaName,trafficControl,trafficIsland,trafficSign,train,tree,truck,unknownVehicleType,urban,vanOrUtility,vehicle,waterRiver,weatherA,weatherB
1750219,5954710,10302,,506201,0,,0,1,,West,2009/2010,WERANUI ROAD,JERVIS ROAD,,Non-Injury Crash,No,2009,,West,,0,,Flat,,,,,,Dark,176203,0,0,0,1,,,0,,,,,,Auckland Region,Nil,2-way,Unsealed,,0,0,,100,,None,0,0,,76,Auckland,Unknown,,,,,0,0,Open,0,,,Fine,Null
1747405,5919586,10303,,512402,0,0,0,0,0,East,2008/2009,SH 16,TE ATATU OBR,,Non-Injury Crash,Yes,2009,0,West,0,0,0,Hill Road,1,,0,,0,Bright sun,253700,0,0,0,3,0,0,0,0,0,,0,0,Auckland Region,Nil,2-way,Sealed,0,0,0,0,100,0,Null,0,0,,76,Auckland,Unknown,0,0,0,0,0,0,Open,1,0,0,Fine,Null
1764571,5914854,10304,,520303,0,,0,2,,East,2009/2010,ELLERSLIE-PANMURE HIGHWAY,MOUNT WELLINGTON HIGHWAY,,Non-Injury Crash,No,2009,,West,,0,,Flat,,,,,,Dark,627400,0,0,0,5,,,0,,,,,,Auckland Region,Nil,2-way,Sealed,,0,0,,50,,On,0,0,,76,Auckland,Give way,,,,,0,0,Urban,0,,,Light rain,Null
1747271,5921307,10305,,512300,0,,0,2,,North,2009/2010,TE ATATU ROAD,GUNNER DRIVE,,Non-Injury Crash,No,2009,,South,,0,,Flat,,,,,,Bright sun,250101,0,0,0,4,,,0,,,,,,Auckland Region,Nil,2-way,Sealed,,0,0,,50,,Null,0,0,,76,Auckland,Unknown,,,,,0,0,Urban,0,,,Fine,Null
1851109,5765007,10306,,535340,0,,0,2,,Null,2009/2010,SH 32,ST ANDREWS DRIVE,,Non-Injury Crash,Yes,2009,,West,,0,,Flat,,,,,,Dark,1142700,0,0,0,2,,,0,,,,,,Waikato Region,Nil,2-way,Sealed,,0,0,,50,,On,0,0,,19,South Waikato District,Give way,,,,,0,0,Urban,0,,,Fine,Null
1408287,4919885,10307,,603300,0,0,0,2,0,North,2008/2009,FELIX ST,NORTH ROAD,,Non-Injury Crash,No,2009,0,South,0,0,0,Flat,0,,0,,0,Dark,2872800,0,0,0,2,0,0,0,0,1,,0,0,Otago Region,Nil,2-way,Sealed,0,0,0,0,50,0,On,0,0,,71,Dunedin City,Nil,0,0,0,0,0,0,Urban,0,0,0,Fine,Frost
1766722,5904676,10308,,524604,0,0,0,2,0,Null,2008/2009,CAVENDISH DRIVE,LAMBIE DRIVE W,,Non-Injury Crash,No,2009,0,East,0,0,0,Flat,0,,0,,0,Bright sun,780209,0,0,0,3,0,0,0,0,0,,0,0,Auckland Region,Nil,1-way,Sealed,0,0,0,0,50,0,Off,0,0,,76,Auckland,Traffic Signals,0,0,0,0,0,0,Urban,0,1,0,Fine,Null
1775943,5446654,10309,,566700,0,0,0,1,0,Null,2008/2009,SH 2,FERGUSSON DRIVE,,Non-Injury Crash,Yes,2009,0,North,0,0,0,Flat,1,,0,,0,Overcast,1912800,0,0,0,2,0,0,0,0,0,,0,0,Wellington Region,Nil,2-way,Sealed,0,0,0,0,70,0,Null,0,0,,45,Upper Hutt City,Traffic Signals,0,0,0,0,0,0,Urban,0,0,0,Fine,Null
1755735,5443875,10310,,570900,0,,0,2,,Null,2008/2009,MUNGAVIN AVENUE,MCKILLOP ST,,Non-Injury Crash,No,2009,,South,,0,,Flat,,,,,,Bright sun,2056300,0,0,0,2,,,0,,,,,,Wellington Region,Nil,2-way,Sealed,,0,0,,50,,Null,0,0,,44,Porirua City,Give way,,,,,0,0,Urban,0,,,Fine,Null
1780770,5926103,10311,,520801,0,,0,1,,Null,2008/2009,MIAMI AVENUE,OCEAN ROAD,,Non-Injury Crash,No,2009,,North,,0,,Hill Road,,Queens Birthday,,,,Dark,516603,0,0,0,2,,,0,,,,,,Auckland Region,Nil,2-way,Sealed,,0,0,,50,,On,1,0,,76,Auckland,Nil,,,,,0,0,Urban,0,,,Mist or Fog,Null
1817175,5803346,10312,,527503,0,,0,2,,Null,2009/2010,SH 1N,EMPIRE ST,,Non-Injury Crash,Yes,2009,,West,,0,,Flat,,,,,,Dark,962900,0,0,0,2,,,0,,,,,,Waikato Region,Nil,2-way,Sealed,,0,0,,50,,On,0,0,,17,Waipa District,Give way,,,,,0,0,Urban,0,,,Fine,Null
1770324,5911308,10313,,523113,0,,0,2,,Null,2009/2010,TE IRIRANGI DRIVE,TI RAKAU DRIVE,,Non-Injury Crash,No,2009,,North,,0,,Flat,,,,,,Dark,711716,0,0,0,2,,,0,,,,,,Auckland Region,Nil,1-way,Sealed,,0,0,,70,,On,0,0,,76,Auckland,Give way,,,,,0,0,Urban,0,,,Fine,Null
1747214,5920553,10314,,512300,0,,0,2,,Null,2009/2010,TE ATATU ROAD,GLORIA AVENUE,,Non-Injury Crash,No,2009,,North,,0,,Flat,,,,,,Dark,252000,0,0,0,4,,,0,,,,,,Auckland Region,Nil,2-way,Sealed,,0,0,,50,,On,0,0,,76,Auckland,Give way,,,,,0,0,Urban,0,,,Fine,Null
1803011,5801277,10315,,527600,0,0,0,1,0,North,2009/2010,SH 3,FORKERT ROAD,,Non-Injury Crash,Yes,2009,0,South,0,0,1,Flat,1,,0,,0,Dark,985801,0,0,0,2,0,0,0,0,0,,0,0,Waikato Region,Nil,2-way,Sealed,0,0,0,0,70,0,None,0,0,,17,Waipa District,Nil,0,0,0,0,0,0,Urban,0,0,0,Fine,Null
1756908,5449362,10316,,572000,0,,0,1,,South,2008/2009,SH 1N,ACHERON ROAD,,Non-Injury Crash,Yes,2009,,North,,0,,Flat,,,,,,Dark,2069802,0,0,0,4,,,0,,,,,,Wellington Region,Nil,2-way,Sealed,,0,0,,50,,On,0,0,,44,Porirua City,Traffic Signals,,,,,1,0,Urban,0,,,Heavy rain,Null
1757981,5914821,10317,,515802,1,,0,1,,South,2009/2010,MANUKAU ROAD,EMPIRE ROAD,,Non-Injury Crash,No,2009,,South,,0,,Flat,,,,,,Bright sun,449300,0,0,0,2,,,0,,,,,,Auckland Region,Nil,2-way,Sealed,,0,0,,50,,Off,0,1,,76,Auckland,Nil,,,,,0,0,Urban,0,,,Fine,Null
1843925,5811134,10318,,535502,0,,0,2,,Null,2009/2010,SH 27,FARMERS ROAD,,Non-Injury Crash,Yes,2009,,North,,0,,Flat,,Labour Weekend,,,,Bright sun,1120700,0,0,0,2,,,0,,,,,,Waikato Region,Nil,2-way,Sealed,,0,0,,50,,Off,0,0,,15,Matamata-Piako District,Give way,,,,,0,0,Urban,0,,,Fine,Null
1761187,5914937,10319,,520201,0,,0,1,,Null,2008/2009,MAIN HIGHWAY,LADIES MILE,,Non-Injury Crash,No,2009,,West,,0,,Flat,,,,,,Dark,611200,0,0,0,2,,,0,,,,,,Auckland Region,Nil,2-way,Sealed,,0,0,,50,,On,0,0,,76,Auckland,Stop,,,,,0,0,Urban,1,,,Fine,Null
1752172,5914236,10320,,514500,0,,0,1,,Null,2009/2010,TIVERTON ROAD,WHITNEY ST,,Non-Injury Crash,No,2009,,West,,0,,Hill Road,,,,,,Bright sun,374800,0,1,0,2,,,0,,,,,,Auckland Region,Nil,2-way,Sealed,,0,0,,50,,Null,0,0,,76,Auckland,Give way,,,,,0,0,Urban,0,,,Fine,Null
1764900,5910840,10321,,521801,0,,0,1,,North,2009/2010,SH 1N,PRINCES OBR,,Non-Injury Crash,Yes,2009,,North,,0,,Flat,,,,,,Bright sun,786700,0,0,0,3,,,0,,,,,,,Nil,1-way,Sealed,,0,0,,100,,Null,1,0,,76,Auckland,Unknown,,,,,0,0,Open,0,,,Fine,Null
1749319,5427226,10322,,573101,0,,0,2,,Null,2008/2009,WAKEFIELD ST,CHAFFERS ST,,Non-Injury Crash,No,2009,,South,,0,,Flat,,,,,,Dark,2135500,0,0,0,3,,,0,,,,,,Wellington Region,Nil,1-way,Sealed,,0,0,,50,,On,0,0,,47,Wellington City,Stop,,,,,0,0,Urban,0,,,Heavy rain,Null
1769365,5441412,10323,,564530,0,0,0,1,0,South,2009/2010,BLUE MOUNTAINS ROAD,FOREST ROAD,,Non-Injury Crash,No,2009,0,North,0,0,0,Hill Road,0,,0,,0,Dark,1901100,0,0,0,2,0,0,0,1,0,,0,0,Wellington Region,Nil,2-way,Sealed,0,0,0,0,50,0,On,0,0,,45,Upper Hutt City,Nil,0,0,0,0,0,0,Urban,0,0,0,Fine,Null
1566655,5184687,10324,,588700,0,,0,2,,North,2008/2009,FARRINGTON AVENUE,EASTLING ST,,Non-Injury Crash,No,2009,,North,,0,,Flat,,,,,,Overcast,2523400,0,0,0,2,,,0,,,,,,Canterbury Region,Nil,2-way,Sealed,,0,0,,50,,Null,0,0,,60,Christchurch City,Nil,,,,,0,0,Urban,0,,,Fine,Null
1759227,5435881,10325,,569100,0,,0,2,,Null,2008/2009,RAILWAY AVENUE,QUEENS DRIVE,,Non-Injury Crash,No,2009,,East,,0,,Flat,,,,,,Twilight,1966200,0,0,0,2,,,0,,,,,,Wellington Region,Nil,2-way,Sealed,,0,0,,50,,Off,0,0,,46,Lower Hutt City,Give way,,,,,0,0,Urban,0,,,Fine,Null
1747361,5919572,10326,,512402,0,0,0,1,0,East,2009/2010,TE ATATU OFF WBD,TE ATATU ROAD,,Non-Injury Crash,Yes,2009,0,West,0,0,0,Hill Road,0,,0,,0,Dark,253700,0,0,0,4,0,0,1,0,1,,0,0,Auckland Region,Motorway ramp,1-way,Sealed,1,0,0,0,100,0,On,0,0,,76,Auckland,Unknown,0,0,0,0,0,0,Open,0,0,0,Fine,Null
1743063,5926702,10327,,513410,0,0,0,0,0,East,2009/2010,BRIGHAM CREEK ROAD,SH 16,,Non-Injury Crash,No,2009,0,West,0,0,1,Hill Road,0,,0,,0,Overcast,219900,0,0,0,2,0,0,0,0,0,,0,0,Auckland Region,Nil,2-way,Sealed,0,0,0,0,80,0,Off,1,0,,76,Auckland,Nil,0,0,0,0,0,0,Open,0,0,0,Fine,Strong wind
1949176,5790156,10328,,542422,0,,0,2,,Null,2009/2010,ARAWA ROAD,AWATAPU DRIVE,,Non-Injury Crash,No,2009,,East,,0,,Flat,,,,,,Bright sun,1313611,0,0,0,2,,,0,,,,,,Bay of Plenty Region,Nil,2-way,Sealed,,0,0,,50,,Null,0,0,,25,Whakatane District,Give way,,,,,0,0,Urban,0,,,Fine,Null
1768486,5911665,10329,,523112,0,,0,1,,West,2009/2010,TI RAKAU DRIVE,TRUGOOD DRIVE,,Non-Injury Crash,No,2009,,West,,0,,Flat,,,,,,Bright sun,711404,0,0,0,4,,,0,,,,,,Auckland Region,Nil,2-way,Sealed,,0,0,,60,,Off,0,0,,76,Auckland,Traffic Signals,,,,,1,0,Urban,0,,,Fine,Null
1746968,5429716,10330,,574702,0,,0,2,,Null,2008/2009,WILTON ROAD,HAMPSHIRE AVENUE,,Non-Injury Crash,No,2009,,North,,0,,Flat,,,,,,Overcast,2104000,0,0,0,2,,,0,,,,,,Wellington Region,Nil,2-way,Sealed,,0,0,,50,,Null,0,0,,47,Wellington City,Nil,,,,,0,0,Urban,0,,,Fine,Null
1758085,5927352,10331,,508010,0,0,0,1,0,West,2009/2010,ANZAC ST,HURSTMERE ROAD,,Non-Injury Crash,No,2009,0,East,0,0,0,Flat,0,,0,,0,Overcast,326900,0,0,0,2,0,0,0,0,1,,0,0,Auckland Region,Nil,2-way,Sealed,0,0,0,0,50,0,Off,1,0,,76,Auckland,Nil,0,0,0,0,0,0,Urban,0,0,0,Light rain,Null
1803039,5550127,10332,,558900,0,,0,2,,South,2009/2010,HIGH ST,SH 1N,,Non-Injury Crash,No,2009,,South,,0,,Flat,,,,,,Overcast,1742200,0,0,0,2,,,0,,,,,,Manawatū-Whanganui Region,Nil,2-way,Sealed,,0,0,,50,,Null,0,0,,38,Rangitikei District,Nil,,,,,0,0,Urban,0,,,Light rain,Null
1756264,5924301,10333,,509702,0,,0,4,,South,2009/2010,SH 1N,ONEWA OBR OFF,,Non-Injury Crash,Yes,2009,,South,,0,,Flat,,,,,,Bright sun,366700,0,0,0,5,,,0,,,,,,Auckland Region,Nil,1-way,Sealed,,0,0,,80,,Off,0,0,,76,Auckland,Nil,,,,,0,0,Open,0,,,Fine,Null
1757186,5918414,10334,,514301,0,,0,2,,Null,2009/2010,TUARANGI ROAD,NUGENT ST,,Non-Injury Crash,No,2009,,South,,0,,Hill Road,,,,,,Bright sun,441900,0,0,0,2,,,0,,,,,,Auckland Region,Nil,2-way,Sealed,,0,0,,50,,Off,0,0,,76,Auckland,Give way,,,,,0,0,Urban,0,,,Fine,Null
1885710,5751537,10335,,538850,0,,0,1,,West,2008/2009,WAIKITE VALLEY ROAD,TE KOPIA ROAD,,Non-Injury Crash,No,2009,,West,,0,,Flat,,,,,,Overcast,1262800,0,0,0,2,,,0,,,,,,Waikato Region,Nil,2-way,Sealed,,0,0,,100,,Null,1,0,,24,Rotorua District,Unknown,,,,,0,0,Open,0,,,Light rain,Null
1756166,5918793,10336,,515500,0,,0,2,,West,2008/2009,SH 16,NEWTON OBR,,Non-Injury Crash,Yes,2009,,East,,0,,Flat,,,,,,Dark,417600,0,0,0,3,,,0,,,,,,Auckland Region,Nil,1-way,Sealed,,0,0,,100,,On,0,0,,76,Auckland,Nil,,,,,0,0,Open,0,,,Light rain,Null
1874431,5815702,10337,35,536630,0,0,0,1,0,South,2008/2009,PYES PA ROAD,KENNEDY ROAD,,Non-Injury Crash,No,2009,0,South,0,0,0,Flat,1,,0,,0,Twilight,1192300,0,0,0,2,0,0,0,0,0,,0,0,Bay of Plenty Region,Nil,2-way,Sealed,0,0,0,0,100,0,None,0,0,,22,Western Bay of Plenty District,Unknown,0,0,0,0,0,0,Open,0,0,0,Heavy rain,Null
1799965,5815048,10338,,528900,0,,0,1,,Null,2009/2010,LAKE ROAD,QUEENS AVENUE,,Non-Injury Crash,No,2009,,West,,0,,Hill Road,,,,,,Overcast,914400,0,0,0,1,,,0,,,,,,Waikato Region,Nil,2-way,Sealed,,0,0,,50,,None,0,0,,16,Hamilton City,Give way,,,,,0,0,Urban,1,,,Fine,Null
1864771,5541251,10339,,549800,0,0,0,1,0,North,2008/2009,WEBER ROAD,OTOPE ROAD,,Non-Injury Crash,No,2009,0,West,1,0,0,Hill Road,0,,0,,0,Dark,1536900,0,0,0,2,0,0,0,0,0,,0,0,Manawatū-Whanganui Region,Nil,2-way,Sealed,0,0,0,0,100,0,None,0,0,,41,Tararua District,Nil,0,0,0,0,0,0,Open,0,0,0,Mist or Fog,Frost
1757257,5450732,10340,,571900,0,,0,2,,North,2008/2009,SH 1N,ULRIC ST,,Non-Injury Crash,Yes,2009,,South,,0,,Flat,,,,,,Bright sun,2069001,0,0,0,4,,,0,,,,,,Wellington Region,Nil,2-way,Sealed,,0,0,,100,,Null,0,0,,44,Porirua City,Nil,,,,,0,0,Open,0,,,Fine,Null
1751618,5434235,10341,,573700,0,,0,0,,South,2008/2009,SH 1N,JOHNSONVILLE OFF NBD,,Non-Injury Crash,Yes,2009,,North,,0,,Flat,,,,,,Overcast,2083100,0,0,0,3,,,0,,,,,,Wellington Region,Nil,1-way,Sealed,,0,0,,80,,Null,1,0,,47,Wellington City,Nil,,,,,1,0,Open,0,,,Fine,Null
1766020,5906624,10342,,522301,0,0,0,2,0,North,2009/2010,WINTERE ROAD,TUI ROAD,,Non-Injury Crash,No,2009,0,North,0,0,0,Flat,0,,0,,0,Dark,667300,0,0,0,2,0,0,0,0,1,,0,0,Auckland Region,Nil,2-way,Sealed,0,0,0,0,50,0,On,0,0,,76,Auckland,Nil,0,0,0,0,0,0,Urban,0,0,0,Light rain,Null
1761427,5909372,10343,,524404,0,,0,1,,Null,2009/2010,FAVONA ROAD,NORANA AVENUE,,Non-Injury Crash,No,2009,,East,,0,,Flat,,,,,,Twilight,730602,0,0,0,2,,,0,,,,,,Auckland Region,Nil,2-way,Sealed,,0,0,,50,,On,1,0,,76,Auckland,Give way,,,,,0,0,Urban,0,,,Fine,Null
1676001,6073498,10344,,501634,0,0,0,0,0,North,2009/2010,SH 15,PICADILLY ROAD,,Non-Injury Crash,Yes,2009,0,South,0,0,1,Flat,0,,0,,0,Dark,39900,0,0,0,2,0,0,0,0,0,,0,1,Northland Region,Nil,2-way,Sealed,0,0,0,0,100,0,None,0,0,,1,Far North District,Unknown,0,1,0,0,0,0,Open,1,0,0,Light rain,Null
1753964,5931553,10345,,508807,0,,0,1,,North,2009/2010,SH 1N,CONSTELLATION OBR,,Non-Injury Crash,Yes,2009,,North,,0,,Flat,,,,,,Overcast,180810,0,0,0,2,,,0,,,,,,Auckland Region,Nil,1-way,Sealed,,0,0,,100,,Off,1,0,,76,Auckland,Nil,,,,,0,0,Open,0,,,Light rain,Null
1802973,5813617,10346,,530300,0,0,0,1,0,Null,2009/2010,SH 1N,GALLOWAY ST,,Non-Injury Crash,Yes,2009,0,West,0,0,0,Flat,1,,0,,1,Overcast,883200,0,0,0,2,0,0,0,0,0,,0,1,Waikato Region,Nil,2-way,Sealed,0,0,0,0,80,0,Null,0,0,,16,Hamilton City,Give way,0,0,0,0,0,0,Open,0,0,0,Fine,Null
1748525,5969704,10347,,505500,0,0,0,3,0,Null,2009/2010,CAMPBELL DRIVE,WOODCOCKS ROAD,,Non-Injury Crash,No,2009,0,South,0,0,0,Null,0,Christmas New Year,0,,0,Bright sun,140500,0,0,0,2,0,0,0,0,2,,0,0,Auckland Region,Nil,2-way,Sealed,0,0,0,0,50,0,Off,0,0,,76,Auckland,Give way,0,0,0,0,0,0,Urban,0,0,0,Fine,Null
1762901,5436630,10348,,568303,0,0,0,0,0,West,2008/2009,WADDINGTON DRIVE,BALGOWNIE GROVE,,Non-Injury Crash,No,2009,0,West,0,0,1,Flat,0,,0,,0,Bright sun,1957000,0,0,0,2,0,0,0,0,0,,0,1,Wellington Region,Nil,2-way,Sealed,0,0,0,0,50,0,Null,1,0,,46,Lower Hutt City,Nil,0,0,0,1,0,0,Urban,0,0,0,Fine,Null
1821183,5776433,10349,,528000,0,0,0,1,0,North,2009/2010,OWAIRAKA VALLEY ROAD,WHAREPAPA SOUTH ROAD,,Non-Injury Crash,No,2009,0,West,0,0,1,Flat,0,Christmas New Year,0,,0,Bright sun,991800,0,0,0,2,0,0,0,0,0,,0,0,Waikato Region,Nil,2-way,Sealed,0,0,0,0,100,0,Off,0,0,,17,Waipa District,Nil,0,0,0,0,0,0,Open,0,0,0,Fine,Null
1765788,5906660,10350,,522202,0,,0,1,,North,2008/2009,GREAT SOUTH ROAD,BUTLER AVENUE,,Non-Injury Crash,No,2009,,South,,0,,Flat,,,,,,Bright sun,663800,0,0,0,2,,,0,,,,,,Auckland Region,Nil,2-way,Sealed,,0,0,,50,,Null,1,0,,76,Auckland,Unknown,,,,,0,0,Urban,0,,,Fine,Null
1672982,6090898,10351,,501633,0,0,0,1,0,East,2008/2009,SH 1N,WEHIRUA ROAD,,Non-Injury Crash,Yes,2009,0,South,0,0,0,Flat,0,,0,,0,Overcast,34000,0,0,0,2,0,0,0,0,0,,0,1,Northland Region,Nil,2-way,Sealed,0,0,0,0,100,0,None,0,0,,1,Far North District,Nil,0,0,0,0,0,0,Open,0,0,0,Fine,Null
1417700,5030206,10352,,600831,0,0,0,0,0,East,2009/2010,SH 83,LIVINGSTONE-DUNTROON ROAD,,Minor Crash,Yes,2009,0,West,0,0,0,Flat,0,,0,,0,Dark,2826101,1,0,0,2,0,0,0,0,0,,0,0,Canterbury Region,Nil,2-way,Sealed,0,0,0,0,100,0,None,0,0,,68,Waitaki District,Unknown,0,0,0,0,0,0,Open,1,0,0,Fine,Null
1877629,5821031,10353,,538102,0,0,0,2,0,Null,2008/2009,LLOYD ST,FRASER ST,,Non-Injury Crash,No,2009,0,West,0,0,0,Hill Road,0,,0,,0,Dark,1170002,0,0,0,2,0,0,0,0,1,,0,0,Bay of Plenty Region,Nil,2-way,Sealed,0,0,0,0,50,0,On,0,0,,23,Tauranga City,Give way,0,0,0,0,0,0,Urban,0,0,0,Fine,Null
1760374,5434685,10354,,568701,0,,0,3,,Null,2008/2009,WAIWHETU ROAD,WHITES LINE EAST,,Non-Injury Crash,No,2009,,East,,0,,Flat,,,,,,Bright sun,1976900,0,0,0,2,,,0,,,,,,Wellington Region,Nil,2-way,Sealed,,0,0,,50,,Null,0,0,,46,Lower Hutt City,Traffic Signals,,,,,0,0,Urban,0,,,Fine,Null
1536405,5162318,10355,,597506,0,,0,2,,South,2008/2009,SOUTHBRIDGE DUNSANDEL ROA,LEESTON DUNSANDEL ROAD,,Non-Injury Crash,No,2009,,South,,0,,Flat,,,,,,Dark,2722000,0,0,0,2,,,0,,,,,,Canterbury Region,Nil,2-way,Sealed,,0,0,,100,,None,0,0,,62,Selwyn District,Unknown,,,,,0,0,Open,0,,,Fine,Null
1756222,5919274,10356,,515420,0,,0,2,,North,2008/2009,PONSONBY ROAD,KARANGAHAPE ROAD,,Non-Injury Crash,No,2009,,South,,0,,Flat,,,,,,Dark,411600,0,0,0,2,,,0,,,,,,Auckland Region,Nil,2-way,Sealed,,0,0,,50,,On,0,0,,76,Auckland,Nil,,,,,0,0,Urban,0,,,Fine,Null
1767187,5907090,10357,,523601,0,0,0,1,0,West,2008/2009,BAIRDS ROAD,EVERITT ROAD,,Non-Injury Crash,No,2009,0,North,0,0,0,Hill Road,0,,0,,0,Dark,708100,0,0,0,2,0,0,0,0,0,,0,1,Auckland Region,Nil,2-way,Sealed,0,0,0,0,50,0,On,0,0,,76,Auckland,Nil,0,0,0,0,0,0,Urban,0,0,0,Fine,Null
1719863,6047520,10358,,502700,0,,0,2,,Null,2009/2010,NIXON ST,MILL ROAD,,Non-Injury Crash,No,2009,,West,,0,,Flat,,,,,,Dark,91700,0,0,0,2,,,0,,,,,,Northland Region,Nil,2-way,Sealed,,0,0,,50,,On,0,0,,2,Whangarei District,Traffic Signals,,,,,0,0,Urban,0,,,Fine,Null
1800377,5815848,10359,,529700,0,,0,2,,Null,2009/2010,ANGLESEA ST,ROSTREVOR ST,,Non-Injury Crash,No,2009,,West,,0,,Flat,,,,,,Bright sun,910000,0,0,0,4,,,0,,,,,,Waikato Region,Nil,2-way,Sealed,,0,0,,50,,Off,0,0,,16,Hamilton City,Traffic Signals,,,,,0,0,Urban,0,,,Fine,Null
1746226,5918470,10360,,512401,0,,0,2,,Null,2008/2009,EDMONTON ROAD,STRID ROAD,,Non-Injury Crash,No,2009,,South,,0,,Flat,,,,,,Bright sun,255800,0,0,0,2,,,0,,,,,,Auckland Region,Nil,2-way,Sealed,,0,0,,50,,Null,0,0,,76,Auckland,Stop,,,,,0,0,Urban,0,,,Fine,Null
1764607,5911903,10361,,520500,0,0,0,1,0,South,2008/2009,SH 1N,MT WGTN OBR,,Non-Injury Crash,Yes,2009,0,South,0,0,0,Flat,0,,0,,0,Dark,639601,0,0,0,3,0,0,0,0,0,,0,1,Auckland Region,Nil,1-way,Sealed,0,0,0,0,100,0,On,0,0,,76,Auckland,Unknown,0,0,0,0,0,0,Open,0,0,0,Fine,Null
1760674,5915173,10362,,520202,0,,0,2,,East,2009/2010,MAIN HIGHWAY,WALPOLE ST,,Non-Injury Crash,No,2009,,West,,0,,Flat,,,,,,Bright sun,613300,0,0,0,2,,,0,,,,,,Auckland Region,Nil,2-way,Sealed,,0,0,,50,,Off,0,0,,76,Auckland,Nil,,,,,0,0,Urban,0,,,Fine,Null
1710908,5644131,10363,,553101,0,0,0,0,0,South,2008/2009,SH 3,CELIA ST,,Non-Injury Crash,Yes,2009,1,North,0,0,0,Flat,0,,0,,0,Dark,1611100,0,0,0,2,0,0,0,0,0,,0,1,Taranaki Region,Nil,2-way,Sealed,0,0,0,0,50,0,On,0,0,,34,Stratford District,Nil,0,1,0,1,0,0,Urban,1,0,0,Fine,Null
1834484,5836745,10364,,534604,0,0,0,1,0,Null,2009/2010,SH 26,SEDDON ROAD,,Non-Injury Crash,Yes,2009,0,West,1,0,0,Flat,0,,0,,0,Bright sun,1108100,0,0,0,2,0,0,0,0,0,,0,0,Waikato Region,Nil,2-way,Sealed,0,0,0,0,100,0,Off,0,0,,15,Matamata-Piako District,Stop,0,0,0,0,0,0,Open,0,0,0,Fine,Null
1767230,5901298,10365,,524720,0,,0,1,,West,2009/2010,SWALLOW DRIVE,RUSSELL ROAD,,Non-Injury Crash,No,2009,,East,,0,,Flat,,,,,,Bright sun,777502,0,0,0,2,,,0,,,,,,Auckland Region,Nil,2-way,Sealed,,0,0,,50,,Off,1,0,,76,Auckland,Give way,,,,,0,0,Urban,0,,,Fine,Null
1762421,5920675,10366,,516400,0,0,0,1,0,South,2009/2010,HAPIMANA ST,TAMAKI DRIVE,,Non-Injury Crash,No,2009,0,East,0,0,1,Hill Road,0,,0,,0,Overcast,498700,0,0,0,2,0,0,0,0,0,,0,0,Auckland Region,Nil,2-way,Sealed,0,0,0,0,50,0,None,0,0,,76,Auckland,Nil,0,0,0,0,0,0,Urban,0,0,0,Light rain,Null
1854564,5877847,10367,,533300,0,0,0,1,0,Null,2008/2009,MAYFAIR AVENUE,PORT ROAD,,Non-Injury Crash,No,2009,0,South,0,0,0,Flat,0,,0,,0,Dark,1061201,0,0,0,2,0,0,0,0,1,,0,0,Waikato Region,Nil,2-way,Sealed,0,0,0,0,50,0,On,0,0,,11,Thames-Coromandel District,Nil,0,0,0,0,1,0,Urban,0,0,0,Mist or Fog,Null
1880431,5779969,10368,,538601,0,0,0,1,0,Null,2008/2009,STREAMDALE PLACE,BROOKDALE DRIVE,,Non-Injury Crash,No,2009,0,South,0,0,0,Flat,0,,0,,0,Bright sun,1246801,0,0,0,2,0,0,0,0,0,,0,0,Bay of Plenty Region,Nil,2-way,Sealed,0,0,0,0,50,0,Null,0,0,,24,Rotorua District,Nil,0,0,0,1,0,0,Urban,0,0,0,Fine,Null
1765964,5906413,10369,,522202,0,,0,1,,Null,2008/2009,ST GEORGE ST,ST GEORGE STREET,,Non-Injury Crash,No,2009,,West,,0,,Flat,,,,,,Dark,665101,0,0,0,4,,,0,,,,,,Auckland Region,Nil,1-way,Sealed,,0,0,,50,,On,0,0,,76,Auckland,Traffic Signals,,,,,0,0,Urban,1,,,Light rain,Null
1754164,5935475,10370,,508704,0,,0,2,,Null,2009/2010,SARTORS AVENUE,EAST COAST ROAD,,Non-Injury Crash,No,2009,,South,,0,,Flat,,,,,,Overcast,178611,0,0,0,2,,,0,,,,,,Auckland Region,Nil,2-way,Sealed,,0,0,,50,,Off,0,0,,76,Auckland,Give way,,,,,0,0,Urban,0,,,Light rain,Frost
1749428,5429018,10371,,572900,0,,0,1,,North,2008/2009,WATERLOO QUAY,HINEMOA ST,,Non-Injury Crash,No,2009,,South,,0,,Flat,,,,,,Bright sun,2118400,0,0,0,5,,,0,,,,,,Wellington Region,Nil,2-way,Sealed,,0,0,,50,,Null,1,0,,47,Wellington City,Nil,,,,,0,0,Urban,0,,,Fine,Null
1752029,5931999,10372,,508807,0,0,0,1,0,West,2009/2010,TARNDALE GROVE,BUSH ROAD,,Non-Injury Crash,No,2009,0,West,0,0,0,Flat,0,,0,,0,Dark,180302,0,0,0,0,0,0,0,0,1,,0,0,Auckland Region,Nil,2-way,Sealed,0,0,0,0,50,0,Off,0,0,,76,Auckland,Nil,0,0,0,0,1,0,Urban,0,0,0,Fine,Null