X,Y,OBJECTID,advisorySpeed,areaUnitID,bicycle,bridge,bus,carStationWagon,cliffBank,crashDirectionDescription,crashFinancialYear,crashLocation1,crashLocation2,crashRoadSideRoad,crashSeverity,crashSHDescription,crashYear,debris,directionRoleDescription,ditch,fatalCount,fence,flatHill,guardRail,holiday,houseOrBuilding,intersection,kerb,light,meshblockId,minorInjuryCount,moped,motorcycle,NumberOfLanes,objectThrownOrDropped,otherObject,otherVehicleType,overBank,parkedVehicle,pedestrian,phoneBoxEtc,postOrPole,region,roadCharacter,roadLane,roadSurface,roadworks,schoolBus,seriousInjuryCount,slipOrFlood,speedLimit,strayAnimal,streetLight,suv,taxi,temporarySpeedLimit,tlaId,tlaName,trafficControl,trafficIsland,trafficSign,train,tree,truck,unknownVehicleType,urban,vanOrUtility,vehicle,waterRiver,weatherA,weatherB
1765704,5900465,10373,,524822,0,0,0,1,0,Null,2008/2009,BURUNDI AVENUE,MAPLESDEN DRIVE,,Non-Injury Crash,No,2009,0,North,0,0,1,Flat,0,,0,,0,Overcast,774441,0,0,0,2,0,0,0,0,0,,0,0,Auckland Region,Nil,2-way,Sealed,0,0,0,0,50,0,Off,0,0,,76,Auckland,Stop,0,0,0,0,0,0,Urban,0,0,0,Light rain,Null
1764795,5905773,10374,,522202,0,,0,1,,East,2009/2010,ST GEORGE ST,TAVERN LANE,,Non-Injury Crash,No,2009,,West,,0,,Flat,,,,,,Dark,663300,0,0,0,2,,,0,,,,,,Auckland Region,Nil,2-way,Sealed,,0,0,,50,,On,1,0,,76,Auckland,Traffic Signals,,,,,0,0,Urban,0,,,Light rain,Null
1640130,6107536,10375,,500202,0,0,0,0,0,South,2008/2009,SH 1N,KITCHEN ROAD,,Non-Injury Crash,Yes,2009,0,North,0,0,1,Hill Road,0,,0,,0,Dark,6900,0,0,0,2,0,0,0,0,0,,0,0,Northland Region,Nil,2-way,Sealed,0,0,0,0,100,0,None,0,0,,1,Far North District,Nil,0,0,0,1,1,0,Open,0,0,0,Light rain,Null
1771588,5913231,10376,,523102,0,,0,1,,North,2008/2009,WHITFORD ROAD,GILLETT PLACE,,Non-Injury Crash,No,2009,,North,,0,,Hill Road,,,,,,Dark,711021,0,0,0,2,,,0,,,,,,Auckland Region,Nil,2-way,Sealed,,0,0,,50,,On,0,0,,76,Auckland,Unknown,,,,,0,0,Urban,1,,,Fine,Null
1769910,5899366,10377,,523911,0,,0,2,,Null,2009/2010,GREAT SOUTH ROAD,SPARTAN ROAD,,Non-Injury Crash,No,2009,,South,,0,,Flat,,,,,,Dark,766500,0,0,0,4,,,0,,,,,,Auckland Region,Nil,2-way,Sealed,,0,0,,70,,On,0,0,,76,Auckland,Stop,,,,,0,0,Urban,0,,,Fine,Null
1756992,5919624,10378,,514102,0,0,0,1,0,West,2009/2010,SCOTIA PLACE,QUEEN ST,,Non-Injury Crash,No,2009,0,North,0,0,0,Hill Road,0,Labour Weekend,0,,0,Bright sun,435900,0,0,0,2,0,0,0,0,0,,0,0,Auckland Region,Nil,2-way,Sealed,0,0,0,0,50,0,Off,0,0,,76,Auckland,Nil,0,0,0,0,0,0,Urban,1,1,0,Fine,Null
2037581,5708037,10379,,544600,0,,0,1,,North,2008/2009,READS QUAY,SH 35,,Non-Injury Crash,No,2009,,North,,0,,Flat,,,,,,Overcast,1371700,0,0,0,2,,,0,,,,,,Gisborne Region,Nil,2-way,Sealed,,0,0,,50,,Null,0,0,,28,Gisborne District,Nil,,,,,0,0,Urban,1,,,Light rain,Null
1931616,5617473,10380,,547100,0,,0,2,,Null,2009/2010,GLOUCESTER ST,OSIER ROAD,,Non-Injury Crash,No,2009,,North,,0,,Flat,,,,,,Overcast,1456402,0,0,0,2,,,0,,,,,,Hawke's Bay Region,Nil,2-way,Sealed,,0,0,,50,,Null,0,0,,31,Napier City,Give way,,,,,0,0,Urban,0,,,Fine,Null
1885500,5773877,10381,,540410,0,0,0,1,0,West,2009/2010,HINEMOA ST,HATUPATU DRIVE,,Non-Injury Crash,No,2009,0,East,0,0,0,Flat,0,,0,,0,Bright sun,1234000,0,0,0,2,0,0,0,0,1,,0,0,Bay of Plenty Region,Nil,2-way,Sealed,0,0,0,0,50,0,Null,1,0,,24,Rotorua District,Unknown,0,0,0,0,0,0,Urban,0,0,0,Fine,Null
1763494,5910651,10382,,520500,0,,0,2,,Null,2009/2010,GREAT SOUTH ROAD,PORTAGE ROAD,,Non-Injury Crash,No,2009,,North,,0,,Flat,,,,,,Bright sun,637801,0,0,0,2,,,0,,,,,,Auckland Region,Nil,2-way,Sealed,,0,0,,50,,Off,0,0,,76,Auckland,Traffic Signals,,,,,0,0,Urban,0,,,Light rain,Null
1718756,6048707,10383,,502300,0,,0,2,,West,2009/2010,WHAU VALLEY ROAD,SH 1N,,Non-Injury Crash,No,2009,,East,,0,,Null,,,,,,Bright sun,89400,0,0,0,2,,,0,,,,,,Northland Region,Nil,2-way,Sealed,,0,0,,50,,Off,0,0,,2,Whangarei District,Nil,,,,,0,0,Urban,0,,,Fine,Null
1759139,5910092,10384,,524002,0,,0,2,,South,2009/2010,CORONATION ROAD,CHURCH ROAD,,Non-Injury Crash,No,2009,,South,,0,,Flat,,,,,,Bright sun,722502,0,0,0,2,,,0,,,,,,Auckland Region,Nil,2-way,Sealed,,0,0,,50,,None,0,0,,76,Auckland,Nil,,,,,0,0,Urban,0,,,Fine,Null
1898767,5811574,10385,,536651,0,,0,2,,Null,2009/2010,TE PUKE HIGHWAY,MAKETU ROAD,,Non-Injury Crash,No,2009,,East,,0,,Flat,,,,,,Bright sun,1211000,0,0,0,3,,,0,,,,,,Bay of Plenty Region,Nil,2-way,Sealed,,0,0,,100,,Null,0,0,,22,Western Bay of Plenty District,Stop,,,,,0,0,Open,0,,,Fine,Null
1749083,5428834,10386,,572900,0,,0,1,,Null,2008/2009,MULGRAVE ST,THORNDON ST,,Non-Injury Crash,No,2009,,South,,0,,Hill Road,,Easter,,,,Dark,2122800,0,0,0,2,,,0,,,,,,Wellington Region,Nil,2-way,Sealed,,0,0,,50,,On,0,1,,47,Wellington City,Traffic Signals,,,,,0,0,Urban,1,,,Fine,Null
1600848,5446454,10387,,584301,0,,0,2,,Null,2008/2009,SH 60,WHARF ROAD,,Non-Injury Crash,No,2009,,East,,0,,Flat,,,,,,Bright sun,2372801,0,0,0,2,,,0,,,,,,Tasman Region,Nil,2-way,Sealed,,0,0,,50,,Null,0,0,,51,Tasman District,Give way,,,,,0,0,Urban,0,,,Fine,Null
1613842,5422718,10388,,581720,0,0,0,1,0,South,2008/2009,SH 6,NORMAN ANDREWS PLACE,,Non-Injury Crash,Yes,2009,0,South,0,0,0,Flat,0,,0,,0,Bright sun,2359100,0,0,0,2,0,0,0,0,1,,0,0,Tasman Region,Nil,2-way,Sealed,0,0,0,0,50,0,Null,0,0,,51,Tasman District,Nil,0,0,0,0,0,0,Urban,1,0,0,Fine,Null
1804913,5812887,10389,,530800,0,0,0,2,0,North,2009/2010,RIVERLEA ROAD,MEXTED PLACE,,Non-Injury Crash,No,2009,0,North,0,0,0,Flat,0,,0,,0,Dark,884000,0,0,0,2,0,0,0,0,1,,0,0,Waikato Region,Nil,2-way,Sealed,0,0,0,0,50,0,On,0,0,,16,Hamilton City,Nil,0,0,0,0,0,0,Urban,0,0,0,Fine,Null
1765138,5913380,10390,,520500,0,,0,2,,Null,2008/2009,SOUTH-EASTERN HIGHWAY,WAIPUNA ROAD W,,Non-Injury Crash,No,2009,,East,,0,,Flat,,Queens Birthday,,,,Dark,638908,0,0,0,4,,,0,,,,,,Auckland Region,Nil,2-way,Sealed,,0,0,,80,,On,0,0,,76,Auckland,Traffic Signals,,,,,0,0,Open,0,,,Fine,Null
1950654,5791045,10391,,542440,0,,0,2,,Null,2009/2010,COMMERCE ST,MCALISTER STREET,,Non-Injury Crash,No,2009,,South,,0,,Flat,,,,,,Bright sun,1308000,0,0,0,2,,,0,,,,,,Bay of Plenty Region,Nil,2-way,Sealed,,0,0,,50,,Off,0,0,,25,Whakatane District,Give way,,,,,0,0,Urban,0,,,Fine,Null
1800174,5812983,10392,,529100,0,,0,2,,West,2008/2009,SH 1N,CRESCENT COURT,,Non-Injury Crash,Yes,2009,,East,,0,,Flat,,,,,,Overcast,930404,0,0,0,1,,,0,,,,,,Waikato Region,Nil,2-way,Sealed,,0,0,,50,,Off,0,0,,16,Hamilton City,Nil,,,,,0,0,Urban,0,,,Light rain,Null
1857144,5838248,10393,,536615,0,,0,1,,Null,2008/2009,SH 2,WHARAWHARA ROAD,,Non-Injury Crash,Yes,2009,,North,,0,,Flat,,,,,,Dark,1182704,0,0,0,2,,,0,,,,,,Bay of Plenty Region,Nil,2-way,Sealed,,0,0,,100,,On,0,0,,22,Western Bay of Plenty District,Stop,,,,,0,0,Open,1,,,Fine,Null
1757413,5446554,10394,,571600,0,,0,2,,North,2008/2009,CONCLUSION ST,DESERT GOLD ST,,Non-Injury Crash,No,2009,,South,,0,,Flat,,,,,,Bright sun,2057302,0,0,0,2,,,0,,,,,,Wellington Region,Nil,2-way,Sealed,,0,0,,50,,Null,0,0,,44,Porirua City,Nil,,,,,0,0,Urban,0,,,Fine,Null
1796676,5445335,10395,,579803,0,0,0,2,1,East,2008/2009,SH 2,BOUNDARY ROAD,,Non-Injury Crash,Yes,2009,0,East,0,0,0,Flat,0,,0,,0,Bright sun,2272100,0,0,0,2,0,0,0,0,0,,0,0,Wellington Region,Nil,2-way,Sealed,0,0,0,0,100,0,Null,0,0,,50,South Wairarapa District,Nil,0,0,0,0,0,0,Open,0,0,0,Fine,Null
1758205,5920235,10396,,514103,0,,1,1,,South,2009/2010,PARNELL RISE,BEACH ROAD,,Non-Injury Crash,No,2009,,East,,0,,Flat,,,,,,Bright sun,438203,0,0,0,2,,,0,,,,,,Auckland Region,Nil,2-way,Sealed,,0,0,,50,,Off,0,0,,76,Auckland,Stop,,,,,0,0,Urban,0,,,Fine,Null
1753533,5931223,10397,,508807,0,,0,2,,West,2009/2010,SH 18,CARIBBEAN DRIVE,,Non-Injury Crash,Yes,2009,,East,,0,,Flat,,,,,,Overcast,180810,0,0,0,2,,,0,,,,,,Auckland Region,Nil,1-way,Sealed,,0,0,,80,,Off,0,0,,76,Auckland,Nil,,,,,0,0,Open,0,,,Fine,Strong wind
1751925,5915485,10398,,517901,0,,0,2,,Null,2009/2010,NEW NORTH ROAD,SOLJAK PLACE,,Non-Injury Crash,No,2009,,North,,0,,Flat,,,,,,Bright sun,523800,0,0,0,4,,,0,,,,,,Auckland Region,Nil,2-way,Sealed,,0,0,,50,,Off,0,0,,76,Auckland,Stop,,,,,0,0,Urban,0,,,Fine,Null
1692817,6094297,10399,,501633,0,0,0,1,0,East,2008/2009,SH 11,RETREAT ROAD,,Non-Injury Crash,Yes,2009,0,East,0,0,1,Flat,0,,0,,0,Overcast,50804,0,0,0,2,0,0,0,0,0,,0,0,Northland Region,Nil,2-way,Sealed,0,0,0,0,100,0,None,0,0,50,1,Far North District,Nil,0,0,0,0,0,0,Open,0,0,0,Light rain,Null
1695533,6090554,10400,,501633,0,0,0,1,0,East,2009/2010,OROMAHOE ROAD,SH 10,,Non-Injury Crash,No,2009,0,East,0,0,1,Flat,0,,0,,0,Dark,50805,0,0,0,0,0,0,0,0,0,,0,0,Northland Region,Nil,2-way,Unsealed,0,0,0,0,100,0,None,0,0,,1,Far North District,Unknown,0,0,0,0,0,0,Open,0,0,0,Fine,Null
1800713,5814919,10401,,529700,0,0,0,1,0,Null,2009/2010,TRISTRAM ST,COLLINGWOOD ST,,Non-Injury Crash,No,2009,0,North,0,0,0,Flat,0,,0,,0,Overcast,911500,0,0,0,2,0,0,0,0,0,,0,0,Waikato Region,Nil,2-way,Sealed,0,0,0,0,50,0,Null,0,0,,16,Hamilton City,Give way,1,1,0,0,0,0,Urban,0,0,0,Fine,Null
1877082,5821233,10402,,538102,0,,0,2,,West,2009/2010,COURTNEY ROAD,TWENTYSECOND AVENUE,,Non-Injury Crash,No,2009,,East,,0,,Flat,,,,,,Bright sun,1170002,0,0,0,2,,,0,,,,,,Bay of Plenty Region,Nil,2-way,Sealed,,0,0,,50,,Null,0,0,,23,Tauranga City,Unknown,,,,,0,0,Urban,0,,,Fine,Null
1786938,5813909,10403,,526601,0,0,0,0,1,North,2008/2009,KARAKARIKI ROAD,SH 23,,Non-Injury Crash,No,2009,0,North,0,0,0,Flat,0,,0,,0,Dark,859600,0,0,0,2,0,0,0,0,0,,0,0,Waikato Region,Nil,2-way,Sealed,0,0,0,0,100,0,None,1,0,,13,Waikato District,Nil,0,0,0,0,0,0,Open,0,0,0,Light rain,Null
1756754,5918602,10404,,515600,0,0,0,3,0,North,2009/2010,EXMOUTH ST,NEW NORTH ROAD,,Non-Injury Crash,No,2009,0,North,0,0,0,Hill Road,0,,0,,0,Dark,420500,0,0,0,2,0,0,0,0,3,,0,0,Auckland Region,Nil,2-way,Sealed,0,0,0,0,50,0,On,0,0,,76,Auckland,Nil,0,0,0,0,0,0,Urban,1,0,0,Fine,Null
1791451,5783263,10405,,531303,0,0,0,1,0,North,2009/2010,SH 39,CANNON ROAD,,Non-Injury Crash,Yes,2009,0,North,0,0,1,Flat,0,,0,,0,Dark,995000,0,0,0,2,0,0,0,0,0,,0,0,Waikato Region,Nil,2-way,Sealed,0,0,0,0,100,0,None,0,0,,18,Ōtorohanga District,Nil,0,0,0,0,0,0,Open,0,0,0,Heavy rain,Null
1908215,5573893,10406,,549200,0,0,0,0,0,West,2009/2010,RACECOURSE ROAD,HOMEWOOD ROAD,,Non-Injury Crash,No,2009,0,East,0,0,1,Flat,0,,0,,0,Dark,1511300,0,0,0,2,0,0,0,0,0,,0,0,Hawke's Bay Region,Nil,2-way,Sealed,0,0,0,0,100,0,None,1,0,,32,Central Hawke's Bay District,Nil,0,0,0,0,0,0,Open,0,0,0,Light rain,Null
1761420,5914328,10407,,520202,0,,0,2,,Null,2009/2010,PENROSE OFF SBD,PENROSE INT,,Non-Injury Crash,Yes,2009,,South,,0,,Hill Road,,,,,,Dark,612501,0,0,0,2,,,0,,,,,,Auckland Region,Motorway ramp,1-way,Sealed,,0,0,,50,,On,0,0,,76,Auckland,Give way,,,,,0,0,Urban,0,,,Fine,Null
1768346,5906128,10408,,523721,0,0,0,1,0,Null,2009/2010,FLAT BUSH ROAD,RAVENNA WAY,,Non-Injury Crash,No,2009,0,East,0,0,0,Flat,0,,0,,0,Bright sun,715504,0,0,0,2,0,0,0,0,1,,0,0,Auckland Region,Nil,2-way,Sealed,0,0,0,0,50,0,Off,0,0,,76,Auckland,Nil,0,0,0,0,0,0,Urban,1,0,0,Fine,Null
1881404,5828819,10409,,536810,0,0,0,2,0,Null,2009/2010,SUTHERLAND AVENUE,MAUNGANUI ROAD,,Non-Injury Crash,No,2009,0,East,0,0,1,Flat,0,,0,,1,Dark,1196600,0,0,0,2,0,0,0,0,1,,0,0,Bay of Plenty Region,Nil,2-way,Sealed,0,0,0,0,50,0,On,0,0,,23,Tauranga City,Nil,0,0,0,0,0,0,Urban,0,0,0,Fine,Null
1837050,5819748,10410,,534604,0,0,0,0,0,South,2009/2010,MORRINSVILLE WALTON ROAD,LANDSDOWNE ROAD,,Non-Injury Crash,No,2009,0,North,0,0,0,Hill Road,0,,0,,0,Dark,1099400,0,0,0,1,0,0,0,0,0,,0,0,Waikato Region,Nil,2-way,Sealed,0,0,0,0,100,0,None,1,0,,15,Matamata-Piako District,Nil,0,0,0,0,0,0,Open,0,0,0,Fine,Null
1820689,5871595,10411,,533800,0,0,0,1,0,Null,2008/2009,PIPIROA ROAD,SH 2,,Non-Injury Crash,Yes,2009,0,South,0,0,0,Flat,0,,1,,0,Bright sun,1067907,0,0,0,2,0,0,0,0,0,,0,0,Waikato Region,Nil,2-way,Sealed,0,0,0,0,50,0,Null,0,0,,12,Hauraki District,Give way,1,0,0,0,0,0,Urban,0,0,0,Fine,Null
1760378,5917871,10412,,516102,0,0,0,2,0,South,2009/2010,VICTORIA AVENUE,WALTON ST,,Non-Injury Crash,No,2009,0,South,0,0,0,Flat,0,,0,,0,Bright sun,483400,0,0,0,2,0,0,0,0,1,,0,0,Auckland Region,Nil,2-way,Sealed,0,0,0,0,50,0,None,0,0,,76,Auckland,Nil,0,0,0,0,0,0,Urban,0,0,0,Fine,Null
1766972,5906800,10413,,522302,0,0,0,1,1,South,2008/2009,SH 1N,EAST TAMAKI OBR,,Non-Injury Crash,Yes,2009,0,North,1,0,0,Flat,0,,0,,0,Overcast,669700,0,0,0,3,0,0,0,0,0,,0,0,Auckland Region,Nil,2-way,Sealed,0,0,0,0,100,0,Off,0,0,,76,Auckland,Nil,0,0,0,1,0,0,Open,0,0,0,Fine,Null
1744317,5922551,10414,,513512,0,,0,2,,Null,2009/2010,ROYAL ROAD,MAKORA ROAD,,Non-Injury Crash,No,2009,,North,,0,,Hill Road,,,,,,Overcast,225501,0,0,0,1,,,0,,,,,,Auckland Region,Nil,2-way,Sealed,,0,0,,50,,Off,0,0,,76,Auckland,Traffic Signals,,,,,0,0,Urban,0,,,Light rain,Null
1763533,5906424,10415,,524302,0,0,0,0,1,Null,2008/2009,PORTAGE ROAD,BUCKLAND ROAD,,Non-Injury Crash,No,2009,0,East,0,0,0,Flat,0,,0,,0,Overcast,745500,0,0,0,2,0,0,0,0,0,,0,0,Auckland Region,Nil,2-way,Sealed,0,0,0,0,50,0,Off,0,0,,76,Auckland,Give way,0,0,0,0,0,0,Urban,1,0,0,Fine,Null
1803044,5815872,10416,,530500,0,,0,2,,South,2009/2010,NOTTINGHAM DRIVE,FINCHLEY PLACE,,Non-Injury Crash,No,2009,,North,,0,,Flat,,,,,,Dark,889406,0,0,0,2,,,0,,,,,,Waikato Region,Nil,2-way,Sealed,,0,0,,50,,On,0,0,,16,Hamilton City,Give way,,,,,0,0,Urban,0,,,Fine,Null
1764409,5440226,10417,,568201,0,,0,2,,West,2008/2009,REYNOLDS ST,MOLESWORTH ST,,Non-Injury Crash,No,2009,,South,,0,,Flat,,,,,,Overcast,1935900,0,0,0,2,,,0,,,,,,Wellington Region,Nil,2-way,Sealed,,0,0,,50,,Null,0,0,,46,Lower Hutt City,Nil,,,,,0,0,Urban,0,,,Fine,Null
1877683,5820864,10418,,537700,0,,0,2,,Null,2008/2009,LLOYD ST,TARATOA ST,,Non-Injury Crash,No,2009,,North,,0,,Flat,,,,,,Bright sun,1173900,0,0,0,2,,,0,,,,,,Bay of Plenty Region,Nil,2-way,Sealed,,0,0,,50,,Off,0,0,,23,Tauranga City,Give way,,,,,0,0,Urban,0,,,Fine,Null
1765375,5915448,10419,,520301,0,,0,2,,Null,2009/2010,PILKINGTON ROAD,JELLICOE ROAD,,Non-Injury Crash,No,2009,,North,,0,,Flat,,,,,,Dark,627900,0,0,0,2,,,0,,,,,,Auckland Region,Nil,2-way,Sealed,,0,0,,50,,On,0,0,,76,Auckland,Give way,,,,,0,0,Urban,0,,,Light rain,Null
1936979,5621245,10420,,546901,0,,0,1,,Null,2008/2009,STATION ST,HASTINGS ST,,Non-Injury Crash,No,2009,,North,,0,,Flat,,,,,,Bright sun,1428700,0,0,0,2,,,0,,,,,,Hawke's Bay Region,Nil,2-way,Sealed,,0,0,,50,,Null,1,0,,31,Napier City,Stop,,,,,0,0,Urban,0,,,Fine,Null
1751177,5915030,10421,,514402,0,,0,1,,Null,2008/2009,GREAT NORTH ROAD,ST GEORGES ROAD,,Non-Injury Crash,No,2009,,North,,0,,Flat,,,,,,Overcast,381000,0,0,0,2,,,0,,,,,,Auckland Region,Nil,2-way,Sealed,,0,0,,50,,Null,0,0,,76,Auckland,Give way,,,,,0,0,Urban,1,,,Fine,Null
1760452,5918688,10422,,516102,0,,0,2,,Null,2009/2010,SHORE ROAD,VICTORIA AVENUE,,Non-Injury Crash,No,2009,,East,,0,,Hill Road,,,,,,Bright sun,483000,0,0,0,2,,,0,,,,,,Auckland Region,Nil,2-way,Sealed,,0,0,,50,,Off,0,0,,76,Auckland,Stop,,,,,0,0,Urban,0,,,Fine,Null
1884572,5773580,10423,,540410,0,,0,2,,Null,2009/2010,RANOLF ST,PERERIKA ST,,Non-Injury Crash,No,2009,,North,,0,,Flat,,,,,,Bright sun,1232102,0,0,0,2,,,0,,,,,,Bay of Plenty Region,Nil,2-way,Sealed,,0,0,,50,,Null,0,0,,24,Rotorua District,Stop,,,,,0,0,Urban,0,,,Fine,Null
1705921,6071045,10424,65,501620,0,0,0,1,0,North,2009/2010,SH 1N,AKERAMA ROAD,,Non-Injury Crash,Yes,2009,0,North,0,0,0,Flat,0,,0,,0,Overcast,46002,0,0,0,2,0,0,0,1,0,,0,0,Northland Region,Nil,2-way,Sealed,0,0,0,0,100,0,Off,0,0,,1,Far North District,Nil,0,0,0,0,0,0,Open,0,0,0,Fine,Null
1802510,5813532,10425,,530300,0,,0,1,,North,2008/2009,GREY ST,SH 1N,,Non-Injury Crash,No,2009,,South,,0,,Flat,,,,,,Bright sun,881800,0,0,0,2,,,0,,,,,,Waikato Region,Nil,2-way,Sealed,,0,0,,50,,Null,0,0,,16,Hamilton City,Stop,,,,,0,0,Urban,1,,,Fine,Null
1843545,5530999,10426,,550500,0,,0,2,,Null,2008/2009,MCLEAN ST,ATKINSON ST,,Non-Injury Crash,No,2009,,West,,0,,Flat,,,,,,Bright sun,1540700,0,0,0,2,,,0,,,,,,Manawatū-Whanganui Region,Nil,2-way,Sealed,,0,0,,50,,Null,0,0,,41,Tararua District,Give way,,,,,0,0,Urban,0,,,Fine,Null
1766517,5912825,10427,,522920,0,0,0,1,0,West,2008/2009,PAKURANGA HIGHWAY,TI RAKAU DRIVE,,Non-Injury Crash,No,2009,0,West,0,0,0,Flat,0,,0,,0,Dark,683800,0,0,0,4,0,0,0,0,0,,0,1,Auckland Region,Nil,2-way,Sealed,0,0,0,0,80,0,On,0,0,,76,Auckland,Unknown,0,0,0,0,0,0,Open,0,0,0,Heavy rain,Null
1757034,5917816,10428,,518101,0,0,0,1,0,South,2008/2009,PUKA ST,MOUNT EDEN ROAD,,Non-Injury Crash,No,2009,0,North,0,0,0,Hill Road,0,,0,,0,Bright sun,543200,0,0,0,2,0,0,0,0,1,,0,0,Auckland Region,Nil,2-way,Sealed,0,0,0,0,50,0,Off,1,0,,76,Auckland,Nil,0,0,0,0,0,0,Urban,0,0,0,Fine,Null
1765926,5880783,10429,,521112,0,,0,1,,Null,2009/2010,CORBETT ROAD,HART ROAD,,Non-Injury Crash,No,2009,,East,,0,,Flat,,,,,,Bright sun,826500,0,0,0,2,,,0,,,,,,Auckland Region,Nil,2-way,Sealed,,0,0,,100,,None,1,0,,76,Auckland,Nil,,,,,0,0,Open,0,,,Fine,Null
1852589,5790131,10430,,535232,0,0,0,0,1,West,2008/2009,SH 5,FITZGERALD GLADE,,Non-Injury Crash,Yes,2009,0,West,0,0,0,Flat,0,,0,,0,Overcast,1127701,0,0,0,2,0,0,0,0,0,,0,0,Waikato Region,Nil,2-way,Sealed,0,0,0,0,100,0,Null,1,0,,19,South Waikato District,Unknown,0,0,0,0,0,0,Open,0,0,0,Snow,Null
1760599,5915572,10431,,520201,0,,0,2,,North,2009/2010,SH 1N,TE COMA OFF SBD,,Non-Injury Crash,Yes,2009,,South,,0,,Flat,,,,,,Dark,613000,0,0,0,3,,,0,,,,,,Auckland Region,Nil,1-way,Sealed,,0,0,,100,,On,0,0,,76,Auckland,Unknown,,,,,0,0,Open,0,,,Fine,Null
1745298,5919652,10432,,513301,0,,0,2,,South,2009/2010,LINCOLN ROAD,UNIVERSAL DRIVE,,Non-Injury Crash,No,2009,,North,,0,,Flat,,,,,,Overcast,232001,0,0,0,5,,,0,,,,,,Auckland Region,Nil,2-way,Sealed,,0,0,,50,,Null,0,0,,76,Auckland,Unknown,,,,,0,0,Urban,0,,,Heavy rain,Null
1932032,5601197,10433,,548810,0,0,0,1,0,East,2008/2009,ELLIOTT CRESCENT,UPHAM ST,,Non-Injury Crash,No,2009,0,East,0,0,0,Flat,0,,0,,0,Bright sun,1506000,0,0,0,2,0,0,0,0,1,,0,0,Hawke's Bay Region,Nil,2-way,Sealed,0,0,0,0,50,0,Null,0,0,,30,Hastings District,Nil,0,0,0,0,0,0,Urban,1,0,0,Fine,Null
1751755,5925810,10434,,510220,0,0,0,2,0,West,2009/2010,STOTT AVENUE,BIRKDALE ROAD,,Non-Injury Crash,No,2009,0,East,0,0,0,Hill Road,0,,0,,0,Bright sun,349700,0,0,0,2,0,0,0,0,1,,0,0,Auckland Region,Nil,2-way,Sealed,0,0,0,0,50,0,Off,0,0,,76,Auckland,Nil,0,0,0,0,0,0,Urban,0,0,0,Fine,Null
1770349,5898960,10435,,523911,0,0,0,1,0,East,2009/2010,MANUROA ROAD,GREAT SOUTH ROAD,,Non-Injury Crash,No,2009,0,East,0,0,1,Flat,0,,0,,0,Dark,768200,0,0,0,2,0,0,0,0,0,,0,0,Auckland Region,Nil,2-way,Sealed,0,0,0,0,50,0,On,0,0,,76,Auckland,Nil,0,0,0,0,0,0,Urban,0,0,0,Light rain,Null
1755429,5922071,10436,,515202,0,,0,2,,North,2009/2010,SH 1N,CURRAN ON NBD,,Non-Injury Crash,Yes,2009,,North,,0,,Hill Road,,,,,,Dark,423600,0,0,0,4,,,0,,,,,,,Nil,1-way,Sealed,,0,0,,80,,On,0,0,,76,Auckland,Unknown,,,,,0,0,Open,0,,,Fine,Null
1767127,5904042,10437,,524602,0,0,0,1,1,West,2009/2010,WIRI STATION ROAD,DAVIES AVENUE,,Non-Injury Crash,No,2009,0,West,0,0,0,Flat,1,,0,,0,Dark,780416,0,0,0,2,0,0,0,0,0,,0,0,Auckland Region,Nil,2-way,Sealed,0,0,0,0,50,0,On,0,0,,76,Auckland,Nil,0,0,0,0,0,0,Urban,0,0,0,Fine,Null
1755053,5929412,10438,,508420,0,0,0,2,0,East,2009/2010,LINK DRIVE,TARGET ROAD,,Non-Injury Crash,No,2009,0,East,0,0,0,Flat,0,,0,,0,Bright sun,183800,0,0,0,2,0,0,0,0,0,,0,0,Auckland Region,Nil,2-way,Sealed,0,0,0,0,50,0,Off,0,0,,76,Auckland,Nil,0,0,0,1,0,0,Urban,0,0,0,Fine,Null
1757552,5918558,10439,,514302,0,,0,1,,South,2008/2009,SH 1N,KHYBER PASS OBR,,Non-Injury Crash,Yes,2009,,South,,0,,Flat,,,,,,Overcast,442100,0,0,0,4,,,0,,,,,,Auckland Region,Nil,1-way,Sealed,,0,0,,80,,Off,0,0,,76,Auckland,Nil,,,,,1,0,Open,0,,,Fine,Null
1758459,5435464,10440,,569202,0,,1,0,,Null,2009/2010,VICTORIA ST,MONTAGUE ST,,Non-Injury Crash,No,2009,,South,,0,,Flat,,,,,,Dark,1923200,0,0,0,2,,,0,,,,,,Wellington Region,Nil,2-way,Sealed,,0,0,,50,,On,0,0,,46,Lower Hutt City,Traffic Signals,,,,,1,0,Urban,0,,,Fine,Null
1754929,5914509,10441,,518500,0,,0,2,,Null,2008/2009,MOUNT ALBERT ROAD,MONS AVENUE,,Non-Injury Crash,No,2009,,East,,0,,Flat,,,,,,Bright sun,560300,0,0,0,2,,,0,,,,,,Auckland Region,Nil,2-way,Sealed,,0,0,,50,,Off,0,0,,76,Auckland,Stop,,,,,0,0,Urban,0,,,Fine,Null
1804191,5790504,10442,,531004,0,0,0,0,0,Null,2008/2009,ARAWATA ST,ALEXANDRA ST,,Non-Injury Crash,No,2009,0,South,0,0,0,Flat,0,,1,,0,Twilight,973300,0,0,0,2,0,0,0,0,0,,0,0,Waikato Region,Nil,2-way,Sealed,0,0,0,0,50,0,On,0,0,,17,Waipa District,Give way,0,0,0,0,1,0,Urban,0,0,0,Fine,Null