X,Y,OBJECTID,advisorySpeed,areaUnitID,bicycle,bridge,bus,carStationWagon,cliffBank,crashDirectionDescription,crashFinancialYear,crashLocation1,crashLocation2,crashRoadSideRoad,crashSeverity,crashSHDescription,crashYear,debris,directionRoleDescription,ditch,fatalCount,fence,flatHill,guardRail,holiday,houseOrBuilding,intersection,kerb,light,meshblockId,minorInjuryCount,moped,motorcycle,NumberOfLanes,objectThrownOrDropped,otherObject,otherVehicleType,overBank,parkedVehicle,pedestrian,phoneBoxEtc,postOrPole,region,roadCharacter,roadLane,roadSurface,roadworks,schoolBus,seriousInjuryCount,slipOrFlood,speedLimit,strayAnimal,streetLight,suv,taxi,temporarySpeedLimit,tlaId,tlaName,trafficControl,trafficIsland,trafficSign,train,tree,truck,unknownVehicleType,urban,vanOrUtility,vehicle,waterRiver,weatherA,weatherB
1748781,5428015,10443,,573000,0,,0,2,,Null,2008/2009,HUNTER ST,CUSTOMHOUSE QUAY,,Non-Injury Crash,No,2009,,East,,0,,Flat,,Christmas New Year,,,,Twilight,2125800,0,0,0,3,,,0,,,,,,Wellington Region,Nil,1-way,Sealed,,0,0,,30,,Off,0,0,,47,Wellington City,Traffic Signals,,,,,0,0,Urban,0,,,Fine,Null
1747424,5916002,10444,,511601,0,,0,1,,West,2009/2010,FARQUHAR ROAD,GLENDENE AVENUE,,Non-Injury Crash,No,2009,,North,,0,,Flat,,,,,,Dark,275400,0,0,0,2,,,0,,,,,,Auckland Region,Nil,2-way,Sealed,,0,0,,50,,On,0,0,,76,Auckland,Nil,,,,,1,0,Urban,0,,,Heavy rain,Null
1752522,5915099,10445,,517902,0,0,0,0,0,East,2009/2010,HENDON AVENUE,RANGE VIEW ROAD,,Non-Injury Crash,No,2009,0,North,0,0,0,Flat,0,Christmas New Year,0,,0,Bright sun,519300,0,0,0,2,0,0,0,0,0,,0,0,Auckland Region,Nil,2-way,Sealed,0,0,0,0,50,0,Off,0,0,,76,Auckland,Nil,0,0,0,1,1,0,Urban,0,0,0,Fine,Null
1574596,5391134,10446,35,581842,0,,0,0,,East,2009/2010,SH 6,TADMOR-GLENHOPE ROAD,,Non-Injury Crash,Yes,2009,,North,,0,,Flat,,,,,,Overcast,2376202,0,0,0,2,,,0,,,,,,Tasman Region,Nil,2-way,Sealed,,0,0,,100,,Null,0,0,,51,Tasman District,Nil,,,,,0,0,Open,1,,,Heavy rain,Null
1720569,6050258,10447,,502202,0,0,0,2,0,South,2009/2010,ARATIATIA PLACE,KIRIPAKA ROAD,,Non-Injury Crash,No,2009,0,North,0,0,0,Flat,0,,0,,0,Overcast,61803,0,0,0,2,0,0,0,0,1,,0,0,Northland Region,Nil,2-way,Sealed,0,0,0,0,50,0,Off,0,0,,2,Whangarei District,Nil,0,0,0,0,0,0,Urban,0,0,0,Light rain,Null
1749760,5430530,10448,,574500,0,0,0,1,0,South,2008/2009,AOTEA ON NBD,SH 1N,,Non-Injury Crash,Yes,2009,0,West,0,0,0,Hill Road,1,,0,,0,Overcast,2093600,0,0,0,1,0,0,0,0,0,,0,0,Wellington Region,Motorway ramp,1-way,Sealed,0,0,0,0,100,0,Null,0,0,,47,Wellington City,Nil,0,0,0,0,0,0,Open,0,0,0,Heavy rain,Null
1801277,5817337,10449,,529800,0,0,0,1,0,West,2009/2010,HOLLAND ROAD,DAVEY PLACE,,Non-Injury Crash,No,2009,0,West,0,0,1,Flat,0,,0,,0,Dark,870600,0,0,0,2,0,0,0,0,0,,0,0,Waikato Region,Nil,2-way,Sealed,0,0,0,0,50,0,On,0,0,,16,Hamilton City,Unknown,0,0,0,0,0,0,Urban,0,0,0,Light rain,Null
1801020,5815120,10450,,529700,0,,0,2,,South,2008/2009,ALEXANDRA ST,COLLINGWOOD ST,,Non-Injury Crash,No,2009,,North,,0,,Flat,,,,,,Dark,911800,0,0,0,2,,,0,,,,,,Waikato Region,Nil,2-way,Sealed,,0,0,,50,,On,0,0,,16,Hamilton City,Nil,,,,,0,0,Urban,0,,,Fine,Null
1787531,5757055,10451,,531720,0,0,0,1,0,North,2009/2010,SH 3,GADSBY ROAD,,Non-Injury Crash,Yes,2009,0,North,0,0,1,Flat,0,,0,,0,Bright sun,1010701,0,0,0,2,0,0,0,0,0,,0,0,Waikato Region,Nil,2-way,Sealed,0,0,0,0,100,0,Null,0,0,,20,Waitomo District,Unknown,0,0,0,0,0,0,Open,0,0,0,Fine,Null
1828394,5581535,10452,,559220,0,0,0,1,0,North,2008/2009,SH 1N,MCINTYRE ROAD,,Non-Injury Crash,Yes,2009,0,North,0,0,1,Flat,0,,0,,0,Bright sun,1748000,0,0,0,2,0,0,0,0,0,,0,0,Manawatū-Whanganui Region,Nil,2-way,Sealed,0,0,0,0,100,0,Null,0,0,,38,Rangitikei District,Nil,0,0,0,0,0,0,Open,0,0,0,Fine,Null
1755305,5921750,10453,,515202,0,,0,3,,North,2009/2010,SH 1N,SHELLY BEACH OBR,,Non-Injury Crash,Yes,2009,,South,,0,,Flat,,,,,,Bright sun,423600,0,0,0,3,,,0,,,,,,Auckland Region,Bridge,1-way,Sealed,,0,0,,80,,Off,0,0,,76,Auckland,Nil,,,,,0,0,Open,0,,,Fine,Null
1370117,5192691,10454,,585312,0,0,0,1,0,East,2009/2010,SH 6,WAIHO FLAT ROAD,,Non-Injury Crash,Yes,2009,0,East,0,0,0,Flat,0,,0,,0,Dark,2418103,0,0,0,2,0,0,0,0,0,,0,1,West Coast Region,Nil,2-way,Sealed,0,0,0,0,100,0,None,0,0,,57,Westland District,Unknown,0,0,0,0,0,0,Open,0,0,0,Fine,Frost
1757022,5916915,10455,,518202,0,,1,0,,Null,2008/2009,MOUNT EDEN ROAD,OAKLANDS ROAD,,Non-Injury Crash,No,2009,,South,,0,,Hill Road,,,,,,Bright sun,550000,0,0,1,4,,,0,,,,,,Auckland Region,Nil,2-way,Sealed,,0,0,,50,,Null,0,0,,76,Auckland,Give way,,,,,0,0,Urban,0,,,Fine,Null
2035193,5710405,10456,,544300,0,,0,1,,Null,2008/2009,LYTTON ROAD,ABERDEEN ROAD,,Non-Injury Crash,No,2009,,South,,0,,Flat,,,,,,Dark,1366000,0,0,0,2,,,0,,,,,,Gisborne Region,Nil,2-way,Sealed,,0,0,,50,,On,1,0,,28,Gisborne District,Stop,,,,,0,0,Urban,0,,,Fine,Null
1680052,5404090,10457,,581230,0,,0,1,,Null,2008/2009,SH 1S,ALFRED ST,,Non-Injury Crash,Yes,2009,,East,,0,,Flat,,,,,,Bright sun,2295000,0,0,0,2,,,0,,,,,,Marlborough Region,Nil,2-way,Sealed,,0,0,,50,,Null,0,0,,53,Marlborough District,Give way,,,,,0,0,Urban,1,,,Fine,Null
1753589,5928825,10458,,508411,0,,0,2,,North,2008/2009,GLENFIELD ROAD,HOGANS ROAD,,Non-Injury Crash,No,2009,,South,,0,,Flat,,,,,,Overcast,184300,0,0,0,4,,,0,,,,,,Auckland Region,Nil,2-way,Sealed,,0,0,,50,,Null,0,0,30,76,Auckland,Unknown,,,,,0,0,Urban,0,,,Fine,Null
1726713,6053664,10459,,501814,0,,0,1,,West,2008/2009,NGUNGURU ROAD,NGUNGURU FORD ROAD,,Non-Injury Crash,No,2009,,North,,0,,Hill Road,,,,,,Overcast,61901,0,0,0,2,,,0,,,,,,Northland Region,Nil,2-way,Sealed,,0,0,,100,,Null,0,0,,2,Whangarei District,Unknown,,,,,0,0,Open,0,,,Fine,Null
1748373,5970998,10460,,505500,0,0,0,1,0,North,2009/2010,VICTORIA ST,BELMONT PLACE,,Non-Injury Crash,No,2009,0,South,0,0,1,Hill Road,0,,0,,0,Bright sun,140104,0,0,0,2,0,0,0,0,0,,0,0,Auckland Region,Nil,2-way,Sealed,0,0,0,0,50,0,None,0,0,,76,Auckland,Nil,0,0,0,0,0,0,Urban,0,0,0,Fine,Null
1882676,5828053,10461,,536821,0,,0,2,,North,2009/2010,MARINE PARADE,HART ST,,Non-Injury Crash,No,2009,,North,,0,,Flat,,,,,,Bright sun,1197700,0,0,0,2,,,0,,,,,,Bay of Plenty Region,Nil,2-way,Sealed,,0,0,,50,,Null,0,0,,23,Tauranga City,Unknown,,,,,0,0,Urban,0,,,Fine,Null
1749241,5427357,10462,,573101,0,,0,2,,Null,2009/2010,CABLE ST,TORY ST,,Non-Injury Crash,No,2009,,East,,0,,Flat,,,,,,Overcast,2135200,0,0,0,2,,,0,,,,,,Wellington Region,Nil,2-way,Sealed,,0,0,,50,,Null,0,0,,47,Wellington City,Traffic Signals,,,,,0,0,Urban,0,,,Fine,Null
1889223,5820857,10463,,536517,0,0,0,0,0,Null,2008/2009,SH 2,DOMAIN ROAD,,Non-Injury Crash,Yes,2009,0,South,0,0,0,Flat,0,,0,,0,Bright sun,1205060,0,0,1,2,0,0,0,0,0,,0,0,Bay of Plenty Region,Nil,2-way,Sealed,0,0,0,0,100,0,Null,0,0,,23,Tauranga City,Give way,1,0,0,0,0,0,Open,0,0,0,Fine,Null
1756084,5919370,10464,,515420,0,,0,2,,Null,2009/2010,HOPETOUN ST,PONSONBY ROAD,,Non-Injury Crash,No,2009,,South,,0,,Flat,,,,,,Dark,411600,0,0,0,4,,,0,,,,,,Auckland Region,Nil,2-way,Sealed,,0,0,,50,,On,0,0,,76,Auckland,Give way,,,,,0,0,Urban,0,,,Fine,Null
1801504,5818141,10465,,529501,0,,0,2,,North,2008/2009,HUKANUI ROAD,CLARKIN ROAD,,Non-Injury Crash,No,2009,,North,,0,,Flat,,,,,,Overcast,875500,0,0,0,2,,,0,,,,,,Waikato Region,Nil,2-way,Sealed,,0,0,,50,,None,0,0,,16,Hamilton City,Nil,,,,,0,0,Urban,0,,,Fine,Null
1757030,5916808,10466,,518202,0,,0,1,,South,2009/2010,MOUNT EDEN ROAD,STOKES ROAD,,Non-Injury Crash,No,2009,,South,,0,,Flat,,,,,,Bright sun,550200,0,0,0,4,,,0,,,,,,Auckland Region,Nil,2-way,Sealed,,0,0,,50,,Off,0,0,,76,Auckland,Traffic Signals,,,,,1,0,Urban,0,,,Null,Null
1685854,6096476,10467,35,501615,0,0,0,1,0,North,2009/2010,SH 10,WAKELIN ROAD,,Non-Injury Crash,Yes,2009,0,North,0,0,0,Hill Road,1,,0,,0,Overcast,50003,0,0,0,2,0,0,0,0,0,,0,0,Northland Region,Nil,2-way,Sealed,0,0,0,0,100,0,None,0,0,,1,Far North District,Nil,0,0,0,0,0,0,Open,0,0,0,Light rain,Null
1771547,5894953,10468,,521201,0,0,0,2,0,West,2009/2010,PAPAKURA OFF NBD,SH 1N,,Non-Injury Crash,Yes,2009,0,West,0,0,0,Flat,0,,0,,0,Bright sun,806700,0,0,0,1,0,0,0,0,1,,0,0,Auckland Region,Motorway ramp,1-way,Sealed,0,0,0,0,50,0,Off,0,0,,76,Auckland,Nil,0,0,0,0,0,0,Urban,0,0,0,Fine,Null
1778872,5480815,10469,,564023,0,,0,1,,North,2008/2009,GEAR ROAD,SCHOOL ROAD,,Non-Injury Crash,No,2009,,North,,0,,Flat,,,,,,Bright sun,1884701,0,0,0,2,,,0,,,,,,Wellington Region,Nil,2-way,Sealed,,0,0,,70,,Null,0,0,,43,Kapiti Coast District,Nil,,,,,1,0,Urban,0,,,Fine,Null
1762553,5440183,10470,,569500,0,,0,0,,North,2008/2009,MAJOR DRIVE,INVERCARGILL DRIVE,,Non-Injury Crash,No,2009,,North,,0,,Hill Road,,,,,,Overcast,1917414,0,0,0,2,,,0,,,,,,Wellington Region,Nil,2-way,Sealed,,0,0,,50,,Null,0,0,,46,Lower Hutt City,Nil,,,,,0,0,Urban,2,,,Fine,Null
1768189,5902430,10471,,524602,0,,0,1,,Null,2009/2010,GREAT SOUTH ROAD,BROWNS ROAD,,Non-Injury Crash,No,2009,,North,,0,,Flat,,,,,,Bright sun,780700,0,0,0,4,,,0,,,,,,Auckland Region,Nil,2-way,Sealed,,0,0,,50,,Off,1,0,,76,Auckland,Traffic Signals,,,,,0,0,Urban,0,,,Fine,Null
1774849,5447129,10472,,566900,0,0,0,1,0,Null,2008/2009,DENVER GROVE,NEVADA GROVE,,Non-Injury Crash,No,2009,0,West,0,0,1,Flat,0,,0,,0,Dark,1911203,0,0,0,2,0,0,0,0,0,,0,0,Wellington Region,Nil,2-way,Sealed,0,0,0,0,50,0,On,0,0,,45,Upper Hutt City,Nil,0,0,0,1,0,0,Urban,0,0,0,Fine,Null
1885189,5774195,10473,,540410,0,,0,1,,South,2008/2009,FENTON ST,ARAWA ST,,Non-Injury Crash,No,2009,,South,,0,,Flat,,,,,,Overcast,1233500,0,0,0,2,,,0,,,,,,Bay of Plenty Region,Nil,2-way,Sealed,,0,0,,50,,Null,1,0,,24,Rotorua District,Give way,,,,,0,0,Urban,0,,,Heavy rain,Null
1765284,5900325,10474,,524821,0,,1,1,,North,2009/2010,FINLAYSON AVENUE,BURUNDI AVENUE,,Non-Injury Crash,No,2009,,South,,0,,Hill Road,,,,,,Overcast,774409,0,0,0,2,,,0,,,,,,Auckland Region,Nil,2-way,Sealed,,0,0,,50,,Off,0,0,,76,Auckland,Nil,,,,,0,0,Urban,0,,,Fine,Null
1817692,5825381,10475,,534500,0,0,0,0,0,South,2009/2010,SH 26,KURANUI ROAD,,Non-Injury Crash,Yes,2009,0,South,1,0,1,Flat,0,,0,,0,Overcast,1091000,0,0,0,2,0,0,0,0,0,,0,0,Waikato Region,Nil,2-way,Sealed,0,0,0,0,100,0,Null,0,0,,15,Matamata-Piako District,Unknown,0,0,0,0,0,0,Open,1,0,0,Fine,Null
1768222,5913822,10476,,523000,0,,0,2,,West,2009/2010,PAKURANGA ROAD,GOSSAMER DRIVE,,Non-Injury Crash,No,2009,,West,,0,,Hill Road,,,,,,Bright sun,690700,0,0,0,2,,,0,,,,,,Auckland Region,Nil,2-way,Sealed,,0,0,,50,,Off,0,0,,76,Auckland,Nil,,,,,0,0,Urban,0,,,Fine,Null
1800856,5821594,10477,,527009,0,,0,2,,East,2009/2010,THOMAS ROAD,HORSHAM DOWNS ROAD,,Non-Injury Crash,No,2009,,West,,0,,Flat,,Christmas New Year,,,,Dark,952314,0,0,0,2,,,0,,,,,,Waikato Region,Nil,2-way,Sealed,,0,0,,50,,On,0,0,,16,Hamilton City,Nil,,,,,0,0,Urban,0,,,Fine,Null
1832685,5522387,10478,,577900,0,,0,0,,North,2008/2009,Z OFF ROAD TRACK,PAHIATUA TRACK/MAKOMAKO,,Non-Injury Crash,No,2009,,South,,0,,Flat,,,,,,Overcast,2219900,0,0,1,0,,,0,,,,,,Manawatū-Whanganui Region,Nil,Off road,Unsealed,,0,0,,50,,Null,1,0,,41,Tararua District,Nil,,,,,0,0,Urban,0,,,Fine,Null
1800040,5505248,10479,,564021,0,0,0,1,0,South,2008/2009,SH 57,TE ROHENGA ROAD,,Non-Injury Crash,Yes,2009,0,North,0,0,0,Flat,0,,0,,0,Dark,1857500,0,0,0,2,0,0,0,0,0,,0,0,Manawatū-Whanganui Region,Nil,2-way,Sealed,0,0,0,0,100,0,None,0,0,,42,Horowhenua District,Nil,0,0,0,0,0,0,Open,0,0,0,Fine,Null
1761618,5909267,10480,,524404,0,,0,1,,East,2009/2010,FAVONA ROAD,NORANA AVENUE,,Non-Injury Crash,No,2009,,West,,0,,Flat,,Christmas New Year,,,,Bright sun,730602,0,0,0,1,,,0,,,,,,Auckland Region,Nil,2-way,Sealed,,0,0,,60,,Off,0,0,,76,Auckland,Nil,,,,,0,0,Urban,0,,,Fine,Null
1880652,5819742,10481,,538302,0,0,0,1,0,East,2008/2009,JAMES COOK DRIVE,WELCOME BAY ROAD,,Non-Injury Crash,No,2009,0,East,0,0,0,Hill Road,0,,0,,0,Dark,1180100,0,0,0,2,0,0,0,0,0,,0,1,Bay of Plenty Region,Nil,2-way,Sealed,0,0,0,0,50,0,On,0,0,,23,Tauranga City,Nil,0,0,0,0,0,0,Urban,0,0,0,Fine,Null
1771554,5894945,10482,,521201,0,,0,1,,Null,2009/2010,SH 1N,PAPAKURA OFF NBD,,Non-Injury Crash,Yes,2009,,North,,0,,Flat,,,,,,Dark,806700,0,0,0,2,,,0,,,,,,Auckland Region,Nil,2-way,Sealed,,0,0,,100,,On,0,0,,76,Auckland,Nil,,,,,0,0,Open,1,,,Fine,Null
1747254,5919852,10483,,512300,0,,0,2,,Null,2009/2010,TE ATATU ROAD,TE ATATU ON EBD EAST,,Non-Injury Crash,No,2009,,South,,0,,Flat,,,,,,Overcast,252000,0,0,0,2,,,0,,,,,,Auckland Region,Bridge,1-way,Sealed,,0,0,,50,,Off,0,0,,76,Auckland,Traffic Signals,,,,,0,0,Urban,0,,,Light rain,Null
1755087,5929157,10484,,508320,0,,0,2,,Null,2008/2009,WAIRAU ROAD,VIEW ROAD E,,Non-Injury Crash,No,2009,,North,,0,,Flat,,,,,,Dark,196600,0,0,0,6,,,0,,,,,,Auckland Region,Nil,2-way,Sealed,,0,0,,50,,On,0,0,,76,Auckland,Stop,,,,,0,0,Urban,0,,,Fine,Null
1752190,5915805,10485,,517902,0,,0,2,,North,2009/2010,NEW NORTH ROAD,HENDON AVENUE,,Non-Injury Crash,No,2009,,North,,0,,Flat,,,,,,Overcast,520900,0,0,0,4,,,0,,,,,,Auckland Region,Nil,2-way,Sealed,,0,0,,50,,Off,0,0,,76,Auckland,Nil,,,,,0,0,Urban,0,,,Light rain,Null
1571375,5179270,10486,,591500,0,,0,1,,North,2008/2009,BARBADOES ST,MOORHOUSE AVENUE,,Non-Injury Crash,No,2009,,South,,0,,Flat,,,,,,Twilight,2650800,0,0,1,4,,,0,,,,,,Canterbury Region,Nil,1-way,Sealed,,0,0,,50,,Off,0,0,,60,Christchurch City,Stop,,,,,0,0,Urban,0,,,Fine,Null
1768342,5901907,10487,,525001,0,,0,1,,South,2009/2010,GREAT SOUTH ROAD,GRANDE VUE ROAD,,Non-Injury Crash,No,2009,,North,,0,,Flat,,,,,,Bright sun,750800,0,0,0,2,,,0,,,,,,Auckland Region,Nil,2-way,Sealed,,0,0,,50,,Off,1,0,,76,Auckland,Nil,,,,,0,0,Urban,0,,,Fine,Null
1406990,4914958,10488,,602800,0,0,0,1,0,South,2008/2009,PORTSMOUTH DRIVE,MIDLAND ST,,Non-Injury Crash,No,2009,0,South,0,0,0,Flat,0,,0,,0,Dark,2895200,0,0,0,4,0,1,0,0,0,,0,0,Otago Region,Nil,2-way,Sealed,0,0,0,0,60,0,On,0,0,,71,Dunedin City,Unknown,0,0,0,0,0,0,Urban,0,0,0,Fine,Null
1746359,5912867,10489,,511002,0,,0,2,,North,2009/2010,WOODGLEN ROAD,GLENGARRY ROAD,,Non-Injury Crash,No,2009,,South,,0,,Flat,,,,,,Overcast,283800,0,0,0,2,,,0,,,,,,Auckland Region,Nil,2-way,Sealed,,0,0,,50,,Null,0,0,,76,Auckland,Unknown,,,,,0,0,Urban,0,,,Fine,Null
1767695,5907722,10490,,523502,0,,0,2,,Null,2008/2009,EAST TAMAKI ROAD,HILLS ROAD,,Non-Injury Crash,No,2009,,East,,0,,Flat,,,,,,Bright sun,704000,0,0,0,4,,,0,,,,,,Auckland Region,Nil,2-way,Sealed,,0,0,,50,,Off,0,0,,76,Auckland,Traffic Signals,,,,,0,0,Urban,0,,,Fine,Null
1716122,6059424,10491,,504300,0,0,0,1,0,South,2008/2009,SH 1N,VIEW OBR,,Non-Injury Crash,Yes,2009,0,South,1,0,0,Flat,0,,0,,0,Dark,63300,0,0,0,2,0,0,0,0,0,,0,0,Northland Region,Nil,2-way,Sealed,0,0,0,0,100,0,None,0,0,,2,Whangarei District,Unknown,0,0,0,0,0,0,Open,0,0,0,Light rain,Null
1719386,6045974,10492,,503100,0,0,0,1,0,North,2008/2009,BANK ST,HUNT ST,,Non-Injury Crash,No,2009,0,West,0,0,0,Flat,1,,0,,0,Bright sun,99700,0,0,0,0,0,0,0,0,0,,0,0,Northland Region,Nil,Off road,Sealed,0,0,0,0,50,0,Null,0,0,,2,Whangarei District,Nil,0,0,0,0,0,0,Urban,0,0,0,Fine,Null
1623566,6114615,10493,,500301,0,,0,2,,South,2009/2010,PUKEPOTO ROAD,BONNETT ROAD,,Non-Injury Crash,No,2009,,South,,0,,Flat,,,,,,Bright sun,15700,0,0,0,2,,,0,,,,,,Northland Region,Nil,2-way,Sealed,,0,0,,50,,Off,0,0,,1,Far North District,Nil,,,,,0,0,Urban,0,,,Fine,Null
1933329,5619383,10494,,546400,0,,0,0,,Null,2009/2010,SH 50,TARADALE ROAD,,Non-Injury Crash,Yes,2009,,East,,0,,Flat,,,,,,Dark,1427700,0,0,0,4,,,0,,,,,,Hawke's Bay Region,Nil,2-way,Sealed,,0,0,,50,,On,1,0,,31,Napier City,Give way,,,,,0,0,Urban,1,,,Fine,Null
1766442,5907632,10495,,523402,0,,0,2,,Null,2008/2009,EAST TAMAKI ROAD,OTARA ROAD,,Non-Injury Crash,No,2009,,East,,0,,Flat,,,,,,Bright sun,699300,0,0,0,6,,,0,,,,,,Auckland Region,Nil,2-way,Sealed,,0,0,,50,,Off,0,0,,76,Auckland,Traffic Signals,,,,,0,0,Urban,0,,,Light rain,Null
1822802,5801124,10496,,535241,0,0,0,2,1,West,2008/2009,SH 1N,HYDRO ROAD,,Non-Injury Crash,Yes,2009,0,West,0,0,0,Flat,0,,0,,0,Overcast,1122700,0,0,0,3,0,0,0,0,0,,0,0,Waikato Region,Nil,2-way,Sealed,0,0,0,0,100,0,Null,0,0,,17,Waipa District,Unknown,0,1,0,0,0,0,Open,0,0,0,Light rain,Null
1801319,5813658,10497,,529100,0,0,0,2,0,North,2008/2009,COBHAM DRIVE,SH 1N,,Non-Injury Crash,No,2009,0,North,0,0,0,Flat,0,,0,,0,Overcast,932200,0,0,0,4,0,0,0,0,0,,0,1,Waikato Region,Nil,2-way,Sealed,0,0,0,0,80,0,Off,0,0,,16,Hamilton City,Nil,0,0,0,0,0,0,Open,0,0,0,Light rain,Null
1744171,5923988,10498,,513521,0,0,0,1,0,South,2009/2010,OREIL AVENUE,SH 18,,Non-Injury Crash,No,2009,0,North,0,0,0,Hill Road,0,,0,,1,Dark,224241,0,0,0,2,0,0,0,0,0,,0,0,Auckland Region,Nil,2-way,Sealed,0,0,0,0,50,0,On,0,0,,76,Auckland,Unknown,0,0,0,0,0,0,Urban,0,0,0,Fine,Null
1693558,5676606,10499,,551800,0,0,0,2,0,Null,2008/2009,DAVIDSON ST,GILL ST,,Non-Injury Crash,No,2009,0,East,0,0,0,Flat,0,,0,,0,Overcast,1593200,0,0,0,2,0,0,0,0,1,,0,0,Taranaki Region,Nil,2-way,Sealed,0,0,0,0,50,0,Null,0,0,,33,New Plymouth District,Nil,0,0,0,0,0,0,Urban,0,0,0,Fine,Null
1760505,5916198,10500,,516003,0,,0,1,,West,2008/2009,GREEN LANE EAST,ASCOT AVENUE W,,Non-Injury Crash,No,2009,,East,,0,,Flat,,,,,,Bright sun,494902,0,0,0,4,,,0,,,,,,Auckland Region,Nil,2-way,Sealed,,0,0,,50,,Off,1,0,,76,Auckland,Traffic Signals,,,,,0,0,Urban,0,,,Fine,Null
1755446,5922061,10501,,515202,0,,0,2,,North,2009/2010,SH 1N,SHELLY OFF SBD,,Non-Injury Crash,Yes,2009,,South,,0,,Hill Road,,,,,,Bright sun,423600,0,0,0,5,,,0,,,,,,,Bridge,1-way,Sealed,,0,0,,80,,Off,0,0,,76,Auckland,Nil,,,,,0,0,Open,0,,,Fine,Null
1602343,5417579,10502,,581836,0,0,0,0,0,West,2008/2009,WATKINS LANE,PIGEON VALLEY ROAD,,Non-Injury Crash,No,2009,0,North,1,0,0,Flat,0,,0,,0,Dark,2352800,0,0,0,2,0,0,0,0,0,,0,1,Tasman Region,Nil,2-way,Unsealed,0,0,0,0,100,0,None,1,0,,51,Tasman District,Nil,0,0,0,0,0,0,Open,0,0,0,Fine,Null
1797940,5814567,10503,,529000,0,,0,1,,Null,2008/2009,SH 23,KILLARNEY ROAD,,Non-Injury Crash,Yes,2009,,East,,0,,Flat,,,,,,Bright sun,919000,0,0,0,2,,,0,,,,,,Waikato Region,Nil,2-way,Sealed,,0,0,,50,,Off,1,0,,16,Hamilton City,Give way,,,,,0,0,Urban,0,,,Fine,Null
1759852,5916116,10504,,516002,0,,0,3,,North,2008/2009,SH 1N,GREENLANE INT N,,Non-Injury Crash,Yes,2009,,North,,0,,Flat,,,,,,Overcast,492000,0,0,0,3,,,0,,,,,,Auckland Region,Nil,1-way,Sealed,,0,0,,100,,Off,0,0,,76,Auckland,Nil,,,,,0,0,Open,0,,,Light rain,Null
1753420,5912962,10505,,518901,0,0,0,2,0,West,2009/2010,WHITE SWAN ROAD,HAYCOCK AVENUE,,Non-Injury Crash,No,2009,0,West,0,0,0,Flat,0,,0,,0,Dark,585700,0,0,0,2,0,0,0,0,1,,0,0,Auckland Region,Nil,2-way,Sealed,0,0,0,0,50,0,On,0,0,,76,Auckland,Nil,0,0,0,0,0,0,Urban,0,0,0,Fine,Null
1766171,5914312,10506,,520601,0,0,0,2,0,East,2009/2010,KINGS ROAD,DUNKIRK ROAD,,Non-Injury Crash,No,2009,0,East,0,0,0,Flat,0,,0,,0,Unknown,629800,0,0,0,2,0,0,0,0,1,,0,0,Auckland Region,Nil,2-way,Sealed,0,0,0,0,50,0,On,0,0,,76,Auckland,Nil,0,0,0,0,0,0,Urban,0,0,0,Light rain,Null
1799935,5813048,10507,,529100,0,0,0,1,0,Null,2009/2010,SH 1N,ALISON ST,,Non-Injury Crash,Yes,2009,0,East,0,0,0,Flat,0,,0,,0,Dark,930401,0,0,0,0,0,0,0,0,0,,0,0,Waikato Region,Nil,1-way,Sealed,0,0,0,0,60,0,On,0,0,,16,Hamilton City,Stop,1,1,0,0,0,0,Urban,0,0,0,Fine,Null
1758935,5913204,10508,,519820,0,,0,1,,Null,2009/2010,ONEHUNGA MALL,MOUNT SMART ROAD,,Non-Injury Crash,No,2009,,South,,0,,Flat,,,,,,Overcast,599100,0,0,0,4,,,0,,,,,,Auckland Region,Nil,2-way,Sealed,,0,0,,50,,Off,1,0,,76,Auckland,Traffic Signals,,,,,0,0,Urban,0,,,Light rain,Null
1760228,5435742,10509,,569100,0,0,0,2,0,North,2008/2009,PENROSE ST,SHERWOOD ST,,Non-Injury Crash,No,2009,0,North,0,0,0,Flat,0,,0,,0,Overcast,1970200,0,0,0,2,0,0,0,0,1,,0,0,Wellington Region,Nil,2-way,Sealed,0,0,0,0,50,0,Null,1,0,,46,Lower Hutt City,Nil,0,0,0,0,0,0,Urban,0,0,0,Fine,Null
1753698,5444754,10510,,570700,0,0,0,1,0,Null,2008/2009,PROSSER ST,KOTUKU ST,,Non-Injury Crash,No,2009,0,North,0,0,1,Flat,0,,0,,0,Dark,2036303,0,0,0,2,0,0,0,0,0,,0,0,Wellington Region,Nil,2-way,Sealed,0,0,0,0,50,0,On,0,0,,44,Porirua City,Give way,0,0,0,0,0,0,Urban,0,0,0,Light rain,Null
1768750,5881354,10511,,525910,0,,0,2,,Null,2008/2009,TOBIN ST,SEDDON ST,,Non-Injury Crash,No,2009,,West,,0,,Flat,,,,,,Dark,818500,0,0,0,2,,,0,,,,,,Auckland Region,Nil,2-way,Sealed,,0,0,,50,,On,0,0,,76,Auckland,Give way,,,,,0,0,Urban,0,,,Fine,Null
1798979,5815185,10512,,528900,0,,0,2,,Null,2008/2009,SH 1N,SH 23,,Non-Injury Crash,Yes,2009,,North,,0,,Flat,,,,,,Bright sun,915600,0,0,0,4,,,0,,,,,,Waikato Region,Nil,2-way,Sealed,,0,0,,60,,Null,0,0,,16,Hamilton City,Traffic Signals,,,,,0,0,Urban,0,,,Fine,Null