X,Y,OBJECTID,advisorySpeed,areaUnitID,bicycle,bridge,bus,carStationWagon,cliffBank,crashDirectionDescription,crashFinancialYear,crashLocation1,crashLocation2,crashRoadSideRoad,crashSeverity,crashSHDescription,crashYear,debris,directionRoleDescription,ditch,fatalCount,fence,flatHill,guardRail,holiday,houseOrBuilding,intersection,kerb,light,meshblockId,minorInjuryCount,moped,motorcycle,NumberOfLanes,objectThrownOrDropped,otherObject,otherVehicleType,overBank,parkedVehicle,pedestrian,phoneBoxEtc,postOrPole,region,roadCharacter,roadLane,roadSurface,roadworks,schoolBus,seriousInjuryCount,slipOrFlood,speedLimit,strayAnimal,streetLight,suv,taxi,temporarySpeedLimit,tlaId,tlaName,trafficControl,trafficIsland,trafficSign,train,tree,truck,unknownVehicleType,urban,vanOrUtility,vehicle,waterRiver,weatherA,weatherB
1745931,5918738,10513,,512500,0,,0,1,,Null,2008/2009,CENTRAL PARK DRIVE,SCHOOL ROAD,,Non-Injury Crash,No,2009,,South,,0,,Flat,,,,,,Dark,257004,0,0,0,4,,,0,,,,,,Auckland Region,Nil,2-way,Sealed,,0,0,,50,,On,1,0,,76,Auckland,Give way,,,,,0,0,Urban,0,,,Light rain,Null
1797264,5816378,10514,,528501,0,,0,2,,East,2008/2009,GRANDVIEW ROAD,HOLMES ST,,Non-Injury Crash,No,2009,,East,,0,,Flat,,,,,,Overcast,904800,0,0,0,2,,,0,,,,,,Waikato Region,Nil,2-way,Sealed,,0,0,,50,,Null,0,0,,16,Hamilton City,School Patrol/warden,,,,,0,0,Urban,0,,,Fine,Null
1748547,5428315,10515,,573000,0,,0,1,,North,2008/2009,SH 1N,NORTH PORTAL SBD,,Non-Injury Crash,Yes,2009,,South,,0,,Flat,,,,,,Overcast,2124803,0,0,0,2,,,0,,,,,,Wellington Region,Nil,2-way,Sealed,,0,0,,80,,Null,0,0,,47,Wellington City,Nil,,,,,1,0,Open,0,,,Fine,Null
1764433,5914896,10516,,520303,0,,0,2,,East,2009/2010,ELLERSLIE-PANMURE HIGHWAY,MOUNT WELLINGTON HIGHWAY,,Non-Injury Crash,No,2009,,West,,0,,Flat,,,,,,Dark,627400,0,0,0,6,,,0,,,,,,Auckland Region,Nil,2-way,Sealed,,0,0,,50,,On,0,0,,76,Auckland,Give way,,,,,0,0,Urban,0,,,Heavy rain,Null
1755387,5921955,10517,,515202,0,,0,1,,South,2009/2010,SH 1N,SHELLY OFF SBD,,Non-Injury Crash,Yes,2009,,South,,0,,Flat,,,,,,Bright sun,423600,0,0,0,5,,,0,,,,,,Auckland Region,Nil,1-way,Sealed,,0,0,,80,,Off,1,0,,76,Auckland,Nil,,,,,0,0,Open,0,,,Fine,Null
1924975,5606665,10518,,548620,0,,0,2,,West,2009/2010,SWANSEA ROAD,PETERHEAD AVENUE,,Non-Injury Crash,No,2009,,West,,0,,Flat,,,,,,Bright sun,1473700,0,0,0,2,,,0,,,,,,Hawke's Bay Region,Nil,2-way,Sealed,,0,0,,50,,Null,0,0,,30,Hastings District,Nil,,,,,0,0,Urban,0,,,Fine,Null
1884737,5773685,10519,,540410,0,,0,1,,Null,2008/2009,SH 30A,AMOHIA ST,,Non-Injury Crash,Yes,2009,,East,,0,,Flat,,,,,,Dark,1236100,0,0,0,4,,,0,,,,,,Bay of Plenty Region,Nil,2-way,Sealed,,0,0,,50,,On,1,0,,24,Rotorua District,Traffic Signals,,,,,0,0,Urban,0,,,Light rain,Null
1764962,5914710,10520,,520602,0,,0,2,,Null,2008/2009,LAGOON DRIVE,QUEENS ROAD,,Non-Injury Crash,No,2009,,South,,0,,Flat,,,,,,Bright sun,628700,0,0,0,2,,,0,,,,,,Auckland Region,Nil,1-way,Sealed,,0,0,,50,,Null,0,0,,76,Auckland,Give way,,,,,0,0,Urban,0,,,Fine,Null
1936129,5784614,10521,,542540,0,,0,1,,Null,2009/2010,SH 30,KNIGHTS BR,,Non-Injury Crash,Yes,2009,,North,,0,,Flat,,,,,,Overcast,1301101,0,0,0,2,,,0,,,,,,Bay of Plenty Region,Bridge,2-way,Sealed,,0,0,,100,,Null,0,0,,25,Whakatane District,Unknown,,,,,0,0,Open,1,,,Fine,Null
1893536,5811913,10522,,538502,0,0,0,1,0,South,2008/2009,NO 1 ROAD,TE PUKE HIGHWAY,,Non-Injury Crash,No,2009,0,North,0,0,0,Flat,0,,0,,0,Dark,1208205,0,0,0,2,0,0,0,1,0,,0,0,Bay of Plenty Region,Nil,2-way,Sealed,0,0,0,0,100,0,None,0,0,,22,Western Bay of Plenty District,Unknown,0,0,0,0,0,0,Open,0,0,0,Fine,Null
1745637,5926291,10523,,513410,0,,1,0,,West,2009/2010,BRIGHAM CREEK ROAD,BRIGHAM OFF EBD,,Non-Injury Crash,No,2009,,East,,0,,Flat,,,,,,Overcast,223701,0,0,0,2,,,0,,,,,,Auckland Region,Nil,2-way,Sealed,,1,0,,80,,Off,0,0,,76,Auckland,Nil,,,,,0,0,Open,1,,,Light rain,Null
1772734,5895434,10524,,525540,0,,0,3,,North,2009/2010,GREAT SOUTH ROAD,SETTLEMENT ROAD,,Non-Injury Crash,No,2009,,South,,0,,Flat,,,,,,Bright sun,806103,0,0,0,2,,,0,,,,,,Auckland Region,Nil,2-way,Sealed,,0,0,,50,,Null,0,0,,76,Auckland,Unknown,,,,,0,0,Urban,0,,,Fine,Null
1766334,5906525,10525,,522302,0,0,0,2,0,North,2009/2010,OVERTON ROAD,TUI ROAD,,Non-Injury Crash,No,2009,0,North,0,0,0,Flat,0,,0,,0,Overcast,668500,0,0,0,,0,0,0,0,1,,0,0,Auckland Region,Nil,Off road,Sealed,0,0,0,0,50,0,None,0,0,,76,Auckland,Nil,0,0,0,0,0,0,Urban,0,0,0,Fine,Null
1817168,5802990,10526,,527503,0,,0,2,,North,2009/2010,VICTORIA ST,DUKE ST,,Non-Injury Crash,No,2009,,South,,0,,Flat,,,,,,Bright sun,962800,0,0,0,1,,,0,,,,,,Waikato Region,Nil,1-way,Sealed,,0,0,,50,,Off,0,0,,17,Waipa District,Give way,,,,,0,0,Urban,0,,,Fine,Null
1892234,5813190,10527,,538502,0,,0,1,,North,2009/2010,CAMERON ROAD,JELLICOE ST,,Non-Injury Crash,No,2009,,South,,0,,Flat,,,,,,Overcast,1214800,0,0,0,5,,,0,,,,,,Bay of Plenty Region,Nil,2-way,Sealed,,0,0,,50,,Off,1,0,,22,Western Bay of Plenty District,Unknown,,,,,0,0,Urban,0,,,Light rain,Null
1756696,5912789,10528,,518702,0,0,0,2,0,East,2009/2010,SH 20,HILLSBOROUGH OBR,,Non-Injury Crash,Yes,2009,0,South,0,0,0,Flat,0,,0,,0,Bright sun,569900,0,0,0,2,0,0,0,0,0,,0,0,Auckland Region,Motorway ramp,1-way,Sealed,0,0,0,0,80,0,Off,0,0,,76,Auckland,Nil,0,0,0,0,0,0,Open,0,1,0,Fine,Null
1730994,6033406,10529,,501806,0,0,0,1,0,South,2009/2010,ONE TREE POINT ROAD,PYLE ROAD WEST,,Non-Injury Crash,No,2009,0,North,0,0,1,Flat,0,,0,,0,Bright sun,79402,0,0,0,2,0,0,0,0,0,,0,0,Northland Region,Nil,2-way,Sealed,0,0,0,0,100,0,None,0,0,,2,Whangarei District,Nil,0,0,0,0,0,0,Open,0,0,0,Fine,Null
1756252,5918889,10530,,515500,0,,0,1,,North,2009/2010,SH 16,16 LINK 1 NBD,,Non-Injury Crash,Yes,2009,,North,,0,,Null,,,,,,Dark,417700,0,0,0,1,,,0,,,,,,Auckland Region,Motorway ramp,1-way,Sealed,,0,0,,80,,On,1,0,,76,Auckland,Nil,,,,,0,0,Open,0,,,Heavy rain,Null
1756760,5919874,10531,,514102,0,,0,2,,Null,2009/2010,UNION ST,HOBSON ST,,Non-Injury Crash,No,2009,,South,,0,,Flat,,,,,,Dark,434802,0,0,0,6,,,0,,,,,,Auckland Region,Nil,2-way,Sealed,,0,0,,50,,On,0,0,,76,Auckland,Traffic Signals,,,,,0,0,Urban,0,,,Fine,Null
1774515,5897374,10532,,525630,0,0,0,2,0,North,2009/2010,BRIGHTWELL ST,CLEVEDON ROAD,,Non-Injury Crash,No,2009,0,South,0,0,0,Flat,0,,0,,0,Dark,796100,0,0,0,2,0,0,0,0,1,,0,0,Auckland Region,Nil,2-way,Sealed,0,0,0,0,50,0,On,0,0,,76,Auckland,Give way,0,0,0,0,0,0,Urban,0,0,0,Fine,Null
1766284,5907498,10533,,523601,0,0,0,0,0,South,2009/2010,SH 1N,EAST TAMAKI OBR,,Non-Injury Crash,Yes,2009,0,South,0,0,0,Flat,1,,0,,0,Bright sun,708500,0,0,0,3,0,0,0,0,0,,0,0,Auckland Region,Nil,1-way,Sealed,0,0,0,0,100,0,Off,0,0,,76,Auckland,Nil,0,0,0,0,1,0,Open,0,0,0,Fine,Null
1773462,5445212,10534,,567100,0,,0,1,,Null,2008/2009,FERGUSSON DRIVE,BLENHEIM ST,,Non-Injury Crash,No,2009,,West,,0,,Flat,,,,,,Bright sun,1906100,0,0,0,2,,,0,,,,,,Wellington Region,Nil,2-way,Sealed,,0,0,,50,,Null,1,0,,45,Upper Hutt City,Give way,,,,,0,0,Urban,0,,,Fine,Null
1745373,5920812,10535,,513301,0,0,0,2,0,Null,2009/2010,LINCOLN ON WBD,SH 16,,Non-Injury Crash,Yes,2009,0,West,0,0,0,Hill Road,1,,0,,0,Dark,231700,0,0,0,1,0,0,0,0,0,,0,1,Auckland Region,Motorway ramp,1-way,Sealed,0,0,0,0,100,0,On,0,0,,76,Auckland,Nil,0,0,0,0,0,0,Open,0,0,0,Fine,Null
1428783,4981201,10536,,600826,0,0,0,1,1,North,2009/2010,SH 1S,MILE FLAT ROAD,,Minor Crash,Yes,2009,0,North,0,0,0,Flat,0,,0,,0,Bright sun,2834600,1,0,0,2,0,0,0,0,0,,0,0,Otago Region,Nil,2-way,Sealed,0,0,0,0,100,0,Null,0,0,,68,Waitaki District,Unknown,0,0,0,0,0,0,Open,0,0,0,Fine,Null
1840507,5792915,10537,,535250,0,0,0,0,0,East,2008/2009,SH 1N,MOMONA ROAD,,Non-Injury Crash,Yes,2009,0,North,0,0,1,Hill Road,0,,0,,0,Overcast,1125100,0,0,0,3,0,0,0,0,0,,0,0,Waikato Region,Nil,2-way,Sealed,0,0,0,0,100,0,Null,0,0,,19,South Waikato District,Unknown,0,0,0,0,1,0,Open,0,0,0,Heavy rain,Null
1798291,5819724,10538,,528310,0,,0,1,,East,2008/2009,SANDWICH ROAD,CECIL ST,,Non-Injury Crash,No,2009,,East,,0,,Flat,,,,,,Overcast,897400,0,0,0,2,,,0,,,,,,Waikato Region,Nil,2-way,Sealed,,0,0,,50,,Null,1,0,,16,Hamilton City,Unknown,,,,,0,0,Urban,0,,,Fine,Null
1745102,5924401,10539,,513431,0,,0,1,,West,2008/2009,HOBSONVILLE ROAD,LUCKENS ROAD,,Non-Injury Crash,No,2009,,West,,0,,Flat,,,,,,Overcast,223702,0,0,0,2,,,0,,,,,,Auckland Region,Nil,2-way,Sealed,,0,0,,50,,Off,0,0,,76,Auckland,Nil,,,,,0,0,Urban,1,,,Fine,Null
1804402,5815496,10540,,530500,0,0,0,1,0,East,2008/2009,SILVERDALE ROAD,HILLCREST ROAD,,Non-Injury Crash,No,2009,0,North,1,0,0,Hill Road,0,,0,,0,Overcast,891600,0,0,0,2,0,0,0,0,0,,0,0,Waikato Region,Nil,2-way,Sealed,0,0,0,0,70,0,Null,0,0,,16,Hamilton City,Nil,0,0,0,0,0,0,Urban,0,0,0,Light rain,Null
2038094,5707742,10541,,544801,0,,0,2,,East,2008/2009,SH 35,PARAU ST,,Non-Injury Crash,Yes,2009,,East,,0,,Flat,,,,,,Bright sun,1387600,0,0,0,2,,,0,,,,,,Gisborne Region,Nil,2-way,Sealed,,0,0,,50,,Null,0,0,,28,Gisborne District,Nil,,,,,0,0,Urban,0,,,Fine,Null
1929914,5606275,10542,,547600,1,,0,1,,South,2008/2009,YORK ST,GRAYS ROAD,,Non-Injury Crash,No,2009,,North,,0,,Hill Road,,,,,,Overcast,1484200,0,0,0,2,,,0,,,,,,Hawke's Bay Region,Nil,2-way,Sealed,,0,0,,50,,Null,0,0,,30,Hastings District,Nil,,,,,0,0,Urban,0,,,Fine,Null
1951577,5792158,10543,,542410,0,0,0,2,0,East,2009/2010,THE STRAND,TOROA ST,,Non-Injury Crash,No,2009,0,West,0,0,0,Flat,0,,0,,0,Overcast,1304800,0,0,0,2,0,0,0,0,1,,0,0,Bay of Plenty Region,Nil,2-way,Sealed,0,0,0,0,50,0,Null,0,0,,25,Whakatane District,Unknown,0,0,0,0,0,0,Urban,0,0,0,Fine,Null
1836064,5795060,10544,,535250,0,0,0,0,1,South,2008/2009,SH 1N,HORAHORA ROAD,,Non-Injury Crash,Yes,2009,0,North,0,0,0,Flat,0,,0,,0,Dark,1125301,0,0,0,2,0,0,0,0,0,,0,0,Waikato Region,Nil,2-way,Sealed,0,0,0,0,100,0,None,0,0,70,19,South Waikato District,Unknown,0,0,0,0,1,0,Open,0,0,0,Heavy rain,Null
1757517,5920371,10545,,514103,0,,1,1,,Null,2009/2010,VICTORIA ST EAST,KITCHENER ST,,Non-Injury Crash,No,2009,,East,,0,,Hill Road,,,,,,Twilight,437102,0,0,0,5,,,0,,,,,,Auckland Region,Nil,2-way,Sealed,,0,0,,50,,Off,0,0,,76,Auckland,Traffic Signals,,,,,0,0,Urban,0,,,Fine,Null
1717194,6036319,10546,,501809,0,0,0,1,0,South,2008/2009,SH 1N,MAUNGAKARAMEA ROAD,,Non-Injury Crash,Yes,2009,0,North,0,0,0,Hill Road,0,,0,,0,Overcast,74900,0,0,0,4,0,0,0,0,0,,0,0,Northland Region,Nil,2-way,Sealed,0,0,0,0,100,0,None,0,0,,2,Whangarei District,Nil,0,1,0,0,0,0,Open,1,0,0,Light rain,Null
1755251,5924720,10547,,509800,0,,0,2,,Null,2008/2009,ONEWA ROAD,WOODSIDE AVENUE,,Non-Injury Crash,No,2009,,East,,0,,Hill Road,,,,,,Overcast,360200,0,0,0,3,,,0,,,,,,Auckland Region,Nil,2-way,Sealed,,0,0,,50,,Off,0,0,,76,Auckland,Give way,,,,,0,0,Urban,0,,,Fine,Null
1756639,5924797,10548,,509702,0,,0,1,,North,2009/2010,SH 1N,OLD ONEWA OBR,,Non-Injury Crash,Yes,2009,,South,,0,,Flat,,,,,,Overcast,366602,0,0,0,3,,,0,,,,,,Auckland Region,Nil,1-way,Sealed,,0,0,,100,,Null,1,0,,76,Auckland,Unknown,,,,,0,0,Open,0,,,Fine,Null
1822285,5528437,10549,,563000,0,,0,2,,Null,2009/2010,FITZHERBERT AVENUE,PARK ROAD,,Non-Injury Crash,No,2009,,North,,0,,Flat,,,,,,Bright sun,1809400,0,0,0,4,,,0,,,,,,Manawatū-Whanganui Region,Nil,2-way,Sealed,,0,0,,50,,Null,0,0,,40,Palmerston North City,Traffic Signals,,,,,0,0,Urban,0,,,Fine,Null
1936763,5619381,10550,,546902,0,0,0,1,0,West,2008/2009,SH 2,MCGRATH ST,,Non-Injury Crash,Yes,2009,0,East,0,0,0,Flat,0,,0,,0,Overcast,1433400,0,0,0,2,0,0,0,0,0,,0,0,Hawke's Bay Region,Nil,2-way,Sealed,0,0,0,0,100,0,Null,0,0,,31,Napier City,Nil,0,0,0,0,0,0,Open,0,0,0,Light rain,Null
1774959,5445940,10551,,566800,0,,0,2,,East,2008/2009,FERGUSSON DRIVE,TOTARA PARK ROAD,,Non-Injury Crash,No,2009,,West,,0,,Flat,,,,,,Overcast,1909500,0,0,0,2,,,0,,,,,,Wellington Region,Nil,2-way,Sealed,,0,0,,50,,Null,0,0,,45,Upper Hutt City,Nil,,,,,0,0,Urban,0,,,Fine,Null
1798087,5815043,10552,,529000,0,0,0,0,0,South,2008/2009,RIFLE RANGE ROAD,ABERDEEN DRIVE,,Non-Injury Crash,No,2009,0,North,0,0,0,Flat,0,,0,,0,Dark,917100,0,0,0,2,0,0,0,0,0,,0,1,Waikato Region,Nil,2-way,Sealed,0,0,0,0,50,0,On,0,0,,16,Hamilton City,Give way,0,0,0,0,0,0,Urban,1,0,0,Fine,Null
1883693,5773178,10553,,539700,0,,0,2,,West,2008/2009,MALFROY ROAD WEST,SH 5,,Non-Injury Crash,No,2009,,West,,0,,Flat,,,,,,Bright sun,1227300,0,0,0,2,,,0,,,,,,Bay of Plenty Region,Nil,2-way,Sealed,,0,0,,50,,Null,0,0,,24,Rotorua District,Unknown,,,,,0,0,Urban,0,,,Fine,Null
1757422,5918764,10554,80,514302,0,,0,2,,Null,2009/2010,SH 1N,WELLESLEY OFF NBD,,Non-Injury Crash,Yes,2009,,North,,0,,Flat,,,,,,Dark,442500,0,0,0,5,,,0,,,,,,Auckland Region,Nil,1-way,Sealed,,0,0,,100,,On,1,0,,76,Auckland,Nil,,,,,0,0,Open,0,,,Null,Null
1565043,5179980,10555,,587701,0,,0,1,,Null,2008/2009,SH 73,MAIN SOUTH ROAD,,Minor Crash,Yes,2009,,North,,0,,Flat,,,,,,Overcast,2476500,1,0,0,4,,,0,,,,,,Canterbury Region,Nil,2-way,Sealed,,0,0,,50,,Null,0,0,,60,Christchurch City,Traffic Signals,,,,,1,0,Urban,0,,,Light rain,Null
1788105,5760144,10556,,531720,0,0,0,1,0,South,2008/2009,SH 3,LEE BLOCK ROAD,,Non-Injury Crash,Yes,2009,0,South,0,0,0,Flat,0,,0,,0,Dark,1010701,0,0,0,3,0,0,0,0,0,,0,0,Waikato Region,Nil,2-way,Sealed,0,0,0,0,100,0,None,0,0,,20,Waitomo District,Unknown,0,0,0,0,1,0,Open,0,0,0,Fine,Null
1748959,5428447,10557,,573000,0,,0,2,,Null,2008/2009,Z FCT SHELL,WHITMORE/CUSTOMHOUSE,,Non-Injury Crash,No,2009,,North,,0,,Flat,,,,,,Twilight,2125100,0,0,0,1,,,0,,,,,,Wellington Region,Nil,Off road,Sealed,,0,0,,50,,Off,0,0,,47,Wellington City,Nil,,,,,0,0,Urban,0,,,Fine,Null
1931949,5617934,10558,,547100,0,,0,2,,Null,2009/2010,YORK AVENUE,AUCKLAND ROAD,,Non-Injury Crash,No,2009,,North,,0,,Flat,,,,,,Bright sun,1454900,0,0,0,2,,,0,,,,,,Hawke's Bay Region,Nil,2-way,Sealed,,0,0,,50,,Null,0,0,,31,Napier City,Stop,,,,,0,0,Urban,0,,,Fine,Null
1929878,5605947,10559,,547700,0,,0,0,,Null,2008/2009,TOMOANA ROAD,FITZROY AVENUE,,Non-Injury Crash,No,2009,,West,,0,,Flat,,,,,,Bright sun,1488400,0,1,0,2,,,0,,,,,,Hawke's Bay Region,Nil,2-way,Sealed,,0,0,,50,,Null,1,0,,30,Hastings District,Stop,,,,,0,0,Urban,0,,,Fine,Null
1693792,5676260,10560,,552002,0,,0,3,,Null,2008/2009,SH 3,LEMON ST,,Non-Injury Crash,Yes,2009,,South,,0,,Flat,,,,,,Dark,1594900,0,0,0,2,,,0,,,,,,Taranaki Region,Nil,2-way,Sealed,,0,0,,50,,On,0,0,,33,New Plymouth District,Stop,,,,,0,0,Urban,0,,,Light rain,Null
1747108,5969626,10561,,506613,0,0,0,0,0,East,2008/2009,WOODCOCKS ROAD,FALLS ROAD,,Non-Injury Crash,No,2009,0,North,1,0,0,Hill Road,0,,0,,0,Bright sun,146003,0,0,0,2,0,0,0,0,0,,0,0,Auckland Region,Nil,2-way,Sealed,0,0,0,0,100,0,None,1,0,,76,Auckland,Nil,0,0,0,0,0,0,Open,0,0,0,Fine,Null
1689556,6009588,10562,,505010,0,1,0,1,0,East,2009/2010,REHIA ROAD,TOKATOKA ROAD,,Non-Injury Crash,No,2009,0,East,0,0,0,Flat,0,,0,,0,Dark,125900,0,0,0,1,0,0,0,0,0,,0,0,Northland Region,Bridge,2-way,Unsealed,0,0,0,0,100,0,None,0,0,,3,Kaipara District,Unknown,0,0,0,0,0,0,Open,0,0,0,Fine,Null
1196280,4889228,10563,,612730,0,,0,1,,North,2008/2009,MOFFAT & FORBES ROAD,OHAI-CLIFDEN HIGHWAY,,Serious Crash,No,2009,,South,,0,,Hill Road,,,,,,Twilight,3192200,1,0,0,1,,,0,,,,,,Southland Region,Nil,2-way,Unsealed,,0,1,,100,,None,1,0,,73,Southland District,Unknown,,,,,0,0,Open,0,,,Light rain,Null
1976460,5785045,10564,,542800,0,,0,2,,Null,2008/2009,ST JOHN ST,SH 35,,Non-Injury Crash,Yes,2009,,South,,0,,Flat,,,,,,Dark,1339200,0,0,0,2,,,0,,,,,,Bay of Plenty Region,Nil,2-way,Sealed,,0,0,,50,,On,0,0,,27,Ōpōtiki District,Stop,,,,,0,0,Urban,0,,,Fine,Null
1768100,5904057,10565,,524602,0,,0,3,,South,2009/2010,SH 1N,REDOUBT OBR,,Non-Injury Crash,Yes,2009,,North,,0,,Flat,,,,,,Bright sun,780501,0,0,0,3,,,0,,,,,,Auckland Region,Nil,2-way,Sealed,,0,0,,100,,Off,0,0,,76,Auckland,Nil,,,,,0,0,Open,0,,,Fine,Null
1572673,5183692,10566,,592702,0,0,0,1,0,South,2008/2009,MARSHLAND ROAD,PAGODA ST,,Non-Injury Crash,No,2009,0,North,0,0,0,Flat,0,,0,,0,Dark,2598302,0,0,0,2,0,0,0,0,0,,0,1,Canterbury Region,Nil,2-way,Sealed,0,0,0,0,50,0,On,0,0,,60,Christchurch City,Unknown,0,0,0,0,0,0,Urban,0,0,0,Fine,Null
1822422,5468703,10567,,578302,0,0,0,1,0,South,2009/2010,PAIERAU ROAD,LOOP LINE,,Non-Injury Crash,No,2009,1,North,0,0,0,Flat,0,,0,,0,Bright sun,2253501,0,0,0,2,0,0,0,0,0,,0,0,Wellington Region,Nil,2-way,Sealed,0,0,0,0,100,0,Null,0,0,,48,Masterton District,Nil,0,0,0,0,0,0,Open,1,0,0,Fine,Null
1788469,5446483,10568,,579803,0,,0,1,,East,2009/2010,SH 2,RIMUTAKA SUMMIT,,Non-Injury Crash,Yes,2009,,West,,0,,Hill Road,,,,,,Overcast,2272601,0,0,0,2,,,0,,,,,,Wellington Region,Nil,2-way,Sealed,,0,0,,100,,Null,0,0,,50,South Wairarapa District,Nil,,,,,0,0,Open,1,,,Fine,Frost
1877321,5799319,10569,,536630,0,0,0,1,1,South,2009/2010,SH 36,TAUMATA ROAD,,Non-Injury Crash,Yes,2009,0,South,0,0,0,Hill Road,0,,0,,0,Dark,1192701,0,0,0,2,0,0,0,0,0,,0,0,Bay of Plenty Region,Nil,2-way,Sealed,0,0,0,0,100,0,None,0,0,,22,Western Bay of Plenty District,Unknown,0,0,0,0,0,0,Open,0,0,0,Light rain,Null
1693131,6001218,10570,,504800,0,0,0,0,0,West,2009/2010,SH 12,SIMPSON ROAD,,Non-Injury Crash,Yes,2009,0,East,0,0,0,Flat,0,,0,,0,Dark,127300,0,0,0,2,0,0,0,0,0,,0,0,Northland Region,Nil,2-way,Sealed,0,0,0,0,70,0,On,1,0,,3,Kaipara District,Nil,0,0,0,0,0,0,Urban,0,0,0,Light rain,Null
1564421,5179216,10571,,587702,0,,0,3,,West,2009/2010,BLENHEIM ROAD,NGA MAHI ROAD,,Minor Crash,No,2009,,West,,0,,Flat,,,,,,Overcast,2480200,1,0,0,4,,,0,,,,,,Canterbury Region,Nil,2-way,Sealed,,0,0,,60,,Null,0,0,,60,Christchurch City,Unknown,,,,,0,0,Urban,0,,,Fine,Null
1748853,5936097,10572,,506653,0,0,0,1,0,North,2009/2010,DAIRY FLAT HIGHWAY,COATESVILLE-RIVERHEAD HIG,,Non-Injury Crash,No,2009,0,North,0,0,0,Flat,0,Christmas New Year,0,,0,Bright sun,217208,0,0,0,2,0,0,0,0,0,,0,0,Auckland Region,Nil,2-way,Sealed,0,0,0,0,80,0,Off,0,0,,76,Auckland,Nil,0,0,0,1,0,0,Open,0,0,0,Fine,Null
1746958,5919058,10573,,512402,0,,0,2,,South,2009/2010,TE ATATU ROAD,VERA ROAD,,Non-Injury Crash,No,2009,,North,,0,,Flat,,,,,,Overcast,254500,0,0,0,4,,,0,,,,,,Auckland Region,Nil,2-way,Sealed,,0,0,,50,,Null,0,0,,76,Auckland,Unknown,,,,,0,0,Urban,0,,,Fine,Null
1267570,5008632,10574,,609034,0,,0,1,,South,2008/2009,HOWARDS DRIVE,SH 6,,Non-Injury Crash,No,2009,,North,,0,,Flat,,,,,,Bright sun,3039713,0,0,0,2,,,0,,,,,,Otago Region,Nil,2-way,Sealed,,0,0,,50,,Null,1,0,,70,Queenstown-Lakes District,Give way,,,,,0,0,Urban,0,,,Fine,Null
1756288,5920865,10575,,515202,0,,0,2,,South,2009/2010,BEAUMONT ST,FANSHAWE ON NBD,,Non-Injury Crash,No,2009,,North,,0,,Flat,,,,,,Bright sun,426101,0,0,0,5,,,0,,,,,,Auckland Region,Nil,2-way,Sealed,,0,0,,50,,Off,0,0,,76,Auckland,Nil,,,,,0,0,Urban,0,,,Fine,Null
1459592,5083688,10576,,598800,0,0,0,1,0,Null,2008/2009,WHITE ST,UNKNOWN,,Non-Injury Crash,No,2009,0,East,0,0,0,Flat,0,,0,,0,Overcast,2782100,0,0,0,2,0,0,1,0,1,,0,0,Canterbury Region,Nil,2-way,Sealed,0,0,0,0,50,0,Null,0,0,,64,Timaru District,Unknown,0,0,0,0,0,0,Urban,0,0,0,Fine,Null
1751565,5915247,10577,,514401,0,,0,2,,Null,2008/2009,NEW NORTH ROAD,BLOCKHOUSE BAY ROAD,,Non-Injury Crash,No,2009,,West,,0,,Hill Road,,,,,,Dark,382600,0,0,0,3,,,0,,,,,,Auckland Region,Nil,2-way,Sealed,,0,0,,50,,On,0,0,,76,Auckland,Traffic Signals,,,,,0,0,Urban,0,,,Fine,Null
1768897,5913932,10578,,522723,0,0,0,2,0,South,2009/2010,CASCADES ROAD,ARCHMILLEN AVENUE,,Non-Injury Crash,No,2009,0,North,0,0,0,Flat,0,,0,,0,Dark,681700,0,0,0,2,0,0,0,0,1,,0,0,Auckland Region,Nil,2-way,Sealed,0,0,0,0,50,0,On,0,0,,76,Auckland,Nil,0,0,0,0,0,0,Urban,0,0,0,Fine,Null
1743553,5923809,10579,,513511,0,,0,1,,Null,2009/2010,FRED TAYLOR DRIVE,FERNHILL DRIVE,,Non-Injury Crash,No,2009,,East,,0,,Flat,,,,,,Bright sun,224306,0,0,0,3,,,0,,,,,,Auckland Region,Nil,2-way,Sealed,,0,0,,50,,Off,0,0,,76,Auckland,Nil,,,,,0,0,Urban,1,,,Fine,Null
1770874,5913598,10580,,523101,0,,0,2,,Null,2009/2010,BOTANY ROAD,SHEFFIELD PLACE,,Non-Injury Crash,No,2009,,South,,0,,Flat,,,,,,Bright sun,710522,0,0,0,2,,,0,,,,,,Auckland Region,Nil,2-way,Sealed,,0,0,,50,,None,0,0,,76,Auckland,Nil,,,,,0,0,Urban,0,,,Fine,Null
1782156,5901515,10581,,525201,0,,0,2,,Null,2009/2010,TOURIST ROAD,MONUMENT ROAD,,Non-Injury Crash,No,2009,,North,,0,,Flat,,Christmas New Year,,,,Bright sun,764000,0,0,0,2,,,0,,,,,,Auckland Region,Nil,2-way,Sealed,,0,0,,50,,Null,0,0,,76,Auckland,Give way,,,,,0,0,Urban,0,,,Light rain,Null
1719406,6048551,10582,,502700,0,0,0,2,0,South,2009/2010,KEYTE ST,MCLEAN ST,,Non-Injury Crash,No,2009,0,East,0,0,0,Flat,0,,0,,0,Bright sun,90600,0,0,0,2,0,0,0,0,1,,0,0,Northland Region,Nil,2-way,Sealed,0,0,0,0,50,0,Off,0,0,,2,Whangarei District,Nil,0,0,0,0,0,0,Urban,0,0,0,Fine,Null