X,Y,OBJECTID,advisorySpeed,areaUnitID,bicycle,bridge,bus,carStationWagon,cliffBank,crashDirectionDescription,crashFinancialYear,crashLocation1,crashLocation2,crashRoadSideRoad,crashSeverity,crashSHDescription,crashYear,debris,directionRoleDescription,ditch,fatalCount,fence,flatHill,guardRail,holiday,houseOrBuilding,intersection,kerb,light,meshblockId,minorInjuryCount,moped,motorcycle,NumberOfLanes,objectThrownOrDropped,otherObject,otherVehicleType,overBank,parkedVehicle,pedestrian,phoneBoxEtc,postOrPole,region,roadCharacter,roadLane,roadSurface,roadworks,schoolBus,seriousInjuryCount,slipOrFlood,speedLimit,strayAnimal,streetLight,suv,taxi,temporarySpeedLimit,tlaId,tlaName,trafficControl,trafficIsland,trafficSign,train,tree,truck,unknownVehicleType,urban,vanOrUtility,vehicle,waterRiver,weatherA,weatherB
1624066,6114252,10583,,500301,0,,0,2,,South,2009/2010,COMMERCE ST,MELBA ST,,Non-Injury Crash,No,2009,,South,,0,,Flat,,,,,,Overcast,16500,0,0,0,2,,,0,,,,,,Northland Region,Nil,2-way,Sealed,,0,0,,50,,Off,0,0,,1,Far North District,Nil,,,,,0,0,Urban,0,,,Fine,Null
1929912,5604825,10584,,548200,0,0,0,2,0,North,2009/2010,KARAMU ROAD NORTH,HERETAUNGA ST EAST,,Non-Injury Crash,No,2009,0,North,0,0,0,Flat,0,,0,,0,Bright sun,1492700,0,0,0,2,0,0,0,0,0,,0,0,Hawke's Bay Region,Nil,2-way,Sealed,0,0,0,0,50,0,Null,0,0,,30,Hastings District,Nil,0,0,0,0,0,0,Urban,0,1,0,Fine,Null
1731369,5908130,10585,,513800,0,0,0,1,0,North,2008/2009,PIHA ROAD,TE AHUAHU ROAD,,Non-Injury Crash,No,2009,0,North,0,0,1,Hill Road,0,,0,,0,Dark,282016,0,0,0,2,0,0,0,0,0,,0,0,Auckland Region,Nil,2-way,Sealed,0,0,0,0,50,0,None,0,0,,76,Auckland,Unknown,0,0,0,1,0,0,Urban,0,0,0,Fine,Null
1620923,5430077,10586,,583000,0,,0,2,,Null,2008/2009,SH 6,BISLEY WALK,,Non-Injury Crash,Yes,2009,,East,,0,,Flat,,,,,,Bright sun,2333100,0,0,0,2,,,0,,,,,,Nelson Region,Nil,2-way,Sealed,,0,0,,50,,Null,0,0,,52,Nelson City,Traffic Signals,,,,,0,0,Urban,0,,,Fine,Null
1743667,5919678,10587,,513212,0,,0,2,,East,2008/2009,WOODSIDE ROAD,DON BUCK ROAD,,Non-Injury Crash,No,2009,,East,,0,,Flat,,,,,,Dark,235400,0,0,0,2,,,0,,,,,,Auckland Region,Nil,2-way,Sealed,,0,0,,50,,On,0,0,,76,Auckland,Nil,,,,,0,0,Urban,0,,,Fine,Null
1624799,6113466,10588,,500301,0,,0,0,,West,2009/2010,SH 1N,HESTER PLACE,,Non-Injury Crash,Yes,2009,,East,,0,,Flat,,,,,,Overcast,15402,0,0,0,2,,,0,,,,,,Northland Region,Nil,2-way,Sealed,,0,0,,50,,Off,0,0,,1,Far North District,Nil,,,,,1,0,Urban,1,,,Fine,Null
1874339,5823414,10589,,536514,0,,0,2,,Null,2008/2009,SH 2,MOFFAT ROAD,,Non-Injury Crash,Yes,2009,,East,,0,,Flat,,,,,,Overcast,1190200,0,0,0,5,,,0,,,,,,Bay of Plenty Region,Nil,2-way,Sealed,,0,0,,50,,Null,0,0,,23,Tauranga City,Give way,,,,,0,0,Urban,0,,,Fine,Null
1872585,5818191,10590,,536514,0,0,0,2,0,South,2009/2010,SH 29,CAMBRIDGE ROAD,,Non-Injury Crash,Yes,2009,0,South,0,0,0,Flat,0,,0,,0,Overcast,1191204,0,0,0,2,0,0,0,0,1,,0,0,Bay of Plenty Region,Nil,2-way,Sealed,0,0,0,0,70,0,Null,0,0,,23,Tauranga City,Unknown,0,0,0,0,0,0,Urban,0,0,0,Fine,Null
1775857,5446604,10591,,566800,0,,0,1,,East,2009/2010,SH 2,FERGUSSON DRIVE,,Non-Injury Crash,Yes,2009,,East,,0,,Flat,,,,,,Overcast,1910400,0,0,0,2,,,0,,,,,,Wellington Region,Nil,2-way,Sealed,,0,0,,70,,Null,0,0,,45,Upper Hutt City,Nil,,,,,0,0,Urban,1,,,Fine,Null
1751886,5927235,10592,,510210,0,0,0,1,0,North,2008/2009,LAUDERDALE ROAD,MCPHAIL ST,,Non-Injury Crash,No,2009,0,South,0,0,0,Flat,0,,0,,0,Dark,346900,0,0,0,2,0,0,0,0,1,,0,0,Auckland Region,Nil,2-way,Sealed,0,0,0,0,50,0,On,0,0,,76,Auckland,Unknown,0,0,0,0,0,0,Urban,1,0,0,Fine,Null
1753669,5926942,10593,,508310,0,0,0,1,0,North,2008/2009,GLENFIELD ROAD,PARK ROAD,,Non-Injury Crash,No,2009,0,North,0,0,0,Hill Road,0,,0,,0,Dark,202502,0,0,0,2,0,0,0,1,0,,0,0,Auckland Region,Nil,2-way,Sealed,0,0,0,0,50,0,On,0,0,,76,Auckland,Nil,0,0,0,0,0,0,Urban,0,0,0,Fine,Null
1752804,5953163,10594,,506201,0,0,0,1,0,South,2009/2010,HIBISCUS COAST HIGHWAY,WAIWERA ROAD,,Non-Injury Crash,No,2009,0,North,0,0,0,Hill Road,1,,0,,0,Overcast,176204,0,0,0,3,0,0,0,0,0,,0,0,Auckland Region,Nil,2-way,Sealed,0,0,0,0,80,0,None,0,0,,76,Auckland,Nil,0,0,0,0,0,0,Open,0,0,0,Fine,Null
1781921,5872652,10595,,521135,0,0,0,1,0,East,2008/2009,KOHEROA ROAD,HALL ROAD,,Non-Injury Crash,No,2009,0,North,0,0,1,Hill Road,0,,0,,0,Dark,843100,0,0,0,2,0,0,0,0,0,,0,0,Waikato Region,Nil,2-way,Sealed,0,0,0,0,50,0,None,0,0,,13,Waikato District,Nil,0,0,0,0,0,0,Urban,0,0,0,Fine,Null
1758213,5913424,10596,,518600,0,,0,2,,Null,2009/2010,MANUKAU ROAD,MOUNT ALBERT ROAD,,Non-Injury Crash,No,2009,,East,,0,,Flat,,,,,,Dark,567300,0,0,0,2,,,0,,,,,,Auckland Region,Nil,2-way,Sealed,,0,0,,50,,On,0,0,,76,Auckland,Give way,,,,,0,0,Urban,0,,,Fine,Null
1880006,5825482,10597,,538202,0,0,0,1,0,West,2008/2009,SH 2,TAURANGA HARBOUR BR E,,Non-Injury Crash,Yes,2009,1,West,0,0,0,Flat,0,,0,,0,Bright sun,1162800,0,0,0,2,0,0,0,0,0,,0,0,,Bridge,2-way,Sealed,0,0,0,0,70,0,Null,0,0,,23,Tauranga City,Unknown,0,0,0,0,1,0,Urban,0,0,0,Fine,Null
1242254,4853693,10598,,610602,0,,0,2,,East,2008/2009,BAINFIELD ROAD,SH 6,,Non-Injury Crash,No,2009,,West,,0,,Flat,,,,,,Overcast,3102800,0,0,0,2,,,0,,,,,,Southland Region,Nil,1-way,Sealed,,0,0,,50,,Null,0,0,,75,Invercargill City,Nil,,,,,0,0,Urban,0,,,Fine,Null
1820698,5529419,10599,,562800,0,,0,1,,North,2008/2009,PASCAL ST,CHELWOOD ST,,Non-Injury Crash,No,2009,,North,,0,,Flat,,,,,,Dark,1827700,0,0,0,2,,,0,,,,,,Manawatū-Whanganui Region,Nil,2-way,Sealed,,0,0,,50,,On,0,0,,40,Palmerston North City,Nil,,,,,0,0,Urban,1,,,Light rain,Null
1745891,5919682,10600,,513301,0,,0,2,,North,2008/2009,CENTRAL PARK DRIVE,CLEMWAY PLACE,,Non-Injury Crash,No,2009,,North,,0,,Hill Road,,,,,,Dark,230401,0,0,0,2,,,0,,,,,,Auckland Region,Nil,2-way,Sealed,,0,0,,50,,On,0,0,,76,Auckland,Nil,,,,,0,0,Urban,0,,,Light rain,Null
1769035,5880351,10601,,525922,0,,1,1,,Null,2008/2009,JOHN ST,GLASGOW ROAD,,Non-Injury Crash,No,2009,,South,,0,,Flat,,,,,,Overcast,824000,0,0,0,2,,,0,,,,,,Auckland Region,Nil,2-way,Sealed,,1,0,,50,,None,0,0,,76,Auckland,Give way,,,,,0,0,Urban,0,,,Fine,Null
1755101,5917107,10602,,517701,0,,0,1,,Null,2009/2010,SANDRINGHAM ROAD,PAICE AVENUE,,Non-Injury Crash,No,2009,,South,,0,,Flat,,,,,,Twilight,536800,0,0,1,2,,,0,,,,,,Auckland Region,Nil,2-way,Sealed,,0,0,,50,,On,0,0,,76,Auckland,Stop,,,,,0,0,Urban,0,,,Fine,Null
1767633,5905270,10603,,524603,0,0,0,1,0,North,2008/2009,SH 1N,REDOUBT OBR,,Non-Injury Crash,Yes,2009,0,North,0,0,0,Flat,1,,0,,0,Dark,780304,0,0,0,3,0,0,0,0,0,,0,0,Auckland Region,Nil,1-way,Sealed,0,0,0,0,100,0,On,0,0,,76,Auckland,Unknown,0,0,0,1,0,0,Open,0,0,0,Fine,Null
1847328,5824201,10604,,534604,0,,0,2,,Null,2008/2009,TOWER ROAD,WARDVILLE ROAD,,Non-Injury Crash,No,2009,,North,,0,,Flat,,,,,,Bright sun,1110700,0,0,0,2,,,0,,,,,,Waikato Region,Nil,2-way,Sealed,,0,0,,100,,Null,0,0,,15,Matamata-Piako District,Give way,,,,,0,0,Open,0,,,Fine,Null
1353741,4871798,10605,75,606700,0,0,0,1,0,South,2009/2010,KAITANGATA HIGHWAY,THE CRESCENT ROAD,,Minor Crash,No,2009,0,North,0,0,0,Flat,0,,0,,0,Overcast,2984200,1,0,0,2,0,0,0,1,0,,0,0,Otago Region,Nil,2-way,Sealed,0,0,0,0,100,0,Null,0,0,,72,Clutha District,Unknown,0,0,0,0,0,0,Open,0,0,0,Fine,Null
1768301,5467453,10606,,566101,0,,0,2,,Null,2008/2009,SH 1N,RAUMATI ROAD,,Non-Injury Crash,Yes,2009,,North,,0,,Flat,,,,,,Overcast,2004103,0,0,0,2,,,0,,,,,,Wellington Region,Nil,2-way,Sealed,,0,0,,100,,Null,0,0,,43,Kapiti Coast District,Give way,,,,,0,0,Open,0,,,Fine,Null
1774188,5445401,10607,,567100,0,0,0,1,0,Null,2008/2009,FERGUSSON DRIVE,MAIN ST,,Non-Injury Crash,No,2009,0,East,0,0,0,Flat,0,,1,,0,Dark,1906500,0,0,0,2,0,0,0,0,0,,0,0,Wellington Region,Nil,2-way,Sealed,0,0,0,0,50,0,On,0,0,,45,Upper Hutt City,Give way,1,1,0,0,0,0,Urban,0,0,0,Fine,Null
1764470,5911636,10608,,520500,0,,0,0,,West,2008/2009,PANAMA ROAD,HILLSIDE ROAD,,Non-Injury Crash,No,2009,,West,,0,,Hill Road,,,,,,Bright sun,636100,0,0,0,2,,,0,,,,,,Auckland Region,Nil,2-way,Sealed,,0,0,,50,,Null,0,0,,76,Auckland,Give way,,,,,0,0,Urban,2,,,Fine,Null
1764305,5914937,10609,,520303,0,,0,2,,Null,2008/2009,ELLERSLIE-PANMURE HIGHWAY,MOUNTAIN ROAD,,Non-Injury Crash,No,2009,,East,,0,,Flat,,,,,,Twilight,627500,0,0,0,3,,,0,,,,,,Auckland Region,Nil,2-way,Sealed,,0,0,,50,,On,0,0,,76,Auckland,Give way,,,,,0,0,Urban,0,,,Light rain,Null
1758387,5917677,10610,,515700,0,,0,2,,Null,2008/2009,BROADWAY,MAHURU ST,,Non-Injury Crash,No,2009,,South,,0,,Flat,,,,,,Overcast,443402,0,0,0,4,,,0,,,,,,Auckland Region,Nil,2-way,Sealed,,0,0,,50,,Off,0,0,,76,Auckland,Stop,,,,,0,0,Urban,0,,,Light rain,Null
1764207,5909991,10611,,521901,0,,0,2,,North,2008/2009,ATKINSON AVENUE,KING ST,,Non-Injury Crash,No,2009,,South,,0,,Flat,,,,,,Twilight,783800,0,0,0,4,,,0,,,,,,Auckland Region,Nil,2-way,Sealed,,0,0,,50,,None,0,0,,76,Auckland,Nil,,,,,0,0,Urban,0,,,Fine,Null
1754772,5936817,10612,,506901,0,,0,1,,West,2008/2009,CARNMORE PLACE,SHANNON PLACE,,Non-Injury Crash,No,2009,,West,,0,,Hill Road,,,,,,Bright sun,166409,0,0,0,2,,,0,,,,,,Auckland Region,Nil,2-way,Sealed,,0,0,,50,,Off,0,0,,76,Auckland,Nil,,,,,1,0,Urban,0,,,Fine,Null
1575854,5183577,10613,,595700,1,,0,1,,Null,2009/2010,SH 74,NEW BRIGHTON ROAD,,Minor Crash,Yes,2009,,East,,0,,Flat,,,,,,Overcast,2604515,1,0,0,4,,,0,,,,,,Canterbury Region,Nil,2-way,Sealed,,0,0,,70,,Null,0,0,,60,Christchurch City,Give way,,,,,0,0,Urban,0,,,Fine,Null
1792890,5499929,10614,,564231,0,,0,1,,Null,2008/2009,CAMBRIDGE ST,LIVERPOOL RAILWAY CROSSIN,,Non-Injury Crash,No,2009,,North,,0,,Flat,,,,,,Bright sun,1870700,0,0,0,2,,,0,,,,,,Manawatū-Whanganui Region,Nil,2-way,Sealed,,0,0,,50,,Null,0,0,,42,Horowhenua District,Give way,,,,,1,0,Urban,0,,,Fine,Null
1806407,5544887,10615,,560900,0,0,0,1,0,Null,2008/2009,SH 3,FAGAN ST,,Non-Injury Crash,Yes,2009,0,East,1,0,0,Flat,0,Easter,0,,0,Overcast,1789802,0,0,1,2,0,0,0,0,0,,0,0,Manawatū-Whanganui Region,Nil,2-way,Sealed,0,0,0,0,100,0,Null,0,0,,39,Manawatu District,Give way,0,0,0,0,0,0,Open,0,0,0,Fine,Null
1753340,5914253,10616,,514500,0,,0,2,,Null,2008/2009,RICHARDSON ROAD,MAIORO ST,,Non-Injury Crash,No,2009,,North,,0,,Flat,,,,,,Dark,376800,0,0,0,4,,,0,,,,,,Auckland Region,Nil,2-way,Sealed,,0,0,,50,,On,0,0,,76,Auckland,Traffic Signals,,,,,0,0,Urban,0,,,Fine,Null
1884756,5774231,10617,,540410,0,,0,2,,Null,2008/2009,ARAWA ST,AMOHIA ST,,Non-Injury Crash,No,2009,,East,,0,,Hill Road,,,,,,Bright sun,1233300,0,0,0,2,,,0,,,,,,Bay of Plenty Region,Nil,2-way,Sealed,,0,0,,50,,Off,0,0,,24,Rotorua District,Give way,,,,,0,0,Urban,0,,,Fine,Null
1867422,5713681,10618,,541720,0,,0,0,,Null,2008/2009,PAORA HAPI ST,TANIWHA ST,,Non-Injury Crash,No,2009,,West,,0,,Flat,,,,,,Dark,1273500,0,0,0,2,,,0,,,,,,Waikato Region,Nil,2-way,Sealed,,0,0,,50,,On,1,0,,21,Taupo District,Give way,,,,,1,0,Urban,0,,,Fine,Null
1752074,5925271,10619,,510220,0,0,0,2,0,North,2008/2009,BIRKDALE ROAD,VERRAN ROAD,,Non-Injury Crash,No,2009,0,South,0,0,0,Hill Road,0,,0,,0,Dark,350504,0,0,0,2,0,0,0,0,0,,0,0,Auckland Region,Nil,2-way,Sealed,0,0,0,0,50,0,On,0,0,,76,Auckland,Nil,0,0,0,0,0,0,Urban,0,1,0,Fine,Null
1746765,5917597,10620,,512500,0,,0,2,,North,2009/2010,TE ATATU ROAD,MCLEOD ROAD,,Non-Injury Crash,No,2009,,South,,0,,Flat,,,,,,Dark,257300,0,0,0,4,,,0,,,,,,Auckland Region,Nil,2-way,Sealed,,0,0,,50,,On,0,0,,76,Auckland,Traffic Signals,,,,,0,0,Urban,0,,,Fine,Null
1925422,5802305,10621,,542530,0,,0,2,,East,2009/2010,SH 2,MIMIHA ROAD,,Non-Injury Crash,Yes,2009,,East,,0,,Flat,,Christmas New Year,,,,Bright sun,1325500,0,0,0,2,,,0,,,,,,Bay of Plenty Region,Nil,2-way,Sealed,,0,0,,100,,None,0,0,,25,Whakatane District,Nil,,,,,0,0,Open,0,,,Fine,Null
1786299,5749995,10622,,531731,0,0,0,0,0,North,2009/2010,SH 3,MARAETAUA ROAD,,Non-Injury Crash,Yes,2009,0,West,0,0,1,Flat,0,,0,,0,Bright sun,1011000,0,0,0,2,0,0,0,0,0,,0,0,Waikato Region,Nil,2-way,Sealed,0,0,0,0,100,0,Null,1,0,,20,Waitomo District,Unknown,0,0,0,0,0,0,Open,0,0,0,Fine,Null
2037379,5708225,10623,,544600,0,,0,1,,East,2008/2009,GLADSTONE ROAD,PEEL ST,,Non-Injury Crash,No,2009,,North,,0,,Flat,,,,,,Bright sun,1371300,0,0,0,2,,,0,,,,,,Gisborne Region,Nil,2-way,Sealed,,0,0,,50,,Null,0,0,,28,Gisborne District,Nil,,,,,1,0,Urban,0,,,Fine,Null
1891271,5813698,10624,,538501,0,,0,1,,South,2008/2009,NO 3 ROAD,JELLICOE ST,,Non-Injury Crash,No,2009,,North,,0,,Flat,,,,,,Dark,1207400,0,0,1,2,,,0,,,,,,Bay of Plenty Region,Nil,2-way,Sealed,,0,0,,50,,On,0,0,,22,Western Bay of Plenty District,Nil,,,,,0,0,Urban,0,,,Fine,Null
1761708,5906528,10625,,524112,0,,0,2,,Null,2009/2010,MASSEY ROAD,MASSEY OFF NBD,,Non-Injury Crash,No,2009,,East,,0,,Flat,,,,,,Bright sun,742300,0,0,0,3,,,0,,,,,,Auckland Region,Nil,2-way,Sealed,,0,0,,50,,Off,0,0,,76,Auckland,Traffic Signals,,,,,0,0,Urban,0,,,Fine,Null
1756951,5919261,10626,,514200,0,,0,2,,Null,2009/2010,UPPER QUEEN ST,CANADA ST,,Non-Injury Crash,No,2009,,North,,0,,Hill Road,,,,,,Dark,412200,0,0,0,4,,,0,,,,,,Auckland Region,Nil,2-way,Sealed,,0,0,,50,,On,0,0,,76,Auckland,Traffic Signals,,,,,0,0,Urban,0,,,Light rain,Null
1760936,5923309,10627,,509400,0,0,0,3,0,North,2008/2009,VAUXHALL ROAD,ALBERT ROAD,,Non-Injury Crash,No,2009,0,North,0,0,0,Flat,0,,0,,0,Dark,333400,0,0,0,2,0,0,0,0,2,,0,0,Auckland Region,Nil,2-way,Sealed,0,0,0,0,50,0,On,0,0,,76,Auckland,Nil,0,0,0,0,0,0,Urban,0,0,0,Fine,Null
1879396,5823902,10628,,538201,0,,0,0,,Null,2008/2009,SECOND AVENUE,DEVONPORT ROAD,,Non-Injury Crash,No,2009,,North,,0,,Flat,,,,,,Twilight,1165300,0,0,0,2,,,0,,,,,,Bay of Plenty Region,Nil,2-way,Sealed,,0,0,,50,,On,1,0,,23,Tauranga City,Give way,,,,,0,0,Urban,0,,,Fine,Null
1766143,5900231,10629,,524713,0,,0,0,,Null,2008/2009,ROSCOMMON ROAD,SHARLAND AVENUE,,Non-Injury Crash,No,2009,,West,,0,,Flat,,,,,,Twilight,775821,0,0,0,2,,,0,,,,,,Auckland Region,Nil,2-way,Sealed,,0,0,,50,,On,0,0,,76,Auckland,Nil,,,,,0,0,Urban,2,,,Fine,Null
1822292,5530209,10630,,562402,0,,0,0,,Null,2008/2009,VICTORIA AVENUE,GREY ST,,Non-Injury Crash,No,2009,,West,,0,,Flat,,,,,,Overcast,1835600,0,0,0,2,,,0,,,,,,Manawatū-Whanganui Region,Nil,2-way,Sealed,,0,0,,50,,Null,1,0,,40,Palmerston North City,Give way,,,,,0,0,Urban,1,,,Heavy rain,Null
1769065,5468724,10631,,566000,0,,0,1,,North,2008/2009,SH 1N,KAPITI ROAD,,Non-Injury Crash,Yes,2009,,North,,0,,Flat,,,,,,Overcast,2000400,0,0,0,2,,,0,,,,,,Wellington Region,Nil,2-way,Sealed,,0,0,,50,,Null,0,0,,43,Kapiti Coast District,Nil,,,,,1,0,Urban,0,,,Fine,Null
1755153,5911825,10632,,519002,0,0,0,2,0,Null,2009/2010,ALBRECHT AVENUE,HALLEYS PLACE,,Non-Injury Crash,No,2009,0,North,0,0,0,Flat,0,,0,,0,Bright sun,590701,0,0,0,2,0,0,0,0,1,,0,0,Auckland Region,Nil,2-way,Sealed,0,0,0,0,50,0,Off,0,0,,76,Auckland,Nil,0,0,0,0,0,0,Urban,0,0,0,Fine,Null
1874811,5822641,10633,,536513,0,,0,2,,Null,2009/2010,ORANGE LANE,ST ANDREWS DRIVE,,Non-Injury Crash,No,2009,,East,,0,,Flat,,,,,,Dark,1190709,0,0,0,2,,,0,,,,,,Bay of Plenty Region,Nil,2-way,Sealed,,0,0,,50,,On,0,0,,23,Tauranga City,Nil,,,,,0,0,Urban,0,,,Fine,Null
1850918,5768976,10634,,535261,0,0,0,1,0,North,2009/2010,SH 1N,ROLLETT ROAD,,Non-Injury Crash,Yes,2009,0,South,0,0,1,Flat,0,,0,,0,Bright sun,1134204,0,0,0,2,0,0,0,0,0,,0,0,Waikato Region,Nil,2-way,Sealed,0,0,0,0,100,0,Null,0,0,,19,South Waikato District,Unknown,0,0,0,0,0,0,Open,0,0,0,Fine,Null
1768079,5904355,10635,,523820,0,,0,1,,Null,2009/2010,REDOUBT ROAD,MANUKAU ON SBD,,Non-Injury Crash,No,2009,,West,,0,,Flat,,,,,,Unknown,759901,0,0,0,5,,,0,,,,,,Auckland Region,Nil,2-way,Sealed,,0,0,,50,,Off,1,0,,76,Auckland,Traffic Signals,,,,,0,0,Urban,0,,,Fine,Null
1754221,5919763,10636,,515410,0,,1,1,,Null,2009/2010,RICHMOND ROAD,KINGSLEY ST,,Non-Injury Crash,No,2009,,South,,0,,Hill Road,,,,,,Overcast,402200,0,0,0,2,,,0,,,,,,Auckland Region,Nil,2-way,Sealed,,0,0,,50,,Null,0,0,,76,Auckland,Stop,,,,,0,0,Urban,0,,,Fine,Null
1804703,5813812,10637,,530600,0,,0,2,,Null,2008/2009,SH 26,MULLANE ST,,Non-Injury Crash,Yes,2009,,West,,0,,Flat,,,,,,Overcast,885502,0,0,0,4,,,0,,,,,,Waikato Region,Nil,2-way,Sealed,,0,0,,50,,Null,0,0,,16,Hamilton City,Give way,,,,,0,0,Urban,0,,,Light rain,Null
1760981,5447420,10638,,565603,0,,0,1,,Null,2009/2010,SH 58,PAEKAKARIKI HILL ROAD,,Non-Injury Crash,Yes,2009,,North,,0,,Flat,,,,,,Dark,2072525,0,0,0,2,,,0,,,,,,Wellington Region,Nil,2-way,Sealed,,0,0,,80,,Off,0,0,,44,Porirua City,Give way,,,,,0,0,Open,1,,,Fine,Null
1759079,5903816,10639,,524200,0,,0,2,,Null,2009/2010,JOHN GOULTER DRIVE,GEORGE BOLT MEMORIAL DRIV,,Non-Injury Crash,No,2009,,West,,0,,Flat,,,,,,Dark,727200,0,0,0,2,,,0,,,,,,Auckland Region,Nil,2-way,Sealed,,0,0,,50,,On,0,0,,76,Auckland,Give way,,,,,0,0,Urban,0,,,Heavy rain,Null
1745107,5924403,10640,,513431,0,,0,3,,West,2009/2010,HOBSONVILLE ROAD,LUCKENS ROAD,,Non-Injury Crash,No,2009,,West,,0,,Hill Road,,,,,,Bright sun,223702,0,0,0,2,,,0,,,,,,Auckland Region,Nil,2-way,Sealed,,0,0,,50,,Off,0,0,,76,Auckland,Nil,,,,,0,0,Urban,0,,,Fine,Null
1786803,5859291,10641,,527210,0,0,0,1,0,South,2009/2010,SH 1N,PADDY ROAD,,Non-Injury Crash,Yes,2009,0,South,0,0,0,Hill Road,1,,0,,0,Dark,935700,0,0,0,2,0,0,0,0,0,,0,0,Waikato Region,Nil,2-way,Sealed,0,0,0,0,100,0,None,0,0,,13,Waikato District,Nil,0,0,0,0,0,0,Open,0,0,0,Light rain,Null
1760372,5435924,10642,,569100,0,,0,1,,Null,2008/2009,KNIGHTS ROAD,PENROSE ST,,Non-Injury Crash,No,2009,,North,,0,,Flat,,,,,,Overcast,1970200,0,0,0,2,,,0,,,,,,Wellington Region,Nil,2-way,Sealed,,0,0,,50,,Null,0,0,,46,Lower Hutt City,Give way,,,,,1,0,Urban,0,,,Fine,Null
1765577,5918648,10643,,516900,0,0,0,1,0,South,2008/2009,ASHBY AVENUE,ST HELIERS BAY ROAD,,Non-Injury Crash,No,2009,0,South,0,0,0,Flat,0,,0,,0,Overcast,466200,0,0,0,2,0,0,0,0,0,,0,1,Auckland Region,Nil,2-way,Sealed,0,0,0,0,50,0,Null,0,0,,76,Auckland,Unknown,0,0,0,0,0,0,Urban,0,0,0,Heavy rain,Null
1797751,5815516,10644,,528501,0,0,0,1,0,Null,2009/2010,MICHAEL AVENUE,ABERFOYLE ST,,Non-Injury Crash,No,2009,0,East,0,0,0,Flat,0,,0,,0,Overcast,906100,0,0,0,2,0,0,0,0,0,,0,1,Waikato Region,Nil,2-way,Sealed,0,0,0,0,50,0,Null,0,0,,16,Hamilton City,Give way,0,0,0,0,0,0,Urban,0,0,0,Fine,Null
1757006,5913750,10645,,518702,0,0,0,1,0,Null,2009/2010,MOUNT ALBERT ROAD,HILLSBOROUGH ROAD,,Non-Injury Crash,No,2009,0,East,0,0,0,Hill Road,0,,0,,0,Twilight,567401,0,0,0,5,0,0,0,0,0,,0,0,Auckland Region,Nil,2-way,Sealed,0,0,0,0,50,0,On,0,0,,76,Auckland,Traffic Signals,0,1,0,0,0,0,Urban,0,0,0,Light rain,Null
1749337,5426448,10646,,573400,0,,0,2,,South,2008/2009,BROUGHAM ST,ARMOUR AVENUE,,Non-Injury Crash,No,2009,,North,,0,,Flat,,,,,,Overcast,2142600,0,0,0,2,,,0,,,,,,Wellington Region,Nil,2-way,Sealed,,0,0,,50,,Null,0,0,,47,Wellington City,Nil,,,,,0,0,Urban,0,,,Light rain,Null
1840804,5839936,10647,,534604,0,1,0,0,0,Null,2009/2010,TE AROHA GORDON ROAD,HAEHAENGA STM BR,,Non-Injury Crash,No,2009,0,North,0,0,0,Flat,0,,0,,0,Overcast,1105302,0,0,0,2,0,0,0,0,0,,0,0,Waikato Region,Bridge,2-way,Sealed,0,0,0,0,100,0,Null,1,0,,15,Matamata-Piako District,Unknown,0,0,0,1,0,0,Open,0,0,0,Light rain,Null
1753682,5929288,10648,,508420,0,,0,2,,Null,2009/2010,GLENFIELD ROAD,WAIRAU ROAD,,Non-Injury Crash,No,2009,,East,,0,,Flat,,,,,,Bright sun,183201,0,0,0,3,,,0,,,,,,Auckland Region,Nil,2-way,Sealed,,0,0,,50,,Off,0,0,,76,Auckland,Traffic Signals,,,,,0,0,Urban,0,,,Fine,Null
1833561,5904974,10649,,533603,0,,0,1,,West,2009/2010,TAPU COROGLEN ROAD,SH 25,,Non-Injury Crash,No,2009,,West,,0,,Hill Road,,,,,,Bright sun,1056202,0,0,0,2,,,0,,,,,,Waikato Region,Nil,2-way,Unsealed,,0,0,,100,,Null,1,0,,11,Thames-Coromandel District,Unknown,,,,,0,0,Open,0,,,Fine,Null
1875218,5818998,10650,,537601,0,,1,0,,Null,2009/2010,SH 29,MARSHALL AVENUE,,Non-Injury Crash,Yes,2009,,East,,0,,Hill Road,,,,,,Bright sun,1175202,0,0,0,2,,,0,,,,,,Bay of Plenty Region,Nil,2-way,Sealed,,0,0,,70,,Null,0,0,,23,Tauranga City,Give way,,,,,0,0,Urban,1,,,Fine,Null
1744412,5926453,10651,,513410,0,0,0,1,0,West,2008/2009,BRIGHAM CREEK ROAD,TRIG ROAD,,Non-Injury Crash,No,2009,0,West,0,0,1,Flat,0,,0,,0,Overcast,221400,0,0,0,2,0,0,0,0,0,,0,0,Auckland Region,Nil,2-way,Sealed,0,0,0,0,80,0,Off,0,0,,76,Auckland,Nil,0,0,0,0,0,0,Open,0,0,0,Fine,Null
1821421,5828477,10652,,534500,0,0,0,1,0,West,2009/2010,SH 26,AVENUE ROAD SOUTH,,Non-Injury Crash,Yes,2009,0,East,1,0,0,Flat,0,,0,,0,Bright sun,1090905,0,0,0,2,0,0,0,0,0,,0,0,Waikato Region,Nil,2-way,Sealed,0,0,0,0,70,0,Off,0,0,,15,Matamata-Piako District,Nil,0,0,0,0,0,0,Urban,0,0,0,Fine,Null