X,Y,OBJECTID,advisorySpeed,areaUnitID,bicycle,bridge,bus,carStationWagon,cliffBank,crashDirectionDescription,crashFinancialYear,crashLocation1,crashLocation2,crashRoadSideRoad,crashSeverity,crashSHDescription,crashYear,debris,directionRoleDescription,ditch,fatalCount,fence,flatHill,guardRail,holiday,houseOrBuilding,intersection,kerb,light,meshblockId,minorInjuryCount,moped,motorcycle,NumberOfLanes,objectThrownOrDropped,otherObject,otherVehicleType,overBank,parkedVehicle,pedestrian,phoneBoxEtc,postOrPole,region,roadCharacter,roadLane,roadSurface,roadworks,schoolBus,seriousInjuryCount,slipOrFlood,speedLimit,strayAnimal,streetLight,suv,taxi,temporarySpeedLimit,tlaId,tlaName,trafficControl,trafficIsland,trafficSign,train,tree,truck,unknownVehicleType,urban,vanOrUtility,vehicle,waterRiver,weatherA,weatherB
1765363,5904438,10653,,524603,0,0,0,1,0,North,2009/2010,CLENDON AVENUE,SEDDON AVENUE,,Non-Injury Crash,No,2009,0,South,0,0,1,Flat,0,,0,,0,Overcast,673800,0,0,0,2,0,0,0,0,0,,0,0,Auckland Region,Nil,2-way,Sealed,0,0,0,0,50,0,Off,0,0,,76,Auckland,Nil,0,0,0,0,0,0,Urban,0,0,0,Fine,Null
1706053,5682517,10654,,551301,0,0,0,1,0,Null,2009/2010,HIGH ST WEST,RALEIGH ST,,Non-Injury Crash,No,2009,0,North,0,0,0,Flat,0,,1,,0,Dark,1546400,0,0,0,2,0,0,0,0,0,,0,0,Taranaki Region,Nil,2-way,Sealed,0,0,0,0,50,0,On,0,0,,33,New Plymouth District,Give way,0,0,0,0,0,0,Urban,0,0,0,Light rain,Null
1934163,5620933,10655,,546400,0,,0,2,,Null,2009/2010,PREBENSEN DRIVE,SEVERN ST,,Non-Injury Crash,No,2009,,North,,0,,Flat,,,,,,Bright sun,1426500,0,0,0,4,,,0,,,,,,Hawke's Bay Region,Nil,2-way,Sealed,,0,0,,70,,Null,0,0,,31,Napier City,Give way,,,,,0,0,Urban,0,,,Fine,Null
1692654,5380322,10656,,580801,0,0,0,1,1,South,2008/2009,SH 1S,CASEYS ROAD,,Non-Injury Crash,Yes,2009,0,North,0,0,0,Hill Road,0,,0,,0,Bright sun,2309400,0,0,0,2,0,0,0,0,0,,0,0,Marlborough Region,Nil,2-way,Sealed,0,0,0,0,100,0,Null,0,0,,53,Marlborough District,Nil,0,0,0,0,0,0,Open,0,0,0,Fine,Null
1769406,5899753,10657,,525002,0,,0,0,,Null,2008/2009,MAHIA ROAD,BEAUMONTS WAY,,Non-Injury Crash,No,2009,,East,,0,,Flat,,,,,,Overcast,754100,0,0,0,2,,,0,,,,,,Auckland Region,Nil,2-way,Sealed,,0,0,,50,,Off,0,0,,76,Auckland,Nil,,,,,0,0,Urban,2,,,Light rain,Null
1735826,5920624,10658,,505700,0,0,0,1,0,Null,2009/2010,WAIRERE ROAD,ARROWSMITH ROAD,,Non-Injury Crash,No,2009,0,West,1,0,0,Hill Road,0,,0,,0,Overcast,216700,0,0,0,2,0,0,0,0,0,,0,0,Auckland Region,Nil,2-way,Sealed,0,0,0,0,80,0,None,0,0,,76,Auckland,Nil,0,0,0,0,0,0,Open,0,0,0,Fine,Null
1879657,5813645,10659,,536630,0,0,0,1,1,North,2009/2010,OHAUITI ROAD,ADRINE LANE,,Non-Injury Crash,No,2009,0,South,0,0,0,Hill Road,0,,0,,0,Dark,1193402,0,0,0,2,0,0,0,0,0,,0,0,Bay of Plenty Region,Nil,2-way,Sealed,0,0,0,0,100,0,None,0,0,,22,Western Bay of Plenty District,Unknown,0,0,0,0,0,0,Open,0,0,0,Fine,Null
1754917,5916456,10660,,517702,0,,0,2,,Null,2009/2010,SANDRINGHAM ROAD,ST LUKES ROAD,,Non-Injury Crash,No,2009,,South,,0,,Flat,,,,,,Overcast,540300,0,0,0,4,,,0,,,,,,Auckland Region,Nil,2-way,Sealed,,0,0,,50,,Null,0,0,,76,Auckland,Traffic Signals,,,,,0,0,Urban,0,,,Fine,Null
1774806,5887657,10661,,521302,0,0,0,1,0,North,2009/2010,SH 1N,ARARIMU OBR,,Non-Injury Crash,Yes,2009,0,North,0,0,0,Flat,1,,0,,0,Overcast,809101,0,0,0,2,0,0,0,0,0,,0,0,Auckland Region,Nil,1-way,Sealed,0,0,0,0,100,0,None,0,0,,76,Auckland,Nil,0,0,0,0,0,0,Open,0,0,0,Light rain,Null
1406308,4916218,10662,,602900,0,,0,0,,Null,2008/2009,WHARF OFF SBD,CUMBERLAND ST OVERPASS,,Non-Injury Crash,Yes,2009,,South,,0,,Hill Road,,,,,,Overcast,2895300,0,0,0,2,,,0,,,,,,Otago Region,Bridge,2-way,Sealed,,0,0,,50,,Null,2,0,,71,Dunedin City,Give way,,,,,0,0,Urban,0,,,Fine,Null
1440385,5004307,10663,,601030,0,,0,1,,Null,2008/2009,SH 1S,EDEN ST,,Non-Injury Crash,Yes,2009,,North,,0,,Flat,,,,,,Bright sun,2841200,0,0,0,2,,,0,,,,,,Otago Region,Nil,1-way,Sealed,,0,0,,50,,Null,1,0,30,68,Waitaki District,Give way,,,,,0,0,Urban,0,,,Fine,Null
1462255,5100699,10664,,598600,0,,0,2,,North,2008/2009,SH 1S,CASS ST,,Non-Injury Crash,Yes,2009,,North,,0,,Flat,,,,,,Bright sun,2765402,0,0,0,2,,,0,,,,,,Canterbury Region,Nil,2-way,Sealed,,0,0,,50,,Null,0,0,,64,Timaru District,Nil,,,,,0,0,Urban,0,,,Fine,Null
1768194,5902421,10665,,525001,0,,0,1,,South,2009/2010,GREAT SOUTH ROAD,ORAMS ROAD,,Non-Injury Crash,No,2009,,South,,0,,Flat,,,,,,Overcast,750800,0,0,0,2,,,0,,,,,,Auckland Region,Nil,2-way,Sealed,,0,0,,50,,Null,0,0,,76,Auckland,Traffic Signals,,,,,0,0,Urban,1,,,Fine,Null
1771734,5912372,10666,,523106,0,,0,1,,Null,2009/2010,CHAPEL ROAD,WHITFORD ROAD,,Non-Injury Crash,No,2009,,North,,0,,Hill Road,,,,,,Bright sun,711158,0,0,0,4,,,0,,,,,,Auckland Region,Nil,2-way,Sealed,,0,0,,50,,Null,0,0,,76,Auckland,Give way,,,,,1,0,Urban,0,,,Fine,Null
1754851,5917812,10667,,517600,0,0,0,3,0,West,2008/2009,WESTERN SPRINGS ROAD,SCHOOL ROAD,,Non-Injury Crash,No,2009,0,North,0,0,0,Flat,0,,0,,0,Bright sun,533602,0,0,0,2,0,0,0,0,2,,0,0,Auckland Region,Nil,2-way,Sealed,0,0,0,0,50,0,Off,0,0,,76,Auckland,Nil,0,0,0,0,0,0,Urban,0,0,0,Fine,Null
1759289,5906531,10668,30,524111,0,,0,1,,East,2008/2009,KIRKBRIDE ROAD,GEORGE BOLT MEMORIAL DRIV,,Non-Injury Crash,No,2009,,West,,0,,Flat,,,,,,Bright sun,740200,0,0,0,2,,,0,,,,,,Auckland Region,Nil,2-way,Sealed,,0,0,,50,,Off,0,0,,76,Auckland,Traffic Signals,,,,,1,0,Urban,0,,,Fine,Null
1803355,5815628,10669,,530500,0,,0,2,,East,2009/2010,MAY ST,CAMERON ROAD,,Non-Injury Crash,No,2009,,East,,0,,Flat,,,,,,Overcast,889600,0,0,0,1,,,0,,,,,,Waikato Region,Nil,2-way,Sealed,,0,0,,50,,Off,0,0,,16,Hamilton City,Nil,,,,,0,0,Urban,0,,,Fine,Null
1752525,5946943,10670,,505808,0,0,0,1,0,West,2009/2010,WHANGAPARAOA ROAD,MATHESON ROAD,,Non-Injury Crash,No,2009,0,South,0,0,0,Hill Road,0,,0,,0,Overcast,173113,0,0,0,4,0,0,0,0,0,,0,0,Auckland Region,Nil,2-way,Sealed,0,0,0,0,60,0,Off,0,0,,76,Auckland,Nil,0,0,0,1,0,0,Urban,0,0,0,Light rain,Null
1928898,5606132,10671,,547700,0,,0,2,,South,2009/2010,HERETAUNGA ST WEST,STORTFORD ST,,Non-Injury Crash,No,2009,,West,,0,,Flat,,,,,,Overcast,1486700,0,0,0,2,,,0,,,,,,Hawke's Bay Region,Nil,2-way,Sealed,,0,0,,50,,Null,0,0,,30,Hastings District,Nil,,,,,0,0,Urban,0,,,Light rain,Null
1740336,5929493,10672,,505604,0,0,0,1,0,Null,2009/2010,OLD NORTH ROAD,RIVERHEAD ROAD,,Non-Injury Crash,No,2009,0,North,0,0,1,Flat,0,Labour Weekend,0,,0,Dark,214204,0,0,0,2,0,0,0,0,0,,0,0,Auckland Region,Nil,2-way,Sealed,0,0,0,0,80,0,On,0,0,,76,Auckland,Give way,0,0,0,0,0,0,Open,0,0,0,Fine,Null
1758013,5913340,10673,,519710,0,0,0,2,0,South,2008/2009,ERSON AVENUE,MOUNT ALBERT ROAD,,Non-Injury Crash,No,2009,0,South,0,0,0,Flat,0,,0,,0,Dark,596100,0,0,0,2,0,0,0,0,1,,0,0,Auckland Region,Nil,1-way,Sealed,0,0,0,0,50,0,On,0,0,,76,Auckland,Nil,0,0,0,0,0,0,Urban,0,0,0,Heavy rain,Null
1770475,5914204,10674,,522722,0,,0,2,,Null,2008/2009,HIGHLAND PARK DRIVE,DALWHINNIE PARADE,,Non-Injury Crash,No,2009,,South,,0,,Hill Road,,,,,,Dark,681311,0,0,0,2,,,0,,,,,,Auckland Region,Nil,2-way,Sealed,,0,0,,50,,On,0,0,,76,Auckland,Give way,,,,,0,0,Urban,0,,,Fine,Null
1753331,5914249,10675,,514500,0,,0,2,,West,2008/2009,MAIORO ST,RICHARDSON ROAD,,Non-Injury Crash,No,2009,,East,,0,,Flat,,Queens Birthday,,,,Overcast,376800,0,0,0,3,,,0,,,,,,Auckland Region,Nil,2-way,Sealed,,0,0,,50,,Null,1,0,,76,Auckland,Traffic Signals,,,,,0,0,Urban,0,,,Fine,Null
1757966,5927276,10676,,508010,0,,0,1,,West,2008/2009,ANZAC ST,THE TERRACE,,Non-Injury Crash,No,2009,,West,,0,,Flat,,,,,,Dark,327600,0,0,0,2,,,0,,,,,,Auckland Region,Nil,2-way,Sealed,,0,0,,50,,On,1,0,,76,Auckland,Give way,,,,,0,0,Urban,0,,,Fine,Null
1751527,5433757,10677,,574001,0,,0,3,,Null,2008/2009,SH 1N,NEWLANDS ON SBD,,Non-Injury Crash,Yes,2009,,South,,0,,Flat,,,,,,Overcast,2077600,0,0,0,2,,,0,,,,,,Wellington Region,Motorway ramp,2-way,Sealed,,0,0,,50,,Null,0,0,,47,Wellington City,Nil,,,,,0,0,Urban,0,,,Fine,Null
1867893,5712966,10678,,541720,0,,0,2,,West,2009/2010,RIFLE RANGE ROAD,KIWI ST,,Non-Injury Crash,No,2009,,East,,0,,Flat,,,,,,Overcast,1273400,0,0,0,2,,,0,,,,,,Waikato Region,Nil,2-way,Sealed,,0,0,,50,,Null,0,0,,21,Taupo District,Unknown,,,,,0,0,Urban,0,,,Light rain,Null
1770607,5443541,10679,,564520,0,0,0,2,0,West,2009/2010,SOMME ROAD,MESSINES AVENUE,,Non-Injury Crash,No,2009,0,West,0,0,0,Flat,0,,0,,0,Dark,1900500,0,0,0,2,0,0,0,0,1,,0,0,Wellington Region,Nil,2-way,Sealed,0,0,0,0,50,0,On,0,0,,45,Upper Hutt City,Nil,0,0,0,0,0,0,Urban,0,0,0,Fine,Null
1759154,5446753,10680,,565602,0,0,0,2,0,East,2009/2010,DISCOVERY DRIVE,STARBOARD LANE,,Non-Injury Crash,No,2009,0,South,0,0,0,Flat,0,,0,,0,Bright sun,2072522,0,0,0,2,0,0,0,0,1,,0,0,Wellington Region,Nil,2-way,Sealed,0,0,0,0,50,0,Null,0,0,,44,Porirua City,Nil,0,0,0,0,0,0,Urban,0,0,0,Fine,Null
1755713,5921211,10681,,515202,0,,0,3,,South,2008/2009,SH 1N,SHELLY BEACH OBR,,Non-Injury Crash,Yes,2009,,South,,0,,Flat,,,,,,Bright sun,425600,0,0,0,4,,,0,,,,,,Auckland Region,Nil,1-way,Sealed,,0,0,,80,,Off,0,0,,76,Auckland,Nil,,,,,0,0,Open,0,,,Fine,Null
1753857,5917388,10682,,517600,0,,1,1,,North,2009/2010,ST LUKES ROAD,JESMOND TERRACE,,Non-Injury Crash,No,2009,,North,,0,,Flat,,,,,,Bright sun,534400,0,0,0,4,,,0,,,,,,Auckland Region,Nil,2-way,Sealed,,0,0,,50,,Off,0,0,,76,Auckland,Nil,,,,,0,0,Urban,0,,,Fine,Null
1757156,5919262,10683,,514200,0,,1,0,,North,2009/2010,SYMONDS ST,ALEX EVANS ST,,Non-Injury Crash,No,2009,,North,,0,,Hill Road,,,,,,Overcast,412301,0,0,0,6,,,0,,,,,,Auckland Region,Nil,2-way,Sealed,,0,0,,50,,Off,1,0,,76,Auckland,Nil,,,,,0,0,Urban,0,,,Light rain,Null
1623569,6113418,10684,,500301,0,0,0,0,0,North,2009/2010,REDAN ROAD,NORMAN SENN ST,,Non-Injury Crash,No,2009,0,South,0,0,1,Flat,0,,0,,0,Bright sun,15300,0,0,0,2,0,0,0,0,0,,0,0,Northland Region,Nil,2-way,Sealed,0,0,0,0,50,0,Null,0,0,,1,Far North District,Unknown,0,0,0,0,0,0,Urban,1,0,0,Fine,Null
1754336,5935924,10685,,508704,0,0,0,0,0,South,2009/2010,EAST COAST ROAD,OTEHA VALLEY ROAD,,Non-Injury Crash,No,2009,0,South,0,0,1,Flat,0,,0,,0,Bright sun,178602,0,0,0,2,0,0,0,0,0,,0,0,Auckland Region,Nil,2-way,Sealed,0,0,0,0,50,0,Off,1,0,,76,Auckland,Nil,0,0,0,0,0,0,Urban,1,0,0,Fine,Null
1936686,5609526,10686,,545730,0,1,0,1,0,North,2008/2009,MILL ROAD,LAWN ROAD,,Non-Injury Crash,No,2009,0,North,0,0,0,Flat,0,,0,,0,Dark,1405300,0,0,0,2,0,0,0,0,0,,0,0,Hawke's Bay Region,Bridge,2-way,Sealed,0,0,0,0,100,0,On,0,0,,30,Hastings District,Nil,0,0,0,0,0,0,Open,0,0,0,Fine,Null
1772359,5445187,10687,,567300,0,,0,1,,Null,2008/2009,FERGUSSON DRIVE,WARD ST,,Non-Injury Crash,No,2009,,West,,0,,Flat,,,,,,Bright sun,1893700,0,0,0,2,,,0,,,,,,Wellington Region,Nil,2-way,Sealed,,0,0,,50,,Null,1,0,,45,Upper Hutt City,Give way,,,,,0,0,Urban,0,,,Fine,Null
1570155,5179549,10688,,591500,0,,0,1,,Null,2008/2009,MONTREAL ST,ST ASAPH ST,,Non-Injury Crash,No,2009,,North,,0,,Flat,,,,,,Bright sun,2648500,0,0,0,2,,,0,,,,,,Canterbury Region,Nil,2-way,Sealed,,0,0,,50,,Null,1,0,,60,Christchurch City,Traffic Signals,,,,,0,0,Urban,0,,,Fine,Null
1877924,5821380,10689,,538102,0,,0,2,,South,2008/2009,FRASER ST,ROWAN ST,,Non-Injury Crash,No,2009,,North,,0,,Hill Road,,,,,,Overcast,1170100,0,0,0,2,,,0,,,,,,Bay of Plenty Region,Nil,2-way,Sealed,,0,0,,50,,Null,0,0,,23,Tauranga City,Unknown,,,,,0,0,Urban,0,,,Light rain,Null
1754797,5912239,10690,,519002,0,0,0,1,0,East,2009/2010,MORRIE LAING AVENUE,NASH ROAD,,Non-Injury Crash,No,2009,0,West,0,0,0,Hill Road,0,,0,,0,Dark,589600,0,0,0,2,0,0,0,0,1,,0,0,Auckland Region,Nil,2-way,Sealed,0,0,0,0,50,0,On,1,0,,76,Auckland,Unknown,0,0,0,0,0,0,Urban,0,0,0,Fine,Null
1756211,5927599,10691,,507900,0,,0,0,,North,2009/2010,SH 1N,NORTHCOTE OBR,,Non-Injury Crash,Yes,2009,,South,,0,,Flat,,,,,,Bright sun,305202,0,0,1,3,,,0,,,,,,Auckland Region,Nil,1-way,Sealed,,0,0,,100,,Null,1,0,,76,Auckland,Unknown,,,,,0,0,Open,0,,,Fine,Null
1571128,5179797,10692,,591500,0,,0,3,,Null,2009/2010,LICHFIELD ST,MADRAS ST,,Minor Crash,No,2009,,East,,0,,Flat,,,,,,Dark,2652200,2,0,0,3,,,0,,,,,,Canterbury Region,Nil,2-way,Sealed,,0,0,,50,,On,0,0,,60,Christchurch City,Traffic Signals,,,,,0,0,Urban,0,,,Fine,Null
1757703,5918269,10693,,518101,0,,0,1,,North,2009/2010,SH 1N,MOUNTAIN OBR,,Non-Injury Crash,Yes,2009,,North,,0,,Flat,,,,,,Overcast,543000,0,0,0,4,,,0,,,,,,Auckland Region,Nil,1-way,Sealed,,0,0,,80,,Off,0,0,,76,Auckland,Nil,,,,,0,0,Open,1,,,Fine,Null
1773456,5444945,10694,,567300,0,,0,2,,Null,2008/2009,BLENHEIM ST,GOODSHED ROAD,,Non-Injury Crash,No,2009,,South,,0,,Flat,,,,,,Bright sun,1893000,0,0,0,2,,,0,,,,,,Wellington Region,Rail xing,2-way,Sealed,,0,0,,50,,Null,0,0,,45,Upper Hutt City,Give way,,,,,0,0,Urban,1,,,Fine,Null
1619233,6109095,10695,,500204,0,0,0,1,0,North,2008/2009,KAITAIA-AWAROA ROAD,MANUKAU ROAD,,Non-Injury Crash,No,2009,0,South,0,0,0,Hill Road,0,,0,,0,Dark,9700,0,0,0,2,0,0,0,0,0,,0,0,Northland Region,Nil,2-way,Sealed,0,0,0,0,70,0,None,0,0,,1,Far North District,Unknown,0,0,0,0,0,0,Urban,0,0,0,Mist or Fog,Null
1756888,5449325,10696,,572000,0,,0,2,,Null,2008/2009,Z FCT SHELL,MANA/ACHERON,,Non-Injury Crash,No,2009,,North,,0,,Flat,,,,,,Dark,2069802,0,0,0,1,,,0,,,,,,Wellington Region,Nil,Off road,Sealed,,0,0,,50,,On,0,0,,44,Porirua City,Nil,,,,,0,0,Urban,0,,,Fine,Null
1751527,5916404,10697,,514401,0,0,0,1,0,Null,2008/2009,GREAT NORTH ROAD,BLOCKHOUSE BAY ROAD,,Non-Injury Crash,No,2009,0,North,0,0,1,Hill Road,0,,0,,0,Overcast,383600,0,0,0,2,0,0,0,0,0,,0,0,Auckland Region,Nil,2-way,Sealed,0,0,0,0,50,0,Off,0,0,,76,Auckland,Traffic Signals,0,0,0,0,0,0,Urban,0,0,0,Light rain,Null
1858949,5850244,10698,45,534100,0,,0,0,,West,2009/2010,SH 2,WESTWOOD ROAD,,Non-Injury Crash,Yes,2009,,North,,0,,Hill Road,,,,,,Overcast,1181100,0,0,0,2,,,0,,,,,,Bay of Plenty Region,Nil,2-way,Sealed,,0,0,,100,,Null,0,0,,22,Western Bay of Plenty District,Unknown,,,,,0,0,Open,1,,,Light rain,Null
1762176,5908079,10699,,524530,0,0,0,0,0,Null,2008/2009,WICKMAN WAY,TENNESSEE AVENUE,,Non-Injury Crash,No,2009,0,West,0,0,1,Flat,0,,1,,0,Dark,734202,0,0,0,2,0,0,0,0,0,,0,0,Auckland Region,Nil,2-way,Sealed,0,0,0,0,50,0,On,0,0,,76,Auckland,Give way,1,0,0,0,0,0,Urban,1,0,0,Fine,Null
1756969,5917030,10700,,518102,0,0,0,3,0,South,2009/2010,MOUNT EDEN ROAD,LOVELOCK AVENUE,,Non-Injury Crash,No,2009,0,North,0,0,0,Hill Road,0,,0,,0,Dark,547200,0,0,0,4,0,0,0,0,2,,0,0,Auckland Region,Nil,2-way,Sealed,0,0,0,0,50,0,On,0,0,,76,Auckland,Nil,0,0,0,0,0,0,Urban,0,0,0,Fine,Null
1772338,5894834,10701,,525530,0,0,0,3,0,East,2008/2009,ORCHARD RISE,ROYAL ARCH PLACE,,Non-Injury Crash,No,2009,0,East,0,0,0,Flat,0,,0,,0,Dark,803500,0,0,0,2,0,0,0,0,1,,0,0,Auckland Region,Nil,2-way,Sealed,0,0,0,0,50,0,On,0,0,,76,Auckland,Unknown,0,0,0,0,0,0,Urban,0,0,0,Fine,Null
1933805,5618628,10702,,547400,0,0,0,2,0,North,2008/2009,BILL HERCOCK ST,ALLEN BERRY AVENUE,,Non-Injury Crash,No,2009,0,North,0,0,0,Flat,0,,0,,0,Dark,1447800,0,0,0,2,0,0,0,0,1,,0,0,Hawke's Bay Region,Nil,2-way,Sealed,0,0,0,0,50,0,On,0,0,,31,Napier City,Nil,0,0,0,0,0,0,Urban,0,0,0,Fine,Null
1936319,5621054,10703,,546901,0,,0,2,,Null,2008/2009,KENNEDY ROAD,WELLESLEY ROAD,,Non-Injury Crash,No,2009,,South,,0,,Flat,,,,,,Dark,1429700,0,0,0,2,,,0,,,,,,Hawke's Bay Region,Nil,2-way,Sealed,,0,0,,50,,On,0,0,,31,Napier City,Traffic Signals,,,,,0,0,Urban,0,,,Fine,Null
1750554,5930736,10704,,508806,0,,0,2,,North,2008/2009,SCHNAPPER ROCK ROAD,KITTIWAKE DRIVE,,Non-Injury Crash,No,2009,,North,,0,,Flat,,,,,,Dark,180105,0,0,0,2,,,0,,,,,,Auckland Region,Nil,2-way,Sealed,,0,0,,50,,On,0,0,,76,Auckland,Unknown,,,,,0,0,Urban,0,,,Fine,Null
1765046,5905792,10705,,522202,0,,0,1,,East,2008/2009,ST GEORGE ST,KOLMAR ROAD,,Non-Injury Crash,No,2009,,West,,0,,Flat,,,,,,Bright sun,663400,0,0,0,4,,,0,,,,,,Auckland Region,Nil,2-way,Sealed,,0,0,,50,,Off,0,0,,76,Auckland,Nil,,,,,0,0,Urban,1,,,Fine,Null
1767618,5906501,10706,,523601,0,,0,2,,South,2009/2010,BAIRDS ROAD,INGRAM CRESCENT N,,Non-Injury Crash,No,2009,,South,,0,,Flat,,,,,,Dark,706600,0,0,0,2,,,0,,,,,,Auckland Region,Nil,2-way,Sealed,,0,0,,50,,On,0,0,,76,Auckland,Nil,,,,,0,0,Urban,0,,,Light rain,Null
1756096,5923400,10707,,509800,0,0,0,1,0,South,2008/2009,SH 1N,STAFFORD OFF NBD,,Non-Injury Crash,Yes,2009,0,North,0,0,0,Hill Road,1,,0,,0,Bright sun,359200,0,0,0,2,0,0,0,0,0,,0,0,Auckland Region,Bridge,1-way,Sealed,0,0,0,0,80,0,Off,0,0,,76,Auckland,Nil,0,0,0,0,0,0,Open,0,0,0,Fine,Null
1747866,5966711,10708,,506613,0,0,0,1,0,North,2009/2010,SH 1N,SATELLITE STATION ROAD,,Non-Injury Crash,Yes,2009,0,South,1,0,1,Flat,0,,0,,0,Overcast,146103,0,0,0,2,0,0,0,0,0,,0,0,Auckland Region,Nil,2-way,Sealed,0,0,0,0,100,0,None,0,0,,76,Auckland,Nil,0,0,0,1,0,0,Open,0,0,0,Light rain,Null
1798740,5445431,10709,,579803,0,0,0,1,0,South,2009/2010,SH 2,MOROA ROAD,,Non-Injury Crash,Yes,2009,0,North,0,0,1,Flat,0,,0,,0,Overcast,2272100,0,0,0,2,0,0,0,1,0,,0,0,Wellington Region,Nil,2-way,Sealed,0,0,0,0,100,0,Null,0,0,,50,South Wairarapa District,Nil,0,0,0,0,0,0,Open,0,0,0,Fine,Null
1780423,5483356,10710,,564022,0,,0,0,,South,2009/2010,SH 1N,ADDINGTON ROAD,,Non-Injury Crash,Yes,2009,,South,,0,,Flat,,,,,,Overcast,1884300,0,0,0,2,,,0,,,,,,Wellington Region,Nil,2-way,Sealed,,0,0,,100,,Null,1,0,,43,Kapiti Coast District,Nil,,,,,0,0,Open,1,,,Fine,Null
1717756,6050563,10711,,502102,0,,0,2,,East,2008/2009,STATION ROAD,KAMO ROAD,,Non-Injury Crash,No,2009,,West,,0,,Flat,,,,,,Bright sun,83801,0,0,0,3,,,0,,,,,,Northland Region,Nil,2-way,Sealed,,0,0,,50,,Off,0,0,,2,Whangarei District,Nil,,,,,0,0,Urban,0,,,Fine,Null
1749430,5913916,10712,,511302,0,,0,2,,Null,2008/2009,GREAT NORTH ROAD,TITIRANGI ROAD,,Non-Injury Crash,No,2009,,West,,0,,Hill Road,,,,,,Dark,268900,0,0,0,4,,,0,,,,,,Auckland Region,Nil,2-way,Sealed,,0,0,,50,,On,0,0,,76,Auckland,Traffic Signals,,,,,0,0,Urban,0,,,Fine,Null
1770803,5913419,10713,,523101,0,,0,2,,North,2008/2009,BOTANY ROAD,MIRRABOOKA AVENUE,,Non-Injury Crash,No,2009,,South,,0,,Flat,,,,,,Dark,710512,0,0,0,2,,,0,,,,,,Auckland Region,Nil,2-way,Sealed,,0,0,,50,,On,0,0,,76,Auckland,Nil,,,,,0,0,Urban,0,,,Light rain,Null
1764837,5905776,10714,,522202,0,,0,1,,Null,2008/2009,ST GEORGE ST,RANGITOTO ROAD,,Non-Injury Crash,No,2009,,West,,0,,Flat,,,,,,Twilight,663300,0,0,0,2,,,0,,,,,,Auckland Region,Nil,2-way,Sealed,,0,0,,50,,On,1,0,,76,Auckland,Give way,,,,,0,0,Urban,0,,,Light rain,Null
1877734,5821997,10715,,538102,0,,0,1,,North,2009/2010,CAMERON ROAD,GARDEN PLACE,,Non-Injury Crash,No,2009,,South,,0,,Flat,,,,,,Bright sun,1170900,0,0,0,2,,,0,,,,,,Bay of Plenty Region,Nil,2-way,Sealed,,0,0,,50,,Null,0,0,,23,Tauranga City,Give way,,,,,0,0,Urban,1,,,Fine,Null
1763237,5913536,10716,,520402,0,0,0,1,0,Null,2009/2010,PRICE CRESCENT,RUAWAI ROAD N,,Non-Injury Crash,No,2009,0,South,0,0,1,Flat,0,,0,,0,Bright sun,640800,0,0,0,2,0,0,0,0,0,,0,1,Auckland Region,Nil,2-way,Sealed,0,0,0,0,50,0,Null,0,0,,76,Auckland,Give way,0,0,0,0,0,0,Urban,0,0,0,Fine,Null
1767948,5467709,10717,,566101,0,,0,2,,Null,2009/2010,RAUMATI EOAD,RIMU ROAD,,Non-Injury Crash,No,2009,,South,,0,,Flat,,,,,,Twilight,2003900,0,0,0,2,,,0,,,,,,Wellington Region,Nil,2-way,Sealed,,0,0,,50,,On,0,0,,43,Kapiti Coast District,Give way,,,,,0,0,Urban,0,,,Fine,Null
1767869,5904310,10718,,524604,0,,0,2,,Null,2009/2010,REDOUBT ROAD,MANUKAU ON NBD E,,Non-Injury Crash,No,2009,,East,,0,,Hill Road,,,,,,Dark,780302,0,0,0,5,,,0,,,,,,Auckland Region,Nil,2-way,Sealed,,0,0,,50,,On,0,0,,76,Auckland,Traffic Signals,,,,,0,0,Urban,0,,,Fine,Null
1800218,5816038,10719,,529700,0,,0,1,,Null,2008/2009,ANGLESEA ST,MILL ST,,Non-Injury Crash,No,2009,,North,,0,,Flat,,,,,,Bright sun,909500,0,0,0,2,,,0,,,,,,Waikato Region,Nil,2-way,Sealed,,0,0,,50,,Null,0,0,,16,Hamilton City,Traffic Signals,,,,,0,0,Urban,1,,,Fine,Null
1834844,5843658,10720,,534603,0,0,0,1,0,East,2008/2009,BOWLER ROAD,CLOTHIER ROAD,,Non-Injury Crash,No,2009,0,East,1,0,0,Flat,0,,0,,0,Overcast,1105900,0,0,0,2,0,0,0,0,0,,0,0,Waikato Region,Nil,2-way,Sealed,0,0,0,0,100,0,Null,0,0,,15,Matamata-Piako District,Unknown,0,0,0,0,0,0,Open,0,0,0,Fine,Null
1727806,6013526,10721,,501816,0,0,0,1,0,South,2009/2010,SH 1N,BROOKS ROAD,,Non-Injury Crash,Yes,2009,0,South,1,0,0,Flat,0,,0,,0,Overcast,80600,0,0,0,3,0,0,0,0,0,,0,0,Northland Region,Nil,2-way,Sealed,0,0,0,0,100,0,Null,0,0,,2,Whangarei District,Unknown,0,0,0,0,0,0,Open,0,0,0,Fine,Null
1868978,5711760,10722,,541740,0,0,0,1,0,West,2009/2010,KURUPAE ROAD,BIRCH ST,,Non-Injury Crash,No,2009,0,South,0,0,0,Flat,0,,0,,0,Dark,1267701,0,0,0,2,0,0,0,0,0,,0,1,Waikato Region,Nil,2-way,Sealed,0,0,0,0,50,0,On,0,0,,21,Taupo District,Unknown,0,0,0,0,0,0,Urban,0,0,0,Light rain,Null