X,Y,OBJECTID,advisorySpeed,areaUnitID,bicycle,bridge,bus,carStationWagon,cliffBank,crashDirectionDescription,crashFinancialYear,crashLocation1,crashLocation2,crashRoadSideRoad,crashSeverity,crashSHDescription,crashYear,debris,directionRoleDescription,ditch,fatalCount,fence,flatHill,guardRail,holiday,houseOrBuilding,intersection,kerb,light,meshblockId,minorInjuryCount,moped,motorcycle,NumberOfLanes,objectThrownOrDropped,otherObject,otherVehicleType,overBank,parkedVehicle,pedestrian,phoneBoxEtc,postOrPole,region,roadCharacter,roadLane,roadSurface,roadworks,schoolBus,seriousInjuryCount,slipOrFlood,speedLimit,strayAnimal,streetLight,suv,taxi,temporarySpeedLimit,tlaId,tlaName,trafficControl,trafficIsland,trafficSign,train,tree,truck,unknownVehicleType,urban,vanOrUtility,vehicle,waterRiver,weatherA,weatherB
1623275,5429564,10723,,582800,0,,0,2,,East,2009/2010,HAMPDEN ST,NGATIAWA ST,,Non-Injury Crash,No,2009,,West,,0,,Hill Road,,,,,,Bright sun,2322600,0,0,0,2,,,0,,,,,,Nelson Region,Nil,2-way,Sealed,,0,0,,50,,Null,0,0,,52,Nelson City,Nil,,,,,0,0,Urban,0,,,Fine,Null
1756338,5920852,10724,,514102,0,,0,1,,East,2008/2009,FANSHAWE ST,BEAUMONT ST,,Non-Injury Crash,No,2009,,West,,0,,Flat,,,,,,Overcast,432500,0,0,0,4,,,0,,,,,,Auckland Region,Nil,2-way,Sealed,,0,0,,50,,Off,1,0,,76,Auckland,Nil,,,,,0,0,Urban,0,,,Fine,Null
1884594,5774026,10725,,540410,0,,0,2,,Null,2009/2010,PUKUATUA ST,RANOLF ST,,Non-Injury Crash,No,2009,,North,,0,,Flat,,,,,,Overcast,1231900,0,0,0,2,,,0,,,,,,Bay of Plenty Region,Nil,2-way,Sealed,,0,0,,50,,Null,0,0,,24,Rotorua District,Give way,,,,,0,0,Urban,0,,,Fine,Null
1686953,6093434,10726,,501633,0,,0,0,,North,2008/2009,SH 10,SH 11,,Non-Injury Crash,Yes,2009,,South,,0,,Flat,,,,,,Bright sun,34400,0,0,0,2,,,0,,,,,,Northland Region,Nil,2-way,Sealed,,0,0,,100,,Null,1,0,,1,Far North District,Unknown,,,,,0,0,Open,1,,,Fine,Null
1752142,5934518,10727,,508701,0,0,0,0,0,Null,2009/2010,OTEHA VALLEY ROAD,APPIAN WAY,,Non-Injury Crash,No,2009,0,East,0,0,0,Flat,0,,0,,0,Dark,178501,0,0,0,4,0,0,0,0,0,,0,0,Auckland Region,Nil,2-way,Sealed,0,0,0,0,60,0,On,1,0,,76,Auckland,Give way,1,0,0,1,0,0,Urban,0,0,0,Light rain,Null
1760101,5917658,10728,,516102,0,,0,1,,West,2009/2010,ALDRED ROAD,SPENCER ST,,Non-Injury Crash,No,2009,,East,,0,,Flat,,,,,,Bright sun,483700,0,0,1,2,,,0,,,,,,Auckland Region,Nil,2-way,Sealed,,0,0,,50,,Off,0,0,,76,Auckland,Nil,,,,,0,0,Urban,0,,,Fine,Null
1804518,5806728,10729,,527915,0,,0,0,,West,2009/2010,INGRAM ROAD,SH 3,,Non-Injury Crash,No,2009,,East,,0,,Flat,,,,,,Twilight,984900,0,0,0,1,,,0,,,,,,Waikato Region,Nil,2-way,Sealed,,0,0,,50,,None,0,0,,17,Waipa District,Unknown,,,,,0,0,Urban,1,,,Fine,Null
1808422,5535924,10730,,561422,0,,0,2,,Null,2008/2009,RONGOTEA ROAD,LEEN ROAD,,Non-Injury Crash,No,2009,,West,,0,,Flat,,,,,,Bright sun,1787300,0,0,0,2,,,0,,,,,,Manawatū-Whanganui Region,Nil,2-way,Sealed,,0,0,,100,,Null,0,0,,39,Manawatu District,Give way,,,,,0,0,Open,0,,,Fine,Null
1755161,5443733,10731,,570900,0,0,0,1,0,East,2008/2009,ARAWHATA ST,AWATEA ST,,Non-Injury Crash,No,2009,0,West,0,0,0,Hill Road,0,,0,,0,Dark,2054300,0,0,0,2,0,0,0,0,1,,0,0,Wellington Region,Nil,2-way,Sealed,0,0,0,0,50,0,On,1,0,,44,Porirua City,Nil,0,0,0,0,0,0,Urban,0,0,0,Heavy rain,Null
1788622,5823264,10732,,527912,0,0,0,0,0,South,2009/2010,NGARUAWAHIA ROAD,BEDFORD ROAD,,Non-Injury Crash,No,2009,0,South,0,0,1,Flat,0,,0,,0,Overcast,976200,0,0,0,2,0,0,0,0,0,,0,0,Waikato Region,Nil,2-way,Sealed,0,0,0,0,100,0,None,0,0,,13,Waikato District,Nil,0,0,0,0,0,0,Open,1,0,0,Heavy rain,Null
1828659,5880887,10733,,533603,0,,0,1,,South,2008/2009,SH 26,SH 25A,,Non-Injury Crash,Yes,2009,,South,,0,,Flat,,,,,,Bright sun,1057502,0,0,0,2,,,0,,,,,,Waikato Region,Nil,2-way,Sealed,,0,0,,70,,Off,0,0,,11,Thames-Coromandel District,Nil,,,,,0,0,Urban,1,,,Fine,Null
1758002,5917976,10734,,515700,0,,0,3,,South,2009/2010,SH 1N,GILLIES OFF SBD,,Non-Injury Crash,Yes,2009,,South,,0,,Flat,,,,,,Bright sun,443200,0,0,0,3,,,0,,,,,,Auckland Region,Nil,1-way,Sealed,,0,0,,100,,Off,0,0,,76,Auckland,Nil,,,,,0,0,Open,0,,,Fine,Null
1756938,5918660,10735,,515600,0,,0,2,,North,2009/2010,SYMONDS ST,MOUNT EDEN ROAD,,Non-Injury Crash,No,2009,,West,,0,,Flat,,,,,,Bright sun,420600,0,0,0,2,,,0,,,,,,Auckland Region,Nil,2-way,Sealed,,0,0,,50,,Off,0,0,,76,Auckland,Nil,,,,,0,0,Urban,0,,,Fine,Null
1768311,5913868,10736,,523000,0,0,0,2,0,Null,2009/2010,PAKURANGA ROAD,GOSSAMER DRIVE,,Non-Injury Crash,No,2009,0,West,0,0,1,Hill Road,0,Christmas New Year,1,,0,Bright sun,690700,0,0,0,6,0,0,0,0,0,,0,0,Auckland Region,Nil,2-way,Sealed,0,0,0,0,50,0,Off,0,0,,76,Auckland,Traffic Signals,0,1,0,0,0,0,Urban,0,0,0,Fine,Null
1816909,5803591,10737,,527503,0,0,0,1,0,West,2009/2010,THORNTON ROAD,LAKE ST,,Non-Injury Crash,No,2009,0,South,0,0,0,Flat,0,Labour Weekend,0,,0,Twilight,962602,0,0,0,2,0,0,0,0,0,,0,0,Waikato Region,Nil,2-way,Sealed,0,0,0,0,50,0,On,0,0,,17,Waipa District,Nil,0,0,0,1,0,0,Urban,0,0,0,Fine,Null
1877866,5822132,10738,,538101,0,0,0,2,0,North,2009/2010,CAMERON ROAD,SEVENTEENTH AVENUE,,Non-Injury Crash,No,2009,0,South,0,0,0,Flat,0,,0,,0,Overcast,1170500,0,0,0,4,0,0,0,0,1,,0,0,Bay of Plenty Region,Nil,2-way,Sealed,0,0,0,0,50,0,Null,0,0,,23,Tauranga City,Nil,0,0,0,0,0,0,Urban,0,0,0,Fine,Null
1760676,5907071,10739,,524112,0,,0,2,,Null,2008/2009,ASHGROVE ROAD,BADER DRIVE,,Non-Injury Crash,No,2009,,North,,0,,Flat,,,,,,Bright sun,742101,0,0,0,1,,,0,,,,,,Auckland Region,Nil,2-way,Sealed,,0,0,,50,,Null,0,0,,76,Auckland,Give way,,,,,0,0,Urban,0,,,Fine,Null
1756422,5944947,10740,,505908,0,0,0,1,0,North,2008/2009,STANMORE BAY ROAD,SHUTTLEWORTH PLACE,,Non-Injury Crash,No,2009,0,South,0,0,1,Hill Road,0,,0,,0,Bright sun,173718,0,0,0,2,0,0,0,0,0,,0,0,Auckland Region,Nil,2-way,Sealed,0,0,0,0,50,0,Null,0,0,,76,Auckland,Unknown,0,0,0,1,0,0,Urban,0,0,0,Fine,Null
1835209,5857052,10741,,534200,0,0,0,1,0,South,2009/2010,SH 26,MILL ROAD,,Non-Injury Crash,Yes,2009,0,North,0,0,1,Flat,0,,0,,0,Dark,1076601,0,0,0,2,0,0,0,0,0,,0,0,Waikato Region,Nil,2-way,Sealed,0,0,0,0,100,0,None,0,0,,12,Hauraki District,Unknown,0,0,0,0,0,0,Open,0,0,0,Fine,Null
1755499,5915452,10742,,518302,0,0,0,1,0,Null,2009/2010,DOMINION ROAD,SHACKLETON ROAD,,Non-Injury Crash,No,2009,0,South,0,0,0,Flat,0,,0,,0,Bright sun,555000,0,0,0,2,0,0,0,0,0,,0,0,Auckland Region,Nil,2-way,Sealed,0,0,0,0,50,0,Off,0,0,,76,Auckland,Nil,0,0,0,0,1,0,Urban,0,1,0,Fine,Null
1836299,5859806,10743,,534300,0,,0,1,,Null,2009/2010,SH 2,CORBETT ST,,Non-Injury Crash,Yes,2009,,West,,0,,Flat,,Christmas New Year,,,,Bright sun,1070400,0,1,0,2,,,0,,,,,,Waikato Region,Nil,2-way,Sealed,,0,0,,50,,Null,0,0,,12,Hauraki District,Give way,,,,,0,0,Urban,0,,,Fine,Null
1756803,5930687,10744,,507710,0,0,0,0,0,North,2009/2010,ABERDEEN ROAD,EAST COAST ROAD,,Non-Injury Crash,No,2009,0,South,0,0,0,Hill Road,0,,0,,0,Dark,315002,0,0,0,2,0,0,0,0,1,,0,0,Auckland Region,Nil,2-way,Sealed,0,0,0,0,50,0,None,0,0,,76,Auckland,Unknown,0,0,0,0,0,0,Urban,2,0,0,Fine,Null
1750463,5914502,10745,,511303,0,,0,3,,Null,2009/2010,PORTAGE ROAD,GREAT NORTH ROAD,,Non-Injury Crash,No,2009,,East,,0,,Flat,,,,,,Bright sun,266200,0,0,0,2,,,0,,,,,,Auckland Region,Nil,2-way,Sealed,,0,0,,50,,Off,0,0,,76,Auckland,Traffic Signals,,,,,0,0,Urban,0,,,Fine,Null
1755444,5929268,10746,,508510,0,,0,1,,South,2008/2009,SH 1N,TRISTRAM OFF SBD,,Non-Injury Crash,Yes,2009,,South,,0,,Flat,,,,,,Bright sun,194300,0,0,0,2,,,0,,,,,,Auckland Region,Nil,1-way,Sealed,,0,0,,100,,Off,1,0,,76,Auckland,Nil,,,,,0,0,Open,0,,,Fine,Null
1747481,5914715,10747,,511100,0,,0,2,,Null,2009/2010,GREAT NORTH ROAD,GLENVIEW ROAD,,Non-Injury Crash,No,2009,,East,,0,,Hill Road,,,,,,Dark,284800,0,0,0,5,,,0,,,,,,Auckland Region,Nil,2-way,Sealed,,0,0,,50,,On,0,0,,76,Auckland,Traffic Signals,,,,,0,0,Urban,0,,,Fine,Null
1732506,5991559,10748,,505010,0,,0,0,,East,2008/2009,SH 1N,ORUAWHARO ROAD,,Non-Injury Crash,Yes,2009,,West,,0,,Hill Road,,,,,,Dark,135100,0,0,0,2,,,0,,,,,,Northland Region,Nil,2-way,Sealed,,0,0,,100,,None,0,0,,3,Kaipara District,Nil,,,,,0,0,Open,1,,,Heavy rain,Null
1751324,5930999,10749,,509100,0,,0,1,,Null,2009/2010,SCHNAPPER ROCK ROAD,OAKWAY DRIVE,,Non-Injury Crash,No,2009,,North,,0,,Flat,,,,,,Bright sun,180904,0,0,0,2,,,0,,,,,,Auckland Region,Nil,2-way,Sealed,,0,0,,50,,Null,1,0,,76,Auckland,Give way,,,,,0,0,Urban,0,,,Fine,Null
1757800,5975551,10750,80,506661,0,0,0,1,0,South,2009/2010,JONES ROAD,OMAHA FLATS ROAD,,Non-Injury Crash,No,2009,0,North,1,0,0,Flat,0,,0,,0,Dark,138400,0,0,0,0,0,0,0,0,0,,0,0,Auckland Region,Nil,2-way,Unsealed,0,0,0,0,100,0,None,0,0,,76,Auckland,Nil,0,0,0,0,0,0,Open,0,0,0,Fine,Null
1670877,6079247,10751,,501634,0,0,0,0,0,East,2009/2010,SH 12,JORDAN ROAD,,Non-Injury Crash,Yes,2009,0,East,0,0,0,Flat,0,,0,,0,Dark,38100,0,0,0,2,0,0,0,0,0,,0,0,Northland Region,Nil,2-way,Sealed,0,0,0,0,100,0,None,1,0,,1,Far North District,Nil,0,0,0,0,0,0,Open,0,0,0,Fine,Null
1756823,5919467,10752,,514102,0,,0,2,,East,2008/2009,KARANGAHAPE ROAD,MERCURY LANE,,Non-Injury Crash,No,2009,,West,,0,,Flat,,,,,,Dark,435700,0,0,0,5,,,0,,,,,,Auckland Region,Nil,2-way,Sealed,,0,0,,50,,On,0,0,,76,Auckland,Nil,,,,,0,0,Urban,0,,,Fine,Null
1878795,5822801,10753,,538102,0,0,0,0,0,Null,2009/2010,ELEVENTH AVENUE,DEVONPORT ROAD,,Non-Injury Crash,No,2009,0,West,0,0,0,Hill Road,0,,0,,0,Overcast,1167200,0,0,0,2,0,1,0,0,0,,0,0,Bay of Plenty Region,Nil,2-way,Sealed,0,0,0,0,50,0,None,0,0,,23,Tauranga City,Give way,0,0,0,0,0,0,Urban,1,0,0,Fine,Null
1799009,5814868,10754,,529000,0,,0,2,,Null,2008/2009,SH 1N,BANDON ST,,Non-Injury Crash,Yes,2009,,South,,0,,Flat,,,,,,Bright sun,918400,0,0,0,2,,,0,,,,,,Waikato Region,Nil,2-way,Sealed,,0,0,,60,,Off,0,0,,16,Hamilton City,Stop,,,,,0,0,Urban,1,,,Fine,Null
1243749,4850724,10755,,610900,0,,0,1,,East,2009/2010,ST ANDREW ST,RITCHIE ST,,Serious Crash,No,2009,,East,,0,,Flat,,,,,,Dark,3127600,0,0,0,2,,,0,,,,,,Southland Region,Nil,2-way,Sealed,,0,1,,50,,On,0,0,,75,Invercargill City,Nil,,,,,1,0,Urban,0,,,Light rain,Null
1759743,5908918,10756,,524121,0,0,0,0,0,East,2008/2009,CORONATION OFF NBD,CORONATION ROAD,,Non-Injury Crash,Yes,2009,0,North,0,0,0,Hill Road,0,,0,,0,Bright sun,737000,0,0,0,1,0,1,0,0,0,,0,0,Auckland Region,Motorway ramp,1-way,Sealed,0,0,0,0,100,0,Off,1,0,,76,Auckland,Nil,0,1,0,0,0,0,Open,0,0,0,Fine,Null
1717208,6044747,10757,,503300,0,,0,1,,West,2009/2010,SH 14,SILVERSTREAM ROAD,,Non-Injury Crash,Yes,2009,,East,,0,,Flat,,,,,,Overcast,70203,0,0,0,2,,,0,,,,,,Northland Region,Nil,2-way,Sealed,,0,0,,50,,Off,1,0,,2,Whangarei District,Nil,,,,,0,0,Urban,0,,,Fine,Null
1894943,5787130,10758,,538820,0,,0,0,,North,2009/2010,SH 33,OKERE ROAD,,Non-Injury Crash,Yes,2009,,South,,0,,Hill Road,,,,,,Bright sun,1250801,0,0,0,2,,,0,,,,,,Bay of Plenty Region,Nil,2-way,Sealed,,0,0,,100,,None,0,0,,24,Rotorua District,Nil,,,,,1,0,Open,0,,,Fine,Null
1755726,5920167,10759,,514000,0,0,0,2,0,North,2009/2010,WOOD ST,GUNSON ST,,Non-Injury Crash,No,2009,0,South,0,0,0,Flat,0,,0,,0,Dark,414600,0,0,0,2,0,0,0,0,1,,0,0,Auckland Region,Nil,2-way,Sealed,0,0,0,0,50,0,On,0,0,,76,Auckland,Give way,0,0,0,0,0,0,Urban,0,0,0,Fine,Null
1755572,5925109,10760,,509800,0,,0,1,,Null,2009/2010,LAKE ROAD,KAWANA ST,,Non-Injury Crash,No,2009,,South,,0,,Hill Road,,,,,,Overcast,360100,0,0,0,2,,,0,,,,,,Auckland Region,Nil,2-way,Sealed,,0,0,,50,,Off,0,0,,76,Auckland,Nil,,,,,0,0,Urban,1,,,Light rain,Null
1367974,5096697,10761,,600100,0,,0,1,,East,2009/2010,GLEN LYON ROAD,NORTH WEST ARCH,,Minor Crash,No,2009,,East,,0,,Flat,,Christmas New Year,,,,Dark,2814207,1,0,0,2,,,0,,,,,,Canterbury Region,Nil,2-way,Sealed,,0,0,,80,,None,0,0,,65,Mackenzie District,Unknown,,,,,0,0,Open,0,,,Fine,Null
1684067,6103730,10762,,500900,0,,0,1,,East,2008/2009,WAIPAPA ROAD,MAWSON AVENUE,,Non-Injury Crash,No,2009,,East,,0,,Flat,,,,,,Overcast,44505,0,0,0,2,,,0,,,,,,Northland Region,Nil,2-way,Sealed,,0,0,,80,,None,0,0,,1,Far North District,Nil,,,,,0,0,Open,0,,,Fine,Null
1763660,5439458,10763,,568202,0,,0,1,,Null,2008/2009,TAITA DRIVE,HARCOURT WERRY DRIVE,,Non-Injury Crash,No,2009,,North,,0,,Flat,,,,,,Overcast,1939700,0,0,0,2,,,0,,,,,,Wellington Region,Nil,2-way,Sealed,,0,0,,50,,Null,1,0,,46,Lower Hutt City,Give way,,,,,0,0,Urban,0,,,Fine,Null
1664477,5428343,10764,,580200,0,0,0,1,0,East,2009/2010,SH 6,MAHAKIPAWA ROAD,,Non-Injury Crash,Yes,2009,0,West,0,0,0,Flat,0,,0,,1,Dark,2283300,0,0,0,2,0,0,0,1,0,,0,0,Marlborough Region,Nil,2-way,Sealed,0,0,0,0,100,0,None,0,0,,53,Marlborough District,Nil,0,0,0,0,0,0,Open,0,0,0,Fine,Null
1755492,5929002,10765,,508320,0,,0,3,,Null,2009/2010,TRISTRAM AVENUE,TRISTRAM OFF NBD E,,Non-Injury Crash,Yes,2009,,North,,0,,Flat,,,,,,Bright sun,198500,0,0,0,5,,,0,,,,,,Auckland Region,Nil,2-way,Sealed,,0,0,,50,,Off,0,0,,76,Auckland,Traffic Signals,,,,,0,0,Urban,0,,,Fine,Null
1763329,5909543,10766,,521901,0,0,0,1,0,Null,2009/2010,SALEYARDS ROAD,STATION ROAD,,Non-Injury Crash,No,2009,0,South,0,0,0,Hill Road,0,,0,,0,Bright sun,783000,0,0,0,4,0,0,0,0,0,,0,1,Auckland Region,Nil,2-way,Sealed,0,0,0,0,50,0,Off,0,0,,76,Auckland,Traffic Signals,0,0,0,0,0,0,Urban,1,0,0,Fine,Null
1765346,5909247,10767,,523402,0,,0,0,,North,2009/2010,SH 1N,HIGHBROOK OFF SBD,,Non-Injury Crash,Yes,2009,,South,,0,,Flat,,,,,,Twilight,696900,0,0,0,4,,,0,,,,,,Auckland Region,Nil,1-way,Sealed,,0,0,,100,,Off,0,0,,76,Auckland,Nil,,,,,1,0,Open,1,,,Light rain,Null
1876117,5818315,10768,,537602,0,,0,2,,Null,2008/2009,WATERSIDE DRIVE,DANNY PLACE,,Non-Injury Crash,No,2009,,West,,0,,Flat,,,,,,Bright sun,1192202,0,0,0,2,,,0,,,,,,Bay of Plenty Region,Nil,2-way,Sealed,,0,0,,50,,None,0,0,,23,Tauranga City,Give way,,,,,0,0,Urban,0,,,Fine,Null
1756706,5920767,10769,,514101,0,,0,1,,East,2009/2010,FANSHAWE ST,HALSEY ST,,Non-Injury Crash,No,2009,,East,,0,,Flat,,,,,,Overcast,440114,0,1,0,6,,,0,,,,,,Auckland Region,Nil,2-way,Sealed,,0,0,,50,,Off,0,0,,76,Auckland,Nil,,,,,0,0,Urban,0,,,Fine,Null
1790142,5816204,10770,55,527913,0,,0,3,,Null,2009/2010,SH 39,LAXON ROAD,,Non-Injury Crash,Yes,2009,,South,,0,,Hill Road,,,,,,Dark,978300,0,0,0,2,,,0,,,,,,Waikato Region,Nil,2-way,Sealed,,0,0,,100,,None,0,0,,13,Waikato District,Give way,,,,,0,0,Open,0,,,Fine,Null
1756399,5443688,10771,,571100,0,0,0,1,0,West,2008/2009,CUMBERLAND GROVE,BEDFORD ST,,Non-Injury Crash,No,2009,0,South,0,0,0,Flat,0,,0,,0,Bright sun,2048700,0,0,0,2,0,0,0,0,1,,0,0,Wellington Region,Nil,2-way,Sealed,0,0,0,0,50,0,Null,1,0,,44,Porirua City,Nil,0,0,0,0,0,0,Urban,0,0,0,Fine,Null
1764962,5914710,10772,,520602,0,,0,2,,Null,2009/2010,LAGOON DRIVE,PANMURE ROUNDABOUT,,Non-Injury Crash,No,2009,,North,,0,,Flat,,,,,,Bright sun,628700,0,0,0,3,,,0,,,,,,Auckland Region,Nil,2-way,Sealed,,0,0,,50,,Off,0,0,,76,Auckland,Stop,,,,,0,0,Urban,0,,,Fine,Null
1752029,5915559,10773,,517902,0,,0,1,,South,2009/2010,HENDON AVENUE,NEW NORTH ROAD,,Non-Injury Crash,No,2009,,South,,0,,Flat,,,,,,Twilight,519800,0,0,0,2,,,0,,,,,,Auckland Region,Nil,2-way,Sealed,,0,0,,50,,Off,0,0,,76,Auckland,Nil,,,,,0,0,Urban,1,,,Fine,Null
1798089,5816148,10774,,528501,0,,0,1,,Null,2008/2009,AVALON DRIVE,FOREST LAKE ROAD,,Non-Injury Crash,No,2009,,South,,0,,Flat,,,,,,Bright sun,905300,0,0,0,2,,,0,,,,,,Waikato Region,Nil,2-way,Sealed,,0,0,,50,,Null,0,0,,16,Hamilton City,Traffic Signals,,,,,1,0,Urban,0,,,Fine,Null
1762006,5920686,10775,,516400,0,0,0,0,0,West,2008/2009,TAMAKI DRIVE,HAPIMANA ST,,Non-Injury Crash,No,2009,0,West,0,0,0,Flat,0,,0,,0,Dark,498700,0,0,0,2,0,0,0,0,0,,0,0,Auckland Region,Nil,2-way,Sealed,1,0,0,0,50,0,On,0,0,,76,Auckland,Nil,0,0,0,0,0,0,Urban,1,0,0,Light rain,Null
1908479,5808512,10776,,536654,0,,0,2,,West,2008/2009,SH 2,BENNER ROAD,,Non-Injury Crash,Yes,2009,,East,,0,,Flat,,,,,,Overcast,1213000,0,0,0,2,,,0,,,,,,Bay of Plenty Region,Nil,2-way,Sealed,,0,0,,100,,Null,0,0,,22,Western Bay of Plenty District,Unknown,,,,,0,0,Open,0,,,Fine,Null
1750038,5952215,10777,,506202,0,0,0,1,0,North,2009/2010,SH 1N,HILLCREST OBR,,Non-Injury Crash,Yes,2009,0,North,0,0,0,Hill Road,1,,0,,0,Overcast,176303,0,0,0,4,0,0,0,0,0,,0,0,Auckland Region,Nil,2-way,Sealed,0,0,0,0,100,0,None,0,0,,76,Auckland,Nil,0,0,0,0,0,0,Open,0,0,0,Fine,Strong wind
1850573,5766675,10778,,535310,0,0,0,2,0,Null,2009/2010,BAIRD ROAD,DALMENY ST,,Non-Injury Crash,No,2009,0,East,0,0,1,Flat,0,,0,,0,Bright sun,1137000,0,0,0,2,0,0,0,0,0,,0,0,Waikato Region,Nil,2-way,Sealed,0,0,0,0,50,0,Null,0,0,,19,South Waikato District,Stop,0,0,0,0,0,0,Urban,0,0,0,Fine,Null
1748646,5424867,10779,,576301,0,,0,1,,Null,2008/2009,ADELAIDE ROAD,STOKE ST,,Non-Injury Crash,No,2009,,East,,0,,Hill Road,,,,,,Overcast,2165300,0,0,0,2,,,0,,,,,,Wellington Region,Nil,2-way,Sealed,,0,0,,50,,Null,1,0,,47,Wellington City,Nil,,,,,0,0,Urban,0,,,Fine,Null
1739034,5928751,10780,,505602,0,,0,3,,East,2008/2009,SH 16,ACCESS ROAD,,Non-Injury Crash,Yes,2009,,North,,0,,Flat,,,,,,Bright sun,214102,0,0,0,4,,,0,,,,,,Auckland Region,Nil,2-way,Sealed,,0,0,,60,,Off,1,0,,76,Auckland,Nil,,,,,0,0,Urban,0,,,Fine,Null
1755895,5935257,10781,,507101,0,,0,2,,Null,2009/2010,INVERNESS ROAD,GLEN ROAD,,Non-Injury Crash,No,2009,,East,,0,,Flat,,,,,,Dark,161000,0,0,0,2,,,0,,,,,,Auckland Region,Nil,2-way,Sealed,,0,0,,50,,On,0,0,,76,Auckland,Stop,,,,,0,0,Urban,0,,,Fine,Null
1710036,6043595,10782,,501810,0,0,0,1,0,East,2009/2010,SH 14,KOKOPU BLOCK ROAD,,Non-Injury Crash,Yes,2009,0,West,1,0,0,Hill Road,0,,0,,0,Bright sun,70700,0,0,0,3,0,0,0,0,0,,0,0,Northland Region,Nil,2-way,Sealed,0,0,0,0,100,0,None,0,0,,2,Whangarei District,Nil,0,0,0,0,0,0,Open,0,0,0,Fine,Null
1843435,5805008,10783,75,535242,0,0,0,1,0,North,2008/2009,SH 27,TAIHOA SOUTH ROAD,,Non-Injury Crash,Yes,2009,0,North,0,0,1,Flat,0,,0,,0,Bright sun,1115901,0,0,0,2,0,0,0,0,0,,0,0,Waikato Region,Nil,2-way,Sealed,0,0,0,0,100,0,Null,0,0,,15,Matamata-Piako District,Unknown,0,0,0,0,0,0,Open,0,0,0,Light rain,Null
1773567,5577446,10784,,556700,0,,0,2,,Null,2008/2009,SH 3,MURCH PLACE,,Non-Injury Crash,Yes,2009,,West,,0,,Flat,,,,,,Bright sun,1722200,0,0,0,2,,,0,,,,,,Manawatū-Whanganui Region,Nil,2-way,Sealed,,0,0,,50,,Null,0,0,,37,Whanganui District,Nil,,,,,0,0,Urban,0,,,Fine,Null
1765398,5916728,10785,,517100,0,,0,1,,Null,2009/2010,APIRANA AVENUE,POINT ENGLAND ROAD,,Non-Injury Crash,No,2009,,South,,0,,Flat,,,,,,Twilight,477000,0,0,0,2,,,0,,,,,,Auckland Region,Nil,2-way,Sealed,,0,0,,50,,On,0,0,,76,Auckland,Give way,,,,,0,0,Urban,1,,,Fine,Null
1746470,5921607,10786,,512201,0,0,0,1,0,East,2009/2010,TAIKATA ROAD,EDGERTON ROAD,,Non-Injury Crash,No,2009,0,East,0,0,0,Flat,0,,0,,0,Dark,247200,0,0,0,2,0,0,0,0,1,,0,0,Auckland Region,Nil,2-way,Sealed,0,0,0,0,50,0,On,0,0,,76,Auckland,Unknown,0,0,0,0,0,0,Urban,1,0,0,Fine,Null
1383780,4896468,10787,,602500,0,,0,1,,North,2009/2010,TAIERI MOUTH ROAD,TAIERI RIV BR,,Minor Crash,No,2009,,East,,0,,Hill Road,,,,,,Overcast,2976301,1,0,0,2,,,0,,,,,,Otago Region,Nil,2-way,Sealed,,0,0,,100,,Null,0,0,,71,Dunedin City,Unknown,,,,,0,0,Open,0,,,Fine,Null
1755786,5928485,10788,,507900,0,,0,2,,South,2008/2009,SH 1N,TRISTRAM ON SBD,,Non-Injury Crash,Yes,2009,,South,,0,,Flat,,,,,,Bright sun,307000,0,0,0,3,,,0,,,,,,Auckland Region,Nil,1-way,Sealed,,0,0,,100,,Null,0,0,,76,Auckland,Unknown,,,,,0,0,Open,0,,,Fine,Null
1749211,5424844,10789,,576400,0,0,0,2,0,South,2008/2009,DANIELL ST,NEWTOWN AVENUE,,Non-Injury Crash,No,2009,0,South,0,0,0,Flat,0,,0,,0,Dark,2169101,0,0,0,2,0,0,0,0,1,,0,0,Wellington Region,Nil,2-way,Sealed,0,0,0,0,50,0,On,0,0,,47,Wellington City,Nil,0,0,0,0,0,0,Urban,0,0,0,Fine,Null
1755668,5935265,10790,,507101,0,,0,2,,Null,2008/2009,BEACH ROAD,INVERNESS ROAD,,Non-Injury Crash,No,2009,,North,,0,,Flat,,,,,,Overcast,161600,0,0,0,2,,,0,,,,,,Auckland Region,Nil,2-way,Sealed,,0,0,,50,,Off,0,0,,76,Auckland,Nil,,,,,0,0,Urban,0,,,Fine,Null
1768177,5904961,10791,,523722,0,,0,2,,North,2009/2010,DIORELLA DRIVE,CHARNTAY AVENUE,,Non-Injury Crash,No,2009,,North,,0,,Flat,,,,,,Bright sun,715803,0,0,0,2,,,0,,,,,,Auckland Region,Nil,2-way,Sealed,,0,0,,50,,Null,0,0,,76,Auckland,Unknown,,,,,0,0,Urban,0,,,Fine,Null
1752786,5435106,10792,,573901,0,0,0,2,0,South,2008/2009,Z DWAY 40A,BRACKEN/TREBANN,,Non-Injury Crash,No,2009,0,South,0,0,0,Flat,0,,0,,0,Overcast,2073300,0,0,0,0,0,0,0,0,1,,0,0,Wellington Region,Nil,Off road,Sealed,0,0,0,0,50,0,Null,0,0,,47,Wellington City,Nil,0,0,0,0,0,0,Urban,0,0,0,Fine,Null