X,Y,OBJECTID,advisorySpeed,areaUnitID,bicycle,bridge,bus,carStationWagon,cliffBank,crashDirectionDescription,crashFinancialYear,crashLocation1,crashLocation2,crashRoadSideRoad,crashSeverity,crashSHDescription,crashYear,debris,directionRoleDescription,ditch,fatalCount,fence,flatHill,guardRail,holiday,houseOrBuilding,intersection,kerb,light,meshblockId,minorInjuryCount,moped,motorcycle,NumberOfLanes,objectThrownOrDropped,otherObject,otherVehicleType,overBank,parkedVehicle,pedestrian,phoneBoxEtc,postOrPole,region,roadCharacter,roadLane,roadSurface,roadworks,schoolBus,seriousInjuryCount,slipOrFlood,speedLimit,strayAnimal,streetLight,suv,taxi,temporarySpeedLimit,tlaId,tlaName,trafficControl,trafficIsland,trafficSign,train,tree,truck,unknownVehicleType,urban,vanOrUtility,vehicle,waterRiver,weatherA,weatherB
1624265,5430734,10793,,582500,0,0,0,1,0,Null,2009/2010,HARDY ST,ALTON ST,,Non-Injury Crash,No,2009,0,East,0,0,0,Flat,0,,1,,0,Overcast,2320800,0,0,0,2,0,0,0,0,0,,0,0,Nelson Region,Nil,2-way,Sealed,0,0,0,0,50,0,Null,0,0,,52,Nelson City,Nil,1,0,0,0,0,0,Urban,0,0,0,Fine,Null
1791482,5846159,10794,,527111,0,0,0,1,0,North,2008/2009,SH 1N,OHINEWAI SOUTH ROAD,,Non-Injury Crash,Yes,2009,0,North,0,0,0,Hill Road,1,,0,,0,Dark,940701,0,0,0,2,0,0,0,0,0,,0,0,Waikato Region,Nil,2-way,Sealed,0,0,0,0,100,0,None,0,0,,13,Waikato District,Unknown,0,0,0,0,0,0,Open,0,0,0,Fine,Null
1759300,5916640,10795,,516001,0,,0,1,,South,2008/2009,SH 1N,MARKET OBR,,Non-Injury Crash,Yes,2009,,South,,0,,Flat,,,,,,Overcast,491700,0,0,0,3,,,0,,,,,,Auckland Region,Nil,1-way,Sealed,,0,0,,100,,On,0,0,,76,Auckland,Nil,,,,,0,0,Open,1,,,Light rain,Null
1768155,5911115,10796,,523112,0,0,0,2,0,North,2009/2010,CRYERS ROAD,BOSTOCK PLACE,,Non-Injury Crash,No,2009,0,North,0,0,0,Flat,0,,0,,0,Overcast,711500,0,0,0,2,0,0,0,0,1,,0,0,Auckland Region,Nil,2-way,Sealed,0,0,0,0,50,0,Off,0,0,,76,Auckland,Nil,0,0,0,0,0,0,Urban,0,0,0,Light rain,Null
1770502,5908705,10797,20,523115,0,,0,2,,Null,2008/2009,MIDDLEFIELD DRIVE,BRONWYLIAN DRIVE,,Non-Injury Crash,No,2009,,North,,0,,Flat,,,,,,Bright sun,712110,0,0,0,2,,,0,,,,,,Auckland Region,Nil,2-way,Sealed,,0,0,,50,,Off,0,0,,76,Auckland,Give way,,,,,0,0,Urban,0,,,Fine,Null
1801261,5814583,10798,,529700,0,,0,1,,Null,2009/2010,ANGLESEA ST,BRIDGE ST,,Non-Injury Crash,No,2009,,South,,0,,Flat,,,,,,Overcast,912400,0,0,0,4,,,0,,,,,,Waikato Region,Nil,2-way,Sealed,,0,0,,50,,Null,0,0,,16,Hamilton City,Give way,,,,,0,0,Urban,1,,,Fine,Null
1748949,5429399,10799,,572900,0,,0,2,,East,2008/2009,MURPHY ST,MURPHY OFF SBD,,Non-Injury Crash,No,2009,,South,,0,,Flat,,,,,,Bright sun,2118600,0,0,0,2,,,0,,,,,,Wellington Region,Nil,2-way,Sealed,,0,0,,50,,Null,0,0,,47,Wellington City,Nil,,,,,0,0,Urban,0,,,Fine,Null
1233485,4859955,10800,,610051,0,,0,1,,East,2008/2009,SH 99,KENNEDY ROAD,,Non-Injury Crash,Yes,2009,,West,,0,,Flat,,Christmas New Year,,,,Dark,3078800,0,0,0,2,,,0,,,,,,Southland Region,Nil,2-way,Sealed,,0,0,,100,,None,0,0,,73,Southland District,Unknown,,,,,0,0,Open,0,,,Fine,Null
1756762,5919878,10801,,514102,0,,0,2,,North,2008/2009,HOBSON ST,PITT ST,,Non-Injury Crash,No,2009,,South,,0,,Flat,,Easter,,,,Dark,434802,0,0,0,4,,,0,,,,,,Auckland Region,Nil,1-way,Sealed,,0,0,,50,,On,0,0,,76,Auckland,Traffic Signals,,,,,0,0,Urban,0,,,Fine,Null
1744640,5919803,10802,,513301,0,,0,0,,Null,2009/2010,UNIVERSAL DRIVE,RATHGAR ROAD,,Non-Injury Crash,No,2009,,West,,0,,Flat,,,,,,Overcast,233500,0,0,0,2,,,0,,,,,,Auckland Region,Nil,2-way,Sealed,,0,0,,50,,Null,0,0,,76,Auckland,Nil,,,,,0,0,Urban,2,,,Fine,Null
1757507,5918504,10803,,514302,0,,0,4,,Null,2008/2009,BOSTON ROAD,SEVERN ROAD,,Non-Injury Crash,No,2009,,West,,0,,Flat,,,,,,Overcast,442100,0,0,0,2,,,0,,,,,,Auckland Region,Nil,2-way,Sealed,,0,0,,50,,Off,1,0,,76,Auckland,Give way,,,,,0,0,Urban,0,,,Fine,Null
1884228,5825212,10804,,536831,0,,0,2,,East,2008/2009,GIRVEN ROAD,SH 29,,Non-Injury Crash,No,2009,,West,,0,,Flat,,,,,,Bright sun,1201300,0,0,0,2,,,0,,,,,,Bay of Plenty Region,Nil,2-way,Sealed,,0,0,,50,,Null,0,0,,23,Tauranga City,Give way,,,,,0,0,Urban,0,,,Fine,Null
1682048,6096959,10805,,501633,0,,0,0,,South,2009/2010,WAIMATE NORTH ROAD,WIROA ROAD,,Non-Injury Crash,No,2009,,North,,0,,Flat,,Labour Weekend,,,,Overcast,34301,0,0,0,2,,,0,,,,,,Northland Region,Nil,2-way,Sealed,,0,0,,100,,None,2,0,,1,Far North District,Nil,,,,,0,0,Open,0,,,Fine,Null
1766825,5901878,10806,,524604,0,,0,2,,Null,2009/2010,BROWNS ROAD,GLOUCESTER ROAD,,Non-Injury Crash,No,2009,,West,,0,,Hill Road,,,,,,Overcast,781400,0,0,0,5,,,0,,,,,,Auckland Region,Nil,2-way,Sealed,,0,0,,50,,Off,0,0,,76,Auckland,Nil,,,,,0,0,Urban,1,,,Fine,Null
2030552,5717882,10807,,544001,0,0,0,1,0,South,2009/2010,BACK ORMOND ROAD,WAIHIRERE DOMAIN ROAD,,Non-Injury Crash,No,2009,0,North,1,0,0,Flat,0,,0,,0,Overcast,1360500,0,0,0,2,0,0,0,0,0,,0,0,Gisborne Region,Nil,2-way,Sealed,0,0,0,0,100,0,Null,0,0,,28,Gisborne District,Nil,0,0,0,0,0,0,Open,0,0,0,Light rain,Null
1804175,5813749,10808,,530700,0,,0,2,,Null,2009/2010,SH 1N,CAMBRIDGE ROAD,,Non-Injury Crash,Yes,2009,,North,,0,,Flat,,,,,,Dark,887701,0,0,0,2,,,0,,,,,,Waikato Region,Nil,2-way,Sealed,,0,0,,50,,On,0,0,,16,Hamilton City,Give way,,,,,0,0,Urban,0,,,Heavy rain,Null
1745342,5917395,10809,,510800,0,,0,1,,Null,2009/2010,GREAT NORTH ROAD,HENDERSON VALLEY ROAD,,Non-Injury Crash,No,2009,,East,,0,,Flat,,,,,,Bright sun,241600,0,0,1,4,,,0,,,,,,Auckland Region,Nil,2-way,Sealed,,0,0,,50,,Null,0,0,,76,Auckland,Traffic Signals,,,,,0,0,Urban,0,,,Fine,Null
1761848,5436395,10810,,568502,0,,0,1,,Null,2008/2009,CAMBRIDGE TERRACE,HAMPTON COURT,,Non-Injury Crash,No,2009,,South,,0,,Flat,,,,,,Bright sun,1952100,0,0,0,2,,,0,,,,,,Wellington Region,Nil,2-way,Sealed,,0,0,,50,,Null,1,0,,46,Lower Hutt City,Give way,,,,,0,0,Urban,0,,,Fine,Null
1755786,5928200,10811,,507900,0,,0,2,,Null,2009/2010,PORANA ROAD,WAIRAU ROAD,,Non-Injury Crash,No,2009,,East,,0,,Flat,,,,,,Bright sun,305201,0,0,0,2,,,0,,,,,,Auckland Region,Nil,2-way,Sealed,,0,0,,50,,Null,0,0,,76,Auckland,Traffic Signals,,,,,0,0,Urban,0,,,Light rain,Null
1765946,5899608,10812,,524822,0,,0,2,,Null,2008/2009,PALMERS ROAD,BARNEYS FARM ROAD,,Non-Injury Crash,No,2009,,West,,0,,Flat,,,,,,Dark,774431,0,0,0,1,,,0,,,,,,Auckland Region,Nil,2-way,Sealed,,0,0,,50,,On,0,0,,76,Auckland,Nil,,,,,0,0,Urban,0,,,Fine,Null
1731759,5907641,10813,,513800,0,0,0,0,1,West,2009/2010,PIHA ROAD,KAREKARE ROAD,,Non-Injury Crash,No,2009,0,West,0,0,0,Flat,0,,0,,0,Dark,282018,0,0,0,2,0,0,0,0,0,,0,0,Auckland Region,Nil,2-way,Sealed,0,0,0,0,100,0,None,1,0,,76,Auckland,Nil,0,0,0,0,0,0,Open,0,0,0,Fine,Null
1757060,5879579,10814,,521152,0,,0,0,,East,2009/2010,MORLEY ROAD,DIVER ROAD,,Non-Injury Crash,No,2009,,West,,0,,Flat,,,,,,Dark,832800,0,0,0,2,,,0,,,,,,Auckland Region,Nil,2-way,Sealed,,0,0,,100,,None,0,0,,76,Auckland,Nil,,,,,0,0,Open,1,,,Fine,Null
1752400,5918091,10815,,515001,0,,0,2,,Null,2008/2009,GREAT NORTH ROAD,CARRINGTON ROAD,,Non-Injury Crash,No,2009,,East,,0,,Flat,,,,,,Bright sun,392400,0,0,0,2,,,0,,,,,,Auckland Region,Nil,2-way,Sealed,,0,0,,50,,Off,0,0,,76,Auckland,Traffic Signals,,,,,0,0,Urban,0,,,Fine,Null
1770596,5908301,10816,,523115,0,0,0,2,0,East,2009/2010,BAVERSTOCK ROAD,MIDDLEFIELD DRIVE,,Non-Injury Crash,No,2009,0,East,0,0,0,Flat,0,,0,,0,Dark,712114,0,0,0,0,0,0,0,0,1,,0,0,Auckland Region,Nil,2-way,Sealed,0,0,0,0,50,0,On,0,0,,76,Auckland,Nil,0,0,0,0,0,0,Urban,0,0,0,Light rain,Null
1755544,5434613,10817,,569800,1,,0,1,,South,2008/2009,SH 2,PETONE ON SBD,,Non-Injury Crash,Yes,2009,,South,,0,,Flat,,,,,,Bright sun,1922202,0,0,0,2,,,0,,,,,,Wellington Region,Nil,2-way,Sealed,,0,0,,100,,Null,0,0,,46,Lower Hutt City,Nil,,,,,0,0,Open,0,,,Fine,Null
1755851,5918104,10818,,517500,0,,0,1,,Null,2008/2009,NEW NORTH ROAD,NEW BOND ST,,Non-Injury Crash,No,2009,,North,,0,,Flat,,,,,,Overcast,529700,0,0,1,2,,,0,,,,,,Auckland Region,Nil,2-way,Sealed,,0,0,,50,,On,0,0,,76,Auckland,Traffic Signals,,,,,0,0,Urban,0,,,Heavy rain,Null
1615207,5423856,10819,,584201,0,,0,2,,Null,2009/2010,LOWER QUEEN ST,SH 6,,Non-Injury Crash,Yes,2009,,South,,0,,Flat,,,,,,Bright sun,2365400,0,0,0,2,,,0,,,,,,Tasman Region,Nil,2-way,Sealed,,0,0,,50,,Null,0,0,,51,Tasman District,Traffic Signals,,,,,0,0,Urban,0,,,Fine,Null
1752455,5918012,10820,,515003,0,,0,3,,East,2008/2009,SH 16,CARRINGTON OBR,,Non-Injury Crash,Yes,2009,,West,,0,,Flat,,,,,,Dark,390702,0,0,0,3,,,0,,,,,,Auckland Region,Nil,1-way,Sealed,,0,0,,100,,On,0,0,,76,Auckland,Nil,,,,,0,0,Open,0,,,Light rain,Null
1753666,5931131,10821,,508803,0,,0,2,,Null,2008/2009,CARIBBEAN DRIVE,MEADOWOOD DRIVE,,Non-Injury Crash,No,2009,,South,,0,,Flat,,,,,,Overcast,180819,0,0,0,2,,,0,,,,,,Auckland Region,Nil,2-way,Sealed,,0,0,,50,,Off,0,0,,76,Auckland,Give way,,,,,0,0,Urban,0,,,Fine,Null
1904876,5808726,10822,,536654,0,0,0,1,0,South,2009/2010,SH 2,TAINUI ROAD,,Non-Injury Crash,Yes,2009,0,South,0,0,1,Flat,0,,0,,0,Dark,1211400,0,0,0,2,0,0,0,0,0,,0,0,Bay of Plenty Region,Nil,2-way,Sealed,0,0,0,0,100,0,None,0,0,,22,Western Bay of Plenty District,Unknown,0,0,0,0,0,0,Open,0,0,0,Fine,Null
1760810,5917626,10823,,516202,0,,0,2,,South,2009/2010,ORAKEI ROAD,BENSON ROAD,,Non-Injury Crash,No,2009,,North,,0,,Hill Road,,,,,,Bright sun,488800,0,0,0,2,,,0,,,,,,Auckland Region,Nil,2-way,Sealed,,0,0,,50,,Off,0,0,,76,Auckland,Nil,,,,,0,0,Urban,0,,,Fine,Null
1765400,5906742,10824,,522202,0,0,0,0,0,West,2009/2010,KOLMAR ROAD,SUTTON CRESCENT,,Non-Injury Crash,No,2009,0,West,0,0,0,Flat,0,Christmas New Year,0,,0,Dark,663600,0,0,0,2,0,0,0,0,0,,0,1,Auckland Region,Nil,2-way,Sealed,0,0,0,0,50,0,On,0,0,,76,Auckland,Nil,0,0,0,0,0,0,Urban,1,0,0,Fine,Null
1800290,5814950,10825,,529700,0,,0,2,,North,2008/2009,TAINUI ST,LAKE ROAD,,Non-Injury Crash,No,2009,,North,,0,,Hill Road,,,,,,Bright sun,910800,0,0,0,2,,,0,,,,,,Waikato Region,Nil,2-way,Sealed,,0,0,,50,,Null,0,0,,16,Hamilton City,Unknown,,,,,0,0,Urban,0,,,Fine,Null
1744019,5924039,10826,,513521,0,,0,2,,Null,2008/2009,OLD SH 18,SH 16,,Non-Injury Crash,Yes,2009,,West,,0,,Flat,,,,,,Dark,224240,0,0,0,4,,,0,,,,,,Auckland Region,Nil,2-way,Sealed,,0,0,,50,,On,0,0,,76,Auckland,Traffic Signals,,,,,0,0,Urban,0,,,Fine,Null
1876336,5824460,10827,,537301,0,0,0,2,0,South,2008/2009,BROOKFIELD TERRACE,HIGHMORE PLACE,,Non-Injury Crash,No,2009,0,North,0,0,0,Flat,0,,0,,0,Overcast,1160500,0,0,0,2,0,0,0,0,1,,0,0,Bay of Plenty Region,Nil,2-way,Sealed,0,0,0,0,50,0,Null,0,0,,23,Tauranga City,Unknown,0,0,0,0,0,0,Urban,0,0,0,Fine,Null
1792444,5876767,10828,,521135,0,0,0,1,1,North,2009/2010,SH 2,WYATT ROAD,,Non-Injury Crash,Yes,2009,0,South,1,0,0,Flat,0,,0,,0,Dark,843500,0,0,0,2,0,0,0,0,0,,0,0,Waikato Region,Nil,2-way,Sealed,0,0,0,0,100,0,None,0,0,,13,Waikato District,Nil,0,0,0,0,0,0,Open,0,0,0,Light rain,Null
1766544,5913173,10829,,522920,0,,0,2,,South,2009/2010,TI RAKAU DRIVE,PAKURANGA ROAD,,Non-Injury Crash,No,2009,,North,,0,,Flat,,,,,,Bright sun,683900,0,0,0,4,,,0,,,,,,Auckland Region,Nil,2-way,Sealed,,0,0,,50,,Off,0,0,,76,Auckland,Nil,,,,,0,0,Urban,0,,,Fine,Null
1754883,5876508,10830,,526104,0,,0,2,,North,2009/2010,COLLINGWOOD ROAD,KITCHENER ROAD,,Non-Injury Crash,No,2009,,South,,0,,Hill Road,,,,,,Overcast,836702,0,0,0,2,,,0,,,,,,Auckland Region,Nil,2-way,Sealed,,0,0,,50,,Null,0,0,,76,Auckland,Nil,,,,,0,0,Urban,0,,,Fine,Null
1766204,5903706,10831,,524604,0,,0,1,,North,2008/2009,PLUNKET AVENUE,WIRI STATION ROAD,,Non-Injury Crash,No,2009,,North,,0,,Flat,,,,,,Overcast,780208,0,0,0,2,,,0,,,,,,Auckland Region,Nil,2-way,Sealed,,0,0,,70,,Off,0,0,,76,Auckland,Nil,,,,,0,0,Urban,1,,,Light rain,Null
1764132,5909783,10832,,521901,0,0,0,1,0,South,2009/2010,GREAT SOUTH ROAD,AVENUE ROAD,,Non-Injury Crash,No,2009,0,North,0,0,0,Flat,0,,0,,0,Overcast,784000,0,0,0,2,0,0,0,0,1,,0,0,Auckland Region,Nil,2-way,Sealed,0,0,0,0,50,0,Null,0,0,,76,Auckland,Unknown,0,0,0,0,0,0,Urban,1,0,0,Light rain,Null
1764205,5904663,10833,,522100,0,0,0,1,0,Null,2008/2009,GIFFORD ROAD,MILLENNIUM PLACE,,Non-Injury Crash,No,2009,0,West,0,0,1,Flat,0,,1,,0,Dark,658900,0,0,0,2,0,0,0,0,0,,1,0,Auckland Region,Nil,2-way,Sealed,0,0,0,0,50,0,On,0,0,,76,Auckland,Nil,0,0,0,0,0,0,Urban,0,0,0,Fine,Null
1761252,5906153,10834,,524200,0,0,0,1,0,West,2009/2010,MASSEY ROAD,FRIESIAN DRIVE,,Non-Injury Crash,No,2009,0,West,0,0,0,Flat,0,,0,,0,Dark,728200,0,0,0,2,0,0,0,0,0,,0,1,Auckland Region,Nil,2-way,Sealed,0,0,0,0,50,0,On,0,0,,76,Auckland,Nil,0,0,0,0,0,0,Urban,0,0,0,Fine,Null
1756695,5919470,10835,,514200,0,,0,2,,Null,2008/2009,KARANGAHAPE ROAD,EAST ST,,Non-Injury Crash,No,2009,,West,,0,,Flat,,,,,,Dark,412000,0,0,0,2,,,0,,,,,,Auckland Region,Nil,2-way,Sealed,,0,0,,50,,On,0,0,,76,Auckland,Give way,,,,,0,0,Urban,0,,,Fine,Null
1853748,5854665,10836,,534200,0,,0,2,,North,2008/2009,SH 2,TRIG ROAD SOUTH,,Non-Injury Crash,Yes,2009,,South,,0,,Flat,,,,,,Bright sun,1083301,0,0,0,2,,,0,,,,,,Waikato Region,Nil,2-way,Sealed,,0,0,,100,,Null,0,0,,12,Hauraki District,Unknown,,,,,0,0,Open,0,,,Fine,Null
1867604,5713890,10837,,541720,0,0,0,3,0,North,2008/2009,TITIRAUPENGA ST,SPA ROAD,,Non-Injury Crash,No,2009,0,South,0,0,0,Flat,0,,0,,0,Bright sun,1273500,0,0,0,2,0,0,0,0,2,,0,0,Waikato Region,Nil,2-way,Sealed,0,0,0,0,50,0,Null,0,0,,21,Taupo District,Unknown,0,0,0,0,0,0,Urban,0,0,0,Fine,Null
1933146,5620917,10838,,546400,0,0,0,0,0,Null,2009/2010,SH 2B,PREBENSEN DRIVE,,Non-Injury Crash,Yes,2009,0,South,0,0,0,Flat,1,,0,,0,Overcast,1427802,0,0,0,2,0,0,0,0,0,,0,0,Hawke's Bay Region,Nil,2-way,Sealed,0,0,0,0,50,0,Null,0,0,,31,Napier City,Give way,0,0,0,0,1,0,Urban,1,0,0,Fine,Null
1820903,5828320,10839,,534500,0,0,0,1,0,West,2008/2009,SH 26,AVENUE ROAD NORTH,,Non-Injury Crash,Yes,2009,0,East,0,0,0,Flat,0,,0,,0,Dark,1090905,0,0,0,2,0,1,0,0,0,,0,0,Waikato Region,Nil,2-way,Sealed,0,0,0,0,100,0,Off,0,0,,15,Matamata-Piako District,Unknown,0,0,0,0,0,0,Open,0,0,0,Fine,Null
1768189,5902430,10840,,524602,0,,0,2,,Null,2008/2009,GREAT SOUTH ROAD,BROWNS ROAD,,Non-Injury Crash,No,2009,,North,,0,,Flat,,,,,,Overcast,780700,0,0,0,4,,,0,,,,,,Auckland Region,Nil,2-way,Sealed,,0,0,,50,,Off,0,0,,76,Auckland,Traffic Signals,,,,,0,0,Urban,0,,,Fine,Null
1765885,5898856,10841,,524812,0,0,0,1,0,South,2009/2010,WEYMOUTH ROAD,GILA PLACE,,Non-Injury Crash,No,2009,0,South,0,0,0,Flat,0,,0,,0,Dark,774303,0,0,0,2,0,0,0,0,0,,0,0,Auckland Region,Nil,2-way,Sealed,0,0,0,0,50,0,On,0,0,,76,Auckland,Unknown,0,0,0,1,0,0,Urban,0,0,0,Light rain,Null
1768534,5469326,10842,,566000,0,,0,1,,West,2008/2009,KAPITI ROAD,ARAWHATA ROAD,,Non-Injury Crash,No,2009,,South,,0,,Flat,,,,,,Overcast,1999801,0,0,0,3,,,0,,,,,,Wellington Region,Nil,2-way,Sealed,,0,0,,50,,Null,0,0,,43,Kapiti Coast District,Nil,,,,,1,0,Urban,0,,,Fine,Null
1720350,6048930,10843,,502202,0,0,0,0,0,Null,2009/2010,HINAU ST,TAKAHE ST,,Non-Injury Crash,No,2009,0,South,0,0,0,Hill Road,0,,0,,1,Overcast,88501,0,0,1,2,0,0,0,0,0,,0,0,Northland Region,Nil,2-way,Sealed,0,0,0,0,50,0,Off,0,0,,2,Whangarei District,Give way,0,0,0,0,0,0,Urban,0,0,0,Light rain,Null
1770764,5901611,10844,,523813,0,,0,0,,Null,2008/2009,ALFRISTON ROAD,PORCHESTER ROAD,,Non-Injury Crash,No,2009,,West,,0,,Flat,,,,,,Overcast,759800,0,0,0,2,,,0,,,,,,Auckland Region,Nil,2-way,Sealed,,0,0,,50,,Off,1,0,,76,Auckland,Give way,,,,,0,0,Urban,1,,,Fine,Null
1763830,5912850,10845,,520500,0,,0,3,,South,2009/2010,MOUNT WELLINGTON HIGHWAY,ARANUI ROAD,,Non-Injury Crash,No,2009,,South,,0,,Flat,,,,,,Overcast,637400,0,0,0,3,,,0,,,,,,Auckland Region,Nil,2-way,Sealed,,0,0,,50,,Off,0,0,,76,Auckland,Nil,,,,,0,0,Urban,0,,,Fine,Null
1747412,5956062,10846,,506613,0,0,0,0,1,North,2008/2009,KRIPPNER ROAD,NOAKES HILL ROAD,,Non-Injury Crash,No,2009,0,North,1,0,0,Hill Road,0,,0,,0,Overcast,146901,0,0,0,1,0,0,0,0,0,,0,0,Auckland Region,Nil,2-way,Unsealed,0,0,0,0,100,0,Null,1,0,,76,Auckland,Unknown,0,0,0,0,0,0,Open,0,0,0,Fine,Null
1755065,5929302,10847,,508420,0,,0,2,,West,2009/2010,TARGET ROAD,WAIRAU ROAD,,Non-Injury Crash,No,2009,,South,,0,,Flat,,,,,,Overcast,183800,0,0,0,2,,,0,,,,,,Auckland Region,Nil,2-way,Sealed,,0,0,,50,,Off,0,0,,76,Auckland,Nil,,,,,0,0,Urban,0,,,Heavy rain,Null
1788773,5755310,10848,,532000,0,,0,2,,Null,2008/2009,SH 3,RORA ST,,Non-Injury Crash,Yes,2009,,South,,0,,Flat,,Queens Birthday,,,,Bright sun,1007800,0,0,0,2,,,0,,,,,,Waikato Region,Nil,2-way,Sealed,,0,0,,50,,Off,0,0,,20,Waitomo District,Stop,,,,,0,0,Urban,0,,,Fine,Null
1782716,5925968,10849,,520801,0,,0,2,,North,2008/2009,WHAKARITE ROAD,WAITAI ROAD,,Non-Injury Crash,No,2009,,North,,0,,Hill Road,,,,,,Dark,515312,0,0,0,2,,,0,,,,,,Auckland Region,Nil,2-way,Sealed,,0,0,,50,,None,0,0,,76,Auckland,Unknown,,,,,0,0,Urban,0,,,Light rain,Null
1787605,5904031,10850,,525201,0,0,0,1,0,East,2009/2010,NESS VALLEY ROAD,CLEVEDON-KAWAKAWA ROAD,,Non-Injury Crash,No,2009,0,North,1,0,0,Hill Road,0,,0,,0,Bright sun,764400,0,0,0,2,0,0,0,0,0,,0,0,Auckland Region,Nil,2-way,Sealed,0,0,0,0,100,0,None,0,0,,76,Auckland,Nil,0,0,0,0,0,0,Open,0,0,0,Fine,Null
1720080,6049499,10851,,502201,0,0,0,2,0,Null,2008/2009,KORAU ROAD,KIRIPAKA ROAD,,Non-Injury Crash,No,2009,0,North,0,0,0,Flat,0,,0,,0,Bright sun,86800,0,0,0,2,0,0,0,0,1,,0,0,Northland Region,Nil,2-way,Sealed,0,0,0,0,50,0,Off,0,0,,2,Whangarei District,Nil,0,0,0,0,0,0,Urban,0,0,0,Fine,Null
1752115,5955348,10852,,506613,0,0,0,0,0,North,2009/2010,HIBISCUS COAST HIGHWAY,SCHISCHKA ROAD,,Non-Injury Crash,No,2009,0,South,0,0,1,Hill Road,0,,0,,0,Dark,147000,0,0,0,3,0,0,0,0,0,,0,0,Auckland Region,Nil,2-way,Sealed,0,0,0,0,80,0,None,1,0,,76,Auckland,Unknown,0,1,0,1,0,0,Open,0,0,0,Fine,Null
1752016,5915320,10853,,514401,0,,0,2,,South,2008/2009,BOLLARD AVENUE,NEW NORTH ROAD,,Non-Injury Crash,No,2009,,South,,0,,Flat,,,,,,Bright sun,380100,0,0,0,2,,,0,,,,,,Auckland Region,Nil,2-way,Sealed,,0,0,,50,,Off,0,0,,76,Auckland,Nil,,,,,0,0,Urban,0,,,Fine,Null
1766849,5912713,10854,,522920,0,,0,2,,South,2008/2009,TI RAKAU DRIVE,MATTSON ROAD,,Non-Injury Crash,No,2009,,North,,0,,Flat,,,,,,Bright sun,686800,0,0,0,4,,,0,,,,,,Auckland Region,Nil,2-way,Sealed,,0,0,,50,,Off,0,0,,76,Auckland,Traffic Signals,,,,,0,0,Urban,0,,,Fine,Null
1822495,5529836,10855,,562800,0,,0,1,,Null,2008/2009,SH 3,VICTORIA AVENUE,,Non-Injury Crash,Yes,2009,,West,,0,,Flat,,,,,,Overcast,1829700,0,0,0,2,,,0,,,,,,Manawatū-Whanganui Region,Nil,2-way,Sealed,,0,0,,50,,Null,0,0,,40,Palmerston North City,Traffic Signals,,,,,0,0,Urban,1,,,Fine,Null
1885181,5773885,10856,,540410,0,,0,2,,Null,2008/2009,FENTON ST,HINEMOA ST,,Non-Injury Crash,No,2009,,North,,0,,Flat,,,,,,Bright sun,1234400,0,0,0,4,,,0,,,,,,Bay of Plenty Region,Nil,2-way,Sealed,,0,0,,50,,Null,0,0,,24,Rotorua District,Traffic Signals,,,,,0,0,Urban,0,,,Fine,Null
1757826,5915936,10857,,515801,0,0,0,1,0,Null,2008/2009,KING GEORGE AVENUE,KING GEORGE AVENUDED,,Non-Injury Crash,No,2009,0,West,0,0,0,Hill Road,0,,0,,0,Overcast,446700,0,0,0,2,0,0,0,0,0,,0,1,Auckland Region,Nil,2-way,Sealed,0,0,0,0,50,0,Null,0,0,,76,Auckland,Stop,0,0,0,0,0,0,Urban,0,0,0,Fine,Null
1757715,5920833,10858,,514103,0,,0,2,,Null,2008/2009,CUSTOMS ST EAST,GORE ST,,Non-Injury Crash,No,2009,,West,,0,,Flat,,,,,,Overcast,438104,0,0,0,6,,,0,,,,,,Auckland Region,Nil,2-way,Sealed,,0,0,,50,,Null,0,0,,76,Auckland,Traffic Signals,,,,,0,0,Urban,0,,,Light rain,Null
1697431,5677926,10859,,551012,0,,0,1,,East,2008/2009,SH 3,EGMONT ROAD,,Non-Injury Crash,Yes,2009,,East,,0,,Hill Road,,,,,,Overcast,1558900,0,0,0,2,,,0,,,,,,Taranaki Region,Nil,2-way,Sealed,,0,0,,80,,Null,0,0,50,33,New Plymouth District,Nil,,,,,0,0,Open,1,,,Fine,Null
1752272,5914241,10860,,514500,0,,0,1,,East,2009/2010,TIVERTON ROAD,WHITNEY ST,,Non-Injury Crash,No,2009,,East,,0,,Flat,,,,,,Overcast,374800,0,0,0,2,,,0,,,,,,Auckland Region,Nil,2-way,Sealed,,0,0,,50,,Null,0,0,,76,Auckland,Unknown,,,,,0,0,Urban,1,,,Fine,Null
1757389,5920420,10861,,514102,0,,0,2,,Null,2009/2010,QUEEN ST,VICTORIA ST WEST,,Non-Injury Crash,No,2009,,South,,0,,Flat,,,,,,Dark,433600,0,0,0,4,,,0,,,,,,Auckland Region,Nil,2-way,Sealed,,0,0,,30,,On,0,0,,76,Auckland,Traffic Signals,,,,,0,0,Urban,0,,,Fine,Null
1751858,5931530,10862,,508807,0,,0,2,,Null,2008/2009,WILLIAM PICKERING DRIVE,ROTHWELL AVENUE,,Non-Injury Crash,No,2009,,North,,0,,Flat,,,,,,Bright sun,180301,0,0,0,3,,,0,,,,,,Auckland Region,Nil,2-way,Sealed,,0,0,,50,,Null,0,0,,76,Auckland,Give way,,,,,0,0,Urban,0,,,Fine,Null