X,Y,OBJECTID,advisorySpeed,areaUnitID,bicycle,bridge,bus,carStationWagon,cliffBank,crashDirectionDescription,crashFinancialYear,crashLocation1,crashLocation2,crashRoadSideRoad,crashSeverity,crashSHDescription,crashYear,debris,directionRoleDescription,ditch,fatalCount,fence,flatHill,guardRail,holiday,houseOrBuilding,intersection,kerb,light,meshblockId,minorInjuryCount,moped,motorcycle,NumberOfLanes,objectThrownOrDropped,otherObject,otherVehicleType,overBank,parkedVehicle,pedestrian,phoneBoxEtc,postOrPole,region,roadCharacter,roadLane,roadSurface,roadworks,schoolBus,seriousInjuryCount,slipOrFlood,speedLimit,strayAnimal,streetLight,suv,taxi,temporarySpeedLimit,tlaId,tlaName,trafficControl,trafficIsland,trafficSign,train,tree,truck,unknownVehicleType,urban,vanOrUtility,vehicle,waterRiver,weatherA,weatherB
1804781,5814126,10863,,530600,0,0,0,1,0,North,2008/2009,MORRIS ROAD,MANSEL AVENUE,,Non-Injury Crash,No,2009,0,South,0,0,0,Flat,0,,0,,0,Dark,885400,0,0,0,2,0,0,0,0,1,,0,0,Waikato Region,Nil,2-way,Sealed,0,0,0,0,50,0,On,0,0,,16,Hamilton City,Unknown,0,0,0,0,0,0,Urban,1,0,0,Light rain,Null
1755497,5925763,10864,,509701,0,0,0,1,0,South,2009/2010,GREENSLADE CRESCENT,KO ST,,Non-Injury Crash,No,2009,0,North,0,0,1,Flat,0,,0,,0,Dark,362600,0,0,0,1,0,0,0,0,0,,0,0,Auckland Region,Nil,2-way,Sealed,0,0,0,0,50,0,On,0,0,,76,Auckland,Nil,0,1,0,0,0,0,Urban,0,0,0,Fine,Null
1873081,5751773,10865,80,538850,0,,0,1,,South,2008/2009,GALATOS ROAD,PARSONS ROAD,,Non-Injury Crash,No,2009,,South,,0,,Hill Road,,,,,,Overcast,1263100,0,0,0,1,,,0,,,,,,Waikato Region,Nil,2-way,Unsealed,,0,0,,100,,Null,1,0,,24,Rotorua District,Unknown,,,,,0,0,Open,0,,,Heavy rain,Null
1680937,5403832,10866,,581230,0,0,0,1,0,Null,2008/2009,SH 1S,MAIN ST,,Non-Injury Crash,Yes,2009,0,East,0,0,1,Flat,0,,1,,0,Twilight,2300400,0,0,0,2,0,0,0,0,1,,0,0,Marlborough Region,Nil,2-way,Sealed,0,0,0,0,50,0,Off,1,0,,53,Marlborough District,Give way,0,0,0,0,0,0,Urban,0,0,0,Fine,Null
1722383,6082361,10867,,501814,0,0,0,1,1,East,2009/2010,RAPATA ROAD,OAKURA ROAD,,Non-Injury Crash,No,2009,0,West,0,0,0,Hill Road,0,,0,,0,Dark,59700,0,0,0,2,0,0,0,0,0,,0,0,Northland Region,Nil,2-way,Sealed,0,0,0,0,50,0,None,0,0,,2,Whangarei District,Nil,0,0,0,0,0,0,Urban,0,0,0,Fine,Null
1773719,5914127,10868,,521502,0,0,0,0,0,Null,2008/2009,PAH ROAD,SEA VIEW TERRACE,,Non-Injury Crash,No,2009,0,West,0,0,1,Hill Road,0,,0,,0,Dark,655400,0,0,0,2,0,0,0,0,0,,0,0,Auckland Region,Nil,2-way,Sealed,0,0,0,0,50,0,On,1,0,,76,Auckland,Nil,0,0,0,0,0,0,Urban,0,0,0,Light rain,Null
1817622,5803366,10869,,527503,0,,0,2,,Null,2008/2009,SH 1N,ALBERT ST,,Non-Injury Crash,Yes,2009,,East,,0,,Flat,,,,,,Overcast,963100,0,0,0,2,,,0,,,,,,Waikato Region,Nil,2-way,Sealed,,0,0,,50,,Null,0,0,,17,Waipa District,Give way,,,,,0,0,Urban,0,,,Fine,Null
1757013,5925880,10870,,509702,0,0,0,1,0,Null,2009/2010,ESMONDE ROAD,AKORANGA DRIVE,,Non-Injury Crash,No,2009,0,East,0,0,0,Flat,0,,0,,1,Dark,364602,0,0,0,5,0,0,0,0,0,,0,0,Auckland Region,Nil,2-way,Sealed,0,0,0,0,50,0,On,0,0,,76,Auckland,Traffic Signals,0,0,0,0,0,0,Urban,0,0,0,Fine,Null
1774114,5896613,10871,,525620,0,0,0,1,0,North,2008/2009,KELVIN ROAD,WILLIS ROAD,,Non-Injury Crash,No,2009,0,North,0,0,0,Flat,0,,0,,0,Dark,797300,0,0,0,2,0,0,0,0,0,,0,1,Auckland Region,Nil,2-way,Sealed,0,0,0,0,50,0,On,0,0,,76,Auckland,Unknown,0,0,0,0,0,0,Urban,0,0,0,Light rain,Null
1764124,5905042,10872,,522100,0,,0,2,,East,2009/2010,PAH ROAD,HILLSIDE ROAD,,Non-Injury Crash,No,2009,,West,,0,,Flat,,,,,,Overcast,658402,0,0,0,2,,,0,,,,,,Auckland Region,Nil,2-way,Sealed,,0,0,,50,,Off,0,0,,76,Auckland,Nil,,,,,0,0,Urban,0,,,Fine,Null
1429787,4974786,10873,,600826,0,,0,3,,North,2008/2009,SH 1S,HILLGROVE-MOERAKI ROAD,,Serious Crash,Yes,2009,,North,,0,,Hill Road,,,,,,Dark,2835500,0,0,0,2,,,0,,,,,,Otago Region,Nil,2-way,Sealed,,0,5,,100,,None,0,0,,68,Waitaki District,Unknown,,,,,0,0,Open,0,,,Light rain,Null
1756383,5927238,10874,,507900,0,,0,2,,North,2008/2009,SH 1N,NORTHCOTE OBR,,Non-Injury Crash,Yes,2009,,South,,0,,Flat,,,,,,Bright sun,305202,0,0,0,3,,,0,,,,,,Auckland Region,Nil,1-way,Sealed,,0,0,,100,,Off,0,0,,76,Auckland,Nil,,,,,0,0,Open,0,,,Fine,Null
1757505,5918513,10875,,514302,0,0,0,2,0,North,2008/2009,SEVERN ROAD,BOSTON ROAD,,Non-Injury Crash,No,2009,0,North,0,0,0,Flat,0,,0,,0,Bright sun,442100,0,0,0,2,0,0,0,0,1,,0,0,Auckland Region,Nil,2-way,Sealed,0,0,0,0,50,0,Null,0,0,,76,Auckland,Nil,0,0,0,0,0,0,Urban,0,0,0,Fine,Null
1841148,5828918,10876,,534604,0,,0,1,,Null,2009/2010,ALEXANDRA ROAD,BAKER ROAD,,Non-Injury Crash,No,2009,,South,,0,,Flat,,,,,,Bright sun,1109800,0,0,0,2,,,0,,,,,,Waikato Region,Nil,2-way,Sealed,,0,0,,100,,Null,0,0,,15,Matamata-Piako District,Stop,,,,,1,0,Open,0,,,Fine,Null
1814689,5808473,10877,,527133,0,0,0,1,0,East,2008/2009,BRUNTWOOD ROAD,PEAKE ROAD,,Non-Injury Crash,No,2009,0,North,0,0,0,Flat,0,,0,,0,Overcast,959600,0,0,0,2,0,0,0,0,0,,0,0,Waikato Region,Rail xing,2-way,Sealed,0,0,0,0,100,0,None,0,0,,17,Waipa District,Nil,0,0,0,1,0,0,Open,0,0,0,Heavy rain,Null
1747351,5917607,10878,,512500,0,0,0,2,0,East,2009/2010,MCLEOD ROAD,FINLOW DRIVE,,Non-Injury Crash,No,2009,0,East,0,0,0,Flat,0,,0,,0,Dark,258002,0,0,0,2,0,0,0,0,1,,0,0,Auckland Region,Nil,2-way,Sealed,0,0,0,0,50,0,On,0,0,,76,Auckland,Unknown,0,0,0,0,0,0,Urban,0,0,0,Fine,Null
1770342,5898939,10879,,523911,0,,0,2,,South,2009/2010,GREAT SOUTH ROAD,MANUROA ROAD,,Non-Injury Crash,No,2009,,North,,0,,Flat,,,,,,Overcast,768200,0,0,0,4,,,0,,,,,,Auckland Region,Nil,2-way,Sealed,,0,0,,50,,Off,0,0,,76,Auckland,Nil,,,,,0,0,Urban,0,,,Heavy rain,Null
1453087,5103598,10880,,598312,0,0,1,0,0,West,2008/2009,SPUR HUT ROAD,MCCULLY ROAD,,Non-Injury Crash,No,2009,0,East,0,0,0,Hill Road,0,,0,,0,Overcast,2769602,0,0,0,1,0,0,0,1,0,,0,0,Canterbury Region,Nil,2-way,Unsealed,0,1,0,0,100,0,Null,0,0,,64,Timaru District,Unknown,0,0,0,0,0,0,Open,0,0,0,Mist or Fog,Null
1764740,5918184,10881,,517001,0,,0,2,,Null,2008/2009,ST HELIERS BAY ROAD,APIRANA AVENUE,,Non-Injury Crash,No,2009,,East,,0,,Hill Road,,,,,,Overcast,469700,0,0,0,4,,,0,,,,,,Auckland Region,Nil,2-way,Sealed,,0,0,,50,,Off,0,0,,76,Auckland,Traffic Signals,,,,,0,0,Urban,0,,,Fine,Null
1950700,5790757,10882,,542440,0,,0,2,,Null,2008/2009,VALLEY ROAD,GORGE ROAD,,Non-Injury Crash,No,2009,,North,,0,,Flat,,,,,,Bright sun,1306000,0,0,0,2,,,0,,,,,,Bay of Plenty Region,Nil,1-way,Sealed,,0,0,,50,,Off,0,0,,25,Whakatane District,Give way,,,,,0,0,Urban,0,,,Fine,Null
1408737,4915722,10883,,604620,0,0,0,1,0,Null,2008/2009,DUNROBIN ST,MATHIESON ST,,Non-Injury Crash,No,2009,0,South,0,0,0,Hill Road,0,Easter,0,,0,Dark,2938700,0,0,0,1,0,0,0,0,1,,0,0,Otago Region,Nil,2-way,Sealed,0,0,0,0,50,0,On,1,0,,71,Dunedin City,Nil,0,0,0,0,0,0,Urban,0,0,0,Light rain,Null
1871598,5822902,10884,,536620,0,0,0,1,0,Null,2009/2010,SH 2,CLARKE ROAD,,Non-Injury Crash,Yes,2009,0,West,0,0,0,Flat,0,,0,,1,Bright sun,1189602,0,0,0,2,0,0,0,0,0,,0,0,Bay of Plenty Region,Nil,2-way,Sealed,0,0,0,0,100,0,Null,0,0,,22,Western Bay of Plenty District,Stop,0,1,0,0,0,0,Open,0,0,0,Fine,Null
1761681,5913768,10885,,520202,0,,0,1,,Null,2008/2009,GREAT SOUTH ROAD,MCNAB ST,,Non-Injury Crash,No,2009,,South,,0,,Hill Road,,,,,,Overcast,612400,0,0,0,4,,,0,,,,,,Auckland Region,Nil,2-way,Sealed,,0,0,,50,,Off,0,0,,76,Auckland,Give way,,,,,1,0,Urban,0,,,Heavy rain,Null
1877410,5820445,10886,,537700,0,,0,2,,East,2009/2010,HAMPTON TERRACE,FRASER ST,,Non-Injury Crash,No,2009,,East,,0,,Flat,,,,,,Bright sun,1174000,0,0,0,1,,,0,,,,,,Bay of Plenty Region,Nil,2-way,Sealed,,0,0,,50,,None,0,0,,23,Tauranga City,Nil,,,,,0,0,Urban,0,,,Fine,Null
1765894,5905029,10887,,524603,0,,0,2,,East,2008/2009,PUHINUI ROAD,YORK ROAD,,Non-Injury Crash,No,2009,,West,,0,,Flat,,,,,,Dark,674400,0,0,0,2,,,0,,,,,,Auckland Region,Nil,2-way,Sealed,,0,0,,50,,On,0,0,,76,Auckland,Nil,,,,,0,0,Urban,0,,,Fine,Null
1720001,6052206,10888,,502001,0,0,0,1,0,Null,2008/2009,VINEGAR HILL ROAD,RIVERSONG ROAD,,Non-Injury Crash,No,2009,0,East,1,0,0,Hill Road,0,Easter,0,,0,Dark,63801,0,0,0,2,0,0,0,0,0,,0,0,Northland Region,Nil,2-way,Sealed,0,0,0,0,100,0,None,0,0,,2,Whangarei District,Nil,0,0,0,0,0,0,Open,0,0,0,Fine,Null
1786747,5859374,10889,,527210,0,0,0,1,0,South,2008/2009,SH 1N,PADDY ROAD,,Non-Injury Crash,Yes,2009,0,North,0,0,0,Hill Road,1,,0,,0,Bright sun,935700,0,0,0,2,0,0,0,0,0,,0,0,Waikato Region,Nil,1-way,Sealed,0,0,0,0,100,0,None,0,0,,13,Waikato District,Nil,0,0,0,0,0,0,Open,0,0,0,Fine,Null
1405774,4915529,10890,,602900,0,,0,2,,North,2009/2010,PRINCES ST,LEES ST,,Minor Crash,No,2009,,North,,0,,Flat,,,,,,Bright sun,2896400,1,0,0,4,,,0,,,,,,Otago Region,Nil,2-way,Sealed,,0,0,,50,,Null,0,0,,71,Dunedin City,Unknown,,,,,0,0,Urban,0,,,Fine,Null
1800668,5814533,10891,,529100,0,0,0,1,0,North,2009/2010,HUNTER ST,CLARENCE ST,,Non-Injury Crash,No,2009,0,North,0,0,0,Hill Road,0,,0,,0,Twilight,931100,0,0,0,2,0,0,0,0,1,,0,0,Waikato Region,Nil,2-way,Sealed,0,0,0,0,50,0,None,0,0,,16,Hamilton City,Unknown,0,0,0,0,0,0,Urban,0,0,0,Fine,Null
1747592,5967510,10892,,506613,0,,0,1,,South,2008/2009,SH 1N,VALERIE CLOSE S,,Non-Injury Crash,Yes,2009,,North,,0,,Hill Road,,,,,,Dark,146103,0,0,0,2,,,0,,,,,,Auckland Region,Nil,2-way,Sealed,,0,0,,100,,None,0,0,,76,Auckland,Nil,,,,,0,0,Open,0,,,Heavy rain,Null
1790666,5840076,10893,,527402,0,,0,1,,North,2009/2010,SH 1N,TAINUI BRIDGE ROAD,,Non-Injury Crash,Yes,2009,,South,,0,,Flat,,,,,,Overcast,947100,0,0,0,2,,,0,,,,,,Waikato Region,Nil,2-way,Sealed,,0,0,,70,,On,0,0,,13,Waikato District,Traffic Signals,,,,,0,0,Urban,1,,,Light rain,Null
1729287,5943222,10894,65,506646,0,,0,1,,West,2009/2010,SH 16,ABEL ROAD,,Non-Injury Crash,Yes,2009,,South,,0,,Flat,,,,,,Overcast,211402,0,0,0,2,,,0,,,,,,Auckland Region,Nil,2-way,Sealed,,0,0,,100,,None,0,0,50,76,Auckland,Nil,,,,,0,0,Open,0,,,Fine,Null
1755424,5920659,10895,,515302,0,0,0,2,0,South,2009/2010,REDMOND ST,JERVOIS ROAD,,Non-Injury Crash,No,2009,0,North,0,0,0,Flat,0,Christmas New Year,0,,0,Overcast,429300,0,0,0,2,0,0,0,0,0,,0,0,Auckland Region,Nil,2-way,Sealed,0,0,0,0,50,0,Off,0,0,,76,Auckland,Nil,0,0,0,0,0,0,Urban,0,1,0,Fine,Null
1796376,5815710,10896,,528504,0,0,0,1,0,Null,2008/2009,BRYMER ROAD,GRANDVIEW ROAD,,Non-Injury Crash,No,2009,0,East,0,0,1,Flat,0,,0,,0,Overcast,976726,0,0,0,2,0,0,0,0,0,,0,1,Waikato Region,Nil,2-way,Sealed,0,0,0,0,50,0,Null,0,0,,16,Hamilton City,Give way,0,0,0,0,0,0,Urban,0,0,0,Light rain,Null
1565202,5205052,10897,,586122,0,,0,1,,East,2009/2010,OXFORD ROAD,BRICK KILN ROAD,,Minor Crash,No,2009,,West,,0,,Flat,,,,,,Overcast,2450220,1,0,0,2,,,0,,,,,,Canterbury Region,Nil,2-way,Sealed,,0,0,,50,,Null,1,0,,59,Waimakariri District,Nil,,,,,0,0,Urban,0,,,Light rain,Null
1759684,5434159,10898,,568900,0,,0,2,,North,2009/2010,RANDWICK ROAD,BARBER GROVE,,Non-Injury Crash,No,2009,,North,,0,,Flat,,,,,,Bright sun,1963400,0,0,0,2,,,0,,,,,,Wellington Region,Nil,2-way,Sealed,,0,0,,50,,Null,0,0,,46,Lower Hutt City,Nil,,,,,0,0,Urban,0,,,Fine,Null
1767644,5904284,10899,,524604,0,,0,2,,Null,2008/2009,MANUKAU STATION ROAD,LEYTON WAY,,Non-Injury Crash,No,2009,,East,,0,,Flat,,,,,,Dark,780204,0,0,0,4,,,0,,,,,,Auckland Region,Nil,2-way,Sealed,,0,0,,50,,On,0,0,,76,Auckland,Traffic Signals,,,,,0,0,Urban,0,,,Fine,Null
1760725,5434068,10900,,568702,0,,0,2,,East,2008/2009,WAINUI ROAD,RISHWORTH ST,,Non-Injury Crash,No,2009,,South,,0,,Flat,,,,,,Bright sun,1979001,0,0,0,2,,,0,,,,,,Wellington Region,Nil,2-way,Sealed,,0,0,,50,,Null,1,0,,46,Lower Hutt City,Nil,,,,,0,0,Urban,0,,,Fine,Null
1769225,5914464,10901,,522721,0,,0,2,,Null,2009/2010,PAKURANGA ROAD,FORTUNES ROAD,,Non-Injury Crash,No,2009,,East,,0,,Flat,,,,,,Overcast,680727,0,0,0,4,,,0,,,,,,Auckland Region,Nil,2-way,Sealed,,0,0,,50,,Off,0,0,,76,Auckland,Traffic Signals,,,,,0,0,Urban,0,,,Fine,Null
1763115,5908013,10902,,524530,0,0,0,1,0,South,2008/2009,MASSEY ROAD,GRAY AVENUE,,Non-Injury Crash,No,2009,0,South,0,0,1,Flat,0,,0,,0,Dark,733400,0,0,0,2,0,0,0,0,0,,0,0,Auckland Region,Nil,2-way,Sealed,0,0,0,0,50,0,On,0,0,,76,Auckland,Nil,0,1,0,0,0,0,Urban,1,0,0,Light rain,Null
1769878,5899197,10903,,523920,0,0,0,0,0,South,2009/2010,SH 1N,GT SOUTH OBR,,Non-Injury Crash,Yes,2009,0,North,0,0,0,Flat,0,,0,,0,Twilight,767922,0,0,0,2,0,0,0,0,0,,0,0,Auckland Region,Nil,1-way,Sealed,0,0,0,0,100,0,Off,0,0,,76,Auckland,Unknown,0,0,0,0,1,0,Open,1,1,0,Fine,Null
1758246,5918063,10904,,517400,0,,0,2,,East,2008/2009,MORROW ST,GILLIES AVENUE,,Non-Injury Crash,No,2009,,West,,0,,Flat,,,,,,Bright sun,451300,0,0,0,2,,,0,,,,,,Auckland Region,Nil,2-way,Sealed,,0,0,,50,,Null,0,0,,76,Auckland,Unknown,,,,,0,0,Urban,0,,,Fine,Null
1754515,5915243,10905,,517702,0,,0,2,,Null,2009/2010,SANDRINGHAM ROAD,TAUMATA ROAD,,Non-Injury Crash,No,2009,,South,,0,,Hill Road,,,,,,Bright sun,541500,0,0,0,2,,,0,,,,,,Auckland Region,Nil,2-way,Sealed,,0,0,,50,,Null,0,0,,76,Auckland,Give way,,,,,0,0,Urban,0,,,Fine,Null
1951313,5790550,10906,,542514,0,0,0,1,1,East,2008/2009,GORGE ROAD,SEL CAVE CRESCENT,,Non-Injury Crash,No,2009,0,East,0,0,0,Hill Road,0,,0,,0,Overcast,1306102,0,0,0,3,0,0,0,0,0,,0,0,Bay of Plenty Region,Nil,2-way,Sealed,0,0,0,0,70,0,None,0,0,,25,Whakatane District,Nil,0,0,0,0,0,0,Urban,0,0,0,Heavy rain,Null
1755493,5924470,10907,,509800,0,0,0,2,0,South,2009/2010,CHURCH ST,FAULKNER ROAD,,Non-Injury Crash,No,2009,0,South,0,0,1,Hill Road,0,,0,,0,Dark,359600,0,0,0,2,0,0,0,0,1,,0,0,Auckland Region,Nil,2-way,Sealed,0,0,0,0,50,0,On,0,0,,76,Auckland,Unknown,0,0,0,0,0,0,Urban,0,0,0,Light rain,Null
1762059,5914760,10908,,520201,0,,0,1,,West,2008/2009,ELLERSLIE-PANMURE HIGHWAY,ELLERSLIE PARK ROAD,,Non-Injury Crash,No,2009,,West,,0,,Flat,,,,,,Overcast,610601,0,0,0,4,,,0,,,,,,Auckland Region,Nil,2-way,Sealed,,0,0,,50,,Off,1,0,,76,Auckland,Nil,,,,,0,0,Urban,0,,,Fine,Null
1767318,5902954,10909,,524602,0,,0,2,,Null,2009/2010,DRUCES ROAD,KERRS ROAD,,Non-Injury Crash,No,2009,,South,,0,,Flat,,,,,,Overcast,780407,0,0,0,4,,,0,,,,,,Auckland Region,Nil,2-way,Sealed,,0,0,,50,,Null,0,0,,76,Auckland,Nil,,,,,0,0,Urban,0,,,Fine,Null
1765455,5907125,10910,,522201,0,0,0,1,0,Null,2009/2010,SHIRLEY ROAD,GREAT SOUTH ROAD,,Non-Injury Crash,No,2009,0,South,0,0,0,Flat,0,,0,,0,Bright sun,662300,0,0,0,3,0,0,0,0,0,,0,1,Auckland Region,Nil,2-way,Sealed,0,0,0,0,50,0,Off,1,0,,76,Auckland,Traffic Signals,0,0,0,0,0,0,Urban,0,0,0,Fine,Null
1744074,5923857,10911,,513521,0,0,0,1,0,South,2009/2010,SH 16,HOBSONVILLE OBR,,Non-Injury Crash,Yes,2009,0,South,0,0,0,Flat,1,,0,,0,Dark,224240,0,0,0,2,0,0,0,0,0,,0,0,Auckland Region,Nil,1-way,Sealed,0,0,0,0,80,0,On,0,0,,76,Auckland,Nil,0,0,0,0,0,0,Open,0,0,0,Fine,Null
1880995,5726199,10912,,541335,0,,0,1,,North,2008/2009,SH 5,TE TOKE ROAD,,Non-Injury Crash,Yes,2009,,South,,0,,Flat,,,,,,Bright sun,1277401,0,0,0,2,,,0,,,,,,Waikato Region,Nil,2-way,Sealed,,0,0,,100,,Null,0,0,,21,Taupo District,Nil,,,,,0,0,Open,1,,,Mist or Fog,Null
1758320,5924177,10913,,508120,0,0,0,1,0,East,2009/2010,BAYSWATER AVENUE,BALFOUR ST,,Non-Injury Crash,No,2009,0,East,0,0,0,Flat,0,,0,,0,Twilight,315500,0,0,0,2,0,0,0,0,1,,0,0,Auckland Region,Nil,2-way,Sealed,0,0,0,0,50,0,Off,0,0,,76,Auckland,Nil,0,0,0,0,0,0,Urban,1,0,0,Fine,Null
1750242,5913168,10914,,511402,0,0,0,1,0,Null,2009/2010,LINKS ROAD,ASTLEY AVENUE,,Non-Injury Crash,No,2009,0,North,0,0,0,Flat,0,,0,,0,Overcast,264800,0,0,0,2,0,0,0,0,0,,0,0,Auckland Region,Nil,2-way,Sealed,0,0,0,0,50,0,Null,0,0,,76,Auckland,Give way,1,0,0,0,0,0,Urban,0,0,0,Light rain,Null
1729477,5939613,10915,,506800,0,0,0,1,0,North,2008/2009,SH 16,PURIRI ST,,Non-Injury Crash,Yes,2009,0,North,0,0,0,Flat,0,,0,,0,Bright sun,209300,0,0,0,2,0,0,0,0,0,,0,0,Auckland Region,Nil,2-way,Sealed,0,0,0,0,50,0,Off,1,0,,76,Auckland,Stop,0,0,0,0,0,0,Urban,0,1,0,Fine,Null
1206812,5010784,10916,75,609011,0,0,0,1,0,North,2009/2010,SH 94,SMITHY CRK BR,,Non-Injury Crash,Yes,2009,0,North,1,0,0,Flat,0,,0,,0,Bright sun,3175100,0,0,0,2,0,0,0,0,0,,0,0,Southland Region,Nil,2-way,Sealed,0,0,0,0,100,0,Null,0,0,,73,Southland District,Unknown,0,0,0,0,0,0,Open,0,0,0,Fine,Null
1567609,5185326,10917,,588300,0,,0,1,,West,2009/2010,GREERS ROAD,NORTHCOTE ROAD,,Minor Crash,No,2009,,South,,0,,Flat,,,,,,Dark,2510301,1,0,0,2,,,0,,,1,,,Canterbury Region,Nil,2-way,Sealed,,0,0,,50,,On,0,0,,60,Christchurch City,Give way,,,,,0,0,Urban,0,,,Light rain,Null
1757553,5920595,10918,,514103,0,0,0,1,0,South,2009/2010,OCONNELL ST,VULCAN LANE,,Non-Injury Crash,No,2009,0,South,0,0,0,Flat,0,,0,,0,Overcast,437701,0,0,0,1,0,0,0,0,1,,0,0,Auckland Region,Nil,1-way,Sealed,0,0,0,0,50,0,Off,0,0,,76,Auckland,Nil,0,0,0,0,1,0,Urban,0,0,0,Fine,Null
1762314,5918881,10919,,516400,0,,0,2,,South,2009/2010,BRENTON PLACE,KEPA ROAD,,Non-Injury Crash,No,2009,,South,,0,,Flat,,,,,,Dark,497800,0,0,0,2,,,0,,,,,,Auckland Region,Nil,2-way,Sealed,,0,0,,50,,On,0,0,,76,Auckland,Unknown,,,,,0,0,Urban,0,,,Fine,Null
1757317,5918816,10920,,514302,0,0,0,1,0,East,2008/2009,WELLESLEY OFF NBD,SYMONDS OFF NBD,,Non-Injury Crash,Yes,2009,0,North,0,0,0,Hill Road,1,,0,,0,Dark,441700,0,0,0,2,0,0,0,0,0,,0,0,Auckland Region,Nil,1-way,Sealed,0,0,0,0,80,0,On,0,0,,76,Auckland,Nil,0,0,0,0,0,0,Open,0,0,0,Fine,Null
1774626,5896733,10921,,525610,0,,0,2,,North,2008/2009,PRESIDENT AVENUE,BELGRAVE PLACE,,Non-Injury Crash,No,2009,,North,,0,,Flat,,,,,,Bright sun,799900,0,0,0,2,,,0,,,,,,Auckland Region,Nil,2-way,Sealed,,0,0,,50,,None,0,0,,76,Auckland,Nil,,,,,0,0,Urban,0,,,Fine,Null
1766801,5907960,10922,,523501,0,0,0,2,0,Null,2008/2009,KELPIE LANE,BAIRDS ROAD,,Non-Injury Crash,No,2009,0,South,0,0,0,Flat,0,,0,,0,Overcast,700602,0,0,0,2,0,0,0,0,2,,0,0,Auckland Region,Nil,2-way,Sealed,0,0,0,0,50,0,Off,0,0,,76,Auckland,Give way,0,0,0,0,1,0,Urban,0,0,0,Light rain,Null
1755312,5921619,10923,,515202,0,,0,0,,Null,2009/2010,SH 1N,SHELLY BEACH OBR,,Non-Injury Crash,Yes,2009,,North,,0,,Flat,,,,,,Bright sun,423600,0,0,0,4,,,0,,,,,,Auckland Region,Nil,1-way,Sealed,,0,0,,80,,Null,1,0,,76,Auckland,Unknown,,,,,1,0,Open,0,,,Fine,Null
1728616,6004769,10924,,505010,0,0,0,0,1,North,2009/2010,SH 1N,SH 12,,Non-Injury Crash,Yes,2009,0,North,0,0,0,Hill Road,0,,0,,0,Dark,132100,0,0,0,2,0,0,0,0,0,,0,0,Northland Region,Nil,2-way,Sealed,0,0,0,0,100,0,None,1,0,,3,Kaipara District,Nil,0,0,0,0,0,0,Open,0,0,0,Fine,Null
1569922,5179668,10925,,591500,0,,0,1,,East,2008/2009,TUAM ST,ANTIGUA ST,,Non-Injury Crash,No,2009,,West,,0,,Flat,,,,,,Dark,2648400,0,0,0,2,,,0,,,,,,Canterbury Region,Nil,2-way,Sealed,,0,0,,50,,On,1,0,,60,Christchurch City,Traffic Signals,,,,,0,0,Urban,0,,,Fine,Null
1757165,5450841,10926,,571900,0,0,0,1,0,North,2009/2010,ULRIC ST,CEDRIC PLACE,,Non-Injury Crash,No,2009,0,North,0,0,0,Flat,0,,0,,0,Dark,2068300,0,0,0,2,0,1,0,0,1,,0,0,Wellington Region,Nil,2-way,Sealed,0,0,0,0,50,0,On,0,0,,44,Porirua City,Nil,0,0,0,0,1,0,Urban,0,0,0,Fine,Null
1896212,5794467,10927,,536654,0,,0,1,,South,2008/2009,SH 33,ALLPORT ROAD,,Non-Injury Crash,Yes,2009,,South,,0,,Flat,,Easter,,,,Bright sun,1212500,0,0,0,2,,,0,,,,,,Bay of Plenty Region,Nil,2-way,Sealed,,0,0,,100,,Null,1,0,,22,Western Bay of Plenty District,Unknown,,,,,0,0,Open,0,,,Fine,Null
1764096,5909832,10928,,521901,0,,0,1,,Null,2009/2010,AVENUE ROAD,GREAT SOUTH ROAD,,Non-Injury Crash,No,2009,,West,,0,,Flat,,,,,,Dark,783900,0,0,0,2,,,0,,,,,,Auckland Region,Nil,2-way,Sealed,,0,0,,50,,On,0,0,,76,Auckland,Traffic Signals,,,,,0,0,Urban,1,,,Light rain,Null
1826280,5880009,10929,,533902,0,,0,2,,East,2008/2009,SH 25,ORONGO ROAD,,Non-Injury Crash,Yes,2009,,West,,0,,Flat,,,,,,Overcast,1061800,0,0,0,2,,,0,,,,,,Waikato Region,Nil,2-way,Sealed,,0,0,,100,,Null,0,0,,12,Hauraki District,Unknown,,,,,0,0,Open,0,,,Fine,Null
1890438,5817665,10930,,536642,0,,0,1,,South,2008/2009,TE PUKE HIGHWAY,POPLAR LANE,,Non-Injury Crash,No,2009,,North,,0,,Flat,,,,,,Dark,1207003,0,0,0,2,,,0,,,,,,Bay of Plenty Region,Nil,2-way,Sealed,,0,0,,100,,On,0,0,,22,Western Bay of Plenty District,Unknown,,,,,1,0,Open,0,,,Fine,Null
1693042,5676194,10931,,551800,0,,0,2,,Null,2008/2009,SH 45,CARRINGTON ST,,Non-Injury Crash,Yes,2009,,North,,0,,Hill Road,,,,,,Overcast,1592900,0,0,0,2,,,0,,,,,,Taranaki Region,Nil,2-way,Sealed,,0,0,,50,,Null,0,0,,33,New Plymouth District,Stop,,,,,0,0,Urban,0,,,Light rain,Null
1863892,5829143,10932,,536620,0,,0,2,,North,2009/2010,SH 2,PAHOIA ROAD,,Non-Injury Crash,Yes,2009,,South,,0,,Hill Road,,,,,,Bright sun,1186000,0,0,0,2,,,0,,,,,,Bay of Plenty Region,Nil,2-way,Sealed,,0,0,,100,,Null,0,0,,22,Western Bay of Plenty District,Unknown,,,,,0,0,Open,1,,,Fine,Null