X,Y,OBJECTID,advisorySpeed,areaUnitID,bicycle,bridge,bus,carStationWagon,cliffBank,crashDirectionDescription,crashFinancialYear,crashLocation1,crashLocation2,crashRoadSideRoad,crashSeverity,crashSHDescription,crashYear,debris,directionRoleDescription,ditch,fatalCount,fence,flatHill,guardRail,holiday,houseOrBuilding,intersection,kerb,light,meshblockId,minorInjuryCount,moped,motorcycle,NumberOfLanes,objectThrownOrDropped,otherObject,otherVehicleType,overBank,parkedVehicle,pedestrian,phoneBoxEtc,postOrPole,region,roadCharacter,roadLane,roadSurface,roadworks,schoolBus,seriousInjuryCount,slipOrFlood,speedLimit,strayAnimal,streetLight,suv,taxi,temporarySpeedLimit,tlaId,tlaName,trafficControl,trafficIsland,trafficSign,train,tree,truck,unknownVehicleType,urban,vanOrUtility,vehicle,waterRiver,weatherA,weatherB
1746075,5918138,10933,,512500,0,0,0,1,0,Null,2008/2009,EDMONTON ROAD,CENTRAL PARK DRIVE,,Non-Injury Crash,No,2009,0,East,0,0,1,Hill Road,0,,0,,0,Dark,257201,0,0,0,4,0,0,0,0,0,,0,0,Auckland Region,Nil,2-way,Sealed,0,0,0,0,50,0,On,0,0,,76,Auckland,Traffic Signals,0,0,0,1,0,0,Urban,0,0,0,Light rain,Null
1754619,5918327,10934,,517600,0,,0,1,,East,2008/2009,SH 16,ST LUKES OBR,,Non-Injury Crash,Yes,2009,,West,,0,,Flat,,,,,,Dark,533100,0,0,0,4,,,0,,,,,,Auckland Region,Motorway ramp,1-way,Sealed,,0,0,,100,,On,1,0,,76,Auckland,Nil,,,,,0,0,Open,0,,,Light rain,Null
1767969,5903427,10935,,524602,0,0,0,1,0,North,2008/2009,GREAT SOUTH ROAD,KERRS ROAD,,Non-Injury Crash,No,2009,0,South,0,0,1,Flat,0,,0,,0,Dark,780506,0,0,0,2,0,0,0,0,0,,0,0,Auckland Region,Nil,2-way,Sealed,0,0,0,0,70,0,On,0,0,,76,Auckland,Nil,0,0,0,0,0,0,Urban,0,0,0,Fine,Null
1620602,5428732,10936,,583100,0,0,0,2,0,South,2008/2009,SH 6,PARKERS ROAD,,Non-Injury Crash,Yes,2009,0,North,0,0,0,Flat,0,,0,,0,Dark,2335400,0,0,0,2,0,0,0,0,1,,0,0,Nelson Region,Nil,2-way,Sealed,0,0,0,0,50,0,On,0,0,,52,Nelson City,Nil,0,0,0,0,0,0,Urban,0,0,0,Fine,Null
1760135,5915521,10937,,519400,0,,0,2,,Null,2008/2009,GREAT SOUTH ROAD,ADAM ST,,Non-Injury Crash,No,2009,,South,,0,,Flat,,,,,,Bright sun,617100,0,0,0,2,,,0,,,,,,Auckland Region,Nil,2-way,Sealed,,0,0,,50,,Off,0,0,,76,Auckland,Stop,,,,,0,0,Urban,0,,,Fine,Null
1765874,5898769,10938,,524812,0,,0,1,,East,2009/2010,WAIMAHIA AVENUE,WEYMOUTH ROAD,,Non-Injury Crash,No,2009,,North,,0,,Flat,,,,,,Bright sun,774303,0,0,0,2,,,0,,,,,,Auckland Region,Nil,2-way,Sealed,,0,0,,50,,Off,1,0,,76,Auckland,Nil,,,,,0,0,Urban,0,,,Fine,Null
1625760,6111819,10939,,500204,0,,0,1,,Null,2008/2009,LARMER ROAD,BARRIBALL ROAD,,Non-Injury Crash,No,2009,,South,,0,,Flat,,,,,,Overcast,9300,0,0,0,2,,,0,,,,,,Northland Region,Nil,2-way,Sealed,,0,0,,100,,Null,0,0,,1,Far North District,Give way,,,,,1,0,Open,0,,,Fine,Null
1765877,5913375,10940,,522920,0,,0,1,,Null,2009/2010,PAKURANGA ROAD,MILLEN AVENUE,,Non-Injury Crash,No,2009,,East,,0,,Flat,,,,,,Bright sun,683000,0,0,0,2,,,0,,,,,,Auckland Region,Nil,2-way,Sealed,,0,0,,60,,Off,1,0,,76,Auckland,Nil,,,,,0,0,Urban,1,,,Fine,Null
1753868,5918356,10941,,515431,1,,0,1,,East,2009/2010,GREAT NORTH ROAD,ST LUKES ROAD,,Non-Injury Crash,No,2009,,East,,0,,Flat,,,,,,Overcast,406300,0,0,0,2,,,0,,,,,,Auckland Region,Nil,2-way,Sealed,,0,0,,50,,Off,0,0,,76,Auckland,Nil,,,,,0,0,Urban,0,,,Null,Null
1883881,5772520,10942,,540520,0,,0,2,,South,2008/2009,SH 5,MANUKA CRESCENT,,Non-Injury Crash,Yes,2009,,South,,0,,Flat,,,,,,Bright sun,1240201,0,0,0,2,,,0,,,,,,Bay of Plenty Region,Nil,2-way,Sealed,,0,0,,50,,Null,0,0,,24,Rotorua District,Give way,,,,,0,0,Urban,0,,,Fine,Null
1889380,5822308,10943,,536517,0,,0,2,,West,2009/2010,GRAVATT ROAD,PALM BEACH PLAZA,,Non-Injury Crash,No,2009,,West,,0,,Flat,,,,,,Overcast,1205072,0,0,0,2,,,0,,,,,,Bay of Plenty Region,Nil,2-way,Sealed,,0,0,,50,,Null,0,0,,23,Tauranga City,Unknown,,,,,0,0,Urban,0,,,Fine,Null
1756097,5923250,10944,,509800,0,,0,2,,North,2009/2010,SH 1N,SHELLY BEACH OBR,,Non-Injury Crash,Yes,2009,,South,,0,,Flat,,,,,,Bright sun,359200,0,0,0,3,,,0,,,,,,,Bridge,1-way,Sealed,,0,0,,80,,Off,0,0,,76,Auckland,Nil,,,,,0,0,Open,0,,,Fine,Null
1656972,6125158,10945,,500202,0,1,0,1,0,South,2009/2010,SH 10,CONAGLEN ROAD,,Non-Injury Crash,Yes,2009,0,South,0,0,0,Hill Road,0,,0,,0,Bright sun,5600,0,0,0,2,0,0,0,0,0,,0,0,Northland Region,Bridge,2-way,Sealed,0,0,0,0,100,0,None,0,0,,1,Far North District,Nil,0,0,0,0,1,0,Open,0,0,0,Fine,Null
1706877,6048845,10946,,501809,0,,0,0,,North,2008/2009,KOKOPU ROAD,KARA ROAD,,Non-Injury Crash,No,2009,,South,,0,,Flat,,,,,,Dark,71100,0,0,0,2,,,0,,,,,,Northland Region,Nil,2-way,Sealed,,0,0,,50,,None,0,0,,2,Whangarei District,Nil,,,,,0,0,Urban,1,,,Light rain,Null
1797349,5819328,10947,,528403,0,,0,2,,Null,2008/2009,TE RAPA ROAD,MANCHESTER PLACE,,Non-Injury Crash,No,2009,,North,,0,,Flat,,,,,,Overcast,907700,0,0,0,4,,,0,,,,,,Waikato Region,Nil,2-way,Sealed,,0,0,,60,,Null,0,0,,16,Hamilton City,Give way,,,,,0,0,Urban,0,,,Light rain,Null
1727894,6006697,10948,,501815,0,,0,2,,South,2008/2009,SH 1N,PILBROW HILL SUMMIT,,Non-Injury Crash,Yes,2009,,North,,0,,Hill Road,,Easter,,,,Bright sun,81600,0,0,0,2,,,0,,,,,,Northland Region,Nil,2-way,Sealed,,0,0,,100,,None,0,0,,2,Whangarei District,Nil,,,,,0,0,Open,0,,,Fine,Null
1797003,5819631,10949,,528403,0,,0,2,,North,2008/2009,TE RAPA ROAD,WAIRERE DRIVE,,Non-Injury Crash,No,2009,,North,,0,,Flat,,,,,,Overcast,907500,0,0,0,4,,,0,,,,,,Waikato Region,Nil,2-way,Sealed,,0,0,,60,,Null,0,0,,16,Hamilton City,Unknown,,,,,0,0,Urban,0,,,Fine,Null
1734880,5908252,10950,,513800,0,0,0,1,1,West,2009/2010,PIHA ROAD,ANAWHATA ROAD,,Non-Injury Crash,No,2009,0,South,0,0,0,Flat,0,,0,,0,Overcast,282007,0,0,0,2,0,0,0,0,0,,0,0,Auckland Region,Nil,2-way,Sealed,0,0,0,0,100,0,Off,0,0,,76,Auckland,Nil,0,0,0,0,0,0,Open,0,0,0,Fine,Null
1747720,5919433,10951,,512402,0,0,0,1,0,East,2009/2010,SH 16,TE ATATU OBR,,Non-Injury Crash,Yes,2009,1,West,0,0,0,Flat,0,,0,,0,Bright sun,253700,0,0,0,3,0,0,0,0,0,,0,0,,Nil,1-way,Sealed,0,0,0,0,100,0,Off,0,0,,76,Auckland,Nil,0,0,0,0,0,0,Open,0,0,0,Fine,Null
1753914,5875611,10952,,526104,0,0,0,1,0,South,2009/2010,VALLEY ROAD,VICTORIA AVENUE,,Non-Injury Crash,No,2009,0,North,0,0,0,Flat,0,,0,,0,Dark,835101,0,0,0,2,0,0,0,0,1,,0,0,Auckland Region,Nil,2-way,Sealed,0,0,0,0,50,0,On,0,0,,76,Auckland,Nil,0,0,0,0,1,0,Urban,0,0,0,Light rain,Null
1769078,5900607,10953,,525002,0,0,0,1,0,Null,2009/2010,MCANNALLEY ST,GREAT SOUTH ROAD,,Non-Injury Crash,No,2009,0,South,0,0,0,Flat,0,,1,,0,Dark,753202,0,0,0,2,0,0,0,0,0,,0,0,Auckland Region,Nil,2-way,Sealed,0,0,0,0,50,0,On,0,0,,76,Auckland,Stop,0,0,0,0,0,0,Urban,0,0,0,Light rain,Null
1749188,5913549,10954,,511401,0,0,0,1,0,West,2008/2009,TITIRANGI ROAD,MARGAN AVENUE,,Non-Injury Crash,No,2009,0,West,0,0,1,Flat,0,,0,,0,Twilight,263500,0,0,0,4,0,0,0,0,0,,0,0,Auckland Region,Nil,2-way,Sealed,0,0,0,0,50,0,On,0,0,,76,Auckland,Nil,0,0,0,0,0,0,Urban,0,0,0,Light rain,Null
1888004,5823594,10955,,536516,0,,0,1,,East,2009/2010,PAPAMOA BEACH ROAD,HARTFORD AVENUE,,Non-Injury Crash,No,2009,,West,,0,,Flat,,,,,,Overcast,1205080,0,0,0,2,,,0,,,,,,Bay of Plenty Region,Nil,2-way,Sealed,,0,0,,60,,Null,0,0,,23,Tauranga City,Give way,,,,,0,0,Urban,0,,,Light rain,Null
1778063,5463657,10956,,567901,0,,0,0,,South,2008/2009,AKATARAWA ROAD,AKATARAWA SUM,,Non-Injury Crash,No,2009,,South,,0,,Hill Road,,,,,,Bright sun,1915900,0,0,0,2,,,0,,,,,,Wellington Region,Nil,2-way,Sealed,,0,0,,50,,Null,0,0,,45,Upper Hutt City,Nil,,,,,1,0,Urban,1,,,Fine,Null
1556982,5178523,10957,,587821,0,0,0,1,0,South,2008/2009,KIRK ROAD,MADDISONS ROAD,,Non-Injury Crash,No,2009,0,North,1,0,0,Flat,0,,0,,0,Dark,2495900,0,0,0,2,0,0,0,0,0,,0,0,Canterbury Region,Nil,2-way,Sealed,0,0,0,0,60,0,None,0,0,,60,Christchurch City,Unknown,0,0,0,0,0,0,Urban,0,0,0,Heavy rain,Null
1762508,5453161,10958,,565601,0,0,0,0,0,North,2009/2010,PAEKAKARIKI HILL ROAD,JONES DEVIATION,,Non-Injury Crash,No,2009,0,North,0,0,0,Flat,0,,0,,0,Overcast,2072000,0,0,0,2,0,0,0,0,0,,0,0,Wellington Region,Nil,2-way,Sealed,0,0,0,0,80,0,Null,1,0,,44,Porirua City,Nil,0,0,0,1,0,0,Open,0,0,0,Light rain,Null
1752735,5914416,10959,,514500,0,0,0,1,1,South,2008/2009,BROTHERS ST,BATKIN ROAD,,Non-Injury Crash,No,2009,0,North,0,0,0,Hill Road,0,,0,,0,Dark,377000,0,0,0,2,0,0,0,0,0,,0,0,Auckland Region,Nil,2-way,Sealed,0,0,0,0,50,0,On,0,0,,76,Auckland,Unknown,0,0,0,0,0,0,Urban,0,0,0,Heavy rain,Strong wind
1750969,5423769,10960,,576901,0,0,0,1,0,Null,2009/2010,COUTTS ST,TIRANGI ROAD,,Non-Injury Crash,No,2009,0,West,0,0,1,Flat,0,,0,,0,Bright sun,2176701,0,0,0,2,0,0,0,0,0,,0,0,Wellington Region,Nil,2-way,Sealed,0,0,0,0,50,0,Null,0,0,,47,Wellington City,Give way,0,0,0,0,0,0,Urban,0,0,0,Fine,Null
1950218,5791293,10961,,542440,0,,0,2,,Null,2008/2009,DOMAIN ROAD,RUSSELL ST,,Non-Injury Crash,No,2009,,West,,0,,Flat,,,,,,Bright sun,1307700,0,0,0,2,,,0,,,,,,Bay of Plenty Region,Nil,2-way,Sealed,,0,0,,50,,Off,0,0,,25,Whakatane District,Stop,,,,,0,0,Urban,0,,,Fine,Null
1755611,5911610,10962,,519002,0,,0,2,,South,2008/2009,HILLSBOROUGH ROAD,ALDERSGATE ROAD,,Non-Injury Crash,No,2009,,North,,0,,Hill Road,,,,,,Dark,592200,0,0,0,2,,,0,,,,,,Auckland Region,Nil,2-way,Sealed,,0,0,,50,,On,0,0,,76,Auckland,Nil,,,,,0,0,Urban,0,,,Fine,Null
1567352,5180850,10963,,589500,1,,0,1,,North,2008/2009,KOTARE ST,KAHU ROAD,,Minor Crash,No,2009,,South,,0,,Flat,,,,,,Bright sun,2544900,1,0,0,2,,,0,,,,,,Canterbury Region,Nil,2-way,Sealed,,0,0,,50,,Null,0,0,,60,Christchurch City,Unknown,,,,,0,0,Urban,0,,,Fine,Null
1781200,5484815,10964,,564400,0,0,0,1,0,North,2008/2009,SH 1N,RIVERBANK ROAD,,Non-Injury Crash,Yes,2009,0,North,0,0,0,Flat,0,,0,,0,Dark,1880901,0,0,0,2,0,1,0,0,0,,0,0,Wellington Region,Nil,2-way,Sealed,0,0,0,0,80,0,On,0,0,,43,Kapiti Coast District,Nil,0,0,0,0,0,0,Open,0,0,0,Fine,Null
1892435,5821330,10965,,536201,0,,0,2,,West,2009/2010,PAPAMOA BEACH ROAD,PARTON ROAD,,Non-Injury Crash,No,2009,,West,,0,,Flat,,Christmas New Year,,,,Bright sun,1204705,0,0,0,2,,,0,,,,,,Bay of Plenty Region,Nil,2-way,Sealed,,0,0,,60,,Null,0,0,,23,Tauranga City,Unknown,,,,,0,0,Urban,0,,,Fine,Null
1765639,5907040,10966,,522301,0,,0,1,,East,2009/2010,EAST TAMAKI ROAD,GREAT SOUTH ROAD,,Non-Injury Crash,No,2009,,West,,0,,Flat,,,,,,Bright sun,666200,0,0,0,4,,,0,,,,,,Auckland Region,Nil,2-way,Sealed,,0,0,,50,,Off,1,0,,76,Auckland,Nil,,,,,0,0,Urban,0,,,Fine,Null
1766329,5903439,10967,,524604,0,,0,0,,North,2008/2009,PLUNKET AVENUE,WIRI STATION ROAD,,Non-Injury Crash,No,2009,,South,,0,,Flat,,Easter,,,,Overcast,780208,0,0,0,4,,,0,,,,,,Auckland Region,Nil,2-way,Sealed,,0,0,,70,,Off,2,0,,76,Auckland,Stop,,,,,0,0,Urban,0,,,Light rain,Null
1763446,5913908,10968,,520303,0,,0,2,,Null,2009/2010,PENROSE ROAD,BARRACK ROAD,,Non-Injury Crash,No,2009,,West,,0,,Flat,,,,,,Overcast,627300,0,0,0,4,,,0,,,,,,Auckland Region,Nil,2-way,Sealed,,0,0,,50,,Off,0,0,,76,Auckland,Traffic Signals,,,,,0,0,Urban,0,,,Light rain,Null
1740351,5929493,10969,,505604,0,,0,2,,Null,2008/2009,RIVERHEAD ROAD,OLD NORTH ROAD,,Non-Injury Crash,No,2009,,South,,0,,Flat,,,,,,Bright sun,214204,0,0,0,2,,,0,,,,,,Auckland Region,Nil,2-way,Sealed,,0,0,,80,,Off,0,0,,76,Auckland,Give way,,,,,0,0,Open,0,,,Fine,Null
1775806,5885520,10970,,521132,0,0,0,1,0,North,2009/2010,SH 1N,MILL OBR,,Non-Injury Crash,Yes,2009,0,North,0,0,0,Hill Road,1,,0,,0,Dark,814100,0,0,0,2,0,0,0,0,0,,0,0,Auckland Region,Nil,1-way,Sealed,0,0,0,0,100,0,On,0,0,,76,Auckland,Nil,0,0,0,0,0,0,Open,0,0,0,Fine,Null
1884745,5773943,10971,,540410,0,,0,2,,North,2008/2009,AMOHIA ST,HINEMOA ST,,Non-Injury Crash,No,2009,,North,,0,,Flat,,,,,,Bright sun,1234100,0,0,0,2,,,0,,,,,,Bay of Plenty Region,Nil,2-way,Sealed,,0,0,,50,,Null,0,0,,24,Rotorua District,Unknown,,,,,0,0,Urban,0,,,Fine,Null
1752503,5914246,10972,,514500,0,,0,1,,Null,2008/2009,NEW WINDSOR ROAD,TIVERTON ROAD,,Non-Injury Crash,No,2009,,West,,0,,Hill Road,,,,,,Overcast,375100,0,0,0,3,,,0,,,,,,Auckland Region,Nil,2-way,Sealed,,0,0,,50,,Off,0,0,,76,Auckland,Nil,,,,,0,0,Urban,1,,,Fine,Null
1704229,5641619,10973,,553004,0,0,0,0,1,West,2008/2009,OPUNAKE ROAD,POTO ROAD,,Non-Injury Crash,No,2009,0,West,0,0,0,Hill Road,0,,0,,0,Twilight,1617100,0,0,0,2,0,0,0,0,0,,0,0,Taranaki Region,Nil,2-way,Sealed,0,0,0,0,100,0,None,0,0,,34,Stratford District,Nil,0,0,0,1,0,0,Open,1,0,0,Fine,Frost
1753405,5423881,10974,,577500,0,,0,2,,Null,2009/2010,FORRES ST,INGLIS ST,,Non-Injury Crash,No,2009,,East,,0,,Flat,,,,,,Bright sun,2210800,0,0,0,2,,,0,,,,,,Wellington Region,Nil,2-way,Sealed,,0,0,,50,,Null,0,1,,47,Wellington City,Give way,,,,,0,0,Urban,0,,,Fine,Null
1756133,5934042,10975,,507300,0,,0,2,,Null,2009/2010,BEACH ROAD,MONTGOMERY AVENUE,,Non-Injury Crash,No,2009,,East,,0,,Flat,,,,,,Bright sun,155100,0,0,0,2,,,0,,,,,,Auckland Region,Nil,2-way,Sealed,,0,0,,50,,Off,0,0,,76,Auckland,Stop,,,,,0,0,Urban,0,,,Fine,Null
1850470,5906495,10976,,533200,0,,0,2,,South,2009/2010,SH 25,BOAT HARBOUR ROAD,,Non-Injury Crash,Yes,2009,,North,,0,,Hill Road,,,,,,Overcast,1048101,0,0,0,2,,,0,,,,,,Waikato Region,Nil,2-way,Sealed,,0,0,,100,,None,0,0,,11,Thames-Coromandel District,Nil,,,,,0,0,Open,0,,,Mist or Fog,Null
1690209,5675723,10977,,551400,0,,0,2,,Null,2009/2010,SH 44,WHITELEY ST,,Non-Injury Crash,Yes,2009,,West,,0,,Flat,,,,,,Bright sun,1586800,0,0,0,2,,,0,,,,,,Taranaki Region,Nil,2-way,Sealed,,0,0,,50,,Null,0,0,,33,New Plymouth District,Give way,,,,,0,0,Urban,0,,,Fine,Strong wind
1746371,5954683,10978,,506613,0,0,0,0,1,North,2008/2009,NOAKES HILL ROAD,UPPER WAIWERA ROAD,,Non-Injury Crash,No,2009,0,South,0,0,0,Flat,0,,0,,0,Dark,146902,0,0,0,1,0,0,0,0,0,,0,0,Auckland Region,Nil,2-way,Unsealed,0,0,0,0,100,0,None,1,0,,76,Auckland,Nil,0,0,0,0,0,0,Open,0,0,0,Fine,Null
1745133,5918339,10979,,513302,0,,0,2,,North,2008/2009,LINCOLN ROAD,NORVAL ROAD,,Non-Injury Crash,No,2009,,North,,0,,Flat,,,,,,Bright sun,231001,0,0,0,4,,,0,,,,,,Auckland Region,Nil,2-way,Sealed,,0,0,,50,,Off,0,0,,76,Auckland,Nil,,,,,0,0,Urban,0,,,Fine,Null
1755592,5937600,10980,,506903,0,0,0,1,0,West,2009/2010,GLENVAR ROAD,CLENSMORE PLACE,,Non-Injury Crash,No,2009,0,East,0,0,0,Flat,0,,0,,0,Bright sun,166903,0,0,0,2,0,0,0,0,1,,0,0,Auckland Region,Nil,2-way,Sealed,0,0,0,0,50,0,Off,0,0,,76,Auckland,Nil,0,0,0,0,1,0,Urban,0,0,0,Fine,Null
1752815,5916536,10981,,517901,0,,0,2,,West,2008/2009,NEW NORTH ROAD,MOUNT ALBERT ROAD,,Non-Injury Crash,No,2009,,West,,0,,Flat,,,,,,Bright sun,524800,0,0,0,4,,,0,,,,,,Auckland Region,Nil,2-way,Sealed,,0,0,,50,,Off,0,0,,76,Auckland,Nil,,,,,0,0,Urban,0,,,Fine,Null
1744317,5922536,10982,,513512,0,,0,1,,South,2008/2009,MAKORA ROAD,ROYAL ROAD,,Non-Injury Crash,No,2009,,North,,0,,Hill Road,,,,,,Overcast,225501,0,0,0,2,,,0,,,,,,Auckland Region,Nil,2-way,Sealed,,0,0,,50,,Off,0,0,,76,Auckland,Nil,,,,,0,0,Urban,1,,,Light rain,Null
1755159,5929100,10983,,508420,0,,0,2,,Null,2009/2010,DIANA DRIVE,WAIRAU ROAD,,Non-Injury Crash,No,2009,,East,,0,,Flat,,,,,,Overcast,183800,0,0,0,2,,,0,,,,,,Auckland Region,Nil,2-way,Sealed,,0,0,,50,,Off,0,0,,76,Auckland,Traffic Signals,,,,,0,0,Urban,0,,,Fine,Null
1767776,5904283,10984,,524602,0,0,0,1,0,Null,2009/2010,GREAT SOUTH ROAD,MANUKAU STATION ROAD S,,Non-Injury Crash,No,2009,0,North,0,0,0,Flat,0,,0,,0,Bright sun,780501,0,0,0,7,0,0,0,0,0,,0,0,Auckland Region,Nil,2-way,Sealed,0,0,0,0,50,0,Off,1,0,,76,Auckland,Traffic Signals,0,0,0,0,0,0,Urban,0,1,0,Fine,Null
1749326,5426423,10985,,573400,0,,0,2,,Null,2008/2009,BROUGHAM ST,MOIR ST,,Non-Injury Crash,No,2009,,North,,0,,Hill Road,,,,,,Overcast,2142800,0,0,0,2,,,0,,,,,,Wellington Region,Nil,2-way,Sealed,,0,0,,50,,Null,0,0,,47,Wellington City,Nil,,,,,0,0,Urban,0,,,Fine,Null
1875998,5825702,10986,,537100,0,0,0,1,0,North,2008/2009,NGATAI ROAD,CHARLES ST,,Non-Injury Crash,No,2009,0,South,0,0,1,Hill Road,0,,0,,1,Dark,1159000,0,0,0,2,0,0,0,0,0,,0,1,Bay of Plenty Region,Nil,2-way,Sealed,0,0,0,0,50,0,On,0,0,,23,Tauranga City,Nil,0,0,0,0,0,0,Urban,0,0,0,Fine,Null
1751592,5914193,10987,,514402,0,,0,1,,Null,2008/2009,BLOCKHOUSE BAY ROAD,TIVERTON ROAD,,Non-Injury Crash,No,2009,,North,,0,,Flat,,,,,,Overcast,379500,0,0,0,2,,,0,,,,,,Auckland Region,Nil,2-way,Sealed,,0,0,,50,,Off,0,0,,76,Auckland,Give way,,,,,1,0,Urban,0,,,Fine,Null
1880971,5829403,10988,,536810,0,0,0,2,0,West,2009/2010,BANKS AVENUE,OCEANVIEW ROAD,,Non-Injury Crash,No,2009,0,East,0,0,0,Flat,0,,0,,0,Dark,1195200,0,0,0,2,0,0,0,0,1,,0,0,Bay of Plenty Region,Nil,2-way,Sealed,0,0,0,0,50,0,On,0,0,,23,Tauranga City,Unknown,0,0,0,0,0,0,Urban,0,0,0,Null,Null
1757681,5918290,10989,,518101,0,,0,1,,Null,2008/2009,SH 1N,KHYBER PASS OFF NBD,,Non-Injury Crash,Yes,2009,,North,,0,,Flat,,,,,,Overcast,543000,0,0,0,6,,,0,,,,,,Auckland Region,Motorway ramp,1-way,Sealed,,0,0,,100,,Off,1,0,,76,Auckland,Nil,,,,,0,0,Open,0,,,Fine,Null
1761831,5438373,10990,,569500,0,,0,1,,Null,2008/2009,SH 2,FAIRWAY DRIVE,,Non-Injury Crash,Yes,2009,,North,,0,,Flat,,,,,,Overcast,1917500,0,0,0,3,,,0,,,,,,Wellington Region,Nil,2-way,Sealed,,0,0,,100,,Null,0,0,,46,Lower Hutt City,Traffic Signals,,,,,0,0,Open,1,,,Fine,Null
1688000,6092085,10991,,501633,0,0,0,0,0,North,2009/2010,SH 10,OROMAHOE ROAD,,Non-Injury Crash,Yes,2009,0,North,0,0,1,Flat,0,,0,,0,Overcast,35800,0,0,0,2,0,0,0,0,0,,0,0,Northland Region,Nil,2-way,Sealed,0,0,0,0,100,0,None,1,0,,1,Far North District,Nil,0,0,0,1,0,0,Open,0,0,0,Light rain,Strong wind
1751809,5432004,10992,,574002,0,,0,2,,East,2009/2010,SH 1N,SH 2,,Non-Injury Crash,Yes,2009,,South,,0,,Flat,,,,,,Overcast,2078302,0,0,0,2,,,0,,,,,,Wellington Region,Nil,1-way,Sealed,,0,0,,100,,Null,0,0,,47,Wellington City,Nil,,,,,0,0,Open,0,,,Fine,Null
1396122,4913755,10993,,602421,0,0,0,1,0,West,2008/2009,SH 1S,SADDLE HILL OFF,,Non-Injury Crash,Yes,2009,0,East,0,0,0,Hill Road,1,Queens Birthday,0,,0,Dark,2980403,0,0,0,4,0,0,0,0,0,,0,0,Otago Region,Nil,2-way,Sealed,0,0,0,0,100,0,None,0,0,,71,Dunedin City,Unknown,0,0,0,0,0,0,Open,0,0,0,Fine,Null
1768906,5900305,10994,,525002,0,,0,2,,Null,2009/2010,ROGERS ROAD,CHRISTMAS ROAD,,Non-Injury Crash,No,2009,,West,,0,,Hill Road,,,,,,Dark,753302,0,0,0,2,,,0,,,,,,Auckland Region,Nil,2-way,Sealed,,0,0,,50,,On,0,0,,76,Auckland,Give way,,,,,0,0,Urban,0,,,Fine,Null
1756822,5918835,10995,,514200,0,0,0,3,0,Null,2009/2010,NEWTON ROAD,EXMOUTH ST,,Non-Injury Crash,No,2009,0,West,0,0,0,Hill Road,0,,0,,0,Dark,412401,0,0,0,5,0,0,0,0,0,,0,0,Auckland Region,Nil,2-way,Sealed,0,0,0,0,50,0,On,0,0,,76,Auckland,Give way,0,0,0,0,0,0,Urban,0,1,0,Light rain,Null
1764046,5909902,10996,,521901,0,,1,1,,Null,2009/2010,KING ST,GREAT SOUTH ROAD,,Non-Injury Crash,No,2009,,West,,0,,Flat,,,,,,Dark,783900,0,0,0,2,,,0,,,,,,Auckland Region,Nil,2-way,Sealed,,0,0,,50,,On,0,0,,76,Auckland,Give way,,,,,0,0,Urban,0,,,Fine,Null
1650499,6118451,10997,,500202,0,0,0,0,1,South,2008/2009,KOHUMARU ROAD,KENANA ROAD,,Non-Injury Crash,No,2009,0,North,0,0,0,Hill Road,0,,0,,0,Overcast,5700,0,0,0,2,0,0,0,0,0,,0,0,Northland Region,Nil,2-way,Unsealed,0,0,0,0,100,0,Null,1,0,,1,Far North District,Unknown,0,0,0,0,0,0,Open,0,0,0,Fine,Null
1762265,5909269,10998,,524402,0,0,0,0,0,West,2009/2010,JAMES FLETCHER DRIVE,BEACH ROAD,,Non-Injury Crash,No,2009,0,East,0,0,0,Flat,0,,0,,0,Overcast,749800,0,0,0,2,0,0,0,0,0,,1,1,Auckland Region,Nil,2-way,Sealed,0,0,0,0,50,0,Off,1,0,,76,Auckland,Nil,0,0,0,1,0,0,Urban,0,0,0,Fine,Null
1783150,5812822,10999,,526601,0,0,0,1,0,South,2009/2010,SH 23,GLENTUI LANE,,Non-Injury Crash,Yes,2009,0,West,1,0,0,Hill Road,0,,0,,0,Bright sun,859500,0,0,0,2,0,0,0,0,0,,0,0,Waikato Region,Nil,2-way,Sealed,0,0,0,0,100,0,None,0,0,,13,Waikato District,Nil,0,0,0,0,0,0,Open,0,0,0,Fine,Null
1804823,5813242,11000,,530800,0,,0,2,,Null,2009/2010,SH 1N,RIVERLEA ROAD,,Non-Injury Crash,Yes,2009,,West,,0,,Hill Road,,,,,,Bright sun,883900,0,0,0,4,,,0,,,,,,Waikato Region,Nil,2-way,Sealed,,0,0,,80,,Null,0,0,,16,Hamilton City,Give way,,,,,0,0,Open,0,,,Fine,Null
1755361,5445881,11001,,571502,0,,0,1,,South,2009/2010,SH 1N,WHITFORD BROWN AVENUE,,Non-Injury Crash,Yes,2009,,South,,0,,Flat,,,,,,Bright sun,2056639,0,0,0,1,,,0,,,,,,Wellington Region,Nil,1-way,Sealed,,0,0,,100,,Null,0,0,,44,Porirua City,Nil,,,,,0,0,Open,1,,,Fine,Null
1754666,5912524,11002,,519002,0,,0,2,,East,2008/2009,RICHARDSON ROAD,DOMINION ROAD,,Non-Injury Crash,No,2009,,East,,0,,Flat,,,,,,Dark,589400,0,0,0,2,,,0,,,,,,Auckland Region,Nil,2-way,Sealed,,0,0,,50,,On,0,0,,76,Auckland,Nil,,,,,0,0,Urban,0,,,Fine,Null
1759636,5436837,11003,,569301,0,,0,1,,South,2009/2010,SH 2,MELLING LINK,,Non-Injury Crash,Yes,2009,,South,,0,,Flat,,,,,,Overcast,1919900,0,0,0,2,,,0,,,,,,Wellington Region,Nil,2-way,Sealed,,0,0,,100,,Null,0,0,,46,Lower Hutt City,Traffic Signals,,,,,1,0,Open,0,,,Fine,Null