X,Y,OBJECTID,advisorySpeed,areaUnitID,bicycle,bridge,bus,carStationWagon,cliffBank,crashDirectionDescription,crashFinancialYear,crashLocation1,crashLocation2,crashRoadSideRoad,crashSeverity,crashSHDescription,crashYear,debris,directionRoleDescription,ditch,fatalCount,fence,flatHill,guardRail,holiday,houseOrBuilding,intersection,kerb,light,meshblockId,minorInjuryCount,moped,motorcycle,NumberOfLanes,objectThrownOrDropped,otherObject,otherVehicleType,overBank,parkedVehicle,pedestrian,phoneBoxEtc,postOrPole,region,roadCharacter,roadLane,roadSurface,roadworks,schoolBus,seriousInjuryCount,slipOrFlood,speedLimit,strayAnimal,streetLight,suv,taxi,temporarySpeedLimit,tlaId,tlaName,trafficControl,trafficIsland,trafficSign,train,tree,truck,unknownVehicleType,urban,vanOrUtility,vehicle,waterRiver,weatherA,weatherB
1753262,5933350,11004,,508701,0,0,0,1,0,North,2008/2009,SH 1N,GREVILLE OBR,,Non-Injury Crash,Yes,2009,0,North,0,0,0,Flat,1,,0,,0,Bright sun,178900,0,0,0,3,0,0,0,0,0,,0,0,Auckland Region,Nil,1-way,Sealed,0,0,0,0,100,0,Off,0,0,,76,Auckland,Nil,0,0,0,0,0,0,Open,0,0,0,Fine,Null
1743666,5919372,11005,,513212,0,,0,2,,Null,2009/2010,DON BUCK ROAD,SWANSON ROAD,,Non-Injury Crash,No,2009,,North,,0,,Flat,,,,,,Overcast,235711,0,0,0,2,,,0,,,,,,Auckland Region,Nil,2-way,Sealed,,0,0,,50,,Null,0,0,,76,Auckland,Give way,,,,,0,0,Urban,0,,,Fine,Null
1755404,5434557,11006,,569800,0,,0,1,,West,2008/2009,SH 2,PETONE ON SBD,,Non-Injury Crash,Yes,2009,,West,,0,,Flat,,,,,,Overcast,1922202,0,0,1,2,,,0,,,,,,Wellington Region,Nil,2-way,Sealed,,0,0,,100,,Null,0,0,,46,Lower Hutt City,Nil,,,,,0,0,Open,0,,,Light rain,Null
1799689,5815264,11007,,528900,0,,0,2,,Null,2008/2009,KING ST,LAKE ROAD,,Non-Injury Crash,No,2009,,North,,0,,Flat,,,,,,Bright sun,914500,0,0,0,2,,,0,,,,,,Waikato Region,Nil,2-way,Sealed,,0,0,,50,,Off,0,0,,16,Hamilton City,Give way,,,,,0,0,Urban,0,,,Null,Frost
1765838,5919117,11008,,516700,0,,0,1,,North,2009/2010,ST HELIERS BAY ROAD,MASKELL ST,,Non-Injury Crash,No,2009,,North,,0,,Flat,,,,,,Bright sun,510901,0,0,0,2,,,0,,,1,,,Auckland Region,Nil,2-way,Sealed,,0,0,,40,,Off,0,0,,76,Auckland,Traffic Signals,,,,,0,0,Urban,0,,,Fine,Null
1764469,5912936,11009,30,520500,0,,0,0,,West,2009/2010,SOUTH-EASTERN HIGHWAY,CARBINE ROAD,,Non-Injury Crash,No,2009,,West,,0,,Flat,,,,,,Bright sun,639100,0,0,0,2,,,0,,,,,,Auckland Region,Nil,2-way,Sealed,,0,0,,80,,Off,1,0,,76,Auckland,Nil,,,,,1,0,Open,0,,,Fine,Null
1756540,5924673,11010,,509702,0,,0,2,,South,2009/2010,SH 1N,ONEWA OFF SBD,,Non-Injury Crash,Yes,2009,,South,,0,,Hill Road,,,,,,Overcast,366700,0,0,0,4,,,0,,,,,,Auckland Region,Bridge,1-way,Sealed,,0,0,,80,,Off,0,0,,76,Auckland,Nil,,,,,0,0,Open,0,,,Fine,Null
1769217,5905633,11011,,523712,0,,0,2,,East,2009/2010,DAWSON ROAD,CHAPEL ROAD,,Non-Injury Crash,No,2009,,South,,0,,Flat,,,,,,Dark,713016,0,0,0,2,,,0,,,,,,Auckland Region,Nil,2-way,Sealed,,0,0,,50,,On,0,0,,76,Auckland,Nil,,,,,0,0,Urban,0,,,Fine,Null
1800926,5815493,11012,,529700,0,0,0,2,0,Null,2009/2010,WARD ST,VICTORIA ST,,Non-Injury Crash,No,2009,0,West,0,0,0,Flat,0,Labour Weekend,0,,0,Bright sun,911402,0,0,0,2,0,0,0,0,1,,0,0,Waikato Region,Nil,2-way,Sealed,0,0,0,0,50,0,Off,0,0,,16,Hamilton City,Nil,0,0,0,0,0,0,Urban,0,0,0,Fine,Null
1799991,5816531,11013,,529700,0,,0,2,,East,2009/2010,ABBOTSFORD ST,ULSTER ST,,Non-Injury Crash,No,2009,,South,,0,,Flat,,,,,,Overcast,908800,0,0,0,2,,,0,,,,,,Waikato Region,Nil,2-way,Sealed,,0,0,,50,,Off,0,0,,16,Hamilton City,Nil,,,,,0,0,Urban,0,,,Fine,Null
1806066,5823281,11014,,527122,0,0,0,1,0,Null,2009/2010,SH 1B TELEPHONE,SH 1B PUKETAHA,,Non-Injury Crash,Yes,2009,0,North,0,0,1,Flat,0,,0,,0,Overcast,953800,0,0,0,2,0,0,0,0,0,,0,0,Waikato Region,Nil,2-way,Sealed,0,0,0,0,100,0,None,0,0,,13,Waikato District,Give way,0,0,0,0,0,0,Open,0,0,0,Fine,Null
1930733,5605377,11015,,548200,0,,0,1,,North,2008/2009,KARAMU ROAD NORTH,JERVOIS ST,,Non-Injury Crash,No,2009,,South,,0,,Flat,,Easter,,,,Bright sun,1494300,0,0,0,2,,,0,,,,,,Hawke's Bay Region,Nil,2-way,Sealed,,0,0,,50,,Null,0,0,,30,Hastings District,Nil,,,,,0,0,Urban,1,,,Fine,Null
1764304,5914937,11016,,520303,0,0,0,1,0,Null,2009/2010,ELLERSLIE-PANMURE HIGHWAY,ELLERSLIE PANMURE HIGJWAY,,Non-Injury Crash,No,2009,0,East,0,0,0,Flat,0,,0,,0,Dark,627500,0,0,0,2,0,0,0,0,0,,0,1,Auckland Region,Nil,1-way,Sealed,0,0,0,0,50,0,On,0,0,,76,Auckland,Give way,0,0,0,0,0,0,Urban,0,0,0,Fine,Null
1769258,5914485,11017,,522721,0,,0,2,,East,2008/2009,PAKURANGA ROAD,FORTUNES ROAD,,Non-Injury Crash,No,2009,,East,,0,,Flat,,,,,,Dark,680727,0,0,0,6,,,0,,,,,,Auckland Region,Nil,2-way,Sealed,,0,0,,60,,On,0,0,,76,Auckland,Nil,,,,,0,0,Urban,0,,,Fine,Null
1758623,5912156,11018,,519810,0,,0,0,,Null,2008/2009,CHURCH ST,HILL ST,,Non-Injury Crash,No,2009,,West,,0,,Flat,,,,,,Overcast,598900,0,0,0,2,,,0,,,,,,Auckland Region,Nil,2-way,Sealed,,0,0,,50,,Off,2,0,,76,Auckland,Stop,,,,,0,0,Urban,0,,,Heavy rain,Null
1782149,5904619,11019,,525201,0,0,0,1,0,East,2008/2009,CLEVEDON-KAWAKAWA ROAD,MCNICOL ROAD,,Non-Injury Crash,No,2009,0,East,0,0,0,Hill Road,0,,0,,0,Dark,764100,0,0,0,2,0,0,0,0,0,,0,1,Auckland Region,Nil,2-way,Sealed,0,0,0,0,100,0,None,0,0,,76,Auckland,Unknown,0,0,0,0,0,0,Open,0,0,0,Light rain,Null
1751952,5915515,11020,,517902,0,0,0,2,0,East,2008/2009,NEW NORTH ROAD,BOLLARD AVENUE,,Non-Injury Crash,No,2009,0,West,0,0,0,Flat,0,Easter,0,,0,Dark,519702,0,0,0,4,0,0,0,0,0,,1,0,Auckland Region,Nil,2-way,Sealed,0,0,0,0,50,0,On,0,0,,76,Auckland,Nil,0,0,0,0,0,0,Urban,0,0,0,Light rain,Null
1749253,5425585,11021,,576500,0,,0,1,,East,2008/2009,HOSPITAL ROAD,HUGH ST,,Non-Injury Crash,No,2009,,East,,0,,Flat,,,,,,Bright sun,2149100,0,0,0,2,,,0,,,,,,Wellington Region,Nil,Off road,Sealed,,0,0,,50,,Null,0,0,,47,Wellington City,Nil,,,,,1,0,Urban,0,,,Fine,Null
1726122,5598495,11022,,554700,0,0,0,1,0,North,2008/2009,SH 3,RICHMOND ST,,Non-Injury Crash,Yes,2009,0,North,0,0,0,Flat,0,,0,,0,Dark,1661600,0,0,0,2,0,0,0,0,1,,0,0,Taranaki Region,Nil,2-way,Sealed,0,0,0,0,50,0,On,0,0,,35,South Taranaki District,Nil,0,0,0,0,1,0,Urban,0,0,0,Fine,Null
1757400,5920943,11023,,514101,0,,1,0,,Null,2008/2009,FANSHAWE ST,ALBERT ST,,Non-Injury Crash,No,2009,,North,,0,,Hill Road,,,,,,Twilight,432800,0,0,0,3,,,0,,,,,,Auckland Region,Nil,2-way,Sealed,,0,0,,50,,Off,0,0,,76,Auckland,Traffic Signals,,,,,1,0,Urban,0,,,Fine,Null
1747058,5913779,11024,,511100,0,,0,1,,East,2009/2010,GLENMALL PLACE,GLENDALE ROAD,,Non-Injury Crash,No,2009,,East,,0,,Flat,,,,,,Overcast,286200,0,0,0,1,,,0,,,,,,Auckland Region,Nil,1-way,Sealed,,0,0,,20,,Off,0,0,,76,Auckland,Nil,,,,,0,0,Urban,1,,,Fine,Null
1745165,5918590,11025,,513302,0,0,0,1,0,South,2009/2010,LINCOLN ROAD,WOODFORD AVENUE,,Non-Injury Crash,No,2009,0,South,0,0,0,Flat,1,,0,,0,Dark,230900,0,0,0,4,0,0,0,0,0,,0,0,Auckland Region,Nil,2-way,Sealed,0,0,0,0,50,0,On,0,0,,76,Auckland,Traffic Signals,0,0,0,0,0,0,Urban,0,0,0,Fine,Null
1757211,5919384,11026,,514103,0,,0,2,,West,2009/2010,KARANGAHAPE ROAD,SYMONDS ST,,Non-Injury Crash,No,2009,,East,,0,,Flat,,,,,,Bright sun,436500,0,0,0,4,,,0,,,,,,Auckland Region,Nil,2-way,Sealed,,0,0,,50,,Off,0,1,,76,Auckland,Traffic Signals,,,,,0,0,Urban,0,,,Fine,Null
1873226,5715079,11027,,541344,0,0,0,0,0,North,2009/2010,BROADLANDS ROAD,CENTENNIAL DRIVE,,Non-Injury Crash,No,2009,0,North,0,0,0,Flat,0,,0,,0,Dark,1279901,0,0,0,2,0,0,0,0,0,,0,0,Waikato Region,Nil,2-way,Sealed,0,0,0,0,100,0,None,0,0,,21,Taupo District,Stop,0,0,0,0,1,0,Open,0,0,0,Fine,Null
1731437,5930318,11028,,506652,0,,0,0,,Null,2009/2010,SH 16,WOODHILL PARK ROAD,,Non-Injury Crash,Yes,2009,,North,,0,,Flat,,,,,,Overcast,218000,0,0,0,2,,,0,,,,,,Auckland Region,Nil,2-way,Sealed,,0,0,,100,,None,0,0,,76,Auckland,Nil,,,,,0,0,Open,2,,,Fine,Null
1767256,5904337,11029,,524604,0,0,0,4,0,Null,2009/2010,MANUKAU PLAZA,OSTERLEY WAY,,Non-Injury Crash,No,2009,0,East,0,0,0,Flat,0,,0,,0,Overcast,780204,0,0,0,3,0,0,0,0,1,,0,0,Auckland Region,Nil,2-way,Sealed,0,0,0,0,50,0,Off,0,0,,76,Auckland,Traffic Signals,0,0,0,0,0,0,Urban,0,0,0,Light rain,Null
1745062,5917760,11030,,510700,0,,0,1,,North,2009/2010,LINCOLN ROAD,GREAT NORTH ROAD,,Non-Injury Crash,No,2009,,South,,0,,Flat,,,,,,Bright sun,239104,0,0,0,5,,,0,,,,,,Auckland Region,Nil,2-way,Sealed,,0,0,,50,,Null,1,0,,76,Auckland,Traffic Signals,,,,,0,0,Urban,0,,,Fine,Null
1774121,5895776,11031,,525510,0,0,0,1,0,North,2009/2010,HUNUA ROAD,CALVERT ST,,Non-Injury Crash,No,2009,0,South,0,0,1,Flat,0,,0,,0,Overcast,800900,0,0,0,2,0,0,0,0,0,,0,0,Auckland Region,Nil,2-way,Sealed,0,0,0,0,50,0,Off,0,0,,76,Auckland,Nil,0,0,0,0,0,0,Urban,0,0,0,Fine,Null
1753826,5918247,11032,,515432,0,0,0,1,0,Null,2009/2010,ST LUKES ROAD,ST LUKES OFF WBD N,,Non-Injury Crash,Yes,2009,0,West,0,0,0,Hill Road,0,,0,,0,Bright sun,405500,0,0,0,2,0,0,0,0,0,,0,0,Auckland Region,Motorway ramp,1-way,Sealed,0,0,0,0,50,0,Off,0,0,,76,Auckland,Traffic Signals,1,0,0,0,0,0,Urban,0,0,0,Fine,Null
1718006,6044731,11033,,503300,0,,0,2,,Null,2009/2010,SH 14,WEST END AVENUE,,Non-Injury Crash,Yes,2009,,West,,0,,Flat,,,,,,Overcast,106300,0,0,0,2,,,0,,,,,,Northland Region,Nil,2-way,Sealed,,0,0,,50,,Off,0,0,,2,Whangarei District,Stop,,,,,0,0,Urban,0,,,Light rain,Null
1753841,5918301,11034,,515431,0,,0,4,,East,2008/2009,SH 16,ST LUKES OBR,,Non-Injury Crash,Yes,2009,,East,,0,,Flat,,,,,,Bright sun,406300,0,0,0,3,,,0,,,,,,Auckland Region,Nil,1-way,Sealed,,0,0,,100,,Off,0,0,,76,Auckland,Nil,,,,,0,0,Open,0,,,Fine,Null
1619556,5426419,11035,,583900,0,,0,2,,Null,2009/2010,SONGER ST,MAIN ROAD STOKE,,Non-Injury Crash,No,2009,,West,,0,,Flat,,,,,,Bright sun,2342800,0,0,0,2,,,0,,,,,,Nelson Region,Nil,2-way,Sealed,,0,0,,50,,Null,0,0,,52,Nelson City,Traffic Signals,,,,,0,0,Urban,0,,,Fine,Null
1755549,5932637,11036,,508805,0,,0,0,,North,2008/2009,EAST COAST ROAD,HASTINGS ROAD,,Non-Injury Crash,No,2009,,North,,0,,Flat,,,,,,Overcast,153200,0,0,0,3,,,0,,,,,,Auckland Region,Nil,2-way,Sealed,,0,0,,50,,Null,0,0,,76,Auckland,Unknown,,,,,0,0,Urban,2,,,Fine,Null
1768875,5902726,11037,,523814,0,1,0,0,0,Null,2009/2010,SH 1N,ORAMS OBR,,Non-Injury Crash,Yes,2009,0,South,0,0,0,Flat,0,,0,,0,Overcast,760701,0,0,0,3,0,0,0,0,0,,0,0,Auckland Region,Nil,1-way,Sealed,0,0,0,0,100,0,Null,0,0,,76,Auckland,Unknown,0,0,0,0,1,0,Open,0,0,0,Fine,Null
1765904,5444622,11038,,565601,0,0,0,1,1,North,2009/2010,SH 58,MOUNT CECIL ROAD,,Non-Injury Crash,Yes,2009,0,North,1,0,0,Hill Road,0,,0,,0,Overcast,2071800,0,0,0,2,0,0,0,0,0,,0,0,Wellington Region,Nil,2-way,Sealed,0,0,0,0,100,0,Null,0,0,,44,Porirua City,Nil,0,0,0,0,0,0,Open,0,0,0,Fine,Null
1751697,5434102,11039,,573903,0,,0,2,,South,2008/2009,SH 1N,NEWLANDS OFF SBD,,Non-Injury Crash,Yes,2009,,South,,0,,Hill Road,,,,,,Twilight,2075103,0,0,0,3,,,0,,,,,,Wellington Region,Nil,1-way,Sealed,,0,0,,80,,Off,0,0,,47,Wellington City,Nil,,,,,1,0,Open,0,,,Fine,Null
1755639,5917932,11040,,517500,0,,0,2,,West,2009/2010,NEW NORTH ROAD,SANDRINGHAM ROAD,,Non-Injury Crash,No,2009,,East,,0,,Flat,,,,,,Overcast,531300,0,0,0,4,,,0,,,,,,Auckland Region,Nil,2-way,Sealed,,0,0,,50,,Off,0,0,,76,Auckland,Nil,,,,,0,0,Urban,0,,,Fine,Null
1769320,5905669,11041,,523712,0,0,0,2,0,North,2008/2009,CHAPEL ROAD,DAWSON ROAD,,Non-Injury Crash,No,2009,0,North,0,0,0,Flat,0,,0,,0,Overcast,713016,0,0,0,2,0,0,0,0,1,,0,0,Auckland Region,Nil,2-way,Sealed,0,0,0,0,70,0,Null,0,0,,76,Auckland,Unknown,0,0,0,0,0,0,Urban,0,0,0,Fine,Null
1929603,5617388,11042,,545621,0,0,0,1,1,West,2008/2009,PUKETAPU ROAD,HARPHAM ST,,Non-Injury Crash,No,2009,0,East,0,0,0,Hill Road,0,,0,,0,Dark,1457110,0,0,0,2,0,0,0,0,0,,0,0,Hawke's Bay Region,Nil,2-way,Sealed,0,0,0,0,50,0,None,0,0,,31,Napier City,Nil,0,0,0,0,0,0,Urban,0,0,0,Heavy rain,Null
1751581,5916624,11043,,514900,0,,0,2,,Null,2009/2010,GREAT NORTH ROAD,FAIRLANDS AVENUE,,Non-Injury Crash,No,2009,,North,,0,,Flat,,,,,,Overcast,384705,0,0,0,4,,,0,,,,,,Auckland Region,Nil,2-way,Sealed,,0,0,,50,,Off,0,0,,76,Auckland,Give way,,,,,0,0,Urban,0,,,Fine,Null
1799642,5814528,11044,,528900,0,,0,2,,Null,2009/2010,KILLARNEY ROAD,QUEENS AVENUE,,Non-Injury Crash,No,2009,,South,,0,,Hill Road,,,,,,Overcast,915300,0,0,0,2,,,0,,,,,,Waikato Region,Nil,2-way,Sealed,,0,0,,50,,Off,0,0,,16,Hamilton City,Give way,,,,,0,0,Urban,0,,,Light rain,Null
1913936,5617692,11045,,545821,0,0,0,1,0,West,2008/2009,TAIHAPE ROAD,MATAPIRO ROAD,,Non-Injury Crash,No,2009,0,West,1,0,0,Hill Road,0,,0,,0,Overcast,1410300,0,0,0,2,0,0,0,0,0,,0,0,Hawke's Bay Region,Nil,2-way,Sealed,0,0,0,0,100,0,Null,0,0,,30,Hastings District,Nil,0,0,0,0,0,0,Open,0,0,0,Light rain,Null
1757437,5920609,11046,,514103,0,,0,2,,North,2009/2010,QUEEN ST,WYNDHAM ST,,Non-Injury Crash,No,2009,,South,,0,,Flat,,,,,,Dark,437600,0,0,0,4,,,0,,,,,,Auckland Region,Nil,2-way,Sealed,,0,0,,50,,On,0,0,,76,Auckland,Traffic Signals,,,,,0,0,Urban,0,,,Fine,Null
1741234,5918635,11047,,513101,0,0,0,2,0,Null,2008/2009,POOKS ROAD,ONEILLS ROAD,,Non-Injury Crash,No,2009,0,West,0,0,0,Hill Road,0,,0,,0,Dark,238303,0,0,0,2,0,0,0,0,0,,0,0,Auckland Region,Nil,2-way,Sealed,0,0,0,0,50,0,On,0,0,,76,Auckland,Nil,0,0,0,0,0,0,Urban,0,1,0,Fine,Null
1797055,5820101,11048,,528402,0,,0,2,,Null,2008/2009,SHERWOOD DRIVE,OAKFIELD CRESCENT W,,Non-Injury Crash,No,2009,,North,,0,,Flat,,,,,,Bright sun,907301,0,0,0,2,,,0,,,,,,Waikato Region,Nil,2-way,Sealed,,0,0,,50,,Null,0,0,,16,Hamilton City,Give way,,,,,0,0,Urban,0,,,Fine,Null
1709800,5647858,11049,,553004,0,0,0,1,0,North,2008/2009,SH 3,MONMOUTH ROAD,,Non-Injury Crash,Yes,2009,0,North,0,0,0,Flat,0,,0,,0,Dark,1617802,0,0,0,2,0,0,0,1,0,,0,0,Taranaki Region,Nil,2-way,Sealed,0,0,0,0,100,0,None,0,0,,34,Stratford District,Nil,0,0,0,0,0,0,Open,0,0,0,Fine,Frost
1753262,5933079,11050,,508701,0,,0,2,,Null,2008/2009,ALBANY EXPRESSWAY,GREVILLE ROAD,,Non-Injury Crash,No,2009,,East,,0,,Flat,,,,,,Dark,178900,0,0,0,2,,,0,,,,,,Auckland Region,Nil,2-way,Sealed,,0,0,,60,,On,0,0,,76,Auckland,Give way,,,,,0,0,Urban,0,,,Fine,Null
1757119,5921045,11051,,514101,0,0,0,2,0,West,2009/2010,CUSTOMS ST WEST,FANSHAWE ST,,Non-Injury Crash,No,2009,0,East,0,0,0,Flat,0,Christmas New Year,0,,0,Bright sun,433001,0,0,0,2,0,0,0,0,1,,0,0,Auckland Region,Nil,2-way,Sealed,0,0,0,0,50,0,Null,0,0,,76,Auckland,Nil,0,0,0,0,0,0,Urban,0,0,0,Fine,Null
1765485,5899419,11052,,524822,0,,0,2,,Null,2008/2009,PALMERS ROAD,FINLAYSON AVENUE,,Non-Injury Crash,No,2009,,West,,0,,Flat,,,,,,Overcast,774422,0,0,0,2,,,0,,,,,,Auckland Region,Nil,2-way,Sealed,,0,0,,50,,Off,0,0,,76,Auckland,Give way,,,,,0,0,Urban,1,,,Fine,Null
1575216,5487446,11053,,581601,0,,0,1,,East,2009/2010,SH 60,ONEKAKA IRON WORKS ROAD,,Non-Injury Crash,Yes,2009,,East,,0,,Hill Road,,,,,,Overcast,2348602,0,0,0,2,,,0,,,,,,Tasman Region,Nil,2-way,Sealed,,0,0,,100,,Null,1,0,,51,Tasman District,Nil,,,,,0,0,Open,0,,,Heavy rain,Null
1756072,5916609,11054,,518201,0,0,0,1,0,South,2009/2010,MANATU ST,HERBERT ROAD,,Non-Injury Crash,No,2009,0,West,0,0,0,Flat,0,,0,,0,Dark,549300,0,0,0,2,0,0,0,0,1,,0,0,Auckland Region,Nil,2-way,Sealed,0,0,0,0,50,0,On,0,1,,76,Auckland,Nil,0,0,0,0,0,0,Urban,1,0,0,Fine,Null
1816759,5804111,11055,,527501,0,,0,2,,Null,2008/2009,VICTORIA ST EAST,WILLIAMS ST,,Non-Injury Crash,No,2009,,South,,0,,Flat,,,,,,Bright sun,962300,0,0,0,2,,,0,,,,,,Waikato Region,Nil,2-way,Sealed,,0,0,,50,,Null,0,0,,17,Waipa District,Give way,,,,,0,0,Urban,0,,,Fine,Null
1799298,5819851,11056,,529401,0,,0,2,,South,2009/2010,RIVER ROAD,TAUHARA DRIVE,,Non-Injury Crash,No,2009,,South,,0,,Flat,,,,,,Bright sun,878900,0,0,0,2,,,0,,,,,,Waikato Region,Nil,2-way,Sealed,,0,0,,60,,Off,0,0,,16,Hamilton City,Nil,,,,,0,0,Urban,0,,,Fine,Null
1693693,5676382,11057,,551800,0,0,0,1,0,Null,2009/2010,Z CPK MCDONALDS,ELIOT/LEACH,,Non-Injury Crash,No,2009,0,West,0,0,0,Flat,0,,0,,0,Overcast,1594300,0,0,0,0,0,0,0,0,1,,0,0,Taranaki Region,Nil,Off road,Sealed,0,0,0,0,50,0,Null,0,0,,33,New Plymouth District,Nil,0,0,0,0,0,0,Urban,1,0,0,Light rain,Null
1736789,5982171,11058,,505300,0,,0,1,,North,2009/2010,SH 1N,WORKER ROAD,,Non-Injury Crash,Yes,2009,,South,,0,,Flat,,,,,,Twilight,142500,0,0,0,2,,,0,,,,,,Auckland Region,Nil,2-way,Sealed,,0,0,,50,,On,0,0,,76,Auckland,Nil,,,,,1,0,Urban,1,,,Mist or Fog,Null
1718676,6045565,11059,,503000,0,,0,1,,Null,2008/2009,THIRD AVENUE,WILSON AVENUE,,Non-Injury Crash,No,2009,,West,,0,,Flat,,,,,,Overcast,98400,0,0,0,2,,,0,,,,,,Northland Region,Nil,2-way,Sealed,,0,0,,50,,Null,1,1,,2,Whangarei District,Give way,,,,,0,0,Urban,0,,,Light rain,Null
1751184,5915026,11060,,514402,0,0,0,1,0,Null,2009/2010,ST JUDE ST,ST GEORGES ROAD,,Non-Injury Crash,No,2009,0,North,0,0,0,Flat,0,,0,,0,Dark,381200,0,0,0,2,0,0,0,0,0,,0,1,Auckland Region,Nil,2-way,Sealed,0,0,0,0,50,0,On,0,0,,76,Auckland,Give way,1,0,0,0,0,0,Urban,0,0,0,Fine,Null
1753257,5933067,11061,,508807,0,,0,2,,Null,2009/2010,ALBANY EXPRESSWAY,TAWA DRIVE,,Non-Injury Crash,No,2009,,East,,0,,Hill Road,,,,,,Bright sun,180811,0,0,0,2,,,0,,,,,,Auckland Region,Motorway ramp,1-way,Sealed,,0,0,,50,,Off,0,0,,76,Auckland,Give way,,,,,0,0,Urban,0,,,Fine,Null
1639109,6127592,11062,,500202,0,0,0,1,0,East,2009/2010,SH 10,PARAPARA ROAD,,Non-Injury Crash,Yes,2009,0,South,0,0,1,Hill Road,0,,0,,0,Dark,3300,0,0,0,2,0,0,0,0,0,,0,0,Northland Region,Nil,2-way,Sealed,0,0,0,0,100,0,None,0,0,,1,Far North District,Unknown,0,0,0,0,0,0,Open,0,0,0,Fine,Null
1719306,6045810,11063,,503100,0,0,0,2,0,West,2009/2010,RUST AVENUE,BANK ST,,Non-Injury Crash,No,2009,0,West,0,0,0,Flat,0,,0,,0,Dark,99300,0,0,0,2,0,0,0,0,1,,0,0,Northland Region,Nil,2-way,Sealed,0,0,0,0,50,0,On,0,0,,2,Whangarei District,Nil,0,0,0,0,0,0,Urban,0,0,0,Fine,Null
1843182,5530156,11064,,550500,0,0,0,1,0,Null,2008/2009,GREY ST,STATION ST,,Non-Injury Crash,No,2009,0,South,0,0,1,Flat,0,,0,,1,Overcast,1541300,0,0,0,2,0,0,0,0,0,,0,0,Manawatū-Whanganui Region,Nil,2-way,Sealed,0,0,0,0,50,0,Null,0,0,,41,Tararua District,Give way,0,0,0,0,0,0,Urban,0,0,0,Fine,Null
1800218,5816038,11065,,529700,1,,1,0,,Null,2009/2010,WILLOUGHBY ST,LIVERPOOL ST,,Non-Injury Crash,No,2009,,South,,0,,Flat,,,,,,Dark,909500,0,0,0,2,,,0,,,,,,Waikato Region,Nil,2-way,Sealed,,0,0,,50,,Off,0,0,,16,Hamilton City,Give way,,,,,0,0,Urban,0,,,Light rain,Null
1768508,5900898,11066,,525001,0,,0,2,,Null,2008/2009,ROSEMARY LANE,LUPTON ROAD,,Non-Injury Crash,No,2009,,East,,0,,Flat,,,,,,Overcast,752100,0,0,0,2,,,0,,,,,,Auckland Region,Nil,2-way,Sealed,,0,0,,50,,Off,0,0,,76,Auckland,Nil,,,,,0,0,Urban,0,,,Fine,Null
1571218,5246547,11067,,585700,0,0,0,0,1,South,2009/2010,HAWARDEN WAIKARI ROAD,GEMMELLS ROAD,,Serious Crash,No,2009,0,South,0,0,0,Hill Road,0,,0,,0,Bright sun,2434504,0,0,1,2,0,0,0,0,0,,0,0,Canterbury Region,Nil,2-way,Sealed,0,0,1,0,100,0,Null,0,0,,58,Hurunui District,Unknown,0,0,0,1,0,0,Open,0,0,0,Fine,Null
1755345,5921610,11068,,515202,0,,0,2,,South,2009/2010,SH 1N,SHELLY BEACH OBR,,Non-Injury Crash,Yes,2009,,South,,0,,Flat,,,,,,Overcast,423600,0,0,0,5,,,0,,,,,,Auckland Region,Nil,1-way,Sealed,,0,0,,80,,Off,0,0,,76,Auckland,Nil,,,,,0,0,Open,0,,,Fine,Null
1762580,5912867,11069,,520500,0,,0,2,,East,2009/2010,SOUTH-EASTERN HIGHWAY,GREAT SOUTH ROAD,,Non-Injury Crash,No,2009,,East,,0,,Hill Road,,,,,,Bright sun,637300,0,0,0,4,,,0,,,,,,Auckland Region,Nil,2-way,Sealed,,0,0,,80,,Off,0,0,,76,Auckland,Nil,,,,,0,0,Open,0,,,Fine,Null
1763441,5912769,11070,,520500,0,,0,2,,Null,2009/2010,SH 1N,MT WGTN OFF SBD,,Non-Injury Crash,Yes,2009,,South,,0,,Flat,,,,,,Bright sun,637400,0,0,0,3,,,0,,,,,,Auckland Region,Nil,1-way,Sealed,,0,0,,100,,Off,0,0,,76,Auckland,Nil,,,,,0,0,Open,0,,,Fine,Null
1766163,5908216,11071,,523402,0,,0,1,,Null,2008/2009,BAIRDS ROAD,GILBERT ROAD,,Non-Injury Crash,No,2009,,West,,0,,Flat,,,,,,Overcast,698100,0,0,0,2,,,0,,,,,,Auckland Region,Nil,2-way,Sealed,,0,0,,50,,Off,0,0,,76,Auckland,Give way,,,,,0,0,Urban,1,,,Heavy rain,Null
1756750,5914500,11072,,518600,0,0,0,2,0,North,2009/2010,MOUNT EDEN ROAD,HUNTERS PARK DRIVE,,Non-Injury Crash,No,2009,0,South,0,0,0,Flat,0,,0,,0,Dark,564000,0,0,0,2,0,0,0,0,1,,0,0,Auckland Region,Nil,2-way,Sealed,0,0,0,0,50,0,On,0,0,,76,Auckland,Nil,0,0,0,0,0,0,Urban,0,0,0,Light rain,Null
1623530,5431031,11073,,582500,0,,0,2,,Null,2008/2009,RUTHERFORD ST,VANGUARD ST,,Non-Injury Crash,No,2009,,North,,0,,Flat,,Christmas New Year,,,,Bright sun,2318900,0,0,0,2,,,0,,,,,,Nelson Region,Nil,2-way,Sealed,,0,0,,50,,Null,0,0,,52,Nelson City,Give way,,,,,0,0,Urban,0,,,Fine,Null