X,Y,OBJECTID,advisorySpeed,areaUnitID,bicycle,bridge,bus,carStationWagon,cliffBank,crashDirectionDescription,crashFinancialYear,crashLocation1,crashLocation2,crashRoadSideRoad,crashSeverity,crashSHDescription,crashYear,debris,directionRoleDescription,ditch,fatalCount,fence,flatHill,guardRail,holiday,houseOrBuilding,intersection,kerb,light,meshblockId,minorInjuryCount,moped,motorcycle,NumberOfLanes,objectThrownOrDropped,otherObject,otherVehicleType,overBank,parkedVehicle,pedestrian,phoneBoxEtc,postOrPole,region,roadCharacter,roadLane,roadSurface,roadworks,schoolBus,seriousInjuryCount,slipOrFlood,speedLimit,strayAnimal,streetLight,suv,taxi,temporarySpeedLimit,tlaId,tlaName,trafficControl,trafficIsland,trafficSign,train,tree,truck,unknownVehicleType,urban,vanOrUtility,vehicle,waterRiver,weatherA,weatherB
1731402,5908085,11074,,513800,0,,0,2,,North,2009/2010,PIHA ROAD,TE AHUAHU ROAD,,Non-Injury Crash,No,2009,,North,,0,,Hill Road,,,,,,Bright sun,282027,0,0,0,2,,,0,,,,,,Auckland Region,Nil,2-way,Sealed,,0,0,,50,,Off,0,0,,76,Auckland,Nil,,,,,0,0,Urban,0,,,Fine,Null
1847627,5777215,11075,,535261,0,0,0,1,0,South,2008/2009,SH 1N,VOSPERS ROAD,,Non-Injury Crash,Yes,2009,0,North,1,0,0,Hill Road,0,,0,,0,Bright sun,1132800,0,0,0,2,0,0,0,0,0,,0,0,Waikato Region,Nil,2-way,Sealed,0,0,0,0,100,0,Null,0,0,,19,South Waikato District,Unknown,0,0,0,0,0,0,Open,0,0,0,Fine,Null
1767318,5902954,11076,,524602,0,,0,1,,Null,2008/2009,DRUCES ROAD,KERRS ROAD,,Non-Injury Crash,No,2009,,South,,0,,Flat,,,,,,Overcast,780407,0,0,0,2,,,0,,,,,,Auckland Region,Nil,2-way,Sealed,,0,0,,70,,Off,0,0,,76,Auckland,Give way,,,,,0,0,Urban,1,,,Fine,Null
1802047,5819624,11077,,527009,0,,0,2,,Null,2009/2010,GORDONTON ROAD,GREENHILL ROAD,,Non-Injury Crash,No,2009,,South,,0,,Flat,,,,,,Overcast,952327,0,0,0,2,,,0,,,,,,Waikato Region,Nil,2-way,Sealed,,0,0,,80,,None,0,0,30,16,Hamilton City,Stop,,,,,0,0,Open,0,,,Fine,Null
1790694,5838718,11078,,527402,0,,0,0,,South,2008/2009,SH 1N,TREGOWETH LANE,,Non-Injury Crash,Yes,2009,,South,,0,,Flat,,,,,,Bright sun,947300,0,0,0,2,,,0,,,,,,Waikato Region,Nil,2-way,Sealed,,0,0,,70,,Null,0,0,,13,Waikato District,Unknown,,,,,1,0,Urban,0,,,Fine,Null
1764282,5908969,11079,,521901,0,,0,1,,South,2009/2010,GREAT SOUTH ROAD,MANGERE ROAD,,Non-Injury Crash,No,2009,,South,,0,,Flat,,,,,,Overcast,785200,0,0,0,2,,,0,,,,,,Auckland Region,Nil,2-way,Sealed,,0,0,,50,,Off,0,0,,76,Auckland,Nil,,,,,1,0,Urban,0,,,Light rain,Null
1550068,5284881,11080,,585506,0,,0,1,,East,2008/2009,SH 7,MATAGOURI STM BR,,Non-Injury Crash,Yes,2009,,West,,0,,Flat,,,,,,Bright sun,2426700,0,0,0,2,,,0,,,,,,Canterbury Region,Nil,2-way,Sealed,,0,0,,100,,Null,0,0,,58,Hurunui District,Unknown,,,,,0,0,Open,0,,,Fine,Null
1758142,5920035,11081,,514103,0,,0,1,,North,2009/2010,SH 16,ALTEN ROAD,,Non-Injury Crash,Yes,2009,,South,,0,,Flat,,,,,,Bright sun,438203,0,0,0,5,,,0,,,,,,Auckland Region,Nil,2-way,Sealed,,0,0,,50,,Null,1,0,,76,Auckland,Traffic Signals,,,,,0,0,Urban,0,,,Fine,Null
1755616,5919021,11082,,515420,0,0,0,2,0,Null,2009/2010,TURAKINA ST,CRUMMER ROAD,,Non-Injury Crash,No,2009,0,West,0,0,0,Flat,0,,0,,0,Dark,410000,0,0,0,2,0,0,0,0,1,,0,0,Auckland Region,Nil,1-way,Sealed,0,0,0,0,50,0,On,0,0,,76,Auckland,Stop,0,0,0,0,0,0,Urban,0,0,0,Fine,Null
1768080,5904367,11083,,523722,0,,0,1,,Null,2008/2009,REDOUBT ROAD,MANUKAU OFF SBD,,Non-Injury Crash,No,2009,,West,,0,,Flat,,,,,,Dark,715805,0,0,0,2,,,0,,,,,,Auckland Region,Motorway ramp,1-way,Sealed,,0,0,,50,,On,1,0,,76,Auckland,Traffic Signals,,,,,0,0,Urban,0,,,Light rain,Null
1755625,5928788,11084,,508320,0,,0,2,,South,2009/2010,SH 1N,TRISTRAM OBR,,Non-Injury Crash,Yes,2009,,North,,0,,Hill Road,,,,,,Twilight,198500,0,0,0,4,,,0,,,,,,Auckland Region,Nil,1-way,Sealed,,0,0,,100,,On,0,0,,76,Auckland,Unknown,,,,,0,0,Open,0,,,Fine,Null
1757138,5920240,11085,,514102,0,,0,1,,South,2009/2010,MAYORAL DRIVE,WELLESLEY ST WEST,,Non-Injury Crash,No,2009,,North,,0,,Flat,,,,,,Twilight,434300,0,0,0,5,,,0,,,,,,Auckland Region,Nil,2-way,Sealed,,0,0,,50,,Off,0,0,,76,Auckland,Nil,,,,,0,0,Urban,1,,,Fine,Null
1755336,5917748,11086,,517500,0,,0,1,,South,2009/2010,SANDRINGHAM ROAD,WALTERS ROAD,,Non-Injury Crash,No,2009,,South,,0,,Hill Road,,,,,,Bright sun,532103,0,0,0,2,,,0,,,1,,,Auckland Region,Nil,2-way,Sealed,,0,0,,50,,Off,0,0,,76,Auckland,Stop,,,,,0,0,Urban,0,,,Fine,Null
1752513,5917086,11087,,517800,0,,0,2,,North,2009/2010,CARRINGTON ROAD,SEAVIEW TERRACE,,Non-Injury Crash,No,2009,,South,,0,,Hill Road,,,,,,Twilight,525500,0,0,0,2,,,0,,,,,,Auckland Region,Nil,2-way,Sealed,,0,0,,50,,On,0,0,,76,Auckland,Nil,,,,,1,0,Urban,0,,,Light rain,Null
1758336,5920165,11088,,515902,0,,0,1,,East,2009/2010,PARNELL RISE,SHIPWRIGHT LANE,,Non-Injury Crash,No,2009,,West,,0,,Flat,,,,,,Dark,452300,0,0,1,2,,,0,,,,,,Auckland Region,Nil,2-way,Sealed,,0,0,,50,,On,0,0,,76,Auckland,Give way,,,,,0,0,Urban,0,,,Fine,Null
1885195,5803079,11089,,536642,0,,0,0,,West,2009/2010,NO 2 ROAD,SHAW ROAD,,Non-Injury Crash,No,2009,,West,,0,,Flat,,,,,,Bright sun,1208100,0,0,0,2,,,0,,,,,,Bay of Plenty Region,Nil,2-way,Unsealed,,0,0,,100,,Null,1,0,,22,Western Bay of Plenty District,Unknown,,,,,0,0,Open,1,,,Fine,Null
1767111,5905525,11090,,524603,0,,0,3,,Null,2008/2009,GREAT SOUTH ROAD,PUHINUI ROAD,,Non-Injury Crash,No,2009,,South,,0,,Flat,,Queens Birthday,,,,Dark,780205,0,0,0,4,,,0,,,,,,Auckland Region,Nil,2-way,Sealed,,0,0,,50,,On,0,0,,76,Auckland,Traffic Signals,,,,,0,0,Urban,0,,,Fine,Null
1764977,5914726,11091,,520602,0,,0,2,,Null,2009/2010,PANMURE ROUNDABOUT,QUEENS ROAD,,Non-Injury Crash,No,2009,,East,,0,,Flat,,,,,,Dark,628700,0,0,0,2,,,0,,,,,,Auckland Region,Nil,2-way,Sealed,,0,0,,50,,On,0,0,,76,Auckland,Give way,,,,,0,0,Urban,0,,,Fine,Null
1772151,5895178,11092,,525530,0,,0,3,,East,2008/2009,BEACH ROAD,CHICHESTER DRIVE,,Non-Injury Crash,No,2009,,East,,0,,Flat,,,,,,Bright sun,804801,0,0,0,2,,,0,,,,,,Auckland Region,Nil,2-way,Sealed,,0,0,,50,,Off,0,0,,76,Auckland,Nil,,,,,0,0,Urban,0,,,Fine,Null
1880983,5789425,11093,,538811,0,0,0,1,1,North,2009/2010,SH 36,KAHAROA ROAD,,Non-Injury Crash,Yes,2009,0,South,0,0,0,Flat,0,,0,,0,Overcast,1250001,0,0,0,2,0,0,0,0,0,,0,0,Bay of Plenty Region,Nil,2-way,Sealed,0,0,0,0,100,0,None,0,0,,24,Rotorua District,Nil,0,0,0,0,0,0,Open,0,0,0,Heavy rain,Null
1754515,5968492,11094,,506631,0,,0,0,,South,2008/2009,MAHURANGI EAST ROAD,TAMATEA DRIVE,,Non-Injury Crash,No,2009,,North,,0,,Flat,,,,,,Bright sun,139507,0,0,0,2,,,0,,,,,,Auckland Region,Nil,2-way,Sealed,,0,0,,50,,Off,0,0,,76,Auckland,Nil,,,,,1,0,Urban,1,,,Fine,Null
1765450,5916933,11095,,517001,0,,0,2,,South,2008/2009,LINE ROAD,BRADLEY LANE,,Non-Injury Crash,No,2009,,North,,0,,Flat,,,,,,Bright sun,476200,0,0,0,2,,,0,,,,,,Auckland Region,Nil,2-way,Sealed,,0,0,,50,,Null,0,0,,76,Auckland,Unknown,,,,,0,0,Urban,0,,,Fine,Null
1875199,5818053,11096,,537602,0,0,0,1,1,Null,2008/2009,PYES PA ROAD,MANOR PARK DRIVE,,Non-Injury Crash,No,2009,0,North,0,0,0,Flat,0,,0,,0,Bright sun,1192112,0,0,0,2,0,0,0,0,0,,0,0,Bay of Plenty Region,Nil,2-way,Sealed,0,0,0,0,60,0,Off,0,0,,23,Tauranga City,Nil,0,0,0,0,0,0,Urban,0,0,0,Fine,Null
1755391,5934111,11097,,507200,0,,0,2,,Null,2009/2010,BEACH ROAD,BROWNS BAY ROAD S,,Non-Injury Crash,No,2009,,South,,0,,Hill Road,,,,,,Bright sun,157000,0,0,0,3,,,0,,,,,,Auckland Region,Nil,2-way,Sealed,,0,0,,50,,Off,0,0,,76,Auckland,Stop,,,,,0,0,Urban,0,,,Fine,Null
1760086,5915568,11098,,519400,0,,0,2,,Null,2009/2010,GREAT SOUTH ROAD,ATARANGI ROAD,,Non-Injury Crash,No,2009,,South,,0,,Flat,,,,,,Dark,617000,0,0,0,2,,,0,,,,,,Auckland Region,Nil,2-way,Sealed,,0,0,,50,,On,0,0,,76,Auckland,Stop,,,,,0,0,Urban,0,,,Fine,Null
1766093,5906497,11099,,522302,0,,0,2,,Null,2009/2010,TUI ROAD,WINTERE ROAD,,Non-Injury Crash,No,2009,,East,,0,,Flat,,,,,,Overcast,668700,0,0,0,2,,,0,,,,,,Auckland Region,Nil,2-way,Sealed,,0,0,,50,,Off,0,0,,76,Auckland,Give way,,,,,0,0,Urban,0,,,Fine,Null
1982496,5669147,11100,,545500,0,,0,1,,Null,2008/2009,CLYDE ROAD,KITCHENER ST,,Non-Injury Crash,No,2009,,East,,0,,Flat,,,,,,Overcast,1389200,0,0,0,2,,,0,,,,,,Hawke's Bay Region,Nil,2-way,Sealed,,0,0,,50,,Null,0,0,,29,Wairoa District,Give way,,,,,0,0,Urban,1,,,Fine,Null
1748743,5948916,11101,,506201,0,,0,1,,North,2008/2009,SH 1N,SILVERDALE OFF NBD,,Non-Injury Crash,Yes,2009,,North,,0,,Flat,,,,,,Bright sun,176406,0,0,0,4,,,0,,,,,,Auckland Region,Nil,2-way,Sealed,,0,0,,100,,Null,0,0,,76,Auckland,Unknown,,,,,0,0,Open,1,,,Fine,Null
1760302,5912738,11102,,520000,0,,0,2,,Null,2008/2009,MAYS ROAD,CAPTAIN SPRINGS ROAD,,Non-Injury Crash,No,2009,,East,,0,,Flat,,,,,,Twilight,606600,0,0,0,2,,,0,,,,,,Auckland Region,Nil,2-way,Sealed,,0,0,,50,,On,0,0,,76,Auckland,Stop,,,,,0,0,Urban,0,,,Fine,Null
1760224,5915915,11103,,516003,0,0,0,1,0,South,2008/2009,GREENLANE ON SBD,GREENLANE INT,,Non-Injury Crash,Yes,2009,0,South,0,0,0,Hill Road,1,,0,,0,Dark,494902,0,0,0,1,0,0,0,0,0,,0,0,Auckland Region,Motorway ramp,1-way,Sealed,0,0,0,0,60,0,On,0,0,,76,Auckland,Nil,0,0,0,0,0,0,Urban,0,0,0,Light rain,Null
1861793,5853325,11104,,536400,0,0,0,1,1,South,2009/2010,SEAFORTH ROAD,EMERTON ROAD,,Non-Injury Crash,No,2009,0,North,0,0,0,Flat,0,,0,,1,Dark,1181302,0,0,0,2,0,0,0,0,0,,0,0,Bay of Plenty Region,Nil,2-way,Sealed,0,0,0,0,50,0,On,0,0,,22,Western Bay of Plenty District,Nil,0,0,0,0,0,0,Urban,0,0,0,Fine,Null
1806159,5434110,11105,,580100,0,,1,1,,West,2009/2010,MEMORIAL SQUARE,SH 54,,Non-Injury Crash,No,2009,,East,,0,,Flat,,,,,,Bright sun,2274300,0,0,0,2,,,0,,,,,,Wellington Region,Nil,2-way,Sealed,,0,0,,50,,Null,1,0,,50,South Wairarapa District,Nil,,,,,0,0,Urban,0,,,Fine,Null
1757481,5926208,11106,,507900,0,,0,3,,Null,2009/2010,ESMONDE ROAD,FRED THOMAS DRIVE,,Non-Injury Crash,No,2009,,East,,0,,Flat,,,,,,Overcast,304000,0,0,1,6,,,0,,,,,,,Nil,2-way,Sealed,,0,0,,50,,Off,0,0,,76,Auckland,Traffic Signals,,,,,0,0,Urban,0,,,Fine,Null
1760968,5915050,11107,,520202,0,,0,2,,Null,2009/2010,MAIN HIGHWAY,KALMIA ST,,Non-Injury Crash,No,2009,,West,,0,,Flat,,,,,,Overcast,611700,0,0,0,1,,,0,,,,,,Auckland Region,Bridge,2-way,Sealed,,0,0,,50,,Off,0,0,,76,Auckland,Stop,,,,,0,0,Urban,0,,,Heavy rain,Null
1767892,5904648,11108,,523722,0,0,0,1,0,Null,2008/2009,SH 1N,MANUKAU OFF SBD,,Non-Injury Crash,Yes,2009,0,South,0,0,0,Flat,0,,0,,0,Dark,715801,0,0,0,3,0,0,0,0,0,,0,1,Auckland Region,Nil,1-way,Sealed,0,0,0,0,100,0,On,0,0,,76,Auckland,Nil,0,0,0,0,0,0,Open,0,0,0,Heavy rain,Null
1851444,5766246,11109,,535350,0,0,0,1,0,South,2009/2010,LEITH PLACE,LOGAN ST,,Non-Injury Crash,No,2009,0,South,0,0,0,Flat,0,,0,,0,Bright sun,1139700,0,0,0,2,0,0,0,0,1,,0,0,Waikato Region,Nil,2-way,Sealed,0,0,0,0,50,0,Null,0,0,,19,South Waikato District,Unknown,0,0,0,0,0,0,Urban,1,0,0,Fine,Null
1752475,5927707,11110,,508210,0,0,0,1,0,West,2009/2010,KAIPATIKI ROAD,STANLEY ROAD,,Non-Injury Crash,No,2009,0,East,0,0,0,Flat,0,,0,,0,Dark,187405,0,0,0,2,0,0,0,0,0,,0,0,Auckland Region,Nil,2-way,Sealed,0,0,0,0,50,0,On,0,0,,76,Auckland,Nil,0,0,0,1,0,0,Urban,0,0,0,Fine,Null
1937309,5785692,11111,,542540,0,0,0,1,0,South,2009/2010,WESTERN DRAIN ROAD,MAUNDER ROAD,,Non-Injury Crash,No,2009,0,South,0,0,1,Flat,0,,0,,0,Dark,1301001,0,0,0,2,0,0,0,0,0,,0,0,Bay of Plenty Region,Nil,2-way,Sealed,0,0,0,0,100,0,None,0,0,,25,Whakatane District,Unknown,0,0,0,0,0,0,Open,0,0,0,Heavy rain,Null
1790667,5837825,11112,,527111,0,0,0,1,0,South,2008/2009,SH 1N,PARALLEL ACCESS,,Non-Injury Crash,Yes,2009,0,North,1,0,0,Flat,0,,0,,0,Dark,941002,0,0,0,3,0,0,0,0,0,,0,0,Waikato Region,Nil,2-way,Sealed,0,0,0,0,100,0,On,0,0,,13,Waikato District,Nil,0,0,0,0,0,0,Open,0,0,0,Fine,Null
1929464,5605185,11113,,548200,0,0,0,0,0,Null,2008/2009,EASTBOURNE ST WEST,NELSON ST SOUTH,,Non-Injury Crash,No,2009,0,North,0,0,0,Flat,0,,0,,0,Bright sun,1488900,0,0,0,2,0,0,0,0,0,,0,0,Hawke's Bay Region,Nil,2-way,Sealed,0,0,0,0,50,0,Null,0,0,,30,Hastings District,Stop,0,1,0,0,0,0,Urban,2,0,0,Fine,Null
1769232,5902407,11114,,524901,0,,0,2,,South,2009/2010,SH 1N,MANUKAU OFF NBD,,Non-Injury Crash,Yes,2009,,North,,0,,Hill Road,,,,,,Overcast,755600,0,0,0,3,,,0,,,,,,Auckland Region,Nil,1-way,Sealed,,0,0,,100,,Off,0,0,,76,Auckland,Nil,,,,,0,0,Open,0,,,Fine,Null
1757168,5917928,11115,,518101,0,,0,2,,Null,2008/2009,NORMANBY ROAD,CLIVE ROAD,,Non-Injury Crash,No,2009,,West,,0,,Hill Road,,,,,,Dark,542900,0,0,0,2,,,0,,,,,,Auckland Region,Nil,2-way,Sealed,,0,0,,50,,On,0,0,,76,Auckland,Nil,,,,,0,0,Urban,0,,,Light rain,Null
1757560,5926261,11116,,507900,0,,0,3,,Null,2008/2009,ESMONDE ROAD,BARRYS POINT ROAD,,Non-Injury Crash,No,2009,,East,,0,,Flat,,,,,,Overcast,304200,0,0,0,4,,,0,,,,,,,Nil,2-way,Sealed,,0,0,,50,,Off,0,0,,76,Auckland,Traffic Signals,,,,,0,0,Urban,0,,,Fine,Null
1762340,5913409,11117,,520402,0,0,0,1,0,South,2009/2010,SH 1N,PENROSE OBR,,Non-Injury Crash,Yes,2009,1,South,0,0,0,Flat,0,,0,,0,Bright sun,642200,0,0,0,3,0,0,0,0,0,,0,0,Auckland Region,Nil,1-way,Sealed,0,0,0,0,100,0,Off,0,0,,76,Auckland,Nil,0,0,0,0,0,0,Open,0,0,0,Fine,Null
1767751,5904284,11118,50,524602,0,,0,2,,West,2009/2010,MANUKAU STATION ROAD,GREAT SOUTH ROAD,,Non-Injury Crash,No,2009,,West,,0,,Flat,,,,,,Bright sun,780416,0,0,0,2,,,0,,,,,,Auckland Region,Nil,2-way,Sealed,,0,0,,70,,Null,0,0,,76,Auckland,Unknown,,,,,0,0,Urban,0,,,Fine,Null
1796801,5818243,11119,,528406,0,,0,2,,Null,2008/2009,SH 1N,FOREMAN ROAD,,Non-Injury Crash,Yes,2009,,South,,0,,Flat,,,,,,Overcast,907601,0,0,0,2,,,0,,,,,,Waikato Region,Nil,2-way,Sealed,,0,0,,80,,Null,0,0,,16,Hamilton City,Give way,,,,,0,0,Open,0,,,Heavy rain,Null
1853818,5855899,11120,,534200,0,0,0,1,0,East,2008/2009,WAIHI BEACH ROAD,KINGSLEY ROAD,,Non-Injury Crash,No,2009,0,West,0,0,0,Flat,0,,0,,0,Dark,1083301,0,0,0,2,0,0,0,0,1,,0,0,Waikato Region,Nil,2-way,Sealed,0,0,0,0,100,0,None,1,0,,12,Hauraki District,Unknown,0,0,0,0,0,0,Open,0,0,0,Fine,Null
1756656,5919370,11121,,514200,0,0,0,2,0,West,2008/2009,GALATOS ST,EAST ST,,Non-Injury Crash,No,2009,0,North,0,0,0,Flat,0,,0,,0,Bright sun,412000,0,0,0,2,0,0,0,0,0,,0,0,Auckland Region,Nil,2-way,Sealed,0,0,0,0,50,0,Off,0,0,,76,Auckland,Nil,0,0,0,0,0,0,Urban,0,1,0,Fine,Null
1686710,6100948,11122,,500900,0,,0,1,,West,2009/2010,COBHAM ROAD,HONE HEKE ROAD,,Non-Injury Crash,No,2009,,North,,0,,Flat,,,,,,Dark,53502,0,0,0,2,,,0,,,,,,Northland Region,Nil,2-way,Sealed,,0,0,,50,,On,0,0,,1,Far North District,Nil,,,,,0,0,Urban,0,,,Light rain,Null
1950691,5791270,11123,,542440,0,,0,1,,East,2008/2009,DOMAIN ROAD,MCALISTER ST,,Non-Injury Crash,No,2009,,East,,0,,Flat,,,,,,Bright sun,1308000,0,0,0,2,,,0,,,,,,Bay of Plenty Region,Nil,2-way,Sealed,,0,0,,50,,Null,0,0,,25,Whakatane District,Give way,,,,,0,0,Urban,1,,,Fine,Null
1759067,5903054,11124,,524200,0,0,0,0,0,West,2008/2009,CYRIL KAY ROAD,FRED LADD WAY,,Non-Injury Crash,No,2009,0,East,0,0,0,Flat,0,,0,,0,Bright sun,727200,0,0,0,2,0,0,1,0,0,,0,0,Auckland Region,Nil,2-way,Sealed,0,0,0,0,50,0,Null,0,0,,76,Auckland,Unknown,0,0,0,0,0,0,Urban,1,1,0,Fine,Null
1775819,5577288,11125,,557900,0,,0,2,,Null,2009/2010,SH 4,WANGANUI CITY BRIDGE,,Non-Injury Crash,Yes,2009,,North,,0,,Flat,,,,,,Dark,1695800,0,0,0,2,,,0,,,,,,Manawatū-Whanganui Region,Nil,2-way,Sealed,,0,0,,50,,On,0,0,,37,Whanganui District,Traffic Signals,,,,,0,0,Urban,0,,,Fine,Null
1932070,5617823,11126,,547100,0,,0,1,,North,2009/2010,GLOUCESTER ST,LANNIE PLACE,,Non-Injury Crash,No,2009,,North,,0,,Flat,,,,,,Overcast,1455201,0,0,0,2,,,0,,,,,,Hawke's Bay Region,Nil,2-way,Sealed,,0,0,,50,,Null,1,0,,31,Napier City,Nil,,,,,0,0,Urban,0,,,Fine,Null
1711866,5634131,11127,,553601,0,0,1,1,0,South,2009/2010,SH 3,CONWAY ROAD,,Non-Injury Crash,Yes,2009,0,North,0,0,0,Flat,0,,0,,0,Bright sun,1636000,0,0,0,2,0,0,0,0,1,,0,0,Taranaki Region,Nil,2-way,Sealed,0,1,0,0,50,0,Null,0,0,,35,South Taranaki District,Nil,0,0,0,0,0,0,Urban,0,0,0,Fine,Null
1757721,5919762,11128,,514301,0,,0,2,,Null,2009/2010,WELLESLEY OFF NBD,WELLESLEY ST BRIDGE,,Non-Injury Crash,Yes,2009,,North,,0,,Hill Road,,,,,,Bright sun,440400,0,0,0,2,,,0,,,,,,Auckland Region,Motorway ramp,1-way,Sealed,,0,0,,50,,Off,0,0,,76,Auckland,Traffic Signals,,,,,0,0,Urban,0,,,Fine,Null
1686865,6102042,11129,,500900,0,0,0,1,0,Null,2009/2010,KERIKERI ROAD,HONE HEKE ROAD,,Non-Injury Crash,No,2009,0,West,0,0,1,Hill Road,0,,0,,0,Dark,44602,0,0,0,2,0,0,0,0,0,,0,0,Northland Region,Nil,2-way,Sealed,0,0,0,0,50,0,On,0,0,,1,Far North District,Give way,0,0,0,1,0,0,Urban,0,0,0,Fine,Null
1896199,5811696,11130,,536653,0,,0,2,,Null,2008/2009,RANGIURU ROAD,BROWN ROAD,,Non-Injury Crash,No,2009,,North,,0,,Flat,,,,,,Bright sun,1210200,0,0,0,2,,,0,,,,,,Bay of Plenty Region,Nil,2-way,Sealed,,0,0,,70,,Null,0,0,,22,Western Bay of Plenty District,Give way,,,,,0,0,Urban,0,,,Fine,Null
1760176,5915913,11131,,516003,0,,0,2,,South,2008/2009,SH 1N,GREENLANE INT,,Non-Injury Crash,Yes,2009,,North,,0,,Flat,,,,,,Bright sun,494902,0,0,0,3,,,0,,,,,,Auckland Region,Nil,1-way,Sealed,,0,0,,100,,Off,1,0,,76,Auckland,Nil,,,,,0,0,Open,0,,,Fine,Null
1760817,5911863,11132,,520000,0,,0,2,,Null,2009/2010,ANGLE ST,NEILSON ST,,Non-Injury Crash,No,2009,,West,,0,,Flat,,,,,,Overcast,607602,0,0,0,2,,,0,,,,,,Auckland Region,Nil,2-way,Sealed,,0,0,,50,,Null,0,0,,76,Auckland,Nil,,,,,0,0,Urban,0,,,Heavy rain,Null
1759543,5432173,11133,,568800,0,0,0,1,0,East,2009/2010,TOOP ST,MARCHBANKS ST,,Non-Injury Crash,No,2009,0,West,0,0,0,Flat,0,,0,,0,Overcast,1980200,0,0,0,2,0,0,0,0,1,,0,0,Wellington Region,Nil,2-way,Sealed,0,0,0,0,50,0,Null,0,0,,46,Lower Hutt City,Nil,0,0,0,0,1,0,Urban,0,0,0,Fine,Null
1764260,5909768,11134,,521802,0,,0,2,,South,2009/2010,ATKINSON AVENUE,AVENUE ROAD,,Non-Injury Crash,No,2009,,South,,0,,Flat,,,,,,Overcast,787800,0,0,0,4,,,0,,,,,,Auckland Region,Nil,2-way,Sealed,,0,0,,50,,Off,0,0,,76,Auckland,Nil,,,,,0,0,Urban,0,,,Light rain,Null
1836232,5860112,11135,,534300,0,,0,1,,East,2009/2010,SEYMOUR ST,SH 2,,Non-Injury Crash,No,2009,,West,,0,,Flat,,,,,,Overcast,1072502,0,0,0,2,,,0,,,,,,Waikato Region,Nil,2-way,Sealed,,0,0,,50,,Null,0,0,,12,Hauraki District,Give way,,,,,1,0,Urban,0,,,Light rain,Null
1770619,5912301,11136,,523106,0,,0,2,,East,2009/2010,MILLHOUSE DRIVE,CAMPIAN PLACE,,Non-Injury Crash,No,2009,,West,,0,,Flat,,,,,,Dark,711164,0,0,0,2,,,0,,,,,,Auckland Region,Nil,2-way,Sealed,,0,0,,50,,On,0,0,,76,Auckland,Nil,,,,,0,0,Urban,0,,,Fine,Null
1751307,5947706,11137,,505807,0,0,0,1,0,East,2009/2010,HIBISCUS COAST HIGHWAY,POHUTUKAWA AVENUE,,Non-Injury Crash,No,2009,0,North,0,0,1,Hill Road,0,,0,,0,Dark,172502,0,0,0,2,0,0,0,0,0,,0,0,Auckland Region,Nil,2-way,Sealed,0,0,0,0,50,0,On,0,0,,76,Auckland,Nil,0,0,0,1,0,0,Urban,0,0,0,Light rain,Null
1707258,5656668,11138,,552702,0,,0,1,,North,2008/2009,SH 3,TARIKI ROAD SOUTH,,Non-Injury Crash,Yes,2009,,South,,0,,Flat,,,,,,Overcast,1608300,0,0,0,2,,,0,,,,,,Taranaki Region,Nil,2-way,Sealed,,0,0,,100,,Null,0,0,30,33,New Plymouth District,Nil,,,,,1,0,Open,1,,,Heavy rain,Null
1836677,5859493,11139,,534300,0,,0,1,,Null,2008/2009,SH 26,WILLOUGHBY ST,,Non-Injury Crash,Yes,2009,,East,,0,,Flat,,,,,,Bright sun,1073500,0,0,0,2,,,0,,,,,,Waikato Region,Nil,2-way,Sealed,,0,0,,50,,Off,1,0,,12,Hauraki District,Give way,,,,,0,0,Urban,0,,,Fine,Null
1742835,5919029,11140,,513211,0,,0,0,,Null,2008/2009,SWANSON ROAD,ARMADA DRIVE,,Non-Injury Crash,No,2009,,East,,0,,Flat,,,,,,Overcast,235009,0,0,0,2,,,0,,,,,,Auckland Region,Nil,2-way,Sealed,,0,0,,50,,Off,1,0,,76,Auckland,Stop,,,,,0,0,Urban,1,,,Fine,Null
1711745,6066837,11141,,501814,0,,0,1,,South,2008/2009,SH 1N,WAIOTU BLOCK ROAD,,Non-Injury Crash,Yes,2009,,North,,0,,Flat,,,,,,Overcast,60200,0,0,0,2,,,0,,,,,,Northland Region,Nil,2-way,Unsealed,,0,0,,100,,Null,0,0,,2,Whangarei District,Unknown,,,,,1,0,Open,0,,,Light rain,Null
1936379,5621188,11142,,546901,0,,0,1,,Null,2008/2009,THACKERAY ST,TENNYSON ST,,Non-Injury Crash,No,2009,,East,,0,,Flat,,,,,,Bright sun,1428000,0,0,0,2,,,0,,,1,,,Hawke's Bay Region,Nil,2-way,Sealed,,0,0,,50,,Null,0,0,,31,Napier City,Traffic Signals,,,,,0,0,Urban,0,,,Fine,Null
1767269,5904305,11143,,524604,0,,0,2,,North,2009/2010,OSTERLEY WAY,PUTNEY WAY,,Non-Injury Crash,No,2009,,North,,0,,Flat,,,,,,Bright sun,780204,0,0,0,2,,,0,,,,,,Auckland Region,Nil,2-way,Sealed,,0,0,,50,,Off,0,0,,76,Auckland,Nil,,,,,0,0,Urban,0,,,Fine,Null
1758136,5920027,11144,,514301,0,,0,1,,Null,2008/2009,SH 16,ALTEN ROAD,,Non-Injury Crash,Yes,2009,,East,,0,,Flat,,,,,,Dark,440300,0,0,0,4,,,0,,,,,,Auckland Region,Nil,2-way,Sealed,,0,0,,50,,On,0,0,,76,Auckland,Traffic Signals,,,,,0,0,Urban,1,,,Fine,Null