X,Y,OBJECTID,advisorySpeed,areaUnitID,bicycle,bridge,bus,carStationWagon,cliffBank,crashDirectionDescription,crashFinancialYear,crashLocation1,crashLocation2,crashRoadSideRoad,crashSeverity,crashSHDescription,crashYear,debris,directionRoleDescription,ditch,fatalCount,fence,flatHill,guardRail,holiday,houseOrBuilding,intersection,kerb,light,meshblockId,minorInjuryCount,moped,motorcycle,NumberOfLanes,objectThrownOrDropped,otherObject,otherVehicleType,overBank,parkedVehicle,pedestrian,phoneBoxEtc,postOrPole,region,roadCharacter,roadLane,roadSurface,roadworks,schoolBus,seriousInjuryCount,slipOrFlood,speedLimit,strayAnimal,streetLight,suv,taxi,temporarySpeedLimit,tlaId,tlaName,trafficControl,trafficIsland,trafficSign,train,tree,truck,unknownVehicleType,urban,vanOrUtility,vehicle,waterRiver,weatherA,weatherB
1745505,5917220,11145,,510700,0,,0,2,,Null,2009/2010,GREAT NORTH ROAD,CATHERINE ST,,Non-Injury Crash,No,2009,,West,,0,,Flat,,,,,,Overcast,239900,0,0,0,3,,,0,,,,,,Auckland Region,Nil,2-way,Sealed,,0,0,,50,,Off,0,0,,76,Auckland,Traffic Signals,,,,,0,0,Urban,0,,,Fine,Null
1208782,4900749,11146,,612300,0,,0,2,,Null,2009/2010,HASTINGS ST,JAMES ST,,Serious Crash,No,2009,,West,,0,,Flat,,,,,,Twilight,3181000,3,0,0,2,,,0,,,,,,Southland Region,Nil,2-way,Sealed,,0,1,,50,,None,0,0,,73,Southland District,Give way,,,,,0,0,Urban,0,,,Fine,Null
1758775,5903112,11147,,524200,0,0,0,1,0,South,2009/2010,RAY EMERY DRIVE,TOM PEARCE DRIVE N,,Non-Injury Crash,No,2009,0,West,0,0,0,Flat,0,,0,,0,Twilight,727200,0,0,0,1,0,0,0,0,0,,0,1,Auckland Region,Nil,1-way,Sealed,0,0,0,0,20,0,On,0,0,,76,Auckland,Nil,0,0,0,0,0,0,Urban,0,0,0,Fine,Null
1814383,5569412,11148,,559220,0,0,0,0,0,North,2008/2009,SH 1N,TE HOUHOU ROAD,,Non-Injury Crash,Yes,2009,0,South,0,0,1,Flat,0,,0,,0,Overcast,1729400,0,0,0,2,0,0,0,0,0,,0,0,Manawatū-Whanganui Region,Nil,2-way,Sealed,0,0,0,0,100,0,Null,0,0,,38,Rangitikei District,Nil,0,0,0,1,0,0,Open,1,0,0,Fine,Null
1822971,5804491,11149,,535241,0,0,0,1,0,East,2009/2010,FRENCH PASS ROAD,LOVELLS ROAD,,Non-Injury Crash,No,2009,0,North,0,0,0,Hill Road,0,,0,,0,Dark,1122500,0,0,0,2,0,0,0,0,0,,0,0,Waikato Region,Nil,2-way,Sealed,0,0,0,0,100,0,None,0,0,,17,Waipa District,Unknown,0,0,0,1,0,0,Open,0,0,0,Fine,Null
1804303,5805273,11150,,527915,0,,0,1,,Null,2008/2009,SH 3,SH 21,,Non-Injury Crash,Yes,2009,,South,,0,,Flat,,,,,,Overcast,984900,0,0,0,2,,,0,,,,,,Waikato Region,Nil,2-way,Sealed,,0,0,,100,,Off,0,0,,17,Waipa District,Give way,,,,,0,0,Open,1,,,Fine,Null
1767265,5904340,11151,,524604,0,,0,1,,West,2008/2009,MANUKAU PLAZA,BARROWCLIFFE PLACE,,Non-Injury Crash,No,2009,,East,,0,,Flat,,,,,,Overcast,780204,0,0,0,3,,,0,,,,,,Auckland Region,Nil,2-way,Sealed,,0,0,,50,,Null,0,0,,76,Auckland,Traffic Signals,,,,,0,0,Urban,1,,,Fine,Null
1812288,5533767,11152,,561901,0,0,0,1,0,East,2008/2009,LONGBURN RONGOTEA ROAD,OROUA ROAD,,Non-Injury Crash,No,2009,0,East,1,0,0,Flat,0,,0,,0,Overcast,1795200,0,0,0,2,0,0,0,0,0,,0,0,Manawatū-Whanganui Region,Nil,2-way,Sealed,0,0,0,0,100,0,Null,1,0,,39,Manawatu District,Nil,0,0,0,0,0,0,Open,0,0,0,Fine,Null
1686486,6101184,11153,,500900,0,,0,2,,North,2009/2010,COBHAM ROAD,HOBSON AVENUE,,Non-Injury Crash,No,2009,,North,,0,,Flat,,,,,,Overcast,53405,0,0,0,2,,,0,,,,,,Northland Region,Nil,2-way,Sealed,,0,0,,50,,Off,0,0,,1,Far North District,Nil,,,,,0,0,Urban,0,,,Fine,Null
1760356,5916094,11154,,516003,0,,0,1,,Null,2009/2010,GREEN LANE EAST,ELLERSLIE RACECOURSE DRIV,,Non-Injury Crash,No,2009,,West,,0,,Flat,,,,,,Bright sun,494902,0,0,0,5,,,0,,,,,,Auckland Region,Nil,2-way,Sealed,,0,0,,50,,Off,1,0,,76,Auckland,Traffic Signals,,,,,0,0,Urban,0,,,Fine,Null
1754745,5931303,11155,,508520,0,,0,2,,Null,2009/2010,SUNSET ROAD,RAMP ROAD,,Non-Injury Crash,No,2009,,East,,0,,Hill Road,,,,,,Bright sun,191502,0,0,0,2,,,0,,,,,,Auckland Region,Nil,2-way,Sealed,,0,0,,50,,Off,0,0,,76,Auckland,Give way,,,,,0,0,Urban,0,,,Fine,Null
1748817,5917690,11156,,514801,0,,0,1,,North,2008/2009,ROSEBANK ROAD,TIMOTHY PLACE,,Non-Injury Crash,No,2009,,South,,0,,Flat,,,,,,Bright sun,389400,0,0,0,2,,,0,,,,,,Auckland Region,Nil,2-way,Sealed,,0,0,,50,,Off,0,0,,76,Auckland,Nil,,,,,0,0,Urban,1,,,Fine,Null
1752072,5917957,11157,,515001,0,,0,2,,East,2009/2010,SH 16,GT NORTH OBR,,Non-Injury Crash,Yes,2009,,West,,0,,Flat,,,,,,Dark,392400,0,0,0,2,,,0,,,,,,Auckland Region,Nil,2-way,Sealed,,0,0,,80,,On,0,0,,76,Auckland,Unknown,,,,,0,0,Open,0,,,Fine,Null
1858395,5466672,11158,,578402,0,0,0,0,1,West,2008/2009,MASTERTON-CASTLEPOINT ROA,PEAKS ROAD,,Non-Injury Crash,No,2009,0,East,0,0,0,Hill Road,0,Easter,0,,0,Bright sun,2255200,0,0,0,2,0,0,0,0,0,,0,0,Wellington Region,Nil,2-way,Unsealed,0,0,0,0,100,0,Null,1,0,30,48,Masterton District,Nil,0,0,0,0,0,0,Open,0,0,0,Fine,Null
1884498,5824472,11159,,536831,0,,0,2,,Null,2009/2010,SH 29,SH 2,,Non-Injury Crash,Yes,2009,,East,,0,,Flat,,,,,,Bright sun,1205409,0,0,0,2,,,0,,,,,,Bay of Plenty Region,Nil,2-way,Sealed,,0,0,,70,,Null,0,0,,23,Tauranga City,Give way,,,,,0,0,Urban,0,,,Fine,Null
1934823,5621050,11160,,546400,0,,0,1,,Null,2008/2009,SH 2 HYDERABAD,PREBENSEN DRIVE,,Non-Injury Crash,Yes,2009,,West,,0,,Flat,,,,,,Twilight,1426400,0,0,0,4,,,0,,,,,,Hawke's Bay Region,Nil,2-way,Sealed,,0,0,,50,,Off,0,0,,31,Napier City,Give way,,,,,0,0,Urban,1,,,Fine,Null
1755506,5918622,11161,,515500,0,0,0,2,0,South,2009/2010,BOND ST,GREAT NORTH ROAD,,Non-Injury Crash,No,2009,0,South,0,0,0,Flat,0,,0,,0,Dark,419200,0,0,0,3,0,0,0,0,1,,0,0,Auckland Region,Nil,2-way,Sealed,0,0,0,0,50,0,On,0,0,,76,Auckland,Unknown,0,0,0,0,0,0,Urban,0,0,0,Fine,Null
1405105,4913239,11162,,604500,0,,0,1,,Null,2008/2009,ALLANDALE ROAD,FORBURY ROAD,,Non-Injury Crash,No,2009,,East,,0,,Flat,,,,,,Bright sun,2927000,0,0,0,2,,,0,,,,,,Otago Region,Nil,2-way,Sealed,,0,0,,50,,Null,1,0,,71,Dunedin City,Stop,,,,,0,0,Urban,0,,,Fine,Null
1765152,5914671,11163,,520602,0,,0,2,,West,2009/2010,QUEENS ROAD,PILKINGTON ROAD,,Non-Injury Crash,No,2009,,East,,0,,Flat,,,,,,Bright sun,628700,0,0,0,2,,,0,,,,,,Auckland Region,Nil,2-way,Sealed,,0,0,,50,,Null,0,0,,76,Auckland,Unknown,,,,,0,0,Urban,0,,,Fine,Null
1756901,5913604,11164,,518702,0,0,0,2,0,South,2008/2009,HILLSBOROUGH ROAD,MOUNT ALBERT ROAD,,Non-Injury Crash,No,2009,0,South,0,0,0,Hill Road,0,,0,,0,Dark,567500,0,0,0,2,0,0,0,0,1,,0,0,Auckland Region,Nil,2-way,Sealed,0,0,0,0,50,0,On,0,0,,76,Auckland,Nil,0,0,0,0,0,0,Urban,0,0,0,Light rain,Null
1756021,5918605,11165,,515500,0,,0,1,,East,2008/2009,SH 16,BOND OBR,,Non-Injury Crash,Yes,2009,,West,,0,,Flat,,,,,,Dark,418600,0,0,0,4,,,0,,,,,,Auckland Region,Nil,2-way,Sealed,,0,0,,100,,On,1,0,,76,Auckland,Unknown,,,,,0,0,Open,0,,,Fine,Null
1764872,5903303,11166,,524604,0,,0,2,,South,2009/2010,ROSCOMMON ROAD,VOGLER DRIVE,,Non-Injury Crash,No,2009,,North,,0,,Flat,,,,,,Overcast,781200,0,0,0,2,,,0,,,,,,Auckland Region,Nil,2-way,Sealed,,0,0,,50,,Off,0,0,,76,Auckland,Nil,,,,,0,0,Urban,0,,,Light rain,Null
1770638,5904591,11167,,523712,0,,0,2,,North,2009/2010,MURPHYS ROAD,REDOUBT ROAD,,Non-Injury Crash,No,2009,,South,,0,,Hill Road,,,,,,Dark,716300,0,0,0,2,,,0,,,,,,Auckland Region,Nil,2-way,Sealed,,0,0,,80,,None,0,0,,76,Auckland,Nil,,,,,0,0,Open,0,,,Fine,Null
1692784,5674406,11168,,552500,0,1,0,1,0,South,2009/2010,PARSONS ST,GLENPARK AVENUE,,Non-Injury Crash,No,2009,0,South,0,0,0,Hill Road,0,,0,,1,Bright sun,1570302,0,0,0,2,0,0,0,0,0,,0,0,Taranaki Region,Bridge,2-way,Sealed,0,0,0,0,50,0,Null,0,0,,33,New Plymouth District,Nil,0,0,0,0,0,0,Urban,0,0,0,Fine,Null
1770539,5911251,11169,,523109,0,,0,1,,West,2008/2009,TI RAKAU DRIVE,CHAPEL ROAD,,Non-Injury Crash,No,2009,,West,,0,,Flat,,,,,,Bright sun,711709,0,0,0,3,,,0,,,,,,Auckland Region,Nil,2-way,Sealed,,0,0,,50,,Off,1,0,,76,Auckland,Nil,,,,,0,0,Urban,0,,,Fine,Null
1700924,5668155,11170,,552701,0,0,0,1,0,North,2008/2009,UPLAND ROAD,SH 3,,Non-Injury Crash,No,2009,0,North,0,0,1,Flat,0,,0,,0,Bright sun,1608800,0,0,0,2,0,0,0,0,0,,0,0,Taranaki Region,Nil,2-way,Sealed,0,0,0,0,100,0,Null,0,0,,33,New Plymouth District,Nil,0,0,0,0,0,0,Open,0,0,0,Fine,Null
1757180,5919858,11171,,514103,0,,0,2,,Null,2009/2010,QUEEN ST,MAYORAL DRIVE,,Non-Injury Crash,No,2009,,South,,0,,Flat,,,,,,Dark,436100,0,0,0,2,,,0,,,,,,Auckland Region,Nil,2-way,Sealed,,0,0,,50,,On,0,0,,76,Auckland,Traffic Signals,,,,,0,0,Urban,0,,,Fine,Null
1771660,5912965,11172,,523106,0,,0,2,,Null,2008/2009,WHITFORD ROAD,MEADOWLAND DRIVE,,Non-Injury Crash,No,2009,,North,,0,,Hill Road,,Easter,,,,Twilight,711114,0,0,0,2,,,0,,,,,,Auckland Region,Nil,2-way,Sealed,,0,0,,50,,On,0,0,,76,Auckland,Give way,,,,,0,0,Urban,0,,,Fine,Null
1756478,5927262,11173,,507900,0,,0,2,,East,2008/2009,NORTHCOTE ROAD,NORTHCOTE ON SBD,,Non-Injury Crash,No,2009,,West,,0,,Flat,,,,,,Bright sun,303502,0,0,0,6,,,0,,,,,,Auckland Region,Nil,2-way,Sealed,,0,0,,50,,Null,0,0,,76,Auckland,Unknown,,,,,0,0,Urban,0,,,Fine,Null
1882978,5776115,11174,,539200,0,,0,2,,North,2008/2009,SH 5,BIDOIS ROAD,,Non-Injury Crash,Yes,2009,,South,,0,,Flat,,,,,,Overcast,1220900,0,0,0,4,,,0,,,,,,Bay of Plenty Region,Nil,2-way,Sealed,,0,0,,50,,Off,0,0,,24,Rotorua District,Give way,,,,,0,0,Urban,0,,,Heavy rain,Null
1622932,5429395,11175,,583300,0,0,0,2,0,Null,2008/2009,Z CPK NELSON HOSPITAL,WAIMEA/FRANKLYN,,Non-Injury Crash,No,2009,0,West,0,0,0,Flat,0,,0,,0,Bright sun,2324800,0,0,0,0,0,0,0,0,1,,0,0,Nelson Region,Nil,Off road,Sealed,0,0,0,0,50,0,Null,0,0,,52,Nelson City,Nil,0,0,0,0,0,0,Urban,0,0,0,Fine,Null
1754325,5916747,11176,,517600,0,,0,2,,Null,2009/2010,ST LUKES ROAD,MORNINGSIDE DRIVE,,Non-Injury Crash,No,2009,,North,,0,,Flat,,,,,,Overcast,535300,0,0,0,6,,,0,,,,,,Auckland Region,Nil,2-way,Sealed,,0,0,,50,,Off,0,0,,76,Auckland,Traffic Signals,,,,,0,0,Urban,0,,,Light rain,Null
1753266,5933081,11177,,508701,0,,0,1,,Null,2009/2010,GREVILLE ON NBD,GREVILLE ROAD,,Non-Injury Crash,Yes,2009,,East,,0,,Flat,,,,,,Bright sun,178900,0,0,1,2,,,0,,,,,,Auckland Region,Nil,2-way,Sealed,,0,0,,50,,Off,0,0,,76,Auckland,Give way,,,,,0,0,Urban,0,,,Fine,Null
1751716,5934572,11178,,508701,0,0,0,1,0,East,2008/2009,GILLS ROAD,DAIRY FLAT HIGHWAY,,Non-Injury Crash,No,2009,0,East,0,0,0,Hill Road,0,,0,,0,Dark,178501,0,0,0,2,0,0,0,1,0,,0,0,Auckland Region,Nil,2-way,Sealed,0,0,0,0,50,0,None,0,0,,76,Auckland,Nil,0,0,0,1,0,0,Urban,0,0,0,Fine,Null
1773211,5445298,11179,,567300,0,,0,2,,Null,2008/2009,FERGUSSON DRIVE,BENZIE AVENUE,,Non-Injury Crash,No,2009,,West,,0,,Flat,,,,,,Bright sun,1892500,0,0,0,2,,,0,,,,,,Wellington Region,Nil,2-way,Sealed,,0,0,,50,,Null,0,0,,45,Upper Hutt City,Give way,,,,,0,0,Urban,0,,,Fine,Null
1756646,5914894,11180,,518302,0,,0,2,,East,2009/2010,LANDSCAPE ROAD,MOUNT EDEN ROAD,,Non-Injury Crash,No,2009,,West,,0,,Hill Road,,,,,,Overcast,558600,0,0,0,2,,,0,,,,,,Auckland Region,Nil,2-way,Sealed,,0,0,,80,,Null,0,0,,76,Auckland,Unknown,,,,,0,0,Open,0,,,Fine,Null
1755528,5924671,11181,,509800,0,,0,1,,Null,2009/2010,ONEWA ROAD,LAKE ROAD,,Non-Injury Crash,No,2009,,East,,0,,Hill Road,,,,,,Dark,360200,0,0,0,4,,,0,,,,,,Auckland Region,Nil,2-way,Sealed,,0,0,,50,,On,0,0,,76,Auckland,Traffic Signals,,,,,1,0,Urban,0,,,Light rain,Null
1875846,5824513,11182,,537100,0,0,0,1,0,Null,2009/2010,WINDSOR ROAD,BELLEVUE ROAD,,Non-Injury Crash,No,2009,0,South,0,0,0,Hill Road,0,Labour Weekend,0,,0,Overcast,1158800,0,0,0,2,0,0,0,0,1,,0,0,Bay of Plenty Region,Nil,2-way,Sealed,0,0,0,0,50,0,Null,0,0,,23,Tauranga City,Give way,0,0,0,0,0,0,Urban,0,0,0,Fine,Null
1680077,5403972,11183,,581230,0,,0,2,,Null,2009/2010,SH 1S,HIGH ST BR,,Non-Injury Crash,Yes,2009,,North,,0,,Flat,,,,,,Overcast,2295000,0,0,0,2,,,0,,,,,,Marlborough Region,Nil,2-way,Sealed,,0,0,,50,,Null,0,0,,53,Marlborough District,Nil,,,,,1,0,Urban,0,,,Fine,Null
1877848,5822106,11184,,538102,0,,0,2,,North,2009/2010,CAMERON ROAD,SEVENTEENTH AVENUE,,Non-Injury Crash,No,2009,,North,,0,,Flat,,,,,,Bright sun,1170700,0,0,0,4,,,0,,,,,,Bay of Plenty Region,Nil,2-way,Sealed,,0,0,,50,,Null,0,0,,23,Tauranga City,Unknown,,,,,0,0,Urban,1,,,Fine,Null
1800725,5813086,11185,,529100,0,,0,2,,South,2009/2010,OHAUPO ROAD,PEMBROKE ST,,Non-Injury Crash,No,2009,,North,,0,,Flat,,,,,,Overcast,930500,0,0,0,2,,,0,,,,,,Waikato Region,Nil,2-way,Sealed,,0,0,,50,,Null,0,0,,16,Hamilton City,Give way,,,,,0,0,Urban,0,,,Fine,Null
1755497,5434594,11186,,569800,0,,0,1,,West,2008/2009,SH 2,PETONE ON SBD,,Non-Injury Crash,Yes,2009,,West,,0,,Flat,,,,,,Bright sun,1922202,0,0,0,2,,,0,,,,,,Wellington Region,Nil,2-way,Sealed,,0,0,,100,,Null,0,0,,46,Lower Hutt City,Nil,,,,,1,0,Open,0,,,Fine,Null
1825499,5827355,11187,,534604,0,0,0,0,0,West,2009/2010,KEREONE ROAD,ROACHE ROAD,,Non-Injury Crash,No,2009,0,East,0,0,0,Flat,0,,0,,0,Dark,1098700,0,0,0,2,0,0,0,0,0,,0,0,Waikato Region,Nil,2-way,Sealed,0,0,0,0,100,0,None,0,0,,15,Matamata-Piako District,Nil,0,0,0,0,0,0,Open,1,0,0,Fine,Null
1744959,5973993,11188,55,506661,0,,0,0,,South,2008/2009,SH 1N,KRAACK ROAD,,Non-Injury Crash,Yes,2009,,South,,0,,Hill Road,,,,,,Bright sun,138900,0,0,0,3,,,0,,,,,,Auckland Region,Nil,2-way,Sealed,,0,0,,80,,Null,0,0,,76,Auckland,Unknown,,,,,1,0,Open,0,,,Fine,Null
1769389,5914569,11189,,522721,0,,0,2,,East,2009/2010,PAKURANGA ROAD,SIR LLOYD DRIVE,,Non-Injury Crash,No,2009,,East,,0,,Flat,,,,,,Bright sun,680727,0,0,0,6,,,0,,,,,,Auckland Region,Nil,2-way,Sealed,,0,0,,50,,Off,0,0,,76,Auckland,Nil,,,,,0,0,Urban,0,,,Fine,Null
1851634,5790541,11190,,535232,0,0,0,1,0,East,2008/2009,SH 5,SH 28 E,,Non-Injury Crash,Yes,2009,0,South,0,0,1,Hill Road,0,,0,,0,Dark,1127601,0,0,0,2,0,0,0,0,0,,0,0,Waikato Region,Nil,2-way,Sealed,0,0,0,0,100,0,None,0,0,,19,South Waikato District,Nil,0,0,0,0,0,0,Open,0,0,0,Light rain,Null
1747797,5911255,11191,,511901,0,,0,1,,Null,2009/2010,TITIRANGI ROAD,GODLEY ROAD,,Non-Injury Crash,No,2009,,South,,0,,Hill Road,,,,,,Overcast,294102,0,0,0,2,,,0,,,,,,Auckland Region,Nil,2-way,Sealed,,0,0,,50,,Off,0,0,,76,Auckland,Give way,,,,,0,0,Urban,1,,,Light rain,Null
1405223,4914908,11192,,604210,0,0,0,1,0,Null,2009/2010,GLEN ROAD,SOUTH ROAD,,Minor Crash,No,2009,0,East,0,0,0,Flat,0,,1,,0,Overcast,2914300,1,0,0,2,0,0,0,0,0,,0,0,Otago Region,Nil,2-way,Sealed,0,0,0,0,50,0,Null,1,0,,71,Dunedin City,Give way,0,0,0,0,0,0,Urban,0,0,0,Fine,Null
1753381,5933265,11193,,508804,0,,0,2,,Null,2009/2010,GREVILLE OFF SBD,GREVILLE ON SBD,,Non-Injury Crash,Yes,2009,,East,,0,,Flat,,,,,,Bright sun,180605,0,0,0,2,,,0,,,,,,Auckland Region,Nil,1-way,Sealed,,0,0,,50,,Off,0,0,,76,Auckland,Give way,,,,,0,0,Urban,0,,,Fine,Null
1766859,5905765,11194,,522302,0,0,0,2,0,East,2009/2010,GREAT SOUTH ROAD,PEMBROKE ST,,Non-Injury Crash,No,2009,0,East,0,0,0,Flat,0,,0,,0,Bright sun,670600,0,0,0,4,0,0,0,0,1,,0,0,Auckland Region,Nil,2-way,Sealed,0,0,0,0,50,0,Off,0,0,,76,Auckland,Nil,0,0,0,0,0,0,Urban,0,0,0,Fine,Null
1862126,5851857,11195,,535700,0,0,0,2,0,East,2009/2010,MARINA WAY,POHUTUKAWA DRIVE,,Non-Injury Crash,No,2009,0,East,0,0,0,Flat,0,,0,,0,Overcast,1180602,0,0,0,2,0,0,0,0,1,,0,0,Bay of Plenty Region,Nil,2-way,Sealed,0,0,0,0,50,0,Off,0,0,,22,Western Bay of Plenty District,Nil,0,0,0,0,0,0,Urban,0,0,0,Heavy rain,Strong wind
1757129,5919723,11196,,514103,0,,0,2,,Null,2009/2010,QUEEN ST,TURNER ST,,Non-Injury Crash,No,2009,,South,,0,,Hill Road,,,,,,Bright sun,436201,0,0,0,4,,,0,,,,,,Auckland Region,Nil,2-way,Sealed,,0,0,,50,,Off,0,0,,76,Auckland,Traffic Signals,,,,,0,0,Urban,0,,,Fine,Null
1743612,5921129,11197,,513631,0,0,0,2,0,East,2009/2010,WAIMUMU ROAD,HEWLETT ROAD,,Non-Injury Crash,No,2009,0,East,0,0,0,Flat,0,,0,,0,Unknown,227305,0,0,0,2,0,0,0,0,1,,0,0,Auckland Region,Nil,2-way,Sealed,0,0,0,0,50,0,Off,0,0,,76,Auckland,Nil,0,0,0,0,0,0,Urban,0,0,0,Fine,Null
1749503,5916293,11198,,514801,0,,0,1,,Null,2009/2010,MEAD ST,MELIORA PLACE,,Non-Injury Crash,No,2009,,West,,0,,Flat,,,,,,Dark,388900,0,0,0,1,,,0,,,,,,Auckland Region,Nil,2-way,Sealed,,0,0,,50,,None,0,0,,76,Auckland,Nil,,,,,0,0,Urban,0,,,Fine,Null
1765061,5910333,11199,,521803,0,0,0,1,0,North,2009/2010,SH 1N,PRINCES OBR,,Non-Injury Crash,Yes,2009,0,South,0,0,0,Flat,1,Labour Weekend,0,,0,Dark,790000,0,0,0,3,0,0,0,0,0,,0,0,Auckland Region,Nil,1-way,Sealed,0,0,0,0,100,0,On,0,0,,76,Auckland,Nil,0,0,0,0,0,0,Open,0,0,0,Fine,Null
1622400,5429419,11200,,583202,0,,0,1,,Null,2009/2010,MOTUEKA ST,VANGUARD ST,,Non-Injury Crash,No,2009,,South,,0,,Flat,,,,,,Twilight,2329900,0,0,0,2,,,0,,,,,,Nelson Region,Nil,2-way,Sealed,,0,0,,50,,Off,0,0,,52,Nelson City,Give way,,,,,0,0,Urban,0,,,Fine,Null
1767625,5904276,11201,,524604,0,,0,2,,West,2009/2010,MANUKAU STATION ROAD,LEYTON WAY,,Non-Injury Crash,No,2009,,East,,0,,Flat,,,,,,Bright sun,780204,0,0,0,4,,,0,,,,,,Auckland Region,Nil,2-way,Sealed,,0,0,,50,,Off,0,0,,76,Auckland,Nil,,,,,0,0,Urban,0,,,Fine,Null
1756663,5913761,11202,,518701,0,,0,2,,Null,2009/2010,MOUNT ALBERT ROAD,MOUNT EDEN ROAD,,Non-Injury Crash,No,2009,,East,,0,,Flat,,,,,,Dark,568300,0,0,0,5,,,0,,,,,,Auckland Region,Nil,2-way,Sealed,,0,0,,50,,On,0,0,,76,Auckland,Traffic Signals,,,,,0,0,Urban,0,,,Fine,Null
1623277,5430690,11203,,582700,0,0,0,2,0,Null,2009/2010,GLOUCESTER ST,VANGUARD ST,,Non-Injury Crash,No,2009,0,North,0,0,0,Flat,0,,0,,0,Overcast,2331500,0,0,0,2,0,0,0,0,1,,0,0,Nelson Region,Nil,2-way,Sealed,0,0,0,0,50,0,Null,0,0,,52,Nelson City,Give way,0,0,0,0,0,0,Urban,0,0,0,Fine,Null
1769375,5911255,11204,,523113,0,,0,2,,South,2009/2010,GREENMOUNT DRIVE,TI RAKAU DRIVE,,Non-Injury Crash,No,2009,,South,,0,,Flat,,,,,,Bright sun,711703,0,0,0,2,,,0,,,,,,Auckland Region,Nil,2-way,Sealed,,0,0,,50,,Null,0,0,,76,Auckland,Unknown,,,,,0,0,Urban,0,,,Fine,Null
1762713,5919090,11205,,516400,0,0,0,2,0,North,2008/2009,KURAHAUPO ST,GODDEN CRESCENT,,Non-Injury Crash,No,2009,0,North,0,0,0,Flat,0,,0,,0,Dark,500500,0,0,0,2,0,0,0,0,1,,0,0,Auckland Region,Nil,2-way,Sealed,0,0,0,0,50,0,On,0,0,,76,Auckland,Unknown,0,0,0,0,0,0,Urban,0,0,0,Fine,Null
1764372,5910082,11206,,521801,0,0,0,2,0,South,2009/2010,CHURCH ST,PRINCES ST,,Non-Injury Crash,No,2009,0,East,0,0,0,Flat,0,,0,,0,Dark,787400,0,0,0,2,0,0,0,0,1,,0,0,Auckland Region,Nil,2-way,Sealed,0,0,0,0,50,0,None,0,0,,76,Auckland,Nil,0,0,0,0,0,0,Urban,0,0,0,Heavy rain,Null
1803327,5550380,11207,,558900,0,0,0,2,0,Null,2008/2009,SH 1N,FAGAN ST,,Non-Injury Crash,Yes,2009,0,North,0,0,0,Flat,0,Easter,0,,0,Twilight,1744100,0,0,0,2,0,0,0,0,1,,0,0,Manawatū-Whanganui Region,Nil,2-way,Sealed,0,0,0,0,50,0,On,0,0,,38,Rangitikei District,Nil,0,0,0,0,0,0,Urban,0,0,0,Fine,Null
1858952,5850242,11208,45,534100,0,0,0,1,1,West,2008/2009,SH 2,ATHENREE ROAD,,Non-Injury Crash,Yes,2009,0,North,0,0,0,Hill Road,0,,0,,0,Overcast,1181100,0,0,0,2,0,0,0,0,0,,0,0,Bay of Plenty Region,Nil,2-way,Sealed,0,0,0,0,100,0,Null,0,0,,22,Western Bay of Plenty District,Unknown,0,0,0,0,0,0,Open,0,0,0,Heavy rain,Null
1820583,5864772,11209,,533901,0,0,0,0,0,West,2009/2010,KAIHERE ROAD,FLAXMILL ROAD,,Non-Injury Crash,No,2009,0,East,1,0,0,Flat,0,,0,,0,Dark,1069600,0,0,0,2,0,0,0,0,0,,0,0,Waikato Region,Nil,2-way,Sealed,0,0,0,0,100,0,None,0,0,,12,Hauraki District,Unknown,0,0,0,0,0,0,Open,1,0,0,Fine,Null
1758601,5916295,11210,,519200,0,,0,1,,West,2009/2010,MARKET ROAD,RANFURLY ROAD,,Non-Injury Crash,No,2009,,East,,0,,Flat,,,,,,Bright sun,615300,0,0,0,2,,,0,,,,,,Auckland Region,Nil,2-way,Sealed,,0,0,,50,,Off,0,0,,76,Auckland,Nil,,,,,1,0,Urban,0,,,Fine,Null
1773136,5896434,11211,,525410,0,,0,2,,Null,2009/2010,PRICTOR ST,CLEVEDON ROAD,,Non-Injury Crash,No,2009,,South,,0,,Flat,,,,,,Overcast,793100,0,0,0,2,,,0,,,,,,Auckland Region,Nil,2-way,Sealed,,0,0,,50,,Null,0,0,,76,Auckland,Stop,,,,,0,0,Urban,0,,,Fine,Null
1719333,6047927,11212,,502700,0,0,0,1,0,North,2008/2009,KAMO ROAD,KING ST,,Non-Injury Crash,No,2009,0,North,0,0,1,Flat,0,,0,,0,Dark,90800,0,0,0,2,0,0,0,0,0,,0,0,Northland Region,Nil,2-way,Sealed,0,0,0,0,50,0,On,0,0,,2,Whangarei District,Nil,0,0,0,0,0,0,Urban,0,0,0,Fine,Null
1876147,5819911,11213,,537601,0,,0,2,,East,2009/2010,CHADWICK ROAD,CAMERON ROAD,,Non-Injury Crash,No,2009,,East,,0,,Flat,,,,,,Overcast,1175400,0,0,0,2,,,0,,,,,,Bay of Plenty Region,Nil,2-way,Sealed,,0,0,,50,,Null,0,0,,23,Tauranga City,Unknown,,,,,0,0,Urban,0,,,Fine,Null
1764846,5439706,11214,,568201,0,0,0,2,0,South,2008/2009,EASTERN HUTT ROAD,ELDON GROVE,,Non-Injury Crash,No,2009,0,South,0,0,0,Flat,0,,0,,0,Bright sun,1937700,0,0,0,2,0,0,0,0,1,,0,0,Wellington Region,Nil,2-way,Sealed,0,0,0,0,50,0,Null,0,0,,46,Lower Hutt City,Nil,0,0,0,0,0,0,Urban,0,0,0,Fine,Null