X,Y,OBJECTID,advisorySpeed,areaUnitID,bicycle,bridge,bus,carStationWagon,cliffBank,crashDirectionDescription,crashFinancialYear,crashLocation1,crashLocation2,crashRoadSideRoad,crashSeverity,crashSHDescription,crashYear,debris,directionRoleDescription,ditch,fatalCount,fence,flatHill,guardRail,holiday,houseOrBuilding,intersection,kerb,light,meshblockId,minorInjuryCount,moped,motorcycle,NumberOfLanes,objectThrownOrDropped,otherObject,otherVehicleType,overBank,parkedVehicle,pedestrian,phoneBoxEtc,postOrPole,region,roadCharacter,roadLane,roadSurface,roadworks,schoolBus,seriousInjuryCount,slipOrFlood,speedLimit,strayAnimal,streetLight,suv,taxi,temporarySpeedLimit,tlaId,tlaName,trafficControl,trafficIsland,trafficSign,train,tree,truck,unknownVehicleType,urban,vanOrUtility,vehicle,waterRiver,weatherA,weatherB
1751579,5914194,11215,,514402,0,,0,2,,West,2009/2010,WOLVERTON ST,BLOCKHOUSE BAY ROAD,,Non-Injury Crash,No,2009,,East,,0,,Flat,,,,,,Bright sun,379403,0,0,0,4,,,0,,,,,,Auckland Region,Nil,2-way,Sealed,,0,0,,50,,Null,0,0,,76,Auckland,Nil,,,,,0,0,Urban,0,,,Fine,Null
1832354,5845349,11216,75,534603,0,0,0,1,1,North,2008/2009,TAUTITI ROAD,ANDREWS ROAD,,Non-Injury Crash,No,2009,0,North,0,0,0,Flat,0,,0,,0,Dark,1105600,0,0,0,2,0,0,0,0,0,,0,0,Waikato Region,Nil,2-way,Sealed,0,0,0,0,100,0,On,0,0,,15,Matamata-Piako District,Unknown,0,0,0,0,0,0,Open,0,0,0,Fine,Null
1767113,5904755,11217,,524604,0,,0,1,,Null,2009/2010,CAVENDISH DRIVE,SHARKEY ST,,Non-Injury Crash,No,2009,,West,,0,,Flat,,,,,,Bright sun,780209,0,0,0,2,,,0,,,,,,Auckland Region,Nil,2-way,Sealed,,0,0,,50,,Off,0,0,,76,Auckland,Give way,,,,,0,0,Urban,1,,,Fine,Null
1802593,5814049,11218,,530300,0,,0,2,,Null,2009/2010,NAYLOR ST,NIXON ST,,Non-Injury Crash,No,2009,,West,,0,,Hill Road,,,,,,Overcast,882300,0,0,0,2,,,0,,,,,,Waikato Region,Nil,2-way,Sealed,,0,0,,50,,Null,0,0,,16,Hamilton City,Give way,,,,,0,0,Urban,0,,,Fine,Null
1691548,5675743,11219,,551501,0,,0,2,,Null,2008/2009,SH 45,BELT ROAD,,Non-Injury Crash,Yes,2009,,West,,0,,Flat,,,,,,Twilight,1581400,0,0,0,2,,,0,,,,,,Taranaki Region,Nil,2-way,Sealed,,0,0,,50,,Off,0,0,,33,New Plymouth District,Stop,,,,,0,0,Urban,1,,,Light rain,Null
1566280,5205250,11220,,586306,0,,0,2,,Null,2008/2009,HIGH ST,LINDON ST,,Non-Injury Crash,No,2009,,West,,0,,Flat,,,,,,Overcast,2442900,0,0,0,2,,,0,,,,,,Canterbury Region,Nil,2-way,Sealed,,0,0,,50,,Null,0,0,,59,Waimakariri District,Give way,,,,,0,0,Urban,0,,,Light rain,Null
1747932,5913620,11221,,511100,0,,0,2,,Null,2008/2009,WEST COAST ROAD,RUA ROAD,,Non-Injury Crash,No,2009,,South,,0,,Hill Road,,,,,,Overcast,286100,0,0,0,2,,,0,,,,,,Auckland Region,Nil,2-way,Sealed,,0,0,,50,,Off,0,0,,76,Auckland,Nil,,,,,0,0,Urban,0,,,Light rain,Null
1800945,5820510,11222,,527009,0,0,0,1,0,Null,2009/2010,HUNTINGTON DRIVE,KESWICK CRESCENT N,,Non-Injury Crash,No,2009,0,North,0,0,0,Flat,0,,0,,0,Dark,952312,0,0,0,2,0,0,0,0,1,,1,0,Waikato Region,Nil,2-way,Sealed,0,0,0,0,50,0,On,0,0,,16,Hamilton City,Give way,0,0,0,0,0,0,Urban,0,0,0,Light rain,Null
1750140,5949369,11223,,505805,0,,0,2,,Null,2008/2009,GRAND DRIVE,MAIRE ROAD,,Non-Injury Crash,No,2009,,East,,0,,Flat,,Queens Birthday,,,,Dark,171910,0,0,0,4,,,0,,,,,,Auckland Region,Nil,2-way,Sealed,,0,0,,50,,On,0,0,,76,Auckland,Traffic Signals,,,,,0,0,Urban,0,,,Light rain,Null
1755993,5917217,11224,,518201,0,,0,2,,Null,2009/2010,DOMINION ROAD,EWINGTON AVENUE,,Non-Injury Crash,No,2009,,South,,0,,Flat,,,,,,Twilight,547900,0,0,0,2,,,0,,,,,,Auckland Region,Nil,2-way,Sealed,,0,0,,50,,On,0,0,,76,Auckland,Give way,,,,,0,0,Urban,0,,,Fine,Null
1745867,5923118,11225,,513530,0,0,0,2,0,East,2008/2009,PIPITEA PLACE,ALLINGTON ROAD,,Non-Injury Crash,No,2009,0,South,0,0,0,Flat,0,,0,,0,Dark,224600,0,0,0,2,0,0,0,0,1,,0,0,Auckland Region,Nil,2-way,Sealed,0,0,0,0,50,0,On,0,0,,76,Auckland,Nil,0,0,0,0,0,0,Urban,0,0,0,Light rain,Null
1767645,5905749,11226,,523601,0,,0,2,,Null,2009/2010,PRESTON ROAD,BOUNDARY ROAD,,Non-Injury Crash,No,2009,,East,,0,,Hill Road,,,,,,Dark,707200,0,0,0,2,,,0,,,,,,Auckland Region,Nil,2-way,Sealed,,0,0,,50,,On,0,0,,76,Auckland,Give way,,,,,0,0,Urban,0,,,Light rain,Null
1810612,5792150,11227,65,527934,0,0,0,0,0,North,2008/2009,CAMBRIDGE ROAD,LONG ROAD,,Non-Injury Crash,No,2009,0,North,0,0,1,Hill Road,0,,0,,0,Bright sun,986700,0,0,0,2,0,0,0,0,0,,0,0,Waikato Region,Nil,2-way,Sealed,0,0,0,0,100,0,Null,1,0,,17,Waipa District,Unknown,0,0,0,0,1,0,Open,0,0,0,Fine,Null
1762132,5909227,11228,,524402,0,,0,4,,East,2009/2010,JAMES FLETCHER DRIVE,SAVILL DRIVE,,Non-Injury Crash,No,2009,,West,,0,,Flat,,,,,,Bright sun,749700,0,0,0,2,,,0,,,,,,Auckland Region,Nil,2-way,Sealed,,0,0,,60,,Off,0,0,,76,Auckland,Nil,,,,,0,0,Urban,0,,,Fine,Null
1790642,5838464,11229,,527402,0,0,0,1,0,South,2009/2010,SH 1N,TREGOWETH LANE,,Non-Injury Crash,Yes,2009,0,South,0,0,0,Flat,0,,0,,0,Bright sun,947300,0,0,0,2,0,0,0,0,0,,0,0,Waikato Region,Nil,2-way,Sealed,0,0,0,0,70,0,Null,0,0,,13,Waikato District,Unknown,0,0,0,1,0,0,Urban,0,0,0,Fine,Null
1769910,5899366,11230,,523911,0,,0,1,,Null,2009/2010,GREAT SOUTH ROAD,SPARTAN ROAD,,Non-Injury Crash,No,2009,,South,,0,,Flat,,,,,,Bright sun,766500,0,0,0,4,,,0,,,,,,Auckland Region,Nil,2-way,Sealed,,0,0,,70,,Null,1,0,,76,Auckland,Stop,,,,,0,0,Urban,0,,,Fine,Null
1765889,5901151,11231,,524711,0,,0,2,,Null,2009/2010,PALLANT ST,BURBANK AVENUE,,Non-Injury Crash,No,2009,,North,,0,,Flat,,Labour Weekend,,,,Bright sun,774900,0,0,0,2,,,0,,,,,,Auckland Region,Nil,2-way,Sealed,,0,0,,50,,Off,0,0,,76,Auckland,Give way,,,,,0,0,Urban,0,,,Fine,Null
1589730,5438750,11232,,581833,0,0,0,1,0,South,2008/2009,MOTUEKA VALLEY HIGHWAY,WAIWHERO ROAD,,Non-Injury Crash,No,2009,0,North,0,0,0,Flat,0,,0,,0,Dark,2372301,0,0,0,2,0,0,0,1,0,,0,0,Tasman Region,Nil,2-way,Sealed,0,0,0,0,100,0,None,0,0,,51,Tasman District,Nil,0,0,0,1,0,0,Open,0,0,0,Fine,Null
1878047,5822374,11233,,538101,0,,0,1,,Null,2008/2009,CAMERON ROAD,SH 2A,,Non-Injury Crash,Yes,2009,,North,,0,,Flat,,,,,,Dark,1168001,0,0,0,6,,,0,,,,,,Bay of Plenty Region,Nil,2-way,Sealed,,0,0,,50,,On,1,0,,23,Tauranga City,Traffic Signals,,,,,0,0,Urban,0,,,Light rain,Null
1774121,5577503,11234,,556700,0,,0,1,,Null,2009/2010,PURNELL ST,JACKSON ST,,Non-Injury Crash,No,2009,,East,,0,,Flat,,,,,,Bright sun,1722500,0,0,0,2,,,0,,,,,,Manawatū-Whanganui Region,Nil,2-way,Sealed,,0,0,,50,,Null,0,0,,37,Whanganui District,Stop,,,,,0,0,Urban,1,,,Fine,Null
1823223,5530986,11235,,562500,0,,0,1,,North,2008/2009,MOHEKE AVENUE,RANGIORA AVENUE,,Non-Injury Crash,No,2009,,South,,0,,Flat,,,,,,Bright sun,1842800,0,0,0,2,,,0,,,,,,Manawatū-Whanganui Region,Nil,2-way,Sealed,,0,0,,50,,Null,0,0,,40,Palmerston North City,Nil,,,,,0,0,Urban,0,,,Fine,Null
1836295,5859970,11236,,534300,0,,0,1,,South,2009/2010,ALBERT ST,STATION ROAD,,Non-Injury Crash,No,2009,,East,,0,,Flat,,,,,,Dark,1070100,0,0,0,2,,,0,,,,,,Waikato Region,Nil,2-way,Sealed,,0,0,,50,,On,0,0,,12,Hauraki District,Nil,,,,,0,0,Urban,0,,,Fine,Null
1820018,5534701,11237,,561901,0,0,0,1,0,Null,2008/2009,SH 54,KAIRANGA BUNNYTHORPE ROAD,,Non-Injury Crash,Yes,2009,0,East,1,0,0,Flat,0,,0,,0,Overcast,1793500,0,0,0,2,0,0,0,0,0,,0,0,Manawatū-Whanganui Region,Nil,2-way,Sealed,0,0,0,0,100,0,Null,0,0,,39,Manawatu District,Stop,0,0,0,0,0,0,Open,0,0,0,Light rain,Null
1743549,5975576,11238,55,506661,0,,0,2,,North,2009/2010,SH 1N,WAIWHIU ROAD,,Non-Injury Crash,Yes,2009,,North,,0,,Hill Road,,,,,,Overcast,138900,0,0,0,2,,,0,,,,,,Auckland Region,Nil,2-way,Sealed,,0,0,,80,,None,0,0,,76,Auckland,Nil,,,,,0,0,Open,0,,,Light rain,Null
1745756,5917427,11239,,510700,0,,0,1,,South,2009/2010,EDMONTON ROAD,TAKAPU ST,,Non-Injury Crash,No,2009,,North,,0,,Flat,,,,,,Bright sun,240000,0,0,0,4,,,0,,,,,,Auckland Region,Nil,2-way,Sealed,,0,0,,50,,None,1,0,,76,Auckland,Give way,,,,,0,0,Urban,0,,,Fine,Null
1750286,5945695,11240,,506001,0,,0,1,,West,2008/2009,FOUNDRY ROAD,MANGA ROAD,,Non-Injury Crash,No,2009,,West,,0,,Hill Road,,,,,,Twilight,175701,0,0,0,2,,,0,,,,,,Auckland Region,Nil,2-way,Sealed,,0,0,,50,,Off,0,0,,76,Auckland,Nil,,,,,1,0,Urban,0,,,Fine,Null
1753160,5931056,11241,,508803,0,,0,2,,East,2008/2009,BARBADOS DRIVE,WREN PLACE,,Non-Injury Crash,No,2009,,North,,0,,Flat,,,,,,Bright sun,180828,0,0,0,2,,,0,,,,,,Auckland Region,Nil,2-way,Sealed,,0,0,,50,,Off,0,0,,76,Auckland,Nil,,,,,0,0,Urban,0,,,Fine,Null
1759018,5912247,11242,,519820,0,0,0,1,0,North,2008/2009,ONEHUNGA MALL,CHURCH ST,,Non-Injury Crash,No,2009,0,North,0,0,0,Flat,0,,0,,0,Bright sun,601100,0,0,0,2,0,0,0,0,1,,0,0,Auckland Region,Nil,2-way,Sealed,0,0,0,0,50,0,Null,0,0,,76,Auckland,Unknown,0,0,0,0,0,0,Urban,1,0,0,Null,Null
1762695,5905699,11243,,524200,0,0,0,2,0,South,2009/2010,SH 20,MASSEY OFF NBD,,Non-Injury Crash,Yes,2009,0,North,0,0,0,Flat,1,,0,,0,Dark,729100,0,0,0,2,0,0,0,0,0,,0,0,Auckland Region,Nil,1-way,Sealed,0,0,0,0,100,0,Off,0,0,,76,Auckland,Nil,0,0,0,0,0,0,Open,0,0,0,Fine,Null
1718877,6045625,11244,,503000,0,,0,2,,Null,2009/2010,CENTRAL AVENUE,SECOND AVENUE,,Non-Injury Crash,No,2009,,South,,0,,Flat,,,,,,Overcast,98300,0,0,0,2,,,0,,,,,,Northland Region,Nil,2-way,Sealed,,0,0,,50,,Off,0,0,,2,Whangarei District,Stop,,,,,0,0,Urban,0,,,Heavy rain,Null
1888679,5806584,11245,,536642,0,,0,2,,North,2008/2009,NO 3 ROAD,SHEARER ROAD,,Non-Injury Crash,No,2009,,North,,0,,Hill Road,,,,,,Bright sun,1207500,0,0,0,2,,,0,,,,,,Bay of Plenty Region,Nil,2-way,Sealed,,0,0,,100,,None,0,0,,22,Western Bay of Plenty District,Nil,,,,,0,0,Open,0,,,Fine,Null
1877798,5826487,11246,,537201,0,0,0,1,0,East,2008/2009,NGATAI ROAD,CRESCENT ROAD W,,Non-Injury Crash,No,2009,0,East,0,0,1,Flat,0,,0,,1,Bright sun,1155601,0,0,0,2,0,0,0,0,0,,0,1,Bay of Plenty Region,Nil,2-way,Sealed,0,0,0,0,50,0,Null,0,0,,23,Tauranga City,Unknown,0,0,0,0,0,0,Urban,0,0,0,Fine,Null
1758866,5436081,11247,,569201,0,,0,1,,South,2008/2009,HERBERT ST,BRIDGE ST,,Non-Injury Crash,No,2009,,North,,0,,Flat,,,,,,Overcast,1925200,0,0,0,2,,,0,,,,,,Wellington Region,Nil,2-way,Sealed,,0,0,,50,,Null,1,0,,46,Lower Hutt City,Nil,,,,,0,0,Urban,0,,,Fine,Null
1772458,5445214,11248,,567300,0,,0,3,,Null,2009/2010,FERGUSSON DRIVE,WHAKATIKI ST,,Non-Injury Crash,No,2009,,West,,0,,Flat,,,,,,Bright sun,1893700,0,0,0,2,,,0,,,,,,Wellington Region,Nil,2-way,Sealed,,0,0,,50,,Null,0,0,,45,Upper Hutt City,Give way,,,,,0,0,Urban,0,,,Fine,Null
1764595,5905903,11249,,524303,0,,0,2,,Null,2009/2010,STATION ROAD,HILLCREST ROAD,,Non-Injury Crash,No,2009,,North,,0,,Flat,,,,,,Bright sun,657500,0,0,0,2,,,0,,,,,,Auckland Region,Nil,2-way,Sealed,,0,0,,50,,Null,0,0,,76,Auckland,Stop,,,,,0,0,Urban,0,,,Fine,Null
1797417,5819467,11250,,528403,0,,0,2,,Null,2009/2010,PUKETE ROAD,VICKERY ST,,Non-Injury Crash,No,2009,,South,,0,,Flat,,,,,,Bright sun,907401,0,0,0,2,,,0,,,,,,Waikato Region,Nil,2-way,Sealed,,0,0,,60,,Null,0,0,,16,Hamilton City,Give way,,,,,0,0,Urban,0,,,Fine,Null
1756979,5914301,11251,,518600,0,0,0,0,0,Null,2009/2010,QUENTIN AVENUE,ST ANDREWS ROAD,,Non-Injury Crash,No,2009,0,South,0,0,0,Hill Road,0,,0,,0,Overcast,564501,0,0,0,2,0,0,0,0,0,,0,1,Auckland Region,Nil,2-way,Sealed,0,0,0,0,50,0,Off,1,0,,76,Auckland,Give way,0,1,0,1,0,0,Urban,0,0,0,Fine,Null
1758801,5917294,11252,,516001,0,,0,2,,North,2009/2010,SH 1N,ST MARKS ON SBD,,Non-Injury Crash,Yes,2009,,South,,0,,Flat,,,,,,Dark,491000,0,0,0,3,,,0,,,,,,Auckland Region,Nil,1-way,Sealed,,0,0,,100,,On,0,0,,76,Auckland,Nil,,,,,0,0,Open,0,,,Fine,Null
1754777,5445016,11253,,571502,0,0,0,2,0,North,2008/2009,THE RAMP ON NBD,THE RAMP,,Non-Injury Crash,Yes,2009,0,North,0,0,0,Flat,0,,0,,0,Overcast,2056639,0,0,0,2,0,0,0,0,0,,0,0,Wellington Region,Nil,2-way,Sealed,0,0,0,0,100,0,Null,0,0,,44,Porirua City,Nil,0,0,0,0,0,0,Open,0,1,0,Fine,Null
1757780,5918197,11254,,515700,0,,0,2,,South,2008/2009,SH 1N,KHYBER PASS OBR,,Non-Injury Crash,Yes,2009,,North,,0,,Flat,,,,,,Dark,443600,0,0,0,4,,,0,,,,,,Auckland Region,Nil,2-way,Sealed,,0,0,,100,,On,0,0,,76,Auckland,Nil,,,,,0,0,Open,0,,,Fine,Null
1759666,5912996,11255,,520000,0,,0,2,,Null,2009/2010,MAYS ROAD,MOUNT SMART ROAD,,Non-Injury Crash,No,2009,,North,,0,,Flat,,,,,,Bright sun,605500,0,0,0,2,,,0,,,,,,Auckland Region,Nil,2-way,Sealed,,0,0,,50,,Off,0,0,,76,Auckland,Give way,,,,,0,0,Urban,0,,,Fine,Null
1753789,5926015,11256,,508610,0,0,0,0,0,Null,2008/2009,GLENFIELD ROAD,ESKDALE ROAD,,Non-Injury Crash,No,2009,0,East,0,0,0,Hill Road,0,,0,,0,Dark,206800,0,0,0,2,0,0,0,0,0,,0,0,Auckland Region,Nil,2-way,Sealed,0,0,0,0,50,0,On,1,0,,76,Auckland,Give way,0,0,0,0,0,0,Urban,1,1,0,Fine,Null
1697566,6036294,11257,,504502,0,0,0,1,0,West,2008/2009,SH 14,OTUHI ROAD,,Non-Injury Crash,Yes,2009,0,West,1,0,0,Flat,0,,0,,0,Overcast,121000,0,0,0,2,0,0,0,0,0,,0,0,Northland Region,Nil,2-way,Sealed,0,0,0,0,100,0,None,0,0,,3,Kaipara District,Nil,0,0,0,0,0,0,Open,0,0,0,Fine,Null
1679072,5403568,11258,,581240,0,0,0,1,0,Null,2009/2010,MONRO ST,BEAVER ROAD,,Non-Injury Crash,No,2009,0,North,0,0,0,Flat,0,,0,,0,Bright sun,2298202,0,0,0,2,0,0,0,0,1,,0,0,Marlborough Region,Nil,2-way,Sealed,0,0,0,0,50,0,Null,1,0,,53,Marlborough District,Give way,0,0,0,0,0,0,Urban,0,0,0,Fine,Null
1800742,5816598,11259,,529900,0,,0,2,,Null,2008/2009,BOUNDARY ROAD,CASEY AVENUE,,Non-Injury Crash,No,2009,,East,,0,,Flat,,,,,,Dark,864000,0,0,0,2,,,0,,,,,,Waikato Region,Nil,2-way,Sealed,,0,0,,50,,On,0,0,,16,Hamilton City,Stop,,,,,0,0,Urban,0,,,Light rain,Null
1976587,5781649,11260,,542906,0,0,0,1,0,South,2008/2009,SH 2,FACTORY ROAD,,Non-Injury Crash,Yes,2009,0,South,1,0,0,Flat,0,,0,,0,Bright sun,1337100,0,0,0,2,0,0,0,1,0,,0,0,Bay of Plenty Region,Bridge,2-way,Sealed,0,0,0,0,100,0,Null,0,0,,27,Ōpōtiki District,Unknown,0,0,0,0,0,0,Open,0,0,0,Fine,Null
1757589,5920741,11261,,514103,0,0,1,0,0,Null,2008/2009,FORT ST,COMMERCE ST,,Non-Injury Crash,No,2009,0,West,0,0,0,Flat,0,,0,,0,Bright sun,438106,0,0,0,2,0,0,0,0,0,,0,0,Auckland Region,Nil,2-way,Sealed,0,0,0,0,50,0,Off,0,0,,76,Auckland,Nil,0,0,0,0,0,0,Urban,1,1,0,Fine,Null
1792540,5876652,11262,,521135,0,,0,1,,North,2009/2010,SH 2,WYATT ROAD,,Non-Injury Crash,Yes,2009,,South,,0,,Hill Road,,,,,,Overcast,843500,0,0,0,2,,,0,,,,,,Waikato Region,Nil,2-way,Sealed,,0,0,,100,,None,0,0,,13,Waikato District,Nil,,,,,0,0,Open,0,,,Mist or Fog,Frost
1775903,5882250,11263,,521160,0,,0,1,,North,2009/2010,SH 1N,MILL OBR,,Non-Injury Crash,Yes,2009,,South,,0,,Hill Road,,,,,,Overcast,827604,0,0,0,2,,,0,,,,,,Auckland Region,Nil,1-way,Sealed,,0,0,,100,,Null,0,0,,76,Auckland,Unknown,,,,,1,0,Open,0,,,Fine,Null
1718447,6041398,11264,,502005,0,0,0,0,0,South,2008/2009,SH 1N,TOE TOE ROAD,,Non-Injury Crash,Yes,2009,0,South,1,0,0,Flat,0,,0,,0,Dark,74704,0,0,0,2,0,0,0,0,0,,0,0,Northland Region,Nil,2-way,Sealed,0,0,0,0,80,0,None,1,0,,2,Whangarei District,Nil,0,0,0,0,0,0,Open,0,0,0,Fine,Null
1755755,5928239,11265,,507900,0,,0,1,,North,2008/2009,WAIRAU ROAD,PORANA ROAD,,Non-Injury Crash,No,2009,,North,,0,,Flat,,,,,,Overcast,305201,0,0,0,4,,,0,,,,,,Auckland Region,Nil,2-way,Sealed,,0,0,,50,,Null,0,0,,76,Auckland,Unknown,,,,,1,0,Urban,1,,,Light rain,Null
1706517,5678867,11266,,551111,0,0,0,1,0,South,2009/2010,WAITARA ROAD,SH 3,,Non-Injury Crash,No,2009,0,North,0,0,1,Flat,0,,0,,0,Overcast,1565600,0,0,0,2,0,0,0,0,0,,0,0,Taranaki Region,Nil,2-way,Sealed,0,0,0,0,100,0,Null,0,0,,33,New Plymouth District,Nil,0,0,0,0,0,0,Open,0,0,0,Fine,Null
1819494,5576134,11267,,558700,0,,0,0,,Null,2008/2009,SH 1N,HIGH ST,,Non-Injury Crash,Yes,2009,,South,,0,,Flat,,,,,,Bright sun,1728700,0,0,0,2,,,0,,,,,,Manawatū-Whanganui Region,Nil,2-way,Sealed,,0,0,,50,,Null,0,0,,38,Rangitikei District,Stop,,,,,1,0,Urban,0,,,Fine,Null
1767639,5910391,11268,,523112,0,,0,2,,Null,2008/2009,RA ORA DRIVE,HIGHBROOK ROAD,,Non-Injury Crash,No,2009,,North,,0,,Flat,,,,,,Overcast,711405,0,0,0,2,,,0,,,,,,Auckland Region,Nil,2-way,Sealed,,0,0,,50,,Off,0,0,,76,Auckland,Give way,,,,,0,0,Urban,0,,,Fine,Null
1748541,5427484,11269,,573101,0,,0,1,,North,2008/2009,WILLIS ST,DIXON ST,,Non-Injury Crash,No,2009,,North,,0,,Flat,,,,,,Bright sun,2131300,0,0,1,2,,,0,,,,,,Wellington Region,Nil,2-way,Sealed,,0,0,,50,,Null,0,0,,47,Wellington City,Nil,,,,,0,0,Urban,0,,,Fine,Null
1844002,5791953,11270,,535250,0,0,0,1,0,East,2008/2009,SH 5,SH 1N,,Non-Injury Crash,Yes,2009,0,East,0,0,0,Flat,0,,0,,0,Dark,1127300,0,0,0,2,0,0,0,0,0,,0,0,Waikato Region,Nil,2-way,Sealed,0,0,0,0,100,0,None,0,0,,19,South Waikato District,Unknown,0,0,0,0,0,0,Open,0,0,0,Light rain,Null
1755366,5935026,11271,,507101,0,,0,2,,South,2009/2010,NIGEL ROAD,GLENCOE ROAD,,Non-Injury Crash,No,2009,,South,,0,,Hill Road,,,,,,Bright sun,161900,0,0,0,2,,,0,,,,,,Auckland Region,Nil,2-way,Sealed,,0,0,,50,,Off,0,0,,76,Auckland,Nil,,,,,0,0,Urban,0,,,Fine,Null
1719945,6045408,11272,,503100,0,,0,2,,Null,2008/2009,REYBURN ST,HEREKINO ST,,Non-Injury Crash,No,2009,,South,,0,,Flat,,,,,,Bright sun,99904,0,0,0,2,,,0,,,,,,Northland Region,Nil,2-way,Sealed,,0,0,,50,,Null,0,0,,2,Whangarei District,Give way,,,,,0,0,Urban,0,,,Fine,Null
1764302,5908902,11273,,521802,0,,0,1,,South,2008/2009,GREAT SOUTH ROAD,MANGERE ROAD,,Non-Injury Crash,No,2009,,North,,0,,Flat,,,,,,Dark,789401,0,0,0,2,,,0,,,,,,Auckland Region,Nil,2-way,Sealed,,0,0,,50,,On,0,0,,76,Auckland,Nil,,,,,1,0,Urban,0,,,Fine,Null
1760285,5915378,11274,,519400,0,,0,2,,Null,2009/2010,CAMPBELL ROAD,GREAT SOUTH ROAD,,Non-Injury Crash,No,2009,,East,,0,,Flat,,,,,,Bright sun,617400,0,0,0,4,,,0,,,,,,Auckland Region,Nil,2-way,Sealed,,0,0,,50,,Off,0,0,,76,Auckland,Traffic Signals,,,,,0,0,Urban,0,,,Fine,Null
1756738,5927462,11275,,507900,0,,0,2,,East,2009/2010,TAHAROTO ROAD,NORTHCOTE ROAD,,Non-Injury Crash,No,2009,,West,,0,,Flat,,,,,,Bright sun,303502,0,0,0,3,,,0,,,,,,Auckland Region,Nil,2-way,Sealed,,0,0,,50,,Off,0,0,,76,Auckland,Traffic Signals,,,,,0,0,Urban,0,,,Fine,Null
1750489,5426896,11276,,576700,0,0,0,1,0,West,2009/2010,LOOKOUT ROAD,THANE ROAD,,Non-Injury Crash,No,2009,0,East,0,0,0,Hill Road,0,,0,,0,Overcast,2183901,0,0,0,2,0,0,0,0,1,,0,0,Wellington Region,Nil,2-way,Sealed,0,0,0,0,50,0,Null,0,0,,47,Wellington City,Nil,0,0,0,0,0,0,Urban,1,0,0,Light rain,Null
1768318,5884975,11277,,521111,0,,0,2,,North,2009/2010,CROWN ROAD,TUHIMATA ROAD,,Non-Injury Crash,No,2009,,South,,0,,Flat,,,,,,Overcast,813502,0,0,0,2,,,0,,,,,,Auckland Region,Nil,2-way,Sealed,,0,0,,70,,None,0,0,,76,Auckland,Give way,,,,,0,0,Urban,0,,,Light rain,Null
1752196,5929141,11278,,508411,0,0,0,1,0,South,2009/2010,BAYVIEW ROAD,LYNN ROAD,,Non-Injury Crash,No,2009,0,East,0,0,0,Hill Road,0,,0,,0,Bright sun,185001,0,0,0,2,0,0,0,0,0,,0,0,Auckland Region,Nil,2-way,Sealed,0,0,0,0,50,0,Null,1,0,,76,Auckland,Unknown,0,0,0,0,0,0,Urban,0,1,0,Fine,Null
1906477,5572276,11279,,549100,0,,0,2,,North,2008/2009,SH 2,RUATANIWHA ST,,Non-Injury Crash,Yes,2009,,North,,0,,Flat,,,,,,Bright sun,1517500,0,0,0,2,,,0,,,,,,Hawke's Bay Region,Nil,2-way,Sealed,,0,0,,50,,Null,0,0,,32,Central Hawke's Bay District,Nil,,,,,0,0,Urban,0,,,Fine,Null
1754570,5928791,11280,,508320,0,0,0,1,0,Null,2009/2010,ASHFIELD ROAD,COLWAY PLACE,,Non-Injury Crash,No,2009,0,North,0,0,0,Flat,0,,0,,0,Overcast,196600,0,0,0,2,0,0,0,0,0,,0,0,Auckland Region,Nil,2-way,Sealed,0,0,0,0,50,0,Null,0,0,,76,Auckland,Give way,0,1,0,0,0,0,Urban,0,0,0,Light rain,Null
1708693,6032670,11281,,501809,0,,0,2,,West,2008/2009,TANGIHUA ROAD,TAURAROA ROAD,,Non-Injury Crash,No,2009,,East,,0,,Flat,,,,,,Bright sun,75300,0,0,0,2,,,0,,,,,,Northland Region,Nil,2-way,Sealed,,0,0,,50,,Off,0,0,,2,Whangarei District,Nil,,,,,0,0,Urban,0,,,Fine,Null
1802907,5562286,11282,,559500,0,0,0,1,0,South,2009/2010,BROADWAY,SIGNAL ST,,Non-Injury Crash,No,2009,0,South,0,0,0,Flat,0,,0,,0,Bright sun,1735600,0,0,0,2,0,0,0,0,1,,0,0,Manawatū-Whanganui Region,Nil,2-way,Sealed,0,0,0,0,50,0,Null,0,0,,38,Rangitikei District,Nil,0,0,0,0,1,0,Urban,0,0,0,Fine,Null
1798090,5738672,11283,,531800,0,0,0,0,0,West,2008/2009,KOPAKI ROAD,MURPHY ST,,Non-Injury Crash,No,2009,0,North,0,0,0,Flat,0,,0,,0,Dark,1013702,0,0,0,2,0,0,0,0,0,,0,1,Waikato Region,Nil,2-way,Sealed,0,0,0,0,100,0,None,0,0,30,20,Waitomo District,Unknown,0,0,0,0,1,0,Open,0,0,0,Fine,Null
1765480,5918745,11284,,516900,0,,0,2,,Null,2009/2010,ASHBY AVENUE,ST HELIERS BAY ROAD,,Non-Injury Crash,No,2009,,North,,0,,Flat,,,,,,Bright sun,465400,0,0,0,2,,,0,,,,,,Auckland Region,Nil,2-way,Sealed,,0,0,,50,,Off,0,0,,76,Auckland,Traffic Signals,,,,,0,0,Urban,0,,,Fine,Null