X,Y,OBJECTID,advisorySpeed,areaUnitID,bicycle,bridge,bus,carStationWagon,cliffBank,crashDirectionDescription,crashFinancialYear,crashLocation1,crashLocation2,crashRoadSideRoad,crashSeverity,crashSHDescription,crashYear,debris,directionRoleDescription,ditch,fatalCount,fence,flatHill,guardRail,holiday,houseOrBuilding,intersection,kerb,light,meshblockId,minorInjuryCount,moped,motorcycle,NumberOfLanes,objectThrownOrDropped,otherObject,otherVehicleType,overBank,parkedVehicle,pedestrian,phoneBoxEtc,postOrPole,region,roadCharacter,roadLane,roadSurface,roadworks,schoolBus,seriousInjuryCount,slipOrFlood,speedLimit,strayAnimal,streetLight,suv,taxi,temporarySpeedLimit,tlaId,tlaName,trafficControl,trafficIsland,trafficSign,train,tree,truck,unknownVehicleType,urban,vanOrUtility,vehicle,waterRiver,weatherA,weatherB
1884909,5774711,11285,,540300,0,,0,2,,Null,2008/2009,LAKE ROAD,RANGIURU ST,,Non-Injury Crash,No,2009,,West,,0,,Flat,,,,,,Dark,1231700,0,0,0,2,,,0,,,,,,Bay of Plenty Region,Nil,2-way,Sealed,,0,0,,50,,On,0,0,,24,Rotorua District,Give way,,,,,0,0,Urban,0,,,Light rain,Null
1839810,5777396,11286,,535250,0,0,0,1,0,South,2008/2009,OLD TAUPO ROAD,WAOTU ROAD,,Non-Injury Crash,No,2009,0,North,0,0,1,Flat,0,Queens Birthday,0,,0,Bright sun,1126700,0,0,0,2,0,0,0,0,0,,0,0,Waikato Region,Nil,2-way,Sealed,0,0,0,0,100,0,Off,0,0,,19,South Waikato District,Nil,0,0,0,0,0,0,Open,0,0,0,Null,Null
1769974,5898440,11287,,523920,0,,0,2,,Null,2009/2010,BRYLEE DRIVE,WALTER STREVENS DRIVE,,Non-Injury Crash,No,2009,,South,,0,,Flat,,,,,,Bright sun,767911,0,0,0,2,,,0,,,,,,Auckland Region,Nil,2-way,Sealed,,0,0,,50,,Off,0,0,,76,Auckland,Give way,,,,,0,0,Urban,0,,,Fine,Null
1748721,5430890,11288,,574600,0,0,0,1,0,North,2008/2009,FERNHILL TERRACE,PITT ST,,Non-Injury Crash,No,2009,0,North,0,0,0,Flat,0,,0,,0,Bright sun,2099902,0,0,1,1,0,0,0,0,1,,0,0,Wellington Region,Nil,2-way,Sealed,0,0,0,0,50,0,Null,0,0,,47,Wellington City,Nil,0,0,0,0,0,0,Urban,0,0,0,Fine,Null
1406590,4919477,11289,,603400,0,0,0,3,0,West,2008/2009,SH 1S,PINE HILL ROAD,,Non-Injury Crash,Yes,2009,0,East,0,0,0,Flat,0,,0,,0,Bright sun,2875800,0,0,0,2,0,0,0,0,1,,0,0,Otago Region,Nil,1-way,Sealed,0,0,0,0,50,0,Null,0,0,,71,Dunedin City,Unknown,0,0,0,0,0,0,Urban,0,0,0,Fine,Null
1766277,5899749,11290,,524822,0,,0,2,,West,2009/2010,PALMERS ROAD,WEYMOUTH ROAD,,Non-Injury Crash,No,2009,,East,,0,,Hill Road,,,,,,Overcast,774431,0,0,0,2,,,0,,,,,,Auckland Region,Nil,2-way,Sealed,,0,0,,50,,Null,0,0,,76,Auckland,Give way,,,,,0,0,Urban,0,,,Light rain,Null
1760597,5908395,11291,,524403,0,0,0,2,0,West,2009/2010,HALL AVENUE,ROBERTSON ROAD,,Non-Injury Crash,No,2009,0,North,0,0,0,Flat,0,,0,,0,Dark,729903,0,0,0,2,0,0,0,0,0,,0,0,Auckland Region,Nil,2-way,Sealed,0,0,0,0,50,0,On,0,0,,76,Auckland,Stop,0,0,0,0,0,0,Urban,0,1,0,Fine,Null
1868503,5711500,11292,,541740,0,0,0,1,0,North,2009/2010,LAKE TERRACE,NAPIER ROAD,,Non-Injury Crash,No,2009,0,West,0,0,1,Hill Road,0,,1,,0,Dark,1267400,0,0,0,2,0,0,0,0,0,,0,0,Waikato Region,Nil,2-way,Sealed,0,0,0,0,50,0,On,0,0,,21,Taupo District,Unknown,0,0,0,0,0,0,Urban,0,0,0,Fine,Null
1718426,6044179,11293,,503500,0,,0,1,,Null,2009/2010,SH 1N,RAUMANGA VALLEY ROAD,,Non-Injury Crash,Yes,2009,,North,,0,,Flat,,,,,,Bright sun,108200,0,0,0,2,,,0,,,,,,Northland Region,Nil,2-way,Sealed,,0,0,,50,,Off,1,0,,2,Whangarei District,Give way,,,,,0,0,Urban,0,,,Fine,Null
1785512,5447496,11294,,567902,0,,0,1,,South,2008/2009,SH 2,MARCHANT ROAD,,Non-Injury Crash,Yes,2009,,North,,0,,Hill Road,,,,,,Overcast,1916300,0,0,0,2,,,0,,,,,,Wellington Region,Nil,2-way,Sealed,,0,0,,100,,Null,0,0,,45,Upper Hutt City,Nil,,,,,1,0,Open,0,,,Light rain,Null
1747228,5920572,11295,,512300,0,0,0,0,0,Null,2009/2010,TE ATATU ROAD,GLORIA AVENUE,,Non-Injury Crash,No,2009,0,South,0,0,0,Flat,0,,0,,0,Dark,252000,0,0,0,4,0,0,0,0,0,,0,0,Auckland Region,Nil,2-way,Sealed,0,0,0,0,50,0,On,1,0,,76,Auckland,Give way,1,0,0,0,0,0,Urban,0,0,0,Fine,Null
1759232,5435881,11296,,569100,0,,0,2,,Null,2008/2009,RAILWAY AVENUE,WOBURN ROAD,,Non-Injury Crash,No,2009,,South,,0,,Flat,,,,,,Bright sun,1966200,0,0,0,2,,,0,,,,,,Wellington Region,Nil,2-way,Sealed,,0,0,,50,,Null,0,0,,46,Lower Hutt City,Give way,,,,,0,0,Urban,0,,,Fine,Null
1747497,5919542,11297,,512402,0,0,0,2,0,Null,2009/2010,SH 16,TE ATATU OFF WBD,,Non-Injury Crash,Yes,2009,0,West,0,0,0,Flat,0,,0,,0,Dark,253700,0,0,0,2,0,0,0,0,0,,0,0,Auckland Region,Nil,2-way,Sealed,0,0,0,0,100,0,On,0,0,,76,Auckland,Nil,0,0,0,0,0,0,Open,0,1,0,Light rain,Null
1798474,5817900,11298,,528700,0,,0,2,,Null,2009/2010,TE RAPA ROAD,VARDON ROAD,,Non-Injury Crash,No,2009,,South,,0,,Flat,,,,,,Overcast,900100,0,0,0,5,,,0,,,,,,Waikato Region,Nil,2-way,Sealed,,0,0,,60,,Off,0,0,,16,Hamilton City,Traffic Signals,,,,,0,0,Urban,0,,,Fine,Null
1789463,5495455,11299,,564021,0,,0,0,,North,2008/2009,SH 1N,KUKU BEACH ROAD,,Non-Injury Crash,Yes,2009,,South,,0,,Flat,,,,,,Overcast,1859100,0,0,0,2,,,0,,,,,,Manawatū-Whanganui Region,Nil,2-way,Sealed,,0,0,,100,,Null,1,0,,42,Horowhenua District,Nil,,,,,0,0,Open,1,,,Fine,Null
1751843,5946863,11300,,506001,0,,0,1,,West,2009/2010,WHANGAPARAOA ROAD,RED BEACH ROAD,,Non-Injury Crash,No,2009,,East,,0,,Flat,,,,,,Bright sun,175501,0,0,0,3,,,0,,,,,,Auckland Region,Nil,2-way,Sealed,,0,0,,70,,Null,0,0,,76,Auckland,Unknown,,,,,1,0,Urban,0,,,Fine,Null
1744456,5913744,11301,,512906,0,,0,1,,East,2008/2009,WEST COAST ROAD,SHAW ROAD,,Non-Injury Crash,No,2009,,West,,0,,Hill Road,,,,,,Dark,278601,0,0,0,2,,,0,,,,,,Auckland Region,Nil,2-way,Sealed,,0,0,,50,,None,0,0,,76,Auckland,Nil,,,,,1,0,Urban,0,,,Fine,Null
1840833,5920025,11302,,533000,1,,0,1,,Null,2008/2009,COOK DRIVE,JOAN GASKELL DRIVE,,Non-Injury Crash,No,2009,,East,,0,,Flat,,,,,,Bright sun,1046019,0,0,0,2,,,0,,,,,,Waikato Region,Nil,2-way,Sealed,,0,0,,50,,Off,0,0,,11,Thames-Coromandel District,Give way,,,,,0,0,Urban,0,,,Fine,Null
1691976,5675905,11303,,551900,0,,0,2,,Null,2008/2009,DEVON ST WEST,MORLEY ST,,Non-Injury Crash,No,2009,,East,,0,,Flat,,,,,,Bright sun,1588900,0,0,0,2,,,0,,,,,,Taranaki Region,Nil,2-way,Sealed,,0,0,,50,,Null,0,0,,33,New Plymouth District,Traffic Signals,,,,,0,0,Urban,0,,,Fine,Null
1876573,5819597,11304,,537601,0,,0,2,,West,2008/2009,CHADWICK ROAD,OROPI ROAD,,Non-Injury Crash,No,2009,,West,,0,,Flat,,,,,,Bright sun,1176000,0,0,0,2,,,0,,,,,,Bay of Plenty Region,Nil,2-way,Sealed,,0,0,,50,,Null,0,0,,23,Tauranga City,Unknown,,,,,0,0,Urban,0,,,Fine,Null
1753836,5443071,11305,,570800,0,,0,0,,Null,2009/2010,KENEPURU DRIVE,RAIHA ST,,Non-Injury Crash,No,2009,,North,,0,,Flat,,,,,,Bright sun,2053105,0,0,0,2,,,0,,,,,,Wellington Region,Nil,2-way,Sealed,,0,0,,50,,Null,1,0,,44,Porirua City,Give way,,,,,0,0,Urban,1,,,Fine,Null
1692814,5676279,11306,,551800,0,0,0,2,0,Null,2008/2009,BROUGHAM ST,KING ST,,Non-Injury Crash,No,2009,0,East,0,0,0,Flat,0,,0,,0,Dark,1592400,0,0,0,2,0,0,0,0,1,,0,0,Taranaki Region,Nil,2-way,Sealed,0,0,0,0,50,0,On,0,0,,33,New Plymouth District,Give way,0,0,0,0,0,0,Urban,0,0,0,Fine,Null
1406962,4917208,11307,,603100,0,,0,1,,Null,2009/2010,HANOVER ST,HARROW ST,,Minor Crash,No,2009,,West,,0,,Flat,,,,,,Twilight,2901900,2,0,0,2,,,0,,,,,,Otago Region,Nil,2-way,Sealed,,0,0,,50,,On,1,0,,71,Dunedin City,Stop,,,,,0,0,Urban,0,,,Fine,Null
1763928,5907302,11308,,522201,0,,0,1,,North,2008/2009,HOSPITAL ROAD,MIDDLEMORE CRESCENT,,Non-Injury Crash,No,2009,,North,,0,,Flat,,,,,,Overcast,660700,0,0,0,2,,,0,,,,,,Auckland Region,Nil,2-way,Sealed,,0,0,,50,,Null,0,0,,76,Auckland,Unknown,,,,,0,0,Urban,1,,,Light rain,Null
1744072,5914829,11309,,513013,0,0,0,0,0,South,2009/2010,PINE AVENUE,FOREST HILL ROAD,,Non-Injury Crash,No,2009,0,West,0,0,1,Hill Road,0,,0,,0,Dark,281202,0,0,0,2,0,0,0,0,0,,0,0,Auckland Region,Nil,2-way,Sealed,0,0,0,0,50,0,On,0,0,,76,Auckland,Nil,0,0,0,0,0,0,Urban,1,0,0,Light rain,Null
1757874,5914455,11310,,518600,0,,0,2,,West,2009/2010,SELWYN ROAD,PAH ROAD,,Non-Injury Crash,No,2009,,East,,0,,Flat,,,,,,Bright sun,565800,0,0,0,2,,,0,,,,,,Auckland Region,Nil,2-way,Sealed,,0,0,,50,,Off,0,0,,76,Auckland,Nil,,,,,0,0,Urban,0,,,Null,Null
1885167,5773525,11311,,540420,0,,0,1,,South,2008/2009,FENTON ST,TE NGAE ROAD,,Non-Injury Crash,No,2009,,South,,0,,Flat,,,,,,Bright sun,1236500,0,0,0,4,,,0,,,,,,Bay of Plenty Region,Nil,2-way,Sealed,,0,0,,50,,Off,1,0,,24,Rotorua District,Nil,,,,,0,0,Urban,0,,,Fine,Null
1800651,5815451,11312,,529700,0,0,0,1,0,Null,2009/2010,BRYCE ST,ANGLESEA ST,,Non-Injury Crash,No,2009,0,North,0,0,0,Flat,0,,0,,0,Dark,910900,0,0,0,2,0,0,0,0,0,,0,0,Waikato Region,Nil,2-way,Sealed,0,0,0,0,50,0,On,0,0,,16,Hamilton City,Traffic Signals,0,1,0,0,0,0,Urban,0,0,0,Fine,Null
1894517,5736853,11313,,538841,0,,0,1,,Null,2008/2009,SANGRO ROAD,RAWHITI ROAD,,Non-Injury Crash,No,2009,,West,,0,,Flat,,,,,,Bright sun,1261002,0,0,0,2,,,0,,,,,,Waikato Region,Nil,2-way,Sealed,,0,0,,100,,Off,1,0,,24,Rotorua District,Give way,,,,,0,0,Open,0,,,Fine,Null
1768912,5905844,11314,,523721,0,,0,1,,South,2009/2010,TE IRIRANGI DRIVE,DAWSON ROAD,,Non-Injury Crash,No,2009,,South,,0,,Flat,,,,,,Bright sun,715605,0,0,0,4,,,0,,,,,,Auckland Region,Nil,2-way,Sealed,,0,0,,50,,Null,0,0,,76,Auckland,Unknown,,,,,0,0,Urban,1,,,Fine,Null
1767976,5900449,11315,,525001,0,0,0,1,0,Null,2008/2009,WEYMOUTH ROAD,CLENDON PLACE,,Non-Injury Crash,No,2009,0,East,0,0,0,Hill Road,0,,0,,0,Bright sun,752202,0,0,0,2,0,0,0,0,0,,0,1,Auckland Region,Nil,2-way,Sealed,0,0,0,0,50,0,Null,0,0,,76,Auckland,Nil,0,0,0,0,0,0,Urban,0,0,0,Fine,Null
1766904,5907645,11316,,523602,0,,0,1,,Null,2008/2009,EAST TAMAKI ROAD,BAIRDS ROAD,,Non-Injury Crash,No,2009,,West,,0,,Flat,,,,,,Dark,709300,0,0,0,4,,,0,,,,,,Auckland Region,Nil,2-way,Sealed,,0,0,,50,,On,0,0,,76,Auckland,Traffic Signals,,,,,0,0,Urban,1,,,Fine,Null
1754623,5933165,11317,,508805,0,,0,2,,Null,2008/2009,ROSEDALE ROAD,GRAHAM COLLINS DRIVE,,Non-Injury Crash,No,2009,,West,,0,,Hill Road,,,,,,Bright sun,180867,0,0,0,2,,,0,,,,,,Auckland Region,Nil,2-way,Sealed,,0,0,,50,,Null,0,0,,76,Auckland,Nil,,,,,0,0,Urban,0,,,Fine,Null
1786421,5891154,11318,,521132,0,,0,2,,Null,2009/2010,HUNUA ROAD,HEAD ROAD,,Non-Injury Crash,No,2009,,South,,0,,Flat,,,,,,Bright sun,815900,0,0,0,2,,,0,,,,,,Auckland Region,Nil,2-way,Sealed,,0,0,,100,,None,0,0,,76,Auckland,Nil,,,,,0,0,Open,0,,,Fine,Null
2038631,5707400,11319,,544801,0,,0,2,,Null,2008/2009,SH 35,CRAWFORD ROAD,,Non-Injury Crash,Yes,2009,,North,,0,,Flat,,,,,,Bright sun,1384700,0,0,0,2,,,0,,,,,,Gisborne Region,Nil,2-way,Sealed,,0,0,,50,,Null,0,0,,28,Gisborne District,Give way,,,,,0,0,Urban,0,,,Fine,Null
1766325,5901675,11320,,524604,0,,0,1,,Null,2009/2010,ROWANDALE AVENUE,BROWNS ROAD,,Non-Injury Crash,No,2009,,North,,0,,Flat,,,,,,Bright sun,781400,0,0,0,2,,,0,,,,,,Auckland Region,Nil,2-way,Sealed,,0,0,,50,,Off,0,0,,76,Auckland,Traffic Signals,,,,,0,0,Urban,1,,,Fine,Null
1288441,5006308,11321,,609031,0,,0,1,,North,2008/2009,SH 6,GENTLE ANNIE,,Non-Injury Crash,Yes,2009,,North,,0,,Flat,,,,,,Overcast,3039900,0,0,0,2,,,0,,,,,,Otago Region,Nil,2-way,Sealed,,0,0,,100,,Null,0,0,,70,Queenstown-Lakes District,Unknown,,,,,0,0,Open,0,,,Heavy rain,Null
1765455,5907125,11322,,522201,0,,0,0,,Null,2009/2010,GREAT SOUTH ROAD,SHIRLEY ROAD,,Non-Injury Crash,No,2009,,South,,0,,Flat,,,,,,Unknown,662300,0,0,0,2,,,0,,,,,,Auckland Region,Nil,2-way,Sealed,,0,0,,50,,Off,1,0,,76,Auckland,Traffic Signals,,,,,0,0,Urban,1,,,Fine,Null
1786011,5748695,11323,,531731,0,,0,2,,South,2009/2010,SH 3,MARAETAUA ROAD,,Non-Injury Crash,Yes,2009,,North,,0,,Hill Road,,,,,,Overcast,1011000,0,0,0,2,,,0,,,,,,Waikato Region,Nil,2-way,Sealed,,0,0,,100,,Null,0,0,,20,Waitomo District,Unknown,,,,,0,0,Open,0,,,Fine,Null
1876694,5819508,11324,,537601,0,,0,1,,Null,2009/2010,CHADWICK ROAD,FRASER ST,,Non-Injury Crash,No,2009,,South,,0,,Flat,,,,,,Dark,1176000,0,0,1,1,,,0,,,,,,Bay of Plenty Region,Nil,1-way,Sealed,,0,0,,50,,On,0,0,,23,Tauranga City,Give way,,,,,0,0,Urban,0,,,Fine,Null
1887822,5823529,11325,,536516,0,0,0,1,0,West,2009/2010,HAYLEY GROVE,HARTFORD AVENUE,,Non-Injury Crash,No,2009,0,East,0,0,0,Flat,0,,0,,0,Bright sun,1205012,0,0,0,2,0,0,0,0,0,,0,1,Bay of Plenty Region,Nil,2-way,Sealed,0,0,0,0,50,0,Null,0,0,,23,Tauranga City,Unknown,0,0,0,0,0,0,Urban,0,0,0,Fine,Null
1759843,5436560,11326,,569100,0,,0,2,,Null,2008/2009,RUTHERFORD ST,QUEENS DRIVE,,Non-Injury Crash,No,2009,,North,,0,,Flat,,,,,,Bright sun,1967000,0,0,0,4,,,0,,,,,,Wellington Region,Nil,2-way,Sealed,,0,0,,50,,Null,0,0,,46,Lower Hutt City,Give way,,,,,0,0,Urban,0,,,Fine,Null
1758130,5917794,11327,,515700,0,,0,2,,Null,2008/2009,GILLIES AVENUE,GILLIES ON NBD N,,Non-Injury Crash,Yes,2009,,North,,0,,Flat,,,,,,Overcast,443401,0,0,0,3,,,0,,,,,,Auckland Region,Nil,2-way,Sealed,,0,0,,50,,Off,0,0,,76,Auckland,Traffic Signals,,,,,0,0,Urban,0,,,Light rain,Null
1757308,5926843,11328,,507900,0,0,0,2,0,South,2009/2010,FRED THOMAS DRIVE,ANZAC ST,,Non-Injury Crash,No,2009,0,North,0,0,0,Flat,0,Christmas New Year,0,,0,Dark,304000,0,0,0,2,0,0,0,0,1,,0,0,Auckland Region,Nil,2-way,Sealed,0,0,0,0,50,0,On,0,0,,76,Auckland,Nil,0,0,0,0,0,0,Urban,0,0,0,Fine,Null
1932582,5619603,11329,,547001,0,0,0,2,0,North,2008/2009,DURHAM AVENUE,NORFOLK ST,,Non-Injury Crash,No,2009,0,North,0,0,0,Flat,0,,0,,0,Dark,1451700,0,0,0,2,0,0,0,0,1,,0,0,Hawke's Bay Region,Nil,2-way,Sealed,0,0,0,0,50,0,On,0,0,,31,Napier City,Nil,0,0,0,0,0,0,Urban,0,0,0,Fine,Null
1878698,5819258,11330,,537900,0,0,0,1,0,Null,2009/2010,HARRISFIELD DRIVE,ILA PLACE,,Non-Injury Crash,No,2009,0,South,0,0,1,Flat,0,,0,,0,Bright sun,1179505,0,0,0,2,0,1,0,0,0,,0,0,Bay of Plenty Region,Nil,2-way,Sealed,0,0,0,0,50,0,Null,0,0,,23,Tauranga City,Give way,0,0,0,0,0,0,Urban,0,0,0,Fine,Null
1768451,5901155,11331,,525001,0,,0,2,,South,2009/2010,MAICH ROAD,NORTHCREST WAY,,Non-Injury Crash,No,2009,,North,,0,,Flat,,,,,,Bright sun,751400,0,0,0,2,,,0,,,,,,Auckland Region,Nil,2-way,Sealed,,0,0,,50,,Off,0,0,,76,Auckland,Nil,,,,,0,0,Urban,0,,,Fine,Null
1768449,5901423,11332,,524901,0,0,0,1,1,South,2009/2010,GREAT SOUTH ROAD,CORIN AVENUE,,Non-Injury Crash,No,2009,0,North,0,0,0,Flat,0,,0,,0,Dark,756100,0,0,0,2,0,0,0,0,0,,0,0,Auckland Region,Nil,2-way,Sealed,0,0,0,0,50,0,On,0,0,,76,Auckland,Nil,0,0,0,0,0,0,Urban,0,0,0,Fine,Null
1780616,5870972,11333,,526701,0,0,0,1,0,South,2008/2009,MERCER FERRY ROAD,DOUGLAS ROAD,,Non-Injury Crash,No,2009,0,West,0,0,1,Hill Road,0,,0,,0,Dark,844000,0,0,0,2,0,0,0,0,0,,0,0,Waikato Region,Nil,2-way,Unsealed,0,0,0,0,100,0,None,0,0,30,13,Waikato District,Nil,0,0,0,0,0,0,Open,0,0,0,Fine,Null
1755314,5919003,11334,,515420,0,,0,4,,East,2009/2010,WILLIAMSON AVENUE,GROSVENOR ST,,Non-Injury Crash,No,2009,,East,,0,,Hill Road,,,,,,Bright sun,409400,0,0,0,2,,,0,,,,,,Auckland Region,Nil,2-way,Sealed,,0,0,,50,,Off,0,0,,76,Auckland,Nil,,,,,0,0,Urban,0,,,Fine,Null
1758453,5917879,11335,,516001,0,0,0,2,0,West,2008/2009,BALM ST,NUFFIELD ST,,Non-Injury Crash,No,2009,0,East,0,0,0,Flat,0,,0,,0,Bright sun,490701,0,0,0,2,0,0,0,0,1,,0,0,Auckland Region,Nil,2-way,Sealed,0,0,0,0,50,0,Null,0,0,,76,Auckland,Nil,0,0,0,0,0,0,Urban,0,0,0,Fine,Null
1747359,5919627,11336,,512300,0,,0,1,,East,2009/2010,SH 16,TE ATATU OBR,,Non-Injury Crash,Yes,2009,,East,,0,,Flat,,,,,,Bright sun,252000,0,0,0,3,,,0,,,,,,Auckland Region,Nil,1-way,Sealed,,0,0,,100,,Off,0,0,,76,Auckland,Nil,,,,,1,0,Open,0,,,Fine,Null
1843753,5932381,11337,,533200,0,0,0,0,0,North,2009/2010,SH 25,BLACK JACK ROAD,,Non-Injury Crash,Yes,2009,0,South,0,0,0,Flat,0,,0,,0,Bright sun,1045504,0,0,0,2,0,1,0,1,0,,0,0,Waikato Region,Nil,2-way,Sealed,0,0,0,0,50,0,Null,0,0,,11,Thames-Coromandel District,Unknown,0,0,0,0,0,0,Urban,1,0,0,Fine,Null
1771381,5913977,11338,,521602,0,0,0,2,0,West,2008/2009,UNION ROAD,WELLINGTON ST,,Non-Injury Crash,No,2009,0,North,0,0,0,Flat,0,,0,,0,Bright sun,648800,0,0,0,2,0,0,0,0,1,,0,0,Auckland Region,Nil,2-way,Sealed,0,0,0,0,50,0,Off,0,0,,76,Auckland,Nil,0,0,0,0,0,0,Urban,0,0,0,Fine,Null
1855810,5803421,11339,55,535231,0,,0,2,,East,2008/2009,SH 29,SH 28,,Non-Injury Crash,Yes,2009,,West,,0,,Hill Road,,,,,,Overcast,1114500,0,0,0,3,,,0,,,,,,Waikato Region,Nil,2-way,Sealed,,0,0,,100,,Null,0,0,,15,Matamata-Piako District,Unknown,,,,,0,0,Open,1,,,Heavy rain,Strong wind
1761988,5909185,11340,,524402,0,0,0,0,0,Null,2008/2009,JAMES FLETCHER DRIVE,SAVILL DRIVE,,Non-Injury Crash,No,2009,0,West,0,0,0,Flat,0,,0,,0,Dark,749800,0,0,0,2,0,0,0,0,0,,0,0,Auckland Region,Nil,2-way,Sealed,0,0,0,0,60,0,On,0,0,,76,Auckland,Traffic Signals,0,1,0,0,0,0,Urban,1,0,0,Light rain,Null
1839534,5548920,11341,,560000,0,0,0,1,1,North,2009/2010,POHANGINA VALLEY EAST ROA,NO 2 LINE,,Non-Injury Crash,No,2009,0,South,0,0,0,Hill Road,0,,0,,0,Twilight,1772800,0,0,0,2,0,0,0,0,0,,0,0,Manawatū-Whanganui Region,Nil,2-way,Sealed,0,0,0,0,100,0,None,0,0,,39,Manawatu District,Nil,0,0,0,0,1,0,Open,0,0,0,Fine,Null
1760929,5908339,11342,,524405,0,,0,1,,West,2008/2009,GADSBY ROAD,ENUAMANU ROAD,,Non-Injury Crash,No,2009,,East,,0,,Flat,,,,,,Bright sun,730707,0,0,0,2,,,0,,,,,,Auckland Region,Nil,2-way,Sealed,,0,0,,50,,Null,0,0,,76,Auckland,Unknown,,,,,0,0,Urban,1,,,Fine,Null
1768981,5902863,11343,,523820,0,0,0,1,0,West,2008/2009,EUGENIA RISE,EVERGLADE DRIVE,,Non-Injury Crash,No,2009,0,West,0,0,0,Flat,0,,0,,0,Overcast,760122,0,0,0,2,0,0,0,0,1,,0,0,Auckland Region,Nil,2-way,Sealed,0,0,0,0,50,0,Null,1,0,,76,Auckland,Nil,0,0,0,0,0,0,Urban,0,0,0,Fine,Null
1800582,5815987,11344,,529700,0,,0,1,,Null,2008/2009,ROSTREVOR ST,VICTORIA ST,,Non-Injury Crash,No,2009,,North,,0,,Flat,,,,,,Bright sun,910100,0,0,0,4,,,0,,,,,,Waikato Region,Nil,2-way,Sealed,,0,0,,50,,Off,0,0,,16,Hamilton City,Stop,,,,,1,0,Urban,0,,,Fine,Null
1771838,5446138,11345,,567400,0,,0,2,,Null,2008/2009,SH 2,WHAKATIKI ST,,Non-Injury Crash,Yes,2009,,West,,0,,Flat,,,,,,Bright sun,1886600,0,0,0,2,,,0,,,,,,Wellington Region,Nil,2-way,Sealed,,0,0,,100,,Null,0,0,,45,Upper Hutt City,Stop,,,,,0,0,Open,0,,,Fine,Null
1750750,5427730,11346,,576700,0,,1,1,,North,2008/2009,CARLTON GORE ROAD,ORIENTAL PARADE,,Non-Injury Crash,No,2009,,North,,0,,Hill Road,,,,,,Dark,2186702,0,0,0,2,,,0,,,,,,Wellington Region,Nil,2-way,Sealed,,0,0,,50,,On,0,1,,47,Wellington City,Nil,,,,,0,0,Urban,0,,,Fine,Null
1623741,5429844,11347,,582800,0,,0,1,,North,2009/2010,TRAFALGAR ST,VAN DIEM ST,,Non-Injury Crash,No,2009,,North,,0,,Flat,,,,,,Overcast,2323000,0,0,0,2,,,0,,,,,,Nelson Region,Nil,2-way,Sealed,,0,0,,50,,Null,0,0,,52,Nelson City,Nil,,,,,0,0,Urban,1,,,Fine,Null
1753207,5946710,11348,,505906,0,0,0,1,0,South,2009/2010,WHANGAPARAOA ROAD,GLENELG ROAD,,Non-Injury Crash,No,2009,0,East,0,0,0,Hill Road,0,,0,,0,Overcast,173803,0,0,0,4,0,0,0,0,0,,0,0,Auckland Region,Nil,2-way,Sealed,0,0,0,0,60,0,Off,0,0,,76,Auckland,Stop,0,0,0,1,0,0,Urban,1,0,0,Light rain,Null
1822176,5529516,11349,,562800,0,,0,2,,Null,2008/2009,PRINCESS T,CHURCH ST,,Non-Injury Crash,No,2009,,North,,0,,Flat,,,,,,Dark,1829300,0,0,0,2,,,0,,,,,,Manawatū-Whanganui Region,Nil,2-way,Sealed,,0,0,,50,,On,0,0,,40,Palmerston North City,Traffic Signals,,,,,0,0,Urban,0,,,Fine,Null
1244849,4926411,11350,,610020,0,0,0,0,0,North,2009/2010,SH 6,ALBION ST,,Minor Crash,Yes,2009,0,South,1,0,0,Flat,0,,0,,0,Bright sun,3043600,1,0,1,2,0,0,0,0,0,,0,0,Southland Region,Nil,2-way,Sealed,0,0,0,0,100,0,Null,0,0,,73,Southland District,Unknown,0,0,0,0,0,0,Open,0,0,0,Fine,Strong wind
1763904,5912490,11351,,520500,0,,0,1,,Null,2009/2010,MT WGTN OFF NBD,MOUNT WELLINGTON HIGHWAY,,Non-Injury Crash,Yes,2009,,North,,0,,Hill Road,,,,,,Overcast,637300,0,0,0,2,,,0,,,,,,Auckland Region,Motorway ramp,1-way,Sealed,,0,0,,50,,Null,1,0,,76,Auckland,Traffic Signals,,,,,0,0,Urban,0,,,Fine,Null
1747196,5955952,11352,,506613,0,,0,1,,Null,2009/2010,KRIPPNER ROAD,NOAKES HILL ROAD,,Non-Injury Crash,No,2009,,West,,0,,Hill Road,,,,,,Bright sun,146901,0,0,0,1,,,0,,,,,,Auckland Region,Nil,2-way,Unsealed,,0,0,,100,,None,1,0,,76,Auckland,Nil,,,,,0,0,Open,0,,,Fine,Null
1765346,5905827,11353,,522202,0,,0,2,,Null,2009/2010,ST GEORGE ST,LANDSCAPE ROAD,,Non-Injury Crash,No,2009,,East,,0,,Flat,,,,,,Dark,664900,0,0,0,2,,,0,,,,,,Auckland Region,Nil,2-way,Sealed,,0,0,,50,,On,0,0,,76,Auckland,Give way,,,,,0,0,Urban,0,,,Fine,Null
1762027,5909193,11354,,524402,0,,0,3,,East,2009/2010,JAMES FLETCHER DRIVE,SAVILL DRIVE,,Non-Injury Crash,No,2009,,West,,0,,Flat,,,,,,Bright sun,749700,0,0,0,2,,,0,,,,,,Auckland Region,Nil,2-way,Sealed,,0,0,,60,,Off,1,0,,76,Auckland,Nil,,,,,0,0,Urban,0,,,Fine,Null
1745180,5918714,11355,,513302,0,,0,1,,South,2008/2009,LINCOLN ROAD,FAIRDENE AVENUE,,Non-Injury Crash,No,2009,,South,,0,,Flat,,,,,,Bright sun,230802,0,0,0,4,,,0,,,,,,Auckland Region,Nil,2-way,Sealed,,0,0,,50,,Null,0,0,,76,Auckland,Unknown,,,,,0,0,Urban,1,,,Fine,Null