X,Y,OBJECTID,advisorySpeed,areaUnitID,bicycle,bridge,bus,carStationWagon,cliffBank,crashDirectionDescription,crashFinancialYear,crashLocation1,crashLocation2,crashRoadSideRoad,crashSeverity,crashSHDescription,crashYear,debris,directionRoleDescription,ditch,fatalCount,fence,flatHill,guardRail,holiday,houseOrBuilding,intersection,kerb,light,meshblockId,minorInjuryCount,moped,motorcycle,NumberOfLanes,objectThrownOrDropped,otherObject,otherVehicleType,overBank,parkedVehicle,pedestrian,phoneBoxEtc,postOrPole,region,roadCharacter,roadLane,roadSurface,roadworks,schoolBus,seriousInjuryCount,slipOrFlood,speedLimit,strayAnimal,streetLight,suv,taxi,temporarySpeedLimit,tlaId,tlaName,trafficControl,trafficIsland,trafficSign,train,tree,truck,unknownVehicleType,urban,vanOrUtility,vehicle,waterRiver,weatherA,weatherB
1799644,5814568,11356,,528900,0,,0,2,,North,2008/2009,QUEENS AVENUE,KILLARNEY ROAD,,Non-Injury Crash,No,2009,,North,,0,,Flat,,,,,,Bright sun,915200,0,0,0,2,,,0,,,,,,Waikato Region,Nil,2-way,Sealed,,0,0,,50,,Null,0,0,,16,Hamilton City,Unknown,,,,,0,0,Urban,0,,,Fine,Null
1883510,5774250,11357,,539400,0,,0,2,,South,2009/2010,SH 5,SHIRLEY ST,,Non-Injury Crash,Yes,2009,,North,,0,,Flat,,,,,,Overcast,1225500,0,0,0,4,,,0,,,,,,Bay of Plenty Region,Nil,2-way,Sealed,,0,0,,60,,Null,0,0,,24,Rotorua District,Give way,,,,,0,0,Urban,0,,,Light rain,Null
1574712,5181771,11358,,592900,0,,0,1,,Null,2009/2010,WAINONI ROAD,BICKERTON ST,,Serious Crash,No,2009,,North,,0,,Flat,,,,,,Bright sun,2578600,1,1,0,2,,,0,,,,,,Canterbury Region,Nil,2-way,Sealed,,0,1,,50,,Null,0,0,,60,Christchurch City,Give way,,,,,0,0,Urban,0,,,Fine,Null
1825784,5533521,11359,,560302,0,0,0,1,0,East,2008/2009,KELVIN GROVE ROAD,JAMES LINE,,Non-Injury Crash,No,2009,0,South,1,0,1,Flat,0,,0,,0,Dark,1792700,0,0,0,2,0,0,0,0,0,,0,0,Manawatū-Whanganui Region,Nil,2-way,Sealed,0,0,0,0,100,0,None,0,0,,40,Palmerston North City,Nil,0,0,0,0,0,0,Open,0,0,0,Fine,Null
1753186,5915361,11360,,517903,0,0,0,2,0,East,2008/2009,OWAIRAKA AVENUE,RICHARDSON ROAD,,Non-Injury Crash,No,2009,0,West,0,0,0,Flat,0,,0,,0,Dark,521600,0,0,0,2,0,0,0,0,1,,0,0,Auckland Region,Nil,2-way,Sealed,0,0,0,0,50,0,On,0,0,,76,Auckland,Nil,0,0,0,0,0,0,Urban,0,0,0,Fine,Null
1800635,5815475,11361,,529700,0,,0,1,,North,2008/2009,ANGLESEA ST,BRYCE ST,,Non-Injury Crash,No,2009,,North,,0,,Flat,,,,,,Overcast,910600,0,0,0,3,,,0,,,1,,,Waikato Region,Nil,2-way,Sealed,,0,0,,50,,Null,0,0,,16,Hamilton City,Unknown,,,,,0,0,Urban,0,,,Fine,Null
1802784,5800645,11362,,527600,0,,0,2,,North,2009/2010,SH 3,GREAT COLLINS ST,,Non-Injury Crash,Yes,2009,,South,,0,,Flat,,,,,,Overcast,985901,0,0,0,2,,,0,,,,,,Waikato Region,Nil,2-way,Sealed,,0,0,,50,,Null,0,0,,17,Waipa District,Unknown,,,,,0,0,Urban,0,,,Fine,Null
1749042,5426805,11363,,573101,0,,0,2,,East,2009/2010,SH 1N VIVIAN,TORY ST,,Non-Injury Crash,Yes,2009,,East,,0,,Flat,,,,,,Dark,2136500,0,0,0,2,,,0,,,,,,Wellington Region,Nil,2-way,Sealed,,0,0,,50,,On,0,0,,47,Wellington City,Nil,,,,,0,0,Urban,0,,,Fine,Null
1775995,5881954,11364,,521160,0,,0,0,,Null,2008/2009,MILL ROAD,MILL OFF SBD,,Non-Injury Crash,No,2009,,East,,0,,Flat,,,,,,Overcast,827604,0,0,0,2,,,0,,,,,,Auckland Region,Motorway ramp,2-way,Sealed,,0,0,,70,,Null,2,0,,76,Auckland,Stop,,,,,0,0,Urban,0,,,Light rain,Null
1769884,5917274,11365,,522601,0,0,0,1,0,Null,2008/2009,THE PARADE,LAINGS ROAD,,Non-Injury Crash,No,2009,0,West,0,0,0,Hill Road,0,,0,,1,Dark,676900,0,0,0,2,0,0,0,0,1,,0,0,Auckland Region,Nil,2-way,Sealed,0,0,0,0,50,0,On,1,0,,76,Auckland,Nil,0,0,0,0,0,0,Urban,0,0,0,Fine,Null
1749711,5430443,11366,,572900,0,,0,2,,East,2008/2009,SH 1N,AOTEA OFF SBD,,Non-Injury Crash,Yes,2009,,South,,0,,Flat,,,,,,Bright sun,2118400,0,0,0,3,,,0,,,,,,Wellington Region,Nil,1-way,Sealed,,0,0,,100,,Null,0,1,,47,Wellington City,Nil,,,,,0,0,Open,0,,,Fine,Null
1801277,5812936,11367,,530400,0,0,0,1,0,South,2009/2010,SH3 ON RAMP,BADER ST,,Non-Injury Crash,Yes,2009,0,North,0,0,0,Flat,0,,0,,0,Dark,923600,0,0,0,2,0,0,0,0,0,,0,1,Waikato Region,Nil,2-way,Sealed,0,0,0,0,50,0,On,0,0,,16,Hamilton City,Unknown,0,0,0,0,0,0,Urban,0,0,0,Fine,Null
1879248,5825414,11368,,538202,0,,0,2,,North,2008/2009,CHAPEL ST,MARSH ST,,Non-Injury Crash,No,2009,,South,,0,,Flat,,,,,,Bright sun,1163002,0,0,0,4,,,0,,,,,,Bay of Plenty Region,Nil,2-way,Sealed,,0,0,,50,,Null,0,0,,23,Tauranga City,Traffic Signals,,,,,0,0,Urban,0,,,Fine,Null
1758146,5915730,11369,,515801,0,,0,2,,West,2008/2009,KING EDWARD AVENUE,MANUKAU ROAD,,Non-Injury Crash,No,2009,,East,,0,,Flat,,,,,,Bright sun,447100,0,0,0,2,,,0,,,,,,Auckland Region,Nil,2-way,Sealed,,0,0,,50,,Off,0,0,,76,Auckland,Nil,,,,,0,0,Urban,0,,,Fine,Null
1768679,5880740,11370,,525921,0,,0,2,,South,2009/2010,QUEEN ST,HARRIS ST,,Non-Injury Crash,No,2009,,North,,0,,Hill Road,,,,,,Overcast,821900,0,0,0,2,,,0,,,,,,Auckland Region,Nil,2-way,Sealed,,0,0,,50,,Off,0,0,,76,Auckland,Nil,,,,,0,0,Urban,0,,,Fine,Null
1931580,5602901,11371,,545721,0,,0,2,,Null,2009/2010,HAVELOCK ROAD,ST GEORGES ROAD,,Non-Injury Crash,No,2009,,South,,0,,Flat,,,,,,Bright sun,1472900,0,0,0,2,,,0,,,,,,Hawke's Bay Region,Nil,2-way,Sealed,,0,0,,70,,Null,0,0,,30,Hastings District,Give way,,,,,0,0,Urban,0,,,Fine,Null
1932839,5619096,11372,,547002,0,0,0,1,0,Null,2009/2010,GALWAY ST,SKERRETT CRESCENT,,Non-Injury Crash,No,2009,0,East,0,0,0,Flat,0,,0,,0,Bright sun,1454000,0,0,0,2,0,0,0,0,0,,0,1,Hawke's Bay Region,Nil,2-way,Sealed,0,0,0,0,50,0,Null,0,0,,31,Napier City,Nil,0,0,0,0,0,0,Urban,0,0,0,Fine,Null
1929548,5604672,11373,,548200,0,,0,1,,Null,2008/2009,SOUTHAMPTON ST WEST,RAILWAY ROAD,,Non-Injury Crash,No,2009,,East,,0,,Flat,,,,,,Bright sun,1489700,0,0,0,2,,,0,,,,,,Hawke's Bay Region,Nil,2-way,Sealed,,0,0,,50,,Null,1,0,,30,Hastings District,Traffic Signals,,,,,0,0,Urban,0,,,Fine,Null
1879227,5819794,11374,,537900,0,,0,2,,West,2009/2010,HAIRINI ST,SH 29,,Non-Injury Crash,No,2009,,East,,0,,Flat,,Christmas New Year,,,,Bright sun,1178202,0,0,0,4,,,0,,,,,,Bay of Plenty Region,Nil,2-way,Sealed,,0,0,,50,,Null,0,0,,23,Tauranga City,Traffic Signals,,,,,0,0,Urban,0,,,Fine,Null
1728560,6027871,11375,,501811,0,0,0,1,1,North,2009/2010,SH 1N,PRESCOTT ROAD,,Non-Injury Crash,Yes,2009,0,North,0,0,0,Flat,0,,0,,0,Overcast,78601,0,0,0,2,0,0,0,0,0,,0,0,Northland Region,Nil,2-way,Sealed,0,0,0,0,100,0,None,0,0,,2,Whangarei District,Nil,0,0,0,0,0,0,Open,0,0,0,Fine,Null
1758513,5918381,11376,,517400,0,,0,2,,North,2008/2009,BROADWAY,KHYBER PASS ROAD,,Non-Injury Crash,No,2009,,North,,0,,Flat,,,,,,Dark,451000,0,0,0,2,,,0,,,,,,Auckland Region,Nil,2-way,Sealed,,0,0,,50,,On,0,0,,76,Auckland,Nil,,,,,0,0,Urban,0,,,Fine,Null
1759576,5912239,11377,,519820,0,0,0,2,0,West,2008/2009,CHURCH ST,VICTORIA ST,,Non-Injury Crash,No,2009,0,West,0,0,0,Flat,0,Easter,0,,0,Bright sun,601300,0,0,0,2,0,0,0,0,1,,0,0,Auckland Region,Nil,2-way,Sealed,0,0,0,0,50,0,Null,0,0,,76,Auckland,Unknown,0,0,0,0,0,0,Urban,0,0,0,Fine,Null
1752152,5932472,11378,,508807,0,,0,1,,Null,2009/2010,ROSEDALE ROAD,BUSH ROAD,,Non-Injury Crash,No,2009,,South,,0,,Flat,,,,,,Overcast,180810,0,0,0,4,,,0,,,,,,Auckland Region,Nil,2-way,Sealed,,0,0,,50,,Off,0,0,,76,Auckland,Traffic Signals,,,,,0,0,Urban,1,,,Light rain,Null
1756695,5915420,11379,,518301,0,,0,1,,North,2008/2009,MOUNT EDEN ROAD,MARSDEN AVENUE,,Non-Injury Crash,No,2009,,South,,0,,Flat,,,,,,Overcast,557800,0,0,0,2,,,0,,,,,,Auckland Region,Nil,2-way,Sealed,,0,0,,50,,Off,1,0,,76,Auckland,Nil,,,,,0,0,Urban,0,,,Light rain,Null
1835001,5927928,11380,,533200,0,,0,0,,West,2009/2010,SH 25,OWERA ROAD,,Non-Injury Crash,Yes,2009,,West,,0,,Flat,,,,,,Bright sun,1045600,0,0,0,2,,,0,,,,,,Waikato Region,Nil,2-way,Sealed,,0,0,,100,,Off,0,0,,11,Thames-Coromandel District,Nil,,,,,1,0,Open,0,,,Fine,Null
1745964,5935316,11381,55,506653,0,,0,1,,Null,2009/2010,SUNNYSIDE ROAD,COATESVILLE-RIVERHEAD HIG,,Non-Injury Crash,No,2009,,North,,0,,Flat,,,,,,Bright sun,217301,0,0,1,4,,,0,,,,,,Auckland Region,Nil,2-way,Sealed,,0,0,,70,,Off,0,0,,76,Auckland,Give way,,,,,0,0,Urban,0,,,Fine,Null
1798854,5820376,11382,,529401,0,0,0,2,0,East,2009/2010,HARROWFIELD DRIVE,RIVER ROAD,,Non-Injury Crash,No,2009,0,East,0,0,0,Flat,0,,0,,0,Twilight,952107,0,0,0,2,1,0,0,0,0,,0,0,Waikato Region,Nil,2-way,Sealed,0,0,0,0,50,0,Off,0,0,,16,Hamilton City,Unknown,0,0,0,0,0,0,Urban,0,0,0,Fine,Null
1754966,5916443,11383,,517703,0,,0,0,,East,2009/2010,BALMORAL ROAD,SANDRINGHAM ROAD,,Non-Injury Crash,No,2009,,East,,0,,Flat,,,,,,Bright sun,537601,0,0,0,4,,,0,,,,,,Auckland Region,Nil,2-way,Sealed,,0,0,,50,,Off,2,0,,76,Auckland,Nil,,,,,0,0,Urban,0,,,Fine,Null
1878392,5822336,11384,,538102,0,0,0,1,0,Null,2009/2010,DEVONPORT ROAD,FOURTEENTH AVENUE,,Non-Injury Crash,No,2009,0,West,0,0,0,Flat,0,,0,,0,Bright sun,1168100,0,0,0,2,0,0,0,0,1,,0,0,Bay of Plenty Region,Nil,2-way,Sealed,0,0,0,0,50,0,Null,0,0,,23,Tauranga City,Give way,0,0,0,0,0,0,Urban,0,0,0,Fine,Null
1823185,5462896,11385,,578600,0,,0,2,,Null,2008/2009,SH 2,RUSSELL ST,,Non-Injury Crash,Yes,2009,,South,,0,,Flat,,,,,,Overcast,2243100,0,0,0,2,,,0,,,,,,Wellington Region,Nil,2-way,Sealed,,0,0,,50,,Null,0,0,,48,Masterton District,Give way,,,,,0,0,Urban,0,,,Light rain,Null
1699960,6073644,11386,,501620,0,,0,0,,South,2008/2009,SH 1N,CALLAGHAN ROAD,,Non-Injury Crash,Yes,2009,,East,,0,,Hill Road,,,,,,Bright sun,45100,0,0,0,2,,,0,,,,,,Northland Region,Nil,2-way,Sealed,,0,0,,100,,Null,1,0,,1,Far North District,Nil,,,,,0,0,Open,1,,,Fine,Null
1745019,5923672,11387,,513521,0,0,0,1,0,South,2009/2010,MOIRE ROAD,ELIZABETH DRIVE,,Non-Injury Crash,No,2009,0,North,0,0,0,Hill Road,0,,0,,1,Overcast,224239,0,0,0,2,0,0,0,0,0,,0,0,Auckland Region,Nil,2-way,Sealed,0,0,0,0,50,0,None,0,0,,76,Auckland,Nil,0,0,0,1,0,0,Urban,0,0,0,Fine,Null
1760130,5915912,11388,,516003,0,,0,1,,Null,2009/2010,GREENLANE OFF NBD,GREENLANE INT,,Non-Injury Crash,Yes,2009,,North,,0,,Hill Road,,,,,,Dark,494902,0,0,0,2,,,0,,,,,,Auckland Region,Nil,1-way,Sealed,,0,0,,50,,On,1,0,,76,Auckland,Give way,,,,,0,0,Urban,0,,,Light rain,Null
1888880,5822417,11389,,536516,0,0,0,1,0,East,2009/2010,GRAVATT ROAD,CAYMAN KEY,,Non-Injury Crash,No,2009,0,East,0,0,1,Flat,0,,0,,1,Dark,1205035,0,0,0,2,0,0,0,0,0,,0,0,Bay of Plenty Region,Nil,2-way,Sealed,0,0,0,0,50,0,On,0,0,,23,Tauranga City,Give way,0,0,0,0,0,0,Urban,0,0,0,Fine,Null
1832549,5844988,11390,,534603,0,0,0,1,0,South,2009/2010,TAUTITI ROAD,ANDREWS ROAD,,Non-Injury Crash,No,2009,0,North,1,0,0,Flat,0,,0,,0,Dark,1105600,0,0,0,2,0,0,0,0,0,,0,0,Waikato Region,Nil,2-way,Sealed,0,0,0,0,100,0,None,0,0,,15,Matamata-Piako District,Nil,0,0,0,0,0,0,Open,0,0,0,Fine,Null
2039952,5706161,11391,,544802,0,,0,1,,West,2008/2009,PARAONE ROAD,MURDOCH ROAD,,Non-Injury Crash,No,2009,,East,,0,,Flat,,,,,,Overcast,1385403,0,0,0,2,,,0,,,,,,Gisborne Region,Nil,2-way,Sealed,,0,0,,50,,Null,0,0,,28,Gisborne District,Nil,,,,,0,0,Urban,1,,,Fine,Null
1243498,4850091,11392,,611100,0,,0,2,,Null,2009/2010,YARROW ST,QUEENS DRIVE,,Non-Injury Crash,No,2009,,East,,0,,Flat,,,,,,Overcast,3135100,0,0,0,4,,,0,,,,,,Southland Region,Nil,2-way,Sealed,,0,0,,50,,Null,0,0,,75,Invercargill City,Traffic Signals,,,,,0,0,Urban,0,,,Fine,Strong wind
1301430,5005036,11393,,608600,0,0,0,1,0,Null,2008/2009,ERRIS ST,RAY ST,,Non-Injury Crash,No,2009,0,West,0,0,1,Flat,0,,0,,0,Dark,3029700,0,0,0,2,0,0,0,0,0,,0,0,Otago Region,Nil,2-way,Sealed,0,0,0,0,50,0,On,0,0,,69,Central Otago District,Nil,0,0,0,0,0,0,Urban,0,0,0,Fine,Null
1690934,5675512,11394,,551501,0,,0,2,,Null,2008/2009,SH 45,CALVERT ROAD,,Non-Injury Crash,Yes,2009,,East,,0,,Flat,,,,,,Bright sun,1581200,0,0,0,2,,,0,,,,,,Taranaki Region,Nil,2-way,Sealed,,0,0,,50,,Null,0,0,,33,New Plymouth District,Stop,,,,,0,0,Urban,0,,,Fine,Null
1688886,5675285,11395,,551400,0,,0,2,,Null,2008/2009,PARITUTU ROAD,MARAMA CRESCENT,,Non-Injury Crash,No,2009,,South,,0,,Flat,,,,,,Dark,1584400,0,0,0,2,,,0,,,,,,Taranaki Region,Nil,2-way,Sealed,,0,0,,50,,On,0,0,,33,New Plymouth District,Nil,,,,,0,0,Urban,0,,,Light rain,Null
1926351,5606200,11396,,545761,0,0,0,0,0,East,2009/2010,YORK ROAD,SH 50A,,Non-Injury Crash,No,2009,0,West,0,0,0,Flat,0,,0,,0,Dark,1469905,0,0,0,2,0,0,0,0,0,,0,0,Hawke's Bay Region,Nil,2-way,Sealed,0,0,0,0,100,0,On,0,0,,30,Hastings District,Nil,0,0,0,0,0,0,Open,1,0,0,Fine,Null
1761494,5908101,11397,,524510,0,0,0,2,0,Null,2008/2009,GARUS AVENUE,ARCHBOYD AVENUE,,Non-Injury Crash,No,2009,0,North,0,0,0,Flat,0,Queens Birthday,0,,0,Bright sun,734006,0,0,0,1,0,0,0,0,1,,0,0,Auckland Region,Nil,2-way,Sealed,0,0,0,0,50,0,Off,0,0,,76,Auckland,Nil,0,0,0,0,0,0,Urban,0,0,0,Fine,Null
1769666,5866953,11398,,526701,0,0,0,1,0,Null,2009/2010,ONEWHERO TUAKAU BRIDGE RO,HALL ROAD,,Non-Injury Crash,No,2009,0,South,1,0,0,Flat,0,,0,,0,Dark,844500,0,0,0,2,0,0,0,0,0,,0,0,Waikato Region,Nil,2-way,Sealed,0,0,0,0,50,0,None,0,0,,13,Waikato District,Nil,0,0,0,0,0,0,Urban,0,0,0,Fine,Null
1879254,5824860,11399,,538201,0,0,0,1,0,East,2008/2009,MCLEAN ST,CAMERON ROAD,,Non-Injury Crash,No,2009,0,West,0,0,0,Hill Road,0,,0,,0,Bright sun,1163300,0,0,0,2,0,0,0,0,1,,0,0,Bay of Plenty Region,Nil,2-way,Sealed,0,0,0,0,50,0,Null,0,0,,23,Tauranga City,Stop,0,0,0,0,1,0,Urban,0,0,0,Fine,Null
1758493,5917616,11400,,516001,0,,0,1,,South,2009/2010,SH 1N,MOUNTAIN OBR,,Non-Injury Crash,Yes,2009,,South,,0,,Flat,,,,,,Overcast,490800,0,0,0,3,,,0,,,,,,Auckland Region,Bridge,1-way,Sealed,,0,0,,80,,On,0,0,,76,Auckland,Nil,,,,,0,0,Open,1,,,Light rain,Null
1799965,5816433,11401,,529700,0,0,0,1,0,East,2008/2009,ULSTER ST,ABBOTSFORD ST,,Non-Injury Crash,No,2009,0,East,0,0,0,Flat,0,,0,,0,Overcast,909000,0,0,0,4,0,0,0,0,0,,0,0,Waikato Region,Nil,2-way,Sealed,0,0,0,0,60,0,Null,0,0,,16,Hamilton City,Unknown,1,0,0,0,0,0,Urban,0,0,0,Light rain,Null
1822846,5829043,11402,,534901,0,0,0,1,0,West,2008/2009,THAMES ST,LORNE ST,,Non-Injury Crash,No,2009,0,East,0,0,0,Flat,0,,0,,0,Overcast,1088200,0,0,0,2,0,0,0,0,1,,0,0,Waikato Region,Nil,2-way,Sealed,0,0,0,0,50,0,Null,0,0,,15,Matamata-Piako District,Unknown,0,0,0,0,0,0,Urban,1,0,0,Fine,Null
1756794,5930129,11403,,507720,0,,0,2,,South,2009/2010,EAST COAST ROAD,CASTOR BAY ROAD,,Non-Injury Crash,No,2009,,North,,0,,Hill Road,,,,,,Overcast,314904,0,0,0,2,,,0,,,,,,Auckland Region,Nil,2-way,Sealed,,0,0,,50,,Off,0,0,,76,Auckland,Nil,,,,,0,0,Urban,0,,,Fine,Null
1856694,5803526,11404,,535231,0,0,0,1,1,East,2009/2010,SH 29,SH 28,,Non-Injury Crash,Yes,2009,0,East,0,0,0,Hill Road,0,,0,,0,Overcast,1114500,0,0,0,2,0,0,0,0,0,,0,0,Waikato Region,Nil,2-way,Sealed,0,0,0,0,100,0,Null,0,0,,15,Matamata-Piako District,Unknown,0,0,0,0,0,0,Open,0,0,0,Light rain,Null
1764932,5906159,11405,,522201,0,0,0,2,0,Null,2008/2009,RANGITOTO ROAD,PATON AVENUE,,Non-Injury Crash,No,2009,0,North,0,0,0,Flat,0,,0,,0,Bright sun,663000,0,0,0,2,0,0,0,0,1,,0,0,Auckland Region,Nil,2-way,Sealed,0,0,0,0,50,0,Off,0,0,,76,Auckland,Nil,0,0,0,0,0,0,Urban,0,0,0,Fine,Null
1767571,5905430,11406,,524603,0,,0,3,,North,2008/2009,SH 1N,TE IRIRANGI OBR,,Non-Injury Crash,Yes,2009,,North,,0,,Flat,,,,,,Overcast,780304,0,0,0,3,,,0,,,,,,Auckland Region,Nil,1-way,Sealed,,0,0,,100,,Null,1,0,,76,Auckland,Unknown,,,,,0,0,Open,0,,,Light rain,Null
1868156,5713291,11407,,541720,1,,0,1,,West,2008/2009,TAMAMUTU ST,ACCESSWAY E,,Non-Injury Crash,No,2009,,East,,0,,Flat,,,,,,Overcast,1273300,0,0,0,2,,,0,,,,,,Waikato Region,Nil,2-way,Sealed,,0,0,,50,,Off,0,0,,21,Taupo District,Nil,,,,,0,0,Urban,0,,,Fine,Frost
1843868,5784781,11408,,535600,0,,0,2,,Null,2009/2010,PRINCES ST,DUKE ST,,Non-Injury Crash,No,2009,,South,,0,,Flat,,,,,,Bright sun,1132400,0,0,0,2,,,0,,,,,,Waikato Region,Nil,2-way,Sealed,,0,0,,50,,Null,0,0,,19,South Waikato District,Nil,,,,,0,0,Urban,0,,,Fine,Null
1766520,5913270,11409,,522920,0,0,0,1,0,Null,2008/2009,TI RAKAU DRIVE,PAKURANGA ROAD,,Non-Injury Crash,No,2009,0,North,0,0,0,Flat,0,,0,,0,Dark,683900,0,0,0,4,0,0,0,0,0,,0,0,Auckland Region,Nil,2-way,Sealed,0,0,0,0,50,0,On,0,0,,76,Auckland,Traffic Signals,0,1,0,0,0,0,Urban,0,0,0,Fine,Null
1759181,5916738,11410,,516001,0,0,0,1,0,Null,2008/2009,MARKET ROAD,MARKET OFF NBD,,Non-Injury Crash,No,2009,0,North,0,0,0,Flat,0,,0,,0,Dark,491700,0,0,0,2,0,0,0,0,0,,0,1,Auckland Region,Nil,2-way,Sealed,0,0,0,0,50,0,On,0,0,,76,Auckland,Traffic Signals,0,0,0,0,0,0,Urban,0,0,0,Fine,Null
1740441,5922668,11411,,513701,0,0,0,1,0,South,2009/2010,RED HILLS ROAD,NELSON ROAD,,Non-Injury Crash,No,2009,0,North,0,0,1,Flat,0,,0,,0,Overcast,226501,0,0,0,2,0,0,0,1,0,,0,0,Auckland Region,Nil,2-way,Sealed,0,0,0,0,80,0,Off,0,0,,76,Auckland,Nil,0,0,0,0,0,0,Open,0,0,0,Fine,Null
1750295,5431154,11412,,574500,1,,0,1,,North,2009/2010,HUTT ROAD,WESTMINSTER ST,,Non-Injury Crash,No,2009,,West,,0,,Flat,,,,,,Overcast,2093400,0,0,0,2,,,0,,,,,,Wellington Region,Nil,2-way,Sealed,,0,0,,60,,Null,0,0,,47,Wellington City,Nil,,,,,0,0,Urban,0,,,Fine,Null
1753754,5911625,11413,,519001,0,0,0,1,0,South,2009/2010,CANBERRA AVENUE,STANTON TERRACE,,Non-Injury Crash,No,2009,0,North,0,0,0,Flat,0,,0,,0,Bright sun,591600,0,0,0,2,0,0,0,0,1,,0,0,Auckland Region,Nil,2-way,Sealed,0,0,0,0,50,0,Off,0,0,,76,Auckland,Nil,0,0,0,0,0,0,Urban,1,0,0,Fine,Null
1931165,5618760,11414,,547100,0,,0,2,,Null,2009/2010,AUCKLAND ROAD,WHITING CRESCENT,,Non-Injury Crash,No,2009,,North,,0,,Flat,,,,,,Dark,1455403,0,0,0,2,,,0,,,,,,Hawke's Bay Region,Nil,2-way,Sealed,,0,0,,50,,On,0,0,,31,Napier City,Nil,,,,,0,0,Urban,0,,,Fine,Null
1561716,5178747,11415,,587400,0,,0,3,,West,2008/2009,MAIN SOUTH ROAD,SH 1S,,Non-Injury Crash,No,2009,,East,,0,,Flat,,,,,,Bright sun,2489400,0,0,0,4,,,0,,,,,,Canterbury Region,Nil,2-way,Sealed,,0,0,,60,,Null,0,0,,60,Christchurch City,Unknown,,,,,0,0,Urban,0,,,Fine,Null
1800756,5813028,11416,,530400,0,,0,2,,East,2008/2009,SH 1N,SH 3,,Non-Injury Crash,Yes,2009,,West,,0,,Flat,,,,,,Dark,921900,0,0,0,2,,,0,,,,,,Waikato Region,Nil,2-way,Sealed,,0,0,,60,,On,0,0,,16,Hamilton City,Nil,,,,,0,0,Urban,0,,,Fine,Null
1831146.6646,5536452.0421,11417,,560301,0,,0,1,,Null,2008/2009,ASHHURST ROAD,GROVE ROAD,,Non-Injury Crash,No,2009,,East,,0,,Flat,,,,,,Overcast,1758401,0,0,0,2,,,0,,,,,,Manawatū-Whanganui Region,Nil,2-way,Sealed,,0,0,,100,,Null,0,0,,40,Palmerston North City,Give way,,,,,0,0,Open,1,,,Fine,Null
1745288,5923838,11418,,513521,0,,0,1,,Null,2008/2009,MOIRE ROAD,PAHI PLACE,,Non-Injury Crash,No,2009,,North,,0,,Flat,,,,,,Overcast,224229,0,0,0,2,,,0,,,,,,Auckland Region,Nil,2-way,Sealed,,0,0,,50,,Null,0,0,,76,Auckland,Nil,,,,,0,0,Urban,1,,,Fine,Null
1809807,5522266,11419,,561901,0,,0,2,,Null,2009/2010,SH 56,ALVE ROAD,,Non-Injury Crash,Yes,2009,,East,,0,,Flat,,,,,,Bright sun,1797200,0,0,0,2,,,0,,,,,,Manawatū-Whanganui Region,Nil,2-way,Sealed,,0,0,,100,,Null,0,0,,39,Manawatu District,Give way,,,,,0,0,Open,0,,,Fine,Null
1719772,6049845,11420,,502201,0,0,0,1,0,Null,2009/2010,SPEDDING ROAD,DENBY CRESCENT,,Non-Injury Crash,No,2009,0,South,0,0,0,Flat,0,,0,,1,Dark,86800,0,0,0,2,0,0,0,0,0,,0,1,Northland Region,Nil,2-way,Sealed,0,0,0,0,50,0,On,0,0,,2,Whangarei District,Give way,0,0,0,0,0,0,Urban,0,0,0,Light rain,Null
1744573,5926344,11421,,513410,0,,0,0,,Null,2009/2010,BRIGHAM CREEK ROAD,TRIG ROAD,,Non-Injury Crash,No,2009,,West,,0,,Flat,,,,,,Dark,223701,0,0,0,2,,,0,,,,,,Auckland Region,Nil,2-way,Sealed,,0,0,,80,,None,2,0,,76,Auckland,Give way,,,,,0,0,Open,0,,,Fine,Null
1767137,5471585,11422,,565903,0,,0,1,,South,2008/2009,GOLF ROAD,GEORGE ST,,Non-Injury Crash,No,2009,,North,,0,,Flat,,,,,,Overcast,2002100,0,0,0,2,,,0,,,,,,Wellington Region,Nil,2-way,Sealed,,0,0,,50,,Null,0,0,,43,Kapiti Coast District,Nil,,,,,0,0,Urban,1,,,Fine,Null
1757129,5919723,11423,,514103,0,,0,2,,Null,2009/2010,QUEEN ST,TURNER ST,,Non-Injury Crash,No,2009,,South,,0,,Hill Road,,,,,,Bright sun,436201,0,0,0,4,,,0,,,,,,Auckland Region,Nil,2-way,Sealed,,0,0,,50,,Off,0,0,,76,Auckland,Traffic Signals,,,,,0,0,Urban,0,,,Fine,Null
1896064,5795338,11424,,536654,0,0,0,1,0,South,2008/2009,SH 33,ALLPORT ROAD,,Non-Injury Crash,Yes,2009,0,North,0,0,0,Hill Road,0,,0,,0,Bright sun,1212400,0,0,0,2,0,0,0,0,0,,0,0,Bay of Plenty Region,Nil,2-way,Sealed,0,0,0,0,100,0,Null,0,0,,22,Western Bay of Plenty District,Unknown,0,1,0,0,0,0,Open,0,0,0,Fine,Null
1273793,4915520,11425,,610020,0,0,0,0,0,South,2008/2009,PYRAMID-WAIPARU ROAD,AFFLECK ROAD,,Non-Injury Crash,No,2009,0,North,0,0,0,Flat,0,,0,,0,Dark,3047401,0,0,0,2,0,0,0,0,0,,0,0,Southland Region,Nil,2-way,Unsealed,0,0,0,0,100,0,None,0,0,,73,Southland District,Unknown,0,0,0,0,0,0,Open,1,0,0,Heavy rain,Null