X,Y,OBJECTID,advisorySpeed,areaUnitID,bicycle,bridge,bus,carStationWagon,cliffBank,crashDirectionDescription,crashFinancialYear,crashLocation1,crashLocation2,crashRoadSideRoad,crashSeverity,crashSHDescription,crashYear,debris,directionRoleDescription,ditch,fatalCount,fence,flatHill,guardRail,holiday,houseOrBuilding,intersection,kerb,light,meshblockId,minorInjuryCount,moped,motorcycle,NumberOfLanes,objectThrownOrDropped,otherObject,otherVehicleType,overBank,parkedVehicle,pedestrian,phoneBoxEtc,postOrPole,region,roadCharacter,roadLane,roadSurface,roadworks,schoolBus,seriousInjuryCount,slipOrFlood,speedLimit,strayAnimal,streetLight,suv,taxi,temporarySpeedLimit,tlaId,tlaName,trafficControl,trafficIsland,trafficSign,train,tree,truck,unknownVehicleType,urban,vanOrUtility,vehicle,waterRiver,weatherA,weatherB
1752371,5916343,11426,,517901,0,0,0,2,0,North,2009/2010,WOODWARD ROAD,WILLCOTT ST,,Non-Injury Crash,No,2009,0,South,0,0,0,Flat,0,,0,,0,Bright sun,523200,0,0,0,2,0,0,0,0,1,,0,0,Auckland Region,Nil,2-way,Sealed,0,0,0,0,50,0,None,0,0,,76,Auckland,Nil,0,0,0,0,0,0,Urban,0,0,0,Fine,Null
1756885,5447824,11427,,572100,0,,0,2,,Null,2009/2010,SH 1N,PAREMATA LINK NTH,,Non-Injury Crash,Yes,2009,,South,,0,,Flat,,,,,,Overcast,2070000,0,0,0,3,,,0,,,,,,Wellington Region,Nil,1-way,Sealed,,0,0,,50,,Null,0,0,,44,Porirua City,Give way,,,,,0,0,Urban,0,,,Fine,Null
1716536,6058272,11428,,504300,0,,0,1,,North,2009/2010,GEORGE ST,SH 1N,,Non-Injury Crash,No,2009,,South,,0,,Flat,,,,,,Overcast,63500,0,0,0,2,,,0,,,,,,Northland Region,Nil,2-way,Sealed,,0,0,,100,,Null,0,0,,2,Whangarei District,Stop,,,,,0,0,Open,1,,,Fine,Null
1751418,5912763,11429,,514600,0,,0,2,,Null,2009/2010,TAYLOR ST,BOLTON ST,,Non-Injury Crash,No,2009,,South,,0,,Flat,,,,,,Dark,371502,0,0,0,2,,,0,,,,,,Auckland Region,Nil,2-way,Sealed,,0,0,,50,,On,0,0,,76,Auckland,Give way,,,,,0,0,Urban,0,,,Fine,Null
1756726,5914218,11430,,518500,0,0,1,1,0,Null,2008/2009,MOUNT EDEN ROAD,KINGSWAY,,Non-Injury Crash,No,2009,0,South,0,0,0,Flat,0,,0,,0,Twilight,563200,0,0,0,2,0,0,0,0,0,,0,0,Auckland Region,Nil,2-way,Sealed,0,0,0,0,50,0,Off,1,0,,76,Auckland,Give way,0,0,0,0,0,0,Urban,0,1,0,Light rain,Null
1757291,5920655,11431,,514102,0,,0,2,,Null,2009/2010,WYNDHAM ST,ALBERT ST,,Non-Injury Crash,No,2009,,West,,0,,Hill Road,,,,,,Bright sun,433401,0,0,0,2,,,0,,,,,,Auckland Region,Nil,2-way,Sealed,,0,0,,50,,Off,0,0,,76,Auckland,Traffic Signals,,,,,0,0,Urban,0,,,Fine,Null
1703808,5665307,11432,,552800,0,,0,2,,Null,2008/2009,SH 3,KAHIKATEA ST,,Non-Injury Crash,Yes,2009,,West,,0,,Flat,,,,,,Bright sun,1606300,0,0,0,2,,,0,,,,,,Taranaki Region,Nil,2-way,Sealed,,0,0,,50,,Null,0,0,,33,New Plymouth District,Nil,,,,,0,0,Urban,0,,,Fine,Null
1864910,5546129,11433,,550102,0,0,0,1,0,Null,2008/2009,SH 2,HOSPITAL ST,,Non-Injury Crash,Yes,2009,0,North,1,0,1,Flat,0,,0,,0,Dark,1531700,0,0,0,2,0,0,0,0,0,,0,0,Manawatū-Whanganui Region,Nil,2-way,Sealed,0,0,0,0,50,0,On,0,0,,41,Tararua District,Give way,0,0,0,0,0,0,Urban,0,0,0,Light rain,Null
2060949,5745069,11434,,544001,0,0,0,1,0,South,2008/2009,SH 35,MANGATUNA ROAD,,Non-Injury Crash,Yes,2009,0,North,0,0,0,Hill Road,0,Christmas New Year,0,,0,Overcast,1355400,0,0,0,2,0,0,0,0,0,,0,1,Gisborne Region,Nil,2-way,Sealed,0,0,0,0,100,0,Null,0,0,,28,Gisborne District,Nil,0,0,0,1,0,0,Open,0,0,0,Fine,Null
1680136,5404782,11435,,581220,0,,0,1,,Null,2008/2009,SH 1S,FARMAR ST,,Non-Injury Crash,Yes,2009,,East,,0,,Flat,,,,,,Bright sun,2294700,0,0,0,2,,,0,,,,,,Marlborough Region,Nil,2-way,Sealed,,0,0,,50,,Null,0,0,,53,Marlborough District,Give way,,,,,1,0,Urban,0,,,Fine,Null
1758274,5920198,11436,,515902,0,,0,1,,Null,2008/2009,SH 16,PARNELL RISE,,Non-Injury Crash,Yes,2009,,South,,0,,Flat,,,,,,Dark,452300,0,0,0,3,,,0,,,,,,Auckland Region,Nil,2-way,Sealed,,0,0,,50,,On,1,0,,76,Auckland,Traffic Signals,,,,,0,0,Urban,0,,,Fine,Null
1717164,6053353,11437,65,502001,0,0,0,1,1,North,2009/2010,SH 1N,SNAKE HILL ROAD,,Non-Injury Crash,Yes,2009,0,North,0,0,0,Hill Road,0,,0,,0,Overcast,63804,0,0,0,3,0,0,0,0,0,,0,0,Northland Region,Nil,2-way,Sealed,0,0,0,0,100,0,None,0,0,,2,Whangarei District,Nil,0,0,0,0,0,0,Open,0,0,0,Light rain,Null
1766846,5438762,11438,,568104,0,0,0,0,0,East,2008/2009,MANUKA ST,ZEALA GROVE,,Non-Injury Crash,No,2009,0,West,0,0,0,Hill Road,0,,0,,0,Overcast,1927402,0,0,0,2,0,0,0,0,0,,0,1,Wellington Region,Nil,2-way,Sealed,0,0,0,0,50,0,Null,0,0,,46,Lower Hutt City,Nil,0,0,0,0,1,0,Urban,0,0,0,Light rain,Null
1744427,5918206,11439,,513302,0,0,0,1,0,North,2009/2010,SWANSON ROAD,RATHGAR ROAD,,Non-Injury Crash,No,2009,0,West,0,0,0,Flat,0,,0,,0,Dark,233400,0,0,0,2,0,1,0,0,0,,0,0,Auckland Region,Nil,2-way,Sealed,0,0,0,0,50,0,On,0,0,,76,Auckland,Nil,0,0,0,0,0,0,Urban,0,0,0,Fine,Null
1831836,5883765,11440,,533603,0,0,0,1,0,East,2009/2010,SH 25A,SH 26,,Non-Injury Crash,Yes,2009,0,West,0,0,0,Flat,0,Labour Weekend,0,,0,Overcast,1057401,0,0,0,2,0,0,0,0,0,,0,0,Waikato Region,Nil,2-way,Sealed,0,0,0,0,100,0,Off,0,0,,11,Thames-Coromandel District,Nil,0,1,0,0,0,0,Open,0,0,0,Fine,Null
1766723,5904428,11441,,524604,0,,0,1,,Null,2009/2010,RONWOOD AVENUE,LAMBIE DRIVE,,Non-Injury Crash,No,2009,,West,,0,,Flat,,,,,,Dark,780209,0,0,0,2,,,0,,,,,,Auckland Region,Nil,2-way,Sealed,,0,0,,50,,On,1,0,,76,Auckland,Give way,,,,,0,0,Urban,0,,,Fine,Null
1868660,5714264,11442,,541730,0,,0,1,,Null,2008/2009,SPA ROAD,TAUHARA ROAD,,Non-Injury Crash,No,2009,,West,,0,,Hill Road,,,,,,Overcast,1271600,0,0,0,2,,,0,,,,,,Waikato Region,Nil,2-way,Sealed,,0,0,,50,,Null,1,0,,21,Taupo District,Give way,,,,,0,0,Urban,0,,,Fine,Null
1765790,5439007,11443,,568103,0,,0,2,,South,2008/2009,AUGUST ST,DELANEY DRIVE,,Non-Injury Crash,No,2009,,West,,0,,Hill Road,,,,,,Dark,1934400,0,0,0,2,,,0,,,,,,Wellington Region,Nil,2-way,Sealed,,0,0,,50,,On,0,0,,46,Lower Hutt City,Nil,,,,,0,0,Urban,0,,,Fine,Null
1767823,5881970,11444,,525910,0,,0,2,,South,2008/2009,TASMAN ST,BIRDWOOD ROAD,,Non-Injury Crash,No,2009,,South,,0,,Flat,,,,,,Dark,819302,0,0,0,2,,,0,,,,,,Auckland Region,Nil,2-way,Sealed,,0,0,,50,,None,0,0,,76,Auckland,Nil,,,,,0,0,Urban,0,,,Fine,Null
1686226,6101273,11445,,500900,0,0,0,2,0,West,2009/2010,HOMESTEAD ROAD,KERIKERI ROAD,,Non-Injury Crash,No,2009,0,North,0,0,0,Flat,0,,0,,0,Bright sun,53305,0,0,0,1,0,0,0,0,1,,0,0,Northland Region,Nil,1-way,Sealed,0,0,0,0,50,0,Off,0,0,,1,Far North District,Nil,0,0,0,0,0,0,Urban,0,0,0,Fine,Null
1754887,5444235,11446,,571000,0,0,0,0,0,Null,2008/2009,MUNGAVIN AVENUE,MUNGAVIN OFF SBD,,Non-Injury Crash,No,2009,0,East,0,0,0,Flat,0,,0,,0,Dark,2051100,0,0,0,2,0,0,0,0,0,,0,0,Wellington Region,Nil,1-way,Sealed,0,0,0,0,50,0,On,0,0,,44,Porirua City,Give way,0,0,0,1,0,0,Urban,1,0,0,Light rain,Null
1753642,5932196,11447,,508805,0,0,0,2,0,South,2008/2009,SH 1N,ROSEDALE OBR,,Non-Injury Crash,Yes,2009,0,South,0,0,0,Flat,0,,0,,0,Dark,180866,0,0,0,2,0,0,0,0,0,,0,0,Auckland Region,Nil,1-way,Sealed,0,0,0,0,100,0,On,0,0,,76,Auckland,Nil,0,0,0,0,0,0,Open,0,0,0,Light rain,Null
1752828,5913819,11448,,514500,0,0,0,1,0,West,2008/2009,MULGAN ST,NEW WINDSOR ROAD,,Non-Injury Crash,No,2009,0,West,0,0,0,Flat,0,,0,,0,Dark,374300,0,0,0,2,0,0,0,0,1,,0,0,Auckland Region,Nil,2-way,Sealed,0,0,0,0,50,0,On,0,0,,76,Auckland,Nil,0,0,0,0,0,0,Urban,1,0,0,Light rain,Null
1756185,5926987,11449,,507900,0,,0,3,,West,2009/2010,NORTHCOTE ROAD,NORTHCOTE OFF NBD W,,Non-Injury Crash,No,2009,,West,,0,,Flat,,,,,,Bright sun,305201,0,0,0,2,,,0,,,,,,Auckland Region,Nil,2-way,Sealed,,0,0,,50,,Off,0,0,,76,Auckland,Nil,,,,,0,0,Urban,0,,,Fine,Null
1765143,5910241,11450,,521803,0,,0,2,,Null,2008/2009,FRANK GREY PLACE,OTAHUHU ON SBD,,Non-Injury Crash,Yes,2009,,North,,0,,Flat,,,,,,Dark,790500,0,0,0,2,,,0,,,,,,Auckland Region,Nil,2-way,Sealed,,0,0,,30,,On,0,0,,76,Auckland,Give way,,,,,0,0,Urban,0,,,Null,Null
1762742,5912914,11451,,520500,0,,0,2,,Null,2009/2010,SEART ON NBD,SOUTH-EASTERN HIGHWAY,,Non-Injury Crash,Yes,2009,,West,,0,,Flat,,Labour Weekend,,,,Overcast,637300,0,0,0,6,,,0,,,,,,Auckland Region,Motorway ramp,2-way,Sealed,,0,0,,80,,Off,0,0,,76,Auckland,Traffic Signals,,,,,0,0,Open,0,,,Fine,Null
1827345,5839594,11452,,534603,0,,0,0,,Null,2009/2010,NO 4 ROAD,NO 7 ROAD,,Non-Injury Crash,No,2009,,South,,0,,Flat,,,,,,Overcast,1095500,0,0,1,2,,,0,,,,,,Waikato Region,Nil,2-way,Sealed,,0,0,,100,,Null,1,0,,15,Matamata-Piako District,Give way,,,,,0,0,Open,0,,,Fine,Null
1782829,5895312,11453,,521132,0,,0,0,,Null,2009/2010,HUNUA ROAD,JOHN HILL ROAD,,Non-Injury Crash,No,2009,,West,,0,,Flat,,,,,,Twilight,816305,0,0,0,2,,,0,,,,,,Auckland Region,Nil,2-way,Sealed,,0,0,,100,,None,0,0,,76,Auckland,Nil,,,,,0,0,Open,1,,,Light rain,Null
1756323,5924385,11454,,509702,0,,0,3,,South,2009/2010,SH 1N,ONEWA OBR ON,,Non-Injury Crash,Yes,2009,,South,,0,,Flat,,,,,,Bright sun,366700,0,0,0,4,,,0,,,,,,Auckland Region,Nil,1-way,Sealed,,0,0,,80,,Off,0,0,,76,Auckland,Nil,,,,,0,0,Open,0,,,Fine,Null
1756145,5920992,11455,,515202,0,,0,1,,North,2008/2009,SH 1N,FANSHAWE OBR,,Non-Injury Crash,Yes,2009,,South,,0,,Flat,,,,,,Bright sun,425600,0,0,0,4,,,0,,,,,,Auckland Region,Nil,1-way,Sealed,,0,0,,80,,Off,1,0,,76,Auckland,Nil,,,,,0,0,Open,0,,,Fine,Null
1747959,5431489,11456,,574701,0,,0,2,,Null,2008/2009,CHURCHILL DRIVE,SILVERSTREAM ROAD,,Non-Injury Crash,No,2009,,South,,0,,Flat,,,,,,Dark,2105001,0,0,0,2,,,0,,,,,,Wellington Region,Nil,2-way,Sealed,,0,0,,50,,None,0,0,,47,Wellington City,Give way,,,,,0,0,Urban,0,,,Light rain,Null
1766001,5900582,11457,,524713,0,,0,2,,Null,2009/2010,ROSCOMMON ROAD,WORDSWORTH ROAD,,Non-Injury Crash,No,2009,,South,,0,,Flat,,,,,,Dark,775817,0,0,0,2,,,0,,,,,,Auckland Region,Nil,2-way,Sealed,,0,0,,50,,On,0,0,,76,Auckland,Give way,,,,,0,0,Urban,0,,,Fine,Null
1757122,5919427,11458,,514103,0,,0,2,,East,2008/2009,KARANGAHAPE ROAD,QUEEN ST,,Non-Injury Crash,No,2009,,East,,0,,Flat,,,,,,Overcast,436500,0,0,0,4,,,0,,,,,,Auckland Region,Nil,2-way,Sealed,,0,0,,50,,Off,0,0,,76,Auckland,Nil,,,,,0,0,Urban,0,,,Fine,Null
1775347,5895695,11459,,525700,0,,1,1,,Null,2009/2010,REDCREST AVENUE,BALMERINO AVENUE,,Non-Injury Crash,No,2009,,West,,0,,Flat,,,,,,Bright sun,800303,0,0,0,2,,,0,,,,,,Auckland Region,Nil,2-way,Sealed,,0,0,,50,,Null,0,0,,76,Auckland,Nil,,,,,0,0,Urban,0,,,Fine,Null
1759658,5436345,11460,,569100,0,0,0,1,0,South,2008/2009,HIGH ST,WATERLOO ROAD,,Non-Injury Crash,No,2009,0,South,0,0,0,Flat,0,,0,,0,Bright sun,1967500,0,0,0,2,0,0,0,0,1,,0,0,Wellington Region,Nil,2-way,Sealed,0,0,0,0,50,0,Null,0,0,,46,Lower Hutt City,Nil,0,0,0,0,0,0,Urban,1,0,0,Fine,Null
1773759,5473414,11461,,563706,0,,0,2,,Null,2008/2009,KAPANUI ROAD,RIMU ST,,Non-Injury Crash,No,2009,,East,,0,,Flat,,,,,,Bright sun,1875604,0,0,0,2,,,0,,,,,,Wellington Region,Nil,2-way,Sealed,,0,0,,50,,Null,0,0,,43,Kapiti Coast District,Stop,,,,,0,0,Urban,0,,,Fine,Null
1747551,5425478,11462,,575701,0,,0,2,,Null,2009/2010,OHIRO ROAD,TAFT ST,,Non-Injury Crash,No,2009,,South,,0,,Hill Road,,,,,,Overcast,2199500,0,0,0,2,,,0,,,,,,Wellington Region,Nil,2-way,Sealed,,0,0,,50,,Null,0,0,,47,Wellington City,Give way,,,,,0,0,Urban,0,,,Fine,Null
1751569,5435551,11463,,573600,0,,0,2,,Null,2008/2009,BASSETT ROAD,CLIFFORD ROAD,,Non-Injury Crash,No,2009,,North,,0,,Hill Road,,,,,,Bright sun,2080700,0,0,0,2,,,0,,,,,,Wellington Region,Nil,2-way,Sealed,,0,0,,50,,Null,0,0,,47,Wellington City,Stop,,,,,0,0,Urban,0,,,Fine,Null
1865949,5827066,11464,,536000,0,,0,2,,Null,2008/2009,SH 2,OMOKOROA ROAD,,Non-Injury Crash,Yes,2009,,South,,0,,Flat,,,,,,Overcast,1187500,0,0,0,2,,,0,,,,,,Bay of Plenty Region,Nil,2-way,Sealed,,0,0,,100,,Null,0,0,,22,Western Bay of Plenty District,Stop,,,,,0,0,Open,0,,,Fine,Null
1759788,5436479,11465,,569100,0,,0,2,,Null,2008/2009,Z CPK COUNTDOWN,HIGH ST,,Non-Injury Crash,No,2009,,East,,0,,Flat,,,,,,Bright sun,1967000,0,0,0,0,,,0,,,,,,Wellington Region,Nil,Off road,Sealed,,0,0,,100,,Null,0,0,,46,Lower Hutt City,Nil,,,,,0,0,Open,0,,,Fine,Null
1871598,5822902,11466,,536620,0,,0,2,,Null,2009/2010,SH 2,CLARKE ROAD,,Non-Injury Crash,Yes,2009,,West,,0,,Flat,,,,,,Bright sun,1189602,0,0,0,2,,,0,,,,,,Bay of Plenty Region,Nil,2-way,Sealed,,0,0,,100,,Off,0,0,,22,Western Bay of Plenty District,Stop,,,,,0,0,Open,0,,,Fine,Null
1766275,5904593,11467,,524603,0,,0,2,,West,2009/2010,CAVENDISH DRIVE,NORMAN SPENCER DRIVE,,Non-Injury Crash,No,2009,,West,,0,,Flat,,,,,,Overcast,780202,0,0,0,2,,,0,,,,,,Auckland Region,Nil,2-way,Sealed,,0,0,,50,,Off,0,0,,76,Auckland,Nil,,,,,0,0,Urban,0,,,Fine,Null
1756576,5919550,11468,,514102,0,,0,1,,South,2009/2010,SH 1N,HOPETOUN OBR,,Non-Injury Crash,Yes,2009,,South,,0,,Hill Road,,,,,,Bright sun,436002,0,0,0,3,,,0,,,,,,Auckland Region,Nil,1-way,Sealed,,0,0,,80,,Off,0,0,,76,Auckland,Nil,,,,,0,0,Open,1,,,Fine,Null
1748972,5918376,11469,,514801,0,,0,2,,West,2008/2009,SH 16,ROSEBANK OBR,,Non-Injury Crash,Yes,2009,,West,,0,,Flat,,,,,,Bright sun,389200,0,0,0,3,,,0,,,,,,Auckland Region,Nil,1-way,Sealed,,0,0,,100,,Off,0,0,,76,Auckland,Nil,,,,,0,0,Open,0,,,Fine,Null
1751629,5934054,11470,,508701,0,,0,2,,Null,2009/2010,DAIRY FLAT HIGHWAY,ALBANY HIGHWAY,,Non-Injury Crash,No,2009,,North,,0,,Flat,,,,,,Overcast,178800,0,0,0,2,,,0,,,,,,Auckland Region,Nil,1-way,Sealed,,0,0,,50,,Off,0,0,,76,Auckland,Give way,,,,,0,0,Urban,0,,,Fine,Null
1879266,5819766,11471,,537900,0,,1,1,,Null,2008/2009,WELCOME BAY ROAD,SH 29,,Non-Injury Crash,No,2009,,West,,0,,Flat,,,,,,Bright sun,1179506,0,0,0,2,,,0,,,,,,Bay of Plenty Region,Nil,2-way,Sealed,,0,0,,50,,Null,0,0,,23,Tauranga City,Give way,,,,,0,0,Urban,0,,,Fine,Null
1757935,5920784,11472,,514101,0,,1,1,,Null,2009/2010,BEACH ROAD,ANZAC AVENUE,,Non-Injury Crash,No,2009,,East,,0,,Flat,,,,,,Overcast,438212,0,0,0,6,,,0,,,,,,Auckland Region,Nil,2-way,Sealed,,0,0,,50,,On,0,0,,76,Auckland,Traffic Signals,,,,,0,0,Urban,0,,,Fine,Null
1747306,5926562,11473,,513431,0,0,0,0,0,North,2009/2010,HOBSONVILLE ROAD,WALLINGFORD WAY,,Non-Injury Crash,No,2009,0,North,0,0,0,Flat,0,,0,,0,Dark,221802,0,0,0,2,0,0,0,0,0,,0,1,Auckland Region,Nil,2-way,Sealed,0,0,0,0,50,0,On,0,0,,76,Auckland,Nil,0,1,0,0,0,0,Urban,1,0,0,Light rain,Null
1746872,5913925,11474,,511002,0,,0,2,,West,2009/2010,WEST COAST ROAD,GLENDALE ROAD,,Non-Injury Crash,No,2009,,East,,0,,Flat,,,,,,Dark,283400,0,0,0,1,,,0,,,,,,Auckland Region,Nil,2-way,Sealed,,0,0,,50,,On,0,0,,76,Auckland,Unknown,,,,,0,0,Urban,0,,,Fine,Null
1754816,5933532,11475,,508804,0,,0,2,,Null,2009/2010,EAST COAST ROAD,BROWNS BAY ROAD,,Non-Injury Crash,No,2009,,South,,0,,Flat,,,,,,Twilight,156502,0,0,0,3,,,0,,,,,,Auckland Region,Nil,2-way,Sealed,,0,0,,50,,On,0,0,,76,Auckland,Traffic Signals,,,,,0,0,Urban,0,,,Fine,Null
1749430,5913916,11476,,511302,0,,0,2,,Null,2009/2010,GREAT NORTH ROAD,TITIRANGI ROAD,,Non-Injury Crash,No,2009,,East,,0,,Hill Road,,Labour Weekend,,,,Bright sun,268900,0,0,0,4,,,0,,,,,,Auckland Region,Nil,2-way,Sealed,,0,0,,50,,Off,0,0,,76,Auckland,Give way,,,,,0,0,Urban,0,,,Fine,Null
1883937,5774046,11477,,540410,0,,0,1,,East,2009/2010,SH 30A,TAREWA ROAD,,Non-Injury Crash,Yes,2009,,East,,0,,Flat,,,,,,Overcast,1231900,0,0,0,2,,,0,,,,,,Bay of Plenty Region,Nil,2-way,Sealed,,0,0,,50,,Null,0,0,,24,Rotorua District,Unknown,,,,,0,0,Urban,1,,,Fine,Null
1765577,5906956,11478,,522301,0,0,0,4,0,North,2008/2009,GREAT SOUTH ROAD,KOLMAR ROAD,,Non-Injury Crash,No,2009,0,South,0,0,0,Flat,0,,0,,0,Bright sun,666800,0,0,0,4,0,0,0,0,1,,0,0,Auckland Region,Nil,2-way,Sealed,0,0,0,0,50,0,Off,0,0,,76,Auckland,Nil,0,0,0,0,0,0,Urban,0,0,0,Fine,Null
1767456,5905770,11479,,522302,0,,0,1,,North,2009/2010,SH 1N,REAGAN OBR,,Non-Injury Crash,Yes,2009,,North,,0,,Flat,,,,,,Twilight,670902,0,0,0,3,,,0,,,,,,Auckland Region,Nil,1-way,Sealed,,0,0,,100,,On,2,0,,76,Auckland,Nil,,,,,0,0,Open,0,,,Heavy rain,Null
1756499,5920014,11480,,514000,0,0,0,0,0,North,2009/2010,SH 1N,WELLINGTON OBR,,Non-Injury Crash,Yes,2009,0,North,0,0,0,Flat,1,,0,,0,Overcast,417400,0,0,0,2,0,0,0,0,0,,0,0,Auckland Region,Nil,1-way,Sealed,0,0,0,0,100,0,Off,0,0,,76,Auckland,Nil,0,0,0,0,0,0,Open,1,0,0,Light rain,Null
1949354,5791335,11481,,542410,0,,0,2,,West,2009/2010,LANDING ROAD,NELSON ST,,Non-Injury Crash,No,2009,,East,,0,,Flat,,,,,,Bright sun,1309702,0,0,0,2,,,0,,,,,,Bay of Plenty Region,Nil,2-way,Sealed,,0,0,,50,,Off,0,0,,25,Whakatane District,Nil,,,,,0,0,Urban,0,,,Fine,Null
1767320,5463874,11482,,566302,0,,0,1,,East,2008/2009,WATERFALL ROAD,SH 1N,,Non-Injury Crash,No,2009,,East,,0,,Hill Road,,,,,,Bright sun,1998000,0,0,0,2,,,0,,,,,,Wellington Region,Nil,2-way,Unsealed,,0,0,,100,,Null,0,0,,43,Kapiti Coast District,Nil,,,,,1,0,Open,0,,,Fine,Null
1936614,5621146,11483,,546901,0,,0,2,,Null,2008/2009,Z CPK PAK N SAVE,STATION ST,,Non-Injury Crash,No,2009,,South,,0,,Flat,,,,,,Dark,1429700,0,0,0,0,,,0,,,,,,Hawke's Bay Region,Nil,Off road,Sealed,,0,0,,50,,On,0,0,,31,Napier City,Nil,,,,,0,0,Urban,0,,,Fine,Null
1759216,5920541,11484,,515902,0,0,0,2,0,East,2008/2009,TAMAKI DRIVE,SH 16,,Non-Injury Crash,No,2009,0,West,0,0,0,Flat,0,,0,,0,Overcast,454800,0,0,0,5,0,0,0,0,1,,0,0,Auckland Region,Nil,2-way,Sealed,0,0,0,0,50,0,Off,0,0,,76,Auckland,Nil,0,0,0,0,0,0,Urban,0,0,0,Fine,Null
1761105,5432620,11485,,568800,0,0,0,1,0,North,2008/2009,WAINUIOMATA HILL ROAD,BARRIER STH,,Non-Injury Crash,No,2009,0,North,0,0,0,Hill Road,1,,0,,0,Overcast,1980800,0,0,0,2,0,0,0,0,0,,0,0,Wellington Region,Nil,2-way,Sealed,0,0,0,0,80,0,Null,0,0,,46,Lower Hutt City,Nil,0,0,0,0,0,0,Open,0,0,0,Light rain,Null
1759593,5925159,11486,,508110,0,,0,2,,Null,2009/2010,LAKE ROAD,WESTWELL ROAD,,Non-Injury Crash,No,2009,,North,,0,,Flat,,,,,,Dark,319400,0,0,0,2,,,0,,,,,,Auckland Region,Nil,2-way,Sealed,,0,0,,50,,On,0,0,,76,Auckland,Nil,,,,,0,0,Urban,0,,,Heavy rain,Null
1823374,5462890,11487,,578600,0,,0,2,,South,2009/2010,QUEEN ST,HARLEQUIN ST,,Non-Injury Crash,No,2009,,North,,0,,Flat,,,,,,Bright sun,2243100,0,0,0,2,,,0,,,,,,Wellington Region,Nil,2-way,Sealed,,0,0,,50,,Null,0,0,,48,Masterton District,Nil,,,,,0,0,Urban,0,,,Fine,Null
1403784,4916775,11488,,603930,0,,0,0,,South,2009/2010,KAIKORAI VALLEY ROAD,STONE ST,,Non-Injury Crash,No,2009,,South,,0,,Flat,,,,,,Dark,2881800,0,0,0,2,,,0,,,,,,Otago Region,Nil,2-way,Sealed,,0,0,,50,,On,0,0,,71,Dunedin City,Unknown,,,,,1,0,Urban,0,,,Fine,Frost
1840728,5814489,11489,,535220,0,0,0,1,0,North,2009/2010,GUNN ROAD,PERIA ROAD,,Non-Injury Crash,No,2009,0,North,0,0,0,Hill Road,0,,0,,0,Dark,1117000,0,0,0,2,0,0,0,0,0,,0,0,Waikato Region,Nil,2-way,Sealed,0,0,0,0,100,0,None,0,0,,15,Matamata-Piako District,Unknown,0,0,0,0,0,0,Open,0,0,0,Mist or Fog,Null
1756158,5923993,11490,,509800,0,,0,2,,South,2009/2010,SH 1N,ONEWA ON SBD,,Non-Injury Crash,Yes,2009,,South,,0,,Flat,,,,,,Bright sun,361200,0,0,0,5,,,0,,,,,,Auckland Region,Motorway ramp,1-way,Sealed,,0,0,,80,,Off,0,0,,76,Auckland,Nil,,,,,0,0,Open,0,,,Fine,Null
1760676,5907071,11491,,524112,0,0,0,1,0,Null,2008/2009,BADER DRIVE,ASHGROVE ROAD,,Non-Injury Crash,No,2009,0,North,0,0,0,Hill Road,0,,0,,0,Bright sun,742101,0,0,0,4,0,0,0,0,0,,0,0,Auckland Region,Nil,2-way,Sealed,0,0,0,0,50,0,Off,0,0,,76,Auckland,Give way,0,0,0,1,0,0,Urban,0,0,0,Fine,Null
1731303,6022235,11492,,501815,0,,0,2,,South,2009/2010,SH 1N,MOUNTFIELD ROAD,,Non-Injury Crash,Yes,2009,,South,,0,,Flat,,Labour Weekend,,,,Bright sun,79802,0,0,0,2,,,0,,,,,,Northland Region,Nil,2-way,Sealed,,0,0,,100,,None,0,0,,2,Whangarei District,Nil,,,,,0,0,Open,0,,,Fine,Null
1745082,5917939,11493,,510700,0,,0,2,,Null,2009/2010,LINCOLN ROAD,SEL PEACOCK DRIVE,,Non-Injury Crash,No,2009,,South,,0,,Flat,,,,,,Bright sun,240200,0,0,0,4,,,0,,,,,,Auckland Region,Nil,2-way,Sealed,,0,0,,50,,Off,0,0,,76,Auckland,Traffic Signals,,,,,0,0,Urban,0,,,Fine,Null
1798140,5814549,11494,,529000,0,,0,2,,East,2009/2010,KILLARNEY ROAD,SH 23,,Non-Injury Crash,No,2009,,West,,0,,Flat,,,,,,Overcast,917900,0,0,0,2,,,0,,,,,,Waikato Region,Nil,2-way,Sealed,,0,0,,50,,Null,0,0,,16,Hamilton City,Unknown,,,,,0,0,Urban,0,,,Light rain,Null
1550795,5165406,11495,,597512,0,0,0,1,0,South,2009/2010,GOULDS ROAD,CHAMBERLAINS ROAD,,Minor Crash,No,2009,0,South,0,0,0,Flat,0,,0,,0,Overcast,2719800,1,0,0,2,0,0,0,0,0,,0,1,Canterbury Region,Nil,2-way,Sealed,0,0,0,0,100,0,Null,1,0,,62,Selwyn District,Unknown,0,0,0,0,0,0,Open,0,0,0,Light rain,Null