X,Y,OBJECTID,advisorySpeed,areaUnitID,bicycle,bridge,bus,carStationWagon,cliffBank,crashDirectionDescription,crashFinancialYear,crashLocation1,crashLocation2,crashRoadSideRoad,crashSeverity,crashSHDescription,crashYear,debris,directionRoleDescription,ditch,fatalCount,fence,flatHill,guardRail,holiday,houseOrBuilding,intersection,kerb,light,meshblockId,minorInjuryCount,moped,motorcycle,NumberOfLanes,objectThrownOrDropped,otherObject,otherVehicleType,overBank,parkedVehicle,pedestrian,phoneBoxEtc,postOrPole,region,roadCharacter,roadLane,roadSurface,roadworks,schoolBus,seriousInjuryCount,slipOrFlood,speedLimit,strayAnimal,streetLight,suv,taxi,temporarySpeedLimit,tlaId,tlaName,trafficControl,trafficIsland,trafficSign,train,tree,truck,unknownVehicleType,urban,vanOrUtility,vehicle,waterRiver,weatherA,weatherB
1798979,5815185,11496,,528900,0,,0,2,,Null,2008/2009,SH 1N,SH 23,,Non-Injury Crash,Yes,2009,,North,,0,,Flat,,,,,,Dark,915600,0,0,0,3,,,0,,,,,,Waikato Region,Nil,2-way,Sealed,,0,0,,60,,On,0,0,,16,Hamilton City,Traffic Signals,,,,,0,0,Urban,0,,,Fine,Null
1376145,4897491,11497,,606700,0,0,0,0,1,East,2009/2010,FINLAYSON ROAD,WILKINSON ROAD,,Minor Crash,No,2009,0,West,1,0,0,Flat,0,,0,,0,Dark,2987900,1,0,0,2,0,0,0,0,0,,0,0,Otago Region,Nil,2-way,Sealed,0,0,0,0,100,0,None,0,0,,72,Clutha District,Unknown,0,0,0,0,0,0,Open,1,0,0,Fine,Frost
1758376,5926654,11498,,508020,0,,0,2,,Null,2008/2009,LAKE ROAD,PARK AVENUE,,Non-Injury Crash,No,2009,,North,,0,,Flat,,,,,,Bright sun,325300,0,0,0,2,,,0,,,,,,Auckland Region,Nil,2-way,Sealed,,0,0,,50,,Null,0,0,,76,Auckland,Traffic Signals,,,,,0,0,Urban,0,,,Fine,Null
1756425,5919373,11499,,514000,0,,0,2,,Null,2009/2010,KARANGAHAPE ROAD,EDINBURGH ST,,Non-Injury Crash,No,2009,,West,,0,,Flat,,,,,,Bright sun,413900,0,0,0,5,,,0,,,,,,Auckland Region,Nil,2-way,Sealed,,0,0,,50,,Null,0,0,,76,Auckland,Traffic Signals,,,,,0,0,Urban,0,,,Fine,Null
1759575,5919442,11500,,515901,0,0,0,1,0,East,2009/2010,LOGAN TERRACE,LICHFIELD ROAD,,Non-Injury Crash,No,2009,0,West,0,0,0,Flat,0,,0,,0,Dark,456000,0,0,0,2,0,0,0,0,1,,0,0,Auckland Region,Nil,2-way,Sealed,0,0,0,0,50,0,On,1,0,,76,Auckland,Nil,0,0,0,0,0,0,Urban,0,0,0,Fine,Null
1796950,5816153,11501,,528501,0,,0,2,,East,2009/2010,GRANDVIEW ROAD,HYDE AVENUE,,Non-Injury Crash,No,2009,,North,,0,,Flat,,,,,,Bright sun,905901,0,0,0,1,,,0,,,,,,Waikato Region,Nil,2-way,Sealed,,0,0,,50,,None,0,0,,16,Hamilton City,Nil,,,,,0,0,Urban,0,,,Fine,Null
1874416,5823416,11502,,536514,0,,0,2,,East,2009/2010,SH 2,MOFFAT ROAD,,Non-Injury Crash,Yes,2009,,West,,0,,Flat,,,,,,Overcast,1190303,0,0,0,4,,,0,,,,,,Bay of Plenty Region,Nil,2-way,Sealed,,0,0,,50,,Off,0,0,,23,Tauranga City,Nil,,,,,0,0,Urban,0,,,Light rain,Null
1800587,5818553,11503,,529401,0,,0,1,,Null,2008/2009,BANKWOOD ROAD,TONGARIRO ST,,Non-Injury Crash,No,2009,,North,,0,,Flat,,,,,,Overcast,879100,0,0,0,2,,,0,,,,,,Waikato Region,Nil,2-way,Sealed,,0,0,,50,,Off,0,0,,16,Hamilton City,Give way,,,,,0,0,Urban,1,,,Fine,Null
1772742,5913965,11504,,521502,0,,0,1,,Null,2008/2009,KERWYN AVENUE,SANDSPIT ROAD,,Non-Injury Crash,No,2009,,North,,0,,Flat,,,,,,Bright sun,654400,0,0,0,2,,,0,,,,,,Auckland Region,Nil,2-way,Sealed,,0,0,,50,,Null,1,0,,76,Auckland,Give way,,,,,0,0,Urban,0,,,Fine,Null
1768148,5907750,11505,,523711,0,,0,2,,Null,2009/2010,PRESTON ROAD,ORMISTON ROAD,,Non-Injury Crash,No,2009,,South,,0,,Hill Road,,,,,,Twilight,713600,0,0,0,4,,,0,,,,,,Auckland Region,Nil,2-way,Sealed,,0,0,,50,,On,0,0,,76,Auckland,Traffic Signals,,,,,0,0,Urban,0,,,Light rain,Null
1764013,5916642,11506,,516302,0,,0,1,,Null,2009/2010,COLLEGE ROAD,NGAHUE DRIVE,,Non-Injury Crash,No,2009,,East,,0,,Flat,,,,,,Bright sun,465301,0,0,0,4,,,0,,,,,,Auckland Region,Nil,2-way,Sealed,,0,0,,50,,Off,0,0,,76,Auckland,Traffic Signals,,,,,1,0,Urban,0,,,Fine,Null
1696140,5677035,11507,,551012,0,,0,3,,Null,2008/2009,SH 3,SMART ROAD,,Non-Injury Crash,Yes,2009,,East,,0,,Flat,,,,,,Bright sun,1559600,0,0,0,2,,,0,,,,,,Taranaki Region,Nil,2-way,Sealed,,0,0,,50,,Null,0,0,,33,New Plymouth District,Traffic Signals,,,,,0,0,Urban,0,,,Fine,Null
1620856,5429882,11508,,583000,0,,0,2,,South,2008/2009,SH 6,MURITAI ST,,Non-Injury Crash,Yes,2009,,North,,0,,Flat,,,,,,Overcast,2333100,0,0,0,2,,,0,,,,,,Nelson Region,Nil,2-way,Sealed,,0,0,,50,,Null,0,0,,52,Nelson City,Nil,,,,,0,0,Urban,0,,,Fine,Null
1744447,5922555,11509,,513530,0,0,0,1,0,West,2008/2009,ROYAL ROAD,ROYAL ON EBD W,,Non-Injury Crash,No,2009,0,East,0,0,0,Flat,1,,0,,0,Twilight,225802,0,0,0,2,0,0,0,0,0,,0,0,Auckland Region,Nil,2-way,Sealed,0,0,0,0,50,0,On,0,0,,76,Auckland,Nil,0,0,0,0,0,0,Urban,0,0,0,Fine,Null
1763715,5904607,11510,,522100,0,,0,2,,Null,2009/2010,SH 20,PUHINUI OFF SBD,,Non-Injury Crash,Yes,2009,,South,,0,,Flat,,,,,,Bright sun,781001,0,0,0,2,,,0,,,,,,Auckland Region,Nil,1-way,Sealed,,0,0,,100,,Off,0,0,,76,Auckland,Nil,,,,,0,0,Open,0,,,Fine,Null
1691959,5674653,11511,,551700,0,,0,1,,North,2008/2009,SANDERS AVENUE,CLAWTON ST,,Non-Injury Crash,No,2009,,North,,0,,Flat,,,,,,Overcast,1574600,0,0,0,2,,,0,,,,,,Taranaki Region,Nil,2-way,Sealed,,0,0,,50,,Null,0,0,,33,New Plymouth District,Nil,,,,,0,0,Urban,1,,,Fine,Null
1762501,5905910,11512,,524302,0,,0,4,,South,2009/2010,SH 20,MASSEY OBR,,Non-Injury Crash,Yes,2009,,South,,0,,Flat,,,,,,Dark,744800,0,0,0,4,,,0,,,,,,Auckland Region,Nil,2-way,Sealed,,0,0,,100,,On,0,0,,76,Auckland,Unknown,,,,,0,0,Open,0,,,Fine,Null
1878483,5822010,11513,,538102,0,,0,2,,Null,2009/2010,SH 2A,FRASER ST,,Non-Injury Crash,Yes,2009,,East,,0,,Flat,,,,,,Overcast,1168700,0,0,0,2,,,0,,,,,,Bay of Plenty Region,Nil,2-way,Sealed,,0,0,,50,,Null,0,0,,23,Tauranga City,Traffic Signals,,,,,0,0,Urban,0,,,Fine,Null
1761172,5914944,11514,,520201,0,0,0,2,0,West,2009/2010,MAIN HIGHWAY,ROBERT ST,,Non-Injury Crash,No,2009,0,East,0,0,0,Flat,0,,0,,0,Bright sun,610900,0,0,0,2,0,0,0,0,0,,0,0,Auckland Region,Nil,2-way,Sealed,0,0,0,0,50,0,Off,0,1,,76,Auckland,Nil,0,0,0,0,0,0,Urban,0,1,0,Fine,Null
1879563,5824869,11515,,538201,0,0,0,1,0,Null,2008/2009,MCLEAN ST,THE STRAND,,Non-Injury Crash,No,2009,0,East,0,0,1,Flat,0,,0,,1,Dark,1163200,0,0,0,2,0,1,0,0,0,,0,0,Bay of Plenty Region,Nil,2-way,Sealed,0,0,0,0,50,0,On,0,0,,23,Tauranga City,Give way,0,0,0,0,0,0,Urban,0,0,0,Fine,Null
1767217,5904432,11516,,524604,0,,0,2,,Null,2009/2010,AMERSHAM WAY,OSTERLEY WAY,,Non-Injury Crash,No,2009,,South,,0,,Flat,,,,,,Twilight,780204,0,0,0,2,,,0,,,,,,Auckland Region,Nil,2-way,Sealed,,0,0,,50,,Off,0,0,,76,Auckland,Give way,,,,,0,0,Urban,0,,,Fine,Null
1750152,5430889,11517,,574500,0,,0,3,,South,2009/2010,SH 1N,SH 2,,Minor Crash,Yes,2009,,North,,0,,Flat,,,,,,Overcast,2093400,2,0,0,2,,,0,,,,,,Wellington Region,Nil,2-way,Sealed,,0,0,,100,,Null,0,0,,47,Wellington City,Nil,,,,,0,0,Open,0,,,Light rain,Null
1757735,5920728,11518,,514103,0,0,0,2,0,East,2008/2009,FORT ST,GORE ST,,Non-Injury Crash,No,2009,0,East,0,0,0,Flat,0,,0,,0,Dark,438104,0,0,0,2,0,0,0,0,1,,0,0,Auckland Region,Nil,2-way,Sealed,0,0,0,0,50,0,On,0,0,,76,Auckland,Nil,0,0,0,0,0,0,Urban,0,0,0,Light rain,Null
1749674,5913882,11519,,511303,0,,0,0,,Null,2008/2009,GREAT NORTH ROAD,TOTARA AVENUE,,Non-Injury Crash,No,2009,,East,,0,,Flat,,,,,,Overcast,264901,0,0,0,4,,,0,,,,,,Auckland Region,Nil,2-way,Sealed,,0,0,,50,,Off,0,0,,76,Auckland,Traffic Signals,,,,,2,0,Urban,0,,,Fine,Null
1874483,5814993,11520,,536630,0,,0,2,,North,2008/2009,SH 36,KEENAN ROAD,,Non-Injury Crash,Yes,2009,,South,,0,,Flat,,,,,,Bright sun,1192300,0,0,0,2,,,0,,,,,,Bay of Plenty Region,Nil,2-way,Sealed,,0,0,,100,,Null,0,0,,22,Western Bay of Plenty District,Unknown,,,,,0,0,Open,0,,,Fine,Null
1764241,5917518,11521,,516301,0,0,0,1,0,East,2009/2010,ST JOHNS ROAD,COLLEGE ROAD,,Non-Injury Crash,No,2009,0,East,0,0,1,Flat,0,,0,,0,Dark,462400,0,0,0,2,0,0,0,0,0,,0,0,Auckland Region,Nil,2-way,Sealed,0,0,0,0,50,0,On,0,0,,76,Auckland,Nil,0,0,0,0,0,0,Urban,0,0,0,Fine,Null
1877297,5821600,11522,,538102,0,,0,3,,North,2009/2010,CAMERON ROAD,TWENTYFIRST AVENUE,,Non-Injury Crash,No,2009,,South,,0,,Flat,,,,,,Bright sun,1170002,0,0,0,2,,,0,,,,,,Bay of Plenty Region,Nil,2-way,Sealed,,0,0,,50,,Null,0,0,,23,Tauranga City,Nil,,,,,0,0,Urban,0,,,Fine,Null
1799041,5814529,11523,,528900,0,,0,1,,Null,2009/2010,SH 1N,KILLARNEY ROAD,,Non-Injury Crash,Yes,2009,,South,,0,,Flat,,,,,,Overcast,915900,0,0,0,2,,,0,,,1,,,Waikato Region,Nil,2-way,Sealed,,0,0,,50,,Null,0,0,,16,Hamilton City,Traffic Signals,,,,,0,0,Urban,0,,,Light rain,Null
1935727,5619512,11524,,546600,0,0,0,2,0,South,2008/2009,NUFFIELD AVENUE,LATHAM ST,,Non-Injury Crash,No,2009,0,North,0,0,0,Flat,0,,0,,0,Bright sun,1433700,0,0,0,2,0,0,0,0,1,,0,0,Hawke's Bay Region,Nil,2-way,Sealed,0,0,0,0,50,0,Null,0,0,,31,Napier City,Nil,0,0,0,0,0,0,Urban,0,0,0,Fine,Null
1766733,5912838,11525,,522920,0,,0,2,,Null,2009/2010,TI RAKAU DRIVE,TIRAUMEA DRIVE,,Non-Injury Crash,No,2009,,North,,0,,Flat,,,,,,Overcast,683800,0,0,0,6,,,0,,,,,,Auckland Region,Nil,2-way,Sealed,,0,0,,60,,Off,0,0,,76,Auckland,Nil,,,,,0,0,Urban,0,,,Heavy rain,Null
1750734,5874753,11526,,521153,0,0,0,0,1,Null,2009/2010,KARIOITAHI ROAD,PARK ROAD,,Non-Injury Crash,No,2009,0,East,0,0,0,Flat,0,,0,,0,Overcast,831601,0,0,0,2,0,0,0,0,0,,0,1,Waikato Region,Nil,2-way,Sealed,0,0,0,0,100,0,None,0,0,,13,Waikato District,Nil,0,0,0,0,0,0,Open,1,0,0,Light rain,Null
1772574,5901426,11527,,523813,0,,0,1,,South,2008/2009,MILL ROAD,ALFRISTON ROAD,,Non-Injury Crash,No,2009,,South,,0,,Flat,,,,,,Bright sun,761000,0,0,0,2,,,0,,,,,,Auckland Region,Nil,2-way,Sealed,,0,0,,80,,Null,1,0,,76,Auckland,Unknown,,,,,0,0,Open,0,,,Fine,Null
1258820,5004285,11528,,609302,0,,0,1,,West,2008/2009,HALLENSTEIN ST,DUBLIN ST,,Non-Injury Crash,No,2009,,South,,0,,Flat,,,,,,Bright sun,3034100,0,0,0,2,,,0,,,,,,Otago Region,Nil,2-way,Sealed,,0,0,,50,,Null,1,0,,70,Queenstown-Lakes District,Nil,,,,,0,0,Urban,0,,,Fine,Null
1761522,5912450,11529,,519500,0,,0,1,,East,2009/2010,CHURCH ST,NEILSON ST,,Non-Injury Crash,No,2009,,West,,0,,Flat,,,,,,Bright sun,622000,0,0,0,4,,,0,,,,,,Auckland Region,Nil,2-way,Sealed,,0,0,,50,,Null,0,0,,76,Auckland,Traffic Signals,,,,,0,0,Urban,1,,,Fine,Null
1881960,5828279,11530,,536821,0,,0,2,,Null,2009/2010,TAY ST,TAY ROAD,,Non-Injury Crash,No,2009,,East,,0,,Flat,,,,,,Overcast,1197200,0,0,0,2,,,0,,,,,,Bay of Plenty Region,Nil,2-way,Sealed,,0,0,,50,,Null,0,0,,23,Tauranga City,Give way,,,,,0,0,Urban,0,,,Light rain,Null
1756464,5918911,11531,,515600,0,0,0,1,0,North,2008/2009,IAN MCKINNON DRIVE,PIWAKAWAKA ST,,Non-Injury Crash,No,2009,0,North,0,0,0,Flat,1,,0,,0,Bright sun,420100,0,0,0,3,0,0,0,0,0,,0,0,Auckland Region,Nil,2-way,Sealed,0,0,0,0,70,0,Off,0,0,,76,Auckland,Nil,0,0,0,0,0,0,Urban,0,0,0,Fine,Null
1765109,5791262,11532,,531301,0,0,0,1,0,North,2009/2010,RAGLAN ROAD,SH 31,,Non-Injury Crash,No,2009,0,North,0,0,0,Hill Road,0,Labour Weekend,0,,0,Bright sun,993103,0,0,0,2,0,0,0,1,0,,0,0,Waikato Region,Nil,2-way,Unsealed,0,0,0,0,100,0,Null,0,0,,18,Ōtorohanga District,Unknown,0,0,0,1,0,0,Open,0,0,0,Fine,Null
1790894,5850748,11533,,527210,0,0,0,1,0,South,2008/2009,SH 1N,ARMITAGE ROAD S,,Non-Injury Crash,Yes,2009,0,North,0,0,0,Flat,1,,0,,0,Bright sun,939000,0,0,0,4,0,0,0,0,0,,0,0,Waikato Region,Nil,2-way,Sealed,0,0,0,0,100,0,Off,0,0,,13,Waikato District,Nil,0,0,0,0,0,0,Open,0,0,0,Fine,Null
1747418,5926873,11534,,513410,0,0,0,1,0,North,2009/2010,OLD SH 18,BUCKLEY AVENUE,,Non-Injury Crash,Yes,2009,0,East,0,0,0,Flat,0,,0,,0,Overcast,221902,0,0,0,2,0,0,0,0,0,,0,1,Auckland Region,Nil,2-way,Sealed,0,0,0,0,100,0,Off,0,0,,76,Auckland,Nil,0,0,0,0,0,0,Open,0,0,0,Fine,Null
1755485,5932720,11535,,508805,0,,0,1,,South,2009/2010,EAST COAST ROAD,NOEL WILLIAMS PLACE,,Non-Injury Crash,No,2009,,North,,0,,Flat,,,,,,Bright sun,153200,0,0,0,2,,,0,,,,,,Auckland Region,Nil,2-way,Sealed,,0,0,,50,,Off,1,0,,76,Auckland,Nil,,,,,0,0,Urban,0,,,Fine,Null
1756112,5923362,11536,,509800,0,0,0,1,0,South,2008/2009,SH 1N,ONEWA ON SBD,,Non-Injury Crash,Yes,2009,0,South,0,0,0,Hill Road,1,,0,,0,Dark,359200,0,0,0,4,0,0,0,0,0,,0,0,Auckland Region,Bridge,2-way,Sealed,0,0,0,0,80,0,On,0,0,,76,Auckland,Nil,0,0,0,0,0,0,Open,0,0,0,Light rain,Null
1771523,5914219,11537,,521602,0,,0,0,,Null,2008/2009,WELLINGTON ST,VINCENT ST,,Non-Injury Crash,No,2009,,North,,0,,Flat,,,,,,Overcast,649600,0,0,0,2,,,0,,,,,,Auckland Region,Nil,2-way,Sealed,,0,0,,50,,Off,2,0,,76,Auckland,Give way,,,,,0,0,Urban,0,,,Light rain,Null
1755224,5914469,11538,,518500,0,,0,2,,Null,2009/2010,DOMINION ROAD,KEYSTONE AVENUE,,Non-Injury Crash,No,2009,,North,,0,,Hill Road,,,,,,Dark,560800,0,0,0,2,,,0,,,,,,Auckland Region,Nil,2-way,Sealed,,0,0,,50,,On,0,0,,76,Auckland,Give way,,,,,0,0,Urban,0,,,Fine,Null
1761904,5912490,11539,,519500,0,0,0,1,0,West,2008/2009,CHURCH ST,ORORKE ROAD,,Non-Injury Crash,No,2009,0,West,0,0,0,Flat,0,Queens Birthday,0,,1,Overcast,622400,0,0,0,4,0,0,0,0,0,,0,0,Auckland Region,Nil,2-way,Sealed,0,0,0,0,50,0,Off,0,0,,76,Auckland,Nil,0,0,0,0,0,0,Urban,0,0,0,Fine,Null
1740275,5920448,11540,,513702,0,0,0,1,1,North,2008/2009,SUNNYVALE ROAD,CROWS ROAD,,Non-Injury Crash,No,2009,0,South,0,0,0,Hill Road,0,,0,,0,Overcast,229702,0,0,0,2,0,0,0,0,0,,0,0,Auckland Region,Nil,2-way,Sealed,0,0,0,0,100,0,None,0,0,,76,Auckland,Nil,0,0,0,1,0,0,Open,0,0,0,Light rain,Null
1755492,5929002,11541,,508320,0,,0,2,,Null,2009/2010,TRISTRAM AVENUE,TRISTRAM OFF NBD E,,Non-Injury Crash,No,2009,,East,,0,,Flat,,,,,,Overcast,198500,0,0,0,6,,,0,,,,,,Auckland Region,Motorway ramp,2-way,Sealed,,0,0,,50,,Off,0,0,,76,Auckland,Traffic Signals,,,,,0,0,Urban,0,,,Light rain,Null
1748660,5428536,11542,,573000,0,0,0,1,0,North,2008/2009,THE TERRACE,AURORA TERRACE,,Non-Injury Crash,No,2009,0,South,0,0,0,Hill Road,0,,0,,0,Bright sun,2123902,0,0,0,2,0,0,0,0,1,,0,0,Wellington Region,Nil,2-way,Sealed,0,0,0,0,50,0,Null,1,0,,47,Wellington City,Nil,0,0,0,0,0,0,Urban,0,0,0,Fine,Null
1801457,5814746,11543,,529700,0,,0,2,,Null,2009/2010,BRIDGE ST,VICTORIA ST,,Non-Injury Crash,No,2009,,East,,0,,Flat,,,,,,Dark,912300,0,0,0,2,,,0,,,,,,Waikato Region,Nil,2-way,Sealed,,0,0,,50,,On,0,0,,16,Hamilton City,Traffic Signals,,,,,0,0,Urban,0,,,Fine,Null
1864641,5541401,11544,,549800,0,0,0,0,1,West,2008/2009,WEBER ROAD,OTOPE ROAD,,Non-Injury Crash,No,2009,0,West,0,0,0,Flat,0,,0,,0,Overcast,1536900,0,0,0,2,0,0,0,0,0,,0,0,Manawatū-Whanganui Region,Nil,2-way,Sealed,0,0,0,0,100,0,Null,1,0,,41,Tararua District,Nil,0,0,0,0,0,0,Open,0,0,0,Mist or Fog,Frost
2039603,5707329,11545,,544702,0,0,0,1,0,Null,2009/2010,CAVENDISH CRESCENT,FLEMING ST,,Non-Injury Crash,No,2009,0,West,0,0,0,Flat,0,,1,,0,Dark,1384100,0,0,0,2,0,0,0,0,0,,0,0,Gisborne Region,Nil,2-way,Sealed,0,0,0,0,50,0,On,0,0,,28,Gisborne District,Nil,0,0,0,0,0,0,Urban,0,0,0,Fine,Null
1758062,5446904,11546,,572100,0,,0,2,,West,2008/2009,OMAPERE ST,POSTGATE DRIVE,,Non-Injury Crash,No,2009,,North,,0,,Flat,,,,,,Overcast,2070405,0,0,0,2,,,0,,,,,,Wellington Region,Nil,2-way,Sealed,,0,0,,50,,Null,0,0,,44,Porirua City,Nil,,,,,0,0,Urban,0,,,Fine,Null
1675521,6021748,11547,,504501,0,0,0,1,0,West,2009/2010,BAYLYS COAST ROAD,SH 12,,Non-Injury Crash,No,2009,0,West,0,0,0,Flat,0,,0,,0,Overcast,117600,0,0,0,2,0,0,0,0,0,,0,1,Northland Region,Nil,2-way,Sealed,0,0,0,0,100,0,Off,0,0,,3,Kaipara District,Nil,0,0,0,0,0,0,Open,0,0,0,Fine,Null
1820953,5530873,11548,,562401,0,,0,1,,Null,2008/2009,SH 3,TREMAINE AVENUE,,Non-Injury Crash,Yes,2009,,North,,0,,Flat,,,,,,Overcast,1832600,0,0,0,4,,,0,,,,,,Manawatū-Whanganui Region,Nil,2-way,Sealed,,0,0,,50,,Null,0,0,,40,Palmerston North City,Traffic Signals,,,,,0,0,Urban,1,,,Fine,Null
1754412,5945876,11549,,505907,0,,0,2,,Null,2008/2009,VIPOND ROAD,DOYLY DRIVE,,Non-Injury Crash,No,2009,,West,,0,,Flat,,,,,,Twilight,173404,0,0,0,2,,,0,,,,,,Auckland Region,Nil,2-way,Sealed,,0,0,,50,,On,0,0,,76,Auckland,Nil,,,,,0,0,Urban,0,,,Fine,Null
1930625,5605037,11550,,548200,0,0,0,1,0,Null,2009/2010,ALBERT ST,HASTINGS ST NORTH,,Non-Injury Crash,No,2009,0,North,0,0,1,Flat,0,,0,,0,Bright sun,1494600,0,0,0,2,0,0,0,0,0,,0,0,Hawke's Bay Region,Nil,2-way,Sealed,0,0,0,0,50,0,Null,0,0,,30,Hastings District,Give way,0,0,0,0,0,0,Urban,1,0,0,Fine,Null
1759050,5911954,11551,,519820,0,0,0,1,0,Null,2008/2009,ONEHUNGA MALL,PRINCES ST,,Non-Injury Crash,No,2009,0,South,0,0,0,Flat,0,,0,,0,Dark,601901,0,0,0,2,0,0,0,0,0,,0,0,Auckland Region,Nil,2-way,Sealed,1,0,0,0,50,0,On,0,0,,76,Auckland,Give way,0,0,0,0,0,0,Urban,0,0,0,Fine,Null
1849430,5791291,11552,,535232,0,0,0,1,0,West,2008/2009,SH 5,HARWOODS ROAD,,Non-Injury Crash,Yes,2009,0,West,0,0,1,Flat,0,,0,,0,Overcast,1127701,0,0,0,2,0,0,0,0,0,,0,0,Waikato Region,Nil,2-way,Sealed,0,0,0,0,100,0,Null,0,0,,19,South Waikato District,Unknown,0,0,0,0,0,0,Open,0,0,0,Heavy rain,Null
1884205,5773171,11553,,540520,0,0,0,1,0,West,2008/2009,MALFROY ROAD,MILLER ST,,Non-Injury Crash,No,2009,0,West,0,0,0,Flat,0,,0,,1,Twilight,1239200,0,0,0,2,0,0,0,0,0,,0,0,Bay of Plenty Region,Nil,2-way,Sealed,0,0,0,0,50,0,On,0,0,,24,Rotorua District,Unknown,0,1,0,0,0,0,Urban,0,0,0,Fine,Null
1670721,6035357,11554,,504501,0,0,0,1,0,East,2009/2010,WAIHUE ROAD,MAROPIU SETTLEMENT ROAD,,Non-Injury Crash,No,2009,0,East,1,0,0,Flat,0,,0,,0,Overcast,118000,0,0,0,1,0,0,0,0,0,,0,0,Northland Region,Nil,2-way,Unsealed,0,0,0,0,100,0,None,0,0,,3,Kaipara District,Nil,0,0,0,0,0,0,Open,0,0,0,Fine,Null
1759392,5916522,11555,,516001,0,,0,1,,South,2009/2010,SH 1N,MARKET OBR,,Non-Injury Crash,Yes,2009,,South,,0,,Flat,,,,,,Bright sun,491700,0,0,0,3,,,0,,,,,,Auckland Region,Nil,2-way,Sealed,,0,0,,100,,Off,0,0,,76,Auckland,Nil,,,,,1,0,Open,0,,,Fine,Null
1752072,5917957,11556,,515001,0,,0,2,,East,2009/2010,SH 16,GT NORTH OBR,,Non-Injury Crash,Yes,2009,,West,,0,,Flat,,,,,,Dark,392400,0,0,0,6,,,0,,,,,,Auckland Region,Nil,2-way,Sealed,,0,0,,100,,On,0,0,,76,Auckland,Nil,,,,,0,0,Open,0,,,Fine,Null
1748235,5914016,11557,,511700,0,,0,1,,Null,2009/2010,WEST COAST ROAD,GREAT NORTH ROAD,,Non-Injury Crash,No,2009,,West,,0,,Hill Road,,,,,,Overcast,270201,0,0,0,4,,,0,,,,,,Auckland Region,Nil,2-way,Sealed,,0,0,,50,,Null,0,0,,76,Auckland,Give way,,,,,0,0,Urban,1,,,Light rain,Null
1813590,5518687,11558,,561902,0,0,0,1,0,Null,2008/2009,SH 57,TANE ROAD,,Non-Injury Crash,Yes,2009,0,South,1,0,0,Flat,0,,0,,0,Dark,1798200,0,0,0,2,0,0,0,0,0,,0,0,Manawatū-Whanganui Region,Nil,2-way,Sealed,0,0,0,0,100,0,None,0,0,,40,Palmerston North City,Nil,0,0,0,0,0,0,Open,0,0,0,Heavy rain,Null
1761787,5914696,11559,,520202,0,,0,2,,Null,2008/2009,MAIN HIGHWAY,ELLERSLIE-PANMURE HIGHWAY,,Non-Injury Crash,No,2009,,South,,0,,Flat,,,,,,Dark,612501,0,0,0,4,,,0,,,,,,Auckland Region,Nil,2-way,Sealed,,0,0,,50,,On,0,0,,76,Auckland,Traffic Signals,,,,,0,0,Urban,0,,,Fine,Null
1765455,5907125,11560,,522201,0,,0,1,,Null,2008/2009,GREAT SOUTH ROAD,SHIRLEY ROAD,,Non-Injury Crash,No,2009,,North,,0,,Flat,,,,,,Bright sun,662300,0,0,0,4,,,0,,,,,,Auckland Region,Nil,2-way,Sealed,,0,0,,50,,Off,0,0,,76,Auckland,Traffic Signals,,,,,0,0,Urban,1,,,Fine,Null
1745392,5920399,11561,,513301,0,,0,1,,North,2009/2010,LINCOLN ROAD,CENTRAL PARK DRIVE,,Non-Injury Crash,No,2009,,West,,0,,Flat,,,,,,Dark,230301,0,0,0,2,,,0,,,,,,Auckland Region,Nil,2-way,Sealed,,0,0,,50,,On,0,0,,76,Auckland,Nil,,,,,1,0,Urban,0,,,Fine,Null
1755397,5928939,11562,,508320,0,,0,2,,South,2009/2010,WAIRAU ROAD,TRISTRAM AVENUE,,Non-Injury Crash,No,2009,,South,,0,,Flat,,,,,,Bright sun,198600,0,0,0,5,,,0,,,,,,Auckland Region,Nil,2-way,Sealed,,0,0,,50,,Off,0,0,,76,Auckland,Nil,,,,,0,0,Urban,0,,,Fine,Null
1768992,5902887,11563,,523820,0,,0,2,,Null,2009/2010,EUGENIA RISE,EVERGLADE DRIVE,,Non-Injury Crash,No,2009,,East,,0,,Flat,,,,,,Dark,760122,0,0,0,2,,,0,,,,,,Auckland Region,Nil,2-way,Sealed,,0,0,,50,,On,0,0,,76,Auckland,Give way,,,,,0,0,Urban,0,,,Fine,Null
1757481,5926208,11564,,507900,0,,0,2,,Null,2009/2010,ESMONDE ROAD,FRED THOMAS DRIVE,,Non-Injury Crash,No,2009,,West,,0,,Flat,,,,,,Bright sun,304000,0,0,0,6,,,0,,,,,,,Nil,2-way,Sealed,,0,0,,50,,Off,0,0,,76,Auckland,Traffic Signals,,,,,0,0,Urban,0,,,Fine,Null
1756457,5920082,11565,,514000,0,,0,1,,North,2009/2010,SH 1N,WELLINGTON OBR,,Non-Injury Crash,Yes,2009,,North,,0,,Hill Road,,,,,,Overcast,417400,0,0,0,2,,,0,,,,,,Auckland Region,Nil,1-way,Sealed,,0,0,,80,,Off,0,0,,76,Auckland,Nil,,,,,1,0,Open,0,,,Light rain,Null
1895399,5782065,11566,,538820,0,0,0,0,0,North,2009/2010,SH 30,LAKE ROTOKAWAU ROAD,,Non-Injury Crash,Yes,2009,0,East,0,0,1,Flat,0,,0,,0,Twilight,1251604,0,0,0,2,0,0,0,0,0,,0,0,Bay of Plenty Region,Nil,2-way,Sealed,0,0,0,0,100,0,None,0,0,,24,Rotorua District,Unknown,0,0,0,0,0,0,Open,1,0,0,Mist or Fog,Frost