X,Y,OBJECTID,advisorySpeed,areaUnitID,bicycle,bridge,bus,carStationWagon,cliffBank,crashDirectionDescription,crashFinancialYear,crashLocation1,crashLocation2,crashRoadSideRoad,crashSeverity,crashSHDescription,crashYear,debris,directionRoleDescription,ditch,fatalCount,fence,flatHill,guardRail,holiday,houseOrBuilding,intersection,kerb,light,meshblockId,minorInjuryCount,moped,motorcycle,NumberOfLanes,objectThrownOrDropped,otherObject,otherVehicleType,overBank,parkedVehicle,pedestrian,phoneBoxEtc,postOrPole,region,roadCharacter,roadLane,roadSurface,roadworks,schoolBus,seriousInjuryCount,slipOrFlood,speedLimit,strayAnimal,streetLight,suv,taxi,temporarySpeedLimit,tlaId,tlaName,trafficControl,trafficIsland,trafficSign,train,tree,truck,unknownVehicleType,urban,vanOrUtility,vehicle,waterRiver,weatherA,weatherB
1749478,5913295,11567,,511401,0,0,0,1,0,North,2008/2009,SEABROOK AVENUE,DENYER PLACE,,Non-Injury Crash,No,2009,0,East,0,0,0,Flat,0,,0,,0,Overcast,264400,0,0,0,2,0,0,0,0,1,,0,0,Auckland Region,Nil,2-way,Sealed,0,0,0,0,50,0,None,1,0,,76,Auckland,Nil,0,0,0,0,0,0,Urban,0,0,0,Fine,Null
1748975,5426488,11568,,573300,0,0,0,1,0,Null,2008/2009,SH 1N SUSSEX,BUCKLE ST,,Non-Injury Crash,Yes,2009,0,North,0,0,1,Flat,0,,0,,0,Dark,2145602,0,0,0,2,0,0,0,0,0,,0,0,Wellington Region,Nil,1-way,Sealed,0,0,0,0,50,0,On,0,0,,47,Wellington City,Nil,0,0,0,0,0,0,Urban,0,0,0,Fine,Null
1822935,5530847,11569,,562402,0,,0,2,,South,2009/2010,RUAHINE ST,FEATHERSTON ST,,Non-Injury Crash,No,2009,,North,,0,,Flat,,,,,,Bright sun,1834500,0,0,0,2,,,0,,,,,,Manawatū-Whanganui Region,Nil,2-way,Sealed,,0,0,,50,,Null,0,0,,40,Palmerston North City,Nil,,,,,0,0,Urban,0,,,Fine,Null
1767430,5904936,11570,,524603,0,,0,1,,Null,2008/2009,GREAT SOUTH ROAD,TE IRIRANGI DRIVE,,Non-Injury Crash,No,2009,,South,,0,,Flat,,,,,,Dark,780304,0,0,0,4,,,0,,,,,,Auckland Region,Nil,2-way,Sealed,,0,0,,50,,On,1,0,,76,Auckland,Traffic Signals,,,,,0,0,Urban,0,,,Fine,Null
1755860,5919528,11571,,514000,0,0,0,2,0,East,2009/2010,PONSONBY ROAD,POLLEN ST,,Non-Injury Crash,No,2009,0,East,0,0,0,Flat,0,,0,,0,Dark,414500,0,0,0,4,0,0,0,0,1,,0,0,Auckland Region,Nil,2-way,Sealed,0,0,0,0,50,0,On,0,0,,76,Auckland,Nil,0,0,0,0,0,0,Urban,0,0,0,Fine,Null
1763331,5912844,11572,,520500,0,0,0,1,0,East,2009/2010,SEART OFF SBD,SH 1N,,Non-Injury Crash,Yes,2009,0,East,0,0,0,Flat,0,,0,,0,Dark,637400,0,0,0,1,0,0,0,0,0,,0,0,Auckland Region,Nil,1-way,Sealed,0,0,0,0,100,0,On,0,0,,76,Auckland,Nil,0,1,0,0,0,0,Open,0,0,0,Fine,Null
1680068,5404040,11573,,581230,0,,0,0,,South,2008/2009,SH 1S,ALFRED ST,,Non-Injury Crash,Yes,2009,,North,,0,,Flat,,,,,,Bright sun,2295000,0,0,0,2,,,0,,,,,,Marlborough Region,Nil,2-way,Sealed,,0,0,,50,,Null,0,0,,53,Marlborough District,Nil,,,,,0,0,Urban,2,,,Fine,Null
1839381,5531422,11574,55,550200,0,0,0,1,1,West,2008/2009,SH 3,GORGE ROAD,,Non-Injury Crash,Yes,2009,0,North,0,0,0,Flat,0,,0,,0,Overcast,1543800,0,0,0,2,0,0,0,0,0,,0,0,Manawatū-Whanganui Region,Nil,2-way,Sealed,0,0,0,0,100,0,Null,0,0,,41,Tararua District,Nil,0,0,0,0,0,0,Open,0,0,0,Light rain,Null
1749874,5425123,11575,,576903,0,,0,3,,North,2009/2010,SH 1N RUAHINE,WELLINGTON ROAD,,Non-Injury Crash,Yes,2009,,South,,0,,Flat,,,,,,Bright sun,2180601,0,0,0,2,,,0,,,,,,Wellington Region,Nil,2-way,Sealed,,0,0,,50,,Null,0,0,,47,Wellington City,Nil,,,,,0,0,Urban,0,,,Fine,Null
1749349,5425037,11576,,576400,0,,0,2,,Null,2009/2010,WILSON ST,OWEN ST,,Non-Injury Crash,No,2009,,West,,0,,Flat,,,,,,Twilight,2167600,0,0,0,2,,,0,,,,,,Wellington Region,Nil,2-way,Sealed,,0,0,,50,,On,0,0,,47,Wellington City,Give way,,,,,0,0,Urban,0,,,Fine,Null
1867883,5709818,11577,,541760,0,,0,1,,South,2009/2010,LAKE TERRACE,RAINBOW DRIVE N,,Non-Injury Crash,No,2009,,North,,0,,Flat,,Christmas New Year,,,,Dark,1266616,0,0,0,2,,,0,,,,,,Waikato Region,Nil,2-way,Sealed,,0,0,,50,,On,0,0,,21,Taupo District,Nil,,,,,0,0,Urban,1,,,Fine,Null
1740457,5927587,11578,,505604,0,0,0,0,0,West,2009/2010,SH 16,TAUPAKI ROAD,,Non-Injury Crash,Yes,2009,0,West,1,0,0,Hill Road,0,,0,,0,Overcast,214501,0,0,0,2,0,0,0,0,0,,0,0,Auckland Region,Nil,2-way,Sealed,0,0,0,0,80,0,Null,1,0,,76,Auckland,Unknown,0,0,0,0,0,0,Open,0,0,0,Fine,Null
1799288,5817354,11579,,528700,0,,0,2,,Null,2009/2010,ULSTER ST,FOREST LAKE ROAD,,Non-Injury Crash,No,2009,,North,,0,,Flat,,,,,,Dark,901901,0,0,0,4,,,0,,,,,,Waikato Region,Nil,2-way,Sealed,,0,0,,50,,On,0,0,,16,Hamilton City,Traffic Signals,,,,,0,0,Urban,0,,,Heavy rain,Null
1753981,5929363,11580,,508420,0,,0,2,,Null,2009/2010,WAIRAU ROAD,ELLICE ROAD,,Non-Injury Crash,No,2009,,East,,0,,Flat,,,,,,Overcast,183100,0,0,0,2,,,0,,,,,,Auckland Region,Nil,2-way,Sealed,,0,0,,50,,Off,0,0,,76,Auckland,Give way,,,,,0,0,Urban,0,,,Light rain,Null
1817339,5802973,11581,,527503,0,0,0,1,0,East,2008/2009,DUKE ST,COMMERCE ST,,Non-Injury Crash,No,2009,0,East,0,0,0,Flat,0,,0,,0,Bright sun,963000,0,0,0,2,0,0,0,0,1,,0,0,Waikato Region,Nil,2-way,Sealed,0,0,0,0,50,0,Null,0,0,,17,Waipa District,Unknown,0,0,0,0,1,0,Urban,0,0,0,Fine,Null
1762906,5436981,11582,,568303,0,,0,1,,Null,2008/2009,NAENAE ROAD,DAYSH ST,,Non-Injury Crash,No,2009,,North,,0,,Flat,,,,,,Overcast,1953800,0,0,0,2,,,0,,,,,,Wellington Region,Nil,2-way,Sealed,,0,0,,50,,Null,0,0,,46,Lower Hutt City,Give way,,,,,1,0,Urban,0,,,Fine,Null
1756319,5918964,11583,,515500,0,,0,2,,South,2009/2010,SH 16,16 LINK 1,,Non-Injury Crash,Yes,2009,,East,,0,,Flat,,,,,,Overcast,417600,0,0,0,1,,,0,,,,,,Auckland Region,Nil,1-way,Sealed,,0,0,,80,,Off,0,0,,76,Auckland,Nil,,,,,0,0,Open,0,,,Light rain,Null
1904998,5808473,11584,,536654,0,0,0,2,0,East,2009/2010,SH 2,TAINUI ROAD,,Non-Injury Crash,Yes,2009,0,West,0,0,0,Flat,1,,0,,0,Dark,1209900,0,0,0,2,0,0,0,0,0,,0,0,Bay of Plenty Region,Nil,2-way,Sealed,0,0,0,0,100,0,None,0,0,,22,Western Bay of Plenty District,Unknown,0,0,0,0,0,0,Open,0,0,0,Fine,Null
1878938,5819530,11585,,537900,0,,0,2,,West,2008/2009,SH 29,WELCOME BAY ROAD,,Non-Injury Crash,Yes,2009,,West,,0,,Flat,,,,,,Bright sun,1178202,0,0,0,2,,,0,,,,,,Bay of Plenty Region,Nil,2-way,Sealed,,0,0,,100,,Null,0,0,,23,Tauranga City,Unknown,,,,,1,0,Open,0,,,Fine,Null
1820348,5577046,11586,85,558700,0,0,0,1,0,North,2008/2009,SH 1N,KOTUKUTUKU ROAD,,Non-Injury Crash,Yes,2009,0,South,0,0,1,Flat,1,,0,,0,Overcast,1728600,0,0,0,2,0,0,0,0,0,,0,0,Manawatū-Whanganui Region,Nil,2-way,Sealed,0,0,0,0,100,0,Null,0,0,,38,Rangitikei District,Nil,0,0,0,0,0,0,Open,0,0,0,Light rain,Null
1878218,5823144,11587,,538201,0,0,0,1,1,East,2008/2009,ELEVENTH AVENUE,ELEVENTH OFF SBD,,Non-Injury Crash,No,2009,0,West,0,0,0,Hill Road,0,,0,,1,Bright sun,1166400,0,0,0,2,0,0,0,0,0,,0,0,Bay of Plenty Region,Nil,2-way,Sealed,0,0,0,0,50,0,Null,0,0,,23,Tauranga City,Unknown,0,0,0,0,0,0,Urban,0,0,0,Fine,Null
1768547,5903186,11588,,524602,0,,0,1,,North,2009/2010,SH 1N,MANUKAU OFF NBD,,Non-Injury Crash,Yes,2009,,North,,0,,Hill Road,,,,,,Dark,780508,0,0,0,2,,,0,,,,,,Auckland Region,Nil,1-way,Sealed,,0,0,,80,,On,0,0,,76,Auckland,Nil,,,,,1,0,Open,0,,,Light rain,Null
1767664,5902217,11589,,525001,0,,0,2,,East,2008/2009,BROWNS ROAD,STURDEE ROAD,,Non-Injury Crash,No,2009,,East,,0,,Flat,,,,,,Overcast,750200,0,0,0,2,,,0,,,,,,Auckland Region,Nil,2-way,Sealed,,0,0,,50,,Off,0,0,,76,Auckland,Nil,,,,,0,0,Urban,0,,,Fine,Null
1806571,5787008,11590,,527700,0,,0,2,,South,2009/2010,WHITAKER ST,WHITMORE ST,,Non-Injury Crash,No,2009,,North,,0,,Flat,,,,,,Overcast,990900,0,0,0,2,,,0,,,,,,Waikato Region,Nil,2-way,Sealed,,0,0,,50,,Null,0,0,,17,Waipa District,Unknown,,,,,0,0,Urban,0,,,Fine,Null
1749921,5425069,11591,,576903,0,,0,1,,West,2009/2010,SH 1N,MOXHAM AVENUE,,Non-Injury Crash,Yes,2009,,East,,0,,Flat,,,,,,Overcast,2180602,0,0,1,2,,,0,,,,,,Wellington Region,Nil,2-way,Sealed,,0,0,,50,,Null,0,0,,47,Wellington City,Nil,,,,,0,0,Urban,0,,,Fine,Null
1747557,5914651,11592,,511100,0,,0,3,,South,2009/2010,GREAT NORTH ROAD,GLENVIEW ROAD,,Non-Injury Crash,No,2009,,West,,0,,Hill Road,,,,,,Overcast,285202,0,0,0,4,,,0,,,,,,Auckland Region,Nil,2-way,Sealed,,0,0,,50,,Null,0,0,,76,Auckland,Unknown,,,,,0,0,Urban,0,,,Fine,Null
1751459,5949366,11593,,505805,0,,0,2,,Null,2008/2009,CENTREWAY ROAD,DOMENT CRESCENT,,Non-Injury Crash,No,2009,,East,,0,,Flat,,,,,,Bright sun,171804,0,0,0,2,,,0,,,,,,Auckland Region,Nil,2-way,Sealed,,0,0,,50,,Off,0,0,,76,Auckland,Give way,,,,,0,0,Urban,0,,,Fine,Null
2035193,5710405,11594,,544300,0,0,0,1,0,Null,2009/2010,LYTTON ROAD,ABERDEEN ROAD,,Non-Injury Crash,No,2009,0,West,0,0,0,Flat,0,,0,,0,Dark,1366000,0,0,0,2,0,0,0,0,0,,0,0,Gisborne Region,Nil,2-way,Sealed,0,0,0,0,50,0,On,0,0,,28,Gisborne District,Stop,1,1,0,0,0,0,Urban,0,0,0,Fine,Null
1818546,5544176,11595,,560730,0,0,0,0,0,Null,2009/2010,WELD ST,SH 54,,Non-Injury Crash,No,2009,0,South,0,0,1,Flat,0,,0,,0,Dark,1764800,0,0,0,2,0,0,0,0,0,,0,1,Manawatū-Whanganui Region,Nil,2-way,Sealed,0,0,0,0,50,0,On,1,0,,39,Manawatu District,Give way,0,0,0,0,0,0,Urban,0,0,0,Fine,Null
1778926,5481008,11596,,564023,0,,0,1,,South,2009/2010,SH 1N,SCHOOL ROAD,,Non-Injury Crash,Yes,2009,,South,,0,,Flat,,,,,,Overcast,1884100,0,0,0,2,,,0,,,,,,Wellington Region,Nil,2-way,Sealed,,0,0,,80,,Null,0,0,,43,Kapiti Coast District,Nil,,,,,0,0,Open,1,,,Light rain,Null
1748312,5427488,11597,,573000,0,0,0,2,0,North,2008/2009,THE TERRACE,MACDONALD CRESCENT,,Non-Injury Crash,No,2009,0,North,0,0,0,Hill Road,0,,0,,0,Overcast,2128800,0,0,0,2,0,0,0,0,1,,0,0,Wellington Region,Nil,2-way,Sealed,0,0,0,0,50,0,Null,0,1,,47,Wellington City,Nil,0,0,0,0,0,0,Urban,0,0,0,Fine,Null
1801473,5814758,11598,,529700,0,,0,4,,East,2009/2010,BRIDGE ST,VICTORIA ST,,Non-Injury Crash,No,2009,,East,,0,,Hill Road,,,,,,Overcast,912300,0,0,0,2,,,0,,,,,,Waikato Region,Bridge,2-way,Sealed,,0,0,,50,,Null,0,0,,16,Hamilton City,Unknown,,,,,0,0,Urban,0,,,Fine,Null
1744763,5917931,11599,,510700,0,,0,1,,West,2009/2010,STURGES ROAD,SWANSON ROAD,,Non-Injury Crash,No,2009,,East,,0,,Flat,,,,,,Bright sun,239200,0,0,0,2,,,0,,,,,,Auckland Region,Bridge,1-way,Sealed,,0,0,,50,,None,1,0,,76,Auckland,School Patrol/warden,,,,,0,0,Urban,0,,,Fine,Null
1460425,5092349,11600,,598313,0,0,0,2,0,South,2009/2010,SH 1S,LYNCH ROAD,,Serious Crash,Yes,2009,0,North,0,0,0,Flat,0,,0,,0,Bright sun,2772602,1,0,0,4,0,0,0,0,1,1,0,0,Canterbury Region,Nil,2-way,Sealed,0,0,1,0,100,0,Null,0,0,,64,Timaru District,Unknown,0,0,0,0,0,0,Open,0,0,0,Fine,Null
1710408,6034505,11601,,501809,0,0,0,1,0,West,2009/2010,SNOOKS ROAD,MAUNGAKARAMEA ROAD,,Non-Injury Crash,No,2009,0,West,0,0,1,Hill Road,0,,0,,0,Bright sun,75100,0,0,0,2,0,0,0,1,0,,0,0,Northland Region,Nil,2-way,Unsealed,0,0,0,0,100,0,None,0,0,,2,Whangarei District,Nil,0,0,0,0,0,0,Open,0,0,0,Fine,Null
1935150,5620117,11602,,546600,0,,0,2,,Null,2008/2009,KENNEDY ROAD,TOM PARKER AVENUE,,Non-Injury Crash,No,2009,,East,,0,,Flat,,,,,,Twilight,1435700,0,0,0,2,,,0,,,,,,Hawke's Bay Region,Nil,2-way,Sealed,,0,0,,50,,Off,0,0,,31,Napier City,Nil,,,,,0,0,Urban,0,,,Fine,Null
1730676,5939637,11603,,506800,0,,0,1,,North,2008/2009,AWAROA ROAD,RAUTAWHIRI ROAD,,Non-Injury Crash,No,2009,,South,,0,,Flat,,,,,,Dark,209901,0,0,0,2,,,0,,,,,,Auckland Region,Nil,2-way,Sealed,,0,0,,50,,On,0,0,,76,Auckland,Unknown,,,,,1,0,Urban,0,,,Fine,Null
1800394,5815824,11604,,529700,0,,0,1,,South,2009/2010,ANGLESEA ST,ROSTREVOR ST,,Non-Injury Crash,No,2009,,North,,0,,Flat,,,,,,Bright sun,910200,0,0,0,4,,,0,,,1,,,Waikato Region,Nil,2-way,Sealed,,0,0,,50,,Off,0,0,,16,Hamilton City,Nil,,,,,0,0,Urban,0,,,Fine,Null
1757461,5920706,11605,,514102,0,,0,2,,South,2009/2010,QUEEN ST,SHORTLAND ST,,Non-Injury Crash,No,2009,,South,,0,,Flat,,,,,,Dark,433501,0,0,0,4,,,0,,,,,,Auckland Region,Nil,2-way,Sealed,,0,0,,30,,On,0,1,,76,Auckland,Nil,,,,,0,0,Urban,0,,,Fine,Null
1975284,5784116,11606,,542800,0,0,0,1,0,West,2008/2009,SH 2,FORSYTH ST,,Non-Injury Crash,Yes,2009,0,West,0,0,0,Flat,1,,0,,0,Overcast,1341400,0,0,0,2,0,0,0,0,0,,0,0,Bay of Plenty Region,Nil,2-way,Sealed,0,0,0,0,50,0,Off,0,0,,27,Ōpōtiki District,Nil,0,0,0,0,0,0,Urban,0,0,0,Fine,Null
1905689,5680529,11607,,541503,0,0,0,1,1,South,2009/2010,SH 5,WAIPUNGA FALLS,,Non-Injury Crash,Yes,2009,0,South,0,0,0,Hill Road,0,,0,,0,Dark,1281005,0,0,0,2,0,0,0,0,0,,0,0,Hawke's Bay Region,Nil,2-way,Sealed,0,0,0,0,100,0,None,0,0,,21,Taupo District,Unknown,0,0,0,0,0,0,Open,0,0,0,Fine,Null
1757058,5920524,11608,,514102,0,,0,1,,South,2009/2010,HOBSON ST,VICTORIA ST WEST,,Non-Injury Crash,No,2009,,South,,0,,Flat,,,,,,Bright sun,433700,0,0,1,4,,,0,,,,,,Auckland Region,Nil,1-way,Sealed,,0,0,,50,,Off,0,0,,76,Auckland,Nil,,,,,0,0,Urban,0,,,Fine,Null
1750953,5913819,11609,,514600,0,,0,2,,East,2009/2010,WOLVERTON ST,TAYLOR ST,,Non-Injury Crash,No,2009,,East,,0,,Flat,,,,,,Bright sun,371700,0,0,0,3,,,0,,,,,,Auckland Region,Nil,2-way,Sealed,,0,0,,50,,Off,0,0,,76,Auckland,Nil,,,,,0,0,Urban,0,,,Fine,Null
1755671,5922469,11610,,509800,0,,0,3,,Null,2008/2009,SH 1N,TOP OF HARBOUR BRIDGE,,Non-Injury Crash,Yes,2009,,South,,0,,Hill Road,,,,,,Bright sun,359300,0,0,0,4,,,0,,,,,,,Bridge,2-way,Sealed,,0,0,,80,,Off,1,0,,76,Auckland,Nil,,,,,0,0,Open,0,,,Fine,Null
1748775,5914479,11611,,511302,0,,0,1,,Null,2009/2010,RIMU ST,RIMU STREET,,Non-Injury Crash,No,2009,,West,,0,,Flat,,,,,,Bright sun,268200,0,0,0,2,,,0,,,1,,,Auckland Region,Nil,2-way,Sealed,,0,0,,50,,Off,0,0,,76,Auckland,Stop,,,,,0,0,Urban,0,,,Fine,Null
1767111,5905525,11612,,524603,0,,0,2,,Null,2008/2009,PUHINUI ROAD,GREAT SOUTH ROAD,,Non-Injury Crash,No,2009,,East,,0,,Flat,,,,,,Overcast,780205,0,0,0,5,,,0,,,,,,Auckland Region,Nil,2-way,Sealed,,0,0,,50,,Null,0,0,,76,Auckland,Traffic Signals,,,,,0,0,Urban,0,,,Light rain,Null
1767705,5906172,11613,,523601,0,0,0,1,0,West,2008/2009,FLAT BUSH ROAD,PRESTON ROAD,,Non-Injury Crash,No,2009,0,North,0,0,0,Flat,0,,0,,0,Overcast,706800,0,0,0,1,0,0,0,0,1,,0,0,Auckland Region,Nil,2-way,Sealed,0,0,0,0,50,0,Off,0,0,,76,Auckland,Nil,0,0,0,0,0,0,Urban,1,0,0,Light rain,Null
1768326,5879318,11614,,525921,0,,0,0,,Null,2008/2009,KITCHENER ROAD,ANZAC ROAD,,Non-Injury Crash,No,2009,,North,,0,,Hill Road,,,,,,Overcast,822419,0,0,0,1,,,0,,,,,,Auckland Region,Nil,2-way,Unsealed,,0,0,,50,,Null,1,0,,76,Auckland,Stop,,,,,0,0,Urban,0,,,Light rain,Null
1771926,5915108,11615,,521602,0,0,0,1,0,Null,2009/2010,WELLINGTON ST,FENCIBLE DRIVE,,Non-Injury Crash,No,2009,0,South,0,0,1,Hill Road,0,,0,,0,Overcast,649900,0,0,0,2,0,0,0,0,0,,0,0,Auckland Region,Nil,2-way,Sealed,0,0,0,0,50,0,Off,0,0,,76,Auckland,Stop,0,0,0,0,0,0,Urban,0,0,0,Fine,Null
1789016,5753185,11616,,531731,0,0,0,1,0,East,2008/2009,SH 3,JOHNSTON ROAD,,Non-Injury Crash,Yes,2009,0,East,0,0,1,Hill Road,0,Queens Birthday,0,,0,Dark,1011100,0,0,0,2,0,0,0,0,0,,0,0,Waikato Region,Nil,2-way,Sealed,0,0,0,0,100,0,On,0,0,30,20,Waitomo District,Nil,0,0,0,0,0,0,Open,0,0,0,Fine,Null
1679246,5403576,11617,,581240,0,,0,1,,Null,2009/2010,MONRO ST,PERCY ST,,Non-Injury Crash,No,2009,,North,,0,,Flat,,,,,,Overcast,2298501,0,0,0,2,,,0,,,,,,Marlborough Region,Nil,2-way,Sealed,,0,0,,50,,Null,1,0,,53,Marlborough District,Give way,,,,,0,0,Urban,0,,,Fine,Null
1719270,6044919,11618,,503600,0,0,0,3,0,South,2008/2009,MORNINGSIDE ROAD,TAREWA ROAD,,Non-Injury Crash,No,2009,0,South,0,0,0,Hill Road,0,Queens Birthday,0,,0,Dark,104800,0,0,0,1,0,0,0,0,1,,0,0,Northland Region,Nil,1-way,Sealed,0,0,0,0,50,0,On,0,0,,2,Whangarei District,Nil,0,0,0,0,0,0,Urban,0,0,0,Fine,Null
1242575,4849547,11619,,611210,0,0,0,1,0,West,2008/2009,SH 1S,CAMBRIDGE PLACE,,Non-Injury Crash,Yes,2009,0,West,0,0,0,Flat,0,,0,,0,Dark,3108500,0,0,0,2,0,0,0,0,0,,0,0,Southland Region,Nil,2-way,Sealed,0,0,0,0,50,0,On,1,1,,75,Invercargill City,Unknown,0,0,0,0,0,0,Urban,0,1,0,Light rain,Null
1760103,5915932,11620,,516002,0,,0,1,,Null,2008/2009,GREEN LANE EAST,GREENLANE INT,,Non-Injury Crash,No,2009,,West,,0,,Flat,,,,,,Bright sun,492100,0,0,0,2,,,0,,,,,,Auckland Region,Nil,2-way,Sealed,,0,0,,50,,Off,0,0,,76,Auckland,Give way,,,,,0,0,Urban,1,,,Fine,Null
1930149,5604677,11621,,548200,0,,0,1,,Null,2008/2009,QUEEN ST EAST,HASTINGS ST NORTH,,Non-Injury Crash,No,2009,,East,,0,,Flat,,,,,,Twilight,1493400,0,0,0,2,,,0,,,,,,Hawke's Bay Region,Nil,2-way,Sealed,,0,0,,50,,On,0,0,,30,Hastings District,Give way,,,,,0,0,Urban,1,,,Fine,Null
1797175,5817195,11622,,528503,0,0,0,0,0,East,2009/2010,BRECKONS AVENUE,CHRISTINE LANE,,Non-Injury Crash,No,2009,0,West,0,0,1,Flat,0,Labour Weekend,0,,0,Dark,906501,0,0,0,2,0,0,0,0,0,,0,0,Waikato Region,Nil,2-way,Sealed,0,0,0,0,50,0,On,0,0,,16,Hamilton City,Nil,0,0,0,0,0,0,Urban,1,0,0,Fine,Null
1886545,5820282,11623,,536642,0,0,0,1,0,South,2008/2009,WELCOME BAY ROAD,ROCKY CUTTING ROAD,,Non-Injury Crash,No,2009,0,South,0,0,0,Hill Road,0,,0,,0,Twilight,1206403,0,0,0,2,0,0,0,1,0,,0,0,Bay of Plenty Region,Nil,2-way,Sealed,0,0,0,0,100,0,None,0,0,,22,Western Bay of Plenty District,Unknown,0,0,0,0,0,0,Open,0,0,0,Heavy rain,Null
1750217,5914285,11624,,511303,0,,0,2,,East,2009/2010,GREAT NORTH ROAD,VERONICA ST,,Non-Injury Crash,No,2009,,East,,0,,Flat,,,,,,Overcast,266200,0,0,0,4,,,0,,,,,,Auckland Region,Nil,2-way,Sealed,,0,0,,50,,Off,0,0,,76,Auckland,Traffic Signals,,,,,0,0,Urban,0,,,Mist or Fog,Null
1770188,5877110,11625,,521117,0,0,0,0,0,West,2009/2010,BUCKLAND ROAD,TUAKAU ROAD,,Non-Injury Crash,No,2009,0,North,1,0,1,Flat,0,,0,,0,Dark,824500,0,0,0,2,0,0,0,0,0,,0,0,Waikato Region,Nil,2-way,Sealed,0,0,0,0,100,0,None,0,0,,13,Waikato District,Nil,0,0,0,0,0,0,Open,1,0,0,Fine,Null
1824069,5532577,11626,,562200,0,0,0,1,0,Null,2008/2009,KELVIN GROVE ROAD,KAIMANAWA ST,,Non-Injury Crash,No,2009,0,West,0,0,0,Flat,0,,0,,0,Bright sun,1839101,0,0,0,2,0,0,0,0,1,,0,0,Manawatū-Whanganui Region,Nil,2-way,Sealed,0,0,0,0,50,0,Null,1,0,,40,Palmerston North City,Give way,0,0,0,0,0,0,Urban,0,0,0,Fine,Null
1757417,5919614,11627,,514103,0,,0,2,,Null,2009/2010,SYMONDS ST,WAKEFIELD ST S,,Non-Injury Crash,No,2009,,North,,0,,Flat,,,,,,Twilight,437000,0,0,0,4,,,0,,,,,,Auckland Region,Nil,2-way,Sealed,,0,0,,50,,Off,0,0,,76,Auckland,Traffic Signals,,,,,0,0,Urban,0,,,Fine,Null
1757859,5919950,11628,,514103,0,0,0,1,0,South,2008/2009,GRAFTON ROAD,WELLESLEY ST EAST,,Non-Injury Crash,No,2009,0,North,0,0,0,Hill Road,0,,0,,0,Overcast,437400,0,0,0,3,0,0,0,0,0,,0,0,Auckland Region,Nil,2-way,Sealed,0,0,0,0,50,0,Off,1,0,,76,Auckland,Traffic Signals,0,0,0,0,0,0,Urban,0,1,0,Light rain,Null
1811321,5453949,11629,,579700,0,,0,1,,North,2008/2009,SH 2,CHARLES ST,,Non-Injury Crash,Yes,2009,,South,,0,,Flat,,,,,,Overcast,2260600,0,0,0,2,,,0,,,,,,Wellington Region,Nil,2-way,Sealed,,0,0,,50,,Null,1,0,,49,Carterton District,Nil,,,,,0,0,Urban,0,,,Light rain,Null
1753222,5918394,11630,,515002,0,,1,1,,Null,2009/2010,GREAT NORTH ROAD,MOTIONS ROAD,,Non-Injury Crash,No,2009,,West,,0,,Flat,,,,,,Overcast,390501,0,0,0,6,,,0,,,,,,Auckland Region,Nil,2-way,Sealed,,0,0,,50,,Off,0,0,,76,Auckland,Give way,,,,,1,0,Urban,0,,,Fine,Null
1766281,5907481,11631,,522302,0,,0,3,,South,2009/2010,SH 1N,EAST TAMAKI OBR,,Non-Injury Crash,Yes,2009,,North,,0,,Flat,,,,,,Dark,667700,0,0,0,6,,,0,,,,,,Auckland Region,Nil,2-way,Sealed,,0,0,,80,,On,0,0,,76,Auckland,Nil,,,,,0,0,Open,0,,,Heavy rain,Null
1746512,5934467,11632,,506653,0,,0,1,,South,2009/2010,GLENMORE ROAD,COATESVILLE-RIVERHEAD HIG,,Non-Injury Crash,No,2009,,South,,0,,Flat,,,,,,Unknown,217400,0,0,0,2,,,0,,,,,,Auckland Region,Nil,2-way,Sealed,,0,0,,80,,None,0,0,,76,Auckland,Nil,,,,,0,0,Open,0,,,Fine,Null
1748509,5428782,11633,,572900,0,0,0,1,0,North,2009/2010,SH 1N,TINAKORI OFF NBD,,Non-Injury Crash,Yes,2009,1,North,0,0,0,Flat,0,,0,,0,Bright sun,2122000,0,0,0,2,0,0,0,0,0,,0,0,Wellington Region,Nil,2-way,Sealed,0,0,0,0,100,0,Null,0,0,,47,Wellington City,Nil,0,0,0,0,1,0,Open,0,0,0,Fine,Strong wind
1772331,5870228,11634,,526701,0,,0,1,,Null,2009/2010,RIVER ROAD,TUAKAU BRIDGE-PORT WAIKAT,,Non-Injury Crash,No,2009,,South,,0,,Flat,,,,,,Overcast,844700,0,0,0,2,,,0,,,,,,Waikato Region,Bridge,2-way,Sealed,,0,0,,100,,None,0,0,,13,Waikato District,Nil,,,,,0,0,Open,1,,,Light rain,Null
1824331,5463635,11635,,578600,0,,0,2,,North,2009/2010,QUEEN ST,BRUCE ST,,Non-Injury Crash,No,2009,,South,,0,,Flat,,,,,,Dark,2245300,0,0,0,2,,,0,,,,,,Wellington Region,Nil,2-way,Sealed,,0,0,,50,,On,0,0,,48,Masterton District,Nil,,,,,0,0,Urban,0,,,Light rain,Null
1737043,5932766,11636,,506653,0,0,0,0,0,South,2008/2009,OLD NORTH ROAD,ARARIMU VALLEY ROAD,,Non-Injury Crash,No,2009,0,East,0,0,0,Flat,0,,0,,0,Overcast,217000,0,0,0,2,0,0,0,1,0,,0,0,Auckland Region,Nil,2-way,Sealed,0,0,0,0,80,0,Null,0,0,,76,Auckland,Unknown,0,0,0,0,1,0,Open,0,0,0,Fine,Null