X,Y,OBJECTID,advisorySpeed,areaUnitID,bicycle,bridge,bus,carStationWagon,cliffBank,crashDirectionDescription,crashFinancialYear,crashLocation1,crashLocation2,crashRoadSideRoad,crashSeverity,crashSHDescription,crashYear,debris,directionRoleDescription,ditch,fatalCount,fence,flatHill,guardRail,holiday,houseOrBuilding,intersection,kerb,light,meshblockId,minorInjuryCount,moped,motorcycle,NumberOfLanes,objectThrownOrDropped,otherObject,otherVehicleType,overBank,parkedVehicle,pedestrian,phoneBoxEtc,postOrPole,region,roadCharacter,roadLane,roadSurface,roadworks,schoolBus,seriousInjuryCount,slipOrFlood,speedLimit,strayAnimal,streetLight,suv,taxi,temporarySpeedLimit,tlaId,tlaName,trafficControl,trafficIsland,trafficSign,train,tree,truck,unknownVehicleType,urban,vanOrUtility,vehicle,waterRiver,weatherA,weatherB
1622755,5429929,11637,,583202,0,,0,2,,Null,2009/2010,TOI TOI ST,VANGUARD ST,,Non-Injury Crash,No,2009,,North,,0,,Flat,,,,,,Overcast,2330500,0,0,0,2,,,0,,,,,,Nelson Region,Nil,2-way,Sealed,,0,0,,50,,Null,0,0,,52,Nelson City,Give way,,,,,0,0,Urban,0,,,Fine,Null
1883626,5775234,11638,,539200,0,0,0,1,0,East,2008/2009,RAILWAY ROAD,LAKE ROAD,,Non-Injury Crash,No,2009,0,East,0,0,0,Flat,0,,0,,1,Dark,1221700,0,0,0,2,0,0,0,0,0,,0,0,Bay of Plenty Region,Nil,2-way,Sealed,0,0,0,0,50,0,On,0,0,,24,Rotorua District,Unknown,0,0,0,0,0,0,Urban,0,0,0,Light rain,Null
1885185,5774085,11639,,540410,0,0,0,1,0,South,2009/2010,FENTON ST,HAUPAPA ST,,Non-Injury Crash,No,2009,0,West,0,0,0,Flat,0,,1,,1,Dark,1233800,0,0,0,4,0,0,0,0,0,,0,0,Bay of Plenty Region,Nil,2-way,Sealed,0,0,0,0,50,0,On,0,0,,24,Rotorua District,Unknown,0,0,0,0,0,0,Urban,0,0,0,Fine,Null
1761090,5918381,11640,,516201,1,,0,1,,Null,2009/2010,ORAKEI ROAD,SHORE ROAD,,Non-Injury Crash,No,2009,,East,,0,,Flat,,,,,,Overcast,486000,0,0,0,2,,,0,,,,,,Auckland Region,Nil,2-way,Sealed,,0,0,,50,,Null,0,0,,76,Auckland,Give way,,,,,0,0,Urban,0,,,Fine,Null
1839046,5841633,11641,,534800,0,0,0,1,0,West,2008/2009,MASSEY ST,HERRIES ST,,Non-Injury Crash,No,2009,0,West,0,0,1,Flat,0,,0,,0,Overcast,1102502,0,0,0,2,0,0,0,0,0,,0,0,Waikato Region,Nil,2-way,Sealed,0,0,0,0,50,0,None,0,0,,15,Matamata-Piako District,Nil,0,0,0,0,0,0,Urban,0,0,0,Fine,Null
1741110,5976371,11642,,506660,0,0,0,1,0,West,2009/2010,SH 1N,FALLS BR,,Non-Injury Crash,Yes,2009,0,North,0,0,0,Flat,1,,0,,0,Dark,136700,0,0,0,3,0,0,0,0,0,,0,0,Auckland Region,Nil,2-way,Sealed,0,0,0,0,80,0,None,0,0,,76,Auckland,Unknown,0,0,0,0,0,0,Open,0,0,0,Fine,Null
1769931,5909847,11643,,523113,0,,0,2,,Null,2008/2009,TE IRIRANGI DRIVE,SMALES ROAD,,Non-Injury Crash,No,2009,,North,,0,,Flat,,,,,,Twilight,711813,0,0,0,2,,,0,,,,,,Auckland Region,Nil,2-way,Sealed,,0,0,,50,,Off,0,0,,76,Auckland,Traffic Signals,,,,,0,0,Urban,0,,,Fine,Null
1756633,5912848,11644,,518702,0,,0,2,,Null,2009/2010,HILLSBOROUGH ROAD,HILLSBOROUGH ON EBD,,Non-Injury Crash,No,2009,,South,,0,,Flat,,,,,,Dark,569900,0,0,0,2,,,0,,,,,,Auckland Region,Nil,2-way,Sealed,,0,0,,50,,On,0,0,,76,Auckland,Traffic Signals,,,,,0,0,Urban,0,,,Fine,Null
1757325,5919951,11645,,514103,0,,0,1,,North,2009/2010,WAKEFIELD ST,MAYORAL DRIVE,,Non-Injury Crash,No,2009,,South,,0,,Hill Road,,,,,,Overcast,436600,0,0,1,2,,,0,,,,,,Auckland Region,Nil,2-way,Sealed,,0,0,,50,,Off,0,0,,76,Auckland,Nil,,,,,0,0,Urban,0,,,Light rain,Null
1756495,5919999,11646,,514000,0,0,0,1,0,East,2008/2009,WELLINGTON ST,WELLINGTON ON NBD,,Non-Injury Crash,No,2009,0,West,0,0,0,Flat,0,,0,,0,Overcast,417400,0,0,0,4,0,0,0,0,0,,0,0,Auckland Region,Nil,2-way,Sealed,1,0,0,0,50,0,Null,1,0,,76,Auckland,Unknown,0,0,0,0,0,0,Urban,0,0,0,Heavy rain,Null
1930795,5604811,11647,,548100,0,,0,1,,Null,2009/2010,WILLOWPARK ROAD NORTH,ALBERT ST,,Non-Injury Crash,No,2009,,West,,0,,Flat,,,,,,Bright sun,1499700,0,0,0,2,,,0,,,,,,Hawke's Bay Region,Nil,2-way,Sealed,,0,0,,50,,Null,0,0,,30,Hastings District,Give way,,,,,0,0,Urban,1,,,Fine,Null
1755301,5914746,11648,,518500,0,0,0,2,0,Null,2009/2010,DONALD CRESCENT N,DOMINION ROAD,,Non-Injury Crash,No,2009,0,West,0,0,0,Flat,0,,0,,0,Overcast,560200,0,0,0,2,0,0,0,0,0,,0,0,Auckland Region,Nil,2-way,Sealed,0,0,0,0,50,0,Off,0,0,,76,Auckland,Stop,0,0,0,0,0,0,Urban,0,1,0,Fine,Null
1620887,5429984,11649,,583000,0,,0,2,,South,2008/2009,SH 6,BISLEY AVENUE,,Non-Injury Crash,Yes,2009,,South,,0,,Flat,,,,,,Bright sun,2333100,0,0,0,2,,,0,,,,,,Nelson Region,Nil,2-way,Sealed,,0,0,,50,,Null,0,0,,52,Nelson City,Nil,,,,,0,0,Urban,0,,,Fine,Null
1826483,5880109,11650,,533902,0,,0,1,,Null,2009/2010,SH 25,HAURAKI ROAD,,Non-Injury Crash,Yes,2009,,South,,0,,Flat,,Christmas New Year,,,,Overcast,1061800,0,0,0,3,,,0,,,,,,Waikato Region,Nil,2-way,Sealed,,0,0,,100,,Null,1,0,,12,Hauraki District,Give way,,,,,0,0,Open,0,,,Fine,Null
1793762,5517221,11651,,561700,0,,0,2,,Null,2008/2009,SH 1N,WHYTE ST,,Non-Injury Crash,Yes,2009,,South,,0,,Flat,,,,,,Bright sun,1781601,0,0,0,2,,,0,,,,,,Manawatū-Whanganui Region,Nil,2-way,Sealed,,0,0,,50,,Null,0,0,,42,Horowhenua District,Stop,,,,,0,0,Urban,0,,,Fine,Null
1929380,5605496,11652,,548200,0,,0,2,,Null,2009/2010,CHARLES ST,HERETAUNGA ST WEST,,Non-Injury Crash,No,2009,,North,,0,,Flat,,,,,,Bright sun,1490100,0,0,0,2,,,0,,,,,,Hawke's Bay Region,Nil,2-way,Sealed,,0,0,,50,,Null,0,0,,30,Hastings District,Give way,,,,,0,0,Urban,0,,,Fine,Null
1936876,5621362,11653,,546901,0,0,0,2,0,Null,2008/2009,Z CPK OCEAN BOULEVARD,DICKENS ST,,Non-Injury Crash,No,2009,0,East,0,0,0,Flat,0,,0,,0,Bright sun,1428400,0,0,0,0,0,0,0,0,1,,0,0,Hawke's Bay Region,Nil,Off road,Sealed,0,0,0,0,50,0,Null,0,0,,31,Napier City,Nil,0,0,0,0,0,0,Urban,0,0,0,Fine,Null
1750142,5914219,11654,,511303,0,,0,2,,West,2009/2010,GREAT NORTH ROAD,VERONICA ST,,Non-Injury Crash,No,2009,,West,,0,,Flat,,,,,,Dark,266100,0,0,0,4,,,0,,,,,,Auckland Region,Nil,2-way,Sealed,,0,0,,50,,On,0,0,,76,Auckland,Unknown,,,,,0,0,Urban,0,,,Fine,Null
1949970,5791874,11655,,542410,0,0,0,2,0,North,2009/2010,BRABANT ST,PEACE ST,,Non-Injury Crash,No,2009,0,East,0,0,0,Flat,0,,0,,0,Overcast,1306300,0,0,0,2,0,0,0,0,0,,0,0,Bay of Plenty Region,Nil,2-way,Sealed,0,0,0,0,50,0,Null,0,0,,25,Whakatane District,Unknown,0,0,0,0,0,0,Urban,0,1,0,Fine,Null
1885030,5773891,11656,,540410,0,0,0,1,0,East,2009/2010,HINEMOA ST,TUTANEKAI ST,,Non-Injury Crash,No,2009,0,West,0,0,0,Flat,0,,0,,0,Overcast,1234300,0,0,0,2,0,0,0,0,1,,0,0,Bay of Plenty Region,Nil,2-way,Sealed,0,0,0,0,50,0,Null,0,0,,24,Rotorua District,Unknown,0,0,0,0,0,0,Urban,1,0,0,Fine,Null
1749153,5427413,11657,,573101,0,,0,2,,Null,2008/2009,Z CPK TE PAPA,CABLE ST,,Non-Injury Crash,No,2009,,South,,0,,Flat,,,,,,Bright sun,2135200,0,0,0,1,,,0,,,,,,Wellington Region,Nil,Off road,Sealed,,0,0,,50,,Null,0,1,,47,Wellington City,Give way,,,,,0,0,Urban,0,,,Fine,Null
1718496,6050877,11658,,502102,0,,0,2,,West,2008/2009,STATION ROAD,CORKS ROAD,,Non-Injury Crash,No,2009,,West,,0,,Flat,,,,,,Dark,84300,0,0,0,2,,,0,,,,,,Northland Region,Nil,2-way,Sealed,,0,0,,50,,On,0,0,,2,Whangarei District,Nil,,,,,0,0,Urban,0,,,Fine,Null
1768070,5905193,11659,,523722,0,,0,2,,Null,2009/2010,TE IRIRANGI DRIVE,DIORELLA DRIVE,,Non-Injury Crash,No,2009,,North,,0,,Flat,,Christmas New Year,,,,Dark,715904,0,0,0,5,,,0,,,,,,Auckland Region,Nil,2-way,Sealed,,0,0,,50,,On,0,0,,76,Auckland,Traffic Signals,,,,,0,0,Urban,0,,,Fine,Null
1746958,5919058,11660,,512402,0,,0,3,,South,2009/2010,TE ATATU ROAD,VERA ROAD,,Non-Injury Crash,No,2009,,North,,0,,Flat,,,,,,Bright sun,254500,0,0,0,5,,,0,,,,,,Auckland Region,Nil,2-way,Sealed,,0,0,,50,,Off,0,0,,76,Auckland,Nil,,,,,0,0,Urban,0,,,Fine,Null
1719313,6045560,11661,,503100,0,0,0,1,0,South,2009/2010,BANK ST,ROSE ST,,Non-Injury Crash,No,2009,0,East,0,0,0,Flat,0,,0,,0,Twilight,100700,0,0,0,2,0,0,0,0,1,,0,0,Northland Region,Nil,2-way,Sealed,0,0,0,0,50,0,On,1,0,,2,Whangarei District,Nil,0,0,0,0,0,0,Urban,0,0,0,Fine,Null
1765656,5901388,11662,,524821,0,,0,4,,South,2009/2010,ROSCOMMON ROAD,BROWNS ROAD,,Non-Injury Crash,No,2009,,North,,0,,Hill Road,,,,,,Dark,774446,0,0,0,2,,,0,,,,,,Auckland Region,Nil,2-way,Sealed,,0,0,,50,,On,0,0,,76,Auckland,Traffic Signals,,,,,0,0,Urban,0,,,Fine,Null
1760459,5908925,11663,,524403,0,,0,0,,Null,2009/2010,WALMSLEY ROAD,ROBERTSON ROAD,,Non-Injury Crash,No,2009,,East,,0,,Flat,,,,,,Bright sun,729500,0,0,0,4,,,0,,,,,,Auckland Region,Nil,2-way,Sealed,,0,0,,60,,Off,0,0,,76,Auckland,Traffic Signals,,,,,2,0,Urban,0,,,Fine,Null
1887107,5823934,11664,,536515,0,0,0,1,0,North,2009/2010,PACIFIC VIEW ROAD,JAMES HENRY AVENUE,,Non-Injury Crash,No,2009,0,North,0,0,0,Flat,0,,0,,1,Bright sun,1205042,0,0,0,2,0,0,0,0,0,,0,0,Bay of Plenty Region,Nil,2-way,Sealed,0,0,0,0,50,0,Null,0,0,,23,Tauranga City,Unknown,0,0,0,0,0,0,Urban,0,0,0,Fine,Null
1763109,5914860,11665,,520401,0,0,0,2,0,East,2009/2010,MOTU PLACE,FERNDALE ROAD,,Non-Injury Crash,No,2009,0,East,0,0,0,Flat,0,,0,,0,Dark,643500,0,0,0,2,0,0,0,0,1,,0,0,Auckland Region,Nil,2-way,Sealed,0,0,0,0,50,0,On,0,0,,76,Auckland,Nil,0,0,0,0,0,0,Urban,0,0,0,Fine,Null
1762204,5437300,11666,,568301,0,0,0,2,0,South,2009/2010,HIGH ST,STELLIN ST,,Non-Injury Crash,No,2009,0,East,0,0,0,Flat,0,,0,,0,Bright sun,1948800,0,0,0,2,0,0,0,0,1,,0,0,Wellington Region,Nil,2-way,Sealed,0,0,0,0,50,0,Null,0,0,,46,Lower Hutt City,Nil,0,0,0,0,0,0,Urban,0,0,0,Fine,Null
1760456,5915665,11667,,516003,0,,0,2,,South,2009/2010,SH 1N,GREENLANE OFF NBD,,Non-Injury Crash,Yes,2009,,North,,0,,Flat,,,,,,Bright sun,494902,0,0,0,4,,,0,,,,,,Auckland Region,Nil,1-way,Sealed,,0,0,,100,,Null,0,0,,76,Auckland,Unknown,,,,,0,0,Open,0,,,Fine,Null
1583784,5477878,11668,,581602,0,0,0,0,0,North,2009/2010,SH 60,EDINBURGH ST,,Non-Injury Crash,Yes,2009,0,North,0,0,0,Flat,0,,0,,0,Dark,2345000,0,0,0,2,0,0,0,0,1,,0,1,Tasman Region,Nil,2-way,Sealed,0,0,0,0,50,0,On,2,0,,51,Tasman District,Nil,0,0,0,0,0,0,Urban,0,0,0,Fine,Null
1729603,5939937,11669,,506800,0,,0,1,,North,2009/2010,SH 16,RATA ST,,Non-Injury Crash,Yes,2009,,West,,0,,Hill Road,,,,,,Bright sun,208700,0,0,0,2,,,0,,,,,,Auckland Region,Nil,2-way,Sealed,,0,0,,50,,Null,1,0,,76,Auckland,Unknown,,,,,0,0,Urban,0,,,Fine,Null
1750325,5424376,11670,,576901,0,,0,2,,West,2008/2009,RONGOTAI ROAD,ONEPU ROAD,,Non-Injury Crash,No,2009,,West,,0,,Flat,,,,,,Bright sun,2178000,0,0,0,2,,,0,,,,,,Wellington Region,Nil,2-way,Sealed,,0,0,,50,,Null,0,0,,47,Wellington City,Nil,,,,,0,0,Urban,0,,,Fine,Null
1746310,5916861,11671,,510800,0,0,0,1,1,Null,2008/2009,GREAT NORTH ROAD,DELLWOOD AVENUE,,Non-Injury Crash,No,2009,0,East,0,0,0,Hill Road,0,,0,,0,Dark,243502,0,0,0,3,0,0,0,0,0,,0,0,Auckland Region,Nil,2-way,Sealed,0,0,0,0,50,0,On,0,0,,76,Auckland,Nil,0,0,0,1,0,0,Urban,0,0,0,Fine,Null
1773510,5446300,11672,,567000,0,,0,2,,East,2008/2009,SH 2,GIBBONS ST,,Non-Injury Crash,Yes,2009,,West,,0,,Flat,,,,,,Overcast,1907700,0,0,0,2,,,0,,,,,,Wellington Region,Nil,2-way,Sealed,,0,0,,100,,Null,0,0,,45,Upper Hutt City,Nil,,,,,0,0,Open,0,,,Heavy rain,Null
1767427,5904940,11673,,524603,0,,0,2,,North,2009/2010,GREAT SOUTH ROAD,CAVENDISH DRIVE,,Non-Injury Crash,No,2009,,South,,0,,Flat,,,,,,Bright sun,780304,0,0,0,3,,,0,,,,,,Auckland Region,Nil,2-way,Sealed,,0,0,,50,,Off,0,0,,76,Auckland,Traffic Signals,,,,,0,0,Urban,0,,,Fine,Null
1757047,5929458,11674,,507720,0,,0,1,,East,2009/2010,PENNING ROAD,PRESTIGE PLACE,,Non-Injury Crash,No,2009,,South,,0,,Flat,,,,,,Bright sun,312502,0,0,0,2,,,0,,,,,,Auckland Region,Nil,2-way,Sealed,,0,0,,50,,Off,1,0,,76,Auckland,Nil,,,,,0,0,Urban,0,,,Fine,Null
1763337,5909549,11675,,521901,0,,0,3,,East,2009/2010,STATION ROAD,WALMSLEY ROAD,,Non-Injury Crash,No,2009,,West,,0,,Flat,,,,,,Twilight,782700,0,0,0,2,,,0,,,,,,Auckland Region,Nil,2-way,Sealed,,0,0,,50,,On,0,0,,76,Auckland,Traffic Signals,,,,,0,0,Urban,0,,,Fine,Null
1769224,5914464,11676,,522721,0,,0,3,,Null,2008/2009,PAKURANGA ROAD,FORTUNES ROAD,,Non-Injury Crash,No,2009,,East,,0,,Flat,,,,,,Bright sun,680727,0,0,0,6,,,0,,,,,,Auckland Region,Nil,2-way,Sealed,,0,0,,50,,Off,0,0,,76,Auckland,Traffic Signals,,,,,0,0,Urban,0,,,Fine,Null
1754529,5931063,11677,,508520,0,0,0,2,0,North,2009/2010,SALAMANCA ROAD,LAURINA ROAD,,Non-Injury Crash,No,2009,0,West,0,0,0,Flat,0,,0,,0,Dark,191106,0,0,0,2,0,0,0,0,1,,0,0,Auckland Region,Nil,2-way,Sealed,0,0,0,0,50,0,On,0,0,,76,Auckland,Nil,0,0,0,0,0,0,Urban,0,0,0,Fine,Null
1929851,5605477,11678,,548200,0,,0,1,,Null,2009/2010,ST AUBYN ST WEST,NELSON ST NORTH,,Non-Injury Crash,No,2009,,North,,0,,Flat,,,,,,Bright sun,1491000,0,0,0,4,,,0,,,,,,Hawke's Bay Region,Nil,2-way,Sealed,,0,0,,50,,Null,0,0,,30,Hastings District,Traffic Signals,,,,,0,0,Urban,1,,,Fine,Null
1257306,5003924,11679,,609304,0,0,1,0,0,Null,2008/2009,BRUNSWICK ST,THOMPSON ST,,Non-Injury Crash,No,2009,0,West,0,0,0,Hill Road,0,,0,,0,Dark,3032404,0,0,0,2,0,0,0,0,1,,0,0,Otago Region,Nil,2-way,Sealed,0,0,0,0,50,0,On,0,0,,70,Queenstown-Lakes District,Give way,0,0,0,0,0,0,Urban,1,0,0,Light rain,Null
1830432,5796306,11680,,535241,0,0,0,0,1,East,2008/2009,SH 1N,KENTUCKY ROAD W,,Non-Injury Crash,Yes,2009,0,West,0,0,0,Flat,0,,0,,0,Bright sun,1123100,0,0,0,3,0,0,0,0,0,,0,0,Waikato Region,Nil,2-way,Sealed,0,0,0,0,100,0,None,1,0,,17,Waipa District,Nil,0,0,0,0,0,0,Open,0,0,0,Fine,Frost
1752887,5437288,11681,,573523,0,,0,1,,North,2008/2009,SH 1N,CHURTON PARK OFF SBD,,Non-Injury Crash,Yes,2009,,South,,0,,Flat,,,,,,Bright sun,2086312,0,0,1,2,,,0,,,,,,Wellington Region,Nil,2-way,Sealed,,0,0,,100,,Null,0,0,,47,Wellington City,Nil,,,,,0,0,Open,0,,,Fine,Null
1747925,5942565,11682,,506300,0,0,0,2,0,West,2008/2009,POSTMAN ROAD,WILKS ROAD,,Non-Injury Crash,No,2009,0,South,1,0,0,Hill Road,0,,0,,0,Overcast,175903,0,0,0,2,0,0,0,0,0,,0,0,Auckland Region,Nil,2-way,Sealed,0,0,0,0,80,0,None,0,0,,76,Auckland,Nil,0,0,0,0,0,0,Open,0,0,0,Fine,Null
1767344,5887551,11683,,521122,0,0,0,2,0,South,2008/2009,SH 22,GLENBROOK ROAD,,Non-Injury Crash,Yes,2009,0,South,0,0,0,Flat,0,,0,,0,Dark,813001,0,0,0,2,0,0,0,0,0,,0,1,Auckland Region,Nil,2-way,Sealed,0,0,0,0,100,0,None,0,0,,76,Auckland,Nil,0,0,0,0,0,0,Open,0,0,0,Fine,Null
1771065,5898243,11684,,523912,0,,0,2,,South,2009/2010,GREAT SOUTH ROAD,BEACH ROAD N,,Non-Injury Crash,No,2009,,South,,0,,Flat,,,,,,Bright sun,767705,0,0,0,2,,,0,,,,,,Auckland Region,Nil,2-way,Sealed,,0,0,,50,,Null,0,0,,76,Auckland,Nil,,,,,0,0,Urban,0,,,Fine,Null
1840790,5517345,11685,,578000,0,0,0,1,0,West,2008/2009,QUEEN ST,HUXLEY ST,,Non-Injury Crash,No,2009,0,South,0,0,1,Flat,0,,0,,0,Dark,2216700,0,0,0,2,0,0,0,0,0,,0,0,Manawatū-Whanganui Region,Nil,2-way,Sealed,0,0,0,0,50,0,On,0,0,,41,Tararua District,Give way,0,0,0,0,0,0,Urban,0,0,0,Fine,Null
1724748,6042192,11686,,501818,0,,0,2,,North,2008/2009,WAIKARAKA ROAD,WHANGAREI HEADS ROAD,,Non-Injury Crash,No,2009,,South,,0,,Flat,,Queens Birthday,,,,Bright sun,73400,0,0,0,2,,,0,,,,,,Northland Region,Nil,2-way,Sealed,,0,0,,50,,Off,0,0,,2,Whangarei District,Nil,,,,,0,0,Urban,0,,,Fine,Null
1934518,5620500,11687,,546600,1,,0,1,,Null,2008/2009,SH 50,TOM PARKER AVENUE,,Non-Injury Crash,Yes,2009,,North,,0,,Flat,,,,,,Bright sun,1437300,0,0,0,2,,,0,,,,,,Hawke's Bay Region,Nil,2-way,Sealed,,0,0,,50,,Null,0,0,,31,Napier City,Give way,,,,,0,0,Urban,0,,,Fine,Null
1717518,6050442,11688,,502101,0,,0,2,,Null,2008/2009,THREE MILE BUSH ROAD,CLARK ROAD,,Non-Injury Crash,No,2009,,East,,0,,Flat,,,,,,Bright sun,82100,0,0,0,2,,,0,,,,,,Northland Region,Nil,2-way,Sealed,,0,0,,50,,Null,0,0,,2,Whangarei District,Stop,,,,,0,0,Urban,0,,,Fine,Null
1722430,6003375,11689,,504700,0,0,0,0,0,Null,2008/2009,SH 12,VIEW ST W,,Non-Injury Crash,Yes,2009,0,West,0,0,0,Hill Road,0,,0,,0,Dark,131500,0,0,0,2,0,0,0,1,0,,0,0,Northland Region,Nil,2-way,Sealed,0,0,0,0,50,0,On,1,0,,3,Kaipara District,Give way,0,0,0,0,0,0,Urban,0,0,0,Heavy rain,Null
1755689,5916138,11690,,518301,0,,0,2,,Null,2008/2009,DOMINION ROAD,WIREMU ST,,Non-Injury Crash,No,2009,,South,,0,,Flat,,,,,,Bright sun,553600,0,0,0,4,,,0,,,,,,Auckland Region,Nil,2-way,Sealed,,0,0,,50,,Null,0,0,,76,Auckland,Nil,,,,,0,0,Urban,1,,,Fine,Null
1930025,5604642,11691,,548200,0,,0,2,,North,2009/2010,HERETAUNGA ST EAST,HASTINGS ST SOUTH,,Non-Injury Crash,No,2009,,North,,0,,Flat,,,,,,Bright sun,1493300,0,0,0,2,,,0,,,,,,Hawke's Bay Region,Nil,2-way,Sealed,,0,0,,50,,Null,0,0,,30,Hastings District,Nil,,,,,0,0,Urban,0,,,Fine,Null
1824040,5889695,11692,,533501,1,,0,1,,Null,2008/2009,SH 25,WILSON ST,,Non-Injury Crash,Yes,2009,,North,,0,,Flat,,,,,,Dark,1049000,0,0,0,2,,,0,,,,,,Waikato Region,Nil,2-way,Sealed,,0,0,,50,,On,0,0,,11,Thames-Coromandel District,Stop,,,,,0,0,Urban,0,,,Fine,Null
1801787,5817375,11693,,530000,0,0,0,1,0,North,2009/2010,PEACHGROVE ROAD,MARSHALL ST,,Non-Injury Crash,No,2009,0,South,0,0,0,Flat,0,,0,,0,Bright sun,864500,0,0,0,2,0,0,0,0,0,,0,0,Waikato Region,Nil,2-way,Sealed,0,0,0,0,50,0,Off,0,0,,16,Hamilton City,Nil,1,0,0,0,0,0,Urban,0,0,0,Fine,Null
1791111,5497863,11694,,564013,0,0,0,1,1,Null,2009/2010,SH 1N,SH 57,,Non-Injury Crash,Yes,2009,0,South,1,0,0,Flat,0,,0,,0,Overcast,1856700,0,0,0,3,0,0,0,0,0,,0,0,Manawatū-Whanganui Region,Nil,2-way,Sealed,0,0,0,0,100,0,Null,0,0,,42,Horowhenua District,Give way,0,0,0,0,0,0,Open,0,0,0,Heavy rain,Null
1823607,5463225,11695,,578600,0,,0,2,,North,2009/2010,SH 2,RENALL ST,,Non-Injury Crash,Yes,2009,,South,,0,,Flat,,,,,,Overcast,2242700,0,0,0,2,,,0,,,,,,Wellington Region,Nil,2-way,Sealed,,0,0,,50,,Null,0,0,,48,Masterton District,Nil,,,,,0,0,Urban,0,,,Fine,Null
1755332,5921896,11696,,515202,0,,0,1,,Null,2009/2010,SH 1N,CURRAN ON NBD,,Non-Injury Crash,Yes,2009,,North,,0,,Hill Road,,,,,,Bright sun,423600,0,0,0,3,,,0,,,,,,Auckland Region,Bridge,1-way,Sealed,,0,0,,80,,Off,0,0,,76,Auckland,Nil,,,,,1,0,Open,0,,,Fine,Null
1745063,5917750,11697,,510700,0,,0,2,,Null,2009/2010,GREAT NORTH ROAD,LINCOLN ROAD,,Non-Injury Crash,No,2009,,North,,0,,Hill Road,,,,,,Dark,239501,0,0,0,4,,,0,,,,,,Auckland Region,Nil,2-way,Sealed,,0,0,,50,,On,0,0,,76,Auckland,Traffic Signals,,,,,0,0,Urban,0,,,Light rain,Null
1707333,5656429,11698,,552702,0,0,0,1,0,North,2009/2010,SH 3,OLD MOUNTAIN ROAD,,Non-Injury Crash,Yes,2009,0,North,1,0,1,Flat,0,,0,,0,Dark,1607400,0,0,0,2,0,0,0,0,0,,0,0,Taranaki Region,Nil,2-way,Sealed,0,0,0,0,100,0,None,0,0,,33,New Plymouth District,Nil,0,0,0,0,0,0,Open,0,0,0,Light rain,Null
1748654,5426592,11699,,573300,0,,0,1,,Null,2008/2009,TARANAKI ST,WEBB ST,,Non-Injury Crash,No,2009,,North,,0,,Flat,,,,,,Dark,2145300,0,0,0,3,,,0,,,,,,Wellington Region,Nil,2-way,Sealed,,0,0,,50,,On,0,0,,47,Wellington City,Traffic Signals,,,,,0,0,Urban,1,,,Fine,Null
1931934,5616728,11700,,545631,0,,0,2,,North,2009/2010,SH 50,MEEANEE OFF SBD,,Non-Injury Crash,Yes,2009,,South,,0,,Flat,,,,,,Dark,1402100,0,0,0,2,,,0,,,,,,Hawke's Bay Region,Nil,2-way,Sealed,,0,0,,100,,On,0,0,,31,Napier City,Nil,,,,,0,0,Open,0,,,Light rain,Null
1755511,5915495,11701,,518302,0,,0,4,,Null,2009/2010,DOMINION ROAD,CALGARY ST,,Non-Injury Crash,No,2009,,North,,0,,Flat,,,,,,Overcast,555000,0,0,0,4,,,0,,,,,,Auckland Region,Nil,2-way,Sealed,,0,0,,50,,Off,0,0,,76,Auckland,Stop,,,,,0,0,Urban,0,,,Light rain,Null
1747180,5913794,11702,,511100,0,,0,2,,Null,2008/2009,WEST COAST ROAD,GLENVIEW ROAD,,Non-Injury Crash,No,2009,,East,,0,,Flat,,,,,,Overcast,286200,0,0,0,5,,,0,,,,,,Auckland Region,Nil,2-way,Sealed,,0,0,,50,,Off,0,0,,76,Auckland,Traffic Signals,,,,,0,0,Urban,0,,,Fine,Null
1876952,5707756,11703,,541344,0,0,0,0,0,East,2008/2009,SH 5,CAROLINE DRIVE,,Non-Injury Crash,Yes,2009,0,South,0,0,0,Flat,0,,0,,0,Dark,1280708,0,0,0,2,0,0,0,0,0,,0,0,Waikato Region,Nil,2-way,Sealed,0,0,0,0,100,0,On,1,0,,21,Taupo District,Unknown,0,0,0,0,0,0,Open,0,0,0,Fine,Null
1750940,5949679,11704,,505805,0,0,0,1,0,East,2008/2009,FLORENCE AVENUE,HATTON ROAD,,Non-Injury Crash,No,2009,0,East,0,0,0,Flat,0,,0,,0,Bright sun,171701,0,0,0,2,0,0,0,0,1,,0,0,Auckland Region,Nil,2-way,Sealed,0,0,0,0,50,0,Null,0,0,,76,Auckland,Unknown,0,0,0,0,0,0,Urban,1,0,0,Fine,Null
1718102,6043571,11705,,503500,0,,0,1,,Null,2009/2010,SH 1N,MURDOCH CRESCENT N,,Non-Injury Crash,Yes,2009,,East,,0,,Flat,,,,,,Bright sun,108900,0,0,0,1,,,0,,,,,,Northland Region,Nil,1-way,Sealed,,0,0,,50,,Off,1,0,,2,Whangarei District,Give way,,,,,0,0,Urban,0,,,Fine,Null
1849759,5773924,11706,,535261,0,0,0,1,1,South,2008/2009,SH 1N,TE RERE ROAD,,Non-Injury Crash,Yes,2009,0,South,0,0,0,Flat,0,,0,,0,Overcast,1134400,0,0,0,2,0,0,0,0,0,,0,1,Waikato Region,Nil,2-way,Sealed,0,0,0,0,100,0,Null,0,0,,19,South Waikato District,Unknown,0,0,0,0,0,0,Open,0,0,0,Light rain,Null