X,Y,OBJECTID,advisorySpeed,areaUnitID,bicycle,bridge,bus,carStationWagon,cliffBank,crashDirectionDescription,crashFinancialYear,crashLocation1,crashLocation2,crashRoadSideRoad,crashSeverity,crashSHDescription,crashYear,debris,directionRoleDescription,ditch,fatalCount,fence,flatHill,guardRail,holiday,houseOrBuilding,intersection,kerb,light,meshblockId,minorInjuryCount,moped,motorcycle,NumberOfLanes,objectThrownOrDropped,otherObject,otherVehicleType,overBank,parkedVehicle,pedestrian,phoneBoxEtc,postOrPole,region,roadCharacter,roadLane,roadSurface,roadworks,schoolBus,seriousInjuryCount,slipOrFlood,speedLimit,strayAnimal,streetLight,suv,taxi,temporarySpeedLimit,tlaId,tlaName,trafficControl,trafficIsland,trafficSign,train,tree,truck,unknownVehicleType,urban,vanOrUtility,vehicle,waterRiver,weatherA,weatherB
1748585,5429233,11707,,572900,0,,0,1,,North,2008/2009,TINAKORI ROAD,HAWKESTONE ST,,Non-Injury Crash,No,2009,,North,,0,,Flat,,,,,,Bright sun,2119500,0,0,0,2,,,0,,,,,,Wellington Region,Nil,2-way,Sealed,,0,0,,50,,Null,0,0,,47,Wellington City,Give way,,,,,1,0,Urban,0,,,Fine,Null
1751759,5913171,11708,,514600,0,0,0,1,0,South,2008/2009,GENEVA PLACE,CLELAND CRESCENT,,Non-Injury Crash,No,2009,0,West,0,0,0,Hill Road,0,,0,,0,Dark,372600,0,0,0,2,0,0,0,0,0,,0,0,Auckland Region,Nil,2-way,Sealed,0,0,0,0,50,0,On,0,0,,76,Auckland,Nil,0,0,0,1,0,0,Urban,0,0,0,Light rain,Null
1857687,5839621,11709,,535800,0,0,0,1,0,North,2009/2010,SH 2,JOCELYN ST,,Non-Injury Crash,Yes,2009,0,South,0,0,0,Flat,0,,0,,0,Bright sun,1183502,0,0,0,2,0,0,0,0,1,,0,0,Bay of Plenty Region,Nil,2-way,Sealed,0,0,0,0,50,0,Null,0,0,,22,Western Bay of Plenty District,Unknown,0,0,0,0,0,0,Urban,0,0,0,Fine,Null
1766483,5907301,11710,,523601,0,,0,2,,South,2009/2010,SH 1N,OTARA ON SBD,,Non-Injury Crash,Yes,2009,,South,,0,,Hill Road,,,,,,Dark,709000,0,0,0,3,,,0,,,,,,Auckland Region,Nil,2-way,Sealed,,0,0,,100,,On,2,0,,76,Auckland,Nil,,,,,0,0,Open,0,,,Light rain,Null
1793413,5704484,11711,,532700,0,0,0,1,0,North,2008/2009,SH 4,KURA ROAD,,Non-Injury Crash,Yes,2009,0,North,0,0,0,Flat,0,,0,,0,Dark,1042400,0,0,0,2,0,0,0,1,0,,0,0,Manawatū-Whanganui Region,Nil,2-way,Sealed,0,0,0,0,100,0,None,0,0,80,36,Ruapehu District,Nil,0,0,0,1,0,0,Open,0,0,0,Mist or Fog,Null
1768648,5901096,11712,,524901,0,,0,2,,Null,2009/2010,GREAT SOUTH ROAD,STATION ROAD,,Non-Injury Crash,No,2009,,North,,0,,Flat,,,,,,Overcast,757100,0,0,0,2,,,0,,,,,,Auckland Region,Nil,2-way,Sealed,,0,0,,50,,Off,0,0,,76,Auckland,Give way,,,,,0,0,Urban,0,,,Fine,Null
1800722,5822722,11713,,527009,0,,0,1,,Null,2009/2010,HORSHAM DOWNS ROAD,BORMAN ROAD,,Non-Injury Crash,No,2009,,North,,0,,Flat,,,,,,Bright sun,952201,0,0,0,2,,,0,,,,,,Waikato Region,Nil,2-way,Sealed,,0,0,,100,,None,0,0,,16,Hamilton City,Give way,,,,,0,0,Open,1,,,Fine,Null
1748931,5425113,11714,,576400,0,,0,1,,North,2008/2009,RIDDIFORD ST,EMMETT ST,,Non-Injury Crash,No,2009,,South,,0,,Flat,,,,,,Bright sun,2166900,0,0,0,4,,,0,,,,,,Wellington Region,Nil,2-way,Sealed,,0,0,,40,,Null,1,0,,47,Wellington City,Nil,,,,,0,0,Urban,0,,,Fine,Null
1744656,5916234,11715,,510800,0,0,0,2,0,East,2009/2010,GARELJA ROAD,HENDERSON VALLEY ROAD,,Non-Injury Crash,No,2009,0,South,0,0,0,Flat,0,,0,,0,Dark,242100,0,0,0,1,0,0,0,0,1,,0,0,Auckland Region,Nil,1-way,Sealed,0,0,0,0,50,0,On,0,0,,76,Auckland,Nil,0,0,0,0,0,0,Urban,0,0,0,Fine,Null
1696384,6085016,11716,,501620,0,,0,0,,South,2009/2010,SH 1N,WHANGAE ROAD,,Non-Injury Crash,Yes,2009,,South,,0,,Flat,,,,,,Dark,47602,0,0,0,2,,,0,,,,,,Northland Region,Bridge,2-way,Sealed,,0,0,,100,,None,1,0,,1,Far North District,Nil,,,,,1,0,Open,0,,,Fine,Null
1767456,5905770,11717,,522302,0,,0,3,,North,2008/2009,SH 1N,REAGAN OBR,,Non-Injury Crash,Yes,2009,,North,,0,,Flat,,,,,,Bright sun,670902,0,0,0,3,,,0,,,,,,Auckland Region,Nil,1-way,Sealed,,0,0,,100,,Off,0,0,,76,Auckland,Nil,,,,,0,0,Open,0,,,Fine,Null
1767422,5903474,11718,,524602,0,,0,2,,South,2009/2010,TREVOR HOSKEN DRIVE,MARBLE PLACE,,Non-Injury Crash,No,2009,,North,,0,,Flat,,,,,,Bright sun,780413,0,0,0,2,,,0,,,,,,Auckland Region,Nil,2-way,Sealed,,0,0,,50,,Off,0,0,,76,Auckland,Nil,,,,,0,0,Urban,0,,,Fine,Null
1724496,6031206,11719,,501811,0,0,0,1,0,East,2009/2010,SH 1N,SALMON ROAD,,Non-Injury Crash,Yes,2009,0,West,1,0,0,Flat,0,,0,,0,Twilight,77600,0,0,0,2,0,0,0,0,0,,0,0,Northland Region,Nil,2-way,Sealed,0,0,0,0,100,0,On,0,0,,2,Whangarei District,Unknown,0,0,0,0,0,0,Open,0,0,0,Fine,Null
1765041,5905792,11720,,522202,0,,0,2,,Null,2009/2010,ST GEORGE ST,KOLMAR ROAD,,Non-Injury Crash,No,2009,,West,,0,,Flat,,,,,,Overcast,663400,0,0,0,2,,,0,,,,,,Auckland Region,Nil,2-way,Sealed,,0,0,,50,,Off,0,0,,76,Auckland,Traffic Signals,,,,,0,0,Urban,0,,,Fine,Null
1884582,5825928,11721,,536831,0,0,0,0,0,South,2009/2010,LACHLAN AVENUE,PATERSON ST,,Non-Injury Crash,No,2009,0,North,0,0,0,Flat,0,,0,,0,Dark,1199700,0,0,0,2,0,0,0,0,1,,0,0,Bay of Plenty Region,Nil,2-way,Sealed,0,0,0,0,50,0,On,1,0,,23,Tauranga City,Unknown,0,0,0,0,0,0,Urban,0,0,0,Fine,Null
1752554,5434668,11722,,574001,0,0,0,1,0,North,2009/2010,NEWLANDS ROAD,BLACK ROCK ROAD,,Non-Injury Crash,No,2009,0,North,0,0,0,Hill Road,0,,0,,0,Dark,2076200,0,0,0,2,0,0,0,0,1,,0,0,Wellington Region,Nil,2-way,Sealed,0,0,0,0,50,0,On,0,0,,47,Wellington City,Nil,0,0,0,0,0,0,Urban,1,0,0,Light rain,Null
1748444,5427073,11723,,573101,0,,0,1,,Null,2009/2010,SH 1N VIVIAN,VICTORIA ST,,Non-Injury Crash,Yes,2009,,South,,0,,Flat,,,,,,Bright sun,2131600,0,0,0,2,,,0,,,,,,Wellington Region,Nil,2-way,Sealed,,0,0,,50,,Null,0,0,,47,Wellington City,Traffic Signals,,,,,1,0,Urban,0,,,Fine,Null
1898076,5754606,11724,,538832,0,0,0,0,0,West,2008/2009,SH 38,ROTOMAHANA ROAD,,Non-Injury Crash,Yes,2009,0,West,0,0,0,Flat,0,,0,,0,Dark,1259105,0,0,0,2,0,0,0,0,0,,0,0,Bay of Plenty Region,Nil,2-way,Sealed,0,0,0,0,100,0,None,0,0,,24,Rotorua District,Nil,0,0,0,0,1,0,Open,0,0,0,Mist or Fog,Null
1768460,5905430,11725,,523722,0,,0,1,,Null,2009/2010,BOUNDARY ROAD,OTHELLO DRIVE,,Non-Injury Crash,No,2009,,North,,0,,Flat,,,,,,Bright sun,715910,0,0,0,2,,,0,,,,,,Auckland Region,Nil,2-way,Sealed,,0,0,,50,,Off,1,0,,76,Auckland,Give way,,,,,0,0,Urban,0,,,Fine,Null
1764595,5905903,11726,,524303,0,0,0,1,0,Null,2008/2009,STATION ROAD,HILLCREST ROAD,,Non-Injury Crash,No,2009,1,North,0,0,0,Flat,0,,0,,0,Overcast,657500,0,0,0,2,0,0,0,0,0,,0,0,Auckland Region,Nil,2-way,Sealed,0,0,0,0,50,0,Null,0,0,,76,Auckland,Give way,0,0,0,0,1,0,Urban,0,0,0,Fine,Null
1764242,5904359,11727,,522100,0,,0,2,,Null,2009/2010,PUHINUI ROAD,VISION PLACE,,Non-Injury Crash,No,2009,,East,,0,,Flat,,,,,,Twilight,659300,0,0,0,4,,,0,,,,,,Auckland Region,Nil,2-way,Sealed,,0,0,,50,,Off,0,0,,76,Auckland,Give way,,,,,0,0,Urban,0,,,Fine,Null
1892899,5812814,11728,20,538502,0,,0,1,,Null,2008/2009,QUEEN ST,JOCELYN ST,,Non-Injury Crash,No,2009,,North,,0,,Flat,,,,,,Dark,1215400,0,0,0,2,,,0,,,,,,Bay of Plenty Region,Nil,2-way,Sealed,,0,0,,50,,On,0,0,,22,Western Bay of Plenty District,Give way,,,,,0,0,Urban,1,,,Fine,Null
1754125,5918284,11729,,515432,0,,0,2,,East,2008/2009,SH 16,ST LUKES OBR,,Non-Injury Crash,Yes,2009,,West,,0,,Flat,,,,,,Bright sun,406202,0,0,0,4,,,0,,,,,,Auckland Region,Nil,1-way,Sealed,,0,0,,100,,Null,0,0,,76,Auckland,Unknown,,,,,0,0,Open,0,,,Fine,Null
1759697,5436266,11730,,569100,0,,0,2,,East,2008/2009,Z CPK POSTIE PLUS,QUEENS/MARGARET,,Non-Injury Crash,No,2009,,East,,0,,Flat,,,,,,Overcast,1967500,0,0,0,0,,,0,,,,,,Wellington Region,Nil,Off road,Sealed,,0,0,,50,,Null,0,0,,46,Lower Hutt City,Nil,,,,,0,0,Urban,0,,,Fine,Null
1815430,5779837,11731,,528000,0,,0,1,,East,2009/2010,OWAIRAKA VALLEY ROAD,BAYLEY ROAD,,Non-Injury Crash,No,2009,,East,,0,,Flat,,,,,,Overcast,991301,0,0,0,2,,,0,,,,,,Waikato Region,Nil,2-way,Sealed,,0,0,,100,,Null,1,0,,17,Waipa District,Unknown,,,,,0,0,Open,0,,,Heavy rain,Null
1745121,5924407,11732,,513431,0,,0,2,,Null,2009/2010,HOBSONVILLE ROAD,LUCKENS ROAD,,Non-Injury Crash,No,2009,,West,,0,,Flat,,,,,,Overcast,223802,0,0,0,1,,,0,,,,,,Auckland Region,Nil,2-way,Sealed,,0,0,,50,,Null,0,0,,76,Auckland,Give way,,,,,0,0,Urban,0,,,Fine,Null
1751590,5914207,11733,,514402,0,0,0,2,0,Null,2009/2010,WOLVERTON ST,BLOCKHOUSE BAY ROAD,,Non-Injury Crash,No,2009,0,North,0,0,0,Flat,0,,0,,1,Overcast,379403,0,0,0,2,0,0,0,0,0,,0,0,Auckland Region,Nil,2-way,Sealed,0,0,0,0,50,0,Off,0,0,,76,Auckland,Stop,0,0,0,0,0,0,Urban,0,0,0,Light rain,Null
1885155,5773191,11734,,540600,0,,0,2,,Null,2009/2010,FENTON ST,TI ST,,Non-Injury Crash,No,2009,,South,,0,,Flat,,,,,,Dark,1243100,0,0,0,2,,,0,,,,,,Bay of Plenty Region,Nil,2-way,Sealed,,0,0,,50,,On,0,0,,24,Rotorua District,Give way,,,,,0,0,Urban,0,,,Light rain,Null
1751611,5951981,11735,,505804,0,,0,1,,North,2009/2010,HIBISCUS COAST HIGHWAY,OTANERUA ROAD,,Non-Injury Crash,No,2009,,North,,0,,Hill Road,,,,,,Dark,170806,0,0,0,2,,,0,,,,,,Auckland Region,Nil,2-way,Sealed,,0,0,,70,,On,0,0,,76,Auckland,Unknown,,,,,0,0,Urban,0,,,Fine,Null
1634976,5435946,11736,,581812,0,0,0,1,1,East,2008/2009,SH 6,TEAL VALLEY ROAD,,Non-Injury Crash,Yes,2009,0,East,1,0,0,Hill Road,0,,0,,0,Dark,2360700,0,0,0,2,0,0,0,0,0,,0,0,Nelson Region,Nil,2-way,Sealed,0,0,0,0,100,0,None,0,0,,52,Nelson City,Nil,0,0,0,0,0,0,Open,0,0,0,Fine,Null
1766156,5900860,11737,,524711,0,0,0,1,0,West,2009/2010,PALLANT ST,SMEDLEY ST,,Non-Injury Crash,No,2009,0,North,0,0,1,Flat,0,Christmas New Year,0,,0,Dark,774601,0,0,0,2,0,0,0,0,0,,0,0,Auckland Region,Nil,2-way,Sealed,0,0,0,0,50,0,On,0,0,,76,Auckland,Nil,0,0,0,0,0,0,Urban,0,0,0,Null,Null
1699222,6095122,11738,,501100,0,,0,2,,Null,2009/2010,WILLIAMS ROAD,SELWYN ROAD,,Non-Injury Crash,No,2009,,East,,0,,Flat,,,,,,Bright sun,54200,0,0,0,1,,,0,,,,,,Northland Region,Nil,1-way,Sealed,,0,0,,50,,Off,0,0,,1,Far North District,Give way,,,,,0,0,Urban,0,,,Fine,Null
1749510,5913910,11739,,511303,0,,0,1,,East,2008/2009,GREAT NORTH ROAD,TITIRANGI ROAD,,Non-Injury Crash,No,2009,,East,,0,,Hill Road,,,,,,Overcast,264901,0,0,0,5,,,0,,,,,,Auckland Region,Nil,2-way,Sealed,,0,0,,50,,Null,0,0,,76,Auckland,Nil,,,,,1,0,Urban,0,,,Light rain,Null
1895473,5812082,11740,,536653,0,0,0,1,0,East,2009/2010,TE PUKE HIGHWAY,KENANA ROAD,,Non-Injury Crash,No,2009,0,East,0,0,0,Flat,0,,0,,0,Dark,1210100,0,0,0,2,0,1,0,0,0,,0,0,Bay of Plenty Region,Nil,2-way,Sealed,0,0,0,0,100,0,None,0,0,,22,Western Bay of Plenty District,Unknown,0,0,0,0,0,0,Open,0,0,0,Fine,Null
2036028,5709455,11741,,544600,1,,0,1,,Null,2009/2010,GLADSTONE ROAD,STANLEY ROAD,,Non-Injury Crash,No,2009,,East,,0,,Flat,,,,,,Overcast,1369400,0,0,0,2,,,0,,,,,,Gisborne Region,Nil,2-way,Sealed,,0,0,,50,,Null,0,0,,28,Gisborne District,Give way,,,,,0,0,Urban,0,,,Fine,Null
1770596,5897552,11742,,523912,0,,0,4,,South,2008/2009,SH 1N,GT SOUTH OBR,,Non-Injury Crash,Yes,2009,,South,,0,,Flat,,,,,,Bright sun,767803,0,0,0,2,,,0,,,,,,,Nil,1-way,Sealed,,0,0,,100,,Off,0,0,,76,Auckland,Nil,,,,,1,0,Open,0,,,Fine,Null
1766846,5912717,11743,,522920,0,,0,1,,Null,2009/2010,TI RAKAU DRIVE,MATTSON ROAD,,Non-Injury Crash,No,2009,,North,,0,,Flat,,,,,,Bright sun,686800,0,0,0,6,,,0,,,,,,Auckland Region,Nil,2-way,Sealed,,0,0,,60,,Off,1,0,,76,Auckland,Traffic Signals,,,,,0,0,Urban,0,,,Fine,Null
1755869,5809356,11744,,526602,0,,0,2,,South,2009/2010,WHAANGA ROAD,TE TUHI ROAD,,Non-Injury Crash,No,2009,,North,,0,,Hill Road,,,,,,Bright sun,861502,0,0,0,0,,,0,,,,,,Waikato Region,Nil,2-way,Unsealed,,0,0,,100,,None,0,0,,13,Waikato District,Nil,,,,,0,0,Open,0,,,Null,Null
1719068,6045479,11745,,503100,0,,0,1,,Null,2009/2010,MAUNU ROAD,CENTRAL AVENUE,,Non-Injury Crash,No,2009,,West,,0,,Flat,,,,,,Bright sun,100800,0,0,0,2,,,0,,,,,,Northland Region,Nil,2-way,Sealed,,0,0,,50,,Off,1,0,,2,Whangarei District,Traffic Signals,,,,,0,0,Urban,0,,,Fine,Null
2032264,5708136,11746,,544002,0,,1,0,,West,2008/2009,SH 35,AERODROME ROAD E,,Non-Injury Crash,Yes,2009,,East,,0,,Flat,,,,,,Bright sun,1361400,0,0,0,2,,,0,,,,,,Gisborne Region,Rail xing,2-way,Sealed,,1,0,,100,,Null,0,0,,28,Gisborne District,Nil,,,,,1,0,Open,0,,,Fine,Null
1862144,5748119,11747,,535262,0,0,0,1,0,North,2009/2010,SH 1N,ONGAROTO ROAD,,Non-Injury Crash,Yes,2009,0,South,0,0,0,Flat,0,Christmas New Year,0,,0,Dark,1152900,0,0,0,2,0,0,0,1,0,,0,1,Waikato Region,Nil,2-way,Sealed,0,0,0,0,100,0,None,0,0,,19,South Waikato District,Unknown,0,1,0,0,0,0,Open,0,0,0,Light rain,Null
1889468.0384,5819728.0379,11748,,536642,0,0,0,1,1,East,2009/2010,WELCOME BAY ROAD,TARANAKI LANE,,Non-Injury Crash,No,2009,0,East,0,0,0,Flat,0,,0,,0,Dark,1206501,0,0,0,2,0,0,0,0,0,,0,0,Bay of Plenty Region,Nil,2-way,Sealed,0,0,0,0,100,0,None,0,0,,22,Western Bay of Plenty District,Nil,0,0,0,0,0,0,Open,0,0,0,Fine,Null
1774213,5472695,11749,,563703,0,,0,2,,Null,2008/2009,ELIZABETH ST,SEDDON ST,,Non-Injury Crash,No,2009,,East,,0,,Flat,,,,,,Bright sun,1876400,0,0,0,2,,,0,,,,,,Wellington Region,Nil,2-way,Sealed,,0,0,,50,,Null,0,0,,43,Kapiti Coast District,Give way,,,,,0,0,Urban,0,,,Fine,Null
1753560,5927928,11750,,508210,0,,0,2,,Null,2009/2010,GLENFIELD ROAD,KAIPATIKI ROAD,,Non-Injury Crash,No,2009,,East,,0,,Hill Road,,,,,,Overcast,186800,0,0,0,4,,,0,,,,,,Auckland Region,Nil,2-way,Sealed,,0,0,,50,,Off,0,0,,76,Auckland,Traffic Signals,,,,,0,0,Urban,0,,,Fine,Null
1843784,5809933,11751,,535502,0,,0,2,,Null,2008/2009,HINUERA ROAD,SH 27,,Non-Injury Crash,Yes,2009,,South,,0,,Flat,,,,,,Overcast,1121200,0,0,0,2,,,0,,,,,,Waikato Region,Nil,2-way,Sealed,,0,0,,70,,Null,0,0,,15,Matamata-Piako District,Give way,,,,,0,0,Urban,0,,,Light rain,Null
1763938,5912510,11752,,520500,0,,0,1,,South,2008/2009,SH 1N,MT WGTN OBR,,Non-Injury Crash,Yes,2009,,North,,0,,Flat,,,,,,Overcast,639500,0,0,0,2,,,0,,,,,,Auckland Region,Nil,2-way,Sealed,,0,0,,100,,Off,0,0,,76,Auckland,Nil,,,,,1,0,Open,0,,,Fine,Null
1719200,6045262,11753,,503600,0,,0,2,,North,2008/2009,TAREWA ROAD,POROWINI AVENUE,,Non-Injury Crash,No,2009,,North,,0,,Flat,,Queens Birthday,,,,Bright sun,103900,0,0,0,3,,,0,,,,,,Northland Region,Nil,2-way,Sealed,,0,0,,50,,Null,0,0,,2,Whangarei District,Unknown,,,,,0,0,Urban,0,,,Fine,Null
1804438,5813737,11754,,530700,0,0,0,1,0,West,2009/2010,SH 1N,SH 26,,Non-Injury Crash,Yes,2009,0,East,0,0,1,Flat,0,,1,,1,Overcast,889302,0,0,0,4,0,0,0,0,0,,0,0,Waikato Region,Nil,2-way,Sealed,0,0,0,0,60,0,Off,0,0,,16,Hamilton City,Nil,0,0,0,0,0,0,Urban,0,0,0,Light rain,Null
1820059,5576591,11755,,558700,0,,0,1,,South,2008/2009,SH 1N,KOTUKUTUKU ROAD,,Non-Injury Crash,Yes,2009,,South,,0,,Flat,,,,,,Dark,1728600,0,0,0,2,,,0,,,,,,Manawatū-Whanganui Region,Nil,2-way,Sealed,,0,0,,100,,None,0,0,,38,Rangitikei District,Nil,,,,,0,0,Open,0,,,Fine,Null
1753819,5928970,11756,,508320,0,0,0,2,0,North,2009/2010,HOGANS ROAD,WELDENE AVENUE,,Non-Injury Crash,No,2009,0,East,0,0,0,Flat,0,,0,,0,Bright sun,196900,0,0,0,2,0,0,0,0,1,,0,0,Auckland Region,Nil,2-way,Sealed,0,0,0,0,50,0,Null,0,0,,76,Auckland,Unknown,0,0,0,0,0,0,Urban,0,0,0,Fine,Null
1819758,5450843,11757,,579502,0,,0,1,,East,2009/2010,CARTERTON GLADSTONE ROAD,WOODLANDS ROAD,,Non-Injury Crash,No,2009,,West,,0,,Hill Road,,,,,,Overcast,2262700,0,0,0,2,,,0,,,,,,Wellington Region,Nil,2-way,Sealed,,0,0,,100,,Null,0,0,,49,Carterton District,Nil,,,,,0,0,Open,1,,,Light rain,Null
1760285,5915378,11758,,519400,0,0,0,1,0,Null,2009/2010,GREAT SOUTH ROAD,CAMPBELL ROAD,,Non-Injury Crash,No,2009,0,East,0,0,0,Flat,0,,0,,0,Bright sun,617400,0,0,0,4,0,0,0,0,0,,0,0,Auckland Region,Nil,2-way,Sealed,0,0,0,0,50,0,Off,0,0,,76,Auckland,Traffic Signals,0,1,0,0,0,0,Urban,0,0,0,Fine,Null
1768708,5881061,11759,,525921,0,,0,2,,Null,2009/2010,QUEEN ST,WESLEY ST,,Non-Injury Crash,No,2009,,South,,0,,Flat,,,,,,Overcast,821600,0,0,0,2,,,0,,,,,,Auckland Region,Nil,2-way,Sealed,,0,0,,50,,Off,0,0,,76,Auckland,Give way,,,,,0,0,Urban,0,,,Fine,Null
1560461,5166720,11760,,587904,0,,0,1,,North,2009/2010,LINCOLN TAITAPU ROAD,RIVER ROAD,,Non-Injury Crash,No,2009,,South,,0,,Flat,,,,,,Bright sun,2501700,0,0,0,2,,,1,,,,,,Canterbury Region,Nil,2-way,Sealed,,0,0,,100,,Null,0,0,,62,Selwyn District,Nil,,,,,0,0,Open,0,,,Fine,Null
1767710,5909435,11761,,523112,0,,0,2,,Null,2008/2009,KERWYN AVENUE,ARWEN PLACE,,Non-Injury Crash,No,2009,,North,,0,,Flat,,,,,,Bright sun,711600,0,0,0,2,,,0,,,,,,Auckland Region,Nil,2-way,Sealed,,0,0,,50,,Off,0,0,,76,Auckland,Nil,,,,,0,0,Urban,0,,,Fine,Null
1884168,5825203,11762,,536831,0,,0,2,,Null,2009/2010,SH 2,GIRVEN ROAD,,Non-Injury Crash,Yes,2009,,North,,0,,Flat,,,,,,Bright sun,1204403,0,0,0,4,,,0,,,,,,Bay of Plenty Region,Nil,2-way,Sealed,,0,0,,70,,Off,0,0,,23,Tauranga City,Give way,,,,,0,0,Urban,0,,,Fine,Null
1762463,5908202,11763,,524530,0,0,0,2,0,East,2009/2010,VINE ST,BLAKE ROAD,,Non-Injury Crash,No,2009,0,West,0,0,0,Flat,0,,0,,0,Bright sun,731600,0,0,0,2,0,0,0,0,0,,0,0,Auckland Region,Nil,2-way,Sealed,0,0,0,0,50,0,Off,0,0,,76,Auckland,Nil,0,0,0,0,0,0,Urban,0,1,0,Fine,Null
1711118,5644224,11764,,553102,0,,0,0,,Null,2009/2010,CELIA ST,ORLANDO ST,,Non-Injury Crash,No,2009,,North,,0,,Flat,,,,,,Overcast,1611200,0,0,0,2,,,0,,,,,,Taranaki Region,Nil,2-way,Sealed,,0,0,,50,,Null,0,0,,34,Stratford District,Give way,,,,,0,0,Urban,2,,,Light rain,Null
1747934,5425356,11765,,575701,0,0,0,2,0,East,2008/2009,CONNAUGHT TERRACE,WASHINGTON AVENUE,,Non-Injury Crash,No,2009,0,East,0,0,0,Hill Road,0,Easter,0,,0,Dark,2200000,0,0,0,2,0,0,0,0,1,,0,0,Wellington Region,Nil,2-way,Sealed,0,0,0,0,50,0,On,0,0,,47,Wellington City,Nil,0,0,0,0,0,0,Urban,0,0,0,Fine,Null
1623207,5429722,11766,,582800,0,0,0,2,0,South,2008/2009,WAIMEA ROAD,VAN DIEMEN ST,,Non-Injury Crash,No,2009,0,North,0,0,0,Hill Road,0,,0,,0,Dark,2322400,0,0,0,2,0,0,0,0,1,,0,0,Nelson Region,Nil,2-way,Sealed,0,0,0,0,50,0,On,0,0,,52,Nelson City,Nil,0,0,0,0,0,0,Urban,0,0,0,Fine,Null
1718029,6044119,11767,,503500,0,0,0,1,0,East,2008/2009,RAUMANGA VALLEY ROAD,RAUMANGA HEIGHTS DRIVE,,Non-Injury Crash,No,2009,0,West,0,0,1,Flat,0,,0,,0,Dark,108000,0,0,0,2,0,0,0,0,0,,0,0,Northland Region,Nil,2-way,Sealed,0,0,0,0,50,0,On,0,0,,2,Whangarei District,Nil,0,0,0,0,0,0,Urban,0,0,0,Light rain,Null
1766334,5916991,11768,,517001,0,,0,2,,Null,2008/2009,TANIWHA ST,ELSTREE AVENUE,,Non-Injury Crash,No,2009,,East,,0,,Flat,,,,,,Bright sun,476500,0,0,0,2,,,0,,,,,,Auckland Region,Nil,2-way,Sealed,,0,0,,50,,Off,0,0,,76,Auckland,Stop,,,,,0,0,Urban,0,,,Fine,Null
1748988,5430394,11769,,574600,0,0,0,1,0,Null,2008/2009,SEFTON ST,LENNEL ROAD,,Non-Injury Crash,No,2009,0,South,0,0,0,Hill Road,0,,0,,0,Overcast,2099200,0,0,0,2,0,0,0,0,0,,0,1,Wellington Region,Nil,2-way,Sealed,0,0,0,0,50,0,Null,0,0,,47,Wellington City,Stop,0,0,0,0,0,0,Urban,0,0,0,Fine,Null
1918268,5648904,11770,,545911,0,0,0,1,0,North,2009/2010,SH 5,OHURAKURA ROAD,,Non-Injury Crash,Yes,2009,0,West,0,0,1,Hill Road,0,,0,,0,Bright sun,1415900,0,0,0,2,0,0,0,1,0,,0,0,Hawke's Bay Region,Nil,2-way,Sealed,0,0,0,0,100,0,Null,0,0,,30,Hastings District,Nil,0,1,0,0,0,0,Open,0,0,0,Fine,Frost
1857861,5788785,11771,,535232,0,0,0,0,0,East,2008/2009,SH 5,WAIOHOTU ROAD,,Non-Injury Crash,Yes,2009,0,East,1,0,0,Hill Road,0,,0,,1,Bright sun,1127702,0,0,0,3,0,0,0,0,0,,0,0,Waikato Region,Nil,2-way,Sealed,0,0,0,0,100,0,Null,0,0,,19,South Waikato District,Unknown,0,0,0,0,0,0,Open,1,0,0,Fine,Frost
1742988,5921863,11772,,513631,0,0,0,1,0,Null,2009/2010,GARTON DRIVE,LOUGHANURE PLACE,,Non-Injury Crash,No,2009,0,South,0,0,1,Hill Road,0,,1,,0,Overcast,227102,0,0,0,2,0,0,0,0,0,,0,0,Auckland Region,Nil,2-way,Sealed,0,0,0,0,50,0,Off,0,0,,76,Auckland,Nil,0,0,0,0,0,0,Urban,0,0,0,Fine,Null
1884187,5825239,11773,,536831,0,,0,2,,Null,2009/2010,SH 2,GIRVEN ROAD,,Non-Injury Crash,Yes,2009,,South,,0,,Flat,,,,,,Bright sun,1204403,0,0,0,4,,,0,,,,,,Bay of Plenty Region,Nil,2-way,Sealed,,0,0,,70,,Null,0,0,,23,Tauranga City,Give way,,,,,0,0,Urban,0,,,Fine,Null
1756141,5921006,11774,,515202,0,,0,2,,West,2009/2010,FANSHAWE OFF SBD,BEAUMONT ST,,Non-Injury Crash,Yes,2009,,South,,0,,Flat,,,,,,Bright sun,425600,0,0,0,2,,,0,,,,,,Auckland Region,Nil,1-way,Sealed,,0,0,,80,,Off,0,0,,76,Auckland,Nil,,,,,0,0,Open,0,,,Fine,Null
1885170,5825559,11775,,536832,0,,0,2,,East,2008/2009,MARANUI ST,GIRVEN ROAD,,Non-Injury Crash,No,2009,,East,,0,,Flat,,,,,,Bright sun,1202200,0,0,0,2,,,0,,,,,,Bay of Plenty Region,Nil,2-way,Sealed,,0,0,,50,,Null,0,0,,23,Tauranga City,Unknown,,,,,0,0,Urban,0,,,Fine,Null