X,Y,OBJECTID,advisorySpeed,areaUnitID,bicycle,bridge,bus,carStationWagon,cliffBank,crashDirectionDescription,crashFinancialYear,crashLocation1,crashLocation2,crashRoadSideRoad,crashSeverity,crashSHDescription,crashYear,debris,directionRoleDescription,ditch,fatalCount,fence,flatHill,guardRail,holiday,houseOrBuilding,intersection,kerb,light,meshblockId,minorInjuryCount,moped,motorcycle,NumberOfLanes,objectThrownOrDropped,otherObject,otherVehicleType,overBank,parkedVehicle,pedestrian,phoneBoxEtc,postOrPole,region,roadCharacter,roadLane,roadSurface,roadworks,schoolBus,seriousInjuryCount,slipOrFlood,speedLimit,strayAnimal,streetLight,suv,taxi,temporarySpeedLimit,tlaId,tlaName,trafficControl,trafficIsland,trafficSign,train,tree,truck,unknownVehicleType,urban,vanOrUtility,vehicle,waterRiver,weatherA,weatherB
1764533,5906614,11776,,522201,1,,0,1,,Null,2009/2010,CORONATION ROAD,WOOLFIELD ROAD,,Non-Injury Crash,No,2009,,West,,0,,Flat,,,,,,Overcast,661700,0,0,0,2,,,0,,,,,,Auckland Region,Nil,2-way,Sealed,,0,0,,50,,Off,0,0,,76,Auckland,Give way,,,,,0,0,Urban,0,,,Null,Null
1766804,5900671,11777,,524713,0,0,0,1,0,Null,2009/2010,ROWANDALE AVENUE,BENTON PLACE,,Non-Injury Crash,No,2009,0,South,0,0,1,Flat,0,Labour Weekend,0,,0,Dark,775803,0,0,0,2,0,0,0,0,0,,0,0,Auckland Region,Nil,2-way,Sealed,0,0,0,0,50,0,On,0,0,,76,Auckland,Nil,0,0,0,0,0,0,Urban,0,0,0,Light rain,Null
1691208,5675616,11778,,551501,0,0,0,2,0,Null,2008/2009,SH 45,LORNA ST,,Non-Injury Crash,Yes,2009,0,North,0,0,1,Flat,0,,0,,0,Bright sun,1581200,0,0,0,2,0,0,0,1,0,,0,0,Taranaki Region,Nil,2-way,Sealed,0,0,0,0,50,0,Null,0,0,,33,New Plymouth District,Give way,0,0,0,0,0,0,Urban,0,0,0,Fine,Null
1718744,6047588,11779,,502600,1,,0,1,,North,2009/2010,SH 1N,KENSINGTON AVENUE,,Non-Injury Crash,Yes,2009,,South,,0,,Flat,,,,,,Bright sun,94700,0,0,0,2,,,0,,,,,,Northland Region,Nil,2-way,Sealed,,0,0,,50,,Off,0,0,,2,Whangarei District,Nil,,,,,0,0,Urban,0,,,Fine,Null
1759289,5435845,11780,,569100,0,,0,2,,Null,2008/2009,MARKET GROVE,WARD ST,,Non-Injury Crash,No,2009,,North,,0,,Flat,,,,,,Twilight,1966200,0,0,0,2,,,0,,,,,,Wellington Region,Nil,2-way,Sealed,,0,0,,50,,None,0,0,,46,Lower Hutt City,Nil,,,,,0,0,Urban,0,,,Fine,Null
1568397,5180358,11781,,590701,0,,0,2,,Null,2008/2009,RICCARTON ROAD,MONA VALE AVENUE,,Non-Injury Crash,No,2009,,West,,0,,Flat,,,,,,Bright sun,2474602,0,0,0,2,,,0,,,,,,Canterbury Region,Nil,2-way,Sealed,,0,0,,50,,Null,0,0,,60,Christchurch City,Nil,,,,,0,0,Urban,0,,,Fine,Null
1742835,5919028,11782,,513213,0,,0,2,,Null,2008/2009,SWANSON ROAD,ARMADA DRIVE,,Non-Injury Crash,No,2009,,South,,0,,Flat,,,,,,Overcast,235200,0,0,0,2,,,0,,,,,,Auckland Region,Nil,2-way,Sealed,,0,0,,50,,Off,0,0,,76,Auckland,Give way,,,,,0,0,Urban,0,,,Fine,Null
1770907,5901668,11783,,523819,0,0,0,1,0,Null,2009/2010,RANFURLY ROAD,STRATFORD ROAD,,Non-Injury Crash,No,2009,0,West,0,0,0,Flat,0,,0,,0,Dark,760810,0,0,0,2,0,1,0,0,0,,0,0,Auckland Region,Nil,2-way,Sealed,0,0,0,0,80,0,On,0,0,,76,Auckland,Give way,0,1,0,0,0,0,Open,0,0,0,Fine,Null
1935713,5619764,11784,,546600,0,,0,2,,Null,2009/2010,LATHAM ST,BARTON AVENUE,,Non-Injury Crash,No,2009,,North,,0,,Flat,,,,,,Bright sun,1437000,0,0,0,2,,,0,,,,,,Hawke's Bay Region,Nil,2-way,Sealed,,0,0,,50,,Null,0,0,,31,Napier City,Give way,,,,,0,0,Urban,0,,,Fine,Null
1818435,5544114,11785,,560720,0,,0,1,,Null,2009/2010,SH 54,KIMBOLTON ROAD,,Non-Injury Crash,Yes,2009,,West,,0,,Flat,,,,,,Overcast,1766000,0,0,1,2,,,0,,,,,,Manawatū-Whanganui Region,Nil,2-way,Sealed,,0,0,,50,,Null,0,0,,39,Manawatu District,Give way,,,,,0,0,Urban,0,,,Fine,Null
1767437,5904926,11786,,524604,0,,0,2,,Null,2008/2009,GREAT SOUTH ROAD,TE IRIRANGI DRIVE,,Non-Injury Crash,No,2009,,North,,0,,Flat,,,,,,Bright sun,780302,0,0,0,4,,,0,,,,,,Auckland Region,Nil,2-way,Sealed,,0,0,,50,,Null,0,0,,76,Auckland,Traffic Signals,,,,,0,0,Urban,0,,,Fine,Null
1771790,5913037,11787,,523102,0,,0,2,,East,2009/2010,MEADOWLAND DRIVE,GOOCH PLACE,,Non-Injury Crash,No,2009,,West,,0,,Flat,,,,,,Dark,711005,0,0,0,2,,,0,,,,,,Auckland Region,Nil,2-way,Sealed,,0,0,,50,,On,0,0,,76,Auckland,Nil,,,,,0,0,Urban,0,,,Fine,Null
1763472,5438652,11788,,568202,0,,0,2,,Null,2008/2009,TAITA DRIVE,PERCY CAMERON ST,,Non-Injury Crash,No,2009,,South,,0,,Flat,,,,,,Dark,1938700,0,0,0,2,,,0,,,,,,Wellington Region,Nil,2-way,Sealed,,0,0,,50,,On,0,0,,46,Lower Hutt City,Give way,,,,,0,0,Urban,0,,,Light rain,Null
1749760,5912108,11789,,511402,0,0,0,1,0,East,2008/2009,GOLF ROAD,TAUPO ST,,Non-Injury Crash,No,2009,0,East,0,0,0,Flat,0,,0,,0,Bright sun,261300,0,0,0,2,0,0,0,0,1,,0,0,Auckland Region,Nil,2-way,Sealed,0,0,0,0,50,0,Off,0,0,,76,Auckland,Nil,0,0,0,0,0,0,Urban,1,0,0,Fine,Null
1748842,5425559,11790,,576301,0,,0,1,,South,2009/2010,RIDDIFORD ST,ADELAIDE ROAD,,Non-Injury Crash,No,2009,,North,,0,,Flat,,,,,,Overcast,2163500,0,0,0,2,,,0,,,,,,Wellington Region,Nil,2-way,Sealed,,0,0,,50,,Null,1,0,,47,Wellington City,Nil,,,,,0,0,Urban,0,,,Fine,Null
1752105,5955349,11791,65,506613,0,0,0,1,0,West,2009/2010,HIBISCUS COAST HIGHWAY,SCHISCHKA ROAD,,Non-Injury Crash,No,2009,0,West,1,0,0,Hill Road,0,,0,,0,Twilight,147000,0,0,0,3,0,0,0,0,0,,0,0,Auckland Region,Nil,2-way,Sealed,0,0,0,0,80,0,None,0,0,,76,Auckland,Nil,0,0,0,0,0,0,Open,0,0,0,Fine,Null
1743381,5923019,11792,,513511,0,,0,2,,North,2009/2010,DON BUCK ROAD,BEAUCHAMP DRIVE,,Non-Injury Crash,No,2009,,South,,0,,Flat,,,,,,Overcast,224315,0,0,0,2,,,0,,,,,,Auckland Region,Nil,2-way,Sealed,,0,0,,50,,Off,0,0,,76,Auckland,Nil,,,,,0,0,Urban,0,,,Light rain,Null
1746872,5913925,11793,,511002,0,0,0,1,0,West,2008/2009,WEST COAST ROAD,GLENDALE ROAD,,Non-Injury Crash,No,2009,0,West,0,0,0,Flat,0,,0,,0,Dark,283400,0,0,0,2,0,0,0,0,0,,1,0,Auckland Region,Nil,2-way,Sealed,0,0,0,0,50,0,On,0,0,,76,Auckland,Unknown,0,0,0,0,0,0,Urban,0,0,0,Fine,Null
1764301,5909592,11794,,521802,0,,0,1,,South,2009/2010,GREAT SOUTH ROAD,ATKINSON AVENUE,,Non-Injury Crash,No,2009,,North,,0,,Flat,,,,,,Dark,788601,0,0,1,5,,,0,,,,,,Auckland Region,Nil,2-way,Sealed,,0,0,,50,,On,0,0,,76,Auckland,Traffic Signals,,,,,0,0,Urban,0,,,Fine,Null
1809840,5818250,11795,55,527125,0,0,0,1,0,South,2008/2009,SH 1B MARSHMEADOW,HOLLAND ROAD,,Non-Injury Crash,Yes,2009,0,South,0,0,0,Flat,0,,0,,0,Bright sun,955900,0,0,0,2,0,0,0,0,0,,0,1,Waikato Region,Nil,2-way,Sealed,0,0,0,0,100,0,None,0,0,,13,Waikato District,Nil,0,1,0,0,0,0,Open,0,0,0,Fine,Null
1753866,5918300,11796,,515431,0,,0,2,,Null,2008/2009,SH 16,ST LUKES ROAD,,Non-Injury Crash,Yes,2009,,East,,0,,Flat,,,,,,Overcast,406300,0,0,0,3,,,0,,,,,,Auckland Region,Nil,1-way,Sealed,,0,0,,100,,Off,0,0,,76,Auckland,Nil,,,,,0,0,Open,0,,,Fine,Null
1769286,5915002,11797,,522711,0,,0,1,,Null,2008/2009,PIGEON MOUNTAIN ROAD,CASUARINA ROAD,,Non-Injury Crash,No,2009,,East,,0,,Flat,,,,,,Bright sun,680705,0,0,0,4,,,0,,,1,,,Auckland Region,Nil,2-way,Sealed,,0,0,,50,,Off,0,0,,76,Auckland,Traffic Signals,,,,,0,0,Urban,0,,,Fine,Null
1718283,6043846,11798,,503500,0,,0,1,,Null,2008/2009,SH 1N,OTAIKA ROAD N,,Non-Injury Crash,Yes,2009,,South,,0,,Flat,,,,,,Bright sun,108600,0,0,0,2,,,0,,,,,,Northland Region,Nil,2-way,Sealed,,0,0,,50,,None,0,0,,2,Whangarei District,Stop,,,,,0,0,Urban,1,,,Fine,Null
1751371,5913736,11799,,514402,0,0,0,2,0,West,2009/2010,MIRANDA ST,RUAHINE ST E,,Non-Injury Crash,No,2009,0,West,0,0,0,Flat,0,,0,,0,Overcast,379800,0,0,0,1,0,0,0,0,1,,0,0,Auckland Region,Nil,2-way,Sealed,0,0,0,0,50,0,Off,0,0,,76,Auckland,Nil,0,0,0,0,0,0,Urban,0,0,0,Fine,Null
1751841,5434746,11800,,573802,0,0,0,2,0,South,2008/2009,CHESTERTON ST,BURGESS ROAD,,Non-Injury Crash,No,2009,0,East,0,0,0,Hill Road,0,,0,,0,Overcast,2078500,0,0,0,2,0,0,0,0,0,,0,0,Wellington Region,Nil,2-way,Sealed,0,0,0,0,50,0,Null,0,0,,47,Wellington City,Nil,0,0,0,0,0,0,Urban,0,1,0,Light rain,Null
1747009,5913793,11801,,511002,0,,0,0,,South,2009/2010,GLENDALE ROAD,WEST COAST ROAD,,Non-Injury Crash,No,2009,,East,,0,,Flat,,,,,,Bright sun,283400,0,0,0,2,,,0,,,1,,,Auckland Region,Nil,2-way,Sealed,,0,0,,50,,Off,0,0,,76,Auckland,Nil,,,,,0,0,Urban,1,,,Fine,Null
1699059,5678610,11802,,550901,0,,0,2,,West,2008/2009,BELL BLOCK COURT,WYNYARD ST,,Non-Injury Crash,No,2009,,East,,0,,Flat,,,,,,Bright sun,1561500,0,0,0,2,,,0,,,,,,Taranaki Region,Nil,2-way,Sealed,,0,0,,50,,Null,0,0,,33,New Plymouth District,Nil,,,,,0,0,Urban,0,,,Fine,Null
1693167,5674639,11803,,552500,0,,0,2,,Null,2009/2010,CARRINGTON ST,STRUAN AVENUE,,Non-Injury Crash,No,2009,,South,,0,,Flat,,,,,,Bright sun,1567300,0,0,0,2,,,0,,,,,,Taranaki Region,Nil,2-way,Sealed,,0,0,,50,,Null,0,0,,33,New Plymouth District,Give way,,,,,0,0,Urban,0,,,Fine,Null
1731190,5908262,11804,,513800,0,0,0,1,0,South,2009/2010,PIHA ROAD,PENDRELL ROAD,,Non-Injury Crash,No,2009,0,North,0,0,0,Hill Road,1,,0,,0,Dark,282016,0,0,0,2,0,0,0,0,0,,0,0,Auckland Region,Nil,2-way,Sealed,0,0,0,0,80,0,Off,0,0,,76,Auckland,Nil,0,0,0,0,0,0,Open,0,0,0,Fine,Null
1572503,5196509,11805,,586407,0,0,0,1,0,South,2008/2009,CHARLES ST,JONES ST,,Non-Injury Crash,No,2009,0,South,0,0,1,Flat,0,,0,,0,Dark,2452000,0,0,0,2,0,0,0,0,0,,0,0,Canterbury Region,Nil,2-way,Sealed,0,0,0,0,50,0,On,0,0,,59,Waimakariri District,Give way,0,0,0,0,0,0,Urban,0,0,0,Light rain,Null
1615059,5424035,11806,,584201,0,0,0,1,0,North,2008/2009,LOWER QUEEN ST,STRATFORD ST,,Non-Injury Crash,No,2009,0,South,0,0,0,Flat,0,,0,,0,Bright sun,2365300,0,0,0,2,0,0,0,0,1,,0,0,Tasman Region,Nil,2-way,Sealed,0,0,0,0,50,0,Null,1,0,,51,Tasman District,Nil,0,0,0,0,0,0,Urban,0,0,0,Fine,Null
2036607,5709029,11807,,544600,0,,0,1,,West,2009/2010,GLADSTONE ROAD,DISRAELI ST,,Non-Injury Crash,No,2009,,West,,0,,Flat,,,,,,Bright sun,1373700,0,0,0,2,,,0,,,,,,Gisborne Region,Nil,2-way,Sealed,,0,0,,50,,Null,0,0,,28,Gisborne District,Nil,,,,,0,0,Urban,1,,,Fine,Null
1970326,5786684,11808,65,542906,0,0,0,1,1,West,2008/2009,SH 2,POHUTUKAWA DRIVE,,Non-Injury Crash,Yes,2009,0,East,0,0,0,Flat,0,,0,,0,Overcast,1337600,0,0,0,2,0,0,0,0,0,,0,0,Bay of Plenty Region,Nil,2-way,Sealed,0,0,0,0,100,0,Null,0,0,,27,Ōpōtiki District,Unknown,0,0,0,0,0,0,Open,0,0,0,Light rain,Null
1758100,5915427,11809,,519300,0,0,0,3,0,South,2008/2009,MANUKAU ROAD,GREEN LANE WEST,,Non-Injury Crash,No,2009,0,South,0,0,0,Flat,0,,0,,0,Twilight,624000,0,0,0,4,0,0,0,0,1,,0,0,Auckland Region,Nil,2-way,Sealed,0,0,0,0,50,0,Off,0,0,,76,Auckland,Nil,0,0,0,0,0,0,Urban,0,0,0,Fine,Null
1896250,5811737,11810,,536653,0,,0,2,,Null,2009/2010,TE PUKE HIGHWAY,KAITUNA RIV BR,,Non-Injury Crash,No,2009,,West,,0,,Flat,,,,,,Dark,1210100,0,0,0,2,,,0,,,,,,Bay of Plenty Region,Bridge,2-way,Sealed,,0,0,,100,,None,0,0,,22,Western Bay of Plenty District,Unknown,,,,,0,0,Open,0,,,Fine,Null
1866871,5713592,11811,,541720,0,0,0,3,0,West,2009/2010,STORY PLACE,SH 1N,,Non-Injury Crash,No,2009,0,West,0,0,0,Flat,0,,0,,0,Overcast,1275500,0,0,0,2,0,0,0,0,1,,0,0,Waikato Region,Nil,2-way,Sealed,0,0,0,0,50,0,Null,0,0,,21,Taupo District,Nil,0,0,0,0,0,0,Urban,0,0,0,Fine,Null
1929427,5606032,11812,,547700,0,,0,2,,Null,2008/2009,GRAYS ROAD,ST AUBYN ST WEST,,Non-Injury Crash,No,2009,,North,,0,,Flat,,,,,,Dark,1486400,0,0,0,2,,,0,,,,,,Hawke's Bay Region,Nil,2-way,Sealed,,0,0,,50,,On,0,0,,30,Hastings District,Give way,,,,,0,0,Urban,0,,,Fine,Null
1749051,5427473,11813,,573101,0,,0,1,,Null,2008/2009,TARANAKI ST,CABLE ST,,Non-Injury Crash,No,2009,,North,,0,,Flat,,,,,,Bright sun,2133100,0,0,0,2,,,0,,,,,,Wellington Region,Nil,2-way,Sealed,,0,0,,50,,Null,0,0,,47,Wellington City,Traffic Signals,,,,,0,0,Urban,1,,,Fine,Null
1619274,5426130,11814,,583900,0,0,0,1,0,Null,2008/2009,MAIN ROAD STOKE,LEMARI AVENUE,,Non-Injury Crash,No,2009,0,North,0,0,0,Flat,0,,0,,0,Dark,2343702,0,0,0,2,0,0,0,0,0,,0,0,Nelson Region,Nil,2-way,Sealed,0,0,0,0,50,0,On,0,0,,52,Nelson City,Nil,1,1,0,0,0,0,Urban,0,0,0,Fine,Null
1563912,5180649,11815,,587812,0,,0,1,,Null,2008/2009,SH 73,RACECOURSE ROAD,,Minor Crash,Yes,2009,,West,,0,,Flat,,Easter,,,,Twilight,2495401,1,0,0,4,,,0,,,,,,Canterbury Region,Nil,2-way,Sealed,,0,0,,60,,Off,1,0,,60,Christchurch City,Give way,,,,,0,0,Urban,0,,,Fine,Null
1745306,5919752,11816,,513301,0,,0,2,,Null,2009/2010,LINCOLN ROAD,UNIVERSAL DRIVE,,Non-Injury Crash,No,2009,,South,,0,,Flat,,,,,,Overcast,232001,0,0,0,2,,,0,,,,,,Auckland Region,Nil,2-way,Sealed,,0,0,,50,,Off,0,0,,76,Auckland,Traffic Signals,,,,,0,0,Urban,0,,,Fine,Null
1829343,5833237,11817,,534603,0,0,0,1,0,East,2009/2010,SH 26,SH 27 N,,Non-Injury Crash,Yes,2009,0,East,0,0,0,Flat,0,,0,,0,Overcast,1095900,0,0,0,2,0,0,0,0,0,,0,1,Waikato Region,Nil,2-way,Sealed,0,0,0,0,100,0,Off,0,0,,15,Matamata-Piako District,Nil,0,0,0,0,0,0,Open,0,0,0,Fine,Null
1744847,5915282,11818,,512903,0,0,0,2,0,South,2009/2010,BRUCE MCLAREN ROAD,HINDMARSH ST,,Non-Injury Crash,No,2009,0,West,0,0,0,Flat,0,,0,,0,Bright sun,278008,0,0,0,2,0,0,0,0,1,,0,0,Auckland Region,Nil,2-way,Sealed,0,0,0,0,50,0,Off,0,0,,76,Auckland,Nil,0,0,0,0,0,0,Urban,0,0,0,Fine,Null
1760965,5919957,11819,,516400,1,,0,1,,Null,2009/2010,TAMAKI DRIVE,NGAPIPI ROAD,,Non-Injury Crash,No,2009,,West,,0,,Flat,,,,,,Overcast,496500,0,0,0,4,,,0,,,,,,Auckland Region,Nil,2-way,Sealed,,0,0,,50,,Off,0,0,,76,Auckland,Give way,,,,,0,0,Urban,0,,,Fine,Null
2029230,5718071,11820,,544001,0,,0,1,,Null,2009/2010,SH 2,BACK ORMOND ROAD,,Non-Injury Crash,Yes,2009,,South,,0,,Flat,,,,,,Overcast,1357800,0,0,0,2,,,0,,,,,,Gisborne Region,Nil,2-way,Sealed,,0,0,,100,,Null,1,0,,28,Gisborne District,Give way,,,,,0,0,Open,0,,,Light rain,Null
1767744,5904982,11821,,524604,0,0,0,1,0,South,2008/2009,SH 1N,TE IRIRANGI OBR,,Non-Injury Crash,Yes,2009,0,North,0,0,0,Flat,1,,0,,0,Bright sun,780302,0,0,0,3,0,0,0,0,0,,0,0,Auckland Region,Nil,2-way,Sealed,0,0,0,0,100,0,Null,0,0,,76,Auckland,Unknown,0,0,0,0,0,0,Open,0,0,0,Fine,Null
1691905,5674795,11822,,551700,0,,0,2,,Null,2008/2009,TUKAPA ST,SANDERS AVENUE,,Non-Injury Crash,No,2009,,North,,0,,Flat,,,,,,Dark,1575200,0,0,0,2,,,0,,,,,,Taranaki Region,Nil,2-way,Sealed,,0,0,,50,,On,0,0,,33,New Plymouth District,Give way,,,,,0,0,Urban,0,,,Fine,Null
1760705,5915483,11823,,520201,0,1,0,0,0,South,2008/2009,WALPOLE ST,MITCHELSON ST,,Non-Injury Crash,No,2009,0,South,0,0,0,Flat,0,,0,,0,Bright sun,613000,0,0,0,2,0,0,0,0,0,,0,0,Auckland Region,Nil,2-way,Sealed,0,0,0,0,50,0,Off,0,0,,76,Auckland,Nil,0,0,0,0,1,0,Urban,0,0,0,Fine,Null
1828731,5826911,11824,,534604,0,0,0,1,0,Null,2009/2010,KEREONE ROAD,MAUNGATAPU ROAD,,Non-Injury Crash,No,2009,0,West,0,0,1,Flat,0,,0,,0,Bright sun,1098800,0,0,0,2,0,0,0,0,0,,0,0,Waikato Region,Nil,2-way,Sealed,0,0,0,0,100,0,Null,0,0,,15,Matamata-Piako District,Give way,0,0,0,0,0,0,Open,0,0,0,Fine,Null
1692273,5676016,11825,,551800,0,,0,2,,East,2009/2010,DEVON ST WEST,WEYMOUTH ST,,Non-Injury Crash,No,2009,,West,,0,,Flat,,,,,,Bright sun,1591000,0,0,0,2,,,0,,,,,,Taranaki Region,Nil,2-way,Sealed,,0,0,,50,,Null,0,0,,33,New Plymouth District,Nil,,,,,0,0,Urban,0,,,Fine,Null
1759807,5436941,11826,,569401,0,,0,2,,Null,2009/2010,SH 2,MELLING LINK,,Non-Injury Crash,Yes,2009,,West,,0,,Flat,,,,,,Bright sun,1920100,0,0,0,5,,,0,,,,,,Wellington Region,Nil,2-way,Sealed,,0,0,,100,,Null,0,0,,46,Lower Hutt City,Traffic Signals,,,,,0,0,Open,0,,,Fine,Null
1763919,5437287,11827,,568302,0,,0,2,,Null,2008/2009,NAENAE ROAD,RATA ST,,Non-Injury Crash,No,2009,,South,,0,,Flat,,,,,,Overcast,1958200,0,0,0,2,,,0,,,,,,Wellington Region,Nil,2-way,Sealed,,0,0,,50,,Null,0,0,,46,Lower Hutt City,Stop,,,,,0,0,Urban,0,,,Fine,Null
1754625,5913894,11828,,518803,0,,0,2,,Null,2008/2009,MAY ROAD,STODDARD ROAD,,Non-Injury Crash,No,2009,,North,,0,,Flat,,,,,,Bright sun,581700,0,0,0,2,,,0,,,,,,Auckland Region,Nil,2-way,Sealed,,0,0,,50,,Off,0,0,,76,Auckland,Give way,,,,,0,0,Urban,0,,,Fine,Null
1411522,4916471,11829,,604810,0,0,0,1,0,East,2008/2009,PORTOBELLO ROAD,WELLER ST,,Non-Injury Crash,No,2009,0,East,0,0,0,Flat,0,,0,,0,Twilight,2940700,0,0,0,2,0,0,0,1,0,,0,0,Otago Region,Nil,2-way,Sealed,0,0,0,0,70,0,None,0,0,,71,Dunedin City,Unknown,0,0,0,0,0,0,Urban,0,0,0,Light rain,Null
1933702,5618874,11830,,547400,0,0,0,2,0,South,2008/2009,ASHCROFT ST,KENNEDY ROAD,,Non-Injury Crash,No,2009,0,South,0,0,0,Flat,0,,0,,0,Bright sun,1448102,0,0,0,2,0,0,0,0,1,,0,0,Hawke's Bay Region,Nil,2-way,Sealed,0,0,0,0,50,0,Null,0,0,,31,Napier City,Nil,0,0,0,0,0,0,Urban,0,0,0,Fine,Null
1756186,5924118,11831,,509800,0,,0,3,,South,2009/2010,SH 1N,ONEWA OBR OFF,,Non-Injury Crash,Yes,2009,,South,,0,,Flat,,,,,,Overcast,361100,0,0,0,4,,,0,,,,,,Auckland Region,Nil,1-way,Sealed,,0,0,,80,,Off,1,0,,76,Auckland,Nil,,,,,0,0,Open,0,,,Fine,Null
1823471,5531265,11832,,562500,0,0,0,2,0,South,2008/2009,BELFAST PLACE,FEATHERSTON ST,,Non-Injury Crash,No,2009,0,North,0,0,0,Flat,0,,0,,0,Dark,1842100,0,0,0,2,0,0,0,0,1,,0,0,Manawatū-Whanganui Region,Nil,2-way,Sealed,0,0,0,0,50,0,On,0,0,,40,Palmerston North City,Nil,0,0,0,0,0,0,Urban,0,0,0,Fine,Null
1963978,5784529,11833,60,542906,0,0,0,1,0,East,2009/2010,OHIWA LOOP ROAD,RUATUNA ROAD,,Non-Injury Crash,No,2009,0,West,1,0,0,Flat,0,,0,,0,Dark,1338106,0,0,0,2,0,0,0,0,0,,0,0,Bay of Plenty Region,Nil,2-way,Sealed,0,0,0,0,100,0,None,0,0,,27,Ōpōtiki District,Nil,0,0,0,0,0,0,Open,0,0,0,Fine,Null
1819093,5530538,11834,,562320,0,0,0,0,0,South,2009/2010,GILLESPIES LINE,BENMORE AVENUE,,Non-Injury Crash,No,2009,0,South,0,0,0,Flat,0,,0,,0,Overcast,1815300,0,0,0,2,0,0,0,0,0,,0,1,Manawatū-Whanganui Region,Nil,2-way,Sealed,0,0,0,0,50,0,Null,0,0,,40,Palmerston North City,Give way,0,0,0,0,1,0,Urban,0,0,0,Heavy rain,Null
1752002,5432144,11835,,574002,0,0,0,1,0,North,2008/2009,SH 1N,SH 2,,Non-Injury Crash,Yes,2009,0,South,0,0,0,Flat,1,,0,,0,Dark,2078302,0,0,0,2,0,0,0,0,0,,0,0,Wellington Region,Nil,2-way,Sealed,0,0,0,0,100,0,On,0,0,,47,Wellington City,Nil,0,0,0,0,0,0,Open,0,0,0,Light rain,Null
1764048,5911764,11836,,520500,0,,0,1,,Null,2009/2010,GEORGE BOURKE DRIVE,MOUNT WELLINGTON HIGHWAY,,Non-Injury Crash,No,2009,,South,,0,,Flat,,,,,,Overcast,637900,0,0,0,4,,,0,,,,,,Auckland Region,Nil,2-way,Sealed,,0,0,,60,,None,0,0,,76,Auckland,Give way,,,,,0,0,Urban,1,,,Fine,Null
1757648,5928855,11837,,507800,0,,0,2,,Null,2008/2009,KITCHENER ROAD,DODSON AVENUE,,Non-Injury Crash,No,2009,,West,,0,,Flat,,,,,,Bright sun,310200,0,0,0,2,,,0,,,,,,Auckland Region,Nil,2-way,Sealed,,0,0,,50,,Null,0,0,,76,Auckland,Traffic Signals,,,,,0,0,Urban,0,,,Fine,Null
1745389,5920394,11838,,513301,0,,0,1,,North,2009/2010,LINCOLN ROAD,TRIANGLE ROAD,,Non-Injury Crash,No,2009,,South,,0,,Flat,,,,,,Bright sun,230301,0,0,0,6,,,0,,,,,,Auckland Region,Nil,2-way,Sealed,,0,0,,50,,Off,0,0,,76,Auckland,Nil,,,,,1,0,Urban,0,,,Fine,Null
1803569,5802707,11839,,527915,0,0,0,1,0,North,2009/2010,SH 3,DOUCH ROAD,,Non-Injury Crash,Yes,2009,0,South,0,0,0,Flat,0,,0,,0,Dark,985000,0,0,0,4,0,0,0,0,0,,0,1,Waikato Region,Nil,2-way,Sealed,0,0,0,0,100,0,None,0,0,,17,Waipa District,Nil,0,0,0,1,0,0,Open,0,0,0,Light rain,Null
1754312,5931072,11840,,508420,0,,0,1,,South,2009/2010,SH 1N,CONSTELLATION OBR,,Non-Injury Crash,Yes,2009,,North,,0,,Flat,,,,,,Overcast,182001,0,0,0,2,,,0,,,,,,Auckland Region,Nil,1-way,Sealed,,0,0,,100,,Null,1,0,,76,Auckland,Unknown,,,,,0,0,Open,0,,,Fine,Null
1847105,5754332,11841,,535262,0,0,0,1,0,South,2008/2009,SH 32,ACCESS ROAD,,Non-Injury Crash,Yes,2009,0,South,0,0,0,Flat,0,,0,,0,Dark,1151702,0,0,0,2,0,1,0,0,0,,0,0,Waikato Region,Nil,2-way,Sealed,0,0,0,0,100,0,None,0,0,,19,South Waikato District,Unknown,0,0,0,0,0,0,Open,0,0,0,Fine,Null
1765123,5908248,11842,,523404,0,0,0,2,0,East,2008/2009,Z FCT THE GRANGE,BAIRDS/GREAT SOUTH ROAD,,Non-Injury Crash,No,2009,0,North,0,0,0,Flat,0,,0,,0,Bright sun,696701,0,0,0,1,0,0,0,0,1,,0,0,Auckland Region,Nil,Off road,Sealed,0,0,0,0,50,0,Null,0,1,,76,Auckland,Nil,0,0,0,0,0,0,Urban,0,0,0,Fine,Null
1799477,5815338,11843,,528900,0,0,0,1,0,South,2008/2009,COMMERCE ST,LAKE ROAD,,Non-Injury Crash,No,2009,0,South,0,0,0,Flat,0,,1,,1,Dark,913800,0,0,0,2,0,0,0,0,0,,0,0,Waikato Region,Nil,2-way,Sealed,0,0,0,0,50,0,On,0,0,,16,Hamilton City,Unknown,0,0,0,0,0,0,Urban,0,0,0,Fine,Null
1744885,5919233,11844,,513301,0,,0,1,,East,2008/2009,POMARIA ROAD,KINGDALE ROAD,,Non-Injury Crash,No,2009,,West,,0,,Hill Road,,,,,,Bright sun,232101,0,0,0,2,,,0,,,,,,Auckland Region,Nil,2-way,Sealed,,0,0,,50,,Null,1,0,,76,Auckland,Nil,,,,,0,0,Urban,0,,,Fine,Null
1763262,5908247,11845,,524301,0,,0,2,,Null,2009/2010,ROSELLA ROAD,MASSEY ROAD,,Non-Injury Crash,No,2009,,East,,0,,Flat,,,,,,Overcast,748600,0,0,0,4,,,0,,,,,,Auckland Region,Nil,2-way,Sealed,,0,0,,50,,Null,0,0,,76,Auckland,Traffic Signals,,,,,0,0,Urban,0,,,Light rain,Null