X,Y,OBJECTID,advisorySpeed,areaUnitID,bicycle,bridge,bus,carStationWagon,cliffBank,crashDirectionDescription,crashFinancialYear,crashLocation1,crashLocation2,crashRoadSideRoad,crashSeverity,crashSHDescription,crashYear,debris,directionRoleDescription,ditch,fatalCount,fence,flatHill,guardRail,holiday,houseOrBuilding,intersection,kerb,light,meshblockId,minorInjuryCount,moped,motorcycle,NumberOfLanes,objectThrownOrDropped,otherObject,otherVehicleType,overBank,parkedVehicle,pedestrian,phoneBoxEtc,postOrPole,region,roadCharacter,roadLane,roadSurface,roadworks,schoolBus,seriousInjuryCount,slipOrFlood,speedLimit,strayAnimal,streetLight,suv,taxi,temporarySpeedLimit,tlaId,tlaName,trafficControl,trafficIsland,trafficSign,train,tree,truck,unknownVehicleType,urban,vanOrUtility,vehicle,waterRiver,weatherA,weatherB
1755299,5920809,11846,,515202,0,0,0,2,0,North,2009/2010,JERVOIS ROAD,BLAKE ST,,Non-Injury Crash,No,2009,0,South,0,0,0,Flat,0,,0,,0,Overcast,425000,0,0,0,4,0,0,0,0,0,,0,0,Auckland Region,Nil,2-way,Sealed,0,0,0,0,50,0,Off,0,0,,76,Auckland,Nil,0,0,0,0,0,0,Urban,0,1,0,Fine,Null
1748890,5424964,11847,,576301,0,0,0,1,0,North,2008/2009,RINTOUL ST,MILLWARD ST,,Non-Injury Crash,No,2009,0,South,0,0,0,Flat,0,,0,,0,Overcast,2165200,0,0,0,2,0,0,0,0,1,,0,0,Wellington Region,Nil,2-way,Sealed,0,0,0,0,50,0,Null,0,0,,47,Wellington City,Nil,0,0,0,0,1,0,Urban,0,0,0,Fine,Null
1748772,5913874,11848,,511302,0,,0,1,,East,2009/2010,GREAT NORTH ROAD,FRUITVALE ROAD,,Non-Injury Crash,No,2009,,West,,0,,Flat,,,,,,Dark,269400,0,0,0,2,,,0,,,,,,Auckland Region,Nil,2-way,Sealed,,0,0,,50,,On,0,0,,76,Auckland,Unknown,,,,,0,0,Urban,1,,,Light rain,Null
1758285,5435052,11849,,569900,0,,0,1,,West,2009/2010,BOUVERIE ST,CUBA ST,,Non-Injury Crash,No,2009,,East,,0,,Flat,,,,,,Bright sun,2033000,0,0,0,2,,,0,,,,,,Wellington Region,Nil,2-way,Sealed,,0,0,,50,,Null,1,0,,46,Lower Hutt City,Nil,,,,,0,0,Urban,0,,,Fine,Null
1750066,5914441,11850,,511303,0,0,0,1,0,Null,2009/2010,DELTA AVENUE,VERONICA ST,,Non-Injury Crash,No,2009,0,South,0,0,0,Flat,0,Christmas New Year,0,,0,Dark,265900,0,0,0,2,0,0,0,0,0,,0,1,Auckland Region,Nil,2-way,Sealed,0,0,0,0,50,0,On,0,0,,76,Auckland,Nil,0,0,0,0,0,0,Urban,0,0,0,Fine,Null
1750478,5913732,11851,,511303,0,,0,1,,Null,2008/2009,ASTLEY AVENUE,PORTAGE ROAD,,Non-Injury Crash,No,2009,,North,,0,,Flat,,,,,,Overcast,265002,0,0,0,2,,,0,,,,,,Auckland Region,Nil,2-way,Sealed,,0,0,,50,,Off,0,0,,76,Auckland,Give way,,,,,1,0,Urban,0,,,Fine,Null
1756812,5443871,11852,,571300,0,,0,2,,Null,2008/2009,DRIVER CRESCENT,ASTROLABE ST W,,Non-Injury Crash,No,2009,,North,,0,,Flat,,Queens Birthday,,,,Overcast,2063700,0,0,0,2,,,0,,,,,,Wellington Region,Nil,2-way,Sealed,,0,0,,50,,Null,0,0,,44,Porirua City,Nil,,,,,0,0,Urban,0,,,Light rain,Null
1886301,5772455,11853,,540600,0,0,0,2,0,East,2009/2010,SH 30 TE NGAE,SH 30 SALA,,Non-Injury Crash,Yes,2009,0,West,0,0,0,Flat,0,,0,,0,Overcast,1243500,0,0,0,2,0,0,0,0,0,,0,0,Bay of Plenty Region,Nil,2-way,Sealed,0,0,0,0,70,0,Null,0,0,,24,Rotorua District,Unknown,2,0,0,0,0,0,Urban,0,0,0,Fine,Null
1929548,5605071,11854,,548200,0,,0,2,,West,2008/2009,EASTBOURNE ST WEST,KING ST SOUTH,,Non-Injury Crash,No,2009,,West,,0,,Flat,,,,,,Bright sun,1489400,0,0,0,2,,,0,,,,,,Hawke's Bay Region,Nil,2-way,Sealed,,0,0,,50,,Null,0,0,,30,Hastings District,Nil,,,,,0,0,Urban,0,,,Fine,Null
1765146,5906085,11855,,522202,0,,0,1,,Null,2009/2010,KOLMAR ROAD,WENTWORTH AVENUE,,Non-Injury Crash,No,2009,,North,,0,,Flat,,,,,,Dark,664000,0,0,0,2,,,0,,,,,,Auckland Region,Nil,2-way,Sealed,,0,0,,50,,On,0,0,,76,Auckland,Give way,,,,,0,0,Urban,1,,,Fine,Null
1824309,5529155,11856,,563200,0,0,0,1,0,South,2008/2009,NEWCASTLE ST,RUAHINE ST,,Non-Injury Crash,No,2009,0,East,0,0,1,Flat,0,,0,,0,Dark,1849400,0,0,0,2,0,0,0,0,0,,0,0,Manawatū-Whanganui Region,Nil,2-way,Sealed,0,0,0,0,50,0,On,0,0,,40,Palmerston North City,Nil,0,0,0,0,0,0,Urban,0,0,0,Fine,Null
1772472,5896519,11857,,525420,0,,0,2,,West,2009/2010,QUEEN ST,EAST ST,,Non-Injury Crash,No,2009,,West,,0,,Flat,,,,,,Unknown,791600,0,0,0,2,,,0,,,,,,Auckland Region,Nil,2-way,Sealed,,0,0,,50,,Off,0,0,,76,Auckland,Traffic Signals,,,,,0,0,Urban,0,,,Null,Null
1932652,5601556,11858,,548821,0,,0,2,,South,2008/2009,JOLL ROAD,TE AUTE ROAD,,Non-Injury Crash,No,2009,,South,,0,,Flat,,,,,,Bright sun,1507001,0,0,0,2,,,0,,,,,,Hawke's Bay Region,Nil,2-way,Sealed,,0,0,,50,,Null,0,0,,30,Hastings District,Nil,,,,,0,0,Urban,0,,,Fine,Null
1768957,5881331,11859,30,525910,0,,0,2,,Null,2008/2009,STADIUM DRIVE,EDINBURGH STREET,,Non-Injury Crash,No,2009,,North,,0,,Flat,,,,,,Dark,818600,0,0,0,1,,,0,,,,,,Auckland Region,Nil,2-way,Sealed,,0,0,,50,,On,0,0,,76,Auckland,Give way,,,,,0,0,Urban,0,,,Light rain,Null
1771279,5907812,11860,,523115,0,0,0,3,0,North,2009/2010,STANCOMBE ROAD,JEFFS ROAD,,Non-Injury Crash,No,2009,0,North,0,0,0,Flat,0,,0,,0,Bright sun,712203,0,0,0,2,0,0,0,0,1,,0,0,Auckland Region,Nil,2-way,Sealed,0,0,0,0,70,0,Null,0,0,,76,Auckland,Unknown,0,0,0,0,0,0,Urban,0,0,0,Fine,Null
1760192,5915953,11861,,516003,0,,0,1,,Null,2009/2010,GREENLANE INT,GREENLANE ON SBD,,Non-Injury Crash,No,2009,,South,,0,,Flat,,,,,,Overcast,494902,0,0,0,1,,,0,,,,,,Auckland Region,Nil,1-way,Sealed,,0,0,,50,,Null,0,0,,76,Auckland,Give way,,,,,1,0,Urban,0,,,Fine,Null
1771730,5912369,11862,,523106,0,,0,1,,Null,2009/2010,CHAPEL ROAD,ORANGEWOOD DRIVE,,Non-Injury Crash,No,2009,,South,,0,,Hill Road,,,,,,Bright sun,711158,0,0,0,2,,,0,,,,,,Auckland Region,Nil,2-way,Sealed,,0,0,,50,,Null,0,0,,76,Auckland,Give way,,,,,0,0,Urban,1,,,Fine,Null
1752209,5913346,11863,,514600,0,,0,2,,South,2008/2009,WHITNEY ST,DUNDALE AVENUE,,Non-Injury Crash,No,2009,,North,,0,,Hill Road,,,,,,Twilight,372800,0,0,0,2,,,0,,,,,,Auckland Region,Nil,2-way,Sealed,,0,0,,50,,None,0,0,,76,Auckland,Nil,,,,,0,0,Urban,0,,,Fine,Null
1838875,5840475,11864,,534800,0,,0,2,,South,2008/2009,SH 26,STANLEY ROAD SOUTH,,Non-Injury Crash,Yes,2009,,South,,0,,Flat,,,,,,Overcast,1103500,0,0,0,2,,,0,,,,,,Waikato Region,Nil,2-way,Sealed,,0,0,,50,,Null,0,0,,15,Matamata-Piako District,Unknown,,,,,0,0,Urban,0,,,Fine,Null
1753632,5929090,11865,,508411,0,0,0,2,0,South,2009/2010,GLENFIELD ROAD,ST THOMAS MORE LANE,,Non-Injury Crash,No,2009,0,South,0,0,0,Flat,0,,0,,0,Dark,184000,0,0,0,0,0,0,0,0,1,,0,0,Auckland Region,Nil,2-way,Sealed,0,0,0,0,50,0,On,1,0,,76,Auckland,Nil,0,0,0,0,0,0,Urban,0,1,0,Fine,Null
1745168,5920325,11866,,513301,0,0,0,1,0,North,2008/2009,PRESTON AVENUE,DAYTONA ROAD,,Non-Injury Crash,No,2009,0,North,0,0,0,Flat,0,,0,,0,Overcast,231700,0,0,0,2,0,0,0,0,1,,0,0,Auckland Region,Nil,2-way,Sealed,0,0,0,0,50,0,Off,0,0,,76,Auckland,Nil,0,0,0,0,1,0,Urban,0,0,0,Fine,Null
1570563,5184897,11867,,590506,0,0,0,2,0,Null,2009/2010,SH 74,PHILPOTTS ROAD,,Serious Crash,Yes,2009,0,West,0,0,1,Flat,0,,0,,0,Twilight,2507603,3,0,0,2,0,0,0,0,0,,0,0,Canterbury Region,Nil,2-way,Sealed,0,0,1,0,80,0,On,0,0,,60,Christchurch City,Give way,0,0,0,0,0,0,Open,0,0,0,Fine,Null
1402320,4917182,11868,,603930,0,,0,2,,Null,2009/2010,MCDONALD ST,TRAVIS ST,,Minor Crash,No,2009,,South,,0,,Flat,,,,,,Overcast,2883100,1,0,0,2,,,0,,,,,,Otago Region,Nil,2-way,Sealed,,0,0,,50,,Null,0,0,,71,Dunedin City,Nil,,,,,0,0,Urban,0,,,Fine,Null
1819519,5530077,11869,,562710,0,,0,1,,South,2008/2009,BOTANICAL ROAD,TREMAINE AVENUE,,Non-Injury Crash,No,2009,,East,,0,,Flat,,,,,,Bright sun,1817200,0,0,0,2,,,0,,,,,,Manawatū-Whanganui Region,Nil,2-way,Sealed,,0,0,,50,,Null,0,0,,40,Palmerston North City,Give way,,,,,0,0,Urban,1,,,Fine,Null
1770777,5474147,11870,,563701,0,0,0,2,0,Null,2008/2009,TE MOANA ROAD,ONO ST,,Non-Injury Crash,No,2009,0,North,0,0,0,Flat,0,,1,,0,Bright sun,1874804,0,0,0,2,0,0,0,0,0,,0,0,Wellington Region,Nil,2-way,Sealed,0,0,0,0,50,0,Null,0,0,,43,Kapiti Coast District,Give way,0,0,0,0,0,0,Urban,0,0,0,Fine,Null
1879566,5825577,11871,,538202,0,,0,2,,Null,2009/2010,SH 2A,DIVE CRESCENT,,Non-Injury Crash,Yes,2009,,North,,0,,Hill Road,,,,,,Overcast,1162800,0,0,0,4,,,0,,,,,,Bay of Plenty Region,Nil,2-way,Sealed,,0,0,,50,,Null,0,0,,23,Tauranga City,Give way,,,,,0,0,Urban,0,,,Fine,Null
1623513,5430552,11872,,582700,0,,0,1,,Null,2008/2009,RUTHERFORD ST,NILE ST,,Non-Injury Crash,No,2009,,South,,0,,Flat,,,,,,Dark,2331800,0,0,1,2,,,0,,,,,,Nelson Region,Nil,2-way,Sealed,,0,0,,50,,On,0,0,,52,Nelson City,Nil,,,,,0,0,Urban,0,,,Fine,Null
1934872,5621038,11873,,546400,0,,0,2,,East,2008/2009,SH 2,PREBENSEN DRIVE,,Non-Injury Crash,Yes,2009,,West,,0,,Flat,,,,,,Bright sun,1426500,0,0,0,2,,,0,,,,,,Hawke's Bay Region,Nil,2-way,Sealed,,0,0,,50,,Null,0,0,,31,Napier City,Nil,,,,,0,0,Urban,0,,,Fine,Null
1825818,5886658,11874,,533501,0,0,0,1,0,North,2008/2009,POLLEN ST,SEALEY ST,,Non-Injury Crash,No,2009,0,North,0,0,0,Flat,0,,0,,0,Bright sun,1052200,0,0,0,2,0,0,0,0,0,,0,0,Waikato Region,Nil,2-way,Sealed,0,0,0,0,50,0,Null,0,0,,11,Thames-Coromandel District,Unknown,0,0,0,0,0,0,Urban,1,1,0,Fine,Null
1747121,5428426,11875,,575200,0,,0,2,,Null,2009/2010,FARM ROAD,NORFOLK ST,,Non-Injury Crash,No,2009,,North,,0,,Flat,,,,,,Dark,2149400,0,0,0,2,,,0,,,,,,Wellington Region,Nil,2-way,Sealed,,0,0,,50,,On,0,0,,47,Wellington City,Nil,,,,,0,0,Urban,0,,,Fine,Null
1883467,5774513,11876,,539400,0,,0,2,,South,2008/2009,SH 5,PURURU ST,,Non-Injury Crash,Yes,2009,,South,,0,,Flat,,,,,,Bright sun,1225600,0,0,0,4,,,0,,,,,,Bay of Plenty Region,Nil,2-way,Sealed,,0,0,,60,,Null,0,0,,24,Rotorua District,Give way,,,,,0,0,Urban,0,,,Fine,Null
1753913,5931638,11877,,508807,0,,0,2,,North,2008/2009,SH 1N,CONSTELLATION OBR,,Non-Injury Crash,Yes,2009,,North,,0,,Hill Road,,,,,,Bright sun,180810,0,0,0,2,,,0,,,,,,Auckland Region,Nil,1-way,Sealed,,0,0,,100,,Null,0,0,,76,Auckland,Unknown,,,,,0,0,Open,0,,,Fine,Null
1759817,5906263,11878,,524200,0,,0,2,,Null,2008/2009,MASSEY ROAD,NAYLORS DRIVE,,Non-Injury Crash,No,2009,,North,,0,,Flat,,,,,,Dark,727902,0,0,0,2,,,0,,,,,,Auckland Region,Nil,2-way,Sealed,,0,0,,50,,Off,0,0,,76,Auckland,Stop,,,,,0,0,Urban,0,,,Fine,Null
1762828,5906381,11879,,524302,0,0,0,1,0,North,2008/2009,RAGLAN ST,HOKIANGA ST,,Non-Injury Crash,No,2009,0,North,0,0,1,Flat,0,,0,,0,Dark,745400,0,0,0,2,0,0,0,0,1,,0,0,Auckland Region,Nil,2-way,Sealed,0,0,0,0,50,0,On,1,0,,76,Auckland,Nil,0,0,0,0,0,0,Urban,0,0,0,Light rain,Null
1759508,5449442,11880,,565601,0,0,0,0,1,West,2008/2009,GRAYS ROAD,MOTUKARAKA POINT,,Non-Injury Crash,No,2009,0,West,0,0,0,Flat,0,,0,,0,Overcast,2072000,0,0,0,2,0,0,0,0,0,,0,0,Wellington Region,Nil,2-way,Sealed,0,0,0,0,80,0,Null,1,0,,44,Porirua City,Nil,0,0,0,0,0,0,Open,0,0,0,Light rain,Null
1750480,5427045,11881,,576700,0,0,0,2,0,West,2008/2009,PALLISER ROAD,ROSENEATH TERRACE,,Non-Injury Crash,No,2009,0,West,0,0,0,Flat,0,,0,,0,Dark,2185600,0,0,0,2,0,0,0,0,1,,0,0,Wellington Region,Nil,2-way,Sealed,0,0,0,0,50,0,On,0,0,,47,Wellington City,Nil,0,0,0,0,0,0,Urban,0,0,0,Fine,Null
1767886,5910266,11882,,523112,0,0,0,1,0,Null,2008/2009,NEILPARK DRIVE,ALLENS ROAD,,Non-Injury Crash,No,2009,0,North,0,0,0,Flat,0,Queens Birthday,0,,0,Dark,711500,0,0,0,2,0,0,0,0,0,,0,1,Auckland Region,Nil,2-way,Sealed,0,0,0,0,50,0,On,0,0,,76,Auckland,Traffic Signals,0,0,0,0,0,0,Urban,0,0,0,Light rain,Null
1768851,5914020,11883,,522723,0,,0,2,,Null,2009/2010,CASCADES ROAD,ARCHMILLEN AVENUE,,Non-Injury Crash,No,2009,,North,,0,,Flat,,,,,,Bright sun,681700,0,0,0,2,,,0,,,,,,Auckland Region,Nil,2-way,Sealed,,0,0,,50,,None,0,0,,76,Auckland,Give way,,,,,0,0,Urban,0,,,Fine,Null
1760129,5915912,11884,,516003,0,,0,2,,Null,2008/2009,GREENLANE INT,GREENLANE OFF NBD,,Non-Injury Crash,No,2009,,West,,0,,Flat,,,,,,Bright sun,494902,0,0,0,1,,,0,,,,,,Auckland Region,Nil,1-way,Sealed,,0,0,,50,,Off,0,0,,76,Auckland,Stop,,,,,0,0,Urban,0,,,Fine,Null
1752754,5918093,11885,,515003,0,,0,3,,East,2009/2010,SH 16,GT NORTH OBR,,Non-Injury Crash,Yes,2009,,West,,0,,Flat,,,,,,Dark,390600,0,0,0,3,,,0,,,,,,Auckland Region,Nil,1-way,Sealed,,0,0,,100,,On,0,0,,76,Auckland,Unknown,,,,,0,0,Open,0,,,Fine,Null
1567405,5203338,11886,,586304,0,,0,0,,North,2009/2010,SOUTHBROOK ROAD,CORONATION ST,,Minor Crash,No,2009,,North,,0,,Flat,,,,,,Bright sun,2449001,1,0,0,2,,,0,,,,,,Canterbury Region,Nil,2-way,Sealed,,0,0,,50,,Null,2,0,,59,Waimakariri District,Stop,,,,,0,0,Urban,0,,,Fine,Null
1884223,5825212,11887,,536831,0,,0,1,,Null,2008/2009,SH 2,GIRVEN ROAD,,Non-Injury Crash,Yes,2009,,West,,0,,Flat,,Easter,,,,Bright sun,1201300,0,0,0,2,,,0,,,,,,Bay of Plenty Region,Nil,2-way,Sealed,,0,0,,70,,Null,1,0,,23,Tauranga City,Give way,,,,,0,0,Urban,0,,,Fine,Null
2038067,5708312,11888,,544701,0,0,0,2,0,South,2008/2009,CHEESEMAN ROAD,HETA ROAD,,Non-Injury Crash,No,2009,0,South,0,0,0,Flat,0,,0,,0,Overcast,1382200,0,0,0,2,0,0,0,0,1,,0,0,Gisborne Region,Nil,2-way,Sealed,0,0,0,0,50,0,Null,0,0,,28,Gisborne District,Nil,0,0,0,0,0,0,Urban,0,0,0,Fine,Null
1755829,5943658,11889,,505909,0,,0,2,,East,2009/2010,COCHRANE AVENUE,WADE RIVER ROAD,,Non-Injury Crash,No,2009,,South,,0,,Hill Road,,,,,,Dark,174005,0,0,0,2,,,0,,,,,,Auckland Region,Nil,2-way,Sealed,,0,0,,50,,On,0,0,,76,Auckland,Unknown,,,,,0,0,Urban,0,,,Fine,Null
1747463,5910727,11890,,512000,0,,0,2,,Null,2008/2009,TITIRANGI ROAD,SOUTH TITIRANGI ROAD,,Non-Injury Crash,No,2009,,North,,0,,Hill Road,,,,,,Twilight,297100,0,0,0,2,,,0,,,,,,Auckland Region,Nil,2-way,Sealed,,0,0,,50,,On,0,0,,76,Auckland,Give way,,,,,0,0,Urban,0,,,Fine,Null
1742963,5924056,11891,,513410,0,0,0,1,0,South,2009/2010,FRED TAYLOR DRIVE,DUNLOP ROAD,,Non-Injury Crash,No,2009,0,South,0,0,1,Flat,0,,0,,0,Dark,226401,0,0,0,2,0,0,0,0,0,,0,1,Auckland Region,Nil,2-way,Sealed,0,0,0,0,80,0,On,0,0,,76,Auckland,Nil,0,0,0,0,0,0,Open,0,0,0,Fine,Null
1803735,5794996,11892,,527935,0,,0,1,,North,2009/2010,SH 3,THOMPSON ROAD NORTH,,Non-Injury Crash,Yes,2009,,South,,0,,Flat,,,,,,Overcast,986300,0,0,0,4,,,0,,,,,,Waikato Region,Nil,2-way,Sealed,,0,0,,100,,Null,1,0,,17,Waipa District,Unknown,,,,,0,0,Open,0,,,Light rain,Null
1718875,6046004,11893,,503000,0,,0,2,,North,2009/2010,SH 1N,CENTRAL AVENUE,,Non-Injury Crash,Yes,2009,,North,,0,,Flat,,,,,,Overcast,98100,0,0,0,2,,,0,,,,,,Northland Region,Nil,2-way,Sealed,,0,0,,50,,None,0,0,,2,Whangarei District,Nil,,,,,0,0,Urban,0,,,Fine,Null
1757528,5920678,11894,,514103,0,0,0,2,0,South,2009/2010,HIGH ST,SHORTLAND ST,,Non-Injury Crash,No,2009,0,South,0,0,0,Hill Road,0,,0,,0,Twilight,437600,0,0,0,1,0,0,0,0,1,,0,0,Auckland Region,Nil,1-way,Sealed,0,0,0,0,50,0,On,0,0,,76,Auckland,Nil,0,0,0,0,0,0,Urban,0,0,0,Fine,Null
1754016,5914425,11895,,518801,0,,0,1,,Null,2009/2010,SANDRINGHAM ROAD,WILLIAM BLOFIELD AVENUE,,Non-Injury Crash,No,2009,,South,,0,,Flat,,,,,,Bright sun,577200,0,0,0,5,,,0,,,,,,Auckland Region,Nil,2-way,Sealed,,0,0,,50,,Off,0,0,,76,Auckland,Stop,,,,,1,0,Urban,0,,,Fine,Null
1761077,5437809,11896,,569402,0,,0,2,,Null,2009/2010,SH 2,GROUNSELL CRESCENT,,Non-Injury Crash,Yes,2009,,South,,0,,Flat,,,,,,Bright sun,1918804,0,0,0,2,,,0,,,,,,Wellington Region,Nil,2-way,Sealed,,0,0,,100,,Null,0,0,,46,Lower Hutt City,Traffic Signals,,,,,0,0,Open,0,,,Fine,Null
1962415,5665316,11897,,545301,0,0,0,0,1,East,2008/2009,SH 2,TE KAHU ROAD,,Non-Injury Crash,Yes,2009,0,East,0,0,0,Hill Road,0,,0,,0,Dark,1392600,0,0,0,2,0,0,0,0,0,,0,0,Hawke's Bay Region,Nil,2-way,Sealed,0,0,0,0,100,0,None,0,0,,29,Wairoa District,Nil,0,0,0,0,0,0,Open,1,0,0,Mist or Fog,Null
1757132,5925727,11898,,509702,0,0,0,1,0,South,2008/2009,SH 1N,ESMONDE OBR,,Non-Injury Crash,Yes,2009,0,North,0,0,0,Flat,1,,0,,0,Dark,364602,0,0,0,2,0,0,0,0,0,,0,0,Auckland Region,Nil,1-way,Sealed,0,0,0,0,80,0,On,0,0,,76,Auckland,Nil,0,0,0,0,0,0,Open,0,0,1,Light rain,Null
1792232,5735693,11899,,531800,0,0,0,1,1,South,2008/2009,SH 4,KOPAKI ROAD,,Non-Injury Crash,Yes,2009,0,North,1,0,0,Hill Road,0,,0,,0,Overcast,1013701,0,0,0,2,0,0,0,0,0,,0,0,Waikato Region,Nil,2-way,Sealed,0,0,0,0,100,0,Null,0,0,30,20,Waitomo District,Unknown,0,0,0,0,0,0,Open,0,0,0,Light rain,Null
1769671,5914742,11900,,522723,0,0,0,2,0,Null,2009/2010,PAKURANGA ROAD,DUNROBIN PLACE,,Non-Injury Crash,No,2009,0,East,0,0,0,Flat,0,,0,,0,Dark,681304,0,0,0,6,0,0,0,0,0,,0,1,Auckland Region,Nil,2-way,Sealed,0,0,0,0,60,0,On,0,0,,76,Auckland,Traffic Signals,0,0,0,0,0,0,Urban,0,0,0,Light rain,Null
1719747,6046014,11901,,503200,0,0,0,1,0,South,2009/2010,QUAY ST,HATEA DRIVE,,Non-Injury Crash,No,2009,1,North,0,0,0,Flat,0,,0,,0,Overcast,101100,0,0,0,2,0,0,0,0,0,,0,0,Northland Region,Nil,2-way,Sealed,0,0,0,0,50,0,Off,0,0,,2,Whangarei District,Nil,0,0,0,0,1,0,Urban,0,0,0,Light rain,Null
1770764,5901611,11902,,523813,0,,0,2,,Null,2008/2009,ALFRISTON ROAD,PORCHESTER ROAD,,Non-Injury Crash,No,2009,,North,,0,,Flat,,,,,,Overcast,759800,0,0,0,2,,,0,,,,,,Auckland Region,Nil,2-way,Sealed,,0,0,,50,,Null,0,0,,76,Auckland,Give way,,,,,0,0,Urban,0,,,Fine,Null
1770726,5904580,11903,,523712,0,,0,0,,North,2009/2010,MURPHYS ROAD,REDOUBT ROAD,,Non-Injury Crash,No,2009,,South,,0,,Hill Road,,,,,,Overcast,716300,0,0,0,2,,,0,,,,,,Auckland Region,Nil,2-way,Sealed,,0,0,,80,,None,0,0,,76,Auckland,Nil,,,,,1,0,Open,0,,,Fine,Null
1981625,5669715,11904,,545500,0,0,0,0,0,West,2009/2010,SH 2,KITCHENER ST,,Non-Injury Crash,Yes,2009,0,East,1,0,0,Flat,0,,0,,0,Dark,1389000,0,0,0,2,0,0,0,0,0,,0,0,Hawke's Bay Region,Nil,2-way,Sealed,0,0,0,0,100,0,None,0,0,,29,Wairoa District,Nil,0,0,0,0,0,0,Open,1,0,0,Fine,Null
1684722,6098510,11905,,501615,0,0,0,1,1,North,2008/2009,SH 10,KERIKERI ROAD,,Non-Injury Crash,Yes,2009,0,North,0,0,0,Hill Road,0,,0,,0,Dark,49802,0,0,0,2,0,0,0,0,0,,0,0,Northland Region,Nil,2-way,Sealed,0,0,0,0,100,0,On,0,0,,1,Far North District,Unknown,0,0,0,0,0,0,Open,0,0,0,Fine,Null
1768552,5468401,11906,,566000,0,,0,2,,North,2008/2009,Z CPK PAK N SAVE,RIMU/IHAKARA,,Non-Injury Crash,No,2009,,East,,0,,Flat,,,,,,Bright sun,2003709,0,0,0,2,,,0,,,,,,Wellington Region,Nil,Off road,Sealed,,0,0,,50,,Null,0,0,,43,Kapiti Coast District,Nil,,,,,0,0,Urban,0,,,Fine,Null
1825467,5868994,11907,,533903,0,,0,2,,Null,2008/2009,KEREPEHI TOWN ROAD,RIMU ST NORTH,,Non-Injury Crash,No,2009,,South,,0,,Flat,,,,,,Bright sun,1064000,0,0,0,2,,,0,,,,,,Waikato Region,Nil,2-way,Sealed,,0,0,,50,,Null,0,0,,12,Hauraki District,Give way,,,,,0,0,Urban,0,,,Fine,Null
1757068,5919082,11908,,514200,0,,0,1,,Null,2008/2009,SYMONDS ST,SYMONDS OFF NBD,,Non-Injury Crash,No,2009,,West,,0,,Flat,,,,,,Bright sun,412302,0,0,0,4,,,0,,,,,,Auckland Region,Nil,2-way,Sealed,,0,0,,50,,Null,0,0,,76,Auckland,Traffic Signals,,,,,0,0,Urban,1,,,Fine,Null
1573264,5180423,11909,,593600,0,,0,1,,North,2008/2009,GLOUCESTER ST,LINWOOD AVENUE,,Minor Crash,No,2009,,North,,0,,Flat,,,,,,Dark,2612200,3,0,0,2,,,0,,,,,,Canterbury Region,Nil,2-way,Sealed,,0,0,,50,,On,0,0,,60,Christchurch City,Unknown,,,,,0,0,Urban,1,,,Fine,Null
1767187,5900591,11910,,524720,0,0,0,2,0,West,2008/2009,GAINSBOROUGH ST,WINSFORD ST,,Non-Injury Crash,No,2009,0,North,0,0,1,Flat,0,,0,,0,Dark,776000,0,0,0,2,0,0,0,0,1,,0,1,Auckland Region,Nil,2-way,Sealed,0,0,0,0,50,0,On,0,0,,76,Auckland,Nil,0,0,0,0,0,0,Urban,0,0,0,Fine,Null
1836708,5802424,11911,,535242,0,,0,1,,West,2009/2010,TAOTAOROA ROAD,SH 29,,Non-Injury Crash,No,2009,,West,,0,,Hill Road,,,,,,Dark,1116500,0,0,0,1,,,0,,,,,,Waikato Region,Nil,2-way,Sealed,,0,0,,100,,None,0,0,,15,Matamata-Piako District,Nil,,,,,0,0,Open,0,,,Fine,Null
1674600,5632143,11912,55,553200,0,0,0,1,0,North,2008/2009,SH 45,ELTHAM ROAD,,Non-Injury Crash,Yes,2009,0,South,0,0,0,Flat,0,,0,,0,Overcast,1633400,0,0,0,2,0,0,0,0,0,,0,0,Taranaki Region,Nil,2-way,Sealed,0,0,0,0,100,0,Null,0,0,,35,South Taranaki District,Nil,0,0,0,1,0,0,Open,0,0,0,Fine,Null
1769315,5907462,11913,,523711,0,,0,1,,Null,2009/2010,TE IRIRANGI DRIVE,ORMISTON ROAD,,Non-Injury Crash,No,2009,,North,,0,,Flat,,,,,,Twilight,712801,0,0,0,4,,,0,,,,,,Auckland Region,Nil,1-way,Sealed,,0,0,,80,,On,0,0,,76,Auckland,Traffic Signals,,,,,1,0,Open,0,,,Fine,Null
1792682,5720007,11914,50,532700,0,0,0,1,0,North,2008/2009,SH 4,TAPUIWAHINE ROAD,,Non-Injury Crash,Yes,2009,0,East,0,0,1,Hill Road,0,,0,,0,Dark,1041902,0,0,0,2,0,0,0,0,0,,0,0,Manawatū-Whanganui Region,Nil,2-way,Sealed,0,0,0,0,100,0,None,0,0,,36,Ruapehu District,Nil,0,0,0,0,0,0,Open,0,0,0,Fine,Null
1748830,5424711,11915,,576301,0,0,0,3,0,North,2008/2009,RINTOUL ST,BRIXHAM WAY,,Minor Crash,No,2009,0,South,0,0,0,Hill Road,0,,0,,0,Bright sun,2165400,1,0,0,2,0,0,0,0,1,,0,0,Wellington Region,Nil,2-way,Sealed,0,0,0,0,50,0,Null,0,0,,47,Wellington City,Nil,0,0,0,0,0,0,Urban,0,0,0,Fine,Null