X,Y,OBJECTID,advisorySpeed,areaUnitID,bicycle,bridge,bus,carStationWagon,cliffBank,crashDirectionDescription,crashFinancialYear,crashLocation1,crashLocation2,crashRoadSideRoad,crashSeverity,crashSHDescription,crashYear,debris,directionRoleDescription,ditch,fatalCount,fence,flatHill,guardRail,holiday,houseOrBuilding,intersection,kerb,light,meshblockId,minorInjuryCount,moped,motorcycle,NumberOfLanes,objectThrownOrDropped,otherObject,otherVehicleType,overBank,parkedVehicle,pedestrian,phoneBoxEtc,postOrPole,region,roadCharacter,roadLane,roadSurface,roadworks,schoolBus,seriousInjuryCount,slipOrFlood,speedLimit,strayAnimal,streetLight,suv,taxi,temporarySpeedLimit,tlaId,tlaName,trafficControl,trafficIsland,trafficSign,train,tree,truck,unknownVehicleType,urban,vanOrUtility,vehicle,waterRiver,weatherA,weatherB
1880136,5819834,11916,,538301,0,,0,2,,West,2008/2009,WELCOME BAY ROAD,MEADOWVIEWS DRIVE,,Non-Injury Crash,No,2009,,South,,0,,Flat,,,,,,Overcast,1180301,0,0,0,2,,,0,,,,,,Bay of Plenty Region,Nil,2-way,Sealed,,0,0,,60,,Null,0,0,,23,Tauranga City,Give way,,,,,0,0,Urban,0,,,Light rain,Null
1744281,5915411,11917,,513013,0,0,0,2,0,South,2008/2009,FOREST HILL ROAD,HENDERSON VALLEY ROAD,,Non-Injury Crash,No,2009,0,North,0,0,0,Hill Road,0,,0,,0,Dark,281511,0,0,0,2,0,0,0,0,1,,0,0,Auckland Region,Nil,2-way,Sealed,0,0,0,0,50,0,On,0,0,,76,Auckland,Unknown,0,0,0,0,0,0,Urban,1,0,0,Light rain,Null
1765308,5909340,11918,,521803,0,,0,1,,North,2009/2010,SH 1N,HIGHBROOK OFF SBD,,Non-Injury Crash,Yes,2009,,South,,0,,Flat,,,,,,Overcast,788500,0,0,0,4,,,0,,,,,,Auckland Region,Nil,1-way,Sealed,,0,0,,100,,Null,1,0,,76,Auckland,Unknown,,,,,0,0,Open,0,,,Fine,Null
1623793,5431339,11919,,582300,0,,0,1,,Null,2008/2009,TRAFALGAR ST,GROVE ST,,Non-Injury Crash,No,2009,,North,,0,,Flat,,,,,,Dark,2316900,0,0,0,2,,,0,,,,,,Nelson Region,Nil,2-way,Sealed,,0,0,,50,,On,1,0,,52,Nelson City,Give way,,,,,0,0,Urban,0,,,Fine,Null
1785680,5447118,11920,,567902,0,0,0,1,1,North,2009/2010,SH 2,JIMS CORNER,,Non-Injury Crash,Yes,2009,0,North,0,0,0,Hill Road,0,,0,,0,Dark,1916300,0,0,0,2,0,0,0,0,0,,0,0,Wellington Region,Nil,2-way,Sealed,0,0,0,0,100,0,Off,0,0,,45,Upper Hutt City,Nil,0,0,0,0,0,0,Open,0,0,0,Fine,Null
1575077,5177629,11921,,594020,1,,0,0,,Null,2008/2009,FERRY ROAD,SH 74,,Minor Crash,Yes,2009,,West,,0,,Flat,,,,,,Bright sun,2589500,1,0,0,1,,,0,,,,,,Canterbury Region,Nil,1-way,Sealed,,0,0,,50,,Null,0,0,,60,Christchurch City,Give way,,,,,0,0,Urban,1,,,Fine,Null
1782631,5925410,11922,,520801,0,0,0,1,0,North,2008/2009,NATZKA ROAD,LADD ROAD,,Non-Injury Crash,No,2009,0,South,0,0,0,Flat,0,Easter,0,,0,Dark,515305,0,0,0,2,0,0,0,0,1,,0,0,Auckland Region,Nil,2-way,Sealed,0,0,0,0,50,0,On,1,0,,76,Auckland,Unknown,0,0,0,0,0,0,Urban,0,0,0,Fine,Null
1721200,6045173,11923,,503700,0,,0,3,,Null,2008/2009,RIVERSIDE DRIVE,TANEKAHA DRIVE,,Non-Injury Crash,No,2009,,West,,0,,Flat,,,,,,Twilight,102203,0,0,0,2,,,0,,,,,,Northland Region,Nil,2-way,Sealed,,0,0,,50,,On,0,0,,2,Whangarei District,Stop,,,,,0,0,Urban,0,,,Fine,Null
1713358,5633232,11924,,553500,0,0,0,1,0,East,2008/2009,MAATA ROAD,SH 3,,Non-Injury Crash,No,2009,0,West,0,0,1,Flat,0,,1,,0,Dark,1640600,0,0,0,2,0,0,0,0,0,,0,0,Taranaki Region,Nil,2-way,Sealed,0,0,0,0,100,0,None,0,0,,35,South Taranaki District,Nil,0,0,0,0,0,0,Open,0,0,0,Fine,Null
1802511,5816069,11925,,530100,0,,0,1,,East,2008/2009,RUAKURA ROAD,PEACHGROVE ROAD,,Non-Injury Crash,No,2009,,West,,0,,Flat,,,,,,Bright sun,896100,0,0,0,2,,,0,,,,,,Waikato Region,Nil,2-way,Sealed,,0,0,,50,,Null,1,0,,16,Hamilton City,Unknown,,,,,0,0,Urban,0,,,Fine,Null
1756066,5917476,11926,,518102,0,,0,3,,North,2009/2010,DOMINION ROAD,VALLEY ROAD,,Non-Injury Crash,No,2009,,North,,0,,Hill Road,,,,,,Bright sun,546000,0,0,0,4,,,0,,,,,,Auckland Region,Nil,2-way,Sealed,,0,0,,50,,Off,0,0,,76,Auckland,Traffic Signals,,,,,0,0,Urban,0,,,Fine,Null
1828119,5447551,11927,,579502,0,0,0,1,1,East,2008/2009,TE WHARAU ROAD,PUKETIRO ROAD,,Non-Injury Crash,No,2009,0,West,1,0,0,Hill Road,0,,0,,0,Bright sun,2264100,0,0,0,2,0,0,0,0,0,,0,0,Wellington Region,Nil,2-way,Sealed,0,0,0,0,100,0,Null,0,0,,49,Carterton District,Nil,0,0,0,0,0,0,Open,0,0,0,Fine,Null
1759708,5434243,11928,,568900,0,,0,2,,South,2008/2009,RANDWICK ROAD,RANDWICK CRESCENT S,,Non-Injury Crash,No,2009,,North,,0,,Flat,,,,,,Bright sun,1962200,0,0,0,2,,,0,,,,,,Wellington Region,Nil,2-way,Sealed,,0,0,,50,,Null,0,0,,46,Lower Hutt City,Nil,,,,,0,0,Urban,0,,,Fine,Null
1764096,5909832,11929,,521901,0,,0,1,,Null,2008/2009,GREAT SOUTH ROAD,MASON AVENUE,,Non-Injury Crash,No,2009,,East,,0,,Flat,,,,,,Dark,783900,0,0,0,2,,,0,,,,,,Auckland Region,Nil,2-way,Sealed,,0,0,,50,,On,1,0,,76,Auckland,Traffic Signals,,,,,0,0,Urban,0,,,Light rain,Null
1769137,5909159,11930,,523113,0,,0,2,,Null,2008/2009,LADY RUBY DRIVE,ACCENT DRIVE,,Non-Injury Crash,No,2009,,West,,0,,Flat,,,,,,Bright sun,711811,0,0,0,2,,,0,,,,,,Auckland Region,Nil,2-way,Sealed,,0,0,,50,,Off,0,0,,76,Auckland,Give way,,,,,0,0,Urban,0,,,Fine,Null
1765968,5903278,11931,,524604,0,,0,2,,Null,2009/2010,WIRI STATION ROAD,ASH ROAD,,Non-Injury Crash,No,2009,,West,,0,,Flat,,,,,,Dark,780403,0,0,0,2,,,0,,,,,,Auckland Region,Nil,2-way,Sealed,,0,0,,50,,On,0,0,,76,Auckland,Traffic Signals,,,,,0,0,Urban,0,,,Fine,Null
1753263,5875940,11932,,526103,0,,0,2,,West,2009/2010,LEONARD ST,BOWEN ST,,Non-Injury Crash,No,2009,,East,,0,,Flat,,,,,,Overcast,837300,0,0,0,2,,,0,,,,,,Auckland Region,Nil,2-way,Sealed,,0,0,,50,,Off,0,0,,76,Auckland,Nil,,,,,0,0,Urban,0,,,Fine,Null
1796761,5819894,11933,,528403,0,,0,2,,South,2008/2009,TE RAPA ROAD,THE BASE PARADE,,Non-Injury Crash,No,2009,,North,,0,,Flat,,,,,,Overcast,907500,0,0,0,4,,,0,,,,,,Waikato Region,Nil,2-way,Sealed,,0,0,,60,,Null,0,0,,16,Hamilton City,Unknown,,,,,0,0,Urban,0,,,Fine,Null
1748831,5425904,11934,,576500,0,0,0,1,0,North,2008/2009,KING ST,DRUMMOND ST,,Non-Injury Crash,No,2009,0,North,0,0,0,Flat,0,,0,,0,Overcast,2148201,0,0,0,2,0,0,0,0,1,,0,0,Wellington Region,Nil,2-way,Sealed,0,0,0,0,50,0,Null,0,0,,47,Wellington City,Nil,0,0,0,0,1,0,Urban,0,0,0,Light rain,Null
1574809,5180038,11935,,593900,0,0,0,2,0,South,2008/2009,HAY ST,RURU ROAD,,Non-Injury Crash,No,2009,0,South,0,0,0,Flat,0,,0,,0,Dark,2579201,0,0,0,2,0,0,0,0,1,,0,0,Canterbury Region,Nil,2-way,Sealed,0,0,0,0,50,0,On,0,0,,60,Christchurch City,Unknown,0,0,0,0,0,0,Urban,0,0,0,Fine,Null
1753306,5423200,11936,,577500,0,,0,1,,South,2008/2009,INGLIS ST,BURNHAM ST,,Non-Injury Crash,No,2009,,South,,0,,Hill Road,,,,,,Overcast,2212000,0,0,0,2,,,0,,,,,,Wellington Region,Nil,2-way,Sealed,,0,0,,50,,Null,1,0,,47,Wellington City,Nil,,,,,0,0,Urban,0,,,Light rain,Null
1719675,6045975,11937,,503100,0,,0,2,,Null,2009/2010,DENT ST,HATEA DRIVE,,Non-Injury Crash,No,2009,,East,,0,,Hill Road,,,,,,Bright sun,99800,0,0,0,4,,,0,,,,,,Northland Region,Nil,2-way,Sealed,,0,0,,50,,Off,0,0,,2,Whangarei District,Traffic Signals,,,,,0,0,Urban,0,,,Fine,Null
1862577,5711434,11938,,541311,0,,0,1,,Null,2008/2009,MAPARA ROAD,ACACIA HEIGHTS DRIVE,,Non-Injury Crash,No,2009,,West,,0,,Hill Road,,,,,,Bright sun,1279114,0,0,0,2,,,0,,,,,,Waikato Region,Nil,2-way,Sealed,,0,0,,70,,Null,0,0,,21,Taupo District,Nil,,,,,0,0,Urban,1,,,Fine,Null
1752719,5953742,11939,,505803,0,0,0,1,1,South,2008/2009,HIBISCUS COAST HIGHWAY,WAIWERA ROAD,,Non-Injury Crash,No,2009,0,West,0,0,0,Hill Road,0,,0,,0,Overcast,170605,0,0,0,3,0,0,0,0,0,,0,0,Auckland Region,Nil,2-way,Sealed,0,0,0,0,80,0,None,0,0,,76,Auckland,Nil,0,0,0,0,0,0,Open,0,0,0,Light rain,Null
1747913,5919360,11940,,512402,0,,0,4,,West,2009/2010,SH 16,PATIKI OFF EBD,,Non-Injury Crash,Yes,2009,,East,,0,,Flat,,,,,,Bright sun,253700,0,0,0,3,,,0,,,,,,,Nil,1-way,Sealed,,0,0,,100,,Off,0,0,,76,Auckland,Nil,,,,,0,0,Open,0,,,Fine,Null
1714401,6026416,11941,,501811,0,,0,0,,South,2008/2009,PAPAROA ROAD,MANGAPAI ROAD,,Non-Injury Crash,No,2009,,North,,0,,Hill Road,,,,,,Bright sun,78100,0,0,0,2,,,0,,,,,,Northland Region,Nil,2-way,Sealed,,0,0,,100,,None,0,0,,2,Whangarei District,Nil,,,,,1,0,Open,0,,,Fine,Null
1719013,6048236,11942,,502300,1,,0,1,,Null,2009/2010,KAMO ROAD,PERCY ST,,Non-Injury Crash,No,2009,,South,,0,,Flat,,,,,,Bright sun,90400,0,0,0,2,,,0,,,,,,Northland Region,Nil,2-way,Sealed,,0,0,,50,,Off,0,0,,2,Whangarei District,Stop,,,,,0,0,Urban,0,,,Fine,Null
1754237,5447757,11943,,570600,0,,0,2,,Null,2008/2009,TIRETI ROAD,TOMS ROAD,,Non-Injury Crash,No,2009,,West,,0,,Flat,,,,,,Overcast,2041700,0,0,0,2,,,0,,,,,,Wellington Region,Nil,2-way,Sealed,,0,0,,50,,Null,0,0,,44,Porirua City,Nil,,,,,0,0,Urban,0,,,Fine,Null
1879844,5818314,11944,,538301,0,,0,1,,North,2009/2010,PANORAMA DRIVE,BEECH COURT,,Non-Injury Crash,No,2009,,North,,0,,Hill Road,,,,,,Dark,1205900,0,0,0,2,,,0,,,,,,Bay of Plenty Region,Nil,2-way,Sealed,,0,0,,50,,Off,0,0,,23,Tauranga City,Nil,,,,,0,0,Urban,0,,,Fine,Null
1767776,5904283,11945,,524602,0,0,0,1,0,Null,2009/2010,GREAT SOUTH ROAD,REDOUBT ROAD S,,Non-Injury Crash,No,2009,0,North,0,0,0,Flat,0,,0,,0,Dark,780501,0,0,0,3,0,0,0,0,0,,0,1,Auckland Region,Nil,2-way,Sealed,0,0,0,0,50,0,On,0,0,,76,Auckland,Traffic Signals,0,0,0,0,0,0,Urban,0,0,0,Fine,Null
1761231,5914637,11946,,520202,0,,0,0,,North,2009/2010,SH 1N,PENROSE OFF SBD,,Non-Injury Crash,Yes,2009,,South,,0,,Flat,,,,,,Dark,612100,0,0,0,3,,,0,,,,,,Auckland Region,Nil,1-way,Sealed,,0,0,,100,,On,2,0,,76,Auckland,Nil,,,,,0,0,Open,0,,,Fine,Null
1795180,5777063,11947,,531303,0,,0,1,,South,2008/2009,OURUWHERO ROAD,PEACOCK ROAD,,Non-Injury Crash,No,2009,,South,,0,,Flat,,,,,,Overcast,995501,0,0,0,2,,,0,,,,,,Waikato Region,Nil,2-way,Sealed,,0,0,,100,,None,1,0,,18,Ōtorohanga District,Nil,,,,,0,0,Open,0,,,Mist or Fog,Null
1759414,5436218,11948,,569100,0,0,0,0,0,West,2008/2009,ANDREWS AVENUE,HIGH ST,,Non-Injury Crash,No,2009,0,East,0,0,0,Flat,0,,0,,0,Bright sun,1966700,0,0,0,2,0,0,0,0,1,,0,0,Wellington Region,Nil,2-way,Sealed,0,0,0,0,50,0,Null,1,0,,46,Lower Hutt City,Nil,0,0,0,0,0,0,Urban,1,0,0,Fine,Null
1759789,5436931,11949,,569301,0,,0,1,,South,2008/2009,SH 2,MELLING LINK,,Non-Injury Crash,Yes,2009,,South,,0,,Flat,,,,,,Dark,1919900,0,0,0,2,,,0,,,,,,Wellington Region,Nil,2-way,Sealed,,0,0,,100,,On,1,0,,46,Lower Hutt City,Nil,,,,,0,0,Open,0,,,Fine,Null
1779762,5449599,11950,,566500,0,0,0,1,0,North,2008/2009,Z WATER TREATMENT ACCESS,TWIN LAKES/SH 2,,Non-Injury Crash,No,2009,0,South,0,0,1,Flat,0,,0,,0,Dark,1914501,0,0,0,0,0,0,0,0,0,,0,0,Wellington Region,Nil,Off road,Sealed,0,0,0,0,50,0,None,0,0,,45,Upper Hutt City,Nil,0,0,0,0,0,0,Urban,0,0,0,Fine,Null
1800377,5815848,11951,,529700,0,0,0,1,0,Null,2009/2010,ROSTREVOR ST,ANGLESEA ST,,Non-Injury Crash,No,2009,0,North,0,0,0,Flat,0,,0,,0,Dark,910000,0,0,0,2,0,0,0,0,0,,0,0,Waikato Region,Nil,2-way,Sealed,0,0,0,0,50,0,On,0,0,,16,Hamilton City,Traffic Signals,0,1,0,0,0,0,Urban,0,0,0,Fine,Null
1884223,5825212,11952,,536831,0,,0,1,,Null,2008/2009,SH 2,GIRVEN ROAD,,Non-Injury Crash,Yes,2009,,East,,0,,Flat,,,,,,Dark,1201300,0,0,0,4,,,0,,,,,,Bay of Plenty Region,Nil,2-way,Sealed,,0,0,,70,,On,1,0,,23,Tauranga City,Give way,,,,,0,0,Urban,0,,,Fine,Null
1756717,5914157,11953,,518500,0,0,0,2,0,North,2009/2010,MOUNT EDEN ROAD,MOUNT ALBERT ROAD,,Non-Injury Crash,No,2009,0,South,0,0,0,Flat,0,,0,,0,Dark,563200,0,0,0,2,0,0,0,0,0,,0,0,Auckland Region,Nil,2-way,Sealed,0,0,0,0,50,0,On,0,0,,76,Auckland,Nil,1,0,0,0,0,0,Urban,0,0,0,Light rain,Null
1747090,5919738,11954,,512402,0,,0,2,,West,2009/2010,SH 16,TE ATATU OBR,,Non-Injury Crash,Yes,2009,,West,,0,,Flat,,,,,,Dark,253600,0,0,0,2,,,0,,,,,,Auckland Region,Nil,1-way,Sealed,,0,0,,100,,On,0,1,,76,Auckland,Nil,,,,,0,0,Open,0,,,Null,Null
1777109,5878082,11955,,521131,0,0,0,1,0,South,2009/2010,RIDGE ROAD,RIDGE OFF NBD,,Non-Injury Crash,No,2009,0,North,0,0,0,Hill Road,0,,0,,0,Dark,842500,0,0,0,2,0,0,0,0,0,,0,1,Waikato Region,Nil,2-way,Sealed,0,0,0,0,100,0,None,0,0,,13,Waikato District,Nil,0,0,0,0,0,0,Open,0,0,0,Fine,Null
1750052,5956739,11956,,506613,0,,0,1,,Null,2008/2009,SH 1N,TOLL BOOTH EXT STH,,Non-Injury Crash,Yes,2009,,South,,0,,Flat,,,,,,Bright sun,147000,0,0,0,2,,,0,,,,,,Auckland Region,Nil,2-way,Sealed,,0,0,,100,,Null,1,0,,76,Auckland,Give way,,,,,0,0,Open,0,,,Fine,Null
1924963,5607483,11957,,548612,0,0,0,1,0,Null,2008/2009,CHATHAM ROAD,BAFFIN PLACE,,Non-Injury Crash,No,2009,0,South,0,0,0,Flat,0,,0,,0,Bright sun,1474118,0,0,0,2,0,0,0,0,0,,0,0,Hawke's Bay Region,Nil,2-way,Sealed,0,0,0,0,50,0,Null,0,0,,30,Hastings District,Nil,0,0,0,1,0,0,Urban,0,0,0,Fine,Null
1749312,5426927,11958,,573101,0,,0,1,,North,2008/2009,KENT TERRACE,ELIZABETH ST,,Non-Injury Crash,No,2009,,South,,0,,Flat,,,,,,Dark,2136100,0,0,1,3,,,0,,,,,,Wellington Region,Nil,1-way,Sealed,,0,0,,50,,On,0,0,,47,Wellington City,Nil,,,,,0,0,Urban,0,,,Fine,Null
1417875,5246935,11959,,585319,0,,0,1,,Null,2008/2009,SH 6,MIKONUI RIV BR,,Non-Injury Crash,Yes,2009,,North,,0,,Flat,,,,,,Overcast,2419903,0,0,0,1,,,0,,,,,,West Coast Region,Nil,2-way,Sealed,,0,0,,100,,Null,0,0,,57,Westland District,Give way,,,,,0,0,Open,1,,,Fine,Null
1258682,5004132,11960,,609302,0,,0,0,,Null,2009/2010,SH 6A,SH 6A,,Minor Crash,Yes,2009,,West,,0,,Flat,,,,,,Overcast,3034202,2,0,0,2,,,0,,,,,,Otago Region,Nil,2-way,Sealed,,0,0,,50,,Null,2,0,,70,Queenstown-Lakes District,Give way,,,,,0,0,Urban,0,,,Light rain,Null
1895340,5812941,11961,,536653,0,0,0,1,0,North,2008/2009,KENANA ROAD,TE PUKE HIGHWAY,,Non-Injury Crash,No,2009,0,East,0,0,1,Flat,0,,0,,0,Dark,1209300,0,0,0,1,0,0,0,0,0,,0,0,Bay of Plenty Region,Nil,2-way,Unsealed,0,0,0,0,100,0,None,0,0,,22,Western Bay of Plenty District,Nil,0,0,0,1,0,0,Open,0,0,0,Heavy rain,Strong wind
1935243,5621005,11962,,546801,0,,0,2,,West,2008/2009,SH 2,STOPFORD ST,,Non-Injury Crash,Yes,2009,,West,,0,,Flat,,,,,,Bright sun,1426100,0,0,0,2,,,0,,,,,,Hawke's Bay Region,Nil,2-way,Sealed,,0,0,,50,,Null,0,0,,31,Napier City,Nil,,,,,0,0,Urban,0,,,Fine,Null
1882160,5773686,11963,,539600,0,0,0,1,0,Null,2009/2010,SUNSET ROAD,KUSABS ROAD,,Non-Injury Crash,No,2009,0,South,0,0,1,Flat,0,,0,,0,Dark,1229100,0,0,0,2,0,0,0,0,0,,0,0,Bay of Plenty Region,Nil,2-way,Sealed,0,0,0,0,50,0,On,0,0,,24,Rotorua District,Give way,0,0,0,0,0,0,Urban,0,0,0,Light rain,Null
1756554,5917564,11964,,518102,0,,0,1,,West,2008/2009,BELLEVUE ROAD,SHERBOURNE ROAD,,Non-Injury Crash,No,2009,,East,,0,,Flat,,,,,,Bright sun,545700,0,0,0,2,,,0,,,,,,Auckland Region,Nil,2-way,Sealed,,0,0,,50,,Null,0,0,,76,Auckland,Unknown,,,,,0,0,Urban,1,,,Fine,Null
1749193,5424928,11965,,576400,0,,0,2,,Null,2008/2009,CONSTABLE ST,DANIELL ST,,Non-Injury Crash,No,2009,,East,,0,,Flat,,,,,,Bright sun,2169101,0,0,0,2,,,0,,,,,,Wellington Region,Nil,2-way,Sealed,,0,0,,50,,Null,0,0,,47,Wellington City,Traffic Signals,,,,,0,0,Urban,0,,,Fine,Null
1818165,5543900,11966,,560720,0,0,0,3,0,South,2009/2010,MANCHESTER SQUARE S,KIMBOLTON ROAD,,Non-Injury Crash,No,2009,0,East,0,0,0,Flat,0,,0,,0,Bright sun,1765800,0,0,0,1,0,0,0,0,1,,0,0,Manawatū-Whanganui Region,Nil,1-way,Sealed,0,0,0,0,50,0,Null,0,0,,39,Manawatu District,Nil,0,0,0,0,0,0,Urban,1,0,0,Fine,Null
1771629,5445419,11967,,567500,0,0,0,2,0,East,2008/2009,SHAKESPEARE AVENUE,THACKERAY ST,,Non-Injury Crash,No,2009,0,West,0,0,0,Flat,0,,0,,0,Dark,1888400,0,0,0,2,0,0,0,0,1,,0,0,Wellington Region,Nil,2-way,Sealed,0,0,0,0,50,0,On,0,0,,45,Upper Hutt City,Nil,0,0,0,0,0,0,Urban,0,0,0,Fine,Null
1800832,5815184,11968,,529700,0,,0,2,,North,2009/2010,ANGLESEA ST,CARO ST,,Non-Injury Crash,No,2009,,South,,0,,Flat,,,,,,Bright sun,910900,0,0,0,4,,,0,,,,,,Waikato Region,Nil,2-way,Sealed,,0,0,,50,,Null,0,0,,16,Hamilton City,Unknown,,,,,0,0,Urban,0,,,Fine,Null
1756418,5918992,11969,,514200,0,,0,2,,East,2009/2010,UNION ON WBD,SH 16,,Non-Injury Crash,Yes,2009,,East,,0,,Flat,,,,,,Twilight,412800,0,0,0,1,,,0,,,,,,Auckland Region,Motorway ramp,1-way,Sealed,,0,0,,80,,Off,0,0,,76,Auckland,Unknown,,,,,0,0,Open,0,,,Fine,Null
1760375,5912142,11970,,520000,0,,0,2,,South,2008/2009,CAPTAIN SPRINGS ROAD,CHURCH ST,,Non-Injury Crash,No,2009,,South,,0,,Flat,,,,,,Overcast,607500,0,0,0,2,,,0,,,,,,Auckland Region,Nil,2-way,Sealed,,0,0,,50,,Off,0,0,,76,Auckland,Nil,,,,,0,0,Urban,0,,,Light rain,Null
1755489,5922139,11971,,515202,0,,0,2,,North,2009/2010,SH 1N,SHELLY OFF SBD,,Non-Injury Crash,Yes,2009,,South,,0,,Hill Road,,,,,,Overcast,423600,0,0,0,4,,,0,,,,,,,Nil,1-way,Sealed,,0,0,,80,,Off,0,0,,76,Auckland,Nil,,,,,0,0,Open,0,,,Fine,Null
1868653,5717834,11972,,541312,0,0,0,2,0,South,2008/2009,WAIRAKEI DRIVE,KARAPITI BLOWHOLE ENT,,Non-Injury Crash,No,2009,0,North,0,0,0,Flat,0,,0,,0,Overcast,1278700,0,0,0,2,0,0,0,0,1,,0,0,Waikato Region,Nil,2-way,Sealed,0,0,0,0,100,0,Null,0,0,,21,Taupo District,Unknown,0,0,0,0,0,0,Open,0,0,0,Fine,Null
1689583,5674888,11973,,551502,0,0,0,1,0,North,2009/2010,PIONEER ROAD,SH 45,,Non-Injury Crash,No,2009,0,South,0,0,0,Flat,0,,0,,0,Dark,1583600,0,0,0,2,0,0,0,0,0,,0,1,Taranaki Region,Nil,2-way,Sealed,0,0,0,0,50,0,On,0,0,,33,New Plymouth District,Nil,0,0,0,0,0,0,Urban,0,0,0,Heavy rain,Null
1821387,5530079,11974,,562800,0,,0,2,,South,2009/2010,SH 3,FEATHERSTON ST,,Non-Injury Crash,Yes,2009,,North,,0,,Flat,,,,,,Overcast,1830800,0,0,0,2,,,0,,,,,,Manawatū-Whanganui Region,Nil,2-way,Sealed,,0,0,,50,,Null,0,0,,40,Palmerston North City,Nil,,,,,0,0,Urban,0,,,Fine,Null
1754990,5931852,11975,,508805,0,,0,1,,East,2009/2010,CONSTELLATION DRIVE,APOLLO DRIVE,,Non-Injury Crash,No,2009,,West,,0,,Flat,,,,,,Bright sun,180826,0,0,1,4,,,0,,,,,,Auckland Region,Nil,2-way,Sealed,,0,0,,50,,Off,0,0,,76,Auckland,Nil,,,,,0,0,Urban,0,,,Fine,Null
1756332,5919338,11976,,514000,0,,0,2,,Null,2009/2010,KARANGAHAPE ROAD,HEREFORD ST,,Non-Injury Crash,No,2009,,North,,0,,Flat,,,,,,Bright sun,413900,0,0,0,4,,,0,,,,,,Auckland Region,Nil,2-way,Sealed,,0,0,,50,,Off,0,1,,76,Auckland,Stop,,,,,0,0,Urban,0,,,Fine,Null
1459384,5081601,11977,,599600,0,,0,1,,Null,2008/2009,OTIPUA ROAD,HASSALL ST,,Minor Crash,No,2009,,North,,0,,Flat,,,,,,Bright sun,2796800,1,0,0,3,,,0,,,,,,Canterbury Region,Nil,2-way,Sealed,,0,0,,50,,Null,1,0,,64,Timaru District,Stop,,,,,0,0,Urban,0,,,Fine,Null
1757526,5919180,11978,,514301,0,,0,1,,North,2009/2010,GRAFTON ROAD,PARK ROAD,,Non-Injury Crash,No,2009,,South,,0,,Hill Road,,,,,,Twilight,441000,0,0,0,3,,,0,,,,,,Auckland Region,Nil,2-way,Sealed,,0,0,,50,,Off,1,0,,76,Auckland,Unknown,,,,,0,0,Urban,0,,,Fine,Null
1772753,5895558,11979,,525410,0,,0,2,,North,2008/2009,GREAT SOUTH ROAD,MANSE ROAD,,Non-Injury Crash,No,2009,,North,,0,,Flat,,,,,,Bright sun,793400,0,0,0,2,,,0,,,,,,Auckland Region,Nil,2-way,Sealed,,0,0,,50,,Off,0,0,,76,Auckland,Nil,,,,,0,0,Urban,0,,,Fine,Null
1760536,5915234,11980,,520202,0,,0,2,,Null,2009/2010,MAIN HIGHWAY,WALPOLE ST,,Non-Injury Crash,No,2009,,South,,0,,Flat,,,,,,Bright sun,611500,0,0,0,2,,,0,,,,,,Auckland Region,Nil,2-way,Sealed,,0,0,,50,,Off,0,0,,76,Auckland,Stop,,,,,0,0,Urban,0,,,Fine,Null
1718768,6048699,11981,,502300,0,,0,2,,Null,2009/2010,KAMO ROAD,WHAU VALLEY ROAD,,Non-Injury Crash,No,2009,,North,,0,,Flat,,,,,,Bright sun,89400,0,0,0,4,,,0,,,,,,Northland Region,Nil,2-way,Sealed,,0,0,,50,,Off,0,0,,2,Whangarei District,Traffic Signals,,,,,0,0,Urban,0,,,Fine,Null
1543863,5372199,11982,,581843,0,,0,2,,West,2008/2009,SH 6 WALLER,FAIRFAX ST,,Non-Injury Crash,Yes,2009,,West,,0,,Flat,,,,,,Bright sun,2381300,0,0,0,2,,,0,,,,,,Tasman Region,Nil,2-way,Sealed,,0,0,,50,,Null,0,0,,51,Tasman District,Nil,,,,,0,0,Urban,0,,,Fine,Null
1763730,5907661,11983,,521902,0,0,0,3,0,South,2008/2009,HOSPITAL ROAD,MASSEY ROAD,,Non-Injury Crash,No,2009,0,South,0,0,0,Flat,0,,0,,0,Bright sun,786500,0,0,0,2,0,0,0,0,2,,0,1,Auckland Region,Nil,2-way,Sealed,0,0,0,0,50,0,Off,0,0,,76,Auckland,Nil,0,0,0,0,0,0,Urban,0,0,0,Fine,Null
1768189,5902430,11984,,524602,0,,0,2,,Null,2009/2010,GREAT SOUTH ROAD,BROWNS ROAD,,Non-Injury Crash,No,2009,,South,,0,,Flat,,,,,,Dark,780700,0,0,0,2,,,0,,,,,,Auckland Region,Nil,2-way,Sealed,,0,0,,50,,On,0,0,,76,Auckland,Traffic Signals,,,,,0,0,Urban,0,,,Fine,Null
1766681,5913317,11985,,522820,0,,0,3,,Null,2009/2010,PAKURANGA ROAD,KENTIGERN CLOSE,,Non-Injury Crash,No,2009,,West,,0,,Flat,,,,,,Overcast,694800,0,0,0,6,,,0,,,,,,Auckland Region,Nil,2-way,Sealed,,0,0,,60,,Off,0,0,,76,Auckland,Nil,,,,,0,0,Urban,0,,,Light rain,Null
1598199,5448511,11986,,584301,0,0,0,1,0,West,2008/2009,WHAKAREWA ST,CHAMBERLAIN ST,,Non-Injury Crash,No,2009,0,West,0,0,0,Flat,0,,0,,0,Dark,2370602,0,0,0,2,0,0,0,0,0,,0,1,Tasman Region,Nil,2-way,Sealed,0,0,0,0,100,0,None,0,0,,51,Tasman District,Nil,0,0,0,0,0,0,Open,0,0,0,Mist or Fog,Null