X,Y,OBJECTID,advisorySpeed,areaUnitID,bicycle,bridge,bus,carStationWagon,cliffBank,crashDirectionDescription,crashFinancialYear,crashLocation1,crashLocation2,crashRoadSideRoad,crashSeverity,crashSHDescription,crashYear,debris,directionRoleDescription,ditch,fatalCount,fence,flatHill,guardRail,holiday,houseOrBuilding,intersection,kerb,light,meshblockId,minorInjuryCount,moped,motorcycle,NumberOfLanes,objectThrownOrDropped,otherObject,otherVehicleType,overBank,parkedVehicle,pedestrian,phoneBoxEtc,postOrPole,region,roadCharacter,roadLane,roadSurface,roadworks,schoolBus,seriousInjuryCount,slipOrFlood,speedLimit,strayAnimal,streetLight,suv,taxi,temporarySpeedLimit,tlaId,tlaName,trafficControl,trafficIsland,trafficSign,train,tree,truck,unknownVehicleType,urban,vanOrUtility,vehicle,waterRiver,weatherA,weatherB
1761877,5906689,11987,,524520,0,0,0,1,0,Null,2009/2010,MASSEY ROAD,ROBERTSON ROAD,,Non-Injury Crash,No,2009,0,West,0,0,1,Flat,0,,0,,0,Dark,735400,0,0,0,3,0,0,0,0,0,,0,0,Auckland Region,Nil,2-way,Sealed,0,0,0,0,50,0,On,0,0,,76,Auckland,Traffic Signals,0,0,0,0,0,0,Urban,1,0,0,Fine,Null
1823768,5830107,11988,,534902,0,0,0,1,0,Null,2008/2009,SANDERS AVENUE,NORTH ST,,Non-Injury Crash,No,2009,0,West,0,0,0,Flat,0,,0,,1,Dark,1089700,0,0,0,2,0,0,0,0,0,,0,0,Waikato Region,Nil,2-way,Sealed,0,0,0,0,50,0,On,0,0,,15,Matamata-Piako District,Stop,0,0,0,0,0,0,Urban,0,0,0,Light rain,Null
1817386,5801102,11989,,527505,0,,0,1,,Null,2009/2010,SHAKESPEARE ST,MOORE ST,,Non-Injury Crash,No,2009,,South,,0,,Flat,,,,,,Dark,967700,0,0,0,2,,,0,,,,,,Waikato Region,Nil,2-way,Sealed,,0,0,,50,,On,0,0,,17,Waipa District,Give way,,,,,0,0,Urban,1,,,Light rain,Null
1757313,5920212,11990,,514103,0,,1,1,,South,2008/2009,QUEEN ST,WELLESLEY ST WEST,,Non-Injury Crash,No,2009,,North,,0,,Flat,,,,,,Bright sun,436600,0,0,0,4,,,0,,,,,,Auckland Region,Nil,2-way,Sealed,,0,0,,50,,Off,0,0,,76,Auckland,Traffic Signals,,,,,0,0,Urban,0,,,Fine,Null
1753599,5911970,11991,,518901,0,0,0,0,0,South,2008/2009,HILLSBOROUGH ROAD,THE AVENUE,,Non-Injury Crash,No,2009,0,South,0,0,0,Flat,0,,0,,0,Bright sun,586300,0,0,0,2,0,0,0,0,0,,0,1,Auckland Region,Nil,2-way,Sealed,0,0,0,0,50,0,Off,0,0,,76,Auckland,Nil,0,0,0,0,1,0,Urban,0,0,0,Fine,Null
1848699,5774591,11992,,535261,0,,0,0,,South,2009/2010,SH 1N,WILTSDOWN EAST,,Non-Injury Crash,Yes,2009,,North,,0,,Hill Road,,,,,,Bright sun,1133900,0,0,0,3,,,0,,,,,,Waikato Region,Nil,2-way,Sealed,,0,0,,100,,Null,0,0,,19,South Waikato District,Unknown,,,,,1,0,Open,1,,,Fine,Null
1764090,5909840,11993,,521901,0,0,0,0,0,North,2009/2010,GREAT SOUTH ROAD,AVENUE ROAD,,Non-Injury Crash,No,2009,0,South,0,0,0,Flat,0,,0,,0,Overcast,783900,0,0,0,2,0,0,0,0,0,,0,0,Auckland Region,Nil,2-way,Sealed,0,0,0,0,50,0,Off,1,0,,76,Auckland,Nil,0,0,0,0,1,0,Urban,0,1,0,Fine,Null
1752412,5423630,11994,,577102,0,,0,1,,West,2008/2009,BROADWAY,GLAMIS AVENUE,,Non-Injury Crash,No,2009,,West,,0,,Flat,,,,,,Overcast,2214600,0,0,1,2,,,0,,,,,,Wellington Region,Nil,2-way,Sealed,,0,0,,50,,Null,0,0,,47,Wellington City,Nil,,,,,0,0,Urban,0,,,Fine,Null
1751080,5916063,11995,,514401,0,0,0,2,0,South,2009/2010,PLANE ST,BEATRIX ST,,Non-Injury Crash,No,2009,0,North,0,0,0,Flat,0,,0,,0,Bright sun,383400,0,0,0,2,0,0,0,0,1,,0,0,Auckland Region,Nil,2-way,Sealed,0,0,0,0,50,0,Null,0,0,,76,Auckland,Unknown,0,0,0,0,0,0,Urban,0,0,0,Fine,Null
1757231,5920679,11996,,514102,0,,0,2,,East,2009/2010,WYNDHAM ST,FEDERAL ST,,Non-Injury Crash,No,2009,,East,,0,,Flat,,,,,,Bright sun,433103,0,0,0,2,,,0,,,,,,Auckland Region,Nil,2-way,Sealed,,0,0,,50,,Off,0,0,,76,Auckland,Nil,,,,,0,0,Urban,0,,,Fine,Null
1745378,5920378,11997,,513301,0,,0,2,,Null,2009/2010,LINCOLN ROAD,CENTRAL PARK DRIVE,,Non-Injury Crash,No,2009,,West,,0,,Flat,,,,,,Bright sun,230302,0,0,0,6,,,0,,,,,,Auckland Region,Nil,2-way,Sealed,,0,0,,50,,Off,0,0,,76,Auckland,Traffic Signals,,,,,0,0,Urban,0,,,Fine,Null
1743868,5432890,11998,,577700,0,0,0,0,1,South,2008/2009,MAKARA ROAD,TAKARAU GORGE ROAD,,Non-Injury Crash,No,2009,0,North,0,0,0,Flat,0,,0,,0,Bright sun,2116600,0,0,0,2,0,0,0,0,0,,0,0,Wellington Region,Nil,2-way,Sealed,0,0,0,0,50,0,Null,0,0,,47,Wellington City,Nil,0,0,0,0,0,0,Urban,1,0,0,Fine,Null
1755681,5928702,11999,,508510,0,,0,1,,South,2008/2009,SH 1N,TRISTRAM OBR,,Non-Injury Crash,Yes,2009,,South,,0,,Flat,,,,,,Bright sun,195700,0,0,0,3,,,0,,,,,,Auckland Region,Nil,1-way,Sealed,,0,0,,100,,Off,0,0,,76,Auckland,Nil,,,,,0,0,Open,2,,,Fine,Null
1764646,5908533,12000,,521802,0,,0,1,,South,2009/2010,GREAT SOUTH ROAD,CRACROFT ST,,Non-Injury Crash,No,2009,,South,,0,,Flat,,,,,,Overcast,789600,0,0,0,4,,,0,,,,,,Auckland Region,Nil,2-way,Sealed,,0,0,,50,,None,1,0,,76,Auckland,Nil,,,,,0,0,Urban,0,,,Heavy rain,Null
1763622,5910476,12001,,521901,0,0,0,0,0,North,2008/2009,GREAT SOUTH ROAD,HOKONUI ROAD,,Non-Injury Crash,No,2009,0,North,0,0,0,Flat,0,,0,,0,Overcast,781900,0,0,0,2,0,0,0,0,2,,0,0,Auckland Region,Nil,2-way,Sealed,0,0,0,0,50,0,Off,0,0,,76,Auckland,Nil,0,0,0,0,1,0,Urban,2,0,0,Fine,Null
1798674,5816342,12002,,528800,0,,0,2,,Null,2008/2009,HINAU ST,LAFFERTY ST,,Non-Injury Crash,No,2009,,North,,0,,Flat,,,,,,Overcast,903400,0,0,0,2,,,0,,,,,,Waikato Region,Nil,2-way,Sealed,,0,0,,50,,None,0,0,,16,Hamilton City,Give way,,,,,0,0,Urban,0,,,Fine,Null
1767866,5904714,12003,,523722,0,,0,2,,North,2008/2009,SH 1N,REDOUBT OBR,,Non-Injury Crash,Yes,2009,,South,,0,,Flat,,,,,,Overcast,715801,0,0,0,3,,,0,,,,,,Auckland Region,Nil,2-way,Sealed,,0,0,,100,,Null,0,0,,76,Auckland,Unknown,,,,,0,0,Open,0,,,Fine,Null
1868170,5716961,12004,,541312,0,,0,2,,South,2009/2010,WAIRAKEI DRIVE,HUKA FALLS ROAD N,,Non-Injury Crash,No,2009,,North,,0,,Flat,,,,,,Bright sun,1278700,0,0,0,2,,,0,,,,,,Waikato Region,Nil,2-way,Sealed,,0,0,,100,,Null,0,0,,21,Taupo District,Unknown,,,,,0,0,Open,0,,,Fine,Null
1878754,5823275,12005,,538201,1,,0,1,,East,2009/2010,NINTH AVENUE,CAMERON ROAD,,Non-Injury Crash,No,2009,,West,,0,,Flat,,,,,,Bright sun,1166300,0,0,0,2,,,0,,,,,,Bay of Plenty Region,Nil,2-way,Sealed,,0,0,,50,,Null,0,0,,23,Tauranga City,Give way,,,,,0,0,Urban,0,,,Fine,Null
1740245,5711644,12006,,550700,0,,0,0,,South,2009/2010,SH 3,MOHAKATINO ROAD,,Non-Injury Crash,Yes,2009,,North,,0,,Hill Road,,,,,,Bright sun,1552500,0,0,0,2,,,0,,,,,,Taranaki Region,Nil,2-way,Sealed,,0,0,,100,,Null,0,0,,33,New Plymouth District,Nil,,,,,1,0,Open,0,,,Fine,Null
1690086,5421323,12007,,580446,0,,0,2,,East,2008/2009,PORT UNDERWOOD ROAD,ROBIN HOOD LOOP E,,Non-Injury Crash,No,2009,,South,,0,,Hill Road,,Christmas New Year,,,,Twilight,2280105,0,0,0,2,,,0,,,,,,Marlborough Region,Nil,2-way,Unsealed,,0,0,,100,,None,0,0,,53,Marlborough District,Nil,,,,,0,0,Open,0,,,Fine,Null
1744049,5915112,12008,,513013,0,0,0,1,0,North,2009/2010,FOREST HILL ROAD,PARRS CROSS ROAD,,Non-Injury Crash,No,2009,0,North,0,0,0,Flat,0,,0,,0,Dark,281502,0,0,0,2,0,0,0,0,1,,0,0,Auckland Region,Nil,2-way,Sealed,0,0,0,0,50,0,On,0,0,,76,Auckland,Unknown,0,0,0,0,0,0,Urban,1,0,0,Fine,Null
1799491,5773797,12009,,531304,0,0,0,0,0,East,2009/2010,SH 3,KIO KIO STATION ROAD,,Non-Injury Crash,Yes,2009,0,West,1,0,0,Flat,0,,0,,0,Dark,1000600,0,0,0,2,0,0,0,0,0,,0,0,Waikato Region,Nil,2-way,Sealed,0,0,0,0,100,0,None,1,0,,18,Ōtorohanga District,Unknown,0,0,0,0,0,0,Open,0,0,0,Fine,Null
1804758,5445149,12010,,579803,0,,0,1,,Null,2009/2010,GREYTOWN BIDWILLS ROAD,MOROA ROAD,,Minor Crash,No,2009,,West,,0,,Flat,,Christmas New Year,,,,Dark,2271600,1,0,0,2,,,0,,,,,,Wellington Region,Nil,2-way,Sealed,,0,0,,100,,None,0,0,,50,South Wairarapa District,Give way,,,,,0,0,Open,1,,,Fine,Null
1758149,5917805,12011,,515700,0,,0,3,,South,2008/2009,SH 1N,GILLIES OBR,,Non-Injury Crash,Yes,2009,,South,,0,,Flat,,,,,,Bright sun,443300,0,0,0,3,,,0,,,,,,Auckland Region,Nil,1-way,Sealed,,0,0,,80,,Null,1,0,,76,Auckland,Unknown,,,,,0,0,Open,0,,,Fine,Null
1679914,5402154,12012,,581250,0,,0,0,,Null,2008/2009,SCOTT ST,ALABAMA ROAD,,Non-Injury Crash,No,2009,,North,,0,,Flat,,,,,,Bright sun,2304800,0,0,1,2,,,0,,,,,,Marlborough Region,Nil,2-way,Sealed,,0,0,,50,,Null,1,0,,53,Marlborough District,Give way,,,,,0,0,Urban,0,,,Fine,Null
1747267,5913773,12013,,511100,0,,0,2,,Null,2008/2009,WEST COAST ROAD,CAPTAIN SCOTT ROAD,,Non-Injury Crash,No,2009,,East,,0,,Flat,,,,,,Bright sun,286200,0,0,0,4,,,0,,,,,,Auckland Region,Nil,2-way,Sealed,,0,0,,50,,Null,0,1,,76,Auckland,Give way,,,,,0,0,Urban,0,,,Fine,Null
2039924,5705708,12014,,544802,0,0,0,1,0,Null,2009/2010,MURDOCH ROAD,SH 35,,Non-Injury Crash,No,2009,0,West,0,0,0,Flat,0,,0,,0,Dark,1385402,0,0,0,2,0,0,0,0,0,,0,1,Gisborne Region,Nil,2-way,Sealed,0,0,0,0,70,0,On,0,0,,28,Gisborne District,Stop,0,0,0,0,0,0,Urban,0,0,0,Fine,Null
1745987,5912569,12015,,511001,0,0,0,2,0,West,2009/2010,GLENGARRY ROAD,SHETLAND ST,,Non-Injury Crash,No,2009,0,South,0,0,0,Hill Road,0,Christmas New Year,0,,0,Overcast,282900,0,0,0,2,0,0,0,0,1,,0,0,Auckland Region,Nil,2-way,Sealed,0,0,0,0,50,0,Off,0,0,,76,Auckland,Give way,0,0,0,0,0,0,Urban,0,0,0,Light rain,Null
1750743,5915618,12016,,514802,0,,0,2,,Null,2008/2009,ROSEBANK ROAD,ASPEN ST,,Non-Injury Crash,No,2009,,East,,0,,Flat,,,,,,Overcast,390200,0,0,0,3,,,0,,,,,,Auckland Region,Nil,2-way,Sealed,,0,0,,50,,Null,0,0,,76,Auckland,Give way,,,,,0,0,Urban,0,,,Light rain,Null
1764740,5918184,12017,,517001,0,,0,1,,Null,2009/2010,APIRANA AVENUE,ST HELIERS BAY ROAD,,Non-Injury Crash,No,2009,,North,,0,,Flat,,,,,,Twilight,469700,0,0,0,3,,,0,,,,,,Auckland Region,Nil,2-way,Sealed,,0,0,,50,,Off,1,0,,76,Auckland,Traffic Signals,,,,,0,0,Urban,0,,,Fine,Null
1316826,4982484,12018,,608500,0,,0,1,,East,2009/2010,SH 8,SHANNON ST,,Minor Crash,Yes,2009,,North,,0,,Flat,,,,,,Overcast,3024400,1,0,0,2,,,0,,,1,,,Otago Region,Nil,2-way,Sealed,,0,0,,50,,Null,0,0,,69,Central Otago District,Unknown,,,,,0,0,Urban,0,,,Fine,Null
1884837,5772788,12019,,540510,0,0,0,2,0,West,2008/2009,GREY ST,LYTTON ST,,Non-Injury Crash,No,2009,0,East,0,0,0,Flat,0,,0,,0,Dark,1241500,0,0,0,2,0,0,0,0,1,,0,0,Bay of Plenty Region,Nil,2-way,Sealed,0,0,0,0,50,0,On,0,0,,24,Rotorua District,Unknown,0,0,0,0,0,0,Urban,0,0,0,Light rain,Null
1748969,5424932,12020,,576400,0,,0,1,,North,2008/2009,RIDDIFORD ST,CONSTABLE ST,,Non-Injury Crash,No,2009,,South,,0,,Flat,,,,,,Bright sun,2167300,0,0,0,2,,,0,,,,,,Wellington Region,Nil,2-way,Sealed,,0,0,,40,,Null,0,0,,47,Wellington City,Nil,,,,,1,0,Urban,0,,,Fine,Null
1753396,5929808,12021,,508420,0,,0,0,,Null,2008/2009,ALBANY HIGHWAY,SUNSET ROAD,,Non-Injury Crash,No,2009,,North,,0,,Flat,,,,,,Overcast,182903,0,0,0,2,,,0,,,,,,Auckland Region,Nil,2-way,Sealed,,0,0,,50,,Null,0,0,,76,Auckland,Nil,,,,,0,0,Urban,2,,,Fine,Null
1749704,5423693,12022,,576100,0,,0,2,,South,2008/2009,SUTHERLAND ROAD,HORNSEY ROAD,,Non-Injury Crash,No,2009,,North,,0,,Hill Road,,,,,,Dark,2196400,0,0,0,2,,,0,,,,,,Wellington Region,Nil,2-way,Sealed,,0,0,,50,,On,0,0,,47,Wellington City,Nil,,,,,0,0,Urban,0,,,Light rain,Null
1717355,6056254,12023,,502001,0,,0,1,,Null,2009/2010,SH 1N,RICHARDS ROAD,,Non-Injury Crash,Yes,2009,,North,,0,,Flat,,,,,,Overcast,64300,0,0,0,3,,,0,,,,,,Northland Region,Nil,2-way,Sealed,,0,0,,100,,None,1,0,,2,Whangarei District,Nil,,,,,0,0,Open,0,,,Null,Null
1769709,5907261,12024,,523712,0,,0,2,,South,2008/2009,CHAPEL ROAD,ORMISTON ROAD,,Non-Injury Crash,No,2009,,North,,0,,Flat,,,,,,Bright sun,712803,0,0,0,2,,,0,,,,,,Auckland Region,Nil,2-way,Sealed,,0,0,,70,,Off,0,0,,76,Auckland,Nil,,,,,0,0,Urban,0,,,Fine,Null
1760176,5915914,12025,,516003,0,,0,2,,South,2009/2010,SH 1N,GREENLANE INT S,,Non-Injury Crash,Yes,2009,,North,,0,,Flat,,,,,,Bright sun,494902,0,0,0,3,,,0,,,,,,Auckland Region,Nil,1-way,Sealed,,0,0,,100,,Null,0,0,,76,Auckland,Unknown,,,,,0,0,Open,0,,,Fine,Null
1747900,5919345,12026,,512402,0,0,0,2,0,East,2008/2009,SH 16,TE ATATU OBR,,Non-Injury Crash,Yes,2009,0,West,0,0,0,Flat,1,,0,,0,Dark,253700,0,0,0,3,0,0,0,0,0,,0,0,,Bridge,1-way,Sealed,0,0,0,0,100,0,On,0,0,,76,Auckland,Unknown,0,0,0,0,0,0,Open,0,0,0,Fine,Null
1768675,5902971,12027,,524602,0,0,0,2,0,South,2009/2010,SH 1N,MANUKAU OFF NBD,,Non-Injury Crash,Yes,2009,0,North,0,0,0,Flat,0,,0,,0,Dark,780509,0,0,0,3,0,0,0,0,1,,0,0,Auckland Region,Nil,2-way,Sealed,0,0,0,0,100,0,On,0,0,80,76,Auckland,Unknown,0,0,0,0,0,0,Open,0,0,0,Light rain,Null
1933626,5603726,12028,,545750,0,0,0,0,0,North,2009/2010,NAPIER ROAD,THOMPSON ROAD,,Non-Injury Crash,No,2009,0,North,0,0,1,Flat,0,,0,,0,Bright sun,1406600,0,0,0,2,0,0,0,0,0,,0,0,Hawke's Bay Region,Nil,2-way,Sealed,0,0,0,0,100,0,Null,0,0,,30,Hastings District,Nil,0,0,0,0,0,0,Open,1,0,0,Fine,Null
1752522,5924063,12029,,510402,0,0,0,1,0,Null,2008/2009,CHELSEA VIEW DRIVE,HARPER ST,,Non-Injury Crash,No,2009,0,North,0,0,1,Hill Road,0,,0,,0,Dark,353602,0,0,0,2,0,0,0,0,0,,0,0,Auckland Region,Nil,2-way,Sealed,0,0,0,0,50,0,On,0,0,,76,Auckland,Nil,0,0,0,1,0,0,Urban,0,0,0,Fine,Null
1827817,5867521,12030,,533901,0,0,0,1,0,North,2009/2010,SH 2,HAURAKI ROAD,,Non-Injury Crash,Yes,2009,0,East,0,0,1,Flat,0,,0,,0,Dark,1065300,0,0,0,2,0,0,0,0,0,,0,0,Waikato Region,Nil,2-way,Sealed,0,0,0,0,100,0,None,0,0,,12,Hauraki District,Unknown,0,0,0,0,0,0,Open,0,0,0,Fine,Null
1763814,5905018,12031,,524303,0,0,0,1,0,North,2009/2010,FERNDOWN AVENUE,PAH ROAD,,Non-Injury Crash,No,2009,0,North,0,0,0,Flat,0,,0,,0,Dark,746308,0,0,0,2,0,0,0,0,1,,0,0,Auckland Region,Nil,2-way,Sealed,0,0,0,0,50,0,On,0,0,,76,Auckland,Nil,0,0,0,0,0,0,Urban,1,0,0,Fine,Null
1759691,5916997,12032,,516001,0,,0,2,,Null,2009/2010,REMUERA ROAD,PORTLAND ROAD,,Non-Injury Crash,No,2009,,East,,0,,Flat,,,,,,Overcast,491500,0,0,0,4,,,0,,,,,,Auckland Region,Nil,2-way,Sealed,,0,0,,50,,Off,0,0,,76,Auckland,Give way,,,,,0,0,Urban,0,,,Heavy rain,Null
1790890,5842229,12033,,527402,0,0,0,2,0,North,2008/2009,ROSSER ST,KIMIHIA ROAD,,Non-Injury Crash,No,2009,0,South,0,0,0,Flat,0,,0,,0,Bright sun,942800,0,0,0,2,0,0,0,0,0,,0,0,Waikato Region,Nil,2-way,Sealed,0,0,0,0,70,0,Null,0,0,,13,Waikato District,Unknown,0,0,0,0,0,0,Urban,0,1,0,Fine,Null
1835998,5795301,12034,,535250,0,,0,3,,South,2008/2009,SH 1N,HORAHORA ROAD,,Non-Injury Crash,Yes,2009,,North,,0,,Flat,,,,,,Bright sun,1125200,0,0,0,2,,,0,,,,,,Waikato Region,Nil,2-way,Unsealed,,0,0,,100,,Null,0,0,30,19,South Waikato District,Stop,,,,,0,0,Open,0,,,Fine,Null
1770463,5904569,12035,,523820,0,,0,2,,Null,2008/2009,REDOUBT ROAD,MURPHYS ROAD,,Non-Injury Crash,No,2009,,East,,0,,Flat,,,,,,Overcast,760000,0,0,0,4,,,0,,,,,,Auckland Region,Nil,2-way,Sealed,,0,0,,60,,Null,0,0,,76,Auckland,Give way,,,,,0,0,Urban,0,,,Fine,Null
1755507,5920645,12036,,515202,0,,0,2,,Null,2009/2010,PONSONBY ROAD,COLLEGE HILL ROAD,,Non-Injury Crash,No,2009,,South,,0,,Flat,,,,,,Overcast,425300,0,0,0,2,,,0,,,,,,Auckland Region,Nil,1-way,Sealed,,0,0,,50,,Off,0,0,,76,Auckland,Nil,,,,,0,0,Urban,0,,,Fine,Null
1897455,5800827,12037,,536654,0,,0,0,,South,2009/2010,SH 33,ALLPORT ROAD,,Non-Injury Crash,Yes,2009,,North,,0,,Hill Road,,,,,,Dark,1212500,0,0,0,3,,,0,,,,,,Bay of Plenty Region,Nil,2-way,Sealed,,0,0,,100,,None,0,0,,22,Western Bay of Plenty District,Nil,,,,,1,0,Open,0,,,Heavy rain,Null
1752542,5918172,12038,,515002,0,,0,1,,Null,2009/2010,GREAT NORTH ROAD,HUIA ROAD,,Non-Injury Crash,No,2009,,East,,0,,Flat,,,,,,Dark,390701,0,0,0,2,,,0,,,,,,Auckland Region,Nil,2-way,Sealed,,0,0,,50,,On,1,0,,76,Auckland,Stop,,,,,0,0,Urban,0,,,Fine,Null
1790004,5840188,12039,,527401,0,,0,3,,East,2008/2009,TAINUI BRIDGE ROAD,HARRIS ST,,Non-Injury Crash,No,2009,,East,,0,,Flat,,,,,,Bright sun,945500,0,0,0,2,,,0,,,,,,Waikato Region,Bridge,2-way,Sealed,,0,0,,50,,Off,0,0,,13,Waikato District,Nil,,,,,0,0,Urban,0,,,Fine,Null
1882044,5779052,12040,,538602,0,0,0,1,0,Null,2009/2010,SH 5,HENDERSON ROAD,,Non-Injury Crash,Yes,2009,0,North,0,0,0,Flat,0,,0,,0,Dark,1247800,0,0,0,2,0,0,0,0,0,,0,0,Bay of Plenty Region,Nil,2-way,Sealed,0,0,0,0,80,0,On,0,0,,24,Rotorua District,Stop,0,1,0,0,0,0,Open,0,0,0,Fine,Null
1753981,5929363,12041,,508420,0,,0,2,,Null,2009/2010,WAIRAU ROAD,ELLICE ROAD,,Non-Injury Crash,No,2009,,South,,0,,Flat,,,,,,Overcast,183100,0,0,0,2,,,0,,,,,,Auckland Region,Nil,2-way,Sealed,,0,0,,50,,Null,0,0,,76,Auckland,Give way,,,,,0,0,Urban,0,,,Fine,Null
1767780,5903864,12042,,524602,0,,0,2,,Null,2008/2009,GREAT SOUTH ROAD,MANUKAU OFF NBD,,Non-Injury Crash,No,2009,,North,,0,,Flat,,Easter,,,,Overcast,780417,0,0,0,2,,,0,,,,,,Auckland Region,Nil,2-way,Sealed,,0,0,,50,,Null,0,0,,76,Auckland,Traffic Signals,,,,,0,0,Urban,0,,,Fine,Null
1757827,5918153,12043,,515700,0,,0,1,,South,2008/2009,SH 1N,KHYBER PASS OFF NBD,,Non-Injury Crash,Yes,2009,,North,,0,,Flat,,,,,,Overcast,443600,0,0,0,3,,,0,,,,,,Auckland Region,Nil,1-way,Sealed,,0,0,,80,,Null,1,0,,76,Auckland,Unknown,,,,,0,0,Open,0,,,Fine,Null
1865373,5546886,12044,,549800,0,,0,1,,North,2009/2010,SH 2,RUAHINE ST,,Non-Injury Crash,Yes,2009,,South,,0,,Flat,,,,,,Bright sun,1536400,0,0,0,2,,,0,,,,,,Manawatū-Whanganui Region,Nil,2-way,Sealed,,0,0,,100,,Null,0,0,,41,Tararua District,Nil,,,,,1,0,Open,0,,,Fine,Null
1762205,5437717,12045,,568402,0,,0,2,,Null,2008/2009,FAIRWAY DRIVE,TAITA DRIVE,,Non-Injury Crash,No,2009,,East,,0,,Flat,,,,,,Dark,1943102,0,0,0,2,,,0,,,,,,Wellington Region,Nil,2-way,Sealed,,0,0,,50,,On,0,0,,46,Lower Hutt City,Stop,,,,,0,0,Urban,0,,,Snow,Null
1749110,5426455,12046,,573101,0,,0,2,,North,2008/2009,SH 1N KENT TERRACE,ELLICE ST,,Non-Injury Crash,Yes,2009,,South,,0,,Flat,,,,,,Overcast,2137000,0,0,0,2,,,0,,,,,,Wellington Region,Nil,2-way,Sealed,,0,0,,50,,Null,0,0,,47,Wellington City,Give way,,,,,0,0,Urban,0,,,Light rain,Null
1768917,5905863,12047,,523712,0,,0,2,,Null,2008/2009,DAWSON ROAD,TE IRIRANGI DRIVE,,Non-Injury Crash,No,2009,,West,,0,,Flat,,,,,,Bright sun,713013,0,0,0,2,,,0,,,,,,Auckland Region,Nil,2-way,Sealed,,0,0,,50,,Off,0,0,,76,Auckland,Give way,,,,,0,0,Urban,0,,,Fine,Null
1759327,5919539,12048,,515902,0,0,0,3,0,Null,2008/2009,ST STEPHENS AVENUE,GLADSTONE ROAD,,Non-Injury Crash,No,2009,0,West,0,0,0,Hill Road,0,Queens Birthday,0,,0,Dark,454700,0,0,0,2,0,0,0,0,2,,0,0,Auckland Region,Nil,2-way,Sealed,0,0,0,0,50,0,On,0,0,,76,Auckland,Give way,0,0,0,0,0,0,Urban,0,0,0,Fine,Null
1761900,5903397,12049,80,524604,0,0,0,1,0,West,2009/2010,PUHINUI ROAD,ORRS ROAD,,Non-Injury Crash,No,2009,0,West,0,0,1,Flat,0,,0,,0,Bright sun,781100,0,0,0,2,0,0,0,0,0,,0,1,Auckland Region,Nil,2-way,Sealed,0,0,0,0,100,0,Off,0,0,,76,Auckland,Nil,0,0,0,0,0,0,Open,0,0,0,Fine,Null
1757389,5920420,12050,,514102,0,,0,2,,Null,2008/2009,QUEEN ST,VICTORIA ST WEST,,Non-Injury Crash,No,2009,,North,,0,,Flat,,,,,,Dark,433600,0,0,0,2,,,0,,,,,,Auckland Region,Nil,2-way,Sealed,,0,0,,30,,On,0,0,,76,Auckland,Traffic Signals,,,,,0,0,Urban,0,,,Fine,Null
1801343,5814975,12051,,529700,0,0,0,2,0,East,2008/2009,GRANTHAM ST,VICTORIA ST,,Non-Injury Crash,No,2009,0,East,0,0,0,Hill Road,1,,0,,0,Dark,912000,0,0,0,2,0,0,0,0,1,,0,0,Waikato Region,Nil,2-way,Sealed,0,0,0,0,50,0,On,0,0,,16,Hamilton City,Unknown,0,0,0,0,0,0,Urban,0,0,0,Fine,Null
1794214,5499540,12052,,564231,0,,0,0,,South,2008/2009,FREYBERG ST,MEADOWVALE DRIVE,,Non-Injury Crash,No,2009,,East,,0,,Flat,,,,,,Bright sun,1868200,0,0,0,2,,,0,,,,,,Manawatū-Whanganui Region,Nil,2-way,Sealed,,0,0,,50,,Null,0,0,,42,Horowhenua District,Nil,,,,,0,0,Urban,2,,,Fine,Null
1936909,5621974,12053,,546802,0,0,0,2,0,East,2009/2010,CLYDE ROAD,GLADSTONE ROAD,,Non-Injury Crash,No,2009,0,East,0,0,0,Hill Road,0,,0,,0,Bright sun,1422700,0,0,0,2,0,0,0,0,1,,0,0,Hawke's Bay Region,Nil,2-way,Sealed,0,0,0,0,50,0,Null,0,0,,31,Napier City,Nil,0,0,0,0,0,0,Urban,0,0,0,Fine,Null
1757325,5919927,12054,,514103,0,,0,2,,West,2008/2009,MAYORAL DRIVE,WAKEFIELD ST,,Non-Injury Crash,No,2009,,East,,0,,Flat,,,,,,Dark,436600,0,0,0,4,,,0,,,,,,Auckland Region,Nil,2-way,Sealed,,0,0,,50,,On,0,0,,76,Auckland,Traffic Signals,,,,,0,0,Urban,0,,,Fine,Null
1765092,5905952,12055,,522202,0,,0,2,,Null,2009/2010,KOLMAR ROAD,GLEN AVENUE,,Non-Injury Crash,No,2009,,South,,0,,Flat,,,,,,Overcast,664100,0,0,0,2,,,0,,,,,,Auckland Region,Nil,2-way,Sealed,,0,0,,50,,Off,0,0,,76,Auckland,Give way,,,,,0,0,Urban,0,,,Fine,Null
1758828,5908335,12056,,524002,0,0,0,2,0,Null,2008/2009,MOUNTAIN ROAD,LILI CHEN WAY,,Non-Injury Crash,No,2009,0,South,0,0,0,Flat,0,,0,,0,Overcast,725601,0,0,0,2,0,0,0,0,1,,0,0,Auckland Region,Nil,2-way,Sealed,0,0,0,0,50,0,Off,0,0,,76,Auckland,Give way,0,0,0,0,0,0,Urban,0,0,0,Light rain,Null
1754987,5920894,12057,,515201,0,,0,1,,West,2009/2010,JERVOIS ROAD,ISLINGTON ST,,Non-Injury Crash,No,2009,,West,,0,,Flat,,,,,,Bright sun,424100,0,0,0,4,,,0,,,,,,Auckland Region,Nil,2-way,Sealed,,0,0,,50,,Off,1,0,,76,Auckland,Nil,,,,,0,0,Urban,0,,,Fine,Null