X,Y,OBJECTID,advisorySpeed,areaUnitID,bicycle,bridge,bus,carStationWagon,cliffBank,crashDirectionDescription,crashFinancialYear,crashLocation1,crashLocation2,crashRoadSideRoad,crashSeverity,crashSHDescription,crashYear,debris,directionRoleDescription,ditch,fatalCount,fence,flatHill,guardRail,holiday,houseOrBuilding,intersection,kerb,light,meshblockId,minorInjuryCount,moped,motorcycle,NumberOfLanes,objectThrownOrDropped,otherObject,otherVehicleType,overBank,parkedVehicle,pedestrian,phoneBoxEtc,postOrPole,region,roadCharacter,roadLane,roadSurface,roadworks,schoolBus,seriousInjuryCount,slipOrFlood,speedLimit,strayAnimal,streetLight,suv,taxi,temporarySpeedLimit,tlaId,tlaName,trafficControl,trafficIsland,trafficSign,train,tree,truck,unknownVehicleType,urban,vanOrUtility,vehicle,waterRiver,weatherA,weatherB
1768554,5901243,12058,,525001,0,,0,1,,Null,2008/2009,NORTHCREST WAY,GREAT SOUTH ROAD,,Non-Injury Crash,No,2009,,East,,0,,Flat,,,,,,Bright sun,751500,0,0,0,2,,,0,,,,,,Auckland Region,Nil,1-way,Sealed,,0,0,,50,,Off,1,0,,76,Auckland,Stop,,,,,0,0,Urban,0,,,Fine,Null
1831393,5929232,12059,,533200,0,,0,0,,East,2008/2009,SH 25,QUARRY ROAD,,Non-Injury Crash,Yes,2009,,West,,0,,Flat,,,,,,Bright sun,1045103,0,0,0,2,,,0,,,,,,Waikato Region,Nil,2-way,Unsealed,,0,0,,100,,None,1,0,30,11,Thames-Coromandel District,Nil,,,,,0,0,Open,0,,,Fine,Null
2036921,5708703,12060,,544600,0,0,0,1,0,West,2009/2010,GLADSTONE ROAD,COBDEN ST,,Non-Injury Crash,No,2009,0,East,0,0,0,Flat,0,,0,,0,Overcast,1373900,0,0,0,2,0,0,0,0,1,,0,0,Gisborne Region,Nil,2-way,Sealed,0,0,0,0,50,0,Null,0,0,,28,Gisborne District,Nil,0,0,0,0,0,0,Urban,1,0,0,Fine,Null
1757059,5919536,12061,,514102,0,0,0,2,0,North,2009/2010,QUEEN ST,KARANGAHAPE ROAD,,Non-Injury Crash,No,2009,0,North,0,0,0,Hill Road,0,,0,,0,Bright sun,435802,0,0,0,4,0,0,0,0,0,,0,0,Auckland Region,Nil,2-way,Sealed,0,0,0,0,50,0,Off,0,0,,76,Auckland,Nil,0,0,0,0,0,0,Urban,0,1,0,Fine,Null
1777842,5915801,12062,,523300,0,0,0,1,0,East,2009/2010,KARAKA ROAD,SUNKIST BAY ROAD,,Non-Injury Crash,No,2009,0,West,0,0,0,Flat,0,,0,,0,Dark,718800,0,0,0,2,0,0,0,0,1,,0,0,Auckland Region,Nil,2-way,Sealed,0,0,0,0,50,0,On,1,0,,76,Auckland,Nil,0,0,0,0,0,0,Urban,0,0,0,Fine,Null
1769910,5899366,12063,,523911,0,,0,2,,Null,2008/2009,GREAT SOUTH ROAD,SPARTAN ROAD,,Non-Injury Crash,No,2009,,West,,0,,Flat,,,,,,Dark,766500,0,0,0,4,,,0,,,,,,Auckland Region,Nil,2-way,Sealed,,0,0,,50,,On,0,0,,76,Auckland,Stop,,,,,0,0,Urban,0,,,Fine,Null
1759659,5908699,12064,,524121,0,,0,1,,Null,2009/2010,WALMSLEY ROAD,HALL AVENUE,,Non-Injury Crash,No,2009,,West,,0,,Flat,,,,,,Bright sun,737000,0,0,0,2,,,0,,,,,,Auckland Region,Nil,2-way,Sealed,,0,0,,50,,Null,1,0,30,76,Auckland,Give way,,,,,0,0,Urban,0,,,Fine,Null
1789118,5754996,12065,,532000,0,0,0,2,0,North,2008/2009,RORA ST,KING ST,,Non-Injury Crash,No,2009,0,South,0,0,0,Flat,0,,0,,0,Overcast,1007400,0,0,0,2,0,0,0,0,1,,0,0,Waikato Region,Nil,2-way,Sealed,0,0,0,0,50,0,Off,0,0,,20,Waitomo District,Nil,0,0,0,0,0,0,Urban,0,0,0,Fine,Null
1718763,6045181,12066,,503000,0,,0,1,,Null,2008/2009,MAUNU ROAD,COOKE ST,,Non-Injury Crash,No,2009,,East,,0,,Flat,,,,,,Dark,98900,0,0,1,2,,,0,,,,,,Northland Region,Nil,2-way,Sealed,,0,0,,50,,On,0,0,,2,Whangarei District,Nil,,,,,0,0,Urban,0,,,Light rain,Null
1768670,5902033,12067,,524901,0,0,0,1,0,Null,2008/2009,GRANDE VUE DRIVE,SCENIC DRIVE,,Non-Injury Crash,No,2009,0,North,0,0,0,Flat,0,,0,,0,Bright sun,754900,0,0,0,2,0,0,0,0,1,,0,0,Auckland Region,Nil,2-way,Sealed,0,0,0,0,50,0,Null,0,0,,76,Auckland,Give way,0,0,0,0,0,0,Urban,1,0,0,Fine,Null
1749778,5424932,12068,,576903,0,,0,2,,Null,2008/2009,CRAWFORD ROAD,WELLINGTON ROAD,,Non-Injury Crash,No,2009,,North,,0,,Hill Road,,,,,,Dark,2180500,0,0,0,2,,,0,,,,,,Wellington Region,Nil,2-way,Sealed,,0,0,,50,,On,0,0,,47,Wellington City,Give way,,,,,0,0,Urban,0,,,Light rain,Null
1746236,5914018,12069,,511001,0,,0,2,,Null,2008/2009,WEST COAST ROAD,ROSIER ROAD,,Non-Injury Crash,No,2009,,West,,0,,Flat,,,,,,Dark,282701,0,0,0,4,,,0,,,,,,Auckland Region,Nil,2-way,Sealed,,0,0,,50,,On,0,0,,76,Auckland,Traffic Signals,,,,,0,0,Urban,0,,,Heavy rain,Null
1877290,5821594,12070,,538102,0,,0,2,,South,2009/2010,CAMERON ROAD,TWENTYFIRST AVENUE,,Non-Injury Crash,No,2009,,South,,0,,Flat,,,,,,Bright sun,1170002,0,0,0,2,,,0,,,,,,Bay of Plenty Region,Nil,2-way,Sealed,,0,0,,50,,Null,0,0,,23,Tauranga City,Traffic Signals,,,,,0,0,Urban,0,,,Fine,Null
1770507,5915437,12071,,522712,0,0,0,1,0,South,2008/2009,MARENDELLAS DRIVE,GILLS ROAD,,Non-Injury Crash,No,2009,0,South,0,0,0,Hill Road,0,,0,,1,Dark,681103,0,0,0,2,0,0,0,0,0,,0,0,Auckland Region,Nil,2-way,Sealed,0,0,0,0,50,0,On,0,0,,76,Auckland,Nil,0,0,0,1,0,0,Urban,0,0,0,Light rain,Null
1899586,5810353,12072,,536651,0,0,0,0,0,Null,2008/2009,SH 2,SH 33,,Non-Injury Crash,Yes,2009,0,South,0,0,1,Flat,0,,0,,0,Overcast,1211000,0,0,0,2,0,0,0,0,0,,0,0,Bay of Plenty Region,Nil,2-way,Sealed,0,0,0,0,100,0,Null,1,0,,22,Western Bay of Plenty District,Give way,0,0,0,0,0,0,Open,0,0,0,Light rain,Null
1756339,5944466,12073,,505902,0,,0,2,,Null,2009/2010,STANMORE BAY ROAD,LAYTON ROAD,,Non-Injury Crash,No,2009,,South,,0,,Hill Road,,,,,,Bright sun,174215,0,0,0,2,,,0,,,,,,Auckland Region,Nil,2-way,Sealed,,0,0,,50,,Null,0,0,,76,Auckland,Stop,,,,,0,0,Urban,0,,,Fine,Null
1561657,5178679,12074,,587500,0,,0,1,,South,2008/2009,SHANDS ROAD,MAIN SOUTH ROAD,,Minor Crash,No,2009,,North,,0,,Flat,,,,,,Overcast,2489600,1,0,0,5,,,0,,,,,,Canterbury Region,Nil,2-way,Sealed,,0,0,,50,,On,0,0,,60,Christchurch City,Unknown,,,,,0,0,Urban,1,,,Fine,Null
1749466,5911491,12075,,512100,0,0,0,3,0,East,2009/2010,GODLEY ROAD,LEX AVENUE,,Non-Injury Crash,No,2009,0,North,0,0,0,Flat,0,,0,,0,Dark,290100,0,0,0,2,0,0,0,0,2,,0,0,Auckland Region,Nil,2-way,Sealed,0,0,0,0,50,0,On,0,0,,76,Auckland,Nil,0,0,0,0,0,0,Urban,0,0,0,Light rain,Null
1844167,5855252,12076,,534200,0,,0,1,,West,2009/2010,SH 2,WAITAWHETA ROAD,,Non-Injury Crash,Yes,2009,,East,,0,,Flat,,,,,,Bright sun,1084800,0,0,0,2,,,0,,,,,,Waikato Region,Nil,2-way,Sealed,,0,0,,80,,None,1,0,,12,Hauraki District,Nil,,,,,0,0,Open,0,,,Fine,Null
1760599,5915572,12077,,520201,0,,0,3,,North,2009/2010,SH 1N,TE COMA OFF SBD,,Non-Injury Crash,Yes,2009,,South,,0,,Flat,,,,,,Dark,613000,0,0,0,3,,,0,,,,,,Auckland Region,Nil,1-way,Sealed,,0,0,,100,,On,0,0,,76,Auckland,Nil,,,,,0,0,Open,1,,,Fine,Null
1727651,6009560,12078,,501815,0,,0,0,,South,2009/2010,SH 1N,WAIPU GORGE ROAD,,Non-Injury Crash,Yes,2009,,South,,0,,Hill Road,,,,,,Bright sun,81300,0,0,0,3,,,0,,,,,,Northland Region,Nil,2-way,Sealed,,0,0,,100,,None,0,0,,2,Whangarei District,Nil,,,,,1,0,Open,0,,,Fine,Null
1825691,5887011,12079,,533501,0,0,0,1,0,North,2009/2010,POLLEN ST,PAHAU ST,,Non-Injury Crash,No,2009,0,South,0,0,0,Flat,0,,0,,0,Overcast,1050300,0,0,0,2,0,0,0,0,1,,0,0,Waikato Region,Nil,2-way,Sealed,0,0,0,0,50,0,Null,0,0,,11,Thames-Coromandel District,Unknown,0,0,0,0,0,0,Urban,1,0,0,Fine,Null
1759402,5812315,12080,,526602,0,,0,1,,East,2008/2009,WAINUI ROAD,MANU BAY ROAD,,Non-Injury Crash,No,2009,,East,,0,,Hill Road,,,,,,Bright sun,861504,0,0,0,2,,,0,,,,,,Waikato Region,Nil,2-way,Sealed,,0,0,,100,,Null,1,0,,13,Waikato District,Unknown,,,,,0,0,Open,0,,,Fine,Null
1761029,5907354,12081,,524520,0,,0,2,,East,2008/2009,BUCKLAND ROAD,BADER DRIVE,,Non-Injury Crash,No,2009,,East,,0,,Flat,,,,,,Bright sun,735500,0,0,0,2,,,0,,,,,,Auckland Region,Nil,2-way,Sealed,,0,0,,50,,Null,0,0,,76,Auckland,Unknown,,,,,0,0,Urban,0,,,Fine,Frost
1774146,5896529,12082,,525620,0,,0,2,,Null,2008/2009,KELVIN ROAD,SHEEHAN AVENUE,,Non-Injury Crash,No,2009,,South,,0,,Flat,,,,,,Overcast,798200,0,0,0,2,,,0,,,,,,Auckland Region,Nil,2-way,Sealed,,0,0,,50,,Null,0,0,,76,Auckland,Give way,,,,,0,0,Urban,0,,,Fine,Null
1760520,5916211,12083,,516003,0,,0,2,,Null,2009/2010,GREEN LANE EAST,ASCOT AVENUE E,,Non-Injury Crash,No,2009,,East,,0,,Flat,,,,,,Overcast,494902,0,0,0,4,,,0,,,,,,Auckland Region,Nil,2-way,Sealed,,0,0,,50,,Off,0,0,,76,Auckland,Traffic Signals,,,,,0,0,Urban,0,,,Fine,Null
1791714,5501720,12084,,564210,0,0,0,1,0,West,2008/2009,QUEEN ST WEST,LAKEWOOD GROVE,,Non-Injury Crash,No,2009,0,South,0,0,1,Flat,0,,0,,0,Overcast,1871005,0,0,0,2,0,0,0,0,0,,0,0,Manawatū-Whanganui Region,Nil,2-way,Sealed,0,0,0,0,50,0,Null,0,0,,42,Horowhenua District,Nil,0,0,0,0,0,0,Urban,0,0,0,Fine,Null
1745306,5919772,12085,,513301,0,,0,2,,North,2008/2009,LINCOLN ROAD,UNIVERSAL DRIVE,,Non-Injury Crash,No,2009,,South,,0,,Flat,,,,,,Overcast,232001,0,0,0,5,,,0,,,,,,Auckland Region,Nil,2-way,Sealed,,0,0,,50,,Null,0,0,,76,Auckland,Nil,,,,,0,0,Urban,0,,,Fine,Null
1760234,5907775,12086,,524403,0,0,0,1,0,North,2009/2010,SH 20A,SH 20,,Non-Injury Crash,Yes,2009,0,South,0,0,0,Flat,1,,0,,0,Dark,731105,0,0,0,2,0,0,0,0,0,,0,0,Auckland Region,Nil,1-way,Sealed,0,0,0,0,100,0,On,0,0,,76,Auckland,Nil,0,0,0,0,0,0,Open,0,0,0,Fine,Null
1754412,5945876,12087,,505907,0,0,0,1,0,Null,2009/2010,VIPOND ROAD,DOYLY DRIVE,,Non-Injury Crash,No,2009,0,East,0,0,1,Flat,0,,0,,1,Dark,173404,0,0,0,2,0,0,0,0,0,,0,0,Auckland Region,Nil,2-way,Sealed,0,0,0,0,50,0,On,0,0,,76,Auckland,Give way,0,0,0,0,0,0,Urban,0,0,0,Fine,Null
1746827,5918186,12088,,512402,0,,0,2,,East,2008/2009,TIROROA AVENUE,TE ATATU ROAD,,Non-Injury Crash,No,2009,,West,,0,,Hill Road,,Easter,,,,Bright sun,256500,0,0,0,2,,,0,,,,,,Auckland Region,Nil,2-way,Sealed,,0,0,,50,,Null,0,0,,76,Auckland,Nil,,,,,0,0,Urban,0,,,Fine,Null
1756933,5920009,12089,,514102,0,0,0,2,0,East,2008/2009,VINCENT ST,PITT ST,,Non-Injury Crash,No,2009,0,East,0,0,0,Flat,0,,0,,0,Dark,434902,0,0,0,3,0,0,0,0,1,,0,0,Auckland Region,Nil,2-way,Sealed,0,0,0,0,50,0,On,0,0,,76,Auckland,Unknown,0,0,0,0,0,0,Urban,0,0,0,Fine,Null
1406352,4914769,12090,,604410,0,,0,2,,Null,2009/2010,ANDERSONS BAY ROAD,MCBRIDE ST,,Minor Crash,No,2009,,North,,0,,Flat,,,,,,Dark,2931300,2,0,0,4,,,0,,,,,,Otago Region,Nil,2-way,Sealed,,0,0,,50,,On,0,0,,71,Dunedin City,Give way,,,,,0,0,Urban,0,,,Fine,Null
1756593,5920535,12091,,514102,0,,0,1,,Null,2008/2009,HALSEY ST,WELLESLEY ST,,Non-Injury Crash,No,2009,,West,,0,,Flat,,,,,,Bright sun,432601,0,0,0,3,,,0,,,,,,Auckland Region,Nil,2-way,Sealed,,0,0,,50,,Null,1,0,,76,Auckland,Traffic Signals,,,,,0,0,Urban,0,,,Fine,Null
1750279,5424388,12092,,576901,0,,0,0,,East,2008/2009,RONGOTAI ROAD,BAY ROAD,,Non-Injury Crash,No,2009,,West,,0,,Flat,,,,,,Overcast,2178000,0,0,0,2,,,0,,,,,,Wellington Region,Nil,2-way,Sealed,,0,0,,50,,Null,0,0,,47,Wellington City,Nil,,,,,1,0,Urban,1,,,Fine,Null
1839867,5910147,12093,,533200,0,,0,2,,Null,2008/2009,SH 25,WAIWAWA RIV BR,,Non-Injury Crash,Yes,2009,,North,,0,,Flat,,,,,,Bright sun,1047701,0,0,0,1,,,0,,,,,,Waikato Region,Bridge,2-way,Sealed,,0,0,,100,,Null,0,0,,11,Thames-Coromandel District,Give way,,,,,0,0,Open,0,,,Fine,Null
1759443,5433564,12094,,568900,0,,0,1,,West,2009/2010,WAIONE ST,PORT ROAD,,Non-Injury Crash,No,2009,,West,,0,,Flat,,,,,,Overcast,1962500,0,0,0,2,,,0,,,,,,Wellington Region,Nil,2-way,Sealed,,0,0,,50,,Null,0,0,,46,Lower Hutt City,Nil,,,,,1,0,Urban,0,,,Light rain,Null
1894503,5812148,12095,,536653,0,,0,2,,Null,2008/2009,TE PUKE HIGHWAY,TE MATAI ROAD,,Non-Injury Crash,No,2009,,East,,0,,Hill Road,,,,,,Dark,1210000,0,0,0,3,,,0,,,,,,Bay of Plenty Region,Nil,2-way,Sealed,,0,0,,100,,On,0,0,,22,Western Bay of Plenty District,Stop,,,,,0,0,Open,0,,,Light rain,Null
1742392,5920047,12096,,513621,0,0,0,1,0,North,2009/2010,BIRDWOOD ROAD,GLEN ROAD,,Non-Injury Crash,No,2009,0,West,0,0,1,Flat,0,,0,,0,Overcast,226901,0,0,0,2,0,0,0,0,0,,0,1,Auckland Region,Nil,2-way,Sealed,0,0,0,0,50,0,Null,0,0,,76,Auckland,Unknown,0,0,0,0,0,0,Urban,0,0,0,Light rain,Null
1801273,5812965,12097,,530400,0,,0,2,,Null,2009/2010,SH3 ON RAMP,BADER ST,,Non-Injury Crash,Yes,2009,,South,,0,,Flat,,,,,,Bright sun,923600,0,0,0,4,,,0,,,,,,Waikato Region,Nil,2-way,Sealed,,0,0,,60,,Off,0,0,,16,Hamilton City,Stop,,,,,0,0,Urban,0,,,Fine,Null
1756084,5919370,12098,,515420,0,0,0,1,1,Null,2008/2009,PONSONBY ROAD,HOPETOUN ST,,Non-Injury Crash,No,2009,0,West,0,0,0,Flat,0,,0,,0,Dark,411600,0,0,0,2,0,0,0,0,0,,1,0,Auckland Region,Nil,2-way,Sealed,0,0,0,0,50,0,On,0,0,,76,Auckland,Traffic Signals,0,0,0,0,0,0,Urban,0,0,0,Light rain,Null
1754018,5931469,12099,,508807,0,0,0,0,0,North,2008/2009,SH 1N,CONSTELLATION OBR,,Non-Injury Crash,Yes,2009,0,North,0,0,0,Flat,1,,0,,0,Overcast,180810,0,0,0,2,0,0,0,0,0,,0,0,Auckland Region,Nil,2-way,Sealed,0,0,0,0,100,0,None,1,0,,76,Auckland,Nil,0,0,0,0,0,0,Open,0,0,0,Light rain,Null
1843353,5808768,12100,,535220,0,0,0,1,0,North,2009/2010,HINUERA ROAD,PUKETUTU ROAD,,Non-Injury Crash,No,2009,0,South,0,0,1,Flat,0,,0,,0,Overcast,1117800,0,0,0,2,0,0,0,0,0,,0,0,Waikato Region,Nil,2-way,Sealed,0,0,0,0,100,0,None,0,0,,15,Matamata-Piako District,Nil,0,0,0,0,0,0,Open,0,0,0,Light rain,Null
1753262,5933079,12101,,508701,0,,0,2,,Null,2009/2010,ALBANY EXPRESSWAY,GREVILLE ROAD,,Non-Injury Crash,No,2009,,South,,0,,Flat,,,,,,Overcast,178900,0,0,0,2,,,0,,,,,,Auckland Region,Nil,2-way,Sealed,,0,0,,50,,Off,0,0,,76,Auckland,Give way,,,,,0,0,Urban,0,,,Fine,Null
1822208,5463617,12102,,578700,0,,0,2,,Null,2008/2009,COLLEGE ST,BENNINGTON ST,,Non-Injury Crash,No,2009,,West,,0,,Flat,,,,,,Overcast,2235700,0,0,0,2,,,0,,,,,,Wellington Region,Nil,2-way,Sealed,,0,0,,50,,Null,0,0,,48,Masterton District,Nil,,,,,0,0,Urban,0,,,Fine,Null
1755867,5926844,12103,,508620,0,0,0,2,0,West,2009/2010,EVELYN PLACE,SUNNYBRAE ROAD,,Non-Injury Crash,No,2009,0,East,0,0,0,Flat,0,,0,,0,Dark,204701,0,0,0,1,0,0,0,0,1,,0,0,Auckland Region,Nil,2-way,Sealed,0,0,0,0,50,0,On,0,0,,76,Auckland,Give way,0,0,0,0,0,0,Urban,0,0,0,Heavy rain,Null
1751078,5925573,12104,,510020,0,0,0,1,0,East,2008/2009,GEMINI PLACE,RANGATIRA ROAD,,Non-Injury Crash,No,2009,0,East,0,0,0,Hill Road,0,Queens Birthday,0,,0,Dark,345800,0,0,0,2,0,0,0,0,0,,0,1,Auckland Region,Nil,2-way,Sealed,0,0,0,0,50,0,On,0,0,,76,Auckland,Nil,0,0,0,0,0,0,Urban,0,0,0,Fine,Null
1755531,5920274,12105,,515302,0,,0,2,,South,2008/2009,PONSONBY ROAD,TOLE ST,,Non-Injury Crash,No,2009,,North,,0,,Flat,,,,,,Bright sun,430400,0,0,0,4,,,0,,,,,,Auckland Region,Nil,2-way,Sealed,,0,0,,50,,Null,0,0,,76,Auckland,Nil,,,,,0,0,Urban,0,,,Fine,Null
1802625,5817310,12106,,530000,0,,0,1,,West,2009/2010,FIFTH AVENUE,TRAMWAY ROAD,,Non-Injury Crash,No,2009,,East,,0,,Flat,,,,,,Overcast,867300,0,0,0,2,,,0,,,,,,Waikato Region,Nil,2-way,Sealed,,0,0,,50,,Null,0,0,,16,Hamilton City,Unknown,,,,,0,0,Urban,1,,,Light rain,Null
1420030,4951530,12107,,601603,0,0,0,1,0,North,2009/2010,SH 1S,HAWKSBURY BUSH ROAD,,Minor Crash,Yes,2009,0,North,0,0,1,Flat,0,,0,,0,Overcast,2856501,1,0,0,4,0,0,0,0,0,,0,0,Otago Region,Nil,2-way,Sealed,0,0,0,0,100,0,Null,0,0,,71,Dunedin City,Unknown,0,0,0,0,1,0,Open,0,0,0,Light rain,Null
1801117,5816699,12108,,529900,0,,0,1,,East,2009/2010,BOUNDARY ROAD,MARNE ST,,Non-Injury Crash,No,2009,,East,,0,,Flat,,,,,,Dark,863600,0,0,0,4,,,0,,,,,,Waikato Region,Bridge,2-way,Sealed,,0,0,,60,,On,0,0,,16,Hamilton City,Unknown,,,,,0,0,Urban,1,,,Heavy rain,Null
1568988,5185499,12109,,588102,1,,0,1,,North,2008/2009,SH 74,QUEEN ELIZABETH II DRIVE,,Serious Crash,Yes,2009,,South,,0,,Flat,,,,,,Bright sun,2508200,0,0,0,4,,,0,,,,,,Canterbury Region,Nil,2-way,Sealed,,0,1,,60,,Null,0,0,,60,Christchurch City,Nil,,,,,0,0,Urban,0,,,Fine,Null
1620247,5427406,12110,,583700,0,0,0,3,0,Null,2008/2009,MAIN ROAD STOKE,ANNESBROOK DRIVE,,Non-Injury Crash,No,2009,0,North,0,0,0,Flat,0,,0,,0,Bright sun,2337800,0,0,0,4,0,0,0,0,0,,0,0,Nelson Region,Nil,2-way,Sealed,0,0,0,0,50,0,Null,0,0,,52,Nelson City,Give way,1,0,0,0,0,0,Urban,0,0,0,Fine,Null
1822909,5799644,12111,,535241,0,0,0,1,1,North,2009/2010,MAUNGATAUTARI ROAD,ARIKI ST,,Non-Injury Crash,No,2009,0,South,0,0,0,Flat,0,,0,,0,Bright sun,1123300,0,0,0,2,0,0,0,0,0,,0,0,Waikato Region,Nil,2-way,Sealed,0,0,0,0,100,0,Null,0,0,,17,Waipa District,Unknown,0,0,0,0,0,0,Open,0,0,0,Fine,Null
1817059,5803341,12112,,527503,0,0,0,0,0,North,2008/2009,SH 1N,ANZAC ST,,Non-Injury Crash,Yes,2009,0,North,0,0,0,Flat,0,,0,,0,Overcast,962602,0,0,0,2,1,0,0,0,0,,0,0,Waikato Region,Nil,2-way,Sealed,0,0,0,0,100,0,Off,0,0,,17,Waipa District,Nil,0,0,0,0,0,0,Open,1,0,0,Fine,Null
1756042,5923795,12113,,509800,0,0,0,1,0,South,2009/2010,STAFFORD OFF NBD,STAFFORD ROAD,,Non-Injury Crash,Yes,2009,0,South,0,0,0,Flat,0,,0,,0,Overcast,358800,0,0,0,1,0,0,0,0,1,,0,0,Auckland Region,Nil,2-way,Sealed,0,0,0,0,50,0,Off,0,0,,76,Auckland,Nil,0,0,0,0,0,0,Urban,1,0,0,Fine,Null
1756526,5920001,12114,,514000,0,,0,2,,West,2008/2009,WELLINGTON ST,UNION ST,,Non-Injury Crash,No,2009,,West,,0,,Flat,,,,,,Overcast,417400,0,0,0,2,,,0,,,,,,Auckland Region,Nil,1-way,Sealed,,0,0,,50,,Off,0,0,,76,Auckland,Nil,,,,,0,0,Urban,0,,,Fine,Null
1753903,5931679,12115,,508805,0,,0,1,,South,2008/2009,SH 1N,UPPER HWY OFF SBD,,Non-Injury Crash,Yes,2009,,South,,0,,Hill Road,,,,,,Overcast,180813,0,0,0,2,,,0,,,,,,Auckland Region,Nil,1-way,Sealed,,0,0,,100,,Null,1,0,,76,Auckland,Unknown,,,,,0,0,Open,0,,,Fine,Null
1770290,5898145,12116,,523920,0,,0,2,,South,2009/2010,SH 1N,TAKANINI ON SBD,,Non-Injury Crash,Yes,2009,,South,,0,,Flat,,,,,,Bright sun,768003,0,0,0,2,,,0,,,,,,Auckland Region,Nil,1-way,Sealed,,0,0,,100,,Off,0,0,,76,Auckland,Nil,,,,,0,0,Open,0,,,Fine,Null
1801247,5813902,12117,,529100,0,,0,1,,North,2008/2009,COBHAM DRIVE,SH 1N,,Non-Injury Crash,No,2009,,South,,0,,Flat,,,,,,Dark,932200,0,0,0,2,,,0,,,,,,Waikato Region,Nil,1-way,Sealed,,0,0,,80,,On,0,0,,16,Hamilton City,Unknown,,,,,0,0,Open,0,,,Fine,Null
1823869,5463430,12118,,578600,0,,0,2,,Null,2008/2009,SH 2,PERRY ST,,Non-Injury Crash,Yes,2009,,South,,0,,Flat,,,,,,Overcast,2244100,0,0,0,2,,,0,,,,,,Wellington Region,Nil,2-way,Sealed,,0,0,,50,,Null,0,0,,48,Masterton District,Give way,,,,,0,0,Urban,0,,,Light rain,Null
1758318,5911817,12119,,519810,0,,0,1,,North,2009/2010,SH 20,ONEHUNGA OFF SBD,,Non-Injury Crash,Yes,2009,,South,,0,,Flat,,,,,,Bright sun,602501,0,0,0,2,,,0,,,,,,Auckland Region,Nil,1-way,Sealed,,0,0,,100,,Off,0,0,80,76,Auckland,Nil,,,,,0,0,Open,1,,,Mist or Fog,Null
1931097,5783768,12120,,542540,0,,0,2,,North,2008/2009,SH 34 MILITARY,SH 30,,Non-Injury Crash,Yes,2009,,South,,0,,Flat,,,,,,Bright sun,1323701,0,0,0,2,,,0,,,,,,Bay of Plenty Region,Nil,2-way,Sealed,,0,0,,100,,Off,0,0,,25,Whakatane District,Nil,,,,,0,0,Open,0,,,Fine,Null
1756550,5914920,12121,,518302,0,,0,1,,Null,2009/2010,LANDSCAPE ROAD,MOUNT EDEN ROAD,,Non-Injury Crash,No,2009,,East,,0,,Flat,,,,,,Bright sun,558600,0,0,0,2,,,0,,,,,,Auckland Region,Nil,2-way,Sealed,,0,0,,50,,Off,1,0,,76,Auckland,Stop,,,,,0,0,Urban,0,,,Fine,Null
1792715,5820544,12122,65,528405,0,0,0,1,0,East,2009/2010,SH 39,LIMMER ROAD,,Non-Injury Crash,Yes,2009,0,East,1,0,0,Flat,0,,0,,0,Dark,977100,0,0,0,2,0,0,0,0,0,,0,0,Waikato Region,Nil,2-way,Sealed,0,0,0,0,100,0,None,0,0,,16,Hamilton City,Unknown,0,0,0,0,0,0,Open,0,0,0,Fine,Null
1718397,6042717,12123,,503800,0,,0,1,,Null,2008/2009,SH 1N,REWA REWA ROAD,,Non-Injury Crash,Yes,2009,,North,,0,,Flat,,,,,,Bright sun,107905,0,0,0,2,,,0,,,,,,Northland Region,Nil,2-way,Sealed,,0,0,,50,,Off,0,0,,2,Whangarei District,Traffic Signals,,,,,1,0,Urban,0,,,Fine,Null
1769282,5901674,12124,,524901,0,0,0,1,0,West,2009/2010,HILL ROAD,HILLCREST GROVE,,Non-Injury Crash,No,2009,0,East,0,0,0,Flat,0,,0,,0,Dark,756000,0,0,0,2,0,0,0,0,0,,0,1,Auckland Region,Nil,2-way,Sealed,0,0,0,0,50,0,On,0,0,,76,Auckland,Nil,0,0,0,0,0,0,Urban,0,0,0,Fine,Null
1437584,5015370,12125,,600826,0,,0,1,,East,2009/2010,HORSE GULLY ROAD,COAL PIT ROAD,,Serious Crash,No,2009,,East,,0,,Hill Road,,,,,,Bright sun,2827501,0,0,0,2,,,0,,,,,,Otago Region,Nil,2-way,Sealed,,0,1,,100,,Null,0,0,,68,Waitaki District,Unknown,,,,,0,0,Open,0,,,Fine,Null
1879411,5824461,12126,,538201,0,,0,2,,East,2008/2009,GREY ST,SPRING ST,,Non-Injury Crash,No,2009,,North,,0,,Flat,,,,,,Bright sun,1164900,0,0,0,2,,,0,,,,,,Bay of Plenty Region,Nil,2-way,Sealed,,0,0,,50,,Null,0,0,,23,Tauranga City,Nil,,,,,0,0,Urban,0,,,Fine,Null
1883798,5772311,12127,,539900,0,0,0,1,0,South,2009/2010,PURIRI CRESCENT,MANUKA CRESCENT E,,Non-Injury Crash,No,2009,0,South,0,0,1,Flat,0,,0,,1,Dark,1238900,0,0,0,2,0,0,0,0,0,,0,0,Bay of Plenty Region,Nil,2-way,Sealed,0,0,0,0,50,0,On,0,0,,24,Rotorua District,Unknown,0,0,0,0,0,0,Urban,0,0,0,Fine,Null