X,Y,OBJECTID,advisorySpeed,areaUnitID,bicycle,bridge,bus,carStationWagon,cliffBank,crashDirectionDescription,crashFinancialYear,crashLocation1,crashLocation2,crashRoadSideRoad,crashSeverity,crashSHDescription,crashYear,debris,directionRoleDescription,ditch,fatalCount,fence,flatHill,guardRail,holiday,houseOrBuilding,intersection,kerb,light,meshblockId,minorInjuryCount,moped,motorcycle,NumberOfLanes,objectThrownOrDropped,otherObject,otherVehicleType,overBank,parkedVehicle,pedestrian,phoneBoxEtc,postOrPole,region,roadCharacter,roadLane,roadSurface,roadworks,schoolBus,seriousInjuryCount,slipOrFlood,speedLimit,strayAnimal,streetLight,suv,taxi,temporarySpeedLimit,tlaId,tlaName,trafficControl,trafficIsland,trafficSign,train,tree,truck,unknownVehicleType,urban,vanOrUtility,vehicle,waterRiver,weatherA,weatherB
1673375,6081960,12128,,501700,0,0,0,1,1,Null,2008/2009,SH 12,QUARRY ROAD,,Non-Injury Crash,Yes,2009,0,West,0,0,1,Flat,0,,0,,0,Dark,41600,0,0,0,2,0,0,0,0,0,,0,1,Northland Region,Nil,2-way,Sealed,0,0,0,0,50,0,On,0,0,,1,Far North District,Nil,0,1,0,0,0,0,Urban,0,0,0,Fine,Null
1270224,4909676,12129,,610031,0,,0,1,,Null,2009/2010,RIVERSDALE-WAIKAIA ROAD,TWO CHAIN ROAD,,Minor Crash,No,2009,,North,,0,,Flat,,,,,,Overcast,3049000,1,0,0,2,,,0,,,,,,Southland Region,Nil,2-way,Sealed,,0,0,,100,,Null,1,0,,73,Southland District,Stop,,,,,0,0,Open,0,,,Fine,Null
1701247,5679371,12130,,550902,0,,0,2,,Null,2008/2009,SH 3,AIRPORT DRIVE,,Non-Injury Crash,Yes,2009,,North,,0,,Flat,,,,,,Bright sun,1562801,0,0,0,2,,,0,,,,,,Taranaki Region,Nil,2-way,Sealed,,0,0,,100,,Null,0,0,,33,New Plymouth District,Give way,,,,,0,0,Open,0,,,Fine,Null
1876877,5821529,12131,,538101,0,0,0,2,0,Null,2009/2010,WATLING ST,TWENTYTHIRD AVENUE,,Non-Injury Crash,No,2009,0,East,0,0,0,Flat,0,,0,,0,Dark,1169600,0,0,0,2,0,0,0,0,1,,0,0,Bay of Plenty Region,Nil,2-way,Sealed,0,0,0,0,50,0,On,0,0,,23,Tauranga City,Give way,0,0,0,0,0,0,Urban,0,0,0,Fine,Null
1839657,5841369,12132,,534800,0,,1,0,,North,2009/2010,WHITAKER ST,BOUNDARY ST,,Non-Injury Crash,No,2009,,North,,0,,Flat,,,,,,Dark,1104400,0,0,0,2,,,0,,,,,,Waikato Region,Nil,2-way,Sealed,,0,0,,50,,On,0,0,,15,Matamata-Piako District,Nil,,,,,0,0,Urban,0,,,Fine,Null
1761225,5915418,12133,,520201,0,,0,2,,Null,2008/2009,ROBERT ST,MORRIN ST,,Non-Injury Crash,No,2009,,North,,0,,Flat,,,,,,Dark,613100,0,0,0,3,,,0,,,,,,Auckland Region,Nil,2-way,Sealed,,0,0,,50,,On,0,0,,76,Auckland,Stop,,,,,0,0,Urban,0,,,Fine,Null
1756718,5927483,12134,,507900,0,,0,2,,Null,2009/2010,TAHAROTO ROAD,NORTHCOTE ROAD,,Non-Injury Crash,No,2009,,West,,0,,Flat,,,,,,Bright sun,303502,0,0,0,5,,,0,,,,,,Auckland Region,Nil,2-way,Sealed,,0,0,,50,,Off,0,0,,76,Auckland,Traffic Signals,,,,,0,0,Urban,0,,,Fine,Null
1763324,5911514,12135,,520500,0,,0,2,,South,2008/2009,GREAT SOUTH ROAD,VESTEY DRIVE,,Non-Injury Crash,No,2009,,South,,0,,Flat,,,,,,Overcast,637702,0,0,0,4,,,0,,,,,,Auckland Region,Nil,2-way,Sealed,,0,0,,50,,Null,0,0,,76,Auckland,Nil,,,,,0,0,Urban,0,,,Light rain,Null
1770979,5914606,12136,,521601,0,0,0,1,0,Null,2008/2009,PAKURANGA ROAD,BOTANY ROAD,,Non-Injury Crash,No,2009,0,North,0,0,1,Flat,0,,0,,0,Overcast,646500,0,0,0,4,0,0,0,0,0,,0,0,Auckland Region,Nil,2-way,Sealed,0,0,0,0,50,0,Off,0,0,,76,Auckland,Give way,0,0,0,0,0,0,Urban,0,0,0,Fine,Null
1753846,5918301,12137,,515431,0,0,0,1,0,West,2008/2009,SH 16,MOTAT OFF EBD,,Non-Injury Crash,Yes,2009,0,East,0,0,0,Flat,1,,0,,0,Dark,406300,0,0,0,3,0,0,0,0,0,,0,0,Auckland Region,Nil,1-way,Sealed,0,0,0,0,100,0,On,0,0,,76,Auckland,Nil,0,0,0,0,0,0,Open,0,0,0,Fine,Null
1752029,5930709,12138,,509100,0,,0,2,,Null,2009/2010,ALBANY HIGHWAY OFF EBD,ALBANY HIGHWAY,,Non-Injury Crash,Yes,2009,,West,,0,,Flat,,,,,,Bright sun,181003,0,0,0,4,,,0,,,,,,Auckland Region,Nil,2-way,Sealed,,0,0,,70,,Null,0,0,,76,Auckland,Traffic Signals,,,,,0,0,Urban,0,,,Fine,Null
1454262,5298473,12139,,584911,0,,0,0,,East,2008/2009,SH 7 OMOTO ROAD,SH 6,,Non-Injury Crash,Yes,2009,,West,,0,,Hill Road,,,,,,Bright sun,2413203,0,0,0,2,,,0,,,,,,West Coast Region,Nil,2-way,Sealed,,0,0,,80,,Null,1,0,,56,Grey District,Nil,,,,,0,0,Open,1,,,Fine,Null
1763811,5912978,12140,,520402,0,,0,2,,Null,2009/2010,MOUNT WELLINGTON HIGHWAY,ARANUI ROAD,,Non-Injury Crash,No,2009,,North,,0,,Flat,,,,,,Overcast,641502,0,0,0,2,,,0,,,,,,Auckland Region,Nil,2-way,Sealed,,0,0,,50,,None,0,0,,76,Auckland,Traffic Signals,,,,,0,0,Urban,0,,,Fine,Null
1801832,5812928,12141,,530400,0,0,0,1,0,East,2008/2009,BADER ST,PINE AVENUE,,Non-Injury Crash,No,2009,0,West,0,0,1,Flat,0,,0,,0,Dark,922800,0,0,0,2,0,0,0,0,0,,0,0,Waikato Region,Nil,2-way,Sealed,0,0,0,0,50,0,On,0,0,,16,Hamilton City,Give way,0,0,0,1,0,0,Urban,0,0,0,Fine,Null
1746043,5913319,12142,,511001,0,0,0,1,0,North,2009/2010,ROSIER ROAD,PISCES ROAD,,Non-Injury Crash,No,2009,0,North,0,0,0,Flat,0,,0,,0,Dark,282825,0,0,0,2,0,0,0,0,0,,0,1,Auckland Region,Nil,2-way,Sealed,0,0,0,0,50,0,On,0,0,,76,Auckland,Unknown,0,0,0,0,0,0,Urban,0,0,0,Fine,Null
1719934,6045653,12143,,503100,0,,0,2,,Null,2008/2009,DENT ST,REYBURN ST,,Non-Injury Crash,No,2009,,West,,0,,Flat,,,,,,Bright sun,99904,0,0,0,2,,,0,,,,,,Northland Region,Nil,2-way,Sealed,,0,0,,50,,Null,0,0,,2,Whangarei District,Give way,,,,,0,0,Urban,0,,,Heavy rain,Null
1718849,6048558,12144,,502300,0,0,0,1,0,Null,2009/2010,SH 1N,KAMO ROAD,,Non-Injury Crash,Yes,2009,0,South,0,0,0,Flat,0,,0,,0,Dark,90000,0,0,0,2,0,0,0,0,0,,0,0,Northland Region,Nil,2-way,Sealed,0,0,0,0,50,0,On,0,0,,2,Whangarei District,Give way,1,0,0,0,0,0,Urban,0,0,0,Heavy rain,Null
1793734,5827473,12145,45,527123,0,,0,1,,South,2009/2010,SPEEDY ROAD,SMITH ROAD,,Non-Injury Crash,No,2009,,South,,0,,Hill Road,,,,,,Dark,952800,0,0,0,2,,,0,,,,,,Waikato Region,Nil,2-way,Sealed,,0,0,,100,,None,0,0,,13,Waikato District,Stop,,,,,0,0,Open,1,,,Mist or Fog,Null
1758088,5917811,12146,,515700,0,,0,1,,West,2009/2010,GILLIES ON NBD,GILLIES AVENUE S,,Non-Injury Crash,Yes,2009,,West,,0,,Null,,,,,,Overcast,443700,0,0,0,2,,,0,,,,,,Auckland Region,Motorway ramp,1-way,Sealed,,0,0,,50,,Off,0,0,,76,Auckland,Nil,,,,,1,0,Urban,0,,,Fine,Null
1709110,5617797,12147,,554010,0,,0,2,,South,2009/2010,SH 3,DAVIDSON ST,,Non-Injury Crash,Yes,2009,,North,,0,,Flat,,,,,,Overcast,1642600,0,0,0,2,,,0,,,,,,Taranaki Region,Nil,2-way,Sealed,,0,0,,50,,Null,0,0,,35,South Taranaki District,Nil,,,,,0,0,Urban,0,,,Fine,Null
1751584,5431856,12148,,574303,0,,0,1,,South,2009/2010,SH 1N,SH 2,,Non-Injury Crash,Yes,2009,,South,,0,,Flat,,,,,,Bright sun,2090402,0,0,0,2,,,0,,,,,,Wellington Region,Nil,2-way,Sealed,,0,0,,100,,Null,0,0,,47,Wellington City,Nil,,,,,1,0,Open,0,,,Fine,Null
1402333,4917565,12149,,603930,0,0,0,0,0,East,2009/2010,BROCKVILLE ROAD,CALDWELL ST W,,Minor Crash,No,2009,0,West,0,0,0,Hill Road,0,,0,,0,Bright sun,2882800,1,0,0,1,0,0,0,0,0,,0,1,Otago Region,Nil,2-way,Sealed,0,0,0,0,50,0,Null,0,0,,71,Dunedin City,Unknown,0,0,0,0,1,0,Urban,0,0,0,Fine,Null
1867083,5713776,12150,,541720,0,,0,1,,Null,2008/2009,TONGARIRO ST,SPA ROAD,,Non-Injury Crash,No,2009,,South,,0,,Flat,,,,,,Dark,1273500,0,0,0,2,,,0,,,,,,Waikato Region,Nil,2-way,Sealed,,0,0,,50,,On,0,0,,21,Taupo District,Give way,,,,,0,0,Urban,1,,,Light rain,Null
1765453,5914484,12151,,520602,0,,0,2,,Null,2009/2010,QUEENS ROAD,KINGS ROAD,,Non-Injury Crash,No,2009,,South,,0,,Flat,,,,,,Overcast,628800,0,0,0,2,,,0,,,,,,Auckland Region,Nil,2-way,Sealed,,0,0,,50,,Off,0,0,,76,Auckland,Give way,,,,,0,0,Urban,0,,,Fine,Null
1754719,5917000,12152,,517701,0,,0,2,,Null,2009/2010,AROHA AVENUE,BOURNEMOUTH AVENUE,,Non-Injury Crash,No,2009,,North,,0,,Flat,,,,,,Overcast,535800,0,0,0,2,,,0,,,,,,Auckland Region,Nil,2-way,Sealed,,0,0,,50,,Null,0,0,,76,Auckland,Give way,,,,,0,0,Urban,0,,,Fine,Null
1770937,5914519,12153,,521602,0,,0,1,,South,2008/2009,BOTANY ROAD,PAKURANGA ROAD,,Non-Injury Crash,No,2009,,South,,0,,Flat,,,,,,Dark,647702,0,0,0,2,,,0,,,,,,Auckland Region,Nil,2-way,Sealed,,0,0,,50,,On,0,0,,76,Auckland,Nil,,,,,0,0,Urban,0,,,Fine,Null
1757215,5919382,12154,,514301,0,,1,1,,Null,2008/2009,SYMONDS ST,KARANGAHAPE ROAD,,Non-Injury Crash,No,2009,,North,,0,,Flat,,,,,,Dark,440904,0,0,0,4,,,0,,,,,,Auckland Region,Nil,2-way,Sealed,,0,0,,50,,On,0,0,,76,Auckland,Traffic Signals,,,,,0,0,Urban,0,,,Fine,Null
2036100,5708815,12155,,544600,0,,0,2,,South,2008/2009,ROEBUCK ROAD,CHILDERS ROAD,,Non-Injury Crash,No,2009,,South,,0,,Flat,,,,,,Overcast,1369700,0,0,0,2,,,0,,,,,,Gisborne Region,Nil,2-way,Sealed,,0,0,,50,,Null,0,0,,28,Gisborne District,Nil,,,,,0,0,Urban,0,,,Fine,Null
1747401,5932365,12156,,509000,0,0,0,1,0,South,2009/2010,RIDGE ROAD,ELMORE ROAD,,Non-Injury Crash,No,2009,0,North,1,0,0,Hill Road,0,,0,,0,Dark,179401,0,0,0,2,0,0,0,0,0,,0,0,Auckland Region,Nil,2-way,Sealed,0,0,0,0,100,0,None,0,0,,76,Auckland,Unknown,0,0,0,0,0,0,Open,0,0,0,Fine,Null
1756319,5919326,12157,,514000,0,,0,2,,Null,2008/2009,KARANGAHAPE ROAD,GUNDRY ST,,Non-Injury Crash,No,2009,,West,,0,,Flat,,,,,,Bright sun,413800,0,0,0,2,,,0,,,,,,Auckland Region,Nil,2-way,Sealed,,0,0,,50,,Null,0,0,,76,Auckland,Stop,,,,,0,0,Urban,0,,,Fine,Null
1748641,5969067,12158,,505500,0,,0,0,,North,2009/2010,SH 1N,WECH DRIVE S,,Non-Injury Crash,Yes,2009,,North,,0,,Hill Road,,,,,,Bright sun,141200,0,0,0,2,,,0,,,,,,Auckland Region,Nil,2-way,Sealed,,0,0,,80,,Off,0,0,,76,Auckland,Nil,,,,,1,0,Open,1,,,Fine,Null
1753833,5926744,12159,,508220,0,,0,2,,Null,2008/2009,GLENFIELD ROAD,CORONATION ROAD,,Non-Injury Crash,No,2009,,West,,0,,Flat,,,,,,Bright sun,189400,0,0,0,2,,,0,,,,,,Auckland Region,Nil,2-way,Sealed,,0,0,,50,,Off,0,0,,76,Auckland,Give way,,,,,0,0,Urban,0,,,Fine,Null
1837574,5845761,12160,,534603,0,0,0,1,1,North,2008/2009,SH 26,RAWHITI ROAD S,,Non-Injury Crash,Yes,2009,0,North,0,0,0,Flat,0,,0,,0,Bright sun,1077100,0,0,0,2,0,0,0,0,0,,0,0,Waikato Region,Nil,2-way,Sealed,0,0,0,0,100,0,Null,0,0,,15,Matamata-Piako District,Unknown,0,0,0,0,0,0,Open,0,0,0,Fine,Null
1750849,5926073,12161,,510020,0,0,0,2,0,North,2008/2009,RANGATIRA ROAD,TEAL CRESCENT N,,Non-Injury Crash,No,2009,0,West,0,0,0,Flat,0,,0,,0,Dark,344901,0,0,0,2,0,0,0,0,1,,0,0,Auckland Region,Nil,2-way,Sealed,0,0,0,0,50,0,On,0,0,,76,Auckland,Nil,0,0,0,0,0,0,Urban,0,0,0,Null,Null
1718899,6046070,12162,,503000,0,,0,2,,Null,2008/2009,SH 1N,SELWYN AVENUE,,Non-Injury Crash,Yes,2009,,South,,0,,Flat,,Easter,,,,Dark,98100,0,0,0,3,,,0,,,,,,Northland Region,Nil,2-way,Sealed,,0,0,,50,,On,1,0,,2,Whangarei District,Traffic Signals,,,,,0,0,Urban,0,,,Fine,Null
1570649,5178501,12163,,594600,0,,0,0,,South,2008/2009,COLOMBO ST,ELGIN ST,,Non-Injury Crash,No,2009,,North,,0,,Flat,,,,,,Overcast,2618300,0,0,0,2,,,0,,,,,,Canterbury Region,Nil,2-way,Sealed,,0,0,,50,,Null,0,0,,60,Christchurch City,Give way,,,,,1,0,Urban,1,,,Light rain,Null
1615207,5423856,12164,,584201,0,,0,2,,Null,2008/2009,SH 6,QUEEN ST,,Non-Injury Crash,Yes,2009,,North,,0,,Flat,,,,,,Bright sun,2365400,0,0,0,2,,,0,,,,,,Tasman Region,Nil,2-way,Unsealed,,0,0,,50,,Null,0,0,,51,Tasman District,Traffic Signals,,,,,0,0,Urban,0,,,Fine,Null
1730718,5908821,12165,,513800,0,,0,2,,South,2009/2010,MARINE PARADE SOUTH,BEACH VALLEY ROAD,,Non-Injury Crash,No,2009,,North,,0,,Hill Road,,,,,,Bright sun,282012,0,0,0,1,,,0,,,,,,Auckland Region,Nil,2-way,Sealed,,0,0,,80,,None,0,0,,76,Auckland,Nil,,,,,0,0,Open,0,,,Fine,Null
1822959,5530803,12166,,562402,0,,0,2,,South,2008/2009,RUAHINE ST,FEATHERSTON ST,,Non-Injury Crash,No,2009,,North,,0,,Flat,,,,,,Overcast,1834500,0,0,0,2,,,0,,,,,,Manawatū-Whanganui Region,Nil,2-way,Sealed,,0,0,,50,,Null,0,0,,40,Palmerston North City,Nil,,,,,0,0,Urban,0,,,Light rain,Null
1482205,5253591,12167,45,585315,0,,0,0,,South,2009/2010,SH 73,OTIRA RIV BR,,Serious Crash,Yes,2009,,North,,0,,Hill Road,,,,,,Overcast,2422700,0,0,1,2,,,0,,,,,,West Coast Region,Nil,2-way,Sealed,,0,1,,100,,Null,0,0,,57,Westland District,Unknown,,,,,0,0,Open,0,,,Fine,Null
1748563,5945377,12168,,506201,0,,0,2,,Null,2008/2009,DAIRY FLAT HIGHWAY,SILVERDALE ON NBD,,Non-Injury Crash,No,2009,,East,,0,,Flat,,,,,,Bright sun,176700,0,0,0,2,,,0,,,,,,Auckland Region,Nil,1-way,Sealed,,0,0,,80,,Null,0,0,,76,Auckland,Give way,,,,,0,0,Open,0,,,Fine,Null
1851240,5768101,12169,,535211,0,,0,1,,North,2009/2010,SH 1N,NEWELL ROAD,,Non-Injury Crash,Yes,2009,,South,,0,,Flat,,,,,,Overcast,1152301,0,0,0,2,,,0,,,,,,Waikato Region,Nil,2-way,Sealed,,0,0,,100,,Null,0,0,30,19,South Waikato District,Unknown,,,,,0,0,Open,1,,,Light rain,Null
1876044,5822809,12170,,537302,0,0,0,1,0,South,2009/2010,CAMBRIDGE ROAD,WESTMINSTER DRIVE,,Non-Injury Crash,No,2009,0,North,0,0,0,Flat,0,,0,,0,Dark,1161400,0,0,0,2,0,0,0,0,0,,0,0,Bay of Plenty Region,Nil,2-way,Sealed,0,0,0,0,50,0,On,0,0,,23,Tauranga City,Unknown,1,0,0,0,0,0,Urban,0,0,0,Fine,Null
1800813,5813897,12171,,529100,0,,0,2,,North,2008/2009,PEMBROKE ST,TIDD ST,,Non-Injury Crash,No,2009,,South,,0,,Flat,,,,,,Bright sun,929700,0,0,0,2,,,0,,,,,,Waikato Region,Nil,2-way,Sealed,,0,0,,50,,Null,0,0,,16,Hamilton City,Unknown,,,,,0,0,Urban,0,,,Fine,Null
1748452,5913939,12172,,511302,0,,0,2,,Null,2009/2010,GREAT NORTH ROAD,LYNWOOD ROAD,,Non-Injury Crash,No,2009,,East,,0,,Flat,,,,,,Bright sun,269300,0,0,0,4,,,0,,,,,,Auckland Region,Nil,2-way,Sealed,,0,0,,50,,Off,0,0,,76,Auckland,Give way,,,,,0,0,Urban,0,,,Fine,Null
1548697,5172258,12173,,597507,0,,0,0,,South,2009/2010,STONEBROOK DRIVE,FAIRFIELD WAY,,Serious Crash,No,2009,,South,,0,,Flat,,,,,,Bright sun,2719102,0,0,0,2,,,0,,,,,,Canterbury Region,Nil,2-way,Sealed,,0,1,,50,,Null,1,0,,62,Selwyn District,Unknown,,,,,0,0,Urban,0,,,Fine,Null
1765228,5904764,12174,,522400,0,,0,2,,West,2009/2010,PUHINUI ROAD,CLENDON AVENUE,,Non-Injury Crash,No,2009,,East,,0,,Flat,,,,,,Dark,673302,0,0,0,2,,,0,,,,,,Auckland Region,Nil,2-way,Sealed,,0,0,,50,,On,0,0,,76,Auckland,Nil,,,,,0,0,Urban,0,,,Light rain,Null
1764996,5914853,12175,,520301,0,,0,2,,South,2009/2010,JELLICOE ROAD,PLEASANT VIEW ROAD,,Non-Injury Crash,No,2009,,South,,0,,Flat,,,,,,Dark,628300,0,0,0,3,,,0,,,,,,Auckland Region,Nil,2-way,Sealed,,0,0,,50,,On,0,0,,76,Auckland,Nil,,,,,0,0,Urban,0,,,Null,Null
1760302,5912738,12176,,520000,0,,0,1,,Null,2008/2009,MAYS ROAD,CAPTAIN SPRINGS ROAD,,Non-Injury Crash,No,2009,,East,,0,,Flat,,,,,,Dark,606600,0,0,0,2,,,0,,,,,,Auckland Region,Nil,2-way,Sealed,,0,0,,50,,On,0,0,,76,Auckland,Stop,,,,,0,0,Urban,1,,,Light rain,Null
1690434,6094215,12177,,501633,0,,0,1,,West,2008/2009,SH 11,PUKETUTU DRIVE,,Non-Injury Crash,Yes,2009,,West,,0,,Hill Road,,,,,,Overcast,50605,0,0,0,2,,,0,,,,,,Northland Region,Nil,2-way,Sealed,,0,0,,100,,None,1,0,,1,Far North District,Nil,,,,,1,0,Open,0,,,Fine,Null
1766674,5912939,12178,,522910,0,,0,1,,East,2008/2009,REEVES ROAD,TI RAKAU DRIVE,,Non-Injury Crash,No,2009,,West,,0,,Flat,,,,,,Unknown,684000,0,0,0,2,,,0,,,,,,Auckland Region,Nil,2-way,Sealed,,0,0,,50,,Off,0,0,,76,Auckland,Nil,,,,,1,0,Urban,0,,,Fine,Null
1764133,5904315,12179,,522100,0,,0,2,,Null,2009/2010,PUHINUI ROAD,PUHINUI ON SBD,,Non-Injury Crash,No,2009,,East,,0,,Flat,,,,,,Bright sun,659100,0,0,0,3,,,0,,,,,,Auckland Region,Nil,2-way,Sealed,,0,0,,50,,Off,0,0,,76,Auckland,Traffic Signals,,,,,0,0,Urban,0,,,Fine,Null
1752257,5933786,12180,,508701,0,,0,0,,South,2009/2010,DON MCKINNON DRIVE,COLISEUM DRIVE,,Non-Injury Crash,No,2009,,South,,0,,Flat,,,,,,Overcast,178900,0,0,0,4,,,0,,,,,,Auckland Region,Nil,2-way,Sealed,,0,0,,50,,Off,0,0,,76,Auckland,Nil,,,,,0,0,Urban,2,,,Fine,Null
1753762,5934787,12181,,508704,1,,0,1,,West,2008/2009,PONDEROSA DRIVE,NORTHCROSS DRIVE,,Non-Injury Crash,No,2009,,West,,0,,Flat,,,,,,Overcast,179127,0,0,0,1,,,0,,,,,,Auckland Region,Nil,Off road,Sealed,,0,0,,50,,Null,0,0,,76,Auckland,Nil,,,,,0,0,Urban,0,,,Fine,Null
1761701,5906521,12182,,524112,0,,0,2,,West,2008/2009,MASSEY ROAD,MASSEY ON NBD,,Non-Injury Crash,No,2009,,East,,0,,Flat,,,,,,Bright sun,742300,0,0,0,3,,,0,,,,,,Auckland Region,Nil,2-way,Sealed,,0,0,,50,,Off,0,0,,76,Auckland,Traffic Signals,,,,,0,0,Urban,0,,,Fine,Null
1767962,5901207,12183,,525001,0,0,0,1,0,West,2008/2009,JUTLAND ROAD,JELLICOE ROAD,,Non-Injury Crash,No,2009,0,South,0,0,0,Hill Road,0,,1,,0,Bright sun,751800,0,0,0,2,0,0,0,0,0,,0,0,Auckland Region,Nil,2-way,Sealed,0,0,0,0,50,0,None,0,0,,76,Auckland,Nil,0,0,0,0,0,0,Urban,0,0,0,Fine,Null
1867190,5713803,12184,,541720,0,,0,1,,Null,2008/2009,SPA ROAD,NUKUHAU ST,,Non-Injury Crash,No,2009,,West,,0,,Flat,,,,,,Overcast,1273500,0,0,0,2,,,0,,,,,,Waikato Region,Nil,2-way,Sealed,,0,0,,50,,Off,1,0,,21,Taupo District,Give way,,,,,0,0,Urban,0,,,Light rain,Null
1623061,6123737,12185,,500208,0,0,0,0,1,South,2009/2010,SH 1N,UNAHI ROAD,,Non-Injury Crash,Yes,2009,0,South,0,0,0,Hill Road,0,,0,,0,Dark,12601,0,0,0,2,0,0,0,0,0,,0,0,Northland Region,Nil,2-way,Sealed,0,0,0,0,80,0,On,0,0,,1,Far North District,Nil,0,0,0,0,0,0,Open,1,0,0,Light rain,Null
1766183,5887520,12186,,521122,0,0,0,0,1,North,2008/2009,CHARLES ROAD,GLENBROOK ROAD,,Non-Injury Crash,No,2009,0,South,0,0,0,Hill Road,0,,0,,0,Overcast,809900,0,0,0,2,0,0,0,0,0,,0,0,Auckland Region,Nil,2-way,Sealed,0,0,0,0,100,0,None,1,0,,76,Auckland,Nil,0,0,0,0,0,0,Open,0,0,0,Fine,Null
1734471,6040771,12187,,501818,0,,0,0,,Null,2009/2010,WHANGAREI HEADS ROAD,PATAUA SOUTH ROAD,,Non-Injury Crash,No,2009,,West,,0,,Hill Road,,Labour Weekend,,,,Dark,73802,0,0,0,2,,,0,,,,,,Northland Region,Nil,2-way,Sealed,,0,0,,100,,None,1,0,,2,Whangarei District,Give way,,,,,0,0,Open,0,,,Null,Null
1766364,5899760,12188,,524812,0,,0,2,,Null,2009/2010,WEYMOUTH ROAD,MAHIA ROAD,,Non-Injury Crash,No,2009,,West,,0,,Flat,,,,,,Dark,774201,0,0,0,1,,,0,,,,,,Auckland Region,Nil,1-way,Sealed,,0,0,,50,,On,0,0,,76,Auckland,Give way,,,,,0,0,Urban,0,,,Light rain,Null
1882916,5776278,12189,,539200,0,,0,1,,South,2008/2009,SH 5,OLD QUARRY ROAD,,Non-Injury Crash,Yes,2009,,South,,0,,Flat,,,,,,Bright sun,1220900,0,0,0,4,,,0,,,,,,Bay of Plenty Region,Nil,2-way,Sealed,,0,0,,60,,Null,0,0,,24,Rotorua District,Unknown,,,,,1,0,Urban,0,,,Fine,Null
1770849,5889881,12190,,521203,0,,0,2,,West,2008/2009,SH 22,OIRA ROAD,,Non-Injury Crash,Yes,2009,,East,,0,,Hill Road,,,,,,Bright sun,807400,0,0,0,2,,,0,,,,,,Auckland Region,Nil,2-way,Sealed,,0,0,,100,,None,0,0,,76,Auckland,Nil,,,,,0,0,Open,2,,,Light rain,Null
1765476,5917035,12191,,517001,0,0,0,2,0,South,2008/2009,LINE ROAD,TANIWHA ST,,Non-Injury Crash,No,2009,0,East,0,0,0,Flat,0,,0,,0,Overcast,476200,0,0,0,2,0,0,0,0,1,,0,0,Auckland Region,Nil,2-way,Sealed,0,0,0,0,50,0,Off,0,0,,76,Auckland,Nil,0,0,0,0,0,0,Urban,0,0,0,Fine,Null
1751427,5949785,12192,,505805,0,0,0,1,0,East,2009/2010,FLORENCE AVENUE,GEORGE LOWE PLACE,,Non-Injury Crash,No,2009,0,North,0,0,0,Flat,0,,0,,0,Bright sun,171602,0,0,0,2,0,0,0,0,1,,0,0,Auckland Region,Nil,2-way,Sealed,0,0,0,0,50,0,Null,1,0,,76,Auckland,Nil,0,0,0,0,0,0,Urban,0,0,0,Fine,Null
1748260,5919164,12193,,514801,0,,0,0,,West,2009/2010,SH 16,PATIKI OFF EBD,,Non-Injury Crash,Yes,2009,,East,,0,,Flat,,,,,,Overcast,389300,0,0,1,3,,,0,,,,,,Auckland Region,Nil,1-way,Sealed,,0,0,,100,,Off,1,0,,76,Auckland,Nil,,,,,0,0,Open,0,,,Light rain,Null
1623775,5430749,12194,,582500,0,,0,0,,South,2008/2009,TRAFALGAR ST,BRIDGE ST,,Non-Injury Crash,No,2009,,North,,0,,Flat,,,,,,Bright sun,2320400,0,1,0,2,,,0,,,,,,Nelson Region,Nil,2-way,Sealed,,0,0,,50,,Null,0,0,,52,Nelson City,Nil,,,,,0,0,Urban,1,,,Fine,Null
1757221,5926964,12195,,507900,0,,0,2,,Null,2008/2009,TAHAROTO ROAD,ANZAC ST,,Non-Injury Crash,No,2009,,West,,0,,Flat,,,,,,Dark,305000,0,0,0,5,,,0,,,,,,Auckland Region,Nil,2-way,Sealed,,0,0,,50,,On,0,0,,76,Auckland,Traffic Signals,,,,,0,0,Urban,0,,,Heavy rain,Null
1735905,5929860,12196,,505605,0,0,0,1,0,East,2009/2010,SH 16,MATUA ROAD,,Non-Injury Crash,Yes,2009,0,West,1,0,0,Flat,0,,0,,0,Dark,215800,0,0,0,2,0,0,0,0,0,,0,0,Auckland Region,Nil,2-way,Sealed,0,0,0,0,100,0,None,0,0,,76,Auckland,Nil,0,0,0,0,0,0,Open,0,0,0,Light rain,Null
1757585,5918591,12197,,514302,0,,0,1,,East,2008/2009,KHYBER PASS ROAD,KHYBER PASS ON SBD,,Non-Injury Crash,No,2009,,West,,0,,Hill Road,,,,,,Bright sun,442100,0,0,0,2,,,0,,,,,,Auckland Region,Motorway ramp,1-way,Sealed,,0,0,,50,,Off,1,0,,76,Auckland,Traffic Signals,,,,,0,0,Urban,0,,,Fine,Null
1750130,5913744,12198,,511303,0,,0,2,,West,2009/2010,CROWN LYNN PLACE,CLARK ST,,Non-Injury Crash,No,2009,,North,,0,,Flat,,,,,,Overcast,265002,0,0,0,2,,,0,,,,,,Auckland Region,Nil,2-way,Sealed,,0,0,,50,,Null,0,0,,76,Auckland,Nil,,,,,0,0,Urban,0,,,Fine,Null
1763978,5909994,12199,,521901,0,,0,2,,Null,2008/2009,GORDON ROAD,GREAT SOUTH ROAD,,Non-Injury Crash,No,2009,,North,,0,,Flat,,,,,,Dark,782400,0,0,0,2,,,0,,,,,,Auckland Region,Nil,2-way,Sealed,,0,0,,50,,On,0,0,,76,Auckland,Give way,,,,,0,0,Urban,0,,,Fine,Null