X,Y,OBJECTID,advisorySpeed,areaUnitID,bicycle,bridge,bus,carStationWagon,cliffBank,crashDirectionDescription,crashFinancialYear,crashLocation1,crashLocation2,crashRoadSideRoad,crashSeverity,crashSHDescription,crashYear,debris,directionRoleDescription,ditch,fatalCount,fence,flatHill,guardRail,holiday,houseOrBuilding,intersection,kerb,light,meshblockId,minorInjuryCount,moped,motorcycle,NumberOfLanes,objectThrownOrDropped,otherObject,otherVehicleType,overBank,parkedVehicle,pedestrian,phoneBoxEtc,postOrPole,region,roadCharacter,roadLane,roadSurface,roadworks,schoolBus,seriousInjuryCount,slipOrFlood,speedLimit,strayAnimal,streetLight,suv,taxi,temporarySpeedLimit,tlaId,tlaName,trafficControl,trafficIsland,trafficSign,train,tree,truck,unknownVehicleType,urban,vanOrUtility,vehicle,waterRiver,weatherA,weatherB
1760273,5915820,12200,,516003,0,,0,2,,South,2008/2009,SH 1N,GREENLANE INT S,,Non-Injury Crash,Yes,2009,,North,,0,,Flat,,,,,,Overcast,494902,0,0,0,3,,,0,,,,,,Auckland Region,Nil,1-way,Sealed,,0,0,,100,,On,1,0,,76,Auckland,Nil,,,,,0,0,Open,0,,,Heavy rain,Null
1686263,6101465,12201,,500900,0,0,0,2,0,Null,2009/2010,HOMESTEAD ROAD,FAIRWAY DRIVE,,Non-Injury Crash,No,2009,0,East,0,0,0,Flat,0,,1,,0,Dark,53303,0,0,0,1,0,0,0,0,1,,0,0,Northland Region,Nil,1-way,Sealed,0,0,0,0,50,0,On,0,0,,1,Far North District,Nil,1,1,0,0,0,0,Urban,0,0,0,Fine,Null
1767587,5904632,12202,,524604,0,,0,3,,Null,2009/2010,RONWOOD AVENUE,GREAT SOUTH ROAD,,Non-Injury Crash,No,2009,,East,,0,,Flat,,,,,,Overcast,780302,0,0,0,5,,,0,,,,,,Auckland Region,Nil,2-way,Sealed,,0,0,,50,,Off,0,0,,76,Auckland,Traffic Signals,,,,,0,0,Urban,0,,,Fine,Null
1859150,5847864,12203,,536614,0,,0,1,,North,2009/2010,SH 2,WOLSELEY ROAD,,Non-Injury Crash,Yes,2009,,North,,0,,Hill Road,,,,,,Bright sun,1181002,0,0,0,2,,,0,,,,,,Bay of Plenty Region,Nil,2-way,Sealed,,0,0,,100,,Null,1,0,,22,Western Bay of Plenty District,Unknown,,,,,0,0,Open,0,,,Fine,Null
1758989,5917043,12204,,516001,0,,0,2,,Null,2009/2010,SH 1N,MARKET OFF SBD,,Non-Injury Crash,Yes,2009,,South,,0,,Flat,,,,,,Overcast,491200,0,0,0,4,,,0,,,,,,Auckland Region,Nil,1-way,Sealed,,0,0,,100,,Off,0,0,,76,Auckland,Nil,,,,,0,0,Open,0,,,Fine,Null
1796713,5818423,12205,,528406,0,,0,1,,North,2009/2010,SH 1N,FOREMAN ROAD,,Non-Injury Crash,Yes,2009,,South,,0,,Flat,,,,,,Bright sun,907601,0,0,0,2,,,0,,,,,,Waikato Region,Nil,2-way,Sealed,,0,0,,80,,Null,0,0,,16,Hamilton City,Unknown,,,,,0,0,Open,1,,,Fine,Null
1751588,5914199,12206,,514402,0,,0,2,,Null,2009/2010,BLOCKHOUSE BAY ROAD,TIVERTON ROAD,,Non-Injury Crash,No,2009,,East,,0,,Flat,,,,,,Bright sun,379500,0,0,0,2,,,0,,,,,,Auckland Region,Nil,2-way,Sealed,,0,0,,50,,Off,0,0,,76,Auckland,Give way,,,,,0,0,Urban,0,,,Fine,Null
1247389,4855947,12207,,610061,0,0,0,2,0,South,2008/2009,MILL ROAD NORTH,ROSLYN ROAD,,Minor Crash,No,2009,0,North,0,0,0,Hill Road,1,,0,,0,Overcast,3091201,1,0,0,2,0,0,0,0,0,,0,0,Southland Region,Nil,2-way,Sealed,0,0,0,0,100,0,Null,0,0,,73,Southland District,Nil,0,0,0,0,0,0,Open,0,0,0,Light rain,Null
1865955,5827059,12208,,536000,0,0,0,1,0,South,2009/2010,SH 2,OMOKOROA ROAD,,Non-Injury Crash,Yes,2009,0,North,1,0,0,Flat,0,,0,,0,Twilight,1187500,0,0,0,2,0,0,0,0,0,,0,0,Bay of Plenty Region,Nil,2-way,Sealed,0,0,0,0,100,0,Off,0,0,,22,Western Bay of Plenty District,Give way,0,0,0,0,0,0,Open,0,0,0,Light rain,Null
1753560,5927928,12209,,508210,0,,0,2,,Null,2009/2010,GLENFIELD ROAD,KAIPATIKI ROAD,,Non-Injury Crash,No,2009,,North,,0,,Flat,,,,,,Overcast,186800,0,0,0,4,,,0,,,,,,Auckland Region,Nil,2-way,Sealed,,0,0,,50,,Off,0,0,,76,Auckland,Give way,,,,,0,0,Urban,0,,,Fine,Null
1727686,6009990,12210,,501815,0,0,0,1,0,South,2008/2009,SH 1N,WAIPU GORGE ROAD,,Non-Injury Crash,Yes,2009,0,North,1,0,0,Hill Road,0,,0,,0,Overcast,81300,0,0,0,3,0,0,0,0,0,,0,0,Northland Region,Nil,2-way,Sealed,0,0,0,0,100,0,None,0,0,,2,Whangarei District,Nil,0,0,0,0,0,0,Open,0,0,0,Mist or Fog,Null
1771523,5897824,12211,,523912,0,,0,2,,Null,2009/2010,GREAT SOUTH ROAD,WALTERS ROAD,,Non-Injury Crash,No,2009,,West,,0,,Flat,,,,,,Overcast,766200,0,0,0,2,,,0,,,,,,Auckland Region,Nil,2-way,Sealed,,0,0,,50,,Off,0,0,,76,Auckland,Give way,,,,,0,0,Urban,0,,,Light rain,Null
1757546,5913053,12212,,518702,0,,0,2,,North,2009/2010,PAH ROAD,TRAFALGAR ST,,Non-Injury Crash,No,2009,,South,,0,,Flat,,,,,,Overcast,567800,0,0,0,2,,,0,,,,,,Auckland Region,Nil,2-way,Sealed,,0,0,,50,,Null,0,0,,76,Auckland,Traffic Signals,,,,,0,0,Urban,0,,,Light rain,Null
1766454,5899519,12213,,524812,0,,0,0,,Null,2009/2010,MAHIA ROAD,DAMIAN WAY,,Non-Injury Crash,No,2009,,South,,0,,Flat,,,,,,Bright sun,774201,0,0,0,2,,,0,,,,,,Auckland Region,Nil,2-way,Sealed,,0,0,,50,,Off,0,0,,76,Auckland,Give way,,,,,0,0,Urban,2,,,Fine,Null
1702445,6097366,12214,,501000,0,0,0,1,0,Null,2008/2009,ONEROA ROAD,GOULD ST,,Non-Injury Crash,No,2009,0,North,0,0,0,Hill Road,0,,0,,0,Dark,56900,0,0,0,2,0,0,0,0,1,,0,0,Northland Region,Nil,2-way,Sealed,0,0,0,0,50,0,None,1,0,,1,Far North District,Nil,0,0,0,0,0,0,Urban,0,0,0,Light rain,Null
1868223,5714066,12215,,541720,0,,0,1,,East,2009/2010,SPA ROAD,TONGA ST,,Non-Injury Crash,No,2009,,West,,0,,Flat,,,,,,Dark,1272000,0,0,0,2,,,0,,,,,,Waikato Region,Nil,2-way,Sealed,,0,0,,50,,On,0,0,,21,Taupo District,Unknown,,,,,1,0,Urban,0,,,Fine,Null
1879641,5819656,12216,,538301,0,,0,1,,East,2008/2009,WELCOME BAY ROAD,HAMMOND ST,,Non-Injury Crash,No,2009,,East,,0,,Flat,,,,,,Bright sun,1180304,0,0,0,2,,,0,,,,,,Bay of Plenty Region,Nil,2-way,Sealed,,0,0,,50,,Null,0,0,,23,Tauranga City,Unknown,,,,,0,0,Urban,1,,,Fine,Null
1799272,5820997,12217,,527008,0,0,0,2,0,Null,2009/2010,RESOLUTION DRIVE,ROTOTUNA ROAD,,Non-Injury Crash,No,2009,0,South,0,0,0,Flat,0,,0,,0,Overcast,952121,0,0,0,1,0,1,0,0,0,,0,1,Waikato Region,Nil,1-way,Sealed,0,0,0,0,80,0,Off,0,0,,16,Hamilton City,Nil,0,0,0,0,0,0,Open,0,0,0,Fine,Null
1772656,5894631,12218,,525530,0,0,0,1,0,Null,2008/2009,GREAT SOUTH ROAD,BELLFIELD ROAD,,Non-Injury Crash,No,2009,0,South,0,0,1,Flat,0,,0,,0,Bright sun,803602,0,0,0,2,0,0,0,0,0,,0,0,Auckland Region,Nil,2-way,Sealed,0,0,0,0,50,0,Off,0,0,,76,Auckland,Stop,0,0,0,0,0,0,Urban,1,0,0,Null,Null
1868571,5714223,12219,,541730,0,,0,2,,Null,2008/2009,SPA ROAD,TOTARA ST,,Non-Injury Crash,No,2009,,West,,0,,Flat,,,,,,Bright sun,1271500,0,0,0,3,,,0,,,,,,Waikato Region,Nil,2-way,Sealed,,0,0,,50,,Null,0,0,,21,Taupo District,Give way,,,,,0,0,Urban,0,,,Fine,Null
1848336,5761258,12220,,535262,0,0,0,1,1,West,2009/2010,SH 32,OLD TAUPO ROAD,,Non-Injury Crash,Yes,2009,0,East,0,0,0,Hill Road,0,,0,,0,Dark,1151302,0,0,0,2,0,0,0,0,0,,0,0,Waikato Region,Nil,2-way,Sealed,0,0,0,0,100,0,None,0,0,,19,South Waikato District,Unknown,0,0,0,0,0,0,Open,0,0,0,Fine,Null
1746421,5918724,12221,,512401,0,0,0,1,0,South,2008/2009,EDMONTON ROAD,SCHOOL ROAD,,Non-Injury Crash,No,2009,0,South,0,0,0,Hill Road,0,,0,,0,Bright sun,256000,0,0,0,2,0,0,0,0,0,,0,0,Auckland Region,Nil,2-way,Sealed,0,0,0,0,50,0,Null,1,0,,76,Auckland,Unknown,0,1,0,1,0,0,Urban,0,0,0,Fine,Null
1756895,5446278,12222,,571600,0,0,0,2,0,West,2008/2009,CONCLUSION ST,LIMERICK GROVE,,Non-Injury Crash,No,2009,0,North,0,0,0,Hill Road,0,,0,,0,Dark,2057200,0,0,0,2,0,0,0,0,1,,0,0,Wellington Region,Nil,2-way,Sealed,0,0,0,0,50,0,On,0,0,,44,Porirua City,Nil,0,0,0,0,0,0,Urban,0,0,0,Fine,Null
1755406,5921990,12223,,515202,0,,0,2,,South,2008/2009,SH 1N,SHELLY OFF SBD,,Non-Injury Crash,Yes,2009,,South,,0,,Hill Road,,Christmas New Year,,,,Bright sun,423600,0,0,0,3,,,0,,,,,,Auckland Region,Motorway ramp,1-way,Sealed,,0,0,,100,,None,0,0,,76,Auckland,Nil,,,,,0,0,Open,0,,,Fine,Null
1843248,5814446,12224,,535220,0,,0,2,,Null,2009/2010,WAHAROA ROAD EAST,POHLEN ROAD,,Non-Injury Crash,No,2009,,North,,0,,Flat,,Christmas New Year,,,,Bright sun,1111800,0,0,0,2,,,0,,,,,,Waikato Region,Nil,2-way,Sealed,,0,0,,100,,Null,0,0,,15,Matamata-Piako District,Give way,,,,,0,0,Open,0,,,Fine,Null
1884223,5825212,12225,,536831,0,,0,1,,Null,2008/2009,GIRVEN ROAD,SH 2,,Non-Injury Crash,No,2009,,West,,0,,Flat,,,,,,Overcast,1201300,0,0,0,4,,,0,,,,,,Bay of Plenty Region,Nil,2-way,Sealed,,0,0,,70,,Off,0,0,,23,Tauranga City,Give way,,,,,0,0,Urban,1,,,Light rain,Null
1772232,5896191,12226,,525410,0,,0,2,,West,2009/2010,ELLIOT ST,RAY SMALL DRIVE E,,Non-Injury Crash,No,2009,,West,,0,,Flat,,,,,,Bright sun,791801,0,0,0,2,,,0,,,,,,Auckland Region,Nil,2-way,Sealed,,0,0,,50,,Off,0,0,,76,Auckland,Stop,,,,,0,0,Urban,0,,,Fine,Null
1765582,5905861,12227,,522202,0,,0,1,,Null,2009/2010,CARRUTH ROAD,ST GEORGE ST,,Non-Injury Crash,No,2009,,South,,0,,Flat,,,,,,Bright sun,665000,0,0,0,2,,,0,,,,,,Auckland Region,Nil,2-way,Sealed,,0,0,,50,,Off,1,0,,76,Auckland,Give way,,,,,0,0,Urban,0,,,Fine,Null
1753262,5933079,12228,,508701,0,,0,2,,Null,2009/2010,ALBANY EXPRESSWAY,TAWA DRIVE,,Non-Injury Crash,No,2009,,West,,0,,Flat,,,,,,Bright sun,178900,0,0,0,2,,,0,,,,,,Auckland Region,Nil,2-way,Sealed,,0,0,,50,,Off,0,0,,76,Auckland,Give way,,,,,0,0,Urban,0,,,Fine,Null
1748583,5428182,12229,,573000,0,0,0,1,0,North,2008/2009,THE TERRACE,TERRACE OFF SBD,,Non-Injury Crash,No,2009,0,South,0,0,0,Flat,0,,0,,0,Overcast,2124803,0,0,0,2,0,0,0,0,1,,0,0,Wellington Region,Nil,2-way,Sealed,0,0,0,0,50,0,Null,0,0,,47,Wellington City,Nil,0,0,0,0,1,0,Urban,0,0,0,Light rain,Null
1763506,5912913,12230,,520500,0,,0,1,,Null,2009/2010,SEART OFF SBD,SEMW ON WBD,,Non-Injury Crash,Yes,2009,,East,,0,,Hill Road,,,,,,Dark,637400,0,0,0,1,,,0,,,,,,Auckland Region,Motorway ramp,1-way,Sealed,,0,0,,100,,On,0,0,,76,Auckland,Nil,,,,,0,0,Open,0,,,Light rain,Null
1759322,5908371,12231,,524122,0,,0,1,,North,2009/2010,MCKENZIE ROAD,BADER DRIVE,,Non-Injury Crash,No,2009,,North,,0,,Flat,,,,,,Overcast,737700,0,0,0,3,,,0,,,,,,Auckland Region,Nil,2-way,Sealed,,0,0,,50,,None,0,0,,76,Auckland,Nil,,,,,1,0,Urban,0,,,Heavy rain,Null
1760130,5915912,12232,,516003,0,,0,1,,Null,2009/2010,GREENLANE OFF NBD,GREENLANE INT,,Non-Injury Crash,Yes,2009,,North,,0,,Flat,,,,,,Overcast,494902,0,0,0,2,,,0,,,,,,Auckland Region,Nil,1-way,Sealed,,0,0,,50,,Off,1,0,,76,Auckland,Give way,,,,,0,0,Urban,0,,,Fine,Null
1878047,5822374,12233,,538101,0,,0,2,,Null,2009/2010,CAMERON ROAD,SH 2A,,Non-Injury Crash,Yes,2009,,South,,0,,Flat,,,,,,Dark,1168001,0,0,0,6,,,0,,,,,,Bay of Plenty Region,Nil,2-way,Sealed,,0,0,,50,,On,0,0,,23,Tauranga City,Traffic Signals,,,,,0,0,Urban,0,,,Fine,Null
1891636,5813083,12234,,538501,0,0,0,1,0,North,2008/2009,VALLEY ROAD,MACLOUGHLIN DRIVE,,Non-Injury Crash,No,2009,0,South,0,0,0,Hill Road,0,,0,,1,Bright sun,1214400,0,0,0,2,0,0,0,0,0,,0,0,Bay of Plenty Region,Nil,2-way,Sealed,0,0,0,0,50,0,Null,0,0,,22,Western Bay of Plenty District,Unknown,0,0,0,0,0,0,Urban,0,0,0,Fine,Null
1765270,5898379,12235,,524811,0,0,0,1,0,Null,2009/2010,WAIMAI AVENUE,DOMAIN ROAD,,Non-Injury Crash,No,2009,0,South,0,0,1,Flat,0,,0,,0,Dark,773501,0,0,0,2,0,0,0,0,0,,0,0,Auckland Region,Nil,2-way,Sealed,0,0,0,0,50,0,On,0,0,,76,Auckland,Nil,0,0,0,0,0,0,Urban,0,0,0,Fine,Null
1718724,6045743,12236,,503000,0,,0,3,,East,2009/2010,CENTRAL AVENUE,SH 1N,,Non-Injury Crash,No,2009,,West,,0,,Flat,,,,,,Overcast,98100,0,0,0,2,,,0,,,,,,Northland Region,Nil,2-way,Sealed,,0,0,,50,,Off,0,0,,2,Whangarei District,Nil,,,,,0,0,Urban,0,,,Fine,Null
1766293,5914968,12237,,520601,0,,0,2,,Null,2008/2009,DUNKIRK ROAD,ALAMEIN ROAD,,Non-Injury Crash,No,2009,,North,,0,,Flat,,,,,,Dark,632600,0,0,0,2,,,0,,,,,,Auckland Region,Nil,2-way,Sealed,,0,0,,50,,On,0,0,,76,Auckland,Stop,,,,,0,0,Urban,0,,,Fine,Null
1754134,5931406,12238,,508805,0,,0,1,,Null,2009/2010,UPPER HWY OFF SBD,SH 18,,Non-Injury Crash,Yes,2009,,South,,0,,Flat,,,,,,Bright sun,180813,0,0,0,1,,,0,,,,,,Auckland Region,Motorway ramp,1-way,Sealed,,0,0,,50,,Off,0,0,,76,Auckland,Give way,,,,,0,0,Urban,1,,,Fine,Null
1762365,5913366,12239,,520402,0,,0,1,,South,2009/2010,SH 1N,PENROSE OBR,,Non-Injury Crash,Yes,2009,,South,,0,,Flat,,,,,,Dark,642200,0,0,0,3,,,0,,,,,,Auckland Region,Nil,1-way,Sealed,,0,0,,100,,Off,0,0,,76,Auckland,Unknown,,,,,0,0,Open,1,,,Fine,Null
1772101,5897184,12240,,525420,0,,0,1,,North,2009/2010,GREAT SOUTH ROAD,YOUNGS ROAD,,Non-Injury Crash,No,2009,,North,,0,,Flat,,,,,,Bright sun,790800,0,0,0,2,,,0,,,,,,Auckland Region,Nil,2-way,Sealed,,0,0,,50,,Off,0,0,,76,Auckland,Nil,,,,,0,0,Urban,1,,,Fine,Null
1754091,5433863,12241,,573526,0,,0,3,,South,2008/2009,SH 2,HOROKIWI ROAD,,Non-Injury Crash,Yes,2009,,South,,0,,Flat,,,,,,Overcast,2077503,0,0,0,4,,,0,,,,,,Wellington Region,Nil,2-way,Sealed,,0,0,,100,,Null,0,0,,47,Wellington City,Nil,,,,,0,0,Open,0,,,Fine,Null
1768554,5901243,12242,,525001,0,,0,1,,Null,2009/2010,GREAT SOUTH ROAD,NORTHCREST WAY,,Non-Injury Crash,No,2009,,North,,0,,Flat,,,,,,Overcast,751500,0,0,0,2,,,0,,,,,,Auckland Region,Nil,2-way,Sealed,,0,0,,50,,Off,1,0,,76,Auckland,Give way,,,,,0,0,Urban,0,,,Light rain,Null
1765651,5908886,12243,,523402,0,,0,0,,Null,2009/2010,HIGHBROOK DRIVE,HELLABYS ROAD,,Non-Injury Crash,Yes,2009,,South,,0,,Flat,,,,,,Bright sun,696900,0,0,0,2,,,0,,,,,,Auckland Region,Nil,2-way,Sealed,,0,0,,50,,Null,0,0,,76,Auckland,Give way,,,,,1,0,Urban,0,,,Fine,Null
1749225,5421655,12244,,576100,1,,0,0,,West,2009/2010,THE ESPLANADE,HOUGHTON BAY ROAD,,Minor Crash,No,2009,,West,,0,,Flat,,,,,,Bright sun,2194806,1,0,0,2,,,0,,,,,,Wellington Region,Nil,2-way,Sealed,,0,0,,50,,Null,0,0,,47,Wellington City,Nil,,,,,0,0,Urban,1,,,Fine,Null
1752634,5918225,12245,,515002,0,,1,1,,Null,2008/2009,GREAT NORTH ROAD,KIWI ROAD,,Non-Injury Crash,No,2009,,East,,0,,Flat,,,,,,Bright sun,390501,0,0,0,4,,,0,,,,,,Auckland Region,Nil,2-way,Sealed,,0,0,,50,,Off,0,0,,76,Auckland,Stop,,,,,0,0,Urban,0,,,Fine,Null
1754665,5912552,12246,,518803,0,,0,2,,North,2009/2010,DOMINION ROAD,RICHARDSON ROAD,,Non-Injury Crash,No,2009,,North,,0,,Flat,,,,,,Overcast,583600,0,0,0,2,,,0,,,,,,Auckland Region,Nil,2-way,Sealed,,0,0,,50,,Off,0,0,,76,Auckland,Traffic Signals,,,,,0,0,Urban,0,,,Light rain,Null
1798197.2519,5823054.3556,12247,,527005,0,,0,1,,Null,2008/2009,KAY ROAD,SYLVESTER ROAD,,Non-Injury Crash,No,2009,,East,,0,,Hill Road,,,,,,Overcast,951705,0,0,0,2,,,0,,,,,,Waikato Region,Nil,2-way,Sealed,,0,0,,100,,None,1,0,,16,Hamilton City,Nil,,,,,0,0,Open,0,,,Fine,Null
1751588,5914199,12248,,514402,0,,0,2,,Null,2009/2010,BLOCKHOUSE BAY ROAD,WOLVERTON ST,,Non-Injury Crash,No,2009,,East,,0,,Flat,,,,,,Bright sun,379500,0,0,0,2,,,0,,,,,,Auckland Region,Nil,2-way,Sealed,,0,0,,50,,Off,0,0,,76,Auckland,Give way,,,,,0,0,Urban,0,,,Fine,Null
1801000,5815386,12249,,529700,0,0,1,1,0,North,2009/2010,VICTORIA ST,COLLINGWOOD ST,,Non-Injury Crash,No,2009,0,North,0,0,0,Flat,0,,0,,0,Bright sun,911401,0,0,0,2,0,0,0,0,0,,0,0,Waikato Region,Nil,2-way,Sealed,0,0,0,0,50,0,Null,0,1,,16,Hamilton City,Unknown,0,0,0,0,0,0,Urban,0,1,0,Fine,Null
1776038,5579435,12250,,557500,0,,0,1,,North,2008/2009,MOANA ST,DUNCAN ST,,Non-Injury Crash,No,2009,,East,,0,,Flat,,,,,,Bright sun,1690900,0,0,0,2,,,0,,,,,,Manawatū-Whanganui Region,Nil,2-way,Sealed,,0,0,,50,,Null,0,0,,37,Whanganui District,Nil,,,,,0,0,Urban,1,,,Fine,Null
1753022,5916744,12251,,517800,0,,0,2,,South,2008/2009,NEW NORTH ROAD,LLOYD AVENUE,,Non-Injury Crash,No,2009,,North,,0,,Flat,,,,,,Overcast,527500,0,0,0,4,,,0,,,,,,Auckland Region,Nil,2-way,Sealed,,0,0,,50,,Null,0,0,,76,Auckland,Unknown,,,,,0,0,Urban,0,,,Fine,Null
1900917,5812398,12252,,536653,0,,0,1,,South,2009/2010,MAKETU ROAD,KELLY ROAD,,Non-Injury Crash,No,2009,,South,,0,,Flat,,,,,,Dark,1209700,0,0,0,2,,,0,,,,,,Bay of Plenty Region,Nil,2-way,Sealed,,0,0,,100,,None,0,0,,22,Western Bay of Plenty District,Unknown,,,,,0,0,Open,0,,,Fine,Null
1754114,5933425,12253,,508804,0,0,0,3,0,South,2008/2009,HUGH GREEN DRIVE,KILLYBEGS DRIVE N,,Non-Injury Crash,No,2009,0,East,0,0,0,Flat,0,,0,,0,Dark,180701,0,0,0,2,0,0,0,0,2,,0,0,Auckland Region,Nil,2-way,Sealed,0,0,0,0,50,0,On,0,0,,76,Auckland,Unknown,0,0,0,0,0,0,Urban,0,0,0,Fine,Strong wind
1754905,5917155,12254,,517701,0,,0,2,,West,2009/2010,KENNETH AVENUE,SANDRINGHAM ROAD,,Non-Injury Crash,No,2009,,East,,0,,Hill Road,,,,,,Overcast,536400,0,0,0,2,,,0,,,,,,Auckland Region,Nil,2-way,Sealed,,0,0,,50,,Null,0,0,,76,Auckland,Unknown,,,,,0,0,Urban,0,,,Fine,Null
1755720,5916248,12255,,518201,0,,0,2,,North,2009/2010,DOMINION ROAD,BALMORAL ROAD,,Non-Injury Crash,No,2009,,North,,0,,Flat,,,,,,Overcast,553200,0,0,0,4,,,0,,,,,,Auckland Region,Nil,2-way,Sealed,,0,0,,50,,Off,0,0,,76,Auckland,Nil,,,,,0,0,Urban,0,,,Light rain,Null
1765091,5905795,12256,,522202,0,,0,1,,East,2009/2010,ST GEORGE ST,KOLMAR ROAD,,Non-Injury Crash,No,2009,,West,,0,,Flat,,,,,,Bright sun,664700,0,0,0,2,,,0,,,,,,Auckland Region,Nil,2-way,Sealed,,0,0,,50,,Off,0,0,,76,Auckland,Traffic Signals,,,,,1,0,Urban,0,,,Fine,Null
1619551,5426535,12257,,583900,0,0,0,2,0,Null,2008/2009,Z CPK JUICY LANE,MAIN ROAD STOKE,,Non-Injury Crash,No,2009,0,East,0,0,0,Flat,0,,0,,0,Overcast,2342800,0,0,0,0,0,0,0,0,1,,0,0,Nelson Region,Nil,Off road,Sealed,0,0,0,0,50,0,Null,0,0,,52,Nelson City,Nil,0,0,0,0,0,0,Urban,0,0,0,Fine,Null
1762487,5915600,12258,,520201,0,,0,2,,North,2008/2009,CELTIC CRESCENT,MARUA ROAD E,,Non-Injury Crash,No,2009,,North,,0,,Flat,,,,,,Overcast,608900,0,0,0,2,,,0,,,,,,Auckland Region,Nil,2-way,Sealed,,0,0,,50,,Null,0,0,,76,Auckland,Give way,,,,,0,0,Urban,0,,,Fine,Null
1751092,5915764,12259,,514401,0,,0,2,,West,2008/2009,ASH ST,GREAT NORTH ROAD,,Non-Injury Crash,No,2009,,East,,0,,Flat,,,,,,Dark,381801,0,0,0,2,,,0,,,,,,Auckland Region,Nil,2-way,Sealed,,0,0,,50,,On,0,0,,76,Auckland,Traffic Signals,,,,,0,0,Urban,0,,,Light rain,Null
1758170,5915854,12260,,519300,0,,0,1,,North,2008/2009,MANUKAU ROAD,KING GEORGE AVENUE,,Non-Injury Crash,No,2009,,North,,0,,Flat,,,,,,Bright sun,622900,0,0,0,4,,,0,,,,,,Auckland Region,Nil,2-way,Sealed,,0,0,,50,,Off,0,0,,76,Auckland,Give way,,,,,0,0,Urban,1,,,Fine,Null
1747787,5911113,12261,,512000,0,,0,2,,Null,2009/2010,TITIRANGI ROAD,PARK ROAD,,Non-Injury Crash,No,2009,,South,,0,,Hill Road,,,,,,Dark,295200,0,0,0,2,,,0,,,,,,Auckland Region,Nil,2-way,Sealed,,0,0,,50,,None,0,0,,76,Auckland,Nil,,,,,0,0,Urban,0,,,Fine,Null
1765254,5899734,12262,,524822,0,0,0,1,0,Null,2009/2010,PITT AVENUE,BROOK HAVEN RISE,,Non-Injury Crash,No,2009,0,West,0,0,0,Flat,0,,1,,0,Dark,774439,0,0,0,2,0,0,0,0,0,,0,0,Auckland Region,Nil,2-way,Sealed,0,0,0,0,50,0,On,0,0,,76,Auckland,Nil,0,0,0,0,0,0,Urban,0,0,0,Fine,Null
1892624,5813108,12263,,538502,0,,0,1,,West,2009/2010,JELLICOE ST,BOUCHER AVENUE,,Non-Injury Crash,No,2009,,West,,0,,Flat,,,,,,Bright sun,1214800,0,0,0,2,,,0,,,,,,Bay of Plenty Region,Nil,2-way,Sealed,,0,0,,50,,Null,0,0,,22,Western Bay of Plenty District,Unknown,,,,,0,0,Urban,1,,,Fine,Null
1742752,5919589,12264,,513211,0,0,0,1,0,East,2009/2010,LUANDA DRIVE,ARODELLA CRESCENT N,,Non-Injury Crash,No,2009,0,West,0,0,1,Flat,0,,0,,0,Twilight,235717,0,0,0,2,0,0,0,0,0,,0,0,Auckland Region,Nil,2-way,Sealed,0,0,0,0,50,0,On,0,0,,76,Auckland,Nil,0,0,0,1,0,0,Urban,0,0,0,Fine,Null
1764422,5904433,12265,,522100,0,,0,1,,Null,2008/2009,PUHINUI ROAD,WYLLIE ROAD,,Non-Injury Crash,No,2009,,South,,0,,Flat,,,,,,Bright sun,659200,0,0,0,2,,,0,,,,,,Auckland Region,Nil,1-way,Sealed,,0,0,,50,,Off,0,0,,76,Auckland,Give way,,,,,1,0,Urban,0,,,Fine,Null
1749838,5913943,12266,,511303,0,0,0,2,0,East,2009/2010,GREAT NORTH ROAD,TODD AVENUE,,Non-Injury Crash,No,2009,0,West,0,0,0,Flat,0,,0,,0,Overcast,266000,0,0,0,4,0,0,0,0,0,,0,0,Auckland Region,Nil,2-way,Sealed,0,0,0,0,50,0,Null,0,0,,76,Auckland,Nil,0,0,0,0,0,0,Urban,0,1,0,Fine,Null
1843582,5809242,12267,,535242,0,0,0,0,0,North,2008/2009,SH 27,MATAMATA RACECOURSE,,Non-Injury Crash,Yes,2009,0,South,1,0,0,Flat,0,,0,,0,Dark,1115400,0,0,0,2,0,0,0,0,0,,0,0,Waikato Region,Nil,2-way,Sealed,0,0,0,0,100,0,On,1,0,,15,Matamata-Piako District,Unknown,0,0,0,0,0,0,Open,0,0,0,Light rain,Null
1768082,5899310,12268,,525101,0,,0,1,,Null,2009/2010,MAHIA ROAD,FRIEDLANDERS ROAD,,Non-Injury Crash,No,2009,,East,,0,,Flat,,,,,,Bright sun,772806,0,0,0,2,,,0,,,,,,Auckland Region,Nil,2-way,Sealed,,0,0,,50,,Off,0,0,,76,Auckland,Nil,,,,,0,0,Urban,0,,,Fine,Null
1885153,5773132,12269,,540600,0,,0,2,,Null,2009/2010,FENTON ST,MALFROY ROAD,,Non-Injury Crash,No,2009,,North,,0,,Flat,,,,,,Overcast,1243100,0,0,0,4,,,0,,,,,,Bay of Plenty Region,Nil,2-way,Sealed,,0,0,,50,,Off,0,0,,24,Rotorua District,Give way,,,,,0,0,Urban,0,,,Fine,Null