X,Y,OBJECTID,advisorySpeed,areaUnitID,bicycle,bridge,bus,carStationWagon,cliffBank,crashDirectionDescription,crashFinancialYear,crashLocation1,crashLocation2,crashRoadSideRoad,crashSeverity,crashSHDescription,crashYear,debris,directionRoleDescription,ditch,fatalCount,fence,flatHill,guardRail,holiday,houseOrBuilding,intersection,kerb,light,meshblockId,minorInjuryCount,moped,motorcycle,NumberOfLanes,objectThrownOrDropped,otherObject,otherVehicleType,overBank,parkedVehicle,pedestrian,phoneBoxEtc,postOrPole,region,roadCharacter,roadLane,roadSurface,roadworks,schoolBus,seriousInjuryCount,slipOrFlood,speedLimit,strayAnimal,streetLight,suv,taxi,temporarySpeedLimit,tlaId,tlaName,trafficControl,trafficIsland,trafficSign,train,tree,truck,unknownVehicleType,urban,vanOrUtility,vehicle,waterRiver,weatherA,weatherB
1754128,5931309,12270,,508803,0,,0,2,,South,2009/2010,SH 1N,CONSTELLATION OBR,,Non-Injury Crash,Yes,2009,,North,,0,,Flat,,,,,,Overcast,180818,0,0,0,3,,,0,,,,,,Auckland Region,Nil,2-way,Sealed,,0,0,,100,,Off,0,0,,76,Auckland,Nil,,,,,0,0,Open,0,,,Light rain,Null
1763660,5439458,12271,,568202,0,,0,2,,Null,2009/2010,TAITA DRIVE,HARCOURT WERRY DRIVE,,Non-Injury Crash,No,2009,,North,,0,,Flat,,,,,,Dark,1939700,0,0,0,2,,,0,,,,,,Wellington Region,Nil,2-way,Sealed,,0,0,,50,,On,0,0,,46,Lower Hutt City,Give way,,,,,0,0,Urban,0,,,Fine,Null
1747215,5920585,12272,,512300,0,,0,2,,Null,2008/2009,TE ATATU ROAD,GLORIA AVENUE,,Non-Injury Crash,No,2009,,South,,0,,Flat,,,,,,Bright sun,252000,0,0,0,4,,,0,,,,,,Auckland Region,Nil,2-way,Sealed,,0,0,,50,,Null,0,0,,76,Auckland,Give way,,,,,0,0,Urban,0,,,Fine,Null
1769396,5884746,12273,,521111,0,0,0,1,0,South,2009/2010,TUHIMATA ROAD,SIM ROAD,,Non-Injury Crash,No,2009,0,North,0,0,1,Flat,0,,0,,0,Overcast,813502,0,0,0,2,0,0,0,0,0,,0,0,Auckland Region,Nil,2-way,Sealed,0,0,0,0,100,0,None,0,0,,76,Auckland,Nil,0,1,0,0,0,0,Open,0,0,0,Fine,Null
1729975,6029658,12274,,501811,0,0,0,0,0,North,2008/2009,ONE TREE POINT ROAD,SH 15A,,Non-Injury Crash,No,2009,0,North,1,0,0,Flat,0,,0,,0,Bright sun,79201,0,0,0,2,0,0,0,0,0,,0,0,Northland Region,Nil,2-way,Sealed,0,0,0,0,100,0,Off,0,0,,2,Whangarei District,Nil,0,0,0,0,1,0,Open,0,0,0,Fine,Null
1745769,5917435,12275,,510700,0,,0,2,,Null,2008/2009,EDMONTON ROAD,TAKAPU ST,,Non-Injury Crash,No,2009,,South,,0,,Flat,,,,,,Overcast,240000,0,0,0,4,,,0,,,,,,Auckland Region,Nil,2-way,Sealed,,0,0,,50,,Off,0,0,,76,Auckland,Nil,,,,,0,0,Urban,0,,,Light rain,Null
1757560,5920512,12276,,514103,0,0,0,2,0,South,2008/2009,COURTHOUSE LANE,CHANCERY ST,,Non-Injury Crash,No,2009,0,South,0,0,0,Flat,0,,0,,0,Bright sun,437702,0,0,0,2,0,0,0,0,1,,0,0,Auckland Region,Nil,2-way,Sealed,0,0,0,0,50,0,Off,0,0,,76,Auckland,Nil,0,0,0,0,0,0,Urban,0,0,0,Fine,Null
1755829,5916635,12277,,518201,0,,0,4,,North,2009/2010,DOMINION ROAD,MONT LE GRAND ROAD,,Non-Injury Crash,No,2009,,South,,0,,Flat,,,,,,Twilight,549300,0,0,0,4,,,0,,,,,,Auckland Region,Nil,2-way,Sealed,,0,0,,50,,Off,0,0,,76,Auckland,Nil,,,,,0,0,Urban,0,,,Light rain,Null
1803963,5790349,12278,,531004,0,,0,1,,Null,2009/2010,VAILE ST,ROCHE ST,,Non-Injury Crash,No,2009,,South,,0,,Flat,,,,,,Dark,973600,0,0,0,2,,,0,,,,,,Waikato Region,Nil,2-way,Sealed,,0,0,,50,,On,0,0,,17,Waipa District,Give way,,,,,1,0,Urban,0,,,Fine,Null
1928816,5606301,12279,,547700,0,,0,2,,South,2009/2010,PAKOWHAI ROAD,HERETAUNGA ST WEST,,Non-Injury Crash,No,2009,,North,,0,,Flat,,,,,,Bright sun,1486000,0,0,0,2,,,0,,,,,,Hawke's Bay Region,Nil,2-way,Sealed,,0,0,,50,,Null,0,0,,30,Hastings District,Nil,,,,,0,0,Urban,0,,,Fine,Null
1763998,5912035,12280,,520500,0,,0,2,,Null,2008/2009,MOUNT WELLINGTON HIGHWAY,VESTEY DRIVE,,Non-Injury Crash,No,2009,,North,,0,,Flat,,,,,,Bright sun,637900,0,0,0,3,,,0,,,,,,Auckland Region,Nil,1-way,Sealed,,0,0,,50,,Off,0,0,,76,Auckland,Nil,,,,,0,0,Urban,0,,,Fine,Null
1769043,5911542,12281,,523107,0,,0,1,,Null,2009/2010,HARRIS ROAD,TI RAKAU DRIVE,,Non-Injury Crash,No,2009,,East,,0,,Flat,,,,,,Bright sun,711402,0,0,0,4,,,0,,,,,,Auckland Region,Nil,2-way,Sealed,,0,0,,60,,Null,0,0,,76,Auckland,Traffic Signals,,,,,1,0,Urban,0,,,Fine,Null
1876909,5826378,12282,,537201,0,,0,2,,Null,2008/2009,OTUMOETAI ROAD,CHERRYWOOD DRIVE,,Non-Injury Crash,No,2009,,South,,0,,Flat,,,,,,Bright sun,1154701,0,0,0,2,,,0,,,,,,Bay of Plenty Region,Nil,2-way,Sealed,,0,0,,50,,Off,0,0,,23,Tauranga City,Give way,,,,,0,0,Urban,0,,,Fine,Null
1765791,5903189,12283,,524604,0,,0,1,,West,2009/2010,WIRI STATION ROAD,ASH ROAD,,Non-Injury Crash,No,2009,,East,,0,,Hill Road,,,,,,Overcast,780208,0,0,0,4,,,0,,,,,,Auckland Region,Bridge,2-way,Sealed,,0,0,,70,,Off,1,1,,76,Auckland,Nil,,,,,0,0,Urban,0,,,Fine,Null
1882679,5773988,12284,,539600,0,0,0,1,0,West,2009/2010,SUNSET ROAD,WRIGLEY ROAD,,Non-Injury Crash,No,2009,0,West,0,0,0,Flat,0,,0,,1,Overcast,1227800,0,0,0,2,0,0,0,0,0,,0,1,Bay of Plenty Region,Nil,2-way,Sealed,0,0,0,0,50,0,Null,0,0,,24,Rotorua District,Unknown,0,0,0,0,0,0,Urban,0,0,0,Fine,Null
1768491,5911663,12285,,523112,0,,1,0,,Null,2009/2010,TI RAKAU DRIVE,TRUGOOD DRIVE,,Non-Injury Crash,No,2009,,West,,0,,Flat,,,,,,Bright sun,711404,0,0,0,6,,,0,,,,,,Auckland Region,Nil,2-way,Sealed,,0,0,,70,,Null,1,0,,76,Auckland,Traffic Signals,,,,,0,0,Urban,0,,,Light rain,Null
1749043,5427411,12286,,573101,0,0,1,0,0,Null,2009/2010,Z FCT BP,TARANAKI/CABLE,,Non-Injury Crash,No,2009,0,North,0,0,0,Flat,0,,0,,0,Bright sun,2135200,0,0,0,2,0,0,0,0,0,,0,0,Wellington Region,Nil,2-way,Sealed,0,0,0,0,50,0,Null,0,0,,47,Wellington City,Nil,0,0,0,0,0,0,Urban,1,1,0,Fine,Null
1763983,5904268,12287,45,524604,0,,0,1,,North,2009/2010,PUHINUI ON NBD,SH 20B,,Non-Injury Crash,Yes,2009,,North,,0,,Flat,,,,,,Bright sun,780902,0,0,0,2,,,0,,,,,,Auckland Region,Nil,2-way,Sealed,,0,0,,50,,Off,0,0,,76,Auckland,Traffic Signals,,,,,1,0,Urban,0,,,Fine,Null
1746188,5428425,12288,,574800,0,,0,2,,East,2009/2010,KARORI ROAD,HATTON ST,,Non-Injury Crash,No,2009,,East,,0,,Flat,,,,,,Bright sun,2107003,0,0,0,2,,,0,,,,,,Wellington Region,Nil,2-way,Sealed,,0,0,,50,,Null,0,0,,47,Wellington City,Traffic Signals,,,,,0,0,Urban,0,,,Fine,Null
1786034,5446700,12289,,567902,0,0,0,1,1,North,2009/2010,SH 2,JIMS CORNER,,Non-Injury Crash,Yes,2009,0,West,0,0,0,Hill Road,0,,0,,0,Dark,1916300,0,0,0,2,0,0,0,0,0,,0,0,Wellington Region,Nil,2-way,Sealed,0,0,0,0,100,0,None,0,0,,45,Upper Hutt City,Nil,0,0,0,0,0,0,Open,0,0,0,Fine,Null
1718896,6046061,12290,,503000,0,,0,2,,South,2008/2009,SH 1N,SELWYN AVENUE,,Non-Injury Crash,Yes,2009,,North,,0,,Flat,,,,,,Overcast,98100,0,0,0,4,,,0,,,,,,Northland Region,Nil,2-way,Sealed,,0,0,,50,,Null,0,0,,2,Whangarei District,Traffic Signals,,,,,0,0,Urban,0,,,Heavy rain,Null
1772456,5890275,12291,,521302,0,0,0,1,1,South,2008/2009,BURTT ROAD,MCPHERSON ROAD,,Non-Injury Crash,No,2009,0,North,1,0,0,Flat,0,,0,,0,Dark,807500,0,0,0,2,0,0,0,0,0,,0,0,Auckland Region,Nil,2-way,Sealed,0,0,0,0,100,0,None,0,0,,76,Auckland,Nil,0,0,0,0,0,0,Open,0,0,0,Fine,Null
1745826,5913958,12292,,511001,0,,0,3,,Null,2009/2010,WEST COAST ROAD,WAIKAUKAU ROAD,,Non-Injury Crash,No,2009,,East,,0,,Flat,,,,,,Overcast,282601,0,0,0,2,,,0,,,,,,Auckland Region,Nil,2-way,Sealed,,0,0,,50,,Null,0,0,,76,Auckland,Nil,,,,,0,0,Urban,0,,,Light rain,Null
1764132,5913611,12293,,520500,0,,0,1,,Null,2009/2010,WAIPUNA ROAD,IRELAND ROAD,,Non-Injury Crash,No,2009,,East,,0,,Flat,,,,,,Bright sun,638700,0,0,0,4,,,0,,,,,,Auckland Region,Nil,2-way,Sealed,,0,0,,50,,Off,1,0,,76,Auckland,Traffic Signals,,,,,0,0,Urban,0,,,Fine,Null
1770229,5911046,12294,,523109,0,,0,0,,North,2009/2010,TE IRIRANGI DRIVE,TOWN CENTRE DRIVE,,Non-Injury Crash,No,2009,,South,,0,,Flat,,,,,,Bright sun,711709,0,0,0,4,,,0,,,,,,Auckland Region,Nil,1-way,Sealed,,0,0,,50,,Off,0,0,,76,Auckland,Nil,,,,,1,0,Urban,1,,,Fine,Null
1756964,5434938,12295,,569900,0,,0,1,,Null,2009/2010,HUTT ROAD,KOROKORO ROAD,,Non-Injury Crash,No,2009,,West,,0,,Flat,,,,,,Overcast,2034700,0,0,0,2,,,0,,,,,,Wellington Region,Nil,2-way,Sealed,,0,0,,50,,Null,0,0,,46,Lower Hutt City,Give way,,,,,0,0,Urban,1,,,Fine,Null
1692212,5675760,12296,,551900,0,0,0,2,0,South,2008/2009,MOUNT EDGCUMBE ST,VIVIAN ST,,Non-Injury Crash,No,2009,0,East,0,0,0,Flat,0,,0,,0,Bright sun,1589900,0,0,0,2,0,0,0,0,1,,0,0,Taranaki Region,Nil,2-way,Sealed,0,0,0,0,50,0,Null,0,0,,33,New Plymouth District,Nil,0,0,0,0,0,0,Urban,0,0,0,Fine,Null
1711354,5643210,12297,,553004,0,0,0,2,0,North,2008/2009,SH 3,HILLS ROAD,,Non-Injury Crash,Yes,2009,0,South,1,0,0,Flat,0,,0,,0,Overcast,1619400,0,0,0,2,0,0,0,0,0,,0,0,Taranaki Region,Nil,2-way,Sealed,0,0,0,0,100,0,Null,0,0,,34,Stratford District,Nil,0,0,0,0,0,0,Open,0,0,0,Light rain,Null
1779263,5927439,12298,,520801,0,0,0,2,0,Null,2008/2009,OCEAN VIEW ROAD,OUE ROAD,,Non-Injury Crash,No,2009,0,West,0,0,0,Flat,1,,0,,1,Overcast,516201,0,0,0,2,0,0,0,0,0,,0,0,Auckland Region,Nil,2-way,Sealed,0,0,0,0,50,0,Null,0,0,,76,Auckland,Give way,0,0,0,0,0,0,Urban,0,0,0,Fine,Null
1760660,5916815,12299,,516202,0,,0,2,,South,2009/2010,ORAKEI ROAD,REMUERA ROAD,,Non-Injury Crash,No,2009,,North,,0,,Flat,,,,,,Overcast,489600,0,0,0,2,,,0,,,,,,Auckland Region,Nil,2-way,Sealed,,0,0,,50,,Off,0,0,,76,Auckland,Nil,,,,,0,0,Urban,0,,,Fine,Null
1802632,5815001,12300,,530200,0,,0,3,,East,2009/2010,CLYDE ST,PINFOLD AVENUE,,Non-Injury Crash,No,2009,,West,,0,,Flat,,,,,,Overcast,893700,0,0,0,2,,,0,,,,,,Waikato Region,Nil,2-way,Sealed,,0,0,,50,,Off,0,0,,16,Hamilton City,Nil,,,,,0,0,Urban,0,,,Fine,Null
1745964,5917122,12301,,510700,0,,0,2,,Null,2008/2009,GREAT NORTH ROAD,MONTEL AVENUE,,Non-Injury Crash,No,2009,,North,,0,,Hill Road,,,,,,Dark,240505,0,0,0,4,,,0,,,,,,Auckland Region,Nil,2-way,Sealed,,0,0,,50,,On,0,0,,76,Auckland,Stop,,,,,0,0,Urban,0,,,Fine,Null
1748348,5427661,12302,,573000,0,,0,2,,North,2008/2009,SH 1N,VIVIAN ST,,Non-Injury Crash,Yes,2009,,South,,0,,Flat,,,,,,Dark,2126900,0,0,0,2,,,0,,,,,,Wellington Region,Nil,2-way,Sealed,,0,0,,100,,On,0,0,,47,Wellington City,Nil,,,,,0,0,Open,0,,,Fine,Null
1776623,5447075,12303,,566700,0,0,0,1,0,South,2008/2009,NORANA ROAD,ANISEED GROVE,,Non-Injury Crash,No,2009,0,South,0,0,0,Hill Road,0,,0,,0,Bright sun,1913802,0,0,0,2,0,0,0,0,0,,0,1,Wellington Region,Nil,2-way,Sealed,0,0,0,0,50,0,Null,0,0,,45,Upper Hutt City,Nil,0,0,0,0,0,0,Urban,0,0,0,Fine,Null
1756232,5591207,12304,,555400,0,0,0,1,0,North,2008/2009,SH 3,MARAHAU ROAD,,Non-Injury Crash,Yes,2009,0,South,0,0,1,Flat,0,,0,,0,Bright sun,1679200,0,0,0,2,0,0,0,0,0,,0,0,Manawatū-Whanganui Region,Nil,2-way,Sealed,0,0,0,0,100,0,Null,0,0,,37,Whanganui District,Nil,0,0,0,0,0,0,Open,0,0,0,Fine,Null
1767785,5903904,12305,,524602,0,,0,3,,North,2009/2010,GREAT SOUTH ROAD,MANUKAU OFF NBD,,Non-Injury Crash,No,2009,,North,,0,,Flat,,,,,,Bright sun,780417,0,0,0,4,,,0,,,,,,Auckland Region,Nil,2-way,Sealed,,0,0,,50,,Off,0,0,,76,Auckland,Nil,,,,,0,0,Urban,0,,,Fine,Null
1745744,5944896,12306,,506614,0,0,0,1,0,East,2008/2009,PINE VALLEY ROAD,POYNTER LANE,,Non-Injury Crash,No,2009,0,East,0,0,1,Flat,0,,0,,0,Overcast,177803,0,0,0,2,0,0,0,0,0,,0,0,Auckland Region,Nil,2-way,Sealed,0,0,0,0,80,0,None,0,0,,76,Auckland,Nil,0,0,0,0,0,0,Open,0,0,0,Fine,Null
1882456,5771775,12307,,539800,0,,0,2,,Null,2009/2010,DEVON ST WEST,PUKEHANGI ROAD,,Non-Injury Crash,No,2009,,West,,0,,Hill Road,,,,,,Bright sun,1264511,0,0,0,2,,,0,,,,,,Bay of Plenty Region,Nil,2-way,Sealed,,0,0,,50,,Null,0,0,,24,Rotorua District,Give way,,,,,0,0,Urban,0,,,Fine,Null
1770922,5913291,12308,,523101,0,0,0,1,0,Null,2009/2010,PARRAMATTA PLACE,MIRRABOOKA AVENUE,,Non-Injury Crash,No,2009,0,East,0,0,0,Hill Road,0,,0,,0,Dark,710528,0,0,0,2,0,0,0,0,0,,0,0,Auckland Region,Nil,2-way,Sealed,0,0,0,0,50,0,On,0,0,,76,Auckland,Nil,0,0,0,1,0,0,Urban,0,0,0,Fine,Null
1869606,5720343,12309,,541312,0,0,0,1,1,North,2008/2009,SH 1N,SH 5,,Non-Injury Crash,Yes,2009,0,South,0,0,0,Flat,0,,0,,0,Bright sun,1278500,0,0,0,2,0,0,0,0,0,,0,0,Waikato Region,Nil,2-way,Sealed,0,0,0,0,100,0,Off,0,0,,21,Taupo District,Nil,0,0,0,0,0,0,Open,0,0,0,Fine,Null
1766164,5814031,12310,,526602,0,,0,1,,Null,2008/2009,SH 23,LORENZEN BAY ROAD,,Non-Injury Crash,Yes,2009,,West,,0,,Hill Road,,,,,,Overcast,861201,0,0,0,2,,,0,,,,,,Waikato Region,Nil,2-way,Sealed,,0,0,,70,,None,0,0,,13,Waikato District,Give way,,,,,0,0,Urban,1,,,Fine,Null
1759206,5903430,12311,,524200,0,,0,2,,Null,2009/2010,GEORGE BOLT MEMORIAL DRIV,TOM PEARCE DRIVE,,Non-Injury Crash,No,2009,,South,,0,,Flat,,,,,,Overcast,727200,0,0,0,4,,,0,,,,,,Auckland Region,Nil,2-way,Sealed,,0,0,,50,,Off,0,0,,76,Auckland,Traffic Signals,,,,,0,0,Urban,0,,,Light rain,Null
1561422,5178696,12312,,587400,0,,0,2,,Null,2008/2009,SH 1S,GOULDING AVENUE,,Non-Injury Crash,Yes,2009,,North,,0,,Flat,,,,,,Dark,2488300,0,0,0,3,,,0,,,,,,Canterbury Region,Nil,2-way,Sealed,,0,0,,50,,On,0,0,,60,Christchurch City,Traffic Signals,,,,,0,0,Urban,0,,,Light rain,Null
1753863,5914177,12313,,518801,0,,0,1,,Null,2009/2010,SH 20,SANDRINGHAM ROAD,,Non-Injury Crash,Yes,2009,,West,,0,,Flat,,,,,,Bright sun,578500,0,0,0,4,,,0,,,,,,Auckland Region,Nil,2-way,Sealed,,0,0,,100,,Off,0,0,,76,Auckland,Give way,,,,,0,0,Open,1,,,Fine,Null
1756610,5920757,12314,,514102,0,,0,2,,Null,2009/2010,FANSHAWE ST,HALSEY ST,,Non-Injury Crash,No,2009,,West,,0,,Flat,,,,,,Dark,432500,0,0,0,4,,,0,,,,,,Auckland Region,Nil,2-way,Sealed,,0,0,,50,,On,0,0,,76,Auckland,Traffic Signals,,,,,0,0,Urban,0,,,Light rain,Null
1755337,5921723,12315,,515202,0,0,0,1,0,South,2008/2009,SHELLY OFF SBD,SH 1N,,Non-Injury Crash,Yes,2009,0,South,0,0,0,Hill Road,1,,0,,0,Dark,423600,0,0,0,1,0,0,0,0,0,,0,0,Auckland Region,Motorway ramp,1-way,Sealed,0,0,0,0,50,0,On,0,0,,76,Auckland,Nil,0,0,0,0,0,0,Urban,0,0,0,Light rain,Null
1745465,5920523,12316,,513301,0,0,0,1,0,Null,2009/2010,LINCOLN ROAD,LINCOLN OFF WBD S,,Non-Injury Crash,No,2009,0,West,1,0,0,Hill Road,0,,0,,0,Dark,230301,0,0,0,2,0,0,0,0,0,,0,0,Auckland Region,Motorway ramp,1-way,Sealed,0,0,0,0,100,0,On,0,0,,76,Auckland,Nil,1,0,0,0,0,0,Open,0,0,0,Fine,Null
1755569,5944195,12317,,505909,0,,0,0,,South,2009/2010,KAREPIRO DRIVE,WHANGAPARAOA ROAD,,Non-Injury Crash,No,2009,,South,,0,,Flat,,,,,,Dark,174007,0,0,0,2,,,0,,,,,,Auckland Region,Nil,2-way,Sealed,,0,0,,50,,On,2,0,,76,Auckland,Unknown,,,,,0,0,Urban,0,,,Fine,Null
1773714,5896870,12318,,525630,0,0,0,1,0,Null,2009/2010,CLEVEDON ROAD,GROVE ROAD,,Non-Injury Crash,No,2009,0,South,0,0,0,Flat,0,Christmas New Year,0,,0,Twilight,795400,0,0,0,2,0,0,0,0,0,,0,1,Auckland Region,Nil,2-way,Sealed,0,0,0,0,50,0,Off,0,0,,76,Auckland,Give way,0,0,0,0,0,0,Urban,1,0,0,Fine,Null
1758211,5913502,12319,,519710,0,,0,1,,North,2009/2010,MANUKAU ROAD,MOUNT ALBERT ROAD,,Non-Injury Crash,No,2009,,North,,0,,Flat,,,,,,Dark,594701,0,0,0,2,,,0,,,,,,Auckland Region,Nil,2-way,Sealed,,0,0,,50,,On,1,0,,76,Auckland,Nil,,,,,0,0,Urban,0,,,Fine,Null
1801138,5554932,12320,,559230,0,,0,1,,North,2008/2009,SH 3,BRIGHTWELL ROAD,,Non-Injury Crash,Yes,2009,,South,,0,,Flat,,,,,,Overcast,1740700,0,0,0,2,,,0,,,,,,Manawatū-Whanganui Region,Nil,2-way,Sealed,,0,0,,100,,Null,1,0,30,38,Rangitikei District,Nil,,,,,0,0,Open,0,,,Heavy rain,Null
1748236,5914016,12321,,511700,0,,0,0,,Null,2009/2010,GREAT NORTH ROAD,WEST COAST ROAD,,Non-Injury Crash,No,2009,,South,,0,,Flat,,,,,,Bright sun,270201,0,0,0,5,,,0,,,,,,Auckland Region,Nil,2-way,Sealed,,0,0,,50,,Off,0,0,,76,Auckland,Traffic Signals,,,,,0,0,Urban,2,,,Fine,Null
1884593,5774004,12322,,540410,1,,0,0,,Null,2008/2009,RANOLF ST,PUKUATUA ST,,Non-Injury Crash,No,2009,,North,,0,,Flat,,,,,,Bright sun,1232300,0,0,0,2,,,0,,,,,,Bay of Plenty Region,Nil,2-way,Sealed,,0,0,,50,,Null,0,0,,24,Rotorua District,Give way,,,,,1,0,Urban,0,,,Fine,Null
1752696,5918073,12323,,515003,0,,0,2,,East,2009/2010,SH 16,CARRINGTON OBR,,Non-Injury Crash,Yes,2009,,West,,0,,Flat,,,,,,Bright sun,390600,0,0,0,3,,,0,,,,,,Auckland Region,Nil,1-way,Sealed,,0,0,,100,,Off,0,0,,76,Auckland,Nil,,,,,0,0,Open,1,,,Fine,Null
1753631,5928080,12324,,508310,0,,0,2,,North,2009/2010,GLENFIELD ROAD,BENTLEY AVENUE,,Non-Injury Crash,No,2009,,North,,0,,Flat,,,,,,Bright sun,200000,0,0,0,4,,,0,,,,,,Auckland Region,Nil,2-way,Sealed,,0,0,,50,,Null,0,0,,76,Auckland,Traffic Signals,,,,,0,0,Urban,0,,,Fine,Null
1770327,5911320,12325,,523105,0,,0,2,,Null,2008/2009,BOTANY ROAD,TI RAKAU DRIVE,,Non-Injury Crash,No,2009,,North,,0,,Flat,,,,,,Overcast,711185,0,0,0,3,,,0,,,,,,Auckland Region,Nil,2-way,Sealed,,0,0,,50,,Null,0,0,,76,Auckland,Traffic Signals,,,,,0,0,Urban,0,,,Light rain,Null
1688782,5629056,12326,,553700,0,0,0,1,0,West,2009/2010,SKEET ROAD,AUROA ROAD,,Non-Injury Crash,No,2009,0,West,0,0,1,Flat,0,,0,,0,Dark,1659400,0,0,0,2,0,0,0,0,0,,0,0,Taranaki Region,Nil,2-way,Sealed,0,0,0,0,100,0,None,0,0,,35,South Taranaki District,Nil,0,0,0,0,0,0,Open,0,0,0,Fine,Null
1757004,5448724,12327,,572000,0,,0,0,,Null,2008/2009,SH 1N,PASCOE AVENUE,,Non-Injury Crash,Yes,2009,,North,,0,,Flat,,,,,,Bright sun,2069700,0,0,0,2,,,0,,,,,,Wellington Region,Nil,2-way,Sealed,,0,0,,50,,Null,1,0,,44,Porirua City,Traffic Signals,,,,,0,0,Urban,1,,,Fine,Null
1753305,5875699,12328,,526103,0,0,1,1,0,Null,2009/2010,MARTYN ST,KIRK ST,,Non-Injury Crash,No,2009,0,West,0,0,0,Flat,0,,0,,0,Overcast,837300,0,0,0,2,0,0,0,0,1,,0,0,Auckland Region,Nil,2-way,Sealed,0,0,0,0,50,0,Off,0,0,,76,Auckland,Nil,0,0,0,0,0,0,Urban,0,0,0,Fine,Null
1600966,5449649,12329,,584303,0,,0,1,,Null,2009/2010,SH 60,PARKER ST,,Non-Injury Crash,Yes,2009,,North,,0,,Flat,,,,,,Bright sun,2376400,0,0,0,3,,,0,,,,,,Tasman Region,Nil,2-way,Sealed,,0,0,,50,,Null,1,0,,51,Tasman District,Give way,,,,,0,0,Urban,0,,,Fine,Null
1801553,5821420,12330,,527009,0,,0,0,,Null,2009/2010,GORDONTON ROAD,THOMAS ROAD,,Non-Injury Crash,No,2009,,North,,0,,Flat,,,,,,Twilight,952322,0,0,0,2,,,0,,,,,,Waikato Region,Nil,2-way,Sealed,,0,0,,80,,On,2,0,,16,Hamilton City,Give way,,,,,0,0,Open,0,,,Light rain,Null
1765412,5907100,12331,,522201,0,,0,1,,South,2009/2010,SHIRLEY ROAD,GREAT SOUTH ROAD,,Non-Injury Crash,No,2009,,South,,0,,Flat,,Christmas New Year,,,,Bright sun,662300,0,0,0,2,,,0,,,,,,Auckland Region,Nil,2-way,Sealed,,0,0,,50,,Null,1,0,,76,Auckland,Unknown,,,,,0,0,Urban,0,,,Fine,Null
1852095,5885238,12332,,533603,0,0,0,1,0,South,2009/2010,SH 25,OPOUTERE ROAD,,Non-Injury Crash,Yes,2009,0,North,0,0,1,Flat,0,Labour Weekend,0,,0,Twilight,1060406,0,0,0,2,0,0,0,0,0,,0,0,Waikato Region,Nil,2-way,Sealed,0,0,0,0,100,0,None,0,0,,11,Thames-Coromandel District,Nil,0,0,0,0,0,0,Open,0,0,0,Fine,Null
1761972,5913415,12333,,519500,0,,0,2,,Null,2008/2009,GREAT SOUTH ROAD,PENROSE ROAD,,Non-Injury Crash,No,2009,,South,,0,,Flat,,,,,,Overcast,621500,0,0,0,2,,,0,,,,,,Auckland Region,Nil,2-way,Sealed,,0,0,,50,,Null,0,0,,76,Auckland,Traffic Signals,,,,,0,0,Urban,0,,,Fine,Null
1774283,5578525,12334,,556800,0,,0,1,,Null,2008/2009,GLASGOW ST,VICTORIA AVENUE,,Non-Injury Crash,No,2009,,North,,0,,Flat,,,,,,Dark,1702400,0,0,0,2,,,0,,,,,,Manawatū-Whanganui Region,Nil,2-way,Sealed,,0,0,,50,,On,0,0,,37,Whanganui District,Traffic Signals,,,,,1,0,Urban,0,,,Fine,Null
1863415,5544163,12335,,550102,0,,0,1,,Null,2008/2009,MILLER ST,DENMARK ST,,Non-Injury Crash,No,2009,,West,,0,,Flat,,,,,,Bright sun,1528700,0,0,0,2,,,0,,,,,,Manawatū-Whanganui Region,Nil,2-way,Sealed,,0,0,,50,,Null,0,0,,41,Tararua District,Stop,,,,,1,0,Urban,0,,,Fine,Null
1759937,5436513,12336,,569100,0,,0,1,,Null,2008/2009,HIGH ST,RAROA ROAD,,Non-Injury Crash,No,2009,,South,,0,,Flat,,,,,,Overcast,1967200,0,0,0,2,,,0,,,,,,Wellington Region,Nil,2-way,Sealed,,0,0,,50,,Null,1,0,,46,Lower Hutt City,Give way,,,,,0,0,Urban,0,,,Light rain,Null
1570887,5179554,12337,,591500,0,,0,2,,Null,2008/2009,MANCHESTER ST,ST ASAPH ST,,Non-Injury Crash,No,2009,,North,,0,,Flat,,,,,,Dark,2649500,0,0,0,2,,,0,,,,,,Canterbury Region,Nil,2-way,Sealed,,0,0,,50,,On,0,0,,60,Christchurch City,Traffic Signals,,,,,0,0,Urban,0,,,Fine,Null
1758940,5913135,12338,,519710,0,,0,2,,South,2008/2009,ONEHUNGA MALL,MOUNT SMART ROAD,,Non-Injury Crash,No,2009,,North,,0,,Flat,,,,,,Bright sun,595700,0,0,0,4,,,0,,,,,,Auckland Region,Nil,2-way,Sealed,,0,0,,50,,Off,0,0,,76,Auckland,Nil,,,,,0,0,Urban,0,,,Fine,Null
1768708,5881041,12339,,525921,0,,0,2,,Null,2009/2010,WESLEY ST,QUEEN ST,,Non-Injury Crash,No,2009,,West,,0,,Flat,,,,,,Dark,821600,0,0,0,2,,,0,,,,,,Auckland Region,Nil,2-way,Sealed,,0,0,,50,,On,0,0,,76,Auckland,Give way,,,,,0,0,Urban,0,,,Light rain,Null