X,Y,OBJECTID,advisorySpeed,areaUnitID,bicycle,bridge,bus,carStationWagon,cliffBank,crashDirectionDescription,crashFinancialYear,crashLocation1,crashLocation2,crashRoadSideRoad,crashSeverity,crashSHDescription,crashYear,debris,directionRoleDescription,ditch,fatalCount,fence,flatHill,guardRail,holiday,houseOrBuilding,intersection,kerb,light,meshblockId,minorInjuryCount,moped,motorcycle,NumberOfLanes,objectThrownOrDropped,otherObject,otherVehicleType,overBank,parkedVehicle,pedestrian,phoneBoxEtc,postOrPole,region,roadCharacter,roadLane,roadSurface,roadworks,schoolBus,seriousInjuryCount,slipOrFlood,speedLimit,strayAnimal,streetLight,suv,taxi,temporarySpeedLimit,tlaId,tlaName,trafficControl,trafficIsland,trafficSign,train,tree,truck,unknownVehicleType,urban,vanOrUtility,vehicle,waterRiver,weatherA,weatherB
1757907,5435498,12340,,569202,0,0,0,1,0,South,2008/2009,HUTT ROAD,HUME ST,,Non-Injury Crash,No,2009,0,North,0,0,0,Hill Road,1,,0,,0,Bright sun,1923100,0,0,0,2,0,0,0,0,0,,0,0,Wellington Region,Bridge,2-way,Sealed,0,0,0,0,100,0,Null,0,0,30,46,Lower Hutt City,Nil,0,0,0,0,0,0,Open,0,0,0,Fine,Strong wind
1611543,5242040,12341,40,585700,0,,0,0,,East,2009/2010,STONYHURST ROAD,HAPPY VALLEY ROAD,,Minor Crash,No,2009,,South,,0,,Hill Road,,,,,,Overcast,2434702,1,0,0,1,,,0,,,,,,Canterbury Region,Nil,2-way,Unsealed,,0,0,,100,,Null,0,0,,58,Hurunui District,Unknown,,,,,1,0,Open,1,,,Fine,Null
1286308,4886224,12342,,610250,0,,0,1,,Null,2008/2009,SH 1S,HYDE ST,,Non-Injury Crash,Yes,2009,,North,,0,,Flat,,,,,,Overcast,3058100,0,0,0,2,,,0,,,,,,Southland Region,Nil,2-way,Sealed,,0,0,,50,,Null,1,0,,74,Gore District,Give way,,,,,0,0,Urban,0,,,Fine,Null
1773601,5895596,12343,,525510,0,0,0,2,0,South,2009/2010,MARNE ROAD,ORION ST,,Non-Injury Crash,No,2009,0,West,0,0,0,Flat,0,Labour Weekend,0,,0,Bright sun,801300,0,0,0,2,0,0,0,0,1,,0,0,Auckland Region,Nil,2-way,Sealed,0,0,0,0,50,0,Null,0,0,,76,Auckland,Nil,0,0,0,0,0,0,Urban,0,0,0,Fine,Null
1788326,5882167,12344,,521135,0,0,0,1,0,North,2009/2010,PAPARIMU ROAD,LYONS ROAD,,Non-Injury Crash,No,2009,0,South,0,0,0,Hill Road,0,,0,,0,Dark,841502,0,0,0,2,0,0,0,0,0,,0,0,Auckland Region,Nil,2-way,Sealed,0,0,0,0,100,0,None,0,0,,76,Auckland,Nil,0,0,0,1,0,0,Open,0,0,0,Fine,Null
1823706,5463150,12345,,578600,0,0,0,2,0,Null,2009/2010,QUEEN ST,WORKSOP ROAD,,Non-Injury Crash,No,2009,0,North,0,0,0,Flat,0,,0,,0,Overcast,2242900,0,0,0,2,0,0,0,0,1,,0,0,Wellington Region,Nil,2-way,Sealed,0,0,0,0,50,0,Null,0,0,,48,Masterton District,Give way,0,0,0,0,0,0,Urban,0,0,0,Fine,Null
1743666,5919379,12346,,513212,0,,0,2,,Null,2009/2010,SWANSON ROAD,DON BUCK ROAD,,Non-Injury Crash,No,2009,,East,,0,,Flat,,,,,,Bright sun,235711,0,0,0,2,,,0,,,,,,Auckland Region,Nil,2-way,Sealed,,0,0,,50,,Null,0,0,,76,Auckland,Give way,,,,,0,0,Urban,0,,,Fine,Null
1699157,6095046,12347,,501100,0,0,0,1,0,West,2009/2010,WILLIAMS ROAD,SELWYN ROAD,,Non-Injury Crash,No,2009,0,East,0,0,0,Flat,0,,0,,0,Bright sun,54200,0,0,0,1,0,0,0,0,1,,0,0,Northland Region,Nil,2-way,Sealed,0,0,0,0,50,0,Off,1,0,,1,Far North District,Nil,0,0,0,0,0,0,Urban,0,0,0,Fine,Null
1757875,5918108,12348,,515700,0,,0,2,,North,2009/2010,SH 1N,GILLIES OBR,,Non-Injury Crash,Yes,2009,,North,,0,,Flat,,,,,,Bright sun,443600,0,0,0,5,,,0,,,,,,Auckland Region,Nil,1-way,Sealed,,0,0,,80,,Off,0,0,,76,Auckland,Nil,,,,,0,0,Open,0,,,Fine,Null
1748532,5913080,12349,,511401,0,,0,1,,Null,2008/2009,TITIRANGI ROAD,PARKER AVENUE,,Non-Injury Crash,No,2009,,West,,0,,Flat,,,,,,Overcast,262600,0,0,0,4,,,0,,,,,,Auckland Region,Nil,2-way,Sealed,,0,0,,50,,Off,1,0,,76,Auckland,Give way,,,,,0,0,Urban,0,,,Fine,Null
1696628,5677462,12350,,551012,0,,0,0,,East,2009/2010,SH 3,VICKERS ROAD,,Non-Injury Crash,Yes,2009,,East,,0,,Flat,,,,,,Bright sun,1558900,0,0,0,2,,,0,,,,,,Taranaki Region,Nil,2-way,Sealed,,0,0,,100,,Null,0,0,50,33,New Plymouth District,Nil,,,,,1,0,Open,1,,,Fine,Null
1760785,5434016,12351,,568702,0,0,0,1,0,South,2008/2009,WAINUIOMATA HILL ROAD,RISHWORTH ST,,Non-Injury Crash,No,2009,0,South,0,0,0,Hill Road,1,,0,,0,Overcast,1979001,0,0,0,2,0,0,0,0,0,,0,0,Wellington Region,Nil,1-way,Sealed,0,0,0,0,50,0,Null,0,0,,46,Lower Hutt City,Nil,0,0,0,0,0,0,Urban,0,0,0,Light rain,Null
1775292,5446278,12352,,566800,0,0,0,1,0,Null,2008/2009,CLOUSTON PARK ROAD,RIVERSDALE ROAD,,Non-Injury Crash,No,2009,0,South,0,0,1,Flat,0,,0,,1,Overcast,1910300,0,0,0,2,0,0,0,0,0,,0,0,Wellington Region,Nil,2-way,Sealed,0,0,0,0,50,0,Null,0,0,,45,Upper Hutt City,Nil,0,0,0,0,0,0,Urban,0,0,0,Fine,Null
1751518,5434791,12353,,573700,0,0,0,1,0,Null,2008/2009,Z CPK WOOLWORTHS,JOHNSONVILLE ROAD,,Non-Injury Crash,No,2009,0,East,0,0,0,Flat,0,,0,,0,Dark,2082800,0,0,0,2,0,0,0,0,0,,0,1,Wellington Region,Nil,Off road,Sealed,0,0,0,0,50,0,On,0,0,,47,Wellington City,Nil,0,0,0,0,0,0,Urban,0,0,0,Fine,Null
1743427,5918860,12354,,513213,0,,0,2,,South,2009/2010,METCALFE ROAD,ALI PLACE,,Non-Injury Crash,No,2009,,North,,0,,Flat,,,,,,Overcast,235905,0,0,0,2,,,0,,,,,,Auckland Region,Nil,2-way,Sealed,,0,0,,50,,Null,0,1,,76,Auckland,Unknown,,,,,0,0,Urban,0,,,Light rain,Null
1747949,5927272,12355,,513410,0,,0,2,,West,2009/2010,SH 18,TAUHINU OFF EBD,,Non-Injury Crash,Yes,2009,,East,,0,,Flat,,,,,,Dark,221902,0,0,0,2,,,0,,,,,,Auckland Region,Nil,2-way,Sealed,,0,0,,100,,On,0,0,,76,Auckland,Nil,,,,,0,0,Open,0,,,Fine,Null
1686816,6086817,12356,,501633,0,,0,0,,Null,2009/2010,SH 1N,LUDBROOK ROAD,,Non-Injury Crash,Yes,2009,,South,,0,,Flat,,,,,,Overcast,35900,0,0,0,2,,,1,,,,,,Northland Region,Nil,2-way,Sealed,,0,0,,100,,None,1,0,,1,Far North District,Stop,,,,,0,0,Open,0,,,Heavy rain,Null
1802606,5818017,12357,,529503,0,0,0,1,0,South,2008/2009,FAIRVIEW ST,ALDERSON ROAD,,Non-Injury Crash,No,2009,0,South,0,0,0,Flat,0,,0,,1,Dark,872500,0,0,0,2,0,0,0,0,0,,0,1,Waikato Region,Nil,2-way,Sealed,0,0,0,0,50,0,On,0,0,,16,Hamilton City,Unknown,0,0,0,0,0,0,Urban,0,0,0,Fine,Null
1928379,5606178,12358,,548500,0,,0,0,,Null,2008/2009,ORCHARD ROAD,MCLEOD ST,,Non-Injury Crash,No,2009,,East,,0,,Flat,,,,,,Overcast,1479600,0,0,0,2,,,1,,,,,,Hawke's Bay Region,Nil,2-way,Sealed,,0,0,,50,,Null,1,0,,30,Hastings District,Give way,,,,,0,0,Urban,0,,,Fine,Null
1929530,5605297,12359,,548200,0,,0,1,,North,2009/2010,HERETAUNGA ST WEST,NELSON ST NORTH,,Non-Injury Crash,No,2009,,East,,0,,Flat,,,,,,Overcast,1488900,0,0,0,2,,,0,,,,,,Hawke's Bay Region,Nil,2-way,Sealed,,0,0,,50,,Null,1,0,,30,Hastings District,Nil,,,,,0,0,Urban,0,,,Fine,Null
1762616,5437386,12360,,568301,0,0,0,1,0,North,2009/2010,DAYSH ST,PARK AVENUE,,Non-Injury Crash,No,2009,0,South,0,0,0,Flat,0,,0,,0,Bright sun,1948400,0,0,0,2,0,0,0,0,0,,0,0,Wellington Region,Nil,2-way,Sealed,0,0,0,0,50,0,Null,0,0,,46,Lower Hutt City,Nil,0,0,0,0,1,0,Urban,0,1,0,Fine,Strong wind
1622601,5428859,12361,,583300,0,,0,2,,South,2009/2010,WAIMEA ROAD,TUKUKA ST,,Non-Injury Crash,No,2009,,South,,0,,Flat,,,,,,Bright sun,2331001,0,0,0,2,,,0,,,,,,Nelson Region,Nil,2-way,Sealed,,0,0,,50,,Null,0,0,,52,Nelson City,Nil,,,,,0,0,Urban,0,,,Fine,Null
1755663,5930949,12362,35,508520,0,0,0,1,0,East,2008/2009,SUNNYNOOK ROAD,TRINIDAD ROAD,,Non-Injury Crash,No,2009,0,South,0,0,1,Hill Road,0,,0,,0,Bright sun,190500,0,0,0,2,0,0,0,0,0,,0,0,Auckland Region,Nil,2-way,Sealed,0,0,0,0,50,0,Off,0,0,,76,Auckland,Nil,1,0,0,0,0,0,Urban,0,0,0,Fine,Null
1749678,5913107,12363,,511401,0,,0,2,,Null,2008/2009,HUTCHINSON AVENUE,CRAIGBANK AVENUE,,Non-Injury Crash,No,2009,,North,,0,,Flat,,,,,,Dark,264400,0,0,0,2,,,0,,,,,,Auckland Region,Nil,2-way,Sealed,,0,0,,50,,None,0,0,,76,Auckland,Give way,,,,,0,0,Urban,0,,,Mist or Fog,Null
1677951,5401903,12364,,580420,0,0,0,0,0,South,2008/2009,RICHARDSON AVENUE,NEW RENWICK ROAD,,Non-Injury Crash,No,2009,0,North,0,0,0,Flat,0,,0,,0,Bright sun,2287900,0,0,0,2,0,0,0,0,1,,0,0,Marlborough Region,Nil,2-way,Sealed,0,0,0,0,50,0,Null,0,0,,53,Marlborough District,Nil,0,0,0,0,1,0,Urban,1,0,0,Fine,Null
1751386,5931258,12365,,508807,0,,0,1,,South,2008/2009,ALBANY HIGHWAY,OAKWAY DRIVE,,Non-Injury Crash,No,2009,,South,,0,,Hill Road,,,,,,Dark,180301,0,0,0,2,,,0,,,,,,Auckland Region,Nil,2-way,Sealed,,0,0,,50,,On,1,0,,76,Auckland,Nil,,,,,0,0,Urban,0,,,Light rain,Null
1752641,5933267,12366,,508701,0,,0,1,,East,2009/2010,ALBANY EXPRESSWAY,MERCARI WAY,,Non-Injury Crash,No,2009,,West,,0,,Hill Road,,,,,,Bright sun,178900,0,0,0,3,,,0,,,,,,Auckland Region,Nil,2-way,Sealed,,0,0,,80,,Null,0,0,,76,Auckland,Unknown,,,,,1,0,Open,0,,,Fine,Null
1696290,5677347,12367,,551012,0,,0,3,,Null,2009/2010,RIFLE RANGE ROAD,STRUTHERS PLACE,,Non-Injury Crash,No,2009,,West,,0,,Flat,,,,,,Bright sun,1558900,0,0,0,2,,,0,,,,,,Taranaki Region,Nil,2-way,Sealed,,0,0,,50,,Null,0,0,,33,New Plymouth District,Nil,,,,,0,0,Urban,0,,,Fine,Null
1769945,5915603,12368,,522711,0,0,0,2,0,East,2009/2010,LYREN PLACE,DARREN CRESCENT,,Non-Injury Crash,No,2009,0,South,0,0,0,Flat,0,,0,,0,Overcast,680723,0,0,0,1,0,0,0,0,1,,0,0,Auckland Region,Nil,2-way,Sealed,0,0,0,0,50,0,Off,0,0,,76,Auckland,Nil,0,0,0,0,0,0,Urban,0,0,0,Fine,Null
1931941,5617725,12369,,547100,0,,0,2,,Null,2008/2009,GUPPY ROAD,GLOUCESTER ST,,Non-Injury Crash,No,2009,,South,,0,,Flat,,,,,,Overcast,1455100,0,0,0,2,,,0,,,,,,Hawke's Bay Region,Nil,2-way,Sealed,,0,0,,50,,Null,0,0,,31,Napier City,Traffic Signals,,,,,0,0,Urban,0,,,Light rain,Null
1764197,5916320,12370,,517202,0,,0,2,,Null,2008/2009,COLLEGE ROAD,BLUEGREY AVENUE,,Non-Injury Crash,No,2009,,North,,0,,Flat,,,,,,Overcast,465306,0,0,0,2,,,0,,,,,,Auckland Region,Nil,2-way,Sealed,,0,0,,50,,Off,0,1,,76,Auckland,Give way,,,,,0,0,Urban,0,,,Fine,Null
1750063,5949352,12371,,505805,0,0,0,1,0,West,2009/2010,GRAND DRIVE,MAIRE ROAD,,Non-Injury Crash,No,2009,0,East,1,0,0,Flat,0,,0,,0,Bright sun,176413,0,0,0,2,0,0,0,1,0,,0,0,Auckland Region,Nil,2-way,Sealed,0,0,0,0,70,0,Off,0,0,,76,Auckland,Nil,0,0,0,0,0,0,Urban,0,0,0,Fine,Null
1756443,5912907,12372,,518701,0,0,0,1,0,West,2009/2010,SH 20,HILLSBOROUGH OBR,,Non-Injury Crash,Yes,2009,0,East,0,0,0,Flat,1,,0,,0,Bright sun,569000,0,0,0,2,0,0,0,0,0,,0,0,Auckland Region,Nil,1-way,Sealed,0,0,0,0,100,0,Off,0,0,,76,Auckland,Nil,0,0,0,0,0,0,Open,0,0,0,Light rain,Null
1770764,5901611,12373,,523813,0,,0,2,,Null,2009/2010,PORCHESTER ROAD,ALFRISTON ROAD,,Non-Injury Crash,No,2009,,North,,0,,Flat,,,,,,Overcast,759800,0,0,0,1,,,0,,,,,,Auckland Region,Nil,1-way,Sealed,,0,0,,50,,Off,0,0,,76,Auckland,Nil,,,,,0,0,Urban,0,,,Fine,Null
1765346,5905827,12374,,522202,0,,0,0,,Null,2009/2010,LANDSCAPE ROAD,ST GEORGE ST,,Non-Injury Crash,No,2009,,West,,0,,Flat,,,,,,Overcast,664900,0,0,1,2,,,0,,,,,,Auckland Region,Nil,2-way,Sealed,,0,0,,50,,Null,0,0,,76,Auckland,Give way,,,,,0,0,Urban,0,,,Light rain,Null
1817084,5803342,12375,,527503,0,,0,1,,East,2009/2010,SH 1N,LAKE ST,,Non-Injury Crash,Yes,2009,,West,,0,,Flat,,Labour Weekend,,,,Overcast,962602,0,0,1,2,,,0,,,,,,Waikato Region,Nil,2-way,Sealed,,0,0,,50,,None,0,0,,17,Waipa District,Stop,,,,,0,0,Urban,0,,,Fine,Null
1748828,5428312,12376,,573000,0,,0,2,,Null,2009/2010,FEATHERSTON ST,JOHNSTON ST,,Non-Injury Crash,No,2009,,South,,0,,Flat,,,,,,Bright sun,2125500,0,0,0,2,,,0,,,,,,Wellington Region,Nil,2-way,Sealed,,0,0,,50,,Null,0,0,,47,Wellington City,Traffic Signals,,,,,0,0,Urban,0,,,Fine,Null
1932927,5616006,12377,,545631,0,0,0,1,0,West,2008/2009,MEEANEE ROAD,TANNERY ROAD,,Non-Injury Crash,No,2009,0,East,1,0,0,Flat,0,,0,,0,Dark,1402400,0,0,0,2,0,0,0,0,0,,0,0,Hawke's Bay Region,Nil,2-way,Sealed,0,0,0,0,70,0,None,0,0,,31,Napier City,Nil,0,0,0,0,0,0,Urban,0,0,0,Heavy rain,Null
1562291,5196957,12378,,586603,0,,0,2,,Null,2009/2010,TRAM ROAD,MCHUGHS ROAD,,Minor Crash,No,2009,,North,,0,,Flat,,,,,,Bright sun,2457405,1,0,0,2,,,0,,,,,,Canterbury Region,Nil,2-way,Sealed,,0,0,,100,,Null,0,0,,59,Waimakariri District,Stop,,,,,0,0,Open,0,,,Fine,Null
1745089,5917708,12379,,510700,0,,0,2,,South,2008/2009,GREAT NORTH ROAD,BUSCOMB AVENUE,,Non-Injury Crash,No,2009,,South,,0,,Hill Road,,,,,,Dark,239805,0,0,0,6,,,0,,,,,,Auckland Region,Nil,2-way,Sealed,,0,0,,50,,On,0,0,,76,Auckland,Nil,,,,,0,0,Urban,0,,,Fine,Null
1671645,6080221,12380,,501634,0,,0,1,,East,2009/2010,SH 12,WAIMATENUI ROAD,,Non-Injury Crash,Yes,2009,,West,,0,,Flat,,,,,,Bright sun,38200,0,0,0,2,,,0,,,,,,Northland Region,Nil,2-way,Sealed,,0,0,,100,,None,1,0,,1,Far North District,Nil,,,,,0,0,Open,0,,,Fine,Null
1760384,5906961,12381,,524111,0,,0,1,,North,2008/2009,MASCOT AVENUE,CANNING CRESCENT N,,Non-Injury Crash,No,2009,,North,,0,,Flat,,,,,,Overcast,740500,0,0,0,2,,,0,,,,,,Auckland Region,Nil,2-way,Sealed,,0,0,,50,,Off,1,0,,76,Auckland,Nil,,,,,0,0,Urban,0,,,Fine,Null
1695418,6002254,12382,,505010,0,0,0,1,0,West,2008/2009,SH 12,WALLACE ROAD,,Non-Injury Crash,Yes,2009,0,East,0,0,0,Flat,0,,0,,0,Dark,127700,0,0,0,2,0,0,0,0,0,,0,0,Northland Region,Nil,2-way,Sealed,0,0,0,0,100,0,None,0,0,,3,Kaipara District,Nil,0,0,0,0,0,0,Open,0,0,0,Fine,Null
1741524,5976100,12383,55,506660,0,0,0,1,0,North,2008/2009,SH 1N,SAUNDERS ROAD,,Non-Injury Crash,Yes,2009,0,East,1,0,0,Hill Road,0,,0,,0,Dark,136700,0,0,0,2,0,0,0,0,0,,0,0,Auckland Region,Nil,2-way,Sealed,0,0,0,0,80,0,Off,0,0,,76,Auckland,Nil,0,0,0,0,0,0,Open,0,0,0,Light rain,Null
1778614,5480522,12384,,564023,0,0,0,0,0,South,2009/2010,SH 1N,SCHOOL ROAD,,Non-Injury Crash,Yes,2009,0,South,1,0,0,Flat,0,,0,,0,Overcast,1884100,0,0,0,2,0,0,0,0,0,,0,0,Wellington Region,Nil,2-way,Sealed,0,0,0,0,100,0,Null,1,0,,43,Kapiti Coast District,Nil,0,0,0,0,0,0,Open,0,0,0,Fine,Null
1749531,5426321,12385,,573400,0,0,0,1,0,East,2008/2009,SCARBOROUGH TERRACE,AUSTIN ST S,,Non-Injury Crash,No,2009,0,West,0,0,0,Hill Road,0,,0,,0,Bright sun,2142200,0,0,0,2,0,0,0,0,1,,0,0,Wellington Region,Nil,2-way,Sealed,0,0,0,0,50,0,Null,1,0,,47,Wellington City,Nil,0,0,0,0,0,0,Urban,0,0,0,Fine,Null
1759097,5925359,12386,,508110,0,,0,2,,North,2008/2009,EVERSLEIGH ROAD,RUTHERFORD ST,,Non-Injury Crash,No,2009,,North,,0,,Flat,,,,,,Bright sun,319900,0,0,0,2,,,0,,,,,,Auckland Region,Nil,2-way,Sealed,,0,0,,50,,Off,0,0,,76,Auckland,Nil,,,,,0,0,Urban,0,,,Fine,Null
1879450,5824138,12387,,538201,0,,0,2,,West,2009/2010,ELIZABETH ST,DEVONPORT ROAD,,Non-Injury Crash,No,2009,,East,,0,,Flat,,,,,,Overcast,1164900,0,0,0,2,,,0,,,,,,Bay of Plenty Region,Nil,2-way,Sealed,,0,0,,50,,Null,0,0,,23,Tauranga City,Traffic Signals,,,,,0,0,Urban,0,,,Fine,Null
1823041,5528366,12388,,563102,0,,0,2,,South,2009/2010,TE AWE AWE ST,ANDERSON ST,,Non-Injury Crash,No,2009,,South,,0,,Flat,,,,,,Overcast,1813200,0,0,0,2,,,0,,,,,,Manawatū-Whanganui Region,Nil,2-way,Sealed,,0,0,,50,,Null,1,0,,40,Palmerston North City,Nil,,,,,0,0,Urban,0,,,Light rain,Null
1755938,5929349,12389,,508510,0,0,0,3,0,Null,2009/2010,RAINES AVENUE,PAX AVENUE,,Non-Injury Crash,No,2009,0,North,0,0,0,Flat,0,,0,,0,Bright sun,195400,0,0,0,2,0,0,0,0,2,,0,0,Auckland Region,Nil,2-way,Sealed,0,0,0,0,50,0,None,0,0,,76,Auckland,Nil,0,0,0,0,0,0,Urban,0,0,0,Fine,Null
1571753,5180650,12390,,591700,0,,0,0,,Null,2008/2009,FITZGERALD AVENUE,KILMORE ST,,Minor Crash,No,2009,,North,,0,,Flat,,Queens Birthday,,,,Bright sun,2656700,1,0,0,2,,,0,,,1,,,Canterbury Region,Nil,2-way,Sealed,,0,0,,50,,Null,1,0,,60,Christchurch City,School Patrol/warden,,,,,0,0,Urban,0,,,Fine,Null
1761507,5913267,12391,,519500,0,,0,0,,Null,2009/2010,STATION ROAD,OLIVE ROAD,,Non-Injury Crash,No,2009,,East,,0,,Flat,,,,,,Bright sun,621700,0,0,0,2,,,0,,,,,,Auckland Region,Nil,2-way,Sealed,,0,0,,50,,Off,1,0,,76,Auckland,Give way,,,,,1,0,Urban,0,,,Fine,Null
1823494,5463624,12392,,578700,0,,0,0,,North,2008/2009,CORADINE ST,COLE ST,,Non-Injury Crash,No,2009,,East,,0,,Flat,,,,,,Overcast,2238300,0,0,0,2,,,0,,,,,,Wellington Region,Nil,2-way,Sealed,,0,0,,50,,Null,1,0,,48,Masterton District,Nil,,,,,1,0,Urban,0,,,Fine,Null
1490515,5168218,12393,,597600,0,,0,2,,Null,2008/2009,FOREST DRIVE,ALFORD ST,,Non-Injury Crash,No,2009,,South,,0,,Flat,,,,,,Overcast,2752300,0,0,0,2,,,0,,,,,,Canterbury Region,Nil,2-way,Sealed,,0,0,,50,,Null,0,0,,63,Ashburton District,Give way,,,,,0,0,Urban,0,,,Fine,Null
1753050,5934659,12394,,508701,0,,0,3,,South,2008/2009,SH 1N,OTEHA VALLEY OBR,,Non-Injury Crash,Yes,2009,,North,,0,,Hill Road,,,,,,Dark,179000,0,0,0,3,,,0,,,,,,Auckland Region,Motorway ramp,1-way,Sealed,,0,0,,100,,On,0,0,,76,Auckland,Nil,,,,,0,0,Open,0,,,Heavy rain,Null
1756374,5918946,12395,,515500,0,0,0,1,0,West,2009/2010,SH 16,NEWTON OBR,,Non-Injury Crash,Yes,2009,0,West,0,0,0,Flat,1,,0,,0,Dark,417600,0,0,0,4,0,0,0,0,0,,0,0,Auckland Region,Nil,1-way,Sealed,0,0,0,0,100,0,On,0,0,,76,Auckland,Unknown,0,0,0,0,0,0,Open,0,0,0,Fine,Null
1753899,5876688,12396,,526104,0,0,0,2,0,Null,2009/2010,WARRISTON AVENUE,RACECOURSE ROAD,,Non-Injury Crash,No,2009,0,South,0,0,0,Flat,0,,0,,0,Overcast,836000,0,0,0,2,0,0,0,0,1,,0,0,Auckland Region,Nil,2-way,Sealed,0,0,0,0,50,0,Null,0,0,,76,Auckland,Give way,0,0,0,0,0,0,Urban,0,0,0,Light rain,Null
1891205,5813002,12397,,538501,0,0,0,1,0,East,2009/2010,MACLOUGHLIN DRIVE,RIMU LANE,,Non-Injury Crash,No,2009,0,West,0,0,1,Flat,0,,0,,0,Dark,1214204,0,0,0,2,0,0,0,0,0,,0,0,Bay of Plenty Region,Nil,2-way,Sealed,0,0,0,0,50,0,On,0,0,,22,Western Bay of Plenty District,Nil,0,0,0,0,0,0,Urban,0,0,0,Fine,Null
1817384,5804359,12398,,527501,0,0,0,2,0,Null,2008/2009,BOWEN ST,KING ST,,Non-Injury Crash,No,2009,0,West,0,0,0,Flat,0,,0,,0,Bright sun,962100,0,0,0,2,0,0,0,0,0,,0,1,Waikato Region,Nil,2-way,Sealed,0,0,0,0,50,0,Null,0,0,,17,Waipa District,Give way,1,1,0,0,0,0,Urban,0,0,0,Fine,Null
1748087,5963863,12399,,506613,0,1,0,1,0,North,2009/2010,SH 1N,COWAN BAY ROAD,,Non-Injury Crash,Yes,2009,0,North,0,0,0,Hill Road,0,Labour Weekend,0,,0,Dark,146104,0,0,0,2,0,0,0,0,0,,0,0,Auckland Region,Nil,2-way,Sealed,0,0,0,0,100,0,None,0,0,,76,Auckland,Nil,0,0,0,0,0,0,Open,0,0,0,Fine,Null
1748890,5423273,12400,,576400,0,,0,2,,West,2009/2010,MOUNT ALBERT ROAD,VOLGA ST,,Non-Injury Crash,No,2009,,South,,0,,Hill Road,,,,,,Dark,2170901,0,0,0,2,,,0,,,,,,Wellington Region,Nil,2-way,Sealed,,0,0,,50,,On,0,1,,47,Wellington City,Nil,,,,,0,0,Urban,0,,,Fine,Null
1822965,5529949,12401,,562402,0,,0,3,,Null,2008/2009,CHURCH ST,ALBERT ST,,Non-Injury Crash,No,2009,,West,,0,,Flat,,,,,,Dark,1835300,0,0,0,2,,,0,,,,,,Manawatū-Whanganui Region,Nil,2-way,Sealed,,0,0,,50,,On,0,0,,40,Palmerston North City,Give way,,,,,0,0,Urban,0,,,Fine,Null
1721588,5606386,12402,,554400,0,0,0,1,0,North,2009/2010,SH 3,BALL ROAD,,Serious Crash,Yes,2009,0,South,1,0,0,Hill Road,0,,0,,0,Overcast,1665200,0,0,0,2,0,0,0,0,0,,0,0,Taranaki Region,Nil,2-way,Sealed,0,0,1,0,100,0,Null,0,0,,35,South Taranaki District,Nil,0,0,0,0,0,0,Open,0,0,0,Fine,Null
1824438,5529082,12403,,563200,0,,0,1,,Null,2009/2010,RUAHINE ST,ROXBURGH CRESCENT N,,Minor Crash,No,2009,,South,,0,,Flat,,Christmas New Year,,,,Dark,1849400,1,0,0,2,,,0,,,,,,Manawatū-Whanganui Region,Nil,2-way,Sealed,,0,0,,50,,On,0,0,,40,Palmerston North City,Nil,,,,,0,0,Urban,0,,,Fine,Null
1818019,5802984,12404,,527503,0,,0,1,,Null,2009/2010,TIRAU ROAD,SHAKESPEARE ST,,Non-Injury Crash,No,2009,,West,,0,,Flat,,,,,,Overcast,963100,0,0,0,2,,,0,,,,,,Waikato Region,Nil,2-way,Sealed,,0,0,,80,,Null,0,0,,17,Waipa District,Stop,,,,,1,0,Open,0,,,Light rain,Null
1563885,5185083,12405,,587811,0,,0,0,,Null,2008/2009,SH 1S,WAIRAKEI ROAD,,Minor Crash,Yes,2009,,North,,0,,Flat,,,,,,Overcast,2494000,1,0,0,4,,,0,,,,,,Canterbury Region,Nil,2-way,Sealed,,0,0,,80,,Null,1,0,,60,Christchurch City,Give way,,,,,0,0,Open,0,,,Fine,Null
1576009,5242451,12406,,585700,0,,0,0,,Null,2008/2009,SH 7,WAIKARI VALLEY ROAD,,Minor Crash,Yes,2009,,South,,0,,Flat,,,,,,Dark,2437204,2,0,1,2,,,0,,,,,,Canterbury Region,Nil,2-way,Sealed,,0,0,,70,,On,0,0,,58,Hurunui District,Stop,,,,,0,0,Urban,0,,,Fine,Null
1329073,4895956,12407,,607300,0,,0,1,,North,2008/2009,CLUTHA RIVER ROAD,PANNETTS ROAD,,Non-Injury Crash,No,2009,,North,,0,,Flat,,,,,,Bright sun,3002800,0,0,0,2,,,0,,,,,,Otago Region,Nil,2-way,Sealed,,0,0,,100,,Null,0,0,,72,Clutha District,Unknown,,,,,1,0,Open,0,,,Fine,Null
1748834,5913879,12408,,511302,0,,0,2,,West,2009/2010,GREAT NORTH ROAD,WATERS PLACE,,Non-Injury Crash,No,2009,,West,,0,,Hill Road,,,,,,Overcast,269400,0,0,0,4,,,0,,,,,,Auckland Region,Nil,2-way,Sealed,,0,0,,50,,Off,0,0,,76,Auckland,Nil,,,,,0,0,Urban,0,,,Fine,Null
1744124,5922568,12409,,513512,0,0,0,2,0,East,2009/2010,ROYAL ROAD,VADAM ROAD,,Non-Injury Crash,No,2009,0,East,0,0,0,Flat,0,,0,,0,Dark,225501,0,0,0,2,0,0,0,0,1,,0,0,Auckland Region,Nil,2-way,Sealed,0,0,0,0,50,0,On,0,0,,76,Auckland,Nil,0,0,0,0,0,0,Urban,0,0,0,Light rain,Null