X,Y,OBJECTID,advisorySpeed,areaUnitID,bicycle,bridge,bus,carStationWagon,cliffBank,crashDirectionDescription,crashFinancialYear,crashLocation1,crashLocation2,crashRoadSideRoad,crashSeverity,crashSHDescription,crashYear,debris,directionRoleDescription,ditch,fatalCount,fence,flatHill,guardRail,holiday,houseOrBuilding,intersection,kerb,light,meshblockId,minorInjuryCount,moped,motorcycle,NumberOfLanes,objectThrownOrDropped,otherObject,otherVehicleType,overBank,parkedVehicle,pedestrian,phoneBoxEtc,postOrPole,region,roadCharacter,roadLane,roadSurface,roadworks,schoolBus,seriousInjuryCount,slipOrFlood,speedLimit,strayAnimal,streetLight,suv,taxi,temporarySpeedLimit,tlaId,tlaName,trafficControl,trafficIsland,trafficSign,train,tree,truck,unknownVehicleType,urban,vanOrUtility,vehicle,waterRiver,weatherA,weatherB
1878444,5823011,12410,,538201,0,,0,1,,Null,2009/2010,ELEVENTH AVENUE,ST JOHN ST,,Non-Injury Crash,No,2009,,West,,0,,Flat,,,,,,Overcast,1166500,0,0,0,6,,,0,,,,,,Bay of Plenty Region,Nil,2-way,Sealed,,0,0,,50,,Null,1,0,,23,Tauranga City,Stop,,,,,0,0,Urban,0,,,Light rain,Null
1803371,5815124,12411,,530500,0,,0,2,,South,2009/2010,CAMERON ROAD,HOGAN ST,,Non-Injury Crash,No,2009,,North,,0,,Flat,,,,,,Overcast,890500,0,0,0,2,,,0,,,,,,Waikato Region,Nil,2-way,Sealed,,0,0,,50,,Null,0,0,,16,Hamilton City,Unknown,,,,,0,0,Urban,0,,,Fine,Null
1772830,5577815,12412,,556500,0,,0,2,,West,2009/2010,FITZHERBERT AVENUE,PARSONS ST,,Non-Injury Crash,No,2009,,East,,0,,Flat,,,,,,Overcast,1720100,0,0,0,2,,,0,,,,,,Manawatū-Whanganui Region,Nil,2-way,Sealed,,0,0,,50,,Null,0,0,,37,Whanganui District,Nil,,,,,0,0,Urban,0,,,Fine,Null
1863951,5542783,12413,,549800,0,0,0,1,0,South,2009/2010,WEBER ROAD,MAKIRIKIRI ROAD,,Non-Injury Crash,No,2009,0,South,0,0,0,Hill Road,1,,0,,0,Dark,1538700,0,0,0,2,0,0,0,0,0,,0,0,Manawatū-Whanganui Region,Bridge,2-way,Sealed,0,0,0,0,100,0,None,0,0,,41,Tararua District,Nil,0,0,0,0,0,0,Open,0,0,0,Mist or Fog,Null
1764236,5909865,12414,,521901,0,,0,1,,Null,2008/2009,ATKINSON AVENUE,AVENUE ROAD,,Non-Injury Crash,No,2009,,South,,0,,Flat,,,,,,Dark,784000,0,0,0,2,,,0,,,,,,Auckland Region,Nil,2-way,Sealed,,0,0,,50,,On,0,0,,76,Auckland,Traffic Signals,,,,,0,0,Urban,0,,,Fine,Null
1880641,5826501,12415,,536821,0,,0,1,,West,2008/2009,SH 2,TASMAN QUAY,,Non-Injury Crash,Yes,2009,,West,,0,,Flat,,,,,,Bright sun,1203700,0,0,0,2,,,0,,,,,,Bay of Plenty Region,Nil,1-way,Sealed,,0,0,,70,,Null,0,0,,23,Tauranga City,Unknown,,,,,1,0,Urban,0,,,Fine,Null
1764428,5914898,12416,,520303,0,,0,2,,Null,2008/2009,ELLERSLIE-PANMURE HIGHWAY,MOUNT WELLINGTON HIGHWAY,,Non-Injury Crash,No,2009,,East,,0,,Flat,,,,,,Dark,627400,0,0,0,6,,,0,,,,,,Auckland Region,Nil,2-way,Sealed,,0,0,,50,,On,0,0,,76,Auckland,Traffic Signals,,,,,0,0,Urban,0,,,Heavy rain,Null
1768048,5471881,12417,,565901,0,0,0,1,0,North,2009/2010,MICHAEL ROAD,MARTIN ROAD,,Non-Injury Crash,No,2009,0,North,0,0,0,Flat,0,,0,,0,Overcast,2001000,0,0,0,2,0,0,0,0,1,,0,0,Wellington Region,Nil,2-way,Sealed,0,0,0,0,50,0,Null,0,0,,43,Kapiti Coast District,Nil,0,0,0,0,1,0,Urban,0,0,0,Fine,Null
1760238,5434842,12418,,568701,0,0,0,2,0,East,2009/2010,HAWKINS ST,CAMBRIDGE TERRACE,,Non-Injury Crash,No,2009,0,West,0,0,0,Flat,0,,0,,0,Overcast,1977100,0,0,0,2,0,0,0,0,1,,0,0,Wellington Region,Nil,2-way,Sealed,0,0,0,0,50,0,Null,0,0,,46,Lower Hutt City,Nil,0,0,0,0,0,0,Urban,0,0,0,Fine,Null
1689418,5674480,12419,,551502,0,0,0,1,0,South,2008/2009,SH 45,NGAMOTU ROAD,,Non-Injury Crash,Yes,2009,0,North,0,0,0,Flat,0,,0,,0,Overcast,1578300,0,0,0,2,0,1,0,0,0,,0,1,Taranaki Region,Nil,2-way,Sealed,0,0,0,0,50,0,Null,0,0,,33,New Plymouth District,Nil,0,1,0,0,0,0,Urban,1,0,0,Fine,Null
1816882,5803603,12420,,527503,0,,0,1,,Null,2009/2010,SH 1N,SH 1B,,Non-Injury Crash,Yes,2009,,East,,0,,Flat,,,,,,Overcast,962602,0,0,0,2,,,0,,,,,,Waikato Region,Nil,2-way,Sealed,,0,0,,50,,Null,0,0,,17,Waipa District,Give way,,,,,0,0,Urban,1,,,Fine,Null
1928009,5605668,12421,,547900,0,,0,1,,Null,2008/2009,MARAEKAKAHO ROAD,GORDON ROAD,,Non-Injury Crash,No,2009,,North,,0,,Flat,,,,,,Overcast,1479900,0,0,0,2,,,0,,,,,,Hawke's Bay Region,Nil,2-way,Sealed,,0,0,,50,,Null,1,0,,30,Hastings District,Give way,,,,,0,0,Urban,0,,,Fine,Null
1822501,5829865,12422,,534902,0,0,0,1,0,North,2009/2010,STUDHOLME ST,SNELL ST,,Non-Injury Crash,No,2009,0,South,0,0,0,Flat,0,,0,,0,Twilight,1086500,0,0,0,2,0,0,0,0,0,,0,1,Waikato Region,Nil,2-way,Sealed,0,0,0,0,50,0,Off,0,0,,15,Matamata-Piako District,Unknown,0,0,0,0,0,0,Urban,0,0,0,Fine,Null
1591481,5480873,12423,,581601,0,,0,1,,North,2008/2009,ABEL TASMAN DRIVE,POHARA VALLEY ROAD,,Non-Injury Crash,No,2009,,South,,0,,Flat,,,,,,Dark,2346707,0,0,0,2,,,0,,,,,,Tasman Region,Nil,2-way,Sealed,,0,0,,100,,None,1,0,,51,Tasman District,Nil,,,,,0,0,Open,0,,,Fine,Null
1754384,5929221,12424,,508320,0,0,0,1,0,West,2009/2010,WAIRAU ROAD,VIEW ROAD W,,Non-Injury Crash,No,2009,0,West,0,0,0,Flat,0,,0,,0,Bright sun,196401,0,0,0,3,0,0,0,0,1,,0,0,Auckland Region,Nil,2-way,Sealed,0,0,0,0,50,0,Null,0,0,,76,Auckland,Unknown,0,0,0,0,0,0,Urban,1,0,0,Fine,Null
1756510,5443922,12425,,571100,0,,1,1,,Null,2009/2010,MUNGAVIN AVENUE,CHAMPION ST,,Non-Injury Crash,No,2009,,East,,0,,Flat,,,,,,Overcast,2046700,0,0,0,2,,,0,,,,,,Wellington Region,Nil,2-way,Sealed,,0,0,,50,,Null,0,0,,44,Porirua City,Give way,,,,,0,0,Urban,0,,,Light rain,Null
1642048,6115219,12426,,500202,0,0,0,0,0,South,2008/2009,PERIA ROAD,BLUE GORGE ROAD N,,Non-Injury Crash,No,2009,0,East,0,0,1,Hill Road,0,,0,,0,Dark,3900,0,0,0,0,0,0,0,1,0,,0,0,Northland Region,Nil,2-way,Unsealed,0,0,0,0,100,0,None,1,0,,1,Far North District,Nil,0,0,0,0,0,0,Open,0,0,0,Fine,Null
1867505,5712779,12427,,541720,0,,0,1,,Null,2008/2009,LAKE TERRACE,KAIMANAWA ST,,Non-Injury Crash,No,2009,,South,,0,,Flat,,,,,,Overcast,1274400,0,0,0,2,,,0,,,,,,Waikato Region,Nil,2-way,Sealed,,0,0,,50,,Null,1,0,,21,Taupo District,Give way,,,,,0,0,Urban,0,,,Fine,Null
1755811,5434735,12428,,569800,0,0,0,1,0,West,2009/2010,SH 2,CORNISH ST,,Non-Injury Crash,Yes,2009,0,West,0,0,0,Flat,1,,0,,0,Dark,2035800,0,0,0,2,0,0,0,0,0,,0,0,Wellington Region,Nil,2-way,Sealed,0,0,0,0,70,0,On,0,0,,46,Lower Hutt City,Nil,0,0,0,0,0,0,Urban,0,0,0,Heavy rain,Null
1893132,5812784,12429,,538502,0,,0,1,,Null,2009/2010,JELLICOE ST,OXFORD ST,,Non-Injury Crash,No,2009,,West,,0,,Flat,,,,,,Bright sun,1215600,0,0,1,2,,,0,,,,,,Bay of Plenty Region,Nil,2-way,Sealed,,0,0,,50,,Null,0,0,,22,Western Bay of Plenty District,Give way,,,,,0,0,Urban,0,,,Fine,Null
2036900,5708146,12430,,544600,0,,0,2,,South,2008/2009,GREY ST,KAHUTIA ST,,Non-Injury Crash,No,2009,,South,,0,,Flat,,,,,,Bright sun,1373200,0,0,0,2,,,0,,,,,,Gisborne Region,Nil,2-way,Sealed,,0,0,,50,,Null,0,0,,28,Gisborne District,Nil,,,,,0,0,Urban,0,,,Fine,Null
1753340,5914253,12431,,514500,0,,0,2,,Null,2009/2010,RICHARDSON ROAD,SH 20,,Non-Injury Crash,Yes,2009,,West,,0,,Flat,,,,,,Overcast,376800,0,0,0,1,,,0,,,,,,Auckland Region,Nil,2-way,Sealed,,0,0,,50,,Null,0,0,,76,Auckland,Traffic Signals,,,,,0,0,Urban,0,,,Fine,Null
1847513,5532295,12432,,550200,0,0,0,1,0,South,2008/2009,OLD SH 2,CONDOIT ROAD,,Non-Injury Crash,Yes,2009,0,South,1,0,0,Flat,0,,0,,0,Overcast,1544000,0,0,0,2,0,0,0,0,0,,0,0,Manawatū-Whanganui Region,Nil,2-way,Sealed,0,0,0,0,100,0,Null,0,0,,41,Tararua District,Nil,0,0,0,0,0,0,Open,0,0,0,Heavy rain,Null
1748324,5432374,12433,,574401,0,0,0,2,0,South,2008/2009,CHELMSFORD ST,CLAIRE ST,,Non-Injury Crash,No,2009,0,South,0,0,0,Hill Road,0,,0,,0,Overcast,2094101,0,0,0,2,0,0,0,0,1,,0,0,Wellington Region,Nil,2-way,Sealed,0,0,0,0,50,0,Null,0,0,,47,Wellington City,Nil,0,0,0,0,0,0,Urban,0,0,0,Fine,Null
1821562,5529359,12434,,562800,0,,0,2,,North,2008/2009,GEORGE ST,MAIN ST,,Non-Injury Crash,No,2009,,North,,0,,Flat,,,,,,Dark,1828000,0,0,0,2,,,0,,,,,,Manawatū-Whanganui Region,Nil,2-way,Sealed,,0,0,,50,,On,0,0,,40,Palmerston North City,Nil,,,,,0,0,Urban,0,,,Light rain,Null
1759890,5915769,12435,,516002,0,,0,2,,East,2009/2010,GREEN LANE EAST,GREAT SOUTH ROAD,,Non-Injury Crash,No,2009,,East,,0,,Flat,,,,,,Overcast,494100,0,0,0,6,,,0,,,,,,Auckland Region,Nil,2-way,Sealed,,0,0,,50,,Off,0,0,,76,Auckland,Traffic Signals,,,,,0,0,Urban,0,,,Heavy rain,Null
1766374,5442331,12436,,569600,0,,0,1,,South,2009/2010,SH 2,INFORMATION KIOSK,,Non-Injury Crash,Yes,2009,,North,,0,,Flat,,,,,,Dark,1916600,0,0,0,4,,,0,,,,,,Wellington Region,Nil,2-way,Sealed,,0,0,,100,,On,0,0,,46,Lower Hutt City,Nil,,,,,0,0,Open,1,,,Fine,Null
2037656,5708402,12437,,544500,0,,0,2,,Null,2008/2009,FITZHERBERT ST,STOUT ST,,Non-Injury Crash,No,2009,,South,,0,,Flat,,,,,,Bright sun,1380800,0,0,0,2,,,0,,,,,,Gisborne Region,Nil,2-way,Sealed,,0,0,,50,,Null,0,0,,28,Gisborne District,Give way,,,,,0,0,Urban,0,,,Fine,Null
1575168,5180043,12438,,593900,0,0,0,1,0,West,2008/2009,RURU ROAD,MACES ROAD S,,Non-Injury Crash,No,2009,0,South,0,0,0,Flat,0,,0,,0,Overcast,2578800,0,0,0,2,0,0,0,0,1,,0,0,Canterbury Region,Nil,2-way,Sealed,0,0,0,0,50,0,Null,0,0,,60,Christchurch City,Nil,0,0,0,0,1,0,Urban,0,0,0,Fine,Null
1766904,5907645,12439,20,523602,0,,0,1,,Null,2009/2010,BAIRDS ROAD,EAST TAMAKI ROAD,,Non-Injury Crash,No,2009,,West,,0,,Flat,,,,,,Overcast,709300,0,0,0,2,,,0,,,,,,Auckland Region,Nil,2-way,Sealed,,0,0,,50,,Off,0,0,,76,Auckland,Traffic Signals,,,,,0,0,Urban,1,,,Fine,Null
1940053,5594632,12440,,545860,0,0,0,1,0,East,2008/2009,WAIMARAMA ROAD,TUKI TUKI ROAD,,Non-Injury Crash,No,2009,0,South,0,0,0,Hill Road,0,,0,,0,Overcast,1467500,0,0,0,2,0,0,0,0,0,,0,0,Hawke's Bay Region,Nil,2-way,Sealed,0,0,0,0,100,0,Null,0,0,,30,Hastings District,Nil,0,0,0,1,0,0,Open,0,0,0,Heavy rain,Null
1755860,5434740,12441,55,569800,0,,0,2,,South,2008/2009,SH 2,CORNISH ST,,Non-Injury Crash,Yes,2009,,North,,0,,Flat,,,,,,Overcast,2035800,0,0,0,2,,,0,,,,,,Wellington Region,Nil,2-way,Sealed,,0,0,,70,,Null,0,0,,46,Lower Hutt City,Nil,,,,,0,0,Urban,0,,,Fine,Null
1611346,5426130,12442,,581726,0,,0,2,,Null,2008/2009,SH 60,LANSDOWNE ROAD,,Non-Injury Crash,Yes,2009,,South,,0,,Flat,,,,,,Overcast,2357201,0,0,0,3,,,0,,,,,,Tasman Region,Nil,2-way,Sealed,,0,0,,100,,Null,0,0,,51,Tasman District,Stop,,,,,0,0,Open,0,,,Light rain,Null
2035588,5711344,12443,,544900,0,,0,1,,Null,2008/2009,ORMOND ROAD,LYTTON ROAD,,Non-Injury Crash,No,2009,,North,,0,,Flat,,,,,,Overcast,1376400,0,0,0,2,,,0,,,,,,Gisborne Region,Nil,2-way,Sealed,,0,0,,50,,Null,1,0,,28,Gisborne District,Stop,,,,,0,0,Urban,0,,,Heavy rain,Null
1759181,5903844,12444,,524200,0,,0,2,,Null,2009/2010,LEONARD ISITT DRIVE,JOHN GOULTER DRIVE,,Non-Injury Crash,No,2009,,West,,0,,Flat,,,,,,Dark,727200,0,0,0,2,,,0,,,,,,Auckland Region,Nil,2-way,Sealed,,0,0,,50,,On,0,0,,76,Auckland,Stop,,,,,0,0,Urban,0,,,Fine,Null
1677844,6019674,12445,,504501,0,0,0,1,0,East,2009/2010,MOUNT WESLEY COAST ROAD,OLD GOLF COURSE ROAD,,Non-Injury Crash,No,2009,0,West,0,0,1,Flat,0,,0,,0,Overcast,124300,0,0,0,2,0,0,0,1,0,,0,0,Northland Region,Nil,2-way,Sealed,0,0,0,0,100,0,Null,0,0,,3,Kaipara District,Unknown,0,0,0,0,0,0,Open,0,0,0,Fine,Null
1936098,5620090,12446,,546901,0,,0,1,,Null,2008/2009,SH 2,LATHAM ST,,Non-Injury Crash,Yes,2009,,South,,0,,Flat,,,,,,Overcast,1431000,0,0,0,2,,,0,,,,,,Hawke's Bay Region,Nil,2-way,Sealed,,0,0,,50,,Null,0,0,,31,Napier City,Give way,,,,,1,0,Urban,0,,,Fine,Null
1764715,5911533,12447,,520500,0,,0,2,,South,2009/2010,SH 1N,PANAMA OBR,,Non-Injury Crash,Yes,2009,,South,,0,,Flat,,,,,,Overcast,635601,0,0,0,3,,,0,,,,,,Auckland Region,Nil,1-way,Sealed,,0,0,,100,,Off,0,0,,76,Auckland,Nil,,,,,0,0,Open,0,,,Light rain,Null
1749210,5426314,12448,,573400,0,,0,2,,East,2008/2009,SH 1N PATERSON,DUFFERIN ST E,,Non-Injury Crash,Yes,2009,,East,,0,,Hill Road,,,,,,Bright sun,2143300,0,0,0,2,,,0,,,,,,Wellington Region,Nil,2-way,Sealed,,0,0,,50,,Null,0,0,,47,Wellington City,Nil,,,,,0,0,Urban,0,,,Fine,Null
1765736,5908279,12449,,523402,0,,0,3,,North,2009/2010,SH 1N,BAIRDS OBR,,Non-Injury Crash,Yes,2009,,South,,0,,Flat,,,,,,Overcast,697000,0,0,0,3,,,0,,,,,,Auckland Region,Nil,1-way,Sealed,,0,0,,100,,Off,0,0,,76,Auckland,Nil,,,,,0,0,Open,0,,,Fine,Null
1802457,5817210,12450,,530000,0,,0,1,,West,2008/2009,FIFTH AVENUE,SPENSER ROAD,,Non-Injury Crash,No,2009,,East,,0,,Flat,,,,,,Bright sun,867500,0,0,0,2,,,0,,,,,,Waikato Region,Nil,2-way,Sealed,,0,0,,50,,Off,1,0,,16,Hamilton City,Nil,,,,,0,0,Urban,0,,,Fine,Null
1739649,5977513,12451,,506660,0,0,0,0,0,South,2009/2010,SH 1N,WAYBY VALLEY ROAD,,Non-Injury Crash,Yes,2009,0,North,0,0,0,Flat,0,,0,,0,Overcast,136700,0,0,0,2,0,0,0,1,0,,0,0,Auckland Region,Nil,2-way,Sealed,0,0,0,0,80,0,None,1,0,,76,Auckland,Nil,0,0,0,0,0,0,Open,0,0,0,Light rain,Null
1459679,5084066,12452,,598800,0,0,0,1,0,South,2008/2009,SH 1S,RANUI AVENUE,,Non-Injury Crash,Yes,2009,0,North,0,0,0,Flat,0,,0,,0,Bright sun,2782000,0,0,0,4,0,0,0,0,1,,0,0,Canterbury Region,Nil,2-way,Sealed,0,0,0,0,50,0,Null,0,0,,64,Timaru District,Unknown,0,0,0,0,1,0,Urban,0,0,0,Fine,Null
1787226,5566854,12453,,559230,0,0,0,1,0,Null,2008/2009,SH 3,RATANA ROAD,,Non-Injury Crash,Yes,2009,0,South,0,0,1,Flat,0,,0,,0,Dark,1733500,0,0,0,2,0,0,0,0,0,,0,0,Manawatū-Whanganui Region,Nil,2-way,Sealed,0,0,0,0,100,0,None,0,0,,38,Rangitikei District,Stop,0,0,0,0,0,0,Open,0,0,0,Fine,Null
1752627,5437506,12454,,573511,0,0,0,1,0,North,2008/2009,MIDDLETON ROAD,ROWELLS ROAD,,Non-Injury Crash,No,2009,0,South,0,0,1,Flat,0,,0,,0,Dark,2086502,0,0,0,2,0,0,0,0,0,,0,0,Wellington Region,Nil,2-way,Sealed,0,0,0,0,80,0,None,0,0,,47,Wellington City,Nil,0,0,0,0,0,0,Open,0,0,0,Fine,Null
1572050,5184712,12455,,590504,0,,0,1,,Null,2008/2009,SH 74,INNES ROAD,,Non-Injury Crash,Yes,2009,,West,,0,,Flat,,,,,,Overcast,2507201,0,0,0,1,,,0,,,,,,Canterbury Region,Nil,1-way,Sealed,,0,0,,80,,Null,0,0,,60,Christchurch City,Give way,,,,,0,0,Open,0,,,Heavy rain,Null
1782053,5485512,12456,,564400,0,0,0,2,0,South,2009/2010,SH 1N,MILL ROAD,,Non-Injury Crash,Yes,2009,0,South,0,0,0,Flat,0,,0,,0,Overcast,1879300,0,0,0,2,0,0,0,0,2,,0,0,Wellington Region,Nil,2-way,Sealed,0,0,0,0,50,0,Null,0,0,,43,Kapiti Coast District,Nil,0,0,0,0,0,0,Urban,1,0,0,Fine,Null
1747355,5428178,12457,,575200,0,0,0,2,0,South,2008/2009,CRIEFF ST,GLENMORE ST,,Non-Injury Crash,No,2009,0,East,0,0,0,Hill Road,0,,0,,0,Bright sun,2150200,0,0,0,2,0,0,0,0,1,,0,0,Wellington Region,Nil,2-way,Sealed,0,0,0,0,50,0,Null,0,0,,47,Wellington City,Nil,0,0,0,0,1,0,Urban,0,0,0,Fine,Null
1205443,4996651,12458,,612714,0,0,0,1,0,North,2008/2009,SH 94,SNOWDON ROAD,,Non-Injury Crash,Yes,2009,0,South,0,0,0,Hill Road,0,,0,,0,Bright sun,3173401,0,0,0,2,0,0,0,0,0,,0,0,Southland Region,Nil,2-way,Sealed,0,0,0,0,100,0,Null,0,0,,73,Southland District,Unknown,0,0,0,1,0,0,Open,0,0,0,Fine,Null
1776597,5447477,12459,,566700,0,0,0,2,0,West,2008/2009,SPEARGRASS GROVE,ACCESSWAY,,Non-Injury Crash,No,2009,0,North,0,0,0,Hill Road,0,,0,,0,Dark,1913801,0,0,0,2,0,0,0,0,2,,0,0,Wellington Region,Nil,2-way,Sealed,0,0,0,0,50,0,On,0,0,,45,Upper Hutt City,Nil,0,0,0,0,0,0,Urban,1,0,0,Fine,Null
1691564,5673652,12460,,551700,0,0,0,2,0,West,2008/2009,BROMLEY PLACE,CARLTON TERRACE,,Non-Injury Crash,No,2009,0,South,0,0,0,Flat,0,,0,,0,Bright sun,1576700,0,0,0,2,0,0,0,0,1,,0,0,Taranaki Region,Nil,2-way,Sealed,0,0,0,0,50,0,Null,0,0,,33,New Plymouth District,Nil,0,0,0,0,0,0,Urban,0,0,0,Fine,Null
1758964,5917076,12461,,516001,0,,0,2,,North,2009/2010,SH 1N,MARKET OBR,,Non-Injury Crash,Yes,2009,,South,,0,,Flat,,,,,,Overcast,491200,0,0,0,3,,,0,,,,,,Auckland Region,Bridge,2-way,Sealed,,0,0,,80,,Off,1,0,70,76,Auckland,Nil,,,,,0,0,Open,0,,,Fine,Null
1767966,5472657,12462,,565901,0,,0,2,,East,2009/2010,TE KUPE ROAD,WATSON DRIVE,,Non-Injury Crash,No,2009,,East,,0,,Flat,,,,,,Twilight,2001403,0,0,0,2,,,0,,,,,,Wellington Region,Nil,2-way,Sealed,,0,0,,50,,On,0,0,,43,Kapiti Coast District,Nil,,,,,0,0,Urban,0,,,Fine,Null
1571533,5177179,12463,,594400,0,0,0,1,0,North,2008/2009,RIVERLAW TERRACE,TENNYSON ST,,Non-Injury Crash,No,2009,0,South,0,0,1,Flat,0,,0,,0,Dark,2624900,0,0,0,2,0,0,0,0,0,,0,0,Canterbury Region,Nil,2-way,Sealed,0,0,0,0,50,0,On,0,0,,60,Christchurch City,Unknown,0,0,0,0,0,0,Urban,0,0,0,Fine,Null
1929569,5604646,12464,,548200,0,0,0,0,0,South,2009/2010,SOUTHAMPTON ST EAST,RAILWAY ROAD,,Non-Injury Crash,No,2009,0,South,0,0,0,Flat,0,,0,,0,Dark,1491800,0,0,0,2,0,0,0,0,0,,0,0,Hawke's Bay Region,Rail xing,2-way,Sealed,0,0,0,0,50,0,On,1,0,,30,Hastings District,Traffic Signals,0,1,0,0,0,0,Urban,0,0,0,Light rain,Null
1759866,5434956,12465,,569001,0,,0,2,,Null,2009/2010,LUDLAM CRESCENT,WAI-ITI CRESCENT,,Non-Injury Crash,No,2009,,South,,0,,Flat,,,,,,Bright sun,1963800,0,0,0,2,,,0,,,,,,Wellington Region,Nil,2-way,Sealed,,0,0,,50,,Null,0,0,,46,Lower Hutt City,Give way,,,,,0,0,Urban,0,,,Fine,Null
1578088,5183309,12466,,595700,0,,0,2,,West,2008/2009,LONSDALE ST,MARINE PARADE,,Non-Injury Crash,No,2009,,East,,0,,Flat,,,,,,Twilight,2560200,0,0,0,2,,,0,,,,,,Canterbury Region,Nil,2-way,Sealed,,0,0,,50,,On,0,0,,60,Christchurch City,Unknown,,,,,0,0,Urban,0,,,Fine,Null
1928009,5605668,12467,,547900,0,,0,1,,Null,2009/2010,MARAEKAKAHO ROAD,GORDON ROAD,,Non-Injury Crash,No,2009,,South,,0,,Flat,,,,,,Bright sun,1479900,0,0,0,2,,,0,,,,,,Hawke's Bay Region,Nil,2-way,Sealed,,0,0,,50,,Null,0,0,,30,Hastings District,Give way,,,,,0,0,Urban,1,,,Fine,Null
1903525,5566951,12468,,549500,0,,0,1,,Null,2009/2010,PEEL ST,NORTHUMBERLAND ST,,Non-Injury Crash,No,2009,,East,,0,,Flat,,,,,,Overcast,1520100,0,0,0,2,,,0,,,,,,Hawke's Bay Region,Nil,2-way,Sealed,,0,0,,50,,Null,0,0,,32,Central Hawke's Bay District,Give way,,,,,1,0,Urban,0,,,Fine,Null
1767776,5904283,12469,,524602,0,,1,1,,Null,2009/2010,GREAT SOUTH ROAD,REDOUBT ROAD S,,Non-Injury Crash,No,2009,,North,,0,,Flat,,,,,,Overcast,780501,0,0,0,1,,,0,,,,,,Auckland Region,Nil,2-way,Sealed,,0,0,,50,,Null,0,0,,76,Auckland,Give way,,,,,0,0,Urban,0,,,Fine,Null
1789287,5493993,12470,,564021,0,0,0,0,0,South,2008/2009,SH 1N,KUKU EAST ROAD,,Non-Injury Crash,Yes,2009,0,North,0,0,1,Flat,0,,0,,0,Overcast,1859300,0,0,0,2,0,0,0,0,0,,0,0,Manawatū-Whanganui Region,Nil,2-way,Sealed,0,0,0,0,100,0,Null,0,0,,42,Horowhenua District,Nil,0,0,0,0,1,0,Open,0,0,0,Fine,Null
1759265,5435870,12471,,569100,0,,0,2,,Null,2008/2009,QUEENS DRIVE,WOBURN ROAD,,Non-Injury Crash,No,2009,,South,,0,,Flat,,,,,,Overcast,1966200,0,0,0,2,,,0,,,,,,Wellington Region,Nil,2-way,Sealed,,0,0,,50,,Null,0,0,,46,Lower Hutt City,Give way,,,,,0,0,Urban,0,,,Light rain,Null
1747301,5919580,12472,,512402,0,,0,2,,East,2009/2010,TE ATATU OFF WBD,TE ATATU ROAD,,Non-Injury Crash,Yes,2009,,West,,0,,Flat,,,,,,Bright sun,253700,0,0,0,2,,,0,,,,,,Auckland Region,Motorway ramp,1-way,Sealed,,0,0,,100,,Null,0,0,,76,Auckland,Traffic Signals,,,,,0,0,Open,0,,,Light rain,Null
1759518,5436014,12473,,569100,0,,0,2,,South,2009/2010,LAINGS ROAD,KNIGHTS ROAD,,Non-Injury Crash,No,2009,,South,,0,,Flat,,,,,,Overcast,1965500,0,0,0,2,,,0,,,,,,Wellington Region,Nil,2-way,Sealed,,0,0,,50,,Null,0,0,,46,Lower Hutt City,Nil,,,,,0,0,Urban,0,,,Fine,Null
1928442,5634429,12474,,545811,0,0,0,0,0,North,2009/2010,SH 5,SH 2,,Non-Injury Crash,Yes,2009,0,South,0,0,0,Hill Road,0,Labour Weekend,0,,0,Dark,1414800,0,0,0,2,0,0,0,1,0,,0,0,Hawke's Bay Region,Nil,2-way,Sealed,0,0,0,0,100,0,None,1,0,,30,Hastings District,Nil,0,0,0,0,0,0,Open,0,0,0,Fine,Null
1949091,5791479,12475,,542511,0,,0,1,,Null,2009/2010,SH 30,WHAKATANE RIV BR,,Non-Injury Crash,Yes,2009,,South,,0,,Flat,,,,,,Bright sun,1297902,0,0,0,2,,,0,,,,,,Bay of Plenty Region,Nil,2-way,Sealed,,0,0,,50,,Null,1,0,,25,Whakatane District,Unknown,,,,,0,0,Urban,0,,,Fine,Null
2035301,5709128,12476,,544400,0,0,0,1,0,Null,2008/2009,NORTHCOTE ROAD,TOTARA ST,,Non-Injury Crash,No,2009,0,South,0,0,0,Flat,0,,0,,0,Bright sun,1375400,0,0,0,2,0,0,0,0,0,,0,1,Gisborne Region,Nil,2-way,Sealed,0,0,0,0,50,0,Null,0,0,,28,Gisborne District,Nil,0,0,0,0,0,0,Urban,0,0,0,Fine,Null
1752503,5914246,12477,,514500,0,0,0,3,0,Null,2009/2010,NEW WINDSOR ROAD,TIVERTON ROAD,,Non-Injury Crash,No,2009,0,West,0,0,0,Flat,0,,0,,0,Dark,375100,0,0,0,2,0,0,0,0,0,,0,0,Auckland Region,Nil,2-way,Sealed,0,0,0,0,50,0,On,0,0,,76,Auckland,Nil,0,0,0,0,0,0,Urban,0,1,0,Fine,Null
1765507,5900131,12478,,524822,0,0,0,2,0,South,2009/2010,TEMPLETON PLACE,VOLTA PLACE,,Non-Injury Crash,No,2009,0,North,0,0,1,Flat,0,,1,,0,Dark,774424,0,0,0,2,0,0,0,0,1,,0,0,Auckland Region,Nil,2-way,Sealed,0,0,0,0,50,0,On,0,0,,76,Auckland,Nil,0,0,0,0,0,0,Urban,0,0,0,Fine,Null