X,Y,OBJECTID,advisorySpeed,areaUnitID,bicycle,bridge,bus,carStationWagon,cliffBank,crashDirectionDescription,crashFinancialYear,crashLocation1,crashLocation2,crashRoadSideRoad,crashSeverity,crashSHDescription,crashYear,debris,directionRoleDescription,ditch,fatalCount,fence,flatHill,guardRail,holiday,houseOrBuilding,intersection,kerb,light,meshblockId,minorInjuryCount,moped,motorcycle,NumberOfLanes,objectThrownOrDropped,otherObject,otherVehicleType,overBank,parkedVehicle,pedestrian,phoneBoxEtc,postOrPole,region,roadCharacter,roadLane,roadSurface,roadworks,schoolBus,seriousInjuryCount,slipOrFlood,speedLimit,strayAnimal,streetLight,suv,taxi,temporarySpeedLimit,tlaId,tlaName,trafficControl,trafficIsland,trafficSign,train,tree,truck,unknownVehicleType,urban,vanOrUtility,vehicle,waterRiver,weatherA,weatherB
1406418,4915967,12479,,602800,0,0,0,2,0,Null,2008/2009,FRENCH ST,ROBERTS ST,,Non-Injury Crash,No,2009,0,East,0,0,0,Flat,0,,0,,0,Bright sun,2895000,0,0,0,2,0,0,0,0,1,,0,0,Otago Region,Nil,2-way,Sealed,0,0,0,0,50,0,Null,0,0,,71,Dunedin City,Give way,0,0,0,0,0,0,Urban,0,0,0,Fine,Null
1933205,5602516,12480,,548831,0,,0,2,,Null,2008/2009,NAPIER ROAD,CROSSES ROAD,,Non-Injury Crash,No,2009,,North,,0,,Flat,,,,,,Overcast,1509100,0,0,0,2,,,0,,,,,,Hawke's Bay Region,Nil,2-way,Sealed,,0,0,,50,,Null,0,0,,30,Hastings District,Give way,,,,,0,0,Urban,0,,,Fine,Null
1932565,5608519,12481,,545721,0,0,0,0,0,North,2008/2009,RUAHAPIA ROAD,WHAKATU ROAD,,Non-Injury Crash,No,2009,0,North,0,0,1,Flat,0,,0,,0,Dark,1471600,0,0,0,2,0,0,0,0,0,,0,1,Hawke's Bay Region,Nil,2-way,Sealed,0,0,0,0,100,0,Off,1,0,,30,Hastings District,Nil,0,0,0,0,0,0,Open,0,0,0,Light rain,Null
1763619,5906214,12482,,524303,0,,0,1,,South,2009/2010,PARK AVENUE,PORTAGE ROAD,,Non-Injury Crash,No,2009,,North,,0,,Flat,,,,,,Overcast,655900,0,0,0,2,,,0,,,,,,Auckland Region,Nil,2-way,Sealed,,0,0,,50,,Off,0,0,,76,Auckland,Nil,,,,,0,0,Urban,1,,,Fine,Null
1770437,5443975,12483,,564510,0,,0,2,,Null,2009/2010,FERGUSSON DRIVE,BARTON AVENUE,,Non-Injury Crash,No,2009,,North,,0,,Flat,,,,,,Overcast,1904900,0,0,0,2,,,0,,,,,,Wellington Region,Nil,2-way,Sealed,,0,0,,50,,Null,0,0,,45,Upper Hutt City,Traffic Signals,,,,,0,0,Urban,0,,,Fine,Null
1755671,5922469,12484,,509800,0,,0,6,,Null,2009/2010,SH 1N,TOP OF HARBOUR BRIDGE,,Non-Injury Crash,Yes,2009,,South,,0,,Hill Road,,,,,,Overcast,359300,0,0,0,4,,,0,,,,,,,Bridge,1-way,Sealed,,0,0,,80,,Off,0,0,,76,Auckland,Nil,,,,,0,0,Open,0,,,Fine,Null
1793133,5500335,12485,,564220,0,0,0,2,0,South,2009/2010,Z CPK LIQUORLAND,SH 1N/DURHAM,,Non-Injury Crash,No,2009,0,North,0,0,0,Flat,0,,0,,0,Dark,1870100,0,0,0,0,0,0,0,0,1,,0,0,Manawatū-Whanganui Region,Nil,Off road,Sealed,0,0,0,0,50,0,On,0,0,,42,Horowhenua District,Nil,0,0,0,0,0,0,Urban,0,0,0,Light rain,Null
1820880,5462129,12486,,578902,0,,0,2,,Null,2009/2010,SH 2,SOUTH BELT,,Non-Injury Crash,Yes,2009,,East,,0,,Flat,,,,,,Bright sun,2230200,0,0,0,2,,,0,,,,,,Wellington Region,Nil,2-way,Sealed,,0,0,,50,,Null,0,0,,48,Masterton District,Give way,,,,,0,0,Urban,0,,,Fine,Null
1734882,5908001,12487,,513800,0,0,0,1,1,East,2009/2010,PIHA ROAD,LONE KAURI ROAD,,Non-Injury Crash,No,2009,0,West,0,0,0,Flat,0,,0,,0,Bright sun,282027,0,0,0,2,0,0,0,0,0,,0,0,Auckland Region,Nil,2-way,Sealed,0,0,0,0,100,0,Off,0,0,,76,Auckland,Nil,0,1,0,1,0,0,Open,0,0,0,Null,Null
1754516,5876372,12488,,526104,0,,0,2,,Null,2009/2010,KITCHENER ROAD,COLLINGWOOD ROAD W,,Non-Injury Crash,No,2009,,West,,0,,Flat,,,,,,Bright sun,834600,0,0,0,2,,,0,,,,,,Auckland Region,Nil,2-way,Sealed,,0,0,,50,,Off,0,0,,76,Auckland,Give way,,,,,0,0,Urban,0,,,Fine,Null
2037483,5708353,12489,,544600,0,,0,2,,Null,2008/2009,PEEL ST,PALMERSTON ROAD,,Non-Injury Crash,No,2009,,North,,0,,Flat,,,,,,Overcast,1370500,0,0,0,2,,,0,,,,,,Gisborne Region,Nil,2-way,Sealed,,0,0,,50,,Null,0,0,,28,Gisborne District,Traffic Signals,,,,,0,0,Urban,0,,,Fine,Null
1597696,5149490,12490,,596800,0,0,0,1,0,South,2008/2009,WATSON ST,RUE BALGUERIE,,Non-Injury Crash,No,2009,0,South,0,0,0,Hill Road,0,,1,,0,Bright sun,2716002,0,0,0,1,0,0,0,0,1,,0,1,Canterbury Region,Nil,2-way,Sealed,0,0,0,0,50,0,Null,0,0,,60,Christchurch City,Unknown,0,0,0,0,1,0,Urban,0,0,0,Fine,Null
1719190,6050745,12491,,502201,0,,0,2,,West,2008/2009,CORKS ROAD,PARAMOUNT PARADE,,Non-Injury Crash,No,2009,,East,,0,,Flat,,Easter,,,,Bright sun,86500,0,0,0,2,,,0,,,,,,Northland Region,Nil,2-way,Sealed,,0,0,,50,,Off,0,0,,2,Whangarei District,Nil,,,,,0,0,Urban,0,,,Fine,Null
1746002,5922849,12492,,513530,0,0,0,2,0,West,2008/2009,ROYAL ROAD,WICKSTEAD PLACE,,Non-Injury Crash,No,2009,0,West,0,0,0,Hill Road,0,,0,,0,Overcast,226004,0,0,0,2,0,0,0,0,1,,0,0,Auckland Region,Nil,2-way,Sealed,0,0,0,0,50,0,Off,0,0,,76,Auckland,Nil,0,0,0,0,0,0,Urban,0,0,0,Light rain,Null
1929948,5605347,12493,,548200,0,0,0,1,0,Null,2008/2009,ST AUBYN ST WEST,KING ST NORTH,,Non-Injury Crash,No,2009,0,West,0,0,0,Flat,0,,0,,0,Overcast,1491500,0,0,0,2,0,0,0,0,0,,0,0,Hawke's Bay Region,Nil,2-way,Sealed,0,0,0,0,50,0,Null,0,0,,30,Hastings District,Give way,1,1,0,0,0,0,Urban,1,0,0,Fine,Null
1767653,5912013,12494,,522910,0,0,0,1,0,West,2009/2010,TI RAKAU DRIVE,GOSSAMER DRIVE,,Non-Injury Crash,No,2009,0,East,0,0,0,Flat,0,,0,,0,Bright sun,687700,0,0,0,4,0,0,0,0,0,,0,1,Auckland Region,Nil,2-way,Sealed,0,0,0,0,60,0,Null,0,0,,76,Auckland,Unknown,0,0,0,0,0,0,Urban,0,0,0,Fine,Null
1790578,5827655,12495,,528200,0,0,0,1,0,East,2009/2010,HAVELOCK ROAD,JACKSON ST,,Non-Injury Crash,No,2009,0,South,0,0,1,Flat,0,,0,,0,Overcast,856800,0,0,0,2,0,0,0,0,0,,0,0,Waikato Region,Nil,2-way,Sealed,0,0,0,0,50,0,Off,0,0,,13,Waikato District,Nil,0,0,0,0,0,0,Urban,0,0,0,Light rain,Null
1929726,5604805,12496,,548200,0,,0,1,,South,2008/2009,RUSSELL ST SOUTH,EASTBOURNE ST EAST,,Non-Injury Crash,No,2009,,North,,0,,Flat,,,,,,Overcast,1491900,0,0,0,2,,,0,,,,,,Hawke's Bay Region,Nil,2-way,Sealed,,0,0,,50,,Null,1,0,,30,Hastings District,Nil,,,,,0,0,Urban,0,,,Fine,Null
1768933,5468454,12497,,566000,0,,0,2,,Null,2009/2010,SH 1N,COASTLANDS PARADE S,,Non-Injury Crash,Yes,2009,,North,,0,,Flat,,,,,,Overcast,2003709,0,0,0,5,,,0,,,,,,Wellington Region,Nil,2-way,Sealed,,0,0,,50,,Null,1,0,,43,Kapiti Coast District,Give way,,,,,0,0,Urban,0,,,Fine,Null
1759918,5433935,12498,,568900,0,0,0,1,0,Null,2009/2010,ELIZABETH ST,YORK ST,,Non-Injury Crash,No,2009,0,South,0,0,1,Flat,0,,0,,1,Dark,1962700,0,0,0,2,0,0,0,0,0,,0,0,Wellington Region,Nil,2-way,Sealed,0,0,0,0,50,0,On,0,0,,46,Lower Hutt City,Nil,0,0,0,0,0,0,Urban,0,0,0,Light rain,Null
1909976,5578407,12499,,549602,0,,0,2,,North,2009/2010,SH 2,HIGGINSON ST,,Non-Injury Crash,Yes,2009,,North,,0,,Hill Road,,,,,,Overcast,1523200,0,0,0,2,,,0,,,,,,Hawke's Bay Region,Nil,2-way,Sealed,,0,0,,100,,Null,0,0,,32,Central Hawke's Bay District,Nil,,,,,0,0,Open,0,,,Fine,Null
1823195,5532155,12500,,562500,0,,0,1,,North,2009/2010,MALDEN ST,TREMAINE AVENUE,,Non-Injury Crash,No,2009,,South,,0,,Flat,,,,,,Overcast,1840700,0,0,0,2,,,0,,,,,,Manawatū-Whanganui Region,Nil,2-way,Sealed,,0,0,,50,,Null,0,0,,40,Palmerston North City,Nil,,,,,1,0,Urban,0,,,Fine,Null
1823901,5463301,12501,,578600,0,0,0,2,0,South,2008/2009,QUEEN ST,PERRY ST,,Non-Injury Crash,No,2009,0,West,0,0,0,Flat,0,,0,,0,Overcast,2242800,0,0,0,2,0,0,0,0,1,,0,0,Wellington Region,Nil,2-way,Sealed,0,0,0,0,50,0,Null,0,0,,48,Masterton District,Nil,0,0,0,0,0,0,Urban,0,0,0,Light rain,Null
1419437,4949454,12502,,601400,0,0,0,0,0,North,2008/2009,SH 1S,GLASGOW ST,,Non-Injury Crash,Yes,2009,0,South,0,0,0,Flat,0,,0,,0,Overcast,2855400,0,0,0,3,0,0,0,0,0,,0,1,Otago Region,Nil,2-way,Sealed,0,0,0,0,100,0,Null,1,0,,71,Dunedin City,Unknown,0,0,0,0,0,0,Open,0,0,0,Fine,Null
1930413,5616965,12503,,547200,0,0,0,1,0,Null,2008/2009,WHITE ST,CHURCH ROAD,,Non-Injury Crash,No,2009,0,South,0,0,0,Flat,0,,0,,0,Bright sun,1456704,0,0,0,2,0,0,0,0,1,,0,0,Hawke's Bay Region,Nil,2-way,Sealed,0,0,0,0,50,0,Null,0,0,,31,Napier City,Give way,0,0,0,0,0,0,Urban,1,0,0,Fine,Null
1751512,5433043,12504,,574002,0,,0,2,,North,2008/2009,SH 1N,CENTENNIAL SBD,,Non-Injury Crash,Yes,2009,,South,,0,,Hill Road,,,,,,Dark,2078304,0,0,0,2,,,0,,,,,,Wellington Region,Nil,1-way,Sealed,,0,0,,50,,Off,0,0,,47,Wellington City,Nil,,,,,0,0,Urban,1,,,Light rain,Null
1242412,4850147,12505,,611210,0,,0,2,,Null,2008/2009,SH 6,LEET ST,,Non-Injury Crash,Yes,2009,,South,,0,,Flat,,,,,,Bright sun,3106400,0,0,0,2,,,0,,,,,,Southland Region,Nil,2-way,Sealed,,0,0,,50,,Null,0,0,,75,Invercargill City,Give way,,,,,0,0,Urban,0,,,Fine,Null
1763393,5911222,12506,,520500,0,,0,3,,Null,2009/2010,GREAT SOUTH ROAD,BELL AVENUE,,Non-Injury Crash,No,2009,,South,,0,,Flat,,,,,,Bright sun,637702,0,0,0,4,,,0,,,,,,Auckland Region,Nil,2-way,Sealed,,0,0,,50,,Off,0,0,,76,Auckland,Nil,,,,,0,0,Urban,0,,,Fine,Null
1864072,5543932,12507,,550102,0,0,0,1,0,Null,2009/2010,ALLARDICE ST,TRAFALGAR ST,,Non-Injury Crash,No,2009,0,East,0,0,1,Flat,0,Christmas New Year,1,,0,Dark,1533700,0,0,0,2,0,0,0,0,0,,0,1,Manawatū-Whanganui Region,Nil,2-way,Sealed,0,0,0,0,50,0,On,0,0,,41,Tararua District,Give way,0,0,0,0,0,0,Urban,0,0,0,Light rain,Null
1766967,5903715,12508,,524604,0,0,0,1,0,Null,2009/2010,WIRI STATION ROAD,DRUCES ROAD,,Non-Injury Crash,No,2009,0,West,0,0,0,Flat,0,,0,,0,Overcast,780210,0,0,0,4,0,0,0,0,0,,0,0,Auckland Region,Nil,2-way,Sealed,0,0,0,0,50,0,Off,0,0,,76,Auckland,Traffic Signals,0,1,0,0,0,0,Urban,0,0,0,Fine,Null
1750865,5423563,12509,,577000,0,0,0,2,0,South,2008/2009,TIRANGI ROAD,KINGSFORD SMITH ST,,Non-Injury Crash,No,2009,0,South,0,0,0,Flat,0,,0,,0,Bright sun,2175502,0,0,0,2,0,0,0,0,0,,0,0,Wellington Region,Nil,2-way,Sealed,0,0,0,0,50,0,Null,0,0,,47,Wellington City,Nil,0,0,0,0,0,0,Urban,0,1,0,Fine,Null
1558662,5168175,12510,,597200,0,0,0,1,0,North,2008/2009,JAMES ST,FITZ PLACE,,Non-Injury Crash,No,2009,0,North,0,0,0,Flat,0,,0,,0,Bright sun,2718800,0,0,0,2,0,0,0,0,0,,0,1,Canterbury Region,Nil,2-way,Sealed,0,0,0,0,50,0,Null,0,0,,62,Selwyn District,Unknown,0,0,0,0,0,0,Urban,0,0,0,Fine,Null
1759856,5434831,12511,,569002,0,0,0,1,0,Null,2008/2009,WHITES LINE EAST,LUDLAM CRESCENT,,Non-Injury Crash,No,2009,0,North,0,0,0,Flat,1,,0,,0,Overcast,1964200,0,0,0,2,0,0,0,0,0,,0,0,Wellington Region,Nil,2-way,Sealed,0,0,0,0,50,0,Null,0,0,,46,Lower Hutt City,Give way,1,1,0,0,0,0,Urban,0,0,0,Light rain,Null
1692503,5675885,12512,,551800,0,,0,1,,Null,2009/2010,SH 45,DAWSON ST,,Non-Injury Crash,Yes,2009,,West,,0,,Flat,,,,,,Twilight,1591600,0,0,0,2,,,0,,,,,,Taranaki Region,Nil,2-way,Sealed,,0,0,,50,,Off,1,0,,33,New Plymouth District,Traffic Signals,,,,,0,0,Urban,0,,,Fine,Null
1776696,5479198,12513,,563920,0,,0,1,,Null,2008/2009,DERHAM ROAD,MORRISON ROAD,,Non-Injury Crash,No,2009,,North,,0,,Flat,,,,,,Bright sun,1883901,0,0,0,2,,,0,,,,,,Wellington Region,Nil,2-way,Sealed,,0,0,,50,,Null,0,0,,43,Kapiti Coast District,Give way,,,,,0,0,Urban,1,,,Fine,Null
1800319,5815515,12514,,529700,0,,0,2,,Null,2009/2010,TRISTRAM ST,LONDON ST,,Non-Injury Crash,No,2009,,North,,0,,Flat,,,,,,Bright sun,910700,0,0,0,2,,,0,,,,,,Waikato Region,Nil,2-way,Sealed,,0,0,,50,,Null,0,0,,16,Hamilton City,Traffic Signals,,,,,0,0,Urban,0,,,Fine,Null
1751260,5435025,12515,,573700,0,,0,1,,Null,2009/2010,FRANKMOORE AVENUE,ROTOITI ST,,Non-Injury Crash,No,2009,,West,,0,,Flat,,,,,,Overcast,2082400,0,0,0,2,,,0,,,,,,Wellington Region,Nil,2-way,Sealed,,0,0,,50,,Null,0,0,,47,Wellington City,Nil,,,,,0,0,Urban,1,,,Fine,Null
1758249,5918393,12516,,517400,0,0,0,0,0,South,2009/2010,CROWHURST ST,KHYBER PASS ROAD,,Non-Injury Crash,No,2009,0,North,0,0,0,Flat,0,,0,,0,Bright sun,450300,0,0,0,2,0,0,0,0,0,,0,0,Auckland Region,Nil,2-way,Sealed,0,0,0,0,40,0,Off,0,0,,76,Auckland,Traffic Signals,0,0,0,0,1,0,Urban,1,1,0,Fine,Null
1748812,5428088,12517,,573000,0,,0,2,,Null,2008/2009,CUSTOMHOUSE QUAY,GREY ST,,Non-Injury Crash,No,2009,,North,,0,,Flat,,,,,,Dark,2125900,0,0,0,2,,,0,,,,,,Wellington Region,Nil,2-way,Sealed,,0,0,,50,,On,0,0,,47,Wellington City,Give way,,,,,0,0,Urban,0,,,Fine,Null
1866948,5713314,12518,,541720,0,,0,1,,East,2009/2010,TUWHARETOA ST,TONGARIRO ST,,Non-Injury Crash,No,2009,,West,,0,,Flat,,,,,,Dark,1274300,0,0,0,2,,,0,,,,,,Waikato Region,Nil,2-way,Sealed,,0,0,,50,,Off,0,0,,21,Taupo District,Give way,,,,,0,0,Urban,1,,,Light rain,Null
1774031,5445570,12519,,567100,0,,0,2,,East,2009/2010,ANDREWS LANE,LOGAN ST,,Non-Injury Crash,No,2009,,East,,0,,Flat,,,,,,Overcast,1905700,0,0,0,0,,,0,,,,,,Wellington Region,Nil,1-way,Sealed,,0,0,,50,,Null,0,0,,45,Upper Hutt City,Nil,,,,,0,0,Urban,0,,,Light rain,Null
1747966,5933041,12520,,509000,0,0,0,1,0,South,2009/2010,RIDGE ROAD,GLENMORE ROAD,,Non-Injury Crash,No,2009,0,South,0,0,1,Flat,0,,0,,0,Overcast,179308,0,0,0,2,0,0,0,0,0,,0,0,Auckland Region,Nil,2-way,Sealed,0,0,0,0,80,0,None,0,0,,76,Auckland,Nil,0,0,0,1,0,0,Open,0,0,0,Fine,Null
1759334,5436109,12521,,569100,0,,0,1,,East,2009/2010,HIGH ST,DALY ST,,Non-Injury Crash,No,2009,,South,,0,,Flat,,,,,,Bright sun,1967300,0,0,0,2,,,0,,,,,,Wellington Region,Nil,2-way,Sealed,,0,0,,50,,Null,1,0,,46,Lower Hutt City,Nil,,,,,0,0,Urban,0,,,Fine,Null
1935513,5620383,12522,,546600,0,0,0,1,0,North,2009/2010,KENNEDY ROAD,NUFFIELD AVENUE,,Non-Injury Crash,No,2009,0,North,0,0,0,Flat,0,,0,,0,Dark,1435800,0,0,0,2,0,0,0,0,0,,0,1,Hawke's Bay Region,Nil,2-way,Sealed,0,0,0,0,50,0,On,0,0,,31,Napier City,Nil,1,0,0,0,0,0,Urban,0,0,0,Mist or Fog,Null
1755860,5919905,12523,,514000,0,0,0,2,0,East,2009/2010,ANGLESEA ST,HEKE ST,,Non-Injury Crash,No,2009,0,South,0,0,0,Flat,0,,0,,0,Dark,414100,0,0,0,2,0,0,0,0,1,,0,0,Auckland Region,Nil,2-way,Sealed,0,0,0,0,50,0,On,0,0,,76,Auckland,Nil,0,0,0,0,0,0,Urban,0,0,0,Fine,Null
1749692,5426061,12524,,573400,0,,0,1,,East,2008/2009,SH 1N,WEST PORTAL,,Non-Injury Crash,Yes,2009,,West,,0,,Flat,,,,,,Dark,2143300,0,0,0,2,,,0,,,,,,Wellington Region,Nil,2-way,Sealed,,0,0,,50,,On,1,0,,47,Wellington City,Nil,,,,,0,0,Urban,0,,,Fine,Null
1691103,5674337,12525,,551503,0,,0,1,,Null,2008/2009,BORRELL AVENUE,SEAVIEW ROAD,,Non-Injury Crash,No,2009,,North,,0,,Flat,,Queens Birthday,,,,Dark,1580200,0,0,0,2,,,0,,,,,,Taranaki Region,Nil,2-way,Sealed,,0,0,,50,,On,1,0,,33,New Plymouth District,Give way,,,,,0,0,Urban,0,,,Light rain,Null
1246057,4841565,12526,,610074,0,0,0,1,0,North,2008/2009,SH 1S,KEKENO PLACE,,Non-Injury Crash,Yes,2009,0,South,0,0,0,Flat,0,,0,,0,Dark,3160000,0,0,0,2,0,0,0,0,0,,0,0,Southland Region,Nil,2-way,Sealed,0,0,0,0,100,0,None,0,0,,75,Invercargill City,Unknown,0,0,0,0,0,0,Open,0,0,0,Fine,Null
1757229,5435021,12527,,569900,0,,0,2,,Null,2009/2010,HUTT ROAD,REGENT ST,,Non-Injury Crash,No,2009,,South,,0,,Flat,,,,,,Bright sun,2032200,0,0,0,2,,,0,,,,,,Wellington Region,Nil,2-way,Sealed,,0,0,,50,,Null,0,0,,46,Lower Hutt City,Give way,,,,,0,0,Urban,0,,,Fine,Null
1931255,5616152,12528,,547300,0,,0,2,,South,2008/2009,KING ST,MEEANEE ROAD,,Non-Injury Crash,No,2009,,South,,0,,Flat,,,,,,Bright sun,1459900,0,0,0,2,,,0,,,,,,Hawke's Bay Region,Nil,2-way,Sealed,,0,0,,50,,Null,0,0,,31,Napier City,Nil,,,,,0,0,Urban,0,,,Fine,Null
1754945,5926301,12529,,509701,0,,0,0,,Null,2009/2010,EBAN AVENUE,MOORE ST,,Non-Injury Crash,No,2009,,West,,0,,Hill Road,,,,,,Dark,364001,0,0,1,2,,,0,,,,,,Auckland Region,Nil,2-way,Sealed,,0,0,,50,,On,0,0,,76,Auckland,Give way,,,,,0,0,Urban,0,,,Fine,Null
1670379,5656831,12530,,553302,0,0,0,1,0,South,2009/2010,SH 45,STENT ROAD,,Non-Injury Crash,Yes,2009,0,North,1,0,0,Flat,0,,0,,0,Overcast,1624900,0,0,0,2,0,0,0,0,0,,0,0,Taranaki Region,Nil,2-way,Sealed,0,0,0,0,100,0,Null,0,0,,35,South Taranaki District,Nil,0,0,0,0,0,0,Open,0,0,0,Fine,Strong wind
1695319,5373344,12531,,580801,0,0,0,1,0,South,2008/2009,SH 1S,TAIMATE ROAD,,Non-Injury Crash,Yes,2009,0,North,0,0,1,Flat,0,,0,,0,Bright sun,2310100,0,0,0,2,0,0,0,0,0,,0,0,Marlborough Region,Nil,2-way,Sealed,0,0,0,0,100,0,Null,0,0,,53,Marlborough District,Nil,0,0,0,0,0,0,Open,0,0,0,Fine,Null
1755464,5922096,12532,,515202,0,,0,2,,North,2009/2010,SH 1N,SHELLY OFF SBD,,Non-Injury Crash,Yes,2009,,South,,0,,Hill Road,,,,,,Bright sun,423600,0,0,0,4,,,0,,,,,,,Bridge,1-way,Sealed,,0,0,,80,,Off,0,0,,76,Auckland,Nil,,,,,1,0,Open,0,,,Fine,Null
1755211,5444217,12533,,570900,0,,0,2,,Null,2008/2009,Z CPK MUNGAVIN HALL,MUNGAVIN/MCKILLOP W,,Non-Injury Crash,No,2009,,West,,0,,Flat,,,,,,Dark,2053900,0,0,0,0,,,0,,,,,,Wellington Region,Nil,Off road,Sealed,,0,0,,50,,On,0,0,,44,Porirua City,Nil,,,,,0,0,Urban,0,,,Fine,Null
1759009,5920509,12534,,514101,0,,0,2,,South,2009/2010,SH 16,TAMAKI DRIVE,,Non-Injury Crash,Yes,2009,,South,,0,,Flat,,,,,,Overcast,438214,0,0,0,4,,,0,,,,,,Auckland Region,Bridge,2-way,Sealed,,0,0,,50,,Off,0,0,,76,Auckland,Nil,,,,,0,0,Urban,0,,,Fine,Null
1748816,5426970,12535,,573101,0,,0,1,,Null,2009/2010,TARANAKI ST,JESSIE ST,,Non-Injury Crash,No,2009,,South,,0,,Flat,,,,,,Bright sun,2133700,0,0,0,4,,,0,,,,,,Wellington Region,Nil,2-way,Sealed,,0,0,,50,,Null,0,1,,47,Wellington City,Nil,,,,,0,0,Urban,1,,,Fine,Null
1931608,5605530,12536,,548000,0,0,0,2,0,West,2009/2010,COLLINGE ROAD,DALCROSS ST,,Non-Injury Crash,No,2009,0,East,0,0,1,Flat,0,,0,,0,Overcast,1497300,0,0,0,2,0,0,0,0,0,,0,0,Hawke's Bay Region,Nil,2-way,Sealed,0,0,0,0,50,0,Null,0,0,,30,Hastings District,Nil,0,0,0,0,0,0,Urban,0,0,0,Mist or Fog,Null
1755919,5935256,12537,,507101,0,,0,2,,East,2009/2010,INVERNESS ROAD,GLEN ROAD,,Non-Injury Crash,No,2009,,East,,0,,Flat,,,,,,Overcast,161100,0,0,0,2,,,0,,,,,,Auckland Region,Nil,2-way,Sealed,,0,0,,50,,Off,0,0,,76,Auckland,Nil,,,,,0,0,Urban,0,,,Light rain,Null
1806369,5634510,12538,,555000,0,,0,1,,Null,2009/2010,SH 49,OLD STATION ROAD,,Non-Injury Crash,Yes,2009,,North,,0,,Flat,,,,,,Overcast,1676600,0,0,0,2,,,0,,,,,,Manawatū-Whanganui Region,Nil,2-way,Sealed,,0,0,,100,,Null,0,0,,36,Ruapehu District,Give way,,,,,1,0,Open,0,,,Fine,Null
1758935,5904301,12539,,524200,0,,0,1,,Null,2009/2010,GEORGE BOLT MEMORIAL DRIV,IHUMATAO ROAD,,Non-Injury Crash,No,2009,,North,,0,,Flat,,,,,,Overcast,727000,0,0,0,4,,,0,,,,,,Auckland Region,Nil,2-way,Sealed,,0,0,,100,,Off,0,0,,76,Auckland,Stop,,,,,1,0,Open,0,,,Fine,Null
1763893,5912549,12540,,520500,0,,0,2,,Null,2009/2010,SH 1N,MT WGTN OBR,,Non-Injury Crash,Yes,2009,,South,,0,,Flat,,,,,,Overcast,637400,0,0,0,2,,,0,,,,,,Auckland Region,Nil,1-way,Sealed,,0,0,,100,,Null,0,0,,76,Auckland,Unknown,,,,,0,0,Open,0,,,Fine,Null
1759058,5590444,12541,,555400,0,0,0,0,0,West,2008/2009,SH 3,RANGITATAU WEST ROAD,,Non-Injury Crash,Yes,2009,0,North,0,0,0,Hill Road,1,,0,,0,Dark,1679200,0,0,0,3,0,1,0,0,0,,0,0,Manawatū-Whanganui Region,Nil,2-way,Sealed,0,0,0,0,100,0,None,0,0,,37,Whanganui District,Nil,0,0,0,0,1,0,Open,0,0,0,Heavy rain,Null
1821882,5530442,12542,,562401,0,0,0,1,0,Null,2008/2009,FEATHERSTON ST,ROY ST,,Non-Injury Crash,No,2009,0,West,0,0,1,Flat,0,,0,,1,Overcast,1832100,0,0,0,2,0,0,0,0,0,,0,0,Manawatū-Whanganui Region,Nil,2-way,Sealed,0,0,0,0,50,0,Null,0,0,,40,Palmerston North City,Give way,0,0,0,0,0,0,Urban,0,0,0,Fine,Null
1800138,5815982,12543,,529700,0,,0,1,,Null,2009/2010,LIVERPOOL ST,VIALOU ST,,Non-Injury Crash,No,2009,,West,,0,,Flat,,,,,,Overcast,909700,0,0,0,2,,,0,,,,,,Waikato Region,Nil,2-way,Sealed,,0,0,,50,,Null,1,0,,16,Hamilton City,Give way,,,,,0,0,Urban,0,,,Fine,Null
1761477,5892089,12544,,521122,0,0,0,1,0,Null,2009/2010,ELLETT ROAD,BRIAN WOOD LANE,,Non-Injury Crash,No,2009,0,East,0,0,1,Hill Road,0,,0,,0,Dark,809701,0,0,0,2,0,0,0,0,0,,0,0,Auckland Region,Nil,2-way,Sealed,0,0,0,0,100,0,None,0,0,,76,Auckland,Nil,0,0,0,0,0,0,Open,0,0,0,Light rain,Null
1759947,5436054,12545,,569100,0,,0,2,,Null,2008/2009,KNIGHTS ROAD,BLOOMFIELD TERRACE,,Non-Injury Crash,No,2009,,South,,0,,Flat,,,,,,Bright sun,1968300,0,0,0,2,,,0,,,,,,Wellington Region,Nil,2-way,Sealed,,0,0,,50,,Null,0,0,,46,Lower Hutt City,Give way,,,,,0,0,Urban,0,,,Fine,Null
1690934,5675512,12546,,551501,0,,0,2,,Null,2009/2010,SH 45 DEVON ST WEST,CALVERT ROAD,,Non-Injury Crash,Yes,2009,,West,,0,,Flat,,,,,,Overcast,1581200,0,0,0,2,,,0,,,,,,Taranaki Region,Nil,2-way,Sealed,,0,0,,50,,Null,0,0,,33,New Plymouth District,Stop,,,,,0,0,Urban,0,,,Light rain,Null
1693757,5676354,12547,,551800,0,,0,1,,Null,2008/2009,SH 3 ELIOT,LEACH ST,,Non-Injury Crash,Yes,2009,,North,,0,,Flat,,,,,,Overcast,1594200,0,0,0,2,,,0,,,,,,Taranaki Region,Nil,2-way,Sealed,,0,0,,50,,Null,0,0,,33,New Plymouth District,Traffic Signals,,,,,0,0,Urban,1,,,Heavy rain,Null
1773457,5445396,12548,,567100,0,0,0,2,0,Null,2009/2010,Z CPK PAK N SAVE,GIBBONS ST,,Non-Injury Crash,No,2009,0,South,0,0,0,Flat,0,,0,,0,Bright sun,1905200,0,0,0,0,0,0,0,0,1,,0,0,Wellington Region,Nil,Off road,Sealed,0,0,0,0,50,0,Null,0,0,,45,Upper Hutt City,Nil,0,0,0,0,0,0,Urban,0,0,0,Fine,Null