X,Y,OBJECTID,advisorySpeed,areaUnitID,bicycle,bridge,bus,carStationWagon,cliffBank,crashDirectionDescription,crashFinancialYear,crashLocation1,crashLocation2,crashRoadSideRoad,crashSeverity,crashSHDescription,crashYear,debris,directionRoleDescription,ditch,fatalCount,fence,flatHill,guardRail,holiday,houseOrBuilding,intersection,kerb,light,meshblockId,minorInjuryCount,moped,motorcycle,NumberOfLanes,objectThrownOrDropped,otherObject,otherVehicleType,overBank,parkedVehicle,pedestrian,phoneBoxEtc,postOrPole,region,roadCharacter,roadLane,roadSurface,roadworks,schoolBus,seriousInjuryCount,slipOrFlood,speedLimit,strayAnimal,streetLight,suv,taxi,temporarySpeedLimit,tlaId,tlaName,trafficControl,trafficIsland,trafficSign,train,tree,truck,unknownVehicleType,urban,vanOrUtility,vehicle,waterRiver,weatherA,weatherB
1819308,5656976,12549,,532601,0,0,0,0,1,South,2009/2010,BRUCE ROAD,SH 48,,Non-Injury Crash,No,2009,0,South,0,0,0,Hill Road,0,,0,,0,Overcast,1023100,0,0,0,2,0,0,0,0,0,,0,0,Manawatū-Whanganui Region,Nil,2-way,Sealed,0,0,0,0,70,0,Null,1,0,,36,Ruapehu District,Nil,0,0,0,0,0,0,Urban,0,0,0,Heavy rain,Null
1853728,5854711,12550,,534200,0,,0,1,,North,2009/2010,SH 2,TRIG ROAD SOUTH,,Non-Injury Crash,Yes,2009,,North,,0,,Flat,,Labour Weekend,,,,Dark,1083301,0,0,0,2,,,0,,,,,,Waikato Region,Nil,2-way,Sealed,,0,0,,100,,None,0,0,,12,Hauraki District,Nil,,,,,0,0,Open,0,,,Fine,Null
1754725,5443247,12551,,571000,0,,0,0,,South,2008/2009,SH 1N,MUNGAVIN OFF NBD,,Non-Injury Crash,Yes,2009,,North,,0,,Flat,,,,,,Bright sun,2052000,0,0,0,2,,,0,,,,,,Wellington Region,Nil,2-way,Sealed,,0,0,,100,,Null,0,0,,44,Porirua City,Nil,,,,,0,0,Open,1,,,Fine,Null
1857153,5840645,12552,,535800,0,0,0,0,0,South,2009/2010,SH 2,PHILIP WALTER DRIVE,,Non-Injury Crash,Yes,2009,0,South,1,0,0,Flat,0,,0,,0,Dark,1182800,0,0,0,2,0,0,0,0,0,,0,0,Bay of Plenty Region,Nil,2-way,Sealed,0,0,0,0,100,0,None,0,0,,22,Western Bay of Plenty District,Unknown,0,0,0,0,1,0,Open,0,0,0,Light rain,Null
1821937,5529072,12553,,562800,0,,0,1,,Null,2008/2009,FERGUSON ST,FITZHERBERT AVENUE,,Non-Injury Crash,No,2009,,South,,0,,Flat,,,,,,Bright sun,1828700,0,0,0,2,,,0,,,,,,Manawatū-Whanganui Region,Nil,2-way,Sealed,,0,0,,50,,Null,1,0,,40,Palmerston North City,Traffic Signals,,,,,0,0,Urban,0,,,Fine,Null
1759255,5435904,12554,,569100,0,,0,2,,Null,2009/2010,RAILWAY AVENUE,QUEENS DRIVE,,Non-Injury Crash,No,2009,,East,,0,,Flat,,,,,,Overcast,1966200,0,0,0,2,,,0,,,,,,Wellington Region,Nil,2-way,Sealed,,0,0,,50,,Null,0,0,,46,Lower Hutt City,Give way,,,,,0,0,Urban,0,,,Fine,Null
1755154,5434455,12555,,569800,0,,0,0,,South,2008/2009,SH 2,HOROKIWI ROAD,,Non-Injury Crash,Yes,2009,,South,,0,,Flat,,,,,,Bright sun,1922202,0,0,1,4,,,0,,,,,,Wellington Region,Nil,2-way,Sealed,,0,0,,100,,Null,1,0,,46,Lower Hutt City,Nil,,,,,0,0,Open,0,,,Fine,Null
1867435,5555667,12556,,549800,0,,0,2,,West,2008/2009,TATARAMOA ROAD,SH 2,,Non-Injury Crash,No,2009,,West,,0,,Hill Road,,,,,,Overcast,1535800,0,0,0,2,,,0,,,,,,Manawatū-Whanganui Region,Nil,2-way,Sealed,,0,0,,100,,Null,0,0,,41,Tararua District,Nil,,,,,0,0,Open,0,,,Fine,Null
1801619,5815816,12557,,530100,0,,0,2,,Null,2009/2010,GREY ST,TE AROHA ST,,Non-Injury Crash,No,2009,,North,,0,,Flat,,,,,,Bright sun,895500,0,0,0,2,,,0,,,,,,Waikato Region,Nil,2-way,Sealed,,0,0,,50,,Null,0,0,,16,Hamilton City,Give way,,,,,0,0,Urban,0,,,Fine,Null
1788037,5446282,12558,,579803,0,,0,1,,East,2009/2010,SH 2,RIMUTAKA SUMMIT,,Non-Injury Crash,Yes,2009,,West,,0,,Hill Road,,,,,,Overcast,2272601,0,0,0,2,,,0,,,,,,Wellington Region,Nil,2-way,Sealed,,0,0,,100,,Null,1,0,,50,South Wairarapa District,Nil,,,,,0,0,Open,0,,,Fine,Null
1570648,5178627,12559,,594600,1,,1,0,,Null,2008/2009,COLOMBO ST,WORDSWORTH ST,,Non-Injury Crash,No,2009,,South,,0,,Flat,,,,,,Bright sun,2618100,0,0,0,2,,,0,,,,,,Canterbury Region,Nil,2-way,Sealed,,0,0,,50,,Null,0,0,,60,Christchurch City,Traffic Signals,,,,,0,0,Urban,0,,,Fine,Null
1720062,6050007,12560,,502202,0,,0,2,,South,2009/2010,KIRIPAKA ROAD,SPEDDING ROAD,,Non-Injury Crash,No,2009,,North,,0,,Flat,,,,,,Overcast,87000,0,0,0,2,,,0,,,,,,Northland Region,Nil,2-way,Sealed,,0,0,,50,,Null,0,0,,2,Whangarei District,Give way,,,,,0,0,Urban,0,,,Light rain,Null
1752074,5432316,12561,,574002,0,,0,3,,North,2008/2009,SH 1N,SH 2,,Non-Injury Crash,Yes,2009,,South,,0,,Hill Road,,,,,,Overcast,2078302,0,0,0,3,,,0,,,,,,Wellington Region,Nil,2-way,Sealed,,0,0,,80,,Null,0,0,,47,Wellington City,Nil,,,,,0,0,Open,0,,,Light rain,Null
1747190,5913827,12562,,511100,0,,0,1,,South,2009/2010,GLENVIEW ROAD,CLAYBURN ROAD,,Non-Injury Crash,No,2009,,North,,0,,Flat,,,,,,Overcast,286100,0,0,0,2,,,0,,,,,,Auckland Region,Nil,2-way,Sealed,,0,0,,50,,Off,0,0,,76,Auckland,Nil,,,,,1,0,Urban,0,,,Fine,Null
1759135,5913015,12563,,519820,0,,0,2,,Null,2009/2010,CAMERON ST,COLONEL NIXON ST,,Non-Injury Crash,No,2009,,South,,0,,Flat,,,,,,Dark,599700,0,0,0,2,,,0,,,,,,Auckland Region,Nil,2-way,Sealed,,0,0,,50,,On,0,0,,76,Auckland,Nil,,,,,0,0,Urban,0,,,Fine,Null
1243925,4848827,12564,,611400,0,0,0,2,0,West,2008/2009,ETTRICK ST,NELSON ST,,Non-Injury Crash,No,2009,0,West,0,0,0,Flat,0,,0,,0,Dark,3143000,0,0,0,2,0,0,0,0,1,,0,0,Southland Region,Nil,2-way,Sealed,0,0,0,0,50,0,On,0,0,,75,Invercargill City,Unknown,0,0,0,0,0,0,Urban,0,0,0,Light rain,Null
1820650,5528980,12565,,562310,0,,0,2,,South,2009/2010,LYNDHURST ST,CUBA ST,,Non-Injury Crash,No,2009,,South,,0,,Flat,,,,,,Overcast,1825500,0,0,0,2,,,0,,,,,,Manawatū-Whanganui Region,Nil,2-way,Sealed,,0,0,,50,,Null,0,0,,40,Palmerston North City,Nil,,,,,0,0,Urban,0,,,Fine,Null
1780347,5485919,12566,,564400,0,0,0,0,0,Null,2008/2009,TEMUERA ST,AOTAKI ST,,Non-Injury Crash,No,2009,0,South,0,0,0,Flat,0,,0,,0,Overcast,1880901,0,0,0,2,0,0,0,0,0,,0,1,Wellington Region,Nil,2-way,Sealed,0,0,0,0,50,0,Null,0,0,,43,Kapiti Coast District,Nil,0,0,0,0,0,0,Urban,1,0,0,Light rain,Null
1749038,5946840,12567,,505806,0,,0,1,,Null,2009/2010,WAINUI ROAD,MANUEL ROAD,,Non-Injury Crash,No,2009,,South,,0,,Hill Road,,,,,,Overcast,176604,0,0,0,2,,,0,,,,,,Auckland Region,Nil,2-way,Sealed,,0,0,,50,,None,0,0,,76,Auckland,Give way,,,,,0,0,Urban,0,,,Light rain,Null
1757700,5918559,12568,,514302,0,,0,2,,East,2009/2010,KHYBER PASS ROAD,BOSTON ROAD,,Non-Injury Crash,No,2009,,West,,0,,Flat,,,,,,Overcast,442100,0,0,0,3,,,0,,,,,,Auckland Region,Nil,2-way,Sealed,,0,0,,50,,Null,0,0,,76,Auckland,Unknown,,,,,0,0,Urban,0,,,Light rain,Null
1806566,5634215,12569,,555000,0,,0,1,,Null,2009/2010,GOLDFINCH ST,AYR ST,,Non-Injury Crash,No,2009,,West,,0,,Flat,,,,,,Overcast,1676800,0,0,0,2,,,0,,,,,,Manawatū-Whanganui Region,Nil,2-way,Sealed,,0,0,,50,,Null,1,0,,36,Ruapehu District,Give way,,,,,0,0,Urban,0,,,Fine,Null
2072293,5806903,12570,,543301,0,0,0,1,0,South,2009/2010,SH 35,TE HUE ROAD,,Non-Injury Crash,Yes,2009,0,North,0,0,0,Hill Road,0,,0,,0,Bright sun,1345000,0,0,0,2,0,0,0,0,0,,0,0,Gisborne Region,Nil,2-way,Unsealed,0,0,0,0,100,0,Null,0,0,30,28,Gisborne District,Nil,0,0,0,1,0,0,Open,0,0,0,Fine,Null
1750543,5914562,12571,,514402,0,,0,2,,East,2009/2010,GREAT NORTH ROAD,PORTAGE ROAD,,Non-Injury Crash,No,2009,,East,,0,,Hill Road,,,,,,Overcast,381301,0,0,0,2,,,0,,,,,,,Nil,2-way,Sealed,,0,0,,50,,Off,0,0,,76,Auckland,Nil,,,,,0,0,Urban,0,,,Fine,Null
1881080,5829011,12572,,536810,0,,0,2,,South,2009/2010,TOTARA ST,RATA ST,,Non-Injury Crash,No,2009,,North,,0,,Flat,,Christmas New Year,,,,Bright sun,1202800,0,0,0,2,,,0,,,,,,Bay of Plenty Region,Nil,2-way,Sealed,,0,0,,50,,Off,0,0,,23,Tauranga City,Nil,,,,,0,0,Urban,0,,,Fine,Null
2064855,5775218,12573,75,543301,0,0,0,1,1,South,2008/2009,SH 35,MAKARIKA BR,,Non-Injury Crash,Yes,2009,0,North,0,0,0,Hill Road,0,,0,,0,Dark,1348800,0,0,0,2,0,0,0,0,0,,0,0,Gisborne Region,Nil,2-way,Sealed,0,0,0,0,100,0,None,0,0,,28,Gisborne District,Nil,0,1,0,0,0,0,Open,0,0,0,Heavy rain,Null
1936665,5621804,12574,,546802,0,,0,2,,West,2008/2009,SHAKESPEARE ROAD,MADEIRA ROAD,,Non-Injury Crash,No,2009,,East,,0,,Hill Road,,,,,,Bright sun,1423000,0,0,0,2,,,0,,,,,,Hawke's Bay Region,Nil,2-way,Sealed,,0,0,,50,,Null,0,0,,31,Napier City,Nil,,,,,0,0,Urban,0,,,Fine,Null
1748565,5423874,12575,,576200,0,0,1,1,0,Null,2009/2010,ADELAIDE ROAD,AKATEA ST,,Non-Injury Crash,No,2009,0,East,0,0,0,Flat,0,,0,,0,Dark,2172000,0,0,0,2,0,0,0,0,1,,0,0,Wellington Region,Nil,2-way,Sealed,0,0,0,0,50,0,On,0,0,,47,Wellington City,Nil,0,0,0,0,0,0,Urban,0,0,0,Fine,Null
1757432,5920590,12576,,514102,0,,0,1,,South,2009/2010,QUEEN ST,WYNDHAM ST,,Non-Injury Crash,No,2009,,South,,0,,Flat,,,,,,Bright sun,433503,0,0,0,4,,,0,,,1,,,Auckland Region,Nil,2-way,Sealed,,0,0,,50,,Off,0,0,,76,Auckland,Traffic Signals,,,,,0,0,Urban,0,,,Fine,Null
1794608,5502711,12577,,564012,0,0,0,1,0,North,2009/2010,SH 1N,LINDSAY ROAD,,Non-Injury Crash,Yes,2009,0,North,0,0,0,Flat,0,,0,,0,Dark,1857701,0,0,0,2,0,0,0,0,0,,0,0,Manawatū-Whanganui Region,Nil,2-way,Sealed,0,0,0,0,100,0,None,0,0,,42,Horowhenua District,Nil,0,0,0,0,0,0,Open,0,0,0,Fine,Null
1618408,5426501,12578,,581723,0,0,0,2,0,South,2008/2009,ALDINGA AVENUE,ROSALINE FRANK ST,,Non-Injury Crash,No,2009,0,South,0,0,0,Flat,0,,0,,0,Bright sun,2359501,0,0,0,2,0,0,0,0,1,,0,0,Nelson Region,Nil,2-way,Sealed,0,0,0,0,50,0,Null,0,0,,52,Nelson City,Nil,0,0,0,0,0,0,Urban,0,0,0,Fine,Null
1802285,5814576,12579,,530200,0,,0,2,,East,2009/2010,COATES ST,FIRTH ST,,Non-Injury Crash,No,2009,,East,,0,,Flat,,,,,,Bright sun,891801,0,0,0,2,,,0,,,,,,Waikato Region,Nil,2-way,Sealed,,0,0,,50,,Null,0,0,,16,Hamilton City,Unknown,,,,,0,0,Urban,0,,,Fine,Null
1821510,5618929,12580,,559210,0,0,0,0,0,North,2008/2009,TURAKINA VALLEY ROAD,WAIARUHE ROAD,,Non-Injury Crash,No,2009,0,South,0,0,1,Flat,0,,0,,0,Bright sun,1755001,0,0,0,2,0,0,0,0,0,,0,0,Manawatū-Whanganui Region,Nil,2-way,Sealed,0,0,0,0,100,0,Null,0,0,,38,Rangitikei District,Nil,0,0,0,0,1,0,Open,0,0,0,Fine,Null
1755683,5928658,12581,,508320,0,,0,1,,Null,2009/2010,TRISTRAM OFF NBD,SH 1N,,Non-Injury Crash,Yes,2009,,West,,0,,Flat,,,,,,Bright sun,198500,0,0,0,5,,,0,,,,,,Auckland Region,Nil,2-way,Sealed,,0,0,,50,,Off,0,0,,76,Auckland,Nil,,,,,1,0,Urban,0,,,Fine,Null
1804457,5430654,12582,,579803,0,0,0,1,0,West,2009/2010,FRATERS ROAD,WHITE ROCK ROAD,,Non-Injury Crash,No,2009,0,East,1,0,0,Flat,0,,0,,0,Bright sun,2276400,0,0,0,2,0,0,0,1,0,,0,0,Wellington Region,Nil,2-way,Unsealed,0,0,0,0,100,0,Null,0,0,,50,South Wairarapa District,Nil,0,0,0,0,0,0,Open,0,0,0,Fine,Null
1758483,5455367,12583,,571800,0,,0,2,,Null,2008/2009,SH 1N,TEIHANA ROAD,,Non-Injury Crash,Yes,2009,,North,,0,,Flat,,,,,,Overcast,2065900,0,0,0,2,,,0,,,,,,Wellington Region,Nil,2-way,Sealed,,0,0,,50,,Null,0,0,,44,Porirua City,Give way,,,,,0,0,Urban,0,,,Fine,Null
1752431,5916707,12584,,517901,0,0,0,2,0,North,2009/2010,WOODWARD ROAD,SPRINGLEIGH AVENUE,,Non-Injury Crash,No,2009,0,North,0,0,0,Flat,0,,0,,0,Bright sun,524300,0,0,0,2,0,0,0,0,1,,0,0,Auckland Region,Nil,2-way,Sealed,0,0,0,0,50,0,Off,0,0,,76,Auckland,Nil,0,0,0,0,0,0,Urban,0,0,0,Fine,Null
1756175,5924179,12585,,509800,0,0,0,1,0,South,2009/2010,SH 1N,ONEWA OFF NBD,,Non-Injury Crash,Yes,2009,0,North,0,0,0,Flat,1,,0,,0,Bright sun,361100,0,0,0,4,0,0,0,0,0,,0,0,Auckland Region,Nil,1-way,Sealed,0,0,0,0,100,0,Off,0,0,,76,Auckland,Nil,0,0,0,0,0,0,Open,0,0,0,Fine,Null
1682170,6121729,12586,,500402,0,0,0,1,0,North,2009/2010,MATAURI BEACH ROAD,TAPUI ROAD,,Non-Injury Crash,No,2009,0,North,0,0,0,Hill Road,0,,0,,0,Dark,20200,0,0,0,2,0,0,0,1,0,,0,0,Northland Region,Nil,2-way,Sealed,0,0,0,0,100,0,None,0,0,,1,Far North District,Unknown,0,0,0,0,0,0,Open,0,0,0,Fine,Null
1753157,5928764,12587,,508412,0,,0,2,,Null,2009/2010,MANUKA ROAD,EASTON PARK PARADE,,Non-Injury Crash,No,2009,,West,,0,,Hill Road,,Labour Weekend,,,,Bright sun,184400,0,0,0,3,,,0,,,,,,Auckland Region,Nil,2-way,Sealed,,0,0,,50,,Off,0,0,,76,Auckland,Traffic Signals,,,,,0,0,Urban,0,,,Fine,Null
1881960,5828279,12588,,536821,0,0,0,1,0,Null,2009/2010,VALLEY ROAD,TAY ST,,Non-Injury Crash,No,2009,0,North,0,0,0,Flat,0,,0,,0,Bright sun,1197200,0,0,0,2,0,0,0,0,0,,0,0,Bay of Plenty Region,Nil,2-way,Sealed,0,0,0,0,50,0,Null,1,0,,23,Tauranga City,Give way,1,0,0,0,0,0,Urban,0,0,0,Fine,Null
1575221,5186754,12589,,590602,0,0,0,1,0,South,2008/2009,VALECREST AVENUE,ROYAL PARK DRIVE,,Non-Injury Crash,No,2009,0,North,0,0,1,Flat,0,Easter,0,,0,Dark,2504108,0,0,0,2,0,1,0,0,0,,0,0,Canterbury Region,Nil,2-way,Sealed,0,0,0,0,50,0,On,0,0,,60,Christchurch City,Unknown,0,0,0,0,0,0,Urban,0,0,0,Fine,Null
1756168,5924042,12590,,509800,0,,0,2,,South,2009/2010,SH 1N,ONEWA ON SBD,,Non-Injury Crash,Yes,2009,,South,,0,,Flat,,,,,,Overcast,361100,0,0,0,4,,,0,,,,,,Auckland Region,Nil,1-way,Sealed,,0,0,,80,,Off,0,0,,76,Auckland,Nil,,,,,0,0,Open,0,,,Fine,Null
1768763,5911609,12591,,523107,0,,0,3,,East,2009/2010,TI RAKAU DRIVE,BURSWOOD DRIVE W,,Non-Injury Crash,No,2009,,East,,0,,Flat,,,,,,Twilight,711402,0,0,0,6,,,0,,,,,,Auckland Region,Nil,2-way,Sealed,,0,0,,60,,Off,0,0,,76,Auckland,Traffic Signals,,,,,0,0,Urban,0,,,Light rain,Null
1754523,5444234,12592,,570800,0,,0,2,,Null,2008/2009,KENEPURU DRIVE,TITAHI BAY ROAD,,Non-Injury Crash,No,2009,,West,,0,,Flat,,,,,,Bright sun,2052700,0,0,0,2,,,0,,,,,,Wellington Region,Nil,2-way,Sealed,,0,0,,50,,Null,0,0,,44,Porirua City,Give way,,,,,0,0,Urban,0,,,Fine,Null
2036920,5708646,12593,,544600,0,0,0,2,0,South,2009/2010,COBDEN ST,GLADSTONE ROAD,,Non-Injury Crash,No,2009,0,West,0,0,0,Flat,0,,0,,0,Bright sun,1372700,0,0,0,2,0,0,0,0,1,,0,0,Gisborne Region,Nil,2-way,Sealed,0,0,0,0,50,0,Null,0,0,,28,Gisborne District,Nil,0,0,0,0,0,0,Urban,0,0,0,Fine,Null
1822670,5530415,12594,,562402,0,,0,2,,Null,2008/2009,ALBERT ST,GREY ST,,Non-Injury Crash,No,2009,,East,,0,,Flat,,,,,,Bright sun,1835800,0,0,0,2,,,0,,,,,,Manawatū-Whanganui Region,Nil,2-way,Sealed,,0,0,,50,,Null,0,0,,40,Palmerston North City,Stop,,,,,0,0,Urban,0,,,Fine,Null
1763893,5912549,12595,,520500,0,,0,1,,Null,2009/2010,SH 1N,MT WGTN OBR,,Non-Injury Crash,Yes,2009,,South,,0,,Flat,,,,,,Bright sun,637400,0,0,0,2,,,0,,,,,,Auckland Region,Bridge,1-way,Sealed,,0,0,,100,,Off,1,0,,76,Auckland,Nil,,,,,0,0,Open,0,,,Fine,Null
1758984,5433705,12596,,570000,0,,0,2,,East,2008/2009,WAIONE ST,KIRKCALDY ST,,Non-Injury Crash,No,2009,,West,,0,,Flat,,,,,,Overcast,2027000,0,0,0,2,,,0,,,,,,Wellington Region,Nil,2-way,Sealed,,0,0,,50,,Null,0,0,,46,Lower Hutt City,Nil,,,,,0,0,Urban,0,,,Light rain,Null
1690408,5674108,12597,,551503,0,0,0,2,0,South,2009/2010,POHARAMA PLACE,OMATA ROAD,,Non-Injury Crash,No,2009,0,North,0,0,0,Hill Road,0,,0,,0,Dark,1578800,0,0,0,2,0,0,0,0,1,,0,0,Taranaki Region,Nil,2-way,Sealed,0,0,0,0,50,0,On,0,0,,33,New Plymouth District,Nil,0,0,0,0,0,0,Urban,0,0,0,Light rain,Null
1769496,5914637,12598,,522723,0,,0,2,,Null,2009/2010,PAKURANGA ROAD,PIGEON MOUNTAIN ROAD,,Non-Injury Crash,No,2009,,West,,0,,Flat,,,,,,Overcast,681304,0,0,0,4,,,0,,,,,,Auckland Region,Nil,2-way,Sealed,,0,0,,60,,Off,0,0,,76,Auckland,Traffic Signals,,,,,0,0,Urban,0,,,Fine,Null
1801114,5815222,12599,,529700,0,0,0,1,0,Null,2008/2009,VICTORIA ST,COLLINGWOOD ST,,Non-Injury Crash,No,2009,0,East,0,0,0,Flat,0,,0,,0,Bright sun,911401,0,0,0,2,0,0,0,0,0,,0,0,Waikato Region,Nil,2-way,Sealed,0,0,0,0,50,0,Null,0,0,30,16,Hamilton City,Traffic Signals,1,1,0,0,0,0,Urban,0,0,0,Fine,Null
1766825,5901878,12600,,524604,0,,0,1,,Null,2009/2010,BROWNS ROAD,GLOUCESTER ROAD,,Non-Injury Crash,No,2009,,West,,0,,Flat,,,,,,Overcast,781400,0,0,0,2,,,0,,,,,,Auckland Region,Nil,2-way,Sealed,,0,0,,50,,Off,0,0,,76,Auckland,Give way,,,,,0,0,Urban,1,,,Light rain,Null
1929013,5605376,12601,,547700,0,,0,1,,Null,2008/2009,SOUTHAMPTON ST WEST,LASCELLES ST,,Non-Injury Crash,No,2009,,West,,0,,Flat,,,,,,Bright sun,1487700,0,0,0,2,,,0,,,1,,,Hawke's Bay Region,Nil,2-way,Sealed,,0,0,,50,,Null,0,0,,30,Hastings District,Give way,,,,,0,0,Urban,1,,,Fine,Null
2030687,5712142,12602,,544002,0,0,0,1,0,North,2008/2009,SH 2,BLOOMFIELD ROAD N,,Non-Injury Crash,Yes,2009,0,North,1,0,0,Flat,0,,0,,0,Dark,1360600,0,0,0,2,0,0,0,0,0,,0,0,Gisborne Region,Nil,2-way,Sealed,0,0,0,0,100,0,None,0,0,,28,Gisborne District,Nil,0,0,0,0,0,0,Open,0,0,0,Light rain,Null
1748770,5427804,12603,,573000,0,0,0,1,0,North,2008/2009,VICTORIA ST,CHEWS LANE,,Non-Injury Crash,No,2009,0,South,0,0,0,Flat,0,,0,,0,Overcast,2127400,0,0,0,2,0,0,0,0,1,,0,0,Wellington Region,Nil,2-way,Sealed,0,0,0,0,50,0,Null,0,0,,47,Wellington City,Nil,0,0,0,0,0,0,Urban,1,0,0,Light rain,Strong wind
1744257,5915350,12604,,513013,0,0,0,0,0,North,2009/2010,FOREST HILL ROAD,FARWOOD DRIVE,,Non-Injury Crash,No,2009,0,South,0,0,1,Flat,0,,1,,0,Overcast,281511,0,0,0,2,0,0,0,0,0,,0,0,Auckland Region,Nil,2-way,Sealed,0,0,0,0,50,0,Null,0,0,,76,Auckland,Unknown,0,0,0,0,1,0,Urban,0,0,0,Heavy rain,Null
1813026,5455273,12605,,579502,0,0,0,1,0,East,2008/2009,CARTERTON GLADSTONE ROAD,SH 2,,Non-Injury Crash,No,2009,0,West,1,0,1,Flat,0,,0,,0,Bright sun,2262100,0,0,0,2,0,0,0,0,0,,0,0,Wellington Region,Nil,2-way,Sealed,0,0,0,0,100,0,Null,0,0,,49,Carterton District,Nil,0,0,0,0,0,0,Open,0,0,0,Fine,Null
1792607,5499680,12606,,564232,0,,0,2,,South,2009/2010,SH 1N,RINA ST,,Non-Injury Crash,Yes,2009,,South,,0,,Flat,,,,,,Overcast,1872500,0,0,0,2,,,0,,,,,,Manawatū-Whanganui Region,Nil,2-way,Sealed,,0,0,,50,,Null,0,0,,42,Horowhenua District,Nil,,,,,0,0,Urban,0,,,Fine,Null
1756442,5443644,12607,,571100,0,0,0,2,0,Null,2009/2010,BEDFORD ST,LEICESTER ST,,Non-Injury Crash,No,2009,0,West,0,0,1,Flat,0,,0,,0,Dark,2046900,0,0,0,2,0,0,0,0,1,,0,0,Wellington Region,Nil,2-way,Sealed,0,0,0,0,50,0,On,0,0,,44,Porirua City,Nil,0,0,0,0,0,0,Urban,0,0,0,Fine,Null
1757262,5434501,12608,,570000,0,,0,2,,South,2008/2009,NELSON ST,JACKSON ST,,Non-Injury Crash,No,2009,,North,,0,,Flat,,,,,,Overcast,2027900,0,0,0,2,,,0,,,,,,Wellington Region,Nil,2-way,Sealed,,0,0,,50,,Null,0,0,,46,Lower Hutt City,Nil,,,,,0,0,Urban,0,,,Fine,Null
1820124,5654392,12609,,532601,0,,0,2,,Null,2009/2010,BRUCE ROAD,SKIFIELD CPK,,Non-Injury Crash,No,2009,,North,,0,,Hill Road,,,,,,Dark,1023100,0,0,0,2,,,0,,,,,,Manawatū-Whanganui Region,Nil,2-way,Sealed,,0,0,,50,,None,0,0,,36,Ruapehu District,Nil,,,,,0,0,Urban,0,,,Snow,Null
1809293,5520988,12610,,563802,0,0,0,1,0,South,2008/2009,SH 56,MANAWATU RIV BR,,Non-Injury Crash,Yes,2009,0,North,0,0,1,Flat,0,,0,,0,Bright sun,1852000,0,0,0,2,0,0,0,1,0,,0,0,Manawatū-Whanganui Region,Nil,2-way,Sealed,0,0,0,0,100,0,Null,0,0,,42,Horowhenua District,Nil,0,0,0,0,0,0,Open,0,0,0,Fine,Null
1760519,5434407,12611,,568702,0,,0,1,,North,2009/2010,WAINUI ROAD,DOUGLAS ST,,Non-Injury Crash,No,2009,,South,,0,,Flat,,,,,,Overcast,1977700,0,0,0,2,,,0,,,,,,Wellington Region,Nil,2-way,Sealed,,0,0,,50,,Null,1,0,,46,Lower Hutt City,Nil,,,,,0,0,Urban,0,,,Fine,Null
1748153,5914120,12612,,511700,0,,0,1,,Null,2008/2009,GREAT NORTH ROAD,ARCHIBALD ROAD,,Non-Injury Crash,No,2009,,East,,0,,Flat,,,,,,Overcast,270201,0,0,0,4,,,0,,,,,,Auckland Region,Nil,2-way,Sealed,,0,0,,50,,Off,0,0,,76,Auckland,Traffic Signals,,,,,0,0,Urban,1,,,Fine,Null
1406414,4914603,12613,,604410,0,,0,2,,West,2009/2010,MACANDREW ROAD,ANDERSONS BAY ROAD,,Minor Crash,No,2009,,North,,0,,Flat,,,,,,Bright sun,2931400,1,0,0,2,,,0,,,,,,Otago Region,Nil,2-way,Sealed,,0,0,,50,,Null,0,0,,71,Dunedin City,Nil,,,,,0,0,Urban,0,,,Fine,Null
1757081,5444570,12614,,571300,0,0,0,2,0,North,2008/2009,FANTAME ST,FAWN ST,,Non-Injury Crash,No,2009,0,North,0,0,0,Flat,0,,0,,0,Overcast,2061600,0,0,0,2,0,0,0,0,1,,0,0,Wellington Region,Nil,2-way,Sealed,0,0,0,0,50,0,Off,0,0,,44,Porirua City,Nil,0,0,0,0,0,0,Urban,0,0,0,Fine,Null
1765000,5919819,12615,,516602,0,0,0,0,0,South,2008/2009,LONG DRIVE,SPEIGHT ROAD,,Non-Injury Crash,No,2009,0,North,0,0,0,Flat,0,,0,,0,Dark,504701,0,0,0,2,0,0,0,0,0,,0,0,Auckland Region,Nil,2-way,Sealed,0,0,0,0,50,0,On,0,0,,76,Auckland,Nil,0,0,0,1,0,0,Urban,1,0,0,Fine,Null
1758140,5920853,12616,,514101,0,0,0,1,0,Null,2008/2009,TANGIHUA ST,QUAY ST,,Non-Injury Crash,No,2009,0,East,0,0,0,Flat,0,Easter,0,,0,Dark,438211,0,0,0,5,0,0,0,0,0,,0,1,Auckland Region,Nil,2-way,Sealed,0,0,0,0,50,0,On,0,0,,76,Auckland,Traffic Signals,0,0,0,0,0,0,Urban,0,0,0,Fine,Null
1731687,5953538,12617,,506646,0,0,0,1,0,North,2009/2010,SH 16,JORDAN ROAD,,Non-Injury Crash,Yes,2009,0,South,0,0,1,Hill Road,0,,0,,0,Overcast,212401,0,0,0,2,0,0,0,0,0,,0,0,Auckland Region,Nil,2-way,Sealed,0,0,0,0,100,0,None,0,0,,76,Auckland,Nil,0,0,0,0,0,0,Open,0,0,0,Light rain,Null