X,Y,OBJECTID,advisorySpeed,areaUnitID,bicycle,bridge,bus,carStationWagon,cliffBank,crashDirectionDescription,crashFinancialYear,crashLocation1,crashLocation2,crashRoadSideRoad,crashSeverity,crashSHDescription,crashYear,debris,directionRoleDescription,ditch,fatalCount,fence,flatHill,guardRail,holiday,houseOrBuilding,intersection,kerb,light,meshblockId,minorInjuryCount,moped,motorcycle,NumberOfLanes,objectThrownOrDropped,otherObject,otherVehicleType,overBank,parkedVehicle,pedestrian,phoneBoxEtc,postOrPole,region,roadCharacter,roadLane,roadSurface,roadworks,schoolBus,seriousInjuryCount,slipOrFlood,speedLimit,strayAnimal,streetLight,suv,taxi,temporarySpeedLimit,tlaId,tlaName,trafficControl,trafficIsland,trafficSign,train,tree,truck,unknownVehicleType,urban,vanOrUtility,vehicle,waterRiver,weatherA,weatherB
1773210,5445298,12618,,567300,0,,0,2,,Null,2009/2010,FERGUSSON DRIVE,BENZIE AVENUE,,Non-Injury Crash,No,2009,,East,,0,,Flat,,,,,,Dark,1892600,0,0,0,2,,,0,,,,,,Wellington Region,Nil,2-way,Sealed,,0,0,,50,,On,0,0,,45,Upper Hutt City,Give way,,,,,0,0,Urban,0,,,Fine,Null
2037988,5710400,12619,,544500,0,0,0,1,0,East,2008/2009,VALLEY ROAD,DRYDEN ST,,Non-Injury Crash,No,2009,0,South,1,0,1,Hill Road,0,,0,,0,Dark,1380100,0,0,0,2,0,0,0,0,0,,0,0,Gisborne Region,Nil,2-way,Sealed,0,0,0,0,70,0,None,0,0,,28,Gisborne District,Nil,0,0,0,0,0,0,Urban,0,0,0,Light rain,Null
1756691,5919805,12620,,514102,0,,0,4,,South,2008/2009,UNION ON WBD,HOBSON ST,,Non-Injury Crash,Yes,2009,,West,,0,,Flat,,,,,,Overcast,435500,0,0,0,1,,,0,,,,,,Auckland Region,Nil,1-way,Sealed,,0,0,,80,,Null,0,0,,76,Auckland,Unknown,,,,,0,0,Open,0,,,Fine,Null
1744482,5922549,12621,,513530,0,,0,3,,West,2008/2009,ROYAL ROAD,ROYAL ON EBD W,,Non-Injury Crash,No,2009,,East,,0,,Flat,,,,,,Bright sun,225802,0,0,0,2,,,0,,,,,,Auckland Region,Nil,2-way,Sealed,,0,0,,50,,Null,0,0,,76,Auckland,Unknown,,,,,0,0,Urban,0,,,Fine,Null
1747272,5921314,12622,,512300,0,0,0,2,0,South,2009/2010,TE ATATU ROAD,TAIKATA ROAD,,Non-Injury Crash,No,2009,0,East,0,0,0,Flat,0,,0,,0,Overcast,250101,0,0,0,2,0,0,0,0,1,,0,0,Auckland Region,Nil,2-way,Sealed,0,0,0,0,50,0,Null,0,0,,76,Auckland,Unknown,0,0,0,0,0,0,Urban,0,0,0,Fine,Null
1827842,5881055,12623,,533603,0,,0,1,,South,2008/2009,SH 25,PRINCE ST,,Non-Injury Crash,Yes,2009,,South,,0,,Flat,,,,,,Bright sun,1057502,0,0,0,2,,,0,,,,,,Waikato Region,Nil,2-way,Sealed,,0,0,,70,,Null,0,0,,11,Thames-Coromandel District,Unknown,,,,,1,0,Urban,0,,,Fine,Null
1759558,5925256,12624,,508110,0,,0,2,,Null,2009/2010,LAKE ROAD,WINSCOMBE ST,,Non-Injury Crash,No,2009,,South,,0,,Hill Road,,,,,,Overcast,320700,0,0,0,2,,,0,,,,,,Auckland Region,Nil,2-way,Sealed,,0,0,,50,,Off,0,0,,76,Auckland,Traffic Signals,,,,,0,0,Urban,0,,,Fine,Null
1764693,5906470,12625,,522201,0,0,0,1,0,Null,2009/2010,SHIRLEY ROAD,CORONATION ROAD,,Non-Injury Crash,No,2009,0,South,0,0,1,Flat,0,Christmas New Year,0,,0,Bright sun,661700,0,0,0,2,0,1,0,0,0,,0,0,Auckland Region,Nil,2-way,Sealed,0,0,0,0,50,0,Off,0,0,,76,Auckland,Give way,0,1,0,0,0,0,Urban,0,0,0,Fine,Null
1745306,5919732,12626,,513301,0,,0,2,,South,2009/2010,LINCOLN ROAD,UNIVERSAL DRIVE,,Non-Injury Crash,No,2009,,South,,0,,Flat,,,,,,Bright sun,230401,0,0,0,4,,,0,,,,,,Auckland Region,Nil,2-way,Sealed,,0,0,,50,,Off,0,0,,76,Auckland,Traffic Signals,,,,,0,0,Urban,0,,,Fine,Null
1404558,4913353,12627,,604222,0,,0,2,,Null,2008/2009,MIDDLETON ROAD,EASTHER CRESCENT,,Non-Injury Crash,No,2009,,South,,0,,Hill Road,,,,,,Bright sun,2910100,0,0,0,1,,,0,,,,,,Otago Region,Nil,2-way,Sealed,,0,0,,50,,Null,0,0,,71,Dunedin City,Nil,,,,,0,0,Urban,0,,,Fine,Null
1421507,4960629,12628,,601200,0,0,0,1,0,South,2009/2010,BOND ST,SH 1S,,Minor Crash,No,2009,0,West,0,0,0,Flat,0,,1,,0,Overcast,2853300,1,0,0,2,0,0,0,0,0,,0,0,Otago Region,Nil,2-way,Sealed,0,0,0,0,50,0,Null,0,0,,68,Waitaki District,Nil,0,0,0,0,0,0,Urban,0,0,0,Fine,Null
1759182,5435877,12629,,569100,0,,0,2,,West,2008/2009,RAILWAY AVENUE,QUEENS DRIVE,,Non-Injury Crash,No,2009,,East,,0,,Flat,,,,,,Overcast,1966200,0,0,0,2,,,0,,,,,,Wellington Region,Nil,2-way,Sealed,,0,0,,50,,Null,0,0,,46,Lower Hutt City,Nil,,,,,0,0,Urban,0,,,Fine,Null
1759681,5435377,12630,,569100,0,,0,2,,West,2009/2010,WOBURN ROAD,BELLEVUE ROAD,,Non-Injury Crash,No,2009,,East,,0,,Flat,,,,,,Bright sun,1966100,0,0,0,2,,,0,,,,,,Wellington Region,Nil,2-way,Sealed,,0,0,,50,,Null,0,0,,46,Lower Hutt City,Nil,,,,,0,0,Urban,0,,,Fine,Null
1746983,5919101,12631,,512402,0,,0,1,,Null,2009/2010,TE ATATU ROAD,VERA ROAD,,Non-Injury Crash,No,2009,,South,,0,,Flat,,,,,,Bright sun,254500,0,0,0,4,,,0,,,,,,Auckland Region,Nil,2-way,Sealed,,0,0,,50,,Off,0,0,,76,Auckland,Traffic Signals,,,,,0,0,Urban,1,,,Fine,Null
1745650,5915332,12632,45,511800,0,0,0,1,0,West,2008/2009,SEYMOUR ROAD,SUNNYSIDE ROAD,,Non-Injury Crash,No,2009,0,North,0,0,0,Hill Road,0,,0,,0,Dark,277600,0,0,0,2,0,0,0,0,0,,0,0,Auckland Region,Nil,2-way,Sealed,0,0,0,0,50,0,On,0,0,,76,Auckland,Unknown,0,0,0,1,0,0,Urban,0,0,0,Heavy rain,Null
1757836,5445002,12633,,571400,0,0,0,2,0,Null,2008/2009,KOKIRI CRESCENT,WARSPITE AVENUE,,Non-Injury Crash,No,2009,0,South,0,0,0,Flat,0,,0,,0,Overcast,2060100,0,0,0,2,0,0,0,0,1,,0,0,Wellington Region,Nil,2-way,Sealed,0,0,0,0,50,0,Null,0,0,,44,Porirua City,Give way,0,0,0,0,0,0,Urban,0,0,0,Fine,Null
1748520,5427439,12634,,573000,0,,0,1,,Null,2008/2009,WILLIS ST,DIXON ST,,Non-Injury Crash,No,2009,,North,,0,,Flat,,,,,,Overcast,2130700,0,0,0,2,,,0,,,,,,Wellington Region,Nil,2-way,Sealed,,0,0,,50,,Null,1,0,,47,Wellington City,Traffic Signals,,,,,0,0,Urban,0,,,Fine,Null
1461282,5096984,12635,,598313,0,,0,2,,Null,2008/2009,AROWHENUA ROAD,LEVELS PLAIN ROAD,,Non-Injury Crash,No,2009,,West,,0,,Flat,,,,,,Bright sun,2772200,0,0,0,2,,,0,,,,,,Canterbury Region,Nil,2-way,Sealed,,0,0,,100,,Null,0,0,,64,Timaru District,Give way,,,,,0,0,Open,0,,,Fine,Strong wind
1405378,4914901,12636,,604210,0,,0,1,,Null,2008/2009,SOUTH ROAD,THE GLEN ON RAMP,,Minor Crash,No,2009,,East,,0,,Flat,,,,,,Dark,2913800,1,0,0,3,,,0,,,1,,,Otago Region,Motorway ramp,2-way,Sealed,,0,0,,50,,On,0,0,,71,Dunedin City,Give way,,,,,0,0,Urban,0,,,Fine,Null
1766671,5912902,12637,,522920,0,,0,1,,South,2009/2010,TI RAKAU DRIVE,PAKURANGA HIGHWAY,,Non-Injury Crash,No,2009,,North,,0,,Flat,,,,,,Bright sun,683800,0,0,0,4,,,0,,,,,,Auckland Region,Nil,2-way,Sealed,,0,0,,50,,Off,0,0,,76,Auckland,Nil,,,,,0,0,Urban,1,,,Fine,Null
1775507,5577539,12638,,557100,0,,0,0,,East,2008/2009,VICTORIA AVENUE,RIDGWAY ST,,Non-Injury Crash,No,2009,,South,,0,,Hill Road,,,,,,Bright sun,1698300,0,0,0,2,,,0,,,,,,Manawatū-Whanganui Region,Nil,2-way,Sealed,,0,0,,50,,Null,1,0,,37,Whanganui District,Nil,,,,,0,0,Urban,1,,,Fine,Null
1768928,5881016,12639,,525922,0,,0,2,,Null,2009/2010,EDINBURGH ST,WESLEY ST,,Non-Injury Crash,No,2009,,South,,0,,Flat,,,,,,Overcast,823000,0,0,0,1,,,0,,,,,,Auckland Region,Nil,2-way,Sealed,,0,0,,50,,Off,0,0,,76,Auckland,Give way,,,,,0,0,Urban,0,,,Light rain,Null
1753239,5914867,12640,,518801,0,0,0,1,0,South,2008/2009,STODDARD ROAD,RICHARDSON ROAD,,Non-Injury Crash,No,2009,0,East,0,0,0,Flat,0,,0,,0,Bright sun,578400,0,0,0,2,0,0,0,0,1,,0,0,Auckland Region,Nil,2-way,Sealed,0,0,0,0,50,0,Off,1,0,,76,Auckland,Nil,0,0,0,0,0,0,Urban,0,0,0,Fine,Null
1883405,5826964,12641,,536821,0,,0,0,,North,2009/2010,VALLEY ROAD,GOLF ROAD,,Non-Injury Crash,No,2009,,South,,0,,Flat,,,,,,Dark,1199100,0,1,0,2,,,0,,,,,,Bay of Plenty Region,Nil,2-way,Sealed,,0,0,,50,,On,0,0,,23,Tauranga City,Stop,,,,,0,0,Urban,0,,,Fine,Null
1748577,5428164,12642,,573000,0,,0,2,,Null,2008/2009,THE TERRACE,TERRACE OFF SBD,,Non-Injury Crash,No,2009,,North,,0,,Hill Road,,,,,,Overcast,2124803,0,0,0,2,,,0,,,,,,Wellington Region,Nil,2-way,Sealed,,0,0,,50,,Null,0,1,,47,Wellington City,Traffic Signals,,,,,0,0,Urban,0,,,Fine,Null
1409738,4927098,12643,,601603,0,,0,0,,North,2009/2010,SH 1S,HOLMES BUSH ROAD,,Non-Injury Crash,Yes,2009,,South,,0,,Hill Road,,,,,,Bright sun,2863301,0,0,0,2,,,0,,,,,,Otago Region,Nil,2-way,Sealed,,0,0,,100,,Null,1,0,,71,Dunedin City,Unknown,,,,,1,0,Open,0,,,Fine,Null
1758389,5917651,12644,,516001,0,0,0,1,0,South,2008/2009,SH 1N,GILLIES OBR,,Non-Injury Crash,Yes,2009,0,North,0,0,0,Flat,1,,0,,0,Dark,490800,0,0,0,3,0,0,0,0,0,,0,0,Auckland Region,Nil,1-way,Sealed,0,0,0,0,100,0,On,0,0,,76,Auckland,Unknown,0,0,0,0,0,0,Open,0,0,0,Fine,Null
1757601,5915065,12645,,515802,0,0,0,1,0,North,2009/2010,THE DRIVE,BANFF AVENUE,,Non-Injury Crash,No,2009,0,North,0,0,0,Flat,0,,0,,0,Dark,448400,0,0,0,1,0,0,0,0,0,,0,1,Auckland Region,Nil,2-way,Sealed,0,0,0,0,50,0,On,0,0,,76,Auckland,Nil,0,0,0,0,0,0,Urban,0,0,0,Light rain,Null
1692031,5675053,12646,,551700,0,,0,2,,Null,2009/2010,TUKAPA ST,MARATAHU ST,,Non-Injury Crash,No,2009,,North,,0,,Flat,,,,,,Dark,1573800,0,0,0,2,,,0,,,,,,Taranaki Region,Nil,2-way,Sealed,,0,0,,50,,On,0,0,,33,New Plymouth District,Give way,,,,,0,0,Urban,0,,,Fine,Null
1757813,5918189,12647,,515700,0,,0,3,,South,2009/2010,SH 1N,KHYBER PASS ON SBD,,Non-Injury Crash,Yes,2009,,South,,0,,Flat,,,,,,Bright sun,443200,0,0,0,6,,,0,,,,,,Auckland Region,Nil,2-way,Sealed,,0,0,,100,,Null,0,0,,76,Auckland,Unknown,,,,,0,0,Open,0,,,Fine,Null
1755316,5914188,12648,,518803,0,,0,2,,East,2008/2009,MOUNT ALBERT ROAD,WINSTONE ROAD,,Non-Injury Crash,No,2009,,East,,0,,Flat,,,,,,Overcast,580700,0,0,0,2,,,0,,,,,,Auckland Region,Nil,2-way,Sealed,,0,0,,50,,Off,0,0,,76,Auckland,Stop,,,,,0,0,Urban,0,,,Heavy rain,Null
1833418,5538184,12649,,560200,0,0,0,1,0,Null,2009/2010,COLYTON ROAD,GROVE ROAD,,Non-Injury Crash,No,2009,0,South,1,0,0,Flat,0,,0,,0,Overcast,1758402,0,0,0,2,0,0,0,0,0,,0,0,Manawatū-Whanganui Region,Nil,2-way,Sealed,0,0,0,0,100,0,Null,1,0,,39,Manawatu District,Give way,0,0,0,0,0,0,Open,0,0,0,Fine,Null
1579611,5172937,12650,,596400,0,0,0,0,0,South,2009/2010,SUMNER ROAD,SUMMIT ROAD,,Non-Injury Crash,No,2009,0,South,0,0,0,Hill Road,1,,0,,0,Twilight,2707100,0,0,0,2,0,0,0,1,0,,0,0,Canterbury Region,Nil,2-way,Sealed,0,0,0,0,70,0,None,0,0,,60,Christchurch City,Unknown,0,0,0,0,0,0,Urban,1,0,0,Fine,Frost
1756895,5447467,12651,,572100,0,,0,2,,Null,2008/2009,PAREMATA DRIVE,WHITIANGA VIEW,,Non-Injury Crash,No,2009,,West,,0,,Hill Road,,,,,,Bright sun,2070104,0,0,0,2,,,0,,,,,,Wellington Region,Nil,2-way,Sealed,,0,0,,50,,Null,0,0,,44,Porirua City,Nil,,,,,0,0,Urban,0,,,Fine,Null
1408373,4913799,12652,,604611,0,0,0,2,0,Null,2008/2009,TAHUNA ROAD,NORMAN ST,,Serious Crash,No,2009,0,East,0,0,1,Hill Road,0,,0,,0,Dark,2935700,0,0,0,2,0,0,0,0,0,,0,0,Otago Region,Nil,2-way,Sealed,0,0,1,0,50,0,On,0,0,,71,Dunedin City,Nil,0,1,0,0,0,0,Urban,0,0,0,Fine,Null
1782602,5925816,12653,,520801,1,,0,0,,West,2009/2010,BELGIUM ST,WHAKARITE ROAD,,Non-Injury Crash,No,2009,,West,,0,,Flat,,,,,,Bright sun,515314,0,0,0,2,,,0,,,,,,Auckland Region,Nil,2-way,Sealed,,0,0,,50,,Off,0,0,,76,Auckland,Nil,,,,,0,0,Urban,1,,,Fine,Null
1698785,6095508,12654,,501100,0,,0,2,,North,2009/2010,SH 11,DAVIS CRESCENT E,,Non-Injury Crash,Yes,2009,,East,,0,,Flat,,,,,,Bright sun,54000,0,0,0,2,,,0,,,,,,Northland Region,Nil,2-way,Sealed,,0,0,,50,,Null,1,0,,1,Far North District,Unknown,,,,,0,0,Urban,0,,,Fine,Null
1954449,5775057,12655,55,542562,0,0,0,1,0,North,2009/2010,SH 2,FRASER ROAD,,Non-Injury Crash,Yes,2009,0,North,0,0,0,Flat,0,,0,,0,Dark,1295200,0,0,0,2,0,0,0,0,0,,0,0,Bay of Plenty Region,Nil,2-way,Sealed,0,0,0,0,100,0,None,0,0,,25,Whakatane District,Unknown,0,0,0,1,0,0,Open,0,0,0,Fine,Null
1878788,5822810,12656,,538201,0,,0,1,,Null,2009/2010,DEVONPORT ROAD,ELEVENTH AVENUE,,Non-Injury Crash,No,2009,,East,,0,,Hill Road,,,,,,Overcast,1166703,0,0,1,2,,,0,,,,,,Bay of Plenty Region,Nil,2-way,Sealed,,0,0,,50,,Null,0,0,,23,Tauranga City,Give way,,,,,0,0,Urban,0,,,Light rain,Null
1751805,5917418,12657,,514900,0,,0,2,,South,2009/2010,GREAT NORTH ROAD,HERDMAN ST,,Non-Injury Crash,No,2009,,North,,0,,Flat,,,,,,Bright sun,386003,0,0,0,4,,,0,,,,,,Auckland Region,Nil,2-way,Sealed,,0,0,,50,,Null,0,0,,76,Auckland,Traffic Signals,,,,,0,0,Urban,0,,,Fine,Null
1763252,5433506,12658,,565100,0,0,0,1,0,Null,2008/2009,WELLINGTON ROAD,STOCKDALE ST,,Non-Injury Crash,No,2009,0,North,0,0,1,Flat,0,,0,,0,Dark,2010302,0,0,0,2,0,0,0,0,0,,0,0,Wellington Region,Nil,2-way,Sealed,0,0,0,0,50,0,On,0,0,,46,Lower Hutt City,Nil,0,0,0,0,0,0,Urban,0,0,0,Heavy rain,Null
1526502,5160950,12659,,597506,0,0,1,0,0,North,2009/2010,SH 1S,BREADINGS ROAD,,Non-Injury Crash,Yes,2009,1,North,0,0,0,Flat,0,,0,,0,Dark,2726900,0,0,0,2,0,0,0,0,0,,0,0,Canterbury Region,Nil,2-way,Sealed,0,0,0,0,100,0,None,0,0,,62,Selwyn District,Unknown,0,0,0,0,1,0,Open,0,0,0,Fine,Null
1874731,5501323,12660,,549901,0,0,0,1,0,East,2009/2010,COAST ROAD,WAIKAKAHI ROAD,,Serious Crash,No,2009,0,West,0,0,1,Hill Road,0,,0,,0,Dark,2224800,0,0,0,2,0,0,0,1,0,,0,0,Manawatū-Whanganui Region,Nil,2-way,Sealed,0,0,1,0,100,0,None,0,0,,41,Tararua District,Nil,0,0,0,1,0,0,Open,0,0,0,Fine,Null
1803215,5790542,12661,,531002,0,0,0,0,0,Null,2009/2010,COLLEGE ST,COLLINS AVENUE,,Non-Injury Crash,No,2009,0,East,0,0,1,Hill Road,0,,0,,0,Bright sun,971500,0,0,0,2,0,0,0,0,0,,0,0,Waikato Region,Nil,2-way,Sealed,0,0,0,0,50,0,Null,0,0,,17,Waipa District,Nil,0,0,0,0,0,0,Urban,1,0,0,Fine,Null
1756857,5917750,12662,,518101,0,0,0,2,0,North,2009/2010,ESPLANADE ROAD,VIEW ROAD,,Non-Injury Crash,No,2009,0,South,0,0,0,Flat,0,,0,,0,Overcast,543200,0,0,0,2,0,0,0,0,1,,0,0,Auckland Region,Nil,2-way,Sealed,0,0,0,0,50,0,Off,0,0,,76,Auckland,Nil,0,0,0,0,0,0,Urban,0,0,0,Fine,Null
1599550,5442507,12663,,581833,0,,0,0,,Null,2008/2009,MAIN ROAD,FLETT ROAD,,Non-Injury Crash,No,2009,,North,,0,,Flat,,,,,,Dark,2371400,0,0,0,2,,,0,,,,,,Tasman Region,Nil,2-way,Sealed,,0,0,,100,,None,0,0,,51,Tasman District,Nil,,,,,0,0,Open,1,,,Fine,Null
1761213,5917411,12664,,516202,0,,0,2,,South,2008/2009,UPLAND ROAD,POTO ST,,Non-Injury Crash,No,2009,,North,,0,,Hill Road,,,,,,Overcast,488900,0,0,0,2,,,0,,,,,,Auckland Region,Nil,2-way,Sealed,,0,0,,50,,Off,0,0,,76,Auckland,Nil,,,,,0,0,Urban,0,,,Fine,Null
1759510,5436421,12665,,569100,0,0,0,0,0,North,2009/2010,DALY ST,DUDLEY ST,,Non-Injury Crash,No,2009,0,East,0,0,0,Flat,0,,0,,0,Overcast,1966800,0,0,0,2,0,0,0,0,1,,0,0,Wellington Region,Nil,2-way,Sealed,0,0,0,0,50,0,Null,1,0,,46,Lower Hutt City,Nil,0,0,0,0,0,0,Urban,1,0,0,Light rain,Null
1929896,5604813,12666,,548200,0,,0,2,,Null,2008/2009,HERETAUNGA ST EAST,KARAMU ROAD SOUTH,,Non-Injury Crash,No,2009,,East,,0,,Flat,,,,,,Dark,1492700,0,0,0,2,,,0,,,,,,Hawke's Bay Region,Nil,2-way,Sealed,,0,0,,50,,On,0,0,,30,Hastings District,Traffic Signals,,,,,0,0,Urban,0,,,Fine,Null
1763139,5437351,12667,,568303,0,,0,0,,Null,2009/2010,VOGEL ST,CAMBRIDGE TERRACE,,Non-Injury Crash,No,2009,,West,,0,,Flat,,,,,,Bright sun,1953400,0,0,0,2,,,0,,,,,,Wellington Region,Nil,2-way,Sealed,,0,0,,50,,Null,1,0,,46,Lower Hutt City,Give way,,,,,1,0,Urban,0,,,Fine,Null
1761030,5912395,12668,,519500,0,,0,1,,West,2008/2009,CHURCH ST,MAURICE ROAD,,Non-Injury Crash,No,2009,,West,,0,,Flat,,Christmas New Year,,,,Overcast,622300,0,0,0,2,,,0,,,,,,Auckland Region,Nil,2-way,Sealed,,0,0,,50,,Off,1,0,,76,Auckland,Nil,,,,,0,0,Urban,0,,,Light rain,Null
1760281,5915139,12669,,519400,0,,0,2,,East,2009/2010,WILLIAM AVENUE,CAMPBELL ROAD,,Non-Injury Crash,No,2009,,East,,0,,Hill Road,,,,,,Overcast,617500,0,0,0,2,,,0,,,,,,Auckland Region,Nil,2-way,Sealed,,0,0,,50,,Off,0,0,,76,Auckland,Nil,,,,,0,0,Urban,0,,,Fine,Null
1936458,5609908,12670,,545730,0,,0,1,,Null,2008/2009,MILL ROAD,RICHMOND ROAD,,Non-Injury Crash,No,2009,,North,,0,,Flat,,,,,,Overcast,1405403,0,0,0,2,,,0,,,,,,Hawke's Bay Region,Nil,2-way,Sealed,,0,0,,100,,Null,0,0,,30,Hastings District,Stop,,,,,1,0,Open,0,,,Fine,Frost
1773748,5472220,12671,,565902,0,,0,7,,South,2008/2009,SH 1N,TE MOANA ROAD,,Non-Injury Crash,Yes,2009,,South,,0,,Flat,,,,,,Overcast,1999602,0,0,0,2,,,0,,,,,,Wellington Region,Nil,2-way,Sealed,,0,0,,70,,Null,0,0,,43,Kapiti Coast District,Nil,,,,,0,0,Urban,0,,,Fine,Null
1756247,5919257,12672,,514200,0,,0,2,,Null,2009/2010,NEWTON ROAD,KARANGAHAPE ROAD,,Non-Injury Crash,No,2009,,North,,0,,Hill Road,,,,,,Dark,411700,0,0,0,5,,,0,,,,,,Auckland Region,Nil,2-way,Sealed,,0,0,,50,,On,0,0,,76,Auckland,Traffic Signals,,,,,0,0,Urban,0,,,Fine,Null
1755747,5928567,12673,,508510,0,,0,2,,South,2009/2010,SH 1N,TRISTRAM OBR,,Non-Injury Crash,Yes,2009,,South,,0,,Flat,,,,,,Overcast,195700,0,0,0,3,,,0,,,,,,Auckland Region,Nil,1-way,Sealed,,0,0,,100,,Off,0,0,,76,Auckland,Nil,,,,,0,0,Open,0,,,Heavy rain,Null
1749647,5430718,12674,,574600,0,0,0,1,0,North,2009/2010,BARNARD ST,SAR ST,,Non-Injury Crash,No,2009,0,North,0,0,0,Hill Road,0,,0,,0,Overcast,2099100,0,0,0,2,0,0,0,0,0,,0,0,Wellington Region,Nil,2-way,Sealed,0,0,0,0,50,0,Null,0,0,,47,Wellington City,Nil,0,0,0,0,1,0,Urban,0,1,0,Fine,Null
1620847,5429888,12675,,583000,0,,0,1,,South,2009/2010,MURITAI ST,SH 6,,Non-Injury Crash,No,2009,,South,,0,,Flat,,,,,,Bright sun,2333100,0,0,0,2,,,0,,,,,,Nelson Region,Nil,2-way,Sealed,,0,0,,50,,Null,1,0,,52,Nelson City,Nil,,,,,0,0,Urban,0,,,Fine,Null
1244142,4839308,12676,,610074,0,0,0,1,0,South,2008/2009,SH 1S,HAMILTON ROAD,,Minor Crash,Yes,2009,0,North,1,0,0,Flat,0,,0,,0,Overcast,3160000,1,0,0,2,0,0,0,0,0,,0,0,Southland Region,Nil,2-way,Sealed,0,0,0,0,100,0,Null,0,0,,75,Invercargill City,Nil,0,1,0,0,0,0,Open,0,0,0,Fine,Null
1790679,5840139,12677,,527402,0,,0,1,,North,2008/2009,SH 1N,TAINUI BRIDGE ROAD,,Non-Injury Crash,Yes,2009,,South,,0,,Flat,,,,,,Bright sun,947100,0,0,0,2,,,0,,,,,,Waikato Region,Nil,2-way,Sealed,,0,0,,50,,Off,0,0,,13,Waikato District,Nil,,,,,0,0,Urban,1,,,Fine,Null
1801849,5814939,12678,,530200,0,,0,2,,South,2009/2010,GREY ST,BRIDGE ST,,Non-Injury Crash,No,2009,,South,,0,,Flat,,,,,,Bright sun,892800,0,0,0,2,,,0,,,,,,Waikato Region,Nil,2-way,Sealed,,0,0,,50,,Off,0,0,,16,Hamilton City,Nil,,,,,0,0,Urban,0,,,Fine,Null
1735315,5920471,12679,,506652,0,0,0,1,0,West,2008/2009,WAIRERE ROAD,BETHELLS ROAD,,Non-Injury Crash,No,2009,0,West,1,0,0,Hill Road,0,,0,,0,Dark,219404,0,0,0,2,0,0,0,0,0,,0,0,Auckland Region,Nil,2-way,Sealed,0,0,0,0,80,0,None,0,0,,76,Auckland,Nil,0,0,0,0,0,0,Open,0,0,0,Fine,Null
1757390,5928942,12680,,507800,0,,0,2,,Null,2008/2009,SHAKESPEARE ROAD,KITCHENER ROAD,,Non-Injury Crash,No,2009,,North,,0,,Flat,,,,,,Bright sun,307300,0,0,0,3,,,0,,,,,,Auckland Region,Nil,2-way,Sealed,,0,0,,50,,Null,0,0,,76,Auckland,Traffic Signals,,,,,0,0,Urban,0,,,Fine,Null
1756081,5443992,12681,,571100,0,,0,2,,West,2008/2009,MUNGAVIN AVENUE,GLOUCESTER ST,,Non-Injury Crash,No,2009,,West,,0,,Hill Road,,,,,,Overcast,2047800,0,0,0,2,,,0,,,,,,Wellington Region,Nil,2-way,Sealed,,0,0,,50,,Null,0,0,,44,Porirua City,Nil,,,,,0,0,Urban,0,,,Fine,Null
1767805,5904063,12682,,524602,0,,0,1,,South,2009/2010,GREAT SOUTH ROAD,LAKEWOOD COURT,,Non-Injury Crash,No,2009,,North,,0,,Flat,,,,,,Bright sun,780501,0,0,0,4,,,0,,,,,,Auckland Region,Nil,2-way,Sealed,,0,0,,50,,Off,0,0,,76,Auckland,Nil,,,,,0,0,Urban,1,,,Fine,Null
1791849,5499843,12683,,564220,0,0,0,1,0,Null,2008/2009,HOKIO BEACH ROAD,BRUCE ROAD,,Non-Injury Crash,No,2009,0,West,0,0,1,Flat,0,,0,,0,Bright sun,1874000,0,0,0,2,0,0,1,0,0,,0,0,Manawatū-Whanganui Region,Nil,2-way,Sealed,0,0,0,0,50,0,Null,0,0,,42,Horowhenua District,Give way,0,0,0,0,0,0,Urban,0,0,0,Fine,Null
1755808,5918038,12684,,517500,0,,0,1,,East,2008/2009,NEW NORTH ROAD,STORMONT PLACE,,Non-Injury Crash,No,2009,,West,,0,,Flat,,,,,,Bright sun,530900,0,1,0,4,,,0,,,,,,Auckland Region,Nil,2-way,Sealed,,0,0,,50,,Null,0,0,,76,Auckland,Unknown,,,,,0,0,Urban,0,,,Fine,Null
1749487,5427226,12685,,573101,0,,0,2,,Null,2008/2009,CABLE ST,ORIENTAL PARADE,,Non-Injury Crash,No,2009,,East,,0,,Flat,,,,,,Overcast,2135500,0,0,0,3,,,0,,,,,,Wellington Region,Nil,1-way,Sealed,,0,0,,50,,Null,0,0,,47,Wellington City,Traffic Signals,,,,,0,0,Urban,0,,,Light rain,Null
2036146,5710858,12686,,544200,0,0,0,2,0,West,2008/2009,ORMOND ROAD,WINTER ST,,Non-Injury Crash,No,2009,0,South,0,0,0,Flat,0,,0,,0,Bright sun,1377100,0,0,0,2,0,0,0,0,1,,0,0,Gisborne Region,Nil,2-way,Sealed,0,0,0,0,50,0,Null,0,0,,28,Gisborne District,Nil,0,0,0,0,0,0,Urban,0,0,0,Fine,Null
1753877,5911712,12687,,519001,0,,0,2,,Null,2009/2010,HILLSBOROUGH ROAD,KINGSHAVEN CLOSE,,Non-Injury Crash,No,2009,,East,,0,,Flat,,,,,,Bright sun,591501,0,0,0,2,,,0,,,,,,Auckland Region,Nil,2-way,Sealed,,0,0,,50,,Off,0,0,,76,Auckland,Stop,,,,,0,0,Urban,0,,,Fine,Null