X,Y,OBJECTID,advisorySpeed,areaUnitID,bicycle,bridge,bus,carStationWagon,cliffBank,crashDirectionDescription,crashFinancialYear,crashLocation1,crashLocation2,crashRoadSideRoad,crashSeverity,crashSHDescription,crashYear,debris,directionRoleDescription,ditch,fatalCount,fence,flatHill,guardRail,holiday,houseOrBuilding,intersection,kerb,light,meshblockId,minorInjuryCount,moped,motorcycle,NumberOfLanes,objectThrownOrDropped,otherObject,otherVehicleType,overBank,parkedVehicle,pedestrian,phoneBoxEtc,postOrPole,region,roadCharacter,roadLane,roadSurface,roadworks,schoolBus,seriousInjuryCount,slipOrFlood,speedLimit,strayAnimal,streetLight,suv,taxi,temporarySpeedLimit,tlaId,tlaName,trafficControl,trafficIsland,trafficSign,train,tree,truck,unknownVehicleType,urban,vanOrUtility,vehicle,waterRiver,weatherA,weatherB
1762179,5913657,12688,,520500,0,1,0,0,0,Null,2008/2009,SH 1N,PENROSE OBR,,Non-Injury Crash,Yes,2009,0,North,0,0,0,Flat,0,,0,,0,Overcast,637100,0,0,0,3,0,0,0,0,0,,0,0,Auckland Region,Bridge,1-way,Sealed,0,0,0,0,100,0,Null,0,0,,76,Auckland,Unknown,0,0,0,0,1,0,Open,0,0,0,Heavy rain,Null
2036999,5708570,12689,,544600,0,0,0,1,0,West,2009/2010,Z CPK PAK N SAVE,GLADSTONE/DERBY,,Non-Injury Crash,No,2009,0,North,0,0,0,Flat,0,,0,,0,Overcast,1372800,0,0,0,0,0,0,0,0,1,,0,0,Gisborne Region,Nil,Off road,Sealed,0,0,0,0,50,0,Null,0,0,,28,Gisborne District,Nil,0,0,0,0,0,0,Urban,1,0,0,Light rain,Strong wind
1775149,5578894,12690,,556800,0,,0,3,,South,2009/2010,DUBLIN ST,PITT ST,,Non-Injury Crash,No,2009,,North,,0,,Flat,,,,,,Bright sun,1704700,0,0,0,2,,,0,,,,,,Manawatū-Whanganui Region,Nil,2-way,Sealed,,0,0,,50,,Null,0,0,,37,Whanganui District,Nil,,,,,0,0,Urban,0,,,Fine,Null
1407187,4918777,12691,,603601,0,,0,2,,Null,2008/2009,SH 1S,DUKE ST,,Non-Injury Crash,Yes,2009,,West,,0,,Flat,,,,,,Overcast,2865400,0,0,0,2,,,0,,,,,,Otago Region,Nil,2-way,Sealed,,0,0,,50,,Null,0,0,,71,Dunedin City,Stop,,,,,0,0,Urban,0,,,Fine,Null
1439307,5003606,12692,,601030,0,,0,2,,Null,2008/2009,WANSBECK ST,MERSEY ST,,Minor Crash,No,2009,,West,,0,,Flat,,,,,,Bright sun,2838300,1,0,0,2,,,0,,,,,,Otago Region,Nil,2-way,Sealed,,0,0,,50,,Null,0,0,,68,Waitaki District,Give way,,,,,0,0,Urban,0,,,Fine,Null
1932537,5603588,12693,,545721,0,,0,1,,Null,2008/2009,CROSSES ROAD,ST GEORGES ROAD,,Non-Injury Crash,No,2009,,North,,0,,Flat,,Easter,,,,Twilight,1472702,0,0,0,2,,,0,,,,,,Hawke's Bay Region,Nil,2-way,Sealed,,0,0,,80,,Off,0,0,,30,Hastings District,Give way,,,,,0,0,Open,0,,,Light rain,Null
1760091,5436236,12694,,569100,0,,0,2,,Null,2009/2010,WATERLOO ROD,CORNWALL ST,,Non-Injury Crash,No,2009,,South,,0,,Flat,,,,,,Overcast,1967900,0,0,0,2,,,0,,,,,,Wellington Region,Nil,2-way,Sealed,,0,0,,50,,Null,0,0,,46,Lower Hutt City,Traffic Signals,,,,,0,0,Urban,0,,,Heavy rain,Null
1800841,5814733,12695,,529100,0,,0,1,,Null,2008/2009,PEMBROKE ST,THACKERAY ST,,Non-Injury Crash,No,2009,,South,,0,,Flat,,,,,,Overcast,931100,0,0,0,2,,,0,,,,,,Waikato Region,Nil,2-way,Sealed,,0,0,,50,,Null,0,0,,16,Hamilton City,Give way,,,,,1,0,Urban,0,,,Null,Null
1707327,6049671,12696,,501802,0,0,0,1,1,North,2008/2009,KOKOPU ROAD,ROYDON DRIVE,,Non-Injury Crash,No,2009,0,North,1,0,0,Hill Road,0,,0,,0,Dark,69000,0,0,0,2,0,0,0,0,0,,0,0,Northland Region,Nil,2-way,Sealed,0,0,0,0,100,0,None,0,0,,2,Whangarei District,Unknown,0,0,0,0,0,0,Open,0,0,0,Light rain,Null
1821259,5478282,12697,,578401,0,0,0,1,0,North,2008/2009,SH 2,MIKIMIKI ROAD,,Non-Injury Crash,Yes,2009,0,North,0,0,1,Flat,0,,0,,0,Dark,2253900,0,0,0,2,0,0,0,0,0,,0,0,Wellington Region,Nil,2-way,Sealed,0,0,0,0,100,0,None,0,0,,48,Masterton District,Nil,0,0,0,0,0,0,Open,0,0,0,Fine,Null
1680942,5626074,12698,,553302,0,0,0,1,0,West,2008/2009,SH 45,NOPERA ROAD,,Non-Injury Crash,Yes,2009,0,West,0,0,0,Flat,0,,0,,0,Overcast,1631700,0,0,0,2,0,0,0,0,0,,0,1,Taranaki Region,Nil,2-way,Sealed,0,0,0,0,100,0,Null,0,0,,35,South Taranaki District,Nil,0,0,0,0,0,0,Open,0,0,0,Snow,Strong wind
2027378,5725386,12699,,543601,0,0,0,0,0,North,2008/2009,SH 2,LAVENHAM ROAD,,Non-Injury Crash,Yes,2009,1,North,0,0,0,Hill Road,0,,0,,0,Bright sun,1350800,0,0,0,2,0,0,0,0,0,,0,0,Gisborne Region,Nil,2-way,Sealed,0,0,0,0,100,0,Null,0,0,,28,Gisborne District,Nil,0,0,0,0,0,0,Open,1,0,0,Fine,Null
1851625,5688989,12700,65,541346,0,0,0,1,0,West,2008/2009,SH 1N,HINGAPO ROAD,,Non-Injury Crash,Yes,2009,0,South,0,0,0,Flat,1,,0,,0,Bright sun,1281504,0,0,0,2,0,0,0,0,0,,0,0,Waikato Region,Nil,2-way,Sealed,0,0,0,0,100,0,Null,0,0,,21,Taupo District,Unknown,0,0,0,0,0,0,Open,0,0,0,Fine,Null
1772729,5895404,12701,,525530,0,,0,2,,Null,2008/2009,GREAT SOUTH ROAD,SETTLEMENT ROAD S,,Non-Injury Crash,No,2009,,West,,0,,Flat,,Easter,,,,Dark,804701,0,0,0,2,,,0,,,,,,Auckland Region,Nil,2-way,Sealed,,0,0,,50,,On,0,0,,76,Auckland,Traffic Signals,,,,,0,0,Urban,0,,,Fine,Null
1757009,5450399,12702,,571900,0,,0,1,,Null,2008/2009,SH 1N,ULRIC ST,,Non-Injury Crash,Yes,2009,,South,,0,,Flat,,,,,,Dark,2068300,0,0,0,2,,,0,,,,,,Wellington Region,Nil,2-way,Sealed,,0,0,,50,,On,1,0,,44,Porirua City,Give way,,,,,0,0,Urban,0,,,Fine,Null
1861955,5828861,12703,,536620,0,0,0,1,0,South,2008/2009,SH 2,TURNER ROAD,,Non-Injury Crash,Yes,2009,0,South,0,0,1,Hill Road,0,,0,,0,Bright sun,1186703,0,0,0,2,0,0,0,0,0,,0,0,Bay of Plenty Region,Nil,2-way,Sealed,0,0,0,0,100,0,Null,0,0,,22,Western Bay of Plenty District,Unknown,0,0,0,0,0,0,Open,0,0,0,Fine,Null
1756357,5927148,12704,,507900,0,,0,2,,Null,2009/2010,NORTHCOTE ROAD,NORTHCOTE ON NBD,,Non-Injury Crash,No,2009,,East,,0,,Flat,,,,,,Bright sun,303501,0,0,0,2,,,0,,,,,,Auckland Region,Nil,2-way,Sealed,,0,0,,50,,Off,0,0,,76,Auckland,Traffic Signals,,,,,0,0,Urban,0,,,Fine,Null
1744768,5917934,12705,,510700,0,,0,2,,West,2009/2010,STURGES ROAD,SWANSON ROAD,,Non-Injury Crash,No,2009,,East,,0,,Flat,,,,,,Overcast,239501,0,0,0,3,,,0,,,,,,Auckland Region,Nil,2-way,Sealed,,0,0,,50,,Off,0,0,,76,Auckland,Traffic Signals,,,,,0,0,Urban,0,,,Light rain,Null
1796801,5818243,12706,,528406,0,,0,1,,Null,2009/2010,SH 1N,FOREMAN ROAD,,Non-Injury Crash,Yes,2009,,South,,0,,Flat,,,,,,Bright sun,907601,0,0,0,2,,,0,,,,,,Waikato Region,Nil,2-way,Sealed,,0,0,,80,,Null,1,0,,16,Hamilton City,Give way,,,,,0,0,Open,0,,,Fine,Null
1584982,5259848,12707,,585506,0,1,0,0,0,Null,2009/2010,SH 7,DRY STM BR,,Non-Injury Crash,Yes,2009,0,North,0,0,0,Flat,0,,0,,0,Overcast,2430500,0,0,0,2,0,0,0,0,0,,0,0,Canterbury Region,Bridge,2-way,Sealed,0,0,0,0,100,0,Null,1,0,,58,Hurunui District,Unknown,0,0,0,0,0,0,Open,0,0,0,Heavy rain,Null
1768986,5882220,12708,,525910,0,0,0,2,0,Null,2008/2009,SEDDON ST,EDINBURGH STREET,,Non-Injury Crash,No,2009,0,North,0,0,0,Hill Road,0,,0,,0,Bright sun,817600,0,0,0,2,0,0,0,0,0,,0,1,Auckland Region,Nil,2-way,Sealed,0,0,0,0,50,0,Off,0,0,,76,Auckland,Stop,0,0,0,0,0,0,Urban,0,0,0,Fine,Null
1802404,5815992,12709,,530100,0,,0,1,,South,2009/2010,PEACHGROVE ROAD,BAINS AVENUE,,Non-Injury Crash,No,2009,,North,,0,,Flat,,,,,,Overcast,896100,0,0,0,2,,,0,,,,,,Waikato Region,Nil,2-way,Sealed,,0,0,,50,,Null,1,0,,16,Hamilton City,Unknown,,,,,0,0,Urban,0,,,Null,Null
1795079,5823196,12710,,527917,0,0,0,1,0,North,2009/2010,TE RAPA ROAD,PUKETE ROAD N,,Non-Injury Crash,No,2009,0,North,0,0,0,Flat,0,,0,,0,Overcast,975803,0,0,0,2,0,0,0,0,0,,0,1,Waikato Region,Nil,2-way,Sealed,0,0,0,0,100,0,Null,0,0,,16,Hamilton City,Unknown,0,0,0,0,0,0,Open,0,0,0,Light rain,Null
1753932,5915487,12711,,517702,0,,0,2,,Null,2009/2010,MOUNT ALBERT ROAD,EUSTON ROAD,,Non-Injury Crash,No,2009,,East,,0,,Hill Road,,,,,,Overcast,542400,0,0,0,2,,,0,,,,,,Auckland Region,Nil,2-way,Sealed,,0,0,,50,,Off,0,0,,76,Auckland,Stop,,,,,0,0,Urban,0,,,Fine,Null
1759787,5912748,12712,,520000,0,,0,2,,Null,2008/2009,GREY ST,ALFRED ST,,Non-Injury Crash,No,2009,,West,,0,,Flat,,,,,,Bright sun,605800,0,0,0,1,,,0,,,,,,Auckland Region,Nil,2-way,Sealed,,0,0,,50,,Null,0,0,,76,Auckland,Traffic Signals,,,,,0,0,Urban,0,,,Fine,Null
1706607,5682224,12713,,551301,0,,0,2,,Null,2008/2009,CRACROFT ST,WHITAKER ST,,Non-Injury Crash,No,2009,,North,,0,,Flat,,,,,,Dark,1544800,0,0,0,2,,,0,,,,,,Taranaki Region,Rail xing,2-way,Sealed,,0,0,,50,,On,0,0,,33,New Plymouth District,Stop,,,,,0,0,Urban,0,,,Fine,Null
1825666,5531448,12714,,562200,0,,0,1,,North,2008/2009,ROBERTS LINE SOUTH,SH 3,,Non-Injury Crash,No,2009,,South,,0,,Hill Road,,,,,,Bright sun,1839906,0,0,0,2,,,0,,,,,,Manawatū-Whanganui Region,Nil,2-way,Sealed,,0,0,,50,,Null,0,0,,40,Palmerston North City,Nil,,,,,1,0,Urban,0,,,Fine,Null
1691883,5674774,12715,,551700,0,0,0,3,0,South,2008/2009,TUKAPA ST,SANDERS AVENUE,,Non-Injury Crash,No,2009,0,South,0,0,0,Flat,0,,0,,0,Bright sun,1575200,0,0,0,2,0,0,0,0,1,,0,0,Taranaki Region,Nil,2-way,Sealed,0,0,0,0,50,0,Null,0,0,,33,New Plymouth District,Nil,0,0,0,0,0,0,Urban,0,0,0,Fine,Null
1566810,5180180,12716,,590702,0,,0,2,,Null,2008/2009,RICCARTON ROAD,SHAND CRESCENT W,,Minor Crash,No,2009,,East,,0,,Flat,,,,,,Bright sun,2470800,1,0,0,2,,,0,,,,,,Canterbury Region,Nil,2-way,Sealed,,0,0,,50,,Null,0,0,,60,Christchurch City,Give way,,,,,0,0,Urban,0,,,Fine,Null
1756949,5918005,12717,,518101,0,0,0,3,0,East,2009/2010,ESPLANADE ROAD,MOUNT EDEN ROAD,,Non-Injury Crash,No,2009,0,East,0,0,0,Flat,0,,0,,0,Dark,543800,0,0,0,2,0,0,0,0,1,,0,0,Auckland Region,Nil,2-way,Sealed,0,0,0,0,50,0,On,0,0,,76,Auckland,Nil,0,0,0,0,0,0,Urban,0,0,0,Fine,Null
1831593,5584006,12718,25,559220,0,0,0,1,0,Null,2008/2009,SH 1N,ONSLOW ST EAST,,Non-Injury Crash,Yes,2009,0,East,0,0,0,Flat,0,,0,,0,Bright sun,1748400,0,0,0,2,0,1,0,0,0,,0,0,Manawatū-Whanganui Region,Rail xing,2-way,Sealed,0,0,0,0,100,0,Null,0,0,,38,Rangitikei District,Stop,0,0,0,0,0,0,Open,0,0,0,Fine,Null
1765591,5908636,12719,,523402,0,,0,2,,South,2008/2009,SH 1N,HIGHBROOK OBR,,Non-Injury Crash,Yes,2009,,South,,0,,Flat,,,,,,Bright sun,696900,0,0,0,2,,,0,,,,,,Auckland Region,Nil,2-way,Sealed,,0,0,,100,,Null,0,0,,76,Auckland,Unknown,,,,,0,0,Open,1,,,Fine,Null
1755113,5914958,12720,,518500,0,0,0,2,0,West,2008/2009,HAIG AVENUE,HARDLEY AVENUE,,Non-Injury Crash,No,2009,0,East,0,0,0,Flat,0,,0,,0,Dark,560000,0,0,0,2,0,0,0,0,2,,0,0,Auckland Region,Nil,2-way,Sealed,0,0,0,0,50,0,On,0,0,,76,Auckland,Nil,0,0,0,0,0,0,Urban,1,0,0,Fine,Null
1750199,5432833,12721,,574200,0,,0,2,,Null,2008/2009,BURMA ROAD,STATION ROAD,,Non-Injury Crash,No,2009,,West,,0,,Flat,,Easter,,,,Twilight,2088100,0,0,0,2,,,0,,,,,,Wellington Region,Nil,2-way,Sealed,,0,0,,50,,Off,0,0,,47,Wellington City,Stop,,,,,0,0,Urban,0,,,Fine,Null
1766069,5907296,12722,,522302,0,,0,0,,Null,2009/2010,EAST TAMAKI ROAD,HUIA ROAD,,Non-Injury Crash,No,2009,,West,,0,,Flat,,,,,,Overcast,667700,0,0,0,2,,,0,,,,,,Auckland Region,Nil,2-way,Sealed,,0,0,,60,,Off,1,0,,76,Auckland,Traffic Signals,,,,,0,0,Urban,1,,,Fine,Null
1563597,5184306,12723,,588800,0,,0,2,,Null,2008/2009,SH 1S,MEMORIAL AVENUE,,Non-Injury Crash,Yes,2009,,North,,0,,Flat,,,,,,Bright sun,2520803,0,0,0,4,,,0,,,,,,Canterbury Region,Nil,2-way,Sealed,,0,0,,80,,Null,0,0,,60,Christchurch City,Give way,,,,,0,0,Open,0,,,Fine,Null
1762240,5913582,12724,,520402,0,,0,2,,South,2009/2010,SH 1N,PENROSE OBR,,Non-Injury Crash,Yes,2009,,South,,0,,Flat,,,,,,Overcast,642200,0,0,0,3,,,0,,,,,,Auckland Region,Nil,2-way,Sealed,,0,0,,100,,On,0,0,,76,Auckland,Nil,,,,,0,0,Open,0,,,Fine,Null
1748745,5883804,12725,,521151,0,0,0,0,0,Null,2009/2010,AWHITU ROAD,TE TORO ROAD,,Non-Injury Crash,No,2009,0,East,0,0,0,Flat,0,Labour Weekend,0,,0,Overcast,830600,0,0,0,2,0,0,0,1,0,,0,0,Auckland Region,Nil,2-way,Sealed,0,0,0,0,100,0,Null,1,0,,76,Auckland,Give way,0,0,0,0,0,0,Open,0,0,0,Light rain,Null
1748786,5425818,12726,,576500,0,0,0,1,0,South,2008/2009,HANSON ST,DRUMMOND ST,,Non-Injury Crash,No,2009,0,South,0,0,1,Flat,0,,0,,0,Overcast,2148400,0,0,0,2,0,0,0,0,0,,0,0,Wellington Region,Nil,2-way,Sealed,0,0,0,0,50,0,Null,0,0,,47,Wellington City,Nil,0,0,0,0,0,0,Urban,0,0,0,Fine,Null
1766935,5903739,12727,,524604,0,,0,1,,North,2008/2009,LAMBIE DRIVE,WIRI STATION ROAD,,Non-Injury Crash,No,2009,,North,,0,,Flat,,,,,,Overcast,780210,0,0,0,2,,,0,,,,,,Auckland Region,Nil,1-way,Sealed,,0,0,,30,,Null,0,0,,76,Auckland,Nil,,,,,1,0,Urban,0,,,Fine,Null
1745384,5912710,12728,,511001,0,0,0,1,0,West,2008/2009,AUTUMN AVENUE,GLENGARRY ROAD,,Non-Injury Crash,No,2009,0,East,0,0,0,Flat,0,Easter,0,,0,Dark,283001,0,0,0,2,0,0,0,0,1,,0,0,Auckland Region,Nil,2-way,Sealed,0,0,0,0,50,0,On,0,0,,76,Auckland,Nil,0,0,0,0,0,0,Urban,1,0,0,Fine,Null
1758930,5908591,12729,,524002,0,,0,1,,Null,2009/2010,MOUNTAIN ROAD,MILLER ROAD,,Non-Injury Crash,No,2009,,North,,0,,Flat,,,,,,Overcast,725400,0,0,0,2,,,0,,,,,,Auckland Region,Nil,2-way,Sealed,,0,0,,50,,Off,1,0,,76,Auckland,Stop,,,,,0,0,Urban,0,,,Light rain,Null
1765741,5914841,12730,,520601,0,,0,2,,North,2009/2010,TRIPOLI ROAD,STEWART AVENUE,,Non-Injury Crash,No,2009,,North,,0,,Flat,,,,,,Twilight,632500,0,0,0,2,,,0,,,,,,Auckland Region,Nil,2-way,Sealed,,0,0,,50,,Off,0,0,,76,Auckland,Nil,,,,,0,0,Urban,0,,,Fine,Null
1287560,4888381,12731,,610220,0,0,0,1,0,East,2009/2010,BURROWS ST,GORDON TERRACE,,Non-Injury Crash,No,2009,0,West,0,0,1,Flat,0,,0,,0,Dark,3066400,0,0,0,2,0,0,0,0,0,,0,0,Southland Region,Nil,2-way,Sealed,0,0,0,0,50,0,On,0,0,,74,Gore District,Unknown,0,0,0,0,0,0,Urban,0,0,0,Fine,Null
1755796,5919572,12732,,514000,0,0,0,1,0,South,2008/2009,PONSONBY ROAD,RICHMOND ROAD,,Non-Injury Crash,No,2009,0,North,0,0,0,Flat,0,,0,,0,Overcast,414500,0,0,0,4,0,0,0,0,0,,0,0,Auckland Region,Nil,2-way,Sealed,0,0,0,0,50,0,Off,0,0,,76,Auckland,Nil,0,0,0,0,1,0,Urban,0,1,0,Null,Strong wind
2034131,5709454,12733,,544400,0,,0,2,,Null,2008/2009,CHALMERS ROAD,COCHRANE ST,,Non-Injury Crash,No,2009,,North,,0,,Flat,,,,,,Bright sun,1374601,0,0,0,2,,,0,,,,,,Gisborne Region,Nil,2-way,Sealed,,0,0,,50,,Null,0,0,,28,Gisborne District,Give way,,,,,0,0,Urban,0,,,Fine,Null
1736884,5982559,12734,,505300,0,0,0,1,0,Null,2009/2010,SH 1N,MATHESON ROAD,,Non-Injury Crash,Yes,2009,0,West,0,0,1,Hill Road,0,,1,,0,Dark,142800,0,0,0,2,0,0,0,0,0,,0,0,Auckland Region,Nil,2-way,Sealed,0,0,0,0,50,0,On,0,0,,76,Auckland,Give way,0,0,0,0,0,0,Urban,0,0,0,Fine,Null
1750260,5913032,12735,,511303,0,0,0,1,0,South,2008/2009,LINKS ROAD,ASTLEY AVENUE,,Non-Injury Crash,No,2009,0,South,0,0,0,Flat,0,,0,,0,Dark,265600,0,0,0,2,0,0,0,0,0,,0,0,Auckland Region,Nil,2-way,Sealed,0,0,0,0,50,0,On,0,0,,76,Auckland,Unknown,1,1,0,0,0,0,Urban,0,0,0,Fine,Null
1699272,6095239,12736,,501100,0,0,0,2,0,North,2008/2009,SH 11,WILLIAMS ROAD,,Non-Injury Crash,Yes,2009,0,South,0,0,0,Flat,0,,0,,0,Bright sun,54300,0,0,0,2,0,0,0,0,0,,0,0,Northland Region,Nil,2-way,Sealed,0,0,0,0,50,0,Null,0,0,,1,Far North District,Unknown,0,0,0,0,0,0,Urban,0,1,0,Fine,Null
1936086,5620080,12737,,546600,0,0,1,0,0,Null,2008/2009,LATHAM ST,SH 2,,Non-Injury Crash,Yes,2009,0,West,0,0,0,Flat,0,,0,,0,Bright sun,1436400,0,0,0,2,0,0,0,0,0,,0,0,Hawke's Bay Region,Nil,2-way,Sealed,0,0,0,0,50,0,Null,0,0,,31,Napier City,Give way,1,1,0,0,1,0,Urban,0,0,0,Fine,Null
1760744,5907111,12738,,524112,0,,0,2,,East,2009/2010,BADER DRIVE,ASHGROVE ROAD,,Non-Injury Crash,No,2009,,West,,0,,Flat,,,,,,Overcast,742102,0,0,0,2,,,0,,,,,,Auckland Region,Nil,2-way,Sealed,,0,0,,50,,Off,0,0,,76,Auckland,Nil,,,,,0,0,Urban,0,,,Fine,Null
1610585,5427022,12739,,581836,0,,0,0,,Null,2008/2009,SH 60,RIVER ROAD,,Non-Injury Crash,Yes,2009,,South,,0,,Flat,,,,,,Overcast,2356700,0,0,0,2,,,0,,,,,,Tasman Region,Nil,2-way,Sealed,,0,0,,100,,Null,0,0,,51,Tasman District,Stop,,,,,1,0,Open,2,,,Fine,Null
1755388,5928957,12740,,508320,0,,0,1,,Null,2008/2009,TRISTRAM AVENUE,WAIRAU ROAD,,Non-Injury Crash,No,2009,,South,,0,,Flat,,,,,,Bright sun,196700,0,0,0,3,,,0,,,,,,Auckland Region,Nil,2-way,Sealed,,0,0,,50,,Off,0,0,,76,Auckland,Traffic Signals,,,,,1,0,Urban,0,,,Fine,Null
1719918,6048404,12741,,502202,0,0,0,2,0,North,2009/2010,MILLERS LANE,WAIATAWA ROAD,,Non-Injury Crash,No,2009,0,North,0,0,0,Hill Road,0,,0,,0,Bright sun,88700,0,0,0,2,0,0,0,0,1,,0,0,Northland Region,Nil,2-way,Sealed,0,0,0,0,50,0,Null,0,0,,2,Whangarei District,Unknown,0,0,0,0,0,0,Urban,0,0,0,Fine,Null
1818465,5529224,12742,,562720,0,,0,1,,Null,2008/2009,HAVELOCK AVENUE,AMBERLEY AVENUE,,Non-Injury Crash,No,2009,,North,,0,,Flat,,,,,,Dark,1817103,0,0,0,2,,,0,,,,,,Manawatū-Whanganui Region,Nil,2-way,Sealed,,0,0,,50,,On,0,0,,40,Palmerston North City,Give way,,,,,0,0,Urban,0,,,Fine,Null
1756466,5913910,12743,,518500,0,0,0,3,0,Null,2008/2009,GRAHAME BREED DRIVE,PLAZA DRIVE,,Non-Injury Crash,No,2009,0,West,0,0,0,Flat,0,,0,,0,Bright sun,563800,0,0,0,2,0,0,0,0,1,,0,0,Auckland Region,Nil,2-way,Sealed,0,0,0,0,50,0,Null,0,0,,76,Auckland,Give way,0,1,0,0,0,0,Urban,0,0,0,Fine,Null
1882196,5828046,12744,,536821,0,0,0,2,0,North,2008/2009,VALLEY ROAD,CLYDE ST,,Non-Injury Crash,No,2009,0,North,0,0,0,Flat,0,,0,,0,Dark,1197200,0,0,0,2,0,0,0,0,1,,0,0,Bay of Plenty Region,Nil,2-way,Sealed,0,0,0,0,50,0,On,0,0,,23,Tauranga City,Give way,0,0,0,0,0,0,Urban,0,0,0,Light rain,Null
1885153,5824076,12745,,536832,0,,0,3,,East,2009/2010,TE MAUNGA LANE,VILLA WAY,,Non-Injury Crash,No,2009,,West,,0,,Flat,,,,,,Overcast,1204917,0,0,0,2,,,0,,,,,,Bay of Plenty Region,Nil,2-way,Sealed,,0,0,,100,,Null,0,0,,23,Tauranga City,Unknown,,,,,0,0,Open,0,,,Light rain,Null
1800804,5814146,12746,,529100,0,,0,1,,North,2009/2010,RUAKIWI ROAD,PEMBROKE ST,,Non-Injury Crash,No,2009,,South,,0,,Hill Road,,,,,,Bright sun,931300,0,0,0,2,,,0,,,,,,Waikato Region,Nil,2-way,Sealed,,0,0,,50,,Off,0,0,,16,Hamilton City,Nil,,,,,0,0,Urban,1,,,Fine,Null
1764557,5912541,12747,,520500,0,0,0,1,0,Null,2009/2010,CARBINE ROAD,CLEMOW DRIVE,,Non-Injury Crash,No,2009,0,East,0,0,0,Flat,0,,0,,0,Dark,639100,0,0,0,2,0,0,0,0,0,,0,1,Auckland Region,Nil,2-way,Sealed,0,0,0,0,50,0,On,0,0,,76,Auckland,Traffic Signals,0,0,0,1,0,0,Urban,0,0,0,Fine,Null
1753395,5929798,12748,,508411,0,,0,1,,Null,2008/2009,GLENFIELD ROAD,SUNSET ROAD,,Non-Injury Crash,No,2009,,North,,0,,Hill Road,,,,,,Bright sun,183902,0,0,0,5,,,0,,,,,,Auckland Region,Nil,2-way,Sealed,,0,0,,50,,Off,1,0,,76,Auckland,Traffic Signals,,,,,0,0,Urban,0,,,Fine,Null
1800786,5815397,12749,,529700,0,,0,2,,East,2009/2010,WARD ST,ANGLESEA ST,,Non-Injury Crash,No,2009,,West,,0,,Flat,,Labour Weekend,,,,Bright sun,911102,0,0,0,2,,,0,,,,,,Waikato Region,Nil,2-way,Sealed,,0,0,,50,,Off,0,0,,16,Hamilton City,Nil,,,,,0,0,Urban,0,,,Fine,Null
1820916,5836899,12750,,534500,0,0,0,0,0,North,2009/2010,MORRINSVILLE TAHUNA ROAD,CAMERON ROAD,,Non-Injury Crash,No,2009,0,South,1,0,0,Hill Road,0,,0,,0,Overcast,1091800,0,0,0,2,0,0,0,0,0,,0,0,Waikato Region,Nil,2-way,Sealed,0,0,0,0,100,0,Null,0,0,,15,Matamata-Piako District,Unknown,0,0,0,0,0,0,Open,1,0,0,Fine,Null
1760405,5916130,12751,,516003,0,0,0,1,0,East,2008/2009,GREEN LANE EAST,ST VINCENT AVENUE,,Non-Injury Crash,No,2009,0,West,0,0,0,Flat,0,,0,,0,Dark,494902,0,0,0,2,0,0,0,0,0,,0,0,Auckland Region,Nil,2-way,Sealed,0,0,0,0,50,0,On,0,0,,76,Auckland,Nil,1,0,0,0,0,0,Urban,0,0,0,Fine,Null
1793356,5794100,12752,,527921,0,0,0,1,0,North,2008/2009,SH 39,BIRD ROAD,,Non-Injury Crash,Yes,2009,0,South,0,0,0,Flat,0,,0,,0,Bright sun,981900,0,0,0,2,0,1,0,0,0,,0,0,Waikato Region,Nil,2-way,Sealed,0,0,0,0,100,0,Null,0,0,,17,Waipa District,Unknown,0,0,0,0,0,0,Open,0,0,0,Fine,Null
1692067,5675035,12753,,551700,0,,0,2,,East,2009/2010,MARATAHU ST,TUKAPA ST,,Non-Injury Crash,No,2009,,East,,0,,Flat,,,,,,Overcast,1574300,0,0,0,2,,,0,,,,,,Taranaki Region,Nil,2-way,Sealed,,0,0,,50,,Null,0,0,,33,New Plymouth District,Nil,,,,,0,0,Urban,0,,,Light rain,Null
1879084,5823967,12754,,538201,0,,0,1,,South,2009/2010,CAMERON ROAD,SECOND AVENUE,,Non-Injury Crash,No,2009,,North,,0,,Flat,,,,,,Bright sun,1165200,0,1,0,2,,,0,,,,,,Bay of Plenty Region,Nil,1-way,Sealed,,0,0,,50,,Off,0,0,,23,Tauranga City,Nil,,,,,0,0,Urban,0,,,Fine,Null
1752315,5423818,12755,,577200,0,0,0,2,0,North,2008/2009,IRA ST,BROADWAY,,Non-Injury Crash,No,2009,0,North,0,0,0,Flat,0,,0,,0,Twilight,2208500,0,0,0,2,0,0,0,0,1,,0,0,Wellington Region,Nil,2-way,Sealed,0,0,0,0,50,0,Off,0,0,,47,Wellington City,Nil,0,0,0,0,0,0,Urban,0,0,0,Fine,Null
1718849,6048558,12756,,502300,0,0,0,1,0,Null,2008/2009,SH 1N,KAMO BYPASS S,,Non-Injury Crash,Yes,2009,0,South,0,0,0,Flat,0,Easter,0,,0,Dark,90000,0,0,0,4,0,0,0,0,0,,0,0,Northland Region,Nil,2-way,Sealed,0,0,0,0,50,0,On,0,0,,2,Whangarei District,Give way,1,0,0,0,0,0,Urban,0,0,0,Fine,Null
1771435,5895095,12757,,521201,0,0,0,2,0,South,2009/2010,PAPAKURA OFF NBD,PAPAKURA ON NBD,,Non-Injury Crash,Yes,2009,0,South,0,0,0,Flat,0,,0,,0,Bright sun,806700,0,0,0,3,0,0,0,0,0,,0,2,Auckland Region,Motorway ramp,1-way,Sealed,0,0,0,0,100,0,Off,0,0,,76,Auckland,Nil,0,0,0,0,0,0,Open,0,0,0,Fine,Null