X,Y,OBJECTID,advisorySpeed,areaUnitID,bicycle,bridge,bus,carStationWagon,cliffBank,crashDirectionDescription,crashFinancialYear,crashLocation1,crashLocation2,crashRoadSideRoad,crashSeverity,crashSHDescription,crashYear,debris,directionRoleDescription,ditch,fatalCount,fence,flatHill,guardRail,holiday,houseOrBuilding,intersection,kerb,light,meshblockId,minorInjuryCount,moped,motorcycle,NumberOfLanes,objectThrownOrDropped,otherObject,otherVehicleType,overBank,parkedVehicle,pedestrian,phoneBoxEtc,postOrPole,region,roadCharacter,roadLane,roadSurface,roadworks,schoolBus,seriousInjuryCount,slipOrFlood,speedLimit,strayAnimal,streetLight,suv,taxi,temporarySpeedLimit,tlaId,tlaName,trafficControl,trafficIsland,trafficSign,train,tree,truck,unknownVehicleType,urban,vanOrUtility,vehicle,waterRiver,weatherA,weatherB
1747336,5930685,12758,,509000,0,,0,0,,East,2009/2010,PAREMOREMO ROAD,MEREWHIRA ROAD,,Non-Injury Crash,No,2009,,North,,0,,Flat,,,,,,Dark,179405,0,0,0,2,,,0,,,,,,Auckland Region,Nil,2-way,Sealed,,0,0,,80,,None,1,0,,76,Auckland,Nil,,,,,0,0,Open,1,,,Fine,Null
1757717,5918256,12759,,518101,0,0,0,1,0,South,2009/2010,SH 1N,KHYBER PASS OFF NBD,,Non-Injury Crash,Yes,2009,0,North,0,0,0,Flat,1,,0,,0,Bright sun,543000,0,0,0,4,0,0,0,0,0,,0,0,Auckland Region,Nil,1-way,Sealed,0,0,0,0,80,0,Off,0,0,,76,Auckland,Nil,0,0,0,0,1,0,Open,0,0,0,Fine,Null
1753764,5917023,12760,,517800,0,,0,2,,Null,2009/2010,NEW NORTH ROAD,WAIRERE AVENUE,,Non-Injury Crash,No,2009,,East,,0,,Flat,,,,,,Bright sun,526600,0,0,0,2,,,0,,,,,,Auckland Region,Nil,2-way,Sealed,,0,0,,50,,Off,0,0,,76,Auckland,Stop,,,,,0,0,Urban,0,,,Fine,Null
1878990,5824923,12761,,538201,0,0,0,1,0,Null,2009/2010,SH 2,WHAREPAI DOMAIN PED OBR,,Non-Injury Crash,Yes,2009,0,North,0,0,0,Flat,1,,0,,0,Overcast,1163200,0,0,0,4,0,0,0,0,0,,0,0,Bay of Plenty Region,Nil,2-way,Sealed,0,0,0,0,80,0,Null,0,0,,23,Tauranga City,Unknown,0,0,0,0,0,0,Open,0,0,0,Fine,Null
1936257,5620996,12762,,546901,0,,0,2,,East,2008/2009,KENNEDY ROAD,OWEN ST,,Non-Injury Crash,No,2009,,East,,0,,Flat,,,,,,Bright sun,1429500,0,0,0,2,,,0,,,,,,Hawke's Bay Region,Nil,2-way,Sealed,,0,0,,50,,Null,0,0,,31,Napier City,Nil,,,,,0,0,Urban,0,,,Fine,Null
1758848,5906505,12763,,524200,0,,0,1,,North,2009/2010,RICHARD PEARSE DRIVE,FREIGHT PLACE,,Non-Injury Crash,No,2009,,South,,0,,Flat,,,,,,Bright sun,726400,0,0,0,2,,,0,,,,,,Auckland Region,Nil,2-way,Sealed,,0,0,,50,,Off,0,0,,76,Auckland,Nil,,,,,0,0,Urban,1,,,Fine,Null
1756466,5927067,12764,,507900,0,0,0,1,1,South,2008/2009,SH 1N,NORTHCOTE OBR,,Non-Injury Crash,Yes,2009,0,South,0,0,0,Flat,0,,0,,0,Dark,303502,0,0,0,3,0,0,0,0,0,,0,1,Auckland Region,Nil,1-way,Sealed,0,0,0,0,100,0,On,0,0,,76,Auckland,Nil,0,0,0,0,0,0,Open,0,0,0,Fine,Null
1765037,5910052,12765,,521801,0,0,0,1,0,Null,2009/2010,TODD PLACE,AVENUE ROAD,,Non-Injury Crash,No,2009,0,South,0,0,0,Flat,0,,0,,0,Dark,787700,0,0,0,1,0,0,0,0,0,,0,1,Auckland Region,Nil,2-way,Sealed,0,0,0,0,50,0,On,0,0,,76,Auckland,Nil,0,0,0,0,0,0,Urban,0,0,0,Fine,Null
1755282,5914678,12766,,518500,0,,0,2,,Null,2009/2010,DOMINION ROAD,LOUVAIN AVENUE,,Non-Injury Crash,No,2009,,South,,0,,Flat,,,,,,Overcast,560400,0,0,0,2,,,0,,,,,,Auckland Region,Nil,2-way,Sealed,,0,0,,50,,Off,0,0,,76,Auckland,Stop,,,,,0,0,Urban,0,,,Light rain,Null
1751500,5435219,12767,,573700,0,,0,1,,Null,2008/2009,IRONSIDE ROAD,BASSETT ROAD,,Non-Injury Crash,No,2009,,South,,0,,Flat,,,,,,Bright sun,2082300,0,0,1,2,,,0,,,,,,Wellington Region,Nil,2-way,Sealed,,0,0,,50,,Null,0,0,,47,Wellington City,Give way,,,,,0,0,Urban,0,,,Fine,Null
1866082,5697215,12768,,541346,0,,0,1,,North,2009/2010,SH 1N,HINEMAIAIA ACCESS ROAD,,Non-Injury Crash,Yes,2009,,South,,0,,Flat,,,,,,Bright sun,1280302,0,0,0,2,,,0,,,,,,Waikato Region,Nil,2-way,Sealed,,0,0,,100,,Null,0,0,,21,Taupo District,Unknown,,,,,0,0,Open,0,,,Fine,Null
1766520,5913270,12769,,522920,0,,0,2,,Null,2009/2010,TI RAKAU DRIVE,PAKURANGA ROAD,,Non-Injury Crash,No,2009,,North,,0,,Flat,,,,,,Twilight,683900,0,0,0,6,,,0,,,,,,Auckland Region,Nil,2-way,Sealed,,0,0,,60,,On,0,0,,76,Auckland,Give way,,,,,0,0,Urban,0,,,Fine,Null
1698320,5678389,12770,,550902,0,,0,2,,South,2008/2009,POHUTUKAWA PLACE,HULKE CRESCENT,,Non-Injury Crash,No,2009,,East,,0,,Flat,,,,,,Overcast,1559100,0,0,0,2,,,0,,,,,,Taranaki Region,Nil,2-way,Sealed,,0,0,,80,,Null,0,0,,33,New Plymouth District,Nil,,,,,0,0,Open,0,,,Fine,Null
1822578,5828006,12771,,534500,0,0,0,1,0,Null,2009/2010,AVENUE ROAD,KURANUI ROAD,,Non-Injury Crash,No,2009,0,West,1,0,0,Flat,0,,0,,0,Overcast,1091502,0,0,0,2,0,0,0,0,0,,0,0,Waikato Region,Nil,2-way,Sealed,0,0,0,0,100,0,Null,0,0,,15,Matamata-Piako District,Nil,0,1,0,0,0,0,Open,0,0,0,Fine,Null
1367353,5096813,12772,,600100,0,,0,1,,South,2009/2010,NORTH WEST ARCH,GLEN LYON ROAD,,Minor Crash,No,2009,,North,,0,,Flat,,,,,,Bright sun,2814205,1,0,0,2,,,0,,,,,,Canterbury Region,Nil,2-way,Sealed,,0,0,,50,,Null,0,0,,65,Mackenzie District,Unknown,,,,,0,0,Urban,0,,,Fine,Null
1796602,5817448,12773,,528503,0,0,0,2,0,Null,2009/2010,ROTOKAURI ROAD,BAVERSTOCK ROAD,,Non-Injury Crash,No,2009,0,South,0,0,0,Flat,0,,0,,1,Dark,906405,0,0,0,2,0,0,0,0,1,,0,0,Waikato Region,Nil,2-way,Sealed,0,0,0,0,50,0,On,0,0,,16,Hamilton City,Give way,0,0,0,0,0,0,Urban,1,0,0,Light rain,Null
1766026,5907270,12774,,522301,0,,0,1,,West,2009/2010,EAST TAMAKI ROAD,HUIA ROAD,,Non-Injury Crash,No,2009,,West,,0,,Flat,,,,,,Overcast,667100,0,0,0,4,,,0,,,,,,Auckland Region,Nil,2-way,Sealed,,0,0,,50,,Off,0,0,,76,Auckland,Nil,,,,,0,0,Urban,1,,,Fine,Null
1804486,5813708,12775,,530800,0,,1,1,,Null,2009/2010,SH 1N,SH 26,,Non-Injury Crash,Yes,2009,,North,,0,,Flat,,,,,,Overcast,883500,0,0,0,2,,,0,,,,,,Waikato Region,Nil,2-way,Sealed,,0,0,,50,,Null,0,0,,16,Hamilton City,Give way,,,,,0,0,Urban,0,,,Fine,Null
1758074,5914265,12776,,519300,0,0,0,2,0,North,2009/2010,MANUKAU ROAD,LEWIN ROAD,,Non-Injury Crash,No,2009,0,South,0,0,0,Flat,0,,0,,0,Bright sun,624500,0,0,0,2,0,0,0,0,1,,0,0,Auckland Region,Nil,2-way,Sealed,0,0,0,0,50,0,Off,0,0,,76,Auckland,Nil,0,0,0,0,0,0,Urban,0,0,0,Fine,Null
1837367,5801694,12777,,535242,0,,0,2,,Null,2009/2010,SH 29,TOTMAN ROAD,,Non-Injury Crash,Yes,2009,,North,,0,,Flat,,Christmas New Year,,,,Bright sun,1116601,0,0,0,2,,,0,,,,,,Waikato Region,Nil,2-way,Sealed,,0,0,,100,,Null,0,0,,15,Matamata-Piako District,Stop,,,,,0,0,Open,0,,,Fine,Null
1621546,5430025,12778,,583100,0,0,0,1,0,South,2009/2010,PRINCES DRIVE,QUEBEC ROAD,,Non-Injury Crash,No,2009,0,West,0,0,0,Hill Road,0,,0,,0,Bright sun,2334702,0,0,0,2,0,0,0,0,0,,0,0,Nelson Region,Nil,2-way,Sealed,0,0,0,0,50,0,Null,0,0,,52,Nelson City,Nil,0,0,0,1,0,0,Urban,0,0,0,Fine,Null
1756502,5443930,12779,,571100,0,,0,0,,Null,2009/2010,MUNGAVIN AVENUE,CHAMPION ST,,Non-Injury Crash,No,2009,,East,,0,,Flat,,,,,,Dark,2048300,0,1,0,2,,,0,,,,,,Wellington Region,Nil,2-way,Sealed,,0,0,,50,,On,0,0,,44,Porirua City,Give way,,,,,0,0,Urban,0,,,Fine,Null
1337010,4916181,12780,,607502,0,0,0,1,0,North,2009/2010,SH 8,HUNT ROAD,,Minor Crash,Yes,2009,0,South,0,0,0,Hill Road,0,,0,,0,Bright sun,3007401,1,0,0,2,0,0,0,1,0,,0,0,Otago Region,Nil,2-way,Sealed,0,0,0,0,100,0,Null,0,0,,72,Clutha District,Unknown,0,0,0,0,0,0,Open,0,0,0,Fine,Null
1750230,5424359,12781,,576901,0,,0,1,,South,2008/2009,BAY ROAD,RONGOTAI ROAD,,Non-Injury Crash,No,2009,,South,,0,,Flat,,,,,,Overcast,2178300,0,0,0,2,,,0,,,,,,Wellington Region,Nil,2-way,Sealed,,0,0,,50,,Null,0,0,,47,Wellington City,Nil,,,,,0,0,Urban,1,,,Fine,Null
1757521,5920641,12782,,514103,0,0,0,1,0,North,2009/2010,HIGH ST,VULCAN LANE,,Non-Injury Crash,No,2009,0,South,0,0,0,Hill Road,0,,0,,0,Dark,437600,0,0,0,1,0,0,0,0,1,,0,0,Auckland Region,Nil,1-way,Sealed,0,0,0,0,50,0,On,0,0,,76,Auckland,Nil,0,0,0,0,0,0,Urban,1,0,0,Fine,Null
1767050,5900770,12783,,524720,0,0,0,1,0,East,2009/2010,AARTS AVENUE,CRAMPTON PLACE,,Non-Injury Crash,No,2009,0,East,0,0,0,Flat,0,,0,,0,Dark,775902,0,0,0,2,0,0,0,0,1,,0,0,Auckland Region,Nil,1-way,Sealed,0,0,0,0,50,0,On,0,0,,76,Auckland,Nil,0,0,0,0,1,0,Urban,0,0,0,Mist or Fog,Null
1690115,5674157,12784,,551503,0,,0,2,,North,2008/2009,ORANGA ST,WHAKAWHITI ST,,Non-Injury Crash,No,2009,,South,,0,,Flat,,,,,,Bright sun,1578800,0,0,0,2,,,0,,,,,,Taranaki Region,Nil,2-way,Sealed,,0,0,,50,,Null,0,0,,33,New Plymouth District,Nil,,,,,0,0,Urban,0,,,Fine,Null
1762765,5906417,12785,,524302,0,0,0,1,0,West,2009/2010,RAGLAN ST,CHEVIOT ST,,Non-Injury Crash,No,2009,0,West,0,0,0,Flat,0,,0,,0,Bright sun,745400,0,0,0,2,0,0,0,0,0,,0,0,Auckland Region,Nil,2-way,Sealed,0,0,0,0,50,0,Null,0,0,,76,Auckland,Unknown,0,0,0,0,0,0,Urban,1,1,0,Fine,Null
1757213,5444266,12786,,571300,0,0,0,1,0,East,2008/2009,ASTROLABE ST,JUSTINE ST,,Non-Injury Crash,No,2009,0,North,0,0,0,Hill Road,0,,0,,0,Overcast,2064800,0,0,0,2,0,0,0,0,1,,0,0,Wellington Region,Nil,2-way,Sealed,0,0,0,0,50,0,Null,0,0,,44,Porirua City,Nil,0,0,0,0,1,0,Urban,0,0,0,Fine,Null
1573389,5184744,12787,,590505,0,0,0,1,0,East,2008/2009,SH 74,MARSHLAND ROAD,,Non-Injury Crash,Yes,2009,0,East,1,0,0,Flat,0,,0,,0,Overcast,2505708,0,0,0,2,0,0,0,0,0,,0,0,Canterbury Region,Nil,2-way,Sealed,0,0,0,0,80,0,Null,0,0,,60,Christchurch City,Unknown,0,0,0,0,0,0,Open,0,0,0,Fine,Null
1745558,5922249,12788,,513530,0,0,0,1,0,South,2008/2009,KINTARA DRIVE,CLAVERDON DRIVE,,Non-Injury Crash,No,2009,0,North,0,0,1,Hill Road,0,,0,,0,Bright sun,226002,0,0,0,2,0,0,0,0,0,,0,0,Auckland Region,Nil,2-way,Sealed,0,0,0,0,50,0,Null,0,0,,76,Auckland,Unknown,0,0,0,0,0,0,Urban,0,0,0,Fine,Null
1755978,5921083,12789,,515202,0,,0,1,,North,2009/2010,SH 1N,FANSHAWE OBR,,Non-Injury Crash,Yes,2009,,North,,0,,Flat,,,,,,Bright sun,425600,0,0,0,4,,,0,,,,,,Auckland Region,Nil,1-way,Sealed,,0,0,,80,,Null,1,0,,76,Auckland,Unknown,,,,,0,0,Open,0,,,Fine,Null
1817175,5803346,12790,,527503,0,,0,2,,Null,2009/2010,SH 1N,EMPIRE ST,,Non-Injury Crash,Yes,2009,,West,,0,,Flat,,,,,,Bright sun,962900,0,0,0,2,,,0,,,,,,Waikato Region,Nil,2-way,Sealed,,0,0,,50,,Null,0,0,,17,Waipa District,Give way,,,,,0,0,Urban,0,,,Fine,Null
1850621,5770043,12791,,535261,0,,0,1,,South,2008/2009,SH 1N,WEST ROAD,,Non-Injury Crash,Yes,2009,,North,,0,,Hill Road,,,,,,Bright sun,1134302,0,0,0,2,,,0,,,,,,Waikato Region,Nil,2-way,Sealed,,0,0,,100,,None,0,0,30,19,South Waikato District,Nil,,,,,1,0,Open,1,,,Fine,Null
1755012,5944763,12792,,505907,0,0,0,0,1,South,2008/2009,WHANGAPARAOA ROAD,SCOTT ROAD,,Non-Injury Crash,No,2009,0,South,0,0,0,Hill Road,0,,0,,0,Dark,173418,0,0,0,2,0,0,0,0,0,,0,0,Auckland Region,Nil,2-way,Sealed,0,0,0,0,50,0,On,1,0,,76,Auckland,Nil,0,0,0,0,0,0,Urban,0,0,0,Fine,Null
1756884,5447808,12793,,572100,0,,0,2,,Null,2008/2009,SH 58,SH 1N,,Non-Injury Crash,Yes,2009,,North,,0,,Flat,,,,,,Bright sun,2070000,0,0,0,2,,,0,,,,,,Wellington Region,Nil,2-way,Sealed,,0,0,,50,,Null,0,0,,44,Porirua City,Give way,,,,,0,0,Urban,0,,,Fine,Null
1752553,5918030,12794,,515003,0,,0,1,,East,2009/2010,SH 16,CARRINGTON OBR,,Non-Injury Crash,Yes,2009,,West,,0,,Flat,,,,,,Bright sun,390702,0,0,0,3,,,0,,,,,,Auckland Region,Nil,1-way,Sealed,,0,0,,100,,Off,1,0,,76,Auckland,Nil,,,,,0,0,Open,0,,,Fine,Null
1405768,4916321,12795,,603000,0,0,0,2,0,West,2008/2009,HIGH ST,HOPE ST,,Non-Injury Crash,No,2009,0,West,0,0,0,Hill Road,0,,0,,0,Overcast,2898200,0,0,0,2,0,0,0,0,1,,0,0,Otago Region,Nil,2-way,Sealed,0,0,0,0,50,0,Null,0,0,,71,Dunedin City,Unknown,0,0,0,0,0,0,Urban,0,0,0,Fine,Null
1876516,5823877,12796,,537301,0,0,0,1,0,Null,2008/2009,OTUMOETAI ROAD,BELLEVUE ROAD,,Non-Injury Crash,No,2009,0,South,1,0,0,Flat,0,,0,,0,Dark,1160108,0,0,0,2,0,0,0,0,0,,0,0,Bay of Plenty Region,Nil,2-way,Sealed,0,0,0,0,50,0,On,0,0,,23,Tauranga City,Traffic Signals,0,0,0,0,0,0,Urban,0,0,0,Fine,Null
1756497,5927280,12797,,507900,0,0,0,1,0,West,2009/2010,NORTHCOTE ROAD,TAHAROTO ROAD,,Non-Injury Crash,No,2009,0,West,0,0,0,Flat,0,,0,,0,Dark,303502,0,0,0,5,0,0,0,0,0,,0,0,Auckland Region,Nil,2-way,Sealed,0,0,0,0,50,0,On,0,0,,76,Auckland,Unknown,0,1,0,0,0,0,Urban,0,0,0,Light rain,Null
1768754,5902843,12798,,524602,0,,0,4,,South,2009/2010,SH 1N,MANUKAU OFF NBD,,Non-Injury Crash,Yes,2009,,North,,0,,Flat,,,,,,Overcast,780504,0,0,0,3,,,0,,,,,,Auckland Region,Nil,1-way,Sealed,,0,0,,100,,None,0,0,,76,Auckland,Nil,,,,,0,0,Open,0,,,Heavy rain,Null
1739024,6039992,12799,,501819,0,,0,2,,South,2009/2010,KAURI MOUNTAIN ROAD,TAIHARURU ROAD,,Non-Injury Crash,No,2009,,South,,0,,Hill Road,,,,,,Bright sun,74005,0,0,0,1,,,0,,,,,,Northland Region,Nil,2-way,Unsealed,,0,0,,100,,None,0,0,,2,Whangarei District,Nil,,,,,0,0,Open,0,,,Fine,Null
1720050,6051172,12800,,502201,0,,0,1,,South,2008/2009,VINEGAR HILL ROAD,RIVERSONG ROAD,,Non-Injury Crash,No,2009,,South,,0,,Flat,,,,,,Dark,61807,0,0,0,2,,,0,,,,,,Northland Region,Nil,2-way,Sealed,,0,0,,100,,None,0,0,,2,Whangarei District,Nil,,,,,0,0,Open,0,,,Light rain,Null
1755786,5928200,12801,,507900,0,,0,2,,Null,2009/2010,PORANA ROAD,WAIRAU ROAD,,Non-Injury Crash,No,2009,,West,,0,,Flat,,,,,,Dark,305201,0,0,0,3,,,0,,,,,,Auckland Region,Nil,2-way,Sealed,,0,0,,50,,On,0,0,,76,Auckland,Traffic Signals,,,,,0,0,Urban,0,,,Light rain,Null
1867418,5713283,12802,,541720,0,0,0,2,0,Null,2009/2010,TITIRAUPENGA ST,HEUHEU ST,,Non-Injury Crash,No,2009,0,North,0,0,0,Flat,0,,0,,0,Overcast,1273700,0,0,0,2,0,0,0,0,0,,0,0,Waikato Region,Nil,2-way,Sealed,0,0,0,0,50,0,Null,0,1,,21,Taupo District,Stop,1,0,0,0,0,0,Urban,0,0,0,Fine,Null
1763445,5437357,12803,,568302,0,,0,2,,Null,2008/2009,TREADWELL ST,EVEREST AVENUE,,Non-Injury Crash,No,2009,,South,,0,,Flat,,,,,,Overcast,1955500,0,0,0,2,,,0,,,,,,Wellington Region,Nil,2-way,Sealed,,0,0,,50,,Null,0,0,,46,Lower Hutt City,Give way,,,,,0,0,Urban,0,,,Light rain,Null
1688925,6109915,12804,,501614,0,0,0,0,0,East,2008/2009,PURERUA ROAD,SOMERVILLE ROAD,,Non-Injury Crash,No,2009,0,East,0,0,0,Flat,0,,0,,0,Dark,44008,0,0,0,2,0,0,0,1,0,,0,0,Northland Region,Nil,2-way,Sealed,0,0,0,0,100,0,None,1,0,,1,Far North District,Nil,0,0,0,0,0,0,Open,0,0,0,Light rain,Null
1748775,5914479,12805,,511302,0,,0,2,,Null,2009/2010,RIMU ST,LYNWOOD ROAD,,Non-Injury Crash,No,2009,,West,,0,,Hill Road,,,,,,Overcast,268200,0,0,0,2,,,0,,,,,,Auckland Region,Nil,2-way,Sealed,,0,0,,50,,None,0,0,,76,Auckland,Give way,,,,,0,0,Urban,0,,,Light rain,Null
1899688,5810375,12806,,536651,0,,0,1,,West,2009/2010,SH 2,RAIL XING,,Non-Injury Crash,Yes,2009,,East,,0,,Flat,,,,,,Bright sun,1211000,0,0,0,2,,,0,,,,,,Bay of Plenty Region,Nil,2-way,Sealed,,0,0,,100,,Null,0,0,,22,Western Bay of Plenty District,Unknown,,,,,1,0,Open,0,,,Fine,Null
1612885,5419240,12807,,581717,0,,0,2,,East,2008/2009,ANISEED VALLEY ROAD,HAYCOCK ROAD,,Non-Injury Crash,No,2009,,South,,0,,Hill Road,,,,,,Overcast,2358400,0,0,0,2,,,0,,,,,,Tasman Region,Nil,2-way,Sealed,,0,0,,80,,Null,0,0,,51,Tasman District,Nil,,,,,0,0,Open,0,,,Fine,Null
1752247,5422449,12808,,577102,0,,1,1,,East,2009/2010,AHURIRI ST,KEKERENGA ST,,Non-Injury Crash,No,2009,,West,,0,,Hill Road,,,,,,Bright sun,2216000,0,0,0,2,,,0,,,,,,Wellington Region,Nil,2-way,Sealed,,0,0,,50,,Null,0,0,,47,Wellington City,Nil,,,,,0,0,Urban,0,,,Fine,Null
1732457,5688292,12809,75,550700,0,,0,0,,Null,2009/2010,SH 3,URUTI ROAD,,Non-Injury Crash,Yes,2009,,North,,0,,Flat,,,,,,Overcast,1552100,0,0,0,2,,,0,,,,,,Taranaki Region,Bridge,2-way,Sealed,,0,0,,100,,Null,1,0,,33,New Plymouth District,Stop,,,,,1,0,Open,0,,,Light rain,Null
1755293,5929649,12810,,508420,0,,0,3,,South,2009/2010,SH 1N,SUNNYNOOK OBR,,Non-Injury Crash,Yes,2009,,North,,0,,Flat,,,,,,Overcast,183800,0,0,0,3,,,0,,,,,,Auckland Region,Nil,1-way,Sealed,,0,0,,100,,Off,0,0,,76,Auckland,Nil,,,,,0,0,Open,0,,,Light rain,Null
1765483,5905520,12811,,522400,0,,0,2,,Null,2009/2010,LANDSCAPE ROAD,FAIRVIEW ROAD,,Non-Injury Crash,No,2009,,North,,0,,Flat,,,,,,Bright sun,672700,0,0,0,2,,,0,,,,,,Auckland Region,Nil,2-way,Sealed,,0,0,,50,,Off,0,0,,76,Auckland,Give way,,,,,0,0,Urban,0,,,Fine,Null
1563671,5182025,12812,,589601,0,0,0,1,0,East,2008/2009,APSLEY DRIVE,ABINGDON COURT,,Minor Crash,No,2009,0,West,0,0,0,Flat,0,,0,,0,Dark,2529807,1,0,0,2,0,0,0,0,1,,0,0,Canterbury Region,Nil,2-way,Sealed,0,0,0,0,50,0,On,1,0,,60,Christchurch City,Unknown,0,0,0,0,0,0,Urban,0,0,0,Fine,Frost
1772223,5915028,12813,,521602,0,0,0,1,0,South,2009/2010,MOORE ST,PICTON ST,,Non-Injury Crash,No,2009,0,North,0,0,0,Flat,0,,0,,0,Dark,649900,0,0,0,2,0,0,0,0,0,,0,0,Auckland Region,Nil,2-way,Sealed,0,0,0,0,50,0,On,1,0,,76,Auckland,Nil,0,0,0,0,0,0,Urban,0,1,0,Fine,Null
1791966,5780908,12814,,531301,0,0,0,1,0,North,2008/2009,SH 31,KAWA ROAD,,Non-Injury Crash,Yes,2009,0,South,0,0,0,Flat,0,,0,,0,Dark,994900,0,0,0,2,0,0,0,0,0,,0,1,Waikato Region,Nil,2-way,Sealed,0,0,0,0,100,0,None,0,0,,18,Ōtorohanga District,Unknown,0,0,0,0,0,0,Open,0,0,0,Fine,Null
1746660,5912756,12815,,511002,0,0,0,2,0,West,2008/2009,GLENGARRY ROAD,GLENDALE ROAD,,Non-Injury Crash,No,2009,0,West,0,0,0,Flat,0,Christmas New Year,0,,0,Dark,284305,0,0,0,2,0,0,0,0,1,,0,0,Auckland Region,Nil,2-way,Sealed,0,0,0,0,50,0,On,0,0,,76,Auckland,Nil,0,0,0,0,0,0,Urban,0,0,0,Light rain,Null
1769031,5914800,12816,,522730,0,,0,1,,North,2008/2009,PRINCE REGENT DRIVE,FORTUNES ROAD,,Non-Injury Crash,No,2009,,South,,0,,Flat,,,,,,Dark,679811,0,0,0,2,,,0,,,,,,Auckland Region,Nil,2-way,Sealed,,0,0,,50,,On,0,0,,76,Auckland,Give way,,,,,1,0,Urban,0,,,Null,Null
1896064,5795338,12817,,536654,0,0,0,1,0,South,2008/2009,SH 33,ALLPORT ROAD,,Non-Injury Crash,Yes,2009,0,North,1,0,0,Hill Road,0,,0,,0,Bright sun,1212400,0,0,0,2,0,0,0,0,0,,0,0,Bay of Plenty Region,Nil,2-way,Sealed,0,0,0,0,100,0,Null,0,0,,22,Western Bay of Plenty District,Unknown,0,0,0,0,0,0,Open,0,0,0,Fine,Null
1485605,5377190,12818,,584410,0,,0,1,,North,2009/2010,SNODGRASS ROAD,SH 67,,Minor Crash,No,2009,,South,,0,,Flat,,,,,,Dark,2387601,1,0,0,2,,,0,,,,,,West Coast Region,Nil,2-way,Sealed,,0,0,,100,,None,0,0,,55,Buller District,Unknown,,,,,0,0,Open,0,,,Light rain,Null
1759982,5436684,12819,,569100,0,,0,2,,Null,2009/2010,RUTHERFORD ST,MELLING LINK,,Non-Injury Crash,No,2009,,East,,0,,Flat,,,,,,Overcast,1967100,0,0,0,4,,,0,,,,,,Wellington Region,Nil,2-way,Sealed,,0,0,,50,,Null,0,0,,46,Lower Hutt City,Give way,,,,,0,0,Urban,0,,,Fine,Null
1395295,4914391,12820,,602412,0,0,0,2,0,Null,2008/2009,SH 1S,MOSGIEL OFF SBD,,Non-Injury Crash,Yes,2009,0,West,0,0,0,Flat,0,,0,,0,Dark,2977702,0,0,0,3,0,0,0,0,0,,0,0,Otago Region,Nil,1-way,Sealed,0,0,0,0,100,0,On,0,0,,71,Dunedin City,Give way,1,0,0,0,0,0,Open,0,0,0,Fine,Null
1747629,5919496,12821,,512300,0,0,0,2,0,East,2008/2009,SH 16,TE ATATU OBR,,Non-Injury Crash,Yes,2009,0,East,0,0,0,Flat,1,,0,,0,Bright sun,252000,0,0,0,3,0,0,0,0,0,,0,0,Auckland Region,Nil,1-way,Sealed,0,0,0,0,100,0,Null,0,0,,76,Auckland,Unknown,0,0,0,0,0,0,Open,0,0,0,Fine,Null
1762228,5913570,12822,,520500,0,,0,2,,South,2008/2009,SH 1N,PENROSE OBR,,Non-Injury Crash,Yes,2009,,North,,0,,Flat,,,,,,Overcast,637100,0,0,0,3,,,0,,,,,,Auckland Region,Nil,1-way,Sealed,,0,0,,100,,Null,0,0,,76,Auckland,Unknown,,,,,1,0,Open,0,,,Fine,Null
1848199,5854522,12823,,534200,0,0,0,1,0,South,2009/2010,PUKEKAURI ROAD,MCKINNEY ROAD,,Non-Injury Crash,No,2009,0,East,0,0,1,Flat,0,,0,,0,Overcast,1084000,0,0,0,2,0,1,0,0,0,,0,0,Waikato Region,Nil,2-way,Sealed,0,0,0,0,100,0,None,0,0,,12,Hauraki District,Nil,0,0,0,0,0,0,Open,0,0,0,Fine,Null
1747156,5918113,12824,,512500,0,0,0,2,0,East,2008/2009,ROBERTS ROAD,POTO ST,,Non-Injury Crash,No,2009,0,North,0,0,0,Flat,0,,0,,0,Bright sun,258001,0,0,0,2,0,0,0,0,1,,0,0,Auckland Region,Nil,2-way,Sealed,0,0,0,0,50,0,Null,0,0,,76,Auckland,Nil,0,0,0,0,0,0,Urban,0,0,0,Fine,Null
1762676,5912577,12825,,520500,0,,0,1,,Null,2008/2009,GREAT SOUTH ROAD,CHURCH ST,,Non-Injury Crash,No,2009,,North,,0,,Flat,,,,,,Overcast,637300,0,0,0,2,,,0,,,,,,Auckland Region,Nil,2-way,Sealed,,0,0,,50,,Off,0,0,,76,Auckland,Give way,,,,,0,0,Urban,1,,,Fine,Null
1785205,5879236,12826,,521135,0,0,0,1,0,East,2009/2010,SH 2,PENDERGRAST ROAD,,Non-Injury Crash,Yes,2009,0,East,1,0,0,Flat,0,,0,,0,Dark,841801,0,0,0,2,0,0,0,0,0,,0,0,Waikato Region,Nil,2-way,Sealed,0,0,0,0,100,0,None,0,0,,13,Waikato District,Nil,0,0,0,0,0,0,Open,0,0,0,Heavy rain,Null
1800187,5816597,12827,,529700,0,,0,2,,North,2009/2010,VICTORIA ST,DILLICAR ST,,Non-Injury Crash,No,2009,,South,,0,,Hill Road,,,,,,Overcast,908700,0,0,0,2,,,0,,,,,,Waikato Region,Nil,2-way,Sealed,,0,0,,50,,Null,0,0,,16,Hamilton City,Unknown,,,,,0,0,Urban,0,,,Fine,Null