X,Y,OBJECTID,advisorySpeed,areaUnitID,bicycle,bridge,bus,carStationWagon,cliffBank,crashDirectionDescription,crashFinancialYear,crashLocation1,crashLocation2,crashRoadSideRoad,crashSeverity,crashSHDescription,crashYear,debris,directionRoleDescription,ditch,fatalCount,fence,flatHill,guardRail,holiday,houseOrBuilding,intersection,kerb,light,meshblockId,minorInjuryCount,moped,motorcycle,NumberOfLanes,objectThrownOrDropped,otherObject,otherVehicleType,overBank,parkedVehicle,pedestrian,phoneBoxEtc,postOrPole,region,roadCharacter,roadLane,roadSurface,roadworks,schoolBus,seriousInjuryCount,slipOrFlood,speedLimit,strayAnimal,streetLight,suv,taxi,temporarySpeedLimit,tlaId,tlaName,trafficControl,trafficIsland,trafficSign,train,tree,truck,unknownVehicleType,urban,vanOrUtility,vehicle,waterRiver,weatherA,weatherB
1928843,5603764,12828,,548300,0,0,0,2,0,South,2009/2010,REKA ST,MURDOCH ROAD EAST,,Non-Injury Crash,No,2009,0,North,0,0,0,Flat,0,,0,,0,Dark,1469400,0,0,0,2,0,0,0,0,1,,0,0,Hawke's Bay Region,Nil,2-way,Sealed,0,0,0,0,50,0,On,0,0,,30,Hastings District,Nil,0,0,0,1,0,0,Urban,0,0,0,Fine,Null
1937051,5621185,12829,,546901,0,0,0,2,0,South,2009/2010,MARINE PARADE,FAULKNOR LANE,,Non-Injury Crash,No,2009,0,South,0,0,0,Flat,0,,0,,0,Bright sun,1431800,0,0,0,1,0,0,0,0,1,,0,0,Hawke's Bay Region,Nil,2-way,Sealed,0,0,0,0,50,0,Null,0,0,,31,Napier City,Nil,0,0,0,0,0,0,Urban,0,0,0,Fine,Null
1874903,5808409,12830,,536630,0,0,0,1,0,North,2008/2009,SH 36,WILLIAMS ROAD,,Non-Injury Crash,Yes,2009,0,North,1,0,0,Hill Road,0,,0,,0,Bright sun,1192500,0,0,0,2,0,1,0,0,0,,0,0,Bay of Plenty Region,Nil,2-way,Sealed,0,0,0,0,100,0,Null,0,0,,22,Western Bay of Plenty District,Unknown,0,0,0,0,0,0,Open,0,0,0,Fine,Null
1719269,6045393,12831,,503100,0,,0,1,,South,2009/2010,TAREWA ROAD,WALTON ST,,Non-Injury Crash,No,2009,,South,,0,,Flat,,,,,,Overcast,100400,0,0,0,2,,,0,,,,,,Northland Region,Nil,2-way,Sealed,,0,0,,50,,Off,0,0,,2,Whangarei District,Nil,,,,,0,0,Urban,1,,,Fine,Null
1763959,5909934,12832,,521901,0,0,0,1,0,West,2009/2010,STATION ROAD,GREAT SOUTH ROAD,,Non-Injury Crash,No,2009,0,South,0,0,0,Flat,0,,0,,0,Bright sun,784200,0,0,0,2,0,0,0,0,1,,0,0,Auckland Region,Nil,2-way,Sealed,0,0,0,0,50,0,Off,0,0,,76,Auckland,Nil,0,0,0,0,0,0,Urban,1,0,0,Fine,Null
1753387,5929804,12833,,508411,0,,0,2,,Null,2009/2010,ALBANY HIGHWAY,SUNSET ROAD,,Non-Injury Crash,No,2009,,South,,0,,Hill Road,,,,,,Dark,183903,0,0,0,6,,,0,,,,,,Auckland Region,Nil,2-way,Sealed,,0,0,,50,,On,0,0,,76,Auckland,Traffic Signals,,,,,0,0,Urban,0,,,Fine,Null
1394493,4912687,12834,,602500,0,,0,1,,West,2009/2010,SADDLE HILL ROAD,MCMASTER ROAD,,Serious Crash,No,2009,,East,,0,,Hill Road,,,,,,Bright sun,2977505,3,0,0,2,,,0,,,,,,Otago Region,Nil,2-way,Sealed,,0,1,,80,,Null,1,0,,71,Dunedin City,Unknown,,,,,0,0,Open,0,,,Fine,Null
1756148,5944155,12835,,505909,0,,0,1,,South,2009/2010,MAIN ST,WHANGAPARAOA ROAD W,,Non-Injury Crash,No,2009,,South,,0,,Flat,,,,,,Overcast,174013,0,0,0,2,,,0,,,,,,Auckland Region,Nil,2-way,Sealed,,0,0,,50,,Null,1,0,,76,Auckland,Unknown,,,,,0,0,Urban,0,,,Light rain,Null
1798170,5594664,12836,,558300,0,0,0,1,0,North,2009/2010,SH 4,OTAMOA ROAD,,Non-Injury Crash,Yes,2009,0,North,1,0,0,Hill Road,0,,0,,0,Bright sun,1683700,0,0,0,2,0,0,0,0,0,,0,0,Manawatū-Whanganui Region,Nil,2-way,Sealed,0,0,0,0,100,0,Null,0,0,,37,Whanganui District,Nil,0,0,0,0,0,0,Open,0,0,0,Fine,Null
1837399,5846022,12837,65,534603,0,,0,1,,Null,2009/2010,SH 26,STATION ROAD,,Non-Injury Crash,Yes,2009,,North,,0,,Flat,,Christmas New Year,,,,Bright sun,1077100,0,0,1,2,,,0,,,,,,Waikato Region,Nil,2-way,Sealed,,0,0,,100,,Null,0,0,,15,Matamata-Piako District,Stop,,,,,0,0,Open,0,,,Fine,Null
1693664,5673799,12838,,552500,0,0,0,1,0,Null,2009/2010,CARRINGTON ST,DRAKE ST,,Non-Injury Crash,No,2009,0,South,0,0,0,Flat,0,,0,,0,Overcast,1568500,0,0,0,2,0,0,0,0,1,,0,0,Taranaki Region,Nil,2-way,Sealed,0,0,0,0,50,0,Null,0,0,,33,New Plymouth District,Stop,0,0,0,0,0,0,Urban,1,0,0,Fine,Null
1770925,5901676,12839,,523813,0,,0,2,,Null,2008/2009,RANFURLY ROAD,ALFRISTON ROAD,,Non-Injury Crash,No,2009,,West,,0,,Flat,,,,,,Dark,759600,0,0,0,2,,,0,,,,,,Auckland Region,Nil,2-way,Sealed,,0,0,,70,,On,0,0,,76,Auckland,Give way,,,,,0,0,Urban,1,,,Fine,Null
1755962,5926779,12840,,508620,0,,0,1,,Null,2008/2009,NORTHCOTE ROAD,AKORANGA DRIVE,,Non-Injury Crash,No,2009,,West,,0,,Flat,,,,,,Overcast,204702,0,0,0,4,,,0,,,,,,Auckland Region,Nil,2-way,Sealed,,0,0,,50,,Null,1,0,,76,Auckland,Give way,,,,,0,0,Urban,0,,,Fine,Null
1755717,5917946,12841,,517500,0,,0,1,,Null,2009/2010,NEW NORTH ROAD,BOND ST,,Non-Injury Crash,No,2009,,East,,0,,Flat,,,,,,Bright sun,531300,0,0,0,3,,,0,,,,,,Auckland Region,Nil,2-way,Sealed,,0,0,,50,,Off,1,0,,76,Auckland,Traffic Signals,,,,,0,0,Urban,0,,,Fine,Null
1874965,5811580,12842,,536630,0,,0,1,,South,2008/2009,SH 36,JOYCE ROAD,,Non-Injury Crash,Yes,2009,,South,,0,,Hill Road,,,,,,Overcast,1192900,0,0,0,2,,,0,,,,,,Bay of Plenty Region,Nil,2-way,Sealed,,0,0,,100,,Off,1,0,,22,Western Bay of Plenty District,Nil,,,,,0,0,Open,0,,,Fine,Null
1828146,5881652,12843,,533603,0,,0,0,,Null,2009/2010,SH 25,KOPU ROAD,,Non-Injury Crash,Yes,2009,,North,,0,,Flat,,,,,,Dark,1057302,0,0,0,2,,,0,,,,,,Waikato Region,Nil,2-way,Sealed,,0,0,,70,,On,1,0,,11,Thames-Coromandel District,Give way,,,,,0,0,Urban,1,,,Light rain,Null
1749706,5423723,12844,,576100,0,,0,2,,Null,2008/2009,SUTHERLAND ROAD,HORNSEY ROAD,,Non-Injury Crash,No,2009,,North,,0,,Hill Road,,,,,,Overcast,2196400,0,0,0,2,,,0,,,,,,Wellington Region,Nil,2-way,Sealed,,0,0,,50,,Null,0,0,,47,Wellington City,Stop,,,,,0,0,Urban,0,,,Light rain,Null
1766616,5467170,12845,,566102,0,0,0,2,0,South,2009/2010,RENOWN ROAD,MENIN ROAD,,Non-Injury Crash,No,2009,0,North,0,0,0,Hill Road,0,,0,,0,Bright sun,2006000,0,0,0,2,0,0,0,0,1,,0,0,Wellington Region,Nil,2-way,Sealed,0,0,0,0,50,0,Null,0,0,,43,Kapiti Coast District,Nil,0,0,0,0,0,0,Urban,0,0,0,Fine,Null
1936651,5619708,12846,,546902,0,,0,2,,Null,2009/2010,NELSON CRESCENT,VIGOR BROWN ST,,Non-Injury Crash,No,2009,,East,,0,,Flat,,,,,,Bright sun,1432700,0,0,0,2,,,0,,,,,,Hawke's Bay Region,Nil,2-way,Sealed,,0,0,,50,,Null,0,0,,31,Napier City,Give way,,,,,0,0,Urban,0,,,Fine,Null
1749409,5428994,12847,,572900,0,,0,2,,Null,2008/2009,WATERLOO QUAY,HINEMOA ST,,Non-Injury Crash,No,2009,,North,,0,,Flat,,,,,,Bright sun,2118400,0,0,0,4,,,0,,,,,,Wellington Region,Nil,2-way,Sealed,,0,0,,50,,Null,0,0,,47,Wellington City,Traffic Signals,,,,,0,0,Urban,0,,,Fine,Null
1753411,5933213,12848,,508804,0,,0,2,,Null,2008/2009,GREVILLE ROAD,GREVILLE ON SBD,,Non-Injury Crash,No,2009,,West,,0,,Flat,,,,,,Bright sun,180701,0,0,0,2,,,0,,,,,,Auckland Region,Nil,1-way,Sealed,,0,0,,60,,Null,0,0,,76,Auckland,Give way,,,,,0,0,Urban,0,,,Fine,Null
1765420,5440915,12849,,568201,0,0,0,2,0,South,2008/2009,HIGH ST,EASTERN HUTT ROAD,,Non-Injury Crash,No,2009,0,South,0,0,0,Flat,0,,0,,0,Bright sun,1935000,0,0,0,2,0,0,0,0,1,,0,0,Wellington Region,Nil,2-way,Sealed,0,0,0,0,50,0,Null,0,0,,46,Lower Hutt City,Nil,0,0,0,0,0,0,Urban,0,0,0,Fine,Null
1822027,5801521,12850,,535241,0,,0,2,,West,2008/2009,SH 1N,HICKEY ROAD,,Non-Injury Crash,Yes,2009,,South,,0,,Flat,,,,,,Bright sun,1122700,0,0,0,3,,,0,,,,,,Waikato Region,Nil,2-way,Sealed,,0,0,,100,,Null,0,0,,17,Waipa District,Unknown,,,,,0,0,Open,0,,,Fine,Null
1747725,5913483,12851,,511100,0,0,0,1,1,Null,2009/2010,WEST COAST ROAD,PLEASANT ROAD,,Non-Injury Crash,No,2009,0,East,0,0,0,Flat,0,,0,,0,Twilight,286100,0,0,0,3,0,0,0,0,0,,0,0,Auckland Region,Nil,2-way,Sealed,0,0,0,0,50,0,On,0,0,,76,Auckland,Nil,0,0,0,0,0,0,Urban,0,0,0,Fine,Null
1557532,5177478,12852,,587822,0,,0,2,,Null,2009/2010,SH 1S,KIRK ROAD,,Non-Injury Crash,Yes,2009,,South,,0,,Flat,,,,,,Dark,2496600,0,0,0,1,,,0,,,,,,Canterbury Region,Nil,2-way,Sealed,,0,0,,70,,On,0,0,,60,Christchurch City,Stop,,,,,0,0,Urban,0,,,Fine,Null
1748117,5427864,12853,,575300,0,0,0,2,0,South,2009/2010,KELBURN PARADE,SALAMANCA ROAD,,Non-Injury Crash,No,2009,0,South,0,0,0,Flat,0,,0,,0,Bright sun,2155300,0,0,0,2,0,0,0,0,1,,0,0,Wellington Region,Nil,2-way,Sealed,0,0,0,0,50,0,Null,0,0,,47,Wellington City,Nil,0,0,0,0,0,0,Urban,0,0,0,Fine,Null
1570267,5174726,12854,,591102,0,,0,2,,North,2009/2010,DYERS PASS ROAD,PENTRE TERRACE,,Non-Injury Crash,No,2009,,North,,0,,Hill Road,,,,,,Bright sun,2552000,0,0,0,2,,,0,,,,,,Canterbury Region,Nil,2-way,Sealed,,0,0,,70,,Null,1,0,,60,Christchurch City,Unknown,,,,,0,0,Urban,0,,,Fine,Frost
1766650,5912746,12855,,522920,0,,0,2,,East,2009/2010,DOLPHIN ST,TIRAUMEA DRIVE,,Non-Injury Crash,No,2009,,East,,0,,Flat,,,,,,Overcast,684800,0,0,0,2,,,0,,,,,,Auckland Region,Nil,2-way,Sealed,,0,0,,50,,Off,0,0,,76,Auckland,Nil,,,,,0,0,Urban,0,,,Light rain,Null
1766937,5907334,12856,,523602,0,,0,1,,South,2009/2010,BAIRDS ROAD,CLAYTON AVENUE,,Non-Injury Crash,No,2009,,South,,0,,Flat,,,,,,Dark,709400,0,0,0,1,,,0,,,,,,Auckland Region,Nil,2-way,Sealed,,0,0,,50,,On,1,0,,76,Auckland,Nil,,,,,0,0,Urban,0,,,Light rain,Null
1630441,5440394,12857,,581713,0,0,0,1,0,East,2009/2010,ATHOL ST,GLEN ROAD,,Non-Injury Crash,No,2009,0,North,0,0,0,Flat,0,,0,,0,Overcast,2360100,0,0,0,2,0,0,0,0,1,,0,0,Nelson Region,Nil,2-way,Sealed,0,0,0,0,50,0,Null,1,0,,52,Nelson City,Nil,0,0,0,0,0,0,Urban,0,0,0,Fine,Null
1763299,5920280,12858,,516500,0,,0,2,,Null,2008/2009,PATTESON AVENUE,RONAKI ROAD,,Non-Injury Crash,No,2009,,North,,0,,Flat,,,,,,Bright sun,500700,0,0,0,2,,,0,,,,,,Auckland Region,Nil,2-way,Sealed,,0,0,,50,,Null,0,0,,76,Auckland,Give way,,,,,0,0,Urban,0,,,Fine,Null
1754497,5920733,12859,,515201,0,,0,0,,Null,2009/2010,JERVOIS ROAD,SALISBURY ST,,Non-Injury Crash,No,2009,,West,,0,,Flat,,,,,,Dark,422500,0,0,0,2,,,0,,,,,,Auckland Region,Nil,2-way,Sealed,,0,0,,50,,On,1,0,,76,Auckland,Give way,,,,,1,0,Urban,0,,,Fine,Null
1729141,6001428,12860,,505010,0,0,0,1,0,South,2009/2010,SH 1N,BALDROCK ROAD,,Non-Injury Crash,Yes,2009,0,North,0,0,0,Flat,0,,0,,0,Dark,134800,0,0,0,1,0,1,0,0,0,,0,0,Northland Region,Nil,2-way,Sealed,0,0,0,0,100,0,None,0,0,50,3,Kaipara District,Nil,0,0,0,1,0,0,Open,0,0,0,Fine,Null
1693738,5676347,12861,,551800,0,,0,0,,West,2008/2009,SH 45 LEACH,ELIOT ST,,Non-Injury Crash,Yes,2009,,West,,0,,Flat,,,,,,Bright sun,1594300,0,0,0,2,,,0,,,,,,Taranaki Region,Nil,2-way,Sealed,,0,0,,50,,Null,1,0,,33,New Plymouth District,Nil,,,,,1,0,Urban,0,,,Fine,Null
1929564,5632976,12862,,545811,0,0,0,1,1,Null,2009/2010,SH 5,SHAW ROAD,,Non-Injury Crash,Yes,2009,0,East,1,0,1,Flat,0,Christmas New Year,0,,0,Bright sun,1414700,0,0,0,2,0,0,0,0,0,,0,0,Hawke's Bay Region,Nil,2-way,Sealed,0,0,0,0,100,0,Null,0,0,,30,Hastings District,Nil,0,0,0,0,0,0,Open,0,0,0,Fine,Null
1768011,5904290,12863,,524602,0,,0,1,,South,2008/2009,SH 1N,REDOUBT OBR,,Non-Injury Crash,Yes,2009,,North,,0,,Flat,,,,,,Bright sun,780501,0,0,0,4,,,0,,,,,,Auckland Region,Nil,1-way,Sealed,,0,0,,100,,Off,1,0,,76,Auckland,Nil,,,,,0,0,Open,0,,,Fine,Null
1732533,5977051,12864,45,506660,0,0,0,0,0,South,2008/2009,SH 16,INGLETON ROAD,,Non-Injury Crash,Yes,2009,0,North,1,0,0,Hill Road,0,,0,,0,Overcast,144600,0,0,0,2,0,0,0,0,0,,0,0,Auckland Region,Nil,2-way,Sealed,0,0,0,0,100,0,None,0,0,,76,Auckland,Nil,0,0,0,0,1,0,Open,0,0,0,Fine,Null
1923783,5607840,12865,,548611,0,,0,2,,North,2009/2010,BANGOR ST,OBAN ST,,Non-Injury Crash,No,2009,,South,,0,,Flat,,,,,,Overcast,1470315,0,0,0,2,,,0,,,,,,Hawke's Bay Region,Nil,2-way,Sealed,,0,0,,50,,Null,0,0,,30,Hastings District,Nil,,,,,0,0,Urban,0,,,Fine,Null
1823021,5829115,12866,,534902,0,,0,2,,East,2009/2010,THAMES ST,STUDHOLME ST,,Non-Injury Crash,No,2009,,West,,0,,Flat,,,,,,Bright sun,1089100,0,0,0,2,,,0,,,,,,Waikato Region,Nil,2-way,Sealed,,0,0,,50,,Null,0,0,,15,Matamata-Piako District,Give way,,,,,0,0,Urban,0,,,Fine,Null
1777299,5874789,12867,,521131,0,0,0,1,0,West,2009/2010,POKENO ROAD,MUNRO ROAD,,Non-Injury Crash,No,2009,0,East,0,0,1,Hill Road,0,,0,,0,Dark,828700,0,0,0,2,0,0,0,0,0,,0,0,Waikato Region,Nil,2-way,Sealed,0,0,0,0,100,0,None,0,0,,13,Waikato District,Nil,0,0,0,0,0,0,Open,0,0,0,Mist or Fog,Null
1801812,5815082,12868,,530200,0,,0,2,,North,2009/2010,GREY ST,BEALE ST,,Non-Injury Crash,No,2009,,North,,0,,Flat,,,,,,Bright sun,896800,0,0,0,2,,,0,,,,,,Waikato Region,Nil,2-way,Sealed,,0,0,,50,,Off,0,0,,16,Hamilton City,Nil,,,,,0,0,Urban,0,,,Null,Null
1622872,5430443,12869,,582402,0,,0,1,,South,2009/2010,ST VINCENT ST,PARERE ST,,Non-Injury Crash,No,2009,,North,,0,,Flat,,,,,,Bright sun,2327606,0,0,0,2,,,0,,,,,,Nelson Region,Nil,2-way,Sealed,,0,0,,50,,Null,0,0,,52,Nelson City,Nil,,,,,0,0,Urban,1,,,Fine,Null
1245797,4999236,12870,,609031,0,,0,0,,South,2008/2009,GLENORCHY-QUEENSTOWN ROAD,FISHERMANS LANE,,Non-Injury Crash,No,2009,,North,,0,,Flat,,,,,,Overcast,3039517,0,0,0,2,,,0,,,,,,Otago Region,Nil,2-way,Sealed,,0,0,,100,,Null,1,0,,70,Queenstown-Lakes District,Nil,,,,,0,0,Open,1,,,Light rain,Null
1766407,5905265,12871,,522400,0,,0,2,,North,2009/2010,CARRUTH ROAD,PUHINUI ROAD,,Non-Injury Crash,No,2009,,South,,0,,Flat,,,,,,Bright sun,672104,0,0,0,2,,,0,,,,,,Auckland Region,Nil,2-way,Sealed,,0,0,,50,,Off,0,0,,76,Auckland,Traffic Signals,,,,,0,0,Urban,0,,,Fine,Null
1826865,5884114,12872,,533502,0,,0,2,,Null,2009/2010,SH 25,MARAMARAHI ROAD,,Non-Injury Crash,Yes,2009,,South,,0,,Flat,,,,,,Bright sun,1055900,0,0,0,2,,,0,,,,,,Waikato Region,Nil,2-way,Sealed,,0,0,,70,,Null,0,0,,11,Thames-Coromandel District,Stop,,,,,0,0,Urban,0,,,Fine,Null
1771734,5912372,12873,,523106,0,,1,0,,Null,2009/2010,CHAPEL ROAD,WHITFORD ROAD,,Non-Injury Crash,No,2009,,North,,0,,Flat,,,,,,Bright sun,711158,0,0,0,2,,,0,,,,,,Auckland Region,Nil,2-way,Sealed,,0,0,,50,,Off,1,0,,76,Auckland,Give way,,,,,0,0,Urban,0,,,Fine,Null
1752602,5918041,12874,,515003,0,,0,3,,East,2009/2010,SH 16,CARRINGTON OBR,,Non-Injury Crash,Yes,2009,,West,,0,,Flat,,,,,,Bright sun,390702,0,0,0,3,,,0,,,,,,Auckland Region,Nil,1-way,Sealed,,0,0,,100,,Null,0,0,,76,Auckland,Unknown,,,,,0,0,Open,0,,,Fine,Null
1770150,5908405,12875,,523115,0,0,0,2,0,Null,2008/2009,BRONWYLIAN DRIVE,BAVERSTOCK ROAD,,Non-Injury Crash,No,2009,0,North,0,0,0,Flat,0,,0,,0,Dark,712112,0,0,0,2,0,0,0,0,0,,0,0,Auckland Region,Nil,2-way,Sealed,0,0,0,0,50,0,On,0,0,,76,Auckland,Nil,0,0,0,0,0,0,Urban,0,1,0,Fine,Null
1874387,5806434,12876,65,536630,0,0,0,0,0,South,2009/2010,SH 36,TAUMATA ROAD,,Non-Injury Crash,Yes,2009,0,North,0,0,1,Hill Road,0,,0,,0,Overcast,1192604,0,0,0,2,0,0,0,0,0,,0,0,Bay of Plenty Region,Nil,2-way,Sealed,0,0,0,0,100,0,None,1,0,,22,Western Bay of Plenty District,Unknown,0,0,0,0,0,0,Open,0,0,0,Light rain,Null
1751993,5424554,12877,,577200,0,0,0,1,0,West,2009/2010,MIRAMAR AVENUE,HOBART ST,,Non-Injury Crash,No,2009,0,West,0,0,0,Flat,0,,0,,0,Overcast,2207201,0,0,0,2,0,0,0,0,1,,0,0,Wellington Region,Nil,2-way,Sealed,0,0,0,0,50,0,Null,0,0,,47,Wellington City,Nil,0,0,0,0,0,0,Urban,1,0,0,Heavy rain,Null
1748249,5426911,12878,,573200,0,0,0,2,0,West,2008/2009,PALMER ST,WILLIS ST,,Non-Injury Crash,No,2009,0,West,0,0,0,Flat,0,,0,,0,Dark,2158000,0,0,0,2,0,0,0,0,1,,0,0,Wellington Region,Nil,2-way,Sealed,0,0,0,0,50,0,On,0,0,,47,Wellington City,Nil,0,0,0,0,0,0,Urban,0,0,0,Fine,Null
1770394,5912129,12879,,523106,0,,0,0,,Null,2008/2009,BOTANY ROAD,GOLFLAND DRIVE N,,Non-Injury Crash,No,2009,,South,,0,,Flat,,,,,,Overcast,711186,0,0,0,4,,,0,,,,,,Auckland Region,Nil,2-way,Sealed,,0,0,,80,,Off,2,0,,76,Auckland,Traffic Signals,,,,,0,0,Open,0,,,Fine,Null
1748830,5917491,12880,,514801,0,,0,0,,South,2008/2009,ROSEBANK ROAD,TIMOTHY PLACE,,Non-Injury Crash,No,2009,,South,,0,,Flat,,,,,,Bright sun,389400,0,0,0,2,,,0,,,,,,Auckland Region,Nil,2-way,Sealed,,0,0,,50,,Null,1,0,,76,Auckland,Nil,,,,,0,0,Urban,1,,,Fine,Null
1764020,5920344,12881,,516500,0,0,0,1,0,West,2009/2010,TAMAKI DRIVE,KOHIMARAMA ROAD,,Non-Injury Crash,No,2009,0,East,0,0,0,Flat,0,,0,,0,Bright sun,501102,0,0,1,2,0,0,0,0,1,,0,0,Auckland Region,Nil,2-way,Sealed,0,0,0,0,50,0,Off,0,0,,76,Auckland,Stop,0,0,0,0,0,0,Urban,0,0,0,Fine,Null
1764735,5913564,12882,,520602,0,0,0,1,0,East,2009/2010,WAIPUNA ROAD,PETERSON ROAD,,Non-Injury Crash,No,2009,0,West,0,0,1,Flat,0,,0,,0,Dark,629301,0,0,0,2,0,0,0,0,0,,0,0,Auckland Region,Nil,2-way,Sealed,0,0,0,0,50,0,On,0,0,,76,Auckland,Nil,0,0,0,0,0,0,Urban,0,0,0,Fine,Null
1755068,5913917,12883,,518803,0,0,0,1,0,North,2009/2010,DOMINION ROAD,COLEMAN AVENUE,,Non-Injury Crash,No,2009,0,South,0,0,0,Flat,0,,0,,0,Overcast,581200,0,0,0,2,0,0,0,0,0,,0,1,Auckland Region,Nil,2-way,Sealed,0,0,0,0,50,0,Off,0,0,,76,Auckland,Nil,0,0,0,0,0,0,Urban,0,0,0,Light rain,Null
1762491,5457605,12884,,565700,0,0,0,1,0,South,2009/2010,PAEKAKARIKI HILL ROAD,PAEKAKARIKI HILL SUM,,Non-Injury Crash,No,2009,0,South,0,0,1,Hill Road,0,,0,,0,Dark,2072300,0,0,0,2,0,0,0,0,0,,0,0,Wellington Region,Nil,2-way,Sealed,0,0,0,0,70,0,None,0,0,,44,Porirua City,Nil,0,0,0,1,0,0,Urban,0,0,0,Fine,Frost
1763363,5912777,12885,,520500,0,,0,2,,North,2009/2010,SH 1N,SEART OBR,,Non-Injury Crash,Yes,2009,,North,,0,,Flat,,,,,,Overcast,637300,0,0,0,3,,,0,,,,,,Auckland Region,Nil,1-way,Sealed,,0,0,,100,,Off,0,0,,76,Auckland,Nil,,,,,1,0,Open,0,,,Light rain,Null
1829925,5624478,12886,,554900,0,0,0,0,1,South,2008/2009,SH 1N,HASSETT DRIVE,,Non-Injury Crash,Yes,2009,0,South,0,0,0,Flat,0,,0,,0,Dark,1755600,0,0,0,2,0,0,0,0,0,,0,0,Manawatū-Whanganui Region,Nil,2-way,Sealed,0,0,0,0,100,0,None,0,0,,36,Ruapehu District,Nil,0,0,0,0,1,0,Open,0,0,0,Snow,Frost
1675969,6021792,12887,,504501,0,,0,2,,West,2008/2009,BAYLYS COAST ROAD,SH 12,,Non-Injury Crash,No,2009,,West,,0,,Flat,,Queens Birthday,,,,Bright sun,117600,0,0,0,2,,,0,,,,,,Northland Region,Nil,2-way,Sealed,,0,0,,50,,None,0,0,,3,Kaipara District,Nil,,,,,0,0,Urban,0,,,Fine,Null
1243704,4845939,12888,,611800,0,,0,1,,Null,2009/2010,ELLES ROAD,STIRRAT ST,,Minor Crash,No,2009,,South,,0,,Flat,,,,,,Dark,3152000,1,0,0,4,,,0,,,,,,Southland Region,Nil,2-way,Sealed,,0,0,,50,,On,1,0,,75,Invercargill City,Give way,,,,,0,0,Urban,0,,,Fine,Null
1757911,5434323,12889,,570000,0,,0,1,,Null,2008/2009,JACKSON ST,TORY ST,,Non-Injury Crash,No,2009,,West,,0,,Flat,,,,,,Bright sun,2027700,0,0,0,2,,,0,,,,,,Wellington Region,Nil,2-way,Sealed,,0,0,,50,,Null,0,0,,46,Lower Hutt City,Stop,,,,,0,0,Urban,1,,,Fine,Null
1745439,5917253,12890,,510800,0,,0,1,,Null,2008/2009,RAILSIDE AVENUE,GREAT NORTH ROAD,,Non-Injury Crash,No,2009,,North,,0,,Flat,,,,,,Bright sun,242700,0,0,0,4,,,0,,,,,,Auckland Region,Nil,2-way,Sealed,,0,0,,50,,Null,0,0,,76,Auckland,Traffic Signals,,,,,0,0,Urban,1,,,Fine,Null
1820408,5529634,12891,,562310,0,,0,3,,Null,2008/2009,FEATHERSTON ST,BRYANT ST,,Non-Injury Crash,No,2009,,West,,0,,Flat,,,,,,Overcast,1826200,0,0,0,2,,,0,,,,,,Manawatū-Whanganui Region,Nil,2-way,Sealed,,0,0,,50,,Null,0,0,,40,Palmerston North City,Give way,,,,,0,0,Urban,0,,,Heavy rain,Null
2037399,5708426,12892,,544600,0,0,0,0,0,Null,2008/2009,Z DWAY MACDONALDS,BRIGHT ST,,Non-Injury Crash,No,2009,0,North,0,0,0,Flat,0,,1,,0,Dark,1371000,0,0,0,1,0,0,0,0,0,,0,0,Gisborne Region,Nil,Off road,Sealed,0,0,0,0,50,0,On,1,0,,28,Gisborne District,Nil,0,0,0,0,0,0,Urban,0,0,0,Fine,Null
1749076,5427003,12893,,573101,0,0,0,2,0,Null,2008/2009,TORY ST,TENNYSON ST,,Non-Injury Crash,No,2009,0,North,0,0,0,Flat,0,,0,,0,Overcast,2136000,0,0,0,2,0,0,0,0,0,,0,0,Wellington Region,Nil,2-way,Sealed,0,0,0,0,50,0,Null,0,1,,47,Wellington City,Give way,0,0,0,0,0,0,Urban,0,1,0,Light rain,Null
1294756,5045223,12894,60,608800,0,0,0,1,0,East,2008/2009,AUBREY ROAD,ANDERSON ROAD,,Non-Injury Crash,No,2009,0,East,0,0,1,Flat,0,,0,,0,Bright sun,3036218,0,0,0,2,0,0,0,0,0,,1,0,Otago Region,Nil,2-way,Sealed,0,0,0,0,80,0,Null,0,0,,70,Queenstown-Lakes District,Unknown,0,0,0,0,0,0,Open,0,0,0,Fine,Frost
1750746,5915549,12895,,514802,0,,0,3,,West,2008/2009,ASH ST,ROSEBANK ROAD,,Non-Injury Crash,No,2009,,West,,0,,Flat,,,,,,Bright sun,387009,0,0,0,4,,,0,,,,,,Auckland Region,Nil,2-way,Sealed,,0,0,,50,,Null,0,0,,76,Auckland,Unknown,,,,,0,0,Urban,0,,,Fine,Null
1758333,5918283,12896,,517400,0,0,0,2,0,Null,2008/2009,KENT ST,YORK ST,,Non-Injury Crash,No,2009,0,East,0,0,0,Flat,0,,0,,0,Bright sun,451200,0,0,0,2,0,0,0,0,1,,0,0,Auckland Region,Nil,2-way,Sealed,0,0,0,0,50,0,Null,0,0,,76,Auckland,Nil,0,0,0,0,0,0,Urban,0,0,0,Fine,Null
1905239,5815972,12897,,535900,0,,0,1,,Null,2009/2010,RAUPOROA ROAD,WILLIAMS CRESCENT,,Non-Injury Crash,No,2009,,East,,0,,Hill Road,,,,,,Twilight,1208506,0,0,0,2,,,0,,,,,,Bay of Plenty Region,Nil,2-way,Sealed,,0,0,,50,,None,0,0,,22,Western Bay of Plenty District,Nil,,,,,0,0,Urban,1,,,Fine,Null