X,Y,OBJECTID,advisorySpeed,areaUnitID,bicycle,bridge,bus,carStationWagon,cliffBank,crashDirectionDescription,crashFinancialYear,crashLocation1,crashLocation2,crashRoadSideRoad,crashSeverity,crashSHDescription,crashYear,debris,directionRoleDescription,ditch,fatalCount,fence,flatHill,guardRail,holiday,houseOrBuilding,intersection,kerb,light,meshblockId,minorInjuryCount,moped,motorcycle,NumberOfLanes,objectThrownOrDropped,otherObject,otherVehicleType,overBank,parkedVehicle,pedestrian,phoneBoxEtc,postOrPole,region,roadCharacter,roadLane,roadSurface,roadworks,schoolBus,seriousInjuryCount,slipOrFlood,speedLimit,strayAnimal,streetLight,suv,taxi,temporarySpeedLimit,tlaId,tlaName,trafficControl,trafficIsland,trafficSign,train,tree,truck,unknownVehicleType,urban,vanOrUtility,vehicle,waterRiver,weatherA,weatherB
1718525,6051534,12898,,502102,0,0,0,1,0,Null,2008/2009,ALCOBA ST,EDEN TERRACE,,Non-Injury Crash,No,2009,0,North,0,0,0,Hill Road,0,,0,,0,Dark,83903,0,0,0,2,0,0,0,0,0,,0,1,Northland Region,Nil,2-way,Sealed,0,0,0,0,50,0,On,0,0,,2,Whangarei District,Nil,0,0,0,0,0,0,Urban,0,0,0,Fine,Null
1769889,5900519,12899,,524902,0,,0,2,,North,2009/2010,SH 1N,TAKANINI OFF NBD,,Non-Injury Crash,Yes,2009,,North,,0,,Flat,,,,,,Bright sun,759100,0,0,0,2,,,0,,,,,,Auckland Region,Nil,2-way,Sealed,,0,0,,100,,Off,0,0,,76,Auckland,Nil,,,,,0,0,Open,0,,,Fine,Null
1799838,5816219,12900,,529700,0,,0,1,,Null,2009/2010,WILLOUGHBY ST,ABBOTSFORD ST,,Non-Injury Crash,No,2009,,South,,0,,Flat,,,,,,Dark,909200,0,0,0,2,,,0,,,,,,Waikato Region,Nil,2-way,Sealed,,0,0,,50,,On,1,0,,16,Hamilton City,Stop,,,,,0,0,Urban,0,,,Light rain,Null
1806855,5449597,12901,,579900,0,,0,1,,South,2008/2009,SH 2,KURATAWHITI ST,,Non-Injury Crash,Yes,2009,,North,,0,,Flat,,,,,,Bright sun,2266900,0,0,0,2,,,0,,,,,,Wellington Region,Nil,2-way,Sealed,,0,0,,50,,Null,0,0,,50,South Wairarapa District,Nil,,,,,0,0,Urban,1,,,Fine,Null
1758287,5447736,12902,,572200,0,0,0,3,0,West,2008/2009,BOSUN TERRACE,LEEWARD DRIVE,,Non-Injury Crash,No,2009,0,East,0,0,0,Hill Road,0,,0,,0,Dark,2071202,0,0,0,2,0,0,0,0,1,,0,0,Wellington Region,Nil,2-way,Sealed,0,0,0,0,50,0,On,0,0,,44,Porirua City,Nil,0,0,0,0,0,0,Urban,0,0,0,Fine,Null
1617037,5424308,12903,,581723,0,,0,2,,Null,2009/2010,SALISBURY ROAD,LINK ROAD,,Non-Injury Crash,No,2009,,South,,0,,Flat,,,,,,Bright sun,2359407,0,0,0,2,,,0,,,,,,Nelson Region,Nil,2-way,Sealed,,0,0,,50,,Null,0,0,,52,Nelson City,Give way,,,,,0,0,Urban,0,,,Fine,Null
1804049,5789965,12904,,531004,0,,0,3,,Null,2009/2010,SH 3,BRADY ST,,Non-Injury Crash,Yes,2009,,North,,0,,Flat,,,,,,Bright sun,974300,0,0,0,2,,,0,,,,,,Waikato Region,Nil,2-way,Sealed,,0,0,,50,,Null,0,0,,17,Waipa District,Stop,,,,,0,0,Urban,0,,,Fine,Null
1786233,5446287,12905,,567902,0,0,0,1,0,South,2009/2010,SH 2,JIMS CORNER,,Non-Injury Crash,Yes,2009,0,East,0,0,1,Hill Road,0,,0,,0,Overcast,1916300,0,0,0,2,0,0,0,0,0,,0,0,Wellington Region,Nil,2-way,Sealed,0,0,0,0,100,0,Null,0,0,,45,Upper Hutt City,Nil,0,0,0,0,0,0,Open,0,0,0,Fine,Null
1680942,5414799,12906,,580448,0,0,0,1,0,North,2009/2010,SH 1S,BUSH ROAD,,Non-Injury Crash,Yes,2009,1,South,1,0,0,Flat,0,,0,,0,Bright sun,2278800,0,0,0,2,0,0,0,0,0,,0,0,Marlborough Region,Nil,2-way,Sealed,0,0,0,0,100,0,Null,0,0,,53,Marlborough District,Nil,0,0,0,0,0,0,Open,1,0,0,Fine,Null
1694533,6001863,12907,,505010,0,0,0,1,0,Null,2009/2010,SH 12,TE KOWHAI ROAD,,Non-Injury Crash,Yes,2009,0,North,0,0,0,Flat,1,,0,,0,Overcast,128000,0,0,0,2,0,0,0,0,0,,0,0,Northland Region,Nil,2-way,Sealed,0,0,0,0,100,0,None,0,0,,3,Kaipara District,Stop,0,1,0,0,0,0,Open,0,0,0,Fine,Null
1694857,5673728,12908,,551022,0,,0,2,,Null,2008/2009,JUNCTION ST,SH 3,,Non-Injury Crash,Yes,2009,,South,,0,,Flat,,Queens Birthday,,,,Dark,1557904,0,0,0,2,,,0,,,,,,Taranaki Region,Nil,2-way,Sealed,,0,0,,50,,None,0,0,,33,New Plymouth District,Stop,,,,,0,0,Urban,0,,,Light rain,Null
1748923,5425963,12909,,576500,0,,0,2,,North,2009/2010,ADELAIDE ROAD,BROOMHEDGE ST,,Non-Injury Crash,No,2009,,South,,0,,Flat,,,,,,Twilight,2148202,0,0,0,4,,,0,,,,,,Wellington Region,Nil,2-way,Sealed,,0,0,,50,,None,0,0,,47,Wellington City,Nil,,,,,0,0,Urban,0,,,Fine,Null
1789497,5828971,12910,,528200,0,0,0,1,0,South,2009/2010,GREAT SOUTH ROAD,NEWCASTLE ST,,Non-Injury Crash,No,2009,0,South,0,0,0,Flat,0,Christmas New Year,0,,0,Dark,857700,0,0,0,2,0,0,0,0,1,,0,0,Waikato Region,Nil,2-way,Sealed,0,0,0,0,50,0,On,0,0,,13,Waikato District,Give way,0,0,0,0,1,0,Urban,0,0,0,Light rain,Null
1751738,5432789,12911,,574303,0,,0,0,,South,2008/2009,SH 1N,TYERS ROAD,,Non-Injury Crash,Yes,2009,,North,,0,,Hill Road,,,,,,Bright sun,2088705,0,0,0,3,,,0,,,,,,Wellington Region,Nil,1-way,Sealed,,0,0,,80,,Null,0,0,,47,Wellington City,Nil,,,,,0,0,Open,2,,,Fine,Null
1822234,5529412,12912,,562800,0,,0,1,,South,2008/2009,PRINCESS ST,DAHLIA ST,,Non-Injury Crash,No,2009,,South,,0,,Flat,,,,,,Overcast,1829900,0,0,0,4,,,0,,,,,,Manawatū-Whanganui Region,Nil,2-way,Sealed,,0,0,,50,,Null,0,0,,40,Palmerston North City,Nil,,,,,0,0,Urban,1,,,Fine,Null
1879554,5824491,12913,,538201,0,0,0,2,0,Null,2009/2010,THE STRAND,DEVONPORT ROAD,,Non-Injury Crash,No,2009,0,South,0,0,0,Flat,0,,0,,0,Dark,1164300,0,0,0,2,0,0,0,0,0,,0,0,Bay of Plenty Region,Nil,2-way,Sealed,0,0,0,0,50,0,On,0,0,,23,Tauranga City,Give way,0,1,0,0,0,0,Urban,0,0,0,Light rain,Null
1757721,5919762,12914,,514301,0,,0,2,,Null,2009/2010,WELLESLEY ST BRIDGE,WELLESLEY OFF NBD,,Non-Injury Crash,No,2009,,West,,0,,Hill Road,,,,,,Overcast,440400,0,0,0,2,,,0,,,,,,Auckland Region,Nil,2-way,Sealed,,0,0,,50,,Off,0,0,,76,Auckland,Traffic Signals,,,,,0,0,Urban,0,,,Fine,Null
1719452,6033325,12915,,501811,0,0,0,0,0,West,2009/2010,SH 1N,SPRINGFIELD ROAD,,Non-Injury Crash,Yes,2009,0,East,0,0,0,Flat,1,,0,,0,Dark,77600,0,0,0,2,0,0,0,0,0,,0,0,Northland Region,Nil,2-way,Unsealed,1,0,0,0,80,0,Off,1,0,30,2,Whangarei District,Nil,0,0,0,0,0,0,Open,0,0,0,Fine,Null
1266134,5003777,12916,,609035,0,0,0,0,0,East,2009/2010,REMARKABLES SKI FIELD ACC,SH 6,,Non-Injury Crash,No,2009,0,West,0,0,0,Hill Road,0,,0,,0,Twilight,3040101,0,0,0,1,0,0,0,1,0,,0,0,Otago Region,Nil,2-way,Unsealed,0,0,0,0,100,0,None,0,0,,70,Queenstown-Lakes District,Unknown,0,0,0,0,0,0,Open,1,0,0,Fine,Null
1768189,5902430,12917,,524602,0,,0,2,,Null,2009/2010,BROWNS ROAD,GREAT SOUTH ROAD,,Non-Injury Crash,No,2009,,East,,0,,Flat,,,,,,Twilight,780700,0,0,0,5,,,0,,,,,,Auckland Region,Nil,2-way,Sealed,,0,0,,50,,Off,0,0,,76,Auckland,Traffic Signals,,,,,0,0,Urban,0,,,Fine,Null
1745229,5919089,12918,,513302,0,,1,1,,South,2009/2010,LINCOLN ROAD,TE PAI PLACE,,Non-Injury Crash,No,2009,,South,,0,,Flat,,,,,,Twilight,230701,0,0,0,4,,,0,,,,,,Auckland Region,Nil,2-way,Sealed,,0,0,,50,,On,0,0,,76,Auckland,Nil,,,,,0,0,Urban,0,,,Fine,Null
1748535,5430677,12919,,574600,0,0,0,1,1,South,2008/2009,WADESTOWN ROAD,LESLIE ST,,Non-Injury Crash,No,2009,0,East,0,0,0,Hill Road,0,,0,,0,Dark,2100500,0,0,0,2,0,0,0,0,0,,0,0,Wellington Region,Nil,2-way,Sealed,0,0,0,0,50,0,On,0,0,,47,Wellington City,Nil,0,0,0,0,0,0,Urban,0,0,0,Fine,Null
1298735,5000833,12920,,608302,0,,0,1,,North,2008/2009,CAIRNMUIR ROAD,BANNOCKBURN ROAD,,Non-Injury Crash,No,2009,,North,,0,,Hill Road,,,,,,Bright sun,3032001,0,0,0,2,,,0,,,,,,Otago Region,Nil,2-way,Sealed,,0,0,,100,,Null,0,0,,69,Central Otago District,Unknown,,,,,0,0,Open,1,,,Fine,Null
1246235,4853357,12921,,609912,0,0,0,1,0,East,2008/2009,BAINFIELD ROAD,SAVILLE ROW,,Non-Injury Crash,No,2009,0,West,0,0,1,Flat,0,Easter,0,,0,Dark,3091801,0,0,0,2,0,0,0,0,0,,0,0,Southland Region,Nil,2-way,Sealed,0,0,0,0,100,0,None,0,0,,75,Invercargill City,Unknown,0,0,0,0,0,0,Open,0,0,0,Fine,Null
1864566,5545415,12922,,550102,0,,0,2,,Null,2008/2009,COLE ST,THYRA ST,,Non-Injury Crash,No,2009,,West,,0,,Flat,,,,,,Overcast,1531700,0,0,0,2,,,0,,,,,,Manawatū-Whanganui Region,Nil,2-way,Sealed,,0,0,,50,,Null,0,0,,41,Tararua District,Nil,,,,,0,0,Urban,0,,,Fine,Null
1936163,5621253,12923,,546901,0,0,0,0,0,East,2008/2009,CARLYLE ST,OWEN ST,,Non-Injury Crash,No,2009,0,West,0,0,0,Flat,0,,0,,1,Twilight,1429500,0,1,0,2,0,0,0,0,0,,0,0,Hawke's Bay Region,Nil,2-way,Sealed,0,0,0,0,50,0,Off,0,0,,31,Napier City,Nil,0,0,0,0,0,0,Urban,0,0,0,Fine,Null
1758011,5914933,12924,,519300,0,,0,2,,Null,2009/2010,MANUKAU ROAD,GOLF ROAD,,Non-Injury Crash,No,2009,,South,,0,,Flat,,,,,,Bright sun,623800,0,0,0,2,,,0,,,,,,Auckland Region,Nil,2-way,Sealed,,0,0,,50,,Null,0,0,,76,Auckland,Give way,,,,,0,0,Urban,0,,,Fine,Null
1679742,5404880,12925,,581220,0,,0,0,,Null,2008/2009,HUTCHESON ST,BUDGE ST,,Non-Injury Crash,No,2009,,South,,0,,Flat,,,,,,Bright sun,2294400,0,0,0,2,,,0,,,,,,Marlborough Region,Nil,2-way,Sealed,,0,0,,50,,Null,0,0,,53,Marlborough District,Nil,,,,,0,0,Urban,2,,,Fine,Null
1760370,5436744,12926,,569100,0,0,0,1,0,Null,2008/2009,HIGH ST,MELLING ROAD,,Non-Injury Crash,No,2009,0,West,0,0,0,Flat,0,,0,,0,Overcast,1968700,0,0,0,2,0,0,0,0,0,,0,0,Wellington Region,Nil,2-way,Sealed,0,0,0,0,50,0,Null,0,0,,46,Lower Hutt City,Give way,1,0,0,0,0,0,Urban,0,0,0,Light rain,Null
1804303,5805273,12927,,527915,0,,0,1,,Null,2009/2010,SH 3,SH 21,,Non-Injury Crash,Yes,2009,,South,,0,,Flat,,,,,,Overcast,984900,0,0,0,2,,,0,,,,,,Waikato Region,Nil,2-way,Sealed,,0,0,,100,,Null,0,0,,17,Waipa District,Give way,,,,,0,0,Open,1,,,Fine,Null
1869578,5712986,12928,,541730,0,,0,1,,Null,2009/2010,CROWN ROAD,TAHAREPA ROAD,,Non-Injury Crash,No,2009,,North,,0,,Flat,,,,,,Overcast,1269702,0,0,0,2,,,0,,,,,,Waikato Region,Nil,2-way,Sealed,,0,0,,50,,Off,0,0,,21,Taupo District,Give way,,,,,1,0,Urban,0,,,Light rain,Null
1698672,6095561,12929,,501100,0,,0,2,,Null,2009/2010,SH 11,DAVIS CRESCENT W,,Non-Injury Crash,Yes,2009,,West,,0,,Flat,,Christmas New Year,,,,Twilight,54000,0,0,0,2,,,0,,,,,,Northland Region,Nil,2-way,Sealed,,0,0,,50,,Off,0,0,,1,Far North District,Nil,,,,,0,0,Urban,0,,,Fine,Null
2034935,5709373,12930,,544400,0,0,0,1,0,East,2008/2009,CHILDERS ROAD,TITOKI ST,,Non-Injury Crash,No,2009,0,West,0,0,0,Flat,0,,0,,0,Bright sun,1374900,0,0,0,2,0,0,0,0,1,,0,0,Gisborne Region,Nil,2-way,Sealed,0,0,0,0,50,0,Null,1,0,,28,Gisborne District,Nil,0,0,0,0,0,0,Urban,0,0,0,Fine,Null
1931228,5605679,12931,,548000,0,0,0,2,0,South,2008/2009,KARAMU ROAD NORTH,FENWICK ST,,Non-Injury Crash,No,2009,0,South,0,0,0,Flat,0,,0,,0,Dark,1497100,0,0,0,2,0,0,0,0,1,,0,0,Hawke's Bay Region,Nil,2-way,Sealed,0,0,0,0,50,0,On,0,0,,30,Hastings District,Nil,0,0,0,0,0,0,Urban,0,0,0,Fine,Null
1933250,5619315,12932,,547001,0,,0,1,,Null,2008/2009,TARADALE ROAD,SH 2B,,Non-Injury Crash,No,2009,,East,,0,,Flat,,,,,,Overcast,1450600,0,0,0,2,,,0,,,,,,Hawke's Bay Region,Nil,2-way,Sealed,,0,0,,50,,Null,0,0,,31,Napier City,Give way,,,,,0,0,Urban,1,,,Light rain,Null
2028673,5721882,12933,,544001,0,0,0,1,0,South,2008/2009,SH 2,NGAKOROA ROAD,,Non-Injury Crash,Yes,2009,0,North,0,0,0,Flat,0,,0,,0,Overcast,1357600,0,0,0,2,0,0,0,0,0,,0,0,Gisborne Region,Nil,2-way,Sealed,0,0,0,0,100,0,Null,1,0,,28,Gisborne District,Nil,0,1,0,0,0,0,Open,1,0,0,Fine,Null
2035793,5707912,12934,,544600,0,0,0,0,0,South,2008/2009,CENTENNIAL MARINE DRIVE,SALISBURY ROAD,,Non-Injury Crash,No,2009,0,East,0,0,0,Flat,0,,0,,0,Bright sun,1370000,0,0,0,2,0,0,0,0,1,,0,0,Gisborne Region,Nil,2-way,Sealed,0,0,0,0,50,0,Null,1,0,,28,Gisborne District,Nil,0,0,0,0,0,0,Urban,1,0,0,Fine,Null
1766851,5471090,12935,,565903,0,,0,2,,Null,2009/2010,SEAVIEW ROAD,MACLEAN ST,,Non-Injury Crash,No,2009,,North,,0,,Flat,,,,,,Dark,2002600,0,0,0,2,,,0,,,,,,Wellington Region,Nil,2-way,Sealed,,0,0,,50,,On,0,0,,43,Kapiti Coast District,Stop,,,,,0,0,Urban,0,,,Fine,Null
1566664,5184925,12936,,588500,0,,0,1,,West,2008/2009,HAREWOOD ROAD,HIGHSTED ROAD,,Non-Injury Crash,No,2009,,West,,0,,Flat,,,,,,Overcast,2526200,0,0,0,4,,,0,,,,,,Canterbury Region,Nil,2-way,Sealed,,0,0,,50,,Null,0,0,,60,Christchurch City,Nil,,,,,0,0,Urban,1,,,Light rain,Null
1749011,5424728,12937,,576400,0,,0,2,,South,2008/2009,RIDDIFORD ST,NORMANBY ST,,Non-Injury Crash,No,2009,,South,,0,,Flat,,,,,,Bright sun,2168600,0,0,0,2,,,0,,,,,,Wellington Region,Nil,2-way,Sealed,,0,0,,50,,Null,0,0,,47,Wellington City,Nil,,,,,0,0,Urban,0,,,Fine,Null
1819531,5576168,12938,,558700,0,,0,1,,North,2008/2009,SH 1N,BRUCE ST,,Non-Injury Crash,Yes,2009,,South,,0,,Flat,,,,,,Bright sun,1728700,0,0,0,2,,,0,,,,,,Manawatū-Whanganui Region,Nil,2-way,Sealed,,0,0,,50,,Null,0,0,,38,Rangitikei District,Nil,,,,,0,0,Urban,1,,,Fine,Null
1744346,5917593,12939,,510700,1,,0,1,,South,2009/2010,STURGES ROAD,GEORDIE ST,,Non-Injury Crash,No,2009,,North,,0,,Flat,,,,,,Overcast,239400,0,0,0,2,,,0,,,,,,Auckland Region,Nil,2-way,Sealed,,0,0,,50,,Off,0,0,,76,Auckland,Nil,,,,,0,0,Urban,0,,,Fine,Null
1880191,5825492,12940,,538202,0,,0,2,,South,2009/2010,SH 2,TAURANGA BRIDGE MARINA,,Non-Injury Crash,Yes,2009,,North,,0,,Flat,,,,,,Bright sun,1162800,0,0,0,2,,,0,,,,,,,Nil,2-way,Sealed,,0,0,,70,,Null,0,0,,23,Tauranga City,Unknown,,,,,0,0,Urban,0,,,Fine,Null
1761747,5907878,12941,,524510,0,0,0,1,0,West,2009/2010,WICKMAN WAY,CHELBURN CRESCENT E,,Non-Injury Crash,No,2009,0,East,0,0,1,Flat,0,,0,,0,Dark,734102,0,0,0,2,0,0,0,0,0,,1,0,Auckland Region,Nil,2-way,Sealed,0,0,0,0,50,0,On,0,0,,76,Auckland,Nil,0,0,0,0,0,0,Urban,0,0,0,Fine,Null
1761263,5916698,12942,,516202,0,,0,1,,East,2009/2010,REMUERA ROAD,LADIES MILE,,Non-Injury Crash,No,2009,,East,,0,,Flat,,,,,,Bright sun,489900,0,0,0,4,,,0,,,,,,Auckland Region,Nil,2-way,Sealed,,0,0,,50,,Off,0,0,,76,Auckland,Nil,,,,,0,0,Urban,3,,,Fine,Null
1749154,5424920,12943,,576400,0,0,0,2,0,West,2008/2009,CONSTABLE ST,DANIELL ST,,Non-Injury Crash,No,2009,0,West,0,0,0,Flat,0,,0,,0,Twilight,2168400,0,0,0,2,0,0,0,0,1,,0,0,Wellington Region,Nil,2-way,Sealed,0,0,0,0,50,0,On,0,0,,47,Wellington City,Nil,0,0,0,0,0,0,Urban,0,0,0,Fine,Null
1751890,5432731,12944,,574002,0,,0,0,,South,2009/2010,SH 1N,CENTENNIAL SBD,,Non-Injury Crash,Yes,2009,,South,,0,,Flat,,,,,,Overcast,2078302,0,0,1,2,,,0,,,,,,Wellington Region,Nil,2-way,Sealed,,0,0,,60,,Null,1,0,,47,Wellington City,Nil,,,,,0,0,Urban,0,,,Heavy rain,Null
1756015,5917313,12945,,518201,0,0,0,2,0,West,2009/2010,BELLWOOD AVENUE,DOMINION ROAD,,Non-Injury Crash,No,2009,0,North,0,0,0,Flat,0,,0,,0,Bright sun,548500,0,0,0,2,0,0,0,0,1,,0,0,Auckland Region,Nil,2-way,Sealed,0,0,0,0,50,0,Off,0,0,,76,Auckland,Nil,0,0,0,0,0,0,Urban,0,0,0,Fine,Null
1770278,5911332,12946,,523105,0,0,0,1,0,West,2009/2010,TI RAKAU DRIVE,BOTANY ROAD,,Non-Injury Crash,No,2009,0,East,0,0,0,Flat,0,,0,,0,Dark,711185,0,0,0,6,0,0,0,0,0,,0,1,Auckland Region,Nil,2-way,Sealed,0,0,0,0,70,0,On,0,0,,76,Auckland,Nil,0,0,0,0,0,0,Urban,0,0,0,Fine,Null
1933134,5602321,12947,,548831,0,,0,2,,Null,2008/2009,NAPIER ROAD,ST HILL LANE,,Non-Injury Crash,No,2009,,South,,0,,Flat,,,,,,Dark,1509100,0,0,0,2,,,0,,,,,,Hawke's Bay Region,Nil,2-way,Sealed,,0,0,,50,,On,0,0,,30,Hastings District,Give way,,,,,0,0,Urban,0,,,Fine,Null
1568270,5179454,12948,,590900,0,,0,2,,East,2008/2009,BLENHEIM ROAD,FOSTER ST,,Non-Injury Crash,No,2009,,West,,0,,Hill Road,,,,,,Overcast,2475500,0,0,0,4,,,0,,,,,,Canterbury Region,Bridge,2-way,Sealed,,0,0,,60,,Null,0,0,,60,Christchurch City,Unknown,,,,,0,0,Urban,0,,,Heavy rain,Strong wind
1695581,5628959,12949,,553700,0,0,0,1,0,Null,2009/2010,SKEET ROAD,ROWAN ROAD,,Non-Injury Crash,No,2009,1,East,0,0,0,Flat,0,,0,,0,Dark,1658300,0,0,0,2,0,0,0,0,0,,0,0,Taranaki Region,Nil,2-way,Sealed,0,0,0,0,100,0,None,0,0,,35,South Taranaki District,Give way,0,0,0,0,0,0,Open,0,0,0,Heavy rain,Strong wind
1764387,5917323,12950,,517201,0,0,0,2,0,East,2009/2010,STRONG ST,COTTON ST,,Non-Injury Crash,No,2009,0,East,0,0,0,Hill Road,0,,0,,0,Dark,464700,0,0,0,2,0,0,0,0,1,,0,0,Auckland Region,Nil,2-way,Sealed,0,0,0,0,50,0,On,0,0,,76,Auckland,Nil,0,0,0,0,0,0,Urban,0,0,0,Fine,Null
1669307,5404382,12951,,580300,0,0,0,2,0,East,2008/2009,HAVELOCK ST,ALMA ST,,Non-Injury Crash,No,2009,0,East,0,0,0,Flat,0,,0,,0,Dark,2289601,0,0,0,2,0,0,0,0,1,,0,0,Marlborough Region,Nil,2-way,Sealed,0,0,0,0,50,0,On,0,0,,53,Marlborough District,Nil,0,0,0,0,0,0,Urban,0,0,0,Light rain,Null
1710154,5617060,12952,,554020,0,0,0,1,0,East,2008/2009,HIGH ST,REGENT ST,,Non-Injury Crash,No,2009,0,West,0,0,0,Flat,0,,0,,0,Overcast,1643900,0,0,0,2,0,0,0,0,0,,1,0,Taranaki Region,Nil,2-way,Sealed,0,0,0,0,50,0,Null,0,0,,35,South Taranaki District,Nil,0,0,0,0,0,0,Urban,0,0,0,Fine,Null
1752884,5918157,12953,,515002,0,,0,1,,East,2009/2010,SH 16,CARRINGTON OBR,,Non-Injury Crash,Yes,2009,,East,,0,,Flat,,,,,,Bright sun,390501,0,0,0,3,,,0,,,,,,Auckland Region,Nil,1-way,Sealed,,0,0,,100,,Off,0,0,,76,Auckland,Nil,,,,,0,0,Open,1,,,Fine,Null
1800829,5813544,12954,,529100,0,0,1,1,0,East,2009/2010,SELWYN ST,PEMBROKE ST,,Non-Injury Crash,No,2009,0,East,0,0,0,Flat,0,,0,,0,Overcast,932400,0,0,0,2,0,0,0,0,1,,0,0,Waikato Region,Nil,2-way,Sealed,0,0,0,0,50,0,Null,0,0,,16,Hamilton City,Unknown,0,0,0,0,0,0,Urban,0,0,0,Fine,Null
1762230,5437436,12955,,568402,0,0,0,1,0,North,2009/2010,ATHLONE CRESCENT,STELLIN ST,,Non-Injury Crash,No,2009,0,East,0,0,1,Flat,0,,1,,0,Bright sun,1943300,0,0,0,1,0,0,0,0,0,,0,0,Wellington Region,Nil,2-way,Sealed,0,0,0,0,50,0,Null,0,0,,46,Lower Hutt City,Nil,0,0,0,0,0,0,Urban,0,0,0,Fine,Null
1751965,5948552,12956,,505805,0,,0,1,,West,2009/2010,CENTREWAY ROAD,HIBISCUS COAST HIGHWAY,,Non-Injury Crash,No,2009,,East,,0,,Flat,,,,,,Bright sun,172401,0,0,0,2,,,0,,,,,,Auckland Region,Nil,2-way,Sealed,,0,0,,50,,Null,1,0,,76,Auckland,Give way,,,,,0,0,Urban,0,,,Fine,Null
2036299,5709280,12957,,544600,0,,0,2,,East,2009/2010,GLADSTONE ROAD,DOMINION ROAD,,Non-Injury Crash,No,2009,,East,,0,,Flat,,,,,,Overcast,1369300,0,0,0,2,,,0,,,,,,Gisborne Region,Nil,2-way,Sealed,,0,0,,50,,Null,1,0,,28,Gisborne District,Nil,,,,,0,0,Urban,0,,,Fine,Null
1584540,5474812,12958,,581602,0,0,0,1,0,Null,2009/2010,SH 60,CENTRAL TAKAKA POINT ROAD,,Non-Injury Crash,Yes,2009,0,West,0,0,2,Flat,0,,0,,0,Bright sun,2345903,0,0,0,2,0,0,0,0,0,,0,0,Tasman Region,Nil,2-way,Sealed,0,0,0,0,100,0,Null,1,0,,51,Tasman District,Give way,0,1,0,0,0,0,Open,0,0,0,Fine,Null
2027810,5710342,12959,,544002,0,0,0,1,0,West,2009/2010,TINIROTO ROAD,SH 2,,Non-Injury Crash,No,2009,0,East,0,0,0,Hill Road,0,,0,,0,Dark,1361900,0,0,0,2,0,0,0,0,0,,0,0,Gisborne Region,Nil,2-way,Sealed,0,0,0,0,100,0,None,0,0,,28,Gisborne District,Nil,0,0,0,0,0,0,Open,0,0,1,Fine,Null
1821951,5529046,12960,,563000,1,,0,1,,South,2009/2010,FITZHERBERT AVENUE,FERGUSON ST,,Non-Injury Crash,No,2009,,North,,0,,Flat,,,,,,Overcast,1808800,0,0,0,2,,,0,,,,,,Manawatū-Whanganui Region,Nil,2-way,Sealed,,0,0,,50,,Null,0,0,,40,Palmerston North City,Nil,,,,,0,0,Urban,0,,,Fine,Null
1758446,5918123,12961,,517400,0,0,0,2,0,South,2009/2010,BROADWAY,TEED ST,,Non-Injury Crash,No,2009,0,North,0,0,0,Flat,0,,0,,0,Overcast,451300,0,0,0,2,0,0,0,0,1,,0,0,Auckland Region,Nil,2-way,Sealed,0,0,0,0,50,0,Off,0,0,,76,Auckland,Nil,0,0,0,0,0,0,Urban,0,0,0,Fine,Null
1770684,5904033,12962,,523818,0,,0,2,,South,2009/2010,REDOUBT ROAD,MURPHYS ROAD,,Non-Injury Crash,No,2009,,East,,0,,Flat,,,,,,Dark,760400,0,0,0,2,,,0,,,,,,Auckland Region,Nil,2-way,Sealed,,0,0,,60,,On,0,0,,76,Auckland,Nil,,,,,0,0,Urban,0,,,Fine,Null
1933124,5620229,12963,,547001,0,0,0,1,0,South,2008/2009,WESTMINSTER AVENUE,RIPON PLACE,,Non-Injury Crash,No,2009,0,South,0,0,0,Flat,0,Easter,0,,1,Dark,1450600,0,0,0,2,0,0,0,0,0,,1,0,Hawke's Bay Region,Nil,2-way,Sealed,0,0,0,0,50,0,On,0,0,,31,Napier City,Nil,0,0,0,0,0,0,Urban,0,0,0,Fine,Null
1801268,5815008,12964,,529700,0,,0,1,,South,2009/2010,VICTORIA ST,HOOD ST,,Non-Injury Crash,No,2009,,North,,0,,Flat,,,,,,Bright sun,912000,0,0,0,4,,,0,,,,,,Waikato Region,Nil,2-way,Sealed,,0,0,,50,,Null,0,0,,16,Hamilton City,Traffic Signals,,,,,0,0,Urban,1,,,Fine,Null
1762905,5436988,12965,,568303,0,0,0,1,0,Null,2008/2009,NAENAE ROAD,DAYSH ST,,Non-Injury Crash,No,2009,0,North,0,0,0,Flat,0,,0,,0,Overcast,1953600,0,0,0,2,0,0,0,0,0,,0,1,Wellington Region,Nil,2-way,Sealed,0,0,0,0,50,0,Null,0,0,,46,Lower Hutt City,Give way,0,0,0,0,0,0,Urban,0,0,0,Heavy rain,Null
1789721,5828838,12966,,528200,0,,0,1,,South,2009/2010,GALILEO ST,MARTIN ST,,Non-Injury Crash,No,2009,,North,,0,,Flat,,,,,,Overcast,857700,0,0,0,2,,,0,,,,,,Waikato Region,Nil,2-way,Sealed,,0,0,,50,,Null,1,0,,13,Waikato District,Unknown,,,,,0,0,Urban,0,,,Fine,Null
1716661,6050154,12967,,502101,0,0,1,0,0,North,2009/2010,DIP ROAD,ITI ST,,Non-Injury Crash,No,2009,0,South,0,0,0,Hill Road,0,,0,,0,Bright sun,82200,0,0,0,2,0,0,0,0,1,,0,0,Northland Region,Nil,2-way,Sealed,0,0,0,0,50,0,Off,1,0,,2,Whangarei District,Nil,0,0,0,0,0,0,Urban,0,0,0,Fine,Null