X,Y,OBJECTID,advisorySpeed,areaUnitID,bicycle,bridge,bus,carStationWagon,cliffBank,crashDirectionDescription,crashFinancialYear,crashLocation1,crashLocation2,crashRoadSideRoad,crashSeverity,crashSHDescription,crashYear,debris,directionRoleDescription,ditch,fatalCount,fence,flatHill,guardRail,holiday,houseOrBuilding,intersection,kerb,light,meshblockId,minorInjuryCount,moped,motorcycle,NumberOfLanes,objectThrownOrDropped,otherObject,otherVehicleType,overBank,parkedVehicle,pedestrian,phoneBoxEtc,postOrPole,region,roadCharacter,roadLane,roadSurface,roadworks,schoolBus,seriousInjuryCount,slipOrFlood,speedLimit,strayAnimal,streetLight,suv,taxi,temporarySpeedLimit,tlaId,tlaName,trafficControl,trafficIsland,trafficSign,train,tree,truck,unknownVehicleType,urban,vanOrUtility,vehicle,waterRiver,weatherA,weatherB
1798015,5442667,12968,,579803,0,1,0,0,0,North,2008/2009,SH 53,KAHUTARA ROAD,,Non-Injury Crash,Yes,2009,0,West,0,0,0,Flat,0,,0,,0,Overcast,2272400,0,0,0,2,0,0,0,0,0,,0,0,Wellington Region,Bridge,2-way,Sealed,0,0,0,0,100,0,Null,1,0,,50,South Wairarapa District,Nil,0,0,0,0,0,0,Open,0,0,0,Fine,Frost
2035489,5709144,12969,,544400,0,0,0,1,0,South,2009/2010,CENTENNIAL CRESCENT,CHILDERS ROAD W,,Non-Injury Crash,No,2009,0,North,0,0,0,Flat,0,,0,,0,Dark,1375500,0,0,0,2,0,0,0,0,1,,0,0,Gisborne Region,Nil,2-way,Sealed,0,0,0,0,50,0,On,1,0,,28,Gisborne District,Nil,0,0,0,0,0,0,Urban,0,0,0,Fine,Null
1934464,5615639,12970,,545631,0,,0,2,,Null,2008/2009,MEEANEE ROAD,WILLOWBANK AVENUE,,Non-Injury Crash,No,2009,,West,,0,,Flat,,,,,,Overcast,1403800,0,0,0,2,,,0,,,,,,Hawke's Bay Region,Nil,2-way,Sealed,,0,0,,50,,Null,0,0,,31,Napier City,Give way,,,,,0,0,Urban,0,,,Light rain,Null
1623521,5430763,12971,,582500,0,,0,1,,Null,2008/2009,HARDY ST,RUTHERFORD ST,,Non-Injury Crash,No,2009,,West,,0,,Flat,,,,,,Twilight,2319700,0,0,0,4,,,0,,,,,,Nelson Region,Nil,2-way,Sealed,,0,0,,50,,Off,1,0,,52,Nelson City,Traffic Signals,,,,,0,0,Urban,0,,,Fine,Null
1769733,5907358,12972,,523712,0,,0,2,,Null,2009/2010,CHAPEL ROAD,ORMISTON ROAD,,Non-Injury Crash,No,2009,,North,,0,,Flat,,,,,,Bright sun,712803,0,0,0,2,,,0,,,,,,Auckland Region,Nil,2-way,Sealed,,0,0,,50,,Off,0,0,,76,Auckland,Give way,,,,,0,0,Urban,0,,,Fine,Null
1277121,5007763,12973,,609031,0,,0,3,,West,2008/2009,SH 6,CHARD ROAD,,Non-Injury Crash,Yes,2009,,West,,0,,Flat,,Christmas New Year,,,,Overcast,3040002,0,0,0,2,,,0,,,,,,Otago Region,Nil,2-way,Sealed,,0,0,,100,,Null,0,0,,70,Queenstown-Lakes District,Unknown,,,,,0,0,Open,0,,,Fine,Null
1748647,5913141,12974,,511401,0,,0,2,,East,2009/2010,TITIRANGI ROAD,PARKER AVENUE,,Non-Injury Crash,No,2009,,South,,0,,Hill Road,,,,,,Overcast,263900,0,0,0,2,,,0,,,,,,Auckland Region,Nil,2-way,Sealed,,0,0,,50,,Off,0,0,,76,Auckland,Nil,,,,,0,0,Urban,0,,,Fine,Null
1776694,5447948,12975,,566700,0,,0,2,,Null,2009/2010,SH 2,NORANA ROAD,,Non-Injury Crash,Yes,2009,,West,,0,,Hill Road,,Labour Weekend,,,,Overcast,1913400,0,0,0,2,,,0,,,,,,Wellington Region,Nil,2-way,Sealed,,0,0,,70,,Null,1,0,,45,Upper Hutt City,Give way,,,,,0,0,Urban,0,,,Light rain,Null
1585316,5435478,12976,55,581833,0,0,0,1,1,South,2008/2009,MOTUEKA VALLEY HIGHWAY,WAIWHERO ROAD,,Non-Injury Crash,No,2009,0,North,0,0,0,Flat,0,,0,,0,Dark,2372401,0,0,0,2,0,0,0,0,0,,0,0,Tasman Region,Nil,2-way,Sealed,0,0,0,0,100,0,None,0,0,,51,Tasman District,Nil,0,0,0,0,0,0,Open,0,0,0,Fine,Frost
1693828,5676167,12977,,552002,0,,0,1,,Null,2008/2009,SH 3,PENDARVES ST,,Non-Injury Crash,Yes,2009,,North,,0,,Hill Road,,,,,,Bright sun,1595000,0,0,0,2,,,0,,,,,,Taranaki Region,Nil,2-way,Sealed,,0,0,,50,,Null,0,0,,33,New Plymouth District,Stop,,,,,0,0,Urban,1,,,Fine,Null
1779458,5927253,12978,,520801,0,,0,2,,South,2008/2009,OCEAN VIEW ROAD,TUI ST,,Non-Injury Crash,No,2009,,North,,0,,Flat,,,,,,Overcast,516202,0,0,0,2,,,0,,,,,,Auckland Region,Nil,2-way,Sealed,,0,0,,50,,Off,0,0,,76,Auckland,Nil,,,,,0,0,Urban,0,,,Fine,Null
1818031,5545417,12979,30,560730,0,0,0,1,0,Null,2008/2009,NORTH ST,MAKINO ROAD,,Non-Injury Crash,No,2009,0,West,0,0,1,Flat,1,,0,,0,Bright sun,1767900,0,0,0,2,0,0,0,0,0,,0,0,Manawatū-Whanganui Region,Nil,2-way,Sealed,0,0,0,0,50,0,Null,0,0,,39,Manawatu District,Give way,0,0,0,0,0,0,Urban,0,0,0,Fine,Null
1867190,5713803,12980,,541720,0,0,0,4,0,Null,2009/2010,SPA ROAD,NUKUHAU ST,,Non-Injury Crash,No,2009,0,East,0,0,0,Flat,0,,0,,0,Overcast,1273500,0,0,0,2,0,0,0,0,1,,0,0,Waikato Region,Nil,2-way,Sealed,0,0,0,0,50,0,Null,0,0,,21,Taupo District,Give way,0,0,0,0,0,0,Urban,0,0,0,Fine,Null
1787380,5491063,12981,,564021,0,,0,2,,North,2009/2010,SH 1N,WAIKAWA BEACH ROAD,,Non-Injury Crash,Yes,2009,,North,,0,,Flat,,,,,,Twilight,1882200,0,0,0,2,,,0,,,,,,Manawatū-Whanganui Region,Nil,2-way,Sealed,,0,0,,100,,Off,0,0,,42,Horowhenua District,Nil,,,,,0,0,Open,0,,,Fine,Null
2029209,5718672,12982,,544001,0,0,0,2,0,North,2008/2009,SH 2,BRUCE ROAD,,Non-Injury Crash,Yes,2009,0,North,0,0,0,Flat,0,Christmas New Year,0,,0,Bright sun,1357902,0,0,0,2,0,0,0,0,0,,0,1,Gisborne Region,Nil,2-way,Sealed,0,0,0,0,100,0,Null,0,0,,28,Gisborne District,Nil,0,0,0,0,0,0,Open,0,0,0,Fine,Null
1566908,5176777,12983,,595300,0,0,0,2,0,West,2009/2010,HERDMAN ST,REDGRAVE ST,,Non-Injury Crash,No,2009,0,West,0,0,0,Flat,0,,0,,0,Overcast,2631000,0,0,0,2,0,0,0,0,1,,0,0,Canterbury Region,Nil,2-way,Sealed,0,0,0,0,50,0,Null,0,0,,60,Christchurch City,Unknown,0,0,0,0,0,0,Urban,0,0,0,Light rain,Null
1767683,5905048,12984,,524603,0,,0,1,,Null,2009/2010,TE IRIRANGI DRIVE,TE IRIRANGI ON NBD,,Non-Injury Crash,No,2009,,East,,0,,Flat,,,,,,Overcast,780304,0,0,0,5,,,0,,,,,,Auckland Region,Bridge,2-way,Sealed,,0,0,,60,,Null,0,0,,76,Auckland,Traffic Signals,,,,,0,0,Urban,1,,,Fine,Null
1691688,6083306,12985,,501500,0,0,0,1,0,East,2009/2010,SH 1N,SNOWDON AVENUE,,Non-Injury Crash,Yes,2009,0,West,0,0,1,Flat,0,,0,,0,Dark,55300,0,0,0,1,0,0,0,0,0,,0,0,Northland Region,Nil,2-way,Sealed,0,0,0,0,50,0,On,0,0,,1,Far North District,Nil,0,1,0,0,0,0,Urban,0,0,0,Fine,Null
1881099,5826504,12986,,536821,0,,0,2,,West,2009/2010,SH 2,TOTARA ST,,Non-Injury Crash,Yes,2009,,West,,0,,Flat,,,,,,Bright sun,1203700,0,0,0,6,,,0,,,,,,Bay of Plenty Region,Nil,2-way,Sealed,,0,0,,70,,Null,0,0,,23,Tauranga City,Unknown,,,,,0,0,Urban,0,,,Fine,Null
1773999,5472774,12987,,563703,0,,0,1,,Null,2009/2010,SH 1N,ELIZABETH ST,,Non-Injury Crash,Yes,2009,,South,,0,,Flat,,,,,,Dark,1876300,0,0,0,4,,,0,,,,,,Wellington Region,Nil,2-way,Sealed,,0,0,,50,,On,1,0,,43,Kapiti Coast District,Traffic Signals,,,,,0,0,Urban,0,,,Fine,Null
1769040,5905194,12988,,523722,0,,0,2,,North,2009/2010,BOUNDARY ROAD,ASPIRING AVENUE,,Non-Injury Crash,No,2009,,North,,0,,Flat,,Christmas New Year,,,,Twilight,716010,0,0,0,1,,,0,,,,,,Auckland Region,Nil,2-way,Sealed,,0,0,,50,,On,0,0,,76,Auckland,Nil,,,,,0,0,Urban,0,,,Fine,Null
1680080,5403869,12989,,581230,0,,0,1,,North,2009/2010,SH 1S,MAIN ST,,Non-Injury Crash,Yes,2009,,South,,0,,Flat,,,,,,Bright sun,2299500,0,0,0,2,,,0,,,,,,Marlborough Region,Bridge,2-way,Sealed,,0,0,,50,,Null,1,0,,53,Marlborough District,Nil,,,,,0,0,Urban,0,,,Fine,Null
1745107,5917684,12990,,510700,0,,0,0,,South,2009/2010,GREAT NORTH ROAD,LINCOLN ROAD,,Non-Injury Crash,No,2009,,North,,0,,Hill Road,,,,,,Bright sun,239501,0,0,0,5,,,0,,,,,,Auckland Region,Nil,2-way,Sealed,,0,0,,50,,Off,2,0,,76,Auckland,Nil,,,,,0,0,Urban,0,,,Fine,Null
1815025,5530529,12991,,561901,0,0,0,1,0,Null,2009/2010,KAIRANGA BUNNYTHORPE ROAD,LONGBURN RONGOTEA ROAD,,Non-Injury Crash,No,2009,0,North,0,0,0,Flat,0,,0,,0,Dark,1795500,0,0,0,2,0,0,0,0,0,,0,0,Manawatū-Whanganui Region,Nil,2-way,Sealed,0,0,0,0,100,0,None,0,0,,39,Manawatu District,Give way,0,1,0,0,0,0,Open,0,0,0,Null,Null
1606015,5438008,12992,,581833,0,0,0,1,0,East,2009/2010,APORO ROAD,MARRIAGES ROAD,,Non-Injury Crash,No,2009,0,South,1,0,0,Flat,0,,0,,0,Overcast,2374100,0,0,0,2,0,0,0,0,0,,0,0,Tasman Region,Nil,2-way,Sealed,0,0,0,0,100,0,Null,0,0,,51,Tasman District,Nil,0,0,0,0,0,0,Open,0,0,0,Light rain,Null
1759735,5433226,12993,,568800,0,,0,1,,East,2008/2009,SEAVIEW ROAD,GOUGH ST,,Non-Injury Crash,No,2009,,North,,0,,Flat,,Queens Birthday,,,,Dark,1980400,0,0,0,2,,,0,,,,,,Wellington Region,Nil,2-way,Sealed,,0,0,,70,,None,0,0,,46,Lower Hutt City,Nil,,,,,0,0,Urban,1,,,Fine,Null
1766735,5904672,12994,20,524604,0,,0,2,,Null,2009/2010,CAVENDISH DRIVE,LAMBIE DRIVE,,Non-Injury Crash,No,2009,,South,,0,,Flat,,,,,,Overcast,780209,0,0,0,2,,,0,,,,,,Auckland Region,Nil,2-way,Sealed,,0,0,,50,,Off,0,0,,76,Auckland,Give way,,,,,0,0,Urban,0,,,Fine,Null
1755614,5925727,12995,,509701,0,,0,2,,Null,2009/2010,LAKE ROAD,PEARN CRESCENT,,Non-Injury Crash,No,2009,,South,,0,,Hill Road,,,,,,Twilight,362600,0,0,0,2,,,0,,,,,,Auckland Region,Nil,2-way,Sealed,,0,0,,50,,On,0,0,,76,Auckland,Give way,,,,,0,0,Urban,0,,,Fine,Null
1684940,6098137,12996,,500900,0,0,0,1,0,South,2009/2010,SH 10,KERIKERI ROAD,,Non-Injury Crash,Yes,2009,0,North,0,0,0,Flat,0,,0,,0,Bright sun,49905,0,0,0,2,0,0,0,0,1,,0,0,Northland Region,Nil,2-way,Sealed,0,0,0,0,80,0,None,0,0,,1,Far North District,Nil,0,0,0,0,0,0,Open,1,0,0,Fine,Null
1763402,5431049,12997,,565300,0,0,0,1,0,Null,2009/2010,MOOHAN ST,FREDERICK ST,,Non-Injury Crash,No,2009,0,North,0,0,0,Flat,0,,0,,0,Dark,2022000,0,0,0,2,0,1,0,0,0,,0,0,Wellington Region,Nil,2-way,Sealed,0,0,0,0,50,0,On,0,0,,46,Lower Hutt City,Give way,1,0,0,0,0,0,Urban,0,0,0,Fine,Null
1758546,5913021,12998,,519710,0,0,0,1,0,North,2009/2010,INKERMAN ST,TRAFALGAR ST,,Non-Injury Crash,No,2009,0,South,0,0,0,Flat,0,Christmas New Year,0,,0,Bright sun,595500,0,0,0,4,0,0,0,0,0,,0,0,Auckland Region,Nil,2-way,Sealed,0,0,0,0,50,0,Off,0,0,,76,Auckland,Nil,0,0,0,0,1,0,Urban,0,1,0,Fine,Null
1758845,5917236,12999,,516001,0,,0,1,,North,2009/2010,SH 1N,MARKET OBR,,Non-Injury Crash,Yes,2009,,South,,0,,Flat,,,,,,Bright sun,491000,0,0,0,3,,,0,,,,,,Auckland Region,Nil,1-way,Sealed,,0,0,,70,,Off,1,0,,76,Auckland,Nil,,,,,0,0,Urban,0,,,Fine,Null
1750123,5425048,13000,,576903,0,,0,2,,Null,2008/2009,SH 1N,KILBIRNIE CRESCENT,,Non-Injury Crash,Yes,2009,,East,,0,,Hill Road,,,,,,Overcast,2180300,0,0,1,2,,,0,,,,,,Wellington Region,Nil,2-way,Sealed,,0,0,,50,,Null,0,0,,47,Wellington City,Traffic Signals,,,,,0,0,Urban,0,,,Fine,Null
1710495,5645509,13001,,553101,0,,0,2,,Null,2008/2009,SH 3,PEMBROKE ROAD,,Non-Injury Crash,Yes,2009,,North,,0,,Flat,,,,,,Dark,1615700,0,0,0,2,,,0,,,,,,Taranaki Region,Nil,2-way,Sealed,,0,0,,50,,On,0,0,,34,Stratford District,Stop,,,,,0,0,Urban,0,,,Fine,Null
1771760,5895206,13002,,525540,0,,0,1,,Null,2009/2010,BEACH ROAD,CHICHESTER DRIVE,,Non-Injury Crash,No,2009,,North,,0,,Flat,,,,,,Unknown,806402,0,0,0,2,,,0,,,,,,Auckland Region,Nil,2-way,Sealed,,0,0,,50,,Off,1,0,,76,Auckland,Traffic Signals,,,,,0,0,Urban,0,,,Null,Null
1743380,5923059,13003,,513511,0,0,0,1,0,North,2009/2010,DON BUCK ROAD,BEAUCHAMP DRIVE,,Non-Injury Crash,No,2009,0,South,0,0,0,Flat,0,,0,,0,Dark,224315,0,0,0,2,0,0,0,0,0,,0,0,Auckland Region,Nil,2-way,Sealed,0,0,0,0,50,0,On,0,0,,76,Auckland,Nil,0,0,0,0,0,0,Urban,1,1,0,Fine,Null
1748503,5931082,13004,,509000,0,,0,1,,North,2009/2010,PAREMOREMO ROAD,HARDENS LANE,,Non-Injury Crash,No,2009,,North,,0,,Hill Road,,,,,,Bright sun,179703,0,0,1,2,,,0,,,,,,Auckland Region,Nil,2-way,Sealed,,0,0,,80,,Off,0,0,,76,Auckland,Nil,,,,,0,0,Open,0,,,Fine,Null
1571338,5197575,13005,,586408,0,0,0,1,0,Null,2008/2009,SH 71,CAM OFF RAMP NBD,,Non-Injury Crash,Yes,2009,0,North,0,0,0,Hill Road,0,,0,,0,Overcast,2454702,0,0,0,2,0,0,0,0,0,,0,0,Canterbury Region,Motorway ramp,1-way,Sealed,0,0,0,0,80,0,Null,0,0,,59,Waimakariri District,Stop,1,0,0,0,0,0,Open,0,0,0,Fine,Null
1756840,5448708,13006,,572000,0,,0,1,,West,2008/2009,Z NGATITOA DOMAIN,MANA ESPLANADE,,Non-Injury Crash,No,2009,,South,,0,,Flat,,,,,,Bright sun,2069801,0,0,0,1,,,0,,,,,,Wellington Region,Nil,Off road,Sealed,,0,0,,50,,Null,1,0,,44,Porirua City,Nil,,,,,0,0,Urban,0,,,Fine,Null
1825535,5464585,13007,,579200,0,,1,0,,East,2008/2009,KITCHENER ST,RATA PLACE,,Non-Injury Crash,No,2009,,West,,0,,Flat,,,,,,Overcast,2251200,0,0,0,2,,,0,,,,,,Wellington Region,Nil,2-way,Sealed,,0,0,,50,,Null,1,0,,48,Masterton District,Nil,,,,,0,0,Urban,0,,,Fine,Null
1880814,5819706,13008,,538302,0,0,0,1,0,Null,2009/2010,VICTORY ST,JAMES COOK DRIVE,,Non-Injury Crash,No,2009,0,East,0,0,0,Flat,0,,0,,1,Bright sun,1180004,0,0,0,2,0,0,0,0,0,,0,0,Bay of Plenty Region,Nil,2-way,Sealed,0,0,0,0,50,0,Off,0,0,,23,Tauranga City,Stop,0,0,0,0,0,0,Urban,0,0,0,Fine,Null
1695822,5676933,13009,,551012,0,1,0,0,0,West,2009/2010,SH 3,QUEENS ROAD,,Non-Injury Crash,Yes,2009,0,West,0,0,0,Flat,0,,0,,0,Bright sun,1559500,0,0,0,3,0,0,1,0,0,,0,0,Taranaki Region,Bridge,2-way,Sealed,1,0,0,0,50,0,Null,0,0,30,33,New Plymouth District,Nil,0,0,0,0,0,0,Urban,0,0,0,Fine,Strong wind
1562704,5178317,13010,,587500,0,0,0,1,0,West,2008/2009,AVRO CRESCENT,DE HAVILLAND ST,,Non-Injury Crash,No,2009,0,North,0,0,0,Flat,0,,0,,0,Overcast,2492400,0,0,0,2,0,0,0,0,1,,0,0,Canterbury Region,Nil,2-way,Sealed,0,0,0,0,50,0,Null,0,0,,60,Christchurch City,Unknown,0,0,0,0,0,0,Urban,1,0,0,Fine,Null
1752970,5946911,13011,,505906,0,,0,2,,East,2009/2010,WHANGAPARAOA ROAD,MARELLEN DRIVE,,Non-Injury Crash,No,2009,,East,,0,,Hill Road,,,,,,Overcast,173803,0,0,0,4,,,0,,,,,,Auckland Region,Nil,2-way,Sealed,,0,0,,60,,Off,0,0,,76,Auckland,Nil,,,,,0,0,Urban,0,,,Fine,Null
1826180,5886034,13012,,533502,0,,0,2,,Null,2009/2010,MACKAY ST,GREY ST,,Non-Injury Crash,No,2009,,North,,0,,Flat,,,,,,Overcast,1055500,0,0,0,2,,,0,,,,,,Waikato Region,Nil,2-way,Sealed,,0,0,,50,,Null,0,0,,11,Thames-Coromandel District,Give way,,,,,0,0,Urban,0,,,Fine,Null
1761074,5433421,13013,,568702,0,,0,1,,South,2009/2010,WAINUIOMATA HILL ROAD,GRACEFIELD OFF,,Non-Injury Crash,No,2009,,South,,0,,Hill Road,,,,,,Overcast,1979204,0,0,0,2,,,0,,,,,,Wellington Region,Nil,2-way,Sealed,,0,0,,80,,Null,0,0,,46,Lower Hutt City,Nil,,,,,0,0,Open,0,,,Light rain,Null
1761763,5435789,13014,,568602,0,,0,2,,West,2008/2009,WATERLOO ROAD,WAIWHETU ROAD,,Non-Injury Crash,No,2009,,West,,0,,Flat,,,,,,Overcast,1972700,0,0,0,2,,,0,,,,,,Wellington Region,Nil,2-way,Sealed,,0,0,,50,,Null,0,0,,46,Lower Hutt City,Nil,,,,,0,0,Urban,0,,,Fine,Null
1794123,5498780,13015,,564232,0,0,0,1,0,East,2008/2009,HEATHER ST,PERTH ST,,Non-Injury Crash,No,2009,0,East,0,0,1,Flat,0,,0,,0,Dark,1873004,0,0,0,2,0,0,0,0,0,,0,0,Manawatū-Whanganui Region,Nil,2-way,Sealed,0,0,0,0,50,0,On,0,0,,42,Horowhenua District,Nil,0,0,0,0,0,0,Urban,0,0,0,Light rain,Null
1680089,5403650,13016,,581230,0,,0,1,,Null,2009/2010,Z CPK WAREHOUSE,REDWOOD/KINROSS,,Non-Injury Crash,No,2009,,East,,0,,Flat,,,,,,Overcast,2299800,0,0,0,0,,,0,,,1,,,Marlborough Region,Nil,Off road,Sealed,,0,0,,50,,Null,0,0,,53,Marlborough District,Nil,,,,,0,0,Urban,0,,,Fine,Null
1749789,5427330,13017,,573400,0,,0,2,,East,2008/2009,ORIENTAL PARADE,HERD ST,,Non-Injury Crash,No,2009,,East,,0,,Flat,,,,,,Overcast,2138400,0,0,0,2,,,0,,,,,,Wellington Region,Nil,2-way,Sealed,,0,0,,50,,Null,0,0,,47,Wellington City,Nil,,,,,0,0,Urban,0,,,Light rain,Null
1762054,5432158,13018,,564900,0,0,0,1,0,North,2009/2010,MOHAKA ST,MANUTUKE ST,,Non-Injury Crash,No,2009,0,South,0,0,1,Flat,0,,1,,0,Overcast,2015303,0,0,0,2,0,0,0,0,0,,0,0,Wellington Region,Nil,2-way,Sealed,0,0,0,0,50,0,Null,0,0,,46,Lower Hutt City,Nil,0,0,0,0,0,0,Urban,0,0,0,Light rain,Null
1893717,5812372,13019,,538502,0,,0,2,,Null,2009/2010,TE PUKE HIGHWAY,NO 1 ROAD,,Non-Injury Crash,No,2009,,North,,0,,Flat,,,,,,Dark,1210900,0,0,0,2,,,0,,,,,,Bay of Plenty Region,Nil,2-way,Sealed,,0,0,,80,,On,0,0,,22,Western Bay of Plenty District,Stop,,,,,0,0,Open,0,,,Fine,Null
1619292,5426145,13020,,583900,0,,0,3,,South,2009/2010,MAIN ROAD STOKE,RANUI ROAD,,Non-Injury Crash,No,2009,,South,,0,,Flat,,,,,,Bright sun,2343702,0,0,0,2,,,0,,,,,,Nelson Region,Nil,2-way,Sealed,,0,0,,50,,Null,0,0,,52,Nelson City,School Patrol/warden,,,,,0,0,Urban,0,,,Fine,Null
1778297,5454100,13021,,567901,0,,0,0,,North,2008/2009,AKATARAWA ROAD,KARAPOTI ROAD,,Non-Injury Crash,No,2009,,South,,0,,Hill Road,,,,,,Overcast,1915800,0,0,0,2,,,0,,,,,,Wellington Region,Nil,2-way,Sealed,,0,0,,70,,Null,0,0,,45,Upper Hutt City,Nil,,,,,0,0,Urban,2,,,Light rain,Null
1238452,4888497,13022,,610040,0,0,0,1,0,South,2009/2010,SH 6,CENTRE BUSH-OTAPIRI ROAD,,Non-Injury Crash,Yes,2009,0,North,1,0,0,Flat,0,,0,,0,Dark,3074600,0,0,0,2,0,0,0,0,0,,0,0,Southland Region,Nil,2-way,Sealed,0,0,0,0,100,0,None,0,0,,73,Southland District,Unknown,0,0,0,0,0,0,Open,0,0,0,Snow,Frost
1753629,5928075,13023,,508310,0,,0,2,,Null,2009/2010,GLENFIELD ROAD,BENTLEY AVENUE,,Non-Injury Crash,No,2009,,West,,0,,Flat,,,,,,Bright sun,200000,0,0,0,4,,,0,,,,,,Auckland Region,Nil,2-way,Sealed,,0,0,,50,,Off,0,0,,76,Auckland,Traffic Signals,,,,,0,0,Urban,0,,,Fine,Null
1766735,5904672,13024,,524604,0,,0,2,,Null,2009/2010,CAVENDISH DRIVE,LAMBIE DRIVE,,Non-Injury Crash,No,2009,,West,,0,,Flat,,,,,,Overcast,780209,0,0,0,5,,,0,,,,,,Auckland Region,Nil,2-way,Sealed,,0,0,,50,,Off,0,0,,76,Auckland,Traffic Signals,,,,,0,0,Urban,0,,,Light rain,Null
1509344,5146632,13025,,597741,0,,0,1,,North,2008/2009,SH 1S,SOMERTON ROAD,,Non-Injury Crash,Yes,2009,,South,,0,,Flat,,,,,,Bright sun,2745001,0,0,0,4,,,0,,,,,,Canterbury Region,Nil,2-way,Sealed,,0,0,,100,,Null,1,0,,63,Ashburton District,Unknown,,,,,0,0,Open,0,,,Fine,Null
1584657,5410799,13026,,581841,0,0,0,1,0,West,2008/2009,SH 6,MOTUEKA VALLEY HIGHWAY,,Non-Injury Crash,Yes,2009,0,North,0,0,1,Flat,0,,0,,0,Overcast,2374800,0,0,0,2,0,0,0,0,0,,0,0,Tasman Region,Nil,2-way,Sealed,0,0,0,0,100,0,Null,0,0,,51,Tasman District,Nil,0,0,0,1,0,0,Open,0,0,0,Fine,Null
1692469,5675977,13027,,551800,0,,0,1,,Null,2008/2009,SH 45,DAWSON ST,,Non-Injury Crash,Yes,2009,,East,,0,,Flat,,,,,,Bright sun,1591600,0,0,0,2,,,0,,,,,,Taranaki Region,Nil,2-way,Sealed,,0,0,,50,,Null,0,0,,33,New Plymouth District,Traffic Signals,,,,,0,0,Urban,1,,,Fine,Null
1718664,6047819,13028,,502600,1,,0,1,,Null,2009/2010,SH 1N,DOUGLAS ST,,Non-Injury Crash,Yes,2009,,South,,0,,Flat,,,,,,Bright sun,94700,0,0,0,1,,,0,,,,,,Northland Region,Nil,2-way,Sealed,,0,0,,50,,Null,0,0,,2,Whangarei District,Nil,,,,,0,0,Urban,0,,,Fine,Null
1769117,5889408,13029,,521122,0,,0,2,,Null,2009/2010,SH 22,BLACKBRIDGE ROAD,,Non-Injury Crash,Yes,2009,,West,,0,,Flat,,,,,,Overcast,810000,0,0,0,2,,,0,,,,,,Auckland Region,Nil,2-way,Sealed,,0,0,,100,,None,0,0,,76,Auckland,Give way,,,,,0,0,Open,0,,,Light rain,Null
1821813,5529511,13030,,562800,0,,0,2,,Null,2009/2010,THE SQUARE,MAIN ST,,Non-Injury Crash,No,2009,,South,,0,,Flat,,,,,,Dark,1829200,0,0,0,2,,,0,,,,,,Manawatū-Whanganui Region,Nil,2-way,Sealed,,0,0,,50,,On,0,0,,40,Palmerston North City,Give way,,,,,0,0,Urban,0,,,Fine,Null
1567811,5176611,13031,,595100,0,,0,2,,West,2009/2010,SAMUEL ST,WYN ST,,Non-Injury Crash,No,2009,,East,,0,,Flat,,,,,,Overcast,2633800,0,0,0,2,,,0,,,,,,Canterbury Region,Nil,2-way,Sealed,,0,0,,50,,Null,0,0,,60,Christchurch City,Nil,,,,,0,0,Urban,0,,,Fine,Null
1770369,5916778,13032,,522604,0,,0,2,,Null,2009/2010,BUCKLANDS BEACH ROAD,MACLEANS ROAD,,Non-Injury Crash,No,2009,,North,,0,,Flat,,Christmas New Year,,,,Bright sun,677400,0,0,0,2,,,0,,,,,,Auckland Region,Nil,2-way,Sealed,,0,0,,50,,Off,0,0,,76,Auckland,Nil,,,,,0,0,Urban,0,,,Fine,Null
1748566,5426632,13033,,573101,0,,0,2,,Null,2008/2009,HOPPER ST,WEBB ST,,Non-Injury Crash,No,2009,,North,,0,,Flat,,,,,,Bright sun,2135100,0,0,0,2,,,0,,,,,,Wellington Region,Nil,2-way,Sealed,,0,0,,50,,Null,0,0,,47,Wellington City,Give way,,,,,0,0,Urban,0,,,Fine,Null
1817205,5803348,13034,,527503,0,,0,3,,East,2009/2010,SH 1N,EMPIRE ST,,Non-Injury Crash,Yes,2009,,West,,0,,Hill Road,,,,,,Bright sun,962602,0,0,0,3,,,0,,,,,,Waikato Region,Nil,2-way,Sealed,,0,0,,50,,Null,1,0,,17,Waipa District,Unknown,,,,,0,0,Urban,0,,,Fine,Null
1572671,5199961,13035,,586129,0,0,0,1,0,Null,2008/2009,SH 1S,WILLIAMS ST,,Non-Injury Crash,Yes,2009,0,South,0,0,0,Flat,0,,0,,0,Dark,2447900,0,0,0,2,0,0,0,0,0,,0,1,Canterbury Region,Nil,2-way,Sealed,0,0,0,0,100,0,On,0,0,,59,Waimakariri District,Stop,1,0,0,0,0,0,Open,0,0,0,Light rain,Null
1982408,5670534,13036,,545500,0,0,0,2,0,North,2008/2009,CARROLL ST,RIVER PARADE,,Non-Injury Crash,No,2009,0,North,0,0,0,Flat,0,,0,,0,Dark,1388400,0,0,0,2,0,0,0,0,1,,0,0,Hawke's Bay Region,Nil,2-way,Sealed,0,0,0,0,50,0,On,0,0,,29,Wairoa District,Nil,0,0,0,0,0,0,Urban,0,0,0,Fine,Null