X,Y,OBJECTID,advisorySpeed,areaUnitID,bicycle,bridge,bus,carStationWagon,cliffBank,crashDirectionDescription,crashFinancialYear,crashLocation1,crashLocation2,crashRoadSideRoad,crashSeverity,crashSHDescription,crashYear,debris,directionRoleDescription,ditch,fatalCount,fence,flatHill,guardRail,holiday,houseOrBuilding,intersection,kerb,light,meshblockId,minorInjuryCount,moped,motorcycle,NumberOfLanes,objectThrownOrDropped,otherObject,otherVehicleType,overBank,parkedVehicle,pedestrian,phoneBoxEtc,postOrPole,region,roadCharacter,roadLane,roadSurface,roadworks,schoolBus,seriousInjuryCount,slipOrFlood,speedLimit,strayAnimal,streetLight,suv,taxi,temporarySpeedLimit,tlaId,tlaName,trafficControl,trafficIsland,trafficSign,train,tree,truck,unknownVehicleType,urban,vanOrUtility,vehicle,waterRiver,weatherA,weatherB
1766994,5913379,13037,,522910,0,,0,2,,Null,2009/2010,PAKURANGA ROAD,WILLIAM ROBERTS ROAD,,Non-Injury Crash,No,2009,,West,,0,,Flat,,,,,,Dark,685000,0,0,0,2,,,0,,,,,,Auckland Region,Nil,2-way,Sealed,,0,0,,50,,On,0,1,,76,Auckland,Give way,,,,,0,0,Urban,0,,,Light rain,Null
1752502,5933324,13038,,508701,0,,0,2,,Null,2009/2010,MERCARI WAY,ALBANY EXPRESSWAY,,Non-Injury Crash,No,2009,,South,,0,,Flat,,,,,,Overcast,178900,0,0,0,4,,,0,,,,,,Auckland Region,Nil,2-way,Sealed,,0,0,,50,,Off,0,0,,76,Auckland,Give way,,,,,0,0,Urban,0,,,Fine,Null
1755311,5921681,13039,,515202,0,,0,5,,North,2008/2009,SH 1N,SHELLY BEACH OBR,,Non-Injury Crash,Yes,2009,,South,,0,,Hill Road,,,,,,Bright sun,423600,0,0,0,4,,,0,,,,,,Auckland Region,Nil,1-way,Sealed,,0,0,,80,,Off,0,0,,76,Auckland,Nil,,,,,0,0,Open,0,,,Fine,Null
1933283,5600884,13040,,548832,0,,0,1,,Null,2009/2010,TANNER ST,TAINUI DRIVE,,Non-Injury Crash,No,2009,,West,,0,,Hill Road,,,,,,Bright sun,1508800,0,0,0,2,,,0,,,,,,Hawke's Bay Region,Nil,2-way,Sealed,,0,0,,50,,Null,0,0,,30,Hastings District,Give way,,,,,0,0,Urban,1,,,Fine,Null
1393462,4914675,13041,,602411,0,,0,0,,East,2009/2010,GLADSTONE ROAD SOUTH,RICCARTON ROAD WEST,,Non-Injury Crash,No,2009,,West,,0,,Flat,,,,,,Overcast,2979100,0,0,0,2,,,0,,,,,,Otago Region,Nil,2-way,Sealed,,0,0,,100,,Null,0,0,,71,Dunedin City,Nil,,,,,0,0,Open,2,,,Fine,Null
1771363,5445744,13042,,567500,0,,0,4,,East,2008/2009,SH 2,MOONSHINE ROAD,,Non-Injury Crash,Yes,2009,,West,,0,,Flat,,,,,,Overcast,1888200,0,0,0,2,,,0,,,,,,Wellington Region,Nil,2-way,Sealed,,0,0,,100,,Null,0,0,,45,Upper Hutt City,Nil,,,,,0,0,Open,0,,,Light rain,Null
1891444,5813892,13043,,538501,0,,0,1,,Null,2009/2010,JELLICOE ST,NO 3 ROAD,,Non-Injury Crash,No,2009,,North,,0,,Flat,,,,,,Bright sun,1213900,0,0,0,2,,,0,,,,,,Bay of Plenty Region,Nil,2-way,Sealed,,0,0,,70,,Null,0,0,,22,Western Bay of Plenty District,Stop,,,,,0,0,Urban,1,,,Fine,Null
1623546,5431204,13044,,582500,0,0,0,1,0,North,2008/2009,PARU PARU ROAD,HALIFAX ST,,Non-Injury Crash,No,2009,0,North,0,0,0,Flat,0,,0,,0,Dark,2319000,0,0,0,2,0,0,0,0,0,,0,0,Nelson Region,Nil,2-way,Sealed,0,0,0,0,50,0,On,0,0,,52,Nelson City,Nil,0,1,0,0,0,0,Urban,0,0,0,Fine,Null
1824036,5463409,13045,,578600,0,,0,2,,Null,2008/2009,QUEEN ST,CHURCH ST,,Non-Injury Crash,No,2009,,South,,0,,Flat,,Easter,,,,Bright sun,2244800,0,0,0,2,,,0,,,,,,Wellington Region,Nil,2-way,Sealed,,0,0,,50,,Null,0,0,,48,Masterton District,Give way,,,,,0,0,Urban,0,,,Fine,Null
1751760,5423957,13046,,577200,0,,0,1,,Null,2008/2009,DEVONSHIRE ROAD,HOBART ST,,Non-Injury Crash,No,2009,,East,,0,,Flat,,,,,,Dark,2207000,0,0,0,2,,,0,,,,,,Wellington Region,Nil,2-way,Sealed,,0,0,,50,,On,0,1,,47,Wellington City,Stop,,,,,0,0,Urban,1,,,Fine,Null
1861419,5807643,13047,,536630,0,0,0,1,0,South,2009/2010,SH 29,OLD KAIMAI ROAD N,,Non-Injury Crash,Yes,2009,0,North,0,0,1,Flat,0,,0,,0,Dark,1191900,0,0,0,2,0,0,0,0,0,,0,0,Bay of Plenty Region,Nil,2-way,Sealed,0,0,0,0,100,0,None,0,0,,22,Western Bay of Plenty District,Unknown,0,0,0,0,0,0,Open,0,0,0,Light rain,Null
1818014,5802982,13048,,527503,0,,0,1,,West,2009/2010,ACHILLES AVENUE,SHAKESPEARE ST,,Non-Injury Crash,No,2009,,East,,0,,Hill Road,,,,,,Bright sun,963100,0,0,0,2,,,0,,,,,,Waikato Region,Nil,2-way,Sealed,,0,0,,80,,Null,0,0,,17,Waipa District,Give way,,,,,0,0,Open,1,,,Fine,Null
1802893,5816588,13049,,530000,0,0,0,0,0,Null,2009/2010,TRAMWAY ROAD,EAST STREET,,Non-Injury Crash,No,2009,0,East,0,0,0,Flat,0,,0,,0,Dark,866300,0,0,0,2,0,0,0,0,0,,0,1,Waikato Region,Nil,2-way,Sealed,0,0,0,0,50,0,On,1,0,,16,Hamilton City,Stop,0,0,0,0,0,0,Urban,0,0,0,Light rain,Null
1619744,5428765,13050,,583500,0,,0,1,,South,2008/2009,BOLT ROAD,COHEN PLACE,,Non-Injury Crash,No,2009,,South,,0,,Flat,,,,,,Bright sun,2335801,0,0,0,2,,,0,,,,,,Nelson Region,Nil,2-way,Sealed,,0,0,,50,,Null,1,0,,52,Nelson City,Nil,,,,,0,0,Urban,0,,,Fine,Null
1757332,5919518,13051,,514103,0,,0,2,,North,2009/2010,SYMONDS ST,CITY ROAD,,Non-Injury Crash,No,2009,,South,,0,,Flat,,,,,,Overcast,436300,0,0,0,4,,,0,,,,,,Auckland Region,Nil,2-way,Sealed,,0,0,,50,,Null,0,1,,76,Auckland,Unknown,,,,,0,0,Urban,0,,,Fine,Null
1843930,5788774,13052,,535250,0,0,0,1,0,South,2009/2010,SH 1N,WEBSTER ROAD,,Non-Injury Crash,Yes,2009,0,South,0,0,1,Flat,0,,0,,0,Bright sun,1127501,0,0,0,2,0,0,0,0,0,,0,0,Waikato Region,Nil,2-way,Sealed,0,0,0,0,100,0,Null,0,0,,19,South Waikato District,Unknown,0,0,0,0,0,0,Open,0,0,0,Fine,Null
1801844,5814959,13053,,530200,0,,0,2,,Null,2009/2010,BRIDGE ST,GREY ST,,Non-Injury Crash,No,2009,,East,,0,,Flat,,,,,,Overcast,892800,0,0,0,1,,,0,,,,,,Waikato Region,Nil,1-way,Sealed,,0,0,,50,,Null,0,0,,16,Hamilton City,Give way,,,,,0,0,Urban,0,,,Light rain,Null
2035042,5709997,13054,,544300,0,,0,2,,Null,2008/2009,GLADSTONE ROAD,LYTTON ROAD,,Non-Injury Crash,No,2009,,West,,0,,Flat,,,,,,Dark,1366100,0,0,0,2,,,0,,,,,,Gisborne Region,Nil,2-way,Sealed,,0,0,,50,,On,0,0,,28,Gisborne District,Give way,,,,,0,0,Urban,0,,,Heavy rain,Null
1754245,5869657,13055,,521153,0,,0,0,,East,2009/2010,HOODS LANDING ROAD,MAIORO ROAD,,Non-Injury Crash,No,2009,,West,,0,,Flat,,,,,,Bright sun,832500,0,0,0,2,,,0,,,,,,Waikato Region,Nil,2-way,Sealed,,0,0,,50,,None,1,0,,13,Waikato District,Nil,,,,,0,0,Urban,0,,,Fine,Null
1821348,5530149,13056,,562310,0,,0,1,,Null,2009/2010,SH 3,FEATHERSTON ST,,Non-Injury Crash,Yes,2009,,North,,0,,Flat,,,,,,Overcast,1824200,0,0,0,2,,,0,,,,,,Manawatū-Whanganui Region,Nil,2-way,Sealed,,0,0,,50,,Null,1,0,,40,Palmerston North City,Traffic Signals,,,,,0,0,Urban,0,,,Fine,Null
1743369,5923725,13057,,513511,0,0,0,2,0,Null,2008/2009,FRED TAYLOR DRIVE,DON BUCK ROAD,,Non-Injury Crash,No,2009,0,West,0,0,0,Flat,0,,0,,0,Dark,224306,0,0,0,2,0,0,0,0,0,,0,0,Auckland Region,Nil,2-way,Sealed,0,0,0,0,80,0,On,0,0,,76,Auckland,Give way,0,0,0,0,0,0,Open,0,1,0,Fine,Null
2027242,5702183,13058,,544002,0,0,0,1,0,Null,2008/2009,SH 2,FOXLEY ROAD,,Non-Injury Crash,Yes,2009,0,North,1,0,0,Flat,1,Easter,0,,0,Bright sun,1365200,0,0,0,2,0,0,0,0,0,,0,0,Gisborne Region,Nil,2-way,Sealed,0,0,0,0,100,0,Null,0,0,,28,Gisborne District,Nil,0,0,0,0,0,0,Open,0,0,0,Fine,Null
1936989,5621533,13059,,546802,0,0,0,2,0,North,2009/2010,HASTINGS ST,EMERSON ST,,Non-Injury Crash,No,2009,0,North,0,0,0,Flat,0,,0,,0,Bright sun,1423900,0,0,0,2,0,0,0,0,1,,0,0,Hawke's Bay Region,Nil,2-way,Sealed,0,0,0,0,50,0,Null,0,0,,31,Napier City,Nil,0,0,0,0,0,0,Urban,0,0,0,Fine,Null
1700701,5633937,13060,,553500,0,0,0,1,0,North,2008/2009,PALMER ROAD,SKEET ROAD,,Non-Injury Crash,No,2009,0,North,0,0,0,Flat,0,Easter,0,,0,Dark,1638302,0,0,0,2,0,0,0,0,0,,0,0,Taranaki Region,Nil,2-way,Sealed,0,0,0,0,100,0,None,0,0,,35,South Taranaki District,Nil,0,0,0,0,0,0,Open,0,0,0,Fine,Null
1575467,5181337,13061,,593000,0,,0,1,,Null,2008/2009,PAGES ROAD,SHUTTLE DRIVE,,Non-Injury Crash,No,2009,,East,,0,,Flat,,,,,,Overcast,2570000,0,0,0,2,,,0,,,,,,Canterbury Region,Nil,2-way,Sealed,,0,0,,50,,Null,0,0,,60,Christchurch City,Give way,,,,,0,0,Urban,1,,,Fine,Null
1935037,5620019,13062,,546500,0,0,1,1,0,West,2008/2009,KENNEDY ROAD,RIVERBEND ROAD,,Non-Injury Crash,No,2009,0,West,0,0,0,Flat,0,,0,,0,Bright sun,1442500,0,0,0,4,0,0,0,0,1,,0,0,Hawke's Bay Region,Nil,2-way,Sealed,0,0,0,0,50,0,Null,0,0,,31,Napier City,Nil,0,0,0,0,0,0,Urban,0,0,0,Fine,Null
1930588,5611580,13063,,545832,0,0,0,0,0,South,2009/2010,SH 50A,LINKS ROAD,,Non-Injury Crash,Yes,2009,0,South,1,0,0,Flat,0,,0,,0,Bright sun,1404400,0,0,0,2,0,0,0,0,0,,0,0,Hawke's Bay Region,Nil,2-way,Sealed,0,0,0,0,100,0,Null,0,0,,30,Hastings District,Nil,0,0,0,0,0,0,Open,1,0,0,Fine,Null
1626107,5433403,13064,,582100,0,,1,0,,Null,2008/2009,SH 6,BAY VIEW ROAD,,Non-Injury Crash,Yes,2009,,West,,0,,Flat,,,,,,Overcast,2316600,0,0,0,2,,,0,,,,,,Nelson Region,Nil,2-way,Sealed,,1,0,,100,,Null,1,0,,52,Nelson City,Give way,,,,,0,0,Open,0,,,Fine,Null
1764713,5440069,13065,,568201,0,,0,1,,South,2008/2009,HIGH ST,PETHERICK ST,,Non-Injury Crash,No,2009,,South,,0,,Flat,,,,,,Overcast,1935500,0,0,0,2,,,0,,,,,,Wellington Region,Nil,2-way,Sealed,,0,0,,50,,Null,1,0,,46,Lower Hutt City,Nil,,,,,0,0,Urban,0,,,Light rain,Null
1945505,5661975,13066,55,545301,0,0,0,1,1,North,2009/2010,SH 2,WAIKARE ROAD,,Non-Injury Crash,Yes,2009,0,South,1,0,0,Hill Road,0,,0,,0,Overcast,1393000,0,0,0,2,0,0,0,0,0,,0,0,Hawke's Bay Region,Nil,2-way,Sealed,0,0,0,0,100,0,Null,0,0,,29,Wairoa District,Nil,0,0,0,0,0,0,Open,0,0,0,Heavy rain,Null
1753643,5914580,13067,,518801,0,0,0,0,0,East,2009/2010,STODDARD ROAD,DENIZE ROAD,,Non-Injury Crash,No,2009,0,West,0,0,0,Flat,0,,0,,0,Overcast,578500,0,0,0,2,0,0,0,0,0,,0,1,Auckland Region,Nil,2-way,Sealed,0,0,0,0,50,0,Off,0,0,,76,Auckland,Nil,0,0,0,0,0,0,Urban,1,0,0,Fine,Null
1770207,5899071,13068,,523911,0,,0,2,,Null,2009/2010,GREAT SOUTH ROAD,CHALLEN CLOSE,,Non-Injury Crash,No,2009,,North,,0,,Flat,,,,,,Overcast,768100,0,0,0,2,,,0,,,,,,Auckland Region,Nil,2-way,Sealed,,0,0,,50,,Null,0,0,,76,Auckland,Traffic Signals,,,,,0,0,Urban,0,,,Fine,Null
1718736,6042736,13069,,503900,0,0,0,0,0,Null,2008/2009,REWA REWA ROAD,DYER ST,,Non-Injury Crash,No,2009,0,East,0,0,0,Flat,0,,0,,0,Overcast,109104,0,0,0,2,0,0,1,0,1,,0,0,Northland Region,Nil,2-way,Sealed,0,0,0,0,50,0,Off,0,0,,2,Whangarei District,Traffic Signals,0,0,0,0,1,0,Urban,0,0,0,Light rain,Null
1765410,5907186,13070,,522301,0,,0,2,,Null,2009/2010,GREAT SOUTH ROAD,MAXWELL AVENUE,,Non-Injury Crash,No,2009,,South,,0,,Flat,,Labour Weekend,,,,Overcast,665800,0,0,0,2,,,0,,,,,,Auckland Region,Nil,2-way,Sealed,,0,0,,50,,Off,0,0,,76,Auckland,Give way,,,,,0,0,Urban,0,,,Light rain,Null
1243027,4851924,13071,,610800,0,,0,2,,Null,2008/2009,DUKE ST,SWINTON ST,,Non-Injury Crash,No,2009,,West,,0,,Flat,,,,,,Bright sun,3120100,0,0,0,2,,,0,,,,,,Southland Region,Nil,2-way,Sealed,,0,0,,50,,Null,0,0,,75,Invercargill City,Give way,,,,,0,0,Urban,0,,,Fine,Null
1717549,6043722,13072,,503800,0,0,0,2,0,South,2009/2010,WARWICK PLACE,RAUMANGA HEIGHTS DRIVE,,Non-Injury Crash,No,2009,0,East,0,0,0,Flat,0,,0,,0,Bright sun,107604,0,0,0,1,0,0,0,0,1,,0,0,Northland Region,Nil,2-way,Sealed,0,0,0,0,50,0,Null,0,0,,2,Whangarei District,Unknown,0,0,0,0,0,0,Urban,0,0,0,Fine,Null
1696221,5677094,13073,,551012,0,,0,3,,East,2009/2010,SH 3,SMART ROAD,,Non-Injury Crash,Yes,2009,,West,,0,,Flat,,,,,,Dark,1559400,0,0,0,2,,,0,,,,,,Taranaki Region,Nil,2-way,Sealed,,0,0,,70,,On,0,0,,33,New Plymouth District,Nil,,,,,0,0,Urban,0,,,Fine,Null
1831152,5632172,13074,,554900,0,0,0,1,1,North,2008/2009,SH 1N,ANDREWS DRIVE,,Non-Injury Crash,Yes,2009,0,South,0,0,0,Flat,0,,0,,0,Dark,1755500,0,0,0,2,0,0,0,0,0,,0,0,Manawatū-Whanganui Region,Nil,2-way,Sealed,0,0,0,0,100,0,None,0,0,,36,Ruapehu District,Nil,0,0,0,0,0,0,Open,0,0,0,Light rain,Null
1877814,5822558,13075,,538101,0,,0,2,,West,2009/2010,SH 2A,CAMERON ROAD,,Non-Injury Crash,Yes,2009,,South,,0,,Flat,,,,,,Dark,1167803,0,0,0,4,,,0,,,,,,Bay of Plenty Region,Nil,2-way,Sealed,,0,0,,80,,On,0,0,,23,Tauranga City,Unknown,,,,,0,0,Open,0,,,Fine,Null
1930687,5606092,13076,,547600,0,,0,2,,East,2008/2009,FREDERICK ST,NELSON ST NORTH,,Non-Injury Crash,No,2009,,West,,0,,Flat,,,,,,Overcast,1483500,0,0,0,2,,,0,,,,,,Hawke's Bay Region,Nil,2-way,Sealed,,0,0,,50,,Null,0,0,,30,Hastings District,Give way,,,,,0,0,Urban,0,,,Fine,Null
1795788,5875552,13077,,527221,0,,0,1,,East,2009/2010,SH 2,MAXWELL ROAD,,Non-Injury Crash,Yes,2009,,West,,0,,Flat,,,,,,Dark,932802,0,0,0,2,,,0,,,,,,Waikato Region,Nil,2-way,Sealed,,0,0,,100,,Off,0,0,,13,Waikato District,Nil,,,,,0,0,Open,1,,,Mist or Fog,Null
1719920,6045992,13078,,503200,0,,0,2,,Null,2009/2010,RIVERSIDE DRIVE,EWING ROAD,,Non-Injury Crash,No,2009,,West,,0,,Flat,,,,,,Bright sun,101304,0,0,0,4,,,0,,,,,,Northland Region,Nil,2-way,Sealed,,0,0,,50,,Off,0,0,,2,Whangarei District,Give way,,,,,0,0,Urban,0,,,Fine,Null
1772445,5911202,13079,55,523202,0,0,0,1,0,North,2009/2010,WHITFORD ROAD,BROOMFIELDS ROAD,,Non-Injury Crash,No,2009,0,South,0,0,0,Hill Road,0,,0,,0,Dark,717502,0,0,0,2,0,0,0,0,0,,0,1,Auckland Region,Nil,2-way,Sealed,0,0,0,0,80,0,None,0,0,,76,Auckland,Nil,0,0,0,0,0,0,Open,0,0,0,Fine,Null
1929268,5605912,13080,,547700,0,0,0,1,0,North,2008/2009,GRAYS ROAD,QUEEN ST WEST,,Non-Injury Crash,No,2009,0,South,0,0,0,Flat,0,,0,,1,Dark,1488000,0,0,0,2,0,0,0,0,0,,0,0,Hawke's Bay Region,Nil,2-way,Sealed,0,0,0,0,50,0,On,0,0,,30,Hastings District,Nil,0,0,0,0,0,0,Urban,0,0,0,Fine,Null
1753231,5443071,13081,,570800,0,0,0,0,0,West,2008/2009,BROKEN HILL ROAD,RAIHA ST,,Non-Injury Crash,No,2009,0,South,0,0,0,Flat,0,,0,,0,Bright sun,2053106,0,0,0,2,0,0,0,0,1,,0,0,Wellington Region,Nil,2-way,Sealed,0,0,0,0,50,0,Null,0,0,,44,Porirua City,Nil,0,0,0,0,2,0,Urban,0,0,0,Fine,Null
1572400,5180050,13082,,593501,0,0,0,2,0,East,2008/2009,HEREFORD ST,STANMORE ROAD,,Non-Injury Crash,No,2009,0,East,0,0,0,Flat,0,,0,,0,Dark,2609000,0,0,0,2,0,0,0,0,1,,0,0,Canterbury Region,Nil,2-way,Sealed,0,0,0,0,50,0,On,0,0,,60,Christchurch City,Unknown,0,0,0,0,0,0,Urban,0,0,0,Light rain,Null
1748518,5427751,13083,,573000,0,0,0,2,0,West,2009/2010,CHURCH ST,BOULCOTT ST,,Non-Injury Crash,No,2009,0,West,0,0,0,Hill Road,0,,0,,0,Bright sun,2128000,0,0,0,2,0,0,0,0,0,,0,0,Wellington Region,Nil,2-way,Sealed,0,0,0,0,50,0,Null,0,0,,47,Wellington City,Nil,0,0,0,0,0,0,Urban,0,1,0,Fine,Null
1933104,5620961,13084,,545621,0,,0,2,,Null,2008/2009,SH 2B,PREBENSEN DRIVE,,Non-Injury Crash,Yes,2009,,West,,0,,Flat,,,,,,Bright sun,1427801,0,0,0,4,,,0,,,,,,Hawke's Bay Region,Nil,2-way,Sealed,,0,0,,70,,Null,0,0,,31,Napier City,Give way,,,,,0,0,Urban,0,,,Fine,Null
1766441,5907637,13085,,523402,0,,0,2,,North,2008/2009,OTARA ROAD,EAST TAMAKI ROAD,,Non-Injury Crash,No,2009,,North,,0,,Flat,,,,,,Overcast,699300,0,0,0,2,,,0,,,,,,Auckland Region,Nil,2-way,Sealed,,0,0,,50,,Off,0,0,,76,Auckland,Traffic Signals,,,,,0,0,Urban,0,,,Fine,Null
1771838,5446138,13086,,567400,0,,0,1,,Null,2009/2010,SH 2,WHAKATIKI ST,,Non-Injury Crash,Yes,2009,,South,,0,,Flat,,,,,,Dark,1886600,0,0,0,4,,,0,,,,,,Wellington Region,Nil,2-way,Sealed,,0,0,,100,,On,1,0,,45,Upper Hutt City,Stop,,,,,0,0,Open,0,,,Fine,Null
1823937,5463533,13087,,578600,0,,0,2,,West,2008/2009,LINCOLN ROAD,SH 2,,Non-Injury Crash,No,2009,,West,,0,,Flat,,,,,,Overcast,2244300,0,0,0,2,,,0,,,,,,Wellington Region,Nil,2-way,Sealed,,0,0,,50,,Null,0,0,,48,Masterton District,Nil,,,,,0,0,Urban,0,,,Light rain,Null
1771927,5915612,13088,,521501,0,0,0,0,0,Null,2009/2010,CASTLETON DRIVE,CHERITON ROAD,,Non-Injury Crash,No,2009,0,North,0,0,0,Hill Road,0,,0,,0,Overcast,650800,0,0,0,2,0,0,0,0,0,,0,1,Auckland Region,Nil,2-way,Sealed,0,0,0,0,50,0,Null,0,0,,76,Auckland,Nil,0,0,0,0,0,0,Urban,1,0,0,Light rain,Null
1755454,5922115,13089,,515202,0,,0,2,,North,2009/2010,SH 1N,CURRAN ON NBD,,Non-Injury Crash,Yes,2009,,North,,0,,Hill Road,,,,,,Dark,423600,0,0,0,2,,,0,,,,,,,Bridge,1-way,Sealed,,0,0,,80,,On,0,1,,76,Auckland,Unknown,,,,,0,0,Open,0,,,Fine,Null
1754444,5930917,13090,,508420,0,,0,2,,South,2009/2010,SH 1N,SUNSET OBR,,Non-Injury Crash,Yes,2009,,North,,0,,Hill Road,,,,,,Bright sun,182008,0,0,0,3,,,0,,,,,,Auckland Region,Nil,1-way,Sealed,,0,0,,100,,Off,0,0,,76,Auckland,Nil,,,,,0,0,Open,0,,,Fine,Null
1758932,5435909,13091,,569201,0,,1,1,,Null,2008/2009,RAILWAY SLIP,RAILWAY AVENUE,,Non-Injury Crash,No,2009,,East,,0,,Flat,,,,,,Overcast,1925300,0,0,0,2,,,0,,,,,,Wellington Region,Nil,2-way,Sealed,,0,0,,50,,Null,0,0,,46,Lower Hutt City,Stop,,,,,0,0,Urban,0,,,Fine,Null
1930579,5615948,13092,,547300,0,0,0,2,0,West,2009/2010,HINTON ROAD,MURPHY ROAD,,Non-Injury Crash,No,2009,0,West,0,0,0,Flat,0,,0,,0,Dark,1460600,0,0,0,2,0,0,0,0,1,,0,0,Hawke's Bay Region,Nil,2-way,Sealed,0,0,0,0,50,0,On,0,0,,31,Napier City,Nil,0,0,0,0,0,0,Urban,0,0,0,Light rain,Null
1774283,5578525,13093,,556800,0,,0,1,,Null,2008/2009,GLASGOW ST,VICTORIA AVENUE,,Non-Injury Crash,No,2009,,East,,0,,Flat,,,,,,Dark,1702400,0,0,0,2,,,0,,,,,,Manawatū-Whanganui Region,Nil,2-way,Sealed,,0,0,,50,,On,1,0,,37,Whanganui District,Traffic Signals,,,,,0,0,Urban,0,,,Fine,Null
1720329,6043742,13094,,503900,0,0,0,1,0,South,2009/2010,KIOREROA ROAD,PORT ROAD,,Non-Injury Crash,No,2009,0,South,0,0,0,Flat,0,,0,,0,Bright sun,109200,0,0,0,2,0,0,0,0,1,,0,0,Northland Region,Nil,2-way,Sealed,0,0,0,0,50,0,Off,0,0,,2,Whangarei District,Nil,0,0,0,0,1,0,Urban,0,0,0,Fine,Null
1756537,5912553,13095,,518702,0,,0,2,,Null,2009/2010,HILLSBOROUGH ROAD,CARLTON ST,,Non-Injury Crash,No,2009,,South,,0,,Flat,,,,,,Overcast,570600,0,0,0,2,,,0,,,,,,Auckland Region,Nil,2-way,Sealed,,0,0,,50,,Off,0,0,,76,Auckland,Stop,,,,,0,0,Urban,0,,,Fine,Null
1749078,5424904,13096,,576400,0,,0,1,,West,2008/2009,CONSTABLE ST,RIDDIFORD ST,,Non-Injury Crash,No,2009,,West,,0,,Flat,,,,,,Bright sun,2168400,0,0,0,2,,,0,,,,,,Wellington Region,Nil,2-way,Sealed,,0,0,,40,,Null,0,0,,47,Wellington City,Nil,,,,,0,0,Urban,1,,,Fine,Null
1748334,5427193,13097,,573000,0,0,0,1,0,West,2009/2010,SH 1N,WILLIS ST,,Non-Injury Crash,Yes,2009,0,South,0,0,0,Flat,1,,0,,1,Twilight,2129600,0,0,0,2,0,0,0,0,0,,0,0,Wellington Region,Nil,1-way,Sealed,0,0,0,0,80,0,Off,0,0,,47,Wellington City,Nil,0,0,0,0,0,0,Open,1,0,0,Fine,Null
1756866,5449987,13098,15,571900,0,,0,2,,North,2009/2010,STEYNE AVENUE,SH 1N,,Non-Injury Crash,No,2009,,North,,0,,Flat,,,,,,Overcast,2068800,0,0,0,2,,,0,,,,,,Wellington Region,Nil,2-way,Sealed,,0,0,,50,,Null,0,0,,44,Porirua City,Nil,,,,,0,0,Urban,0,,,Fine,Null
1745583,5919965,13099,,513301,0,,0,1,,East,2008/2009,PARAMOUNT DRIVE,LINCOLN ROAD,,Non-Injury Crash,No,2009,,East,,0,,Flat,,,,,,Bright sun,230401,0,0,0,2,,,0,,,,,,Auckland Region,Nil,2-way,Sealed,,0,0,,50,,Off,0,0,,76,Auckland,Nil,,,,,0,0,Urban,0,,,Fine,Null
1747970,5427500,13100,,575300,0,0,0,2,0,South,2008/2009,KELBURN PARADE,GLASGOW ST,,Non-Injury Crash,No,2009,0,North,0,0,0,Hill Road,0,,0,,0,Bright sun,2155300,0,0,0,2,0,0,0,0,1,,0,0,Wellington Region,Nil,2-way,Sealed,0,0,0,0,50,0,Null,0,0,,47,Wellington City,Nil,0,0,0,0,0,0,Urban,0,0,0,Fine,Null
1749985,5914026,13101,,511303,0,0,0,0,0,West,2009/2010,MEMORIAL DRIVE W,GREAT NORTH ROAD,,Non-Injury Crash,No,2009,0,North,0,0,0,Flat,0,,0,,0,Bright sun,266000,0,0,0,2,0,0,0,0,0,,0,0,Auckland Region,Nil,2-way,Sealed,0,0,0,0,50,0,Off,1,0,,76,Auckland,Nil,0,0,0,0,0,0,Urban,1,1,0,Fine,Null
1754964,5914366,13102,,518803,0,0,0,1,0,East,2009/2010,MAY ROAD,GIFFORD AVENUE,,Non-Injury Crash,No,2009,0,West,0,0,0,Flat,0,,0,,0,Bright sun,580000,0,0,0,2,0,0,0,0,0,,0,0,Auckland Region,Nil,2-way,Sealed,0,0,0,0,50,0,Off,1,0,,76,Auckland,Nil,0,0,0,0,0,0,Urban,0,1,0,Fine,Null
1782168,5449764,13103,,567901,0,0,0,1,1,South,2008/2009,SH 2,KAITOKE LOOP,,Non-Injury Crash,Yes,2009,0,North,0,0,0,Flat,0,,0,,0,Overcast,1916000,0,0,0,2,0,0,0,0,0,,0,0,Wellington Region,Nil,2-way,Sealed,0,0,0,0,100,0,Null,0,0,,45,Upper Hutt City,Nil,0,0,0,0,0,0,Open,0,0,0,Fine,Null
1747584,5428410,13104,,575200,0,,0,2,,East,2008/2009,GARDEN ROAD,ORANGI KAUPAPA ROAD,,Non-Injury Crash,No,2009,,North,,0,,Hill Road,,,,,,Overcast,2151300,0,0,0,2,,,0,,,,,,Wellington Region,Nil,2-way,Sealed,,0,0,,50,,Null,0,0,,47,Wellington City,Nil,,,,,0,0,Urban,0,,,Fine,Null
1704621,5664228,13105,,552702,0,,0,2,,Null,2008/2009,SH 3,DUDLEY ROAD LOWER,,Non-Injury Crash,Yes,2009,,South,,0,,Flat,,,,,,Overcast,1607700,0,0,0,2,,,0,,,,,,Taranaki Region,Nil,2-way,Sealed,,0,0,,100,,Null,0,0,,33,New Plymouth District,Nil,,,,,0,0,Open,0,,,Fine,Null
1760060,5436720,13106,,569100,0,,0,1,,North,2009/2010,RUTHERFORD ST,MELLING LINK,,Non-Injury Crash,No,2009,,North,,0,,Flat,,,,,,Bright sun,1967200,0,0,0,2,,,0,,,,,,Wellington Region,Nil,2-way,Sealed,,0,0,,50,,Null,0,0,,46,Lower Hutt City,Nil,,,,,0,0,Urban,1,,,Fine,Null