X,Y,OBJECTID,advisorySpeed,areaUnitID,bicycle,bridge,bus,carStationWagon,cliffBank,crashDirectionDescription,crashFinancialYear,crashLocation1,crashLocation2,crashRoadSideRoad,crashSeverity,crashSHDescription,crashYear,debris,directionRoleDescription,ditch,fatalCount,fence,flatHill,guardRail,holiday,houseOrBuilding,intersection,kerb,light,meshblockId,minorInjuryCount,moped,motorcycle,NumberOfLanes,objectThrownOrDropped,otherObject,otherVehicleType,overBank,parkedVehicle,pedestrian,phoneBoxEtc,postOrPole,region,roadCharacter,roadLane,roadSurface,roadworks,schoolBus,seriousInjuryCount,slipOrFlood,speedLimit,strayAnimal,streetLight,suv,taxi,temporarySpeedLimit,tlaId,tlaName,trafficControl,trafficIsland,trafficSign,train,tree,truck,unknownVehicleType,urban,vanOrUtility,vehicle,waterRiver,weatherA,weatherB
1756488,5924606,13107,,509702,0,,0,3,,North,2009/2010,SH 1N,SEART OFF SBD,,Non-Injury Crash,Yes,2009,,South,,0,,Flat,,,,,,Bright sun,366700,0,0,0,3,,,0,,,,,,Auckland Region,Nil,1-way,Sealed,,0,0,,100,,Off,0,0,,76,Auckland,Nil,,,,,0,0,Open,0,,,Fine,Null
1796833,5498666,13108,,564012,0,0,0,1,0,Null,2009/2010,GLADSTONE ROAD,QUEEN ST EAST,,Non-Injury Crash,No,2009,0,East,0,0,1,Flat,0,,0,,0,Overcast,1858204,0,0,0,2,0,0,0,0,0,,0,0,Manawatū-Whanganui Region,Nil,2-way,Sealed,0,0,0,0,80,0,Null,0,0,,42,Horowhenua District,Give way,0,0,0,0,0,0,Open,0,0,0,Fine,Null
1767669,5908488,13109,,523502,0,,0,2,,South,2009/2010,HILLS ROAD,JOHNSTONES ROAD,,Non-Injury Crash,No,2009,,North,,0,,Flat,,,,,,Bright sun,702800,0,0,0,2,,,0,,,,,,Auckland Region,Nil,2-way,Sealed,,0,0,,50,,Off,0,0,,76,Auckland,Nil,,,,,0,0,Urban,0,,,Fine,Null
1757373,5919962,13110,,514103,0,,0,2,,East,2009/2010,MAYORAL DRIVE,WAKEFIELD ST,,Non-Injury Crash,No,2009,,North,,0,,Hill Road,,,,,,Bright sun,436600,0,0,0,5,,,0,,,,,,Auckland Region,Nil,2-way,Sealed,,0,0,,50,,Off,0,0,,76,Auckland,Nil,,,,,0,0,Urban,0,,,Fine,Null
1857033,5837969,13111,,536615,0,0,0,1,0,South,2009/2010,SH 2,WHARAWHARA ROAD,,Non-Injury Crash,Yes,2009,0,South,0,0,0,Flat,0,,0,,0,Bright sun,1182704,0,0,0,2,0,0,0,0,0,,0,0,Bay of Plenty Region,Nil,2-way,Sealed,0,0,0,0,100,0,None,0,0,,22,Western Bay of Plenty District,Nil,0,0,0,0,1,0,Open,0,1,0,Fine,Null
1876367,5818640,13112,,537601,0,0,0,1,0,West,2009/2010,SH 29,OROPI ROAD,,Non-Injury Crash,Yes,2009,0,West,0,0,0,Flat,0,,0,,0,Dark,1177500,0,0,0,2,0,1,0,0,0,,0,0,Bay of Plenty Region,Nil,2-way,Sealed,0,0,0,0,100,0,None,0,0,,23,Tauranga City,Unknown,0,0,0,0,0,0,Open,0,0,0,Fine,Null
1753745,5928504,13113,,508210,0,,0,2,,Null,2009/2010,GLENFIELD ROAD,CHIVALRY ROAD,,Non-Injury Crash,No,2009,,South,,0,,Hill Road,,,,,,Dark,186301,0,0,0,5,,,0,,,,,,Auckland Region,Nil,2-way,Sealed,,0,0,,50,,On,0,0,,76,Auckland,Traffic Signals,,,,,0,0,Urban,0,,,Heavy rain,Null
1761093,5437820,13114,,569402,0,,0,2,,North,2008/2009,SH 2,GROUNSELL CRESCENT,,Non-Injury Crash,Yes,2009,,South,,0,,Flat,,Easter,,,,Overcast,1918804,0,0,0,2,,,0,,,,,,Wellington Region,Nil,2-way,Sealed,,0,0,,100,,Null,0,0,,46,Lower Hutt City,Nil,,,,,0,0,Open,0,,,Fine,Null
1771986,5890172,13115,,521203,0,,0,0,,Null,2009/2010,SH 22,JESMOND ROAD,,Non-Injury Crash,Yes,2009,,West,,0,,Flat,,,,,,Overcast,807400,0,0,0,2,,,0,,,,,,Auckland Region,Nil,2-way,Sealed,,0,0,,100,,None,1,0,,76,Auckland,Give way,,,,,0,0,Open,1,,,Fine,Null
1794021,5824896,13116,,527916,0,,0,2,,Null,2008/2009,HOROTIU BRIDGE ROAD,GREAT SOUTH ROAD,,Non-Injury Crash,Yes,2009,,West,,0,,Flat,,,,,,Overcast,975802,0,0,0,2,,,0,,,,,,Waikato Region,Nil,2-way,Sealed,,0,0,,80,,None,0,0,,13,Waikato District,Give way,,,,,0,0,Open,0,,,Mist or Fog,Frost
1802429,5816534,13117,,530000,0,0,0,1,0,East,2009/2010,PEACHGROVE ROAD,BAILEY AVENUE,,Non-Injury Crash,No,2009,0,South,0,0,1,Flat,0,Christmas New Year,0,,1,Dark,866100,0,0,0,2,0,0,0,0,0,,0,0,Waikato Region,Nil,2-way,Sealed,0,0,0,0,50,0,On,0,0,,16,Hamilton City,Nil,0,0,0,0,0,0,Urban,0,0,0,Light rain,Null
1747172,5919370,13118,,512402,0,,0,2,,Null,2009/2010,TE ATATU ROAD,COVIL AVENUE,,Non-Injury Crash,No,2009,,South,,0,,Flat,,,,,,Overcast,254000,0,0,0,2,,,0,,,,,,Auckland Region,Nil,2-way,Sealed,,0,0,,20,,Off,0,0,,76,Auckland,Give way,,,,,0,0,Urban,0,,,Fine,Null
1915393,5589812,13119,,545851,0,0,1,1,0,South,2009/2010,SH 2,BURMA ROAD,,Non-Injury Crash,Yes,2009,0,North,0,0,0,Flat,0,,0,,0,Dark,1464500,0,0,0,2,0,0,0,0,0,,0,0,Hawke's Bay Region,Nil,2-way,Sealed,0,0,0,0,100,0,None,0,0,,30,Hastings District,Nil,0,0,0,0,0,0,Open,0,0,0,Fine,Null
1760414,5911836,13120,,520000,0,0,0,0,0,North,2009/2010,CAPTAIN SPRINGS ROAD,NEILSON ST,,Non-Injury Crash,No,2009,0,West,0,0,0,Flat,0,,0,,0,Overcast,608200,0,0,0,2,0,0,0,0,0,,0,1,Auckland Region,Nil,2-way,Sealed,0,0,0,0,50,0,None,0,0,,76,Auckland,Nil,0,0,0,0,1,0,Urban,0,0,0,Fine,Null
1762348,5906174,13121,,524302,0,,0,2,,South,2009/2010,SKIPTON ST,HENWOOD ROAD,,Non-Injury Crash,No,2009,,North,,0,,Flat,,,,,,Overcast,744400,0,0,0,2,,,0,,,,,,Auckland Region,Nil,2-way,Sealed,,0,0,,50,,Off,0,0,,76,Auckland,Nil,,,,,0,0,Urban,0,,,Fine,Null
1759892,5434823,13122,,569002,0,,0,2,,East,2008/2009,WHITES LINE EAST,RANDWICK ROAD,,Non-Injury Crash,No,2009,,West,,0,,Hill Road,,,,,,Overcast,1964200,0,0,0,2,,,0,,,,,,Wellington Region,Nil,2-way,Sealed,,0,0,,50,,Null,0,0,,46,Lower Hutt City,Traffic Signals,,,,,0,0,Urban,0,,,Fine,Null
1755155,5434455,13123,,569800,0,0,0,1,0,West,2008/2009,SH 2,HOROKIWI ROAD,,Non-Injury Crash,Yes,2009,0,North,0,0,0,Flat,0,,0,,0,Bright sun,1922202,0,0,0,2,0,0,0,0,0,,0,1,Wellington Region,Nil,2-way,Sealed,0,0,0,0,100,0,Null,0,0,,46,Lower Hutt City,Nil,0,0,0,0,1,0,Open,0,0,0,Fine,Null
1749178,5426629,13124,,573400,0,,0,3,,North,2008/2009,SH 1N,ELLICE ST,,Non-Injury Crash,Yes,2009,,South,,0,,Flat,,,,,,Bright sun,2143400,0,0,0,2,,,0,,,,,,Wellington Region,Nil,2-way,Sealed,,0,0,,50,,Null,0,0,,47,Wellington City,Nil,,,,,1,0,Urban,1,,,Fine,Null
1821436,5529111,13125,,562800,0,,0,2,,Null,2008/2009,PITT ST,CHURCH ST,,Non-Injury Crash,No,2009,,West,,0,,Flat,,,,,,Bright sun,1828600,0,0,0,2,,,0,,,,,,Manawatū-Whanganui Region,Nil,2-way,Sealed,,0,0,,50,,Null,0,0,,40,Palmerston North City,Traffic Signals,,,,,0,0,Urban,0,,,Fine,Null
1766496,5440228,13126,,568101,0,0,0,0,0,West,2008/2009,HAWTHORN CRESCENT,GLEN ROAD,,Non-Injury Crash,No,2009,0,West,0,0,0,Flat,0,,0,,0,Bright sun,1927600,0,0,0,2,0,0,0,0,0,,0,1,Wellington Region,Nil,2-way,Sealed,0,0,0,0,50,0,Null,1,0,,46,Lower Hutt City,Nil,0,0,0,0,0,0,Urban,0,0,0,Fine,Null
1713818,5682867,13127,,550700,0,0,0,1,0,Null,2009/2010,SH 3,TURANGI ROAD LOWER,,Non-Injury Crash,Yes,2009,0,East,0,0,1,Flat,0,,0,,0,Overcast,1551300,0,0,0,2,0,0,0,0,0,,0,0,Taranaki Region,Nil,2-way,Sealed,0,0,0,0,100,0,Null,0,0,,33,New Plymouth District,Stop,0,0,0,1,0,0,Open,0,0,0,Light rain,Strong wind
2036925,5708956,13128,,544600,0,,0,1,,Null,2009/2010,PALMERSTON ROAD,CARNARVON ST,,Non-Injury Crash,No,2009,,West,,0,,Flat,,,,,,Bright sun,1373800,0,0,0,2,,,0,,,,,,Gisborne Region,Nil,2-way,Sealed,,0,0,,50,,Null,1,0,,28,Gisborne District,Stop,,,,,0,0,Urban,0,,,Fine,Null
1684399,5428480,13129,,581100,0,,0,1,,Null,2009/2010,WAIKAWA ROAD,WELLINGTON ST,,Non-Injury Crash,No,2009,,North,,0,,Flat,,,,,,Bright sun,2281400,0,0,0,2,,,0,,,,,,Marlborough Region,Nil,2-way,Sealed,,0,0,,50,,Null,0,0,,53,Marlborough District,Stop,,,,,0,0,Urban,1,,,Fine,Null
1755683,5434669,13130,,569800,0,0,0,1,0,Null,2009/2010,SH 2,PETONE ON SBD,,Non-Injury Crash,Yes,2009,0,South,0,0,0,Flat,1,,0,,0,Dark,2035800,0,0,0,2,0,0,0,0,0,,0,0,Wellington Region,Nil,1-way,Sealed,0,0,0,0,100,0,On,0,0,,46,Lower Hutt City,Nil,0,0,0,0,0,0,Open,0,0,0,Heavy rain,Null
1756752,5914491,13131,,518600,0,0,0,1,0,Null,2009/2010,MOUNT EDEN ROAD,HUNTERS PARK DRIVE,,Non-Injury Crash,No,2009,0,North,0,0,0,Flat,0,,0,,0,Dark,564000,0,0,0,2,0,0,0,0,0,,0,1,Auckland Region,Nil,2-way,Sealed,0,0,0,0,50,0,On,0,0,,76,Auckland,Nil,0,0,0,0,0,0,Urban,0,0,0,Fine,Null
1820709,5528870,13132,,563000,0,,0,2,,Null,2009/2010,MAIN ST,LYNDHURST ST,,Non-Injury Crash,No,2009,,East,,0,,Flat,,,,,,Overcast,1805700,0,0,0,4,,,0,,,,,,Manawatū-Whanganui Region,Nil,2-way,Sealed,,0,0,,50,,Null,0,0,,40,Palmerston North City,Give way,,,,,0,0,Urban,0,,,Light rain,Null
2034209,5709646,13133,,544400,0,,0,2,,Null,2008/2009,CHALMERS ROAD,CHILDERS ROAD,,Non-Injury Crash,No,2009,,West,,0,,Flat,,,,,,Bright sun,1374601,0,0,0,2,,,0,,,,,,Gisborne Region,Nil,2-way,Sealed,,0,0,,50,,Null,0,0,,28,Gisborne District,Give way,,,,,0,0,Urban,0,,,Fine,Null
1748991,5427436,13134,,573101,0,,0,2,,West,2008/2009,JERVOIS QUAY,TARANAKI ST,,Non-Injury Crash,No,2009,,West,,0,,Flat,,,,,,Overcast,2133100,0,0,0,2,,,0,,,,,,Wellington Region,Nil,2-way,Sealed,,0,0,,50,,Null,0,0,,47,Wellington City,Nil,,,,,0,0,Urban,0,,,Fine,Null
1590819,5458957,13135,,581833,0,0,0,1,0,West,2008/2009,SH 60,CANAAN ROAD,,Non-Injury Crash,Yes,2009,0,South,1,0,0,Hill Road,0,,0,,0,Twilight,2367001,0,0,0,2,0,0,0,0,0,,0,0,Tasman Region,Nil,2-way,Sealed,0,0,0,0,100,0,None,0,0,,51,Tasman District,Nil,0,0,0,0,0,0,Open,0,0,0,Light rain,Null
1765852,5907166,13136,,522301,0,,0,2,,West,2009/2010,EAST TAMAKI ROAD,WINTERE ROAD,,Non-Injury Crash,No,2009,,West,,0,,Flat,,,,,,Bright sun,666800,0,0,0,2,,,0,,,,,,Auckland Region,Nil,2-way,Sealed,,0,0,,50,,Off,0,0,,76,Auckland,Nil,,,,,0,0,Urban,0,,,Fine,Null
1771794,5578988,13137,,555300,0,,0,1,,South,2008/2009,MOSSTON ROAD,TAYFORTH ROAD,,Non-Injury Crash,No,2009,,North,,0,,Flat,,,,,,Overcast,1682000,0,0,0,2,,,0,,,,,,Manawatū-Whanganui Region,Nil,2-way,Sealed,,0,0,,70,,Null,0,0,,37,Whanganui District,Nil,,,,,0,0,Urban,1,,,Fine,Null
1439806,5003932,13138,,601030,0,,0,0,,Null,2008/2009,SH 1S,ITCHEN ST,,Non-Injury Crash,Yes,2009,,West,,0,,Hill Road,,,,,,Bright sun,2839900,0,0,0,3,,,0,,,,,,Otago Region,Nil,2-way,Sealed,,0,0,,50,,Null,1,0,,68,Waitaki District,Give way,,,,,1,0,Urban,0,,,Fine,Null
1776389,5448911,13139,,566620,0,,0,1,,East,2009/2010,GEMSTONE DRIVE,AGATE GROVE,,Non-Injury Crash,No,2009,,East,,0,,Flat,,,,,,Twilight,1912005,0,0,0,2,,,0,,,,,,Wellington Region,Nil,2-way,Sealed,,0,0,,50,,On,0,0,,45,Upper Hutt City,Nil,,,,,0,0,Urban,1,,,Fine,Strong wind
1758844,5911506,13140,,519820,0,,0,1,,Null,2009/2010,SH 20,ONEHUNGA ON SBD,,Non-Injury Crash,Yes,2009,,South,,0,,Flat,,,,,,Bright sun,602402,0,0,0,1,,,0,,,,,,Auckland Region,Motorway ramp,1-way,Sealed,,0,0,,100,,Off,0,0,80,76,Auckland,Give way,,,,,2,0,Open,0,,,Fine,Null
1842800,5792340,13141,80,535250,0,0,0,1,0,South,2009/2010,SH 1N,ORAKA STM BR,,Non-Injury Crash,Yes,2009,0,North,0,0,1,Flat,0,,0,,0,Dark,1127001,0,0,0,2,0,0,0,0,0,,0,0,Waikato Region,Nil,2-way,Sealed,0,0,0,0,100,0,None,0,0,,19,South Waikato District,Unknown,0,0,0,0,0,0,Open,0,0,0,Fine,Null
1242291,4849898,13142,,611210,0,,0,2,,Null,2008/2009,LEVEN ST,SPEY ST,,Non-Injury Crash,No,2009,,North,,0,,Flat,,,,,,Bright sun,3106000,0,0,0,4,,,0,,,,,,Southland Region,Nil,2-way,Sealed,,0,0,,50,,Null,0,0,,75,Invercargill City,Traffic Signals,,,,,0,0,Urban,0,,,Fine,Null
1812224,5455773,13143,,579700,0,0,0,1,0,Null,2008/2009,BROADWAY,WHEATSTONE ST,,Non-Injury Crash,No,2009,0,North,0,0,1,Flat,0,,0,,0,Twilight,2258800,0,0,0,2,0,0,0,0,0,,0,0,Wellington Region,Nil,2-way,Sealed,0,0,0,0,50,0,Off,0,0,,49,Carterton District,Nil,0,0,0,0,0,0,Urban,0,0,0,Heavy rain,Null
1750393,5926539,13144,,510010,0,,0,1,,Null,2009/2010,DAKOTA AVENUE,AEROVIEW DRIVE,,Non-Injury Crash,No,2009,,North,,0,,Flat,,,,,,Bright sun,342500,0,0,0,1,,,0,,,,,,Auckland Region,Nil,2-way,Sealed,,0,0,,50,,Off,0,0,,76,Auckland,Nil,,,,,0,0,Urban,0,,,Fine,Null
1752152,5934488,13145,,508701,0,0,0,0,0,Null,2008/2009,OTEHA VALLEY ROAD,APPIAN WAY,,Non-Injury Crash,No,2009,0,North,0,0,0,Flat,0,,0,,0,Dark,178900,0,0,0,4,0,1,0,0,0,,0,0,Auckland Region,Nil,2-way,Sealed,0,0,0,0,50,0,Off,1,0,,76,Auckland,Give way,0,0,0,0,0,0,Urban,0,0,0,Heavy rain,Null
1758224,5913433,13146,,519710,0,,0,1,,Null,2009/2010,MOUNT ALBERT ROAD,CAMPBELL ROAD,,Non-Injury Crash,No,2009,,East,,0,,Flat,,,,,,Bright sun,594701,0,0,0,2,,,0,,,,,,Auckland Region,Nil,1-way,Sealed,,0,0,,50,,Off,0,0,,76,Auckland,Give way,,,,,0,0,Urban,1,,,Fine,Null
1769961,5913201,13147,,523101,0,,0,2,,Null,2009/2010,BRADBURY ROAD,AVIEMORE DRIVE,,Non-Injury Crash,No,2009,,West,,0,,Flat,,,,,,Bright sun,681323,0,0,0,2,,,0,,,,,,Auckland Region,Nil,2-way,Sealed,,0,0,,50,,Off,0,0,,76,Auckland,Stop,,,,,0,0,Urban,0,,,Fine,Null
1562348,5181294,13148,,587812,0,,1,1,,Null,2009/2010,SH 1S,SH 73,,Non-Injury Crash,Yes,2009,,South,,0,,Flat,,,,,,Bright sun,2495300,0,0,0,6,,,0,,,,,,Canterbury Region,Nil,2-way,Sealed,,0,0,,70,,Null,0,1,,60,Christchurch City,Traffic Signals,,,,,0,0,Urban,0,,,Fine,Null
1796403,5820319,13149,,528403,0,,0,1,,Null,2009/2010,TE RAPA ROAD,TE KOWHAI ROAD EAST,,Non-Injury Crash,No,2009,,South,,0,,Flat,,,,,,Dark,907401,0,0,0,2,,,0,,,,,,Waikato Region,Nil,2-way,Sealed,,0,0,,80,,On,0,0,,16,Hamilton City,Give way,,,,,0,0,Open,1,,,Fine,Null
1758493,5917107,13150,,519200,0,0,0,2,0,West,2009/2010,CLYDE ST,NGAIRE AVENUE,,Non-Injury Crash,No,2009,0,East,0,0,0,Flat,0,,0,,0,Bright sun,613700,0,0,0,2,0,0,0,0,1,,0,0,Auckland Region,Nil,2-way,Sealed,0,0,0,0,50,0,Off,0,0,,76,Auckland,Nil,0,0,0,0,0,0,Urban,0,0,0,Null,Null
1751572,5423540,13151,,577200,0,,0,2,,West,2008/2009,BROADWAY,HOBART ST,,Non-Injury Crash,No,2009,,West,,0,,Flat,,Queens Birthday,,,,Overcast,2209200,0,0,0,2,,,0,,,,,,Wellington Region,Nil,2-way,Sealed,,0,0,,50,,Null,0,0,,47,Wellington City,Nil,,,,,0,0,Urban,1,,,Light rain,Strong wind
1934919,5618890,13152,,546500,0,,0,2,,North,2008/2009,WYCLIFFE ST,ALEXANDER AVENUE,,Non-Injury Crash,No,2009,,South,,0,,Flat,,,,,,Bright sun,1441900,0,0,0,2,,,0,,,,,,Hawke's Bay Region,Nil,2-way,Sealed,,0,0,,70,,Null,0,0,,31,Napier City,Nil,,,,,0,0,Urban,0,,,Fine,Null
1566779,5184855,13153,,588700,0,,0,1,,Null,2008/2009,HAREWOOD ROAD,HIGHSTED ROAD,,Non-Injury Crash,No,2009,,East,,0,,Flat,,,,,,Dark,2523400,0,0,0,2,,,0,,,,,,Canterbury Region,Nil,1-way,Sealed,,0,0,,50,,On,0,0,,60,Christchurch City,Give way,,,,,0,0,Urban,0,,,Light rain,Null
1769887,5900296,13154,,524902,0,,0,4,,North,2009/2010,SH 1N,TAKANINI ON NBD,,Non-Injury Crash,Yes,2009,,North,,0,,Flat,,,,,,Overcast,759100,0,0,0,3,,,0,,,,,,Auckland Region,Nil,1-way,Sealed,,0,0,,100,,Off,0,0,,76,Auckland,Nil,,,,,0,0,Open,0,,,Fine,Null
1892798,5813009,13155,,538502,0,,0,2,,South,2009/2010,BOUCHER AVENUE,JELLICOE ST,,Non-Injury Crash,No,2009,,North,,0,,Flat,,,,,,Bright sun,1215400,0,0,0,2,,,0,,,,,,Bay of Plenty Region,Nil,2-way,Sealed,,0,0,,50,,Null,0,0,,22,Western Bay of Plenty District,Give way,,,,,0,0,Urban,0,,,Fine,Null
1764517,5903897,13156,,524604,0,0,0,0,0,South,2009/2010,SH 20,PUHINUI OFF NBD,,Non-Injury Crash,Yes,2009,0,North,0,0,1,Hill Road,0,,0,,0,Dark,781100,0,0,0,4,0,0,0,0,0,,0,0,Auckland Region,Nil,2-way,Sealed,0,0,0,0,80,0,On,1,0,50,76,Auckland,Nil,0,0,0,0,0,0,Open,0,0,0,Heavy rain,Null
1801185,5818758,13157,,529402,0,0,0,0,0,Null,2009/2010,HUKANUI ROAD,CROSBY ROAD,,Non-Injury Crash,No,2009,0,West,0,0,0,Flat,0,,0,,1,Overcast,877100,0,0,0,2,0,0,0,0,0,,0,0,Waikato Region,Nil,2-way,Sealed,0,0,0,0,50,0,Null,0,0,,16,Hamilton City,Give way,0,0,0,0,0,0,Urban,1,0,0,Light rain,Null
1759342,5427878,13158,,570300,0,0,0,1,0,North,2009/2010,MARINE DRIVE,MARINE PARADE,,Non-Injury Crash,No,2009,0,North,0,0,0,Flat,0,,0,,0,Bright sun,1983200,0,0,0,2,0,1,0,0,0,,0,0,Wellington Region,Nil,2-way,Sealed,0,0,0,0,50,0,Null,0,0,,46,Lower Hutt City,Nil,0,0,0,0,0,0,Urban,0,0,1,Fine,Null
1768841,5902762,13159,,523820,0,,0,1,,North,2009/2010,SH 1N,ORAMS OBR,,Non-Injury Crash,Yes,2009,,South,,0,,Flat,,,,,,Bright sun,760122,0,0,0,3,,,0,,,,,,Auckland Region,Nil,1-way,Sealed,,0,0,,100,,Off,0,0,,76,Auckland,Nil,,,,,0,0,Open,1,,,Fine,Null
1756782,5919749,13160,,514102,0,,0,2,,Null,2009/2010,HOPETOUN ST,PITT ST,,Non-Injury Crash,No,2009,,East,,0,,Flat,,,,,,Dark,435500,0,0,0,3,,,0,,,,,,Auckland Region,Nil,2-way,Sealed,,0,0,,50,,On,0,0,,76,Auckland,Traffic Signals,,,,,0,0,Urban,0,,,Fine,Null
1754510,5444238,13161,,570800,0,,0,1,,Null,2008/2009,TITAHI BAY ROAD,KENEPURU DRIVE,,Non-Injury Crash,No,2009,,North,,0,,Flat,,,,,,Overcast,2052700,0,0,0,2,,,0,,,,,,Wellington Region,Nil,2-way,Sealed,,0,0,,50,,Null,1,0,,44,Porirua City,Give way,,,,,0,0,Urban,0,,,Fine,Strong wind
1772097,5893916,13162,,521201,0,0,0,0,0,South,2009/2010,SH 1N,PAPAKURA OFF NBD,,Non-Injury Crash,Yes,2009,0,North,0,0,0,Flat,1,,0,,0,Overcast,806800,0,0,0,3,0,0,0,0,0,,0,0,Auckland Region,Nil,1-way,Sealed,0,0,0,0,100,0,Off,1,0,,76,Auckland,Nil,0,0,0,0,0,0,Open,0,0,0,Fine,Null
1718291,5682643,13163,,550700,0,,0,1,,Null,2009/2010,SH 3,ONAERO RIVER ROAD,,Non-Injury Crash,Yes,2009,,North,,0,,Hill Road,,,,,,Bright sun,1551700,0,0,0,2,,,0,,,,,,Taranaki Region,Nil,2-way,Sealed,,0,0,,100,,Null,0,0,,33,New Plymouth District,Nil,,,,,1,0,Open,0,,,Fine,Null
1746346,5914017,13164,,511002,0,0,0,1,0,Null,2008/2009,WOODGLEN ROAD,WEST COAST ROAD,,Non-Injury Crash,No,2009,0,East,0,0,0,Hill Road,0,,0,,0,Overcast,283200,0,0,0,2,0,0,0,0,0,,0,1,Auckland Region,Nil,2-way,Sealed,0,0,0,0,50,0,None,0,0,,76,Auckland,Nil,0,0,0,0,0,0,Urban,0,0,0,Fine,Null
1795925,5811579,13165,,527820,0,,1,1,,Null,2009/2010,FOSTER ROAD,TUHIKARAMEA ROAD,,Non-Injury Crash,No,2009,,North,,0,,Flat,,,,,,Overcast,979400,0,0,0,2,,,0,,,,,,Waikato Region,Nil,2-way,Sealed,,0,0,,50,,Off,0,0,,16,Hamilton City,Give way,,,,,0,0,Urban,0,,,Light rain,Null
1711286,5634909,13166,,553601,0,0,0,2,0,West,2008/2009,WEST ST,COLLINGWOOD ST,,Non-Injury Crash,No,2009,0,South,0,0,0,Flat,0,Easter,0,,0,Dark,1634600,0,0,0,2,0,0,0,0,1,,0,0,Taranaki Region,Nil,2-way,Sealed,0,0,0,0,50,0,On,0,0,,35,South Taranaki District,Nil,0,0,0,0,0,0,Urban,0,0,0,Fine,Null
1808061,5505293,13167,,564021,0,,0,1,,East,2008/2009,MANGAHAO ROAD,MANGAORE ROAD,,Non-Injury Crash,No,2009,,West,,0,,Hill Road,,,,,,Overcast,1854000,0,0,0,2,,,0,,,,,,Manawatū-Whanganui Region,Nil,2-way,Unsealed,,0,0,,100,,Null,0,0,,42,Horowhenua District,Nil,,,,,0,0,Open,1,,,Light rain,Null
1754334,5916743,13168,,517701,0,,0,3,,South,2009/2010,ST LUKES ROAD,MORNINGSIDE DRIVE,,Non-Injury Crash,No,2009,,South,,0,,Flat,,,,,,Bright sun,536100,0,0,0,4,,,0,,,,,,Auckland Region,Nil,2-way,Sealed,,0,0,,50,,Null,0,0,,76,Auckland,Traffic Signals,,,,,0,0,Urban,0,,,Fine,Null
1769026,5468666,13169,,566000,0,,0,1,,South,2009/2010,SH 1N,KAPITI ROAD,,Non-Injury Crash,Yes,2009,,North,,0,,Flat,,,,,,Overcast,2003709,0,0,0,2,,,0,,,,,,Wellington Region,Nil,2-way,Sealed,,0,0,,50,,Null,0,0,,43,Kapiti Coast District,Traffic Signals,,,,,1,0,Urban,0,,,Fine,Null
1766520,5913270,13170,,522920,0,,0,2,,Null,2009/2010,TI RAKAU DRIVE,PAKURANGA ROAD,,Non-Injury Crash,No,2009,,North,,0,,Flat,,,,,,Overcast,683900,0,0,0,4,,,0,,,,,,Auckland Region,Nil,2-way,Sealed,,0,0,,50,,Off,0,0,,76,Auckland,Give way,,,,,0,0,Urban,0,,,Fine,Null
1601028,5457780,13171,,581832,0,0,0,1,0,West,2009/2010,KAITERITERI-SANDY BAY ROA,NGAIO BAY ROAD,,Non-Injury Crash,No,2009,0,North,0,0,0,Hill Road,0,Christmas New Year,0,,0,Dark,2366700,0,0,0,2,0,0,0,1,0,,0,0,Tasman Region,Nil,2-way,Sealed,0,0,0,0,100,0,None,0,0,,51,Tasman District,Nil,0,0,0,1,0,0,Open,0,0,0,Fine,Null
1571922,5195714,13172,,586403,0,,0,1,,Null,2008/2009,WILLIAMS ST,COURTENAY DRIVE,,Non-Injury Crash,No,2009,,North,,0,,Flat,,,,,,Overcast,2454500,0,0,0,2,,,0,,,,,,Canterbury Region,Nil,2-way,Sealed,,0,0,,50,,Null,0,0,,59,Waimakariri District,Stop,,,,,0,0,Urban,1,,,Fine,Null
1774146,5473005,13173,,563703,0,,0,1,,North,2009/2010,SH 1N,NGAIO ROAD,,Non-Injury Crash,Yes,2009,,North,,0,,Flat,,,,,,Dark,1876300,0,0,0,2,,,0,,,,,,Wellington Region,Nil,2-way,Sealed,,0,0,,50,,On,0,0,,43,Kapiti Coast District,Nil,,,,,0,0,Urban,1,,,Fine,Null
1747054,5429324,13174,,574800,0,0,0,1,0,South,2008/2009,WILTON ROAD,WORCESTER ST,,Non-Injury Crash,No,2009,0,North,0,0,0,Flat,0,,0,,1,Bright sun,2104100,0,0,0,2,0,0,0,0,0,,0,1,Wellington Region,Nil,2-way,Sealed,0,0,0,0,50,0,Null,0,0,,47,Wellington City,Nil,0,1,0,0,0,0,Urban,0,0,0,Fine,Null
1653410,6047003,13175,,504501,0,,0,2,,Null,2009/2010,SH 12,PROUD ROAD,,Non-Injury Crash,Yes,2009,,East,,0,,Hill Road,,,,,,Bright sun,118700,0,0,0,2,,,0,,,,,,Northland Region,Nil,2-way,Sealed,,0,0,,100,,Null,0,0,,3,Kaipara District,Stop,,,,,0,0,Open,0,,,Fine,Null
1691208,5675616,13176,,551501,0,,0,2,,Null,2008/2009,SH 45,LORNA ST,,Non-Injury Crash,Yes,2009,,West,,0,,Flat,,,,,,Twilight,1581200,0,0,0,2,,,0,,,,,,Taranaki Region,Nil,2-way,Sealed,,0,0,,50,,On,0,0,,33,New Plymouth District,Give way,,,,,0,0,Urban,0,,,Fine,Null