X,Y,OBJECTID,advisorySpeed,areaUnitID,bicycle,bridge,bus,carStationWagon,cliffBank,crashDirectionDescription,crashFinancialYear,crashLocation1,crashLocation2,crashRoadSideRoad,crashSeverity,crashSHDescription,crashYear,debris,directionRoleDescription,ditch,fatalCount,fence,flatHill,guardRail,holiday,houseOrBuilding,intersection,kerb,light,meshblockId,minorInjuryCount,moped,motorcycle,NumberOfLanes,objectThrownOrDropped,otherObject,otherVehicleType,overBank,parkedVehicle,pedestrian,phoneBoxEtc,postOrPole,region,roadCharacter,roadLane,roadSurface,roadworks,schoolBus,seriousInjuryCount,slipOrFlood,speedLimit,strayAnimal,streetLight,suv,taxi,temporarySpeedLimit,tlaId,tlaName,trafficControl,trafficIsland,trafficSign,train,tree,truck,unknownVehicleType,urban,vanOrUtility,vehicle,waterRiver,weatherA,weatherB
1827867,5875022,13177,,533902,0,,0,2,,South,2009/2010,HAURAKI ROAD,RARATUNA ST,,Non-Injury Crash,No,2009,,North,,0,,Flat,,,,,,Twilight,1063700,0,0,0,2,,,0,,,,,,Waikato Region,Nil,2-way,Sealed,,0,0,,50,,None,0,0,,12,Hauraki District,Nil,,,,,0,0,Urban,0,,,Fine,Null
1684124,5429042,13178,,581100,0,0,0,1,0,North,2009/2010,Z FERRY TERMINAL,AUCKLAND ST/SH 1N,,Non-Injury Crash,No,2009,0,North,0,0,0,Flat,1,,0,,0,Bright sun,2281100,0,0,0,0,0,0,0,0,0,,0,0,Marlborough Region,Nil,Off road,Sealed,0,0,0,0,50,0,Null,0,0,,53,Marlborough District,Nil,0,0,0,0,0,0,Urban,0,0,0,Fine,Null
1877058,5826343,13179,,537201,0,,0,1,,West,2009/2010,CHERRYWOOD DRIVE,CAROL PLACE,,Non-Injury Crash,No,2009,,West,,0,,Flat,,,,,,Overcast,1155000,0,0,0,2,,,0,,,,,,Bay of Plenty Region,Nil,2-way,Sealed,,0,0,,50,,Null,0,0,,23,Tauranga City,Unknown,,,,,0,0,Urban,1,,,Light rain,Null
1748163,5426879,13180,,573200,0,0,0,0,0,Null,2009/2010,ARO ST,OHIRO ROAD,,Non-Injury Crash,No,2009,0,East,0,0,0,Flat,0,,0,,0,Bright sun,2159201,0,0,0,2,0,0,0,0,0,,0,1,Wellington Region,Nil,2-way,Sealed,0,0,0,0,50,0,Null,0,0,,47,Wellington City,Give way,0,0,0,0,1,0,Urban,0,0,0,Fine,Null
1761240,5909318,13181,,524404,0,,0,3,,Null,2009/2010,FAVONA ROAD,FORBES ROAD,,Non-Injury Crash,No,2009,,East,,0,,Flat,,,,,,Bright sun,729400,0,0,0,2,,,0,,,,,,Auckland Region,Nil,2-way,Sealed,,0,0,,50,,Off,0,0,,76,Auckland,Nil,,,,,0,0,Urban,0,,,Fine,Null
1748533,5427232,13182,,573101,0,,0,1,,Null,2009/2010,VICTORIA ST,GHUZNEE ST,,Non-Injury Crash,No,2009,,South,,0,,Flat,,,,,,Bright sun,2131700,0,0,0,2,,,0,,,,,,Wellington Region,Nil,2-way,Sealed,,0,0,,50,,Null,0,0,,47,Wellington City,Traffic Signals,,,,,1,0,Urban,0,,,Fine,Null
1606953,5436213,13183,55,581825,0,0,0,1,0,North,2009/2010,STAFFORD DRIVE,PINE HILL ROAD,,Non-Injury Crash,No,2009,0,North,1,0,0,Flat,0,,0,,0,Bright sun,2350100,0,0,0,2,0,0,0,0,0,,0,0,Tasman Region,Nil,2-way,Sealed,0,0,0,0,100,0,Null,0,0,,51,Tasman District,Nil,0,0,0,0,0,0,Open,0,0,0,Fine,Null
1622279,5430375,13184,,582402,0,0,0,1,0,North,2008/2009,MONTREAL ROAD,TOI TOI ST,,Non-Injury Crash,No,2009,0,South,0,0,0,Hill Road,0,,0,,0,Dark,2327609,0,0,0,2,0,0,0,0,1,,0,0,Nelson Region,Nil,2-way,Sealed,0,0,0,0,50,0,On,1,0,,52,Nelson City,Nil,0,0,0,0,0,0,Urban,0,0,0,Fine,Null
1767697,5905104,13185,,524603,0,,0,0,,North,2009/2010,SH 1N,TE IRIRANGI OBR,,Non-Injury Crash,Yes,2009,,North,,0,,Flat,,,,,,Overcast,780304,0,0,0,3,,,0,,,,,,Auckland Region,Nil,1-way,Sealed,,0,0,,100,,Off,0,0,,76,Auckland,Nil,,,,,1,0,Open,1,,,Heavy rain,Null
1759739,5910052,13186,,524002,0,0,0,2,0,South,2009/2010,MAHUNGA DRIVE,MIRO ROAD,,Non-Injury Crash,No,2009,0,South,0,0,0,Flat,0,,0,,0,Dark,722400,0,0,0,2,0,0,0,0,1,,0,0,Auckland Region,Nil,2-way,Sealed,0,0,0,0,50,0,On,0,0,,76,Auckland,Nil,0,0,0,0,0,0,Urban,0,0,0,Fine,Null
1745338,5914008,13187,,512906,0,,0,2,,Null,2009/2010,WEST COAST ROAD,SELAK PLACE,,Non-Injury Crash,No,2009,,East,,0,,Flat,,,,,,Dark,278510,0,0,0,2,,,0,,,,,,Auckland Region,Nil,2-way,Sealed,,0,0,,50,,On,0,0,,76,Auckland,Nil,,,,,0,0,Urban,0,,,Fine,Null
1837044,5612574,13188,,559210,0,0,0,0,1,South,2008/2009,SH 1N,SPOONERS HILL ROAD,,Non-Injury Crash,Yes,2009,0,South,0,0,0,Hill Road,0,,0,,0,Bright sun,1755800,0,0,0,3,0,0,0,0,0,,0,0,Manawatū-Whanganui Region,Nil,2-way,Sealed,0,0,0,0,100,0,Null,0,0,,38,Rangitikei District,Nil,0,0,0,0,0,0,Open,1,0,0,Fine,Null
1747327,5427675,13189,,575300,0,0,0,2,0,North,2008/2009,PLUNKET ST,RAROA ROAD,,Non-Injury Crash,No,2009,0,West,0,0,0,Flat,0,,0,,0,Dark,2152100,0,0,0,2,0,0,0,0,1,,0,0,Wellington Region,Nil,2-way,Sealed,0,0,0,0,50,0,None,0,0,,47,Wellington City,Nil,0,0,0,0,0,0,Urban,0,0,0,Fine,Null
1760198,5436535,13190,,569100,0,,0,1,,East,2009/2010,PRETORIA ST,CORNWALL ST,,Non-Injury Crash,No,2009,,East,,0,,Flat,,,,,,Bright sun,1969000,0,0,0,2,,,0,,,,,,Wellington Region,Nil,2-way,Sealed,,0,0,,50,,Null,1,0,,46,Lower Hutt City,Nil,,,,,0,0,Urban,0,,,Fine,Null
1680938,5410348,13191,,580431,0,,0,1,,Null,2008/2009,GOULAND ROAD,PENINSULA ROAD,,Non-Injury Crash,No,2009,,East,,0,,Flat,,,,,,Dark,2278504,0,0,0,2,,,0,,,,,,Marlborough Region,Nil,2-way,Sealed,,0,0,,50,,On,0,0,,53,Marlborough District,Nil,,,,,0,0,Urban,0,,,Light rain,Null
1755242,5443783,13192,,571000,0,0,0,0,0,West,2008/2009,ARAWHATA ST,ERNEST ST,,Non-Injury Crash,No,2009,0,East,0,0,0,Hill Road,0,,0,,0,Dark,2051402,0,0,0,2,0,0,0,1,0,,0,0,Wellington Region,Nil,2-way,Sealed,0,0,0,0,50,0,On,0,0,,44,Porirua City,Nil,0,0,0,1,0,0,Urban,1,0,0,Light rain,Null
1620109,5428311,13193,,583500,0,0,0,2,0,South,2009/2010,PASCOE ST,VIVIAN PLACE,,Non-Injury Crash,No,2009,0,North,0,0,0,Flat,0,,0,,0,Bright sun,2336001,0,0,0,2,0,0,0,0,1,,0,0,Nelson Region,Nil,2-way,Sealed,0,0,0,0,50,0,Null,0,0,,52,Nelson City,Nil,0,0,0,0,0,0,Urban,0,0,0,Fine,Null
1408369,4919363,13194,,603210,0,0,0,0,0,West,2008/2009,EVANS ST,COLIN ST,,Non-Injury Crash,No,2009,0,West,0,0,0,Hill Road,0,,0,,0,Dark,2878100,0,0,0,2,0,0,0,0,0,,0,1,Otago Region,Nil,2-way,Sealed,0,0,0,0,50,0,On,1,0,,71,Dunedin City,Unknown,0,0,0,0,0,0,Urban,0,0,0,Fine,Null
1770652,5444074,13195,,567700,0,,0,1,,East,2008/2009,FERGUSSON DRIVE,CAMP ST,,Non-Injury Crash,No,2009,,East,,0,,Flat,,,,,,Overcast,1895801,0,0,0,2,,,0,,,,,,Wellington Region,Nil,2-way,Sealed,,0,0,,50,,Null,1,0,,45,Upper Hutt City,Nil,,,,,0,0,Urban,0,,,Light rain,Null
1935272,5618842,13196,,546700,0,0,0,1,0,Null,2008/2009,DARWIN CRESCENT,LODGE ROAD,,Non-Injury Crash,No,2009,0,North,0,0,1,Flat,0,,0,,0,Bright sun,1445500,0,0,0,2,0,0,0,0,0,,0,0,Hawke's Bay Region,Nil,2-way,Sealed,0,0,0,0,50,0,Null,0,0,,31,Napier City,Nil,0,0,0,0,0,0,Urban,0,0,0,Fine,Null
1801473,5814735,13197,,529700,0,0,0,1,0,South,2009/2010,TISDALL TERRACE,BRIDGE ST,,Non-Injury Crash,No,2009,0,South,0,0,0,Hill Road,0,,0,,0,Bright sun,912300,0,0,0,2,0,0,0,0,1,,0,0,Waikato Region,Nil,2-way,Sealed,0,0,0,0,50,0,Off,0,0,,16,Hamilton City,Nil,0,0,0,0,0,0,Urban,1,0,0,Fine,Null
1597364,5149777,13198,,596800,0,0,0,2,0,North,2008/2009,RUE LAVAUD,RUE BALGUERIE,,Non-Injury Crash,No,2009,0,North,0,0,0,Flat,0,,0,,0,Overcast,2715600,0,0,0,2,0,0,0,0,1,,0,0,Canterbury Region,Nil,2-way,Sealed,0,0,0,0,50,0,Null,0,0,,60,Christchurch City,Unknown,0,0,0,0,0,0,Urban,0,0,0,Fine,Null
1821368,5528346,13199,,563000,0,,0,2,,Null,2008/2009,COLLEGE ST,COOK ST,,Non-Injury Crash,No,2009,,East,,0,,Flat,,,,,,Dark,1807000,0,0,0,2,,,0,,,,,,Manawatū-Whanganui Region,Nil,2-way,Sealed,,0,0,,50,,On,0,0,,40,Palmerston North City,Give way,,,,,0,0,Urban,0,,,Light rain,Null
1529827,5175630,13200,,587010,0,,0,2,,Null,2008/2009,RIDGENS ROAD,CLINTONS ROAD,,Non-Injury Crash,No,2009,,North,,0,,Flat,,,,,,Overcast,2467400,0,0,0,2,,,0,,,,,,Canterbury Region,Nil,2-way,Sealed,,0,0,,100,,Null,0,0,,62,Selwyn District,Stop,,,,,0,0,Open,0,,,Fine,Null
1756253,5924283,13201,,509702,0,,0,2,,North,2009/2010,SH 1N,MT WGTN OFF SBD,,Non-Injury Crash,Yes,2009,,South,,0,,Hill Road,,,,,,Overcast,366700,0,0,0,3,,,0,,,,,,Auckland Region,Nil,2-way,Sealed,,0,0,,100,,Off,0,0,,76,Auckland,Nil,,,,,0,0,Open,1,,,Fine,Null
1763592,5435936,13202,,568303,0,,0,2,,North,2008/2009,JUDD CRESCENT,TOOMATH ST,,Non-Injury Crash,No,2009,,South,,0,,Flat,,,,,,Dark,1961700,0,0,0,2,,,0,,,,,,Wellington Region,Nil,2-way,Sealed,,0,0,,50,,On,0,0,,46,Lower Hutt City,Nil,,,,,0,0,Urban,0,,,Fine,Null
1929264,5606287,13203,,547700,0,0,0,2,0,Null,2009/2010,ST AUBYN ST WEST,HINAU ST,,Non-Injury Crash,No,2009,0,North,0,0,0,Flat,0,,0,,0,Bright sun,1486200,0,0,0,2,0,0,0,0,1,,0,0,Hawke's Bay Region,Nil,2-way,Sealed,0,0,0,0,50,0,Null,0,0,,30,Hastings District,Nil,0,0,0,0,0,0,Urban,0,0,0,Fine,Null
2068043,5825446,13204,,543301,0,0,0,1,0,East,2008/2009,Z DWAY LAYBY,SH 35/WHARF,,Non-Injury Crash,No,2009,0,South,0,0,0,Flat,1,,0,,0,Twilight,1342200,0,0,0,0,0,0,0,0,0,,0,0,Gisborne Region,Nil,Off road,Sealed,0,0,0,0,100,0,None,0,0,,28,Gisborne District,Nil,0,1,0,0,0,0,Open,0,0,0,Fine,Null
1763404,5436987,13205,,568302,0,,0,2,,Null,2009/2010,NAENAE ROAD,SEDDON ST,,Non-Injury Crash,No,2009,,West,,0,,Flat,,,,,,Bright sun,1954300,0,0,0,2,,,0,,,,,,Wellington Region,Nil,2-way,Sealed,,0,0,,50,,Null,0,0,,46,Lower Hutt City,Give way,,,,,0,0,Urban,0,,,Fine,Null
1879570,5825862,13206,,538202,0,0,0,1,0,Null,2009/2010,MIRRIELEES ROAD,CROSS ROAD,,Non-Injury Crash,No,2009,0,East,0,0,0,Flat,0,,0,,0,Bright sun,1162800,0,0,0,2,0,1,0,0,0,,0,0,Bay of Plenty Region,Nil,2-way,Sealed,0,0,0,0,50,0,Null,0,0,,23,Tauranga City,Stop,0,0,0,0,0,0,Urban,0,0,0,Fine,Null
1759717,5434292,13207,,568900,0,,0,2,,Null,2008/2009,RANDWICK ROAD,RANDWICK CRESCENT S,,Non-Injury Crash,No,2009,,North,,0,,Flat,,,,,,Twilight,1963300,0,0,0,2,,,0,,,,,,Wellington Region,Nil,2-way,Sealed,,0,0,,50,,On,0,0,,46,Lower Hutt City,Give way,,,,,0,0,Urban,0,,,Fine,Null
1762752,5907522,13208,,524530,0,,0,1,,North,2009/2010,MASSEY ROAD,VIOLA AVENUE,,Non-Injury Crash,No,2009,,North,,0,,Flat,,,,,,Dark,732903,0,0,0,2,,,0,,,,,,Auckland Region,Nil,2-way,Sealed,,0,0,,50,,On,0,0,,76,Auckland,Give way,,,,,0,0,Urban,1,,,Fine,Null
1693421,5673288,13209,,552500,0,0,0,1,0,West,2008/2009,HUATOKI ST,RATA ST,,Non-Injury Crash,No,2009,0,West,0,0,0,Flat,0,,0,,0,Dark,1566700,0,0,0,2,0,0,0,0,0,,0,1,Taranaki Region,Nil,2-way,Sealed,0,0,0,0,50,0,On,0,0,,33,New Plymouth District,Nil,0,0,0,0,0,0,Urban,0,0,0,Light rain,Null
1769037,5468683,13210,,566000,0,,0,2,,Null,2009/2010,SH 1N,KAPITI ROAD,,Non-Injury Crash,Yes,2009,,North,,0,,Flat,,,,,,Overcast,2003709,0,0,0,4,,,0,,,,,,Wellington Region,Nil,2-way,Sealed,,0,0,,50,,Null,0,0,,43,Kapiti Coast District,Traffic Signals,,,,,0,0,Urban,0,,,Fine,Null
1296647,4887906,13211,,610033,0,,0,1,,East,2008/2009,SH 1S,HANKEY ROAD,,Non-Injury Crash,Yes,2009,,East,,0,,Flat,,,,,,Overcast,3054900,0,0,0,2,,,0,,,,,,Southland Region,Nil,2-way,Sealed,,0,0,,100,,Null,1,0,30,74,Gore District,Unknown,,,,,0,0,Open,0,,,Light rain,Null
1821229,5529400,13212,,562800,0,,0,1,,Null,2008/2009,CUBA ST,BOURKE ST,,Non-Injury Crash,No,2009,,North,,0,,Flat,,,,,,Twilight,1828200,0,0,0,2,,,0,,,,,,Manawatū-Whanganui Region,Nil,2-way,Sealed,,0,0,,50,,On,0,0,,40,Palmerston North City,Traffic Signals,,,,,0,0,Urban,1,,,Fine,Null
1873205,5818734,13213,,536514,0,,0,2,,East,2009/2010,SH 29,CAMBRIDGE ROAD,,Non-Injury Crash,Yes,2009,,West,,0,,Hill Road,,,,,,Bright sun,1191203,0,0,0,3,,,0,,,,,,Bay of Plenty Region,Nil,2-way,Sealed,,0,0,,100,,Null,0,0,,23,Tauranga City,Unknown,,,,,0,0,Open,0,,,Fine,Null
1823254,5530263,13214,,562500,0,,0,2,,Null,2008/2009,SH 3,RUAHINE ST,,Non-Injury Crash,Yes,2009,,East,,0,,Flat,,,,,,Bright sun,1842700,0,0,0,2,,,0,,,,,,Manawatū-Whanganui Region,Nil,2-way,Sealed,,0,0,,50,,Null,0,0,,40,Palmerston North City,Traffic Signals,,,,,0,0,Urban,0,,,Fine,Null
1761555,5915758,13215,20,520201,0,,0,2,,Null,2009/2010,LADIES MILE,MARUA ROAD,,Non-Injury Crash,No,2009,,East,,0,,Flat,,,,,,Bright sun,612901,0,0,0,2,,,0,,,,,,Auckland Region,Nil,2-way,Sealed,,0,0,,50,,Off,0,0,,76,Auckland,Traffic Signals,,,,,0,0,Urban,0,,,Fine,Null
1755345,5924713,13216,,509800,0,,0,1,,Null,2009/2010,ONEWA ROAD,NUTSEY AVENUE,,Non-Injury Crash,No,2009,,East,,0,,Hill Road,,,,,,Overcast,360200,0,0,0,2,,,0,,,,,,Auckland Region,Nil,2-way,Sealed,,0,0,,50,,Off,1,0,,76,Auckland,Give way,,,,,0,0,Urban,0,,,Fine,Null
1759345,5438548,13217,,569402,0,,0,2,,West,2008/2009,OLD NORMANDALE ROAD,SWEETACRES DRIVE,,Non-Injury Crash,No,2009,,South,,0,,Hill Road,,,,,,Bright sun,1919100,0,0,0,2,,,0,,,,,,Wellington Region,Nil,2-way,Sealed,,0,0,,50,,Null,0,0,,46,Lower Hutt City,Nil,,,,,0,0,Urban,0,,,Fine,Null
1755881,5943414,13218,,505909,0,0,0,2,0,Null,2008/2009,FERRY ROAD,MCKENZIE AVENUE,,Non-Injury Crash,No,2009,0,South,0,0,0,Flat,0,,0,,0,Dark,174004,0,0,0,2,0,0,0,0,1,,0,0,Auckland Region,Nil,2-way,Sealed,0,0,0,0,50,0,On,0,0,,76,Auckland,Give way,0,0,0,0,0,0,Urban,0,0,0,Heavy rain,Null
1925192,5606343,13219,,548620,0,,0,2,,North,2009/2010,BIRKENHEAD CRESCENT,SCARBOROUGH ROAD,,Non-Injury Crash,No,2009,,West,,0,,Flat,,,,,,Overcast,1474900,0,0,0,2,,,0,,,,,,Hawke's Bay Region,Nil,2-way,Sealed,,0,0,,50,,Null,0,0,,30,Hastings District,Nil,,,,,0,0,Urban,0,,,Light rain,Null
1567355,5179879,13220,,590800,0,0,0,2,0,Null,2009/2010,PEVEREL ST,MATIPO ST,,Minor Crash,No,2009,0,South,0,0,0,Flat,0,,0,,0,Overcast,2473200,1,0,0,2,0,0,0,0,1,,0,0,Canterbury Region,Nil,2-way,Sealed,0,0,0,0,50,0,Null,0,0,,60,Christchurch City,Stop,0,0,0,0,0,0,Urban,0,0,0,Fine,Null
1759482,5908772,13221,,524002,0,,0,2,,North,2008/2009,CORONATION ROAD,MILLER ROAD,,Non-Injury Crash,No,2009,,North,,0,,Flat,,,,,,Twilight,724101,0,0,0,2,,,0,,,,,,Auckland Region,Nil,2-way,Sealed,,0,0,,50,,On,0,0,,76,Auckland,Nil,,,,,0,0,Urban,0,,,Fine,Null
1766839,5901884,13222,,524604,0,,0,2,,East,2008/2009,BROWNS ROAD,GLOUCESTER ROAD,,Non-Injury Crash,No,2009,,West,,0,,Flat,,,,,,Dark,781400,0,0,0,2,,,0,,,,,,Auckland Region,Nil,2-way,Sealed,,0,0,,50,,On,0,0,50,76,Auckland,Unknown,,,,,0,0,Urban,0,,,Fine,Null
1754453,5915142,13223,,518802,0,,0,2,,Null,2009/2010,MOUNT ALBERT ROAD,SANDRINGHAM ROAD,,Non-Injury Crash,No,2009,,West,,0,,Flat,,,,,,Overcast,577300,0,0,0,6,,,0,,,,,,Auckland Region,Nil,2-way,Sealed,,0,0,,50,,Off,0,0,,76,Auckland,Traffic Signals,,,,,0,0,Urban,0,,,Fine,Null
1878652,5823129,13224,,538201,0,,0,3,,North,2009/2010,CAMERON ROAD,TENTH AVENUE,,Non-Injury Crash,No,2009,,South,,0,,Flat,,,,,,Dark,1166600,0,0,0,4,,,0,,,,,,Bay of Plenty Region,Nil,2-way,Sealed,,0,0,,50,,On,0,0,,23,Tauranga City,Unknown,,,,,0,0,Urban,0,,,Light rain,Null
1750523,5431310,13225,,574302,0,,0,1,,East,2008/2009,HUTT ROAD,RANGIORA AVENUE,,Non-Injury Crash,No,2009,,North,,0,,Flat,,,,,,Overcast,2090604,0,0,0,2,,,0,,,,,,Wellington Region,Nil,2-way,Sealed,,0,0,,100,,Null,1,0,,47,Wellington City,Nil,,,,,0,0,Open,1,,,Light rain,Null
1767767,5904314,13226,,524604,0,,0,3,,North,2008/2009,GREAT SOUTH ROAD,SH 20,,Non-Injury Crash,No,2009,,South,,0,,Flat,,,,,,Bright sun,780302,0,0,0,3,,,0,,,,,,Auckland Region,Nil,2-way,Sealed,,0,0,,70,,Off,0,0,,76,Auckland,Nil,,,,,0,0,Urban,0,,,Fine,Null
1810457,5523550,13227,,561901,0,,0,2,,Null,2008/2009,SH 56,HIGHWAY 56,,Non-Injury Crash,Yes,2009,,North,,0,,Flat,,,,,,Bright sun,1797200,0,0,0,2,,,0,,,,,,Manawatū-Whanganui Region,Nil,2-way,Sealed,,0,0,,100,,Null,0,0,,39,Manawatu District,Stop,,,,,0,0,Open,0,,,Fine,Null
1879730,5819120,13228,,538301,0,0,0,1,1,North,2008/2009,KAITEMAKO ROAD,WAIPUNA GROVE,,Non-Injury Crash,No,2009,0,North,0,0,0,Flat,0,,0,,0,Dark,1179802,0,0,0,2,0,0,0,0,0,,0,0,Bay of Plenty Region,Nil,2-way,Sealed,0,0,0,0,70,0,On,0,0,,23,Tauranga City,Unknown,0,1,0,0,0,0,Urban,0,0,0,Fine,Null
1755655,5922477,13229,,509800,0,,0,2,,Null,2009/2010,SH 1N,TOP OF HARBOUR BRIDGE,,Non-Injury Crash,Yes,2009,,North,,0,,Hill Road,,,,,,Dark,359300,0,0,0,3,,,0,,,,,,,Bridge,1-way,Sealed,,0,0,,80,,On,0,0,,76,Auckland,Nil,,,,,0,0,Open,0,,,Heavy rain,Null
1745732,5917403,13230,,510700,0,,0,1,,Null,2008/2009,EDMONTON ROAD,ALDERMAN DRIVE,,Non-Injury Crash,No,2009,,West,,0,,Flat,,,,,,Bright sun,240401,0,0,0,4,,,0,,,,,,Auckland Region,Nil,2-way,Sealed,,0,0,,50,,Off,1,0,,76,Auckland,Give way,,,,,0,0,Urban,0,,,Fine,Null
1771492,5901910,13231,,523813,0,0,0,2,1,East,2009/2010,RANFURLY ROAD,NOTCH PLACE,,Non-Injury Crash,No,2009,0,East,0,0,0,Flat,0,,0,,0,Bright sun,759600,0,0,0,2,0,0,0,0,0,,0,0,Auckland Region,Nil,2-way,Sealed,0,0,0,0,50,0,Off,0,0,,76,Auckland,Nil,0,0,0,0,0,0,Urban,0,0,0,Fine,Null
1756161,5924011,13232,,509800,0,,0,3,,South,2008/2009,SH 1N,ONEWA OBR,,Non-Injury Crash,Yes,2009,,South,,0,,Flat,,Easter,,,,Dark,361100,0,0,0,4,,,0,,,,,,Auckland Region,Nil,1-way,Sealed,,0,0,,80,,On,0,0,,76,Auckland,Unknown,,,,,0,0,Open,0,,,Fine,Null
1760724,5916973,13233,,516202,0,0,0,1,0,West,2009/2010,ORAKEI ROAD,REMUERA ROAD,,Non-Injury Crash,No,2009,0,East,0,0,0,Hill Road,1,,0,,0,Overcast,489600,0,0,0,2,0,0,0,0,0,,0,0,Auckland Region,Nil,2-way,Sealed,0,0,0,0,60,0,Null,0,0,,76,Auckland,Unknown,0,0,0,0,0,0,Urban,0,0,0,Light rain,Null
1766907,5907698,13234,,523501,0,,0,1,,North,2008/2009,BAIRDS ROAD,EAST TAMAKI ROAD,,Non-Injury Crash,No,2009,,South,,0,,Flat,,,,,,Overcast,700602,0,0,0,2,,,0,,,,,,Auckland Region,Nil,2-way,Sealed,,0,0,,50,,Null,0,0,,76,Auckland,Unknown,,,,,0,0,Urban,1,,,Fine,Null
1764961,5905786,13235,,522202,0,0,0,3,0,West,2009/2010,ST GEORGE ST,KOLMAR ROAD,,Non-Injury Crash,No,2009,0,East,0,0,0,Flat,0,,0,,0,Overcast,663400,0,0,0,2,0,0,0,0,1,,0,0,Auckland Region,Nil,2-way,Sealed,0,0,0,0,50,0,Off,0,0,,76,Auckland,Nil,0,0,0,0,0,0,Urban,0,0,0,Fine,Null
1768233,5912841,13236,,523000,0,,0,2,,West,2008/2009,REEVES ROAD,GOSSAMER DRIVE,,Non-Injury Crash,No,2009,,East,,0,,Flat,,,,,,Overcast,689000,0,0,0,2,,,0,,,,,,Auckland Region,Nil,2-way,Sealed,,0,0,,50,,Null,0,0,,76,Auckland,Unknown,,,,,0,0,Urban,0,,,Fine,Null
1765640,5906869,13237,,522301,0,,0,2,,South,2009/2010,GREAT SOUTH ROAD,CHARLES ST,,Non-Injury Crash,No,2009,,South,,0,,Flat,,,,,,Dark,666900,0,0,0,2,,,0,,,,,,Auckland Region,Nil,2-way,Sealed,,0,0,,50,,On,0,0,,76,Auckland,Stop,,,,,0,0,Urban,0,,,Fine,Null
1779905,5927108,13238,,520801,0,,1,2,,Null,2009/2010,OCEAN VIEW ROAD,MOA AVENUE,,Non-Injury Crash,No,2009,,East,,0,,Flat,,,,,,Bright sun,516202,0,0,0,2,,,0,,,,,,Auckland Region,Nil,2-way,Sealed,,0,0,,50,,Off,0,0,,76,Auckland,Give way,,,,,0,0,Urban,0,,,Null,Null
1808628,5819850,13239,,527125,0,0,0,2,0,Null,2009/2010,HOLLAND ROAD,SH 1B TELEPHONE,,Non-Injury Crash,Yes,2009,0,South,1,0,0,Flat,0,,0,,0,Overcast,955500,0,0,0,2,0,0,0,0,0,,0,1,Waikato Region,Nil,2-way,Sealed,0,0,0,0,100,0,Null,0,0,,13,Waikato District,Stop,0,0,0,0,0,0,Open,0,0,0,Mist or Fog,Null
1748527,5918523,13240,,514801,0,,0,2,,South,2009/2010,PATIKI ROAD,PATIKI OFF EBD,,Non-Injury Crash,No,2009,,South,,0,,Flat,,,,,,Overcast,389300,0,0,0,2,,,0,,,,,,Auckland Region,Nil,2-way,Sealed,,0,0,,50,,Off,0,0,,76,Auckland,Nil,,,,,0,0,Urban,0,,,Light rain,Null
1759754,5434454,13241,,568900,0,,0,2,,Null,2009/2010,RANDWICK ROAD,RANDWICK CRESCENT,,Non-Injury Crash,No,2009,,East,,0,,Flat,,,,,,Overcast,1963500,0,0,0,2,,,0,,,,,,Wellington Region,Nil,2-way,Sealed,,0,0,,50,,Null,0,0,,46,Lower Hutt City,Give way,,,,,0,0,Urban,0,,,Fine,Null
1405767,4915510,13242,,602900,0,0,0,1,0,Null,2008/2009,LEES ST,PRINCES ST,,Non-Injury Crash,No,2009,0,South,0,0,1,Flat,0,,0,,0,Dark,2896600,0,0,0,2,0,0,0,0,0,,0,0,Otago Region,Nil,2-way,Sealed,0,0,0,0,50,0,On,0,0,,71,Dunedin City,Give way,0,0,0,0,0,0,Urban,0,0,0,Fine,Null
1754511,5918427,13243,,515431,0,0,0,1,0,Null,2009/2010,MOUNTAIN VIEW ROAD,IVANHOE ROAD,,Non-Injury Crash,No,2009,0,East,0,0,0,Flat,0,,0,,0,Dark,406700,0,0,0,1,0,0,0,0,0,,0,1,Auckland Region,Nil,2-way,Sealed,0,0,0,0,50,0,On,0,0,,76,Auckland,Give way,0,0,0,0,0,0,Urban,0,0,0,Light rain,Null
1745863,5923127,13244,,513530,0,0,0,2,0,East,2009/2010,PIPITEA PLACE,ALLINGTON ROAD,,Non-Injury Crash,No,2009,0,East,0,0,0,Flat,0,,0,,0,Dark,224600,0,0,0,2,0,0,0,0,1,,0,0,Auckland Region,Nil,2-way,Sealed,0,0,0,0,50,0,On,0,0,,76,Auckland,Nil,0,0,0,0,0,0,Urban,0,0,0,Fine,Null
1760520,5916211,13245,,516003,0,,0,2,,Null,2009/2010,GREEN LANE EAST,ASCOT AVENUE E,,Non-Injury Crash,No,2009,,North,,0,,Flat,,,,,,Overcast,494902,0,0,0,3,,,0,,,,,,Auckland Region,Nil,2-way,Sealed,,0,0,,50,,Off,0,0,,76,Auckland,Traffic Signals,,,,,0,0,Urban,0,,,Light rain,Null
1864986,5827812,13246,,536000,0,0,0,1,0,West,2008/2009,SH 2,FRANCIS ROAD,,Non-Injury Crash,Yes,2009,0,East,0,0,0,Flat,0,,0,,0,Twilight,1187500,0,0,0,2,0,0,0,0,0,,0,0,Bay of Plenty Region,Nil,2-way,Sealed,0,0,0,0,100,0,None,0,0,30,22,Western Bay of Plenty District,Unknown,0,0,0,0,0,0,Open,1,1,0,Fine,Null