X,Y,OBJECTID,advisorySpeed,areaUnitID,bicycle,bridge,bus,carStationWagon,cliffBank,crashDirectionDescription,crashFinancialYear,crashLocation1,crashLocation2,crashRoadSideRoad,crashSeverity,crashSHDescription,crashYear,debris,directionRoleDescription,ditch,fatalCount,fence,flatHill,guardRail,holiday,houseOrBuilding,intersection,kerb,light,meshblockId,minorInjuryCount,moped,motorcycle,NumberOfLanes,objectThrownOrDropped,otherObject,otherVehicleType,overBank,parkedVehicle,pedestrian,phoneBoxEtc,postOrPole,region,roadCharacter,roadLane,roadSurface,roadworks,schoolBus,seriousInjuryCount,slipOrFlood,speedLimit,strayAnimal,streetLight,suv,taxi,temporarySpeedLimit,tlaId,tlaName,trafficControl,trafficIsland,trafficSign,train,tree,truck,unknownVehicleType,urban,vanOrUtility,vehicle,waterRiver,weatherA,weatherB
1882976,5776119,13247,,539200,0,,0,2,,North,2008/2009,SH 5,BIDOIS ROAD,,Non-Injury Crash,Yes,2009,,South,,0,,Flat,,,,,,Overcast,1220900,0,0,0,4,,,0,,,,,,Bay of Plenty Region,Nil,2-way,Sealed,,0,0,,60,,Null,1,0,,24,Rotorua District,Unknown,,,,,0,0,Urban,0,,,Light rain,Null
1760536,5915234,13248,,520202,0,,0,2,,Null,2009/2010,MAIN HIGHWAY,WALPOLE ST,,Non-Injury Crash,No,2009,,East,,0,,Flat,,,,,,Bright sun,611500,0,0,0,2,,,0,,,,,,Auckland Region,Nil,2-way,Sealed,,0,0,,50,,Null,0,0,,76,Auckland,Give way,,,,,0,0,Urban,0,,,Fine,Null
1748429,5427047,13249,,573101,0,0,0,2,0,South,2008/2009,VICTORIA ST,VIVIAN ST,,Non-Injury Crash,No,2009,0,South,0,0,0,Flat,0,,0,,0,Overcast,2132000,0,0,0,2,0,0,0,0,0,,0,0,Wellington Region,Nil,1-way,Sealed,0,0,0,0,50,0,Null,0,0,,47,Wellington City,Nil,0,0,0,0,0,0,Urban,0,1,0,Fine,Null
1821686,5529877,13250,,562800,0,,0,2,,West,2009/2010,SH 3 GREY,NGATA ST,,Non-Injury Crash,Yes,2009,,East,,0,,Flat,,,,,,Overcast,1830900,0,0,0,2,,,0,,,,,,Manawatū-Whanganui Region,Nil,2-way,Sealed,,0,0,,50,,Null,0,0,,40,Palmerston North City,Nil,,,,,0,0,Urban,0,,,Fine,Null
1758117,5917737,13251,,515700,0,,0,1,,Null,2009/2010,GILLIES ON NBD,GILLIES AVENUE,,Non-Injury Crash,No,2009,,North,,0,,Hill Road,,,,,,Bright sun,443401,0,0,0,2,,,0,,,,,,Auckland Region,Motorway ramp,1-way,Sealed,,0,0,,50,,Null,1,0,,76,Auckland,Traffic Signals,,,,,0,0,Urban,0,,,Fine,Null
1570761,5178329,13252,,594600,0,,0,3,,West,2009/2010,SH 76,BUCHAN ST,,Minor Crash,Yes,2009,,East,,0,,Flat,,,,,,Bright sun,2618800,1,0,0,6,,,0,,,,,,Canterbury Region,Nil,2-way,Sealed,,0,0,,60,,Null,0,0,,60,Christchurch City,Unknown,,,,,0,0,Urban,0,,,Fine,Null
1743718,5915204,13253,,513012,0,,0,1,,Null,2009/2010,PINE AVENUE,HENDERSON VALLEY ROAD,,Non-Injury Crash,No,2009,,South,,0,,Flat,,,,,,Bright sun,281101,0,0,0,2,,,0,,,,,,Auckland Region,Nil,2-way,Sealed,,0,0,,50,,Off,0,0,,76,Auckland,Stop,,,,,0,0,Urban,1,,,Fine,Null
1767708,5905076,13254,,524603,0,,0,2,,North,2008/2009,SH 1N,TE IRIRANGI OBR,,Non-Injury Crash,Yes,2009,,North,,0,,Flat,,,,,,Bright sun,780304,0,0,0,3,,,0,,,,,,Auckland Region,Motorway ramp,1-way,Sealed,,0,0,,100,,Off,0,0,,76,Auckland,Nil,,,,,1,0,Open,0,,,Fine,Null
1763446,5913908,13255,,520303,0,,0,1,,Null,2009/2010,PENROSE ROAD,BARRACK ROAD,,Non-Injury Crash,No,2009,,West,,0,,Flat,,,,,,Dark,627300,0,0,0,3,,,0,,,,,,Auckland Region,Nil,2-way,Sealed,,0,0,,50,,On,0,0,,76,Auckland,Traffic Signals,,,,,0,0,Urban,1,,,Fine,Null
1752662,5916355,13256,,517903,0,,0,2,,East,2008/2009,NEW NORTH ROAD,RICHARDSON ROAD,,Non-Injury Crash,No,2009,,East,,0,,Flat,,,,,,Dark,520101,0,0,0,4,,,0,,,,,,Auckland Region,Nil,2-way,Sealed,,0,0,,50,,On,0,0,,76,Auckland,Nil,,,,,0,0,Urban,0,,,Fine,Null
1755224,5914469,13257,,518500,1,,0,1,,Null,2009/2010,DOMINION ROAD,KEYSTONE AVENUE,,Non-Injury Crash,No,2009,,South,,0,,Flat,,,,,,Twilight,560800,0,0,0,2,,,0,,,,,,Auckland Region,Nil,2-way,Sealed,,0,0,,50,,On,0,0,,76,Auckland,Nil,,,,,0,0,Urban,0,,,Light rain,Null
1756425,5919535,13258,,514000,0,0,0,4,0,North,2008/2009,HOWE ST,HOPETOUN ST,,Non-Injury Crash,No,2009,0,North,0,0,0,Hill Road,0,,0,,0,Bright sun,413500,0,0,0,2,0,0,0,0,2,,0,0,Auckland Region,Nil,2-way,Sealed,0,0,0,0,50,0,Off,0,0,,76,Auckland,Nil,0,0,0,0,0,0,Urban,0,0,0,Fine,Null
1770070,5894513,13259,,521201,0,0,0,0,0,East,2009/2010,HINGAIA ROAD,OAKLAND ROAD,,Non-Injury Crash,No,2009,0,West,1,0,0,Flat,0,,0,,0,Dark,806602,0,0,0,2,0,0,0,0,0,,0,1,Auckland Region,Nil,2-way,Sealed,0,0,0,0,70,0,None,1,0,,76,Auckland,Unknown,0,0,0,0,0,0,Urban,0,0,0,Heavy rain,Null
1620435,6117609,13260,,500208,0,0,0,0,1,South,2008/2009,GILL ROAD,SANDHILLS ROAD,,Non-Injury Crash,No,2009,0,North,0,0,0,Flat,0,,0,,0,Overcast,8100,0,0,0,2,0,0,0,0,0,,0,0,Northland Region,Nil,2-way,Unsealed,0,0,0,0,100,0,None,1,0,,1,Far North District,Nil,0,0,0,0,0,0,Open,0,0,0,Fine,Null
1764133,5904315,13261,,522100,0,,0,2,,Null,2009/2010,PUHINUI ROAD,PUHINUI ON SBD,,Non-Injury Crash,No,2009,,West,,0,,Flat,,,,,,Dark,659100,0,0,0,4,,,0,,,,,,Auckland Region,Nil,2-way,Sealed,,0,0,,50,,On,0,0,,76,Auckland,Traffic Signals,,,,,0,0,Urban,0,,,Fine,Null
1855253,5758267,13262,,535262,0,0,0,1,0,South,2009/2010,SH 1N,TOKOROA GOLF CLUB,,Non-Injury Crash,Yes,2009,0,South,0,0,0,Flat,0,,0,,0,Dark,1152800,0,0,0,2,0,0,0,0,0,,0,0,Waikato Region,Nil,2-way,Sealed,0,0,0,0,100,0,None,1,0,,19,South Waikato District,Unknown,0,0,0,0,0,0,Open,0,0,0,Fine,Null
1877459,5822565,13263,,538101,0,0,0,1,0,Null,2008/2009,SH 2,TAKITIMU DRIVE,,Non-Injury Crash,Yes,2009,0,East,0,0,0,Flat,0,,0,,0,Dark,1169201,0,0,0,1,0,0,0,0,0,,0,1,Bay of Plenty Region,Nil,1-way,Sealed,0,0,0,0,80,0,On,0,0,,23,Tauranga City,Nil,0,1,0,0,0,0,Open,0,0,0,Heavy rain,Null
1718311,6044214,13264,,503500,0,0,0,0,0,East,2008/2009,RAUMANGA VALLEY ROAD,MAHANA PLACE,,Non-Injury Crash,No,2009,0,East,0,0,1,Flat,0,,0,,0,Overcast,108000,0,0,0,2,0,0,0,0,0,,0,0,Northland Region,Nil,2-way,Sealed,0,0,0,0,50,0,Off,1,0,,2,Whangarei District,Nil,0,0,0,0,0,0,Urban,0,0,0,Heavy rain,Null
1839810,5604308,13265,,559400,0,1,0,1,0,South,2009/2010,KIWI ROAD,SWAN ST,,Non-Injury Crash,No,2009,0,South,0,0,0,Hill Road,0,,0,,1,Bright sun,1749900,0,0,0,2,0,0,0,0,0,,0,0,Manawatū-Whanganui Region,Bridge,2-way,Sealed,0,0,0,0,50,0,Null,0,0,,38,Rangitikei District,Nil,0,0,0,0,0,0,Urban,0,0,0,Fine,Null
2027666,5709822,13266,,544002,0,0,0,0,0,South,2008/2009,SH 2,TINIROTO ROAD,,Non-Injury Crash,Yes,2009,1,North,0,0,0,Flat,0,,0,,0,Bright sun,1361900,0,0,0,2,0,0,0,0,0,,0,0,Gisborne Region,Nil,2-way,Sealed,0,0,0,0,100,0,Null,0,0,,28,Gisborne District,Nil,0,0,0,0,1,0,Open,1,0,0,Fine,Null
1883383,5774851,13267,,539400,0,,0,2,,South,2009/2010,SH 5,TALLYHO ST,,Non-Injury Crash,Yes,2009,,North,,0,,Flat,,,,,,Dark,1225000,0,0,0,2,,,0,,,,,,Bay of Plenty Region,Nil,2-way,Sealed,,0,0,,60,,On,0,0,,24,Rotorua District,Give way,,,,,0,0,Urban,0,,,Fine,Null
1774146,5896529,13268,,525620,0,0,0,0,0,Null,2008/2009,KELVIN ROAD,SHEEHAN AVENUE,,Non-Injury Crash,No,2009,0,West,0,0,1,Flat,0,,0,,0,Dark,798200,0,0,1,2,0,0,0,0,0,,0,0,Auckland Region,Nil,2-way,Sealed,0,0,0,0,50,0,On,0,0,,76,Auckland,Give way,0,0,0,0,0,0,Urban,0,0,0,Fine,Null
1800737,5813023,13269,,529100,0,,0,2,,Null,2009/2010,SH 3,SH 1N,,Non-Injury Crash,Yes,2009,,North,,0,,Flat,,,,,,Overcast,930500,0,0,0,2,,,0,,,,,,Waikato Region,Nil,2-way,Sealed,,0,0,,50,,Null,0,0,,16,Hamilton City,Give way,,,,,0,0,Urban,0,,,Fine,Null
1817054,5803341,13270,,527503,0,,0,2,,Null,2008/2009,SH 1N,LAKE ST,,Non-Injury Crash,Yes,2009,,West,,0,,Flat,,,,,,Dark,962602,0,0,0,2,,,0,,,,,,Waikato Region,Nil,2-way,Sealed,,0,0,,50,,On,0,0,,17,Waipa District,Stop,,,,,0,0,Urban,0,,,Fine,Null
1803514,5815136,13271,,530500,0,,0,2,,Null,2009/2010,KNIGHTON ROAD,GATE 1,,Non-Injury Crash,No,2009,,South,,0,,Flat,,,,,,Overcast,890500,0,0,0,2,,,0,,,,,,Waikato Region,Nil,2-way,Sealed,,0,0,,50,,Null,0,0,,16,Hamilton City,Unknown,,,,,0,0,Urban,0,,,Fine,Null
1766088,5915605,13272,,520601,0,,0,3,,South,2008/2009,TRIPOLI ROAD,TOBRUK ROAD,,Non-Injury Crash,No,2009,,South,,0,,Flat,,,,,,Overcast,633400,0,0,0,2,,,0,,,,,,Auckland Region,Nil,2-way,Sealed,,0,0,,50,,Off,0,0,,76,Auckland,Nil,,,,,0,0,Urban,0,,,Light rain,Null
1815602,5802256,13273,65,527931,0,0,0,1,0,West,2009/2010,CAMBRIDGE ROAD,MATOS SEGEDIN DRIVE,,Non-Injury Crash,No,2009,0,East,0,0,0,Hill Road,0,Christmas New Year,0,,0,Overcast,987902,0,0,0,2,0,0,0,0,0,,0,1,Waikato Region,Nil,2-way,Sealed,0,0,0,0,100,0,None,0,0,,17,Waipa District,Nil,0,0,0,0,0,0,Open,0,0,0,Heavy rain,Null
1881025,5826511,13274,,536821,0,,0,2,,West,2008/2009,SH 2,TOTARA ST,,Non-Injury Crash,Yes,2009,,West,,0,,Flat,,,,,,Twilight,1203700,0,0,0,6,,,0,,,,,,Bay of Plenty Region,Nil,2-way,Sealed,,0,0,,70,,None,0,0,,23,Tauranga City,Unknown,,,,,0,0,Urban,0,,,Fine,Null
1770095,5917011,13275,,522604,0,0,0,1,0,West,2009/2010,SEA SPRAY DRIVE,BUCKLANDS BEACH ROAD,,Non-Injury Crash,No,2009,0,East,0,0,0,Flat,0,,0,,0,Dark,677300,0,0,0,2,0,0,0,0,1,,0,0,Auckland Region,Nil,2-way,Sealed,0,0,0,0,60,0,On,0,0,,76,Auckland,Nil,0,0,0,0,0,0,Urban,0,0,0,Null,Null
1875928,5826581,13276,,537000,0,,0,3,,Null,2008/2009,LEVERS ROAD,TILBY DRIVE,,Non-Injury Crash,No,2009,,West,,0,,Hill Road,,,,,,Twilight,1153801,0,0,0,2,,,0,,,,,,Bay of Plenty Region,Nil,2-way,Sealed,,0,0,,50,,Off,0,0,,23,Tauranga City,Give way,,,,,0,0,Urban,0,,,Null,Frost
1751451,5913735,13277,,514402,0,0,0,1,0,East,2009/2010,MIRANDA ST,RUAHINE ST E,,Non-Injury Crash,No,2009,0,East,0,0,1,Flat,0,,0,,0,Bright sun,379600,0,0,0,2,0,0,0,0,0,,0,0,Auckland Region,Nil,2-way,Sealed,0,0,0,0,50,0,Off,0,0,,76,Auckland,Nil,0,0,0,0,0,0,Urban,0,0,0,Fine,Null
1753141,5930201,13278,,508803,0,,0,2,,South,2008/2009,UNSWORTH DRIVE,BRONZEWING TERRACE,,Non-Injury Crash,No,2009,,North,,0,,Hill Road,,,,,,Bright sun,180855,0,0,0,2,,,0,,,,,,Auckland Region,Nil,2-way,Sealed,,0,0,,50,,Null,0,0,,76,Auckland,Nil,,,,,0,0,Urban,0,,,Fine,Null
1574505,5180827,13279,,593000,0,,0,0,,North,2009/2010,PAGES ROAD,WOODHAM ROAD,,Minor Crash,No,2009,,North,,0,,Flat,,,,,,Overcast,2568500,1,0,1,4,,,0,,,,,,Canterbury Region,Nil,2-way,Sealed,,0,0,,60,,Null,0,0,,60,Christchurch City,Unknown,,,,,0,0,Urban,0,,,Fine,Null
1756586,5919815,13280,,514000,0,,0,1,,South,2009/2010,SH 1N,WELLINGTON OBR,,Non-Injury Crash,Yes,2009,,North,,0,,Flat,,,,,,Dark,413300,0,0,0,3,,,0,,,,,,Auckland Region,Nil,1-way,Sealed,,0,0,,100,,On,0,0,,76,Auckland,Unknown,,,,,0,0,Open,1,,,Light rain,Null
1819599,5529941,13281,,562310,0,0,0,2,0,Null,2008/2009,BOTANICAL ROAD,BELVEDERE CRESCENT,,Non-Injury Crash,No,2009,0,North,0,0,0,Flat,0,,0,,0,Bright sun,1821800,0,0,0,2,0,0,0,0,1,,0,0,Manawatū-Whanganui Region,Nil,2-way,Sealed,0,0,0,0,50,0,Null,0,0,,40,Palmerston North City,Nil,0,0,0,0,0,0,Urban,0,0,0,Fine,Null
1855733,5803356,13282,,535231,0,0,0,1,1,East,2009/2010,SH 29,SH 28,,Non-Injury Crash,Yes,2009,0,West,0,0,0,Hill Road,0,,0,,0,Overcast,1114500,0,0,0,3,0,0,0,0,0,,0,0,Waikato Region,Nil,2-way,Sealed,0,0,0,0,100,0,Null,0,0,,15,Matamata-Piako District,Unknown,0,0,0,0,0,0,Open,0,0,0,Heavy rain,Null
1748589,5428912,13283,,572900,0,,0,2,,Null,2008/2009,Z CPK BALLANTRAE,BALLANTRAE PLACE,,Non-Injury Crash,No,2009,,South,,0,,Flat,,,,,,Dark,2122200,0,0,0,1,,,0,,,,,,Wellington Region,Nil,Off road,Sealed,,0,0,,50,,None,0,0,,47,Wellington City,Nil,,,,,0,0,Urban,0,,,Fine,Null
1615207,5423856,13284,,584201,0,,0,2,,Null,2008/2009,QUEEN ST,SH 6,,Non-Injury Crash,No,2009,,West,,0,,Flat,,,,,,Bright sun,2365400,0,0,0,2,,,0,,,,,,Tasman Region,Nil,2-way,Sealed,,0,0,,50,,Null,0,0,,51,Tasman District,Traffic Signals,,,,,0,0,Urban,0,,,Fine,Null
1750982,5918014,13285,,514801,0,,0,2,,West,2008/2009,SH 16,GT NORTH OBR,,Non-Injury Crash,Yes,2009,,East,,0,,Flat,,,,,,Overcast,390402,0,0,0,3,,,0,,,,,,Auckland Region,Nil,2-way,Sealed,,0,0,,100,,Null,0,0,,76,Auckland,Unknown,,,,,0,0,Open,0,,,Fine,Null
1768648,5901096,13286,,524901,0,,0,2,,Null,2008/2009,GREAT SOUTH ROAD,STATION ROAD,,Non-Injury Crash,No,2009,,North,,0,,Flat,,,,,,Dark,757100,0,0,0,2,,,0,,,,,,Auckland Region,Nil,2-way,Sealed,,0,0,,50,,On,0,0,,76,Auckland,Traffic Signals,,,,,0,0,Urban,0,,,Fine,Null
1758200,5920244,13287,,514103,0,,1,0,,Null,2008/2009,BEACH ROAD,CHURCHILL STREET,,Non-Injury Crash,No,2009,,East,,0,,Flat,,,,,,Bright sun,438203,0,0,0,3,,,0,,,,,,Auckland Region,Nil,2-way,Sealed,,0,0,,50,,Off,0,0,,76,Auckland,Give way,,,,,1,0,Urban,0,,,Fine,Null
1621071,5429375,13288,,583100,0,,0,2,,North,2008/2009,ORAKEI ST,TAMAKI ST,,Non-Injury Crash,No,2009,,North,,0,,Hill Road,,,,,,Bright sun,2334900,0,0,0,2,,,0,,,,,,Nelson Region,Nil,2-way,Sealed,,0,0,,50,,Null,0,0,,52,Nelson City,Nil,,,,,0,0,Urban,0,,,Fine,Null
1821301,5462135,13289,,578901,0,,0,2,,Null,2009/2010,SH 2,MANCHESTER ST,,Non-Injury Crash,Yes,2009,,West,,0,,Flat,,,,,,Overcast,2230000,0,0,0,2,,,0,,,,,,Wellington Region,Nil,2-way,Sealed,,0,0,,50,,Null,0,0,,48,Masterton District,Give way,,,,,0,0,Urban,0,,,Fine,Null
1756247,5919257,13290,,514200,0,,0,2,,Null,2009/2010,PONSONBY ROAD,KARANGAHAPE ROAD,,Non-Injury Crash,No,2009,,West,,0,,Flat,,,,,,Dark,411700,0,0,0,5,,,0,,,,,,Auckland Region,Nil,2-way,Sealed,,0,0,,50,,On,0,0,,76,Auckland,Traffic Signals,,,,,0,0,Urban,0,,,Fine,Null
1764101,5436833,13291,,568302,0,0,0,1,0,West,2008/2009,WADDINGTON DRIVE,PROUSE CRESCENT,,Non-Injury Crash,No,2009,0,East,0,0,0,Flat,0,,0,,0,Bright sun,1960400,0,0,0,2,0,0,0,0,0,,0,1,Wellington Region,Nil,2-way,Sealed,0,0,0,0,50,0,Null,0,0,,46,Lower Hutt City,Nil,0,0,0,0,0,0,Urban,0,0,0,Fine,Null
1719954,6045046,13292,,503100,0,,0,2,,West,2009/2010,COMMERCE ST,OKARA DRIVE,,Non-Injury Crash,No,2009,,East,,0,,Flat,,,,,,Overcast,101700,0,0,0,2,,,0,,,,,,Northland Region,Nil,2-way,Sealed,,0,0,,50,,Null,0,0,,2,Whangarei District,Stop,,,,,0,0,Urban,0,,,Fine,Null
1811901,5805402,13293,,527131,0,0,0,1,0,North,2008/2009,SH 1N,HOOKER ROAD,,Non-Injury Crash,Yes,2009,0,North,0,0,1,Flat,0,,0,,0,Dark,959700,0,0,0,2,0,0,0,0,0,,0,0,Waikato Region,Nil,2-way,Sealed,0,0,0,0,100,0,None,0,0,,13,Waikato District,Unknown,0,0,0,0,0,0,Open,0,0,0,Fine,Null
1755615,5926492,13294,,509701,0,0,0,2,0,North,2008/2009,HILLCREST AVENUE,OCEAN VIEW ROAD,,Non-Injury Crash,No,2009,0,North,0,0,0,Flat,0,,0,,0,Bright sun,363902,0,0,0,2,0,0,0,0,1,,0,0,Auckland Region,Nil,2-way,Sealed,0,0,0,0,50,0,Off,0,1,,76,Auckland,Unknown,0,0,0,0,0,0,Urban,0,0,0,Fine,Null
1796666,5814334,13295,,528602,0,0,0,1,0,Null,2008/2009,SH 23,NEWCASTLE ROAD,,Non-Injury Crash,Yes,2009,0,South,0,0,1,Hill Road,0,,0,,0,Dark,920901,0,0,0,2,0,0,0,0,0,,0,0,Waikato Region,Nil,2-way,Sealed,0,0,0,0,50,0,On,0,0,,16,Hamilton City,Give way,0,0,0,1,0,0,Urban,0,0,0,Light rain,Null
1755134,5928724,13296,,508320,0,,0,1,,East,2009/2010,HILLSIDE ROAD,POLAND ROAD,,Non-Injury Crash,No,2009,,West,,0,,Flat,,,,,,Overcast,196700,0,0,0,2,,,0,,,,,,Auckland Region,Nil,2-way,Sealed,,0,0,,50,,Off,0,0,,76,Auckland,Nil,,,,,0,0,Urban,1,,,Light rain,Null
1788642,5446492,13297,,579803,0,,0,1,,West,2008/2009,SH 2,RIMUTAKA NO4 BR,,Non-Injury Crash,Yes,2009,,South,,0,,Hill Road,,Easter,,,,Overcast,2272601,0,0,0,2,,,0,,,,,,Wellington Region,Nil,2-way,Sealed,,0,0,,100,,Null,0,0,,50,South Wairarapa District,Nil,,,,,0,0,Open,1,,,Fine,Null
1744584,5922466,13298,,513530,0,,0,1,,Null,2009/2010,ROYAL ROAD,MOIRE ROAD,,Non-Injury Crash,No,2009,,East,,0,,Hill Road,,,,,,Dark,225802,0,0,0,3,,,0,,,,,,Auckland Region,Nil,2-way,Sealed,,0,0,,50,,On,0,0,,76,Auckland,Traffic Signals,,,,,1,0,Urban,0,,,Fine,Null
1906119,5679355,13299,65,541503,0,0,0,1,1,North,2008/2009,SH 5,POHOKURA ROAD,,Non-Injury Crash,Yes,2009,0,South,0,0,0,Hill Road,0,Queens Birthday,0,,0,Dark,1281005,0,0,0,2,0,0,0,0,0,,0,0,Hawke's Bay Region,Nil,2-way,Sealed,0,0,0,0,100,0,None,0,0,,21,Taupo District,Nil,0,0,0,0,0,0,Open,0,0,0,Light rain,Null
1758848,5918964,13300,,515901,0,,0,1,,South,2009/2010,PARNELL ROAD,AYR ST,,Non-Injury Crash,No,2009,,South,,0,,Null,,,,,,Bright sun,451800,0,0,0,2,,,0,,,,,,Auckland Region,Nil,2-way,Sealed,,0,0,,50,,Off,0,0,,76,Auckland,Nil,,,,,1,0,Urban,0,,,Null,Null
1764318,5912290,13301,,520500,0,,0,0,,North,2008/2009,SH 1N,MT WGTN OFF NBD,,Non-Injury Crash,Yes,2009,,North,,0,,Flat,,,,,,Overcast,639500,0,0,0,5,,,0,,,,,,Auckland Region,Nil,2-way,Sealed,,0,0,,100,,Null,1,0,,76,Auckland,Unknown,,,,,0,0,Open,1,,,Fine,Null
1762277,5913483,13302,,520500,0,,0,1,,South,2009/2010,SH 1N,PENROSE OBR,,Non-Injury Crash,Yes,2009,,North,,0,,Flat,,,,,,Bright sun,637100,0,0,0,5,,,0,,,,,,Auckland Region,Nil,1-way,Sealed,,0,0,,100,,Null,0,0,,76,Auckland,Unknown,,,,,1,0,Open,0,,,Fine,Null
1777387,5879564,13303,,521131,0,,0,1,,Null,2008/2009,SH 1N,NIKAU OFF SBD,,Non-Injury Crash,Yes,2009,,South,,0,,Flat,,,,,,Twilight,842601,0,0,0,4,,,0,,,,,,Waikato Region,Nil,2-way,Sealed,,0,0,,100,,None,0,0,,13,Waikato District,Nil,,,,,1,0,Open,0,,,Fine,Null
1751598,5914191,13304,,514402,0,,0,2,,Null,2008/2009,BLOCKHOUSE BAY ROAD,TIVERTON ROAD,,Non-Injury Crash,No,2009,,West,,0,,Hill Road,,,,,,Bright sun,378301,0,0,0,2,,,0,,,,,,Auckland Region,Nil,2-way,Sealed,,0,0,,50,,Off,0,0,,76,Auckland,Give way,,,,,0,0,Urban,0,,,Fine,Null
1715422,5645621,13305,,553003,0,0,0,1,0,North,2008/2009,BEACONSFIELD ROAD,EAST ROAD,,Non-Injury Crash,No,2009,0,South,1,0,0,Hill Road,0,,0,,0,Bright sun,1620602,0,0,0,2,0,0,0,0,0,,0,0,Taranaki Region,Nil,2-way,Sealed,0,0,0,0,100,0,Null,0,0,,34,Stratford District,Nil,0,0,0,0,0,0,Open,0,0,0,Fine,Null
1749185,5426645,13306,,573400,0,0,0,3,0,North,2009/2010,SH 1N,FIFESHIRE AVENUE,,Non-Injury Crash,Yes,2009,0,South,0,0,0,Flat,0,,0,,0,Dark,2143400,0,0,0,3,0,0,0,0,1,,0,0,Wellington Region,Nil,2-way,Sealed,0,0,0,0,50,0,On,0,0,,47,Wellington City,Nil,0,0,0,0,0,0,Urban,0,0,0,Fine,Null
1924315,5616261,13307,45,545821,0,0,0,1,0,South,2008/2009,SWAMP ROAD,OMARUNUI SETTLEMENT ROAD,,Non-Injury Crash,No,2009,0,South,1,0,0,Flat,0,,0,,0,Dark,1408500,0,0,0,2,0,0,0,0,0,,0,0,Hawke's Bay Region,Nil,2-way,Sealed,0,0,0,0,100,0,None,0,0,,30,Hastings District,Nil,0,0,0,0,0,0,Open,0,0,0,Fine,Null
1772913,5914230,13308,,521502,0,0,0,1,0,East,2008/2009,LITTEN ROAD,AVOCA ROAD,,Non-Injury Crash,No,2009,0,West,0,0,0,Flat,0,,0,,0,Dark,653603,0,0,0,2,0,0,0,0,1,,0,0,Auckland Region,Nil,2-way,Sealed,0,0,0,0,50,0,On,0,0,,76,Auckland,Nil,0,0,0,0,0,0,Urban,1,0,0,Fine,Null
1756216,5924212,13309,,509800,0,,0,2,,North,2009/2010,SH 1N,MT WGTN OFF SBD,,Non-Injury Crash,Yes,2009,,South,,0,,Hill Road,,,,,,Overcast,361100,0,0,0,3,,,0,,,,,,Auckland Region,Nil,1-way,Sealed,,0,0,,100,,Off,1,0,,76,Auckland,Nil,,,,,0,0,Open,0,,,Heavy rain,Null
1562289,5382213,13310,,581842,0,0,0,1,0,West,2008/2009,SH 6,GOWAN VALLEY ROAD,,Non-Injury Crash,Yes,2009,0,East,0,0,0,Flat,0,,0,,0,Overcast,2382400,0,0,0,2,0,0,0,1,0,,0,0,Tasman Region,Nil,2-way,Sealed,0,0,0,0,100,0,Null,0,0,,51,Tasman District,Nil,0,0,0,1,0,0,Open,0,0,0,Light rain,Null
1768725,5881354,13311,,525921,0,,0,2,,Null,2008/2009,SEDDON ST,TOBIN STREET,,Non-Injury Crash,No,2009,,East,,0,,Flat,,,,,,Dark,821400,0,0,0,2,,,0,,,,,,Auckland Region,Nil,2-way,Sealed,,0,0,,50,,On,0,0,,76,Auckland,Give way,,,,,0,0,Urban,0,,,Fine,Null
1838878,5748313,13312,55,541320,0,0,0,1,0,East,2008/2009,SH 30,SCOTT ROAD,,Non-Injury Crash,Yes,2009,0,East,0,0,1,Flat,0,,0,,0,Dark,1292100,0,0,0,2,0,0,0,0,0,,0,0,Waikato Region,Nil,2-way,Sealed,0,0,0,0,100,0,None,0,0,,21,Taupo District,Nil,0,0,0,0,0,0,Open,0,0,0,Mist or Fog,Null
1803090,5550159,13313,,558900,0,0,0,1,0,East,2008/2009,SH 1N,SH 3,,Non-Injury Crash,Yes,2009,0,South,0,0,0,Flat,0,,0,,0,Overcast,1743800,0,0,0,2,0,0,0,0,0,,0,0,Manawatū-Whanganui Region,Nil,2-way,Sealed,0,0,0,0,50,0,Null,0,0,,38,Rangitikei District,Nil,0,1,0,0,0,0,Urban,0,0,0,Fine,Null
1936229,5620202,13314,,546901,0,,0,2,,Null,2008/2009,LATHAM ST,VIGOR BROWN ST,,Non-Injury Crash,No,2009,,South,,0,,Flat,,,,,,Overcast,1431000,0,0,0,2,,,0,,,,,,Hawke's Bay Region,Nil,2-way,Sealed,,0,0,,50,,Null,0,0,,31,Napier City,Stop,,,,,0,0,Urban,0,,,Fine,Null
1763921,5910075,13315,,521901,0,,0,1,,Null,2009/2010,GREAT SOUTH ROAD,PRINCES ST,,Non-Injury Crash,No,2009,,South,,0,,Flat,,,,,,Bright sun,782200,0,0,0,2,,,0,,,,,,Auckland Region,Nil,2-way,Sealed,,0,0,,50,,Off,1,0,,76,Auckland,Give way,,,,,0,0,Urban,0,,,Fine,Null
1775901,5882188,13316,,521160,0,,0,2,,North,2008/2009,SH 1N,MILL OBR,,Non-Injury Crash,Yes,2009,,North,,0,,Hill Road,,,,,,Dark,827603,0,0,0,2,,,0,,,,,,Auckland Region,Nil,1-way,Sealed,,0,0,,100,,On,0,0,,76,Auckland,Nil,,,,,0,0,Open,0,,,Fine,Null