X,Y,OBJECTID,advisorySpeed,areaUnitID,bicycle,bridge,bus,carStationWagon,cliffBank,crashDirectionDescription,crashFinancialYear,crashLocation1,crashLocation2,crashRoadSideRoad,crashSeverity,crashSHDescription,crashYear,debris,directionRoleDescription,ditch,fatalCount,fence,flatHill,guardRail,holiday,houseOrBuilding,intersection,kerb,light,meshblockId,minorInjuryCount,moped,motorcycle,NumberOfLanes,objectThrownOrDropped,otherObject,otherVehicleType,overBank,parkedVehicle,pedestrian,phoneBoxEtc,postOrPole,region,roadCharacter,roadLane,roadSurface,roadworks,schoolBus,seriousInjuryCount,slipOrFlood,speedLimit,strayAnimal,streetLight,suv,taxi,temporarySpeedLimit,tlaId,tlaName,trafficControl,trafficIsland,trafficSign,train,tree,truck,unknownVehicleType,urban,vanOrUtility,vehicle,waterRiver,weatherA,weatherB
1919171,5781575,13317,,542540,0,0,0,1,1,West,2008/2009,SH 30,SH 34,,Non-Injury Crash,Yes,2009,0,West,0,0,0,Flat,0,,0,,0,Bright sun,1326101,0,0,0,2,0,0,0,0,0,,0,0,Bay of Plenty Region,Nil,2-way,Sealed,0,0,0,0,100,0,Off,0,0,,25,Whakatane District,Nil,0,0,0,0,0,0,Open,0,0,0,Fine,Frost
1864384,5544657,13318,,550102,0,,0,2,,Null,2008/2009,SH 2,YORK ST,,Non-Injury Crash,Yes,2009,,South,,0,,Flat,,,,,,Bright sun,1532700,0,0,0,2,,,0,,,,,,Manawatū-Whanganui Region,Nil,2-way,Sealed,,0,0,,50,,Null,0,0,,41,Tararua District,Give way,,,,,0,0,Urban,0,,,Fine,Null
1755098,5915714,13319,,517703,0,0,0,3,0,West,2008/2009,HALESOWEN AVENUE,PINE ST,,Non-Injury Crash,No,2009,0,West,0,0,0,Flat,0,,0,,0,Dark,538400,0,0,0,2,0,0,0,0,1,,0,0,Auckland Region,Nil,2-way,Sealed,0,0,0,0,50,0,On,0,0,,76,Auckland,Unknown,0,0,0,0,0,0,Urban,0,0,0,Fine,Null
1751547,5912373,13320,,514700,0,0,0,1,0,North,2009/2010,BLOCKHOUSE BAY ROAD,DONOVAN ST,,Non-Injury Crash,No,2009,0,South,0,0,0,Flat,0,,0,,0,Overcast,369900,0,0,0,2,0,0,0,0,1,,0,0,Auckland Region,Nil,2-way,Sealed,0,0,0,0,50,0,Off,0,0,,76,Auckland,Nil,0,0,0,0,0,0,Urban,1,0,0,Light rain,Null
1749717,5430474,13321,,572900,0,,0,0,,South,2008/2009,SH 1N,AOTEA ON NBD,,Non-Injury Crash,Yes,2009,,North,,0,,Flat,,,,,,Overcast,2118400,0,0,1,3,,,0,,,,,,Wellington Region,Nil,1-way,Sealed,,0,0,,100,,Null,0,0,,47,Wellington City,Nil,,,,,0,0,Open,1,,,Heavy rain,Null
1929209,5605119,13322,,548200,0,,0,2,,East,2008/2009,SOUTHAMPTON ST WEST,SOUTHLAND ROAD,,Non-Injury Crash,No,2009,,West,,0,,Flat,,,,,,Bright sun,1488600,0,0,0,2,,,0,,,,,,Hawke's Bay Region,Nil,2-way,Sealed,,0,0,,50,,Null,0,0,,30,Hastings District,Nil,,,,,0,0,Urban,0,,,Fine,Null
1801890,5814781,13323,,530200,0,,0,0,,South,2009/2010,GREY ST,CLYDE ST,,Non-Injury Crash,No,2009,,North,,0,,Flat,,,,,,Overcast,893000,0,0,0,2,,,0,,,,,,Waikato Region,Nil,2-way,Sealed,,0,0,,50,,Null,0,0,,16,Hamilton City,Unknown,,,,,0,0,Urban,2,,,Fine,Null
1770818,5898470,13324,,523912,0,,0,0,,Null,2009/2010,GREAT SOUTH ROAD,GRAHAM ROAD,,Non-Injury Crash,No,2009,,North,,0,,Flat,,,,,,Bright sun,767600,0,0,1,2,,,0,,,,,,Auckland Region,Nil,2-way,Sealed,,0,0,,50,,Off,0,0,,76,Auckland,Give way,,,,,0,0,Urban,1,,,Fine,Null
1745396,5923923,13325,,513521,0,0,0,3,0,South,2009/2010,LUCKENS ROAD,MOIRE ROAD,,Non-Injury Crash,No,2009,0,East,0,0,0,Hill Road,0,,0,,0,Bright sun,224209,0,0,0,2,0,0,0,0,1,,0,0,Auckland Region,Nil,2-way,Sealed,0,0,0,0,50,0,Off,0,0,,76,Auckland,Nil,0,0,0,0,0,0,Urban,0,1,0,Fine,Null
2080489,5819864,13326,,543301,0,,0,1,,West,2008/2009,EAST CAPE ROAD,DEWES ROAD,,Non-Injury Crash,No,2009,,East,,0,,Flat,,,,,,Twilight,1343400,0,0,0,2,,,0,,,,,,Gisborne Region,Nil,2-way,Sealed,,0,0,,50,,None,1,0,,28,Gisborne District,Nil,,,,,0,0,Urban,0,,,Fine,Null
1753719,5932335,13327,,508805,0,0,0,1,0,South,2008/2009,ARRENWAY DRIVE,DALLAN PLACE,,Non-Injury Crash,No,2009,0,North,0,0,0,Flat,0,,0,,0,Bright sun,180866,0,0,0,2,0,0,0,0,1,,0,0,Auckland Region,Nil,2-way,Sealed,0,0,0,0,50,0,Null,0,0,,76,Auckland,Unknown,0,0,0,0,1,0,Urban,0,0,0,Fine,Null
1622042,5430580,13328,,582402,0,,0,1,,East,2008/2009,QUEBEC ROAD,PRINCES DRIVE,,Non-Injury Crash,No,2009,,West,,0,,Hill Road,,,,,,Bright sun,2327803,0,0,0,2,,,0,,,,,,Nelson Region,Nil,2-way,Sealed,,0,0,,50,,Null,0,0,,52,Nelson City,Nil,,,,,0,0,Urban,1,,,Fine,Null
1750641,5423263,13329,,577000,0,,0,2,,Null,2008/2009,LYALL PARADE,KINGSFORD SMITH ST,,Non-Injury Crash,No,2009,,East,,0,,Flat,,,,,,Overcast,2175502,0,0,0,2,,,0,,,,,,Wellington Region,Nil,2-way,Sealed,,0,0,,50,,Null,0,0,,47,Wellington City,Give way,,,,,0,0,Urban,0,,,Heavy rain,Null
1776232,5575361,13330,,558200,0,0,0,1,0,West,2008/2009,SH 3,MARYBANK ROAD,,Non-Injury Crash,Yes,2009,0,West,1,0,0,Flat,0,,0,,0,Bright sun,1687304,0,0,0,2,0,0,0,0,0,,0,0,Manawatū-Whanganui Region,Nil,2-way,Sealed,0,0,0,0,100,0,Null,0,0,,37,Whanganui District,Nil,0,0,0,0,0,0,Open,0,0,0,Fine,Null
1810427,5638510,13331,,554900,0,0,0,2,0,North,2009/2010,OHAKUNE MOUNTAIN ROAD,THAMES ST,,Non-Injury Crash,No,2009,0,West,0,0,0,Hill Road,0,,0,,0,Overcast,1672702,0,0,0,2,0,0,0,0,1,,0,0,Manawatū-Whanganui Region,Nil,2-way,Sealed,0,0,0,0,100,0,Null,0,0,,36,Ruapehu District,Nil,0,0,0,0,0,0,Open,0,0,0,Snow,Null
1759557,5908258,13332,,524121,0,0,0,0,0,East,2009/2010,VENTURA ST,PITO PLACE,,Non-Injury Crash,No,2009,0,East,0,0,1,Flat,0,,0,,0,Dark,737301,0,0,0,2,0,1,0,0,0,,0,0,Auckland Region,Nil,2-way,Sealed,0,0,0,0,50,0,On,0,0,,76,Auckland,Nil,0,0,0,0,0,0,Urban,1,0,0,Fine,Null
1867047,5713629,13333,,541720,0,,0,1,,East,2009/2010,TAMAMUTU ST,TONGARIRO ST,,Non-Injury Crash,No,2009,,West,,0,,Flat,,,,,,Bright sun,1274000,0,0,0,2,,,0,,,,,,Waikato Region,Nil,2-way,Sealed,,0,0,,50,,Null,0,0,,21,Taupo District,Give way,,,,,0,0,Urban,1,,,Fine,Null
1730628,6034414,13334,,501811,0,0,0,1,0,North,2009/2010,PYLE ROAD WEST,MANAIA VIEW ROAD,,Non-Injury Crash,No,2009,0,North,0,0,1,Hill Road,0,,0,,0,Dark,78900,0,0,0,0,0,0,0,0,0,,0,0,Northland Region,Nil,2-way,Sealed,0,0,0,0,50,0,None,0,0,,2,Whangarei District,Nil,0,0,0,0,0,0,Urban,0,0,0,Fine,Null
1755158,5918264,13335,,517500,0,,0,2,,East,2008/2009,SH 16,ST LUKES OFF WBD,,Non-Injury Crash,Yes,2009,,West,,0,,Flat,,,,,,Overcast,529900,0,0,0,4,,,0,,,,,,Auckland Region,Nil,1-way,Sealed,,0,0,,100,,Null,0,0,,76,Auckland,Unknown,,,,,0,0,Open,0,,,Light rain,Null
1749193,5424928,13336,,576400,0,0,0,3,0,Null,2008/2009,CONSTABLE ST,DANIELL ST,,Non-Injury Crash,No,2009,0,West,0,0,0,Flat,1,,0,,0,Overcast,2169101,0,0,0,2,0,0,0,0,0,,0,0,Wellington Region,Nil,2-way,Sealed,0,0,0,0,50,0,Null,0,0,,47,Wellington City,Traffic Signals,0,0,0,0,0,0,Urban,0,0,0,Fine,Null
1823865,5525530,13337,,561902,0,0,0,2,0,Null,2008/2009,SH 57,TURITEA ROAD,,Non-Injury Crash,Yes,2009,0,South,0,0,1,Hill Road,0,,0,,0,Overcast,1799501,0,0,0,2,0,0,0,1,0,,0,0,Manawatū-Whanganui Region,Nil,2-way,Sealed,0,0,0,0,100,0,Null,0,0,80,40,Palmerston North City,Give way,0,0,0,1,0,0,Open,0,0,0,Fine,Null
1829748,5625176,13338,,554900,0,,0,0,,South,2008/2009,SH 1N,HASSETT DRIVE,,Non-Injury Crash,Yes,2009,,North,,0,,Flat,,,,,,Overcast,1755600,0,0,0,2,,,0,,,,,,Manawatū-Whanganui Region,Nil,2-way,Sealed,,0,0,,100,,Null,1,0,,36,Ruapehu District,Nil,,,,,0,0,Open,0,,,Fine,Null
1781471,5872780,13339,,521135,0,0,0,1,0,North,2009/2010,Z TRAIN TRACKS,KIMIKIMI ROAD,,Non-Injury Crash,No,2009,0,South,0,0,0,Flat,0,,0,,0,Dark,843000,0,0,0,0,0,0,1,0,1,,0,0,Waikato Region,Nil,Off road,Sealed,0,0,0,0,100,0,On,0,0,,13,Waikato District,Nil,0,0,0,0,0,0,Open,0,0,0,Light rain,Null
1749180,5970430,13340,,505500,0,,0,2,,North,2009/2010,MILL LANE,WHITAKER ROAD,,Non-Injury Crash,No,2009,,South,,0,,Flat,,,,,,Overcast,140300,0,0,0,2,,,0,,,,,,Auckland Region,Nil,2-way,Sealed,,0,0,,50,,Off,0,0,,76,Auckland,Nil,,,,,0,0,Urban,0,,,Light rain,Null
1757401,5915745,13341,,515801,0,,0,3,,West,2008/2009,GREEN LANE WEST,ST ANDREWS ROAD,,Non-Injury Crash,No,2009,,East,,0,,Flat,,,,,,Dark,446902,0,0,0,6,,,0,,,,,,Auckland Region,Nil,2-way,Sealed,,0,0,,50,,On,0,0,,76,Auckland,Nil,,,,,0,0,Urban,0,,,Light rain,Null
1754046,5926883,13342,,508620,0,0,0,1,0,North,2008/2009,ARCHERS ROAD,CORONATION ROAD,,Non-Injury Crash,No,2009,0,North,0,0,0,Hill Road,0,,0,,0,Dark,205100,0,0,0,2,0,0,0,1,0,,0,0,Auckland Region,Nil,2-way,Sealed,0,0,0,0,50,0,On,0,0,,76,Auckland,Nil,0,0,0,0,0,0,Urban,0,0,0,Heavy rain,Null
1756599,5919300,13343,,514200,0,,0,1,,South,2009/2010,SH 1N,NELSON OFF NBD,,Non-Injury Crash,Yes,2009,,North,,0,,Flat,,,,,,Bright sun,411900,0,0,0,3,,,0,,,,,,Auckland Region,Nil,1-way,Sealed,,0,0,,80,,Off,0,0,,76,Auckland,Nil,,,,,1,0,Open,0,,,Fine,Null
1972884,5681252,13344,,545204,0,0,0,0,0,West,2008/2009,SH 38,TITIRANGI ROAD,,Non-Injury Crash,Yes,2009,0,North,0,0,0,Flat,0,,0,,0,Overcast,1395800,0,0,0,2,0,0,0,0,0,,0,0,Hawke's Bay Region,Nil,2-way,Sealed,0,0,0,0,100,0,Null,1,0,,29,Wairoa District,Nil,0,0,0,0,0,0,Open,0,0,0,Fine,Null
1283842,4860709,13345,55,610080,0,,0,1,,Null,2008/2009,WYNDHAM-MOKORETA ROAD,MIMIHAU SCHOOL ROAD,,Non-Injury Crash,No,2009,,North,,0,,Flat,,Queens Birthday,,,,Overcast,3093700,0,0,0,2,,,0,,,,,,Southland Region,Nil,2-way,Sealed,,0,0,,100,,Null,0,0,,73,Southland District,Give way,,,,,0,0,Open,0,,,Heavy rain,Null
1752316,5425023,13346,,577302,0,0,0,2,0,South,2009/2010,PARK ROAD,ROTHERHAM TERRACE,,Non-Injury Crash,No,2009,0,South,0,0,0,Flat,0,,0,,0,Bright sun,2205600,0,0,0,2,0,0,0,0,2,,0,0,Wellington Region,Nil,2-way,Sealed,0,0,0,0,50,0,Null,0,0,,47,Wellington City,Nil,0,0,0,0,1,0,Urban,0,0,0,Fine,Null
1611346,5426130,13347,,581726,0,,0,1,,Null,2009/2010,SH 60,LANSDOWNE ROAD,,Non-Injury Crash,Yes,2009,,North,,0,,Flat,,,,,,Bright sun,2357201,0,0,0,2,,,0,,,,,,Tasman Region,Nil,2-way,Sealed,,0,0,,100,,Null,1,0,,51,Tasman District,Stop,,,,,0,0,Open,0,,,Fine,Null
1743025,5919697,13348,,513212,0,,0,1,,Null,2009/2010,GLEN ROAD,LUANDA DRIVE,,Non-Injury Crash,No,2009,,North,,0,,Flat,,,,,,Dark,235716,0,0,0,2,,,0,,,,,,Auckland Region,Nil,2-way,Sealed,,0,0,,50,,On,0,0,,76,Auckland,Give way,,,,,0,0,Urban,1,,,Heavy rain,Null
1878518,5822482,13349,,538102,0,,0,2,,Null,2008/2009,DEVONPORT ROAD,THIRTEENTH AVENUE,,Non-Injury Crash,No,2009,,North,,0,,Flat,,,,,,Twilight,1167104,0,0,0,2,,,0,,,,,,Bay of Plenty Region,Nil,2-way,Sealed,,0,0,,50,,Off,0,0,,23,Tauranga City,Give way,,,,,0,0,Urban,0,,,Fine,Null
1769448,5901860,13350,,524901,0,,0,2,,North,2008/2009,GRANDE VUE ROAD,HILL ROAD,,Non-Injury Crash,No,2009,,South,,0,,Flat,,,,,,Bright sun,755600,0,0,0,2,,,0,,,,,,Auckland Region,Nil,2-way,Sealed,,0,0,,50,,Null,0,1,,76,Auckland,Unknown,,,,,0,0,Urban,0,,,Fine,Null
1755418,5929333,13351,,508510,0,,0,2,,South,2009/2010,SH 1N,TRISTRAM OFF SBD,,Non-Injury Crash,Yes,2009,,South,,0,,Flat,,,,,,Bright sun,194300,0,0,0,2,,,0,,,,,,Auckland Region,Nil,1-way,Sealed,,0,0,,100,,Off,0,0,,76,Auckland,Nil,,,,,0,0,Open,0,,,Fine,Null
1748578,5427212,13352,,573101,0,,0,2,,East,2009/2010,GHUZNEE ST,VICTORIA ST,,Non-Injury Crash,No,2009,,East,,0,,Flat,,,,,,Overcast,2131700,0,0,0,2,,,0,,,,,,Wellington Region,Nil,2-way,Sealed,,0,0,,50,,Null,0,1,,47,Wellington City,Nil,,,,,0,0,Urban,0,,,Heavy rain,Null
2037355,5708250,13353,,544600,0,,0,2,,West,2009/2010,GLADSTONE ROAD,PEEL ST,,Non-Injury Crash,No,2009,,East,,0,,Flat,,,,,,Bright sun,1371000,0,0,0,2,,,0,,,,,,Gisborne Region,Nil,2-way,Sealed,,0,0,,50,,Null,0,0,,28,Gisborne District,Traffic Signals,,,,,0,0,Urban,0,,,Fine,Null
1753557,5914642,13354,,518801,0,0,0,1,0,West,2009/2010,STODDARD ROAD,SANDRINGHAM ROAD,,Non-Injury Crash,No,2009,0,South,0,0,0,Flat,0,,0,,0,Dark,578500,0,0,0,2,0,0,0,0,0,,0,0,Auckland Region,Nil,2-way,Sealed,0,0,0,0,50,0,On,0,0,,76,Auckland,Nil,0,1,0,0,0,0,Urban,0,0,0,Light rain,Null
1751678,5914757,13355,,514402,0,0,0,2,0,East,2009/2010,NEW WINDSOR ROAD,BLOCKHOUSE BAY ROAD,,Non-Injury Crash,No,2009,0,East,0,0,0,Flat,0,,0,,0,Dark,380504,0,0,0,2,0,0,0,0,1,,0,0,Auckland Region,Nil,2-way,Sealed,0,0,0,0,50,0,On,0,0,,76,Auckland,Nil,0,0,0,0,0,0,Urban,0,0,0,Fine,Null
1741455,5910128,13356,,512902,0,0,0,1,1,South,2009/2010,SCENIC DRIVE,WEST COAST ROAD,,Non-Injury Crash,No,2009,0,West,0,0,0,Hill Road,0,,0,,0,Twilight,282102,0,0,0,2,0,0,0,0,0,,0,0,Auckland Region,Nil,2-way,Sealed,0,0,0,0,100,0,Off,0,0,,76,Auckland,Nil,0,1,0,0,0,0,Open,0,0,0,Fine,Null
1767695,5907722,13357,,523502,0,,0,2,,Null,2009/2010,HILLS ROAD,EAST TAMAKI ROAD,,Non-Injury Crash,No,2009,,South,,0,,Flat,,,,,,Dark,704000,0,0,0,3,,,0,,,,,,Auckland Region,Nil,2-way,Sealed,,0,0,,50,,On,0,0,,76,Auckland,Traffic Signals,,,,,0,0,Urban,0,,,Fine,Null
1776006,5898649,13358,,523813,0,0,0,1,0,East,2008/2009,PAPAKURA-CLEVEDON ROAD,HAMLIN ROAD,,Non-Injury Crash,No,2009,0,East,0,0,1,Hill Road,0,,0,,0,Overcast,761800,0,0,0,2,0,0,0,0,0,,0,0,Auckland Region,Nil,2-way,Unsealed,0,0,0,0,100,0,Null,0,0,30,76,Auckland,Unknown,0,0,0,0,0,0,Open,0,0,0,Heavy rain,Null
1769750,5908424,13359,,523115,0,,0,1,,Null,2009/2010,ACCENT DRIVE,WAYNE FRANCIS DRIVE,,Non-Injury Crash,No,2009,,South,,0,,Flat,,,,,,Overcast,711912,0,0,0,2,,,0,,,,,,Auckland Region,Nil,2-way,Sealed,,0,0,,50,,Off,1,0,,76,Auckland,Give way,,,,,0,0,Urban,0,,,Light rain,Null
1757042,5920903,13360,,514101,0,,0,2,,Null,2009/2010,MARKET PLACE,PAKENHAM ST EAST,,Non-Injury Crash,No,2009,,South,,0,,Flat,,,,,,Dark,433005,0,0,0,2,,,0,,,,,,Auckland Region,Nil,2-way,Sealed,,0,0,,50,,On,0,0,,76,Auckland,Stop,,,,,0,0,Urban,0,,,Fine,Null
1773829,5472295,13361,,563703,0,,0,1,,South,2009/2010,SH 1N,TE MOANA ROAD,,Non-Injury Crash,Yes,2009,,South,,0,,Flat,,,,,,Overcast,1876400,0,0,0,2,,,0,,,,,,Wellington Region,Bridge,2-way,Sealed,,0,0,,70,,Null,0,0,,43,Kapiti Coast District,Nil,,,,,0,0,Urban,1,,,Fine,Null
1850974,5905432,13362,,533200,0,,0,0,,North,2009/2010,SH 25,PAUL ROAD,,Non-Injury Crash,Yes,2009,,South,,0,,Hill Road,,,,,,Bright sun,1048002,0,0,0,2,,,0,,,,,,Waikato Region,Nil,2-way,Sealed,,0,0,,100,,None,0,0,,11,Thames-Coromandel District,Nil,,,,,1,0,Open,0,,,Fine,Null
1764039,5909792,13363,,521901,0,0,0,2,0,West,2009/2010,MASON AVENUE,GREAT SOUTH ROAD,,Non-Injury Crash,No,2009,0,East,0,0,0,Flat,0,,0,,0,Bright sun,784400,0,0,0,2,0,0,0,0,1,,0,0,Auckland Region,Nil,2-way,Sealed,0,0,0,0,50,0,Off,0,0,,76,Auckland,Nil,0,0,0,0,0,0,Urban,0,0,0,Fine,Null
1746221,5925676,13364,,513431,0,,0,1,,North,2009/2010,HOBSONVILLE ROAD,SUNCREST DRIVE,,Non-Injury Crash,No,2009,,North,,0,,Flat,,,,,,Overcast,223802,0,0,0,2,,,0,,,,,,Auckland Region,Nil,2-way,Sealed,,0,0,,50,,Off,1,0,,76,Auckland,Nil,,,,,0,0,Urban,0,,,Fine,Null
1758613,5920403,13365,,514101,0,,0,2,,West,2009/2010,SH 16,COTESMORE WAY,,Non-Injury Crash,Yes,2009,,West,,0,,Flat,,,,,,Dark,438220,0,0,0,4,,,0,,,,,,Auckland Region,Nil,2-way,Sealed,,0,0,,50,,On,0,0,,76,Auckland,Nil,,,,,0,0,Urban,0,,,Light rain,Null
1763978,5909994,13366,,521901,0,,0,1,,Null,2008/2009,GREAT SOUTH ROAD,GORDON ROAD,,Non-Injury Crash,No,2009,,West,,0,,Flat,,,,,,Overcast,782400,0,0,0,2,,,0,,,,,,Auckland Region,Nil,2-way,Sealed,,0,0,,50,,Off,0,0,,76,Auckland,Stop,,,,,0,0,Urban,1,,,Fine,Null
1768290,5898072,13367,,525102,0,0,0,1,0,West,2008/2009,CARNOUSTIE DRIVE,MUIRFIELD ST,,Non-Injury Crash,No,2009,0,South,0,0,0,Flat,0,,0,,0,Dark,769045,0,0,0,2,0,1,0,0,0,,0,0,Auckland Region,Nil,2-way,Sealed,0,0,0,0,50,0,None,0,0,,76,Auckland,Nil,0,0,0,1,0,0,Urban,0,0,0,Light rain,Null
1755818,5932549,13368,,507400,0,,0,1,,East,2009/2010,HASTINGS ROAD,PENZANCE ROAD,,Non-Injury Crash,No,2009,,South,,0,,Flat,,,,,,Bright sun,152300,0,0,0,2,,,0,,,1,,,Auckland Region,Nil,2-way,Sealed,,0,0,,50,,Null,0,0,,76,Auckland,Unknown,,,,,0,0,Urban,0,,,Fine,Null
1891444,5813892,13369,,538501,0,,0,1,,Null,2009/2010,JELLICOE ST,NO 3 ROAD,,Non-Injury Crash,No,2009,,North,,0,,Flat,,,,,,Overcast,1213900,0,0,0,2,,,0,,,,,,Bay of Plenty Region,Nil,2-way,Sealed,,0,0,,70,,Off,0,0,,22,Western Bay of Plenty District,Stop,,,,,1,0,Urban,0,,,Fine,Null
1798389,5815896,13370,,528900,0,0,0,1,0,Null,2008/2009,NORTON ROAD,SH 1N,,Non-Injury Crash,Yes,2009,0,South,0,0,0,Flat,1,,0,,0,Bright sun,915400,0,0,0,2,0,0,0,0,0,,0,0,Waikato Region,Nil,2-way,Sealed,0,0,0,0,60,0,Null,0,0,,16,Hamilton City,Give way,0,0,0,0,1,0,Urban,0,0,0,Fine,Null
1878518,5822481,13371,,538102,0,,0,2,,Null,2009/2010,THIRTEENTH AVENUE,DEVONPORT ROAD,,Non-Injury Crash,No,2009,,North,,0,,Flat,,,,,,Overcast,1167200,0,0,0,2,,,0,,,,,,Bay of Plenty Region,Nil,2-way,Sealed,,0,0,,50,,Null,0,0,,23,Tauranga City,Give way,,,,,0,0,Urban,0,,,Light rain,Null
1767135,5905480,13372,,524603,1,,0,1,,South,2008/2009,GREAT SOUTH ROAD,PUHINUI ROAD,,Non-Injury Crash,No,2009,,North,,0,,Flat,,,,,,Bright sun,780205,0,0,0,2,,,0,,,,,,Auckland Region,Nil,2-way,Sealed,,0,0,,30,,Off,0,0,,76,Auckland,Nil,,,,,0,0,Urban,0,,,Fine,Null
1774004,5814314,13373,,526601,0,0,0,1,1,South,2009/2010,OHAUTIRA ROAD,WAINGARO LANDING ROAD,,Non-Injury Crash,No,2009,0,South,0,0,0,Flat,0,,0,,0,Overcast,860700,0,0,0,2,0,0,0,0,0,,0,0,Waikato Region,Nil,2-way,Sealed,0,0,0,0,100,0,Null,0,0,,13,Waikato District,Unknown,0,0,0,0,0,0,Open,0,0,0,Fine,Null
1755187,5914339,13374,,518500,0,0,0,2,0,North,2008/2009,DOMINION ROAD,MOUNT ALBERT ROAD,,Non-Injury Crash,No,2009,0,North,0,0,0,Flat,0,,0,,0,Overcast,561000,0,0,0,4,0,0,0,0,1,,0,0,Auckland Region,Nil,2-way,Sealed,0,0,0,0,50,0,Off,0,0,,76,Auckland,Nil,0,0,0,0,0,0,Urban,0,0,0,Fine,Null
1767058,5906077,13375,,522302,0,,0,2,,Null,2008/2009,PEMBROKE ST,ESPERANTO ROAD,,Non-Injury Crash,No,2009,,South,,0,,Flat,,,,,,Overcast,670300,0,0,0,2,,,0,,,,,,Auckland Region,Nil,2-way,Sealed,,0,0,,50,,Off,0,0,,76,Auckland,Nil,,,,,0,0,Urban,0,,,Light rain,Null
1768257,5902296,13376,,525001,0,,0,2,,South,2009/2010,GREAT SOUTH ROAD,BROWNS ROAD,,Non-Injury Crash,No,2009,,North,,0,,Flat,,,,,,Overcast,750800,0,0,0,2,,,0,,,,,,Auckland Region,Nil,2-way,Sealed,,0,0,,50,,Off,0,0,,76,Auckland,Nil,,,,,0,0,Urban,0,,,Fine,Null
1876677,5821038,13377,,537500,0,0,0,1,0,North,2008/2009,CAMERON ROAD,ST GEORGE ST,,Non-Injury Crash,No,2009,0,South,0,0,0,Flat,0,,1,,0,Dark,1171700,0,0,0,2,0,0,0,0,0,,0,1,Bay of Plenty Region,Nil,2-way,Sealed,0,0,0,0,50,0,On,0,0,,23,Tauranga City,Unknown,0,0,0,0,0,0,Urban,0,0,0,Fine,Null
1767661,5900317,13378,,525101,0,,0,2,,Null,2009/2010,WEYMOUTH ROAD,FRIEDLANDERS ROAD,,Non-Injury Crash,No,2009,,West,,0,,Flat,,,,,,Bright sun,771800,0,0,0,2,,,0,,,,,,Auckland Region,Nil,2-way,Sealed,,0,0,,60,,Off,0,0,,76,Auckland,Give way,,,,,0,0,Urban,0,,,Fine,Null
1754385,5918355,13379,,515431,0,,0,2,,East,2009/2010,SH 16,MOTAT ON EBD,,Non-Injury Crash,Yes,2009,,East,,0,,Flat,,,,,,Bright sun,406201,0,0,0,5,,,0,,,,,,Auckland Region,Motorway ramp,1-way,Sealed,,0,0,,100,,Off,0,0,,76,Auckland,Nil,,,,,0,0,Open,0,,,Fine,Null
1780491,5744517,13380,,531720,0,0,0,0,0,Null,2009/2010,SH 3,ARAPAE ROAD,,Non-Injury Crash,Yes,2009,0,North,0,0,0,Flat,0,,0,,0,Dark,1017800,0,0,0,2,0,0,0,0,0,,0,0,Waikato Region,Nil,2-way,Sealed,0,0,0,0,100,0,None,0,0,,20,Waitomo District,Nil,0,0,0,0,0,0,Open,1,0,0,Mist or Fog,Null
1768845,5899545,13381,,525002,0,,0,2,,Null,2009/2010,FIELDS ROAD,MAHIA ROAD,,Non-Injury Crash,No,2009,,West,,0,,Hill Road,,,,,,Bright sun,754100,0,0,0,2,,,0,,,,,,Auckland Region,Nil,2-way,Sealed,,0,0,,80,,Null,0,0,,76,Auckland,Stop,,,,,0,0,Open,0,,,Fine,Null
1756163,5935115,13382,,507101,0,0,0,3,0,East,2008/2009,ANZAC ROAD,CLYDE ROAD,,Non-Injury Crash,No,2009,0,West,0,0,0,Flat,0,,0,,0,Bright sun,160900,0,0,0,2,0,0,0,0,1,,0,0,Auckland Region,Nil,2-way,Sealed,0,0,0,0,50,0,Off,0,0,,76,Auckland,Nil,0,0,0,0,0,0,Urban,0,0,0,Fine,Null
1799284,5819865,13383,,529401,0,0,0,2,0,South,2009/2010,RIVER ROAD,TAUHARA DRIVE,,Non-Injury Crash,No,2009,0,South,0,0,0,Flat,0,,0,,0,Overcast,878601,0,0,0,2,0,0,0,0,1,,0,0,Waikato Region,Nil,2-way,Sealed,0,0,0,0,50,0,Null,0,0,,16,Hamilton City,Unknown,0,0,0,0,0,0,Urban,0,0,0,Fine,Null
1743624,5923846,13384,,513511,0,,0,1,,East,2008/2009,FRED TAYLOR DRIVE,FERNHILL DRIVE,,Non-Injury Crash,No,2009,,East,,0,,Flat,,,,,,Overcast,224306,0,0,0,4,,,0,,,,,,Auckland Region,Nil,2-way,Sealed,,0,0,,80,,Off,1,0,,76,Auckland,Nil,,,,,0,0,Open,1,,,Fine,Null
1796803,5819865,13385,,528403,0,,0,3,,South,2009/2010,TE RAPA ROAD,EAGLE WAY,,Non-Injury Crash,No,2009,,North,,0,,Flat,,,,,,Overcast,907401,0,0,0,4,,,0,,,,,,Waikato Region,Nil,2-way,Sealed,,0,0,,80,,Null,0,0,,16,Hamilton City,Unknown,,,,,0,0,Open,0,,,Light rain,Null
1815950,5806670,13386,,527133,0,,0,2,,Null,2009/2010,SH 1B,HAUTAPU ROAD,,Non-Injury Crash,Yes,2009,,South,,0,,Flat,,,,,,Overcast,960200,0,0,0,2,,,0,,,,,,Waikato Region,Nil,2-way,Sealed,,0,0,,80,,Off,0,0,,17,Waipa District,Give way,,,,,0,0,Open,0,,,Fine,Null