X,Y,OBJECTID,advisorySpeed,areaUnitID,bicycle,bridge,bus,carStationWagon,cliffBank,crashDirectionDescription,crashFinancialYear,crashLocation1,crashLocation2,crashRoadSideRoad,crashSeverity,crashSHDescription,crashYear,debris,directionRoleDescription,ditch,fatalCount,fence,flatHill,guardRail,holiday,houseOrBuilding,intersection,kerb,light,meshblockId,minorInjuryCount,moped,motorcycle,NumberOfLanes,objectThrownOrDropped,otherObject,otherVehicleType,overBank,parkedVehicle,pedestrian,phoneBoxEtc,postOrPole,region,roadCharacter,roadLane,roadSurface,roadworks,schoolBus,seriousInjuryCount,slipOrFlood,speedLimit,strayAnimal,streetLight,suv,taxi,temporarySpeedLimit,tlaId,tlaName,trafficControl,trafficIsland,trafficSign,train,tree,truck,unknownVehicleType,urban,vanOrUtility,vehicle,waterRiver,weatherA,weatherB
1403669,4913976,13387,,604210,0,0,0,4,0,South,2008/2009,RISELAW ROAD,PANMURE AVENUE N,,Serious Crash,No,2009,0,South,0,0,0,Hill Road,0,Queens Birthday,0,,0,Dark,2911500,3,0,0,2,0,0,0,0,1,,0,0,Otago Region,Nil,2-way,Sealed,0,0,1,0,50,0,On,0,0,,71,Dunedin City,Unknown,0,0,0,0,0,0,Urban,0,0,0,Light rain,Null
1823645,5530154,13388,,562600,0,,0,2,,Null,2008/2009,FITZROY ST,LIMBRICK ST,,Non-Injury Crash,No,2009,,North,,0,,Flat,,,,,,Overcast,1846600,0,0,0,2,,,0,,,,,,Manawatū-Whanganui Region,Nil,2-way,Sealed,,0,0,,50,,Null,0,0,,40,Palmerston North City,Give way,,,,,0,0,Urban,0,,,Fine,Null
1763471,5915028,13389,,520303,0,0,0,2,0,East,2008/2009,ELLERSLIE-PANMURE HIGHWAY,HARRIS ROAD,,Non-Injury Crash,No,2009,0,East,0,0,1,Flat,0,,0,,0,Dark,626700,0,0,0,4,0,0,0,0,0,,0,0,Auckland Region,Nil,2-way,Sealed,0,0,0,0,50,0,On,0,0,,76,Auckland,Nil,0,0,0,0,0,0,Urban,0,0,0,Light rain,Null
2032992,5708055,13390,,544400,0,0,0,1,0,East,2009/2010,SH 35,AERODROME ROAD E,,Non-Injury Crash,Yes,2009,0,West,0,0,1,Flat,0,,0,,0,Bright sun,1374500,0,0,0,2,0,0,0,0,0,,0,0,Gisborne Region,Nil,2-way,Sealed,0,0,0,0,50,0,Null,0,0,,28,Gisborne District,Nil,0,0,0,0,0,0,Urban,0,0,0,Fine,Null
1834476,5677393,13391,,541501,0,,0,1,,West,2009/2010,SH 47,OPOTAKA HISTORIC PLACE,,Non-Injury Crash,Yes,2009,,West,,0,,Hill Road,,,,,,Overcast,1029002,0,0,0,2,,,0,,,,,,Waikato Region,Nil,2-way,Sealed,,0,0,,100,,Null,0,0,,21,Taupo District,Unknown,,,,,0,0,Open,1,,,Fine,Null
1821937,5529072,13392,,562800,0,,0,1,,Null,2009/2010,FERGUSON ST,FITZHERBERT AVENUE,,Non-Injury Crash,No,2009,,West,,0,,Flat,,,,,,Overcast,1828700,0,0,0,2,,,0,,,,,,Manawatū-Whanganui Region,Nil,2-way,Sealed,,0,0,,50,,Null,0,0,,40,Palmerston North City,Traffic Signals,,,,,0,0,Urban,1,,,Fine,Null
1798476,5819014,13393,,528310,0,0,0,1,0,South,2009/2010,HEATH ST,BRYANT ROAD,,Non-Injury Crash,No,2009,0,West,0,0,0,Flat,0,,1,,0,Bright sun,898300,0,0,0,2,0,0,0,0,0,,0,0,Waikato Region,Nil,2-way,Sealed,0,0,0,0,50,0,Off,0,0,,16,Hamilton City,Nil,0,0,0,0,0,0,Urban,0,0,0,Fine,Null
1755426,5928886,13394,,508320,0,,0,2,,South,2008/2009,WAIRAU ROAD,TRISTRAM AVENUE,,Non-Injury Crash,No,2009,,North,,0,,Flat,,,,,,Overcast,198600,0,0,0,4,,,0,,,,,,Auckland Region,Nil,2-way,Sealed,,0,0,,50,,Off,0,0,,76,Auckland,Nil,,,,,0,0,Urban,0,,,Fine,Null
1748465,5918846,13395,,514801,0,0,0,2,0,West,2008/2009,SH 16,PATIKI OBR,,Non-Injury Crash,Yes,2009,0,West,0,0,0,Flat,1,,0,,0,Bright sun,389300,0,0,0,3,0,0,0,0,0,,0,0,Auckland Region,Motorway ramp,1-way,Sealed,0,0,0,0,100,0,Off,0,0,,76,Auckland,Nil,0,0,0,0,0,0,Open,0,0,0,Fine,Null
1880814,5819707,13396,,538302,0,,0,2,,Null,2008/2009,JAMES COOK DRIVE,VICTORY ST,,Non-Injury Crash,No,2009,,West,,0,,Hill Road,,,,,,Overcast,1180100,0,0,0,2,,,0,,,,,,Bay of Plenty Region,Nil,2-way,Sealed,,0,0,,50,,Null,0,0,,23,Tauranga City,Stop,,,,,0,0,Urban,0,,,Light rain,Null
1680603,5403818,13397,,581230,0,,0,1,,Null,2008/2009,SH 1S,STUART ST,,Non-Injury Crash,Yes,2009,,North,,0,,Flat,,,,,,Bright sun,2300100,0,0,0,2,,,0,,,,,,Marlborough Region,Nil,2-way,Sealed,,0,0,,50,,Null,1,0,,53,Marlborough District,Give way,,,,,0,0,Urban,0,,,Fine,Null
1875397,5560832,13398,,549800,0,,0,1,,South,2008/2009,SH 2,KOPUA ROAD,,Non-Injury Crash,Yes,2009,,South,,0,,Flat,,,,,,Bright sun,1534600,0,0,0,2,,,0,,,,,,Manawatū-Whanganui Region,Nil,2-way,Sealed,,0,0,,100,,Null,1,0,,41,Tararua District,Nil,,,,,0,0,Open,0,,,Fine,Null
1781832,5879002,13399,,521135,0,0,0,0,0,East,2009/2010,SH 2,MCPHERSON ROAD,,Non-Injury Crash,Yes,2009,0,East,1,0,0,Flat,0,,0,,0,Overcast,842000,0,0,0,2,0,0,0,0,0,,0,0,Waikato Region,Nil,2-way,Sealed,0,0,0,0,100,0,None,0,0,,13,Waikato District,Nil,0,0,0,0,0,0,Open,1,0,0,Light rain,Null
1755001,5915445,13400,,517703,0,0,0,1,0,Null,2009/2010,KIWITEA ST,LAMBETH ROAD,,Non-Injury Crash,No,2009,0,West,0,0,0,Flat,0,,0,,0,Dark,538801,0,0,0,2,0,0,0,0,0,,0,0,Auckland Region,Nil,2-way,Sealed,0,0,0,0,50,0,On,0,0,,76,Auckland,Nil,0,0,0,1,0,0,Urban,0,0,0,Fine,Null
1755457,5928986,13401,,508320,0,,0,1,,Null,2008/2009,TRISTRAM AVENUE,TRISTRAM OFF NBD W,,Non-Injury Crash,Yes,2009,,North,,0,,Flat,,,,,,Dark,198500,0,0,0,3,,,0,,,,,,Auckland Region,Nil,2-way,Sealed,,0,0,,50,,On,0,0,,76,Auckland,Traffic Signals,,,,,0,0,Urban,1,,,Fine,Null
1747979,5910201,13402,,512000,0,0,0,1,0,West,2009/2010,WOOD BAY ROAD,TAKAHE ROAD,,Non-Injury Crash,No,2009,0,North,0,0,0,Flat,0,,0,,1,Dark,295500,0,0,0,2,0,0,0,0,0,,0,0,Auckland Region,Nil,2-way,Sealed,0,0,0,0,50,0,On,0,0,,76,Auckland,Nil,0,0,0,0,0,0,Urban,0,0,0,Null,Null
1756989,5919121,13403,,514200,0,,0,2,,East,2008/2009,ALEX EVANS ST,ST BENEDICTS ST,,Non-Injury Crash,No,2009,,West,,0,,Flat,,,,,,Dark,412302,0,0,0,2,,,0,,,,,,Auckland Region,Nil,2-way,Sealed,,0,0,,50,,On,0,0,,76,Auckland,Traffic Signals,,,,,0,0,Urban,0,,,Fine,Null
1757955,5914729,13404,,518600,0,,0,2,,Null,2009/2010,PAH ROAD,ORAKAU AVENUE,,Non-Injury Crash,No,2009,,North,,0,,Flat,,,,,,Bright sun,566400,0,0,0,3,,,0,,,,,,Auckland Region,Nil,2-way,Sealed,,0,0,,50,,Off,0,0,,76,Auckland,Stop,,,,,0,0,Urban,0,,,Fine,Null
1923587,5736702,13405,,542700,0,,0,1,,Null,2009/2010,MIRO DRIVE,KARAMEA ST,,Non-Injury Crash,No,2009,,South,,0,,Flat,,,,,,Overcast,1329200,0,0,0,2,,,0,,,,,,Bay of Plenty Region,Nil,2-way,Sealed,,0,0,,50,,Null,0,0,,25,Whakatane District,Nil,,,,,0,0,Urban,1,,,Fine,Null
1765060,5910263,13406,,521801,0,0,0,1,0,Null,2009/2010,SH 1N,PRINCES OBR,,Non-Injury Crash,Yes,2009,0,North,0,0,0,Flat,0,,0,,0,Overcast,787700,0,0,0,3,0,0,0,0,0,,0,1,Auckland Region,Nil,1-way,Sealed,0,0,0,0,100,0,Off,0,0,,76,Auckland,Nil,0,0,0,0,0,0,Open,0,0,0,Light rain,Null
1770336,5911306,13407,,523109,0,,0,2,,Null,2009/2010,TI RAKAU DRIVE,TE IRIRANGI DRIVE,,Non-Injury Crash,No,2009,,West,,0,,Flat,,Labour Weekend,,,,Bright sun,711709,0,0,0,6,,,0,,,,,,Auckland Region,Nil,2-way,Sealed,,0,0,,70,,Off,0,0,,76,Auckland,Traffic Signals,,,,,0,0,Urban,0,,,Fine,Null
1894022,5781157,13408,,538820,0,0,0,1,1,Null,2009/2010,SH 30,TE PUEA ROAD,,Non-Injury Crash,Yes,2009,0,North,0,0,0,Flat,0,,0,,0,Overcast,1251604,0,0,0,2,0,0,0,0,0,,0,0,Bay of Plenty Region,Nil,2-way,Sealed,0,0,0,0,100,0,Null,0,0,,24,Rotorua District,Stop,0,0,0,0,0,0,Open,0,0,0,Fine,Null
1755914,5925367,13409,,509702,0,0,0,1,0,South,2009/2010,HOWARD ROAD,SAMPSON LANE,,Non-Injury Crash,No,2009,0,West,0,0,0,Hill Road,0,,0,,0,Dark,366300,0,0,0,2,0,0,0,0,1,,0,0,Auckland Region,Nil,2-way,Sealed,0,0,0,0,50,0,On,0,0,,76,Auckland,Unknown,0,0,0,0,0,0,Urban,1,0,0,Fine,Null
1753807,5918107,13410,,515003,0,,0,1,,Null,2009/2010,DUNCAN MACLEAN LINK,ST LUKES ROAD,,Non-Injury Crash,No,2009,,West,,0,,Flat,,,,,,Bright sun,390502,0,0,0,3,,,0,,,,,,Auckland Region,Nil,2-way,Sealed,,0,0,,50,,Off,0,0,,76,Auckland,Give way,,,,,0,0,Urban,1,,,Fine,Null
1748888,5428443,13411,,573000,0,,0,1,,Null,2009/2010,FEATHERSTON ST,BALLANCE ST,,Non-Injury Crash,No,2009,,West,,0,,Flat,,,,,,Overcast,2125200,0,0,0,2,,,0,,,,,,Wellington Region,Nil,2-way,Sealed,,0,0,,50,,Null,0,1,,47,Wellington City,Give way,,,,,0,0,Urban,1,,,Fine,Null
1757563,5435399,13412,,569800,0,,0,1,,Null,2009/2010,SH 2,DOWSE ON SBD,,Non-Injury Crash,Yes,2009,,West,,0,,Flat,,,,,,Bright sun,2035002,0,0,0,2,,,0,,,,,,Wellington Region,Nil,1-way,Sealed,,0,0,,100,,Null,0,0,50,46,Lower Hutt City,Give way,,,,,1,0,Open,0,,,Fine,Null
1761965,5436004,13413,,568502,0,0,0,2,0,West,2008/2009,FAIRFIELD AVENUE,WAIWHETU ROAD,,Non-Injury Crash,No,2009,0,West,0,0,0,Flat,0,,0,,0,Bright sun,1950700,0,0,0,2,0,0,0,0,1,,0,0,Wellington Region,Nil,2-way,Sealed,0,0,0,0,50,0,Null,0,0,,46,Lower Hutt City,Nil,0,0,0,0,0,0,Urban,0,0,0,Fine,Null
1745307,5919792,13414,,513301,0,,0,2,,North,2009/2010,LINCOLN ROAD,UNIVERSAL DRIVE,,Non-Injury Crash,No,2009,,South,,0,,Flat,,,,,,Overcast,232001,0,0,0,4,,,0,,,,,,Auckland Region,Nil,2-way,Sealed,,0,0,,50,,Null,0,0,,76,Auckland,Unknown,,,,,0,0,Urban,0,,,Fine,Null
1768187,5902434,13415,,524602,0,,0,2,,North,2008/2009,GREAT SOUTH ROAD,BROWNS ROAD,,Non-Injury Crash,No,2009,,North,,0,,Flat,,,,,,Dark,780700,0,0,0,4,,,0,,,,,,Auckland Region,Nil,2-way,Sealed,,0,0,,50,,On,0,0,,76,Auckland,Traffic Signals,,,,,0,0,Urban,0,,,Fine,Null
1751572,5912169,13416,,514700,0,,0,2,,North,2009/2010,BLOCKHOUSE BAY ROAD,GILFILLAN ST,,Non-Injury Crash,No,2009,,South,,0,,Flat,,,,,,Overcast,368900,0,0,0,2,,,0,,,,,,Auckland Region,Nil,2-way,Sealed,,0,0,,50,,Off,0,0,,76,Auckland,Nil,,,,,0,0,Urban,0,,,Fine,Null
1746654,5917885,13417,,512500,0,0,0,1,0,North,2008/2009,TE ATATU ROAD,ROBERTS ROAD,,Non-Injury Crash,No,2009,0,South,0,0,1,Flat,0,,0,,0,Dark,258400,0,0,0,2,0,0,0,0,0,,1,1,Auckland Region,Nil,2-way,Sealed,0,0,0,0,50,0,On,0,0,,76,Auckland,Nil,0,0,0,0,0,0,Urban,0,0,0,Null,Null
1747558,5427650,13418,,575300,0,,0,2,,East,2009/2010,UPLAND ROAD,PLUNKET ST,,Non-Injury Crash,No,2009,,North,,0,,Flat,,,,,,Overcast,2152201,0,0,0,2,,,0,,,,,,Wellington Region,Nil,2-way,Sealed,,0,0,,50,,Null,0,0,,47,Wellington City,Nil,,,,,0,0,Urban,0,,,Fine,Null
1757065,5920542,13419,,514102,0,0,1,1,0,Null,2009/2010,HOBSON ST,VICTORIA ST WEST,,Non-Injury Crash,No,2009,0,North,0,0,0,Flat,0,Christmas New Year,0,,0,Twilight,433700,0,0,0,3,0,0,0,0,0,,0,0,Auckland Region,Nil,2-way,Sealed,0,0,0,0,50,0,Off,0,0,,76,Auckland,Traffic Signals,0,0,0,0,0,0,Urban,0,1,0,Fine,Null
1755114,5918852,13420,,515420,0,,0,1,,Null,2009/2010,WILLIAMSON AVENUE,SCHOFIELD ST,,Non-Injury Crash,No,2009,,East,,0,,Flat,,,,,,Dark,406800,0,0,0,1,,,0,,,,,,Auckland Region,Nil,2-way,Sealed,,0,0,,50,,On,1,0,,76,Auckland,Stop,,,,,0,0,Urban,0,,,Fine,Null
1801310,5814102,13421,,529100,0,,0,2,,South,2008/2009,COBHAM DRIVE,HILLSBOROUGH TERRACE,,Non-Injury Crash,No,2009,,South,,0,,Flat,,,,,,Dark,931900,0,0,0,4,,,0,,,,,,Waikato Region,Nil,2-way,Sealed,,0,0,,80,,On,0,0,,16,Hamilton City,Nil,,,,,0,0,Open,0,,,Fine,Null
1717516,6038459,13422,,502005,0,,0,2,,South,2008/2009,SH 1N,PORTLAND ROAD,,Non-Injury Crash,Yes,2009,,North,,0,,Flat,,,,,,Overcast,74601,0,0,0,2,,,0,,,,,,Northland Region,Nil,2-way,Sealed,,0,0,,100,,Null,0,0,,2,Whangarei District,Unknown,,,,,0,0,Open,0,,,Light rain,Null
1759583,5436291,13423,,569100,0,0,0,2,0,South,2008/2009,HIGH ST,MARGARET ST,,Non-Injury Crash,No,2009,0,North,0,0,0,Flat,0,,0,,0,Dark,1967400,0,0,0,2,0,0,0,0,1,,0,0,Wellington Region,Nil,2-way,Sealed,0,0,0,0,50,0,On,0,0,,46,Lower Hutt City,Traffic Signals,0,0,0,0,0,0,Urban,0,0,0,Fine,Null
1764218,5909942,13424,,521901,0,,0,1,,Null,2008/2009,ATKINSON AVENUE,KING ST,,Non-Injury Crash,No,2009,,North,,0,,Flat,,,,,,Bright sun,783900,0,0,0,4,,,0,,,,,,Auckland Region,Nil,2-way,Sealed,,0,0,,50,,Off,1,0,,76,Auckland,Stop,,,,,0,0,Urban,0,,,Fine,Null
1768446,5901433,13425,,524901,0,,0,2,,North,2009/2010,GREAT SOUTH ROAD,KELVYN GROVE,,Non-Injury Crash,No,2009,,South,,0,,Flat,,,,,,Overcast,756100,0,0,0,2,,,0,,,,,,Auckland Region,Nil,2-way,Sealed,,0,0,,50,,Off,0,0,,76,Auckland,Nil,,,,,0,0,Urban,0,,,Light rain,Null
1748985,5911374,13426,,512100,0,0,0,1,0,West,2009/2010,GODLEY ROAD,AVONLEIGH ROAD,,Non-Injury Crash,No,2009,0,East,0,0,1,Flat,0,,0,,0,Bright sun,289800,0,0,0,2,0,0,0,0,0,,0,0,Auckland Region,Nil,2-way,Sealed,0,0,0,0,50,0,Off,0,0,,76,Auckland,Nil,1,0,0,0,0,0,Urban,0,0,0,Fine,Null
1746697,5919103,13427,,512401,0,,0,2,,Null,2008/2009,FLANSHAW ROAD,VODANOVICH ROAD,,Non-Injury Crash,No,2009,,South,,0,,Flat,,,,,,Bright sun,253400,0,0,0,2,,,0,,,,,,Auckland Region,Nil,2-way,Sealed,,0,0,,50,,Off,0,0,,76,Auckland,Give way,,,,,0,0,Urban,0,,,Fine,Null
1805818,5806000,13428,45,527915,0,0,0,1,1,East,2008/2009,MYSTERY CREEK ROAD,SH 21,,Non-Injury Crash,No,2009,0,West,0,0,1,Hill Road,0,,0,,0,Dark,984900,0,0,0,2,0,0,0,0,0,,0,0,Waikato Region,Nil,2-way,Sealed,0,0,0,0,100,0,None,0,0,,17,Waipa District,Unknown,0,0,0,0,0,0,Open,0,0,0,Light rain,Null
1731367,5646935,13429,,553002,0,,0,1,,South,2008/2009,MANGAOTUKU ROAD,OHURA,,Non-Injury Crash,No,2009,,West,,0,,Hill Road,,,,,,Overcast,1623000,0,0,0,2,,,0,,,,,,Taranaki Region,Nil,2-way,Sealed,,0,0,,100,,Null,0,0,,34,Stratford District,Nil,,,,,1,0,Open,0,,,Fine,Null
1822421,5529960,13430,,562800,1,,0,1,,Null,2008/2009,BROADWAY AVENUE,VICTORIA AVENUE,,Non-Injury Crash,No,2009,,North,,0,,Flat,,,,,,Overcast,1829600,0,0,0,2,,,0,,,,,,Manawatū-Whanganui Region,Nil,2-way,Sealed,,0,0,,50,,Null,0,0,,40,Palmerston North City,Give way,,,,,0,0,Urban,0,,,Light rain,Null
1801162,5817924,13431,,529800,0,0,0,2,0,West,2009/2010,CLARKIN ROAD,KENNEY CRESCENT,,Non-Injury Crash,No,2009,0,West,0,0,0,Flat,0,,0,,0,Bright sun,870300,0,0,0,2,0,0,0,0,0,,0,0,Waikato Region,Nil,2-way,Sealed,0,0,0,0,50,0,Off,0,1,,16,Hamilton City,Nil,0,0,0,0,0,0,Urban,0,1,0,Fine,Null
1769813,5901319,13432,,524901,0,,0,1,,North,2009/2010,SH 1N,ALFRISTON OBR,,Non-Injury Crash,Yes,2009,,North,,0,,Flat,,,,,,Bright sun,757602,0,0,0,3,,,0,,,,,,Auckland Region,Nil,1-way,Sealed,,0,0,,100,,Off,0,0,,76,Auckland,Nil,,,,,1,0,Open,1,,,Fine,Null
1823829,5463245,13433,,578600,0,0,0,1,0,North,2008/2009,QUEEN ST,JACKSON ST,,Non-Injury Crash,No,2009,0,North,0,0,0,Flat,0,,0,,0,Overcast,2242800,0,0,0,2,0,0,0,0,1,,0,0,Wellington Region,Nil,2-way,Sealed,0,0,0,0,50,0,Null,0,0,,48,Masterton District,Nil,0,0,0,0,0,0,Urban,1,0,0,Fine,Null
1717796,6054735,13434,80,502001,0,,0,1,,Null,2009/2010,VINEGAR HILL ROAD,SALEYARDS ROAD,,Non-Injury Crash,No,2009,,North,,0,,Flat,,,,,,Overcast,64000,0,0,0,2,,,0,,,,,,Northland Region,Nil,2-way,Sealed,,0,0,,100,,None,1,0,,2,Whangarei District,Give way,,,,,0,0,Open,0,,,Light rain,Null
1752880,5916612,13435,,517901,0,,0,1,,Null,2009/2010,CARRINGTON ROAD,NEW NORTH ROAD,,Non-Injury Crash,No,2009,,West,,0,,Hill Road,,,,,,Bright sun,524800,0,0,0,4,,,0,,,1,,,Auckland Region,Nil,2-way,Sealed,,0,0,,50,,Off,0,0,,76,Auckland,Traffic Signals,,,,,0,0,Urban,0,,,Fine,Null
1819611,5856214,13436,,533901,0,,0,2,,South,2009/2010,SH 27,TRAMLINE ROAD,,Non-Injury Crash,Yes,2009,,North,,0,,Flat,,,,,,Dark,1070000,0,0,0,2,,,0,,,,,,Waikato Region,Nil,2-way,Sealed,,0,0,,100,,None,0,0,,12,Hauraki District,Nil,,,,,0,0,Open,0,,,Fine,Null
1754414,5442661,13437,,571000,0,0,0,1,0,South,2008/2009,SH 1N,MUNGAVIN ON SBD,,Non-Injury Crash,Yes,2009,0,South,0,0,0,Flat,1,,0,,0,Dark,2052000,0,0,0,2,0,0,0,0,0,,0,0,Wellington Region,Nil,1-way,Sealed,0,0,0,0,100,0,On,0,0,,44,Porirua City,Nil,0,0,0,0,0,0,Open,0,0,0,Fine,Null
1720108,6049319,13438,,502202,0,0,0,2,0,East,2009/2010,HINAU ST,KIRIPAKA ROAD,,Non-Injury Crash,No,2009,0,West,0,0,0,Flat,0,,0,,0,Dark,88301,0,0,0,2,0,0,0,0,1,,0,0,Northland Region,Nil,2-way,Sealed,0,0,0,0,50,0,On,0,0,,2,Whangarei District,Nil,0,0,0,0,0,0,Urban,0,0,0,Fine,Null
1834627,5534332,13439,,561902,0,0,0,1,1,North,2009/2010,SH 3,SH 57,,Non-Injury Crash,Yes,2009,0,South,0,0,0,Flat,0,,0,,0,Dark,1759000,0,0,0,2,0,0,0,0,0,,0,0,Manawatū-Whanganui Region,Bridge,2-way,Sealed,0,0,0,0,100,0,None,0,0,,40,Palmerston North City,Nil,0,0,0,0,0,0,Open,0,0,0,Fine,Null
1749229,5427103,13440,,573101,0,0,0,1,0,East,2009/2010,COURTENAY PLACE,ALLEN ST,,Non-Injury Crash,No,2009,0,East,0,0,0,Flat,0,,0,,0,Twilight,2135700,0,0,0,2,0,0,0,0,0,,0,1,Wellington Region,Nil,2-way,Sealed,0,0,0,0,50,0,On,0,1,,47,Wellington City,Nil,1,0,0,0,0,0,Urban,0,0,0,Fine,Null
1802193,5829976,13441,,527123,0,,0,2,,Null,2009/2010,SH 1B,WHITIKAHU ROAD,,Non-Injury Crash,Yes,2009,,South,,0,,Flat,,,,,,Bright sun,949700,0,0,0,2,,,0,,,,,,Waikato Region,Nil,2-way,Sealed,,0,0,,100,,None,0,0,,13,Waikato District,Give way,,,,,0,0,Open,0,,,Fine,Null
1747030,5919768,13442,,512402,0,0,0,0,0,West,2008/2009,SH 16,TE ATATU ON WBD,,Non-Injury Crash,Yes,2009,0,West,0,0,0,Flat,1,,0,,0,Dark,252300,0,0,0,2,0,0,0,0,0,,0,0,Auckland Region,Nil,1-way,Sealed,0,0,0,0,100,0,On,1,0,,76,Auckland,Nil,0,0,0,0,0,0,Open,0,0,0,Heavy rain,Null
1773505,5878026,13443,,521131,0,0,0,1,1,South,2009/2010,HARRISVILLE ROAD,BUCKVILLE ROAD,,Non-Injury Crash,No,2009,0,North,1,0,0,Hill Road,0,,0,,0,Dark,828203,0,0,0,2,0,0,0,0,0,,0,0,Waikato Region,Nil,2-way,Sealed,0,0,0,0,100,0,None,0,0,,13,Waikato District,Nil,0,0,0,0,0,0,Open,0,0,0,Fine,Null
1623739,5431148,13444,,582500,0,,0,0,,West,2008/2009,HALIFAX ST,TRAFALGAR ST,,Non-Injury Crash,No,2009,,West,,0,,Flat,,,,,,Bright sun,2319000,0,0,0,2,,,0,,,,,,Nelson Region,Nil,2-way,Sealed,,0,0,,50,,Null,1,0,,52,Nelson City,Nil,,,,,1,0,Urban,0,,,Fine,Null
1769200,5737040,13445,,531720,0,0,0,1,0,East,2008/2009,SH 3,WALL ROAD,,Non-Injury Crash,Yes,2009,0,North,0,0,1,Hill Road,0,,0,,0,Overcast,1017500,0,0,0,2,0,0,0,0,0,,0,0,Waikato Region,Nil,2-way,Sealed,0,0,0,0,100,0,Null,0,0,,20,Waitomo District,Unknown,0,0,0,0,0,0,Open,0,0,0,Mist or Fog,Null
1930510,5604594,13446,,548100,1,,0,1,,Null,2008/2009,ST AUBYN ST EAST,WILLOWPARK ROAD NORTH,,Non-Injury Crash,No,2009,,West,,0,,Flat,,,,,,Bright sun,1500800,0,0,0,2,,,0,,,,,,Hawke's Bay Region,Nil,2-way,Sealed,,0,0,,50,,Null,0,0,,30,Hastings District,Give way,,,,,0,0,Urban,0,,,Fine,Null
1745063,5917750,13447,,510700,0,,0,4,,Null,2009/2010,SWANSON ROAD,LINCOLN ROAD,,Non-Injury Crash,No,2009,,East,,0,,Flat,,,,,,Overcast,239501,0,0,0,4,,,0,,,,,,Auckland Region,Nil,2-way,Sealed,,0,0,,50,,Off,0,0,,76,Auckland,Traffic Signals,,,,,0,0,Urban,0,,,Fine,Null
1697217,5677684,13448,,551012,0,0,0,1,0,East,2009/2010,HURLSTONE DRIVE,WENDY AVENUE,,Non-Injury Crash,No,2009,0,South,0,0,0,Flat,0,,0,,0,Overcast,1559400,0,0,0,2,0,0,0,0,0,,0,1,Taranaki Region,Nil,2-way,Sealed,0,0,0,0,70,0,Null,0,0,,33,New Plymouth District,Nil,0,0,0,0,0,0,Urban,0,0,0,Light rain,Null
1798791,5820439,13449,,529401,0,,0,1,,Null,2009/2010,RIVER ROAD,WAIRERE DRIVE,,Non-Injury Crash,No,2009,,West,,0,,Flat,,,,,,Overcast,952107,0,0,0,2,,,0,,,,,,Waikato Region,Nil,2-way,Sealed,,0,0,,50,,Null,0,0,,16,Hamilton City,Give way,,,,,0,0,Urban,1,,,Light rain,Null
1928270,5605866,13450,,548500,0,,0,3,,South,2008/2009,MARAEKAKAHO ROAD,LOWE ST,,Non-Injury Crash,No,2009,,North,,0,,Flat,,,,,,Bright sun,1479700,0,0,0,2,,,0,,,,,,Hawke's Bay Region,Nil,2-way,Sealed,,0,0,,50,,Null,0,0,,30,Hastings District,Nil,,,,,0,0,Urban,0,,,Fine,Null
1823835,5537342,13451,,560301,0,0,0,1,0,Null,2008/2009,ASHHURST ROAD,STONEY CREEK ROAD,,Non-Injury Crash,No,2009,0,West,0,0,1,Hill Road,0,,0,,0,Dark,1759300,0,0,0,2,0,0,0,0,0,,0,0,Manawatū-Whanganui Region,Nil,2-way,Sealed,0,0,0,0,100,0,On,0,0,,40,Palmerston North City,Give way,0,0,0,0,0,0,Open,0,0,0,Fine,Null
1759191,5916491,13452,,516001,0,0,0,1,0,Null,2008/2009,GREAT SOUTH ROAD,PATEY ST,,Non-Injury Crash,No,2009,0,South,0,0,0,Flat,0,,0,,0,Bright sun,493800,0,0,0,4,0,0,0,0,0,,0,1,Auckland Region,Nil,2-way,Sealed,0,0,0,0,50,0,Null,0,0,,76,Auckland,Nil,0,0,0,0,0,0,Urban,0,0,0,Fine,Null
1918439,5780379,13453,35,542540,0,0,0,0,0,East,2009/2010,SH 30,MATAHI ROAD,,Non-Injury Crash,Yes,2009,0,East,0,0,0,Hill Road,1,,0,,0,Dark,1326002,0,0,0,2,0,0,0,0,0,,0,0,Bay of Plenty Region,Nil,2-way,Sealed,0,0,0,0,100,0,None,0,0,,25,Whakatane District,Unknown,0,0,0,0,0,0,Open,1,0,0,Light rain,Null
1763830,5908894,13454,,521901,0,,0,1,,East,2008/2009,MANGERE ROAD,AWA ST,,Non-Injury Crash,No,2009,,East,,0,,Flat,,,,,,Bright sun,785100,0,0,0,2,,,0,,,,,,Auckland Region,Nil,2-way,Sealed,,0,0,,50,,Off,0,0,,76,Auckland,Nil,,,,,1,0,Urban,0,,,Fine,Null
1752390,5938584,13455,,506300,0,0,0,1,0,North,2008/2009,EAST COAST ROAD,OKURA RIVER ROAD,,Non-Injury Crash,No,2009,0,North,1,0,0,Flat,0,,0,,0,Dark,176103,0,0,0,2,0,0,0,0,0,,0,0,Auckland Region,Nil,2-way,Sealed,0,0,0,0,100,0,None,0,0,,76,Auckland,Nil,0,0,0,0,0,0,Open,0,0,0,Light rain,Null
1757053,5917749,13456,,518101,0,0,0,2,0,North,2009/2010,MOUNT EDEN ROAD,VIEW ROAD,,Non-Injury Crash,No,2009,0,North,0,0,0,Hill Road,0,,0,,0,Overcast,546200,0,0,0,2,0,0,0,0,1,,0,0,Auckland Region,Nil,2-way,Sealed,0,0,0,0,50,0,Null,0,0,,76,Auckland,Unknown,0,0,0,0,0,0,Urban,0,0,0,Light rain,Null