X,Y,OBJECTID,advisorySpeed,areaUnitID,bicycle,bridge,bus,carStationWagon,cliffBank,crashDirectionDescription,crashFinancialYear,crashLocation1,crashLocation2,crashRoadSideRoad,crashSeverity,crashSHDescription,crashYear,debris,directionRoleDescription,ditch,fatalCount,fence,flatHill,guardRail,holiday,houseOrBuilding,intersection,kerb,light,meshblockId,minorInjuryCount,moped,motorcycle,NumberOfLanes,objectThrownOrDropped,otherObject,otherVehicleType,overBank,parkedVehicle,pedestrian,phoneBoxEtc,postOrPole,region,roadCharacter,roadLane,roadSurface,roadworks,schoolBus,seriousInjuryCount,slipOrFlood,speedLimit,strayAnimal,streetLight,suv,taxi,temporarySpeedLimit,tlaId,tlaName,trafficControl,trafficIsland,trafficSign,train,tree,truck,unknownVehicleType,urban,vanOrUtility,vehicle,waterRiver,weatherA,weatherB
1766036,5900494,13457,,524713,0,0,0,1,0,Null,2008/2009,ROSCOMMON ROAD,BURUNDI AVENUE,,Non-Injury Crash,No,2009,0,South,0,0,0,Flat,0,,0,,0,Twilight,775819,0,0,0,2,0,0,0,0,0,,0,0,Auckland Region,Nil,2-way,Sealed,0,0,0,0,50,0,On,0,0,,76,Auckland,Give way,1,1,0,0,0,0,Urban,0,0,0,Fine,Null
1754536,5915668,13458,,517702,0,0,0,1,0,Null,2008/2009,HAVERSTOCK ROAD,DUNCAN AVENUE,,Non-Injury Crash,No,2009,0,East,0,0,2,Flat,0,,0,,0,Bright sun,541000,0,0,0,2,0,0,0,0,0,,0,0,Auckland Region,Nil,2-way,Sealed,0,0,0,0,50,0,Null,0,0,,76,Auckland,Stop,0,0,0,0,1,0,Urban,0,0,0,Fine,Null
1749515,5918052,13459,,514801,0,0,0,0,0,South,2008/2009,SH 16,ROSEBANK OFF WBD,,Non-Injury Crash,Yes,2009,0,West,0,0,0,Flat,1,,0,,0,Overcast,390401,0,0,0,3,0,0,0,0,0,,0,0,Auckland Region,Nil,1-way,Sealed,0,0,0,0,100,0,Off,1,0,,76,Auckland,Nil,0,0,0,0,0,0,Open,0,0,0,Light rain,Null
1678209,6021922,13460,,504600,0,0,0,2,0,East,2008/2009,VICTORIA ST,SH 12 NORMANBY,,Non-Injury Crash,No,2009,0,West,0,0,0,Flat,0,,0,,0,Bright sun,115700,0,0,0,2,0,0,0,0,1,,0,0,Northland Region,Nil,2-way,Sealed,0,0,0,0,50,0,Null,0,0,,3,Kaipara District,Unknown,0,0,0,0,0,0,Urban,0,0,0,Fine,Null
1688443,6108862,13461,,501614,0,0,0,1,0,North,2009/2010,PURERUA ROAD,SOMERVILLE ROAD,,Non-Injury Crash,No,2009,0,West,0,0,0,Hill Road,0,,0,,0,Dark,44008,0,0,0,2,0,0,0,0,0,,0,0,Northland Region,Nil,2-way,Sealed,0,0,0,0,100,0,None,0,0,,1,Far North District,Nil,0,0,0,1,0,0,Open,0,0,0,Fine,Null
1751639,5934061,13462,,508701,0,,0,0,,Null,2008/2009,DAIRY FLAT HIGHWAY,OTEHA VALLEY ROAD,,Non-Injury Crash,No,2009,,West,,0,,Flat,,,,,,Dark,178900,0,0,0,4,,,0,,,,,,Auckland Region,Nil,2-way,Sealed,,0,0,,50,,On,0,0,,76,Auckland,Traffic Signals,,,,,1,0,Urban,1,,,Fine,Frost
1751337,5916158,13463,,514401,0,,0,2,,Null,2008/2009,GREAT NORTH ROAD,GLENDON AVENUE,,Non-Injury Crash,No,2009,,West,,0,,Flat,,,,,,Dark,383100,0,0,0,4,,,0,,,,,,Auckland Region,Nil,2-way,Sealed,,0,0,,50,,On,0,0,,76,Auckland,Nil,,,,,0,0,Urban,0,,,Fine,Null
1900278,5808401,13464,,536651,0,0,0,1,0,Null,2008/2009,SH 33,OLD COACH ROAD,,Non-Injury Crash,Yes,2009,0,South,0,0,1,Flat,0,,0,,0,Dark,1211500,0,0,0,2,0,0,0,0,0,,0,1,Bay of Plenty Region,Nil,2-way,Sealed,0,0,0,0,70,0,On,0,0,,22,Western Bay of Plenty District,Stop,0,0,0,0,0,0,Urban,0,0,0,Fine,Null
1753379,5724350,13465,,531710,0,0,0,1,0,East,2008/2009,SH 3,AWAKINO TUNNEL,,Non-Injury Crash,Yes,2009,0,West,0,0,0,Flat,0,,0,,1,Overcast,1016800,0,0,0,2,0,0,0,1,0,,0,0,Waikato Region,Nil,2-way,Sealed,0,0,0,0,100,0,Null,0,0,,20,Waitomo District,Unknown,0,0,0,0,0,0,Open,0,0,1,Light rain,Null
1755093,5914116,13466,,518803,0,0,0,2,0,West,2008/2009,MEMORIAL AVENUE,DOMINION ROAD,,Non-Injury Crash,No,2009,0,South,0,0,0,Flat,0,,0,,0,Dark,580300,0,0,0,2,0,0,0,0,1,,0,0,Auckland Region,Nil,2-way,Sealed,0,0,0,0,50,0,On,0,0,,76,Auckland,Nil,0,0,0,0,0,0,Urban,0,0,0,Fine,Null
1780087,5869959,13467,,526701,0,0,0,1,0,North,2008/2009,MERCER FERRY ROAD,MORRISON ROAD,,Non-Injury Crash,No,2009,0,South,0,0,0,Flat,0,Christmas New Year,0,,0,Overcast,843900,0,0,0,2,0,0,0,0,0,,0,1,Waikato Region,Nil,2-way,Sealed,0,0,0,0,100,0,None,0,0,,13,Waikato District,Nil,0,0,0,0,0,0,Open,0,0,0,Light rain,Null
1764663,5437615,13468,,568302,0,0,0,1,0,North,2009/2010,Z DWAY TAITA CEMETERY,RIMU ROAD,,Non-Injury Crash,No,2009,0,South,0,0,0,Hill Road,0,,0,,0,Bright sun,1956900,0,0,0,1,0,1,0,0,0,,0,0,Wellington Region,Nil,Off road,Sealed,0,0,0,0,50,0,Null,0,0,,46,Lower Hutt City,Nil,0,0,0,0,0,0,Urban,0,0,0,Fine,Null
1889892,5775403,13469,,538741,1,,0,1,,South,2008/2009,ROBINSON AVENUE,STONEBRIDGE PARK DRIVE,,Non-Injury Crash,No,2009,,South,,0,,Flat,,,,,,Dark,1253702,0,0,0,2,,,0,,,,,,Bay of Plenty Region,Nil,2-way,Sealed,,0,0,,50,,None,0,0,,24,Rotorua District,Unknown,,,,,0,0,Urban,0,,,Fine,Null
1742374,5945028,13470,,506614,0,,0,1,,South,2009/2010,WHITEHILLS ROAD,WAITOKI ROAD,,Non-Injury Crash,No,2009,,West,,0,,Hill Road,,,,,,Overcast,177500,0,0,0,2,,,0,,,,,,Auckland Region,Nil,2-way,Sealed,,0,0,,100,,None,1,0,,76,Auckland,Nil,,,,,0,0,Open,0,,,Heavy rain,Null
1801602,5817601,13471,,529502,0,0,0,1,0,Null,2009/2010,HOLLAND ROAD,HUME PLACE,,Non-Injury Crash,No,2009,0,North,0,0,1,Flat,0,,0,,1,Bright sun,876000,0,0,0,2,0,0,0,0,0,,0,0,Waikato Region,Nil,2-way,Sealed,0,0,0,0,50,0,Off,0,0,,16,Hamilton City,Nil,0,0,0,0,0,0,Urban,0,0,0,Fine,Null
1752444,5917504,13472,,515003,0,0,0,1,0,Null,2009/2010,CARRINGTON ROAD,TASMAN AVENUE,,Non-Injury Crash,No,2009,0,North,0,0,0,Flat,0,,0,,0,Overcast,391602,0,0,0,2,0,0,0,0,1,,0,0,Auckland Region,Nil,2-way,Sealed,0,0,0,0,50,0,Off,0,1,,76,Auckland,Give way,0,0,0,0,0,0,Urban,1,0,0,Heavy rain,Null
1762206,5916097,13473,,516302,1,,0,2,,Null,2009/2010,ABBOTTS WAY,GRAND DRIVE,,Non-Injury Crash,No,2009,,West,,0,,Flat,,,,,,Bright sun,463601,0,0,0,2,,,0,,,,,,Auckland Region,Nil,2-way,Sealed,,0,0,,50,,Off,0,0,,76,Auckland,Give way,,,,,0,0,Urban,0,,,Fine,Null
1758167,5944922,13474,,505902,0,,0,2,,Null,2009/2010,WHANGAPARAOA ROAD,TIRI ROAD N,,Non-Injury Crash,No,2009,,South,,0,,Flat,,,,,,Overcast,174405,0,0,0,2,,,0,,,,,,Auckland Region,Nil,2-way,Sealed,,0,0,,50,,Off,0,0,,76,Auckland,Nil,,,,,0,0,Urban,0,,,Light rain,Null
1759058,5911795,13475,,519820,0,,0,2,,Null,2009/2010,ONEHUNGA MALL,NEILSON ST,,Non-Injury Crash,No,2009,,South,,0,,Flat,,,,,,Overcast,602402,0,0,0,2,,,0,,,,,,Auckland Region,Nil,2-way,Sealed,,0,0,,50,,Off,0,0,,76,Auckland,Traffic Signals,,,,,0,0,Urban,0,,,Fine,Null
1745508,5931735,13476,,506400,0,0,0,0,0,West,2008/2009,RIDGE ROAD,WAKE ROAD,,Non-Injury Crash,No,2009,0,West,0,0,0,Hill Road,0,,0,,0,Dark,216800,0,0,0,2,0,0,0,0,0,,0,1,Auckland Region,Nil,2-way,Sealed,0,0,0,0,100,0,None,0,0,,76,Auckland,Nil,0,0,0,0,0,0,Open,1,0,0,Fine,Null
1925667,5607268,13477,,548620,0,0,0,1,0,Null,2008/2009,FOLKESTONE DRIVE,DOVER ROAD,,Non-Injury Crash,No,2009,0,East,0,0,1,Flat,0,Easter,0,,0,Dark,1476000,0,0,0,2,0,0,0,0,0,,0,0,Hawke's Bay Region,Nil,2-way,Sealed,0,0,0,0,50,0,On,0,0,,30,Hastings District,Nil,0,0,0,0,0,0,Urban,0,0,0,Fine,Null
1882949,5776813,13478,,539200,0,,0,1,,Null,2009/2010,KAWAHA POINT ROAD,KINGDOM DRIVE,,Non-Injury Crash,No,2009,,East,,0,,Flat,,,,,,Bright sun,1220600,0,0,1,2,,,0,,,,,,Bay of Plenty Region,Nil,2-way,Sealed,,0,0,,50,,Null,0,0,,24,Rotorua District,Give way,,,,,0,0,Urban,0,,,Fine,Null
1420837,5028852,13479,,600822,0,,0,2,,West,2009/2010,SH 83,TAYLORS ROAD,,Minor Crash,Yes,2009,,West,,0,,Flat,,,,,,Bright sun,2826202,2,0,0,2,,,0,,,,,,Canterbury Region,Nil,2-way,Sealed,,0,0,,100,,Null,0,0,,68,Waitaki District,Unknown,,,,,0,0,Open,0,,,Fine,Null
1770828,5897073,13480,,523912,0,0,0,2,0,North,2009/2010,SH 1N,PAPAKURA ON NBD,,Non-Injury Crash,Yes,2009,0,North,0,0,0,Flat,1,,0,,0,Overcast,767804,0,0,0,2,0,0,0,0,0,,0,0,,Nil,1-way,Sealed,0,0,0,0,100,0,Off,0,0,,76,Auckland,Nil,0,0,0,0,0,0,Open,0,0,0,Heavy rain,Null
1773190,5896431,13481,,525620,0,,0,2,,Null,2009/2010,MARNE ROAD,WILLIS ROAD,,Non-Injury Crash,No,2009,,North,,0,,Flat,,,,,,Overcast,797600,0,0,0,2,,,0,,,,,,Auckland Region,Nil,2-way,Sealed,,0,0,,50,,Off,0,0,,76,Auckland,Give way,,,,,0,0,Urban,0,,,Light rain,Null
1717721,6048805,13482,,502300,0,,0,1,,West,2008/2009,WHAU VALLEY ROAD,HALCYON PLACE,,Non-Injury Crash,No,2009,,East,,0,,Flat,,,,,,Overcast,89000,0,0,0,2,,,0,,,,,,Northland Region,Nil,2-way,Sealed,,0,0,,50,,None,1,0,,2,Whangarei District,Nil,,,,,0,0,Urban,0,,,Light rain,Null
1755685,5926251,13483,,509702,0,,0,2,,Null,2008/2009,LAKE ROAD,FRASER AVENUE,,Non-Injury Crash,No,2009,,North,,0,,Flat,,,,,,Dark,364900,0,0,0,2,,,0,,,,,,Auckland Region,Nil,2-way,Sealed,,0,0,,50,,On,0,0,,76,Auckland,Nil,,,,,0,0,Urban,0,,,Fine,Null
1752651,5915735,13484,,517903,0,0,0,1,0,Null,2008/2009,HARLSTON ROAD,RICHARDSON ROAD,,Non-Injury Crash,No,2009,0,South,0,0,0,Flat,0,,0,,0,Dark,520600,0,0,0,2,0,0,0,0,0,,0,0,Auckland Region,Nil,2-way,Sealed,0,0,0,0,50,0,On,0,0,,76,Auckland,Give way,0,1,0,0,0,0,Urban,0,0,0,Fine,Null
1744735,5944129,13485,,506614,0,,0,0,,Null,2008/2009,KAHIKATEA FLAT ROAD,AUSTIN ROAD,,Non-Injury Crash,No,2009,,East,,0,,Flat,,,,,,Overcast,177801,0,0,0,2,,,0,,,,,,Auckland Region,Nil,2-way,Sealed,,0,0,,100,,None,1,0,,76,Auckland,Stop,,,,,0,0,Open,0,,,Fine,Null
1746226,5914016,13486,,511001,0,,0,1,,West,2009/2010,WEST COAST ROAD,ROSIER ROAD,,Non-Injury Crash,No,2009,,East,,0,,Flat,,,,,,Overcast,282701,0,0,0,2,,,0,,,,,,Auckland Region,Nil,2-way,Sealed,,0,0,,50,,Off,0,0,,76,Auckland,Nil,,,,,0,0,Urban,1,,,Fine,Null
1752134,5915740,13487,,517901,0,,0,3,,East,2008/2009,NEW NORTH ROAD,ENNISMORE ROAD,,Non-Injury Crash,No,2009,,East,,0,,Flat,,,,,,Overcast,523800,0,0,0,4,,,0,,,,,,Auckland Region,Nil,2-way,Sealed,,0,0,,50,,Off,0,0,,76,Auckland,Nil,,,,,0,0,Urban,0,,,Fine,Null
1803796,5821874,13488,,527125,0,0,0,1,0,West,2009/2010,PUKETAHA ROAD,SAINSBURY ROAD,,Non-Injury Crash,No,2009,0,West,1,0,0,Flat,0,,0,,0,Overcast,954801,0,0,0,2,0,0,0,0,0,,0,0,Waikato Region,Nil,2-way,Sealed,0,0,0,0,100,0,Null,0,0,,13,Waikato District,Unknown,0,0,0,0,0,0,Open,0,0,0,Light rain,Null
1767978,5910690,13489,,523112,0,,0,2,,Null,2008/2009,STONEDON DRIVE,STONEDON DRIVE S,,Non-Injury Crash,No,2009,,West,,0,,Flat,,,,,,Dark,711405,0,0,0,2,,,0,,,,,,Auckland Region,Nil,2-way,Sealed,,0,0,,50,,On,0,0,,76,Auckland,Nil,,,,,0,0,Urban,0,,,Light rain,Null
1925187,5777775,13490,,542600,0,0,0,1,0,Null,2008/2009,BOWEN ST,FERGUSSON ST,,Non-Injury Crash,No,2009,0,North,0,0,0,Flat,0,,0,,0,Bright sun,1317700,0,0,0,2,0,0,0,0,0,,0,1,Bay of Plenty Region,Nil,2-way,Sealed,0,0,0,0,50,0,Null,0,0,,26,Kawerau District,Nil,0,0,0,0,0,0,Urban,0,0,0,Fine,Null
1764475,5912951,13491,,520500,0,,0,2,,Null,2009/2010,CARBINE ROAD,SOUTH-EASTERN HIGHWAY N,,Non-Injury Crash,No,2009,,South,,0,,Flat,,,,,,Bright sun,639100,0,0,0,2,,,0,,,,,,Auckland Region,Nil,2-way,Sealed,,0,0,,50,,Off,0,0,,76,Auckland,Traffic Signals,,,,,0,0,Urban,0,,,Fine,Null
1851543,5857768,13492,,534400,0,,0,2,,Null,2008/2009,SH 2,KENNY ST E,,Non-Injury Crash,Yes,2009,,East,,0,,Flat,,,,,,Overcast,1079700,0,0,0,2,,,0,,,,,,Waikato Region,Nil,2-way,Sealed,,0,0,,50,,Null,0,0,,12,Hauraki District,Stop,,,,,0,0,Urban,0,,,Light rain,Null
1750077,5918002,13493,,514801,0,,0,2,,East,2008/2009,SH 16,ROSEBANK OBR,,Non-Injury Crash,Yes,2009,,West,,0,,Flat,,,,,,Overcast,390401,0,0,0,3,,,0,,,,,,Auckland Region,Nil,1-way,Sealed,,0,0,,100,,Null,0,0,,76,Auckland,Unknown,,,,,0,0,Open,0,,,Fine,Null
1763119,5920444,13494,,516500,0,0,0,2,0,South,2009/2010,ATKIN AVENUE,TAMAKI DRIVE,,Non-Injury Crash,No,2009,0,West,0,0,0,Flat,0,,0,,0,Dark,501600,0,0,0,2,0,0,0,0,1,,0,0,Auckland Region,Nil,2-way,Sealed,0,0,0,0,50,0,On,0,0,,76,Auckland,Unknown,0,0,0,0,0,0,Urban,0,0,0,Fine,Null
1804739,5791416,13495,,531003,0,,0,2,,North,2008/2009,BOND ROAD,BENSON ROAD,,Non-Injury Crash,No,2009,,North,,0,,Flat,,,,,,Bright sun,968400,0,0,0,2,,,0,,,,,,Waikato Region,Nil,2-way,Sealed,,0,0,,50,,Null,0,0,,17,Waipa District,Unknown,,,,,0,0,Urban,0,,,Fine,Null
1454440,5063489,13496,,600410,0,0,0,0,1,South,2009/2010,SH 1S,SPRINGBANK ROAD,,Minor Crash,Yes,2009,0,North,0,0,0,Flat,0,Christmas New Year,0,,0,Bright sun,2815800,1,0,0,2,0,0,0,0,0,,0,0,Canterbury Region,Nil,2-way,Sealed,0,0,0,0,100,0,Null,1,0,,66,Waimate District,Unknown,0,0,0,0,0,0,Open,0,0,0,Fine,Null
1756653,5913760,13497,,518701,0,,0,1,,West,2008/2009,MOUNT ALBERT ROAD,MOUNT EDEN ROAD,,Non-Injury Crash,No,2009,,East,,0,,Flat,,,,,,Overcast,568300,0,0,0,5,,,0,,,,,,Auckland Region,Nil,2-way,Sealed,,0,0,,50,,Off,0,0,,76,Auckland,Traffic Signals,,,,,1,0,Urban,0,,,Light rain,Null
1756942,5919169,13498,,514200,0,,0,1,,Null,2009/2010,1 LINK 16,SH 1N,,Non-Injury Crash,Yes,2009,,West,,0,,Flat,,,,,,Bright sun,412302,0,0,0,4,,,0,,,,,,Auckland Region,Motorway ramp,1-way,Sealed,,0,0,,80,,Off,1,0,,76,Auckland,Nil,,,,,0,0,Open,0,,,Fine,Null
1836628,5859420,13499,,534300,0,,0,1,,South,2009/2010,SH 2 NORMANBY,SH 26 ARNEY,,Non-Injury Crash,Yes,2009,,South,,0,,Flat,,,,,,Dark,1071000,0,0,0,2,,,0,,,,,,Waikato Region,Nil,2-way,Sealed,,0,0,,50,,On,0,0,,12,Hauraki District,Give way,,,,,0,0,Urban,1,,,Fine,Null
1882374,5509759,13500,,549901,0,0,0,1,0,South,2008/2009,RIVER ROAD,ROUTE 52,,Non-Injury Crash,No,2009,0,North,0,0,1,Hill Road,0,,0,,0,Dark,2224200,0,0,0,2,0,0,0,1,0,,0,0,Manawatū-Whanganui Region,Nil,2-way,Sealed,0,0,0,0,100,0,None,0,0,,41,Tararua District,Nil,0,0,0,1,0,0,Open,0,0,0,Fine,Null
1874387,5806434,13501,65,536630,0,0,0,1,0,South,2008/2009,SH 36,TAUMATA ROAD,,Non-Injury Crash,Yes,2009,0,North,0,0,1,Hill Road,0,,0,,0,Overcast,1192604,0,0,0,2,0,0,0,0,0,,0,0,Bay of Plenty Region,Nil,2-way,Sealed,0,0,0,0,100,0,Null,0,0,,22,Western Bay of Plenty District,Unknown,0,0,0,0,0,0,Open,0,0,0,Heavy rain,Null
1753555,5932438,13502,,508807,0,,0,2,,North,2009/2010,SH 1N,UPPER HWY OFF NBD,,Non-Injury Crash,Yes,2009,,North,,0,,Flat,,,,,,Twilight,180811,0,0,0,6,,,0,,,,,,Auckland Region,Nil,2-way,Sealed,,0,0,,100,,Off,0,0,,76,Auckland,Unknown,,,,,0,0,Open,0,,,Fine,Null
1936993,5621371,13503,,546901,0,,0,1,,South,2008/2009,HASTINGS ST,DICKENS ST,,Non-Injury Crash,No,2009,,North,,0,,Flat,,,,,,Bright sun,1428800,0,0,0,2,,,0,,,,,,Hawke's Bay Region,Nil,2-way,Sealed,,0,0,,50,,Null,1,0,,31,Napier City,Nil,,,,,0,0,Urban,0,,,Fine,Null
1801692,5814912,13504,,530200,0,,0,2,,West,2009/2010,BRIDGE ST,MEMORIAL DRIVE,,Non-Injury Crash,No,2009,,East,,0,,Flat,,,,,,Overcast,895000,0,0,0,2,,,0,,,,,,Waikato Region,Nil,2-way,Sealed,,0,0,,50,,Null,0,0,,16,Hamilton City,Give way,,,,,0,0,Urban,0,,,Fine,Null
1877037,5820007,13505,,537700,0,0,0,1,0,Null,2008/2009,ROYS ROAD,FRASER ST,,Non-Injury Crash,No,2009,0,South,0,0,0,Flat,0,,0,,0,Twilight,1173700,0,0,0,2,0,0,0,0,0,,0,0,Bay of Plenty Region,Nil,2-way,Sealed,0,0,0,0,50,0,Off,0,0,,23,Tauranga City,Give way,1,0,0,0,0,0,Urban,0,0,0,Fine,Null
1570399,5179151,13506,,594600,0,,0,2,,Null,2008/2009,DURHAM ST,MOORHOUSE AVENUE,,Non-Injury Crash,No,2009,,North,,0,,Hill Road,,,,,,Bright sun,2616100,0,0,0,3,,,0,,,,,,Canterbury Region,Motorway ramp,2-way,Sealed,,0,0,,50,,Null,0,0,,60,Christchurch City,Traffic Signals,,,,,0,0,Urban,0,,,Fine,Null
1767316,5902959,13507,,524602,0,,0,2,,North,2009/2010,DRUCES ROAD,KERRS ROAD,,Non-Injury Crash,No,2009,,South,,0,,Flat,,,,,,Overcast,780414,0,0,0,2,,,0,,,,,,Auckland Region,Nil,2-way,Sealed,,0,0,,50,,Off,0,0,,76,Auckland,Give way,,,,,0,0,Urban,0,,,Fine,Null
1756361,5927283,13508,50,507900,0,,0,1,,North,2009/2010,SH 1N,NORTHCOTE OBR,,Non-Injury Crash,Yes,2009,,South,,0,,Flat,,,,,,Overcast,305202,0,0,0,3,,,0,,,,,,Auckland Region,Nil,1-way,Sealed,,0,0,,100,,Null,1,0,,76,Auckland,Unknown,,,,,0,0,Open,0,,,Fine,Null
1753264,5933044,13509,,508807,0,,0,2,,Null,2008/2009,TAWA DRIVE,ALBANY EXPRESSWAY,,Non-Injury Crash,No,2009,,North,,0,,Flat,,,,,,Overcast,180811,0,0,0,2,,,0,,,,,,Auckland Region,Nil,2-way,Sealed,,0,0,,50,,Off,0,0,,76,Auckland,Give way,,,,,0,0,Urban,0,,,Fine,Null
1926702,5605935,13510,,545761,0,,0,1,,West,2008/2009,YORK ROAD,MARAEKAKAHO ROAD,,Non-Injury Crash,No,2009,,East,,0,,Flat,,,,,,Bright sun,1469905,0,0,0,2,,,0,,,,,,Hawke's Bay Region,Nil,2-way,Sealed,,0,0,,100,,Null,0,0,,30,Hastings District,Nil,,,,,0,0,Open,1,,,Fine,Null
1789603,5819132,13511,,527912,0,0,0,1,0,South,2008/2009,SH 39,LIMMER ROAD,,Non-Injury Crash,Yes,2009,0,South,0,0,1,Flat,0,,0,,0,Twilight,977400,0,0,0,2,0,0,0,0,0,,0,0,Waikato Region,Nil,2-way,Sealed,0,0,0,0,100,0,None,0,0,,13,Waikato District,Nil,0,0,0,0,0,0,Open,0,0,0,Mist or Fog,Null
1756133,5934042,13512,,507300,0,,0,2,,Null,2008/2009,BEACH ROAD,MONTGOMERY AVENUE,,Non-Injury Crash,No,2009,,East,,0,,Flat,,,,,,Dark,155100,0,0,0,2,,,0,,,,,,Auckland Region,Nil,2-way,Sealed,,0,0,,50,,On,0,0,,76,Auckland,Give way,,,,,0,0,Urban,0,,,Light rain,Null
1754464,5919184,13513,,515431,0,,0,2,,North,2008/2009,RICHMOND ROAD,BAILDON ROAD,,Non-Injury Crash,No,2009,,North,,0,,Flat,,,,,,Bright sun,404000,0,0,0,2,,,0,,,,,,Auckland Region,Nil,2-way,Sealed,,0,0,,50,,Off,0,0,,76,Auckland,Stop,,,,,0,0,Urban,0,,,Fine,Null
1759789,5907525,13514,,524121,0,,0,2,,North,2008/2009,BADER DRIVE,IDLEWILD AVENUE,,Non-Injury Crash,No,2009,,North,,0,,Flat,,,,,,Overcast,737600,0,0,0,2,,,0,,,,,,Auckland Region,Nil,2-way,Sealed,,0,0,,50,,Off,0,0,,76,Auckland,Nil,,,,,0,0,Urban,0,,,Fine,Null
1755643,5930767,13515,,508510,0,0,0,0,0,Null,2009/2010,BLAKEBOROUGH DRIVE,SUNNYNOOK ROAD,,Non-Injury Crash,No,2009,0,East,0,0,0,Flat,0,,0,,0,Bright sun,192900,0,0,0,2,0,0,0,0,0,,0,1,Auckland Region,Nil,2-way,Sealed,0,0,0,0,50,0,Off,1,0,,76,Auckland,Nil,0,0,0,0,0,0,Urban,0,0,0,Null,Null
1756172,5924059,13516,,509800,0,,0,2,,South,2008/2009,SH 1N,ONEWA OBR,,Non-Injury Crash,Yes,2009,,South,,0,,Flat,,,,,,Overcast,361100,0,0,0,4,,,0,,,,,,Auckland Region,Bridge,1-way,Sealed,,0,0,,80,,Null,0,0,,76,Auckland,Unknown,,,,,0,0,Open,0,,,Fine,Null
1757551,5919211,13517,,514301,0,,0,1,,North,2008/2009,GRAFTON ROAD,PARK ROAD,,Non-Injury Crash,No,2009,,South,,0,,Flat,,,,,,Twilight,441000,0,0,1,4,,,0,,,,,,Auckland Region,Nil,2-way,Sealed,,0,0,,50,,On,0,0,,76,Auckland,Unknown,,,,,0,0,Urban,0,,,Light rain,Null
1770398,5912308,13518,,523106,0,,0,2,,South,2008/2009,BOTANY ROAD,MILLHOUSE DRIVE,,Non-Injury Crash,No,2009,,North,,0,,Flat,,,,,,Dark,711186,0,0,0,4,,,0,,,,,,Auckland Region,Nil,2-way,Sealed,,0,0,,70,,On,0,0,,76,Auckland,Traffic Signals,,,,,0,0,Urban,1,,,Fine,Null
1748354,5914894,13519,,511700,0,0,0,2,0,Null,2008/2009,ST LEONARDS ROAD,BAMBOO GROVE,,Non-Injury Crash,No,2009,0,North,0,0,0,Flat,0,,0,,0,Overcast,271400,0,0,0,2,0,0,0,0,1,,0,0,Auckland Region,Nil,2-way,Sealed,0,0,0,0,50,0,Null,0,0,,76,Auckland,Nil,0,0,0,0,0,0,Urban,0,0,0,Fine,Null
1752932,5913466,13520,,518901,0,0,0,2,0,South,2008/2009,BOUNDARY ROAD,MARY DREAVER ST,,Non-Injury Crash,No,2009,0,South,0,0,0,Hill Road,0,,0,,0,Dark,584501,0,0,0,2,0,0,0,0,1,,0,0,Auckland Region,Nil,2-way,Sealed,0,0,0,0,50,0,On,0,0,,76,Auckland,Nil,0,0,0,0,1,0,Urban,0,0,0,Fine,Null
1820296,5531091,13521,,562320,0,0,0,2,0,Null,2009/2010,BENMORE AVENUE,BENNETT ST,,Non-Injury Crash,No,2009,0,South,0,0,0,Flat,0,,0,,0,Overcast,1820900,0,0,0,2,0,0,0,0,1,,0,0,Manawatū-Whanganui Region,Nil,2-way,Sealed,0,0,0,0,50,0,Null,0,0,,40,Palmerston North City,Nil,0,0,0,0,0,0,Urban,0,0,0,Light rain,Null
1770772,5900609,13522,,523817,0,0,0,1,0,South,2008/2009,HORLICKS PLACE,HYPERION DRIVE,,Non-Injury Crash,No,2009,0,South,0,0,0,Flat,0,,0,,0,Dark,759719,0,0,0,2,0,0,0,0,1,,0,0,Auckland Region,Nil,2-way,Sealed,0,0,0,0,50,0,None,0,0,,76,Auckland,Give way,0,0,0,0,0,0,Urban,1,0,0,Fine,Null
1745342,5917395,13523,,510800,0,,0,2,,Null,2008/2009,GREAT NORTH ROAD,HENDERSON VALLEY ROAD,,Non-Injury Crash,No,2009,,East,,0,,Flat,,,,,,Bright sun,241600,0,0,0,4,,,0,,,,,,Auckland Region,Nil,2-way,Sealed,,0,0,,50,,Off,0,0,,76,Auckland,Traffic Signals,,,,,0,0,Urban,0,,,Fine,Null
1810565,5791870,13524,,527934,0,0,0,1,1,South,2008/2009,CAMBRIDGE ROAD,STOREY ROAD,,Non-Injury Crash,No,2009,0,South,0,0,0,Flat,0,,0,,0,Overcast,986700,0,0,0,2,0,0,0,0,0,,0,0,Waikato Region,Nil,2-way,Sealed,0,0,0,0,100,0,Null,0,0,,17,Waipa District,Unknown,0,0,0,0,0,0,Open,0,0,0,Fine,Null
1715971,6044178,13525,,503400,0,0,0,1,0,South,2009/2010,TUI CRESCENT,SH 14,,Non-Injury Crash,No,2009,0,West,0,0,0,Flat,0,,0,,0,Bright sun,106600,0,0,0,2,0,0,0,0,1,,0,0,Northland Region,Nil,2-way,Sealed,0,0,0,0,70,0,Off,1,0,,2,Whangarei District,Nil,0,0,0,0,0,0,Urban,0,0,0,Fine,Null
1751394,5932343,13526,,508807,0,,0,1,,East,2009/2010,ROSEDALE ROAD,ALBANY HIGHWAY,,Non-Injury Crash,No,2009,,East,,0,,Hill Road,,,,,,Overcast,180205,0,0,0,2,,,0,,,,,,Auckland Region,Nil,2-way,Sealed,,0,0,,50,,Off,0,0,,76,Auckland,Nil,,,,,1,0,Urban,0,,,Heavy rain,Strong wind