X,Y,OBJECTID,advisorySpeed,areaUnitID,bicycle,bridge,bus,carStationWagon,cliffBank,crashDirectionDescription,crashFinancialYear,crashLocation1,crashLocation2,crashRoadSideRoad,crashSeverity,crashSHDescription,crashYear,debris,directionRoleDescription,ditch,fatalCount,fence,flatHill,guardRail,holiday,houseOrBuilding,intersection,kerb,light,meshblockId,minorInjuryCount,moped,motorcycle,NumberOfLanes,objectThrownOrDropped,otherObject,otherVehicleType,overBank,parkedVehicle,pedestrian,phoneBoxEtc,postOrPole,region,roadCharacter,roadLane,roadSurface,roadworks,schoolBus,seriousInjuryCount,slipOrFlood,speedLimit,strayAnimal,streetLight,suv,taxi,temporarySpeedLimit,tlaId,tlaName,trafficControl,trafficIsland,trafficSign,train,tree,truck,unknownVehicleType,urban,vanOrUtility,vehicle,waterRiver,weatherA,weatherB
1767302,5904128,13527,,524602,0,0,0,2,0,South,2009/2010,BARROWCLIFFE PLACE,MANUKAU PLAZA,,Non-Injury Crash,No,2009,0,North,0,0,0,Flat,0,,0,,0,Overcast,780416,0,0,0,2,0,0,0,0,1,,0,0,Auckland Region,Nil,2-way,Sealed,0,0,0,0,50,0,Off,0,0,,76,Auckland,Nil,0,0,0,0,0,0,Urban,0,0,0,Light rain,Null
1771401,5445116,13528,,567500,0,,0,2,,South,2008/2009,MOONSHINE ROAD,MOORE ST,,Non-Injury Crash,No,2009,,South,,0,,Flat,,,,,,Bright sun,1890000,0,0,0,2,,,0,,,,,,Wellington Region,Nil,2-way,Sealed,,0,0,,50,,Null,0,0,,45,Upper Hutt City,Nil,,,,,0,0,Urban,0,,,Fine,Null
1950842,5791287,13529,,542440,0,0,0,1,0,North,2008/2009,COMMERCE ST,DOMAIN ROAD,,Non-Injury Crash,No,2009,0,North,0,0,0,Flat,0,,0,,0,Dark,1306000,0,0,0,2,0,0,0,0,0,,0,0,Bay of Plenty Region,Nil,2-way,Sealed,0,0,0,0,50,0,On,0,0,,25,Whakatane District,Unknown,1,1,0,0,0,0,Urban,0,0,0,Fine,Null
1756954,5919271,13530,,514200,0,,0,2,,North,2009/2010,UPPER QUEEN ST,CANADA ST,,Non-Injury Crash,No,2009,,North,,0,,Hill Road,,,,,,Dark,412200,0,0,0,2,,,0,,,,,,Auckland Region,Nil,2-way,Sealed,,0,0,,50,,On,0,0,,76,Auckland,Nil,,,,,0,0,Urban,0,,,Heavy rain,Null
1682253,6088463,13531,,501632,0,,0,1,,Null,2008/2009,SH 1N,WAIKARAMU ROAD,,Non-Injury Crash,Yes,2009,,East,,0,,Flat,,,,,,Dark,36700,0,0,0,1,,,0,,,,,,Northland Region,Nil,2-way,Sealed,,0,0,,100,,On,1,0,,1,Far North District,Stop,,,,,0,0,Open,0,,,Fine,Null
1743697,5919354,13532,,513212,0,,0,2,,Null,2009/2010,SWANSON ROAD,DON BUCK ROAD,,Non-Injury Crash,No,2009,,North,,0,,Flat,,,,,,Bright sun,235600,0,0,0,2,,,0,,,,,,Auckland Region,Nil,2-way,Sealed,,0,0,,50,,Off,0,0,,76,Auckland,Give way,,,,,0,0,Urban,0,,,Fine,Null
1798446,5817898,13533,,528403,0,0,0,1,0,West,2008/2009,SERVICE LANE,TE RAPA ROAD S,,Non-Injury Crash,No,2009,0,West,0,0,0,Flat,1,,0,,0,Dark,908100,0,0,0,1,0,0,0,0,0,,0,0,Waikato Region,Nil,1-way,Sealed,0,0,0,0,60,0,On,0,0,,16,Hamilton City,Unknown,0,0,0,0,0,0,Urban,0,0,0,Fine,Null
1759505,5916991,13534,,516001,0,,0,2,,East,2008/2009,MARKET ROAD,DROMORNE ROAD,,Non-Injury Crash,No,2009,,East,,0,,Flat,,,,,,Overcast,491400,0,0,0,2,,,0,,,,,,Auckland Region,Nil,2-way,Sealed,,0,0,,50,,Null,0,0,,76,Auckland,Unknown,,,,,0,0,Urban,0,,,Fine,Null
1757920,5446702,13535,,572100,0,,0,2,,South,2009/2010,OMAPERE ST,TRANSOM CLOSE,,Non-Injury Crash,No,2009,,South,,0,,Hill Road,,,,,,Bright sun,2072515,0,0,0,2,,,0,,,,,,Wellington Region,Nil,2-way,Sealed,,0,0,,50,,Null,0,0,,44,Porirua City,Nil,,,,,0,0,Urban,0,,,Fine,Null
1565919,5185100,13536,,588600,1,,0,0,,South,2008/2009,BREENS ROAD,LOCHMORE ST,,Minor Crash,No,2009,,South,,0,,Flat,,,,,,Bright sun,2524702,1,0,0,2,,,0,,,,,,Canterbury Region,Nil,2-way,Sealed,,0,0,,50,,Null,1,0,,60,Christchurch City,Nil,,,,,0,0,Urban,0,,,Fine,Frost
1768996,5902624,13537,,523814,0,0,0,1,0,South,2009/2010,SH 1N,REDOUBT OBR,,Non-Injury Crash,Yes,2009,1,South,0,0,0,Flat,0,,0,,0,Bright sun,760701,0,0,0,2,0,0,0,0,0,,0,0,Auckland Region,Nil,1-way,Sealed,0,0,0,0,80,0,Null,0,0,,76,Auckland,Unknown,0,0,0,0,0,0,Open,0,0,0,Fine,Null
1746591,5916581,13538,,512500,0,,0,2,,Null,2008/2009,TE ATATU ROAD,TIRIMOANA ROAD,,Non-Injury Crash,No,2009,,South,,0,,Flat,,,,,,Overcast,260000,0,0,0,2,,,0,,,,,,Auckland Region,Nil,2-way,Sealed,,0,0,,50,,Off,0,0,,76,Auckland,Stop,,,,,0,0,Urban,0,,,Fine,Null
1768491,5911663,13539,,523112,0,,0,1,,Null,2008/2009,TI RAKAU DRIVE,TRUGOOD DRIVE,,Non-Injury Crash,No,2009,,West,,0,,Flat,,,,,,Overcast,711404,0,0,0,5,,,0,,,,,,Auckland Region,Nil,2-way,Sealed,,0,0,,60,,Off,0,0,,76,Auckland,Traffic Signals,,,,,0,0,Urban,1,,,Fine,Null
1745430,5920457,13540,,513301,0,,0,1,,Null,2009/2010,LINCOLN ROAD,LINCOLN ON WBD S,,Non-Injury Crash,No,2009,,North,,0,,Hill Road,,,,,,Bright sun,230301,0,0,0,2,,,0,,,,,,Auckland Region,Nil,2-way,Sealed,,0,0,,50,,None,0,0,,76,Auckland,Nil,,,,,0,0,Urban,1,,,Fine,Null
1729710,5997445,13541,,504900,0,0,0,1,0,North,2008/2009,SH 1N,KAIWAKA MANGAWHAI ROAD,,Non-Injury Crash,Yes,2009,0,North,0,0,1,Hill Road,0,,0,,0,Overcast,134201,0,0,0,3,0,0,0,0,0,,0,1,Northland Region,Nil,2-way,Sealed,0,0,0,0,100,0,None,0,0,,3,Kaipara District,Nil,0,0,0,0,0,0,Open,0,0,0,Fine,Null
1672486,6081367,13542,,501700,0,,0,2,,Null,2009/2010,SH 12,STATION ROAD,,Non-Injury Crash,Yes,2009,,West,,0,,Flat,,,,,,Bright sun,42600,0,0,0,2,,,0,,,,,,Northland Region,Nil,2-way,Sealed,,0,0,,50,,Off,0,0,,1,Far North District,Stop,,,,,0,0,Urban,0,,,Fine,Null
1758252,5918402,13543,,517400,0,,1,1,,Null,2008/2009,KHYBER PASS ROAD,CROWHURST ST,,Non-Injury Crash,No,2009,,West,,0,,Flat,,,,,,Bright sun,450100,0,0,0,4,,,0,,,,,,Auckland Region,Nil,2-way,Sealed,,0,0,,50,,Null,0,0,,76,Auckland,Traffic Signals,,,,,0,0,Urban,0,,,Fine,Null
1745597,5916437,13544,,510800,0,,0,1,,Null,2009/2010,VIEW ROAD,MILLBROOK ROAD,,Non-Injury Crash,No,2009,,North,,0,,Flat,,,,,,Overcast,244500,0,0,0,2,,,0,,,,,,Auckland Region,Nil,2-way,Sealed,,0,0,,50,,Null,1,0,,76,Auckland,Traffic Signals,,,,,0,0,Urban,0,,,Light rain,Null
1747629,5910769,13545,,511901,0,,0,2,,East,2008/2009,TITIRANGI ROAD,RANGIWAI ROAD,,Non-Injury Crash,No,2009,,East,,0,,Flat,,,,,,Bright sun,294200,0,0,0,2,,,0,,,,,,Auckland Region,Nil,2-way,Sealed,,0,0,,50,,Off,0,0,,76,Auckland,Nil,,,,,0,0,Urban,0,,,Fine,Null
1752782,5924615,13546,,510402,0,0,0,2,0,West,2009/2010,CHELSEA VIEW DRIVE,PORRITT AVENUE,,Non-Injury Crash,No,2009,0,East,0,0,1,Flat,0,,0,,0,Dark,352900,0,0,0,2,0,0,0,0,1,,0,0,Auckland Region,Nil,2-way,Sealed,0,0,0,0,50,0,On,0,0,,76,Auckland,Nil,0,0,0,1,0,0,Urban,0,0,0,Fine,Null
1773977,5895990,13547,,525620,0,,0,2,,Null,2009/2010,SETTLEMENT ROAD,HUNUA ROAD,,Non-Injury Crash,No,2009,,West,,0,,Flat,,,,,,Dark,798102,0,0,0,2,,,0,,,,,,Auckland Region,Nil,2-way,Sealed,,0,0,,50,,On,0,0,,76,Auckland,Give way,,,,,0,0,Urban,0,,,Fine,Null
1883375,5826016,13548,,536821,0,,0,2,,North,2009/2010,SH 2,SPUR AVENUE,,Non-Injury Crash,Yes,2009,,North,,0,,Flat,,,,,,Overcast,1204401,0,0,0,4,,,0,,,,,,Bay of Plenty Region,Nil,2-way,Sealed,,0,0,,70,,Null,0,0,,23,Tauranga City,Unknown,,,,,0,0,Urban,0,,,Fine,Null
1756066,5913549,13549,,518701,0,0,0,2,0,West,2008/2009,FRED WOODWARD PLACE,DORNWELL ROAD,,Non-Injury Crash,No,2009,0,West,0,0,0,Flat,0,,0,,0,Twilight,569400,0,0,0,0,0,0,0,0,1,,0,0,Auckland Region,Nil,2-way,Sealed,0,0,0,0,50,0,Off,0,0,,76,Auckland,Nil,0,0,0,0,0,0,Urban,0,0,0,Fine,Null
1765485,5908810,13550,,523403,0,,0,2,,East,2008/2009,HIGHBROOK DR OVERBRIDGE,HIGHBROOK ON NBD,,Non-Injury Crash,Yes,2009,,West,,0,,Flat,,,,,,Overcast,700100,0,0,0,2,,,0,,,,,,Auckland Region,Bridge,1-way,Sealed,,0,0,,50,,Off,0,0,,76,Auckland,Traffic Signals,,,,,0,0,Urban,0,,,Light rain,Null
1747283,5921498,13551,,512202,0,,0,2,,Null,2008/2009,TE ATATU ROAD,TAIKATA ROAD,,Non-Injury Crash,No,2009,,North,,0,,Flat,,,,,,Dark,248800,0,0,0,2,,,0,,,,,,Auckland Region,Nil,2-way,Sealed,,0,0,,50,,On,0,0,,76,Auckland,Give way,,,,,0,0,Urban,0,,,Light rain,Null
1867029,5713878,13552,,541720,0,0,0,1,0,North,2009/2010,TONGARIRO ST,REDOUBT ST,,Non-Injury Crash,No,2009,0,South,0,0,1,Flat,0,,0,,1,Dark,1275400,0,0,0,2,0,0,0,0,0,,0,0,Waikato Region,Nil,2-way,Sealed,0,0,0,0,50,0,On,0,0,,21,Taupo District,Unknown,0,0,0,0,0,0,Urban,0,0,0,Fine,Null
1772819,5896098,13553,,525410,0,,0,1,,Null,2009/2010,WOOD ST,GREAT SOUTH ROAD,,Non-Injury Crash,No,2009,,East,,0,,Flat,,,,,,Dark,792100,0,0,0,2,,,0,,,,,,Auckland Region,Nil,2-way,Sealed,,0,0,,50,,On,0,0,,76,Auckland,Give way,,,,,1,0,Urban,0,,,Light rain,Null
1695299,6096976,13554,,501615,0,0,0,1,0,North,2009/2010,HARURU FALLS ROAD,SH 11,,Non-Injury Crash,No,2009,0,South,0,0,0,Flat,0,Christmas New Year,0,,0,Twilight,50603,0,0,0,1,0,0,0,0,0,,0,0,Northland Region,Nil,2-way,Unsealed,0,0,0,0,100,0,None,0,0,,1,Far North District,Nil,0,0,0,1,0,0,Open,0,0,0,Fine,Null
1757740,5918235,13555,,515700,0,,0,1,,Null,2008/2009,SH 1N,MOUNTAIN OBR,,Non-Injury Crash,Yes,2009,,North,,0,,Flat,,,,,,Dark,443600,0,0,0,3,,,0,,,,,,Auckland Region,Bridge,1-way,Sealed,,0,0,,80,,On,0,0,,76,Auckland,Nil,,,,,1,0,Open,0,,,Fine,Null
1570392,5180640,13556,,591500,0,0,0,1,0,Null,2009/2010,KILMORE ST,VICTORIA ST,,Minor Crash,No,2009,0,West,0,0,0,Flat,0,,0,,0,Bright sun,2653400,2,0,0,3,0,0,0,0,0,,0,1,Canterbury Region,Nil,1-way,Sealed,0,0,0,0,50,0,Null,1,0,,60,Christchurch City,Traffic Signals,0,0,0,0,0,0,Urban,0,0,0,Fine,Null
1749120,5431121,13557,,574402,0,0,0,0,0,West,2008/2009,KAIWHARAWHARA ROAD,OLD PORIRUA ROAD,,Non-Injury Crash,No,2009,0,West,0,0,0,Hill Road,0,,0,,0,Overcast,2097602,0,0,0,2,0,0,0,1,0,,0,1,Wellington Region,Nil,2-way,Sealed,0,0,0,0,50,0,Null,1,0,,47,Wellington City,Nil,0,0,0,0,0,0,Urban,0,0,0,Light rain,Null
1729764,5960975,13558,,506613,0,,0,1,,North,2008/2009,SH 16,WEST COAST ROAD,,Non-Injury Crash,Yes,2009,,South,,0,,Flat,,,,,,Overcast,146200,0,0,0,2,,,0,,,,,,Auckland Region,Nil,2-way,Sealed,,0,0,,100,,Null,0,0,,76,Auckland,Unknown,,,,,1,0,Open,0,,,Fine,Null
1623783,5430968,13559,,582500,0,,0,2,,North,2008/2009,TRAFALGAR ST,BRIDGE ST,,Non-Injury Crash,No,2009,,North,,0,,Flat,,,,,,Overcast,2319600,0,0,0,2,,,0,,,,,,Nelson Region,Nil,2-way,Sealed,,0,0,,50,,Null,0,1,,52,Nelson City,Nil,,,,,0,0,Urban,0,,,Fine,Null
1754152,5928205,13560,,508310,0,0,0,0,0,West,2008/2009,CHIVALRY ROAD,DIANA DRIVE,,Non-Injury Crash,No,2009,0,East,0,0,0,Flat,0,,0,,0,Overcast,200200,0,0,0,2,0,0,0,0,0,,0,1,Auckland Region,Nil,2-way,Sealed,0,0,0,0,50,0,Off,0,0,,76,Auckland,Nil,0,0,0,0,1,0,Urban,0,0,0,Light rain,Null
1764529,5905300,13561,,522100,0,,0,2,,Null,2008/2009,WYLLIE ROAD,RAMSEY ST,,Non-Injury Crash,No,2009,,South,,0,,Flat,,,,,,Overcast,658202,0,0,0,2,,,0,,,,,,Auckland Region,Nil,2-way,Sealed,,0,0,,50,,Off,0,0,,76,Auckland,Give way,,,,,0,0,Urban,0,,,Fine,Null
1877085,5801258,13562,,536630,0,,0,1,,North,2008/2009,SH 36,MANGATOI ROAD,,Non-Injury Crash,Yes,2009,,North,,0,,Hill Road,,,,,,Dark,1192604,0,0,0,2,,,0,,,,,,Bay of Plenty Region,Nil,2-way,Sealed,,0,0,,100,,None,0,0,,22,Western Bay of Plenty District,Unknown,,,,,0,0,Open,0,,,Fine,Null
1406195,4915988,13563,,602900,0,,0,2,,Null,2009/2010,SH 1S,JERVOIS ST,,Minor Crash,Yes,2009,,South,,0,,Flat,,,,,,Overcast,2895900,2,0,0,3,,,0,,,,,,Otago Region,Nil,1-way,Sealed,,0,0,,60,,Null,0,0,,71,Dunedin City,Give way,,,,,0,0,Urban,0,,,Light rain,Null
1884373,5756521,13564,,538850,0,0,0,1,0,Null,2009/2010,CORBETT ROAD,TUMUNUI ROAD,,Non-Injury Crash,No,2009,0,West,0,0,0,Hill Road,0,,0,,0,Dark,1264100,0,0,0,2,0,0,0,0,0,,0,1,Waikato Region,Nil,2-way,Sealed,0,0,0,0,100,0,On,0,0,,24,Rotorua District,Give way,0,0,0,0,0,0,Open,0,0,0,Light rain,Null
1877662,5781175,13565,,538863,0,0,0,1,1,East,2009/2010,SH 5,TARUKENGA ROAD,,Non-Injury Crash,Yes,2009,0,East,0,0,0,Hill Road,0,,0,,0,Bright sun,1264900,0,0,0,2,0,0,0,0,0,,0,0,Bay of Plenty Region,Nil,2-way,Sealed,0,0,0,0,100,0,Null,0,0,,24,Rotorua District,Unknown,0,0,0,0,0,0,Open,0,0,0,Fine,Null
1875215,5823582,13566,,536513,0,0,0,1,0,East,2009/2010,SH 2,MAYFIELD LANE,,Non-Injury Crash,Yes,2009,0,East,0,0,0,Flat,0,,0,,0,Overcast,1190704,0,0,0,3,0,0,0,0,0,,0,1,Bay of Plenty Region,Nil,2-way,Sealed,0,0,0,0,80,0,Null,0,0,,23,Tauranga City,Unknown,0,0,0,0,0,0,Open,0,0,0,Fine,Null
1801151,5814507,13567,,529700,0,,0,1,,Null,2009/2010,TRISTRAM ST,COBHAM DRIVE,,Non-Injury Crash,No,2009,,South,,0,,Flat,,,,,,Overcast,912500,0,0,0,2,,,0,,,,,,Waikato Region,Nil,1-way,Sealed,,0,0,,50,,Off,1,0,,16,Hamilton City,Give way,,,,,0,0,Urban,0,,,Fine,Null
1789982,5840236,13568,,527401,0,0,0,0,0,North,2009/2010,HARRIS ST,TAINUI BRIDGE ROAD,,Non-Injury Crash,No,2009,0,South,0,0,0,Flat,0,,0,,1,Dark,945500,0,0,0,2,0,0,0,0,0,,0,1,Waikato Region,Nil,2-way,Sealed,0,0,0,0,50,0,On,0,0,,13,Waikato District,Unknown,0,0,0,0,1,0,Urban,0,0,0,Fine,Null
1718789,6048643,13569,,502300,0,,0,1,,South,2009/2010,KAMO ROAD,WHAU VALLEY ROAD,,Non-Injury Crash,No,2009,,North,,0,,Flat,,,,,,Overcast,90300,0,0,0,3,,,0,,,,,,Northland Region,Nil,2-way,Sealed,,0,0,,50,,Off,0,0,,2,Whangarei District,Nil,,,,,0,0,Urban,1,,,Light rain,Null
1751452,5925200,13570,,510020,0,0,0,1,0,East,2008/2009,RANGATIRA ROAD,KIA ORA ROAD,,Non-Injury Crash,No,2009,0,East,0,0,0,Flat,0,,0,,0,Overcast,346200,0,0,0,2,0,0,0,0,0,,0,1,Auckland Region,Nil,2-way,Sealed,0,0,0,0,50,0,Null,0,0,,76,Auckland,Nil,0,0,0,0,0,0,Urban,0,0,0,Fine,Null
1895162,5812118,13571,,536653,0,0,0,1,0,West,2009/2010,TE PUKE HIGHWAY,STRANG ROAD,,Non-Injury Crash,No,2009,0,West,0,0,0,Flat,0,,0,,0,Bright sun,1210000,0,0,0,2,0,1,0,0,0,,0,0,Bay of Plenty Region,Nil,2-way,Sealed,0,0,0,0,100,0,None,0,0,,22,Western Bay of Plenty District,Nil,0,0,0,0,0,0,Open,0,0,0,Fine,Null
1764413,5904428,13572,,522100,0,,0,2,,West,2009/2010,PUHINUI ROAD,WYLLIE ROAD,,Non-Injury Crash,No,2009,,East,,0,,Flat,,,,,,Bright sun,659300,0,0,0,4,,,0,,,,,,Auckland Region,Nil,2-way,Sealed,,0,0,,50,,Off,0,0,,76,Auckland,Traffic Signals,,,,,0,0,Urban,0,,,Fine,Null
1867891,5713981,13573,,541720,0,,0,1,,East,2009/2010,SPA ROAD,KAIMANAWA ST,,Non-Injury Crash,No,2009,,West,,0,,Flat,,,,,,Bright sun,1272500,0,0,0,2,,,0,,,,,,Waikato Region,Nil,2-way,Sealed,,0,0,,50,,Off,1,0,,21,Taupo District,Nil,,,,,1,0,Urban,0,,,Fine,Null
1768895,5905880,13574,,523711,0,,0,1,,West,2008/2009,DAWSON ROAD,TE IRIRANGI DRIVE,,Non-Injury Crash,No,2009,,West,,0,,Flat,,,,,,Overcast,713005,0,0,0,2,,,0,,,,,,Auckland Region,Nil,2-way,Sealed,,0,0,,50,,Off,0,0,,76,Auckland,Nil,,,,,0,0,Urban,1,,,Fine,Null
1934079,5618736,13575,,547400,0,,0,2,,West,2008/2009,JAMES FOLEY AVENUE,MCGREGOR AVENUE,,Non-Injury Crash,No,2009,,East,,0,,Flat,,,,,,Bright sun,1447500,0,0,0,2,,,0,,,,,,Hawke's Bay Region,Nil,2-way,Sealed,,0,0,,50,,Null,0,0,,31,Napier City,Nil,,,,,0,0,Urban,0,,,Fine,Null
1756969,5918791,13576,,515600,0,,0,0,,Null,2008/2009,KHYBER PASS ROAD,SYMONDS ST,,Non-Injury Crash,No,2009,,West,,0,,Flat,,,,,,Dark,420600,0,0,1,5,,,0,,,,,,Auckland Region,Nil,2-way,Sealed,,0,0,,50,,On,1,0,,76,Auckland,Traffic Signals,,,,,0,0,Urban,0,,,Fine,Null
1758825,5455867,13577,,571800,0,0,0,3,1,North,2009/2010,SH 1N,PUKERUA BEACH ROAD,,Minor Crash,Yes,2009,0,South,0,0,0,Flat,0,,0,,0,Overcast,2066303,1,0,0,2,0,0,0,0,0,,0,0,Wellington Region,Nil,2-way,Sealed,0,0,0,0,50,0,Null,0,0,,44,Porirua City,Nil,0,0,0,0,0,0,Urban,0,0,0,Fine,Null
1754787,5931724,13578,,508805,0,,0,2,,West,2009/2010,CONSTELLATION DRIVE,APOLLO DRIVE,,Non-Injury Crash,No,2009,,East,,0,,Flat,,,,,,Bright sun,180826,0,0,0,2,,,0,,,,,,Auckland Region,Nil,2-way,Sealed,,0,0,,50,,Off,0,0,,76,Auckland,Nil,,,,,0,0,Urban,0,,,Null,Null
1800737,5813023,13579,,529100,0,,0,1,,Null,2009/2010,SH 1N,SH 3,,Non-Injury Crash,Yes,2009,,East,,0,,Flat,,,,,,Bright sun,930500,0,0,0,3,,,0,,,,,,Waikato Region,Nil,2-way,Sealed,,0,0,,50,,Null,0,0,30,16,Hamilton City,Traffic Signals,,,,,1,0,Urban,0,,,Fine,Null
1770833,5912430,13580,,523106,0,,0,2,,Null,2008/2009,MILLHOUSE DRIVE,KILIMANJARO DRIVE,,Non-Injury Crash,No,2009,,North,,0,,Flat,,,,,,Overcast,711188,0,0,0,2,,,0,,,,,,Auckland Region,Nil,2-way,Sealed,,0,0,,50,,Null,0,0,,76,Auckland,Give way,,,,,0,0,Urban,0,,,Fine,Null
1771973,5897267,13581,,525420,0,0,0,1,0,North,2008/2009,GREAT SOUTH ROAD,TRENTHAM ROAD,,Non-Injury Crash,No,2009,0,South,0,0,1,Hill Road,0,,0,,0,Dark,790602,0,0,0,2,0,0,0,0,0,,0,0,Auckland Region,Nil,2-way,Sealed,0,0,0,0,50,0,On,0,0,,76,Auckland,Nil,0,0,0,0,0,0,Urban,0,0,0,Fine,Null
1769893,5899609,13582,,523911,0,,0,0,,Null,2008/2009,SH 1N,TAKANINI RAIL OBR,,Non-Injury Crash,Yes,2009,,South,,0,,Hill Road,,,,,,Bright sun,766500,0,0,0,4,,,0,,,,,,Auckland Region,Bridge,2-way,Sealed,,0,0,,100,,Off,0,0,,76,Auckland,Nil,,,,,0,0,Open,2,,,Fine,Null
1836877,5866703,13583,,534200,0,0,0,1,0,North,2008/2009,SH 26,STRANGE ROAD,,Non-Injury Crash,Yes,2009,0,South,1,0,0,Hill Road,0,,0,,0,Twilight,1075100,0,0,0,2,0,0,0,0,0,,0,0,Waikato Region,Nil,2-way,Sealed,0,0,0,0,100,0,None,0,0,,12,Hauraki District,Unknown,0,0,0,0,0,0,Open,0,0,0,Light rain,Null
1838260,5913487,13584,,533200,0,,0,1,,South,2009/2010,SH 25,MILL CREEK ROAD,,Non-Injury Crash,Yes,2009,,South,,0,,Hill Road,,,,,,Bright sun,1046204,0,0,0,2,,,0,,,,,,Waikato Region,Nil,2-way,Sealed,,0,0,,100,,Null,1,0,,11,Thames-Coromandel District,Unknown,,,,,0,0,Open,0,,,Fine,Null
1756483,5920039,13585,,514000,0,,0,2,,North,2008/2009,SH 1N,WELLINGTON OBR,,Non-Injury Crash,Yes,2009,,North,,0,,Flat,,,,,,Dark,417400,0,0,0,2,,,0,,,,,,Auckland Region,Nil,1-way,Sealed,,0,0,,80,,On,0,0,,76,Auckland,Unknown,,,,,0,0,Open,0,,,Fine,Null
1242271,4850220,13586,,611210,0,0,0,0,0,North,2009/2010,LEVEN ST,LEET ST,,Fatal Crash,No,2009,0,North,0,3,0,Flat,0,,1,,1,Dark,3106000,0,0,0,2,0,0,0,0,0,,0,0,Southland Region,Nil,2-way,Sealed,0,0,1,0,50,0,On,1,0,,75,Invercargill City,Unknown,0,0,0,0,0,0,Urban,0,0,0,Light rain,Null
1883435,5774664,13587,,539400,0,0,0,2,0,South,2009/2010,SH 5,GILLTRAP ST,,Non-Injury Crash,Yes,2009,0,South,0,0,0,Flat,0,,0,,0,Overcast,1225600,0,0,0,4,0,0,0,0,1,,0,0,Bay of Plenty Region,Nil,2-way,Sealed,0,0,0,0,60,0,Null,0,0,,24,Rotorua District,Stop,0,0,0,0,0,0,Urban,0,0,0,Fine,Null
1765586,5905875,13588,,522202,0,,0,2,,Null,2008/2009,ST GEORGE ST,CARRUTH ROAD,,Non-Injury Crash,No,2009,,West,,0,,Hill Road,,,,,,Bright sun,664400,0,0,0,2,,,0,,,,,,Auckland Region,Nil,2-way,Sealed,,0,0,,50,,None,0,0,,76,Auckland,Give way,,,,,0,0,Urban,0,,,Fine,Null
1783699,5803333,13589,,526603,0,1,0,1,0,Null,2008/2009,LIMEWORKS LOOP ROAD,LIMEWORKS LOOP ROAD,,Non-Injury Crash,No,2009,0,East,0,0,0,Flat,0,,0,,0,Dark,860000,0,0,0,2,0,0,0,0,0,,0,0,Waikato Region,Bridge,2-way,Sealed,0,0,0,0,100,0,None,0,0,,17,Waipa District,Nil,0,0,0,0,0,0,Open,0,0,0,Light rain,Null
1767950,5900895,13590,,525001,0,,0,1,,Null,2009/2010,RUSSELL ROAD,FRANCES ST,,Non-Injury Crash,No,2009,,East,,0,,Flat,,,,,,Overcast,752300,0,0,0,2,,,0,,,,,,Auckland Region,Nil,2-way,Sealed,,0,0,,50,,Off,0,0,,76,Auckland,Give way,,,,,0,0,Urban,1,,,Heavy rain,Null
1717629,6050634,13591,,502101,0,0,0,1,0,Null,2008/2009,MELDRUM ST,MELDRUM STREET,,Non-Injury Crash,No,2009,0,West,0,0,1,Flat,0,,0,,0,Bright sun,83600,0,0,0,2,0,0,0,0,0,,0,0,Northland Region,Nil,2-way,Sealed,0,0,0,0,50,0,Off,0,0,,2,Whangarei District,Give way,0,0,0,0,0,0,Urban,0,0,0,Fine,Null
1746908,5913059,13592,,511002,0,0,0,1,0,South,2009/2010,GLENDALE ROAD,ROUTLEY DRIVE,,Non-Injury Crash,No,2009,0,South,0,0,0,Flat,0,,0,,0,Dark,284303,0,0,0,2,0,0,0,0,1,,0,0,Auckland Region,Nil,2-way,Sealed,0,0,0,0,50,0,On,0,0,,76,Auckland,Unknown,0,0,0,0,0,0,Urban,1,0,0,Fine,Null
1757406,5919164,13593,,514301,0,0,0,1,1,West,2008/2009,SH 16,STANLEY ST,,Non-Injury Crash,Yes,2009,0,South,0,0,0,Flat,0,,0,,0,Dark,441200,0,0,0,3,0,0,0,0,0,,0,0,Auckland Region,Motorway ramp,1-way,Sealed,0,0,0,0,80,0,On,0,0,,76,Auckland,Nil,0,0,0,0,0,0,Open,0,0,0,Light rain,Null
1790497,5858229,13594,,526900,0,0,0,1,0,Null,2008/2009,RIMU ST,MAHI ROAD,,Non-Injury Crash,No,2009,0,East,0,0,0,Flat,0,,0,,1,Dark,938500,0,0,0,2,0,0,0,0,0,,0,0,Waikato Region,Nil,2-way,Sealed,0,0,0,0,50,0,On,0,0,,13,Waikato District,Nil,0,1,0,0,0,0,Urban,0,0,0,Fine,Null
1241754,4852236,13595,,610601,0,,0,0,,North,2009/2010,STOBO ST,BAY ROAD,,Minor Crash,No,2009,,South,,0,,Flat,,,,,,Bright sun,3101300,1,0,1,2,,,0,,,,,,Southland Region,Nil,2-way,Sealed,,0,0,,50,,Null,0,0,,75,Invercargill City,Unknown,,,,,0,0,Urban,0,,,Fine,Null
1758726,5920596,13596,,514101,0,,0,1,,West,2009/2010,QUAY ST,SH 16,,Non-Injury Crash,No,2009,,East,,0,,Flat,,,,,,Twilight,438204,0,0,0,4,,,0,,,,,,Auckland Region,Nil,2-way,Sealed,,0,0,,50,,On,1,0,,76,Auckland,Unknown,,,,,0,0,Urban,0,,,Light rain,Null
1768719,5900134,13597,,525101,0,,0,2,,North,2009/2010,CHURCHILL AVENUE,PURIRI ROAD,,Non-Injury Crash,No,2009,,North,,0,,Hill Road,,,,,,Twilight,770700,0,0,0,2,,,0,,,,,,Auckland Region,Nil,2-way,Sealed,,0,0,,50,,Off,0,0,,76,Auckland,Nil,,,,,0,0,Urban,0,,,Fine,Null