X,Y,OBJECTID,advisorySpeed,areaUnitID,bicycle,bridge,bus,carStationWagon,cliffBank,crashDirectionDescription,crashFinancialYear,crashLocation1,crashLocation2,crashRoadSideRoad,crashSeverity,crashSHDescription,crashYear,debris,directionRoleDescription,ditch,fatalCount,fence,flatHill,guardRail,holiday,houseOrBuilding,intersection,kerb,light,meshblockId,minorInjuryCount,moped,motorcycle,NumberOfLanes,objectThrownOrDropped,otherObject,otherVehicleType,overBank,parkedVehicle,pedestrian,phoneBoxEtc,postOrPole,region,roadCharacter,roadLane,roadSurface,roadworks,schoolBus,seriousInjuryCount,slipOrFlood,speedLimit,strayAnimal,streetLight,suv,taxi,temporarySpeedLimit,tlaId,tlaName,trafficControl,trafficIsland,trafficSign,train,tree,truck,unknownVehicleType,urban,vanOrUtility,vehicle,waterRiver,weatherA,weatherB
1745378,5920378,13598,,513301,0,,0,2,,Null,2008/2009,LINCOLN ROAD,CENTRAL PARK DRIVE,,Non-Injury Crash,No,2009,,North,,0,,Flat,,,,,,Bright sun,230302,0,0,0,6,,,0,,,,,,Auckland Region,Nil,2-way,Sealed,,0,0,,50,,Off,0,0,,76,Auckland,Traffic Signals,,,,,0,0,Urban,0,,,Fine,Null
1894733,5752905,13599,,538841,0,0,0,1,1,South,2009/2010,SH 5,OLD WAIOTAPU ROAD,,Non-Injury Crash,Yes,2009,0,North,0,0,0,Hill Road,0,,0,,0,Overcast,1260302,0,0,0,2,0,0,0,0,0,,0,0,Waikato Region,Nil,2-way,Sealed,0,0,0,0,100,0,Null,0,0,,24,Rotorua District,Unknown,0,0,0,0,0,0,Open,0,0,0,Light rain,Null
1801219,5816713,13600,,529900,0,,0,2,,Null,2009/2010,BOUNDARY ROAD,HEAPHY TERRACE,,Non-Injury Crash,No,2009,,North,,0,,Flat,,Christmas New Year,,,,Bright sun,864100,0,0,0,2,,,0,,,,,,Waikato Region,Nil,2-way,Sealed,,0,0,,50,,Null,0,0,,16,Hamilton City,Give way,,,,,0,0,Urban,0,,,Fine,Null
1758052,5913464,13601,,518600,0,,0,2,,East,2008/2009,MOUNT ALBERT ROAD,ERSON AVENUE,,Non-Injury Crash,No,2009,,East,,0,,Flat,,,,,,Dark,567300,0,0,0,4,,,0,,,,,,Auckland Region,Nil,2-way,Sealed,,0,0,,50,,On,0,0,,76,Auckland,Nil,,,,,0,0,Urban,0,,,Fine,Null
1763584,5908770,13602,,521901,0,,0,1,,South,2009/2010,MANGERE ROAD,GOLF AVENUE,,Non-Injury Crash,No,2009,,North,,0,,Flat,,,,,,Twilight,783700,0,0,0,2,,,0,,,,,,Auckland Region,Nil,2-way,Sealed,,0,0,,50,,On,1,0,,76,Auckland,Traffic Signals,,,,,0,0,Urban,0,,,Heavy rain,Null
1746887,5926188,13603,,513431,0,,0,2,,North,2009/2010,HOBSONVILLE ROAD,BRIGHAM CREEK ROAD,,Non-Injury Crash,No,2009,,North,,0,,Flat,,,,,,Twilight,221802,0,0,0,2,,,0,,,,,,Auckland Region,Nil,2-way,Sealed,,0,0,,50,,On,0,0,,76,Auckland,Nil,,,,,0,0,Urban,0,,,Fine,Null
1763317,5920390,13604,,516500,0,,0,2,,Null,2009/2010,TAMAKI DRIVE,PATTESON AVENUE,,Non-Injury Crash,No,2009,,South,,0,,Flat,,,,,,Overcast,500600,0,0,0,4,,,0,,,,,,Auckland Region,Nil,2-way,Sealed,,0,0,,50,,Off,0,0,,76,Auckland,Traffic Signals,,,,,0,0,Urban,0,,,Fine,Null
1766282,5899751,13605,,524822,0,,0,2,,Null,2008/2009,PALMERS ROAD,ROSCOMMON ROAD,,Non-Injury Crash,No,2009,,East,,0,,Flat,,,,,,Bright sun,774431,0,0,0,2,,,0,,,,,,Auckland Region,Nil,2-way,Sealed,,0,0,,50,,Off,0,0,,76,Auckland,Give way,,,,,0,0,Urban,0,,,Fine,Null
1754731,5915610,13606,,517702,0,,0,2,,North,2009/2010,SANDRINGHAM ROAD,LAMBETH ROAD,,Non-Injury Crash,No,2009,,North,,0,,Flat,,,,,,Twilight,541600,0,0,0,2,,,0,,,,,,Auckland Region,Nil,2-way,Sealed,,0,0,,50,,On,0,0,,76,Auckland,Unknown,,,,,0,0,Urban,0,,,Fine,Null
1799785,5815637,13607,,528800,0,,0,2,,Null,2009/2010,NORTON ROAD,COMMERCE ST,,Non-Injury Crash,No,2009,,West,,0,,Flat,,,,,,Overcast,904700,0,0,0,4,,,0,,,,,,Waikato Region,Nil,2-way,Sealed,,0,0,,50,,Off,0,0,,16,Hamilton City,Traffic Signals,,,,,0,0,Urban,0,,,Fine,Null
1270158,5012795,13608,,609028,0,0,0,2,0,Null,2009/2010,ARROWTOWN-LAKE HAYES ROAD,SPEARGRASS FLAT ROAD,,Minor Crash,No,2009,0,South,0,0,1,Hill Road,0,,0,,0,Overcast,3039805,1,0,0,2,0,0,0,0,0,,0,0,Otago Region,Nil,2-way,Sealed,0,0,0,0,100,0,Null,0,0,,70,Queenstown-Lakes District,Give way,0,0,0,0,0,0,Open,0,0,0,Light rain,Null
1936086,5620080,13609,,546600,0,,0,0,,Null,2009/2010,SH 2,LATHAM ST,,Non-Injury Crash,Yes,2009,,North,,0,,Flat,,,,,,Bright sun,1436400,0,0,0,2,,,0,,,,,,Hawke's Bay Region,Nil,2-way,Sealed,,0,0,,50,,Null,1,0,,31,Napier City,Give way,,,,,1,0,Urban,0,,,Fine,Null
2061897,5787755,13610,,543301,0,0,0,0,0,South,2008/2009,SH 35,HIRUHARAMA ROAD S,,Non-Injury Crash,Yes,2009,0,South,1,0,0,Flat,0,,0,,0,Twilight,1347300,0,0,0,2,0,0,0,0,0,,0,0,Gisborne Region,Nil,2-way,Sealed,0,0,0,0,100,0,None,2,0,,28,Gisborne District,Nil,0,0,0,0,0,0,Open,0,0,0,Light rain,Null
1770656,5443553,13611,,564520,0,,0,2,,Null,2009/2010,MESSINES AVENUE,SOMME ROAD,,Non-Injury Crash,No,2009,,North,,0,,Flat,,,,,,Overcast,1899301,0,0,0,2,,,0,,,,,,Wellington Region,Nil,2-way,Sealed,,0,0,,50,,Null,0,0,,45,Upper Hutt City,Give way,,,,,0,0,Urban,0,,,Fine,Null
1763924,5904429,13612,,522100,0,,0,0,,North,2008/2009,SH 20,PUHINUI UNDERPASS,,Non-Injury Crash,Yes,2009,,South,,0,,Flat,,,,,,Dark,781001,0,0,0,2,,,0,,,,,,Auckland Region,Nil,1-way,Sealed,,0,0,,100,,On,0,0,,76,Auckland,Nil,,,,,0,0,Open,1,,,Fine,Null
1855158,5871975,13613,,534200,0,0,0,1,1,South,2008/2009,SH 25,PARAKIWAI QUARRY ROAD,,Non-Injury Crash,Yes,2009,0,South,0,0,0,Flat,0,Easter,0,,0,Overcast,1082500,0,0,0,2,0,0,0,0,0,,0,0,Waikato Region,Nil,2-way,Sealed,0,0,0,0,100,0,Null,0,0,,12,Hauraki District,Unknown,0,0,0,0,0,0,Open,0,0,0,Fine,Null
1764360,5909335,13614,,521901,0,,0,1,,Null,2008/2009,GREAT SOUTH ROAD,FAIRBURN ROAD,,Non-Injury Crash,No,2009,,South,,0,,Flat,,,,,,Overcast,784900,0,0,0,2,,,0,,,,,,Auckland Region,Nil,2-way,Sealed,,0,0,,50,,Off,1,0,,76,Auckland,Give way,,,,,0,0,Urban,0,,,Light rain,Null
1857821,5788788,13615,,535232,0,,0,1,,East,2008/2009,SH 5,WAIOHOTU ROAD,,Non-Injury Crash,Yes,2009,,West,,0,,Hill Road,,,,,,Dark,1127702,0,0,0,3,,,0,,,,,,Waikato Region,Nil,2-way,Sealed,,0,0,,100,,None,0,0,,19,South Waikato District,Nil,,,,,0,0,Open,0,,,Fine,Frost
1758200,5920244,13616,,514103,0,,0,1,,Null,2009/2010,BEACH ROAD,STANLEY ST,,Non-Injury Crash,No,2009,,South,,0,,Flat,,,,,,Bright sun,438203,0,0,0,4,,,0,,,,,,Auckland Region,Nil,2-way,Sealed,,0,0,,50,,Null,0,0,,76,Auckland,Traffic Signals,,,,,1,0,Urban,0,,,Fine,Null
1763311,5910239,13617,,521901,0,0,0,1,0,North,2009/2010,SALEYARDS ROAD,STATION ROAD,,Non-Injury Crash,No,2009,0,South,0,0,0,Flat,0,,0,,0,Dark,781900,0,0,0,2,0,0,0,0,0,,1,1,Auckland Region,Nil,2-way,Sealed,0,0,0,0,50,0,On,0,0,,76,Auckland,Unknown,0,0,0,0,0,0,Urban,0,0,0,Fine,Null
1878479,5822006,13618,,538102,0,,0,1,,South,2008/2009,FRASER ST,SH 2,,Non-Injury Crash,No,2009,,North,,0,,Flat,,Easter,,,,Twilight,1169000,0,0,0,4,,,0,,,,,,Bay of Plenty Region,Nil,2-way,Sealed,,0,0,,50,,On,1,0,,23,Tauranga City,Traffic Signals,,,,,0,0,Urban,0,,,Fine,Null
1876508,5820706,13619,,537500,0,,0,2,,North,2008/2009,CAMERON ROAD,SHEPPARD ST,,Non-Injury Crash,No,2009,,South,,0,,Flat,,,,,,Overcast,1172600,0,0,0,2,,,0,,,,,,Bay of Plenty Region,Nil,2-way,Sealed,,0,0,,50,,Null,0,0,,23,Tauranga City,Unknown,,,,,0,0,Urban,0,,,Light rain,Null
1752034,5930593,13620,,509100,0,,0,0,,West,2008/2009,ALBANY HIGHWAY ON WBD,ALBANY HIGHWAY,,Non-Injury Crash,Yes,2009,,West,,0,,Hill Road,,,,,,Bright sun,181004,0,0,0,2,,,0,,,,,,Auckland Region,Motorway ramp,2-way,Sealed,,0,0,,100,,Null,0,0,,76,Auckland,Unknown,,,,,1,0,Open,1,,,Fine,Null
1711157,6052358,13621,60,501802,0,0,0,0,0,West,2008/2009,PIPIWAI ROAD,MATARAU ROAD,,Non-Injury Crash,No,2009,0,West,0,0,0,Hill Road,0,,0,,0,Dark,69300,0,0,0,2,0,0,0,0,0,,0,0,Northland Region,Nil,2-way,Sealed,0,0,0,0,100,0,None,0,0,,2,Whangarei District,Unknown,0,1,0,0,0,0,Open,1,0,0,Light rain,Null
1803248,5550268,13622,,558900,0,,0,0,,Null,2008/2009,SH 1N,DANIELL ST,,Non-Injury Crash,Yes,2009,,West,,0,,Flat,,,,,,Overcast,1744400,0,0,0,2,,,0,,,,,,Manawatū-Whanganui Region,Nil,2-way,Sealed,,0,0,,50,,Null,2,0,,38,Rangitikei District,Stop,,,,,0,0,Urban,0,,,Fine,Null
1767928,5913672,13623,,523000,0,,1,1,,West,2009/2010,PAKURANGA ROAD,GLENMORE ROAD,,Non-Injury Crash,No,2009,,West,,0,,Flat,,,,,,Bright sun,690700,0,0,0,6,,,0,,,,,,Auckland Region,Nil,2-way,Sealed,,0,0,,60,,Off,0,0,,76,Auckland,Give way,,,,,0,0,Urban,0,,,Fine,Null
1768952,5881279,13624,,525910,0,0,0,2,0,North,2008/2009,EDINBURGH ST,KING ST,,Non-Injury Crash,No,2009,0,North,0,0,0,Flat,0,,0,,0,Bright sun,819100,0,0,0,2,0,0,0,0,1,,0,0,Auckland Region,Nil,2-way,Sealed,0,0,0,0,50,0,Null,0,0,,76,Auckland,Unknown,0,0,0,0,0,0,Urban,0,0,0,Fine,Null
1756295,5920546,13625,,514102,0,,0,2,,Null,2008/2009,VICTORIA ST WEST,FRANKLIN ROAD,,Non-Injury Crash,No,2009,,West,,0,,Flat,,,,,,Bright sun,432500,0,0,0,4,,,0,,,,,,Auckland Region,Nil,2-way,Sealed,,0,0,,50,,Off,0,0,,76,Auckland,Traffic Signals,,,,,0,0,Urban,0,,,Fine,Null
1878075,5821557,13626,,538102,0,,0,3,,North,2009/2010,FRASER ST,EIGHTEENTH AVENUE,,Non-Injury Crash,No,2009,,South,,0,,Flat,,,,,,Bright sun,1171000,0,0,0,2,,,0,,,,,,Bay of Plenty Region,Nil,2-way,Sealed,,0,0,,50,,Null,0,0,,23,Tauranga City,Stop,,,,,0,0,Urban,0,,,Fine,Null
1886206,5772485,13627,,540600,0,,0,1,,Null,2009/2010,SH 30A TE NGAE,SH 30 SALA,,Non-Injury Crash,Yes,2009,,East,,0,,Flat,,,,,,Bright sun,1243500,0,0,0,4,,,0,,,,,,Bay of Plenty Region,Nil,2-way,Sealed,,0,0,,70,,Null,1,0,,24,Rotorua District,Traffic Signals,,,,,0,0,Urban,0,,,Fine,Null
1576587,5182096,13628,,593100,0,,0,2,,Null,2008/2009,PAGES ROAD,PORTCHESTER ST,,Non-Injury Crash,No,2009,,East,,0,,Flat,,,,,,Bright sun,2575400,0,0,0,2,,,0,,,,,,Canterbury Region,Nil,2-way,Sealed,,0,0,,50,,Null,0,0,,60,Christchurch City,Give way,,,,,0,0,Urban,0,,,Fine,Null
1789132,5822597,13629,65,527912,0,0,0,0,0,South,2009/2010,NGARUAWAHIA ROAD,CRAWFORD ROAD,,Non-Injury Crash,No,2009,0,North,0,0,1,Flat,0,Christmas New Year,0,,0,Dark,976200,0,0,0,2,0,0,0,0,0,,0,0,Waikato Region,Nil,2-way,Sealed,0,0,0,0,100,0,None,1,0,,13,Waikato District,Unknown,0,0,0,0,0,0,Open,0,0,0,Light rain,Null
1765214,5900853,13630,,524821,0,0,0,2,0,South,2008/2009,FINLAYSON AVENUE,MATUA PLACE,,Non-Injury Crash,No,2009,0,South,0,0,0,Hill Road,0,,0,,0,Dark,774411,0,0,0,2,0,0,0,0,1,,0,0,Auckland Region,Nil,2-way,Sealed,0,0,0,0,50,0,On,0,0,,76,Auckland,Nil,0,0,0,0,0,0,Urban,0,0,0,Fine,Null
1856763,5803483,13631,,535231,0,0,0,1,0,South,2008/2009,SH 29,SUMMIT LOOKOUT,,Non-Injury Crash,Yes,2009,0,West,0,0,1,Hill Road,0,,0,,0,Overcast,1113900,0,0,0,2,0,0,0,0,0,,0,0,Waikato Region,Nil,2-way,Sealed,0,0,0,0,100,0,Null,0,0,,15,Matamata-Piako District,Unknown,0,0,0,0,0,0,Open,0,0,0,Heavy rain,Null
1684399,5428480,13632,,581100,0,0,0,0,0,Null,2009/2010,WELLINGTON ST,WAIKAWA ROAD,,Non-Injury Crash,No,2009,0,West,0,0,0,Flat,0,,0,,0,Dark,2281400,0,0,0,2,0,0,0,0,0,,0,1,Marlborough Region,Nil,2-way,Sealed,0,0,0,0,50,0,On,1,0,,53,Marlborough District,Stop,0,0,0,0,0,0,Urban,0,0,0,Fine,Null
1694196,5674208,13633,,552500,0,,0,2,,Null,2008/2009,CORONATION AVENUE,TARAHUA ROAD,,Non-Injury Crash,No,2009,,West,,0,,Flat,,,,,,Overcast,1569200,0,0,0,2,,,0,,,,,,Taranaki Region,Nil,2-way,Sealed,,0,0,,50,,Null,0,0,,33,New Plymouth District,Give way,,,,,0,0,Urban,0,,,Light rain,Null
1444460,5080747,13634,,600410,0,0,0,1,0,West,2008/2009,PAREORA RIVER ROAD,CRAIGMORE VALLEY ROAD,,Minor Crash,No,2009,0,South,0,0,0,Flat,0,,0,,1,Dark,2824200,1,0,0,1,0,0,0,0,0,,0,0,Canterbury Region,Bridge,1-way,Sealed,0,0,0,0,100,0,None,0,0,,66,Waimate District,Unknown,0,0,0,0,0,0,Open,0,0,0,Fine,Null
1763976,5909944,13635,,521901,0,,0,2,,West,2009/2010,STATION ROAD,GREAT SOUTH ROAD,,Non-Injury Crash,No,2009,,East,,0,,Flat,,,,,,Overcast,784200,0,0,0,2,,,0,,,,,,Auckland Region,Nil,2-way,Sealed,,0,0,,50,,Null,0,0,,76,Auckland,Unknown,,,,,0,0,Urban,0,,,Fine,Null
1754126,5931391,13636,,508805,0,0,0,4,1,Null,2008/2009,SH 18,UPPER HWY ON SBD W,,Non-Injury Crash,Yes,2009,0,West,0,0,0,Flat,0,,0,,0,Dark,180826,0,0,0,4,0,0,0,0,0,,0,0,Auckland Region,Nil,2-way,Sealed,0,0,0,0,50,0,On,0,0,,76,Auckland,Traffic Signals,0,0,0,0,0,0,Urban,0,0,0,Fine,Null
1802363,5816076,13637,,530100,0,,0,2,,West,2009/2010,TE AROHA ST,PEACHGROVE ROAD,,Non-Injury Crash,No,2009,,East,,0,,Flat,,,,,,Bright sun,895400,0,0,0,2,,,0,,,,,,Waikato Region,Nil,2-way,Sealed,,0,0,,50,,Null,0,0,,16,Hamilton City,Unknown,,,,,0,0,Urban,0,,,Fine,Null
1755277,5932021,13638,,508805,0,,0,1,,Null,2009/2010,EAST COAST ROAD,CONSTELLATION DRIVE,,Non-Injury Crash,No,2009,,North,,0,,Flat,,,,,,Dark,151104,0,0,0,5,,,0,,,,,,Auckland Region,Nil,2-way,Sealed,,0,0,,50,,On,0,0,,76,Auckland,Traffic Signals,,,,,0,0,Urban,1,,,Fine,Null
1936359,5618725,13639,,545631,0,,0,1,,North,2008/2009,CHAMBERS ST,GEDDIS AVENUE,,Non-Injury Crash,No,2009,,South,,0,,Flat,,,,,,Bright sun,1403100,0,0,0,2,,,0,,,,,,Hawke's Bay Region,Nil,2-way,Sealed,,0,0,,50,,Null,0,0,,31,Napier City,Nil,,,,,0,0,Urban,1,,,Fine,Null
1810583,5465692,13640,,579501,0,,0,1,,North,2008/2009,MANGATARERE VALLEY ROAD,MCLENNANS ROAD,,Non-Injury Crash,No,2009,,West,,0,,Flat,,,,,,Bright sun,2265700,0,0,0,2,,,0,,,,,,Wellington Region,Nil,2-way,Unsealed,,0,0,,100,,Null,1,0,,49,Carterton District,Nil,,,,,0,0,Open,0,,,Fine,Null
1756967,5435114,13641,,569800,0,,0,3,,East,2008/2009,SH 2,KOROKORO ROAD N,,Non-Injury Crash,Yes,2009,,East,,0,,Flat,,,,,,Overcast,2035002,0,0,0,4,,,0,,,,,,Wellington Region,Nil,2-way,Sealed,,0,0,,100,,Null,0,0,70,46,Lower Hutt City,Nil,,,,,0,0,Open,0,,,Fine,Null
1406983,4918559,13642,,603601,0,,0,2,,South,2009/2010,SH 1S,HOWE ST,,Minor Crash,Yes,2009,,North,,0,,Flat,,,,,,Dark,2866000,2,0,0,2,,,0,,,,,,Otago Region,Nil,1-way,Sealed,,0,0,,50,,On,0,0,,71,Dunedin City,Unknown,,,,,0,0,Urban,0,,,Fine,Null
1756357,5927148,13643,,507900,0,,0,2,,Null,2009/2010,NORTHCOTE ROAD,NORTHCOTE OFF NBD E,,Non-Injury Crash,No,2009,,West,,0,,Flat,,,,,,Overcast,303501,0,0,0,2,,,0,,,,,,Auckland Region,Nil,2-way,Sealed,,0,0,,50,,Null,0,0,,76,Auckland,Traffic Signals,,,,,0,0,Urban,0,,,Fine,Null
1719072,6047101,13644,,502800,0,,0,2,,Null,2009/2010,SH 1N,MANSE ST,,Non-Injury Crash,Yes,2009,,South,,0,,Flat,,,,,,Overcast,95700,0,0,0,3,,,0,,,,,,Northland Region,Nil,2-way,Sealed,,0,0,,50,,On,0,0,,2,Whangarei District,Stop,,,,,0,0,Urban,0,,,Fine,Null
1800607,5815517,13645,,529700,0,,0,1,,North,2008/2009,ANGLESEA ST,BRYCE ST,,Non-Injury Crash,No,2009,,South,,0,,Flat,,,,,,Bright sun,910600,0,0,0,4,,,0,,,,,,Waikato Region,Nil,2-way,Sealed,,0,0,,50,,Off,0,0,,16,Hamilton City,Nil,,,,,0,0,Urban,1,,,Fine,Null
1804338,5790993,13646,,531003,0,0,0,1,0,North,2009/2010,SH 3,BOND ROAD,,Non-Injury Crash,Yes,2009,0,South,0,0,0,Flat,0,,0,,0,Dark,968301,0,0,0,2,0,0,0,0,0,,0,0,Waikato Region,Nil,2-way,Sealed,0,0,0,0,50,0,On,0,0,,17,Waipa District,Unknown,0,1,0,0,0,0,Urban,0,0,0,Fine,Null
1745211,5918953,13647,,513302,0,,0,1,,South,2008/2009,LINCOLN ROAD,MOSELLE AVENUE,,Non-Injury Crash,No,2009,,South,,0,,Flat,,,,,,Twilight,232205,0,0,0,4,,,0,,,,,,Auckland Region,Nil,2-way,Sealed,,0,0,,50,,Off,0,0,,76,Auckland,Nil,,,,,0,0,Urban,1,,,Fine,Null
1851904,5764966,13648,,535212,0,0,0,0,0,South,2009/2010,SH 1N,SH 32,,Non-Injury Crash,Yes,2009,0,North,1,0,0,Flat,0,,0,,0,Overcast,1152501,0,0,0,2,0,0,0,0,0,,0,0,Waikato Region,Nil,2-way,Sealed,0,0,0,0,80,0,Null,0,0,,19,South Waikato District,Unknown,0,0,0,0,1,0,Open,0,0,0,Fine,Null
1779879,5894218,13649,,521132,0,,0,1,,North,2009/2010,HUNUA ROAD,MIDDLETON ROAD,,Non-Injury Crash,No,2009,,North,,0,,Flat,,,,,,Overcast,816401,0,0,0,2,,,0,,,,,,Auckland Region,Nil,2-way,Sealed,,0,0,,100,,None,2,0,,76,Auckland,Nil,,,,,0,0,Open,0,,,Fine,Null
2037003,5708585,13650,,544600,0,,0,2,,South,2009/2010,Z FCT MIDWAY,GLADSTONE/COBDEN,,Non-Injury Crash,No,2009,,West,,0,,Flat,,,,,,Bright sun,1372800,0,0,0,0,,,0,,,,,,Gisborne Region,Nil,Off road,Sealed,,0,0,,50,,Null,0,0,,28,Gisborne District,Nil,,,,,0,0,Urban,0,,,Fine,Null
1767824,5903562,13651,,524602,0,,0,2,,North,2009/2010,GREAT SOUTH ROAD,KERRS ROAD,,Non-Injury Crash,No,2009,,North,,0,,Flat,,Labour Weekend,,,,Bright sun,780410,0,0,0,2,,,0,,,,,,Auckland Region,Nil,2-way,Sealed,,0,0,,50,,Off,0,0,,76,Auckland,Nil,,,,,0,0,Urban,0,,,Fine,Null
1757065,5920542,13652,,514102,0,,1,1,,Null,2008/2009,VICTORIA ST WEST,HOBSON ST,,Non-Injury Crash,No,2009,,West,,0,,Flat,,,,,,Twilight,433700,0,0,0,5,,,0,,,,,,Auckland Region,Nil,2-way,Sealed,,0,0,,50,,Off,0,0,,76,Auckland,Traffic Signals,,,,,0,0,Urban,0,,,Fine,Null
1755061,5920901,13653,,515201,0,,0,2,,Null,2009/2010,JERVOIS ROAD,CLARENCE ST,,Non-Injury Crash,No,2009,,West,,0,,Flat,,,,,,Overcast,424100,0,0,0,2,,,0,,,,,,Auckland Region,Nil,2-way,Sealed,,0,0,,50,,Off,0,0,,76,Auckland,Traffic Signals,,,,,0,0,Urban,0,,,Fine,Null
1769980,5900608,13654,,523816,0,0,0,2,0,South,2009/2010,SHIFNAL DRIVE,RIVERTON DRIVE,,Non-Injury Crash,No,2009,0,South,0,0,0,Flat,0,,0,,0,Overcast,759734,0,0,0,2,0,0,0,0,1,,0,0,Auckland Region,Nil,2-way,Sealed,0,0,0,0,50,0,Off,0,0,,76,Auckland,Nil,0,0,0,0,0,0,Urban,0,0,0,Fine,Null
1759398,5919452,13655,,515901,0,,0,1,,Null,2009/2010,TAKUTAI ST,GLANVILLE TERRACE,,Non-Injury Crash,No,2009,,North,,0,,Flat,,,,,,Overcast,456100,0,0,0,2,,,0,,,,,,Auckland Region,Nil,2-way,Sealed,,0,0,,50,,Off,0,0,,76,Auckland,Give way,,,,,0,0,Urban,1,,,Fine,Null
1741498,5918937,13656,,513101,0,,0,1,,Null,2008/2009,SWANSON ROAD,NORTH CANDIA ROAD,,Non-Injury Crash,No,2009,,West,,0,,Flat,,,,,,Bright sun,238200,0,0,0,2,,,0,,,,,,Auckland Region,Nil,2-way,Sealed,,0,0,,50,,Off,1,0,,76,Auckland,Give way,,,,,0,0,Urban,0,,,Fine,Null
1927097,5613463,13657,,545822,0,0,0,1,0,East,2008/2009,SH 50,WHEATLEY ROAD,,Non-Injury Crash,Yes,2009,0,West,0,0,1,Flat,0,,0,,0,Bright sun,1408800,0,0,0,2,0,0,0,0,0,,0,0,Hawke's Bay Region,Nil,2-way,Sealed,0,0,0,0,100,0,Null,0,0,,30,Hastings District,Nil,0,0,0,0,0,0,Open,0,0,0,Fine,Null
1731963,5907490,13658,,513800,0,,0,1,,South,2009/2010,PIHA ROAD,TE AHUAHU ROAD,,Non-Injury Crash,No,2009,,West,,0,,Hill Road,,,,,,Overcast,282018,0,0,0,2,,,0,,,,,,Auckland Region,Nil,2-way,Sealed,,0,0,,100,,None,0,0,,76,Auckland,Nil,,,,,0,0,Open,1,,,Light rain,Null
1759946,5908469,13659,,524121,0,,0,1,,South,2008/2009,SH 20,WALMSLEY OBR,,Non-Injury Crash,Yes,2009,,North,,0,,Flat,,,,,,Dark,737000,0,0,0,6,,,0,,,,,,Auckland Region,Nil,2-way,Sealed,,0,0,,100,,On,0,0,,76,Auckland,Unknown,,,,,0,0,Open,1,,,Fine,Null
1754152,5929282,13660,,508320,0,,0,2,,Null,2009/2010,WAIRAU ROAD,HOGANS ROAD,,Non-Injury Crash,No,2009,,North,,0,,Flat,,,,,,Overcast,196202,0,0,0,2,,,0,,,,,,Auckland Region,Nil,2-way,Sealed,,0,0,,50,,Null,0,0,,76,Auckland,Stop,,,,,0,0,Urban,0,,,Fine,Null
1731269,6014107,13661,,501816,0,,0,1,,East,2008/2009,MCLEAN ROAD,SOUTH ROAD,,Non-Injury Crash,No,2009,,West,,0,,Flat,,,,,,Overcast,81403,0,0,0,2,,,0,,,,,,Northland Region,Nil,2-way,Sealed,,0,0,,100,,None,1,0,,2,Whangarei District,Nil,,,,,0,0,Open,0,,,Fine,Null
1755824,5918062,13662,,517500,0,,0,2,,South,2009/2010,NEW NORTH ROAD,NEW BOND ST,,Non-Injury Crash,No,2009,,South,,0,,Flat,,,,,,Bright sun,530900,0,0,0,2,,,0,,,,,,Auckland Region,Nil,2-way,Sealed,,0,0,,50,,Off,0,0,,76,Auckland,Nil,,,,,0,0,Urban,0,,,Fine,Null
1797371,5786140,13663,55,527923,0,0,0,0,0,East,2009/2010,POKURU ROAD,POKURU FACTORY ROAD,,Non-Injury Crash,No,2009,0,East,0,0,1,Hill Road,0,,0,,0,Overcast,983500,0,0,0,2,0,0,0,0,0,,0,0,Waikato Region,Nil,2-way,Sealed,0,0,0,0,100,0,Null,1,0,,17,Waipa District,Unknown,0,0,0,0,0,0,Open,0,0,0,Light rain,Null
1756936,5927428,13664,,507900,0,0,0,0,0,East,2009/2010,RANGITIRA AVENUE,TAHAROTO ROAD,,Non-Injury Crash,No,2009,0,East,0,0,0,Flat,0,,0,,0,Bright sun,304600,0,0,0,1,0,0,0,0,1,,0,0,Auckland Region,Nil,2-way,Sealed,0,0,0,0,50,0,Off,2,0,,76,Auckland,Nil,0,0,0,0,0,0,Urban,0,0,0,Fine,Null
1567755,5180285,13665,,590800,0,,0,0,,West,2009/2010,RICCARTON ROAD,CLARENCE ST,,Serious Crash,No,2009,,East,,0,,Flat,,,,,,Twilight,2473000,0,1,0,2,,,0,,,1,,,Canterbury Region,Nil,2-way,Sealed,,0,1,,50,,On,0,0,,60,Christchurch City,Unknown,,,,,0,0,Urban,0,,,Fine,Null
1852339,5763143,13666,,535380,0,0,0,0,0,West,2008/2009,CAMPBELL ROAD,SH 1N,,Non-Injury Crash,No,2009,0,East,0,0,1,Flat,0,,0,,0,Bright sun,1149800,0,0,0,2,0,0,0,0,0,,0,1,Waikato Region,Nil,2-way,Sealed,0,0,0,0,100,0,None,0,0,,19,South Waikato District,Nil,0,0,0,0,0,0,Open,1,0,0,Fine,Null
1756623,5918402,13667,,515600,0,,0,2,,South,2008/2009,NGAHURA ST,NEW NORTH ROAD,,Non-Injury Crash,No,2009,,South,,0,,Hill Road,,,,,,Bright sun,419706,0,0,0,2,,,0,,,,,,Auckland Region,Nil,2-way,Sealed,,0,0,,50,,Null,0,0,,76,Auckland,Unknown,,,,,0,0,Urban,0,,,Fine,Null