X,Y,OBJECTID,advisorySpeed,areaUnitID,bicycle,bridge,bus,carStationWagon,cliffBank,crashDirectionDescription,crashFinancialYear,crashLocation1,crashLocation2,crashRoadSideRoad,crashSeverity,crashSHDescription,crashYear,debris,directionRoleDescription,ditch,fatalCount,fence,flatHill,guardRail,holiday,houseOrBuilding,intersection,kerb,light,meshblockId,minorInjuryCount,moped,motorcycle,NumberOfLanes,objectThrownOrDropped,otherObject,otherVehicleType,overBank,parkedVehicle,pedestrian,phoneBoxEtc,postOrPole,region,roadCharacter,roadLane,roadSurface,roadworks,schoolBus,seriousInjuryCount,slipOrFlood,speedLimit,strayAnimal,streetLight,suv,taxi,temporarySpeedLimit,tlaId,tlaName,trafficControl,trafficIsland,trafficSign,train,tree,truck,unknownVehicleType,urban,vanOrUtility,vehicle,waterRiver,weatherA,weatherB
1768602,5880006,13668,,525921,0,0,0,3,0,Null,2009/2010,WARD ST,QUEEN ST,,Non-Injury Crash,No,2009,0,East,0,0,1,Flat,0,Labour Weekend,0,,0,Overcast,821303,0,0,0,2,0,0,0,0,1,,0,0,Auckland Region,Nil,2-way,Sealed,0,0,0,0,50,0,Off,0,0,,76,Auckland,Give way,0,0,0,0,0,0,Urban,0,0,0,Light rain,Null
1815852,5807318,13669,,527133,0,,0,2,,Null,2009/2010,SH 1B,ZIG ZAG ROAD,,Non-Injury Crash,Yes,2009,,North,,0,,Flat,,,,,,Overcast,958800,0,0,0,2,,,0,,,,,,Waikato Region,Nil,2-way,Sealed,,0,0,,70,,Null,0,0,,17,Waipa District,Stop,,,,,0,0,Urban,0,,,Heavy rain,Null
1765106,5910054,13670,,521803,0,,0,2,,Null,2009/2010,OTAHUHU ON SBD,SH 1N,,Non-Injury Crash,Yes,2009,,South,,0,,Flat,,,,,,Twilight,788300,0,0,0,2,,,0,,,,,,Auckland Region,Motorway ramp,1-way,Sealed,,0,0,,100,,On,0,0,,76,Auckland,Traffic Signals,,,,,0,0,Open,0,,,Light rain,Null
1706090,5642470,13671,,553004,0,0,0,1,1,Null,2008/2009,OPUNAKE ROAD,CARDIFF ROAD,,Non-Injury Crash,No,2009,0,West,0,0,0,Hill Road,0,,0,,0,Dark,1619101,0,0,0,2,0,0,0,0,0,,0,0,Taranaki Region,Nil,2-way,Sealed,0,0,0,0,100,0,None,0,0,,34,Stratford District,Stop,0,0,0,0,0,0,Open,0,0,0,Light rain,Null
1764958,5908206,13672,,523404,0,,0,3,,South,2009/2010,GREAT SOUTH ROAD,BAIRDS ROAD,,Non-Injury Crash,No,2009,,North,,0,,Flat,,,,,,Overcast,696801,0,0,0,4,,,0,,,,,,Auckland Region,Nil,2-way,Sealed,,0,0,,50,,Null,0,0,,76,Auckland,Nil,,,,,0,0,Urban,0,,,Light rain,Null
1740736,5923683,13673,,513701,0,0,0,1,0,North,2008/2009,NIXON ROAD,HENWOOD ROAD,,Non-Injury Crash,No,2009,0,North,0,0,1,Hill Road,0,,0,,0,Overcast,220300,0,0,0,2,0,0,0,1,0,,0,0,Auckland Region,Nil,2-way,Sealed,0,0,0,0,100,0,None,0,0,,76,Auckland,Unknown,0,0,0,0,0,0,Open,0,0,0,Light rain,Null
1768544,5901260,13674,,525001,0,,0,2,,North,2008/2009,GREAT SOUTH ROAD,NORTHCREST WAY,,Non-Injury Crash,No,2009,,North,,0,,Hill Road,,,,,,Twilight,751500,0,0,0,4,,,0,,,,,,Auckland Region,Nil,2-way,Sealed,,0,0,,50,,On,0,0,,76,Auckland,Nil,,,,,0,0,Urban,0,,,Fine,Null
1890903,5770245,13675,,538832,0,0,0,1,0,South,2008/2009,TARAWERA ROAD,RED TANK ROAD,,Non-Injury Crash,No,2009,0,North,0,0,0,Hill Road,0,,0,,0,Dark,1258401,0,0,0,2,0,0,0,1,0,,0,0,Bay of Plenty Region,Nil,2-way,Sealed,0,0,0,0,100,0,None,0,0,,24,Rotorua District,Unknown,0,0,0,1,0,0,Open,0,0,0,Mist or Fog,Frost
1630482,6123331,13676,75,500202,0,0,0,1,1,South,2009/2010,DUNCAN ROAD,SH 10,,Non-Injury Crash,No,2009,0,South,0,0,0,Hill Road,0,,0,,0,Dark,3200,0,0,0,2,0,0,0,0,0,,0,0,Northland Region,Nil,2-way,Sealed,0,0,0,0,100,0,None,0,0,,1,Far North District,Nil,0,0,0,0,0,0,Open,0,0,0,Light rain,Null
1773887,5897008,13677,,525620,0,,0,1,,Null,2009/2010,CLEVEDON ROAD,KELVIN ROAD,,Non-Injury Crash,No,2009,,West,,0,,Flat,,,,,,Overcast,797300,0,0,0,2,,,0,,,,,,Auckland Region,Nil,2-way,Sealed,,0,0,,50,,Off,0,0,,76,Auckland,Give way,,,,,0,0,Urban,1,,,Fine,Null
1766011,5814584,13678,,526500,0,,0,1,,North,2009/2010,CAMBRAE ROAD,SIMON ROAD,,Non-Injury Crash,No,2009,,North,,0,,Hill Road,,,,,,Overcast,855201,0,0,0,1,,,0,,,,,,Waikato Region,Nil,2-way,Sealed,,0,0,,50,,Off,0,0,,13,Waikato District,Nil,,,,,0,0,Urban,1,,,Light rain,Null
1787010,5490129,13679,,564021,0,,0,2,,South,2008/2009,SH 1N,MANAKAU RAIL UNDERPASS,,Non-Injury Crash,Yes,2009,,South,,0,,Flat,,Christmas New Year,,,,Bright sun,1882404,0,0,0,2,,,0,,,,,,Manawatū-Whanganui Region,Nil,2-way,Sealed,,0,0,,100,,Null,0,0,,42,Horowhenua District,Nil,,,,,0,0,Open,0,,,Fine,Null
1499733,5139095,13680,,597812,1,,1,0,,Null,2008/2009,WALNUT AVENUE,CREEK ROAD,,Non-Injury Crash,No,2009,,South,,0,,Flat,,,,,,Bright sun,2735200,0,0,0,2,,,0,,,,,,Canterbury Region,Nil,2-way,Sealed,,0,0,,50,,Null,0,0,,63,Ashburton District,Give way,,,,,0,0,Urban,0,,,Fine,Null
1416374,4946185,13681,,601603,0,0,0,0,0,North,2009/2010,SH 1S,COAST ROAD,,Serious Crash,Yes,2009,0,South,1,0,1,Flat,0,,0,,0,Bright sun,2856900,0,0,1,1,0,0,0,0,0,,0,0,Otago Region,Nil,2-way,Sealed,0,0,1,0,100,0,Null,0,0,,71,Dunedin City,Unknown,0,0,0,0,0,0,Open,0,0,0,Fine,Null
1586039,5457259,13682,,581601,0,,0,1,,East,2008/2009,SH 60,AARON CREEK ROAD,,Non-Injury Crash,Yes,2009,,North,,0,,Hill Road,,Christmas New Year,,,,Bright sun,2347400,0,0,0,2,,,0,,,,,,Tasman Region,Bridge,2-way,Sealed,,0,0,,100,,Null,0,0,,51,Tasman District,Nil,,,,,1,0,Open,0,,,Fine,Null
1739767,5930446,13683,45,505604,0,,0,1,,South,2009/2010,OLD NORTH ROAD,DEACON ROAD,,Non-Injury Crash,No,2009,,North,,0,,Hill Road,,,,,,Dark,213800,0,0,0,2,,,0,,,,,,Auckland Region,Nil,2-way,Sealed,,0,0,,100,,None,0,0,,76,Auckland,Nil,,,,,0,0,Open,0,,,Fine,Null
1764068,5915017,13684,,520302,0,,0,0,,Null,2009/2010,LUNN AVENUE,ELLERSLIE-PANMURE HIGHWAY,,Non-Injury Crash,No,2009,,West,,0,,Flat,,,,,,Bright sun,626500,0,0,0,6,,,0,,,,,,Auckland Region,Nil,2-way,Sealed,,0,0,,50,,Off,2,0,,76,Auckland,Traffic Signals,,,,,0,0,Urban,0,,,Fine,Null
1758324,5918042,13685,,517400,0,,0,2,,East,2009/2010,MORROW ST,GILLIES AVENUE,,Non-Injury Crash,No,2009,,West,,0,,Flat,,,,,,Bright sun,451300,0,0,0,2,,,0,,,,,,Auckland Region,Nil,1-way,Sealed,,0,0,,50,,Null,0,0,,76,Auckland,Unknown,,,,,0,0,Urban,0,,,Fine,Null
1568508,5180370,13686,,590701,0,,1,0,,West,2009/2010,RICCARTON ROAD,DEANS AVENUE,,Minor Crash,No,2009,,West,,0,,Flat,,,,,,Bright sun,2474602,1,0,0,2,,,0,,,1,,,Canterbury Region,Nil,2-way,Sealed,,0,0,,50,,Null,0,0,,60,Christchurch City,Unknown,,,,,0,0,Urban,0,,,Fine,Null
1928786,5605625,13687,,547700,0,,0,1,,Null,2009/2010,SOUTHAMPTON ST WEST,TOWNSHEND ST,,Non-Injury Crash,No,2009,,East,,0,,Flat,,,,,,Bright sun,1486800,0,0,0,2,,,0,,,,,,Hawke's Bay Region,Nil,2-way,Sealed,,0,0,,50,,Null,0,0,,30,Hastings District,Give way,,,,,1,0,Urban,0,,,Fine,Null
1493174,5235318,13688,,587100,0,,0,0,,East,2008/2009,SH 73,CORA LYNN ROAD,,Minor Crash,Yes,2009,,East,,0,,Hill Road,,,,,,Bright sun,2461100,1,0,0,2,,,0,,,,,,Canterbury Region,Nil,2-way,Sealed,,0,0,,100,,Null,0,0,,62,Selwyn District,Unknown,,,,,1,0,Open,0,,,Fine,Null
1797859,5818665,13689,,528403,0,0,0,1,0,Null,2008/2009,TE RAPA ROAD,SUNSHINE AVENUE,,Non-Injury Crash,No,2009,0,North,0,0,1,Flat,0,,0,,0,Dark,908100,0,0,0,2,0,1,0,0,0,,0,0,Waikato Region,Nil,2-way,Sealed,0,0,0,0,60,0,On,0,0,,16,Hamilton City,Give way,0,0,0,0,0,0,Urban,0,0,0,Heavy rain,Null
1747279,5919581,13690,,512402,0,,0,2,,Null,2009/2010,TE ATATU ROAD,TE ATATU ON WBD,,Non-Injury Crash,No,2009,,North,,0,,Flat,,,,,,Dark,253700,0,0,0,4,,,0,,,,,,Auckland Region,Nil,2-way,Sealed,,0,0,,50,,On,0,0,,76,Auckland,Traffic Signals,,,,,0,0,Urban,0,,,Light rain,Null
1852168,5764020,13691,,535380,0,,0,1,,Null,2008/2009,SH 1N,MOFFAT ROAD,,Non-Injury Crash,Yes,2009,,South,,0,,Flat,,,,,,Bright sun,1149700,0,0,0,2,,,0,,,,,,Waikato Region,Nil,2-way,Sealed,,0,0,,80,,Null,0,0,,19,South Waikato District,Give way,,,,,1,0,Open,0,,,Fine,Null
1805761,5823022,13692,,527125,0,0,0,2,0,South,2009/2010,PUKETAHA ROAD,SH 1B TELEPHONE ROAD,,Non-Injury Crash,No,2009,0,North,0,0,0,Flat,0,,0,,0,Overcast,954801,0,0,0,2,0,0,0,0,0,,0,1,Waikato Region,Nil,2-way,Sealed,0,0,0,0,70,0,None,0,0,,13,Waikato District,Nil,0,0,0,0,0,0,Urban,0,0,0,Fine,Null
1600917,5448533,13693,,584301,0,,0,1,,North,2009/2010,SH 60,WHAKAREWA ST,,Non-Injury Crash,Yes,2009,,North,,0,,Flat,,,,,,Bright sun,2379200,0,0,1,2,,,0,,,,,,Tasman Region,Nil,2-way,Sealed,,0,0,,50,,Null,0,0,,51,Tasman District,Nil,,,,,0,0,Urban,0,,,Fine,Null
1931981,5617755,13694,,547100,0,0,0,1,0,North,2009/2010,GLOUCESTER ST,GUPPY ROAD,,Non-Injury Crash,No,2009,0,North,0,0,0,Flat,0,,0,,0,Overcast,1455201,0,0,0,2,0,0,0,0,1,,0,0,Hawke's Bay Region,Nil,2-way,Sealed,0,0,0,0,50,0,Null,0,0,,31,Napier City,Nil,0,0,0,0,1,0,Urban,1,0,0,Fine,Null
1728830,5999564,13695,,505010,0,,0,2,,South,2008/2009,SH 1N,MOUNTAIN ROAD,,Non-Injury Crash,Yes,2009,,North,,0,,Hill Road,,,,,,Overcast,134800,0,0,0,2,,,0,,,,,,Northland Region,Nil,2-way,Sealed,,0,0,,100,,Null,0,0,,3,Kaipara District,Unknown,,,,,0,0,Open,0,,,Light rain,Null
1758233,5916401,13696,,519200,1,,0,1,,North,2008/2009,MANUKAU ROAD,RANFURLY ROAD,,Non-Injury Crash,No,2009,,North,,0,,Flat,,,,,,Overcast,614801,0,0,0,2,,,0,,,,,,Auckland Region,Nil,2-way,Sealed,,0,0,,50,,Null,0,0,,76,Auckland,Nil,,,,,0,0,Urban,0,,,Fine,Null
1850955,5763610,13697,,535370,0,0,0,0,0,Null,2009/2010,GRAMPIAN ST,GRAMPIAN STREET,,Non-Injury Crash,No,2009,0,East,0,0,0,Flat,0,,0,,0,Bright sun,1149300,0,0,0,2,0,0,0,0,0,,0,0,Waikato Region,Nil,2-way,Sealed,0,0,0,0,50,0,Off,0,0,,19,South Waikato District,Give way,0,0,0,1,0,0,Urban,1,0,0,Fine,Null
1569582,5177330,13698,,595400,0,0,0,0,0,Null,2008/2009,MILTON ST,SIMEON ST,,Minor Crash,No,2009,0,West,0,0,0,Flat,0,,0,,0,Dark,2645200,1,0,1,2,0,0,0,0,0,,0,0,Canterbury Region,Nil,2-way,Sealed,0,0,0,0,50,0,On,0,0,,60,Christchurch City,Give way,1,0,0,0,0,0,Urban,0,0,0,Heavy rain,Null
1760884,5916469,13699,,516002,0,,0,2,,Null,2009/2010,GREEN LANE EAST,LOCHIEL ROAD,,Non-Injury Crash,No,2009,,West,,0,,Hill Road,,,,,,Bright sun,493700,0,0,0,2,,,0,,,,,,Auckland Region,Nil,2-way,Sealed,,0,0,,50,,None,0,0,,76,Auckland,Give way,,,,,0,0,Urban,0,,,Fine,Null
1748930,5423587,13700,,576302,0,,0,1,,South,2008/2009,MOUNT ALBERT ROAD,LAVAUD ST,,Non-Injury Crash,No,2009,,South,,0,,Hill Road,,,,,,Overcast,2166000,0,0,0,2,,,0,,,,,,Wellington Region,Nil,2-way,Sealed,,0,0,,50,,Null,1,0,,47,Wellington City,Nil,,,,,0,0,Urban,0,,,Heavy rain,Null
1601709,5457658,13701,,581832,0,,1,1,,North,2008/2009,KAITERITERI-SANDY BAY ROA,ROWLING HEIGHTS,,Non-Injury Crash,No,2009,,South,,0,,Hill Road,,,,,,Bright sun,2366700,0,0,0,2,,,0,,,,,,Tasman Region,Nil,2-way,Sealed,,0,0,,100,,Null,0,0,,51,Tasman District,Nil,,,,,0,0,Open,0,,,Fine,Null
1723760,6041322,13702,,504100,0,0,0,1,0,East,2008/2009,BEACH ROAD,SCOTT LANE,,Non-Injury Crash,No,2009,0,North,0,0,0,Flat,0,,0,,0,Overcast,111800,0,0,0,2,0,1,0,0,0,,0,0,Northland Region,Nil,2-way,Sealed,0,0,0,0,50,0,Null,0,0,,2,Whangarei District,Unknown,0,0,0,0,0,0,Urban,0,0,0,Light rain,Null
1755528,5924671,13703,,509800,0,,0,1,,Null,2008/2009,ONEWA ROAD,LAKE ROAD,,Non-Injury Crash,No,2009,,East,,0,,Flat,,,,,,Overcast,360200,0,0,0,4,,,0,,,,,,Auckland Region,Nil,2-way,Sealed,,0,0,,50,,Null,0,0,,76,Auckland,Traffic Signals,,,,,1,0,Urban,0,,,Light rain,Null
1758760,5911559,13704,,519820,0,,0,2,,North,2008/2009,SH 20,ONEHUNGA ON SBD,,Non-Injury Crash,Yes,2009,,South,,0,,Flat,,,,,,Overcast,602402,0,0,0,2,,,0,,,,,,Auckland Region,Nil,1-way,Sealed,,0,0,,80,,Off,0,0,,76,Auckland,Nil,,,,,0,0,Open,0,,,Fine,Null
1763478,5912756,13705,,520500,0,0,0,1,0,South,2008/2009,SH 1N,MT WGTN OFF SBD,,Non-Injury Crash,Yes,2009,1,South,0,0,0,Flat,0,,0,,0,Bright sun,637400,0,0,0,2,0,0,0,0,0,,0,0,Auckland Region,Nil,1-way,Sealed,0,0,0,0,100,0,Off,0,0,,76,Auckland,Nil,0,0,0,0,0,0,Open,1,0,0,Fine,Null
1882314,5778451,13706,,538602,0,0,0,2,0,North,2009/2010,SH 5,BARNARD ROAD,,Non-Injury Crash,Yes,2009,0,South,0,0,0,Flat,0,,0,,0,Bright sun,1264301,0,0,0,2,0,0,0,0,0,,0,0,Bay of Plenty Region,Nil,2-way,Sealed,0,0,0,0,80,0,Null,0,0,,24,Rotorua District,Unknown,0,0,0,0,0,0,Open,0,1,0,Fine,Null
1754453,5915142,13707,,518802,0,,0,2,,Null,2008/2009,MOUNT ALBERT ROAD,SANDRINGHAM ROAD,,Non-Injury Crash,No,2009,,West,,0,,Flat,,,,,,Dark,577300,0,0,0,4,,,0,,,,,,Auckland Region,Nil,2-way,Sealed,,0,0,,50,,On,0,0,,76,Auckland,Traffic Signals,,,,,0,0,Urban,0,,,Heavy rain,Null
1756987,5919350,13708,,514200,0,,0,2,,South,2008/2009,UPPER QUEEN ST,CROSS ST,,Non-Injury Crash,No,2009,,North,,0,,Flat,,,,,,Bright sun,412200,0,0,0,2,,,0,,,,,,Auckland Region,Nil,2-way,Sealed,,0,0,,50,,Null,0,0,,76,Auckland,Unknown,,,,,0,0,Urban,0,,,Fine,Null
1775244,5446364,13709,,566800,0,0,0,2,0,Null,2008/2009,Z CPK RIMUTAKA R/CLUB,CLOUSTON PARK,,Non-Injury Crash,No,2009,0,West,0,0,0,Flat,0,Easter,0,,0,Overcast,1910300,0,0,0,0,0,0,0,0,1,,0,0,Wellington Region,Nil,Off road,Sealed,0,0,0,0,50,0,Null,0,0,,45,Upper Hutt City,Nil,0,0,0,0,0,0,Urban,0,0,0,Fine,Null
1820875,5834034,13710,,534500,0,0,0,1,0,West,2008/2009,TAUHEI ROAD,MORRINSVILLE TAHUNA ROAD,,Non-Injury Crash,No,2009,0,South,1,0,0,Flat,0,,0,,0,Overcast,1092200,0,0,0,2,0,0,0,0,0,,0,0,Waikato Region,Nil,2-way,Sealed,0,0,0,0,100,0,Null,0,0,,15,Matamata-Piako District,Unknown,0,0,0,0,0,0,Open,0,0,0,Light rain,Null
1853474,5689499,13711,,541346,0,,0,3,,Null,2009/2010,SH 1N,WAITETOKO MARAE,,Non-Injury Crash,Yes,2009,,East,,0,,Flat,,,,,,Bright sun,1281504,0,0,0,2,,,0,,,,,,Waikato Region,Nil,2-way,Sealed,,0,0,,70,,Null,1,0,,21,Taupo District,Unknown,,,,,1,0,Urban,0,,,Fine,Null
1799621,5816325,13712,,529700,0,,0,2,,Null,2008/2009,RICHMOND ST,WILLOUGHBY ST,,Non-Injury Crash,No,2009,,South,,0,,Flat,,,,,,Twilight,908501,0,0,0,2,,,0,,,,,,Waikato Region,Nil,2-way,Sealed,,0,0,,50,,On,0,0,,16,Hamilton City,Unknown,,,,,0,0,Urban,0,,,Fine,Null
1748646,5426574,13713,,573300,0,,0,0,,South,2008/2009,TARANAKI ST,WEBB ST,,Non-Injury Crash,No,2009,,South,,0,,Flat,,,,,,Bright sun,2145300,0,0,0,4,,,0,,,,,,Wellington Region,Nil,2-way,Sealed,,0,0,,50,,Null,1,0,,47,Wellington City,Traffic Signals,,,,,0,0,Urban,1,,,Fine,Null
1758071,5917541,13714,,515700,0,,0,1,,Null,2008/2009,GILLIES AVENUE,ALPERS AVENUE,,Non-Injury Crash,No,2009,,West,,0,,Flat,,,,,,Dark,443700,0,0,0,4,,,0,,,,,,Auckland Region,Nil,2-way,Sealed,,0,0,,50,,On,1,0,,76,Auckland,Traffic Signals,,,,,0,0,Urban,0,,,Null,Null
1931613,5608421,13715,,545710,0,,0,0,,Null,2009/2010,PAKOWHAI ROAD,ELWOOD ROAD,,Minor Crash,No,2009,,North,,0,,Flat,,,,,,Bright sun,1471100,1,0,1,2,,,0,,,,,,Hawke's Bay Region,Nil,2-way,Sealed,,0,0,,70,,Null,1,0,,30,Hastings District,Give way,,,,,0,0,Urban,0,,,Fine,Null
1572700,5179005,13716,,593502,0,,0,2,,East,2008/2009,FERRY ROAD,BORDESLEY ST,,Non-Injury Crash,No,2009,,East,,0,,Flat,,,,,,Bright sun,2605200,0,0,0,2,,,0,,,,,,Canterbury Region,Nil,2-way,Sealed,,0,0,,50,,Null,0,0,,60,Christchurch City,Unknown,,,,,0,0,Urban,0,,,Fine,Null
1882057,5827732,13717,,536821,0,,0,0,,North,2008/2009,HULL ROAD,NEWTON ST,,Non-Injury Crash,No,2009,,North,,0,,Flat,,,,,,Overcast,1203300,0,0,0,2,,,0,,,,,,Bay of Plenty Region,Rail xing,2-way,Sealed,,0,0,,50,,Null,1,0,,23,Tauranga City,Unknown,,,,,1,0,Urban,0,,,Fine,Null
1754030,5931358,13718,,508803,0,0,0,2,0,Null,2008/2009,SH 18,UPPER HWY OFF NBD,,Non-Injury Crash,Yes,2009,0,West,0,0,0,Flat,0,,0,,0,Overcast,180818,0,0,0,2,0,0,0,0,1,,0,0,Auckland Region,Nil,2-way,Sealed,0,0,0,0,80,0,Off,0,0,,76,Auckland,Traffic Signals,0,0,0,0,0,0,Open,0,0,0,Light rain,Null
1719259,6048013,13719,,502700,0,0,0,1,0,North,2008/2009,KAMO ROAD,KEYTE ST,,Non-Injury Crash,No,2009,0,North,0,0,0,Flat,0,,0,,0,Bright sun,90600,0,0,0,2,0,0,0,0,1,,0,0,Northland Region,Nil,2-way,Sealed,0,0,0,0,50,0,Off,1,0,,2,Whangarei District,Nil,0,0,0,0,0,0,Urban,0,0,0,Fine,Null
1797188,5817404,13720,,528406,0,,0,2,,Null,2008/2009,SH 1N,ROTOKAURI ROAD,,Non-Injury Crash,Yes,2009,,South,,0,,Flat,,,,,,Dark,907601,0,0,0,2,,,0,,,,,,Waikato Region,Nil,2-way,Sealed,,0,0,,50,,On,0,0,,16,Hamilton City,Give way,,,,,0,0,Urban,0,,,Fine,Null
1780538,5887205,13721,,521132,0,0,0,1,0,West,2009/2010,ARARIMU ROAD,TURNER ROAD,,Non-Injury Crash,No,2009,0,East,0,0,0,Flat,0,,0,,0,Overcast,814306,0,0,0,2,0,0,0,0,0,,0,0,Auckland Region,Nil,2-way,Sealed,0,0,0,0,100,0,Off,0,0,,76,Auckland,Nil,0,0,0,1,0,0,Open,0,0,0,Light rain,Null
1822649,5462122,13722,,578902,0,0,0,2,0,South,2009/2010,PATEA PLACE,TARANAKI ST,,Non-Injury Crash,No,2009,0,East,0,0,0,Flat,0,,0,,0,Overcast,2233700,0,0,0,2,0,0,0,0,1,,0,0,Wellington Region,Nil,2-way,Sealed,0,0,0,0,50,0,Null,0,0,,48,Masterton District,Nil,0,0,0,0,0,0,Urban,0,0,0,Fine,Null
1761653,5424585,13723,,565400,0,0,0,1,1,South,2008/2009,COAST ROAD,HINE ROAD,,Non-Injury Crash,No,2009,0,South,1,0,0,Flat,0,,0,,0,Dark,2026102,0,0,0,2,0,0,0,0,0,,0,0,Wellington Region,Nil,2-way,Sealed,0,0,0,0,100,0,None,0,0,,46,Lower Hutt City,Nil,0,0,0,0,0,0,Open,0,0,0,Fine,Null
1742218,5918543,13724,,513214,0,0,0,1,0,South,2009/2010,SIMPSON ROAD,POOKS ROAD,,Non-Injury Crash,No,2009,0,South,0,0,1,Flat,0,,0,,0,Dark,236201,0,0,0,2,0,0,0,0,0,,0,0,Auckland Region,Nil,2-way,Sealed,0,0,0,0,50,0,On,0,0,,76,Auckland,Unknown,0,0,0,0,0,0,Urban,0,0,0,Light rain,Null
1884401,5824376,13725,,536831,0,,0,1,,Null,2008/2009,SH 29,TRUMAN ROAD,,Non-Injury Crash,Yes,2009,,East,,0,,Flat,,,,,,Dark,1205409,0,0,0,2,,,0,,,,,,Bay of Plenty Region,Nil,2-way,Sealed,,0,0,,70,,On,0,0,,23,Tauranga City,Give way,,,,,0,0,Urban,1,,,Fine,Null
1879139,5820162,13726,,538000,0,0,0,1,1,Null,2009/2010,HAIRINI ON NBD,SH 2A,,Non-Injury Crash,Yes,2009,0,North,0,0,0,Hill Road,0,,0,,1,Dark,1178700,0,0,0,2,0,0,0,0,0,,0,1,Bay of Plenty Region,Nil,1-way,Sealed,0,0,0,0,70,0,On,0,0,,23,Tauranga City,Nil,0,0,0,0,0,0,Urban,0,0,0,Fine,Null
1759263,5919967,13727,,515902,0,0,0,0,0,Null,2008/2009,GLADSTONE ROAD,AVON ST,,Non-Injury Crash,No,2009,0,North,0,0,0,Flat,0,,0,,0,Bright sun,454100,0,0,0,2,0,0,0,0,0,,0,1,Auckland Region,Nil,2-way,Sealed,0,0,0,0,50,0,Off,0,0,,76,Auckland,Give way,0,0,0,0,1,0,Urban,0,0,0,Fine,Null
1744173,5920077,13728,,513632,0,0,0,1,0,Null,2009/2010,SUNLINE AVENUE,SHALE AVENUE,,Non-Injury Crash,No,2009,0,South,0,0,1,Hill Road,0,,0,,0,Overcast,228900,0,0,0,2,0,0,0,0,0,,0,0,Auckland Region,Nil,2-way,Sealed,0,0,0,0,50,0,Off,0,0,,76,Auckland,Nil,0,0,0,0,0,0,Urban,0,0,0,Light rain,Null
1754631,5915607,13729,,517702,0,0,0,2,0,West,2009/2010,HAVERSTOCK ROAD,SANDRINGHAM ROAD,,Non-Injury Crash,No,2009,0,East,0,0,0,Flat,0,,0,,0,Dark,541600,0,0,0,2,0,0,0,0,1,,0,0,Auckland Region,Nil,2-way,Sealed,0,0,0,0,50,0,On,0,0,,76,Auckland,Nil,0,0,0,0,0,0,Urban,1,0,0,Fine,Null
1753075,5440782,13730,,572600,0,0,0,2,0,South,2008/2009,Z FCT CALTEX,MAIN/ESSEX,,Non-Injury Crash,No,2009,0,South,0,0,0,Flat,0,,1,,0,Bright sun,1990600,0,0,0,0,0,0,0,0,1,,0,0,Wellington Region,Nil,Off road,Sealed,0,0,0,0,50,0,Null,0,0,,47,Wellington City,Nil,0,0,0,0,0,0,Urban,0,0,0,Fine,Null
1764724,5814922,13731,,526500,0,0,0,1,0,Null,2009/2010,JAMES ST,WALLIS ST,,Non-Injury Crash,No,2009,0,North,0,0,0,Hill Road,0,Christmas New Year,0,,0,Twilight,854400,0,0,0,2,0,0,0,0,0,,0,0,Waikato Region,Nil,2-way,Sealed,0,0,0,0,50,0,Off,0,0,,13,Waikato District,Give way,0,1,0,0,0,0,Urban,0,0,0,Fine,Null
1892221,5813168,13732,,538501,0,0,0,1,0,Null,2008/2009,JELLICOE ST,CAMERON ROAD,,Non-Injury Crash,No,2009,0,East,0,0,0,Flat,0,,0,,0,Overcast,1214601,0,0,0,2,0,1,0,1,0,,0,0,Bay of Plenty Region,Bridge,2-way,Sealed,0,0,0,0,50,0,Null,0,0,,22,Western Bay of Plenty District,Stop,0,0,0,0,0,0,Urban,0,0,0,Light rain,Null
1751948,5925805,13733,,510220,0,,0,1,,Null,2009/2010,STOTT AVENUE,BIRKDALE ROAD,,Non-Injury Crash,No,2009,,South,,0,,Flat,,,,,,Overcast,350300,0,0,0,2,,,0,,,,,,Auckland Region,Nil,2-way,Sealed,,0,0,,50,,Off,0,0,,76,Auckland,Nil,,,,,0,0,Urban,1,,,Null,Null
1755473,5922111,13734,,515202,0,,0,3,,North,2008/2009,SH 1N,SHELLY BEACH OBR,,Non-Injury Crash,Yes,2009,,South,,0,,Hill Road,,Easter,,,,Overcast,423600,0,0,0,3,,,0,,,,,,,Nil,1-way,Sealed,,0,0,,80,,Null,0,0,,76,Auckland,Unknown,,,,,0,0,Open,0,,,Fine,Null
1310343,4988382,13735,,608302,0,,0,1,,West,2008/2009,HAWKSBURN ROAD,EARNSCLEUGH ROAD,,Non-Injury Crash,No,2009,,East,,0,,Hill Road,,,,,,Twilight,3022201,0,0,0,1,,,0,,,,,,Otago Region,Nil,2-way,Unsealed,,0,0,,100,,None,0,0,,69,Central Otago District,Unknown,,,,,0,0,Open,0,,,Fine,Null
1774306,5896555,13736,,525610,0,0,0,0,0,Null,2008/2009,ROLLERSON ST,SHEEHAN AVENUE,,Non-Injury Crash,No,2009,0,East,0,0,1,Flat,0,,0,,0,Bright sun,798500,0,0,0,2,0,0,0,0,0,,0,1,Auckland Region,Nil,2-way,Sealed,0,0,0,0,50,0,Off,0,0,,76,Auckland,Nil,0,0,0,0,1,0,Urban,0,0,0,Fine,Null