X,Y,OBJECTID,advisorySpeed,areaUnitID,bicycle,bridge,bus,carStationWagon,cliffBank,crashDirectionDescription,crashFinancialYear,crashLocation1,crashLocation2,crashRoadSideRoad,crashSeverity,crashSHDescription,crashYear,debris,directionRoleDescription,ditch,fatalCount,fence,flatHill,guardRail,holiday,houseOrBuilding,intersection,kerb,light,meshblockId,minorInjuryCount,moped,motorcycle,NumberOfLanes,objectThrownOrDropped,otherObject,otherVehicleType,overBank,parkedVehicle,pedestrian,phoneBoxEtc,postOrPole,region,roadCharacter,roadLane,roadSurface,roadworks,schoolBus,seriousInjuryCount,slipOrFlood,speedLimit,strayAnimal,streetLight,suv,taxi,temporarySpeedLimit,tlaId,tlaName,trafficControl,trafficIsland,trafficSign,train,tree,truck,unknownVehicleType,urban,vanOrUtility,vehicle,waterRiver,weatherA,weatherB
1752896,5936246,13737,,508703,0,0,0,1,0,West,2008/2009,LONELY TRACK ROAD,EAST COAST ROAD,,Non-Injury Crash,No,2009,0,West,0,0,0,Flat,0,,0,,0,Dark,179201,0,0,0,2,0,0,0,1,0,,0,1,Auckland Region,Nil,2-way,Sealed,0,0,0,0,50,0,On,0,0,,76,Auckland,Unknown,0,0,0,0,0,0,Urban,0,0,0,Fine,Null
1763712,5428845,13738,,565300,0,0,0,1,0,East,2009/2010,HOMEDALE ROAD,MAIN ROAD,,Non-Injury Crash,No,2009,0,North,0,0,0,Flat,0,,0,,0,Overcast,2024400,0,0,0,2,0,0,0,0,1,,0,0,Wellington Region,Nil,2-way,Sealed,0,0,0,0,50,0,Null,0,0,,46,Lower Hutt City,Nil,0,0,0,0,0,0,Urban,1,0,0,Fine,Null
1883922,5774047,13739,,540410,0,,0,1,,Null,2008/2009,TAREWA ROAD,SH 30A,,Non-Injury Crash,Yes,2009,,South,,0,,Flat,,,,,,Bright sun,1231900,0,0,0,2,,,0,,,,,,Bay of Plenty Region,Nil,2-way,Sealed,,0,0,,50,,Off,1,0,,24,Rotorua District,Stop,,,,,0,0,Urban,0,,,Fine,Null
1805207,5826610,13740,,527122,0,,0,1,,West,2008/2009,SH 1B,PUKETAHA ROAD N,,Non-Injury Crash,Yes,2009,,West,,0,,Flat,,,,,,Dark,953800,0,0,0,2,,,1,,,,,,Waikato Region,Nil,2-way,Sealed,,0,0,,100,,None,0,0,,13,Waikato District,Nil,,,,,0,0,Open,0,,,Fine,Frost
1760354,5912321,13741,,520000,0,,0,1,,Null,2008/2009,CAPTAIN SPRINGS ROAD,CHURCH ST,,Non-Injury Crash,No,2009,,South,,0,,Flat,,,,,,Bright sun,606600,0,0,0,4,,,0,,,,,,Auckland Region,Nil,2-way,Sealed,,0,0,,50,,Null,0,0,,76,Auckland,Traffic Signals,,,,,0,0,Urban,1,,,Fine,Null
1763718,5909667,13742,,521901,0,0,0,2,0,South,2009/2010,NIKAU ROAD,STATION ROAD,,Non-Injury Crash,No,2009,0,South,0,0,0,Flat,0,,0,,0,Dark,782900,0,0,0,2,0,0,0,0,1,,0,0,Auckland Region,Nil,2-way,Sealed,0,0,0,0,50,0,On,0,0,,76,Auckland,Nil,0,0,0,0,0,0,Urban,0,0,0,Fine,Null
1755489,5922139,13743,,515202,0,,0,5,,North,2008/2009,SH 1N,SHELLY OFF SBD,,Non-Injury Crash,Yes,2009,,South,,0,,Hill Road,,,,,,Bright sun,423600,0,0,0,4,,,0,,,,,,,Bridge,1-way,Sealed,,0,0,,80,,Null,0,0,,76,Auckland,Unknown,,,,,0,0,Open,0,,,Fine,Null
1756271,5927472,13744,,507900,0,,0,4,,South,2008/2009,SH 1N,NORTHCOTE OFF SBD,,Non-Injury Crash,Yes,2009,,South,,0,,Flat,,,,,,Overcast,305202,0,0,0,6,,,0,,,,,,Auckland Region,Nil,2-way,Sealed,,0,0,,100,,Null,0,0,,76,Auckland,Unknown,,,,,0,0,Open,0,,,Heavy rain,Null
1679840,5403644,13745,,581230,0,0,0,2,0,North,2009/2010,SCOTT ST,KINROSS ST,,Non-Injury Crash,No,2009,0,South,0,0,0,Flat,0,,0,,0,Bright sun,2299800,0,0,0,2,0,0,0,0,1,,0,0,Marlborough Region,Nil,2-way,Sealed,0,0,0,0,50,0,Null,0,0,,53,Marlborough District,Nil,0,0,0,0,0,0,Urban,0,0,0,Fine,Null
1753203,5912450,13746,,518901,0,0,0,2,0,North,2008/2009,GRIFFEN PARK ROAD,HILLSBOROUGH ROAD,,Non-Injury Crash,No,2009,0,North,0,0,0,Flat,0,Easter,0,,0,Dark,585800,0,0,0,2,0,0,0,0,1,,0,0,Auckland Region,Nil,2-way,Sealed,0,0,0,0,50,0,On,0,0,,76,Auckland,Unknown,0,0,0,0,0,0,Urban,0,0,0,Fine,Null
1802470,5816456,13747,,530000,0,0,0,3,0,Null,2009/2010,PEACHGROVE ROAD,EAST ST,,Non-Injury Crash,No,2009,0,North,0,0,0,Flat,0,,0,,0,Overcast,866200,0,0,0,2,0,0,0,0,0,,0,0,Waikato Region,Nil,2-way,Sealed,0,0,0,0,50,0,Off,0,0,,16,Hamilton City,Give way,0,0,0,0,0,0,Urban,0,1,0,Fine,Null
1899301,5815215,13748,,536653,0,0,0,1,0,East,2008/2009,KAITUNA ROAD,TE TUMU ROAD,,Non-Injury Crash,No,2009,0,West,1,0,0,Flat,0,,0,,0,Dark,1209400,0,0,0,2,0,0,0,0,0,,0,0,Bay of Plenty Region,Nil,2-way,Sealed,0,0,0,0,100,0,None,0,0,,22,Western Bay of Plenty District,Unknown,0,0,0,0,0,0,Open,1,0,0,Light rain,Null
1322461,4933046,13749,,607501,0,0,0,1,0,South,2009/2010,SH 8,MILLERS FLAT BRIDGE ROAD,,Minor Crash,Yes,2009,0,South,0,0,1,Flat,0,,0,,0,Bright sun,3011500,1,0,0,2,0,0,0,0,0,,0,0,Otago Region,Nil,2-way,Sealed,0,0,0,0,100,0,Null,0,0,,69,Central Otago District,Unknown,0,0,0,0,0,0,Open,0,0,0,Fine,Null
1800621,5822160,13750,,527009,1,,0,0,,Null,2008/2009,CHRISTOBEL CIRCLE,SHAUN LANE,,Non-Injury Crash,No,2009,,North,,0,,Flat,,,,,,Bright sun,952207,0,0,0,2,,,0,,,,,,Waikato Region,Nil,2-way,Sealed,,0,0,,50,,Null,0,0,,16,Hamilton City,Nil,,,,,0,0,Urban,1,,,Fine,Null
1892785,5812630,13751,,538502,0,,0,1,,Null,2009/2010,JOCELYN ST,BOUCHER AVENUE,,Non-Injury Crash,No,2009,,North,,0,,Hill Road,,,,,,Bright sun,1215400,0,0,0,2,,,0,,,,,,Bay of Plenty Region,Nil,2-way,Sealed,,0,0,,50,,Null,1,0,,22,Western Bay of Plenty District,Give way,,,,,0,0,Urban,0,,,Fine,Null
1759442,5907250,13752,,524122,0,,0,1,,South,2009/2010,VISCOUNT ST,SOLENT ST,,Non-Injury Crash,No,2009,,North,,0,,Flat,,Labour Weekend,,,,Bright sun,739901,0,0,0,2,,,0,,,,,,Auckland Region,Nil,2-way,Sealed,,0,0,,50,,Off,2,0,,76,Auckland,Nil,,,,,0,0,Urban,0,,,Fine,Null
1756195,5913565,13753,,518701,0,0,0,2,0,North,2009/2010,DORNWELL ROAD,FRED WOODWARD PLACE,,Non-Injury Crash,No,2009,0,West,0,0,0,Hill Road,0,,0,,0,Dark,569502,0,0,0,2,0,0,0,0,1,,0,0,Auckland Region,Nil,2-way,Sealed,0,0,0,0,50,0,On,1,0,,76,Auckland,Nil,0,0,0,0,0,0,Urban,0,0,0,Fine,Null
1743711,5920059,13754,,513632,0,0,0,0,0,South,2009/2010,DON BUCK ROAD,HELENA ST,,Non-Injury Crash,No,2009,0,North,0,0,0,Hill Road,0,,0,,1,Dark,229200,0,0,0,2,0,0,0,0,0,,0,0,Auckland Region,Nil,2-way,Sealed,0,0,0,0,50,0,On,0,0,,76,Auckland,Nil,0,0,0,0,0,0,Urban,1,0,0,Light rain,Null
1760832,5907198,13755,,524112,0,0,0,1,0,North,2008/2009,SH 20,BADER OBR,,Non-Injury Crash,Yes,2009,0,South,0,0,0,Flat,0,,0,,0,Overcast,737500,0,0,0,2,0,0,0,0,0,,0,0,Auckland Region,Nil,1-way,Sealed,0,0,0,0,100,0,Off,0,0,,76,Auckland,Nil,0,0,0,1,0,0,Open,0,0,0,Fine,Null
1767148,5905540,13756,,524603,0,,0,2,,East,2009/2010,REAGAN ROAD,GREAT SOUTH ROAD,,Non-Injury Crash,No,2009,,East,,0,,Flat,,,,,,Bright sun,671000,0,0,0,2,,,0,,,,,,Auckland Region,Nil,2-way,Sealed,,0,0,,50,,Null,0,0,,76,Auckland,Unknown,,,,,0,0,Urban,0,,,Fine,Null
1882011,5826464,13757,,536821,0,,0,0,,Null,2008/2009,SH 2,MARU ST,,Non-Injury Crash,Yes,2009,,West,,0,,Flat,,,,,,Overcast,1204300,0,0,0,5,,,0,,,,,,Bay of Plenty Region,Nil,2-way,Sealed,,0,0,,70,,Null,1,0,,23,Tauranga City,Traffic Signals,,,,,1,0,Urban,0,,,Fine,Null
1933298,5612124,13758,55,545832,0,0,0,1,0,South,2008/2009,BROOKFIELDS ROAD,SISSONS ROAD,,Non-Injury Crash,No,2009,0,South,0,0,1,Flat,0,,0,,0,Overcast,1404000,0,0,0,2,0,0,0,0,0,,0,0,Hawke's Bay Region,Nil,2-way,Sealed,0,0,0,0,100,0,Null,0,0,,30,Hastings District,Nil,0,0,0,0,0,0,Open,0,0,0,Light rain,Null
1764018,5438419,13759,,568202,1,,0,1,,North,2008/2009,EASTERN HUTT ROAD,CAMBRIDGE TERRACE,,Non-Injury Crash,No,2009,,North,,0,,Flat,,,,,,Bright sun,1925900,0,0,0,2,,,0,,,,,,Wellington Region,Nil,2-way,Sealed,,0,0,,50,,Null,0,0,,46,Lower Hutt City,Nil,,,,,0,0,Urban,0,,,Fine,Null
1765438,5441673,13760,,569500,0,,0,2,,Null,2008/2009,SH 2,SH 58,,Non-Injury Crash,Yes,2009,,North,,0,,Flat,,Christmas New Year,,,,Overcast,1917200,0,0,0,2,,,0,,,,,,Wellington Region,Nil,2-way,Sealed,,0,0,,100,,Null,0,0,,46,Lower Hutt City,Traffic Signals,,,,,0,0,Open,0,,,Light rain,Null
1758291,5927641,13761,,508010,0,0,0,2,0,East,2009/2010,THE PROMENADE,HURSTMERE ROAD,,Non-Injury Crash,No,2009,0,West,0,0,0,Hill Road,0,,0,,0,Bright sun,326100,0,0,0,1,0,0,0,0,1,,0,0,Auckland Region,Nil,2-way,Sealed,0,0,0,0,50,0,Off,0,0,,76,Auckland,Nil,0,0,0,0,0,0,Urban,0,0,0,Fine,Null
1752049,5912970,13762,,514600,0,0,0,2,0,West,2009/2010,TERRY ST,WHITNEY ST W,,Non-Injury Crash,No,2009,0,South,0,0,0,Hill Road,0,,0,,0,Overcast,373100,0,0,0,2,0,0,0,0,1,,0,0,Auckland Region,Nil,2-way,Sealed,0,0,0,0,50,0,Off,0,0,,76,Auckland,Nil,0,0,0,0,0,0,Urban,0,0,0,Fine,Null
1759796,5908944,13763,,524403,0,,0,5,,North,2008/2009,SH 20,WALMSLEY OBR,,Non-Injury Crash,Yes,2009,,South,,0,,Flat,,,,,,Bright sun,729600,0,0,0,2,,,0,,,,,,Auckland Region,Nil,2-way,Sealed,,0,0,,100,,Null,0,0,,76,Auckland,Unknown,,,,,0,0,Open,0,,,Fine,Null
1720218,6050186,13764,,502201,0,,0,2,,Null,2009/2010,KIRIPAKA ROAD,CORKS ROAD,,Non-Injury Crash,No,2009,,South,,0,,Flat,,,,,,Bright sun,86400,0,0,0,2,,,0,,,,,,Northland Region,Nil,2-way,Sealed,,0,0,,50,,Off,0,0,,2,Whangarei District,Give way,,,,,0,0,Urban,0,,,Fine,Null
1751539,5912332,13765,,514700,0,,0,2,,West,2008/2009,KINROSS ST,BLOCKHOUSE BAY ROAD,,Non-Injury Crash,No,2009,,West,,0,,Flat,,,,,,Overcast,368300,0,0,0,2,,,0,,,,,,Auckland Region,Nil,2-way,Sealed,,0,0,,50,,Off,0,0,,76,Auckland,Give way,,,,,0,0,Urban,0,,,Light rain,Null
1769879,5899296,13766,,523920,0,,0,0,,Null,2008/2009,SH 1N,TAKANINI ON NBD,,Non-Injury Crash,Yes,2009,,North,,0,,Hill Road,,,,,,Bright sun,767922,0,0,0,2,,,0,,,,,,Auckland Region,Motorway ramp,1-way,Sealed,,0,0,,100,,Null,0,0,,76,Auckland,Nil,,,,,0,0,Open,2,,,Fine,Null
1706556,5681270,13767,,551111,0,,0,1,,West,2008/2009,SH 3,NELSON ST,,Non-Injury Crash,Yes,2009,,West,,0,,Hill Road,,,,,,Dark,1565600,0,0,0,2,,,0,,,,,,Taranaki Region,Nil,2-way,Sealed,,0,0,,100,,On,0,0,,33,New Plymouth District,Nil,,,,,0,0,Open,0,,,Fine,Null
1751901,5930851,13768,,508807,0,,0,2,,South,2008/2009,ALBANY HIGHWAY,BUSH ROAD,,Non-Injury Crash,No,2009,,North,,0,,Flat,,,,,,Overcast,180809,0,0,0,6,,,0,,,,,,Auckland Region,Nil,2-way,Sealed,,0,0,,50,,Null,0,0,,76,Auckland,Traffic Signals,,,,,0,0,Urban,0,,,Light rain,Null
1849781,5764406,13769,,535360,0,0,0,1,0,North,2009/2010,ARAWA CRESCENT,PUKEKO PLACE,,Non-Injury Crash,No,2009,0,North,0,0,1,Flat,0,,0,,0,Dark,1145600,0,0,0,2,0,1,0,0,0,,0,1,Waikato Region,Nil,2-way,Sealed,0,0,0,0,50,0,On,0,0,,19,South Waikato District,Unknown,0,0,0,0,0,0,Urban,0,0,0,Fine,Null
1678635,6022381,13770,,504600,0,,0,2,,North,2008/2009,VICTORIA ST,TOTARA ST,,Non-Injury Crash,No,2009,,South,,0,,Flat,,,,,,Twilight,116400,0,0,0,2,,,0,,,,,,Northland Region,Nil,2-way,Sealed,,0,0,,50,,On,0,0,,3,Kaipara District,Nil,,,,,0,0,Urban,0,,,Heavy rain,Null
1755076,5444248,13771,,571000,0,,0,1,,Null,2008/2009,MUNGAVIN AVENUE,AWATEA ST,,Non-Injury Crash,No,2009,,West,,0,,Flat,,,,,,Bright sun,2051100,0,0,0,2,,,0,,,,,,Wellington Region,Nil,2-way,Sealed,,0,0,,50,,Null,1,0,,44,Porirua City,Give way,,,,,0,0,Urban,0,,,Fine,Null
1757816,5918526,13772,,517400,0,,0,1,,Null,2009/2010,KHYBER PASS ROAD,PARK ROAD,,Non-Injury Crash,No,2009,,East,,0,,Flat,,,,,,Overcast,450000,0,0,0,4,,,0,,,,,,Auckland Region,Nil,2-way,Sealed,,0,0,,50,,Null,1,0,,76,Auckland,Traffic Signals,,,,,0,0,Urban,0,,,Fine,Null
1746229,5920224,13773,,513301,0,,0,0,,East,2009/2010,SH 16,LINCOLN OFF WBD,,Non-Injury Crash,Yes,2009,,West,,0,,Flat,,,,,,Bright sun,230301,0,0,0,2,,,0,,,,,,,Nil,1-way,Sealed,,0,0,,100,,Off,0,0,,76,Auckland,Nil,,,,,0,0,Open,1,,,Fine,Null
1753034,5912487,13774,,518902,0,,0,1,,Null,2009/2010,WHITE SWAN ROAD,HILLSBOROUGH ROAD,,Non-Injury Crash,No,2009,,West,,0,,Hill Road,,,,,,Overcast,586700,0,0,0,3,,,0,,,,,,Auckland Region,Nil,2-way,Sealed,,0,0,,50,,Off,1,0,,76,Auckland,Stop,,,,,0,0,Urban,0,,,Fine,Null
1770530,5912687,13775,,523105,0,0,0,1,0,South,2009/2010,BOTANY ROAD,CASCADES ROAD,,Non-Injury Crash,No,2009,0,South,0,0,1,Flat,0,,0,,0,Overcast,711139,0,0,0,2,0,0,0,0,0,,0,0,Auckland Region,Nil,2-way,Sealed,0,0,0,0,50,0,Off,0,0,,76,Auckland,Nil,0,0,0,0,0,0,Urban,0,0,0,Fine,Null
1766900,5907540,13776,,523601,0,,0,1,,Null,2008/2009,BAIRDS ROAD,COBHAM CRESCENT,,Non-Injury Crash,No,2009,,North,,0,,Flat,,,,,,Bright sun,708600,0,0,0,2,,,0,,,,,,Auckland Region,Nil,2-way,Sealed,,0,0,,50,,Off,1,0,,76,Auckland,Give way,,,,,0,0,Urban,0,,,Fine,Null
1756926,5916286,13777,,518202,0,0,0,2,0,North,2008/2009,MOUNT EDEN ROAD,WOODSIDE ROAD,,Non-Injury Crash,No,2009,0,North,0,0,0,Flat,0,,0,,0,Twilight,551300,0,0,0,2,0,0,0,0,0,,0,0,Auckland Region,Nil,2-way,Sealed,0,0,0,0,50,0,On,0,0,,76,Auckland,Nil,0,0,0,0,0,0,Urban,0,1,0,Light rain,Null
1805593,5781663,13778,,531304,0,0,0,1,1,North,2008/2009,SH 3,KAWA ROAD,,Non-Injury Crash,Yes,2009,0,North,0,0,0,Hill Road,0,,0,,0,Bright sun,998800,0,0,0,3,0,0,0,0,0,,0,0,Waikato Region,Nil,2-way,Sealed,0,0,0,0,100,0,Null,0,0,,18,Ōtorohanga District,Unknown,0,0,0,0,0,0,Open,0,0,0,Fine,Null
1567655,5179544,13779,,590800,0,0,0,1,0,Null,2008/2009,DIVISION ST,LYNDON ST,,Non-Injury Crash,No,2009,0,West,0,0,1,Flat,0,,0,,0,Bright sun,2474200,0,0,0,1,0,0,0,0,0,,0,0,Canterbury Region,Nil,2-way,Sealed,0,0,0,0,50,0,Null,0,0,,60,Christchurch City,Nil,0,0,0,0,0,0,Urban,0,0,0,Fine,Null
1807823,5517684,13780,,563802,0,0,0,1,0,North,2008/2009,SH 56,CAMPBELLS ROAD,,Non-Injury Crash,Yes,2009,0,North,0,0,1,Flat,0,,0,,0,Dark,1852500,0,0,0,2,0,0,0,0,0,,0,0,Manawatū-Whanganui Region,Nil,2-way,Sealed,0,0,0,0,100,0,None,0,0,,42,Horowhenua District,Nil,0,0,0,1,0,0,Open,0,0,0,Fine,Null
1748468,5427083,13781,,573101,0,0,0,1,0,North,2008/2009,SLIP,VIVIAN ST,,Non-Injury Crash,No,2009,0,South,0,0,0,Flat,0,,0,,0,Dark,2131700,0,0,0,1,0,0,0,0,1,,0,0,Wellington Region,Nil,1-way,Sealed,0,0,0,0,50,0,None,1,0,,47,Wellington City,Nil,0,0,0,0,0,0,Urban,0,0,0,Fine,Null
1718899,6046070,13782,,503000,0,,0,2,,Null,2009/2010,SH 1N,SELWYN AVENUE,,Non-Injury Crash,Yes,2009,,South,,0,,Flat,,,,,,Overcast,98100,0,0,0,6,,,0,,,,,,Northland Region,Nil,2-way,Sealed,,0,0,,50,,Off,0,0,,2,Whangarei District,Traffic Signals,,,,,0,0,Urban,0,,,Fine,Null
1757215,5919382,13783,,514301,0,,1,1,,Null,2008/2009,SYMONDS ST,GRAFTON BRIDGE,,Non-Injury Crash,No,2009,,South,,0,,Flat,,,,,,Bright sun,440904,0,0,0,4,,,0,,,,,,Auckland Region,Nil,2-way,Sealed,,0,0,,50,,Null,0,0,,76,Auckland,Unknown,,,,,0,0,Urban,0,,,Fine,Null
1759194,5916773,13784,,516001,0,,0,2,,North,2009/2010,SH 1N,MARKET OBR,,Non-Injury Crash,Yes,2009,,South,,0,,Flat,,,,,,Dark,491200,0,0,0,3,,,0,,,,,,Auckland Region,Nil,1-way,Sealed,,0,0,,100,,On,1,0,,76,Auckland,Unknown,,,,,0,0,Open,0,,,Fine,Null
1571128,5183857,13785,,592701,0,,0,1,,Null,2009/2010,INNES ROAD,MAHARS ROAD,,Minor Crash,No,2009,,South,,0,,Flat,,,,,,Bright sun,2593200,1,0,0,2,,,0,,,,,,Canterbury Region,Nil,2-way,Sealed,,0,0,,50,,Null,0,0,,60,Christchurch City,Stop,,,,,1,0,Urban,0,,,Fine,Null
1758264,5920203,13786,,514103,0,,0,1,,Null,2009/2010,SH 16,PARNELL RISE,,Non-Injury Crash,Yes,2009,,North,,0,,Flat,,,,,,Overcast,438203,0,0,0,4,,,0,,,,,,Auckland Region,Nil,1-way,Sealed,,0,0,,50,,Off,0,0,,76,Auckland,Traffic Signals,,,,,1,0,Urban,0,,,Fine,Null
1843575,5814539,13787,,535220,0,0,0,1,0,East,2009/2010,POHLEN ROAD,WAHAROA ROAD EAST,,Non-Injury Crash,No,2009,0,West,1,0,0,Flat,0,,0,,0,Bright sun,1112001,0,0,0,2,0,0,0,0,0,,0,0,Waikato Region,Nil,2-way,Sealed,0,0,0,0,100,0,Null,0,0,,15,Matamata-Piako District,Unknown,0,0,0,0,0,0,Open,0,0,0,Fine,Null
1756252,5918050,13788,,518101,0,0,0,1,0,Null,2009/2010,BRENTWOOD AVENUE,HOROPITO ST,,Non-Injury Crash,No,2009,0,North,0,0,0,Flat,0,,0,,0,Bright sun,544500,0,0,0,2,0,0,0,0,0,,0,1,Auckland Region,Nil,2-way,Sealed,0,0,0,0,50,0,None,0,0,,76,Auckland,Nil,0,0,0,0,0,0,Urban,0,0,0,Fine,Null
1929113,5782240,13789,,542540,0,0,0,1,0,West,2009/2010,SH 34,PARK ROAD,,Non-Injury Crash,Yes,2009,0,East,0,0,1,Flat,0,,0,,0,Twilight,1324602,0,0,0,2,0,0,0,0,0,,0,0,Bay of Plenty Region,Nil,2-way,Sealed,0,0,0,0,100,0,None,0,0,,25,Whakatane District,Unknown,0,0,0,0,0,0,Open,0,0,0,Heavy rain,Null
1879251,5819790,13790,,538000,0,,0,2,,Null,2009/2010,SH 29,HAIRINI ST,,Non-Injury Crash,Yes,2009,,South,,0,,Flat,,Christmas New Year,,,,Bright sun,1178900,0,0,0,3,,,0,,,,,,Bay of Plenty Region,Nil,2-way,Sealed,,0,0,,50,,Null,0,0,,23,Tauranga City,Traffic Signals,,,,,0,0,Urban,0,,,Fine,Null
1758239,5916488,13791,,519200,0,,0,3,,North,2008/2009,MANUKAU ROAD,HALIFAX AVENUE,,Non-Injury Crash,No,2009,,South,,0,,Flat,,,,,,Bright sun,614702,0,0,0,4,,,0,,,,,,Auckland Region,Nil,2-way,Sealed,,0,0,,50,,Off,0,0,,76,Auckland,Nil,,,,,0,0,Urban,0,,,Light rain,Null
1752190,5913550,13792,,514402,0,,0,2,,Null,2009/2010,MARGATE ROAD,MARGATE ST,,Non-Injury Crash,No,2009,,North,,0,,Flat,,,,,,Overcast,379100,0,0,0,2,,,0,,,,,,Auckland Region,Nil,2-way,Sealed,,0,0,,50,,Off,0,0,,76,Auckland,Stop,,,,,0,0,Urban,0,,,Light rain,Null
1806919,5651193,13793,55,532601,0,0,0,1,0,North,2009/2010,SH 4,MAKATOTE BR,,Minor Crash,Yes,2009,0,East,0,0,0,Hill Road,1,,0,,0,Overcast,1025400,1,0,0,2,0,0,0,0,0,,0,0,Manawatū-Whanganui Region,Nil,2-way,Sealed,0,0,0,0,100,0,Null,0,0,,36,Ruapehu District,Nil,0,0,0,0,0,0,Open,0,0,0,Heavy rain,Null
1956405,5787091,13794,,542514,0,0,0,1,0,North,2009/2010,WAINUI ROAD,BURMA ROAD,,Non-Injury Crash,No,2009,0,West,0,0,0,Flat,0,,0,,0,Overcast,1296500,0,0,0,2,0,0,0,1,0,,0,0,Bay of Plenty Region,Nil,2-way,Sealed,0,0,0,0,100,0,Null,0,0,,25,Whakatane District,Unknown,0,0,0,0,0,0,Open,0,0,1,Light rain,Null
1789622,5826427,13795,,528200,0,0,0,1,0,North,2008/2009,NGARUAWAHIA ROAD,SAULBREY ROAD,,Non-Injury Crash,No,2009,0,South,0,0,1,Flat,0,,0,,0,Dark,976101,0,0,0,2,0,0,0,0,0,,0,0,Waikato Region,Nil,2-way,Sealed,0,0,0,0,100,0,None,0,0,,13,Waikato District,Unknown,0,0,0,0,0,0,Open,0,0,0,Fine,Null
1672440,5403897,13796,,580410,0,0,0,4,0,Null,2008/2009,Z CPK AIRPORT,WOODBOURNE AIRBASE,,Non-Injury Crash,No,2009,0,South,0,0,0,Flat,0,Christmas New Year,0,,0,Bright sun,2290401,0,0,0,2,0,0,0,0,4,,0,0,Marlborough Region,Nil,Off road,Sealed,0,0,0,0,50,0,Null,0,0,,53,Marlborough District,Nil,0,0,0,0,0,0,Urban,1,0,0,Fine,Null
1750784,5927003,13797,,510010,0,,0,2,,Null,2009/2010,TRAMWAY ROAD,BEACH HAVEN ROAD,,Non-Injury Crash,No,2009,,West,,0,,Flat,,,,,,Bright sun,342700,0,0,0,2,,,0,,,,,,Auckland Region,Nil,2-way,Sealed,,0,0,,50,,Off,0,0,,76,Auckland,Nil,,,,,0,0,Urban,0,,,Fine,Null
1754332,5915680,13798,,517702,0,0,0,1,0,South,2009/2010,WATEA ROAD,HAVERSTOCK ROAD,,Non-Injury Crash,No,2009,0,South,0,0,0,Hill Road,0,,0,,0,Dark,541100,0,0,0,2,0,0,0,0,1,,0,0,Auckland Region,Nil,2-way,Sealed,0,0,0,0,50,0,On,1,0,,76,Auckland,Nil,0,0,0,0,0,0,Urban,0,0,0,Light rain,Null
1761552,5906375,13799,,524200,0,,0,1,,East,2008/2009,MASSEY ROAD,IMRIE AVENUE,,Non-Injury Crash,No,2009,,West,,0,,Flat,,,,,,Overcast,728802,0,0,0,2,,,0,,,,,,Auckland Region,Nil,2-way,Sealed,,0,0,,50,,Null,0,0,,76,Auckland,Nil,,,,,1,0,Urban,0,,,Fine,Null
1746502,5916392,13800,,510800,0,,0,2,,West,2008/2009,JAMES LAURIE ST,GREAT NORTH ROAD,,Non-Injury Crash,No,2009,,East,,0,,Flat,,,,,,Dark,244100,0,0,0,2,,,0,,,,,,Auckland Region,Nil,2-way,Sealed,,0,0,,50,,On,0,0,,76,Auckland,Nil,,,,,0,0,Urban,0,,,Fine,Null
1746315,5916919,13801,,510700,0,0,0,1,0,Null,2008/2009,NORCROSS AVENUE,BLACKLOCK AVENUE,,Non-Injury Crash,No,2009,0,South,0,0,0,Hill Road,0,Easter,0,,0,Dark,240700,0,0,0,2,0,0,0,0,0,,0,0,Auckland Region,Nil,2-way,Sealed,0,0,0,0,50,0,On,0,0,,76,Auckland,Give way,0,0,0,1,0,0,Urban,0,0,0,Fine,Null
1746312,5924564,13802,,513522,0,,0,1,,East,2009/2010,MARINA VIEW DRIVE,HOBIE COURT,,Non-Injury Crash,No,2009,,East,,0,,Flat,,,,,,Bright sun,224118,0,0,0,2,,,0,,,,,,Auckland Region,Nil,2-way,Sealed,,0,0,,50,,Off,1,0,,76,Auckland,Nil,,,,,0,0,Urban,0,,,Fine,Null
1769037,5468683,13803,,566000,0,,0,2,,Null,2008/2009,SH 1N,KAPITI ROAD,,Non-Injury Crash,Yes,2009,,South,,0,,Flat,,,,,,Overcast,2003709,0,0,0,2,,,0,,,,,,Wellington Region,Nil,2-way,Sealed,,0,0,,50,,Null,0,0,,43,Kapiti Coast District,Traffic Signals,,,,,0,0,Urban,0,,,Heavy rain,Null
1748725,5425628,13804,,576301,0,,0,2,,West,2008/2009,JOHN ST,TASMAN ST,,Non-Injury Crash,No,2009,,East,,0,,Hill Road,,,,,,Dark,2163300,0,0,0,2,,,0,,,,,,Wellington Region,Nil,2-way,Sealed,,0,0,,50,,On,0,0,,47,Wellington City,Nil,,,,,0,0,Urban,0,,,Light rain,Null
1745219,5915789,13805,,510800,0,0,0,1,0,North,2009/2010,BRUCE MCLAREN ROAD,CORBAN AVENUE,,Non-Injury Crash,No,2009,0,South,0,0,0,Flat,0,,0,,0,Bright sun,242501,0,0,0,2,0,0,0,0,1,,0,0,Auckland Region,Nil,2-way,Sealed,0,0,0,0,50,0,Off,0,0,,76,Auckland,Nil,0,0,0,0,0,0,Urban,1,0,0,Fine,Null
1755368,5916333,13806,,518301,0,,0,2,,Null,2008/2009,ELDON ROAD,BALMORAL ROAD,,Non-Injury Crash,No,2009,,East,,0,,Flat,,,,,,Dark,553500,0,0,0,2,,,0,,,,,,Auckland Region,Nil,2-way,Sealed,,0,0,,50,,On,0,0,,76,Auckland,Stop,,,,,0,0,Urban,0,,,Light rain,Null