X,Y,OBJECTID,advisorySpeed,areaUnitID,bicycle,bridge,bus,carStationWagon,cliffBank,crashDirectionDescription,crashFinancialYear,crashLocation1,crashLocation2,crashRoadSideRoad,crashSeverity,crashSHDescription,crashYear,debris,directionRoleDescription,ditch,fatalCount,fence,flatHill,guardRail,holiday,houseOrBuilding,intersection,kerb,light,meshblockId,minorInjuryCount,moped,motorcycle,NumberOfLanes,objectThrownOrDropped,otherObject,otherVehicleType,overBank,parkedVehicle,pedestrian,phoneBoxEtc,postOrPole,region,roadCharacter,roadLane,roadSurface,roadworks,schoolBus,seriousInjuryCount,slipOrFlood,speedLimit,strayAnimal,streetLight,suv,taxi,temporarySpeedLimit,tlaId,tlaName,trafficControl,trafficIsland,trafficSign,train,tree,truck,unknownVehicleType,urban,vanOrUtility,vehicle,waterRiver,weatherA,weatherB
1912326,5593775,13807,,545851,0,0,0,0,0,South,2008/2009,ANAROA ROAD,RAUKAWA ROAD,,Minor Crash,No,2009,0,South,0,0,0,Flat,0,Easter,0,,0,Dark,1464700,1,0,0,2,0,0,0,0,0,,0,0,Hawke's Bay Region,Nil,2-way,Sealed,0,0,0,0,100,0,None,1,0,,30,Hastings District,Nil,0,0,0,0,0,0,Open,0,0,0,Fine,Null
1906557,5784209,13808,,538820,0,,0,1,,North,2009/2010,SH 30,TAMATEA ST,,Non-Injury Crash,Yes,2009,,West,,0,,Flat,,,,,,Bright sun,1253100,0,0,0,2,,,0,,,,,,Bay of Plenty Region,Nil,2-way,Sealed,,0,0,,100,,Null,1,0,,24,Rotorua District,Unknown,,,,,0,0,Open,0,,,Fine,Null
1807723,5556497,13809,,559230,0,,0,2,,East,2008/2009,KAKARIKI ROAD,SH 1N,,Serious Crash,No,2009,,West,,0,,Flat,,,,,,Bright sun,1732200,2,0,0,2,,,0,,,,,,Manawatū-Whanganui Region,Nil,2-way,Sealed,,0,3,,100,,Null,0,0,,38,Rangitikei District,Nil,,,,,0,0,Open,0,,,Fine,Null
1593284,5482288,13810,,581601,0,0,0,0,0,East,2008/2009,ABEL TASMAN DRIVE,TATA HEIGHTS,,Non-Injury Crash,No,2009,0,South,0,0,0,Hill Road,0,,0,,0,Overcast,2346703,0,0,0,2,0,0,0,1,0,,0,0,Tasman Region,Nil,2-way,Sealed,0,0,0,0,100,0,Null,0,0,,51,Tasman District,Nil,0,0,0,0,0,0,Open,1,0,0,Fine,Null
1755182,5927635,13811,,508620,0,,0,1,,Null,2009/2010,SUNNYBRAE ROAD,PORANA ROAD,,Non-Injury Crash,No,2009,,North,,0,,Flat,,,,,,Bright sun,202600,0,0,0,3,,,1,,,,,,Auckland Region,Nil,2-way,Sealed,,0,0,,50,,Off,0,0,,76,Auckland,Traffic Signals,,,,,0,0,Urban,0,,,Fine,Null
1751979,5917906,13812,,515001,0,,0,1,,Null,2009/2010,GREAT NORTH ROAD,WATERVIEW OFF WBD N,,Non-Injury Crash,No,2009,,South,,0,,Flat,,Christmas New Year,,,,Bright sun,392400,0,0,0,6,,,0,,,,,,Auckland Region,Nil,2-way,Sealed,,0,0,,50,,Null,1,0,,76,Auckland,Traffic Signals,,,,,0,0,Urban,0,,,Fine,Null
1624619,5431113,13813,,582300,0,0,0,1,0,West,2008/2009,HALIFAX ST,MILTON ST,,Non-Injury Crash,No,2009,0,West,0,0,0,Flat,0,,0,,0,Bright sun,2318700,0,0,0,2,0,0,0,0,1,,0,0,Nelson Region,Nil,2-way,Sealed,0,0,0,0,50,0,Null,0,0,,52,Nelson City,Nil,0,0,0,0,0,0,Urban,1,0,0,Fine,Null
1833764,5585214,13814,,559220,0,0,0,0,0,East,2008/2009,Z FARM DWAY,SH 1N/OTARA ROAD,,Non-Injury Crash,No,2009,0,East,0,0,0,Flat,0,Christmas New Year,0,,0,Dark,1748400,0,0,0,2,0,0,0,0,0,,0,0,Manawatū-Whanganui Region,Rail xing,Off road,Sealed,0,0,0,0,100,0,None,0,0,,38,Rangitikei District,Nil,0,0,1,0,1,0,Open,0,0,0,Fine,Null
1857709,5839605,13815,,535800,0,0,0,0,0,South,2008/2009,JOCELYN ST,SH 2,,Non-Injury Crash,No,2009,0,North,0,0,0,Flat,0,,0,,0,Overcast,1183502,0,0,0,2,0,0,0,0,1,,0,0,Bay of Plenty Region,Nil,2-way,Sealed,0,0,0,0,50,0,Null,0,0,,22,Western Bay of Plenty District,Unknown,0,0,0,0,0,0,Urban,2,0,0,Fine,Null
1661903,5315992,13816,,581500,0,,0,0,,South,2008/2009,SH 1S,MAORI CREEK CULV,,Minor Crash,Yes,2009,,North,,0,,Flat,,,,,,Dark,2314400,1,0,0,2,,,0,,,,,,Canterbury Region,Nil,2-way,Sealed,,0,0,,100,,None,0,0,,54,Kaikoura District,Unknown,,,,,2,0,Open,0,,,Fine,Null
1756774,5920184,13817,,514102,0,,0,2,,Null,2008/2009,NELSON ST,COOK ST,,Non-Injury Crash,No,2009,,East,,0,,Hill Road,,,,,,Overcast,434500,0,0,0,2,,,0,,,,,,Auckland Region,Nil,2-way,Sealed,,0,0,,50,,Off,0,0,,76,Auckland,Traffic Signals,,,,,0,0,Urban,0,,,Light rain,Null
1772896,5896342,13818,,525410,0,,0,1,,Null,2008/2009,RAILWAY ST WEST,AVERILL ST,,Non-Injury Crash,No,2009,,North,,0,,Hill Road,,,,,,Overcast,793000,0,0,0,3,,,0,,,,,,Auckland Region,Nil,2-way,Sealed,,0,0,,50,,Null,0,0,,76,Auckland,Stop,,,,,0,0,Urban,1,,,Fine,Null
1771927,5912900,13819,,523102,0,0,0,2,0,South,2009/2010,CLYDESDALE AVENUE,SIMMENTAL CRESCENT,,Non-Injury Crash,No,2009,0,South,0,0,0,Flat,0,,0,,0,Dark,711005,0,0,0,2,0,0,0,0,1,,0,0,Auckland Region,Nil,2-way,Sealed,0,0,0,0,50,0,On,0,0,,76,Auckland,Nil,0,0,0,0,0,0,Urban,0,0,0,Fine,Null
1766520,5913270,13820,,522920,0,,0,2,,Null,2009/2010,TI RAKAU DRIVE,PAKURANGA ROAD,,Non-Injury Crash,No,2009,,North,,0,,Flat,,,,,,Bright sun,683900,0,0,0,5,,,0,,,,,,Auckland Region,Nil,2-way,Sealed,,0,0,,50,,Off,0,0,,76,Auckland,Give way,,,,,0,0,Urban,0,,,Fine,Null
1734904,5907958,13821,,513800,0,0,0,0,1,West,2009/2010,PIHA ROAD,ANAWHATA ROAD,,Non-Injury Crash,No,2009,0,West,0,0,0,Hill Road,0,,0,,0,Overcast,282027,0,0,0,2,0,0,0,0,0,,0,0,Auckland Region,Nil,2-way,Sealed,0,0,0,0,100,0,Off,0,0,,76,Auckland,Nil,0,1,0,0,0,0,Open,1,0,0,Light rain,Null
1774225,5896542,13822,,525610,0,0,0,0,0,East,2009/2010,SHEEHAN AVENUE,KELVIN ROAD,,Non-Injury Crash,No,2009,0,East,0,0,0,Flat,0,,0,,0,Dark,798400,0,0,0,2,0,0,0,0,1,,0,0,Auckland Region,Nil,2-way,Sealed,0,0,0,0,50,0,On,2,0,,76,Auckland,Nil,0,0,0,0,0,0,Urban,0,0,0,Fine,Null
1797859,5818665,13823,,528403,0,0,0,1,0,Null,2008/2009,TE RAPA ROAD,SUNSHINE AVENUE,,Non-Injury Crash,No,2009,0,North,0,0,0,Flat,1,,0,,0,Dark,908100,0,0,0,4,0,0,0,0,0,,0,0,Waikato Region,Nil,2-way,Sealed,0,0,0,0,60,0,On,0,0,30,16,Hamilton City,Give way,0,0,0,0,0,0,Urban,0,0,0,Fine,Null
1770682,5904036,13824,,523818,0,0,0,1,0,West,2008/2009,REDOUBT ROAD,KINNARD LANE,,Non-Injury Crash,No,2009,0,North,0,0,1,Flat,0,,0,,0,Overcast,760400,0,0,0,2,0,0,0,0,0,,0,0,Auckland Region,Nil,2-way,Sealed,0,0,0,0,60,0,Null,0,0,,76,Auckland,Unknown,0,0,0,0,0,0,Urban,0,0,0,Light rain,Null
1727986,5923615,13825,,506654,0,0,0,1,0,East,2008/2009,MOTUTARA ROAD,COAST ROAD,,Non-Injury Crash,No,2009,0,West,0,0,0,Hill Road,0,,0,,0,Dark,218804,0,0,0,2,0,0,0,0,0,,0,1,Auckland Region,Nil,2-way,Sealed,0,0,0,0,50,0,On,0,0,,76,Auckland,Unknown,0,0,0,0,0,0,Urban,0,0,0,Fine,Null
1757883,5914468,13826,,518600,0,0,0,3,0,North,2008/2009,PAH ROAD,SELWYN ROAD,,Non-Injury Crash,No,2009,0,South,0,0,0,Flat,0,,0,,0,Dark,565800,0,0,0,2,0,0,0,0,2,,0,0,Auckland Region,Nil,2-way,Sealed,0,0,0,0,50,0,On,0,0,,76,Auckland,Unknown,0,0,0,0,0,0,Urban,0,0,0,Light rain,Null
1807572,5513242,13827,,563802,0,,0,0,,North,2008/2009,SH 56,SH 57,,Non-Injury Crash,Yes,2009,,East,,0,,Flat,,,,,,Overcast,1852500,0,0,0,2,,,0,,,,,,Manawatū-Whanganui Region,Nil,2-way,Sealed,,0,0,,100,,Null,0,0,,42,Horowhenua District,Nil,,,,,1,0,Open,1,,,Fine,Null
1770112,5910696,13828,,523113,0,,0,2,,Null,2009/2010,HAVEN DRIVE,TE IRIRANGI DRIVE,,Non-Injury Crash,No,2009,,West,,0,,Flat,,,,,,Dark,711718,0,0,0,2,,,0,,,,,,Auckland Region,Nil,2-way,Sealed,,0,0,,50,,On,0,0,,76,Auckland,Traffic Signals,,,,,0,0,Urban,0,,,Fine,Null
1750985,5917997,13829,,514801,0,,0,0,,West,2009/2010,SH 16,GT NORTH OBR,,Non-Injury Crash,Yes,2009,,West,,0,,Flat,,,,,,Overcast,390402,0,0,0,3,,,0,,,,,,Auckland Region,Nil,1-way,Sealed,,0,0,,100,,Off,2,0,,76,Auckland,Nil,,,,,0,0,Open,1,,,Fine,Null
1755492,5929002,13830,,508320,0,,0,2,,Null,2009/2010,TRISTRAM AVENUE,TRISTRAM ON NBD,,Non-Injury Crash,No,2009,,East,,0,,Flat,,,,,,Overcast,198500,0,0,0,2,,,0,,,,,,Auckland Region,Nil,2-way,Sealed,,0,0,,50,,Null,0,0,,76,Auckland,Traffic Signals,,,,,0,0,Urban,0,,,Fine,Null
1183896,4872980,13831,,612730,0,0,0,1,0,West,2008/2009,PAPATOTARA COAST ROAD,DICKENS ROAD,,Serious Crash,No,2009,0,West,0,0,0,Flat,0,,0,,0,Overcast,3193300,1,0,0,2,0,0,0,0,0,,0,1,Southland Region,Nil,2-way,Sealed,0,0,1,0,100,0,Null,0,0,,73,Southland District,Unknown,0,0,0,0,0,0,Open,0,0,0,Fine,Frost
1624119,6112140,13832,,500204,0,0,0,0,0,South,2008/2009,OKAHU ROAD,OKAHU DOWNS DRIVE,,Non-Injury Crash,No,2009,0,North,0,0,1,Flat,0,,0,,0,Bright sun,9101,0,0,0,1,0,0,0,0,0,,0,0,Northland Region,Nil,2-way,Unsealed,0,0,0,0,100,0,None,1,0,,1,Far North District,Nil,0,0,0,0,0,0,Open,0,0,0,Fine,Null
1850643,5770535,13833,,535261,0,,0,3,,North,2008/2009,SH 1N,WEST ROAD,,Non-Injury Crash,Yes,2009,,South,,0,,Flat,,,,,,Overcast,1134302,0,0,0,3,,,0,,,,,,Waikato Region,Nil,2-way,Sealed,,0,0,,100,,Null,0,0,,19,South Waikato District,Unknown,,,,,0,0,Open,0,,,Heavy rain,Null
1761976,5914458,13834,,520202,0,,0,2,,North,2009/2010,EAGLEHURST ROAD,GAVIN ST,,Non-Injury Crash,No,2009,,North,,0,,Flat,,,,,,Bright sun,610800,0,0,0,2,,,0,,,,,,Auckland Region,Nil,2-way,Sealed,,0,0,,50,,Off,0,0,,76,Auckland,Nil,,,,,0,0,Urban,0,,,Fine,Null
1814600,5810249,13835,,527131,0,0,0,0,0,North,2009/2010,SH 1B,CHURCH ROAD,,Non-Injury Crash,Yes,2009,0,North,1,0,0,Flat,0,,0,,0,Dark,957200,0,0,0,2,0,0,0,0,0,,0,0,Waikato Region,Nil,2-way,Sealed,0,0,0,0,100,0,None,0,0,,13,Waikato District,Unknown,0,0,0,0,0,0,Open,1,0,0,Heavy rain,Null
1989996,5670999,13836,,545302,0,0,0,1,0,North,2008/2009,SH 2,IWITEA ROAD,,Non-Injury Crash,Yes,2009,0,North,0,0,1,Flat,0,,0,,0,Dark,1398600,0,0,0,2,0,0,0,0,0,,0,0,Hawke's Bay Region,Nil,2-way,Sealed,0,0,0,0,100,0,None,0,0,,29,Wairoa District,Nil,0,0,0,0,0,0,Open,0,0,0,Fine,Null
1750081,5423053,13837,,577000,0,,0,2,,Null,2008/2009,FREYBERG ST,LYALL PARADE,,Non-Injury Crash,No,2009,,South,,0,,Flat,,,,,,Bright sun,2174500,0,0,0,2,,,0,,,,,,Wellington Region,Nil,2-way,Sealed,,0,0,,50,,Null,0,0,,47,Wellington City,Give way,,,,,0,0,Urban,0,,,Fine,Null
1759177,5908338,13838,,524002,0,,0,1,,Null,2009/2010,TARATA CRESCENT,KAMBALDA ST,,Non-Injury Crash,No,2009,,South,,0,,Flat,,,,,,Overcast,725800,0,0,0,2,,,0,,,,,,Auckland Region,Nil,2-way,Sealed,,0,0,,50,,None,0,0,,76,Auckland,Nil,,,,,0,0,Urban,1,,,Fine,Null
1768611,5879997,13839,,525922,0,,0,0,,Null,2008/2009,QUEEN ST,WARD ST,,Non-Injury Crash,No,2009,,North,,0,,Flat,,,,,,Bright sun,823401,0,0,0,2,,,0,,,,,,Auckland Region,Nil,2-way,Sealed,,0,0,,50,,Off,2,0,,76,Auckland,Give way,,,,,0,0,Urban,0,,,Fine,Null
1807052,5789866,13840,,527936,0,0,0,1,0,Null,2008/2009,GOLF ROAD,CAMBRIDGE ROAD,,Non-Injury Crash,No,2009,0,East,1,0,0,Hill Road,0,Queens Birthday,0,,0,Dark,987000,0,0,0,2,0,0,0,0,0,,0,0,Waikato Region,Nil,2-way,Sealed,0,0,0,0,100,0,On,0,0,,17,Waipa District,Give way,0,0,0,0,0,0,Open,0,0,0,Fine,Null
1757272,5918773,13841,,514302,0,,0,2,,South,2008/2009,GRAFTON ROAD,BURTON ST,,Non-Injury Crash,No,2009,,North,,0,,Hill Road,,,,,,Bright sun,441700,0,0,0,2,,,0,,,,,,Auckland Region,Nil,2-way,Sealed,,0,0,,50,,Off,0,0,,76,Auckland,Nil,,,,,0,0,Urban,0,,,Null,Null
1771185,5914799,13842,,521601,0,0,0,2,0,South,2008/2009,RIDGE ROAD,ELLIOT ST,,Non-Injury Crash,No,2009,0,North,0,0,0,Flat,0,,0,,0,Dark,646300,0,0,0,2,0,0,0,0,1,,0,0,Auckland Region,Nil,2-way,Sealed,0,0,0,0,50,0,On,0,0,,76,Auckland,Nil,0,0,0,0,0,0,Urban,0,0,0,Fine,Null
1768227,5908067,13843,,523502,0,0,0,1,0,East,2009/2010,EAST TAMAKI ROAD,PRESTON ROAD,,Non-Injury Crash,No,2009,0,North,0,0,0,Flat,0,,0,,1,Dark,703800,0,0,0,4,0,0,0,0,0,,0,0,Auckland Region,Nil,2-way,Sealed,0,0,0,0,60,0,On,0,0,,76,Auckland,Nil,0,0,0,0,0,0,Urban,0,0,0,Fine,Null
1710525,5617467,13844,,554010,0,,0,2,,Null,2008/2009,TAWHITI ROAD,COLLINS ST,,Non-Injury Crash,No,2009,,West,,0,,Flat,,,,,,Overcast,1649200,0,0,0,2,,,0,,,,,,Taranaki Region,Nil,2-way,Sealed,,0,0,,50,,Null,0,0,,35,South Taranaki District,Stop,,,,,0,0,Urban,0,,,Heavy rain,Null
1930257,5604934,13845,,548200,0,,0,2,,Null,2009/2010,ST AUBYN ST EAST,WARREN ST NORTH,,Non-Injury Crash,No,2009,,West,,0,,Flat,,,,,,Overcast,1493501,0,0,0,2,,,0,,,,,,Hawke's Bay Region,Nil,2-way,Sealed,,0,0,,50,,Null,0,0,,30,Hastings District,Give way,,,,,0,0,Urban,0,,,Light rain,Null
1718102,6043571,13846,,503500,0,,0,1,,Null,2008/2009,MURDOCH CRESCENT,SH 1N N,,Non-Injury Crash,Yes,2009,,East,,0,,Flat,,,,,,Twilight,108900,0,0,0,2,,,0,,,,,,Northland Region,Nil,2-way,Sealed,,0,0,,50,,Off,1,0,,2,Whangarei District,Give way,,,,,0,0,Urban,0,,,Light rain,Null
1394329,4916620,13847,,606210,0,,0,2,,Null,2008/2009,FACTORY ROAD,DEY ST,,Minor Crash,No,2009,,West,,0,,Flat,,,,,,Overcast,2967400,2,0,0,2,,,0,,,,,,Otago Region,Nil,2-way,Sealed,,0,0,,50,,Null,0,0,,71,Dunedin City,Nil,,,,,0,0,Urban,0,,,Fine,Null
1755753,5916066,13848,,518301,0,0,0,2,0,East,2008/2009,ROCKLANDS AVENUE,DOMINION ROAD,,Non-Injury Crash,No,2009,0,East,0,0,0,Flat,0,,0,,0,Overcast,555100,0,0,0,2,0,0,0,0,1,,0,0,Auckland Region,Nil,2-way,Sealed,0,0,0,0,50,0,Null,0,0,,76,Auckland,Nil,0,0,0,0,0,0,Urban,0,0,0,Fine,Null
1798943,5816619,13849,,528800,0,,0,1,,Null,2008/2009,MAEROA ROAD,RIDOUT ST,,Non-Injury Crash,No,2009,,North,,0,,Hill Road,,,,,,Bright sun,902902,0,0,0,2,,,0,,,,,,Waikato Region,Nil,2-way,Sealed,,0,0,,50,,Null,0,0,,16,Hamilton City,Give way,,,,,0,0,Urban,1,,,Fine,Null
1771345,5900037,13850,,523911,0,,0,2,,Null,2009/2010,PORCHESTER ROAD,POPES ROAD,,Non-Injury Crash,No,2009,,North,,0,,Flat,,,,,,Dark,767202,0,0,0,1,,,0,,,,,,Auckland Region,Nil,2-way,Sealed,,0,0,,50,,On,0,0,,76,Auckland,Give way,,,,,0,0,Urban,0,,,Fine,Null
1759809,5429477,13851,,570300,0,,1,1,,Null,2008/2009,MARINE DRIVE,MAHINA ROAD,,Non-Injury Crash,No,2009,,North,,0,,Flat,,,,,,Bright sun,1982400,0,0,0,2,,,0,,,,,,Wellington Region,Nil,2-way,Sealed,,0,0,,50,,Null,0,0,,46,Lower Hutt City,Nil,,,,,0,0,Urban,0,,,Fine,Null
1751580,5434305,13852,,573700,0,0,0,1,0,North,2008/2009,SH 1N,JOHNSONVILLE OFF NBD,,Non-Injury Crash,Yes,2009,0,North,0,0,0,Hill Road,1,,0,,0,Overcast,2083100,0,0,0,2,0,0,0,0,0,,1,0,Wellington Region,Nil,2-way,Sealed,0,0,0,0,80,0,Null,0,0,,47,Wellington City,Nil,0,0,0,0,0,0,Open,0,0,0,Light rain,Null
1935619,5618439,13853,,546700,0,0,0,1,0,North,2008/2009,GILRAY AVENUE,BARNARD AVENUE,,Non-Injury Crash,No,2009,0,South,0,0,0,Flat,0,,0,,0,Twilight,1444200,0,0,0,2,0,0,0,0,1,,0,0,Hawke's Bay Region,Nil,2-way,Sealed,0,0,0,0,50,0,Off,0,0,,31,Napier City,Nil,0,0,0,0,0,0,Urban,1,0,0,Fine,Null
1754184,5433898,13854,,573526,0,,0,1,,South,2008/2009,SH 2,HOROKIWI ROAD,,Non-Injury Crash,Yes,2009,,South,,0,,Flat,,,,,,Overcast,2077503,0,0,0,2,,,0,,,,,,Wellington Region,Nil,2-way,Sealed,,0,0,,100,,Null,1,0,,47,Wellington City,Nil,,,,,0,0,Open,1,,,Light rain,Null
1757337,5918662,13855,,514302,0,,0,1,,West,2008/2009,KHYBER PASS ROAD,ARAWA ST,,Non-Injury Crash,No,2009,,West,,0,,Flat,,,,,,Bright sun,442000,0,0,0,4,,,0,,,,,,Auckland Region,Nil,2-way,Sealed,,0,0,,50,,Null,0,0,,76,Auckland,Unknown,,,,,1,0,Urban,0,,,Fine,Null
1755773,5928513,13856,,507900,0,,0,2,,South,2008/2009,SH 1N,TRISTRAM OBR,,Non-Injury Crash,Yes,2009,,South,,0,,Flat,,,,,,Bright sun,307000,0,0,0,3,,,0,,,,,,Auckland Region,Nil,1-way,Sealed,,0,0,,100,,Off,0,0,,76,Auckland,Nil,,,,,0,0,Open,0,,,Fine,Null
1404187,4916360,13857,,604120,0,,0,1,,Null,2009/2010,KENMURE ROAD,STONE ST,,Minor Crash,No,2009,,East,,0,,Hill Road,,,,,,Dark,2923200,1,1,0,2,,,0,,,,,,Otago Region,Nil,2-way,Sealed,,0,0,,50,,On,0,0,,71,Dunedin City,Give way,,,,,0,0,Urban,0,,,Light rain,Null
1817833,5804364,13858,,527501,0,,0,2,,South,2008/2009,ROBINSON ST,KING ST,,Non-Injury Crash,No,2009,,North,,0,,Flat,,,,,,Twilight,961800,0,0,0,2,,,0,,,,,,Waikato Region,Nil,2-way,Sealed,,0,0,,50,,Off,1,0,,17,Waipa District,Unknown,,,,,0,0,Urban,0,,,Fine,Null
1692152,5676281,13859,,551800,0,,0,2,,Null,2008/2009,SH 44,WEYMOUTH ST,,Non-Injury Crash,Yes,2009,,East,,0,,Flat,,Christmas New Year,,,,Overcast,1590500,0,0,0,2,,,0,,,,,,Taranaki Region,Nil,2-way,Sealed,,0,0,,50,,Null,0,0,,33,New Plymouth District,Give way,,,,,0,0,Urban,0,,,Fine,Null
1878824,5822788,13860,,538201,0,,0,3,,East,2009/2010,ELEVENTH AVENUE,DEVONPORT ROAD,,Non-Injury Crash,No,2009,,West,,0,,Flat,,,,,,Bright sun,1166704,0,0,0,2,,,0,,,,,,Bay of Plenty Region,Nil,2-way,Sealed,,0,0,,50,,Null,0,0,,23,Tauranga City,Unknown,,,,,0,0,Urban,0,,,Fine,Null
1775928,5446608,13861,,566700,0,,0,2,,Null,2008/2009,FERGUSSON DRIVE,MANGAROA HILL ROAD,,Non-Injury Crash,No,2009,,North,,0,,Flat,,,,,,Overcast,1912800,0,0,0,2,,,0,,,,,,Wellington Region,Nil,2-way,Sealed,,0,0,,50,,Null,0,0,,45,Upper Hutt City,Give way,,,,,0,0,Urban,0,,,Fine,Null
1768744,5904675,13862,,523722,0,,0,2,,North,2009/2010,HOLLYFORD DRIVE,REDOUBT ROAD,,Non-Injury Crash,No,2009,,South,,0,,Hill Road,,,,,,Overcast,715914,0,0,0,1,,,0,,,,,,Auckland Region,Nil,2-way,Sealed,,0,0,,50,,None,0,0,,76,Auckland,Nil,,,,,0,0,Urban,0,,,Fine,Null
1759715,5436899,13863,,569301,0,,0,2,,West,2009/2010,SH 2,HARBOUR VIEW ROAD,,Minor Crash,Yes,2009,,East,,0,,Flat,,,,,,Bright sun,1919900,1,0,0,3,,,0,,,,,,Wellington Region,Nil,1-way,Sealed,,0,0,,100,,Null,0,0,,46,Lower Hutt City,Nil,,,,,0,0,Open,0,,,Fine,Null
1882224,5828521,13864,,536810,0,0,0,2,0,North,2008/2009,MARINE PARADE,TAY ST,,Non-Injury Crash,No,2009,0,North,0,0,0,Flat,0,Easter,0,,0,Overcast,1196400,0,0,0,2,0,0,0,0,1,,0,0,Bay of Plenty Region,Nil,2-way,Sealed,0,0,0,0,50,0,Null,0,0,,23,Tauranga City,Unknown,0,0,0,0,0,0,Urban,0,0,0,Fine,Null
1566995,5179695,13865,,590702,0,0,0,3,0,Null,2009/2010,CENTENNIAL AVENUE,HUIA ST,,Minor Crash,No,2009,0,North,0,0,0,Flat,0,,0,,0,Bright sun,2471400,1,0,0,2,0,0,0,0,2,,0,0,Canterbury Region,Nil,2-way,Sealed,0,0,0,0,50,0,Null,0,0,,60,Christchurch City,Nil,0,0,0,0,0,0,Urban,0,0,0,Fine,Null
1769384,5905933,13866,,523712,0,,0,2,,North,2009/2010,CHAPEL ROAD,CARRICK GLEN ROAD,,Non-Injury Crash,No,2009,,North,,0,,Flat,,,,,,Overcast,713205,0,0,0,2,,,0,,,,,,Auckland Region,Nil,2-way,Sealed,,0,0,,70,,Off,0,0,,76,Auckland,Nil,,,,,0,0,Urban,0,,,Fine,Null
1936870,5620627,13867,,546902,0,0,0,2,0,West,2008/2009,SALE ST,HASTINGS ST,,Non-Injury Crash,No,2009,0,West,0,0,0,Flat,0,,0,,0,Overcast,1432000,0,0,0,2,0,0,0,0,2,,0,0,Hawke's Bay Region,Nil,2-way,Sealed,0,0,0,0,50,0,Null,1,0,,31,Napier City,Nil,0,0,0,0,0,0,Urban,0,0,0,Light rain,Null
1717983,6050418,13868,,502102,0,,0,2,,Null,2009/2010,BOSWELL ST,WAKELIN ST,,Non-Injury Crash,No,2009,,South,,0,,Hill Road,,,,,,Overcast,84800,0,0,0,2,,,0,,,,,,Northland Region,Nil,2-way,Sealed,,0,0,,50,,None,0,0,,2,Whangarei District,Give way,,,,,0,0,Urban,0,,,Fine,Null
1680619,5411760,13869,,580449,0,,0,1,,South,2008/2009,SH 1S,WAIRAU BR S,,Non-Injury Crash,Yes,2009,,North,,0,,Flat,,,,,,Overcast,2277801,0,0,0,2,,,0,,,,,,Marlborough Region,Nil,2-way,Sealed,,0,0,,100,,Null,0,0,,53,Marlborough District,Nil,,,,,0,0,Open,1,,,Light rain,Null
1935006,5620009,13870,,546300,0,,0,2,,South,2008/2009,KENNEDY ROAD,RIVERBEND ROAD,,Non-Injury Crash,No,2009,,North,,0,,Flat,,Queens Birthday,,,,Bright sun,1438900,0,0,0,2,,,0,,,,,,Hawke's Bay Region,Nil,2-way,Sealed,,0,0,,50,,Null,1,0,,31,Napier City,Nil,,,,,0,0,Urban,0,,,Fine,Null
1931800,5617097,13871,,547200,0,0,0,1,0,South,2008/2009,GUPPY ROAD,BURNESS ROAD,,Serious Crash,No,2009,0,South,0,0,0,Flat,0,,0,,0,Dark,1458500,0,0,0,2,0,0,0,0,0,,1,0,Hawke's Bay Region,Nil,2-way,Sealed,0,0,1,0,50,0,None,0,0,30,31,Napier City,Nil,0,0,0,0,0,0,Urban,0,0,0,Fine,Null
1760087,5946692,13872,,505904,0,0,0,2,0,East,2009/2010,GULF HARBOUR DRIVE,REGENCY PARK DRIVE,,Non-Injury Crash,No,2009,0,East,0,0,0,Flat,0,,0,,0,Bright sun,175111,0,0,0,2,0,0,0,0,1,,0,0,Auckland Region,Nil,2-way,Sealed,0,0,0,0,50,0,Null,0,0,,76,Auckland,Unknown,0,0,0,0,0,0,Urban,0,0,0,Fine,Null
1767247,5904835,13873,30,524603,0,,0,2,,West,2009/2010,CAVENDISH DRIVE,GREAT SOUTH ROAD,,Non-Injury Crash,No,2009,,East,,0,,Flat,,,,,,Overcast,780205,0,0,0,3,,,0,,,,,,Auckland Region,Nil,2-way,Sealed,,0,0,,50,,None,0,0,,76,Auckland,Nil,,,,,0,0,Urban,0,,,Light rain,Null
1876146,5759046,13874,65,538850,0,0,0,0,0,South,2008/2009,SH 30,WHIRINAKI VALLEY ROAD,,Non-Injury Crash,Yes,2009,0,North,1,0,0,Hill Road,0,,0,,0,Bright sun,1263900,0,0,0,2,0,0,0,0,0,,0,0,Waikato Region,Nil,2-way,Sealed,0,0,0,0,80,0,Null,0,0,,24,Rotorua District,Unknown,0,0,0,0,1,0,Open,0,0,0,Fine,Null
1930932,5616934,13875,,547200,0,0,0,1,0,Null,2008/2009,GLOUCESTER ST,AVONDALE ROAD,,Non-Injury Crash,No,2009,0,North,0,0,0,Flat,1,,0,,0,Overcast,1457500,0,0,0,2,0,0,0,0,0,,0,0,Hawke's Bay Region,Nil,2-way,Sealed,0,0,0,0,50,0,Null,0,0,,31,Napier City,Give way,0,0,0,0,1,0,Urban,0,0,0,Fine,Null
1751535,5591919,13876,,554500,0,0,0,1,0,East,2008/2009,SH 3,PAETAIA ROAD,,Non-Injury Crash,Yes,2009,0,West,0,0,0,Flat,0,,0,,0,Overcast,1678800,0,0,0,2,0,0,0,1,0,,0,0,Taranaki Region,Nil,2-way,Sealed,0,0,0,0,100,0,Null,0,0,,35,South Taranaki District,Nil,0,0,0,0,0,0,Open,0,0,0,Fine,Null