X,Y,OBJECTID,advisorySpeed,areaUnitID,bicycle,bridge,bus,carStationWagon,cliffBank,crashDirectionDescription,crashFinancialYear,crashLocation1,crashLocation2,crashRoadSideRoad,crashSeverity,crashSHDescription,crashYear,debris,directionRoleDescription,ditch,fatalCount,fence,flatHill,guardRail,holiday,houseOrBuilding,intersection,kerb,light,meshblockId,minorInjuryCount,moped,motorcycle,NumberOfLanes,objectThrownOrDropped,otherObject,otherVehicleType,overBank,parkedVehicle,pedestrian,phoneBoxEtc,postOrPole,region,roadCharacter,roadLane,roadSurface,roadworks,schoolBus,seriousInjuryCount,slipOrFlood,speedLimit,strayAnimal,streetLight,suv,taxi,temporarySpeedLimit,tlaId,tlaName,trafficControl,trafficIsland,trafficSign,train,tree,truck,unknownVehicleType,urban,vanOrUtility,vehicle,waterRiver,weatherA,weatherB
1560231,5173990,13877,,587848,0,0,0,2,0,Null,2008/2009,SPRINGS ROAD,TRENTS ROAD,,Minor Crash,No,2009,0,West,0,0,1,Flat,0,,0,,0,Overcast,2499504,1,0,0,2,0,0,0,0,0,,0,0,Canterbury Region,Nil,2-way,Sealed,0,0,0,0,70,0,Null,0,0,,62,Selwyn District,Stop,0,0,0,0,0,0,Urban,0,0,0,Fine,Null
1755705,5916080,13878,,518301,0,0,0,1,0,East,2009/2010,ROCKLANDS AVENUE,DOMINION ROAD,,Non-Injury Crash,No,2009,0,East,0,0,0,Flat,0,,0,,0,Overcast,555100,0,0,0,2,0,0,0,0,1,,0,0,Auckland Region,Nil,2-way,Sealed,0,0,0,0,50,0,Null,1,0,,76,Auckland,Unknown,0,0,0,0,0,0,Urban,0,0,0,Fine,Null
1797164,5817471,13879,,528406,0,,1,1,,South,2009/2010,SH 1N,CRAWFORD ST,,Non-Injury Crash,Yes,2009,,North,,0,,Flat,,,,,,Bright sun,907601,0,0,0,4,,,0,,,,,,Waikato Region,Nil,2-way,Sealed,,0,0,,80,,Null,0,0,,16,Hamilton City,Unknown,,,,,0,0,Open,0,,,Fine,Null
1746680,5916968,13880,,510700,0,0,0,2,0,South,2009/2010,TE ATATU ROAD,TAITUA DRIVE,,Non-Injury Crash,No,2009,0,North,0,0,0,Flat,0,,0,,0,Dark,241100,0,0,0,2,0,0,0,0,1,,0,0,Auckland Region,Nil,2-way,Sealed,0,0,0,0,50,0,On,0,0,,76,Auckland,Nil,0,0,0,0,0,0,Urban,0,0,0,Fine,Null
1753981,5929363,13881,,508420,0,,0,2,,Null,2008/2009,ELLICE ROAD,WAIRAU ROAD,,Non-Injury Crash,No,2009,,West,,0,,Flat,,,,,,Dark,183100,0,0,0,3,,,0,,,,,,Auckland Region,Nil,2-way,Sealed,,0,0,,50,,On,0,0,,76,Auckland,Give way,,,,,0,0,Urban,0,,,Fine,Null
1757910,5918094,13882,,515700,0,,0,2,,North,2008/2009,SH 1N,GILLIES OFF SBD,,Non-Injury Crash,Yes,2009,,South,,0,,Flat,,,,,,Dark,443200,0,0,0,5,,,0,,,,,,Auckland Region,Nil,1-way,Sealed,,0,0,,80,,On,0,0,,76,Auckland,Nil,,,,,0,0,Open,0,,,Fine,Null
1744455,5918185,13883,,510700,0,,0,1,,East,2009/2010,SWANSON ROAD,RATHGAR ROAD,,Non-Injury Crash,No,2009,,West,,0,,Flat,,,,,,Bright sun,238804,0,0,0,2,,,0,,,,,,Auckland Region,Nil,2-way,Sealed,,0,0,,50,,Off,0,0,,76,Auckland,Nil,,,,,0,0,Urban,1,,,Fine,Null
1929566,5605250,13884,,548200,0,0,0,2,0,East,2008/2009,HERETAUNGA ST WEST,NELSON ST NORTH,,Non-Injury Crash,No,2009,0,East,0,0,0,Flat,0,,0,,0,Bright sun,1490700,0,0,0,2,0,0,0,0,1,,0,0,Hawke's Bay Region,Nil,2-way,Sealed,0,0,0,0,50,0,Null,0,0,,30,Hastings District,Traffic Signals,0,0,0,0,0,0,Urban,0,0,0,Fine,Null
1753598,5925886,13885,,508220,0,0,0,2,0,West,2008/2009,PARK HILL ROAD,GLENFIELD ROAD,,Non-Injury Crash,No,2009,0,East,0,0,0,Hill Road,0,,0,,0,Twilight,189600,0,0,0,1,0,0,0,0,1,,0,0,Auckland Region,Nil,2-way,Sealed,0,0,0,0,50,0,On,0,0,,76,Auckland,Unknown,0,0,0,0,0,0,Urban,0,0,0,Fine,Null
1862643,5543436,13886,,549800,0,,0,1,,East,2008/2009,SH 2,MAKIRIKIRI ROAD,,Non-Injury Crash,Yes,2009,,West,,0,,Flat,,,,,,Overcast,1537500,0,0,0,2,,,0,,,,,,Manawatū-Whanganui Region,Nil,2-way,Sealed,,0,0,,70,,Null,0,0,,41,Tararua District,Nil,,,,,0,0,Urban,1,,,Fine,Null
1750543,5914562,13887,,514402,0,,0,1,,North,2009/2010,GREAT NORTH ROAD,PORTAGE ROAD,,Non-Injury Crash,No,2009,,North,,0,,Flat,,,,,,Overcast,381301,0,0,0,4,,,0,,,,,,,Nil,2-way,Sealed,,0,0,,50,,Off,1,1,,76,Auckland,Nil,,,,,0,0,Urban,0,,,Fine,Null
1730041,6029584,13888,,501811,0,,0,1,,Null,2009/2010,SH 15A,ONE TREE POINT ROAD,,Non-Injury Crash,Yes,2009,,East,,0,,Flat,,,,,,Overcast,79201,0,0,0,2,,,0,,,,,,Northland Region,Nil,2-way,Sealed,,0,0,,100,,None,0,0,,2,Whangarei District,Stop,,,,,1,0,Open,0,,,Light rain,Null
1766663,5912929,13889,,522910,0,,0,2,,Null,2009/2010,REEVES ROAD,TI RAKAU DRIVE,,Non-Injury Crash,No,2009,,West,,0,,Flat,,,,,,Dark,684000,0,0,0,2,,,0,,,,,,Auckland Region,Nil,2-way,Sealed,,0,0,,50,,On,0,0,,76,Auckland,Traffic Signals,,,,,0,0,Urban,0,,,Fine,Null
1746396,5940750,13890,,506300,0,,0,1,,North,2008/2009,DAIRY FLAT HIGHWAY,RICHARDS ROAD,,Non-Injury Crash,No,2009,,South,,0,,Flat,,,,,,Twilight,175903,0,0,0,2,,,0,,,,,,Auckland Region,Nil,2-way,Sealed,,0,0,,100,,None,0,0,,76,Auckland,Nil,,,,,0,0,Open,0,,,Fine,Null
1752400,5918091,13891,,515001,0,,0,2,,Null,2009/2010,POINT CHEVALIER ROAD,GREAT NORTH ROAD,,Non-Injury Crash,No,2009,,South,,0,,Flat,,,,,,Overcast,392400,0,0,0,4,,,0,,,,,,Auckland Region,Nil,2-way,Sealed,,0,0,,50,,Off,0,0,,76,Auckland,Traffic Signals,,,,,0,0,Urban,0,,,Light rain,Null
1840985,5518168,13892,,578000,0,,0,1,,South,2009/2010,SH 2,WAKEMAN ST,,Non-Injury Crash,Yes,2009,,South,,0,,Flat,,,,,,Overcast,2217900,0,0,0,2,,,0,,,,,,Manawatū-Whanganui Region,Nil,2-way,Sealed,,0,0,,50,,Null,1,0,,41,Tararua District,Nil,,,,,0,0,Urban,0,,,Fine,Null
1884582,5773711,13893,,540410,0,,0,1,,North,2008/2009,RANOLF ST,SH 30A,,Non-Injury Crash,No,2009,,North,,0,,Flat,,,,,,Overcast,1236000,0,0,0,2,,,0,,,1,,,Bay of Plenty Region,Nil,2-way,Sealed,,0,0,,50,,Off,0,0,,24,Rotorua District,Nil,,,,,0,0,Urban,0,,,Fine,Null
1561862,5179280,13894,,587400,0,,0,2,,Null,2008/2009,SH 1S,WATERLOO ROAD,,Non-Injury Crash,Yes,2009,,South,,0,,Flat,,,,,,Bright sun,2488700,0,0,0,4,,,0,,,,,,Canterbury Region,Nil,2-way,Sealed,,0,0,,50,,Null,0,0,,60,Christchurch City,Traffic Signals,,,,,0,0,Urban,0,,,Fine,Null
1800008,5815604,13895,,528800,0,,0,2,,Null,2009/2010,NORTON ROAD,SEDDON ROAD,,Non-Injury Crash,No,2009,,South,,0,,Flat,,,,,,Bright sun,904700,0,0,0,2,,,0,,,,,,Waikato Region,Nil,2-way,Sealed,,0,0,,50,,Off,0,0,,16,Hamilton City,Give way,,,,,0,0,Urban,0,,,Fine,Null
1749265,5430091,13896,,572900,0,,0,1,,North,2008/2009,HUTT ROAD,TINAKORI ROAD,,Non-Injury Crash,No,2009,,North,,0,,Flat,,,,,,Bright sun,2118400,0,0,1,2,,,0,,,,,,Wellington Region,Nil,2-way,Sealed,,0,0,,50,,Null,0,0,,47,Wellington City,Nil,,,,,0,0,Urban,0,,,Fine,Strong wind
1747307,5921225,13897,,512300,0,,0,0,,East,2008/2009,GUNNER DRIVE,TE ATATU ROAD,,Non-Injury Crash,No,2009,,West,,0,,Flat,,,,,,Bright sun,250101,0,0,1,2,,,0,,,,,,Auckland Region,Nil,2-way,Sealed,,0,0,,50,,Off,1,0,,76,Auckland,Nil,,,,,0,0,Urban,0,,,Fine,Null
1556124,5187475,13898,,587902,0,0,0,1,0,West,2008/2009,MCLEANS ISLAND ROAD,ORANA PARK ENT,,Minor Crash,No,2009,0,West,0,0,0,Flat,0,,0,,0,Dark,2456200,1,0,0,1,0,0,0,0,0,,0,1,Canterbury Region,Nil,2-way,Sealed,0,0,0,0,100,0,None,0,0,,60,Christchurch City,Unknown,0,0,0,0,0,0,Open,0,0,0,Fine,Null
1770906,5913694,13899,,523101,0,0,0,2,0,North,2009/2010,BOTANY ROAD,KURNELL DRIVE,,Non-Injury Crash,No,2009,0,South,0,0,0,Flat,0,,0,,0,Bright sun,710522,0,0,0,2,0,0,0,0,1,,0,0,Auckland Region,Nil,2-way,Sealed,0,0,0,0,50,0,Off,0,0,,76,Auckland,Nil,0,0,0,0,0,0,Urban,0,0,0,Fine,Null
1804558,5509098,13900,,563500,0,,0,1,,South,2008/2009,SH 57,STAFFORD ST,,Non-Injury Crash,Yes,2009,,North,,0,,Flat,,,,,,Bright sun,1860500,0,0,0,2,,,0,,,,,,Manawatū-Whanganui Region,Nil,2-way,Sealed,,0,0,,50,,Null,0,0,,42,Horowhenua District,Nil,,,,,1,0,Urban,0,,,Fine,Null
1769861,5914769,13901,,522722,0,,0,1,,South,2008/2009,AVIEMORE DRIVE,PAKURANGA ROAD,,Non-Injury Crash,No,2009,,North,,0,,Flat,,,,,,Bright sun,681324,0,0,0,3,,,0,,,,,,Auckland Region,Nil,2-way,Sealed,,0,0,,50,,Null,0,0,,76,Auckland,Give way,,,,,0,0,Urban,1,,,Fine,Null
1762616,5437386,13902,,568301,0,,0,2,,West,2008/2009,DAYSH ST,PARK AVENUE,,Non-Injury Crash,No,2009,,West,,0,,Flat,,,,,,Bright sun,1948400,0,0,0,2,,,0,,,,,,Wellington Region,Nil,2-way,Sealed,,0,0,,50,,Null,0,0,,46,Lower Hutt City,Nil,,,,,0,0,Urban,0,,,Fine,Null
1747292,5919582,13903,,512402,0,,0,1,,Null,2009/2010,TE ATATU ROAD,TE ATATU OFF WBD N,,Non-Injury Crash,No,2009,,South,,0,,Flat,,,,,,Dark,253700,0,0,0,4,,,0,,,,,,Auckland Region,Bridge,2-way,Sealed,,0,0,,50,,Off,1,0,,76,Auckland,Traffic Signals,,,,,0,0,Urban,0,,,Fine,Null
1765443,5909008,13904,,523402,0,,0,5,,North,2009/2010,SH 1N,HIGHBROOK OBR,,Non-Injury Crash,Yes,2009,,South,,0,,Flat,,,,,,Bright sun,696900,0,0,0,6,,,0,,,,,,Auckland Region,Nil,2-way,Sealed,,0,0,,100,,Off,1,0,,76,Auckland,Nil,,,,,0,0,Open,0,,,Fine,Null
1801208,5816728,13905,,529900,0,,0,2,,Null,2009/2010,BOUNDARY ROAD,HEAPHY TERRACE,,Non-Injury Crash,No,2009,,North,,0,,Flat,,,,,,Bright sun,863600,0,0,0,2,,,0,,,,,,Waikato Region,Nil,2-way,Sealed,,0,0,,50,,None,0,0,,16,Hamilton City,Give way,,,,,0,0,Urban,0,,,Fine,Null
1767430,5904936,13906,,524603,0,,0,2,,Null,2008/2009,GREAT SOUTH ROAD,CAVENDISH DRIVE,,Non-Injury Crash,No,2009,,South,,0,,Flat,,,,,,Overcast,780304,0,0,0,2,,,0,,,,,,Auckland Region,Nil,2-way,Sealed,,0,0,,50,,Null,0,0,,76,Auckland,Traffic Signals,,,,,0,0,Urban,0,,,Fine,Null
1774943,5896947,13907,,525610,0,,0,1,,South,2009/2010,DOMINION ROAD,ELSIE MORTON PLACE,,Non-Injury Crash,No,2009,,South,,0,,Flat,,,,,,Dark,799105,0,0,0,2,,,0,,,,,,Auckland Region,Nil,2-way,Sealed,,0,0,,50,,On,0,0,,76,Auckland,Nil,,,,,0,0,Urban,0,,,Fine,Null
1758302,5435041,13908,,570100,0,0,0,3,0,South,2008/2009,CUBA ST,BURNHAM ST,,Non-Injury Crash,No,2009,0,South,0,0,0,Flat,0,,0,,0,Overcast,2029700,0,0,0,2,0,0,0,0,1,,0,0,Wellington Region,Nil,2-way,Sealed,0,0,0,0,50,0,Null,0,0,,46,Lower Hutt City,Nil,0,0,0,0,0,0,Urban,0,0,0,Fine,Null
2067080,5825965,13909,,543301,0,0,0,0,1,South,2008/2009,SH 35,WHARF ROAD,,Non-Injury Crash,Yes,2009,0,South,0,0,0,Flat,0,,0,,0,Bright sun,1342200,0,0,0,2,0,0,0,0,0,,0,0,Gisborne Region,Nil,2-way,Sealed,0,0,0,0,100,0,Null,1,0,,28,Gisborne District,Nil,0,0,0,0,0,0,Open,0,0,0,Fine,Null
1823732,5929785,13910,,533100,0,0,0,1,0,South,2009/2010,RINGS ROAD,FREDERICK ST,,Non-Injury Crash,No,2009,0,South,0,0,1,Flat,0,,0,,0,Dark,1044100,0,0,0,2,0,0,0,0,0,,1,0,Waikato Region,Nil,2-way,Sealed,0,0,0,0,50,0,On,0,0,,11,Thames-Coromandel District,Unknown,0,0,0,0,0,0,Urban,0,0,0,Light rain,Null
1870934,5823482,13911,,536503,0,,0,0,,Null,2008/2009,SH 2,TE PUNA ROAD,,Non-Injury Crash,Yes,2009,,West,,0,,Flat,,,,,,Dark,1188103,0,0,0,2,,,0,,,,,,Bay of Plenty Region,Nil,2-way,Sealed,,0,0,,80,,On,2,0,,22,Western Bay of Plenty District,Stop,,,,,0,0,Open,0,,,Light rain,Null
1754346,5931471,13912,,508805,0,,0,1,,South,2009/2010,PARKWAY DRIVE,CONSTELLATION DRIVE,,Non-Injury Crash,No,2009,,North,,0,,Flat,,,,,,Overcast,180826,0,0,0,2,,,0,,,,,,Auckland Region,Nil,2-way,Sealed,,0,0,,50,,Off,0,0,,76,Auckland,Give way,,,,,0,0,Urban,1,,,Heavy rain,Null
1765398,5916728,13913,,517100,0,0,0,1,0,Null,2008/2009,POINT ENGLAND ROAD,LINE ROAD,,Non-Injury Crash,No,2009,0,West,0,0,0,Flat,0,,0,,0,Dark,477000,0,0,0,2,0,0,0,0,0,,0,1,Auckland Region,Nil,2-way,Sealed,0,0,0,0,50,0,On,0,0,,76,Auckland,Give way,0,0,0,0,0,0,Urban,0,0,0,Fine,Null
1752337,5955172,13914,,506613,0,0,0,1,0,North,2008/2009,HIBISCUS COAST HIGHWAY,SCHISCHKA ROAD,,Non-Injury Crash,No,2009,0,North,0,0,0,Hill Road,0,,0,,0,Overcast,147000,0,0,0,3,0,0,0,1,0,,0,0,Auckland Region,Nil,2-way,Sealed,0,0,0,0,80,0,Null,0,0,,76,Auckland,Unknown,0,0,0,0,0,0,Open,0,0,0,Light rain,Null
1620152,6109433,13915,,500204,0,0,0,1,0,East,2009/2010,KAITAIA-AWAROA ROAD,TANGONGE ROAD,,Non-Injury Crash,No,2009,0,West,0,0,1,Flat,0,,0,,0,Dark,8902,0,0,0,2,0,0,0,0,0,,0,0,Northland Region,Nil,2-way,Sealed,0,0,0,0,70,0,None,0,0,,1,Far North District,Unknown,0,0,0,0,0,0,Urban,0,0,0,Fine,Null
1622433,5429396,13916,,583202,0,0,0,2,0,West,2009/2010,MOTUEKA ST,VANGUARD ST,,Non-Injury Crash,No,2009,0,West,0,0,0,Flat,0,,0,,0,Twilight,2329900,0,0,0,2,0,0,0,0,1,,0,0,Nelson Region,Nil,2-way,Sealed,0,0,0,0,50,0,Off,0,0,,52,Nelson City,Nil,0,0,0,0,0,0,Urban,0,0,0,Light rain,Null
1824220,5463397,13917,,578600,0,0,0,2,0,North,2009/2010,DIXON ST,PARK AVENUE,,Non-Injury Crash,No,2009,0,East,0,0,0,Flat,0,,0,,0,Overcast,2245100,0,0,0,2,0,0,0,0,1,,0,0,Wellington Region,Nil,2-way,Sealed,0,0,0,0,50,0,Null,0,0,,48,Masterton District,Nil,0,0,0,0,0,0,Urban,0,0,0,Fine,Null
1761378,5914334,13918,,520202,0,0,0,1,0,North,2009/2010,SH 1N,PENROSE INT S,,Non-Injury Crash,Yes,2009,0,South,0,0,0,Flat,1,,0,,0,Bright sun,612501,0,0,0,3,0,0,0,0,0,,0,0,Auckland Region,Nil,1-way,Sealed,0,0,0,0,100,0,Null,0,0,,76,Auckland,Unknown,0,0,0,0,1,0,Open,0,0,0,Fine,Null
1744155,5923568,13919,,513521,0,,0,0,,South,2008/2009,SH 16,HOBSONVILLE OBR,,Non-Injury Crash,Yes,2009,,South,,0,,Flat,,,,,,Bright sun,224232,0,0,0,2,,,0,,,,,,Auckland Region,Nil,2-way,Sealed,,0,0,,100,,Null,1,0,,76,Auckland,Unknown,,,,,1,0,Open,0,,,Fine,Null
1800785,5813035,13920,,530400,0,,0,2,,East,2009/2010,SH 1N,OHAUPO ROAD,,Non-Injury Crash,Yes,2009,,West,,0,,Flat,,,,,,Overcast,921900,0,0,0,2,,,0,,,,,,Waikato Region,Nil,2-way,Sealed,,0,0,,50,,Null,0,0,,16,Hamilton City,Unknown,,,,,0,0,Urban,0,,,Fine,Null
1678885,5402616,13921,,581240,0,,0,1,,West,2008/2009,LEITRIM ST,MAXWELL ROAD,,Non-Injury Crash,No,2009,,East,,0,,Flat,,,,,,Dark,2302000,0,0,0,2,,,0,,,,,,Marlborough Region,Nil,2-way,Sealed,,0,0,,50,,On,0,0,,53,Marlborough District,Nil,,,,,0,0,Urban,0,,,Fine,Null
1405711,4915098,13922,,604300,0,0,0,2,0,North,2009/2010,KING EDWARD ST,GROSVENOR ST,,Serious Crash,No,2009,0,South,0,0,0,Flat,0,,0,,0,Overcast,2932500,2,0,0,2,0,0,0,0,1,,0,0,Otago Region,Nil,2-way,Sealed,0,0,2,0,50,0,Null,1,0,,71,Dunedin City,Unknown,0,0,0,0,0,0,Urban,0,0,0,Fine,Null
1740513,5976759,13923,,506660,0,,0,1,,South,2009/2010,SH 1N,WAYBY VALLEY ROAD,,Non-Injury Crash,Yes,2009,,North,,0,,Hill Road,,,,,,Dark,136700,0,0,0,3,,,0,,,,,,Auckland Region,Nil,2-way,Sealed,,0,0,,80,,None,0,0,,76,Auckland,Unknown,,,,,0,0,Open,1,,,Fine,Null
1819530,5530061,13924,,562710,0,,0,2,,South,2009/2010,BOTANICAL ROAD,TREMAINE AVENUE,,Non-Injury Crash,No,2009,,South,,0,,Flat,,,,,,Overcast,1817200,0,0,0,2,,,0,,,,,,Manawatū-Whanganui Region,Nil,2-way,Sealed,,0,0,,50,,Null,0,0,,40,Palmerston North City,Nil,,,,,0,0,Urban,0,,,Fine,Null
1678473,6022862,13925,,504600,0,,0,2,,Null,2008/2009,PLUNKET ST,TIRARAU ST,,Non-Injury Crash,No,2009,,North,,0,,Flat,,,,,,Bright sun,116000,0,0,0,2,,,0,,,,,,Northland Region,Nil,2-way,Sealed,,0,0,,40,,Off,0,0,,3,Kaipara District,Give way,,,,,0,0,Urban,0,,,Fine,Null
1750061,5914432,13926,,511303,0,0,0,1,0,South,2009/2010,DELTA AVENUE,VERONICA ST,,Non-Injury Crash,No,2009,0,South,0,0,1,Hill Road,0,,0,,0,Bright sun,265900,0,0,0,2,0,0,0,0,0,,0,0,Auckland Region,Nil,2-way,Sealed,0,0,0,0,50,0,Off,0,0,,76,Auckland,Give way,0,0,0,0,0,0,Urban,0,0,0,Null,Null
1751024,5926373,13927,,510010,0,0,0,1,0,North,2008/2009,JAPONICA DRIVE,FORDHAM ST,,Non-Injury Crash,No,2009,0,North,0,0,1,Hill Road,0,,0,,0,Dark,343801,0,0,0,2,0,0,0,0,0,,0,1,Auckland Region,Nil,2-way,Sealed,0,0,0,0,50,0,On,0,0,,76,Auckland,Nil,0,0,0,0,0,0,Urban,0,0,0,Fine,Null
1748863,5970820,13928,,505500,0,,0,2,,North,2008/2009,SH 1N,HILL ST,,Non-Injury Crash,Yes,2009,,South,,0,,Hill Road,,,,,,Bright sun,140000,0,0,0,2,,,0,,,,,,Auckland Region,Nil,2-way,Sealed,,0,0,,60,,Null,0,0,,76,Auckland,Unknown,,,,,0,0,Urban,0,,,Fine,Null
1821007,5529033,13929,,563000,1,,0,1,,Null,2008/2009,MAIN ST,COOK ST,,Non-Injury Crash,No,2009,,East,,0,,Flat,,,,,,Overcast,1805700,0,0,0,2,,,0,,,,,,Manawatū-Whanganui Region,Nil,2-way,Sealed,,0,0,,50,,Null,0,0,,40,Palmerston North City,Traffic Signals,,,,,0,0,Urban,0,,,Fine,Null
1571845,5182063,13930,,593200,0,,1,1,,South,2009/2010,HILLS ROAD,EDGEWARE ROAD,,Serious Crash,No,2009,,North,,0,,Flat,,,,,,Bright sun,2696900,0,0,0,2,,,0,,,,,,Canterbury Region,Nil,2-way,Sealed,,0,1,,50,,Null,0,0,,60,Christchurch City,Nil,,,,,0,0,Urban,0,,,Fine,Null
1759800,5436951,13931,,569301,0,0,0,2,0,Null,2008/2009,SH 2,MELLING LINK,,Non-Injury Crash,Yes,2009,0,North,0,0,0,Flat,1,Queens Birthday,0,,0,Dark,1919900,0,0,0,2,0,0,0,0,0,,0,0,Wellington Region,Nil,2-way,Sealed,0,0,0,0,100,0,On,0,0,,46,Lower Hutt City,Traffic Signals,0,0,0,0,0,0,Open,0,0,0,Fine,Null
1623776,5430783,13932,,582500,0,0,0,1,0,North,2009/2010,TRAFALGAR ST,HARDY ST,,Non-Injury Crash,No,2009,0,West,0,0,0,Flat,0,,0,,0,Overcast,2320300,0,0,0,2,0,0,0,0,1,,0,0,Nelson Region,Nil,2-way,Sealed,0,0,0,0,50,0,Null,1,0,,52,Nelson City,Nil,0,0,0,0,0,0,Urban,0,0,0,Fine,Null
1757130,5925641,13933,,509702,0,0,0,1,0,South,2009/2010,SH 1N,ESMONDE ON SBD,,Non-Injury Crash,Yes,2009,1,South,0,0,0,Flat,0,,0,,0,Bright sun,364602,0,0,0,3,0,0,0,0,0,,0,0,Auckland Region,Nil,1-way,Sealed,0,0,0,0,100,0,Off,0,0,,76,Auckland,Nil,0,0,0,0,0,0,Open,0,0,0,Fine,Null
1762770,5459180,13934,,566200,0,0,0,3,0,South,2008/2009,SH 1N,AMES ST,,Non-Injury Crash,Yes,2009,0,North,0,0,0,Flat,1,,0,,0,Twilight,2009702,0,0,0,1,0,0,0,0,0,,0,0,Wellington Region,Nil,2-way,Sealed,0,0,0,0,80,0,None,0,0,,43,Kapiti Coast District,Nil,0,0,0,0,0,0,Open,0,0,0,Fine,Null
1753929,5924935,13935,,510500,0,,0,2,,Null,2008/2009,BIRKENHEAD AVENUE,ZION ROAD,,Non-Injury Crash,No,2009,,South,,0,,Hill Road,,,,,,Twilight,355800,0,0,0,2,,,0,,,,,,Auckland Region,Nil,2-way,Sealed,,0,0,,50,,Off,0,0,,76,Auckland,Nil,,,,,0,0,Urban,0,,,Fine,Null
1876114,5819934,13936,,537601,0,,0,2,,Null,2009/2010,CAMERON ROAD,CHADWICK ROAD,,Non-Injury Crash,No,2009,,South,,0,,Flat,,,,,,Overcast,1176500,0,0,0,2,,,0,,,,,,Bay of Plenty Region,Nil,2-way,Sealed,,0,0,,50,,Null,0,0,,23,Tauranga City,Give way,,,,,0,0,Urban,0,,,Fine,Null
1696604,5677418,13937,,551012,0,,0,1,,Null,2009/2010,SH 3,VICKERS ROAD,,Non-Injury Crash,Yes,2009,,North,,0,,Flat,,,,,,Overcast,1558900,0,0,0,2,,,0,,,,,,Taranaki Region,Nil,2-way,Sealed,,0,0,,50,,Null,1,0,,33,New Plymouth District,Give way,,,,,0,0,Urban,0,,,Fine,Null
1748832,5425608,13938,,576500,0,,0,1,,Null,2009/2010,JOHN ST,ADELAIDE ROAD,,Minor Crash,No,2009,,East,,0,,Flat,,,,,,Overcast,2148700,1,0,0,2,,,0,,,,,,Wellington Region,Nil,2-way,Sealed,,0,0,,50,,Null,0,0,,47,Wellington City,Traffic Signals,,,,,1,0,Urban,0,,,Light rain,Null
1820775,5531076,13939,,562401,0,,0,3,,North,2008/2009,SH 3,TREMAINE AVENUE,,Non-Injury Crash,Yes,2009,,South,,0,,Flat,,,,,,Overcast,1833900,0,0,0,4,,,0,,,,,,Manawatū-Whanganui Region,Bridge,2-way,Sealed,,0,0,,50,,Null,0,0,,40,Palmerston North City,Nil,,,,,0,0,Urban,0,,,Light rain,Null
1936379,5621188,13940,,546901,0,,0,2,,Null,2008/2009,TENNYSON ST,STATION ST,,Non-Injury Crash,No,2009,,South,,0,,Flat,,,,,,Overcast,1428000,0,0,0,5,,,0,,,,,,Hawke's Bay Region,Nil,2-way,Sealed,,0,0,,50,,Null,0,0,,31,Napier City,Traffic Signals,,,,,0,0,Urban,0,,,Fine,Null
1803015,5733298,13941,,531800,0,0,0,1,1,East,2009/2010,SH 30,WAIMIHA ROAD,,Non-Injury Crash,Yes,2009,0,South,0,0,0,Flat,0,,0,,0,Bright sun,1012500,0,0,0,2,0,0,0,0,0,,0,0,Waikato Region,Nil,2-way,Sealed,0,0,0,0,100,0,Null,0,0,,20,Waitomo District,Unknown,0,0,0,0,0,0,Open,0,0,0,Fine,Null
1751793,5924965,13942,,510020,0,0,0,1,0,West,2009/2010,RANGATIRA ROAD,MONTE CASSINO PLACE,,Non-Injury Crash,No,2009,0,East,0,0,0,Flat,1,,0,,0,Dark,346600,0,0,0,2,0,0,0,0,0,,0,0,Auckland Region,Nil,2-way,Sealed,0,0,0,0,50,0,On,0,0,,76,Auckland,Nil,0,0,0,0,0,0,Urban,0,0,0,Fine,Null
1337308,5061179,13943,,600831,0,0,0,1,0,South,2009/2010,SH 8,LONGSLIP CRK BR NO1,,Minor Crash,Yes,2009,0,South,0,0,0,Hill Road,0,,0,,0,Twilight,2852100,1,0,0,2,0,0,0,1,0,,0,0,Canterbury Region,Nil,2-way,Sealed,0,0,0,0,100,0,None,0,0,,68,Waitaki District,Unknown,0,0,0,0,0,0,Open,0,0,0,Fine,Null
1796257,5820223,13944,,528403,0,0,0,1,0,Null,2008/2009,THE BOULEVARD,TE KOWHAI ROAD EAST,,Non-Injury Crash,No,2009,0,South,0,0,0,Flat,0,,0,,1,Bright sun,976500,0,0,0,1,0,0,0,0,0,,0,0,Waikato Region,Nil,2-way,Sealed,0,0,0,0,50,0,Null,0,0,,16,Hamilton City,Give way,0,0,0,0,0,0,Urban,0,0,0,Fine,Null
1748452,5913939,13945,,511302,0,0,0,2,0,Null,2009/2010,LYNWOOD ROAD,GREAT NORTH ROAD,,Non-Injury Crash,No,2009,0,East,0,0,0,Flat,0,,0,,0,Dark,269300,0,0,0,2,0,0,0,0,0,,0,0,Auckland Region,Nil,2-way,Sealed,0,0,0,0,50,0,On,0,0,,76,Auckland,Nil,0,0,0,0,0,0,Urban,0,1,0,Light rain,Null
1678441,6022329,13946,,504600,1,,0,1,,East,2008/2009,SH 12,PORTLAND ST,,Non-Injury Crash,Yes,2009,,East,,0,,Flat,,,,,,Twilight,116300,0,0,0,2,,,0,,,,,,Northland Region,Nil,2-way,Sealed,,0,0,,50,,On,0,0,,3,Kaipara District,Nil,,,,,0,0,Urban,0,,,Fine,Null