X,Y,OBJECTID,advisorySpeed,areaUnitID,bicycle,bridge,bus,carStationWagon,cliffBank,crashDirectionDescription,crashFinancialYear,crashLocation1,crashLocation2,crashRoadSideRoad,crashSeverity,crashSHDescription,crashYear,debris,directionRoleDescription,ditch,fatalCount,fence,flatHill,guardRail,holiday,houseOrBuilding,intersection,kerb,light,meshblockId,minorInjuryCount,moped,motorcycle,NumberOfLanes,objectThrownOrDropped,otherObject,otherVehicleType,overBank,parkedVehicle,pedestrian,phoneBoxEtc,postOrPole,region,roadCharacter,roadLane,roadSurface,roadworks,schoolBus,seriousInjuryCount,slipOrFlood,speedLimit,strayAnimal,streetLight,suv,taxi,temporarySpeedLimit,tlaId,tlaName,trafficControl,trafficIsland,trafficSign,train,tree,truck,unknownVehicleType,urban,vanOrUtility,vehicle,waterRiver,weatherA,weatherB
1763622,5912685,13947,,520500,0,,0,2,,North,2009/2010,SH 1N,MT WGTN ON NBD,,Non-Injury Crash,Yes,2009,,North,,0,,Flat,,,,,,Overcast,637300,0,0,0,3,,,0,,,,,,Auckland Region,Nil,1-way,Sealed,,0,0,,100,,On,0,0,,76,Auckland,Nil,,,,,0,0,Open,0,,,Fine,Null
1755169,5914277,13948,,518803,0,,0,2,,South,2009/2010,DOMINION ROAD,MOUNT ALBERT ROAD,,Non-Injury Crash,No,2009,,South,,0,,Flat,,,,,,Overcast,580100,0,0,0,4,,,0,,,,,,Auckland Region,Nil,2-way,Sealed,,0,0,,50,,Off,0,0,,76,Auckland,Nil,,,,,0,0,Urban,0,,,Light rain,Null
1756766,5927433,13949,,507900,0,,0,2,,South,2008/2009,TAHAROTO ROAD,NORTHCOTE ROAD,,Non-Injury Crash,No,2009,,North,,0,,Flat,,,,,,Bright sun,303502,0,0,0,5,,,0,,,,,,Auckland Region,Nil,2-way,Sealed,,0,0,,50,,Null,0,0,,76,Auckland,Traffic Signals,,,,,0,0,Urban,0,,,Fine,Null
1772673,5577851,13950,,556500,0,,0,2,,East,2008/2009,Z CPK,FITZHERBERT/FOX,,Non-Injury Crash,No,2009,,North,,0,,Flat,,Christmas New Year,,,,Bright sun,1720100,0,0,0,0,,,0,,,,,,Manawatū-Whanganui Region,Nil,Off road,Sealed,,0,0,,50,,Null,0,0,,37,Whanganui District,Nil,,,,,0,0,Urban,0,,,Fine,Null
1802162,5790532,13951,,531001,0,0,0,1,0,South,2008/2009,PAKURA ST,ST MARYS AVENUE,,Non-Injury Crash,No,2009,0,South,0,0,0,Flat,0,,0,,1,Dark,970800,0,0,0,2,0,0,0,0,0,,0,0,Waikato Region,Nil,2-way,Sealed,0,0,0,0,50,0,On,0,0,,17,Waipa District,Nil,0,0,0,0,0,0,Urban,0,0,0,Light rain,Null
1643914,6076232,13952,30,500802,0,0,0,1,0,West,2008/2009,SH 12,WHAREKAWA ROAD,,Non-Injury Crash,Yes,2009,0,West,0,0,1,Hill Road,0,,0,,0,Bright sun,25400,0,0,0,2,0,0,0,1,0,,0,0,Northland Region,Nil,2-way,Unsealed,0,0,0,0,100,0,None,0,0,,1,Far North District,Nil,0,0,0,1,0,0,Open,0,0,0,Fine,Null
1788648,5857126,13953,,526900,0,0,0,0,0,East,2009/2010,TE KAUWHATA ROAD,WAYSIDE ROAD,,Non-Injury Crash,No,2009,0,East,0,0,0,Flat,0,,0,,0,Dark,938000,0,0,0,2,0,0,0,0,0,,0,0,Waikato Region,Nil,2-way,Sealed,0,0,0,0,100,0,None,0,0,,13,Waikato District,Nil,0,0,0,0,0,0,Open,1,0,0,Heavy rain,Null
1767547,5904760,13954,,524604,0,,0,3,,South,2008/2009,GREAT SOUTH ROAD,CAVENDISH DRIVE,,Non-Injury Crash,No,2009,,South,,0,,Flat,,,,,,Bright sun,780209,0,0,0,4,,,0,,,,,,Auckland Region,Nil,2-way,Sealed,,0,0,,50,,Off,0,0,,76,Auckland,Nil,,,,,0,0,Urban,0,,,Fine,Null
1875073,5817590,13955,,537602,0,,0,2,,South,2009/2010,PYES PA ROAD,INVERNESS DRIVE,,Non-Injury Crash,No,2009,,North,,0,,Flat,,,,,,Bright sun,1192216,0,0,0,2,,,0,,,,,,Bay of Plenty Region,Nil,2-way,Sealed,,0,0,,60,,Null,0,0,,23,Tauranga City,Nil,,,,,0,0,Urban,0,,,Fine,Null
1759722,5434311,13956,,568900,0,,0,1,,North,2008/2009,RANDWICK ROAD,RANDWICK CRESCENT,,Non-Injury Crash,No,2009,,North,,0,,Flat,,,,,,Overcast,1963300,0,0,0,2,,,0,,,,,,Wellington Region,Nil,2-way,Sealed,,0,0,,50,,Null,0,0,,46,Lower Hutt City,Nil,,,,,0,0,Urban,1,,,Fine,Null
1739747,5977427,13957,,506660,0,0,0,1,0,South,2008/2009,SH 1N,WAYBY STATION ROAD,,Non-Injury Crash,Yes,2009,0,North,0,0,1,Flat,0,,0,,0,Dark,136700,0,0,0,2,0,0,0,0,0,,0,0,Auckland Region,Nil,2-way,Sealed,0,0,0,0,70,0,None,0,0,,76,Auckland,Unknown,0,0,0,1,0,0,Urban,0,0,0,Light rain,Null
1787326,5446003,13958,,567902,0,0,0,0,1,East,2008/2009,SH 2,TRIG TRACK CNR,,Non-Injury Crash,Yes,2009,0,West,0,0,0,Hill Road,0,,0,,0,Overcast,1916300,0,0,0,2,0,0,0,0,0,,0,0,Wellington Region,Nil,2-way,Sealed,0,0,0,0,100,0,Null,1,0,,45,Upper Hutt City,Nil,0,0,0,0,0,0,Open,0,0,0,Heavy rain,Null
1750121,5916283,13959,,514801,0,0,0,2,0,West,2008/2009,AVONDALE ROAD,ROSEBANK ROAD,,Non-Injury Crash,No,2009,0,South,0,0,0,Flat,0,,0,,0,Twilight,389102,0,0,0,2,0,0,0,0,0,,0,0,Auckland Region,Nil,2-way,Sealed,0,0,0,0,50,0,Off,0,0,,76,Auckland,Unknown,0,0,0,0,0,0,Urban,0,1,0,Fine,Null
1787306,5826991,13960,,526601,0,0,0,1,1,West,2008/2009,WAINGARO ROAD,TE PUROA ROAD,,Non-Injury Crash,No,2009,0,East,0,0,0,Flat,0,,0,,0,Bright sun,853700,0,0,0,2,0,1,0,0,0,,0,0,Waikato Region,Nil,2-way,Sealed,0,0,0,0,100,0,Null,0,0,,13,Waikato District,Unknown,0,0,0,0,0,0,Open,0,0,0,Fine,Null
1770937,5889927,13961,,521203,0,,0,1,,West,2008/2009,SH 22,OIRA ROAD,,Non-Injury Crash,Yes,2009,,East,,0,,Hill Road,,,,,,Dark,807200,0,0,0,2,,,0,,,,,,Auckland Region,Nil,2-way,Sealed,,0,0,,100,,None,0,0,,76,Auckland,Nil,,,,,0,0,Open,1,,,Fine,Null
1901505,5813042,13962,,536653,0,0,0,1,0,South,2008/2009,MAKETU ROAD,KELLY ROAD,,Non-Injury Crash,No,2009,0,South,0,0,1,Flat,0,,0,,0,Overcast,1209700,0,0,0,2,0,0,0,0,0,,0,0,Bay of Plenty Region,Nil,2-way,Sealed,0,0,0,0,100,0,Null,0,0,,22,Western Bay of Plenty District,Unknown,0,0,0,0,0,0,Open,0,0,0,Fine,Null
1930263,5605088,13963,,548200,0,0,0,1,0,West,2008/2009,KARAMU ROAD NORTH,ELLISON ROAD,,Non-Injury Crash,No,2009,0,West,0,0,0,Flat,0,,0,,0,Twilight,1494100,0,0,0,2,0,0,0,0,1,,0,0,Hawke's Bay Region,Nil,2-way,Sealed,0,0,0,0,50,0,Off,1,0,,30,Hastings District,Nil,0,0,0,0,0,0,Urban,0,0,0,Light rain,Null
1823930,5529300,13964,,563200,0,0,0,1,0,Null,2008/2009,RUAHINE ST,FRANKLIN AVENUE,,Non-Injury Crash,No,2009,0,South,0,0,1,Flat,0,,0,,0,Dark,1848900,0,0,0,2,0,0,0,0,0,,0,0,Manawatū-Whanganui Region,Nil,2-way,Sealed,0,0,0,0,50,0,On,0,0,,40,Palmerston North City,Give way,0,0,0,1,0,0,Urban,0,0,0,Light rain,Null
1755800,5924563,13965,,509800,0,0,0,0,0,East,2008/2009,ONEWA ROAD,BRUCE ST,,Non-Injury Crash,No,2009,0,North,0,0,0,Flat,0,,0,,0,Dark,360500,0,0,0,2,0,0,0,0,0,,0,1,Auckland Region,Nil,2-way,Sealed,0,0,0,0,50,0,On,1,0,,76,Auckland,Unknown,0,0,0,0,0,0,Urban,0,0,0,Fine,Null
1932957,5601787,13966,,548832,0,0,0,1,1,South,2009/2010,DUART ROAD,TE MATA ROAD,,Non-Injury Crash,No,2009,0,North,0,0,0,Hill Road,0,,0,,0,Dark,1508400,0,0,0,2,0,0,0,0,0,,0,0,Hawke's Bay Region,Nil,2-way,Sealed,0,0,0,0,50,0,On,0,0,,30,Hastings District,Nil,0,0,0,0,0,0,Urban,0,0,0,Fine,Frost
1763999,5904248,13967,,524604,0,,0,2,,South,2008/2009,PUHINUI LINK ROSCOMMON,SH 20B,,Non-Injury Crash,Yes,2009,,North,,0,,Flat,,,,,,Bright sun,781100,0,0,0,2,,,0,,,,,,Auckland Region,Motorway ramp,1-way,Sealed,,0,0,,50,,Off,0,0,,76,Auckland,Give way,,,,,0,0,Urban,0,,,Fine,Null
1756762,5918853,13968,,514200,0,,0,2,,Null,2008/2009,NEWTON ROAD,UPPER QUEEN ST,,Non-Injury Crash,No,2009,,West,,0,,Hill Road,,,,,,Bright sun,412700,0,0,0,4,,,0,,,,,,Auckland Region,Nil,2-way,Sealed,,0,0,,50,,Off,0,0,,76,Auckland,Give way,,,,,0,0,Urban,0,,,Fine,Null
1645479,6121310,13969,,500202,0,,0,2,,South,2008/2009,ORURU ROAD,GARTON ROAD,,Non-Injury Crash,No,2009,,South,,0,,Flat,,,,,,Overcast,4800,0,0,0,2,,,0,,,,,,Northland Region,Bridge,2-way,Sealed,,0,0,,100,,None,0,0,,1,Far North District,Give way,,,,,0,0,Open,0,,,Light rain,Null
1750925,5954557,13970,,506201,0,,0,1,,West,2008/2009,WERANUI ROAD,WAIWERA ROAD,,Non-Injury Crash,No,2009,,East,,0,,Flat,,,,,,Dark,176204,0,0,0,1,,,0,,,,,,Auckland Region,Nil,2-way,Unsealed,,0,0,,100,,None,0,0,,76,Auckland,Nil,,,,,0,0,Open,0,,,Heavy rain,Null
2054447,5719859,13971,,544001,0,0,0,1,0,South,2008/2009,SH 35,PA ROAD,,Non-Injury Crash,Yes,2009,1,South,0,0,0,Flat,0,,0,,0,Dark,1357000,0,0,0,2,0,0,0,0,0,,0,0,Gisborne Region,Bridge,2-way,Sealed,0,0,0,0,100,0,On,0,0,,28,Gisborne District,Nil,0,0,0,0,0,0,Open,1,0,0,Fine,Null
1798729,5817716,13972,,528700,0,,0,1,,Null,2009/2010,TE RAPA ROAD,DALGLIESH AVENUE,,Non-Injury Crash,No,2009,,West,,0,,Flat,,,,,,Bright sun,901301,0,0,0,2,,,0,,,,,,Waikato Region,Nil,2-way,Sealed,,0,0,,60,,Null,1,0,,16,Hamilton City,Give way,,,,,0,0,Urban,0,,,Fine,Null
1744970,5913204,13973,,512906,0,0,0,1,0,North,2009/2010,GLENGARRY ROAD,MAYWOOD CRESCENT N,,Non-Injury Crash,No,2009,0,South,0,0,1,Hill Road,0,,0,,0,Dark,278701,0,0,0,2,0,0,0,0,0,,0,0,Auckland Region,Nil,2-way,Sealed,0,0,0,0,50,0,On,0,0,,76,Auckland,Nil,0,0,0,1,0,0,Urban,0,0,0,Fine,Null
1821488,5528412,13974,,563000,0,,0,1,,Null,2008/2009,COLLEGE ST,WORCESTER ST,,Non-Injury Crash,No,2009,,East,,0,,Flat,,,,,,Twilight,1809300,0,0,0,2,,,0,,,,,,Manawatū-Whanganui Region,Nil,2-way,Sealed,,0,0,,50,,Off,0,0,,40,Palmerston North City,Nil,,,,,0,0,Urban,1,,,Fine,Null
1876565,5814600,13975,,536630,0,0,0,1,1,North,2008/2009,OROPI ROAD,WARNER ROAD,,Non-Injury Crash,No,2009,0,North,1,0,0,Hill Road,0,,0,,0,Overcast,1193501,0,0,0,2,0,0,0,0,0,,0,0,Bay of Plenty Region,Nil,2-way,Sealed,0,0,0,0,100,0,Null,0,0,,22,Western Bay of Plenty District,Unknown,0,0,0,0,0,0,Open,0,0,0,Light rain,Null
1747925,5427409,13976,,575300,0,0,0,2,0,North,2008/2009,KELBURN PARADE,FAIRLIE TERRACE,,Non-Injury Crash,No,2009,0,North,0,0,0,Flat,0,,0,,0,Overcast,2155400,0,0,0,2,0,0,0,0,0,,0,0,Wellington Region,Nil,2-way,Sealed,0,0,0,0,50,0,Null,0,0,,47,Wellington City,Nil,0,0,0,0,0,0,Urban,0,1,0,Fine,Null
1803955,5813907,13977,,530700,0,,1,1,,North,2008/2009,MASTERS AVENUE,CAMBRIDGE ROAD,,Non-Injury Crash,No,2009,,South,,0,,Flat,,,,,,Overcast,889201,0,0,0,2,,,0,,,,,,Waikato Region,Nil,2-way,Sealed,,0,0,,50,,None,0,0,,16,Hamilton City,Give way,,,,,0,0,Urban,0,,,Null,Null
1691454,6105620,13978,,501614,0,,0,1,,Null,2009/2010,OPITO BAY ROAD,RANGITANE ROAD,,Non-Injury Crash,No,2009,,South,,0,,Flat,,,,,,Bright sun,44404,0,0,0,1,,,0,,,,,,Northland Region,Nil,2-way,Sealed,,0,0,,100,,None,0,0,,1,Far North District,Give way,,,,,0,0,Open,0,,,Fine,Null
1719380,6045955,13979,,503100,0,,0,1,,Null,2008/2009,BANK ST,HUNT ST,,Non-Injury Crash,No,2009,,North,,0,,Hill Road,,,,,,Overcast,99700,0,0,0,2,,,0,,,,,,Northland Region,Nil,2-way,Sealed,,0,0,,50,,Off,1,0,,2,Whangarei District,Stop,,,,,0,0,Urban,0,,,Light rain,Null
1782346,5925864,13980,,520801,0,0,0,0,0,Null,2009/2010,BELGIUM ST,WHARF ROAD,,Non-Injury Crash,No,2009,0,South,0,0,0,Flat,0,,0,,0,Overcast,515314,0,0,0,2,0,0,0,0,0,,0,1,Auckland Region,Nil,2-way,Sealed,0,0,0,0,50,0,Off,1,0,,76,Auckland,Stop,0,0,0,0,0,0,Urban,0,0,0,Fine,Null
1622767,5429097,13981,,583300,0,,0,2,,South,2008/2009,WAIMEA ROAD,MOTUEKA ST,,Non-Injury Crash,No,2009,,South,,0,,Hill Road,,,,,,Bright sun,2330600,0,0,0,2,,,0,,,,,,Nelson Region,Nil,2-way,Sealed,,0,0,,50,,Null,0,0,,52,Nelson City,Nil,,,,,0,0,Urban,0,,,Fine,Null
2037278,5708330,13982,,544600,0,0,0,0,0,Null,2008/2009,BRIGHT ST,GLADSTONE ROAD,,Non-Injury Crash,No,2009,0,South,0,0,0,Flat,0,,0,,0,Dark,1370600,0,0,0,2,0,0,0,0,0,,0,1,Gisborne Region,Nil,2-way,Sealed,0,0,0,0,50,0,On,0,0,,28,Gisborne District,Give way,1,0,0,0,1,0,Urban,0,0,0,Fine,Null
1769381,5901033,13983,,524902,0,,0,2,,Null,2009/2010,CLAUDE ROAD,ALFRISTON ROAD,,Non-Injury Crash,No,2009,,South,,0,,Flat,,,,,,Dark,757700,0,0,0,2,,,0,,,,,,Auckland Region,Nil,2-way,Sealed,,0,0,,50,,On,0,0,,76,Auckland,Give way,,,,,0,0,Urban,0,,,Fine,Null
1934415,5786633,13984,,542540,0,0,0,1,0,North,2008/2009,TE TEKO ROAD,POWELL ROAD,,Non-Injury Crash,No,2009,0,North,0,0,0,Flat,0,,0,,0,Dark,1323800,0,0,0,2,0,0,0,0,0,,0,0,Bay of Plenty Region,Nil,2-way,Sealed,0,0,0,0,100,0,None,0,0,,25,Whakatane District,Unknown,0,0,0,0,0,0,Open,0,0,0,Fine,Null
1745121,5924407,13985,,513431,0,,0,3,,Null,2008/2009,HOBSONVILLE ROAD,LUCKENS ROAD,,Non-Injury Crash,No,2009,,West,,0,,Flat,,,,,,Overcast,223802,0,0,0,2,,,0,,,,,,Auckland Region,Nil,2-way,Sealed,,0,0,,50,,Null,0,0,,76,Auckland,Give way,,,,,0,0,Urban,0,,,Fine,Null
1281759,4877227,13986,,610400,0,,0,0,,South,2009/2010,SH 1S,CARTERET ST,,Minor Crash,Yes,2009,,South,,0,,Flat,,,,,,Overcast,3067300,1,0,0,2,,,0,,,,,,Southland Region,Nil,2-way,Sealed,,0,0,,100,,Null,0,0,,74,Gore District,Unknown,,,,,1,0,Open,1,,,Heavy rain,Null
1718414,6041201,13987,,502005,0,,0,4,,South,2008/2009,SH 1N,TOE TOE ROAD,,Non-Injury Crash,Yes,2009,,North,,0,,Hill Road,,,,,,Dark,74601,0,0,0,2,,,0,,,,,,Northland Region,Nil,2-way,Sealed,,0,0,,100,,None,0,0,,2,Whangarei District,Nil,,,,,0,0,Open,0,,,Light rain,Null
1685464,6030468,13988,,504502,0,0,0,1,0,East,2009/2010,SH 14,TANGOWAHINE VALLEY ROAD,,Non-Injury Crash,Yes,2009,0,North,1,0,0,Flat,0,,0,,0,Overcast,120500,0,0,0,0,0,0,0,0,0,,0,0,Northland Region,Nil,2-way,Unsealed,0,0,0,0,100,0,None,0,0,50,3,Kaipara District,Nil,0,0,0,0,0,0,Open,0,0,0,Fine,Null
2021554,5733553,13989,,543601,0,0,0,0,0,North,2009/2010,WHATATUTU ROAD,KAITARA ROAD NORTH,,Non-Injury Crash,No,2009,0,North,0,0,0,Hill Road,0,,0,,0,Dark,1354601,0,0,0,2,0,0,0,0,0,,0,0,Gisborne Region,Nil,2-way,Sealed,0,0,0,0,50,0,None,1,0,,28,Gisborne District,Nil,0,0,0,0,0,0,Urban,0,0,0,Light rain,Null
1669037,5404531,13990,,580300,0,0,0,1,0,East,2008/2009,SH 6,UXBRIDGE ST,,Non-Injury Crash,Yes,2009,0,East,0,0,0,Flat,0,,1,,0,Dark,2289100,0,0,0,2,0,0,0,0,0,,0,0,Marlborough Region,Nil,2-way,Sealed,0,0,0,0,50,0,On,0,0,,53,Marlborough District,Nil,0,0,0,0,0,0,Urban,0,0,0,Fine,Null
1742948,5918350,13991,,513214,0,,0,2,,West,2008/2009,JILLIAN DRIVE,METCALFE ROAD,,Non-Injury Crash,No,2009,,West,,0,,Flat,,,,,,Unknown,236500,0,0,0,1,,,0,,,,,,Auckland Region,Nil,2-way,Sealed,,0,0,,50,,None,0,0,,76,Auckland,Nil,,,,,0,0,Urban,0,,,Fine,Null
1763273,5915030,13992,,520302,0,,0,2,,North,2009/2010,HARRIS ROAD,ELLERSLIE-PANMURE HIGHWAY,,Non-Injury Crash,No,2009,,North,,0,,Flat,,,,,,Bright sun,626101,0,0,0,2,,,0,,,,,,Auckland Region,Nil,2-way,Sealed,,0,0,,50,,Off,0,0,,76,Auckland,Nil,,,,,0,0,Urban,0,,,Fine,Null
1767456,5905770,13993,,522302,0,,0,1,,North,2009/2010,SH 1N,REAGAN OBR,,Non-Injury Crash,Yes,2009,,North,,0,,Flat,,,,,,Twilight,670902,0,0,0,3,,,0,,,,,,Auckland Region,Nil,1-way,Sealed,,0,0,,100,,On,1,0,,76,Auckland,Nil,,,,,0,0,Open,1,,,Heavy rain,Null
1394520,4915725,13994,,606210,0,,0,2,,South,2009/2010,SH 87,INGLIS ST,,Minor Crash,Yes,2009,,North,,0,,Flat,,,,,,Overcast,2968800,3,0,0,2,,,0,,,,,,Otago Region,Nil,2-way,Sealed,,0,0,,50,,Null,0,0,,71,Dunedin City,Unknown,,,,,0,0,Urban,0,,,Light rain,Null
1800227,5812158,13995,,529200,0,0,0,1,0,East,2009/2010,THORNTON PLACE,PRISK ST,,Non-Injury Crash,No,2009,0,West,0,0,0,Flat,0,,0,,0,Bright sun,929300,0,0,0,2,0,0,0,0,0,,0,1,Waikato Region,Nil,2-way,Sealed,0,0,0,0,50,0,Null,0,0,,16,Hamilton City,Unknown,0,0,0,0,0,0,Urban,0,0,0,Fine,Null
1933510,5619262,13996,,547400,0,,0,1,,North,2009/2010,MAGDALEN CRESCENT,MERTON CRESCENT,,Non-Injury Crash,No,2009,,East,,0,,Flat,,,,,,Overcast,1449200,0,0,0,2,,,0,,,,,,Hawke's Bay Region,Nil,2-way,Sealed,,0,0,,50,,Null,1,0,,31,Napier City,Nil,,,,,0,0,Urban,0,,,Fine,Null
1934071,5620370,13997,,546400,0,,0,2,,Null,2009/2010,AUSTIN ST,FORD ROAD,,Non-Injury Crash,No,2009,,West,,0,,Flat,,,,,,Overcast,1426700,0,0,0,2,,,0,,,,,,Hawke's Bay Region,Nil,2-way,Sealed,,0,0,,50,,Null,0,0,,31,Napier City,Give way,,,,,0,0,Urban,0,,,Light rain,Null
1934960,5619078,13998,,546500,0,0,0,1,0,South,2009/2010,ARMOUR PLACE,CRANBY CRESCENT,,Non-Injury Crash,No,2009,0,North,0,0,0,Flat,0,,0,,0,Overcast,1440500,0,0,0,2,0,0,0,0,1,,0,0,Hawke's Bay Region,Nil,2-way,Sealed,0,0,0,0,50,0,Null,0,0,,31,Napier City,Nil,0,0,0,0,0,0,Urban,1,0,0,Fine,Null
1769506,5899794,13999,,525002,0,0,0,0,0,North,2008/2009,GREAT SOUTH ROAD,MAHIA ROAD,,Non-Injury Crash,No,2009,0,South,0,0,0,Flat,0,,0,,0,Dark,753900,0,0,0,2,0,0,0,0,0,,0,1,Auckland Region,Nil,2-way,Sealed,0,0,0,0,50,0,On,0,0,,76,Auckland,Nil,0,0,0,0,1,0,Urban,0,0,0,Fine,Null
1745778,5910967,14000,,512700,0,0,0,1,0,West,2008/2009,SCENIC DRIVE,TAWINI ROAD,,Non-Injury Crash,No,2009,0,West,0,0,0,Hill Road,0,,0,,0,Dark,300900,0,0,0,2,0,0,0,0,0,,0,0,Auckland Region,Nil,2-way,Sealed,0,0,0,0,50,0,On,0,0,,76,Auckland,Nil,0,0,0,1,0,0,Urban,0,0,0,Fine,Null
1763319,5920273,14001,,516500,2,,0,0,,Null,2009/2010,RONAKI ROAD,PATTESON AVENUE,,Non-Injury Crash,No,2009,,North,,0,,Hill Road,,,,,,Bright sun,501000,0,0,0,2,,,0,,,,,,Auckland Region,Nil,2-way,Sealed,,0,0,,50,,Null,0,0,,76,Auckland,Give way,,,,,0,0,Urban,0,,,Fine,Null
1755528,5924671,14002,,509800,0,0,0,1,0,Null,2009/2010,ONEWA ROAD,LAKE ROAD,,Non-Injury Crash,No,2009,0,West,0,0,0,Flat,1,Labour Weekend,0,,0,Twilight,360200,0,0,0,4,0,0,0,0,0,,0,0,Auckland Region,Nil,2-way,Sealed,0,0,0,0,50,0,On,0,0,,76,Auckland,Traffic Signals,0,0,0,0,0,0,Urban,0,0,0,Fine,Null
1768301,5469653,14003,,566000,0,,0,2,,East,2009/2010,KAPITI ROAD,TE ROTO DRIVE,,Non-Injury Crash,No,2009,,West,,0,,Flat,,,,,,Dark,1999732,0,0,0,2,,,0,,,,,,Wellington Region,Nil,2-way,Sealed,,0,0,,50,,On,0,0,,43,Kapiti Coast District,Nil,,,,,0,0,Urban,0,,,Fine,Null
1855863,5758312,14004,,535262,0,0,0,1,1,South,2009/2010,SH 1N,MATARAWA ROAD,,Non-Injury Crash,Yes,2009,0,North,0,0,0,Flat,0,,0,,0,Bright sun,1152800,0,0,0,2,0,0,0,0,0,,0,0,Waikato Region,Nil,2-way,Sealed,0,0,0,0,100,0,Null,0,0,,19,South Waikato District,Unknown,0,0,0,0,0,0,Open,0,0,0,Fine,Null
1776277,5446258,14005,,566700,0,0,0,1,1,East,2009/2010,MANGAROA HILL ROAD,HILLSIDE DRIVE,,Non-Injury Crash,No,2009,0,South,0,0,0,Hill Road,0,,0,,0,Bright sun,1914000,0,0,0,2,0,0,0,0,0,,0,0,Wellington Region,Nil,2-way,Sealed,0,0,0,0,100,0,Null,0,0,,45,Upper Hutt City,Nil,0,0,0,0,0,0,Open,0,0,0,Fine,Null
1920341,5607797,14006,,545842,0,0,0,0,0,Null,2008/2009,SH 50,NGATARAWA ROAD,,Non-Injury Crash,Yes,2009,0,West,0,0,1,Flat,0,,0,,0,Dark,1470307,0,0,0,2,0,0,0,0,0,,0,0,Hawke's Bay Region,Nil,2-way,Sealed,0,0,0,0,100,0,On,1,0,,30,Hastings District,Give way,0,0,0,0,0,0,Open,0,0,0,Fine,Null
1750073,5915707,14007,,514802,0,0,0,2,0,West,2009/2010,RIVERSDALE ROAD,WAIRAU AVENUE,,Non-Injury Crash,No,2009,0,West,0,0,0,Flat,0,,0,,0,Dark,387100,0,0,0,2,0,0,0,0,1,,0,0,Auckland Region,Nil,2-way,Sealed,0,0,0,0,30,0,On,0,0,,76,Auckland,Nil,0,0,0,0,0,0,Urban,0,0,0,Fine,Null
1574687,5181630,14008,,593000,0,0,0,1,0,East,2009/2010,OTTAWA ROAD,WAINONI ROAD,,Non-Injury Crash,No,2009,0,West,0,0,0,Flat,0,,0,,0,Twilight,2568800,0,0,0,2,0,0,0,0,1,,0,0,Canterbury Region,Nil,2-way,Sealed,0,0,0,0,50,0,Off,0,0,,60,Christchurch City,Unknown,0,0,0,0,0,0,Urban,0,0,0,Fine,Null
1844083,5811718,14009,,535502,0,,0,2,,East,2009/2010,SH 24,HETANA ST,,Non-Injury Crash,Yes,2009,,West,,0,,Flat,,,,,,Overcast,1118700,0,0,0,2,,,0,,,,,,Waikato Region,Nil,2-way,Sealed,,0,0,,50,,Null,0,0,,15,Matamata-Piako District,Unknown,,,,,0,0,Urban,0,,,Fine,Null
1754664,5945250,14010,,505907,0,,0,2,,Null,2009/2010,BRIGHTSIDE ROAD,SLIP ROAD,,Non-Injury Crash,No,2009,,West,,0,,Hill Road,,,,,,Twilight,173407,0,0,0,2,,,0,,,,,,Auckland Region,Nil,2-way,Sealed,,0,0,,50,,On,0,0,,76,Auckland,Nil,,,,,0,0,Urban,0,,,Fine,Null
1765726,5907091,14011,,522301,0,,0,2,,Null,2009/2010,EAST TAMAKI ROAD,KONINI AVENUE,,Non-Injury Crash,No,2009,,East,,0,,Flat,,,,,,Twilight,666301,0,0,0,4,,,0,,,,,,Auckland Region,Nil,2-way,Sealed,,0,0,,50,,On,0,0,,76,Auckland,Nil,,,,,0,0,Urban,0,,,Light rain,Null
1871252,5715699,14012,,541312,0,0,0,1,0,Null,2009/2010,CENTENNIAL DRIVE,RAKAUNUI ROAD,,Non-Injury Crash,No,2009,0,South,1,0,1,Flat,0,,0,,0,Overcast,1279905,0,0,0,2,0,0,0,0,0,,0,0,Waikato Region,Nil,2-way,Sealed,0,0,0,0,100,0,Off,0,0,,21,Taupo District,Nil,0,0,0,0,0,0,Open,0,0,0,Fine,Null
1749459,5427185,14013,,573400,0,,0,2,,South,2009/2010,ORIENTAL PARADE,CABLE ST,,Non-Injury Crash,No,2009,,South,,0,,Flat,,,,,,Bright sun,2138900,0,0,0,2,,,0,,,,,,Wellington Region,Nil,2-way,Sealed,,0,0,,50,,Null,0,0,,47,Wellington City,Nil,,,,,0,0,Urban,0,,,Fine,Null
1821805,5529313,14014,,562800,0,,0,2,,Null,2009/2010,THE SQUARE,FITZHERBERT AVENUE,,Non-Injury Crash,No,2009,,West,,0,,Flat,,,,,,Bright sun,1828700,0,0,0,4,,,0,,,,,,Manawatū-Whanganui Region,Nil,2-way,Sealed,,0,0,,50,,Null,0,0,,40,Palmerston North City,Traffic Signals,,,,,0,0,Urban,0,,,Fine,Null
1791096,5446350,14015,,579803,0,0,0,1,1,East,2008/2009,SH 2,RIMUTAKA NO6 BR,,Non-Injury Crash,Yes,2009,0,North,0,0,0,Hill Road,0,,0,,0,Overcast,2272601,0,0,0,2,0,0,0,0,0,,0,0,Wellington Region,Nil,2-way,Sealed,0,0,0,0,100,0,Null,0,0,,50,South Wairarapa District,Nil,0,0,0,0,0,0,Open,0,0,0,Fine,Null