X,Y,OBJECTID,advisorySpeed,areaUnitID,bicycle,bridge,bus,carStationWagon,cliffBank,crashDirectionDescription,crashFinancialYear,crashLocation1,crashLocation2,crashRoadSideRoad,crashSeverity,crashSHDescription,crashYear,debris,directionRoleDescription,ditch,fatalCount,fence,flatHill,guardRail,holiday,houseOrBuilding,intersection,kerb,light,meshblockId,minorInjuryCount,moped,motorcycle,NumberOfLanes,objectThrownOrDropped,otherObject,otherVehicleType,overBank,parkedVehicle,pedestrian,phoneBoxEtc,postOrPole,region,roadCharacter,roadLane,roadSurface,roadworks,schoolBus,seriousInjuryCount,slipOrFlood,speedLimit,strayAnimal,streetLight,suv,taxi,temporarySpeedLimit,tlaId,tlaName,trafficControl,trafficIsland,trafficSign,train,tree,truck,unknownVehicleType,urban,vanOrUtility,vehicle,waterRiver,weatherA,weatherB
1761420,5914328,14016,,520202,0,,0,2,,Null,2009/2010,PENROSE OFF SBD,PENROSE INT,,Non-Injury Crash,Yes,2009,,South,,0,,Null,,Christmas New Year,,,,Bright sun,612501,0,0,0,2,,,0,,,,,,Auckland Region,Motorway ramp,1-way,Sealed,,0,0,,50,,Off,0,0,,76,Auckland,Give way,,,,,0,0,Urban,0,,,Fine,Null
1934245,5619688,14017,,546300,0,,0,1,,North,2008/2009,ONEKAWA PARK ROAD,MAADI ROAD,,Non-Injury Crash,No,2009,,South,,0,,Flat,,,,,,Bright sun,1438600,0,0,0,1,,,0,,,,,,Hawke's Bay Region,Nil,2-way,Sealed,,0,0,,50,,Null,0,0,,31,Napier City,Nil,,,,,0,0,Urban,1,,,Fine,Null
1860394,5542030,14018,45,549800,0,0,0,1,0,Null,2008/2009,SH 2,WI DUNCAN ROAD,,Non-Injury Crash,Yes,2009,0,South,0,0,0,Flat,0,,0,,0,Overcast,1538500,0,0,0,2,0,0,0,0,0,,0,0,Manawatū-Whanganui Region,Rail xing,2-way,Sealed,0,0,0,0,100,0,Null,0,0,,41,Tararua District,Give way,0,1,0,0,0,0,Open,0,0,0,Heavy rain,Null
1768563,5468399,14019,,566000,0,0,0,2,0,Null,2008/2009,Z CPK PAK N SAVE,RIMU ROAD,,Non-Injury Crash,No,2009,0,South,0,0,0,Flat,0,,0,,0,Bright sun,2003709,0,0,0,0,0,0,0,0,1,,0,0,Wellington Region,Nil,Off road,Sealed,0,0,0,0,50,0,Null,0,0,,43,Kapiti Coast District,Nil,0,0,0,0,0,0,Urban,0,0,0,Fine,Null
1565104,5180153,14020,,590100,0,,0,2,,Null,2008/2009,YALDHURST ROAD,CURLETTS ROAD,,Non-Injury Crash,Yes,2009,,North,,0,,Flat,,,,,,Dark,2542500,0,0,0,3,,,0,,,,,,Canterbury Region,Nil,2-way,Sealed,,0,0,,50,,On,0,0,,60,Christchurch City,Traffic Signals,,,,,0,0,Urban,0,,,Fine,Null
1722870,6044212,14021,,502004,0,0,0,1,0,West,2008/2009,RIVERSIDE DRIVE,AWAROA RIVER ROAD,,Non-Injury Crash,No,2009,0,East,1,0,0,Flat,0,,0,,0,Dark,109401,0,0,0,2,0,0,0,0,0,,0,0,Northland Region,Nil,2-way,Sealed,0,0,0,0,50,0,Off,0,0,,2,Whangarei District,Nil,0,0,0,0,0,0,Urban,0,0,0,Fine,Null
1749220,5426723,14022,,573101,0,,0,2,,Null,2009/2010,KENT TERRACE,PIRIE ST,,Non-Injury Crash,Yes,2009,,West,,0,,Flat,,,,,,Twilight,2136700,0,0,0,2,,,0,,,,,,Wellington Region,Nil,2-way,Sealed,,0,0,,50,,Off,0,0,,47,Wellington City,Traffic Signals,,,,,0,0,Urban,0,,,Fine,Null
1649973,6099465,14023,,500801,0,,0,2,,South,2009/2010,SH 1N,OMAHUTA ROAD,,Non-Injury Crash,Yes,2009,,South,,0,,Hill Road,,,,,,Bright sun,20800,0,0,0,2,,,0,,,,,,Northland Region,Nil,2-way,Sealed,,0,0,,100,,None,0,0,,1,Far North District,Nil,,,,,0,0,Open,0,,,Fine,Null
1613268,5423811,14024,,581720,0,,0,2,,East,2008/2009,SH 60,MCSHANE ROAD,,Non-Injury Crash,Yes,2009,,West,,0,,Flat,,,,,,Overcast,2357800,0,0,0,2,,,0,,,,,,Tasman Region,Nil,2-way,Sealed,,0,0,,80,,Null,0,0,,51,Tasman District,Nil,,,,,0,0,Open,0,,,Light rain,Null
1766277,5899590,14025,,524812,0,0,0,1,0,North,2009/2010,WEYMOUTH ROAD,DAMIAN WAY,,Non-Injury Crash,No,2009,0,North,0,0,1,Flat,0,,0,,0,Overcast,774201,0,0,0,2,0,0,0,0,0,,0,0,Auckland Region,Nil,2-way,Sealed,0,0,0,0,50,0,Off,0,0,,76,Auckland,Nil,0,0,0,0,0,0,Urban,0,0,0,Fine,Null
1571031,5178871,14026,,594600,0,0,0,1,0,West,2008/2009,BYRON ST,GASSON ST,,Non-Injury Crash,No,2009,0,West,0,0,0,Flat,0,,0,,0,Overcast,2617900,0,0,0,2,0,0,0,0,1,,0,0,Canterbury Region,Nil,2-way,Sealed,0,0,0,0,50,0,Null,0,0,,60,Christchurch City,Nil,0,0,0,0,1,0,Urban,0,0,0,Fine,Null
1757131,5920717,14027,,514102,0,,0,2,,Null,2009/2010,HOBSON ST,WYNDHAM ST,,Non-Injury Crash,No,2009,,South,,0,,Hill Road,,,,,,Bright sun,433305,0,0,0,5,,,0,,,,,,Auckland Region,Nil,1-way,Sealed,,0,0,,50,,Null,0,0,,76,Auckland,Traffic Signals,,,,,0,0,Urban,0,,,Fine,Null
1751177,5431708,14028,,574302,0,0,0,1,1,North,2008/2009,ONSLOW ROAD,HUTT ROAD,,Non-Injury Crash,No,2009,0,North,0,0,0,Hill Road,0,,0,,0,Overcast,2090500,0,0,0,2,0,0,0,0,0,,0,0,Wellington Region,Nil,2-way,Sealed,0,0,0,0,50,0,Null,0,0,,47,Wellington City,Nil,0,0,0,0,0,0,Urban,0,0,0,Light rain,Null
1772400,5885693,14029,,521122,0,0,0,1,0,South,2009/2010,RUNCIMAN ROAD,TUHIMATA ROAD,,Non-Injury Crash,No,2009,0,North,1,0,1,Hill Road,0,,0,,0,Overcast,813400,0,0,0,2,0,0,0,0,0,,0,0,Auckland Region,Nil,2-way,Sealed,0,0,0,0,100,0,None,0,0,,76,Auckland,Nil,0,0,0,0,0,0,Open,0,0,0,Light rain,Null
1756841,5444205,14030,,571300,0,0,0,1,0,South,2008/2009,CASTOR CRESCENT,CALLIOPE CRESCENT,,Non-Injury Crash,No,2009,0,North,0,0,1,Hill Road,0,,0,,0,Dark,2063300,0,0,0,2,0,0,0,0,0,,0,0,Wellington Region,Nil,2-way,Sealed,0,0,0,0,50,0,On,0,0,,44,Porirua City,Nil,0,0,0,0,0,0,Urban,0,0,0,Fine,Null
1759937,5436513,14031,,569100,0,,0,2,,Null,2008/2009,RAROA ROAD,HIGH ST,,Non-Injury Crash,No,2009,,North,,0,,Flat,,,,,,Bright sun,1967200,0,0,0,2,,,0,,,,,,Wellington Region,Nil,2-way,Sealed,,0,0,,50,,Null,0,0,,46,Lower Hutt City,Give way,,,,,0,0,Urban,0,,,Fine,Null
1750168,5425027,14032,,576903,0,,0,2,,East,2008/2009,SH 1N,KILBIRNIE CRESCENT,,Non-Injury Crash,Yes,2009,,West,,0,,Flat,,,,,,Overcast,2177900,0,0,0,2,,,0,,,,,,Wellington Region,Nil,2-way,Sealed,,0,0,,50,,Null,0,0,,47,Wellington City,Nil,,,,,0,0,Urban,0,,,Light rain,Null
1765608,5914663,14033,,520601,0,,0,2,,North,2009/2010,TRIPOLI ROAD,TE HANA ROAD,,Non-Injury Crash,No,2009,,North,,0,,Flat,,,,,,Dark,630300,0,0,0,2,,,0,,,,,,Auckland Region,Nil,2-way,Sealed,,0,0,,50,,Off,0,0,,76,Auckland,Give way,,,,,0,0,Urban,0,,,Fine,Null
1880686,5826525,14034,,536821,0,,0,2,,West,2009/2010,SH 2,TASMAN QUAY,,Non-Injury Crash,Yes,2009,,East,,0,,Flat,,Labour Weekend,,,,Bright sun,1203800,0,0,0,2,,,0,,,,,,Bay of Plenty Region,Nil,2-way,Sealed,,0,0,,70,,Null,0,0,,23,Tauranga City,Unknown,,,,,0,0,Urban,0,,,Fine,Null
1729699,5940658,14035,,506800,0,0,0,1,0,South,2009/2010,SH 16,NORTH CRESCENT S,,Non-Injury Crash,Yes,2009,0,South,0,0,1,Flat,0,,1,,0,Dark,208201,0,0,0,2,0,0,0,0,0,,0,0,Auckland Region,Nil,2-way,Sealed,0,0,0,0,50,0,On,0,0,,76,Auckland,Nil,0,0,0,0,0,0,Urban,0,0,0,Fine,Null
1748870,5425753,14036,,576500,0,,0,1,,North,2009/2010,ADELAIDE ROAD,HOSPITAL ROAD,,Non-Injury Crash,No,2009,,North,,0,,Flat,,,,,,Overcast,2148601,0,0,0,2,,,0,,,,,,Wellington Region,Nil,2-way,Sealed,,0,0,,50,,Null,0,1,,47,Wellington City,Nil,,,,,0,0,Urban,1,,,Fine,Null
1821595,5528735,14037,,563000,0,,0,2,,South,2008/2009,SOUTH ST,FERGUSON ST,,Non-Injury Crash,No,2009,,North,,0,,Flat,,,,,,Dark,1809100,0,0,0,2,,,0,,,,,,Manawatū-Whanganui Region,Nil,2-way,Sealed,,0,0,,50,,Off,0,0,,40,Palmerston North City,Nil,,,,,0,0,Urban,0,,,Fine,Null
1616292,5423662,14038,,584201,0,,0,2,,North,2008/2009,SALISBURY ROAD,DARCY ST,,Non-Injury Crash,No,2009,,South,,0,,Flat,,Easter,,,,Bright sun,2363101,0,0,0,2,,,0,,,,,,Tasman Region,Nil,2-way,Sealed,,0,0,,50,,Null,0,0,,51,Tasman District,Nil,,,,,0,0,Urban,0,,,Fine,Null
1781807,5483202,14039,,564022,0,,0,2,,East,2009/2010,OTAKI GORGE ROAD,SH 1N,,Non-Injury Crash,No,2009,,East,,0,,Flat,,,,,,Overcast,1884400,0,0,0,2,,,0,,,,,,Wellington Region,Nil,2-way,Sealed,,0,0,,100,,Null,0,0,,43,Kapiti Coast District,Nil,,,,,0,0,Open,0,,,Light rain,Null
1821186,5929875,14040,,533200,0,,0,2,,Null,2009/2010,LONG BAY ROAD,WYUNA BAY ROAD,,Non-Injury Crash,No,2009,,North,,0,,Flat,,,,,,Dark,1043802,0,0,0,2,,,0,,,,,,Waikato Region,Nil,2-way,Sealed,,0,0,,100,,On,1,0,,11,Thames-Coromandel District,Nil,,,,,0,0,Open,0,,,Fine,Null
1931772,5616284,14041,,547300,0,,0,1,,Null,2008/2009,MEEANEE ROAD,MEEANEE OFF NBD,,Non-Injury Crash,No,2009,,West,,0,,Flat,,,,,,Bright sun,1402510,0,0,0,2,,,0,,,,,,Hawke's Bay Region,Nil,2-way,Sealed,,0,0,,50,,Null,0,0,,31,Napier City,Give way,,,,,1,0,Urban,0,,,Fine,Null
1563283,5178728,14042,,587500,0,,0,1,,Null,2009/2010,MAIN SOUTH ROAD,SPRINGS ROAD,,Non-Injury Crash,No,2009,,West,,0,,Flat,,,,,,Overcast,2492100,0,0,0,4,,,0,,,,,,Canterbury Region,Nil,2-way,Sealed,,0,0,,60,,Null,1,0,,60,Christchurch City,Traffic Signals,,,,,0,0,Urban,0,,,Fine,Null
1936761,5621505,14043,,546802,0,,0,2,,Null,2009/2010,DALTON ST,TENNYSON ST,,Non-Injury Crash,No,2009,,North,,0,,Flat,,,,,,Bright sun,1423600,0,0,0,2,,,0,,,,,,Hawke's Bay Region,Nil,2-way,Sealed,,0,0,,50,,Null,0,0,,31,Napier City,Traffic Signals,,,,,0,0,Urban,0,,,Fine,Null
1746516,5428498,14044,,575000,0,,0,2,,Null,2009/2010,KARORI ROAD,NOTTINGHAM ST,,Non-Injury Crash,No,2009,,East,,0,,Flat,,,,,,Bright sun,2111000,0,0,0,2,,,0,,,,,,Wellington Region,Nil,2-way,Sealed,,0,0,,50,,Null,0,0,,47,Wellington City,Give way,,,,,0,0,Urban,0,,,Fine,Null
1759756,5434464,14045,,568900,0,0,0,1,0,North,2009/2010,RANDWICK ROAD,MASON ST,,Non-Injury Crash,No,2009,0,North,0,0,0,Flat,0,,0,,0,Dark,1962900,0,0,0,2,0,0,0,0,0,,0,0,Wellington Region,Bridge,2-way,Sealed,0,0,0,0,50,0,On,0,0,,46,Lower Hutt City,Nil,0,0,0,0,0,0,Urban,1,0,0,Fine,Null
1759669,5906825,14046,,524111,0,0,0,2,0,South,2009/2010,ORLY AVENUE,STAVERTON CRESCENT,,Non-Injury Crash,No,2009,0,South,0,0,0,Flat,0,,0,,0,Dark,740600,0,0,0,2,0,0,0,0,1,,0,0,Auckland Region,Nil,2-way,Sealed,0,0,0,0,50,0,On,0,0,,76,Auckland,Nil,0,1,0,0,0,0,Urban,0,0,0,Light rain,Null
1680547,5412985,14047,,580448,0,0,0,1,0,South,2008/2009,BLIND CREEK ROAD,HUNTER ROAD,,Non-Injury Crash,No,2009,0,South,0,0,1,Flat,0,,0,,0,Overcast,2278600,0,0,0,2,0,0,0,0,0,,0,0,Marlborough Region,Nil,2-way,Sealed,0,0,0,0,100,0,Null,0,0,,53,Marlborough District,Nil,0,0,0,0,0,0,Open,0,0,0,Fine,Null
1312496,5125132,14048,,585325,0,,0,0,,North,2009/2010,SH 6,CLARKE BLUFF,,Non-Injury Crash,Yes,2009,,North,,0,,Flat,,,,,,Dark,2416603,0,0,0,2,,,0,,,,,,West Coast Region,Nil,2-way,Sealed,,0,0,,100,,None,0,0,,57,Westland District,Unknown,,,,,0,0,Open,1,,,Fine,Frost
1762083,5912507,14049,,519500,0,,0,1,,West,2009/2010,CHURCH ST,ORORKE ROAD,,Non-Injury Crash,No,2009,,East,,0,,Flat,,,,,,Bright sun,622400,0,0,0,6,,,0,,,,,,Auckland Region,Nil,2-way,Sealed,,0,0,,50,,Off,0,0,,76,Auckland,Nil,,,,,1,0,Urban,0,,,Fine,Null
1549514,5172308,14050,,597508,0,0,0,1,0,East,2008/2009,ROLLESTON DRIVE,RENOIR DRIVE,,Non-Injury Crash,No,2009,0,West,0,0,1,Flat,0,,0,,0,Bright sun,2719211,0,0,0,2,0,0,0,0,0,,0,0,Canterbury Region,Nil,2-way,Sealed,0,0,0,0,50,0,Null,0,0,,62,Selwyn District,Nil,0,0,0,0,0,0,Urban,0,0,0,Fine,Null
1761182,5431601,14051,,564900,0,,0,1,,North,2008/2009,WAINUIOMATA HILL ROAD,PARKWAY,,Non-Injury Crash,No,2009,,South,,0,,Hill Road,,,,,,Overcast,2015103,0,0,0,2,,,0,,,,,,Wellington Region,Nil,1-way,Sealed,,0,0,,80,,Null,0,0,,46,Lower Hutt City,Nil,,,,,1,0,Open,0,,,Fine,Null
1802291,5815851,14052,,530100,0,0,0,1,0,West,2009/2010,JAMES ST,PEACHGROVE ROAD,,Non-Injury Crash,No,2009,0,West,0,0,0,Flat,0,,0,,0,Bright sun,895900,0,0,0,2,0,0,0,0,1,,0,0,Waikato Region,Nil,2-way,Sealed,0,0,0,0,50,0,Null,0,0,,16,Hamilton City,Unknown,0,0,0,0,0,0,Urban,1,0,0,Fine,Null
1760424,5436764,14053,,569100,0,,0,1,,Null,2009/2010,Z FCT CALTEX,HIGH/BRUNSWICK,,Non-Injury Crash,No,2009,,West,,0,,Flat,,,,,,Overcast,1968600,0,0,0,1,,,0,,,,,,Wellington Region,Nil,Off road,Sealed,,0,0,,50,,Null,1,1,,46,Lower Hutt City,Nil,,,,,0,0,Urban,0,,,Null,Null
1681679,5436821,14054,,580446,0,,0,0,,North,2009/2010,KENEPURU ROAD,QUEEN CHARLOTTE DRIVE,,Non-Injury Crash,No,2009,,East,,0,,Hill Road,,,,,,Overcast,2285002,0,0,0,2,,,0,,,,,,Marlborough Region,Nil,2-way,Sealed,,0,0,,100,,Null,0,0,,53,Marlborough District,Nil,,,,,1,0,Open,1,,,Fine,Null
2038800,5707558,14055,,544801,0,,0,2,,Null,2008/2009,DE LAUTOUR ROAD,RUTENE ROAD,,Non-Injury Crash,No,2009,,North,,0,,Flat,,,,,,Overcast,1384700,0,0,0,2,,,0,,,,,,Gisborne Region,Nil,2-way,Sealed,,0,0,,50,,Null,0,0,,28,Gisborne District,Give way,,,,,0,0,Urban,0,,,Fine,Null
1770625,5911209,14056,,523109,0,,0,2,,South,2009/2010,CHAPEL ROAD,TI RAKAU DRIVE,,Non-Injury Crash,No,2009,,North,,0,,Flat,,,,,,Bright sun,712008,0,0,0,3,,,0,,,,,,Auckland Region,Nil,2-way,Sealed,,0,0,,50,,Off,0,0,,76,Auckland,Traffic Signals,,,,,0,0,Urban,0,,,Fine,Null
1760322,5916838,14057,,516202,0,0,0,1,0,East,2009/2010,REMUERA ROAD,VICTORIA AVENUE,,Non-Injury Crash,No,2009,0,East,0,0,0,Flat,0,,0,,0,Bright sun,490500,0,0,0,2,0,0,0,0,0,,0,0,Auckland Region,Nil,2-way,Sealed,0,0,0,0,50,0,Off,0,0,,76,Auckland,Nil,0,0,0,0,0,0,Urban,1,1,0,Fine,Null
1693217,5673872,14058,,552500,0,,0,1,,West,2009/2010,HUATOKI ST,HURSTHOUSE ST,,Non-Injury Crash,No,2009,,West,,0,,Flat,,,,,,Bright sun,1568400,0,0,1,2,,,0,,,,,,Taranaki Region,Nil,2-way,Sealed,,0,0,,50,,Null,0,0,,33,New Plymouth District,Nil,,,,,0,0,Urban,0,,,Fine,Null
1717356,6044753,14059,,503300,0,0,0,1,1,East,2009/2010,SH 14,SILVERSTREAM ROAD,,Non-Injury Crash,Yes,2009,0,West,0,0,0,Flat,0,,0,,1,Dark,70203,0,0,0,2,0,0,0,0,0,,0,0,Northland Region,Nil,2-way,Sealed,0,0,0,0,50,0,On,0,0,,2,Whangarei District,Nil,1,0,0,0,0,0,Urban,0,0,0,Fine,Null
1766642,5912919,14060,,522920,0,,0,0,,West,2008/2009,PAKURANGA HIGHWAY,TI RAKAU DRIVE,,Non-Injury Crash,No,2009,,East,,0,,Flat,,,,,,Dark,683900,0,0,1,4,,,0,,,,,,Auckland Region,Nil,2-way,Sealed,,0,0,,60,,On,1,0,,76,Auckland,Traffic Signals,,,,,0,0,Urban,0,,,Light rain,Null
1763628,5912700,14061,,520500,0,,0,1,,South,2009/2010,SH 1N,MT WGTN OFF SBD,,Non-Injury Crash,Yes,2009,,South,,0,,Flat,,,,,,Bright sun,637400,0,0,0,3,,,0,,,,,,Auckland Region,Nil,1-way,Sealed,,0,0,,100,,Off,0,0,,76,Auckland,Nil,,,,,0,0,Open,1,,,Fine,Null
1753180,5437932,14062,,573511,0,,0,2,,North,2009/2010,SH 1N,CHURTON PARK ON NBD,,Non-Injury Crash,Yes,2009,,North,,0,,Flat,,,,,,Overcast,2086203,0,0,0,2,,,0,,,,,,Wellington Region,Nil,2-way,Sealed,,0,0,,100,,Null,0,0,,47,Wellington City,Nil,,,,,0,0,Open,0,,,Fine,Null
1752089,5435998,14063,,573801,0,,0,1,,South,2008/2009,SH 1N,CHURTON PARK ON SBD,,Non-Injury Crash,Yes,2009,,South,,0,,Flat,,,,,,Overcast,2079900,0,0,0,2,,,0,,,,,,Wellington Region,Nil,2-way,Sealed,,0,0,,100,,Null,1,0,,47,Wellington City,Nil,,,,,0,0,Open,1,,,Light rain,Null
1924427,5607664,14064,,548612,0,0,0,2,0,West,2008/2009,CARTIER CRESCENT,RALEIGH ST,,Non-Injury Crash,No,2009,0,South,0,0,0,Flat,0,,0,,0,Bright sun,1474112,0,0,0,2,0,0,0,0,1,,0,0,Hawke's Bay Region,Nil,2-way,Sealed,0,0,0,0,50,0,Null,0,0,,30,Hastings District,Nil,0,0,0,0,0,0,Urban,0,0,0,Fine,Null
1704205,5665023,14065,,552800,0,,0,2,,Null,2008/2009,CUTFIELD ST,KELLY ST EAST,,Non-Injury Crash,No,2009,,South,,0,,Flat,,,,,,Bright sun,1605000,0,0,0,2,,,0,,,,,,Taranaki Region,Nil,2-way,Sealed,,0,0,,50,,Null,0,0,,33,New Plymouth District,Stop,,,,,0,0,Urban,0,,,Fine,Null
1936149,5599486,14066,,545851,0,,0,2,,South,2008/2009,WAIMARAMA ROAD,TE MATA MANGATERETERE RD,,Non-Injury Crash,No,2009,,South,,0,,Flat,,Christmas New Year,,,,Overcast,1467002,0,0,0,2,,,0,,,,,,Hawke's Bay Region,Nil,2-way,Sealed,,0,0,,100,,Null,0,0,,30,Hastings District,Nil,,,,,0,0,Open,0,,,Fine,Null
1859956,5805795,14067,,536630,0,0,0,1,0,North,2009/2010,SH 29,HANGA ROAD,,Non-Injury Crash,Yes,2009,0,North,0,0,0,Hill Road,0,,0,,0,Dark,1114601,0,0,0,3,0,0,0,1,0,,0,0,Bay of Plenty Region,Nil,2-way,Sealed,0,0,0,0,100,0,None,0,0,,22,Western Bay of Plenty District,Nil,0,0,0,0,0,0,Open,0,0,0,Heavy rain,Null
1754907,5914529,14068,,518500,0,,0,1,,West,2009/2010,MOUNT ALBERT ROAD,MONS AVENUE,,Non-Injury Crash,No,2009,,West,,0,,Flat,,,,,,Dark,560300,0,0,0,2,,,0,,,,,,Auckland Region,Nil,2-way,Sealed,,0,0,,50,,On,1,0,,76,Auckland,Nil,,,,,0,0,Urban,0,,,Light rain,Null
1763979,5913625,14069,,520402,0,,0,1,,Null,2009/2010,WAIPUNA ROAD,MUSKET PLACE,,Non-Injury Crash,No,2009,,West,,0,,Flat,,,,,,Twilight,640600,0,0,0,3,,,0,,,,,,Auckland Region,Nil,2-way,Sealed,,0,0,,50,,On,1,0,,76,Auckland,Traffic Signals,,,,,0,0,Urban,0,,,Fine,Null
1744853,5427971,14070,,575100,0,,0,2,,Null,2008/2009,KARORI ROAD,RICHMOND AVENUE,,Non-Injury Crash,No,2009,,North,,0,,Flat,,,,,,Bright sun,2115700,0,0,0,2,,,0,,,,,,Wellington Region,Nil,2-way,Sealed,,0,0,,50,,Null,0,0,,47,Wellington City,Stop,,,,,0,0,Urban,0,,,Fine,Null
1918629,5647360,14071,,545811,0,0,0,1,0,South,2008/2009,SH 5,OHURAKURA ROAD,,Non-Injury Crash,Yes,2009,1,South,0,0,0,Hill Road,0,,0,,0,Bright sun,1414700,0,0,0,2,0,0,0,0,0,,0,0,Hawke's Bay Region,Nil,2-way,Sealed,0,0,0,0,100,0,Null,0,0,,30,Hastings District,Nil,0,0,0,0,1,0,Open,0,0,0,Fine,Null
1798089,5816148,14072,,528501,0,,0,1,,Null,2009/2010,ELLICOTT ROAD,AVALON DRIVE,,Non-Injury Crash,No,2009,,North,,0,,Flat,,,,,,Bright sun,905300,0,0,1,2,,,0,,,,,,Waikato Region,Nil,2-way,Sealed,,0,0,,50,,Null,0,0,,16,Hamilton City,Traffic Signals,,,,,0,0,Urban,0,,,Fine,Null
1746781,5912557,14073,,512600,0,,0,2,,Null,2009/2010,WITHERS ROAD,KAURILANDS ROAD,,Non-Injury Crash,No,2009,,South,,0,,Flat,,,,,,Bright sun,298200,0,0,0,2,,,0,,,,,,Auckland Region,Nil,2-way,Sealed,,0,0,,50,,Off,0,0,,76,Auckland,Nil,,,,,0,0,Urban,0,,,Fine,Null
1757792,5919056,14074,,517400,0,0,0,1,0,East,2009/2010,PARK ROAD,PARK AVENUE,,Non-Injury Crash,No,2009,0,East,0,0,0,Flat,0,,0,,0,Dark,449500,0,0,0,2,0,1,0,0,0,,1,0,Auckland Region,Nil,2-way,Sealed,0,0,0,0,50,0,On,0,0,,76,Auckland,Nil,0,0,0,0,0,0,Urban,0,0,0,Fine,Null
1751136,5929254,14075,,509100,0,,0,2,,West,2009/2010,GREENHITHE ROAD,UPPER HARBOUR DRIVE,,Non-Injury Crash,No,2009,,West,,0,,Flat,,Christmas New Year,,,,Bright sun,181303,0,0,0,2,,,0,,,,,,Auckland Region,Nil,2-way,Sealed,,0,0,,50,,Off,0,0,,76,Auckland,Nil,,,,,0,0,Urban,0,,,Fine,Null
1674327,5632643,14076,,553200,0,,0,1,,South,2008/2009,IHAIA ROAD,WHITCOMBE ROAD,,Non-Injury Crash,No,2009,,North,,0,,Flat,,Easter,,,,Dark,1633100,0,0,0,2,,,0,,,,,,Taranaki Region,Nil,2-way,Sealed,,0,0,,50,,On,1,0,,35,South Taranaki District,Nil,,,,,0,0,Urban,0,,,Fine,Null
1754926,5434359,14077,,573526,0,0,0,1,0,West,2009/2010,SH 2,HOROKIWI ROAD,,Non-Injury Crash,Yes,2009,1,North,0,0,0,Flat,0,,0,,0,Overcast,2086403,0,0,0,2,0,0,0,0,0,,0,0,Wellington Region,Nil,2-way,Sealed,0,0,0,0,100,0,Null,0,0,,47,Wellington City,Nil,0,0,0,0,1,0,Open,0,0,0,Light rain,Strong wind
1680052,5404090,14078,,581230,0,,1,1,,Null,2008/2009,SH 1S,ALFRED ST,,Non-Injury Crash,Yes,2009,,East,,0,,Flat,,,,,,Bright sun,2295000,0,0,0,2,,,0,,,,,,Marlborough Region,Nil,2-way,Sealed,,0,0,,50,,Null,0,0,,53,Marlborough District,Give way,,,,,0,0,Urban,0,,,Fine,Null
1766462,5441160,14079,,568102,0,,0,1,,Null,2008/2009,STOKES VALLEY ROAD,GEORGE ST,,Non-Injury Crash,No,2009,,North,,0,,Flat,,,,,,Overcast,1931200,0,0,0,2,,,0,,,,,,Wellington Region,Nil,2-way,Sealed,,0,0,,50,,Null,0,0,,46,Lower Hutt City,Give way,,,,,0,0,Urban,1,,,Fine,Null
1562013,5179631,14080,,587400,0,,0,3,,South,2008/2009,SH 1S,BELLA ROSA DRIVE,,Non-Injury Crash,Yes,2009,,South,,0,,Flat,,,,,,Bright sun,2489200,0,0,0,2,,,0,,,,,,Canterbury Region,Nil,2-way,Sealed,,0,0,,50,,Null,0,0,,60,Christchurch City,Unknown,,,,,0,0,Urban,1,,,Fine,Null
1684160,5429061,14081,,581100,0,0,0,1,0,Null,2008/2009,Z FCT FERRY TERMINAL,AUCKLAND ST,,Non-Injury Crash,No,2009,0,East,0,0,0,Flat,0,,0,,0,Dark,2281100,0,0,0,1,0,0,0,0,1,,0,0,Marlborough Region,Nil,1-way,Sealed,0,0,0,0,50,0,On,1,0,,53,Marlborough District,Nil,0,0,0,0,0,0,Urban,0,0,0,Fine,Null
1752168,5917986,14082,,515001,0,,0,1,,East,2009/2010,SH 16,GT NORTH OBR,,Non-Injury Crash,Yes,2009,,West,,0,,Flat,,,,,,Overcast,392400,0,0,0,2,,,0,,,,,,Auckland Region,Nil,1-way,Sealed,,0,0,,100,,Off,1,0,,76,Auckland,Nil,,,,,0,0,Open,0,,,Heavy rain,Null
1757689,5434067,14083,,570000,0,0,0,0,0,East,2009/2010,THE ESPLANADE,BOLTON ST,,Non-Injury Crash,No,2009,0,East,0,0,0,Flat,0,,0,,0,Bright sun,2027200,0,0,0,2,0,1,0,0,0,,0,1,Wellington Region,Nil,2-way,Sealed,0,0,0,0,50,0,Null,0,0,,46,Lower Hutt City,Nil,0,0,0,0,1,0,Urban,0,0,0,Fine,Null
1756155,5927716,14084,,507900,0,0,0,0,0,North,2009/2010,SH 1N,NORTHCOTE OFF SBD,,Non-Injury Crash,Yes,2009,0,South,0,0,0,Flat,1,,0,,0,Overcast,305202,0,0,0,3,0,0,0,0,0,,0,0,Auckland Region,Nil,1-way,Sealed,0,0,0,0,100,0,Null,0,0,,76,Auckland,Unknown,0,0,0,0,0,0,Open,1,0,0,Fine,Null
1929380,5605496,14085,,548200,0,0,0,1,0,Null,2009/2010,HERETAUNGA ST WEST,CHARLES ST,,Non-Injury Crash,No,2009,0,West,0,0,0,Flat,0,,0,,0,Dark,1490100,0,0,0,2,0,0,0,0,0,,0,0,Hawke's Bay Region,Nil,2-way,Sealed,0,0,0,0,50,0,On,0,0,,30,Hastings District,Give way,1,1,0,0,0,0,Urban,0,0,0,Fine,Null