X,Y,OBJECTID,advisorySpeed,areaUnitID,bicycle,bridge,bus,carStationWagon,cliffBank,crashDirectionDescription,crashFinancialYear,crashLocation1,crashLocation2,crashRoadSideRoad,crashSeverity,crashSHDescription,crashYear,debris,directionRoleDescription,ditch,fatalCount,fence,flatHill,guardRail,holiday,houseOrBuilding,intersection,kerb,light,meshblockId,minorInjuryCount,moped,motorcycle,NumberOfLanes,objectThrownOrDropped,otherObject,otherVehicleType,overBank,parkedVehicle,pedestrian,phoneBoxEtc,postOrPole,region,roadCharacter,roadLane,roadSurface,roadworks,schoolBus,seriousInjuryCount,slipOrFlood,speedLimit,strayAnimal,streetLight,suv,taxi,temporarySpeedLimit,tlaId,tlaName,trafficControl,trafficIsland,trafficSign,train,tree,truck,unknownVehicleType,urban,vanOrUtility,vehicle,waterRiver,weatherA,weatherB
1708635,5628197,14086,,553500,0,0,0,1,0,Null,2008/2009,TE ROTI ROAD,RAIL XING,,Non-Injury Crash,No,2009,0,East,0,0,0,Flat,0,,0,,0,Dark,1639700,0,0,0,2,0,0,0,0,0,,0,0,Taranaki Region,Rail xing,2-way,Sealed,0,0,0,0,100,0,None,0,0,,35,South Taranaki District,Stop,0,1,0,0,0,0,Open,0,0,0,Fine,Null
1706137,5683398,14087,,551301,0,0,0,1,0,South,2009/2010,BROWNE ST,BATTISCOMBE TERRACE,,Non-Injury Crash,No,2009,0,South,0,0,0,Flat,0,,0,,0,Overcast,1548100,0,0,0,2,0,0,0,0,0,,0,1,Taranaki Region,Nil,2-way,Sealed,0,0,0,0,50,0,Null,0,0,,33,New Plymouth District,Nil,0,0,0,0,0,0,Urban,0,0,0,Heavy rain,Null
1695432,5675244,14088,,552300,0,,0,1,,North,2008/2009,MANGOREI ROAD,CUMBERLAND ST,,Non-Injury Crash,No,2009,,North,,0,,Flat,,,,,,Dark,1603700,0,0,0,2,,,0,,,,,,Taranaki Region,Nil,2-way,Sealed,,0,0,,50,,On,0,0,,33,New Plymouth District,Nil,,,,,0,0,Urban,1,,,Fine,Null
1785721,5447307,14089,,567901,0,,0,2,,South,2008/2009,SH 2,MARCHANT ROAD,,Non-Injury Crash,Yes,2009,,South,,0,,Hill Road,,,,,,Dark,1916100,0,0,0,2,,,0,,,,,,Wellington Region,Nil,2-way,Sealed,,0,0,,100,,On,0,0,,45,Upper Hutt City,Nil,,,,,0,0,Open,0,,,Light rain,Null
2033444,5707932,14090,,544002,0,0,0,1,1,West,2009/2010,SH 35,PACIFIC ST,,Non-Injury Crash,Yes,2009,0,West,0,0,0,Flat,0,,0,,0,Dark,1361400,0,0,0,2,0,0,0,0,0,,0,0,Gisborne Region,Nil,2-way,Sealed,0,0,0,0,100,0,On,0,0,,28,Gisborne District,Nil,0,0,0,0,0,0,Open,0,0,0,Fine,Null
2037742,5708817,14091,,544500,0,0,0,1,0,South,2009/2010,ORMOND ROAD,STAFFORD ST,,Non-Injury Crash,No,2009,0,North,0,0,0,Flat,0,,0,,0,Overcast,1380700,0,0,0,2,0,0,0,0,1,,0,0,Gisborne Region,Nil,2-way,Sealed,0,0,0,0,50,0,Null,0,0,,28,Gisborne District,Nil,0,0,0,0,0,0,Urban,1,0,0,Fine,Null
1620753,5429805,14092,,583000,0,0,0,2,0,North,2008/2009,MURITAI ST,WAIKARE ST,,Non-Injury Crash,No,2009,0,West,0,0,1,Flat,0,,0,,0,Overcast,2333100,0,0,0,2,0,0,0,0,0,,0,0,Nelson Region,Nil,2-way,Sealed,0,0,0,0,50,0,Null,0,0,,52,Nelson City,Nil,0,0,0,0,0,0,Urban,0,0,0,Fine,Null
1747971,5428579,14093,,575200,0,,0,2,,North,2008/2009,GLENMORE ST,COLLINS TERRACE,,Non-Injury Crash,No,2009,,South,,0,,Flat,,,,,,Dark,2151600,0,0,0,1,,,0,,,,,,Wellington Region,Nil,2-way,Sealed,,0,0,,50,,On,0,1,,47,Wellington City,Nil,,,,,0,0,Urban,0,,,Fine,Null
1759010,5916985,14094,,516001,0,,0,3,,North,2009/2010,SH 1N,MARKET OBR,,Non-Injury Crash,Yes,2009,,North,,0,,Flat,,,,,,Twilight,491200,0,0,0,3,,,0,,,,,,Auckland Region,Nil,1-way,Sealed,,0,0,,100,,On,0,0,,76,Auckland,Unknown,,,,,0,0,Open,0,,,Light rain,Null
1842414,5595509,14095,,559220,0,0,0,1,0,South,2008/2009,SH 1N,UTIKU SOUTH ROAD,,Non-Injury Crash,Yes,2009,0,East,0,0,0,Hill Road,1,,0,,0,Dark,1746400,0,0,0,2,0,0,0,0,0,,0,0,Manawatū-Whanganui Region,Nil,2-way,Sealed,0,0,0,0,100,0,None,0,0,,38,Rangitikei District,Nil,0,0,0,0,0,0,Open,0,0,0,Fine,Null
1565355,5182218,14096,,589700,0,,0,2,,North,2008/2009,WAIMAIRI ROAD,WENTWORTH ST,,Non-Injury Crash,No,2009,,North,,0,,Flat,,,,,,Bright sun,2536000,0,0,0,2,,,0,,,,,,Canterbury Region,Nil,2-way,Sealed,,0,0,,50,,Null,0,0,,60,Christchurch City,School Patrol/warden,,,,,0,0,Urban,0,,,Fine,Null
1739843,5977284,14097,75,506660,0,0,0,1,0,South,2009/2010,SH 1N,RIVER ROAD,,Non-Injury Crash,Yes,2009,0,North,0,0,1,Flat,1,,0,,0,Overcast,136700,0,0,0,2,0,0,0,1,0,,0,0,Auckland Region,Nil,2-way,Sealed,0,0,0,0,80,0,None,0,0,,76,Auckland,Nil,0,0,0,0,0,0,Open,0,0,0,Light rain,Null
1935505,5620377,14098,,546600,0,,0,1,,Null,2008/2009,KENNEDY ROAD,NUFFIELD AVENUE,,Non-Injury Crash,No,2009,,South,,0,,Flat,,,,,,Overcast,1435900,0,0,0,3,,,0,,,,,,Hawke's Bay Region,Nil,2-way,Sealed,,0,0,,50,,Null,1,0,,31,Napier City,Give way,,,,,0,0,Urban,0,,,Light rain,Null
1617929,5425012,14099,,581715,0,0,0,1,0,South,2008/2009,MAIN ROAD STOKE,SAXTON ROAD,,Non-Injury Crash,No,2009,0,North,0,0,1,Flat,0,,0,,0,Dark,2359404,0,0,0,2,0,0,0,0,0,,0,0,Nelson Region,Nil,2-way,Sealed,0,0,0,0,80,0,None,0,0,,52,Nelson City,Nil,0,0,0,0,0,0,Open,0,0,0,Fine,Null
1406036,4916269,14100,,602900,0,0,0,2,0,South,2008/2009,PRINCES ST,JETTY ST,,Non-Injury Crash,No,2009,0,South,0,0,0,Flat,0,,0,,0,Bright sun,2896900,0,0,0,4,0,0,0,0,1,,0,0,Otago Region,Nil,2-way,Sealed,0,0,0,0,50,0,Null,0,0,,71,Dunedin City,Unknown,0,0,0,0,0,0,Urban,0,0,0,Fine,Null
1764595,5905903,14101,,524303,0,,0,2,,Null,2009/2010,STATION ROAD,HILLCREST ROAD,,Non-Injury Crash,No,2009,,South,,0,,Flat,,,,,,Bright sun,657500,0,0,0,2,,,0,,,,,,Auckland Region,Nil,2-way,Sealed,,0,0,,50,,Off,0,0,,76,Auckland,Stop,,,,,0,0,Urban,0,,,Fine,Null
1757705,5915492,14102,,515802,0,,0,1,,Null,2009/2010,THE DRIVE,ARCADIA ROAD,,Non-Injury Crash,No,2009,,South,,0,,Flat,,,,,,Bright sun,448800,0,0,0,2,,,0,,,,,,Auckland Region,Nil,2-way,Sealed,,0,0,,50,,Off,1,0,,76,Auckland,Nil,,,,,0,0,Urban,0,,,Fine,Null
1755655,5446166,14103,,571501,0,,0,1,,Null,2009/2010,WHITFORD OFF NBD,SH 1N,,Non-Injury Crash,Yes,2009,,East,,0,,Flat,,,,,,Overcast,2056601,0,0,0,2,,,0,,,,,,Wellington Region,Nil,1-way,Sealed,,0,0,,100,,Null,0,0,,44,Porirua City,Traffic Signals,,,,,0,0,Open,1,,,Light rain,Null
1710497,5683017,14104,,550700,0,0,0,1,1,East,2009/2010,SH 3,OTARAOA ROAD,,Non-Injury Crash,Yes,2009,0,West,0,0,0,Flat,0,,0,,0,Dark,1550600,0,0,0,2,0,0,0,0,0,,0,1,Taranaki Region,Nil,2-way,Sealed,0,0,0,0,100,0,None,0,0,,33,New Plymouth District,Nil,0,0,0,0,0,0,Open,0,0,0,Fine,Null
1689361,5674280,14105,,551502,0,,0,2,,West,2008/2009,MANADON ST,SH 45,,Non-Injury Crash,No,2009,,West,,0,,Flat,,,,,,Overcast,1584103,0,0,0,2,,,0,,,,,,Taranaki Region,Nil,2-way,Sealed,,0,0,,50,,Null,0,0,,33,New Plymouth District,Nil,,,,,0,0,Urban,0,,,Fine,Null
1927296,5605131,14106,,545761,0,0,0,1,0,Null,2009/2010,MARAEKAKAHO ROAD,YORK ROAD,,Non-Injury Crash,No,2009,0,East,0,0,0,Flat,1,,0,,0,Dark,1469905,0,0,0,2,0,0,0,0,0,,0,0,Hawke's Bay Region,Nil,2-way,Sealed,0,0,0,0,70,0,On,0,0,,30,Hastings District,Give way,0,0,0,0,0,0,Urban,0,0,0,Fine,Null
1756441,5920310,14107,,514102,0,0,0,3,0,Null,2009/2010,UNION ST,COOK ST,,Non-Injury Crash,No,2009,0,East,0,0,0,Hill Road,0,,0,,0,Dark,432700,0,0,0,1,0,0,0,0,0,,0,0,Auckland Region,Nil,1-way,Sealed,0,0,0,0,50,0,On,0,0,,76,Auckland,Stop,0,1,0,0,0,0,Urban,0,0,0,Fine,Null
1773999,5472774,14108,,563703,0,,1,1,,Null,2008/2009,SH 1N,ELIZABETH ST,,Non-Injury Crash,Yes,2009,,North,,0,,Flat,,,,,,Bright sun,1876300,0,0,0,2,,,0,,,,,,Wellington Region,Nil,2-way,Sealed,,0,0,,50,,Null,0,0,,43,Kapiti Coast District,Traffic Signals,,,,,0,0,Urban,0,,,Fine,Null
1755606,5919966,14109,,514000,0,,0,3,,South,2009/2010,PONSONBY ROAD,VERMONT ST,,Non-Injury Crash,No,2009,,North,,0,,Flat,,,,,,Bright sun,415700,0,0,0,4,,,0,,,,,,Auckland Region,Nil,2-way,Sealed,,0,0,,50,,Off,0,0,,76,Auckland,Nil,,,,,0,0,Urban,0,,,Fine,Null
1916081,5604836,14110,,545841,0,,0,2,,Null,2009/2010,SH 50,MARAEKAKAHO ROAD,,Non-Injury Crash,Yes,2009,,East,,0,,Flat,,,,,,Overcast,1462901,0,0,0,2,,,0,,,,,,Hawke's Bay Region,Nil,2-way,Sealed,,0,0,,100,,Null,0,0,,30,Hastings District,Give way,,,,,0,0,Open,0,,,Light rain,Null
1839551,5841350,14111,,534800,0,,0,2,,Null,2009/2010,SH 26,REWI ST,,Non-Injury Crash,Yes,2009,,East,,0,,Flat,,,,,,Bright sun,1104400,0,0,0,2,,,0,,,,,,Waikato Region,Nil,2-way,Sealed,,0,0,,50,,Off,0,0,,15,Matamata-Piako District,Give way,,,,,0,0,Urban,0,,,Fine,Null
1626868,5434790,14112,,582100,0,0,0,1,1,Null,2008/2009,WERNETH ST,RAINBOW DRIVE,,Non-Injury Crash,No,2009,0,South,0,0,0,Flat,0,,0,,0,Dark,2316203,0,0,0,2,0,0,0,0,0,,0,0,Nelson Region,Nil,2-way,Sealed,0,0,0,0,50,0,On,0,0,,52,Nelson City,Nil,0,0,0,0,0,0,Urban,0,0,0,Fine,Null
1876909,5826378,14113,,537201,0,,0,2,,Null,2009/2010,OTUMOETAI ROAD,CHERRYWOOD DRIVE,,Non-Injury Crash,No,2009,,South,,0,,Flat,,Christmas New Year,,,,Bright sun,1154701,0,0,0,2,,,0,,,,,,Bay of Plenty Region,Nil,2-way,Sealed,,0,0,,50,,Null,0,0,,23,Tauranga City,Give way,,,,,0,0,Urban,0,,,Fine,Strong wind
1755645,5921313,14114,,515202,0,,0,3,,North,2009/2010,SH 1N,FANSHAWE OFF SBD,,Non-Injury Crash,Yes,2009,,South,,0,,Flat,,,,,,Bright sun,425600,0,0,0,4,,,0,,,,,,Auckland Region,Nil,1-way,Sealed,,0,0,,80,,Off,0,0,,76,Auckland,Nil,,,,,0,0,Open,0,,,Fine,Null
1772678,5894933,14115,,525520,0,,0,2,,South,2009/2010,GREAT SOUTH ROAD,ROSEHILL DRIVE,,Non-Injury Crash,No,2009,,South,,0,,Flat,,,,,,Bright sun,801901,0,0,0,2,,,0,,,,,,Auckland Region,Nil,2-way,Sealed,,0,0,,50,,Off,0,0,,76,Auckland,Nil,,,,,0,0,Urban,0,,,Fine,Null
1930795,5604811,14116,,548100,0,,0,2,,Null,2009/2010,WILLOWPARK ROAD NORTH,ALBERT ST,,Non-Injury Crash,No,2009,,East,,0,,Flat,,,,,,Twilight,1499700,0,0,0,2,,,0,,,,,,Hawke's Bay Region,Nil,2-way,Sealed,,0,0,,50,,Off,0,0,,30,Hastings District,Give way,,,,,0,0,Urban,0,,,Fine,Null
1766071,5440140,14117,,568102,0,0,0,1,0,Null,2008/2009,BOWERS ST,GEORGE ST,,Non-Injury Crash,No,2009,0,West,0,0,0,Flat,0,,0,,0,Bright sun,1931500,0,0,0,2,0,0,0,0,0,,0,0,Wellington Region,Nil,2-way,Sealed,0,0,0,0,50,0,Null,0,0,,46,Lower Hutt City,Give way,1,1,0,0,0,0,Urban,0,0,0,Fine,Null
1833470,5457080,14118,,578402,0,0,0,1,0,West,2008/2009,MASTERTON-STRONVAR ROAD,LONGRIDGE ROAD,,Non-Injury Crash,No,2009,0,West,0,0,1,Hill Road,0,,0,,0,Dark,2256500,0,0,0,2,0,0,0,1,0,,0,0,Wellington Region,Nil,2-way,Sealed,0,0,0,0,100,0,None,0,0,,48,Masterton District,Nil,0,0,0,0,0,0,Open,0,0,0,Light rain,Null
1748569,5427965,14119,,573000,0,0,0,2,0,North,2008/2009,GILMER TERRACE,BOULCOTT ST,,Non-Injury Crash,No,2009,0,North,0,0,0,Hill Road,0,,0,,0,Overcast,2126600,0,0,0,2,0,0,0,0,0,,0,0,Wellington Region,Nil,2-way,Sealed,0,0,0,0,50,0,Null,0,1,,47,Wellington City,Nil,0,0,0,0,0,0,Urban,0,1,0,Fine,Null
1760335,5914589,14120,,519400,0,0,0,2,0,East,2009/2010,WAIOHUA ROAD,GARLAND ROAD,,Non-Injury Crash,No,2009,0,East,0,0,0,Flat,0,,0,,0,Twilight,619500,0,0,0,2,0,0,0,0,1,,0,0,Auckland Region,Nil,2-way,Sealed,0,0,0,0,50,0,None,0,0,,76,Auckland,Nil,0,0,0,0,0,0,Urban,0,0,0,Fine,Null
1774198,5445385,14121,,567100,0,,0,2,,Null,2009/2010,FERGUSSON DRIVE,KING ST,,Non-Injury Crash,No,2009,,North,,0,,Flat,,,,,,Dark,1906500,0,0,0,2,,,0,,,,,,Wellington Region,Nil,2-way,Sealed,,0,0,,50,,On,0,0,,45,Upper Hutt City,Give way,,,,,0,0,Urban,0,,,Heavy rain,Null
1749225,5426301,14122,,573400,0,,0,0,,East,2008/2009,SH 1N PATERSON,DUFFERIN ST E,,Non-Injury Crash,Yes,2009,,West,,0,,Flat,,,,,,Bright sun,2142900,0,0,0,4,,,0,,,,,,Wellington Region,Nil,2-way,Sealed,,0,0,,50,,Null,0,0,,47,Wellington City,Nil,,,,,0,0,Urban,2,,,Fine,Null
1747185,5920194,14123,,512300,0,,0,2,,Null,2009/2010,TE ATATU ROAD,OLD TE ATATU ROAD,,Non-Injury Crash,No,2009,,North,,0,,Flat,,,,,,Overcast,252000,0,0,0,4,,,0,,,,,,Auckland Region,Nil,2-way,Sealed,,0,0,,50,,Off,0,1,,76,Auckland,Traffic Signals,,,,,0,0,Urban,0,,,Fine,Null
1935312,5621571,14124,,546801,0,,0,1,,North,2009/2010,MAIN ST,SPENCER ROAD,,Non-Injury Crash,No,2009,,South,,0,,Hill Road,,,,,,Twilight,1420300,0,0,0,2,,,0,,,,,,Hawke's Bay Region,Nil,2-way,Sealed,,0,0,,50,,Off,1,0,,31,Napier City,Nil,,,,,0,0,Urban,0,,,Fine,Null
1762430,5913417,14125,,520402,0,0,0,1,0,Null,2009/2010,PORTMAN ROAD,COTSWOLD LANE,,Non-Injury Crash,No,2009,0,North,0,0,0,Flat,0,,0,,0,Dark,642200,0,0,0,2,0,0,0,0,1,,0,0,Auckland Region,Nil,2-way,Sealed,0,0,0,0,50,0,On,0,0,,76,Auckland,Nil,0,0,0,0,0,0,Urban,1,0,0,Fine,Null
1699827,5678846,14126,,550901,0,0,0,2,0,Null,2008/2009,MANGATI ROAD,SH 3,,Non-Injury Crash,Yes,2009,0,East,0,0,0,Flat,0,,0,,0,Dark,1561900,0,0,0,2,0,0,0,0,0,,0,0,Taranaki Region,Nil,2-way,Sealed,0,0,0,0,50,0,On,0,0,,33,New Plymouth District,Stop,1,0,0,0,0,0,Urban,0,0,0,Mist or Fog,Null
1753098,5440836,14127,,572600,0,,0,2,,South,2009/2010,MAIN ROAD,LINCOLN AVENUE,,Non-Injury Crash,No,2009,,South,,0,,Flat,,,,,,Dark,1992000,0,0,0,2,,,0,,,,,,Wellington Region,Nil,2-way,Sealed,,0,0,,50,,On,0,0,,47,Wellington City,Nil,,,,,0,0,Urban,0,,,Fine,Null
1703086,5665428,14128,,552800,0,,0,1,,Null,2009/2010,SH 3,POKAKA PLACE,,Non-Injury Crash,Yes,2009,,East,,0,,Flat,,,,,,Dark,1606100,0,0,0,2,,,0,,,,,,Taranaki Region,Nil,2-way,Sealed,,0,0,,50,,On,0,0,,33,New Plymouth District,Nil,,,,,2,0,Urban,0,,,Fine,Null
1692664,5676051,14129,,551800,0,,0,2,,West,2008/2009,SH 45 POWDERHAM,ROBE ST,,Non-Injury Crash,Yes,2009,,East,,0,,Flat,,,,,,Bright sun,1591500,0,0,0,2,,,0,,,,,,Taranaki Region,Nil,2-way,Sealed,,0,0,,50,,Null,0,0,,33,New Plymouth District,Nil,,,,,0,0,Urban,1,,,Fine,Null
1745735,5917407,14130,,510700,0,,0,2,,Null,2009/2010,EDMONTON ROAD,ALDERMAN DRIVE,,Non-Injury Crash,No,2009,,South,,0,,Flat,,,,,,Bright sun,240000,0,0,0,2,,,0,,,,,,Auckland Region,Nil,2-way,Sealed,,0,0,,50,,Off,0,0,,76,Auckland,Give way,,,,,0,0,Urban,0,,,Fine,Null
1767436,5882609,14131,,521112,0,,0,2,,South,2009/2010,HELVETIA ROAD,GUN CLUB ROAD,,Non-Injury Crash,No,2009,,South,,0,,Hill Road,,,,,,Overcast,826500,0,0,0,2,,,0,,,,,,Auckland Region,Nil,2-way,Sealed,,0,0,,100,,None,0,0,,76,Auckland,Nil,,,,,0,0,Open,0,,,Fine,Null
1761021,5437977,14132,,569402,0,,0,2,,Null,2008/2009,PARK ROAD,NATUSCH ROAD,,Non-Injury Crash,No,2009,,South,,0,,Hill Road,,,,,,Overcast,1918902,0,0,0,2,,,0,,,,,,Wellington Region,Nil,2-way,Sealed,,0,0,,50,,Null,0,0,,46,Lower Hutt City,Nil,,,,,0,0,Urban,0,,,Light rain,Null
1935302,5619988,14133,,546600,0,0,0,1,0,Null,2008/2009,Z CPK KENNEDY PARK M/CAMP,STORKEY ST,,Non-Injury Crash,No,2009,0,West,0,0,1,Flat,0,,0,,0,Dark,1436700,0,0,0,0,0,0,0,0,0,,0,1,Hawke's Bay Region,Nil,Off road,Sealed,0,0,0,0,50,0,On,0,0,,31,Napier City,Nil,0,0,0,0,0,0,Urban,0,0,0,Fine,Null
1680191,5403752,14134,,581230,0,,0,2,,Null,2008/2009,Z CPK NEW WORLD,FRESWICK/MAIN,,Non-Injury Crash,No,2009,,West,,0,,Flat,,Christmas New Year,,,,Overcast,2300100,0,0,0,0,,,0,,,,,,Marlborough Region,Nil,Off road,Sealed,,0,0,,50,,Null,0,0,,53,Marlborough District,Nil,,,,,0,0,Urban,0,,,Fine,Null
1821541,5529798,14135,,562800,0,,0,2,,Null,2008/2009,SH 3,WALDING ST,,Non-Injury Crash,Yes,2009,,West,,0,,Flat,,Queens Birthday,,,,Dark,1830900,0,0,0,2,,,0,,,,,,Manawatū-Whanganui Region,Nil,2-way,Sealed,,0,0,,50,,On,0,0,,40,Palmerston North City,Traffic Signals,,,,,0,0,Urban,0,,,Fine,Null
1755087,5929157,14136,,508320,0,,0,2,,Null,2009/2010,WAIRAU ROAD,VIEW ROAD E,,Non-Injury Crash,No,2009,,North,,0,,Hill Road,,,,,,Overcast,196600,0,0,0,3,,,0,,,,,,Auckland Region,Nil,2-way,Sealed,,0,0,,50,,Null,0,0,,76,Auckland,Give way,,,,,0,0,Urban,0,,,Fine,Null
1930795,5604811,14137,,548100,0,0,0,1,0,Null,2009/2010,WILLOWPARK ROAD NORTH,ALBERT ST,,Non-Injury Crash,No,2009,0,North,0,0,0,Flat,0,,0,,0,Bright sun,1499700,0,0,0,2,0,0,0,0,0,,0,0,Hawke's Bay Region,Nil,2-way,Sealed,0,0,0,0,50,0,Null,0,0,,30,Hastings District,Give way,0,0,0,1,0,0,Urban,1,0,0,Fine,Null
1868079,5712244,14138,,541740,0,,0,1,,South,2009/2010,LAKE TERRACE,PATAKA ROAD,,Non-Injury Crash,No,2009,,South,,0,,Flat,,,,,,Bright sun,1268501,0,0,0,2,,,0,,,,,,Waikato Region,Nil,2-way,Sealed,,0,0,,50,,Null,1,0,,21,Taupo District,Unknown,,,,,0,0,Urban,0,,,Fine,Null
1760225,5434897,14139,,568701,1,,0,1,,North,2008/2009,CAMBRIDGE TERRACE,HAWKINS ST,,Non-Injury Crash,No,2009,,North,,0,,Flat,,,,,,Overcast,1976900,0,0,0,2,,,0,,,,,,Wellington Region,Nil,2-way,Sealed,,0,0,,50,,Null,0,0,,46,Lower Hutt City,Nil,,,,,0,0,Urban,0,,,Fine,Null
1756349,5927877,14140,,507900,0,,1,1,,North,2009/2010,WAIRAU ROAD,SHAKESPEARE ROAD,,Non-Injury Crash,No,2009,,North,,0,,Flat,,,,,,Overcast,305202,0,0,0,2,,,0,,,,,,Auckland Region,Nil,2-way,Sealed,,0,0,,50,,Off,0,0,,76,Auckland,Nil,,,,,0,0,Urban,0,,,Fine,Null
1776694,5447948,14141,,566700,0,,0,1,,Null,2008/2009,SH 2,NORANA ROAD,,Non-Injury Crash,Yes,2009,,West,,0,,Flat,,,,,,Bright sun,1913400,0,0,0,2,,,0,,,,,,Wellington Region,Nil,2-way,Sealed,,0,0,,70,,Null,0,0,,45,Upper Hutt City,Give way,,,,,0,0,Urban,1,,,Fine,Null
1757879,5914453,14142,,518600,0,,0,2,,Null,2009/2010,PAH ROAD,SELWYN ROAD,,Non-Injury Crash,No,2009,,North,,0,,Flat,,,,,,Overcast,565800,0,0,0,2,,,0,,,,,,Auckland Region,Nil,2-way,Sealed,,0,0,,50,,Off,0,0,,76,Auckland,Stop,,,,,0,0,Urban,0,,,Fine,Null
1870378,5754402,14143,65,535262,0,,0,0,,North,2009/2010,SH 30,OHAKURI ROAD,,Non-Injury Crash,Yes,2009,,South,,0,,Hill Road,,,,,,Dark,1263000,0,0,0,2,,,0,,,,,,Waikato Region,Nil,2-way,Sealed,,0,0,,100,,None,0,0,,24,Rotorua District,Unknown,,,,,0,0,Open,1,,,Fine,Null
1748655,5426979,14144,,573101,0,,0,3,,Null,2009/2010,SH 1N,DUNLOP TERRACE,,Non-Injury Crash,Yes,2009,,East,,0,,Flat,,,,,,Bright sun,2133600,0,0,0,2,,,0,,,,,,Wellington Region,Nil,2-way,Sealed,,0,0,,50,,Null,0,0,,47,Wellington City,Give way,,,,,0,0,Urban,0,,,Fine,Null
1821937,5529072,14145,,562800,0,0,0,1,0,Null,2008/2009,FERGUSON ST,FITZHERBERT AVENUE,,Non-Injury Crash,No,2009,0,North,0,0,0,Flat,0,,0,,0,Dark,1828700,0,0,0,4,0,0,0,0,0,,0,0,Manawatū-Whanganui Region,Nil,2-way,Sealed,0,0,0,0,50,0,On,0,0,,40,Palmerston North City,Traffic Signals,1,1,0,0,0,0,Urban,0,0,0,Fine,Null
1751291,5433440,14146,,574303,0,0,0,1,1,North,2009/2010,SH 1N,STOCK ROUTE,,Non-Injury Crash,Yes,2009,0,North,0,0,0,Hill Road,0,,0,,0,Bright sun,2084302,0,0,0,2,0,0,0,0,0,,0,0,Wellington Region,Nil,2-way,Sealed,0,0,0,0,80,0,Null,0,0,,47,Wellington City,Nil,0,0,0,1,0,0,Open,0,0,0,Fine,Null
1756158,5928094,14147,,507900,0,,0,2,,Null,2009/2010,FORREST HILL ROAD,WAIRAU ROAD,,Non-Injury Crash,No,2009,,East,,0,,Flat,,,,,,Dark,307000,0,0,0,4,,,0,,,,,,Auckland Region,Nil,2-way,Sealed,,0,0,,50,,On,0,0,,76,Auckland,Traffic Signals,,,,,0,0,Urban,0,,,Fine,Null
1820921,5530213,14148,,562310,0,,0,2,,Null,2008/2009,ARGYLE AVENUE,AROHA ST,,Non-Injury Crash,No,2009,,South,,0,,Flat,,,,,,Bright sun,1824000,0,0,0,2,,,0,,,,,,Manawatū-Whanganui Region,Nil,2-way,Sealed,,0,0,,50,,Null,0,0,,40,Palmerston North City,Give way,,,,,0,0,Urban,0,,,Fine,Null
1756014,5918859,14149,,515500,0,0,0,1,0,Null,2009/2010,WAIMA ST,MONMOUTH ST,,Non-Injury Crash,No,2009,0,South,0,0,1,Flat,0,,0,,0,Bright sun,417900,0,0,0,2,0,0,0,0,0,,0,0,Auckland Region,Nil,2-way,Sealed,0,0,0,0,50,0,Null,0,0,,76,Auckland,Stop,0,0,0,0,0,0,Urban,0,0,0,Fine,Null
1934983,5619990,14150,,546300,0,,0,2,,South,2008/2009,KENNEDY ROAD,RIVERBEND ROAD,,Non-Injury Crash,No,2009,,North,,0,,Flat,,,,,,Bright sun,1438900,0,0,0,2,,,0,,,,,,Hawke's Bay Region,Nil,2-way,Sealed,,0,0,,50,,Null,0,0,,31,Napier City,Nil,,,,,0,0,Urban,0,,,Fine,Null
1933591,5609031,14151,,545722,0,0,0,1,0,North,2009/2010,JOHNSTON WAY,RANGITANE ROAD,,Non-Injury Crash,No,2009,0,West,0,0,1,Null,0,,0,,0,Dark,1405700,0,0,0,2,0,0,0,0,0,,0,0,Hawke's Bay Region,Nil,2-way,Sealed,0,0,0,0,30,0,On,0,0,,30,Hastings District,Nil,0,0,0,0,0,0,Urban,0,0,0,Fine,Null
1692504,5676400,14152,,551800,0,,0,5,,Null,2008/2009,SH 44,QUEEN ST,,Non-Injury Crash,Yes,2009,,East,,0,,Flat,,,,,,Overcast,1591700,0,0,0,2,,,0,,,,,,Taranaki Region,Nil,2-way,Sealed,,0,0,,50,,Null,0,0,,33,New Plymouth District,Give way,,,,,0,0,Urban,0,,,Fine,Null
1820439,5527075,14153,,562922,0,0,0,1,0,Null,2008/2009,SLACKS ROAD,PITAMA ROAD,,Non-Injury Crash,No,2009,0,South,0,0,0,Flat,0,,0,,1,Dark,1804500,0,0,0,2,0,0,0,0,0,,0,0,Manawatū-Whanganui Region,Nil,2-way,Sealed,0,0,0,0,50,0,On,0,0,,40,Palmerston North City,Stop,0,0,0,0,0,0,Urban,0,0,0,Fine,Null
1887074,5824223,14154,,536515,0,,0,4,,East,2009/2010,PAPAMOA BEACH ROAD,PACIFIC VIEW ROAD,,Non-Injury Crash,No,2009,,West,,0,,Flat,,,,,,Bright sun,1205009,0,0,0,2,,,0,,,,,,Bay of Plenty Region,Nil,2-way,Sealed,,0,0,,50,,Null,0,0,,23,Tauranga City,Give way,,,,,0,0,Urban,0,,,Fine,Null
1754664,5936637,14155,,506902,0,0,0,1,0,East,2009/2010,LINGHAM CRESCENT,CAVERSHAM DRIVE,,Non-Injury Crash,No,2009,0,East,0,0,0,Flat,0,,0,,0,Dark,166500,0,0,0,2,0,0,0,0,1,,0,0,Auckland Region,Nil,2-way,Sealed,0,0,0,0,50,0,On,0,0,,76,Auckland,Unknown,0,0,0,0,0,0,Urban,1,0,0,Fine,Null