X,Y,OBJECTID,advisorySpeed,areaUnitID,bicycle,bridge,bus,carStationWagon,cliffBank,crashDirectionDescription,crashFinancialYear,crashLocation1,crashLocation2,crashRoadSideRoad,crashSeverity,crashSHDescription,crashYear,debris,directionRoleDescription,ditch,fatalCount,fence,flatHill,guardRail,holiday,houseOrBuilding,intersection,kerb,light,meshblockId,minorInjuryCount,moped,motorcycle,NumberOfLanes,objectThrownOrDropped,otherObject,otherVehicleType,overBank,parkedVehicle,pedestrian,phoneBoxEtc,postOrPole,region,roadCharacter,roadLane,roadSurface,roadworks,schoolBus,seriousInjuryCount,slipOrFlood,speedLimit,strayAnimal,streetLight,suv,taxi,temporarySpeedLimit,tlaId,tlaName,trafficControl,trafficIsland,trafficSign,train,tree,truck,unknownVehicleType,urban,vanOrUtility,vehicle,waterRiver,weatherA,weatherB
1752806,5953206,14156,,506201,0,0,0,1,0,North,2009/2010,HIBISCUS COAST HIGHWAY,OCEAN VIEW ROAD,,Non-Injury Crash,No,2009,0,North,0,0,0,Hill Road,1,,0,,0,Overcast,176204,0,0,0,3,0,0,0,0,0,,0,0,Auckland Region,Nil,2-way,Sealed,0,0,0,0,80,0,None,0,0,,76,Auckland,Nil,0,0,0,0,0,0,Open,0,0,0,Light rain,Null
1717165,6056783,14157,,502001,0,0,0,1,0,South,2009/2010,SH 1N,PIANO HILL ROAD,,Non-Injury Crash,Yes,2009,0,South,1,0,1,Flat,0,Christmas New Year,0,,0,Dark,64300,0,0,0,3,0,0,0,0,0,,0,0,Northland Region,Nil,2-way,Sealed,0,0,0,0,100,0,None,0,0,,2,Whangarei District,Unknown,0,0,0,0,0,0,Open,0,0,0,Fine,Null
1933348,5618637,14158,,547100,0,,0,2,,Null,2008/2009,KENNEDY ROAD,KENNEDY OFF NBD,,Non-Injury Crash,Yes,2009,,North,,0,,Flat,,,,,,Overcast,1448104,0,0,0,2,,,0,,,,,,Hawke's Bay Region,Nil,2-way,Sealed,,0,0,,50,,Null,0,0,,31,Napier City,Give way,,,,,0,0,Urban,0,,,Fine,Null
1747442,5916025,14159,,511601,0,0,0,1,0,Null,2009/2010,FARQUHAR ROAD,GLENDENE AVENUE,,Non-Injury Crash,No,2009,0,South,0,0,0,Flat,0,,0,,0,Bright sun,275400,0,0,0,2,0,0,0,0,1,,0,0,Auckland Region,Nil,2-way,Unsealed,0,0,0,0,50,0,Off,1,0,,76,Auckland,Nil,0,0,0,0,0,0,Urban,0,0,0,Fine,Null
1830976,5618538,14160,,559210,0,0,0,1,0,South,2008/2009,SH 1N,WAIARUHE ROAD,,Non-Injury Crash,Yes,2009,0,South,1,0,0,Flat,0,,0,,0,Bright sun,1755200,0,0,0,2,0,0,0,0,0,,0,0,Manawatū-Whanganui Region,Nil,2-way,Sealed,0,0,0,0,100,0,Null,0,0,,38,Rangitikei District,Nil,0,0,0,0,0,0,Open,0,0,0,Fine,Null
1693359,5676421,14161,,551800,0,,0,2,,Null,2008/2009,DEVON ST EAST,GOVER ST,,Non-Injury Crash,No,2009,,North,,0,,Flat,,,,,,Bright sun,1594000,0,0,0,2,,,0,,,,,,Taranaki Region,Nil,2-way,Sealed,,0,0,,50,,Null,0,0,,33,New Plymouth District,Give way,,,,,0,0,Urban,0,,,Fine,Null
1747712,5435770,14162,,577700,0,0,0,1,0,South,2008/2009,TAKARAU GORGE ROAD,RIFLE RANGE ROAD,,Non-Injury Crash,No,2009,0,North,0,0,1,Flat,0,,0,,0,Dark,2116900,0,0,0,2,0,0,0,0,0,,0,0,Wellington Region,Nil,2-way,Sealed,0,0,0,0,100,0,None,0,0,,47,Wellington City,Nil,0,0,0,0,0,0,Open,0,0,0,Fine,Null
1790922,5844821,14163,,527111,0,,0,2,,North,2009/2010,SH 1N,EAST MINE ROAD,,Non-Injury Crash,Yes,2009,,North,,0,,Flat,,,,,,Bright sun,940702,0,0,0,2,,,0,,,,,,Waikato Region,Nil,2-way,Sealed,,0,0,,100,,Null,0,0,,13,Waikato District,Unknown,,,,,0,0,Open,0,,,Fine,Null
1750111,5425643,14164,,576903,0,0,0,2,0,South,2008/2009,MOXHAM AVENUE,TAPIRI ST,,Non-Injury Crash,No,2009,0,North,0,0,0,Hill Road,0,,0,,0,Bright sun,2180800,0,0,0,2,0,0,0,0,2,,0,0,Wellington Region,Nil,2-way,Sealed,0,0,0,0,50,0,Null,1,0,,47,Wellington City,Nil,0,0,0,0,0,0,Urban,0,0,0,Fine,Null
1758433,5455078,14165,,571800,0,0,0,1,0,South,2008/2009,SH 1N,GRAY ST,,Non-Injury Crash,Yes,2009,0,North,0,0,0,Hill Road,0,,0,,0,Overcast,2065900,0,0,0,2,0,0,0,0,0,,0,0,Wellington Region,Nil,2-way,Sealed,0,0,0,0,50,0,Null,0,0,,44,Porirua City,Nil,0,1,0,0,0,0,Urban,0,0,0,Fine,Null
1748075,5427773,14166,,575300,0,,0,1,,South,2008/2009,KELBURN PARADE,SALAMANCA ROAD,,Non-Injury Crash,No,2009,,South,,0,,Hill Road,,,,,,Bright sun,2154400,0,0,0,2,,,0,,,,,,Wellington Region,Nil,2-way,Sealed,,0,0,,50,,Null,1,0,,47,Wellington City,Nil,,,,,0,0,Urban,0,,,Fine,Null
1822470,5531706,14167,,562401,1,,0,1,,Null,2008/2009,TREMAINE AVENUE,RUAHINE ST,,Non-Injury Crash,No,2009,,North,,0,,Flat,,,,,,Overcast,1834000,0,0,0,2,,,0,,,,,,Manawatū-Whanganui Region,Nil,2-way,Sealed,,0,0,,50,,Null,0,0,,40,Palmerston North City,Traffic Signals,,,,,0,0,Urban,0,,,Fine,Null
1565907,5205141,14168,,586307,0,0,0,2,0,South,2008/2009,WEST BELT,HIGH ST,,Non-Injury Crash,No,2009,0,South,0,0,0,Flat,0,,0,,0,Dark,2450213,0,0,0,2,0,0,0,0,1,,0,0,Canterbury Region,Nil,2-way,Sealed,0,0,0,0,50,0,On,0,0,,59,Waimakariri District,Unknown,0,0,0,0,0,0,Urban,0,0,0,Fine,Null
1624432,5428901,14169,,583400,0,0,0,1,0,Null,2008/2009,WESTBROOK TERRACE,BLICK TERRACE,,Non-Injury Crash,No,2009,0,North,0,0,0,Flat,0,,0,,1,Dark,2332702,0,0,0,2,0,0,0,0,0,,0,0,Nelson Region,Nil,2-way,Sealed,0,0,0,0,50,0,On,0,0,,52,Nelson City,Nil,0,0,0,0,0,0,Urban,0,0,0,Fine,Null
1623379,6121781,14170,,500100,0,,0,1,,Null,2009/2010,SH 10,SH 1N,,Non-Injury Crash,Yes,2009,,West,,0,,Flat,,,,,,Overcast,7202,0,0,0,1,,,0,,,,,,Northland Region,Nil,2-way,Sealed,,0,0,,50,,Off,1,0,,1,Far North District,Give way,,,,,0,0,Urban,0,,,Fine,Null
1769564,5881394,14171,,525910,0,0,0,1,0,North,2009/2010,PROSPECT TERRACE,EAST ST,,Non-Injury Crash,No,2009,0,North,0,0,0,Hill Road,0,,0,,0,Bright sun,816703,0,0,0,2,0,0,0,0,0,,0,1,Auckland Region,Nil,2-way,Sealed,0,0,0,0,50,0,Off,0,0,,76,Auckland,Nil,0,0,0,0,0,0,Urban,0,0,0,Fine,Null
1690490,5674910,14172,,551503,0,0,0,1,0,North,2008/2009,GRENVILLE ST,VANCOUVER PLACE,,Non-Injury Crash,No,2009,0,West,0,0,0,Flat,0,,1,,0,Dark,1579700,0,0,0,2,0,0,0,0,1,,0,0,Taranaki Region,Nil,2-way,Sealed,0,0,0,0,50,0,On,0,0,,33,New Plymouth District,Nil,0,0,0,0,0,0,Urban,1,0,0,Fine,Null
1669871,5404240,14173,,580420,0,0,0,1,0,Null,2009/2010,SH 6,ROUSEHILL ST,,Non-Injury Crash,Yes,2009,0,North,0,0,0,Flat,0,,0,,0,Overcast,2290501,0,0,0,2,0,0,0,0,0,,0,1,Marlborough Region,Nil,2-way,Sealed,0,0,0,0,50,0,Null,0,0,,53,Marlborough District,Give way,0,0,0,0,0,0,Urban,1,0,0,Fine,Null
1767368,5907340,14174,,523602,0,0,0,0,0,Null,2009/2010,COBHAM CRESCENT,BOND ST,,Non-Injury Crash,No,2009,0,South,0,0,1,Flat,0,Christmas New Year,0,,0,Bright sun,709800,0,0,0,1,0,0,0,0,0,,0,0,Auckland Region,Nil,2-way,Sealed,0,0,0,0,50,0,None,1,0,,76,Auckland,Give way,0,0,0,0,0,0,Urban,0,0,0,Fine,Null
1693537,5676379,14175,,551800,0,,0,2,,West,2008/2009,SH 45 COURTENAY,CAMERON ST,,Non-Injury Crash,Yes,2009,,East,,0,,Flat,,,,,,Bright sun,1594000,0,0,0,2,,,0,,,,,,Taranaki Region,Nil,2-way,Sealed,,0,0,,50,,Null,0,0,,33,New Plymouth District,Nil,,,,,0,0,Urban,0,,,Fine,Null
1774710,5896030,14176,,525610,0,,0,2,,Null,2009/2010,SETTLEMENT ROAD,DOMINION ROAD,,Non-Injury Crash,No,2009,,South,,0,,Flat,,,,,,Bright sun,798902,0,0,0,2,,,0,,,,,,Auckland Region,Nil,2-way,Sealed,,0,0,,50,,Off,0,0,,76,Auckland,Give way,,,,,0,0,Urban,0,,,Fine,Null
1758528,5435509,14177,,569202,0,,1,1,,South,2009/2010,CUBA ST,VICTORIA ST,,Non-Injury Crash,No,2009,,South,,0,,Flat,,,,,,Bright sun,1924800,0,0,0,2,,,0,,,,,,Wellington Region,Nil,2-way,Sealed,,0,0,,50,,Null,0,0,,46,Lower Hutt City,Traffic Signals,,,,,0,0,Urban,0,,,Fine,Null
1763272,5428429,14178,,565200,0,,0,1,,North,2008/2009,WOOD ST,WILLOW GROVE,,Non-Injury Crash,No,2009,,North,,0,,Flat,,,,,,Overcast,2020900,0,0,0,2,,,0,,,,,,Wellington Region,Nil,2-way,Sealed,,0,0,,50,,Null,0,0,,46,Lower Hutt City,Nil,,,,,0,0,Urban,1,,,Fine,Null
1792393,5500542,14179,,564220,0,0,0,2,0,Null,2008/2009,VICTORIA ST,SUSSEX ST,,Non-Injury Crash,No,2009,0,East,0,0,1,Flat,0,,0,,0,Dark,1872000,0,0,0,2,0,0,0,0,0,,0,0,Manawatū-Whanganui Region,Nil,2-way,Sealed,0,0,0,0,50,0,On,0,0,,42,Horowhenua District,Nil,0,0,0,0,0,0,Urban,0,0,0,Fine,Null
1404978,4917467,14180,,604020,0,0,0,2,0,North,2008/2009,HIGHGATE,LEVEN ST,,Non-Injury Crash,No,2009,0,South,0,0,0,Hill Road,0,,0,,0,Overcast,2905500,0,0,0,2,0,0,0,0,1,,0,0,Otago Region,Nil,2-way,Sealed,0,0,0,0,50,0,Null,0,0,,71,Dunedin City,Unknown,0,0,0,0,0,0,Urban,0,0,0,Light rain,Null
1757384,5920422,14181,,514102,0,,0,2,,West,2008/2009,VICTORIA ST WEST,QUEEN ST,,Non-Injury Crash,No,2009,,East,,0,,Flat,,,,,,Dark,433600,0,0,0,2,,,0,,,,,,Auckland Region,Nil,2-way,Sealed,,0,0,,50,,On,0,0,,76,Auckland,Traffic Signals,,,,,0,0,Urban,0,,,Fine,Null
1572589,5184748,14182,,590507,1,,0,1,,Null,2008/2009,SH 74,MARSHLAND ROAD,,Non-Injury Crash,Yes,2009,,North,,0,,Flat,,,,,,Bright sun,2505701,0,0,0,2,,,0,,,,,,Canterbury Region,Nil,2-way,Sealed,,0,0,,80,,Null,0,0,,60,Christchurch City,Give way,,,,,0,0,Open,0,,,Fine,Null
1664261,5399354,14183,,580450,0,0,0,0,0,South,2008/2009,WAIHOPAI VALLEY ROAD,SH 63,,Non-Injury Crash,No,2009,0,North,0,0,1,Flat,0,,0,,0,Bright sun,2288601,0,0,0,2,0,0,0,0,0,,0,1,Marlborough Region,Nil,2-way,Sealed,0,0,0,0,100,0,Null,0,0,,53,Marlborough District,Nil,0,0,0,0,0,0,Open,1,0,0,Fine,Null
1819876,5526843,14184,,562922,0,0,0,2,0,West,2008/2009,SLACKS ROAD,FRIMLEY ST,,Non-Injury Crash,No,2009,0,East,0,0,0,Flat,0,,0,,0,Bright sun,1805200,0,0,0,2,0,0,0,0,1,,0,0,Manawatū-Whanganui Region,Nil,2-way,Sealed,0,0,0,0,50,0,Null,0,0,,40,Palmerston North City,Nil,0,0,0,0,0,0,Urban,0,0,0,Fine,Null
1754763,5444252,14185,,570800,0,,0,2,,West,2009/2010,TITAHI BAY ROAD,MUNGAVIN OFF NBD,,Non-Injury Crash,No,2009,,East,,0,,Flat,,,,,,Bright sun,2051001,0,0,0,2,,,0,,,,,,Wellington Region,Bridge,2-way,Sealed,,0,0,,50,,Null,0,0,,44,Porirua City,Nil,,,,,0,0,Urban,0,,,Fine,Null
1759011,5912435,14186,,519820,0,,0,2,,Null,2009/2010,ONEHUNGA MALL,ARTHUR ST,,Non-Injury Crash,No,2009,,West,,0,,Flat,,,,,,Dark,600500,0,0,0,2,,,0,,,,,,Auckland Region,Nil,2-way,Sealed,,0,0,,50,,On,0,0,,76,Auckland,Give way,,,,,0,0,Urban,0,,,Light rain,Null
1763660,5438440,14187,,568401,0,,0,2,,Null,2008/2009,HIGH ST,OXFORD TERRACE,,Non-Injury Crash,No,2009,,South,,0,,Flat,,,,,,Twilight,1944800,0,0,0,2,,,0,,,,,,Wellington Region,Nil,2-way,Sealed,,0,0,,50,,Off,0,0,,46,Lower Hutt City,Give way,,,,,0,0,Urban,0,,,Fine,Null
1758572,5455555,14188,,571800,0,,0,3,,South,2008/2009,SH 1N,TAKUTAI ROAD,,Non-Injury Crash,Yes,2009,,South,,0,,Flat,,,,,,Bright sun,2065600,0,0,0,2,,,0,,,,,,Wellington Region,Nil,2-way,Sealed,,0,0,,50,,Null,0,0,,44,Porirua City,Nil,,,,,0,0,Urban,0,,,Fine,Null
1889546,5775895,14189,,538741,0,,0,1,,South,2009/2010,COOPER AVENUE,WILLOW AVENUE,,Non-Injury Crash,No,2009,,North,,0,,Flat,,,,,,Dark,1253701,0,0,0,2,,,0,,,,,,Bay of Plenty Region,Nil,2-way,Sealed,,0,0,,50,,On,1,0,,24,Rotorua District,Unknown,,,,,0,0,Urban,0,,,Fine,Null
1801521,5816037,14190,,529900,0,0,0,1,0,Null,2009/2010,BROOKLYN ROAD,HEAPHY TERRACE,,Non-Injury Crash,No,2009,0,North,0,0,1,Flat,0,,0,,0,Overcast,862400,0,0,0,4,0,0,0,0,0,,0,0,Waikato Region,Nil,2-way,Sealed,0,0,0,0,50,0,On,0,0,,16,Hamilton City,Traffic Signals,0,0,0,0,0,0,Urban,0,0,0,Light rain,Null
1753163,5918241,14191,,515003,0,,0,2,,West,2009/2010,SH 16,ST LUKES ON WBD,,Non-Injury Crash,Yes,2009,,West,,0,,Flat,,,,,,Overcast,390502,0,0,0,3,,,0,,,,,,Auckland Region,Nil,1-way,Sealed,,0,0,,100,,Off,0,0,,76,Auckland,Nil,,,,,0,0,Open,0,,,Light rain,Null
1749091,5429676,14192,,572900,0,0,0,1,1,Null,2009/2010,SH 1N,MURPHY OFF SBD,,Non-Injury Crash,Yes,2009,0,South,0,0,0,Flat,0,,0,,0,Overcast,2117902,0,0,0,2,0,0,0,0,0,,0,0,Wellington Region,Motorway ramp,1-way,Sealed,0,0,0,0,100,0,Null,0,0,,47,Wellington City,Nil,0,0,0,0,0,0,Open,0,0,0,Heavy rain,Strong wind
1796179,5445339,14193,,580000,0,0,0,1,0,West,2009/2010,SH 2,BOUNDARY ROAD,,Non-Injury Crash,Yes,2009,0,West,0,0,1,Flat,0,,0,,0,Overcast,2268700,0,0,0,2,0,0,0,0,0,,0,0,Wellington Region,Nil,2-way,Sealed,0,0,0,0,70,0,Null,0,0,,50,South Wairarapa District,Nil,0,0,0,0,0,0,Urban,0,0,0,Light rain,Strong wind
1755760,5916390,14194,,518201,0,,0,2,,Null,2009/2010,DOMINION ROAD,BRIXTON ROAD,,Non-Injury Crash,No,2009,,North,,0,,Flat,,,,,,Overcast,553200,0,0,0,2,,,0,,,,,,Auckland Region,Nil,2-way,Sealed,,0,0,,50,,Off,0,0,,76,Auckland,Stop,,,,,0,0,Urban,0,,,Fine,Null
1759582,5436771,14195,,569201,0,0,0,1,0,South,2008/2009,PHARAZYN ST,BLOCK ROAD,,Non-Injury Crash,No,2009,0,North,0,0,0,Flat,0,,0,,0,Bright sun,1925700,0,0,0,2,0,0,0,0,1,,0,0,Wellington Region,Nil,2-way,Sealed,0,0,0,0,50,0,Null,0,0,,46,Lower Hutt City,Nil,0,0,0,0,0,0,Urban,1,0,0,Fine,Null
1774283,5578525,14196,,556800,0,,0,2,,Null,2009/2010,GLASGOW ST,VICTORIA AVENUE,,Non-Injury Crash,No,2009,,South,,0,,Flat,,,,,,Bright sun,1702400,0,0,0,2,,,0,,,,,,Manawatū-Whanganui Region,Nil,2-way,Sealed,,0,0,,50,,Null,0,0,,37,Whanganui District,Traffic Signals,,,,,0,0,Urban,0,,,Fine,Null
1936692,5617259,14197,,545632,0,,0,2,,North,2008/2009,Z DWAY 180 TE AWA,HUNTER DRIVE,,Non-Injury Crash,No,2009,,East,,0,,Flat,,,,,,Bright sun,1402800,0,0,0,2,,,0,,,,,,Hawke's Bay Region,Nil,2-way,Sealed,,0,0,,50,,Null,0,0,,31,Napier City,Nil,,,,,0,0,Urban,0,,,Fine,Null
1622149,5428244,14198,,583300,0,,0,2,,South,2008/2009,WAIMEA ROAD,MARKET ROAD,,Non-Injury Crash,No,2009,,South,,0,,Hill Road,,,,,,Bright sun,2331401,0,0,0,3,,,0,,,,,,Nelson Region,Nil,2-way,Sealed,,0,0,,50,,Null,0,0,,52,Nelson City,Nil,,,,,0,0,Urban,0,,,Fine,Null
1759752,5436564,14199,,569100,0,0,0,2,0,Null,2008/2009,Z CPK RIVERBANK,RUTHERFORD/QUEEN,,Non-Injury Crash,No,2009,0,North,0,0,0,Flat,0,,0,,0,Bright sun,1967000,0,0,0,2,0,0,0,0,1,,0,0,Wellington Region,Nil,Off road,Sealed,0,0,0,0,50,0,Null,0,0,,46,Lower Hutt City,Nil,0,0,0,0,0,0,Urban,0,0,0,Fine,Null
1763404,5436987,14200,,568302,0,,1,1,,Null,2009/2010,NAENAE ROAD,VOGEL ST,,Non-Injury Crash,No,2009,,West,,0,,Flat,,,,,,Twilight,1954300,0,0,0,2,,,0,,,,,,Wellington Region,Nil,2-way,Sealed,,0,0,,50,,On,0,0,,46,Lower Hutt City,Give way,,,,,0,0,Urban,0,,,Light rain,Null
1768956,5911193,14201,,523112,0,,0,2,,Null,2009/2010,HARRIS ROAD,CRYERS ROAD,,Non-Injury Crash,No,2009,,North,,0,,Flat,,,,,,Bright sun,711404,0,0,0,4,,,0,,,,,,Auckland Region,Nil,2-way,Sealed,,0,0,,50,,None,0,0,,76,Auckland,Give way,,,,,0,0,Urban,0,,,Fine,Null
1623691,5430663,14202,,582500,0,,0,1,,North,2008/2009,CHURCH ST,SELWYN PLACE,,Non-Injury Crash,No,2009,,North,,0,,Flat,,,,,,Bright sun,2319800,0,0,0,1,,,0,,,,,,Nelson Region,Nil,1-way,Sealed,,0,0,,50,,Null,1,0,,52,Nelson City,Stop,,,,,0,0,Urban,0,,,Fine,Null
1743939,5919066,14203,,513302,0,,0,2,,East,2009/2010,LARNOCH ROAD,SWANSON ROAD,,Non-Injury Crash,No,2009,,East,,0,,Flat,,,,,,Bright sun,233000,0,0,0,3,,,0,,,,,,Auckland Region,Nil,2-way,Sealed,,0,0,,50,,Off,0,0,,76,Auckland,Traffic Signals,,,,,0,0,Urban,0,,,Fine,Null
1748634,5426933,14204,,573101,0,0,0,1,0,South,2008/2009,DUNLOP TERRACE,VIVIAN ST,,Non-Injury Crash,No,2009,0,North,0,0,0,Flat,0,,0,,0,Overcast,2134300,0,0,0,2,0,0,0,0,1,,0,0,Wellington Region,Nil,2-way,Sealed,0,0,0,0,50,0,Null,0,1,,47,Wellington City,Nil,0,0,0,0,1,0,Urban,0,0,0,Light rain,Strong wind
1761723,5908330,14205,,524510,0,,0,2,,East,2009/2010,ARCHBOYD AVENUE,KIRKELLA CRESCENT,,Non-Injury Crash,No,2009,,East,,0,,Flat,,,,,,Bright sun,734009,0,0,0,2,,,0,,,,,,Auckland Region,Nil,2-way,Sealed,,0,0,,50,,Off,0,0,,76,Auckland,Nil,,,,,0,0,Urban,0,,,Fine,Null
1760192,5915960,14206,,516003,0,,0,2,,Null,2009/2010,GREEN LANE EAST,GREENLANE INT,,Non-Injury Crash,No,2009,,South,,0,,Flat,,,,,,Twilight,494902,0,0,0,2,,,0,,,,,,Auckland Region,Nil,1-way,Sealed,,0,0,,50,,Off,0,0,,76,Auckland,Give way,,,,,0,0,Urban,0,,,Fine,Null
1748535,5427977,14207,,573000,0,,0,2,,Null,2009/2010,BOULCOTT ST,BOULCOTT SLIP,,Non-Injury Crash,No,2009,,East,,0,,Hill Road,,,,,,Overcast,2126502,0,0,0,2,,,0,,,,,,Wellington Region,Nil,2-way,Sealed,,0,0,,50,,Null,0,0,,47,Wellington City,Nil,,,,,0,0,Urban,0,,,Fine,Null
1821257,5532738,14208,,562100,0,0,0,1,0,South,2009/2010,GEMINI AVENUE,DELTA PLACE,,Non-Injury Crash,No,2009,0,South,0,0,0,Flat,0,,0,,0,Dark,1837502,0,0,0,2,0,0,0,0,1,,0,0,Manawatū-Whanganui Region,Nil,2-way,Sealed,0,0,0,0,50,0,On,0,0,,40,Palmerston North City,Nil,0,0,0,0,0,0,Urban,1,0,0,Fine,Null
1825296,5463317,14209,,579200,0,0,0,1,0,South,2008/2009,COLOMBO ROAD,TE ORE ORE ROAD,,Non-Injury Crash,No,2009,0,North,0,0,1,Flat,0,,0,,0,Dark,2252200,0,0,0,2,0,0,0,0,0,,0,0,Wellington Region,Nil,2-way,Sealed,0,0,0,0,50,0,None,0,0,,48,Masterton District,Nil,0,0,0,0,0,0,Urban,0,0,0,Light rain,Null
1935178,5622454,14210,,546200,0,0,0,0,0,South,2008/2009,SH 50,CUSTOMS QUAY,,Non-Injury Crash,Yes,2009,0,North,0,0,0,Flat,0,,0,,0,Overcast,1418600,0,0,0,1,0,0,0,0,0,,0,0,Hawke's Bay Region,Rail xing,1-way,Sealed,0,0,0,0,50,0,Null,0,0,,31,Napier City,Nil,0,0,1,0,1,0,Urban,0,0,0,Light rain,Null
1623581,5430761,14211,,582500,0,,0,1,,East,2009/2010,HARDY ST,RUTHERFORD ST,,Non-Injury Crash,No,2009,,West,,0,,Flat,,,,,,Overcast,2319700,0,0,0,2,,,0,,,,,,Nelson Region,Nil,2-way,Sealed,,0,0,,50,,Null,1,0,,52,Nelson City,Nil,,,,,0,0,Urban,0,,,Fine,Null
1936563,5619383,14212,,546600,0,,0,1,,South,2008/2009,CHAMBERS ST,ELLISON ST,,Non-Injury Crash,No,2009,,South,,0,,Flat,,,,,,Overcast,1434700,0,0,0,2,,,0,,,,,,Hawke's Bay Region,Nil,2-way,Sealed,,0,0,,50,,Null,1,0,,31,Napier City,Nil,,,,,0,0,Urban,0,,,Snow,Frost
1812632,5455603,14213,,579700,0,,0,2,,Null,2009/2010,BELVEDERE ROAD,SH 2,,Non-Injury Crash,No,2009,,East,,0,,Flat,,,,,,Bright sun,2258100,0,0,0,2,,,0,,,,,,Wellington Region,Nil,2-way,Sealed,,0,0,,50,,Null,0,0,,49,Carterton District,Give way,,,,,0,0,Urban,0,,,Fine,Null
1933463,5617869,14214,,545631,0,0,0,1,0,South,2009/2010,ULYATT ROAD,HAROLD HOLT AVENUE,,Non-Injury Crash,No,2009,0,North,1,0,0,Flat,0,,0,,0,Bright sun,1403300,0,0,0,2,0,0,0,0,0,,0,0,Hawke's Bay Region,Nil,2-way,Sealed,0,0,0,0,100,0,Null,0,0,,31,Napier City,Nil,0,0,0,0,0,0,Open,0,0,0,Fine,Null
1749255,5426273,14215,,573400,0,,0,1,,East,2008/2009,SH 1N PATERSON,DUFFERIN ST E,,Non-Injury Crash,Yes,2009,,West,,0,,Hill Road,,,,,,Overcast,2142900,0,1,0,2,,,0,,,,,,Wellington Region,Nil,2-way,Sealed,,0,0,,50,,Null,0,0,,47,Wellington City,Nil,,,,,0,0,Urban,0,,,Fine,Null
1877988,5822307,14216,,538101,0,,0,2,,North,2009/2010,CAMERON ROAD,SIXTEENTH AVENUE,,Non-Injury Crash,No,2009,,North,,0,,Flat,,,,,,Bright sun,1168002,0,0,0,4,,,0,,,,,,Bay of Plenty Region,Nil,2-way,Sealed,,0,0,,50,,Null,0,0,,23,Tauranga City,Unknown,,,,,0,0,Urban,0,,,Fine,Null
1459109,5082415,14217,,599400,0,0,0,2,0,West,2008/2009,RAYMOND ST,OXFORD ST,,Non-Injury Crash,No,2009,0,East,0,0,0,Flat,0,,0,,0,Bright sun,2789600,0,0,0,2,0,0,0,0,1,,0,0,Canterbury Region,Nil,2-way,Sealed,0,0,0,0,50,0,Null,0,0,,64,Timaru District,Unknown,0,0,0,0,0,0,Urban,0,0,0,Fine,Null
1457463,5312932,14218,,584931,0,0,0,1,1,North,2008/2009,SH 6,TEN MILE CRK BR,,Non-Injury Crash,Yes,2009,0,South,0,0,0,Hill Road,0,,0,,0,Dark,2401900,0,0,0,2,0,0,0,0,0,,0,0,West Coast Region,Nil,2-way,Sealed,0,0,0,0,100,0,None,0,0,,56,Grey District,Unknown,0,0,0,0,0,0,Open,0,0,0,Light rain,Null
1759447,5436072,14219,,569100,0,,0,1,,Null,2009/2010,QUEENS DRIVE,LAINGS ROAD,,Non-Injury Crash,No,2009,,East,,0,,Flat,,,,,,Overcast,1965800,0,0,0,2,,,0,,,,,,Wellington Region,Nil,2-way,Sealed,,0,0,,50,,Null,0,0,,46,Lower Hutt City,Traffic Signals,,,,,0,0,Urban,1,,,Light rain,Null
1804989,5809253,14220,,527915,0,0,0,1,1,South,2009/2010,RAYNES ROAD,LOWE ROAD,,Non-Injury Crash,No,2009,0,North,0,0,0,Flat,0,,0,,0,Bright sun,984704,0,0,0,2,0,0,0,0,0,,0,0,Waikato Region,Nil,2-way,Sealed,0,0,0,0,100,0,Null,0,0,,17,Waipa District,Nil,0,0,0,0,0,0,Open,0,0,0,Fine,Null
1929450,5608815,14221,,545710,0,,0,1,,Null,2008/2009,SH 50A,EVENDEN ROAD,,Non-Injury Crash,Yes,2009,,North,,0,,Flat,,,,,,Bright sun,1471201,0,0,0,2,,,0,,,,,,Hawke's Bay Region,Nil,2-way,Sealed,,0,0,,100,,Null,0,0,,30,Hastings District,Give way,,,,,1,0,Open,0,,,Fine,Null
1748357,5427290,14222,,573000,0,,0,3,,North,2009/2010,SH 1N,WILLIS ST,,Non-Injury Crash,Yes,2009,,South,,0,,Flat,,,,,,Overcast,2129600,0,0,0,2,,,0,,,,,,Wellington Region,Nil,2-way,Sealed,,0,0,,80,,Null,0,0,,47,Wellington City,Nil,,,,,0,0,Open,0,,,Heavy rain,Null
1684218,5428234,14223,,581100,0,,0,2,,Null,2008/2009,SH 1S,AUCKLAND ST,,Non-Injury Crash,Yes,2009,,South,,0,,Flat,,,,,,Bright sun,2281600,0,0,0,2,,,0,,,,,,Marlborough Region,Nil,2-way,Sealed,,0,0,,50,,Null,0,0,,53,Marlborough District,Give way,,,,,0,0,Urban,0,,,Fine,Null
1505856,5336097,14224,,584701,0,0,0,1,0,South,2008/2009,SH 7,ROSSTOWN ROAD,,Non-Injury Crash,Yes,2009,0,South,0,0,0,Flat,0,,0,,0,Overcast,2395400,0,0,0,2,0,0,0,0,0,,0,1,West Coast Region,Nil,2-way,Sealed,0,0,0,0,70,0,Null,0,0,,55,Buller District,Nil,0,0,0,1,0,0,Urban,0,0,0,Mist or Fog,Null