X,Y,OBJECTID,advisorySpeed,areaUnitID,bicycle,bridge,bus,carStationWagon,cliffBank,crashDirectionDescription,crashFinancialYear,crashLocation1,crashLocation2,crashRoadSideRoad,crashSeverity,crashSHDescription,crashYear,debris,directionRoleDescription,ditch,fatalCount,fence,flatHill,guardRail,holiday,houseOrBuilding,intersection,kerb,light,meshblockId,minorInjuryCount,moped,motorcycle,NumberOfLanes,objectThrownOrDropped,otherObject,otherVehicleType,overBank,parkedVehicle,pedestrian,phoneBoxEtc,postOrPole,region,roadCharacter,roadLane,roadSurface,roadworks,schoolBus,seriousInjuryCount,slipOrFlood,speedLimit,strayAnimal,streetLight,suv,taxi,temporarySpeedLimit,tlaId,tlaName,trafficControl,trafficIsland,trafficSign,train,tree,truck,unknownVehicleType,urban,vanOrUtility,vehicle,waterRiver,weatherA,weatherB
1822239,5529403,14225,,562800,0,,0,1,,South,2008/2009,PRINCESS ST,DAHLIA ST,,Non-Injury Crash,No,2009,,South,,0,,Flat,,,,,,Overcast,1829900,0,0,0,4,,,0,,,,,,Manawatū-Whanganui Region,Nil,2-way,Sealed,,0,0,,50,,Null,1,0,,40,Palmerston North City,Nil,,,,,0,0,Urban,0,,,Light rain,Null
1762491,5912772,14226,,519500,0,0,0,1,0,Null,2009/2010,SOUTH-EASTERN HIGHWAY,GREAT SOUTH ROAD,,Non-Injury Crash,No,2009,0,East,0,0,0,Flat,0,,0,,0,Bright sun,622200,0,0,0,2,0,0,0,0,0,,0,0,Auckland Region,Nil,2-way,Sealed,0,0,0,0,50,0,Off,0,0,,76,Auckland,Traffic Signals,0,0,0,0,0,0,Urban,1,1,0,Fine,Null
1879907,5825511,14227,,538202,0,,0,1,,Null,2009/2010,SH 2,TAURANGA HARBOUR BR,,Non-Injury Crash,Yes,2009,,East,,0,,Hill Road,,,,,,Bright sun,1162800,0,0,0,3,,,0,,,,,,,Bridge,2-way,Sealed,,0,0,,70,,None,0,0,,23,Tauranga City,Nil,,,,,1,0,Urban,0,,,Fine,Null
1748929,5425122,14228,,576400,0,,0,2,,Null,2009/2010,RIDDIFORD ST,RINTOUL ST,,Non-Injury Crash,No,2009,,South,,0,,Flat,,,,,,Overcast,2166900,0,0,0,2,,,0,,,,,,Wellington Region,Nil,2-way,Sealed,,0,0,,50,,Null,0,0,,47,Wellington City,Traffic Signals,,,,,0,0,Urban,1,,,Fine,Null
1693941,5676857,14229,,552001,0,0,0,2,0,Null,2008/2009,HOBSON ST,MOLESWORTH ST,,Non-Injury Crash,No,2009,0,East,0,0,0,Hill Road,0,Queens Birthday,0,,0,Dark,1596000,0,0,0,2,0,0,0,0,1,,0,0,Taranaki Region,Nil,2-way,Sealed,0,0,0,0,50,0,On,0,0,,33,New Plymouth District,Give way,0,0,0,0,0,0,Urban,0,0,0,Light rain,Null
1600904,5414990,14230,,581836,0,0,0,0,0,North,2008/2009,SH 6,HOULT VALLEY ROAD WEST,,Non-Injury Crash,Yes,2009,0,South,0,0,1,Flat,0,,0,,0,Dark,2353301,0,0,0,2,0,0,0,0,0,,0,1,Tasman Region,Nil,2-way,Sealed,0,0,0,0,100,0,None,0,0,,51,Tasman District,Nil,0,0,0,0,0,0,Open,1,0,0,Fine,Null
1766190,5899712,14231,,524822,0,,0,2,,West,2009/2010,PALMERS ROAD,WEYMOUTH ROAD,,Non-Injury Crash,No,2009,,West,,0,,Flat,,,,,,Bright sun,774431,0,0,0,2,,,0,,,,,,Auckland Region,Nil,2-way,Sealed,,0,0,,50,,Off,0,0,,76,Auckland,Nil,,,,,0,0,Urban,0,,,Fine,Null
1801038,5555066,14232,,559230,0,,0,1,,East,2009/2010,SH 3,PUKEPAPA ROAD,,Non-Injury Crash,Yes,2009,,West,,0,,Flat,,,,,,Bright sun,1740700,0,0,0,2,,,0,,,,,,Manawatū-Whanganui Region,Nil,2-way,Sealed,,0,0,,100,,Null,1,0,,38,Rangitikei District,Nil,,,,,0,0,Open,0,,,Fine,Null
1757543,5435575,14233,,569302,0,0,0,1,0,South,2008/2009,DOWSE DRIVE,MAGNOLIA GROVE,,Non-Injury Crash,No,2009,0,South,0,0,1,Hill Road,0,,0,,0,Bright sun,1921900,0,0,0,2,0,0,0,0,0,,0,0,Wellington Region,Nil,2-way,Sealed,0,0,0,0,50,0,Null,0,0,,46,Lower Hutt City,Nil,0,0,0,0,0,0,Urban,0,0,0,Fine,Null
1936102,5620093,14234,,546901,0,,0,2,,Null,2008/2009,SH 2 GEORGES,LATHAM ST,,Non-Injury Crash,No,2009,,South,,0,,Flat,,,,,,Overcast,1431000,0,0,0,2,,,0,,,,,,Hawke's Bay Region,Nil,2-way,Sealed,,0,0,,50,,Null,0,0,,31,Napier City,Give way,,,,,0,0,Urban,0,,,Fine,Null
1876411,5559335,14235,,549800,0,0,0,1,0,South,2008/2009,TE WHITI ROAD,KOPUA ROAD,,Non-Injury Crash,No,2009,0,North,0,0,0,Hill Road,0,,0,,0,Overcast,1534700,0,0,0,2,0,0,0,0,0,,0,0,Manawatū-Whanganui Region,Nil,2-way,Sealed,0,0,0,0,100,0,Null,0,0,,41,Tararua District,Nil,0,0,0,0,0,0,Open,0,0,0,Light rain,Null
1644040,6095207,14236,,500801,0,0,0,1,0,South,2009/2010,KOHUKOHU ROAD,MANGAMUKA ROAD,,Non-Injury Crash,No,2009,0,West,0,0,1,Flat,0,,0,,0,Dark,28300,0,0,0,2,0,0,0,1,0,,0,0,Northland Region,Nil,2-way,Sealed,0,0,0,0,100,0,None,0,0,,1,Far North District,Nil,0,0,0,1,0,0,Open,0,0,0,Fine,Null
1754643,5444473,14237,,570800,0,0,0,2,0,North,2008/2009,LYTTELTON AVENUE,STATION ROAD,,Non-Injury Crash,No,2009,0,North,0,0,0,Flat,0,,0,,0,Bright sun,2052500,0,0,0,2,0,0,0,0,1,,0,0,Wellington Region,Nil,2-way,Sealed,0,0,0,0,70,0,Null,0,0,,44,Porirua City,Nil,0,0,0,0,0,0,Urban,0,0,0,Fine,Null
1760336,5436732,14238,,569100,0,,0,2,,West,2009/2010,HIGH ST,MELLING ROAD,,Non-Injury Crash,No,2009,,West,,0,,Flat,,,,,,Dark,1968700,0,0,0,2,,,0,,,,,,Wellington Region,Nil,2-way,Sealed,,0,0,,50,,On,0,0,,46,Lower Hutt City,Nil,,,,,0,0,Urban,0,,,Fine,Null
1891166,5805112,14239,,536653,0,,0,2,,South,2009/2010,TE MATAI ROAD,SH 2,,Non-Injury Crash,No,2009,,North,,0,,Flat,,,,,,Bright sun,1210404,0,0,0,2,,,0,,,,,,Bay of Plenty Region,Nil,2-way,Sealed,,0,0,,100,,Null,0,0,,22,Western Bay of Plenty District,Unknown,,,,,0,0,Open,0,,,Fine,Null
1766015,5901140,14240,,524711,0,0,0,1,1,West,2009/2010,BURBANK AVENUE,FEASEGATE ST,,Non-Injury Crash,No,2009,0,East,0,0,1,Flat,0,,0,,0,Dark,774602,0,0,0,2,0,0,0,0,0,,0,0,Auckland Region,Nil,2-way,Sealed,0,0,0,0,50,0,On,0,0,,76,Auckland,Nil,0,0,0,0,0,0,Urban,0,0,0,Fine,Null
1767802,5906358,14241,,523601,0,,0,2,,Null,2009/2010,PRESTON ROAD,BAIRDS ROAD,,Non-Injury Crash,No,2009,,East,,0,,Flat,,,,,,Bright sun,706800,0,0,0,2,,,0,,,,,,Auckland Region,Nil,2-way,Sealed,,0,0,,50,,None,0,0,,76,Auckland,Give way,,,,,0,0,Urban,0,,,Fine,Null
1850188,5771652,14242,,535261,0,,0,1,,South,2009/2010,SH 1N,PURIRI ROAD,,Non-Injury Crash,Yes,2009,,North,,0,,Flat,,Labour Weekend,,,,Bright sun,1134204,0,0,0,2,,,0,,,,,,Waikato Region,Nil,2-way,Sealed,,0,0,,100,,None,0,0,,19,South Waikato District,Nil,,,,,0,0,Open,0,,,Fine,Null
1760313,5915786,14243,,516003,0,0,0,1,0,South,2009/2010,SH 1N,GREEN LANE INT S,,Non-Injury Crash,Yes,2009,0,North,0,0,0,Flat,0,,0,,0,Dark,494902,0,0,0,3,0,0,0,0,0,,0,1,Auckland Region,Nil,1-way,Sealed,0,0,0,0,100,0,On,0,0,,76,Auckland,Nil,0,0,0,0,0,0,Open,0,0,0,Null,Null
1819226,5544187,14244,,560740,0,0,0,1,0,Null,2008/2009,EAST ST,ONGLEY ST,,Non-Injury Crash,No,2009,0,South,0,0,0,Flat,0,,0,,0,Dark,1763500,0,0,0,2,0,0,0,0,0,,0,0,Manawatū-Whanganui Region,Nil,2-way,Sealed,0,0,0,0,50,0,On,0,0,,39,Manawatu District,Nil,0,1,0,0,0,0,Urban,0,0,0,Fine,Null
1567998,5184114,14245,,591900,0,,0,2,,Null,2008/2009,HAREWOOD ROAD,MATSONS AVENUE,,Non-Injury Crash,No,2009,,East,,0,,Flat,,,,,,Bright sun,2663700,0,0,0,2,,,0,,,,,,Canterbury Region,Nil,2-way,Sealed,,0,0,,50,,Null,0,0,,60,Christchurch City,Give way,,,,,0,0,Urban,0,,,Fine,Null
1614638,5424544,14246,,584202,0,0,0,0,0,South,2008/2009,LOWER QUEEN ST,HEADINGLY LANE,,Non-Injury Crash,No,2009,0,East,0,0,1,Flat,0,,0,,0,Dark,2365503,0,0,0,2,0,0,0,0,0,,0,0,Tasman Region,Nil,2-way,Sealed,0,0,0,0,100,0,On,0,0,,51,Tasman District,Nil,0,0,0,0,0,0,Open,1,0,0,Fine,Null
2065973,5791655,14247,,543302,0,0,0,1,0,East,2008/2009,WAIOMATATINI ROAD SOUTH,SH 35,,Non-Injury Crash,No,2009,0,East,1,0,1,Flat,0,,0,,0,Overcast,1346700,0,0,0,2,0,0,0,0,0,,0,0,Gisborne Region,Nil,2-way,Sealed,0,0,0,0,100,0,Null,0,0,,28,Gisborne District,Nil,0,0,0,0,0,0,Open,0,0,0,Fine,Null
1761562,5450472,14248,,565601,0,0,0,1,0,North,2009/2010,PAEKAKARIKI HILL ROAD,JONES DEVIATION,,Non-Injury Crash,No,2009,0,South,0,0,0,Flat,0,,0,,0,Dark,2071700,0,0,0,2,0,0,0,0,0,,0,0,Wellington Region,Nil,2-way,Sealed,0,0,0,0,100,0,Off,0,0,,44,Porirua City,Nil,0,0,0,1,0,0,Open,0,0,0,Light rain,Null
1774565,5577445,14249,,557100,0,0,0,1,0,Null,2009/2010,INGESTRE ST,PURNELL ST,,Non-Injury Crash,No,2009,0,South,0,0,1,Flat,0,,0,,0,Overcast,1697300,0,0,0,2,0,0,0,0,0,,0,0,Manawatū-Whanganui Region,Nil,2-way,Sealed,0,0,0,0,50,0,Null,0,0,,37,Whanganui District,Give way,0,0,0,0,0,0,Urban,0,0,0,Fine,Null
1770126,5443337,14250,,564520,0,0,0,1,0,East,2008/2009,Z DWAY NZIC,SOMME/MAADI,,Non-Injury Crash,No,2009,0,North,0,0,0,Flat,0,,0,,1,Dark,1900500,0,0,0,1,0,0,0,0,0,,0,0,Wellington Region,Nil,Off road,Sealed,0,0,0,0,50,0,None,0,0,,45,Upper Hutt City,Nil,0,1,0,0,0,0,Urban,0,0,0,Fine,Null
1752337,5955172,14251,,506613,0,0,0,1,0,North,2009/2010,HIBISCUS COAST HIGHWAY,SCHISCHKA ROAD,,Non-Injury Crash,No,2009,0,North,1,0,0,Hill Road,0,,0,,0,Bright sun,147000,0,0,0,3,0,0,0,0,0,,0,0,Auckland Region,Nil,2-way,Sealed,0,0,0,0,80,0,Null,0,0,,76,Auckland,Unknown,0,0,0,0,0,0,Open,0,0,0,Light rain,Null
1752324,5424272,14252,,577200,0,0,0,1,0,South,2008/2009,IRA ST,MIRAMAR AVENUE,,Non-Injury Crash,No,2009,0,North,0,0,0,Flat,0,,0,,0,Dark,2208000,0,0,0,2,0,0,0,0,1,,0,0,Wellington Region,Nil,2-way,Sealed,0,0,0,0,50,0,On,1,0,,47,Wellington City,Nil,0,0,0,0,0,0,Urban,0,0,0,Light rain,Null
1787080,5446071,14253,,567902,0,,0,0,,North,2009/2010,SH 2,TRIG TRACK CNR,,Non-Injury Crash,Yes,2009,,South,,0,,Hill Road,,,,,,Overcast,1916300,0,0,0,2,,,0,,,,,,Wellington Region,Nil,2-way,Sealed,,0,0,,100,,Null,0,0,30,45,Upper Hutt City,Nil,,,,,2,0,Open,0,,,Fine,Null
2027482,5700189,14254,,544002,0,0,0,1,0,North,2008/2009,SH 2,PAKOWHAI ROAD,,Non-Injury Crash,Yes,2009,0,North,0,0,0,Flat,0,,0,,0,Dark,1365300,0,0,0,2,0,0,0,0,0,,0,0,Gisborne Region,Nil,2-way,Sealed,0,0,0,0,100,0,None,0,0,,28,Gisborne District,Nil,0,0,0,0,0,0,Open,0,0,0,Fine,Null
1755068,5919667,14255,,515302,0,0,0,2,0,Null,2009/2010,COCKBURN ST,RICHMOND ROAD,,Non-Injury Crash,No,2009,0,North,0,0,0,Flat,0,Christmas New Year,0,,0,Dark,432000,0,0,0,2,0,0,0,0,1,,0,0,Auckland Region,Nil,2-way,Sealed,0,0,0,0,50,0,On,0,0,,76,Auckland,Nil,0,0,0,0,0,0,Urban,0,0,0,Null,Null
1770400,5912338,14256,,523105,0,,0,2,,North,2009/2010,BOTANY ROAD,MILLHOUSE DRIVE,,Non-Injury Crash,No,2009,,South,,0,,Flat,,,,,,Dark,711139,0,0,0,4,,,0,,,,,,Auckland Region,Nil,2-way,Sealed,,0,0,,70,,On,0,0,,76,Auckland,Traffic Signals,,,,,0,0,Urban,1,,,Fine,Null
2038987,5707685,14257,,544701,0,0,0,1,0,Null,2008/2009,DE LAUTOUR ROAD,HUXLEY ROAD,,Non-Injury Crash,No,2009,0,North,0,0,0,Flat,0,,0,,0,Dark,1382700,0,0,0,2,0,0,0,0,0,,0,1,Gisborne Region,Nil,2-way,Sealed,0,0,0,0,50,0,On,0,0,,28,Gisborne District,Give way,0,0,0,0,0,0,Urban,0,0,0,Light rain,Null
1760603,5432857,14258,,568800,0,0,0,1,0,North,2009/2010,GRACEFIELD ROAD,HUTT PARK ROAD,,Non-Injury Crash,No,2009,0,North,0,0,0,Flat,0,,0,,0,Overcast,1980500,0,0,0,2,0,0,0,0,1,,0,0,Wellington Region,Nil,2-way,Sealed,0,0,0,0,50,0,Null,0,0,,46,Lower Hutt City,Nil,0,0,0,0,1,0,Urban,0,0,0,Fine,Null
1749165,5427126,14259,,573101,0,,0,2,,East,2009/2010,COURTENAY PLACE,TARANAKI ST,,Non-Injury Crash,No,2009,,West,,0,,Flat,,,,,,Bright sun,2135700,0,0,0,2,,,0,,,,,,Wellington Region,Nil,2-way,Sealed,,0,0,,50,,Null,0,1,,47,Wellington City,Nil,,,,,0,0,Urban,0,,,Fine,Null
1748208,5428824,14260,,572900,0,0,0,1,0,North,2008/2009,TINAKORI ROAD,BOWEN ST,,Non-Injury Crash,No,2009,0,North,0,0,0,Flat,0,,0,,0,Bright sun,2121800,0,0,0,2,0,0,0,0,1,,0,0,Wellington Region,Nil,2-way,Sealed,0,0,0,0,50,0,Null,0,0,,47,Wellington City,Nil,0,0,0,0,1,0,Urban,0,0,0,Fine,Null
1903420,5566156,14261,,549500,0,0,0,2,0,Null,2008/2009,JELLICOE ST,PORANGAHAU ROAD,,Non-Injury Crash,No,2009,0,North,0,0,0,Flat,0,,0,,0,Twilight,1519400,0,0,0,2,0,0,0,0,1,,0,0,Hawke's Bay Region,Nil,2-way,Sealed,0,0,0,0,50,0,Off,0,0,,32,Central Hawke's Bay District,Give way,0,0,0,0,0,0,Urban,0,0,0,Fine,Null
1800308,5815532,14262,,529700,0,0,0,2,0,North,2009/2010,TRISTRAM ST,LONDON ST,,Non-Injury Crash,No,2009,0,North,0,0,0,Flat,0,,0,,0,Overcast,910200,0,0,0,2,0,0,0,0,1,,0,0,Waikato Region,Nil,2-way,Sealed,0,0,0,0,50,0,Null,0,0,,16,Hamilton City,Unknown,0,0,0,0,0,0,Urban,0,0,0,Fine,Null
1738624,5696278,14263,,550700,0,,0,2,,South,2008/2009,SH 3,MANGAONGA ROAD,,Non-Injury Crash,Yes,2009,,South,,0,,Flat,,,,,,Overcast,1552600,0,0,0,2,,,0,,,,,,Taranaki Region,Nil,2-way,Sealed,,0,0,,100,,Null,0,0,,33,New Plymouth District,Nil,,,,,0,0,Open,0,,,Fine,Null
1692433,5676076,14264,,551800,0,,0,2,,Null,2008/2009,DAWSON ST,DEVON ST WEST,,Non-Injury Crash,No,2009,,South,,0,,Flat,,,,,,Overcast,1591300,0,0,0,2,,,0,,,,,,Taranaki Region,Nil,2-way,Sealed,,0,0,,50,,Null,0,0,,33,New Plymouth District,Traffic Signals,,,,,0,0,Urban,0,,,Light rain,Null
2069416,5825632,14265,,543301,0,0,0,1,1,East,2009/2010,SH 35,WHARF ROAD,,Non-Injury Crash,Yes,2009,0,East,0,0,0,Hill Road,0,,0,,0,Bright sun,1342200,0,0,0,2,0,0,0,0,0,,0,0,Gisborne Region,Nil,2-way,Sealed,0,0,0,0,100,0,Null,1,0,,28,Gisborne District,Nil,0,0,0,0,0,0,Open,0,0,0,Fine,Null
2035588,5711344,14266,,544900,0,,0,2,,Null,2009/2010,LYTTON ROAD,ORMOND ROAD,,Non-Injury Crash,No,2009,,West,,0,,Flat,,,,,,Bright sun,1376400,0,0,0,2,,,0,,,,,,Gisborne Region,Nil,2-way,Sealed,,0,0,,50,,Null,0,0,,28,Gisborne District,Stop,,,,,0,0,Urban,0,,,Fine,Null
1823805,5531567,14267,,562500,0,,0,2,,Null,2008/2009,VOGEL ST,HAYDON ST,,Non-Injury Crash,No,2009,,North,,0,,Flat,,,,,,Dark,1841402,0,0,0,2,,,0,,,,,,Manawatū-Whanganui Region,Nil,2-way,Sealed,,0,0,,50,,On,0,0,,40,Palmerston North City,Give way,,,,,0,0,Urban,0,,,Fine,Null
1753888,5933612,14268,,508804,0,,0,2,,East,2009/2010,GREVILLE ROAD,HUGH GREEN DRIVE,,Non-Injury Crash,No,2009,,West,,0,,Flat,,,,,,Dark,180609,0,0,0,3,,,0,,,,,,Auckland Region,Nil,2-way,Sealed,,0,0,,80,,On,0,0,,76,Auckland,Nil,,,,,0,0,Open,0,,,Heavy rain,Null
2040126,5707399,14269,,544702,0,0,0,1,0,Null,2009/2010,LYELL ROAD,DAVY PLACE,,Non-Injury Crash,No,2009,0,South,0,0,0,Flat,0,,0,,1,Dark,1384500,0,0,0,2,0,0,0,0,0,,0,0,Gisborne Region,Nil,2-way,Sealed,0,0,0,0,50,0,On,0,0,,28,Gisborne District,Nil,0,0,0,0,0,0,Urban,0,0,0,Fine,Null
1622487,5431895,14270,,582200,0,0,0,1,0,Null,2008/2009,Z CPK SALTWATER CAFE,SH 6,,Non-Injury Crash,No,2009,0,North,0,0,0,Flat,0,,0,,0,Bright sun,2325000,0,0,0,0,0,0,0,0,1,,0,0,Nelson Region,Nil,Off road,Sealed,0,0,0,0,50,0,Null,0,0,,52,Nelson City,Nil,0,0,0,0,0,0,Urban,1,0,0,Fine,Null
1751451,5424455,14271,,577200,0,,0,2,,Null,2009/2010,SH 1N,COBHAM DRIVE,,Non-Injury Crash,Yes,2009,,North,,0,,Hill Road,,,,,,Bright sun,2206200,0,0,0,4,,,0,,,,,,Wellington Region,Nil,2-way,Sealed,,0,0,,70,,Null,0,0,,47,Wellington City,Give way,,,,,0,0,Urban,0,,,Fine,Null
1823508,5532110,14272,,562500,0,0,0,2,0,North,2009/2010,VOGEL ST,MILTON ST,,Non-Injury Crash,No,2009,0,South,0,0,0,Flat,0,,0,,0,Bright sun,1841100,0,0,0,2,0,0,0,0,1,,0,0,Manawatū-Whanganui Region,Nil,2-way,Sealed,0,0,0,0,50,0,Null,0,0,,40,Palmerston North City,Nil,0,0,0,0,0,0,Urban,0,0,0,Fine,Null
1767587,5904632,14273,,524604,0,,0,3,,Null,2009/2010,GREAT SOUTH ROAD,RONWOOD AVENUE,,Non-Injury Crash,No,2009,,North,,0,,Flat,,,,,,Dark,780302,0,0,0,4,,,0,,,,,,Auckland Region,Nil,2-way,Sealed,,0,0,,70,,On,0,0,,76,Auckland,Traffic Signals,,,,,0,0,Urban,0,,,Light rain,Null
1575839,5182860,14274,,593100,0,,0,2,,North,2008/2009,WAINONI ROAD,ORRICK CRESCENT,,Non-Injury Crash,No,2009,,East,,0,,Flat,,,,,,Bright sun,2573800,0,0,0,2,,,0,,,,,,Canterbury Region,Nil,2-way,Sealed,,0,0,,50,,Null,0,0,,60,Christchurch City,Unknown,,,,,0,0,Urban,0,,,Fine,Null
1801863,5817159,14275,,530000,1,,0,1,,Null,2009/2010,PEACHGROVE ROAD,ALFRED ST,,Non-Injury Crash,No,2009,,North,,0,,Flat,,,,,,Overcast,864900,0,0,0,2,,,0,,,,,,Waikato Region,Nil,2-way,Sealed,,0,0,,50,,Off,0,0,,16,Hamilton City,Give way,,,,,0,0,Urban,0,,,Fine,Null
1751955,5924383,14276,,510401,0,0,0,1,0,West,2009/2010,BALMAIN ROAD,ONETAUNGA ROAD,,Non-Injury Crash,No,2009,0,East,0,0,0,Hill Road,0,,0,,0,Dark,353803,0,0,0,0,0,0,0,0,1,,0,0,Auckland Region,Nil,2-way,Sealed,0,0,0,0,50,0,On,1,0,,76,Auckland,Nil,0,0,0,0,0,0,Urban,0,0,0,Fine,Null
1758390,5920138,14277,,515902,0,,0,2,,East,2009/2010,PARNELL RISE,THE STRAND,,Non-Injury Crash,No,2009,,West,,0,,Flat,,,,,,Overcast,452200,0,0,0,2,,,0,,,,,,Auckland Region,Nil,2-way,Sealed,,0,0,,50,,Off,0,0,,76,Auckland,Give way,,,,,0,0,Urban,0,,,Fine,Null
1791015,5848922,14278,,527210,0,0,0,1,0,North,2009/2010,SH 1N,TAHUNA OBR,,Non-Injury Crash,Yes,2009,0,South,0,0,0,Flat,1,,0,,0,Overcast,939100,0,0,0,4,0,0,0,0,0,,0,0,Waikato Region,Nil,2-way,Sealed,0,0,0,0,100,0,Null,0,0,,13,Waikato District,Unknown,0,0,0,0,0,0,Open,0,0,0,Light rain,Null
1856191,5537547,14279,,550200,0,0,0,1,0,Null,2008/2009,SH 2,OLD MAIN ROAD,,Non-Injury Crash,Yes,2009,0,South,1,0,0,Flat,0,,0,,0,Overcast,1544600,0,0,0,2,0,0,0,0,0,,0,0,Manawatū-Whanganui Region,Nil,2-way,Sealed,0,0,0,0,100,0,Null,0,0,,41,Tararua District,Give way,0,0,0,0,0,0,Open,1,0,0,Light rain,Null
1768954,5468627,14280,,566000,0,0,0,1,0,West,2008/2009,KAPITI LIGHTS,SH 1N,,Non-Injury Crash,No,2009,0,West,0,0,0,Flat,0,,0,,0,Overcast,2003709,0,0,0,2,0,0,0,0,1,,0,0,Wellington Region,Nil,2-way,Sealed,0,0,0,0,50,0,Null,0,0,20,43,Kapiti Coast District,Nil,0,0,0,0,1,0,Urban,0,0,0,Fine,Null
1774236,5896880,14281,,525610,0,0,0,1,0,North,2009/2010,WILSON PLACE,CROSS ST,,Non-Injury Crash,No,2009,0,West,0,0,0,Flat,0,,1,,0,Overcast,796600,0,0,0,2,0,0,0,0,0,,0,0,Auckland Region,Nil,2-way,Sealed,0,0,0,0,50,0,Null,0,0,,76,Auckland,Unknown,0,0,0,0,0,0,Urban,0,0,0,Fine,Null
1760690,5436840,14282,,568402,0,,0,2,,East,2009/2010,HIGH ST,ROPATA CRESCENT,,Non-Injury Crash,No,2009,,East,,0,,Flat,,,,,,Overcast,1941300,0,0,0,2,,,0,,,,,,Wellington Region,Nil,2-way,Sealed,,0,0,,50,,Null,0,0,,46,Lower Hutt City,Nil,,,,,0,0,Urban,0,,,Light rain,Null
1679853,5421568,14283,,580446,0,,0,1,,South,2008/2009,SH 1S,STATION ROAD,,Non-Injury Crash,Yes,2009,,North,,0,,Flat,,,,,,Overcast,2279400,0,0,0,2,,,0,,,,,,Marlborough Region,Nil,2-way,Sealed,,0,0,,100,,Null,0,0,,53,Marlborough District,Nil,,,,,0,0,Open,1,,,Fine,Null
1756015,5444580,14284,,571100,0,0,0,2,0,South,2008/2009,CORNWALL CRESCENT,CHAMPION ST,,Non-Injury Crash,No,2009,0,South,0,0,0,Flat,0,,0,,0,Bright sun,2047300,0,0,0,2,0,0,0,0,1,,0,0,Wellington Region,Nil,2-way,Sealed,0,0,0,0,50,0,Null,1,0,,44,Porirua City,Nil,0,0,0,0,0,0,Urban,0,0,0,Fine,Null
1763201,5436670,14285,,568303,0,0,0,0,0,Null,2008/2009,Z DWAY NAENAE SCHOOL,WADDINGTON DRIVE,,Non-Injury Crash,No,2009,0,South,0,0,0,Flat,0,,0,,1,Dark,1957100,0,0,0,1,0,0,0,0,0,,0,0,Wellington Region,Nil,Off road,Sealed,0,0,0,0,50,0,None,1,0,,46,Lower Hutt City,Nil,0,0,0,0,0,0,Urban,0,0,0,Fine,Null
1765950,5441985,14286,,569600,0,0,0,2,0,South,2009/2010,SH 2,HAYWARDS ON NBD,,Non-Injury Crash,Yes,2009,0,North,0,0,0,Flat,1,,0,,0,Dark,1917000,0,0,0,2,0,0,0,0,0,,0,0,Wellington Region,Nil,2-way,Sealed,0,0,0,0,100,0,None,0,0,,46,Lower Hutt City,Nil,0,0,0,0,0,0,Open,0,0,0,Heavy rain,Null
1744584,5922466,14287,,513530,0,,0,1,,Null,2009/2010,ROYAL ROAD,MOIRE ROAD,,Non-Injury Crash,No,2009,,West,,0,,Flat,,,,,,Dark,225802,0,0,0,3,,,0,,,,,,Auckland Region,Nil,2-way,Sealed,,0,0,,50,,On,1,0,,76,Auckland,Nil,,,,,0,0,Urban,0,,,Fine,Null
1745176,5922642,14288,,513530,0,,0,1,,East,2009/2010,HASSAN DRIVE,EBONY PLACE,,Non-Injury Crash,No,2009,,East,,0,,Flat,,,,,,Bright sun,224417,0,0,0,2,,,0,,,,,,Auckland Region,Nil,2-way,Sealed,,0,0,,50,,Off,0,0,,76,Auckland,Nil,,,,,1,0,Urban,0,,,Fine,Null
1751194,5915369,14289,,514401,0,0,0,2,0,Null,2009/2010,GREAT NORTH ROAD,RACECOURSE PARADE,,Non-Injury Crash,No,2009,0,South,0,0,0,Flat,0,,0,,0,Overcast,382400,0,0,0,2,0,0,0,0,1,,0,0,Auckland Region,Nil,2-way,Sealed,0,0,0,0,50,0,Off,0,0,,76,Auckland,Give way,0,0,0,0,0,0,Urban,0,0,0,Fine,Null
1623141,5430309,14290,,582700,0,0,0,2,0,South,2008/2009,KONINI ST,GLOUCESTER ST,,Non-Injury Crash,No,2009,0,South,0,0,1,Hill Road,0,,0,,0,Bright sun,2332100,0,0,0,2,0,0,0,0,0,,0,0,Nelson Region,Nil,2-way,Sealed,0,0,0,0,50,0,Null,0,0,,52,Nelson City,Nil,0,0,0,0,0,0,Urban,0,0,0,Fine,Null
1773999,5472774,14291,,563703,0,,0,2,,Null,2008/2009,SH 1N,ELIZABETH ST,,Non-Injury Crash,Yes,2009,,South,,0,,Flat,,,,,,Bright sun,1876300,0,0,0,2,,,0,,,,,,Wellington Region,Nil,2-way,Sealed,,0,0,,50,,Null,0,0,,43,Kapiti Coast District,Traffic Signals,,,,,0,0,Urban,0,,,Fine,Null
1680545,5409763,14292,,580431,0,,0,2,,East,2008/2009,FERRY ROAD,SH 1S,,Non-Injury Crash,No,2009,,West,,0,,Flat,,,,,,Bright sun,2278400,0,0,0,2,,,0,,,,,,Marlborough Region,Nil,2-way,Sealed,,0,0,,50,,Null,0,0,,53,Marlborough District,Nil,,,,,0,0,Urban,0,,,Fine,Null