X,Y,OBJECTID,advisorySpeed,areaUnitID,bicycle,bridge,bus,carStationWagon,cliffBank,crashDirectionDescription,crashFinancialYear,crashLocation1,crashLocation2,crashRoadSideRoad,crashSeverity,crashSHDescription,crashYear,debris,directionRoleDescription,ditch,fatalCount,fence,flatHill,guardRail,holiday,houseOrBuilding,intersection,kerb,light,meshblockId,minorInjuryCount,moped,motorcycle,NumberOfLanes,objectThrownOrDropped,otherObject,otherVehicleType,overBank,parkedVehicle,pedestrian,phoneBoxEtc,postOrPole,region,roadCharacter,roadLane,roadSurface,roadworks,schoolBus,seriousInjuryCount,slipOrFlood,speedLimit,strayAnimal,streetLight,suv,taxi,temporarySpeedLimit,tlaId,tlaName,trafficControl,trafficIsland,trafficSign,train,tree,truck,unknownVehicleType,urban,vanOrUtility,vehicle,waterRiver,weatherA,weatherB
1788955,5501328,14293,,564011,0,0,0,1,0,West,2008/2009,HOKIO BEACH ROAD,SH 1N,,Non-Injury Crash,No,2009,0,North,0,0,1,Flat,0,,0,,0,Dark,1856104,0,0,0,2,0,0,0,0,0,,0,0,Manawatū-Whanganui Region,Nil,2-way,Sealed,0,0,0,0,100,0,None,0,0,,42,Horowhenua District,Nil,0,0,0,0,0,0,Open,0,0,0,Fine,Null
1751759,5924945,14294,,510020,0,0,0,1,0,East,2009/2010,RANGATIRA ROAD,ISLAND BAY ROAD,,Non-Injury Crash,No,2009,0,West,0,0,0,Flat,1,,0,,0,Dark,346100,0,0,0,2,0,0,0,0,0,,0,0,Auckland Region,Nil,2-way,Sealed,0,0,0,0,50,0,On,0,0,,76,Auckland,Nil,0,0,0,0,0,0,Urban,0,0,0,Light rain,Null
1837738,5780430,14295,,535250,0,0,0,1,0,South,2009/2010,OLD TAUPO ROAD,WAOTU ROAD S,,Non-Injury Crash,No,2009,0,North,0,0,0,Flat,0,,0,,0,Dark,1126500,0,0,0,2,0,0,0,0,0,,0,0,Waikato Region,Nil,2-way,Sealed,0,0,0,0,100,0,None,0,0,,19,South Waikato District,Unknown,0,0,0,1,0,0,Open,0,0,0,Fine,Null
1832987,5537477,14296,,560200,0,0,0,1,0,East,2009/2010,GROVE ROAD,HARRISONS ROAD,,Non-Injury Crash,No,2009,0,East,0,0,0,Flat,0,,0,,0,Dark,1758402,0,0,0,2,0,0,0,0,0,,0,0,Manawatū-Whanganui Region,Nil,2-way,Sealed,0,0,0,0,100,0,None,0,0,,40,Palmerston North City,Nil,0,0,0,0,0,0,Open,0,0,0,Fine,Null
2448549.9883,5074072.8272,14297,,597000,0,0,0,0,0,South,2009/2010,WAITANGI WHARF - OWENGA ROAD,MANGAHOU CRK BR,,Non-Injury Crash,No,2009,0,East,0,0,0,Flat,0,,0,,0,Dark,2717400,0,0,0,2,0,0,0,0,0,,0,0,Manawatū-Whanganui Region,Nil,2-way,Unsealed,0,0,0,0,80,0,None,0,0,,67,Chatham Islands Territory,Unknown,0,0,0,0,0,0,Open,1,0,0,Fine,Null
1620611,5428781,14298,,583100,0,,0,0,,Null,2009/2010,SH 6,PARKERS ROAD,,Non-Injury Crash,Yes,2009,,North,,0,,Flat,,,,,,Bright sun,2335400,0,0,0,2,,,0,,,,,,Nelson Region,Nil,2-way,Sealed,,0,0,,50,,Null,1,0,,52,Nelson City,Give way,,,,,0,0,Urban,1,,,Fine,Null
1757632,5444525,14299,,571400,0,0,0,1,0,Null,2009/2010,WARSPITE AVENUE,WAIHORA CRESCENT,,Non-Injury Crash,No,2009,0,East,0,0,0,Hill Road,0,,0,,0,Bright sun,2061000,0,0,0,2,0,0,0,0,0,,0,0,Wellington Region,Nil,2-way,Sealed,0,0,0,0,50,0,Null,0,0,,44,Porirua City,Nil,0,0,0,0,0,0,Urban,0,0,0,Fine,Null
1795267,5693880,14300,65,532903,0,,0,0,,North,2008/2009,SH 4,KURURAU ROAD,,Non-Injury Crash,Yes,2009,,South,,0,,Hill Road,,,,,,Dark,1036500,0,0,0,2,,,0,,,,,,Manawatū-Whanganui Region,Nil,2-way,Sealed,,0,0,,100,,None,0,0,,36,Ruapehu District,Nil,,,,,2,0,Open,0,,,Fine,Null
1766909,5907758,14301,,523501,0,,0,1,,North,2009/2010,BAIRDS ROAD,EAST TAMAKI ROAD,,Non-Injury Crash,No,2009,,North,,0,,Flat,,,,,,Bright sun,700602,0,0,0,2,,,0,,,,,,Auckland Region,Nil,2-way,Sealed,,0,0,,50,,Null,1,0,,76,Auckland,Unknown,,,,,0,0,Urban,0,,,Fine,Null
1923717,5607300,14302,,548611,0,0,0,1,0,Null,2008/2009,PORTSMOUTH ROAD,DIAZ DRIVE,,Non-Injury Crash,No,2009,0,West,0,0,0,Flat,0,,0,,0,Overcast,1473901,0,0,0,2,0,0,0,0,0,,0,0,Hawke's Bay Region,Nil,2-way,Sealed,0,0,0,0,50,0,Null,0,0,,30,Hastings District,Nil,0,0,0,1,0,0,Urban,0,0,0,Light rain,Null
1769333,5577436,14303,,555700,0,0,0,1,0,Null,2009/2010,RANGIORA ST,CORNFOOT ST,,Non-Injury Crash,No,2009,0,South,0,0,0,Flat,0,,0,,0,Twilight,1712800,0,0,0,2,0,0,0,0,0,,0,1,Manawatū-Whanganui Region,Nil,2-way,Sealed,0,0,0,0,50,0,On,0,0,,37,Whanganui District,Give way,0,0,0,0,0,0,Urban,0,0,0,Fine,Null
1923231,5736631,14304,,542700,0,,0,1,,Null,2009/2010,MAIN ROAD,PINE DRIVE,,Non-Injury Crash,No,2009,,West,,0,,Flat,,,,,,Bright sun,1328300,0,0,0,3,,,0,,,,,,Bay of Plenty Region,Nil,2-way,Sealed,,0,0,,80,,Null,0,0,,25,Whakatane District,Give way,,,,,1,0,Open,0,,,Fine,Null
1936267,5789874,14305,,542200,0,,0,1,,North,2009/2010,COLLEGE ROAD,SH 2,,Non-Injury Crash,No,2009,,South,,0,,Flat,,,,,,Bright sun,1320502,0,0,0,2,,,0,,,,,,Bay of Plenty Region,Nil,2-way,Sealed,,0,0,,50,,Off,0,0,,25,Whakatane District,Stop,,,,,0,0,Urban,1,,,Fine,Null
1534053,5352327,14306,,581842,0,0,0,1,0,South,2008/2009,SH 65,RUFFE CREEK BR,,Non-Injury Crash,Yes,2009,0,North,0,0,0,Flat,0,,0,,0,Dark,2381000,0,0,0,2,0,0,0,0,0,,0,0,Tasman Region,Nil,2-way,Sealed,0,0,0,0,100,0,None,0,0,,51,Tasman District,Nil,0,0,0,1,0,0,Open,0,0,0,Light rain,Null
1790133,5832718,14307,65,526601,0,0,0,1,0,North,2008/2009,HAKARIMATA ROAD,MOREPORK LANE,,Non-Injury Crash,No,2009,0,South,0,0,0,Flat,0,,0,,0,Bright sun,853900,0,0,0,2,0,1,0,0,0,,0,0,Waikato Region,Nil,2-way,Sealed,0,0,0,0,100,0,None,0,0,,13,Waikato District,Nil,0,0,0,0,0,0,Open,0,0,0,Fine,Null
1933183,5620926,14308,,546400,0,0,0,1,0,Null,2009/2010,PREBENSEN DRIVE,SH 2B,,Non-Injury Crash,Yes,2009,0,West,0,0,0,Flat,1,,0,,0,Dark,1427802,0,0,0,2,0,0,0,0,0,,0,0,Hawke's Bay Region,Nil,2-way,Sealed,0,0,0,0,70,0,On,0,0,,31,Napier City,Give way,0,0,0,0,0,0,Urban,0,0,0,Fine,Null
1930785,5613063,14309,,545831,0,,0,1,,South,2008/2009,SH 50A,SH 50,,Non-Injury Crash,Yes,2009,,North,,0,,Flat,,,,,,Bright sun,1404500,0,0,0,2,,,0,,,,,,Hawke's Bay Region,Nil,2-way,Sealed,,0,0,,100,,Null,0,0,,30,Hastings District,Nil,,,,,1,0,Open,0,,,Fine,Null
1822514,5528019,14310,,563000,0,0,0,2,0,East,2009/2010,FITZHERBERT AVENUE,TE AWE AWE ST,,Non-Injury Crash,No,2009,0,East,0,0,0,Flat,0,,0,,0,Dark,1808300,0,0,0,2,0,0,0,0,1,,0,0,Manawatū-Whanganui Region,Nil,2-way,Sealed,0,0,0,0,50,0,On,0,0,,40,Palmerston North City,Nil,0,0,0,0,0,0,Urban,0,0,0,Light rain,Null
1750201,5426750,14311,,573400,0,0,0,1,0,South,2008/2009,ALEXANDRA MEMORIAL ROAD,ALEXANDRA LOOKOUT ROAD,,Non-Injury Crash,No,2009,0,West,0,0,0,Flat,0,,0,,0,Bright sun,2139604,0,0,0,2,0,0,0,0,1,,0,0,Wellington Region,Nil,2-way,Sealed,0,0,0,0,50,0,Null,1,0,,47,Wellington City,Nil,0,0,0,0,0,0,Urban,0,0,0,Fine,Null
2036036,5710348,14312,,544200,0,0,0,2,0,North,2009/2010,ATKINSON ST,TARUHERU CRESCENT,,Non-Injury Crash,No,2009,0,North,0,0,0,Flat,0,,0,,0,Bright sun,1377900,0,0,0,2,0,0,0,0,1,,0,0,Gisborne Region,Nil,2-way,Sealed,0,0,0,0,50,0,Null,0,0,,28,Gisborne District,Nil,0,0,0,0,0,0,Urban,0,0,0,Fine,Null
1753287,5437306,14313,,573523,0,0,0,1,0,North,2008/2009,Z WESTCHESTER DRVE,MARK AVENUE,,Non-Injury Crash,No,2009,0,South,0,0,0,Hill Road,1,,0,,0,Bright sun,2086312,0,0,0,2,0,0,0,0,0,,0,0,Wellington Region,Nil,Off road,Unsealed,0,0,0,0,50,0,Null,0,0,30,47,Wellington City,Nil,0,0,0,0,0,0,Urban,0,0,0,Fine,Null
1589861,5155320,14314,,596901,0,0,0,1,1,East,2008/2009,SH 75,SUMMIT ROAD,,Non-Injury Crash,Yes,2009,0,North,0,0,0,Hill Road,0,,0,,0,Dark,2714500,0,0,0,1,0,0,0,0,0,,0,0,Canterbury Region,Nil,2-way,Sealed,0,0,0,0,100,0,None,0,0,,60,Christchurch City,Unknown,0,0,0,0,0,0,Open,0,0,0,Mist or Fog,Null
1754324,5935992,14315,,508704,0,,0,2,,Null,2009/2010,CARLISLE ROAD,EAST COAST ROAD,,Non-Injury Crash,No,2009,,West,,0,,Flat,,,,,,Bright sun,178602,0,0,0,2,,,0,,,,,,Auckland Region,Nil,2-way,Sealed,,0,0,,50,,Off,0,0,,76,Auckland,Give way,,,,,0,0,Urban,0,,,Fine,Null
1319825,4984790,14316,,608302,0,,0,0,,South,2008/2009,TUCKER HILL ROAD,LOWER MANORBURN DAM ROAD,,Non-Injury Crash,No,2009,,West,,0,,Hill Road,,,,,,Bright sun,3021800,0,0,0,0,,,0,,,,,,Otago Region,Nil,Off road,Unsealed,,0,0,,50,,Null,1,0,,69,Central Otago District,Unknown,,,,,0,0,Urban,1,,,Fine,Null
1769817,5899458,14317,,523920,0,,0,2,,Null,2009/2010,GREAT SOUTH ROAD,TAKANINI OFF NBD S,,Non-Injury Crash,No,2009,,North,,0,,Flat,,Christmas New Year,,,,Dark,767921,0,0,0,4,,,0,,,,,,Auckland Region,Nil,2-way,Sealed,,0,0,,50,,On,0,0,,76,Auckland,Traffic Signals,,,,,0,0,Urban,0,,,Fine,Null
1756974,5444343,14318,,571300,0,0,0,1,0,East,2008/2009,CALLIOPE CRESCENT,HAZARD GROVE,,Non-Injury Crash,No,2009,0,East,0,0,0,Flat,0,,0,,0,Dark,2063200,0,0,0,2,0,0,0,0,0,,0,1,Wellington Region,Nil,2-way,Sealed,0,0,0,0,50,0,On,0,0,,44,Porirua City,Nil,0,0,0,0,0,0,Urban,0,0,0,Fine,Null
1680851,5404716,14319,,581220,0,0,0,1,0,South,2009/2010,GASCOIGNE ST,BUDGE ST,,Non-Injury Crash,No,2009,0,West,0,0,0,Flat,0,,0,,0,Dark,2295804,0,0,0,2,0,0,0,0,0,,0,0,Marlborough Region,Nil,2-way,Sealed,0,0,0,0,50,0,On,0,0,,53,Marlborough District,Nil,0,0,0,1,0,0,Urban,0,0,0,Fine,Null
1747877,5427849,14320,,575300,0,,0,1,,Null,2009/2010,UPLAND ROAD,GLASGOW ST,,Non-Injury Crash,No,2009,,North,,0,,Hill Road,,,,,,Overcast,2154000,0,1,0,2,,,0,,,,,,Wellington Region,Nil,2-way,Sealed,,0,0,,50,,Null,0,0,,47,Wellington City,Give way,,,,,0,0,Urban,0,,,Fine,Null
1750565,5424069,14321,,576901,0,,0,1,,Null,2008/2009,COUTTS ST,YULE ST,,Non-Injury Crash,No,2009,,West,,0,,Flat,,,,,,Bright sun,2177500,0,0,0,2,,,0,,,,,,Wellington Region,Nil,2-way,Sealed,,0,0,,50,,Null,0,0,,47,Wellington City,Give way,,,,,0,0,Urban,1,,,Fine,Null
1774102,5578672,14322,,556700,0,0,0,2,0,Null,2009/2010,SH 3,VICTORIA AVENUE,,Non-Injury Crash,Yes,2009,0,West,0,0,0,Flat,0,,0,,0,Dark,1721200,0,0,0,2,0,0,0,0,0,,0,0,Manawatū-Whanganui Region,Nil,2-way,Sealed,0,0,0,0,50,0,On,0,0,,37,Whanganui District,Give way,0,1,0,0,0,0,Urban,0,0,0,Fine,Null
1617948,5418146,14323,,581811,0,,0,1,,Null,2008/2009,Z CPK HACKETT,ANISEED VALLEY ROAD,,Non-Injury Crash,No,2009,,South,,0,,Flat,,,,,,Bright sun,2359300,0,0,0,0,,,0,,,,,,Tasman Region,Nil,Off road,Sealed,,0,0,,100,,Null,0,0,,51,Tasman District,Nil,,,,,0,0,Open,1,,,Fine,Null
1792840,5499966,14324,,564220,0,,0,1,,Null,2008/2009,SH 1N,LIVERPOOL RAILWAY CROSSIN,,Non-Injury Crash,Yes,2009,,West,,0,,Flat,,,,,,Bright sun,1870600,0,0,0,2,,,0,,,1,,,Manawatū-Whanganui Region,Nil,2-way,Sealed,,0,0,,50,,Null,0,0,,42,Horowhenua District,Give way,,,,,0,0,Urban,0,,,Fine,Null
1623782,5430948,14325,,582500,0,,0,2,,Null,2008/2009,BRIDGE ST,TRAFALGAR ST,,Non-Injury Crash,No,2009,,East,,0,,Flat,,,,,,Twilight,2319700,0,0,0,2,,,0,,,,,,Nelson Region,Nil,2-way,Sealed,,0,0,,50,,On,0,0,,52,Nelson City,Give way,,,,,0,0,Urban,0,,,Fine,Null
1762319,5431500,14326,,564900,0,,0,2,,East,2009/2010,PARKWAY,MEREMERE ST,,Non-Injury Crash,No,2009,,West,,0,,Flat,,,,,,Overcast,2015402,0,0,0,2,,,0,,,,,,Wellington Region,Nil,2-way,Sealed,,0,0,,50,,Null,0,0,,46,Lower Hutt City,Nil,,,,,0,0,Urban,0,,,Fine,Null
1821001,5530784,14327,,562401,0,,0,2,,Null,2009/2010,SH 3,MATIPO ST,,Non-Injury Crash,Yes,2009,,North,,0,,Flat,,,,,,Dark,1832600,0,0,0,2,,,0,,,,,,Manawatū-Whanganui Region,Nil,2-way,Sealed,,0,0,,50,,On,0,0,,40,Palmerston North City,Give way,,,,,0,0,Urban,0,,,Fine,Frost
1748623,5428926,14328,,572900,0,0,0,1,0,North,2008/2009,BALLANTRAE PLACE,BOWEN ST,,Non-Injury Crash,No,2009,0,East,0,0,1,Hill Road,0,,0,,0,Overcast,2122200,0,0,0,2,0,0,0,0,1,,0,0,Wellington Region,Nil,2-way,Sealed,0,0,0,0,50,0,Null,1,0,,47,Wellington City,Nil,0,0,0,0,0,0,Urban,1,0,0,Fine,Null
1462522,5099308,14329,,598600,0,,0,2,,North,2008/2009,KING ST,FRASER ST,,Non-Injury Crash,No,2009,,South,,0,,Flat,,,,,,Dark,2766800,0,0,0,2,,,0,,,,,,Canterbury Region,Nil,2-way,Sealed,,0,0,,50,,On,1,0,,64,Timaru District,Unknown,,,,,0,0,Urban,0,,,Fine,Null
1903937,5533345,14330,,549602,0,0,0,0,0,South,2009/2010,PORANGAHAU ROAD,MANGAORAPA ROAD,,Non-Injury Crash,No,2009,0,East,0,0,0,Flat,0,,0,,0,Bright sun,1527301,0,0,0,2,0,0,0,1,0,,0,0,Hawke's Bay Region,Nil,2-way,Sealed,0,0,0,0,100,0,Null,0,0,,32,Central Hawke's Bay District,Nil,0,0,0,1,0,0,Open,1,0,0,Fine,Null
1878597,5823034,14331,,538201,0,,0,2,,North,2009/2010,CAMERON ROAD,ELEVENTH AVENUE,,Non-Injury Crash,No,2009,,South,,0,,Flat,,,,,,Overcast,1166600,0,0,0,4,,,0,,,,,,Bay of Plenty Region,Nil,2-way,Sealed,,0,0,,50,,Null,0,0,,23,Tauranga City,Unknown,,,,,0,0,Urban,0,,,Light rain,Null
1570151,5180275,14332,,591600,0,,0,2,,Null,2008/2009,MONTREAL ST,GLOUCESTER ST,,Non-Injury Crash,No,2009,,East,,0,,Flat,,,,,,Overcast,2677900,0,0,0,4,,,0,,,,,,Canterbury Region,Nil,1-way,Sealed,,0,0,,50,,Null,0,0,,60,Christchurch City,Traffic Signals,,,,,0,0,Urban,0,,,Fine,Null
1718229,5682721,14333,,550700,0,,0,1,,West,2009/2010,SH 3,ONAERO RIVER ROAD,,Non-Injury Crash,Yes,2009,,North,,0,,Hill Road,,,,,,Overcast,1551200,0,0,0,2,,,0,,,,,,Taranaki Region,Nil,2-way,Sealed,,0,0,,100,,Null,1,0,,33,New Plymouth District,Stop,,,,,0,0,Open,0,,,Fine,Null
2037148,5708382,14334,,544600,0,,0,1,,South,2008/2009,GREY ST,GLADSTONE ROAD,,Non-Injury Crash,No,2009,,West,,0,,Flat,,,,,,Bright sun,1372900,0,0,0,2,,,0,,,,,,Gisborne Region,Nil,2-way,Sealed,,0,0,,50,,Null,0,0,,28,Gisborne District,Nil,,,,,0,0,Urban,1,,,Fine,Null
1748348,5427658,14335,,573000,0,,0,2,,South,2009/2010,SH 1N,NORTH PORTAL SBD,,Non-Injury Crash,Yes,2009,,South,,0,,Flat,,,,,,Overcast,2126900,0,0,0,2,,,0,,,,,,Wellington Region,Nil,2-way,Sealed,,0,0,,80,,Null,0,0,,47,Wellington City,Nil,,,,,0,0,Open,0,,,Light rain,Null
1752948,5434871,14336,,574001,0,0,0,1,0,Null,2009/2010,HOROKIWI ROAD WEST,KENMORE ST,,Non-Injury Crash,No,2009,0,North,0,0,0,Hill Road,0,,0,,0,Bright sun,2075301,0,0,0,2,0,0,0,0,1,,0,0,Wellington Region,Nil,2-way,Sealed,0,0,0,0,50,0,Null,0,0,,47,Wellington City,Give way,0,0,0,1,0,0,Urban,1,0,0,Fine,Null
1764353,5913572,14337,,520500,0,,0,2,,North,2009/2010,CARBINE ROAD,WAIPUNA ROAD,,Non-Injury Crash,No,2009,,North,,0,,Flat,,,,,,Bright sun,638801,0,0,0,4,,,0,,,,,,Auckland Region,Nil,2-way,Sealed,,0,0,,50,,Null,0,0,,76,Auckland,Unknown,,,,,0,0,Urban,0,,,Fine,Null
1570253,5185014,14338,,590506,0,0,0,1,0,West,2009/2010,SH 74,WINTERS ROAD,,Non-Injury Crash,Yes,2009,0,West,0,0,0,Flat,0,,0,,0,Bright sun,2507609,0,0,0,2,0,1,0,0,0,,0,0,Canterbury Region,Nil,2-way,Sealed,0,0,0,0,80,0,Null,0,0,,60,Christchurch City,Unknown,0,0,0,0,0,0,Open,0,0,0,Fine,Null
1748812,5425613,14339,,576301,0,,0,1,,West,2008/2009,JOHN ST,ADELAIDE ROAD,,Non-Injury Crash,No,2009,,West,,0,,Flat,,,,,,Bright sun,2163400,0,0,0,3,,,0,,,,,,Wellington Region,Nil,2-way,Sealed,,0,0,,50,,Null,0,1,,47,Wellington City,Nil,,,,,0,0,Urban,1,,,Fine,Null
1772910,5896316,14340,,525410,0,,0,2,,South,2009/2010,RAILWAY ST WEST,AVERILL ST,,Non-Injury Crash,No,2009,,North,,0,,Flat,,,,,,Bright sun,793000,0,0,0,2,,,0,,,,,,Auckland Region,Nil,2-way,Sealed,,0,0,,50,,Off,0,0,,76,Auckland,Nil,,,,,0,0,Urban,0,,,Fine,Null
1749995,5427426,14341,,576600,0,,0,2,,East,2008/2009,ORIENTAL PARADE,HERD ST,,Non-Injury Crash,No,2009,,East,,0,,Flat,,,,,,Overcast,2137900,0,0,0,2,,,0,,,,,,Wellington Region,Nil,2-way,Sealed,,0,0,,50,,Null,0,0,,47,Wellington City,Nil,,,,,0,0,Urban,0,,,Fine,Null
1623379,5432174,14342,,582200,0,0,0,1,0,West,2009/2010,ROGERS ST,VICKERMAN ST,,Non-Injury Crash,No,2009,0,West,0,0,0,Flat,0,,0,,0,Bright sun,2325100,0,0,0,2,0,0,0,0,1,,0,0,Nelson Region,Nil,2-way,Sealed,0,0,0,0,50,0,Null,0,0,,52,Nelson City,Nil,0,0,0,0,0,0,Urban,1,0,0,Fine,Null
1568956,5182939,14343,,592100,0,,0,2,,Null,2009/2010,PAPANUI ROAD,NORMANS ROAD,,Non-Injury Crash,No,2009,,North,,0,,Flat,,,,,,Overcast,2672700,0,0,0,2,,,0,,,,,,Canterbury Region,Nil,2-way,Sealed,,0,0,,50,,Null,0,0,,60,Christchurch City,Give way,,,,,0,0,Urban,0,,,Mist or Fog,Null
1744322,5915627,14344,,513013,0,,0,2,,South,2009/2010,FOREST HILL ROAD,HENDERSON VALLEY ROAD,,Non-Injury Crash,No,2009,,North,,0,,Hill Road,,,,,,Bright sun,281401,0,0,0,2,,,0,,,,,,Auckland Region,Nil,2-way,Sealed,,0,0,,50,,Null,0,0,,76,Auckland,Unknown,,,,,0,0,Urban,0,,,Fine,Null
1802812,5561717,14345,,559500,0,0,0,1,0,Null,2008/2009,MORRIS ST,WELLINGTON ROAD,,Non-Injury Crash,No,2009,0,South,0,0,0,Flat,0,,0,,0,Overcast,1736800,0,0,0,2,0,0,0,0,1,,0,0,Manawatū-Whanganui Region,Nil,2-way,Sealed,0,0,0,0,50,0,Null,1,0,,38,Rangitikei District,Give way,0,0,0,0,0,0,Urban,0,0,0,Light rain,Null
1818558,5543894,14346,,560720,0,,0,2,,Null,2008/2009,SH 54,EYRE ST,,Non-Injury Crash,Yes,2009,,South,,0,,Flat,,,,,,Bright sun,1766200,0,0,0,2,,,0,,,,,,Manawatū-Whanganui Region,Nil,2-way,Sealed,,0,0,,50,,Null,0,0,,39,Manawatu District,Nil,,,,,0,0,Urban,0,,,Fine,Null
1692346,5674383,14347,,552400,0,0,0,1,0,South,2008/2009,PEMBROKE ST,KENMORE ST,,Non-Injury Crash,No,2009,0,North,0,0,1,Flat,0,Queens Birthday,0,,0,Overcast,1573002,0,0,0,2,0,0,0,0,0,,0,0,Taranaki Region,Nil,2-way,Sealed,0,0,0,0,50,0,Null,0,0,,33,New Plymouth District,Nil,0,0,0,0,0,0,Urban,0,0,0,Fine,Null
1824017,5463432,14348,,578600,0,,0,2,,West,2008/2009,LINCOLN ROAD,QUEEN ST,,Non-Injury Crash,No,2009,,East,,0,,Flat,,,,,,Overcast,2244700,0,0,0,2,,,0,,,,,,Wellington Region,Nil,2-way,Sealed,,0,0,,50,,Null,0,0,,48,Masterton District,Nil,,,,,0,0,Urban,0,,,Light rain,Null
1822815,5530176,14349,,562402,0,,0,2,,Null,2009/2010,BROADWAY AVENUE,ALBERT ST,,Non-Injury Crash,No,2009,,West,,0,,Flat,,,,,,Bright sun,1834900,0,0,0,2,,,0,,,,,,Manawatū-Whanganui Region,Nil,2-way,Sealed,,0,0,,50,,Null,0,0,,40,Palmerston North City,Give way,,,,,0,0,Urban,0,,,Fine,Null
2036809,5710308,14350,,544200,0,,0,2,,West,2008/2009,ORMOND ROAD,RUA ST,,Non-Injury Crash,No,2009,,North,,0,,Flat,,,,,,Bright sun,1379000,0,0,0,2,,,0,,,,,,Gisborne Region,Nil,2-way,Sealed,,0,0,,50,,Null,0,0,,28,Gisborne District,Nil,,,,,0,0,Urban,0,,,Fine,Null
1567205,5205667,14351,,586306,0,,0,2,,North,2009/2010,ASHLEY ST,BLACKETT ST,,Non-Injury Crash,No,2009,,South,,0,,Flat,,,,,,Overcast,2443900,0,0,0,2,,,0,,,,,,Canterbury Region,Nil,2-way,Sealed,,0,0,,50,,Null,0,0,,59,Waimakariri District,Unknown,,,,,0,0,Urban,0,,,Fine,Null
1816954,5803336,14352,,527502,0,,0,1,,West,2009/2010,QUEEN ST,VICTORIA ST,,Non-Injury Crash,No,2009,,North,,0,,Flat,,,,,,Bright sun,964400,0,0,0,3,,,0,,,,,,Waikato Region,Nil,2-way,Sealed,,0,0,,50,,Null,1,0,,17,Waipa District,Give way,,,,,0,0,Urban,0,,,Fine,Null
1792001,5720370,14353,,532700,0,0,0,1,0,North,2009/2010,SH 4,TAPUIWAHINE ROAD,,Non-Injury Crash,Yes,2009,0,South,0,0,0,Hill Road,0,,0,,0,Overcast,1041800,0,0,0,2,0,0,0,1,0,,0,0,Manawatū-Whanganui Region,Nil,2-way,Sealed,0,0,0,0,100,0,Null,0,0,,36,Ruapehu District,Nil,0,0,0,0,0,0,Open,0,0,0,Heavy rain,Null
1286630,4886201,14354,,610250,0,0,0,2,0,South,2009/2010,GORTON ST W,HYDE ST,,Non-Injury Crash,No,2009,0,South,0,0,0,Flat,0,,0,,0,Dark,3064600,0,0,0,2,0,0,0,0,1,,0,0,Southland Region,Nil,2-way,Sealed,0,0,0,0,50,0,On,0,0,,74,Gore District,Unknown,0,0,0,0,0,0,Urban,0,0,0,Fine,Null
1773344,5915035,14355,,521502,0,,0,1,,Null,2009/2010,RANGITOTO VIEW ROAD,ISLAND VIEW TERRACE,,Non-Injury Crash,No,2009,,East,,0,,Flat,,,,,,Bright sun,653900,0,0,0,2,,,0,,,,,,Auckland Region,Nil,2-way,Sealed,,0,0,,50,,Null,1,0,,76,Auckland,Nil,,,,,0,0,Urban,0,,,Fine,Null
2035203,5708866,14356,,544400,0,0,0,1,0,South,2009/2010,NORTHCOTE ROAD,CHILDERS ROAD,,Non-Injury Crash,No,2009,0,North,0,0,0,Flat,0,,0,,1,Dark,1375700,0,0,0,2,0,0,0,0,1,,0,1,Gisborne Region,Nil,2-way,Sealed,0,0,0,0,50,0,On,1,0,,28,Gisborne District,Nil,0,0,0,0,0,0,Urban,0,0,0,Fine,Null
1768362,5879324,14357,,525921,0,,0,1,,Null,2009/2010,KITCHENER ROAD,WELLINGTON ST,,Non-Injury Crash,No,2009,,West,,0,,Hill Road,,,,,,Bright sun,822419,0,0,0,2,,,0,,,,,,Auckland Region,Nil,2-way,Sealed,,0,0,,50,,None,1,0,,76,Auckland,Give way,,,,,0,0,Urban,0,,,Fine,Null
1413414,4916344,14358,,604902,0,0,0,1,0,East,2008/2009,HIGHCLIFF ROAD,KARETAI ROAD,,Non-Injury Crash,No,2009,0,East,0,0,0,Hill Road,0,,0,,0,Dark,2945400,0,0,0,2,0,0,0,0,0,,0,0,Otago Region,Nil,2-way,Sealed,0,0,0,0,100,0,None,0,0,,71,Dunedin City,Unknown,0,0,0,1,0,0,Open,0,0,0,Light rain,Null
1763451,5907537,14359,,524301,0,0,0,1,0,Null,2009/2010,GRAY AVENUE,ROSELLA ROAD,,Non-Injury Crash,No,2009,0,South,0,0,1,Flat,0,,0,,0,Dark,748000,0,0,0,2,0,0,0,0,0,,0,0,Auckland Region,Nil,2-way,Sealed,0,0,0,0,50,0,On,0,0,,76,Auckland,Nil,0,0,0,0,0,0,Urban,0,0,0,Fine,Null
1925829,5608141,14360,,548400,0,0,0,1,0,South,2008/2009,CHATHAM ROAD,HAZELWOOD ST,,Non-Injury Crash,No,2009,0,North,0,0,1,Flat,0,,0,,0,Dark,1473300,0,0,0,2,0,0,0,0,0,,0,0,Hawke's Bay Region,Nil,2-way,Sealed,0,0,0,0,50,0,On,0,0,,30,Hastings District,Nil,0,0,0,0,0,0,Urban,0,0,0,Light rain,Null
1316606,4982746,14361,,608500,0,,0,2,,Null,2008/2009,SH 8,BRANDON ST,,Non-Injury Crash,Yes,2009,,South,,0,,Flat,,,,,,Overcast,3025700,0,0,0,2,,,0,,,,,,Otago Region,Nil,2-way,Sealed,,0,0,,50,,Null,0,0,,69,Central Otago District,Give way,,,,,0,0,Urban,0,,,Fine,Null