X,Y,OBJECTID,advisorySpeed,areaUnitID,bicycle,bridge,bus,carStationWagon,cliffBank,crashDirectionDescription,crashFinancialYear,crashLocation1,crashLocation2,crashRoadSideRoad,crashSeverity,crashSHDescription,crashYear,debris,directionRoleDescription,ditch,fatalCount,fence,flatHill,guardRail,holiday,houseOrBuilding,intersection,kerb,light,meshblockId,minorInjuryCount,moped,motorcycle,NumberOfLanes,objectThrownOrDropped,otherObject,otherVehicleType,overBank,parkedVehicle,pedestrian,phoneBoxEtc,postOrPole,region,roadCharacter,roadLane,roadSurface,roadworks,schoolBus,seriousInjuryCount,slipOrFlood,speedLimit,strayAnimal,streetLight,suv,taxi,temporarySpeedLimit,tlaId,tlaName,trafficControl,trafficIsland,trafficSign,train,tree,truck,unknownVehicleType,urban,vanOrUtility,vehicle,waterRiver,weatherA,weatherB
1923352,5610218,14362,,545710,0,0,0,0,0,Null,2008/2009,SH 50,OMAHU ROAD,,Non-Injury Crash,Yes,2009,0,North,0,0,0,Flat,0,,0,,0,Bright sun,1470500,0,0,0,2,0,0,0,0,0,,0,0,Hawke's Bay Region,Nil,2-way,Sealed,0,0,0,0,100,0,Null,0,0,,30,Hastings District,Give way,0,1,0,0,1,0,Open,1,0,0,Fine,Null
1693382,5676213,14363,,551800,0,,0,3,,West,2009/2010,SH 45 LEACH,GOVER ST,,Non-Injury Crash,Yes,2009,,West,,0,,Flat,,,,,,Bright sun,1594400,0,0,0,2,,,0,,,,,,Taranaki Region,Nil,2-way,Sealed,,0,0,,50,,Null,0,0,,33,New Plymouth District,Nil,,,,,0,0,Urban,0,,,Fine,Null
1600723,5449023,14364,,584301,0,0,0,1,0,Null,2008/2009,PAH ST,TALBOT ST,,Non-Injury Crash,No,2009,0,West,0,0,1,Flat,0,,0,,0,Overcast,2377700,0,0,0,2,0,0,0,0,0,,0,0,Tasman Region,Nil,2-way,Sealed,0,0,0,0,50,0,Null,0,0,,51,Tasman District,Give way,0,0,0,0,0,0,Urban,0,0,0,Light rain,Null
1904729,5546402,14365,,549602,0,0,0,1,1,West,2009/2010,PORANGAHAU ROAD,BUSH ROAD,,Non-Injury Crash,No,2009,0,North,0,0,0,Flat,0,,0,,0,Overcast,1526200,0,0,0,2,0,0,0,0,0,,0,0,Hawke's Bay Region,Nil,2-way,Sealed,0,0,0,0,100,0,Null,0,0,,32,Central Hawke's Bay District,Nil,0,0,0,0,0,0,Open,0,0,0,Fine,Null
1910062,5578634,14366,,549200,0,0,0,1,0,South,2008/2009,SH 2,DRUMPEEL ROAD,,Non-Injury Crash,Yes,2009,0,South,1,0,1,Flat,0,,0,,0,Overcast,1511200,0,0,0,2,0,0,0,0,0,,0,0,Hawke's Bay Region,Nil,2-way,Sealed,0,0,0,0,100,0,Null,0,0,,32,Central Hawke's Bay District,Nil,0,0,0,0,0,0,Open,0,0,0,Fine,Null
2015035,5673641,14367,,545204,0,,0,0,,South,2009/2010,SH 2,TUNANUI ROAD,,Non-Injury Crash,Yes,2009,,North,,0,,Flat,,,,,,Bright sun,1399800,0,0,0,2,,,0,,,,,,Hawke's Bay Region,Nil,2-way,Sealed,,0,0,,100,,Null,0,0,,29,Wairoa District,Nil,,,,,1,0,Open,1,,,Fine,Null
1935420,5618750,14368,,546700,0,0,0,1,0,Null,2009/2010,KELVIN ROAD,DARWIN CRESCENT,,Non-Injury Crash,No,2009,0,West,0,0,0,Flat,0,,0,,1,Dark,1443900,0,0,0,2,0,0,0,0,0,,0,0,Hawke's Bay Region,Nil,2-way,Sealed,0,0,0,0,50,0,On,0,0,,31,Napier City,Nil,0,0,0,0,0,0,Urban,0,0,0,Fine,Null
1692046,6000379,14369,,504800,0,0,0,2,0,East,2009/2010,RUAWAI WHARF ROAD,WELL ST,,Non-Injury Crash,No,2009,0,East,0,0,0,Flat,0,,0,,0,Twilight,127200,0,0,0,2,0,0,0,0,1,,0,0,Northland Region,Nil,2-way,Sealed,0,0,0,0,50,0,On,0,0,,3,Kaipara District,Give way,0,0,0,0,0,0,Urban,0,0,0,Fine,Null
1855347,5536830,14370,,550200,0,0,0,1,0,East,2009/2010,SH 2,GAISFORD ROAD,,Non-Injury Crash,Yes,2009,0,West,0,0,1,Hill Road,0,,0,,0,Bright sun,1544600,0,0,0,2,0,0,0,1,0,,0,0,Manawatū-Whanganui Region,Nil,2-way,Sealed,0,0,0,0,100,0,Null,0,0,,41,Tararua District,Nil,0,0,0,0,0,0,Open,0,0,0,Fine,Null
1745150,5915691,14371,,510800,0,,0,2,,East,2009/2010,BRUCE MCLAREN ROAD,CORBAN AVENUE,,Non-Injury Crash,No,2009,,East,,0,,Flat,,,,,,Bright sun,242501,0,0,0,2,,,0,,,,,,Auckland Region,Nil,2-way,Sealed,,0,0,,50,,Off,0,0,,76,Auckland,Nil,,,,,0,0,Urban,0,,,Fine,Null
1572700,5179005,14372,,593502,0,,0,3,,East,2009/2010,FERRY ROAD,BORDESLEY ST,,Non-Injury Crash,No,2009,,West,,0,,Flat,,,,,,Twilight,2605200,0,0,0,2,,,0,,,,,,Canterbury Region,Nil,2-way,Sealed,,0,0,,50,,Off,0,0,,60,Christchurch City,Unknown,,,,,0,0,Urban,0,,,Fine,Null
1755078,5928918,14373,,508320,0,0,0,0,0,South,2009/2010,DIANA DRIVE,WAIRAU ROAD,,Non-Injury Crash,No,2009,0,South,0,0,0,Flat,0,,0,,0,Overcast,196700,0,0,0,2,0,0,0,0,0,,0,1,Auckland Region,Nil,2-way,Sealed,0,0,0,0,50,0,Off,0,0,,76,Auckland,Nil,0,0,0,0,0,0,Urban,1,0,0,Heavy rain,Null
1258242,5005170,14374,,609304,0,,1,1,,Null,2008/2009,GORGE ROAD,HYLTON PLACE,,Non-Injury Crash,No,2009,,North,,0,,Flat,,,,,,Bright sun,3033201,0,0,0,3,,,0,,,,,,Otago Region,Nil,2-way,Sealed,,0,0,,50,,Null,0,0,,70,Queenstown-Lakes District,Give way,,,,,0,0,Urban,0,,,Fine,Null
1934545,5618356,14375,,546500,0,,0,1,,Null,2008/2009,WATERWORTH AVENUE,LAMB TERRACE,,Non-Injury Crash,No,2009,,East,,0,,Flat,,,,,,Dark,1442300,0,0,0,2,,,0,,,,,,Hawke's Bay Region,Nil,2-way,Sealed,,0,0,,50,,On,0,0,,31,Napier City,Nil,,,,,0,0,Urban,0,,,Fine,Null
1772457,5445215,14376,,567300,0,,1,1,,Null,2008/2009,FERGUSSON DRIVE,WHAKATIKI ST,,Non-Injury Crash,No,2009,,East,,0,,Flat,,,,,,Bright sun,1893700,0,0,0,2,,,0,,,,,,Wellington Region,Nil,2-way,Sealed,,1,0,,50,,Null,0,0,,45,Upper Hutt City,Give way,,,,,0,0,Urban,0,,,Fine,Null
1766449,5905255,14377,,524603,0,,0,0,,East,2009/2010,PUHINUI ROAD,LAMBIE DRIVE,,Non-Injury Crash,No,2009,,West,,0,,Flat,,,,,,Bright sun,671700,0,0,0,2,,,0,,,,,,Auckland Region,Nil,2-way,Sealed,,0,0,,100,,Off,1,0,,76,Auckland,Nil,,,,,0,0,Open,1,,,Fine,Null
1700494,5640821,14378,,553004,0,0,0,0,0,West,2009/2010,OPUNAKE ROAD,PALMER ROAD,,Non-Injury Crash,No,2009,0,East,0,0,0,Flat,0,,0,,0,Bright sun,1616900,0,0,0,2,0,0,0,1,0,,0,0,Taranaki Region,Nil,2-way,Sealed,0,0,0,0,100,0,Null,1,0,,34,Stratford District,Nil,0,0,0,0,0,0,Open,0,0,0,Fine,Frost
1759421,5914159,14379,,519300,0,,0,0,,South,2009/2010,CAMPBELL ROAD,RAWHITI ROAD,,Non-Injury Crash,No,2009,,South,,0,,Flat,,,,,,Overcast,624900,0,0,0,2,,,0,,,,,,Auckland Region,Nil,2-way,Sealed,,0,0,,50,,Off,1,0,,76,Auckland,Nil,,,,,0,0,Urban,1,,,Fine,Null
1799417,5817279,14380,,528700,0,0,0,0,1,West,2009/2010,VICTORIA ST,MAEROA ROAD,,Non-Injury Crash,No,2009,0,West,0,0,0,Hill Road,0,Labour Weekend,0,,0,Overcast,901100,0,0,0,2,0,0,0,0,0,,0,0,Waikato Region,Nil,2-way,Sealed,0,0,0,0,50,0,Null,0,0,,16,Hamilton City,Unknown,0,0,0,1,1,0,Urban,0,0,0,Fine,Null
1757241,5919425,14381,,514301,0,,0,1,,North,2009/2010,SYMONDS ST,KARANGAHAPE ROAD,,Non-Injury Crash,No,2009,,South,,0,,Flat,,,,,,Overcast,440904,0,1,0,4,,,0,,,,,,Auckland Region,Nil,2-way,Sealed,,0,0,,50,,Off,0,0,,76,Auckland,Nil,,,,,0,0,Urban,0,,,Fine,Null
2035513,5708267,14382,,544400,0,0,0,0,0,North,2009/2010,STANLEY ROAD,SH 35,,Non-Injury Crash,No,2009,0,South,0,0,0,Flat,0,,0,,0,Bright sun,1375803,0,0,0,2,0,0,0,0,1,,0,0,Gisborne Region,Nil,2-way,Sealed,0,0,0,0,50,0,Null,0,0,,28,Gisborne District,Nil,0,0,0,0,1,0,Urban,1,0,0,Fine,Null
1748920,5970738,14383,,505500,0,,0,2,,Null,2009/2010,SH 1N,HILL ST,,Non-Injury Crash,Yes,2009,,East,,0,,Flat,,Christmas New Year,,,,Bright sun,140000,0,0,0,2,,,0,,,,,,Auckland Region,Nil,2-way,Sealed,,0,0,,60,,Off,0,0,,76,Auckland,Traffic Signals,,,,,0,0,Urban,0,,,Fine,Null
1771633,5444747,14384,,567500,0,0,0,0,0,Null,2009/2010,FERGUSSON DRIVE,MOONSHINE ROAD,,Non-Injury Crash,No,2009,0,West,0,0,0,Flat,0,,0,,0,Twilight,1890100,0,0,0,2,0,0,0,0,0,,0,0,Wellington Region,Nil,2-way,Sealed,0,0,0,0,50,0,On,0,0,,45,Upper Hutt City,Traffic Signals,0,1,0,0,1,0,Urban,0,0,0,Fine,Null
1772705,5896112,14385,,525410,0,,0,2,,Null,2009/2010,WOOD ST,EAST ST,,Non-Injury Crash,No,2009,,West,,0,,Flat,,,,,,Bright sun,792202,0,0,0,2,,,0,,,,,,Auckland Region,Nil,2-way,Sealed,,0,0,,50,,Off,0,0,,76,Auckland,Stop,,,,,0,0,Urban,0,,,Fine,Null
2444535.7296,5093283.5743,14386,,597000,0,0,0,0,1,East,2008/2009,AIR BASE ROAD,NORTH ROAD,,Non-Injury Crash,No,2009,0,West,0,0,0,Flat,0,,0,,0,Bright sun,2716603,0,0,0,2,0,0,0,0,0,,0,0,Manawatū-Whanganui Region,Nil,2-way,Unsealed,0,0,0,0,80,0,Null,1,0,,67,Chatham Islands Territory,Unknown,0,0,0,0,0,0,Open,0,0,0,Fine,Null
1730277,5685981,14387,,550700,0,0,0,0,0,East,2008/2009,SH 3,MIMI ROAD,,Non-Injury Crash,Yes,2009,0,West,0,0,0,Flat,0,,0,,0,Bright sun,1551500,0,0,0,2,0,0,0,1,0,,0,0,Taranaki Region,Nil,2-way,Sealed,0,0,0,0,100,0,Null,0,0,,33,New Plymouth District,Nil,0,0,0,0,0,0,Open,1,0,0,Fine,Null
1763438,5910622,14388,,521901,0,,0,1,,Null,2009/2010,PORTAGE ROAD,SALEYARDS ROAD,,Non-Injury Crash,No,2009,,West,,0,,Flat,,,,,,Overcast,781900,0,0,0,2,,,0,,,,,,Auckland Region,Nil,2-way,Sealed,,0,0,,50,,Off,0,0,,76,Auckland,Stop,,,,,1,0,Urban,0,,,Light rain,Null
1695715,5676461,14389,,551012,0,0,0,2,0,West,2008/2009,GORDON ST,QUEENS ROAD,,Non-Injury Crash,No,2009,0,North,0,0,0,Flat,0,,0,,0,Dark,1559900,0,0,0,2,0,0,0,0,1,,0,0,Taranaki Region,Nil,2-way,Unsealed,0,0,0,0,50,0,On,0,0,,33,New Plymouth District,Nil,0,0,0,0,0,0,Urban,0,0,0,Fine,Null
1757540,5918604,14390,,514302,0,,0,1,,Null,2009/2010,SH 1N,KHYBER PASS OBR,,Non-Injury Crash,Yes,2009,,South,,0,,Flat,,,,,,Bright sun,442100,0,0,0,3,,,0,,,,,,Auckland Region,Nil,1-way,Sealed,,0,0,,80,,Off,1,0,,76,Auckland,Nil,,,,,0,0,Open,0,,,Fine,Null
1768671,5880775,14391,,525921,0,,0,0,,Null,2009/2010,QUEEN ST,HARRIS ST,,Non-Injury Crash,No,2009,,East,,0,,Flat,,,,,,Dark,821600,0,0,0,2,,,0,,,,,,Auckland Region,Nil,2-way,Sealed,,0,0,,50,,On,0,0,,76,Auckland,Give way,,,,,0,0,Urban,2,,,Light rain,Null
1245200,4998753,14392,55,609031,0,0,0,1,1,East,2008/2009,GLENORCHY-QUEENSTOWN ROAD,TWELVE MILE BLUFF,,Non-Injury Crash,No,2009,0,West,0,0,0,Flat,0,,0,,0,Overcast,3039517,0,0,0,1,0,0,0,0,0,,0,0,Otago Region,Nil,2-way,Sealed,0,0,0,0,100,0,Null,0,0,,70,Queenstown-Lakes District,Unknown,0,0,0,0,0,0,Open,0,0,0,Heavy rain,Null
1821065,5528907,14393,,563000,0,,0,2,,Null,2009/2010,COOK ST,CHURCH ST,,Non-Injury Crash,No,2009,,East,,0,,Flat,,,,,,Overcast,1805800,0,0,0,2,,,0,,,,,,Manawatū-Whanganui Region,Nil,2-way,Sealed,,0,0,,50,,Null,0,0,,40,Palmerston North City,Give way,,,,,0,0,Urban,0,,,Light rain,Null
1242796,4827693,14394,35,612100,0,0,0,1,0,South,2008/2009,FLAGSTAFF ROAD,PEARCE ST,,Non-Injury Crash,No,2009,0,North,0,0,0,Hill Road,0,,0,,0,Twilight,3156100,0,0,0,2,0,0,0,1,0,,0,0,Southland Region,Nil,2-way,Sealed,0,0,0,0,50,0,None,0,0,,75,Invercargill City,Unknown,0,0,0,0,0,0,Urban,0,0,0,Fine,Null
1679925,5401948,14395,,581250,0,,0,2,,Null,2008/2009,SCOTT ST,CLEGHORN ST,,Non-Injury Crash,No,2009,,North,,0,,Flat,,,,,,Dark,2305000,0,0,0,2,,,0,,,,,,Marlborough Region,Nil,2-way,Sealed,,0,0,,50,,On,0,0,,53,Marlborough District,Give way,,,,,0,0,Urban,0,,,Fine,Null
1759785,5435804,14396,,569100,0,,0,2,,Null,2008/2009,BLOOMFIELD TERRACE,LAINGS ROAD,,Non-Injury Crash,No,2009,,South,,0,,Flat,,,,,,Overcast,1970300,0,0,0,2,,,0,,,,,,Wellington Region,Nil,2-way,Sealed,,0,0,,50,,Null,0,0,,46,Lower Hutt City,Stop,,,,,0,0,Urban,0,,,Light rain,Null
1929548,5604673,14397,,548200,0,0,0,1,0,Null,2009/2010,SOUTHAMPTON ST WEST,RAILWAY ROAD,,Non-Injury Crash,No,2009,0,South,0,0,0,Flat,0,,0,,0,Dark,1489700,0,0,0,2,0,0,0,0,0,,0,1,Hawke's Bay Region,Nil,2-way,Sealed,0,0,0,0,50,0,On,0,0,,30,Hastings District,Traffic Signals,0,0,0,1,0,0,Urban,0,0,0,Fine,Null
1868465,5717363,14398,,541312,0,,0,1,,South,2009/2010,WAIRAKEI DRIVE,HUKA FALLS ROAD N,,Non-Injury Crash,No,2009,,North,,0,,Flat,,Christmas New Year,,,,Bright sun,1278700,0,0,0,2,,,0,,,,,,Waikato Region,Nil,2-way,Sealed,,0,0,,100,,Null,0,0,,21,Taupo District,Unknown,,,,,0,0,Open,1,,,Fine,Null
1405662,4919604,14399,,603810,0,,0,1,,South,2008/2009,BURMA ROAD,POLWARTH ROAD,,Non-Injury Crash,No,2009,,South,,0,,Hill Road,,,,,,Bright sun,2890600,0,0,0,2,,,0,,,,,,Otago Region,Nil,2-way,Sealed,,0,0,,50,,Null,0,0,,71,Dunedin City,Unknown,,,,,1,0,Urban,0,,,Fine,Null
1821334,5530175,14400,,562401,0,,0,2,,North,2009/2010,SH 3,FEATHERSTON ST,,Non-Injury Crash,Yes,2009,,North,,0,,Flat,,,,,,Bright sun,1832800,0,0,0,2,,,0,,,,,,Manawatū-Whanganui Region,Nil,2-way,Sealed,,0,0,,50,,Null,0,0,,40,Palmerston North City,Nil,,,,,0,0,Urban,0,,,Fine,Null
2040813,5705403,14401,,543903,0,0,0,1,0,South,2009/2010,SH 35,ONEROA ROAD,,Non-Injury Crash,Yes,2009,0,West,0,0,0,Flat,0,,0,,0,Dark,1358300,0,0,0,2,0,0,0,0,0,,0,0,Gisborne Region,Nil,2-way,Sealed,0,0,0,0,100,0,On,0,0,,28,Gisborne District,Nil,0,0,0,1,0,0,Open,0,0,0,Fine,Null
1758081,5920703,14402,,514101,0,,0,2,,North,2009/2010,TANGIHUA ST,BEACH ROAD,,Non-Injury Crash,No,2009,,South,,0,,Flat,,,,,,Bright sun,438213,0,0,0,4,,,0,,,,,,Auckland Region,Nil,2-way,Sealed,,0,0,,50,,Off,0,0,,76,Auckland,Give way,,,,,0,0,Urban,0,,,Light rain,Null
1406505,4916500,14403,,602800,0,,0,1,,Null,2008/2009,WILLIS ST,THOMAS BURNS ST,,Non-Injury Crash,No,2009,,West,,0,,Flat,,,,,,Overcast,2894800,0,0,0,2,,,0,,,,,,Otago Region,Nil,2-way,Sealed,,0,0,,50,,Null,0,0,,71,Dunedin City,Give way,,,,,1,0,Urban,0,,,Fine,Null
1755151,5914311,14404,,518500,0,,0,2,,West,2009/2010,MOUNT ALBERT ROAD,DOMINION ROAD,,Non-Injury Crash,No,2009,,East,,0,,Flat,,,,,,Bright sun,560900,0,0,0,4,,,0,,,,,,Auckland Region,Nil,2-way,Sealed,,0,0,,50,,Null,0,0,,76,Auckland,Unknown,,,,,0,0,Urban,0,,,Fine,Null
1771299,5444533,14405,,567600,0,0,0,2,0,Null,2008/2009,FERGUSSON DRIVE,LIVERPOOL ST,,Non-Injury Crash,No,2009,0,South,0,0,1,Flat,0,,1,,0,Bright sun,1891100,0,0,0,2,0,0,0,0,0,,0,0,Wellington Region,Nil,2-way,Sealed,0,0,0,0,50,0,Null,0,0,,45,Upper Hutt City,Give way,0,0,0,0,0,0,Urban,0,0,0,Fine,Null
1749774,5913387,14406,,511303,0,,0,2,,Null,2009/2010,MARGAN AVENUE,RANKIN AVENUE,,Non-Injury Crash,No,2009,,East,,0,,Flat,,,,,,Bright sun,264913,0,0,0,2,,,0,,,,,,Auckland Region,Nil,1-way,Sealed,,0,0,,50,,Off,0,0,,76,Auckland,Give way,,,,,0,0,Urban,0,,,Fine,Null
1679825,5403966,14407,,581230,0,,0,2,,Null,2008/2009,HIGH ST,MARKET ST,,Non-Injury Crash,No,2009,,West,,0,,Flat,,,,,,Overcast,2297700,0,0,0,2,,,0,,,,,,Marlborough Region,Nil,2-way,Sealed,,0,0,,50,,Null,0,0,,53,Marlborough District,Give way,,,,,0,0,Urban,0,,,Fine,Null
1623779,5430867,14408,,582500,0,0,0,1,0,North,2009/2010,TRAFALGAR ST,BANK LANE,,Non-Injury Crash,No,2009,0,North,0,0,0,Flat,0,,0,,0,Bright sun,2319700,0,0,0,2,0,0,0,0,1,,0,0,Nelson Region,Nil,2-way,Sealed,0,0,0,0,50,0,Null,1,0,,52,Nelson City,Nil,0,0,0,0,0,0,Urban,0,0,0,Fine,Null
1801238,5814583,14409,,529100,0,,0,0,,Null,2009/2010,BRIDGE ST,COBHAM DRIVE,,Non-Injury Crash,No,2009,,West,,0,,Flat,,,,,,Bright sun,931500,0,2,0,2,,,0,,,,,,Waikato Region,Nil,2-way,Sealed,,0,0,,50,,Null,0,0,,16,Hamilton City,Give way,,,,,0,0,Urban,0,,,Fine,Null
2035875,5709545,14410,,544300,0,,0,1,,Null,2009/2010,GLADSTONE ROAD,DESMOND ROAD,,Non-Injury Crash,No,2009,,West,,0,,Flat,,,,,,Overcast,1367300,0,0,0,2,,,0,,,,,,Gisborne Region,Nil,2-way,Sealed,,0,0,,50,,Null,0,0,,28,Gisborne District,Give way,,,,,0,0,Urban,1,,,Fine,Null
1769037,5468683,14411,,566000,0,,0,1,,Null,2008/2009,KAPITI ROAD,SH 1N,,Non-Injury Crash,Yes,2009,,East,,0,,Flat,,,,,,Overcast,2003709,0,0,0,2,,,0,,,,,,Wellington Region,Nil,2-way,Sealed,,0,0,,50,,Null,0,0,,43,Kapiti Coast District,Traffic Signals,,,,,0,0,Urban,1,,,Fine,Null
1405519,4921002,14412,,603810,0,,0,0,,South,2008/2009,ISLAY ST,MALVERN ST,,Non-Injury Crash,No,2009,,North,,0,,Hill Road,,,,,,Bright sun,2890300,0,0,0,2,,,0,,,,,,Otago Region,Nil,2-way,Unsealed,,0,0,,50,,Null,2,0,,71,Dunedin City,Nil,,,,,0,0,Urban,0,,,Fine,Null
1769054,5468708,14413,,566000,0,,0,1,,North,2008/2009,SH 1N,KAPITI ROAD,,Non-Injury Crash,Yes,2009,,North,,0,,Flat,,,,,,Overcast,2000400,0,0,0,2,,,0,,,,,,Wellington Region,Nil,2-way,Sealed,,0,0,,50,,Null,0,0,,43,Kapiti Coast District,Nil,,,,,1,0,Urban,0,,,Fine,Null
1756681,5920221,14414,,514102,0,,0,2,,West,2009/2010,COOK ST,NELSON ST,,Non-Injury Crash,No,2009,,West,,0,,Hill Road,,,,,,Dark,432700,0,0,0,4,,,0,,,,,,Auckland Region,Nil,2-way,Sealed,,0,0,,50,,On,0,0,,76,Auckland,Nil,,,,,0,0,Urban,0,,,Fine,Null
1880880,5826532,14415,,536821,0,,0,2,,West,2009/2010,SH 2,TASMAN QUAY,,Non-Injury Crash,Yes,2009,,East,,0,,Flat,,Christmas New Year,,,,Dark,1203800,0,0,0,4,,,0,,,,,,Bay of Plenty Region,Nil,2-way,Sealed,,0,0,,70,,On,0,0,,23,Tauranga City,Traffic Signals,,,,,0,0,Urban,0,,,Fine,Null
2038344,5709321,14416,,544500,0,0,0,1,0,Null,2008/2009,WAITEATA ST,SUNVALE CRESCENT,,Non-Injury Crash,No,2009,0,West,0,0,0,Flat,0,,1,,0,Dark,1381000,0,0,0,2,0,0,0,0,0,,0,0,Gisborne Region,Nil,2-way,Sealed,0,0,0,0,50,0,On,0,0,,28,Gisborne District,Give way,0,0,0,0,0,0,Urban,0,0,0,Fine,Null
1689802,5431652,14417,,580446,0,,0,0,,North,2009/2010,PORT UNDERWOOD ROAD,PHILLIPS ROAD,,Non-Injury Crash,No,2009,,South,,0,,Hill Road,,,,,,Bright sun,2280101,0,0,0,2,,,0,,,,,,Marlborough Region,Nil,2-way,Sealed,,0,0,,50,,Null,2,0,,53,Marlborough District,Nil,,,,,0,0,Urban,0,,,Fine,Null
1695324,5373378,14418,,580801,0,0,0,1,0,Null,2008/2009,SH 1S,ELTERWATER NO 2 BR,,Non-Injury Crash,Yes,2009,0,North,0,0,1,Flat,0,,0,,0,Bright sun,2310100,0,0,0,2,0,0,0,0,0,,0,0,Marlborough Region,Nil,2-way,Sealed,0,0,0,0,100,0,Null,0,0,,53,Marlborough District,Nil,0,0,0,0,0,0,Open,0,0,0,Fine,Null
1761219,5435813,14419,,568602,0,0,0,1,0,Null,2008/2009,CAMBRIDGE TERRACE,CRESSY ST,,Non-Injury Crash,No,2009,0,South,0,0,1,Flat,0,,0,,0,Dark,1971400,0,0,0,2,0,0,0,0,0,,0,1,Wellington Region,Nil,2-way,Sealed,0,0,0,0,50,0,On,0,0,,46,Lower Hutt City,Give way,0,0,0,0,0,0,Urban,0,0,0,Fine,Null
1746075,5918138,14420,,512500,0,,0,2,,Null,2009/2010,EDMONTON ROAD,CENTRAL PARK DRIVE,,Non-Injury Crash,No,2009,,North,,0,,Flat,,,,,,Bright sun,257201,0,0,0,4,,,0,,,,,,Auckland Region,Nil,2-way,Sealed,,0,0,,50,,Off,0,0,,76,Auckland,Traffic Signals,,,,,0,0,Urban,0,,,Fine,Null
1692366,5676258,14421,,551800,0,,0,2,,Null,2009/2010,DAWSON ST,YOUNG ST,,Non-Injury Crash,No,2009,,East,,0,,Hill Road,,,,,,Overcast,1591200,0,0,0,2,,,0,,,,,,Taranaki Region,Nil,2-way,Sealed,,0,0,,50,,Null,0,0,,33,New Plymouth District,Give way,,,,,0,0,Urban,0,,,Fine,Null
1768984,5900766,14422,,525002,0,,0,3,,South,2008/2009,GREAT SOUTH ROAD,WEYMOUTH ROAD,,Non-Injury Crash,No,2009,,South,,0,,Flat,,,,,,Bright sun,752802,0,0,0,2,,,0,,,,,,Auckland Region,Nil,2-way,Sealed,,0,0,,50,,Null,0,0,,76,Auckland,Unknown,,,,,0,0,Urban,0,,,Fine,Null
1761479,5435533,14423,,568602,0,0,0,1,0,Null,2009/2010,ST RONANS AVENUE,ST RONANS ROAD,,Non-Injury Crash,No,2009,0,West,0,0,0,Flat,0,,0,,0,Overcast,1971500,0,0,0,2,0,0,0,0,0,,0,0,Wellington Region,Nil,2-way,Sealed,0,0,0,0,50,0,Null,0,0,,46,Lower Hutt City,Stop,0,1,0,0,0,0,Urban,0,0,0,Fine,Null
1752589,5933605,14424,,508701,0,,0,2,,Null,2009/2010,DON MCKINNON DRIVE,MERCARI WAY,,Non-Injury Crash,No,2009,,North,,0,,Flat,,,,,,Bright sun,178900,0,0,0,2,,,0,,,,,,Auckland Region,Nil,1-way,Sealed,,0,0,,50,,Null,0,0,,76,Auckland,Give way,,,,,0,0,Urban,0,,,Fine,Null
1765104,5910068,14425,,521803,0,,0,2,,South,2009/2010,SH 1N,PRINCES OBR,,Non-Injury Crash,Yes,2009,,South,,0,,Flat,,,,,,Bright sun,790500,0,0,0,4,,,0,,,,,,Auckland Region,Nil,2-way,Sealed,,0,0,,100,,Off,0,0,,76,Auckland,Nil,,,,,0,0,Open,0,,,Fine,Null
1748982,5428438,14426,,573000,0,,0,1,,Null,2008/2009,CUSTOMHOUSE QUAY,WHITMORE ST,,Non-Injury Crash,No,2009,,North,,0,,Flat,,,,,,Overcast,2124300,0,0,0,6,,,0,,,,,,Wellington Region,Nil,2-way,Sealed,,0,0,,50,,Null,1,0,,47,Wellington City,Traffic Signals,,,,,0,0,Urban,0,,,Fine,Null
1749448,5428963,14427,,572900,0,0,0,1,0,East,2008/2009,HINEMOA ST,WATERLOO QUAY,,Non-Injury Crash,No,2009,0,East,0,0,0,Flat,0,,0,,0,Overcast,2118400,0,0,0,2,0,0,0,0,0,,0,0,Wellington Region,Nil,2-way,Sealed,0,0,0,0,50,0,Null,0,1,,47,Wellington City,Nil,0,0,0,0,0,0,Urban,1,1,0,Fine,Null
1747092,5939452,14428,,506300,0,0,0,0,0,South,2008/2009,DAIRY FLAT HIGHWAY,GREEN ROAD,,Non-Injury Crash,No,2009,0,North,0,0,0,Flat,0,,0,,0,Overcast,175904,0,0,0,2,0,0,0,1,0,,0,0,Auckland Region,Nil,2-way,Sealed,0,0,0,0,100,0,Null,0,0,,76,Auckland,Unknown,0,0,0,1,1,0,Open,0,0,0,Light rain,Null
1797250,5817435,14429,,528406,0,,0,2,,Null,2009/2010,SH 1N,CRAWFORD ST,,Non-Injury Crash,Yes,2009,,South,,0,,Flat,,,,,,Bright sun,907601,0,0,0,2,,,0,,,,,,Waikato Region,Nil,1-way,Sealed,,0,0,,80,,Off,0,0,,16,Hamilton City,Give way,,,,,0,0,Open,0,,,Fine,Strong wind
1693061,5675683,14430,,552500,0,,0,2,,South,2009/2010,CARRINGTON ST,GILBERT ST,,Non-Injury Crash,No,2009,,North,,0,,Flat,,,,,,Dark,1569701,0,0,0,2,,,0,,,,,,Taranaki Region,Nil,2-way,Sealed,,0,0,,50,,On,0,0,,33,New Plymouth District,Nil,,,,,0,0,Urban,0,,,Fine,Null