X,Y,OBJECTID,advisorySpeed,areaUnitID,bicycle,bridge,bus,carStationWagon,cliffBank,crashDirectionDescription,crashFinancialYear,crashLocation1,crashLocation2,crashRoadSideRoad,crashSeverity,crashSHDescription,crashYear,debris,directionRoleDescription,ditch,fatalCount,fence,flatHill,guardRail,holiday,houseOrBuilding,intersection,kerb,light,meshblockId,minorInjuryCount,moped,motorcycle,NumberOfLanes,objectThrownOrDropped,otherObject,otherVehicleType,overBank,parkedVehicle,pedestrian,phoneBoxEtc,postOrPole,region,roadCharacter,roadLane,roadSurface,roadworks,schoolBus,seriousInjuryCount,slipOrFlood,speedLimit,strayAnimal,streetLight,suv,taxi,temporarySpeedLimit,tlaId,tlaName,trafficControl,trafficIsland,trafficSign,train,tree,truck,unknownVehicleType,urban,vanOrUtility,vehicle,waterRiver,weatherA,weatherB
1747662,5952374,14431,,506614,0,0,0,0,0,South,2009/2010,WERANUI ROAD,MCCATHIE ROAD,,Non-Injury Crash,No,2009,0,South,0,0,0,Flat,0,,0,,0,Dark,176904,0,0,0,2,0,0,0,0,0,,0,0,Auckland Region,Nil,2-way,Sealed,0,0,0,0,100,0,None,1,0,,76,Auckland,Nil,0,0,0,0,0,0,Open,0,0,1,Fine,Null
1762227,5438665,14432,,569500,0,,0,2,,Null,2008/2009,SH 2,OWEN ST,,Non-Injury Crash,Yes,2009,,North,,0,,Flat,,,,,,Dark,1917500,0,0,0,2,,,0,,,,,,Wellington Region,Nil,1-way,Sealed,,0,0,,100,,On,1,0,,46,Lower Hutt City,Give way,,,,,0,0,Open,0,,,Light rain,Null
1756967,5450113,14433,,571900,0,,0,1,,South,2008/2009,SH 1N,JAMES ST,,Non-Injury Crash,Yes,2009,,South,,0,,Flat,,,,,,Dark,2068700,0,0,0,2,,,1,,,,,,Wellington Region,Nil,2-way,Sealed,,0,0,,50,,On,0,0,,44,Porirua City,Nil,,,,,0,0,Urban,0,,,Fine,Strong wind
1680451,5403199,14434,,581240,0,0,0,1,0,East,2009/2010,STEPHENSON ST,HOULDSWORTH ST,,Non-Injury Crash,No,2009,0,West,0,0,0,Flat,0,,0,,0,Bright sun,2300001,0,0,0,2,0,0,1,0,1,,0,0,Marlborough Region,Nil,2-way,Sealed,0,0,0,0,50,0,Null,0,0,,53,Marlborough District,Nil,0,0,0,0,0,0,Urban,0,0,0,Fine,Null
1752758,5934338,14435,,508701,0,0,0,2,0,North,2009/2010,CORNERSTONE DRIVE,DON MCKINNON DRIVE,,Non-Injury Crash,No,2009,0,South,0,0,0,Flat,0,,0,,0,Dark,179000,0,0,0,2,0,0,0,0,1,,0,0,Auckland Region,Nil,2-way,Sealed,0,0,0,0,50,0,On,0,0,,76,Auckland,Unknown,0,0,0,0,0,0,Urban,0,0,0,Fine,Null
1565139,5178999,14436,,587702,0,1,0,1,0,South,2008/2009,SH 73,BLENHEIM ROAD,,Non-Injury Crash,Yes,2009,0,North,0,0,0,Hill Road,0,,0,,1,Dark,2480400,0,0,0,4,0,0,0,0,0,,0,0,Canterbury Region,Bridge,2-way,Sealed,0,0,0,0,70,0,On,0,0,,60,Christchurch City,Unknown,0,0,0,0,0,0,Urban,0,0,0,Fine,Null
1719553,6047606,14437,,502700,0,,0,1,,South,2008/2009,KAMO ROAD,NIXON ST,,Non-Injury Crash,No,2009,,North,,0,,Flat,,,,,,Bright sun,91800,0,0,0,3,,,0,,,,,,Northland Region,Nil,2-way,Sealed,,0,0,,50,,Off,0,0,,2,Whangarei District,Nil,,,,,0,0,Urban,1,,,Fine,Null
1615754,5423217,14438,,584201,0,,0,0,,Null,2009/2010,SALISBURY ROAD,QUEEN ST,,Non-Injury Crash,No,2009,,South,,0,,Flat,,,,,,Overcast,2361600,0,0,0,2,,,0,,,,,,Tasman Region,Nil,2-way,Sealed,,0,0,,50,,Null,2,0,,51,Tasman District,Give way,,,,,0,0,Urban,0,,,Fine,Null
1749740,5916763,14439,,514801,0,,0,2,,North,2009/2010,ROSEBANK ROAD,COPSEY PLACE,,Non-Injury Crash,No,2009,,North,,0,,Flat,,,,,,Overcast,388700,0,0,0,2,,,0,,,,,,Auckland Region,Nil,2-way,Sealed,,0,0,,50,,Off,0,0,,76,Auckland,Nil,,,,,0,0,Urban,0,,,Fine,Null
1697598,5676914,14440,,551014,0,,0,2,,Null,2008/2009,EGMONT ROAD,BISHOP ROAD,,Non-Injury Crash,No,2009,,South,,0,,Flat,,,,,,Bright sun,1560300,0,0,0,2,,,0,,,,,,Taranaki Region,Nil,2-way,Sealed,,0,0,,100,,Null,0,0,,33,New Plymouth District,Nil,,,,,0,0,Open,1,,,Fine,Null
1768489,5909142,14441,,523113,0,0,0,3,0,Null,2009/2010,SPRINGS ROAD,LADY RUBY DRIVE,,Non-Injury Crash,No,2009,0,South,0,0,0,Flat,0,,0,,0,Dark,711809,0,0,0,4,0,0,0,0,0,,0,0,Auckland Region,Nil,2-way,Sealed,0,0,0,0,50,0,On,0,0,,76,Auckland,Traffic Signals,0,0,0,0,0,0,Urban,0,1,0,Fine,Null
1807122,5556766,14442,,559230,0,0,0,1,0,East,2008/2009,KAKARIKI ROAD,SH 1N,,Non-Injury Crash,No,2009,0,South,0,0,0,Hill Road,0,,0,,0,Overcast,1732200,0,0,0,2,0,0,0,1,0,,0,0,Manawatū-Whanganui Region,Nil,2-way,Sealed,0,0,0,0,100,0,Null,0,0,,38,Rangitikei District,Nil,0,0,0,0,0,0,Open,0,0,0,Light rain,Null
1258849,5004161,14443,,609302,0,,0,2,,West,2008/2009,SH 6A,SUBURB ST,,Non-Injury Crash,Yes,2009,,West,,0,,Flat,,,,,,Overcast,3034500,0,0,0,2,,,0,,,,,,Otago Region,Nil,2-way,Sealed,,0,0,,50,,Null,0,0,,70,Queenstown-Lakes District,Unknown,,,,,0,0,Urban,0,,,Fine,Null
1798382,5815969,14444,,528900,0,,0,2,,North,2009/2010,SH 1N,NORTON ROAD,,Non-Injury Crash,Yes,2009,,South,,0,,Flat,,,,,,Bright sun,915400,0,0,0,2,,,0,,,,,,Waikato Region,Nil,2-way,Sealed,,0,0,,80,,Null,0,0,,16,Hamilton City,Unknown,,,,,0,0,Open,0,,,Fine,Null
1754811,5911419,14445,,519002,0,,0,1,,Null,2008/2009,HILLSBOROUGH ROAD,QUONA AVENUE,,Non-Injury Crash,No,2009,,West,,0,,Flat,,,,,,Bright sun,590500,0,0,0,2,,,0,,,,,,Auckland Region,Nil,2-way,Sealed,,0,0,,50,,Off,0,0,,76,Auckland,Stop,,,,,0,0,Urban,1,,,Fine,Null
1756289,5443881,14446,,571100,0,0,0,2,0,South,2009/2010,HAMPSHIRE ST,MUNGAVIN AVENUE,,Non-Injury Crash,No,2009,0,East,0,0,0,Hill Road,0,,0,,0,Dark,2048500,0,0,0,2,0,0,0,0,1,,0,0,Wellington Region,Nil,2-way,Sealed,0,0,0,0,50,0,On,0,0,,44,Porirua City,Nil,0,0,0,0,0,0,Urban,0,0,0,Light rain,Null
1691934,5674717,14447,,551700,0,0,0,2,0,South,2009/2010,SANDERS AVENUE,LOBB LANE,,Non-Injury Crash,No,2009,0,East,0,0,0,Flat,0,,0,,0,Bright sun,1575400,0,0,0,2,0,0,0,0,1,,0,0,Taranaki Region,Nil,2-way,Sealed,0,0,0,0,50,0,Null,0,0,,33,New Plymouth District,Nil,0,0,0,0,0,0,Urban,0,0,0,Fine,Null
1888872,5814631,14448,,536642,0,,0,3,,West,2009/2010,TE PUKE QUARRY ROAD,ALLEY ROAD,,Non-Injury Crash,No,2009,,South,,0,,Hill Road,,,,,,Dark,1207204,0,0,0,2,,,0,,,,,,Bay of Plenty Region,Nil,2-way,Unsealed,,0,0,,100,,None,0,0,,22,Western Bay of Plenty District,Unknown,,,,,0,0,Open,0,,,Fine,Null
1749157,5426341,14449,,573300,0,0,0,1,0,Null,2009/2010,SH 1N DUFFERIN,PATERSON ST,,Non-Injury Crash,Yes,2009,0,South,0,0,0,Flat,1,,0,,0,Dark,2145602,0,0,0,4,0,0,0,0,0,,0,0,Wellington Region,Nil,2-way,Sealed,0,0,0,0,50,0,On,0,0,,47,Wellington City,Traffic Signals,0,0,0,0,0,0,Urban,0,0,0,Light rain,Null
1663507,5414553,14450,,580446,0,,0,1,,South,2008/2009,SH 6,MOUNT RILEY ROAD,,Non-Injury Crash,Yes,2009,,North,,0,,Flat,,,,,,Bright sun,2286601,0,0,0,2,,,0,,,,,,Marlborough Region,Nil,2-way,Sealed,,0,0,,100,,Null,0,0,,53,Marlborough District,Nil,,,,,0,0,Open,1,,,Fine,Null
1751692,5949637,14451,,505805,0,0,0,2,0,South,2009/2010,BAKEHOUSE LANE,MOANA AVENUE,,Non-Injury Crash,No,2009,0,West,0,0,0,Flat,0,,0,,0,Bright sun,172102,0,0,0,2,0,0,0,0,1,,0,0,Auckland Region,Nil,2-way,Sealed,0,0,0,0,50,0,Off,0,0,,76,Auckland,Nil,0,0,0,0,0,0,Urban,0,0,0,Fine,Null
1867418,5713283,14452,,541720,0,,0,2,,Null,2009/2010,HEUHEU ST,TITIRAUPENGA ST,,Non-Injury Crash,No,2009,,West,,0,,Flat,,,,,,Bright sun,1273700,0,0,0,2,,,0,,,,,,Waikato Region,Nil,2-way,Sealed,,0,0,,50,,Null,0,0,,21,Taupo District,Stop,,,,,0,0,Urban,0,,,Fine,Null
1757705,5920514,14453,,514103,0,0,0,2,0,West,2008/2009,KITCHENER ST,WATERLOO QUADRANT,,Non-Injury Crash,No,2009,0,West,0,0,0,Flat,0,,0,,0,Overcast,437702,0,0,0,2,0,0,0,0,0,,0,0,Auckland Region,Nil,2-way,Sealed,0,0,0,0,50,0,Null,0,0,,76,Auckland,Unknown,0,0,0,0,0,0,Urban,0,1,0,Fine,Null
1754599,5444839,14454,,570800,0,,0,2,,Null,2008/2009,PARUMOANA ST,JELLICOE ST,,Non-Injury Crash,No,2009,,South,,0,,Flat,,,,,,Overcast,2052500,0,0,0,2,,,0,,,,,,Wellington Region,Nil,2-way,Sealed,,0,0,,50,,Null,0,0,,44,Porirua City,Give way,,,,,0,0,Urban,0,,,Fine,Null
1622977,5429393,14455,,583300,0,,0,1,,Null,2008/2009,FRANKLYN ST,WAIMEA ROAD,,Non-Injury Crash,No,2009,,North,,0,,Hill Road,,,,,,Twilight,2324600,0,0,0,2,,,0,,,,,,Nelson Region,Nil,2-way,Sealed,,0,0,,50,,Off,1,0,,52,Nelson City,Give way,,,,,0,0,Urban,0,,,Fine,Null
1569735,5181284,14456,,592200,0,0,0,1,0,North,2009/2010,CARLTON MILL ROAD,HARPER AVENUE,,Non-Injury Crash,No,2009,0,West,0,0,0,Flat,0,,0,,0,Overcast,2676500,0,0,0,4,0,0,0,1,0,,0,0,Canterbury Region,Nil,2-way,Sealed,0,0,0,0,50,0,Null,0,0,,60,Christchurch City,Nil,0,0,0,0,0,0,Urban,0,0,0,Fine,Frost
1614769,5423096,14457,,584202,0,,0,2,,Null,2008/2009,STAIG ST,ALFRED SHEAT ST,,Non-Injury Crash,No,2009,,East,,0,,Flat,,,,,,Overcast,2365100,0,0,0,2,,,0,,,,,,Tasman Region,Nil,2-way,Sealed,,0,0,,50,,Null,0,0,,51,Tasman District,Nil,,,,,0,0,Urban,0,,,Light rain,Null
1820517,5459302,14458,,579400,0,0,0,1,0,East,2008/2009,CORNWALL ROAD,PERRYS ROAD,,Non-Injury Crash,No,2009,0,East,0,0,1,Flat,0,,0,,0,Dark,2262300,0,0,0,2,0,0,0,0,0,,0,0,Wellington Region,Nil,2-way,Sealed,0,0,0,0,100,0,None,0,0,,49,Carterton District,Nil,0,0,0,0,0,0,Open,0,0,0,Fine,Null
1675186,5661993,14459,,551120,0,0,0,2,0,North,2009/2010,SH 45,KAIHIHI ROAD LOWER,,Non-Injury Crash,Yes,2009,0,East,0,0,0,Flat,0,,0,,0,Dark,1553100,0,0,0,2,0,0,0,0,0,,0,0,Taranaki Region,Bridge,2-way,Sealed,0,0,0,0,100,0,None,0,0,,33,New Plymouth District,Nil,0,0,0,0,0,0,Open,0,0,0,Fine,Null
1594070,5458013,14460,,581833,0,0,0,1,0,North,2009/2010,SH 60,RIWAKA VALLEY ROAD,,Non-Injury Crash,Yes,2009,0,South,0,0,0,Hill Road,0,,0,,0,Bright sun,2367001,0,0,0,2,0,0,0,1,0,,0,0,Tasman Region,Nil,2-way,Sealed,0,0,0,0,100,0,Null,0,0,,51,Tasman District,Nil,0,0,0,1,0,0,Open,0,0,0,Fine,Null
1826095,5885902,14461,,533502,0,,0,2,,North,2009/2010,POLLEN ST,SH 25,,Non-Injury Crash,No,2009,,South,,0,,Flat,,,,,,Overcast,1055500,0,0,0,2,,,0,,,,,,Waikato Region,Nil,2-way,Sealed,,0,0,,50,,Null,0,0,,11,Thames-Coromandel District,Stop,,,,,0,0,Urban,0,,,Fine,Strong wind
1770530,5444031,14462,,564510,0,0,0,1,0,South,2009/2010,FERGUSSON DRIVE,CAMP ST,,Non-Injury Crash,No,2009,0,West,0,0,0,Flat,0,,0,,0,Dark,1904900,0,0,0,2,0,1,0,0,0,,0,1,Wellington Region,Nil,2-way,Sealed,0,0,0,0,50,0,On,0,0,,45,Upper Hutt City,Nil,0,0,0,1,0,0,Urban,0,0,0,Light rain,Null
1561682,5177005,14463,,587830,0,,0,2,,South,2008/2009,SH 76,COLUMBIA AVENUE,,Non-Injury Crash,Yes,2009,,South,,0,,Flat,,,,,,Bright sun,2499100,0,0,0,2,,,0,,,,,,Canterbury Region,Nil,2-way,Sealed,,0,0,,70,,Null,0,0,,60,Christchurch City,Nil,,,,,0,0,Urban,0,,,Fine,Null
1931444,5617338,14464,,547200,0,,0,2,,Null,2008/2009,WORCESTER ST,GLOUCESTER ST,,Non-Injury Crash,No,2009,,West,,0,,Flat,,,,,,Bright sun,1457500,0,0,0,2,,,0,,,,,,Hawke's Bay Region,Nil,2-way,Sealed,,0,0,,50,,Null,0,0,,31,Napier City,Give way,,,,,0,0,Urban,0,,,Fine,Null
1750259,5423157,14465,,577000,0,,0,1,,East,2008/2009,LYALL PARADE,ONEPU ROAD,,Non-Injury Crash,No,2009,,East,,0,,Flat,,,,,,Bright sun,2175300,0,0,0,2,,,0,,,,,,Wellington Region,Nil,2-way,Sealed,,0,0,,50,,Null,0,0,,47,Wellington City,Give way,,,,,0,0,Urban,1,,,Fine,Null
1567842,5180178,14466,,590800,0,,0,1,,North,2009/2010,CLARENCE ST,NELSON ST,,Non-Injury Crash,No,2009,,South,,0,,Flat,,,,,,Bright sun,2473500,0,0,0,2,,,0,,,,,,Canterbury Region,Nil,2-way,Sealed,,0,0,,50,,Null,0,0,,60,Christchurch City,Traffic Signals,,,,,0,0,Urban,1,,,Fine,Null
1755679,5434681,14467,,569800,0,0,0,1,0,Null,2009/2010,SH 2,PETONE OFF NBD,,Non-Injury Crash,Yes,2009,0,North,0,0,0,Hill Road,1,,0,,0,Dark,1922202,0,0,0,2,0,0,0,0,0,,0,0,Wellington Region,Nil,2-way,Sealed,0,0,0,0,100,0,On,0,0,,46,Lower Hutt City,Nil,0,0,0,0,0,0,Open,0,0,0,Light rain,Null
1850611,5765860,14468,,535340,0,,0,2,,Null,2008/2009,PAPANUI ST,BRIDGE ST,,Non-Injury Crash,No,2009,,North,,0,,Hill Road,,,,,,Dark,1141700,0,0,0,2,,,0,,,,,,Waikato Region,Nil,2-way,Sealed,,0,0,,50,,On,0,0,,19,South Waikato District,Give way,,,,,0,0,Urban,0,,,Light rain,Null
1842718,5680830,14469,,541000,0,0,0,0,0,West,2009/2010,ROTA ST,NEHI GROVE,,Non-Injury Crash,No,2009,0,West,0,0,0,Flat,0,,0,,0,Bright sun,1285200,0,0,0,2,0,0,0,0,1,,0,0,Waikato Region,Nil,2-way,Sealed,0,0,0,0,50,0,Off,1,0,,21,Taupo District,Nil,0,0,0,0,0,0,Urban,1,0,0,Fine,Null
1887232,5734407,14470,,541335,0,0,0,1,0,South,2009/2010,SH 5,TUTUKAU ROAD,,Non-Injury Crash,Yes,2009,0,South,0,0,1,Hill Road,0,,0,,0,Bright sun,1277201,0,0,0,2,0,0,0,0,0,,0,0,Waikato Region,Nil,1-way,Sealed,0,0,0,0,100,0,Null,0,0,,21,Taupo District,Unknown,0,0,0,0,1,0,Open,0,0,0,Fine,Null
1616991,5424482,14471,,581723,0,,0,1,,South,2008/2009,SH 6,RICHMOND LINK ON NBD,,Non-Injury Crash,Yes,2009,,North,,0,,Flat,,Queens Birthday,,,,Bright sun,2359407,0,0,0,1,,,0,,,,,,Nelson Region,Nil,1-way,Sealed,,0,0,,100,,Null,0,0,,52,Nelson City,Nil,,,,,0,0,Open,0,,,Fine,Strong wind
1748964,5423817,14472,,576302,0,,0,2,,West,2008/2009,EDINBURGH TERRACE,RUSSELL TERRACE,,Non-Injury Crash,No,2009,,North,,0,,Flat,,,,,,Bright sun,2166400,0,0,0,2,,,0,,,,,,Wellington Region,Nil,2-way,Sealed,,0,0,,50,,Null,0,1,,47,Wellington City,Nil,,,,,0,0,Urban,0,,,Fine,Null
1573975,5176482,14473,,591200,0,,0,2,,South,2008/2009,SH 76,CURRIES ROAD,,Non-Injury Crash,Yes,2009,,South,,0,,Flat,,,,,,Overcast,2554002,0,0,0,2,,,0,,,,,,Canterbury Region,Nil,2-way,Sealed,,0,0,,50,,Null,0,0,,60,Christchurch City,Unknown,,,,,1,0,Urban,0,,,Fine,Null
1757529,5920683,14474,,514103,0,0,0,2,0,South,2009/2010,HIGH ST,SHORTLAND ST,,Non-Injury Crash,No,2009,0,North,0,0,0,Flat,0,,0,,0,Overcast,437600,0,0,0,1,0,0,0,0,1,,0,0,Auckland Region,Nil,1-way,Sealed,0,0,0,0,50,0,Null,0,0,,76,Auckland,Nil,0,0,0,0,0,0,Urban,0,0,0,Null,Null
1460527,5082153,14475,,599500,0,,0,2,,Null,2008/2009,SH 1S,NORTH ST,,Non-Injury Crash,Yes,2009,,South,,0,,Hill Road,,,,,,Bright sun,2794800,0,0,0,2,,,0,,,,,,Canterbury Region,Nil,2-way,Sealed,,0,0,,50,,Null,0,0,,64,Timaru District,Traffic Signals,,,,,0,0,Urban,0,,,Fine,Null
1873928,5823397,14476,,536514,0,,0,2,,Null,2009/2010,SH 2,TE PAEROA ROAD,,Non-Injury Crash,Yes,2009,,West,,0,,Flat,,Christmas New Year,,,,Bright sun,1190602,0,0,0,2,,,0,,,,,,Bay of Plenty Region,Nil,2-way,Sealed,,0,0,,50,,None,0,0,,23,Tauranga City,Give way,,,,,0,0,Urban,0,,,Fine,Null
1754194,5916962,14477,,517600,0,,0,1,,North,2009/2010,ST LUKES ROAD,TAYLORS ROAD,,Non-Injury Crash,No,2009,,North,,0,,Flat,,,,,,Bright sun,535100,0,0,0,2,,,0,,,,,,Auckland Region,Nil,2-way,Sealed,,0,0,,50,,Off,1,0,,76,Auckland,Nil,,,,,0,0,Urban,0,,,Fine,Null
1924840,5606661,14478,,548620,0,0,0,1,0,Null,2008/2009,CAERNARVON DRIVE,SWANSEA ROAD,,Non-Injury Crash,No,2009,0,South,0,0,0,Flat,0,,0,,0,Bright sun,1475000,0,0,0,2,0,0,0,0,0,,0,0,Hawke's Bay Region,Nil,2-way,Sealed,0,0,0,0,50,0,Null,0,0,,30,Hastings District,Stop,1,1,0,0,1,0,Urban,0,0,0,Fine,Null
1756800,5919574,14479,,514102,0,,0,2,,Null,2009/2010,PITT ST,POYNTON TERRACE,,Non-Injury Crash,No,2009,,South,,0,,Hill Road,,,,,,Overcast,435500,0,0,0,4,,,0,,,,,,Auckland Region,Nil,2-way,Sealed,,0,0,,50,,Off,0,0,,76,Auckland,Stop,,,,,0,0,Urban,0,,,Fine,Null
1767776,5904283,14480,,524602,0,,0,2,,Null,2009/2010,REDOUBT ROAD,GREAT SOUTH ROAD,,Non-Injury Crash,No,2009,,West,,0,,Flat,,,,,,Overcast,780501,0,0,0,6,,,0,,,,,,Auckland Region,Nil,2-way,Sealed,,0,0,,70,,Off,0,0,,76,Auckland,Traffic Signals,,,,,0,0,Urban,0,,,Light rain,Null
1764498,5904464,14481,,522100,0,,0,2,,West,2009/2010,PUHINUI ROAD,ROSCOMMON ROAD NORTH,,Non-Injury Crash,No,2009,,West,,0,,Flat,,,,,,Overcast,659200,0,0,0,1,,,0,,,,,,Auckland Region,Nil,2-way,Sealed,,0,0,,50,,Off,0,0,,76,Auckland,Give way,,,,,0,0,Urban,0,,,Fine,Null
1759366,5920528,14482,,515902,0,,0,4,,West,2009/2010,TAMAKI DRIVE,SOLENT ST,,Non-Injury Crash,No,2009,,East,,0,,Flat,,,,,,Bright sun,454800,0,0,0,4,,,0,,,,,,Auckland Region,Nil,2-way,Sealed,,0,0,,50,,Off,0,0,,76,Auckland,Nil,,,,,0,0,Urban,0,,,Fine,Null
1749103,5427322,14483,,573101,0,,0,1,,West,2008/2009,WAKEFIELD ST,TORY ST,,Non-Injury Crash,No,2009,,West,,0,,Flat,,,,,,Overcast,2135600,0,0,0,2,,,0,,,,,,Wellington Region,Nil,2-way,Sealed,,0,0,,50,,Null,0,0,,47,Wellington City,Nil,,,,,0,0,Urban,1,,,Fine,Null
1748707,5426711,14484,,573101,0,,0,0,,East,2008/2009,MARTIN SQUARE,TARANAKI ST,,Non-Injury Crash,No,2009,,East,,0,,Flat,,,,,,Overcast,2134800,0,0,0,2,,,0,,,,,,Wellington Region,Nil,2-way,Sealed,,0,0,,50,,Null,1,0,,47,Wellington City,Nil,,,,,0,0,Urban,1,,,Fine,Null
1756030,5912583,14485,,518701,0,0,0,1,0,West,2009/2010,OLSEN AVENUE,EATON ROAD,,Non-Injury Crash,No,2009,0,North,0,0,0,Hill Road,0,,0,,0,Dark,572600,0,0,0,1,0,0,0,0,0,,0,1,Auckland Region,Nil,2-way,Sealed,0,0,0,0,50,0,On,0,0,,76,Auckland,Nil,0,0,0,0,0,0,Urban,0,0,0,Light rain,Null
1799293,5815398,14486,,528900,0,,0,1,,Null,2009/2010,HALL ST,KENT ST,,Non-Injury Crash,No,2009,,West,,0,,Flat,,,,,,Overcast,913600,0,0,0,4,,,0,,,,,,Waikato Region,Nil,2-way,Sealed,,0,0,,50,,Off,1,0,,16,Hamilton City,Traffic Signals,,,,,0,0,Urban,0,,,Fine,Null
1982427,5670522,14487,,545500,0,,0,2,,East,2008/2009,RIVER PARADE,CARROLL ST,,Non-Injury Crash,No,2009,,East,,0,,Flat,,,,,,Dark,1388400,0,0,0,2,,,0,,,,,,Hawke's Bay Region,Nil,2-way,Sealed,,0,0,,50,,On,0,0,,29,Wairoa District,Nil,,,,,0,0,Urban,0,,,Fine,Null
1748502,5427447,14488,,573000,0,,0,1,,West,2008/2009,DIXON ST,WILLIS ST,,Non-Injury Crash,No,2009,,West,,0,,Hill Road,,,,,,Overcast,2130700,0,1,0,2,,,0,,,,,,Wellington Region,Nil,2-way,Sealed,,0,0,,50,,Null,0,0,,47,Wellington City,Nil,,,,,0,0,Urban,0,,,Fine,Null
1680052,5404090,14489,,581230,0,,0,1,,Null,2008/2009,SH 1S,ALFRED ST,,Non-Injury Crash,Yes,2009,,East,,0,,Flat,,,,,,Bright sun,2295000,0,0,0,2,,,0,,,,,,Marlborough Region,Nil,2-way,Sealed,,0,0,,50,,Null,0,0,,53,Marlborough District,Give way,,,,,1,0,Urban,0,,,Fine,Null
1750204,5425936,14490,,576800,0,0,0,1,0,Null,2008/2009,MOXHAM AVENUE,WAITOA ROAD,,Non-Injury Crash,No,2009,0,North,0,0,0,Flat,0,,0,,0,Bright sun,2182100,0,0,0,2,0,0,0,0,1,,0,0,Wellington Region,Nil,2-way,Sealed,0,0,0,0,50,0,Null,1,0,,47,Wellington City,Give way,0,0,0,0,0,0,Urban,0,0,0,Fine,Null
1881778,5780308,14491,,538601,0,0,0,1,0,South,2009/2010,SH 36,TAUI ST,,Non-Injury Crash,Yes,2009,0,South,0,0,0,Flat,0,,1,,1,Overcast,1247000,0,0,0,2,0,0,0,0,0,,0,0,Bay of Plenty Region,Nil,2-way,Sealed,0,0,0,0,50,0,Null,0,0,,24,Rotorua District,Unknown,0,0,0,0,0,0,Urban,0,0,0,Mist or Fog,Null
1772130,5915130,14492,,521501,0,,0,1,,South,2009/2010,PICTON ST,UXBRIDGE ROAD,,Non-Injury Crash,No,2009,,North,,0,,Flat,,,,,,Overcast,652100,0,0,0,2,,,0,,,,,,Auckland Region,Nil,2-way,Sealed,,0,0,,50,,Off,1,0,,76,Auckland,Nil,,,,,0,0,Urban,0,,,Fine,Null
1755988,5917903,14493,,517500,0,0,0,1,0,South,2009/2010,GEORGE ST,TAWARI ST,,Non-Injury Crash,No,2009,0,West,0,0,0,Flat,0,,0,,0,Dark,531100,0,0,0,2,0,0,0,0,0,,0,0,Auckland Region,Nil,2-way,Sealed,0,0,0,0,50,0,On,0,0,,76,Auckland,Nil,0,0,0,1,0,0,Urban,0,0,0,Fine,Null
1750623,5427651,14494,,576700,0,,0,1,,West,2008/2009,ORIENTAL PARADE,CARLTON GORE ROAD,,Non-Injury Crash,No,2009,,East,,0,,Flat,,,,,,Bright sun,2186701,0,0,0,2,,,0,,,,,,Wellington Region,Nil,2-way,Sealed,,0,0,,50,,Null,1,0,,47,Wellington City,Nil,,,,,0,0,Urban,0,,,Fine,Null
1757985,5917166,14495,,515700,0,,0,1,,Null,2009/2010,GILLIES AVENUE,OWENS ROAD,,Non-Injury Crash,No,2009,,South,,0,,Hill Road,,,,,,Dark,457600,0,0,0,4,,,0,,,,,,Auckland Region,Nil,2-way,Sealed,,0,0,,50,,On,0,1,,76,Auckland,Traffic Signals,,,,,1,0,Urban,0,,,Fine,Null
1758018,5920277,14496,,514103,0,,0,2,,Null,2009/2010,SYMONDS ST,WATERLOO QUADRANT,,Non-Injury Crash,No,2009,,East,,0,,Flat,,,,,,Bright sun,438203,0,0,0,2,,,0,,,,,,Auckland Region,Nil,2-way,Sealed,,0,0,,50,,Off,0,0,,76,Auckland,Traffic Signals,,,,,0,0,Urban,0,,,Fine,Null
1708352,5683063,14497,,551302,0,0,0,1,0,North,2009/2010,CLIFTON DRIVE,BAYLY ST,,Non-Injury Crash,No,2009,0,South,0,0,1,Flat,0,,0,,1,Dark,1549904,0,0,0,2,0,0,0,0,0,,0,1,Taranaki Region,Nil,2-way,Sealed,0,0,0,0,50,0,On,0,0,,33,New Plymouth District,Nil,0,0,0,0,0,0,Urban,0,0,0,Heavy rain,Null
1740232,5918782,14498,,513102,0,,0,2,,South,2009/2010,TRAM VALLEY ROAD,CHRISTIAN ROAD,,Non-Injury Crash,No,2009,,North,,0,,Hill Road,,,,,,Bright sun,237700,0,0,0,1,,,0,,,,,,Auckland Region,Nil,2-way,Sealed,,0,0,,50,,Off,0,0,,76,Auckland,Nil,,,,,0,0,Urban,0,,,Fine,Null
1420180,4956062,14499,,601301,0,,0,2,,North,2008/2009,SH 1S,GOODWOOD ROAD,,Minor Crash,Yes,2009,,North,,0,,Flat,,,,,,Overcast,2854100,2,0,0,2,,,0,,,,,,Otago Region,Bridge,2-way,Sealed,,0,0,,100,,Null,1,0,,68,Waitaki District,Unknown,,,,,0,0,Open,0,,,Heavy rain,Null
1694048,5676570,14500,,552001,0,0,0,1,0,Null,2008/2009,SH 3 COURTENAY,HOBSON ST,,Non-Injury Crash,Yes,2009,0,East,0,0,0,Flat,0,,0,,0,Dark,1596500,0,0,0,2,0,0,0,0,0,,0,0,Taranaki Region,Nil,2-way,Sealed,0,0,0,0,50,0,On,0,0,,33,New Plymouth District,Stop,1,1,0,0,0,0,Urban,0,0,0,Fine,Null