X,Y,OBJECTID,advisorySpeed,areaUnitID,bicycle,bridge,bus,carStationWagon,cliffBank,crashDirectionDescription,crashFinancialYear,crashLocation1,crashLocation2,crashRoadSideRoad,crashSeverity,crashSHDescription,crashYear,debris,directionRoleDescription,ditch,fatalCount,fence,flatHill,guardRail,holiday,houseOrBuilding,intersection,kerb,light,meshblockId,minorInjuryCount,moped,motorcycle,NumberOfLanes,objectThrownOrDropped,otherObject,otherVehicleType,overBank,parkedVehicle,pedestrian,phoneBoxEtc,postOrPole,region,roadCharacter,roadLane,roadSurface,roadworks,schoolBus,seriousInjuryCount,slipOrFlood,speedLimit,strayAnimal,streetLight,suv,taxi,temporarySpeedLimit,tlaId,tlaName,trafficControl,trafficIsland,trafficSign,train,tree,truck,unknownVehicleType,urban,vanOrUtility,vehicle,waterRiver,weatherA,weatherB
1451612,5298722,14501,,585120,0,0,0,1,0,South,2008/2009,REID ST,RIGG STREET,,Non-Injury Crash,No,2009,0,South,0,0,0,Flat,0,,0,,1,Dark,2409600,0,0,0,2,0,0,0,0,0,,0,1,West Coast Region,Nil,2-way,Sealed,0,0,0,0,50,0,On,0,0,,56,Grey District,Nil,0,0,0,0,0,0,Urban,0,0,0,Fine,Null
1839144,5680645,14502,,541348,0,,0,0,,West,2009/2010,SH 47,SH 41,,Non-Injury Crash,Yes,2009,,North,,0,,Hill Road,,,,,,Overcast,1288701,0,0,0,2,,,0,,,,,,Waikato Region,Nil,2-way,Sealed,,0,0,,100,,Null,1,0,,21,Taupo District,Unknown,,,,,0,0,Open,0,,,Light rain,Null
1757039,5447999,14503,,572100,0,,0,3,,East,2008/2009,SH 58,PAREMATA,,Non-Injury Crash,Yes,2009,,West,,0,,Flat,,,,,,Bright sun,2071100,0,0,0,2,,,0,,,,,,Wellington Region,Nil,2-way,Sealed,,0,0,,50,,Null,0,0,,44,Porirua City,Nil,,,,,0,0,Urban,1,,,Fine,Null
1916238,5806456,14504,65,536654,0,0,0,1,0,Null,2009/2010,SH 2,WAITAHANUI LANE,,Non-Injury Crash,Yes,2009,0,North,0,0,0,Hill Road,0,,0,,0,Dark,1213200,0,0,0,2,0,0,0,0,0,,0,0,Bay of Plenty Region,Nil,2-way,Sealed,0,0,0,0,100,0,None,0,0,,22,Western Bay of Plenty District,Nil,0,1,0,0,0,0,Open,0,0,0,Fine,Null
1406330,4914076,14505,,604410,0,,0,1,,West,2009/2010,BAY VIEW ROAD,PRINCE ALBERT ROAD,,Non-Injury Crash,No,2009,,West,,0,,Flat,,,,,,Bright sun,2931100,0,0,0,2,,,0,,,,,,Otago Region,Nil,2-way,Sealed,,0,0,,50,,Null,1,0,,71,Dunedin City,Unknown,,,,,0,0,Urban,0,,,Fine,Null
1658362,6092824,14506,,500801,0,1,0,1,0,Null,2009/2010,SH 1N,RANGIAHUA BR,,Non-Injury Crash,Yes,2009,0,South,0,0,0,Flat,0,,0,,0,Bright sun,21400,0,0,0,1,0,0,0,0,0,,0,0,Northland Region,Bridge,2-way,Sealed,0,0,0,0,100,0,Null,0,0,,1,Far North District,Give way,0,0,0,0,0,0,Open,1,0,0,Null,Frost
1762206,5916097,14507,,516302,0,,0,2,,Null,2009/2010,ABBOTTS WAY,GRAND DRIVE,,Non-Injury Crash,No,2009,,East,,0,,Flat,,,,,,Overcast,463601,0,0,0,2,,,0,,,,,,Auckland Region,Nil,2-way,Sealed,,0,0,,50,,Off,0,0,,76,Auckland,Give way,,,,,0,0,Urban,0,,,Fine,Null
1763683,5914376,14508,,520401,0,0,0,1,0,South,2009/2010,BARRACK ROAD,BERTRAND ROAD,,Non-Injury Crash,No,2009,0,North,0,0,0,Hill Road,0,Christmas New Year,1,,1,Bright sun,643200,0,0,0,2,0,0,0,0,0,,0,0,Auckland Region,Nil,2-way,Sealed,0,0,0,0,50,0,Off,0,0,,76,Auckland,Give way,0,0,0,0,0,0,Urban,0,0,0,Fine,Null
1500149,5138648,14509,,597830,0,,0,1,,Null,2008/2009,EAST ST,WALNUT AVENUE,,Non-Injury Crash,No,2009,,North,,0,,Flat,,,,,,Bright sun,2732300,0,0,0,2,,,0,,,,,,Canterbury Region,Nil,2-way,Sealed,,0,0,,50,,Null,0,0,,63,Ashburton District,Give way,,,,,1,0,Urban,0,,,Fine,Null
1790609,5446618,14510,,579803,0,,0,2,,West,2009/2010,SH 2,RIMUTAKA NO6 BR,,Non-Injury Crash,Yes,2009,,West,,0,,Hill Road,,,,,,Overcast,2271902,0,0,0,2,,,0,,,,,,Wellington Region,Nil,2-way,Sealed,,0,0,,100,,Null,0,0,,50,South Wairarapa District,Nil,,,,,0,0,Open,0,,,Fine,Null
1763067,5914888,14511,,520401,0,,0,2,,North,2008/2009,FERNDALE ROAD,MOTU PLACE,,Non-Injury Crash,No,2009,,South,,0,,Flat,,,,,,Dark,643500,0,0,0,2,,,0,,,,,,Auckland Region,Nil,2-way,Sealed,,0,0,,50,,On,0,0,,76,Auckland,Nil,,,,,0,0,Urban,0,,,Fine,Null
1917403,5738068,14512,,542550,0,0,0,1,0,West,2009/2010,SH 38,KIORENUI ROAD,,Non-Injury Crash,Yes,2009,0,East,1,0,0,Hill Road,0,,0,,0,Dark,1330101,0,0,0,2,0,0,0,0,0,,0,0,Bay of Plenty Region,Nil,2-way,Sealed,0,0,0,0,100,0,None,0,0,,25,Whakatane District,Unknown,0,0,0,0,0,0,Open,0,0,0,Fine,Frost
1758734,5918091,14513,,516101,0,0,0,2,0,Null,2009/2010,MIDDLETON ROAD,MAMIE ST,,Non-Injury Crash,No,2009,0,West,0,0,0,Hill Road,0,,0,,0,Overcast,480603,0,0,0,2,0,0,0,0,1,,0,0,Auckland Region,Nil,2-way,Sealed,0,0,0,0,50,0,Off,0,0,,76,Auckland,Nil,0,0,0,0,0,0,Urban,0,0,0,Fine,Null
1606918,5437008,14514,,581833,0,0,0,1,1,South,2009/2010,STAFFORD DRIVE,BLUFF CNR,,Non-Injury Crash,No,2009,0,North,0,0,0,Hill Road,0,,0,,0,Bright sun,2374100,0,0,0,2,0,0,0,0,0,,0,0,Tasman Region,Nil,2-way,Sealed,0,0,0,0,100,0,Null,0,0,,51,Tasman District,Nil,0,0,0,0,0,0,Open,0,0,0,Fine,Null
1700737,5631512,14515,,553700,0,0,0,1,0,South,2008/2009,PALMER ROAD,NEILL ROAD,,Non-Injury Crash,No,2009,0,South,0,0,1,Flat,0,,0,,0,Dark,1657400,0,0,0,2,0,0,0,0,0,,0,0,Taranaki Region,Nil,2-way,Sealed,0,0,0,0,100,0,None,0,0,,35,South Taranaki District,Nil,0,0,0,0,0,0,Open,0,0,0,Fine,Null
1824827,5800059,14516,,535241,0,,0,2,,South,2009/2010,SH 1N,KARAPIRO ROAD,,Non-Injury Crash,Yes,2009,,North,,0,,Flat,,,,,,Dark,1123000,0,0,0,2,,,0,,,,,,Waikato Region,Nil,2-way,Sealed,,0,0,,100,,None,0,0,,17,Waipa District,Nil,,,,,0,0,Open,0,,,Fine,Null
1822564,5531529,14517,,562401,0,,0,4,,South,2008/2009,RUAHINE ST,TREMAINE AVENUE,,Non-Injury Crash,No,2009,,North,,0,,Flat,,,,,,Overcast,1834100,0,0,0,2,,,0,,,,,,Manawatū-Whanganui Region,Nil,2-way,Sealed,,0,0,,50,,Null,0,0,,40,Palmerston North City,Nil,,,,,0,0,Urban,0,,,Light rain,Null
1702903,5675377,14518,,551111,0,0,0,1,0,North,2008/2009,CORBETT ROAD,MANUTAHI ROAD,,Non-Injury Crash,No,2009,1,North,0,0,0,Flat,0,Easter,0,,0,Dark,1563900,0,0,0,2,0,0,0,0,0,,0,0,Taranaki Region,Nil,2-way,Sealed,0,0,0,0,100,0,None,0,0,,33,New Plymouth District,Nil,0,0,0,0,0,0,Open,0,0,0,Fine,Null
1935451,5601449,14519,,545750,0,,0,2,,West,2008/2009,TE MATA ROAD,BLACK BARN ROAD,,Non-Injury Crash,No,2009,,West,,0,,Hill Road,,,,,,Bright sun,1466501,0,0,0,2,,,0,,,,,,Hawke's Bay Region,Nil,2-way,Sealed,,0,0,,50,,Null,0,0,,30,Hastings District,Nil,,,,,0,0,Urban,0,,,Fine,Null
1753717,5926892,14520,,508310,0,,0,2,,South,2009/2010,GLENFIELD ROAD,PARK ROAD,,Non-Injury Crash,No,2009,,South,,0,,Flat,,,,,,Overcast,202502,0,0,0,2,,,0,,,,,,Auckland Region,Nil,2-way,Sealed,,0,0,,50,,Null,0,0,,76,Auckland,Unknown,,,,,0,0,Urban,0,,,Fine,Null
1766596,5441758,14521,,568101,0,0,0,1,0,South,2008/2009,LORD ST,MANOR DRIVE,,Non-Injury Crash,No,2009,0,North,0,0,0,Hill Road,0,,0,,1,Dark,1930001,0,0,0,2,0,0,0,0,1,,0,0,Wellington Region,Nil,2-way,Sealed,0,0,0,0,50,0,None,0,0,,46,Lower Hutt City,Nil,0,0,0,0,0,0,Urban,1,0,0,Fine,Null
1748648,5426579,14522,,573300,0,,0,1,,South,2008/2009,TARANAKI ST,WEBB ST,,Non-Injury Crash,No,2009,,South,,0,,Flat,,,,,,Bright sun,2145300,0,0,0,2,,,1,,,,,,Wellington Region,Nil,2-way,Sealed,,0,0,,50,,Null,0,0,,47,Wellington City,Nil,,,,,0,0,Urban,0,,,Fine,Null
1686502,6030704,14523,45,504502,0,0,0,1,1,East,2009/2010,SH 14,TANGOWAHINE VALLEY ROAD,,Non-Injury Crash,Yes,2009,0,West,0,0,0,Hill Road,0,,0,,0,Overcast,120800,0,0,0,2,0,0,0,0,0,,0,0,Northland Region,Nil,2-way,Sealed,0,0,0,0,100,0,None,0,0,,3,Kaipara District,Nil,0,0,0,0,0,0,Open,0,0,0,Light rain,Null
1933453,5619455,14524,,546400,0,,0,1,,Null,2008/2009,SH 50,TRINITY CRESCENT,,Non-Injury Crash,Yes,2009,,North,,0,,Flat,,,,,,Overcast,1427700,0,0,0,2,,,0,,,,,,Hawke's Bay Region,Nil,2-way,Sealed,,0,0,,50,,Null,0,0,,31,Napier City,Give way,,,,,0,0,Urban,1,,,Light rain,Null
1772610,5896923,14525,,525420,0,,0,2,,North,2009/2010,PORCHESTER ROAD,SUBWAY ROAD,,Non-Injury Crash,No,2009,,North,,0,,Flat,,,,,,Bright sun,792601,0,0,0,2,,,0,,,,,,Auckland Region,Nil,2-way,Sealed,,0,0,,50,,Off,0,0,,76,Auckland,Traffic Signals,,,,,0,0,Urban,0,,,Fine,Null
1744339,5915721,14526,,513013,0,,0,1,,Null,2009/2010,HENDERSON VALLEY ROAD,FOREST HILL ROAD,,Non-Injury Crash,No,2009,,West,,0,,Flat,,,,,,Bright sun,281518,0,0,0,3,,,0,,,,,,Auckland Region,Nil,2-way,Sealed,,0,0,,50,,Null,0,0,,76,Auckland,Give way,,,,,1,0,Urban,0,,,Fine,Null
1406485,4918855,14527,,603601,0,,0,2,,Null,2009/2010,HIGHGATE,CANNINGTON ROAD,,Non-Injury Crash,No,2009,,East,,0,,Hill Road,,,,,,Overcast,2865000,0,0,0,2,,,0,,,,,,Otago Region,Nil,2-way,Sealed,,0,0,,50,,Null,0,0,,71,Dunedin City,Give way,,,,,0,0,Urban,0,,,Fine,Null
1286290,4886595,14528,,610230,0,0,0,1,0,Null,2008/2009,ARDWICK ST,CIVIC AVENUE,,Non-Injury Crash,No,2009,0,South,0,0,0,Flat,0,,0,,0,Bright sun,3061500,0,0,0,2,0,0,0,0,0,,0,1,Southland Region,Nil,2-way,Sealed,0,0,0,0,50,0,Null,0,0,,74,Gore District,Give way,0,0,0,0,0,0,Urban,0,0,0,Fine,Null
1934624,5619252,14529,,546500,0,,0,1,,Null,2009/2010,WYCLIFFE ST,MORRIS SPENCE AVENUE,,Non-Injury Crash,No,2009,,East,,0,,Flat,,,,,,Overcast,1443100,0,0,0,2,,,0,,,,,,Hawke's Bay Region,Nil,2-way,Sealed,,0,0,,50,,Null,0,0,,31,Napier City,Give way,,,,,0,0,Urban,1,,,Fine,Null
1758828,5912107,14530,,519820,0,,0,2,,Null,2008/2009,SELWYN ST,FLEMING ST,,Non-Injury Crash,No,2009,,South,,0,,Flat,,,,,,Dark,601700,0,0,0,4,,,0,,,,,,Auckland Region,Nil,2-way,Sealed,,0,0,,50,,On,0,0,,76,Auckland,Nil,,,,,0,0,Urban,0,,,Fine,Null
1755390,5928952,14531,,508320,0,,0,2,,South,2009/2010,WAIRAU ROAD,TRISTRAM AVENUE,,Non-Injury Crash,No,2009,,North,,0,,Flat,,,,,,Bright sun,198600,0,0,0,4,,,0,,,,,,Auckland Region,Nil,2-way,Sealed,,0,0,,50,,Off,0,0,,76,Auckland,Traffic Signals,,,,,0,0,Urban,0,,,Fine,Null
1498813,5134182,14532,,597730,0,0,0,1,0,South,2008/2009,GRAHAMS ROAD,BOUNDARY ROAD,,Non-Injury Crash,No,2009,0,South,0,0,1,Flat,0,,0,,0,Dark,2743801,0,0,0,2,0,0,0,0,0,,0,0,Canterbury Region,Nil,2-way,Sealed,0,0,0,0,100,0,None,0,0,,63,Ashburton District,Unknown,0,0,0,0,0,0,Open,0,0,0,Fine,Null
1877929,5821386,14533,,538102,0,,0,0,,South,2009/2010,FRASER ST,WILKINSON ST,,Non-Injury Crash,No,2009,,South,,0,,Hill Road,,,,,,Overcast,1170100,0,0,0,2,,,0,,,,,,Bay of Plenty Region,Nil,2-way,Sealed,,0,0,,50,,Null,1,0,,23,Tauranga City,Unknown,,,,,0,0,Urban,1,,,Fine,Null
1775392,5577161,14534,,557100,0,,0,1,,Null,2009/2010,TAUPO QUAY,WILSON ST,,Non-Injury Crash,No,2009,,North,,0,,Flat,,,,,,Overcast,1698900,0,0,0,2,,,0,,,,,,Manawatū-Whanganui Region,Nil,2-way,Sealed,,0,0,,50,,Null,0,0,,37,Whanganui District,Give way,,,,,0,0,Urban,1,,,Fine,Null
1766560,5908115,14535,,523501,0,,0,2,,Null,2009/2010,BAIRDS ROAD,OTARA ROAD,,Non-Injury Crash,No,2009,,West,,0,,Flat,,,,,,Dark,700700,0,0,0,2,,,0,,,,,,Auckland Region,Nil,2-way,Sealed,,0,0,,50,,On,0,0,,76,Auckland,Give way,,,,,0,0,Urban,0,,,Light rain,Null
1759435,5920521,14536,,515902,0,,0,0,,East,2009/2010,TAMAKI DRIVE,SOLENT ST,,Non-Injury Crash,No,2009,,West,,0,,Flat,,,,,,Dark,454800,0,0,0,4,,,0,,,,,,Auckland Region,Nil,2-way,Sealed,,0,0,,50,,On,0,0,,76,Auckland,Unknown,,,,,0,0,Urban,2,,,Fine,Null
1755637,5919873,14537,,514000,0,,0,0,,South,2009/2010,PONSONBY ROAD,LINCOLN ST,,Non-Injury Crash,No,2009,,South,,0,,Flat,,,,,,Bright sun,415000,0,0,0,4,,,0,,,,,,Auckland Region,Nil,2-way,Sealed,,0,0,,50,,Off,1,0,,76,Auckland,Nil,,,,,0,0,Urban,1,,,Fine,Null
1798779,5820409,14538,,529401,0,,0,1,,Null,2009/2010,RIVER ROAD,WAIRERE DRIVE,,Non-Injury Crash,No,2009,,South,,0,,Flat,,Christmas New Year,,,,Bright sun,878601,0,0,0,2,,,0,,,,,,Waikato Region,Nil,2-way,Sealed,,0,0,,50,,Null,0,0,,16,Hamilton City,Give way,,,,,0,0,Urban,1,,,Fine,Null
1748949,5428969,14539,,572900,0,0,0,1,0,East,2008/2009,AITKEN ST,MOLESWORTH ST,,Non-Injury Crash,No,2009,0,East,0,0,0,Flat,0,,0,,0,Bright sun,2121400,0,0,1,2,0,0,0,0,1,,0,0,Wellington Region,Nil,2-way,Sealed,0,0,0,0,50,0,Null,0,0,,47,Wellington City,Nil,0,0,0,0,0,0,Urban,0,0,0,Fine,Null
1760294,5436839,14540,,568402,0,,0,1,,North,2008/2009,CONNOLLY ST,MELLING ROAD,,Non-Injury Crash,No,2009,,South,,0,,Flat,,,,,,Bright sun,1941000,0,0,0,2,,,0,,,,,,Wellington Region,Nil,2-way,Sealed,,0,0,,50,,Null,0,0,,46,Lower Hutt City,Nil,,,,,0,0,Urban,1,,,Fine,Null
1827437,5463978,14541,,578301,0,0,0,0,0,North,2009/2010,TE ORE ORE-BIDEFORD ROAD,MASTERTON CASTLEPOINT ROA,,Non-Injury Crash,No,2009,0,North,0,0,1,Flat,0,,0,,0,Twilight,2254000,0,0,0,2,0,0,0,0,0,,0,0,Wellington Region,Nil,2-way,Sealed,0,0,0,0,100,0,None,1,0,,48,Masterton District,Nil,0,0,0,0,0,0,Open,0,0,0,Fine,Strong wind
1623774,5430723,14542,,582500,0,0,0,2,0,South,2009/2010,TRAFALGAR ST,HARDY ST,,Non-Injury Crash,No,2009,0,South,0,0,0,Flat,0,Christmas New Year,0,,0,Bright sun,2320400,0,0,0,2,0,0,0,0,1,,0,0,Nelson Region,Nil,2-way,Sealed,0,0,0,0,50,0,Null,0,0,,52,Nelson City,Nil,0,0,0,0,0,0,Urban,0,0,0,Fine,Null
1825787,5462276,14543,,578301,0,0,0,1,0,West,2009/2010,Z DWAY 117 OLIVERS,OLIVERS/WATSON,,Non-Injury Crash,No,2009,0,West,0,0,0,Flat,0,,0,,0,Bright sun,2257300,0,0,0,1,0,0,0,0,0,,0,0,Wellington Region,Nil,Off road,Sealed,0,0,0,0,50,0,Null,0,0,,48,Masterton District,Nil,0,0,0,1,0,0,Urban,0,0,0,Fine,Null
1745723,5913594,14544,,511001,0,,0,1,,Null,2009/2010,SOLAR ROAD,LIBRA ST,,Non-Injury Crash,No,2009,,South,,0,,Hill Road,,,,,,Overcast,282810,0,0,0,2,,,0,,,,,,Auckland Region,Nil,2-way,Sealed,,0,0,,50,,Off,0,0,,76,Auckland,Give way,,,,,0,0,Urban,1,,,Fine,Null
1795182,5445629,14545,,580000,0,,0,2,,East,2009/2010,SH 2,DANIELL ST,,Non-Injury Crash,Yes,2009,,West,,0,,Flat,,,,,,Overcast,2269000,0,0,0,2,,,0,,,,,,Wellington Region,Nil,2-way,Sealed,,0,0,,50,,Null,0,0,,50,South Wairarapa District,Nil,,,,,0,0,Urban,0,,,Light rain,Strong wind
1821924,5525947,14546,,561813,0,,0,2,,North,2008/2009,TENNENT DRIVE,SH 57,,Non-Injury Crash,No,2009,,South,,0,,Flat,,,,,,Twilight,1799100,0,0,0,2,,,0,,,,,,Manawatū-Whanganui Region,Nil,2-way,Sealed,,0,0,,100,,None,0,0,,40,Palmerston North City,School Patrol/warden,,,,,0,0,Open,0,,,Fine,Null
1760745,5917511,14547,,516202,0,,0,2,,Null,2008/2009,ORAKEI ROAD,COMBES ROAD,,Non-Injury Crash,No,2009,,South,,0,,Flat,,,,,,Bright sun,490300,0,0,0,2,,,0,,,,,,Auckland Region,Nil,2-way,Sealed,,0,0,,50,,Null,0,0,,76,Auckland,Stop,,,,,0,0,Urban,0,,,Fine,Null
2029487,5714525,14548,,544001,0,,0,1,,North,2008/2009,SH 2,JACKSON ROAD,,Non-Injury Crash,Yes,2009,,North,,0,,Flat,,,,,,Overcast,1358000,0,0,0,2,,,0,,,,,,Gisborne Region,Nil,2-way,Sealed,,0,0,,100,,Null,1,0,,28,Gisborne District,Nil,,,,,0,0,Open,0,,,Fine,Null
1803072,5813664,14549,,530300,0,0,0,1,0,East,2009/2010,SH 1N,GALLOWAY ST,,Non-Injury Crash,Yes,2009,0,West,0,0,0,Flat,0,,0,,0,Bright sun,883200,0,0,0,4,0,0,0,0,0,,0,1,Waikato Region,Nil,2-way,Sealed,0,0,0,0,80,0,Off,0,0,,16,Hamilton City,Nil,0,0,0,0,0,0,Open,0,0,0,Fine,Null
1757828,5920785,14550,,514103,0,0,0,2,0,East,2008/2009,EMILY PLACE,FORT ST,,Non-Injury Crash,No,2009,0,North,0,0,0,Hill Road,0,,0,,0,Overcast,438404,0,0,0,1,0,0,0,0,1,,0,0,Auckland Region,Nil,1-way,Sealed,0,0,0,0,50,0,Null,0,0,,76,Auckland,Unknown,0,0,0,0,0,0,Urban,0,0,0,Fine,Null
1692792,5673461,14551,,552400,0,0,0,1,0,East,2008/2009,DORALTO ROAD,BUDLEIGH ST,,Non-Injury Crash,No,2009,0,East,0,0,0,Hill Road,0,,0,,1,Overcast,1571100,0,0,0,2,0,0,0,0,0,,0,0,Taranaki Region,Nil,2-way,Sealed,0,0,0,0,50,0,Null,0,0,,33,New Plymouth District,Nil,0,0,0,1,0,0,Urban,0,0,0,Fine,Null
1812650,5455601,14552,,579700,0,,0,2,,Null,2009/2010,SH 2,PARK ROAD,,Non-Injury Crash,Yes,2009,,North,,0,,Flat,,,,,,Overcast,2258100,0,0,0,2,,,0,,,,,,Wellington Region,Nil,2-way,Sealed,,0,0,,50,,Null,0,0,,49,Carterton District,Give way,,,,,0,0,Urban,0,,,Fine,Null
1831706,5518943,14553,,577900,0,,0,1,,South,2008/2009,MAKOMAKO ROAD,EISINGS ROAD,,Non-Injury Crash,No,2009,,South,,0,,Flat,,,,,,Overcast,2221500,0,0,0,2,,,0,,,,,,Manawatū-Whanganui Region,Nil,2-way,Sealed,,0,0,,100,,Null,0,0,,41,Tararua District,Nil,,,,,0,0,Open,0,,,Heavy rain,Strong wind
1571370,5180026,14554,,591700,0,,0,3,,South,2009/2010,BARBADOES ST,HEREFORD ST,,Non-Injury Crash,No,2009,,South,,0,,Flat,,,,,,Overcast,2658000,0,0,0,2,,,0,,,,,,Canterbury Region,Nil,1-way,Sealed,,0,0,,50,,Null,0,0,,60,Christchurch City,Unknown,,,,,0,0,Urban,0,,,Fine,Null
1754594,5447981,14555,,570400,0,0,0,1,0,North,2009/2010,JILLETT ST,KAPITI CRESCENT,,Non-Injury Crash,No,2009,0,South,0,0,1,Hill Road,0,,0,,0,Dark,2044300,0,0,0,2,0,0,0,0,0,,0,0,Wellington Region,Nil,2-way,Sealed,0,0,0,0,50,0,On,0,0,,44,Porirua City,Nil,0,0,0,0,0,0,Urban,0,0,0,Fine,Null
1825850,5464146,14556,,579200,0,0,0,1,0,North,2008/2009,RAGLAN ST,ROBERTS ROAD,,Non-Injury Crash,No,2009,0,North,0,0,0,Flat,0,,0,,0,Bright sun,2250400,0,0,0,2,0,0,0,0,0,,0,1,Wellington Region,Nil,2-way,Sealed,0,0,0,0,50,0,Null,0,0,,48,Masterton District,Nil,0,0,0,0,0,0,Urban,0,0,0,Fine,Frost
1754423,5446641,14557,,570600,0,0,0,2,0,West,2009/2010,TE PENE AVENUE,TITAHI BAY ROAD,,Non-Injury Crash,No,2009,0,West,0,0,0,Flat,0,,0,,0,Bright sun,2040200,0,0,0,2,0,0,0,0,1,,0,0,Wellington Region,Nil,2-way,Sealed,0,0,0,0,50,0,Null,0,0,,44,Porirua City,Nil,0,0,0,0,0,0,Urban,0,0,0,Fine,Null
1881253,5822016,14558,,536505,0,0,0,1,0,Null,2009/2010,SH 29,MAUNGATAPU BR N,,Non-Injury Crash,Yes,2009,1,South,0,0,0,Flat,0,,0,,0,Overcast,1205501,0,0,0,2,0,0,0,0,0,,0,0,Bay of Plenty Region,Bridge,2-way,Sealed,0,0,0,0,100,0,Off,0,0,,23,Tauranga City,Nil,0,0,0,0,0,0,Open,0,0,0,Fine,Null
1757221,5926964,14559,,507900,0,,0,2,,Null,2008/2009,ANZAC ST,KILLARNEY ST,,Non-Injury Crash,No,2009,,West,,0,,Hill Road,,,,,,Dark,305000,0,0,0,2,,,0,,,,,,Auckland Region,Nil,2-way,Sealed,,0,0,,50,,On,0,0,,76,Auckland,Traffic Signals,,,,,0,0,Urban,0,,,Heavy rain,Null
1693410,5676224,14560,,551800,0,,0,3,,West,2008/2009,SH 45,GOVER ST,,Non-Injury Crash,Yes,2009,,West,,0,,Flat,,,,,,Bright sun,1594400,0,0,0,2,,,0,,,,,,Taranaki Region,Nil,2-way,Sealed,,0,0,,50,,Null,0,0,,33,New Plymouth District,Nil,,,,,0,0,Urban,0,,,Fine,Null
1867035,5713865,14561,,541720,0,,0,1,,North,2009/2010,TONGARIRO ST,REDOUBT ST,,Non-Injury Crash,No,2009,,North,,0,,Hill Road,,,,,,Bright sun,1275400,0,0,0,2,,,0,,,,,,Waikato Region,Nil,2-way,Sealed,,0,0,,50,,Off,0,0,,21,Taupo District,Nil,,,,,1,0,Urban,0,,,Fine,Null
1749371,5426216,14562,,573400,0,,0,2,,East,2009/2010,SH 1N PATERSON,DUFFERIN ST,,Non-Injury Crash,Yes,2009,,East,,0,,Hill Road,,,,,,Overcast,2143300,0,0,0,4,,,0,,,,,,Wellington Region,Nil,2-way,Sealed,,0,0,,50,,Null,0,0,,47,Wellington City,Nil,,,,,0,0,Urban,0,,,Fine,Null
1748603,5427623,14563,,573000,0,,1,1,,Null,2008/2009,MANNERS ST,WILLIS ST,,Non-Injury Crash,No,2009,,West,,0,,Flat,,,,,,Dark,2128400,0,0,0,2,,,0,,,,,,Wellington Region,Nil,2-way,Sealed,,0,0,,50,,On,0,0,,47,Wellington City,Traffic Signals,,,,,0,0,Urban,0,,,Fine,Null
1881094,5828912,14564,,536810,0,,0,1,,South,2009/2010,TOTARA ST,RATA ST,,Non-Injury Crash,No,2009,,North,,0,,Flat,,Christmas New Year,,,,Bright sun,1202901,0,0,0,2,,,0,,,,,,Bay of Plenty Region,Nil,2-way,Sealed,,0,0,,70,,Null,0,0,,23,Tauranga City,Unknown,,,,,0,0,Urban,2,,,Fine,Null
1623310,5430532,14565,,582700,0,0,0,1,0,South,2008/2009,KONINI ST,GLOUCESTER ST,,Non-Injury Crash,No,2009,0,North,0,0,0,Flat,0,,0,,0,Overcast,2331600,0,0,0,2,0,0,0,0,1,,0,0,Nelson Region,Nil,2-way,Sealed,0,0,0,0,50,0,Null,0,0,,52,Nelson City,Nil,0,0,0,0,0,0,Urban,1,0,0,Fine,Null
1620409,5428081,14566,,583500,0,,0,1,,Null,2009/2010,SH 6,ANNESBROOK DRIVE,,Non-Injury Crash,Yes,2009,,East,,0,,Flat,,,,,,Twilight,2336002,0,0,0,2,,,0,,,,,,Nelson Region,Nil,2-way,Sealed,,0,0,,50,,Off,0,0,,52,Nelson City,Give way,,,,,0,0,Urban,1,,,Fine,Null
1766444,5907620,14567,,523601,0,0,0,1,0,Null,2009/2010,EAST TAMAKI ROAD,OTARA ROAD,,Non-Injury Crash,No,2009,0,West,0,0,0,Flat,0,,0,,0,Bright sun,708500,0,0,0,6,0,0,0,0,0,,0,0,Auckland Region,Nil,2-way,Sealed,0,0,0,0,50,0,Off,0,0,,76,Auckland,Nil,0,1,0,0,1,0,Urban,0,0,0,Fine,Null
1823464,5891794,14568,,533604,0,0,0,1,0,North,2009/2010,SH 25,TARARU CREEK ROAD,,Non-Injury Crash,Yes,2009,0,North,0,0,0,Flat,0,,0,,0,Dark,1057201,0,0,0,2,0,0,0,1,0,,0,0,Waikato Region,Nil,2-way,Sealed,0,0,0,0,100,0,None,0,0,,11,Thames-Coromandel District,Unknown,0,0,0,0,0,0,Open,0,0,0,Heavy rain,Null
1561421,5178712,14569,,587400,0,,0,2,,Null,2008/2009,SH 1S,CHALMERS ST,,Non-Injury Crash,Yes,2009,,East,,0,,Flat,,,,,,Overcast,2488300,0,0,0,6,,,0,,,,,,Canterbury Region,Nil,2-way,Sealed,,0,0,,60,,Null,0,0,,60,Christchurch City,Traffic Signals,,,,,0,0,Urban,0,,,Heavy rain,Null
1744785,5923468,14570,,513521,0,0,0,2,0,West,2009/2010,OREIL AVENUE,MOIRE ROAD,,Non-Injury Crash,No,2009,0,West,0,0,0,Flat,0,,0,,0,Twilight,224238,0,0,0,2,0,0,0,0,1,,0,0,Auckland Region,Nil,2-way,Sealed,0,0,0,0,50,0,Off,0,0,,76,Auckland,Nil,0,0,0,0,0,0,Urban,0,0,0,Fine,Null