X,Y,OBJECTID,advisorySpeed,areaUnitID,bicycle,bridge,bus,carStationWagon,cliffBank,crashDirectionDescription,crashFinancialYear,crashLocation1,crashLocation2,crashRoadSideRoad,crashSeverity,crashSHDescription,crashYear,debris,directionRoleDescription,ditch,fatalCount,fence,flatHill,guardRail,holiday,houseOrBuilding,intersection,kerb,light,meshblockId,minorInjuryCount,moped,motorcycle,NumberOfLanes,objectThrownOrDropped,otherObject,otherVehicleType,overBank,parkedVehicle,pedestrian,phoneBoxEtc,postOrPole,region,roadCharacter,roadLane,roadSurface,roadworks,schoolBus,seriousInjuryCount,slipOrFlood,speedLimit,strayAnimal,streetLight,suv,taxi,temporarySpeedLimit,tlaId,tlaName,trafficControl,trafficIsland,trafficSign,train,tree,truck,unknownVehicleType,urban,vanOrUtility,vehicle,waterRiver,weatherA,weatherB
1759227,5427715,14571,,570300,0,0,0,2,0,South,2008/2009,MARINE PARADE,MURITAI ROAD,,Non-Injury Crash,No,2009,0,South,0,0,0,Flat,0,,0,,0,Bright sun,1983300,0,0,0,2,0,0,0,0,1,,0,0,Wellington Region,Nil,2-way,Sealed,0,0,0,0,50,0,Null,0,0,,46,Lower Hutt City,Nil,0,0,0,0,0,0,Urban,0,0,0,Fine,Null
1936284,5621170,14572,,546901,0,,0,1,,West,2008/2009,THACKERAY ST,STATION ST,,Non-Injury Crash,No,2009,,East,,0,,Flat,,,,,,Overcast,1429500,0,0,0,2,,,0,,,,,,Hawke's Bay Region,Nil,2-way,Sealed,,0,0,,50,,Null,0,0,,31,Napier City,Nil,,,,,0,0,Urban,1,,,Light rain,Null
1262025,5014683,14573,,609031,0,0,0,0,0,North,2008/2009,CORONET PEAK ROAD,SKIPPERS ROAD,,Non-Injury Crash,No,2009,0,South,1,0,0,Hill Road,1,,0,,0,Overcast,3038103,0,0,0,2,0,0,0,0,0,,0,0,Otago Region,Nil,2-way,Sealed,0,0,0,0,70,0,Null,1,0,,70,Queenstown-Lakes District,Unknown,0,0,0,0,0,0,Urban,0,0,0,Light rain,Null
1569195,5185903,14574,,588102,0,0,0,1,0,Null,2008/2009,WINGATE ST,NORRIE ST,,Non-Injury Crash,No,2009,0,South,0,0,0,Flat,0,,0,,0,Dark,2509001,0,0,0,2,0,0,0,0,0,,0,1,Canterbury Region,Nil,2-way,Sealed,0,0,0,0,50,0,On,0,0,,60,Christchurch City,Nil,0,0,0,0,0,0,Urban,0,0,0,Fine,Null
1748740,5427923,14575,,573000,0,,1,0,,Null,2008/2009,CUSTOMHOUSE QUAY,WILLESTON ST,,Non-Injury Crash,No,2009,,West,,0,,Flat,,,,,,Overcast,2127100,0,0,0,2,,,0,,,,,,Wellington Region,Nil,2-way,Sealed,,0,0,,50,,Null,1,0,,47,Wellington City,Traffic Signals,,,,,0,0,Urban,0,,,Fine,Null
1870934,5823482,14576,,536503,0,,0,1,,Null,2009/2010,SH 2,MINDEN ROAD,,Non-Injury Crash,Yes,2009,,West,,0,,Flat,,,,,,Bright sun,1188103,0,0,0,2,,,0,,,,,,Bay of Plenty Region,Nil,2-way,Sealed,,0,0,,80,,Off,1,0,,22,Western Bay of Plenty District,Stop,,,,,0,0,Open,0,,,Fine,Null
1933340,5619322,14577,,547400,0,,0,1,,Null,2008/2009,SH 50,SH 2B,,Non-Injury Crash,Yes,2009,,South,,0,,Flat,,,,,,Bright sun,1448700,0,0,0,2,,,0,,,,,,Hawke's Bay Region,Nil,2-way,Sealed,,0,0,,50,,Null,1,0,,31,Napier City,Give way,,,,,0,0,Urban,0,,,Fine,Null
1763806,5913685,14578,,520402,0,,0,1,,South,2008/2009,MOUNT WELLINGTON HIGHWAY,PENROSE ROAD,,Non-Injury Crash,No,2009,,North,,0,,Flat,,,,,,Overcast,640002,0,0,0,2,,,0,,,,,,Auckland Region,Nil,2-way,Sealed,,0,0,,50,,Off,0,0,,76,Auckland,Nil,,,,,1,0,Urban,0,,,Fine,Null
1748570,5426100,14579,,573300,0,,0,1,,South,2008/2009,WALLACE ST,ROLLESTON ST,,Non-Injury Crash,No,2009,,North,,0,,Flat,,,,,,Overcast,2146800,0,0,0,2,,,0,,,,,,Wellington Region,Nil,2-way,Sealed,,0,0,,50,,Null,1,1,,47,Wellington City,Nil,,,,,0,0,Urban,0,,,Fine,Null
1823712,5464096,14580,,578700,0,,0,2,,Null,2009/2010,VILLA ST,LINCOLN ROAD,,Non-Injury Crash,No,2009,,East,,0,,Flat,,,,,,Bright sun,2238600,0,0,0,2,,,0,,,,,,Wellington Region,Nil,2-way,Sealed,,0,0,,50,,Null,0,0,,48,Masterton District,Stop,,,,,0,0,Urban,0,,,Fine,Null
1803706,5789815,14581,,531002,0,,0,2,,Null,2009/2010,BANK ST,RUTHERFORD ST,,Non-Injury Crash,No,2009,,South,,0,,Flat,,,,,,Dark,972100,0,0,0,2,,,0,,,,,,Waikato Region,Nil,2-way,Sealed,,0,0,,50,,On,0,0,,17,Waipa District,Stop,,,,,0,0,Urban,0,,,Fine,Null
1748787,5949100,14582,,506202,0,,0,0,,South,2009/2010,SH 1N,OREWA ON SBD,,Non-Injury Crash,Yes,2009,,South,,0,,Flat,,,,,,Bright sun,176412,0,0,0,2,,,0,,,,,,Auckland Region,Nil,1-way,Sealed,,0,0,,100,,Null,1,0,,76,Auckland,Unknown,,,,,1,0,Open,0,,,Fine,Null
1767012,5901954,14583,,524720,0,,0,2,,Null,2009/2010,BROWNS ROAD,DALGETY DRIVE,,Non-Injury Crash,No,2009,,West,,0,,Flat,,,,,,Overcast,779500,0,0,0,1,,,0,,,,,,Auckland Region,Nil,2-way,Sealed,,0,0,,50,,Off,0,0,,76,Auckland,Traffic Signals,,,,,0,0,Urban,0,,,Fine,Null
1768920,5468765,14584,,566000,0,,0,2,,Null,2008/2009,KAPITI ROAD,KAPITI LIGHTS,,Non-Injury Crash,No,2009,,North,,0,,Flat,,,,,,Overcast,2003709,0,0,0,2,,,0,,,,,,Wellington Region,Nil,2-way,Sealed,,0,0,,50,,Null,0,0,,43,Kapiti Coast District,Give way,,,,,0,0,Urban,0,,,Light rain,Null
1800081,5816716,14585,,529700,0,,0,2,,Null,2009/2010,VICTORIA ST,ABBOTSFORD ST N,,Non-Injury Crash,No,2009,,South,,0,,Hill Road,,,,,,Bright sun,908300,0,0,0,2,,,0,,,,,,Waikato Region,Nil,2-way,Sealed,,0,0,,50,,Null,0,0,,16,Hamilton City,Give way,,,,,0,0,Urban,0,,,Fine,Null
1786857,5859211,14586,,527210,0,0,0,2,0,Null,2008/2009,SH 1N,HALL ROAD,,Non-Injury Crash,Yes,2009,0,North,0,0,0,Flat,1,,0,,0,Overcast,935700,0,0,0,2,0,0,0,0,0,,0,0,Waikato Region,Nil,2-way,Sealed,0,0,0,0,100,0,Off,0,0,,13,Waikato District,Give way,0,0,0,0,0,0,Open,0,0,0,Fine,Null
1679707,5404385,14587,,581230,0,,0,1,,West,2008/2009,SH 6,HUTCHESON ST,,Non-Injury Crash,Yes,2009,,East,,0,,Flat,,,,,,Overcast,2297400,0,0,0,2,,,0,,,,,,Marlborough Region,Nil,2-way,Sealed,,0,0,,50,,Null,0,0,,53,Marlborough District,Nil,,,,,0,0,Urban,1,,,Light rain,Null
1749878,5425133,14588,,576903,0,,0,2,,North,2009/2010,SH 1N RUAHINE,WELLINGTON ROAD,,Non-Injury Crash,Yes,2009,,South,,0,,Hill Road,,,,,,Overcast,2180601,0,0,0,2,,,0,,,,,,Wellington Region,Nil,2-way,Sealed,,0,0,,50,,Null,0,0,,47,Wellington City,Nil,,,,,0,0,Urban,0,,,Light rain,Null
1764474,5460834,14589,,566200,0,0,0,1,0,North,2008/2009,SH 1N,BEACH ROAD,,Non-Injury Crash,Yes,2009,0,North,0,0,0,Flat,1,,0,,0,Dark,2009600,0,0,0,2,0,0,0,0,0,,0,0,Wellington Region,Nil,2-way,Sealed,0,0,0,0,70,0,On,0,0,,43,Kapiti Coast District,Nil,0,0,0,0,0,0,Urban,0,0,0,Fine,Null
1775401,5578500,14590,,556900,0,,0,2,,Null,2009/2010,INGESTRE ST,SOMME PARADE,,Non-Injury Crash,No,2009,,East,,0,,Flat,,,,,,Overcast,1701000,0,0,0,2,,,0,,,,,,Manawatū-Whanganui Region,Nil,2-way,Sealed,,0,0,,50,,Null,0,0,,37,Whanganui District,Give way,,,,,0,0,Urban,0,,,Fine,Null
1401844,4913619,14591,,605800,0,,0,1,,East,2009/2010,MAIN SOUTH ROAD,ORANGE ST,,Non-Injury Crash,No,2009,,West,,0,,Flat,,,,,,Twilight,2956600,0,0,0,2,,,0,,,,,,Otago Region,Nil,2-way,Sealed,,0,0,,50,,Off,1,0,,71,Dunedin City,Unknown,,,,,0,0,Urban,1,,,Fine,Frost
1949640,5668587,14592,75,545301,0,,0,0,,North,2008/2009,SH 2,KOTEMAORI SETTLEMENT ROAD,,Non-Injury Crash,Yes,2009,,South,,0,,Hill Road,,,,,,Overcast,1393000,0,0,0,2,,,0,,,,,,Hawke's Bay Region,Nil,2-way,Sealed,,0,0,,100,,Null,0,0,,29,Wairoa District,Nil,,,,,1,0,Open,0,,,Fine,Null
1757621,5920865,14593,,514103,0,0,0,1,0,West,2009/2010,CUSTOMS ST EAST,COMMERCE ST,,Non-Injury Crash,No,2009,0,East,0,0,0,Flat,0,,0,,0,Dark,438000,0,0,0,3,0,0,0,0,0,,0,0,Auckland Region,Nil,2-way,Sealed,0,0,0,0,50,0,On,1,1,,76,Auckland,Traffic Signals,0,0,0,0,0,0,Urban,0,1,0,Fine,Null
1756566,5918430,14594,,515600,0,,0,1,,East,2009/2010,NEW NORTH ROAD,PORTERS AVENUE,,Non-Injury Crash,No,2009,,East,,0,,Hill Road,,,,,,Twilight,419704,0,0,0,2,,,0,,,,,,Auckland Region,Nil,2-way,Sealed,,0,0,,50,,On,1,1,,76,Auckland,Nil,,,,,0,0,Urban,0,,,Fine,Null
1823564,5463191,14595,,578700,0,,0,0,,Null,2008/2009,SH 2,RENALL ST,,Non-Injury Crash,Yes,2009,,North,,0,,Flat,,,,,,Bright sun,2237100,0,0,0,2,,,0,,,,,,Wellington Region,Nil,2-way,Sealed,,0,0,,50,,Null,0,0,,48,Masterton District,Give way,,,,,0,0,Urban,2,,,Fine,Null
1747263,5921208,14596,,512300,0,,0,2,,Null,2009/2010,TE ATATU ROAD,GUNNER DRIVE,,Non-Injury Crash,No,2009,,West,,0,,Flat,,,,,,Bright sun,250101,0,0,0,2,,,0,,,,,,Auckland Region,Nil,2-way,Sealed,,0,0,,50,,None,0,0,,76,Auckland,Give way,,,,,0,0,Urban,0,,,Fine,Null
1736233,6056089,14597,,501807,0,0,0,1,0,North,2009/2010,NGUNGURU ROAD,KOPIPI CRESCENT N,,Non-Injury Crash,No,2009,0,East,0,0,0,Flat,0,,0,,0,Dark,62102,0,0,0,2,0,0,0,0,0,,0,0,Northland Region,Nil,2-way,Sealed,0,0,0,0,50,0,On,0,0,,2,Whangarei District,Nil,0,0,0,0,0,0,Urban,1,1,0,Fine,Null
1381181,4970136,14598,,601302,0,0,0,1,0,South,2008/2009,SH 87,HEENEY CRK BR,,Non-Injury Crash,Yes,2009,0,North,0,0,0,Flat,0,,0,,0,Dark,3017000,0,0,0,2,0,0,0,0,0,,0,0,Otago Region,Nil,1-way,Sealed,0,0,0,0,100,0,None,0,0,,71,Dunedin City,Unknown,0,0,0,0,0,0,Open,0,0,0,Fine,Null
1742764,5919591,14599,,513211,0,0,0,1,0,East,2009/2010,LUANDA DRIVE,HAMBLYN PLACE,,Non-Injury Crash,No,2009,0,East,0,0,1,Flat,0,,1,,0,Dark,235717,0,0,0,2,0,0,0,0,0,,0,0,Auckland Region,Nil,2-way,Sealed,0,0,0,0,50,0,On,0,0,,76,Auckland,Nil,0,0,0,0,0,0,Urban,0,0,0,Fine,Null
1767421,5904948,14600,,524603,0,,0,2,,North,2009/2010,GREAT SOUTH ROAD,TE IRIRANGI DRIVE,,Non-Injury Crash,No,2009,,East,,0,,Flat,,,,,,Bright sun,780304,0,0,0,4,,,0,,,,,,Auckland Region,Nil,2-way,Sealed,,0,0,,50,,Off,0,0,,76,Auckland,Traffic Signals,,,,,0,0,Urban,0,,,Fine,Null
1663704,5414936,14601,,580446,0,0,0,1,0,South,2009/2010,SH 6,MOUNT RILEY ROAD,,Non-Injury Crash,Yes,2009,0,South,0,0,1,Flat,0,,0,,0,Dark,2286601,0,0,0,2,0,0,0,0,0,,0,0,Marlborough Region,Nil,2-way,Sealed,0,0,0,0,100,0,On,0,0,,53,Marlborough District,Nil,0,0,0,0,0,0,Open,0,0,0,Fine,Null
1710282,5618927,14602,,554113,0,0,0,1,0,East,2009/2010,TURUTURU ROAD,HAOWHENUA PLACE,,Non-Injury Crash,No,2009,0,East,0,0,1,Flat,0,,0,,0,Dark,1652700,0,0,0,2,0,1,0,0,0,,0,0,Taranaki Region,Nil,2-way,Sealed,0,0,0,0,50,0,None,0,0,,35,South Taranaki District,Nil,0,0,0,0,0,0,Urban,0,0,0,Light rain,Null
1801283,5814623,14603,,529700,0,,1,1,,East,2009/2010,BRIDGE ST,ANGLESEA ST,,Non-Injury Crash,No,2009,,East,,0,,Flat,,,,,,Bright sun,912400,0,0,0,2,,,0,,,,,,Waikato Region,Nil,2-way,Sealed,,0,0,,50,,None,0,0,,16,Hamilton City,Nil,,,,,0,0,Urban,0,,,Fine,Null
1699823,5678855,14604,,550901,0,,0,2,,North,2008/2009,MANGATI ROAD,DEVON ROAD,,Non-Injury Crash,No,2009,,North,,0,,Flat,,,,,,Bright sun,1561900,0,0,0,2,,,0,,,,,,Taranaki Region,Nil,2-way,Sealed,,0,0,,50,,Null,0,0,,33,New Plymouth District,Give way,,,,,0,0,Urban,0,,,Fine,Null
1549001,5308434,14605,45,584703,0,0,0,1,0,West,2008/2009,SH 7,DAWSONS CRK BR,,Non-Injury Crash,Yes,2009,0,West,0,0,0,Hill Road,0,,0,,0,Bright sun,2398300,0,0,0,2,0,0,0,1,0,,0,0,West Coast Region,Nil,2-way,Sealed,0,0,0,0,100,0,Null,0,0,,55,Buller District,Unknown,0,0,0,0,0,0,Open,0,0,0,Snow,Frost
1890457,5738330,14606,,538842,0,0,0,1,0,Null,2008/2009,HOMESTEAD ROAD,HALCROW ROAD,,Non-Injury Crash,No,2009,0,East,1,0,0,Flat,0,,0,,0,Overcast,1261200,0,0,0,2,0,0,0,0,0,,0,0,Waikato Region,Nil,2-way,Sealed,0,0,0,0,100,0,Null,0,0,,24,Rotorua District,Give way,0,0,0,0,0,0,Open,0,0,0,Fine,Null
1758701,5911597,14607,,519810,0,,0,3,,North,2009/2010,SH 20,ONEHUNGA ON SBD,,Non-Injury Crash,Yes,2009,,South,,0,,Flat,,,,,,Bright sun,602501,0,0,0,2,,,0,,,,,,Auckland Region,Nil,1-way,Sealed,,0,0,,80,,Off,0,1,,76,Auckland,Nil,,,,,0,0,Open,0,,,Fine,Null
1811029,5454974,14608,,579700,0,0,0,0,0,South,2008/2009,LINCOLN ROAD,BROOKLYN ROAD,,Non-Injury Crash,No,2009,0,South,0,0,0,Flat,0,,0,,0,Dark,2259900,0,0,0,2,0,0,0,0,0,,0,0,Wellington Region,Nil,2-way,Sealed,0,0,0,0,70,0,None,1,0,,49,Carterton District,Nil,0,0,0,1,0,0,Urban,0,0,0,Heavy rain,Strong wind
1772823,5896003,14609,,525410,0,,0,1,,East,2009/2010,OPAHEKE ROAD,GREAT SOUTH ROAD,,Non-Injury Crash,No,2009,,South,,0,,Flat,,,,,,Bright sun,793400,0,0,0,2,,,0,,,,,,Auckland Region,Nil,2-way,Sealed,,0,0,,50,,Null,0,0,,76,Auckland,Nil,,,,,0,0,Urban,1,,,Fine,Null
1741906,5428602,14610,,577700,0,,0,1,,South,2008/2009,SOUTH MAKARA ROAD,MAKARA ROAD,,Non-Injury Crash,No,2009,,North,,0,,Flat,,,,,,Bright sun,2116801,0,0,0,2,,,0,,,,,,Wellington Region,Nil,2-way,Sealed,,0,0,,50,,Null,0,0,,47,Wellington City,Nil,,,,,0,0,Urban,1,,,Fine,Null
1767236,5901306,14611,,524720,0,,0,1,,Null,2009/2010,RUSSELL ROAD,SWALLOW DRIVE,,Non-Injury Crash,No,2009,,West,,0,,Flat,,,,,,Overcast,777502,0,0,0,2,,,0,,,,,,Auckland Region,Nil,2-way,Sealed,,0,0,,50,,Off,1,0,,76,Auckland,Give way,,,,,0,0,Urban,0,,,Fine,Null
1805919,5448365,14612,,579900,0,,0,2,,Null,2008/2009,EAST ST,HOSPITAL ROAD,,Non-Injury Crash,No,2009,,North,,0,,Flat,,,,,,Overcast,2267400,0,0,0,2,,,0,,,,,,Wellington Region,Nil,2-way,Sealed,,0,0,,50,,Null,0,0,,50,South Wairarapa District,Stop,,,,,0,0,Urban,0,,,Fine,Null
1757810,5918192,14613,,515700,0,,0,2,,South,2009/2010,SH 1N,MOUNTAIN OBR,,Non-Injury Crash,Yes,2009,,South,,0,,Flat,,,,,,Overcast,443200,0,0,0,5,,,0,,,,,,Auckland Region,Nil,1-way,Sealed,,0,0,,80,,Null,0,0,,76,Auckland,Unknown,,,,,0,0,Open,0,,,Fine,Null
1759984,5912440,14614,,520000,0,0,0,1,0,East,2009/2010,GROTTO ST,ALFRED ST,,Non-Injury Crash,No,2009,0,East,0,0,1,Flat,0,,0,,0,Dark,606800,0,0,0,2,0,1,0,0,0,,0,0,Auckland Region,Nil,2-way,Sealed,0,0,0,0,50,0,On,0,0,,76,Auckland,Nil,0,0,0,0,0,0,Urban,0,0,0,Fine,Null
2037107,5709623,14615,,544200,0,,0,1,,South,2008/2009,WI PERE ST,STOUT ST,,Non-Injury Crash,No,2009,,North,,0,,Flat,,,,,,Overcast,1379300,0,0,0,2,,,0,,,,,,Gisborne Region,Nil,2-way,Sealed,,0,0,,50,,Null,0,0,,28,Gisborne District,Nil,,,,,0,0,Urban,1,,,Fine,Null
1620919,5430068,14616,,583100,0,0,0,1,0,South,2009/2010,SH 6,BISLEY AVENUE,,Non-Injury Crash,Yes,2009,0,South,0,0,0,Flat,0,,0,,0,Bright sun,2334500,0,0,0,5,0,0,0,0,0,,1,1,Nelson Region,Nil,2-way,Sealed,0,0,0,0,50,0,Null,0,0,,52,Nelson City,Traffic Signals,0,0,0,0,0,0,Urban,1,0,0,Fine,Null
1242405,4850288,14617,,610800,0,,0,2,,North,2008/2009,SH 6 DEE ST,GALA ST,,Non-Injury Crash,Yes,2009,,South,,0,,Flat,,,,,,Overcast,3116100,0,0,0,4,,,0,,,,,,Southland Region,Nil,2-way,Sealed,,0,0,,50,,Null,0,0,,75,Invercargill City,Unknown,,,,,0,0,Urban,0,,,Fine,Null
1772368,5445201,14618,,567300,0,,0,2,,Null,2008/2009,FERGUSSON DRIVE,WARD ST,,Non-Injury Crash,No,2009,,West,,0,,Flat,,,,,,Overcast,1893700,0,0,0,2,,,0,,,,,,Wellington Region,Nil,2-way,Sealed,,0,0,,50,,Null,0,0,,45,Upper Hutt City,Give way,,,,,0,0,Urban,0,,,Fine,Null
1919881,5644588,14619,,545811,0,0,0,0,0,North,2009/2010,SH 5,GLENGARRY ROAD,,Non-Injury Crash,Yes,2009,0,North,0,0,0,Hill Road,0,,0,,0,Overcast,1414600,0,0,0,2,0,0,0,0,0,,0,0,Hawke's Bay Region,Nil,2-way,Sealed,0,0,0,0,100,0,Null,1,0,,30,Hastings District,Nil,0,0,0,1,0,0,Open,0,0,0,Fine,Null
1665886,6094580,14620,,501633,0,0,0,1,0,East,2009/2010,SH 1N,PUKETI ROAD,,Non-Injury Crash,Yes,2009,0,West,0,0,0,Hill Road,0,,0,,0,Dark,32100,0,0,0,2,0,0,0,1,0,,0,0,Northland Region,Nil,2-way,Sealed,0,0,0,0,100,0,Off,0,0,,1,Far North District,Unknown,0,0,0,0,0,0,Open,0,0,0,Light rain,Null
1763609,5429482,14621,,565300,0,,0,2,,Null,2008/2009,MOOHAN ST,MAIN ROAD,,Non-Injury Crash,No,2009,,South,,0,,Flat,,,,,,Overcast,2023600,0,0,0,2,,,0,,,,,,Wellington Region,Nil,2-way,Sealed,,0,0,,50,,Null,0,0,,46,Lower Hutt City,Give way,,,,,0,0,Urban,0,,,Fine,Null
1292651,4898806,14622,,610032,0,0,0,1,0,Null,2008/2009,WAIKAKA ROAD,GLENKENICH ROAD,,Non-Injury Crash,No,2009,0,North,0,0,1,Flat,0,Christmas New Year,0,,0,Overcast,3051300,0,0,0,2,0,0,0,0,0,,0,0,Southland Region,Nil,2-way,Sealed,0,0,0,0,100,0,Null,0,0,,74,Gore District,Give way,0,0,0,0,0,0,Open,0,0,0,Heavy rain,Null
1751326,5435012,14623,,573700,0,0,0,1,0,West,2008/2009,FRANKMOORE AVENUE,MOOREFIELD ROAD,,Non-Injury Crash,No,2009,0,North,0,0,0,Flat,0,,0,,0,Bright sun,2082200,0,0,0,2,0,0,0,0,1,,0,0,Wellington Region,Nil,2-way,Sealed,0,0,0,0,50,0,Null,0,0,,47,Wellington City,Nil,0,0,0,0,0,0,Urban,1,0,0,Fine,Null
1750281,5426790,14624,,573400,0,,0,2,,East,2008/2009,ALEXANDRA LOOKOUT ROAD,ALEXANDRA MEMORIAL ROAD,,Non-Injury Crash,No,2009,,South,,0,,Flat,,,,,,Overcast,2139604,0,0,0,0,,,0,,,,,,Wellington Region,Nil,Off road,Sealed,,0,0,,50,,Null,0,0,,47,Wellington City,Nil,,,,,0,0,Urban,0,,,Light rain,Strong wind
1841062,5919649,14625,,533000,0,0,0,1,0,North,2009/2010,ALBERT ST,DUNDAS ST,,Non-Injury Crash,No,2009,0,East,0,0,0,Flat,0,,0,,0,Twilight,1046604,0,0,0,2,0,0,0,0,1,,0,0,Waikato Region,Nil,2-way,Sealed,0,0,0,0,50,0,On,1,0,,11,Thames-Coromandel District,Nil,0,0,0,0,0,0,Urban,0,0,0,Fine,Null
1571288,5177326,14626,,594600,0,,0,2,,Null,2008/2009,SOUTHAMPTON ST,CROYDON ST,,Non-Injury Crash,No,2009,,West,,0,,Flat,,,,,,Overcast,2623300,0,0,0,2,,,0,,,,,,Canterbury Region,Nil,2-way,Sealed,,0,0,,50,,Null,0,0,,60,Christchurch City,Give way,,,,,0,0,Urban,0,,,Fine,Null
1765438,5441673,14627,,569500,0,,0,1,,Null,2009/2010,SH 2,SH 58,,Non-Injury Crash,Yes,2009,,North,,0,,Flat,,,,,,Overcast,1917200,0,0,0,2,,,0,,,,,,Wellington Region,Nil,2-way,Sealed,,0,0,,100,,Null,1,0,,46,Lower Hutt City,Traffic Signals,,,,,0,0,Open,0,,,Light rain,Null
1417916,4947777,14628,,601400,0,,0,2,,Null,2008/2009,BEACH ST,COLLINS ST,,Non-Injury Crash,No,2009,,East,,0,,Hill Road,,,,,,Overcast,2855601,0,0,0,2,,,0,,,,,,Otago Region,Nil,2-way,Sealed,,0,0,,50,,Null,0,0,,71,Dunedin City,Give way,,,,,0,0,Urban,0,,,Fine,Null
1561275,5178678,14629,,587400,0,,0,2,,West,2008/2009,SH 1S,CHALMERS ST,,Non-Injury Crash,Yes,2009,,East,,0,,Flat,,,,,,Bright sun,2488300,0,0,0,2,,,0,,,,,,Canterbury Region,Nil,2-way,Sealed,,0,0,,50,,Null,0,0,,60,Christchurch City,Unknown,,,,,0,0,Urban,0,,,Fine,Null
1936945,5621682,14630,,546802,0,,0,1,,Null,2008/2009,HASTINGS ST,BROWNING ST,,Non-Injury Crash,No,2009,,North,,0,,Flat,,,,,,Bright sun,1423400,0,0,0,2,,,0,,,,,,Hawke's Bay Region,Nil,2-way,Sealed,,0,0,,50,,Null,0,0,,31,Napier City,Give way,,,,,0,0,Urban,1,,,Fine,Null
1709721,5616819,14631,,554020,0,0,0,3,0,North,2008/2009,ARGYLE ST,SH 3 SOUTH,,Non-Injury Crash,No,2009,0,South,0,0,0,Flat,0,,0,,0,Bright sun,1648500,0,0,0,2,0,0,0,0,1,,0,0,Taranaki Region,Nil,2-way,Sealed,0,0,0,0,50,0,Null,0,0,,35,South Taranaki District,Nil,0,0,0,0,0,0,Urban,0,0,0,Fine,Null
1768222,5913822,14632,,523000,0,,0,3,,West,2009/2010,PAKURANGA ROAD,GOSSAMER DRIVE,,Non-Injury Crash,No,2009,,West,,0,,Hill Road,,,,,,Bright sun,690700,0,0,0,4,,,0,,,,,,Auckland Region,Nil,2-way,Sealed,,0,0,,60,,Off,0,0,,76,Auckland,Nil,,,,,0,0,Urban,0,,,Fine,Null
1756527,5918905,14633,,514200,0,,0,2,,Null,2009/2010,PIWAKAWAKA ST,NEWTON ROAD,,Non-Injury Crash,No,2009,,North,,0,,Hill Road,,,,,,Bright sun,412800,0,0,0,2,,,0,,,,,,Auckland Region,Nil,2-way,Sealed,,0,0,,50,,Null,0,0,,76,Auckland,Traffic Signals,,,,,0,0,Urban,0,,,Fine,Null
1744339,5915721,14634,,513013,0,,0,1,,Null,2009/2010,HENDERSON VALLEY ROAD,FOREST HILL ROAD,,Non-Injury Crash,No,2009,,West,,0,,Flat,,,,,,Bright sun,281518,0,0,0,2,,,0,,,,,,Auckland Region,Nil,2-way,Sealed,,0,0,,50,,Off,0,0,,76,Auckland,Give way,,,,,1,0,Urban,0,,,Fine,Null
1680014,5403786,14635,,581230,0,,0,2,,Null,2009/2010,MAIN ST,SYMONS ST,,Non-Injury Crash,No,2009,,East,,0,,Flat,,,,,,Overcast,2299400,0,0,0,2,,,0,,,,,,Marlborough Region,Nil,2-way,Sealed,,0,0,,50,,Null,0,0,,53,Marlborough District,Give way,,,,,0,0,Urban,0,,,Fine,Null
1757569,5918498,14636,,514302,0,,0,2,,North,2009/2010,SH 1N,KHYBER PASS ON SBD,,Non-Injury Crash,Yes,2009,,South,,0,,Flat,,,,,,Bright sun,442100,0,0,0,4,,,0,,,,,,Auckland Region,Nil,1-way,Sealed,,0,0,,80,,Off,0,0,,76,Auckland,Nil,,,,,0,0,Open,0,,,Fine,Null
1751046,5914886,14637,,514402,0,0,0,2,0,East,2009/2010,GREAT NORTH ROAD,LARCH ST,,Non-Injury Crash,No,2009,0,West,0,0,0,Flat,0,,0,,0,Dark,381200,0,0,0,2,0,1,0,0,0,,0,0,Auckland Region,Nil,2-way,Sealed,0,0,0,0,50,0,On,0,0,,76,Auckland,Nil,0,0,0,0,0,0,Urban,0,1,0,Fine,Null
1800764,5817315,14638,,529800,0,,0,1,,West,2008/2009,FAIRFIELD ROAD,HEAPHY TERRACE,,Non-Injury Crash,No,2009,,East,,0,,Flat,,,,,,Twilight,869800,0,0,0,2,,,0,,,,,,Waikato Region,Nil,2-way,Sealed,,0,0,,50,,Off,0,0,,16,Hamilton City,Nil,,,,,0,0,Urban,0,,,Fine,Null
1756492,5443894,14639,,571100,0,,0,0,,East,2008/2009,MUNGAVIN AVENUE,BEDFORD ST E,,Non-Injury Crash,No,2009,,West,,0,,Flat,,,,,,Dark,2048300,0,0,0,2,,,0,,,,,,Wellington Region,Nil,2-way,Sealed,,0,0,,50,,On,1,0,,44,Porirua City,Nil,,,,,0,0,Urban,1,,,Light rain,Null
1754799,5447046,14640,,570500,0,0,0,1,0,North,2009/2010,MAIN ROAD,ONEPOTO ROAD,,Non-Injury Crash,No,2009,0,North,0,0,0,Flat,0,,0,,0,Overcast,2045300,0,0,0,2,0,0,0,0,1,,0,0,Wellington Region,Nil,2-way,Sealed,0,0,0,0,50,0,Null,0,0,,44,Porirua City,Nil,0,0,0,1,0,0,Urban,1,0,0,Fine,Null