X,Y,OBJECTID,advisorySpeed,areaUnitID,bicycle,bridge,bus,carStationWagon,cliffBank,crashDirectionDescription,crashFinancialYear,crashLocation1,crashLocation2,crashRoadSideRoad,crashSeverity,crashSHDescription,crashYear,debris,directionRoleDescription,ditch,fatalCount,fence,flatHill,guardRail,holiday,houseOrBuilding,intersection,kerb,light,meshblockId,minorInjuryCount,moped,motorcycle,NumberOfLanes,objectThrownOrDropped,otherObject,otherVehicleType,overBank,parkedVehicle,pedestrian,phoneBoxEtc,postOrPole,region,roadCharacter,roadLane,roadSurface,roadworks,schoolBus,seriousInjuryCount,slipOrFlood,speedLimit,strayAnimal,streetLight,suv,taxi,temporarySpeedLimit,tlaId,tlaName,trafficControl,trafficIsland,trafficSign,train,tree,truck,unknownVehicleType,urban,vanOrUtility,vehicle,waterRiver,weatherA,weatherB
1932440,5602075,14641,,548831,0,0,0,0,0,North,2009/2010,KARANEMA DRIVE,HAVELOCK ROAD,,Non-Injury Crash,No,2009,0,North,0,0,0,Flat,0,,0,,0,Dark,1509600,0,0,0,2,0,0,0,0,0,,0,0,Hawke's Bay Region,Nil,2-way,Sealed,0,0,0,0,50,0,On,1,0,,30,Hastings District,Nil,1,0,0,0,0,0,Urban,0,0,0,Fine,Strong wind
1569245,5177198,14642,,594800,0,,0,2,,Null,2008/2009,BARRINGTON ST,ATHELSTAN ST,,Non-Injury Crash,No,2009,,South,,0,,Flat,,,,,,Dark,2641800,0,0,0,2,,,0,,,,,,Canterbury Region,Nil,2-way,Sealed,,0,0,,50,,On,0,0,,60,Christchurch City,Traffic Signals,,,,,0,0,Urban,0,,,Light rain,Null
1766044,5439973,14643,,568102,0,0,0,2,0,Null,2009/2010,GEORGE ST,EVANS ST,,Non-Injury Crash,No,2009,0,North,0,0,0,Flat,0,,0,,0,Dark,1932000,0,0,0,2,0,0,0,0,1,,0,0,Wellington Region,Nil,2-way,Sealed,0,0,0,0,50,0,On,0,0,,46,Lower Hutt City,Nil,0,0,0,0,0,0,Urban,0,0,0,Fine,Null
1928994,5604093,14644,,547900,0,,0,2,,West,2009/2010,GASCOIGNE ST,RAILWAY ROAD,,Non-Injury Crash,No,2009,,West,,0,,Flat,,,,,,Bright sun,1482500,0,0,0,2,,,0,,,,,,Hawke's Bay Region,Nil,2-way,Sealed,,0,0,,50,,Null,0,0,,30,Hastings District,Nil,,,,,0,0,Urban,0,,,Fine,Null
1773360,5446295,14645,,567400,0,,0,0,,West,2009/2010,SH 2 RIVER,GIBBONS ST,,Non-Injury Crash,Yes,2009,,West,,0,,Flat,,Christmas New Year,,,,Overcast,1885700,0,0,0,2,,,0,,,,,,Wellington Region,Nil,2-way,Sealed,,0,0,,100,,Null,1,0,,45,Upper Hutt City,Nil,,,,,1,0,Open,0,,,Fine,Null
1646037,6081525,14646,,500600,0,0,0,1,0,North,2008/2009,PARNELL ST,DE THIERRY ST,,Non-Injury Crash,No,2009,0,South,0,0,1,Hill Road,0,,0,,0,Dark,24000,0,0,0,2,0,0,0,1,0,,0,0,Northland Region,Nil,2-way,Sealed,0,0,0,0,50,0,None,0,0,,1,Far North District,Nil,0,0,0,0,0,0,Urban,0,0,0,Heavy rain,Null
1930992,5606134,14647,,548000,0,0,0,1,0,North,2008/2009,MAYFAIR AVENUE,CAROLINE ROAD,,Non-Injury Crash,No,2009,0,East,0,0,0,Flat,0,,0,,0,Dark,1495500,0,0,0,2,0,0,0,0,1,,0,0,Hawke's Bay Region,Nil,2-way,Sealed,0,0,0,0,50,0,On,0,0,,30,Hastings District,Nil,0,0,0,0,0,0,Urban,1,0,0,Fine,Null
1875148,5560391,14648,,549800,0,0,0,1,0,North,2008/2009,SH 2,ODIN ST,,Non-Injury Crash,Yes,2009,0,South,0,0,0,Flat,0,,0,,0,Dark,1534600,0,0,0,2,0,0,0,0,0,,0,0,Manawatū-Whanganui Region,Nil,2-way,Sealed,0,0,0,0,100,0,None,0,0,,41,Tararua District,Nil,0,0,0,0,0,0,Open,0,0,0,Fine,Null
1695326,5677320,14649,,552100,0,,0,2,,Null,2009/2010,BARRIBALL ST,SACKVILLE ST,,Non-Injury Crash,No,2009,,South,,0,,Flat,,,,,,Bright sun,1599100,0,0,0,2,,,0,,,,,,Taranaki Region,Nil,2-way,Sealed,,0,0,,50,,Null,0,0,,33,New Plymouth District,Give way,,,,,0,0,Urban,0,,,Fine,Null
1620106,5427946,14650,,583500,0,0,0,1,0,Null,2008/2009,SH 6,QUARANTINE ROAD,,Non-Injury Crash,Yes,2009,0,East,0,0,0,Flat,0,,0,,0,Dark,2336001,0,0,0,2,0,0,0,0,0,,0,0,Nelson Region,Nil,2-way,Sealed,0,0,0,0,70,0,On,0,0,,52,Nelson City,Give way,1,0,0,1,0,0,Urban,0,0,0,Fine,Null
1817119,5815574,14651,,527131,0,0,0,1,0,North,2008/2009,SCOTSMANS VALLEY ROAD,HIWI ROAD,,Non-Injury Crash,No,2009,0,North,0,0,1,Flat,0,,0,,0,Unknown,957700,0,0,0,2,0,0,0,0,0,,0,0,Waikato Region,Nil,2-way,Sealed,0,0,0,0,100,0,None,0,0,,13,Waikato District,Nil,0,0,0,0,0,0,Open,0,0,0,Fine,Null
1692938,5676482,14652,,551800,0,,0,2,,West,2009/2010,SH 44,LIARDET ST,,Non-Injury Crash,Yes,2009,,West,,0,,Hill Road,,,,,,Bright sun,1592300,0,0,0,4,,,0,,,,,,Taranaki Region,Nil,2-way,Sealed,,0,0,,50,,Null,0,0,,33,New Plymouth District,Nil,,,,,0,0,Urban,0,,,Fine,Null
1749061,5429129,14653,,572900,0,,0,1,,Null,2009/2010,PIPITEA ST,MULGRAVE ST,,Non-Injury Crash,No,2009,,West,,0,,Flat,,,,,,Bright sun,2119200,0,0,0,2,,,0,,,,,,Wellington Region,Nil,2-way,Sealed,,0,0,,50,,Null,1,0,,47,Wellington City,Traffic Signals,,,,,0,0,Urban,0,,,Fine,Null
1800377,5815848,14654,,529700,0,,0,2,,Null,2009/2010,ANGLESEA ST,ROSTREVOR ST,,Non-Injury Crash,No,2009,,South,,0,,Flat,,,,,,Bright sun,910000,0,0,0,2,,,0,,,,,,Waikato Region,Nil,2-way,Sealed,,0,0,,50,,Null,0,0,,16,Hamilton City,Traffic Signals,,,,,0,0,Urban,0,,,Fine,Null
1768861,5902740,14655,,523820,0,,0,2,,North,2009/2010,SH 1N,ORAMS OBR,,Non-Injury Crash,Yes,2009,,South,,0,,Flat,,,,,,Overcast,760122,0,0,0,3,,,0,,,,,,Auckland Region,Nil,1-way,Sealed,,0,0,,100,,Off,0,0,,76,Auckland,Nil,,,,,0,0,Open,0,,,Fine,Null
2027513,5706111,14656,,544003,0,,0,0,,North,2009/2010,SH 2,KARAUA ROAD,,Non-Injury Crash,Yes,2009,,North,,0,,Flat,,,,,,Dark,1364900,0,0,0,2,,,0,,,,,,Gisborne Region,Nil,2-way,Sealed,,0,0,,100,,None,1,0,,28,Gisborne District,Nil,,,,,0,0,Open,0,,,Light rain,Null
1748502,5422501,14657,,576002,0,0,0,1,0,Null,2009/2010,THAMES ST,CLYDE ST,,Non-Injury Crash,No,2009,0,North,0,0,0,Flat,0,,0,,0,Dark,2190600,0,0,0,2,0,0,0,0,0,,0,1,Wellington Region,Nil,2-way,Sealed,0,0,0,0,50,0,On,0,0,,47,Wellington City,Give way,0,0,0,0,0,0,Urban,0,0,0,Fine,Null
1763510,5437056,14658,,568302,0,,0,2,,North,2008/2009,TREADWELL ST,NAENAE ROAD,,Non-Injury Crash,No,2009,,North,,0,,Flat,,,,,,Dark,1954200,0,0,0,2,,,0,,,,,,Wellington Region,Nil,2-way,Sealed,,0,0,,50,,On,0,0,,46,Lower Hutt City,Nil,,,,,0,0,Urban,0,,,Fine,Null
1754254,5918542,14659,,515431,1,,0,0,,Null,2009/2010,GREAT NORTH ROAD,BULLOCK TRACK,,Non-Injury Crash,No,2009,,East,,0,,Flat,,,,,,Bright sun,405000,0,0,0,4,,,0,,,,,,Auckland Region,Nil,2-way,Sealed,,0,0,,50,,Off,0,0,,76,Auckland,Stop,,,,,0,0,Urban,1,,,Fine,Null
1876955,5821293,14660,,537500,0,,0,1,,South,2009/2010,CAMERON ROAD,TWENTYTHIRD AVENUE,,Non-Injury Crash,No,2009,,West,,0,,Flat,,,,,,Overcast,1171600,0,0,1,4,,,0,,,,,,Bay of Plenty Region,Nil,2-way,Sealed,,0,0,,50,,Off,0,0,,23,Tauranga City,Unknown,,,,,0,0,Urban,0,,,Light rain,Null
1754753,5927608,14661,,508310,0,,0,2,,East,2009/2010,ARCHERS ROAD,CHARTWELL AVENUE,,Non-Injury Crash,No,2009,,West,,0,,Flat,,,,,,Bright sun,200800,0,0,0,2,,,0,,,,,,Auckland Region,Nil,2-way,Sealed,,0,0,,50,,Off,0,0,,76,Auckland,Nil,,,,,0,0,Urban,0,,,Fine,Null
1766943,5907185,14662,,523601,0,0,0,2,0,South,2008/2009,EVERITT ROAD,CLAYTON AVENUE,,Non-Injury Crash,No,2009,0,North,0,0,0,Flat,0,,0,,0,Dark,708000,0,0,0,1,0,0,0,0,1,,0,0,Auckland Region,Nil,2-way,Sealed,0,0,0,0,50,0,On,0,0,,76,Auckland,Unknown,0,0,0,0,0,0,Urban,0,0,0,Fine,Null
1571416,5179067,14663,,594600,0,0,0,1,0,South,2008/2009,WALTHAM ROAD,MOORHOUSE AVENUE,,Non-Injury Crash,No,2009,0,North,0,0,0,Hill Road,1,,0,,0,Dark,2617601,0,0,0,2,0,0,0,0,0,,0,0,Canterbury Region,Bridge,2-way,Sealed,0,0,0,0,50,0,On,0,0,,60,Christchurch City,Unknown,0,0,0,0,0,0,Urban,0,0,0,Fine,Null
1825550,5568612,14664,55,559700,0,0,0,1,0,South,2008/2009,SH 54,TAPUAE ROAD,,Non-Injury Crash,Yes,2009,0,North,0,0,1,Hill Road,0,,0,,0,Bright sun,1777000,0,0,0,2,0,0,0,0,0,,0,0,Manawatū-Whanganui Region,Nil,2-way,Sealed,0,0,0,0,100,0,Null,0,0,,39,Manawatu District,Nil,0,0,0,0,0,0,Open,0,0,0,Fine,Null
1760135,5908036,14665,,524403,0,,1,1,,South,2009/2010,SH 20A,SH 20,,Non-Injury Crash,Yes,2009,,North,,0,,Flat,,Labour Weekend,,,,Bright sun,731104,0,0,0,2,,,0,,,,,,Auckland Region,Nil,1-way,Sealed,,0,0,,100,,Off,0,0,80,76,Auckland,Nil,,,,,0,0,Open,0,,,Fine,Null
1933607,5602416,14666,,548831,0,0,0,1,0,South,2008/2009,GUTHRIE ROAD,BROOKVALE ROAD,,Non-Injury Crash,No,2009,0,South,0,0,0,Flat,0,,0,,0,Twilight,1509200,0,0,0,2,0,0,0,0,0,,0,0,Hawke's Bay Region,Nil,2-way,Sealed,0,0,0,0,50,0,Off,0,0,,30,Hastings District,Nil,0,0,0,0,0,0,Urban,0,0,0,Fine,Null
1759877,5435316,14667,,569001,0,,0,2,,Null,2008/2009,LUDLAM CRESCENT,PENROSE ST,,Non-Injury Crash,No,2009,,West,,0,,Flat,,,,,,Bright sun,1964600,0,0,0,2,,,0,,,,,,Wellington Region,Nil,2-way,Sealed,,0,0,,50,,Null,0,0,,46,Lower Hutt City,Give way,,,,,0,0,Urban,0,,,Fine,Null
1758232,5916396,14668,,519200,0,,0,2,,Null,2009/2010,RANFURLY ROAD,MANUKAU ROAD,,Non-Injury Crash,No,2009,,East,,0,,Flat,,,,,,Overcast,614801,0,0,0,2,,,0,,,,,,Auckland Region,Nil,2-way,Sealed,,0,0,,50,,None,0,0,,76,Auckland,Traffic Signals,,,,,0,0,Urban,0,,,Fine,Null
1849741,5764595,14669,,535330,0,,0,2,,East,2008/2009,SH 32,BALMORAL DRIVE,,Non-Injury Crash,Yes,2009,,West,,0,,Flat,,,,,,Bright sun,1135600,0,0,0,2,,,0,,,,,,Waikato Region,Nil,2-way,Sealed,,0,0,,50,,Null,0,0,,19,South Waikato District,Nil,,,,,0,0,Urban,0,,,Fine,Null
1751607,5913876,14670,,514402,0,,0,2,,Null,2008/2009,BLOCKHOUSE BAY ROAD,HOLBROOK ST,,Non-Injury Crash,No,2009,,South,,0,,Hill Road,,,,,,Dark,378303,0,0,0,2,,,0,,,,,,Auckland Region,Nil,2-way,Sealed,,0,0,,50,,On,0,0,,76,Auckland,Nil,,,,,0,0,Urban,0,,,Fine,Null
1780487,5486449,14671,,564400,0,0,0,1,0,Null,2009/2010,RANGATIRA ST,MATENE ST,,Non-Injury Crash,No,2009,0,North,0,0,1,Flat,0,,0,,0,Dark,1881600,0,0,0,2,0,0,0,0,0,,0,0,Wellington Region,Nil,2-way,Sealed,0,0,0,0,50,0,On,0,0,,43,Kapiti Coast District,Stop,0,0,0,0,0,0,Urban,0,0,0,Fine,Null
1825168,5978810,14672,,521000,0,,0,1,,East,2009/2010,ROSALIE BAY ROAD,SHOAL BAY ROAD,,Non-Injury Crash,No,2009,,East,,0,,Hill Road,,,,,,Bright sun,439309,0,0,0,2,,,0,,,,,,Auckland Region,Nil,2-way,Unsealed,,0,0,,100,,Null,0,0,,76,Auckland,Unknown,,,,,0,0,Open,0,,,Fine,Null
1933407,5602013,14673,,548831,0,,0,0,,West,2008/2009,TE MATA ROAD,ST HILL LANE,,Non-Injury Crash,No,2009,,East,,0,,Flat,,,,,,Twilight,1509900,0,0,0,2,,,0,,,,,,Hawke's Bay Region,Nil,2-way,Sealed,,0,0,,50,,On,0,0,,30,Hastings District,Nil,,,,,0,0,Urban,2,,,Fine,Null
1623732,5430949,14674,,582500,0,,0,1,,West,2009/2010,BRIDGE ST,TRAFALGAR ST,,Non-Injury Crash,No,2009,,East,,0,,Flat,,,,,,Overcast,2319700,0,0,0,2,,,0,,,,,,Nelson Region,Nil,2-way,Sealed,,0,0,,50,,Null,0,0,,52,Nelson City,Nil,,,,,0,0,Urban,1,,,Light rain,Null
1744421,5914603,14675,,512905,0,,0,2,,Null,2009/2010,BRUCE MCLAREN ROAD,PARRS CROSS ROAD,,Non-Injury Crash,No,2009,,South,,0,,Flat,,,,,,Unknown,278903,0,0,0,2,,,0,,,,,,Auckland Region,Nil,2-way,Sealed,,0,0,,50,,Off,0,0,,76,Auckland,Stop,,,,,0,0,Urban,0,,,Fine,Null
1794242,5518457,14676,,561500,0,0,1,0,0,North,2008/2009,SH 1N,VICTORIA ST,,Non-Injury Crash,Yes,2009,0,South,0,0,0,Flat,0,,0,,0,Bright sun,1785001,0,0,0,2,0,0,0,0,0,,0,0,Manawatū-Whanganui Region,Nil,2-way,Sealed,0,0,0,0,100,0,Null,0,0,,42,Horowhenua District,Nil,0,0,0,0,0,0,Open,0,0,0,Fine,Null
1680077,5403969,14677,,581230,0,,0,2,,North,2009/2010,SH 1S,MAIN ST,,Non-Injury Crash,Yes,2009,,South,,0,,Flat,,,,,,Overcast,2295000,0,0,0,2,,,0,,,,,,Marlborough Region,Nil,2-way,Sealed,,0,0,,50,,Null,0,0,,53,Marlborough District,Nil,,,,,0,0,Urban,1,,,Fine,Null
1707009,5681486,14678,,551111,0,0,0,0,0,West,2009/2010,SH 3,WAITARA BR,,Non-Injury Crash,Yes,2009,0,South,0,0,0,Hill Road,0,,0,,0,Overcast,1565600,0,0,0,2,0,0,0,0,1,,0,0,Taranaki Region,Nil,2-way,Sealed,0,0,0,0,100,0,Null,0,0,,33,New Plymouth District,Nil,0,0,0,0,0,0,Open,2,0,0,Light rain,Null
1754898,5444250,14679,,570900,0,,0,1,,Null,2009/2010,MUNGAVIN AVENUE,MUNGAVIN OFF SBD,,Non-Injury Crash,No,2009,,West,,0,,Flat,,,,,,Bright sun,2056604,0,0,0,2,,,0,,,,,,Wellington Region,Nil,2-way,Sealed,,0,0,,50,,Null,0,0,,44,Porirua City,Give way,,,,,0,0,Urban,1,,,Fine,Null
1763483,5912754,14680,,520500,0,,0,2,,North,2009/2010,SH 1N,MT WGTN OBR,,Non-Injury Crash,Yes,2009,,South,,0,,Hill Road,,,,,,Overcast,637400,0,0,0,4,,,0,,,,,,Auckland Region,Nil,1-way,Sealed,,0,0,,100,,Off,0,0,,76,Auckland,Nil,,,,,0,0,Open,0,,,Fine,Null
1681745,6097279,14681,,501633,0,0,0,1,0,West,2008/2009,WIROA ROAD,WAIMATE NORTH ROAD,,Non-Injury Crash,No,2009,0,East,1,0,0,Flat,0,,0,,0,Overcast,34101,0,0,0,2,0,0,0,0,0,,0,0,Northland Region,Nil,2-way,Sealed,0,0,0,0,100,0,None,0,0,,1,Far North District,Nil,0,0,0,0,0,0,Open,0,0,0,Heavy rain,Null
1770042,5917279,14682,,522601,0,0,0,0,0,North,2009/2010,BUCKLANDS BEACH ROAD,LAINGS ROAD,,Non-Injury Crash,No,2009,0,South,0,0,0,Flat,0,,0,,0,Bright sun,676602,0,0,0,2,0,0,0,0,0,,0,1,Auckland Region,Nil,2-way,Sealed,0,0,0,0,50,0,None,0,0,,76,Auckland,Nil,0,0,0,0,1,0,Urban,0,0,0,Fine,Null
1623299,5431054,14683,,582500,0,0,0,1,0,Null,2009/2010,HASTINGS ST,ST VINCENT ST,,Non-Injury Crash,No,2009,0,East,0,0,0,Flat,1,,0,,0,Dark,2319300,0,0,0,2,0,0,0,0,0,,0,0,Nelson Region,Nil,2-way,Sealed,0,0,0,0,50,0,On,0,0,,52,Nelson City,Give way,0,0,0,0,0,0,Urban,0,0,0,Fine,Null
1930844,5604340,14684,,548100,0,0,0,1,0,West,2008/2009,ELLISON ROAD,SYLVAN ROAD,,Non-Injury Crash,No,2009,0,East,0,0,0,Flat,0,,0,,0,Dark,1499400,0,0,0,2,0,0,0,0,1,,0,0,Hawke's Bay Region,Nil,2-way,Sealed,0,0,0,0,50,0,On,1,0,,30,Hastings District,Give way,0,0,0,0,0,0,Urban,0,0,0,Fine,Null
1758627,5455169,14685,,571800,0,,0,1,,Null,2008/2009,MURI ROAD,SEA VISTA DRIVE,,Non-Injury Crash,No,2009,,East,,0,,Flat,,,,,,Twilight,2066402,0,0,0,2,,,0,,,,,,Wellington Region,Nil,2-way,Sealed,,0,0,,50,,Off,0,0,,44,Porirua City,Give way,,,,,0,0,Urban,1,,,Fine,Null
1706595,5682847,14686,,551301,0,0,0,1,0,Null,2008/2009,GREY ST,HIGH ST WEST,,Non-Injury Crash,No,2009,0,South,0,0,0,Flat,0,,0,,0,Dark,1548800,0,0,0,2,0,0,0,0,0,,0,0,Taranaki Region,Nil,2-way,Sealed,0,0,0,0,50,0,On,0,0,,33,New Plymouth District,Give way,1,1,0,0,0,0,Urban,0,0,0,Fine,Null
1769657,5901839,14687,,523814,0,,0,2,,Null,2009/2010,MANUREWA OFF SBD,HILL ROAD,,Non-Injury Crash,Yes,2009,,South,,0,,Hill Road,,,,,,Bright sun,760702,0,0,0,2,,,0,,,,,,Auckland Region,Nil,1-way,Sealed,,0,0,,50,,Off,0,0,,76,Auckland,Traffic Signals,,,,,0,0,Urban,0,,,Fine,Null
1693348,5676307,14688,,551800,0,,0,2,,West,2009/2010,SH 45,GOVER ST,,Non-Injury Crash,Yes,2009,,East,,0,,Flat,,,,,,Bright sun,1594400,0,0,0,2,,,0,,,,,,Taranaki Region,Nil,2-way,Sealed,,0,0,,50,,Null,0,0,,33,New Plymouth District,Nil,,,,,0,0,Urban,0,,,Fine,Null
1763478,5912756,14689,,520500,0,,0,0,,South,2009/2010,SH 1N,MT WGTN OFF SBD,,Non-Injury Crash,Yes,2009,,South,,0,,Flat,,,,,,Bright sun,637400,0,0,0,3,,,0,,,,,,Auckland Region,Nil,1-way,Sealed,,0,0,,100,,Off,2,0,,76,Auckland,Nil,,,,,0,0,Open,0,,,Fine,Null
1931908,5617267,14690,,547100,0,0,0,1,0,South,2009/2010,GUPPY ROAD,TAIT DRIVE,,Non-Injury Crash,No,2009,0,East,0,0,0,Flat,0,,0,,0,Overcast,1455204,0,0,0,2,0,0,0,0,1,,0,0,Hawke's Bay Region,Nil,2-way,Sealed,0,0,0,0,50,0,Null,1,0,,31,Napier City,Nil,0,0,0,0,0,0,Urban,0,0,0,Light rain,Null
1884603,5774215,14691,,540410,0,,0,2,,South,2009/2010,RANOLF ST,ARAWA ST,,Non-Injury Crash,No,2009,,North,,0,,Hill Road,,,,,,Bright sun,1233200,0,0,0,2,,,0,,,,,,Bay of Plenty Region,Nil,2-way,Sealed,,0,0,,50,,Null,0,0,,24,Rotorua District,Give way,,,,,0,0,Urban,0,,,Fine,Null
1787054,5446112,14692,,567902,0,,0,1,,South,2008/2009,SH 2,MARCHANT ROAD,,Non-Injury Crash,Yes,2009,,South,,0,,Hill Road,,,,,,Overcast,1916300,0,0,0,3,,,0,,,,,,Wellington Region,Nil,2-way,Sealed,,0,0,,100,,Null,0,0,,45,Upper Hutt City,Nil,,,,,0,0,Open,0,,,Fine,Strong wind
1878944,5822717,14693,,538201,0,0,0,1,0,East,2009/2010,ELEVENTH AVENUE,DEVONPORT ROAD,,Non-Injury Crash,No,2009,0,East,0,0,0,Flat,0,,0,,0,Bright sun,1166704,0,0,0,2,0,0,0,0,1,,0,0,Bay of Plenty Region,Nil,2-way,Sealed,0,0,0,0,50,0,Null,0,0,,23,Tauranga City,Unknown,0,0,0,0,0,0,Urban,1,0,0,Fine,Null
1756906,5918623,14694,,515600,0,,0,2,,Null,2009/2010,NEW NORTH ROAD,BASQUE ROAD,,Non-Injury Crash,No,2009,,North,,0,,Flat,,,,,,Bright sun,421200,0,0,0,2,,,0,,,,,,Auckland Region,Nil,2-way,Sealed,,0,0,,50,,Off,0,0,,76,Auckland,Traffic Signals,,,,,0,0,Urban,0,,,Fine,Null
1748685,5427469,14695,,573101,0,0,0,1,0,South,2008/2009,VICTORIA ST,MANNERS ST,,Non-Injury Crash,No,2009,0,South,0,0,0,Flat,0,,0,,0,Bright sun,2131300,0,0,0,3,0,0,0,0,0,,0,0,Wellington Region,Nil,2-way,Sealed,0,0,0,0,50,0,Null,0,0,,47,Wellington City,Nil,0,0,0,0,0,0,Urban,1,1,0,Fine,Null
1758026,5917343,14696,,515700,0,,0,1,,Null,2009/2010,GILLIES AVENUE,ALBURY AVENUE,,Non-Injury Crash,No,2009,,North,,0,,Flat,,,,,,Bright sun,457700,0,0,0,1,,,0,,,,,,Auckland Region,Nil,2-way,Sealed,,0,0,,50,,Off,0,0,,76,Auckland,Nil,,,,,0,0,Urban,1,,,Fine,Null
1766961,5913245,14697,,522910,0,,0,2,,Null,2008/2009,WILLIAM ROBERTS ROAD,AYR ROAD,,Non-Injury Crash,No,2009,,South,,0,,Flat,,,,,,Overcast,685100,0,0,0,2,,,0,,,,,,Auckland Region,Nil,2-way,Sealed,,0,0,,50,,Null,0,0,,76,Auckland,Nil,,,,,0,0,Urban,0,,,Light rain,Null
1768491,5911663,14698,,523112,0,,0,1,,Null,2009/2010,TI RAKAU DRIVE,TRUGOOD DRIVE,,Non-Injury Crash,No,2009,,West,,0,,Flat,,,,,,Bright sun,711404,0,0,0,4,,,0,,,,,,Auckland Region,Nil,2-way,Sealed,,0,0,,60,,Off,0,0,,76,Auckland,Traffic Signals,,,,,0,0,Urban,1,,,Fine,Null
1752894,5432899,14699,,574002,0,,0,3,,North,2008/2009,SH 2,HUTT ON NBD,,Non-Injury Crash,Yes,2009,,East,,0,,Flat,,,,,,Dark,2078302,0,0,0,2,,,0,,,,,,Wellington Region,Nil,2-way,Sealed,,0,0,,100,,On,0,0,,47,Wellington City,Nil,,,,,0,0,Open,0,,,Fine,Null
1763409,5436056,14700,,568303,0,0,0,2,0,North,2009/2010,JUDD CRESCENT,SAXBY GROVE,,Non-Injury Crash,No,2009,0,South,0,0,0,Flat,0,,0,,0,Dark,1961900,0,0,0,2,0,0,0,0,1,,0,0,Wellington Region,Nil,2-way,Sealed,0,0,0,0,50,0,On,0,0,,46,Lower Hutt City,Nil,0,0,0,0,0,0,Urban,0,0,0,Light rain,Null
1801844,5814959,14701,,530200,0,,0,2,,Null,2009/2010,GREY ST,BRIDGE ST,,Non-Injury Crash,No,2009,,South,,0,,Hill Road,,,,,,Overcast,892800,0,0,0,4,,,0,,,,,,Waikato Region,Nil,2-way,Sealed,,0,0,,50,,Off,0,0,,16,Hamilton City,Traffic Signals,,,,,0,0,Urban,0,,,Light rain,Null
1909335,5574982,14702,,549602,0,0,0,0,0,Null,2008/2009,WHITE ROAD,WHITE ROAD EXTENSION,,Non-Injury Crash,No,2009,0,North,1,0,0,Flat,0,,0,,0,Dark,1523100,0,0,0,2,0,0,0,0,0,,0,0,Hawke's Bay Region,Nil,2-way,Sealed,0,0,0,0,100,0,None,1,0,,32,Central Hawke's Bay District,Nil,0,0,0,0,0,0,Open,0,0,0,Fine,Null
1768574,5469269,14703,,566000,0,,0,3,,East,2008/2009,KAPITI ROAD,ARAWHATA ROAD,,Non-Injury Crash,No,2009,,East,,0,,Flat,,,,,,Bright sun,1999900,0,0,0,4,,,0,,,,,,Wellington Region,Nil,2-way,Sealed,,0,0,,50,,Null,0,0,,43,Kapiti Coast District,Nil,,,,,0,0,Urban,0,,,Fine,Null
1773247,5899609,14704,,523912,0,,0,2,,Null,2009/2010,MILL ROAD,AIRFIELD ROAD,,Non-Injury Crash,No,2009,,North,,0,,Flat,,,,,,Bright sun,765401,0,0,0,2,,,0,,,,,,Auckland Region,Nil,2-way,Sealed,,0,0,,80,,None,0,0,,76,Auckland,Give way,,,,,0,0,Open,0,,,Fine,Null
1748998,5427074,14705,,573101,0,0,0,1,0,West,2008/2009,HOLLAND ST,TORY ST,,Non-Injury Crash,No,2009,0,East,0,0,0,Flat,0,,0,,0,Dark,2135900,0,0,0,1,0,0,0,0,1,,0,0,Wellington Region,Nil,2-way,Sealed,0,0,0,0,50,0,On,0,0,,47,Wellington City,Nil,0,0,0,0,1,0,Urban,0,0,0,Fine,Null
1810014,5808062,14706,,527131,0,,0,1,,South,2009/2010,SH 1N,PENCARROW ROAD,,Non-Injury Crash,Yes,2009,,North,,0,,Flat,,,,,,Overcast,961000,0,0,0,2,,,0,,,,,,Waikato Region,Nil,2-way,Sealed,,0,0,,100,,Null,0,0,,13,Waikato District,Unknown,,,,,1,0,Open,0,,,Fine,Null
1795496,5445546,14707,,580000,0,0,0,1,0,East,2009/2010,FOX ST,BIRDWOOD ST,,Non-Injury Crash,No,2009,0,East,0,0,0,Flat,0,,0,,0,Bright sun,2269300,0,0,0,2,0,0,0,0,1,,0,0,Wellington Region,Nil,2-way,Sealed,0,0,0,0,50,0,Null,1,0,,50,South Wairarapa District,Nil,0,0,0,0,0,0,Urban,0,0,0,Fine,Null
1760136,5434697,14708,,568702,0,,0,2,,Null,2008/2009,AWAMUTU GROVE,LEIGHTON AVENUE,,Non-Injury Crash,No,2009,,South,,0,,Flat,,,,,,Dark,1977200,0,0,0,2,,,0,,,,,,Wellington Region,Nil,2-way,Sealed,,0,0,,50,,On,0,0,,46,Lower Hutt City,Nil,,,,,0,0,Urban,0,,,Fine,Null
1878040,5822366,14709,,538101,0,,0,2,,South,2009/2010,CAMERON ROAD,SH 2,,Non-Injury Crash,No,2009,,North,,0,,Flat,,,,,,Bright sun,1168001,0,0,0,4,,,0,,,,,,Bay of Plenty Region,Nil,1-way,Sealed,,0,0,,50,,Off,0,0,,23,Tauranga City,Traffic Signals,,,,,0,0,Urban,0,,,Fine,Null
1773961,5445513,14710,,567100,0,,0,1,,West,2008/2009,QUEEN ST,LOGAN ST,,Non-Injury Crash,No,2009,,East,,0,,Flat,,,,,,Dark,1905800,0,1,0,2,,,0,,,,,,Wellington Region,Nil,2-way,Sealed,,0,0,,50,,On,0,0,,45,Upper Hutt City,Nil,,,,,0,0,Urban,0,,,Fine,Null