X,Y,OBJECTID,advisorySpeed,areaUnitID,bicycle,bridge,bus,carStationWagon,cliffBank,crashDirectionDescription,crashFinancialYear,crashLocation1,crashLocation2,crashRoadSideRoad,crashSeverity,crashSHDescription,crashYear,debris,directionRoleDescription,ditch,fatalCount,fence,flatHill,guardRail,holiday,houseOrBuilding,intersection,kerb,light,meshblockId,minorInjuryCount,moped,motorcycle,NumberOfLanes,objectThrownOrDropped,otherObject,otherVehicleType,overBank,parkedVehicle,pedestrian,phoneBoxEtc,postOrPole,region,roadCharacter,roadLane,roadSurface,roadworks,schoolBus,seriousInjuryCount,slipOrFlood,speedLimit,strayAnimal,streetLight,suv,taxi,temporarySpeedLimit,tlaId,tlaName,trafficControl,trafficIsland,trafficSign,train,tree,truck,unknownVehicleType,urban,vanOrUtility,vehicle,waterRiver,weatherA,weatherB
1756439,5918814,14711,,515600,0,,0,1,,Null,2009/2010,IAN MCKINNON DRIVE,PIWAKAWAKA ST,,Non-Injury Crash,No,2009,,South,,0,,Flat,,,,,,Overcast,420100,0,0,0,2,,,0,,,,,,Auckland Region,Nil,2-way,Sealed,,0,0,,50,,Null,1,0,,76,Auckland,Give way,,,,,0,0,Urban,0,,,Fine,Null
1820866,5528996,14712,,562310,0,,0,2,,Null,2008/2009,Z CPK NEW WORLD,MAIN ST,,Non-Injury Crash,No,2009,,South,,0,,Flat,,,,,,Overcast,1825600,0,0,0,2,,,0,,,,,,Manawatū-Whanganui Region,Nil,Off road,Sealed,,0,0,,50,,Null,0,0,,40,Palmerston North City,Nil,,,,,0,0,Urban,0,,,Fine,Null
1766205,5907068,14713,,522301,0,,0,2,,Null,2008/2009,HUIA ROAD,HOTEO AVENUE,,Non-Injury Crash,No,2009,,South,,0,,Flat,,,,,,Bright sun,667200,0,0,0,2,,,0,,,,,,Auckland Region,Nil,2-way,Sealed,,0,0,,50,,Null,0,0,,76,Auckland,Give way,,,,,0,0,Urban,0,,,Fine,Null
1800534,5819817,14714,,529401,0,,0,2,,Null,2009/2010,HUKANUI ROAD,BANKWOOD ROAD,,Non-Injury Crash,No,2009,,North,,0,,Flat,,,,,,Bright sun,877300,0,0,0,2,,,0,,,,,,Waikato Region,Nil,2-way,Sealed,,0,0,,50,,Null,0,0,,16,Hamilton City,Give way,,,,,0,0,Urban,0,,,Fine,Null
1755224,5914469,14715,,518500,0,,0,2,,Null,2009/2010,DOMINION ROAD,KEYSTONE AVENUE,,Non-Injury Crash,No,2009,,North,,0,,Flat,,,,,,Bright sun,560800,0,0,0,2,,,0,,,,,,Auckland Region,Nil,2-way,Sealed,,0,0,,50,,Off,0,0,,76,Auckland,Stop,,,,,0,0,Urban,0,,,Fine,Null
1751384,5435287,14716,,573600,0,,0,1,,North,2009/2010,MORGAN ST,IRONSIDE ROAD,,Non-Injury Crash,No,2009,,South,,0,,Hill Road,,,,,,Bright sun,2080800,0,0,0,2,,,0,,,,,,Wellington Region,Nil,2-way,Sealed,,0,0,,50,,Null,1,0,,47,Wellington City,Nil,,,,,0,0,Urban,0,,,Fine,Null
1998406,5668666,14717,,545302,0,,0,1,,Null,2008/2009,SH 2,TE PAIRU ROAD,,Non-Injury Crash,Yes,2009,,North,,0,,Flat,,,,,,Overcast,1398400,0,0,0,2,,,0,,,,,,Hawke's Bay Region,Nil,2-way,Sealed,,0,0,,100,,Null,1,0,,29,Wairoa District,Nil,,,,,0,0,Open,0,,,Light rain,Null
1679315,5404011,14718,,581230,0,,0,1,,Null,2008/2009,Z CPK FEEDLANDS,DASHWOOD/HIGH,,Non-Injury Crash,No,2009,,East,,0,,Flat,,,,,,Bright sun,2297300,0,0,0,0,,,0,,,,,,Marlborough Region,Nil,Off road,Sealed,,0,0,,50,,Null,1,0,,53,Marlborough District,Nil,,,,,0,0,Urban,0,,,Fine,Null
1750709,5946689,14719,,505806,0,,0,1,,Null,2009/2010,HIBISCUS COAST HIGHWAY,WHANGAPARAOA ROAD,,Non-Injury Crash,No,2009,,South,,0,,Flat,,,,,,Dark,176504,0,0,0,4,,,0,,,,,,Auckland Region,Nil,2-way,Sealed,,0,0,,80,,On,1,0,,76,Auckland,Traffic Signals,,,,,0,0,Open,0,,,Fine,Null
1886872,5820366,14720,,536512,0,1,0,0,0,South,2009/2010,WELCOME BAY ROAD,ROCKY CUTTING ROAD,,Non-Injury Crash,No,2009,0,West,0,0,0,Flat,0,,0,,0,Bright sun,1206705,0,0,0,2,0,0,0,1,0,,0,0,Bay of Plenty Region,Nil,2-way,Sealed,0,0,0,0,100,0,Null,0,0,,22,Western Bay of Plenty District,Unknown,0,0,0,0,1,0,Open,0,0,0,Fine,Null
1748783,5423899,14721,,576302,0,,0,2,,Null,2008/2009,RINTOUL ST,BLYTHE ST,,Non-Injury Crash,No,2009,,South,,0,,Hill Road,,,,,,Bright sun,2166200,0,0,0,2,,,0,,,,,,Wellington Region,Nil,2-way,Sealed,,0,0,,50,,Null,0,0,,47,Wellington City,Nil,,,,,0,0,Urban,0,,,Fine,Null
1753682,5929288,14722,,508420,0,0,0,1,0,Null,2009/2010,GLENFIELD ROAD,WAIRAU ROAD,,Non-Injury Crash,No,2009,0,West,0,0,0,Hill Road,0,,0,,0,Dark,183201,0,0,0,4,0,0,0,1,0,,0,0,Auckland Region,Nil,2-way,Sealed,0,0,0,0,50,0,On,0,0,,76,Auckland,Give way,1,0,0,0,0,0,Urban,0,0,0,Fine,Null
1758560,5447917,14723,20,572200,0,0,0,1,1,East,2008/2009,SPINNAKER DRIVE,SH 58,,Non-Injury Crash,No,2009,0,East,0,0,0,Hill Road,0,,0,,0,Bright sun,2071201,0,0,0,2,0,0,0,0,0,,0,0,Wellington Region,Nil,2-way,Sealed,0,0,0,0,50,0,Null,0,0,,44,Porirua City,Nil,0,0,0,1,0,0,Urban,0,0,0,Fine,Null
1757513,5919151,14724,,514302,0,,0,2,,East,2008/2009,PARK ROAD,GRAFTON ROAD,,Non-Injury Crash,No,2009,,West,,0,,Flat,,,,,,Bright sun,442800,0,0,0,1,,,0,,,,,,Auckland Region,Nil,1-way,Sealed,,0,0,,50,,Off,0,0,,76,Auckland,Stop,,,,,0,0,Urban,0,,,Fine,Null
1765457,5915738,14725,,520301,0,0,0,0,0,Null,2009/2010,COURT CRESCENT N,PILKINGTON ROAD,,Non-Injury Crash,No,2009,0,South,0,0,0,Flat,0,,0,,0,Dark,627900,0,0,0,2,0,0,0,0,0,,0,1,Auckland Region,Nil,2-way,Sealed,0,0,0,0,50,0,None,0,0,,76,Auckland,Nil,0,0,0,0,1,0,Urban,0,0,0,Fine,Null
1767623,5902157,14726,,525001,0,0,0,1,0,South,2009/2010,STURDEE ROAD,BROWNS ROAD,,Non-Injury Crash,No,2009,0,South,0,0,1,Flat,0,,0,,1,Dark,750200,0,0,0,2,0,0,0,0,0,,0,0,Auckland Region,Nil,2-way,Sealed,0,0,0,0,50,0,On,0,0,,76,Auckland,Nil,0,0,0,1,0,0,Urban,0,0,0,Light rain,Null
1844292,5530596,14727,,550500,0,,0,2,,East,2009/2010,SH 2,GLADSTONE ST,,Non-Injury Crash,Yes,2009,,West,,0,,Flat,,,,,,Bright sun,1541800,0,0,0,2,,,0,,,,,,Manawatū-Whanganui Region,Nil,2-way,Sealed,,0,0,,70,,Null,0,0,,41,Tararua District,Nil,,,,,0,0,Urban,1,,,Fine,Null
1763497,5431301,14728,,564800,0,,0,2,,Null,2008/2009,WISE ST,THIRLMERE ST,,Non-Injury Crash,No,2009,,North,,0,,Flat,,,,,,Dark,2014202,0,0,0,2,,,0,,,,,,Wellington Region,Nil,2-way,Sealed,,0,0,,50,,On,0,0,,46,Lower Hutt City,Nil,,,,,0,0,Urban,0,,,Fine,Null
1851613,5764237,14729,,535370,0,0,0,1,0,East,2009/2010,BALMORAL DRIVE,ST ANDREWS DRIVE,,Non-Injury Crash,No,2009,0,East,0,0,0,Flat,0,,0,,0,Bright sun,1145300,0,0,0,2,0,0,0,0,1,,0,0,Waikato Region,Nil,2-way,Sealed,0,0,0,0,50,0,Off,0,0,,19,South Waikato District,Nil,0,0,0,0,0,0,Urban,1,0,0,Fine,Null
1758397,5909988,14730,,524001,0,0,0,1,0,South,2009/2010,WALLACE ROAD,BOYD AVENUE,,Non-Injury Crash,No,2009,0,South,0,0,1,Hill Road,0,,0,,0,Dark,721200,0,0,0,2,0,0,0,0,0,,0,0,Auckland Region,Nil,2-way,Sealed,0,0,0,0,50,0,On,0,0,,76,Auckland,Nil,0,0,0,0,0,0,Urban,0,0,0,Fine,Null
1745094,5921069,14731,,513632,0,,0,2,,West,2009/2010,SH 16,LINCOLN OBR,,Non-Injury Crash,Yes,2009,,North,,0,,Flat,,,,,,Overcast,228701,0,0,0,2,,,0,,,,,,Auckland Region,Nil,1-way,Sealed,,0,0,,100,,Null,0,0,,76,Auckland,Unknown,,,,,0,0,Open,0,,,Heavy rain,Null
1754521,5444239,14732,,570800,0,,0,2,,Null,2009/2010,KENEPURU DRIVE,TITAHI BAY ROAD,,Non-Injury Crash,No,2009,,North,,0,,Flat,,,,,,Bright sun,2052700,0,0,0,4,,,0,,,,,,Wellington Region,Nil,2-way,Sealed,,0,0,,50,,Null,0,0,,44,Porirua City,Give way,,,,,0,0,Urban,0,,,Fine,Null
1713788,5682870,14733,,550700,0,0,0,1,0,West,2008/2009,SH 3,TURANGI ROAD UPPER,,Non-Injury Crash,Yes,2009,0,West,0,0,0,Flat,0,,0,,0,Dark,1551300,0,0,0,2,0,0,0,0,0,,0,0,Taranaki Region,Nil,2-way,Sealed,0,0,0,0,100,0,None,0,0,,33,New Plymouth District,Nil,0,0,0,0,0,0,Open,0,0,0,Fine,Null
1620095,5427926,14734,,583500,0,0,0,0,0,Null,2009/2010,SH 6,QUARANTINE ROAD,,Non-Injury Crash,Yes,2009,0,North,0,0,0,Flat,0,Labour Weekend,0,,0,Twilight,2340301,0,0,0,2,0,0,0,0,0,,0,1,Nelson Region,Nil,2-way,Sealed,0,0,0,0,70,0,On,0,0,,52,Nelson City,Give way,0,0,0,0,1,0,Urban,0,0,0,Fine,Null
1756211,5944067,14735,,505909,0,0,0,1,0,West,2009/2010,MAIN ST,WHANGAPARAOA ROAD E,,Non-Injury Crash,No,2009,0,North,0,0,0,Flat,0,,0,,0,Dark,174013,0,0,0,2,0,0,0,0,0,,0,0,Auckland Region,Nil,2-way,Sealed,1,0,0,0,50,0,On,0,0,,76,Auckland,Unknown,0,0,0,0,0,0,Urban,0,0,0,Fine,Null
1931019,5604980,14736,,548000,0,,0,2,,Null,2009/2010,WILLOWPARK ROAD NORTH,JERVOIS ST,,Non-Injury Crash,No,2009,,North,,0,,Flat,,,,,,Overcast,1497600,0,0,0,2,,,0,,,,,,Hawke's Bay Region,Nil,2-way,Sealed,,0,0,,50,,Null,0,0,,30,Hastings District,Give way,,,,,0,0,Urban,0,,,Fine,Null
1935212,5619394,14737,,546500,0,,0,1,,Null,2008/2009,LATHAM ST,RIVERBEND ROAD,,Non-Injury Crash,No,2009,,West,,0,,Flat,,,,,,Overcast,1443200,0,0,0,2,,,0,,,,,,Hawke's Bay Region,Nil,2-way,Sealed,,0,0,,70,,Null,0,0,,31,Napier City,Give way,,,,,0,0,Urban,1,,,Fine,Null
1779512,5571827,14738,,558300,0,0,0,0,0,South,2009/2010,Z FORESTRY TRACK,PAURI ROAD/PAURI DOMAIN R,,Non-Injury Crash,No,2009,0,North,0,0,0,Flat,0,,0,,0,Dark,1687400,0,0,0,0,0,0,0,0,0,,0,0,Manawatū-Whanganui Region,Nil,Off road,Unsealed,0,0,0,0,100,0,None,0,0,,37,Whanganui District,Nil,0,0,0,0,0,0,Open,1,0,0,Fine,Null
1711342,5635326,14739,,553601,0,0,0,1,0,South,2009/2010,COLLINGWOOD ST,GEORGE ST,,Non-Injury Crash,No,2009,0,South,0,0,1,Flat,0,,0,,0,Dark,1634400,0,0,0,2,0,0,0,0,0,,0,0,Taranaki Region,Nil,2-way,Sealed,0,0,0,0,50,0,On,0,0,,35,South Taranaki District,Nil,0,0,0,0,0,0,Urban,0,0,0,Fine,Null
1783675,5914899,14740,,523300,0,0,0,1,0,North,2009/2010,MARAETAI COAST ROAD,NORTH ROAD,,Non-Injury Crash,No,2009,0,North,0,0,0,Flat,0,,0,,0,Bright sun,720200,0,0,0,2,0,0,0,0,0,,0,0,Auckland Region,Nil,2-way,Sealed,0,0,0,0,50,0,None,0,0,,76,Auckland,Nil,0,0,0,1,0,0,Urban,0,0,0,Null,Null
1751791,5949356,14741,,505805,0,,0,0,,West,2009/2010,RIVERSIDE ROAD,HIBISCUS COAST HIGHWAY,,Non-Injury Crash,No,2009,,West,,0,,Flat,,,,,,Bright sun,172107,0,0,0,2,,,0,,,,,,Auckland Region,Nil,2-way,Sealed,,0,0,,50,,Off,0,0,,76,Auckland,Nil,,,,,1,0,Urban,0,,,Fine,Null
1950002,5791303,14742,,542410,0,0,0,0,0,East,2009/2010,DOMAIN ROAD,KING ST,,Non-Injury Crash,No,2009,0,West,0,0,0,Flat,0,,0,,1,Dark,1307300,0,0,0,2,0,0,0,0,0,,0,1,Bay of Plenty Region,Nil,2-way,Sealed,0,0,0,0,50,0,On,1,0,,25,Whakatane District,Unknown,0,0,0,0,0,0,Urban,0,0,0,Light rain,Null
1797175,5816314,14743,,528501,1,,0,1,,West,2009/2010,GRANDVIEW ROAD,HOLMES ST,,Non-Injury Crash,No,2009,,West,,0,,Flat,,,,,,Bright sun,905500,0,0,0,2,,,0,,,,,,Waikato Region,Nil,2-way,Sealed,,0,0,,50,,Null,0,0,,16,Hamilton City,Unknown,,,,,0,0,Urban,0,,,Fine,Null
1762495,5437524,14744,,568402,0,,0,2,,Null,2008/2009,HIGH ST,DAYSH ST,,Non-Injury Crash,No,2009,,North,,0,,Flat,,,,,,Dark,1943400,0,0,0,2,,,0,,,,,,Wellington Region,Nil,2-way,Sealed,,0,0,,50,,On,0,0,,46,Lower Hutt City,Give way,,,,,0,0,Urban,0,,,Light rain,Null
1868178,5712151,14745,,541740,0,,0,1,,North,2009/2010,LAKE TERRACE,MERE ROAD,,Non-Injury Crash,No,2009,,North,,0,,Hill Road,,,,,,Overcast,1268501,0,0,0,2,,,0,,,,,,Waikato Region,Nil,2-way,Sealed,,0,0,,50,,Null,0,0,,21,Taupo District,Unknown,,,,,0,0,Urban,1,,,Light rain,Null
1771147,5900574,14746,,523817,0,0,0,0,0,North,2009/2010,PORCHESTER ROAD,SHERIFF PLACE,,Non-Injury Crash,No,2009,0,North,0,0,0,Flat,0,,0,,0,Dark,759733,0,0,0,2,0,0,0,0,0,,0,0,Auckland Region,Nil,2-way,Sealed,0,0,0,0,70,0,None,0,0,,76,Auckland,Nil,0,0,0,1,0,0,Urban,1,0,0,Fine,Null
1680097,5403775,14747,,581230,0,,0,1,,Null,2008/2009,SH 1S,REDWOOD ST,,Non-Injury Crash,Yes,2009,,South,,0,,Flat,,,,,,Bright sun,2299800,0,0,0,2,,,0,,,,,,Marlborough Region,Nil,2-way,Sealed,,0,0,,50,,Null,1,0,,53,Marlborough District,Give way,,,,,0,0,Urban,0,,,Fine,Null
1748378,5426180,14748,,573300,0,,0,1,,West,2008/2009,BIDWILL ST,WALLACE ST,,Non-Injury Crash,No,2009,,East,,0,,Hill Road,,,,,,Overcast,2145100,0,0,1,2,,,0,,,,,,Wellington Region,Nil,2-way,Sealed,,0,0,,50,,Null,0,0,,47,Wellington City,Nil,,,,,0,0,Urban,0,,,Light rain,Null
1888119,5773471,14749,,538721,0,,0,1,,North,2009/2010,SH 30,BASLEY ROAD,,Non-Injury Crash,Yes,2009,,North,,0,,Flat,,,,,,Bright sun,1254404,0,0,0,2,,,0,,,,,,Bay of Plenty Region,Nil,2-way,Sealed,,0,0,,60,,Null,0,0,,24,Rotorua District,Unknown,,,,,0,0,Urban,1,,,Fine,Null
1620966,5430053,14750,,583100,0,,0,1,,East,2008/2009,BISLEY AVENUE,SH 6,,Non-Injury Crash,No,2009,,North,,0,,Hill Road,,,,,,Dark,2334400,0,0,0,2,,,0,,,,,,Nelson Region,Nil,2-way,Sealed,,0,0,,50,,On,0,0,,52,Nelson City,Nil,,,,,0,0,Urban,1,,,Fine,Null
1636399,5289282,14751,35,585601,0,0,0,0,1,South,2008/2009,SH 1S,OKARAHIA STM CV,,Non-Injury Crash,Yes,2009,0,North,0,0,0,Hill Road,0,,0,,0,Bright sun,2310702,0,0,0,2,0,0,0,0,0,,0,0,Canterbury Region,Nil,2-way,Sealed,0,0,0,0,100,0,Null,0,0,,58,Hurunui District,Unknown,0,0,0,0,0,0,Open,1,0,0,Fine,Null
1873452,5710394,14752,,541313,0,,0,0,,East,2009/2010,SH 5,MOUNTAIN ROAD,,Non-Injury Crash,Yes,2009,,East,,0,,Flat,,,,,,Dark,1280009,0,0,0,2,,,0,,,,,,Waikato Region,Nil,2-way,Sealed,,0,0,,100,,None,0,0,,21,Taupo District,Unknown,,,,,2,0,Open,0,,,Fine,Null
1755441,5920694,14753,,515202,0,,0,2,,Null,2009/2010,JERVOIS ROAD,DEDWOOD TERRACE,,Non-Injury Crash,No,2009,,East,,0,,Flat,,,,,,Bright sun,425300,0,0,0,2,,,0,,,,,,Auckland Region,Nil,2-way,Sealed,,0,0,,50,,Off,0,1,,76,Auckland,Traffic Signals,,,,,0,0,Urban,0,,,Fine,Null
1749079,5424413,14754,,576400,0,0,0,1,0,South,2009/2010,MANSFIELD ST,HORNER ST,,Non-Injury Crash,No,2009,0,South,0,0,0,Flat,0,,1,,0,Twilight,2170300,0,0,0,2,0,0,0,0,0,,0,0,Wellington Region,Nil,2-way,Sealed,0,0,0,0,50,0,Off,0,0,,47,Wellington City,Nil,0,0,0,0,0,0,Urban,0,0,0,Fine,Null
1761837,5438364,14755,,569500,0,,0,1,,Null,2008/2009,SH 2,FAIRWAY DRIVE,,Non-Injury Crash,Yes,2009,,South,,0,,Flat,,,,,,Dark,1917500,0,0,0,2,,,0,,,,,,Wellington Region,Nil,2-way,Sealed,,0,0,,100,,On,0,0,,46,Lower Hutt City,Traffic Signals,,,,,1,0,Open,0,,,Light rain,Frost
1764627,5920080,14756,,516601,0,,0,2,,West,2009/2010,TAMAKI DRIVE,SAGE ROAD,,Non-Injury Crash,No,2009,,East,,0,,Flat,,,,,,Bright sun,504200,0,0,0,2,,,0,,,,,,Auckland Region,Nil,2-way,Sealed,,0,0,,50,,Off,0,0,,76,Auckland,Nil,,,,,0,0,Urban,0,,,Fine,Null
1766663,5912929,14757,,522910,0,,0,2,,Null,2008/2009,TI RAKAU DRIVE,REEVES ROAD,,Non-Injury Crash,No,2009,,South,,0,,Flat,,,,,,Bright sun,684000,0,0,0,6,,,0,,,,,,Auckland Region,Nil,2-way,Sealed,,0,0,,50,,Null,0,0,,76,Auckland,Traffic Signals,,,,,0,0,Urban,0,,,Fine,Null
1789692,5500829,14758,,564011,0,0,0,1,0,West,2008/2009,HOKIO BEACH ROAD,ARAWHATA ROAD,,Non-Injury Crash,No,2009,0,West,0,0,1,Flat,0,,0,,0,Dark,1855600,0,0,0,2,0,0,0,1,0,,0,0,Manawatū-Whanganui Region,Nil,2-way,Sealed,0,0,0,0,100,0,None,0,0,,42,Horowhenua District,Nil,0,0,0,0,0,0,Open,0,0,1,Fine,Null
1763737,5912625,14759,,520500,0,,0,2,,South,2009/2010,SH 1N,MT WGTN ON NBD,,Non-Injury Crash,Yes,2009,,North,,0,,Flat,,,,,,Bright sun,637300,0,0,0,2,,,0,,,,,,Auckland Region,Nil,1-way,Sealed,,0,0,,100,,Off,0,0,,76,Auckland,Nil,,,,,0,0,Open,0,,,Fine,Null
1761403,5915929,14760,,516003,0,0,0,0,0,North,2008/2009,LADIES MILE,ABBOTTS WAY,,Non-Injury Crash,No,2009,0,North,0,0,0,Flat,0,,0,,0,Dark,494902,0,0,0,2,0,0,0,0,0,,0,1,Auckland Region,Nil,2-way,Sealed,0,0,0,0,50,0,On,0,0,,76,Auckland,Nil,0,0,0,0,1,0,Urban,0,0,0,Fine,Null
1771607,5895229,14761,,525530,0,,0,2,,Null,2009/2010,BEACH ROAD,PAPAKURA OFF SBD,,Non-Injury Crash,Yes,2009,,South,,0,,Flat,,Christmas New Year,,,,Bright sun,804901,0,0,0,2,,,0,,,,,,Auckland Region,Nil,2-way,Sealed,,0,0,,50,,Off,0,0,,76,Auckland,Give way,,,,,0,0,Urban,0,,,Fine,Null
1817072,5803125,14762,,527503,0,,0,2,,South,2009/2010,VICTORIA ST,ALPHA ST,,Non-Injury Crash,No,2009,,North,,0,,Flat,,,,,,Bright sun,964900,0,0,0,2,,,0,,,,,,Waikato Region,Nil,1-way,Sealed,,0,0,,50,,Null,0,0,,17,Waipa District,Unknown,,,,,0,0,Urban,0,,,Fine,Null
1756964,5434938,14763,,569900,0,,0,2,,Null,2009/2010,HUTT ROAD,KOROKORO ROAD,,Non-Injury Crash,No,2009,,East,,0,,Flat,,,,,,Bright sun,2034700,0,0,0,2,,,0,,,,,,Wellington Region,Bridge,2-way,Sealed,,0,0,,50,,Null,0,0,,46,Lower Hutt City,Give way,,,,,0,0,Urban,0,,,Fine,Null
1936855,5612880,14764,,545832,0,,0,2,,Null,2008/2009,SH 2,NGARURORO BR,,Non-Injury Crash,Yes,2009,,North,,0,,Flat,,,,,,Twilight,1404200,0,0,0,2,,,0,,,,,,Hawke's Bay Region,Bridge,2-way,Sealed,,0,0,,100,,None,0,0,,30,Hastings District,Nil,,,,,0,0,Open,0,,,Light rain,Null
1246563,4847630,14765,,611500,0,,0,0,,Null,2008/2009,ROCKDALE ROAD,TRAMWAY ROAD,,Non-Injury Crash,No,2009,,South,,0,,Flat,,,,,,Overcast,3142400,0,0,0,2,,,0,,,,,,Southland Region,Nil,2-way,Sealed,,0,0,,100,,Null,0,0,,75,Invercargill City,Give way,,,,,1,0,Open,1,,,Light rain,Null
1807705,5517444,14766,,563802,0,0,0,1,0,North,2008/2009,SH 56,CAMPBELLS ROAD,,Non-Injury Crash,Yes,2009,0,South,1,0,0,Flat,0,,0,,0,Overcast,1852600,0,0,0,2,0,0,0,0,0,,0,0,Manawatū-Whanganui Region,Nil,2-way,Sealed,0,0,0,0,100,0,Null,0,0,,42,Horowhenua District,Nil,0,0,0,0,0,0,Open,0,0,0,Fine,Null
1752415,5916067,14767,,517901,0,,0,3,,North,2009/2010,NEW NORTH ROAD,RICHARDSON ROAD,,Non-Injury Crash,No,2009,,South,,0,,Flat,,Labour Weekend,,,,Overcast,524800,0,0,0,4,,,0,,,,,,Auckland Region,Nil,2-way,Sealed,,0,0,,50,,Off,0,0,,76,Auckland,Nil,,,,,0,0,Urban,0,,,Light rain,Null
1756939,5434364,14768,,569900,0,0,0,1,0,Null,2008/2009,THE ESPLANADE,VICTORIA ST,,Non-Injury Crash,No,2009,0,East,0,0,0,Flat,0,,0,,0,Overcast,2034000,0,0,0,2,0,0,0,0,0,,0,1,Wellington Region,Nil,2-way,Sealed,0,0,0,0,50,0,Null,0,0,,46,Lower Hutt City,Stop,0,0,0,0,1,0,Urban,0,0,0,Light rain,Null
1759036,5903816,14769,,524200,0,,0,2,,Null,2009/2010,GEORGE BOLT MEMORIAL DRIV,MANU TAPU DRIVE,,Non-Injury Crash,No,2009,,North,,0,,Flat,,,,,,Bright sun,727200,0,0,0,2,,,0,,,,,,Auckland Region,Nil,2-way,Sealed,,0,0,,50,,Off,0,0,,76,Auckland,Give way,,,,,0,0,Urban,0,,,Fine,Null
1846793,5854475,14770,,534200,0,0,0,1,1,East,2009/2010,PUKEKAURI ROAD,WAITAWHETA ROAD,,Non-Injury Crash,No,2009,0,South,0,0,0,Flat,0,,0,,0,Overcast,1084000,0,0,0,2,0,0,0,0,0,,0,0,Waikato Region,Nil,2-way,Sealed,0,0,0,0,100,0,None,0,0,,12,Hauraki District,Nil,0,0,0,0,0,0,Open,0,0,0,Fine,Null
1815985,5804499,14771,,527502,0,0,0,0,0,Null,2009/2010,VOGEL ST,TAYLOR ST,,Non-Injury Crash,No,2009,0,South,0,0,1,Flat,0,,0,,0,Bright sun,963200,0,0,0,2,0,0,0,0,0,,0,0,Waikato Region,Nil,2-way,Sealed,0,0,0,0,50,0,Off,1,0,,17,Waipa District,Give way,0,0,0,0,0,0,Urban,0,0,0,Fine,Null
1749379,5424968,14772,,576400,0,,0,2,,East,2008/2009,CONSTABLE ST,OWEN ST,,Non-Injury Crash,No,2009,,West,,0,,Hill Road,,Easter,,,,Bright sun,2170000,0,0,0,2,,,0,,,,,,Wellington Region,Nil,2-way,Sealed,,0,0,,40,,Null,0,0,,47,Wellington City,Nil,,,,,0,0,Urban,0,,,Fine,Null
1768545,5900858,14773,,525001,0,0,0,2,0,South,2009/2010,SELWYN ROAD,LUPTON ROAD,,Non-Injury Crash,No,2009,0,North,0,0,0,Flat,0,,0,,0,Bright sun,752100,0,0,0,2,0,0,0,0,0,,0,0,Auckland Region,Nil,2-way,Sealed,0,0,0,0,50,0,Off,0,0,,76,Auckland,Nil,0,0,0,0,0,0,Urban,0,1,0,Fine,Null
1622449,5430404,14774,,582402,0,0,0,0,0,West,2008/2009,ABRAHAM HEIGHTS,MONTREAL ROAD,,Non-Injury Crash,No,2009,0,East,0,0,0,Hill Road,0,,0,,0,Bright sun,2327602,0,0,0,2,0,0,0,1,1,,0,0,Nelson Region,Nil,2-way,Sealed,0,0,0,0,50,0,Null,2,0,,52,Nelson City,Nil,0,0,0,0,0,0,Urban,0,0,0,Fine,Frost
1916081,5604836,14775,,545841,0,,0,1,,Null,2009/2010,SH 50,MARAEKAKAHO ROAD,,Non-Injury Crash,Yes,2009,,South,,0,,Flat,,,,,,Bright sun,1462901,0,0,0,2,,,0,,,,,,Hawke's Bay Region,Nil,2-way,Sealed,,0,0,,100,,Null,0,0,,30,Hastings District,Give way,,,,,0,0,Open,1,,,Fine,Frost
1780347,5485919,14776,,564400,0,,0,2,,Null,2008/2009,AOTAKI ST,TEMUERA ST,,Non-Injury Crash,No,2009,,North,,0,,Flat,,,,,,Dark,1880901,0,0,0,2,,,0,,,,,,Wellington Region,Nil,2-way,Sealed,,0,0,,50,,On,0,0,,43,Kapiti Coast District,Nil,,,,,0,0,Urban,0,,,Light rain,Null
1788200,5754734,14777,,532000,0,0,0,0,0,South,2009/2010,AILSA ST,EKETONE ST,,Non-Injury Crash,No,2009,0,North,0,0,1,Hill Road,0,,0,,0,Dark,1008100,0,0,0,2,0,0,0,0,0,,0,0,Waikato Region,Nil,2-way,Sealed,0,0,0,0,50,0,None,0,0,,20,Waitomo District,Unknown,0,0,0,1,0,0,Urban,1,0,0,Fine,Null
1801117,5814507,14778,,529700,0,,0,2,,North,2009/2010,TRISTRAM ST,BRIDGE ST,,Non-Injury Crash,No,2009,,South,,0,,Flat,,,,,,Bright sun,912500,0,0,0,2,,,0,,,,,,Waikato Region,Nil,2-way,Sealed,,0,0,,50,,Off,0,0,,16,Hamilton City,Give way,,,,,0,0,Urban,0,,,Fine,Null
1759814,5431738,14779,,570300,0,,0,1,,South,2009/2010,MARINE DRIVE,PORT ROAD,,Non-Injury Crash,No,2009,,South,,0,,Flat,,,,,,Bright sun,1981300,0,0,0,2,,,0,,,,,,Wellington Region,Nil,2-way,Sealed,,0,0,,50,,Null,0,0,,46,Lower Hutt City,Nil,,,,,1,0,Urban,0,,,Fine,Null
1618803,5425739,14780,,581715,0,0,0,1,0,South,2009/2010,Z DWAY 678 MAIN ROAD,MAIN/MANSON,,Non-Injury Crash,No,2009,0,West,0,0,0,Flat,0,,0,,0,Bright sun,2359711,0,0,0,0,0,0,0,0,1,,0,0,Nelson Region,Nil,Off road,Sealed,0,0,0,0,50,0,Null,0,0,,52,Nelson City,Nil,0,0,0,0,0,0,Urban,1,0,0,Fine,Null