X,Y,OBJECTID,advisorySpeed,areaUnitID,bicycle,bridge,bus,carStationWagon,cliffBank,crashDirectionDescription,crashFinancialYear,crashLocation1,crashLocation2,crashRoadSideRoad,crashSeverity,crashSHDescription,crashYear,debris,directionRoleDescription,ditch,fatalCount,fence,flatHill,guardRail,holiday,houseOrBuilding,intersection,kerb,light,meshblockId,minorInjuryCount,moped,motorcycle,NumberOfLanes,objectThrownOrDropped,otherObject,otherVehicleType,overBank,parkedVehicle,pedestrian,phoneBoxEtc,postOrPole,region,roadCharacter,roadLane,roadSurface,roadworks,schoolBus,seriousInjuryCount,slipOrFlood,speedLimit,strayAnimal,streetLight,suv,taxi,temporarySpeedLimit,tlaId,tlaName,trafficControl,trafficIsland,trafficSign,train,tree,truck,unknownVehicleType,urban,vanOrUtility,vehicle,waterRiver,weatherA,weatherB
1741418,5915260,14781,,513020,0,0,0,1,0,West,2009/2010,HENDERSON VALLEY ROAD,GUM ROAD,,Non-Injury Crash,No,2009,0,North,1,0,0,Flat,0,,0,,0,Overcast,280103,0,0,0,2,0,0,0,0,0,,0,0,Auckland Region,Nil,2-way,Sealed,0,0,0,0,70,0,Null,0,0,,76,Auckland,Unknown,0,0,0,0,0,0,Urban,0,0,0,Heavy rain,Null
1796827,5838709,14782,,527111,0,0,0,1,0,East,2009/2010,ORINI ROAD,OLD ROAD,,Non-Injury Crash,No,2009,0,East,0,0,1,Flat,0,,0,,0,Dark,948900,0,0,0,2,0,0,0,0,0,,0,0,Waikato Region,Nil,2-way,Sealed,0,0,0,0,100,0,None,0,0,,13,Waikato District,Unknown,0,0,0,0,0,0,Open,0,0,0,Fine,Null
1763791,5912976,14783,,520402,0,,0,1,,West,2009/2010,ARANUI ROAD,MOUNT WELLINGTON HIGHWAY,,Non-Injury Crash,No,2009,,East,,0,,Flat,,,,,,Overcast,641502,0,0,0,2,,,0,,,,,,Auckland Region,Nil,2-way,Sealed,,0,0,,50,,Null,0,0,30,76,Auckland,Traffic Signals,,,,,1,0,Urban,0,,,Light rain,Null
1758898,5917640,14784,,516101,0,,0,2,,North,2009/2010,REMUERA ROAD,BEATRICE ROAD,,Non-Injury Crash,No,2009,,North,,0,,Flat,,,,,,Bright sun,481600,0,0,0,4,,,0,,,,,,Auckland Region,Nil,2-way,Sealed,,0,0,,50,,Off,0,0,,76,Auckland,Nil,,,,,0,0,Urban,0,,,Fine,Null
1754893,5444251,14785,,570900,0,,0,1,,Null,2008/2009,TITAHI BAY ROAD,MUNGAVIN AVENUE,,Non-Injury Crash,No,2009,,South,,0,,Flat,,,,,,Overcast,2056604,0,0,0,2,,,0,,,,,,Wellington Region,Nil,2-way,Sealed,,0,0,,50,,Null,0,0,,44,Porirua City,Give way,,,,,0,0,Urban,1,,,Fine,Null
1748989,5427218,14786,,573101,0,,0,2,,East,2008/2009,COURTENAY PLACE,TARANAKI ST,,Non-Injury Crash,No,2009,,East,,0,,Flat,,Queens Birthday,,,,Dark,2135600,0,0,0,2,,,0,,,,,,Wellington Region,Nil,2-way,Sealed,,0,0,,50,,On,0,0,,47,Wellington City,Nil,,,,,0,0,Urban,0,,,Fine,Null
1755720,5446052,14787,,571501,0,,0,1,,Null,2008/2009,WHITFORD BROWN AVENUE,PAPAKOWHAI ROAD,,Non-Injury Crash,No,2009,,South,,0,,Hill Road,,,,,,Bright sun,2056616,0,0,0,2,,,0,,,,,,Wellington Region,Nil,2-way,Sealed,,0,0,,50,,Null,0,0,,44,Porirua City,Give way,,,,,0,0,Urban,2,,,Fine,Null
1767714,5904398,14788,,524604,0,,0,2,,North,2009/2010,GREAT SOUTH ROAD,MANUKAU STATION ROAD,,Non-Injury Crash,No,2009,,South,,0,,Flat,,,,,,Overcast,780302,0,0,0,4,,,0,,,,,,Auckland Region,Nil,2-way,Sealed,,0,0,,50,,Off,0,0,,76,Auckland,Nil,,,,,0,0,Urban,0,,,Fine,Null
1766722,5904676,14789,,524604,0,,0,2,,Null,2008/2009,LAMBIE DRIVE,CAVENDISH DRIVE,,Non-Injury Crash,No,2009,,North,,0,,Flat,,,,,,Bright sun,780209,0,0,0,4,,,0,,,,,,Auckland Region,Nil,2-way,Sealed,,0,0,,50,,Off,0,0,,76,Auckland,Give way,,,,,0,0,Urban,0,,,Fine,Null
1932992,5602116,14790,,548831,0,0,0,2,0,North,2008/2009,NAPIER ROAD,BENNELONG PLACE,,Non-Injury Crash,No,2009,0,South,0,0,0,Flat,0,Easter,0,,0,Dark,1509100,0,0,0,2,0,0,0,0,1,,0,0,Hawke's Bay Region,Nil,2-way,Sealed,0,0,0,0,50,0,On,0,0,,30,Hastings District,Nil,0,0,0,0,0,0,Urban,0,0,0,Fine,Null
1764996,5911741,14791,,520500,0,,0,2,,Null,2009/2010,PANAMA ROAD,CARBINE ROAD,,Non-Injury Crash,No,2009,,East,,0,,Flat,,,,,,Bright sun,635602,0,0,0,3,,,0,,,,,,Auckland Region,Nil,2-way,Sealed,,0,0,,50,,Off,0,0,,76,Auckland,Traffic Signals,,,,,0,0,Urban,0,,,Fine,Null
1758033,5926714,14792,,508010,1,,0,1,,Null,2009/2010,BRACKEN AVENUE,BURNS AVENUE,,Non-Injury Crash,No,2009,,South,,0,,Flat,,,,,,Overcast,325100,0,0,0,2,,,0,,,,,,Auckland Region,Nil,2-way,Sealed,,0,0,,50,,Null,0,0,,76,Auckland,Give way,,,,,0,0,Urban,0,,,Fine,Null
1802004,5816928,14793,,530000,0,,0,1,,Null,2009/2010,PEACHGROVE ROAD,BOUNDARY ROAD,,Non-Injury Crash,No,2009,,North,,0,,Flat,,,,,,Overcast,867400,0,0,0,2,,,0,,,,,,Waikato Region,Nil,2-way,Sealed,,0,0,,50,,Null,1,1,,16,Hamilton City,Give way,,,,,0,0,Urban,0,,,Light rain,Null
1749005,5426284,14794,,576500,1,,0,1,,Null,2009/2010,SH 1N,ADELAIDE ROAD,,Non-Injury Crash,Yes,2009,,West,,0,,Flat,,,,,,Bright sun,2147900,0,0,0,3,,,0,,,,,,Wellington Region,Nil,2-way,Sealed,,0,0,,50,,Null,0,0,,47,Wellington City,Traffic Signals,,,,,0,0,Urban,0,,,Fine,Null
1926218,5606304,14795,,545761,0,0,0,2,0,Null,2008/2009,SH 50A,FLAXMERE AVENUE,,Non-Injury Crash,No,2009,0,East,0,0,0,Flat,0,,0,,0,Bright sun,1469905,0,0,0,2,0,0,0,0,0,,0,0,Hawke's Bay Region,Nil,2-way,Sealed,0,0,0,0,50,0,Null,0,0,,30,Hastings District,Give way,1,0,0,0,0,0,Urban,0,0,0,Fine,Null
1821155,5463242,14796,,579100,0,0,0,1,0,South,2009/2010,NGAUMUTAWA ROAD,HILLCREST ST,,Non-Injury Crash,No,2009,0,North,0,0,0,Flat,0,,0,,0,Bright sun,2247900,0,0,0,2,0,0,0,0,0,,0,0,Wellington Region,Nil,2-way,Sealed,0,0,0,0,100,0,Null,0,0,,48,Masterton District,Nil,0,0,0,0,0,0,Open,0,0,0,Fine,Null
1755014,5444260,14797,,571000,0,0,0,1,0,Null,2008/2009,MUNGAVIN AVENUE,CHAMPION ST,,Non-Injury Crash,No,2009,0,South,0,0,1,Flat,0,,0,,0,Dark,2051100,0,0,0,2,0,0,0,0,0,,0,0,Wellington Region,Nil,2-way,Sealed,0,0,0,0,50,0,On,0,0,,44,Porirua City,Give way,0,0,0,1,0,0,Urban,0,0,0,Fine,Null
1762228,5913570,14798,,520500,0,,0,2,,South,2009/2010,SH 1N,PENROSE OBR,,Non-Injury Crash,Yes,2009,,North,,0,,Flat,,,,,,Bright sun,637100,0,0,0,3,,,0,,,,,,Auckland Region,Nil,1-way,Sealed,,0,0,,100,,Off,0,0,,76,Auckland,Nil,,,,,1,0,Open,1,,,Fine,Null
1819688,5530180,14799,,562310,0,,0,2,,East,2009/2010,TREMAINE AVENUE,BOTANICAL ROAD,,Non-Injury Crash,No,2009,,West,,0,,Hill Road,,,,,,Bright sun,1821800,0,0,0,2,,,0,,,,,,Manawatū-Whanganui Region,Nil,2-way,Sealed,,0,0,,80,,Null,0,0,,40,Palmerston North City,Nil,,,,,0,0,Open,0,,,Fine,Null
1753373,5423765,14800,,577500,0,,0,1,,Null,2008/2009,INGLIS ST,DUNDAS ST,,Non-Injury Crash,No,2009,,East,,0,,Flat,,,,,,Bright sun,2210900,0,0,0,2,,,0,,,,,,Wellington Region,Nil,2-way,Sealed,,0,0,,50,,Null,0,0,,47,Wellington City,Give way,,,,,0,0,Urban,1,,,Fine,Null
1788830,5761707,14801,,531731,0,,0,0,,North,2008/2009,SH 3,OPARURE ROAD,,Non-Injury Crash,Yes,2009,,South,,0,,Flat,,,,,,Overcast,1020201,0,0,0,2,,,0,,,,,,Waikato Region,Nil,2-way,Sealed,,0,0,,100,,None,0,0,,20,Waitomo District,Nil,,,,,1,0,Open,0,,,Fine,Null
1767132,5902880,14802,,524602,0,,0,2,,West,2009/2010,KERRS ROAD,DRUCES ROAD,,Non-Injury Crash,No,2009,,West,,0,,Flat,,,,,,Overcast,780404,0,0,0,2,,,0,,,,,,Auckland Region,Nil,2-way,Sealed,,0,0,,70,,Off,0,0,,76,Auckland,Nil,,,,,0,0,Urban,0,,,Fine,Null
1868001,5812271,14803,,536630,0,0,0,0,1,North,2008/2009,SH 29,THORN ROAD,,Non-Injury Crash,Yes,2009,0,South,0,0,1,Hill Road,0,,0,,0,Overcast,1191500,0,0,0,3,0,0,0,0,0,,0,0,Bay of Plenty Region,Nil,2-way,Sealed,0,0,0,0,100,0,Null,1,0,,22,Western Bay of Plenty District,Unknown,0,0,0,0,0,0,Open,0,0,0,Heavy rain,Null
1753819,5930361,14804,,508420,0,0,0,2,0,East,2009/2010,SUNSET ROAD,TRIAS ROAD,,Non-Injury Crash,No,2009,0,West,0,0,0,Flat,0,,0,,0,Dark,182001,0,0,0,2,0,0,0,0,1,,0,0,Auckland Region,Nil,2-way,Sealed,0,0,0,0,50,0,On,0,0,,76,Auckland,Nil,0,0,0,0,0,0,Urban,0,0,0,Fine,Null
1936856,5619364,14805,,545632,0,,0,1,,Null,2008/2009,SH 2,SH 2 ELLISON,,Non-Injury Crash,Yes,2009,,North,,0,,Flat,,,,,,Bright sun,1402700,0,0,1,2,,,0,,,,,,Hawke's Bay Region,Nil,2-way,Sealed,,0,0,,50,,Null,0,0,,31,Napier City,Give way,,,,,0,0,Urban,0,,,Fine,Null
1764798,5914635,14806,,520602,0,,0,2,,East,2009/2010,IRELAND ROAD,CLEARY ROAD,,Non-Injury Crash,No,2009,,East,,0,,Flat,,,,,,Bright sun,628602,0,0,0,2,,,0,,,,,,Auckland Region,Nil,2-way,Sealed,,0,0,,50,,Off,0,0,,76,Auckland,Nil,,,,,0,0,Urban,0,,,Fine,Null
1759202,5435879,14807,,569100,0,,0,2,,West,2009/2010,RAILWAY AVENUE,QUEENS DRIVE,,Non-Injury Crash,No,2009,,East,,0,,Hill Road,,,,,,Overcast,1966200,0,0,0,2,,,0,,,,,,Wellington Region,Nil,2-way,Sealed,,0,0,,50,,Null,0,0,,46,Lower Hutt City,Nil,,,,,0,0,Urban,0,,,Fine,Null
1821805,5529313,14808,,562800,0,,0,2,,Null,2009/2010,THE SQUARE,FITZHERBERT AVENUE,,Non-Injury Crash,No,2009,,West,,0,,Flat,,,,,,Dark,1828700,0,0,0,2,,,0,,,,,,Manawatū-Whanganui Region,Nil,2-way,Sealed,,0,0,,50,,On,0,0,,40,Palmerston North City,Traffic Signals,,,,,0,0,Urban,0,,,Fine,Null
1678919,5404344,14809,,581210,0,,0,1,,East,2009/2010,SH 6,MCLAUCHLAN ST,,Non-Injury Crash,Yes,2009,,East,,0,,Flat,,,,,,Overcast,2297000,0,0,0,2,,,0,,,,,,Marlborough Region,Nil,2-way,Sealed,,0,0,,50,,Null,1,0,,53,Marlborough District,Nil,,,,,0,0,Urban,0,,,Fine,Null
1791669,5877436,14810,,521135,0,0,0,1,0,East,2008/2009,GOLF OFF WBD,GOLF ROAD,,Non-Injury Crash,Yes,2009,0,North,0,0,0,Hill Road,0,,0,,0,Bright sun,843500,0,0,0,1,0,0,0,1,0,,0,0,Waikato Region,Nil,1-way,Sealed,0,0,0,0,50,0,Off,0,0,,13,Waikato District,Nil,0,0,0,0,0,0,Urban,0,0,0,Fine,Null
1748792,5426917,14811,,573101,0,,0,2,,Null,2008/2009,SH 1N VIVIAN,TARANAKI ST,,Non-Injury Crash,Yes,2009,,East,,0,,Flat,,,,,,Dark,2133800,0,0,0,3,,,0,,,,,,Wellington Region,Nil,1-way,Sealed,,0,0,,50,,On,0,0,,47,Wellington City,Traffic Signals,,,,,0,0,Urban,0,,,Fine,Null
1692539,5675790,14812,,552002,0,,0,1,,Null,2008/2009,DAWSON ST,FULFORD ST,,Non-Injury Crash,No,2009,,South,,0,,Flat,,,,,,Overcast,1590300,0,0,0,2,,,0,,,,,,Taranaki Region,Nil,2-way,Sealed,,0,0,,50,,Null,0,0,,33,New Plymouth District,Give way,,,,,0,0,Urban,1,,,Fine,Null
1929396,5605536,14813,,548200,0,,0,2,,Null,2009/2010,Z FCT PAK N SAVE,CHARLES ST,,Non-Injury Crash,No,2009,,East,,0,,Flat,,,,,,Overcast,1490100,0,0,0,0,,,0,,,,,,Hawke's Bay Region,Nil,Off road,Sealed,,0,0,,50,,Null,0,0,,30,Hastings District,Nil,,,,,0,0,Urban,0,,,Fine,Null
1750535,5913526,14814,,511303,0,,0,2,,Null,2009/2010,NEVILLE ST,PORTAGE ROAD,,Non-Injury Crash,No,2009,,East,,0,,Hill Road,,,,,,Bright sun,265400,0,0,0,2,,,0,,,,,,Auckland Region,Nil,2-way,Sealed,,0,0,,50,,Off,0,0,,76,Auckland,Stop,,,,,0,0,Urban,0,,,Fine,Null
1759188,5916731,14815,,516001,0,,0,1,,South,2009/2010,MARKET OFF NBD,MARKET ROAD,,Non-Injury Crash,Yes,2009,,North,,0,,Hill Road,,,,,,Bright sun,491700,0,0,0,2,,,0,,,,,,Auckland Region,Nil,1-way,Sealed,,0,0,,50,,Off,0,0,,76,Auckland,Traffic Signals,,,,,1,0,Urban,0,,,Fine,Null
1774587,5578905,14816,,556800,0,,0,2,,Null,2008/2009,GLASGOW ST,HARRISON ST,,Non-Injury Crash,No,2009,,North,,0,,Flat,,,,,,Twilight,1703100,0,0,0,2,,,0,,,,,,Manawatū-Whanganui Region,Nil,2-way,Sealed,,0,0,,50,,Off,0,0,,37,Whanganui District,Give way,,,,,0,0,Urban,0,,,Light rain,Null
1754380,5930082,14817,,508420,0,0,0,1,0,East,2009/2010,TARGET ROAD,CHEVAL DRIVE,,Non-Injury Crash,No,2009,0,West,0,0,1,Flat,0,,0,,0,Bright sun,182020,0,0,0,2,0,0,0,0,0,,0,0,Auckland Region,Nil,2-way,Sealed,0,0,0,0,50,0,Off,0,0,,76,Auckland,Nil,1,0,0,0,0,0,Urban,0,0,0,Fine,Null
1930056,5604801,14818,,548200,0,,0,2,,North,2008/2009,QUEEN ST EAST,WARREN ST NORTH,,Non-Injury Crash,No,2009,,East,,0,,Flat,,,,,,Overcast,1492800,0,0,0,2,,,0,,,,,,Hawke's Bay Region,Nil,2-way,Sealed,,0,0,,50,,Null,0,0,,30,Hastings District,Nil,,,,,0,0,Urban,0,,,Fine,Null
1756563,5446016,14819,,571501,0,0,0,1,1,West,2008/2009,WHITFORD BROWN AVENUE,ROUTEBURN AVENUE,,Non-Injury Crash,No,2009,0,West,0,0,0,Hill Road,0,,0,,0,Dark,2056616,0,0,0,2,0,0,0,0,0,,0,0,Wellington Region,Nil,2-way,Sealed,0,0,0,0,50,0,On,0,0,,44,Porirua City,Nil,0,1,0,0,0,0,Urban,0,0,0,Fine,Null
1756086,5451560,14820,,571900,0,0,0,1,0,Null,2009/2010,AIRLIE ROAD,GORDON ROAD,,Non-Injury Crash,No,2009,0,South,0,0,0,Hill Road,0,,0,,0,Overcast,2067000,0,0,0,2,0,0,0,0,0,,0,1,Wellington Region,Nil,2-way,Sealed,0,0,0,0,50,0,Null,0,0,,44,Porirua City,Nil,0,0,0,0,0,0,Urban,0,0,0,Fine,Null
1749953,5913790,14821,,511303,0,,0,2,,South,2009/2010,RANKIN AVENUE,CLARK ST,,Non-Injury Crash,No,2009,,North,,0,,Flat,,,,,,Bright sun,264904,0,0,0,1,,,0,,,,,,Auckland Region,Nil,1-way,Sealed,,0,0,,50,,Null,0,0,,76,Auckland,Unknown,,,,,0,0,Urban,0,,,Fine,Null
1771710,5899059,14822,,523911,0,,0,2,,Null,2008/2009,AIRFIELD ROAD,PORCHESTER ROAD,,Non-Injury Crash,No,2009,,South,,0,,Flat,,,,,,Twilight,767302,0,0,0,2,,,0,,,,,,Auckland Region,Nil,2-way,Sealed,,0,0,,50,,On,0,0,,76,Auckland,Give way,,,,,0,0,Urban,0,,,Fine,Null
1870739,5816363,14823,,536630,0,,0,3,,South,2009/2010,SH 29,BELK ROAD,,Non-Injury Crash,Yes,2009,,South,,0,,Flat,,Christmas New Year,,,,Bright sun,1191702,0,0,0,2,,,0,,,,,,Bay of Plenty Region,Nil,2-way,Sealed,,0,0,,100,,None,0,0,,23,Tauranga City,Nil,,,,,0,0,Open,0,,,Fine,Null
1830351,5826739,14824,,534604,0,0,0,1,1,West,2009/2010,KEREONE ROAD,CUSSEN ROAD,,Non-Injury Crash,No,2009,0,West,0,0,0,Hill Road,0,,0,,0,Bright sun,1098604,0,0,0,2,0,0,0,0,0,,0,0,Waikato Region,Nil,2-way,Sealed,0,0,0,0,100,0,Null,0,0,,15,Matamata-Piako District,Unknown,0,0,0,0,0,0,Open,0,0,0,Fine,Null
1755173,5914291,14825,,518803,0,,0,3,,Null,2009/2010,DOMINION ROAD,MOUNT ALBERT ROAD,,Non-Injury Crash,No,2009,,North,,0,,Flat,,,,,,Bright sun,580100,0,0,0,2,,,0,,,,,,Auckland Region,Nil,2-way,Sealed,,0,0,,50,,Null,0,0,,76,Auckland,Traffic Signals,,,,,0,0,Urban,0,,,Fine,Null
1774869,5445886,14826,,566800,0,0,0,1,0,Null,2009/2010,TOTARA PARK ROAD,FERGUSSON DRIVE,,Non-Injury Crash,No,2009,0,South,0,0,0,Flat,0,,0,,0,Overcast,1909500,0,0,0,2,0,0,0,0,0,,0,1,Wellington Region,Nil,2-way,Sealed,0,0,0,0,50,0,Null,0,0,,45,Upper Hutt City,Give way,0,0,0,0,0,0,Urban,0,0,0,Fine,Null
1757947,5447800,14827,,572100,0,,0,0,,Null,2008/2009,SH 58,POSTGATE DRIVE,,Non-Injury Crash,Yes,2009,,North,,0,,Flat,,,,,,Overcast,2070500,0,0,0,2,,,0,,,,,,Wellington Region,Nil,2-way,Sealed,,0,0,,50,,Null,2,0,,44,Porirua City,Give way,,,,,0,0,Urban,0,,,Fine,Null
1885445,5825347,14828,,536832,0,0,0,0,0,East,2009/2010,MARANUI ST,SEASPRAY DRIVE,,Non-Injury Crash,No,2009,0,East,0,0,1,Flat,0,,0,,0,Dark,1202100,0,0,0,2,0,1,0,0,0,,0,0,Bay of Plenty Region,Nil,2-way,Sealed,0,0,0,0,50,0,On,0,0,,23,Tauranga City,Nil,0,0,0,1,0,0,Urban,1,0,0,Fine,Null
1765496,5908837,14829,,523403,0,0,0,1,0,South,2009/2010,SH 1N,PRINCES OBR,,Non-Injury Crash,Yes,2009,0,North,0,0,0,Flat,1,Christmas New Year,0,,0,Dark,700100,0,0,0,3,1,0,0,0,0,,0,0,Auckland Region,Nil,1-way,Sealed,0,0,0,0,100,0,On,0,0,,76,Auckland,Nil,0,0,0,0,0,0,Open,0,0,0,Fine,Null
1708460,5643361,14830,,553004,0,,0,0,,West,2008/2009,OPUNAKE ROAD,HASTIE ROAD,,Non-Injury Crash,No,2009,,West,,0,,Hill Road,,Queens Birthday,,,,Dark,1619101,0,0,0,2,,,0,,,,,,Taranaki Region,Nil,2-way,Sealed,,0,0,,100,,None,1,0,,34,Stratford District,Nil,,,,,0,0,Open,0,,,Fine,Null
1764002,5437573,14831,,568302,0,0,0,1,0,North,2009/2010,NAENAE ROAD,WESTBURY ST,,Non-Injury Crash,No,2009,0,North,0,0,0,Flat,0,,0,,0,Bright sun,1956600,0,0,0,2,0,0,0,0,1,,0,0,Wellington Region,Nil,2-way,Sealed,0,0,0,0,50,0,Null,1,0,,46,Lower Hutt City,Nil,0,0,0,0,0,0,Urban,0,0,0,Fine,Null
1776658,5578958,14832,,557700,0,0,0,0,0,North,2009/2010,RAINE ST,IKITARA ROAD,,Non-Injury Crash,No,2009,0,South,0,0,0,Flat,0,Labour Weekend,0,,0,Dark,1694001,0,0,0,2,0,0,0,0,1,,0,0,Manawatū-Whanganui Region,Nil,2-way,Sealed,0,0,0,0,50,0,On,1,0,,37,Whanganui District,Nil,0,0,0,0,0,0,Urban,1,0,0,Fine,Null
1756126,5923847,14833,,509800,0,,0,3,,South,2009/2010,SH 1N,ONEWA ON SBD,,Non-Injury Crash,Yes,2009,,South,,0,,Flat,,,,,,Bright sun,358800,0,0,0,4,,,0,,,,,,Auckland Region,Nil,2-way,Sealed,,0,0,,80,,Off,0,0,,76,Auckland,Nil,,,,,0,0,Open,0,,,Fine,Null
1657804,5303949,14834,,581400,0,,0,1,,East,2009/2010,WAKATU QUAY,AVOCA ST,,Non-Injury Crash,No,2009,,West,,0,,Flat,,,,,,Bright sun,2311801,0,0,0,1,,,0,,,,,,Canterbury Region,Nil,2-way,Unsealed,,0,0,,50,,Null,1,0,,54,Kaikoura District,Unknown,,,,,0,0,Urban,0,,,Fine,Null
1769762,5576779,14835,,555800,0,0,0,1,0,Null,2008/2009,CORNFOOT ST,CARSON ST,,Non-Injury Crash,No,2009,0,West,0,0,1,Flat,0,Easter,0,,0,Dark,1714200,0,0,0,2,0,0,0,0,0,,0,0,Manawatū-Whanganui Region,Nil,2-way,Sealed,0,0,0,0,50,0,On,0,0,,37,Whanganui District,Give way,0,0,0,0,0,0,Urban,0,0,0,Fine,Null
1777459,5911230,14836,,523202,0,0,0,0,1,South,2009/2010,WHITFORD-MARAETAI ROAD,HENSON ROAD,,Non-Injury Crash,No,2009,0,South,1,0,0,Flat,0,,0,,0,Overcast,718203,0,0,0,2,0,0,0,0,0,,0,0,Auckland Region,Nil,2-way,Sealed,0,0,0,0,100,0,Null,0,0,,76,Auckland,Unknown,0,0,0,0,0,0,Open,1,0,0,Heavy rain,Null
1677700,6113281,14837,,500402,0,,0,0,,East,2009/2010,SH 10,MATAURI BAY ROAD,,Non-Injury Crash,Yes,2009,,East,,0,,Flat,,,,,,Overcast,20401,0,0,0,2,,,0,,,,,,Northland Region,Nil,2-way,Sealed,,0,0,,100,,None,0,0,,1,Far North District,Nil,,,,,2,0,Open,0,,,Light rain,Strong wind
1933677,5618905,14838,,547400,0,,0,3,,Null,2008/2009,KENNEDY ROAD,ASHCROFT ST,,Non-Injury Crash,No,2009,,South,,0,,Flat,,,,,,Bright sun,1448102,0,0,0,2,,,0,,,,,,Hawke's Bay Region,Nil,2-way,Sealed,,0,0,,50,,Null,0,0,,31,Napier City,Give way,,,,,0,0,Urban,0,,,Fine,Null
1761158,5906520,14839,,524112,0,0,0,1,0,North,2009/2010,IMRIE AVENUE,FRIESIAN DRIVE,,Non-Injury Crash,No,2009,0,South,0,0,0,Flat,0,,0,,0,Dark,742500,0,0,0,2,0,0,0,0,0,,0,1,Auckland Region,Nil,2-way,Sealed,0,0,0,0,50,0,On,0,0,,76,Auckland,Nil,0,0,0,0,0,0,Urban,0,0,0,Fine,Null
1759252,5916672,14840,,516001,0,,0,1,,North,2009/2010,SH 1N,MARKET OFF NBD,,Non-Injury Crash,Yes,2009,,North,,0,,Flat,,,,,,Dark,491700,0,0,0,4,,,0,,,,,,Auckland Region,Nil,1-way,Sealed,,0,0,,100,,On,1,0,,76,Auckland,Nil,,,,,0,0,Open,0,,,Fine,Null
1757000,5917006,14841,,518102,0,,0,2,,East,2009/2010,RAUTANGI ROAD,MOUNT EDEN ROAD,,Non-Injury Crash,No,2009,,South,,0,,Flat,,,,,,Overcast,546700,0,0,0,2,,,0,,,,,,Auckland Region,Nil,2-way,Sealed,,0,0,,50,,Null,0,0,,76,Auckland,Unknown,,,,,0,0,Urban,0,,,Null,Null
1755381,5928964,14842,,508320,0,,0,1,,North,2009/2010,WAIRAU ROAD,TRISTRAM AVENUE,,Non-Injury Crash,No,2009,,South,,0,,Flat,,,,,,Bright sun,196700,0,0,0,3,,,0,,,,,,Auckland Region,Nil,2-way,Sealed,,0,0,,50,,None,0,0,,76,Auckland,Traffic Signals,,,,,0,0,Urban,1,,,Fine,Null
1749674,5913882,14843,,511303,0,,0,2,,Null,2009/2010,GREAT NORTH ROAD,TOTARA AVENUE,,Non-Injury Crash,No,2009,,West,,0,,Hill Road,,,,,,Overcast,264901,0,0,0,4,,,0,,,,,,Auckland Region,Nil,2-way,Sealed,,0,0,,50,,Off,0,0,,76,Auckland,Traffic Signals,,,,,0,0,Urban,0,,,Light rain,Null
1750341,5424345,14844,,576901,0,,0,1,,South,2008/2009,ONEPU ROAD,RONGOTAI ROAD,,Non-Injury Crash,No,2009,,South,,0,,Flat,,,,,,Overcast,2178300,0,0,0,2,,,0,,,,,,Wellington Region,Nil,2-way,Sealed,,0,0,,50,,Null,1,0,,47,Wellington City,Nil,,,,,0,0,Urban,0,,,Fine,Null
1930473,5607553,14845,,545721,0,,0,2,,Null,2009/2010,PAKOWHAI ROAD,EVENDEN ROAD,,Non-Injury Crash,No,2009,,South,,0,,Flat,,,,,,Dark,1471401,0,0,0,2,,,0,,,,,,Hawke's Bay Region,Nil,2-way,Sealed,,0,0,,50,,On,0,0,,30,Hastings District,Give way,,,,,0,0,Urban,0,,,Fine,Null
1881648,5774585,14846,,539310,0,,0,1,,North,2009/2010,EDMUND ROAD,LIANE PLACE,,Non-Injury Crash,No,2009,,North,,0,,Flat,,,,,,Twilight,1230802,0,0,0,2,,,0,,,,,,Bay of Plenty Region,Nil,2-way,Sealed,,0,0,,50,,On,0,0,,24,Rotorua District,Unknown,,,,,0,0,Urban,1,,,Fine,Null
1745410,5917448,14847,,510700,0,,0,2,,East,2009/2010,ALDERMAN DRIVE,GREAT NORTH ROAD,,Non-Injury Crash,No,2009,,East,,0,,Flat,,,,,,Overcast,239900,0,0,0,0,,,0,,,,,,Auckland Region,Nil,Off road,Sealed,,0,0,,20,,Null,0,0,,76,Auckland,Nil,,,,,0,0,Urban,0,,,Fine,Null
1747481,5914715,14848,,511100,0,,0,2,,Null,2008/2009,GREAT NORTH ROAD,GLENVIEW ROAD,,Non-Injury Crash,No,2009,,East,,0,,Hill Road,,,,,,Overcast,284800,0,0,0,3,,,0,,,,,,Auckland Region,Nil,2-way,Sealed,,0,0,,50,,Null,0,0,,76,Auckland,Traffic Signals,,,,,0,0,Urban,0,,,Fine,Null
1927668,5627863,14849,,545811,0,0,0,1,0,South,2008/2009,SEAFIELD ROAD,HOLT ROAD,,Non-Injury Crash,No,2009,0,South,0,0,0,Flat,0,,0,,0,Dark,1414100,0,0,0,2,0,0,0,0,0,,0,0,Hawke's Bay Region,Nil,2-way,Sealed,0,0,0,0,100,0,None,0,0,,30,Hastings District,Nil,0,0,0,0,0,0,Open,0,0,0,Fine,Null
1836220,5859975,14850,,534300,0,0,0,1,0,North,2009/2010,SH 2,MARSHALL ST,,Non-Injury Crash,Yes,2009,0,North,0,0,0,Flat,0,,0,,0,Bright sun,1070100,0,0,0,2,0,0,0,0,1,,0,0,Waikato Region,Nil,2-way,Sealed,0,0,0,0,50,0,Null,0,0,,12,Hauraki District,Unknown,0,0,0,0,1,0,Urban,0,0,0,Fine,Null