X,Y,OBJECTID,advisorySpeed,areaUnitID,bicycle,bridge,bus,carStationWagon,cliffBank,crashDirectionDescription,crashFinancialYear,crashLocation1,crashLocation2,crashRoadSideRoad,crashSeverity,crashSHDescription,crashYear,debris,directionRoleDescription,ditch,fatalCount,fence,flatHill,guardRail,holiday,houseOrBuilding,intersection,kerb,light,meshblockId,minorInjuryCount,moped,motorcycle,NumberOfLanes,objectThrownOrDropped,otherObject,otherVehicleType,overBank,parkedVehicle,pedestrian,phoneBoxEtc,postOrPole,region,roadCharacter,roadLane,roadSurface,roadworks,schoolBus,seriousInjuryCount,slipOrFlood,speedLimit,strayAnimal,streetLight,suv,taxi,temporarySpeedLimit,tlaId,tlaName,trafficControl,trafficIsland,trafficSign,train,tree,truck,unknownVehicleType,urban,vanOrUtility,vehicle,waterRiver,weatherA,weatherB
1930987,5604956,14851,,548200,0,0,0,2,0,South,2008/2009,WILLOWPARK ROAD NORTH,JERVOIS ST,,Non-Injury Crash,No,2009,0,North,0,0,0,Flat,0,,0,,0,Dark,1495200,0,0,0,2,0,0,0,0,1,,0,0,Hawke's Bay Region,Nil,2-way,Sealed,0,0,0,0,50,0,On,0,0,,30,Hastings District,Nil,0,0,0,0,0,0,Urban,0,0,0,Fine,Null
1773790,5445231,14852,,567100,0,,0,1,,Null,2008/2009,FERGUSSON DRIVE,PRINCES ST,,Non-Injury Crash,No,2009,,West,,0,,Flat,,,,,,Dark,1906300,0,0,0,2,,,0,,,,,,Wellington Region,Nil,2-way,Sealed,,0,0,,50,,On,1,0,,45,Upper Hutt City,Give way,,,,,0,0,Urban,0,,,Fine,Null
1939798,5795929,14853,,542530,0,,0,1,,Null,2009/2010,THORNTON ROAD,WEST BANK ROAD,,Non-Injury Crash,No,2009,,East,,0,,Flat,,,,,,Bright sun,1321900,0,0,0,2,,,0,,,,,,Bay of Plenty Region,Nil,2-way,Sealed,,0,0,,100,,Null,1,0,,25,Whakatane District,Stop,,,,,0,0,Open,0,,,Fine,Null
1759415,5925660,14854,,508110,0,,0,1,,South,2009/2010,LAKE ROAD,EVERSLEIGH ROAD,,Non-Injury Crash,No,2009,,South,,0,,Flat,,,,,,Bright sun,319200,0,0,0,2,,,0,,,,,,Auckland Region,Nil,2-way,Sealed,,0,0,,50,,None,2,0,,76,Auckland,Nil,,,,,0,0,Urban,0,,,Fine,Null
1767683,5905048,14855,,524603,0,,0,2,,Null,2009/2010,TE IRIRANGI DRIVE,TE IRIRANGI ON NBD,,Non-Injury Crash,No,2009,,East,,0,,Flat,,,,,,Bright sun,780304,0,0,0,2,,,0,,,,,,Auckland Region,Nil,2-way,Sealed,,0,0,,50,,Off,0,0,,76,Auckland,Traffic Signals,,,,,0,0,Urban,0,,,Fine,Null
1398523,4911137,14856,,602100,0,0,0,2,0,Null,2008/2009,DELTA DRIVE,VAMPIRE ROAD,,Non-Injury Crash,No,2009,0,North,0,0,0,Flat,0,,0,,0,Dark,2970800,0,0,0,2,0,0,0,0,1,,0,0,Otago Region,Nil,2-way,Sealed,0,0,0,0,50,0,On,0,0,,71,Dunedin City,Nil,0,0,0,0,0,0,Urban,0,0,0,Fine,Null
1756981,5448951,14857,,572000,0,,0,3,,South,2008/2009,SH 1N,MANA VIEW ROAD,,Non-Injury Crash,Yes,2009,,North,,0,,Flat,,,,,,Overcast,2069700,0,0,0,2,,,0,,,,,,Wellington Region,Nil,2-way,Sealed,,0,0,,50,,Null,0,0,,44,Porirua City,Nil,,,,,0,0,Urban,0,,,Fine,Null
1818713,5544272,14858,,560730,0,,0,0,,Null,2009/2010,SH 54,DENBIGH ST,,Non-Injury Crash,Yes,2009,,South,,0,,Flat,,,,,,Overcast,1764800,0,0,0,2,,,0,,,,,,Manawatū-Whanganui Region,Nil,2-way,Sealed,,0,0,,50,,Null,1,0,,39,Manawatu District,Give way,,,,,1,0,Urban,0,,,Fine,Null
1747996,5430987,14859,,574701,0,,0,2,,South,2008/2009,CHURCHILL DRIVE,CHARTWELL DRIVE,,Non-Injury Crash,No,2009,,North,,0,,Flat,,,,,,Twilight,2097900,0,0,0,2,,,0,,,,,,Wellington Region,Nil,2-way,Sealed,,0,0,,50,,None,0,0,,47,Wellington City,Nil,,,,,0,0,Urban,0,,,Fine,Null
1620868,5429920,14860,,583000,0,,0,3,,North,2008/2009,SH 6,MURITAI ST,,Non-Injury Crash,Yes,2009,,North,,0,,Flat,,,,,,Bright sun,2333100,0,0,0,2,,,0,,,,,,Nelson Region,Nil,2-way,Sealed,,0,0,,50,,Null,0,0,,52,Nelson City,Nil,,,,,0,0,Urban,0,,,Fine,Null
1407803,4918909,14861,,603300,0,0,0,2,0,Null,2008/2009,OPOHO ROAD,OPOHO LOOP ROAD,,Non-Injury Crash,No,2009,0,East,0,0,0,Flat,0,,0,,0,Bright sun,2870900,0,0,0,2,0,0,0,0,1,,0,0,Otago Region,Nil,2-way,Sealed,0,0,0,0,50,0,Null,0,0,,71,Dunedin City,Give way,0,0,0,0,0,0,Urban,0,0,0,Fine,Null
1781633,5485136,14862,,564400,0,,0,1,,South,2008/2009,SH 1N,WAERENGA ROAD,,Non-Injury Crash,Yes,2009,,South,,0,,Flat,,,,,,Bright sun,1880804,0,0,0,2,,,0,,,,,,Wellington Region,Nil,2-way,Sealed,,0,0,,70,,Null,0,0,,43,Kapiti Coast District,Nil,,,,,0,0,Urban,1,,,Fine,Null
1766269,5917923,14863,,516900,0,,0,2,,Null,2008/2009,ELSTREE AVENUE,WEST TAMAKI ROAD,,Non-Injury Crash,No,2009,,North,,0,,Flat,,Christmas New Year,,,,Bright sun,468100,0,0,0,2,,,0,,,,,,Auckland Region,Nil,2-way,Sealed,,0,0,,50,,Off,0,0,,76,Auckland,Stop,,,,,0,0,Urban,0,,,Fine,Null
1746264,5916930,14864,,510800,0,0,0,2,0,Null,2009/2010,GREAT NORTH ROAD,NORCROSS AVENUE,,Non-Injury Crash,No,2009,0,South,0,0,0,Hill Road,0,,0,,0,Overcast,243502,0,0,0,2,0,0,0,0,0,,0,0,Auckland Region,Nil,2-way,Sealed,0,0,0,0,50,0,Null,0,0,,76,Auckland,Give way,0,0,0,1,0,0,Urban,0,0,0,Fine,Null
1754825,5444639,14865,,570800,0,0,0,1,0,Null,2008/2009,SH 1N,MUNGAVIN ON NBD,,Non-Injury Crash,Yes,2009,0,North,0,0,0,Flat,1,,0,,0,Dark,2051001,0,0,0,2,0,0,0,0,0,,0,0,Wellington Region,Nil,2-way,Sealed,0,0,0,0,100,0,On,0,0,,44,Porirua City,Nil,0,0,0,0,0,0,Open,0,0,0,Light rain,Null
1765503,5908817,14866,,523403,0,,0,1,,Null,2009/2010,SH 1N,HIGHBROOK OBR,,Non-Injury Crash,Yes,2009,,North,,0,,Flat,,,,,,Bright sun,700100,0,0,0,3,,,0,,,,,,Auckland Region,Nil,1-way,Sealed,,0,0,,100,,Null,0,0,,76,Auckland,Unknown,,,,,0,0,Open,1,,,Fine,Null
1822178,5463251,14867,,578700,0,0,0,1,0,Null,2008/2009,WRIGHT ST,CORNWALL ST,,Non-Injury Crash,No,2009,0,South,0,0,0,Flat,0,,0,,0,Dark,2236300,0,0,0,2,0,0,0,0,0,,0,1,Wellington Region,Nil,2-way,Sealed,0,0,0,0,50,0,Off,0,0,,48,Masterton District,Nil,0,0,0,0,0,0,Urban,0,0,0,Fine,Null
1764248,5909460,14868,,521901,0,0,0,0,0,South,2009/2010,QUEEN ST,PARK AVENUE,,Non-Injury Crash,No,2009,0,East,0,0,0,Flat,0,Labour Weekend,0,,0,Bright sun,784600,0,0,0,2,0,0,0,0,1,,0,0,Auckland Region,Nil,2-way,Sealed,0,0,0,0,50,0,Off,1,0,,76,Auckland,Nil,0,0,0,0,0,0,Urban,1,0,0,Fine,Null
1811948,5567177,14869,,559220,0,0,0,0,0,North,2008/2009,SH 1N,JEFFERSONS LINE,,Non-Injury Crash,Yes,2009,0,South,1,0,0,Flat,0,,0,,0,Dark,1730000,0,0,0,2,0,0,0,0,0,,0,0,Manawatū-Whanganui Region,Nil,2-way,Sealed,0,0,0,0,100,0,None,0,0,,38,Rangitikei District,Nil,0,0,0,0,0,0,Open,1,0,0,Light rain,Null
1832880,5507718,14870,,577900,0,0,0,1,0,South,2008/2009,SH 2,PUKEWHAI ROAD,,Non-Injury Crash,Yes,2009,0,North,0,0,0,Flat,0,,0,,0,Dark,2222300,0,0,0,2,0,0,0,0,0,,0,0,Manawatū-Whanganui Region,Nil,2-way,Sealed,0,0,0,0,100,0,None,0,0,,41,Tararua District,Nil,0,0,0,0,0,0,Open,0,0,0,Fine,Null
1678563,5401463,14871,,581260,0,0,0,2,0,Null,2009/2010,MAXWELL ROAD,HOSPITAL ROAD,,Non-Injury Crash,No,2009,0,West,0,0,0,Flat,0,,0,,0,Overcast,2305500,0,0,0,2,0,0,0,0,1,,0,0,Marlborough Region,Nil,2-way,Sealed,0,0,0,0,50,0,Null,0,0,,53,Marlborough District,Give way,0,0,0,0,0,0,Urban,0,0,0,Light rain,Null
1751482,5435046,14872,,573700,0,,0,2,,Null,2008/2009,Z FCT MOBIL,MOOREFIELD/JOHNSONVILLE,,Non-Injury Crash,No,2009,,East,,0,,Flat,,,,,,Dark,2082800,0,0,0,0,,,0,,,,,,Wellington Region,Nil,Off road,Sealed,,0,0,,50,,On,1,0,,47,Wellington City,Nil,,,,,0,0,Urban,0,,,Fine,Null
1769204,5901593,14873,,524901,0,0,0,0,0,East,2009/2010,HILL ROAD,CLAUDE ROAD,,Non-Injury Crash,No,2009,0,West,0,0,0,Hill Road,0,,0,,0,Overcast,756800,0,0,0,2,0,0,0,0,0,,0,1,Auckland Region,Nil,2-way,Sealed,0,0,0,0,50,0,Off,1,0,,76,Auckland,Nil,0,0,0,0,0,0,Urban,0,0,0,Light rain,Null
1755406,5915122,14874,,518500,0,0,1,1,0,North,2009/2010,DOMINION ROAD,HAZEL AVENUE,,Non-Injury Crash,No,2009,0,North,0,0,0,Flat,0,,0,,0,Bright sun,559900,0,0,0,2,0,0,0,0,1,,0,0,Auckland Region,Nil,2-way,Sealed,0,0,0,0,50,0,Null,0,0,,76,Auckland,Nil,0,0,0,0,0,0,Urban,0,0,0,Fine,Null
1804100,5813805,14875,,530700,0,,0,1,,North,2008/2009,CAMBRIDGE ROAD,SH 1N,,Non-Injury Crash,No,2009,,South,,0,,Flat,,,,,,Bright sun,887701,0,0,0,2,,,0,,,,,,Waikato Region,Nil,2-way,Sealed,,0,0,,50,,Null,0,0,,16,Hamilton City,Unknown,,,,,0,0,Urban,1,,,Fine,Null
1776825,5467313,14876,,566302,0,1,0,1,0,South,2009/2010,AKATARAWA ROAD,RATADALE ROAD,,Non-Injury Crash,No,2009,0,North,0,0,0,Hill Road,0,,0,,0,Bright sun,1998600,0,0,0,1,0,0,0,0,0,,0,0,Wellington Region,Bridge,2-way,Sealed,0,0,0,0,100,0,Null,0,0,,43,Kapiti Coast District,Nil,0,0,0,0,0,0,Open,0,0,0,Fine,Null
1863250,5808905,14877,,536630,0,,0,1,,East,2009/2010,SH 29,VALLEY VIEW ROAD,,Non-Injury Crash,Yes,2009,,West,,0,,Hill Road,,,,,,Bright sun,1191900,0,0,0,3,,,0,,,,,,Bay of Plenty Region,Nil,2-way,Sealed,,0,0,,100,,None,0,0,,22,Western Bay of Plenty District,Nil,,,,,1,0,Open,0,,,Fine,Null
1748236,5914016,14878,,511700,0,,0,2,,Null,2009/2010,GREAT NORTH ROAD,WEST COAST ROAD,,Non-Injury Crash,No,2009,,East,,0,,Flat,,,,,,Twilight,270201,0,0,0,2,,,0,,,,,,Auckland Region,Nil,2-way,Sealed,,0,0,,50,,Off,0,0,,76,Auckland,Traffic Signals,,,,,0,0,Urban,0,,,Fine,Null
1805703,5559938,14879,,559230,0,,0,1,,North,2009/2010,SH 1N,WINGS LINE,,Non-Injury Crash,Yes,2009,,North,,0,,Flat,,,,,,Overcast,1732200,0,0,0,2,,,0,,,,,,Manawatū-Whanganui Region,Nil,2-way,Sealed,,0,0,,100,,Null,0,0,,38,Rangitikei District,Nil,,,,,0,0,Open,0,,,Fine,Null
1747489,5914708,14880,,511100,0,,0,1,,East,2009/2010,GREAT NORTH ROAD,SABULITE ROAD,,Non-Injury Crash,No,2009,,West,,0,,Flat,,Labour Weekend,,,,Bright sun,284800,0,0,0,4,,,0,,,,,,Auckland Region,Nil,2-way,Sealed,,0,0,,50,,Off,0,0,,76,Auckland,Traffic Signals,,,,,0,0,Urban,1,,,Fine,Null
1759528,5879750,14881,,521152,0,,0,2,,Null,2009/2010,WAIUKU ROAD,GLENBROOK STATION ROAD,,Non-Injury Crash,No,2009,,South,,0,,Null,,,,,,Overcast,832800,0,0,0,2,,,0,,,,,,Auckland Region,Nil,2-way,Sealed,,0,0,,100,,None,0,0,,76,Auckland,Give way,,,,,0,0,Open,0,,,Fine,Null
1623771,5430644,14882,,582500,0,0,0,2,0,Null,2008/2009,SELWYN PLACE,TRAFALGAR ST,,Non-Injury Crash,No,2009,0,South,0,0,0,Flat,0,,0,,0,Overcast,2319800,0,0,0,2,0,0,0,0,2,,0,0,Nelson Region,Nil,2-way,Sealed,0,0,0,0,50,0,Null,1,0,,52,Nelson City,Give way,0,0,0,0,0,0,Urban,0,0,0,Light rain,Null
1749044,5427179,14883,,573101,0,0,1,1,0,West,2008/2009,COURTENAY PLACE,TORY ST,,Non-Injury Crash,No,2009,0,West,0,0,0,Flat,0,,0,,0,Dark,2135900,0,0,0,2,0,0,0,0,1,,0,0,Wellington Region,Nil,2-way,Sealed,0,0,0,0,50,0,On,0,0,,47,Wellington City,Nil,0,0,0,0,0,0,Urban,0,0,0,Fine,Null
1819713,5576424,14884,,558700,0,0,0,1,0,South,2009/2010,SH 1N,KOTUKUTUKU ROAD,,Non-Injury Crash,Yes,2009,0,South,0,0,0,Flat,0,,0,,0,Twilight,1728700,0,0,0,2,0,0,0,0,0,,0,0,Manawatū-Whanganui Region,Nil,2-way,Sealed,0,0,0,0,100,0,Off,0,0,,38,Rangitikei District,Nil,0,0,0,1,0,0,Open,0,0,0,Light rain,Null
1928679,5604778,14885,,547900,0,,0,2,,Null,2008/2009,SOUTHLAND ROAD,GORDON ROAD,,Non-Injury Crash,No,2009,,West,,0,,Flat,,,,,,Overcast,1482100,0,0,0,2,,,0,,,,,,Hawke's Bay Region,Nil,2-way,Sealed,,0,0,,50,,Null,0,0,,30,Hastings District,Nil,,,,,0,0,Urban,0,,,Fine,Null
1792409,5501164,14886,,564220,0,,0,2,,Null,2009/2010,TIRO TIRO ROAD,TRAFALGAR ST,,Non-Injury Crash,No,2009,,North,,0,,Flat,,,,,,Overcast,1871400,0,0,0,2,,,0,,,,,,Manawatū-Whanganui Region,Nil,2-way,Sealed,,0,0,,50,,Null,0,0,,42,Horowhenua District,Nil,,,,,0,0,Urban,0,,,Light rain,Null
1754401,5445592,14887,,570700,0,0,0,2,0,Null,2008/2009,Z CPK WHITIREIA,WI NEERA DRIVE,,Non-Injury Crash,No,2009,0,East,0,0,0,Flat,0,,0,,0,Bright sun,2037500,0,0,0,1,0,0,0,0,1,,0,0,Wellington Region,Nil,Off road,Sealed,0,0,0,0,50,0,Null,0,0,,44,Porirua City,Nil,0,0,0,0,0,0,Urban,0,0,0,Fine,Null
1759777,5447776,14888,,565602,0,0,0,0,0,East,2009/2010,SH 58,JAMES COOK DRIVE,,Non-Injury Crash,Yes,2009,0,East,0,0,0,Flat,0,,0,,0,Twilight,2072406,0,0,1,2,0,1,0,0,0,,0,0,Wellington Region,Nil,2-way,Sealed,0,0,0,0,80,0,Off,0,0,,44,Porirua City,Nil,0,0,0,0,0,0,Open,0,0,0,Fine,Null
2028092,5723318,14889,,544001,0,0,0,0,0,West,2008/2009,SH 2,NGAKOROA ROAD,,Non-Injury Crash,Yes,2009,0,East,1,0,0,Flat,0,,0,,0,Overcast,1357400,0,0,0,2,0,0,0,0,0,,0,0,Gisborne Region,Nil,2-way,Sealed,0,0,0,0,100,0,Null,1,0,,28,Gisborne District,Nil,0,0,0,0,0,0,Open,0,0,0,Mist or Fog,Null
1793254,5500514,14890,,564220,0,,0,1,,Null,2008/2009,SH 1N,BATH ST,,Non-Injury Crash,Yes,2009,,South,,0,,Flat,,,,,,Overcast,1869600,0,0,0,2,,,0,,,,,,Manawatū-Whanganui Region,Nil,2-way,Sealed,,0,0,,50,,Null,0,0,,42,Horowhenua District,Traffic Signals,,,,,0,0,Urban,2,,,Fine,Null
1807052,5789866,14891,,527936,0,0,0,1,0,Null,2009/2010,CAMBRIDGE ROAD,GOLF ROAD,,Non-Injury Crash,No,2009,0,North,0,0,0,Flat,0,,0,,0,Dark,987000,0,0,0,2,0,0,0,1,0,,0,0,Waikato Region,Nil,2-way,Sealed,0,0,0,0,100,0,On,0,0,,17,Waipa District,Give way,1,0,0,0,0,0,Open,0,0,0,Light rain,Null
1931316,5605956,14892,,548000,0,0,0,1,0,Null,2008/2009,WARWICK ROAD,WARWICK AVENUE,,Non-Injury Crash,No,2009,0,North,0,0,1,Flat,0,,0,,0,Dark,1496500,0,0,0,2,0,0,0,0,0,,1,0,Hawke's Bay Region,Nil,2-way,Sealed,0,0,0,0,50,0,On,0,0,,30,Hastings District,Nil,0,0,0,0,0,0,Urban,0,0,0,Light rain,Null
1801979,5816958,14893,,530000,0,0,0,1,0,North,2009/2010,PEACHGROVE ROAD,FIFTH AVENUE,,Non-Injury Crash,No,2009,0,South,0,0,0,Flat,0,,0,,0,Dark,867200,0,0,0,2,0,1,0,0,0,,0,0,Waikato Region,Nil,2-way,Sealed,0,0,0,0,50,0,On,0,0,,16,Hamilton City,Unknown,0,0,0,0,0,0,Urban,0,0,0,Fine,Null
1751376,5436381,14894,,573514,0,0,0,1,0,East,2009/2010,ABILENE CRESCENT,SILVERTON PLACE,,Non-Injury Crash,No,2009,0,East,0,0,0,Flat,0,,0,,0,Dark,2086611,0,0,0,2,0,0,0,0,1,,0,0,Wellington Region,Nil,2-way,Sealed,0,0,0,0,50,0,On,1,0,,47,Wellington City,Nil,0,0,0,0,0,0,Urban,0,0,0,Fine,Null
1749940,5423059,14895,,577000,0,,0,2,,Null,2008/2009,RUA ST,QUEENS DRIVE,,Non-Injury Crash,No,2009,,East,,0,,Flat,,,,,,Dark,2174300,0,0,0,2,,,0,,,,,,Wellington Region,Nil,2-way,Sealed,,0,0,,50,,On,0,0,,47,Wellington City,Give way,,,,,0,0,Urban,0,,,Light rain,Null
1878914,5821648,14896,,538102,1,,0,1,,Null,2009/2010,SH 2A,BURROWS ST,,Non-Injury Crash,Yes,2009,,East,,0,,Hill Road,,,,,,Bright sun,1168501,0,0,0,2,,,0,,,,,,Bay of Plenty Region,Nil,2-way,Sealed,,0,0,,50,,Off,0,0,,23,Tauranga City,Stop,,,,,0,0,Urban,0,,,Fine,Null
1933739,5618828,14897,,547400,0,,0,1,,Null,2008/2009,CLARENCE COX CRESCENT,ASHCROFT ST,,Non-Injury Crash,No,2009,,North,,0,,Flat,,,,,,Twilight,1448102,0,0,0,2,,,0,,,,,,Hawke's Bay Region,Nil,2-way,Sealed,,0,0,,50,,Off,0,0,,31,Napier City,Nil,,,,,0,0,Urban,1,,,Light rain,Null
1745342,5917395,14898,,510800,0,,0,2,,Null,2009/2010,GREAT NORTH ROAD,HENDERSON VALLEY ROAD,,Non-Injury Crash,No,2009,,South,,0,,Flat,,,,,,Bright sun,241600,0,0,0,2,,,0,,,,,,Auckland Region,Nil,2-way,Sealed,,0,0,,50,,Off,0,0,,76,Auckland,Give way,,,,,0,0,Urban,0,,,Fine,Null
1937098,5621727,14899,,546802,0,,0,2,,Null,2008/2009,MARINE PARADE,BROWNING ST,,Non-Injury Crash,No,2009,,North,,0,,Flat,,,,,,Twilight,1424500,0,0,0,2,,,0,,,,,,Hawke's Bay Region,Nil,2-way,Sealed,,0,0,,50,,Off,0,0,,31,Napier City,Give way,,,,,0,0,Urban,0,,,Fine,Null
1767819,5900953,14900,,525001,0,,0,2,,Null,2009/2010,RUSSELL ROAD,MCKEAN AVENUE,,Non-Injury Crash,No,2009,,South,,0,,Flat,,Labour Weekend,,,,Twilight,752300,0,0,0,2,,,0,,,,,,Auckland Region,Nil,2-way,Sealed,,0,0,,50,,On,0,0,,76,Auckland,Stop,,,,,0,0,Urban,0,,,Fine,Null
1762181,5913664,14901,,520500,0,,0,2,,West,2009/2010,PENROSE ROAD,PORTMAN ROAD,,Non-Injury Crash,No,2009,,West,,0,,Flat,,,,,,Bright sun,637000,0,0,0,2,,,0,,,,,,Auckland Region,Bridge,2-way,Sealed,,0,0,,50,,Off,0,0,,76,Auckland,Nil,,,,,0,0,Urban,0,,,Fine,Null
1842042,5726159,14902,,541320,0,0,0,0,0,South,2009/2010,SH 32,WAIMANOA ROAD,,Non-Injury Crash,Yes,2009,0,South,1,0,0,Flat,0,,0,,0,Overcast,1293302,0,0,0,2,0,0,0,0,0,,0,0,Waikato Region,Nil,2-way,Sealed,0,0,0,0,100,0,Null,0,0,,21,Taupo District,Unknown,0,0,0,0,0,0,Open,1,0,0,Fine,Null
1753508,5442252,14903,,572701,0,,0,1,,Null,2008/2009,MAIN ROAD,LINDEN AVENUE,,Non-Injury Crash,No,2009,,South,,0,,Flat,,,,,,Bright sun,1994002,0,0,0,2,,,0,,,,,,Wellington Region,Nil,2-way,Sealed,,0,0,,50,,Null,0,0,,47,Wellington City,Give way,,,,,0,0,Urban,1,,,Fine,Null
1800776,5815265,14904,,529700,0,,0,2,,South,2009/2010,ANGLESEA ST,WARD ST,,Non-Injury Crash,No,2009,,North,,0,,Hill Road,,,,,,Overcast,910900,0,0,0,2,,,0,,,,,,Waikato Region,Nil,2-way,Sealed,,0,0,,50,,Off,0,0,,16,Hamilton City,Nil,,,,,0,0,Urban,0,,,Fine,Null
1811644,5542530,14905,,561422,0,,0,2,,North,2009/2010,SH 3,MOUNT STEWART HALCOMBE RO,,Non-Injury Crash,Yes,2009,,East,,0,,Hill Road,,,,,,Bright sun,1787900,0,0,0,2,,,0,,,,,,Manawatū-Whanganui Region,Nil,2-way,Sealed,,0,0,,100,,Null,0,0,,39,Manawatu District,Nil,,,,,0,0,Open,0,,,Fine,Null
1879403,5825448,14906,,538201,0,,0,1,,West,2009/2010,SH 2A,PITT ST,,Non-Injury Crash,Yes,2009,,West,,0,,Hill Road,,,,,,Bright sun,1163001,0,0,0,3,,,0,,,,,,Bay of Plenty Region,Nil,2-way,Sealed,,0,0,,50,,Null,1,0,,23,Tauranga City,Unknown,,,,,0,0,Urban,0,,,Fine,Null
1753465,5445064,14907,,570700,0,0,0,2,0,North,2008/2009,KOTUKU ST,WAIHO TERRACE,,Non-Injury Crash,No,2009,0,South,0,0,0,Flat,0,,0,,0,Twilight,2036500,0,0,0,2,0,0,0,0,1,,0,0,Wellington Region,Nil,2-way,Sealed,0,0,0,0,50,0,Off,0,0,,44,Porirua City,Nil,0,0,0,0,0,0,Urban,0,0,0,Fine,Null
1769733,5907358,14908,,523712,0,,0,2,,Null,2009/2010,ORMISTON ROAD,CHAPEL ROAD,,Non-Injury Crash,No,2009,,South,,0,,Flat,,,,,,Overcast,712803,0,0,0,2,,,0,,,,,,Auckland Region,Bridge,2-way,Sealed,,0,0,,50,,On,0,0,,76,Auckland,Traffic Signals,,,,,0,0,Urban,0,,,Light rain,Strong wind
1931772,5616284,14909,,547300,0,,0,0,,Null,2008/2009,MEEANEE ROAD,MEEANEE ON NBD,,Non-Injury Crash,Yes,2009,,South,,0,,Flat,,,,,,Bright sun,1402510,0,0,0,2,,,0,,,,,,Hawke's Bay Region,Nil,2-way,Sealed,,0,0,,50,,Null,1,0,,31,Napier City,Give way,,,,,1,0,Urban,0,,,Fine,Null
1756623,5435625,14910,,569800,0,0,0,1,0,North,2008/2009,MAUNGARAKI ROAD,SINGERS ROAD,,Non-Injury Crash,No,2009,0,South,0,0,0,Hill Road,0,,0,,0,Dark,2035201,0,0,0,2,0,0,0,1,0,,0,0,Wellington Region,Nil,2-way,Sealed,0,0,0,0,50,0,On,0,0,,46,Lower Hutt City,Nil,0,0,0,1,0,0,Urban,0,0,0,Fine,Null
1365435,4888554,14911,,606800,0,,0,2,,North,2008/2009,SH 1S,SPRINGFIELD ROAD,,Non-Injury Crash,Yes,2009,,South,,0,,Flat,,,,,,Bright sun,2990400,0,0,0,2,,,0,,,,,,Otago Region,Nil,2-way,Sealed,,0,0,,50,,Null,0,0,,72,Clutha District,Unknown,,,,,0,0,Urban,0,,,Fine,Null
1823096,5529705,14912,,562402,0,,0,2,,North,2009/2010,FERGUSON ST,ALBERT ST,,Non-Injury Crash,No,2009,,North,,0,,Flat,,,,,,Bright sun,1835400,0,0,0,2,,,0,,,,,,Manawatū-Whanganui Region,Nil,2-way,Sealed,,0,0,,30,,Null,0,0,,40,Palmerston North City,Nil,,,,,0,0,Urban,0,,,Fine,Null
1857681,5839587,14913,,535800,0,0,0,2,0,East,2009/2010,SH 2,JOCELYN ST,,Non-Injury Crash,Yes,2009,0,West,0,0,0,Flat,0,,0,,0,Bright sun,1183502,0,0,0,4,0,0,0,0,1,,0,0,Bay of Plenty Region,Nil,2-way,Sealed,0,0,0,0,50,0,Null,0,0,,22,Western Bay of Plenty District,Unknown,0,0,0,0,0,0,Urban,0,0,0,Fine,Null
1801212,5818771,14914,,529402,0,,0,2,,East,2009/2010,CROSBY ROAD,HUKANUI ROAD,,Non-Injury Crash,No,2009,,West,,0,,Flat,,,,,,Bright sun,877100,0,0,0,2,,,0,,,,,,Waikato Region,Nil,2-way,Sealed,,0,0,,50,,Null,0,0,,16,Hamilton City,Unknown,,,,,0,0,Urban,0,,,Fine,Null
1538843,5344331,14915,,581842,0,0,0,1,1,South,2008/2009,SH 65,MARUIA SADDLE ROAD,,Non-Injury Crash,Yes,2009,0,South,0,0,0,Flat,0,,0,,0,Overcast,2381100,0,0,0,2,0,0,0,0,0,,0,0,Tasman Region,Nil,2-way,Sealed,0,0,0,0,100,0,Null,0,0,,51,Tasman District,Nil,0,0,0,0,0,0,Open,0,0,0,Heavy rain,Null
1748822,5927692,14916,,513431,0,0,0,1,0,Null,2009/2010,SH 18,UPPER HARBOUR BR,,Non-Injury Crash,Yes,2009,0,North,0,0,0,Hill Road,1,,0,,0,Overcast,221903,0,0,0,3,0,0,0,0,0,,0,0,,Bridge,2-way,Sealed,0,0,0,0,100,0,Off,2,0,,76,Auckland,Nil,0,0,0,0,0,0,Open,0,0,0,Light rain,Null
1765990,5439531,14917,,568103,0,,0,1,,Null,2008/2009,GEORGE ST,SPEEDY ST,,Non-Injury Crash,No,2009,,East,,0,,Flat,,,,,,Dark,1933500,0,0,0,2,,,0,,,,,,Wellington Region,Nil,2-way,Sealed,,0,0,,50,,On,1,0,,46,Lower Hutt City,Give way,,,,,0,0,Urban,0,,,Mist or Fog,Null
1756158,5928094,14918,,507900,0,0,0,1,1,Null,2009/2010,WAIRAU ROAD,FORREST HILL ROAD,,Non-Injury Crash,No,2009,0,East,0,0,0,Flat,0,,0,,0,Bright sun,307000,0,0,0,2,0,0,0,0,0,,0,0,Auckland Region,Nil,2-way,Sealed,0,0,0,0,50,0,Off,0,0,,76,Auckland,Traffic Signals,0,0,0,0,0,0,Urban,0,0,0,Fine,Null
1768563,5469285,14919,,566000,0,,0,0,,Null,2008/2009,KAPITI ROAD,ARAWHATA ROAD,,Non-Injury Crash,No,2009,,West,,0,,Flat,,,,,,Overcast,1999900,0,0,0,2,,,0,,,,,,Wellington Region,Nil,2-way,Sealed,,0,0,,50,,Null,1,0,,43,Kapiti Coast District,Stop,,,,,0,0,Urban,1,,,Fine,Null