X,Y,OBJECTID,advisorySpeed,areaUnitID,bicycle,bridge,bus,carStationWagon,cliffBank,crashDirectionDescription,crashFinancialYear,crashLocation1,crashLocation2,crashRoadSideRoad,crashSeverity,crashSHDescription,crashYear,debris,directionRoleDescription,ditch,fatalCount,fence,flatHill,guardRail,holiday,houseOrBuilding,intersection,kerb,light,meshblockId,minorInjuryCount,moped,motorcycle,NumberOfLanes,objectThrownOrDropped,otherObject,otherVehicleType,overBank,parkedVehicle,pedestrian,phoneBoxEtc,postOrPole,region,roadCharacter,roadLane,roadSurface,roadworks,schoolBus,seriousInjuryCount,slipOrFlood,speedLimit,strayAnimal,streetLight,suv,taxi,temporarySpeedLimit,tlaId,tlaName,trafficControl,trafficIsland,trafficSign,train,tree,truck,unknownVehicleType,urban,vanOrUtility,vehicle,waterRiver,weatherA,weatherB
1747337,5922293,14920,,512202,0,,0,1,,East,2009/2010,WAIPANI ROAD,TE ATATU ROAD,,Non-Injury Crash,No,2009,,East,,0,,Flat,,,,,,Bright sun,246000,0,0,0,2,,,0,,,,,,Auckland Region,Nil,2-way,Sealed,,0,0,,50,,Off,0,0,,76,Auckland,Nil,,,,,0,0,Urban,1,,,Fine,Null
1823044,5462284,14921,,578902,0,0,0,2,0,North,2009/2010,KURIPUNI ST,TIMMS PLACE,,Non-Injury Crash,No,2009,0,South,0,0,0,Flat,0,,0,,0,Bright sun,2233200,0,0,0,2,0,0,0,0,1,,0,0,Wellington Region,Nil,2-way,Sealed,0,0,0,0,50,0,Null,0,0,,48,Masterton District,Nil,0,0,0,0,0,0,Urban,0,0,0,Fine,Null
1762181,5914785,14922,,520202,0,,0,2,,Null,2009/2010,ELLERSLIE-PANMURE HIGHWAY,MICHAELS AVENUE,,Non-Injury Crash,No,2009,,East,,0,,Flat,,Labour Weekend,,,,Bright sun,610700,0,0,0,4,,,0,,,,,,Auckland Region,Nil,2-way,Sealed,,0,0,,50,,Off,0,0,,76,Auckland,Stop,,,,,0,0,Urban,0,,,Fine,Null
1594333,5434763,14923,,581833,0,,0,0,,Null,2008/2009,ROSEDALE ROAD,ROSEDALE SADDLE,,Non-Injury Crash,No,2009,,South,,0,,Hill Road,,,,,,Bright sun,2372100,0,0,0,2,,,0,,,,,,Tasman Region,Nil,2-way,Unsealed,,0,0,,100,,Null,2,0,,51,Tasman District,Nil,,,,,0,0,Open,0,,,Fine,Null
1825428,5464730,14924,,579200,0,0,0,1,0,South,2009/2010,MANUKA ST,KONINI ST,,Non-Injury Crash,No,2009,0,North,0,0,1,Hill Road,0,,0,,0,Bright sun,2249000,0,0,0,2,0,0,0,0,0,,0,0,Wellington Region,Nil,2-way,Sealed,0,0,0,0,50,0,Null,0,0,,48,Masterton District,Nil,0,0,0,0,0,0,Urban,0,0,0,Fine,Null
1888451,5822521,14925,,536517,0,0,0,0,0,Null,2009/2010,GRAVATT ROAD,PALM BEACH BOULEVARD,,Non-Injury Crash,No,2009,0,West,0,0,1,Flat,0,,0,,0,Bright sun,1205053,0,0,0,2,0,0,0,0,0,,0,0,Bay of Plenty Region,Nil,2-way,Sealed,0,0,0,0,50,0,Null,0,0,,23,Tauranga City,Give way,0,0,0,0,1,0,Urban,0,0,0,Fine,Null
1623062,5430025,14926,,582700,0,0,0,1,1,North,2008/2009,MOUNT ST,KONINI ST,,Non-Injury Crash,No,2009,0,South,0,0,0,Hill Road,0,,0,,0,Bright sun,2332200,0,0,0,2,0,0,0,0,1,,0,0,Nelson Region,Nil,2-way,Sealed,0,0,0,0,50,0,Null,1,0,,52,Nelson City,Nil,0,0,0,1,0,0,Urban,0,0,0,Fine,Null
1773301,5577725,14927,,556300,0,,0,1,,East,2009/2010,FITZHERBERT AVENUE,CARLTON AVENUE,,Non-Injury Crash,No,2009,,East,,0,,Flat,,,,,,Overcast,1723000,0,0,0,2,,,0,,,,,,Manawatū-Whanganui Region,Nil,2-way,Sealed,,0,0,,50,,Null,0,0,,37,Whanganui District,Nil,,,,,0,0,Urban,1,,,Light rain,Null
1751937,5432131,14928,,574002,0,,0,2,,North,2009/2010,SH 2,SH 1N,,Non-Injury Crash,Yes,2009,,North,,0,,Flat,,,,,,Dark,2078302,0,0,0,2,,,0,,,,,,Wellington Region,Nil,2-way,Sealed,,0,0,,100,,On,0,0,,47,Wellington City,Nil,,,,,0,0,Open,0,,,Fine,Null
1820542,5529707,14929,,562800,0,,0,2,,Null,2008/2009,FEATHERSTON ST,PASCAL ST,,Non-Injury Crash,No,2009,,West,,0,,Flat,,,,,,Bright sun,1827600,0,0,0,2,,,0,,,,,,Manawatū-Whanganui Region,Nil,2-way,Sealed,,0,0,,50,,Null,0,0,,40,Palmerston North City,Give way,,,,,0,0,Urban,0,,,Fine,Null
1619201,5426668,14930,,584000,0,0,0,1,0,Null,2008/2009,SONGER ST,MARLOWE ST,,Non-Injury Crash,No,2009,0,West,0,0,0,Flat,0,,0,,0,Overcast,2342000,0,0,0,2,0,0,0,0,0,,0,0,Nelson Region,Nil,2-way,Sealed,0,0,0,0,50,0,Null,0,0,,52,Nelson City,Give way,0,0,0,1,0,0,Urban,0,0,0,Fine,Null
1770933,5910525,14931,,523114,0,,0,3,,North,2009/2010,KILKENNY DRIVE,MOYRUS CRESCENT,,Non-Injury Crash,No,2009,,South,,0,,Flat,,,,,,Bright sun,712021,0,0,0,2,,,0,,,,,,Auckland Region,Nil,2-way,Sealed,,0,0,,50,,Off,0,0,,76,Auckland,Nil,,,,,0,0,Urban,0,,,Null,Null
1821001,5530784,14932,,562401,0,,0,0,,Null,2009/2010,SH 3,MATIPO ST,,Non-Injury Crash,Yes,2009,,North,,0,,Flat,,,,,,Overcast,1832600,0,0,0,2,,,0,,,,,,Manawatū-Whanganui Region,Nil,2-way,Sealed,,0,0,,50,,Null,0,0,,40,Palmerston North City,Give way,,,,,0,0,Urban,2,,,Fine,Null
1761502,5878887,14933,,521121,0,0,0,0,0,East,2008/2009,WAIUKU ROAD,TITI ROAD,,Non-Injury Crash,No,2009,0,East,0,0,1,Flat,0,,0,,0,Dark,812301,0,0,0,2,0,0,0,0,0,,0,0,Auckland Region,Nil,2-way,Unsealed,0,0,0,0,100,0,None,0,0,30,76,Auckland,Nil,0,0,0,0,0,0,Open,1,0,0,Fine,Null
1770543,5912714,14934,,523101,0,,0,2,,Null,2009/2010,BOTANY ROAD,CASCADES ROAD,,Non-Injury Crash,No,2009,,South,,0,,Flat,,,,,,Twilight,710517,0,0,0,3,,,0,,,,,,Auckland Region,Nil,2-way,Sealed,,0,0,,60,,On,0,0,,76,Auckland,Traffic Signals,,,,,0,0,Urban,0,,,Fine,Null
1766257,5905367,14935,,522400,0,0,0,1,0,South,2009/2010,FITZROY ST,CARRUTH ROAD,,Non-Injury Crash,No,2009,0,South,0,0,0,Flat,0,,0,,0,Dark,672001,0,0,0,2,0,0,0,0,1,,0,0,Auckland Region,Nil,2-way,Sealed,0,0,0,0,50,0,On,0,0,,76,Auckland,Nil,0,0,0,0,0,0,Urban,1,0,0,Light rain,Null
1762485,5915595,14936,,520201,1,,0,1,,Null,2008/2009,MARUA ROAD,CELTIC CRESCENT E,,Non-Injury Crash,No,2009,,South,,0,,Flat,,,,,,Bright sun,609300,0,0,0,2,,,0,,,,,,Auckland Region,Nil,2-way,Sealed,,0,0,,50,,Off,0,0,,76,Auckland,Nil,,,,,0,0,Urban,0,,,Fine,Null
1800883,5815059,14937,,529700,0,0,0,1,0,West,2009/2010,COLLINGWOOD ST,ANGLESEA ST,,Non-Injury Crash,No,2009,0,East,0,0,0,Flat,0,,0,,0,Dark,911600,0,0,0,2,0,0,0,0,1,,0,0,Waikato Region,Nil,2-way,Sealed,0,0,0,0,50,0,On,1,0,,16,Hamilton City,Nil,0,0,0,0,0,0,Urban,0,0,0,Fine,Null
1754593,5917097,14938,,517701,0,0,0,3,0,Null,2009/2010,MORNINGSIDE DRIVE,SAINSBURY ROAD,,Non-Injury Crash,No,2009,0,South,0,0,0,Flat,0,,0,,0,Bright sun,535600,0,0,0,2,0,0,0,0,1,,0,0,Auckland Region,Nil,2-way,Sealed,0,0,0,0,50,0,Off,0,0,,76,Auckland,Give way,0,0,0,0,0,0,Urban,0,0,0,Fine,Null
1816589,5544816,14939,,561410,0,0,0,1,1,East,2009/2010,SANDON ROAD,RANFURLY ROAD,,Non-Injury Crash,No,2009,0,East,0,0,0,Hill Road,0,,0,,0,Dark,1789400,0,0,0,2,0,0,0,0,0,,0,0,Manawatū-Whanganui Region,Nil,2-way,Sealed,0,0,0,0,100,0,None,0,0,30,39,Manawatu District,Nil,0,0,0,0,0,0,Open,0,0,0,Fine,Null
1753871,5442082,14940,,572701,0,,0,2,,Null,2009/2010,COLLINS AVENUE,HANDYSIDE ST,,Non-Injury Crash,No,2009,,West,,0,,Flat,,Labour Weekend,,,,Overcast,1993100,0,0,0,2,,,0,,,,,,Wellington Region,Nil,2-way,Sealed,,0,0,,50,,Null,0,1,,47,Wellington City,Stop,,,,,0,0,Urban,0,,,Fine,Null
1696085,6086410,14941,,501620,0,,0,1,,North,2009/2010,WHANGAE ROAD,SH 1N,,Non-Injury Crash,No,2009,,South,,0,,Flat,,,,,,Bright sun,51900,0,0,0,1,,,0,,,,,,Northland Region,Nil,2-way,Unsealed,,0,0,,100,,Null,1,0,,1,Far North District,Unknown,,,,,0,0,Open,0,,,Fine,Null
1834790,5796776,14942,,535250,0,,0,0,,North,2009/2010,SH 1N,HORAHORA ROAD,,Non-Injury Crash,Yes,2009,,North,,0,,Flat,,,,,,Dark,1124902,0,0,0,2,,,0,,,,,,Waikato Region,Nil,2-way,Unsealed,,0,0,,100,,None,1,0,,19,South Waikato District,Unknown,,,,,1,0,Open,0,,,Light rain,Null
1620095,5427926,14943,,583500,0,0,0,1,0,Null,2008/2009,SH 6,QUARANTINE ROAD,,Non-Injury Crash,Yes,2009,0,East,0,0,0,Flat,0,,0,,0,Bright sun,2340301,0,0,0,2,0,0,0,0,0,,0,0,Nelson Region,Nil,2-way,Sealed,0,0,0,0,50,0,Null,0,0,,52,Nelson City,Give way,1,0,0,0,0,0,Urban,1,0,0,Fine,Null
1669876,5404170,14944,,580420,0,0,0,1,0,North,2009/2010,SH 6,OLD RENWICK ROAD,,Non-Injury Crash,Yes,2009,0,South,0,0,1,Flat,0,,0,,0,Dark,2290501,0,0,0,2,0,0,0,0,0,,0,0,Marlborough Region,Nil,2-way,Sealed,0,0,0,0,80,0,None,0,0,,53,Marlborough District,Nil,0,0,0,0,0,0,Open,0,0,0,Fine,Null
1817545,5545900,14945,,560412,0,0,0,1,0,West,2008/2009,HALCOMBE ROAD,RANUI PLACE,,Non-Injury Crash,No,2009,0,West,1,0,0,Hill Road,0,Christmas New Year,0,,0,Overcast,1761704,0,0,0,2,0,0,0,0,0,,0,0,Manawatū-Whanganui Region,Nil,2-way,Sealed,0,0,0,0,100,0,Null,0,0,,39,Manawatu District,Nil,0,1,0,0,0,0,Open,0,0,0,Light rain,Null
1884444,5774857,14946,,540300,0,,0,2,,Null,2008/2009,LAKE ROAD,RANOLF ST,,Non-Injury Crash,No,2009,,East,,0,,Hill Road,,,,,,Dark,1231500,0,0,0,2,,,0,,,,,,Bay of Plenty Region,Nil,2-way,Sealed,,0,0,,50,,On,0,0,,24,Rotorua District,Traffic Signals,,,,,0,0,Urban,0,,,Fine,Null
1755454,5944396,14947,,505909,0,0,0,1,0,North,2009/2010,WHANGAPARAOA ROAD,MATAI ROAD,,Non-Injury Crash,No,2009,0,North,0,0,0,Hill Road,0,,0,,0,Overcast,174007,0,0,0,2,0,0,0,0,0,,0,1,Auckland Region,Nil,2-way,Sealed,0,0,0,0,50,0,Off,0,0,,76,Auckland,Nil,0,0,0,0,0,0,Urban,0,0,0,Light rain,Null
1820719,5528840,14948,,563000,0,,0,2,,South,2008/2009,WEST ST,MAIN ST,,Non-Injury Crash,No,2009,,East,,0,,Flat,,,,,,Bright sun,1805700,0,0,0,2,,,0,,,,,,Manawatū-Whanganui Region,Nil,2-way,Sealed,,0,0,,50,,Null,0,0,,40,Palmerston North City,Nil,,,,,0,0,Urban,0,,,Fine,Null
1761076,5457622,14949,,565700,0,,0,2,,North,2008/2009,SH 1N,PA ROAD,,Non-Injury Crash,Yes,2009,,South,,0,,Flat,,Christmas New Year,,,,Bright sun,2072101,0,0,0,2,,,0,,,,,,Wellington Region,Nil,2-way,Sealed,,0,0,,80,,Null,0,0,,44,Porirua City,Nil,,,,,0,0,Open,0,,,Fine,Null
1706003,5682376,14950,,551301,0,0,0,0,0,Null,2009/2010,RALEIGH ST,WATENE CRESCENT,,Non-Injury Crash,No,2009,0,North,0,0,0,Flat,0,,1,,0,Dark,1546500,0,0,0,2,0,0,0,0,0,,0,0,Taranaki Region,Nil,2-way,Sealed,0,0,0,0,50,0,On,1,0,,33,New Plymouth District,Give way,0,0,0,0,0,0,Urban,0,0,0,Light rain,Null
1883900,5825553,14951,,536831,0,,0,1,,Null,2009/2010,SH 2,CONCORD AVENUE,,Non-Injury Crash,Yes,2009,,South,,0,,Flat,,,,,,Bright sun,1204403,0,0,0,4,,,0,,,,,,Bay of Plenty Region,Nil,2-way,Sealed,,0,0,,70,,Null,0,0,,23,Tauranga City,Stop,,,,,0,0,Urban,1,,,Fine,Null
1822728,5462563,14952,,578901,0,,0,1,,Null,2009/2010,Z FCT MOBIL,CHAPEL/WALTON,,Non-Injury Crash,No,2009,,North,,0,,Flat,,,,,,Bright sun,2235000,0,0,0,0,,,0,,,,,,Wellington Region,Nil,Off road,Sealed,,0,0,,50,,Null,0,0,,48,Masterton District,Nil,,,,,0,0,Urban,1,,,Fine,Null
1802734,5814992,14953,,530200,0,0,0,1,0,East,2009/2010,CLYDE ST,OLD FARM ROAD,,Non-Injury Crash,No,2009,0,East,0,0,0,Flat,0,,0,,0,Overcast,893802,0,0,0,2,0,0,0,0,0,,0,0,Waikato Region,Nil,2-way,Sealed,0,0,0,0,50,0,Null,0,0,,16,Hamilton City,Unknown,1,1,0,0,0,0,Urban,0,0,0,Heavy rain,Null
1763558,5912714,14954,,520500,0,,0,2,,North,2009/2010,SH 1N,MT WGTN ON NBD,,Non-Injury Crash,Yes,2009,,North,,0,,Hill Road,,,,,,Overcast,637300,0,0,0,3,,,0,,,,,,Auckland Region,Nil,1-way,Sealed,,0,0,,100,,Off,0,0,,76,Auckland,Nil,,,,,0,0,Open,0,,,Fine,Null
1750599,5434758,14955,,574100,0,0,0,1,0,Null,2009/2010,TRUSCOTT AVENUE,BRODERICK ROAD,,Non-Injury Crash,No,2009,0,West,0,0,0,Hill Road,0,,0,,1,Bright sun,2085700,0,0,0,2,0,0,0,0,0,,0,0,Wellington Region,Nil,2-way,Sealed,0,0,0,0,50,0,Null,0,0,,47,Wellington City,Give way,0,0,0,0,0,0,Urban,0,0,0,Fine,Null
1751505,5934138,14956,,508701,0,0,0,1,0,West,2009/2010,LIBRARY LANE,DAIRY FLAT HIGHWAY,,Non-Injury Crash,No,2009,0,North,0,0,0,Flat,0,,0,,0,Dark,178800,0,0,0,2,0,0,0,0,0,,0,1,Auckland Region,Nil,2-way,Sealed,0,0,0,0,50,0,On,0,0,,76,Auckland,Nil,0,1,0,0,0,0,Urban,0,0,0,Fine,Null
1764632,5914836,14957,,520301,0,,0,1,,West,2008/2009,ELLERSLIE-PANMURE HIGHWAY,FORGE WAY,,Non-Injury Crash,No,2009,,West,,0,,Flat,,,,,,Bright sun,628203,0,0,0,6,,,0,,,,,,Auckland Region,Nil,2-way,Sealed,,0,0,,50,,Null,1,0,,76,Auckland,Nil,,,,,0,0,Urban,0,,,Fine,Null
1570642,5179674,14958,,591500,0,,0,2,,Null,2008/2009,TUAM ST,COLOMBO ST,,Non-Injury Crash,No,2009,,West,,0,,Flat,,,,,,Overcast,2652000,0,0,0,4,,,0,,,,,,Canterbury Region,Nil,2-way,Sealed,,0,0,,50,,Null,0,0,,60,Christchurch City,Traffic Signals,,,,,0,0,Urban,0,,,Fine,Null
1877253,5820519,14959,,537700,0,,0,2,,North,2009/2010,FRASER ST,KESTEVEN AVENUE,,Non-Injury Crash,No,2009,,South,,0,,Flat,,,,,,Bright sun,1173000,0,0,0,2,,,0,,,,,,Bay of Plenty Region,Nil,2-way,Sealed,,0,0,,50,,Off,0,0,,23,Tauranga City,Give way,,,,,0,0,Urban,0,,,Fine,Null
1749445,5424982,14960,,576400,0,,0,2,,Null,2009/2010,CONSTABLE ST,HIROPI ST,,Non-Injury Crash,No,2009,,East,,0,,Flat,,,,,,Overcast,2168000,0,0,0,2,,,0,,,,,,Wellington Region,Nil,2-way,Sealed,,0,0,,50,,Null,0,0,,47,Wellington City,Nil,,,,,0,0,Urban,0,,,Fine,Null
1824354,5462416,14961,,578800,0,,0,2,,South,2008/2009,JOHNSTONE ST,COLOMBO ROAD,,Non-Injury Crash,No,2009,,South,,0,,Flat,,,,,,Bright sun,2240100,0,0,0,2,,,0,,,,,,Wellington Region,Nil,2-way,Sealed,,0,0,,50,,Null,0,0,,48,Masterton District,Nil,,,,,0,0,Urban,0,,,Fine,Null
1700264,5665792,14962,,552701,0,,0,2,,Null,2009/2010,SH 3,UPLAND ROAD,,Non-Injury Crash,Yes,2009,,East,,0,,Flat,,,,,,Bright sun,1606700,0,0,0,2,,,0,,,,,,Taranaki Region,Nil,2-way,Sealed,,0,0,,100,,Null,0,0,,33,New Plymouth District,Give way,,,,,0,0,Open,0,,,Fine,Null
1760270,5436820,14963,,568402,0,,0,2,,Null,2009/2010,CONNOLLY ST,RUTHERFORD ST,,Non-Injury Crash,No,2009,,South,,0,,Flat,,,,,,Overcast,1941000,0,0,0,2,,,0,,,,,,Wellington Region,Nil,2-way,Sealed,,0,0,,50,,Null,0,0,,46,Lower Hutt City,Give way,,,,,0,0,Urban,1,,,Light rain,Null
1751596,5432950,14964,,574002,0,0,0,2,0,South,2008/2009,SH 1N,NEWLANDS ON SBD,,Non-Injury Crash,Yes,2009,1,South,0,0,0,Flat,0,,0,,0,Bright sun,2078304,0,0,0,3,0,0,0,0,0,,0,0,Wellington Region,Nil,1-way,Sealed,0,0,0,0,80,0,Null,0,0,,47,Wellington City,Nil,0,0,0,0,0,0,Open,0,0,0,Fine,Null
1769966,5899309,14965,,523920,0,,0,1,,South,2009/2010,GREAT SOUTH ROAD,SPARTAN ROAD,,Non-Injury Crash,No,2009,,East,,0,,Flat,,,,,,Overcast,768005,0,0,0,4,,,0,,,,,,Auckland Region,Nil,2-way,Sealed,,0,0,,70,,Null,1,0,,76,Auckland,Unknown,,,,,0,0,Urban,0,,,Fine,Null
1620697,6124168,14966,,500208,0,0,0,1,0,North,2008/2009,SH 1N,WAIPAPAKAURI DOMAIN ROAD,,Non-Injury Crash,Yes,2009,0,North,1,0,0,Flat,0,,0,,0,Overcast,12500,0,0,0,2,0,0,0,0,0,,0,0,Northland Region,Nil,2-way,Sealed,0,0,0,0,100,0,None,0,0,,1,Far North District,Nil,0,0,0,0,0,0,Open,0,0,0,Heavy rain,Null
1759624,5456253,14967,,571800,0,0,0,1,0,North,2009/2010,SH 1N,PA ROAD,,Non-Injury Crash,Yes,2009,0,South,0,0,0,Hill Road,1,,0,,0,Overcast,2066100,0,0,0,2,0,0,0,0,0,,0,0,Wellington Region,Nil,2-way,Sealed,0,0,0,0,80,0,Null,0,0,,44,Porirua City,Nil,0,0,0,0,0,0,Open,0,0,0,Fine,Null
1772333,5893549,14968,,521201,0,0,0,1,0,South,2008/2009,SH 1N,PARK ESTATE OBR,,Non-Injury Crash,Yes,2009,0,North,0,0,0,Hill Road,1,,0,,0,Overcast,806800,0,0,0,2,0,0,0,0,0,,0,0,Auckland Region,Nil,1-way,Sealed,0,0,0,0,100,0,Null,0,0,,76,Auckland,Unknown,0,0,0,0,0,0,Open,0,0,0,Fine,Null
1239809,4847533,14969,,609922,0,0,0,1,0,Null,2008/2009,STEAD ST,CURRAN ROAD,,Non-Injury Crash,No,2009,0,South,1,0,0,Flat,0,,0,,0,Overcast,3084601,0,0,0,2,0,0,0,0,0,,0,0,Southland Region,Nil,2-way,Sealed,0,0,0,0,70,0,Null,0,0,,75,Invercargill City,Give way,0,0,0,0,0,0,Urban,0,0,0,Heavy rain,Null
1748989,5427218,14970,,573101,0,0,0,3,0,East,2008/2009,COURTENAY PLACE,TARANAKI ST,,Non-Injury Crash,No,2009,0,East,0,0,0,Flat,0,,0,,0,Dark,2135600,0,0,0,2,0,0,0,0,1,,0,0,Wellington Region,Nil,2-way,Sealed,0,0,0,0,50,0,On,0,0,,47,Wellington City,Nil,0,0,0,0,0,0,Urban,0,0,0,Fine,Null
1880627,5819414,14971,,538302,0,,0,2,,Null,2009/2010,VICTORY ST,CUMBERLAND CRESCENT N,,Non-Injury Crash,No,2009,,South,,0,,Flat,,,,,,Bright sun,1180001,0,0,0,2,,,0,,,,,,Bay of Plenty Region,Nil,2-way,Sealed,,0,0,,50,,Null,0,0,,23,Tauranga City,Nil,,,,,0,0,Urban,0,,,Fine,Null
1761994,5913891,14972,,520202,0,,0,2,,North,2009/2010,SH 1N,PENROSE OBR,,Non-Injury Crash,Yes,2009,,North,,0,,Flat,,,,,,Overcast,612400,0,0,0,3,,,0,,,,,,Auckland Region,Nil,1-way,Sealed,,0,0,,100,,Off,0,0,,76,Auckland,Nil,,,,,0,0,Open,0,,,Light rain,Null
1809628,5451716,14973,,579803,0,0,0,1,0,South,2008/2009,SH 2,SWAMP ROAD,,Non-Injury Crash,Yes,2009,1,North,0,0,0,Flat,0,Easter,0,,0,Bright sun,2270200,0,0,0,2,0,0,0,0,0,,0,0,Wellington Region,Bridge,2-way,Sealed,0,0,0,0,100,0,Null,1,0,,50,South Wairarapa District,Nil,0,0,0,0,0,0,Open,0,0,0,Fine,Null
1616583,5422815,14974,,584201,1,,0,1,,Null,2009/2010,HILL ST,CHURCHILL AVENUE,,Non-Injury Crash,No,2009,,South,,0,,Flat,,,,,,Overcast,2362900,0,0,0,2,,,0,,,,,,Tasman Region,Nil,2-way,Sealed,,0,0,,50,,Null,0,0,,51,Tasman District,Give way,,,,,0,0,Urban,0,,,Light rain,Null
1936341,5621306,14975,,546901,0,,0,2,,East,2009/2010,CARLYLE ST,MILLAR ST,,Non-Injury Crash,No,2009,,West,,0,,Flat,,,,,,Bright sun,1428000,0,0,0,2,,,0,,,,,,Hawke's Bay Region,Nil,2-way,Sealed,,0,0,,50,,Null,0,0,,31,Napier City,Nil,,,,,0,0,Urban,0,,,Fine,Null
1619078,5425966,14976,,583900,0,,0,2,,Null,2008/2009,MAIN ROAD STOKE,TAINUI ST,,Non-Injury Crash,No,2009,,South,,0,,Flat,,,,,,Overcast,2343702,0,0,0,2,,,0,,,,,,Nelson Region,Nil,2-way,Sealed,,0,0,,50,,Null,0,0,,52,Nelson City,Give way,,,,,0,0,Urban,0,,,Heavy rain,Null
1748523,5428852,14977,,572900,0,,0,2,,North,2008/2009,SH 1N,TERRACE OFF SBD,,Non-Injury Crash,Yes,2009,,South,,0,,Flat,,,,,,Bright sun,2122100,0,0,0,2,,,0,,,,,,Wellington Region,Motorway ramp,2-way,Sealed,,0,0,,100,,Null,0,1,,47,Wellington City,Nil,,,,,0,0,Open,0,,,Fine,Null
2036922,5708167,14978,,544600,0,,0,2,,South,2009/2010,GREY ST,KAHUTIA ST,,Non-Injury Crash,No,2009,,South,,0,,Flat,,,,,,Bright sun,1373200,0,0,0,2,,,0,,,,,,Gisborne Region,Nil,2-way,Sealed,,0,0,,50,,Null,0,0,,28,Gisborne District,Nil,,,,,0,0,Urban,0,,,Fine,Null
1875974,5825390,14979,,537100,0,0,0,0,0,North,2009/2010,WINDSOR ROAD,PRINCESS ROAD,,Non-Injury Crash,No,2009,0,North,0,0,0,Flat,0,,0,,1,Bright sun,1159000,0,0,1,2,0,0,0,0,0,,0,0,Bay of Plenty Region,Nil,2-way,Sealed,0,0,0,0,50,0,Null,0,0,,23,Tauranga City,Unknown,0,0,0,1,0,0,Urban,0,0,0,Fine,Null
1745356,5915976,14980,,510800,0,0,0,1,0,West,2009/2010,BRUCE MCLAREN ROAD,RAILSIDE AVENUE,,Non-Injury Crash,No,2009,0,West,0,0,0,Flat,0,Labour Weekend,0,,0,Dark,242501,0,0,0,2,0,0,0,0,0,,0,0,Auckland Region,Nil,2-way,Sealed,0,0,0,0,50,0,On,0,0,,76,Auckland,Nil,0,1,0,0,0,0,Urban,0,0,0,Fine,Null
1748859,5424838,14981,,576301,0,0,0,2,0,South,2008/2009,RINTOUL ST,MILLWARD ST,,Non-Injury Crash,No,2009,0,South,0,0,0,Hill Road,0,,0,,0,Bright sun,2165500,0,0,0,2,0,0,0,0,1,,0,0,Wellington Region,Nil,2-way,Sealed,0,0,0,0,50,0,Null,0,0,,47,Wellington City,Nil,0,0,0,0,0,0,Urban,0,0,0,Fine,Null
1757849,5918155,14982,,515700,0,0,0,1,0,South,2009/2010,SH 1N,KHYBER PASS ON SBD,,Non-Injury Crash,Yes,2009,0,South,0,0,0,Hill Road,1,,0,,0,Bright sun,443200,0,0,0,5,0,0,0,0,0,,0,0,Auckland Region,Nil,2-way,Sealed,0,0,0,0,80,0,Off,0,0,,76,Auckland,Nil,0,0,0,0,0,0,Open,0,0,0,Fine,Null
1749489,5945809,14983,,505806,0,,0,1,,Null,2009/2010,HIBISCUS COAST HIGHWAY,EAST COAST ROAD,,Non-Injury Crash,No,2009,,East,,0,,Flat,,,,,,Overcast,176602,0,0,0,2,,,0,,,,,,Auckland Region,Nil,2-way,Sealed,,0,0,,80,,Off,0,0,,76,Auckland,Traffic Signals,,,,,0,0,Open,1,,,Fine,Null
1680286,5405251,14984,,580431,0,1,0,1,0,Null,2009/2010,SH 1S,OPAWA BR,,Non-Injury Crash,Yes,2009,0,North,0,0,0,Flat,0,,0,,0,Twilight,2277600,0,0,0,2,0,0,0,0,0,,0,0,Marlborough Region,Bridge,2-way,Sealed,0,0,0,0,50,0,On,0,0,,53,Marlborough District,Nil,0,0,0,0,1,0,Urban,0,0,0,Fine,Null
1823228,5462868,14985,,578600,0,0,0,2,0,Null,2008/2009,Z CPK TRUST HOUSE,RUSSELL ST,,Non-Injury Crash,No,2009,0,South,0,0,0,Flat,0,,0,,0,Overcast,2243100,0,0,0,0,0,0,0,0,1,,0,0,Wellington Region,Nil,Off road,Sealed,0,0,0,0,50,0,Null,0,0,,48,Masterton District,Nil,0,0,0,0,0,0,Urban,0,0,0,Heavy rain,Null
1784102,5746115,14986,,531731,0,,0,2,,South,2009/2010,SH 4,SH 3,,Non-Injury Crash,Yes,2009,,North,,0,,Flat,,,,,,Overcast,1011000,0,0,0,2,,,0,,,,,,Waikato Region,Nil,2-way,Sealed,,0,0,,100,,Off,1,0,,20,Waitomo District,Nil,,,,,0,0,Open,0,,,Fine,Null
1750300,5425000,14987,,576901,0,,0,2,,Null,2008/2009,SH 1N,EVANS BAY PARADE,,Non-Injury Crash,Yes,2009,,North,,0,,Flat,,Christmas New Year,,,,Dark,2177800,0,0,0,4,,,0,,,,,,Wellington Region,Nil,2-way,Sealed,,0,0,,50,,On,0,0,,47,Wellington City,Traffic Signals,,,,,0,0,Urban,0,,,Fine,Null
1767294,5439915,14988,,568101,0,0,1,1,0,South,2008/2009,HOROEKA ST,MARU ST,,Non-Injury Crash,No,2009,0,South,0,0,0,Hill Road,0,,0,,0,Bright sun,1929200,0,0,0,2,0,0,0,0,1,,0,0,Wellington Region,Nil,2-way,Sealed,0,0,0,0,50,0,Null,0,0,,46,Lower Hutt City,Nil,0,0,0,0,0,0,Urban,0,0,0,Fine,Null