X,Y,OBJECTID,advisorySpeed,areaUnitID,bicycle,bridge,bus,carStationWagon,cliffBank,crashDirectionDescription,crashFinancialYear,crashLocation1,crashLocation2,crashRoadSideRoad,crashSeverity,crashSHDescription,crashYear,debris,directionRoleDescription,ditch,fatalCount,fence,flatHill,guardRail,holiday,houseOrBuilding,intersection,kerb,light,meshblockId,minorInjuryCount,moped,motorcycle,NumberOfLanes,objectThrownOrDropped,otherObject,otherVehicleType,overBank,parkedVehicle,pedestrian,phoneBoxEtc,postOrPole,region,roadCharacter,roadLane,roadSurface,roadworks,schoolBus,seriousInjuryCount,slipOrFlood,speedLimit,strayAnimal,streetLight,suv,taxi,temporarySpeedLimit,tlaId,tlaName,trafficControl,trafficIsland,trafficSign,train,tree,truck,unknownVehicleType,urban,vanOrUtility,vehicle,waterRiver,weatherA,weatherB
1764031,5910763,14989,,520500,0,0,0,2,0,South,2008/2009,MOUNT WELLINGTON HIGHWAY,PORTAGE ROAD,,Non-Injury Crash,No,2009,0,North,0,0,0,Flat,0,,0,,0,Dark,638002,0,0,0,2,0,0,0,0,1,,0,0,Auckland Region,Nil,2-way,Sealed,0,0,0,0,50,0,On,0,0,,76,Auckland,Unknown,0,0,0,0,0,0,Urban,0,0,0,Fine,Null
1774928,5578006,14990,,557100,0,,0,2,,West,2009/2010,VICTORIA AVENUE,INGESTRE ST,,Non-Injury Crash,No,2009,,West,,0,,Flat,,,,,,Twilight,1699300,0,0,0,2,,,0,,,,,,Manawatū-Whanganui Region,Nil,2-way,Sealed,,0,0,,50,,On,0,0,,37,Whanganui District,Nil,,,,,0,0,Urban,0,,,Fine,Null
1764464,5439430,14991,,568202,0,0,0,0,0,East,2008/2009,HIGH ST,TAINE ST,,Non-Injury Crash,No,2009,0,South,0,0,0,Flat,0,,1,,0,Bright sun,1936200,0,0,0,2,0,0,0,0,0,,0,0,Wellington Region,Nil,2-way,Sealed,0,0,0,0,50,0,Null,1,0,,46,Lower Hutt City,Nil,0,0,0,0,0,0,Urban,0,0,0,Fine,Null
1775943,5446654,14992,,566700,0,0,0,1,0,Null,2008/2009,SH 2,FERGUSSON DRIVE,,Non-Injury Crash,Yes,2009,0,North,0,0,1,Flat,0,,0,,0,Bright sun,1912800,0,0,0,2,0,0,0,0,0,,0,0,Wellington Region,Nil,2-way,Sealed,0,0,0,0,50,0,Null,0,0,,45,Upper Hutt City,Traffic Signals,0,0,0,0,0,0,Urban,0,0,0,Fine,Null
1760401,5915731,14993,,516003,0,,0,2,,South,2009/2010,SH 1N,GREENLANE INT S,,Non-Injury Crash,Yes,2009,,South,,0,,Flat,,,,,,Twilight,494902,0,0,0,3,,,0,,,,,,Auckland Region,Nil,1-way,Sealed,,0,0,,100,,On,0,0,,76,Auckland,Nil,,,,,0,0,Open,0,,,Fine,Null
1800562,5815032,14994,,529700,0,0,0,1,0,South,2009/2010,HILL ST,TRISTRAM ST,,Non-Injury Crash,No,2009,0,North,0,0,0,Flat,0,,0,,0,Dark,910800,0,0,0,2,0,0,0,0,1,,0,0,Waikato Region,Nil,2-way,Sealed,0,0,0,0,50,0,On,0,0,,16,Hamilton City,Unknown,0,0,0,0,0,0,Urban,0,0,0,Light rain,Null
1774928,5579098,14995,,556800,0,0,0,2,0,North,2009/2010,PITT ST,LIVERPOOL ST,,Non-Injury Crash,No,2009,0,South,0,0,0,Flat,0,,0,,0,Dark,1704300,0,0,0,2,0,0,0,0,1,,0,0,Manawatū-Whanganui Region,Nil,2-way,Sealed,0,0,0,0,50,0,On,0,0,,37,Whanganui District,Nil,0,0,0,0,0,0,Urban,0,0,0,Light rain,Null
1756392,5924482,14996,,509702,0,,0,2,,North,2009/2010,SH 1N,ONEWA ON SBD,,Non-Injury Crash,Yes,2009,,South,,0,,Flat,,,,,,Overcast,366700,0,0,0,3,,,0,,,,,,Auckland Region,Nil,1-way,Sealed,,0,0,,80,,Null,0,0,,76,Auckland,Unknown,,,,,0,0,Open,0,,,Light rain,Null
1759900,5435102,14997,,569001,0,0,0,2,0,North,2009/2010,LUDLAM CRESCENT,WAI-ITI CRESCENT,,Non-Injury Crash,No,2009,0,South,0,0,0,Flat,0,Labour Weekend,0,,0,Bright sun,1964500,0,0,0,2,0,0,0,0,1,,0,0,Wellington Region,Nil,2-way,Sealed,0,0,0,0,50,0,Null,0,0,,46,Lower Hutt City,Nil,0,0,0,0,0,0,Urban,0,0,0,Fine,Null
1764504,5919810,14998,,516601,0,0,0,2,0,West,2009/2010,MELANESIA ROAD,SAGE ROAD,,Non-Injury Crash,No,2009,0,North,0,0,0,Flat,0,,0,,0,Bright sun,504300,0,0,0,2,0,0,0,0,1,,0,0,Auckland Region,Nil,2-way,Sealed,0,0,0,0,50,0,Off,0,0,,76,Auckland,Nil,0,0,0,0,0,0,Urban,0,0,0,Fine,Null
1767551,5906565,14999,,523601,0,,0,2,,Null,2009/2010,BAIRDS ROAD,OCONNOR ST,,Non-Injury Crash,No,2009,,South,,0,,Flat,,,,,,Bright sun,706600,0,0,0,2,,,0,,,,,,Auckland Region,Nil,2-way,Sealed,,0,0,,50,,Off,0,0,,76,Auckland,Give way,,,,,0,0,Urban,0,,,Fine,Null
1762042,5919470,15000,,516400,0,0,0,2,0,East,2009/2010,TAUTARI ST,APIHAI ST,,Non-Injury Crash,No,2009,0,West,0,0,0,Flat,0,,0,,0,Bright sun,499400,0,0,0,2,0,0,0,0,1,,0,0,Auckland Region,Nil,2-way,Sealed,0,0,0,0,50,0,Off,0,0,,76,Auckland,Nil,0,0,0,0,0,0,Urban,0,0,0,Null,Null
1807616,5816072,15001,,527125,0,0,0,1,0,East,2009/2010,SH 26,RUAKURA ROAD,,Non-Injury Crash,Yes,2009,0,East,0,0,0,Flat,0,,0,,0,Bright sun,955100,0,0,0,2,0,0,0,0,0,,0,0,Waikato Region,Nil,2-way,Sealed,0,0,0,0,80,0,None,0,0,,13,Waikato District,Unknown,0,1,0,0,0,0,Open,0,0,0,Fine,Null
1756585,5443879,15002,,571100,0,,0,2,,Null,2008/2009,Z CPK CANNONS CREEK,MENTOR LANE,,Non-Injury Crash,No,2009,,North,,0,,Flat,,,,,,Dark,2046700,0,0,0,0,,,0,,,,,,Wellington Region,Nil,Off road,Sealed,,0,0,,50,,On,0,0,,44,Porirua City,Nil,,,,,0,0,Urban,0,,,Fine,Null
1768576,5903480,15003,,523820,0,,0,2,,Null,2009/2010,EVERGLADE DRIVE,KIRKLOW PLACE,,Non-Injury Crash,No,2009,,East,,0,,Flat,,,,,,Dark,760123,0,0,0,2,,,0,,,,,,Auckland Region,Nil,2-way,Sealed,,0,0,,50,,On,0,0,,76,Auckland,Give way,,,,,0,0,Urban,0,,,Fine,Null
1765163,5909713,15004,,521803,0,,0,3,,North,2008/2009,SH 1N,HIGHBROOK OFF SBD,,Non-Injury Crash,Yes,2009,,South,,0,,Flat,,,,,,Overcast,788500,0,0,0,4,,,0,,,,,,Auckland Region,Nil,1-way,Sealed,,0,0,,100,,Off,0,0,,76,Auckland,Nil,,,,,0,0,Open,1,,,Fine,Null
1769587,5879581,15005,,525922,0,,0,2,,North,2009/2010,MANUKAU ROAD,KITCHENER ROAD,,Non-Injury Crash,No,2009,,North,,0,,Flat,,,,,,Overcast,823600,0,0,0,2,,,0,,,,,,Auckland Region,Nil,2-way,Sealed,,0,0,,50,,Off,0,0,,76,Auckland,Nil,,,,,0,0,Urban,0,,,Fine,Null
1792985,5496938,15006,,564012,0,,0,1,,Null,2008/2009,SH 57,KIMBERLEY ROAD,,Non-Injury Crash,Yes,2009,,East,,0,,Flat,,,,,,Bright sun,1859005,0,0,0,2,,,0,,,,,,Manawatū-Whanganui Region,Nil,2-way,Sealed,,0,0,,100,,Null,0,0,,42,Horowhenua District,Stop,,,,,0,0,Open,1,,,Fine,Null
1769135,5443144,15007,,567800,0,0,0,1,0,East,2008/2009,FERGUSSON DRIVE,STREAM GROVE,,Non-Injury Crash,No,2009,0,North,0,0,0,Flat,0,,0,,0,Overcast,1896400,0,0,0,2,0,0,0,0,0,,0,0,Wellington Region,Nil,2-way,Sealed,0,0,0,0,50,0,Null,0,0,,45,Upper Hutt City,Nil,0,1,0,0,0,0,Urban,0,0,0,Fine,Null
1751529,5435052,15008,,573700,0,,0,1,,Null,2009/2010,Z DWAY KFC,BURGESS ROAD,,Non-Injury Crash,No,2009,,East,,0,,Flat,,,,,,Dark,2082800,0,0,0,1,,,0,,,,,,Wellington Region,Nil,Off road,Sealed,,0,0,,50,,On,0,0,,47,Wellington City,Nil,,,,,0,0,Urban,1,,,Fine,Null
1931294,5605188,15009,,548000,0,,0,2,,Null,2008/2009,GROVE ROAD,WILLOWPARK ROAD NORTH,,Non-Injury Crash,No,2009,,East,,0,,Flat,,Queens Birthday,,,,Overcast,1496800,0,0,0,2,,,0,,,,,,Hawke's Bay Region,Nil,2-way,Sealed,,0,0,,50,,Null,0,0,,30,Hastings District,Give way,,,,,0,0,Urban,0,,,Fine,Null
1766609,5908350,15010,,523501,0,,0,2,,Null,2008/2009,OTARA ROAD,LAPPINGTON ROAD,,Non-Injury Crash,No,2009,,North,,0,,Flat,,,,,,Bright sun,700500,0,0,0,2,,,0,,,,,,Auckland Region,Nil,2-way,Sealed,,0,0,,50,,Off,0,0,,76,Auckland,Give way,,,,,0,0,Urban,0,,,Fine,Null
1771547,5445913,15011,,567500,0,,0,2,,East,2008/2009,SH 2,MOONSHINE ROAD,,Non-Injury Crash,Yes,2009,,North,,0,,Flat,,,,,,Bright sun,1888300,0,0,0,2,,,0,,,,,,Wellington Region,Nil,2-way,Sealed,,0,0,,100,,Null,0,0,,45,Upper Hutt City,Nil,,,,,0,0,Open,0,,,Fine,Strong wind
1758905,5917156,15012,,516001,0,,0,4,,North,2009/2010,SH 1N,MARKET OBR,,Non-Injury Crash,Yes,2009,,South,,0,,Flat,,,,,,Dark,491200,0,0,0,3,,,0,,,,,,Auckland Region,Nil,1-way,Sealed,,0,0,,80,,On,0,0,,76,Auckland,Unknown,,,,,0,0,Open,0,,,Fine,Null
1569941,5179161,15013,,591500,0,,0,3,,Null,2009/2010,MOORHOUSE AVENUE,ANTIGUA ST,,Non-Injury Crash,No,2009,,South,,0,,Flat,,,,,,Dark,2648600,0,0,0,2,,,0,,,,,,Canterbury Region,Nil,2-way,Sealed,,0,0,,50,,On,0,0,,60,Christchurch City,Traffic Signals,,,,,0,0,Urban,0,,,Fine,Null
1301879,4877658,15014,,610033,0,0,0,0,0,South,2008/2009,ELLIOTT ROAD,ANDREWS ROAD,,Serious Crash,No,2009,0,South,0,0,1,Hill Road,0,,0,,0,Dark,3055400,1,0,0,2,0,0,0,0,0,,0,0,Southland Region,Nil,2-way,Unsealed,0,0,1,0,100,0,None,1,0,,74,Gore District,Unknown,0,0,0,1,0,0,Open,0,0,0,Heavy rain,Null
2038665,5707373,15015,,544801,0,,0,0,,Null,2009/2010,SH 35,LONDON ST,,Non-Injury Crash,Yes,2009,,East,,0,,Flat,,,,,,Bright sun,1384700,0,0,0,2,,,0,,,,,,Gisborne Region,Nil,2-way,Sealed,,0,0,,50,,Null,0,0,,28,Gisborne District,Give way,,,,,1,0,Urban,1,,,Fine,Null
1776838,5450272,15016,,566610,0,,0,2,,South,2008/2009,AKATARAWA ROAD,CREST ROAD,,Non-Injury Crash,No,2009,,South,,0,,Hill Road,,,,,,Overcast,1912302,0,0,0,2,,,0,,,,,,Wellington Region,Nil,2-way,Sealed,,0,0,,80,,Null,0,0,,45,Upper Hutt City,Nil,,,,,0,0,Open,0,,,Heavy rain,Null
1749645,5422772,15017,,576100,0,0,0,1,0,North,2008/2009,HOUGHTON BAY ROAD,VIEW ROAD,,Non-Injury Crash,No,2009,0,South,0,0,1,Hill Road,0,,0,,0,Bright sun,2194400,0,0,0,2,0,0,0,0,0,,0,0,Wellington Region,Nil,2-way,Sealed,0,0,0,0,50,0,Null,0,0,,47,Wellington City,Nil,0,0,0,0,0,0,Urban,0,0,0,Fine,Null
1804387,5815509,15018,,527124,0,,0,2,,Null,2009/2010,SILVERDALE ROAD,HILLCREST ROAD,,Non-Injury Crash,No,2009,,South,,0,,Hill Road,,,,,,Dark,954903,0,0,0,2,,,0,,,,,,Waikato Region,Nil,2-way,Sealed,,0,0,,50,,On,0,0,,16,Hamilton City,Stop,,,,,0,0,Urban,0,,,Fine,Null
1755564,5915690,15019,,518301,0,,0,2,,South,2009/2010,DOMINION ROAD,MARSDEN AVENUE,,Non-Injury Crash,No,2009,,North,,0,,Flat,,,,,,Bright sun,554100,0,0,0,2,,,0,,,,,,Auckland Region,Nil,2-way,Sealed,,0,0,,50,,Off,0,0,,76,Auckland,Nil,,,,,0,0,Urban,0,,,Fine,Null
1286393,4858534,15020,,610080,0,,0,0,,South,2008/2009,WYNDHAM-MOKORETA ROAD,DOCTORS ROAD,,Non-Injury Crash,No,2009,,East,,0,,Hill Road,,,,,,Bright sun,3093400,0,0,0,2,,,0,,,,,,Southland Region,Nil,2-way,Sealed,,0,0,,100,,Null,1,0,,73,Southland District,Unknown,,,,,0,0,Open,0,,,Fine,Null
1755309,5919560,15021,,515420,0,,0,2,,Null,2009/2010,MILLAIS ST,RICHMOND ROAD,,Non-Injury Crash,No,2009,,North,,0,,Flat,,,,,,Bright sun,408800,0,0,0,2,,,0,,,,,,Auckland Region,Nil,2-way,Sealed,,0,0,,50,,Off,0,0,,76,Auckland,Stop,,,,,0,0,Urban,0,,,Fine,Null
1860617,5806773,15022,,536630,0,0,0,0,0,North,2009/2010,SH 29,HANGA ROAD,,Non-Injury Crash,Yes,2009,0,South,0,0,0,Flat,0,,0,,0,Overcast,1191900,0,0,0,2,0,0,0,0,0,,0,0,Bay of Plenty Region,Nil,2-way,Sealed,0,0,0,0,100,0,Null,1,0,,22,Western Bay of Plenty District,Unknown,0,1,0,0,0,0,Open,0,0,0,Light rain,Null
1569795,5181550,15023,,592200,0,,0,1,,North,2008/2009,PAPANUI ROAD,CLARE ROAD,,Non-Injury Crash,No,2009,,North,,0,,Flat,,,,,,Overcast,2676200,0,0,1,2,,,0,,,,,,Canterbury Region,Nil,2-way,Sealed,,0,0,,50,,Null,0,0,,60,Christchurch City,Unknown,,,,,0,0,Urban,0,,,Fine,Null
1767750,5912926,15024,,523000,0,,0,2,,Null,2009/2010,UDYS ROAD,REEVES ROAD,,Non-Injury Crash,No,2009,,West,,0,,Flat,,,,,,Overcast,688700,0,0,0,2,,,0,,,,,,Auckland Region,Nil,2-way,Sealed,,0,0,,50,,On,0,0,,76,Auckland,Give way,,,,,0,0,Urban,0,,,Light rain,Null
1800895,5816640,15025,,529900,0,,0,2,,Null,2009/2010,BOUNDARY ROAD,OAKLEY AVENUE,,Non-Injury Crash,No,2009,,East,,0,,Flat,,,,,,Dark,863700,0,0,0,4,,,0,,,,,,Waikato Region,Nil,2-way,Sealed,,0,0,,50,,On,0,0,,16,Hamilton City,Give way,,,,,0,0,Urban,0,,,Fine,Null
1719670,6048489,15026,,502400,0,0,0,1,0,Null,2009/2010,CAIRNFIELD ROAD,MAINS AVENUE,,Non-Injury Crash,No,2009,0,East,0,0,1,Flat,0,,0,,0,Dark,93000,0,0,0,2,0,0,0,0,0,,0,0,Northland Region,Nil,2-way,Sealed,0,0,0,0,50,0,On,0,0,,2,Whangarei District,Give way,0,0,0,0,0,0,Urban,0,0,0,Light rain,Null
1814931,5793190,15027,55,527934,0,0,0,1,0,Null,2009/2010,ROTOORANGI ROAD,COX ROAD,,Non-Injury Crash,No,2009,0,North,1,0,0,Flat,0,,0,,0,Bright sun,988400,0,0,0,2,0,0,0,0,0,,0,0,Waikato Region,Nil,2-way,Sealed,0,0,0,0,100,0,None,0,0,,17,Waipa District,Give way,0,0,0,0,0,0,Open,0,0,0,Fine,Null
1759612,5436190,15028,,569100,0,0,0,2,0,West,2009/2010,QUEENS DRIVE,BUNNY ST,,Non-Injury Crash,No,2009,0,East,0,0,0,Flat,0,,0,,0,Overcast,1965300,0,0,0,2,0,0,0,0,0,,0,0,Wellington Region,Nil,2-way,Sealed,0,0,0,0,50,0,Null,0,0,,46,Lower Hutt City,Nil,0,0,0,0,0,0,Urban,0,1,0,Light rain,Null
1765579,5898771,15029,,524811,0,,0,2,,East,2008/2009,SETTLERS COVE,MATILDA PLACE,,Non-Injury Crash,No,2009,,West,,0,,Flat,,Queens Birthday,,,,Overcast,773804,0,0,0,2,,,0,,,,,,Auckland Region,Nil,2-way,Sealed,,0,0,,50,,Off,0,0,,76,Auckland,Nil,,,,,0,0,Urban,0,,,Light rain,Null
1931971,5616880,15030,,547200,0,,0,2,,North,2009/2010,SH 50,MEEANEE ON NBD,,Non-Injury Crash,Yes,2009,,North,,0,,Flat,,,,,,Dark,1458801,0,0,0,2,,,0,,,,,,Hawke's Bay Region,Nil,2-way,Sealed,,0,0,,100,,None,0,0,,31,Napier City,Nil,,,,,0,0,Open,0,,,Fine,Null
1756318,5927373,15031,90,507900,0,0,0,1,0,North,2009/2010,SH 1N,NORTHCOTE OBR,,Non-Injury Crash,Yes,2009,0,South,0,0,0,Flat,1,,0,,0,Bright sun,305202,0,0,0,3,0,0,0,0,0,,0,0,Auckland Region,Nil,1-way,Sealed,0,0,0,0,100,0,Off,0,0,,76,Auckland,Nil,0,0,0,0,1,0,Open,0,0,0,Fine,Null
1406453,4917444,15032,,603100,0,,0,0,,North,2009/2010,GEORGE ST,HANOVER ST,,Non-Injury Crash,No,2009,,North,,0,,Flat,,,,,,Overcast,2902300,0,0,0,2,,,0,,,,,,Otago Region,Nil,2-way,Sealed,,0,0,,50,,Null,0,0,,71,Dunedin City,Unknown,,,,,0,0,Urban,2,,,Fine,Null
1854666,5878035,15033,,533300,0,0,0,1,0,South,2008/2009,PORT ROAD,PHILOMEL ROAD,,Non-Injury Crash,No,2009,0,South,0,0,0,Flat,0,,0,,0,Dark,1061010,0,0,0,2,0,1,0,0,0,,0,0,Waikato Region,Nil,2-way,Sealed,0,0,0,0,50,0,On,0,0,,11,Thames-Coromandel District,Unknown,0,0,0,0,0,0,Urban,0,0,0,Light rain,Null
1823423,5532225,15034,,562500,0,,0,2,,West,2009/2010,TREMAINE AVENUE,VOGEL ST,,Non-Injury Crash,No,2009,,West,,0,,Flat,,,,,,Overcast,1840700,0,0,0,2,,,0,,,,,,Manawatū-Whanganui Region,Nil,2-way,Sealed,,0,0,,50,,Null,0,0,,40,Palmerston North City,Nil,,,,,0,0,Urban,0,,,Light rain,Null
2036796,5708833,15035,,544600,0,,0,1,,Null,2008/2009,GLADSTONE ROAD,CARNARVON ST,,Non-Injury Crash,No,2009,,East,,0,,Flat,,,,,,Bright sun,1373900,0,0,0,2,,,0,,,,,,Gisborne Region,Nil,2-way,Unsealed,,0,0,,50,,Null,1,0,,28,Gisborne District,Give way,,,,,0,0,Urban,0,,,Fine,Null
1876820,5821171,15036,,537500,0,,0,2,,Null,2009/2010,CAMERON ROAD,MUNRO ST,,Non-Injury Crash,No,2009,,South,,0,,Flat,,,,,,Overcast,1171600,0,0,0,2,,,0,,,,,,Bay of Plenty Region,Nil,2-way,Sealed,,0,0,,50,,Off,0,0,,23,Tauranga City,Give way,,,,,0,0,Urban,0,,,Fine,Null
1760150,5434749,15037,,568702,0,,0,2,,Null,2009/2010,WHITES LINE EAST,CAMBRIDGE TERRACE,,Non-Injury Crash,No,2009,,East,,0,,Flat,,,,,,Dark,1977400,0,0,0,2,,,0,,,,,,Wellington Region,Nil,2-way,Sealed,,0,0,,50,,On,0,0,,46,Lower Hutt City,Traffic Signals,,,,,0,0,Urban,0,,,Heavy rain,Null
1758504,5918017,15038,,517400,0,,0,2,,Null,2009/2010,REMUERA ROAD,NUFFIELD ST,,Non-Injury Crash,No,2009,,East,,0,,Flat,,,,,,Overcast,451300,0,0,0,2,,,0,,,,,,Auckland Region,Nil,2-way,Sealed,,0,0,,50,,Off,0,0,,76,Auckland,Nil,,,,,0,0,Urban,0,,,Fine,Null
1752988,5930784,15039,,508803,0,0,0,1,0,Null,2009/2010,UNSWORTH DRIVE,BARBADOS DRIVE,,Non-Injury Crash,No,2009,0,South,0,0,0,Flat,0,,0,,0,Overcast,180849,0,0,0,2,0,0,0,0,0,,0,0,Auckland Region,Nil,2-way,Sealed,0,0,0,0,50,0,Off,0,0,,76,Auckland,Give way,1,0,0,1,0,0,Urban,0,0,0,Fine,Null
1615075,5423745,15040,,584202,0,,0,2,,South,2009/2010,SH 6,OXFORD ST,,Non-Injury Crash,Yes,2009,,South,,0,,Flat,,Christmas New Year,,,,Bright sun,2364300,0,0,0,2,,,0,,,,,,Tasman Region,Nil,2-way,Sealed,,0,0,,50,,Null,0,0,,51,Tasman District,Nil,,,,,0,0,Urban,0,,,Fine,Null
1825375,5557045,15041,,559700,0,0,0,0,0,North,2009/2010,SH 54,MCKAYS LINE,,Non-Injury Crash,Yes,2009,0,North,0,0,0,Flat,0,,0,,0,Dark,1778500,0,0,0,2,0,0,0,0,0,,0,0,Manawatū-Whanganui Region,Nil,2-way,Sealed,0,0,0,0,100,0,None,0,0,,39,Manawatu District,Nil,0,0,0,0,0,0,Open,1,0,0,Fine,Null
1405748,4918886,15042,,603710,0,,0,2,,Null,2008/2009,BALMACEWEN ROAD,PILKINGTON ST,,Minor Crash,No,2009,,East,,0,,Hill Road,,,,,,Bright sun,2892600,1,0,0,1,,,0,,,,,,Otago Region,Nil,2-way,Sealed,,0,0,,50,,Null,0,0,,71,Dunedin City,Give way,,,,,0,0,Urban,0,,,Fine,Null
1769463,5881184,15043,,525922,0,,0,2,,South,2009/2010,STATION ROAD,EAST ST,,Non-Injury Crash,No,2009,,South,,0,,Flat,,,,,,Bright sun,817200,0,0,0,2,,,0,,,,,,Auckland Region,Nil,2-way,Sealed,,0,0,,50,,Off,0,0,,76,Auckland,Nil,,,,,0,0,Urban,0,,,Fine,Null
1769088,5880073,15044,,525922,0,,0,1,,Null,2009/2010,NELSON ST,JOHN ST,,Non-Injury Crash,No,2009,,East,,0,,Flat,,,,,,Overcast,823500,0,0,0,2,,,0,,,,,,Auckland Region,Nil,2-way,Sealed,,0,0,,50,,None,0,0,,76,Auckland,Stop,,,,,0,0,Urban,1,,,Fine,Null
1771607,5895229,15045,,525530,0,,0,3,,Null,2009/2010,PAPAKURA OFF SBD,BEACH ROAD,,Non-Injury Crash,Yes,2009,,South,,0,,Flat,,,,,,Bright sun,804901,0,0,0,2,,,0,,,,,,Auckland Region,Nil,1-way,Sealed,,0,0,,50,,Off,0,0,,76,Auckland,Give way,,,,,0,0,Urban,0,,,Fine,Null
1755614,5925726,15046,,509701,0,,0,2,,Null,2009/2010,LAKE ROAD,PEARN CRESCENT,,Non-Injury Crash,No,2009,,South,,0,,Hill Road,,,,,,Bright sun,362600,0,0,0,2,,,0,,,,,,Auckland Region,Nil,2-way,Sealed,,0,0,,50,,Off,0,0,,76,Auckland,Give way,,,,,0,0,Urban,0,,,Fine,Null
1687449,6103172,15047,,500900,0,,0,2,,West,2009/2010,WAIPAPA ROAD,LANDING ROAD,,Non-Injury Crash,No,2009,,East,,0,,Flat,,,,,,Bright sun,44608,0,0,0,2,,,0,,,,,,Northland Region,Nil,2-way,Sealed,,0,0,,80,,Null,0,0,,1,Far North District,Unknown,,,,,0,0,Open,0,,,Fine,Null
1766428,5912842,15048,,522920,0,0,0,1,0,West,2009/2010,PAKURANGA HIGHWAY,TI RAKAU DRIVE,,Non-Injury Crash,No,2009,0,East,0,0,1,Flat,1,,0,,0,Dark,683900,0,0,0,2,0,0,0,0,0,,0,0,Auckland Region,Nil,2-way,Sealed,0,0,0,0,80,0,On,0,0,,76,Auckland,Nil,0,0,0,0,0,0,Open,0,0,0,Fine,Null
1748248,5426825,15049,,573101,0,,0,1,,South,2008/2009,WILLIS ST,ARO ST,,Non-Injury Crash,No,2009,,North,,0,,Flat,,,,,,Overcast,2132900,0,0,0,2,,,0,,,,,,Wellington Region,Nil,2-way,Sealed,,0,0,,50,,Null,0,0,,47,Wellington City,Nil,,,,,1,0,Urban,0,,,Fine,Null
1749261,5424598,15050,,576400,0,,0,1,,Null,2009/2010,DANIELL ST,RHODES ST,,Non-Injury Crash,No,2009,,South,,0,,Hill Road,,,,,,Overcast,2169300,0,0,0,2,,,0,,,,,,Wellington Region,Nil,2-way,Sealed,,0,0,,50,,Null,0,0,,47,Wellington City,Give way,,,,,0,0,Urban,1,,,Light rain,Null
1928387,5602296,15051,,545762,0,0,0,2,0,Null,2008/2009,RIVERSLEA ROAD SOUTH,ALGERNON ROAD,,Non-Injury Crash,No,2009,0,East,0,0,0,Flat,0,,0,,0,Bright sun,1468100,0,0,0,2,0,0,0,0,0,,0,0,Hawke's Bay Region,Nil,2-way,Sealed,0,0,0,0,100,0,Null,0,0,,30,Hastings District,Give way,0,1,0,0,0,0,Open,0,0,0,Fine,Null
1606614,5437348,15052,,581833,0,0,0,1,0,East,2008/2009,APORO ROAD,MARRIAGES ROAD,,Non-Injury Crash,No,2009,0,North,1,0,1,Hill Road,0,,0,,0,Bright sun,2374100,0,0,0,2,0,0,0,0,0,,0,0,Tasman Region,Nil,2-way,Sealed,0,0,0,0,100,0,Null,0,0,,51,Tasman District,Nil,0,0,0,0,0,0,Open,0,0,0,Fine,Null
1600950,5449380,15053,,584301,0,0,0,2,1,North,2008/2009,SH 60,INGLIS ST,,Non-Injury Crash,Yes,2009,0,North,0,0,0,Flat,0,,0,,0,Bright sun,2377504,0,0,0,2,0,0,0,0,0,,0,0,Tasman Region,Nil,2-way,Sealed,0,0,0,0,50,0,Null,0,0,,51,Tasman District,Nil,0,0,0,0,0,0,Urban,0,0,0,Fine,Null
1769085,5914816,15054,,522721,0,,0,1,,North,2009/2010,FORTUNES ROAD,BUTLEY ROAD,,Non-Injury Crash,No,2009,,East,,0,,Flat,,,,,,Dark,680726,0,0,0,2,,,0,,,,,,Auckland Region,Nil,2-way,Sealed,,0,0,,50,,On,0,0,,76,Auckland,Nil,,,,,0,0,Urban,0,,,Light rain,Null
1802413,5816086,15055,,530100,0,,0,2,,Null,2008/2009,RUAKURA ROAD,PEACHGROVE ROAD,,Non-Injury Crash,No,2009,,South,,0,,Flat,,,,,,Bright sun,896001,0,0,0,1,,,0,,,,,,Waikato Region,Nil,1-way,Sealed,,0,0,,50,,Null,0,0,,16,Hamilton City,Give way,,,,,0,0,Urban,0,,,Fine,Null
1903732,5566648,15056,,549500,0,,0,2,,East,2008/2009,RUATANIWHA ST,SH 2,,Non-Injury Crash,No,2009,,East,,0,,Flat,,,,,,Overcast,1521100,0,0,0,2,,,0,,,,,,Hawke's Bay Region,Nil,2-way,Sealed,,0,0,,50,,Null,0,0,,32,Central Hawke's Bay District,Nil,,,,,0,0,Urban,0,,,Fine,Null
1751457,5949370,15057,,505805,0,,0,2,,North,2009/2010,CENTREWAY ROAD,MOENUI AVENUE,,Non-Injury Crash,No,2009,,South,,0,,Flat,,,,,,Bright sun,171804,0,0,0,2,,,0,,,,,,Auckland Region,Nil,2-way,Sealed,,0,0,,50,,Null,0,0,,76,Auckland,Give way,,,,,0,0,Urban,0,,,Fine,Null
1771679,5912978,15058,,523102,0,,0,2,,Null,2009/2010,WHITFORD ROAD,MEADOWLAND DRIVE,,Non-Injury Crash,No,2009,,West,,0,,Flat,,,,,,Dark,711005,0,0,0,2,,,0,,,,,,Auckland Region,Nil,2-way,Sealed,,0,0,,50,,On,0,0,,76,Auckland,Give way,,,,,0,0,Urban,0,,,Light rain,Null