X,Y,OBJECTID,advisorySpeed,areaUnitID,bicycle,bridge,bus,carStationWagon,cliffBank,crashDirectionDescription,crashFinancialYear,crashLocation1,crashLocation2,crashRoadSideRoad,crashSeverity,crashSHDescription,crashYear,debris,directionRoleDescription,ditch,fatalCount,fence,flatHill,guardRail,holiday,houseOrBuilding,intersection,kerb,light,meshblockId,minorInjuryCount,moped,motorcycle,NumberOfLanes,objectThrownOrDropped,otherObject,otherVehicleType,overBank,parkedVehicle,pedestrian,phoneBoxEtc,postOrPole,region,roadCharacter,roadLane,roadSurface,roadworks,schoolBus,seriousInjuryCount,slipOrFlood,speedLimit,strayAnimal,streetLight,suv,taxi,temporarySpeedLimit,tlaId,tlaName,trafficControl,trafficIsland,trafficSign,train,tree,truck,unknownVehicleType,urban,vanOrUtility,vehicle,waterRiver,weatherA,weatherB
1766791,5901832,15059,,524720,0,0,0,1,0,North,2009/2010,RUSSELL ROAD,BROWNS ROAD,,Non-Injury Crash,No,2009,0,South,0,0,0,Flat,0,,0,,0,Bright sun,777800,0,0,0,2,0,0,0,0,0,,0,0,Auckland Region,Nil,2-way,Sealed,0,0,0,0,50,0,Off,0,0,,76,Auckland,Give way,0,1,0,0,0,0,Urban,0,0,0,Fine,Null
1744350,5915889,15060,,510800,0,0,0,1,0,East,2009/2010,LENDIC AVENUE,BORDER ROAD,,Non-Injury Crash,No,2009,0,West,0,0,0,Flat,0,,0,,0,Bright sun,242300,0,0,0,2,0,0,0,0,1,,0,0,Auckland Region,Nil,2-way,Sealed,0,0,0,0,50,0,Off,0,0,,76,Auckland,Nil,0,0,0,0,1,0,Urban,0,0,0,Fine,Null
1749193,5424928,15061,,576400,0,,0,2,,Null,2009/2010,CONSTABLE ST,DANIELL ST,,Non-Injury Crash,No,2009,,South,,0,,Flat,,,,,,Overcast,2169101,0,0,0,2,,,0,,,,,,Wellington Region,Nil,2-way,Sealed,,0,0,,40,,Null,0,1,,47,Wellington City,Traffic Signals,,,,,0,0,Urban,0,,,Fine,Strong wind
1575285,5179069,15062,,593900,1,,0,1,,Null,2008/2009,ST JOHNS ST,MACES ROAD,,Non-Injury Crash,No,2009,,South,,0,,Flat,,,,,,Overcast,2580000,0,0,0,2,,,0,,,,,,Canterbury Region,Nil,2-way,Sealed,,0,0,,50,,Null,0,0,,60,Christchurch City,Nil,,,,,0,0,Urban,0,,,Light rain,Null
1765457,5918726,15063,,516900,0,,0,1,,West,2009/2010,ST HELIERS BAY ROAD,LONG DRIVE,,Non-Injury Crash,No,2009,,East,,0,,Flat,,,,,,Bright sun,465400,0,0,0,2,,,0,,,,,,Auckland Region,Nil,2-way,Sealed,,0,0,,50,,Null,0,0,,76,Auckland,Traffic Signals,,,,,0,0,Urban,1,,,Fine,Null
2037212,5709696,15064,,544200,0,,0,2,,Null,2008/2009,WI PERE ST,ORMOND ROAD,,Non-Injury Crash,No,2009,,East,,0,,Flat,,,,,,Overcast,1378700,0,0,0,2,,,0,,,,,,Gisborne Region,Nil,2-way,Sealed,,0,0,,50,,Null,0,0,,28,Gisborne District,Give way,,,,,0,0,Urban,0,,,Fine,Null
2039823,5707862,15065,,544702,0,,0,2,,Null,2008/2009,TYNDALL ROAD,LAWRENCE ST,,Non-Injury Crash,No,2009,,West,,0,,Flat,,,,,,Bright sun,1383501,0,0,0,2,,,0,,,,,,Gisborne Region,Nil,2-way,Sealed,,0,0,,50,,Null,0,0,,28,Gisborne District,Nil,,,,,0,0,Urban,0,,,Fine,Null
1243994,4850461,15066,,610900,0,,0,2,,Null,2009/2010,CHAPMAN ST,LINDISFARNE ST,,Non-Injury Crash,No,2009,,South,,0,,Flat,,,,,,Dark,3128400,0,0,0,2,,,0,,,,,,Southland Region,Nil,2-way,Sealed,,0,0,,50,,On,0,0,,75,Invercargill City,Give way,,,,,0,0,Urban,0,,,Fine,Null
1557290,5167751,15067,,597200,0,,0,2,,Null,2009/2010,SPRINGS ROAD,ELLESMERE JUNCTION ROAD,,Non-Injury Crash,No,2009,,North,,0,,Flat,,,,,,Overcast,2717801,0,0,0,2,,,0,,,,,,Canterbury Region,Nil,2-way,Sealed,,0,0,,70,,Null,0,0,,62,Selwyn District,Give way,,,,,0,0,Urban,0,,,Fine,Null
1770224,5909048,15068,,523115,0,0,0,1,0,South,2009/2010,BALTERSAN DRIVE,GRACECHURCH DRIVE,,Non-Injury Crash,No,2009,0,South,0,0,0,Flat,0,,1,,0,Twilight,712106,0,0,0,2,0,0,0,0,0,,0,0,Auckland Region,Nil,2-way,Sealed,0,0,0,0,50,0,Off,0,0,,76,Auckland,Give way,0,0,0,0,0,0,Urban,0,0,0,Fine,Null
1405222,4914327,15069,,604420,0,,0,2,,Null,2008/2009,HILLSIDE ROAD,HELENA ST,,Non-Injury Crash,No,2009,,East,,0,,Flat,,,,,,Overcast,2930100,0,0,0,2,,,0,,,,,,Otago Region,Nil,2-way,Sealed,,0,0,,50,,Null,0,0,,71,Dunedin City,Give way,,,,,0,0,Urban,0,,,Light rain,Null
1708935,5651280,15070,85,552900,0,0,0,1,0,North,2008/2009,SH 3,DENBIGH ROAD,,Non-Injury Crash,Yes,2009,0,North,0,0,0,Flat,0,Christmas New Year,0,,0,Overcast,1618100,0,0,0,2,0,0,0,0,0,,0,0,Taranaki Region,Bridge,2-way,Sealed,0,0,0,0,100,0,Null,0,0,,34,Stratford District,Nil,0,0,0,1,0,0,Open,0,0,0,Light rain,Null
1755457,5928986,15071,,508320,0,,0,2,,Null,2009/2010,TRISTRAM AVENUE,TRISTRAM OFF NBD,,Non-Injury Crash,Yes,2009,,North,,0,,Flat,,,,,,Twilight,198500,0,0,0,4,,,0,,,,,,Auckland Region,Nil,2-way,Sealed,,0,0,,50,,Off,0,0,,76,Auckland,Traffic Signals,,,,,0,0,Urban,0,,,Fine,Null
1883781,5775089,15072,,540200,0,,0,2,,Null,2009/2010,BENNETTS ROAD,LAKE ROAD,,Non-Injury Crash,No,2009,,South,,0,,Flat,,,,,,Overcast,1223302,0,0,0,2,,,0,,,,,,Bay of Plenty Region,Nil,2-way,Sealed,,0,0,,50,,Null,0,0,,24,Rotorua District,Stop,,,,,0,0,Urban,0,,,Fine,Null
1755769,5928478,15073,,507900,0,,0,1,,South,2009/2010,SH 1N,TRISTRAM OFF NBD,,Non-Injury Crash,Yes,2009,,North,,0,,Flat,,,,,,Twilight,305201,0,0,0,3,,,0,,,,,,Auckland Region,Nil,1-way,Sealed,,0,0,,100,,Off,0,0,,76,Auckland,Nil,,,,,1,0,Open,0,,,Fine,Null
1782597,5485972,15074,,564400,0,,0,1,,South,2009/2010,SH 1N,TE MANUAO ROAD,,Non-Injury Crash,Yes,2009,,South,,0,,Flat,,,,,,Bright sun,1879400,0,0,0,2,,,0,,,,,,Wellington Region,Nil,2-way,Sealed,,0,0,,50,,Null,0,0,,43,Kapiti Coast District,Nil,,,,,0,0,Urban,1,,,Fine,Null
1761442,5457999,15075,,565700,0,0,0,1,1,North,2009/2010,SH 1N,GRAY ST,,Non-Injury Crash,Yes,2009,0,North,0,0,0,Flat,1,Labour Weekend,0,,0,Overcast,2072101,0,0,0,2,0,0,0,0,0,,0,0,Wellington Region,Nil,2-way,Sealed,0,0,0,0,80,0,Null,0,0,,44,Porirua City,Nil,0,0,0,0,0,0,Open,0,0,0,Fine,Null
1775386,5896249,15076,,525700,0,0,0,1,0,East,2008/2009,SETTLEMENT ROAD,DUCKWORTH ROAD,,Non-Injury Crash,No,2009,0,East,0,0,0,Hill Road,0,,0,,0,Bright sun,800201,0,0,0,2,0,0,0,0,0,,0,0,Auckland Region,Nil,2-way,Sealed,0,0,0,0,80,0,Off,0,0,,76,Auckland,Nil,0,0,0,1,0,0,Open,0,0,0,Fine,Null
1717059,6044770,15077,,503300,0,0,0,1,0,West,2009/2010,SH 14,SILVERSTREAM ROAD,,Non-Injury Crash,Yes,2009,0,West,0,0,0,Flat,0,,0,,0,Bright sun,106100,0,0,0,2,0,0,0,0,0,,0,1,Northland Region,Nil,2-way,Sealed,0,0,0,0,70,0,Null,0,0,,2,Whangarei District,Unknown,0,0,0,0,0,0,Urban,0,0,0,Fine,Null
1766929,5903747,15078,,524604,0,,0,1,,North,2009/2010,LAMBIE DRIVE,WIRI STATION ROAD,,Non-Injury Crash,No,2009,,North,,0,,Flat,,,,,,Overcast,780210,0,0,0,1,,,0,,,,,,Auckland Region,Nil,2-way,Sealed,,0,0,,50,,Off,1,0,,76,Auckland,Nil,,,,,0,0,Urban,0,,,Fine,Null
1875893,5824834,15079,,537100,0,,0,2,,North,2009/2010,WINDSOR ROAD,CANBERRA PLACE,,Non-Injury Crash,No,2009,,North,,0,,Flat,,,,,,Overcast,1158600,0,0,0,2,,,0,,,,,,Bay of Plenty Region,Nil,2-way,Sealed,,0,0,,50,,Null,0,0,,23,Tauranga City,Unknown,,,,,0,0,Urban,0,,,Fine,Null
1744250,5915805,15080,,513012,0,0,0,2,0,West,2009/2010,TABITHA CRESCENT,BORDER ROAD S,,Non-Injury Crash,No,2009,0,East,0,0,0,Flat,0,,0,,0,Bright sun,280908,0,0,0,2,0,0,0,0,1,,0,0,Auckland Region,Nil,2-way,Sealed,0,0,0,0,50,0,Off,0,0,,76,Auckland,Nil,0,0,0,0,0,0,Urban,0,0,0,Fine,Null
1693067,5676422,15081,,551800,0,,0,2,,Null,2008/2009,LIARDET ST,GILL ST,,Non-Injury Crash,No,2009,,East,,0,,Flat,,,,,,Bright sun,1593800,0,0,0,2,,,0,,,,,,Taranaki Region,Nil,2-way,Sealed,,0,0,,50,,Null,0,0,,33,New Plymouth District,Give way,,,,,0,0,Urban,0,,,Fine,Null
1674301,5632235,15082,,553200,0,,0,1,,Null,2008/2009,SH 45,AYTOUN ST,,Non-Injury Crash,Yes,2009,,West,,0,,Flat,,,,,,Bright sun,1633900,0,0,0,2,,,0,,,,,,Taranaki Region,Nil,2-way,Sealed,,0,0,,50,,Null,1,0,,35,South Taranaki District,Stop,,,,,0,0,Urban,0,,,Fine,Null
1579437,5176258,15083,,596102,0,0,0,1,0,Null,2008/2009,MAIN ROAD,CLIFF ST,,Non-Injury Crash,No,2009,0,East,0,0,1,Flat,0,,0,,0,Overcast,2702501,0,0,0,2,0,0,0,0,0,,0,0,Canterbury Region,Nil,2-way,Sealed,0,0,0,0,50,0,Null,0,0,,60,Christchurch City,Nil,0,0,0,0,0,0,Urban,0,0,0,Fine,Null
1761837,5438364,15084,,569500,0,,0,2,,Null,2009/2010,FAIRWAY DRIVE,SH 2,,Non-Injury Crash,Yes,2009,,North,,0,,Flat,,,,,,Overcast,1917500,0,0,0,2,,,0,,,,,,Wellington Region,Nil,2-way,Sealed,,0,0,,50,,Null,0,0,,46,Lower Hutt City,Traffic Signals,,,,,0,0,Urban,0,,,Fine,Null
1610439,5419901,15085,,581717,0,0,0,1,0,South,2009/2010,SH 6,CLOVER ROAD,,Non-Injury Crash,Yes,2009,0,North,0,0,1,Flat,0,,0,,0,Bright sun,2358300,0,0,0,2,0,0,0,0,0,,0,0,Tasman Region,Nil,2-way,Sealed,0,0,0,0,100,0,Null,0,0,,51,Tasman District,Nil,0,0,0,0,0,0,Open,0,0,0,Fine,Null
1710326,5617005,15086,,554020,0,0,0,2,0,West,2008/2009,HIGH ST,ALBION ST,,Non-Injury Crash,No,2009,0,East,0,0,0,Flat,0,,0,,0,Overcast,1646100,0,0,0,2,0,0,0,0,1,,0,0,Taranaki Region,Nil,2-way,Sealed,0,0,0,0,50,0,Null,0,0,,35,South Taranaki District,Nil,0,0,0,0,0,0,Urban,0,0,0,Fine,Null
1824295,5462431,15087,,578800,0,,0,0,,South,2008/2009,COLOMBO ROAD,JOHNSTONE ST,,Non-Injury Crash,No,2009,,North,,0,,Flat,,,,,,Overcast,2241900,0,0,0,2,,,0,,,,,,Wellington Region,Nil,2-way,Sealed,,0,0,,50,,Null,2,0,,48,Masterton District,Nil,,,,,0,0,Urban,0,,,Fine,Null
1764198,5436813,15088,,568302,0,0,0,2,0,East,2009/2010,WADDINGTON DRIVE,PROUSE CRESCENT,,Non-Injury Crash,No,2009,0,West,0,0,0,Hill Road,0,,0,,0,Dark,1960400,0,0,0,2,0,0,0,0,1,,0,0,Wellington Region,Nil,2-way,Sealed,0,0,0,0,50,0,Off,0,0,,46,Lower Hutt City,Nil,0,0,0,0,0,0,Urban,0,0,0,Heavy rain,Null
1754112,5918434,15089,,515431,0,0,0,0,0,Null,2009/2010,MOTAT OFF EBD E,GREAT NORTH ROAD,,Non-Injury Crash,Yes,2009,0,North,0,0,0,Flat,0,,0,,0,Bright sun,406300,0,0,0,5,0,0,0,0,0,,0,1,Auckland Region,Motorway ramp,2-way,Sealed,0,0,0,0,50,0,Off,0,0,,76,Auckland,Traffic Signals,0,0,0,0,1,0,Urban,0,0,0,Fine,Null
1774150,5897219,15090,,525610,0,,0,1,,Null,2008/2009,COSGRAVE ROAD,CLEVEDON ROAD,,Non-Injury Crash,No,2009,,South,,0,,Flat,,,,,,Overcast,796500,0,0,0,2,,,0,,,,,,Auckland Region,Nil,2-way,Sealed,,0,0,,50,,Off,0,0,,76,Auckland,Give way,,,,,0,0,Urban,1,,,Fine,Null
1691844,5674736,15091,,551700,0,,0,1,,East,2009/2010,TUKAPA ST,DARTMOOR AVENUE,,Non-Injury Crash,No,2009,,East,,0,,Flat,,,,,,Bright sun,1575200,0,0,0,2,,,0,,,,,,Taranaki Region,Nil,2-way,Sealed,,0,0,,50,,Null,0,0,,33,New Plymouth District,Nil,,,,,0,0,Urban,1,,,Fine,Null
1869931,5822247,15092,30,536620,0,0,0,1,0,West,2009/2010,MINDEN ROAD,DAWN VIEW PLACE,,Non-Injury Crash,No,2009,0,North,0,0,0,Hill Road,0,,0,,0,Dark,1189701,0,0,0,2,0,0,0,1,0,,0,0,Bay of Plenty Region,Nil,2-way,Sealed,0,0,0,0,80,0,None,0,0,,22,Western Bay of Plenty District,Unknown,0,0,0,1,0,0,Open,0,0,0,Fine,Null
1768070,5905193,15093,,523722,0,,0,1,,Null,2009/2010,TE IRIRANGI DRIVE,DIORELLA DRIVE,,Non-Injury Crash,No,2009,,West,,0,,Flat,,,,,,Overcast,715904,0,0,0,5,,,0,,,,,,Auckland Region,Nil,2-way,Sealed,,0,0,,50,,Off,0,0,,76,Auckland,Traffic Signals,,,,,1,0,Urban,0,,,Heavy rain,Null
1935026,5621759,15094,,546200,0,0,0,1,1,East,2008/2009,BATTERY ROAD,SH 50,,Non-Injury Crash,No,2009,0,South,0,0,0,Flat,0,,0,,1,Dark,1419200,0,0,0,2,0,0,0,0,0,,0,0,Hawke's Bay Region,Nil,2-way,Sealed,0,0,0,0,50,0,On,0,0,,31,Napier City,Nil,0,0,0,0,0,0,Urban,0,0,0,Fine,Null
1749305,5943680,15095,,506003,0,0,0,2,0,East,2009/2010,SPUR ROAD,EAST COAST ROAD,,Non-Injury Crash,No,2009,0,West,0,0,1,Flat,0,,0,,0,Dark,175813,0,0,0,2,0,0,0,0,0,,0,0,Auckland Region,Nil,2-way,Sealed,0,0,0,0,80,0,None,0,0,,76,Auckland,Give way,0,0,0,0,0,0,Open,0,0,0,Fine,Null
1922816,5596333,15096,,545851,0,,0,1,,South,2008/2009,SH 2,OLD MAIN ROAD,,Non-Injury Crash,Yes,2009,,North,,0,,Flat,,,,,,Overcast,1463900,0,0,0,2,,,1,,,,,,Hawke's Bay Region,Nil,2-way,Sealed,,0,0,,100,,Null,0,0,,30,Hastings District,Nil,,,,,0,0,Open,0,,,Light rain,Null
1693792,5676260,15097,,552002,0,,0,1,,Null,2008/2009,SH 3,LEMON ST,,Non-Injury Crash,Yes,2009,,South,,0,,Flat,,,,,,Overcast,1594900,0,0,1,2,,,0,,,,,,Taranaki Region,Nil,2-way,Sealed,,0,0,,50,,Null,0,0,,33,New Plymouth District,Stop,,,,,0,0,Urban,0,,,Fine,Null
1705810,5681821,15098,,551111,0,,0,1,,North,2008/2009,RALEIGH ST,BORTHWICK ST,,Non-Injury Crash,No,2009,,North,,0,,Flat,,,,,,Dark,1565300,0,0,0,2,,,0,,,,,,Taranaki Region,Nil,2-way,Sealed,,0,0,,80,,None,0,0,,33,New Plymouth District,Nil,,,,,0,0,Open,0,,,Fine,Null
1935048,5620036,15099,,546600,0,,0,1,,Null,2009/2010,KENNEDY ROAD,RIVERBEND ROAD,,Non-Injury Crash,No,2009,,East,,0,,Flat,,,,,,Bright sun,1438100,0,0,0,6,,,0,,,,,,Hawke's Bay Region,Nil,2-way,Sealed,,0,0,,50,,Null,1,0,,31,Napier City,Traffic Signals,,,,,0,0,Urban,0,,,Fine,Null
1763995,5438739,15100,,568202,0,,0,1,,Null,2009/2010,HIGH ST,BURCHAM ST,,Non-Injury Crash,No,2009,,South,,0,,Flat,,,,,,Bright sun,1937400,0,1,0,2,,,0,,,,,,Wellington Region,Nil,2-way,Sealed,,0,0,,50,,Null,0,0,,46,Lower Hutt City,Give way,,,,,0,0,Urban,0,,,Fine,Null
1756655,5929575,15101,,507720,0,,0,2,,West,2009/2010,MARSH AVENUE,EAST COAST ROAD,,Non-Injury Crash,No,2009,,East,,0,,Hill Road,,,,,,Overcast,312000,0,0,0,1,,,0,,,,,,Auckland Region,Nil,2-way,Sealed,,0,0,,50,,Off,0,0,,76,Auckland,Nil,,,,,0,0,Urban,0,,,Fine,Null
1763809,5912963,15102,,520500,0,,0,3,,South,2009/2010,MOUNT WELLINGTON HIGHWAY,ARANUI ROAD,,Non-Injury Crash,No,2009,,North,,0,,Flat,,,,,,Bright sun,637400,0,0,0,6,,,0,,,,,,Auckland Region,Nil,2-way,Sealed,,0,0,,50,,Off,1,0,,76,Auckland,Nil,,,,,0,0,Urban,0,,,Fine,Null
1759164,5916813,15103,,516001,0,0,0,1,0,North,2009/2010,SH 1N,MARKET OBR,,Non-Injury Crash,Yes,2009,0,South,0,0,0,Flat,1,Christmas New Year,0,,0,Overcast,491200,0,0,0,3,0,0,0,0,0,,0,0,Auckland Region,Nil,1-way,Sealed,0,0,0,0,100,0,Null,0,0,70,76,Auckland,Unknown,0,0,0,0,0,0,Open,1,0,0,Fine,Null
1752316,5591744,15104,,554500,0,,0,0,,East,2008/2009,SH 3,PAETAIA ROAD,,Non-Injury Crash,Yes,2009,,West,,0,,Flat,,,,,,Overcast,1679300,0,0,0,2,,,0,,,,,,Taranaki Region,Nil,2-way,Sealed,,0,0,,100,,Null,1,0,,35,South Taranaki District,Nil,,,,,0,0,Open,0,,,Light rain,Null
1873207,5710445,15105,,541313,0,0,0,1,0,West,2009/2010,SH 5,MOUNTAIN ROAD,,Non-Injury Crash,Yes,2009,0,East,1,0,0,Flat,0,,0,,0,Dark,1280009,0,0,0,2,0,0,0,0,0,,0,0,Waikato Region,Nil,2-way,Sealed,0,0,0,0,100,0,None,0,0,,21,Taupo District,Unknown,0,0,0,1,0,0,Open,0,0,0,Heavy rain,Strong wind
1764660,5914944,15106,,520301,0,0,0,1,0,North,2008/2009,FORGE WAY,MOUNTWELL CRESCENT,,Non-Injury Crash,No,2009,0,South,0,0,0,Flat,0,,0,,0,Bright sun,628203,0,0,0,2,0,0,0,0,1,,0,0,Auckland Region,Nil,2-way,Sealed,0,0,0,0,50,0,Null,1,0,,76,Auckland,Unknown,0,0,0,0,0,0,Urban,0,0,0,Fine,Null
1680603,5403818,15107,,581230,0,,0,1,,Null,2008/2009,SH 1S,STUART ST,,Non-Injury Crash,Yes,2009,,West,,0,,Flat,,,,,,Bright sun,2300100,0,0,0,2,,,0,,,,,,Marlborough Region,Nil,2-way,Sealed,,0,0,,50,,Null,0,0,,53,Marlborough District,Give way,,,,,1,0,Urban,0,,,Fine,Null
1603674,5440220,15108,,581833,0,,0,0,,South,2009/2010,SH 60,HARLEY ROAD,,Non-Injury Crash,Yes,2009,,North,,0,,Flat,,Labour Weekend,,,,Dark,2373600,0,0,0,2,,,0,,,,,,Tasman Region,Nil,2-way,Sealed,,0,0,,100,,None,1,0,,51,Tasman District,Nil,,,,,0,0,Open,0,,,Fine,Null
1765553,5906989,15109,,522301,0,,0,1,,Null,2009/2010,GREAT SOUTH ROAD,EAST TAMAKI ROAD,,Non-Injury Crash,No,2009,,South,,0,,Flat,,,,,,Bright sun,666200,0,0,0,2,,,0,,,,,,Auckland Region,Nil,2-way,Sealed,,0,0,,50,,Off,1,0,,76,Auckland,Traffic Signals,,,,,0,0,Urban,0,,,Fine,Null
1759777,5435737,15110,,569100,0,,0,2,,Null,2009/2010,LAINGS ROAD,HUIA ST,,Non-Injury Crash,No,2009,,North,,0,,Flat,,,,,,Bright sun,1970300,0,0,0,2,,,0,,,,,,Wellington Region,Nil,2-way,Sealed,,0,0,,50,,Null,0,0,,46,Lower Hutt City,Stop,,,,,0,0,Urban,0,,,Fine,Null
1793912,5517767,15111,,561700,0,0,0,1,0,South,2009/2010,SH 1N,MARK PERREAU PLACE,,Non-Injury Crash,Yes,2009,0,North,0,0,0,Flat,0,,0,,0,Bright sun,1780000,0,0,0,2,0,0,0,0,0,,0,0,Manawatū-Whanganui Region,Nil,2-way,Sealed,0,0,0,0,50,0,Null,0,0,,42,Horowhenua District,Nil,0,1,0,0,0,0,Urban,0,0,0,Fine,Null
1839263,5661967,15112,45,541501,0,0,0,0,1,North,2009/2010,SH 1N,TREE TRUNK GORGE ROAD,,Non-Injury Crash,Yes,2009,0,North,0,0,0,Hill Road,1,Christmas New Year,0,,0,Dark,1288900,0,0,0,2,0,0,0,0,0,,0,0,Waikato Region,Nil,2-way,Sealed,0,0,0,0,100,0,None,0,0,,21,Taupo District,Unknown,0,1,0,0,1,0,Open,0,0,0,Mist or Fog,Null
1407492,4918194,15113,,603602,0,,0,1,,Null,2008/2009,FORTH ST,DUNDAS ST,,Non-Injury Crash,No,2009,,North,,0,,Flat,,,,,,Bright sun,2869700,0,0,0,1,,,0,,,,,,Otago Region,Nil,2-way,Sealed,,0,0,,50,,Null,1,0,,71,Dunedin City,Give way,,,,,0,0,Urban,0,,,Fine,Null
2037318,5709573,15114,,544500,0,0,0,2,0,East,2009/2010,ORMOND ROAD,WI PERE ST,,Non-Injury Crash,No,2009,0,West,0,0,0,Flat,0,,0,,0,Dark,1380400,0,0,0,2,0,0,0,0,1,,0,0,Gisborne Region,Nil,2-way,Sealed,0,0,0,0,50,0,On,0,0,,28,Gisborne District,Nil,0,0,0,0,0,0,Urban,0,0,0,Fine,Null
1810438,5504881,15115,,564021,0,,0,0,,West,2008/2009,UNNAMED ROAD,MANGAHAO ROAD,,Non-Injury Crash,No,2009,,South,,0,,Hill Road,,,,,,Bright sun,1854000,0,0,0,2,,,0,,,,,,Manawatū-Whanganui Region,Nil,2-way,Unsealed,,0,0,,100,,Null,1,0,,42,Horowhenua District,Nil,,,,,0,0,Open,1,,,Fine,Null
1797321,5820144,15116,,528402,0,,1,1,,West,2009/2010,SHERWOOD DRIVE,PUKETE ROAD,,Non-Injury Crash,No,2009,,East,,0,,Flat,,,,,,Bright sun,907402,0,0,0,2,,,0,,,,,,Waikato Region,Nil,2-way,Sealed,,0,0,,50,,Null,0,0,,16,Hamilton City,Unknown,,,,,0,0,Urban,0,,,Fine,Null
1933370,5624293,15117,,545611,0,0,0,0,0,Null,2009/2010,SH 2,HAWKES BAY AIRPORT,,Non-Injury Crash,Yes,2009,0,North,0,0,0,Flat,0,,0,,1,Overcast,1413802,0,0,0,2,0,0,0,0,0,,0,1,Hawke's Bay Region,Nil,2-way,Sealed,0,0,0,0,100,0,Null,1,0,,31,Napier City,Nil,0,0,0,0,0,0,Open,0,0,0,Light rain,Null
1623405,5431159,15118,,582500,0,,0,1,,West,2008/2009,HALIFAX ST,RUTHERFORD ST,,Non-Injury Crash,No,2009,,East,,0,,Flat,,,,,,Bright sun,2318900,0,0,0,2,,,0,,,,,,Nelson Region,Nil,2-way,Sealed,,0,0,,50,,Null,0,0,,52,Nelson City,Nil,,,,,0,0,Urban,1,,,Fine,Null
1936236,5621157,15119,,546901,0,,0,1,,East,2008/2009,THACKERAY ST,OWEN ST,,Non-Injury Crash,No,2009,,South,,0,,Flat,,,,,,Overcast,1429500,0,0,0,2,,,0,,,,,,Hawke's Bay Region,Nil,2-way,Sealed,,0,0,,50,,Null,1,0,,31,Napier City,Nil,,,,,0,0,Urban,0,,,Fine,Null
1469468,5119365,15120,,598312,0,,0,1,,Null,2008/2009,SH 1S,SH 79,,Non-Injury Crash,Yes,2009,,North,,0,,Flat,,,,,,Overcast,2761900,0,0,0,2,,,0,,,,,,Canterbury Region,Nil,2-way,Sealed,,0,0,,100,,Null,0,0,,64,Timaru District,Give way,,,,,1,0,Open,0,,,Fine,Null
1611693,5420932,15121,,581720,0,,0,1,,Null,2008/2009,SH 6,ANISEED VALLEY ROAD,,Non-Injury Crash,Yes,2009,,South,,0,,Flat,,,,,,Overcast,2358600,0,0,0,2,,,0,,,,,,Tasman Region,Nil,2-way,Sealed,,0,0,,100,,Null,0,0,,51,Tasman District,Stop,,,,,0,0,Open,1,,,Fine,Null
1781088,5484649,15122,,564400,0,,0,3,,Null,2008/2009,SH 1N,RIVERBANK ROAD,,Non-Injury Crash,Yes,2009,,North,,0,,Flat,,,,,,Bright sun,1883206,0,0,0,2,,,0,,,,,,Wellington Region,Nil,2-way,Sealed,,0,0,,70,,Null,0,0,,43,Kapiti Coast District,Give way,,,,,0,0,Urban,0,,,Fine,Null
1830291,5524125,15123,,561902,0,,0,0,,North,2008/2009,PAHIATUA AOKAUTERE ROAD,SOUTH RANGE ROAD,,Non-Injury Crash,No,2009,,North,,0,,Hill Road,,,,,,Overcast,1799402,0,0,0,2,,,0,,,,,,Manawatū-Whanganui Region,Nil,2-way,Sealed,,0,0,,100,,Null,0,0,,40,Palmerston North City,Nil,,,,,0,0,Open,1,,,Light rain,Null
1929236,5605888,15124,,547700,0,,0,2,,Null,2008/2009,GRAYS ROAD,QUEEN ST WEST,,Non-Injury Crash,No,2009,,South,,0,,Flat,,Christmas New Year,,,,Bright sun,1488000,0,0,0,2,,,0,,,,,,Hawke's Bay Region,Nil,2-way,Sealed,,0,0,,50,,Null,0,0,,30,Hastings District,Give way,,,,,0,0,Urban,0,,,Fine,Null
1822315,5531949,15125,,562401,0,,0,1,,North,2009/2010,MILSON LINE,MALDEN ST,,Non-Injury Crash,No,2009,,South,,0,,Hill Road,,,,,,Overcast,1833900,0,0,0,2,,,0,,,,,,Manawatū-Whanganui Region,Bridge,2-way,Sealed,,0,0,,50,,Null,0,0,,40,Palmerston North City,Nil,,,,,0,0,Urban,2,,,Fine,Null
1408054,4914454,15126,,604612,0,,0,1,,Null,2008/2009,BAYFIELD ROAD,ARAWA ST,,Non-Injury Crash,No,2009,,West,,0,,Flat,,,,,,Overcast,2934800,0,0,0,2,,,0,,,,,,Otago Region,Nil,2-way,Sealed,,0,0,,50,,Null,1,0,,71,Dunedin City,Nil,,,,,0,0,Urban,0,,,Fine,Null
1561882,5179279,15127,,587400,0,,0,0,,East,2008/2009,WATERLOO ROAD,CARMEN ROAD,,Non-Injury Crash,No,2009,,West,,0,,Flat,,,,,,Bright sun,2489300,0,0,0,3,,,0,,,,,,Canterbury Region,Nil,2-way,Sealed,,0,0,,50,,Null,1,0,,60,Christchurch City,Nil,,,,,0,0,Urban,1,,,Fine,Null
1752837,5935155,15128,,508701,0,,0,1,,South,2009/2010,OTEHA VALLEY ON NBD,OTEHA VALLEY ROAD,,Non-Injury Crash,Yes,2009,,North,,0,,Hill Road,,,,,,Dark,178501,0,0,0,2,,,0,,,,,,Auckland Region,Nil,1-way,Sealed,,0,0,,100,,On,0,0,,76,Auckland,Nil,,,,,0,0,Open,0,,,Fine,Null