X,Y,OBJECTID,advisorySpeed,areaUnitID,bicycle,bridge,bus,carStationWagon,cliffBank,crashDirectionDescription,crashFinancialYear,crashLocation1,crashLocation2,crashRoadSideRoad,crashSeverity,crashSHDescription,crashYear,debris,directionRoleDescription,ditch,fatalCount,fence,flatHill,guardRail,holiday,houseOrBuilding,intersection,kerb,light,meshblockId,minorInjuryCount,moped,motorcycle,NumberOfLanes,objectThrownOrDropped,otherObject,otherVehicleType,overBank,parkedVehicle,pedestrian,phoneBoxEtc,postOrPole,region,roadCharacter,roadLane,roadSurface,roadworks,schoolBus,seriousInjuryCount,slipOrFlood,speedLimit,strayAnimal,streetLight,suv,taxi,temporarySpeedLimit,tlaId,tlaName,trafficControl,trafficIsland,trafficSign,train,tree,truck,unknownVehicleType,urban,vanOrUtility,vehicle,waterRiver,weatherA,weatherB
1758008,5920267,15129,,514103,0,,0,1,,West,2009/2010,SYMONDS ST,WATERLOO QUADRANT,,Non-Injury Crash,No,2009,,East,,0,,Flat,,,,,,Bright sun,437400,0,0,0,2,,,0,,,,,,Auckland Region,Nil,2-way,Sealed,,0,0,,50,,Off,0,0,,76,Auckland,Nil,,,,,0,0,Urban,1,,,Fine,Frost
1749129,5426582,15130,,573101,0,0,0,3,0,Null,2008/2009,CAMBRIDGE TERRACE,BARKER ST,,Non-Injury Crash,No,2009,0,North,0,0,0,Flat,0,,0,,0,Overcast,2136900,0,0,0,2,0,0,0,0,1,,0,0,Wellington Region,Nil,2-way,Sealed,0,0,0,0,50,0,Null,0,0,,47,Wellington City,Nil,0,0,0,0,0,0,Urban,0,0,0,Fine,Null
1792545,5447018,15131,65,579803,0,0,0,0,1,West,2009/2010,SH 2,WATT ST,,Non-Injury Crash,Yes,2009,0,East,0,0,0,Flat,0,,0,,0,Overcast,2271902,0,0,0,2,0,0,0,0,0,,0,0,Wellington Region,Nil,2-way,Sealed,0,0,0,0,100,0,Null,0,0,,50,South Wairarapa District,Nil,0,1,0,0,0,0,Open,1,0,0,Fine,Null
1802457,5817046,15132,,530000,0,0,0,1,0,Null,2008/2009,JOHN ST,ENDERLEY AVENUE,,Non-Injury Crash,No,2009,0,North,0,0,0,Flat,0,,0,,0,Bright sun,865901,0,0,0,2,0,0,0,0,0,,0,1,Waikato Region,Nil,2-way,Sealed,0,0,0,0,50,0,None,0,0,,16,Hamilton City,Give way,0,0,0,0,0,0,Urban,0,0,0,Fine,Null
1824154,5463652,15133,,578600,0,,0,2,,South,2009/2010,SH 2,KING ST,,Non-Injury Crash,Yes,2009,,South,,0,,Flat,,,,,,Dark,2244800,0,0,0,2,,,0,,,,,,Wellington Region,Nil,2-way,Sealed,,0,0,,50,,On,0,0,,48,Masterton District,Nil,,,,,0,0,Urban,0,,,Fine,Null
1668213,5406909,15134,,580449,0,,0,1,,Null,2008/2009,SH 6,SH 62,,Non-Injury Crash,Yes,2009,,South,,0,,Flat,,,,,,Overcast,2278200,0,0,0,2,,,0,,,,,,Marlborough Region,Nil,2-way,Sealed,,0,0,,100,,Null,0,0,,53,Marlborough District,Give way,,,,,0,0,Open,1,,,Heavy rain,Null
1748922,5935989,15135,,506300,0,0,0,0,0,North,2009/2010,DAIRY FLAT HIGHWAY,COATESVILLE-RIVERHEAD HIG,,Non-Injury Crash,No,2009,0,North,0,0,0,Flat,0,,0,,0,Dark,176003,0,0,0,2,0,0,0,1,0,,0,0,Auckland Region,Nil,2-way,Sealed,0,0,0,0,100,0,On,0,0,,76,Auckland,Nil,0,0,0,0,0,0,Open,1,0,0,Fine,Null
1759003,5912441,15136,,519820,0,,0,1,,Null,2009/2010,ONEHUNGA MALL,ARTHUR ST,,Non-Injury Crash,No,2009,,East,,0,,Flat,,,,,,Bright sun,600500,0,0,1,2,,,0,,,,,,Auckland Region,Nil,2-way,Sealed,,0,0,,50,,Off,0,0,,76,Auckland,Nil,,,,,0,0,Urban,0,,,Fine,Null
1774115,5897312,15137,,525630,0,,0,2,,North,2008/2009,COSGRAVE ROAD,CLEVEDON ROAD,,Non-Injury Crash,No,2009,,North,,0,,Flat,,,,,,Bright sun,795900,0,0,0,2,,,0,,,,,,Auckland Region,Nil,2-way,Sealed,,0,0,,50,,Off,0,0,,76,Auckland,Nil,,,,,0,0,Urban,0,,,Fine,Null
1757742,5444588,15138,,571400,0,0,0,1,0,South,2008/2009,WARSPITE AVENUE,CORINNA ST,,Non-Injury Crash,No,2009,0,South,0,0,1,Hill Road,0,Easter,0,,0,Dark,2061000,0,0,0,2,0,0,0,0,0,,0,1,Wellington Region,Nil,2-way,Sealed,0,0,0,0,50,0,On,0,0,,44,Porirua City,Nil,0,0,0,0,0,0,Urban,0,0,0,Fine,Null
1756136,5924527,15139,,509702,0,,0,1,,Null,2008/2009,ONEWA ROAD,SYLVAN AVENUE,,Non-Injury Crash,No,2009,,East,,0,,Hill Road,,,,,,Dark,366700,0,0,0,4,,,0,,,,,,Auckland Region,Nil,2-way,Sealed,,0,0,,50,,On,0,0,,76,Auckland,Traffic Signals,,,,,1,0,Urban,0,,,Light rain,Null
1822845,5463497,15140,,578700,0,,0,1,,East,2009/2010,RENALL ST,POWNALL ST,,Non-Injury Crash,No,2009,,East,,0,,Flat,,Labour Weekend,,,,Bright sun,2236900,0,0,0,2,,,0,,,,,,Wellington Region,Nil,2-way,Sealed,,0,0,,50,,Null,0,0,,48,Masterton District,Nil,,,,,0,0,Urban,1,,,Fine,Null
1756824,5919291,15141,,514200,0,,0,2,,North,2009/2010,MERCURY LANE,CANADA ST,,Non-Injury Crash,No,2009,,South,,0,,Flat,,,,,,Bright sun,412100,0,0,0,1,,,0,,,,,,Auckland Region,Nil,1-way,Sealed,,0,0,,50,,Off,0,0,,76,Auckland,Give way,,,,,0,0,Urban,0,,,Fine,Null
1829621,5626273,15142,,558500,0,0,0,1,0,South,2009/2010,SH 1N,HASSETT DRIVE,,Non-Injury Crash,Yes,2009,0,North,0,0,1,Flat,0,,0,,0,Dark,1753300,0,0,0,2,0,0,0,0,0,,0,0,Manawatū-Whanganui Region,Nil,2-way,Sealed,0,0,0,0,100,0,None,0,0,,36,Ruapehu District,Nil,0,0,0,0,0,0,Open,0,0,0,Fine,Null
1758411,5435428,15143,,569202,0,,0,2,,South,2009/2010,VICTORIA ST,HUME ST,,Non-Injury Crash,No,2009,,South,,0,,Flat,,,,,,Dark,1923100,0,0,0,2,,,0,,,,,,Wellington Region,Nil,2-way,Sealed,,0,0,,50,,On,0,0,,46,Lower Hutt City,Nil,,,,,0,0,Urban,0,,,Light rain,Null
1810975,5456850,15144,,579501,0,,0,2,,East,2009/2010,BELVEDERE ROAD,MANNINGS ROAD,,Non-Injury Crash,No,2009,,West,,0,,Flat,,,,,,Overcast,2265600,0,0,0,2,,,0,,,,,,Wellington Region,Nil,2-way,Sealed,,0,0,,100,,Null,0,0,,49,Carterton District,Nil,,,,,0,0,Open,0,,,Fine,Null
1825063,5460771,15145,,578301,0,0,0,0,1,Null,2008/2009,TE WHITI ROAD,POKOHIWI ROAD,,Non-Injury Crash,No,2009,0,East,1,0,0,Flat,0,,0,,0,Overcast,2257200,0,0,0,2,0,0,0,0,0,,0,0,Wellington Region,Nil,2-way,Sealed,0,0,0,0,100,0,Null,1,0,,48,Masterton District,Nil,0,0,0,0,0,0,Open,0,0,0,Light rain,Strong wind
1767352,5910462,15146,,523112,0,,0,4,,Null,2009/2010,HIGHBROOK DRIVE,MAURICE PAYKEL PLACE,,Non-Injury Crash,No,2009,,East,,0,,Flat,,,,,,Overcast,711200,0,0,0,2,,,0,,,,,,Auckland Region,Nil,2-way,Sealed,,0,0,,70,,On,0,0,,76,Auckland,Traffic Signals,,,,,0,0,Urban,0,,,Light rain,Null
1800044,5815551,15147,,528900,0,,0,2,,Null,2009/2010,NORTON ROAD,SEDDON ROAD,,Non-Injury Crash,No,2009,,West,,0,,Flat,,,,,,Overcast,914000,0,0,0,2,,,0,,,,,,Waikato Region,Nil,2-way,Sealed,,0,0,,50,,Null,0,0,,16,Hamilton City,Give way,,,,,0,0,Urban,0,,,Heavy rain,Null
1753211,5914603,15148,,518801,0,,0,2,,South,2009/2010,RICHARDSON ROAD,VALONIA ST,,Non-Injury Crash,No,2009,,North,,0,,Flat,,,,,,Bright sun,578400,0,0,0,2,,,0,,,,,,Auckland Region,Nil,2-way,Sealed,,0,0,,50,,Null,0,0,,76,Auckland,Unknown,,,,,0,0,Urban,0,,,Fine,Null
1609442,5419060,15149,,581822,0,0,0,1,0,South,2009/2010,SH 6,ELLIS ST,,Non-Injury Crash,Yes,2009,0,East,0,0,0,Flat,0,,0,,0,Overcast,2355601,0,0,0,2,0,0,0,1,0,,0,0,Tasman Region,Nil,2-way,Sealed,0,0,0,0,80,0,Null,0,0,,51,Tasman District,Nil,0,0,0,0,0,0,Open,0,0,0,Fine,Null
1753095,5440154,15150,,572500,0,,0,1,,Null,2008/2009,MAIN ROAD,TAWA ST,,Non-Injury Crash,No,2009,,West,,0,,Flat,,,,,,Bright sun,1986300,0,0,0,2,,,0,,,,,,Wellington Region,Nil,2-way,Sealed,,0,0,,50,,Null,0,0,,47,Wellington City,Give way,,,,,1,0,Urban,0,,,Fine,Null
1771607,5895229,15151,,525530,0,,0,2,,Null,2009/2010,BEACH ROAD,PAPAKURA OFF SBD,,Non-Injury Crash,No,2009,,West,,0,,Flat,,,,,,Bright sun,804901,0,0,0,3,,,0,,,,,,Auckland Region,Nil,2-way,Sealed,,0,0,,50,,Off,0,0,,76,Auckland,Nil,,,,,0,0,Urban,0,,,Fine,Null
1796262,5693767,15152,,532902,0,0,0,1,0,West,2009/2010,SH 4,MANUAUTE ST,,Non-Injury Crash,Yes,2009,0,West,0,0,1,Flat,0,,0,,0,Overcast,1034900,0,0,0,2,0,0,0,0,0,,0,0,Manawatū-Whanganui Region,Nil,2-way,Sealed,0,0,0,0,50,0,Null,0,0,,36,Ruapehu District,Nil,0,0,0,0,0,0,Urban,0,0,0,Fine,Null
1822918,5531949,15153,,562500,0,,0,1,,West,2008/2009,TREMAINE AVENUE,THAMES ST,,Non-Injury Crash,No,2009,,West,,0,,Flat,,,,,,Bright sun,1840700,0,0,0,2,,,0,,,,,,Manawatū-Whanganui Region,Nil,2-way,Sealed,,0,0,,50,,Null,0,0,,40,Palmerston North City,Nil,,,,,0,0,Urban,1,,,Fine,Null
1760456,5434748,15154,,568701,0,,0,0,,North,2008/2009,WAIWHETU ROAD,RODNEY ST,,Non-Injury Crash,No,2009,,West,,0,,Flat,,,,,,Twilight,1976800,0,0,0,2,,,0,,,1,,,Wellington Region,Nil,2-way,Sealed,,0,0,,50,,On,0,0,,46,Lower Hutt City,Nil,,,,,0,0,Urban,1,,,Fine,Null
1719201,6045909,15155,,503100,0,0,0,2,0,North,2009/2010,RUST AVENUE,LOVERS LANE,,Non-Injury Crash,No,2009,0,North,0,0,0,Flat,0,,0,,0,Overcast,99200,0,0,0,2,0,0,0,0,1,,0,0,Northland Region,Nil,2-way,Sealed,0,0,0,0,50,0,Off,0,0,,2,Whangarei District,Nil,0,0,0,0,0,0,Urban,0,0,0,Fine,Null
1740907,5976724,15156,,506660,0,0,0,0,1,South,2009/2010,SH 1N,WAYBY VALLEY ROAD,,Non-Injury Crash,Yes,2009,0,North,0,0,0,Flat,0,,0,,0,Dark,136700,0,0,0,2,0,0,0,0,0,,0,0,Auckland Region,Nil,2-way,Sealed,0,0,0,0,80,0,None,1,0,,76,Auckland,Nil,0,0,0,0,0,0,Open,0,0,0,Light rain,Null
1930114,5605127,15157,,548200,0,,0,0,,Null,2009/2010,HOLT PLACE,ST AUBYN ST EAST,,Non-Injury Crash,No,2009,,North,,0,,Flat,,,,,,Overcast,1494100,0,0,0,2,,,0,,,,,,Hawke's Bay Region,Nil,2-way,Sealed,,0,0,,50,,Null,0,0,,30,Hastings District,Give way,,,,,0,0,Urban,1,,,Fine,Null
2036837,5708566,15158,,544600,0,,0,2,,Null,2009/2010,CHILDERS ROAD,COBDEN ST,,Non-Injury Crash,No,2009,,East,,0,,Flat,,,,,,Bright sun,1372800,0,0,0,2,,,0,,,,,,Gisborne Region,Nil,2-way,Sealed,,0,0,,50,,Null,0,0,,28,Gisborne District,Stop,,,,,0,0,Urban,0,,,Fine,Null
1880638,5826510,15159,,536821,0,,0,2,,West,2009/2010,SH 2,TASMAN QUAY,,Non-Injury Crash,Yes,2009,,East,,0,,Flat,,Christmas New Year,,,,Twilight,1188802,0,0,0,2,,,0,,,,,,Bay of Plenty Region,Nil,2-way,Sealed,,0,0,,70,,Off,0,0,,23,Tauranga City,Unknown,,,,,0,0,Urban,0,,,Fine,Null
1757681,5918290,15160,,518101,0,,0,1,,Null,2009/2010,SH 1N,KHYBER PASS OFF NBD,,Non-Injury Crash,Yes,2009,,North,,0,,Flat,,,,,,Bright sun,543000,0,0,0,4,,,0,,,,,,Auckland Region,Nil,1-way,Sealed,,0,0,,80,,Off,1,0,,76,Auckland,Nil,,,,,0,0,Open,0,,,Fine,Null
1822826,5463505,15161,,578700,0,,0,2,,Null,2009/2010,RENALL ST,POWNALL ST,,Non-Injury Crash,No,2009,,West,,0,,Flat,,,,,,Overcast,2235600,0,0,0,2,,,0,,,,,,Wellington Region,Nil,2-way,Sealed,,0,0,,50,,Null,0,0,,48,Masterton District,Stop,,,,,0,0,Urban,0,,,Fine,Null
1756194,5917931,15162,,518101,0,0,0,2,0,South,2009/2010,DOMINION ROAD,TAWARI ST,,Non-Injury Crash,No,2009,0,North,0,0,0,Flat,0,,0,,0,Bright sun,544900,0,0,0,2,0,0,0,0,1,,0,0,Auckland Region,Nil,2-way,Sealed,0,0,0,0,50,0,Off,0,0,,76,Auckland,Nil,0,0,0,0,0,0,Urban,0,0,0,Fine,Null
1747073,5913838,15163,,511100,0,0,0,1,0,East,2009/2010,WEST COAST ROAD,GLENDALE ROAD,,Non-Injury Crash,No,2009,0,West,0,0,0,Flat,0,,0,,0,Bright sun,286100,0,0,0,4,0,0,0,0,0,,0,0,Auckland Region,Nil,2-way,Sealed,0,0,0,0,50,0,Off,0,0,,76,Auckland,Nil,0,0,0,0,1,0,Urban,0,1,0,Fine,Null
2034368,5709340,15164,,544400,0,0,0,1,0,Null,2009/2010,COCHRANE ST,WAVERLEY ST,,Non-Injury Crash,No,2009,0,South,0,0,1,Flat,0,,0,,0,Dark,1374601,0,0,0,2,0,0,0,0,0,,0,0,Gisborne Region,Nil,2-way,Sealed,0,0,0,0,50,0,On,0,0,,28,Gisborne District,Nil,0,0,0,0,0,0,Urban,0,0,0,Fine,Null
1571074,5180039,15165,,591500,0,,0,1,,Null,2009/2010,HEREFORD ST,LATIMER SQUARE,,Minor Crash,No,2009,,East,,0,,Flat,,,,,,Overcast,2651500,1,0,0,2,,,0,,,1,,,Canterbury Region,Nil,2-way,Sealed,,0,0,,50,,Null,0,0,,60,Christchurch City,Traffic Signals,,,,,0,0,Urban,0,,,Heavy rain,Null
1754356,5447465,15166,,570600,0,,0,2,,East,2009/2010,POHUTUKAWA GROVE,TE PENE AVENUE,,Non-Injury Crash,No,2009,,South,,0,,Flat,,,,,,Dark,2039700,0,0,0,2,,,0,,,,,,Wellington Region,Nil,2-way,Sealed,,0,0,,50,,On,0,0,,44,Porirua City,Nil,,,,,0,0,Urban,0,,,Fine,Null
1748679,5426647,15167,,573101,0,,0,2,,Null,2008/2009,TARANAKI ST,OLD BUCKLE ST,,Non-Injury Crash,No,2009,,West,,0,,Flat,,,,,,Dark,2134800,0,0,0,2,,,0,,,,,,Wellington Region,Nil,2-way,Sealed,,0,0,,50,,On,0,1,,47,Wellington City,Traffic Signals,,,,,0,0,Urban,0,,,Light rain,Null
1749275,5427074,15168,,573101,0,,0,1,,West,2008/2009,COURTENAY PLACE,CAMBRIDGE TERRACE,,Non-Injury Crash,No,2009,,West,,0,,Flat,,,,,,Overcast,2136000,0,0,0,2,,,0,,,,,,Wellington Region,Nil,2-way,Sealed,,0,0,,50,,Null,1,0,,47,Wellington City,Nil,,,,,0,0,Urban,0,,,Light rain,Null
1774027,5897539,15169,,525630,0,,0,2,,Null,2009/2010,COSGRAVE ROAD,OLD WAIROA ROAD,,Non-Injury Crash,No,2009,,South,,0,,Flat,,,,,,Bright sun,795802,0,0,0,2,,,0,,,,,,Auckland Region,Nil,2-way,Sealed,,0,0,,50,,Off,0,0,,76,Auckland,Stop,,,,,0,0,Urban,0,,,Fine,Null
1801519,5818127,15170,,529501,0,,0,2,,North,2009/2010,HUKANUI ROAD,SNELL DRIVE,,Non-Injury Crash,No,2009,,North,,0,,Flat,,,,,,Bright sun,875600,0,0,0,2,,,0,,,,,,Waikato Region,Nil,2-way,Sealed,,0,0,,50,,Off,0,0,,16,Hamilton City,Nil,,,,,0,0,Urban,0,,,Fine,Null
1749129,5426520,15171,,573101,0,,0,2,,North,2008/2009,SH 1N,ELLICE ST,,Non-Injury Crash,Yes,2009,,South,,0,,Flat,,,,,,Bright sun,2137000,0,0,0,2,,,0,,,,,,Wellington Region,Nil,2-way,Sealed,,0,0,,50,,Null,0,0,,47,Wellington City,Nil,,,,,0,0,Urban,0,,,Fine,Null
1727540,6011210,15172,,501815,0,,0,0,,South,2009/2010,SH 1N,WAIPU GORGE ROAD,,Non-Injury Crash,Yes,2009,,South,,0,,Hill Road,,,,,,Overcast,81300,0,0,0,3,,,0,,,,,,Northland Region,Nil,2-way,Sealed,,0,0,,100,,None,2,0,,2,Whangarei District,Nil,,,,,0,0,Open,0,,,Heavy rain,Null
1768029,5904244,15173,,524602,0,,0,2,,South,2009/2010,SH 1N,REDOUBT OBR,,Non-Injury Crash,Yes,2009,,North,,0,,Hill Road,,,,,,Overcast,780501,0,0,0,6,,,0,,,,,,Auckland Region,Nil,2-way,Sealed,,0,0,,80,,Null,0,0,,76,Auckland,Unknown,,,,,0,0,Open,0,,,Light rain,Null
1758018,5920277,15174,,514103,0,,0,2,,Null,2009/2010,WATERLOO QUADRANT,SYMONDS ST,,Non-Injury Crash,No,2009,,North,,0,,Flat,,,,,,Bright sun,438203,0,0,0,2,,,0,,,,,,Auckland Region,Nil,2-way,Sealed,,0,0,,50,,Off,0,0,,76,Auckland,Traffic Signals,,,,,0,0,Urban,0,,,Fine,Null
1620874,5429939,15175,,583000,0,0,0,1,0,North,2008/2009,SH 6,MURITAI ST,,Non-Injury Crash,Yes,2009,0,North,0,0,0,Flat,0,,0,,0,Bright sun,2333100,0,1,0,2,0,0,0,0,1,,0,0,Nelson Region,Nil,2-way,Sealed,0,0,0,0,50,0,Null,0,0,,52,Nelson City,Nil,0,0,0,0,0,0,Urban,1,0,0,Fine,Null
1802513,5813528,15176,,530300,0,,0,2,,Null,2009/2010,GREY ST,SH 1N,,Non-Injury Crash,Yes,2009,,South,,0,,Flat,,,,,,Bright sun,882500,0,0,0,2,,,0,,,,,,Waikato Region,Nil,1-way,Sealed,,0,0,,80,,None,0,0,,16,Hamilton City,Stop,,,,,0,0,Open,0,,,Fine,Null
1621003,5430137,15177,,583100,0,,0,1,,North,2008/2009,SH 6,BISLEY WALK,,Non-Injury Crash,Yes,2009,,North,,0,,Flat,,,,,,Overcast,2334400,0,0,0,2,,,0,,,,,,Nelson Region,Nil,2-way,Sealed,,0,0,,50,,Null,1,0,,52,Nelson City,Nil,,,,,0,0,Urban,0,,,Fine,Null
1763563,5430377,15178,,565300,0,0,0,2,0,South,2009/2010,BULL AVENUE,PETRIE ST,,Non-Injury Crash,No,2009,0,South,0,0,0,Flat,0,,0,,0,Dark,2023000,0,0,0,2,0,0,0,0,1,,0,0,Wellington Region,Nil,2-way,Sealed,0,0,0,0,50,0,On,0,0,,46,Lower Hutt City,Nil,0,0,0,0,0,0,Urban,0,0,0,Fine,Null
1863464,5821981,15179,,536620,0,,0,2,,West,2009/2010,ROSS ROAD,WHAKAMARAMA ROAD,,Non-Injury Crash,No,2009,,North,,0,,Hill Road,,,,,,Bright sun,1189103,0,0,0,2,,,0,,,,,,Bay of Plenty Region,Nil,2-way,Sealed,,0,0,,100,,Null,0,0,,22,Western Bay of Plenty District,Unknown,,,,,0,0,Open,0,,,Fine,Null
1925436,5598843,15180,,545852,0,0,0,1,0,East,2009/2010,STOCK ROAD,SH 2,,Non-Injury Crash,No,2009,0,West,0,0,0,Flat,0,,0,,0,Overcast,1465801,0,0,0,2,0,0,0,0,0,,0,0,Hawke's Bay Region,Nil,2-way,Sealed,0,0,0,0,100,0,Null,0,0,,30,Hastings District,Nil,0,0,0,1,0,0,Open,0,0,0,Light rain,Null
1746168,5427090,15181,,575000,0,0,0,2,0,North,2008/2009,CROYDON ST,CAMPBELL ST,,Non-Injury Crash,No,2009,0,South,0,0,0,Hill Road,0,,0,,0,Overcast,2113400,0,0,0,2,0,0,0,0,1,,0,0,Wellington Region,Nil,2-way,Sealed,0,0,0,0,50,0,Null,0,0,,47,Wellington City,Nil,0,0,0,0,0,0,Urban,0,0,0,Fine,Null
1592612,5443110,15182,,581833,0,0,0,1,0,West,2008/2009,MOTUEKA RIVER WEST BANK R,ALEXANDER BLUFF ROAD,,Non-Injury Crash,No,2009,0,North,0,0,0,Flat,0,,0,,0,Overcast,2370000,0,0,0,2,0,0,0,0,1,,0,0,Tasman Region,Nil,2-way,Sealed,0,0,0,0,100,0,Null,1,0,,51,Tasman District,Nil,0,0,0,0,0,0,Open,0,0,0,Fine,Frost
1936298,5622548,15183,,546802,0,0,0,2,0,South,2009/2010,SHAKESPEARE ROAD,BATTERY ROAD,,Non-Injury Crash,No,2009,0,South,0,0,0,Hill Road,0,,0,,0,Dark,1421701,0,0,0,2,0,0,0,0,1,,0,0,Hawke's Bay Region,Nil,2-way,Sealed,0,0,0,0,50,0,On,0,0,,31,Napier City,Nil,0,0,0,0,0,0,Urban,0,0,0,Fine,Null
1460136,5091745,15184,,598313,0,0,0,1,0,West,2008/2009,FALVEY ROAD,SH 1S,,Non-Injury Crash,No,2009,0,East,0,0,1,Flat,0,,0,,0,Dark,2772602,0,0,0,2,0,0,0,0,0,,0,0,Canterbury Region,Nil,2-way,Sealed,0,0,0,0,100,0,None,0,0,,64,Timaru District,Unknown,0,0,0,1,0,0,Open,0,0,0,Fine,Null
1748617,5424754,15185,,576301,0,,0,2,,South,2008/2009,ADELAIDE ROAD,MUDGES TERRACE,,Non-Injury Crash,No,2009,,South,,0,,Hill Road,,,,,,Bright sun,2165300,0,0,0,2,,,0,,,,,,Wellington Region,Nil,2-way,Sealed,,0,0,,50,,Null,0,0,,47,Wellington City,Nil,,,,,1,0,Urban,0,,,Fine,Null
1760003,5436261,15186,,569100,0,0,0,1,0,Null,2009/2010,BLOOMFIELD TERRACE,WATERLOO ROAD,,Non-Injury Crash,No,2009,0,East,0,0,0,Flat,0,,0,,1,Overcast,1967800,0,0,0,2,0,1,0,0,0,,0,0,Wellington Region,Nil,2-way,Sealed,0,0,0,0,50,0,Null,0,0,,46,Lower Hutt City,Give way,0,0,0,0,0,0,Urban,0,0,0,Light rain,Null
1747332,5910693,15187,,512000,0,,0,2,,Null,2009/2010,TITIRANGI ROAD,KOHU ROAD,,Non-Injury Crash,No,2009,,East,,0,,Flat,,,,,,Overcast,297100,0,0,0,2,,,0,,,,,,Auckland Region,Nil,1-way,Sealed,,0,0,,50,,None,0,0,,76,Auckland,Give way,,,,,0,0,Urban,0,,,Mist or Fog,Null
1752072,5917957,15188,,515001,0,0,0,1,0,East,2008/2009,SH 16,GT NORTH OBR,,Non-Injury Crash,Yes,2009,0,West,0,0,0,Flat,1,,0,,0,Dark,392400,0,0,0,3,0,0,0,0,0,,0,0,Auckland Region,Nil,1-way,Sealed,0,0,0,0,100,0,On,0,0,,76,Auckland,Unknown,0,0,0,0,0,0,Open,0,0,0,Fine,Null
1775458,5577579,15189,,557100,0,,0,2,,East,2009/2010,VICTORIA AVENUE,GUYTON ST,,Non-Injury Crash,No,2009,,South,,0,,Flat,,,,,,Overcast,1697900,0,0,0,2,,,0,,,,,,Manawatū-Whanganui Region,Nil,2-way,Sealed,,0,0,,50,,Null,0,0,,37,Whanganui District,Nil,,,,,0,0,Urban,0,,,Fine,Null
1767768,5913589,15190,,522910,0,,0,2,,Null,2009/2010,PAKURANGA ROAD,JOHNS LANE,,Non-Injury Crash,No,2009,,West,,0,,Hill Road,,,,,,Dark,685500,0,0,0,6,,,0,,,,,,Auckland Region,Nil,2-way,Sealed,,0,0,,60,,On,0,0,,76,Auckland,Give way,,,,,0,0,Urban,0,,,Fine,Null
1749257,5428800,15191,,572900,0,,0,2,,North,2009/2010,WATERLOO QUAY,BUNNY ST,,Non-Injury Crash,No,2009,,North,,0,,Flat,,,,,,Overcast,2122700,0,0,0,2,,,0,,,,,,Wellington Region,Nil,2-way,Sealed,,0,0,,50,,Null,0,0,,47,Wellington City,Nil,,,,,0,0,Urban,0,,,Fine,Null
1766062,5901124,15192,,524711,0,,0,2,,Null,2009/2010,FEASEGATE ST,BURBANK AVENUE,,Non-Injury Crash,No,2009,,South,,0,,Flat,,,,,,Bright sun,774602,0,0,0,2,,,0,,,,,,Auckland Region,Nil,2-way,Sealed,,0,0,,100,,Null,0,0,,76,Auckland,Give way,,,,,0,0,Open,0,,,Fine,Null
1823285,5489777,15193,,578200,0,,0,0,,South,2008/2009,SH 2,KAIPARORO ROAD,,Non-Injury Crash,Yes,2009,,South,,0,,Flat,,,,,,Bright sun,2229001,0,0,0,2,,,0,,,,,,Manawatū-Whanganui Region,Nil,2-way,Sealed,,0,0,,100,,Null,0,0,,41,Tararua District,Nil,,,,,1,0,Open,1,,,Fine,Null
2036450,5708809,15194,,544600,0,,0,2,,Null,2009/2010,CHILDERS ROAD,DISRAELI ST,,Non-Injury Crash,No,2009,,East,,0,,Flat,,,,,,Overcast,1372600,0,0,0,2,,,0,,,,,,Gisborne Region,Nil,2-way,Sealed,,0,0,,50,,Null,1,0,,28,Gisborne District,Stop,,,,,0,0,Urban,0,,,Fine,Null
1906916,5572749,15195,,549100,0,0,0,1,0,South,2008/2009,SH 2,COLLINS ST,,Non-Injury Crash,Yes,2009,0,South,0,0,1,Flat,0,,0,,0,Dark,1516500,0,0,0,2,0,0,0,0,0,,0,0,Hawke's Bay Region,Nil,2-way,Sealed,0,0,0,0,50,0,On,0,0,,32,Central Hawke's Bay District,Nil,0,0,0,0,0,0,Urban,0,0,0,Fine,Null
1683680,5427756,15196,,581100,0,0,0,2,0,South,2008/2009,DURHAM ST,SCOTLAND ST,,Non-Injury Crash,No,2009,0,North,0,0,0,Flat,0,,0,,0,Dark,2280703,0,0,0,2,0,0,0,0,1,,0,0,Marlborough Region,Nil,2-way,Sealed,0,0,0,0,50,0,On,0,0,,53,Marlborough District,Nil,0,0,0,0,0,0,Urban,0,0,0,Fine,Null
1839538,5530952,15197,,550200,0,0,0,1,0,East,2008/2009,SH 3,GORGE ROAD,,Non-Injury Crash,Yes,2009,0,North,1,0,0,Flat,1,,0,,0,Overcast,1543800,0,0,0,2,0,0,0,0,0,,0,0,Manawatū-Whanganui Region,Nil,2-way,Sealed,0,0,0,0,100,0,Null,0,0,,41,Tararua District,Nil,0,0,0,0,0,0,Open,0,0,0,Heavy rain,Null
1755225,5877456,15198,,521152,0,,0,1,,Null,2009/2010,GLENBROOK-WAIUKU ROAD,CAMERON ROAD,,Non-Injury Crash,No,2009,,North,,0,,Hill Road,,,,,,Overcast,832900,0,0,0,2,,,0,,,,,,Auckland Region,Nil,2-way,Sealed,,0,0,,100,,Off,0,0,,76,Auckland,Nil,,,,,0,0,Open,1,,,Fine,Null