X,Y,OBJECTID,advisorySpeed,areaUnitID,bicycle,bridge,bus,carStationWagon,cliffBank,crashDirectionDescription,crashFinancialYear,crashLocation1,crashLocation2,crashRoadSideRoad,crashSeverity,crashSHDescription,crashYear,debris,directionRoleDescription,ditch,fatalCount,fence,flatHill,guardRail,holiday,houseOrBuilding,intersection,kerb,light,meshblockId,minorInjuryCount,moped,motorcycle,NumberOfLanes,objectThrownOrDropped,otherObject,otherVehicleType,overBank,parkedVehicle,pedestrian,phoneBoxEtc,postOrPole,region,roadCharacter,roadLane,roadSurface,roadworks,schoolBus,seriousInjuryCount,slipOrFlood,speedLimit,strayAnimal,streetLight,suv,taxi,temporarySpeedLimit,tlaId,tlaName,trafficControl,trafficIsland,trafficSign,train,tree,truck,unknownVehicleType,urban,vanOrUtility,vehicle,waterRiver,weatherA,weatherB
1824514,5463789,15199,,578600,0,0,0,0,0,Null,2009/2010,SH 2,QUEEN ST,,Non-Injury Crash,Yes,2009,0,South,0,0,0,Flat,0,,0,,1,Dark,2245400,0,1,0,2,0,0,0,0,0,,0,0,Wellington Region,Nil,2-way,Sealed,0,0,0,0,50,0,On,0,0,,48,Masterton District,Give way,0,0,0,0,0,0,Urban,0,0,0,Fine,Null
1747333,5913592,15200,,511100,0,,0,1,,East,2009/2010,WILSON ROAD,CAPTAIN SCOTT ROAD,,Non-Injury Crash,No,2009,,East,,0,,Flat,,,,,,Bright sun,286500,0,0,1,2,,,0,,,,,,Auckland Region,Nil,2-way,Sealed,,0,0,,50,,Off,0,0,,76,Auckland,Nil,,,,,0,0,Urban,0,,,Fine,Null
1877367,5820802,15201,,537700,0,0,0,1,0,North,2009/2010,FRASER ST,LANDVIEW ROAD,,Non-Injury Crash,No,2009,0,South,0,0,0,Flat,0,,0,,0,Dark,1173900,0,0,0,2,0,0,0,0,0,,0,1,Bay of Plenty Region,Nil,2-way,Sealed,0,0,0,0,50,0,On,0,0,,23,Tauranga City,Unknown,0,0,0,0,0,0,Urban,0,0,0,Fine,Null
1764490,5918149,15202,,516500,0,,0,2,,Null,2009/2010,ST HELIERS BAY ROAD,ST JOHNS ROAD,,Non-Injury Crash,No,2009,,West,,0,,Flat,,Christmas New Year,,,,Bright sun,503800,0,0,0,2,,,0,,,,,,Auckland Region,Nil,1-way,Sealed,,0,0,,50,,Off,0,0,,76,Auckland,Give way,,,,,0,0,Urban,0,,,Fine,Null
1622425,5430793,15203,,582402,0,0,0,2,0,South,2008/2009,WOLFE ST,WASHINGTON ROAD,,Non-Injury Crash,No,2009,0,North,0,0,0,Hill Road,0,,0,,0,Dark,2326300,0,0,0,2,0,0,0,0,1,,0,0,Nelson Region,Nil,2-way,Sealed,0,0,0,0,50,0,On,0,0,,52,Nelson City,Nil,0,0,0,0,0,0,Urban,0,0,0,Fine,Null
1935101,5606996,15204,,545722,0,,0,3,,Null,2008/2009,TE MATA MANGATERETERE ROA,LAWN ROAD,,Non-Injury Crash,No,2009,,North,,0,,Flat,,,,,,Dark,1406400,0,0,0,2,,,0,,,,,,Hawke's Bay Region,Nil,2-way,Sealed,,0,0,,100,,On,0,0,,30,Hastings District,Give way,,,,,0,0,Open,0,,,Fine,Null
1722323,6031614,15205,,501811,0,0,0,0,1,South,2009/2010,SH 1N,HEWLETT ROAD,,Non-Injury Crash,Yes,2009,0,North,0,0,0,Hill Road,0,,0,,0,Dark,77600,0,0,0,2,0,0,0,0,0,,0,0,Northland Region,Nil,2-way,Sealed,0,0,0,0,100,0,None,1,0,,2,Whangarei District,Nil,0,0,0,0,0,0,Open,0,0,0,Fine,Null
1753837,5917071,15206,,517800,0,,0,0,,Null,2009/2010,NEW NORTH ROAD,ALBERTON AVENUE,,Non-Injury Crash,No,2009,,West,,0,,Flat,,,,,,Bright sun,526700,0,0,0,4,,,0,,,,,,Auckland Region,Nil,2-way,Sealed,,0,0,,50,,Off,2,0,,76,Auckland,Stop,,,,,0,0,Urban,0,,,Fine,Null
1825333,5532174,15207,,562200,0,0,0,2,0,Null,2008/2009,ROBERTS LINE SOUTH,FERNLEA AVENUE,,Non-Injury Crash,No,2009,0,North,0,0,0,Flat,0,Queens Birthday,0,,0,Dark,1839806,0,0,0,2,0,0,0,0,0,,0,0,Manawatū-Whanganui Region,Nil,2-way,Sealed,0,0,0,0,50,0,On,0,0,,40,Palmerston North City,Give way,0,1,0,0,0,0,Urban,0,0,0,Light rain,Null
1622722,5428810,15208,,583300,0,0,0,1,0,Null,2009/2010,TUKUKA ST,CAMPBELL ST,,Non-Injury Crash,No,2009,0,North,0,0,1,Hill Road,0,,0,,0,Dark,2330700,0,0,0,1,0,0,0,0,0,,0,0,Nelson Region,Nil,2-way,Sealed,0,0,0,0,50,0,On,0,0,,52,Nelson City,Give way,0,0,0,0,0,0,Urban,0,0,0,Fine,Null
1816609,5804547,15209,,527502,0,,0,2,,Null,2009/2010,VICTORIA ROAD,TAYLOR ST,,Non-Injury Crash,No,2009,,North,,0,,Flat,,,,,,Twilight,963200,0,0,0,2,,,0,,,,,,Waikato Region,Nil,2-way,Sealed,,0,0,,50,,On,0,0,,17,Waipa District,Give way,,,,,0,0,Urban,0,,,Fine,Null
1754188,5918876,15210,35,515431,0,,0,1,,Null,2009/2010,SURREY CRESCENT,BULLOCK TRACK,,Non-Injury Crash,No,2009,,North,,0,,Flat,,,,,,Overcast,403300,0,0,0,4,,,0,,,,,,Auckland Region,Nil,2-way,Sealed,,0,0,,50,,Null,0,0,,76,Auckland,Give way,,,,,0,0,Urban,1,,,Fine,Null
1748629,5428355,15211,,573000,0,,0,2,,Null,2009/2010,THE TERRACE,SHELL LANE,,Non-Injury Crash,No,2009,,South,,0,,Hill Road,,,,,,Bright sun,2124700,0,0,0,2,,,0,,,,,,Wellington Region,Nil,2-way,Sealed,,0,0,,50,,Null,0,0,,47,Wellington City,Nil,,,,,0,0,Urban,0,,,Fine,Null
1774229,5578405,15212,,556800,0,,0,2,,Null,2009/2010,Z CPK PAK N SAVE,GLASGOW/VICTORIA,,Non-Injury Crash,No,2009,,South,,0,,Flat,,,,,,Bright sun,1702400,0,0,0,0,,,0,,,,,,Manawatū-Whanganui Region,Nil,Off road,Sealed,,0,0,,50,,Null,0,0,,37,Whanganui District,Nil,,,,,0,0,Urban,0,,,Fine,Null
1769311,5469077,15213,,566000,0,,0,1,,Null,2008/2009,SH 1N,AMOHIA ST,,Non-Injury Crash,Yes,2009,,North,,0,,Flat,,,,,,Dark,2000400,0,0,0,2,,,0,,,,,,Wellington Region,Nil,2-way,Sealed,,0,0,,50,,On,0,0,,43,Kapiti Coast District,Give way,,,,,0,0,Urban,1,,,Fine,Null
1983068,5669507,15214,,545500,0,,0,2,,Null,2008/2009,CLYDE ROAD,CAMPBELL ST,,Non-Injury Crash,No,2009,,South,,0,,Flat,,,,,,Overcast,1390001,0,0,0,2,,,0,,,,,,Hawke's Bay Region,Nil,2-way,Sealed,,0,0,,50,,Null,0,0,,29,Wairoa District,Give way,,,,,0,0,Urban,0,,,Fine,Null
1750233,5424369,15215,,576901,0,0,0,1,0,South,2008/2009,BAY ROAD,RONGOTAI ROAD,,Non-Injury Crash,No,2009,0,South,0,0,0,Flat,0,,0,,0,Overcast,2178300,0,0,1,2,0,0,0,0,1,,0,0,Wellington Region,Nil,2-way,Sealed,0,0,0,0,50,0,Null,0,0,,47,Wellington City,Nil,0,0,0,0,0,0,Urban,0,0,0,Fine,Null
1928456,5604255,15216,,547900,0,0,0,1,0,Null,2008/2009,MURDOCH ROAD WEST,HEMI ST,,Non-Injury Crash,No,2009,0,South,0,0,0,Flat,0,,0,,0,Overcast,1469201,0,0,0,2,0,0,0,0,0,,0,0,Hawke's Bay Region,Nil,2-way,Sealed,0,0,0,0,50,0,Null,0,0,,30,Hastings District,Nil,0,0,0,0,0,0,Urban,0,0,0,Fine,Null
1622442,5430374,15217,,582402,0,0,0,2,0,South,2008/2009,MONTREAL ROAD,ABRAHAM HEIGHTS,,Non-Injury Crash,No,2009,0,North,0,0,1,Hill Road,0,,0,,0,Dark,2327609,0,0,0,2,0,0,0,0,1,,0,0,Nelson Region,Nil,2-way,Sealed,0,0,0,0,50,0,On,0,0,,52,Nelson City,Nil,0,0,0,0,0,0,Urban,0,0,0,Fine,Null
1748975,5426488,15218,,573300,0,0,0,1,0,Null,2008/2009,SH 1N BUCKLE,SUSSEX ST,,Non-Injury Crash,Yes,2009,0,North,0,0,1,Hill Road,0,,0,,1,Dark,2145602,0,0,0,2,0,0,0,0,0,,0,0,Wellington Region,Nil,2-way,Sealed,0,0,0,0,50,0,On,0,0,,47,Wellington City,Nil,0,0,0,0,0,0,Urban,0,0,0,Light rain,Null
1882955,5775695,15219,,539200,0,,0,2,,West,2009/2010,MAISEY PLACE,SH 5,,Non-Injury Crash,No,2009,,South,,0,,Flat,,,,,,Overcast,1221100,0,0,0,2,,,0,,,,,,Bay of Plenty Region,Nil,2-way,Sealed,,0,0,,50,,Null,0,0,,24,Rotorua District,Unknown,,,,,0,0,Urban,0,,,Fine,Null
1620320,5428051,15220,,583500,0,0,0,1,0,South,2009/2010,SH 6,ANNESBROOK DRIVE,,Non-Injury Crash,Yes,2009,0,South,0,0,1,Flat,0,,0,,0,Overcast,2336001,0,0,0,2,0,0,0,0,0,,0,0,Nelson Region,Nil,2-way,Sealed,0,0,0,0,50,0,Null,0,0,,52,Nelson City,Nil,0,0,0,0,0,0,Urban,0,0,0,Light rain,Null
1930340,5604821,15221,,548200,0,,0,1,,Null,2008/2009,ST AUBYN ST EAST,HASTINGS ST NORTH,,Non-Injury Crash,No,2009,,North,,0,,Flat,,,,,,Dark,1493501,0,0,0,2,,,0,,,,,,Hawke's Bay Region,Nil,2-way,Sealed,,0,0,,50,,On,1,0,,30,Hastings District,Stop,,,,,0,0,Urban,0,,,Fine,Null
1752704,5953690,15222,,506201,0,0,0,1,0,North,2009/2010,HIBISCUS COAST HIGHWAY,OTANERUA ROAD,,Non-Injury Crash,No,2009,0,South,0,0,0,Hill Road,1,,0,,0,Dark,176204,0,0,0,2,0,0,0,0,0,,0,0,Auckland Region,Nil,2-way,Sealed,0,0,0,0,80,0,None,0,0,,76,Auckland,Nil,0,1,0,0,0,0,Open,0,0,0,Fine,Null
1710525,5617467,15223,,554010,0,0,0,0,0,Null,2009/2010,PRINCES ST,GLOVER ROAD,,Non-Injury Crash,No,2009,0,West,0,0,0,Flat,0,,0,,0,Dark,1649200,0,0,0,2,0,0,0,0,0,,0,1,Taranaki Region,Nil,2-way,Sealed,0,0,0,0,50,0,On,1,0,,35,South Taranaki District,Stop,0,0,0,0,0,0,Urban,1,0,0,Light rain,Null
1748654,5944417,15224,,506201,0,0,0,1,0,South,2008/2009,SH 1N,SILVERDALE OBR,,Non-Injury Crash,Yes,2009,0,North,0,0,0,Flat,1,,0,,0,Overcast,176801,0,0,0,4,0,0,0,0,0,,0,0,Auckland Region,Nil,2-way,Sealed,0,0,0,0,100,0,Off,0,0,,76,Auckland,Nil,0,0,0,0,0,0,Open,0,0,0,Light rain,Null
1763371,5437437,15225,,568302,0,,0,2,,Null,2008/2009,TREADWELL ST,SLADDEN ST,,Non-Injury Crash,No,2009,,West,,0,,Flat,,,,,,Overcast,1954900,0,0,0,2,,,0,,,,,,Wellington Region,Nil,2-way,Sealed,,0,0,,50,,Null,0,0,,46,Lower Hutt City,Give way,,,,,0,0,Urban,0,,,Fine,Null
2034581,5709506,15226,,544400,0,,0,1,,West,2008/2009,CHILDERS ROAD,QUEENS ROAD,,Non-Injury Crash,No,2009,,West,,0,,Flat,,,,,,Twilight,1374700,0,0,0,2,,,0,,,,,,Gisborne Region,Nil,2-way,Sealed,,0,0,,50,,On,1,0,,28,Gisborne District,Nil,,,,,0,0,Urban,0,,,Fine,Null
1805821,5680262,15227,,532601,0,0,0,1,0,Null,2009/2010,KAWAUTAHI ROAD,SH 4,,Non-Injury Crash,Yes,2009,0,North,0,0,1,Hill Road,0,,0,,0,Overcast,1022500,0,0,0,2,0,0,0,0,0,,0,0,Manawatū-Whanganui Region,Nil,2-way,Sealed,0,0,0,0,100,0,Null,0,0,,36,Ruapehu District,Nil,0,0,0,0,0,0,Open,0,0,0,Fine,Null
1756408,5944699,15228,,505908,0,0,0,1,0,South,2009/2010,STANMORE BAY ROAD,GRANDVIEW ROAD,,Non-Injury Crash,No,2009,0,South,0,0,0,Flat,0,,0,,0,Overcast,173706,0,0,0,2,0,0,0,1,0,,0,0,Auckland Region,Nil,2-way,Sealed,0,0,0,0,50,0,Off,0,0,,76,Auckland,Nil,0,0,0,0,0,0,Urban,0,0,0,Light rain,Null
1756799,5447766,15229,,572100,0,,0,0,,South,2008/2009,SH 1N,PAREMATA LINK STH,,Non-Injury Crash,Yes,2009,,North,,0,,Flat,,,,,,Bright sun,2070000,0,0,0,3,,,0,,,,,,Wellington Region,Nil,1-way,Sealed,,0,0,,50,,Null,1,0,,44,Porirua City,Nil,,,,,0,0,Urban,1,,,Fine,Null
1760070,5436589,15230,,569100,0,,0,2,,Null,2008/2009,HIGH ST,PRETORIA ST,,Non-Injury Crash,No,2009,,South,,0,,Flat,,,,,,Overcast,1969000,0,0,0,2,,,0,,,,,,Wellington Region,Nil,2-way,Sealed,,0,0,,50,,Null,0,0,,46,Lower Hutt City,Give way,,,,,0,0,Urban,0,,,Light rain,Null
1762407,5913824,15231,,520402,0,,0,2,,Null,2008/2009,PENROSE ROAD,LEONARD ROAD,,Non-Injury Crash,No,2009,,East,,0,,Flat,,,,,,Dark,642100,0,0,0,2,,,0,,,,,,Auckland Region,Nil,2-way,Sealed,,0,0,,50,,On,0,0,,76,Auckland,Give way,,,,,0,0,Urban,0,,,Heavy rain,Null
1755962,5926779,15232,,508620,0,,0,1,,Null,2009/2010,AKORANGA DRIVE,NORTHCOTE ROAD,,Non-Injury Crash,No,2009,,South,,0,,Hill Road,,,,,,Dark,204702,0,0,0,4,,,0,,,,,,Auckland Region,Nil,2-way,Sealed,,0,0,,50,,On,1,0,,76,Auckland,Traffic Signals,,,,,0,0,Urban,0,,,Fine,Null
1686985,6101625,15233,,500900,0,,0,1,,West,2009/2010,JACARANDA PLACE,HONE HEKE ROAD,,Non-Injury Crash,No,2009,,South,,0,,Flat,,,,,,Bright sun,53406,0,0,0,2,,,0,,,,,,Northland Region,Nil,2-way,Sealed,,0,0,,50,,None,0,0,,1,Far North District,Nil,,,,,0,0,Urban,0,,,Fine,Null
1935014,5619578,15234,,546500,0,,0,1,,North,2009/2010,MORRIS SPENCE AVENUE,DOCKERY AVENUE,,Non-Injury Crash,No,2009,,South,,0,,Flat,,,,,,Overcast,1442600,0,0,0,2,,,0,,,,,,Hawke's Bay Region,Nil,2-way,Sealed,,0,0,,50,,Null,0,0,,31,Napier City,Nil,,,,,0,0,Urban,1,,,Fine,Null
1928278,5606678,15235,,548500,0,0,0,2,0,Null,2009/2010,CANNING ROAD,HAPIA ST,,Non-Injury Crash,No,2009,0,North,0,0,0,Flat,0,,0,,0,Overcast,1478700,0,0,0,2,0,0,0,0,1,,0,0,Hawke's Bay Region,Nil,2-way,Sealed,0,0,0,0,50,0,Null,0,0,,30,Hastings District,Nil,0,0,0,0,0,0,Urban,0,0,0,Fine,Null
1765438,5441673,15236,,569500,0,,0,2,,Null,2008/2009,SH 2,SH 58,,Non-Injury Crash,Yes,2009,,North,,0,,Flat,,,,,,Overcast,1917200,0,0,0,4,,,0,,,,,,Wellington Region,Nil,2-way,Sealed,,0,0,,100,,Null,0,0,,46,Lower Hutt City,Traffic Signals,,,,,0,0,Open,0,,,Fine,Null
1776413,5446803,15237,,566700,0,0,0,1,0,Null,2009/2010,NORANA ROAD,MOERAKI ROAD,,Non-Injury Crash,No,2009,0,West,0,0,1,Hill Road,0,,0,,0,Twilight,1912900,0,0,0,2,0,0,0,0,0,,0,0,Wellington Region,Nil,2-way,Sealed,0,0,0,0,50,0,Off,0,0,,45,Upper Hutt City,Stop,0,0,0,0,0,0,Urban,0,0,0,Fine,Null
1748149,5421773,15238,,576001,0,,0,1,,Null,2009/2010,THE PARADE,TRENT ST,,Non-Injury Crash,No,2009,,South,,0,,Flat,,,,,,Overcast,2189300,0,0,0,2,,,0,,,,,,Wellington Region,Nil,2-way,Sealed,,0,0,,50,,Null,0,0,,47,Wellington City,Nil,,,,,1,0,Urban,0,,,Fine,Null
1794367,5518890,15239,,561500,0,,0,1,,North,2009/2010,SH 1N,VICTORIA ST,,Non-Injury Crash,Yes,2009,,North,,0,,Flat,,,,,,Bright sun,1785001,0,0,0,2,,,0,,,,,,Manawatū-Whanganui Region,Nil,2-way,Sealed,,0,0,,100,,Null,1,0,,42,Horowhenua District,Nil,,,,,0,0,Open,0,,,Fine,Null
1867065,5713807,15240,,541720,0,,0,1,,South,2009/2010,TONGARIRO ST,REDOUBT ST,,Non-Injury Crash,No,2009,,North,,0,,Flat,,,,,,Overcast,1275500,0,0,0,2,,,0,,,,,,Waikato Region,Nil,2-way,Sealed,,0,0,,50,,None,1,0,,21,Taupo District,Nil,,,,,0,0,Urban,0,,,Heavy rain,Null
1842052,5793183,15241,,535100,0,0,0,0,0,North,2009/2010,SH 1N,CHURCH ST,,Non-Injury Crash,Yes,2009,0,South,0,0,0,Flat,0,,1,,1,Dark,1124301,0,0,0,2,0,0,0,0,0,,0,0,Waikato Region,Nil,2-way,Sealed,0,0,0,0,50,0,On,1,0,,19,South Waikato District,Unknown,0,0,0,0,0,0,Urban,0,0,0,Fine,Null
1696100,5677006,15242,,551012,0,,0,3,,West,2009/2010,SH 3,SMART ROAD,,Non-Injury Crash,Yes,2009,,West,,0,,Flat,,,,,,Bright sun,1559600,0,0,0,2,,,0,,,,,,Taranaki Region,Nil,2-way,Sealed,,0,0,,50,,Null,0,0,,33,New Plymouth District,Nil,,,,,0,0,Urban,0,,,Fine,Null
1441171,5006303,15243,,601010,0,0,0,2,0,East,2008/2009,FARNHAM ST,PEMBROKE ST,,Non-Injury Crash,No,2009,0,East,0,0,0,Flat,0,,0,,0,Bright sun,2846700,0,0,0,2,0,0,0,0,1,,0,0,Otago Region,Nil,2-way,Sealed,0,0,0,0,50,0,Null,0,0,,68,Waitaki District,Unknown,0,0,0,0,0,0,Urban,0,0,0,Fine,Null
1728553,5932006,15244,,506652,0,,0,1,,South,2008/2009,SH 16,RESTAL ROAD,,Non-Injury Crash,Yes,2009,,South,,0,,Flat,,,,,,Overcast,218200,0,0,1,2,,,0,,,,,,Auckland Region,Nil,2-way,Sealed,,0,0,,100,,None,0,0,,76,Auckland,Nil,,,,,0,0,Open,0,,,Fine,Null
1751757,5912623,15245,,514700,0,0,0,1,0,Null,2009/2010,WINDERMERE CRESCENT,CRUDGE ST,,Non-Injury Crash,No,2009,0,South,0,0,1,Flat,0,Christmas New Year,1,,0,Bright sun,370200,0,0,0,2,0,0,0,0,1,,0,0,Auckland Region,Nil,2-way,Sealed,0,0,0,0,50,0,Off,0,0,,76,Auckland,Nil,0,0,0,0,0,0,Urban,1,0,0,Fine,Null
1754425,5916858,15246,,517701,0,,0,2,,East,2009/2010,MORNINGSIDE DRIVE,ST LUKES ROAD,,Non-Injury Crash,No,2009,,West,,0,,Flat,,,,,,Twilight,536100,0,0,0,2,,,0,,,,,,Auckland Region,Nil,2-way,Sealed,,0,0,,50,,On,0,0,,76,Auckland,Nil,,,,,0,0,Urban,0,,,Light rain,Null
1745150,5919766,15247,,513301,0,,0,2,,East,2009/2010,UNIVERSAL DRIVE,TUDOR ROAD,,Non-Injury Crash,No,2009,,East,,0,,Flat,,,,,,Overcast,232001,0,0,0,4,,,0,,,,,,Auckland Region,Nil,2-way,Sealed,,0,0,,50,,Off,0,0,,76,Auckland,Nil,,,,,0,0,Urban,0,,,Fine,Null
1868156,5712172,15248,,541740,0,,0,1,,North,2009/2010,LAKE TERRACE,MERE ROAD,,Non-Injury Crash,No,2009,,North,,0,,Flat,,,,,,Bright sun,1268501,0,0,0,2,,,0,,,,,,Waikato Region,Nil,2-way,Sealed,,0,0,,50,,Off,0,0,,21,Taupo District,Nil,,,,,1,0,Urban,0,,,Fine,Null
1733152,5935312,15249,,506653,0,0,0,1,0,South,2008/2009,OLD NORTH ROAD,KIWITAHI ROAD,,Non-Injury Crash,No,2009,0,South,0,0,0,Hill Road,0,,0,,0,Overcast,217803,0,0,0,2,0,1,0,0,0,,0,0,Auckland Region,Nil,2-way,Sealed,0,0,0,0,100,0,None,0,0,,76,Auckland,Nil,0,0,0,0,0,0,Open,0,0,0,Mist or Fog,Null
1933797,5619980,15250,,546400,0,,0,0,,South,2009/2010,LEYLAND ST,CADBURY ROAD,,Non-Injury Crash,No,2009,,North,,0,,Flat,,,,,,Bright sun,1427400,0,0,1,2,,,0,,,,,,Hawke's Bay Region,Nil,2-way,Sealed,,0,0,,50,,Null,0,0,,31,Napier City,Nil,,,,,0,0,Urban,1,,,Fine,Null
1796757,5818333,15251,,528406,0,,0,1,,North,2008/2009,SH 1N,FOREMAN ROAD,,Non-Injury Crash,Yes,2009,,South,,0,,Flat,,,,,,Bright sun,907601,0,0,0,1,,,0,,,,,,Waikato Region,Nil,2-way,Sealed,,0,0,,80,,Off,0,0,,16,Hamilton City,Nil,,,,,0,0,Open,2,,,Fine,Null
1752783,5425372,15252,,577301,0,,0,2,,South,2008/2009,DARLINGTON ROAD,DARLINGTON TERRACE,,Non-Injury Crash,No,2009,,North,,0,,Flat,,,,,,Overcast,2203900,0,0,0,2,,,0,,,,,,Wellington Region,Nil,2-way,Sealed,,0,0,,50,,Null,0,0,,47,Wellington City,Nil,,,,,0,0,Urban,0,,,Light rain,Null
1796610,5812622,15253,,527914,1,0,0,1,0,North,2009/2010,TUHIKARAMEA ROAD,COWLEY DRIVE,,Non-Injury Crash,No,2009,0,South,1,0,0,Hill Road,0,,0,,0,Overcast,979801,0,0,0,2,0,0,0,0,0,,0,0,Waikato Region,Nil,2-way,Sealed,0,0,0,0,100,0,Null,0,0,,17,Waipa District,Unknown,0,0,0,0,0,0,Open,0,0,0,Fine,Null
1748827,5427542,15254,,573101,0,0,0,2,0,West,2008/2009,WAKEFIELD ST,CUBA ST,,Non-Injury Crash,No,2009,0,East,0,0,0,Flat,0,,0,,0,Bright sun,2131200,0,0,0,2,0,0,0,0,1,,0,0,Wellington Region,Nil,2-way,Sealed,0,0,0,0,50,0,Null,0,0,,47,Wellington City,Nil,0,0,0,0,0,0,Urban,0,0,0,Fine,Null
1761153,5448477,15255,,565601,0,0,0,1,1,North,2009/2010,PAEKAKARIKI HILL ROAD,GRAYS ROAD,,Non-Injury Crash,No,2009,0,South,1,0,0,Hill Road,0,,0,,0,Overcast,2071700,0,0,0,2,0,0,0,0,0,,0,0,Wellington Region,Nil,2-way,Sealed,0,0,0,0,80,0,Null,0,0,,44,Porirua City,Nil,0,0,0,0,0,0,Open,0,0,0,Light rain,Null
1760561,5922293,15256,,509400,0,0,0,2,0,West,2009/2010,KING EDWARD PARADE,MAYS ST,,Non-Injury Crash,No,2009,0,West,0,0,0,Flat,0,,0,,0,Bright sun,330000,0,0,0,2,0,0,0,0,1,,0,0,Auckland Region,Nil,2-way,Sealed,0,0,0,0,50,0,Off,0,0,,76,Auckland,Nil,0,0,0,0,0,0,Urban,0,0,0,Fine,Null
1793763,5714506,15257,,532700,0,,0,1,,Null,2008/2009,SH 4,OHURA ROAD,,Non-Injury Crash,Yes,2009,,South,,0,,Hill Road,,,,,,Overcast,1041902,0,0,0,2,,,0,,,,,,Manawatū-Whanganui Region,Nil,2-way,Sealed,,0,0,,100,,Null,1,0,,36,Ruapehu District,Nil,,,,,0,0,Open,0,,,Fine,Null
1591094,5462189,15258,,581832,0,,0,1,,North,2008/2009,CANAAN ROAD,SH 60,,Non-Injury Crash,No,2009,,North,,0,,Hill Road,,,,,,Bright sun,2366600,0,0,0,2,,,0,,,,,,Tasman Region,Nil,2-way,Unsealed,,0,0,,100,,Null,0,0,,51,Tasman District,Nil,,,,,0,0,Open,1,,,Fine,Null
1756151,5935431,15259,,507101,0,,0,1,,North,2008/2009,CLYDE ROAD,BUTE ROAD,,Non-Injury Crash,No,2009,,North,,0,,Flat,,,,,,Bright sun,162300,0,0,0,2,,,0,,,1,,,Auckland Region,Nil,2-way,Sealed,,0,0,,50,,Null,0,0,,76,Auckland,Nil,,,,,0,0,Urban,0,,,Fine,Null
1756286,5920871,15260,,514101,0,0,0,0,0,West,2009/2010,FANSHAWE ON NBD,BEAUMONT ST,,Non-Injury Crash,Yes,2009,0,West,0,0,0,Flat,0,,0,,0,Bright sun,432400,0,0,0,2,0,2,0,0,0,,0,0,Auckland Region,Motorway ramp,1-way,Sealed,0,0,0,0,50,0,Null,2,0,,76,Auckland,Traffic Signals,0,0,0,0,0,0,Urban,0,0,0,Fine,Null
1569973,5174965,15261,,591101,0,0,0,1,0,West,2008/2009,HACKTHORNE ROAD,DYERS PASS ROAD,,Non-Injury Crash,No,2009,0,West,0,0,1,Hill Road,0,,0,,0,Dark,2551705,0,0,0,2,0,0,0,0,0,,0,0,Canterbury Region,Nil,2-way,Sealed,0,0,0,0,50,0,On,0,0,,60,Christchurch City,Unknown,0,0,0,0,0,0,Urban,0,0,0,Fine,Null
1822719,5527007,15262,,563300,0,0,0,1,0,East,2008/2009,TENNENT DRIVE,BYPASS ROAD,,Non-Injury Crash,No,2009,1,South,0,0,0,Flat,0,,0,,0,Bright sun,1813901,0,0,0,2,0,0,0,0,0,,0,0,Manawatū-Whanganui Region,Nil,2-way,Sealed,0,0,0,0,70,0,Null,0,0,,40,Palmerston North City,Nil,0,0,0,0,0,0,Urban,0,0,0,Fine,Null
1828233,5532761,15263,,560302,0,,0,1,,North,2009/2010,SH 3,STONEY CREEK ROAD,,Non-Injury Crash,Yes,2009,,North,,0,,Flat,,,,,,Bright sun,1793000,0,0,0,2,,,0,,,,,,Manawatū-Whanganui Region,Nil,2-way,Sealed,,0,0,,100,,Null,0,0,,40,Palmerston North City,Nil,,,,,1,0,Open,0,,,Fine,Strong wind
1743810,5916339,15264,,513012,0,0,0,2,0,South,2008/2009,PALOMINO DRIVE,SAN BERNADINO DRIVE,,Non-Injury Crash,No,2009,0,North,0,0,0,Hill Road,0,,0,,0,Dark,280710,0,0,0,2,0,0,0,0,0,,0,0,Auckland Region,Nil,2-way,Sealed,0,0,0,0,50,0,On,0,0,,76,Auckland,Nil,0,0,0,0,0,0,Urban,0,1,0,Light rain,Null
1839683,5530920,15265,,550200,0,0,0,1,1,East,2009/2010,SH 3,GORGE ROAD,,Non-Injury Crash,Yes,2009,0,East,0,0,0,Flat,1,,0,,0,Dark,1543800,0,0,0,2,0,0,0,0,0,,0,0,Manawatū-Whanganui Region,Nil,2-way,Sealed,0,0,0,0,100,0,None,0,0,,41,Tararua District,Nil,0,0,0,0,0,0,Open,0,0,0,Heavy rain,Null
1748513,5426246,15266,,573300,0,,0,1,,North,2008/2009,WALLACE ST,BIDWILL ST,,Non-Injury Crash,No,2009,,South,,0,,Hill Road,,,,,,Bright sun,2146800,0,0,0,2,,,0,,,,,,Wellington Region,Nil,2-way,Sealed,,0,0,,50,,Null,0,0,,47,Wellington City,Traffic Signals,,,,,0,0,Urban,1,,,Fine,Null
1770930,5910485,15267,,523109,0,0,0,1,0,Null,2009/2010,KILKENNY DRIVE,MOYRUS CLOSE N,,Non-Injury Crash,No,2009,0,West,0,0,0,Flat,0,,0,,0,Twilight,712010,0,0,0,2,0,0,0,0,0,,1,0,Auckland Region,Nil,2-way,Sealed,0,0,0,0,50,0,On,0,0,,76,Auckland,Give way,0,0,0,1,0,0,Urban,0,0,0,Light rain,Null