X,Y,OBJECTID,advisorySpeed,areaUnitID,bicycle,bridge,bus,carStationWagon,cliffBank,crashDirectionDescription,crashFinancialYear,crashLocation1,crashLocation2,crashRoadSideRoad,crashSeverity,crashSHDescription,crashYear,debris,directionRoleDescription,ditch,fatalCount,fence,flatHill,guardRail,holiday,houseOrBuilding,intersection,kerb,light,meshblockId,minorInjuryCount,moped,motorcycle,NumberOfLanes,objectThrownOrDropped,otherObject,otherVehicleType,overBank,parkedVehicle,pedestrian,phoneBoxEtc,postOrPole,region,roadCharacter,roadLane,roadSurface,roadworks,schoolBus,seriousInjuryCount,slipOrFlood,speedLimit,strayAnimal,streetLight,suv,taxi,temporarySpeedLimit,tlaId,tlaName,trafficControl,trafficIsland,trafficSign,train,tree,truck,unknownVehicleType,urban,vanOrUtility,vehicle,waterRiver,weatherA,weatherB
1792101,5718835,15268,55,532700,0,0,0,1,1,South,2009/2010,SH 4,TAPUIWAHINE ROAD,,Non-Injury Crash,Yes,2009,0,North,0,0,0,Flat,0,,0,,0,Overcast,1041800,0,0,0,2,0,0,0,0,0,,0,0,Manawatū-Whanganui Region,Nil,2-way,Sealed,0,0,0,0,100,0,Null,0,0,,36,Ruapehu District,Nil,0,0,0,0,0,0,Open,0,0,0,Heavy rain,Null
1751463,5949356,15269,,505805,1,,0,1,,North,2008/2009,CENTREWAY ROAD,RIVERSIDE ROAD,,Non-Injury Crash,No,2009,,North,,0,,Flat,,,,,,Bright sun,171808,0,0,0,2,,,0,,,,,,Auckland Region,Nil,2-way,Sealed,,0,0,,50,,Null,0,0,,76,Auckland,Unknown,,,,,0,0,Urban,0,,,Fine,Null
1572935,5182828,15270,,592702,0,0,0,3,0,North,2008/2009,GOLF LINKS ROAD,NEW BRIGHTON ROAD,,Non-Injury Crash,No,2009,0,North,0,0,0,Flat,0,,0,,0,Bright sun,2598900,0,0,0,2,0,0,0,0,1,,0,0,Canterbury Region,Nil,2-way,Sealed,0,0,0,0,50,0,Null,0,0,,60,Christchurch City,Nil,0,0,0,0,0,0,Urban,0,0,0,Fine,Null
1761303,5436885,15271,,568402,0,,0,3,,North,2008/2009,HIGH ST,BOULCOTT ST,,Non-Injury Crash,No,2009,,West,,0,,Flat,,,,,,Bright sun,1942000,0,0,0,2,,,0,,,,,,Wellington Region,Nil,2-way,Sealed,,0,0,,50,,Null,0,0,,46,Lower Hutt City,Nil,,,,,0,0,Urban,0,,,Fine,Null
1710147,5617321,15272,,554010,0,,0,1,,Null,2008/2009,WELLINGTON ST,UNION ST,,Non-Injury Crash,No,2009,,South,,0,,Flat,,,,,,Overcast,1647800,0,0,0,2,,,0,,,,,,Taranaki Region,Nil,2-way,Sealed,,0,0,,50,,Null,0,0,,35,South Taranaki District,Stop,,,,,0,0,Urban,1,,,Light rain,Null
1765129,5910300,15273,,521803,0,,0,2,,Null,2009/2010,PRINCES ST EAST,FRANK GREY PLACE,,Non-Injury Crash,No,2009,,West,,0,,Flat,,,,,,Dark,790500,0,0,0,2,,,0,,,,,,Auckland Region,Bridge,2-way,Sealed,,0,0,,50,,On,0,0,,76,Auckland,Traffic Signals,,,,,0,0,Urban,0,,,Fine,Null
1746351,5911231,15274,,512600,0,0,0,1,1,West,2009/2010,KONINI ROAD,KOPIKO ROAD,,Non-Injury Crash,No,2009,0,South,0,0,0,Flat,0,,0,,0,Overcast,299700,0,0,0,2,0,0,0,0,0,,0,0,Auckland Region,Nil,2-way,Sealed,0,0,0,0,50,0,Off,0,0,,76,Auckland,Nil,0,0,0,0,0,0,Urban,0,0,0,Light rain,Null
1695001,5675647,15275,,552300,0,0,0,2,0,North,2008/2009,AMBURY PLACE,NEVADA DRIVE,,Non-Injury Crash,No,2009,0,North,0,0,0,Flat,0,,0,,0,Dark,1602400,0,0,0,2,0,0,0,0,1,,0,0,Taranaki Region,Nil,2-way,Sealed,0,0,0,0,50,0,On,0,0,,33,New Plymouth District,Nil,0,0,0,0,0,0,Urban,0,0,0,Fine,Null
1855644,5803313,15276,,535231,0,0,0,1,0,East,2008/2009,SH 29,SH 28,,Non-Injury Crash,Yes,2009,0,West,0,0,0,Hill Road,0,,0,,0,Overcast,1114500,0,0,0,3,0,0,0,1,0,,0,0,Waikato Region,Nil,2-way,Sealed,0,0,0,0,100,0,Null,0,0,,15,Matamata-Piako District,Unknown,0,0,0,1,0,0,Open,0,0,0,Fine,Null
1760788,5436635,15277,,568501,0,0,0,2,0,Null,2008/2009,BRUNSWICK ST,KINGS CRESCENT,,Non-Injury Crash,No,2009,0,East,0,0,0,Flat,0,,0,,0,Bright sun,1945800,0,0,0,2,0,0,0,0,1,,0,0,Wellington Region,Nil,2-way,Sealed,0,0,0,0,50,0,Null,0,0,,46,Lower Hutt City,Give way,0,0,0,0,0,0,Urban,0,0,0,Fine,Null
1812550,5455495,15278,,579700,0,0,0,2,0,Null,2009/2010,Z CPK,HIGH/BROADWAY,,Non-Injury Crash,No,2009,0,West,0,0,0,Flat,0,,0,,0,Overcast,2259100,0,0,0,0,0,0,0,0,1,,0,0,Wellington Region,Nil,Off road,Sealed,0,0,0,0,50,0,Null,0,0,,49,Carterton District,Nil,0,0,0,0,0,0,Urban,0,0,0,Fine,Null
1758509,5435451,15279,,569202,0,,0,1,,Null,2008/2009,CUBA ST,MONTAGUE ST,,Non-Injury Crash,No,2009,,North,,0,,Flat,,,,,,Overcast,1923300,0,0,0,2,,,0,,,,,,Wellington Region,Nil,2-way,Sealed,,0,0,,50,,Null,0,0,,46,Lower Hutt City,Traffic Signals,,,,,0,0,Urban,1,,,Light rain,Null
1756750,5914391,15280,,518600,0,,0,2,,South,2008/2009,MOUNT EDEN ROAD,HUNTERS PARK DRIVE,,Non-Injury Crash,No,2009,,North,,0,,Flat,,,,,,Overcast,564000,0,0,0,2,,,0,,,,,,Auckland Region,Nil,2-way,Sealed,,0,0,,50,,Null,0,0,,76,Auckland,Unknown,,,,,0,0,Urban,0,,,Light rain,Null
1750600,5915671,15281,,514802,0,0,0,1,0,Null,2009/2010,ROSEBANK ROAD,CANAL ROAD,,Non-Injury Crash,No,2009,0,North,0,0,1,Flat,0,,0,,0,Bright sun,390200,0,0,0,2,0,0,0,0,0,,0,0,Auckland Region,Nil,2-way,Sealed,0,0,0,0,50,0,Null,0,0,,76,Auckland,Nil,0,0,0,0,0,0,Urban,0,0,0,Fine,Null
1754122,5918441,15282,,515431,0,,0,2,,Null,2009/2010,MOTAT ON EBD,GREAT NORTH ROAD,,Non-Injury Crash,Yes,2009,,West,,0,,Flat,,Christmas New Year,,,,Dark,406300,0,0,0,2,,,0,,,,,,Auckland Region,Motorway ramp,1-way,Sealed,,0,0,,50,,On,0,0,,76,Auckland,Traffic Signals,,,,,0,0,Urban,0,,,Fine,Null
1611809,5426512,15283,,581726,0,,0,2,,North,2008/2009,LANSDOWNE ROAD,SH 60 APPLEBY HIGHWAY,,Non-Injury Crash,No,2009,,North,,0,,Flat,,Christmas New Year,,,,Bright sun,2357202,0,0,0,2,,,0,,,,,,Tasman Region,Nil,2-way,Sealed,,0,0,,100,,Null,0,0,,51,Tasman District,Nil,,,,,0,0,Open,0,,,Fine,Null
1766885,5907859,15284,,523501,0,,0,1,,North,2009/2010,BAIRDS ROAD,HAYMAN ST,,Non-Injury Crash,No,2009,,South,,0,,Flat,,,,,,Bright sun,700602,0,0,0,2,,,0,,,,,,Auckland Region,Nil,2-way,Sealed,,0,0,,50,,Off,1,0,,76,Auckland,Nil,,,,,0,0,Urban,0,,,Fine,Null
1936082,5618471,15285,,546700,0,,0,2,,Null,2008/2009,WORDSWORTH CRESCENT,MASEFIELD AVENUE,,Non-Injury Crash,No,2009,,West,,0,,Flat,,,,,,Dark,1447100,0,0,0,2,,,0,,,,,,Hawke's Bay Region,Nil,2-way,Sealed,,0,0,,50,,On,0,0,,31,Napier City,Nil,,,,,0,0,Urban,0,,,Fine,Null
1758158,5911927,15286,,519810,0,,0,1,,North,2009/2010,SH 20,ONEHUNGA OFF SBD,,Non-Injury Crash,Yes,2009,,South,,0,,Flat,,,,,,Overcast,602501,0,0,0,2,,,0,,,,,,Auckland Region,Motorway ramp,1-way,Sealed,,0,0,,100,,Off,0,1,,76,Auckland,Nil,,,,,1,0,Open,0,,,Fine,Null
1758415,5926589,15287,,508020,0,0,0,1,0,Null,2008/2009,ESMONDE ROAD,LAKE ROAD,,Non-Injury Crash,No,2009,0,North,0,0,1,Hill Road,0,,0,,0,Overcast,325402,0,0,0,4,0,0,0,0,0,,0,0,Auckland Region,Nil,2-way,Sealed,0,0,0,0,50,0,Off,0,0,,76,Auckland,Traffic Signals,0,0,0,0,0,0,Urban,0,0,0,Fine,Null
1821229,5529400,15288,,562800,0,,0,2,,Null,2008/2009,CUBA ST,BOURKE ST,,Non-Injury Crash,No,2009,,West,,0,,Flat,,,,,,Overcast,1828200,0,0,0,2,,,0,,,,,,Manawatū-Whanganui Region,Nil,2-way,Sealed,,0,0,,50,,Null,0,0,,40,Palmerston North City,Traffic Signals,,,,,0,0,Urban,0,,,Light rain,Null
1749013,5427391,15289,,573101,0,,0,1,,Null,2008/2009,JERVOIS QUAY,TARANAKI ST,,Non-Injury Crash,No,2009,,North,,0,,Flat,,,,,,Overcast,2133200,0,0,0,3,,,0,,,,,,Wellington Region,Nil,1-way,Sealed,,0,0,,50,,Null,0,0,,47,Wellington City,Traffic Signals,,,,,1,0,Urban,0,,,Fine,Null
1764587,5909957,15290,,521801,0,,0,1,,North,2009/2010,HUTTON ST,AVENUE ROAD,,Non-Injury Crash,No,2009,,South,,0,,Flat,,,,,,Twilight,787400,0,0,0,2,,,0,,,,,,Auckland Region,Nil,2-way,Sealed,,0,0,,50,,Off,0,0,,76,Auckland,Nil,,,,,0,0,Urban,1,,,Fine,Null
1771954,5915287,15291,,521602,0,0,0,0,0,South,2009/2010,PICTON ST,RIDGE ROAD,,Non-Injury Crash,No,2009,0,South,0,0,1,Hill Road,0,,0,,0,Bright sun,646700,0,0,0,2,0,0,0,0,0,,0,0,Auckland Region,Nil,2-way,Sealed,0,0,0,0,50,0,Off,0,0,,76,Auckland,Nil,0,1,0,1,0,0,Urban,1,0,0,Fine,Null
1498909,5138530,15292,,597820,0,0,0,1,0,Null,2008/2009,SH 77,BURNETT ST,,Non-Injury Crash,Yes,2009,0,North,0,0,1,Flat,0,,1,,0,Dark,2738400,0,0,0,2,0,0,0,0,0,,0,0,Canterbury Region,Nil,2-way,Sealed,0,0,0,0,50,0,On,0,0,,63,Ashburton District,Nil,0,0,0,0,0,0,Urban,0,0,0,Fine,Null
1966044,5781461,15293,70,542906,0,0,0,0,0,East,2008/2009,TOONE ROAD,SH 2,,Non-Injury Crash,No,2009,0,West,0,0,1,Hill Road,0,,0,,0,Bright sun,1337700,0,0,0,2,0,0,0,0,0,,0,0,Bay of Plenty Region,Nil,2-way,Sealed,0,0,0,0,100,0,None,0,0,,27,Ōpōtiki District,Nil,0,0,0,0,1,0,Open,0,0,0,Fine,Null
1756959,5434730,15294,,569900,0,,0,2,,West,2009/2010,JACKSON ST,GEAR ST,,Non-Injury Crash,No,2009,,West,,0,,Flat,,,,,,Overcast,2034700,0,0,0,2,,,0,,,,,,Wellington Region,Nil,2-way,Sealed,,0,0,,50,,Null,0,0,,46,Lower Hutt City,Nil,,,,,0,0,Urban,0,,,Fine,Null
1744557,5922490,15295,,513530,0,0,0,1,0,Null,2009/2010,ROYAL ROAD,ROYAL ON EBD E,,Non-Injury Crash,No,2009,0,West,0,0,0,Flat,1,,0,,0,Overcast,225802,0,0,0,2,0,0,0,0,0,,0,0,Auckland Region,Nil,2-way,Sealed,0,0,0,0,50,0,Off,0,0,,76,Auckland,Nil,0,0,0,0,0,0,Urban,0,0,0,Fine,Null
1830115,5628628,15296,,558500,0,0,0,1,0,North,2009/2010,SH 1N,RUAPEHU ROAD,,Non-Injury Crash,Yes,2009,0,North,0,0,0,Flat,0,,0,,0,Dark,1752500,0,0,0,2,0,0,0,0,0,,0,0,Manawatū-Whanganui Region,Nil,2-way,Sealed,0,0,0,0,100,0,None,0,0,,36,Ruapehu District,Nil,0,0,0,1,0,0,Open,0,0,0,Light rain,Null
1765274,5902326,15297,,524604,0,,0,2,,North,2008/2009,ROSCOMMON ROAD,HAUTU DRIVE,,Non-Injury Crash,No,2009,,North,,0,,Flat,,,,,,Dark,781200,0,0,0,2,,,0,,,,,,Auckland Region,Nil,2-way,Sealed,,0,0,,50,,On,0,0,,76,Auckland,Nil,,,,,0,0,Urban,0,,,Mist or Fog,Null
2036796,5708833,15298,,544600,0,,0,1,,Null,2008/2009,GLADSTONE ROAD,CARNARVON ST,,Non-Injury Crash,No,2009,,West,,0,,Flat,,Easter,,,,Bright sun,1373900,0,0,0,2,,,0,,,,,,Gisborne Region,Nil,2-way,Sealed,,0,0,,50,,Null,0,0,,28,Gisborne District,Give way,,,,,0,0,Urban,1,,,Fine,Null
1769027,5442080,15299,,564530,0,,0,1,,Null,2008/2009,BLUE MOUNTAINS ROAD,PINEHAVEN ROAD,,Non-Injury Crash,No,2009,,North,,0,,Flat,,,,,,Overcast,1900802,0,0,0,2,,,0,,,,,,Wellington Region,Nil,2-way,Sealed,,0,0,,50,,Null,0,0,,45,Upper Hutt City,Give way,,,,,1,0,Urban,0,,,Fine,Null
1768165,5471484,15300,,565903,0,,0,2,,Null,2008/2009,BEACHWATER GROVE,GRAY AVENUE,,Non-Injury Crash,No,2009,,West,,0,,Flat,,,,,,Bright sun,2003506,0,0,0,2,,,0,,,,,,Wellington Region,Nil,2-way,Sealed,,0,0,,50,,Null,0,0,,43,Kapiti Coast District,Give way,,,,,0,0,Urban,0,,,Fine,Null
1758170,5449609,15301,,572000,0,,0,1,,East,2009/2010,GRAYS ROAD,MO ST,,Non-Injury Crash,No,2009,,East,,0,,Flat,,,,,,Overcast,2069005,0,0,0,2,,,0,,,,,,Wellington Region,Nil,2-way,Sealed,,0,0,,80,,Null,0,0,,44,Porirua City,Nil,,,,,0,0,Open,0,,,Light rain,Null
1567420,5182195,15302,,589200,0,0,0,2,0,West,2008/2009,JEFFREYS ROAD,GARREG ROAD,,Non-Injury Crash,No,2009,0,West,0,0,0,Flat,0,,0,,0,Dark,2548400,0,0,0,2,0,0,0,0,1,,0,0,Canterbury Region,Nil,2-way,Sealed,0,0,0,0,50,0,On,0,0,,60,Christchurch City,Unknown,0,0,0,0,0,0,Urban,0,0,0,Fine,Null
1823544,5463176,15303,,578700,0,0,0,0,0,West,2008/2009,SH 2,RENALL ST,,Non-Injury Crash,Yes,2009,0,East,0,0,0,Flat,0,,0,,0,Bright sun,2237100,0,0,0,2,0,0,0,0,1,,0,0,Wellington Region,Nil,2-way,Sealed,0,0,0,0,50,0,Null,0,0,,48,Masterton District,Nil,0,0,0,0,1,0,Urban,1,0,0,Fine,Null
1793775,5771240,15304,,531200,0,0,0,2,0,East,2008/2009,WAHANUI CRESCENT,BELL LANE N,,Non-Injury Crash,No,2009,0,North,0,0,0,Flat,0,,0,,0,Bright sun,998100,0,0,0,2,0,0,0,0,1,,0,0,Waikato Region,Nil,2-way,Sealed,0,0,0,0,50,0,Null,0,0,,18,Ōtorohanga District,Unknown,0,0,0,0,0,0,Urban,0,0,0,Fine,Null
2039900,5707809,15305,,544702,0,0,0,2,0,South,2008/2009,LAWRENCE ST,TYNDALL ROAD,,Non-Injury Crash,No,2009,0,East,0,0,0,Flat,0,,0,,0,Dark,1384400,0,0,0,2,0,0,0,0,1,,1,0,Gisborne Region,Nil,2-way,Sealed,0,0,0,0,50,0,On,0,0,,28,Gisborne District,Nil,0,0,0,0,0,0,Urban,0,0,0,Fine,Null
1804172,5436929,15306,75,579803,0,0,0,0,0,Null,2008/2009,SH 53,BACKWATER ROAD,,Non-Injury Crash,Yes,2009,0,South,0,0,1,Flat,0,,0,,0,Dark,2271300,0,0,0,2,0,0,0,0,0,,0,0,Wellington Region,Nil,2-way,Sealed,0,0,0,0,100,0,None,1,0,,50,South Wairarapa District,Nil,0,0,0,0,0,0,Open,0,0,0,Fine,Null
1765912,5907201,15307,,522301,0,,0,2,,Null,2008/2009,EAST TAMAKI ROAD,WINTERE ROAD,,Non-Injury Crash,No,2009,,West,,0,,Flat,,,,,,Dark,667000,0,0,0,4,,,0,,,,,,Auckland Region,Nil,2-way,Sealed,,0,0,,50,,On,0,0,,76,Auckland,Give way,,,,,0,0,Urban,0,,,Fine,Null
1820512,5528749,15308,,563000,0,0,0,2,0,West,2008/2009,PIONEER HIGHWAY,BURNS AVENUE,,Non-Injury Crash,No,2009,0,West,0,0,1,Flat,0,,0,,0,Bright sun,1806000,0,0,0,2,0,0,0,0,0,,0,0,Manawatū-Whanganui Region,Nil,2-way,Sealed,0,0,0,0,50,0,Null,0,0,,40,Palmerston North City,Nil,0,0,0,0,0,0,Urban,0,0,0,Fine,Null
1755807,5928440,15309,,507900,0,,0,2,,South,2009/2010,SH 1N,TRISTRAM ON SBD,,Non-Injury Crash,Yes,2009,,South,,0,,Flat,,,,,,Overcast,307000,0,0,0,3,,,0,,,,,,Auckland Region,Nil,1-way,Sealed,,0,0,,100,,Null,0,0,,76,Auckland,Unknown,,,,,0,0,Open,1,,,Heavy rain,Null
1567101,5177492,15310,,595300,0,0,1,2,0,Null,2008/2009,SH 75 CURLETTS,SH 75 HALSWELL,,Minor Crash,Yes,2009,0,South,0,0,0,Flat,0,,0,,0,Overcast,2629301,1,0,0,3,0,0,0,0,0,,0,0,Canterbury Region,Nil,2-way,Sealed,0,0,0,0,50,0,Null,0,0,,60,Christchurch City,Traffic Signals,0,1,0,0,0,0,Urban,0,0,0,Heavy rain,Null
1718245,5682705,15311,,550700,0,,0,0,,Null,2008/2009,SH 3,ONAERO BR,,Non-Injury Crash,Yes,2009,,South,,0,,Hill Road,,,,,,Overcast,1551200,0,0,0,2,,,0,,,,,,Taranaki Region,Bridge,2-way,Sealed,,0,0,,100,,Null,1,0,,33,New Plymouth District,Nil,,,,,0,0,Open,0,,,Fine,Null
1748572,5915480,15312,,511700,0,,0,2,,Null,2009/2010,BRAINS ROAD,MARTIN PLACE,,Non-Injury Crash,No,2009,,East,,0,,Flat,,,,,,Bright sun,270900,0,0,0,2,,,0,,,,,,Auckland Region,Nil,2-way,Sealed,,0,0,,50,,Off,0,0,,76,Auckland,Give way,,,,,0,0,Urban,0,,,Fine,Null
1769494,5899784,15313,,525002,0,,0,2,,West,2009/2010,MAHIA ROAD,GREAT SOUTH ROAD,,Non-Injury Crash,No,2009,,East,,0,,Flat,,,,,,Twilight,754100,0,0,0,2,,,0,,,,,,Auckland Region,Nil,2-way,Sealed,,0,0,,50,,On,0,0,,76,Auckland,Traffic Signals,,,,,0,0,Urban,0,,,Fine,Null
1763749,5913755,15314,,520303,0,0,0,2,0,West,2009/2010,Z CPK PENROSE SHOPS,MOUNT WELLINGTON HIGHWAY,,Non-Injury Crash,No,2009,0,West,0,0,0,Hill Road,0,,0,,0,Bright sun,627300,0,0,0,1,0,0,0,0,1,,0,0,Auckland Region,Nil,Off road,Sealed,0,0,0,0,50,0,Off,0,0,,76,Auckland,Nil,0,0,0,0,0,0,Urban,0,0,0,Fine,Null
1885155,5773191,15315,,540600,0,,0,1,,Null,2009/2010,FENTON ST,TI ST,,Non-Injury Crash,No,2009,,West,,0,,Flat,,,,,,Bright sun,1243100,0,0,0,4,,,0,,,,,,Bay of Plenty Region,Nil,2-way,Sealed,,0,0,,50,,Null,1,0,,24,Rotorua District,Give way,,,,,0,0,Urban,0,,,Fine,Null
1573316,5178687,15316,,594010,0,,0,2,,Null,2009/2010,FERRY ROAD,MACKWORTH ST,,Minor Crash,No,2009,,West,,0,,Flat,,,,,,Overcast,2591500,1,0,0,2,,,0,,,,,,Canterbury Region,Nil,2-way,Sealed,,0,0,,50,,Null,1,0,,60,Christchurch City,Nil,,,,,0,0,Urban,0,,,Fine,Null
1757040,5925437,15317,,509702,0,0,0,1,0,Null,2009/2010,SH 1N,AKORANGA OFF NBD,,Non-Injury Crash,Yes,2009,0,North,0,0,0,Flat,1,,0,,0,Dark,364601,0,0,0,2,0,0,0,0,0,,0,0,Auckland Region,Nil,1-way,Sealed,0,0,0,0,100,0,On,0,0,,76,Auckland,Nil,0,0,0,0,0,0,Open,0,0,0,Fine,Null
1818998,5533357,15318,,561811,0,,0,2,,North,2008/2009,SH 3,ODONNELL ROAD,,Non-Injury Crash,Yes,2009,,South,,0,,Flat,,,,,,Overcast,1794400,0,0,0,2,,,0,,,,,,Manawatū-Whanganui Region,Nil,2-way,Sealed,,0,0,,100,,Null,0,0,,40,Palmerston North City,Nil,,,,,0,0,Open,0,,,Light rain,Null
1851445,5765954,15319,,535350,0,0,0,2,0,West,2009/2010,SWANSTON ST,ROSEBERY ST,,Non-Injury Crash,No,2009,0,West,0,0,0,Flat,0,,0,,0,Bright sun,1143300,0,0,0,2,0,0,0,0,1,,0,0,Waikato Region,Nil,2-way,Sealed,0,0,0,0,50,0,Null,0,0,,19,South Waikato District,Give way,0,0,0,0,1,0,Urban,0,0,0,Fine,Null
1717323,6050345,15320,,502101,0,,0,2,,Null,2009/2010,THREE MILE BUSH ROAD,FORD AVENUE,,Non-Injury Crash,No,2009,,West,,0,,Hill Road,,Christmas New Year,,,,Bright sun,82100,0,0,0,2,,,0,,,,,,Northland Region,Nil,2-way,Sealed,,0,0,,50,,Null,0,0,,2,Whangarei District,Give way,,,,,0,0,Urban,0,,,Fine,Null
1803883,5790817,15321,,531002,0,,0,2,,Null,2009/2010,MUTU ST,MAHOE ST,,Non-Injury Crash,No,2009,,West,,0,,Flat,,,,,,Overcast,970300,0,0,0,2,,,0,,,,,,Waikato Region,Nil,2-way,Sealed,,0,0,,50,,Null,0,0,,17,Waipa District,Stop,,,,,0,0,Urban,0,,,Light rain,Null
1406111,4914892,15322,,604410,0,,0,1,,Null,2008/2009,HILLSIDE ROAD,BRAEMAR ST,,Non-Injury Crash,No,2009,,South,,0,,Flat,,,,,,Overcast,2931300,0,0,0,2,,,0,,,,,,Otago Region,Nil,2-way,Sealed,,0,0,,50,,Null,1,0,,71,Dunedin City,Stop,,,,,0,0,Urban,0,,,Fine,Null
1695383,5677172,15323,,552100,0,,0,1,,Null,2008/2009,DEVON ST EAST,SACKVILLE ST,,Non-Injury Crash,No,2009,,West,,0,,Flat,,,,,,Bright sun,1599400,0,0,0,2,,,0,,,,,,Taranaki Region,Nil,2-way,Sealed,,0,0,,50,,Null,1,0,,33,New Plymouth District,Traffic Signals,,,,,0,0,Urban,0,,,Fine,Null
1748304,5427470,15324,,573000,0,,0,2,,Null,2008/2009,THE TERRACE,MACDONALD CRESCENT,,Non-Injury Crash,No,2009,,South,,0,,Hill Road,,,,,,Overcast,2130400,0,0,0,2,,,0,,,,,,Wellington Region,Nil,2-way,Sealed,,0,0,,50,,Null,0,0,,47,Wellington City,Stop,,,,,0,0,Urban,0,,,Fine,Null
1879235,5819777,15325,,537900,0,,0,1,,Null,2008/2009,SH 29,WELCOME BAY ROAD,,Non-Injury Crash,Yes,2009,,West,,0,,Flat,,,,,,Bright sun,1179506,0,0,0,2,,,1,,,,,,Bay of Plenty Region,Nil,2-way,Sealed,,0,0,,50,,Off,0,0,,23,Tauranga City,Give way,,,,,0,0,Urban,0,,,Fine,Null
1746554,5916518,15326,,510700,0,,0,2,,East,2009/2010,TE ATATU ROAD,GREAT NORTH ROAD,,Non-Injury Crash,No,2009,,West,,0,,Flat,,,,,,Overcast,241000,0,0,0,2,,,0,,,,,,Auckland Region,Nil,2-way,Sealed,,0,0,,50,,Off,0,0,,76,Auckland,Nil,,,,,0,0,Urban,0,,,Fine,Null
1407419,5221020,15327,,585320,0,0,0,0,0,North,2008/2009,SH 6,HURLEYS CRK BR,,Non-Injury Crash,Yes,2009,0,South,1,0,0,Flat,0,,0,,0,Dark,2418700,0,0,0,2,0,0,0,0,0,,0,0,West Coast Region,Nil,2-way,Sealed,0,0,0,0,100,0,None,0,0,,57,Westland District,Unknown,0,0,0,0,1,0,Open,0,0,0,Fine,Null
1879059,5823847,15328,,538201,1,,0,1,,South,2009/2010,CAMERON ROAD,THIRD AVENUE,,Non-Injury Crash,No,2009,,South,,0,,Flat,,,,,,Bright sun,1165400,0,0,0,2,,,0,,,,,,Bay of Plenty Region,Nil,1-way,Sealed,,0,0,,50,,Off,0,0,,23,Tauranga City,Give way,,,,,0,0,Urban,0,,,Fine,Null
1763180,5431005,15329,,564900,0,,0,1,,Null,2009/2010,WELLINGTON ROAD,NELSON CRESCENT,,Non-Injury Crash,No,2009,,West,,0,,Flat,,,,,,Bright sun,2016900,0,0,0,2,,,0,,,,,,Wellington Region,Nil,2-way,Sealed,,0,0,,50,,Null,0,0,,46,Lower Hutt City,Give way,,,,,0,0,Urban,1,,,Fine,Null
1800327,5785823,15330,,527923,0,0,0,1,1,South,2009/2010,TE MAWHAI ROAD,POKURU ROAD,,Non-Injury Crash,No,2009,0,East,0,0,0,Flat,0,,0,,0,Bright sun,983600,0,0,0,2,0,0,0,0,0,,0,0,Waikato Region,Nil,2-way,Sealed,0,0,0,0,100,0,Null,0,0,,17,Waipa District,Unknown,0,0,0,0,0,0,Open,0,0,0,Fine,Null
1745188,5918779,15331,,513302,0,,0,1,,South,2009/2010,LINCOLN ROAD,MOSELLE AVENUE,,Non-Injury Crash,No,2009,,North,,0,,Flat,,,,,,Bright sun,231100,0,0,0,4,,,0,,,,,,Auckland Region,Nil,2-way,Sealed,,0,0,,50,,Off,0,0,,76,Auckland,Nil,,,,,1,0,Urban,0,,,Fine,Null
1873925,5819006,15332,,537602,0,,0,1,,Null,2009/2010,SH 29,TAKITIMU DRIVE,,Non-Injury Crash,Yes,2009,,West,,0,,Hill Road,,,,,,Dark,1192117,0,0,0,4,,,0,,,,,,Bay of Plenty Region,Nil,2-way,Sealed,,0,0,,100,,On,0,0,,23,Tauranga City,Give way,,,,,0,0,Open,1,,,Heavy rain,Null
1746863,5428157,15333,,575000,0,,0,2,,South,2009/2010,CHAYTOR ST,CURTIS ST,,Non-Injury Crash,No,2009,,North,,0,,Flat,,,,,,Overcast,2111100,0,0,0,2,,,0,,,,,,Wellington Region,Nil,2-way,Sealed,,0,0,,50,,Null,0,0,,47,Wellington City,Give way,,,,,0,0,Urban,0,,,Fine,Null
1689412,5432123,15334,,580446,0,,0,2,,North,2009/2010,PORT UNDERWOOD ROAD,PHILLIPS ROAD,,Non-Injury Crash,No,2009,,North,,0,,Hill Road,,,,,,Bright sun,2280101,0,0,0,2,,,0,,,,,,Marlborough Region,Nil,2-way,Sealed,,0,0,,50,,Null,0,0,,53,Marlborough District,Nil,,,,,0,0,Urban,0,,,Fine,Null
1692588,5676223,15335,,551800,0,,0,2,,Null,2008/2009,QUEEN ST,KING ST,,Non-Injury Crash,No,2009,,South,,0,,Flat,,,,,,Overcast,1591700,0,0,0,2,,,0,,,,,,Taranaki Region,Nil,2-way,Sealed,,0,0,,50,,Null,0,0,,33,New Plymouth District,Stop,,,,,0,0,Urban,0,,,Fine,Null
1757755,5445956,15336,,571400,0,0,0,2,0,West,2009/2010,WARSPITE AVENUE,WESTMEATH ST,,Non-Injury Crash,No,2009,0,West,0,0,0,Flat,0,,0,,0,Dark,2059000,0,0,0,2,0,0,0,0,1,,0,0,Wellington Region,Nil,2-way,Sealed,0,0,0,0,50,0,On,0,0,,44,Porirua City,Nil,0,0,0,0,0,0,Urban,0,0,0,Light rain,Null
1761069,5909256,15337,,524404,0,,0,2,,Null,2009/2010,FAVONA ROAD,HARANIA AVENUE,,Non-Injury Crash,No,2009,,North,,0,,Flat,,,,,,Dark,730100,0,0,0,2,,,0,,,,,,Auckland Region,Nil,2-way,Sealed,,0,0,,60,,On,0,0,,76,Auckland,Give way,,,,,0,0,Urban,0,,,Fine,Null