X,Y,OBJECTID,advisorySpeed,areaUnitID,bicycle,bridge,bus,carStationWagon,cliffBank,crashDirectionDescription,crashFinancialYear,crashLocation1,crashLocation2,crashRoadSideRoad,crashSeverity,crashSHDescription,crashYear,debris,directionRoleDescription,ditch,fatalCount,fence,flatHill,guardRail,holiday,houseOrBuilding,intersection,kerb,light,meshblockId,minorInjuryCount,moped,motorcycle,NumberOfLanes,objectThrownOrDropped,otherObject,otherVehicleType,overBank,parkedVehicle,pedestrian,phoneBoxEtc,postOrPole,region,roadCharacter,roadLane,roadSurface,roadworks,schoolBus,seriousInjuryCount,slipOrFlood,speedLimit,strayAnimal,streetLight,suv,taxi,temporarySpeedLimit,tlaId,tlaName,trafficControl,trafficIsland,trafficSign,train,tree,truck,unknownVehicleType,urban,vanOrUtility,vehicle,waterRiver,weatherA,weatherB
1751392,5424522,15338,,577000,0,,0,2,,Null,2008/2009,SH 1N COBHAM,CALABAR ROAD,,Non-Injury Crash,Yes,2009,,East,,0,,Flat,,,,,,Bright sun,2175700,0,0,0,2,,,0,,,,,,Wellington Region,Nil,1-way,Sealed,,0,0,,70,,Null,0,2,,47,Wellington City,Give way,,,,,0,0,Urban,0,,,Fine,Null
1929367,5604909,15339,,548200,0,,0,2,,Null,2009/2010,SOUTHAMPTON ST WEST,KING ST SOUTH,,Non-Injury Crash,No,2009,,West,,0,,Flat,,,,,,Bright sun,1489100,0,0,0,2,,,0,,,,,,Hawke's Bay Region,Nil,2-way,Sealed,,0,0,,50,,Null,0,0,,30,Hastings District,Give way,,,,,0,0,Urban,0,,,Fine,Null
2037327,5709507,15340,,544500,0,,0,1,,West,2009/2010,BALLANCE ST,ORMOND ROAD,,Non-Injury Crash,No,2009,,North,,0,,Flat,,,,,,Overcast,1380400,0,0,0,2,,,0,,,,,,Gisborne Region,Nil,2-way,Sealed,,0,0,,50,,Null,0,0,,28,Gisborne District,Nil,,,,,0,0,Urban,1,,,Fine,Null
1797805,5449378,15341,,579803,0,0,0,1,1,North,2009/2010,BUCKS ROAD,UNDERHILL ROAD,,Non-Injury Crash,No,2009,0,North,0,0,0,Hill Road,0,Christmas New Year,0,,0,Overcast,2271901,0,0,0,2,0,0,0,0,0,,0,0,Wellington Region,Nil,2-way,Unsealed,0,0,0,0,50,0,Null,0,0,,50,South Wairarapa District,Nil,0,0,0,0,0,0,Urban,0,0,0,Fine,Null
1801472,5813447,15342,,530400,0,,0,3,,Null,2008/2009,SH 1N COBHAM,SH 1N NORMANDY,,Non-Injury Crash,Yes,2009,,North,,0,,Flat,,,,,,Bright sun,922300,0,0,0,5,,,0,,,,,,Waikato Region,Nil,2-way,Sealed,,0,0,,80,,Off,0,0,,16,Hamilton City,Traffic Signals,,,,,0,0,Open,0,,,Fine,Null
1760661,5433320,15343,,568800,0,,0,1,,North,2008/2009,GRACEFIELD ROAD,BELL ROAD SOUTH,,Non-Injury Crash,No,2009,,North,,0,,Flat,,,,,,Bright sun,1980800,0,0,0,2,,,0,,,,,,Wellington Region,Nil,2-way,Sealed,,0,0,,50,,Null,0,0,,46,Lower Hutt City,Nil,,,,,1,0,Urban,0,,,Fine,Null
1744350,5915889,15344,,510800,0,0,0,0,0,East,2009/2010,LENDIC AVENUE,BORDER ROAD,,Non-Injury Crash,No,2009,0,East,0,0,0,Flat,0,,0,,0,Bright sun,242300,0,0,0,2,0,0,0,0,0,,0,0,Auckland Region,Nil,2-way,Sealed,0,0,0,0,50,0,Off,1,0,,76,Auckland,Nil,0,0,0,0,1,0,Urban,0,1,0,Fine,Null
1759915,5916098,15345,,516002,0,,0,2,,South,2008/2009,GREENLANE OFF SBD,SH 1N,,Non-Injury Crash,Yes,2009,,South,,0,,Hill Road,,,,,,Dark,492100,0,0,0,3,,,0,,,,,,Auckland Region,Motorway ramp,1-way,Sealed,,0,0,,100,,On,0,0,,76,Auckland,Unknown,,,,,0,0,Open,0,,,Fine,Null
1740702,5922277,15346,,513701,0,,0,2,,West,2009/2010,RED HILLS ROAD,SUNNYVALE ROAD,,Non-Injury Crash,No,2009,,North,,0,,Hill Road,,,,,,Bright sun,226501,0,0,0,2,,,0,,,,,,Auckland Region,Nil,2-way,Sealed,,0,0,,80,,None,0,0,,76,Auckland,Nil,,,,,0,0,Open,0,,,Fine,Null
1768959,5905807,15347,,523721,0,,0,1,,West,2009/2010,DISSMEYER DRIVE,DAWSON ROAD,,Non-Injury Crash,No,2009,,East,,0,,Flat,,Christmas New Year,,,,Bright sun,715605,0,0,0,2,,,0,,,,,,Auckland Region,Nil,2-way,Sealed,,0,0,,50,,Off,1,0,,76,Auckland,Nil,,,,,0,0,Urban,0,,,Fine,Null
1747050,5913848,15348,,511100,0,,0,1,,West,2008/2009,WEST COAST ROAD,GLENDALE ROAD,,Non-Injury Crash,No,2009,,East,,0,,Hill Road,,,,,,Bright sun,286100,0,0,0,4,,,0,,,,,,Auckland Region,Nil,2-way,Sealed,,0,0,,50,,None,1,0,,76,Auckland,Nil,,,,,0,0,Urban,0,,,Fine,Null
1756935,5449292,15349,,572000,0,,0,2,,South,2009/2010,SH 1N,ACHERON ROAD,,Non-Injury Crash,Yes,2009,,North,,0,,Flat,,,,,,Overcast,2069802,0,0,0,2,,,0,,,,,,Wellington Region,Nil,2-way,Sealed,,0,0,,50,,Null,0,0,,44,Porirua City,Nil,,,,,0,0,Urban,0,,,Heavy rain,Null
1775419,5577703,15350,,557100,0,,0,2,,South,2009/2010,WATT ST,DREWS AVENUE,,Non-Injury Crash,No,2009,,West,,0,,Hill Road,,,,,,Bright sun,1697900,0,0,0,2,,,0,,,,,,Manawatū-Whanganui Region,Nil,2-way,Sealed,,0,0,,50,,Null,0,0,,37,Whanganui District,Nil,,,,,0,0,Urban,0,,,Fine,Null
1821937,5529072,15351,,562800,0,,0,2,,Null,2008/2009,FERGUSON ST,FITZHERBERT AVENUE,,Non-Injury Crash,No,2009,,East,,0,,Flat,,,,,,Bright sun,1828700,0,0,0,2,,,0,,,,,,Manawatū-Whanganui Region,Nil,2-way,Sealed,,0,0,,50,,Null,0,0,,40,Palmerston North City,Traffic Signals,,,,,0,0,Urban,0,,,Fine,Null
1677635,5404379,15352,,581210,0,,0,2,,North,2009/2010,ADAMS LANE,SH 6,,Non-Injury Crash,No,2009,,North,,0,,Flat,,,,,,Twilight,2293500,0,0,0,2,,,0,,,,,,Marlborough Region,Nil,2-way,Sealed,,0,0,,50,,On,0,0,,53,Marlborough District,Nil,,,,,0,0,Urban,0,,,Fine,Null
1816882,5803603,15353,,527503,0,,0,2,,Null,2009/2010,SH 1N HAMILTON VICTORIA,SH 1N VICTORIA HAMILTON,,Non-Injury Crash,Yes,2009,,North,,0,,Flat,,,,,,Bright sun,962602,0,0,0,2,,,0,,,,,,Waikato Region,Nil,2-way,Sealed,,0,0,,50,,Null,0,0,,17,Waipa District,Give way,,,,,0,0,Urban,0,,,Fine,Null
1926099,5607718,15354,,545761,0,0,0,0,0,South,2009/2010,HENDERSON ROAD,STEVENS PLACE,,Non-Injury Crash,No,2009,0,North,0,0,0,Flat,0,,0,,0,Overcast,1470002,0,0,0,2,0,0,0,0,1,,0,0,Hawke's Bay Region,Nil,2-way,Sealed,0,0,0,0,50,0,Null,1,0,,30,Hastings District,Nil,0,0,0,0,0,0,Urban,1,0,0,Fine,Null
1773983,5579570,15355,,557200,0,0,0,1,0,West,2009/2010,SH 3,BRASSEY ROAD,,Non-Injury Crash,Yes,2009,0,South,0,0,0,Flat,0,,0,,0,Bright sun,1706500,0,0,0,2,0,0,0,0,0,,0,1,Manawatū-Whanganui Region,Nil,2-way,Sealed,0,0,0,0,50,0,Null,0,0,,37,Whanganui District,Nil,0,0,0,0,0,0,Urban,0,0,0,Fine,Null
1787226,5566854,15356,,559230,0,,0,0,,Null,2008/2009,SH 3,RATANA ROAD,,Non-Injury Crash,Yes,2009,,East,,0,,Hill Road,,,,,,Bright sun,1733500,0,0,0,2,,,0,,,,,,Manawatū-Whanganui Region,Nil,2-way,Sealed,,0,0,,100,,Null,0,0,,38,Rangitikei District,Stop,,,,,2,0,Open,0,,,Fine,Null
1759435,5920521,15357,,515902,0,0,0,3,0,East,2009/2010,TAMAKI DRIVE,SOLENT ST,,Non-Injury Crash,No,2009,0,East,0,0,0,Flat,0,Christmas New Year,0,,0,Bright sun,454800,0,0,0,4,0,0,0,0,1,,0,0,Auckland Region,Nil,2-way,Sealed,0,0,0,0,50,0,Off,0,0,,76,Auckland,Nil,0,0,0,0,0,0,Urban,0,0,0,Fine,Null
1596835,5411575,15358,,581836,0,0,0,1,0,North,2009/2010,SH 6,PRETTY BRIDGE VALLEY ROAD,,Non-Injury Crash,Yes,2009,0,South,1,0,0,Flat,0,,0,,0,Dark,2353800,0,0,0,2,0,0,0,0,0,,0,0,Tasman Region,Nil,2-way,Sealed,0,0,0,0,100,0,None,0,0,,51,Tasman District,Nil,0,0,0,0,0,0,Open,0,0,0,Fine,Null
1752525,5437122,15359,,573511,0,,0,0,,North,2008/2009,ROWELLS ROAD,MIDDLETON ROAD,,Non-Injury Crash,No,2009,,North,,0,,Hill Road,,,,,,Overcast,2086203,0,0,0,2,,,0,,,,,,Wellington Region,Nil,2-way,Sealed,,0,0,,50,,Null,1,0,,47,Wellington City,Nil,,,,,1,0,Urban,0,,,Fine,Null
1907597,5814213,15360,,536654,0,0,0,1,0,South,2009/2010,PUKEHINA PARADE,BOAT RAMP,,Non-Injury Crash,No,2009,0,North,0,0,1,Flat,0,,0,,0,Dark,1212613,0,0,0,2,0,0,0,0,0,,0,0,Bay of Plenty Region,Nil,2-way,Sealed,0,0,0,0,50,0,On,0,0,,22,Western Bay of Plenty District,Unknown,0,0,0,0,0,0,Urban,0,0,0,Fine,Null
1623213,5431405,15361,,582401,0,,0,2,,West,2008/2009,MAORI ROAD,HAVEN ROAD,,Non-Injury Crash,No,2009,,North,,0,,Hill Road,,,,,,Overcast,2326801,0,0,0,2,,,0,,,,,,Nelson Region,Nil,2-way,Sealed,,0,0,,50,,Null,0,0,,52,Nelson City,Nil,,,,,0,0,Urban,0,,,Fine,Null
1818935,5543270,15362,,561410,0,0,0,1,0,Null,2008/2009,SH 54 WAUGHS,EAST ST,,Non-Injury Crash,Yes,2009,0,West,0,0,1,Flat,0,,0,,0,Dark,1789102,0,0,0,2,0,0,0,0,0,,0,0,Manawatū-Whanganui Region,Nil,2-way,Sealed,0,0,0,0,50,0,On,0,0,,39,Manawatu District,Give way,0,0,0,0,0,0,Urban,0,0,0,Fine,Null
1771375,5579602,15363,,555300,0,,0,1,,West,2008/2009,TAYFORTH ROAD,BELMONT ROAD,,Non-Injury Crash,No,2009,,West,,0,,Hill Road,,,,,,Bright sun,1682109,0,0,0,2,,,0,,,,,,Manawatū-Whanganui Region,Nil,2-way,Sealed,,0,0,,100,,Null,0,0,,37,Whanganui District,Nil,,,,,0,0,Open,0,,,Fine,Null
1756953,5450078,15364,,571900,0,,0,1,,Null,2008/2009,SH 1N,GRAYS ROAD,,Non-Injury Crash,Yes,2009,,West,,0,,Flat,,,,,,Bright sun,2068800,0,0,0,2,,,0,,,,,,Wellington Region,Nil,2-way,Sealed,,0,0,,50,,Null,0,0,,44,Porirua City,Traffic Signals,,,,,0,0,Urban,1,,,Fine,Null
1414585,4926813,15365,,601603,0,0,0,1,0,Null,2008/2009,BLUESKIN ROAD,PURAKANUI ROAD,,Non-Injury Crash,No,2009,0,South,0,0,0,Flat,1,,0,,0,Overcast,2863900,0,0,0,2,0,0,0,0,0,,0,0,Otago Region,Nil,2-way,Sealed,0,0,0,0,100,0,Null,0,0,,71,Dunedin City,Give way,0,0,0,0,0,0,Open,0,0,0,Mist or Fog,Null
1764383,5917756,15366,,516301,0,0,0,2,0,North,2009/2010,ST JOHNS ROAD,GOWING DRIVE,,Non-Injury Crash,No,2009,0,South,0,0,0,Flat,0,,0,,0,Overcast,461700,0,0,0,2,0,0,0,0,1,,0,0,Auckland Region,Nil,2-way,Sealed,0,0,0,0,50,0,Off,0,0,,76,Auckland,Nil,0,0,0,0,0,0,Urban,0,0,0,Fine,Null
1551621,5183399,15367,,587904,0,0,0,1,0,East,2009/2010,OLD WEST COAST ROAD,ADAMS ROAD,,Minor Crash,No,2009,0,East,0,0,1,Flat,0,,0,,0,Overcast,2492901,1,0,0,2,0,0,0,0,0,,0,0,Canterbury Region,Nil,2-way,Sealed,0,0,0,0,100,0,Null,0,0,,62,Selwyn District,Unknown,0,0,0,1,0,0,Open,0,0,0,Fine,Frost
1877226,5821537,15368,,538101,0,0,0,2,0,South,2009/2010,CAMERON ROAD,TWENTYFIRST AVENUE,,Non-Injury Crash,No,2009,0,North,0,0,0,Flat,0,Christmas New Year,0,,0,Bright sun,1169700,0,0,0,5,0,0,0,0,1,,0,0,Bay of Plenty Region,Nil,2-way,Sealed,0,0,0,0,50,0,Null,0,0,,23,Tauranga City,Unknown,0,0,0,0,0,0,Urban,0,0,0,Fine,Null
1405132,4913448,15369,,604500,0,0,0,2,0,South,2009/2010,FORBURY ROAD,WILSON AVENUE,,Non-Injury Crash,No,2009,0,South,0,0,0,Flat,0,,0,,0,Dark,2927000,0,0,0,2,0,0,0,0,1,,0,0,Otago Region,Nil,2-way,Sealed,0,0,0,0,50,0,On,0,0,,71,Dunedin City,Unknown,0,0,0,0,0,0,Urban,0,0,0,Light rain,Null
1683865,5429562,15370,,580446,0,0,0,1,0,North,2008/2009,QUEEN CHARLOTTE DRIVE,KENT ST,,Non-Injury Crash,No,2009,0,East,1,0,0,Hill Road,0,,0,,0,Overcast,2279704,0,0,0,2,0,0,0,0,0,,0,0,Marlborough Region,Nil,2-way,Sealed,0,0,0,0,50,0,Null,0,0,,53,Marlborough District,Nil,0,0,0,0,0,0,Urban,0,0,0,Fine,Null
1823865,5525530,15371,,561902,0,,0,1,,Null,2009/2010,SH 57,TURITEA ROAD,,Non-Injury Crash,Yes,2009,,South,,0,,Hill Road,,,,,,Bright sun,1799501,0,0,0,2,,,0,,,,,,Manawatū-Whanganui Region,Nil,2-way,Sealed,,0,0,,100,,Null,1,0,,40,Palmerston North City,Give way,,,,,0,0,Open,0,,,Fine,Null
1935722,5621122,15372,,546801,0,,0,2,,West,2009/2010,CARLYLE ST,CHAUCER ROAD SOUTH,,Non-Injury Crash,No,2009,,East,,0,,Flat,,,,,,Overcast,1425802,0,0,0,2,,,0,,,,,,Hawke's Bay Region,Nil,2-way,Sealed,,0,0,,50,,Null,0,0,,31,Napier City,Nil,,,,,0,0,Urban,0,,,Heavy rain,Null
1691532,5674621,15373,,551700,0,0,0,2,0,North,2009/2010,DAVID ST,TUKAPA ST,,Non-Injury Crash,No,2009,0,South,0,0,0,Flat,0,,0,,0,Overcast,1575000,0,0,0,2,0,0,0,0,1,,0,0,Taranaki Region,Nil,2-way,Sealed,0,0,0,0,50,0,Null,0,0,,33,New Plymouth District,Nil,0,0,0,0,0,0,Urban,0,0,0,Fine,Null
1834722,5797675,15374,,535242,0,,0,2,,North,2008/2009,SH 29,SH 1N,,Non-Injury Crash,Yes,2009,,North,,0,,Flat,,,,,,Bright sun,1124901,0,0,0,2,,,0,,,,,,Waikato Region,Nil,2-way,Sealed,,0,0,,100,,Null,0,0,,15,Matamata-Piako District,Unknown,,,,,0,0,Open,0,,,Fine,Null
1761513,5913803,15375,,520202,0,,0,2,,Null,2009/2010,GREAT SOUTH ROAD,STATION ROAD N,,Non-Injury Crash,No,2009,,East,,0,,Hill Road,,,,,,Overcast,612300,0,0,0,2,,,0,,,,,,Auckland Region,Nil,2-way,Sealed,,0,0,,50,,Off,0,0,,76,Auckland,Traffic Signals,,,,,0,0,Urban,0,,,Heavy rain,Null
1876644,5821007,15376,,537500,0,0,0,1,0,North,2008/2009,CAMERON ROAD,ST GEORGE ST,,Non-Injury Crash,No,2009,0,South,0,0,0,Flat,0,,0,,1,Bright sun,1171700,0,0,0,2,0,0,0,0,0,,0,0,Bay of Plenty Region,Nil,2-way,Sealed,0,0,0,0,50,0,Null,0,0,,23,Tauranga City,Give way,0,0,0,0,0,0,Urban,0,0,0,Fine,Null
1802895,5560275,15377,,559500,0,0,0,1,0,Null,2008/2009,WELLINGTON ROAD,KENSINGTON ROAD,,Non-Injury Crash,No,2009,0,South,0,0,1,Flat,0,,0,,0,Dark,1740000,0,0,0,2,0,0,0,0,0,,0,0,Manawatū-Whanganui Region,Nil,2-way,Sealed,0,0,0,0,50,0,On,0,0,,38,Rangitikei District,Give way,0,0,0,0,0,0,Urban,0,0,0,Light rain,Null
1734182,5907509,15378,,513800,0,0,0,1,1,West,2008/2009,PIHA ROAD,LONE KAURI ROAD,,Non-Injury Crash,No,2009,0,West,0,0,0,Hill Road,0,,0,,0,Bright sun,282027,0,0,0,2,0,0,0,0,0,,0,0,Auckland Region,Nil,2-way,Sealed,0,0,0,0,80,0,Off,0,0,,76,Auckland,Nil,0,0,0,0,0,0,Open,0,0,0,Fine,Null
1787764,5446104,15379,,579803,0,0,0,2,0,East,2008/2009,SH 2,RIMUTAKA SUMMIT,,Non-Injury Crash,Yes,2009,0,North,0,0,0,Hill Road,1,,0,,0,Overcast,2272601,0,0,0,3,0,0,0,0,0,,0,0,Wellington Region,Nil,2-way,Sealed,0,0,0,0,100,0,Null,0,0,,50,South Wairarapa District,Nil,0,0,0,0,0,0,Open,0,0,0,Heavy rain,Null
1822862,5462482,15380,,578600,0,,0,2,,North,2009/2010,QUEEN ST,DIXON ST,,Non-Injury Crash,No,2009,,South,,0,,Flat,,,,,,Overcast,2243900,0,0,0,2,,,0,,,,,,Wellington Region,Nil,2-way,Sealed,,0,0,,50,,Null,0,0,,48,Masterton District,Nil,,,,,0,0,Urban,0,,,Light rain,Null
1585035,5474459,15381,,581602,0,0,0,1,0,South,2008/2009,CENTRAL TAKAKA ROAD,SH 60,,Non-Injury Crash,No,2009,0,North,0,0,0,Hill Road,0,,0,,0,Dark,2346000,0,0,0,2,0,0,0,0,0,,0,0,Tasman Region,Nil,2-way,Sealed,0,0,0,0,70,0,None,0,0,,51,Tasman District,Nil,0,0,0,1,0,0,Urban,0,0,0,Fine,Null
1718052,6044750,15382,,502900,0,,0,1,,East,2009/2010,SH 14,WEST END AVENUE,,Non-Injury Crash,Yes,2009,,West,,0,,Flat,,,,,,Overcast,103800,0,0,0,1,,,0,,,,,,Northland Region,Nil,2-way,Sealed,,0,0,,50,,Off,0,0,,2,Whangarei District,Nil,,,,,0,0,Urban,1,,,Light rain,Null
1769847,5901224,15383,,524902,0,,0,3,,East,2009/2010,ALFRISTON ROAD,BROUGH ROAD,,Non-Injury Crash,No,2009,,West,,0,,Flat,,,,,,Bright sun,757700,0,0,0,2,,,0,,,,,,Auckland Region,Nil,2-way,Sealed,,0,0,,50,,Off,0,0,,76,Auckland,Nil,,,,,0,0,Urban,0,,,Null,Null
1762968,5456890,15384,,565700,0,0,0,1,1,South,2008/2009,PAEKAKARIKI HILL ROAD,PAEKAKARIKI HILL SUM,,Non-Injury Crash,No,2009,0,South,0,0,1,Flat,0,Easter,0,,0,Dark,2072101,0,0,0,2,0,0,0,0,0,,0,0,Wellington Region,Nil,2-way,Sealed,0,0,0,0,70,0,None,0,0,,44,Porirua City,Nil,0,0,0,1,0,0,Urban,0,0,0,Fine,Null
1931995,5600709,15385,,548821,0,0,0,2,0,East,2009/2010,KAWEKA PLACE,BREADALBANE ROAD,,Non-Injury Crash,No,2009,0,West,0,0,0,Flat,0,,0,,0,Dark,1465507,0,0,0,2,0,0,0,0,1,,0,0,Hawke's Bay Region,Nil,2-way,Sealed,0,0,0,0,50,0,On,0,0,,30,Hastings District,Nil,0,0,0,0,0,0,Urban,0,0,0,Fine,Null
1751162,5914565,15386,,514402,0,0,0,2,0,North,2009/2010,ST GEORGES ROAD,KELVINSIDE TERRACE,,Non-Injury Crash,No,2009,0,North,0,0,0,Flat,0,Labour Weekend,0,,0,Dark,381302,0,0,0,2,0,0,0,0,1,,0,0,Auckland Region,Nil,2-way,Sealed,0,0,0,0,50,0,On,0,0,,76,Auckland,Nil,0,0,0,0,0,0,Urban,0,0,0,Fine,Null
2037660,5707622,15387,,544801,0,0,0,1,0,South,2008/2009,ESPLANADE,CRAWFORD ROAD,,Non-Injury Crash,No,2009,0,North,0,0,0,Flat,1,,0,,0,Dark,1386000,0,0,0,1,0,0,0,0,0,,0,0,Gisborne Region,Nil,1-way,Sealed,0,0,0,0,50,0,On,0,0,,28,Gisborne District,Nil,0,0,0,0,0,0,Urban,0,0,0,Fine,Null
1858485,5804658,15388,,536630,0,0,0,1,0,South,2009/2010,SH 29,HANGA ROAD,,Non-Injury Crash,Yes,2009,0,North,0,0,0,Hill Road,0,Christmas New Year,0,,0,Bright sun,1114601,0,0,0,3,0,0,0,0,0,,0,0,Bay of Plenty Region,Nil,2-way,Sealed,0,0,0,0,100,0,None,0,0,,22,Western Bay of Plenty District,Nil,0,0,0,1,0,0,Open,0,0,0,Fine,Null
1761792,5435781,15389,,568602,0,,0,2,,Null,2009/2010,WAIWHETU ROAD,WATERLOO ROAD,,Non-Injury Crash,No,2009,,North,,0,,Flat,,Christmas New Year,,,,Overcast,1972700,0,0,0,2,,,0,,,,,,Wellington Region,Nil,2-way,Sealed,,0,0,,50,,Null,0,0,,46,Lower Hutt City,Give way,,,,,0,0,Urban,0,,,Fine,Null
1772372,5445203,15390,,567300,0,,0,1,,North,2009/2010,FERGUSSON DRIVE,WARD ST,,Non-Injury Crash,No,2009,,West,,0,,Flat,,,,,,Bright sun,1893700,0,0,0,2,,,0,,,,,,Wellington Region,Nil,2-way,Sealed,,0,0,,50,,Null,0,0,,45,Upper Hutt City,Give way,,,,,0,0,Urban,1,,,Fine,Null
1794385,5830424,15391,,527123,0,0,0,0,0,West,2009/2010,DRIVER ROAD,HOWARD ROAD,,Non-Injury Crash,No,2009,0,East,0,0,0,Hill Road,0,,0,,0,Dark,950000,0,0,0,2,0,0,0,0,0,,0,0,Waikato Region,Nil,2-way,Sealed,0,0,0,0,100,0,None,1,0,,13,Waikato District,Nil,0,0,0,0,0,0,Open,0,0,0,Fine,Null
1759560,5436373,15392,,569100,0,,0,1,,Null,2008/2009,RUTHERFORD ST,MARGARET ST,,Non-Injury Crash,No,2009,,North,,0,,Flat,,,,,,Bright sun,1967000,0,0,0,2,,,0,,,,,,Wellington Region,Nil,2-way,Sealed,,0,0,,50,,Null,1,0,,46,Lower Hutt City,Give way,,,,,0,0,Urban,0,,,Fine,Null
1789327,5828902,15393,,528200,0,0,0,1,0,Null,2008/2009,DURHAM ST,HERSCHEL ST,,Non-Injury Crash,No,2009,0,North,0,0,1,Flat,0,,0,,0,Overcast,855701,0,0,0,2,0,0,0,0,0,,0,0,Waikato Region,Nil,2-way,Sealed,0,0,0,0,50,0,Off,0,0,,13,Waikato District,Give way,0,0,0,0,0,0,Urban,0,0,0,Light rain,Null
1798630,5445427,15394,,579803,0,0,0,1,1,West,2008/2009,SH 2,LUDLAM ST,,Non-Injury Crash,Yes,2009,0,East,0,0,0,Hill Road,0,,0,,0,Dark,2272100,0,0,0,2,0,0,0,0,0,,0,0,Wellington Region,Nil,2-way,Sealed,0,0,0,0,100,0,None,0,0,,50,South Wairarapa District,Nil,0,0,0,0,0,0,Open,0,0,0,Light rain,Null
1766801,5904412,15395,,524604,0,0,0,1,0,East,2009/2010,RONWOOD AVENUE,LAMBIE DRIVE,,Non-Injury Crash,No,2009,0,West,0,0,0,Flat,0,,0,,0,Overcast,780209,0,0,0,2,0,0,0,0,0,,0,0,Auckland Region,Nil,2-way,Sealed,0,0,0,0,50,0,Null,0,0,,76,Auckland,Unknown,0,1,0,1,0,0,Urban,0,0,0,Fine,Null
1764256,5909783,15396,,521901,0,,0,2,,Null,2009/2010,ATKINSON AVENUE,CRITERION ST,,Non-Injury Crash,No,2009,,South,,0,,Flat,,,,,,Overcast,784000,0,0,0,2,,,0,,,,,,Auckland Region,Nil,2-way,Sealed,,0,0,,50,,On,0,0,,76,Auckland,Nil,,,,,0,0,Urban,0,,,Fine,Null
1568266,5183923,15397,,591900,0,0,0,0,0,West,2008/2009,HAREWOOD ROAD,PAPANUI ROAD,,Non-Injury Crash,No,2009,0,West,0,0,0,Flat,0,,0,,0,Bright sun,2663000,0,0,0,2,0,0,0,0,1,,0,0,Canterbury Region,Nil,2-way,Sealed,0,0,0,0,50,0,Null,1,0,,60,Christchurch City,Unknown,0,0,0,0,1,0,Urban,0,0,0,Fine,Null
1718409,6044959,15398,,502900,0,,0,2,,West,2009/2010,SH 14,WESTERN HILLS DRIVE,,Non-Injury Crash,Yes,2009,,East,,0,,Flat,,,,,,Overcast,103200,0,0,0,4,,,0,,,,,,Northland Region,Nil,2-way,Sealed,,0,0,,50,,Off,0,0,,2,Whangarei District,Traffic Signals,,,,,0,0,Urban,0,,,Fine,Null
1774856,5445474,15399,,566800,0,,0,2,,East,2008/2009,KING CHARLES DRIVE,SEYMOUR GROVE,,Non-Injury Crash,No,2009,,East,,0,,Hill Road,,,,,,Overcast,1908601,0,0,0,2,,,0,,,,,,Wellington Region,Nil,2-way,Sealed,,0,0,,50,,Null,0,0,,45,Upper Hutt City,Nil,,,,,0,0,Urban,0,,,Fine,Null
1762179,5913657,15400,,520500,0,1,0,0,0,Null,2009/2010,SH 1N,PENROSE OBR,,Non-Injury Crash,Yes,2009,0,North,0,0,0,Flat,0,,0,,0,Overcast,637100,0,0,0,3,0,0,0,0,0,,0,0,Auckland Region,Nil,1-way,Sealed,0,0,0,0,100,0,Off,0,0,,76,Auckland,Nil,0,0,0,0,1,0,Open,0,0,0,Fine,Null
1566924,5175765,15401,,587847,1,,0,1,,Null,2008/2009,SPARKS ROAD,HENDERSONS ROAD,,Minor Crash,No,2009,,North,,0,,Flat,,,,,,Overcast,2485300,1,0,0,2,,,0,,,,,,Canterbury Region,Nil,2-way,Sealed,,0,0,,70,,Null,0,0,,60,Christchurch City,Give way,,,,,0,0,Urban,0,,,Fine,Null
1935828,5620286,15402,,546600,0,,0,2,,Null,2009/2010,DOUGLAS MCLEAN AVENUE,BARKER ROAD,,Non-Injury Crash,No,2009,,South,,0,,Flat,,,,,,Overcast,1436400,0,0,0,2,,,0,,,,,,Hawke's Bay Region,Nil,2-way,Sealed,,0,0,,50,,Null,0,0,,31,Napier City,Nil,,,,,0,0,Urban,0,,,Fine,Null
1915854,5604849,15403,,545841,0,,0,2,,South,2008/2009,SH 50,LINKS ROAD EAST,,Non-Injury Crash,Yes,2009,,South,,0,,Flat,,Easter,,,,Dark,1462901,0,0,0,2,,,0,,,,,,Hawke's Bay Region,Nil,2-way,Sealed,,0,0,,100,,None,2,0,,30,Hastings District,Nil,,,,,0,0,Open,0,,,Fine,Null
1885966,5771850,15404,,540600,0,0,0,1,0,South,2009/2010,SH 30,SCOTT ST,,Non-Injury Crash,Yes,2009,0,North,0,0,0,Flat,0,,0,,0,Bright sun,1243800,0,0,0,2,0,0,0,0,1,,0,0,Bay of Plenty Region,Nil,2-way,Sealed,0,0,0,0,50,0,Null,0,0,,24,Rotorua District,Unknown,0,0,0,0,1,0,Urban,0,0,0,Fine,Null
1751219,5915249,15405,,514401,0,,0,1,,South,2009/2010,GREAT NORTH ROAD,CRAYFORD ST,,Non-Injury Crash,No,2009,,North,,0,,Flat,,,,,,Bright sun,382700,0,0,0,2,,,0,,,,,,Auckland Region,Nil,2-way,Sealed,,0,0,,50,,Off,0,0,,76,Auckland,Nil,,,,,0,0,Urban,1,,,Fine,Null