X,Y,OBJECTID,advisorySpeed,areaUnitID,bicycle,bridge,bus,carStationWagon,cliffBank,crashDirectionDescription,crashFinancialYear,crashLocation1,crashLocation2,crashRoadSideRoad,crashSeverity,crashSHDescription,crashYear,debris,directionRoleDescription,ditch,fatalCount,fence,flatHill,guardRail,holiday,houseOrBuilding,intersection,kerb,light,meshblockId,minorInjuryCount,moped,motorcycle,NumberOfLanes,objectThrownOrDropped,otherObject,otherVehicleType,overBank,parkedVehicle,pedestrian,phoneBoxEtc,postOrPole,region,roadCharacter,roadLane,roadSurface,roadworks,schoolBus,seriousInjuryCount,slipOrFlood,speedLimit,strayAnimal,streetLight,suv,taxi,temporarySpeedLimit,tlaId,tlaName,trafficControl,trafficIsland,trafficSign,train,tree,truck,unknownVehicleType,urban,vanOrUtility,vehicle,waterRiver,weatherA,weatherB
1561982,5179554,15406,,587400,0,,0,3,,North,2008/2009,SH 1S,WATERLOO ROAD,,Non-Injury Crash,Yes,2009,,South,,0,,Flat,,,,,,Bright sun,2489200,0,0,0,2,,,0,,,,,,Canterbury Region,Nil,2-way,Sealed,,0,0,,50,,Null,0,0,,60,Christchurch City,Unknown,,,,,0,0,Urban,2,,,Fine,Null
1864391,5545044,15407,,550102,0,0,0,2,0,North,2008/2009,CLAUDIUS ST,ALEXANDRA ST,,Non-Injury Crash,No,2009,0,North,0,0,0,Flat,0,,0,,0,Dark,1532200,0,0,0,2,0,0,0,0,1,,0,0,Manawatū-Whanganui Region,Nil,2-way,Sealed,0,0,0,0,50,0,On,0,0,,41,Tararua District,Nil,0,0,0,0,0,0,Urban,0,0,0,Fine,Null
2034531,5708394,15408,,544400,0,0,0,1,0,West,2008/2009,LYTTON ROAD,AWAPUNI ROAD,,Non-Injury Crash,No,2009,0,North,0,0,0,Flat,0,,0,,0,Overcast,1375803,0,0,0,2,0,0,0,0,0,,1,0,Gisborne Region,Nil,2-way,Sealed,0,0,0,0,50,0,Null,0,0,,28,Gisborne District,Nil,0,1,0,1,0,0,Urban,0,0,0,Fine,Null
1767612,5903627,15409,,524602,0,0,0,1,0,South,2009/2010,INVERELL AVENUE,ISLAY PLACE,,Non-Injury Crash,No,2009,0,North,0,0,0,Flat,0,,0,,0,Twilight,780410,0,0,0,2,0,0,0,0,0,,0,1,Auckland Region,Nil,2-way,Sealed,0,0,0,0,50,0,Off,0,0,,76,Auckland,Nil,0,0,0,0,0,0,Urban,0,0,0,Fine,Null
1759885,5916114,15410,,516002,0,,0,1,,North,2009/2010,SH 1N,GREENLANE OFF SBD,,Non-Injury Crash,Yes,2009,,South,,0,,Flat,,,,,,Bright sun,492100,0,0,0,3,,,0,,,,,,Auckland Region,Nil,1-way,Sealed,,0,0,,100,,Off,0,0,,76,Auckland,Nil,,,,,1,0,Open,0,,,Fine,Null
1885515,5773877,15411,,540410,0,,0,2,,Null,2009/2010,HATUPATU DRIVE,HINEMOA ST,,Non-Injury Crash,No,2009,,West,,0,,Flat,,,,,,Overcast,1234000,0,0,0,2,,,0,,,,,,Bay of Plenty Region,Nil,2-way,Sealed,,0,0,,50,,Null,0,0,,24,Rotorua District,Give way,,,,,0,0,Urban,0,,,Light rain,Null
2034620,5709470,15412,,544400,0,0,0,2,0,South,2009/2010,QUEENS ROAD,CHILDERS ROAD,,Non-Injury Crash,No,2009,0,West,0,0,0,Flat,0,,0,,0,Twilight,1374700,0,0,0,2,0,0,0,0,1,,0,0,Gisborne Region,Nil,2-way,Sealed,0,0,0,0,50,0,Off,0,0,,28,Gisborne District,Nil,0,0,0,0,0,0,Urban,0,0,0,Fine,Null
1800897,5814774,15413,,529700,0,,0,2,,East,2009/2010,THACKERAY ST,TRISTRAM ST,,Non-Injury Crash,No,2009,,West,,0,,Hill Road,,,,,,Dark,911600,0,0,0,4,,,0,,,,,,Waikato Region,Nil,2-way,Sealed,,0,0,,50,,On,0,0,,16,Hamilton City,Give way,,,,,0,0,Urban,0,,,Fine,Null
1754805,5444227,15414,,570800,0,,0,1,,Null,2009/2010,MUNGAVIN OFF NBD,MUNGAVIN AVENUE,,Non-Injury Crash,Yes,2009,,North,,0,,Flat,,,,,,Twilight,2052800,0,0,0,3,,,0,,,,,,Wellington Region,Motorway ramp,1-way,Sealed,,0,0,,50,,Off,1,0,,44,Porirua City,Give way,,,,,0,0,Urban,0,,,Fine,Null
1745353,5917379,15415,,510800,0,0,0,0,0,South,2009/2010,GREAT NORTH ROAD,HENDERSON VALLEY ROAD,,Non-Injury Crash,No,2009,0,South,0,0,0,Hill Road,1,,0,,0,Bright sun,241600,0,0,0,5,0,0,0,0,0,,0,0,Auckland Region,Nil,2-way,Sealed,0,0,0,0,50,0,Off,0,0,,76,Auckland,Nil,0,0,0,0,0,0,Urban,1,0,0,Fine,Null
1929728,5614699,15416,55,545831,0,0,0,1,0,Null,2008/2009,WAIOHIKI ROAD,HATAS LANE,,Non-Injury Crash,No,2009,0,North,0,0,0,Flat,0,,0,,0,Overcast,1404600,0,0,0,2,0,0,0,0,0,,0,1,Hawke's Bay Region,Nil,2-way,Sealed,0,0,0,0,70,0,Null,0,0,,30,Hastings District,Nil,0,0,0,0,0,0,Urban,0,0,0,Heavy rain,Null
2037253,5708131,15417,,544600,0,,0,2,,Null,2009/2010,PEEL ST,CHILDERS ROAD,,Non-Injury Crash,No,2009,,South,,0,,Flat,,,,,,Bright sun,1371100,0,0,0,2,,,0,,,,,,Gisborne Region,Nil,2-way,Sealed,,0,0,,50,,Null,0,0,,28,Gisborne District,Stop,,,,,0,0,Urban,0,,,Fine,Null
1749227,5427098,15418,,573101,0,0,1,1,0,East,2008/2009,COURTENAY PLACE,TORY ST,,Non-Injury Crash,No,2009,0,West,0,0,0,Flat,0,,0,,0,Bright sun,2136000,0,0,0,2,0,0,0,0,1,,0,0,Wellington Region,Nil,2-way,Sealed,0,0,0,0,50,0,Null,0,0,,47,Wellington City,Nil,0,0,0,0,0,0,Urban,0,0,0,Fine,Null
1748383,5427134,15419,,573000,0,0,1,0,0,North,2008/2009,WILLIS ST,SH 1N,,Non-Injury Crash,No,2009,0,North,0,0,0,Flat,0,,0,,0,Overcast,2129700,0,0,0,2,0,0,0,0,0,,0,0,Wellington Region,Nil,2-way,Sealed,0,0,0,0,50,0,Null,0,0,,47,Wellington City,Nil,0,0,0,0,0,0,Urban,1,1,0,Fine,Null
1822109,5529638,15420,,562800,0,,0,2,,Null,2008/2009,SH 3 PRINCESS,MAIN ST,,Non-Injury Crash,Yes,2009,,South,,0,,Flat,,,,,,Overcast,1829200,0,0,0,2,,,0,,,,,,Manawatū-Whanganui Region,Nil,2-way,Sealed,,0,0,,50,,Null,0,0,,40,Palmerston North City,Traffic Signals,,,,,0,0,Urban,0,,,Fine,Null
1689292,5674269,15421,,551502,0,0,0,1,0,West,2008/2009,MANADON ST,SH 45,,Non-Injury Crash,No,2009,0,East,0,0,0,Flat,0,,0,,0,Bright sun,1584103,0,0,0,2,0,1,0,0,0,,0,0,Taranaki Region,Nil,2-way,Sealed,0,0,0,0,50,0,Null,0,0,,33,New Plymouth District,Nil,0,0,0,0,1,0,Urban,0,0,0,Fine,Null
1623959,5431037,15422,,582500,0,,0,2,,Null,2008/2009,NEW ST,HALSTEAD ST,,Non-Injury Crash,No,2009,,West,,0,,Flat,,,,,,Bright sun,2320200,0,0,0,2,,,0,,,,,,Nelson Region,Nil,2-way,Sealed,,0,0,,50,,Null,0,0,,52,Nelson City,Nil,,,,,0,0,Urban,0,,,Fine,Null
1756643,5447635,15423,,572100,0,,0,1,,South,2009/2010,SH 1N,SH 58,,Non-Injury Crash,Yes,2009,,South,,0,,Flat,,,,,,Bright sun,2070000,0,0,0,2,,,0,,,,,,Wellington Region,Nil,1-way,Sealed,,0,0,,100,,Null,1,0,,44,Porirua City,Nil,,,,,0,0,Open,0,,,Fine,Null
1819209,5465347,15424,,578401,0,0,0,1,0,South,2008/2009,EVANS ROAD,UPPER PLAIN ROAD,,Non-Injury Crash,No,2009,0,South,0,0,1,Flat,0,,0,,0,Dark,2252902,0,0,0,2,0,0,0,0,0,,0,0,Wellington Region,Nil,2-way,Sealed,0,0,0,0,100,0,None,0,0,,48,Masterton District,Nil,0,0,0,0,0,0,Open,0,0,0,Light rain,Null
1765565,5909097,15425,,523402,0,,0,1,,North,2009/2010,HIGHBROOK DRIVE,HIGHBROOK OFF SBD,,Non-Injury Crash,No,2009,,North,,0,,Flat,,,,,,Bright sun,696900,0,0,0,4,,,0,,,,,,Auckland Region,Nil,2-way,Sealed,,0,0,,50,,Off,0,0,,76,Auckland,Nil,,,,,1,0,Urban,0,,,Fine,Null
1931685,5604756,15426,,548000,0,,0,2,,Null,2008/2009,JELLICOE ST,ANSON ST,,Non-Injury Crash,No,2009,,North,,0,,Flat,,,,,,Overcast,1498600,0,0,0,2,,,0,,,,,,Hawke's Bay Region,Nil,2-way,Sealed,,0,0,,50,,Null,0,0,,30,Hastings District,Give way,,,,,0,0,Urban,0,,,Light rain,Null
1569569,5179511,15427,,591500,0,,0,3,,South,2009/2010,HAGLEY AVENUE,ST ASAPH ST,,Minor Crash,No,2009,,North,,0,,Flat,,,,,,Bright sun,2647500,1,0,0,2,,,0,,,,,,Canterbury Region,Nil,2-way,Sealed,,0,0,,50,,Null,0,0,,60,Christchurch City,Unknown,,,,,0,0,Urban,0,,,Fine,Null
1727485,5686823,15428,65,550700,0,,0,2,,West,2009/2010,SH 3,MIMI ROAD,,Non-Injury Crash,Yes,2009,,East,,0,,Hill Road,,Christmas New Year,,,,Overcast,1551600,0,0,0,2,,,0,,,,,,Taranaki Region,Nil,2-way,Sealed,,0,0,,100,,Null,0,0,,33,New Plymouth District,Nil,,,,,1,0,Open,0,,,Fine,Null
1765200,5902506,15429,,524604,0,,0,1,,North,2009/2010,ROSCOMMON ROAD,HAUTU DRIVE,,Non-Injury Crash,No,2009,,North,,0,,Flat,,,,,,Dark,781200,0,0,0,4,,,0,,,,,,Auckland Region,Nil,2-way,Sealed,,0,0,,50,,On,0,0,,76,Auckland,Nil,,,,,1,0,Urban,0,,,Fine,Null
1759923,5435616,15430,,569100,0,0,0,1,0,North,2008/2009,HAUTANA ST,HAUTANA SQUARE,,Non-Injury Crash,No,2009,0,North,0,0,0,Flat,0,,0,,0,Dark,1970400,0,0,0,2,0,0,0,0,1,,0,0,Wellington Region,Nil,2-way,Sealed,0,0,0,0,50,0,On,0,0,,46,Lower Hutt City,Nil,0,0,0,0,0,0,Urban,1,0,0,Heavy rain,Null
1902983,5566157,15431,,549500,0,,0,1,,East,2008/2009,GAISFORD TERRACE,RACECOURSE ROAD,,Non-Injury Crash,No,2009,,East,,0,,Hill Road,,,,,,Bright sun,1521900,0,0,0,2,,,0,,,,,,Hawke's Bay Region,Nil,2-way,Sealed,,0,0,,50,,Null,1,0,,32,Central Hawke's Bay District,Nil,,,,,0,0,Urban,0,,,Fine,Null
1570885,5179796,15432,,591500,0,,0,2,,Null,2008/2009,MANCHESTER ST,HIGH ST,,Non-Injury Crash,No,2009,,North,,0,,Flat,,,,,,Bright sun,2652200,0,0,0,3,,,0,,,,,,Canterbury Region,Nil,2-way,Sealed,,0,0,,50,,Null,0,0,,60,Christchurch City,Traffic Signals,,,,,0,0,Urban,0,,,Fine,Null
1461152,5081927,15433,,599700,0,,0,1,,Null,2009/2010,KING ST,BROWNE ST,,Non-Injury Crash,No,2009,,South,,0,,Flat,,,,,,Overcast,2799500,0,0,0,2,,,0,,,,,,Canterbury Region,Nil,2-way,Sealed,,0,0,,50,,Null,0,0,,64,Timaru District,Stop,,,,,0,0,Urban,1,,,Fine,Null
1763179,5446243,15434,,565601,0,,0,2,,East,2008/2009,SH 58,MULHERN ROAD,,Non-Injury Crash,Yes,2009,,West,,0,,Flat,,,,,,Overcast,2071902,0,0,0,2,,,0,,,,,,Wellington Region,Nil,2-way,Sealed,,0,0,,100,,Null,0,0,,44,Porirua City,Nil,,,,,0,0,Open,0,,,Light rain,Null
1882810,5772860,15435,,539800,0,,0,2,,East,2008/2009,MALFROY ROAD WEST,KNIGHT PLACE,,Non-Injury Crash,No,2009,,East,,0,,Flat,,,,,,Dark,1229701,0,0,0,2,,,0,,,,,,Bay of Plenty Region,Nil,2-way,Sealed,,0,0,,50,,On,0,0,,24,Rotorua District,Unknown,,,,,0,0,Urban,0,,,Fine,Null
2035033,5710022,15436,,544300,0,,0,1,,Null,2008/2009,LYTTON ROAD,GLADSTONE ROAD,,Non-Injury Crash,No,2009,,South,,0,,Flat,,,,,,Bright sun,1366000,0,0,0,2,,,0,,,,,,Gisborne Region,Nil,2-way,Sealed,,0,0,,50,,Null,0,0,,28,Gisborne District,Give way,,,,,0,0,Urban,1,,,Fine,Null
1571475,5178597,15437,,594500,0,,0,2,,South,2008/2009,WALTHAM ROAD,SHAKESPEARE ROAD,,Non-Injury Crash,No,2009,,South,,0,,Flat,,,,,,Dark,2624301,0,0,0,4,,,0,,,,,,Canterbury Region,Nil,2-way,Sealed,,0,0,,50,,On,0,0,,60,Christchurch City,Traffic Signals,,,,,0,0,Urban,0,,,Fine,Null
1826473,5527032,15438,,563300,0,0,0,1,0,South,2008/2009,PAHIATUA AOKAUTERE ROAD,SH 57,,Non-Injury Crash,No,2009,0,North,0,0,1,Hill Road,0,,0,,0,Overcast,1815200,0,0,0,2,0,0,0,0,0,,0,0,Manawatū-Whanganui Region,Bridge,2-way,Sealed,0,0,0,0,100,0,Null,0,0,,40,Palmerston North City,Nil,0,0,0,0,0,0,Open,0,0,1,Fine,Null
1866522,5714182,15439,,541710,0,0,0,2,0,South,2009/2010,PITIROI ST,NORMAN SMITH ST,,Non-Injury Crash,No,2009,0,South,0,0,0,Flat,0,,0,,0,Overcast,1275200,0,0,0,2,0,0,0,0,1,,0,0,Waikato Region,Nil,2-way,Sealed,0,0,0,0,50,0,Null,0,0,,21,Taupo District,Unknown,0,0,0,0,0,0,Urban,0,0,0,Heavy rain,Null
1823877,5528988,15440,,563200,0,,0,2,,North,2008/2009,ASCOT ST,NEWCASTLE ST,,Non-Injury Crash,No,2009,,North,,0,,Flat,,,,,,Bright sun,1849800,0,0,0,2,,,0,,,,,,Manawatū-Whanganui Region,Nil,2-way,Sealed,,0,0,,50,,Null,0,0,,40,Palmerston North City,Nil,,,,,0,0,Urban,0,,,Fine,Null
1756783,5919474,15441,,514200,0,,0,2,,West,2009/2010,KARANGAHAPE ROAD,PITT ST,,Non-Injury Crash,No,2009,,East,,0,,Flat,,,,,,Dark,412100,0,0,0,4,,,0,,,,,,Auckland Region,Nil,2-way,Sealed,,0,0,,50,,On,0,0,,76,Auckland,Traffic Signals,,,,,0,0,Urban,0,,,Fine,Null
1725539,6041444,15442,55,501818,0,0,0,1,0,South,2009/2010,WHANGAREI HEADS ROAD,EDWARD ROAD,,Non-Injury Crash,No,2009,0,South,0,0,1,Flat,0,,0,,0,Overcast,73400,0,0,0,2,0,0,0,0,0,,0,0,Northland Region,Nil,2-way,Sealed,0,0,0,0,100,0,None,0,0,,2,Whangarei District,Nil,0,0,0,0,0,0,Open,0,0,0,Light rain,Null
1756035,5919053,15443,,515500,0,,0,2,,Null,2009/2010,GREAT NORTH ROAD,BURNS ST,,Non-Injury Crash,No,2009,,South,,0,,Flat,,,,,,Dark,417700,0,0,0,2,,,0,,,,,,Auckland Region,Nil,2-way,Sealed,,0,0,,50,,On,0,0,,76,Auckland,Give way,,,,,0,0,Urban,0,,,Fine,Null
1843280,5811564,15444,,535502,0,0,0,0,0,South,2009/2010,WESTERN ST,ELIZABETH ST,,Non-Injury Crash,No,2009,0,South,0,0,1,Flat,0,,0,,0,Dark,1120301,0,0,0,2,0,0,0,0,0,,0,0,Waikato Region,Nil,2-way,Sealed,0,0,0,0,50,0,On,1,0,,15,Matamata-Piako District,Unknown,0,0,0,0,0,0,Urban,0,0,0,Fine,Null
2035910,5709196,15445,,544600,0,0,0,2,0,Null,2008/2009,SCHOOL ROAD,STANLEY ROAD,,Non-Injury Crash,No,2009,0,North,0,0,0,Flat,0,,0,,0,Overcast,1369500,0,0,0,2,0,0,0,0,1,,0,0,Gisborne Region,Nil,2-way,Sealed,0,0,0,0,50,0,Null,0,0,,28,Gisborne District,Nil,0,0,0,0,0,0,Urban,0,0,0,Light rain,Null
1748975,5426488,15446,,573300,0,,0,1,,Null,2009/2010,SH 1N,BUCKLE ST,,Non-Injury Crash,Yes,2009,,North,,0,,Flat,,,,,,Overcast,2145602,0,0,0,2,,,0,,,,,,Wellington Region,Nil,2-way,Sealed,,0,0,,50,,Null,0,0,,47,Wellington City,Give way,,,,,0,0,Urban,1,,,Fine,Null
1745336,5917403,15447,,510800,0,,0,2,,North,2009/2010,GREAT NORTH ROAD,HENDERSON VALLEY ROAD,,Non-Injury Crash,No,2009,,South,,0,,Flat,,,,,,Overcast,241500,0,0,0,4,,,0,,,,,,Auckland Region,Nil,2-way,Sealed,,0,0,,50,,Off,0,0,,76,Auckland,Traffic Signals,,,,,0,0,Urban,0,,,Fine,Null
1801647,5820929,15448,,527009,0,0,0,1,0,South,2009/2010,GORDONTON ROAD,THOMAS ROAD,,Non-Injury Crash,No,2009,0,South,1,0,0,Flat,0,,0,,0,Bright sun,952322,0,0,0,2,0,0,0,0,0,,0,0,Waikato Region,Nil,2-way,Sealed,0,0,0,0,80,0,Off,0,0,,16,Hamilton City,Nil,0,0,0,0,0,0,Open,0,0,0,Fine,Null
1856584,5803439,15449,,535231,0,0,0,0,1,East,2009/2010,SH 29,SH 28,,Non-Injury Crash,Yes,2009,0,East,0,0,0,Hill Road,0,,0,,0,Overcast,1114500,0,0,0,3,0,0,0,0,0,,0,0,Waikato Region,Nil,2-way,Sealed,0,0,0,0,100,0,None,1,0,,15,Matamata-Piako District,Nil,0,0,0,0,0,0,Open,0,0,0,Fine,Null
1682861,5670228,15450,,550800,0,0,0,0,0,South,2008/2009,SH 45,VICTORIA ROAD,,Non-Injury Crash,Yes,2009,0,North,0,0,0,Hill Road,0,,0,,0,Overcast,1555500,0,0,0,2,0,0,0,0,0,,0,1,Taranaki Region,Bridge,2-way,Sealed,0,0,0,0,100,0,Null,0,0,,33,New Plymouth District,Nil,0,0,0,0,0,0,Open,1,0,0,Fine,Frost
1876651,5819426,15451,,537601,0,,0,1,,South,2009/2010,OROPI ROAD,CHADWICK ROAD,,Non-Injury Crash,No,2009,,North,,0,,Hill Road,,,,,,Bright sun,1177400,0,0,0,2,,,0,,,,,,Bay of Plenty Region,Nil,2-way,Sealed,,0,0,,70,,Null,0,0,,23,Tauranga City,Unknown,,,,,1,0,Urban,0,,,Fine,Null
1768951,5902661,15452,,523814,0,0,0,1,0,South,2009/2010,SH 1N,ORAMS OBR,,Non-Injury Crash,Yes,2009,0,South,0,0,0,Flat,1,,0,,0,Dark,760701,0,0,0,2,0,0,0,0,0,,0,0,Auckland Region,Nil,1-way,Sealed,0,0,0,0,100,0,None,0,0,,76,Auckland,Nil,0,0,0,0,0,0,Open,0,0,0,Fine,Null
1774991,5887304,15453,,521302,0,,0,2,,South,2009/2010,SH 1N,ARARIMU OBR,,Non-Injury Crash,Yes,2009,,South,,0,,Flat,,,,,,Dark,809104,0,0,0,2,,,0,,,,,,Auckland Region,Nil,2-way,Sealed,,0,0,,100,,On,0,0,,76,Auckland,Nil,,,,,0,0,Open,0,,,Fine,Null
1751663,5423987,15454,,577200,0,,0,2,,Null,2009/2010,CALEDONIA ST,KAURI ST,,Non-Injury Crash,No,2009,,East,,0,,Flat,,,,,,Bright sun,2207000,0,0,0,2,,,0,,,,,,Wellington Region,Nil,2-way,Sealed,,0,0,,50,,Null,0,0,,47,Wellington City,Stop,,,,,0,0,Urban,0,,,Fine,Null
2067806,5792971,15455,,543302,0,0,0,2,0,South,2009/2010,WAIOMATATINI ROAD,TUPAROA ROAD,,Non-Injury Crash,No,2009,0,South,0,0,0,Flat,0,,0,,0,Bright sun,1346402,0,0,0,2,0,0,0,0,1,,0,0,Gisborne Region,Nil,2-way,Sealed,0,0,0,0,50,0,Null,0,0,,28,Gisborne District,Nil,0,0,0,0,0,0,Urban,0,0,0,Fine,Null
1933566,5631640,15456,,545611,0,0,0,0,0,Null,2009/2010,KAIMATA ROAD,SH 2,,Non-Injury Crash,Yes,2009,0,North,1,0,0,Flat,0,,0,,0,Dark,1414001,0,0,0,2,0,0,0,0,0,,0,0,Hawke's Bay Region,Nil,2-way,Sealed,0,0,0,0,100,0,On,1,0,,31,Napier City,Give way,0,1,0,0,0,0,Open,0,0,0,Fine,Null
1754472,5446847,15457,,570600,0,0,0,2,0,South,2009/2010,WAIUTA ST,OPAPA ST,,Non-Injury Crash,No,2009,0,South,0,0,0,Hill Road,0,,0,,0,Dark,2040200,0,0,0,2,0,0,0,0,1,,0,0,Wellington Region,Nil,2-way,Sealed,0,0,0,0,50,0,On,0,0,,44,Porirua City,Nil,0,0,0,0,0,0,Urban,0,0,0,Fine,Null
1755388,5928957,15458,,508320,0,,0,1,,Null,2009/2010,WAIRAU ROAD,TRISTRAM AVENUE,,Non-Injury Crash,No,2009,,North,,0,,Flat,,Labour Weekend,,,,Overcast,196700,0,0,0,3,,,0,,,,,,Auckland Region,Nil,2-way,Sealed,,0,0,,50,,Off,1,0,,76,Auckland,Traffic Signals,,,,,0,0,Urban,0,,,Fine,Null
1927572,5607430,15459,,548400,0,,0,3,,Null,2009/2010,SH 50A,OMAHU ROAD,,Non-Injury Crash,Yes,2009,,West,,0,,Flat,,,,,,Dark,1473500,0,0,0,2,,,0,,,,,,Hawke's Bay Region,Nil,2-way,Sealed,,0,0,,100,,On,0,0,,30,Hastings District,Give way,,,,,0,0,Open,0,,,Fine,Null
2037746,5709796,15460,,544500,0,,0,1,,Null,2008/2009,BALLANCE ST,RUSSELL ST,,Non-Injury Crash,No,2009,,North,,0,,Flat,,,,,,Overcast,1379700,0,0,0,2,,,0,,,,,,Gisborne Region,Nil,2-way,Sealed,,0,0,,50,,Null,1,0,,28,Gisborne District,Give way,,,,,0,0,Urban,0,,,Fine,Null
1625915,5433101,15461,,582100,0,0,0,2,0,South,2009/2010,PAREMATA ST,LEADER WAY,,Non-Injury Crash,No,2009,0,South,0,0,0,Hill Road,0,,0,,0,Dark,2316700,0,0,0,2,0,0,0,0,1,,0,0,Nelson Region,Nil,2-way,Sealed,0,0,0,0,50,0,None,0,0,,52,Nelson City,Nil,0,0,0,0,0,0,Urban,0,0,0,Fine,Null
1760120,5436343,15462,,569100,0,,0,1,,Null,2009/2010,KINGS CRESCENT,CORNWALL ST,,Non-Injury Crash,No,2009,,East,,0,,Flat,,,,,,Overcast,1967700,0,0,0,2,,,0,,,,,,Wellington Region,Nil,2-way,Sealed,,0,0,,50,,Null,0,0,,46,Lower Hutt City,Traffic Signals,,,,,0,0,Urban,1,,,Fine,Null
1758550,5920378,15463,,514101,0,,0,1,,East,2008/2009,SH 16,NGAOHO PLACE,,Non-Injury Crash,Yes,2009,,West,,0,,Flat,,,,,,Twilight,438206,0,0,0,2,,,0,,,,,,Auckland Region,Nil,2-way,Sealed,,0,0,,50,,Off,1,0,,76,Auckland,Nil,,,,,0,0,Urban,0,,,Fine,Null
1759411,5920127,15464,,515902,0,,0,0,,East,2009/2010,BRIDGEWATER ROAD,JUDGES BAY ROAD,,Non-Injury Crash,No,2009,,South,,0,,Hill Road,,,,,,Overcast,455200,0,0,0,2,,,0,,,,,,Auckland Region,Nil,2-way,Sealed,,0,0,,50,,Off,0,0,,76,Auckland,Nil,,,,,1,0,Urban,0,,,Fine,Null
1796728,5819932,15465,,528403,0,,0,1,,Null,2009/2010,TE RAPA ROAD,THE BASE PARADE,,Non-Injury Crash,No,2009,,North,,0,,Flat,,,,,,Bright sun,907500,0,0,0,4,,,0,,,,,,Waikato Region,Nil,2-way,Sealed,,0,0,,80,,Null,0,0,,16,Hamilton City,Give way,,,,,1,0,Open,0,,,Fine,Null
1885173,5773670,15466,,540410,0,,0,2,,Null,2008/2009,SH 30A,FENTON ST,,Non-Injury Crash,Yes,2009,,East,,0,,Flat,,Easter,,,,Bright sun,1236300,0,0,0,4,,,0,,,,,,Bay of Plenty Region,Nil,2-way,Sealed,,0,0,,50,,Null,0,0,,24,Rotorua District,Traffic Signals,,,,,0,0,Urban,0,,,Fine,Null
1930777,5605038,15467,,548200,0,0,0,0,0,South,2009/2010,ALEXANDRA ST,HASTINGS ST NORTH,,Non-Injury Crash,No,2009,0,East,0,0,0,Flat,0,,0,,0,Bright sun,1495200,0,0,0,2,0,0,0,0,0,,0,0,Hawke's Bay Region,Nil,2-way,Sealed,0,0,0,0,50,0,Null,0,0,,30,Hastings District,Nil,0,0,0,1,0,0,Urban,1,0,0,Fine,Null
1458841,5115805,15468,,598500,0,0,0,1,0,Null,2009/2010,HUFFEY ST,DARBY ST,,Non-Injury Crash,No,2009,0,South,0,0,1,Flat,0,,0,,0,Dark,2764100,0,0,0,2,0,0,0,0,0,,0,0,Canterbury Region,Nil,2-way,Sealed,0,0,0,0,50,0,On,0,0,,64,Timaru District,Nil,0,0,0,0,0,0,Urban,0,0,0,Fine,Frost
1750922,5434770,15469,,573700,0,,0,2,,Null,2009/2010,BRODERICK ROAD,BANNISTER AVENUE,,Non-Injury Crash,No,2009,,West,,0,,Flat,,,,,,Overcast,2082600,0,0,0,2,,,0,,,,,,Wellington Region,Nil,2-way,Sealed,,0,0,,50,,Null,0,0,,47,Wellington City,Give way,,,,,0,0,Urban,0,,,Fine,Null
1883923,5772304,15470,,540520,0,,0,1,,North,2009/2010,SH 5,DEVON ST,,Non-Injury Crash,Yes,2009,,South,,0,,Hill Road,,,,,,Bright sun,1240400,0,0,0,2,,,0,,,,,,Bay of Plenty Region,Nil,2-way,Sealed,,0,0,,50,,Null,1,0,,24,Rotorua District,Nil,,,,,0,0,Urban,0,,,Fine,Null
1744843,5917895,15471,,510700,0,0,0,1,0,South,2009/2010,SWANSON ROAD,STURGES ROAD,,Non-Injury Crash,No,2009,0,North,0,0,0,Flat,0,,0,,0,Bright sun,239103,0,0,0,4,0,0,0,0,0,,0,1,Auckland Region,Nil,2-way,Sealed,0,0,0,0,50,0,Off,0,0,,76,Auckland,Nil,0,0,0,0,0,0,Urban,0,0,0,Fine,Null
1855903,5537293,15472,,550200,0,0,0,0,0,South,2009/2010,SH 2,ORINGI ROAD,,Non-Injury Crash,Yes,2009,0,South,0,0,0,Flat,0,,0,,0,Dark,1544600,0,0,0,2,0,0,0,0,0,,0,0,Manawatū-Whanganui Region,Nil,2-way,Sealed,0,0,0,0,100,0,None,1,0,,41,Tararua District,Nil,0,0,0,0,0,0,Open,0,0,0,Light rain,Null
1806178,5826373,15473,,527122,0,,0,0,,Null,2009/2010,PUKETAHA ROAD,SH 1B TAYLOR,,Non-Injury Crash,Yes,2009,,South,,0,,Flat,,Labour Weekend,,,,Bright sun,953800,0,0,0,2,,,0,,,,,,Waikato Region,Nil,2-way,Sealed,,0,0,,100,,Off,1,0,,13,Waikato District,Give way,,,,,0,0,Open,1,,,Fine,Null
1765538,5913271,15474,,522920,0,1,0,2,0,East,2008/2009,PAKURANGA HIGHWAY,WAIPUNA ROAD,,Non-Injury Crash,No,2009,0,East,0,0,0,Flat,0,,0,,0,Dark,683000,0,0,0,4,0,0,0,0,0,,0,0,,Bridge,2-way,Sealed,0,0,0,0,80,0,On,0,0,,76,Auckland,Nil,0,0,0,0,0,0,Open,0,0,0,Fine,Null