X,Y,OBJECTID,advisorySpeed,areaUnitID,bicycle,bridge,bus,carStationWagon,cliffBank,crashDirectionDescription,crashFinancialYear,crashLocation1,crashLocation2,crashRoadSideRoad,crashSeverity,crashSHDescription,crashYear,debris,directionRoleDescription,ditch,fatalCount,fence,flatHill,guardRail,holiday,houseOrBuilding,intersection,kerb,light,meshblockId,minorInjuryCount,moped,motorcycle,NumberOfLanes,objectThrownOrDropped,otherObject,otherVehicleType,overBank,parkedVehicle,pedestrian,phoneBoxEtc,postOrPole,region,roadCharacter,roadLane,roadSurface,roadworks,schoolBus,seriousInjuryCount,slipOrFlood,speedLimit,strayAnimal,streetLight,suv,taxi,temporarySpeedLimit,tlaId,tlaName,trafficControl,trafficIsland,trafficSign,train,tree,truck,unknownVehicleType,urban,vanOrUtility,vehicle,waterRiver,weatherA,weatherB
1749142,5427152,15475,,573101,0,0,0,2,0,North,2009/2010,TORY ST,COURTENAY PLACE,,Non-Injury Crash,No,2009,0,North,0,0,0,Flat,0,,0,,0,Bright sun,2135600,0,0,0,2,0,0,0,0,1,,0,0,Wellington Region,Nil,2-way,Sealed,0,0,0,0,50,0,Null,0,0,,47,Wellington City,Nil,0,0,0,0,0,0,Urban,0,0,0,Fine,Null
1936910,5620624,15476,,546901,0,,0,2,,Null,2008/2009,HASTINGS ST,SALE ST,,Non-Injury Crash,No,2009,,North,,0,,Flat,,,,,,Twilight,1430300,0,0,0,2,,,0,,,,,,Hawke's Bay Region,Nil,2-way,Sealed,,0,0,,50,,Off,0,0,,31,Napier City,Stop,,,,,0,0,Urban,0,,,Fine,Null
1757162,5919052,15477,,514301,0,0,0,2,0,South,2008/2009,SH 1N,SYMONDS OBR,,Non-Injury Crash,Yes,2009,0,North,0,0,0,Flat,1,,0,,0,Overcast,441200,0,0,0,3,0,0,0,0,0,,0,0,Auckland Region,Nil,1-way,Sealed,0,0,0,0,80,0,Off,0,0,,76,Auckland,Nil,0,0,0,0,0,0,Open,0,0,0,Fine,Null
1819117,5529868,15478,,562710,0,0,0,1,0,Null,2009/2010,TREMAINE AVENUE,HIGHBURY AVENUE,,Non-Injury Crash,No,2009,0,North,0,0,1,Flat,0,,0,,0,Dark,1817300,0,0,0,2,0,0,0,0,0,,1,0,Manawatū-Whanganui Region,Nil,2-way,Sealed,0,0,0,0,50,0,On,0,0,,40,Palmerston North City,Give way,0,0,0,0,0,0,Urban,0,0,0,Fine,Null
1745455,5917241,15479,,510800,0,,0,2,,East,2009/2010,GREAT NORTH ROAD,RAILSIDE AVENUE,,Non-Injury Crash,No,2009,,West,,0,,Flat,,,,,,Bright sun,242700,0,0,0,3,,,0,,,,,,Auckland Region,Nil,2-way,Sealed,,0,0,,50,,Null,0,0,,76,Auckland,Unknown,,,,,0,0,Urban,0,,,Fine,Null
1775623,5579096,15480,,557700,0,,0,1,,West,2009/2010,JONES ST,SH 4,,Non-Injury Crash,No,2009,,East,,0,,Flat,,,,,,Bright sun,1692500,0,0,0,2,,,0,,,,,,Manawatū-Whanganui Region,Nil,2-way,Sealed,,0,0,,50,,Null,0,0,,37,Whanganui District,Give way,,,,,0,0,Urban,1,,,Fine,Null
1745308,5920868,15481,,513301,0,0,0,1,0,West,2009/2010,SH 16,LINCOLN OBR,,Non-Injury Crash,Yes,2009,0,East,0,0,0,Hill Road,1,,0,,0,Dark,231700,0,0,0,2,0,0,0,0,0,,0,0,Auckland Region,Nil,1-way,Sealed,0,0,0,0,100,0,On,0,0,,76,Auckland,Unknown,0,0,0,0,0,0,Open,0,0,0,Fine,Null
1749668,5426991,15482,,573400,0,0,0,3,0,North,2009/2010,HAWKER ST,MAJORIBANKS ST,,Non-Injury Crash,No,2009,0,North,0,0,0,Hill Road,0,,0,,0,Dark,2139400,0,0,0,2,0,0,0,0,2,,0,0,Wellington Region,Nil,2-way,Sealed,0,0,0,0,50,0,On,0,0,,47,Wellington City,Nil,0,0,0,0,0,0,Urban,0,0,0,Light rain,Null
1752465,5918014,15483,,515003,0,,0,3,,East,2008/2009,SH 16,GT NORTH OBR,,Non-Injury Crash,Yes,2009,,West,,0,,Flat,,,,,,Dark,390702,0,0,0,3,,,0,,,,,,Auckland Region,Nil,1-way,Sealed,,0,0,,100,,On,0,0,,76,Auckland,Nil,,,,,0,0,Open,0,,,Light rain,Null
1243848,4850161,15484,,611100,0,,0,2,,Null,2008/2009,YARROW ST,RITCHIE ST,,Non-Injury Crash,No,2009,,South,,0,,Flat,,,,,,Overcast,3135900,0,0,0,2,,,0,,,,,,Southland Region,Nil,2-way,Sealed,,0,0,,50,,Null,0,0,,75,Invercargill City,Stop,,,,,0,0,Urban,0,,,Light rain,Null
1615271,5423782,15485,,584201,0,,0,1,,Null,2008/2009,QUEEN ST,MCINDOE PLACE,,Non-Injury Crash,No,2009,,North,,0,,Flat,,,,,,Dark,2361300,0,0,0,2,,,0,,,,,,Tasman Region,Nil,2-way,Sealed,,0,0,,50,,On,1,0,,51,Tasman District,Give way,,,,,0,0,Urban,0,,,Fine,Null
1771696,5914623,15486,,521602,0,,0,2,,Null,2009/2010,NELSON ST,NELSON STREET,,Non-Injury Crash,No,2009,,East,,0,,Flat,,,,,,Bright sun,647000,0,0,0,2,,,0,,,,,,Auckland Region,Nil,2-way,Sealed,,0,0,,50,,Off,0,0,,76,Auckland,Give way,,,,,0,0,Urban,0,,,Fine,Null
1879251,5819790,15487,,538000,0,,0,2,,Null,2009/2010,SH 29,WELCOME BAY ROAD,,Non-Injury Crash,Yes,2009,,South,,0,,Flat,,,,,,Bright sun,1178900,0,0,0,6,,,0,,,,,,Bay of Plenty Region,Nil,2-way,Sealed,,0,0,,50,,Null,0,0,,23,Tauranga City,Traffic Signals,,,,,0,0,Urban,0,,,Fine,Null
1616874,5424137,15488,,584201,0,,0,2,,South,2008/2009,SALISBURY ROAD,CHAMPION ROAD,,Non-Injury Crash,No,2009,,North,,0,,Flat,,,,,,Bright sun,2363215,0,0,0,2,,,0,,,,,,Tasman Region,Nil,2-way,Sealed,,0,0,,50,,Null,0,0,,51,Tasman District,Nil,,,,,0,0,Urban,0,,,Fine,Null
1811563,5688753,15489,,532501,0,,0,0,,South,2008/2009,HOHOTAKA ROAD,SH 41,,Non-Injury Crash,No,2009,,South,,0,,Flat,,,,,,Bright sun,1028700,0,0,0,2,,,0,,,,,,Manawatū-Whanganui Region,Nil,2-way,Unsealed,,0,0,,100,,Null,0,0,,36,Ruapehu District,Nil,,,,,1,0,Open,1,,,Fine,Null
1460236,5083002,15490,30,599500,0,0,0,0,0,Null,2009/2010,HEWLINGS ST,SEFTON ST,,Minor Crash,No,2009,0,South,0,0,0,Hill Road,0,,1,,0,Dark,2791800,1,0,1,2,0,0,0,0,0,,0,0,Canterbury Region,Nil,2-way,Sealed,0,0,0,0,50,0,On,0,0,,64,Timaru District,Give way,1,0,0,0,0,0,Urban,0,0,0,Fine,Null
1751899,5432701,15491,,574002,0,0,0,1,1,South,2009/2010,CENTENNIAL NBD,SH 1N,,Non-Injury Crash,Yes,2009,0,North,0,0,0,Hill Road,1,,0,,0,Dark,2078302,0,0,0,2,0,0,0,0,0,,0,0,Wellington Region,Nil,2-way,Sealed,0,0,0,0,80,0,On,0,0,,47,Wellington City,Nil,0,0,0,0,1,0,Open,0,0,0,Fine,Null
1772655,5445236,15492,,567300,0,,0,2,,Null,2008/2009,FERGUSSON DRIVE,GOLDERS ROAD,,Non-Injury Crash,No,2009,,East,,0,,Flat,,,,,,Overcast,1893700,0,0,0,2,,,0,,,,,,Wellington Region,Nil,2-way,Sealed,,0,0,,50,,Null,0,0,,45,Upper Hutt City,Give way,,,,,0,0,Urban,0,,,Light rain,Null
1751397,5433605,15493,,574002,0,0,0,0,0,South,2008/2009,SH 1N,NEWLANDS ON SBD,,Non-Injury Crash,Yes,2009,0,South,0,0,0,Hill Road,1,,0,,0,Overcast,2078304,0,0,0,2,0,0,0,0,0,,0,0,Wellington Region,Nil,2-way,Sealed,0,0,0,0,80,0,Null,0,0,,47,Wellington City,Nil,0,0,0,0,0,0,Open,1,0,0,Light rain,Null
1845428,5744063,15494,,535262,0,,0,0,,North,2009/2010,SH 32,ONGAROTO ROAD,,Non-Injury Crash,Yes,2009,,North,,0,,Hill Road,,,,,,Bright sun,1151800,0,0,0,2,,,0,,,,,,Waikato Region,Nil,2-way,Sealed,,0,0,,100,,Null,0,0,,19,South Waikato District,Unknown,,,,,1,0,Open,0,,,Fine,Null
1405376,4913941,15495,,604420,0,,0,2,,Null,2008/2009,MACANDREW ROAD,LOYALTY ST,,Non-Injury Crash,No,2009,,East,,0,,Flat,,,,,,Bright sun,2930200,0,0,0,2,,,0,,,,,,Otago Region,Nil,2-way,Sealed,,0,0,,50,,Null,0,0,,71,Dunedin City,Give way,,,,,0,0,Urban,0,,,Fine,Null
1768854,5913819,15496,,522723,0,,0,1,,Null,2009/2010,HARFORD PLACE,WALWORTH AVENUE,,Non-Injury Crash,No,2009,,East,,0,,Flat,,,,,,Bright sun,681700,0,0,0,2,,,0,,,,,,Auckland Region,Nil,2-way,Sealed,,0,0,,50,,Off,0,0,,76,Auckland,Give way,,,,,1,0,Urban,0,,,Null,Null
1820122,5532004,15497,,561811,0,0,0,1,0,South,2008/2009,SH 3,FLYGERS LINE,,Non-Injury Crash,Yes,2009,1,North,0,0,0,Hill Road,0,,0,,0,Overcast,1794400,0,0,0,2,0,0,0,0,0,,0,0,Manawatū-Whanganui Region,Bridge,2-way,Sealed,0,0,0,0,100,0,Null,0,0,,40,Palmerston North City,Nil,0,0,0,0,1,0,Open,0,0,0,Light rain,Null
1928739,5603995,15498,,547900,0,,0,2,,West,2008/2009,MURDOCH ROAD WEST,RAILWAY ROAD,,Non-Injury Crash,No,2009,,East,,0,,Flat,,,,,,Bright sun,1482600,0,0,0,2,,,0,,,,,,Hawke's Bay Region,Nil,2-way,Sealed,,0,0,,50,,Null,0,0,,30,Hastings District,Nil,,,,,0,0,Urban,0,,,Fine,Null
1889248,5774486,15499,,538741,0,,0,1,,South,2009/2010,SH 30,WHARENUI ROAD,,Non-Injury Crash,Yes,2009,,South,,0,,Flat,,,,,,Overcast,1254000,0,0,0,2,,,0,,,,,,Bay of Plenty Region,Nil,2-way,Sealed,,0,0,,60,,Null,1,0,,24,Rotorua District,Unknown,,,,,0,0,Urban,0,,,Fine,Null
1765630,5911528,15500,,520500,0,0,0,1,0,Null,2009/2010,KEALY ROAD,PANAMA ROAD,,Non-Injury Crash,No,2009,0,East,0,0,0,Flat,0,Christmas New Year,0,,0,Bright sun,634900,0,0,0,2,0,0,0,0,0,,0,1,Auckland Region,Nil,2-way,Sealed,0,0,0,0,50,0,Null,0,0,,76,Auckland,Nil,0,0,0,0,0,0,Urban,0,0,0,Fine,Null
1748962,5426116,15501,,576500,0,0,0,3,0,North,2009/2010,ADELAIDE ROAD,BROWN ST,,Non-Injury Crash,No,2009,0,South,0,0,0,Flat,0,,0,,0,Dark,2148100,0,0,0,2,0,0,0,0,1,,0,1,Wellington Region,Nil,2-way,Sealed,0,0,0,0,50,0,On,0,0,,47,Wellington City,Nil,0,0,0,0,0,0,Urban,0,0,0,Fine,Null
1747965,5912510,15502,,511902,0,,0,2,,Null,2009/2010,TITIRANGI ROAD,PLEASANT ROAD,,Non-Injury Crash,No,2009,,North,,0,,Flat,,,,,,Bright sun,292103,0,0,0,3,,,0,,,,,,Auckland Region,Nil,2-way,Sealed,,0,0,,50,,Null,0,0,,76,Auckland,Traffic Signals,,,,,0,0,Urban,0,,,Fine,Null
1800538,5816053,15503,,529700,0,0,0,1,0,South,2008/2009,VICTORIA ST,PRINCES ST,,Non-Injury Crash,No,2009,0,North,0,0,0,Flat,0,,0,,0,Dark,909602,0,0,0,4,0,0,0,0,0,,0,0,Waikato Region,Nil,2-way,Sealed,0,0,0,0,50,0,On,0,0,,16,Hamilton City,Unknown,1,0,0,0,0,0,Urban,0,0,0,Fine,Null
1750735,5912032,15504,,514700,0,,0,2,,East,2009/2010,KINROSS ST,PORTAGE ROAD,,Non-Injury Crash,No,2009,,West,,0,,Hill Road,,Christmas New Year,,,,Bright sun,367300,0,0,0,2,,,0,,,,,,Auckland Region,Nil,2-way,Sealed,,0,0,,50,,Off,0,1,,76,Auckland,Nil,,,,,0,0,Urban,0,,,Fine,Null
1772674,5577832,15505,,556500,0,,0,2,,East,2009/2010,FITZHERBERT AVENUE,FOX ROAD,,Non-Injury Crash,No,2009,,East,,0,,Flat,,,,,,Overcast,1720100,0,0,0,2,,,0,,,,,,Manawatū-Whanganui Region,Nil,2-way,Sealed,,0,0,,50,,Null,0,0,,37,Whanganui District,Nil,,,,,0,0,Urban,0,,,Fine,Null
1637513,6128363,15506,,500202,0,,0,1,,West,2008/2009,SH 10,AURERE BEACH ROAD,,Non-Injury Crash,Yes,2009,,West,,0,,Flat,,,,,,Overcast,3300,0,0,0,2,,,0,,,,,,Northland Region,Nil,2-way,Sealed,,0,0,,100,,None,0,0,,1,Far North District,Nil,,,,,0,0,Open,1,,,Light rain,Null
1864814,5809898,15507,,536630,0,,0,2,,Null,2009/2010,SH 29,SOLDIERS ROAD,,Non-Injury Crash,Yes,2009,,West,,0,,Flat,,,,,,Bright sun,1191400,0,0,0,2,,,0,,,,,,Bay of Plenty Region,Nil,2-way,Sealed,,0,0,,100,,Off,0,0,,22,Western Bay of Plenty District,Stop,,,,,0,0,Open,0,,,Fine,Null
1768956,5911193,15508,,523112,0,0,0,1,0,Null,2009/2010,HARRIS ROAD,CRYERS ROAD,,Non-Injury Crash,No,2009,0,North,0,0,0,Flat,0,,0,,0,Overcast,711404,0,0,0,4,0,0,0,0,0,,0,0,Auckland Region,Nil,2-way,Sealed,0,0,0,0,60,0,Off,0,0,,76,Auckland,Give way,0,0,0,0,2,0,Urban,0,1,0,Fine,Null
1748965,5424950,15509,,576400,0,0,0,2,0,South,2008/2009,RIDDIFORD ST,WILSON ST,,Non-Injury Crash,No,2009,0,North,0,0,0,Flat,0,,0,,0,Bright sun,2167300,0,0,0,2,0,0,0,0,0,,0,0,Wellington Region,Nil,2-way,Sealed,0,0,0,0,50,0,Null,0,0,,47,Wellington City,Nil,0,0,0,0,0,0,Urban,0,1,0,Fine,Null
1769785,5912934,15510,,522722,0,,0,2,,Null,2009/2010,CASCADES ROAD,LOCHEND PLACE,,Non-Injury Crash,No,2009,,East,,0,,Flat,,,,,,Overcast,681334,0,0,0,2,,,0,,,,,,Auckland Region,Nil,2-way,Sealed,,0,0,,50,,Off,0,0,,76,Auckland,Nil,,,,,0,0,Urban,0,,,Light rain,Null
1761472,5916865,15511,,516202,0,,0,2,,Null,2009/2010,REMUERA ROAD,UPLAND ROAD,,Non-Injury Crash,No,2009,,South,,0,,Flat,,,,,,Bright sun,489900,0,0,0,5,,,0,,,,,,Auckland Region,Nil,2-way,Sealed,,0,0,,50,,Off,0,0,,76,Auckland,Traffic Signals,,,,,0,0,Urban,0,,,Fine,Null
1749013,5427391,15512,,573101,0,0,0,1,0,Null,2008/2009,TARANAKI ST,WAKEFIELD ST,,Non-Injury Crash,No,2009,0,West,0,0,0,Flat,0,,0,,0,Dark,2133200,0,0,0,5,0,0,0,0,0,,0,0,Wellington Region,Nil,1-way,Sealed,0,0,0,0,50,0,On,0,0,,47,Wellington City,Traffic Signals,0,1,0,0,0,0,Urban,0,0,0,Fine,Null
1843308,5784659,15513,,535600,0,,0,2,,Null,2009/2010,RESERVOIR ST,BENT ST,,Non-Injury Crash,No,2009,,South,,0,,Flat,,,,,,Bright sun,1130700,0,0,0,2,,,0,,,,,,Waikato Region,Nil,2-way,Sealed,,0,0,,50,,Off,0,0,,19,South Waikato District,Nil,,,,,0,0,Urban,0,,,Fine,Null
1793993,5498723,15514,,564232,0,,0,2,,North,2008/2009,PERTH ST,STRATHMORE AVENUE,,Non-Injury Crash,No,2009,,North,,0,,Flat,,,,,,Bright sun,1873004,0,0,0,2,,,0,,,,,,Manawatū-Whanganui Region,Nil,2-way,Sealed,,0,0,,50,,Null,0,0,,42,Horowhenua District,Nil,,,,,0,0,Urban,0,,,Fine,Null
1873586,5823475,15515,,536514,0,0,0,1,0,Null,2008/2009,SH 2,CARMICHAEL,,Non-Injury Crash,Yes,2009,0,West,0,0,1,Flat,0,,0,,0,Dark,1190100,0,0,0,2,0,1,0,0,0,,0,0,Bay of Plenty Region,Nil,2-way,Sealed,0,0,0,0,50,0,On,0,0,,23,Tauranga City,Give way,0,0,0,0,0,0,Urban,0,0,0,Fine,Null
1936037,5620038,15516,,546600,0,,0,2,,Null,2008/2009,LATHAM ST,DOUGLAS MCLEAN AVENUE,,Non-Injury Crash,No,2009,,West,,0,,Flat,,,,,,Dark,1435200,0,0,0,2,,,0,,,,,,Hawke's Bay Region,Nil,2-way,Sealed,,0,0,,50,,On,0,0,,31,Napier City,Give way,,,,,0,0,Urban,0,,,Fine,Null
1767223,5443114,15517,,569600,0,,0,2,,Null,2009/2010,SH 2,WESTERN HUTT OFF NBD,,Non-Injury Crash,Yes,2009,,East,,0,,Flat,,,,,,Dark,1916500,0,0,0,4,,,0,,,,,,Wellington Region,Nil,2-way,Sealed,,0,0,,100,,On,0,0,,46,Lower Hutt City,Traffic Signals,,,,,0,0,Open,0,,,Fine,Null
1720238,6048300,15518,35,502700,0,0,0,1,0,East,2009/2010,WHAREORA ROAD,MILL ROAD,,Non-Injury Crash,No,2009,0,West,0,0,0,Hill Road,0,,0,,0,Bright sun,91900,0,0,0,2,0,0,0,1,0,,0,0,Northland Region,Nil,2-way,Sealed,0,0,0,0,100,0,Null,0,0,,2,Whangarei District,Unknown,0,0,0,1,0,0,Open,0,0,0,Fine,Null
1691053,5673800,15519,,551600,0,0,0,1,0,North,2009/2010,OMATA ROAD,TUKAPA ST,,Non-Injury Crash,No,2009,0,North,0,0,0,Flat,0,,0,,0,Dark,1577200,0,0,0,2,0,0,0,0,0,,0,1,Taranaki Region,Nil,2-way,Sealed,0,0,0,0,50,0,On,0,0,,33,New Plymouth District,Nil,0,1,0,0,0,0,Urban,0,0,0,Light rain,Null
1792102,5505977,15520,,564021,0,0,0,0,0,South,2008/2009,SH 1N,WAITARERE BEACH ROAD,,Non-Injury Crash,Yes,2009,0,North,0,0,1,Flat,0,,0,,0,Dark,1854901,0,0,0,2,0,0,0,0,0,,0,0,Manawatū-Whanganui Region,Nil,2-way,Sealed,0,0,0,0,100,0,None,1,0,,42,Horowhenua District,Nil,0,0,0,0,0,0,Open,0,0,0,Light rain,Null
1827818,5880992,15521,,533603,0,,0,5,,South,2009/2010,KOPU ROAD,PRINCE ST,,Non-Injury Crash,No,2009,,South,,0,,Flat,,Christmas New Year,,,,Bright sun,1057502,0,0,0,2,,,0,,,,,,Waikato Region,Nil,2-way,Sealed,,0,0,,70,,Off,0,0,,11,Thames-Coromandel District,Nil,,,,,0,0,Urban,0,,,Fine,Null
1718482,6045012,15522,,502900,0,,0,1,,Null,2009/2010,MAUNU ROAD,NORTH ST,,Non-Injury Crash,No,2009,,West,,0,,Flat,,,,,,Bright sun,103500,0,0,0,3,,,0,,,,,,Northland Region,Nil,2-way,Sealed,,0,0,,50,,Off,1,0,,2,Whangarei District,Nil,,,,,0,0,Urban,0,,,Fine,Null
1745374,5916992,15523,,510800,0,,0,2,,Null,2009/2010,RAILSIDE AVENUE,EDSEL ST,,Non-Injury Crash,No,2009,,North,,0,,Flat,,,,,,Overcast,242900,0,0,0,3,,,0,,,,,,Auckland Region,Nil,2-way,Sealed,,0,0,,50,,Off,0,0,,76,Auckland,Traffic Signals,,,,,0,0,Urban,0,,,Fine,Null
1578272,5181527,15524,,595800,0,,0,2,,Null,2008/2009,UNION ST,JERVOIS ST,,Minor Crash,No,2009,,South,,0,,Flat,,,,,,Bright sun,2557700,1,0,0,2,,,0,,,,,,Canterbury Region,Nil,2-way,Sealed,,0,0,,50,,Null,0,0,,60,Christchurch City,Give way,,,,,0,0,Urban,0,,,Fine,Null
1752848,5425570,15525,,577301,0,,0,2,,Null,2008/2009,DARLINGTON ROAD,CAMPERDOWN ROAD,,Non-Injury Crash,No,2009,,East,,0,,Flat,,,,,,Dark,2203800,0,0,0,3,,,0,,,,,,Wellington Region,Nil,2-way,Sealed,,0,0,,50,,On,0,0,,47,Wellington City,Give way,,,,,0,0,Urban,0,,,Fine,Null
1934393,5619492,15526,,546500,0,0,0,1,0,North,2009/2010,KENNEDY ROAD,MAADI ROAD,,Non-Injury Crash,No,2009,0,South,0,0,1,Flat,0,Christmas New Year,0,,0,Bright sun,1439600,0,0,0,2,0,0,0,0,0,,1,0,Hawke's Bay Region,Nil,2-way,Sealed,0,0,0,0,50,0,Null,0,0,,31,Napier City,Nil,0,0,0,1,0,0,Urban,0,0,0,Fine,Null
1757213,5434774,15527,,569900,0,,0,1,,Null,2009/2010,FITZHERBERT ST,CAMPBELL TERRACE,,Non-Injury Crash,No,2009,,South,,0,,Flat,,,,,,Bright sun,2033100,0,0,0,2,,,0,,,,,,Wellington Region,Nil,2-way,Sealed,,0,0,,50,,Null,0,0,,46,Lower Hutt City,Stop,,,,,1,0,Urban,0,,,Fine,Null
1765127,5910310,15528,,521803,0,0,0,2,0,North,2009/2010,FRANK GREY PLACE,PRINCES ST,,Non-Injury Crash,No,2009,0,South,0,0,0,Flat,0,,0,,0,Overcast,790000,0,0,0,2,0,0,0,0,1,,0,0,Auckland Region,Nil,2-way,Sealed,0,0,0,0,50,0,Off,0,0,,76,Auckland,Nil,0,0,0,0,0,0,Urban,0,0,0,Fine,Null
1793987,5501173,15529,,564240,0,,0,2,,South,2008/2009,CAMBRIDGE ST,TYNE ST,,Non-Injury Crash,No,2009,,North,,0,,Flat,,,,,,Overcast,1865200,0,0,0,2,,,0,,,,,,Manawatū-Whanganui Region,Nil,2-way,Sealed,,0,0,,50,,Null,0,0,,42,Horowhenua District,Give way,,,,,0,0,Urban,0,,,Fine,Null
1790635,5784415,15530,,531301,0,1,0,1,0,East,2009/2010,SH 39,PARIHORO ROAD,,Non-Injury Crash,Yes,2009,0,East,0,0,0,Flat,0,,0,,0,Bright sun,994300,0,0,0,2,0,0,0,0,0,,0,0,Waikato Region,Bridge,2-way,Sealed,0,0,0,0,100,0,None,0,0,,18,Ōtorohanga District,Nil,0,0,0,0,0,0,Open,0,0,0,Fine,Null
1792617,5876163,15531,,521135,0,0,0,2,0,North,2009/2010,SH 2,WYATT ROAD,,Non-Injury Crash,Yes,2009,1,South,0,0,0,Flat,0,,0,,0,Overcast,843500,0,0,0,2,0,0,0,0,0,,0,0,Waikato Region,Nil,2-way,Unsealed,0,0,0,0,100,0,Null,0,0,,13,Waikato District,Unknown,0,0,0,0,0,0,Open,0,0,0,Fine,Null
1929734,5605028,15532,,548200,0,0,0,3,0,West,2008/2009,HERETAUNGA ST WEST,MARKET ST NORTH,,Non-Injury Crash,No,2009,0,West,0,0,0,Flat,0,,0,,0,Bright sun,1491200,0,0,0,2,0,0,0,0,1,,0,0,Hawke's Bay Region,Nil,2-way,Sealed,0,0,0,0,50,0,Null,0,0,,30,Hastings District,Nil,0,0,0,0,0,0,Urban,0,0,0,Fine,Null
1762073,5914590,15533,,520202,0,,0,1,,South,2009/2010,EAGLEHURST ROAD,RANIER ST,,Non-Injury Crash,No,2009,,South,,0,,Flat,,,,,,Overcast,610700,0,0,0,2,,,0,,,,,,Auckland Region,Nil,2-way,Sealed,,0,0,,50,,Off,0,0,,76,Auckland,Nil,,,,,0,0,Urban,0,,,Light rain,Null
1757906,5445755,15534,,571400,0,0,0,2,0,North,2008/2009,WARSPITE AVENUE,PENGUIN GROVE,,Non-Injury Crash,No,2009,0,South,0,0,0,Flat,0,,0,,0,Overcast,2058400,0,0,0,2,0,0,0,0,1,,0,0,Wellington Region,Nil,2-way,Sealed,0,0,0,0,50,0,Null,0,0,,44,Porirua City,Nil,0,0,0,0,0,0,Urban,0,0,0,Fine,Null
1756332,5920343,15535,,514000,0,,0,2,,North,2009/2010,SH 1N,WELLINGTON ON NBD,,Non-Injury Crash,Yes,2009,,North,,0,,Null,,,,,,Overcast,416800,0,0,0,1,,,0,,,,,,Auckland Region,Motorway ramp,1-way,Sealed,,0,0,,50,,Off,0,0,,76,Auckland,Traffic Signals,,,,,0,0,Urban,0,,,Light rain,Null
1572933,5182719,15536,,592811,0,,0,1,,Null,2009/2010,NEW BRIGHTON ROAD,GOLF LINKS ROAD,,Non-Injury Crash,No,2009,,East,,0,,Flat,,,,,,Overcast,2601600,0,0,0,2,,,0,,,,,,Canterbury Region,Nil,2-way,Sealed,,0,0,,50,,Null,0,0,,60,Christchurch City,Traffic Signals,,,,,0,0,Urban,1,,,Fine,Null
1763135,5436591,15537,,568303,0,,0,2,,North,2008/2009,WADDINGTON DRIVE,BURKE GROVE,,Non-Injury Crash,No,2009,,West,,0,,Flat,,,,,,Dark,1957100,0,0,0,2,,,0,,,,,,Wellington Region,Nil,2-way,Sealed,,0,0,,50,,On,0,0,,46,Lower Hutt City,Nil,,,,,0,0,Urban,0,,,Fine,Null
1743533,5433810,15538,,577700,0,,0,0,,North,2009/2010,MAKARA ROAD,TAKARAU GORGE ROAD,,Non-Injury Crash,No,2009,,South,,0,,Flat,,,,,,Bright sun,2116600,0,0,0,2,,,0,,,,,,Wellington Region,Nil,2-way,Sealed,,0,0,,50,,Null,0,0,,47,Wellington City,Nil,,,,,1,0,Urban,1,,,Fine,Null
1896830,5812239,15539,,536653,0,,0,2,,Null,2009/2010,TE PUKE HIGHWAY,PAH ROAD,,Non-Injury Crash,No,2009,,East,,0,,Flat,,,,,,Bright sun,1210300,0,0,0,2,,,0,,,,,,Bay of Plenty Region,Nil,2-way,Sealed,,0,0,,100,,Null,0,0,,22,Western Bay of Plenty District,Stop,,,,,0,0,Open,0,,,Fine,Null
1748819,5428688,15540,,572900,0,,2,0,,Null,2008/2009,LAMBTON QUAY,WHITMORE ST,,Non-Injury Crash,No,2009,,North,,0,,Flat,,,,,,Overcast,2122400,0,0,0,2,,,0,,,,,,Wellington Region,Nil,2-way,Sealed,,0,0,,30,,Null,0,0,,47,Wellington City,Traffic Signals,,,,,0,0,Urban,0,,,Fine,Null
1766163,5908216,15541,,523402,0,,0,2,,Null,2009/2010,BAIRDS ROAD,GILBERT ROAD,,Non-Injury Crash,No,2009,,West,,0,,Flat,,,,,,Bright sun,698100,0,0,0,2,,,0,,,,,,Auckland Region,Nil,2-way,Sealed,,0,0,,50,,Off,0,0,,76,Auckland,Give way,,,,,0,0,Urban,0,,,Fine,Null
1759602,5431934,15542,,568800,0,,0,2,,East,2008/2009,PORT ROAD,SEAVIEW ROAD,,Non-Injury Crash,No,2009,,East,,0,,Flat,,,,,,Bright sun,1980300,0,0,0,2,,,0,,,,,,Wellington Region,Nil,2-way,Sealed,,0,0,,50,,Null,0,0,,46,Lower Hutt City,Nil,,,,,0,0,Urban,0,,,Fine,Null
1753213,5914637,15543,,514500,0,,0,2,,South,2009/2010,RICHARDSON ROAD,VALONIA ST,,Non-Injury Crash,No,2009,,South,,0,,Hill Road,,,,,,Bright sun,377401,0,0,0,2,,,0,,,,,,Auckland Region,Nil,2-way,Sealed,,0,0,,50,,Off,0,0,,76,Auckland,Nil,,,,,0,0,Urban,0,,,Fine,Null
1746871,5427735,15544,,575000,0,,0,0,,South,2008/2009,WAIAPU ROAD,CHAYTOR ST,,Non-Injury Crash,No,2009,,North,,0,,Flat,,,,,,Bright sun,2111401,0,0,0,2,,,0,,,,,,Wellington Region,Nil,2-way,Sealed,,0,0,,50,,Null,1,0,,47,Wellington City,Nil,,,,,1,0,Urban,0,,,Fine,Null