X,Y,OBJECTID,advisorySpeed,areaUnitID,bicycle,bridge,bus,carStationWagon,cliffBank,crashDirectionDescription,crashFinancialYear,crashLocation1,crashLocation2,crashRoadSideRoad,crashSeverity,crashSHDescription,crashYear,debris,directionRoleDescription,ditch,fatalCount,fence,flatHill,guardRail,holiday,houseOrBuilding,intersection,kerb,light,meshblockId,minorInjuryCount,moped,motorcycle,NumberOfLanes,objectThrownOrDropped,otherObject,otherVehicleType,overBank,parkedVehicle,pedestrian,phoneBoxEtc,postOrPole,region,roadCharacter,roadLane,roadSurface,roadworks,schoolBus,seriousInjuryCount,slipOrFlood,speedLimit,strayAnimal,streetLight,suv,taxi,temporarySpeedLimit,tlaId,tlaName,trafficControl,trafficIsland,trafficSign,train,tree,truck,unknownVehicleType,urban,vanOrUtility,vehicle,waterRiver,weatherA,weatherB
1823495,5542574,15545,,560422,0,,0,0,,South,2008/2009,TAONUI ROAD,COLYTON ROAD,,Non-Injury Crash,No,2009,,South,,0,,Flat,,,,,,Bright sun,1759700,0,0,0,2,,,0,,,,,,Manawatū-Whanganui Region,Nil,2-way,Sealed,,0,0,,100,,Null,1,0,,39,Manawatu District,Nil,,,,,0,0,Open,0,,,Fine,Strong wind
1788124,5446272,15546,,579803,0,0,0,1,1,East,2008/2009,SH 2,RIMUTAKA SUM,,Non-Injury Crash,Yes,2009,0,South,0,0,0,Hill Road,0,,0,,0,Dark,2272601,0,0,0,2,0,0,0,0,0,,0,0,Wellington Region,Nil,2-way,Sealed,0,0,0,0,100,0,None,0,0,,50,South Wairarapa District,Nil,0,0,0,0,0,0,Open,0,0,0,Heavy rain,Strong wind
2037734,5707874,15547,,544801,0,,0,2,,Null,2008/2009,SH 35,ESPLANADE,,Non-Injury Crash,Yes,2009,,West,,0,,Flat,,,,,,Bright sun,1387500,0,0,0,2,,,0,,,,,,Gisborne Region,Nil,2-way,Sealed,,0,0,,50,,Null,0,0,,28,Gisborne District,Stop,,,,,0,0,Urban,2,,,Fine,Null
1774732,5446360,15548,,566800,0,,0,2,,West,2008/2009,SH 2,TOTARA PARK ROAD,,Non-Injury Crash,Yes,2009,,East,,0,,Flat,,,,,,Overcast,1910200,0,0,0,2,,,0,,,,,,Wellington Region,Nil,2-way,Sealed,,0,0,,100,,Null,0,0,,45,Upper Hutt City,Traffic Signals,,,,,0,0,Open,0,,,Fine,Null
1917995,5592769,15549,,545851,0,0,0,0,0,North,2008/2009,SH 2,BURMA ROAD,,Non-Injury Crash,Yes,2009,0,South,1,0,0,Flat,0,,0,,0,Dark,1464200,0,0,0,2,0,0,0,0,0,,0,0,Hawke's Bay Region,Nil,2-way,Sealed,0,0,0,0,100,0,None,1,0,,30,Hastings District,Nil,0,0,0,0,0,0,Open,0,0,0,Fine,Null
1756136,5924527,15550,,509702,0,,0,2,,Null,2009/2010,ONEWA ROAD,SYLVAN AVENUE,,Non-Injury Crash,No,2009,,East,,0,,Hill Road,,,,,,Bright sun,366700,0,0,0,2,,,0,,,,,,Auckland Region,Nil,2-way,Sealed,,0,0,,50,,Null,1,0,,76,Auckland,Traffic Signals,,,,,0,0,Urban,0,,,Fine,Null
1751695,5431955,15551,,574303,0,,0,2,,South,2009/2010,SH 1N,SH 2,,Non-Injury Crash,Yes,2009,,North,,0,,Flat,,,,,,Overcast,2090402,0,0,0,2,,,0,,,,,,Wellington Region,Nil,2-way,Sealed,,0,0,,100,,Null,0,0,,47,Wellington City,Nil,,,,,0,0,Open,0,,,Fine,Null
1754331,5920564,15552,,515201,0,0,0,1,0,East,2009/2010,JERVOIS ROAD,WEST END ROAD,,Non-Injury Crash,No,2009,0,East,0,0,1,Flat,0,,0,,0,Dark,422100,0,0,0,2,0,0,0,0,0,,0,0,Auckland Region,Nil,2-way,Sealed,0,0,0,0,50,0,On,0,0,,76,Auckland,Unknown,0,0,0,0,0,0,Urban,0,0,0,Light rain,Null
1775579,5579168,15553,,557700,0,,0,2,,North,2008/2009,SH 4,JONES ST,,Non-Injury Crash,Yes,2009,,North,,0,,Flat,,,,,,Overcast,1692500,0,0,0,2,,,0,,,,,,Manawatū-Whanganui Region,Nil,2-way,Sealed,,0,0,,50,,Null,0,0,,37,Whanganui District,Nil,,,,,0,0,Urban,0,,,Fine,Null
1748889,5428972,15554,,572900,0,0,0,1,0,Null,2008/2009,AITKEN ST,MOLESWORTH ST,,Non-Injury Crash,No,2009,0,West,0,0,0,Flat,0,,0,,0,Overcast,2121400,0,0,0,2,0,0,0,0,0,,0,0,Wellington Region,Nil,2-way,Sealed,0,0,0,0,50,0,Null,0,0,,47,Wellington City,Traffic Signals,0,1,0,0,0,0,Urban,0,0,0,Fine,Null
1753552,5932450,15555,,508807,0,0,0,0,0,South,2008/2009,SH 1N,GREVILLE OBR,,Non-Injury Crash,Yes,2009,0,North,0,0,0,Flat,1,,0,,0,Bright sun,180811,0,0,0,2,0,0,0,0,0,,0,0,Auckland Region,Nil,2-way,Sealed,0,0,0,0,100,0,Off,0,0,,76,Auckland,Nil,0,0,0,0,0,0,Open,1,0,0,Fine,Null
1758213,5913424,15556,,518600,0,,0,2,,Null,2009/2010,MANUKAU ROAD,MOUNT ALBERT ROAD,,Non-Injury Crash,No,2009,,North,,0,,Flat,,,,,,Twilight,567300,0,0,0,2,,,0,,,,,,Auckland Region,Nil,2-way,Sealed,,0,0,,50,,Off,0,0,,76,Auckland,Give way,,,,,0,0,Urban,0,,,Fine,Null
1754928,5913418,15557,,518803,0,,0,2,,North,2008/2009,DOMINION ROAD,YOUTH ST,,Non-Injury Crash,No,2009,,North,,0,,Flat,,,,,,Dark,582100,0,0,0,3,,,0,,,,,,Auckland Region,Nil,2-way,Sealed,,0,0,,50,,Off,0,0,,76,Auckland,Nil,,,,,0,0,Urban,0,,,Fine,Null
1689376,6040908,15558,,504502,0,,0,0,,North,2009/2010,HOUTO ROAD,KIRIKOPUNI VALLEY ROAD,,Non-Injury Crash,No,2009,,South,,0,,Hill Road,,,,,,Overcast,120700,0,0,0,2,,,0,,,,,,Northland Region,Nil,2-way,Unsealed,,0,0,,100,,None,1,0,,3,Kaipara District,Nil,,,,,1,0,Open,0,,,Fine,Null
1703049,5665435,15559,,552800,0,,0,2,,Null,2009/2010,SH 3,NGAHERE ST,,Non-Injury Crash,Yes,2009,,East,,0,,Flat,,,,,,Bright sun,1605700,0,0,0,2,,,0,,,,,,Taranaki Region,Nil,2-way,Sealed,,0,0,,50,,Null,0,0,,33,New Plymouth District,Give way,,,,,0,0,Urban,0,,,Fine,Null
1745944,5920011,15560,,513301,0,0,0,2,0,West,2009/2010,PARAMOUNT DRIVE,CENTRAL PARK DRIVE,,Non-Injury Crash,No,2009,0,East,0,0,0,Flat,0,,0,,0,Overcast,230401,0,0,0,2,0,0,0,0,1,,0,0,Auckland Region,Nil,2-way,Sealed,0,0,0,0,50,0,Off,0,0,,76,Auckland,Nil,0,0,0,0,0,0,Urban,1,0,0,Fine,Null
1769684,5883693,15561,,521122,0,0,0,1,0,North,2009/2010,CAPE HILL ROAD,VALLEY ROAD,,Non-Injury Crash,No,2009,0,South,0,0,1,Hill Road,0,,0,,0,Overcast,813400,0,0,0,2,0,0,0,0,0,,0,0,Auckland Region,Nil,2-way,Sealed,0,0,0,0,100,0,None,0,0,,76,Auckland,Nil,0,0,0,0,0,0,Open,0,0,0,Fine,Null
2037445,5708155,15562,,544600,0,,0,0,,North,2008/2009,GLADSTONE ROAD,LOWE ST,,Non-Injury Crash,No,2009,,South,,0,,Flat,,,,,,Bright sun,1371400,0,0,0,2,,,0,,,,,,Gisborne Region,Nil,2-way,Sealed,,0,0,,50,,Null,1,0,,28,Gisborne District,Nil,,,,,0,0,Urban,1,,,Fine,Null
1840900,5518033,15563,,578000,0,,0,1,,Null,2009/2010,SH 2,PRINCESS ST,,Non-Injury Crash,Yes,2009,,South,,0,,Flat,,,,,,Overcast,2218000,0,0,0,2,,,0,,,,,,Manawatū-Whanganui Region,Nil,2-way,Sealed,,0,0,,50,,Null,0,0,,41,Tararua District,Give way,,,,,1,0,Urban,0,,,Light rain,Null
1792103,5498983,15564,,564232,0,,0,1,,Null,2008/2009,TARARUA ROAD,CAMBRIDGE ST SOUTH,,Non-Injury Crash,No,2009,,West,,0,,Flat,,,,,,Bright sun,1873100,0,0,0,2,,,0,,,,,,Manawatū-Whanganui Region,Nil,2-way,Sealed,,0,0,,70,,Null,0,0,,42,Horowhenua District,Nil,,,,,0,0,Urban,0,,,Fine,Null
1680061,5404411,15565,,581230,0,,0,0,,Null,2008/2009,SH 1S,DILLONS POINT ROAD,,Non-Injury Crash,Yes,2009,,South,,0,,Flat,,,,,,Bright sun,2294900,0,0,0,2,,,0,,,,,,Marlborough Region,Nil,2-way,Sealed,,0,0,,50,,Null,1,0,,53,Marlborough District,Give way,,,,,1,0,Urban,0,,,Fine,Null
1620903,5430031,15566,,583100,0,0,0,1,0,South,2009/2010,SH 6,BISLEY AVENUE,,Non-Injury Crash,Yes,2009,0,North,0,0,0,Flat,0,,0,,0,Bright sun,2334500,0,0,0,2,0,0,0,0,1,,0,0,Nelson Region,Nil,2-way,Sealed,0,0,0,0,50,0,Null,0,0,,52,Nelson City,Nil,0,0,0,0,0,0,Urban,1,0,0,Fine,Null
1882641,5776230,15567,,539200,0,0,0,1,0,East,2009/2010,OLD QUARRY ROAD,KOKAKO ST,,Non-Injury Crash,No,2009,0,East,0,0,1,Flat,0,,0,,0,Overcast,1221100,0,0,0,1,0,0,0,0,0,,0,0,Bay of Plenty Region,Nil,2-way,Sealed,0,0,0,0,50,0,Null,1,0,,24,Rotorua District,Unknown,0,0,0,0,0,0,Urban,0,0,0,Fine,Null
1567037,5491378,15568,,581601,0,0,0,0,0,West,2009/2010,COLLINGWOOD-BAINHAM MAIN ,PAH ROAD SOUTH,,Non-Injury Crash,No,2009,0,South,0,0,0,Hill Road,0,,0,,0,Overcast,2349000,0,0,0,2,0,0,0,0,0,,0,0,Tasman Region,Bridge,2-way,Sealed,0,0,0,1,100,0,Null,1,0,,51,Tasman District,Nil,0,0,0,0,0,0,Open,0,0,0,Light rain,Null
1762830,5912346,15569,,520500,0,,0,0,,North,2009/2010,GREAT SOUTH ROAD,SOUTHDOWN LANE,,Non-Injury Crash,No,2009,,North,,0,,Flat,,,,,,Bright sun,637300,0,0,0,4,,,0,,,,,,Auckland Region,Nil,2-way,Sealed,,0,0,,50,,Off,0,0,,76,Auckland,Nil,,,,,0,0,Urban,2,,,Fine,Null
1821673,5529661,15570,,562800,0,0,0,2,0,East,2009/2010,KING ST,RANGITIKEI ST,,Non-Injury Crash,No,2009,0,West,0,0,0,Flat,0,,0,,0,Dark,1831200,0,0,0,2,0,0,0,0,1,,0,0,Manawatū-Whanganui Region,Nil,2-way,Sealed,0,0,0,0,50,0,On,0,0,,40,Palmerston North City,Nil,0,0,0,0,0,0,Urban,0,0,0,Fine,Null
1587997,5264985,15571,,585504,0,0,0,1,0,North,2008/2009,SH 7,ST LEONARDS ROAD,,Non-Injury Crash,Yes,2009,0,South,0,0,1,Flat,0,,0,,0,Dark,2429500,0,0,0,2,0,0,0,0,0,,0,0,Canterbury Region,Nil,2-way,Sealed,0,0,0,0,100,0,On,0,0,,58,Hurunui District,Unknown,0,1,0,1,0,0,Open,0,0,0,Fine,Null
1760432,5434730,15572,,568701,0,0,0,1,0,Null,2009/2010,RODNEY ST,WAIWHETU ROAD,,Non-Injury Crash,No,2009,0,South,0,0,0,Flat,0,,1,,0,Dark,1977000,0,0,0,2,0,0,0,0,0,,0,0,Wellington Region,Nil,2-way,Sealed,0,0,0,0,50,0,On,0,0,,46,Lower Hutt City,Nil,0,0,0,0,0,0,Urban,0,0,0,Fine,Null
1747783,5426342,15573,,573200,0,,0,2,,Null,2009/2010,OHIRO ROAD,TANERA CRESCENT,,Non-Injury Crash,No,2009,,North,,0,,Hill Road,,,,,,Dark,2158700,0,0,0,2,,,0,,,,,,Wellington Region,Nil,2-way,Sealed,,0,0,,50,,On,0,0,,47,Wellington City,Nil,,,,,0,0,Urban,0,,,Fine,Null
1747372,5427960,15574,,575300,0,,1,1,,North,2008/2009,UPLAND ROAD,BOUNDARY ROAD,,Non-Injury Crash,No,2009,,East,,0,,Flat,,,,,,Overcast,2152800,0,0,0,2,,,0,,,,,,Wellington Region,Nil,2-way,Sealed,,0,0,,50,,Null,0,0,,47,Wellington City,Nil,,,,,0,0,Urban,0,,,Light rain,Null
1760525,5436440,15575,,569100,0,,0,2,,Null,2009/2010,KINGS CRESCENT,PRETORIA ST,,Non-Injury Crash,No,2009,,South,,0,,Flat,,,,,,Bright sun,1969300,0,0,0,2,,,0,,,,,,Wellington Region,Nil,2-way,Sealed,,0,0,,50,,Null,0,0,,46,Lower Hutt City,Stop,,,,,0,0,Urban,0,,,Fine,Null
1767868,5906625,15576,,523711,0,,0,2,,South,2009/2010,PRESTON ROAD,KUDU ROAD,,Non-Injury Crash,No,2009,,North,,0,,Flat,,,,,,Bright sun,714400,0,0,0,2,,,0,,,,,,Auckland Region,Nil,2-way,Sealed,,0,0,,50,,Null,0,0,,76,Auckland,Unknown,,,,,0,0,Urban,0,,,Fine,Null
1753482,5932849,15577,,508804,0,,0,2,,Null,2009/2010,SH 1N,ROSEDALE ROAD,,Non-Injury Crash,Yes,2009,,South,,0,,Flat,,,,,,Overcast,180701,0,0,0,2,,,0,,,,,,Auckland Region,Bridge,1-way,Sealed,,0,0,,100,,Off,0,0,,76,Auckland,Nil,,,,,0,0,Open,0,,,Light rain,Null
1681745,6097279,15578,,501633,0,,0,1,,West,2009/2010,WIROA ROAD,WAIMATE NORTH ROAD,,Non-Injury Crash,No,2009,,East,,0,,Flat,,,,,,Dark,34101,0,0,0,2,,,0,,,,,,Northland Region,Nil,2-way,Sealed,,0,0,,100,,None,0,0,,1,Far North District,Nil,,,,,0,0,Open,0,,,Fine,Null
1789330,5755034,15579,,532000,0,,0,1,,East,2009/2010,KING ST,TAUPIRI ST,,Non-Injury Crash,No,2009,,West,,0,,Flat,,,,,,Overcast,1006600,0,0,0,2,,,0,,,,,,Waikato Region,Bridge,2-way,Sealed,,0,0,,50,,Null,0,0,,20,Waitomo District,Unknown,,,,,0,0,Urban,0,,,Light rain,Null
1759807,5436941,15580,,569401,0,,0,2,,Null,2009/2010,SH 2,MELLING LINK,,Non-Injury Crash,Yes,2009,,South,,0,,Flat,,,,,,Bright sun,1920100,0,0,0,6,,,0,,,,,,Wellington Region,Nil,2-way,Sealed,,0,0,,100,,Null,0,0,,46,Lower Hutt City,Traffic Signals,,,,,0,0,Open,0,,,Fine,Null
1776422,5449526,15581,,566610,0,0,0,1,1,North,2009/2010,AKATARAWA ROAD,GILLESPIES ROAD,,Non-Injury Crash,No,2009,0,East,0,0,0,Hill Road,0,,0,,0,Overcast,1912303,0,0,0,2,0,0,0,0,0,,0,0,Wellington Region,Nil,2-way,Sealed,0,0,0,0,70,0,Null,0,0,,45,Upper Hutt City,Nil,0,0,0,0,0,0,Urban,0,0,0,Fine,Null
1604110,5416338,15582,,581823,0,0,0,1,0,East,2009/2010,SH 6,ARROW ST,,Non-Injury Crash,Yes,2009,0,East,0,0,0,Flat,0,,0,,0,Overcast,2354301,0,0,0,2,0,1,0,0,0,,0,0,Tasman Region,Nil,2-way,Sealed,0,0,0,0,50,0,Null,0,0,,51,Tasman District,Nil,0,1,0,0,0,0,Urban,0,0,0,Heavy rain,Null
1932997,5601844,15583,,548831,0,,0,2,,Null,2008/2009,TE MATA ROAD,KARANEMA DRIVE,,Non-Injury Crash,No,2009,,North,,0,,Flat,,,,,,Overcast,1509700,0,0,0,2,,,0,,,,,,Hawke's Bay Region,Nil,2-way,Sealed,,0,0,,50,,Null,0,0,,30,Hastings District,Give way,,,,,0,0,Urban,0,,,Light rain,Null
1934156,5620920,15584,,546400,0,,0,0,,Null,2008/2009,PREBENSEN DRIVE,SEVERN ST,,Non-Injury Crash,No,2009,,East,,0,,Flat,,,,,,Bright sun,1426500,0,0,0,2,,,0,,,,,,Hawke's Bay Region,Nil,2-way,Sealed,,0,0,,50,,Null,0,0,,31,Napier City,Give way,,,,,1,0,Urban,0,,,Fine,Null
1693214,5675015,15585,,552500,0,0,0,2,0,East,2008/2009,HOLSWORTHY ROAD,NORMAN ST,,Non-Injury Crash,No,2009,0,West,0,0,0,Flat,0,,0,,0,Overcast,1570000,0,0,0,2,0,0,0,0,1,,0,0,Taranaki Region,Nil,2-way,Sealed,0,0,0,0,50,0,Null,0,0,,33,New Plymouth District,Nil,0,0,0,0,0,0,Urban,0,0,0,Fine,Null
1625694,5433161,15586,,582100,0,,0,2,,South,2008/2009,SH 6,MALVERN AVENUE,,Non-Injury Crash,Yes,2009,,South,,0,,Flat,,Queens Birthday,,,,Bright sun,2316803,0,0,0,2,,,0,,,,,,Nelson Region,Nil,2-way,Sealed,,0,0,,100,,Null,0,0,,52,Nelson City,Nil,,,,,0,0,Open,0,,,Fine,Null
1748371,5427107,15587,,573000,0,,0,1,,Null,2009/2010,WILLIS ST,SH 1N VIVIAN,,Non-Injury Crash,Yes,2009,,North,,0,,Flat,,,,,,Overcast,2129700,0,0,0,3,,,0,,,,,,Wellington Region,Nil,1-way,Sealed,,0,0,,50,,Null,1,0,,47,Wellington City,Traffic Signals,,,,,0,0,Urban,0,,,Light rain,Null
2037098,5708508,15588,,544600,1,,0,1,,Null,2008/2009,GLADSTONE ROAD,DERBY ST,,Non-Injury Crash,No,2009,,North,,0,,Flat,,,,,,Bright sun,1372800,0,0,0,2,,,0,,,,,,Gisborne Region,Nil,2-way,Sealed,,0,0,,50,,Null,0,0,,28,Gisborne District,Give way,,,,,0,0,Urban,0,,,Fine,Null
1806496,5516203,15589,,563802,0,0,0,0,0,North,2008/2009,SH 56,WILSONS ROAD,,Non-Injury Crash,Yes,2009,0,North,1,0,0,Flat,0,,0,,0,Dark,1852600,0,0,0,2,0,0,0,0,0,,0,0,Manawatū-Whanganui Region,Nil,2-way,Sealed,0,0,0,0,100,0,None,0,0,,42,Horowhenua District,Nil,0,0,0,0,0,0,Open,1,0,0,Fine,Null
1757598,5449900,15590,,572000,0,0,0,1,0,East,2008/2009,GRAYS ROAD,POPE ST,,Non-Injury Crash,No,2009,0,East,1,0,0,Hill Road,0,,0,,0,Overcast,2069308,0,0,0,2,0,0,0,0,0,,0,0,Wellington Region,Nil,2-way,Sealed,0,0,0,0,70,0,Null,0,0,,44,Porirua City,Nil,0,0,0,0,0,0,Urban,0,0,0,Light rain,Null
1767675,5443317,15591,,564601,0,,0,2,,East,2008/2009,SH 2,WESTERN HUTT OFF SBD,,Non-Injury Crash,Yes,2009,,West,,0,,Flat,,,,,,Bright sun,1903900,0,0,0,2,,,0,,,,,,Wellington Region,Nil,2-way,Sealed,,0,0,,100,,Null,0,0,,45,Upper Hutt City,Nil,,,,,0,0,Open,0,,,Fine,Null
1824850,5463860,15592,,579200,0,,0,1,,East,2009/2010,TE ORE ORE ROAD,COOPER ST,,Non-Injury Crash,No,2009,,West,,0,,Flat,,,,,,Bright sun,2251800,0,0,0,2,,,0,,,,,,Wellington Region,Nil,2-way,Sealed,,0,0,,50,,Null,0,0,,48,Masterton District,Nil,,,,,1,0,Urban,0,,,Fine,Null
1762355,5437416,15593,,568402,0,,0,1,,Null,2009/2010,HIGH ST,PARK AVENUE,,Non-Injury Crash,No,2009,,South,,0,,Flat,,,,,,Bright sun,1943400,0,0,0,2,,,0,,,,,,Wellington Region,Nil,2-way,Sealed,,0,0,,50,,Null,0,0,,46,Lower Hutt City,Give way,,,,,1,0,Urban,0,,,Fine,Null
1934071,5620370,15594,,546400,0,,0,1,,Null,2009/2010,AUSTIN ST,FORD ROAD,,Non-Injury Crash,No,2009,,North,,0,,Flat,,,,,,Overcast,1426700,0,0,0,2,,,0,,,,,,Hawke's Bay Region,Nil,2-way,Sealed,,0,0,,50,,Null,1,0,,31,Napier City,Give way,,,,,0,0,Urban,0,,,Fine,Null
1754521,5444239,15595,,570800,1,,0,1,,Null,2009/2010,TITAHI BYA ROAD,KENEPURU DRIVE,,Non-Injury Crash,No,2009,,West,,0,,Flat,,,,,,Dark,2052700,0,0,0,4,,,0,,,,,,Wellington Region,Nil,2-way,Sealed,,0,0,,50,,On,0,0,,44,Porirua City,Give way,,,,,0,0,Urban,0,,,Light rain,Null
1930149,5604677,15596,,548200,0,,0,2,,Null,2008/2009,HASTINGS ST NORTH,QUEEN ST EAST,,Non-Injury Crash,No,2009,,South,,0,,Flat,,,,,,Overcast,1493400,0,0,0,2,,,0,,,,,,Hawke's Bay Region,Nil,2-way,Sealed,,0,0,,50,,Null,0,0,,30,Hastings District,Give way,,,,,0,0,Urban,0,,,Fine,Null
1756524,5434684,15597,,569900,0,0,1,0,0,Null,2008/2009,NEVIS ST,LOCHY ST,,Non-Injury Crash,No,2009,0,West,0,0,0,Flat,0,,0,,0,Bright sun,2033900,0,0,0,2,0,0,0,0,1,,0,0,Wellington Region,Nil,2-way,Sealed,0,0,0,0,50,0,Null,1,0,,46,Lower Hutt City,Nil,0,0,0,0,0,0,Urban,0,0,0,Fine,Null
1821565,5531024,15598,,562401,0,0,0,1,0,Null,2008/2009,ROY ST,MATAMAU ST,,Non-Injury Crash,No,2009,0,West,0,0,0,Flat,0,,0,,0,Twilight,1832200,0,0,0,2,0,0,0,0,0,,0,0,Manawatū-Whanganui Region,Nil,2-way,Sealed,0,0,0,0,50,0,Off,0,0,,40,Palmerston North City,Nil,0,0,0,1,0,0,Urban,0,0,0,Fine,Null
1286709,4886822,15599,,610230,0,0,0,1,1,North,2008/2009,TAMWORTH LANE,MERSEY ST,,Non-Injury Crash,No,2009,0,South,0,0,0,Flat,0,,0,,0,Dark,3064200,0,0,0,2,0,0,0,0,0,,0,0,Southland Region,Nil,2-way,Unsealed,0,0,0,0,50,0,On,0,0,,74,Gore District,Unknown,0,0,0,0,0,0,Urban,0,0,0,Fine,Null
1404591,4914040,15600,,604210,0,0,0,0,0,East,2008/2009,HAZEL AVENUE,PLAYFAIR ST,,Non-Injury Crash,No,2009,0,South,0,0,0,Hill Road,0,,0,,0,Dark,2912802,0,0,0,1,0,0,0,0,0,,0,0,Otago Region,Nil,2-way,Sealed,0,0,0,0,50,0,On,0,0,,71,Dunedin City,Unknown,0,0,0,1,0,0,Urban,1,0,0,Light rain,Null
1959286,5784096,15601,,542562,0,0,0,0,0,North,2009/2010,WAINUI ROAD,BURKE ROAD,,Non-Injury Crash,No,2009,0,West,0,0,1,Flat,0,,0,,0,Overcast,1296701,0,0,0,2,0,0,0,0,0,,0,0,Bay of Plenty Region,Nil,2-way,Sealed,0,0,0,0,100,0,Null,1,0,,25,Whakatane District,Unknown,0,0,0,0,0,0,Open,0,0,0,Fine,Null
1762515,5437515,15602,,568301,0,,0,1,,Null,2009/2010,DAYSH ST,HIGH ST,,Non-Injury Crash,No,2009,,West,,0,,Flat,,,,,,Overcast,1948400,0,0,0,2,,,0,,,,,,Wellington Region,Nil,2-way,Sealed,,0,0,,50,,Null,0,0,,46,Lower Hutt City,Give way,,,,,0,0,Urban,1,,,Light rain,Null
1934540,5615566,15603,,545631,0,0,0,0,0,Null,2009/2010,SANDY ROAD,MEEANEE ROAD,,Non-Injury Crash,No,2009,0,North,0,0,0,Flat,0,,0,,0,Dark,1403700,0,0,0,2,0,0,0,0,0,,0,0,Hawke's Bay Region,Nil,2-way,Sealed,0,0,0,0,50,0,On,0,0,,31,Napier City,Stop,0,0,0,1,0,0,Urban,1,0,0,Light rain,Null
1828635,5880905,15604,,533603,0,,0,1,,Null,2009/2010,SH 26,SH 25A,,Non-Injury Crash,Yes,2009,,South,,0,,Flat,,Christmas New Year,,,,Overcast,1057502,0,0,0,1,,,0,,,,,,Waikato Region,Nil,2-way,Sealed,,0,0,,70,,Off,1,0,,11,Thames-Coromandel District,Give way,,,,,0,0,Urban,0,,,Fine,Null
1929734,5604424,15605,,548200,0,,0,2,,West,2008/2009,SOUTHAMPTON ST EAST,HASTINGS ST SOUTH,,Non-Injury Crash,No,2009,,West,,0,,Flat,,,,,,Bright sun,1493000,0,0,0,2,,,0,,,,,,Hawke's Bay Region,Nil,2-way,Sealed,,0,0,,50,,Null,0,0,,30,Hastings District,Nil,,,,,0,0,Urban,0,,,Fine,Null
1930100,5605661,15606,,548200,0,,0,0,,Null,2008/2009,FITZROY AVENUE,NELSON ST NORTH,,Non-Injury Crash,No,2009,,North,,0,,Flat,,,,,,Dark,1491100,0,0,0,2,,,0,,,,,,Hawke's Bay Region,Nil,2-way,Sealed,,0,0,,50,,On,0,0,,30,Hastings District,Give way,,,,,0,0,Urban,2,,,Fine,Null
1797328,5620631,15607,,554900,0,0,0,1,1,North,2008/2009,SH 4,OHOTU ROAD,,Non-Injury Crash,Yes,2009,0,South,0,0,0,Flat,0,,0,,0,Overcast,1674600,0,0,0,2,0,0,0,0,0,,0,0,Manawatū-Whanganui Region,Nil,2-way,Sealed,0,0,0,0,100,0,Null,0,0,,36,Ruapehu District,Nil,0,0,0,0,0,0,Open,0,0,0,Heavy rain,Null
1797079,5819549,15608,,528403,0,,0,2,,Null,2009/2010,TE RAPA ROAD,WAIRERE DRIVE,,Non-Injury Crash,No,2009,,North,,0,,Flat,,,,,,Bright sun,907700,0,0,0,5,,,0,,,,,,Waikato Region,Nil,2-way,Sealed,,0,0,,60,,Null,0,0,,16,Hamilton City,Traffic Signals,,,,,0,0,Urban,0,,,Fine,Null
1406364,4917190,15609,,603100,0,,0,1,,Null,2008/2009,GEORGE ST,ST ANDREW ST,,Non-Injury Crash,No,2009,,South,,0,,Flat,,,,,,Overcast,2902900,0,0,0,2,,,0,,,,,,Otago Region,Nil,2-way,Sealed,,0,0,,30,,Null,1,0,,71,Dunedin City,Traffic Signals,,,,,0,0,Urban,0,,,Fine,Null
1891760,5821519,15610,,536201,0,0,0,2,0,East,2009/2010,DICKSON ROAD,GRANT PLACE,,Non-Injury Crash,No,2009,0,West,0,0,0,Flat,0,,0,,0,Bright sun,1204704,0,0,0,2,0,0,0,0,1,,0,0,Bay of Plenty Region,Nil,2-way,Sealed,0,0,0,0,50,0,Null,0,0,,23,Tauranga City,Unknown,0,0,0,0,0,0,Urban,0,0,0,Fine,Null
1755655,5446166,15611,,571501,0,,0,2,,Null,2009/2010,SH 1N,WHITFORD OFF NBD N,,Non-Injury Crash,Yes,2009,,East,,0,,Flat,,,,,,Overcast,2056601,0,0,0,2,,,0,,,,,,Wellington Region,Nil,1-way,Sealed,,0,0,,100,,Null,0,0,,44,Porirua City,Traffic Signals,,,,,0,0,Open,0,,,Light rain,Null
1770139,5446488,15612,,564601,0,,0,0,,North,2008/2009,MOONSHINE HILL ROAD,KIRTON DRIVE,,Non-Injury Crash,No,2009,,West,,0,,Hill Road,,,,,,Bright sun,1903801,0,0,1,2,,,0,,,,,,Wellington Region,Nil,2-way,Sealed,,0,0,,100,,Null,0,0,,45,Upper Hutt City,Nil,,,,,0,0,Open,1,,,Fine,Null
1757044,5450394,15613,,571900,0,,0,2,,Null,2009/2010,SH 1N,ULRIC ST,,Non-Injury Crash,Yes,2009,,South,,0,,Flat,,,,,,Overcast,2069001,0,0,0,4,,,0,,,,,,Wellington Region,Nil,2-way,Sealed,,0,0,,50,,Null,0,0,,44,Porirua City,Give way,,,,,0,0,Urban,0,,,Mist or Fog,Null
1754596,5930755,15614,,508420,0,0,0,1,0,Null,2009/2010,SH 1N,UPPER HWY OFF NBD,,Non-Injury Crash,Yes,2009,0,North,0,0,0,Flat,1,,0,,0,Bright sun,182008,0,0,0,3,0,0,0,0,0,,0,0,Auckland Region,Nil,1-way,Sealed,0,0,0,0,100,0,Off,0,0,,76,Auckland,Nil,0,0,0,0,1,0,Open,0,0,0,Fine,Null