X,Y,OBJECTID,advisorySpeed,areaUnitID,bicycle,bridge,bus,carStationWagon,cliffBank,crashDirectionDescription,crashFinancialYear,crashLocation1,crashLocation2,crashRoadSideRoad,crashSeverity,crashSHDescription,crashYear,debris,directionRoleDescription,ditch,fatalCount,fence,flatHill,guardRail,holiday,houseOrBuilding,intersection,kerb,light,meshblockId,minorInjuryCount,moped,motorcycle,NumberOfLanes,objectThrownOrDropped,otherObject,otherVehicleType,overBank,parkedVehicle,pedestrian,phoneBoxEtc,postOrPole,region,roadCharacter,roadLane,roadSurface,roadworks,schoolBus,seriousInjuryCount,slipOrFlood,speedLimit,strayAnimal,streetLight,suv,taxi,temporarySpeedLimit,tlaId,tlaName,trafficControl,trafficIsland,trafficSign,train,tree,truck,unknownVehicleType,urban,vanOrUtility,vehicle,waterRiver,weatherA,weatherB
1766327,5917002,15615,,517001,1,,0,1,,Null,2009/2010,ELSTREE AVENUE,TANIWHA ST,,Non-Injury Crash,No,2009,,East,,0,,Flat,,,,,,Bright sun,476500,0,0,0,2,,,0,,,,,,Auckland Region,Nil,2-way,Sealed,,0,0,,50,,Off,0,0,,76,Auckland,Give way,,,,,0,0,Urban,0,,,Fine,Null
1406066,4915314,15616,,602800,0,,0,3,,Null,2008/2009,SH 1S,CAVERSHAM BYPASS MOTORWAY,,Non-Injury Crash,Yes,2009,,South,,0,,Flat,,,,,,Twilight,2895000,0,0,0,2,,,0,,,,,,Otago Region,Nil,1-way,Sealed,,0,0,,50,,Off,0,0,,71,Dunedin City,Traffic Signals,,,,,0,0,Urban,1,,,Fine,Null
1761264,5909326,15617,,524404,0,,0,1,,East,2009/2010,FAVONA ROAD,FORBES ROAD,,Non-Injury Crash,No,2009,,East,,0,,Flat,,,,,,Dark,730500,0,0,0,2,,,0,,,,,,Auckland Region,Nil,2-way,Sealed,,0,0,,50,,On,0,0,,76,Auckland,Nil,,,,,1,0,Urban,0,,,Fine,Null
1932047,5606172,15618,,545721,0,0,0,1,0,North,2009/2010,SH 2,ELWOOD ROAD,,Non-Injury Crash,Yes,2009,0,East,0,0,1,Flat,0,,0,,0,Dark,1472300,0,0,0,2,0,0,0,0,0,,0,0,Hawke's Bay Region,Nil,2-way,Sealed,0,0,0,0,70,0,On,0,0,,30,Hastings District,Nil,0,0,0,0,0,0,Urban,0,0,0,Fine,Null
1748383,5431323,15619,,574402,0,0,0,1,0,Null,2009/2010,NGAIO GORGE ROAD,KENYA ST,,Non-Injury Crash,No,2009,0,West,0,0,1,Hill Road,0,,0,,0,Bright sun,2098200,0,0,0,2,0,0,0,0,0,,0,0,Wellington Region,Nil,2-way,Sealed,0,0,0,0,50,0,Null,0,0,,47,Wellington City,Nil,0,1,0,0,0,0,Urban,0,0,0,Fine,Null
1878483,5822010,15620,,538102,0,,0,2,,Null,2009/2010,FRASER ST,SH 2A,,Non-Injury Crash,Yes,2009,,South,,0,,Flat,,,,,,Bright sun,1168700,0,0,0,5,,,0,,,,,,Bay of Plenty Region,Nil,2-way,Sealed,,0,0,,50,,Off,0,0,,23,Tauranga City,Traffic Signals,,,,,0,0,Urban,0,,,Fine,Null
1950955,5771376,15621,25,542562,0,0,0,1,0,Null,2009/2010,RUATOKI VALLEY ROAD,REID ROAD,,Non-Injury Crash,No,2009,0,South,0,0,0,Flat,0,,1,,0,Dark,1301900,0,0,0,2,0,0,0,0,0,,0,0,Bay of Plenty Region,Nil,2-way,Sealed,0,0,0,0,100,0,None,0,0,,25,Whakatane District,Give way,0,0,0,0,0,0,Open,0,0,0,Fine,Null
1753913,5931662,15622,,508805,0,,0,2,,South,2009/2010,SH 1N,UPPER HWY OFF SBD,,Non-Injury Crash,Yes,2009,,South,,0,,Hill Road,,,,,,Overcast,180813,0,0,0,2,,,0,,,,,,Auckland Region,Nil,1-way,Sealed,,0,0,,100,,Off,0,0,,76,Auckland,Nil,,,,,0,0,Open,0,,,Light rain,Null
1817196,5534971,15623,,561901,0,0,0,1,0,Null,2008/2009,SH 3,ARANUI ROAD,,Non-Injury Crash,Yes,2009,0,East,1,0,0,Flat,0,,0,,0,Dark,1795400,0,0,0,2,0,0,0,0,0,,0,0,Manawatū-Whanganui Region,Nil,2-way,Sealed,0,0,0,0,100,0,On,0,0,,39,Manawatu District,Stop,0,0,0,0,0,0,Open,0,0,0,Fine,Null
1757392,5446069,15624,,571600,0,0,0,2,0,West,2008/2009,BEAUMARIS CRESCENT,STIPULATE PLACE,,Non-Injury Crash,No,2009,0,West,0,0,0,Hill Road,0,,0,,0,Bright sun,2057602,0,0,0,2,0,0,0,0,1,,0,0,Wellington Region,Nil,2-way,Sealed,0,0,0,0,50,0,Null,0,0,,44,Porirua City,Nil,0,0,0,0,0,0,Urban,0,0,0,Fine,Null
1769671,5914743,15625,,522711,0,,0,2,,Null,2009/2010,PAKURANGA ROAD,DUNROBIN PLACE,,Non-Injury Crash,No,2009,,East,,0,,Flat,,,,,,Bright sun,680709,0,0,0,5,,,0,,,,,,Auckland Region,Nil,2-way,Sealed,,0,0,,50,,Off,0,0,,76,Auckland,Nil,,,,,0,0,Urban,0,,,Fine,Null
1407635,4925857,15626,,601603,0,,0,2,,North,2008/2009,SH 1S,WAITATI VALLEY ROAD,,Non-Injury Crash,Yes,2009,,South,,0,,Flat,,,,,,Dark,2863500,0,0,0,2,,,0,,,,,,Otago Region,Nil,2-way,Sealed,,0,0,,100,,None,0,0,,71,Dunedin City,Unknown,,,,,0,0,Open,0,,,Fine,Null
1747481,5914715,15627,,511100,0,,0,2,,Null,2009/2010,GREAT NORTH ROAD,SABULITE ROAD,,Non-Injury Crash,No,2009,,South,,0,,Flat,,,,,,Bright sun,284800,0,0,0,4,,,0,,,,,,Auckland Region,Nil,2-way,Sealed,,0,0,,50,,None,0,0,,76,Auckland,Traffic Signals,,,,,0,0,Urban,0,,,Fine,Null
1405777,4914042,15628,,604410,0,,0,2,,Null,2008/2009,MELBOURNE ST,DICK ST,,Non-Injury Crash,No,2009,,South,,0,,Flat,,Christmas New Year,,,,Overcast,2928900,0,0,0,2,,,0,,,,,,Otago Region,Nil,2-way,Sealed,,0,0,,50,,Null,0,0,,71,Dunedin City,Nil,,,,,0,0,Urban,0,,,Fine,Null
1757063,5920896,15629,,514101,0,0,0,2,0,West,2009/2010,PAKENHAM ST EAST,STURDEE ST,,Non-Injury Crash,No,2009,0,East,0,0,0,Flat,0,Christmas New Year,0,,0,Dark,433003,0,0,0,2,0,0,0,0,0,,0,0,Auckland Region,Nil,2-way,Sealed,0,0,0,0,50,0,On,0,0,,76,Auckland,Nil,0,0,0,0,0,0,Urban,0,1,0,Fine,Null
1680042,5404089,15630,,581230,0,,1,1,,West,2008/2009,ALFRED ST,SH 1S,,Non-Injury Crash,No,2009,,East,,0,,Flat,,,,,,Bright sun,2295000,0,0,0,2,,,0,,,,,,Marlborough Region,Nil,2-way,Sealed,,0,0,,50,,Null,0,0,,53,Marlborough District,Nil,,,,,0,0,Urban,0,,,Fine,Null
1763864,5446445,15631,,565601,0,0,0,1,0,Null,2009/2010,SH 58,MOONSHINE ROAD,,Non-Injury Crash,Yes,2009,0,West,0,0,1,Flat,0,,0,,0,Dark,2071800,0,0,0,2,0,0,0,0,0,,0,0,Wellington Region,Nil,2-way,Sealed,0,0,0,0,100,0,None,0,0,,44,Porirua City,Give way,0,0,0,0,0,0,Open,0,0,0,Light rain,Null
1759763,5433218,15632,,568800,0,,0,0,,Null,2008/2009,PARKSIDE ROAD,SEAVIEW ROAD,,Non-Injury Crash,No,2009,,West,,0,,Flat,,,,,,Bright sun,1980400,0,0,0,2,,,0,,,,,,Wellington Region,Nil,2-way,Sealed,,0,0,,50,,Null,0,0,,46,Lower Hutt City,Give way,,,,,1,0,Urban,1,,,Fine,Null
1246283,4841973,15633,,609914,0,,0,0,,Null,2008/2009,SH 1S,MOTU RIMU ROAD,,Non-Injury Crash,Yes,2009,,West,,0,,Flat,,,,,,Dark,3160600,0,0,0,2,,,0,,,,,,Southland Region,Nil,2-way,Sealed,,0,0,,100,,On,0,0,,75,Invercargill City,Give way,,,,,1,0,Open,0,,,Light rain,Null
1930185,5604423,15634,,548200,0,,0,2,,North,2009/2010,HERETAUNGA ST EAST,WILLOWPARK ROAD SOUTH,,Non-Injury Crash,No,2009,,South,,0,,Flat,,,,,,Overcast,1493800,0,0,0,2,,,0,,,,,,Hawke's Bay Region,Nil,2-way,Sealed,,0,0,,50,,Null,0,0,,30,Hastings District,Nil,,,,,0,0,Urban,0,,,Fine,Null
1440139,5003462,15635,,601030,0,,0,2,,Null,2009/2010,WANSBECK ST,TEES ST,,Non-Injury Crash,No,2009,,South,,0,,Hill Road,,,,,,Overcast,2841900,0,0,0,1,,,0,,,,,,Otago Region,Nil,2-way,Sealed,,0,0,,50,,Null,0,0,,68,Waitaki District,Give way,,,,,0,0,Urban,0,,,Light rain,Null
1680429,6110271,15636,,501614,0,,0,1,,South,2009/2010,SH 10,TAKOU BAY ROAD,,Non-Injury Crash,Yes,2009,,North,,0,,Hill Road,,Christmas New Year,,,,Bright sun,43905,0,0,0,2,,,0,,,,,,Northland Region,Nil,2-way,Sealed,,0,0,,100,,None,1,0,,1,Far North District,Nil,,,,,0,0,Open,0,,,Fine,Null
1798158,5813474,15637,,528602,0,0,0,1,0,South,2009/2010,SHELLEY JANE PLACE,KAHIKATEA DRIVE,,Non-Injury Crash,No,2009,0,South,0,0,0,Flat,0,,0,,0,Overcast,921607,0,0,0,2,0,0,0,0,0,,0,0,Waikato Region,Nil,2-way,Sealed,0,0,0,0,50,0,Off,0,0,,16,Hamilton City,Nil,0,0,0,1,0,0,Urban,0,0,0,Light rain,Null
1556207,5176825,15638,,587821,0,,0,1,,Null,2008/2009,JONES ROAD,DAWSONS ROAD,,Non-Injury Crash,No,2009,,North,,0,,Flat,,,,,,Overcast,2496003,0,0,0,2,,,0,,,,,,Canterbury Region,Nil,2-way,Sealed,,0,0,,100,,Null,0,0,,60,Christchurch City,Stop,,,,,0,0,Open,1,,,Fine,Null
1822285,5528437,15639,,563000,0,,0,2,,Null,2008/2009,FITZHERBERT AVENUE,PARK ROAD,,Non-Injury Crash,No,2009,,North,,0,,Flat,,,,,,Bright sun,1809400,0,0,0,2,,,0,,,,,,Manawatū-Whanganui Region,Nil,2-way,Sealed,,0,0,,50,,Null,0,0,,40,Palmerston North City,Traffic Signals,,,,,0,0,Urban,0,,,Fine,Null
1716285,6051384,15640,,502002,0,0,0,1,0,West,2009/2010,PIPIWAI ROAD,PARAKIORE ROAD,,Non-Injury Crash,No,2009,0,East,0,0,1,Hill Road,0,,0,,0,Overcast,69700,0,0,0,2,0,0,0,0,0,,0,0,Northland Region,Nil,1-way,Sealed,0,0,0,0,80,0,None,0,0,,2,Whangarei District,Nil,0,0,0,0,0,0,Open,0,0,0,Light rain,Null
1583776,5474043,15641,,581601,0,0,0,1,0,South,2009/2010,SH 60,CENTRAL TAKAKA ROAD,,Non-Injury Crash,Yes,2009,0,South,0,0,1,Flat,0,,0,,0,Dark,2347001,0,0,0,2,0,0,0,0,0,,0,0,Tasman Region,Nil,2-way,Sealed,0,0,0,0,100,0,None,0,0,,51,Tasman District,Nil,0,0,0,0,0,0,Open,0,0,0,Heavy rain,Null
1758529,5447934,15642,55,572200,0,0,0,1,0,North,2008/2009,SH 58,SPINNAKER DRIVE,,Non-Injury Crash,Yes,2009,0,East,0,0,0,Flat,1,,0,,0,Dark,2071201,0,0,0,2,0,0,0,0,0,,0,0,Wellington Region,Nil,2-way,Sealed,0,0,0,0,80,0,On,0,0,,44,Porirua City,Nil,0,0,0,0,0,0,Open,0,0,0,Heavy rain,Null
1758034,5435335,15643,,569202,0,,0,1,,Null,2008/2009,WAKEFIELD ST,RUSH GROVE,,Non-Injury Crash,No,2009,,East,,0,,Flat,,,,,,Bright sun,1923100,0,0,0,2,,,0,,,,,,Wellington Region,Nil,2-way,Sealed,,0,0,,50,,Null,0,0,,46,Lower Hutt City,Nil,,,,,0,0,Urban,1,,,Fine,Null
1757729,5920875,15644,,514101,0,,0,1,,South,2008/2009,GORE ST,GALWAY ST,,Non-Injury Crash,No,2009,,South,,0,,Flat,,,,,,Overcast,438103,0,0,0,2,,,0,,,,,,Auckland Region,Nil,2-way,Sealed,,0,0,,50,,Off,0,0,,76,Auckland,Nil,,,,,1,0,Urban,0,,,Light rain,Null
1893109,5809885,15645,,538502,0,,0,1,,North,2009/2010,NO 1 ROAD,RODERICK LANE,,Non-Injury Crash,No,2009,,South,,0,,Flat,,,,,,Bright sun,1208205,0,0,0,2,,,0,,,,,,Bay of Plenty Region,Nil,2-way,Sealed,,0,0,,80,,Null,0,0,,22,Western Bay of Plenty District,Unknown,,,,,0,0,Open,1,,,Fine,Null
1693103,5676325,15646,,551800,0,0,0,1,0,Null,2009/2010,DEVON ST EAST,LIARDET ST,,Non-Injury Crash,No,2009,0,West,0,0,0,Flat,0,,0,,0,Bright sun,1593900,0,0,0,2,0,0,0,0,0,,0,1,Taranaki Region,Nil,2-way,Sealed,0,0,0,0,50,0,Null,1,0,,33,New Plymouth District,Traffic Signals,0,1,0,0,0,0,Urban,0,0,0,Fine,Null
1692673,5676351,15647,,551800,0,0,0,2,0,North,2008/2009,EGMONT ST,KING ST,,Non-Injury Crash,No,2009,0,North,0,0,0,Flat,0,,0,,0,Overcast,1591800,0,0,0,2,0,0,0,0,1,,0,0,Taranaki Region,Nil,2-way,Sealed,0,0,0,0,50,0,Null,0,0,,33,New Plymouth District,Nil,0,0,0,0,0,0,Urban,0,0,0,Fine,Null
1559971,5211497,15648,65,585807,0,0,0,1,0,Null,2008/2009,FISHERS ROAD,STONYFLAT ROAD,,Non-Injury Crash,No,2009,0,East,0,0,1,Flat,0,,0,,0,Bright sun,2438702,0,0,0,2,0,0,0,0,0,,0,1,Canterbury Region,Nil,2-way,Sealed,0,0,0,0,100,0,Null,0,0,,59,Waimakariri District,Give way,0,0,0,0,0,0,Open,0,0,0,Fine,Null
1630050,6124069,15649,,500202,0,0,0,1,0,East,2009/2010,SH 10,DUNCAN ROAD,,Non-Injury Crash,Yes,2009,0,East,0,0,1,Flat,0,Christmas New Year,0,,0,Bright sun,2700,0,0,0,2,0,0,0,1,0,,0,0,Northland Region,Nil,2-way,Sealed,0,0,0,0,100,0,Null,0,0,,1,Far North District,Unknown,0,0,0,0,0,0,Open,0,0,0,Fine,Null
1929935,5604961,15650,,548200,0,0,0,1,0,South,2009/2010,QUEEN ST EAST,RUSSELL ST NORTH,,Non-Injury Crash,No,2009,0,North,0,0,0,Flat,0,,0,,0,Bright sun,1492200,0,0,0,2,0,0,0,0,1,,0,0,Hawke's Bay Region,Nil,2-way,Sealed,0,0,0,0,50,0,Null,1,0,,30,Hastings District,Nil,0,0,0,0,0,0,Urban,0,0,0,Fine,Null
1750209,5914278,15651,,511303,0,,0,2,,Null,2009/2010,GREAT NORTH ROAD,VERONICA ST,,Non-Injury Crash,No,2009,,West,,0,,Flat,,,,,,Overcast,266100,0,0,0,2,,,0,,,,,,Auckland Region,Nil,2-way,Sealed,,0,0,,50,,Off,0,0,,76,Auckland,Traffic Signals,,,,,0,0,Urban,0,,,Fine,Null
1772913,5896836,15652,,525420,0,,0,2,,Null,2009/2010,INGRAM ST,VIEW ROAD,,Non-Injury Crash,No,2009,,West,,0,,Flat,,,,,,Overcast,792700,0,0,0,2,,,0,,,,,,Auckland Region,Nil,2-way,Sealed,,0,0,,50,,Off,0,0,,76,Auckland,Nil,,,,,0,0,Urban,0,,,Light rain,Null
1775142,5445710,15653,,566800,0,0,0,1,0,West,2009/2010,MONTGOMERY CRESCENT,MOUNTBATTEN GROVE,,Non-Injury Crash,No,2009,0,West,0,0,0,Flat,0,,0,,1,Dark,1908800,0,0,0,2,0,0,0,0,0,,0,0,Wellington Region,Nil,2-way,Sealed,0,0,0,0,50,0,On,0,0,,45,Upper Hutt City,Nil,0,0,0,0,0,0,Urban,0,0,0,Fine,Null
1577793,5174341,15654,,596000,0,0,0,1,1,West,2008/2009,SUMMIT ROAD,BROADLEAF LANE,,Non-Injury Crash,No,2009,0,West,0,0,0,Hill Road,0,,0,,0,Dark,2555002,0,0,0,2,0,0,0,0,0,,0,0,Canterbury Region,Nil,2-way,Sealed,0,0,0,0,70,0,None,0,0,,60,Christchurch City,Unknown,0,0,0,0,0,0,Urban,0,0,0,Fine,Null
1824058,5530680,15655,,562500,0,,0,1,,Null,2009/2010,SH 3,UPPER MAIN ST,,Non-Injury Crash,Yes,2009,,East,,0,,Flat,,,,,,Overcast,1844100,0,0,0,2,,,0,,,,,,Manawatū-Whanganui Region,Nil,2-way,Sealed,,0,0,,50,,Null,0,0,,40,Palmerston North City,Give way,,,,,0,0,Urban,1,,,Heavy rain,Null
1803462,5815039,15656,,530500,0,,0,1,,Null,2009/2010,KNIGHTON ROAD,HELENA ROAD,,Non-Injury Crash,No,2009,,South,,0,,Flat,,,,,,Overcast,891500,0,0,0,2,,,0,,,,,,Waikato Region,Nil,2-way,Sealed,,0,0,,50,,Null,0,0,,16,Hamilton City,Give way,,,,,0,0,Urban,1,,,Fine,Null
1736498,5981832,15657,,505300,0,,0,1,,Null,2009/2010,SH 16,DAVIES ROAD,,Non-Injury Crash,Yes,2009,,West,,0,,Flat,,Christmas New Year,,,,Overcast,143500,0,0,0,2,,,0,,,,,,Auckland Region,Nil,2-way,Sealed,,0,0,,50,,Null,1,0,,76,Auckland,Give way,,,,,0,0,Urban,0,,,Fine,Null
1930932,5616934,15658,,547200,0,,0,2,,Null,2008/2009,GLOUCESTER ST,AVONDALE ROAD,,Non-Injury Crash,No,2009,,North,,0,,Flat,,,,,,Bright sun,1457500,0,0,0,2,,,0,,,,,,Hawke's Bay Region,Nil,2-way,Sealed,,0,0,,50,,Null,0,0,,31,Napier City,Give way,,,,,0,0,Urban,0,,,Fine,Null
1811120,5566603,15659,,559220,0,0,0,1,1,North,2008/2009,SH 1N,POREWA ROAD,,Non-Injury Crash,Yes,2009,0,North,0,0,0,Flat,0,,0,,0,Overcast,1730300,0,0,0,2,0,0,0,0,0,,0,0,Manawatū-Whanganui Region,Nil,2-way,Sealed,0,0,0,0,100,0,Null,0,0,,38,Rangitikei District,Nil,0,0,0,0,0,0,Open,0,0,0,Light rain,Null
1773673,5914402,15660,,521502,0,0,0,2,0,Null,2009/2010,COCKLE BAY ROAD,CHURCHILL ROAD,,Non-Injury Crash,No,2009,0,South,0,0,1,Hill Road,0,,0,,0,Bright sun,655301,0,0,0,2,0,0,0,0,0,,0,0,Auckland Region,Nil,2-way,Sealed,0,0,0,0,50,0,Null,0,0,,76,Auckland,Give way,0,0,0,0,0,0,Urban,0,0,0,Fine,Null
1757092,5434688,15661,,569900,0,,0,2,,Null,2009/2010,JACKSON ST,VICTORIA ST,,Non-Injury Crash,No,2009,,West,,0,,Flat,,,,,,Overcast,2033100,0,0,0,2,,,0,,,,,,Wellington Region,Nil,2-way,Sealed,,0,0,,50,,Null,0,0,,46,Lower Hutt City,Give way,,,,,0,0,Urban,0,,,Light rain,Null
1879251,5819780,15662,,537900,0,,0,2,,Null,2009/2010,SH 29,WELCOME BAY ROAD,,Non-Injury Crash,Yes,2009,,South,,0,,Flat,,,,,,Overcast,1179506,0,0,0,3,,,0,,,,,,Bay of Plenty Region,Nil,2-way,Sealed,,0,0,,50,,Null,0,0,,23,Tauranga City,Traffic Signals,,,,,0,0,Urban,0,,,Fine,Null
1703913,5680381,15663,,551013,0,1,0,1,0,East,2009/2010,SH 3,MAHOETAHI ROAD,,Non-Injury Crash,Yes,2009,0,South,0,0,0,Flat,0,,0,,0,Dark,1562602,0,0,0,2,0,0,0,0,0,,0,0,Taranaki Region,Bridge,2-way,Sealed,0,0,0,0,100,0,None,0,0,,33,New Plymouth District,Nil,0,0,0,0,0,0,Open,0,0,0,Light rain,Null
1823414,5532221,15664,,562500,0,,0,2,,West,2009/2010,TREMAINE AVENUE,VOGEL ST,,Non-Injury Crash,No,2009,,West,,0,,Flat,,,,,,Dark,1840700,0,0,0,5,,,0,,,,,,Manawatū-Whanganui Region,Nil,2-way,Sealed,,0,0,,50,,On,0,0,,40,Palmerston North City,Traffic Signals,,,,,0,0,Urban,0,,,Fine,Null
1752316,5432457,15665,,574002,0,,0,2,,East,2008/2009,SH 2,NGAURANGA ON NBD,,Non-Injury Crash,Yes,2009,,West,,0,,Flat,,,,,,Dark,2078302,0,0,0,2,,,0,,,,,,Wellington Region,Nil,2-way,Sealed,,0,0,,100,,On,0,0,,47,Wellington City,Nil,,,,,0,0,Open,0,,,Light rain,Null
1822609,5535689,15666,,561811,0,0,0,1,0,Null,2008/2009,CLEVELY LINE,ROBERTS LINE NORTH,,Non-Injury Crash,No,2009,0,North,1,0,0,Flat,0,,0,,0,Bright sun,1792201,0,0,0,2,0,0,0,0,0,,0,0,Manawatū-Whanganui Region,Nil,2-way,Unsealed,0,0,0,0,100,0,Null,0,0,,40,Palmerston North City,Nil,0,0,0,0,0,0,Open,0,0,0,Fine,Null
1756710,5913061,15667,,518702,0,,0,1,,South,2008/2009,HILLSBOROUGH ROAD,CARR ROAD,,Non-Injury Crash,No,2009,,North,,0,,Flat,,,,,,Dark,569900,0,0,0,4,,,0,,,,,,Auckland Region,Nil,2-way,Sealed,,0,0,,50,,On,1,0,,76,Auckland,Traffic Signals,,,,,0,0,Urban,0,,,Fine,Null
1812057,5553859,15668,,560421,0,0,0,0,0,Null,2008/2009,HALCOMBE ROAD,GODLEY ST,,Non-Injury Crash,No,2009,0,South,1,0,0,Flat,0,,0,,0,Bright sun,1763000,0,0,0,2,0,0,0,0,0,,0,0,Manawatū-Whanganui Region,Nil,2-way,Sealed,0,0,0,0,70,0,Null,1,0,,39,Manawatu District,Give way,0,0,0,0,1,0,Urban,0,0,0,Fine,Null
1816330,5803581,15669,,527502,0,0,0,1,0,East,2009/2010,SH 1N,HALL ST,,Non-Injury Crash,Yes,2009,0,East,0,0,0,Flat,0,,0,,0,Overcast,964200,0,0,0,2,0,0,0,0,0,,0,0,Waikato Region,Nil,2-way,Sealed,0,0,0,0,50,0,Null,0,0,,17,Waipa District,Unknown,0,0,0,1,0,0,Urban,0,0,0,Fine,Null
1572878,5182716,15670,,592811,0,,0,0,,East,2008/2009,NEW BRIGHTON ROAD,MARSHLAND ROAD,,Non-Injury Crash,No,2009,,East,,0,,Flat,,,,,,Bright sun,2601500,0,0,0,2,,,0,,,,,,Canterbury Region,Nil,2-way,Sealed,,0,0,,50,,Null,0,0,,60,Christchurch City,Unknown,,,,,1,0,Urban,1,,,Fine,Null
1930788,5618515,15671,,545621,0,0,0,0,0,Null,2008/2009,AVENUE ROAD,CHURCH ROAD,,Non-Injury Crash,No,2009,0,South,0,0,0,Flat,0,Christmas New Year,0,,1,Dark,1401401,0,0,0,2,0,0,0,0,0,,0,0,Hawke's Bay Region,Nil,2-way,Sealed,0,0,0,0,50,0,On,0,0,,31,Napier City,Give way,0,0,0,1,0,0,Urban,1,0,0,Fine,Null
1763972,5429612,15672,,565300,0,0,0,2,0,North,2009/2010,HAIR ST,GAWLER GROVE,,Non-Injury Crash,No,2009,0,South,0,0,0,Flat,0,,0,,0,Bright sun,2024000,0,0,0,2,0,0,0,0,1,,0,0,Wellington Region,Nil,2-way,Sealed,0,0,0,0,50,0,Null,0,0,,46,Lower Hutt City,Nil,0,0,0,0,0,0,Urban,0,0,0,Fine,Null
1710525,5617467,15673,,554010,0,,0,2,,Null,2009/2010,GLOVER ROAD,PRINCESS ST,,Non-Injury Crash,No,2009,,South,,0,,Flat,,,,,,Dark,1649200,0,0,0,2,,,0,,,,,,Taranaki Region,Rail xing,2-way,Sealed,,0,0,,50,,On,0,0,,35,South Taranaki District,Stop,,,,,0,0,Urban,0,,,Fine,Null
1258899,5008628,15674,35,609303,0,,0,2,,Null,2008/2009,GORGE ROAD,MCCHESNEY CRK BR,,Non-Injury Crash,No,2009,,North,,0,,Hill Road,,,,,,Overcast,3039402,0,0,0,1,,,0,,,,,,Otago Region,Bridge,2-way,Sealed,,0,0,,70,,Null,0,0,,70,Queenstown-Lakes District,Give way,,,,,0,0,Urban,0,,,Light rain,Null
1931173,5600062,15675,,548822,0,,0,2,,Null,2008/2009,MIDDLE ROAD,IONA ROAD,,Non-Injury Crash,No,2009,,North,,0,,Flat,,,,,,Overcast,1465601,0,0,0,2,,,0,,,,,,Hawke's Bay Region,Nil,2-way,Sealed,,0,0,,100,,Null,0,0,,30,Hastings District,Give way,,,,,0,0,Open,0,,,Fine,Null
1693429,5676231,15676,,551800,0,0,0,3,0,Null,2009/2010,SH 45,GOVER ST,,Non-Injury Crash,Yes,2009,0,West,0,0,0,Flat,0,,0,,0,Dark,1594300,0,0,0,2,0,0,0,0,1,,0,0,Taranaki Region,Nil,2-way,Sealed,0,0,0,0,50,0,On,0,0,,33,New Plymouth District,Stop,0,0,0,0,0,0,Urban,0,0,0,Fine,Null
1747280,5421597,15677,,575902,0,,0,1,,East,2009/2010,ROBERTSON ST,HAPPY VALLEY ROAD,,Non-Injury Crash,No,2009,,East,,0,,Hill Road,,,,,,Bright sun,2187600,0,0,0,2,,,0,,,,,,Wellington Region,Nil,2-way,Sealed,,0,0,,50,,Null,1,0,,47,Wellington City,Nil,,,,,0,0,Urban,0,,,Fine,Null
1755435,5915227,15678,,518500,0,0,0,1,0,Null,2009/2010,DOMINION ROAD,LANDSCAPE ROAD,,Non-Injury Crash,No,2009,0,South,0,0,0,Flat,0,,0,,0,Dark,559900,0,0,0,4,0,0,0,0,0,,0,1,Auckland Region,Nil,2-way,Sealed,0,0,0,0,50,0,On,0,0,,76,Auckland,Nil,0,0,0,0,0,0,Urban,0,0,0,Fine,Null
1773510,5446300,15679,,567000,0,,0,1,,East,2009/2010,SH 2,GIBBONS ST,,Non-Injury Crash,Yes,2009,,East,,0,,Flat,,,,,,Overcast,1907700,0,0,0,2,,,0,,,,,,Wellington Region,Nil,2-way,Sealed,,0,0,,100,,Null,1,0,,45,Upper Hutt City,Nil,,,,,0,0,Open,0,,,Fine,Null
1824051,5464016,15680,,578600,0,,0,2,,South,2008/2009,VICTORIA ST,VILLA ST,,Non-Injury Crash,No,2009,,South,,0,,Flat,,,,,,Bright sun,2244400,0,0,0,2,,,0,,,,,,Wellington Region,Nil,2-way,Sealed,,0,0,,50,,Null,0,0,,48,Masterton District,Nil,,,,,0,0,Urban,0,,,Fine,Null
1831610,5522872,15681,,577900,0,,0,0,,North,2008/2009,NORTH RANGE ROAD,PAHIATUA TRACK,,Non-Injury Crash,No,2009,,South,,0,,Hill Road,,,,,,Bright sun,2219900,0,0,1,2,,,0,,,,,,Manawatū-Whanganui Region,Nil,2-way,Unsealed,,0,0,,100,,Null,0,0,,41,Tararua District,Nil,,,,,0,0,Open,1,,,Fine,Null
1768489,5909142,15682,,523113,0,0,0,2,0,Null,2009/2010,SPRINGS ROAD,KERWYN AVENUE,,Non-Injury Crash,No,2009,0,North,0,0,0,Flat,0,,0,,0,Dark,711809,0,0,0,4,0,0,0,0,0,,0,1,Auckland Region,Nil,2-way,Sealed,0,0,0,0,50,0,On,0,0,,76,Auckland,Traffic Signals,0,0,0,0,0,0,Urban,0,0,0,Light rain,Null