X,Y,OBJECTID,advisorySpeed,areaUnitID,bicycle,bridge,bus,carStationWagon,cliffBank,crashDirectionDescription,crashFinancialYear,crashLocation1,crashLocation2,crashRoadSideRoad,crashSeverity,crashSHDescription,crashYear,debris,directionRoleDescription,ditch,fatalCount,fence,flatHill,guardRail,holiday,houseOrBuilding,intersection,kerb,light,meshblockId,minorInjuryCount,moped,motorcycle,NumberOfLanes,objectThrownOrDropped,otherObject,otherVehicleType,overBank,parkedVehicle,pedestrian,phoneBoxEtc,postOrPole,region,roadCharacter,roadLane,roadSurface,roadworks,schoolBus,seriousInjuryCount,slipOrFlood,speedLimit,strayAnimal,streetLight,suv,taxi,temporarySpeedLimit,tlaId,tlaName,trafficControl,trafficIsland,trafficSign,train,tree,truck,unknownVehicleType,urban,vanOrUtility,vehicle,waterRiver,weatherA,weatherB
1928743,5601043,15683,,545762,0,0,0,1,0,West,2009/2010,LONGLANDS ROAD EAST,TE AUTE ROAD,,Non-Injury Crash,No,2009,0,West,1,0,0,Flat,0,,0,,0,Overcast,1468400,0,0,0,2,0,0,0,0,0,,0,0,Hawke's Bay Region,Nil,2-way,Sealed,0,0,0,0,100,0,Null,0,0,,30,Hastings District,Nil,0,0,0,1,0,0,Open,0,0,0,Fine,Null
1765596,5907014,15684,,522301,0,,0,2,,East,2009/2010,EAST TAMAKI ROAD,GREAT SOUTH ROAD,,Non-Injury Crash,No,2009,,East,,0,,Flat,,,,,,Bright sun,666200,0,0,0,2,,,0,,,,,,Auckland Region,Nil,2-way,Sealed,,0,0,,50,,Off,0,0,,76,Auckland,Nil,,,,,0,0,Urban,0,,,Fine,Null
1901627,5563126,15685,75,549602,0,0,0,0,0,North,2009/2010,RACECOURSE ROAD,PORANGAHAU ROAD,,Non-Injury Crash,No,2009,0,South,1,0,0,Flat,0,,0,,0,Dark,1524300,0,0,0,2,0,0,0,0,0,,0,1,Hawke's Bay Region,Nil,2-way,Sealed,0,0,0,0,100,0,None,0,0,,32,Central Hawke's Bay District,Nil,0,0,0,0,0,0,Open,1,0,0,Fine,Null
1757363,5920348,15686,,514102,0,,0,2,,Null,2009/2010,QUEEN ST,DARBY ST,,Non-Injury Crash,No,2009,,North,,0,,Flat,,,,,,Bright sun,434000,0,0,0,2,,,0,,,,,,Auckland Region,Nil,2-way,Sealed,,0,0,,50,,Off,0,0,,76,Auckland,Nil,,,,,0,0,Urban,0,,,Fine,Null
1752501,5434561,15687,,574001,0,,0,2,,North,2008/2009,NEWLANDS ROAD,STELLA GROVE,,Non-Injury Crash,No,2009,,North,,0,,Flat,,,,,,Bright sun,2076100,0,0,0,2,,,0,,,,,,Wellington Region,Nil,2-way,Sealed,,0,0,,50,,Null,0,0,,47,Wellington City,Nil,,,,,0,0,Urban,0,,,Fine,Null
1764160,5914380,15688,,520303,0,,0,2,,Null,2009/2010,MOUNT WELLINGTON HIGHWAY,MALONE ROAD,,Non-Injury Crash,No,2009,,North,,0,,Flat,,,,,,Bright sun,627600,0,0,0,4,,,0,,,,,,Auckland Region,Nil,2-way,Sealed,,0,0,,50,,Off,0,0,,76,Auckland,Give way,,,,,0,0,Urban,0,,,Fine,Null
1751486,5434868,15689,,573700,0,0,1,1,0,North,2009/2010,JOHNSONVILLE ROAD,BRODERICK ROAD,,Non-Injury Crash,No,2009,0,South,0,0,0,Flat,0,,0,,0,Bright sun,2082800,0,0,0,2,0,0,0,0,1,,0,0,Wellington Region,Nil,2-way,Sealed,0,0,0,0,50,0,Null,0,1,,47,Wellington City,Nil,0,0,0,0,0,0,Urban,0,0,0,Fine,Null
1819411,5530150,15690,,562710,0,,0,3,,North,2009/2010,GILLESPIES LINE,TREMAINE AVENUE,,Non-Injury Crash,No,2009,,South,,0,,Hill Road,,,,,,Overcast,1815800,0,0,0,2,,,0,,,,,,Manawatū-Whanganui Region,Nil,2-way,Sealed,,0,0,,50,,Null,0,0,,40,Palmerston North City,Nil,,,,,0,0,Urban,0,,,Light rain,Null
1837111,5918464,15691,,533200,0,,0,0,,South,2009/2010,SH 25,WADE ROAD,,Non-Injury Crash,Yes,2009,,North,,0,,Flat,,,,,,Overcast,1045906,0,0,0,2,,,0,,,,,,Waikato Region,Nil,2-way,Sealed,,0,0,,100,,Null,1,0,,11,Thames-Coromandel District,Unknown,,,,,0,0,Open,1,,,Light rain,Null
1884040,5825708,15692,,536831,0,,0,2,,South,2009/2010,CONCORD AVENUE,LINKS AVENUE,,Non-Injury Crash,No,2009,,North,,0,,Flat,,,,,,Bright sun,1200900,0,0,0,2,,,0,,,,,,Bay of Plenty Region,Nil,2-way,Sealed,,0,0,,50,,Null,0,0,,23,Tauranga City,Give way,,,,,0,0,Urban,0,,,Fine,Null
1756875,5449418,15693,,572000,0,,0,2,,North,2009/2010,SH 1N,ACHERON ROAD,,Non-Injury Crash,Yes,2009,,East,,0,,Flat,,,,,,Dark,2069802,0,0,0,2,,,0,,,,,,Wellington Region,Nil,2-way,Sealed,,0,0,,50,,On,0,0,,44,Porirua City,Nil,,,,,0,0,Urban,0,,,Fine,Null
1749542,5422847,15694,,576100,0,,0,2,,Null,2008/2009,HOUGHTON BAY ROAD,HORNSEY ROAD,,Non-Injury Crash,No,2009,,North,,0,,Hill Road,,,,,,Bright sun,2194400,0,0,0,2,,,0,,,,,,Wellington Region,Nil,2-way,Sealed,,0,0,,50,,Null,0,0,,47,Wellington City,Give way,,,,,0,0,Urban,0,,,Fine,Null
1770451,5915392,15695,,522712,0,0,0,1,0,West,2009/2010,MARENDELLAS DRIVE,SHERALEE PLACE,,Non-Injury Crash,No,2009,0,North,0,0,0,Flat,0,,0,,0,Dark,681104,0,0,0,1,0,0,0,0,0,,0,0,Auckland Region,Nil,2-way,Sealed,0,0,0,0,50,0,On,0,0,,76,Auckland,Nil,0,0,0,1,0,0,Urban,0,0,0,Fine,Null
1707423,5656196,15696,,552702,0,0,0,1,1,Null,2008/2009,SH 3,TARIKI ROAD SOUTH,,Non-Injury Crash,Yes,2009,0,North,1,0,0,Flat,0,,0,,0,Bright sun,1607400,0,0,0,2,0,0,0,0,0,,0,0,Taranaki Region,Nil,2-way,Sealed,0,0,0,0,100,0,Null,0,0,,33,New Plymouth District,Nil,0,0,0,0,0,0,Open,0,0,0,Fine,Null
1884621,5773677,15697,,540420,0,,0,2,,East,2009/2010,SH 30A,RANOLF ST,,Non-Injury Crash,Yes,2009,,West,,0,,Flat,,,,,,Overcast,1236500,0,0,0,5,,,0,,,,,,Bay of Plenty Region,Nil,2-way,Sealed,,0,0,,50,,Off,0,0,,24,Rotorua District,Nil,,,,,0,0,Urban,0,,,Fine,Null
1802199,5813940,15698,,530300,0,,0,1,,Null,2009/2010,NAYLOR ST,GREY ST,,Non-Injury Crash,No,2009,,South,,0,,Flat,,,,,,Overcast,881600,0,0,0,2,,,0,,,,,,Waikato Region,Nil,2-way,Sealed,,0,0,,50,,Null,0,0,,16,Hamilton City,Give way,,,,,0,0,Urban,1,,,Fine,Null
1680177,5404962,15699,,581220,0,,0,2,,North,2008/2009,SH 1S,BUDGE ST,,Non-Injury Crash,Yes,2009,,South,,0,,Flat,,,,,,Overcast,2294700,0,0,0,2,,,0,,,,,,Marlborough Region,Nil,2-way,Sealed,,0,0,,50,,Null,0,0,,53,Marlborough District,Nil,,,,,0,0,Urban,0,,,Heavy rain,Null
1759177,5903524,15700,,524200,0,,0,2,,North,2008/2009,GEORGE BOLT MEMORIAL DRIV,TOM PEARCE DRIVE,,Non-Injury Crash,No,2009,,South,,0,,Flat,,,,,,Dark,727200,0,0,0,4,,,0,,,,,,Auckland Region,Nil,2-way,Sealed,,0,0,,50,,On,0,0,,76,Auckland,Nil,,,,,0,0,Urban,0,,,Fine,Null
1747644,5967879,15701,,506613,0,0,0,1,1,Null,2009/2010,SH 1N,VALERIE CLOSE N,,Non-Injury Crash,Yes,2009,0,North,0,0,0,Hill Road,0,,0,,0,Dark,146103,0,0,0,2,0,0,0,0,0,,0,0,Auckland Region,Nil,2-way,Sealed,0,0,0,0,100,0,None,0,0,,76,Auckland,Nil,0,0,0,0,0,0,Open,0,0,0,Fine,Null
1755076,5444248,15702,,571000,0,,0,1,,Null,2009/2010,MUNGAVIN AVENUE,AWATEA ST,,Non-Injury Crash,No,2009,,South,,0,,Flat,,,,,,Dark,2051100,0,0,0,2,,,0,,,,,,Wellington Region,Nil,2-way,Sealed,,0,0,,50,,On,0,0,,44,Porirua City,Give way,,,,,0,0,Urban,1,,,Fine,Null
2035588,5711344,15703,,544900,0,,0,1,,Null,2008/2009,LYTTON ROAD,ORMOND ROAD,,Non-Injury Crash,No,2009,,North,,0,,Flat,,,,,,Twilight,1376400,0,0,0,2,,,0,,,,,,Gisborne Region,Nil,2-way,Sealed,,0,0,,50,,Off,1,0,,28,Gisborne District,Stop,,,,,0,0,Urban,0,,,Fine,Null
1758217,5927680,15704,,508010,0,,0,2,,East,2009/2010,THE PROMENADE,KILLARNEY ST,,Non-Injury Crash,No,2009,,West,,0,,Flat,,,,,,Overcast,326700,0,0,0,1,,,0,,,,,,Auckland Region,Nil,1-way,Sealed,,0,0,,50,,Off,0,0,,76,Auckland,Stop,,,,,0,0,Urban,0,,,Fine,Null
1935656,5620489,15705,,546600,0,,0,2,,Null,2008/2009,KENNEDY ROAD,DOUGLAS MCLEAN AVENUE,,Non-Injury Crash,No,2009,,North,,0,,Flat,,,,,,Dark,1435800,0,0,0,4,,,0,,,,,,Hawke's Bay Region,Nil,2-way,Sealed,,0,0,,50,,On,0,0,,31,Napier City,Give way,,,,,0,0,Urban,0,,,Light rain,Null
1879455,5824137,15706,,538201,0,0,0,1,0,Null,2009/2010,DEVONPORT ROAD,ELIZABETH ST,,Non-Injury Crash,No,2009,0,South,0,0,0,Flat,0,Christmas New Year,0,,0,Bright sun,1164900,0,0,0,3,0,0,0,0,0,,0,1,Bay of Plenty Region,Nil,2-way,Sealed,0,0,0,0,50,0,Off,0,0,,23,Tauranga City,Traffic Signals,0,1,0,0,0,0,Urban,0,0,0,Fine,Null
1826000,5527874,15707,,563300,0,,0,1,,Null,2008/2009,SH 57,PAHIATUA AOKAUTERE ROAD,,Non-Injury Crash,Yes,2009,,West,,0,,Flat,,,,,,Bright sun,1798600,0,0,0,2,,,0,,,,,,Manawatū-Whanganui Region,Nil,2-way,Sealed,,0,0,,80,,Null,1,0,,40,Palmerston North City,Nil,,,,,0,0,Open,0,,,Fine,Null
1746843,5428162,15708,,574800,0,,1,0,,Null,2008/2009,CHAYTOR ST,CURTIS ST,,Non-Injury Crash,No,2009,,East,,0,,Flat,,,,,,Overcast,2106100,0,0,0,3,,,0,,,,,,Wellington Region,Nil,2-way,Sealed,,0,0,,50,,Null,0,0,,47,Wellington City,Give way,,,,,0,0,Urban,1,,,Light rain,Strong wind
1675976,5406591,15709,,580449,0,1,0,0,0,South,2008/2009,HAMMERICHS ROAD,RAPAURA ROAD,,Non-Injury Crash,No,2009,0,South,0,0,1,Flat,0,,0,,0,Twilight,2291600,0,0,0,2,0,0,0,0,0,,0,0,Marlborough Region,Bridge,2-way,Sealed,0,0,0,0,100,0,None,0,0,,53,Marlborough District,Nil,0,0,0,1,1,0,Open,0,0,0,Light rain,Null
1836677,5859493,15710,,534300,0,,0,2,,Null,2009/2010,SH 26,WILLOUGHBY ST,,Non-Injury Crash,Yes,2009,,West,,0,,Flat,,,,,,Bright sun,1073500,0,0,0,2,,,0,,,,,,Waikato Region,Nil,2-way,Sealed,,0,0,,50,,Off,0,0,,12,Hauraki District,Give way,,,,,0,0,Urban,0,,,Fine,Null
1821409,5532443,15711,,562100,0,0,0,1,0,West,2008/2009,JOHN F KENNEDY DRIVE,LANGLEY AVENUE,,Non-Injury Crash,No,2009,0,East,0,0,0,Flat,0,,0,,1,Dark,1837901,0,0,0,2,0,0,0,0,0,,0,0,Manawatū-Whanganui Region,Nil,2-way,Sealed,0,0,0,0,50,0,On,0,0,,40,Palmerston North City,Nil,0,0,0,1,0,0,Urban,0,0,0,Fine,Null
1766663,5912929,15712,,522910,0,,0,2,,Null,2009/2010,TI RAKAU DRIVE,REEVES ROAD,,Non-Injury Crash,No,2009,,North,,0,,Flat,,,,,,Bright sun,684000,0,0,0,6,,,0,,,,,,Auckland Region,Nil,2-way,Sealed,,0,0,,60,,Off,0,0,,76,Auckland,Traffic Signals,,,,,0,0,Urban,0,,,Fine,Null
1754301,5448160,15713,,570400,0,0,0,0,0,West,2008/2009,BAY DRIVE,WHANAKE ST,,Non-Injury Crash,No,2009,0,East,0,0,0,Hill Road,0,,0,,0,Bright sun,2042200,0,1,0,2,0,0,0,0,1,,0,0,Wellington Region,Nil,2-way,Sealed,0,0,0,0,50,0,Null,0,0,,44,Porirua City,Nil,0,0,0,0,0,0,Urban,1,0,0,Fine,Null
1748468,5914847,15714,,511700,0,,0,2,,Null,2009/2010,ARCHIBALD ROAD,ARCHLYNN ROAD,,Non-Injury Crash,No,2009,,North,,0,,Flat,,,,,,Overcast,270100,0,0,0,2,,,0,,,,,,Auckland Region,Nil,2-way,Sealed,,0,0,,50,,None,0,0,,76,Auckland,Give way,,,,,0,0,Urban,0,,,Light rain,Null
1745756,5920558,15715,,513301,0,,0,1,,Null,2009/2010,SH 16,LINCOLN ON EBD,,Non-Injury Crash,Yes,2009,,East,,0,,Flat,,,,,,Unknown,230200,0,0,0,2,,,0,,,,,,Auckland Region,Nil,2-way,Sealed,,0,0,,100,,Off,0,0,,76,Auckland,Nil,,,,,1,0,Open,0,,,Fine,Null
1573688,5179996,15716,,593600,0,,0,2,,Null,2008/2009,BUCKLEYS ROAD,NORWICH ST,,Non-Injury Crash,No,2009,,South,,0,,Flat,,,,,,Overcast,2612502,0,0,0,4,,,0,,,,,,Canterbury Region,Nil,2-way,Sealed,,0,0,,50,,Null,0,0,,60,Christchurch City,Give way,,,,,0,0,Urban,0,,,Light rain,Null
2038186,5709610,15717,,544500,0,0,0,1,0,East,2009/2010,Z DWAY ADAMS ROAD,ADAMS/SIEVWRIGHT,,Non-Injury Crash,No,2009,0,North,0,0,0,Flat,0,,0,,0,Dark,1380002,0,0,0,2,0,0,0,0,1,,0,0,Gisborne Region,Nil,Off road,Sealed,0,0,0,0,50,0,On,0,0,,28,Gisborne District,Nil,0,0,0,0,0,0,Urban,1,0,0,Fine,Null
1710169,5645798,15718,,553101,0,0,0,1,0,Null,2008/2009,TITANIA ST,CRAIG ST,,Non-Injury Crash,No,2009,0,West,0,0,0,Flat,0,,1,,0,Dark,1616300,0,0,0,2,0,0,0,0,0,,0,0,Taranaki Region,Nil,2-way,Sealed,0,0,0,0,50,0,On,0,0,,34,Stratford District,Nil,0,0,0,0,0,0,Urban,0,0,0,Fine,Null
1760384,5924447,15719,,509300,0,0,0,1,0,East,2009/2010,OLD LAKE ROAD,MERANI ST,,Non-Injury Crash,No,2009,0,East,0,0,0,Flat,0,,0,,0,Bright sun,338902,0,0,0,2,0,0,0,0,0,,0,0,Auckland Region,Nil,2-way,Sealed,0,0,0,0,50,0,Null,0,0,,76,Auckland,Stop,0,0,0,0,0,0,Urban,1,1,0,Fine,Null
1816882,5803603,15720,,527503,0,,0,1,,Null,2009/2010,SH 1N,SH 1B,,Non-Injury Crash,Yes,2009,,North,,0,,Flat,,,,,,Overcast,962602,0,0,0,2,,,0,,,,,,Waikato Region,Nil,2-way,Sealed,,0,0,,50,,Off,0,0,,17,Waipa District,Give way,,,,,1,0,Urban,0,,,Light rain,Null
1754888,5917573,15721,,517500,0,0,0,1,0,Null,2009/2010,ROSSMAY TERRACE,ALTHAM AVENUE,,Non-Injury Crash,No,2009,0,West,0,0,0,Flat,0,,0,,0,Overcast,532600,0,0,0,2,0,0,0,0,0,,0,0,Auckland Region,Nil,2-way,Sealed,0,0,0,0,50,0,Off,0,0,,76,Auckland,Give way,0,0,0,0,0,0,Urban,1,1,0,Light rain,Null
1804366,5826849,15722,,527122,0,,0,2,,South,2009/2010,GORDONTON ROAD,SH 1B,,Non-Injury Crash,No,2009,,North,,0,,Flat,,,,,,Overcast,953800,0,0,0,2,,,0,,,,,,Waikato Region,Nil,2-way,Sealed,,0,0,,100,,Off,0,0,,13,Waikato District,Nil,,,,,0,0,Open,0,,,Fine,Null
1573783,5181918,15723,,592812,0,,0,1,,South,2008/2009,HALBERG ST,MCBRATNEYS ROAD,,Non-Injury Crash,No,2009,,South,,0,,Flat,,,,,,Bright sun,2599700,0,0,0,2,,,0,,,,,,Canterbury Region,Nil,2-way,Sealed,,0,0,,50,,Null,1,0,,60,Christchurch City,Nil,,,,,0,0,Urban,0,,,Fine,Null
1760206,5787441,15724,,531301,0,0,0,1,0,West,2009/2010,SH 31,LAKE ROAD,,Non-Injury Crash,Yes,2009,0,West,0,0,0,Flat,0,,0,,0,Twilight,992801,0,0,0,2,0,0,0,0,0,,0,0,Waikato Region,Nil,2-way,Sealed,0,0,0,0,100,0,None,0,0,,18,Ōtorohanga District,Unknown,0,0,0,0,0,0,Open,0,0,0,Fine,Null
1681150,5410136,15725,,580431,0,0,0,1,0,North,2008/2009,PENINSULA ROAD,FERRY ROAD,,Non-Injury Crash,No,2009,0,South,0,0,1,Flat,0,,0,,0,Twilight,2278504,0,0,0,2,0,0,0,0,0,,0,0,Marlborough Region,Nil,2-way,Unsealed,0,0,0,0,50,0,None,0,0,,53,Marlborough District,Nil,0,0,0,0,0,0,Urban,0,0,0,Fine,Null
1752573,5932418,15726,,508807,1,,0,1,,Null,2009/2010,ROSEDALE ROAD,BLUESTONE RISE,,Non-Injury Crash,No,2009,,North,,0,,Flat,,,,,,Bright sun,180810,0,0,0,2,,,0,,,,,,Auckland Region,Nil,2-way,Sealed,,0,0,,50,,Off,0,0,,76,Auckland,Give way,,,,,0,0,Urban,0,,,Fine,Null
1749412,5427052,15727,,573400,0,0,0,2,0,East,2008/2009,MAJORIBANKS ST,KENT TERRACE,,Non-Injury Crash,No,2009,0,West,0,0,0,Flat,0,,0,,0,Bright sun,2139700,0,0,0,2,0,0,0,0,1,,0,0,Wellington Region,Nil,2-way,Sealed,0,0,0,0,50,0,Null,0,1,,47,Wellington City,Nil,0,0,0,0,0,0,Urban,0,0,0,Fine,Null
1936379,5621188,15728,,546901,0,,0,2,,Null,2008/2009,TENNYSON ST,THACKERAY ST,,Non-Injury Crash,No,2009,,North,,0,,Flat,,,,,,Bright sun,1428000,0,0,0,6,,,0,,,,,,Hawke's Bay Region,Nil,2-way,Sealed,,0,0,,50,,Null,0,0,,31,Napier City,Traffic Signals,,,,,0,0,Urban,0,,,Fine,Null
1824766,5530609,15729,,562600,0,,0,0,,Null,2009/2010,RUAMAHANGA CRESCENT,PATEA PLACE,,Non-Injury Crash,No,2009,,South,,0,,Flat,,,,,,Bright sun,1845400,0,0,0,2,,,0,,,,,,Manawatū-Whanganui Region,Nil,2-way,Sealed,,0,0,,50,,Null,0,0,,40,Palmerston North City,Nil,,,,,1,0,Urban,1,,,Fine,Null
1803314,5815959,15730,,530500,0,0,0,0,0,South,2009/2010,NOTTINGHAM DRIVE,RUAKURA ROAD,,Non-Injury Crash,No,2009,0,South,0,0,0,Flat,0,,0,,0,Dark,889401,0,0,0,2,0,0,0,0,0,,0,1,Waikato Region,Nil,2-way,Sealed,0,0,0,0,50,0,On,0,0,,16,Hamilton City,Unknown,0,0,0,0,0,0,Urban,1,0,0,Fine,Null
1799730,5816549,15731,,529700,0,,1,1,,Null,2009/2010,RICHMOND ST,ULSTER ST,,Non-Injury Crash,No,2009,,North,,0,,Flat,,,,,,Bright sun,908501,0,0,0,2,,,0,,,,,,Waikato Region,Nil,2-way,Sealed,,0,0,,50,,Off,0,0,,16,Hamilton City,Give way,,,,,0,0,Urban,0,,,Fine,Null
1687930,5621736,15732,,553700,0,0,0,1,0,West,2008/2009,SH 45,TAIKATU ROAD,,Non-Injury Crash,Yes,2009,0,West,0,0,0,Flat,0,,0,,0,Overcast,1660400,0,0,0,2,0,0,0,0,0,,0,0,Taranaki Region,Nil,2-way,Sealed,0,0,0,0,100,0,Null,0,0,,35,South Taranaki District,Nil,0,1,0,1,0,0,Open,0,0,0,Fine,Null
1751878,5432044,15733,,574002,0,0,0,2,0,North,2008/2009,SH 1N,SH 2,,Non-Injury Crash,Yes,2009,0,South,0,0,0,Hill Road,1,,0,,0,Dark,2078302,0,0,0,2,0,0,0,0,0,,0,0,Wellington Region,Nil,2-way,Sealed,0,0,0,0,100,0,On,0,0,,47,Wellington City,Nil,0,0,0,0,0,0,Open,0,0,0,Fine,Null
1410774,4935015,15734,,601605,0,0,0,1,0,North,2009/2010,SH 1S,COAST ROAD S,,Non-Injury Crash,Yes,2009,0,North,0,0,0,Hill Road,1,,0,,0,Dark,2858000,0,0,0,2,0,0,0,0,0,,0,0,Otago Region,Nil,2-way,Sealed,0,0,0,0,100,0,None,0,0,,71,Dunedin City,Unknown,0,0,0,0,0,0,Open,0,0,0,Fine,Null
1809758,5452039,15735,,579502,0,,0,1,,Null,2008/2009,SH 2,SWAMP ROAD,,Non-Injury Crash,Yes,2009,,South,,0,,Flat,,,,,,Overcast,2261700,0,0,0,2,,,0,,,,,,Wellington Region,Nil,2-way,Sealed,,0,0,,100,,Null,0,0,,49,Carterton District,Give way,,,,,0,0,Open,1,,,Fine,Null
1760545,5916809,15736,,516202,0,0,0,1,0,West,2009/2010,REMUERA ROAD,ORAKEI ROAD,,Non-Injury Crash,No,2009,0,West,0,0,0,Flat,0,,0,,0,Bright sun,490600,0,0,0,2,0,0,0,0,0,,1,1,Auckland Region,Nil,2-way,Sealed,0,0,0,0,50,0,Null,0,0,,76,Auckland,Nil,0,0,0,0,0,0,Urban,0,0,0,Fine,Null
1877563,5826513,15737,,537201,0,,0,2,,East,2009/2010,NGATAI ROAD,SHORT ST,,Non-Injury Crash,No,2009,,East,,0,,Flat,,,,,,Bright sun,1155101,0,0,0,2,,,0,,,,,,Bay of Plenty Region,Nil,2-way,Sealed,,0,0,,50,,Null,0,0,,23,Tauranga City,Unknown,,,,,0,0,Urban,0,,,Fine,Null
1756962,5920349,15738,,514102,0,,0,2,,West,2009/2010,WELLESLEY ST WEST,HOBSON ST,,Non-Injury Crash,No,2009,,West,,0,,Hill Road,,,,,,Bright sun,433700,0,0,0,4,,,0,,,,,,Auckland Region,Nil,2-way,Sealed,,0,0,,50,,Off,0,0,,76,Auckland,Nil,,,,,0,0,Urban,0,,,Fine,Null
1772175,5914990,15739,,521602,0,0,0,4,0,Null,2009/2010,MOORE ST,CENTRAL TERRACE,,Non-Injury Crash,No,2009,0,North,0,0,0,Flat,0,,0,,0,Bright sun,649900,0,0,0,2,0,0,0,0,1,,0,0,Auckland Region,Nil,2-way,Sealed,0,0,0,0,50,0,Off,0,0,,76,Auckland,Give way,0,0,0,0,0,0,Urban,0,0,0,Fine,Null
1748580,5427289,15740,,573101,0,0,0,0,0,South,2008/2009,SLIP,VICTORIA ST,,Non-Injury Crash,No,2009,0,South,0,0,0,Flat,0,,0,,1,Overcast,2131500,0,1,0,1,0,0,0,0,0,,0,0,Wellington Region,Nil,1-way,Sealed,0,0,0,0,50,0,Null,0,0,,47,Wellington City,Nil,0,0,0,0,0,0,Urban,1,0,0,Fine,Null
1747184,5913793,15741,,511100,0,,0,1,,East,2009/2010,WEST COAST ROAD,GLENVIEW ROAD,,Non-Injury Crash,No,2009,,West,,0,,Flat,,,,,,Bright sun,286200,0,0,0,3,,,0,,,,,,Auckland Region,Nil,2-way,Sealed,,0,0,,50,,Off,0,0,,76,Auckland,Traffic Signals,,,,,0,0,Urban,1,,,Fine,Null
1690690,5674123,15742,,551503,0,0,0,2,0,East,2008/2009,OMATA ROAD,COOK ST,,Non-Injury Crash,No,2009,0,East,0,0,0,Flat,0,,0,,0,Dark,1579302,0,0,0,2,0,0,0,0,1,,0,0,Taranaki Region,Nil,2-way,Sealed,0,0,0,0,50,0,On,0,0,,33,New Plymouth District,Nil,0,0,0,0,0,0,Urban,0,0,0,Fine,Null
1776480,5477753,15743,,563920,0,0,0,1,0,North,2008/2009,SH 1N,TE KOWHAI ROAD,,Non-Injury Crash,Yes,2009,0,South,0,0,0,Flat,1,Christmas New Year,0,,0,Overcast,1883903,0,0,0,2,0,0,0,0,0,,0,0,Wellington Region,Nil,2-way,Sealed,0,0,0,0,100,0,Null,0,0,,43,Kapiti Coast District,Nil,0,0,0,0,0,0,Open,0,0,0,Fine,Null
1929878,5605947,15744,,547700,0,,0,1,,Null,2009/2010,TOMOANA ROAD,FITZROY AVENUE,,Non-Injury Crash,No,2009,,North,,0,,Flat,,,,,,Bright sun,1488400,0,0,0,2,,,0,,,,,,Hawke's Bay Region,Nil,2-way,Sealed,,0,0,,50,,Null,1,0,,30,Hastings District,Stop,,,,,0,0,Urban,0,,,Fine,Null
1773048,5445280,15745,,567300,0,,0,2,,East,2009/2010,FERGUSSON DRIVE,KEYS ST,,Non-Injury Crash,No,2009,,East,,0,,Flat,,,,,,Dark,1892600,0,0,0,2,,,0,,,,,,Wellington Region,Nil,2-way,Sealed,,0,0,,50,,On,0,0,,45,Upper Hutt City,Nil,,,,,0,0,Urban,0,,,Fine,Null
1752225,5912992,15746,,514600,0,,0,2,,Null,2009/2010,WHITNEY ST,TERRY ST,,Non-Injury Crash,No,2009,,West,,0,,Flat,,,,,,Dark,373700,0,0,0,3,,,0,,,,,,Auckland Region,Nil,2-way,Sealed,,0,0,,50,,On,0,0,,76,Auckland,Give way,,,,,0,0,Urban,0,,,Fine,Null
1751429,5433643,15747,,574002,0,,0,3,,South,2008/2009,SH 1N,NEWLANDS ON SBD,,Non-Injury Crash,Yes,2009,,South,,0,,Hill Road,,,,,,Dark,2078304,0,0,0,3,,,0,,,,,,Wellington Region,Nil,1-way,Sealed,,0,0,,80,,On,0,0,,47,Wellington City,Nil,,,,,0,0,Open,0,,,Heavy rain,Null
1986264,5733943,15748,,543601,0,,0,0,,North,2009/2010,TE WERA ROAD,KORANGA VALLEY ROAD,,Non-Injury Crash,No,2009,,South,,0,,Hill Road,,,,,,Overcast,1353200,0,0,0,2,,,0,,,,,,Gisborne Region,Nil,2-way,Unsealed,,0,0,,100,,Null,1,0,,28,Gisborne District,Nil,,,,,0,0,Open,1,,,Fine,Null
1884446,5825295,15749,,536831,0,,0,1,,Null,2009/2010,GLOUCESTER ROAD,GIRVEN ROAD,,Non-Injury Crash,No,2009,,East,,0,,Flat,,,,,,Overcast,1201300,0,0,0,4,,,0,,,,,,Bay of Plenty Region,Nil,2-way,Sealed,,0,0,,50,,Off,1,0,,23,Tauranga City,Traffic Signals,,,,,0,0,Urban,0,,,Fine,Null
1693100,5675894,15750,,552002,0,,0,2,,Null,2009/2010,CARRINGTON ST,PENDARVES ST,,Non-Injury Crash,No,2009,,North,,0,,Flat,,,,,,Overcast,1595300,0,0,0,2,,,0,,,,,,Taranaki Region,Nil,2-way,Sealed,,0,0,,50,,Null,0,0,,33,New Plymouth District,Give way,,,,,0,0,Urban,0,,,Fine,Null
1747902,5424264,15751,,575800,0,0,0,1,0,North,2008/2009,BALFOUR ST,FARNHAM ST,,Non-Injury Crash,No,2009,0,South,0,0,1,Hill Road,0,,0,,0,Bright sun,2197700,0,0,0,2,0,0,0,0,0,,0,0,Wellington Region,Nil,2-way,Sealed,0,0,0,0,50,0,Null,0,0,,47,Wellington City,Nil,0,0,0,1,0,0,Urban,0,0,0,Fine,Null
1679802,5404081,15752,,581230,0,,0,2,,West,2009/2010,ALFRED ST,HUTCHESON ST,,Non-Injury Crash,No,2009,,East,,0,,Flat,,,,,,Bright sun,2297700,0,0,0,2,,,0,,,,,,Marlborough Region,Nil,2-way,Sealed,,0,0,,50,,Null,0,0,,53,Marlborough District,Nil,,,,,0,0,Urban,0,,,Fine,Null