X,Y,OBJECTID,advisorySpeed,areaUnitID,bicycle,bridge,bus,carStationWagon,cliffBank,crashDirectionDescription,crashFinancialYear,crashLocation1,crashLocation2,crashRoadSideRoad,crashSeverity,crashSHDescription,crashYear,debris,directionRoleDescription,ditch,fatalCount,fence,flatHill,guardRail,holiday,houseOrBuilding,intersection,kerb,light,meshblockId,minorInjuryCount,moped,motorcycle,NumberOfLanes,objectThrownOrDropped,otherObject,otherVehicleType,overBank,parkedVehicle,pedestrian,phoneBoxEtc,postOrPole,region,roadCharacter,roadLane,roadSurface,roadworks,schoolBus,seriousInjuryCount,slipOrFlood,speedLimit,strayAnimal,streetLight,suv,taxi,temporarySpeedLimit,tlaId,tlaName,trafficControl,trafficIsland,trafficSign,train,tree,truck,unknownVehicleType,urban,vanOrUtility,vehicle,waterRiver,weatherA,weatherB
1242906,4850056,15753,,611210,0,,0,1,,Null,2008/2009,YARROW ST,DEVERON ST,,Non-Injury Crash,No,2009,,East,,0,,Flat,,,,,,Overcast,3106500,0,0,0,2,,,0,,,,,,Southland Region,Nil,2-way,Sealed,,0,0,,50,,Null,1,0,,75,Invercargill City,Traffic Signals,,,,,0,0,Urban,0,,,Fine,Null
1763130,5905914,15754,,524303,0,,0,1,,Null,2009/2010,CLAUDE AVENUE,PORTAGE ROAD,,Non-Injury Crash,No,2009,,West,,0,,Flat,,,,,,Overcast,656200,0,0,0,2,,,0,,,,,,Auckland Region,Nil,2-way,Sealed,,0,0,,50,,Off,0,0,,76,Auckland,Give way,,,,,0,0,Urban,1,,,Fine,Null
1710639,5645037,15755,,553101,0,,0,1,,North,2008/2009,SH 3,SH 43,,Non-Injury Crash,Yes,2009,,North,,0,,Flat,,,,,,Bright sun,1615800,0,0,0,2,,,0,,,,,,Taranaki Region,Nil,2-way,Sealed,,0,0,,50,,Null,1,0,,34,Stratford District,Nil,,,,,0,0,Urban,0,,,Fine,Null
1727994,6007444,15756,,501815,0,,0,1,,South,2009/2010,SH 1N,ARTILLERY ROAD,,Non-Injury Crash,Yes,2009,,South,,0,,Hill Road,,,,,,Bright sun,81300,0,0,0,3,,,0,,,,,,Northland Region,Nil,2-way,Sealed,,0,0,,100,,None,0,0,,2,Whangarei District,Nil,,,,,0,0,Open,1,,,Fine,Null
1933266,5619392,15757,,546400,0,,0,2,,Null,2009/2010,SH 2B,TARADALE ROAD,,Non-Injury Crash,Yes,2009,,South,,0,,Flat,,,,,,Overcast,1427700,0,0,0,2,,,0,,,,,,Hawke's Bay Region,Nil,2-way,Sealed,,0,0,,100,,Null,0,0,,31,Napier City,Give way,,,,,0,0,Open,0,,,Fine,Null
1238690,4847223,15758,,609922,0,,0,2,,East,2008/2009,DUNNS ROAD,VYNER ROAD,,Non-Injury Crash,No,2009,,East,,0,,Flat,,,,,,Bright sun,3083402,0,0,0,2,,,0,,,,,,Southland Region,Nil,2-way,Sealed,,0,0,,70,,Null,0,0,,75,Invercargill City,Nil,,,,,0,0,Urban,0,,,Fine,Null
1751686,5434101,15759,,574100,0,,0,2,,South,2008/2009,SH 1N,JOHNSONVILLE OFF NBD,,Non-Injury Crash,Yes,2009,,North,,0,,Flat,,,,,,Overcast,2084600,0,0,0,2,,,0,,,,,,Wellington Region,Nil,2-way,Sealed,,0,0,,80,,Null,0,0,,47,Wellington City,Nil,,,,,0,0,Open,0,,,Fine,Null
1929560,5605258,15760,,548200,1,,0,1,,Null,2008/2009,NELSON ST NORTH,HERETAUNGA ST WEST,,Non-Injury Crash,No,2009,,East,,0,,Flat,,,,,,Bright sun,1490100,0,0,0,2,,,0,,,,,,Hawke's Bay Region,Nil,2-way,Sealed,,0,0,,50,,Null,0,0,,30,Hastings District,Traffic Signals,,,,,0,0,Urban,0,,,Fine,Null
1822322,5531322,15761,,562401,0,,0,2,,Null,2009/2010,HERETAUNGA ST,RONGOPAI ST,,Non-Injury Crash,No,2009,,North,,0,,Flat,,,,,,Bright sun,1833200,0,0,0,2,,,0,,,,,,Manawatū-Whanganui Region,Nil,2-way,Sealed,,0,0,,50,,Null,0,0,,40,Palmerston North City,Give way,,,,,0,0,Urban,0,,,Fine,Null
1759543,5447801,15762,,565602,0,0,0,1,1,West,2008/2009,SH 58,JAMES COOK DRIVE,,Non-Injury Crash,Yes,2009,0,West,0,0,0,Flat,0,,0,,0,Overcast,2072401,0,0,0,2,0,0,0,0,0,,0,0,Wellington Region,Nil,2-way,Sealed,0,0,0,0,80,0,Null,0,0,,44,Porirua City,Nil,0,0,0,0,0,0,Open,0,0,0,Heavy rain,Null
1756677,5434861,15763,,569900,0,,0,1,,Null,2008/2009,HUTT ROAD,JACKSON ST,,Non-Injury Crash,No,2009,,East,,0,,Flat,,,,,,Twilight,2034600,0,0,0,2,,,0,,,,,,Wellington Region,Nil,2-way,Sealed,,0,0,,50,,On,0,0,,46,Lower Hutt City,Give way,,,,,1,0,Urban,0,,,Fine,Null
1772745,5874488,15764,,526200,0,0,0,0,0,South,2009/2010,CARR ST,MADILL ROAD,,Non-Injury Crash,No,2009,0,North,0,0,0,Flat,0,,0,,0,Bright sun,839200,0,0,0,2,0,1,0,0,0,,0,0,Waikato Region,Nil,2-way,Sealed,0,0,0,0,50,0,Off,0,0,,13,Waikato District,Nil,0,0,0,0,1,0,Urban,0,0,0,Fine,Null
1820656,5528841,15765,,562310,0,0,0,2,0,East,2009/2010,PIONEER HIGHWAY,BRYANT ST,,Non-Injury Crash,No,2009,0,East,0,0,0,Flat,0,,0,,0,Overcast,1825400,0,0,0,2,0,0,0,0,1,,0,0,Manawatū-Whanganui Region,Nil,2-way,Sealed,0,0,0,0,50,0,Null,0,0,,40,Palmerston North City,Nil,0,0,0,0,0,0,Urban,0,0,0,Light rain,Null
1796041,5693763,15766,,532902,0,,0,2,,West,2009/2010,SH 4,MARAE ST,,Non-Injury Crash,Yes,2009,,West,,0,,Flat,,,,,,Bright sun,1034800,0,0,0,2,,,0,,,,,,Manawatū-Whanganui Region,Nil,2-way,Sealed,,0,0,,50,,Null,0,0,,36,Ruapehu District,Nil,,,,,0,0,Urban,0,,,Fine,Null
1820088,5544934,15767,,560740,0,0,0,2,0,South,2008/2009,SEDDON ST,SH 54,,Non-Injury Crash,No,2009,0,West,0,0,0,Flat,0,,0,,0,Dark,1771500,0,0,0,2,0,0,0,0,1,,0,0,Manawatū-Whanganui Region,Nil,2-way,Sealed,0,0,0,0,50,0,On,0,0,,39,Manawatu District,Nil,0,0,0,0,0,0,Urban,0,0,0,Fine,Null
1747571,5425476,15768,,575701,0,,0,1,,East,2009/2010,TAFT ST,OHIRO ROAD,,Non-Injury Crash,No,2009,,East,,0,,Hill Road,,,,,,Overcast,2199500,0,0,0,2,,,0,,,,,,Wellington Region,Nil,2-way,Sealed,,0,0,,50,,Null,0,0,,47,Wellington City,Nil,,,,,1,0,Urban,0,,,Fine,Null
1760455,5436784,15769,,569100,0,,0,2,,East,2009/2010,HIGH ST,BRUNSWICK ST,,Non-Injury Crash,No,2009,,West,,0,,Flat,,,,,,Dark,1968600,0,0,0,2,,,0,,,,,,Wellington Region,Nil,2-way,Sealed,,0,0,,50,,On,0,0,,46,Lower Hutt City,Nil,,,,,0,0,Urban,0,,,Fine,Null
1929360,5605514,15770,,547700,0,,0,1,,South,2008/2009,Z CPK GOLDEN SPRINGS T/A,HERETAUNGA/TOMOANA,,Non-Injury Crash,No,2009,,North,,0,,Flat,,,,,,Overcast,1487700,0,0,0,0,,,0,,,,,,Hawke's Bay Region,Nil,Off road,Sealed,,0,0,,50,,Null,1,0,,30,Hastings District,Nil,,,,,0,0,Urban,0,,,Fine,Null
1791777,5506895,15771,,564021,0,,0,1,,Null,2008/2009,SH 1N,WAITARERE BEACH ROAD,,Non-Injury Crash,Yes,2009,,North,,0,,Flat,,,,,,Bright sun,1854901,0,0,0,2,,,0,,,,,,Manawatū-Whanganui Region,Nil,2-way,Sealed,,0,0,,100,,Null,0,0,,42,Horowhenua District,Give way,,,,,1,0,Open,0,,,Fine,Null
2034797,5709434,15772,,544300,0,,0,1,,Null,2009/2010,CHILDERS ROAD,LYTTON ROAD,,Non-Injury Crash,No,2009,,South,,0,,Flat,,,,,,Dark,1367801,0,0,0,2,,,0,,,,,,Gisborne Region,Nil,2-way,Sealed,,0,0,,50,,On,0,0,,28,Gisborne District,Give way,,,,,0,0,Urban,0,,,Light rain,Null
1772492,5445382,15773,,567400,0,0,0,1,0,West,2008/2009,ROUTLEY CRESCENT,HUIA GROVE,,Non-Injury Crash,No,2009,0,South,0,0,0,Flat,0,,0,,0,Overcast,1887900,0,0,0,2,0,0,0,0,1,,0,0,Wellington Region,Nil,2-way,Sealed,0,0,0,0,50,0,Null,1,0,,45,Upper Hutt City,Nil,0,0,0,0,0,0,Urban,0,0,0,Heavy rain,Null
1765650,5901402,15774,,524821,0,,0,1,,Null,2008/2009,ROSCOMMON ROAD,BROWNS ROAD,,Non-Injury Crash,No,2009,,North,,0,,Flat,,Queens Birthday,,,,Bright sun,774446,0,0,1,4,,,0,,,,,,Auckland Region,Nil,2-way,Sealed,,0,0,,80,,Off,0,0,,76,Auckland,Traffic Signals,,,,,0,0,Open,0,,,Fine,Null
1692528,5675818,15775,,551900,0,,0,2,,North,2009/2010,DAWSON ST,FULFORD ST,,Non-Injury Crash,No,2009,,North,,0,,Flat,,,,,,Overcast,1589900,0,0,0,2,,,0,,,,,,Taranaki Region,Nil,2-way,Sealed,,0,0,,50,,Null,0,1,,33,New Plymouth District,Nil,,,,,0,0,Urban,0,,,Fine,Null
1824827,5800059,15776,,535241,0,0,0,2,0,South,2008/2009,SH 1N,KARAPIRO ROAD,,Non-Injury Crash,Yes,2009,0,South,1,0,0,Flat,0,,0,,0,Dark,1123000,0,0,0,2,0,0,0,0,0,,0,0,Waikato Region,Nil,2-way,Sealed,0,0,0,0,100,0,None,0,0,,17,Waipa District,Unknown,0,0,0,0,0,0,Open,0,0,0,Heavy rain,Null
1771090,5911000,15777,,523110,0,,0,1,,Null,2009/2010,KILKENNY DRIVE,DANNEMORA DRIVE,,Non-Injury Crash,No,2009,,South,,0,,Flat,,,,,,Overcast,712006,0,0,0,2,,,0,,,,,,Auckland Region,Nil,2-way,Sealed,,0,0,,50,,Off,0,0,,76,Auckland,Give way,,,,,0,0,Urban,0,,,Fine,Null
1824016,5463236,15778,,578600,0,,0,2,,Null,2009/2010,DIXON ST,BANNISTER ST,,Non-Injury Crash,No,2009,,North,,0,,Flat,,,,,,Bright sun,2244000,0,0,0,2,,,0,,,,,,Wellington Region,Nil,2-way,Sealed,,0,0,,50,,Null,0,0,,48,Masterton District,Give way,,,,,0,0,Urban,0,,,Fine,Null
1757901,5445655,15779,,571400,0,,0,2,,Null,2009/2010,WARSPITE AVENUE,PENGUIN GROVE,,Non-Injury Crash,No,2009,,South,,0,,Hill Road,,,,,,Overcast,2058400,0,0,0,2,,,0,,,,,,Wellington Region,Nil,2-way,Sealed,,0,0,,50,,Null,0,0,,44,Porirua City,Nil,,,,,0,0,Urban,0,,,Fine,Null
1929206,5605724,15780,,547700,0,0,0,1,0,East,2009/2010,HERETAUNGA ST WEST,BERESFORD ST,,Non-Injury Crash,No,2009,0,East,0,0,0,Flat,0,,0,,0,Overcast,1487800,0,0,0,2,0,0,0,0,1,,0,0,Hawke's Bay Region,Nil,2-way,Sealed,0,0,0,0,50,0,Null,1,0,,30,Hastings District,Nil,0,0,0,0,0,0,Urban,0,0,0,Fine,Null
1764537,5438803,15781,,568202,0,0,0,2,0,South,2009/2010,EASTERN HUTT ROAD,PETERKIN ST N,,Non-Injury Crash,No,2009,0,South,0,0,0,Flat,0,,0,,1,Overcast,1932900,0,0,0,2,0,0,0,0,1,,0,0,Wellington Region,Nil,2-way,Sealed,0,0,0,0,50,0,Null,0,0,,46,Lower Hutt City,Nil,0,0,0,0,0,0,Urban,0,0,0,Fine,Null
1718684,6045773,15782,,503000,0,,0,2,,Null,2009/2010,SH 1N,CENTRAL AVENUE,,Non-Injury Crash,Yes,2009,,South,,0,,Flat,,,,,,Dark,97800,0,0,0,4,,,0,,,,,,Northland Region,Nil,2-way,Sealed,,0,0,,50,,On,0,0,,2,Whangarei District,Traffic Signals,,,,,0,0,Urban,0,,,Fine,Null
1750302,5425012,15783,,576903,0,,0,2,,Null,2008/2009,SH 1N,EVANS BAY PARADE,,Non-Injury Crash,Yes,2009,,East,,0,,Flat,,,,,,Bright sun,2180200,0,0,0,2,,,0,,,,,,Wellington Region,Nil,2-way,Sealed,,0,0,,50,,Null,0,1,,47,Wellington City,Traffic Signals,,,,,0,0,Urban,0,,,Fine,Null
1763499,5436803,15784,,568302,0,,0,1,,South,2009/2010,SEDDON ST,GIBSON CRESCENT,,Non-Injury Crash,No,2009,,South,,0,,Flat,,,,,,Bright sun,1958200,0,0,0,2,,,0,,,,,,Wellington Region,Nil,2-way,Sealed,,0,0,,50,,Null,0,0,,46,Lower Hutt City,Nil,,,,,0,0,Urban,1,,,Fine,Null
1748350,5427758,15785,,573000,0,,0,2,,South,2008/2009,SH 1N,NORTH PORTAL SBD,,Non-Injury Crash,Yes,2009,,South,,0,,Flat,,,,,,Bright sun,2126900,0,0,0,2,,,0,,,,,,Wellington Region,Nil,2-way,Sealed,,0,0,,80,,Null,0,0,,47,Wellington City,Nil,,,,,0,0,Open,2,,,Fine,Null
1757465,5434723,15786,,570100,0,0,0,2,0,North,2008/2009,RICHMOND ST,CAMPBELL TERRACE,,Non-Injury Crash,No,2009,0,North,0,0,0,Flat,0,,0,,0,Dark,2031300,0,0,0,2,0,0,0,0,1,,0,0,Wellington Region,Nil,2-way,Sealed,0,0,0,0,50,0,On,0,0,,46,Lower Hutt City,Nil,0,0,0,0,0,0,Urban,0,0,0,Fine,Null
1749300,5425272,15787,,576400,0,,0,4,,Null,2008/2009,OWEN ST,MEIN ST,,Non-Injury Crash,No,2009,,South,,0,,Hill Road,,,,,,Overcast,2167700,0,0,0,2,,,0,,,,,,Wellington Region,Nil,2-way,Sealed,,0,0,,50,,Null,0,0,,47,Wellington City,Give way,,,,,0,0,Urban,0,,,Fine,Null
1569883,5177578,15788,,595400,0,,0,2,,Null,2008/2009,SELWYN ST,MILTON ST,,Non-Injury Crash,No,2009,,South,,0,,Flat,,,,,,Bright sun,2645100,0,0,0,2,,,0,,,,,,Canterbury Region,Nil,2-way,Sealed,,0,0,,50,,Null,0,0,,60,Christchurch City,Traffic Signals,,,,,0,0,Urban,0,,,Fine,Null
1877106,5824027,15789,,537301,0,0,0,2,0,South,2009/2010,KINGSWOOD ROAD,FILTON AVENUE,,Non-Injury Crash,No,2009,0,South,0,0,0,Flat,0,,0,,1,Overcast,1160200,0,0,0,2,0,0,0,0,0,,0,0,Bay of Plenty Region,Nil,2-way,Sealed,0,0,0,0,50,0,Off,0,0,,23,Tauranga City,Nil,0,0,0,0,0,0,Urban,0,0,0,Light rain,Null
1754164,5935475,15790,,508704,0,,0,2,,Null,2009/2010,EAST COAST ROAD,SARTORS AVENUE,,Non-Injury Crash,No,2009,,South,,0,,Flat,,,,,,Overcast,178611,0,0,0,2,,,0,,,,,,Auckland Region,Nil,2-way,Sealed,,0,0,,50,,Null,0,0,,76,Auckland,Give way,,,,,0,0,Urban,0,,,Light rain,Null
1759572,5436927,15791,,569301,0,0,0,1,0,East,2009/2010,HARBOUR VIEW ROAD,GASKILL GROVE,,Non-Injury Crash,No,2009,0,East,0,0,0,Hill Road,0,,0,,0,Dark,1919900,0,0,0,2,0,0,0,0,0,,0,0,Wellington Region,Nil,2-way,Sealed,0,0,0,0,50,0,On,0,0,,46,Lower Hutt City,Nil,0,0,0,1,0,0,Urban,0,0,0,Fine,Null
1765650,5904931,15792,,524603,0,0,0,1,0,Null,2009/2010,PUHINUI ROAD,PLUNKET AVENUE,,Non-Injury Crash,No,2009,0,West,0,0,0,Flat,0,,0,,0,Overcast,673401,0,0,0,2,0,0,0,0,0,,0,0,Auckland Region,Nil,2-way,Sealed,0,0,0,0,50,0,Off,0,0,,76,Auckland,Nil,0,0,0,0,0,0,Urban,1,1,0,Fine,Null
1763160,5910497,15793,,521901,0,0,0,2,0,West,2009/2010,PORTAGE ROAD,ABATTOIR LANE,,Non-Injury Crash,No,2009,0,South,0,0,0,Flat,0,,0,,0,Overcast,781800,0,0,0,2,0,0,0,0,0,,0,0,Auckland Region,Nil,2-way,Sealed,0,0,0,0,50,0,Off,0,0,,76,Auckland,Nil,0,0,0,0,0,0,Urban,0,1,0,Fine,Null
1749449,5426178,15794,,573400,0,,0,2,,East,2009/2010,SH 1N,WEST PORTAL,,Non-Injury Crash,Yes,2009,,West,,0,,Flat,,,,,,Dark,2143300,0,0,0,2,,,0,,,,,,Wellington Region,Nil,2-way,Sealed,,0,0,,50,,On,0,0,,47,Wellington City,Nil,,,,,0,0,Urban,0,,,Fine,Null
1775263,5577264,15795,,557100,0,,0,2,,Null,2008/2009,WILSON ST,RIDGWAY ST,,Non-Injury Crash,No,2009,,South,,0,,Flat,,,,,,Bright sun,1697200,0,0,0,2,,,0,,,,,,Manawatū-Whanganui Region,Nil,2-way,Sealed,,0,0,,50,,Null,0,1,,37,Whanganui District,Stop,,,,,0,0,Urban,0,,,Fine,Null
1929634,5605762,15796,,548200,0,,0,2,,Null,2008/2009,ST AUBYN ST,TOMOANA ROAD,,Non-Injury Crash,No,2009,,North,,0,,Flat,,,,,,Bright sun,1490300,0,0,0,2,,,0,,,,,,Hawke's Bay Region,Nil,2-way,Sealed,,0,0,,50,,Null,0,0,,30,Hastings District,Traffic Signals,,,,,0,0,Urban,0,,,Fine,Null
1569823,5181531,15797,,592401,0,0,0,1,0,East,2008/2009,CLARE ROAD,PAPANUI ROAD,,Non-Injury Crash,No,2009,0,West,0,0,0,Flat,0,,0,,0,Dark,2689900,0,0,0,2,0,0,0,0,1,,0,0,Canterbury Region,Nil,2-way,Sealed,0,0,0,0,50,0,On,0,0,,60,Christchurch City,Unknown,0,0,0,0,0,0,Urban,1,0,0,Fine,Frost
1751030,5423187,15798,,577000,0,0,0,1,0,East,2009/2010,MOA POINT ROAD,COCHRANE ST,,Non-Injury Crash,No,2009,0,East,0,0,1,Flat,0,,0,,0,Overcast,2175600,0,0,0,2,0,0,0,0,0,,0,0,Wellington Region,Nil,2-way,Sealed,0,0,0,0,50,0,Null,0,0,,47,Wellington City,Nil,0,0,0,0,0,0,Urban,0,0,0,Fine,Null
1754730,5917974,15799,,517600,0,,0,2,,North,2009/2010,DON CROOT ST,WESTERN SPRINGS ROAD,,Non-Injury Crash,No,2009,,South,,0,,Hill Road,,,,,,Dark,533504,0,0,0,2,,,0,,,,,,Auckland Region,Nil,2-way,Sealed,,0,0,,50,,On,0,0,,76,Auckland,Nil,,,,,0,0,Urban,0,,,Fine,Null
2035865,5710543,15800,,544200,0,0,0,1,0,North,2008/2009,ATKINSON ST,TARUHERU CRESCENT,,Non-Injury Crash,No,2009,0,South,0,0,0,Hill Road,0,,0,,0,Overcast,1377800,0,0,0,2,0,0,0,0,0,,0,1,Gisborne Region,Nil,2-way,Sealed,0,0,0,0,50,0,Null,0,0,,28,Gisborne District,Nil,0,0,0,0,0,0,Urban,0,0,0,Light rain,Null
1572631,5184211,15801,,590505,0,,0,1,,Null,2008/2009,MARSHLAND ROAD,BRIGGS ROAD,,Non-Injury Crash,No,2009,,North,,0,,Flat,,,,,,Overcast,2506201,0,0,0,2,,,0,,,,,,Canterbury Region,Nil,2-way,Sealed,,0,0,,50,,Null,0,0,,60,Christchurch City,Traffic Signals,,,,,1,0,Urban,0,,,Fine,Null
1744363,5921066,15802,,513631,0,,0,1,,East,2008/2009,KEEGAN DRIVE,LILBURN CRESCENT,,Non-Injury Crash,No,2009,,West,,0,,Hill Road,,,,,,Overcast,227804,0,0,0,2,,,0,,,1,,,Auckland Region,Nil,2-way,Sealed,,0,0,,40,,Off,0,0,,76,Auckland,Nil,,,,,0,0,Urban,0,,,Fine,Null
1759843,5434832,15803,,569002,0,,0,2,,Null,2009/2010,LUDLAM CRESCENT,WHITES LINE EAST,,Non-Injury Crash,No,2009,,South,,0,,Flat,,,,,,Overcast,1964200,0,0,0,2,,,0,,,,,,Wellington Region,Nil,2-way,Sealed,,0,0,,50,,Null,0,0,,46,Lower Hutt City,Give way,,,,,0,0,Urban,0,,,Light rain,Null
1756637,5920894,15804,,514101,0,,0,2,,Null,2009/2010,HALSEY ST,GAUNT ST,,Non-Injury Crash,No,2009,,South,,0,,Flat,,,,,,Bright sun,432400,0,0,0,2,,,0,,,,,,Auckland Region,Nil,2-way,Sealed,,0,0,,50,,Off,0,0,,76,Auckland,Stop,,,,,0,0,Urban,0,,,Fine,Null
1757038,5448332,15805,,572000,0,,0,1,,South,2009/2010,SH 1N,MARINA VIEW,,Non-Injury Crash,Yes,2009,,North,,0,,Flat,,Labour Weekend,,,,Overcast,2069801,0,0,0,2,,,0,,,,,,Wellington Region,Nil,2-way,Sealed,,0,0,,50,,Null,2,0,,44,Porirua City,Nil,,,,,0,0,Urban,0,,,Fine,Null
1751080,5915485,15806,,514401,0,,0,2,,Null,2009/2010,ROSEBANK ROAD,ELM ST,,Non-Injury Crash,No,2009,,West,,0,,Flat,,,,,,Overcast,381802,0,0,0,2,,,0,,,,,,Auckland Region,Nil,2-way,Sealed,,0,0,,50,,None,0,0,,76,Auckland,Nil,,,,,0,0,Urban,0,,,Fine,Null
1950765,5780691,15807,,542562,0,0,0,1,0,Null,2009/2010,TANEATUA ROAD,SH 2,,Non-Injury Crash,No,2009,0,North,0,0,0,Flat,0,Christmas New Year,0,,0,Overcast,1299103,0,0,0,2,0,0,0,1,0,,0,0,Bay of Plenty Region,Nil,2-way,Sealed,0,0,0,0,100,0,None,0,0,,25,Whakatane District,Give way,0,0,0,0,0,0,Open,0,0,0,Light rain,Null
1879454,5819995,15808,,538000,0,,0,1,,Null,2009/2010,SH 2A,SH 29,,Non-Injury Crash,Yes,2009,,West,,0,,Flat,,,,,,Overcast,1178800,0,0,0,2,,,0,,,,,,Bay of Plenty Region,Nil,2-way,Sealed,,0,0,,50,,Off,1,0,,23,Tauranga City,Traffic Signals,,,,,0,0,Urban,0,,,Fine,Null
1768317,5467490,15809,,566101,0,,0,2,,North,2009/2010,SH 1N,RAUMATI ROAD,,Non-Injury Crash,Yes,2009,,North,,0,,Flat,,,,,,Bright sun,2004103,0,0,0,2,,,0,,,,,,Wellington Region,Nil,2-way,Sealed,,0,0,,50,,Null,0,0,,43,Kapiti Coast District,Nil,,,,,0,0,Urban,0,,,Fine,Null
1245592,4849172,15810,,611500,0,0,0,0,0,Null,2008/2009,TWEED ST,REGENT ST,,Non-Injury Crash,No,2009,0,North,0,0,0,Flat,0,,0,,0,Overcast,3140400,0,0,0,2,0,0,0,0,0,,0,1,Southland Region,Nil,2-way,Sealed,0,0,0,0,50,0,Null,0,0,,75,Invercargill City,Give way,0,0,0,0,0,0,Urban,1,0,0,Light rain,Null
1765817,5441282,15811,,568201,0,0,0,1,0,South,2009/2010,EASTERN HUTT ROAD,STOKES VALLEY ROAD,,Non-Injury Crash,No,2009,0,South,0,0,0,Flat,1,,0,,0,Overcast,1935000,0,0,0,2,0,0,0,0,0,,0,0,Wellington Region,Nil,2-way,Sealed,0,0,0,0,80,0,Null,0,0,,46,Lower Hutt City,Nil,0,0,0,0,0,0,Open,0,0,0,Light rain,Null
1860412,5542040,15812,45,549800,0,0,0,1,0,North,2008/2009,SH 2,WI DUNCAN ROAD,,Non-Injury Crash,Yes,2009,0,North,1,0,0,Flat,0,,0,,0,Overcast,1538200,0,0,0,2,0,0,0,0,0,,0,0,Manawatū-Whanganui Region,Rail xing,2-way,Sealed,0,0,0,0,100,0,Null,0,0,,41,Tararua District,Traffic Signals,0,0,0,0,0,0,Open,0,0,0,Fine,Null
1824597,5530823,15813,,562500,0,,0,2,,West,2009/2010,SH 3,KEITH ST,,Non-Injury Crash,Yes,2009,,East,,0,,Flat,,,,,,Bright sun,1845100,0,0,0,2,,,0,,,,,,Manawatū-Whanganui Region,Nil,2-way,Sealed,,0,0,,50,,Null,0,0,,40,Palmerston North City,Nil,,,,,0,0,Urban,0,,,Fine,Null
1679235,5403770,15814,,581230,0,0,0,2,0,North,2008/2009,PERCY ST,GEORGE ST,,Non-Injury Crash,No,2009,0,South,0,0,0,Flat,0,Easter,0,,0,Dark,2298502,0,0,0,2,0,0,0,0,1,,0,0,Marlborough Region,Nil,2-way,Sealed,0,0,0,0,50,0,On,0,0,,53,Marlborough District,Nil,0,0,0,0,0,0,Urban,0,0,0,Fine,Null
1951971,5790750,15815,,542440,0,,0,2,,Null,2009/2010,GORGE ROAD,OHOPE ROAD,,Non-Injury Crash,No,2009,,North,,0,,Hill Road,,,,,,Bright sun,1306106,0,0,0,2,,,0,,,,,,Bay of Plenty Region,Nil,2-way,Sealed,,0,0,,50,,Null,0,0,,25,Whakatane District,Stop,,,,,0,0,Urban,0,,,Fine,Null
1753222,5918394,15816,,515002,0,,0,2,,Null,2009/2010,GREAT NORTH ROAD,MOTIONS ROAD,,Non-Injury Crash,No,2009,,West,,0,,Flat,,,,,,Bright sun,390501,0,0,0,5,,,0,,,,,,Auckland Region,Nil,2-way,Sealed,,0,0,,50,,Off,0,0,,76,Auckland,Give way,,,,,0,0,Urban,0,,,Fine,Null
1752613,5434375,15817,,574001,0,0,0,1,0,South,2008/2009,GLANMIRE ROAD,ROBERT ST,,Non-Injury Crash,No,2009,0,South,0,0,0,Hill Road,0,,0,,1,Bright sun,2076900,0,0,0,2,0,0,0,0,0,,0,0,Wellington Region,Nil,2-way,Sealed,0,0,0,0,50,0,Null,0,0,,47,Wellington City,Nil,0,0,0,0,0,0,Urban,0,0,0,Fine,Null
1935929,5621072,15818,,546901,0,,0,2,,Null,2008/2009,THACKERAY ST,FARADAY ST,,Non-Injury Crash,No,2009,,West,,0,,Flat,,,,,,Overcast,1428900,0,0,0,2,,,0,,,,,,Hawke's Bay Region,Nil,2-way,Sealed,,0,0,,50,,Null,0,0,,31,Napier City,Stop,,,,,0,0,Urban,0,,,Fine,Null
1624016,5430939,15819,,582500,0,0,0,2,0,West,2008/2009,BRIDGE ST,COLLINGWOOD ST,,Non-Injury Crash,No,2009,0,East,0,0,0,Flat,0,,0,,0,Dark,2320200,0,0,0,2,0,0,0,0,1,,0,0,Nelson Region,Nil,2-way,Sealed,0,0,0,0,50,0,On,0,1,,52,Nelson City,Nil,0,0,0,0,0,0,Urban,0,0,0,Fine,Null
1820493,5530333,15820,,562310,0,0,0,1,0,Null,2009/2010,VERNON AVENUE,VERNON ST,,Non-Injury Crash,No,2009,0,East,0,0,1,Flat,0,Christmas New Year,0,,0,Bright sun,1823300,0,0,0,2,0,0,0,0,0,,0,0,Manawatū-Whanganui Region,Nil,2-way,Sealed,0,0,0,0,50,0,Null,0,0,,40,Palmerston North City,Nil,0,0,0,0,0,0,Urban,0,0,0,Fine,Null
1354526,4882354,15821,75,606700,0,0,0,1,1,South,2009/2010,SH 1S,COE ROAD,,Non-Injury Crash,Yes,2009,0,South,0,0,0,Hill Road,0,,0,,0,Dark,2982400,0,0,0,2,0,0,0,0,0,,0,0,Otago Region,Nil,2-way,Sealed,0,0,0,0,100,0,None,0,0,,72,Clutha District,Unknown,0,0,0,0,0,0,Open,0,0,0,Light rain,Null