X,Y,OBJECTID,advisorySpeed,areaUnitID,bicycle,bridge,bus,carStationWagon,cliffBank,crashDirectionDescription,crashFinancialYear,crashLocation1,crashLocation2,crashRoadSideRoad,crashSeverity,crashSHDescription,crashYear,debris,directionRoleDescription,ditch,fatalCount,fence,flatHill,guardRail,holiday,houseOrBuilding,intersection,kerb,light,meshblockId,minorInjuryCount,moped,motorcycle,NumberOfLanes,objectThrownOrDropped,otherObject,otherVehicleType,overBank,parkedVehicle,pedestrian,phoneBoxEtc,postOrPole,region,roadCharacter,roadLane,roadSurface,roadworks,schoolBus,seriousInjuryCount,slipOrFlood,speedLimit,strayAnimal,streetLight,suv,taxi,temporarySpeedLimit,tlaId,tlaName,trafficControl,trafficIsland,trafficSign,train,tree,truck,unknownVehicleType,urban,vanOrUtility,vehicle,waterRiver,weatherA,weatherB
1738217,5693230,15822,,550700,0,0,0,0,0,South,2008/2009,SH 3,MT MESSENGER SUM,,Non-Injury Crash,Yes,2009,0,East,1,0,0,Flat,0,,0,,0,Dark,1552100,0,0,0,2,0,0,0,0,0,,0,0,Taranaki Region,Nil,2-way,Sealed,0,0,0,0,100,0,None,1,0,,33,New Plymouth District,Nil,0,0,0,0,0,0,Open,0,0,0,Fine,Null
1750199,5432833,15823,,574200,0,,0,2,,Null,2008/2009,BOX HILL,STATION ROD,,Non-Injury Crash,No,2009,,South,,0,,Hill Road,,,,,,Overcast,2088100,0,0,0,2,,,0,,,,,,Wellington Region,Nil,2-way,Sealed,,0,0,,50,,Null,0,0,,47,Wellington City,Nil,,,,,0,0,Urban,0,,,Fine,Null
1769311,5469077,15824,,566000,0,,0,2,,Null,2008/2009,SH 1N,AMOHIA ST,,Non-Injury Crash,Yes,2009,,North,,0,,Flat,,Queens Birthday,,,,Overcast,2000400,0,0,0,2,,,0,,,,,,Wellington Region,Nil,2-way,Sealed,,0,0,,50,,Null,0,0,,43,Kapiti Coast District,Give way,,,,,0,0,Urban,0,,,Fine,Null
1692433,5676076,15825,,551800,0,,0,1,,Null,2008/2009,DEVON ST WEST,DAWSON ST,,Non-Injury Crash,No,2009,,West,,0,,Flat,,,,,,Dark,1591300,0,0,0,2,,,0,,,,,,Taranaki Region,Nil,2-way,Sealed,,0,0,,50,,On,0,1,,33,New Plymouth District,Traffic Signals,,,,,0,0,Urban,1,,,Fine,Null
1759899,5432548,15826,,568800,0,0,0,1,0,West,2009/2010,BARNES ST,SEAVIEW ROAD,,Non-Injury Crash,No,2009,0,West,0,0,0,Flat,0,,0,,0,Overcast,1980100,0,0,0,2,0,0,0,0,1,,0,0,Wellington Region,Nil,2-way,Sealed,0,0,0,0,50,0,Null,1,0,,46,Lower Hutt City,Nil,0,0,0,0,1,0,Urban,0,0,0,Fine,Null
1753109,5434662,15827,,574001,0,0,0,1,0,East,2008/2009,LONGCROFT TERRACE,KENMORE ST,,Non-Injury Crash,No,2009,0,East,0,0,0,Flat,0,,0,,0,Dark,2075302,0,0,0,2,0,0,0,0,1,,0,0,Wellington Region,Nil,2-way,Sealed,0,0,0,0,50,0,On,1,0,,47,Wellington City,Nil,0,0,0,0,0,0,Urban,0,0,0,Fine,Null
1766146,5439965,15828,,568103,0,0,0,1,1,West,2009/2010,EVANS ST,STOKES VALLEY ROAD,,Non-Injury Crash,No,2009,0,West,0,0,0,Flat,0,,0,,0,Dark,1931700,0,0,0,2,0,0,0,0,0,,0,0,Wellington Region,Nil,2-way,Sealed,0,0,0,0,50,0,On,0,0,,46,Lower Hutt City,Nil,0,0,0,0,0,0,Urban,0,0,0,Fine,Null
1672795,6081559,15829,,501700,0,0,0,0,0,East,2009/2010,SH 12,RAIHARA ST,,Non-Injury Crash,Yes,2009,0,South,0,0,0,Flat,0,,0,,0,Twilight,42400,0,0,0,2,0,0,0,0,0,,1,0,Northland Region,Nil,2-way,Sealed,0,0,0,0,50,0,Off,0,0,,1,Far North District,Unknown,0,0,0,1,0,0,Urban,1,0,0,Fine,Null
1928915,5613950,15830,,545831,0,0,0,1,0,North,2009/2010,SH 50,OMARUNUI ROAD,,Non-Injury Crash,Yes,2009,0,North,0,0,0,Flat,0,,0,,0,Bright sun,1409400,0,0,0,2,0,0,0,0,1,,0,1,Hawke's Bay Region,Nil,2-way,Sealed,0,0,0,0,100,0,Null,0,0,,30,Hastings District,Nil,0,0,0,0,1,0,Open,0,0,0,Fine,Null
1823047,5530302,15831,,562402,0,,0,2,,East,2008/2009,BROADWAY AVENUE,CLOAKE WAY,,Non-Injury Crash,No,2009,,North,,0,,Flat,,,,,,Bright sun,1835100,0,0,0,2,,,0,,,,,,Manawatū-Whanganui Region,Nil,2-way,Sealed,,0,0,,50,,Null,0,1,,40,Palmerston North City,Nil,,,,,0,0,Urban,0,,,Fine,Null
1755543,5929023,15832,,508510,0,,0,2,,Null,2009/2010,SH 1N,TRISTRAM OBR,,Non-Injury Crash,Yes,2009,,South,,0,,Flat,,,,,,Bright sun,195200,0,0,0,2,,,0,,,,,,Auckland Region,Nil,1-way,Sealed,,0,0,,100,,Off,0,0,,76,Auckland,Nil,,,,,0,0,Open,0,,,Fine,Null
1753833,5918357,15833,,515002,0,,0,2,,West,2009/2010,GREAT NORTH ROAD,ST LUKES ROAD,,Non-Injury Crash,No,2009,,East,,0,,Flat,,,,,,Overcast,390501,0,0,0,4,,,0,,,,,,Auckland Region,Nil,2-way,Sealed,,0,0,,50,,Off,0,0,,76,Auckland,Stop,,,,,0,0,Urban,0,,,Light rain,Null
1743596,5917265,15834,,513220,0,0,0,1,0,South,2009/2010,SUMMERLAND DRIVE,CHELMSLEY AVENUE,,Non-Injury Crash,No,2009,0,North,0,0,0,Flat,0,,0,,0,Overcast,236801,0,0,0,2,0,0,0,0,0,,0,0,Auckland Region,Nil,2-way,Sealed,0,0,0,0,50,0,Off,0,0,,76,Auckland,Nil,0,0,0,1,0,0,Urban,0,0,0,Fine,Null
1933111,5618230,15835,,547100,0,,0,2,,Null,2008/2009,TAIT DRIVE,CURRIE ST,,Non-Injury Crash,No,2009,,North,,0,,Flat,,,,,,Overcast,1455019,0,0,0,2,,,0,,,,,,Hawke's Bay Region,Nil,2-way,Sealed,,0,0,,50,,Null,0,0,,31,Napier City,Nil,,,,,0,0,Urban,0,,,Light rain,Null
1753811,5447312,15836,,570600,0,0,0,2,0,South,2009/2010,VIEW ROAD,TIRETI ROAD,,Non-Injury Crash,No,2009,0,East,0,0,0,Flat,0,,0,,0,Overcast,2040701,0,0,0,2,0,0,0,0,1,,0,0,Wellington Region,Nil,2-way,Sealed,0,0,0,0,50,0,Null,0,0,,44,Porirua City,Nil,0,0,0,0,0,0,Urban,0,0,0,Fine,Null
1883847,5825600,15837,,536831,0,,0,2,,West,2009/2010,SH 2,CONCORD AVENUE,,Non-Injury Crash,Yes,2009,,East,,0,,Flat,,,,,,Bright sun,1204403,0,0,0,4,,,0,,,,,,Bay of Plenty Region,Nil,2-way,Sealed,,0,0,,70,,Null,0,0,,23,Tauranga City,Unknown,,,,,0,0,Urban,0,,,Fine,Null
1758660,5447798,15838,,572200,0,0,0,1,0,East,2008/2009,SH 58,SPINNAKER DRIVE,,Non-Injury Crash,Yes,2009,0,South,0,0,0,Flat,1,,0,,0,Overcast,2071301,0,0,0,2,0,0,0,0,0,,0,0,Wellington Region,Nil,2-way,Sealed,0,0,0,0,80,0,Null,0,0,,44,Porirua City,Nil,0,0,0,0,0,0,Open,0,0,0,Light rain,Null
1275126,4907661,15839,,610031,0,,0,0,,North,2008/2009,RIVERSDALE-PYRAMID ROAD,FINGERPOST-PYRAMID ROAD,,Non-Injury Crash,No,2009,,South,,0,,Flat,,,,,,Overcast,3048600,0,0,0,2,,,0,,,,,,Southland Region,Nil,2-way,Sealed,,0,0,,100,,Null,0,0,,73,Southland District,Unknown,,,,,0,0,Open,1,,,Fine,Null
1679534,5403890,15840,,581230,0,,0,2,,Null,2008/2009,HENRY ST,CHARLES ST,,Non-Injury Crash,No,2009,,East,,0,,Flat,,,,,,Dark,2298802,0,0,0,2,,,0,,,,,,Marlborough Region,Nil,2-way,Sealed,,0,0,,50,,On,0,0,,53,Marlborough District,Give way,,,,,0,0,Urban,0,,,Fine,Null
1925024,5606570,15841,,548620,0,0,0,1,0,East,2009/2010,Z DWAY 80 LPOOL CRESCENT,LIVERPOOL/SUNDERLAND,,Non-Injury Crash,No,2009,0,North,0,0,1,Flat,0,,0,,0,Dark,1474900,0,0,0,0,0,0,0,0,0,,0,0,Hawke's Bay Region,Nil,Off road,Sealed,0,0,0,0,50,0,On,0,0,,30,Hastings District,Nil,0,0,0,0,0,0,Urban,0,0,0,Light rain,Null
1756763,5443422,15842,,571100,0,,0,2,,Null,2008/2009,BEDFORD ST,LEICESTER ST,,Non-Injury Crash,No,2009,,South,,0,,Flat,,,,,,Bright sun,2047100,0,0,0,2,,,0,,,,,,Wellington Region,Nil,2-way,Sealed,,0,0,,50,,Null,0,0,,44,Porirua City,Nil,,,,,0,0,Urban,0,,,Fine,Null
1691208,5675616,15843,,551501,0,,0,3,,Null,2009/2010,SH 45 DEVON ST WEST,LORNA ST,,Non-Injury Crash,Yes,2009,,West,,0,,Flat,,,,,,Bright sun,1581200,0,0,0,2,,,0,,,,,,Taranaki Region,Nil,2-way,Sealed,,0,0,,50,,Null,0,0,,33,New Plymouth District,Give way,,,,,0,0,Urban,0,,,Fine,Null
1587243,5477231,15844,,581601,0,0,0,0,0,Null,2008/2009,ABEL TASMAN DRIVE,GLENVIEW ROAD,,Non-Injury Crash,No,2009,0,South,0,0,1,Flat,0,,0,,0,Dark,2345602,0,0,0,2,0,0,0,0,0,,0,1,Tasman Region,Nil,2-way,Sealed,0,0,0,0,70,0,On,0,0,,51,Tasman District,Nil,0,0,0,0,1,0,Urban,0,0,0,Fine,Null
1752398,5436708,15845,,573511,0,,0,1,,North,2008/2009,SH 1N,CHURTON PARK OFF NBD,,Non-Injury Crash,Yes,2009,,North,,0,,Flat,,,,,,Dark,2086203,0,0,0,2,,,0,,,,,,Wellington Region,Nil,1-way,Sealed,,0,0,,100,,None,0,0,,47,Wellington City,Nil,,,,,0,0,Open,1,,,Fine,Null
1762072,5437785,15846,,568401,0,,0,1,,West,2008/2009,FAIRWAY DRIVE,TAITA DRIVE,,Non-Injury Crash,No,2009,,West,,0,,Flat,,,,,,Dark,1942701,0,0,0,2,,,0,,,,,,Wellington Region,Nil,2-way,Sealed,,0,0,,50,,On,0,0,,46,Lower Hutt City,Nil,,,,,0,0,Urban,1,,,Light rain,Null
1749925,5425275,15847,,576903,0,,0,1,,North,2009/2010,SH 1N RUAHINE,WELLINGTON ROAD,,Non-Injury Crash,Yes,2009,,South,,0,,Flat,,,,,,Overcast,2180601,0,0,0,2,,,0,,,,,,Wellington Region,Nil,2-way,Sealed,,0,0,,70,,Null,1,1,,47,Wellington City,Nil,,,,,0,0,Urban,0,,,Fine,Null
1762495,5437524,15848,,568402,0,,0,1,,Null,2009/2010,HIGH ST,FAIRWAY DRIVE,,Non-Injury Crash,No,2009,,North,,0,,Flat,,,,,,Dark,1943400,0,0,1,2,,,0,,,,,,Wellington Region,Nil,2-way,Sealed,,0,0,,50,,On,0,0,,46,Lower Hutt City,Give way,,,,,0,0,Urban,0,,,Fine,Null
1749882,5913635,15849,,511303,0,0,0,1,0,North,2009/2010,RANKIN AVENUE,AMBRICO PLACE,,Non-Injury Crash,No,2009,0,West,0,0,0,Flat,0,,0,,0,Bright sun,265001,0,0,0,1,0,0,0,0,0,,0,0,Auckland Region,Motorway ramp,2-way,Sealed,0,0,0,0,50,0,Off,1,0,,76,Auckland,Nil,0,0,0,0,0,0,Urban,0,1,0,Fine,Null
1934296,5620220,15850,,546300,0,,0,1,,South,2008/2009,SH 50,AUSTIN ST,,Non-Injury Crash,Yes,2009,,South,,0,,Flat,,,,,,Bright sun,1439000,0,0,0,2,,,0,,,1,,,Hawke's Bay Region,Nil,2-way,Sealed,,0,0,,50,,Null,0,0,,31,Napier City,Nil,,,,,0,0,Urban,0,,,Fine,Null
1773870,5445229,15851,,567100,0,,0,2,,West,2008/2009,STATION CRESCENT,FERGUSSON DRIVE,,Non-Injury Crash,No,2009,,South,,0,,Flat,,,,,,Dark,1906300,0,0,0,1,,,0,,,,,,Wellington Region,Nil,1-way,Sealed,,0,0,,50,,On,0,0,,45,Upper Hutt City,Nil,,,,,0,0,Urban,0,,,Null,Null
1928593,5633406,15852,,545811,0,0,0,1,1,South,2008/2009,SH 5,ELLIS WALLACE ROAD,,Non-Injury Crash,Yes,2009,0,South,0,0,0,Hill Road,0,,0,,0,Dark,1414700,0,0,0,2,0,0,0,0,0,,0,0,Hawke's Bay Region,Nil,2-way,Sealed,0,0,0,0,50,0,None,0,0,,30,Hastings District,Nil,0,0,0,0,0,0,Urban,0,0,0,Heavy rain,Null
1763857,5438159,15853,,568302,0,0,0,1,0,Null,2009/2010,CAMBRIDGE TERRACE,WINGATE CRESCENT,,Non-Injury Crash,No,2009,0,North,0,0,0,Hill Road,0,,0,,0,Bright sun,1954600,0,0,0,2,0,0,0,0,0,,0,1,Wellington Region,Nil,2-way,Sealed,0,0,0,0,50,0,Null,0,0,,46,Lower Hutt City,Give way,0,0,0,0,0,0,Urban,0,0,0,Fine,Null
1757869,5920832,15854,,514101,0,0,1,1,0,Null,2009/2010,GALWAY ST,BRITOMART PLACE,,Non-Injury Crash,No,2009,0,West,0,0,0,Flat,0,,0,,0,Dark,438212,0,0,0,1,0,0,0,0,0,,0,0,Auckland Region,Nil,1-way,Sealed,0,0,0,0,50,0,On,0,1,,76,Auckland,Nil,0,0,0,0,0,0,Urban,0,1,0,Fine,Null
1774357,5895361,15855,,525510,0,0,0,1,0,Null,2009/2010,CROSKERY ROAD,HUNUA ROAD,,Non-Injury Crash,No,2009,0,South,0,0,1,Flat,0,,0,,0,Dark,801002,0,0,0,2,0,0,0,0,0,,0,0,Auckland Region,Nil,2-way,Sealed,0,0,0,0,50,0,On,0,0,,76,Auckland,Nil,0,0,0,0,0,0,Urban,0,0,0,Fine,Null
1763995,5439057,15856,,568202,0,0,0,1,0,West,2008/2009,HUNTER ST,MACKY ST,,Non-Injury Crash,No,2009,0,North,0,0,0,Flat,0,,0,,0,Overcast,1936700,0,0,0,2,0,0,0,0,1,,0,0,Wellington Region,Nil,2-way,Sealed,0,0,0,0,50,0,Null,0,0,,46,Lower Hutt City,Nil,0,0,0,0,0,0,Urban,1,0,0,Fine,Null
1756722,5434839,15857,,569900,0,0,0,1,0,East,2009/2010,JACKSON ST,HUTT ROAD,,Non-Injury Crash,No,2009,0,East,0,0,0,Flat,0,,0,,0,Overcast,2034600,0,0,0,2,0,0,0,0,1,,0,0,Wellington Region,Nil,2-way,Sealed,0,0,0,0,50,0,Null,0,0,,46,Lower Hutt City,Nil,0,0,0,0,0,0,Urban,1,0,0,Fine,Null
1576119,5179484,15858,,593900,0,,0,2,,Null,2008/2009,SH 74,FRANCELLA PLACE,,Non-Injury Crash,Yes,2009,,North,,0,,Flat,,,,,,Bright sun,2580000,0,0,0,2,,,0,,,,,,Canterbury Region,Nil,2-way,Sealed,,0,0,,70,,Null,0,0,,60,Christchurch City,Give way,,,,,0,0,Urban,0,,,Fine,Null
1406133,4916542,15859,,603000,0,,0,1,,North,2008/2009,PRINCES ST,RATTRAY ST,,Non-Injury Crash,No,2009,,North,,0,,Flat,,,,,,Overcast,2899600,0,0,0,2,,,0,,,1,,,Otago Region,Nil,2-way,Sealed,,0,0,,50,,Null,0,0,,71,Dunedin City,Nil,,,,,0,0,Urban,0,,,Light rain,Null
1767751,5904964,15860,,524604,0,0,0,1,0,South,2009/2010,SH 1N,TE IRIRANGI OBR,,Non-Injury Crash,Yes,2009,0,North,0,0,0,Flat,1,,0,,0,Overcast,780302,0,0,0,3,0,0,0,0,0,,0,0,Auckland Region,Nil,1-way,Sealed,0,0,0,0,100,0,Off,0,0,,76,Auckland,Nil,0,0,0,0,0,0,Open,0,0,0,Light rain,Null
1553729,5167459,15861,,597512,0,0,0,1,0,South,2008/2009,LEESTON ROAD,ELLESMERE JUNCTION ROAD,,Non-Injury Crash,No,2009,0,South,1,0,0,Flat,0,,0,,0,Bright sun,2720700,0,0,0,2,0,0,0,0,0,,0,0,Canterbury Region,Nil,2-way,Sealed,0,0,0,0,100,0,Null,0,0,,62,Selwyn District,Unknown,0,0,0,0,0,0,Open,0,0,0,Fine,Null
1756179,5443507,15862,,571100,0,,0,2,,West,2008/2009,HAMPSHIRE ST,BEDFORD ST,,Non-Injury Crash,No,2009,,West,,0,,Hill Road,,,,,,Overcast,2048600,0,0,0,2,,,0,,,,,,Wellington Region,Nil,2-way,Sealed,,0,0,,50,,Null,0,0,,44,Porirua City,Nil,,,,,0,0,Urban,0,,,Heavy rain,Null
1764106,5430104,15863,,565300,0,0,0,2,0,North,2009/2010,HAIR ST,GAWLER GROVE,,Non-Injury Crash,No,2009,0,West,0,0,0,Flat,0,,0,,0,Overcast,2023700,0,0,0,2,0,0,0,0,1,,0,0,Wellington Region,Nil,2-way,Sealed,0,0,0,0,50,0,Null,0,0,,46,Lower Hutt City,Nil,0,0,0,0,0,0,Urban,0,0,0,Fine,Null
1756608,5920771,15864,,514101,0,,0,2,,Null,2009/2010,FANSHAWE ST,HALSEY ST,,Non-Injury Crash,No,2009,,East,,0,,Flat,,,,,,Dark,432400,0,0,0,4,,,0,,,,,,Auckland Region,Nil,2-way,Sealed,,0,0,,50,,On,0,0,,76,Auckland,Traffic Signals,,,,,0,0,Urban,0,,,Light rain,Null
1746265,5428451,15865,,574800,0,,0,2,,Null,2009/2010,KARORI ROAD,LANCASTER ST,,Non-Injury Crash,No,2009,,East,,0,,Flat,,,,,,Overcast,2107004,0,0,0,2,,,0,,,,,,Wellington Region,Nil,2-way,Sealed,,0,0,,50,,Null,0,0,,47,Wellington City,Give way,,,,,0,0,Urban,0,,,Fine,Null
1555036,5183111,15866,,587902,0,0,0,1,0,Null,2008/2009,MINERS ROAD,OLD WEST COAST ROAD,,Non-Injury Crash,No,2009,0,East,0,0,0,Flat,0,,0,,0,Dark,2494300,0,0,0,2,0,1,0,0,0,,0,1,Canterbury Region,Nil,2-way,Sealed,0,0,0,0,100,0,None,0,0,,60,Christchurch City,Stop,0,0,0,0,0,0,Open,0,0,0,Heavy rain,Null
1935257,5622501,15867,,546200,0,0,0,1,0,Null,2009/2010,SH 50,BRIDGE ST,,Non-Injury Crash,Yes,2009,0,North,0,0,0,Flat,0,,0,,0,Bright sun,1418600,0,0,0,2,0,0,0,0,0,,0,0,Hawke's Bay Region,Nil,2-way,Sealed,0,0,0,0,50,0,Null,0,0,,31,Napier City,Give way,1,1,0,0,0,0,Urban,0,0,0,Fine,Null
1721420,6003422,15868,,504700,0,0,0,1,0,Null,2009/2010,GORGE ROAD,GRIFFIN ROAD,,Non-Injury Crash,No,2009,0,South,0,0,0,Flat,0,,0,,0,Overcast,131600,0,0,0,2,0,0,0,0,0,,1,0,Northland Region,Nil,2-way,Sealed,0,0,0,0,50,0,Off,0,0,,3,Kaipara District,Nil,0,0,0,0,1,0,Urban,0,0,0,Light rain,Null
1753984,5934801,15869,,508704,0,,0,2,,Null,2009/2010,EAST COAST ROAD,PONDEROSA DRIVE,,Non-Injury Crash,No,2009,,South,,0,,Flat,,,,,,Bright sun,179122,0,0,0,5,,,0,,,,,,Auckland Region,Nil,2-way,Sealed,,0,0,,50,,Null,0,0,,76,Auckland,Traffic Signals,,,,,0,0,Urban,0,,,Fine,Null
1566810,5205245,15870,,586308,1,,0,1,,South,2009/2010,KING ST,HIGH ST,,Non-Injury Crash,No,2009,,North,,0,,Flat,,,,,,Bright sun,2445500,0,0,0,2,,,0,,,,,,Canterbury Region,Nil,2-way,Sealed,,0,0,,50,,Null,0,0,,59,Waimakariri District,Stop,,,,,0,0,Urban,0,,,Fine,Null
1822046,5529755,15871,,562800,0,,0,2,,Null,2008/2009,SH 3,BROADWAY AVENUE,,Non-Injury Crash,Yes,2009,,South,,0,,Flat,,,,,,Dark,1831300,0,0,0,2,,,0,,,,,,Manawatū-Whanganui Region,Nil,2-way,Sealed,,0,0,,50,,On,0,0,,40,Palmerston North City,Traffic Signals,,,,,0,0,Urban,0,,,Fine,Null
1760166,5437179,15872,,569401,0,,0,2,,North,2008/2009,SH 2,BLOCK ROAD,,Non-Injury Crash,Yes,2009,,North,,0,,Flat,,,,,,Dark,1919400,0,0,0,2,,,0,,,,,,Wellington Region,Nil,1-way,Sealed,,0,0,,100,,On,0,0,,46,Lower Hutt City,Nil,,,,,0,0,Open,0,,,Fine,Null
1694221,5673998,15873,,551021,0,0,0,1,0,Null,2008/2009,JUNCTION ST,TARAHUA ROAD,,Non-Injury Crash,No,2009,0,West,0,0,0,Hill Road,0,Queens Birthday,0,,0,Dark,1556805,0,0,0,2,0,0,0,0,0,,0,0,Taranaki Region,Nil,2-way,Sealed,0,0,0,0,50,0,On,0,0,,33,New Plymouth District,Give way,1,1,0,0,0,0,Urban,0,0,0,Fine,Null
1756323,5924385,15874,,509702,0,,0,2,,South,2009/2010,SH 1N,ONEWA OBR ON,,Non-Injury Crash,Yes,2009,,South,,0,,Flat,,,,,,Dark,366700,0,0,0,5,,,0,,,,,,Auckland Region,Nil,1-way,Sealed,,0,0,,80,,On,0,0,,76,Auckland,Nil,,,,,0,0,Open,0,,,Fine,Null
1767109,5439864,15875,,568101,0,0,0,2,0,East,2009/2010,TAWHAI ST,MARU ST,,Non-Injury Crash,No,2009,0,West,0,0,0,Flat,0,,0,,0,Dark,1929200,0,0,0,2,0,0,0,0,1,,0,0,Wellington Region,Nil,2-way,Sealed,0,0,0,0,50,0,On,0,0,,46,Lower Hutt City,Nil,0,0,0,0,0,0,Urban,0,0,0,Fine,Null
2035603,5709693,15876,,544300,0,,0,2,,Null,2008/2009,GLADSTONE ROAD,COLLINS ST,,Non-Injury Crash,No,2009,,East,,0,,Flat,,,,,,Bright sun,1366700,0,0,0,2,,,0,,,,,,Gisborne Region,Nil,2-way,Sealed,,0,0,,50,,Null,0,0,,28,Gisborne District,Give way,,,,,0,0,Urban,0,,,Fine,Null
1696221,5677094,15877,,551012,0,0,0,0,0,East,2008/2009,SH 3 DEVON,SMART ROAD,,Non-Injury Crash,Yes,2009,0,West,0,0,1,Flat,0,,0,,0,Overcast,1559400,0,0,0,2,0,0,0,0,0,,0,0,Taranaki Region,Nil,2-way,Sealed,0,0,0,0,70,0,Null,0,0,,33,New Plymouth District,Nil,0,0,0,0,0,0,Urban,2,0,0,Heavy rain,Null
1756873,5918820,15878,,515600,0,,0,2,,West,2009/2010,NEWTON ROAD,SYMONDS ST,,Non-Injury Crash,No,2009,,East,,0,,Flat,,,,,,Bright sun,420500,0,0,0,4,,,0,,,,,,Auckland Region,Nil,2-way,Sealed,,0,0,,50,,Off,0,0,,76,Auckland,Nil,,,,,0,0,Urban,0,,,Fine,Null
1749236,5427094,15879,,573101,0,0,0,2,0,East,2009/2010,COURTENAY PLACE,ALLEN ST,,Non-Injury Crash,No,2009,0,West,0,0,0,Flat,0,,0,,0,Bright sun,2136000,0,0,0,1,0,0,0,0,0,,0,0,Wellington Region,Nil,1-way,Sealed,0,0,0,0,50,0,Null,0,0,,47,Wellington City,Nil,0,0,0,0,0,0,Urban,0,1,0,Fine,Null
1271053,5015472,15880,,609200,0,0,0,1,0,North,2008/2009,RAMSHAW LANE,BUCKINGHAM ST,,Non-Injury Crash,No,2009,0,North,0,0,0,Flat,0,,0,,0,Bright sun,3034904,0,0,0,2,0,0,0,0,1,,0,0,Otago Region,Nil,2-way,Sealed,0,0,0,0,50,0,Null,0,0,,70,Queenstown-Lakes District,Unknown,0,0,0,0,1,0,Urban,0,0,0,Fine,Null
1768042,5905182,15881,,523722,0,,0,2,,West,2009/2010,TE IRIRANGI DRIVE,DIORELLA DRIVE,,Non-Injury Crash,No,2009,,West,,0,,Flat,,,,,,Bright sun,715801,0,0,0,4,,,0,,,,,,Auckland Region,Nil,2-way,Sealed,,0,0,,50,,Off,0,0,,76,Auckland,Traffic Signals,,,,,0,0,Urban,0,,,Fine,Null
1751582,5930087,15882,,509100,0,0,0,1,0,West,2009/2010,SH 18,ALBANY HIGHWAY ON WBD,,Non-Injury Crash,Yes,2009,0,West,0,0,0,Flat,1,,0,,0,Bright sun,181108,0,0,0,2,0,0,0,0,0,,0,0,Auckland Region,Nil,1-way,Sealed,0,0,0,0,100,0,Null,0,0,,76,Auckland,Unknown,0,0,0,0,0,0,Open,0,0,0,Fine,Null
1801603,5633861,15883,,554900,0,0,0,1,0,Null,2008/2009,RAETIHI OHAKUNE ROAD,OLD MANGAREWA ROAD,,Non-Injury Crash,No,2009,0,East,0,0,1,Flat,0,,0,,0,Dark,1674100,0,0,0,2,0,0,0,0,0,,0,0,Manawatū-Whanganui Region,Nil,2-way,Sealed,0,0,0,0,100,0,None,0,0,,36,Ruapehu District,Nil,0,0,0,0,0,0,Open,0,0,0,Fine,Null
1748607,5424615,15884,,576301,0,,0,1,,South,2008/2009,ADELAIDE ROAD,TORQUAY TERRACE,,Non-Injury Crash,No,2009,,West,,0,,Flat,,,,,,Bright sun,2164400,0,0,0,2,,,0,,,,,,Wellington Region,Nil,2-way,Sealed,,0,0,,50,,Null,0,0,,47,Wellington City,Nil,,,,,1,0,Urban,0,,,Fine,Null
1759120,5906839,15885,,524122,0,0,0,1,0,Null,2009/2010,VISCOUNT ST,MARINER ST,,Non-Injury Crash,No,2009,0,South,0,0,0,Flat,0,Christmas New Year,0,,0,Dark,739802,0,0,0,2,0,0,0,0,0,,0,0,Auckland Region,Nil,2-way,Sealed,0,0,0,0,50,0,On,0,0,,76,Auckland,Give way,0,1,0,0,0,0,Urban,0,0,0,Light rain,Null
1797227,5819693,15886,,528403,0,,0,1,,Null,2009/2010,KAREWA PLACE,WAIRERE DRIVE,,Non-Injury Crash,No,2009,,South,,0,,Flat,,,,,,Bright sun,907401,0,0,0,2,,,0,,,,,,Waikato Region,Nil,2-way,Sealed,,0,0,,80,,Null,1,0,,16,Hamilton City,Give way,,,,,0,0,Open,0,,,Fine,Null
1748996,5424804,15887,,576400,0,0,0,1,0,South,2008/2009,RIDDIFORD ST,NEWTOWN AVENUE,,Non-Injury Crash,No,2009,0,South,0,0,0,Flat,0,,0,,0,Bright sun,2168500,0,0,1,2,0,0,0,0,1,,0,0,Wellington Region,Nil,2-way,Sealed,0,0,0,0,40,0,Null,0,0,,47,Wellington City,Nil,0,0,0,0,0,0,Urban,0,0,0,Fine,Null
1824321,5530536,15888,,562600,0,,0,2,,Null,2009/2010,LIMBRICK ST,BRIGHTWATER TERRACE,,Non-Injury Crash,No,2009,,South,,0,,Flat,,,,,,Overcast,1846200,0,0,0,2,,,0,,,,,,Manawatū-Whanganui Region,Nil,2-way,Sealed,,0,0,,50,,Null,0,0,,40,Palmerston North City,Stop,,,,,0,0,Urban,0,,,Fine,Null
1570876,5181285,15889,,592402,0,,0,1,,Null,2008/2009,BEALEY AVENUE,MANCHESTER ST,,Non-Injury Crash,No,2009,,East,,0,,Flat,,,,,,Bright sun,2687400,0,0,0,3,,,0,,,,,,Canterbury Region,Nil,2-way,Sealed,,0,0,,50,,Null,1,0,,60,Christchurch City,Traffic Signals,,,,,0,0,Urban,0,,,Fine,Null
1758402,5449664,15890,,572000,0,,0,1,,East,2009/2010,GRAYS ROAD,MO ST,,Non-Injury Crash,No,2009,,West,,0,,Flat,,,,,,Bright sun,2069005,0,0,0,2,,,0,,,,,,Wellington Region,Nil,2-way,Sealed,,0,0,,80,,Null,0,0,,44,Porirua City,Nil,,,,,0,0,Open,0,,,Fine,Null
1571645,5181718,15891,,592600,0,0,0,2,0,South,2008/2009,CHAMPION ST,GRESFORD ST,,Non-Injury Crash,No,2009,0,North,0,0,0,Flat,0,,0,,0,Bright sun,2695200,0,0,0,2,0,0,0,0,1,,0,0,Canterbury Region,Nil,2-way,Sealed,0,0,0,0,50,0,Null,0,0,,60,Christchurch City,Unknown,0,0,0,0,0,0,Urban,0,0,0,Fine,Null