X,Y,OBJECTID,advisorySpeed,areaUnitID,bicycle,bridge,bus,carStationWagon,cliffBank,crashDirectionDescription,crashFinancialYear,crashLocation1,crashLocation2,crashRoadSideRoad,crashSeverity,crashSHDescription,crashYear,debris,directionRoleDescription,ditch,fatalCount,fence,flatHill,guardRail,holiday,houseOrBuilding,intersection,kerb,light,meshblockId,minorInjuryCount,moped,motorcycle,NumberOfLanes,objectThrownOrDropped,otherObject,otherVehicleType,overBank,parkedVehicle,pedestrian,phoneBoxEtc,postOrPole,region,roadCharacter,roadLane,roadSurface,roadworks,schoolBus,seriousInjuryCount,slipOrFlood,speedLimit,strayAnimal,streetLight,suv,taxi,temporarySpeedLimit,tlaId,tlaName,trafficControl,trafficIsland,trafficSign,train,tree,truck,unknownVehicleType,urban,vanOrUtility,vehicle,waterRiver,weatherA,weatherB
1822379,5539096,15892,,560422,0,,0,0,,Null,2008/2009,CAMPBELL ROAD,SLIP ROAD,,Non-Injury Crash,No,2009,,South,,0,,Flat,,,,,,Bright sun,1759900,0,0,1,2,,,0,,,,,,Manawatū-Whanganui Region,Nil,2-way,Sealed,,0,0,,100,,Null,0,0,,39,Manawatu District,Give way,,,,,0,0,Open,1,,,Fine,Null
1715891,6056152,15893,,501802,0,0,0,0,0,South,2009/2010,APOTU ROAD,TAHA ROAD,,Non-Injury Crash,No,2009,0,North,1,0,0,Hill Road,0,,0,,0,Overcast,64700,0,0,0,2,0,0,0,0,0,,0,0,Northland Region,Nil,2-way,Sealed,0,0,0,0,100,0,None,1,0,,2,Whangarei District,Nil,0,0,0,0,0,0,Open,0,0,0,Fine,Null
1863881,5544488,15894,,550102,0,,0,1,,Null,2008/2009,SH 2,ALLARDICE ST,,Non-Injury Crash,Yes,2009,,East,,0,,Flat,,,,,,Overcast,1528100,0,0,0,2,,,0,,,,,,Manawatū-Whanganui Region,Nil,2-way,Sealed,,0,0,,50,,Null,1,0,,41,Tararua District,Stop,,,,,0,0,Urban,0,,,Heavy rain,Null
1772454,5890542,15895,,521203,0,,0,2,,Null,2009/2010,SH 22,MCPHERSON ROAD,,Non-Injury Crash,Yes,2009,,East,,0,,Hill Road,,,,,,Bright sun,807400,0,0,0,2,,,0,,,,,,Auckland Region,Nil,2-way,Sealed,,0,0,,100,,Off,0,0,,76,Auckland,Give way,,,,,0,0,Open,0,,,Fine,Null
1754331,5444500,15896,,570800,0,0,0,1,0,Null,2008/2009,Z CPK KFC,HAGLEY ST,,Non-Injury Crash,No,2009,0,North,0,0,0,Flat,0,,0,,0,Overcast,2052400,0,0,0,1,0,0,0,0,0,,0,0,Wellington Region,Nil,Off road,Sealed,0,0,0,0,50,0,Null,0,0,,44,Porirua City,Nil,0,0,0,0,1,0,Urban,0,1,0,Light rain,Null
1758879,5911451,15897,,519820,0,,0,2,,North,2009/2010,SH 20,ONEHUNGA OFF NBD,,Non-Injury Crash,Yes,2009,,North,,0,,Flat,,,,,,Dark,602402,0,0,0,4,,,0,,,,,,Auckland Region,Nil,2-way,Sealed,,0,0,,100,,On,0,0,30,76,Auckland,Nil,,,,,0,0,Open,0,,,Light rain,Null
1749247,5426280,15898,,573400,0,,0,2,,East,2008/2009,SH 1N PATERSON,DUFFERIN ST,,Non-Injury Crash,Yes,2009,,West,,0,,Flat,,,,,,Overcast,2142900,0,0,0,4,,,0,,,,,,Wellington Region,Nil,2-way,Sealed,,0,0,,50,,Null,0,1,,47,Wellington City,Nil,,,,,0,0,Urban,0,,,Light rain,Null
1768924,5443013,15899,,564510,0,,0,2,,East,2008/2009,FERGUSSON DRIVE,FIELD ST,,Non-Injury Crash,No,2009,,West,,0,,Flat,,,,,,Bright sun,1903000,0,0,0,2,,,0,,,,,,Wellington Region,Nil,2-way,Sealed,,0,0,,50,,Null,0,0,,45,Upper Hutt City,Give way,,,,,0,0,Urban,0,,,Fine,Null
1759833,5436212,15900,,569100,0,0,0,1,0,Null,2008/2009,Z CPK WESTFIELD MALL,WATERLOO ROAD,,Non-Injury Crash,No,2009,0,North,0,0,0,Flat,0,,0,,0,Dark,1968100,0,0,0,0,0,0,0,0,0,,0,1,Wellington Region,Nil,Off road,Sealed,0,0,0,0,50,0,On,0,0,,46,Lower Hutt City,Nil,0,0,0,0,0,0,Urban,0,0,0,Fine,Null
1748148,5427897,15901,,575300,0,,0,1,,Null,2008/2009,SALAMANCA ROAD,KELBURN PARADE,,Non-Injury Crash,No,2009,,North,,0,,Flat,,,,,,Overcast,2155300,0,0,0,2,,,0,,,,,,Wellington Region,Nil,2-way,Sealed,,0,0,,50,,Null,0,0,,47,Wellington City,Give way,,,,,1,0,Urban,0,,,Light rain,Null
1748776,5428017,15902,,573000,0,,0,2,,West,2008/2009,HUNTER ST,CUSTOMHOUSE QUAY,,Non-Injury Crash,No,2009,,West,,0,,Flat,,Queens Birthday,,,,Overcast,2125800,0,0,0,2,,,0,,,,,,Wellington Region,Nil,2-way,Sealed,,0,0,,50,,Null,0,0,,47,Wellington City,Traffic Signals,,,,,0,0,Urban,0,,,Fine,Null
1825628,5532340,15903,,562200,0,0,0,1,0,West,2009/2010,FERNLEA AVENUE,SCHNELL DRIVE,,Non-Injury Crash,No,2009,0,West,0,0,1,Flat,0,,0,,0,Dark,1839806,0,0,0,2,0,0,0,0,0,,0,0,Manawatū-Whanganui Region,Nil,2-way,Sealed,0,0,0,0,50,0,On,0,0,,40,Palmerston North City,Nil,0,0,0,0,0,0,Urban,0,0,0,Fine,Null
1776122,5447901,15904,,566620,0,0,0,2,0,South,2008/2009,SUNNYVIEW DRIVE,ALLEYNE COURT,,Non-Injury Crash,No,2009,0,North,0,0,0,Hill Road,0,,0,,0,Dark,1912106,0,0,0,2,0,0,0,0,1,,0,0,Wellington Region,Nil,2-way,Sealed,0,0,0,0,50,0,On,0,0,,45,Upper Hutt City,Nil,0,0,0,0,0,0,Urban,0,0,0,Heavy rain,Strong wind
1748314,5426906,15905,,573101,0,,0,2,,West,2009/2010,SH 1N KARO,VICTORIA ST,,Non-Injury Crash,Yes,2009,,West,,0,,Flat,,,,,,Overcast,2132400,0,0,0,2,,,0,,,,,,Wellington Region,Nil,1-way,Sealed,,0,0,,50,,Null,0,0,,47,Wellington City,Nil,,,,,0,0,Urban,0,,,Fine,Null
1755491,5912579,15906,,518701,0,0,0,2,0,North,2009/2010,ROGAN ST,RUSTIC AVENUE,,Non-Injury Crash,No,2009,0,South,0,0,1,Hill Road,0,,0,,0,Dark,573000,0,0,0,0,0,0,0,0,1,,0,0,Auckland Region,Nil,2-way,Sealed,0,0,0,0,50,0,On,0,0,,76,Auckland,Nil,0,0,0,0,0,0,Urban,0,0,0,Light rain,Null
1747238,5428008,15907,,575300,0,0,0,1,0,South,2008/2009,GLENMORE ST,THE RIGI N,,Non-Injury Crash,No,2009,0,South,0,0,0,Hill Road,0,,0,,0,Twilight,2152501,0,0,0,2,0,0,0,0,0,,0,1,Wellington Region,Nil,2-way,Sealed,0,0,0,0,50,0,On,0,0,,47,Wellington City,Nil,0,0,0,0,0,0,Urban,0,0,0,Fine,Null
1623254,5431767,15908,,582200,0,,0,1,,Null,2008/2009,VICKERMAN ST,WILDMAN AVENUE,,Non-Injury Crash,No,2009,,South,,0,,Flat,,,,,,Bright sun,2325100,0,0,0,2,,,0,,,,,,Nelson Region,Nil,2-way,Sealed,,0,0,,50,,Null,1,0,,52,Nelson City,Give way,,,,,0,0,Urban,0,,,Fine,Null
2034641,5709085,15909,,544400,0,0,0,1,0,Null,2009/2010,LYTTON ROAD,BIRRELL ST,,Non-Injury Crash,No,2009,0,South,0,0,0,Flat,0,,0,,1,Dark,1374200,0,0,0,2,0,0,0,0,0,,0,0,Gisborne Region,Nil,2-way,Sealed,0,0,0,0,50,0,On,0,0,,28,Gisborne District,Give way,0,0,0,0,0,0,Urban,0,0,0,Fine,Null
1492575,5165993,15910,,597720,0,0,0,0,0,South,2008/2009,LINE ROAD,METHVEN CHERTSEY ROAD,,Non-Injury Crash,No,2009,0,South,0,0,1,Flat,0,,0,,0,Dark,2751401,0,0,0,2,0,0,0,0,0,,0,0,Canterbury Region,Nil,2-way,Sealed,0,0,0,0,100,0,None,1,0,,63,Ashburton District,Unknown,0,0,0,0,0,0,Open,0,0,0,Fine,Null
1406225,4916936,15911,,603100,0,,0,2,,North,2008/2009,OCTAGON,STUART ST,,Non-Injury Crash,No,2009,,North,,0,,Flat,,,,,,Bright sun,2903400,0,0,0,1,,,0,,,,,,Otago Region,Nil,1-way,Sealed,,0,0,,50,,Null,0,0,,71,Dunedin City,Unknown,,,,,0,0,Urban,0,,,Fine,Null
1560696,5178011,15912,,587830,0,,0,1,,North,2008/2009,SH 76,SHANDS ROAD,,Non-Injury Crash,Yes,2009,,South,,0,,Flat,,,,,,Overcast,2498903,0,0,0,2,,,0,,,,,,Canterbury Region,Nil,2-way,Sealed,,0,0,,50,,Null,0,0,,60,Christchurch City,Nil,,,,,1,0,Urban,0,,,Fine,Null
1933669,5618915,15913,,547400,0,,0,1,,Null,2009/2010,KENNEDY ROAD,ASHCROFT ST,,Non-Injury Crash,No,2009,,North,,0,,Flat,,,,,,Bright sun,1449500,0,0,0,2,,,0,,,,,,Hawke's Bay Region,Nil,2-way,Sealed,,0,0,,50,,Null,0,0,,31,Napier City,Give way,,,,,0,0,Urban,1,,,Fine,Null
1620452,5428104,15914,,583100,0,,0,1,,Null,2008/2009,SH 6,WHAKATU DRIVE,,Non-Injury Crash,Yes,2009,,South,,0,,Flat,,,,,,Twilight,2335500,0,0,0,2,,,0,,,,,,Nelson Region,Nil,2-way,Sealed,,0,0,,50,,Off,1,0,,52,Nelson City,Give way,,,,,0,0,Urban,0,,,Fine,Null
1709744,5616893,15915,,554020,0,0,0,1,0,North,2008/2009,ARGYLE ST,MORRISSEY ST,,Non-Injury Crash,No,2009,0,South,0,0,0,Flat,0,,0,,0,Dark,1648500,0,0,0,2,0,0,0,0,0,,0,1,Taranaki Region,Nil,2-way,Sealed,0,0,0,0,50,0,On,0,0,,35,South Taranaki District,Nil,0,0,0,0,0,0,Urban,0,0,0,Light rain,Null
1669693,5404562,15916,,580300,0,,0,1,,Null,2008/2009,SH 6,PICTON ST,,Non-Injury Crash,Yes,2009,,West,,0,,Flat,,,,,,Overcast,2289603,0,0,0,2,,,0,,,,,,Marlborough Region,Nil,2-way,Sealed,,0,0,,50,,Null,0,0,,53,Marlborough District,Give way,,,,,0,0,Urban,1,,,Heavy rain,Null
1932564,5601687,15917,,548831,0,0,0,1,0,North,2009/2010,HAVELOCK ROAD,TE AUTE ROAD,,Non-Injury Crash,No,2009,0,South,0,0,0,Flat,0,,0,,0,Bright sun,1509600,0,0,0,2,0,0,0,0,1,,0,0,Hawke's Bay Region,Nil,2-way,Sealed,0,0,0,0,50,0,Null,0,0,,30,Hastings District,Nil,0,0,0,0,0,0,Urban,1,0,0,Fine,Null
1771680,5912959,15918,,523106,0,,0,1,,Null,2009/2010,WHITFORD ROAD,MILLHOUSE DRIVE,,Non-Injury Crash,No,2009,,North,,0,,Flat,,,,,,Bright sun,711114,0,0,0,2,,,0,,,,,,Auckland Region,Nil,2-way,Sealed,,0,0,,50,,Off,0,0,,76,Auckland,Stop,,,,,0,0,Urban,1,,,Null,Null
1759255,5916669,15919,,516001,0,,0,2,,South,2009/2010,SH 1N,MARKET OBR,,Non-Injury Crash,Yes,2009,,North,,0,,Flat,,,,,,Dark,491700,0,0,0,3,,,0,,,,,,Auckland Region,Nil,1-way,Sealed,,0,0,,100,,On,0,0,,76,Auckland,Nil,,,,,0,0,Open,0,,,Fine,Null
1767833,5899663,15920,20,525101,0,,0,2,,East,2009/2010,DOCTOR PICKERING AVENUE,MCDIVITT ST,,Non-Injury Crash,No,2009,,East,,0,,Flat,,,,,,Bright sun,772602,0,0,0,2,,,0,,,,,,Auckland Region,Nil,2-way,Sealed,,0,0,,50,,Off,0,0,,76,Auckland,Nil,,,,,0,0,Urban,0,,,Fine,Null
1754361,5925788,15921,,508610,0,,0,2,,North,2009/2010,TILDEN AVENUE,PUPUKE ROAD,,Non-Injury Crash,No,2009,,North,,0,,Hill Road,,,,,,Dark,208100,0,0,0,2,,,0,,,,,,Auckland Region,Nil,2-way,Sealed,,0,0,,50,,On,0,0,,76,Auckland,Nil,,,,,0,0,Urban,0,,,Fine,Null
1619590,5426468,15922,,583900,0,,0,2,,North,2009/2010,MAIN ROAD STOKE,SONGER ST,,Non-Injury Crash,No,2009,,North,,0,,Flat,,,,,,Overcast,2342800,0,0,0,2,,,0,,,,,,Nelson Region,Nil,2-way,Sealed,,0,0,,50,,Null,0,0,,52,Nelson City,Nil,,,,,0,0,Urban,0,,,Fine,Null
1872887,5822961,15923,,536620,0,0,0,1,0,East,2009/2010,WAIROA RIVER ROAD,TE PUNA STATION ROAD,,Non-Injury Crash,No,2009,0,South,0,0,1,Hill Road,0,,0,,0,Bright sun,1189602,0,0,0,2,0,0,0,0,0,,0,0,Bay of Plenty Region,Nil,2-way,Unsealed,0,0,0,0,100,0,None,0,0,30,22,Western Bay of Plenty District,Nil,0,0,0,0,0,0,Open,0,0,0,Fine,Null
1848710,5532881,15924,,550200,0,0,0,1,0,West,2009/2010,OLD SH 2,MARTIN ROAD,,Non-Injury Crash,Yes,2009,0,East,1,0,0,Flat,0,,0,,0,Dark,1543700,0,0,0,2,0,0,0,0,0,,0,0,Manawatū-Whanganui Region,Nil,2-way,Sealed,0,0,0,0,100,0,None,0,0,,41,Tararua District,Nil,0,0,0,0,0,0,Open,0,0,0,Fine,Null
1904124,5815115,15925,,535900,0,0,0,1,0,North,2009/2010,WILSON ROAD NORTH,SPENCER AVENUE,,Non-Injury Crash,No,2009,0,North,1,0,0,Flat,0,Christmas New Year,0,,0,Dark,1208800,0,0,0,2,0,0,0,0,0,,0,0,Bay of Plenty Region,Nil,2-way,Sealed,0,0,0,0,50,0,On,0,0,,22,Western Bay of Plenty District,Unknown,0,0,0,0,0,0,Urban,0,0,0,Fine,Null
1926704,5605933,15926,,545761,0,0,0,1,0,South,2008/2009,YORK ROAD,SH 50A,,Non-Injury Crash,No,2009,0,South,1,0,0,Flat,0,,0,,0,Bright sun,1469905,0,0,0,2,0,0,0,0,0,,0,0,Hawke's Bay Region,Nil,2-way,Sealed,0,0,0,0,70,0,Null,0,0,,30,Hastings District,Nil,0,0,0,0,0,0,Urban,0,0,0,Fine,Null
1766261,5899522,15927,,524812,0,0,0,1,0,Null,2009/2010,DAMIAN WAY,WEYMOUTH ROAD,,Non-Injury Crash,No,2009,0,North,0,0,1,Flat,0,,0,,0,Overcast,774201,0,0,0,2,0,0,0,0,0,,0,1,Auckland Region,Nil,2-way,Sealed,0,0,0,0,50,0,On,0,0,,76,Auckland,Give way,1,1,0,0,0,0,Urban,0,0,0,Fine,Null
1680256,5409640,15928,,580431,0,0,0,1,0,West,2008/2009,SH 62,SH 1S,,Non-Injury Crash,Yes,2009,0,East,0,0,1,Flat,0,,0,,0,Bright sun,2277802,0,0,0,2,0,0,0,0,0,,0,0,Marlborough Region,Nil,2-way,Sealed,0,0,0,0,70,0,Null,0,0,,53,Marlborough District,Nil,0,0,0,0,0,0,Urban,0,0,0,Fine,Null
1754795,5448266,15929,,570400,0,0,0,1,0,Null,2009/2010,Z CPK TITAHI BAY NTH SCH,JILLETT ST,,Non-Injury Crash,No,2009,0,West,0,0,1,Hill Road,0,,0,,0,Bright sun,2044200,0,0,0,0,0,0,0,0,0,,0,0,Wellington Region,Nil,Off road,Sealed,0,0,0,0,50,0,Null,0,0,,44,Porirua City,Nil,0,0,0,0,0,0,Urban,0,0,0,Fine,Null
1572289,5180270,15930,,593501,0,0,0,2,0,South,2009/2010,STANMORE ROAD,GLOUCESTER ST,,Non-Injury Crash,No,2009,0,South,0,0,0,Flat,0,,0,,0,Dark,2609700,0,0,0,3,0,0,0,0,1,,0,0,Canterbury Region,Nil,2-way,Sealed,0,0,0,0,50,0,On,0,0,,60,Christchurch City,Unknown,0,0,0,0,0,0,Urban,0,0,0,Fine,Null
1701875,5679607,15931,,550902,0,,0,0,,East,2009/2010,SH 3,DE HAVILLAND DRIVE,,Non-Injury Crash,Yes,2009,,West,,0,,Hill Road,,,,,,Dark,1562801,0,0,0,2,,,0,,,,,,Taranaki Region,Nil,2-way,Sealed,,0,0,,100,,None,2,0,,33,New Plymouth District,Nil,,,,,0,0,Open,0,,,Heavy rain,Null
1679658,5403966,15932,,581230,0,,0,1,,Null,2009/2010,SEYMOUR ST,HIGH ST,,Non-Injury Crash,No,2009,,North,,0,,Flat,,,,,,Overcast,2298900,0,0,0,2,,,0,,,,,,Marlborough Region,Nil,2-way,Sealed,,0,0,,50,,Null,1,0,,53,Marlborough District,Give way,,,,,0,0,Urban,0,,,Fine,Null
1752146,5423454,15933,,577102,0,0,0,2,0,South,2008/2009,MONORGAN ROAD,BROADWAY,,Non-Injury Crash,No,2009,0,North,0,0,0,Flat,0,,1,,0,Overcast,2215500,0,0,0,2,0,0,0,0,0,,0,0,Wellington Region,Nil,2-way,Sealed,0,0,0,0,50,0,Null,0,0,,47,Wellington City,Nil,0,0,0,0,0,0,Urban,0,0,0,Fine,Null
1749365,5424965,15934,,576400,0,0,0,3,0,Null,2008/2009,OWEN ST,CONSTABLE ST,,Non-Injury Crash,No,2009,0,East,0,0,0,Flat,0,,0,,0,Overcast,2170000,0,0,0,2,0,0,0,0,1,,0,0,Wellington Region,Nil,2-way,Sealed,0,0,0,0,40,0,Null,0,0,,47,Wellington City,Traffic Signals,0,0,0,0,0,0,Urban,0,0,0,Fine,Null
1755991,5924527,15935,,509800,0,,0,2,,East,2009/2010,ONEWA ROAD,ONEWA ON SBD,,Non-Injury Crash,No,2009,,East,,0,,Hill Road,,Christmas New Year,,,,Dark,360500,0,0,0,2,,,0,,,,,,Auckland Region,Bridge,1-way,Sealed,,0,0,,50,,On,0,0,,76,Auckland,Nil,,,,,0,0,Urban,0,,,Fine,Null
1821395,5529714,15936,,562800,0,,0,2,,Null,2008/2009,WALDING ST,TAONUI ST,,Non-Injury Crash,No,2009,,South,,0,,Flat,,,,,,Dark,1831000,0,0,0,2,,,0,,,,,,Manawatū-Whanganui Region,Nil,2-way,Sealed,,0,0,,50,,On,0,0,,40,Palmerston North City,Stop,,,,,0,0,Urban,0,,,Fine,Null
1909186,5664769,15937,,545911,0,,0,0,,North,2008/2009,SH 5,TE HAROTO ROAD,,Non-Injury Crash,Yes,2009,,West,,0,,Hill Road,,,,,,Bright sun,1414300,0,0,0,2,,,0,,,,,,Hawke's Bay Region,Nil,2-way,Sealed,,0,0,,100,,Null,0,0,,30,Hastings District,Nil,,,,,0,0,Open,1,,,Fine,Frost
1615231,5423875,15938,,584201,0,,0,2,,North,2009/2010,SH 6,QUEEN ST,,Non-Injury Crash,Yes,2009,,South,,0,,Flat,,,,,,Bright sun,2365400,0,0,0,5,,,0,,,,,,Tasman Region,Nil,2-way,Sealed,,0,0,,50,,Null,1,0,,51,Tasman District,Traffic Signals,,,,,0,0,Urban,0,,,Fine,Null
1885166,5773500,15939,,540420,0,,0,1,,Null,2009/2010,FENTON ST,ROTORUA CENTRAL MALL,,Non-Injury Crash,No,2009,,North,,0,,Flat,,,,,,Bright sun,1236500,0,0,0,2,,,0,,,,,,Bay of Plenty Region,Nil,2-way,Sealed,,0,0,,50,,Null,1,0,,24,Rotorua District,Give way,,,,,0,0,Urban,0,,,Fine,Null
1800175,5815722,15940,,529700,0,,0,2,,Null,2009/2010,TRISTRAM ST,ROSTREVOR ST,,Non-Injury Crash,No,2009,,South,,0,,Flat,,,,,,Dark,910000,0,0,0,2,,,0,,,,,,Waikato Region,Nil,2-way,Sealed,,0,0,,50,,On,0,0,,16,Hamilton City,Give way,,,,,0,0,Urban,0,,,Heavy rain,Null
1663916,5418802,15941,,580446,0,0,0,0,0,South,2009/2010,SH 6,LONG VALLEY ROAD,,Non-Injury Crash,Yes,2009,0,North,1,0,1,Flat,0,,0,,0,Dark,2286601,0,0,0,2,0,0,0,0,0,,0,0,Marlborough Region,Nil,2-way,Sealed,0,0,0,0,100,0,Off,0,0,,53,Marlborough District,Nil,0,0,0,0,1,0,Open,0,0,0,Light rain,Null
1933605,5603680,15942,,545750,0,0,0,1,0,North,2008/2009,NAPIER ROAD,THOMPSON ROAD,,Non-Injury Crash,No,2009,0,North,0,0,1,Flat,0,Queens Birthday,0,,0,Dark,1406600,0,0,0,2,0,0,0,0,0,,0,0,Hawke's Bay Region,Nil,2-way,Sealed,0,0,0,0,100,0,None,0,0,,30,Hastings District,Nil,0,0,0,1,0,0,Open,0,0,0,Light rain,Null
1753848,5915265,15943,,518801,0,0,0,2,0,West,2009/2010,TRITON AVENUE,BEAGLE AVENUE,,Non-Injury Crash,No,2009,0,North,0,0,0,Flat,0,,0,,0,Bright sun,575000,0,0,0,2,0,0,0,0,1,,0,0,Auckland Region,Nil,2-way,Sealed,0,0,0,0,50,0,Off,0,0,,76,Auckland,Nil,0,0,0,0,0,0,Urban,0,0,0,Fine,Null
1760709,5434080,15944,,568702,0,,0,2,,North,2008/2009,WAINUI ROAD,RISHWORTH ST,,Non-Injury Crash,No,2009,,East,,0,,Flat,,,,,,Overcast,1979001,0,0,0,2,,,0,,,,,,Wellington Region,Nil,2-way,Sealed,,0,0,,50,,Null,0,0,,46,Lower Hutt City,Nil,,,,,0,0,Urban,0,,,Heavy rain,Null
1882248,5828496,15945,,536821,0,,0,2,,South,2009/2010,MARINE PARADE,TAY ST,,Non-Injury Crash,No,2009,,South,,0,,Flat,,,,,,Dark,1197300,0,0,0,2,,,0,,,,,,Bay of Plenty Region,Nil,2-way,Sealed,,0,0,,50,,On,0,1,,23,Tauranga City,Stop,,,,,0,0,Urban,0,,,Fine,Null
1750359,5431092,15946,,574500,0,0,0,1,0,North,2008/2009,SH 1N,AOTEA ON NBD,,Non-Injury Crash,Yes,2009,0,North,0,0,0,Flat,1,,0,,0,Overcast,2093400,0,0,0,2,0,0,0,0,0,,0,0,Wellington Region,Nil,2-way,Sealed,0,0,0,0,100,0,Null,0,0,,47,Wellington City,Nil,0,0,0,0,0,0,Open,0,0,0,Light rain,Strong wind
1680221,5403872,15947,,581230,0,0,0,0,0,West,2008/2009,PARK TERRACE,OPAWA ST,,Non-Injury Crash,No,2009,0,East,0,0,0,Flat,0,,0,,0,Overcast,2299600,0,0,0,2,0,0,0,0,0,,0,0,Marlborough Region,Nil,2-way,Sealed,0,0,0,0,50,0,Null,0,0,,53,Marlborough District,Nil,0,0,0,0,1,0,Urban,1,1,0,Fine,Null
1767293,5908536,15948,,523501,0,0,0,1,0,Null,2009/2010,FRANKLYN ROAD,RALEIGH PLACE,,Non-Injury Crash,No,2009,0,West,0,0,1,Flat,0,,0,,0,Bright sun,704800,0,0,0,2,0,0,0,0,0,,0,0,Auckland Region,Nil,2-way,Sealed,0,0,0,0,50,0,Null,0,0,,76,Auckland,Nil,0,0,0,0,0,0,Urban,0,0,0,Fine,Null
1823032,5528844,15949,,563101,0,,0,2,,Null,2009/2010,VICTORIA AVENUE,PARK ROAD,,Non-Injury Crash,No,2009,,South,,0,,Flat,,,,,,Overcast,1811500,0,0,0,2,,,0,,,,,,Manawatū-Whanganui Region,Nil,2-way,Sealed,,0,0,,50,,Null,0,0,,40,Palmerston North City,Give way,,,,,0,0,Urban,0,,,Light rain,Null
1691434,5673887,15950,,551700,0,0,0,1,0,South,2008/2009,WAIMEA ST,WILTON ST,,Non-Injury Crash,No,2009,0,South,0,0,1,Flat,0,,0,,0,Dark,1576401,0,0,0,2,0,0,0,0,0,,0,0,Taranaki Region,Nil,2-way,Sealed,0,0,0,0,50,0,On,0,0,,33,New Plymouth District,Nil,0,0,0,0,0,0,Urban,0,0,0,Light rain,Null
1753372,5423765,15951,,577500,0,,0,2,,Null,2008/2009,INGLIS ST,DUNDAS ST,,Non-Injury Crash,No,2009,,North,,0,,Flat,,,,,,Bright sun,2210800,0,0,0,2,,,0,,,,,,Wellington Region,Nil,2-way,Sealed,,0,0,,50,,Null,0,0,,47,Wellington City,Give way,,,,,0,0,Urban,0,,,Fine,Null
2058467,5826577,15952,,543301,0,0,0,0,0,East,2009/2010,SH 35,DOWNEY ROAD,,Non-Injury Crash,Yes,2009,0,West,0,0,1,Hill Road,0,,0,,0,Bright sun,1342400,0,0,0,2,0,0,0,1,0,,0,0,Gisborne Region,Nil,2-way,Sealed,0,0,0,0,100,0,Null,0,0,,28,Gisborne District,Nil,0,0,0,0,1,0,Open,0,0,0,Fine,Null
1753806,5917588,15953,,517600,0,,0,3,,South,2009/2010,ST LUKES ROAD,ASQUITH AVENUE,,Non-Injury Crash,No,2009,,South,,0,,Flat,,,,,,Overcast,534001,0,0,0,2,,,0,,,,,,Auckland Region,Nil,1-way,Sealed,,0,0,,50,,Off,0,0,,76,Auckland,Nil,,,,,0,0,Urban,0,,,Light rain,Null
1758935,5913204,15954,,519820,0,,0,2,,Null,2009/2010,MOUNT SMART ROAD,ONEHUNGA MALL,,Non-Injury Crash,No,2009,,East,,0,,Flat,,,,,,Bright sun,599100,0,0,0,4,,,0,,,,,,Auckland Region,Nil,2-way,Sealed,,0,0,,50,,Off,0,0,,76,Auckland,Traffic Signals,,,,,0,0,Urban,0,,,Fine,Null
2036618,5710471,15955,,544200,0,,0,1,,Null,2008/2009,ORMOND ROAD,HOSPITAL ROAD,,Non-Injury Crash,No,2009,,West,,0,,Flat,,,,,,Bright sun,1377400,0,0,0,2,,,0,,,,,,Gisborne Region,Nil,2-way,Sealed,,0,0,,50,,Null,1,0,,28,Gisborne District,Nil,,,,,0,0,Urban,0,,,Fine,Null
2039485,5707396,15956,,544702,0,0,0,1,0,North,2008/2009,TYNDALL ROAD,HUXLEY ROAD,,Non-Injury Crash,No,2009,0,South,0,0,0,Flat,0,,0,,1,Dark,1383100,0,0,0,2,0,0,0,0,0,,0,0,Gisborne Region,Nil,2-way,Sealed,0,0,0,0,50,0,On,0,0,,28,Gisborne District,Unknown,0,0,0,0,0,0,Urban,0,0,0,Light rain,Null
1620095,5427926,15957,,583500,0,0,0,1,0,Null,2008/2009,SH 6,QUARANTINE ROAD,,Non-Injury Crash,Yes,2009,0,North,0,0,0,Flat,0,,0,,0,Dark,2340301,0,0,0,2,0,0,0,0,0,,0,0,Nelson Region,Nil,2-way,Sealed,0,0,0,0,70,0,On,0,0,,52,Nelson City,Give way,1,1,0,0,0,0,Urban,0,0,0,Fine,Null
1930667,5616553,15958,,547200,0,,0,3,,Null,2008/2009,PUKETAPU ROAD,SYMONS LANE,,Non-Injury Crash,No,2009,,East,,0,,Flat,,,,,,Dark,1459302,0,0,0,2,,,0,,,,,,Hawke's Bay Region,Nil,2-way,Sealed,,0,0,,50,,On,0,0,,31,Napier City,Stop,,,,,0,0,Urban,0,,,Light rain,Null
1757988,5434292,15959,,570000,0,0,0,2,0,Null,2008/2009,JACKSON ST,CUBA ST,,Non-Injury Crash,No,2009,0,East,0,0,0,Flat,0,,0,,0,Overcast,2027400,0,0,0,2,0,0,0,0,1,,0,0,Wellington Region,Nil,2-way,Sealed,0,0,0,0,50,0,Null,0,0,,46,Lower Hutt City,Traffic Signals,0,0,0,0,1,0,Urban,0,0,0,Fine,Null
1752401,5435862,15960,,573801,0,,0,1,,Null,2009/2010,BEAZLEY AVENUE,MARK AVENUE,,Non-Injury Crash,No,2009,,North,,0,,Flat,,,,,,Overcast,2079300,0,0,0,2,,,0,,,,,,Wellington Region,Nil,2-way,Sealed,,0,0,,50,,Null,0,0,,47,Wellington City,Give way,,,,,1,0,Urban,0,,,Light rain,Null