X,Y,OBJECTID,advisorySpeed,areaUnitID,bicycle,bridge,bus,carStationWagon,cliffBank,crashDirectionDescription,crashFinancialYear,crashLocation1,crashLocation2,crashRoadSideRoad,crashSeverity,crashSHDescription,crashYear,debris,directionRoleDescription,ditch,fatalCount,fence,flatHill,guardRail,holiday,houseOrBuilding,intersection,kerb,light,meshblockId,minorInjuryCount,moped,motorcycle,NumberOfLanes,objectThrownOrDropped,otherObject,otherVehicleType,overBank,parkedVehicle,pedestrian,phoneBoxEtc,postOrPole,region,roadCharacter,roadLane,roadSurface,roadworks,schoolBus,seriousInjuryCount,slipOrFlood,speedLimit,strayAnimal,streetLight,suv,taxi,temporarySpeedLimit,tlaId,tlaName,trafficControl,trafficIsland,trafficSign,train,tree,truck,unknownVehicleType,urban,vanOrUtility,vehicle,waterRiver,weatherA,weatherB
1611057,5420410,15961,,581726,0,,0,1,,East,2009/2010,SH 6,CLOVER ROAD,,Non-Injury Crash,Yes,2009,,North,,0,,Flat,,,,,,Bright sun,2358100,0,0,0,2,,,0,,,,,,Tasman Region,Nil,2-way,Sealed,,0,0,,100,,Null,1,0,,51,Tasman District,Nil,,,,,0,0,Open,0,,,Fine,Null
1761620,5919007,15962,,516400,0,,0,2,,East,2009/2010,KEPA ROAD,ORAKEI ROAD,,Non-Injury Crash,No,2009,,East,,0,,Flat,,,,,,Overcast,497700,0,0,0,2,,,0,,,,,,Auckland Region,Nil,2-way,Sealed,,0,0,,50,,Off,0,0,,76,Auckland,Nil,,,,,0,0,Urban,0,,,Fine,Null
1775137,5886986,15963,,521132,0,,0,2,,South,2009/2010,SH 1N,ARARIMU OBR,,Non-Injury Crash,Yes,2009,,South,,0,,Flat,,,,,,Bright sun,814200,0,0,0,2,,,0,,,,,,Auckland Region,Nil,1-way,Sealed,,0,0,,100,,Off,0,0,,76,Auckland,Nil,,,,,0,0,Open,0,,,Fine,Null
1719691,6045924,15964,,503100,0,,0,2,,Null,2009/2010,DENT ST,RIVERSIDE DRIVE,,Non-Injury Crash,No,2009,,West,,0,,Flat,,,,,,Bright sun,99903,0,0,0,5,,,0,,,,,,Northland Region,Nil,2-way,Sealed,,0,0,,50,,Null,0,0,,2,Whangarei District,Traffic Signals,,,,,0,0,Urban,0,,,Fine,Null
1822703,5463405,15965,,578700,0,0,0,2,0,South,2008/2009,POWNALL ST,COLLEGE ST,,Non-Injury Crash,No,2009,0,South,0,0,0,Flat,0,,0,,0,Overcast,2237000,0,0,0,2,0,0,0,0,1,,0,0,Wellington Region,Nil,2-way,Sealed,0,0,0,0,50,0,Null,0,0,,48,Masterton District,Nil,0,0,0,0,0,0,Urban,0,0,0,Light rain,Null
1755336,5921904,15966,,515202,0,,0,2,,North,2009/2010,SH 1N,SHELLY BEACH OBR,,Non-Injury Crash,Yes,2009,,North,,0,,Hill Road,,,,,,Bright sun,423600,0,0,0,4,,,0,,,,,,Auckland Region,Bridge,1-way,Sealed,,0,0,,80,,Null,0,0,,76,Auckland,Unknown,,,,,0,0,Open,0,,,Fine,Null
1803879,5507570,15967,,564021,0,,0,1,,South,2009/2010,SH 57,BALLANCE ST,,Non-Injury Crash,Yes,2009,,North,,0,,Hill Road,,,,,,Overcast,1854100,0,0,0,2,,,0,,,,,,Manawatū-Whanganui Region,Nil,2-way,Sealed,,0,0,,100,,Null,0,0,,42,Horowhenua District,Nil,,,,,1,0,Open,0,,,Fine,Null
1774245,5579036,15968,,556700,0,,0,0,,South,2009/2010,SH 3,PARSONS ST,,Non-Injury Crash,Yes,2009,,North,,0,,Hill Road,,Christmas New Year,,,,Twilight,1721200,0,0,0,2,,,0,,,,,,Manawatū-Whanganui Region,Nil,2-way,Sealed,,0,0,,50,,Off,0,0,,37,Whanganui District,Nil,,,,,0,0,Urban,2,,,Fine,Null
1842361,5520396,15969,,577900,0,0,0,1,0,Null,2008/2009,SH 2,JAMES ROAD,,Non-Injury Crash,Yes,2009,0,West,0,0,0,Flat,0,,0,,0,Dark,2220900,0,0,0,2,0,0,0,0,0,,0,0,Manawatū-Whanganui Region,Nil,2-way,Sealed,0,0,0,0,100,0,None,0,0,,41,Tararua District,Give way,0,1,0,0,0,0,Open,0,0,0,Fine,Null
1802900,5815976,15970,,530100,0,0,0,0,0,East,2009/2010,RUAKURA ROAD,PEACHGROVE ROAD,,Non-Injury Crash,No,2009,0,West,0,0,0,Flat,0,,0,,0,Overcast,896001,0,0,0,1,0,0,0,0,0,,0,1,Waikato Region,Nil,2-way,Sealed,0,0,0,0,80,0,Off,0,0,,16,Hamilton City,Nil,0,0,0,0,1,0,Open,1,0,0,Light rain,Null
1407452,4914765,15971,,602800,0,,0,2,,Null,2009/2010,PORTSMOUTH DRIVE,PORTOBELLO ROAD,,Non-Injury Crash,No,2009,,West,,0,,Flat,,,,,,Dark,2895200,0,0,0,4,,,0,,,,,,Otago Region,Nil,2-way,Sealed,,0,0,,50,,On,0,0,,71,Dunedin City,Give way,,,,,0,0,Urban,0,,,Light rain,Null
1747138,5428294,15972,,575200,0,,0,2,,Null,2009/2010,NORTHLAND ROAD,FARM ROAD,,Non-Injury Crash,No,2009,,West,,0,,Hill Road,,,,,,Bright sun,2150000,0,0,0,2,,,0,,,,,,Wellington Region,Nil,2-way,Sealed,,0,0,,50,,Null,0,0,,47,Wellington City,Give way,,,,,0,0,Urban,0,,,Fine,Null
1822470,5531706,15973,,562401,0,,0,2,,Null,2008/2009,RUAHINE ST,TREMAINE AVENUE,,Non-Injury Crash,No,2009,,South,,0,,Flat,,,,,,Bright sun,1834000,0,0,0,2,,,0,,,,,,Manawatū-Whanganui Region,Nil,2-way,Sealed,,0,0,,50,,Null,0,0,,40,Palmerston North City,Traffic Signals,,,,,1,0,Urban,0,,,Fine,Null
1767523,5904236,15974,,524604,0,,0,2,,Null,2009/2010,MANUKAU STATION ROAD,PUTNEY WAY N,,Non-Injury Crash,No,2009,,South,,0,,Flat,,,,,,Overcast,780204,0,0,0,4,,,0,,,,,,Auckland Region,Nil,2-way,Sealed,,0,0,,50,,Off,0,0,,76,Auckland,Traffic Signals,,,,,0,0,Urban,0,,,Fine,Null
1754208,5445750,15975,,570700,0,,0,1,,Null,2008/2009,TITAHI BAY ROAD,WI NEERA DRIVE,,Non-Injury Crash,No,2009,,South,,0,,Flat,,,,,,Bright sun,2037500,0,0,0,2,,,0,,,,,,Wellington Region,Nil,2-way,Sealed,,0,0,,70,,Null,0,0,,44,Porirua City,Traffic Signals,,,,,0,0,Urban,1,,,Fine,Null
1755196,5434482,15976,,569800,0,,0,1,,Null,2009/2010,SH 2,HOROKIWI ROAD,,Non-Injury Crash,Yes,2009,,East,,0,,Flat,,,,,,Overcast,1922202,0,0,0,2,,,0,,,,,,Wellington Region,Nil,2-way,Sealed,,0,0,,100,,Null,0,0,,46,Lower Hutt City,Nil,,,,,0,0,Open,1,,,Fine,Null
1767430,5904936,15977,,524603,0,,0,2,,Null,2009/2010,GREAT SOUTH ROAD,CAVENDISH DRIVE,,Non-Injury Crash,No,2009,,South,,0,,Flat,,,,,,Dark,780304,0,0,0,2,,,0,,,,,,Auckland Region,Nil,2-way,Sealed,,0,0,,80,,On,0,0,,76,Auckland,Traffic Signals,,,,,0,0,Open,0,,,Light rain,Null
1757197,5434640,15978,,569900,0,,0,1,,West,2009/2010,JACKSON ST,SYDNEY ST,,Non-Injury Crash,No,2009,,East,,0,,Flat,,,,,,Overcast,2033200,0,0,0,2,,,0,,,,,,Wellington Region,Nil,2-way,Sealed,,0,0,,50,,Null,1,0,,46,Lower Hutt City,Nil,,,,,0,0,Urban,0,,,Fine,Null
1711791,5634722,15979,,553601,0,0,0,1,0,Null,2008/2009,Z BRIDGER PARK,SH 3/KING EDWARD,,Non-Injury Crash,Yes,2009,0,East,0,0,0,Flat,0,,0,,0,Bright sun,1635000,0,0,0,0,0,0,0,0,1,,0,0,Taranaki Region,Nil,Off road,Sealed,0,0,0,0,50,0,Null,0,0,,35,South Taranaki District,Nil,0,0,0,0,1,0,Urban,0,0,0,Fine,Null
1744348,5426791,15980,,575100,0,0,0,0,0,South,2008/2009,FITZGERALD PLACE,HAZLEWOOD AVENUE,,Non-Injury Crash,No,2009,0,South,0,0,0,Flat,0,,0,,0,Overcast,2116310,0,0,0,2,0,0,0,0,1,,0,0,Wellington Region,Nil,2-way,Sealed,0,0,0,0,50,0,Null,1,0,,47,Wellington City,Nil,0,0,0,0,1,0,Urban,0,0,0,Fine,Null
1793315,5500765,15981,,564210,0,,0,0,,Null,2008/2009,QUEEN ST WEST,BRISTOL ST,,Non-Injury Crash,No,2009,,West,,0,,Flat,,,,,,Bright sun,1864800,0,0,0,2,,,0,,,,,,Manawatū-Whanganui Region,Nil,2-way,Sealed,,0,0,,50,,Null,0,0,,42,Horowhenua District,Give way,,,,,0,0,Urban,2,,,Fine,Null
1563287,5184821,15982,,587811,0,,0,2,,Null,2008/2009,ORCHARD ROAD,ROY PLACE,,Non-Injury Crash,No,2009,,South,,0,,Flat,,,,,,Overcast,2494000,0,0,0,2,,,0,,,,,,Canterbury Region,Nil,2-way,Sealed,,0,0,,50,,Null,0,0,,60,Christchurch City,Give way,,,,,0,0,Urban,0,,,Fine,Null
1760192,5436657,15983,,569100,0,,0,1,,South,2009/2010,HIGH ST,DOWNER ST,,Non-Injury Crash,No,2009,,North,,0,,Flat,,,,,,Overcast,1967200,0,0,0,2,,,0,,,,,,Wellington Region,Nil,2-way,Sealed,,0,0,,50,,Null,1,0,,46,Lower Hutt City,Nil,,,,,0,0,Urban,0,,,Fine,Null
1802411,5814726,15984,,530200,0,,0,2,,Null,2009/2010,NIXON ST,COOK ST,,Non-Injury Crash,No,2009,,South,,0,,Flat,,,,,,Bright sun,893300,0,0,0,2,,,0,,,,,,Waikato Region,Nil,2-way,Sealed,,0,0,,50,,Null,0,0,,16,Hamilton City,Give way,,,,,0,0,Urban,0,,,Fine,Null
1751076,5914919,15985,,514402,0,,0,3,,West,2009/2010,GREAT NORTH ROAD,ST GEORGES ROAD,,Non-Injury Crash,No,2009,,West,,0,,Flat,,,,,,Bright sun,381200,0,0,1,2,,,0,,,,,,Auckland Region,Nil,2-way,Sealed,,0,0,,50,,Null,0,0,,76,Auckland,Unknown,,,,,0,0,Urban,0,,,Fine,Null
1753039,5432992,15986,,574002,0,0,0,1,0,East,2008/2009,SH 2,NGAURANGA ON NBD,,Non-Injury Crash,Yes,2009,0,South,0,0,0,Flat,1,,0,,0,Overcast,2078302,0,0,0,2,0,0,0,0,0,,0,0,Wellington Region,Nil,2-way,Sealed,0,0,0,0,100,0,Null,0,0,,47,Wellington City,Nil,0,0,0,0,0,0,Open,0,0,0,Fine,Null
2037318,5708544,15987,,544600,0,,0,2,,Null,2009/2010,PALMERSTON ROAD,GREY ST,,Non-Injury Crash,No,2009,,East,,0,,Flat,,,,,,Overcast,1372300,0,0,0,2,,,0,,,,,,Gisborne Region,Nil,2-way,Sealed,,0,0,,50,,Null,0,0,,28,Gisborne District,Stop,,,,,0,0,Urban,0,,,Heavy rain,Null
1935324,5620248,15988,,546600,0,0,0,2,0,West,2008/2009,KENNEDY ROAD,RUSSELL ROAD,,Non-Injury Crash,No,2009,0,West,0,0,0,Flat,0,,0,,0,Overcast,1435800,0,0,0,2,0,0,0,0,1,,0,0,Hawke's Bay Region,Nil,2-way,Sealed,0,0,0,0,50,0,Null,0,0,,31,Napier City,Nil,0,0,0,0,0,0,Urban,0,0,0,Fine,Null
1760383,5907050,15989,,524111,0,,0,2,,Null,2009/2010,BADER DRIVE,MASCOT AVENUE,,Non-Injury Crash,No,2009,,West,,0,,Flat,,,,,,Bright sun,740500,0,0,0,3,,,0,,,,,,Auckland Region,Nil,2-way,Sealed,,0,0,,50,,Off,0,0,,76,Auckland,Give way,,,,,0,0,Urban,1,,,Fine,Null
1761077,5437809,15990,,569402,0,,0,2,,Null,2008/2009,SH 2,GROUNSELL CRESCENT,,Non-Injury Crash,Yes,2009,,South,,0,,Flat,,,,,,Overcast,1918804,0,0,0,2,,,0,,,,,,Wellington Region,Nil,2-way,Sealed,,0,0,,100,,Null,0,0,,46,Lower Hutt City,Traffic Signals,,,,,0,0,Open,0,,,Fine,Null
1483515,5376430,15991,,584500,0,0,0,2,0,West,2008/2009,SH 67,PALMERSTON ST,,Non-Injury Crash,Yes,2009,0,West,0,0,0,Flat,0,,0,,0,Bright sun,2391500,0,0,0,2,0,0,0,0,1,,0,0,West Coast Region,Nil,2-way,Sealed,0,0,0,0,50,0,Null,0,0,,55,Buller District,Give way,0,0,0,0,0,0,Urban,0,0,0,Fine,Null
1568925,5185307,15992,,591800,0,,0,1,,West,2009/2010,NORTHCOTE ROAD,MAIN NORTH ROAD,,Non-Injury Crash,No,2009,,West,,0,,Flat,,,,,,Bright sun,2665600,0,0,1,2,,,0,,,,,,Canterbury Region,Nil,2-way,Sealed,,0,0,,50,,Null,0,0,,60,Christchurch City,Nil,,,,,0,0,Urban,0,,,Fine,Null
2036986,5708410,15993,,544600,0,,0,1,,Null,2009/2010,CHILDERS ROAD,DERBY ST,,Non-Injury Crash,No,2009,,West,,0,,Flat,,,,,,Twilight,1372800,0,0,0,2,,,0,,,,,,Gisborne Region,Nil,2-way,Sealed,,0,0,,50,,On,1,0,,28,Gisborne District,Give way,,,,,0,0,Urban,0,,,Fine,Null
1630064,6113705,15994,,500202,0,0,0,1,0,East,2009/2010,SH 1N,RUAROA ROAD,,Non-Injury Crash,Yes,2009,0,West,0,0,0,Flat,0,,0,,0,Dark,6300,0,0,0,1,0,0,0,1,0,,0,0,Northland Region,Nil,2-way,Unsealed,0,0,0,0,100,0,None,0,0,50,1,Far North District,Nil,0,0,0,0,0,0,Open,0,0,0,Fine,Null
1792368,5499363,15995,,564232,0,,0,1,,South,2008/2009,SH 1N,HOKIO BEACH ROAD,,Non-Injury Crash,Yes,2009,,South,,0,,Flat,,,,,,Overcast,1873100,0,0,0,2,,,0,,,,,,Manawatū-Whanganui Region,Nil,2-way,Sealed,,0,0,,50,,Null,1,0,,42,Horowhenua District,Nil,,,,,0,0,Urban,0,,,Fine,Null
1693376,5676319,15996,,551800,0,,0,3,,West,2008/2009,SH 45,GOVER ST,,Non-Injury Crash,Yes,2009,,East,,0,,Flat,,,,,,Overcast,1593900,0,0,0,2,,,0,,,,,,Taranaki Region,Nil,2-way,Sealed,,0,0,,50,,Null,0,0,,33,New Plymouth District,Nil,,,,,0,0,Urban,0,,,Fine,Null
1758387,5455393,15997,,571800,0,0,0,1,0,Null,2009/2010,RAWHITI ROAD,TEIHANA ROAD,,Non-Injury Crash,No,2009,0,South,0,0,1,Flat,0,,0,,0,Bright sun,2065900,0,0,0,2,0,0,0,0,0,,0,0,Wellington Region,Nil,2-way,Sealed,0,0,0,0,50,0,Null,0,0,,44,Porirua City,Give way,0,0,0,0,0,0,Urban,0,0,0,Fine,Null
1753477,5442206,15998,,572701,0,,0,2,,South,2008/2009,MAIN ROAD,LINDEN AVENUE,,Non-Injury Crash,No,2009,,South,,0,,Flat,,,,,,Overcast,1994500,0,0,0,2,,,0,,,,,,Wellington Region,Nil,2-way,Sealed,,0,0,,50,,Null,0,0,,47,Wellington City,Nil,,,,,0,0,Urban,0,,,Fine,Null
1766270,5907512,15999,,523601,0,,0,1,,Null,2009/2010,SH 1N,EAST TAMAKI OBR,,Non-Injury Crash,Yes,2009,,South,,0,,Flat,,,,,,Bright sun,708500,0,0,0,3,,,0,,,,,,Auckland Region,Nil,1-way,Sealed,,0,0,,100,,Off,1,0,,76,Auckland,Nil,,,,,0,0,Open,0,,,Fine,Null
1701171,5679345,16000,,550902,0,,0,2,,West,2009/2010,SH 3,AIRPORT DRIVE,,Non-Injury Crash,Yes,2009,,West,,0,,Flat,,,,,,Overcast,1562801,0,0,0,2,,,0,,,,,,Taranaki Region,Nil,2-way,Sealed,,0,0,,100,,Null,0,0,,33,New Plymouth District,Nil,,,,,0,0,Open,0,,,Fine,Null
1746356,5940017,16001,,506614,0,,0,2,,Null,2009/2010,BLACKBRIDGE ROAD,DAIRY FLAT HIGHWAY,,Non-Injury Crash,No,2009,,North,,0,,Hill Road,,Labour Weekend,,,,Overcast,178003,0,0,0,2,,,0,,,,,,Auckland Region,Nil,2-way,Sealed,,0,0,,100,,Off,0,0,,76,Auckland,Stop,,,,,0,0,Open,0,,,Fine,Null
1751324,5433528,16002,,574303,0,,0,1,,South,2008/2009,SH 1N,NEWLANDS OFF NBD,,Non-Injury Crash,Yes,2009,,North,,0,,Hill Road,,,,,,Overcast,2084302,0,0,0,2,,,0,,,,,,Wellington Region,Nil,2-way,Sealed,,0,0,,80,,Null,1,0,,47,Wellington City,Nil,,,,,0,0,Open,0,,,Fine,Null
1756324,5919107,16003,,514200,0,,0,2,,Null,2009/2010,NEWTON ROAD,NEWTON OFF EBD N,,Non-Injury Crash,No,2009,,North,,0,,Flat,,,,,,Bright sun,411800,0,0,0,4,,,0,,,,,,Auckland Region,Motorway ramp,2-way,Sealed,,0,0,,50,,Off,0,0,,76,Auckland,Traffic Signals,,,,,0,0,Urban,0,,,Fine,Null
2057616,5778292,16004,,543301,0,0,0,1,1,West,2009/2010,IHUNGIA ROAD,SH 35,,Non-Injury Crash,No,2009,0,North,0,0,0,Hill Road,0,,0,,0,Bright sun,1349201,0,0,0,2,0,0,0,0,0,,0,0,Gisborne Region,Nil,2-way,Unsealed,0,0,0,0,100,0,Null,0,0,,28,Gisborne District,Nil,0,0,0,0,0,0,Open,0,0,0,Fine,Null
1719332,6045723,16005,,503100,0,,0,1,,North,2009/2010,BANK ST,VINE ST,,Non-Injury Crash,No,2009,,North,,0,,Flat,,,,,,Dark,100300,0,0,0,4,,,0,,,,,,Northland Region,Nil,2-way,Sealed,,0,0,,50,,On,0,0,,2,Whangarei District,Nil,,,,,0,0,Urban,1,,,Fine,Null
1764720,5917026,16006,,517201,0,,0,2,,North,2009/2010,HOWARD HUNTER AVENUE,SWAINSTON ROAD,,Non-Injury Crash,No,2009,,South,,0,,Hill Road,,,,,,Overcast,465102,0,0,0,2,,,0,,,,,,Auckland Region,Nil,2-way,Sealed,,0,0,,50,,Off,0,0,,76,Auckland,Nil,,,,,0,0,Urban,0,,,Fine,Null
2036495,5709160,16007,,544600,0,,0,2,,Null,2009/2010,GLADSTONE ROAD,ROEBUCK ROAD,,Non-Injury Crash,No,2009,,South,,0,,Flat,,,,,,Bright sun,1373700,0,0,0,2,,,0,,,,,,Gisborne Region,Nil,2-way,Sealed,,0,0,,50,,Null,0,0,,28,Gisborne District,Give way,,,,,0,0,Urban,0,,,Fine,Null
1756827,5447808,16008,,572100,0,0,0,1,0,Null,2008/2009,SH 1N,PAREMATA LINK STH,,Non-Injury Crash,Yes,2009,0,North,0,0,0,Flat,0,,0,,0,Bright sun,2070000,0,0,0,2,0,0,0,0,0,,0,0,Wellington Region,Nil,2-way,Sealed,0,0,0,0,50,0,Null,0,0,,44,Porirua City,Give way,1,0,0,0,0,0,Urban,0,0,0,Fine,Null
1720349,5607881,16009,65,554400,0,0,0,1,1,South,2008/2009,SH 3,MUGGERIDGE ROAD,,Non-Injury Crash,Yes,2009,0,South,0,0,0,Hill Road,0,,0,,0,Overcast,1664900,0,0,0,2,0,0,0,0,0,,0,0,Taranaki Region,Nil,2-way,Sealed,0,0,0,0,100,0,Null,0,0,,35,South Taranaki District,Nil,0,0,0,0,0,0,Open,0,0,0,Light rain,Null
1620320,5428051,16010,,583500,0,0,0,1,0,South,2009/2010,SH 6,ANNESBROOK DRIVE,,Non-Injury Crash,Yes,2009,0,South,0,0,0,Flat,1,,0,,0,Dark,2336001,0,0,0,2,0,0,0,0,0,,0,0,Nelson Region,Nil,2-way,Sealed,0,0,0,0,70,0,On,0,0,,52,Nelson City,Nil,0,0,0,0,0,0,Urban,0,0,0,Light rain,Null
1829670,5625486,16011,,554900,0,0,0,1,0,South,2008/2009,SH 1N,HASSETT DRIVE,,Non-Injury Crash,Yes,2009,0,South,0,0,0,Flat,0,,0,,0,Overcast,1673802,0,0,0,2,0,0,0,0,0,,0,0,Manawatū-Whanganui Region,Nil,2-way,Sealed,0,0,0,0,100,0,Null,0,0,,36,Ruapehu District,Nil,0,1,0,0,0,0,Open,0,0,0,Light rain,Null
1656029,5308271,16012,,581500,0,0,0,1,0,North,2008/2009,SH 1S,MILL ROAD,,Non-Injury Crash,Yes,2009,0,South,0,0,0,Flat,1,,0,,0,Overcast,2314200,0,0,0,2,0,0,0,0,0,,0,0,Canterbury Region,Nil,2-way,Sealed,0,0,0,0,100,0,Null,0,0,,54,Kaikoura District,Unknown,0,0,0,0,0,0,Open,0,0,0,Heavy rain,Null
1907701,5808326,16013,,536654,0,0,1,0,0,West,2009/2010,SH 2,BENNER ROAD,,Non-Injury Crash,Yes,2009,0,East,0,0,1,Flat,0,Christmas New Year,0,,0,Bright sun,1213000,0,0,0,2,0,0,0,1,0,,0,0,Bay of Plenty Region,Nil,2-way,Sealed,0,0,0,0,100,0,Off,0,0,,22,Western Bay of Plenty District,Nil,0,0,0,0,0,0,Open,0,0,0,Fine,Null
1572447,5186466,16014,,590506,0,0,0,0,0,Null,2009/2010,PRESTONS ROAD,MARSHLAND ROAD,,Non-Injury Crash,No,2009,0,East,0,0,1,Flat,0,,0,,0,Bright sun,2503600,0,0,0,2,0,0,0,0,0,,0,0,Canterbury Region,Nil,2-way,Sealed,0,0,0,0,80,0,Null,1,0,,60,Christchurch City,Give way,0,0,0,1,0,0,Open,0,0,0,Fine,Null
1797113,5625815,16015,,554900,0,0,0,1,0,North,2008/2009,SH 4,UPPER MANGAWHERO BR,,Non-Injury Crash,Yes,2009,0,South,0,0,1,Hill Road,0,,0,,0,Overcast,1678200,0,0,0,2,0,0,0,1,0,,0,0,Manawatū-Whanganui Region,Nil,2-way,Sealed,0,0,0,0,100,0,Null,0,0,,36,Ruapehu District,Nil,0,0,0,0,0,0,Open,0,0,0,Heavy rain,Null
1822451,5467040,16016,,578302,0,0,0,0,0,North,2008/2009,PAIERAU ROAD,AKURA ROAD,,Non-Injury Crash,No,2009,0,South,0,0,1,Flat,0,,0,,0,Bright sun,2253501,0,0,0,2,0,0,0,0,0,,0,0,Wellington Region,Nil,2-way,Sealed,0,0,0,0,100,0,Null,0,0,,48,Masterton District,Nil,0,0,0,0,0,0,Open,1,0,0,Fine,Null
1775414,5577615,16017,,557100,0,,0,0,,West,2008/2009,VICTORIA AVENUE,RIDGWAY ST,,Non-Injury Crash,No,2009,,South,,0,,Flat,,,,,,Bright sun,1697900,0,0,1,2,,,0,,,,,,Manawatū-Whanganui Region,Nil,2-way,Sealed,,0,0,,50,,Null,0,0,,37,Whanganui District,Nil,,,,,0,0,Urban,1,,,Fine,Null
1749326,5426238,16018,,573400,0,,0,3,,East,2008/2009,SH 1N PATERSON,DUFFERIN ST E,,Non-Injury Crash,Yes,2009,,West,,0,,Hill Road,,,,,,Dark,2143300,0,0,0,3,,,0,,,,,,Wellington Region,Nil,2-way,Sealed,,0,0,,50,,On,0,0,,47,Wellington City,Nil,,,,,0,0,Urban,0,,,Light rain,Null
1805757,5785667,16019,,527937,0,0,0,1,1,North,2009/2010,SH 3,ALLEN ROAD,,Non-Injury Crash,Yes,2009,0,North,1,0,0,Hill Road,0,,0,,0,Bright sun,989500,0,0,0,2,0,0,0,0,0,,0,0,Waikato Region,Nil,2-way,Sealed,0,0,0,0,100,0,Null,0,0,,17,Waipa District,Unknown,0,0,0,0,0,0,Open,0,0,0,Fine,Null
2038725,5707508,16020,,544801,0,0,0,2,0,East,2008/2009,DE LAUTOUR ROAD,SH 35,,Non-Injury Crash,No,2009,0,South,0,0,0,Flat,0,,0,,0,Bright sun,1387800,0,0,0,2,0,0,0,0,1,,0,0,Gisborne Region,Nil,2-way,Sealed,0,0,0,0,50,0,Null,0,0,,28,Gisborne District,Nil,0,0,0,0,0,0,Urban,0,0,0,Fine,Null
1416775,4930482,16021,,601603,0,0,0,2,0,West,2008/2009,MIHIWAKA ROAD,BEACH ROAD,,Non-Injury Crash,No,2009,0,East,0,0,0,Flat,0,Queens Birthday,0,,0,Dark,2863805,0,0,0,2,0,0,0,0,1,,0,0,Otago Region,Nil,2-way,Sealed,0,0,0,0,50,0,None,0,0,,71,Dunedin City,Unknown,0,0,0,0,0,0,Urban,0,0,0,Fine,Null
1747820,5425341,16022,,575701,0,,0,3,,South,2008/2009,WASHINGTON AVENUE,CONNAUGHT TERRACE,,Non-Injury Crash,No,2009,,North,,0,,Hill Road,,,,,,Dark,2199600,0,0,0,2,,,0,,,,,,Wellington Region,Nil,2-way,Sealed,,0,0,,50,,On,0,0,,47,Wellington City,Nil,,,,,0,0,Urban,0,,,Fine,Null
1618570,5427176,16023,,584000,0,0,0,1,0,North,2009/2010,SH 6,SONGER ST OBR,,Non-Injury Crash,Yes,2009,0,South,0,0,0,Flat,1,,0,,0,Overcast,2336105,0,0,0,2,0,0,0,0,0,,0,0,Nelson Region,Nil,2-way,Sealed,0,0,0,0,100,0,Null,0,0,,52,Nelson City,Nil,0,0,0,0,0,0,Open,0,0,0,Fine,Null
1930951,5606308,16024,,547600,0,0,0,1,0,Null,2008/2009,NELSON ST NORTH,WILLIAMS ST,,Non-Injury Crash,No,2009,0,East,0,0,1,Flat,0,,0,,0,Dark,1483900,0,0,0,2,0,0,0,0,0,,0,1,Hawke's Bay Region,Nil,2-way,Sealed,0,0,0,0,50,0,On,0,0,,30,Hastings District,Nil,0,0,0,0,0,0,Urban,0,0,0,Fine,Null
1884801,5772902,16025,,540510,0,0,0,2,0,West,2009/2010,CARNOT ST,LYTTON ST,,Non-Injury Crash,No,2009,0,East,0,0,0,Flat,0,,0,,0,Overcast,1241300,0,0,0,2,0,0,0,0,1,,0,0,Bay of Plenty Region,Nil,2-way,Sealed,0,0,0,0,50,0,Off,0,0,,24,Rotorua District,Nil,0,0,0,1,0,0,Urban,0,0,0,Light rain,Null
1757973,5919812,16026,,515902,0,,0,1,,Null,2009/2010,STANLEY ST,LOWER DOMAIN DRIVE,,Non-Injury Crash,Yes,2009,,South,,0,,Flat,,,,,,Overcast,451400,0,0,0,1,,,1,,,,,,Auckland Region,Nil,1-way,Sealed,,0,0,,50,,Off,0,0,,76,Auckland,Nil,,,,,0,0,Urban,0,,,Fine,Null
1747120,5427887,16027,,575200,0,,0,1,,West,2008/2009,GLENMORE ST,NORTHLAND ROAD,,Non-Injury Crash,No,2009,,West,,0,,Hill Road,,,,,,Overcast,2149900,0,0,0,2,,,0,,,,,,Wellington Region,Nil,2-way,Sealed,,0,0,,50,,Null,1,0,,47,Wellington City,Nil,,,,,0,0,Urban,0,,,Heavy rain,Null
1755643,5926477,16028,,509701,0,,0,2,,North,2009/2010,OCEAN VIEW ROAD,HILLCREST AVENUE,,Non-Injury Crash,No,2009,,East,,0,,Hill Road,,,,,,Overcast,361900,0,0,0,2,,,0,,,,,,Auckland Region,Nil,2-way,Sealed,,0,0,,50,,Off,0,0,,76,Auckland,Give way,,,,,0,0,Urban,0,,,Fine,Null
1759754,5434454,16029,,568900,0,,0,1,,Null,2009/2010,RANDWICK ROAD,RANDWICK CRESCENT,,Non-Injury Crash,No,2009,,North,,0,,Flat,,,,,,Overcast,1963500,0,0,0,2,,,0,,,,,,Wellington Region,Bridge,2-way,Sealed,,0,0,,50,,Null,0,0,,46,Lower Hutt City,Give way,,,,,0,0,Urban,1,,,Fine,Null