X,Y,OBJECTID,advisorySpeed,areaUnitID,bicycle,bridge,bus,carStationWagon,cliffBank,crashDirectionDescription,crashFinancialYear,crashLocation1,crashLocation2,crashRoadSideRoad,crashSeverity,crashSHDescription,crashYear,debris,directionRoleDescription,ditch,fatalCount,fence,flatHill,guardRail,holiday,houseOrBuilding,intersection,kerb,light,meshblockId,minorInjuryCount,moped,motorcycle,NumberOfLanes,objectThrownOrDropped,otherObject,otherVehicleType,overBank,parkedVehicle,pedestrian,phoneBoxEtc,postOrPole,region,roadCharacter,roadLane,roadSurface,roadworks,schoolBus,seriousInjuryCount,slipOrFlood,speedLimit,strayAnimal,streetLight,suv,taxi,temporarySpeedLimit,tlaId,tlaName,trafficControl,trafficIsland,trafficSign,train,tree,truck,unknownVehicleType,urban,vanOrUtility,vehicle,waterRiver,weatherA,weatherB
1756096,5923400,16030,,509800,0,,0,0,,South,2009/2010,SH 1N,STAFFORD OFF NBD,,Non-Injury Crash,Yes,2009,,North,,0,,Hill Road,,,,,,Overcast,359200,0,0,0,4,,,0,,,,,,Auckland Region,Nil,2-way,Sealed,,0,0,,80,,Off,0,0,,76,Auckland,Nil,,,,,1,0,Open,1,,,Fine,Null
1777621,5878851,16031,,521131,0,,0,1,,South,2009/2010,SH 1N,NIKAU OBR,,Non-Injury Crash,Yes,2009,,South,,0,,Hill Road,,,,,,Overcast,842601,0,0,0,4,,,0,,,,,,Waikato Region,Nil,2-way,Sealed,,0,0,,100,,Off,0,0,,13,Waikato District,Nil,,,,,1,0,Open,0,,,Light rain,Null
2037504,5708306,16032,,544600,0,,0,1,,South,2009/2010,READS QUAY,PEEL ST,,Non-Injury Crash,No,2009,,North,,0,,Flat,,,,,,Overcast,1371300,0,0,0,2,,,0,,,,,,Gisborne Region,Nil,2-way,Sealed,,0,0,,50,,Null,0,0,,28,Gisborne District,Nil,,,,,0,0,Urban,1,,,Light rain,Null
1820006,5664665,16033,,532601,0,0,0,0,0,East,2009/2010,MANGATEPOPO ROAD,SH 47,,Non-Injury Crash,No,2009,0,East,1,0,0,Hill Road,0,,0,,0,Dark,1023000,0,0,0,2,0,0,0,0,0,,0,0,Manawatū-Whanganui Region,Nil,2-way,Unsealed,0,0,0,0,50,0,None,0,0,,36,Ruapehu District,Nil,0,0,0,0,0,0,Urban,1,0,0,Fine,Null
1712189,5637205,16034,,553500,0,0,0,0,0,North,2008/2009,SH 3,CORNWALL ROAD,,Non-Injury Crash,Yes,2009,0,North,0,0,1,Flat,0,,0,,0,Dark,1640500,0,0,0,2,0,0,0,0,0,,0,0,Taranaki Region,Nil,2-way,Sealed,0,0,0,0,100,0,None,1,0,,35,South Taranaki District,Nil,0,0,0,0,0,0,Open,0,0,0,Fine,Null
1755369,5921150,16035,,515202,0,0,0,2,0,North,2009/2010,SHELLY BEACH ROAD,TWEED ST,,Non-Injury Crash,No,2009,0,South,0,0,0,Flat,0,,0,,0,Dark,424702,0,0,0,2,0,0,0,0,1,,0,0,Auckland Region,Nil,2-way,Sealed,0,0,0,0,50,0,On,0,0,,76,Auckland,Nil,0,0,0,0,0,0,Urban,0,0,0,Light rain,Null
1801129,5814498,16036,,529700,0,,0,2,,Null,2009/2010,COBHAM DRIVE,TRISTRAM ST,,Non-Injury Crash,No,2009,,North,,0,,Flat,,,,,,Overcast,912500,0,0,0,4,,,0,,,,,,Waikato Region,Nil,2-way,Sealed,,0,0,,50,,Null,0,0,,16,Hamilton City,Give way,,,,,0,0,Urban,0,,,Light rain,Null
2029668,5709843,16037,,544002,0,,0,1,,West,2008/2009,SH 2,SALEYARDS ROAD,,Non-Injury Crash,Yes,2009,,North,,0,,Flat,,,,,,Twilight,1361600,0,0,0,2,,,0,,,,,,Gisborne Region,Nil,2-way,Sealed,,0,0,,100,,None,0,0,,28,Gisborne District,Nil,,,,,0,0,Open,0,,,Fine,Null
1804175,5813749,16038,,530700,0,,1,0,,Null,2009/2010,SH 1N,CAMBRIDGE ROAD,,Non-Injury Crash,Yes,2009,,East,,0,,Flat,,,,,,Bright sun,887701,0,0,0,4,,,0,,,,,,Waikato Region,Nil,2-way,Sealed,,0,0,,60,,Null,1,0,,16,Hamilton City,Give way,,,,,0,0,Urban,0,,,Fine,Null
1929851,5605477,16039,,548200,0,,0,0,,Null,2008/2009,ST AUBYN ST WEST,NELSON ST NORTH,,Non-Injury Crash,No,2009,,East,,0,,Flat,,,,,,Bright sun,1491000,0,0,0,2,,,0,,,,,,Hawke's Bay Region,Nil,2-way,Sealed,,0,0,,50,,Null,1,0,,30,Hastings District,Traffic Signals,,,,,0,0,Urban,1,,,Fine,Null
1824457,5462174,16040,,578800,0,0,0,1,0,Null,2009/2010,JOHNSTONE ST,MAKORA ROAD,,Non-Injury Crash,No,2009,0,North,0,0,0,Flat,0,,0,,1,Bright sun,2242100,0,0,0,2,0,0,0,0,0,,0,0,Wellington Region,Nil,2-way,Sealed,0,0,0,0,50,0,Null,0,0,,48,Masterton District,Nil,0,1,0,0,0,0,Urban,0,0,0,Fine,Null
1459819,5113322,16041,,598312,0,0,0,1,0,North,2008/2009,GERALDINE-WINCHESTER HIGH,COACH ROAD,,Non-Injury Crash,No,2009,0,South,0,0,0,Flat,0,,0,,0,Bright sun,2759500,0,0,0,2,0,0,0,0,0,,0,0,Canterbury Region,Nil,2-way,Sealed,0,0,0,0,100,0,Null,0,0,,64,Timaru District,Unknown,0,0,0,1,0,0,Open,0,0,0,Fine,Null
1765644,5905351,16042,,522400,0,0,0,2,0,West,2009/2010,VICTORIA ROAD,LANDSCAPE ROAD,,Non-Injury Crash,No,2009,0,East,0,0,0,Flat,0,,0,,0,Bright sun,672801,0,0,0,2,0,0,0,0,1,,0,0,Auckland Region,Nil,Off road,Sealed,0,0,0,0,50,0,Off,0,0,,76,Auckland,Pointsman,0,0,0,0,0,0,Urban,0,0,0,Fine,Null
1719627,6045630,16043,,503100,0,,0,2,,Null,2009/2010,WALTON ST,HANNAH ST,,Non-Injury Crash,No,2009,,North,,0,,Flat,,,,,,Bright sun,99904,0,0,0,2,,,0,,,,,,Northland Region,Nil,2-way,Sealed,,0,0,,50,,Off,0,0,,2,Whangarei District,Give way,,,,,0,0,Urban,0,,,Fine,Null
1818326,5544125,16044,,560720,0,0,0,1,0,North,2008/2009,STAFFORD ST,KIMBOLTON ROAD,,Non-Injury Crash,No,2009,0,East,0,0,0,Flat,0,,0,,0,Overcast,1765600,0,0,0,2,0,0,0,0,1,,0,0,Manawatū-Whanganui Region,Nil,2-way,Sealed,0,0,0,0,50,0,Null,1,0,,39,Manawatu District,Nil,0,0,0,0,0,0,Urban,0,0,0,Fine,Null
1755951,5913756,16045,,518701,0,0,0,1,0,South,2009/2010,FROST ROAD,MOUNT ALBERT ROAD,,Non-Injury Crash,No,2009,0,North,0,0,0,Hill Road,0,,0,,0,Dark,569200,0,0,0,2,0,0,0,0,1,,0,0,Auckland Region,Nil,2-way,Sealed,0,0,0,0,50,0,On,1,0,,76,Auckland,Nil,0,0,0,0,0,0,Urban,0,0,0,Fine,Null
1620862,5429901,16046,,583000,0,,0,2,,Null,2009/2010,SH 6,MURITAI ST,,Non-Injury Crash,Yes,2009,,North,,0,,Flat,,,,,,Bright sun,2333100,0,0,0,2,,,0,,,,,,Nelson Region,Nil,2-way,Sealed,,0,0,,50,,Null,0,0,,52,Nelson City,Give way,,,,,0,0,Urban,0,,,Fine,Null
1600654,5433989,16047,,581836,0,0,0,1,0,Null,2008/2009,MOUTERE HIGHWAY,NEUDORF ROAD,,Non-Injury Crash,No,2009,0,North,1,0,0,Flat,0,,0,,0,Overcast,2351700,0,0,0,2,0,0,0,0,0,,0,0,Tasman Region,Nil,2-way,Sealed,0,0,0,0,100,0,Null,0,0,,51,Tasman District,Give way,0,0,0,0,0,0,Open,0,0,0,Fine,Null
1827028,5831301,16048,,534604,0,0,0,1,0,East,2009/2010,SH 26,ALLEN ROAD,,Non-Injury Crash,Yes,2009,0,West,1,0,0,Flat,0,,0,,0,Bright sun,1092700,0,0,0,2,0,0,0,0,0,,0,0,Waikato Region,Nil,2-way,Sealed,0,0,0,0,100,0,Null,1,0,,15,Matamata-Piako District,Unknown,0,0,0,0,0,0,Open,0,0,0,Fine,Null
1774741,5446362,16049,,566800,0,,0,1,,Null,2008/2009,SH 2,TOTARA PARK ROAD,,Non-Injury Crash,Yes,2009,,North,,0,,Flat,,,,,,Bright sun,1910200,0,0,0,2,,,0,,,,,,Wellington Region,Bridge,2-way,Sealed,,0,0,,50,,Null,1,0,,45,Upper Hutt City,Traffic Signals,,,,,0,0,Urban,0,,,Fine,Null
1693103,5676325,16050,,551800,0,,0,2,,Null,2008/2009,DEVON ST EAST,LIARDET ST,,Non-Injury Crash,No,2009,,West,,0,,Flat,,,,,,Dark,1593900,0,0,0,2,,,0,,,,,,Taranaki Region,Nil,2-way,Sealed,,0,0,,50,,On,0,0,,33,New Plymouth District,Traffic Signals,,,,,0,0,Urban,0,,,Fine,Null
2037492,5708357,16051,,544600,0,,0,3,,East,2009/2010,PEEL ST,PALMERSTON ROAD,,Non-Injury Crash,No,2009,,West,,0,,Flat,,,,,,Dark,1370500,0,0,0,2,,,0,,,,,,Gisborne Region,Nil,2-way,Sealed,,0,0,,50,,On,0,0,,28,Gisborne District,Traffic Signals,,,,,0,0,Urban,0,,,Fine,Null
1929948,5605347,16052,,548200,0,,0,1,,Null,2008/2009,ST AUBYN ST WEST,ST AUBYNS ST WEST,,Non-Injury Crash,No,2009,,South,,0,,Flat,,,,,,Bright sun,1491500,0,0,0,4,,,0,,,,,,Hawke's Bay Region,Nil,2-way,Sealed,,0,0,,50,,Null,0,0,,30,Hastings District,Give way,,,,,0,0,Urban,1,,,Fine,Null
1763695,5908892,16053,,521901,0,,0,0,,Null,2009/2010,MANGERE ROAD,WALMSLEY ROAD,,Non-Injury Crash,No,2009,,South,,0,,Flat,,,,,,Bright sun,785400,0,0,0,4,,,0,,,,,,Auckland Region,Nil,2-way,Sealed,,0,0,,50,,None,0,0,,76,Auckland,Traffic Signals,,,,,1,0,Urban,0,,,Fine,Null
1605378,5416522,16054,,581823,0,0,0,1,0,Null,2008/2009,HIGGINS ROAD,BIRD ROAD,,Non-Injury Crash,No,2009,0,East,0,0,1,Flat,0,,0,,0,Bright sun,2354702,0,0,0,2,0,0,0,0,0,,0,0,Tasman Region,Nil,2-way,Sealed,0,0,0,0,100,0,Null,0,0,,51,Tasman District,Nil,0,0,0,0,0,0,Open,0,0,0,Fine,Null
1759571,5914097,16055,,519720,0,0,0,2,0,South,2009/2010,RAWHITI ROAD,AMARU ROAD,,Non-Injury Crash,No,2009,0,North,0,0,1,Flat,0,,0,,0,Dark,592800,0,0,0,2,0,0,0,0,1,,0,0,Auckland Region,Nil,2-way,Sealed,0,0,0,0,50,0,On,0,0,,76,Auckland,Nil,0,0,0,0,0,0,Urban,0,0,0,Light rain,Null
1780208,5485655,16056,,564400,0,0,0,1,0,Null,2008/2009,RIVERBANK ROAD,AOTAKI ST,,Non-Injury Crash,No,2009,0,South,0,0,1,Flat,0,,0,,0,Overcast,1880901,0,0,0,2,0,0,0,0,0,,0,0,Wellington Region,Nil,2-way,Sealed,0,0,0,0,50,0,Null,0,0,,43,Kapiti Coast District,Give way,0,0,0,0,0,0,Urban,0,0,0,Light rain,Null
1690317,5674248,16057,,551503,0,0,0,1,0,East,2009/2010,OMATA ROAD,ENDEAVOUR ST,,Non-Injury Crash,No,2009,0,East,0,0,0,Hill Road,0,,0,,1,Overcast,1578700,0,0,0,2,0,0,0,0,0,,0,0,Taranaki Region,Nil,2-way,Sealed,0,0,0,0,50,0,Null,0,0,,33,New Plymouth District,Nil,0,1,0,0,0,0,Urban,0,0,0,Fine,Null
1754479,5918273,16058,,517600,0,0,0,2,0,West,2009/2010,LEVONIA ST,MOUNTAIN VIEW ROAD,,Non-Injury Crash,No,2009,0,North,0,0,0,Flat,0,,0,,0,Twilight,533000,0,0,0,2,0,0,0,0,1,,0,0,Auckland Region,Nil,2-way,Sealed,0,0,0,0,50,0,On,0,0,,76,Auckland,Nil,0,0,0,0,0,0,Urban,0,0,0,Fine,Null
1752627,5435760,16059,,573901,0,,0,2,,Null,2008/2009,BEAZLEY AVENUE,JAY ST,,Non-Injury Crash,No,2009,,South,,0,,Hill Road,,,,,,Overcast,2072800,0,0,0,2,,,0,,,,,,Wellington Region,Nil,2-way,Sealed,,0,0,,50,,Null,0,0,,47,Wellington City,Nil,,,,,0,0,Urban,0,,,Fine,Null
1771970,5471273,16060,,566302,0,,0,1,,North,2009/2010,SH 1N,OTAIHANGA ROAD,,Non-Injury Crash,Yes,2009,,South,,0,,Flat,,,,,,Overcast,1998403,0,0,0,2,,,0,,,,,,Wellington Region,Nil,2-way,Sealed,,0,0,,100,,Null,0,0,,43,Kapiti Coast District,Nil,,,,,0,0,Open,1,,,Fine,Null
1623434,5430766,16061,,582500,0,,0,2,,East,2008/2009,HARDY ST,VANGUARD ST,,Non-Injury Crash,No,2009,,East,,0,,Flat,,,,,,Dark,2319400,0,0,0,2,,,0,,,,,,Nelson Region,Nil,2-way,Sealed,,0,0,,50,,None,0,0,,52,Nelson City,Nil,,,,,0,0,Urban,0,,,Fine,Null
1751370,5915032,16062,,514401,0,,0,2,,West,2009/2010,ST JUDE ST,LAYARD ST,,Non-Injury Crash,No,2009,,West,,0,,Flat,,,,,,Overcast,382800,0,0,0,2,,,0,,,,,,Auckland Region,Nil,2-way,Sealed,,0,0,,50,,Off,0,0,,76,Auckland,Nil,,,,,0,0,Urban,0,,,Fine,Null
1819627,5529147,16063,,562710,0,0,0,2,0,Null,2009/2010,HIGHBURY AVENUE,PEMBROKE ST,,Non-Injury Crash,No,2009,0,North,0,0,0,Flat,0,,0,,1,Overcast,1819600,0,0,0,2,0,0,0,0,1,,0,0,Manawatū-Whanganui Region,Nil,2-way,Sealed,0,0,0,0,50,0,Null,0,0,,40,Palmerston North City,Give way,0,0,0,0,0,0,Urban,0,0,0,Fine,Null
1796757,5818333,16064,,528406,0,,0,1,,North,2009/2010,SH 1N,FOREMAN ROAD,,Non-Injury Crash,Yes,2009,,South,,0,,Flat,,,,,,Overcast,907601,0,0,0,2,,,0,,,,,,Waikato Region,Nil,2-way,Sealed,,0,0,,80,,Null,0,0,,16,Hamilton City,Nil,,,,,0,0,Open,1,,,Fine,Null
1825676,5531419,16065,,560302,0,,0,2,,Null,2009/2010,SH 3,ROBERTS LINE SOUTH,,Non-Injury Crash,Yes,2009,,East,,0,,Flat,,,,,,Bright sun,1793100,0,0,0,2,,,0,,,,,,Manawatū-Whanganui Region,Nil,2-way,Sealed,,0,0,,100,,Null,0,0,,40,Palmerston North City,Stop,,,,,0,0,Open,0,,,Fine,Null
1605731,5433395,16066,,581836,0,,0,2,,Null,2008/2009,SH 60,DOMINION ROAD,,Non-Injury Crash,Yes,2009,,South,,0,,Flat,,,,,,Bright sun,2351200,0,0,0,2,,,0,,,,,,Tasman Region,Nil,2-way,Sealed,,0,0,,100,,Null,0,0,70,51,Tasman District,Give way,,,,,0,0,Open,0,,,Fine,Null
1750658,5431353,16067,,574302,0,,0,2,,South,2008/2009,HUTT ROAD,ONSLOW ROAD,,Non-Injury Crash,No,2009,,North,,0,,Flat,,,,,,Bright sun,2090604,0,0,0,4,,,0,,,,,,Wellington Region,Nil,2-way,Sealed,,0,0,,60,,Null,0,0,,47,Wellington City,Nil,,,,,0,0,Urban,0,,,Light rain,Null
1243728,4851701,16068,,610700,0,,0,1,,North,2008/2009,WINDSOR ST,HERBERT ST,,Non-Injury Crash,No,2009,,South,,0,,Flat,,,,,,Bright sun,3123800,0,0,0,2,,,0,,,,,,Southland Region,Nil,2-way,Sealed,,0,0,,50,,Null,1,0,,75,Invercargill City,Unknown,,,,,0,0,Urban,0,,,Fine,Null
1751476,5434504,16069,,573700,0,,0,2,,Null,2008/2009,JOHNSONVILLE ROAD,FRASER AVENUE,,Non-Injury Crash,No,2009,,North,,0,,Flat,,,,,,Overcast,2083400,0,0,0,2,,,0,,,,,,Wellington Region,Nil,2-way,Sealed,,0,0,,50,,Null,0,0,,47,Wellington City,Give way,,,,,0,0,Urban,0,,,Fine,Null
1719177,6033542,16070,,501811,0,0,0,1,0,South,2009/2010,SH 1N,MANGAPAI ROAD,,Non-Injury Crash,Yes,2009,0,North,1,0,0,Flat,0,,0,,0,Bright sun,77800,0,0,0,2,0,0,0,0,0,,0,0,,Nil,2-way,Sealed,0,0,0,0,100,0,None,0,0,70,2,Whangarei District,Nil,0,0,0,1,0,0,Open,0,0,0,Fine,Null
1573117,5180293,16071,,593501,0,,0,2,,Null,2008/2009,GLOUCESTER ST,LINWOOD AVENUE,,Non-Injury Crash,No,2009,,East,,0,,Flat,,,,,,Bright sun,2610100,0,0,0,2,,,0,,,,,,Canterbury Region,Nil,2-way,Sealed,,0,0,,50,,Null,0,0,,60,Christchurch City,Traffic Signals,,,,,0,0,Urban,0,,,Fine,Null
1929649,5605324,16072,,548200,0,0,0,1,0,South,2009/2010,NELSON ST NORTH,QUEEN ST WEST,,Non-Injury Crash,No,2009,0,South,0,0,0,Flat,1,,0,,0,Dark,1490700,0,0,0,2,0,0,0,0,0,,0,0,Hawke's Bay Region,Nil,2-way,Sealed,0,0,0,0,50,0,On,0,0,,30,Hastings District,Nil,0,0,0,0,0,0,Urban,0,0,0,Light rain,Null
1748748,5427081,16073,,573101,0,0,0,2,0,South,2008/2009,MARION ST,GHUZNEE ST,,Non-Injury Crash,No,2009,0,East,0,0,0,Flat,0,,0,,0,Dark,2133600,0,0,0,2,0,0,0,0,1,,0,0,Wellington Region,Nil,2-way,Sealed,0,0,0,0,50,0,On,0,0,,47,Wellington City,Nil,0,0,0,0,0,0,Urban,0,0,0,Fine,Null
1757423,5918555,16074,,514302,0,0,0,1,0,South,2009/2010,AUBURN ST,KHYBER PASS ROAD,,Non-Injury Crash,No,2009,0,South,0,0,0,Hill Road,0,,0,,0,Twilight,442000,0,0,0,2,0,0,0,0,0,,0,0,Auckland Region,Nil,2-way,Sealed,0,0,0,0,50,0,Off,1,0,,76,Auckland,Nil,0,0,0,0,0,0,Urban,0,1,0,Fine,Null
1850025,5804510,16075,,535231,0,,0,1,,Null,2009/2010,SH 29,TE POI SOUTH ROAD,,Non-Injury Crash,Yes,2009,,West,,0,,Flat,,,,,,Overcast,1114300,0,0,0,2,,,0,,,,,,Waikato Region,Nil,2-way,Sealed,,0,0,,70,,Off,0,0,,15,Matamata-Piako District,Stop,,,,,1,0,Urban,0,,,Fine,Null
1771760,5895206,16076,,525540,0,,0,2,,Null,2009/2010,CHICHESTER DRIVE,BEACH ROAD,,Non-Injury Crash,No,2009,,North,,0,,Hill Road,,,,,,Bright sun,806402,0,0,0,3,,,0,,,,,,Auckland Region,Nil,2-way,Sealed,,0,0,,50,,Off,0,0,,76,Auckland,Traffic Signals,,,,,0,0,Urban,0,,,Fine,Null
1824643,5463559,16077,,578800,0,,0,1,,South,2008/2009,MEMORIAL DRIVE,DIXON ST,,Non-Injury Crash,No,2009,,East,,0,,Flat,,,,,,Dark,2240200,0,0,0,2,,,0,,,,,,Wellington Region,Nil,2-way,Sealed,,0,0,,50,,None,0,0,,48,Masterton District,Nil,,,,,0,0,Urban,1,,,Light rain,Null
1760187,5915472,16078,,519400,0,0,0,2,0,Null,2009/2010,GREAT SOUTH ROAD,MATAI ROAD,,Non-Injury Crash,No,2009,0,West,0,0,0,Flat,0,,0,,0,Bright sun,617301,0,0,0,3,0,0,0,0,0,,0,0,Auckland Region,Nil,2-way,Sealed,0,0,0,0,50,0,Off,0,0,,76,Auckland,Give way,0,0,0,0,0,0,Urban,0,1,0,Fine,Null
1710896,5644170,16079,,553101,0,,0,2,,North,2009/2010,SH 3,CELIA ST,,Non-Injury Crash,Yes,2009,,South,,0,,Flat,,,,,,Bright sun,1613200,0,0,0,2,,,0,,,,,,Taranaki Region,Nil,2-way,Sealed,,0,0,,50,,Null,0,0,,34,Stratford District,Nil,,,,,0,0,Urban,0,,,Fine,Null
1739998,5923924,16080,,513701,0,0,0,1,0,East,2009/2010,NELSON ROAD,TAUPAKI ROAD,,Non-Injury Crash,No,2009,0,East,0,0,0,Flat,0,,0,,0,Overcast,229800,0,0,0,2,0,0,0,0,0,,0,0,Auckland Region,Nil,2-way,Sealed,0,0,0,0,80,0,None,0,0,,76,Auckland,Nil,0,0,0,1,0,0,Open,0,0,0,Light rain,Null
1941363,5605271,16081,,545740,0,0,0,2,0,Null,2008/2009,CEDAR ROAD,OREGON ROAD,,Non-Injury Crash,No,2009,0,South,0,0,0,Flat,0,Easter,0,,0,Dark,1407901,0,0,0,2,0,0,0,0,1,,0,0,Hawke's Bay Region,Nil,2-way,Sealed,0,0,0,0,50,0,On,0,0,,30,Hastings District,Nil,0,0,0,0,0,0,Urban,0,0,0,Fine,Null
1754443,5445026,16082,,570800,0,,0,2,,Null,2008/2009,PARUMOANA ST,NORRIE ST,,Non-Injury Crash,No,2009,,East,,0,,Flat,,,,,,Dark,2052200,0,0,0,2,,,0,,,,,,Wellington Region,Nil,2-way,Sealed,,0,0,,50,,On,0,0,,44,Porirua City,Give way,,,,,0,0,Urban,0,,,Fine,Null
1245875,4848675,16083,,611500,0,,0,2,,West,2008/2009,CENTRE ST,ETHEL ST,,Non-Injury Crash,No,2009,,East,,0,,Flat,,,,,,Dark,3142100,0,0,0,2,,,0,,,,,,Southland Region,Nil,2-way,Sealed,,0,0,,50,,On,0,0,,75,Invercargill City,Nil,,,,,0,0,Urban,0,,,Fine,Null
1612133,5426778,16084,,581726,0,0,0,1,0,East,2009/2010,LANSDOWNE ROAD,SH 60,,Non-Injury Crash,No,2009,0,East,1,0,0,Flat,0,,0,,0,Overcast,2357202,0,0,0,2,0,0,0,0,0,,0,0,Tasman Region,Nil,2-way,Sealed,0,0,0,0,100,0,Null,0,0,,51,Tasman District,Nil,0,0,0,0,0,0,Open,0,0,0,Light rain,Null
1566481,5180143,16085,,590200,0,,0,1,,West,2008/2009,RICCARTON ROAD,WHARENUI ROAD,,Non-Injury Crash,No,2009,,East,,0,,Flat,,,,,,Overcast,2540700,0,0,0,2,,,0,,,,,,Canterbury Region,Nil,2-way,Sealed,,0,0,,50,,Null,1,0,,60,Christchurch City,Unknown,,,,,0,0,Urban,0,,,Fine,Null
1753819,5918206,16086,,515003,0,,0,2,,Null,2009/2010,ST LUKES ROAD,ST LUKES OFF WBD S,,Non-Injury Crash,No,2009,,South,,0,,Flat,,,,,,Bright sun,390502,0,0,0,2,,,0,,,,,,Auckland Region,Motorway ramp,2-way,Sealed,,0,0,,50,,Off,0,0,,76,Auckland,Give way,,,,,0,0,Urban,0,,,Fine,Null
1693024,6035558,16087,,504502,0,,0,0,,East,2009/2010,SH 14,PARADISE ROAD E,,Non-Injury Crash,Yes,2009,,West,,0,,Hill Road,,,,,,Bright sun,120900,0,0,0,2,,,0,,,,,,Northland Region,Nil,2-way,Sealed,,0,0,,100,,Off,0,0,,3,Kaipara District,Nil,,,,,2,0,Open,0,,,Fine,Null
1759741,5436542,16088,,569100,0,0,0,3,0,Null,2008/2009,Z CPK RIVERBANK,RUTHERFORD ST,,Non-Injury Crash,No,2009,0,South,0,0,0,Flat,0,,0,,0,Overcast,1967000,0,0,0,0,0,0,0,0,1,,0,0,Wellington Region,Nil,Off road,Sealed,0,0,0,0,50,0,Null,0,0,,46,Lower Hutt City,Nil,0,0,0,0,0,0,Urban,0,0,0,Fine,Null
1704181,5665213,16089,,552800,0,,0,0,,South,2009/2010,CUTFIELD ST,RATA ST,,Non-Injury Crash,No,2009,,South,,0,,Flat,,,,,,Dark,1605000,0,0,0,2,,,0,,,,,,Taranaki Region,Nil,2-way,Sealed,,0,0,,50,,On,1,0,,33,New Plymouth District,Nil,,,,,1,0,Urban,0,,,Fine,Null
1824098,5463327,16090,,578600,0,,0,2,,North,2009/2010,CHURCH ST,DIXON ST,,Non-Injury Crash,No,2009,,South,,0,,Flat,,,,,,Bright sun,2245000,0,0,0,2,,,0,,,,,,Wellington Region,Nil,2-way,Sealed,,0,0,,50,,Null,0,0,,48,Masterton District,Nil,,,,,0,0,Urban,0,,,Fine,Null
1590514,5479507,16091,,581601,0,0,0,1,0,East,2008/2009,BAY VISTA DRIVE,RICHMOND ROAD,,Non-Injury Crash,No,2009,0,West,0,0,0,Flat,0,,0,,0,Dark,2346500,0,0,0,2,0,0,0,0,0,,0,0,Tasman Region,Nil,2-way,Sealed,0,0,0,0,50,0,On,0,0,,51,Tasman District,Nil,0,0,0,1,0,0,Urban,0,0,0,Fine,Null
1935093,5606009,16092,,545750,0,,0,2,,South,2008/2009,TE MATA MANGATERETERE ROA,LAWN ROAD,,Non-Injury Crash,No,2009,,North,,0,,Flat,,,,,,Bright sun,1406600,0,0,0,2,,,0,,,,,,Hawke's Bay Region,Nil,2-way,Sealed,,0,0,,100,,Null,0,0,,30,Hastings District,Nil,,,,,0,0,Open,0,,,Fine,Null
1765444,5441757,16093,,569600,0,,0,1,,West,2009/2010,HEBDEN CRESCENT,SLIP ROAD,,Non-Injury Crash,No,2009,,North,,0,,Hill Road,,,,,,Bright sun,1917000,0,0,0,2,,,0,,,,,,Wellington Region,Nil,2-way,Sealed,,0,0,,100,,Null,1,0,30,46,Lower Hutt City,Nil,,,,,0,0,Open,1,,,Fine,Null
1750379,5913015,16094,,511402,0,0,0,0,0,West,2009/2010,LINKS ROAD,PORTAGE ROAD,,Non-Injury Crash,No,2009,0,West,0,0,1,Flat,0,,0,,0,Dark,260500,0,0,0,2,0,0,0,0,0,,0,0,Auckland Region,Nil,2-way,Sealed,0,0,0,0,50,0,On,0,0,,76,Auckland,Nil,0,0,0,0,0,0,Urban,1,0,0,Fine,Null
1755971,5913873,16095,,518500,0,0,0,1,1,West,2009/2010,MOUNT ALBERT ROAD,FROST ROAD,,Non-Injury Crash,No,2009,0,West,0,0,0,Flat,0,,0,,0,Overcast,563300,0,0,0,2,0,0,0,0,0,,0,0,Auckland Region,Nil,2-way,Sealed,0,0,0,0,50,0,Off,0,0,,76,Auckland,Nil,0,0,0,0,0,0,Urban,0,0,0,Light rain,Null
1749948,5946088,16096,,506001,0,,0,1,,Null,2009/2010,HIBISCUS COAST HIGHWAY,SILVERDALE ST,,Non-Injury Crash,No,2009,,East,,0,,Flat,,,,,,Bright sun,175400,0,0,0,4,,,0,,,,,,Auckland Region,Nil,2-way,Sealed,,0,0,,80,,Null,0,0,,76,Auckland,Stop,,,,,0,0,Open,1,,,Fine,Null
1619512,5427321,16097,,583600,0,,0,2,,Null,2008/2009,NAYLAND ROAD,FERGUSSON ST,,Non-Injury Crash,No,2009,,South,,0,,Flat,,,,,,Bright sun,2340700,0,0,0,2,,,0,,,,,,Nelson Region,Nil,2-way,Sealed,,0,0,,50,,Null,0,0,,52,Nelson City,Nil,,,,,0,0,Urban,0,,,Fine,Null
1847284,5778363,16098,,535261,0,,0,1,,Null,2009/2010,SH 1N,NGATIRA ROAD,,Non-Injury Crash,Yes,2009,,North,,0,,Flat,,,,,,Overcast,1133800,0,0,0,2,,,0,,,,,,Waikato Region,Nil,2-way,Sealed,,0,0,,100,,Null,1,0,,19,South Waikato District,Give way,,,,,0,0,Open,0,,,Light rain,Null
1441736,5006704,16099,,601010,0,0,0,1,0,East,2008/2009,WAITAKI AVENUE,THAMES HIGHWAY,,Non-Injury Crash,No,2009,0,East,0,0,0,Flat,0,,0,,0,Overcast,2848600,0,0,0,1,0,1,0,0,0,,0,0,Otago Region,Nil,2-way,Sealed,0,0,0,0,50,0,Null,0,0,,68,Waitaki District,Nil,0,0,0,0,0,0,Urban,0,0,0,Fine,Null