X,Y,OBJECTID,advisorySpeed,areaUnitID,bicycle,bridge,bus,carStationWagon,cliffBank,crashDirectionDescription,crashFinancialYear,crashLocation1,crashLocation2,crashRoadSideRoad,crashSeverity,crashSHDescription,crashYear,debris,directionRoleDescription,ditch,fatalCount,fence,flatHill,guardRail,holiday,houseOrBuilding,intersection,kerb,light,meshblockId,minorInjuryCount,moped,motorcycle,NumberOfLanes,objectThrownOrDropped,otherObject,otherVehicleType,overBank,parkedVehicle,pedestrian,phoneBoxEtc,postOrPole,region,roadCharacter,roadLane,roadSurface,roadworks,schoolBus,seriousInjuryCount,slipOrFlood,speedLimit,strayAnimal,streetLight,suv,taxi,temporarySpeedLimit,tlaId,tlaName,trafficControl,trafficIsland,trafficSign,train,tree,truck,unknownVehicleType,urban,vanOrUtility,vehicle,waterRiver,weatherA,weatherB
1749193,5424928,16100,,576400,0,,0,1,,Null,2009/2010,DANIELL ST,CONSTABLE ST,,Non-Injury Crash,No,2009,,North,,0,,Flat,,,,,,Overcast,2169101,0,0,0,2,,,0,,,,,,Wellington Region,Nil,2-way,Sealed,,0,0,,50,,Null,1,0,,47,Wellington City,Traffic Signals,,,,,0,0,Urban,0,,,Fine,Null
1805976,5557439,16101,,559230,0,,0,1,,South,2009/2010,SH 1N,MAKIRIKIRI ROAD,,Non-Injury Crash,Yes,2009,,South,,0,,Flat,,,,,,Overcast,1732000,0,0,0,2,,,0,,,,,,Manawatū-Whanganui Region,Nil,2-way,Sealed,,0,0,,100,,Null,0,0,,38,Rangitikei District,Nil,,,,,0,0,Open,1,,,Light rain,Null
1823032,5462472,16102,,578800,0,0,0,1,0,East,2008/2009,KURIPUNI ST,DIXON ST,,Non-Injury Crash,No,2009,0,North,0,0,1,Flat,0,,0,,0,Overcast,2241500,0,0,0,2,0,0,0,0,0,,0,0,Wellington Region,Nil,2-way,Sealed,0,0,0,0,50,0,Null,0,0,,48,Masterton District,Nil,0,0,0,0,0,0,Urban,0,0,0,Fine,Null
1755196,5434482,16103,,569800,0,,0,2,,Null,2008/2009,SH 2,HOROKIWI ROAD,,Non-Injury Crash,Yes,2009,,North,,0,,Flat,,,,,,Overcast,1922202,0,0,0,2,,,0,,,,,,Wellington Region,Nil,2-way,Sealed,,0,0,,100,,Null,0,0,,46,Lower Hutt City,Nil,,,,,0,0,Open,1,,,Heavy rain,Null
1761678,5436904,16104,,568402,0,,0,1,,Null,2008/2009,HIGH ST,MITCHELL ST,,Non-Injury Crash,No,2009,,West,,0,,Flat,,,,,,Bright sun,1942200,0,0,0,2,,,0,,,,,,Wellington Region,Nil,2-way,Sealed,,0,0,,50,,Null,0,0,,46,Lower Hutt City,Stop,,,,,1,0,Urban,0,,,Fine,Null
1753748,5444755,16105,,570800,0,,0,1,,East,2009/2010,PROSSER ST,RAIHA ST,,Non-Injury Crash,No,2009,,East,,0,,Flat,,,,,,Overcast,2052300,0,0,0,2,,,0,,,,,,Wellington Region,Nil,2-way,Sealed,,0,0,,50,,Null,1,0,,44,Porirua City,Nil,,,,,0,0,Urban,0,,,Light rain,Null
1727821,6012859,16106,50,501815,0,,0,1,,South,2009/2010,SH 1N,GLENMOHR ROAD,,Non-Injury Crash,Yes,2009,,South,,0,,Flat,,,,,,Dark,81300,0,0,0,2,,,0,,,,,,Northland Region,Nil,2-way,Unsealed,,0,0,,100,,On,0,0,,2,Whangarei District,Nil,,,,,0,0,Open,1,,,Fine,Null
1766474,5466438,16107,,566102,0,0,0,1,0,East,2008/2009,POPLAR AVENUE,RENOWN ROAD,,Non-Injury Crash,No,2009,0,West,0,0,0,Flat,0,,0,,0,Overcast,2006800,0,0,0,2,0,0,0,0,1,,0,0,Wellington Region,Nil,2-way,Sealed,0,0,0,0,50,0,Null,1,0,,43,Kapiti Coast District,Nil,0,0,0,0,0,0,Urban,0,0,0,Fine,Null
1798836,5814357,16108,40,529000,0,,0,2,,Null,2009/2010,HIGGINS ROAD,RAMSAY ST,,Non-Injury Crash,No,2009,,South,,0,,Flat,,,,,,Twilight,918500,0,0,0,2,,,0,,,,,,Waikato Region,Nil,2-way,Sealed,,0,0,,50,,Off,0,0,,16,Hamilton City,Give way,,,,,0,0,Urban,0,,,Fine,Null
1675853,6082832,16109,,501634,0,0,0,1,0,West,2009/2010,SH 12,NGAWHA SPRINGS ROAD,,Non-Injury Crash,Yes,2009,0,North,0,0,1,Flat,0,,0,,0,Overcast,35501,0,0,0,2,0,0,0,0,0,,0,0,Northland Region,Nil,2-way,Sealed,0,0,0,0,100,0,None,0,0,,1,Far North District,Nil,0,0,0,0,0,0,Open,0,0,0,Fine,Null
1783216,5868822,16110,,527221,0,,0,1,,Null,2008/2009,SH 1N,ISLAND BLOCK ROAD,,Non-Injury Crash,Yes,2009,,South,,0,,Flat,,Queens Birthday,,,,Bright sun,934700,0,0,0,4,,,0,,,,,,Waikato Region,Nil,2-way,Sealed,,0,0,,100,,Off,1,0,,13,Waikato District,Give way,,,,,0,0,Open,0,,,Fine,Null
1867225,5713443,16111,,541720,0,0,0,2,0,South,2009/2010,RUAPEHU ST,HOROMATANGI ST,,Non-Injury Crash,No,2009,0,North,0,0,0,Flat,0,,0,,0,Bright sun,1274100,0,0,0,2,0,0,0,0,1,,0,0,Waikato Region,Nil,2-way,Sealed,0,0,0,0,50,0,Null,0,0,,21,Taupo District,Unknown,0,0,0,0,0,0,Urban,0,0,0,Fine,Null
2016232,5677936,16112,,545204,0,0,0,0,0,South,2009/2010,SH 2,TAREWA ROAD,,Non-Injury Crash,Yes,2009,0,North,1,0,0,Hill Road,0,,0,,0,Overcast,1399800,0,0,0,2,0,0,0,0,0,,0,0,Hawke's Bay Region,Nil,2-way,Sealed,0,0,0,0,100,0,Null,0,0,,29,Wairoa District,Nil,0,0,0,0,0,0,Open,1,0,0,Light rain,Null
1455609,5071649,16113,,600410,0,0,0,0,0,West,2008/2009,PAREORA RIVER ROAD,SULLIVANS ROAD,,Non-Injury Crash,No,2009,0,West,0,0,1,Flat,0,Christmas New Year,0,,0,Overcast,2814800,0,0,0,2,0,0,0,0,0,,0,0,Canterbury Region,Nil,2-way,Sealed,0,0,0,0,100,0,Null,1,0,,66,Waimate District,Unknown,0,0,0,0,0,0,Open,0,0,0,Snow,Null
1259332,5004075,16114,,609302,0,,0,1,,East,2008/2009,SH 6A,SUBURB ST,,Non-Injury Crash,Yes,2009,,West,,0,,Flat,,,,,,Dark,3034800,0,0,0,2,,,0,,,,,,Otago Region,Nil,2-way,Sealed,,0,0,,50,,On,1,0,,70,Queenstown-Lakes District,Unknown,,,,,0,0,Urban,0,,,Fine,Frost
1759685,5447738,16115,,565602,0,,0,1,,Null,2008/2009,SH 58,JAMES COOK DRIVE,,Non-Injury Crash,Yes,2009,,West,,0,,Flat,,,,,,Bright sun,2072406,0,0,1,2,,,0,,,,,,Wellington Region,Nil,2-way,Sealed,,0,0,,80,,Null,0,0,,44,Porirua City,Give way,,,,,0,0,Open,0,,,Fine,Null
2028078,5723387,16116,,544001,0,0,0,1,0,North,2009/2010,SH 2,NGAKOROA ROAD,,Non-Injury Crash,Yes,2009,0,North,0,0,0,Flat,0,,0,,0,Dark,1357400,0,0,0,2,0,0,0,0,0,,0,0,Gisborne Region,Nil,2-way,Sealed,0,0,0,0,100,0,None,0,0,,28,Gisborne District,Nil,0,0,0,1,0,0,Open,0,0,0,Heavy rain,Null
1571341,5194124,16117,,586501,0,0,0,1,0,North,2008/2009,MAIN NORTH ROAD,DOUBLEDAYS ROAD,,Non-Injury Crash,No,2009,0,South,0,0,1,Flat,0,,0,,0,Overcast,2455505,0,0,0,2,0,0,0,0,0,,0,1,Canterbury Region,Nil,2-way,Sealed,0,0,0,0,80,0,Null,0,0,,59,Waimakariri District,Unknown,0,0,0,0,0,0,Open,0,0,0,Fine,Null
1811142,5534956,16118,,561422,0,0,0,1,0,West,2008/2009,RONGOTEA ROAD,GREEN ROAD,,Non-Injury Crash,No,2009,0,East,1,0,0,Flat,0,,0,,0,Bright sun,1787700,0,0,0,2,0,0,0,0,0,,0,0,Manawatū-Whanganui Region,Nil,2-way,Sealed,0,0,0,0,100,0,Null,0,0,,39,Manawatu District,Nil,0,0,0,0,0,0,Open,0,0,0,Fine,Null
1757429,5434646,16119,,570100,0,,0,2,,North,2009/2010,RICHMOND ST,JACKSON ST,,Non-Injury Crash,No,2009,,West,,0,,Flat,,,,,,Overcast,2031100,0,0,0,2,,,0,,,,,,Wellington Region,Nil,2-way,Sealed,,0,0,,50,,Null,0,0,,46,Lower Hutt City,Nil,,,,,0,0,Urban,0,,,Fine,Null
1294543,4824037,16120,,610080,0,,0,1,,South,2008/2009,SLOPE POINT ROAD,BARNETT ROAD,,Non-Injury Crash,No,2009,,South,,0,,Hill Road,,,,,,Bright sun,3097300,0,0,0,1,,,0,,,,,,Southland Region,Nil,2-way,Unsealed,,0,0,,100,,Null,0,0,,73,Southland District,Unknown,,,,,0,0,Open,1,,,Fine,Null
1746069,5917790,16121,,510700,0,,0,2,,North,2009/2010,EDMONTON ROAD,MATUHI RISE,,Non-Injury Crash,No,2009,,North,,0,,Hill Road,,,,,,Overcast,240102,0,0,0,2,,,0,,,,,,Auckland Region,Nil,2-way,Sealed,,0,0,,50,,Off,0,0,,76,Auckland,Nil,,,,,0,0,Urban,0,,,Light rain,Null
1536318,5359513,16122,,581842,0,,0,1,,South,2009/2010,SH 65,PEA SOUP ROAD,,Non-Injury Crash,Yes,2009,,South,,0,,Flat,,,,,,Overcast,2380900,0,0,0,2,,,0,,,,,,Tasman Region,Nil,2-way,Sealed,,0,0,,100,,Null,0,0,,51,Tasman District,Nil,,,,,0,0,Open,0,,,Light rain,Strong wind
1932900,5602013,16123,,548831,0,0,0,1,0,North,2009/2010,NAPIER ROAD,KARANEMA DRIVE,,Non-Injury Crash,No,2009,0,South,0,0,1,Flat,0,,0,,0,Bright sun,1509100,0,0,0,2,0,0,0,0,0,,0,0,Hawke's Bay Region,Nil,2-way,Sealed,0,0,0,0,50,0,Null,0,0,,30,Hastings District,Nil,1,0,0,0,0,0,Urban,0,0,0,Fine,Null
1699583,5679501,16124,,550901,0,,0,2,,Null,2008/2009,MANGATI ROAD,PARKLANDS AVENUE,,Non-Injury Crash,No,2009,,South,,0,,Flat,,,,,,Dark,1562419,0,0,0,2,,,0,,,,,,Taranaki Region,Nil,2-way,Sealed,,0,0,,50,,On,0,0,,33,New Plymouth District,Give way,,,,,0,0,Urban,0,,,Fine,Null
1711367,5643184,16125,,553004,0,0,0,1,0,Null,2008/2009,HILLS ROAD,SH 3,,Non-Injury Crash,Yes,2009,0,South,0,0,0,Flat,0,,0,,0,Bright sun,1619400,0,0,0,2,0,0,0,0,0,,0,0,Taranaki Region,Rail xing,2-way,Sealed,0,0,0,0,50,0,Null,0,0,,34,Stratford District,Nil,0,1,0,0,0,0,Urban,0,0,0,Fine,Null
1622445,5431099,16126,,582402,0,,0,2,,East,2009/2010,WASHINGTON ROAD,WOLFE ST,,Non-Injury Crash,No,2009,,West,,0,,Flat,,,,,,Bright sun,2325900,0,0,0,2,,,0,,,,,,Nelson Region,Nil,2-way,Sealed,,0,0,,50,,Null,0,0,,52,Nelson City,Nil,,,,,0,0,Urban,0,,,Fine,Null
1800879,5811970,16127,,529200,0,0,0,0,0,Null,2009/2010,SH 3,COLLINS ROAD,,Non-Injury Crash,Yes,2009,0,North,0,0,0,Flat,0,,0,,0,Overcast,928200,0,0,0,2,0,0,0,0,0,,0,1,Waikato Region,Nil,2-way,Sealed,0,0,0,0,60,0,Off,1,0,,16,Hamilton City,Traffic Signals,0,0,0,0,0,0,Urban,0,0,0,Heavy rain,Null
1754406,5932234,16128,,508805,0,0,0,2,0,North,2009/2010,APOLLO DRIVE,ANTARES PLACE,,Non-Injury Crash,No,2009,0,North,0,0,0,Flat,0,Christmas New Year,0,,0,Bright sun,180813,0,0,0,2,0,0,0,0,1,,0,0,Auckland Region,Nil,2-way,Sealed,0,0,0,0,50,0,Off,0,0,,76,Auckland,Give way,0,0,0,0,0,0,Urban,0,0,0,Fine,Null
1819323,5528538,16129,,562710,0,0,0,3,0,Null,2009/2010,RONBERG ST,MONRAD ST,,Non-Injury Crash,No,2009,0,South,0,0,0,Flat,0,,0,,0,Twilight,1819000,0,0,0,2,0,0,0,0,1,,0,0,Manawatū-Whanganui Region,Nil,2-way,Sealed,0,0,0,0,50,0,Off,0,0,,40,Palmerston North City,Give way,0,0,0,0,0,0,Urban,0,0,0,Fine,Null
1824566,5800362,16130,,535241,0,,0,2,,Null,2009/2010,SH 1N,KARAPIRO ROAD,,Non-Injury Crash,Yes,2009,,West,,0,,Flat,,,,,,Overcast,1123000,0,0,0,2,,,0,,,,,,Waikato Region,Nil,2-way,Sealed,,0,0,,100,,Null,0,0,,17,Waipa District,Give way,,,,,0,0,Open,0,,,Fine,Null
1748208,5426367,16131,,573300,0,,0,2,,South,2008/2009,NAIRN ST,HANKEY ST,,Non-Injury Crash,No,2009,,South,,0,,Hill Road,,,,,,Bright sun,2144900,0,0,0,2,,,0,,,,,,Wellington Region,Nil,2-way,Sealed,,0,0,,50,,Null,0,0,,47,Wellington City,Nil,,,,,0,0,Urban,0,,,Fine,Null
1825335,5532162,16132,,562200,0,0,0,1,0,Null,2009/2010,FERNLEA AVENUE,ROBERTS LINE SOUTH,,Non-Injury Crash,No,2009,0,East,0,0,0,Flat,0,,0,,0,Bright sun,1839815,0,0,0,2,0,0,0,0,0,,0,0,Manawatū-Whanganui Region,Nil,2-way,Sealed,0,0,0,0,50,0,Null,0,0,,40,Palmerston North City,Give way,1,0,0,0,0,0,Urban,0,0,0,Fine,Null
1623927,5430843,16133,,582500,0,,0,2,,West,2009/2010,Z CPK BUXTON SQUARE,HARDY/ALMA,,Non-Injury Crash,No,2009,,West,,0,,Flat,,,,,,Bright sun,2320300,0,0,0,0,,,0,,,,,,Nelson Region,Nil,Off road,Sealed,,0,0,,50,,Null,0,0,,52,Nelson City,Nil,,,,,0,0,Urban,0,,,Fine,Null
1799382,5790235,16134,,527922,0,,0,2,,West,2008/2009,FRONTIER ROAD,BURNS ROAD,,Non-Injury Crash,No,2009,,West,,0,,Hill Road,,,,,,Overcast,982901,0,0,0,2,,,0,,,,,,Waikato Region,Nil,2-way,Sealed,,0,0,,100,,Null,0,0,,17,Waipa District,Unknown,,,,,0,0,Open,0,,,Light rain,Null
1709819,5617168,16135,,554020,0,,0,1,,Null,2008/2009,UPPER HARBOUR MOTORWAY,HIGH ST,,Non-Injury Crash,No,2009,,East,,0,,Flat,,,,,,Bright sun,1648300,0,0,0,2,,,0,,,,,,Taranaki Region,Nil,2-way,Sealed,,0,0,,50,,Null,0,0,,35,South Taranaki District,Give way,,,,,0,0,Urban,1,,,Fine,Null
1693242,5676159,16136,,551800,0,0,0,2,0,West,2008/2009,SH 45,GOVER ST,,Non-Injury Crash,Yes,2009,0,West,0,0,0,Flat,0,,0,,0,Bright sun,1594500,0,0,0,2,0,0,0,0,1,,0,0,Taranaki Region,Nil,2-way,Sealed,0,0,0,0,50,0,Null,0,0,,33,New Plymouth District,Nil,0,0,0,0,0,0,Urban,0,0,0,Fine,Null
1810140,5870362,16137,,533901,0,0,0,1,0,North,2009/2010,SH 2,SH 27,,Non-Injury Crash,Yes,2009,0,South,0,0,0,Flat,0,,0,,0,Dark,1068600,0,0,0,3,0,0,0,0,0,,0,0,Waikato Region,Nil,2-way,Sealed,0,0,0,0,100,0,None,0,0,,12,Hauraki District,Nil,0,0,0,0,1,0,Open,0,0,0,Fine,Null
1762071,5907917,16138,,524530,0,0,0,1,0,East,2009/2010,WICKMAN WAY,TANNOCK PLACE,,Non-Injury Crash,No,2009,0,West,0,0,0,Flat,0,,0,,0,Bright sun,734201,0,0,0,2,0,0,0,0,0,,1,0,Auckland Region,Nil,2-way,Sealed,0,0,0,0,50,0,Off,0,0,,76,Auckland,Nil,0,0,0,0,0,0,Urban,0,0,0,Fine,Null
1719475,6047734,16139,,502600,0,,0,1,,Null,2009/2010,KAMO ROAD,MAINS AVENUE,,Non-Injury Crash,No,2009,,East,,0,,Flat,,,,,,Bright sun,95100,0,0,0,2,,,0,,,,,,Northland Region,Nil,2-way,Sealed,,0,0,,50,,Off,1,0,,2,Whangarei District,Traffic Signals,,,,,0,0,Urban,0,,,Fine,Null
1756817,5919379,16140,,514200,0,,0,2,,East,2009/2010,CROSS ST,MERCURY LANE,,Non-Injury Crash,No,2009,,West,,0,,Flat,,,,,,Dark,412200,0,0,0,1,,,0,,,,,,Auckland Region,Nil,1-way,Sealed,,0,0,,50,,On,0,0,,76,Auckland,Stop,,,,,0,0,Urban,0,,,Fine,Null
1765807,5908102,16141,,523402,0,,0,2,,North,2009/2010,SH 1N,OTARA OFF SBD,,Non-Injury Crash,Yes,2009,,South,,0,,Flat,,Christmas New Year,,,,Bright sun,699000,0,0,0,3,,,0,,,,,,Auckland Region,Nil,1-way,Sealed,,0,0,,100,,Null,0,0,,76,Auckland,Unknown,,,,,0,0,Open,0,,,Fine,Null
1771627,5473411,16142,,563705,0,,0,2,,Null,2008/2009,GREENAWAY ROAD,TE MOANA ROAD,,Non-Injury Crash,No,2009,,West,,0,,Flat,,Christmas New Year,,,,Overcast,1877001,0,0,0,2,,,0,,,,,,Wellington Region,Nil,2-way,Sealed,,0,0,,50,,Null,0,0,,43,Kapiti Coast District,Give way,,,,,0,0,Urban,0,,,Light rain,Null
1772861,5576033,16143,,556200,0,,0,1,,East,2008/2009,HEADS ROAD,ABBOT ST,,Non-Injury Crash,No,2009,,East,,0,,Flat,,Queens Birthday,,,,Overcast,1725100,0,0,0,2,,,0,,,,,,Manawatū-Whanganui Region,Nil,2-way,Sealed,,0,0,,50,,Null,0,0,,37,Whanganui District,Nil,,,,,0,0,Urban,0,,,Fine,Null
1803041,5862729,16144,,527210,0,0,0,1,0,South,2009/2010,COZEN ROAD,STANNARD ROAD,,Non-Injury Crash,No,2009,0,North,0,0,0,Flat,0,,0,,0,Overcast,937200,0,0,0,2,0,0,0,0,0,,0,1,Waikato Region,Nil,2-way,Sealed,0,0,0,0,100,0,None,0,0,,13,Waikato District,Nil,0,0,0,0,0,0,Open,0,0,0,Light rain,Null
1668959,5404520,16145,,580300,0,0,0,1,0,West,2008/2009,SH 6,UXBRIDGE ST,,Non-Injury Crash,Yes,2009,0,West,0,0,0,Flat,0,,0,,0,Bright sun,2289100,0,0,0,2,0,0,0,0,0,,0,0,Marlborough Region,Nil,2-way,Sealed,0,0,0,0,50,0,Null,0,0,,53,Marlborough District,Nil,1,1,0,0,0,0,Urban,0,0,0,Fine,Null
1728218,6054294,16146,,501814,0,0,0,1,0,West,2009/2010,NGUNGURU ROAD,OLD KIRIPAKA ROAD W,,Non-Injury Crash,No,2009,0,North,0,0,1,Flat,0,,0,,0,Bright sun,62002,0,0,0,2,0,0,0,0,0,,0,0,Northland Region,Nil,2-way,Sealed,0,0,0,0,100,0,None,0,0,,2,Whangarei District,Nil,0,0,0,0,0,0,Open,0,0,0,Fine,Null
2036948,5711648,16147,,544200,0,0,0,1,0,East,2008/2009,VALLEY ROAD,DUNCAN ST,,Non-Injury Crash,No,2009,0,West,0,0,0,Flat,0,,0,,0,Dark,1377501,0,0,0,2,0,0,0,0,0,,0,1,Gisborne Region,Nil,2-way,Sealed,0,0,0,0,50,0,None,0,0,,28,Gisborne District,Nil,0,0,0,0,0,0,Urban,0,0,0,Heavy rain,Null
1882818,5776513,16148,,539000,0,0,0,0,0,North,2009/2010,SH 5,COCHRANE ST,,Non-Injury Crash,Yes,2009,0,South,0,0,0,Flat,0,Christmas New Year,0,,0,Dark,1220300,0,0,0,4,0,0,0,0,0,,0,1,Bay of Plenty Region,Nil,2-way,Sealed,0,0,0,0,60,0,On,0,0,,24,Rotorua District,Unknown,0,0,0,0,1,0,Urban,0,0,0,Fine,Null
1750300,5425000,16149,,576901,0,,0,2,,Null,2008/2009,SH 1N,EVANS BAY PARADE,,Non-Injury Crash,Yes,2009,,West,,0,,Flat,,,,,,Overcast,2177800,0,0,0,5,,,0,,,,,,Wellington Region,Nil,2-way,Sealed,,0,0,,50,,Null,0,1,,47,Wellington City,Traffic Signals,,,,,0,0,Urban,0,,,Fine,Null
1754206,5936154,16150,,507000,0,,0,2,,North,2009/2010,EAST COAST ROAD,CARLISLE ROAD,,Non-Injury Crash,No,2009,,South,,0,,Hill Road,,,,,,Bright sun,164203,0,0,0,2,,,0,,,,,,Auckland Region,Nil,2-way,Sealed,,0,0,,50,,Null,0,0,,76,Auckland,Unknown,,,,,0,0,Urban,0,,,Fine,Null
1820542,5529707,16151,,562800,0,,0,2,,Null,2009/2010,PASCAL ST,FEATHERSTON ST,,Non-Injury Crash,No,2009,,North,,0,,Flat,,,,,,Overcast,1827600,0,0,0,2,,,0,,,,,,Manawatū-Whanganui Region,Nil,2-way,Sealed,,0,0,,50,,Null,0,0,,40,Palmerston North City,Give way,,,,,0,0,Urban,0,,,Fine,Null
1773376,5445963,16152,,567400,0,,0,2,,South,2008/2009,GIBBONS ST,VICTORIA ST,,Non-Injury Crash,No,2009,,North,,0,,Flat,,,,,,Overcast,1885901,0,0,0,2,,,0,,,,,,Wellington Region,Nil,2-way,Sealed,,0,0,,50,,Null,0,0,,45,Upper Hutt City,Nil,,,,,0,0,Urban,0,,,Light rain,Null
1924786,5778482,16153,,542600,0,0,0,0,0,North,2009/2010,LIVERPOOL ST,ISLINGTON ST,,Non-Injury Crash,No,2009,0,North,0,0,0,Flat,0,,0,,0,Bright sun,1315400,0,0,0,2,0,0,0,0,1,,0,0,Bay of Plenty Region,Nil,2-way,Sealed,0,0,0,0,50,0,Null,1,0,,26,Kawerau District,Unknown,0,0,0,0,0,0,Urban,0,0,0,Fine,Null
1770335,5898946,16154,,523911,0,,0,2,,Null,2009/2010,GREAT SOUTH ROAD,BEAUMARIS WAY,,Non-Injury Crash,No,2009,,East,,0,,Flat,,,,,,Overcast,768200,0,0,0,2,,,0,,,,,,Auckland Region,Nil,2-way,Sealed,,0,0,,50,,Off,0,0,,76,Auckland,Give way,,,,,0,0,Urban,0,,,Fine,Null
1803183,5549065,16155,,558900,0,0,0,1,0,South,2008/2009,SH 1N,TAUMAIHI ST,,Non-Injury Crash,Yes,2009,0,South,0,0,0,Flat,0,,0,,0,Overcast,1744300,0,0,0,2,0,0,0,0,1,,0,0,Manawatū-Whanganui Region,Nil,2-way,Sealed,0,0,0,0,70,0,Null,0,0,,38,Rangitikei District,Nil,0,0,0,0,1,0,Urban,0,0,0,Fine,Null
1679745,5403938,16156,,581230,0,,0,2,,North,2008/2009,QUEEN ST,CHARLES ST,,Non-Injury Crash,No,2009,,North,,0,,Flat,,,,,,Bright sun,2298900,0,0,0,2,,,0,,,,,,Marlborough Region,Nil,2-way,Sealed,,0,0,,50,,Null,0,0,,53,Marlborough District,Nil,,,,,0,0,Urban,0,,,Fine,Null
1798474,5817900,16157,,528700,0,,0,2,,Null,2009/2010,TE RAPA ROAD,VARDON ROAD,,Non-Injury Crash,No,2009,,South,,0,,Flat,,,,,,Bright sun,900100,0,0,0,5,,,0,,,,,,Waikato Region,Nil,2-way,Sealed,,0,0,,60,,Off,0,0,,16,Hamilton City,Traffic Signals,,,,,0,0,Urban,0,,,Fine,Null
1766197,5461540,16158,85,566200,0,0,0,1,0,South,2009/2010,SH 1N,WATERFALL ROAD,,Non-Injury Crash,Yes,2009,0,South,0,0,0,Flat,1,Labour Weekend,0,,0,Overcast,2007900,0,0,0,2,0,0,0,0,0,,0,0,Wellington Region,Nil,2-way,Sealed,0,0,0,0,100,0,Null,0,0,,43,Kapiti Coast District,Nil,0,0,0,0,0,0,Open,0,0,0,Fine,Null
1756118,5923988,16159,,509800,0,,0,2,,South,2009/2010,SH 1N,ONEWA OFF NBD,,Non-Injury Crash,Yes,2009,,North,,0,,Flat,,,,,,Overcast,361200,0,0,0,4,,,0,,,,,,Auckland Region,Nil,1-way,Sealed,,0,0,,80,,Off,0,0,,76,Auckland,Nil,,,,,0,0,Open,0,,,Fine,Null
1749319,5427226,16160,,573101,0,,0,2,,Null,2009/2010,WAKEFIELD ST,CHAFFERS ST,,Non-Injury Crash,No,2009,,West,,0,,Flat,,,,,,Twilight,2135500,0,0,0,3,,,0,,,,,,Wellington Region,Nil,1-way,Sealed,,0,0,,50,,Off,0,1,,47,Wellington City,Stop,,,,,0,0,Urban,0,,,Fine,Null
1745348,5917387,16161,,510800,0,,0,2,,South,2009/2010,GREAT NORTH ROAD,HENDERSON VALLEY ROAD,,Non-Injury Crash,No,2009,,South,,0,,Flat,,,,,,Overcast,241600,0,0,0,4,,,0,,,,,,Auckland Region,Nil,2-way,Sealed,,0,0,,50,,Off,0,0,,76,Auckland,Traffic Signals,,,,,0,0,Urban,0,,,Light rain,Null
1798083,5816157,16162,,528501,0,,0,2,,North,2009/2010,AVALON DRIVE,FOREST LAKE ROAD,,Non-Injury Crash,No,2009,,South,,0,,Flat,,,,,,Dark,905000,0,0,0,3,,,0,,,,,,Waikato Region,Nil,2-way,Sealed,,0,0,,60,,On,0,0,,16,Hamilton City,Traffic Signals,,,,,0,0,Urban,0,,,Fine,Null
1572077,5184041,16163,,592702,0,0,0,1,0,East,2008/2009,BRIGGS ROAD,EMMETT ST,,Non-Injury Crash,No,2009,0,East,0,0,0,Flat,0,,0,,0,Dark,2597000,0,0,0,2,0,0,0,0,0,,0,0,Canterbury Region,Nil,2-way,Sealed,0,0,0,0,50,0,On,0,0,,60,Christchurch City,Unknown,1,0,0,0,0,0,Urban,0,0,0,Fine,Null
1600442,5158555,16164,,596902,0,0,0,1,0,North,2008/2009,OKAINS BAY ROAD,SUMMIT ROAD,,Non-Injury Crash,No,2009,0,North,0,0,0,Hill Road,0,,0,,0,Dark,2714800,0,0,0,2,0,0,0,1,0,,0,0,Canterbury Region,Nil,2-way,Sealed,0,0,0,0,100,0,None,0,0,,60,Christchurch City,Unknown,0,0,0,0,0,0,Open,0,0,1,Fine,Null
1824426,5532771,16165,,562200,0,,0,1,,Null,2009/2010,KELVIN GROVE ROAD,PETER HALL DRIVE,,Non-Injury Crash,No,2009,,East,,0,,Flat,,,,,,Overcast,1839000,0,0,0,2,,,0,,,,,,Manawatū-Whanganui Region,Nil,2-way,Sealed,,0,0,,50,,Null,0,0,,40,Palmerston North City,Give way,,,,,0,0,Urban,1,,,Fine,Null
1750647,5427125,16166,,576700,0,0,0,1,0,South,2009/2010,THANE ROAD,ROSENEATH TERRACE,,Non-Injury Crash,No,2009,0,South,0,0,0,Hill Road,0,,0,,0,Dark,2185600,0,0,0,2,0,0,0,0,1,,0,0,Wellington Region,Nil,2-way,Sealed,0,0,0,0,50,0,None,1,0,,47,Wellington City,Nil,0,0,0,0,0,0,Urban,0,0,0,Fine,Null
1758580,5447275,16167,,572200,0,0,0,1,0,North,2009/2010,SPINNAKER DRIVE,PULLEN LANE,,Non-Injury Crash,No,2009,0,North,0,0,0,Flat,0,,0,,0,Overcast,2071401,0,0,0,2,0,0,0,0,0,,0,0,Wellington Region,Nil,2-way,Sealed,0,0,0,0,50,0,Null,0,0,,44,Porirua City,Nil,0,0,0,0,0,0,Urban,0,0,0,Fine,Null