X,Y,OBJECTID,advisorySpeed,areaUnitID,bicycle,bridge,bus,carStationWagon,cliffBank,crashDirectionDescription,crashFinancialYear,crashLocation1,crashLocation2,crashRoadSideRoad,crashSeverity,crashSHDescription,crashYear,debris,directionRoleDescription,ditch,fatalCount,fence,flatHill,guardRail,holiday,houseOrBuilding,intersection,kerb,light,meshblockId,minorInjuryCount,moped,motorcycle,NumberOfLanes,objectThrownOrDropped,otherObject,otherVehicleType,overBank,parkedVehicle,pedestrian,phoneBoxEtc,postOrPole,region,roadCharacter,roadLane,roadSurface,roadworks,schoolBus,seriousInjuryCount,slipOrFlood,speedLimit,strayAnimal,streetLight,suv,taxi,temporarySpeedLimit,tlaId,tlaName,trafficControl,trafficIsland,trafficSign,train,tree,truck,unknownVehicleType,urban,vanOrUtility,vehicle,waterRiver,weatherA,weatherB
1756328,5913165,16168,,518701,0,,0,1,,East,2009/2010,CARR ROAD,HAYR ROAD,,Non-Injury Crash,No,2009,,East,,0,,Flat,,,,,,Bright sun,569000,0,0,0,2,,,0,,,,,,Auckland Region,Nil,2-way,Sealed,,0,0,,50,,Off,1,0,,76,Auckland,Nil,,,,,0,0,Urban,0,,,Fine,Null
1753678,5931262,16169,,508807,0,,0,2,,Null,2009/2010,SH 18,CARIBBEAN DRIVE,,Non-Injury Crash,Yes,2009,,East,,0,,Flat,,Christmas New Year,,,,Bright sun,180810,0,0,0,2,,,0,,,,,,Auckland Region,Nil,2-way,Sealed,,0,0,,50,,Off,0,0,,76,Auckland,Traffic Signals,,,,,0,0,Urban,0,,,Fine,Null
1869222,5712607,16170,,541740,0,,0,2,,West,2009/2010,TAUPO VIEW ROAD,TAMATEA ROAD,,Non-Injury Crash,No,2009,,South,,0,,Hill Road,,,,,,Bright sun,1268801,0,0,0,2,,,0,,,,,,Waikato Region,Nil,2-way,Sealed,,0,0,,50,,Off,0,0,,21,Taupo District,Nil,,,,,0,0,Urban,0,,,Fine,Null
1761663,5436903,16171,,568402,0,,0,2,,West,2008/2009,HIGH ST,MITCHELL ST,,Non-Injury Crash,No,2009,,East,,0,,Flat,,,,,,Bright sun,1942200,0,0,0,2,,,0,,,,,,Wellington Region,Nil,2-way,Sealed,,0,0,,50,,Null,0,0,,46,Lower Hutt City,Nil,,,,,0,0,Urban,0,,,Fine,Null
1879744,5820278,16172,,538000,0,0,0,1,0,South,2009/2010,MAUNGATAPU ROAD,RIRINUI PLACE,,Non-Injury Crash,No,2009,0,South,0,0,1,Flat,0,,0,,0,Overcast,1178600,0,0,0,2,0,0,0,0,0,,0,0,Bay of Plenty Region,Nil,2-way,Sealed,0,0,0,0,50,0,Off,0,0,,23,Tauranga City,Nil,0,0,0,0,0,0,Urban,0,0,0,Light rain,Null
1935386,5618937,16173,,546700,0,0,0,1,0,Null,2008/2009,HILLARY CRESCENT,LODGE ROAD,,Non-Injury Crash,No,2009,0,East,0,0,1,Flat,0,,0,,0,Dark,1445400,0,0,0,2,0,0,0,0,0,,0,1,Hawke's Bay Region,Nil,2-way,Sealed,0,0,0,0,50,0,On,0,0,,31,Napier City,Nil,0,0,0,0,0,0,Urban,0,0,0,Fine,Null
1888238,5773580,16174,,538721,0,,0,2,,West,2009/2010,SH 30,TENNYSON DRIVE,,Non-Injury Crash,Yes,2009,,East,,0,,Flat,,,,,,Bright sun,1254404,0,0,0,1,,,0,,,,,,Bay of Plenty Region,Nil,2-way,Sealed,,0,0,,70,,Off,0,0,,24,Rotorua District,Nil,,,,,0,0,Urban,0,,,Fine,Null
1703029,5641332,16175,,553004,0,0,0,0,0,West,2009/2010,OPUNAKE ROAD,POTO ROAD,,Non-Injury Crash,No,2009,0,West,1,0,1,Hill Road,0,,0,,0,Bright sun,1617100,0,0,0,2,0,0,0,0,0,,0,0,Taranaki Region,Nil,2-way,Sealed,0,0,0,0,100,0,Null,0,0,,34,Stratford District,Nil,0,0,0,0,1,0,Open,0,0,0,Fine,Null
1757287,5920883,16176,,514102,0,,0,2,,Null,2009/2010,WOLFE ST,FEDERAL ST,,Non-Injury Crash,No,2009,,East,,0,,Flat,,,,,,Overcast,433102,0,0,0,1,,,0,,,,,,Auckland Region,Nil,2-way,Sealed,,0,0,,50,,Null,0,0,,76,Auckland,Stop,,,,,0,0,Urban,0,,,Light rain,Null
1691875,5676177,16177,,551900,0,0,0,1,0,Null,2008/2009,SH 44 ST AUBYN,MORLEY ST,,Non-Injury Crash,Yes,2009,0,West,0,0,0,Flat,0,,0,,0,Bright sun,1588600,0,0,0,2,0,0,0,0,0,,0,1,Taranaki Region,Nil,2-way,Sealed,0,0,0,0,50,0,Null,0,0,,33,New Plymouth District,Give way,0,0,0,0,0,0,Urban,0,0,0,Fine,Null
1767973,5904389,16178,,524604,0,0,0,1,0,North,2009/2010,SH 1N,REDOUBT OBR,,Non-Injury Crash,Yes,2009,1,North,0,0,0,Flat,0,,0,,0,Overcast,780302,0,0,0,2,0,0,0,0,0,,0,0,Auckland Region,Nil,1-way,Sealed,0,0,0,0,100,0,Null,0,0,,76,Auckland,Unknown,0,0,0,0,0,0,Open,0,0,0,Fine,Null
1935798,5618610,16179,,546700,0,0,0,1,0,North,2008/2009,PERCY SPILLER AVENUE,GILRAY AVENUE,,Non-Injury Crash,No,2009,0,East,0,0,1,Flat,0,,0,,0,Dark,1444200,0,0,0,2,0,0,0,0,0,,0,0,Hawke's Bay Region,Nil,2-way,Sealed,0,0,0,0,50,0,On,0,0,,31,Napier City,Nil,0,0,0,0,0,0,Urban,0,0,0,Fine,Null
1932965,5619093,16180,,547001,0,0,0,2,0,East,2008/2009,COVENTRY AVENUE,FREYBERG AVENUE,,Non-Injury Crash,No,2009,0,East,0,0,0,Flat,0,,0,,0,Dark,1451400,0,0,0,2,0,0,0,0,1,,0,0,Hawke's Bay Region,Nil,2-way,Sealed,0,0,0,0,50,0,On,0,0,,31,Napier City,Nil,0,0,0,0,0,0,Urban,0,0,0,Fine,Null
1749204,5427279,16181,,573101,0,,0,2,,Null,2009/2010,WAKEFIELD ST,TORY ST,,Non-Injury Crash,No,2009,,West,,0,,Flat,,,,,,Overcast,2135700,0,0,0,2,,,0,,,,,,Wellington Region,Nil,2-way,Sealed,,0,0,,50,,Null,0,0,,47,Wellington City,Traffic Signals,,,,,0,0,Urban,0,,,Fine,Null
1755151,5914311,16182,,518500,0,,0,2,,West,2009/2010,MOUNT ALBERT ROAD,DOMINION ROAD,,Non-Injury Crash,No,2009,,West,,0,,Flat,,,,,,Dark,560900,0,0,0,5,,,0,,,,,,Auckland Region,Nil,2-way,Sealed,,0,0,,50,,On,0,0,,76,Auckland,Traffic Signals,,,,,0,0,Urban,0,,,Fine,Null
1744183,5428072,16183,,574900,0,0,0,1,0,East,2009/2010,KHOURI AVENUE,MAKARA ROAD,,Non-Injury Crash,No,2009,0,East,0,0,0,Hill Road,0,,0,,0,Dark,2109202,0,0,0,2,0,0,0,0,1,,0,0,Wellington Region,Nil,2-way,Sealed,0,0,0,0,50,0,On,1,0,,47,Wellington City,Nil,0,0,0,0,0,0,Urban,0,0,0,Fine,Frost
1407134,4914887,16184,,602800,0,,0,2,,Null,2008/2009,PORTSMOUTH DRIVE,TEVIOT ST,,Non-Injury Crash,No,2009,,West,,0,,Flat,,,,,,Overcast,2895200,0,0,0,4,,,0,,,,,,Otago Region,Nil,2-way,Sealed,,0,0,,60,,Null,0,0,,71,Dunedin City,Give way,,,,,0,0,Urban,0,,,Light rain,Null
1928257,5606788,16185,,547800,0,,0,1,,West,2008/2009,OMAHU ROAD,CANNING ROAD,,Non-Injury Crash,No,2009,,East,,0,,Flat,,Easter,,,,Bright sun,1477100,0,0,0,2,,,0,,,,,,Hawke's Bay Region,Nil,2-way,Sealed,,0,0,,50,,Null,0,0,,30,Hastings District,Nil,,,,,0,0,Urban,1,,,Fine,Null
1766777,5469316,16186,,566101,0,0,0,1,0,South,2008/2009,MATATUA ROAD,KIRKWAY,,Non-Injury Crash,No,2009,0,North,0,0,0,Flat,0,,0,,0,Bright sun,2004601,0,0,0,2,0,0,0,0,0,,0,0,Wellington Region,Nil,2-way,Sealed,0,0,0,0,50,0,Null,0,0,,43,Kapiti Coast District,Nil,0,0,0,0,1,0,Urban,0,1,0,Fine,Null
1751863,5424630,16187,,577200,0,0,0,1,0,West,2009/2010,MIRAMAR AVENUE,STONE ST,,Non-Injury Crash,No,2009,0,East,0,0,0,Flat,0,,0,,0,Dark,2206200,0,0,0,2,0,0,0,0,0,,0,0,Wellington Region,Nil,2-way,Sealed,0,0,0,0,50,0,On,0,0,,47,Wellington City,Nil,1,1,0,0,0,0,Urban,0,0,0,Fine,Strong wind
1752949,5437446,16188,,573523,0,0,0,1,0,North,2009/2010,SH 1N,CHURTON PARK OFF SBD,,Non-Injury Crash,Yes,2009,0,South,0,0,0,Flat,1,,0,,0,Overcast,2086312,0,0,0,2,0,0,0,0,0,,0,0,Wellington Region,Nil,2-way,Sealed,0,0,0,0,100,0,Null,0,0,,47,Wellington City,Nil,0,0,0,0,0,0,Open,0,0,0,Light rain,Null
1745242,5919188,16189,,513302,0,,0,2,,Null,2009/2010,POMARIA ROAD,LINCOLN ROAD,,Non-Injury Crash,No,2009,,East,,0,,Flat,,,,,,Bright sun,230701,0,0,0,4,,,0,,,,,,Auckland Region,Nil,2-way,Sealed,,0,0,,50,,Null,0,0,,76,Auckland,Traffic Signals,,,,,0,0,Urban,0,,,Fine,Null
1749863,5430741,16190,,574500,0,,0,1,,South,2008/2009,HUTT ROAD,KAIWHARAWHARA ROAD,,Non-Injury Crash,No,2009,,North,,0,,Flat,,,,,,Dark,2093600,0,0,0,2,,,0,,,,,,Wellington Region,Nil,2-way,Sealed,,0,0,,60,,On,0,0,,47,Wellington City,Nil,,,,,0,0,Urban,1,,,Fine,Null
1567849,5180296,16191,,590701,0,0,0,2,0,East,2009/2010,RICCARTON ROAD,CLARENCE ST,,Non-Injury Crash,No,2009,0,West,0,0,0,Flat,0,,0,,0,Overcast,2472700,0,0,0,2,0,0,0,0,1,,0,0,Canterbury Region,Nil,2-way,Sealed,0,0,0,0,50,0,Null,0,0,,60,Christchurch City,Unknown,0,0,0,0,0,0,Urban,0,0,0,Fine,Null
1756596,5435613,16192,,569800,0,0,0,1,0,North,2009/2010,MAUNGARAKI ROAD,KOROKORO ROAD,,Non-Injury Crash,No,2009,0,South,0,0,0,Hill Road,0,,0,,0,Dark,2035201,0,0,0,2,0,0,0,0,1,,0,0,Wellington Region,Nil,2-way,Sealed,0,0,0,0,50,0,On,0,0,,46,Lower Hutt City,Nil,0,0,0,0,1,0,Urban,0,0,0,Fine,Null
1622200,5428296,16193,,583300,0,0,0,1,1,South,2008/2009,WAIMEA ROAD,BOUNDARY ROAD,,Non-Injury Crash,No,2009,0,South,0,0,1,Hill Road,0,,0,,0,Bright sun,2331401,0,0,0,2,0,0,0,0,0,,0,0,Nelson Region,Nil,2-way,Sealed,0,0,0,0,50,0,Null,0,0,,52,Nelson City,Nil,0,0,0,0,0,0,Urban,0,0,0,Fine,Null
1800429,5787653,16194,,527923,0,0,0,1,0,North,2009/2010,POKURU ROAD,BUDDEN ROAD,,Non-Injury Crash,No,2009,0,South,0,0,1,Hill Road,0,,0,,0,Dark,983301,0,0,0,2,0,0,0,0,0,,0,0,Waikato Region,Nil,2-way,Sealed,0,0,0,0,100,0,None,0,0,50,17,Waipa District,Nil,0,0,0,0,0,0,Open,0,0,0,Fine,Null
1762760,5437102,16195,,568303,0,,0,1,,North,2009/2010,CAMBRIDGE TERRACE,CLENDON ST,,Non-Injury Crash,No,2009,,South,,0,,Flat,,,,,,Bright sun,1953600,0,0,0,2,,,0,,,,,,Wellington Region,Nil,2-way,Sealed,,0,0,,50,,Null,1,0,,46,Lower Hutt City,Nil,,,,,0,0,Urban,0,,,Fine,Null
2037600,5708066,16196,,544600,0,0,0,4,0,North,2008/2009,READS QUAY,SH 35,,Non-Injury Crash,No,2009,0,East,0,0,0,Flat,0,,0,,0,Dark,1371700,0,0,0,2,0,0,0,0,2,,0,0,Gisborne Region,Nil,2-way,Sealed,0,0,0,0,50,0,On,0,0,,28,Gisborne District,Nil,0,0,0,0,0,0,Urban,0,0,0,Fine,Null
1405891,4916379,16197,,603000,0,0,0,1,0,Null,2008/2009,HIGH ST,CLARK ST,,Non-Injury Crash,No,2009,0,South,0,0,0,Hill Road,0,,0,,0,Overcast,2899500,0,0,1,2,0,0,0,0,1,,0,0,Otago Region,Nil,2-way,Sealed,0,0,0,0,50,0,Null,0,0,,71,Dunedin City,Stop,0,0,0,0,0,0,Urban,0,0,0,Heavy rain,Null
1821882,5530442,16198,,562401,0,0,0,1,0,Null,2008/2009,FEATHERSTON ST,ROY ST,,Non-Injury Crash,No,2009,0,East,0,0,0,Flat,0,,0,,0,Dark,1832100,0,0,0,2,0,0,0,0,1,,0,0,Manawatū-Whanganui Region,Nil,2-way,Sealed,0,0,0,0,50,0,On,1,0,,40,Palmerston North City,Give way,0,0,0,0,0,0,Urban,1,0,0,Fine,Null
1927570,5607415,16199,,548400,0,,0,2,,Null,2009/2010,SH 50A,OMAHU ROAD,,Non-Injury Crash,Yes,2009,,North,,0,,Flat,,,,,,Bright sun,1473500,0,0,0,2,,,0,,,,,,Hawke's Bay Region,Nil,2-way,Sealed,,0,0,,50,,Null,0,0,,30,Hastings District,Give way,,,,,0,0,Urban,0,,,Fine,Null
1884122,5774808,16200,,540410,0,,0,2,,West,2009/2010,KUIRAU ST,TAREWA ROAD,,Non-Injury Crash,No,2009,,East,,0,,Flat,,,,,,Bright sun,1231800,0,0,0,2,,,0,,,,,,Bay of Plenty Region,Nil,2-way,Sealed,,0,0,,50,,Null,0,0,,24,Rotorua District,Give way,,,,,0,0,Urban,0,,,Fine,Null
1761433,5915483,16201,,520201,0,0,0,2,0,North,2009/2010,LADIES MILE,PUKERANGI CRESCENT,,Non-Injury Crash,No,2009,0,South,0,0,0,Hill Road,0,,0,,0,Dark,610000,0,0,0,2,0,0,0,0,1,,0,0,Auckland Region,Nil,2-way,Sealed,0,0,0,0,50,0,On,0,0,,76,Auckland,Nil,0,0,0,0,0,0,Urban,0,0,0,Fine,Null
1879562,5780229,16202,,538863,0,0,0,1,0,Null,2009/2010,SH 5,DANSEY ROAD,,Non-Injury Crash,Yes,2009,0,North,0,0,0,Flat,0,,0,,0,Dark,1265308,0,0,0,2,0,0,0,1,0,,0,0,Bay of Plenty Region,Nil,2-way,Sealed,0,0,0,0,100,0,On,0,0,,24,Rotorua District,Give way,0,0,0,0,0,0,Open,0,0,0,Fine,Null
1404387,4913950,16203,,604210,0,,0,2,,North,2008/2009,PLAYFAIR ST,MURRAY ST,,Non-Injury Crash,No,2009,,South,,0,,Hill Road,,,,,,Overcast,2912400,0,0,0,2,,,0,,,,,,Otago Region,Nil,2-way,Sealed,,0,0,,50,,Null,0,0,,71,Dunedin City,Unknown,,,,,0,0,Urban,0,,,Fine,Null
1759320,5918683,16204,,516101,0,,0,2,,Null,2009/2010,SHORE ROAD,BASSETT ROAD,,Non-Injury Crash,No,2009,,West,,0,,Hill Road,,Christmas New Year,,,,Bright sun,480500,0,0,0,2,,,0,,,,,,Auckland Region,Nil,1-way,Sealed,,0,0,,50,,Off,0,0,,76,Auckland,Give way,,,,,0,0,Urban,0,,,Fine,Null
1759800,5436951,16205,,569301,0,,0,1,,Null,2009/2010,SH 2,HARBOUR VIEW ROAD,,Non-Injury Crash,Yes,2009,,South,,0,,Flat,,,,,,Bright sun,1919900,0,0,0,2,,,0,,,,,,Wellington Region,Nil,2-way,Sealed,,0,0,,100,,Null,1,0,,46,Lower Hutt City,Traffic Signals,,,,,0,0,Open,0,,,Fine,Null
1768137,5882251,16206,,525910,0,0,0,1,0,East,2009/2010,BIRDWOOD ROAD,BEATTY ROAD,,Non-Injury Crash,No,2009,0,East,0,0,1,Flat,0,,0,,0,Overcast,817704,0,0,0,2,0,0,0,0,0,,0,0,Auckland Region,Nil,2-way,Sealed,0,0,0,0,50,0,Off,0,0,,76,Auckland,Nil,0,0,0,1,0,0,Urban,0,0,0,Heavy rain,Null
1929297,5606666,16207,,547800,0,,0,2,,South,2009/2010,PAKOWHAI ROAD,FITZROY AVENUE,,Non-Injury Crash,No,2009,,South,,0,,Flat,,,,,,Bright sun,1477600,0,0,0,2,,,0,,,,,,Hawke's Bay Region,Nil,2-way,Sealed,,0,0,,50,,Null,0,0,,30,Hastings District,Nil,,,,,0,0,Urban,0,,,Fine,Null
1754338,5935995,16208,,507101,0,,0,2,,East,2009/2010,CARLISLE ROAD,EAST COAST ROAD,,Non-Injury Crash,No,2009,,West,,0,,Flat,,Christmas New Year,,,,Bright sun,160403,0,0,0,5,,,0,,,,,,Auckland Region,Nil,2-way,Sealed,,0,0,,50,,Off,0,0,,76,Auckland,Traffic Signals,,,,,0,0,Urban,0,,,Fine,Null
1679506,6022863,16209,,504600,0,,0,1,,Null,2008/2009,VICTORIA ST,SH 12 GREY,,Non-Injury Crash,Yes,2009,,South,,0,,Flat,,,,,,Overcast,113700,0,0,0,2,,,0,,,,,,Northland Region,Nil,2-way,Sealed,,0,0,,50,,Off,0,0,,3,Kaipara District,Stop,,,,,1,0,Urban,0,,,Fine,Null
1748235,5914016,16210,,511700,0,,0,2,,Null,2009/2010,GREAT NORTH ROAD,WEST COAST ROAD,,Non-Injury Crash,No,2009,,North,,0,,Flat,,,,,,Dark,270201,0,0,0,4,,,0,,,,,,Auckland Region,Nil,2-way,Sealed,,0,0,,50,,On,0,0,,76,Auckland,Traffic Signals,,,,,0,0,Urban,0,,,Light rain,Null
1769629,5899641,16211,,523920,0,,0,3,,North,2009/2010,GREAT SOUTH ROAD,TAKANINI OFF NBD N,,Non-Injury Crash,No,2009,,South,,0,,Flat,,,,,,Bright sun,767921,0,0,0,4,,,0,,,,,,Auckland Region,Nil,2-way,Sealed,,0,0,,70,,Null,0,0,,76,Auckland,Unknown,,,,,0,0,Urban,1,,,Fine,Null
2037039,5709576,16212,,544200,0,0,0,2,0,North,2008/2009,WI PERE ST,ABERDEEN ROAD,,Non-Injury Crash,No,2009,0,North,0,0,0,Flat,0,,0,,0,Bright sun,1379300,0,0,0,2,0,0,0,0,1,,0,0,Gisborne Region,Nil,2-way,Sealed,0,0,0,0,50,0,Null,0,0,,28,Gisborne District,Nil,0,0,0,0,0,0,Urban,0,0,0,Fine,Null
1754418,5447782,16213,,570400,0,,0,2,,South,2009/2010,MAIN ROAD,JILLETT ST,,Non-Injury Crash,No,2009,,North,,0,,Flat,,,,,,Bright sun,2042400,0,0,0,2,,,0,,,,,,Wellington Region,Nil,2-way,Sealed,,0,0,,50,,Null,0,0,,44,Porirua City,Nil,,,,,0,0,Urban,0,,,Fine,Null
1750844,5424288,16214,,576901,0,,0,2,,North,2008/2009,TROY ST,RONGOTAI ROAD,,Non-Injury Crash,No,2009,,South,,0,,Flat,,,,,,Bright sun,2176800,0,0,0,4,,,0,,,,,,Wellington Region,Nil,2-way,Sealed,,0,0,,50,,Null,0,0,,47,Wellington City,Nil,,,,,0,0,Urban,0,,,Fine,Null
1761513,5913803,16215,,520202,0,,0,1,,Null,2009/2010,GREAT SOUTH ROAD,STATION ROAD,,Non-Injury Crash,No,2009,,West,,0,,Flat,,,,,,Bright sun,612300,0,0,0,5,,,0,,,,,,Auckland Region,Bridge,2-way,Sealed,,0,0,,50,,Off,0,0,,76,Auckland,Traffic Signals,,,,,1,0,Urban,0,,,Fine,Null
1761874,5437307,16216,,568402,0,,0,1,,East,2008/2009,KINGSTON ST,ST JAMES AVENUE,,Non-Injury Crash,No,2009,,West,,0,,Flat,,,,,,Bright sun,1942500,0,0,0,2,,,0,,,,,,Wellington Region,Nil,2-way,Sealed,,0,0,,50,,Null,0,0,,46,Lower Hutt City,Nil,,,,,0,0,Urban,1,,,Fine,Null
1706394,5681154,16217,,551111,0,,0,1,,West,2008/2009,SH 3,NELSON ST,,Non-Injury Crash,Yes,2009,,West,,0,,Hill Road,,,,,,Bright sun,1565600,0,0,0,2,,,0,,,,,,Taranaki Region,Nil,2-way,Sealed,,0,0,,100,,Null,0,0,,33,New Plymouth District,Nil,,,,,1,0,Open,0,,,Fine,Null
1780221,5832331,16218,55,526601,0,0,0,1,0,North,2008/2009,WAINGARO ROAD,WILTON COLLIERIES ROAD,,Non-Injury Crash,No,2009,0,North,0,0,1,Flat,0,,0,,0,Dark,853000,0,0,0,2,0,0,0,0,0,,0,0,Waikato Region,Nil,2-way,Sealed,0,0,0,0,100,0,None,0,0,,13,Waikato District,Nil,0,0,0,0,0,0,Open,0,0,0,Fine,Null
1933505,5620592,16219,,546400,0,,0,2,,South,2008/2009,AUSTIN ST,DEPOT PLACE,,Non-Injury Crash,No,2009,,South,,0,,Flat,,,,,,Bright sun,1426600,0,0,0,2,,,0,,,,,,Hawke's Bay Region,Nil,2-way,Sealed,,0,0,,50,,Null,0,0,,31,Napier City,Nil,,,,,0,0,Urban,0,,,Fine,Null
1935395,5621007,16220,,546801,0,,0,2,,West,2008/2009,SH 2 HYDERABAD,GEORGES DRIVE,,Non-Injury Crash,Yes,2009,,East,,0,,Flat,,,,,,Bright sun,1426100,0,0,0,2,,,0,,,,,,Hawke's Bay Region,Nil,2-way,Sealed,,0,0,,50,,Null,0,0,,31,Napier City,Nil,,,,,0,0,Urban,0,,,Fine,Null
1406627,4918486,16221,,603601,0,0,0,1,0,South,2008/2009,LACHLAN AVENUE,AILSA ST,,Non-Injury Crash,No,2009,0,East,0,0,0,Hill Road,0,,0,,0,Bright sun,2865000,0,0,0,2,0,0,0,0,1,,0,0,Otago Region,Nil,2-way,Sealed,0,0,0,0,50,0,Null,1,0,,71,Dunedin City,Unknown,0,0,0,0,0,0,Urban,0,0,0,Snow,Frost
1384246,4911340,16222,,602500,0,0,0,1,0,West,2008/2009,SH 86,NICHOLS ROAD,,Non-Injury Crash,Yes,2009,0,East,0,0,1,Flat,0,Christmas New Year,0,,0,Overcast,2974500,0,0,0,2,0,0,0,0,0,,0,1,Otago Region,Nil,2-way,Sealed,0,0,0,0,70,0,Null,0,0,,71,Dunedin City,Unknown,0,0,0,0,0,0,Urban,0,0,0,Light rain,Null
1833482,5535450,16223,,560200,0,0,0,1,0,Null,2008/2009,CUSTOM ST,SH 3,,Non-Injury Crash,Yes,2009,0,North,0,0,0,Flat,0,,0,,0,Bright sun,1757600,0,0,0,2,0,0,0,0,0,,0,0,Manawatū-Whanganui Region,Rail xing,2-way,Unsealed,0,0,0,0,50,0,Null,0,0,,40,Palmerston North City,Nil,0,0,1,0,0,0,Urban,0,0,0,Fine,Null
1685249,6099745,16224,,500900,0,,0,0,,North,2009/2010,KERIKERI ROAD,MARAENUI DRIVE,,Non-Injury Crash,No,2009,,South,,0,,Flat,,,,,,Bright sun,49700,0,0,0,2,,,0,,,,,,Northland Region,Nil,2-way,Sealed,,0,0,,80,,Null,1,0,,1,Far North District,Unknown,,,,,0,0,Open,1,,,Fine,Null
1936963,5613138,16225,,545832,0,,0,1,,South,2009/2010,SH 2,WAITANGI ROAD,,Non-Injury Crash,Yes,2009,,South,,0,,Flat,,,,,,Bright sun,1404000,0,0,0,2,,,0,,,,,,Hawke's Bay Region,Bridge,2-way,Sealed,,0,0,,100,,Null,1,0,,30,Hastings District,Nil,,,,,0,0,Open,0,,,Fine,Null
1790666,5837807,16226,,527111,0,,0,0,,South,2009/2010,SH 1N,TREGOWETH LANE,,Non-Injury Crash,Yes,2009,,North,,0,,Flat,,,,,,Unknown,941002,0,0,0,3,,,0,,,,,,Waikato Region,Nil,2-way,Sealed,,0,0,,100,,Off,1,0,,13,Waikato District,Unknown,,,,,0,0,Open,1,,,Null,Null
1752139,5916494,16227,,517901,0,0,0,2,0,Null,2009/2010,SPRINGLEIGH AVENUE,RENTON ROAD,,Non-Injury Crash,No,2009,0,East,0,0,0,Flat,0,,0,,0,Overcast,522900,0,0,0,2,0,0,0,0,1,,0,0,Auckland Region,Nil,2-way,Sealed,0,0,0,0,50,0,Off,0,0,,76,Auckland,Nil,0,0,0,0,0,0,Urban,0,0,0,Light rain,Null
1754164,5935475,16228,,508704,0,,0,2,,Null,2009/2010,EAST COAST ROAD,SARTORS AVENUE,,Non-Injury Crash,No,2009,,South,,0,,Flat,,,,,,Overcast,178611,0,0,0,2,,,0,,,,,,Auckland Region,Nil,2-way,Sealed,,0,0,,50,,Null,0,0,,76,Auckland,Give way,,,,,0,0,Urban,0,,,Light rain,Null
1863415,5544163,16229,,550102,0,,0,0,,Null,2008/2009,DENMARK ST,MILLER ST,,Non-Injury Crash,No,2009,,West,,0,,Flat,,,,,,Bright sun,1528700,0,0,0,2,,,0,,,,,,Manawatū-Whanganui Region,Nil,2-way,Sealed,,0,0,,50,,Null,0,0,,41,Tararua District,Stop,,,,,0,0,Urban,2,,,Fine,Null
1757120,5450039,16230,25,571900,0,,0,2,,Null,2009/2010,GRAYS ROAD,TAUPO CRESCENT,,Non-Injury Crash,No,2009,,West,,0,,Hill Road,,,,,,Overcast,2068900,0,0,0,2,,,0,,,,,,Wellington Region,Nil,2-way,Sealed,,0,0,,50,,Null,0,0,,44,Porirua City,Nil,,,,,0,0,Urban,0,,,Light rain,Null
1756305,5920767,16231,,514102,0,,0,1,,East,2009/2010,SH 1N,FANSHAWE OFF SBD,,Non-Injury Crash,Yes,2009,,South,,0,,Flat,,,,,,Bright sun,432500,0,0,0,4,,,0,,,,,,Auckland Region,Nil,1-way,Sealed,,0,0,,80,,Off,0,0,,76,Auckland,Nil,,,,,0,0,Open,1,,,Fine,Null
1773516,5445630,16232,,567100,0,0,0,0,0,South,2008/2009,ROYAL ST,MCPARLAND ST,,Non-Injury Crash,No,2009,0,North,0,0,0,Flat,0,,1,,1,Bright sun,1905200,0,0,0,2,0,0,0,0,0,,0,0,Wellington Region,Nil,2-way,Sealed,0,0,0,0,50,0,Null,0,0,,45,Upper Hutt City,Nil,0,0,0,0,0,0,Urban,1,0,0,Fine,Null
1421592,4919877,16233,,604901,0,0,0,0,0,East,2008/2009,CAPE SAUNDERS ROAD,PAPANUI INLET ROAD,,Non-Injury Crash,No,2009,0,West,0,0,0,Flat,0,,0,,0,Bright sun,2945100,0,0,0,1,0,0,0,1,0,,0,0,Otago Region,Nil,2-way,Unsealed,0,0,0,0,100,0,Null,0,0,,71,Dunedin City,Unknown,0,0,0,0,0,0,Open,1,0,1,Fine,Null
1772990,5875370,16234,,526200,0,0,0,1,0,Null,2009/2010,HARRISVILLE ROAD,BARNABY ROAD S,,Non-Injury Crash,No,2009,0,North,0,0,0,Hill Road,0,,0,,0,Dark,838200,0,0,0,2,0,0,0,0,0,,0,0,Waikato Region,Nil,2-way,Sealed,0,0,0,0,50,0,On,0,0,,13,Waikato District,Give way,1,0,0,0,0,0,Urban,0,0,0,Fine,Null
1774109,5473198,16235,,563706,0,,0,2,,Null,2008/2009,PARATA ST,KAPANUI ROAD,,Non-Injury Crash,No,2009,,North,,0,,Flat,,,,,,Bright sun,1875117,0,0,0,2,,,0,,,,,,Wellington Region,Nil,2-way,Sealed,,0,0,,50,,Null,0,0,,43,Kapiti Coast District,Give way,,,,,0,0,Urban,0,,,Fine,Null
1792524,5499453,16236,,564232,0,0,0,1,0,Null,2009/2010,CAMBRIDGE ST SOUTH,BUSH ST,,Non-Injury Crash,No,2009,0,West,0,0,1,Flat,0,,0,,0,Overcast,1872500,0,0,0,2,0,0,0,0,0,,0,1,Manawatū-Whanganui Region,Nil,2-way,Sealed,0,0,0,0,50,0,Null,0,0,,42,Horowhenua District,Nil,0,0,0,0,0,0,Urban,0,0,1,Fine,Null
1760130,5915912,16237,,516003,0,,0,2,,Null,2009/2010,GREENLANE OFF NBD,GREENLANE INT,,Non-Injury Crash,Yes,2009,,North,,0,,Null,,Christmas New Year,,,,Bright sun,494902,0,0,0,2,,,0,,,,,,Auckland Region,Motorway ramp,1-way,Sealed,,0,0,,50,,Off,0,0,,76,Auckland,Give way,,,,,0,0,Urban,0,,,Fine,Null