X,Y,OBJECTID,advisorySpeed,areaUnitID,bicycle,bridge,bus,carStationWagon,cliffBank,crashDirectionDescription,crashFinancialYear,crashLocation1,crashLocation2,crashRoadSideRoad,crashSeverity,crashSHDescription,crashYear,debris,directionRoleDescription,ditch,fatalCount,fence,flatHill,guardRail,holiday,houseOrBuilding,intersection,kerb,light,meshblockId,minorInjuryCount,moped,motorcycle,NumberOfLanes,objectThrownOrDropped,otherObject,otherVehicleType,overBank,parkedVehicle,pedestrian,phoneBoxEtc,postOrPole,region,roadCharacter,roadLane,roadSurface,roadworks,schoolBus,seriousInjuryCount,slipOrFlood,speedLimit,strayAnimal,streetLight,suv,taxi,temporarySpeedLimit,tlaId,tlaName,trafficControl,trafficIsland,trafficSign,train,tree,truck,unknownVehicleType,urban,vanOrUtility,vehicle,waterRiver,weatherA,weatherB
1776714,5448794,16238,,566620,0,0,0,0,0,Null,2008/2009,CRYSTAL GROVE,GEMSTONE DRIVE,,Non-Injury Crash,No,2009,0,West,0,0,1,Flat,0,,0,,0,Dark,1912005,0,0,0,2,0,0,0,0,0,,0,0,Wellington Region,Nil,2-way,Sealed,0,0,0,0,50,0,On,0,0,,45,Upper Hutt City,Nil,0,0,0,0,0,0,Urban,1,0,0,Light rain,Null
2037123,5709634,16239,,544200,0,,0,3,,Null,2008/2009,STOUT ST,WI PERE ST,,Non-Injury Crash,No,2009,,East,,0,,Flat,,Christmas New Year,,,,Dark,1378700,0,0,0,2,,,0,,,,,,Gisborne Region,Nil,2-way,Sealed,,0,0,,50,,On,0,0,,28,Gisborne District,Stop,,,,,0,0,Urban,0,,,Light rain,Null
1793763,5517231,16240,,561700,0,0,0,2,0,North,2009/2010,SH 1N,WHYTE ST,,Non-Injury Crash,Yes,2009,0,South,0,0,0,Flat,0,,0,,0,Bright sun,1781500,0,0,0,2,0,0,0,0,1,,0,0,Manawatū-Whanganui Region,Nil,2-way,Sealed,0,0,0,0,50,0,Null,0,0,,42,Horowhenua District,Nil,0,0,0,0,0,0,Urban,0,0,0,Fine,Null
1751335,5434935,16241,,573700,0,,1,1,,South,2008/2009,Z CPK JOHNSONVILLE MALL,MOOREFIELD ROAD,,Non-Injury Crash,No,2009,,South,,0,,Flat,,,,,,Overcast,2082800,0,0,0,1,,,0,,,,,,Wellington Region,Nil,Off road,Sealed,,0,0,,50,,Null,0,0,,47,Wellington City,Nil,,,,,0,0,Urban,0,,,Fine,Null
1800719,5815790,16242,,529700,0,,0,2,,Null,2008/2009,LONDON ST,VICTORIA ST,,Non-Injury Crash,No,2009,,North,,0,,Flat,,,,,,Dark,910100,0,0,0,2,,,0,,,,,,Waikato Region,Nil,2-way,Sealed,,0,0,,50,,On,0,0,,16,Hamilton City,Traffic Signals,,,,,0,0,Urban,0,,,Fine,Null
1561251,5179251,16243,,587400,0,0,0,1,0,North,2008/2009,TINOKORE ST,WATERLOO ROAD,,Non-Injury Crash,No,2009,0,South,0,0,1,Flat,0,,1,,0,Twilight,2487700,0,0,0,2,0,0,0,0,0,,0,0,Canterbury Region,Nil,2-way,Sealed,1,0,0,0,50,0,Off,0,0,,60,Christchurch City,Unknown,0,0,0,0,0,0,Urban,0,0,0,Fine,Null
1228967,4794627,16244,,613000,0,0,0,1,0,South,2009/2010,ELGIN TERRACE,MAIN ROAD,,Non-Injury Crash,No,2009,0,North,0,0,0,Flat,0,,0,,0,Dark,3154700,0,0,0,2,0,0,0,0,0,,0,1,Southland Region,Nil,2-way,Sealed,0,0,0,0,50,0,On,0,0,,73,Southland District,Unknown,0,0,0,0,0,0,Urban,0,0,0,Fine,Null
1767690,5904430,16245,,524604,0,,0,2,,North,2009/2010,GREAT SOUTH ROAD,SH 20,,Non-Injury Crash,No,2009,,South,,0,,Hill Road,,,,,,Twilight,780302,0,0,0,4,,,0,,,,,,Auckland Region,Nil,2-way,Sealed,,0,0,,50,,On,0,0,,76,Auckland,Nil,,,,,0,0,Urban,0,,,Fine,Null
1821087,5530627,16246,,562401,0,,0,2,,South,2008/2009,SH 3,MIRO ST,,Non-Injury Crash,Yes,2009,,South,,0,,Flat,,,,,,Overcast,1832600,0,0,0,2,,,0,,,,,,Manawatū-Whanganui Region,Nil,2-way,Sealed,,0,0,,50,,Null,0,0,,40,Palmerston North City,Nil,,,,,0,0,Urban,0,,,Fine,Null
1765611,5914999,16247,,520601,0,0,0,2,0,North,2009/2010,TUNIS ROAD,STEWART AVENUE,,Non-Injury Crash,No,2009,0,North,0,0,0,Flat,0,,0,,0,Dark,632300,0,0,0,2,0,0,0,0,1,,0,0,Auckland Region,Nil,2-way,Sealed,0,0,0,0,50,0,On,0,0,,76,Auckland,Nil,0,0,0,0,0,0,Urban,0,0,0,Mist or Fog,Null
1751993,5424554,16248,,577200,0,,0,2,,East,2008/2009,MIRAMAR AVENUE,STONE ST,,Non-Injury Crash,No,2009,,East,,0,,Flat,,,,,,Overcast,2207201,0,0,0,2,,,0,,,,,,Wellington Region,Nil,2-way,Sealed,,0,0,,50,,Null,0,0,,47,Wellington City,Nil,,,,,0,0,Urban,0,,,Fine,Null
1753939,5442082,16249,,572701,0,,0,2,,Null,2009/2010,COLLINS AVENUE,COATES ST,,Non-Injury Crash,No,2009,,East,,0,,Flat,,,,,,Overcast,1993200,0,0,0,2,,,0,,,,,,Wellington Region,Nil,2-way,Sealed,,0,0,,50,,Null,0,0,,47,Wellington City,Stop,,,,,0,0,Urban,0,,,Fine,Null
1569912,5179546,16250,,591500,0,,0,2,,Null,2008/2009,ST ASAPH ST,ANTIGUA ST,,Non-Injury Crash,No,2009,,West,,0,,Flat,,,,,,Dark,2648600,0,0,0,3,,,0,,,,,,Canterbury Region,Nil,2-way,Sealed,,0,0,,50,,On,0,0,,60,Christchurch City,Traffic Signals,,,,,0,0,Urban,0,,,Fine,Null
1618992,5425894,16251,,583900,0,,0,2,,Null,2009/2010,MAIN ROAD STOKE,POLSTEAD ROAD,,Non-Injury Crash,No,2009,,South,,0,,Flat,,,,,,Overcast,2344200,0,0,0,2,,,0,,,,,,Nelson Region,Nil,2-way,Sealed,,0,0,,50,,Null,0,0,,52,Nelson City,Give way,,,,,0,0,Urban,0,,,Fine,Null
1719675,6045975,16252,,503100,0,,0,2,,Null,2009/2010,HATEA DRIVE,DENT ST,,Non-Injury Crash,No,2009,,South,,0,,Flat,,,,,,Bright sun,99800,0,0,0,1,,,0,,,,,,Northland Region,Nil,1-way,Sealed,,0,0,,50,,Off,0,0,,2,Whangarei District,Give way,,,,,0,0,Urban,0,,,Fine,Null
1823770,5463558,16253,,578600,0,0,0,2,0,South,2009/2010,PERRY ST,MILLER PLACE,,Non-Injury Crash,No,2009,0,South,0,0,0,Flat,0,,0,,0,Overcast,2244100,0,0,0,2,0,0,0,0,1,,0,0,Wellington Region,Nil,2-way,Sealed,0,0,0,0,50,0,Null,0,0,,48,Masterton District,Nil,0,0,0,0,0,0,Urban,0,0,0,Fine,Null
1575781,5391387,16254,,581842,0,0,0,1,1,West,2008/2009,SH 6,HOPE SDL,,Non-Injury Crash,Yes,2009,0,West,0,0,0,Hill Road,0,,0,,0,Overcast,2376202,0,0,0,2,0,0,0,0,0,,0,0,Tasman Region,Nil,2-way,Sealed,0,0,0,0,100,0,Null,0,0,,51,Tasman District,Nil,0,0,0,0,0,0,Open,0,0,0,Light rain,Null
1748879,5428425,16255,,573000,0,,0,2,,South,2009/2010,FEATHERSTON ST,BALLANCE ST,,Non-Injury Crash,No,2009,,South,,0,,Flat,,,,,,Bright sun,2125200,0,0,0,2,,,0,,,,,,Wellington Region,Nil,2-way,Sealed,,0,0,,50,,Null,0,0,,47,Wellington City,Nil,,,,,0,0,Urban,0,,,Fine,Null
1828858,5496047,16256,,578200,0,0,0,1,0,North,2009/2010,SH 2,MANGAORANGA ROAD,,Non-Injury Crash,Yes,2009,0,North,0,0,1,Flat,0,,0,,0,Dark,2226500,0,0,0,2,0,0,0,0,0,,0,0,Manawatū-Whanganui Region,Nil,2-way,Sealed,0,0,0,0,100,0,None,0,0,,41,Tararua District,Nil,0,0,0,0,0,0,Open,0,0,1,Heavy rain,Null
1765901,5904396,16257,,524603,0,,0,2,,Null,2009/2010,PLUNKET AVENUE,CAVENDISH DRIVE,,Non-Injury Crash,No,2009,,East,,0,,Flat,,,,,,Overcast,674700,0,0,0,2,,,0,,,,,,Auckland Region,Nil,2-way,Sealed,,0,0,,50,,Off,0,0,,76,Auckland,Traffic Signals,,,,,0,0,Urban,0,,,Fine,Null
1692608,5675601,16258,,552002,0,,0,1,,Null,2009/2010,DAWSON ST,MILL ROAD,,Non-Injury Crash,No,2009,,South,,0,,Flat,,,,,,Dark,1590400,0,0,0,2,,,0,,,,,,Taranaki Region,Nil,2-way,Sealed,,0,0,,50,,On,0,0,,33,New Plymouth District,Give way,,,,,0,0,Urban,1,,,Fine,Null
1258899,5008628,16259,35,609303,0,,0,1,,Null,2008/2009,GORGE ROAD,MCCHESNEY CRK BR,,Non-Injury Crash,No,2009,,South,,0,,Flat,,,,,,Dark,3039402,0,0,0,1,,,0,,,,,,Otago Region,Bridge,2-way,Sealed,,0,0,,70,,None,1,0,,70,Queenstown-Lakes District,Give way,,,,,0,0,Urban,0,,,Fine,Null
1617484,5424645,16260,,581715,0,0,0,1,0,South,2008/2009,MAIN ROAD STOKE,ELMS ST,,Non-Injury Crash,No,2009,0,North,1,0,0,Flat,0,,0,,0,Bright sun,2359404,0,0,0,2,0,0,0,0,0,,0,0,Nelson Region,Nil,2-way,Sealed,0,0,0,0,80,0,Null,0,0,,52,Nelson City,Nil,0,0,0,0,0,0,Open,0,0,0,Fine,Frost
1776933,5447398,16261,,566700,0,0,0,1,0,Null,2009/2010,NORANA ROAD,EDELWEISS GROVE,,Non-Injury Crash,No,2009,0,South,0,0,0,Flat,0,,0,,0,Dark,1913700,0,0,0,2,0,0,0,0,0,,0,0,Wellington Region,Nil,2-way,Sealed,0,0,0,0,50,0,On,0,0,,45,Upper Hutt City,Give way,1,1,0,0,0,0,Urban,0,0,0,Fine,Null
1771062,5899183,16262,,523911,0,0,0,1,0,South,2009/2010,TAKANINI SCHOOL ROAD,MANUROA ROAD,,Non-Injury Crash,No,2009,0,North,0,0,1,Flat,0,,0,,0,Dark,766800,0,0,0,2,0,0,0,0,0,,0,0,Auckland Region,Nil,2-way,Sealed,0,0,0,0,50,0,On,0,0,,76,Auckland,Nil,0,0,0,0,0,0,Urban,0,0,0,Heavy rain,Null
1748350,5427758,16263,,573000,0,,0,3,,South,2009/2010,SH 1N,NORTH PORTAL SBD,,Non-Injury Crash,Yes,2009,,South,,0,,Hill Road,,,,,,Overcast,2126900,0,0,0,2,,,0,,,,,,Wellington Region,Nil,2-way,Sealed,,0,0,,80,,Null,0,0,,47,Wellington City,Nil,,,,,0,0,Open,0,,,Heavy rain,Null
1749541,5431090,16264,,574500,0,0,0,1,0,North,2008/2009,KAIWHARAWHARA ROAD,HUTT ROAD,,Non-Injury Crash,No,2009,0,North,0,0,1,Hill Road,0,,0,,0,Overcast,2093200,0,0,0,2,0,0,0,0,1,,0,0,Wellington Region,Nil,2-way,Sealed,0,0,0,0,50,0,Null,1,0,,47,Wellington City,Nil,0,0,0,0,0,0,Urban,0,0,0,Heavy rain,Null
1758066,5917865,16265,,515700,0,,0,1,,South,2009/2010,SH 1N,GILLIES ON NBD,,Non-Injury Crash,Yes,2009,,North,,0,,Flat,,,,,,Dark,443700,0,0,0,3,,,0,,,,,,Auckland Region,Nil,1-way,Sealed,,0,0,,80,,On,0,0,,76,Auckland,Nil,,,,,1,0,Open,0,,,Fine,Null
1930480,5606413,16266,,547600,0,,0,1,,West,2008/2009,FREDERICK ST,TOMOANA ROAD,,Non-Injury Crash,No,2009,,West,,0,,Flat,,,,,,Bright sun,1483400,0,0,0,2,,,0,,,,,,Hawke's Bay Region,Nil,2-way,Sealed,,0,0,,50,,Null,1,0,,30,Hastings District,Traffic Signals,,,,,0,0,Urban,0,,,Fine,Null
1759983,5915666,16267,,519400,0,,0,2,,Null,2009/2010,GREAT SOUTH ROAD,PURIRI AVENUE,,Non-Injury Crash,No,2009,,North,,0,,Flat,,,,,,Bright sun,617000,0,0,0,2,,,0,,,,,,Auckland Region,Nil,2-way,Sealed,,0,0,,50,,Off,0,0,,76,Auckland,Nil,,,,,0,0,Urban,0,,,Fine,Null
1761181,5435918,16268,,568601,0,0,0,2,0,East,2009/2010,Z CPK AMBULANCE BASE,OXFORD TCE/OXFORD SLIP,,Non-Injury Crash,No,2009,0,East,0,0,0,Flat,0,,0,,0,Bright sun,1970700,0,0,0,0,0,0,0,0,1,,0,0,Wellington Region,Nil,Off road,Sealed,0,0,0,0,50,0,Null,0,0,,46,Lower Hutt City,Nil,0,0,0,0,0,0,Urban,0,0,0,Fine,Null
1764703,5440252,16269,,568201,0,0,0,1,0,Null,2009/2010,PARTRIDGE ST,BIDDLE CRESCENT,,Non-Injury Crash,No,2009,0,East,0,0,1,Flat,0,,0,,0,Dark,1940600,0,0,0,2,0,0,0,0,0,,0,0,Wellington Region,Nil,2-way,Sealed,0,0,0,0,50,0,On,0,0,,46,Lower Hutt City,Nil,0,0,0,0,0,0,Urban,0,0,0,Fine,Null
1820676,5527968,16270,,563000,0,,0,1,,Null,2009/2010,BOTANICAL ROAD,COLLEGE ST,,Non-Injury Crash,No,2009,,West,,0,,Flat,,,,,,Overcast,1806700,0,0,0,2,,,0,,,,,,Manawatū-Whanganui Region,Nil,2-way,Sealed,,0,0,,50,,Null,0,0,,40,Palmerston North City,Traffic Signals,,,,,0,0,Urban,1,,,Light rain,Null
1930066,5604260,16271,,548200,0,,0,2,,North,2008/2009,WILLOWPARK ROAD SOUTH,MADDISON ST,,Non-Injury Crash,No,2009,,South,,0,,Flat,,,,,,Bright sun,1493700,0,0,0,2,,,0,,,,,,Hawke's Bay Region,Nil,2-way,Sealed,,0,0,,50,,Null,0,0,,30,Hastings District,Nil,,,,,0,0,Urban,0,,,Fine,Null
1935701,5619161,16272,,546700,0,0,0,1,0,Null,2009/2010,BRIGHT CRESCENT,NASH ST,,Non-Injury Crash,No,2009,0,South,0,0,0,Flat,0,,0,,0,Bright sun,1446000,0,0,0,2,0,0,0,0,0,,0,0,Hawke's Bay Region,Nil,2-way,Sealed,0,0,0,0,50,0,Null,0,0,,31,Napier City,Nil,0,0,0,1,0,0,Urban,1,0,0,Fine,Null
1929657,5605330,16273,,548200,0,,0,2,,Null,2009/2010,NELSON ST NORTH,QUEEN ST WEST,,Non-Injury Crash,No,2009,,South,,0,,Flat,,,,,,Bright sun,1490800,0,0,0,2,,,0,,,,,,Hawke's Bay Region,Nil,2-way,Sealed,,0,0,,50,,Null,0,0,,30,Hastings District,Give way,,,,,0,0,Urban,1,,,Fine,Null
1568015,5177714,16274,,594800,0,,0,2,,East,2009/2010,LYTTELTON ST,EDINBURGH ST,,Non-Injury Crash,No,2009,,East,,0,,Flat,,,,,,Overcast,2640000,0,0,0,2,,,0,,,,,,Canterbury Region,Nil,2-way,Sealed,,0,0,,50,,Null,0,0,,60,Christchurch City,Unknown,,,,,0,0,Urban,0,,,Light rain,Null
1336508,4874573,16275,75,607300,0,,0,1,,Null,2008/2009,SH 1S,MILL ROAD,,Non-Injury Crash,Yes,2009,,East,,0,,Hill Road,,,,,,Bright sun,3001900,0,0,0,2,,,0,,,,,,Otago Region,Nil,2-way,Sealed,,0,0,,100,,Null,1,0,,72,Clutha District,Stop,,,,,0,0,Open,0,,,Fine,Null
1395692,4913011,16276,,602422,0,0,0,0,0,South,2008/2009,SADDLE HILL ROAD,COALSTAGE ROAD,,Non-Injury Crash,No,2009,0,East,0,0,1,Hill Road,0,,0,,0,Overcast,2976600,0,0,0,2,0,0,0,0,0,,0,0,Otago Region,Nil,2-way,Sealed,0,0,0,0,80,0,Null,1,0,,71,Dunedin City,Unknown,0,0,0,0,0,0,Open,0,0,0,Fine,Null
1763102,5907152,16277,,524301,0,,0,2,,Null,2009/2010,HAIN AVENUE,WEDGWOOD AVENUE,,Non-Injury Crash,No,2009,,South,,0,,Flat,,,,,,Bright sun,746500,0,0,0,2,,,0,,,,,,Auckland Region,Nil,2-way,Sealed,,0,0,,50,,Off,0,0,,76,Auckland,Give way,,,,,0,0,Urban,0,,,Fine,Null
1763438,5910622,16278,,521901,0,,0,3,,Null,2009/2010,PORTAGE ROAD,SALEYARDS ROAD,,Non-Injury Crash,No,2009,,West,,0,,Flat,,,,,,Overcast,781900,0,0,0,2,,,0,,,,,,Auckland Region,Nil,2-way,Sealed,,0,0,,50,,Null,0,0,,76,Auckland,Stop,,,,,0,0,Urban,0,,,Heavy rain,Null
1404822,4918044,16279,,603910,0,0,0,0,0,North,2008/2009,JELLICOE CRESCENT N,NAIRN ST,,Non-Injury Crash,No,2009,0,North,0,0,0,Hill Road,0,,0,,0,Overcast,2885200,0,0,0,2,0,0,0,0,0,,0,1,Otago Region,Nil,2-way,Sealed,0,0,0,0,50,0,Null,1,0,,71,Dunedin City,Unknown,0,0,0,0,0,0,Urban,0,0,0,Fine,Null
1757481,5926208,16280,,507900,0,,0,2,,Null,2009/2010,ESMONDE ROAD,FRED THOMAS DRIVE,,Non-Injury Crash,No,2009,,West,,0,,Flat,,Christmas New Year,,,,Bright sun,304000,0,0,0,3,,,0,,,,,,,Nil,1-way,Sealed,,0,0,,50,,Null,0,0,,76,Auckland,Traffic Signals,,,,,0,0,Urban,1,,,Fine,Null
1275444,4862705,16281,,609700,0,,0,0,,Null,2008/2009,SH 1S,FERRY ROAD,,Non-Injury Crash,Yes,2009,,South,,0,,Flat,,,,,,Bright sun,3165600,0,0,1,2,,,0,,,,,,Southland Region,Rail xing,2-way,Sealed,,0,0,,50,,Null,0,0,,73,Southland District,Give way,,,,,0,0,Urban,0,,,Fine,Null
1771296,5910226,16282,,523114,0,0,0,1,0,Null,2009/2010,MOYRUS CRESCENT,DAIRYLAND DRIVE N,,Non-Injury Crash,No,2009,0,South,0,0,0,Hill Road,0,,0,,0,Dark,712031,0,0,0,2,0,0,0,0,0,,0,0,Auckland Region,Nil,2-way,Sealed,0,0,0,0,50,0,On,0,0,,76,Auckland,Nil,0,0,0,1,0,0,Urban,0,0,0,Fine,Null
1722728,5604891,16283,,554400,0,0,0,1,1,South,2009/2010,SH 3,BALL ROAD,,Non-Injury Crash,Yes,2009,0,South,0,0,0,Hill Road,0,,0,,0,Dark,1665200,0,0,0,2,0,0,0,0,0,,0,0,Taranaki Region,Nil,2-way,Sealed,0,0,0,0,100,0,None,0,0,,35,South Taranaki District,Nil,0,0,0,0,0,0,Open,0,0,0,Light rain,Strong wind
1406360,4917895,16284,,603100,0,0,0,2,0,South,2009/2010,HERIOT ROW,PITT ST,,Non-Injury Crash,No,2009,0,North,0,0,0,Flat,0,,0,,0,Bright sun,2903900,0,0,0,2,0,0,0,0,1,,0,0,Otago Region,Nil,2-way,Sealed,0,0,0,0,50,0,Null,0,0,,71,Dunedin City,Unknown,0,0,0,0,0,0,Urban,0,0,0,Fine,Null
1793762,5517221,16285,,561700,0,,0,1,,Null,2008/2009,SH 1N,WHYTE ST,,Non-Injury Crash,Yes,2009,,South,,0,,Flat,,,,,,Bright sun,1781601,0,0,0,2,,,0,,,,,,Manawatū-Whanganui Region,Nil,2-way,Sealed,,0,0,,50,,Null,0,0,,42,Horowhenua District,Stop,,,,,0,0,Urban,1,,,Fine,Null
1765509,5917171,16286,,517001,0,,0,2,,North,2009/2010,LINE ROAD,TANIWHA ST,,Non-Injury Crash,No,2009,,West,,0,,Flat,,,,,,Bright sun,475701,0,0,0,2,,,0,,,,,,Auckland Region,Nil,2-way,Sealed,,0,0,,50,,Off,0,0,,76,Auckland,Nil,,,,,0,0,Urban,0,,,Fine,Null
1864444,5544797,16287,,550102,0,0,0,1,0,Null,2009/2010,CHRISTIAN ST,THYRA ST,,Non-Injury Crash,No,2009,0,South,0,0,1,Flat,0,,0,,0,Dark,1533500,0,0,0,2,0,0,0,0,0,,0,1,Manawatū-Whanganui Region,Nil,2-way,Sealed,0,0,0,0,50,0,On,0,0,,41,Tararua District,Give way,0,0,0,0,0,0,Urban,0,0,0,Fine,Null
1824657,5627818,16288,,554900,0,,0,1,,East,2008/2009,SH 49,TURAKINA VALLEY ROAD,,Non-Injury Crash,Yes,2009,,East,,0,,Flat,,,,,,Overcast,1673301,0,0,0,2,,,0,,,,,,Manawatū-Whanganui Region,Nil,2-way,Sealed,,0,0,,100,,Null,1,0,,36,Ruapehu District,Nil,,,,,0,0,Open,0,,,Fine,Null
1782077,5485544,16289,,564400,0,0,0,2,0,South,2008/2009,SH 1N,RAHUI ROAD,,Non-Injury Crash,Yes,2009,0,South,0,0,0,Flat,0,,0,,0,Overcast,1879300,0,0,0,2,0,0,0,0,0,,0,0,Wellington Region,Nil,2-way,Sealed,0,0,0,0,50,0,Null,0,0,,43,Kapiti Coast District,Nil,0,0,0,0,0,0,Urban,0,1,0,Fine,Null
1759444,5446641,16290,,565602,0,0,0,1,0,Null,2008/2009,DISCOVERY DRIVE,BARQUE CRESCENT,,Non-Injury Crash,No,2009,0,East,0,0,1,Hill Road,0,Easter,0,,0,Twilight,2072519,0,0,0,2,0,0,0,0,0,,0,0,Wellington Region,Nil,2-way,Sealed,0,0,0,0,50,0,On,0,0,,44,Porirua City,Nil,0,0,0,0,0,0,Urban,0,0,0,Fine,Null
1719475,6047734,16291,,502600,0,,0,2,,Null,2009/2010,MAINS AVENUE,KAMO ROAD,,Non-Injury Crash,No,2009,,East,,0,,Flat,,,,,,Bright sun,95100,0,0,0,2,,,0,,,,,,Northland Region,Nil,2-way,Sealed,,0,0,,50,,Off,0,0,,2,Whangarei District,Give way,,,,,0,0,Urban,0,,,Fine,Null
1759660,5436225,16292,,569100,0,,0,2,,Null,2008/2009,QUEENS DRIVE,BUNNY ST,,Non-Injury Crash,No,2009,,South,,0,,Flat,,Queens Birthday,,,,Overcast,1965300,0,0,0,2,,,0,,,,,,Wellington Region,Nil,2-way,Sealed,,0,0,,50,,Null,0,0,,46,Lower Hutt City,Traffic Signals,,,,,0,0,Urban,0,,,Light rain,Null
1903794,5567594,16293,,549200,0,0,0,0,0,West,2009/2010,LINDSAY ROAD,SH 2,,Non-Injury Crash,No,2009,0,West,0,0,0,Flat,0,,0,,0,Dark,1511700,0,0,0,2,0,0,0,0,0,,0,0,Hawke's Bay Region,Rail xing,2-way,Sealed,0,0,0,0,100,0,None,0,0,,32,Central Hawke's Bay District,Stop,0,0,1,0,0,0,Open,1,0,0,Fine,Null
1771410,5895769,16294,,525540,0,0,0,1,0,South,2009/2010,BARNHILL CRESCENT,LAKESIDE DRIVE,,Non-Injury Crash,No,2009,0,North,0,0,0,Flat,0,,0,,0,Bright sun,806208,0,0,0,2,0,0,0,0,1,,0,0,Auckland Region,Nil,2-way,Sealed,0,0,0,0,50,0,Off,1,0,,76,Auckland,Nil,0,0,0,0,0,0,Urban,0,0,0,Fine,Null
1403238,4913402,16295,,605920,0,0,0,1,0,Null,2008/2009,ORR ST,MULFORD ST,,Non-Injury Crash,No,2009,0,North,0,0,1,Hill Road,0,,0,,0,Overcast,2955501,0,0,0,2,0,0,0,0,0,,0,1,Otago Region,Nil,2-way,Sealed,0,0,0,0,50,0,Null,0,0,,71,Dunedin City,Nil,0,0,0,0,0,0,Urban,0,0,0,Fine,Null
1763016,5909159,16296,,524402,0,0,0,0,0,Null,2009/2010,KAKA ST,TUI ST,,Non-Injury Crash,No,2009,0,East,0,0,1,Flat,0,,0,,0,Dark,749800,0,0,0,2,0,0,0,0,0,,0,0,Auckland Region,Nil,2-way,Sealed,0,0,0,0,50,0,On,1,0,,76,Auckland,Nil,0,1,0,0,0,0,Urban,0,0,0,Fine,Null
1822109,5529638,16297,,562800,0,,0,2,,Null,2008/2009,MAIN ST,SH 3,,Non-Injury Crash,Yes,2009,,North,,0,,Flat,,,,,,Bright sun,1829200,0,0,0,2,,,0,,,,,,Manawatū-Whanganui Region,Nil,2-way,Sealed,,0,0,,50,,Null,0,0,,40,Palmerston North City,Traffic Signals,,,,,0,0,Urban,0,,,Fine,Null
1768862,5468851,16298,,566000,1,,0,1,,West,2009/2010,KAPITI ROAD,RIMU ROAD,,Non-Injury Crash,No,2009,,East,,0,,Flat,,,,,,Bright sun,2003709,0,0,0,2,,,0,,,,,,Wellington Region,Nil,2-way,Sealed,,0,0,,50,,Null,0,0,,43,Kapiti Coast District,Nil,,,,,0,0,Urban,0,,,Fine,Null
1765009,5914901,16299,,520301,0,,0,1,,Null,2008/2009,JELLICOE ROAD,PLEASANT VIEW ROAD,,Non-Injury Crash,No,2009,,South,,0,,Flat,,,,,,Bright sun,628002,0,0,0,4,,,0,,,,,,Auckland Region,Nil,2-way,Sealed,,0,0,,50,,Off,0,0,,76,Auckland,Nil,,,,,0,0,Urban,1,,,Fine,Null
1877881,5822541,16300,,538101,0,0,0,1,0,South,2009/2010,EDGECUMBE ROAD,FOURTEENTH AVENUE,,Non-Injury Crash,No,2009,0,South,0,0,1,Flat,0,,0,,0,Dark,1167900,0,0,0,2,0,1,0,0,0,,0,0,Bay of Plenty Region,Nil,2-way,Sealed,0,0,0,0,50,0,On,0,0,,23,Tauranga City,Nil,0,0,0,0,0,0,Urban,0,0,0,Fine,Null
1754701,5444396,16301,,570800,0,0,1,1,0,South,2008/2009,STATION ROAD,LYTTELTON AVENUE,,Non-Injury Crash,No,2009,0,South,0,0,0,Flat,0,,0,,0,Overcast,2052500,0,0,0,1,0,0,0,0,0,,0,0,Wellington Region,Nil,1-way,Sealed,0,0,0,0,50,0,Null,0,0,,44,Porirua City,Nil,0,0,0,0,0,0,Urban,0,1,0,Fine,Null
1746627,5926019,16302,,513431,0,,0,1,,Null,2009/2010,HOBSONVILLE ROAD,BRIGHAM CREEK ROAD,,Non-Injury Crash,No,2009,,North,,0,,Flat,,,,,,Dark,223802,0,0,0,2,,,0,,,,,,Auckland Region,Nil,2-way,Sealed,,0,0,,50,,On,1,0,,76,Auckland,Nil,,,,,0,0,Urban,0,,,Fine,Null
1710108,5617197,16303,,554010,0,0,0,1,0,South,2008/2009,UNION ST,NELSON ST,,Non-Injury Crash,No,2009,0,South,0,0,0,Flat,0,,0,,0,Bright sun,1648000,0,0,0,2,0,0,0,0,1,,0,0,Taranaki Region,Nil,2-way,Sealed,0,0,0,0,50,0,Null,0,0,,35,South Taranaki District,Nil,0,0,0,0,1,0,Urban,0,0,0,Fine,Null
1766553,5905945,16304,,522302,0,,0,2,,Null,2009/2010,GREAT SOUTH ROAD,CARLIE ST,,Non-Injury Crash,No,2009,,East,,0,,Flat,,,,,,Bright sun,669200,0,0,0,2,,,0,,,,,,Auckland Region,Nil,2-way,Sealed,,0,0,,50,,Off,0,0,,76,Auckland,Stop,,,,,0,0,Urban,0,,,Fine,Null
1774491,5445605,16305,,567000,0,0,0,2,0,North,2008/2009,HENRY ST,FERGUSSON DRIVE,,Non-Injury Crash,No,2009,0,North,0,0,1,Flat,0,,0,,0,Twilight,1908500,0,0,0,2,0,0,0,0,1,,0,0,Wellington Region,Nil,2-way,Sealed,0,0,0,0,50,0,Off,0,0,,45,Upper Hutt City,Nil,0,0,0,0,0,0,Urban,0,0,0,Fine,Null
1759295,5436628,16306,,569301,0,0,0,1,0,South,2009/2010,SH 2,MELLING LINK,,Non-Injury Crash,Yes,2009,0,North,0,0,0,Flat,1,,0,,0,Bright sun,1919900,0,0,0,2,0,0,0,0,0,,0,0,Wellington Region,Nil,2-way,Sealed,0,0,0,0,100,0,Null,0,0,,46,Lower Hutt City,Nil,0,0,0,0,0,0,Open,0,0,0,Fine,Null