X,Y,OBJECTID,advisorySpeed,areaUnitID,bicycle,bridge,bus,carStationWagon,cliffBank,crashDirectionDescription,crashFinancialYear,crashLocation1,crashLocation2,crashRoadSideRoad,crashSeverity,crashSHDescription,crashYear,debris,directionRoleDescription,ditch,fatalCount,fence,flatHill,guardRail,holiday,houseOrBuilding,intersection,kerb,light,meshblockId,minorInjuryCount,moped,motorcycle,NumberOfLanes,objectThrownOrDropped,otherObject,otherVehicleType,overBank,parkedVehicle,pedestrian,phoneBoxEtc,postOrPole,region,roadCharacter,roadLane,roadSurface,roadworks,schoolBus,seriousInjuryCount,slipOrFlood,speedLimit,strayAnimal,streetLight,suv,taxi,temporarySpeedLimit,tlaId,tlaName,trafficControl,trafficIsland,trafficSign,train,tree,truck,unknownVehicleType,urban,vanOrUtility,vehicle,waterRiver,weatherA,weatherB
1758128,5915593,16307,,515801,0,,0,2,,Null,2008/2009,MANUKAU ROAD,QUEEN MARY AVENUE,,Non-Injury Crash,No,2009,,North,,0,,Flat,,,,,,Bright sun,447300,0,0,0,4,,,0,,,,,,Auckland Region,Nil,2-way,Sealed,,0,0,,50,,Off,0,0,,76,Auckland,Give way,,,,,0,0,Urban,0,,,Fine,Null
1790660,5840046,16308,,527402,0,,0,2,,South,2009/2010,SH 1N,TAINUI BRIDGE ROAD,,Non-Injury Crash,Yes,2009,,North,,0,,Flat,,,,,,Overcast,947100,0,0,0,2,,,0,,,,,,Waikato Region,Nil,2-way,Sealed,,0,0,,50,,Null,0,0,,13,Waikato District,Traffic Signals,,,,,0,0,Urban,0,,,Null,Null
1801795,5553567,16309,,559230,0,0,0,1,0,South,2008/2009,SH 3,TENNANTS ROAD,,Non-Injury Crash,Yes,2009,0,West,0,0,1,Hill Road,0,,0,,0,Bright sun,1740700,0,0,0,2,0,0,0,0,0,,0,0,Manawatū-Whanganui Region,Nil,2-way,Sealed,0,0,0,0,100,0,Null,0,0,,38,Rangitikei District,Nil,0,0,0,0,0,0,Open,0,0,0,Fine,Null
1821937,5529072,16310,,562800,0,,0,2,,Null,2008/2009,FITZHERBERT AVENUE,FERGUSON ST,,Non-Injury Crash,No,2009,,North,,0,,Flat,,,,,,Overcast,1828700,0,0,0,4,,,0,,,,,,Manawatū-Whanganui Region,Nil,2-way,Sealed,,0,0,,50,,Null,0,0,,40,Palmerston North City,Traffic Signals,,,,,0,0,Urban,0,,,Fine,Null
1779808,5577004,16311,65,558300,0,0,0,1,0,East,2008/2009,NO 2 LINE,BURTTS ROAD,,Non-Injury Crash,No,2009,0,South,0,0,1,Flat,0,,0,,0,Bright sun,1686700,0,0,0,2,0,0,0,1,0,,0,0,Manawatū-Whanganui Region,Nil,2-way,Sealed,0,0,0,0,100,0,Null,0,0,,37,Whanganui District,Nil,0,0,0,0,0,0,Open,0,0,0,Fine,Null
1571815,5180646,16312,,593501,0,,0,2,,West,2008/2009,AVONSIDE DRIVE,FITZGERALD AVENUE,,Non-Injury Crash,No,2009,,West,,0,,Flat,,,,,,Dark,2610800,0,0,0,2,,,0,,,,,,Canterbury Region,Nil,2-way,Sealed,,0,0,,50,,On,0,0,,60,Christchurch City,Unknown,,,,,0,0,Urban,0,,,Fine,Null
1750820,5934694,16313,,508701,0,0,0,1,0,Null,2009/2010,DAIRY FLAT HIGHWAY,STEVENSONS CRESCENT,,Non-Injury Crash,No,2009,0,West,0,0,1,Hill Road,1,,0,,0,Dark,178402,0,0,0,2,0,0,0,0,0,,0,0,Auckland Region,Nil,2-way,Sealed,0,0,0,0,80,0,On,0,0,,76,Auckland,Nil,1,0,0,0,0,0,Open,0,0,0,Fine,Null
1753781,5914155,16314,,518801,0,0,0,1,0,East,2009/2010,ERNIE PINCHES ST,ALLISON ST,,Non-Injury Crash,No,2009,0,South,0,0,0,Flat,0,,0,,0,Dark,578600,0,0,0,2,0,0,0,0,0,,0,1,Auckland Region,Nil,2-way,Sealed,0,0,0,0,50,0,On,0,0,,76,Auckland,Nil,0,0,0,0,0,0,Urban,0,0,0,Fine,Null
1765460,5440924,16315,,568201,0,,0,1,,Null,2008/2009,EASTERN HUTT ROAD,HIGH ST,,Non-Injury Crash,No,2009,,North,,0,,Flat,,,,,,Bright sun,1935000,0,0,0,2,,,0,,,,,,Wellington Region,Nil,2-way,Sealed,,0,0,,70,,Null,0,0,,46,Lower Hutt City,Give way,,,,,0,0,Urban,1,,,Fine,Null
1771159,5445609,16316,,567500,0,,0,1,,Null,2009/2010,SH 2,MOONSHINE ROAD,,Non-Injury Crash,Yes,2009,,North,,0,,Flat,,,,,,Bright sun,1888200,0,0,1,2,,,0,,,,,,Wellington Region,Nil,2-way,Sealed,,0,0,,50,,Null,0,0,,45,Upper Hutt City,Give way,,,,,0,0,Urban,0,,,Fine,Null
1763668,5429177,16317,,565300,0,0,0,1,0,Null,2008/2009,MAIN ROAD,MOORES VALLEY ROAD,,Non-Injury Crash,No,2009,0,South,0,0,0,Flat,0,,1,,0,Dark,2024000,0,0,0,2,0,0,0,0,0,,0,0,Wellington Region,Nil,2-way,Sealed,0,0,0,0,50,0,On,0,0,,46,Lower Hutt City,Give way,0,1,0,0,0,0,Urban,0,0,0,Fine,Null
1623179,5429681,16318,,582800,0,,0,0,,South,2009/2010,WAIMEA ROAD,VAN DIEMEN ST,,Non-Injury Crash,No,2009,,South,,0,,Hill Road,,,,,,Bright sun,2322400,0,0,0,2,,,0,,,,,,Nelson Region,Nil,2-way,Sealed,,0,0,,50,,Null,2,0,,52,Nelson City,Nil,,,,,0,0,Urban,0,,,Fine,Null
1817786,5871390,16319,,533901,0,0,0,0,0,East,2009/2010,SH 2,POUARUA ROAD SOUTH,,Non-Injury Crash,Yes,2009,0,East,0,0,0,Flat,0,,0,,0,Dark,1063200,0,0,0,2,0,0,0,0,0,,0,0,Waikato Region,Nil,2-way,Sealed,0,0,0,0,100,0,None,0,0,,12,Hauraki District,Unknown,0,0,0,0,1,0,Open,0,0,0,Fine,Null
1725554,6030700,16320,,501811,0,,0,1,,East,2009/2010,SH 1N,COTTON ROAD,,Non-Injury Crash,Yes,2009,,West,,0,,Flat,,,,,,Dark,78304,0,0,0,2,,,0,,,,,,Northland Region,Nil,2-way,Sealed,,0,0,,100,,None,0,0,,2,Whangarei District,Nil,,,,,0,0,Open,0,,,Fine,Null
1930201,5605043,16321,,548200,0,,0,1,,North,2008/2009,KARAMU ROAD NORTH,ST AUBYN ST EAST,,Non-Injury Crash,No,2009,,South,,0,,Flat,,,,,,Bright sun,1494100,0,0,0,2,,,0,,,,,,Hawke's Bay Region,Nil,2-way,Sealed,,0,0,,50,,Null,1,0,,30,Hastings District,Nil,,,,,0,0,Urban,0,,,Fine,Null
1755466,5444069,16322,,570900,0,,0,2,,West,2009/2010,MUNGAVIN AVENUE,GEAR TERRACE,,Non-Injury Crash,No,2009,,East,,0,,Flat,,,,,,Bright sun,2054700,0,0,0,2,,,0,,,,,,Wellington Region,Nil,2-way,Sealed,,0,0,,50,,Null,0,0,,44,Porirua City,Nil,,,,,0,0,Urban,0,,,Fine,Null
1757224,5918974,16323,,514301,0,,0,1,,North,2009/2010,SH 1N,GRAFTON OBR,,Non-Injury Crash,Yes,2009,,North,,0,,Flat,,,,,,Bright sun,441200,0,0,0,3,,,0,,,,,,Auckland Region,Nil,1-way,Sealed,,0,0,,80,,Off,0,0,,76,Auckland,Nil,,,,,1,0,Open,0,,,Fine,Null
1773388,5891869,16324,,521301,0,1,0,1,0,West,2009/2010,NORRIE ROAD,GREAT SOUTH ROAD,,Non-Injury Crash,No,2009,0,West,0,0,0,Flat,0,,0,,0,Overcast,808701,0,0,0,1,0,0,0,0,0,,0,0,Auckland Region,Bridge,2-way,Sealed,0,0,0,0,50,0,None,0,0,,76,Auckland,Nil,0,0,0,0,0,0,Urban,0,0,0,Light rain,Null
1765951,5900702,16325,,524711,0,,0,2,,North,2009/2010,ROSCOMMON ROAD,WORDSWORTH ROAD,,Non-Injury Crash,No,2009,,South,,0,,Flat,,,,,,Bright sun,774505,0,0,0,2,,,0,,,,,,Auckland Region,Nil,2-way,Sealed,,0,0,,50,,Off,0,0,,76,Auckland,Nil,,,,,0,0,Urban,0,,,Fine,Null
1748946,5428567,16326,,573000,1,0,0,0,0,North,2008/2009,FEATHERSTON ST,WHITMORE ST,,Non-Injury Crash,No,2009,0,South,0,0,0,Flat,0,,0,,0,Twilight,2124300,0,0,0,3,0,0,0,0,0,,0,0,Wellington Region,Nil,1-way,Sealed,0,0,0,0,50,0,Off,0,0,,47,Wellington City,Nil,0,0,0,0,0,0,Urban,1,1,0,Fine,Null
1759854,5436566,16327,,569100,0,,0,1,,Null,2009/2010,RUTHERFORD ST,QUEENS DRIVE,,Non-Injury Crash,No,2009,,South,,0,,Flat,,,,,,Bright sun,1967200,0,0,0,2,,,0,,,,,,Wellington Region,Nil,2-way,Sealed,,0,0,,50,,Null,0,0,,46,Lower Hutt City,Give way,,,,,0,0,Urban,0,,,Fine,Null
1836881,5859731,16328,,534300,0,,0,1,,South,2009/2010,SH 26,BENNETT ST,,Non-Injury Crash,Yes,2009,,North,,0,,Flat,,,,,,Dark,1073400,0,0,0,2,,,0,,,,,,Waikato Region,Nil,2-way,Sealed,,0,0,,50,,On,0,0,,12,Hauraki District,Unknown,,,,,0,0,Urban,1,,,Fine,Null
1750292,5949445,16329,,505805,0,0,0,1,0,West,2009/2010,GRAND DRIVE,GROVENOR DRIVE,,Non-Injury Crash,No,2009,0,East,0,0,0,Flat,0,,0,,0,Dark,171704,0,0,0,2,0,0,0,0,0,,0,0,Auckland Region,Nil,2-way,Sealed,0,0,0,0,50,0,On,0,0,,76,Auckland,Unknown,0,1,0,0,0,0,Urban,0,0,0,Light rain,Null
1927091,5616884,16330,,545821,0,0,0,1,0,South,2009/2010,SPRINGFIELD ROAD,PUKETAPU ROAD,,Non-Injury Crash,No,2009,0,North,0,0,0,Flat,0,,0,,0,Overcast,1411000,0,0,0,2,0,0,0,0,0,,0,1,Hawke's Bay Region,Nil,2-way,Sealed,0,0,0,0,100,0,Null,0,0,,30,Hastings District,Nil,0,0,0,0,0,0,Open,0,0,0,Light rain,Null
1754781,5974968,16331,,506661,0,0,0,0,0,South,2009/2010,TONGUE FARM ROAD,LEIGH ROAD,,Non-Injury Crash,No,2009,0,East,1,0,0,Flat,0,,0,,0,Bright sun,138300,0,0,0,1,0,0,0,0,0,,0,0,Auckland Region,Nil,2-way,Unsealed,0,0,0,0,100,0,None,0,0,,76,Auckland,Nil,0,0,0,0,0,0,Open,1,0,0,Fine,Null
1765519,5887095,16332,,521122,0,,0,1,,Null,2009/2010,GLENBROOK ROAD,OSTRICH ROAD,,Non-Injury Crash,No,2009,,West,,0,,Flat,,,,,,Overcast,809900,0,0,0,2,,,0,,,,,,Auckland Region,Nil,2-way,Sealed,,0,0,,100,,Null,0,0,,76,Auckland,Give way,,,,,1,0,Open,0,,,Heavy rain,Null
1770525,5439016,16333,,567902,0,0,0,0,1,North,2009/2010,BLUE MOUNTAINS ROAD,JOHNSONS ROAD,,Non-Injury Crash,No,2009,0,North,0,0,0,Flat,0,,0,,0,Bright sun,1901300,0,0,0,2,0,0,0,0,0,,0,0,Wellington Region,Nil,2-way,Sealed,0,0,0,0,100,0,Null,1,0,,45,Upper Hutt City,Nil,0,0,0,0,0,0,Open,0,0,0,Fine,Null
1766836,5468216,16334,,566101,0,0,0,2,0,South,2009/2010,MARGARET ROAD,RAUMATI ROAD,,Non-Injury Crash,No,2009,0,North,0,0,0,Flat,0,,0,,0,Overcast,2005400,0,0,0,2,0,0,0,0,1,,0,0,Wellington Region,Nil,2-way,Sealed,0,0,0,0,50,0,Null,0,0,,43,Kapiti Coast District,Nil,0,0,0,0,0,0,Urban,0,0,0,Fine,Null
1759662,5446999,16335,,565602,0,,0,2,,Null,2009/2010,JAMES COOK DRIVE,SAILMAKER CLOSE,,Non-Injury Crash,No,2009,,North,,0,,Hill Road,,,,,,Dark,2072534,0,0,0,2,,,0,,,,,,Wellington Region,Nil,2-way,Sealed,,0,0,,50,,On,0,0,,44,Porirua City,Nil,,,,,0,0,Urban,0,,,Fine,Null
1527154,5177629,16336,,587010,0,0,0,1,0,West,2008/2009,BEALEY ROAD,CLINTONS ROAD,,Non-Injury Crash,No,2009,0,East,0,0,0,Flat,0,,0,,0,Dark,2466600,0,0,0,2,0,0,0,0,0,,0,0,Canterbury Region,Nil,2-way,Sealed,0,0,0,0,100,0,None,0,0,,62,Selwyn District,Unknown,0,0,0,0,0,0,Open,0,0,0,Fine,Null
1720377,5607966,16337,,554400,0,0,0,1,1,South,2008/2009,SH 3,MUGGERIDGE ROAD,,Non-Injury Crash,Yes,2009,0,South,0,0,0,Hill Road,0,,0,,0,Overcast,1664900,0,0,0,2,0,0,0,0,0,,0,0,Taranaki Region,Nil,2-way,Sealed,0,0,0,0,100,0,Null,0,0,,35,South Taranaki District,Nil,0,0,0,0,0,0,Open,0,0,0,Heavy rain,Null
1753836,5443071,16338,,570800,0,,0,2,,Null,2009/2010,KENEPURU DRIVE,RAIHA ST,,Non-Injury Crash,No,2009,,East,,0,,Flat,,,,,,Bright sun,2053105,0,0,0,2,,,0,,,,,,Wellington Region,Nil,2-way,Sealed,,0,0,,50,,Null,0,0,,44,Porirua City,Give way,,,,,0,0,Urban,0,,,Fine,Null
1567488,5180792,16339,,589500,0,0,0,0,0,East,2008/2009,KAHU ROAD,TUI ST,,Non-Injury Crash,No,2009,0,West,0,0,0,Flat,0,,0,,0,Dark,2545300,0,0,0,2,0,0,0,0,0,,0,1,Canterbury Region,Nil,2-way,Sealed,0,0,0,0,50,0,On,0,0,,60,Christchurch City,Unknown,0,0,0,0,0,0,Urban,1,0,0,Fine,Null
1877179,5821494,16340,,538102,0,,0,2,,North,2009/2010,CAMERON ROAD,TWENTYTHIRD AVENUE,,Non-Injury Crash,No,2009,,South,,0,,Flat,,,,,,Overcast,1170002,0,0,0,2,,,0,,,,,,Bay of Plenty Region,Nil,2-way,Sealed,,0,0,,60,,Null,0,0,,23,Tauranga City,Unknown,,,,,0,0,Urban,0,,,Fine,Null
1620803,5426395,16341,,583700,0,0,0,1,0,South,2009/2010,PANORAMA DRIVE,THE RIDGEWAY,,Non-Injury Crash,No,2009,0,North,0,0,0,Hill Road,0,,0,,0,Bright sun,2340201,0,0,0,2,0,0,0,0,1,,0,0,Nelson Region,Nil,2-way,Sealed,0,0,0,0,50,0,Null,0,0,,52,Nelson City,Nil,0,0,0,0,1,0,Urban,0,0,0,Fine,Null
1936545,5621440,16342,,546802,0,,0,1,,Null,2009/2010,TENNYSON ST,MILTON ROAD,,Non-Injury Crash,No,2009,,East,,0,,Flat,,,,,,Bright sun,1423600,0,0,0,2,,,0,,,,,,Hawke's Bay Region,Nil,2-way,Sealed,,0,0,,50,,Null,0,0,,31,Napier City,Traffic Signals,,,,,0,0,Urban,1,,,Fine,Null
2001781,5667860,16343,,545302,0,0,0,1,0,East,2009/2010,SH 2,OPOHO BR,,Non-Injury Crash,Yes,2009,0,West,0,0,0,Flat,0,Labour Weekend,0,,0,Dark,1398400,0,0,0,2,0,0,0,0,0,,0,0,Hawke's Bay Region,Nil,2-way,Sealed,0,0,0,0,100,0,None,0,0,,29,Wairoa District,Nil,0,0,0,0,0,0,Open,0,0,0,Fine,Null
1725607,5685638,16344,,550700,0,0,0,0,0,West,2009/2010,PUKEARUHE ROAD,SH 3,,Non-Injury Crash,No,2009,0,South,1,0,0,Hill Road,0,,0,,0,Overcast,1551600,0,0,0,2,0,0,0,0,0,,0,0,Taranaki Region,Nil,2-way,Sealed,0,0,0,0,100,0,Null,0,0,,33,New Plymouth District,Nil,0,0,0,0,1,0,Open,0,0,0,Light rain,Null
1932465,5617423,16345,,545631,0,0,0,1,0,North,2008/2009,SH 50,MEEANEE OFF SBD,,Non-Injury Crash,Yes,2009,0,South,0,0,0,Flat,0,,0,,0,Dark,1402000,0,0,0,2,0,0,0,0,0,,1,0,Hawke's Bay Region,Nil,2-way,Sealed,0,0,0,0,100,0,None,0,0,,31,Napier City,Nil,0,0,0,0,0,0,Open,0,0,0,Fine,Null
1821472,5462574,16346,,578901,0,0,0,0,0,South,2009/2010,FLEET ST,YORK ST,,Non-Injury Crash,No,2009,0,North,0,0,0,Flat,0,,0,,0,Dark,2231400,0,0,1,2,0,0,0,0,0,,0,0,Wellington Region,Nil,2-way,Sealed,0,0,0,0,100,0,On,0,0,,48,Masterton District,Nil,0,0,0,0,0,0,Open,0,0,0,Light rain,Null
1776203,5447487,16347,,566620,0,0,0,2,0,Null,2009/2010,SH 2,AKATARAWA ROAD,,Non-Injury Crash,Yes,2009,0,North,0,0,0,Flat,0,,0,,1,Bright sun,1912101,0,0,0,2,0,0,0,0,0,,0,0,Wellington Region,Nil,2-way,Sealed,0,0,0,0,70,0,Null,0,0,,45,Upper Hutt City,Give way,1,0,0,0,0,0,Urban,0,0,0,Fine,Null
1668097,5407291,16348,,580449,0,,0,1,,North,2008/2009,SH 6,RAPAURA ROAD,,Non-Injury Crash,Yes,2009,,South,,0,,Flat,,,,,,Overcast,2278100,0,0,0,2,,,0,,,,,,Marlborough Region,Nil,2-way,Sealed,,0,0,,100,,Null,2,0,,53,Marlborough District,Nil,,,,,0,0,Open,0,,,Fine,Null
1693749,5676458,16349,,551800,0,,0,2,,East,2008/2009,SH 3,ELIOT ST,,Non-Injury Crash,Yes,2009,,West,,0,,Flat,,,,,,Twilight,1594100,0,0,0,2,,,0,,,,,,Taranaki Region,Nil,2-way,Sealed,,0,0,,50,,Off,0,0,,33,New Plymouth District,Nil,,,,,0,0,Urban,0,,,Fine,Null
1690117,5675189,16350,,551502,0,0,0,1,0,South,2008/2009,BLAGDON ROAD,SH 45,,Non-Injury Crash,No,2009,0,South,0,0,0,Flat,0,Easter,0,,0,Dark,1582800,0,0,0,2,0,0,0,0,1,,0,0,Taranaki Region,Nil,2-way,Sealed,0,0,0,0,50,0,On,0,0,,33,New Plymouth District,Nil,0,0,0,0,0,0,Urban,1,0,0,Fine,Null
1748869,5428191,16351,,573000,0,,0,1,,Null,2008/2009,CUSTOMHOUSE QUAY,JERVOIS QUAY,,Non-Injury Crash,No,2009,,North,,0,,Flat,,,,,,Overcast,2124300,0,0,0,2,,,0,,,,,,Wellington Region,Nil,2-way,Sealed,,0,0,,50,,Null,0,0,,47,Wellington City,Traffic Signals,,,,,0,0,Urban,1,,,Heavy rain,Null
1567948,5176233,16352,,595100,0,,0,2,,West,2008/2009,SPARKS ROAD,HOON HAY ROAD,,Non-Injury Crash,No,2009,,East,,0,,Flat,,Easter,,,,Bright sun,2634700,0,0,0,2,,,0,,,,,,Canterbury Region,Nil,2-way,Sealed,,0,0,,50,,Null,0,0,,60,Christchurch City,Unknown,,,,,0,0,Urban,0,,,Fine,Null
1748655,5432682,16353,,574401,0,0,0,1,0,East,2008/2009,FOX ST,VASANTA AVENUE,,Non-Injury Crash,No,2009,0,West,0,0,0,Hill Road,0,,0,,0,Bright sun,2093807,0,0,0,2,0,0,0,0,1,,0,0,Wellington Region,Nil,2-way,Sealed,0,0,0,0,50,0,Null,1,0,,47,Wellington City,Nil,0,0,0,0,0,0,Urban,0,0,0,Fine,Null
1866773,5715124,16354,,541710,0,0,0,1,0,East,2009/2010,POIHIPI ROAD,ACACIA BAY ROAD,,Non-Injury Crash,No,2009,0,East,0,0,0,Flat,0,,0,,0,Overcast,1275110,0,0,0,2,0,0,0,0,0,,0,0,Waikato Region,Nil,2-way,Sealed,0,0,0,0,100,0,Null,0,0,,21,Taupo District,Unknown,0,1,0,0,0,0,Open,0,0,0,Fine,Null
1928856,5606188,16355,,547700,0,0,0,1,0,East,2009/2010,HERETAUNGA ST WEST,MARAEKAKAHO ROAD,,Non-Injury Crash,No,2009,0,West,0,0,0,Flat,0,,0,,0,Overcast,1486600,0,0,0,2,0,0,0,0,1,,0,0,Hawke's Bay Region,Nil,2-way,Sealed,0,0,0,0,50,0,Null,1,0,,30,Hastings District,Nil,0,0,0,0,0,0,Urban,0,0,0,Fine,Null
1622513,5428958,16356,,583300,0,,0,1,,Null,2009/2010,TUKUKA ST,KAWAI ST SOUTH,,Non-Injury Crash,No,2009,,South,,0,,Flat,,,,,,Bright sun,2330600,0,0,0,2,,,0,,,,,,Nelson Region,Nil,2-way,Sealed,,0,0,,50,,Null,0,0,,52,Nelson City,Give way,,,,,0,0,Urban,1,,,Fine,Null
1819885,5529413,16357,,562310,0,,0,2,,Null,2008/2009,BOTANICAL ROAD,BRENTWOOD AVENUE,,Non-Injury Crash,No,2009,,South,,0,,Flat,,,,,,Overcast,1822300,0,0,0,2,,,0,,,,,,Manawatū-Whanganui Region,Nil,2-way,Sealed,,0,0,,50,,Null,0,0,,40,Palmerston North City,Give way,,,,,0,0,Urban,0,,,Light rain,Null
1755631,5918309,16358,,515500,0,,0,2,,Null,2009/2010,SH 16,BOND OBR,,Non-Injury Crash,Yes,2009,,North,,0,,Flat,,,,,,Bright sun,419400,0,0,0,4,,,0,,,,,,Auckland Region,Nil,1-way,Sealed,,0,0,,100,,Off,0,0,,76,Auckland,Nil,,,,,0,0,Open,0,,,Fine,Null
1788390,5592546,16359,,558300,0,0,0,1,0,East,2008/2009,SH 4,PARIHAUHAU ROAD,,Non-Injury Crash,Yes,2009,0,North,0,0,0,Hill Road,1,,0,,0,Overcast,1683800,0,0,0,2,0,0,0,0,0,,0,0,Manawatū-Whanganui Region,Nil,2-way,Sealed,0,0,0,0,100,0,Null,0,0,70,37,Whanganui District,Nil,0,0,0,0,0,0,Open,0,0,0,Fine,Null
1936379,5621188,16360,,546901,0,,0,2,,Null,2008/2009,STATION ST,TENNYSON ST,,Non-Injury Crash,No,2009,,West,,0,,Flat,,,,,,Overcast,1428000,0,0,0,2,,,0,,,,,,Hawke's Bay Region,Nil,2-way,Sealed,,0,0,,50,,Null,0,0,,31,Napier City,Traffic Signals,,,,,0,0,Urban,0,,,Fine,Null
1821140,5523739,16361,,561820,0,0,0,0,0,Null,2009/2010,SH 57 TENNENT DRIVE,OLD WEST ROAD,,Non-Injury Crash,Yes,2009,0,North,0,0,1,Flat,0,,0,,0,Dark,1798512,0,0,0,2,0,0,0,0,0,,0,0,Manawatū-Whanganui Region,Nil,2-way,Sealed,0,0,0,0,100,0,On,0,0,,40,Palmerston North City,Give way,0,0,0,0,0,0,Open,1,0,0,Fine,Null
1931217,5614296,16362,,545831,0,,0,2,,North,2009/2010,SH 50,PAKOWHAI ON NBD,,Non-Injury Crash,Yes,2009,,North,,0,,Flat,,,,,,Overcast,1404600,0,0,0,2,,,0,,,,,,Hawke's Bay Region,Nil,2-way,Sealed,,0,0,,100,,Null,0,0,,30,Hastings District,Nil,,,,,0,0,Open,0,,,Heavy rain,Null
1951238,5792084,16363,,542410,0,0,0,1,0,East,2009/2010,THE STRAND,COMMERCE ST,,Non-Injury Crash,No,2009,0,West,0,0,0,Flat,0,,0,,0,Bright sun,1305500,0,0,0,2,0,0,0,0,1,,0,0,Bay of Plenty Region,Nil,2-way,Sealed,0,0,0,0,50,0,Null,0,0,,25,Whakatane District,Unknown,0,0,0,0,1,0,Urban,0,0,0,Fine,Null
1774260,5811348,16364,,526602,0,,0,1,,West,2008/2009,SH 23,MANGAKINO ROAD,,Non-Injury Crash,Yes,2009,,West,,0,,Flat,,,,,,Overcast,860900,0,0,1,2,,,0,,,,,,Waikato Region,Nil,2-way,Unsealed,,0,0,,100,,None,0,0,30,13,Waikato District,Nil,,,,,0,0,Open,0,,,Fine,Null
1937784,5608483,16365,,545740,0,0,0,1,0,East,2009/2010,MILL ROAD,LAWN ROAD,,Non-Injury Crash,No,2009,0,North,0,0,1,Flat,0,,0,,0,Dark,1407700,0,0,0,2,0,0,0,0,0,,0,0,Hawke's Bay Region,Nil,2-way,Sealed,0,0,0,0,100,0,None,0,0,,30,Hastings District,Nil,0,0,0,0,0,0,Open,0,0,0,Fine,Null
1935899,5621174,16366,,546901,0,0,0,1,0,Null,2008/2009,CARLYLE ST,FARADAY ST,,Non-Injury Crash,No,2009,0,East,0,0,1,Flat,0,Easter,0,,0,Dark,1429000,0,0,0,2,0,0,0,0,1,,0,0,Hawke's Bay Region,Nil,2-way,Sealed,0,0,0,0,50,0,On,0,0,,31,Napier City,Stop,0,0,0,0,0,0,Urban,1,0,0,Fine,Null
1755610,5922358,16367,,515202,0,,0,3,,North,2009/2010,SH 1N,SHELLY OFF SBD,,Non-Injury Crash,Yes,2009,,South,,0,,Flat,,,,,,Bright sun,423600,0,0,0,4,,,0,,,,,,,Bridge,1-way,Sealed,,0,0,,80,,Null,0,0,,76,Auckland,Unknown,,,,,0,0,Open,0,,,Fine,Null
1797690,5819899,16368,,528320,0,,0,3,,East,2009/2010,WAIRERE DRIVE,PUKETE ROAD,,Non-Injury Crash,No,2009,,East,,0,,Flat,,,,,,Twilight,897201,0,0,0,2,,,0,,,,,,Waikato Region,Nil,2-way,Sealed,,0,0,,80,,Off,0,0,,16,Hamilton City,Unknown,,,,,0,0,Open,0,,,Fine,Null
1802076,5816001,16369,,530100,0,,0,0,,Null,2009/2010,TE AROHA ST,BOND ST,,Non-Injury Crash,No,2009,,East,,0,,Flat,,,,,,Bright sun,895800,0,0,1,2,,,0,,,,,,Waikato Region,Nil,2-way,Sealed,,0,0,,50,,Off,0,0,,16,Hamilton City,Give way,,,,,0,0,Urban,0,,,Fine,Null
1766449,5907620,16370,,523601,0,,0,2,,East,2009/2010,EAST TAMAKI ROAD,OTARA ROAD,,Non-Injury Crash,No,2009,,West,,0,,Flat,,,,,,Bright sun,708500,0,0,0,4,,,0,,,,,,Auckland Region,Nil,2-way,Sealed,,0,0,,50,,Off,0,0,,76,Auckland,Traffic Signals,,,,,0,0,Urban,0,,,Fine,Null
1600833,5446462,16371,,584301,0,,0,2,,Null,2008/2009,SH 60,HIGH ST SOUTH,,Non-Injury Crash,Yes,2009,,North,,0,,Flat,,,,,,Bright sun,2372600,0,0,0,2,,,0,,,,,,Tasman Region,Nil,2-way,Sealed,,0,0,,50,,Null,0,0,,51,Tasman District,Give way,,,,,0,0,Urban,0,,,Fine,Null
1765503,5913757,16372,,520602,0,,0,3,,Null,2009/2010,PAKURANGA ROAD,LAGOON DRIVE,,Non-Injury Crash,No,2009,,North,,0,,Flat,,Labour Weekend,,,,Bright sun,629600,0,0,0,2,,,0,,,,,,Auckland Region,Nil,2-way,Sealed,,0,0,,60,,Off,0,0,,76,Auckland,Traffic Signals,,,,,0,0,Urban,0,,,Fine,Null
1680200,5402179,16373,,581250,1,,0,1,,Null,2009/2010,ALABAMA ROAD,REDWOOD ST,,Non-Injury Crash,No,2009,,East,,0,,Flat,,,,,,Bright sun,2303600,0,0,0,2,,,0,,,,,,Marlborough Region,Nil,2-way,Sealed,,0,0,,50,,Null,0,0,,53,Marlborough District,Give way,,,,,0,0,Urban,0,,,Fine,Null
2034082,5709335,16374,,544400,0,0,0,2,0,North,2008/2009,CHALMERS ROAD,BIRRELL ST,,Non-Injury Crash,No,2009,0,North,0,0,0,Flat,0,,0,,0,Bright sun,1374000,0,0,0,2,0,0,0,0,1,,0,0,Gisborne Region,Nil,2-way,Sealed,0,0,0,0,50,0,Null,0,0,,28,Gisborne District,Nil,0,0,0,0,0,0,Urban,0,0,0,Fine,Null
1774909,5577887,16375,,557100,0,,0,2,,East,2008/2009,INGESTRE ST,ST HILL ST,,Non-Injury Crash,No,2009,,West,,0,,Hill Road,,,,,,Overcast,1699400,0,0,0,2,,,0,,,,,,Manawatū-Whanganui Region,Nil,2-way,Sealed,,0,0,,50,,Null,0,0,,37,Whanganui District,Nil,,,,,0,0,Urban,0,,,Fine,Null