X,Y,OBJECTID,advisorySpeed,areaUnitID,bicycle,bridge,bus,carStationWagon,cliffBank,crashDirectionDescription,crashFinancialYear,crashLocation1,crashLocation2,crashRoadSideRoad,crashSeverity,crashSHDescription,crashYear,debris,directionRoleDescription,ditch,fatalCount,fence,flatHill,guardRail,holiday,houseOrBuilding,intersection,kerb,light,meshblockId,minorInjuryCount,moped,motorcycle,NumberOfLanes,objectThrownOrDropped,otherObject,otherVehicleType,overBank,parkedVehicle,pedestrian,phoneBoxEtc,postOrPole,region,roadCharacter,roadLane,roadSurface,roadworks,schoolBus,seriousInjuryCount,slipOrFlood,speedLimit,strayAnimal,streetLight,suv,taxi,temporarySpeedLimit,tlaId,tlaName,trafficControl,trafficIsland,trafficSign,train,tree,truck,unknownVehicleType,urban,vanOrUtility,vehicle,waterRiver,weatherA,weatherB
1764052,5910665,16376,,521801,0,,0,2,,Null,2009/2010,ATKINSON AVENUE,PORTAGE ROAD,,Non-Injury Crash,No,2009,,North,,0,,Hill Road,,,,,,Bright sun,786600,0,0,0,2,,,0,,,,,,Auckland Region,Nil,2-way,Sealed,,0,0,,50,,Null,0,0,,76,Auckland,Give way,,,,,0,0,Urban,0,,,Fine,Null
1781987,5485438,16377,,564400,0,0,0,1,0,South,2009/2010,SH 1N,MILL ROAD,,Non-Injury Crash,Yes,2009,0,North,0,0,0,Flat,0,,0,,1,Dark,1879300,0,0,0,2,0,0,0,0,1,,0,0,Wellington Region,Nil,2-way,Sealed,0,0,0,0,50,0,On,0,0,,43,Kapiti Coast District,Nil,1,0,0,0,0,0,Urban,1,0,0,Fine,Null
1749349,5425037,16378,,576400,0,,0,2,,Null,2008/2009,OWEN ST,WILSON ST,,Non-Injury Crash,No,2009,,South,,0,,Hill Road,,,,,,Overcast,2167600,0,0,0,2,,,0,,,,,,Wellington Region,Nil,2-way,Sealed,,0,0,,50,,Null,0,0,,47,Wellington City,Give way,,,,,0,0,Urban,0,,,Fine,Null
1728281,5935108,16379,,506642,0,0,0,1,0,South,2009/2010,SH 16,HUTCHINSON ROAD,,Non-Injury Crash,Yes,2009,0,North,0,0,0,Flat,0,,0,,0,Dark,211300,0,0,0,2,0,0,0,0,0,,0,0,Auckland Region,Nil,2-way,Sealed,0,0,0,0,100,0,None,0,0,,76,Auckland,Nil,0,0,0,0,0,0,Open,0,0,0,Fine,Null
1757642,5434413,16380,,570000,0,,0,2,,South,2009/2010,QUEEN ST,JACKSON ST,,Non-Injury Crash,No,2009,,East,,0,,Flat,,,,,,Overcast,2028200,0,0,0,2,,,0,,,,,,Wellington Region,Nil,2-way,Sealed,,0,0,,50,,Null,0,0,,46,Lower Hutt City,Nil,,,,,0,0,Urban,0,,,Fine,Null
1930253,5604931,16381,,548200,0,,0,2,,West,2009/2010,WARREN ST NORTH,ST AUBYN ST EAST,,Non-Injury Crash,No,2009,,North,,0,,Flat,,,,,,Bright sun,1493501,0,0,0,2,,,0,,,,,,Hawke's Bay Region,Nil,2-way,Sealed,,0,0,,50,,Null,0,0,,30,Hastings District,Give way,,,,,0,0,Urban,0,,,Fine,Null
1821615,5529210,16382,,562800,0,,0,1,,Null,2008/2009,CHURCH ST,LINTON ST,,Non-Injury Crash,No,2009,,West,,0,,Flat,,,,,,Overcast,1828600,0,0,0,2,,,0,,,,,,Manawatū-Whanganui Region,Nil,2-way,Sealed,,0,0,,50,,Null,0,0,,40,Palmerston North City,Give way,,,,,0,0,Urban,1,,,Fine,Null
1750444,5436208,16383,,577700,0,0,0,0,1,North,2008/2009,OHARIU VALLEY ROAD,CORTINA AVENUE,,Non-Injury Crash,No,2009,0,South,0,0,0,Hill Road,0,,0,,0,Dark,2086713,0,0,0,2,0,0,0,0,0,,0,0,Wellington Region,Nil,2-way,Sealed,0,0,0,0,50,0,On,1,0,,47,Wellington City,Nil,0,0,0,1,0,0,Urban,0,0,0,Fine,Null
1702807,5675130,16384,,551111,0,0,0,0,0,West,2009/2010,MANUTAHI ROAD,CORBETT ROAD,,Non-Injury Crash,No,2009,0,East,0,0,0,Flat,0,,0,,0,Dark,1564400,0,0,0,2,0,0,0,0,0,,0,0,Taranaki Region,Nil,2-way,Sealed,0,0,0,0,100,0,None,0,0,,33,New Plymouth District,Nil,0,1,0,0,1,0,Open,0,0,0,Fine,Null
1869307,5721907,16385,,541335,0,0,0,1,1,North,2009/2010,SH 1N,KAURI DRIVE,,Non-Injury Crash,Yes,2009,0,North,0,0,0,Hill Road,0,,0,,0,Overcast,1278202,0,0,0,2,0,0,0,0,0,,0,0,Waikato Region,Nil,2-way,Sealed,0,0,0,0,100,0,None,0,0,,21,Taupo District,Nil,0,0,0,0,0,0,Open,0,0,0,Heavy rain,Null
1820442,5529364,16386,,562310,0,0,0,2,0,North,2008/2009,LYNDHURST ST,CHELWOOD ST,,Non-Injury Crash,No,2009,0,West,0,0,0,Flat,0,,0,,0,Dark,1826400,0,0,0,2,0,0,0,0,0,,0,0,Manawatū-Whanganui Region,Nil,2-way,Sealed,0,0,0,0,50,0,On,0,1,,40,Palmerston North City,Nil,0,0,0,0,0,0,Urban,0,1,0,Fine,Null
1783097,5867746,16387,,527221,0,0,0,1,0,North,2009/2010,SH 1N,SPRINGHALL ON NBD,,Non-Injury Crash,Yes,2009,0,North,0,0,0,Flat,0,,0,,0,Bright sun,934900,0,0,0,4,0,0,0,0,0,,0,1,Waikato Region,Nil,2-way,Sealed,0,0,0,0,100,0,Null,0,0,,13,Waikato District,Unknown,0,0,0,0,0,0,Open,0,0,0,Fine,Null
1800026,5815007,16388,,528900,0,0,0,3,0,Null,2009/2010,LAKE ROAD,MARAMA ST,,Non-Injury Crash,No,2009,0,West,0,0,0,Hill Road,0,,0,,0,Bright sun,914400,0,0,0,2,0,0,0,0,1,,0,0,Waikato Region,Nil,2-way,Sealed,0,0,0,0,50,0,Null,0,0,,16,Hamilton City,Give way,0,0,0,0,0,0,Urban,0,0,0,Fine,Null
1614013,5422883,16389,,581720,0,0,0,3,0,Null,2009/2010,SH 6,SH 60,,Non-Injury Crash,Yes,2009,0,North,0,0,1,Flat,0,,0,,0,Dark,2357800,0,0,0,2,0,0,0,0,1,,0,0,Tasman Region,Nil,2-way,Sealed,0,0,0,0,60,0,On,0,0,,51,Tasman District,Give way,1,0,0,0,0,0,Urban,0,0,0,Light rain,Null
1622839,5430858,16390,,582402,0,,0,1,,West,2008/2009,QUEBEC ROAD,WATSON ST,,Non-Injury Crash,No,2009,,South,,0,,Hill Road,,,,,,Twilight,2327200,0,0,0,2,,,0,,,,,,Nelson Region,Nil,2-way,Sealed,,0,0,,40,,Off,1,0,,52,Nelson City,Nil,,,,,0,0,Urban,0,,,Fine,Null
1795890,5818000,16391,,528406,0,0,0,1,0,East,2009/2010,ROTOKAURI ROAD,BRYMER ROAD,,Non-Injury Crash,No,2009,0,East,0,0,1,Hill Road,0,,0,,0,Overcast,976802,0,0,0,2,0,0,0,0,0,,0,0,Waikato Region,Nil,2-way,Sealed,0,0,0,0,100,0,Null,0,0,,16,Hamilton City,Unknown,0,0,0,0,0,0,Open,0,0,0,Light rain,Null
1750587,5434813,16392,,573700,0,0,0,2,0,North,2008/2009,BRODERICK ROAD,TRUSCOTT AVENUE,,Non-Injury Crash,No,2009,0,North,0,0,0,Flat,0,,0,,0,Bright sun,2082002,0,0,0,2,0,0,0,0,1,,0,0,Wellington Region,Nil,2-way,Sealed,0,0,0,0,50,0,Null,0,0,,47,Wellington City,Nil,0,0,0,0,0,0,Urban,0,0,0,Fine,Frost
1759132,5435873,16393,,569100,0,,0,3,,West,2008/2009,RAILWAY AVENUE,WOBURN ROAD,,Non-Injury Crash,No,2009,,East,,0,,Flat,,,,,,Overcast,1966200,0,0,0,2,,,0,,,,,,Wellington Region,Bridge,2-way,Sealed,,0,0,,50,,Null,0,0,,46,Lower Hutt City,Nil,,,,,0,0,Urban,0,,,Fine,Null
1763404,5436987,16394,,568302,0,,0,2,,Null,2008/2009,NAENAE ROAD,SEDDON ST,,Non-Injury Crash,No,2009,,West,,0,,Flat,,,,,,Overcast,1954300,0,0,0,2,,,0,,,,,,Wellington Region,Nil,2-way,Sealed,,0,0,,50,,Null,0,0,,46,Lower Hutt City,Give way,,,,,0,0,Urban,0,,,Fine,Null
1772140,5576821,16395,,556400,0,,0,2,,Null,2008/2009,HARPER ST,AKATEA ST,,Non-Injury Crash,No,2009,,South,,0,,Flat,,,,,,Bright sun,1718100,0,0,0,2,,,0,,,,,,Manawatū-Whanganui Region,Nil,2-way,Sealed,,0,0,,50,,Null,0,0,,37,Whanganui District,Nil,,,,,0,0,Urban,0,,,Fine,Null
2015701,5733068,16396,,543601,0,1,0,0,0,Null,2008/2009,SH 2,WAIHUKA NO4 BR,,Non-Injury Crash,Yes,2009,0,East,0,0,0,Flat,0,,0,,0,Bright sun,1352300,0,0,0,2,0,0,1,0,0,,0,0,Gisborne Region,Bridge,2-way,Sealed,0,0,0,0,100,0,Null,0,0,,28,Gisborne District,Nil,0,0,0,0,0,0,Open,0,0,0,Fine,Null
1598567,5276823,16397,,585506,0,0,0,1,0,North,2008/2009,ROTHERHAM ROAD NORTH,GREEN ROAD,,Non-Injury Crash,No,2009,0,West,0,0,0,Flat,0,,0,,0,Dark,2428700,0,0,0,2,0,0,0,0,0,,0,0,Canterbury Region,Nil,2-way,Sealed,0,0,0,0,100,0,None,0,0,,58,Hurunui District,Unknown,0,0,0,0,0,0,Open,0,0,0,Fine,Null
1788537,5854560,16398,,526702,0,0,0,1,0,Null,2008/2009,TE OHAKI ROAD,GLEN MURRAY ROAD,,Non-Injury Crash,No,2009,0,South,1,0,0,Flat,0,,0,,0,Dark,846800,0,0,0,2,0,0,0,0,0,,0,0,Waikato Region,Nil,2-way,Sealed,0,0,0,0,100,0,None,0,0,,13,Waikato District,Give way,0,0,0,0,0,0,Open,0,0,0,Mist or Fog,Null
1753869,5433692,16399,,573526,0,,0,2,,West,2009/2010,SH 2,SERVICE STN STH,,Non-Injury Crash,Yes,2009,,East,,0,,Flat,,,,,,Overcast,2077503,0,0,0,2,,,0,,,,,,Wellington Region,Nil,1-way,Sealed,,0,0,,100,,Null,0,0,,47,Wellington City,Nil,,,,,0,0,Open,1,,,Fine,Null
1770282,5911186,16400,,523113,0,,1,0,,North,2009/2010,TE IRIRANGI DRIVE,TE KOHA ROAD,,Non-Injury Crash,No,2009,,South,,0,,Flat,,,,,,Overcast,711716,0,0,0,4,,,0,,,,,,Auckland Region,Nil,2-way,Sealed,,0,0,,50,,Off,1,0,,76,Auckland,Traffic Signals,,,,,0,0,Urban,0,,,Light rain,Null
1757703,5919433,16401,,514302,0,,0,2,,Null,2009/2010,GRAFTON ROAD,KARI ST,,Non-Injury Crash,No,2009,,North,,0,,Hill Road,,,,,,Overcast,442200,0,0,0,2,,,0,,,,,,Auckland Region,Nil,2-way,Sealed,,0,0,,50,,Off,0,0,,76,Auckland,Stop,,,,,0,0,Urban,0,,,Fine,Null
1693792,5676260,16402,,552002,0,,0,1,,Null,2008/2009,SH 3,LEMON ST,,Non-Injury Crash,Yes,2009,,East,,0,,Flat,,,,,,Overcast,1594900,0,0,1,2,,,0,,,,,,Taranaki Region,Nil,2-way,Sealed,,0,0,,50,,Null,0,0,,33,New Plymouth District,Stop,,,,,0,0,Urban,0,,,Fine,Null
1569783,5177496,16403,,595000,0,,0,4,,West,2008/2009,MILTON ST,SELWYN ST,,Non-Injury Crash,No,2009,,West,,0,,Flat,,,,,,Twilight,2644600,0,0,0,2,,,0,,,,,,Canterbury Region,Nil,2-way,Sealed,,0,0,,50,,On,0,0,,60,Christchurch City,Unknown,,,,,0,0,Urban,0,,,Fine,Null
1709915,5617439,16404,,554010,0,,0,2,,Null,2008/2009,SURREY ST,ARGYLE ST,,Non-Injury Crash,No,2009,,East,,0,,Flat,,,,,,Bright sun,1647600,0,0,0,2,,,0,,,,,,Taranaki Region,Nil,2-way,Sealed,,0,0,,50,,Null,0,0,,35,South Taranaki District,Stop,,,,,0,0,Urban,0,,,Fine,Null
1935201,5621007,16405,,546801,0,,0,2,,Null,2008/2009,SH 2,ROACH ST,,Non-Injury Crash,Yes,2009,,West,,0,,Flat,,,,,,Dark,1426100,0,0,0,3,,,0,,,,,,Hawke's Bay Region,Nil,2-way,Sealed,,0,0,,50,,On,0,0,,31,Napier City,Nil,,,,,0,0,Urban,0,,,Heavy rain,Null
1764513,5440731,16406,,569500,0,,0,2,,South,2008/2009,SH 2,HAYWARDS ON SBD,,Non-Injury Crash,Yes,2009,,South,,0,,Flat,,,,,,Twilight,1917302,0,0,0,2,,,0,,,,,,Wellington Region,Nil,1-way,Sealed,,0,0,,100,,Off,0,0,,46,Lower Hutt City,Nil,,,,,1,0,Open,0,,,Light rain,Strong wind
1670835,5637409,16407,,553302,0,,0,2,,Null,2008/2009,SH 45,ARAWHATA ROAD,,Non-Injury Crash,Yes,2009,,South,,0,,Flat,,,,,,Overcast,1628800,0,0,0,2,,,0,,,,,,Taranaki Region,Nil,2-way,Sealed,,0,0,,100,,Null,0,0,,35,South Taranaki District,Stop,,,,,0,0,Open,0,,,Light rain,Null
1768187,5467122,16408,,566102,0,,0,2,,South,2008/2009,SH 1N,RAUMATI ROAD,,Non-Injury Crash,Yes,2009,,South,,0,,Flat,,,,,,Overcast,2007402,0,0,0,2,,,0,,,,,,Wellington Region,Nil,2-way,Sealed,,0,0,,100,,Null,0,0,,43,Kapiti Coast District,Nil,,,,,0,0,Open,0,,,Light rain,Null
1752572,5446748,16409,,570600,0,0,0,1,0,Null,2008/2009,Z FARM,PIKARERE ST,,Non-Injury Crash,No,2009,0,North,0,0,1,Hill Road,0,,0,,0,Bright sun,2040500,0,0,0,2,0,0,0,0,0,,0,0,Wellington Region,Nil,2-way,Unsealed,0,0,0,0,50,0,Null,0,0,,44,Porirua City,Nil,0,0,0,0,0,0,Urban,0,0,0,Fine,Null
1699059,5678610,16410,,550901,0,,0,1,,West,2009/2010,BELL BLOCK COURT,WYNYARD ST,,Non-Injury Crash,No,2009,,East,,0,,Flat,,,,,,Dark,1561500,0,0,0,2,,,0,,,,,,Taranaki Region,Nil,2-way,Sealed,,0,0,,50,,On,0,0,,33,New Plymouth District,Nil,,,,,0,0,Urban,0,,,Fine,Null
1755343,5917754,16411,,517500,0,0,0,3,0,South,2008/2009,SANDRINGHAM ROAD,WALTERS ROAD,,Non-Injury Crash,No,2009,0,North,0,0,0,Flat,0,,0,,0,Overcast,532103,0,0,0,2,0,0,0,0,2,,0,0,Auckland Region,Nil,2-way,Sealed,0,0,0,0,50,0,Off,0,0,,76,Auckland,Stop,0,0,0,0,0,0,Urban,0,0,0,Light rain,Null
1771299,5444533,16412,,567600,0,,0,2,,Null,2008/2009,FERGUSSON DRIVE,LIVERPOOL ST,,Non-Injury Crash,No,2009,,South,,0,,Flat,,,,,,Dark,1891100,0,0,0,2,,,0,,,,,,Wellington Region,Nil,2-way,Sealed,,0,0,,50,,On,0,0,,45,Upper Hutt City,Give way,,,,,0,0,Urban,0,,,Fine,Null
1196503,4939092,16413,,612714,0,0,0,0,0,South,2008/2009,BLACKMOUNT-REDCLIFF ROAD,ELMWOOD STATION ROAD,,Non-Injury Crash,No,2009,0,North,0,0,0,Flat,0,,0,,0,Dark,3172900,0,0,0,2,0,0,0,0,0,,0,0,Southland Region,Nil,2-way,Sealed,0,0,0,0,100,0,None,1,0,,73,Southland District,Unknown,0,0,0,0,0,0,Open,0,0,0,Fine,Null
1820115,5528993,16414,,562310,0,0,0,0,0,North,2008/2009,BOTANICAL ROAD,REWA ST,,Non-Injury Crash,No,2009,0,East,0,0,1,Flat,0,,0,,0,Dark,1824900,0,0,0,2,0,0,0,0,0,,0,0,Manawatū-Whanganui Region,Nil,2-way,Sealed,0,0,0,0,50,0,On,0,0,,40,Palmerston North City,Nil,0,0,0,0,1,0,Urban,1,0,0,Fine,Null
1757979,5436046,16415,,569302,0,0,0,1,0,West,2008/2009,MULBERRY ST,CHESTNUT GROVE,,Non-Injury Crash,No,2009,0,East,0,0,1,Hill Road,0,,0,,1,Dark,1921306,0,0,0,2,0,0,0,0,0,,0,0,Wellington Region,Nil,2-way,Sealed,0,0,0,0,50,0,On,0,0,,46,Lower Hutt City,Nil,0,0,0,0,0,0,Urban,0,0,0,Light rain,Strong wind
1761386,5914323,16416,,520202,0,0,0,1,1,North,2009/2010,SH 1N,PENROSE INT N,,Non-Injury Crash,Yes,2009,0,South,0,0,0,Flat,0,,0,,0,Bright sun,612501,0,0,0,3,0,0,0,0,0,,0,0,Auckland Region,Nil,1-way,Sealed,0,0,0,0,100,0,Off,0,0,,76,Auckland,Nil,0,0,0,0,0,0,Open,0,0,0,Fine,Null
1771067,5577153,16417,,555900,0,,0,2,,Null,2008/2009,TITOKI ST,MIRO ST,,Non-Injury Crash,No,2009,,East,,0,,Flat,,,,,,Bright sun,1715800,0,0,0,2,,,0,,,,,,Manawatū-Whanganui Region,Nil,2-way,Sealed,,0,0,,50,,Null,0,0,,37,Whanganui District,Nil,,,,,0,0,Urban,0,,,Fine,Null
2025762,5713557,16418,,543800,0,0,0,1,0,South,2008/2009,LAVENHAM ROAD,SEDDON ST,,Non-Injury Crash,No,2009,0,South,1,0,1,Flat,0,,0,,0,Dark,1363300,0,0,0,2,0,0,0,0,0,,0,0,Gisborne Region,Nil,2-way,Sealed,0,0,0,0,100,0,None,0,0,,28,Gisborne District,Nil,0,0,0,0,0,0,Open,0,0,0,Light rain,Null
2034188,5712918,16419,,543902,0,0,0,1,0,North,2009/2010,BACK ORMOND ROAD,HANSEN ROAD,,Non-Injury Crash,No,2009,0,South,0,0,1,Flat,0,,0,,0,Dark,1360200,0,0,0,2,0,0,0,0,0,,0,0,Gisborne Region,Nil,2-way,Sealed,0,0,0,0,100,0,None,0,0,,28,Gisborne District,Nil,0,0,0,0,0,0,Open,0,0,0,Fine,Null
1683806,5428859,16420,,581100,0,0,0,1,0,North,2008/2009,QUEEN CHARLOTTE DRIVE,GRAVESEND,,Non-Injury Crash,No,2009,0,South,0,0,0,Hill Road,0,,0,,0,Dark,2281100,0,0,0,2,0,0,0,1,0,,0,0,Marlborough Region,Nil,2-way,Sealed,0,0,0,0,50,0,None,0,0,,53,Marlborough District,Nil,0,0,0,1,0,0,Urban,0,0,0,Fine,Frost
1570664,5177775,16421,,594600,0,0,0,2,0,South,2008/2009,COLOMBO ST,SOUTHAMPTON ST,,Non-Injury Crash,No,2009,0,North,0,0,0,Flat,0,,0,,0,Bright sun,2621701,0,0,0,2,0,0,0,0,1,,0,0,Canterbury Region,Nil,2-way,Sealed,0,0,0,0,50,0,Null,0,0,,60,Christchurch City,Nil,0,0,0,0,0,0,Urban,0,0,0,Fine,Null
1246181,4849121,16422,,611500,0,0,0,1,0,North,2008/2009,THORNHILL ST,KINMONT CRESCENT,,Non-Injury Crash,No,2009,0,North,0,0,1,Flat,0,,0,,0,Dark,3141300,0,0,0,2,0,0,0,0,0,,0,0,Southland Region,Nil,2-way,Sealed,0,0,0,0,50,0,On,0,0,,75,Invercargill City,Nil,0,0,0,0,0,0,Urban,0,0,0,Fine,Null
1881117,5826331,16423,,536821,0,,0,2,,South,2009/2010,TOTARA ST,SH 2,,Non-Injury Crash,No,2009,,North,,0,,Flat,,,,,,Overcast,1203700,0,0,0,1,,,0,,,,,,Bay of Plenty Region,Nil,2-way,Sealed,,0,0,,70,,Off,0,0,,23,Tauranga City,Nil,,,,,0,0,Urban,0,,,Light rain,Null
1767282,5906275,16424,,522302,0,0,0,1,0,West,2009/2010,TUI ROAD,CASPAR ROAD,,Non-Injury Crash,No,2009,0,East,0,0,0,Flat,0,,0,,0,Twilight,670300,0,0,0,2,0,0,0,0,0,,0,1,Auckland Region,Nil,2-way,Sealed,0,0,0,0,50,0,On,0,0,,76,Auckland,Nil,0,0,0,0,0,0,Urban,0,0,0,Fine,Null
1846326,5684484,16425,85,541346,0,,0,2,,West,2009/2010,SH 1N,FRETHEY DRIVE,,Non-Injury Crash,Yes,2009,,South,,0,,Flat,,,,,,Bright sun,1287900,0,0,0,2,,,0,,,,,,Waikato Region,Nil,2-way,Sealed,,0,0,,100,,Null,1,0,,21,Taupo District,Unknown,,,,,0,0,Open,0,,,Fine,Null
1911585,5663291,16426,,545911,0,0,0,1,0,North,2009/2010,SH 5,POPPELLWELLS,,Non-Injury Crash,Yes,2009,0,North,1,0,0,Hill Road,0,,0,,0,Bright sun,1414300,0,0,0,2,0,0,0,0,0,,0,0,Hawke's Bay Region,Nil,2-way,Sealed,0,0,0,0,100,0,Null,0,0,,30,Hastings District,Nil,0,0,0,0,0,0,Open,0,0,0,Fine,Frost
1751945,5433974,16427,,574001,0,,0,2,,Null,2008/2009,NEWLANDS ROAD,HURRING PLACE,,Non-Injury Crash,No,2009,,West,,0,,Hill Road,,,,,,Overcast,2077600,0,0,0,2,,,0,,,,,,Wellington Region,Nil,2-way,Sealed,,0,0,,50,,Null,0,0,,47,Wellington City,Give way,,,,,0,0,Urban,0,,,Fine,Null
1996548,5744631,16428,,543601,0,,0,2,,South,2008/2009,SH 2,RAUMATI ST,,Non-Injury Crash,Yes,2009,,East,,0,,Hill Road,,,,,,Bright sun,1352700,0,0,0,2,,,0,,,,,,Gisborne Region,Nil,2-way,Sealed,,0,0,,50,,Null,0,0,,28,Gisborne District,Nil,,,,,0,0,Urban,0,,,Fine,Null
1754026,5926881,16429,,508310,0,0,0,1,0,North,2009/2010,ARCHERS ROAD,CORONATION ROAD,,Non-Injury Crash,No,2009,0,East,0,0,0,Hill Road,0,Labour Weekend,0,,0,Bright sun,202502,0,0,0,2,0,0,0,1,0,,0,0,Auckland Region,Nil,2-way,Sealed,0,0,0,0,50,0,Off,0,0,,76,Auckland,Nil,0,0,0,0,0,0,Urban,0,0,0,Fine,Null
1773727,5578189,16430,,556700,0,,0,2,,Null,2008/2009,SH 3,GREY ST,,Non-Injury Crash,Yes,2009,,North,,0,,Flat,,,,,,Bright sun,1721900,0,0,0,2,,,0,,,,,,Manawatū-Whanganui Region,Nil,2-way,Sealed,,0,0,,50,,Null,0,0,,37,Whanganui District,Traffic Signals,,,,,0,0,Urban,0,,,Fine,Null
1769750,5908424,16431,,523115,0,,0,2,,Null,2009/2010,ACCENT DRIVE,WAYNE FRANCIS DRIVE,,Non-Injury Crash,No,2009,,East,,0,,Flat,,,,,,Overcast,711912,0,0,0,2,,,0,,,,,,Auckland Region,Nil,2-way,Sealed,,0,0,,50,,Off,0,0,,76,Auckland,Give way,,,,,0,0,Urban,0,,,Fine,Null
1750927,5424495,16432,,576901,0,,0,1,,Null,2009/2010,SH 1N COBHAM,TROY ST,,Non-Injury Crash,Yes,2009,,East,,0,,Flat,,,,,,Dark,2176800,0,0,0,2,,,0,,,,,,Wellington Region,Nil,2-way,Sealed,,0,0,,70,,On,1,0,,47,Wellington City,Give way,,,,,0,0,Urban,0,,,Light rain,Null
1934271,5619578,16433,,546300,0,,0,1,,West,2008/2009,MAADI ROAD,MENIN ROAD,,Non-Injury Crash,No,2009,,East,,0,,Flat,,,,,,Twilight,1438701,0,0,0,2,,,0,,,,,,Hawke's Bay Region,Nil,2-way,Sealed,,0,0,,50,,Off,0,0,,31,Napier City,Nil,,,,,0,0,Urban,1,,,Fine,Null
1748381,5427671,16434,,573000,0,0,0,2,0,Null,2009/2010,THE TERRACE,SALAMANCA ROAD,,Non-Injury Crash,No,2009,0,East,0,0,0,Hill Road,0,,0,,0,Bright sun,2128200,0,0,0,2,0,0,0,0,0,,0,0,Wellington Region,Nil,2-way,Sealed,0,0,0,0,50,0,Null,0,0,,47,Wellington City,Traffic Signals,1,0,0,0,0,0,Urban,0,1,0,Fine,Null
1770356,5916711,16435,,522604,0,,0,2,,North,2009/2010,BUCKLANDS BEACH ROAD,WELLS ROAD,,Non-Injury Crash,No,2009,,North,,0,,Flat,,,,,,Overcast,677501,0,0,0,2,,,0,,,,,,Auckland Region,Nil,2-way,Sealed,,0,0,,50,,Null,0,0,,76,Auckland,Unknown,,,,,0,0,Urban,0,,,Fine,Null
1835107,5455596,16436,,578402,0,0,0,1,0,West,2009/2010,MASTERTON-STRONVAR ROAD,LONGRIDGE ROAD,,Non-Injury Crash,No,2009,0,West,0,0,1,Flat,0,,0,,0,Overcast,2256500,0,0,0,2,0,0,0,0,0,,0,0,Wellington Region,Nil,2-way,Sealed,0,0,0,0,100,0,Null,0,0,,48,Masterton District,Nil,0,0,0,0,0,0,Open,0,0,0,Fine,Null
1753035,5441267,16437,,572600,0,0,0,1,1,North,2008/2009,VICTORY CRESCENT,MAIN ROAD,,Non-Injury Crash,No,2009,0,South,0,0,0,Hill Road,0,,0,,1,Overcast,1991102,0,0,0,2,0,0,0,0,0,,0,0,Wellington Region,Nil,2-way,Sealed,0,0,0,0,50,0,Null,0,0,,47,Wellington City,Nil,0,0,0,0,0,0,Urban,0,0,0,Light rain,Null
1800120,5603506,16438,,558300,0,0,0,1,0,North,2008/2009,SH 4,RAUPIU ROAD,,Non-Injury Crash,Yes,2009,0,South,0,0,0,Hill Road,1,,0,,0,Bright sun,1683200,0,0,0,2,0,0,0,0,0,,0,0,Manawatū-Whanganui Region,Nil,2-way,Sealed,0,0,0,0,100,0,Null,0,0,,37,Whanganui District,Nil,0,0,0,0,0,0,Open,0,0,0,Fine,Null
1748388,5919013,16439,,514801,0,0,0,1,0,East,2009/2010,SH 16,PATIKI OFF EBD,,Non-Injury Crash,Yes,2009,0,East,0,0,0,Flat,1,,0,,0,Dark,389300,0,0,0,3,0,0,0,0,0,,0,0,Auckland Region,Nil,1-way,Sealed,0,0,0,0,100,0,On,0,0,,76,Auckland,Nil,0,0,0,0,0,0,Open,0,0,0,Fine,Null
1746530,5916484,16440,,510700,0,0,0,1,0,South,2009/2010,GREAT NORTH ROAD,TE ATATU ROAD,,Non-Injury Crash,No,2009,0,North,0,0,0,Flat,0,,0,,1,Dark,241000,0,0,0,4,0,0,0,0,1,,0,0,Auckland Region,Nil,2-way,Sealed,0,0,0,0,50,0,On,1,0,,76,Auckland,Give way,0,0,0,0,0,0,Urban,0,0,0,Fine,Null
1242735,4848876,16441,,611220,1,,0,1,,Null,2008/2009,TEVIOT ST,NITH ST,,Non-Injury Crash,No,2009,,North,,0,,Flat,,,,,,Bright sun,3110200,0,0,0,2,,,0,,,,,,Southland Region,Nil,2-way,Sealed,,0,0,,50,,Null,0,0,,75,Invercargill City,Give way,,,,,0,0,Urban,0,,,Fine,Null
1689441,5386022,16442,,580802,0,0,0,1,0,Null,2009/2010,SH 1S,WELD ST,,Non-Injury Crash,Yes,2009,0,North,0,0,0,Flat,0,,0,,0,Dark,2309100,0,0,0,2,0,0,0,0,0,,0,1,Marlborough Region,Nil,2-way,Sealed,0,0,0,0,50,0,On,0,0,,53,Marlborough District,Give way,0,0,0,0,0,0,Urban,0,0,0,Fine,Null
1819817,5544935,16443,,560740,0,,0,1,,Null,2008/2009,PHARAZYN ST,SH 54,,Non-Injury Crash,No,2009,,North,,0,,Flat,,,,,,Bright sun,1771301,0,0,0,2,,,0,,,,,,Manawatū-Whanganui Region,Nil,2-way,Sealed,,0,0,,50,,Null,0,0,,39,Manawatu District,Give way,,,,,0,0,Urban,1,,,Fine,Null
1755171,5434466,16444,,569800,0,,0,2,,West,2009/2010,SH 2,HOROKIWI ROAD,,Non-Injury Crash,Yes,2009,,East,,0,,Flat,,,,,,Overcast,1922202,0,0,0,2,,,0,,,,,,Wellington Region,Nil,2-way,Sealed,,0,0,,100,,Null,0,0,,46,Lower Hutt City,Nil,,,,,0,0,Open,1,,,Fine,Null