X,Y,OBJECTID,advisorySpeed,areaUnitID,bicycle,bridge,bus,carStationWagon,cliffBank,crashDirectionDescription,crashFinancialYear,crashLocation1,crashLocation2,crashRoadSideRoad,crashSeverity,crashSHDescription,crashYear,debris,directionRoleDescription,ditch,fatalCount,fence,flatHill,guardRail,holiday,houseOrBuilding,intersection,kerb,light,meshblockId,minorInjuryCount,moped,motorcycle,NumberOfLanes,objectThrownOrDropped,otherObject,otherVehicleType,overBank,parkedVehicle,pedestrian,phoneBoxEtc,postOrPole,region,roadCharacter,roadLane,roadSurface,roadworks,schoolBus,seriousInjuryCount,slipOrFlood,speedLimit,strayAnimal,streetLight,suv,taxi,temporarySpeedLimit,tlaId,tlaName,trafficControl,trafficIsland,trafficSign,train,tree,truck,unknownVehicleType,urban,vanOrUtility,vehicle,waterRiver,weatherA,weatherB
1762546,5907325,16445,,524530,0,,0,2,,Null,2009/2010,MASSEY ROAD,YATES ROAD,,Non-Injury Crash,No,2009,,East,,0,,Flat,,Christmas New Year,,,,Dark,733000,0,0,0,2,,,0,,,,,,Auckland Region,Nil,2-way,Sealed,,0,0,,50,,On,0,0,,76,Auckland,Stop,,,,,0,0,Urban,0,,,Fine,Null
1757490,5449297,16446,,572000,0,0,0,1,0,East,2008/2009,PENRYN DRIVE,TRURO ROAD,,Non-Injury Crash,No,2009,0,North,0,0,1,Flat,0,,0,,0,Dark,2069304,0,0,0,2,0,0,0,0,0,,0,0,Wellington Region,Nil,2-way,Sealed,0,0,0,0,50,0,On,0,0,,44,Porirua City,Nil,0,0,0,1,0,0,Urban,0,0,0,Fine,Null
1820831,5461996,16447,,578902,0,0,0,1,0,East,2008/2009,SOLWAY CRESCENT,SOUTH BELT,,Non-Injury Crash,No,2009,0,West,0,0,1,Flat,0,,0,,0,Dark,2230900,0,0,0,2,0,0,0,0,0,,0,0,Wellington Region,Nil,2-way,Sealed,0,0,0,0,50,0,None,0,0,,48,Masterton District,Nil,0,0,0,0,0,0,Urban,0,0,0,Light rain,Null
1753719,5442757,16448,,570800,0,,0,1,,Null,2008/2009,WALL PLACE,MAIN ROAD,,Non-Injury Crash,No,2009,,West,,0,,Flat,,,,,,Bright sun,2053000,0,0,0,2,,,0,,,,,,Wellington Region,Nil,2-way,Sealed,,0,0,,50,,Null,0,0,,47,Wellington City,Give way,,,,,0,0,Urban,1,,,Fine,Null
1935947,5646349,16449,,545911,0,0,0,1,1,North,2008/2009,SH 2,AROPAOANUI ROAD,,Non-Injury Crash,Yes,2009,0,West,0,0,0,Hill Road,0,,0,,0,Dark,1415400,0,0,0,2,0,0,0,0,0,,0,0,Hawke's Bay Region,Nil,2-way,Sealed,0,0,0,0,100,0,None,0,0,,30,Hastings District,Nil,0,0,0,0,0,0,Open,0,0,0,Fine,Null
1821397,5528331,16450,,563000,0,,0,2,,Null,2009/2010,COOK ST,MANSFORD PLACE,,Non-Injury Crash,No,2009,,South,,0,,Flat,,,,,,Dark,1808200,0,0,0,2,,,0,,,,,,Manawatū-Whanganui Region,Nil,2-way,Sealed,,0,0,,50,,On,0,0,,40,Palmerston North City,Nil,,,,,0,0,Urban,0,,,Fine,Null
1751303,5433431,16451,,574002,0,,0,1,,South,2008/2009,SH 1N,NEWLANDS ON SBD,,Non-Injury Crash,Yes,2009,,South,,0,,Hill Road,,,,,,Overcast,2078304,0,0,0,2,,,0,,,,,,Wellington Region,Nil,2-way,Sealed,,0,0,,80,,Null,0,0,,47,Wellington City,Nil,,,,,0,0,Open,1,,,Heavy rain,Null
1705157,5683444,16452,,551301,0,,0,0,,Null,2008/2009,RANFURLY ST NORTH,HUME ST,,Non-Injury Crash,No,2009,,West,,0,,Flat,,Easter,,,,Dark,1547701,0,0,0,2,,,0,,,,,,Taranaki Region,Nil,2-way,Sealed,,0,0,,50,,On,0,0,,33,New Plymouth District,Nil,,,,,0,0,Urban,1,,,Fine,Null
1748907,5427233,16453,,573101,0,0,0,1,0,South,2009/2010,INGLEWOOD PLACE,DIXON ST,,Non-Injury Crash,No,2009,0,North,0,0,0,Flat,0,,0,,0,Overcast,2133408,0,0,0,1,0,0,0,0,0,,0,0,Wellington Region,Nil,1-way,Sealed,0,0,0,0,50,0,Null,0,0,,47,Wellington City,Nil,0,0,0,0,1,0,Urban,0,1,0,Fine,Null
1754694,5927553,16454,,508310,0,0,0,2,0,Null,2009/2010,CHARTWELL AVENUE,ARCHERS ROAD,,Non-Injury Crash,No,2009,0,South,0,0,0,Flat,0,,0,,0,Bright sun,200800,0,0,0,2,0,0,0,0,0,,0,0,Auckland Region,Nil,2-way,Sealed,0,0,0,0,50,0,None,0,0,,76,Auckland,Give way,0,0,0,0,0,0,Urban,0,1,0,Fine,Null
1807847,5446581,16455,60,579803,0,0,0,0,0,South,2008/2009,FABIANS ROAD,PAPAWAI ROAD,,Non-Injury Crash,No,2009,0,South,0,0,0,Flat,0,,0,,0,Dark,2270800,0,0,0,2,0,0,0,0,0,,0,0,Wellington Region,Nil,2-way,Sealed,0,0,0,0,100,0,None,0,0,,50,South Wairarapa District,Nil,0,1,0,0,0,0,Open,1,0,0,Fine,Null
1688262,6013920,16456,,504502,0,0,0,0,0,Null,2008/2009,MAUNGARAHO ROCK ROAD,MITITAI ROAD,,Non-Injury Crash,No,2009,0,North,0,0,1,Flat,0,,0,,0,Overcast,122500,0,0,0,2,0,0,0,0,0,,0,0,Northland Region,Nil,2-way,Sealed,0,0,0,0,100,0,None,1,0,,3,Kaipara District,Nil,0,0,0,0,0,0,Open,0,0,0,Fine,Null
1754306,5445733,16457,,570700,0,,0,2,,East,2009/2010,WI NEERA DRIVE,TITAHI BAY ROAD,,Non-Injury Crash,No,2009,,East,,0,,Flat,,,,,,Overcast,2037500,0,0,0,2,,,0,,,,,,Wellington Region,Nil,2-way,Sealed,,0,0,,50,,Null,0,0,,44,Porirua City,Nil,,,,,0,0,Urban,0,,,Fine,Null
1763428,5429776,16458,,565200,0,0,0,1,0,North,2009/2010,MAIN ROAD,HYDE ST,,Non-Injury Crash,No,2009,0,East,0,0,0,Flat,0,,0,,0,Dark,2019400,0,0,0,2,0,0,0,0,1,,0,0,Wellington Region,Nil,2-way,Sealed,0,0,0,0,50,0,On,0,0,,46,Lower Hutt City,Nil,0,0,0,0,1,0,Urban,0,0,0,Fine,Null
1751514,5433766,16459,,574303,0,,0,2,,South,2008/2009,SH 1N,NEWLANDS ON NBD,,Non-Injury Crash,Yes,2009,,North,,0,,Hill Road,,,,,,Overcast,2084302,0,0,0,2,,,0,,,,,,Wellington Region,Nil,2-way,Sealed,,0,0,,80,,Null,1,0,,47,Wellington City,Nil,,,,,0,0,Open,0,,,Fine,Null
1754994,5444260,16460,,570900,0,,0,1,,West,2009/2010,MUNGAVIN AVENUE,CHAMPION ST,,Non-Injury Crash,No,2009,,East,,0,,Flat,,,,,,Bright sun,2056604,0,0,0,2,,,0,,,,,,Wellington Region,Nil,2-way,Sealed,,0,0,,50,,Null,1,0,,44,Porirua City,Nil,,,,,0,0,Urban,0,,,Fine,Null
1405852,4917070,16461,,603100,0,,0,2,,West,2008/2009,STUART ST,YORK PLACE,,Non-Injury Crash,No,2009,,East,,0,,Hill Road,,,,,,Overcast,2902600,0,0,0,2,,,0,,,,,,Otago Region,Nil,2-way,Sealed,,0,0,,50,,Null,0,1,,71,Dunedin City,Unknown,,,,,0,0,Urban,0,,,Heavy rain,Null
1745102,5919205,16462,,513301,0,0,0,1,0,West,2008/2009,POMARIA ROAD,LINCOLN ROAD,,Non-Injury Crash,No,2009,0,East,0,0,1,Flat,0,,0,,0,Bright sun,232003,0,0,0,2,0,0,0,0,0,,0,0,Auckland Region,Nil,2-way,Sealed,0,0,0,0,40,0,Off,0,0,,76,Auckland,Nil,1,0,0,0,0,0,Urban,1,0,0,Fine,Null
1890482,5817575,16463,,536642,0,,0,2,,South,2009/2010,TE PUKE HIGHWAY,POPLAR LANE,,Non-Injury Crash,No,2009,,South,,0,,Flat,,,,,,Bright sun,1207003,0,0,0,2,,,0,,,,,,Bay of Plenty Region,Nil,2-way,Sealed,,0,0,,100,,Null,0,0,,22,Western Bay of Plenty District,Unknown,,,,,0,0,Open,0,,,Fine,Null
1821845,5529454,16464,,562800,0,,0,1,,South,2009/2010,THE SQUARE,MAIN ST,,Non-Injury Crash,No,2009,,North,,0,,Flat,,,,,,Overcast,1829300,0,0,1,2,,,0,,,,,,Manawatū-Whanganui Region,Nil,2-way,Sealed,,0,0,,50,,Null,0,0,,40,Palmerston North City,Nil,,,,,0,0,Urban,0,,,Fine,Null
1405875,4919068,16465,,603720,0,,0,2,,Null,2009/2010,PILKINGTON ST,PASSMORE CRESCENT,,Non-Injury Crash,No,2009,,South,,0,,Flat,,,,,,Overcast,2892300,0,0,0,2,,,0,,,,,,Otago Region,Nil,2-way,Sealed,,0,0,,50,,Null,0,0,,71,Dunedin City,Give way,,,,,0,0,Urban,0,,,Light rain,Null
1693006,5674968,16466,,552500,0,0,0,1,0,East,2009/2010,MILL ROAD,HOLSWORTHY ROAD,,Non-Injury Crash,No,2009,0,North,0,0,1,Hill Road,0,,0,,0,Dark,1569802,0,0,0,2,0,0,0,0,0,,0,0,Taranaki Region,Nil,2-way,Sealed,0,0,0,0,50,0,On,0,0,,33,New Plymouth District,Nil,0,0,0,0,0,0,Urban,0,0,0,Fine,Null
1857265,5838467,16467,,536615,0,,0,2,,North,2009/2010,SH 2,WHARAWHARA ROAD,,Non-Injury Crash,Yes,2009,,South,,0,,Flat,,,,,,Dark,1182704,0,0,0,2,,,0,,,,,,Bay of Plenty Region,Nil,2-way,Sealed,,0,0,,100,,None,0,0,,22,Western Bay of Plenty District,Unknown,,,,,0,0,Open,0,,,Light rain,Null
1922514,5777730,16468,,542600,0,0,0,2,0,North,2009/2010,TUWHARETOA ROAD,HAHURU ROAD,,Non-Injury Crash,No,2009,0,South,0,0,0,Flat,0,Labour Weekend,0,,0,Twilight,1326108,0,0,0,1,0,0,0,0,1,,0,0,Bay of Plenty Region,Nil,2-way,Sealed,0,0,0,0,50,0,None,0,0,,26,Kawerau District,Nil,0,0,0,0,0,0,Urban,0,0,0,Fine,Null
1763257,5913172,16469,,520402,0,0,0,1,0,South,2009/2010,RUAWAI ROAD,WHITFORD AVENUE,,Non-Injury Crash,No,2009,0,North,0,0,1,Flat,0,,0,,0,Overcast,641200,0,0,0,2,0,0,0,0,0,,0,0,Auckland Region,Nil,2-way,Sealed,0,0,0,0,50,0,Off,0,0,,76,Auckland,Nil,0,0,0,0,0,0,Urban,0,0,0,Fine,Null
1754118,5911504,16470,,519001,0,,0,2,,South,2009/2010,HILLSBOROUGH ROAD,JAMES TYLER CRESCENT,,Non-Injury Crash,No,2009,,South,,0,,Hill Road,,,,,,Dark,589102,0,0,0,2,,,0,,,,,,Auckland Region,Nil,2-way,Sealed,,0,0,,50,,On,0,0,,76,Auckland,Nil,,,,,0,0,Urban,0,,,Heavy rain,Null
1753671,5426675,16471,,577601,0,0,0,1,0,North,2009/2010,MASSEY ROAD,FORTIFICATION ROAD,,Non-Injury Crash,No,2009,0,South,0,0,0,Flat,0,,0,,0,Dark,2200800,0,0,0,2,0,0,0,0,0,,0,0,Wellington Region,Nil,2-way,Sealed,0,0,0,0,50,0,None,0,0,,47,Wellington City,Nil,0,0,0,0,0,0,Urban,0,0,1,Light rain,Null
1615381,5423873,16472,,584201,0,,0,0,,Null,2008/2009,MCGLASHEN AVENUE,MCINDOE PLACE,,Non-Injury Crash,No,2009,,East,,0,,Flat,,,,,,Bright sun,2361200,0,0,0,2,,,0,,,,,,Tasman Region,Nil,2-way,Sealed,,0,0,,50,,Null,1,0,,51,Tasman District,Give way,,,,,0,0,Urban,2,,,Fine,Null
1817380,5527059,16473,,561812,0,0,0,1,0,West,2009/2010,SH 56,LONGBURN RONGOTEA ROAD,,Non-Injury Crash,Yes,2009,0,West,1,0,0,Flat,0,,0,,0,Overcast,1796500,0,0,0,2,0,0,0,0,0,,0,0,Manawatū-Whanganui Region,Nil,2-way,Sealed,0,0,0,0,100,0,Null,0,0,,40,Palmerston North City,Nil,0,0,0,0,0,0,Open,0,0,1,Fine,Null
1760352,5447903,16474,,565601,0,0,0,1,1,West,2008/2009,SH 58,JOSEPH BANKS DRIVE,,Non-Injury Crash,Yes,2009,0,West,0,0,0,Flat,1,,0,,0,Dark,2072000,0,0,0,2,0,0,0,0,0,,0,0,Wellington Region,Nil,2-way,Sealed,0,0,0,0,80,0,None,0,0,,44,Porirua City,Nil,0,0,0,0,0,0,Open,0,0,0,Fine,Null
1754502,5912322,16475,,519002,0,,0,1,,South,2009/2010,DOMINION ROAD,KATAVICH PLACE,,Non-Injury Crash,No,2009,,North,,0,,Flat,,,,,,Bright sun,589501,0,0,0,2,,,0,,,,,,Auckland Region,Nil,2-way,Sealed,,0,0,,50,,Off,0,0,,76,Auckland,Nil,,,,,0,0,Urban,1,,,Fine,Null
1567141,5184653,16476,,588300,0,,1,0,,Null,2008/2009,HAREWOOD ROAD,GREERS ROAD,,Non-Injury Crash,No,2009,,West,,0,,Flat,,,,,,Bright sun,2511003,0,0,0,6,,,0,,,,,,Canterbury Region,Nil,2-way,Sealed,,0,0,,50,,Null,1,0,,60,Christchurch City,Traffic Signals,,,,,0,0,Urban,0,,,Fine,Null
1927633,5607439,16477,,548400,0,,0,1,,Null,2009/2010,SH 50A,OMAHU ROAD,,Non-Injury Crash,Yes,2009,,South,,0,,Flat,,,,,,Bright sun,1473600,0,0,0,4,,,0,,,,,,Hawke's Bay Region,Nil,2-way,Sealed,,0,0,,100,,Null,0,0,,30,Hastings District,Give way,,,,,1,0,Open,0,,,Fine,Null
1583736,5477489,16478,,581602,0,0,0,0,0,South,2008/2009,SH 60,LAKE CRESCENT,,Non-Injury Crash,Yes,2009,0,South,0,0,1,Flat,0,,0,,0,Overcast,2345100,0,0,0,2,0,0,0,0,0,,0,1,Tasman Region,Nil,2-way,Sealed,0,0,0,0,50,0,Null,1,0,,51,Tasman District,Nil,0,0,0,0,0,0,Urban,0,0,0,Heavy rain,Null
1744462,5921959,16479,,513512,0,,0,1,,East,2009/2010,SH 16,ROYAL OBR,,Non-Injury Crash,Yes,2009,,West,,0,,Flat,,,,,,Dark,225702,0,0,0,2,,,0,,,,,,Auckland Region,Nil,1-way,Sealed,,0,0,,100,,On,0,0,50,76,Auckland,Nil,,,,,0,0,Open,1,,,Fine,Null
1757545,5913048,16480,,518702,0,0,0,1,0,Null,2009/2010,PAH ROAD,TRAFALGAR STREET,,Non-Injury Crash,No,2009,0,West,0,0,1,Hill Road,0,,0,,0,Dark,567800,0,0,0,4,0,0,0,0,0,,0,0,Auckland Region,Nil,2-way,Sealed,0,0,0,0,50,0,On,0,0,,76,Auckland,Traffic Signals,0,0,0,0,0,0,Urban,0,0,0,Fine,Null
2037672,5707915,16481,,544801,0,,0,2,,Null,2009/2010,SH 35,ESPLANADE,,Non-Injury Crash,Yes,2009,,West,,0,,Flat,,,,,,Bright sun,1386000,0,0,0,2,,,0,,,,,,Gisborne Region,Nil,2-way,Sealed,,0,0,,50,,Null,0,0,,28,Gisborne District,Stop,,,,,0,0,Urban,0,,,Fine,Null
1762210,5451016,16482,,565601,0,0,0,0,1,North,2008/2009,PAEKAKARIKI HILL ROAD,GRAYS ROAD,,Non-Injury Crash,No,2009,0,North,1,0,0,Flat,0,,0,,0,Overcast,2071901,0,0,1,2,0,0,0,0,0,,0,0,Wellington Region,Nil,2-way,Sealed,0,0,0,0,70,0,Null,0,0,,44,Porirua City,Nil,0,0,0,0,0,0,Urban,0,0,0,Fine,Null
1245155,4850831,16483,,611002,0,,0,2,,Null,2008/2009,YARROW ST,LYON ST,,Non-Injury Crash,No,2009,,West,,0,,Flat,,Easter,,,,Overcast,3133100,0,0,0,4,,,0,,,,,,Southland Region,Nil,2-way,Sealed,,0,0,,50,,Null,0,0,,75,Invercargill City,Give way,,,,,0,0,Urban,0,,,Fine,Null
1693439,5676668,16484,,551800,0,0,0,2,0,West,2008/2009,SH 44,DAVIDSON ST,,Non-Injury Crash,Yes,2009,0,East,0,0,1,Flat,0,,0,,0,Twilight,1593200,0,0,0,2,0,0,0,0,1,,0,0,Taranaki Region,Nil,2-way,Sealed,0,0,0,0,50,0,Off,0,0,,33,New Plymouth District,Nil,0,0,0,0,0,0,Urban,0,0,0,Fine,Null
1881037,5819693,16485,,538302,0,,0,2,,Null,2009/2010,RESOLUTION ROAD,JAMES COOK DRIVE,,Non-Injury Crash,No,2009,,East,,0,,Flat,,,,,,Overcast,1180100,0,0,0,2,,,0,,,,,,Bay of Plenty Region,Nil,2-way,Sealed,,0,0,,50,,Null,0,0,,23,Tauranga City,Give way,,,,,0,0,Urban,0,,,Fine,Null
2034901,5709707,16486,,544300,0,0,0,1,0,South,2008/2009,LYTTON ROAD,GOLDSMITH ST,,Non-Injury Crash,No,2009,0,West,0,0,0,Flat,0,,0,,0,Bright sun,1368300,0,0,0,2,0,0,0,0,1,,0,0,Gisborne Region,Nil,2-way,Sealed,0,0,0,0,50,0,Null,0,0,,28,Gisborne District,Nil,0,0,0,0,0,0,Urban,1,0,0,Fine,Null
1780931,5861274,16487,,526701,0,0,0,1,0,East,2009/2010,PUKEKAWA CHURCHILL ROAD,OTUITI ROAD,,Non-Injury Crash,No,2009,0,East,1,0,0,Hill Road,0,,0,,0,Twilight,844200,0,0,0,2,0,0,0,0,0,,0,0,Waikato Region,Nil,2-way,Sealed,0,0,0,0,100,0,None,0,0,,13,Waikato District,Nil,0,0,0,0,0,0,Open,0,0,0,Fine,Null
1764900,5910889,16488,,520500,0,,0,1,,North,2009/2010,SH 1N,OTAHUHU OFF SBD,,Non-Injury Crash,Yes,2009,,South,,0,,Hill Road,,,,,,Bright sun,635902,0,0,0,3,,,0,,,,,,,Nil,1-way,Sealed,,0,0,,100,,Off,1,0,,76,Auckland,Nil,,,,,0,0,Open,0,,,Fine,Null
1769381,5901033,16489,,524902,0,,0,2,,Null,2009/2010,ALFRISTON ROAD,CLAUDE ROAD,,Non-Injury Crash,No,2009,,East,,0,,Flat,,,,,,Bright sun,757700,0,0,0,2,,,0,,,,,,Auckland Region,Nil,2-way,Sealed,,0,0,,50,,Off,0,0,,76,Auckland,Stop,,,,,0,0,Urban,0,,,Fine,Null
1745447,5909392,16490,,512700,0,,0,1,,West,2009/2010,HUIA ROAD,LAINGHOLM DRIVE,,Non-Injury Crash,No,2009,,East,,0,,Hill Road,,,,,,Overcast,301600,0,0,0,2,,,0,,,,,,Auckland Region,Nil,2-way,Sealed,,0,0,,70,,Null,0,0,,76,Auckland,Unknown,,,,,0,0,Urban,0,,,Fine,Null
1768469,5881047,16491,,525921,0,,0,3,,East,2009/2010,WEST ST,CORONATION AVENUE,,Non-Injury Crash,No,2009,,East,,0,,Flat,,,,,,Overcast,821500,0,0,0,2,,,0,,,,,,Auckland Region,Nil,2-way,Sealed,,0,0,,50,,Off,0,0,,76,Auckland,Nil,,,,,0,0,Urban,0,,,Fine,Null
1680061,5404411,16492,,581230,0,,0,2,,Null,2009/2010,SH 1S,SH 6,,Non-Injury Crash,Yes,2009,,South,,0,,Flat,,,,,,Dark,2294900,0,0,0,2,,,0,,,,,,Marlborough Region,Nil,2-way,Sealed,,0,0,,50,,On,0,0,,53,Marlborough District,Give way,,,,,0,0,Urban,0,,,Fine,Null
1818199,5544477,16493,,560720,0,,0,2,,Null,2008/2009,GREY ST,CHURCH ST,,Non-Injury Crash,No,2009,,West,,0,,Flat,,,,,,Overcast,1765400,0,0,0,2,,,0,,,,,,Manawatū-Whanganui Region,Nil,2-way,Sealed,,0,0,,50,,Null,0,0,,39,Manawatu District,Give way,,,,,0,0,Urban,0,,,Fine,Null
1831557,5518331,16494,,577900,0,,0,0,,West,2008/2009,MAKOMAKO ROAD,INGLIS ROAD,,Non-Injury Crash,No,2009,,South,,0,,Flat,,,,,,Overcast,2221500,0,0,0,2,,,0,,,,,,Manawatū-Whanganui Region,Nil,2-way,Sealed,,0,0,,100,,Null,2,0,,41,Tararua District,Nil,,,,,0,0,Open,0,,,Light rain,Null
1773423,5444731,16495,,567300,0,,0,2,,Null,2008/2009,WILFORD ST,LANE ST,,Non-Injury Crash,No,2009,,South,,0,,Flat,,,,,,Overcast,1893600,0,0,0,2,,,0,,,,,,Wellington Region,Nil,2-way,Sealed,,0,0,,50,,Null,1,0,,45,Upper Hutt City,Nil,,,,,0,0,Urban,0,,,Fine,Null
1747644,5962916,16496,,506613,0,0,0,1,0,North,2009/2010,SH 1N,MOIRS HILL ROAD,,Non-Injury Crash,Yes,2009,0,South,0,0,0,Flat,1,,0,,0,Bright sun,147107,0,0,0,2,0,0,0,0,0,,0,0,Auckland Region,Nil,2-way,Sealed,0,0,0,0,100,0,Null,0,0,,76,Auckland,Unknown,0,0,0,0,0,0,Open,0,0,0,Fine,Null
1763724,5428929,16497,,565300,0,0,0,1,0,South,2008/2009,MAIN ROAD,GIBBS CRESCENT,,Non-Injury Crash,No,2009,0,South,0,0,0,Hill Road,0,,0,,1,Dark,2024400,0,0,0,2,0,0,0,0,0,,0,0,Wellington Region,Nil,2-way,Sealed,0,0,0,0,50,0,On,0,0,,46,Lower Hutt City,Nil,0,0,0,0,0,0,Urban,1,0,0,Fine,Null
1821937,5529072,16498,,562800,0,,0,2,,Null,2008/2009,FERGUSON ST,FITZHERBERT AVENUE,,Non-Injury Crash,No,2009,,West,,0,,Flat,,,,,,Bright sun,1828700,0,0,0,2,,,0,,,,,,Manawatū-Whanganui Region,Nil,2-way,Sealed,,0,0,,50,,Null,0,0,,40,Palmerston North City,Traffic Signals,,,,,0,0,Urban,0,,,Fine,Null
1766324,5901675,16499,,524604,0,,0,1,,Null,2009/2010,BROWNS ROAD,ROWANDALE AVENUE,,Non-Injury Crash,No,2009,,West,,0,,Flat,,,,,,Overcast,781400,0,0,0,2,,,0,,,,,,Auckland Region,Nil,2-way,Sealed,,0,0,,50,,Off,0,0,,76,Auckland,Give way,,,,,0,0,Urban,1,,,Fine,Null
1759054,5911845,16500,,519820,0,0,0,3,0,North,2009/2010,ONEHUNGA MALL,NEILSON ST,,Non-Injury Crash,No,2009,0,South,0,0,0,Flat,0,,0,,0,Bright sun,602401,0,0,0,2,0,0,0,0,0,,0,0,Auckland Region,Nil,2-way,Sealed,0,0,0,0,50,0,Off,0,0,,76,Auckland,Nil,0,0,0,0,0,0,Urban,0,1,0,Fine,Null
1813703,5456720,16501,,579501,0,0,0,1,0,Null,2009/2010,SH 2,SOMERSET ROAD,,Non-Injury Crash,Yes,2009,0,South,0,0,0,Flat,0,Christmas New Year,0,,0,Bright sun,2265200,0,0,0,2,0,0,0,0,0,,0,1,Wellington Region,Nil,2-way,Sealed,0,0,0,0,100,0,Null,0,0,,49,Carterton District,Give way,0,0,0,0,0,0,Open,0,0,0,Fine,Null
1756074,5918690,16502,,515500,0,0,0,0,0,East,2009/2010,SH 16,NEWTON OFF EBD,,Non-Injury Crash,Yes,2009,0,East,0,0,0,Flat,1,,0,,0,Overcast,417600,0,0,0,5,0,0,0,0,0,,0,0,Auckland Region,Nil,1-way,Sealed,0,0,0,0,100,0,Off,0,0,,76,Auckland,Nil,0,0,0,0,1,0,Open,0,0,0,Fine,Null
1802995,5691752,16503,,532904,0,,0,1,,Null,2009/2010,SH 4,MAHOE ROAD,,Non-Injury Crash,Yes,2009,,South,,0,,Flat,,,,,,Bright sun,1039000,0,0,0,2,,,0,,,,,,Manawatū-Whanganui Region,Nil,2-way,Sealed,,0,0,,100,,Null,0,0,,36,Ruapehu District,Stop,,,,,1,0,Open,0,,,Fine,Null
1754898,5444250,16504,,570900,0,,0,2,,Null,2009/2010,MUNGAVIN AVENUE,MUNGAVIN ON SBD,,Non-Injury Crash,No,2009,,West,,0,,Flat,,,,,,Bright sun,2056604,0,0,0,2,,,0,,,,,,Wellington Region,Nil,2-way,Sealed,,0,0,,50,,Null,0,0,,44,Porirua City,Give way,,,,,0,0,Urban,0,,,Fine,Null
1701666,5628875,16505,,553500,0,,0,2,,Null,2009/2010,SKEET ROAD,AHIPAIPA ROAD,,Non-Injury Crash,No,2009,,West,,0,,Hill Road,,,,,,Bright sun,1639200,0,0,0,2,,,0,,,,,,Taranaki Region,Nil,2-way,Sealed,,0,0,,100,,Null,0,0,,35,South Taranaki District,Give way,,,,,0,0,Open,0,,,Fine,Null
1933286,5601507,16506,,548832,0,0,0,0,0,North,2008/2009,DUART ROAD,GILLEAN ST,,Non-Injury Crash,No,2009,0,North,0,0,0,Flat,0,,0,,0,Overcast,1509000,0,0,0,2,0,0,0,0,0,,0,0,Hawke's Bay Region,Nil,2-way,Sealed,0,0,0,0,50,0,Null,1,0,,30,Hastings District,Nil,0,0,0,1,0,0,Urban,0,0,0,Light rain,Null
1837837,5834517,16507,,534604,0,0,0,1,0,Null,2009/2010,WAIHEKAU ROAD,PIRAUNUI ROAD,,Non-Injury Crash,No,2009,0,East,0,0,1,Flat,0,,0,,0,Dark,1107000,0,0,0,2,0,0,0,0,0,,0,0,Waikato Region,Nil,2-way,Sealed,0,0,0,0,100,0,None,0,0,,15,Matamata-Piako District,Nil,0,0,0,0,0,0,Open,0,0,0,Fine,Null
1754230,5445878,16508,,570700,0,0,0,1,0,North,2008/2009,TITAHI BAY ROAD,WI NEERA DRIVE,,Non-Injury Crash,No,2009,0,South,0,0,0,Flat,0,,0,,0,Overcast,2038400,0,0,0,2,0,0,0,0,0,,0,1,Wellington Region,Nil,2-way,Sealed,0,0,0,0,70,0,Null,0,0,,44,Porirua City,Nil,0,0,0,1,0,0,Urban,0,0,0,Fine,Null
1746983,5429657,16509,,574702,0,,1,1,,Null,2009/2010,WILTON ROAD,SURREY ST,,Non-Injury Crash,No,2009,,North,,0,,Flat,,,,,,Overcast,2103600,0,0,0,2,,,0,,,,,,Wellington Region,Nil,2-way,Sealed,,0,0,,50,,Null,0,0,,47,Wellington City,Nil,,,,,0,0,Urban,0,,,Light rain,Null
1819950,5485287,16510,,578401,0,0,0,1,0,North,2008/2009,SH 2,HIWITORU ROAD,,Non-Injury Crash,Yes,2009,0,North,0,0,0,Hill Road,1,,0,,0,Overcast,2229002,0,0,0,2,0,0,0,0,0,,0,0,Wellington Region,Nil,2-way,Sealed,0,0,0,0,100,0,Null,0,0,,48,Masterton District,Nil,0,0,0,0,0,0,Open,0,0,0,Fine,Null
1748106,5424884,16511,,575702,0,,0,0,,Null,2009/2010,MCCOLL ST,KRULL ST,,Non-Injury Crash,No,2009,,North,,0,,Hill Road,,,,,,Overcast,2199200,0,0,0,2,,,0,,,,,,Wellington Region,Nil,2-way,Sealed,,0,0,,50,,Null,1,0,,47,Wellington City,Nil,,,,,0,0,Urban,1,,,Light rain,Null
1950314,5791978,16512,,542410,0,0,0,1,0,North,2009/2010,MCGARVEY ROAD,POHUTU ST,,Non-Injury Crash,No,2009,0,North,0,0,1,Flat,0,,0,,0,Dark,1306900,0,0,0,2,0,0,0,0,0,,0,0,Bay of Plenty Region,Nil,2-way,Sealed,0,0,0,0,50,0,On,0,0,,25,Whakatane District,Nil,0,0,0,0,0,0,Urban,0,0,0,Heavy rain,Null
1929549,5604870,16513,,548200,0,,0,2,,Null,2008/2009,MARKET ST SOUTH,LYNDON ROAD WEST,,Non-Injury Crash,No,2009,,South,,0,,Flat,,,,,,Overcast,1489802,0,0,0,2,,,0,,,,,,Hawke's Bay Region,Nil,2-way,Sealed,,0,0,,50,,Null,0,0,,30,Hastings District,Give way,,,,,0,0,Urban,0,,,Fine,Null