X,Y,OBJECTID,advisorySpeed,areaUnitID,bicycle,bridge,bus,carStationWagon,cliffBank,crashDirectionDescription,crashFinancialYear,crashLocation1,crashLocation2,crashRoadSideRoad,crashSeverity,crashSHDescription,crashYear,debris,directionRoleDescription,ditch,fatalCount,fence,flatHill,guardRail,holiday,houseOrBuilding,intersection,kerb,light,meshblockId,minorInjuryCount,moped,motorcycle,NumberOfLanes,objectThrownOrDropped,otherObject,otherVehicleType,overBank,parkedVehicle,pedestrian,phoneBoxEtc,postOrPole,region,roadCharacter,roadLane,roadSurface,roadworks,schoolBus,seriousInjuryCount,slipOrFlood,speedLimit,strayAnimal,streetLight,suv,taxi,temporarySpeedLimit,tlaId,tlaName,trafficControl,trafficIsland,trafficSign,train,tree,truck,unknownVehicleType,urban,vanOrUtility,vehicle,waterRiver,weatherA,weatherB
1405397,4914438,16514,,604410,0,,0,2,,Null,2008/2009,HILLSIDE ROAD,BRADSHAW ST,,Non-Injury Crash,No,2009,,North,,0,,Flat,,,,,,Dark,2929800,0,0,0,2,,,0,,,,,,Otago Region,Nil,2-way,Sealed,,0,0,,50,,On,0,0,,71,Dunedin City,Traffic Signals,,,,,0,0,Urban,0,,,Fine,Null
1791042,5517757,16515,,561300,0,,0,1,,West,2009/2010,FOXTON BEACH ROAD,WYLIE ROAD,,Non-Injury Crash,No,2009,,West,,0,,Flat,,Labour Weekend,,,,Bright sun,1783500,0,0,0,2,,,0,,,,,,Manawatū-Whanganui Region,Nil,2-way,Sealed,,0,0,,50,,Null,0,0,,42,Horowhenua District,Nil,,,,,0,0,Urban,1,,,Fine,Null
1875779,5775214,16516,,538863,0,0,0,1,0,North,2009/2010,PARADISE VALLEY ROAD,CLAYTON ROAD,,Non-Injury Crash,No,2009,0,South,0,0,1,Flat,1,,0,,0,Overcast,1265308,0,0,0,2,0,0,0,0,0,,0,0,Bay of Plenty Region,Nil,2-way,Sealed,0,0,0,0,100,0,None,0,0,,24,Rotorua District,Nil,0,0,0,0,0,0,Open,0,0,0,Fine,Null
1981883,5670052,16517,,545500,0,0,0,1,0,West,2008/2009,MITCHELL ROAD,CHURCHILL AVENUE,,Non-Injury Crash,No,2009,0,West,1,0,0,Flat,0,,0,,0,Bright sun,1389000,0,0,0,2,0,0,0,0,0,,0,0,Hawke's Bay Region,Nil,2-way,Sealed,0,0,0,0,50,0,Null,0,0,,29,Wairoa District,Nil,0,0,0,0,0,0,Urban,0,0,0,Fine,Null
1759851,5436573,16518,,569100,0,,0,1,,Null,2008/2009,RUTHERFORD ST,QUEENS DRIVE,,Non-Injury Crash,No,2009,,South,,0,,Flat,,,,,,Overcast,1967200,0,0,0,4,,,0,,,,,,Wellington Region,Nil,2-way,Sealed,,0,0,,50,,Null,0,0,,46,Lower Hutt City,Give way,,,,,0,0,Urban,1,,,Light rain,Null
1929809,5616006,16519,,547300,0,0,0,1,0,Null,2008/2009,HETLEY CRESCENT,KOTUKU PLACE,,Non-Injury Crash,No,2009,0,West,0,0,0,Flat,0,,0,,1,Bright sun,1461009,0,0,0,2,0,0,0,0,0,,0,0,Hawke's Bay Region,Nil,2-way,Sealed,0,0,0,0,50,0,Null,0,0,,31,Napier City,Nil,0,0,0,1,0,0,Urban,0,0,0,Fine,Null
1295886,4887532,16520,,610033,0,0,0,1,0,East,2008/2009,SH 1S,HANKEY ROAD,,Non-Injury Crash,Yes,2009,0,East,0,0,0,Flat,0,,0,,0,Bright sun,3054900,0,0,0,2,0,0,0,0,0,,0,1,Southland Region,Nil,2-way,Sealed,0,0,0,0,100,0,Null,0,0,,74,Gore District,Unknown,0,0,0,0,0,0,Open,0,0,0,Fine,Null
1622327,5428429,16521,,583300,0,0,0,1,0,Null,2008/2009,Z FCT CALTEX,WAIMEA/MARKET,,Non-Injury Crash,No,2009,0,West,0,0,0,Flat,0,,0,,0,Dark,2331403,0,0,0,0,0,0,0,0,0,,0,0,Nelson Region,Nil,Off road,Sealed,0,0,0,0,50,0,On,0,0,,52,Nelson City,Nil,0,1,0,0,0,0,Urban,0,0,0,Fine,Null
1921102,5594963,16522,,545851,0,0,0,1,0,South,2009/2010,SH 2,TE MAHANGA ROAD,,Non-Injury Crash,Yes,2009,0,West,1,0,0,Flat,0,,0,,0,Dark,1463900,0,0,0,2,0,0,0,0,0,,0,0,Hawke's Bay Region,Nil,2-way,Unsealed,0,0,0,0,100,0,None,0,0,30,30,Hastings District,Nil,0,0,0,0,0,0,Open,0,0,0,Fine,Null
1820709,5528870,16523,,563000,0,,0,2,,Null,2009/2010,MAIN ST,LYNDHURST ST,,Non-Injury Crash,No,2009,,West,,0,,Flat,,,,,,Dark,1805700,0,0,0,2,,,0,,,,,,Manawatū-Whanganui Region,Nil,2-way,Sealed,,0,0,,50,,On,0,0,,40,Palmerston North City,Give way,,,,,0,0,Urban,0,,,Heavy rain,Null
1752585,5928361,16524,,508412,0,0,0,2,0,East,2009/2010,MANUKA ROAD,ANNE MCLEAN DRIVE,,Non-Injury Crash,No,2009,0,West,0,0,1,Flat,0,,0,,0,Overcast,186200,0,0,0,2,0,0,0,0,0,,0,0,Auckland Region,Nil,2-way,Sealed,0,0,0,0,50,0,Off,0,0,,76,Auckland,Nil,0,0,0,0,0,0,Urban,0,0,0,Fine,Null
1929201,5606191,16525,,547700,0,0,0,1,0,Null,2008/2009,EATON ROAD,ALLERTON ST,,Non-Injury Crash,No,2009,0,East,0,0,1,Flat,0,,0,,0,Overcast,1486100,0,0,0,2,0,0,0,0,0,,0,0,Hawke's Bay Region,Nil,2-way,Sealed,0,0,0,0,50,0,Null,0,0,,30,Hastings District,Nil,0,0,0,0,0,0,Urban,0,0,0,Fine,Null
1572589,5184748,16526,,590507,0,,0,2,,Null,2008/2009,SH 74,MARSHLAND ROAD,,Non-Injury Crash,Yes,2009,,East,,0,,Flat,,Christmas New Year,,,,Bright sun,2505701,0,0,0,4,,,0,,,,,,Canterbury Region,Nil,2-way,Sealed,,0,0,,80,,Null,0,0,,60,Christchurch City,Give way,,,,,0,0,Open,0,,,Fine,Null
1750443,5917995,16527,,514801,0,,0,2,,West,2009/2010,SH 16,WATERVIEW ON WBD,,Non-Injury Crash,Yes,2009,,North,,0,,Flat,,,,,,Bright sun,390401,0,0,0,3,,,0,,,,,,Auckland Region,Motorway ramp,1-way,Sealed,,0,0,,100,,Off,0,0,,76,Auckland,Nil,,,,,0,0,Open,0,,,Fine,Null
1764617,5911665,16528,,520500,0,,0,1,,Null,2009/2010,PANAMA ROAD,HILLSIDE ROAD,,Non-Injury Crash,No,2009,,West,,0,,Hill Road,,,,,,Twilight,636100,0,0,0,2,,,0,,,,,,Auckland Region,Bridge,2-way,Sealed,,0,0,,50,,On,0,0,,76,Auckland,Give way,,,,,0,0,Urban,1,,,Fine,Null
1753770,5945654,16529,,505906,0,0,0,2,0,East,2009/2010,WHANGAPARAOA ROAD,DOBELL ROAD,,Non-Injury Crash,No,2009,0,West,0,0,0,Hill Road,0,,0,,0,Bright sun,173806,0,0,0,2,0,0,0,0,1,,0,0,Auckland Region,Nil,2-way,Sealed,0,0,0,0,60,0,Off,0,0,,76,Auckland,Give way,0,0,0,0,0,0,Urban,0,0,0,Fine,Null
1764673,5905766,16530,,522100,0,,0,2,,Null,2009/2010,WYLLIE ROAD,STATION ROAD,,Non-Injury Crash,No,2009,,East,,0,,Flat,,,,,,Bright sun,657700,0,0,0,2,,,0,,,,,,Auckland Region,Nil,2-way,Sealed,,0,0,,50,,Off,0,0,,76,Auckland,Traffic Signals,,,,,0,0,Urban,0,,,Fine,Null
1754347,5434045,16531,,573526,0,,0,2,,West,2009/2010,SH 2,PETONE OFF NBD,,Non-Injury Crash,Yes,2009,,North,,0,,Flat,,,,,,Overcast,2086403,0,0,0,2,,,0,,,,,,Wellington Region,Nil,2-way,Sealed,,0,0,,100,,Null,0,0,,47,Wellington City,Nil,,,,,0,0,Open,0,,,Heavy rain,Null
1768512,5909239,16532,,523113,0,,0,2,,North,2009/2010,SPRINGS ROAD,LADY RUBY DRIVE,,Non-Injury Crash,No,2009,,South,,0,,Flat,,,,,,Bright sun,711809,0,0,0,4,,,0,,,,,,Auckland Region,Nil,2-way,Sealed,,0,0,,60,,Off,0,0,,76,Auckland,Nil,,,,,0,0,Urban,0,,,Fine,Null
1936319,5621054,16533,,546901,0,,0,2,,Null,2009/2010,KENNEDY ROAD,WELLESLEY ROAD,,Non-Injury Crash,No,2009,,South,,0,,Flat,,,,,,Overcast,1429700,0,0,0,2,,,0,,,,,,Hawke's Bay Region,Nil,2-way,Sealed,,0,0,,50,,Null,0,0,,31,Napier City,Traffic Signals,,,,,0,0,Urban,0,,,Fine,Null
1748371,5427107,16534,,573000,0,,0,1,,Null,2009/2010,SH 1N VIVIAN,WILLIS ST,,Non-Injury Crash,Yes,2009,,East,,0,,Flat,,,,,,Bright sun,2129700,0,0,0,3,,,0,,,,,,Wellington Region,Nil,1-way,Sealed,,0,0,,50,,Null,0,1,,47,Wellington City,Traffic Signals,,,,,0,0,Urban,1,,,Fine,Null
1758966,5925090,16535,,508110,0,0,0,2,0,East,2009/2010,EVAN ST,EVERSLEIGH ROAD,,Non-Injury Crash,No,2009,0,East,0,0,0,Flat,0,,0,,0,Bright sun,320400,0,0,0,1,0,0,0,0,1,,0,0,Auckland Region,Nil,2-way,Sealed,0,0,0,0,50,0,Off,0,0,,76,Auckland,Nil,0,0,0,0,0,0,Urban,0,0,0,Fine,Null
1825648,5886749,16536,,533501,0,,0,2,,Null,2009/2010,SH 25,MARY ST,,Non-Injury Crash,Yes,2009,,North,,0,,Flat,,,,,,Overcast,1052200,0,0,0,1,,,0,,,,,,Waikato Region,Nil,2-way,Sealed,,0,0,,50,,Off,0,0,,11,Thames-Coromandel District,Give way,,,,,0,0,Urban,0,,,Fine,Null
1404079,4914109,16537,,604210,0,0,0,2,0,West,2008/2009,RYEHILL ST,NOTTINGHAM CRESCENT,,Non-Injury Crash,No,2009,0,West,0,0,0,Hill Road,0,,0,,0,Bright sun,2911200,0,0,0,1,0,0,0,0,1,,0,0,Otago Region,Nil,2-way,Sealed,0,0,0,0,50,0,Null,0,0,,71,Dunedin City,Nil,0,0,0,0,0,0,Urban,0,0,0,Fine,Null
1758106,5915456,16538,,519300,0,,1,1,,South,2009/2010,MANUKAU ROAD,GREEN LANE WEST,,Non-Injury Crash,No,2009,,South,,0,,Flat,,,,,,Overcast,623100,0,0,0,4,,,0,,,,,,Auckland Region,Nil,2-way,Sealed,,0,0,,50,,Off,0,0,,76,Auckland,Nil,,,,,0,0,Urban,0,,,Heavy rain,Null
1847523,5532124,16539,75,550200,0,0,0,1,1,East,2008/2009,OLD SH 2,HOPELANDS ROAD,,Non-Injury Crash,Yes,2009,0,West,0,0,0,Flat,0,,0,,0,Overcast,1544000,0,0,0,2,0,0,0,0,0,,0,0,Manawatū-Whanganui Region,Nil,2-way,Sealed,0,0,0,0,100,0,Null,0,0,,41,Tararua District,Nil,0,0,0,0,0,0,Open,0,0,0,Heavy rain,Null
1241957,4854398,16540,,610601,0,,0,2,,West,2008/2009,WEST PLAINS ROAD,SH 6,,Non-Injury Crash,No,2009,,West,,0,,Flat,,,,,,Overcast,3099100,0,0,0,2,,,0,,,,,,Southland Region,Nil,2-way,Sealed,,0,0,,50,,Null,0,0,,75,Invercargill City,Nil,,,,,0,0,Urban,0,,,Fine,Null
1885811,5797822,16541,,536653,0,0,0,1,1,South,2009/2010,TE MATAI ROAD,RANGIURU ROAD,,Non-Injury Crash,No,2009,0,East,1,0,0,Flat,0,,0,,0,Bright sun,1210700,0,0,0,2,0,0,0,0,0,,0,0,Bay of Plenty Region,Nil,2-way,Unsealed,0,0,0,0,100,0,Null,0,0,,22,Western Bay of Plenty District,Unknown,0,0,0,0,0,0,Open,0,0,0,Fine,Null
1775304,5577702,16542,,557100,0,0,0,2,0,North,2008/2009,VICTORIA AVENUE,MARIA PLACE,,Non-Injury Crash,No,2009,0,East,0,0,0,Flat,0,,0,,0,Dark,1698600,0,0,0,2,0,0,0,0,1,,0,0,Manawatū-Whanganui Region,Nil,2-way,Sealed,0,0,0,0,50,0,On,0,0,,37,Whanganui District,Nil,0,0,0,0,0,0,Urban,0,0,0,Light rain,Null
1748646,5424867,16543,,576301,0,,0,2,,Null,2009/2010,ADELAIDE ROAD,STOKE ST,,Non-Injury Crash,No,2009,,South,,0,,Hill Road,,,,,,Bright sun,2165300,0,0,0,2,,,0,,,,,,Wellington Region,Nil,2-way,Sealed,,0,0,,50,,Null,0,0,,47,Wellington City,Nil,,,,,0,0,Urban,0,,,Fine,Null
1699130,5673538,16544,,551111,0,,0,2,,South,2009/2010,EGMONT ROAD,HENWOOD ROAD,,Non-Injury Crash,No,2009,,South,,0,,Flat,,,,,,Bright sun,1560600,0,0,0,2,,,0,,,,,,Taranaki Region,Nil,2-way,Sealed,,0,0,,100,,Null,0,0,,33,New Plymouth District,Nil,,,,,0,0,Open,0,,,Fine,Null
1880641,5819810,16545,,538302,0,,0,2,,Null,2009/2010,WELCOME BAY ROAD,JAMES COOK DRIVE,,Non-Injury Crash,No,2009,,West,,0,,Flat,,,,,,Bright sun,1180001,0,0,0,2,,,0,,,,,,Bay of Plenty Region,Nil,2-way,Sealed,,0,0,,60,,Null,0,0,,23,Tauranga City,Give way,,,,,0,0,Urban,0,,,Fine,Null
1761782,5436397,16546,,568501,0,,0,2,,Null,2008/2009,COPELAND ST,OXFORD TERRACE,,Non-Injury Crash,No,2009,,East,,0,,Flat,,,,,,Overcast,1946400,0,0,0,2,,,0,,,,,,Wellington Region,Nil,2-way,Sealed,,0,0,,50,,Null,0,0,,46,Lower Hutt City,Give way,,,,,0,0,Urban,0,,,Fine,Null
1816576,5535128,16547,,561901,0,0,0,1,0,North,2008/2009,SH 3,NEWBURY LINE,,Non-Injury Crash,Yes,2009,0,North,1,0,0,Hill Road,0,,0,,0,Dark,1795300,0,0,0,2,0,0,0,0,0,,0,0,Manawatū-Whanganui Region,Nil,2-way,Sealed,0,0,0,0,100,0,None,0,0,30,39,Manawatu District,Nil,0,0,0,0,0,0,Open,0,0,0,Fine,Null
1569451,5178102,16548,,595000,0,0,0,1,0,Null,2008/2009,SELWYN ST,CORONATION ST,,Non-Injury Crash,No,2009,0,South,0,0,1,Flat,0,,0,,0,Dark,2643700,0,0,0,2,0,0,0,0,0,,0,0,Canterbury Region,Nil,2-way,Sealed,0,0,0,0,50,0,On,0,0,,60,Christchurch City,Give way,0,0,0,0,0,0,Urban,0,0,0,Fine,Null
1740729,5916628,16549,,513102,0,,0,1,,South,2009/2010,COULTER ROAD,DROWER ROAD,,Non-Injury Crash,No,2009,,North,,0,,Hill Road,,,,,,Dark,237800,0,0,0,2,,,0,,,,,,Auckland Region,Nil,2-way,Sealed,,0,0,,70,,None,0,0,,76,Auckland,Nil,,,,,0,0,Urban,0,,,Mist or Fog,Null
1680145,5403465,16550,,581230,0,,0,1,,South,2008/2009,REDWOOD ST,MCARTNEY ST,,Non-Injury Crash,No,2009,,North,,0,,Flat,,,,,,Overcast,2299800,0,0,0,1,,,0,,,,,,Marlborough Region,Nil,2-way,Sealed,,0,0,,50,,Null,1,0,,53,Marlborough District,Give way,,,,,0,0,Urban,0,,,Heavy rain,Null
1875837,5823002,16551,,537302,0,0,0,0,0,North,2008/2009,SH 2,WAIHI OFF WBD,,Non-Injury Crash,Yes,2009,0,North,0,0,0,Flat,1,Queens Birthday,0,,0,Overcast,1161400,0,0,0,4,0,0,0,0,0,,0,0,Bay of Plenty Region,Nil,2-way,Sealed,0,0,0,0,80,0,Off,0,0,,23,Tauranga City,Nil,0,0,0,0,0,0,Open,1,0,0,Fine,Null
1760511,5432511,16552,,568800,0,0,0,1,0,South,2008/2009,GRACEFIELD ROAD,TUNNEL GROVE,,Non-Injury Crash,No,2009,0,South,0,0,0,Flat,0,,0,,0,Overcast,1980600,0,0,0,2,0,0,0,0,1,,0,0,Wellington Region,Nil,2-way,Sealed,0,0,0,0,50,0,Null,0,0,,46,Lower Hutt City,Nil,0,0,0,0,0,0,Urban,1,0,0,Light rain,Null
1743324,5916375,16553,,513220,0,0,0,1,0,South,2009/2010,STURGES ROAD,SAN BERNADINO DRIVE,,Non-Injury Crash,No,2009,0,North,0,0,0,Flat,0,,1,,0,Bright sun,236824,0,0,0,2,0,0,0,0,0,,0,0,Auckland Region,Nil,2-way,Sealed,0,0,0,0,50,0,Off,0,0,,76,Auckland,Nil,0,0,0,0,0,0,Urban,0,0,0,Fine,Null
1821868,5529871,16554,,562800,0,,0,2,,East,2009/2010,QUEEN ST,PRINCESS ST,,Non-Injury Crash,No,2009,,West,,0,,Flat,,,,,,Bright sun,1831100,0,0,0,2,,,0,,,,,,Manawatū-Whanganui Region,Nil,2-way,Sealed,,0,0,,50,,Null,0,0,,40,Palmerston North City,Nil,,,,,0,0,Urban,0,,,Fine,Null
1751483,5434719,16555,,573700,0,,0,0,,Null,2008/2009,JOHNSONVILLE ROAD,BRODERICK ROAD,,Non-Injury Crash,No,2009,,South,,0,,Flat,,,,,,Dark,2082900,0,0,0,4,,,0,,,,,,Wellington Region,Nil,2-way,Sealed,,0,0,,50,,On,0,0,,47,Wellington City,Traffic Signals,,,,,1,0,Urban,1,,,Fine,Null
1767036,5904728,16556,,524604,0,,0,1,,Null,2009/2010,CAVENDISH DRIVE,JACK CONWAY AVENUE,,Non-Injury Crash,No,2009,,West,,0,,Flat,,,,,,Bright sun,780209,0,0,0,3,,,0,,,,,,Auckland Region,Nil,2-way,Sealed,,0,0,,50,,Off,1,0,,76,Auckland,Nil,,,,,0,0,Urban,0,,,Fine,Null
1753574,5438637,16557,,573522,0,,0,3,,South,2008/2009,SH 1N,TAWA OFF NBD,,Non-Injury Crash,Yes,2009,,North,,0,,Flat,,,,,,Overcast,2053703,0,0,0,4,,,0,,,,,,Wellington Region,Nil,2-way,Sealed,,0,0,,100,,Null,0,0,,47,Wellington City,Nil,,,,,0,0,Open,0,,,Heavy rain,Null
1792068,5503574,16558,45,564011,0,0,0,1,0,South,2009/2010,KAWIU ROAD,LINDSAY ROAD,,Non-Injury Crash,No,2009,0,West,0,0,0,Flat,0,,0,,0,Dark,1855800,0,0,0,2,0,0,0,0,0,,0,0,Manawatū-Whanganui Region,Nil,2-way,Sealed,0,0,0,0,80,0,None,0,0,,42,Horowhenua District,Nil,0,1,0,1,0,0,Open,0,0,0,Light rain,Null
1672669,6081482,16559,,501700,0,0,0,1,0,East,2009/2010,SH 12,CLIFFORD ST,,Non-Injury Crash,Yes,2009,0,East,0,0,0,Flat,0,,0,,0,Overcast,42500,0,0,0,2,0,0,0,0,0,,0,0,Northland Region,Nil,2-way,Sealed,0,0,0,0,50,0,Off,1,0,,1,Far North District,Nil,0,0,0,0,0,0,Urban,0,1,0,Fine,Null
1795859,5524039,16560,,561500,0,0,0,0,0,South,2008/2009,SH 1N,HIGHWAY 56,,Non-Injury Crash,Yes,2009,0,North,0,0,1,Flat,0,,0,,0,Bright sun,1784700,0,0,0,2,0,0,0,0,0,,0,0,Manawatū-Whanganui Region,Nil,2-way,Sealed,0,0,0,0,100,0,Null,0,0,,42,Horowhenua District,Nil,0,0,0,0,1,0,Open,0,0,0,Fine,Null
1936064,5618985,16561,,546600,0,0,0,2,0,South,2008/2009,WILLIAMS ST,NASH ST,,Non-Injury Crash,No,2009,0,North,0,0,0,Flat,0,,0,,1,Dark,1434100,0,0,0,2,0,0,0,0,1,,0,0,Hawke's Bay Region,Nil,2-way,Sealed,0,0,0,0,50,0,On,0,0,,31,Napier City,Nil,0,0,0,0,0,0,Urban,0,0,0,Fine,Null
1936440,5619670,16562,,546600,0,0,0,2,0,South,2008/2009,SH 2,ASHRIDGE ROAD,,Non-Injury Crash,Yes,2009,0,South,0,0,0,Flat,0,,0,,0,Dark,1435200,0,0,0,2,0,0,0,0,1,,0,0,Hawke's Bay Region,Nil,2-way,Sealed,0,0,0,0,50,0,On,0,0,,31,Napier City,Nil,0,0,0,0,0,0,Urban,0,0,0,Fine,Null
1933709,5619623,16563,,546400,0,,0,1,,Null,2009/2010,SH 50,NIVEN ST,,Non-Injury Crash,Yes,2009,,East,,0,,Flat,,,,,,Overcast,1427600,0,0,0,4,,,0,,,,,,Hawke's Bay Region,Nil,2-way,Sealed,,0,0,,50,,Null,1,0,,31,Napier City,Give way,,,,,0,0,Urban,0,,,Light rain,Null
1755965,5918571,16564,,515500,0,,0,3,,West,2009/2010,SH 16,NEWTON OBR,,Non-Injury Crash,Yes,2009,,East,,0,,Flat,,,,,,Bright sun,418600,0,0,0,4,,,0,,,,,,Auckland Region,Nil,1-way,Sealed,,0,0,,80,,Off,1,0,,76,Auckland,Nil,,,,,1,0,Open,0,,,Fine,Null
1771620,5444739,16565,,567600,0,,0,2,,West,2008/2009,FERGUSSON DRIVE,MOONSHINE ROAD,,Non-Injury Crash,No,2009,,North,,0,,Flat,,,,,,Overcast,1891300,0,0,0,2,,,0,,,,,,Wellington Region,Nil,2-way,Sealed,,0,0,,50,,Null,1,0,,45,Upper Hutt City,Nil,,,,,0,0,Urban,0,,,Light rain,Strong wind
1937007,5621250,16566,,546901,0,0,0,1,0,East,2008/2009,Z CPK REBEL SPORT,HASTINGS/STATION,,Non-Injury Crash,No,2009,0,East,0,0,0,Flat,0,,0,,0,Bright sun,1431900,0,0,0,0,0,0,0,0,1,,0,0,Hawke's Bay Region,Nil,Off road,Sealed,0,0,0,0,50,0,Null,1,0,,31,Napier City,Nil,0,0,0,0,0,0,Urban,0,0,0,Fine,Null
1775470,5578231,16567,,556900,0,0,0,2,0,North,2009/2010,GUYTON ST,HARRISON ST,,Non-Injury Crash,No,2009,0,North,0,0,0,Flat,0,Christmas New Year,0,,0,Bright sun,1701500,0,0,0,2,0,0,0,0,1,,0,0,Manawatū-Whanganui Region,Nil,2-way,Sealed,0,0,0,0,50,0,Null,0,0,,37,Whanganui District,Nil,0,0,0,0,0,0,Urban,0,0,0,Fine,Null
1755499,5915452,16568,,518302,0,,0,1,,Null,2009/2010,DOMINION ROAD,SHACKLETON ROAD,,Non-Injury Crash,No,2009,,North,,0,,Flat,,,,,,Bright sun,555000,0,0,0,2,,,0,,,,,,Auckland Region,Nil,2-way,Sealed,,0,0,,50,,Off,0,0,,76,Auckland,Stop,,,,,0,0,Urban,1,,,Fine,Null
1768308,5909227,16569,,523112,0,,0,2,,West,2009/2010,KERWYN AVENUE,SPRINGS ROAD,,Non-Injury Crash,No,2009,,East,,0,,Flat,,,,,,Overcast,711600,0,0,0,2,,,0,,,,,,Auckland Region,Nil,2-way,Sealed,,0,0,,50,,Off,0,0,,76,Auckland,Nil,,,,,0,0,Urban,0,,,Light rain,Null
1801538,5814805,16570,,529700,0,,0,4,,East,2009/2010,BRIDGE ST,VICTORIA ST,,Non-Injury Crash,No,2009,,West,,0,,Flat,,,,,,Bright sun,912000,0,0,0,2,,,0,,,,,,Waikato Region,Bridge,2-way,Sealed,,0,0,,50,,Null,0,0,,16,Hamilton City,Unknown,,,,,0,0,Urban,0,,,Fine,Null
1756375,5943990,16571,,505902,0,,0,1,,East,2009/2010,WHANGAPARAOA ROAD,WADE RIVER ROAD,,Non-Injury Crash,No,2009,,East,,0,,Flat,,,,,,Bright sun,174220,0,0,0,3,,,0,,,,,,Auckland Region,Nil,2-way,Sealed,,0,0,,50,,Null,0,0,,76,Auckland,Nil,,,,,0,0,Urban,1,,,Fine,Null
1768564,5903317,16572,,523820,0,0,0,2,0,West,2009/2010,KIMDALE PLACE,EVERGLADE DRIVE,,Non-Injury Crash,No,2009,0,South,0,0,0,Flat,0,,0,,0,Bright sun,760120,0,0,0,2,0,0,0,0,1,,0,0,Auckland Region,Nil,2-way,Sealed,0,0,0,0,50,0,Off,0,0,,76,Auckland,Nil,0,0,0,0,0,0,Urban,0,0,0,Fine,Null
1537469,5363152,16573,,581842,0,0,0,0,0,South,2008/2009,SH 65,LOWER MARUIA BRIDGE,,Non-Injury Crash,Yes,2009,0,East,0,0,1,Flat,0,,0,,0,Bright sun,2380900,0,0,0,2,0,0,0,0,0,,0,0,Tasman Region,Nil,2-way,Sealed,0,0,0,0,100,0,Null,0,0,,51,Tasman District,Nil,0,0,0,0,0,0,Open,1,0,0,Fine,Null
1748526,5426820,16574,,573101,0,0,0,1,0,South,2009/2010,CUBA ST,ABEL SMITH ST,,Non-Injury Crash,No,2009,0,North,0,0,0,Flat,0,,0,,0,Overcast,2134600,0,0,0,2,0,0,0,0,1,,0,0,Wellington Region,Nil,2-way,Sealed,0,0,0,0,50,0,Null,0,0,,47,Wellington City,Nil,0,0,0,0,0,0,Urban,1,0,0,Fine,Null
1776694,5447948,16575,,566700,0,,0,2,,Null,2009/2010,SH 2,NORANA ROAD,,Non-Injury Crash,Yes,2009,,West,,0,,Hill Road,,Labour Weekend,,,,Bright sun,1913400,0,0,0,2,,,0,,,,,,Wellington Region,Nil,2-way,Sealed,,0,0,,70,,Null,1,0,,45,Upper Hutt City,Give way,,,,,0,0,Urban,0,,,Fine,Null
1351765,4865706,16576,,607300,0,0,0,1,0,West,2008/2009,KAKA POINT ROAD,KOAU ROAD,,Non-Injury Crash,No,2009,0,West,1,0,0,Flat,0,,0,,0,Dark,2997400,0,0,0,2,0,0,0,0,0,,0,0,Otago Region,Nil,2-way,Sealed,0,0,0,0,100,0,None,0,0,,72,Clutha District,Unknown,0,0,0,0,0,0,Open,0,0,0,Light rain,Null
1760334,5912481,16577,,520000,0,,0,2,,Null,2009/2010,CAPTAIN SPRINGS ROAD,GROTTO ST,,Non-Injury Crash,No,2009,,North,,0,,Flat,,,,,,Bright sun,606600,0,0,0,2,,,0,,,,,,Auckland Region,Nil,2-way,Sealed,,0,0,,50,,Off,0,0,,76,Auckland,Stop,,,,,0,0,Urban,0,,,Fine,Null
1758083,5436439,16578,,569302,0,0,0,2,0,South,2008/2009,CYPRESS DRIVE,LEMONWOOD GROVE,,Non-Injury Crash,No,2009,0,North,0,0,0,Flat,0,,0,,0,Overcast,1921309,0,0,0,2,0,0,0,0,1,,0,0,Wellington Region,Nil,2-way,Sealed,0,0,0,0,50,0,Null,0,0,,46,Lower Hutt City,Nil,0,0,0,0,0,0,Urban,0,0,0,Fine,Null
1772591,5472736,16579,,563705,0,0,0,1,0,East,2009/2010,TE MOANA ROAD,WINDSOR AVENUE,,Non-Injury Crash,No,2009,0,East,0,0,0,Flat,0,,0,,0,Dark,1876802,0,0,0,2,0,0,0,0,0,,0,0,Wellington Region,Nil,2-way,Sealed,0,0,0,0,50,0,On,0,0,,43,Kapiti Coast District,Nil,0,1,0,0,0,0,Urban,0,0,0,Fine,Null
1829886,5459015,16580,,578402,0,0,0,1,0,South,2008/2009,MASTERTON-STRONVAR ROAD,LEES PAKARAKA ROAD,,Non-Injury Crash,No,2009,0,South,1,0,0,Flat,0,,0,,0,Dark,2257402,0,0,0,2,0,0,0,0,0,,0,0,Wellington Region,Nil,2-way,Sealed,0,0,0,0,100,0,None,0,0,,48,Masterton District,Nil,0,0,0,1,0,0,Open,0,0,0,Fine,Null
1798699,5817316,16581,,528700,0,,0,2,,Null,2009/2010,STOREY AVENUE,GARNETT AVENUE,,Non-Injury Crash,No,2009,,East,,0,,Flat,,,,,,Twilight,901200,0,0,0,2,,,0,,,,,,Waikato Region,Nil,2-way,Sealed,,0,0,,50,,Off,0,0,,16,Hamilton City,Give way,,,,,0,0,Urban,0,,,Fine,Null
1754925,5445392,16582,,571502,0,0,0,3,0,Null,2008/2009,SH 1N,THE RAMP OFF SBD,,Non-Injury Crash,Yes,2009,0,South,0,0,0,Hill Road,1,Queens Birthday,0,,0,Dark,2056639,0,0,0,2,0,0,0,0,0,,0,0,Wellington Region,Nil,1-way,Sealed,0,0,0,0,100,0,On,0,0,,44,Porirua City,Nil,0,0,0,0,0,0,Open,0,0,0,Fine,Null