X,Y,OBJECTID,advisorySpeed,areaUnitID,bicycle,bridge,bus,carStationWagon,cliffBank,crashDirectionDescription,crashFinancialYear,crashLocation1,crashLocation2,crashRoadSideRoad,crashSeverity,crashSHDescription,crashYear,debris,directionRoleDescription,ditch,fatalCount,fence,flatHill,guardRail,holiday,houseOrBuilding,intersection,kerb,light,meshblockId,minorInjuryCount,moped,motorcycle,NumberOfLanes,objectThrownOrDropped,otherObject,otherVehicleType,overBank,parkedVehicle,pedestrian,phoneBoxEtc,postOrPole,region,roadCharacter,roadLane,roadSurface,roadworks,schoolBus,seriousInjuryCount,slipOrFlood,speedLimit,strayAnimal,streetLight,suv,taxi,temporarySpeedLimit,tlaId,tlaName,trafficControl,trafficIsland,trafficSign,train,tree,truck,unknownVehicleType,urban,vanOrUtility,vehicle,waterRiver,weatherA,weatherB
1800690,5815831,16583,,529700,0,0,0,2,0,North,2009/2010,VICTORIA ST,LONDON ST,,Non-Injury Crash,No,2009,0,South,0,0,0,Flat,0,,0,,0,Bright sun,910100,0,0,0,4,0,0,0,0,1,,0,0,Waikato Region,Nil,2-way,Sealed,0,0,0,0,50,0,Off,0,0,,16,Hamilton City,Unknown,0,0,0,0,0,0,Urban,0,0,0,Fine,Null
1752336,5425070,16584,,577302,0,0,0,1,0,West,2008/2009,ROTHERHAM TERRACE,PARK ROAD,,Non-Injury Crash,No,2009,0,East,0,0,0,Flat,0,,0,,0,Bright sun,2205500,0,0,0,2,0,0,0,0,1,,0,0,Wellington Region,Nil,2-way,Sealed,0,0,0,0,50,0,Null,0,0,,47,Wellington City,Nil,0,0,0,0,0,0,Urban,1,0,0,Fine,Null
1793399,5704458,16585,,532700,0,0,0,0,0,North,2008/2009,SH 4,KURA ROAD,,Non-Injury Crash,Yes,2009,0,North,0,0,0,Flat,0,,0,,1,Bright sun,1042400,0,0,0,2,0,0,0,1,0,,0,0,Manawatū-Whanganui Region,Nil,2-way,Sealed,0,0,0,0,100,0,Null,0,0,,36,Ruapehu District,Nil,0,0,0,0,0,0,Open,1,0,0,Fine,Null
1800006,5816010,16586,,529700,0,,0,2,,Null,2009/2010,TRISTRAM ST,MILL ST,,Non-Injury Crash,No,2009,,North,,0,,Flat,,,,,,Dark,909100,0,0,0,3,,,0,,,,,,Waikato Region,Nil,2-way,Sealed,,0,0,,50,,On,0,0,,16,Hamilton City,Traffic Signals,,,,,0,0,Urban,0,,,Fine,Null
1818561,5544536,16587,,560730,0,0,0,2,0,South,2008/2009,DENBIGH ST,GREY ST,,Non-Injury Crash,No,2009,0,South,0,0,0,Flat,0,,0,,0,Dark,1768900,0,0,0,2,0,0,0,0,1,,0,0,Manawatū-Whanganui Region,Nil,2-way,Sealed,0,0,0,0,50,0,On,0,0,,39,Manawatu District,Nil,0,0,0,0,0,0,Urban,0,0,0,Fine,Null
1576332,5391456,16588,,581842,0,0,0,0,0,West,2009/2010,SH 6,HOPE SDL,,Non-Injury Crash,Yes,2009,0,East,0,0,0,Hill Road,0,,0,,0,Bright sun,2376202,0,0,0,2,0,0,0,0,0,,0,0,Tasman Region,Nil,2-way,Sealed,0,0,0,0,100,0,Null,1,0,,51,Tasman District,Nil,0,0,0,1,0,0,Open,0,0,0,Fine,Null
1757032,5434954,16589,,569900,0,,0,2,,Null,2009/2010,HUTT ROAD,PETONE AVENUE,,Non-Injury Crash,No,2009,,West,,0,,Flat,,,,,,Bright sun,2034700,0,0,0,2,,,0,,,,,,Wellington Region,Nil,2-way,Sealed,,0,0,,50,,Null,0,0,,46,Lower Hutt City,Give way,,,,,0,0,Urban,0,,,Fine,Null
1758980,5912678,16590,,519820,0,,0,2,,Null,2009/2010,ONEHUNGA MALL,GREY ST,,Non-Injury Crash,No,2009,,North,,0,,Flat,,,,,,Overcast,600400,0,0,0,2,,,0,,,,,,Auckland Region,Nil,2-way,Sealed,,0,0,,50,,Off,0,0,,76,Auckland,Stop,,,,,0,0,Urban,0,,,Light rain,Null
1745790,5920513,16591,,513301,0,,0,1,,East,2009/2010,SH 16,LINCOLN OBR,,Non-Injury Crash,Yes,2009,,West,,0,,Flat,,,,,,Bright sun,230301,0,0,0,2,,,0,,,,,,Auckland Region,Nil,1-way,Sealed,,0,0,,100,,Off,0,0,,76,Auckland,Nil,,,,,0,0,Open,1,,,Fine,Null
1768916,5900839,16592,,525002,0,0,0,1,0,Null,2009/2010,GREAT SOUTH ROAD,WEYMOUTH ROAD,,Non-Injury Crash,No,2009,0,North,0,0,0,Flat,0,,0,,0,Overcast,752802,0,0,0,4,0,0,0,0,0,,0,1,Auckland Region,Nil,2-way,Sealed,0,0,0,0,50,0,Null,0,0,,76,Auckland,Give way,0,0,0,0,0,0,Urban,0,0,0,Light rain,Null
1682289,6095018,16593,,501633,0,,0,0,,South,2009/2010,WAIMATE NORTH ROAD,MONTROSE ROAD,,Non-Injury Crash,No,2009,,South,,0,,Hill Road,,,,,,Overcast,34301,0,0,0,1,,,0,,,,,,Northland Region,Nil,1-way,Unsealed,,0,0,,100,,None,0,0,,1,Far North District,Nil,,,,,1,0,Open,0,,,Fine,Null
1767896,5911913,16594,,522910,0,,0,1,,East,2009/2010,TI RAKAU DRIVE,GOSSAMER DRIVE,,Non-Injury Crash,No,2009,,West,,0,,Flat,,,,,,Twilight,687802,0,0,0,2,,,0,,,,,,Auckland Region,Nil,2-way,Sealed,,0,0,,50,,Off,1,0,,76,Auckland,Traffic Signals,,,,,0,0,Urban,0,,,Fine,Null
1931611,5616324,16595,,547200,0,,0,2,,Null,2008/2009,MEEANEE ROAD,GUPPY ROAD,,Non-Injury Crash,No,2009,,South,,0,,Flat,,,,,,Overcast,1458700,0,0,0,2,,,0,,,,,,Hawke's Bay Region,Nil,2-way,Sealed,,0,0,,50,,Null,0,0,,31,Napier City,Traffic Signals,,,,,0,0,Urban,0,,,Fine,Null
1751461,5434427,16596,,574100,0,0,0,2,0,South,2008/2009,FRASER AVENUE,JOHNSONVILLE ROAD,,Non-Injury Crash,No,2009,0,South,0,0,0,Hill Road,0,,0,,0,Dark,2084600,0,0,0,2,0,0,0,0,1,,0,0,Wellington Region,Nil,2-way,Sealed,0,0,0,0,50,0,On,0,0,,47,Wellington City,Nil,0,0,0,0,0,0,Urban,0,0,0,Fine,Null
1785512,5447496,16597,,567902,0,0,0,1,1,South,2009/2010,SH 2,MARCHANT ROAD,,Non-Injury Crash,Yes,2009,0,North,0,0,0,Hill Road,0,,0,,0,Overcast,1916300,0,0,0,2,0,0,0,0,0,,0,0,Wellington Region,Nil,2-way,Sealed,0,0,0,0,100,0,Null,0,0,,45,Upper Hutt City,Nil,0,0,0,0,0,0,Open,0,0,0,Snow,Frost
1857461,5602154,16598,,559220,0,0,0,0,2,East,2008/2009,MOKAI ROAD,TORERE ROAD,,Non-Injury Crash,No,2009,0,East,0,0,0,Hill Road,0,,0,,0,Overcast,1747400,0,0,0,2,0,0,0,0,0,,0,0,Manawatū-Whanganui Region,Nil,2-way,Unsealed,0,0,0,0,100,0,Null,2,0,50,38,Rangitikei District,Nil,0,0,0,0,0,0,Open,0,0,0,Fine,Null
1710667,5644941,16599,,553101,0,,0,1,,Null,2009/2010,SH 3,SH 43,,Non-Injury Crash,Yes,2009,,West,,0,,Flat,,,,,,Dark,1615800,0,0,0,2,,,0,,,,,,Taranaki Region,Nil,2-way,Sealed,,0,0,,50,,On,0,0,,34,Stratford District,Give way,,,,,1,0,Urban,0,,,Fine,Null
1870226,5507121,16600,,549901,0,0,0,1,0,North,2008/2009,PAHIATUA PONGAROA ROAD,ROUTE 52,,Non-Injury Crash,No,2009,0,South,0,0,0,Flat,0,,0,,0,Overcast,2224400,0,0,0,2,0,0,0,0,1,,0,0,Manawatū-Whanganui Region,Nil,2-way,Sealed,0,0,0,0,50,0,Null,0,0,,41,Tararua District,Nil,0,0,0,0,0,0,Urban,1,0,0,Fine,Null
1838811,5461699,16601,,578402,0,,0,0,,East,2008/2009,MASTERTON-CASTLEPOINT ROA,TE PARAE ROAD,,Non-Injury Crash,No,2009,,South,,0,,Hill Road,,,,,,Overcast,2255800,0,0,0,2,,,0,,,,,,Wellington Region,Nil,2-way,Sealed,,0,0,,100,,Null,0,0,,48,Masterton District,Nil,,,,,1,0,Open,0,,,Light rain,Null
1566675,5180165,16602,,590702,0,,0,2,,East,2008/2009,RICCARTON ROAD,EUSTON ST,,Non-Injury Crash,No,2009,,East,,0,,Flat,,,,,,Dark,2470600,0,0,0,2,,,0,,,,,,Canterbury Region,Nil,2-way,Sealed,,0,0,,50,,On,0,0,,60,Christchurch City,Unknown,,,,,0,0,Urban,0,,,Fine,Null
1731664,5686795,16603,,550700,0,0,0,0,0,South,2008/2009,SH 3,URUTI ROAD,,Non-Injury Crash,Yes,2009,0,North,1,0,0,Flat,0,,0,,0,Overcast,1552200,0,0,0,2,0,0,0,0,0,,0,0,Taranaki Region,Nil,2-way,Sealed,0,0,0,0,100,0,Null,0,0,,33,New Plymouth District,Nil,0,0,0,0,1,0,Open,0,0,0,Fine,Null
1679774,5401964,16604,,581250,0,,0,1,,Null,2009/2010,Z CPK REDWOOD TAV,CLEGHORN ST,,Non-Injury Crash,No,2009,,West,,0,,Flat,,,,,,Bright sun,2304800,0,0,0,0,,,0,,,,,,Marlborough Region,Nil,Off road,Sealed,,0,0,,50,,Null,1,0,,53,Marlborough District,Nil,,,,,0,0,Urban,0,,,Fine,Null
1929737,5614649,16605,55,545831,0,0,0,1,0,South,2008/2009,WAIOHIKI ROAD,HATAS LANE,,Non-Injury Crash,No,2009,0,North,0,0,1,Flat,0,,1,,0,Bright sun,1404600,0,0,0,2,0,0,0,0,0,,0,0,Hawke's Bay Region,Nil,2-way,Sealed,0,0,0,0,100,0,Null,0,0,,30,Hastings District,Nil,0,0,0,1,0,0,Open,0,0,0,Fine,Null
1756768,5915694,16606,,518301,0,0,0,2,0,Null,2009/2010,MOUNT EDEN ROAD,WAIRIKI ROAD,,Non-Injury Crash,No,2009,0,South,0,0,0,Hill Road,0,,0,,0,Dark,556600,0,0,0,2,0,0,0,0,1,,0,0,Auckland Region,Nil,2-way,Sealed,0,0,0,0,50,0,On,0,0,,76,Auckland,Stop,0,0,0,0,0,0,Urban,0,0,0,Fine,Null
1251904,5003510,16607,,609031,0,,0,2,,North,2008/2009,MOKE LAKE ROAD,GLENORCHY-QUEENSTOWN ROAD,,Non-Injury Crash,No,2009,,North,,0,,Flat,,,,,,Bright sun,3039502,0,0,0,1,,,0,,,,,,Otago Region,Nil,2-way,Unsealed,,0,0,,100,,Null,0,0,,70,Queenstown-Lakes District,Unknown,,,,,0,0,Open,0,,,Fine,Null
1747062,5919234,16608,,512402,0,,0,2,,Null,2009/2010,TE ATATU ROAD,JAEMONT AVENUE N,,Non-Injury Crash,No,2009,,North,,0,,Flat,,,,,,Twilight,254200,0,0,0,2,,,0,,,,,,Auckland Region,Nil,2-way,Sealed,,0,0,,50,,On,0,0,,76,Auckland,Give way,,,,,0,0,Urban,0,,,Light rain,Null
1926471,5601602,16609,,545852,0,0,0,0,0,South,2008/2009,RAILWAY ROAD SOUTH,LONGLANDS ROAD EAST,,Non-Injury Crash,No,2009,0,South,0,0,0,Hill Road,0,,0,,0,Dark,1468700,0,0,0,2,0,0,0,0,0,,0,0,Hawke's Bay Region,Nil,2-way,Sealed,0,0,0,0,100,0,None,0,0,,30,Hastings District,Nil,0,0,0,0,1,0,Open,0,0,0,Fine,Null
1904503,5568316,16610,,549200,0,0,0,1,0,North,2009/2010,SH 2,LINDSAY ROAD,,Non-Injury Crash,Yes,2009,0,South,0,0,1,Hill Road,0,,0,,0,Dark,1511700,0,0,0,2,0,0,0,0,0,,0,0,Hawke's Bay Region,Nil,2-way,Unsealed,0,0,0,0,50,0,None,0,0,,32,Central Hawke's Bay District,Nil,0,0,0,0,0,0,Urban,0,0,0,Fine,Null
1663441,5318970,16611,45,581500,0,0,0,1,1,North,2008/2009,SH 1S,BLUE DUCK VALLEY BR,,Non-Injury Crash,Yes,2009,0,North,0,0,0,Hill Road,0,,0,,0,Dark,2314600,0,0,0,2,0,0,0,0,0,,0,0,Canterbury Region,Nil,2-way,Sealed,0,0,0,0,100,0,None,0,0,,54,Kaikoura District,Unknown,0,0,0,0,0,0,Open,0,0,0,Fine,Null
1793049,5497128,16612,,564012,0,,0,2,,North,2008/2009,SH 57,KIMBERLEY ROAD,,Non-Injury Crash,Yes,2009,,South,,0,,Flat,,,,,,Overcast,1858902,0,0,0,2,,,0,,,,,,Manawatū-Whanganui Region,Nil,2-way,Sealed,,0,0,,100,,Null,0,0,,42,Horowhenua District,Nil,,,,,0,0,Open,0,,,Heavy rain,Null
1933104,5620961,16613,,545621,0,,0,2,,Null,2009/2010,PREBENSEN DRIVE,SH 2B,,Non-Injury Crash,Yes,2009,,East,,0,,Flat,,,,,,Overcast,1427801,0,0,0,2,,,0,,,,,,Hawke's Bay Region,Nil,2-way,Sealed,,0,0,,50,,Null,0,0,,31,Napier City,Give way,,,,,0,0,Urban,0,,,Fine,Null
1761195,5436569,16614,,568501,0,0,0,2,0,West,2008/2009,COPELAND ST,PILMUIR ST,,Non-Injury Crash,No,2009,0,East,0,0,0,Flat,0,,0,,0,Dark,1945800,0,0,0,2,0,0,0,0,1,,0,0,Wellington Region,Nil,2-way,Sealed,0,0,0,0,50,0,On,0,0,,46,Lower Hutt City,Nil,0,0,0,0,0,0,Urban,0,0,0,Fine,Null
1820005,5522628,16615,,561820,0,,0,1,,Null,2009/2010,SH 57,HEWITTS ROAD,,Non-Injury Crash,Yes,2009,,North,,0,,Flat,,,,,,Overcast,1797300,0,0,0,2,,,0,,,,,,Manawatū-Whanganui Region,Nil,2-way,Sealed,,0,0,,80,,Null,0,0,,40,Palmerston North City,Stop,,,,,0,0,Open,1,,,Fine,Null
1749064,5425225,16616,,576400,0,,0,1,,East,2008/2009,MEIN ST,RIDDIFORD ST,,Non-Injury Crash,No,2009,,East,,0,,Flat,,,,,,Bright sun,2167100,0,0,0,2,,,0,,,,,,Wellington Region,Nil,2-way,Sealed,,0,0,,50,,Null,0,0,,47,Wellington City,Nil,,,,,0,0,Urban,1,,,Fine,Null
1748593,5427641,16617,,573000,0,,0,2,,West,2008/2009,BOULCOTT ST,WILLIS ST,,Non-Injury Crash,No,2009,,East,,0,,Hill Road,,,,,,Bright sun,2128100,0,0,0,2,,,0,,,,,,Wellington Region,Nil,2-way,Sealed,,0,0,,50,,Null,0,1,,47,Wellington City,Nil,,,,,0,0,Urban,0,,,Fine,Null
1759780,5435366,16618,,569100,0,,0,1,,Null,2008/2009,LUDLAM CRESCENT,BELLEVUE ROAD,,Non-Injury Crash,No,2009,,East,,0,,Flat,,,,,,Bright sun,1970600,0,0,1,2,,,0,,,,,,Wellington Region,Nil,2-way,Sealed,,0,0,,50,,Null,0,0,,46,Lower Hutt City,Give way,,,,,0,0,Urban,0,,,Fine,Null
1573742,5179838,16619,,593700,0,,0,2,,North,2009/2010,CRANLEY ST,LINWOOD AVENUE,,Non-Injury Crash,No,2009,,East,,0,,Flat,,,,,,Overcast,2566700,0,0,0,2,,,0,,,,,,Canterbury Region,Nil,2-way,Sealed,,0,0,,50,,Null,0,0,,60,Christchurch City,Nil,,,,,0,0,Urban,0,,,Fine,Null
1800325,5555894,16620,,559230,0,0,0,1,1,West,2008/2009,SH 3,PUKEPAPA ROAD,,Non-Injury Crash,Yes,2009,0,West,0,0,1,Flat,0,,0,,0,Overcast,1733300,0,0,0,2,0,0,0,0,0,,0,0,Manawatū-Whanganui Region,Nil,2-way,Sealed,0,0,0,0,100,0,Null,0,0,,38,Rangitikei District,Nil,0,0,0,0,0,0,Open,0,0,0,Light rain,Null
1749296,5918169,16621,,514801,0,0,0,1,0,West,2009/2010,SH 16,ROSEBANK OFF WBD,,Non-Injury Crash,Yes,2009,0,West,0,0,0,Flat,1,,0,,0,Dark,390401,0,0,0,3,0,0,0,0,0,,0,0,Auckland Region,Nil,1-way,Sealed,0,0,0,0,100,0,On,0,0,,76,Auckland,Nil,0,0,0,0,0,0,Open,0,0,0,Fine,Null
1572355,5187709,16622,,590507,0,,0,2,,Null,2008/2009,MARSHLAND ROAD,LOWER STYX ROAD,,Non-Injury Crash,No,2009,,South,,0,,Flat,,,,,,Overcast,2503701,0,0,0,2,,,0,,,,,,Canterbury Region,Nil,2-way,Sealed,,0,0,,80,,Null,0,0,,60,Christchurch City,Stop,,,,,0,0,Open,0,,,Light rain,Null
2038834,5707542,16623,,544801,0,,0,1,,East,2009/2010,RUTENE ROAD,DE LAUTOUR ROAD,,Non-Injury Crash,No,2009,,West,,0,,Flat,,,,,,Dark,1384700,0,0,0,2,,,0,,,,,,Gisborne Region,Nil,2-way,Sealed,,0,0,,50,,On,1,0,,28,Gisborne District,Nil,,,,,0,0,Urban,0,,,Light rain,Null
1824276,5462417,16624,,578800,0,,0,2,,Null,2008/2009,COLOMBO ROAD,WORKSOP ROAD,,Non-Injury Crash,No,2009,,North,,0,,Flat,,,,,,Bright sun,2241800,0,0,0,2,,,0,,,,,,Wellington Region,Nil,2-way,Sealed,,0,0,,50,,Null,0,0,,48,Masterton District,Give way,,,,,0,0,Urban,0,,,Fine,Null
1751915,5432174,16625,,574002,0,,0,2,,Null,2009/2010,HUTT OFF SBD,HUTT ROAD,,Non-Injury Crash,Yes,2009,,South,,0,,Flat,,,,,,Bright sun,2078302,0,0,0,2,,,0,,,,,,Wellington Region,Nil,2-way,Sealed,,0,0,,50,,Null,0,0,,47,Wellington City,Traffic Signals,,,,,0,0,Urban,0,,,Fine,Null
1936401,5621761,16626,,546802,0,0,0,1,0,North,2008/2009,MILTON ROAD,CAMERON ROAD,,Non-Injury Crash,No,2009,0,South,0,0,0,Hill Road,1,,0,,1,Dark,1422800,0,0,0,2,0,0,0,0,0,,1,0,Hawke's Bay Region,Nil,2-way,Sealed,0,0,0,0,50,0,On,0,0,,31,Napier City,Nil,0,0,0,0,0,0,Urban,0,0,0,Light rain,Null
1763832,5909482,16627,,521901,0,,0,1,,Null,2009/2010,NIKAU ROAD,HALL AVENUE,,Non-Injury Crash,No,2009,,South,,0,,Flat,,,,,,Bright sun,784500,0,0,0,2,,,0,,,,,,Auckland Region,Nil,2-way,Sealed,,0,0,,50,,Null,0,0,,76,Auckland,Give way,,,,,0,0,Urban,1,,,Fine,Null
2029083,5720422,16628,,544001,0,0,0,1,0,South,2008/2009,SH 2,HILL ROAD,,Non-Injury Crash,Yes,2009,0,West,1,0,0,Flat,0,,0,,0,Dark,1357700,0,0,0,2,0,0,0,0,0,,0,1,Gisborne Region,Nil,2-way,Sealed,0,0,0,0,100,0,None,0,0,,28,Gisborne District,Nil,0,0,0,0,0,0,Open,0,0,0,Fine,Null
1760154,5434764,16629,,568701,0,,0,2,,North,2009/2010,CAMBRIDGE TERRACE,WHITES LINE EAST,,Non-Injury Crash,No,2009,,South,,0,,Flat,,,,,,Overcast,1977100,0,0,0,2,,,0,,,,,,Wellington Region,Nil,2-way,Sealed,,0,0,,50,,Null,0,0,,46,Lower Hutt City,Nil,,,,,0,0,Urban,0,,,Fine,Null
1774239,5578471,16630,,556700,0,,0,1,,South,2008/2009,GLASGOW ST,VICTORIA AVENUE,,Non-Injury Crash,No,2009,,South,,0,,Flat,,,,,,Bright sun,1721302,0,0,0,2,,,0,,,,,,Manawatū-Whanganui Region,Nil,2-way,Sealed,,0,0,,50,,Null,1,0,,37,Whanganui District,Nil,,,,,0,0,Urban,0,,,Fine,Null
1743215,5922647,16631,,513512,0,,0,1,,East,2009/2010,ROYAL ROAD,DON BUCK ROAD,,Non-Injury Crash,No,2009,,East,,0,,Flat,,,,,,Bright sun,224900,0,0,0,2,,,0,,,,,,Auckland Region,Nil,2-way,Sealed,,0,0,,50,,Off,0,0,,76,Auckland,Nil,,,,,1,0,Urban,0,,,Fine,Null
1823378,5901138,16632,35,533603,0,0,0,1,0,North,2009/2010,SH 25,TROTTER AVENUE,,Non-Injury Crash,Yes,2009,0,North,0,0,0,Flat,1,Christmas New Year,0,,0,Overcast,1056404,0,0,0,1,0,0,0,0,0,,0,0,Waikato Region,Nil,2-way,Sealed,0,0,0,0,100,0,None,0,0,,11,Thames-Coromandel District,Nil,0,0,0,0,0,0,Open,0,0,1,Light rain,Null
1622187,5431115,16633,,582401,0,0,0,1,1,Null,2009/2010,WASHINGTON ROAD,PRINCES DRIVE,,Non-Injury Crash,No,2009,0,West,0,0,0,Hill Road,0,,0,,0,Dark,2325700,0,0,0,2,0,0,0,0,0,,0,0,Nelson Region,Nil,2-way,Sealed,0,0,0,0,50,0,On,0,0,,52,Nelson City,Stop,0,0,0,0,0,0,Urban,0,0,0,Fine,Null
1691459,5674353,16634,,551700,0,,0,2,,Null,2008/2009,TUKAPA ST,CLAWTON ST,,Non-Injury Crash,No,2009,,North,,0,,Flat,,,,,,Overcast,1575602,0,0,0,2,,,0,,,,,,Taranaki Region,Nil,2-way,Sealed,,0,0,,50,,Null,0,0,,33,New Plymouth District,Give way,,,,,0,0,Urban,0,,,Fine,Strong wind
1929510,5614317,16635,,545831,0,0,0,1,1,North,2008/2009,WAIOHIKI ROAD,VICTORIA LANE,,Non-Injury Crash,No,2009,0,South,0,0,0,Flat,0,,0,,0,Dark,1409400,0,0,0,2,0,0,0,0,0,,0,0,Hawke's Bay Region,Nil,2-way,Sealed,0,0,0,0,70,0,None,0,0,,30,Hastings District,Nil,0,0,0,0,0,0,Urban,0,0,0,Heavy rain,Null
1748770,5428185,16636,,573000,0,,0,2,,Null,2008/2009,PANAMA ST,FEATHERSTON ST,,Non-Injury Crash,No,2009,,South,,0,,Flat,,,,,,Overcast,2125800,0,0,0,1,,,0,,,,,,Wellington Region,Nil,1-way,Sealed,,0,0,,50,,Null,0,0,,47,Wellington City,Traffic Signals,,,,,0,0,Urban,0,,,Fine,Null
1798292,5773593,16637,,531304,0,0,0,1,0,West,2009/2010,SH 3,KIO KIO STATION ROAD,,Non-Injury Crash,Yes,2009,0,North,0,0,1,Flat,0,,0,,0,Dark,1000900,0,0,0,2,0,0,0,0,0,,0,0,Waikato Region,Nil,2-way,Sealed,0,0,0,0,100,0,None,0,0,,18,Ōtorohanga District,Unknown,0,0,0,0,0,0,Open,0,0,0,Fine,Null
1820897,5529789,16638,,562800,0,,0,2,,North,2009/2010,WALDEGRAVE ST,CUBA ST,,Non-Injury Crash,No,2009,,South,,0,,Flat,,,,,,Bright sun,1827400,0,0,0,2,,,0,,,,,,Manawatū-Whanganui Region,Nil,2-way,Sealed,,0,0,,50,,Null,0,0,,40,Palmerston North City,Nil,,,,,0,0,Urban,0,,,Fine,Null
1764802,5903685,16639,,524604,0,,0,2,,Null,2009/2010,ROSCOMMON ROAD,SH 20,,Non-Injury Crash,No,2009,,North,,0,,Flat,,,,,,Dark,781200,0,0,0,2,,,0,,,,,,Auckland Region,Nil,2-way,Sealed,,0,0,,80,,On,0,0,,76,Auckland,Traffic Signals,,,,,0,0,Open,0,,,Light rain,Null
1757933,5918068,16640,,515700,0,,0,3,,North,2009/2010,SH 1N,GILLIES OFF SBD,,Non-Injury Crash,Yes,2009,,South,,0,,Flat,,,,,,Bright sun,443200,0,0,0,4,,,0,,,,,,Auckland Region,Nil,1-way,Sealed,,0,0,,50,,Off,0,0,,76,Auckland,Nil,,,,,0,0,Urban,0,,,Fine,Null
1820078,5529062,16641,,562310,0,,0,2,,Null,2008/2009,BOTANICAL ROAD,CHELWOOD ST,,Non-Injury Crash,No,2009,,North,,0,,Flat,,,,,,Dark,1824900,0,0,0,2,,,0,,,,,,Manawatū-Whanganui Region,Nil,2-way,Sealed,,0,0,,50,,On,0,0,,40,Palmerston North City,Stop,,,,,0,0,Urban,0,,,Light rain,Null
1690944,5675203,16642,,551501,0,0,0,1,0,Null,2009/2010,LYN ST,DOONE ST,,Non-Injury Crash,No,2009,0,North,0,0,0,Flat,0,,0,,1,Twilight,1582100,0,0,0,2,0,0,0,0,0,,0,0,Taranaki Region,Nil,2-way,Sealed,0,0,0,0,50,0,On,0,0,,33,New Plymouth District,Nil,0,0,0,0,0,0,Urban,0,0,0,Fine,Null
1756000,5921072,16643,,515202,0,,0,1,,North,2009/2010,SH 1N,FANSHAWE ON NBD,,Non-Injury Crash,Yes,2009,,North,,0,,Flat,,,,,,Overcast,425600,0,0,0,4,,,0,,,,,,Auckland Region,Nil,1-way,Sealed,,0,0,,80,,Null,0,0,,76,Auckland,Unknown,,,,,1,0,Open,0,,,Fine,Null
1935445,5621011,16644,,546801,0,0,0,0,0,Null,2009/2010,SH 2 HYDERABAD,GEORGES DRIVE,,Non-Injury Crash,Yes,2009,0,East,0,0,0,Flat,0,,0,,0,Bright sun,1426100,0,0,0,5,0,0,0,0,0,,0,0,Hawke's Bay Region,Nil,2-way,Sealed,0,0,0,0,50,0,Null,0,0,,31,Napier City,Traffic Signals,0,1,0,0,1,0,Urban,0,0,0,Fine,Null
1757390,5928942,16645,,507800,0,,0,2,,Null,2009/2010,KITCHENER ROAD,SHAKESPEARE ROAD,,Non-Injury Crash,No,2009,,West,,0,,Flat,,,,,,Bright sun,307300,0,0,0,3,,,0,,,,,,Auckland Region,Nil,2-way,Sealed,,0,0,,50,,Off,0,0,,76,Auckland,Traffic Signals,,,,,0,0,Urban,0,,,Light rain,Null
1769069,5471189,16646,,566000,0,,0,2,,West,2009/2010,MAZENGARB ROAD,SCAIFE DRIVE,,Non-Injury Crash,No,2009,,West,,0,,Flat,,,,,,Bright sun,1999713,0,0,0,2,,,0,,,,,,Wellington Region,Nil,2-way,Sealed,,0,0,,50,,Null,0,0,,43,Kapiti Coast District,Nil,,,,,0,0,Urban,0,,,Fine,Null
1570882,5180281,16647,,591500,0,,0,3,,Null,2008/2009,MANCHESTER ST,GLOUCESTER ST,,Non-Injury Crash,No,2009,,North,,0,,Flat,,,,,,Dark,2652600,0,0,0,2,,,0,,,,,,Canterbury Region,Nil,2-way,Sealed,,0,0,,50,,On,0,0,,60,Christchurch City,Traffic Signals,,,,,0,0,Urban,0,,,Fine,Null
1831650,5522338,16648,,577900,0,0,0,1,0,South,2009/2010,PAHIATUA TRACK,NORTH RANGE ROAD,,Non-Injury Crash,No,2009,0,South,0,0,0,Hill Road,0,,0,,0,Dark,2219900,0,0,0,2,0,0,0,1,0,,0,0,Manawatū-Whanganui Region,Nil,2-way,Sealed,0,0,0,0,100,0,None,0,0,,41,Tararua District,Nil,0,0,0,0,0,0,Open,0,0,0,Fine,Null
1769001,5468445,16649,,566000,0,,0,1,,South,2008/2009,EPIHA ST,HINEMOA ST,,Non-Injury Crash,No,2009,,South,,0,,Flat,,,,,,Overcast,1997200,0,0,0,2,,,0,,,,,,Wellington Region,Nil,2-way,Sealed,,0,0,,50,,Null,0,0,,43,Kapiti Coast District,Nil,,,,,0,0,Urban,1,,,Fine,Null
1413533,4917841,16650,,604822,0,0,0,1,0,North,2009/2010,PORTOBELLO ROAD,GREENACRES ST,,Non-Injury Crash,No,2009,0,South,0,0,1,Flat,0,,0,,0,Dark,2942100,0,0,0,2,0,0,0,0,0,,0,0,Otago Region,Nil,2-way,Sealed,0,0,0,0,50,0,On,0,0,,71,Dunedin City,Unknown,0,0,0,0,0,0,Urban,0,0,0,Fine,Frost
1382807,4918647,16651,,602500,0,0,0,1,1,West,2008/2009,SH 87,WOODSIDE ROAD,,Non-Injury Crash,Yes,2009,0,East,0,0,0,Flat,0,,0,,0,Bright sun,2975000,0,0,0,1,0,0,0,0,0,,0,0,Otago Region,Nil,2-way,Sealed,0,0,0,0,100,0,Null,0,0,,71,Dunedin City,Unknown,0,0,0,0,0,0,Open,0,0,0,Fine,Null