X,Y,OBJECTID,advisorySpeed,areaUnitID,bicycle,bridge,bus,carStationWagon,cliffBank,crashDirectionDescription,crashFinancialYear,crashLocation1,crashLocation2,crashRoadSideRoad,crashSeverity,crashSHDescription,crashYear,debris,directionRoleDescription,ditch,fatalCount,fence,flatHill,guardRail,holiday,houseOrBuilding,intersection,kerb,light,meshblockId,minorInjuryCount,moped,motorcycle,NumberOfLanes,objectThrownOrDropped,otherObject,otherVehicleType,overBank,parkedVehicle,pedestrian,phoneBoxEtc,postOrPole,region,roadCharacter,roadLane,roadSurface,roadworks,schoolBus,seriousInjuryCount,slipOrFlood,speedLimit,strayAnimal,streetLight,suv,taxi,temporarySpeedLimit,tlaId,tlaName,trafficControl,trafficIsland,trafficSign,train,tree,truck,unknownVehicleType,urban,vanOrUtility,vehicle,waterRiver,weatherA,weatherB
1756745,5920552,16652,,514102,0,0,0,2,0,West,2009/2010,VICTORIA ST WEST,HARDINGE ST,,Non-Injury Crash,No,2009,0,West,0,0,0,Flat,0,,0,,0,Dark,433700,0,0,0,4,0,0,0,0,1,,0,0,Auckland Region,Nil,2-way,Sealed,0,0,0,0,50,0,On,0,0,,76,Auckland,Nil,0,0,0,0,0,0,Urban,0,0,0,Fine,Null
1751920,5432072,16653,,574002,0,0,0,1,0,North,2009/2010,SH 1N,SH 2,,Non-Injury Crash,Yes,2009,0,South,0,0,0,Flat,1,,0,,0,Dark,2078302,0,0,0,2,0,0,0,0,0,,0,0,Wellington Region,Motorway ramp,2-way,Sealed,0,0,0,0,100,0,On,0,0,,47,Wellington City,Nil,0,0,0,0,0,0,Open,0,0,0,Light rain,Null
1615815,5424356,16654,,584201,0,,0,0,,Null,2009/2010,BEACH ROAD,MCPHERSON ST,,Non-Injury Crash,No,2009,,North,,0,,Flat,,,,,,Bright sun,2361100,0,0,0,2,,,0,,,,,,Tasman Region,Nil,2-way,Sealed,,0,0,,50,,Null,2,0,,51,Tasman District,Nil,,,,,0,0,Urban,0,,,Fine,Null
1700963,5640832,16655,,553004,0,0,0,0,0,North,2008/2009,PALMER ROAD,OPUNAKE ROAD,,Non-Injury Crash,No,2009,0,South,1,0,1,Hill Road,0,,0,,0,Dark,1616900,0,0,0,2,0,0,0,0,0,,0,0,Taranaki Region,Nil,2-way,Sealed,0,0,0,0,100,0,None,0,0,,34,Stratford District,Nil,0,0,0,0,0,0,Open,1,0,0,Heavy rain,Null
1613323,5422160,16656,,581720,0,,0,1,,South,2008/2009,WHITE ROAD,SH 6,,Non-Injury Crash,No,2009,,North,,0,,Flat,,,,,,Bright sun,2358800,0,0,0,2,,,0,,,,,,Tasman Region,Nil,2-way,Sealed,,0,0,,60,,Null,0,0,,51,Tasman District,Nil,,,,,0,0,Urban,1,,,Fine,Null
1750818,5432089,16657,,574302,0,,0,1,,East,2008/2009,CASHMERE AVENUE,MANDALAY TERRACE,,Non-Injury Crash,No,2009,,East,,0,,Hill Road,,,,,,Overcast,2090001,0,0,0,2,,,0,,,,,,Wellington Region,Nil,2-way,Sealed,,0,0,,50,,Null,1,0,,47,Wellington City,Nil,,,,,0,0,Urban,0,,,Fine,Null
1929367,5604909,16658,,548200,0,,0,2,,Null,2008/2009,SOUTHAMPTON ST WEST,KING ST SOUTH,,Non-Injury Crash,No,2009,,North,,0,,Flat,,,,,,Overcast,1489100,0,0,0,2,,,0,,,,,,Hawke's Bay Region,Nil,2-way,Sealed,,0,0,,50,,Null,0,0,,30,Hastings District,Give way,,,,,0,0,Urban,0,,,Fine,Null
1841992,5784195,16659,75,535250,0,,0,1,,East,2008/2009,ARAPUNI ROAD,WAOTU ROAD,,Non-Injury Crash,No,2009,,West,,0,,Flat,,,,,,Bright sun,1132501,0,0,0,2,,,0,,,,,,Waikato Region,Nil,2-way,Sealed,,0,0,,100,,Off,0,0,,19,South Waikato District,Nil,,,,,0,0,Open,0,,,Fine,Null
1935163,5618764,16660,,546500,0,,0,1,,Null,2008/2009,RIVERBEND ROAD,WYCLIFFE ST,,Non-Injury Crash,No,2009,,South,,0,,Flat,,,,,,Overcast,1440800,0,0,0,2,,,0,,,,,,Hawke's Bay Region,Nil,2-way,Sealed,,0,0,,50,,Null,0,0,,31,Napier City,Stop,,,,,0,0,Urban,1,,,Fine,Null
1797604,5612554,16661,,554900,0,,0,1,,North,2009/2010,SH 4,FIELDS TRACK,,Non-Injury Crash,Yes,2009,,South,,0,,Hill Road,,,,,,Dark,1674700,0,0,0,1,,,0,,,,,,Manawatū-Whanganui Region,Nil,2-way,Sealed,,0,0,,100,,None,0,0,30,36,Ruapehu District,Nil,,,,,1,0,Open,0,,,Heavy rain,Strong wind
1753496,5933312,16662,,508804,0,,0,1,,Null,2009/2010,GREVILLE ROAD,GREVILLE ON SBD,,Non-Injury Crash,No,2009,,South,,0,,Flat,,,,,,Overcast,180701,0,0,0,2,,,0,,,,,,Auckland Region,Nil,2-way,Sealed,,0,0,,50,,Off,1,0,,76,Auckland,Give way,,,,,0,0,Urban,0,,,Light rain,Null
1746236,5914018,16663,,511001,0,,0,2,,Null,2009/2010,WEST COAST ROAD,ROSIER ROAD,,Non-Injury Crash,No,2009,,West,,0,,Flat,,,,,,Dark,282701,0,0,0,4,,,0,,,,,,Auckland Region,Nil,2-way,Sealed,,0,0,,50,,On,0,0,,76,Auckland,Traffic Signals,,,,,0,0,Urban,0,,,Fine,Null
1762180,5436666,16664,,568502,0,,0,2,,Null,2008/2009,CAMBRIDGE TERRACE,NAENAE ROAD,,Non-Injury Crash,No,2009,,West,,0,,Flat,,,,,,Bright sun,1951800,0,0,0,2,,,0,,,,,,Wellington Region,Nil,2-way,Sealed,,0,0,,50,,Null,0,0,,46,Lower Hutt City,Give way,,,,,0,0,Urban,0,,,Fine,Null
1404607,4915329,16665,,604110,0,0,0,2,0,Null,2009/2010,CARSON ST,APPOLD ST,,Non-Injury Crash,No,2009,0,West,0,0,0,Hill Road,0,,0,,0,Dark,2920200,0,0,0,2,0,0,0,0,1,,0,0,Otago Region,Nil,2-way,Sealed,0,0,0,0,50,0,On,0,0,,71,Dunedin City,Nil,0,0,0,0,0,0,Urban,0,0,0,Fine,Null
1760610,5912349,16666,,520000,0,,0,1,,Null,2009/2010,MAYS ROAD,CHURCH ST,,Non-Injury Crash,No,2009,,South,,0,,Flat,,,,,,Bright sun,607500,0,0,0,2,,,0,,,,,,Auckland Region,Nil,2-way,Sealed,,0,0,,50,,Off,0,0,,76,Auckland,Give way,,,,,0,0,Urban,1,,,Fine,Null
1751435,5434554,16667,,573700,0,,0,2,,Null,2008/2009,Z DWAY BURGER KING,JOHNSONVILLE ROAD,,Non-Injury Crash,No,2009,,West,,0,,Flat,,,,,,Overcast,2083100,0,0,0,1,,,0,,,,,,Wellington Region,Nil,Off road,Sealed,,0,0,,50,,Null,0,0,,47,Wellington City,Nil,,,,,0,0,Urban,0,,,Fine,Null
1616577,5422849,16668,,584201,0,,0,1,,North,2008/2009,WILLIAM ST,HILL ST,,Non-Injury Crash,No,2009,,South,,0,,Flat,,,,,,Dark,2362600,0,0,0,2,,,0,,,,,,Tasman Region,Nil,2-way,Sealed,,0,0,,50,,On,1,0,,51,Tasman District,Nil,,,,,0,0,Urban,0,,,Fine,Null
1756821,5920168,16669,,514102,0,,0,2,,East,2009/2010,COOK ST,NELSON ST,,Non-Injury Crash,No,2009,,West,,0,,Hill Road,,,,,,Dark,434103,0,0,0,5,,,0,,,,,,Auckland Region,Nil,2-way,Sealed,,0,0,,50,,On,0,0,,76,Auckland,Nil,,,,,0,0,Urban,0,,,Light rain,Null
1773445,5891868,16670,,521301,0,,0,1,,Null,2009/2010,GREAT SOUTH ROAD,WAIHOEHOE ROAD,,Non-Injury Crash,No,2009,,West,,0,,Flat,,,,,,Overcast,809300,0,0,1,2,,,0,,,,,,Auckland Region,Nil,2-way,Sealed,,0,0,,50,,Off,0,0,,76,Auckland,Give way,,,,,0,0,Urban,0,,,Fine,Null
1717421,6055253,16671,,502001,0,,0,2,,Null,2009/2010,SH 1N,SALEYARDS ROAD N,,Non-Injury Crash,Yes,2009,,South,,0,,Flat,,,,,,Overcast,64300,0,0,0,2,,,0,,,,,,Northland Region,Nil,2-way,Sealed,,0,0,,100,,Null,0,0,,2,Whangarei District,Stop,,,,,0,0,Open,0,,,Fine,Null
1824506,5463618,16672,,578600,0,,0,2,,Null,2008/2009,DIXON ST,MEMORIAL DRIVE,,Non-Injury Crash,No,2009,,North,,0,,Flat,,,,,,Overcast,2245300,0,0,0,2,,,0,,,,,,Wellington Region,Nil,2-way,Sealed,,0,0,,50,,Null,0,0,,48,Masterton District,Give way,,,,,0,0,Urban,0,,,Heavy rain,Null
1748743,5425256,16673,,576301,0,0,0,3,0,North,2008/2009,ADELAIDE ROAD,HALL ST,,Non-Injury Crash,No,2009,0,South,0,0,0,Hill Road,0,,0,,0,Bright sun,2163900,0,0,0,2,0,0,0,0,1,,0,0,Wellington Region,Nil,2-way,Sealed,0,0,0,0,50,0,Null,0,0,,47,Wellington City,Give way,0,0,0,0,1,0,Urban,0,0,0,Fine,Null
1695413,5676894,16674,,552100,0,,0,2,,East,2008/2009,SH 3,PARALLEL ACCESS,,Non-Injury Crash,Yes,2009,,North,,0,,Flat,,,,,,Bright sun,1599600,0,0,0,2,,,0,,,,,,Taranaki Region,Nil,2-way,Sealed,,0,0,,50,,Null,0,0,,33,New Plymouth District,Nil,,,,,0,0,Urban,1,,,Fine,Null
1765323,5909304,16675,,523402,0,,0,1,,South,2009/2010,SH 1N,PRINCES OBR,,Non-Injury Crash,Yes,2009,,South,,0,,Flat,,,,,,Overcast,696900,0,0,0,4,,,0,,,,,,Auckland Region,Nil,1-way,Sealed,,0,0,,100,,On,0,0,,76,Auckland,Nil,,,,,0,0,Open,1,,,Light rain,Null
1573313,5182890,16676,,592811,0,,0,2,,Null,2008/2009,CRESSWELL AVENUE W,NEW BRIGHTON ROAD,,Non-Injury Crash,No,2009,,East,,0,,Flat,,,,,,Overcast,2602400,0,0,0,2,,,0,,,,,,Canterbury Region,Nil,2-way,Sealed,,0,0,,50,,Null,0,0,,60,Christchurch City,Give way,,,,,0,0,Urban,0,,,Heavy rain,Null
1756663,5913761,16677,,518701,0,0,0,1,0,Null,2009/2010,WARREN AVENUE,MOUNT EDEN ROAD,,Non-Injury Crash,No,2009,0,South,0,0,0,Flat,0,,1,,0,Bright sun,568300,0,0,0,2,0,0,0,0,0,,0,0,Auckland Region,Nil,2-way,Sealed,0,0,0,0,50,0,Null,0,0,,76,Auckland,Traffic Signals,0,0,0,1,0,0,Urban,0,0,0,Fine,Null
1765455,5917071,16678,,517001,0,0,0,2,0,West,2009/2010,TANIWHA ST,LINE ROAD,,Non-Injury Crash,No,2009,0,West,0,0,0,Flat,0,,0,,0,Bright sun,476000,0,0,0,2,0,0,0,0,1,,0,0,Auckland Region,Nil,2-way,Sealed,0,0,0,0,50,0,Off,0,0,,76,Auckland,Nil,0,0,0,0,0,0,Urban,0,0,0,Fine,Null
2037330,5708275,16679,,544600,0,,0,2,,North,2008/2009,GLADSTONE ROAD,PEEL ST,,Non-Injury Crash,No,2009,,North,,0,,Flat,,,,,,Bright sun,1371100,0,0,0,2,,,0,,,,,,Gisborne Region,Nil,2-way,Sealed,,0,0,,50,,Null,0,0,,28,Gisborne District,Nil,,,,,0,0,Urban,0,,,Fine,Null
1936098,5620090,16680,,546901,0,,0,1,,Null,2008/2009,SH 2,LATHAM ST,,Non-Injury Crash,Yes,2009,,South,,0,,Flat,,,,,,Bright sun,1431000,0,0,0,2,,,0,,,,,,Hawke's Bay Region,Nil,2-way,Sealed,,0,0,,50,,Null,0,0,,31,Napier City,Give way,,,,,1,0,Urban,0,,,Fine,Null
1770873,5898680,16681,,523911,0,,0,2,,Null,2009/2010,TAKA ST,TAKANINI ROAD,,Non-Injury Crash,No,2009,,West,,0,,Flat,,,,,,Overcast,768200,0,0,0,2,,,0,,,,,,Auckland Region,Nil,2-way,Sealed,,0,0,,50,,Null,0,0,,76,Auckland,Give way,,,,,0,0,Urban,0,,,Fine,Null
1770635,5911227,16682,,523109,0,,0,1,,Null,2009/2010,CHAPEL ROAD,DANNEMORA DRIVE,,Non-Injury Crash,No,2009,,North,,0,,Flat,,,,,,Bright sun,712008,0,0,0,4,,,0,,,,,,Auckland Region,Nil,2-way,Sealed,,0,0,,70,,Off,1,0,,76,Auckland,Traffic Signals,,,,,0,0,Urban,0,,,Fine,Null
1758061,5926856,16683,,508010,0,0,0,2,0,West,2009/2010,BYRON AVENUE,LAKE ROAD,,Non-Injury Crash,No,2009,0,South,0,0,0,Flat,0,,0,,0,Dark,325000,0,0,0,2,0,0,0,0,1,,0,0,Auckland Region,Nil,2-way,Sealed,0,0,0,0,50,0,On,0,0,,76,Auckland,Unknown,0,0,0,0,0,0,Urban,0,0,0,Heavy rain,Null
1759427,5436068,16684,,569100,0,0,0,2,0,South,2008/2009,QUEENS DRIVE,LAINGS ROAD,,Non-Injury Crash,No,2009,0,North,0,0,0,Flat,0,,0,,0,Bright sun,1965800,0,0,0,2,0,0,0,0,1,,0,0,Wellington Region,Nil,2-way,Sealed,0,0,0,0,50,0,Null,0,0,,46,Lower Hutt City,Nil,0,0,0,0,0,0,Urban,0,0,0,Fine,Null
1772586,5577907,16685,,556100,0,,0,2,,West,2008/2009,FOX ROAD,FITZHERBERT AVENUE,,Non-Injury Crash,No,2009,,West,,0,,Flat,,,,,,Bright sun,1719100,0,0,0,2,,,0,,,,,,Manawatū-Whanganui Region,Nil,2-way,Sealed,,0,0,,50,,Null,0,0,,37,Whanganui District,Nil,,,,,0,0,Urban,0,,,Fine,Null
1883564,5774053,16686,,540410,0,,0,2,,Null,2009/2010,SH 5,PUKUATUA ST,,Non-Injury Crash,Yes,2009,,West,,0,,Flat,,,,,,Dark,1232102,0,0,0,5,,,0,,,,,,Bay of Plenty Region,Nil,2-way,Sealed,,0,0,,50,,On,0,0,,24,Rotorua District,Traffic Signals,,,,,0,0,Urban,0,,,Heavy rain,Null
1698834,5678650,16687,,550901,0,,0,2,,Null,2008/2009,NUGENT ST,POHUTUKAWA PLACE,,Non-Injury Crash,No,2009,,South,,0,,Flat,,,,,,Overcast,1559001,0,0,0,2,,,0,,,,,,Taranaki Region,Nil,2-way,Sealed,,0,0,,50,,Null,0,0,,33,New Plymouth District,Stop,,,,,0,0,Urban,0,,,Fine,Strong wind
1767980,5443606,16688,,564601,0,,0,3,,North,2009/2010,SH 2,WESTERN HUTT OFF SBD,,Non-Injury Crash,Yes,2009,,South,,0,,Flat,,,,,,Overcast,1903802,0,0,0,2,,,0,,,,,,Wellington Region,Nil,2-way,Sealed,,0,0,,100,,Null,1,0,,45,Upper Hutt City,Nil,,,,,0,0,Open,0,,,Fine,Null
1378164,4903383,16689,,602500,0,0,0,0,1,South,2008/2009,SH 1S,HENLEY-BERWICK ROAD,,Non-Injury Crash,Yes,2009,0,North,1,0,0,Flat,0,,0,,0,Overcast,2975500,0,0,0,2,0,0,0,0,0,,0,0,Otago Region,Nil,2-way,Sealed,0,0,0,0,100,0,Null,0,0,,71,Dunedin City,Unknown,0,0,0,0,0,0,Open,1,0,0,Heavy rain,Null
1758048,5913465,16690,,519710,0,,0,2,,Null,2009/2010,MOUNT ALBERT ROAD,ERSON AVENUE,,Non-Injury Crash,No,2009,,East,,0,,Flat,,,,,,Bright sun,596100,0,0,0,4,,,0,,,,,,Auckland Region,Nil,2-way,Sealed,,0,0,,50,,Off,0,0,,76,Auckland,Give way,,,,,0,0,Urban,0,,,Fine,Null
1823084,5529664,16691,,563200,0,0,0,3,0,South,2008/2009,ALBERT ST,FERGUSON ST,,Non-Injury Crash,No,2009,0,North,0,0,0,Flat,0,,1,,0,Overcast,1848000,0,0,0,2,0,0,0,0,1,,0,0,Manawatū-Whanganui Region,Nil,2-way,Sealed,0,0,0,0,50,0,Null,0,0,,40,Palmerston North City,Nil,1,0,0,0,0,0,Urban,0,0,0,Fine,Null
1834488,5797126,16692,55,535242,0,0,0,1,0,Null,2009/2010,SH 29,SH 1N,,Non-Injury Crash,Yes,2009,0,East,0,0,1,Flat,0,,0,,0,Overcast,1125302,0,0,0,2,0,0,0,0,0,,0,0,Waikato Region,Nil,2-way,Sealed,0,0,0,0,100,0,Null,0,0,,15,Matamata-Piako District,Give way,0,0,0,0,0,0,Open,0,0,0,Fine,Null
1839763,5603859,16693,,559400,0,,0,1,,North,2009/2010,HOSPITAL ROAD,KAKA ROAD,,Non-Injury Crash,No,2009,,East,,0,,Flat,,,,,,Overcast,1749800,0,0,0,2,,,0,,,,,,Manawatū-Whanganui Region,Nil,2-way,Sealed,,0,0,,50,,Null,0,0,,38,Rangitikei District,Nil,,,,,0,0,Urban,1,,,Fine,Null
1308590,4968856,16694,,608302,0,0,0,1,0,North,2008/2009,SH 8,GORGE CRK BR,,Non-Injury Crash,Yes,2009,0,North,0,0,1,Hill Road,1,,0,,0,Overcast,3023002,0,0,0,2,0,0,0,1,0,,0,0,Otago Region,Nil,2-way,Sealed,0,0,0,0,100,0,Null,0,0,,69,Central Otago District,Unknown,0,0,0,0,0,0,Open,0,0,0,Light rain,Strong wind
1749044,5427179,16695,,573101,0,0,1,1,0,West,2008/2009,COURTENAY PLACE,TORY ST,,Non-Injury Crash,No,2009,0,West,0,0,0,Flat,0,,0,,0,Overcast,2135900,0,0,0,2,0,0,0,0,1,,0,0,Wellington Region,Nil,2-way,Sealed,0,0,0,0,50,0,Null,0,0,,47,Wellington City,Nil,0,0,0,0,0,0,Urban,0,0,0,Fine,Null
1766904,5907658,16696,,523501,0,,0,0,,Null,2009/2010,BAIRDS ROAD,EAST TAMAKI ROAD,,Non-Injury Crash,No,2009,,South,,0,,Flat,,,,,,Dark,700602,0,0,0,4,,,0,,,,,,Auckland Region,Nil,2-way,Sealed,,0,0,,50,,On,0,0,,76,Auckland,Traffic Signals,,,,,1,0,Urban,1,,,Light rain,Null
1906230,5520325,16697,,549602,0,0,0,2,1,East,2008/2009,WHANGAEHU ROAD,IRELAND ROAD,,Non-Injury Crash,No,2009,0,East,0,0,0,Hill Road,0,,0,,0,Bright sun,1527801,0,0,0,2,0,0,0,0,0,,0,0,Hawke's Bay Region,Nil,2-way,Unsealed,0,0,0,0,100,0,Null,0,0,,32,Central Hawke's Bay District,Nil,0,0,0,0,0,0,Open,0,0,0,Fine,Null
1929657,5605330,16698,,548200,0,,0,0,,Null,2009/2010,QUEEN ST WEST,NELSON ST NORTH,,Non-Injury Crash,No,2009,,North,,0,,Flat,,,,,,Dark,1490800,0,0,0,2,,,0,,,,,,Hawke's Bay Region,Nil,2-way,Sealed,,0,0,,50,,On,2,0,,30,Hastings District,Give way,,,,,0,0,Urban,0,,,Fine,Null
1822233,5877805,16699,,533902,0,0,0,1,0,South,2009/2010,BUSH ROAD,SH 25,,Non-Injury Crash,No,2009,0,North,1,0,0,Flat,0,,0,,0,Dark,1062000,0,0,0,2,0,0,0,0,0,,0,0,Waikato Region,Nil,2-way,Sealed,0,0,0,0,100,0,None,0,0,,12,Hauraki District,Unknown,0,0,0,0,0,0,Open,0,0,0,Heavy rain,Null
1619603,5426573,16700,,583900,0,0,0,4,0,West,2008/2009,PUTAITAI ST,MAIN ROAD STOKE,,Non-Injury Crash,No,2009,0,North,0,0,0,Flat,0,,0,,0,Bright sun,2342700,0,0,0,2,0,0,0,0,1,,0,0,Nelson Region,Nil,2-way,Sealed,0,0,0,0,50,0,Null,0,0,,52,Nelson City,Nil,0,0,0,0,0,0,Urban,0,0,0,Fine,Null
1779405,5900372,16701,,525201,0,0,0,1,0,West,2009/2010,PAPAKURA-CLEVEDON ROAD,TOURIST ROAD,,Non-Injury Crash,No,2009,0,West,0,0,0,Flat,0,,0,,0,Overcast,763300,0,0,0,2,0,0,0,0,0,,0,0,Auckland Region,Nil,2-way,Sealed,0,0,0,0,100,0,None,0,0,,76,Auckland,Nil,0,0,0,0,0,0,Open,1,1,0,Mist or Fog,Null
1806743,5449472,16702,,579900,0,,0,1,,North,2008/2009,SH 2,MCMASTER ST,,Non-Injury Crash,Yes,2009,,South,,0,,Flat,,,,,,Bright sun,2266900,0,0,1,2,,,0,,,,,,Wellington Region,Nil,2-way,Sealed,,0,0,,50,,Null,0,0,,50,South Wairarapa District,Nil,,,,,0,0,Urban,0,,,Fine,Null
1930271,5615816,16703,,547300,0,,0,1,,Null,2008/2009,GLOUCESTER ST,ODOWD ROAD,,Non-Injury Crash,No,2009,,South,,0,,Flat,,,,,,Bright sun,1461603,0,0,0,2,,,0,,,,,,Hawke's Bay Region,Nil,2-way,Sealed,,0,0,,50,,Null,1,0,,31,Napier City,Give way,,,,,0,0,Urban,0,,,Fine,Null
1980608,5669658,16704,,545301,0,0,0,0,0,West,2008/2009,SH 2,THE CRESCENT,,Non-Injury Crash,Yes,2009,0,West,1,0,1,Flat,0,,0,,0,Dark,1391701,0,0,0,2,0,0,0,0,0,,0,0,Hawke's Bay Region,Nil,2-way,Sealed,0,0,0,0,100,0,None,1,0,,29,Wairoa District,Nil,0,0,0,0,0,0,Open,0,0,0,Heavy rain,Null
1734939,5907897,16705,,513800,0,0,0,1,1,West,2009/2010,PIHA ROAD,ANAWHATA ROAD,,Non-Injury Crash,No,2009,0,West,0,0,0,Flat,0,,0,,0,Dark,282027,0,0,0,2,0,0,0,0,0,,0,0,Auckland Region,Nil,2-way,Sealed,0,0,0,0,100,0,None,0,0,,76,Auckland,Unknown,0,0,0,0,0,0,Open,0,0,0,Fine,Null
1405598,4914383,16706,,604410,0,0,0,1,0,Null,2008/2009,WESLEY ST,PRENDERGAST ST,,Non-Injury Crash,No,2009,0,West,0,0,0,Flat,0,,0,,0,Overcast,2929800,0,0,0,1,0,0,0,0,0,,0,1,Otago Region,Nil,2-way,Sealed,0,0,0,0,50,0,Null,0,0,,71,Dunedin City,Nil,0,0,0,0,0,0,Urban,0,0,0,Fine,Null
1748658,5426601,16707,,573300,0,,0,1,,South,2008/2009,TARANAKI ST,BUCKLE ST,,Non-Injury Crash,No,2009,,South,,0,,Flat,,,,,,Overcast,2145300,0,0,0,2,,,0,,,,,,Wellington Region,Nil,2-way,Sealed,,0,0,,50,,Null,0,0,,47,Wellington City,Nil,,,,,0,0,Urban,1,,,Fine,Null
1741686,5976044,16708,55,506661,0,,0,2,,Null,2009/2010,SH 1N,FALLS BR,,Non-Injury Crash,Yes,2009,,North,,0,,Hill Road,,,,,,Overcast,139000,0,0,0,2,,,0,,,,,,Auckland Region,Nil,2-way,Sealed,,0,0,,80,,None,0,0,,76,Auckland,Nil,,,,,0,0,Open,0,,,Light rain,Null
1758664,5884147,16709,,521152,0,0,0,1,0,East,2009/2010,GLENBROOK ROAD,KLIPSCH ROAD,,Non-Injury Crash,No,2009,0,West,0,0,1,Hill Road,0,,0,,0,Overcast,812500,0,0,0,2,0,0,0,0,0,,0,0,Auckland Region,Nil,2-way,Sealed,0,0,0,0,100,0,None,0,0,,76,Auckland,Nil,0,0,0,0,0,0,Open,0,0,0,Fine,Null
1930075,5604573,16710,,548200,0,,0,2,,East,2008/2009,HERETAUNGA ST EAST,HASTINGS ST SOUTH,,Non-Injury Crash,No,2009,,East,,0,,Flat,,,,,,Bright sun,1493900,0,0,0,2,,,0,,,,,,Hawke's Bay Region,Nil,2-way,Sealed,,0,0,,50,,Null,0,0,,30,Hastings District,Nil,,,,,0,0,Urban,0,,,Fine,Null
1748544,5430673,16711,,574600,0,,0,1,,South,2009/2010,WADESTOWN ROAD,LESLIE ST,,Non-Injury Crash,No,2009,,South,,0,,Hill Road,,,,,,Twilight,2100500,0,0,2,2,,,0,,,,,,Wellington Region,Nil,2-way,Sealed,,0,0,,50,,Off,0,0,,47,Wellington City,Nil,,,,,0,0,Urban,0,,,Fine,Null
1753916,5591339,16712,,555400,0,0,0,1,0,West,2009/2010,SH 3,PAKARAKA ROAD,,Non-Injury Crash,Yes,2009,0,West,0,0,1,Flat,0,,0,,0,Overcast,1679200,0,0,0,2,0,0,0,0,0,,0,1,Manawatū-Whanganui Region,Nil,2-way,Sealed,0,0,0,0,100,0,Null,0,0,,37,Whanganui District,Nil,0,0,0,0,0,0,Open,0,0,0,Heavy rain,Null
1753804,5917608,16713,,517600,0,,0,2,,Null,2009/2010,ST LUKES ROAD,ASQUITH AVENUE,,Non-Injury Crash,No,2009,,North,,0,,Flat,,,,,,Bright sun,534001,0,0,0,2,,,0,,,,,,Auckland Region,Nil,2-way,Sealed,,0,0,,50,,Null,0,0,,76,Auckland,Give way,,,,,0,0,Urban,0,,,Fine,Null
1680506,5406098,16714,,580431,0,,0,2,,Null,2009/2010,SH 1S,ABERHARTS ROAD,,Non-Injury Crash,Yes,2009,,North,,0,,Flat,,,,,,Bright sun,2277600,0,0,0,2,,,0,,,,,,Marlborough Region,Nil,2-way,Sealed,,0,0,,100,,Null,0,0,,53,Marlborough District,Nil,,,,,0,0,Open,0,,,Fine,Null
1406476,4917147,16715,,603100,0,0,0,0,0,Null,2008/2009,GREAT KING ST,ST ANDREW ST,,Non-Injury Crash,No,2009,0,South,0,0,0,Flat,0,,1,,0,Bright sun,2901100,0,0,0,3,0,0,0,0,0,,0,0,Otago Region,Nil,2-way,Sealed,0,0,0,0,50,0,Null,0,0,,71,Dunedin City,Traffic Signals,0,0,0,0,0,0,Urban,1,0,0,Fine,Null
1452541,5297368,16716,,585140,0,0,0,1,0,Null,2008/2009,WINNIE ST,KILGOUR ROAD,,Non-Injury Crash,No,2009,0,South,0,0,0,Hill Road,0,,0,,1,Dark,2410700,0,0,0,1,0,0,0,0,0,,0,0,West Coast Region,Nil,2-way,Sealed,0,0,0,0,50,0,On,0,0,,56,Grey District,Nil,0,0,0,0,0,0,Urban,0,0,0,Fine,Null
1678518,5663828,16717,45,551112,0,0,0,1,0,Null,2009/2010,SH 45,UPPER PITONE ROAD,,Non-Injury Crash,Yes,2009,0,East,0,0,1,Flat,0,,0,,0,Dark,1554300,0,0,0,2,0,0,0,0,0,,0,0,Taranaki Region,Nil,2-way,Sealed,0,0,0,0,100,0,None,0,0,,33,New Plymouth District,Give way,0,0,0,0,0,0,Open,0,0,0,Light rain,Strong wind
1715981,6065194,16718,,501814,0,0,0,1,0,South,2009/2010,SH 1N,OLD NORTH ROAD S,,Non-Injury Crash,Yes,2009,0,South,1,0,0,Flat,0,,0,,0,Bright sun,61300,0,0,0,2,0,0,0,0,0,,0,0,Northland Region,Nil,2-way,Sealed,0,0,0,0,100,0,Off,1,0,,2,Whangarei District,Nil,0,0,0,0,0,0,Open,0,0,0,Fine,Null
1769905,5894400,16719,,521201,0,,0,2,,West,2009/2010,HINGAIA ROAD,OAKLAND ROAD,,Non-Injury Crash,No,2009,,East,,0,,Flat,,,,,,Overcast,806601,0,0,0,2,,,0,,,,,,Auckland Region,Nil,2-way,Sealed,,0,0,,100,,Off,0,0,,76,Auckland,Nil,,,,,0,0,Open,0,,,Fine,Null
1367081,4882023,16720,,606700,0,0,0,1,1,East,2008/2009,TOKO MOUTH ROAD,SALLYS GULLY ROAD,,Non-Injury Crash,No,2009,0,West,0,0,0,Flat,0,,0,,0,Bright sun,2986101,0,0,0,2,0,0,0,0,0,,0,0,Otago Region,Nil,2-way,Unsealed,0,0,0,0,100,0,Null,0,0,,72,Clutha District,Unknown,0,0,0,0,0,0,Open,0,0,0,Fine,Null