X,Y,OBJECTID,advisorySpeed,areaUnitID,bicycle,bridge,bus,carStationWagon,cliffBank,crashDirectionDescription,crashFinancialYear,crashLocation1,crashLocation2,crashRoadSideRoad,crashSeverity,crashSHDescription,crashYear,debris,directionRoleDescription,ditch,fatalCount,fence,flatHill,guardRail,holiday,houseOrBuilding,intersection,kerb,light,meshblockId,minorInjuryCount,moped,motorcycle,NumberOfLanes,objectThrownOrDropped,otherObject,otherVehicleType,overBank,parkedVehicle,pedestrian,phoneBoxEtc,postOrPole,region,roadCharacter,roadLane,roadSurface,roadworks,schoolBus,seriousInjuryCount,slipOrFlood,speedLimit,strayAnimal,streetLight,suv,taxi,temporarySpeedLimit,tlaId,tlaName,trafficControl,trafficIsland,trafficSign,train,tree,truck,unknownVehicleType,urban,vanOrUtility,vehicle,waterRiver,weatherA,weatherB
1760012,5879452,16721,,521121,0,0,0,1,0,West,2009/2010,WAIUKU ROAD,BALD HILL ROAD N,,Non-Injury Crash,No,2009,0,West,1,0,1,Flat,1,,0,,0,Bright sun,812301,0,0,0,2,0,0,0,0,0,,0,0,Auckland Region,Nil,2-way,Sealed,0,0,0,0,100,0,None,0,0,,76,Auckland,Nil,0,0,0,0,0,0,Open,0,0,0,Fine,Null
2037253,5708131,16722,,544600,0,,0,1,,Null,2008/2009,PEEL ST,CHILDERS ROAD,,Non-Injury Crash,No,2009,,West,,0,,Flat,,,,,,Overcast,1371100,0,0,0,2,,,0,,,,,,Gisborne Region,Nil,2-way,Sealed,,0,0,,50,,Null,1,0,,28,Gisborne District,Stop,,,,,0,0,Urban,0,,,Fine,Null
1823263,5532137,16723,,562500,0,,0,2,,East,2008/2009,TREMAINE AVENUE,MALDEN ST,,Non-Injury Crash,No,2009,,East,,0,,Flat,,,,,,Bright sun,1840900,0,0,0,2,,,0,,,,,,Manawatū-Whanganui Region,Nil,2-way,Sealed,,0,0,,50,,Null,0,0,,40,Palmerston North City,Nil,,,,,0,0,Urban,0,,,Fine,Null
1554309,5499690,16724,,581601,0,,0,1,,West,2009/2010,DRY ROAD,SNAKE CREEK ROAD,,Non-Injury Crash,No,2009,,East,,0,,Flat,,,,,,Bright sun,2349700,0,0,0,2,,,0,,,,,,Tasman Region,Nil,2-way,Unsealed,,0,0,,100,,Null,0,0,,51,Tasman District,Nil,,,,,0,0,Open,1,,,Fine,Null
1938751,5594459,16725,,545860,0,0,0,0,0,West,2009/2010,WAIMARAMA ROAD,MARAETOTARA ROAD,,Non-Injury Crash,No,2009,0,West,1,0,0,Flat,0,,0,,0,Overcast,1467200,0,0,0,2,0,0,0,0,0,,0,0,Hawke's Bay Region,Bridge,2-way,Sealed,0,0,0,0,100,0,Null,0,0,,30,Hastings District,Nil,0,0,0,0,0,0,Open,1,0,0,Mist or Fog,Frost
1773456,5444945,16726,,567300,0,0,0,1,0,Null,2009/2010,SEDDON ST,BLENHEIM ST,,Non-Injury Crash,No,2009,0,East,0,0,0,Flat,0,,1,,0,Overcast,1893000,0,0,0,2,0,0,0,0,0,,0,0,Wellington Region,Nil,2-way,Sealed,0,0,0,0,50,0,Null,0,0,,45,Upper Hutt City,Give way,0,0,0,0,0,0,Urban,0,0,0,Fine,Null
1734911,5918482,16727,,513800,0,0,0,1,0,West,2009/2010,TE HENGA ROAD,AIO WIRA ROAD,,Non-Injury Crash,No,2009,0,West,1,0,0,Flat,0,,0,,0,Dark,281700,0,0,0,2,0,0,0,0,0,,0,0,Auckland Region,Nil,2-way,Sealed,0,0,0,0,70,0,None,0,0,,76,Auckland,Nil,0,0,0,0,0,0,Urban,0,0,0,Fine,Null
1800425,5813467,16728,,529100,0,0,0,0,0,Null,2009/2010,LAKE CRESCENT,HIBISCUS AVENUE,,Non-Injury Crash,No,2009,0,South,0,0,1,Hill Road,0,,1,,0,Bright sun,930000,0,0,0,2,0,0,0,0,0,,0,0,Waikato Region,Nil,2-way,Sealed,0,0,0,0,50,0,Off,0,0,,16,Hamilton City,Nil,0,0,0,0,1,0,Urban,0,0,0,Fine,Null
1286612,4887098,16729,,610230,0,,0,2,,Null,2008/2009,SH 94,IRWELL ST,,Non-Injury Crash,Yes,2009,,North,,0,,Flat,,,,,,Bright sun,3060800,0,0,0,2,,,0,,,,,,Southland Region,Nil,2-way,Sealed,,0,0,,50,,Null,0,0,,74,Gore District,Give way,,,,,0,0,Urban,0,,,Fine,Null
1802638,5817625,16730,,529503,0,0,0,2,0,East,2009/2010,POWELLS ROAD,TRAMWAY ROAD,,Non-Injury Crash,No,2009,0,East,0,0,0,Flat,0,,0,,0,Bright sun,873000,0,0,0,2,0,0,0,0,0,,0,0,Waikato Region,Nil,2-way,Sealed,0,0,0,0,50,0,Null,0,0,,16,Hamilton City,Unknown,0,0,0,0,0,0,Urban,0,1,0,Fine,Null
2035953,5709297,16731,,544600,0,,0,2,,North,2008/2009,STANLEY ROAD,BAYLY ST,,Non-Injury Crash,No,2009,,North,,0,,Flat,,,,,,Overcast,1369400,0,0,0,2,,,0,,,,,,Gisborne Region,Nil,2-way,Sealed,,0,0,,50,,Null,0,0,,28,Gisborne District,Nil,,,,,0,0,Urban,0,,,Fine,Null
1748643,5427385,16732,,573101,0,,0,2,,Null,2008/2009,VICTORIA ST,DIXON ST,,Non-Injury Crash,No,2009,,West,,0,,Flat,,Queens Birthday,,,,Dark,2131300,0,0,0,2,,,0,,,,,,Wellington Region,Nil,2-way,Sealed,,0,0,,50,,On,0,0,,47,Wellington City,Traffic Signals,,,,,0,0,Urban,0,,,Fine,Null
1751223,5913981,16733,,514402,0,0,0,2,0,East,2009/2010,WOLVERTON ST,MIRANDA ST,,Non-Injury Crash,No,2009,0,South,0,0,0,Flat,0,,0,,0,Bright sun,379402,0,0,0,2,0,0,0,0,0,,0,0,Auckland Region,Nil,2-way,Sealed,0,0,0,0,50,0,Off,0,0,,76,Auckland,Nil,0,0,0,0,0,0,Urban,0,1,0,Fine,Null
1755675,5916087,16734,,518301,0,,0,2,,Null,2009/2010,DOMINION ROAD,ROCKLANDS AVENUE,,Non-Injury Crash,No,2009,,South,,0,,Flat,,,,,,Twilight,553700,0,0,0,2,,,0,,,,,,Auckland Region,Nil,2-way,Sealed,,0,0,,50,,On,0,1,,76,Auckland,Stop,,,,,0,0,Urban,0,,,Fine,Null
1757809,5918170,16735,,515700,0,,0,1,,North,2009/2010,SH 1N,GILLIES ON NBD,,Non-Injury Crash,Yes,2009,,North,,0,,Flat,,,,,,Bright sun,443600,0,0,0,4,,,0,,,,,,Auckland Region,Nil,1-way,Sealed,,0,0,,80,,Off,0,0,,76,Auckland,Nil,,,,,1,0,Open,1,,,Fine,Null
1693764,5676335,16736,,552002,0,,0,2,,South,2008/2009,SH 3,LEACH ST,,Non-Injury Crash,Yes,2009,,North,,0,,Flat,,,,,,Bright sun,1594900,0,0,0,2,,,0,,,,,,Taranaki Region,Nil,2-way,Sealed,,0,0,,50,,Null,0,0,,33,New Plymouth District,Nil,,,,,0,0,Urban,0,,,Fine,Null
1799675,5819501,16737,,529401,0,,0,2,,South,2009/2010,RIVER ROAD,QUEENWOOD AVENUE,,Non-Injury Crash,No,2009,,South,,0,,Flat,,,,,,Dark,878900,0,0,0,2,,,0,,,,,,Waikato Region,Nil,2-way,Sealed,,0,0,,50,,On,0,0,,16,Hamilton City,Unknown,,,,,0,0,Urban,0,,,Fine,Null
1623775,5430753,16738,,582500,0,,0,2,,Null,2008/2009,HARDY ST,TRAFALGAR ST,,Non-Injury Crash,No,2009,,North,,0,,Flat,,,,,,Bright sun,2320300,0,0,0,2,,,0,,,,,,Nelson Region,Nil,2-way,Sealed,,0,0,,50,,Null,0,0,,52,Nelson City,Give way,,,,,0,0,Urban,0,,,Fine,Null
1764350,5913591,16739,,520500,0,,0,2,,Null,2009/2010,WAIPUNA ROAD,CARBINE ROAD,,Non-Injury Crash,No,2009,,East,,0,,Flat,,,,,,Overcast,638700,0,0,0,4,,,0,,,,,,Auckland Region,Nil,2-way,Sealed,,0,0,,50,,Off,0,0,,76,Auckland,Traffic Signals,,,,,0,0,Urban,0,,,Fine,Null
1483799,5378082,16740,,584500,0,0,0,1,0,West,2008/2009,COATES ST,DERBY ST,,Non-Injury Crash,No,2009,0,West,0,0,0,Flat,0,,0,,0,Dark,2393800,0,0,0,2,0,0,0,0,0,,0,1,West Coast Region,Nil,2-way,Sealed,0,0,0,0,50,0,On,0,0,,55,Buller District,Nil,0,0,0,0,0,0,Urban,0,0,0,Fine,Null
1758322,5911814,16741,,519810,0,,0,3,,Null,2009/2010,SH 20,ONEHUNGA OFF SBD,,Non-Injury Crash,Yes,2009,,East,,0,,Flat,,,,,,Bright sun,602501,0,0,0,2,,,0,,,,,,Auckland Region,Nil,1-way,Sealed,,0,0,,100,,Off,0,0,,76,Auckland,Nil,,,,,0,0,Open,0,,,Fine,Null
1822515,5463862,16742,,578700,0,0,0,1,0,North,2008/2009,COLE ST,ESSEX ST,,Non-Injury Crash,No,2009,0,North,0,0,0,Flat,0,,0,,1,Bright sun,2236500,0,0,0,2,0,0,0,0,0,,0,1,Wellington Region,Nil,2-way,Sealed,0,0,0,0,50,0,Null,0,0,,48,Masterton District,Nil,0,0,0,0,0,0,Urban,0,0,0,Fine,Null
1573217,5178996,16743,,594010,0,,0,1,,Null,2008/2009,RANDOLPH ST,EDMOND ST,,Non-Injury Crash,No,2009,,East,,0,,Flat,,,,,,Dark,2592400,0,0,0,2,,,0,,,,,,Canterbury Region,Nil,2-way,Sealed,,0,0,,50,,On,0,0,,60,Christchurch City,Give way,,,,,0,0,Urban,1,,,Fine,Null
1768402,5582898,16744,75,555400,0,,0,1,,West,2009/2010,RAPANUI ROAD,WATT LIVINGSTONE ROAD,,Non-Injury Crash,No,2009,,West,,0,,Flat,,,,,,Bright sun,1681300,0,0,0,2,,,0,,,,,,Manawatū-Whanganui Region,Nil,2-way,Sealed,,0,0,,100,,Null,0,0,,37,Whanganui District,Nil,,,,,0,0,Open,0,,,Light rain,Null
1932139,5611571,16745,,545832,0,,0,1,,Null,2008/2009,PAKOWHAI ROAD,BROOKFIELDS ROAD,,Non-Injury Crash,No,2009,,West,,0,,Flat,,,,,,Dark,1403900,0,0,0,2,,,0,,,,,,Hawke's Bay Region,Nil,2-way,Sealed,,0,0,,70,,On,0,0,,30,Hastings District,Give way,,,,,0,0,Urban,1,,,Mist or Fog,Null
1756400,5920469,16746,,514102,0,0,0,2,0,West,2009/2010,DRAKE ST,CENTRE ST,,Non-Injury Crash,No,2009,0,West,0,0,0,Flat,0,,0,,0,Bright sun,432700,0,0,0,1,0,0,0,0,1,,0,0,Auckland Region,Nil,2-way,Sealed,0,0,0,0,50,0,Off,0,0,,76,Auckland,Nil,0,0,0,0,0,0,Urban,0,0,0,Null,Null
1404511,4914569,16747,,604210,0,,0,1,,East,2008/2009,SH 1S,BARNES DRIVE,,Non-Injury Crash,Yes,2009,,East,,0,,Flat,,,,,,Bright sun,2915700,0,0,0,2,,,0,,,,,,Otago Region,Nil,2-way,Sealed,,0,0,,80,,Null,1,0,,71,Dunedin City,Unknown,,,,,0,0,Open,0,,,Fine,Null
1770811,5471382,16748,,566000,0,,0,2,,Null,2009/2010,OTAIHANGA ROAD,REFUSE TIP ROAD,,Non-Injury Crash,No,2009,,West,,0,,Flat,,,,,,Bright sun,1999301,0,0,0,2,,,0,,,,,,Wellington Region,Nil,2-way,Sealed,,0,0,,80,,Null,0,0,,43,Kapiti Coast District,Give way,,,,,0,0,Open,0,,,Fine,Null
1824016,5463236,16749,,578600,0,,0,2,,Null,2008/2009,DIXON ST,BANNISTER ST,,Non-Injury Crash,No,2009,,South,,0,,Flat,,,,,,Bright sun,2244000,0,0,0,2,,,0,,,,,,Wellington Region,Nil,2-way,Sealed,,0,0,,50,,Null,0,0,,48,Masterton District,Give way,,,,,0,0,Urban,0,,,Fine,Null
1791863,5498749,16750,,564012,0,,0,2,,South,2009/2010,SH 1N,TARARUA ROAD RAILWAY CROS,,Non-Injury Crash,Yes,2009,,North,,0,,Flat,,,,,,Bright sun,1858700,0,0,0,2,,,0,,,,,,Manawatū-Whanganui Region,Nil,2-way,Sealed,,0,0,,70,,Null,0,0,,42,Horowhenua District,Nil,,,,,0,0,Urban,0,,,Fine,Null
1568658,5180386,16751,,590800,1,,0,1,,Null,2008/2009,RICCARTON ROAD,DEANS AVENUE,,Non-Injury Crash,No,2009,,East,,0,,Flat,,,,,,Bright sun,2474801,0,0,0,2,,,0,,,,,,Canterbury Region,Nil,2-way,Sealed,,0,0,,50,,Null,0,0,,60,Christchurch City,Give way,,,,,0,0,Urban,0,,,Fine,Null
1795027,5618570,16752,55,554900,0,0,0,1,0,South,2009/2010,SH 4,OHOTU ROAD,,Non-Injury Crash,Yes,2009,0,West,1,0,0,Flat,0,,0,,0,Dark,1674700,0,0,0,2,0,0,0,0,0,,0,0,Manawatū-Whanganui Region,Nil,2-way,Sealed,0,0,0,0,100,0,None,0,0,,36,Ruapehu District,Nil,0,0,0,0,0,0,Open,0,0,0,Fine,Null
1821278,5530111,16753,,562310,0,,0,1,,South,2009/2010,FEATHERSTON ST,SH 3,,Non-Injury Crash,No,2009,,East,,0,,Flat,,,,,,Overcast,1824200,0,0,0,4,,,0,,,,,,Manawatū-Whanganui Region,Nil,2-way,Sealed,,0,0,,50,,Null,0,0,,40,Palmerston North City,Nil,,,,,0,0,Urban,1,,,Fine,Null
1929681,5604815,16754,,548200,0,0,0,2,0,South,2009/2010,RAILWAY ROAD,EASTBOURNE ST WEST,,Non-Injury Crash,No,2009,0,West,0,0,0,Flat,0,,0,,0,Bright sun,1489900,0,0,0,2,0,0,0,0,1,,0,0,Hawke's Bay Region,Nil,2-way,Sealed,0,0,0,0,50,0,Null,0,0,,30,Hastings District,Nil,0,0,0,0,0,0,Urban,0,0,0,Fine,Null
1571396,5179799,16755,,591500,0,,0,1,,East,2008/2009,LICHFIELD ST,BARBADOES ST,,Non-Injury Crash,No,2009,,East,,0,,Flat,,,,,,Dark,2650300,0,0,0,2,,,0,,,,,,Canterbury Region,Nil,1-way,Sealed,,0,0,,50,,On,1,0,,60,Christchurch City,Unknown,,,,,0,0,Urban,0,,,Fine,Null
1769534,5899747,16756,,525002,0,,0,1,,South,2009/2010,GREAT SOUTH ROAD,MAHIA ROAD,,Non-Injury Crash,No,2009,,North,,0,,Flat,,,,,,Overcast,754100,0,0,0,3,,,0,,,,,,Auckland Region,Nil,2-way,Sealed,,0,0,,50,,Off,1,0,,76,Auckland,Nil,,,,,0,0,Urban,0,,,Fine,Null
1822717,5531244,16757,,562401,0,,0,2,,North,2009/2010,RUAHINE ST,TERRACE ST,,Non-Injury Crash,No,2009,,East,,0,,Flat,,,,,,Overcast,1834100,0,0,0,2,,,0,,,,,,Manawatū-Whanganui Region,Nil,2-way,Sealed,,0,0,,50,,Null,0,0,,40,Palmerston North City,Nil,,,,,0,0,Urban,0,,,Fine,Null
1748943,5911967,16758,,512100,0,0,0,1,0,Null,2009/2010,GOLF ROAD,LA ROSA ST,,Non-Injury Crash,No,2009,0,West,0,0,1,Hill Road,0,Christmas New Year,0,,0,Dark,289601,0,0,0,2,0,0,0,0,0,,0,0,Auckland Region,Nil,2-way,Sealed,0,0,0,0,50,0,Off,0,0,,76,Auckland,Nil,0,0,0,0,0,0,Urban,0,0,0,Fine,Null
1768835,5902541,16759,,524901,0,,0,2,,Null,2009/2010,LAWRENCE CRESCENT,DAVID AVENUE,,Non-Injury Crash,No,2009,,West,,0,,Flat,,,,,,Dark,755000,0,0,0,2,,,0,,,,,,Auckland Region,Nil,2-way,Sealed,,0,0,,50,,On,0,0,,76,Auckland,Give way,,,,,0,0,Urban,0,,,Fine,Null
1745474,5916995,16760,,510800,0,,0,2,,East,2009/2010,EDSEL ST,RAILSIDE AVENUE,,Non-Injury Crash,No,2009,,East,,0,,Flat,,,,,,Overcast,242900,0,0,0,2,,,0,,,,,,Auckland Region,Nil,2-way,Sealed,,0,0,,50,,Null,0,0,,76,Auckland,Unknown,,,,,0,0,Urban,0,,,Fine,Null
1765634,5906877,16761,,522301,0,,0,1,,Null,2009/2010,GREAT SOUTH ROAD,CHARLES ST,,Non-Injury Crash,No,2009,,North,,0,,Flat,,,,,,Bright sun,666900,0,0,0,4,,,0,,,,,,Auckland Region,Nil,2-way,Sealed,,0,0,,50,,Off,1,0,,76,Auckland,Traffic Signals,,,,,0,0,Urban,0,,,Fine,Null
1881734,5774792,16762,,539400,0,0,0,1,0,East,2009/2010,CLAYTON ROAD,EDMUND ROAD,,Non-Injury Crash,No,2009,0,East,0,0,1,Flat,0,,0,,0,Dark,1224100,0,0,0,2,0,0,0,0,0,,0,0,Bay of Plenty Region,Nil,2-way,Sealed,0,0,0,0,50,0,On,0,0,,24,Rotorua District,Unknown,0,0,0,0,0,0,Urban,0,0,0,Light rain,Null
1763688,5904617,16763,,524604,0,0,0,1,0,North,2009/2010,SH 20,PUHINUI ON NBD,,Non-Injury Crash,Yes,2009,0,North,0,0,1,Flat,1,,0,,0,Overcast,780902,0,0,0,2,0,0,0,0,0,,0,0,Auckland Region,Nil,1-way,Sealed,0,0,0,0,80,0,Null,0,0,,76,Auckland,Nil,0,0,0,0,0,0,Open,1,0,0,Light rain,Null
1312087,5023831,16764,45,608302,0,,0,2,,Null,2008/2009,SH 8,LINDIS RIV BR,,Non-Injury Crash,Yes,2009,,North,,0,,Flat,,,,,,Bright sun,3028800,0,0,0,1,,,0,,,,,,Otago Region,Bridge,2-way,Sealed,,0,0,,100,,Null,0,0,,69,Central Otago District,Give way,,,,,0,0,Open,0,,,Fine,Null
1703601,5675503,16765,,551111,0,0,0,2,0,Null,2008/2009,SH 3A,MANUTAHI ROAD N,,Non-Injury Crash,Yes,2009,0,South,0,0,1,Hill Road,0,,0,,0,Overcast,1564500,0,0,0,2,0,0,0,0,0,,0,0,Taranaki Region,Nil,2-way,Sealed,0,0,0,0,100,0,Null,0,0,,33,New Plymouth District,Give way,0,0,0,0,0,0,Open,0,0,0,Fine,Null
1752017,5432528,16766,,574002,0,0,0,0,0,South,2008/2009,CENTENNIAL SBD,MALVERN ROAD,,Non-Injury Crash,Yes,2009,0,South,0,0,0,Hill Road,1,,0,,0,Dark,2078302,0,0,0,2,0,0,0,0,0,,0,0,Wellington Region,Nil,2-way,Sealed,0,0,0,0,80,0,On,0,0,,47,Wellington City,Nil,0,0,0,0,0,0,Open,1,0,0,Heavy rain,Null
1862585,5543367,16767,,549800,0,0,0,0,0,South,2009/2010,SH 2,MAKIRIKIRI ROAD,,Non-Injury Crash,Yes,2009,0,South,0,0,0,Flat,0,,0,,0,Dark,1537500,0,0,0,2,0,0,0,0,0,,0,0,Manawatū-Whanganui Region,Nil,2-way,Sealed,0,0,0,0,100,0,Off,0,0,,41,Tararua District,Nil,0,0,0,0,1,0,Open,0,0,0,Fine,Null
1791111,5497863,16768,,564013,0,,0,1,,Null,2008/2009,SH 1N,KIMBERLY ROAD,,Non-Injury Crash,Yes,2009,,South,,0,,Flat,,,,,,Bright sun,1856700,0,0,0,2,,,0,,,,,,Manawatū-Whanganui Region,Nil,2-way,Sealed,,0,0,,100,,Null,0,0,,42,Horowhenua District,Give way,,,,,1,0,Open,0,,,Fine,Null
1619546,5427369,16769,,583600,1,,0,1,,South,2009/2010,NAYLAND ROAD,EXETER ST,,Non-Injury Crash,No,2009,,South,,0,,Flat,,,,,,Bright sun,2336500,0,0,0,2,,,0,,,,,,Nelson Region,Nil,2-way,Sealed,,0,0,,50,,Null,0,0,,52,Nelson City,Nil,,,,,0,0,Urban,0,,,Fine,Null
1405165,4917617,16770,,604020,0,0,0,2,0,Null,2008/2009,CITY ROAD,HIGHGATE,,Non-Injury Crash,No,2009,0,North,0,0,0,Flat,0,,0,,0,Bright sun,2908200,0,0,0,2,0,0,0,0,1,,0,0,Otago Region,Nil,2-way,Sealed,0,0,0,0,50,0,Null,0,0,,71,Dunedin City,Give way,0,0,0,0,0,0,Urban,0,0,0,Fine,Null
1614567,5422244,16771,,584202,0,,0,2,,Null,2008/2009,BATEUP ROAD,PATON ROAD,,Non-Injury Crash,No,2009,,East,,0,,Flat,,,,,,Bright sun,2365713,0,0,0,2,,,0,,,,,,Tasman Region,Nil,2-way,Sealed,,0,0,,50,,Null,0,0,,51,Tasman District,Give way,,,,,0,0,Urban,0,,,Fine,Null
1767430,5904936,16772,,524603,0,0,0,1,0,Null,2009/2010,TE IRIRANGI DRIVE,GREAT SOUTH ROAD,,Non-Injury Crash,No,2009,0,North,0,0,0,Flat,0,,0,,0,Dark,780304,0,0,0,2,0,0,0,0,0,,0,0,Auckland Region,Nil,1-way,Sealed,0,0,0,0,50,0,On,0,0,,76,Auckland,Traffic Signals,0,0,0,1,0,0,Urban,0,0,0,Fine,Null
1618992,5425894,16773,,583900,0,,0,2,,Null,2008/2009,MAIN ROAD STOKE,POLSTEAD ROAD,,Non-Injury Crash,No,2009,,South,,0,,Flat,,,,,,Overcast,2344200,0,0,0,2,,,0,,,,,,Nelson Region,Nil,2-way,Sealed,,0,0,,50,,Null,0,0,,52,Nelson City,Give way,,,,,0,0,Urban,0,,,Light rain,Null
1242441,4849664,16774,35,611210,0,,0,2,,Null,2008/2009,SH 6,ESK ST,,Non-Injury Crash,Yes,2009,,North,,0,,Flat,,,,,,Dark,3108500,0,0,0,4,,,0,,,,,,Southland Region,Nil,2-way,Sealed,,0,0,,50,,On,0,0,,75,Invercargill City,Traffic Signals,,,,,0,0,Urban,0,,,Light rain,Null
1822890,5462510,16775,,578600,0,0,0,2,0,North,2008/2009,QUEEN ST,DIXON ST,,Non-Injury Crash,No,2009,0,East,0,0,0,Flat,0,,0,,0,Overcast,2243900,0,0,0,2,0,0,0,0,1,,0,0,Wellington Region,Nil,2-way,Sealed,0,0,0,0,50,0,Null,1,0,,48,Masterton District,Nil,0,0,0,0,0,0,Urban,0,0,0,Fine,Null
1763963,5446443,16776,,565601,0,0,0,1,0,East,2008/2009,SH 58,MOONSHINE ROAD,,Non-Injury Crash,Yes,2009,0,East,1,0,1,Flat,0,,0,,0,Twilight,2071800,0,0,0,2,0,0,0,0,0,,0,0,Wellington Region,Nil,2-way,Sealed,0,0,0,0,100,0,Off,0,0,,44,Porirua City,Nil,0,0,0,0,0,0,Open,0,0,0,Fine,Null
1683892,5437630,16777,,580446,0,0,0,0,0,East,2008/2009,KENEPURU ROAD,TARA BAY ROAD,,Non-Injury Crash,No,2009,0,South,0,0,0,Hill Road,0,,0,,0,Bright sun,2285002,0,0,0,2,0,0,0,0,0,,0,0,Marlborough Region,Nil,2-way,Sealed,0,0,0,0,100,0,Null,0,0,,53,Marlborough District,Nil,0,0,0,1,1,0,Open,1,0,0,Fine,Null
1792573,5560527,16778,,559230,0,0,0,1,0,East,2009/2010,SH 3,MAKIRIKIRI ROAD,,Non-Injury Crash,Yes,2009,0,West,0,0,0,Flat,0,,0,,0,Overcast,1733000,0,0,0,2,0,0,0,1,0,,0,0,Manawatū-Whanganui Region,Nil,2-way,Sealed,0,0,0,0,100,0,Null,0,0,,38,Rangitikei District,Nil,0,0,0,0,0,0,Open,0,0,0,Fine,Null
1691500,5381891,16779,,580801,0,0,0,1,0,South,2008/2009,SH 1S,TETLEY BROOK BR,,Non-Injury Crash,Yes,2009,0,North,1,0,1,Flat,0,,0,,0,Bright sun,2308700,0,0,0,2,0,0,0,0,0,,0,0,Marlborough Region,Nil,2-way,Sealed,0,0,0,0,100,0,Null,0,0,,53,Marlborough District,Nil,0,0,0,0,0,0,Open,0,0,0,Fine,Null
1753077,5930596,16780,,508803,0,,0,2,,Null,2009/2010,UNSWORTH DRIVE,WESTMINSTER GARDENS,,Non-Injury Crash,No,2009,,North,,0,,Hill Road,,,,,,Bright sun,180836,0,0,0,2,,,0,,,,,,Auckland Region,Nil,2-way,Sealed,,0,0,,50,,Off,0,0,,76,Auckland,Nil,,,,,0,0,Urban,0,,,Fine,Null
1864363,5544948,16781,,550102,0,0,0,1,0,Null,2008/2009,CLAUDIUS ST,ALEXANDRA ST,,Non-Injury Crash,No,2009,0,North,0,0,1,Flat,0,,0,,0,Dark,1532200,0,0,0,2,0,0,0,0,0,,0,0,Manawatū-Whanganui Region,Nil,2-way,Sealed,0,0,0,0,50,0,On,0,0,,41,Tararua District,Nil,0,0,0,0,0,0,Urban,0,0,0,Fine,Null
1616405,5423948,16782,,584201,0,0,0,2,0,East,2008/2009,ARBOR-LEA AVENUE,MAPLE CRESCENT,,Non-Injury Crash,No,2009,0,South,0,0,1,Flat,0,,0,,0,Dark,2363102,0,0,0,2,0,0,0,0,1,,0,0,Tasman Region,Nil,2-way,Sealed,0,0,0,0,50,0,On,0,0,,51,Tasman District,Nil,0,0,0,0,0,0,Urban,0,0,0,Fine,Null
2037368,5707893,16783,,544600,0,,0,2,,South,2009/2010,SH 35,CHILDERS ROAD,,Non-Injury Crash,Yes,2009,,West,,0,,Flat,,,,,,Overcast,1371900,0,0,0,2,,,0,,,,,,Gisborne Region,Nil,2-way,Sealed,,0,0,,50,,Null,0,0,,28,Gisborne District,Nil,,,,,0,0,Urban,0,,,Fine,Null
1930065,5604789,16784,,548200,0,0,0,1,0,Null,2009/2010,QUEEN ST EAST,WARREN ST NORTH,,Non-Injury Crash,No,2009,0,West,0,0,0,Flat,0,,0,,0,Bright sun,1493400,0,0,0,2,0,0,0,0,0,,0,0,Hawke's Bay Region,Nil,2-way,Sealed,0,0,0,0,50,0,Null,1,0,,30,Hastings District,Give way,1,1,0,0,0,0,Urban,0,0,0,Fine,Null
1899586,5810353,16785,,536651,0,0,0,0,0,Null,2009/2010,SH 2,SH 33,,Non-Injury Crash,Yes,2009,0,South,0,0,1,Flat,0,,0,,0,Bright sun,1211000,0,0,0,2,0,0,0,0,0,,0,0,Bay of Plenty Region,Nil,2-way,Sealed,0,0,0,0,100,0,Off,0,0,,22,Western Bay of Plenty District,Give way,0,0,0,0,1,0,Open,0,0,0,Fine,Null
1824392,5458832,16786,,578301,0,0,0,0,0,Null,2008/2009,MANAIA ROAD,MASTERTON-MARTINBOROUGH R,,Non-Injury Crash,No,2009,0,South,0,0,1,Flat,0,,0,,0,Dark,2257000,0,0,0,2,0,0,0,0,0,,0,0,Wellington Region,Nil,2-way,Sealed,0,0,0,0,100,0,On,0,0,,48,Masterton District,Give way,0,1,0,0,0,0,Open,1,0,0,Fine,Null
1800377,5815848,16787,,529700,0,,0,2,,Null,2009/2010,ROSTREVOR ST,ANGLESEA ST,,Non-Injury Crash,No,2009,,West,,0,,Flat,,,,,,Bright sun,910000,0,0,0,2,,,0,,,,,,Waikato Region,Nil,2-way,Sealed,,0,0,,50,,Off,0,0,,16,Hamilton City,Traffic Signals,,,,,0,0,Urban,0,,,Fine,Null
1819748,5528333,16788,,562910,0,,0,2,,West,2008/2009,PIONEER HIGHWAY,NOTTINGHAM AVENUE,,Non-Injury Crash,No,2009,,East,,0,,Flat,,,,,,Overcast,1801000,0,0,0,2,,,0,,,,,,Manawatū-Whanganui Region,Nil,2-way,Sealed,,0,0,,50,,Null,0,0,,40,Palmerston North City,Nil,,,,,0,0,Urban,0,,,Light rain,Null
1755028,5434378,16789,,573526,0,,0,4,,West,2008/2009,SH 2,HOROKIWI ROAD,,Non-Injury Crash,Yes,2009,,South,,0,,Flat,,,,,,Overcast,2086403,0,0,0,2,,,0,,,,,,Wellington Region,Nil,2-way,Sealed,,0,0,,100,,Null,0,0,,47,Wellington City,Nil,,,,,0,0,Open,0,,,Light rain,Null
1754622,5912571,16790,,519001,0,,0,2,,West,2009/2010,RICHARDSON ROAD,DOMINION ROAD,,Non-Injury Crash,No,2009,,East,,0,,Flat,,,,,,Twilight,588600,0,0,0,4,,,0,,,,,,Auckland Region,Nil,2-way,Sealed,,0,0,,50,,None,0,0,,76,Auckland,Nil,,,,,0,0,Urban,0,,,Fine,Null