X,Y,OBJECTID,advisorySpeed,areaUnitID,bicycle,bridge,bus,carStationWagon,cliffBank,crashDirectionDescription,crashFinancialYear,crashLocation1,crashLocation2,crashRoadSideRoad,crashSeverity,crashSHDescription,crashYear,debris,directionRoleDescription,ditch,fatalCount,fence,flatHill,guardRail,holiday,houseOrBuilding,intersection,kerb,light,meshblockId,minorInjuryCount,moped,motorcycle,NumberOfLanes,objectThrownOrDropped,otherObject,otherVehicleType,overBank,parkedVehicle,pedestrian,phoneBoxEtc,postOrPole,region,roadCharacter,roadLane,roadSurface,roadworks,schoolBus,seriousInjuryCount,slipOrFlood,speedLimit,strayAnimal,streetLight,suv,taxi,temporarySpeedLimit,tlaId,tlaName,trafficControl,trafficIsland,trafficSign,train,tree,truck,unknownVehicleType,urban,vanOrUtility,vehicle,waterRiver,weatherA,weatherB
2037864,5707854,16791,,544801,0,0,0,2,0,North,2009/2010,HIRINI ST,SH 35,,Non-Injury Crash,No,2009,0,West,0,0,0,Flat,0,,0,,0,Overcast,1387500,0,0,0,2,0,0,0,0,1,,0,0,Gisborne Region,Nil,2-way,Sealed,0,0,0,0,50,0,Null,0,0,,28,Gisborne District,Nil,0,0,0,0,0,0,Urban,0,0,0,Fine,Null
1750718,5426913,16792,,576700,0,0,0,2,0,South,2009/2010,ROSENEATH TERRACE,THANE ROAD,,Non-Injury Crash,No,2009,0,South,0,0,0,Hill Road,0,,0,,0,Overcast,2184000,0,0,0,2,0,0,0,0,1,,0,0,Wellington Region,Nil,2-way,Sealed,0,0,0,0,50,0,Null,0,0,,47,Wellington City,Nil,0,0,0,0,0,0,Urban,0,0,0,Fine,Null
1793295,5700506,16793,,532700,0,,0,0,,South,2008/2009,ONGARUE BACK ROAD,BORCK ROAD,,Non-Injury Crash,No,2009,,North,,0,,Flat,,,,,,Overcast,1030000,0,0,0,2,,,0,,,,,,Manawatū-Whanganui Region,Nil,2-way,Sealed,,0,0,,100,,Null,0,0,,36,Ruapehu District,Nil,,,,,0,0,Open,1,,,Light rain,Null
1820953,5530873,16794,,562401,0,,0,1,,Null,2009/2010,SH 3,TREMAINE AVENUE,,Non-Injury Crash,Yes,2009,,West,,0,,Flat,,,,,,Bright sun,1832600,0,0,0,2,,,0,,,,,,Manawatū-Whanganui Region,Nil,2-way,Sealed,,0,0,,50,,Null,0,0,,40,Palmerston North City,Traffic Signals,,,,,0,0,Urban,1,,,Fine,Null
1761129,5432390,16795,,568800,0,0,1,1,0,South,2009/2010,WAINUIOMATA HILL ROAD,SUMMIT,,Non-Injury Crash,No,2009,0,North,0,0,0,Hill Road,0,,0,,1,Bright sun,1980800,0,0,0,2,0,0,0,0,0,,0,0,Wellington Region,Nil,2-way,Sealed,0,1,0,0,80,0,Null,0,0,,46,Lower Hutt City,Nil,0,0,0,0,0,0,Open,0,0,0,Fine,Null
1930905,5619004,16796,,545621,0,,0,2,,Null,2009/2010,CHURCH ROAD,WHARERANGI ROAD,,Non-Injury Crash,No,2009,,South,,0,,Flat,,,,,,Overcast,1401401,0,0,0,2,,,0,,,,,,Hawke's Bay Region,Nil,2-way,Sealed,,0,0,,50,,Null,0,0,,31,Napier City,Give way,,,,,0,0,Urban,0,,,Light rain,Null
1750123,5425048,16797,,576903,0,,0,1,,Null,2009/2010,SH 1N,KILBIRNIE CRESCENT,,Non-Injury Crash,Yes,2009,,West,,0,,Hill Road,,,,,,Overcast,2180300,0,0,0,2,,,0,,,,,,Wellington Region,Nil,2-way,Sealed,,0,0,,50,,Null,0,0,,47,Wellington City,Traffic Signals,,,,,1,0,Urban,0,,,Fine,Null
1749051,5427473,16798,,573101,0,,0,2,,Null,2009/2010,TARANAKI ST,CABLE ST,,Non-Injury Crash,No,2009,,South,,0,,Flat,,,,,,Twilight,2133100,0,0,0,3,,,0,,,,,,Wellington Region,Nil,1-way,Sealed,,0,0,,50,,Off,0,0,,47,Wellington City,Traffic Signals,,,,,0,0,Urban,0,,,Fine,Null
1692677,5674887,16799,,552400,0,,0,2,,Null,2008/2009,GLENPARK AVENUE,FRANKLEY ROAD,,Non-Injury Crash,No,2009,,North,,0,,Hill Road,,,,,,Overcast,1572400,0,0,0,2,,,0,,,,,,Taranaki Region,Nil,2-way,Sealed,,0,0,,50,,Null,0,0,,33,New Plymouth District,Give way,,,,,0,0,Urban,0,,,Fine,Null
1899705,5810374,16800,,536651,0,,0,2,,Null,2009/2010,SH 2,RAIL XING,,Non-Injury Crash,Yes,2009,,West,,0,,Flat,,,,,,Bright sun,1211000,0,0,0,2,,,0,,,,,,Bay of Plenty Region,Rail xing,2-way,Sealed,,0,0,,100,,Null,0,0,,22,Western Bay of Plenty District,Unknown,,,,,0,0,Open,0,,,Fine,Null
1759005,5912411,16801,,519820,0,0,0,2,0,South,2009/2010,ONEHUNGA MALL,ARTHUR ST,,Non-Injury Crash,No,2009,0,South,0,0,0,Flat,0,,0,,0,Overcast,601000,0,0,0,2,0,0,0,0,1,,0,0,Auckland Region,Nil,2-way,Sealed,0,0,0,0,50,0,Null,0,0,,76,Auckland,Unknown,0,0,0,0,0,0,Urban,0,0,0,Fine,Null
1801148,5814949,16802,,529700,0,0,1,0,0,East,2009/2010,HOOD ST,ALEXANDRA ST,,Non-Injury Crash,No,2009,0,East,0,0,0,Flat,0,,0,,0,Dark,911800,0,0,0,2,0,0,0,0,0,,0,0,Waikato Region,Nil,2-way,Sealed,0,0,0,0,50,0,On,0,0,,16,Hamilton City,Nil,0,0,0,0,0,0,Urban,1,1,0,Fine,Null
1750405,5425729,16803,,576800,0,0,0,2,0,South,2008/2009,OVERTOUN TERRACE,HAMILTON ROAD,,Non-Injury Crash,No,2009,0,North,0,0,0,Hill Road,0,,0,,0,Bright sun,2183000,0,0,0,2,0,0,0,0,1,,0,0,Wellington Region,Nil,2-way,Sealed,0,0,0,0,50,0,Null,0,0,,47,Wellington City,Nil,0,0,0,0,0,0,Urban,0,0,0,Fine,Null
1647872,5428001,16804,35,580446,0,,0,1,,Null,2008/2009,SH 6,PELORUS BR N,,Non-Injury Crash,Yes,2009,,East,,0,,Flat,,,,,,Bright sun,2283900,0,0,0,1,,,0,,,,,,Marlborough Region,Bridge,2-way,Sealed,,0,0,,100,,Null,0,0,,53,Marlborough District,Give way,,,,,0,0,Open,1,,,Fine,Null
1748800,5424200,16805,,576200,0,0,0,2,0,Null,2008/2009,RINTOUL ST,LUXFORD ST,,Non-Injury Crash,No,2009,0,South,0,0,0,Flat,0,,0,,0,Dark,2171800,0,0,0,2,0,0,0,0,1,,0,0,Wellington Region,Nil,2-way,Sealed,0,0,0,0,50,0,On,0,0,,47,Wellington City,Stop,0,0,0,0,0,0,Urban,0,0,0,Fine,Null
1750379,5424330,16806,,576901,0,,0,2,,Null,2008/2009,Z CPK PAK N SAVE,RONGOTAI/ONEPU,,Non-Injury Crash,No,2009,,East,,0,,Flat,,,,,,Overcast,2178200,0,0,0,0,,,0,,,,,,Wellington Region,Nil,Off road,Sealed,,0,0,,50,,Null,0,0,,47,Wellington City,Nil,,,,,0,0,Urban,0,,,Fine,Null
1753641,5933995,16807,40,508804,0,0,0,2,0,South,2009/2010,ARIRANG RISE,TAROKA CLOSE,,Non-Injury Crash,No,2009,0,West,0,0,0,Hill Road,0,,0,,0,Dark,180603,0,0,0,2,0,0,0,0,1,,0,0,Auckland Region,Nil,2-way,Unsealed,0,0,0,0,50,0,On,0,0,,76,Auckland,Nil,0,0,0,0,0,0,Urban,0,0,0,Fine,Null
1745242,5919188,16808,,513302,0,,0,1,,Null,2009/2010,LINCOLN ROAD,POMARIA ROAD,,Non-Injury Crash,No,2009,,East,,0,,Flat,,,,,,Bright sun,230701,0,0,0,4,,,0,,,,,,Auckland Region,Nil,2-way,Sealed,,0,0,,50,,Off,0,0,,76,Auckland,Traffic Signals,,,,,0,0,Urban,1,,,Fine,Null
1242701,4851742,16809,,610800,0,0,0,1,0,West,2009/2010,LEWIS ST,GREY ST,,Non-Injury Crash,No,2009,0,East,0,0,0,Flat,0,Christmas New Year,0,,0,Dark,3118600,0,0,0,2,0,0,0,0,1,,0,0,Southland Region,Nil,2-way,Sealed,0,0,0,0,50,0,On,0,0,,75,Invercargill City,Unknown,0,0,0,0,0,0,Urban,0,0,0,Light rain,Null
1674062,6084729,16810,,501634,0,0,0,0,0,North,2009/2010,SH 15,SH 12,,Non-Injury Crash,Yes,2009,0,South,1,0,0,Flat,0,,0,,0,Dark,37803,0,0,0,2,0,0,0,0,0,,0,0,Northland Region,Nil,2-way,Sealed,0,0,0,0,100,0,None,0,0,,1,Far North District,Nil,0,0,0,0,0,0,Open,1,0,0,Light rain,Null
1932949,5629461,16811,,545611,0,,0,1,,North,2009/2010,SH 2,PETANE ROAD,,Non-Injury Crash,Yes,2009,,North,,0,,Flat,,,,,,Overcast,1412600,0,0,0,2,,,0,,,,,,Hawke's Bay Region,Nil,2-way,Sealed,,0,0,,100,,Null,0,0,,31,Napier City,Nil,,,,,1,0,Open,0,,,Fine,Null
1930756,5616833,16812,,547200,0,0,0,2,0,South,2008/2009,SYMONS LANE,WHITE ST,,Non-Injury Crash,No,2009,0,North,0,0,1,Flat,0,,0,,0,Bright sun,1459302,0,0,0,2,0,0,0,0,1,,0,0,Hawke's Bay Region,Nil,2-way,Sealed,0,0,0,0,50,0,Off,0,0,,31,Napier City,Nil,0,0,0,0,0,0,Urban,0,0,0,Fine,Null
1821480,5529135,16813,,562800,0,,0,2,,East,2009/2010,CHURCH ST,PITT ST,,Non-Injury Crash,No,2009,,West,,0,,Flat,,,,,,Overcast,1828800,0,0,0,2,,,0,,,,,,Manawatū-Whanganui Region,Nil,2-way,Sealed,,0,0,,50,,Null,0,0,,40,Palmerston North City,Nil,,,,,0,0,Urban,0,,,Fine,Null
1755519,5434616,16814,,569800,0,,1,0,,North,2008/2009,SH 2,HOROKIWI ROAD,,Non-Injury Crash,Yes,2009,,South,,0,,Flat,,,,,,Twilight,1922202,0,0,0,3,,,0,,,,,,Wellington Region,Nil,1-way,Sealed,,0,0,,100,,Off,0,0,,46,Lower Hutt City,Nil,,,,,0,0,Open,1,,,Fine,Null
1765596,5916208,16815,,517100,0,,0,2,,East,2009/2010,TRIPOLI ROAD,PILKINGTON ROAD,,Non-Injury Crash,No,2009,,West,,0,,Flat,,,,,,Overcast,479400,0,0,0,2,,,0,,,,,,Auckland Region,Nil,2-way,Sealed,,0,0,,50,,None,0,0,,76,Auckland,Give way,,,,,0,0,Urban,0,,,Fine,Null
1567934,5184158,16816,,591900,0,,0,2,,Null,2008/2009,HAREWOOD ROAD,CHAPEL ST,,Non-Injury Crash,No,2009,,South,,0,,Flat,,,,,,Bright sun,2663600,0,0,0,2,,,0,,,,,,Canterbury Region,Nil,2-way,Sealed,,0,0,,50,,Null,0,0,,60,Christchurch City,Nil,,,,,0,0,Urban,0,,,Fine,Null
1242265,4850479,16817,,610800,0,,0,1,,South,2008/2009,LIFFEY ST,EARNSLAW ST,,Non-Injury Crash,No,2009,,South,,0,,Flat,,,,,,Bright sun,3115300,0,0,0,2,,,0,,,,,,Southland Region,Nil,2-way,Sealed,,0,0,,50,,Null,1,0,,75,Invercargill City,Nil,,,,,0,0,Urban,0,,,Fine,Null
1760118,5915971,16818,,516002,0,,0,1,,Null,2009/2010,SH 1N,GREENLANE INT N,,Non-Injury Crash,Yes,2009,,South,,0,,Flat,,,,,,Bright sun,492100,0,0,0,3,,,0,,,,,,Auckland Region,Nil,1-way,Sealed,,0,0,,100,,Null,1,0,,76,Auckland,Unknown,,,,,0,0,Open,0,,,Fine,Null
1569292,5285244,16819,,585506,0,,0,2,,West,2008/2009,SH 7,SHALE PEAK STM BR,,Non-Injury Crash,Yes,2009,,East,,0,,Hill Road,,Easter,,,,Bright sun,2428001,0,0,0,2,,,0,,,,,,Canterbury Region,Nil,2-way,Sealed,,0,0,,100,,Null,0,0,,58,Hurunui District,Unknown,,,,,0,0,Open,0,,,Fine,Null
1751979,5917906,16820,,515001,0,,0,2,,Null,2009/2010,GREAT NORTH ROAD,WATERVIEW ON WBD N,,Non-Injury Crash,No,2009,,North,,0,,Flat,,Christmas New Year,,,,Dark,392400,0,0,0,6,,,0,,,,,,Auckland Region,Motorway ramp,2-way,Sealed,,0,0,,50,,On,0,0,,76,Auckland,Traffic Signals,,,,,0,0,Urban,0,,,Fine,Null
1788953,5518612,16821,,561300,0,0,0,1,0,North,2009/2010,THOMAS PLACE,HOPCROFT ST,,Non-Injury Crash,No,2009,0,South,0,0,1,Flat,0,,0,,0,Overcast,1782604,0,0,0,2,0,0,0,0,0,,0,0,Manawatū-Whanganui Region,Nil,2-way,Sealed,0,0,0,0,50,0,Null,0,0,,42,Horowhenua District,Nil,0,0,0,0,0,0,Urban,0,0,0,Heavy rain,Null
1622318,5428457,16822,,583300,0,,0,2,,Null,2009/2010,WAIMEA ROAD,BOUNDARY ROAD,,Non-Injury Crash,No,2009,,North,,0,,Hill Road,,,,,,Bright sun,2330900,0,0,0,2,,,0,,,,,,Nelson Region,Nil,2-way,Sealed,,0,0,,50,,Null,0,1,,52,Nelson City,Give way,,,,,0,0,Urban,0,,,Fine,Null
1757630,5920862,16823,,514103,0,,1,1,,Null,2009/2010,CUSTOMS ST EAST,COMMERCE ST,,Non-Injury Crash,No,2009,,West,,0,,Flat,,,,,,Bright sun,438000,0,0,0,5,,,0,,,,,,Auckland Region,Nil,2-way,Sealed,,0,0,,50,,Null,0,0,,76,Auckland,Traffic Signals,,,,,0,0,Urban,0,,,Fine,Null
1748348,5427576,16824,,573000,0,0,0,2,0,South,2009/2010,THE TERRACE,SALAMANCA ROAD,,Non-Injury Crash,No,2009,0,North,0,0,0,Hill Road,0,,0,,0,Bright sun,2128200,0,0,0,2,0,0,0,0,1,,0,0,Wellington Region,Nil,2-way,Sealed,0,0,0,0,50,0,Null,0,0,,47,Wellington City,Nil,0,0,0,0,0,0,Urban,0,0,0,Fine,Null
1934330,5599839,16825,,548833,0,,0,1,,South,2008/2009,TE MATA PEAK ROAD,SIMLA AVENUE,,Non-Injury Crash,No,2009,,North,,0,,Hill Road,,,,,,Overcast,1466710,0,0,0,2,,,0,,,,,,Hawke's Bay Region,Nil,2-way,Sealed,,0,0,,100,,Null,1,0,,30,Hastings District,Nil,,,,,0,0,Open,0,,,Fine,Null
1662946,5406929,16826,,580447,0,,0,1,,South,2008/2009,NORTHBANK ROAD,ONAMALUTU ROAD,,Non-Injury Crash,No,2009,,North,,0,,Flat,,,,,,Twilight,2286900,0,0,0,1,,,0,,,,,,Marlborough Region,Bridge,2-way,Unsealed,,0,0,,100,,None,1,0,,53,Marlborough District,Nil,,,,,0,0,Open,0,,,Heavy rain,Null
1708968,5651129,16827,,552900,0,0,0,1,0,North,2008/2009,SH 3,MIDHIRST OBR,,Non-Injury Crash,Yes,2009,0,North,1,0,0,Flat,0,,0,,0,Dark,1618100,0,0,0,2,0,0,0,0,0,,0,0,Taranaki Region,Nil,2-way,Sealed,0,0,0,0,100,0,None,0,0,,34,Stratford District,Nil,0,0,0,0,0,0,Open,0,0,0,Snow,Frost
1750686,5433362,16828,,574200,0,,0,0,,Null,2008/2009,FRASER AVENUE,BURMA ROAD,,Non-Injury Crash,No,2009,,South,,0,,Flat,,,,,,Overcast,2087900,0,0,0,2,,,0,,,,,,Wellington Region,Nil,2-way,Sealed,,0,0,,50,,Null,1,0,,47,Wellington City,Give way,,,,,1,0,Urban,0,,,Fine,Null
1771869,5445547,16829,,567500,0,0,0,1,0,Null,2009/2010,SHAKESPEARE AVENUE,KEATS ST,,Non-Injury Crash,No,2009,0,West,0,0,0,Flat,0,,0,,0,Dark,1888700,0,0,0,2,0,0,0,0,1,,0,0,Wellington Region,Nil,2-way,Sealed,0,0,0,0,50,0,On,1,0,,45,Upper Hutt City,Nil,0,0,0,0,0,0,Urban,0,0,0,Light rain,Null
1753863,5931749,16830,,508805,0,,0,2,,Null,2009/2010,SH 1N,UPPER HWY OFF SBD,,Non-Injury Crash,Yes,2009,,South,,0,,Hill Road,,,,,,Bright sun,180813,0,0,0,2,,,0,,,,,,Auckland Region,Nil,1-way,Sealed,,0,0,,100,,Null,0,0,,76,Auckland,Nil,,,,,0,0,Open,0,,,Fine,Null
1805398,5791394,16831,,531003,0,0,0,1,0,North,2009/2010,TE RAHU ROAD,WARBURTON CRESCENT,,Non-Injury Crash,No,2009,0,North,0,0,0,Flat,0,,0,,0,Dark,968605,0,0,0,2,0,0,0,0,1,,0,0,Waikato Region,Nil,2-way,Sealed,0,0,0,0,50,0,On,0,0,,17,Waipa District,Unknown,0,0,0,0,1,0,Urban,0,0,0,Fine,Null
1499208,5137868,16832,,597820,0,,0,1,,Null,2008/2009,SH 1S,MOORE ST,,Non-Injury Crash,Yes,2009,,East,,0,,Flat,,,,,,Overcast,2739100,0,0,0,2,,,0,,,,,,Canterbury Region,Nil,2-way,Sealed,,0,0,,50,,Null,0,0,,63,Ashburton District,Traffic Signals,,,,,0,0,Urban,1,,,Fine,Null
1695841,5676928,16833,,551012,0,,0,1,,Null,2009/2010,SH 3,QUEENS ROAD,,Non-Injury Crash,Yes,2009,,East,,0,,Flat,,,,,,Overcast,1559500,0,0,0,2,,,0,,,,,,Taranaki Region,Bridge,2-way,Sealed,,0,0,,50,,Null,0,0,,33,New Plymouth District,Give way,,,,,1,0,Urban,1,,,Fine,Null
1757607,5434140,16834,,570000,0,,0,1,,North,2009/2010,BUICK ST,THE ESPLANADE,,Non-Injury Crash,No,2009,,South,,0,,Flat,,,,,,Dark,2028400,0,0,0,2,,,0,,,,,,Wellington Region,Nil,2-way,Sealed,,0,0,,50,,On,1,0,,46,Lower Hutt City,Nil,,,,,0,0,Urban,0,,,Fine,Null
1680168,5404923,16835,,581220,0,,0,2,,Null,2009/2010,SH 1S,BUDGE ST,,Non-Injury Crash,Yes,2009,,West,,0,,Flat,,,,,,Bright sun,2294700,0,0,0,2,,,0,,,,,,Marlborough Region,Nil,2-way,Sealed,,0,0,,50,,Null,0,0,,53,Marlborough District,Give way,,,,,0,0,Urban,0,,,Fine,Null
1745244,5919208,16836,,513301,0,,0,2,,North,2009/2010,LINCOLN ROAD,POMARIA ROAD,,Non-Injury Crash,No,2009,,North,,0,,Flat,,,,,,Bright sun,232003,0,0,0,4,,,0,,,,,,Auckland Region,Nil,2-way,Sealed,,0,0,,50,,Off,0,0,,76,Auckland,Nil,,,,,0,0,Urban,0,,,Fine,Null
1783521,5879338,16837,,521135,0,,0,1,,Null,2009/2010,SH 2,DOBSON ROAD,,Non-Injury Crash,Yes,2009,,West,,0,,Flat,,,,,,Bright sun,841802,0,0,0,2,,,0,,,,,,Waikato Region,Nil,2-way,Sealed,,0,0,,100,,Null,0,0,,13,Waikato District,Nil,,,,,0,0,Open,0,,,Fine,Null
1769021,5902604,16838,,523814,0,,0,2,,North,2009/2010,SH 1N,HILL OBR,,Non-Injury Crash,Yes,2009,,South,,0,,Flat,,,,,,Overcast,760701,0,0,0,3,,,0,,,,,,Auckland Region,Nil,1-way,Sealed,,0,0,,100,,Null,0,0,,76,Auckland,Unknown,,,,,0,0,Open,0,,,Fine,Null
1766974,5903708,16839,,524602,0,,0,2,,South,2009/2010,DRUCES ROAD,WIRI STATION ROAD,,Non-Injury Crash,No,2009,,North,,0,,Flat,,,,,,Bright sun,780411,0,0,0,2,,,0,,,,,,Auckland Region,Nil,2-way,Sealed,,0,0,,70,,Null,0,0,,76,Auckland,Traffic Signals,,,,,1,0,Urban,0,,,Fine,Null
1925903,5606720,16840,,548620,0,,0,1,,South,2008/2009,DOVER ROAD,FOLKESTONE DRIVE,,Non-Injury Crash,No,2009,,South,,0,,Flat,,,,,,Overcast,1476300,0,0,0,2,,,0,,,,,,Hawke's Bay Region,Nil,2-way,Sealed,,0,0,,50,,Null,0,0,,30,Hastings District,Nil,,,,,0,0,Urban,0,,,Fine,Null
1748961,5424969,16841,,576400,0,,0,2,,Null,2008/2009,RIDDIFORD ST,WILSON ST,,Non-Injury Crash,No,2009,,South,,0,,Flat,,,,,,Overcast,2167300,0,0,0,2,,,0,,,,,,Wellington Region,Nil,2-way,Sealed,,0,0,,50,,Null,0,0,,47,Wellington City,Nil,,,,,0,0,Urban,0,,,Fine,Null
1748578,5430565,16842,,574600,0,0,0,1,0,Null,2009/2010,WELD ST,CECIL ROAD,,Non-Injury Crash,No,2009,0,North,0,0,0,Hill Road,0,,0,,0,Bright sun,2100500,0,0,0,2,0,0,0,0,0,,0,1,Wellington Region,Nil,2-way,Sealed,0,0,0,0,50,0,Null,0,0,,47,Wellington City,Give way,0,0,0,0,0,0,Urban,0,0,0,Fine,Null
1763660,5439458,16843,,568202,0,0,0,1,0,Null,2008/2009,TAITA DRIVE,HARCOURT WERRY DRIVE,,Non-Injury Crash,No,2009,0,North,0,0,0,Flat,0,,0,,0,Bright sun,1939700,0,0,0,2,0,0,0,0,0,,0,0,Wellington Region,Nil,2-way,Sealed,0,0,0,0,50,0,Null,0,0,,46,Lower Hutt City,Give way,1,0,0,0,0,0,Urban,1,0,0,Fine,Null
1765699,5913499,16844,,522920,0,,0,2,,West,2009/2010,PAKURANGA ROAD,KERSWILL PLACE,,Non-Injury Crash,No,2009,,North,,0,,Flat,,Labour Weekend,,,,Bright sun,683000,0,0,0,3,,,0,,,,,,Auckland Region,Nil,2-way,Sealed,,0,0,,50,,Off,0,0,,76,Auckland,Nil,,,,,0,0,Urban,0,,,Fine,Null
1934852,5609036,16845,,545722,0,,0,2,,South,2009/2010,SH 2,RAILWAY ROAD,,Non-Injury Crash,Yes,2009,,North,,0,,Flat,,,,,,Bright sun,1406300,0,0,0,2,,,0,,,,,,Hawke's Bay Region,Nil,2-way,Sealed,,0,0,,100,,Null,0,0,,30,Hastings District,Nil,,,,,0,0,Open,0,,,Fine,Null
1748807,5427825,16846,,573000,0,,0,2,,East,2008/2009,MANING LANE,VICTORIA ST,,Non-Injury Crash,No,2009,,West,,0,,Flat,,,,,,Bright sun,2127500,0,0,0,2,,,0,,,,,,Wellington Region,Nil,2-way,Sealed,,0,0,,50,,Null,0,1,,47,Wellington City,Nil,,,,,0,0,Urban,0,,,Fine,Null
1791107,5446363,16847,25,579803,0,0,0,1,1,West,2008/2009,SH 2,TWIN BR,,Non-Injury Crash,Yes,2009,0,North,0,0,0,Hill Road,0,,0,,0,Overcast,2272601,0,0,0,2,0,0,0,0,0,,0,0,Wellington Region,Nil,2-way,Sealed,0,0,0,0,100,0,Null,0,0,,50,South Wairarapa District,Nil,0,0,0,0,0,0,Open,0,0,0,Heavy rain,Null
1765438,5441673,16848,,569500,0,0,0,1,0,Null,2009/2010,SH 2,SH 58,,Non-Injury Crash,Yes,2009,0,South,0,0,0,Flat,0,Christmas New Year,0,,1,Overcast,1917200,0,0,0,2,0,0,0,0,0,,0,0,Wellington Region,Nil,2-way,Sealed,0,0,0,0,100,0,Null,0,0,,46,Lower Hutt City,Traffic Signals,0,0,0,0,0,0,Open,0,0,0,Light rain,Null
1819511,5530086,16849,,562320,0,,0,2,,Null,2009/2010,TREMAINE AVENUE,BOTANICAL ROAD,,Non-Injury Crash,No,2009,,West,,0,,Flat,,,,,,Overcast,1821600,0,0,0,2,,,0,,,,,,Manawatū-Whanganui Region,Nil,2-way,Sealed,,0,0,,50,,Null,0,0,,40,Palmerston North City,Give way,,,,,0,0,Urban,0,,,Fine,Null
1769444,5880427,16850,,525922,0,,0,1,,Null,2009/2010,GLASGOW ROAD,MANUKAU ROAD,,Non-Injury Crash,No,2009,,North,,0,,Flat,,,,,,Bright sun,823800,0,0,0,2,,,0,,,,,,Auckland Region,Nil,2-way,Sealed,,0,0,,50,,Off,1,0,,76,Auckland,Give way,,,,,0,0,Urban,0,,,Heavy rain,Null
1724816,5683456,16851,,550700,0,0,0,0,0,South,2009/2010,OKOKI ROAD,SH 3,,Non-Injury Crash,No,2009,0,South,1,0,0,Hill Road,0,,0,,0,Bright sun,1551600,0,0,0,2,0,1,0,0,0,,0,0,Taranaki Region,Nil,2-way,Sealed,0,0,0,0,100,0,Null,1,0,,33,New Plymouth District,Nil,0,0,0,0,0,0,Open,0,0,0,Fine,Null
1672833,5428734,16852,,580446,0,,0,0,,East,2009/2010,QUEEN CHARLOTTE DRIVE,KENEPURU ROAD,,Non-Injury Crash,No,2009,,West,,0,,Flat,,,,,,Twilight,2286404,0,0,0,2,,,0,,,,,,Marlborough Region,Nil,2-way,Sealed,,0,0,,100,,None,1,0,,53,Marlborough District,Nil,,,,,0,0,Open,0,,,Fine,Null
1750371,5424560,16853,,576901,0,,0,2,,East,2009/2010,KEMP ST,EVANS BAY PARADE,,Non-Injury Crash,No,2009,,North,,0,,Flat,,,,,,Dark,2178102,0,0,0,2,,,0,,,,,,Wellington Region,Nil,2-way,Sealed,,0,0,,50,,On,0,0,,47,Wellington City,Nil,,,,,0,0,Urban,0,,,Fine,Null
1709850,5618676,16854,,554010,0,0,0,1,0,North,2008/2009,FANTHAM ST,TURUTURU ROAD,,Non-Injury Crash,No,2009,0,North,0,0,0,Flat,0,,1,,0,Dark,1654102,0,0,0,2,0,0,0,0,0,,0,0,Taranaki Region,Nil,2-way,Sealed,0,0,0,0,50,0,On,0,0,,35,South Taranaki District,Nil,0,0,0,0,0,0,Urban,0,0,0,Fine,Null
1756884,5447808,16855,,572100,0,0,0,2,0,Null,2009/2010,SH 1N,SH 58,,Non-Injury Crash,Yes,2009,0,South,0,0,0,Flat,0,,0,,0,Dark,2070000,0,0,0,4,0,0,0,1,0,,0,1,Wellington Region,Nil,2-way,Sealed,0,0,0,0,100,0,On,0,0,,44,Porirua City,Give way,0,0,0,0,0,0,Open,0,0,0,Light rain,Null
1770543,5911262,16856,,523106,0,,0,2,,West,2009/2010,TI RAKAU DRIVE,CHAPEL ROAD,,Non-Injury Crash,No,2009,,East,,0,,Flat,,,,,,Dark,711174,0,0,0,6,,,0,,,,,,Auckland Region,Nil,2-way,Sealed,,0,0,,60,,On,0,0,,76,Auckland,Traffic Signals,,,,,0,0,Urban,0,,,Fine,Null
1406848,4917015,16857,,603100,0,,0,2,,Null,2008/2009,SH 88 ANZAC AVENUE,ST ANDREW STREET,,Non-Injury Crash,Yes,2009,,East,,0,,Flat,,,,,,Overcast,2901600,0,0,0,2,,,0,,,,,,Otago Region,Nil,2-way,Sealed,,0,0,,50,,Null,0,0,,71,Dunedin City,Traffic Signals,,,,,0,0,Urban,0,,,Fine,Null
1692423,5676163,16858,,551800,0,,0,1,,East,2008/2009,KING ST,DAWSON ST,,Non-Injury Crash,No,2009,,East,,0,,Flat,,,,,,Overcast,1591200,0,0,0,2,,,0,,,,,,Taranaki Region,Nil,2-way,Sealed,,0,0,,50,,Null,0,0,,33,New Plymouth District,Nil,,,,,0,0,Urban,1,,,Light rain,Null
1500408,5226193,16859,,587100,0,,0,2,,South,2008/2009,SH 73,LAKE PEARSON CAMPING AREA,,Non-Injury Crash,Yes,2009,,North,,0,,Flat,,Easter,,,,Bright sun,2461300,0,0,0,2,,,0,,,,,,Canterbury Region,Nil,2-way,Sealed,,0,0,,100,,Null,0,0,,62,Selwyn District,Unknown,,,,,0,0,Open,0,,,Fine,Null