X,Y,OBJECTID,advisorySpeed,areaUnitID,bicycle,bridge,bus,carStationWagon,cliffBank,crashDirectionDescription,crashFinancialYear,crashLocation1,crashLocation2,crashRoadSideRoad,crashSeverity,crashSHDescription,crashYear,debris,directionRoleDescription,ditch,fatalCount,fence,flatHill,guardRail,holiday,houseOrBuilding,intersection,kerb,light,meshblockId,minorInjuryCount,moped,motorcycle,NumberOfLanes,objectThrownOrDropped,otherObject,otherVehicleType,overBank,parkedVehicle,pedestrian,phoneBoxEtc,postOrPole,region,roadCharacter,roadLane,roadSurface,roadworks,schoolBus,seriousInjuryCount,slipOrFlood,speedLimit,strayAnimal,streetLight,suv,taxi,temporarySpeedLimit,tlaId,tlaName,trafficControl,trafficIsland,trafficSign,train,tree,truck,unknownVehicleType,urban,vanOrUtility,vehicle,waterRiver,weatherA,weatherB
1407557,4918020,16860,,603602,0,,0,1,,North,2008/2009,HARBOUR TERRACE,ST DAVID ST,,Non-Injury Crash,No,2009,,North,,0,,Flat,,,,,,Bright sun,2868100,0,1,0,2,,,0,,,,,,Otago Region,Nil,2-way,Sealed,,0,0,,50,,Null,0,0,,71,Dunedin City,Unknown,,,,,0,0,Urban,0,,,Fine,Null
1802470,5816456,16861,,530000,0,,0,2,,Null,2009/2010,EAST ST,PEACHGROVE ROAD,,Non-Injury Crash,No,2009,,East,,0,,Flat,,,,,,Dark,866200,0,0,0,2,,,0,,,,,,Waikato Region,Nil,2-way,Sealed,,0,0,,50,,On,0,0,,16,Hamilton City,Give way,,,,,0,0,Urban,0,,,Fine,Null
1751565,5915247,16862,,514401,0,,0,2,,Null,2009/2010,NEW NORTH ROAD,BLOCKHOUSE BAY ROAD,,Non-Injury Crash,No,2009,,West,,0,,Flat,,,,,,Bright sun,382600,0,0,0,2,,,0,,,,,,Auckland Region,Nil,2-way,Sealed,,0,0,,50,,Off,0,0,,76,Auckland,Traffic Signals,,,,,0,0,Urban,0,,,Fine,Null
1258351,5004555,16863,,609304,0,0,0,2,0,Null,2008/2009,HENRY ST,MALAGHAN ST,,Non-Injury Crash,No,2009,0,South,0,0,0,Flat,0,Easter,0,,0,Overcast,3033301,0,0,0,1,0,0,0,0,1,,0,0,Otago Region,Nil,1-way,Sealed,0,0,0,0,50,0,Null,0,0,,70,Queenstown-Lakes District,Give way,0,0,0,0,0,0,Urban,0,0,0,Fine,Null
1756942,5918263,16864,,518101,0,,0,1,,North,2009/2010,MOUNT EDEN ROAD,ENFIELD ST,,Non-Injury Crash,No,2009,,South,,0,,Flat,,,,,,Overcast,542502,0,0,0,2,,,0,,,1,,,Auckland Region,Bridge,2-way,Sealed,,0,0,,50,,Off,0,0,,76,Auckland,Nil,,,,,0,0,Urban,0,,,Fine,Null
1927115,5607796,16865,,545710,0,,0,1,,West,2008/2009,OMAHU ROAD,WILSON ROAD,,Non-Injury Crash,No,2009,,East,,0,,Flat,,,,,,Twilight,1471000,0,0,0,2,,,0,,,,,,Hawke's Bay Region,Nil,2-way,Sealed,,0,0,,50,,Off,2,0,,30,Hastings District,Nil,,,,,0,0,Urban,0,,,Fine,Null
1796505,5693635,16866,,532902,0,,0,2,,Null,2009/2010,MORERO TERRACE,MIRIAMA ST,,Non-Injury Crash,No,2009,,South,,0,,Flat,,,,,,Bright sun,1035100,0,0,0,2,,,0,,,,,,Manawatū-Whanganui Region,Nil,2-way,Sealed,,0,0,,50,,Null,0,0,,36,Ruapehu District,Stop,,,,,0,0,Urban,0,,,Fine,Null
1679766,5404418,16867,,581230,0,,0,2,,North,2008/2009,HUTCHESON ST,SH 6,,Non-Injury Crash,No,2009,,North,,0,,Flat,,,,,,Bright sun,2294800,0,0,0,2,,,0,,,,,,Marlborough Region,Nil,2-way,Sealed,,0,0,,50,,Null,0,0,,53,Marlborough District,Nil,,,,,0,0,Urban,0,,,Fine,Null
1624835,6114149,16868,,500302,0,0,0,1,0,West,2009/2010,CHURCH ROAD,TAHUNA ROAD,,Non-Injury Crash,No,2009,0,West,0,0,0,Flat,0,,0,,0,Dark,14500,0,0,0,2,0,0,0,0,0,,0,0,Northland Region,Nil,2-way,Sealed,0,0,0,0,50,0,On,0,0,,1,Far North District,Unknown,0,0,0,1,0,0,Urban,0,0,0,Fine,Null
1679612,5403157,16869,,581240,0,0,0,1,0,East,2008/2009,STEPHENSON ST,WELD ST,,Non-Injury Crash,No,2009,0,West,0,0,0,Flat,0,,0,,0,Bright sun,2302700,0,0,0,2,0,0,0,0,1,,0,0,Marlborough Region,Nil,2-way,Sealed,0,0,0,0,50,0,Null,0,0,,53,Marlborough District,Nil,0,0,0,0,0,0,Urban,1,0,0,Fine,Null
1569606,5179158,16870,,591500,0,,0,2,,Null,2008/2009,MOORHOUSE AVENUE,WALLER TERRACE,,Non-Injury Crash,No,2009,,East,,0,,Flat,,,,,,Bright sun,2647500,0,0,0,6,,,0,,,,,,Canterbury Region,Nil,2-way,Sealed,,0,0,,50,,Null,0,0,,60,Christchurch City,Nil,,,,,0,0,Urban,0,,,Fine,Null
1754553,5933413,16871,,508804,0,0,0,1,0,West,2009/2010,KILLYBEGS DRIVE,KILEAR CLOSE,,Non-Injury Crash,No,2009,0,West,0,0,0,Flat,0,,0,,0,Dark,180710,0,0,0,1,0,0,0,0,1,,0,0,Auckland Region,Nil,2-way,Sealed,0,0,0,0,50,0,On,0,0,,76,Auckland,Nil,0,0,0,0,0,0,Urban,1,0,0,Fine,Null
1763121,5908022,16872,,524402,0,,0,1,,Null,2009/2010,GRAY AVENUE,MASSEY ROAD,,Non-Injury Crash,No,2009,,West,,0,,Flat,,,,,,Overcast,750000,0,0,0,2,,,0,,,,,,Auckland Region,Nil,2-way,Sealed,,0,0,,50,,Off,0,0,,76,Auckland,Nil,,,,,0,0,Urban,1,,,Fine,Null
1936578,5620847,16873,,546901,0,0,0,1,0,East,2009/2010,RAFFLES ST,WELLESLEY ROAD,,Non-Injury Crash,No,2009,0,South,0,0,0,Flat,0,,0,,0,Overcast,1429700,0,0,0,2,0,1,0,0,0,,0,0,Hawke's Bay Region,Rail xing,2-way,Sealed,0,0,0,0,50,0,Null,0,0,,31,Napier City,Nil,0,0,0,0,0,0,Urban,0,0,0,Fine,Null
1462126,5101394,16874,,598600,0,0,0,1,0,South,2008/2009,SH 1S,DONALD ST,,Non-Injury Crash,Yes,2009,0,North,0,0,0,Flat,0,,0,,0,Overcast,2765302,0,0,0,2,0,1,0,0,0,,0,0,Canterbury Region,Nil,2-way,Unsealed,0,0,0,0,70,0,Null,0,0,30,64,Timaru District,Unknown,0,0,0,0,0,0,Urban,0,0,0,Fine,Null
1572519,5181651,16875,,593200,0,,0,2,,Null,2008/2009,NORTH AVON ROAD,NORTH PARADE,,Non-Injury Crash,No,2009,,East,,0,,Flat,,Queens Birthday,,,,Dark,2697900,0,0,0,2,,,0,,,,,,Canterbury Region,Nil,2-way,Sealed,,0,0,,50,,On,0,0,,60,Christchurch City,Traffic Signals,,,,,0,0,Urban,0,,,Fine,Null
1744176,5915059,16876,,513013,0,,0,2,,Null,2009/2010,LANDOW PLACE,MILE PLACE,,Non-Injury Crash,No,2009,,North,,0,,Hill Road,,,,,,Dark,281510,0,0,0,0,,,0,,,,,,Auckland Region,Nil,2-way,Sealed,,0,0,,50,,On,0,0,,76,Auckland,Nil,,,,,0,0,Urban,0,,,Fine,Null
1691953,5675895,16877,,551900,0,,0,2,,West,2009/2010,SH 45 DEVON,MORLEY ST,,Non-Injury Crash,Yes,2009,,West,,0,,Flat,,,,,,Bright sun,1589200,0,0,0,2,,,0,,,,,,Taranaki Region,Nil,2-way,Sealed,,0,0,,50,,Null,0,0,,33,New Plymouth District,Traffic Signals,,,,,0,0,Urban,0,,,Fine,Null
1749197,5426734,16878,,573101,0,,0,2,,Null,2009/2010,SH 1N,CAMBRIDGE TERRACE,,Non-Injury Crash,Yes,2009,,East,,0,,Flat,,,,,,Overcast,2136700,0,0,0,2,,,0,,,,,,Wellington Region,Nil,2-way,Sealed,,0,0,,50,,Null,0,0,,47,Wellington City,Traffic Signals,,,,,0,0,Urban,0,,,Fine,Null
1934978,5616299,16879,,545631,0,,0,2,,Null,2009/2010,RIVERBEND ROAD,WILLOWBANK AVENUE,,Non-Injury Crash,No,2009,,North,,0,,Flat,,,,,,Overcast,1403400,0,0,0,2,,,0,,,,,,Hawke's Bay Region,Nil,2-way,Sealed,,0,0,,100,,Null,0,0,,31,Napier City,Stop,,,,,0,0,Open,0,,,Light rain,Null
1949149,5792166,16880,,542421,0,0,0,2,0,Null,2009/2010,KEEPA ROAD,KOPE CANAL BR,,Non-Injury Crash,No,2009,0,South,0,0,1,Flat,0,,0,,0,Bright sun,1312400,0,0,0,2,0,0,0,0,0,,0,0,Bay of Plenty Region,Bridge,2-way,Sealed,0,0,0,0,80,0,Null,0,0,,25,Whakatane District,Unknown,0,0,0,0,0,0,Open,0,0,0,Light rain,Null
1996695,5744620,16881,,543601,0,0,0,1,0,South,2008/2009,SH 2,RAUMATI ST,,Non-Injury Crash,Yes,2009,0,South,1,0,0,Flat,0,,0,,0,Bright sun,1352700,0,0,0,2,0,0,0,0,0,,0,0,Gisborne Region,Nil,2-way,Sealed,0,0,0,0,100,0,Null,0,0,,28,Gisborne District,Nil,0,1,0,0,0,0,Open,0,0,0,Fine,Null
1758931,5436076,16882,,569201,0,0,0,1,0,Null,2009/2010,NORMANDALE ROAD,BRIDGE ST,,Non-Injury Crash,No,2009,0,East,0,0,0,Flat,1,,0,,0,Dark,1925200,0,0,0,2,0,0,0,0,0,,0,0,Wellington Region,Nil,2-way,Sealed,0,0,0,0,50,0,On,0,0,,46,Lower Hutt City,Give way,0,0,0,0,0,0,Urban,0,0,0,Fine,Null
1772723,5895355,16883,,525520,0,,0,2,,South,2009/2010,GREAT SOUTH ROAD,BEACH ROAD S,,Non-Injury Crash,No,2009,,South,,0,,Flat,,,,,,Dark,801700,0,0,0,2,,,0,,,,,,Auckland Region,Nil,2-way,Sealed,,0,0,,50,,On,0,0,,76,Auckland,Nil,,,,,0,0,Urban,0,,,Light rain,Null
1664328,5429064,16884,,580200,0,,0,1,,Null,2008/2009,SH 6,MAHAKIPAWA ROAD,,Non-Injury Crash,Yes,2009,,East,,0,,Hill Road,,,,,,Bright sun,2283300,0,0,0,2,,,0,,,,,,Marlborough Region,Nil,2-way,Sealed,,0,0,,70,,Null,0,0,,53,Marlborough District,Stop,,,,,1,0,Urban,0,,,Fine,Null
1750986,5431395,16885,,574302,0,,0,1,,North,2008/2009,SH 1N,AOTEA ON NBD,,Non-Injury Crash,Yes,2009,,North,,0,,Flat,,,,,,Overcast,2090601,0,0,0,2,,,0,,,,,,Wellington Region,Nil,2-way,Sealed,,0,0,,100,,Null,1,0,,47,Wellington City,Nil,,,,,0,0,Open,0,,,Light rain,Null
1775037,5577008,16886,,557000,0,0,0,1,0,South,2009/2010,RIDGWAY ST,HATRICK ST EAST,,Non-Injury Crash,No,2009,0,South,0,0,0,Hill Road,0,,0,,1,Dark,1727200,0,0,0,2,0,0,0,0,0,,0,0,Manawatū-Whanganui Region,Nil,2-way,Sealed,0,0,0,0,50,0,On,0,0,,37,Whanganui District,Nil,0,0,0,0,0,0,Urban,0,0,0,Fine,Null
1793254,5500514,16887,,564220,0,0,0,1,0,Null,2008/2009,SH 1N,BATH ST,,Non-Injury Crash,Yes,2009,0,South,0,0,0,Flat,0,,0,,0,Dark,1869600,0,0,0,2,0,0,0,0,0,,0,1,Manawatū-Whanganui Region,Nil,2-way,Sealed,0,0,0,0,50,0,On,0,0,,42,Horowhenua District,Traffic Signals,1,0,0,0,0,0,Urban,0,0,0,Heavy rain,Null
1766278,5440090,16888,,568102,0,0,0,1,0,Null,2008/2009,BOWERS ST,STOKES VALLEY ROAD,,Non-Injury Crash,No,2009,0,South,0,0,1,Flat,0,,0,,0,Bright sun,1931600,0,0,0,2,0,0,0,0,0,,0,0,Wellington Region,Nil,2-way,Sealed,0,0,0,0,50,0,Null,0,0,,46,Lower Hutt City,Give way,1,0,0,0,0,0,Urban,0,0,0,Fine,Null
1753405,5423881,16889,,577500,0,,0,2,,Null,2008/2009,INGLIS ST,FORRES ST,,Non-Injury Crash,No,2009,,North,,0,,Flat,,,,,,Bright sun,2210800,0,0,0,2,,,0,,,,,,Wellington Region,Nil,2-way,Sealed,,0,0,,50,,Null,0,0,,47,Wellington City,Give way,,,,,0,0,Urban,0,,,Fine,Null
1759447,5436072,16890,,569100,0,,1,1,,Null,2009/2010,QUEENS DRIVE,LAINGS ROAD,,Non-Injury Crash,No,2009,,South,,0,,Flat,,,,,,Overcast,1965800,0,0,0,2,,,0,,,,,,Wellington Region,Nil,2-way,Sealed,,0,0,,50,,Null,0,0,,46,Lower Hutt City,Traffic Signals,,,,,0,0,Urban,0,,,Light rain,Null
1728262,5935407,16891,,506642,0,,0,1,,North,2009/2010,SH 16,HUTCHINSON ROAD,,Non-Injury Crash,Yes,2009,,North,,0,,Flat,,,,,,Overcast,211200,0,0,1,2,,,0,,,,,,Auckland Region,Nil,2-way,Sealed,,0,0,,100,,None,0,0,,76,Auckland,Nil,,,,,0,0,Open,0,,,Light rain,Null
1935850,5620651,16892,,546901,0,,0,3,,Null,2008/2009,KENNEDY ROAD,VIGOR BROWN ST,,Non-Injury Crash,No,2009,,North,,0,,Flat,,,,,,Bright sun,1429300,0,0,0,2,,,0,,,,,,Hawke's Bay Region,Nil,2-way,Sealed,,0,0,,50,,Null,0,0,,31,Napier City,Stop,,,,,0,0,Urban,0,,,Fine,Null
1744693,5974153,16893,,506661,0,,0,1,,South,2009/2010,SH 1N,KRAACK ROAD,,Non-Injury Crash,Yes,2009,,North,,0,,Hill Road,,,,,,Overcast,138900,0,0,0,2,,,0,,,,,,Auckland Region,Nil,2-way,Sealed,,0,0,,50,,None,0,0,,76,Auckland,Nil,,,,,0,0,Urban,0,,,Light rain,Null
1727653,6033593,16894,,501811,0,0,0,0,0,West,2009/2010,TAKAHIWAI ROAD,PIRIHI ROAD,,Non-Injury Crash,No,2009,0,West,1,0,0,Flat,0,,0,,0,Overcast,78800,0,0,0,2,0,0,0,0,0,,0,0,Northland Region,Nil,2-way,Sealed,0,0,0,0,100,0,None,0,0,,2,Whangarei District,Nil,0,0,0,0,0,0,Open,1,0,0,Fine,Null
1754922,5445420,16895,,571502,0,0,0,0,0,Null,2008/2009,SH 1N,THE RAMP ON NBD,,Non-Injury Crash,Yes,2009,0,North,0,0,0,Flat,0,,0,,0,Bright sun,2056639,0,0,0,2,0,0,0,0,0,,0,0,Wellington Region,Motorway ramp,2-way,Sealed,0,0,0,0,100,0,Null,0,0,,44,Porirua City,Nil,0,0,0,1,0,0,Open,1,0,0,Fine,Null
1757145,5920755,16896,,514101,0,,0,2,,North,2009/2010,HOBSON ST,WYNDHAM ST,,Non-Injury Crash,No,2009,,South,,0,,Hill Road,,,,,,Overcast,433003,0,0,0,5,,,0,,,,,,Auckland Region,Nil,1-way,Sealed,,0,0,,50,,Off,0,0,,76,Auckland,Nil,,,,,0,0,Urban,0,,,Light rain,Null
1786145,5446418,16897,,567902,0,0,0,1,0,Null,2009/2010,SH 2,JIMS CORNER,,Non-Injury Crash,Yes,2009,0,East,0,0,1,Hill Road,0,,0,,0,Overcast,1916300,0,0,0,3,0,0,0,1,0,,0,0,Wellington Region,Nil,2-way,Sealed,0,0,0,0,100,0,Null,0,0,,45,Upper Hutt City,Nil,0,0,0,1,0,0,Open,0,0,0,Fine,Null
1748390,5919010,16898,,514801,0,0,0,2,0,West,2009/2010,SH 16,PATIKI OBR,,Non-Injury Crash,Yes,2009,0,East,0,0,0,Flat,1,,0,,0,Dark,389300,0,0,0,3,0,0,0,0,0,,0,0,Auckland Region,Nil,1-way,Sealed,0,0,0,0,100,0,On,0,0,,76,Auckland,Unknown,0,0,0,0,0,0,Open,0,0,0,Light rain,Null
1801985,5816950,16899,,530000,0,,0,2,,North,2009/2010,PEACHGROVE ROAD,FIFTH AVENUE,,Non-Injury Crash,No,2009,,South,,0,,Flat,,,,,,Overcast,867200,0,0,0,2,,,0,,,,,,Waikato Region,Nil,2-way,Sealed,,0,0,,50,,Off,0,0,,16,Hamilton City,Give way,,,,,0,0,Urban,0,,,Fine,Null
1687725,5399181,16900,,580451,0,0,0,0,0,East,2009/2010,REDWOOD PASS ROAD,SH 1S,,Non-Injury Crash,No,2009,0,North,1,0,0,Flat,0,,0,,0,Bright sun,2292304,0,0,0,2,0,0,0,0,0,,0,0,Marlborough Region,Nil,2-way,Sealed,0,0,0,0,100,0,Null,1,0,,53,Marlborough District,Nil,0,0,0,0,0,0,Open,0,0,0,Fine,Null
1794172,5689482,16901,,532501,0,0,0,1,0,South,2009/2010,SH 43,MANIA ROAD,,Non-Injury Crash,Yes,2009,0,South,0,0,0,Hill Road,0,,0,,0,Dark,1027900,0,0,0,2,0,0,0,0,0,,0,0,Manawatū-Whanganui Region,Nil,2-way,Sealed,0,0,0,0,100,0,None,0,0,,36,Ruapehu District,Nil,0,0,0,0,0,0,Open,0,0,1,Fine,Null
1754320,5916755,16902,,517600,0,,0,2,,North,2009/2010,ST LUKES ROAD,MORNINGSIDE DRIVE,,Non-Injury Crash,No,2009,,South,,0,,Flat,,,,,,Bright sun,535202,0,0,0,6,,,0,,,,,,Auckland Region,Nil,2-way,Sealed,,0,0,,50,,Off,0,0,,76,Auckland,Traffic Signals,,,,,0,0,Urban,0,,,Fine,Null
1782087,5879054,16903,,521135,0,0,0,0,1,East,2009/2010,SH 2,MCPHERSON ROAD,,Non-Injury Crash,Yes,2009,0,West,0,0,0,Hill Road,1,Christmas New Year,0,,0,Dark,841900,0,0,0,3,0,0,0,1,0,,0,0,Waikato Region,Nil,2-way,Sealed,0,0,0,0,80,0,None,0,0,,13,Waikato District,Nil,0,0,0,1,1,0,Open,0,0,0,Light rain,Null
1238981,4879731,16904,,610500,0,,0,1,,Null,2008/2009,SH 6 GREAT NORTH ROAD,GEORGE ST,,Non-Injury Crash,Yes,2009,,South,,0,,Flat,,,,,,Bright sun,3086600,0,0,0,2,,,0,,,,,,Southland Region,Nil,2-way,Sealed,,0,0,,50,,Null,0,0,,73,Southland District,Nil,,,,,0,0,Urban,1,,,Fine,Null
1750081,5426094,16905,,576800,0,0,0,2,0,South,2008/2009,WAITOA ROAD,HINAU ROAD,,Non-Injury Crash,No,2009,0,South,0,0,0,Hill Road,0,,0,,0,Bright sun,2182000,0,0,0,2,0,0,0,0,1,,0,0,Wellington Region,Nil,2-way,Sealed,0,0,0,0,50,0,Null,0,0,,47,Wellington City,Nil,0,0,0,0,0,0,Urban,0,0,0,Fine,Null
1693359,5676421,16906,,551800,0,,0,2,,Null,2009/2010,DEVON ST EAST,GOVER ST,,Non-Injury Crash,No,2009,,West,,0,,Flat,,,,,,Overcast,1594000,0,0,0,2,,,0,,,,,,Taranaki Region,Nil,2-way,Sealed,,0,0,,50,,Null,0,0,,33,New Plymouth District,Give way,,,,,0,0,Urban,0,,,Fine,Null
1623535,5431155,16907,,582500,0,,0,2,,Null,2009/2010,HALIFAX ST,RUTHERFORD ST,,Non-Injury Crash,No,2009,,East,,0,,Flat,,,,,,Twilight,2318900,0,0,0,2,,,0,,,,,,Nelson Region,Nil,2-way,Sealed,,0,0,,50,,On,0,0,,52,Nelson City,Traffic Signals,,,,,0,0,Urban,0,,,Fine,Null
1753316,5439020,16908,,572500,0,,0,2,,Null,2009/2010,MAIN ROAD,BOSCOBEL LANE E,,Non-Injury Crash,No,2009,,East,,0,,Flat,,,,,,Overcast,2053701,0,0,0,2,,,0,,,,,,Wellington Region,Nil,2-way,Sealed,,0,0,,50,,Null,0,0,,47,Wellington City,Give way,,,,,0,0,Urban,0,,,Light rain,Null
1757168,5917928,16909,,518101,0,0,0,1,0,Null,2009/2010,NORMANBY ROAD,CLIVE ROAD,,Non-Injury Crash,No,2009,0,North,0,0,0,Flat,0,,0,,0,Dark,542900,0,0,0,2,0,0,0,0,0,,0,1,Auckland Region,Nil,2-way,Sealed,0,0,0,0,50,0,On,0,0,,76,Auckland,Nil,0,0,0,0,0,0,Urban,0,0,0,Fine,Null
1743720,5917790,16910,,513220,0,,0,2,,Null,2009/2010,SUMMERLAND DRIVE,HARVEST DRIVE,,Non-Injury Crash,No,2009,,West,,0,,Hill Road,,Christmas New Year,,,,Bright sun,236703,0,0,0,2,,,0,,,,,,Auckland Region,Nil,2-way,Sealed,,0,0,,50,,Off,0,0,,76,Auckland,Give way,,,,,0,0,Urban,0,,,Fine,Null
1572044,5177167,16911,,594400,0,0,0,1,0,Null,2008/2009,GAMBLINS ROAD,WILSONS ROAD,,Non-Injury Crash,No,2009,0,East,0,0,0,Flat,0,,0,,1,Dark,2625300,0,0,0,2,0,0,0,0,0,,0,0,Canterbury Region,Nil,2-way,Sealed,0,0,0,0,50,0,On,0,0,,60,Christchurch City,Give way,1,0,0,0,0,0,Urban,0,0,0,Light rain,Null
1882719,5776767,16912,,539200,0,,0,1,,Null,2009/2010,SH 5,KAWAHA POINT ROAD,,Non-Injury Crash,Yes,2009,,South,,0,,Flat,,,,,,Bright sun,1220600,0,0,0,2,,,0,,,,,,Bay of Plenty Region,Nil,2-way,Sealed,,0,0,,60,,Null,0,0,,24,Rotorua District,Stop,,,,,0,0,Urban,1,,,Fine,Null
1769862,5914774,16913,,522722,0,,0,2,,Null,2009/2010,BUCKLANDS BEACH ROAD,PAKURANGA ROAD,,Non-Injury Crash,No,2009,,North,,0,,Flat,,Labour Weekend,,,,Bright sun,681324,0,0,0,4,,,0,,,,,,Auckland Region,Nil,2-way,Sealed,,0,0,,50,,Off,0,0,,76,Auckland,Traffic Signals,,,,,0,0,Urban,0,,,Fine,Null
1754413,5924794,16914,,510500,0,,0,1,,East,2009/2010,ONEWA ROAD,BIRKENHEAD AVENUE,,Non-Injury Crash,No,2009,,East,,0,,Hill Road,,,,,,Bright sun,356100,0,0,0,3,,,0,,,,,,Auckland Region,Nil,2-way,Sealed,,0,0,,50,,Off,1,0,,76,Auckland,Nil,,,,,0,0,Urban,0,,,Fine,Null
1757467,5434524,16915,,570000,0,,0,1,,Null,2009/2010,JACKSON ST,BAY ST,,Non-Injury Crash,No,2009,,East,,0,,Flat,,,,,,Bright sun,2028100,0,0,0,2,,,0,,,,,,Wellington Region,Nil,2-way,Sealed,,0,0,,50,,Null,0,0,,46,Lower Hutt City,Give way,,,,,0,0,Urban,1,,,Fine,Null
1683458,6103735,16916,,501633,0,,0,2,,North,2009/2010,SH 10,WAIPAPA ROAD,,Non-Injury Crash,Yes,2009,,North,,0,,Hill Road,,,,,,Overcast,44702,0,0,0,2,,,0,,,,,,Northland Region,Nil,2-way,Sealed,,0,0,,70,,Null,0,0,,1,Far North District,Unknown,,,,,0,0,Urban,0,,,Light rain,Null
1748743,5428198,16917,,573000,0,,0,2,,West,2008/2009,PANAMA ST,FEATHERSTON ST,,Non-Injury Crash,No,2009,,East,,0,,Flat,,,,,,Bright sun,2125700,0,0,0,1,,,0,,,,,,Wellington Region,Nil,1-way,Sealed,,0,0,,30,,Null,0,0,,47,Wellington City,Nil,,,,,0,0,Urban,0,,,Fine,Null
1753496,5875530,16918,,526103,0,,0,1,,North,2009/2010,QUEEN ST,KENT ST,,Non-Injury Crash,No,2009,,South,,0,,Flat,,,,,,Dark,837600,0,0,0,2,,,0,,,,,,Auckland Region,Nil,2-way,Sealed,,0,0,,50,,On,0,0,,76,Auckland,Nil,,,,,0,0,Urban,0,,,Light rain,Null
1935277,5609334,16919,,545722,0,0,0,1,0,South,2008/2009,SH 2,RICHMOND ROAD,,Non-Injury Crash,Yes,2009,0,South,0,0,1,Flat,0,,0,,0,Dark,1406300,0,0,0,2,0,0,0,0,0,,0,0,Hawke's Bay Region,Nil,2-way,Sealed,0,0,0,0,100,0,On,0,0,,30,Hastings District,Nil,0,0,0,1,0,0,Open,0,0,0,Fine,Null
1704349,5665410,16920,,552800,0,,0,2,,Null,2008/2009,SH 3A,CARRINGTON ST,,Non-Injury Crash,Yes,2009,,South,,0,,Flat,,,,,,Overcast,1604400,0,0,0,2,,,0,,,,,,Taranaki Region,Nil,2-way,Sealed,,0,0,,50,,Null,0,0,,33,New Plymouth District,Nil,,,,,0,0,Urban,0,,,Fine,Null
1441154,5006029,16921,,601020,0,,0,3,,Null,2008/2009,SH 1S,CLARE ST,,Non-Injury Crash,Yes,2009,,North,,0,,Flat,,,,,,Overcast,2845500,0,0,0,2,,,0,,,,,,Otago Region,Nil,2-way,Sealed,,0,0,,50,,Null,0,0,,68,Waitaki District,Give way,,,,,0,0,Urban,0,,,Heavy rain,Null
1756885,5447824,16922,,572100,0,,0,1,,Null,2008/2009,SH 1N,PAREMATA LINK NTH,,Non-Injury Crash,Yes,2009,,South,,0,,Flat,,,,,,Bright sun,2070000,0,0,0,2,,,0,,,,,,Wellington Region,Nil,2-way,Sealed,,0,0,,50,,Null,1,0,,44,Porirua City,Give way,,,,,0,0,Urban,0,,,Fine,Null
1930487,5617271,16923,,547200,0,,0,2,,Null,2008/2009,NEEVE ROAD,CHURCH ROAD,,Non-Injury Crash,No,2009,,West,,0,,Flat,,,,,,Bright sun,1457202,0,0,0,2,,,0,,,,,,Hawke's Bay Region,Nil,2-way,Sealed,,0,0,,50,,Null,0,0,,31,Napier City,Stop,,,,,0,0,Urban,0,,,Fine,Null
1405378,4914901,16924,,604210,0,,0,2,,Null,2008/2009,SOUTH ROAD,THE GLEN ON RAMP,,Non-Injury Crash,Yes,2009,,West,,0,,Hill Road,,,,,,Bright sun,2913800,0,0,0,2,,,0,,,,,,Otago Region,Nil,2-way,Sealed,,0,0,,50,,Null,0,0,,71,Dunedin City,Give way,,,,,0,0,Urban,0,,,Fine,Null
1773922,5579110,16925,,557200,0,,0,1,,Null,2008/2009,NGAPUHI ST,PARKES AVENUE,,Non-Injury Crash,No,2009,,East,,0,,Flat,,,,,,Bright sun,1705700,0,0,0,2,,,0,,,,,,Manawatū-Whanganui Region,Nil,2-way,Sealed,,0,0,,50,,Null,1,0,,37,Whanganui District,Give way,,,,,0,0,Urban,0,,,Fine,Null
1935711,5620533,16926,,546600,0,,0,1,,Null,2008/2009,KENNEDY ROAD,SH 2,,Non-Injury Crash,Yes,2009,,South,,0,,Flat,,Queens Birthday,,,,Overcast,1437700,0,0,0,2,,,0,,,,,,Hawke's Bay Region,Nil,2-way,Sealed,,0,0,,50,,Null,0,0,,31,Napier City,Traffic Signals,,,,,0,0,Urban,1,,,Fine,Null
2037278,5708330,16927,,544600,0,,0,2,,Null,2009/2010,GLADSTONE ROAD,BRIGHT ST,,Non-Injury Crash,No,2009,,East,,0,,Flat,,,,,,Bright sun,1370600,0,0,0,2,,,0,,,,,,Gisborne Region,Nil,2-way,Sealed,,0,0,,50,,Null,0,0,,28,Gisborne District,Give way,,,,,0,0,Urban,0,,,Fine,Null
1798381,5819726,16928,,528310,0,0,0,2,0,West,2009/2010,SANDWICH ROAD,MADILL ROAD,,Non-Injury Crash,No,2009,0,West,0,0,1,Flat,0,Labour Weekend,0,,0,Dark,897400,0,0,0,2,0,0,0,0,1,,0,0,Waikato Region,Nil,2-way,Sealed,0,0,0,0,50,0,On,0,0,,16,Hamilton City,Nil,0,0,0,0,0,0,Urban,0,0,0,Fine,Null
1930218,5604367,16929,,548300,0,0,0,1,0,Null,2009/2010,HERETAUNGA ST EAST,WILLOWPARK ROAD SOUTH,,Non-Injury Crash,No,2009,0,West,0,0,1,Flat,0,,0,,0,Dark,1501500,0,0,0,2,0,0,0,0,0,,0,0,Hawke's Bay Region,Nil,2-way,Sealed,0,0,0,0,50,0,On,0,0,,30,Hastings District,Give way,1,0,0,0,0,0,Urban,0,0,0,Fine,Null