X,Y,OBJECTID,advisorySpeed,areaUnitID,bicycle,bridge,bus,carStationWagon,cliffBank,crashDirectionDescription,crashFinancialYear,crashLocation1,crashLocation2,crashRoadSideRoad,crashSeverity,crashSHDescription,crashYear,debris,directionRoleDescription,ditch,fatalCount,fence,flatHill,guardRail,holiday,houseOrBuilding,intersection,kerb,light,meshblockId,minorInjuryCount,moped,motorcycle,NumberOfLanes,objectThrownOrDropped,otherObject,otherVehicleType,overBank,parkedVehicle,pedestrian,phoneBoxEtc,postOrPole,region,roadCharacter,roadLane,roadSurface,roadworks,schoolBus,seriousInjuryCount,slipOrFlood,speedLimit,strayAnimal,streetLight,suv,taxi,temporarySpeedLimit,tlaId,tlaName,trafficControl,trafficIsland,trafficSign,train,tree,truck,unknownVehicleType,urban,vanOrUtility,vehicle,waterRiver,weatherA,weatherB
1932826,5603311,16930,,545721,0,0,0,1,0,East,2009/2010,CROSSES ROAD,ST GEORGES ROAD,,Non-Injury Crash,No,2009,0,East,0,0,0,Flat,0,,0,,0,Twilight,1473100,0,0,0,2,0,0,0,0,0,,0,1,Hawke's Bay Region,Nil,2-way,Sealed,0,0,0,0,80,0,On,0,0,,30,Hastings District,Nil,0,0,0,0,0,0,Open,0,0,0,Mist or Fog,Null
1818199,5544477,16931,,560720,0,,0,2,,Null,2009/2010,CHURCH ST,GREY ST,,Non-Injury Crash,No,2009,,South,,0,,Flat,,,,,,Bright sun,1765400,0,0,0,2,,,0,,,,,,Manawatū-Whanganui Region,Nil,2-way,Sealed,,0,0,,50,,Null,0,0,,39,Manawatu District,Give way,,,,,0,0,Urban,0,,,Fine,Null
1678667,5419570,16932,,580446,0,1,0,0,0,West,2008/2009,PARA ROAD,SH 1S,,Non-Injury Crash,No,2009,0,East,0,0,0,Flat,0,,0,,0,Dark,2279300,0,0,0,2,0,0,0,0,0,,0,0,Marlborough Region,Bridge,2-way,Unsealed,0,0,0,0,50,0,None,0,0,,53,Marlborough District,Nil,0,0,0,0,1,0,Urban,0,0,1,Fine,Null
1572514,5196119,16933,,586405,0,0,0,2,0,South,2008/2009,COURTENAY DRIVE,GORDON LANE,,Non-Injury Crash,No,2009,0,North,0,0,0,Flat,0,Easter,0,,0,Dark,2454104,0,0,0,2,0,0,0,0,1,,0,0,Canterbury Region,Nil,2-way,Sealed,0,0,0,0,50,0,On,0,0,,59,Waimakariri District,Unknown,0,0,0,0,0,0,Urban,0,0,0,Fine,Null
1626868,5434790,16934,,582100,0,0,0,1,0,Null,2009/2010,WERNETH ST,RAINBOW DRIVE,,Non-Injury Crash,No,2009,0,South,0,0,0,Hill Road,0,,0,,0,Overcast,2316203,0,0,0,2,0,0,0,0,0,,0,0,Nelson Region,Nil,2-way,Sealed,0,0,0,0,50,0,Null,0,0,,52,Nelson City,Nil,0,1,0,0,0,0,Urban,0,0,0,Fine,Null
1805665,5812715,16935,,527004,0,,1,1,,South,2009/2010,SH 1N,ANNEBROOK ROAD,,Non-Injury Crash,Yes,2009,,South,,0,,Hill Road,,,,,,Bright sun,956402,0,0,0,3,,,0,,,,,,Waikato Region,Nil,2-way,Sealed,,0,0,,100,,Off,0,0,,13,Waikato District,Nil,,,,,0,0,Open,0,,,Fine,Null
1793338,5498300,16936,,564232,0,,0,0,,West,2008/2009,TARARUA ROAD,GARTH ROAD,,Non-Injury Crash,No,2009,,West,,0,,Flat,,Christmas New Year,,,,Dark,1873200,0,0,0,2,,,0,,,,,,Manawatū-Whanganui Region,Nil,2-way,Sealed,,0,0,,100,,None,0,0,,42,Horowhenua District,Nil,,,,,0,0,Open,1,,,Fine,Null
1756628,5927579,16937,,507900,0,,0,1,,North,2009/2010,TAHAROTO ROAD,SHEA TERRACE,,Non-Injury Crash,No,2009,,South,,0,,Flat,,,,,,Overcast,304300,0,0,0,6,,,0,,,,,,Auckland Region,Nil,2-way,Sealed,,0,0,,50,,Null,1,0,,76,Auckland,Traffic Signals,,,,,0,0,Urban,0,,,Fine,Null
1614013,5422883,16938,,581720,0,0,0,1,0,Null,2009/2010,SH 6,SH 60,,Non-Injury Crash,Yes,2009,0,North,0,0,0,Flat,0,,0,,0,Dark,2357800,0,0,0,4,0,0,0,0,1,,0,0,Tasman Region,Nil,2-way,Sealed,0,0,0,0,50,0,None,0,0,,51,Tasman District,Give way,0,0,0,0,1,0,Urban,0,0,0,Fine,Null
1607022,5436365,16939,55,581825,0,0,0,1,1,North,2008/2009,STAFFORD DRIVE,PINE HILL ROAD,,Non-Injury Crash,No,2009,0,South,0,0,0,Flat,0,,0,,0,Dark,2350100,0,0,0,2,0,0,0,0,0,,0,0,Tasman Region,Nil,2-way,Sealed,0,0,0,0,100,0,None,0,0,,51,Tasman District,Nil,0,0,0,0,0,0,Open,0,0,0,Fine,Null
1936574,5621449,16940,,546802,0,,0,2,,East,2008/2009,TENNYSON ST,MILTON ROAD,,Non-Injury Crash,No,2009,,East,,0,,Flat,,,,,,Bright sun,1423600,0,0,0,2,,,0,,,,,,Hawke's Bay Region,Nil,2-way,Sealed,,0,0,,50,,Null,0,0,,31,Napier City,Nil,,,,,0,0,Urban,0,,,Fine,Null
1601219,5449020,16941,,584303,0,0,0,1,0,East,2008/2009,GREENWOOD ST,WILKINSON ST,,Non-Injury Crash,No,2009,0,East,0,0,0,Flat,0,,0,,0,Dark,2377903,0,0,0,2,0,0,0,0,0,,0,0,Tasman Region,Nil,2-way,Sealed,0,0,0,0,50,0,On,0,0,,51,Tasman District,Nil,0,0,0,1,0,0,Urban,0,0,0,Light rain,Null
1751695,5431955,16942,,574303,0,,0,1,,South,2009/2010,SH 1N,SH 2,,Non-Injury Crash,Yes,2009,,North,,0,,Flat,,,,,,Bright sun,2090402,0,0,0,3,,,0,,,,,,Wellington Region,Nil,1-way,Sealed,,0,0,,100,,Null,1,0,,47,Wellington City,Nil,,,,,0,0,Open,0,,,Fine,Null
2035529,5711205,16943,,544900,0,0,0,2,0,Null,2008/2009,KEIHA ST,LYTTON ROAD,,Non-Injury Crash,No,2009,0,North,0,0,0,Flat,0,,0,,0,Dark,1376400,0,0,0,2,0,0,0,0,1,,0,0,Gisborne Region,Nil,2-way,Sealed,0,0,0,0,50,0,On,0,0,,28,Gisborne District,Stop,0,0,0,0,0,0,Urban,0,0,0,Fine,Null
1806140,5507629,16944,,564021,0,0,0,1,0,South,2009/2010,MANGAHAO ROAD,HENNESEY ROAD,,Non-Injury Crash,No,2009,0,East,1,0,1,Flat,0,,0,,0,Overcast,1853900,0,0,0,2,0,0,0,0,0,,0,0,Manawatū-Whanganui Region,Nil,2-way,Sealed,0,0,0,0,100,0,Null,0,0,,42,Horowhenua District,Nil,0,0,0,0,0,0,Open,0,0,0,Light rain,Null
1761071,5437819,16945,,569402,0,,0,0,,Null,2009/2010,SH 2,GROUNSELL CRESCENT,,Non-Injury Crash,Yes,2009,,East,,0,,Flat,,,,,,Overcast,1918804,0,0,0,2,,,0,,,,,,Wellington Region,Nil,2-way,Sealed,,0,0,,100,,Null,1,0,,46,Lower Hutt City,Traffic Signals,,,,,1,0,Open,0,,,Light rain,Null
2035038,5710010,16946,,544300,0,0,0,1,0,Null,2009/2010,LYTTON ROAD,GLADSTONE ROAD,,Non-Injury Crash,No,2009,0,South,0,0,0,Flat,0,,0,,1,Dark,1366100,0,0,0,2,0,0,0,0,0,,0,0,Gisborne Region,Nil,2-way,Sealed,0,0,0,0,50,0,On,0,0,,28,Gisborne District,Give way,0,0,0,1,0,0,Urban,0,0,0,Fine,Null
1759769,5436092,16947,,569100,0,,0,1,,Null,2009/2010,KNIGHTS ROAD,MYRTLE ST,,Non-Injury Crash,No,2009,,West,,0,,Flat,,Christmas New Year,,,,Bright sun,1968300,0,0,0,3,,,0,,,,,,Wellington Region,Nil,2-way,Sealed,,0,0,,50,,Null,0,0,,46,Lower Hutt City,Stop,,,,,0,0,Urban,1,,,Fine,Null
1879468,5820071,16948,,538000,0,,0,2,,Null,2009/2010,SH 29,MAUNGATAPU ROAD,,Non-Injury Crash,Yes,2009,,East,,0,,Flat,,Christmas New Year,,,,Bright sun,1178800,0,0,0,2,,,0,,,,,,Bay of Plenty Region,Nil,1-way,Sealed,,0,0,,50,,Off,0,0,,23,Tauranga City,Traffic Signals,,,,,0,0,Urban,0,,,Fine,Null
1893109,5812822,16949,,538502,0,0,0,2,0,West,2009/2010,JELLICOE ST,OXFORD ST,,Non-Injury Crash,No,2009,0,West,0,0,0,Flat,0,,0,,0,Overcast,1215500,0,0,0,4,0,0,0,0,0,,0,0,Bay of Plenty Region,Nil,2-way,Sealed,0,0,0,0,50,0,Null,0,0,,22,Western Bay of Plenty District,Unknown,0,0,0,0,1,0,Urban,1,1,0,Fine,Null
1624406,5430306,16950,,582900,0,0,0,2,0,Null,2009/2010,TASMAN ST,MANUKA ST,,Non-Injury Crash,No,2009,0,North,0,0,0,Flat,0,,0,,0,Dark,2323500,0,0,0,2,0,0,0,0,1,,0,0,Nelson Region,Nil,2-way,Sealed,0,0,0,0,50,0,On,0,0,,52,Nelson City,Give way,0,0,0,0,0,0,Urban,0,0,0,Fine,Null
1748744,5429362,16951,,572900,0,,0,3,,North,2009/2010,SH 1N,TINAKORI ON NBD,,Non-Injury Crash,Yes,2009,,North,,0,,Flat,,,,,,Dark,2119500,0,0,0,3,,,0,,,,,,Wellington Region,Nil,1-way,Sealed,,0,0,,100,,None,0,0,70,47,Wellington City,Nil,,,,,0,0,Open,0,,,Fine,Null
1768626,5901130,16952,,524901,0,,0,0,,North,2009/2010,GREAT SOUTH ROAD,HILL ROAD,,Non-Injury Crash,No,2009,,North,,0,,Flat,,,,,,Bright sun,756600,0,0,0,4,,,0,,,,,,Auckland Region,Nil,2-way,Sealed,,0,0,,50,,Null,1,0,,76,Auckland,Traffic Signals,,,,,0,0,Urban,1,,,Fine,Null
1755391,5443853,16953,,570900,0,0,0,1,0,North,2009/2010,MEXTED CRESCENT,ARAWHATA ST,,Non-Injury Crash,No,2009,0,North,0,0,0,Flat,0,,0,,0,Dark,2054700,0,0,0,2,0,0,0,1,0,,0,0,Wellington Region,Nil,2-way,Sealed,0,0,0,0,50,0,On,0,0,,44,Porirua City,Nil,0,0,0,1,0,0,Urban,0,0,0,Fine,Null
1757464,5920716,16954,,514102,0,,0,1,,Null,2009/2010,QUEEN ST,SHORTLAND ST,,Non-Injury Crash,No,2009,,South,,0,,Flat,,,,,,Dark,433200,0,0,0,4,,,0,,,,,,Auckland Region,Nil,2-way,Sealed,,0,0,,50,,On,0,0,,76,Auckland,Traffic Signals,,,,,0,0,Urban,1,,,Fine,Null
1766275,5899904,16955,,524713,0,,0,2,,North,2009/2010,ROSCOMMON ROAD,WEYMOUTH ROAD,,Non-Injury Crash,No,2009,,South,,0,,Flat,,,,,,Bright sun,775823,0,0,0,2,,,0,,,,,,Auckland Region,Nil,2-way,Sealed,,0,0,,50,,Off,0,0,,76,Auckland,Nil,,,,,0,0,Urban,0,,,Fine,Null
1619791,5426128,16956,,583900,0,,0,0,,South,2008/2009,TITOKI ST,SONGER ST,,Non-Injury Crash,No,2009,,South,,0,,Flat,,,,,,Overcast,2343300,0,0,0,2,,,0,,,,,,Nelson Region,Nil,2-way,Sealed,,0,0,,50,,Null,1,0,,52,Nelson City,Nil,,,,,0,0,Urban,1,,,Fine,Null
1766550,5908105,16957,,523501,0,,0,2,,South,2009/2010,OTARA ROAD,BAIRDS ROAD,,Non-Injury Crash,No,2009,,South,,0,,Flat,,,,,,Bright sun,700700,0,0,0,2,,,0,,,,,,Auckland Region,Nil,2-way,Sealed,,0,0,,50,,Off,0,0,,76,Auckland,Give way,,,,,0,0,Urban,0,,,Fine,Null
1697189,5452546,16958,,580446,0,0,0,1,0,East,2009/2010,TITIRANGI ROAD,ANAKOHA ROAD,,Non-Injury Crash,No,2009,0,North,0,0,0,Hill Road,0,,0,,0,Overcast,2286100,0,0,0,2,0,0,0,1,0,,0,0,Marlborough Region,Nil,2-way,Unsealed,0,0,0,0,100,0,Null,0,0,,53,Marlborough District,Nil,0,0,0,1,0,0,Open,0,0,0,Fine,Null
1752608,5436891,16959,,573523,0,,0,1,,North,2008/2009,SH 1N,CHURTON PARK ON SBD,,Non-Injury Crash,Yes,2009,,South,,0,,Flat,,,,,,Bright sun,2086310,0,0,0,2,,,0,,,,,,Wellington Region,Nil,2-way,Sealed,,0,0,,100,,Null,0,0,,47,Wellington City,Nil,,,,,1,0,Open,0,,,Fine,Null
1757462,5434938,16960,,569900,0,,0,2,,Null,2009/2010,NELSON ST,REGENT ST,,Non-Injury Crash,No,2009,,North,,0,,Flat,,,,,,Bright sun,2033500,0,0,0,2,,,0,,,,,,Wellington Region,Nil,2-way,Sealed,,0,0,,50,,Null,0,0,,46,Lower Hutt City,Nil,,,,,0,0,Urban,0,,,Fine,Null
1570876,5181273,16961,,591700,0,,0,2,,Null,2008/2009,BEALEY AVENUE,MANCHESTER ST,,Non-Injury Crash,No,2009,,West,,0,,Flat,,,,,,Dark,2654900,0,0,0,6,,,0,,,,,,Canterbury Region,Nil,2-way,Sealed,,0,0,,50,,On,0,0,,60,Christchurch City,Traffic Signals,,,,,0,0,Urban,0,,,Fine,Null
1765079,5913323,16962,,520500,0,,0,3,,South,2009/2010,SOUTH-EASTERN HIGHWAY,WAIPUNA ROAD,,Non-Injury Crash,No,2009,,West,,0,,Hill Road,,,,,,Bright sun,638908,0,0,0,4,,,0,,,,,,Auckland Region,Bridge,2-way,Sealed,,0,0,,80,,Off,0,0,,76,Auckland,Nil,,,,,0,0,Open,0,,,Fine,Null
1623311,5431704,16963,,582200,0,,0,0,,Null,2008/2009,WILDMAN AVENUE,AKERSTEN ST,,Non-Injury Crash,No,2009,,East,,0,,Flat,,,,,,Overcast,2325100,0,0,0,2,,,0,,,,,,Nelson Region,Nil,2-way,Sealed,,0,0,,50,,Null,0,0,,52,Nelson City,Nil,,,,,1,0,Urban,1,,,Light rain,Null
1692333,5676348,16964,,551800,0,,0,2,,Null,2009/2010,SH 44,DAWSON ST,,Non-Injury Crash,Yes,2009,,North,,0,,Flat,,,,,,Bright sun,1590800,0,0,0,2,,,0,,,,,,Taranaki Region,Nil,2-way,Sealed,,0,0,,50,,Null,0,0,,33,New Plymouth District,Traffic Signals,,,,,0,0,Urban,0,,,Fine,Null
1622821,5430889,16965,,582402,0,0,0,1,0,West,2008/2009,QUEBEC ROAD,WATSON ST,,Non-Injury Crash,No,2009,0,North,0,0,0,Hill Road,0,,0,,0,Dark,2327200,0,0,0,2,0,0,0,0,1,,0,0,Nelson Region,Nil,2-way,Sealed,0,0,0,0,50,0,On,1,1,,52,Nelson City,Nil,0,0,0,0,0,0,Urban,0,0,0,Fine,Null
1753599,5928808,16966,,508411,0,,0,2,,Null,2009/2010,GLENFIELD ROAD,HOGANS ROAD,,Non-Injury Crash,No,2009,,North,,0,,Flat,,,,,,Overcast,184300,0,0,0,5,,,0,,,,,,Auckland Region,Nil,2-way,Sealed,,0,0,,50,,Off,0,0,,76,Auckland,Traffic Signals,,,,,0,0,Urban,0,,,Light rain,Null
1756052,5918638,16967,,515500,0,,0,3,,East,2009/2010,SH 16,NEWTON ON WBD,,Non-Injury Crash,Yes,2009,,West,,0,,Flat,,,,,,Dark,418700,0,0,0,4,,,0,,,,,,Auckland Region,Nil,1-way,Sealed,,0,0,,100,,On,0,0,,76,Auckland,Nil,,,,,0,0,Open,0,,,Fine,Strong wind
1956710,5667747,16968,,545301,0,0,0,1,1,South,2008/2009,SH 2,MOHAKA RIV BR,,Non-Injury Crash,Yes,2009,0,South,0,0,0,Hill Road,0,,0,,0,Dark,1392700,0,0,0,2,0,0,0,0,0,,0,0,Hawke's Bay Region,Nil,2-way,Sealed,0,0,0,0,100,0,None,0,0,,29,Wairoa District,Nil,0,0,0,0,0,0,Open,0,0,0,Heavy rain,Strong wind
1762836,5437233,16969,,568301,0,0,0,1,0,West,2008/2009,HARRISON CRESCENT,OXFORD TERRACE,,Non-Injury Crash,No,2009,0,East,0,0,0,Flat,0,,0,,1,Dark,1948500,0,0,0,2,0,0,0,0,0,,0,0,Wellington Region,Nil,2-way,Sealed,0,0,0,0,50,0,None,0,0,,46,Lower Hutt City,Nil,0,0,0,1,0,0,Urban,0,0,0,Fine,Null
1903687,5566785,16970,,549500,0,0,0,2,0,Null,2009/2010,SH 2,RUSSELL ST,,Non-Injury Crash,Yes,2009,0,North,0,0,0,Flat,0,,0,,0,Overcast,1520500,0,0,0,2,0,0,0,0,0,,0,0,Hawke's Bay Region,Nil,2-way,Sealed,0,0,0,0,50,0,Null,0,0,,32,Central Hawke's Bay District,Give way,0,0,0,1,0,0,Urban,0,0,0,Heavy rain,Null
1620120,5427942,16971,,583500,0,,0,2,,Null,2008/2009,SH 6,QUARANTINE ROAD,,Non-Injury Crash,Yes,2009,,North,,0,,Flat,,,,,,Dark,2336001,0,0,0,2,,,0,,,,,,Nelson Region,Nil,2-way,Sealed,,0,0,,50,,On,0,0,,52,Nelson City,Give way,,,,,0,0,Urban,0,,,Fine,Null
1936706,5620601,16972,,546902,0,,0,1,,Null,2009/2010,LATHAM ST,WELLESLEY ROAD,,Non-Injury Crash,No,2009,,East,,0,,Flat,,,,,,Bright sun,1432200,0,0,0,2,,,0,,,,,,Hawke's Bay Region,Nil,2-way,Sealed,,0,0,,50,,Null,1,0,,31,Napier City,Give way,,,,,0,0,Urban,0,,,Fine,Null
1747982,5427548,16973,,575300,0,,0,2,,South,2008/2009,KELBURN PARADE,GLASGOW ST,,Non-Injury Crash,No,2009,,North,,0,,Hill Road,,,,,,Overcast,2155300,0,0,0,2,,,0,,,,,,Wellington Region,Nil,2-way,Sealed,,0,0,,50,,Null,0,0,,47,Wellington City,Nil,,,,,0,0,Urban,0,,,Light rain,Null
1683888,5429105,16974,,581100,0,0,0,1,0,North,2008/2009,QUEEN CHARLOTTE DRIVE,GRAVESEND,,Non-Injury Crash,No,2009,0,North,0,0,0,Hill Road,0,,0,,0,Dark,2281100,0,0,0,2,0,0,0,1,0,,0,0,Marlborough Region,Nil,2-way,Sealed,0,0,0,0,50,0,None,0,0,,53,Marlborough District,Nil,0,0,0,0,0,0,Urban,0,0,0,Fine,Null
1958696,5666787,16975,,545301,0,,0,2,,West,2008/2009,SH 2,PUTERE ROAD,,Non-Injury Crash,Yes,2009,,East,,0,,Flat,,,,,,Bright sun,1392400,0,0,0,2,,,0,,,,,,Hawke's Bay Region,Nil,2-way,Unsealed,,0,0,,50,,Null,0,0,,29,Wairoa District,Nil,,,,,0,0,Urban,0,,,Fine,Null
1749336,5430176,16976,,572900,0,,0,1,,North,2009/2010,HUTT ROAD,SAR ST,,Non-Injury Crash,No,2009,,North,,0,,Flat,,,,,,Overcast,2117102,0,0,0,2,,,0,,,,,,Wellington Region,Nil,2-way,Sealed,,0,0,,50,,Null,0,0,,47,Wellington City,Nil,,,,,1,0,Urban,0,,,Fine,Null
1812556,5552615,16977,,560421,0,,0,0,,North,2009/2010,HALCOMBE ROAD,MANAGHS ROAD,,Non-Injury Crash,No,2009,,West,,0,,Flat,,,,,,Bright sun,1763100,0,0,0,2,,,0,,,,,,Manawatū-Whanganui Region,Nil,2-way,Sealed,,0,0,,100,,Null,0,0,,39,Manawatu District,Nil,,,,,2,0,Open,0,,,Fine,Null
1753886,5913400,16978,,518901,0,,0,2,,West,2009/2010,WHITE SWAN ROAD,RICHARDSON ROAD,,Non-Injury Crash,No,2009,,West,,0,,Hill Road,,,,,,Bright sun,585101,0,0,0,2,,,0,,,,,,Auckland Region,Nil,2-way,Sealed,,0,0,,50,,Null,0,0,,76,Auckland,Unknown,,,,,0,0,Urban,0,,,Fine,Null
1766005,5442337,16979,,569600,0,0,0,2,0,Null,2009/2010,HUGH DUNCAN ST,SH 58,,Non-Injury Crash,Yes,2009,0,East,0,0,0,Flat,0,,0,,0,Dark,1916500,0,0,0,2,0,0,0,0,1,,0,0,Wellington Region,Nil,2-way,Sealed,0,0,0,0,50,0,On,0,0,,46,Lower Hutt City,Nil,0,0,0,0,0,0,Urban,0,0,0,Fine,Null
1931532,5615189,16980,,545631,0,,0,1,,South,2009/2010,SH 50,MEEANEE ON SBD,,Non-Injury Crash,Yes,2009,,South,,0,,Flat,,,,,,Bright sun,1402501,0,0,0,2,,,0,,,,,,Hawke's Bay Region,Nil,2-way,Sealed,,0,0,,100,,Null,1,0,,31,Napier City,Nil,,,,,0,0,Open,0,,,Fine,Null
1752380,5436635,16981,,573523,0,,0,1,,Null,2008/2009,SH 1N,CHURTON PARK ON SBD,,Non-Injury Crash,Yes,2009,,South,,0,,Flat,,,,,,Overcast,2086310,0,0,0,2,,,0,,,,,,Wellington Region,Motorway ramp,2-way,Sealed,,0,0,,100,,Null,1,0,,47,Wellington City,Nil,,,,,0,0,Open,0,,,Light rain,Null
1756900,5449375,16982,,572000,0,,0,1,,Null,2008/2009,SH 1N,ACHERON ROAD,,Non-Injury Crash,Yes,2009,,South,,0,,Flat,,,,,,Bright sun,2069802,0,0,0,5,,,0,,,,,,Wellington Region,Nil,2-way,Sealed,,0,0,,50,,Null,0,0,,44,Porirua City,Traffic Signals,,,,,1,0,Urban,0,,,Fine,Null
1761442,5914231,16983,,520202,0,,0,2,,North,2009/2010,SH 1N,PENROSE OFF NBD,,Non-Injury Crash,Yes,2009,,North,,0,,Flat,,,,,,Bright sun,612300,0,0,0,3,,,0,,,,,,Auckland Region,Nil,1-way,Sealed,,0,0,,100,,Off,0,0,,76,Auckland,Nil,,,,,0,0,Open,0,,,Fine,Null
1619531,5426522,16984,,583900,0,0,0,2,0,Null,2008/2009,Z CPK STRAWBRIDGE SQUARE,STRAWBRIDGE/SONGER,,Non-Injury Crash,No,2009,0,West,0,0,0,Flat,0,,0,,0,Overcast,2342800,0,0,0,0,0,0,0,0,1,,0,0,Nelson Region,Nil,Off road,Sealed,0,0,0,0,20,0,Null,0,0,,52,Nelson City,Nil,0,0,0,0,0,0,Urban,0,0,0,Fine,Null
1623776,5430773,16985,,582500,0,,0,1,,North,2009/2010,TRAFALGAR ST,HARDY ST,,Non-Injury Crash,No,2009,,North,,0,,Flat,,,,,,Bright sun,2320300,0,0,0,2,,,0,,,,,,Nelson Region,Nil,2-way,Sealed,,0,0,,50,,Null,1,0,,52,Nelson City,Nil,,,,,0,0,Urban,0,,,Fine,Null
1754384,5445071,16986,,570700,0,,0,1,,Null,2009/2010,PARUMOANA ST,WI NEERA DRIVE,,Non-Injury Crash,No,2009,,West,,0,,Flat,,,,,,Bright sun,2037500,0,0,0,2,,,0,,,,,,Wellington Region,Nil,2-way,Sealed,,0,0,,50,,Null,1,0,,44,Porirua City,Give way,,,,,0,0,Urban,0,,,Fine,Null
1762284,5439688,16987,,569500,0,0,0,0,0,West,2008/2009,MAJOR DRIVE,SH 2,,Non-Injury Crash,No,2009,0,North,0,0,0,Hill Road,0,,0,,1,Overcast,1917403,0,0,0,2,0,0,0,0,0,,0,0,Wellington Region,Nil,2-way,Sealed,0,0,0,0,50,0,Null,0,0,,46,Lower Hutt City,Nil,0,0,0,0,0,0,Urban,1,0,0,Light rain,Null
1245163,4849720,16988,,611002,0,,0,2,,Null,2008/2009,INGLEWOOD ROAD,WEST ST,,Non-Injury Crash,No,2009,,South,,0,,Flat,,,,,,Overcast,3134300,0,0,0,2,,,0,,,,,,Southland Region,Nil,2-way,Sealed,,0,0,,50,,Null,0,0,,75,Invercargill City,Give way,,,,,0,0,Urban,0,,,Fine,Null
1763115,5436925,16989,,568303,0,,0,1,,Null,2009/2010,HORLOR ST,NAENAE ROAD,,Non-Injury Crash,No,2009,,East,,0,,Flat,,,,,,Overcast,1954100,0,0,0,2,,,0,,,,,,Wellington Region,Nil,2-way,Sealed,,0,0,,50,,Null,1,0,,46,Lower Hutt City,Give way,,,,,0,0,Urban,0,,,Fine,Null
1765203,5902497,16990,,524604,1,,0,1,,North,2009/2010,ROSCOMMON ROAD,HAUTU DRIVE,,Non-Injury Crash,No,2009,,North,,0,,Flat,,,,,,Bright sun,781200,0,0,0,2,,,0,,,,,,Auckland Region,Nil,2-way,Sealed,,0,0,,50,,Off,0,0,,76,Auckland,Nil,,,,,0,0,Urban,0,,,Fine,Null
1497482,5136391,16991,,597860,0,,0,2,,Null,2008/2009,SH 1S,JOHNSTONE ST,,Non-Injury Crash,Yes,2009,,South,,0,,Flat,,Easter,,,,Dark,2740100,0,0,0,2,,,0,,,,,,Canterbury Region,Nil,2-way,Sealed,,0,0,,70,,On,0,0,,63,Ashburton District,Give way,,,,,0,0,Urban,0,,,Fine,Null
1754523,5444234,16992,,570800,0,,0,2,,Null,2008/2009,KENEPURU DRIVE,TITAHI BAY ROAD,,Non-Injury Crash,No,2009,,North,,0,,Flat,,,,,,Bright sun,2052700,0,0,0,2,,,0,,,,,,Wellington Region,Nil,2-way,Sealed,,0,0,,50,,Null,0,0,,44,Porirua City,Give way,,,,,0,0,Urban,0,,,Fine,Null
1711539,6050314,16993,45,501802,0,0,0,0,1,East,2009/2010,THREE MILE BUSH ROAD,GUMTOWN ROAD,,Non-Injury Crash,No,2009,0,West,0,0,1,Hill Road,0,,0,,0,Overcast,69300,0,0,0,2,0,0,0,0,0,,0,0,Northland Region,Nil,2-way,Sealed,0,0,0,0,100,0,Null,1,0,,2,Whangarei District,Unknown,0,0,0,0,0,0,Open,0,0,0,Light rain,Null
1692333,5676348,16994,,551800,0,,0,2,,Null,2009/2010,SH 44,DAWSON ST,,Non-Injury Crash,Yes,2009,,West,,0,,Hill Road,,,,,,Overcast,1590800,0,0,0,2,,,0,,,,,,Taranaki Region,Nil,2-way,Sealed,,0,0,,50,,Null,0,0,,33,New Plymouth District,Traffic Signals,,,,,0,0,Urban,0,,,Fine,Null
1760547,5432718,16995,,568800,0,,0,2,,Null,2009/2010,GRACEFIELD ROAD,HUTT PARK ROAD,,Non-Injury Crash,No,2009,,East,,0,,Flat,,,,,,Bright sun,1980600,0,0,0,2,,,0,,,,,,Wellington Region,Nil,2-way,Sealed,,0,0,,50,,Null,0,0,,46,Lower Hutt City,Give way,,,,,0,0,Urban,0,,,Fine,Null
2037670,5709007,16996,,544500,0,0,0,2,0,Null,2008/2009,ORMOND ROAD,FOX ST,,Non-Injury Crash,No,2009,0,South,0,0,0,Flat,0,,0,,0,Bright sun,1380600,0,0,0,2,0,0,0,0,1,,0,0,Gisborne Region,Nil,2-way,Sealed,0,0,0,0,50,0,Null,0,0,,28,Gisborne District,Give way,0,0,0,0,0,0,Urban,0,0,0,Fine,Null
1799076,5815633,16997,,528900,0,0,0,1,0,North,2009/2010,JOLLY ST,KENT ST,,Non-Injury Crash,No,2009,0,North,0,0,1,Flat,0,,0,,0,Dark,912900,0,0,0,2,0,0,0,0,0,,0,0,Waikato Region,Nil,2-way,Sealed,0,0,0,0,50,0,On,0,0,,16,Hamilton City,Nil,0,0,0,0,0,0,Urban,0,0,0,Fine,Null
1748500,5426119,16998,,573300,0,0,0,2,0,West,2009/2010,ROLLESTON ST,WALLACE ST,,Non-Injury Crash,No,2009,0,North,0,0,0,Hill Road,0,,0,,0,Dark,2145100,0,0,0,2,0,0,0,0,1,,0,0,Wellington Region,Nil,2-way,Sealed,0,0,0,0,50,0,On,0,0,,47,Wellington City,Nil,0,0,0,0,0,0,Urban,0,0,0,Fine,Null
1821937,5529072,16999,,562800,0,,0,1,,Null,2008/2009,FITZHERBERT AVENUE,FERGUSON ST,,Non-Injury Crash,No,2009,,South,,0,,Flat,,,,,,Bright sun,1828700,0,0,0,4,,,0,,,,,,Manawatū-Whanganui Region,Nil,2-way,Sealed,,0,0,,50,,Null,1,0,,40,Palmerston North City,Traffic Signals,,,,,0,0,Urban,0,,,Fine,Null