X,Y,OBJECTID,advisorySpeed,areaUnitID,bicycle,bridge,bus,carStationWagon,cliffBank,crashDirectionDescription,crashFinancialYear,crashLocation1,crashLocation2,crashRoadSideRoad,crashSeverity,crashSHDescription,crashYear,debris,directionRoleDescription,ditch,fatalCount,fence,flatHill,guardRail,holiday,houseOrBuilding,intersection,kerb,light,meshblockId,minorInjuryCount,moped,motorcycle,NumberOfLanes,objectThrownOrDropped,otherObject,otherVehicleType,overBank,parkedVehicle,pedestrian,phoneBoxEtc,postOrPole,region,roadCharacter,roadLane,roadSurface,roadworks,schoolBus,seriousInjuryCount,slipOrFlood,speedLimit,strayAnimal,streetLight,suv,taxi,temporarySpeedLimit,tlaId,tlaName,trafficControl,trafficIsland,trafficSign,train,tree,truck,unknownVehicleType,urban,vanOrUtility,vehicle,waterRiver,weatherA,weatherB
1748480,5425593,17000,,573300,0,,0,2,,West,2009/2010,HUTCHISON ROAD,WRIGHT ST,,Non-Injury Crash,No,2009,,East,,0,,Hill Road,,,,,,Dark,2147800,0,0,0,2,,,0,,,,,,Wellington Region,Nil,2-way,Sealed,,0,0,,50,,On,0,0,,47,Wellington City,Nil,,,,,0,0,Urban,0,,,Fine,Null
1750348,5424370,17001,,576901,0,0,0,2,0,Null,2008/2009,ONEPU ROAD,EVANS BAY PARADE,,Non-Injury Crash,No,2009,0,South,0,0,0,Flat,0,,0,,0,Overcast,2178000,0,0,0,2,0,0,0,0,0,,0,1,Wellington Region,Nil,2-way,Sealed,0,0,0,0,50,0,Null,0,0,,47,Wellington City,Traffic Signals,0,0,0,0,0,0,Urban,0,0,0,Fine,Null
1300339,5004630,17002,,608600,0,0,0,0,0,South,2008/2009,BARRY AVENUE,DERRY ST,,Non-Injury Crash,No,2009,0,South,0,0,1,Flat,0,,0,,0,Overcast,3030201,0,0,0,2,0,0,0,0,0,,0,0,Otago Region,Nil,2-way,Sealed,0,0,0,0,50,0,Null,0,0,,69,Central Otago District,Nil,0,0,0,0,0,0,Urban,1,0,0,Fine,Null
1459805,5116829,17003,,598500,0,0,0,1,0,Null,2008/2009,GEORGE ST,FLATMAN CRESCENT,,Non-Injury Crash,No,2009,0,South,0,0,1,Flat,0,,0,,0,Dark,2763100,0,0,0,2,0,0,0,0,0,,0,0,Canterbury Region,Nil,2-way,Sealed,0,0,0,0,50,0,On,0,0,,64,Timaru District,Nil,0,0,0,0,0,0,Urban,0,0,0,Light rain,Null
1802978,5813643,17004,,530300,0,0,0,1,0,Null,2009/2010,SH 1N,GALLOWAY ST,,Non-Injury Crash,Yes,2009,0,East,0,0,0,Flat,0,,0,,0,Dark,883200,0,0,0,4,0,0,0,0,0,,0,1,Waikato Region,Nil,2-way,Sealed,0,0,0,0,80,0,On,0,0,,16,Hamilton City,Give way,1,0,0,0,0,0,Open,0,0,0,Heavy rain,Null
1805366,5786757,17005,,527936,0,0,0,1,0,Null,2009/2010,HAULTAIN ST,MCANDREW ST,,Non-Injury Crash,No,2009,0,West,0,0,1,Hill Road,0,,0,,0,Twilight,989309,0,0,0,2,0,0,0,0,0,,0,0,Waikato Region,Nil,2-way,Sealed,0,0,0,0,50,0,None,0,0,,17,Waipa District,Nil,0,0,0,0,0,0,Urban,0,0,0,Mist or Fog,Null
1757400,5920943,17006,,514101,0,,1,1,,Null,2009/2010,CUSTOMS ST WEST,ALBERT ST,,Non-Injury Crash,No,2009,,West,,0,,Flat,,,,,,Bright sun,432800,0,0,0,2,,,0,,,,,,Auckland Region,Nil,2-way,Sealed,,0,0,,50,,Null,0,0,,76,Auckland,Traffic Signals,,,,,0,0,Urban,0,,,Fine,Null
1935656,5620489,17007,,546600,0,,0,2,,Null,2008/2009,KENNEDY ROAD,DOUGLAS MCLEAN AVENUE,,Non-Injury Crash,No,2009,,North,,0,,Flat,,,,,,Overcast,1435800,0,0,0,2,,,0,,,,,,Hawke's Bay Region,Nil,2-way,Sealed,,0,0,,50,,Null,0,0,,31,Napier City,Give way,,,,,0,0,Urban,0,,,Light rain,Null
1607485,5418996,17008,,581836,0,0,0,0,0,North,2009/2010,SH 6,TELENIUS ROAD,,Non-Injury Crash,Yes,2009,0,North,0,0,1,Flat,0,,0,,0,Dark,2355900,0,0,0,2,0,0,0,0,0,,0,0,Tasman Region,Nil,2-way,Sealed,0,0,0,0,100,0,None,1,0,,51,Tasman District,Nil,0,0,0,1,0,0,Open,0,0,0,Fine,Null
1575850,5237254,17009,,585700,0,0,0,1,1,North,2008/2009,SH 7,ANTILLS BR,,Non-Injury Crash,Yes,2009,0,North,0,0,0,Flat,0,,0,,0,Overcast,2437500,0,0,0,2,0,0,0,0,0,,0,0,Canterbury Region,Nil,2-way,Sealed,0,0,0,0,100,0,Null,0,0,,58,Hurunui District,Unknown,0,0,0,0,0,0,Open,0,0,0,Light rain,Null
1761670,5438438,17010,,569500,0,0,0,1,0,West,2009/2010,MAJOR DRIVE,SH 2,,Non-Injury Crash,No,2009,0,West,0,0,1,Hill Road,0,,0,,0,Overcast,1917603,0,0,0,2,0,0,0,1,0,,0,0,Wellington Region,Nil,2-way,Sealed,0,0,0,0,50,0,Null,0,0,,46,Lower Hutt City,Nil,0,0,0,0,0,0,Urban,0,0,1,Fine,Null
1749050,5437317,17011,,577700,0,0,0,1,0,West,2009/2010,OHARIU VALLEY ROAD,RIFLE RANGE ROAD,,Non-Injury Crash,No,2009,0,West,0,0,1,Flat,0,,0,,0,Dark,2116900,0,0,0,2,0,0,0,0,0,,0,0,Wellington Region,Nil,2-way,Sealed,0,0,0,0,50,0,None,0,0,,47,Wellington City,Nil,0,0,0,0,0,0,Urban,0,0,0,Fine,Null
1566643,5183312,17012,,592000,0,0,0,1,0,West,2009/2010,BROOKSIDE TERRACE,HOOKER AVENUE,,Non-Injury Crash,No,2009,0,West,0,0,1,Flat,0,,0,,0,Bright sun,2668501,0,0,0,2,0,0,0,0,0,,0,0,Canterbury Region,Nil,2-way,Sealed,0,0,0,0,50,0,Null,0,0,,60,Christchurch City,Unknown,0,0,0,0,0,0,Urban,0,0,0,Fine,Null
1574465,5184495,17013,,590505,0,,0,2,,Null,2008/2009,TRAVIS ROAD,BURWOOD ROAD,,Non-Injury Crash,Yes,2009,,West,,0,,Flat,,,,,,Dark,2506402,0,0,0,2,,,0,,,,,,Canterbury Region,Nil,2-way,Sealed,,0,0,,50,,On,0,0,,60,Christchurch City,Give way,,,,,0,0,Urban,0,,,Light rain,Null
1694687,5370366,17014,,580801,0,0,0,1,0,South,2008/2009,SH 1S,WARD BEACH ROAD,,Non-Injury Crash,Yes,2009,0,South,0,0,1,Flat,0,,0,,0,Overcast,2310200,0,0,0,2,0,0,0,0,0,,0,0,Marlborough Region,Nil,2-way,Sealed,0,0,0,0,100,0,Null,0,0,,53,Marlborough District,Nil,0,0,0,0,0,0,Open,0,0,0,Fine,Null
1460757,5081270,17015,,599700,0,,0,1,,Null,2008/2009,QUEEN ST,KING ST,,Non-Injury Crash,No,2009,,South,,0,,Hill Road,,,,,,Overcast,2801200,0,0,0,2,,,0,,,,,,Canterbury Region,Nil,2-way,Sealed,,0,0,,50,,Null,0,0,,64,Timaru District,Stop,,,,,1,0,Urban,0,,,Light rain,Null
1821140,5523739,17016,,561820,0,,0,1,,Null,2009/2010,SH 57,TENNENT DRIVE,,Non-Injury Crash,Yes,2009,,West,,0,,Flat,,,,,,Dark,1798512,0,0,0,2,,,0,,,,,,Manawatū-Whanganui Region,Nil,2-way,Sealed,,0,0,,50,,On,0,0,,40,Palmerston North City,Give way,,,,,0,0,Urban,0,,,Fine,Null
1754893,5444250,17017,,570900,0,,0,2,,Null,2008/2009,MUNGAVIN AVENUE,TITAHI BAY ROAD,,Non-Injury Crash,No,2009,,West,,0,,Flat,,,,,,Overcast,2056604,0,0,0,2,,,0,,,,,,Wellington Region,Nil,2-way,Sealed,,0,0,,50,,Null,0,0,,44,Porirua City,Give way,,,,,0,0,Urban,0,,,Fine,Null
1755632,5434662,17018,,569800,0,,0,1,,West,2008/2009,SH 2,PETONE OFF NBD,,Non-Injury Crash,Yes,2009,,East,,0,,Flat,,,,,,Overcast,1922202,0,0,1,2,,,0,,,,,,Wellington Region,Nil,1-way,Sealed,,0,0,,100,,Null,0,0,,46,Lower Hutt City,Nil,,,,,0,0,Open,0,,,Fine,Null
1823523,5462853,17019,,578600,0,,0,2,,Null,2008/2009,DIXON ST,MCKENNA ST,,Non-Injury Crash,No,2009,,North,,0,,Flat,,,,,,Overcast,2243700,0,0,0,2,,,0,,,,,,Wellington Region,Nil,2-way,Sealed,,0,0,,50,,Null,0,0,,48,Masterton District,Give way,,,,,0,0,Urban,0,,,Fine,Null
1802606,5790452,17020,,531001,0,0,0,1,0,East,2009/2010,REWI ST,ST MARYS AVENUE,,Non-Injury Crash,No,2009,0,West,0,0,0,Flat,0,,0,,0,Overcast,970700,0,0,0,2,0,0,0,0,0,,0,1,Waikato Region,Nil,2-way,Sealed,0,0,0,0,50,0,Null,0,0,,17,Waipa District,Unknown,0,0,0,0,0,0,Urban,0,0,0,Light rain,Null
1760374,5434685,17021,,568701,0,,0,2,,Null,2008/2009,WHITES LINE EAST,BELL ROAD,,Non-Injury Crash,No,2009,,South,,0,,Flat,,,,,,Overcast,1976900,0,0,0,2,,,0,,,,,,Wellington Region,Nil,2-way,Sealed,,0,0,,50,,Null,0,0,,46,Lower Hutt City,Traffic Signals,,,,,0,0,Urban,0,,,Fine,Null
1752870,5929048,17022,,508411,0,0,0,2,0,North,2009/2010,SPINELLA DRIVE,LASER PLACE,,Non-Injury Crash,No,2009,0,East,0,0,0,Flat,0,,0,,0,Dark,184912,0,0,0,2,0,0,0,0,1,,0,0,Auckland Region,Nil,2-way,Sealed,0,0,0,0,50,0,On,0,0,,76,Auckland,Unknown,0,0,0,0,0,0,Urban,0,0,0,Light rain,Null
1757065,5920542,17023,,514102,0,,0,2,,Null,2009/2010,VICTORIA ST WEST,HOBSON ST,,Non-Injury Crash,No,2009,,West,,0,,Hill Road,,,,,,Bright sun,433700,0,0,0,4,,,0,,,,,,Auckland Region,Nil,2-way,Sealed,,0,0,,50,,Off,0,0,,76,Auckland,Traffic Signals,,,,,0,0,Urban,0,,,Fine,Null
1824185,5464013,17024,,578600,0,,0,1,,Null,2009/2010,VILLA ST,WRIGLEY ST,,Non-Injury Crash,No,2009,,East,,0,,Flat,,,,,,Bright sun,2245400,0,0,0,2,,,0,,,,,,Wellington Region,Nil,2-way,Sealed,,0,0,,50,,Null,1,0,,48,Masterton District,Nil,,,,,0,0,Urban,0,,,Fine,Null
1762651,5437640,17025,,568401,0,0,0,1,0,North,2008/2009,HIGH ST,ATHLONE CRESCENT NORTH,,Non-Injury Crash,No,2009,0,South,0,0,0,Flat,0,,0,,0,Overcast,1942900,0,0,0,2,0,0,0,0,1,,0,0,Wellington Region,Nil,2-way,Sealed,0,0,0,0,50,0,Null,0,0,,46,Lower Hutt City,Nil,0,0,0,0,0,0,Urban,1,0,0,Fine,Null
1748391,5914878,17026,,511700,0,,0,2,,West,2009/2010,ST LEONARDS ROAD,ARCHIBALD ROAD,,Non-Injury Crash,No,2009,,East,,0,,Flat,,,,,,Bright sun,271400,0,0,0,2,,,0,,,,,,Auckland Region,Nil,2-way,Sealed,,0,0,,50,,Off,0,0,,76,Auckland,Nil,,,,,0,0,Urban,0,,,Fine,Null
1872143,5817210,17027,,536630,0,,0,1,,Null,2009/2010,SH 29,GARGAN ROAD,,Non-Injury Crash,Yes,2009,,East,,0,,Hill Road,,,,,,Overcast,1191301,0,0,0,3,,,0,,,,,,Bay of Plenty Region,Nil,2-way,Sealed,,0,0,,100,,Null,0,0,,23,Tauranga City,Give way,,,,,1,0,Open,0,,,Fine,Null
2037391,5707986,17028,,544600,0,,0,1,,North,2008/2009,CHILDERS ROAD,SH 35,,Non-Injury Crash,No,2009,,South,,0,,Flat,,,,,,Dark,1371800,0,0,0,2,,,0,,,,,,Gisborne Region,Nil,2-way,Sealed,,0,0,,50,,On,0,0,,28,Gisborne District,Nil,,,,,0,0,Urban,1,,,Fine,Null
1747520,5427696,17029,,575300,0,,0,2,,Null,2008/2009,UPLAND ROAD,PLUNKET ST,,Non-Injury Crash,No,2009,,West,,0,,Flat,,,,,,Bright sun,2152900,0,0,0,2,,,0,,,,,,Wellington Region,Nil,2-way,Sealed,,0,0,,50,,Null,0,0,,47,Wellington City,Give way,,,,,0,0,Urban,0,,,Fine,Null
1748578,5426066,17030,,573300,0,0,0,1,0,North,2008/2009,WALLACE ST,HARGREAVES ST,,Non-Injury Crash,No,2009,0,North,0,0,0,Flat,0,,0,,0,Overcast,2146800,0,0,0,2,0,0,0,0,1,,0,0,Wellington Region,Nil,2-way,Sealed,0,0,0,0,50,0,Null,0,0,,47,Wellington City,Nil,0,0,0,0,1,0,Urban,0,0,0,Fine,Null
1613418,5426017,17031,,581726,0,0,0,1,0,Null,2009/2010,LOWER QUEEN ST,SWAMP ROAD,,Non-Injury Crash,No,2009,0,North,1,0,0,Hill Road,0,Christmas New Year,0,,0,Bright sun,2357300,0,0,0,2,0,0,0,0,0,,0,0,Tasman Region,Nil,2-way,Sealed,0,0,0,0,100,0,Null,0,0,,51,Tasman District,Give way,0,0,0,0,0,0,Open,0,0,0,Fine,Null
1822174,5529826,17032,,562800,0,,0,2,,Null,2008/2009,BROADWAY AVENUE,AMESBURY ST,,Non-Injury Crash,No,2009,,West,,0,,Flat,,,,,,Overcast,1831400,0,0,0,2,,,0,,,,,,Manawatū-Whanganui Region,Nil,2-way,Sealed,,0,0,,50,,Null,0,0,,40,Palmerston North City,Give way,,,,,0,0,Urban,0,,,Fine,Null
1761211,5914651,17033,,520202,0,,0,0,,North,2009/2010,SH 1N,PENROSE ON NBD,,Non-Injury Crash,Yes,2009,,North,,0,,Flat,,,,,,Bright sun,612100,0,0,1,3,,,0,,,,,,Auckland Region,Nil,1-way,Sealed,,0,0,,100,,Off,1,0,,76,Auckland,Nil,,,,,0,0,Open,0,,,Fine,Null
1759161,5916101,17034,,519200,0,0,0,1,0,Null,2009/2010,KARETU ROAD,KORAU ROAD,,Non-Injury Crash,No,2009,0,West,0,0,0,Flat,0,,1,,0,Overcast,615700,0,0,0,1,0,0,0,0,0,,0,0,Auckland Region,Nil,2-way,Sealed,0,0,0,0,50,0,Null,0,0,,76,Auckland,Nil,0,0,0,0,0,0,Urban,0,0,0,Light rain,Null
1789732,5829845,17035,,528200,0,,0,2,,South,2009/2010,GREAT SOUTH ROAD,EDWARD ST,,Non-Injury Crash,No,2009,,South,,0,,Flat,,,,,,Dark,858500,0,0,0,2,,,0,,,,,,Waikato Region,Nil,2-way,Sealed,,0,0,,50,,On,0,0,,13,Waikato District,Nil,,,,,0,0,Urban,0,,,Fine,Null
1749033,5427400,17036,,573101,0,0,0,2,0,Null,2008/2009,Z FCT BP,WAKEFIELD/TARANAKI,,Non-Injury Crash,No,2009,0,West,0,0,0,Flat,0,,0,,0,Dark,2135200,0,0,0,2,0,0,0,0,1,,0,0,Wellington Region,Nil,2-way,Sealed,0,0,0,0,50,0,On,0,0,,47,Wellington City,Nil,0,0,0,0,0,0,Urban,0,0,0,Fine,Null
1758366,5918181,17037,,517400,0,,0,2,,West,2009/2010,TEED ST,OSBORNE ST,,Non-Injury Crash,No,2009,,East,,0,,Flat,,,,,,Overcast,451300,0,0,0,2,,,0,,,,,,Auckland Region,Nil,2-way,Sealed,,0,0,,50,,Off,0,0,,76,Auckland,Nil,,,,,0,0,Urban,0,,,Mist or Fog,Null
1883956,5775334,17038,,540200,0,0,0,1,0,Null,2009/2010,BENNETTS ROAD,KOUTU ROAD,,Non-Injury Crash,No,2009,0,South,1,0,0,Flat,0,,0,,0,Dark,1223500,0,0,0,2,0,0,0,0,0,,0,0,Bay of Plenty Region,Nil,2-way,Sealed,0,0,0,0,50,0,On,0,0,,24,Rotorua District,Stop,0,0,0,0,0,0,Urban,0,0,0,Fine,Null
1402473,4913708,17039,,605920,0,0,0,2,0,North,2008/2009,MULFORD ST,SAMSON ROAD,,Non-Injury Crash,No,2009,0,North,0,0,0,Hill Road,0,,0,,0,Dark,2955600,0,0,0,1,0,0,0,0,1,,0,0,Otago Region,Nil,2-way,Sealed,0,0,0,0,50,0,On,0,0,,71,Dunedin City,Unknown,0,0,0,0,0,0,Urban,0,0,0,Heavy rain,Null
1761340,5435427,17040,,568602,0,,0,1,,Null,2009/2010,WAIWHETU ROAD,BIRDWOOD ROAD,,Non-Injury Crash,No,2009,,North,,0,,Flat,,,,,,Bright sun,1971500,0,0,0,2,,,0,,,,,,Wellington Region,Nil,2-way,Sealed,,0,0,,50,,Null,1,0,,46,Lower Hutt City,Give way,,,,,0,0,Urban,0,,,Fine,Null
1824058,5530680,17041,,562500,0,,0,2,,Null,2009/2010,SH 3,UPPER MAIN ST,,Non-Injury Crash,Yes,2009,,South,,0,,Flat,,,,,,Bright sun,1844100,0,0,0,2,,,0,,,,,,Manawatū-Whanganui Region,Nil,2-way,Sealed,,0,0,,50,,Null,0,0,,40,Palmerston North City,Give way,,,,,0,0,Urban,0,,,Fine,Null
1769311,5469077,17042,,566000,0,,0,2,,Null,2008/2009,SH 1N,AMOHIA ST,,Non-Injury Crash,Yes,2009,,North,,0,,Flat,,,,,,Overcast,2000400,0,0,0,2,,,0,,,,,,Wellington Region,Nil,2-way,Sealed,,0,0,,50,,Null,1,0,,43,Kapiti Coast District,Give way,,,,,0,0,Urban,0,,,Fine,Null
1815637,5527976,17043,,561901,0,,0,0,,Null,2009/2010,NO 1 LINE LONGBURN,RESERVE ROAD,,Non-Injury Crash,No,2009,,East,,0,,Flat,,,,,,Overcast,1795901,0,0,0,2,,,0,,,,,,Manawatū-Whanganui Region,Nil,2-way,Sealed,,0,0,,100,,Null,0,0,,39,Manawatu District,Give way,,,,,1,0,Open,0,,,Light rain,Null
1759528,5436131,17044,,569100,0,,0,2,,North,2009/2010,QUEENS DRIVE,LAINGS ROAD,,Non-Injury Crash,No,2009,,South,,0,,Flat,,,,,,Overcast,1965300,0,0,0,2,,,0,,,,,,Wellington Region,Nil,2-way,Sealed,,0,0,,50,,Null,0,0,,46,Lower Hutt City,Nil,,,,,0,0,Urban,0,,,Fine,Null
1655256,5429447,17045,,580446,0,,0,1,,Null,2008/2009,SH 6,TE HORO PA ROAD W,,Non-Injury Crash,Yes,2009,,East,,0,,Hill Road,,,,,,Bright sun,2283600,0,0,0,2,,,0,,,,,,Marlborough Region,Nil,2-way,Sealed,,0,0,,100,,Null,0,0,,53,Marlborough District,Nil,,,,,1,0,Open,0,,,Fine,Null
1694359,5674740,17046,,552200,0,,0,2,,North,2009/2010,SH 3,CUMBERLAND ST,,Non-Injury Crash,Yes,2009,,North,,0,,Flat,,,,,,Overcast,1601704,0,0,0,2,,,0,,,,,,Taranaki Region,Nil,2-way,Sealed,,0,0,,50,,Null,0,0,,33,New Plymouth District,Nil,,,,,0,0,Urban,0,,,Light rain,Null
1758252,5918402,17047,,517400,0,,0,2,,Null,2009/2010,KHYBER PASS ROAD,CROWHURST ST,,Non-Injury Crash,No,2009,,West,,0,,Flat,,,,,,Dark,450100,0,0,0,2,,,0,,,,,,Auckland Region,Nil,2-way,Sealed,,0,0,,50,,On,0,0,,76,Auckland,Traffic Signals,,,,,0,0,Urban,0,,,Light rain,Null
1571383,5197527,17048,,586408,0,0,0,0,0,South,2008/2009,SH 1S,CAM OBR,,Non-Injury Crash,Yes,2009,1,South,0,0,0,Flat,0,Easter,0,,0,Bright sun,2452200,0,0,0,4,0,0,0,0,0,,0,0,Canterbury Region,Nil,2-way,Sealed,0,0,0,0,100,0,Null,1,0,,59,Waimakariri District,Nil,0,0,0,0,1,0,Open,0,0,0,Fine,Null
1620002,5428006,17049,,583500,0,,0,2,,Null,2008/2009,QUARANTINE ROAD,CADILLAC WAY,,Non-Injury Crash,No,2009,,East,,0,,Flat,,,,,,Bright sun,2336001,0,0,0,2,,,0,,,,,,Nelson Region,Nil,2-way,Sealed,,0,0,,50,,None,0,0,,52,Nelson City,Give way,,,,,0,0,Urban,0,,,Fine,Null
1924948,5606210,17050,,548620,0,0,0,1,0,West,2008/2009,PORTSMOUTH ROAD,HULL ST,,Non-Injury Crash,No,2009,0,West,0,0,0,Flat,0,,0,,0,Dark,1475000,0,0,0,2,0,0,0,0,0,,1,0,Hawke's Bay Region,Nil,2-way,Sealed,0,0,0,0,50,0,On,0,0,,30,Hastings District,Nil,0,0,0,0,0,0,Urban,0,0,0,Fine,Null
1766262,5905375,17051,,522202,0,,0,2,,Null,2009/2010,CARRUTH ROAD,ALLENBY ROAD,,Non-Injury Crash,No,2009,,West,,0,,Flat,,Christmas New Year,,,,Bright sun,665700,0,0,0,2,,,0,,,,,,Auckland Region,Nil,2-way,Sealed,,0,0,,50,,Null,0,0,,76,Auckland,Stop,,,,,0,0,Urban,0,,,Fine,Null
1744258,5922551,17052,,513512,0,,0,2,,West,2009/2010,ROYAL ROAD,MAKORA ROAD,,Non-Injury Crash,No,2009,,West,,0,,Hill Road,,,,,,Dark,225501,0,0,0,2,,,0,,,,,,Auckland Region,Nil,2-way,Sealed,,0,0,,50,,On,0,0,,76,Auckland,Nil,,,,,0,0,Urban,0,,,Fine,Null
1763872,5906541,17053,,524303,0,0,0,1,0,East,2009/2010,STATION ROAD,GRAY ROAD,,Non-Injury Crash,No,2009,0,West,0,0,1,Flat,0,,0,,0,Overcast,657300,0,0,0,2,0,0,0,0,0,,0,0,Auckland Region,Nil,2-way,Sealed,0,0,0,0,50,0,Null,0,0,,76,Auckland,Unknown,0,0,0,0,0,0,Urban,0,0,0,Fine,Null
1774751,5446274,17054,,566800,0,,0,2,,North,2008/2009,TOTARA PARK ROAD,CLOUSTON PARK ROAD,,Non-Injury Crash,No,2009,,North,,0,,Flat,,,,,,Bright sun,1910200,0,0,0,2,,,0,,,,,,Wellington Region,Nil,2-way,Sealed,,0,0,,50,,Null,0,0,,45,Upper Hutt City,Nil,,,,,0,0,Urban,0,,,Fine,Null
1731342,5908435,17055,,513800,0,0,0,1,0,South,2009/2010,PIHA ROAD,SEAVIEW ROAD,,Non-Injury Crash,No,2009,0,East,0,0,0,Hill Road,0,,0,,0,Dark,282015,0,0,0,2,0,0,0,0,0,,0,0,Auckland Region,Nil,2-way,Sealed,0,0,0,0,80,0,Off,0,0,,76,Auckland,Nil,0,0,0,1,0,0,Open,0,0,0,Mist or Fog,Null
1751642,5916883,17056,,514900,0,,0,2,,North,2009/2010,GREAT NORTH ROAD,FIR ST,,Non-Injury Crash,No,2009,,South,,0,,Hill Road,,,,,,Bright sun,384400,0,0,0,4,,,0,,,,,,Auckland Region,Nil,2-way,Sealed,,0,0,,50,,Null,0,0,,76,Auckland,Nil,,,,,0,0,Urban,0,,,Fine,Null
1617669,5425320,17057,,581723,0,0,0,1,0,South,2009/2010,SH 6,SAXTON ON SBD,,Non-Injury Crash,Yes,2009,0,North,0,0,0,Flat,0,,0,,0,Bright sun,2359407,0,0,0,2,0,0,0,0,0,,0,0,Nelson Region,Nil,2-way,Sealed,0,0,0,0,100,0,Null,0,0,,52,Nelson City,Nil,0,0,0,0,0,0,Open,0,0,1,Fine,Null
1759785,5429773,17058,,570300,0,0,0,1,0,South,2009/2010,MARINE DRIVE,RANGIURU ROAD,,Non-Injury Crash,No,2009,0,South,0,0,1,Flat,0,,0,,0,Bright sun,1982303,0,0,0,2,0,0,0,0,0,,0,0,Wellington Region,Nil,2-way,Sealed,0,0,0,0,70,0,Null,0,0,,46,Lower Hutt City,Nil,0,0,0,0,0,0,Urban,0,0,0,Fine,Null
1701247,5679371,17059,,550902,0,,0,2,,Null,2008/2009,SH 3,AIRPORT DRIVE,,Non-Injury Crash,Yes,2009,,East,,0,,Flat,,,,,,Bright sun,1562801,0,0,0,2,,,0,,,,,,Taranaki Region,Nil,2-way,Sealed,,0,0,,100,,Null,0,0,,33,New Plymouth District,Give way,,,,,0,0,Open,0,,,Fine,Null
1883469,5774445,17060,,539400,0,,0,2,,Null,2009/2010,SH 5,SUNSET ROAD,,Non-Injury Crash,Yes,2009,,North,,0,,Flat,,,,,,Bright sun,1225100,0,0,0,4,,,0,,,,,,Bay of Plenty Region,Nil,2-way,Sealed,,0,0,,60,,Off,0,0,,24,Rotorua District,Traffic Signals,,,,,0,0,Urban,0,,,Fine,Null
2071682,5815527,17061,,543301,0,0,0,0,0,North,2008/2009,SH 35,WHAKAANGIANGI ROAD,,Non-Injury Crash,Yes,2009,0,South,0,0,0,Flat,0,,0,,0,Twilight,1343600,0,0,0,2,0,0,0,0,0,,0,0,Gisborne Region,Nil,2-way,Sealed,0,0,0,0,100,0,None,1,0,,28,Gisborne District,Nil,0,0,0,0,0,0,Open,0,0,0,Light rain,Null
2036442,5710757,17062,,544200,0,0,0,1,0,Null,2009/2010,ARGYLL ST,KING ST,,Non-Injury Crash,No,2009,0,South,0,0,0,Flat,0,,0,,0,Dark,1377300,0,0,0,2,0,0,0,0,0,,0,1,Gisborne Region,Nil,2-way,Sealed,0,0,0,0,50,0,On,0,0,,28,Gisborne District,Nil,0,0,0,0,0,0,Urban,0,0,0,Light rain,Null
1794156,5820735,17063,80,527912,0,,0,2,,West,2009/2010,SH 39,BURBUSH ROAD,,Non-Injury Crash,Yes,2009,,East,,0,,Flat,,,,,,Bright sun,977001,0,0,0,2,,,0,,,,,,Waikato Region,Nil,2-way,Sealed,,0,0,,100,,Off,0,0,,13,Waikato District,Nil,,,,,0,0,Open,0,,,Fine,Null
1752438,5918349,17064,,515002,0,,0,2,,Null,2009/2010,HUIA ROAD,TUI ST,,Non-Injury Crash,No,2009,,North,,0,,Flat,,,,,,Overcast,396300,0,0,0,2,,,0,,,,,,Auckland Region,Nil,2-way,Sealed,,0,0,,50,,None,0,0,,76,Auckland,Stop,,,,,0,0,Urban,0,,,Heavy rain,Strong wind
1718275,6001865,17065,,505010,0,0,0,1,1,West,2009/2010,SH 12,GRIFFIN ROAD,,Non-Injury Crash,Yes,2009,0,East,0,0,0,Hill Road,0,,0,,0,Bright sun,132201,0,0,0,2,0,0,0,0,0,,0,0,Northland Region,Nil,2-way,Sealed,0,0,0,0,100,0,None,0,0,,3,Kaipara District,Nil,0,0,0,0,0,0,Open,0,0,0,Fine,Null
1928413,5606141,17066,,548500,0,0,0,0,0,East,2009/2010,ORCHARD ROAD,MCLEOD ST,,Non-Injury Crash,No,2009,0,East,0,0,0,Flat,0,,0,,0,Bright sun,1479600,0,0,0,2,0,0,0,0,0,,0,1,Hawke's Bay Region,Nil,2-way,Sealed,0,0,0,0,50,0,Null,0,0,,30,Hastings District,Nil,0,0,0,0,1,0,Urban,0,0,0,Fine,Null
1812435,5455315,17067,,579700,0,,0,2,,Null,2008/2009,SH 2,PEMBROKE ST,,Non-Injury Crash,Yes,2009,,North,,0,,Flat,,,,,,Bright sun,2259300,0,0,0,2,,,0,,,,,,Wellington Region,Nil,2-way,Sealed,,0,0,,50,,Null,0,0,,49,Carterton District,Give way,,,,,0,0,Urban,0,,,Fine,Null
1821368,5529476,17068,,562800,0,,0,1,,East,2008/2009,CUBA ST,ANDREW YOUNG ST,,Non-Injury Crash,No,2009,,East,,0,,Flat,,,,,,Bright sun,1828000,0,0,0,2,,,0,,,,,,Manawatū-Whanganui Region,Nil,2-way,Sealed,,0,0,,50,,Null,0,0,,40,Palmerston North City,Nil,,,,,0,0,Urban,1,,,Fine,Null