X,Y,OBJECTID,advisorySpeed,areaUnitID,bicycle,bridge,bus,carStationWagon,cliffBank,crashDirectionDescription,crashFinancialYear,crashLocation1,crashLocation2,crashRoadSideRoad,crashSeverity,crashSHDescription,crashYear,debris,directionRoleDescription,ditch,fatalCount,fence,flatHill,guardRail,holiday,houseOrBuilding,intersection,kerb,light,meshblockId,minorInjuryCount,moped,motorcycle,NumberOfLanes,objectThrownOrDropped,otherObject,otherVehicleType,overBank,parkedVehicle,pedestrian,phoneBoxEtc,postOrPole,region,roadCharacter,roadLane,roadSurface,roadworks,schoolBus,seriousInjuryCount,slipOrFlood,speedLimit,strayAnimal,streetLight,suv,taxi,temporarySpeedLimit,tlaId,tlaName,trafficControl,trafficIsland,trafficSign,train,tree,truck,unknownVehicleType,urban,vanOrUtility,vehicle,waterRiver,weatherA,weatherB
1709970,5623854,17069,,554113,0,0,0,1,0,Null,2008/2009,AUSTIN ROAD SLIP,KETEMARAE ROAD,,Non-Injury Crash,No,2009,0,East,0,0,1,Flat,0,,0,,0,Dark,1652500,0,0,0,2,0,0,0,0,0,,0,0,Taranaki Region,Nil,2-way,Sealed,0,0,0,0,100,0,None,0,0,,35,South Taranaki District,Stop,0,0,0,0,0,0,Open,0,0,0,Light rain,Null
1933101,5601874,17070,,548832,0,,0,2,,West,2009/2010,TE MATA ROAD,CHAMBERS ST,,Non-Injury Crash,No,2009,,West,,0,,Flat,,,,,,Bright sun,1508500,0,0,0,2,,,0,,,,,,Hawke's Bay Region,Nil,2-way,Sealed,,0,0,,50,,Null,0,0,,30,Hastings District,Nil,,,,,0,0,Urban,0,,,Fine,Null
1596695,5441589,17071,,581833,0,0,0,0,0,South,2008/2009,WAIWHERO ROAD,EDWARDS ROAD,,Non-Injury Crash,No,2009,0,South,1,0,0,Hill Road,0,,0,,0,Dark,2371200,0,0,0,2,0,0,0,0,0,,0,0,Tasman Region,Nil,2-way,Sealed,0,0,0,0,100,0,None,1,0,,51,Tasman District,Nil,0,0,0,0,0,0,Open,0,0,0,Heavy rain,Null
1619591,5426041,17072,,583900,0,0,0,2,0,West,2009/2010,RANUI ROAD,TITOKI ST,,Non-Injury Crash,No,2009,0,West,0,0,0,Flat,0,,0,,0,Bright sun,2343300,0,0,0,2,0,0,0,0,1,,0,0,Nelson Region,Nil,2-way,Sealed,0,0,0,0,50,0,Null,0,0,,52,Nelson City,Nil,0,0,0,0,0,0,Urban,0,0,0,Fine,Null
1748292,5427443,17073,,573000,0,0,0,3,0,South,2008/2009,THE TERRACE,MACDONALD CRESCENT,,Non-Injury Crash,No,2009,0,South,0,0,0,Hill Road,0,,0,,0,Overcast,2130400,0,0,0,2,0,0,0,0,1,,0,0,Wellington Region,Nil,2-way,Sealed,0,0,0,0,50,0,Null,0,0,,47,Wellington City,Nil,0,0,0,0,0,0,Urban,0,0,0,Heavy rain,Null
1680071,5404401,17074,,581230,0,,0,2,,Null,2008/2009,SH 1S,DILLONS POINT ROAD,,Non-Injury Crash,Yes,2009,,West,,0,,Flat,,,,,,Bright sun,2295000,0,0,0,2,,,0,,,,,,Marlborough Region,Nil,2-way,Sealed,,0,0,,50,,Null,0,0,,53,Marlborough District,Give way,,,,,0,0,Urban,0,,,Fine,Null
1759755,5909095,17075,,524002,0,,0,2,,North,2009/2010,SH 20,WALMSLEY OFF SBD,,Non-Injury Crash,Yes,2009,,South,,0,,Flat,,,,,,Overcast,724102,0,0,0,2,,,0,,,,,,Auckland Region,Nil,1-way,Sealed,,0,0,,100,,Off,0,0,,76,Auckland,Nil,,,,,0,0,Open,1,,,Fine,Null
1757531,5920693,17076,,514103,0,0,0,1,0,Null,2009/2010,HIGH ST,SHORTLAND ST,,Non-Injury Crash,No,2009,0,North,0,0,0,Flat,0,,0,,0,Overcast,438102,0,1,0,1,0,0,0,0,1,,0,0,Auckland Region,Nil,1-way,Sealed,0,0,0,0,50,0,Off,0,0,,76,Auckland,Nil,0,0,0,0,0,0,Urban,0,0,0,Fine,Null
1823192,5531158,17077,,562500,0,,0,1,,Null,2008/2009,FEATHERSTON ST,FREYBERG ST,,Non-Injury Crash,No,2009,,West,,0,,Flat,,,,,,Bright sun,1840303,0,0,0,2,,,0,,,,,,Manawatū-Whanganui Region,Nil,2-way,Sealed,,0,0,,50,,Null,1,0,,40,Palmerston North City,Give way,,,,,0,0,Urban,0,,,Fine,Null
1833257,5615494,17078,,559210,0,0,0,1,0,South,2008/2009,SH 1N,DEACONS ROAD,,Non-Injury Crash,Yes,2009,0,North,0,0,0,Flat,0,,0,,0,Dark,1755702,0,0,0,2,0,0,0,0,0,,0,0,Manawatū-Whanganui Region,Bridge,2-way,Sealed,0,0,0,0,100,0,None,0,0,,38,Rangitikei District,Nil,0,0,0,0,0,0,Open,0,0,0,Light rain,Null
1768218,5901436,17079,,525001,0,0,0,1,0,North,2009/2010,MAICH ROAD,BEATTY AVENUE,,Non-Injury Crash,No,2009,0,North,0,0,1,Hill Road,0,,0,,0,Dark,751300,0,0,0,2,0,0,0,0,0,,0,1,Auckland Region,Nil,2-way,Sealed,0,0,0,0,50,0,On,0,0,,76,Auckland,Nil,0,0,0,0,0,0,Urban,0,0,0,Light rain,Null
1616215,5423599,17080,,584201,0,,0,2,,North,2008/2009,SALISBURY ROAD,WILLIAM ST,,Non-Injury Crash,No,2009,,South,,0,,Flat,,,,,,Bright sun,2361900,0,0,0,2,,,0,,,,,,Tasman Region,Nil,2-way,Sealed,,0,0,,50,,Null,1,1,,51,Tasman District,Nil,,,,,0,0,Urban,0,,,Fine,Null
1936778,5619295,17081,,546902,0,0,0,2,0,North,2008/2009,TE AWA AVENUE,CREAGH ST,,Non-Injury Crash,No,2009,0,South,0,0,0,Flat,0,,0,,0,Bright sun,1433300,0,0,0,2,0,0,0,0,1,,0,0,Hawke's Bay Region,Nil,2-way,Sealed,0,0,0,0,50,0,Null,0,0,,31,Napier City,Nil,0,0,0,0,0,0,Urban,0,0,0,Fine,Null
1767753,5472149,17082,,565903,0,,1,1,,Null,2008/2009,MARTIN ROAD,GOLF ROAD,,Non-Injury Crash,No,2009,,North,,0,,Flat,,,,,,Overcast,2002100,0,0,0,2,,,0,,,,,,Wellington Region,Nil,2-way,Sealed,,0,0,,50,,Null,0,0,,43,Kapiti Coast District,Give way,,,,,0,0,Urban,0,,,Fine,Null
1766801,5906394,17083,,522302,0,0,0,2,0,East,2009/2010,TUI ROAD,MORRIS AVENUE,,Non-Injury Crash,No,2009,0,East,0,0,0,Flat,0,,0,,0,Dark,669602,0,0,0,2,0,0,0,0,1,,0,0,Auckland Region,Nil,2-way,Sealed,0,0,0,0,50,0,On,0,0,,76,Auckland,Nil,0,0,0,0,0,0,Urban,0,0,0,Light rain,Null
1912935,5808018,17084,,536654,0,0,0,0,0,East,2009/2010,SH 2,NANRIC LANE,,Non-Injury Crash,Yes,2009,0,West,0,0,0,Flat,0,,0,,0,Dark,1213100,0,0,0,2,0,0,0,1,0,,0,1,Bay of Plenty Region,Nil,2-way,Sealed,0,0,0,0,100,0,None,1,0,,22,Western Bay of Plenty District,Unknown,0,0,0,0,0,0,Open,0,0,0,Fine,Null
1734939,5907779,17085,,513800,0,0,0,1,0,West,2009/2010,PIHA ROAD,SCENIC DRIVE,,Non-Injury Crash,No,2009,0,West,0,0,0,Hill Road,0,,0,,0,Overcast,282007,0,0,0,2,0,0,0,0,0,,0,0,Auckland Region,Nil,2-way,Sealed,0,0,0,0,100,0,None,0,0,,76,Auckland,Nil,0,1,0,0,0,0,Open,0,0,0,Light rain,Null
1755633,5915936,17086,,518301,0,,0,2,,Null,2009/2010,DOMINION ROAD,QUEENS AVENUE,,Non-Injury Crash,No,2009,,South,,0,,Flat,,,,,,Twilight,553900,0,0,0,2,,,0,,,,,,Auckland Region,Nil,2-way,Sealed,,0,0,,50,,Off,0,0,,76,Auckland,Stop,,,,,0,0,Urban,0,,,Fine,Null
2006350,5732350,17087,,543601,0,0,0,1,1,East,2008/2009,SH 2,OTOKO SCHOOL ROAD,,Non-Injury Crash,Yes,2009,0,East,0,0,0,Flat,0,,0,,0,Dark,1352401,0,0,0,2,0,0,0,0,0,,0,0,Gisborne Region,Nil,2-way,Sealed,0,0,0,0,100,0,None,0,0,,28,Gisborne District,Nil,0,0,0,0,0,0,Open,0,0,0,Fine,Null
1691469,5673794,17088,,551700,0,0,0,1,0,South,2009/2010,WAIMEA ST,WILTON ST,,Non-Injury Crash,No,2009,0,North,0,0,1,Flat,0,,0,,0,Dark,1576401,0,0,0,2,0,0,0,0,0,,0,0,Taranaki Region,Nil,2-way,Sealed,0,0,0,0,50,0,On,0,0,,33,New Plymouth District,Nil,0,0,0,0,0,0,Urban,0,0,0,Fine,Null
1718413,6044962,17089,,502900,0,0,1,1,0,West,2009/2010,SH 14,SH 1N,,Non-Injury Crash,Yes,2009,0,East,0,0,0,Flat,0,,0,,0,Overcast,103200,0,0,0,4,0,0,0,0,0,,0,0,Northland Region,Nil,2-way,Sealed,0,0,0,0,50,0,Off,0,0,,2,Whangarei District,Nil,0,0,0,0,0,0,Urban,0,1,0,Light rain,Null
1752868,5434842,17090,,573903,0,,0,2,,Null,2008/2009,BRACKEN ROAD,NEWLANDS ROAD,,Non-Injury Crash,No,2009,,East,,0,,Hill Road,,,,,,Overcast,2073202,0,0,0,2,,,0,,,,,,Wellington Region,Nil,2-way,Sealed,,0,0,,50,,Null,0,0,,47,Wellington City,Give way,,,,,0,0,Urban,0,,,Fine,Null
1884356,5774874,17091,,540300,0,,0,2,,Null,2009/2010,LAKE ROAD,RANGIPAHERE ST,,Non-Injury Crash,No,2009,,East,,0,,Flat,,,,,,Bright sun,1231500,0,0,0,2,,,0,,,,,,Bay of Plenty Region,Nil,2-way,Sealed,,0,0,,50,,Off,0,0,,24,Rotorua District,Nil,,,,,0,0,Urban,0,,,Fine,Null
1763731,5429159,17092,,565300,0,0,0,2,0,East,2008/2009,MOORES VALLEY ROAD,MAIN ROAD,,Non-Injury Crash,No,2009,0,South,0,0,0,Flat,0,,0,,0,Overcast,2024200,0,0,0,2,0,0,0,0,1,,0,0,Wellington Region,Nil,2-way,Sealed,0,0,0,0,50,0,Null,0,0,,46,Lower Hutt City,Nil,0,0,0,0,0,0,Urban,0,0,0,Fine,Null
1935129,5621013,17093,,546801,0,0,0,2,0,East,2009/2010,SH 2,ANDREW ST,,Non-Injury Crash,Yes,2009,0,West,0,0,0,Flat,0,,0,,0,Dark,1426100,0,0,0,4,0,0,0,0,1,,0,0,Hawke's Bay Region,Nil,2-way,Sealed,0,0,0,0,50,0,On,0,0,,31,Napier City,Nil,0,0,0,0,0,0,Urban,0,0,0,Fine,Null
1792992,5835013,17094,,527112,0,,0,2,,Null,2009/2010,SH 1N GREAT SOUTH,GORDONTON ROAD,,Non-Injury Crash,Yes,2009,,South,,0,,Flat,,,,,,Bright sun,951500,0,0,0,2,,,0,,,,,,Waikato Region,Nil,2-way,Sealed,,0,0,,70,,Null,0,0,,13,Waikato District,Stop,,,,,0,0,Urban,0,,,Fine,Null
1751378,5422348,17095,,577000,0,,0,1,,Null,2009/2010,STEWART DUFF DRIVE,MOA POINT ROAD,,Non-Injury Crash,No,2009,,South,,0,,Flat,,,,,,Overcast,2175700,0,0,0,2,,,0,,,,,,Wellington Region,Nil,2-way,Sealed,,0,0,,50,,Null,1,0,,47,Wellington City,Give way,,,,,0,0,Urban,0,,,Fine,Null
1763634,5919786,17096,,516500,0,,1,1,,Null,2009/2010,SELWYN AVENUE,NIHILL CRESCENT,,Non-Injury Crash,No,2009,,North,,0,,Flat,,,,,,Bright sun,502400,0,0,0,2,,,0,,,,,,Auckland Region,Nil,2-way,Sealed,,0,0,,50,,Off,0,0,,76,Auckland,Stop,,,,,0,0,Urban,0,,,Fine,Null
1767916,5471078,17097,,565903,0,0,0,1,0,West,2009/2010,EATWELL AVENUE,MURRAY COURT,,Non-Injury Crash,No,2009,0,West,0,0,1,Flat,0,,0,,0,Dark,2003508,0,0,0,2,0,0,0,0,0,,0,0,Wellington Region,Nil,2-way,Sealed,0,0,0,0,50,0,On,0,0,,43,Kapiti Coast District,Nil,0,0,0,0,0,0,Urban,0,0,0,Light rain,Null
1576947,5207205,17098,,586127,0,,0,2,,North,2008/2009,PARK TERRACE,BRIDGE ST,,Non-Injury Crash,No,2009,,North,,0,,Flat,,,,,,Overcast,2446703,0,0,0,1,,,0,,,,,,Canterbury Region,Bridge,2-way,Sealed,,0,0,,50,,Null,0,0,,59,Waimakariri District,Give way,,,,,0,0,Urban,0,,,Fine,Null
1872492,5817726,17099,,536514,0,,0,2,,North,2009/2010,SH 29,GARGAN ROAD,,Non-Injury Crash,Yes,2009,,North,,0,,Flat,,,,,,Overcast,1191202,0,0,0,2,,,0,,,,,,Bay of Plenty Region,Nil,2-way,Sealed,,0,0,,100,,Null,0,0,,23,Tauranga City,Unknown,,,,,0,0,Open,0,,,Heavy rain,Null
1773979,5472994,17100,,563706,0,,0,2,,Null,2009/2010,NGAIO ROAD,PARATA ST,,Non-Injury Crash,No,2009,,West,,0,,Flat,,,,,,Bright sun,1875604,0,0,0,2,,,0,,,,,,Wellington Region,Nil,2-way,Sealed,,0,0,,50,,Null,0,0,,43,Kapiti Coast District,Give way,,,,,0,0,Urban,0,,,Fine,Null
1575930,5185109,17101,,595600,0,0,0,1,0,East,2008/2009,BEACH ROAD,FROSTS ROAD,,Non-Injury Crash,No,2009,0,East,0,0,0,Flat,0,,0,,0,Bright sun,2565700,0,0,0,2,0,0,0,0,0,,0,1,Canterbury Region,Nil,2-way,Unsealed,0,0,0,0,50,0,Null,0,0,,60,Christchurch City,Unknown,0,0,0,0,0,0,Urban,0,0,0,Fine,Null
1824219,5530804,17102,35,562500,0,0,0,0,0,Null,2008/2009,VOGEL ST,UPPER MAIN ST,,Non-Injury Crash,No,2009,0,South,0,0,0,Flat,1,,0,,0,Dark,1844800,0,0,0,2,0,0,0,0,0,,0,0,Manawatū-Whanganui Region,Nil,2-way,Sealed,0,0,0,0,50,0,On,0,0,,40,Palmerston North City,Nil,0,0,0,0,0,0,Urban,1,0,0,Fine,Null
1758002,5918209,17103,,515700,0,0,0,2,0,East,2009/2010,ALMORAH PLACE,SECCOMBES ROAD,,Non-Injury Crash,No,2009,0,East,0,0,0,Flat,0,,0,,0,Bright sun,443200,0,0,0,2,0,0,0,0,1,,0,0,Auckland Region,Nil,2-way,Sealed,0,0,0,0,50,0,Null,0,0,,76,Auckland,Unknown,0,0,0,0,0,0,Urban,0,0,0,Fine,Null
1800082,5815089,17104,,528900,0,,0,2,,East,2009/2010,MARAMA ST,LAKE ROAD,,Non-Injury Crash,No,2009,,North,,0,,Flat,,,,,,Overcast,914700,0,0,0,2,,,0,,,,,,Waikato Region,Nil,2-way,Sealed,,0,0,,50,,Null,0,0,,16,Hamilton City,Unknown,,,,,0,0,Urban,0,,,Light rain,Null
1732251,5597026,17105,,554500,0,0,0,0,1,South,2008/2009,SH 3,RANGIKURA ROAD,,Non-Injury Crash,Yes,2009,0,South,0,0,0,Hill Road,0,,0,,0,Overcast,1668100,0,0,0,2,0,0,0,0,0,,0,0,Taranaki Region,Nil,2-way,Sealed,0,0,0,0,100,0,Null,1,0,,35,South Taranaki District,Nil,0,0,0,0,0,0,Open,0,0,0,Light rain,Null
1936344,5611130,17106,,545730,0,,0,1,,West,2008/2009,SH 2,SCHOOL ROAD,,Non-Injury Crash,Yes,2009,,East,,0,,Flat,,,,,,Bright sun,1404700,0,0,0,2,,,0,,,,,,Hawke's Bay Region,Nil,2-way,Sealed,,0,0,,50,,Null,0,0,,30,Hastings District,Nil,,,,,0,0,Urban,1,,,Fine,Null
1748932,5426317,17107,,573300,0,0,0,2,0,Null,2008/2009,SH 1N RUGBY,SUSSEX ST,,Non-Injury Crash,Yes,2009,0,West,0,0,0,Flat,0,,0,,0,Dark,2145700,0,0,0,3,0,0,0,0,1,,0,0,Wellington Region,Nil,1-way,Sealed,0,0,0,0,50,0,On,0,0,,47,Wellington City,Give way,0,0,0,0,0,0,Urban,0,0,0,Fine,Null
1754798,5920459,17108,,515301,0,0,0,2,0,North,2009/2010,WANGANUI AVENUE,TRINITY ST,,Non-Injury Crash,No,2009,0,North,0,0,0,Flat,0,,0,,0,Dark,427500,0,0,0,2,0,0,0,0,1,,0,0,Auckland Region,Nil,2-way,Sealed,0,0,0,0,50,0,On,2,0,,76,Auckland,Nil,0,0,0,0,0,0,Urban,0,0,0,Light rain,Null
1876769,5818544,17109,,537601,0,0,0,1,1,Null,2009/2010,SH 29,OROPI ROAD,,Non-Injury Crash,Yes,2009,0,South,0,0,0,Flat,0,,0,,0,Overcast,1177500,0,0,0,2,0,0,0,0,0,,0,0,Bay of Plenty Region,Nil,2-way,Sealed,0,0,0,0,100,0,Null,0,0,,23,Tauranga City,Give way,1,0,0,0,0,0,Open,0,0,0,Fine,Null
1757254,5435038,17110,,569900,0,,0,1,,North,2008/2009,HUTT ROAD,REGENT ST,,Non-Injury Crash,No,2009,,South,,0,,Flat,,,,,,Dark,2032200,0,0,0,2,,,0,,,,,,Wellington Region,Nil,2-way,Sealed,,0,0,,50,,Off,1,0,,46,Lower Hutt City,Nil,,,,,0,0,Urban,0,,,Fine,Null
1757858,5912114,17111,,519810,0,,0,2,,East,2009/2010,SH 20,QUEENSTOWN OBR,,Non-Injury Crash,Yes,2009,,West,,0,,Flat,,,,,,Bright sun,602501,0,0,0,6,,,0,,,,,,Auckland Region,Nil,2-way,Sealed,,0,0,,100,,Off,0,0,,76,Auckland,Nil,,,,,0,0,Open,0,,,Fine,Null
1756515,5919150,17112,,514200,0,,0,3,,East,2009/2010,SH 16,NEWTON OBR,,Non-Injury Crash,Yes,2009,,East,,0,,Hill Road,,,,,,Bright sun,411900,0,0,0,5,,,0,,,,,,Auckland Region,Nil,2-way,Sealed,,0,0,,100,,Off,1,0,,76,Auckland,Nil,,,,,0,0,Open,0,,,Fine,Null
1836690,5859508,17113,,534300,0,0,0,3,0,East,2009/2010,SH 26,WILLOUGHBY ST,,Non-Injury Crash,Yes,2009,0,West,0,0,0,Flat,0,,0,,0,Unknown,1073500,0,0,0,2,0,0,0,0,2,,0,0,Waikato Region,Nil,2-way,Sealed,0,0,0,0,50,0,Off,1,0,,12,Hauraki District,Give way,0,0,0,0,0,0,Urban,0,0,0,Fine,Null
1710373,5616406,17114,,554020,0,,0,1,,Null,2008/2009,SH 3,FAIRFIELD ROAD,,Non-Injury Crash,Yes,2009,,West,,0,,Flat,,,,,,Dark,1644800,0,0,0,2,,,0,,,,,,Taranaki Region,Nil,2-way,Sealed,,0,0,,50,,On,0,0,,35,South Taranaki District,Stop,,,,,0,0,Urban,1,,,Fine,Null
1806197,5561632,17115,,559230,0,,0,2,,Null,2009/2010,SH 1N,CALICO LINE,,Non-Injury Crash,Yes,2009,,North,,0,,Flat,,,,,,Bright sun,1732200,0,0,0,3,,,0,,,,,,Manawatū-Whanganui Region,Nil,2-way,Sealed,,0,0,,100,,Null,0,0,,38,Rangitikei District,Give way,,,,,0,0,Open,0,,,Fine,Null
1619922,5429411,17116,,583000,0,0,0,2,0,North,2008/2009,GOLF ROAD,PARKERS ROAD,,Non-Injury Crash,No,2009,0,North,0,0,0,Flat,0,,0,,0,Bright sun,2333200,0,0,0,2,0,0,0,0,1,,0,0,Nelson Region,Nil,2-way,Sealed,0,0,0,0,50,0,Null,0,0,,52,Nelson City,Nil,0,0,0,0,0,0,Urban,0,0,0,Fine,Null
1820304,5529198,17117,,562310,0,,0,1,,Null,2008/2009,SHAMROCK ST,CHELWOOD ST,,Non-Injury Crash,No,2009,,North,,0,,Flat,,,,,,Overcast,1824700,0,0,0,2,,,0,,,,,,Manawatū-Whanganui Region,Nil,2-way,Sealed,,0,0,,50,,Null,1,0,,40,Palmerston North City,Give way,,,,,0,0,Urban,0,,,Fine,Null
1577594,5172194,17118,,596400,0,0,0,2,1,West,2008/2009,LONDON ST,OXFORD ST,,Non-Injury Crash,No,2009,0,East,0,0,0,Hill Road,0,,1,,0,Bright sun,2707900,0,0,0,2,0,0,0,0,0,,0,0,Canterbury Region,Nil,2-way,Sealed,0,0,0,0,50,0,Null,0,0,,60,Christchurch City,Unknown,0,0,0,0,0,0,Urban,0,0,0,Fine,Null
1774091,5445394,17119,,567100,0,0,0,2,0,East,2009/2010,MAIN ST,WAKEFIELD ST,,Non-Injury Crash,No,2009,0,South,0,0,0,Flat,0,,0,,0,Twilight,1906500,0,0,0,2,0,0,0,0,1,,0,0,Wellington Region,Nil,2-way,Sealed,0,0,0,0,50,0,Off,0,0,,45,Upper Hutt City,Nil,0,0,0,0,0,0,Urban,0,0,0,Fine,Null
1815240,5537541,17120,,561901,0,,0,2,,South,2009/2010,SH 3,OROUA ROAD,,Non-Injury Crash,Yes,2009,,South,,0,,Flat,,,,,,Overcast,1795200,0,0,0,2,,,0,,,,,,Manawatū-Whanganui Region,Nil,2-way,Sealed,,0,0,,100,,Null,0,0,,39,Manawatu District,Nil,,,,,0,0,Open,0,,,Light rain,Null
1765359,5901041,17121,,524821,0,0,0,1,0,West,2009/2010,FINLAYSON AVENUE,MONCRIEFF AVENUE,,Non-Injury Crash,No,2009,0,East,0,0,1,Flat,0,,0,,0,Bright sun,774444,0,0,0,2,0,0,0,0,0,,0,0,Auckland Region,Nil,2-way,Unsealed,0,0,0,0,50,0,Off,0,0,,76,Auckland,Nil,0,0,0,0,0,0,Urban,0,0,0,Fine,Null
1836469,5859859,17122,,534300,0,0,0,1,0,Null,2009/2010,BRADLEY ST,CORBETT ST,,Non-Injury Crash,No,2009,0,East,0,0,1,Flat,0,,0,,0,Dark,1070100,0,0,0,2,0,0,0,0,0,,0,1,Waikato Region,Nil,2-way,Sealed,0,0,0,0,50,0,None,0,0,,12,Hauraki District,Nil,0,0,0,0,0,0,Urban,0,0,0,Heavy rain,Null
1757505,5918614,17123,,514302,0,,0,2,,West,2009/2010,KHYBER PASS ROAD,PARKFIELD TERRACE,,Non-Injury Crash,No,2009,,East,,0,,Hill Road,,,,,,Bright sun,442000,0,0,0,4,,,0,,,,,,Auckland Region,Nil,2-way,Sealed,,0,0,,50,,Off,0,0,,76,Auckland,Nil,,,,,0,0,Urban,0,,,Fine,Null
1748498,5425625,17124,,573300,0,,0,2,,North,2009/2010,WRIGHT ST,HUTCHISON ROAD,,Non-Injury Crash,No,2009,,South,,0,,Hill Road,,,,,,Overcast,2147700,0,0,0,2,,,0,,,,,,Wellington Region,Nil,2-way,Sealed,,0,0,,50,,Null,0,0,,47,Wellington City,Nil,,,,,0,0,Urban,0,,,Fine,Null
1697045,5677763,17125,,551012,0,0,0,1,1,West,2008/2009,SH 3,EGMONT ROAD,,Non-Injury Crash,Yes,2009,0,West,0,0,0,Hill Road,0,,0,,0,Dark,1558900,0,0,0,2,0,0,0,0,0,,0,0,Taranaki Region,Nil,2-way,Sealed,0,0,0,0,100,0,On,0,0,50,33,New Plymouth District,Nil,0,0,0,0,0,0,Open,0,0,0,Fine,Null
1774616,5578287,17126,,556800,0,,0,1,,Null,2008/2009,Z CPK MCDONALDS,VICTORIA/DUBLIN,,Non-Injury Crash,No,2009,,North,,0,,Flat,,,,,,Bright sun,1702700,0,0,0,0,,,0,,,,,,Manawatū-Whanganui Region,Nil,Off road,Sealed,,0,0,,50,,Null,0,0,,37,Whanganui District,Nil,,,,,0,0,Urban,1,,,Fine,Null
1751392,5424522,17127,,577000,0,,0,2,,Null,2008/2009,SH 1N COBHAM,CALABAR ROAD,,Non-Injury Crash,Yes,2009,,East,,0,,Flat,,,,,,Overcast,2175700,0,0,0,2,,,0,,,,,,Wellington Region,Nil,1-way,Sealed,,0,0,,70,,Null,0,0,,47,Wellington City,Give way,,,,,0,0,Urban,0,,,Light rain,Strong wind
1749430,5913916,17128,,511302,0,,0,2,,Null,2009/2010,GREAT NORTH ROAD,TITIRANGI ROAD,,Non-Injury Crash,No,2009,,West,,0,,Hill Road,,,,,,Bright sun,268900,0,0,0,4,,,0,,,,,,Auckland Region,Nil,2-way,Sealed,,0,0,,50,,Off,0,0,,76,Auckland,Traffic Signals,,,,,0,0,Urban,0,,,Fine,Null
1677076,5431506,17129,,580446,0,,0,1,,East,2008/2009,ANAKIWA ROAD,LADY COBHAM GROVE,,Non-Injury Crash,No,2009,,East,,0,,Flat,,,,,,Bright sun,2286407,0,0,0,2,,,0,,,,,,,Nil,2-way,Unsealed,,0,0,,50,,Null,0,0,,53,Marlborough District,Nil,,,,,0,0,Urban,1,,,Fine,Null
1720826,6050329,17130,,502202,0,1,0,0,0,Null,2009/2010,NGUNGURU ROAD,KIRIPAKA ROAD,,Non-Injury Crash,No,2009,0,West,0,0,0,Flat,0,,0,,0,Bright sun,61803,0,0,0,2,0,0,0,0,0,,0,0,Northland Region,Bridge,2-way,Sealed,0,0,0,0,60,0,Null,1,0,,2,Whangarei District,Unknown,0,0,0,0,0,0,Urban,0,0,0,Fine,Null
1765861,5905016,17131,,524603,0,,0,2,,Null,2009/2010,PUHINUI ROAD,GRAYSON AVENUE,,Non-Injury Crash,No,2009,,East,,0,,Flat,,,,,,Overcast,674600,0,0,0,2,,,0,,,,,,Auckland Region,Nil,2-way,Sealed,,0,0,,50,,Null,0,0,,76,Auckland,Give way,,,,,0,0,Urban,0,,,Fine,Null
1924720,5607301,17132,,548612,0,,0,2,,North,2008/2009,CAERNARVON DRIVE,CHATHAM ROAD,,Non-Injury Crash,No,2009,,East,,0,,Flat,,,,,,Bright sun,1474400,0,0,0,2,,,0,,,,,,Hawke's Bay Region,Nil,2-way,Sealed,,0,0,,50,,Null,0,0,,30,Hastings District,Nil,,,,,0,0,Urban,0,,,Fine,Null
1775234,5579000,17133,,556800,0,,0,1,,Null,2008/2009,DUBLIN ST,SOMME PARADE,,Non-Injury Crash,No,2009,,South,,0,,Flat,,,,,,Bright sun,1704600,0,0,0,2,,,0,,,,,,Manawatū-Whanganui Region,Nil,2-way,Sealed,,0,0,,50,,Null,1,0,,37,Whanganui District,Give way,,,,,0,0,Urban,0,,,Fine,Null
1928293,5606632,17134,,548500,0,0,0,0,0,Null,2009/2010,Z CPK HASTINGS HOSPITAL,CANNING ROAD,,Non-Injury Crash,No,2009,0,North,0,0,0,Flat,0,Christmas New Year,0,,0,Dark,1478700,0,0,0,0,0,0,0,0,1,,0,0,Hawke's Bay Region,Nil,Off road,Sealed,0,0,0,0,50,0,On,0,0,,30,Hastings District,Nil,0,0,0,0,0,0,Urban,2,0,0,Fine,Null
1755287,5434523,17135,,569800,0,,0,3,,North,2009/2010,SH 2,HOROKIWI ROAD,,Non-Injury Crash,Yes,2009,,South,,0,,Flat,,,,,,Bright sun,1922202,0,0,0,2,,,0,,,,,,Wellington Region,Nil,1-way,Sealed,,0,0,,100,,Null,0,0,,46,Lower Hutt City,Nil,,,,,0,0,Open,0,,,Fine,Null
1782127,5485597,17136,,564400,0,,0,2,,Null,2009/2010,SH 1N,RAHUI ROAD,,Non-Injury Crash,Yes,2009,,South,,0,,Flat,,,,,,Overcast,1879300,0,0,0,2,,,0,,,,,,Wellington Region,Nil,2-way,Sealed,,0,0,,50,,Null,0,0,,43,Kapiti Coast District,Give way,,,,,0,0,Urban,0,,,Fine,Null
1909868,5577710,17137,,549400,0,0,0,1,0,West,2008/2009,HIGGINSON ST,ROCHFORT ST,,Non-Injury Crash,No,2009,0,East,0,0,1,Flat,0,,0,,0,Dark,1522800,0,0,0,2,0,0,0,0,0,,0,0,Hawke's Bay Region,Nil,2-way,Sealed,0,0,0,0,50,0,On,0,0,,32,Central Hawke's Bay District,Nil,0,0,0,0,0,0,Urban,0,0,0,Fine,Null