X,Y,OBJECTID,advisorySpeed,areaUnitID,bicycle,bridge,bus,carStationWagon,cliffBank,crashDirectionDescription,crashFinancialYear,crashLocation1,crashLocation2,crashRoadSideRoad,crashSeverity,crashSHDescription,crashYear,debris,directionRoleDescription,ditch,fatalCount,fence,flatHill,guardRail,holiday,houseOrBuilding,intersection,kerb,light,meshblockId,minorInjuryCount,moped,motorcycle,NumberOfLanes,objectThrownOrDropped,otherObject,otherVehicleType,overBank,parkedVehicle,pedestrian,phoneBoxEtc,postOrPole,region,roadCharacter,roadLane,roadSurface,roadworks,schoolBus,seriousInjuryCount,slipOrFlood,speedLimit,strayAnimal,streetLight,suv,taxi,temporarySpeedLimit,tlaId,tlaName,trafficControl,trafficIsland,trafficSign,train,tree,truck,unknownVehicleType,urban,vanOrUtility,vehicle,waterRiver,weatherA,weatherB
1807626,5505194,17138,,564021,0,,0,1,,South,2008/2009,MANGAHAO ROAD,MANGAORE ROAD,,Non-Injury Crash,No,2009,,West,,0,,Hill Road,,,,,,Overcast,1853900,0,0,0,1,,,0,,,,,,Manawatū-Whanganui Region,Nil,1-way,Unsealed,,0,0,,100,,Null,1,0,,42,Horowhenua District,Nil,,,,,0,0,Open,0,,,Fine,Null
1750927,5424495,17139,,576901,0,,0,1,,Null,2009/2010,SH 1N COBHAM,TROY ST,,Non-Injury Crash,Yes,2009,,East,,0,,Flat,,,,,,Bright sun,2176800,0,0,0,2,,,0,,,,,,Wellington Region,Nil,2-way,Sealed,,0,0,,70,,Null,0,1,,47,Wellington City,Give way,,,,,1,0,Urban,0,,,Fine,Null
1831528,5863191,17140,,533901,0,0,0,1,0,South,2009/2010,SH 2,AWAITI ROAD,,Non-Injury Crash,Yes,2009,0,North,1,0,0,Flat,0,,0,,0,Overcast,1066100,0,0,0,2,0,0,0,0,0,,0,0,Waikato Region,Nil,2-way,Sealed,0,0,0,0,100,0,Null,0,0,,12,Hauraki District,Unknown,0,0,0,0,0,0,Open,0,0,0,Heavy rain,Strong wind
1748449,5426438,17141,,573300,0,0,0,0,0,Null,2008/2009,Z CPK ARLINGTON APTS,HOPPER ST,,Non-Injury Crash,No,2009,0,East,0,0,0,Flat,0,,0,,0,Bright sun,2144400,0,0,0,2,0,0,0,0,0,,0,0,Wellington Region,Nil,Off road,Sealed,0,0,0,0,50,0,Null,1,0,,47,Wellington City,Nil,0,0,0,0,0,0,Urban,1,1,0,Fine,Null
2036596,5709392,17142,,544600,0,0,0,1,0,North,2008/2009,NORMAN ROAD,ROEBUCK ROAD,,Non-Injury Crash,No,2009,0,West,0,0,0,Flat,0,,0,,0,Dark,1369000,0,0,0,2,0,0,0,0,1,,0,0,Gisborne Region,Nil,2-way,Sealed,0,0,0,0,50,0,On,1,0,,28,Gisborne District,Nil,0,0,0,0,0,0,Urban,0,0,0,Heavy rain,Null
1753818,5443095,17143,,570800,0,0,0,0,0,North,2008/2009,RAIHA ST,KENEPURU DRIVE,,Non-Injury Crash,No,2009,0,South,0,0,0,Hill Road,0,,0,,1,Overcast,2053105,0,0,0,2,0,0,0,0,0,,0,0,Wellington Region,Nil,2-way,Sealed,0,0,0,0,70,0,Null,1,0,,44,Porirua City,Nil,0,0,0,0,0,0,Urban,0,0,0,Fine,Null
1750567,5433163,17144,,574304,0,,0,2,,North,2008/2009,BURMA ROAD,RANGOON ST,,Non-Injury Crash,No,2009,,South,,0,,Flat,,,,,,Dark,2088800,0,0,0,2,,,0,,,,,,Wellington Region,Nil,2-way,Sealed,,0,0,,50,,On,0,0,,47,Wellington City,Nil,,,,,0,0,Urban,0,,,Fine,Null
1765878,5898767,17145,,524812,0,,0,2,,East,2009/2010,WAIMAHIA AVENUE,WEYMOUTH ROAD,,Non-Injury Crash,No,2009,,West,,0,,Flat,,,,,,Bright sun,774303,0,0,0,2,,,0,,,,,,Auckland Region,Nil,2-way,Sealed,,0,0,,50,,Off,0,0,,76,Auckland,Nil,,,,,0,0,Urban,0,,,Fine,Null
1797112,5815872,17146,,528501,0,0,0,0,0,North,2009/2010,HYDE AVENUE,MILLAR PLACE,,Non-Injury Crash,No,2009,0,South,0,0,1,Flat,0,,1,,0,Dark,905812,0,0,0,2,0,0,0,0,0,,0,0,Waikato Region,Nil,2-way,Sealed,0,0,0,0,50,0,On,1,0,,16,Hamilton City,Nil,0,0,0,0,0,0,Urban,0,0,0,Fine,Null
1754907,5913588,17147,,518803,0,,0,1,,North,2009/2010,SH 20,DOMINION OBR,,Non-Injury Crash,Yes,2009,,West,,0,,Flat,,,,,,Dark,581900,0,0,0,2,,,0,,,,,,Auckland Region,Nil,1-way,Sealed,,0,0,,100,,On,0,0,,76,Auckland,Nil,,,,,0,0,Open,0,,,Fine,Null
1624036,5430938,17148,,582500,0,,0,2,,Null,2008/2009,COLLINGWOOD ST,BRIDGE ST,,Non-Injury Crash,No,2009,,North,,0,,Flat,,,,,,Bright sun,2320800,0,0,0,2,,,0,,,,,,Nelson Region,Nil,2-way,Sealed,,0,0,,50,,Null,0,0,,52,Nelson City,Traffic Signals,,,,,0,0,Urban,0,,,Fine,Null
1751858,5931530,17149,,508807,0,,1,1,,Null,2009/2010,ROTHWELL AVENUE,WILLIAM PICKERING DRIVE,,Non-Injury Crash,No,2009,,South,,0,,Flat,,,,,,Bright sun,180301,0,0,0,2,,,0,,,,,,Auckland Region,Nil,2-way,Sealed,,1,0,,50,,Off,0,0,,76,Auckland,Give way,,,,,0,0,Urban,0,,,Fine,Null
1539231,5374170,17150,,581842,0,0,0,1,0,West,2008/2009,SH 6,HINEHAKA ROAD W,,Non-Injury Crash,Yes,2009,0,South,0,0,1,Flat,0,,0,,0,Bright sun,2380900,0,0,0,2,0,0,0,0,0,,0,0,Tasman Region,Nil,2-way,Sealed,0,0,0,0,100,0,Null,0,0,,51,Tasman District,Nil,0,0,0,0,0,0,Open,0,0,0,Fine,Null
1748671,5427719,17151,,573000,0,,0,1,,East,2008/2009,MERCER ST,WILLIS ST,,Non-Injury Crash,No,2009,,East,,0,,Flat,,,,,,Twilight,2127400,0,0,0,1,,,0,,,,,,Wellington Region,Nil,1-way,Sealed,,0,0,,50,,None,0,0,,47,Wellington City,Nil,,,,,0,0,Urban,1,,,Fine,Null
1754296,5915292,17152,,517702,0,0,0,4,0,North,2009/2010,DUNCAN AVENUE,MOUNT ALBERT ROAD,,Non-Injury Crash,No,2009,0,South,0,0,0,Flat,0,,0,,0,Bright sun,542400,0,0,0,2,0,0,0,0,1,,0,0,Auckland Region,Nil,2-way,Sealed,0,0,0,0,50,0,Off,0,0,,76,Auckland,Nil,0,0,0,0,0,0,Urban,0,0,0,Fine,Null
1765485,5914422,17153,,520602,0,0,0,1,0,East,2009/2010,QUEENS ROAD,TRIPOLI ROAD,,Non-Injury Crash,No,2009,0,East,0,0,0,Flat,0,,0,,0,Bright sun,629400,0,0,0,2,0,0,0,0,0,,0,1,Auckland Region,Nil,2-way,Sealed,0,0,0,0,50,0,Null,0,0,,76,Auckland,Unknown,0,0,0,0,0,0,Urban,0,0,0,Fine,Null
1403775,4915626,17154,,604130,0,0,0,2,0,West,2009/2010,BERNARD ST,ELGIN ROAD,,Non-Injury Crash,No,2009,0,West,0,0,0,Hill Road,0,,0,,0,Dark,2916500,0,0,0,1,0,0,0,0,0,,0,0,Otago Region,Nil,2-way,Sealed,0,0,0,0,50,0,On,0,0,,71,Dunedin City,Nil,0,0,0,0,0,0,Urban,0,1,0,Fine,Null
1763335,5436971,17155,,568303,0,0,0,2,0,South,2008/2009,NAENAE ROAD,SEDDON ST,,Non-Injury Crash,No,2009,0,West,0,0,0,Flat,0,,0,,0,Bright sun,1954100,0,0,0,2,0,0,0,0,1,,0,0,Wellington Region,Nil,2-way,Sealed,0,0,0,0,50,0,Null,0,0,,46,Lower Hutt City,Nil,0,0,0,0,0,0,Urban,0,0,0,Fine,Null
1821065,5528907,17156,,563000,0,,0,2,,Null,2008/2009,CHURCH ST,COOK ST,,Non-Injury Crash,No,2009,,East,,0,,Flat,,,,,,Dark,1805800,0,0,0,2,,,0,,,,,,Manawatū-Whanganui Region,Nil,2-way,Sealed,,0,0,,50,,On,0,0,,40,Palmerston North City,Give way,,,,,0,0,Urban,0,,,Fine,Null
1751528,5433011,17157,,574303,0,,0,2,,North,2008/2009,SH 1N,TYERS ROAD,,Non-Injury Crash,Yes,2009,,North,,0,,Hill Road,,,,,,Overcast,2088705,0,0,0,2,,,0,,,,,,Wellington Region,Nil,2-way,Sealed,,0,0,,80,,Null,0,0,,47,Wellington City,Nil,,,,,0,0,Open,0,,,Fine,Null
1824058,5530680,17158,,562500,0,,0,1,,Null,2009/2010,SH 3,UPPER MAIN ST,,Non-Injury Crash,Yes,2009,,East,,0,,Flat,,,,,,Overcast,1844100,0,0,0,2,,,0,,,,,,Manawatū-Whanganui Region,Nil,2-way,Sealed,,0,0,,50,,Null,1,0,,40,Palmerston North City,Give way,,,,,0,0,Urban,0,,,Fine,Null
1787472,5446043,17159,,579803,0,,0,1,,East,2008/2009,SH 2,RIMUTAKA SUM,,Non-Injury Crash,Yes,2009,,West,,0,,Hill Road,,,,,,Overcast,2272601,0,0,0,3,,,0,,,,,,Wellington Region,Nil,2-way,Sealed,,0,0,,100,,Null,0,0,,50,South Wairarapa District,Nil,,,,,0,0,Open,1,,,Light rain,Null
1749826,5422034,17160,,576100,0,0,0,2,0,West,2008/2009,HUNGERFORD ROAD,QUEENS DRIVE,,Non-Injury Crash,No,2009,0,East,0,0,0,Hill Road,0,,0,,0,Dark,2195603,0,0,0,2,0,0,0,0,1,,0,0,Wellington Region,Nil,2-way,Sealed,0,0,0,0,50,0,On,0,0,,47,Wellington City,Nil,0,0,0,0,0,0,Urban,0,0,0,Heavy rain,Null
1748547,5431917,17161,,574402,0,,0,1,,Null,2008/2009,WAIKOWHAI ST,CROFTON ROAD,,Non-Injury Crash,No,2009,,East,,0,,Flat,,,,,,Overcast,2097700,0,0,0,3,,,0,,,,,,Wellington Region,Nil,2-way,Sealed,,0,0,,50,,Null,0,0,,47,Wellington City,Give way,,,,,0,0,Urban,1,,,Fine,Null
1569522,5175956,17162,,594900,0,,0,1,,Null,2008/2009,FAIRVIEW ST,ASHGROVE TERRACE,,Non-Injury Crash,No,2009,,East,,0,,Flat,,,,,,Overcast,2638300,0,0,0,2,,,0,,,,,,Canterbury Region,Bridge,2-way,Sealed,,0,0,,50,,Null,1,0,,60,Christchurch City,Give way,,,,,0,0,Urban,0,,,Fine,Null
1771838,5446138,17163,,567400,0,0,0,2,0,Null,2009/2010,SH 2,WHAKATIKI ST,,Non-Injury Crash,Yes,2009,1,East,0,0,0,Flat,0,,0,,0,Overcast,1886600,0,0,0,2,0,0,0,0,0,,0,0,Wellington Region,Nil,2-way,Sealed,0,0,0,0,100,0,Null,0,0,,45,Upper Hutt City,Stop,0,0,0,0,0,0,Open,0,0,0,Heavy rain,Strong wind
1767475,5905698,17164,,522302,0,0,0,1,0,North,2009/2010,SH 1N,REAGAN OBR,,Non-Injury Crash,Yes,2009,0,North,0,0,0,Flat,1,,0,,0,Bright sun,670903,0,0,0,3,0,0,0,0,0,,0,0,Auckland Region,Nil,1-way,Sealed,0,0,0,0,100,0,Off,0,0,,76,Auckland,Nil,0,0,0,0,0,0,Open,0,0,0,Fine,Null
1407230,4917819,17165,,603602,0,,0,1,,Null,2008/2009,CLYDE ST,UNION ST EAST,,Non-Injury Crash,No,2009,,South,,0,,Flat,,,,,,Bright sun,2870200,0,0,0,2,,,0,,,,,,Otago Region,Nil,2-way,Sealed,,0,0,,50,,Null,1,0,,71,Dunedin City,Give way,,,,,0,0,Urban,0,,,Fine,Null
1769053,5469640,17166,,566000,0,,0,2,,Null,2008/2009,TUTANEKAI ST,ARAWHATA ROAD,,Non-Injury Crash,No,2009,,North,,0,,Flat,,,,,,Dark,2000000,0,0,0,2,,,0,,,,,,Wellington Region,Nil,2-way,Sealed,,0,0,,50,,On,0,0,,43,Kapiti Coast District,Give way,,,,,0,0,Urban,0,,,Fine,Null
1754952,5918733,17167,,515410,0,,0,2,,Null,2009/2010,WILLIAMSON AVENUE,SELBOURNE ST,,Non-Injury Crash,No,2009,,East,,0,,Hill Road,,,,,,Dark,404500,0,0,0,2,,,0,,,,,,Auckland Region,Nil,2-way,Sealed,,0,0,,50,,On,1,0,,76,Auckland,Stop,,,,,0,0,Urban,0,,,Fine,Null
1693429,5676231,17168,,551800,0,,0,0,,Null,2008/2009,SH 45 LEACH,GOVER ST,,Non-Injury Crash,Yes,2009,,North,,0,,Flat,,,,,,Bright sun,1594300,0,0,0,2,,,0,,,,,,Taranaki Region,Nil,2-way,Sealed,,0,0,,50,,Null,1,0,,33,New Plymouth District,Stop,,,,,0,0,Urban,1,,,Fine,Null
1823491,5462828,17169,,578800,0,0,0,2,0,South,2009/2010,DIXON ST,MCKENNA ST,,Non-Injury Crash,No,2009,0,South,0,0,0,Flat,0,,0,,0,Overcast,2241301,0,0,0,2,0,0,0,0,1,,0,0,Wellington Region,Nil,2-way,Sealed,0,0,0,0,50,0,Null,0,0,,48,Masterton District,Nil,0,0,0,0,0,0,Urban,0,0,0,Fine,Null
1395240,4918825,17170,,606100,0,0,0,1,0,East,2008/2009,GRANT DALTON ST,HAZLETT ROAD,,Non-Injury Crash,No,2009,0,East,0,0,1,Flat,0,,0,,0,Overcast,2963800,0,0,0,1,0,0,0,0,0,,0,0,Otago Region,Nil,1-way,Sealed,0,0,0,0,50,0,Null,0,0,,71,Dunedin City,Unknown,0,0,0,0,0,0,Urban,0,0,0,Fine,Null
1748014,5426663,17171,,573200,1,0,0,1,0,South,2008/2009,OHIRO ROAD,MAARAMA CRESCENT,,Non-Injury Crash,No,2009,0,North,0,0,0,Flat,0,,0,,1,Bright sun,2158700,0,0,1,2,0,0,0,0,0,,0,0,Wellington Region,Nil,2-way,Sealed,0,0,0,0,50,0,Null,0,0,,47,Wellington City,Nil,0,0,0,0,0,0,Urban,0,0,0,Fine,Null
1798600,5813848,17172,,529000,0,,0,2,,Null,2009/2010,HIGGINS ROAD,DUKE ST,,Non-Injury Crash,No,2009,,North,,0,,Flat,,,,,,Bright sun,918900,0,0,0,2,,,0,,,,,,Waikato Region,Nil,2-way,Sealed,,0,0,,50,,Off,0,0,,16,Hamilton City,Stop,,,,,0,0,Urban,0,,,Fine,Null
1572665,5183792,17173,,592702,0,0,0,1,0,Null,2008/2009,PAGODA ST,MARSHLAND ROAD,,Non-Injury Crash,No,2009,0,South,0,0,0,Flat,0,,1,,0,Dark,2598200,0,0,0,2,0,0,0,0,0,,0,0,Canterbury Region,Nil,2-way,Sealed,0,0,0,0,50,0,On,0,0,,60,Christchurch City,Nil,0,0,0,0,0,0,Urban,0,0,0,Fine,Null
1793596,5500308,17174,,564231,0,,0,2,,West,2008/2009,BATH ST,WINCHESTER ST,,Non-Injury Crash,No,2009,,East,,0,,Flat,,,,,,Bright sun,1869800,0,0,0,2,,,0,,,,,,Manawatū-Whanganui Region,Nil,2-way,Sealed,,0,0,,50,,Null,0,0,,42,Horowhenua District,Nil,,,,,0,0,Urban,0,,,Fine,Null
1693762,5676340,17175,,552002,0,0,0,1,0,South,2009/2010,SH 3,SH 45 LEACH,,Non-Injury Crash,Yes,2009,0,North,0,0,0,Flat,0,,0,,0,Bright sun,1594900,0,0,0,2,0,0,0,0,1,,0,0,Taranaki Region,Nil,2-way,Sealed,0,0,0,0,50,0,Null,0,0,,33,New Plymouth District,Nil,0,0,0,0,1,0,Urban,0,0,0,Fine,Null
1748830,5429432,17176,,572900,0,0,0,1,0,South,2009/2010,SH 1N,HAWKESTONE OFF SBD,,Non-Injury Crash,Yes,2009,0,South,0,0,0,Flat,1,,0,,0,Dark,2119300,0,0,0,3,0,0,0,0,0,,0,0,Wellington Region,Nil,1-way,Sealed,0,0,0,0,100,0,On,0,0,,47,Wellington City,Nil,0,0,0,0,0,0,Open,0,0,0,Fine,Null
1718933,6047203,17177,,502600,0,0,0,1,0,Null,2008/2009,SH 1N,RUSSELL ROAD S,,Non-Injury Crash,Yes,2009,0,North,0,0,0,Hill Road,0,,0,,1,Dark,95402,0,0,0,3,0,0,0,0,0,,0,1,Northland Region,Nil,2-way,Sealed,0,0,0,0,50,0,On,0,0,,2,Whangarei District,Nil,0,0,0,0,0,0,Urban,0,0,0,Light rain,Null
1583648,5476621,17178,,581602,0,,0,1,,South,2008/2009,Z CPK I-SITE,WILLOW/MOTUPIPI,,Non-Injury Crash,No,2009,,West,,0,,Flat,,,,,,Dark,2345400,0,0,0,0,,,0,,,,,,Tasman Region,Nil,Off road,Sealed,,0,0,,50,,On,1,0,,51,Tasman District,Nil,,,,,0,0,Urban,0,,,Fine,Null
1762613,5459077,17179,,566200,0,0,0,0,0,South,2008/2009,SH 1N,FISHERMANS TABLE,,Non-Injury Crash,Yes,2009,0,North,0,0,0,Flat,1,,0,,0,Bright sun,2009702,0,0,0,2,0,0,0,0,0,,0,0,Wellington Region,Nil,2-way,Sealed,0,0,0,0,80,0,Null,1,0,,43,Kapiti Coast District,Nil,0,0,0,0,0,0,Open,0,0,0,Fine,Null
1693393,5676651,17180,,551800,0,,0,2,,Null,2008/2009,SH 44,FRASER LANE,,Non-Injury Crash,Yes,2009,,West,,0,,Flat,,,,,,Overcast,1593000,0,0,0,2,,,0,,,,,,Taranaki Region,Nil,2-way,Sealed,,0,0,,50,,Null,0,0,,33,New Plymouth District,Nil,,,,,0,0,Urban,0,,,Fine,Null
1849609,5533657,17181,,550200,0,0,0,1,0,North,2009/2010,SH 2,CONDOIT ROAD,,Non-Injury Crash,Yes,2009,0,South,1,0,1,Flat,0,,0,,0,Overcast,1542900,0,0,0,2,0,0,0,0,0,,0,0,Manawatū-Whanganui Region,Nil,2-way,Sealed,0,0,0,0,100,0,Null,0,0,,41,Tararua District,Nil,0,0,0,0,0,0,Open,0,0,0,Light rain,Null
1802199,5813940,17182,,530300,0,,0,2,,Null,2009/2010,NAYLOR ST,GREY ST,,Non-Injury Crash,No,2009,,South,,0,,Flat,,,,,,Overcast,881600,0,0,0,2,,,0,,,,,,Waikato Region,Nil,2-way,Sealed,,0,0,,50,,Null,0,0,,16,Hamilton City,Give way,,,,,0,0,Urban,0,,,Fine,Null
1748995,5425429,17183,,576500,0,0,0,2,0,Null,2008/2009,Z CPK WGTN HOSPITAL,RIDDIFORD ST,,Non-Injury Crash,No,2009,0,South,0,0,0,Hill Road,0,,0,,0,Bright sun,2149200,0,0,0,0,0,0,0,0,1,,0,0,Wellington Region,Nil,Off road,Sealed,0,0,0,0,50,0,Null,0,0,,47,Wellington City,Nil,0,0,0,0,0,0,Urban,0,0,0,Fine,Null
1711045,5618291,17184,,554113,0,0,0,0,0,North,2008/2009,MASON ROAD,WYBOURNE ROAD,,Non-Injury Crash,No,2009,0,South,0,0,1,Flat,0,,0,,0,Dark,1652902,0,0,0,2,0,0,0,1,0,,0,0,Taranaki Region,Nil,2-way,Sealed,0,0,0,0,50,0,None,0,0,,35,South Taranaki District,Nil,0,0,0,0,0,0,Urban,1,0,0,Fine,Null
1937062,5621291,17185,,546901,0,,0,2,,Null,2009/2010,MARINE PARADE,ALBION ST,,Non-Injury Crash,No,2009,,South,,0,,Flat,,,,,,Bright sun,1428800,0,0,0,2,,,0,,,,,,Hawke's Bay Region,Nil,2-way,Sealed,,0,0,,50,,Null,0,0,,31,Napier City,Nil,,,,,0,0,Urban,0,,,Fine,Null
1762928,5430335,17186,,564900,0,,0,2,,Null,2009/2010,WAINUIOMATA ROAD,QUEEN ST,,Non-Injury Crash,No,2009,,East,,0,,Flat,,,,,,Overcast,2016800,0,0,0,2,,,0,,,,,,Wellington Region,Nil,2-way,Sealed,,0,0,,50,,Null,0,0,,46,Lower Hutt City,Nil,,,,,0,0,Urban,0,,,Fine,Null
1932003,5617389,17187,,547100,0,0,0,1,0,East,2008/2009,TAIT DRIVE,GUPPY ROAD,,Non-Injury Crash,No,2009,0,West,0,0,0,Flat,0,,0,,0,Dark,1455201,0,0,0,2,0,0,0,0,0,,0,1,Hawke's Bay Region,Nil,2-way,Sealed,0,0,0,0,50,0,On,0,0,,31,Napier City,Nil,0,0,0,0,0,0,Urban,0,0,0,Heavy rain,Null
1882178,5826305,17188,,536821,0,,0,2,,East,2009/2010,HARVARD WAY,JEAN BATTEN DRIVE,,Non-Injury Crash,No,2009,,West,,0,,Flat,,,,,,Bright sun,1204300,0,0,0,2,,,0,,,,,,Bay of Plenty Region,Nil,2-way,Sealed,,0,0,,50,,Off,0,0,,23,Tauranga City,Nil,,,,,0,0,Urban,0,,,Fine,Null
1622866,5275524,17189,45,585601,0,,0,1,,East,2009/2010,LEADER ROAD EAST,SH 1S,,Non-Injury Crash,No,2009,,East,,0,,Flat,,,,,,Dark,2431400,0,0,0,2,,,0,,,,,,Canterbury Region,Nil,2-way,Sealed,,0,0,,100,,None,0,0,,58,Hurunui District,Unknown,,,,,0,0,Open,0,,,Mist or Fog,Null
1804752,5555320,17190,,559230,0,0,0,1,1,North,2009/2010,WELLINGTON ROAD,READ ROAD,,Non-Injury Crash,No,2009,0,North,0,0,0,Flat,0,,0,,0,Dark,1732000,0,0,0,2,0,0,0,0,0,,0,0,Manawatū-Whanganui Region,Nil,2-way,Sealed,0,0,0,0,100,0,None,0,0,,38,Rangitikei District,Nil,0,0,0,0,0,0,Open,0,0,0,Fine,Null
1820986,5462132,17191,,578902,0,,0,1,,West,2009/2010,SH 2,JUDDS ROAD,,Non-Injury Crash,Yes,2009,,East,,0,,Flat,,,,,,Bright sun,2230200,0,0,1,2,,,0,,,,,,Wellington Region,Nil,2-way,Sealed,,0,0,,50,,Null,0,0,,48,Masterton District,Nil,,,,,0,0,Urban,0,,,Fine,Null
2037676,5708402,17192,,544500,0,,0,1,,East,2008/2009,FITZHERBERT ST,STOUT ST,,Non-Injury Crash,No,2009,,East,,0,,Flat,,,,,,Bright sun,1380800,0,0,0,2,,,0,,,,,,Gisborne Region,Nil,2-way,Sealed,,0,0,,50,,Null,1,0,,28,Gisborne District,Nil,,,,,0,0,Urban,0,,,Fine,Null
1748338,5426862,17193,,573101,0,0,0,2,0,Null,2009/2010,SH 1N KARO,VICTORIA ST,,Non-Injury Crash,Yes,2009,0,West,0,0,0,Flat,0,Christmas New Year,0,,0,Overcast,2132400,0,0,0,2,0,0,0,0,0,,0,0,Wellington Region,Nil,2-way,Sealed,0,0,0,0,50,0,Null,0,0,,47,Wellington City,Traffic Signals,0,1,0,0,0,0,Urban,0,0,0,Light rain,Null
1881186,5829011,17194,,536810,0,,0,2,,South,2009/2010,MAUNGANUI ROAD,GROVE AVENUE,,Non-Injury Crash,No,2009,,South,,0,,Flat,,Labour Weekend,,,,Bright sun,1202901,0,0,0,2,,,0,,,,,,Bay of Plenty Region,Nil,2-way,Sealed,,0,0,,50,,Null,0,0,,23,Tauranga City,Give way,,,,,0,0,Urban,0,,,Fine,Null
1800647,5517338,17195,,561500,0,0,0,1,0,North,2009/2010,HIMATANGI BLOCK ROAD,BOWE ROAD,,Non-Injury Crash,No,2009,0,North,1,0,0,Flat,0,,0,,0,Bright sun,1784900,0,0,0,2,0,0,0,0,0,,0,0,Manawatū-Whanganui Region,Nil,2-way,Sealed,0,0,0,0,100,0,Null,0,0,,42,Horowhenua District,Nil,0,0,0,0,0,0,Open,0,0,0,Fine,Null
1257712,5004140,17196,,609304,0,0,0,1,0,South,2008/2009,THOMPSON ST,MAN ST,,Non-Injury Crash,No,2009,0,East,0,0,0,Flat,0,,0,,0,Dark,3032504,0,0,0,2,0,0,0,1,0,,0,0,Otago Region,Nil,2-way,Sealed,0,0,0,0,50,0,On,0,0,,70,Queenstown-Lakes District,Unknown,0,0,0,0,0,0,Urban,0,0,0,Fine,Null
2035588,5711344,17197,,544900,0,,0,2,,Null,2008/2009,LYTTON ROAD,ORMOND ROAD,,Non-Injury Crash,No,2009,,East,,0,,Flat,,,,,,Overcast,1376400,0,0,0,2,,,0,,,,,,Gisborne Region,Nil,2-way,Sealed,,0,0,,50,,Null,0,0,,28,Gisborne District,Stop,,,,,0,0,Urban,0,,,Fine,Null
1707623,5682290,17198,,550700,0,0,0,1,0,East,2009/2010,MANUKORIHI ROAD,NORTH ST,,Non-Injury Crash,No,2009,0,North,0,0,1,Flat,0,,0,,0,Bright sun,1550800,0,0,0,2,0,0,0,0,0,,0,0,Taranaki Region,Nil,2-way,Unsealed,0,0,0,0,50,0,Null,0,0,,33,New Plymouth District,Nil,0,0,0,0,0,0,Urban,0,0,0,Fine,Null
1801597,5519505,17199,,561500,0,0,0,0,0,North,2009/2010,HIMATANGI BLOCK ROAD,CHESHAM ROAD,,Non-Injury Crash,No,2009,1,South,0,0,0,Hill Road,0,,0,,0,Dark,1784900,0,0,0,2,0,0,0,0,0,,0,1,Manawatū-Whanganui Region,Nil,2-way,Sealed,0,0,0,0,100,0,None,0,0,,42,Horowhenua District,Nil,0,0,0,0,0,0,Open,1,0,0,Fine,Null
1771208,5445619,17200,75,567500,0,,0,2,,East,2008/2009,SH 2,MOONSHINE ROAD,,Non-Injury Crash,Yes,2009,,West,,0,,Flat,,,,,,Dark,1888200,0,0,0,2,,,0,,,,,,Wellington Region,Nil,2-way,Sealed,,0,0,,100,,On,0,0,,45,Upper Hutt City,Nil,,,,,0,0,Open,0,,,Fine,Null
1924843,5600703,17201,,545851,0,0,0,0,0,South,2008/2009,SH 50A,MANGAROA ROAD,,Non-Injury Crash,Yes,2009,0,South,0,0,0,Flat,0,,0,,0,Dark,1463500,0,0,0,2,0,0,0,0,0,,0,0,Hawke's Bay Region,Nil,2-way,Sealed,0,0,0,0,100,0,None,0,0,,30,Hastings District,Nil,0,0,0,0,1,0,Open,0,0,0,Fine,Null
1707085,6001849,17202,55,505010,0,0,0,1,0,West,2009/2010,SH 12,ARARUA ROAD,,Non-Injury Crash,Yes,2009,0,East,1,0,0,Hill Road,0,,0,,0,Bright sun,128702,0,0,0,2,0,0,0,0,0,,0,0,Northland Region,Nil,2-way,Sealed,0,0,0,0,100,0,Null,0,0,,3,Kaipara District,Unknown,0,0,0,0,0,0,Open,0,0,0,Fine,Null
1753320,5434559,17203,,574001,0,0,0,2,0,West,2008/2009,BAYLANDS DRIVE,CHEYNE WALK,,Non-Injury Crash,No,2009,0,West,0,0,0,Hill Road,0,,0,,0,Bright sun,2075700,0,0,0,2,0,0,0,0,1,,0,0,Wellington Region,Nil,2-way,Sealed,0,0,0,0,50,0,Null,0,0,,47,Wellington City,Nil,0,0,0,0,0,0,Urban,0,0,0,Fine,Null
1858541,5840679,17204,,535800,0,0,0,1,0,North,2009/2010,PARK ROAD,BINNIE ROAD,,Non-Injury Crash,No,2009,0,South,0,0,1,Flat,0,,0,,0,Bright sun,1183206,0,0,0,2,0,0,0,0,0,,1,0,Bay of Plenty Region,Nil,2-way,Sealed,0,0,0,0,50,0,Null,0,0,,22,Western Bay of Plenty District,Unknown,0,0,0,0,0,0,Urban,0,0,0,Fine,Null
2036616,5709277,17205,,544600,0,,0,1,,Null,2009/2010,PALMERSTON ROAD,ROEBUCK ROAD,,Non-Injury Crash,No,2009,,West,,0,,Flat,,,,,,Bright sun,1369200,0,0,0,2,,,0,,,,,,Gisborne Region,Nil,2-way,Sealed,,0,0,,50,,Null,0,0,,28,Gisborne District,Stop,,,,,0,0,Urban,1,,,Fine,Null
1769342,5467639,17206,,566000,0,0,0,1,0,Null,2008/2009,RUAPEHU ST,RIWAI ST,,Non-Injury Crash,No,2009,0,East,0,0,1,Hill Road,0,,0,,0,Twilight,1997600,0,0,0,2,0,0,0,0,1,,0,0,Wellington Region,Nil,2-way,Sealed,0,0,0,0,50,0,On,0,0,,43,Kapiti Coast District,Stop,0,0,0,0,0,0,Urban,1,0,0,Fine,Null