X,Y,OBJECTID,advisorySpeed,areaUnitID,bicycle,bridge,bus,carStationWagon,cliffBank,crashDirectionDescription,crashFinancialYear,crashLocation1,crashLocation2,crashRoadSideRoad,crashSeverity,crashSHDescription,crashYear,debris,directionRoleDescription,ditch,fatalCount,fence,flatHill,guardRail,holiday,houseOrBuilding,intersection,kerb,light,meshblockId,minorInjuryCount,moped,motorcycle,NumberOfLanes,objectThrownOrDropped,otherObject,otherVehicleType,overBank,parkedVehicle,pedestrian,phoneBoxEtc,postOrPole,region,roadCharacter,roadLane,roadSurface,roadworks,schoolBus,seriousInjuryCount,slipOrFlood,speedLimit,strayAnimal,streetLight,suv,taxi,temporarySpeedLimit,tlaId,tlaName,trafficControl,trafficIsland,trafficSign,train,tree,truck,unknownVehicleType,urban,vanOrUtility,vehicle,waterRiver,weatherA,weatherB
1769483,5469950,17207,,566000,0,0,0,2,0,Null,2008/2009,ARAWHATA ROAD,LINWOOD DRIVE,,Non-Injury Crash,No,2009,0,South,0,0,0,Flat,0,,0,,0,Bright sun,1999302,0,0,0,2,0,0,0,0,1,,0,0,Wellington Region,Nil,2-way,Sealed,0,0,0,0,50,0,Null,0,0,,43,Kapiti Coast District,Give way,0,0,0,0,0,0,Urban,0,0,0,Fine,Null
1831405,5531223,17208,,561902,0,,0,1,,East,2009/2010,SH 57,ORRS ROAD,,Non-Injury Crash,Yes,2009,,West,,0,,Flat,,,,,,Overcast,1759000,0,0,0,2,,,0,,,,,,Manawatū-Whanganui Region,Nil,2-way,Unsealed,,0,0,,100,,Null,0,0,30,40,Palmerston North City,Nil,,,,,0,0,Open,1,,,Fine,Null
1762462,5438074,17209,,568401,0,0,0,1,0,South,2008/2009,TAITA DRIVE,TENNYSON AVENUE,,Non-Injury Crash,No,2009,0,North,0,0,0,Flat,0,,0,,0,Dark,1944300,0,0,0,2,0,0,0,0,1,,0,0,Wellington Region,Nil,2-way,Sealed,0,0,0,0,50,0,On,0,0,,46,Lower Hutt City,Nil,0,0,0,0,0,0,Urban,1,0,0,Fine,Null
1445281,5044694,17210,,600500,0,0,0,2,0,South,2008/2009,SH 82,GLASGOW ST,,Non-Injury Crash,Yes,2009,0,North,0,0,0,Flat,0,,0,,0,Bright sun,2820500,0,0,0,2,0,0,0,0,1,,0,0,Canterbury Region,Nil,2-way,Sealed,0,0,0,0,50,0,Null,0,0,,66,Waimate District,Unknown,0,0,0,0,0,0,Urban,0,0,0,Fine,Null
1757022,5916915,17211,,518202,0,,0,2,,Null,2009/2010,MOUNT EDEN ROAD,VALLEY ROAD,,Non-Injury Crash,No,2009,,North,,0,,Hill Road,,,,,,Dark,550000,0,0,0,2,,,0,,,,,,Auckland Region,Nil,2-way,Sealed,,0,0,,50,,On,0,0,,76,Auckland,Give way,,,,,0,0,Urban,0,,,Fine,Null
1753917,5444834,17212,,570800,0,,0,1,,Null,2009/2010,PROSSER ST,MOHUIA CRESCENT,,Non-Injury Crash,No,2009,,West,,0,,Hill Road,,,,,,Bright sun,2052300,0,0,0,2,,,0,,,,,,Wellington Region,Nil,2-way,Sealed,,0,0,,50,,Null,0,0,,44,Porirua City,Give way,,,,,0,0,Urban,1,,,Fine,Null
1822490,5528063,17213,,563000,0,,0,2,,Null,2008/2009,FITZHERBERT AVENUE,TE AWE AWE ST,,Non-Injury Crash,No,2009,,South,,0,,Flat,,,,,,Dark,1808300,0,0,0,4,,,0,,,,,,Manawatū-Whanganui Region,Nil,2-way,Sealed,,0,0,,50,,On,0,0,,40,Palmerston North City,Traffic Signals,,,,,0,0,Urban,0,,,Fine,Null
1459635,5082411,17214,,599400,0,0,0,3,0,Null,2008/2009,WILSON ST,CLIFTON TERRACE,,Non-Injury Crash,No,2009,0,South,0,0,0,Hill Road,0,,0,,0,Bright sun,2790400,0,0,0,2,0,0,0,0,1,,0,0,Canterbury Region,Nil,2-way,Sealed,0,0,0,0,50,0,Null,0,0,,64,Timaru District,Nil,0,0,0,0,0,0,Urban,0,0,0,Fine,Null
1697495,6094742,17215,,501633,0,0,0,1,0,West,2009/2010,SH 11,TE KARUWHA PARADE,,Non-Injury Crash,Yes,2009,0,West,0,0,0,Hill Road,0,,0,,0,Bright sun,50902,0,0,0,2,0,0,0,1,0,,0,0,Northland Region,Nil,2-way,Sealed,0,0,0,0,100,0,None,0,0,,1,Far North District,Nil,0,0,0,1,0,0,Open,0,0,0,Fine,Null
1405859,4913775,17216,,604410,0,0,0,1,0,Null,2009/2010,BAY VIEW ROAD,MOREAU ST,,Non-Injury Crash,No,2009,0,West,0,0,0,Flat,0,,0,,0,Bright sun,2929200,0,0,0,2,0,0,0,0,1,,0,0,Otago Region,Nil,2-way,Sealed,0,0,0,0,50,0,Null,0,0,,71,Dunedin City,Give way,0,0,0,0,1,0,Urban,0,0,0,Fine,Null
1740948,5985538,17217,,506660,0,,0,2,,South,2009/2010,WAITEITEI ROAD,DAY ROAD,,Non-Injury Crash,No,2009,,West,,0,,Hill Road,,,,,,Overcast,136301,0,0,0,2,,,0,,,,,,Auckland Region,Nil,2-way,Sealed,,0,0,,100,,Null,0,0,,76,Auckland,Unknown,,,,,0,0,Open,0,,,Fine,Null
1821007,5529033,17218,,563000,0,,0,2,,Null,2009/2010,MAIN ST,COOK ST,,Non-Injury Crash,No,2009,,East,,0,,Flat,,,,,,Dark,1805700,0,0,0,2,,,0,,,,,,Manawatū-Whanganui Region,Nil,2-way,Sealed,,0,0,,50,,On,0,0,,40,Palmerston North City,Traffic Signals,,,,,0,0,Urban,0,,,Fine,Null
1179832,4916312,17219,,612730,0,,0,1,,West,2008/2009,LAKE MONOWAI ROAD,TURBINE DRIVE,,Non-Injury Crash,No,2009,,West,,0,,Flat,,,,,,Overcast,3191701,0,0,0,1,,,0,,,,,,Southland Region,Nil,2-way,Unsealed,,0,0,,100,,Null,1,0,,73,Southland District,Unknown,,,,,0,0,Open,0,,,Fine,Null
1857676,5839557,17220,,535800,0,,0,2,,East,2009/2010,SH 2,JOCELYN ST,,Non-Injury Crash,Yes,2009,,West,,0,,Flat,,,,,,Overcast,1183501,0,0,0,2,,,0,,,,,,Bay of Plenty Region,Nil,2-way,Sealed,,0,0,,50,,Null,0,0,,22,Western Bay of Plenty District,Unknown,,,,,0,0,Urban,0,,,Fine,Null
1757569,5434259,17221,,570000,0,0,0,2,0,South,2008/2009,QUEEN ST,JACKSON ST,,Non-Injury Crash,No,2009,0,South,0,0,0,Flat,0,,0,,0,Dark,2028200,0,0,0,2,0,0,0,0,1,,0,0,Wellington Region,Nil,2-way,Sealed,0,0,0,0,50,0,On,0,0,,46,Lower Hutt City,Nil,0,0,0,0,0,0,Urban,0,0,0,Fine,Null
1403725,4914088,17222,,604210,0,0,0,2,0,North,2008/2009,WAIMEA AVENUE,RYEHILL ST,,Non-Injury Crash,No,2009,0,South,0,0,0,Hill Road,0,,0,,0,Dark,2911100,0,0,0,2,0,0,0,0,1,,0,0,Otago Region,Nil,2-way,Sealed,0,0,0,0,50,0,On,0,0,,71,Dunedin City,Unknown,0,0,0,0,0,0,Urban,0,0,0,Fine,Frost
1751596,5431886,17223,,574303,0,0,0,1,0,South,2009/2010,SH 1N,SH 2,,Non-Injury Crash,Yes,2009,0,North,0,0,0,Flat,1,,0,,0,Overcast,2090402,0,0,0,2,0,0,0,0,0,,0,0,Wellington Region,Nil,2-way,Sealed,0,0,0,0,100,0,Null,0,0,,47,Wellington City,Nil,0,0,0,0,0,0,Open,0,0,0,Fine,Null
1365518,4888464,17224,20,606800,0,0,0,0,0,North,2008/2009,CENTENNIAL AVENUE,SPRINGFIELD ROAD,,Non-Injury Crash,No,2009,0,North,0,0,0,Flat,0,,0,,0,Overcast,2990400,0,0,0,2,0,0,0,0,0,,0,0,Otago Region,Nil,2-way,Sealed,0,0,0,0,50,0,Null,1,0,,72,Clutha District,Nil,0,0,0,0,0,0,Urban,0,0,0,Snow,Null
1243570,4849051,17225,,611400,0,0,0,1,0,Null,2008/2009,TWEED ST,ELLES ROAD,,Non-Injury Crash,No,2009,0,West,0,0,0,Flat,0,,0,,0,Bright sun,3142700,0,0,0,2,0,0,0,0,0,,0,0,Southland Region,Nil,2-way,Sealed,0,0,0,0,50,0,Null,0,0,,75,Invercargill City,Give way,0,1,0,0,0,0,Urban,1,0,0,Fine,Null
1774896,5577871,17226,,557100,0,,0,2,,Null,2009/2010,INGESTRE ST,ST HILL ST,,Non-Injury Crash,No,2009,,West,,0,,Flat,,,,,,Twilight,1699600,0,0,0,2,,,0,,,,,,Manawatū-Whanganui Region,Nil,2-way,Sealed,,0,0,,50,,On,0,0,,37,Whanganui District,Traffic Signals,,,,,0,0,Urban,0,,,Light rain,Null
1767807,5904083,17227,,524602,0,,0,2,,Null,2009/2010,GREAT SOUTH ROAD,LAKEWOOD COURT,,Non-Injury Crash,No,2009,,North,,0,,Flat,,,,,,Dark,780501,0,0,0,3,,,0,,,,,,Auckland Region,Nil,2-way,Sealed,,0,0,,50,,On,0,0,,76,Auckland,Traffic Signals,,,,,0,0,Urban,0,,,Fine,Null
2027461,5706634,17228,,544003,0,0,0,1,0,Null,2008/2009,SH 2,WHAKATO ROAD,,Non-Injury Crash,Yes,2009,0,North,0,0,0,Flat,0,Queens Birthday,0,,0,Dark,1364800,0,0,0,2,0,0,0,0,0,,0,1,Gisborne Region,Nil,2-way,Sealed,0,0,0,0,50,0,On,0,0,,28,Gisborne District,Give way,0,0,0,0,0,0,Urban,0,0,0,Light rain,Null
1757159,5434657,17229,,569900,0,,0,1,,Null,2009/2010,JACKSON ST,FITZHERBERT ST,,Non-Injury Crash,No,2009,,East,,0,,Flat,,,,,,Overcast,2033200,0,0,0,2,,,0,,,,,,Wellington Region,Nil,2-way,Sealed,,0,0,,50,,Null,1,0,,46,Lower Hutt City,Give way,,,,,0,0,Urban,0,,,Heavy rain,Null
1277012,5010333,17230,,609031,0,,0,1,,South,2009/2010,CROWN RANGE ROAD,EASTBURN ROAD,,Non-Injury Crash,No,2009,,South,,0,,Hill Road,,,,,,Dark,3039900,0,0,0,2,,,0,,,,,,Otago Region,Nil,2-way,Sealed,,0,0,,100,,None,1,0,,70,Queenstown-Lakes District,Unknown,,,,,0,0,Open,0,,,Snow,Null
1624206,6114003,17231,,500301,0,0,0,0,0,Null,2009/2010,COMMERCE ST,REDAN ROAD,,Non-Injury Crash,No,2009,0,East,0,0,0,Hill Road,0,,0,,0,Dark,15100,0,0,0,2,0,0,0,0,0,,0,1,Northland Region,Nil,2-way,Sealed,0,0,0,0,50,0,On,1,0,,1,Far North District,Give way,0,0,0,0,0,0,Urban,0,0,0,Fine,Null
1750234,5424374,17232,,576901,0,0,0,2,0,South,2008/2009,BAY ROAD,RONGOTAI ROAD,,Non-Injury Crash,No,2009,0,South,0,0,0,Flat,0,,0,,0,Bright sun,2178300,0,0,0,2,0,0,0,0,1,,0,0,Wellington Region,Nil,2-way,Sealed,0,0,0,0,50,0,Null,0,0,,47,Wellington City,Nil,0,0,0,0,0,0,Urban,0,0,0,Fine,Null
1928685,5606372,17233,,548500,0,,0,1,,Null,2008/2009,OMAHU ROAD,RENATA ST,,Non-Injury Crash,No,2009,,East,,0,,Flat,,,,,,Overcast,1478800,0,0,0,2,,,0,,,,,,Hawke's Bay Region,Nil,2-way,Sealed,,0,0,,50,,Null,1,0,,30,Hastings District,Give way,,,,,0,0,Urban,0,,,Fine,Null
1440560,5004641,17234,,601030,1,,0,1,,East,2008/2009,USK ST,SH 1S,,Non-Injury Crash,No,2009,,East,,0,,Flat,,,,,,Overcast,2840900,0,0,0,2,,,0,,,,,,Otago Region,Nil,2-way,Sealed,,0,0,,50,,Null,0,0,,68,Waitaki District,Nil,,,,,0,0,Urban,0,,,Fine,Null
1823324,5530140,17235,,562600,0,,0,2,,Null,2009/2010,RUAHINE ST,CHURCH ST,,Non-Injury Crash,No,2009,,North,,0,,Flat,,,,,,Twilight,1846900,0,0,0,2,,,0,,,,,,Manawatū-Whanganui Region,Nil,2-way,Sealed,,0,0,,50,,Off,0,0,,40,Palmerston North City,Give way,,,,,0,0,Urban,0,,,Heavy rain,Strong wind
1679509,5417018,17236,,580448,0,0,0,1,1,South,2009/2010,SH 1S,PARA ROAD,,Non-Injury Crash,Yes,2009,0,South,0,0,0,Flat,0,Christmas New Year,0,,0,Dark,2278800,0,0,0,2,0,0,0,0,0,,0,0,Marlborough Region,Nil,2-way,Sealed,0,0,0,0,100,0,None,0,0,,53,Marlborough District,Nil,0,0,0,0,0,0,Open,0,0,0,Fine,Null
1762100,5436607,17237,,568502,0,0,0,1,0,South,2008/2009,CAMBRIDGE TERRACE,NAENAE ROAD,,Non-Injury Crash,No,2009,0,South,0,0,0,Flat,0,,0,,0,Bright sun,1951900,0,0,0,2,0,0,0,0,0,,0,1,Wellington Region,Nil,2-way,Sealed,0,0,0,0,50,0,Null,0,0,,46,Lower Hutt City,Nil,0,0,0,0,0,0,Urban,0,0,0,Fine,Null
1257812,5004081,17238,,609304,0,,0,2,,Null,2008/2009,BRUNSWICK ST,BEACH ST,,Non-Injury Crash,No,2009,,East,,0,,Hill Road,,,,,,Bright sun,3032800,0,0,0,2,,,0,,,,,,Otago Region,Nil,2-way,Sealed,,0,0,,50,,Null,0,1,,70,Queenstown-Lakes District,Give way,,,,,0,0,Urban,0,,,Fine,Null
1815894,5446529,17239,,579502,0,,0,0,,Null,2008/2009,KOKOTAU ROAD,PONATAHI ROAD,,Non-Injury Crash,No,2009,,South,,0,,Hill Road,,,,,,Bright sun,2263400,0,0,0,2,,,0,,,,,,Wellington Region,Nil,2-way,Sealed,,0,0,,100,,Null,0,0,,49,Carterton District,Give way,,,,,1,0,Open,0,,,Fine,Null
1935669,5621380,17240,,546801,0,0,0,1,0,Null,2009/2010,SPENCER ROAD,CHAUCER ROAD SOUTH,,Non-Injury Crash,No,2009,0,East,0,0,0,Hill Road,0,,0,,0,Dark,1424800,0,0,0,2,0,0,0,0,1,,0,0,Hawke's Bay Region,Nil,2-way,Sealed,0,0,0,0,50,0,On,1,0,,31,Napier City,Give way,0,0,0,0,0,0,Urban,0,0,0,Fine,Null
1268392,5014465,17241,,609032,0,,0,1,,East,2008/2009,MALAGHANS ROAD,DENNISON WAY,,Non-Injury Crash,No,2009,,West,,0,,Flat,,,,,,Overcast,3039711,0,0,0,2,,,0,,,,,,Otago Region,Nil,2-way,Sealed,,0,0,,100,,Null,0,0,,70,Queenstown-Lakes District,Unknown,,,,,0,0,Open,0,,,Fine,Frost
1751687,5434002,17242,,574100,0,,0,2,,South,2009/2010,SH 1N,JOHNSONVILLE OFF NBD,,Non-Injury Crash,Yes,2009,,North,,0,,Hill Road,,,,,,Overcast,2084600,0,0,0,3,,,0,,,,,,Wellington Region,Nil,1-way,Sealed,,0,0,,80,,Null,0,0,,47,Wellington City,Nil,,,,,0,0,Open,0,,,Fine,Null
1271056,5015436,17243,,609200,0,0,0,2,0,East,2008/2009,BUCKINGHAM ST,RAMSHAW LANE,,Non-Injury Crash,No,2009,0,East,0,0,0,Flat,0,,0,,0,Overcast,3034904,0,0,0,1,0,0,0,0,1,,0,0,Otago Region,Nil,1-way,Sealed,0,0,0,0,50,0,Null,0,0,,70,Queenstown-Lakes District,Unknown,0,0,0,0,0,0,Urban,0,0,0,Fine,Null
1555270,5170247,17244,,587904,0,0,0,2,0,West,2009/2010,BOUNDARY ROAD,SHANDS ROAD,,Non-Injury Crash,No,2009,0,West,0,0,1,Flat,0,,0,,0,Bright sun,2500600,0,0,0,2,0,0,0,0,0,,0,0,Canterbury Region,Nil,2-way,Sealed,0,0,0,0,100,0,Null,0,0,,62,Selwyn District,Unknown,0,0,0,0,0,0,Open,0,0,0,Fine,Null
1820341,5529598,17245,,562310,0,,0,2,,Null,2009/2010,SEDDON ST,FEATHERSTON ST,,Non-Injury Crash,No,2009,,West,,0,,Flat,,,,,,Bright sun,1826100,0,0,0,2,,,0,,,,,,Manawatū-Whanganui Region,Nil,2-way,Sealed,,0,0,,50,,Null,0,0,,40,Palmerston North City,Give way,,,,,0,0,Urban,0,,,Fine,Null
1936319,5621054,17246,,546901,0,,0,2,,Null,2008/2009,WELLESLEY ROAD,KENNEDY ROAD,,Non-Injury Crash,No,2009,,South,,0,,Flat,,,,,,Overcast,1429700,0,0,0,2,,,0,,,,,,Hawke's Bay Region,Nil,2-way,Sealed,,0,0,,50,,Null,0,0,,31,Napier City,Traffic Signals,,,,,0,0,Urban,0,,,Fine,Null
1775239,5579024,17247,,556800,0,,0,2,,Null,2009/2010,SOMME PARADE,DUBLIN ST,,Non-Injury Crash,No,2009,,East,,0,,Flat,,,,,,Dark,1704600,0,0,0,3,,,0,,,,,,Manawatū-Whanganui Region,Nil,2-way,Sealed,,0,0,,50,,On,0,0,,37,Whanganui District,Give way,,,,,0,0,Urban,0,,,Fine,Null
1748350,5427439,17248,,573000,0,,0,2,,North,2009/2010,SH 1N,SOUTH PORTAL,,Non-Injury Crash,Yes,2009,,South,,0,,Flat,,,,,,Overcast,2130500,0,0,0,2,,,0,,,,,,Wellington Region,Nil,2-way,Sealed,,0,0,,100,,Null,2,0,,47,Wellington City,Nil,,,,,0,0,Open,0,,,Fine,Null
1765636,5908525,17249,,523402,0,0,0,1,0,South,2009/2010,SH 1N,HIGHBROOK OBR,,Non-Injury Crash,Yes,2009,0,South,0,0,0,Flat,1,,0,,0,Dark,696900,0,0,0,3,0,0,0,0,0,,0,0,Auckland Region,Nil,1-way,Sealed,0,0,0,0,100,0,On,0,0,,76,Auckland,Nil,0,0,0,0,1,0,Open,0,0,0,Fine,Null
1753826,5918247,17250,,515432,0,,0,2,,Null,2009/2010,ST LUKES ROAD,ST LUKES ON WBD N,,Non-Injury Crash,No,2009,,North,,0,,Flat,,,,,,Overcast,405500,0,0,0,2,,,0,,,,,,Auckland Region,Nil,2-way,Sealed,,0,0,,50,,Off,0,0,,76,Auckland,Traffic Signals,,,,,0,0,Urban,0,,,Fine,Null
1921576,5595462,17251,,545851,0,0,0,1,0,North,2009/2010,SH 2,TE MAHANGA ROAD,,Non-Injury Crash,Yes,2009,0,North,0,0,1,Flat,0,,0,,0,Dark,1463900,0,0,0,2,0,0,0,0,0,,0,0,Hawke's Bay Region,Nil,2-way,Sealed,0,0,0,0,100,0,None,0,0,,30,Hastings District,Nil,0,0,0,0,0,0,Open,0,0,0,Fine,Null
1818458,5529509,17252,,562720,0,0,0,2,0,East,2009/2010,TREMAINE AVENUE,AMBERLEY AVENUE,,Non-Injury Crash,No,2009,0,West,0,0,0,Flat,0,,0,,0,Dark,1817101,0,0,0,2,0,0,0,0,1,,0,0,Manawatū-Whanganui Region,Nil,2-way,Sealed,0,0,0,0,50,0,On,0,0,,40,Palmerston North City,Nil,0,0,0,0,0,0,Urban,0,0,0,Fine,Null
1934624,5619252,17253,,546500,0,,0,2,,Null,2009/2010,WYCLIFFE ST,MORRIS SPENCE AVENUE,,Non-Injury Crash,No,2009,,East,,0,,Flat,,,,,,Overcast,1443100,0,0,0,2,,,0,,,,,,Hawke's Bay Region,Nil,2-way,Sealed,,0,0,,50,,Null,0,0,,31,Napier City,Give way,,,,,0,0,Urban,0,,,Fine,Null
1752620,5423677,17254,,577101,0,0,0,2,0,East,2009/2010,BROADWAY,TIO TIO ROAD,,Non-Injury Crash,No,2009,0,East,0,0,0,Flat,0,,1,,0,Bright sun,2213000,0,0,0,2,0,0,0,0,1,,0,0,Wellington Region,Nil,2-way,Sealed,0,0,0,0,50,0,Null,0,0,,47,Wellington City,Nil,0,0,0,0,0,0,Urban,0,0,0,Fine,Null
1765221,5907486,17255,,522301,0,,0,1,,North,2009/2010,GREAT SOUTH ROAD,KAUTAMI AVENUE,,Non-Injury Crash,No,2009,,South,,0,,Flat,,,,,,Bright sun,665900,0,0,0,2,,,0,,,,,,Auckland Region,Nil,2-way,Sealed,,0,0,,50,,Off,1,0,,76,Auckland,Nil,,,,,0,0,Urban,0,,,Fine,Null
1804709,5445815,17256,,579803,0,0,0,1,0,North,2009/2010,BIDWILLS CUTTING ROAD,MOROA ROAD,,Non-Injury Crash,No,2009,0,South,0,0,1,Flat,0,,0,,0,Dark,2270600,0,0,0,2,0,0,0,0,0,,0,0,Wellington Region,Nil,2-way,Sealed,0,0,0,0,100,0,On,0,0,,50,South Wairarapa District,Nil,0,0,0,1,0,0,Open,0,0,0,Fine,Null
1822466,5524569,17257,,561813,0,,0,1,,Null,2008/2009,SH 57,OLD WEST ROAD,,Non-Injury Crash,Yes,2009,,North,,0,,Hill Road,,,,,,Twilight,1798900,0,0,0,2,,,0,,,,,,Manawatū-Whanganui Region,Nil,2-way,Sealed,,0,0,,100,,On,1,0,,40,Palmerston North City,Give way,,,,,0,0,Open,0,,,Fine,Null
1838595,5592534,17258,,559220,0,0,0,1,0,South,2009/2010,SH 1N,MANUI ROAD,,Non-Injury Crash,Yes,2009,0,South,0,0,1,Hill Road,0,,0,,0,Bright sun,1746500,0,0,0,2,0,0,0,0,0,,0,0,Manawatū-Whanganui Region,Nil,2-way,Sealed,0,0,0,0,100,0,Null,0,0,,38,Rangitikei District,Nil,0,0,0,0,0,0,Open,0,0,0,Fine,Null
1937067,5621441,17259,,546901,0,0,1,1,0,South,2009/2010,MARINE PARADE,TENNYSON ST,,Non-Injury Crash,No,2009,0,North,0,0,0,Flat,0,,0,,0,Bright sun,1428800,0,0,0,2,0,0,0,0,1,,0,0,Hawke's Bay Region,Nil,2-way,Sealed,0,0,0,0,50,0,Null,0,0,,31,Napier City,Nil,0,0,0,0,0,0,Urban,0,0,0,Fine,Null
1765767,5908163,17260,,523404,0,,0,2,,South,2009/2010,SH 1N,BAIRDS OBR,,Non-Injury Crash,Yes,2009,,North,,0,,Flat,,,,,,Bright sun,696801,0,0,0,3,,,0,,,,,,Auckland Region,Nil,1-way,Sealed,,0,0,,100,,Off,1,0,,76,Auckland,Nil,,,,,0,0,Open,0,,,Fine,Null
1756051,5912033,17261,,518702,0,,0,2,,Null,2008/2009,HILLSBOROUGH ROAD,GOODALL ST,,Non-Injury Crash,No,2009,,South,,0,,Flat,,,,,,Overcast,571700,0,0,0,2,,,0,,,,,,Auckland Region,Nil,2-way,Sealed,,0,0,,50,,On,0,0,,76,Auckland,Stop,,,,,0,0,Urban,0,,,Fine,Null
1823410,5463072,17262,,578700,0,,0,1,,South,2009/2010,SH 2,RENALL ST,,Non-Injury Crash,Yes,2009,,South,,0,,Flat,,,,,,Bright sun,2237100,0,0,0,2,,,0,,,1,,,Wellington Region,Nil,2-way,Sealed,,0,0,,50,,Null,0,0,,48,Masterton District,Nil,,,,,0,0,Urban,0,,,Fine,Null
1840167,5605150,17263,,559400,0,,0,1,,North,2008/2009,GOLDFINCH ST,LINNET ST,,Non-Injury Crash,No,2009,,South,,0,,Hill Road,,,,,,Overcast,1749501,0,0,0,2,,,0,,,,,,Manawatū-Whanganui Region,Nil,2-way,Sealed,,0,0,,50,,Null,0,0,,38,Rangitikei District,Nil,,,,,0,0,Urban,0,,,Fine,Null
1799091,5813332,17264,,528900,0,0,0,1,1,East,2009/2010,SH 1N,LATHAM COURT,,Non-Injury Crash,Yes,2009,0,West,0,0,0,Flat,0,,0,,0,Overcast,916402,0,0,0,2,0,0,0,0,0,,1,0,Waikato Region,Nil,2-way,Sealed,0,0,0,0,50,0,Off,0,0,,16,Hamilton City,Nil,0,1,0,0,0,0,Urban,0,0,0,Fine,Null
1823143,5902072,17265,,533603,0,,0,1,,North,2009/2010,SH 25,WHALEBONE STM BR,,Non-Injury Crash,Yes,2009,,North,,0,,Flat,,Christmas New Year,,,,Overcast,1056300,0,0,0,2,,,0,,,,,,Waikato Region,Nil,2-way,Sealed,,0,0,,100,,None,2,0,,11,Thames-Coromandel District,Nil,,,,,0,0,Open,0,,,Fine,Null
1821395,5529714,17266,,562800,0,,0,2,,Null,2008/2009,WALDING ST,TAONUI ST,,Non-Injury Crash,No,2009,,East,,0,,Flat,,,,,,Bright sun,1831000,0,0,0,2,,,0,,,,,,Manawatū-Whanganui Region,Nil,2-way,Sealed,,0,0,,50,,Null,0,0,,40,Palmerston North City,Stop,,,,,0,0,Urban,0,,,Fine,Null
1929584,5600691,17267,,545762,0,,0,2,,Null,2009/2010,TE AUTE ROAD,ST GEORGES ROAD,,Non-Injury Crash,No,2009,,East,,0,,Flat,,,,,,Bright sun,1465300,0,0,0,2,,,0,,,,,,Hawke's Bay Region,Nil,2-way,Sealed,,0,0,,100,,Null,0,0,,30,Hastings District,Give way,,,,,0,0,Open,0,,,Fine,Null
1680137,5403629,17268,,581230,0,,0,2,,Null,2008/2009,REDWOOD ST,KINROSS ST,,Non-Injury Crash,No,2009,,West,,0,,Flat,,,,,,Overcast,2299800,0,0,0,2,,,0,,,,,,Marlborough Region,Nil,2-way,Sealed,,0,0,,50,,Null,0,0,,53,Marlborough District,Give way,,,,,0,0,Urban,0,,,Fine,Null
1748188,5425021,17269,,575702,0,,0,1,,Null,2008/2009,LIARDET ST,DRANSFIELD ST,,Non-Injury Crash,No,2009,,West,,0,,Hill Road,,,,,,Bright sun,2199400,0,1,0,2,,,0,,,,,,Wellington Region,Nil,2-way,Sealed,,0,0,,50,,Null,0,0,,47,Wellington City,Give way,,,,,0,0,Urban,0,,,Fine,Null
1749037,5423021,17270,,576002,0,0,0,1,0,South,2008/2009,VOLGA ST,MOUNT ALBERT ROAD,,Non-Injury Crash,No,2009,0,South,0,0,0,Hill Road,0,,0,,0,Overcast,2193000,0,0,0,2,0,0,0,0,1,,0,0,Wellington Region,Nil,2-way,Sealed,0,0,0,0,50,0,Null,0,0,,47,Wellington City,Nil,0,0,0,0,1,0,Urban,0,0,0,Fine,Null
1833262,5532565,17271,,561902,0,,0,1,,South,2009/2010,SH 57,CENTRE ROAD,,Non-Injury Crash,Yes,2009,,South,,0,,Flat,,,,,,Overcast,1759000,0,0,0,2,,,0,,,,,,Manawatū-Whanganui Region,Nil,2-way,Sealed,,0,0,,100,,Null,0,0,,40,Palmerston North City,Nil,,,,,1,0,Open,0,,,Light rain,Null
2037217,5709699,17272,,544200,0,,0,1,,Null,2008/2009,WI PERE ST,ORMOND ROAD,,Non-Injury Crash,No,2009,,North,,0,,Flat,,,,,,Overcast,1378700,0,0,0,2,,,0,,,,,,Gisborne Region,Nil,2-way,Sealed,,0,0,,50,,Null,0,0,,28,Gisborne District,Give way,,,,,1,0,Urban,0,,,Fine,Null
1878164,5823236,17273,,538201,0,0,0,0,0,South,2009/2010,SH 2,ELEVENTH OFF SBD,,Non-Injury Crash,Yes,2009,0,South,0,0,0,Flat,1,,0,,0,Bright sun,1166400,0,0,0,4,0,0,0,0,0,,0,0,Bay of Plenty Region,Nil,2-way,Sealed,0,0,0,0,80,0,Null,1,0,50,23,Tauranga City,Nil,0,0,0,0,0,0,Open,0,0,0,Fine,Null
1404365,4915694,17274,,604110,0,0,0,2,0,East,2008/2009,ARGYLE ST,WHITBY ST,,Non-Injury Crash,No,2009,0,East,0,0,1,Hill Road,0,,0,,0,Dark,2921300,0,0,0,2,0,0,0,0,1,,0,0,Otago Region,Nil,2-way,Sealed,0,0,0,0,50,0,None,0,0,,71,Dunedin City,Unknown,0,0,0,0,0,0,Urban,0,0,0,Fine,Null
1838222,5914918,17275,45,533200,0,,0,0,,South,2009/2010,SH 25,MILL CREEK ROAD,,Non-Injury Crash,Yes,2009,,North,,0,,Flat,,,,,,Twilight,1046204,0,0,0,2,,,0,,,,,,Waikato Region,Nil,2-way,Sealed,,0,0,,100,,None,1,0,,11,Thames-Coromandel District,Nil,,,,,0,0,Open,1,,,Heavy rain,Null