X,Y,OBJECTID,advisorySpeed,areaUnitID,bicycle,bridge,bus,carStationWagon,cliffBank,crashDirectionDescription,crashFinancialYear,crashLocation1,crashLocation2,crashRoadSideRoad,crashSeverity,crashSHDescription,crashYear,debris,directionRoleDescription,ditch,fatalCount,fence,flatHill,guardRail,holiday,houseOrBuilding,intersection,kerb,light,meshblockId,minorInjuryCount,moped,motorcycle,NumberOfLanes,objectThrownOrDropped,otherObject,otherVehicleType,overBank,parkedVehicle,pedestrian,phoneBoxEtc,postOrPole,region,roadCharacter,roadLane,roadSurface,roadworks,schoolBus,seriousInjuryCount,slipOrFlood,speedLimit,strayAnimal,streetLight,suv,taxi,temporarySpeedLimit,tlaId,tlaName,trafficControl,trafficIsland,trafficSign,train,tree,truck,unknownVehicleType,urban,vanOrUtility,vehicle,waterRiver,weatherA,weatherB
1747712,5430631,17276,,574701,0,0,0,1,0,North,2009/2010,CHURCHILL DRIVE,WILTON BUSH ROAD,,Non-Injury Crash,No,2009,0,North,0,0,0,Hill Road,0,,0,,0,Overcast,2105100,0,0,0,2,0,0,0,1,0,,0,0,Wellington Region,Nil,2-way,Sealed,0,0,0,0,50,0,Null,0,0,,47,Wellington City,Nil,0,0,0,1,0,0,Urban,0,0,0,Light rain,Null
1572181,5182143,17277,,593200,0,0,0,1,0,Null,2008/2009,STAPLETONS ROAD,AVERILL ST,,Non-Injury Crash,No,2009,0,West,0,0,0,Flat,0,,0,,0,Dark,2697000,0,0,0,1,0,0,0,0,0,,0,0,Canterbury Region,Nil,2-way,Sealed,0,0,0,0,50,0,On,0,0,,60,Christchurch City,Give way,0,0,0,0,0,0,Urban,0,0,1,Fine,Null
1712715,5619662,17278,,554113,0,0,0,2,0,North,2009/2010,ARARATA ROAD,TAWHITI ROAD,,Non-Injury Crash,No,2009,0,East,0,0,0,Flat,0,,0,,0,Dark,1652600,0,0,0,2,0,0,0,0,1,,0,0,Taranaki Region,Nil,2-way,Sealed,0,0,0,0,100,0,None,0,0,,35,South Taranaki District,Nil,0,0,0,0,0,0,Open,0,0,0,Fine,Null
1405546,4918522,17279,,603710,0,0,0,2,0,Null,2009/2010,WALES ST,LYNN ST,,Non-Injury Crash,No,2009,0,North,0,0,0,Flat,0,,0,,0,Overcast,2893800,0,0,0,1,0,0,0,0,1,,0,0,Otago Region,Nil,2-way,Sealed,0,0,0,0,50,0,Null,0,0,,71,Dunedin City,Nil,0,0,0,0,0,0,Urban,0,0,0,Fine,Null
1829083,5833064,17280,,534603,0,,0,1,,North,2009/2010,SH 27,SH 26,,Non-Injury Crash,Yes,2009,,South,,0,,Flat,,,,,,Overcast,1095900,0,0,0,2,,,0,,,,,,Waikato Region,Rail xing,2-way,Sealed,,0,0,,70,,Null,2,0,,15,Matamata-Piako District,Give way,,,,,0,0,Urban,0,,,Light rain,Null
1746604,5912678,17281,,511002,0,0,0,2,0,North,2009/2010,NANDANA DRIVE,SURAT PLACE,,Non-Injury Crash,No,2009,0,North,0,0,0,Hill Road,0,,0,,0,Dark,284400,0,0,0,2,0,0,0,0,1,,0,0,Auckland Region,Nil,2-way,Sealed,0,0,0,0,50,0,On,0,0,,76,Auckland,Unknown,0,0,0,0,0,0,Urban,0,0,0,Fine,Null
1750199,5432833,17282,,574200,0,0,0,3,1,Null,2009/2010,BURMA ROAD,STATION ROAD,,Non-Injury Crash,No,2009,0,South,0,0,0,Hill Road,0,,0,,0,Overcast,2088100,0,0,0,2,0,0,0,0,1,,0,0,Wellington Region,Nil,2-way,Sealed,0,0,0,0,50,0,Null,0,0,,47,Wellington City,Stop,0,0,0,0,0,0,Urban,0,0,0,Fine,Null
1539062,5374171,17283,,581842,0,0,0,0,0,West,2009/2010,SH 6,HINEHAKA ROAD W,,Non-Injury Crash,Yes,2009,0,West,0,0,1,Flat,0,Christmas New Year,0,,0,Overcast,2380900,0,0,0,2,0,0,0,0,0,,0,1,Tasman Region,Nil,2-way,Sealed,0,0,0,0,100,0,Null,0,0,,51,Tasman District,Nil,0,0,0,0,0,0,Open,1,0,0,Heavy rain,Null
1319305,4987175,17284,,608302,0,0,0,1,0,South,2009/2010,SH 85,KELLIHER LANE,,Non-Injury Crash,Yes,2009,0,South,0,0,1,Hill Road,0,,0,,0,Overcast,3021400,0,0,0,2,0,0,0,0,0,,0,0,Otago Region,Nil,2-way,Sealed,0,0,0,0,100,0,Null,0,0,,69,Central Otago District,Unknown,0,0,0,0,0,0,Open,0,0,0,Fine,Null
1708968,5651129,17285,,552900,0,0,0,1,0,North,2008/2009,SH 3,MIDHIRST OBR,,Non-Injury Crash,Yes,2009,0,North,1,0,0,Flat,0,,0,,0,Dark,1618100,0,0,0,2,0,0,0,0,0,,0,0,Taranaki Region,Nil,2-way,Sealed,0,0,0,0,100,0,None,0,0,,34,Stratford District,Nil,0,0,0,0,0,0,Open,0,0,0,Snow,Frost
2036197,5708902,17286,,544600,0,,0,2,,Null,2009/2010,CHILDERS ROAD,ROEBUCK ROAD,,Non-Injury Crash,No,2009,,West,,0,,Flat,,Christmas New Year,,,,Bright sun,1372600,0,0,0,2,,,0,,,,,,Gisborne Region,Nil,2-way,Sealed,,0,0,,50,,Null,0,0,,28,Gisborne District,Stop,,,,,0,0,Urban,0,,,Fine,Null
1822532,5531589,17287,,562401,0,,0,2,,Null,2008/2009,RUAHINE ST,WOODFIELD AVENUE,,Non-Injury Crash,No,2009,,North,,0,,Flat,,,,,,Overcast,1834100,0,0,0,2,,,0,,,,,,Manawatū-Whanganui Region,Nil,2-way,Sealed,,0,0,,50,,Null,0,0,,40,Palmerston North City,Give way,,,,,0,0,Urban,0,,,Fine,Null
1713203,5617586,17288,,554113,0,0,0,1,0,South,2008/2009,MATANGARA ROAD,MAKOWHAI ROAD,,Non-Injury Crash,No,2009,0,South,0,0,0,Flat,0,,0,,0,Bright sun,1651001,0,0,0,2,0,0,0,0,0,,0,0,Taranaki Region,Nil,2-way,Sealed,0,0,0,0,100,0,Null,0,0,,35,South Taranaki District,Nil,0,0,0,1,0,0,Open,0,0,0,Fine,Null
1758333,5434148,17289,,570000,0,0,1,1,0,East,2008/2009,JACKSON ST,PATRICK ST,,Non-Injury Crash,No,2009,0,West,0,0,1,Flat,0,,0,,0,Overcast,2026400,0,0,0,2,0,0,0,0,0,,0,0,Wellington Region,Nil,2-way,Sealed,0,0,0,0,50,0,Null,0,0,,46,Lower Hutt City,Nil,0,0,0,0,0,0,Urban,0,0,0,Fine,Null
1763263,5437179,17290,,568302,1,,0,1,,Null,2008/2009,VOGEL ST,HOLLANDS CRESCENT,,Non-Injury Crash,No,2009,,North,,0,,Flat,,,,,,Twilight,1954200,0,0,0,2,,,0,,,,,,Wellington Region,Nil,2-way,Sealed,,0,0,,50,,None,0,0,,46,Lower Hutt City,Give way,,,,,0,0,Urban,0,,,Fine,Null
1611693,5420933,17291,,581720,1,,0,1,,Null,2008/2009,SH 6,EDENS ROAD,,Non-Injury Crash,Yes,2009,,East,,0,,Flat,,,,,,Bright sun,2358700,0,0,0,2,,,0,,,,,,Tasman Region,Nil,2-way,Sealed,,0,0,,100,,Null,0,0,,51,Tasman District,Stop,,,,,0,0,Open,0,,,Fine,Null
1764105,5460531,17292,,566302,0,,0,1,,South,2009/2010,SH 1N,BEACH ROAD,,Non-Injury Crash,Yes,2009,,South,,0,,Flat,,,,,,Twilight,2009901,0,0,0,2,,,0,,,,,,Wellington Region,Nil,2-way,Sealed,,0,0,,70,,On,1,0,,43,Kapiti Coast District,Nil,,,,,0,0,Urban,0,,,Heavy rain,Null
1709963,5617232,17293,,554010,0,,0,2,,South,2008/2009,VICTORIA ST,NELSON ST,,Non-Injury Crash,No,2009,,South,,0,,Flat,,,,,,Bright sun,1647700,0,0,0,2,,,0,,,,,,Taranaki Region,Nil,2-way,Sealed,,0,0,,50,,Null,0,0,,35,South Taranaki District,Nil,,,,,0,0,Urban,0,,,Fine,Null
1937105,5621787,17294,,546802,0,0,0,1,0,North,2008/2009,MARINE PARADE,BROWNING ST,,Non-Injury Crash,No,2009,0,South,0,0,0,Flat,0,,0,,0,Dark,1423800,0,0,0,2,0,0,0,0,1,,0,0,Hawke's Bay Region,Nil,2-way,Sealed,0,0,0,0,50,0,On,1,0,,31,Napier City,Nil,0,0,0,0,0,0,Urban,0,0,0,Fine,Null
1803065,5550143,17295,,558900,0,0,0,2,0,Null,2009/2010,SH 1N HIGH,SH 3 BRIDGE,,Non-Injury Crash,Yes,2009,0,South,0,0,0,Flat,0,,0,,0,Overcast,1744400,0,0,0,2,0,0,0,0,0,,0,0,Manawatū-Whanganui Region,Nil,2-way,Sealed,0,0,0,0,50,0,Null,0,0,,38,Rangitikei District,Give way,1,0,0,0,0,0,Urban,0,0,0,Fine,Null
1934597,5622060,17296,,546200,0,,0,2,,Null,2008/2009,SH 2,WEST QUAY,,Non-Injury Crash,Yes,2009,,West,,0,,Flat,,,,,,Bright sun,1419300,0,0,0,2,,,0,,,,,,Hawke's Bay Region,Nil,2-way,Sealed,,0,0,,50,,Null,0,0,,31,Napier City,Give way,,,,,0,0,Urban,0,,,Fine,Null
1564837,5181512,17297,,590000,0,,0,2,,South,2008/2009,WESTMONT ST,MAIDSTONE ROAD,,Non-Injury Crash,No,2009,,South,,0,,Flat,,,,,,Overcast,2537004,0,0,0,2,,,0,,,,,,Canterbury Region,Nil,2-way,Sealed,,0,0,,50,,Null,0,0,,60,Christchurch City,Nil,,,,,0,0,Urban,0,,,Fine,Null
1930485,5605224,17298,,548200,0,0,0,3,0,Null,2009/2010,KARAMU ROAD NORTH,ALBERT ST,,Non-Injury Crash,No,2009,0,South,0,0,0,Flat,0,,0,,0,Bright sun,1494100,0,0,0,2,0,0,0,0,2,,0,0,Hawke's Bay Region,Nil,2-way,Sealed,0,0,0,0,50,0,Null,0,0,,30,Hastings District,Give way,0,0,0,0,0,0,Urban,0,0,0,Fine,Null
1748521,5422700,17299,,576002,0,,0,2,,Null,2008/2009,CLYDE ST,AVON ST,,Non-Injury Crash,No,2009,,West,,0,,Flat,,,,,,Overcast,2190400,0,0,0,2,,,0,,,,,,Wellington Region,Nil,2-way,Sealed,,0,0,,50,,Null,0,0,,47,Wellington City,Give way,,,,,0,0,Urban,0,,,Fine,Null
2030196,5711978,17300,,544002,0,,0,0,,West,2008/2009,BLOOMFIELD ROAD,SH 2,,Non-Injury Crash,No,2009,,North,,0,,Flat,,,,,,Overcast,1358100,0,0,0,2,,,0,,,,,,Gisborne Region,Nil,2-way,Sealed,,0,0,,100,,Null,0,0,,28,Gisborne District,Nil,,,,,1,0,Open,1,,,Light rain,Null
1747659,5424079,17301,,575800,0,0,0,2,0,East,2008/2009,KINGSTON HEIGHTS ROAD,THE RIDGEWAY,,Non-Injury Crash,No,2009,0,North,0,0,0,Hill Road,0,Christmas New Year,0,,0,Dark,2198001,0,0,0,2,0,0,0,0,2,,0,0,Wellington Region,Nil,2-way,Sealed,0,0,0,0,50,0,On,0,0,,47,Wellington City,Nil,0,0,0,0,0,0,Urban,1,0,0,Fine,Null
1842057,5516806,17302,,577900,0,,0,1,,Null,2008/2009,MANGARAMARAMA ROAD,KAITAWA ROAD,,Non-Injury Crash,No,2009,,South,,0,,Flat,,,,,,Bright sun,2222202,0,0,0,2,,,0,,,,,,Manawatū-Whanganui Region,Nil,2-way,Sealed,,0,0,,100,,Null,0,0,,41,Tararua District,Give way,,,,,0,0,Open,1,,,Fine,Null
2037365,5708239,17303,,544600,0,,0,2,,Null,2008/2009,GLADSTONE ROAD,PEEL ST,,Non-Injury Crash,No,2009,,West,,0,,Flat,,,,,,Bright sun,1371100,0,0,0,2,,,0,,,,,,Gisborne Region,Nil,2-way,Sealed,,0,0,,50,,Null,0,0,,28,Gisborne District,Traffic Signals,,,,,0,0,Urban,0,,,Fine,Null
1748832,5425608,17304,,576500,0,,0,0,,Null,2008/2009,ADELAIDE ROAD,RIDDIFORD ST,,Non-Injury Crash,No,2009,,South,,0,,Flat,,,,,,Twilight,2148700,0,1,0,3,,,0,,,1,,,Wellington Region,Nil,2-way,Sealed,,0,0,,50,,On,0,0,,47,Wellington City,Traffic Signals,,,,,0,0,Urban,0,,,Light rain,Null
1749045,5428687,17305,,572900,0,,0,2,,North,2009/2010,ACCESS ROAD,BUNNY ST W,,Non-Injury Crash,No,2009,,North,,0,,Flat,,,,,,Overcast,2122700,0,0,0,1,,,0,,,,,,Wellington Region,Nil,1-way,Sealed,,0,0,,50,,Null,0,2,,47,Wellington City,Nil,,,,,0,0,Urban,0,,,Fine,Null
1402763,4914765,17306,,604130,0,,0,1,,South,2008/2009,TOWNLEYS ROAD,MOUNT GRAND ROAD,,Non-Injury Crash,No,2009,,South,,0,,Hill Road,,,,,,Bright sun,2918000,0,0,0,2,,,0,,,,,,Otago Region,Nil,2-way,Sealed,,0,0,,50,,Null,0,0,30,71,Dunedin City,Unknown,,,,,0,0,Urban,0,,,Fine,Null
1792311,5560590,17307,,559230,0,0,0,0,1,East,2009/2010,SH 3,MAKIRIKIRI ROAD,,Non-Injury Crash,Yes,2009,0,East,0,0,0,Flat,0,,0,,0,Overcast,1733000,0,0,0,2,0,0,0,0,0,,0,0,Manawatū-Whanganui Region,Nil,2-way,Sealed,0,0,0,0,100,0,Null,0,0,,38,Rangitikei District,Nil,0,0,0,0,0,0,Open,1,0,0,Fine,Strong wind
1679637,5403695,17308,,581240,0,,0,1,,Null,2008/2009,GEORGE ST,SEYMOUR ST,,Non-Injury Crash,No,2009,,East,,0,,Flat,,,,,,Bright sun,2298801,0,0,0,2,,,0,,,,,,Marlborough Region,Nil,2-way,Sealed,,0,0,,50,,Null,0,0,,53,Marlborough District,Give way,,,,,1,0,Urban,0,,,Fine,Null
1759821,5436334,17309,,569100,0,,0,2,,North,2009/2010,QUEENS DRIVE,WATERLOO ROAD,,Non-Injury Crash,No,2009,,South,,0,,Flat,,,,,,Overcast,1967800,0,0,0,2,,,0,,,,,,Wellington Region,Nil,2-way,Sealed,,0,0,,50,,Null,0,0,,46,Lower Hutt City,Give way,,,,,0,0,Urban,0,,,Fine,Null
1751381,5434735,17310,,573700,0,,0,1,,East,2009/2010,BRODERICK ROAD,GOTHIC ST,,Non-Injury Crash,No,2009,,West,,0,,Flat,,,,,,Bright sun,2082900,0,0,0,2,,,0,,,,,,Wellington Region,Nil,2-way,Sealed,,0,0,,50,,Null,1,0,,47,Wellington City,Give way,,,,,0,0,Urban,0,,,Fine,Null
1767929,5913716,17311,,522820,0,,0,2,,North,2009/2010,GLENMORE ROAD,PAKURANGA ROAD,,Non-Injury Crash,No,2009,,South,,0,,Hill Road,,,,,,Bright sun,695102,0,0,0,2,,,0,,,,,,Auckland Region,Nil,2-way,Sealed,,0,0,,50,,Null,0,0,,76,Auckland,Traffic Signals,,,,,0,0,Urban,0,,,Fine,Null
1804399,5508962,17312,,563500,0,,0,2,,Null,2008/2009,GREY ST,SH 57,,Non-Injury Crash,Yes,2009,,West,,0,,Flat,,Easter,,,,Bright sun,1860500,0,0,0,2,,,0,,,,,,Manawatū-Whanganui Region,Nil,2-way,Sealed,,0,0,,50,,Null,0,0,,42,Horowhenua District,Give way,,,,,0,0,Urban,0,,,Fine,Null
1868812,5823705,17313,,536620,0,,0,2,,North,2009/2010,SH 2,SNODGRASS ROAD,,Non-Injury Crash,Yes,2009,,North,,0,,Flat,,,,,,Bright sun,1189200,0,0,0,2,,,0,,,,,,Bay of Plenty Region,Nil,2-way,Sealed,,0,0,,100,,Null,0,0,,22,Western Bay of Plenty District,Unknown,,,,,0,0,Open,0,,,Fine,Null
1258282,5004145,17314,,609302,0,0,1,0,0,Null,2008/2009,EARL ST,MARINE PARADE,,Non-Injury Crash,No,2009,0,South,0,0,0,Flat,0,,0,,0,Overcast,3033700,0,0,0,2,0,0,0,0,1,,0,0,Otago Region,Nil,2-way,Sealed,0,0,0,0,50,0,Null,0,0,,70,Queenstown-Lakes District,Nil,0,0,0,0,0,0,Urban,1,0,0,Fine,Null
1596020,5456364,17315,,581832,0,,0,2,,North,2008/2009,SH 60,RIWAKA VALLEY ROAD,,Non-Injury Crash,Yes,2009,,South,,0,,Hill Road,,Christmas New Year,,,,Bright sun,2366600,0,0,0,2,,,0,,,,,,Tasman Region,Nil,2-way,Sealed,,0,0,,100,,Null,0,0,,51,Tasman District,Nil,,,,,0,0,Open,0,,,Fine,Null
1775232,5578852,17316,,556900,0,0,0,2,0,South,2009/2010,PITT ST,DUBLIN ST,,Non-Injury Crash,No,2009,0,North,0,0,0,Flat,0,,0,,0,Bright sun,1700500,0,0,0,2,0,0,0,0,1,,0,0,Manawatū-Whanganui Region,Nil,2-way,Sealed,0,0,0,0,50,0,Null,0,0,,37,Whanganui District,Nil,0,0,0,0,0,0,Urban,0,0,0,Fine,Null
1576083,5183192,17317,,592900,0,0,0,1,0,North,2008/2009,SH 74,WAINONI ROAD,,Non-Injury Crash,Yes,2009,0,South,0,0,1,Flat,0,,0,,0,Dark,2576608,0,0,0,2,0,0,0,0,0,,0,0,Canterbury Region,Nil,2-way,Sealed,0,0,0,0,70,0,On,0,0,,60,Christchurch City,Unknown,0,0,0,1,0,0,Urban,0,0,0,Fine,Null
1709286,5619451,17318,,554114,0,,0,1,,North,2009/2010,SH 3,FANTHAM ST,,Non-Injury Crash,Yes,2009,,North,,0,,Flat,,,,,,Dark,1653901,0,0,0,2,,,0,,,,,,Taranaki Region,Nil,2-way,Sealed,,0,0,,70,,On,0,0,,35,South Taranaki District,Nil,,,,,0,0,Urban,1,,,Fine,Null
1679611,5402790,17319,,581240,0,0,0,0,0,Null,2009/2010,WELD ST,MULLER ROAD,,Non-Injury Crash,No,2009,0,West,0,0,0,Flat,0,,0,,0,Dark,2301700,0,0,0,2,0,0,0,0,1,,0,0,Marlborough Region,Nil,2-way,Sealed,0,0,0,0,50,0,On,1,0,,53,Marlborough District,Give way,0,0,0,0,0,0,Urban,1,0,0,Light rain,Null
1461211,5095966,17320,,598313,0,0,0,0,0,South,2008/2009,SH 1S,AROWHENUA ROAD,,Non-Injury Crash,Yes,2009,1,North,0,0,1,Flat,0,,0,,0,Bright sun,2772300,0,0,0,2,0,0,0,0,0,,0,0,Canterbury Region,Nil,2-way,Sealed,0,0,0,0,100,0,Null,1,0,,64,Timaru District,Unknown,0,0,0,0,1,0,Open,0,0,0,Fine,Null
1706595,5682847,17321,,551301,0,,0,2,,Null,2008/2009,HIGH ST WEST,GREY ST,,Non-Injury Crash,No,2009,,West,,0,,Flat,,,,,,Twilight,1548800,0,0,0,2,,,0,,,,,,Taranaki Region,Nil,2-way,Sealed,,0,0,,50,,Off,0,0,,33,New Plymouth District,Give way,,,,,0,0,Urban,0,,,Fine,Null
1819161,5543946,17322,,560740,1,,0,1,,Null,2008/2009,DERBY ST,EAST ST,,Non-Injury Crash,No,2009,,North,,0,,Flat,,,,,,Overcast,1763800,0,0,0,2,,,0,,,,,,Manawatū-Whanganui Region,Nil,2-way,Sealed,,0,0,,50,,Null,0,0,,39,Manawatu District,Give way,,,,,0,0,Urban,0,,,Fine,Null
1757872,5434341,17323,,570000,0,,0,2,,East,2008/2009,JACKSON ST,KENSINGTON AVENUE,,Non-Injury Crash,No,2009,,West,,0,,Flat,,,,,,Overcast,2027700,0,0,0,2,,,0,,,,,,Wellington Region,Nil,2-way,Sealed,,0,0,,50,,Null,0,0,,46,Lower Hutt City,Nil,,,,,0,0,Urban,0,,,Fine,Null
1499857,5138059,17324,,597840,0,,0,2,,Null,2008/2009,CASS ST,WILLS ST,,Non-Injury Crash,No,2009,,North,,0,,Flat,,,,,,Overcast,2729600,0,0,0,2,,,0,,,,,,Canterbury Region,Nil,2-way,Sealed,,0,0,,50,,Null,0,0,,63,Ashburton District,Give way,,,,,0,0,Urban,0,,,Fine,Null
1747954,5428020,17325,,575300,0,0,0,3,0,North,2009/2010,UPLAND ROAD,NORTH TERRACE,,Non-Injury Crash,No,2009,0,South,0,0,0,Flat,0,,0,,0,Dark,2153501,0,0,0,2,0,0,0,0,0,,0,0,Wellington Region,Nil,2-way,Sealed,0,0,0,0,50,0,On,0,0,,47,Wellington City,Nil,0,1,0,0,0,0,Urban,0,1,0,Fine,Null
1692876,5673551,17326,,552400,0,0,0,1,0,West,2009/2010,DORALTO ROAD,HUATOKI ST,,Non-Injury Crash,No,2009,0,West,0,0,0,Hill Road,0,,0,,0,Dark,1571300,0,0,0,2,0,0,0,0,0,,0,0,Taranaki Region,Nil,2-way,Sealed,0,0,0,0,50,0,On,0,0,,33,New Plymouth District,Nil,0,0,0,1,0,0,Urban,0,0,0,Fine,Null
1367797,5096140,17327,,600100,0,0,0,1,0,North,2008/2009,GLENCAIRN ROAD,MACKENZIE DRIVE,,Non-Injury Crash,No,2009,0,East,0,0,1,Flat,0,,0,,0,Dark,2811200,0,0,0,1,0,0,0,0,0,,0,0,Canterbury Region,Nil,2-way,Sealed,0,0,0,0,50,0,On,0,0,,65,Mackenzie District,Unknown,0,0,0,0,0,0,Urban,0,0,0,Fine,Null
1763875,5438617,17328,,568202,0,0,0,0,0,Null,2009/2010,HIGH ST,RAINEY GROVE,,Non-Injury Crash,No,2009,0,North,0,0,0,Flat,0,,0,,0,Overcast,1937500,0,0,0,2,0,0,0,0,0,,0,0,Wellington Region,Nil,2-way,Sealed,0,0,0,0,50,0,Null,0,0,,46,Lower Hutt City,Give way,0,1,0,0,0,0,Urban,1,0,0,Snow,Null
1704659,5680647,17329,,551111,0,0,0,1,0,Null,2008/2009,SH 3,RICHMOND ROAD,,Non-Injury Crash,Yes,2009,0,East,0,0,0,Flat,0,,0,,0,Dark,1565200,0,0,0,2,0,0,0,0,0,,0,0,Taranaki Region,Nil,2-way,Sealed,0,0,0,0,50,0,On,0,0,,33,New Plymouth District,Stop,0,1,0,0,0,0,Urban,0,0,0,Fine,Null
1408095,4916086,17330,,604620,0,0,0,1,1,North,2009/2010,PORTOBELLO ROAD,DOON ST,,Non-Injury Crash,No,2009,0,South,0,0,0,Flat,0,,0,,0,Dark,2937800,0,0,0,2,0,0,0,0,0,,0,0,Otago Region,Nil,2-way,Sealed,0,0,0,0,50,0,None,0,0,,71,Dunedin City,Unknown,0,0,0,0,0,0,Urban,0,0,0,Fine,Null
1759002,5912446,17331,,519820,0,,0,2,,North,2009/2010,ONEHUNGA MALL,ARTHUR ST,,Non-Injury Crash,No,2009,,South,,0,,Hill Road,,,,,,Overcast,600500,0,0,0,2,,,0,,,,,,Auckland Region,Nil,2-way,Sealed,,0,0,,50,,Off,0,0,,76,Auckland,Give way,,,,,0,0,Urban,0,,,Heavy rain,Strong wind
1825808,5533754,17332,,560301,0,,0,1,,North,2009/2010,TUTAKI ROAD,KELVIN GROVE ROAD,,Non-Injury Crash,No,2009,,South,,0,,Flat,,,,,,Dark,1792601,0,0,0,2,,,0,,,,,,Manawatū-Whanganui Region,Nil,2-way,Sealed,,0,0,,100,,None,0,0,,40,Palmerston North City,Nil,,,,,0,0,Open,1,,,Fine,Null
2035448,5711015,17333,,544900,0,,0,3,,Null,2008/2009,LYTTON ROAD,EMILY ST,,Non-Injury Crash,No,2009,,North,,0,,Flat,,,,,,Overcast,1376604,0,0,0,2,,,0,,,,,,Gisborne Region,Nil,2-way,Sealed,,0,0,,50,,Null,0,0,,28,Gisborne District,Nil,,,,,0,0,Urban,0,,,Light rain,Null
1567256,5204386,17334,,586303,0,,0,1,,South,2008/2009,PERCIVAL ST,JOHNS ROAD,,Non-Injury Crash,No,2009,,North,,0,,Flat,,,,,,Dark,2446203,0,0,0,2,,,0,,,,,,Canterbury Region,Nil,2-way,Sealed,,0,0,,50,,On,0,0,,59,Waimakariri District,Nil,,,,,0,0,Urban,1,,,Fine,Null
1783581,5571967,17335,,558300,0,,0,1,,East,2009/2010,SH 3,MARANGAI ROAD,,Non-Injury Crash,Yes,2009,,West,,0,,Flat,,,,,,Bright sun,1687700,0,0,0,2,,,0,,,,,,Manawatū-Whanganui Region,Nil,2-way,Sealed,,0,0,,100,,Null,0,0,,37,Whanganui District,Nil,,,,,0,0,Open,0,,,Fine,Null
1761479,5435533,17336,,568602,0,0,0,1,0,Null,2008/2009,WAIWHETU ROAD,HARDY ST,,Non-Injury Crash,No,2009,0,South,0,0,0,Flat,0,,0,,0,Dark,1971500,0,0,0,2,0,0,0,0,0,,0,1,Wellington Region,Nil,2-way,Sealed,0,0,0,0,50,0,On,0,0,,46,Lower Hutt City,Give way,0,0,0,0,0,0,Urban,0,0,0,Light rain,Null
1820497,5528295,17337,,562910,0,,0,2,,Null,2008/2009,BOTANICAL ROAD,FERGUSON ST,,Non-Injury Crash,No,2009,,North,,0,,Flat,,,,,,Bright sun,1801800,0,0,0,2,,,0,,,,,,Manawatū-Whanganui Region,Nil,2-way,Sealed,,0,0,,50,,Null,0,0,,40,Palmerston North City,Stop,,,,,0,0,Urban,0,,,Fine,Null
1748981,5426190,17338,,573300,0,0,0,1,0,South,2008/2009,ADELAIDE ROAD,ALFRED ST,,Non-Injury Crash,No,2009,0,South,0,0,0,Flat,0,,0,,0,Bright sun,2145700,0,0,0,4,0,0,0,0,1,,0,0,Wellington Region,Nil,2-way,Sealed,0,0,0,0,50,0,Null,0,0,,47,Wellington City,Nil,0,0,0,0,1,0,Urban,0,0,0,Fine,Null
1655669,5305154,17339,,581400,0,0,0,1,0,Null,2008/2009,BAYVIEW ST,HASTINGS ST,,Non-Injury Crash,No,2009,0,North,0,0,0,Flat,0,,1,,0,Overcast,2312200,0,0,0,2,0,0,0,0,0,,0,0,Canterbury Region,Nil,2-way,Sealed,0,0,0,0,50,0,Null,0,0,,54,Kaikoura District,Nil,0,0,0,0,0,0,Urban,0,0,0,Fine,Null
1869614,5713198,17340,,541730,0,,0,2,,Null,2009/2010,ELIZABETH ST,TERENCE ST,,Non-Injury Crash,No,2009,,West,,0,,Hill Road,,Christmas New Year,,,,Bright sun,1270501,0,0,0,2,,,0,,,,,,Waikato Region,Nil,2-way,Sealed,,0,0,,50,,Null,0,0,,21,Taupo District,Give way,,,,,0,0,Urban,0,,,Fine,Null
2038616,5709064,17341,,544500,0,0,0,1,0,South,2008/2009,SEDDON CRESCENT,SEDDON RISE,,Non-Injury Crash,No,2009,0,North,0,0,0,Flat,0,,0,,0,Bright sun,1381500,0,0,0,2,0,0,0,0,1,,0,0,Gisborne Region,Nil,2-way,Sealed,0,0,0,0,50,0,Null,1,0,,28,Gisborne District,Nil,0,0,0,0,0,0,Urban,0,0,0,Fine,Null
1691422,5674246,17342,,551700,0,,0,2,,Null,2009/2010,TUKAPA ST,WRANTAGE ST,,Non-Injury Crash,No,2009,,West,,0,,Flat,,,,,,Bright sun,1576301,0,0,0,2,,,0,,,,,,Taranaki Region,Nil,2-way,Sealed,,0,0,,50,,Null,0,0,,33,New Plymouth District,Give way,,,,,0,0,Urban,0,,,Fine,Null
2038987,5707685,17343,,544701,0,0,0,1,0,Null,2008/2009,HUXLEY ROAD,DE LAUTOUR ROAD,,Non-Injury Crash,No,2009,0,South,0,0,0,Flat,0,,0,,1,Overcast,1382700,0,0,0,2,0,0,0,0,0,,0,0,Gisborne Region,Nil,2-way,Sealed,0,0,0,0,50,0,Null,0,0,,28,Gisborne District,Give way,0,0,0,0,0,0,Urban,0,0,0,Light rain,Null