X,Y,OBJECTID,advisorySpeed,areaUnitID,bicycle,bridge,bus,carStationWagon,cliffBank,crashDirectionDescription,crashFinancialYear,crashLocation1,crashLocation2,crashRoadSideRoad,crashSeverity,crashSHDescription,crashYear,debris,directionRoleDescription,ditch,fatalCount,fence,flatHill,guardRail,holiday,houseOrBuilding,intersection,kerb,light,meshblockId,minorInjuryCount,moped,motorcycle,NumberOfLanes,objectThrownOrDropped,otherObject,otherVehicleType,overBank,parkedVehicle,pedestrian,phoneBoxEtc,postOrPole,region,roadCharacter,roadLane,roadSurface,roadworks,schoolBus,seriousInjuryCount,slipOrFlood,speedLimit,strayAnimal,streetLight,suv,taxi,temporarySpeedLimit,tlaId,tlaName,trafficControl,trafficIsland,trafficSign,train,tree,truck,unknownVehicleType,urban,vanOrUtility,vehicle,waterRiver,weatherA,weatherB
1936319,5621054,17344,,546901,0,,0,2,,Null,2009/2010,KENNEDY ROAD,WELLESLEY ROAD,,Non-Injury Crash,No,2009,,South,,0,,Flat,,,,,,Overcast,1429700,0,0,0,2,,,0,,,,,,Hawke's Bay Region,Nil,2-way,Sealed,,0,0,,50,,Null,0,0,,31,Napier City,Traffic Signals,,,,,0,0,Urban,0,,,Fine,Null
1751452,5433077,17345,,574303,0,,0,2,,South,2008/2009,SH 1N,ABATTOIRS ROAD,,Non-Injury Crash,Yes,2009,,North,,0,,Hill Road,,,,,,Bright sun,2088705,0,0,0,2,,,0,,,,,,Wellington Region,Nil,2-way,Sealed,,0,0,,80,,Null,0,0,,47,Wellington City,Nil,,,,,0,0,Open,0,,,Fine,Null
1743364,5921185,17346,,513622,0,,0,2,,Null,2009/2010,DON BUCK ROAD,WAIMUMU ROAD,,Non-Injury Crash,No,2009,,North,,0,,Hill Road,,,,,,Bright sun,226700,0,0,0,2,,,0,,,,,,Auckland Region,Nil,2-way,Sealed,,0,0,,50,,Off,0,0,,76,Auckland,Nil,,,,,0,0,Urban,0,,,Fine,Null
1758612,5447720,17347,,572200,0,0,0,2,0,South,2009/2010,SPINNAKER DRIVE,LEEWARD DRIVE,,Non-Injury Crash,No,2009,0,South,0,0,0,Flat,0,,0,,0,Dark,2071205,0,0,0,2,0,0,0,0,1,,0,0,Wellington Region,Nil,2-way,Sealed,0,0,0,0,50,0,On,0,0,,44,Porirua City,Nil,0,0,0,1,0,0,Urban,0,0,0,Fine,Null
1991194,5670389,17348,,545302,0,0,0,1,0,East,2008/2009,SH 2,IWITEA ROAD,,Non-Injury Crash,Yes,2009,0,East,0,0,1,Flat,0,,0,,0,Dark,1398600,0,0,0,2,0,1,0,0,0,,0,0,Hawke's Bay Region,Nil,2-way,Sealed,0,0,0,0,100,0,None,0,0,,29,Wairoa District,Nil,0,0,0,0,0,0,Open,0,0,0,Fine,Null
1756357,5927148,17349,,507900,0,,0,1,,Null,2009/2010,NORTHCOTE ON NBD,NORTHCOTE ROAD,,Non-Injury Crash,No,2009,,West,,0,,Flat,,,,,,Dark,303501,0,0,0,2,,,0,,,,,,Auckland Region,Motorway ramp,2-way,Sealed,,0,0,,50,,On,0,0,,76,Auckland,Traffic Signals,,,,,0,0,Urban,0,,,Heavy rain,Null
1846653,5531057,17350,,550200,0,0,0,1,0,Null,2009/2010,SH 2,POWDRELL ROAD,,Non-Injury Crash,Yes,2009,0,North,2,0,0,Flat,0,,0,,0,Dark,1544000,0,0,0,2,0,0,0,0,0,,0,0,Manawatū-Whanganui Region,Nil,2-way,Sealed,0,0,0,0,100,0,None,0,0,,41,Tararua District,Nil,0,0,0,0,1,0,Open,1,0,0,Fine,Null
1834956,5858679,17351,,534200,0,0,0,1,0,East,2009/2010,MILL ROAD,KARAKA ROAD,,Non-Injury Crash,No,2009,0,East,0,0,0,Flat,0,,0,,0,Dark,1076501,0,0,0,2,0,0,0,0,1,,0,0,Waikato Region,Nil,2-way,Sealed,0,0,0,0,100,0,None,0,0,,12,Hauraki District,Unknown,0,0,0,0,0,0,Open,0,0,0,Fine,Null
1819991,5541864,17352,,561901,0,,0,2,,Null,2009/2010,SH 54,WAUGHS ROAD,,Non-Injury Crash,Yes,2009,,North,,0,,Flat,,,,,,Bright sun,1793700,0,0,0,2,,,0,,,,,,Manawatū-Whanganui Region,Nil,2-way,Sealed,,0,0,,100,,Null,0,0,,39,Manawatu District,Stop,,,,,0,0,Open,0,,,Fine,Null
1682893,6016149,17353,,504502,0,0,0,1,0,North,2009/2010,SH 12,BRADLEYS LANDING EAST ROA,,Non-Injury Crash,Yes,2009,0,North,1,0,0,Flat,0,,0,,0,Dark,122100,0,0,0,2,0,0,0,0,0,,0,0,Northland Region,Nil,2-way,Sealed,0,0,0,0,100,0,None,0,0,,3,Kaipara District,Unknown,0,0,0,0,0,0,Open,0,0,0,Light rain,Null
1802297,5562014,17354,,559500,0,,0,2,,Null,2008/2009,SKERMAN ST,HIGH ST,,Non-Injury Crash,No,2009,,West,,0,,Flat,,,,,,Bright sun,1735100,0,0,0,2,,,0,,,,,,Manawatū-Whanganui Region,Nil,2-way,Sealed,,0,0,,50,,Null,0,0,,38,Rangitikei District,Stop,,,,,0,0,Urban,0,,,Fine,Null
1765445,5441660,17355,,569600,0,0,0,1,0,Null,2008/2009,SH 2,SH 58,,Non-Injury Crash,Yes,2009,0,South,0,0,0,Flat,1,,0,,0,Overcast,1917000,0,0,0,2,0,0,0,0,0,,0,0,Wellington Region,Nil,2-way,Sealed,0,0,0,0,100,0,Null,0,0,,46,Lower Hutt City,Traffic Signals,0,0,0,0,0,0,Open,0,0,0,Light rain,Null
1890661,5818693,17356,,536642,0,0,0,1,0,Null,2009/2010,TE PUKE HIGHWAY,BELL ROAD,,Non-Injury Crash,No,2009,0,North,0,0,0,Flat,0,,0,,0,Overcast,1206807,0,0,0,4,0,0,0,0,0,,0,1,Bay of Plenty Region,Nil,2-way,Sealed,0,0,0,0,100,0,Null,0,0,,22,Western Bay of Plenty District,Give way,0,0,0,0,0,0,Open,0,0,0,Light rain,Null
1786729,5446199,17357,,567902,0,,0,2,,West,2009/2010,SH 2,RIMUTAKA SUM,,Non-Injury Crash,Yes,2009,,South,,0,,Hill Road,,,,,,Bright sun,1916300,0,0,0,2,,,0,,,,,,Wellington Region,Nil,2-way,Sealed,,0,0,,100,,Null,0,0,,45,Upper Hutt City,Nil,,,,,0,0,Open,0,,,Fine,Null
1821675,5529552,17358,,562800,0,,0,2,,Null,2008/2009,RANGITIKEI ST,THE SQUARE,,Non-Injury Crash,No,2009,,South,,0,,Flat,,,,,,Dark,1827800,0,0,0,4,,,0,,,,,,Manawatū-Whanganui Region,Nil,2-way,Sealed,,0,0,,50,,On,0,0,,40,Palmerston North City,Traffic Signals,,,,,0,0,Urban,0,,,Fine,Null
1756977,5449001,17359,,572000,0,0,1,0,0,Null,2009/2010,MANA VIEW ROAD,SH 1N,,Non-Injury Crash,Yes,2009,0,North,0,0,0,Flat,0,,0,,0,Bright sun,2069500,0,0,0,2,0,0,0,0,0,,0,0,Wellington Region,Nil,2-way,Sealed,0,0,0,0,50,0,Null,0,0,,44,Porirua City,Traffic Signals,0,1,0,0,0,0,Urban,0,0,0,Fine,Null
1776413,5446803,17360,,566700,0,0,0,1,0,Null,2009/2010,MOERAKI ROAD,NORANA ROAD,,Non-Injury Crash,No,2009,0,South,0,0,1,Flat,0,,0,,0,Dark,1912900,0,0,0,2,0,0,0,0,0,,0,0,Wellington Region,Nil,2-way,Sealed,0,0,0,0,50,0,On,0,0,,45,Upper Hutt City,Stop,0,0,0,0,0,0,Urban,0,0,0,Fine,Null
1671589,6079927,17361,,501634,0,,0,0,,North,2009/2010,SH 12,WAIMATENUI ROAD,,Non-Injury Crash,Yes,2009,,South,,0,,Flat,,,,,,Bright sun,38100,0,0,0,2,,,0,,,,,,Northland Region,Nil,2-way,Sealed,,0,0,,100,,Null,0,0,,1,Far North District,Unknown,,,,,0,0,Open,2,,,Fine,Null
1767947,5901451,17362,,524720,0,,0,2,,Null,2009/2010,JELLICOE ROAD,RUTH ST,,Non-Injury Crash,No,2009,,East,,0,,Flat,,,,,,Dark,780100,0,0,0,2,,,0,,,,,,Auckland Region,Nil,2-way,Sealed,,0,0,,50,,On,0,0,,76,Auckland,Stop,,,,,0,0,Urban,0,,,Fine,Null
1459054,5085550,17363,,598202,0,0,0,1,0,Null,2008/2009,OLD NORTH ROAD,JELLICOE ST,,Non-Injury Crash,No,2009,0,South,0,0,0,Flat,0,,0,,0,Overcast,2778200,0,0,0,2,0,0,0,1,0,,0,0,Canterbury Region,Nil,2-way,Sealed,0,0,0,0,80,0,Null,0,0,,64,Timaru District,Give way,0,0,0,0,0,0,Open,0,0,0,Light rain,Null
1884745,5774116,17364,,540410,0,0,0,0,0,Null,2009/2010,AMOHIA ST,HAUPAPA ST,,Non-Injury Crash,No,2009,0,North,0,0,0,Flat,0,,0,,0,Overcast,1233600,0,0,0,2,0,1,0,0,0,,0,0,Bay of Plenty Region,Nil,2-way,Sealed,0,0,0,0,50,0,Null,1,0,,24,Rotorua District,Give way,1,0,0,0,0,0,Urban,0,0,0,Fine,Null
1692048,5675715,17365,,551900,0,,0,2,,Null,2008/2009,SH 45 VIVIAN,MORLEY ST,,Non-Injury Crash,Yes,2009,,North,,0,,Hill Road,,,,,,Overcast,1589300,0,0,0,2,,,0,,,,,,Taranaki Region,Nil,2-way,Sealed,,0,0,,50,,Null,0,0,,33,New Plymouth District,Stop,,,,,0,0,Urban,0,,,Light rain,Null
1751753,5919351,17366,,515002,0,,0,2,,South,2009/2010,POINT CHEVALIER ROAD,DIGNAN ST,,Non-Injury Crash,No,2009,,North,,0,,Flat,,,,,,Twilight,395200,0,0,0,2,,,0,,,,,,Auckland Region,Nil,2-way,Sealed,,0,0,,50,,On,0,0,,76,Auckland,Nil,,,,,0,0,Urban,0,,,Fine,Null
1824617,5530828,17367,,562200,0,0,0,1,0,Null,2008/2009,SH 3,KEITH ST,,Non-Injury Crash,Yes,2009,0,East,0,0,1,Flat,0,,0,,0,Dark,1839702,0,0,0,2,0,0,0,0,0,,0,0,Manawatū-Whanganui Region,Nil,2-way,Sealed,0,0,0,0,50,0,On,0,0,,40,Palmerston North City,Give way,0,0,0,0,0,0,Urban,0,0,0,Fine,Null
1748555,5426884,17368,,573101,0,0,0,1,0,North,2008/2009,CUBA ST,ABEL SMITH ST,,Non-Injury Crash,No,2009,0,North,0,0,0,Flat,0,Queens Birthday,0,,0,Overcast,2134400,0,0,0,2,0,0,0,0,1,,0,0,Wellington Region,Nil,2-way,Sealed,0,0,0,0,50,0,Null,0,0,,47,Wellington City,Nil,0,0,0,0,1,0,Urban,0,0,0,Fine,Null
1821416,5531660,17369,,562100,0,0,0,1,0,Null,2008/2009,FAIRS ROAD,RENNIE AVENUE,,Non-Injury Crash,No,2009,0,East,0,0,0,Flat,0,,0,,1,Dark,1838900,0,0,0,2,0,0,0,0,0,,0,0,Manawatū-Whanganui Region,Nil,2-way,Sealed,0,0,0,0,50,0,On,0,0,,40,Palmerston North City,Nil,1,0,0,0,0,0,Urban,0,0,0,Light rain,Null
1771269,5444513,17370,,567600,0,,0,0,,Null,2009/2010,FERGUSSON DRIVE,MERTON ST,,Non-Injury Crash,No,2009,,West,,0,,Flat,,,,,,Overcast,1891100,0,0,0,2,,,0,,,,,,Wellington Region,Nil,2-way,Sealed,,0,0,,50,,Null,2,0,,45,Upper Hutt City,Give way,,,,,0,0,Urban,0,,,Fine,Null
1827015,5532324,17371,,560302,0,0,0,1,0,North,2009/2010,SH 3,JAMES LINE,,Non-Injury Crash,Yes,2009,0,North,0,0,0,Flat,0,,0,,0,Overcast,1793000,0,0,0,2,0,0,0,0,0,,0,0,Manawatū-Whanganui Region,Nil,2-way,Sealed,0,0,0,0,100,0,Null,0,0,,40,Palmerston North City,Nil,0,0,0,1,0,0,Open,0,0,0,Fine,Null
1772178,5896532,17372,,525420,0,0,0,1,0,Null,2009/2010,GREEN ST,KING ST,,Non-Injury Crash,No,2009,0,West,0,0,1,Flat,0,,0,,0,Bright sun,791500,0,0,0,2,0,0,0,0,0,,0,0,Auckland Region,Nil,2-way,Sealed,0,0,0,0,50,0,Off,0,0,,76,Auckland,Nil,0,0,0,0,0,0,Urban,0,0,0,Fine,Null
1394242,4916100,17373,,606210,0,,0,2,,Null,2008/2009,AYR ST,IRVINE ST,,Non-Injury Crash,No,2009,,South,,0,,Flat,,,,,,Overcast,2968200,0,0,0,2,,,0,,,,,,Otago Region,Nil,2-way,Sealed,,0,0,,50,,Null,0,0,,71,Dunedin City,Give way,,,,,0,0,Urban,0,,,Light rain,Null
1929137,5605815,17374,,547700,0,,0,1,,Null,2009/2010,HERETAUNGA ST WEST,GRAYS ROAD,,Non-Injury Crash,No,2009,,East,,0,,Flat,,,,,,Bright sun,1487300,0,0,0,2,,,0,,,,,,Hawke's Bay Region,Nil,2-way,Sealed,,0,0,,50,,Null,0,0,,30,Hastings District,Give way,,,,,1,0,Urban,0,,,Fine,Null
1756827,5447808,17375,,572100,0,,0,1,,Null,2008/2009,SH 1N,PAREMATA LINK STH,,Non-Injury Crash,Yes,2009,,North,,0,,Flat,,,,,,Bright sun,2070000,0,0,0,4,,,0,,,,,,Wellington Region,Nil,1-way,Sealed,,0,0,,50,,Null,1,0,,44,Porirua City,Give way,,,,,0,0,Urban,0,,,Fine,Null
1793329,5500246,17376,,564231,0,0,0,2,0,East,2009/2010,Z DWAY MERTON PLACE,MERTON/CAMBRIDGE,,Non-Injury Crash,No,2009,0,West,0,0,0,Flat,0,,0,,0,Dark,1870200,0,0,0,0,0,0,0,0,1,,0,0,Manawatū-Whanganui Region,Nil,Off road,Sealed,0,0,0,0,50,0,On,0,0,,42,Horowhenua District,Nil,0,0,0,0,0,0,Urban,0,0,0,Fine,Null
1569019,5186061,17377,,588101,0,0,0,3,0,North,2008/2009,SH 74,DANIELS ROAD,,Non-Injury Crash,Yes,2009,0,South,0,0,0,Flat,0,,0,,0,Bright sun,2509500,0,0,0,4,0,0,0,0,1,,0,0,Canterbury Region,Nil,2-way,Sealed,0,0,0,0,60,0,Null,1,0,,60,Christchurch City,Nil,0,0,0,0,0,0,Urban,0,0,0,Fine,Null
1622680,5430165,17378,,582402,0,0,0,0,0,Null,2008/2009,NORTHESK ST,ST VINCENT ST,,Non-Injury Crash,No,2009,0,East,0,0,0,Flat,0,,0,,0,Bright sun,2327700,0,0,0,2,0,0,0,0,0,,0,0,Nelson Region,Nil,2-way,Sealed,0,0,0,0,50,0,Null,0,0,,52,Nelson City,Give way,0,1,0,0,0,0,Urban,1,0,0,Fine,Null
1754198,5445701,17379,,570700,0,,0,2,,South,2009/2010,TITAHI BAY ROAD,WI NEERA DRIVE,,Non-Injury Crash,No,2009,,North,,0,,Flat,,,,,,Bright sun,2037500,0,0,0,4,,,0,,,,,,Wellington Region,Nil,2-way,Sealed,,0,0,,70,,Null,0,0,,44,Porirua City,Nil,,,,,0,0,Urban,0,,,Fine,Null
1759795,5436960,17380,,569301,0,0,0,1,1,West,2008/2009,HARBOUR VIEW ROAD,SH 2,,Non-Injury Crash,No,2009,0,East,0,0,0,Hill Road,0,,0,,0,Dark,1919900,0,0,0,2,0,0,0,0,0,,0,0,Wellington Region,Nil,2-way,Sealed,0,0,0,0,50,0,None,0,0,,46,Lower Hutt City,Nil,0,0,0,0,0,0,Urban,0,0,0,Fine,Null
2037163,5709798,17381,,544200,0,,0,1,,West,2008/2009,ORMOND ROAD,WI PERE ST,,Non-Injury Crash,No,2009,,East,,0,,Flat,,,,,,Overcast,1378800,0,0,0,2,,,0,,,,,,Gisborne Region,Nil,2-way,Sealed,,0,0,,50,,Null,1,0,,28,Gisborne District,Nil,,,,,0,0,Urban,0,,,Fine,Null
1822399,5530012,17382,,562800,0,,0,2,,North,2008/2009,VICTORIA AVENUE,BROADWAY AVENUE,,Non-Injury Crash,No,2009,,South,,0,,Flat,,,,,,Overcast,1831500,0,0,0,2,,,0,,,,,,Manawatū-Whanganui Region,Nil,2-way,Sealed,,0,0,,50,,Null,0,0,,40,Palmerston North City,Nil,,,,,0,0,Urban,0,,,Fine,Null
1774283,5578525,17383,,556800,0,,0,1,,Null,2009/2010,VICTORIA AVENUE,GLASGOW ST,,Non-Injury Crash,No,2009,,West,,0,,Flat,,,,,,Bright sun,1702400,0,0,0,2,,,0,,,,,,Manawatū-Whanganui Region,Nil,2-way,Sealed,,0,0,,50,,Null,1,0,,37,Whanganui District,Traffic Signals,,,,,0,0,Urban,0,,,Fine,Null
1779413,5449073,17384,,566500,0,0,0,1,1,North,2008/2009,TWIN LAKES ROAD,SH 2,,Non-Injury Crash,No,2009,0,South,0,0,0,Flat,0,,0,,0,Dark,1914502,0,0,0,2,0,0,0,0,0,,0,0,Wellington Region,Nil,2-way,Sealed,0,0,0,0,50,0,None,0,0,,45,Upper Hutt City,Nil,0,0,0,0,0,0,Urban,0,0,0,Light rain,Null
1243054,4846409,17385,,611700,0,,0,1,,South,2009/2010,SH 1S BLUFF HIGHWAY,KEW ROAD,,Non-Injury Crash,Yes,2009,,North,,0,,Flat,,,,,,Dark,3115000,0,0,0,2,,,0,,,,,,Southland Region,Nil,2-way,Sealed,,0,0,,100,,None,0,0,,75,Invercargill City,Unknown,,,,,0,0,Open,0,,,Fine,Null
1790443,5828219,17386,,528200,0,0,0,1,0,East,2009/2010,WAIKATO ESPLANADE,BELT ST,,Non-Injury Crash,No,2009,0,East,0,0,1,Flat,0,,0,,0,Overcast,858000,0,0,0,2,0,0,0,0,0,,0,0,Waikato Region,Nil,2-way,Sealed,0,0,0,0,50,0,None,0,0,,13,Waikato District,Nil,0,0,0,0,0,0,Urban,0,0,0,Fine,Null
1931019,5604980,17387,,548000,0,,0,1,,Null,2008/2009,WILLOWPARK ROAD NORTH,JERVOIS ST,,Non-Injury Crash,No,2009,,North,,0,,Flat,,,,,,Bright sun,1497600,0,1,0,2,,,0,,,,,,Hawke's Bay Region,Nil,2-way,Sealed,,0,0,,50,,Null,0,0,,30,Hastings District,Give way,,,,,0,0,Urban,0,,,Light rain,Null
1768066,5905587,17388,,523721,0,0,0,1,0,Null,2009/2010,BOUNDARY ROAD,SANDRINE AVENUE,,Non-Injury Crash,No,2009,0,West,0,0,0,Flat,0,,0,,0,Bright sun,715507,0,0,0,2,0,0,0,0,0,,0,0,Auckland Region,Nil,2-way,Sealed,0,0,0,0,50,0,Off,0,0,,76,Auckland,Nil,1,0,0,0,0,0,Urban,0,0,0,Fine,Null
1774707,5578342,17389,,557100,0,,0,2,,Null,2009/2010,DUBLIN ST,WICKSTEED ST,,Non-Injury Crash,No,2009,,West,,0,,Flat,,,,,,Overcast,1699000,0,0,0,2,,,0,,,,,,Manawatū-Whanganui Region,Nil,2-way,Sealed,,0,0,,50,,Null,0,0,,37,Whanganui District,Stop,,,,,0,0,Urban,0,,,Fine,Null
1748721,5427647,17390,,573101,0,,0,2,,South,2009/2010,VICTORIA ST,WAKEFIELD ST,,Non-Injury Crash,No,2009,,South,,0,,Flat,,,,,,Bright sun,2130800,0,0,0,2,,,0,,,,,,Wellington Region,Nil,2-way,Sealed,,0,0,,50,,Null,0,0,,47,Wellington City,Nil,,,,,0,0,Urban,0,,,Fine,Null
1758603,5917518,17391,,516001,0,,0,1,,South,2009/2010,SH 1N,ST MARKS OBR,,Non-Injury Crash,Yes,2009,,North,,0,,Flat,,,,,,Bright sun,490900,0,0,0,3,,,0,,,,,,Auckland Region,Nil,1-way,Sealed,,0,0,,100,,Off,0,0,80,76,Auckland,Nil,,,,,0,0,Open,1,,,Fine,Null
1706476,5681211,17392,,551111,0,,0,1,,West,2009/2010,SH 3,NELSON ST,,Non-Injury Crash,Yes,2009,,East,,0,,Hill Road,,,,,,Dark,1565600,0,0,0,2,,,0,,,,,,Taranaki Region,Nil,2-way,Sealed,,0,0,,100,,None,0,0,,33,New Plymouth District,Nil,,,,,0,0,Open,1,,,Heavy rain,Null
1768849,5468262,17393,,566000,0,0,0,2,0,South,2009/2010,EPIHA ST,RUAPEHU ST,,Non-Injury Crash,No,2009,0,East,0,0,0,Flat,0,,0,,0,Overcast,1997101,0,0,0,2,0,0,0,0,1,,0,0,Wellington Region,Nil,2-way,Sealed,0,0,0,0,50,0,Null,0,0,,43,Kapiti Coast District,Nil,0,0,0,0,0,0,Urban,0,0,0,Fine,Null
1571211,5183913,17394,,592701,0,,0,1,,East,2008/2009,INNES ROAD,MAHARS ROAD,,Non-Injury Crash,No,2009,,East,,0,,Flat,,,,,,Bright sun,2593301,0,0,0,2,,,0,,,1,,,Canterbury Region,Nil,2-way,Sealed,,0,0,,50,,Null,0,0,,60,Christchurch City,Unknown,,,,,0,0,Urban,0,,,Fine,Null
1821431,5529999,17395,,562800,0,,0,1,,North,2008/2009,SH 3,MAIRE ST,,Non-Injury Crash,Yes,2009,,North,,0,,Flat,,,,,,Bright sun,1830900,0,0,0,2,,,0,,,,,,Manawatū-Whanganui Region,Nil,2-way,Sealed,,0,0,,50,,Null,1,0,,40,Palmerston North City,Nil,,,,,0,0,Urban,0,,,Fine,Null
1719868,5644930,17396,,553003,0,0,0,0,0,Null,2009/2010,SH 43,TOKO ROAD W,,Non-Injury Crash,Yes,2009,0,West,0,0,1,Flat,0,,0,,0,Overcast,1620800,0,0,0,2,0,0,0,0,0,,0,0,Taranaki Region,Nil,2-way,Sealed,0,0,0,0,70,0,Null,1,0,,34,Stratford District,Nil,0,0,0,1,0,0,Urban,0,0,0,Light rain,Null
1934762,5609882,17397,,545832,0,1,0,1,0,South,2009/2010,FARNDON ROAD,KOHUPATIKI ROAD S,,Non-Injury Crash,No,2009,0,South,0,0,0,Hill Road,0,,0,,0,Bright sun,1404300,0,0,0,2,0,0,0,0,0,,0,0,Hawke's Bay Region,Bridge,2-way,Sealed,0,0,0,0,100,0,Null,0,0,,30,Hastings District,Nil,0,0,0,0,0,0,Open,0,0,0,Fine,Null
1753312,5914815,17398,,518801,0,0,0,2,0,East,2009/2010,STODDARD ROAD,RICHARDSON ROAD,,Non-Injury Crash,No,2009,0,East,0,0,0,Flat,0,,0,,0,Bright sun,578400,0,0,0,2,0,0,0,0,1,,0,0,Auckland Region,Nil,2-way,Sealed,0,0,0,0,50,0,Null,0,0,,76,Auckland,Unknown,0,0,0,0,0,0,Urban,0,0,0,Fine,Null
1763747,5905368,17399,,524303,0,0,0,1,0,East,2009/2010,HILLCREST ROAD,FERNDOWN AVENUE,,Non-Injury Crash,No,2009,0,West,0,0,0,Flat,0,,0,,0,Twilight,746320,0,0,0,2,0,0,0,0,0,,0,0,Auckland Region,Nil,2-way,Sealed,0,0,0,0,50,0,On,0,0,,76,Auckland,Nil,0,0,0,0,0,0,Urban,1,1,0,Fine,Null
1820084,5529866,17400,,562310,0,0,0,0,0,Null,2008/2009,GLOUCESTER ST,LIVERPOOL ST,,Non-Injury Crash,No,2009,0,East,0,0,1,Flat,0,,0,,0,Bright sun,1822500,0,0,0,2,0,0,0,0,0,,0,0,Manawatū-Whanganui Region,Nil,2-way,Sealed,0,0,0,0,50,0,Null,1,0,,40,Palmerston North City,Give way,0,0,0,0,0,0,Urban,0,0,0,Fine,Null
1699346,5679391,17401,,550901,0,,0,2,,Null,2008/2009,PARKLANDS AVENUE,GARDENIA AVENUE,,Non-Injury Crash,No,2009,,West,,0,,Flat,,,,,,Bright sun,1562000,0,0,0,2,,,0,,,,,,Taranaki Region,Nil,2-way,Sealed,,0,0,,50,,Null,0,0,,33,New Plymouth District,Nil,,,,,0,0,Urban,0,,,Fine,Null
1680201,5404409,17402,,581230,0,,1,1,,West,2008/2009,DILLONS POINT ROAD,LANE ST,,Non-Injury Crash,No,2009,,East,,0,,Flat,,,,,,Bright sun,2296200,0,0,0,2,,,0,,,,,,Marlborough Region,Nil,2-way,Sealed,,0,0,,50,,Null,0,0,,53,Marlborough District,Nil,,,,,0,0,Urban,0,,,Fine,Null
1929441,5605616,17403,,547700,0,0,0,1,0,Null,2009/2010,QUEEN ST WEST,TOMOANA ROAD,,Non-Injury Crash,No,2009,0,North,0,0,0,Flat,0,,0,,0,Bright sun,1488000,0,0,0,2,0,0,0,0,0,,0,1,Hawke's Bay Region,Nil,2-way,Sealed,0,0,0,0,50,0,Null,0,0,,30,Hastings District,Give way,0,0,0,0,0,0,Urban,0,0,0,Fine,Null
1194849,4859116,17404,,612730,0,0,0,0,0,Null,2009/2010,SH 99,FRENTZ ROAD,,Non-Injury Crash,Yes,2009,0,North,0,0,0,Hill Road,0,,0,,0,Dark,3189500,0,0,0,2,0,0,0,0,0,,0,0,Southland Region,Nil,2-way,Sealed,0,0,0,0,100,0,None,1,0,,73,Southland District,Give way,0,0,0,0,0,0,Open,0,0,0,Fine,Null
1636282,6128716,17405,,500202,0,0,0,1,0,East,2009/2010,SH 10,INLAND ROAD,,Non-Injury Crash,Yes,2009,0,West,0,0,1,Flat,0,Christmas New Year,0,,0,Bright sun,3300,0,0,0,2,0,0,0,0,0,,0,0,Northland Region,Nil,2-way,Sealed,0,0,0,0,100,0,None,0,0,,1,Far North District,Nil,0,0,0,0,0,0,Open,0,0,0,Fine,Null
1740159,5999667,17406,,505021,0,0,0,1,1,South,2009/2010,DEVICH ROAD,KAIWAKA MANGAWHAI ROAD,,Non-Injury Crash,No,2009,0,South,0,0,0,Hill Road,0,,0,,0,Overcast,133802,0,0,0,2,0,0,0,0,0,,0,0,Northland Region,Nil,2-way,Unsealed,0,0,0,0,100,0,Null,0,0,,3,Kaipara District,Unknown,0,0,0,0,0,0,Open,0,0,0,Heavy rain,Null
1932606,5606198,17407,,545721,0,,0,1,,Null,2009/2010,SH 2,ST GEORGES ROAD,,Non-Injury Crash,Yes,2009,,West,,0,,Flat,,,,,,Bright sun,1472300,0,0,0,2,,,0,,,,,,Hawke's Bay Region,Nil,2-way,Sealed,,0,0,,70,,Null,0,0,,30,Hastings District,Give way,,,,,0,0,Urban,1,,,Fine,Null
1748832,5425608,17408,,576500,0,,0,0,,Null,2008/2009,ADELAIDE ROAD,JOHN ST,,Non-Injury Crash,No,2009,,North,,0,,Hill Road,,,,,,Dark,2148700,0,0,1,3,,,0,,,,,,Wellington Region,Nil,2-way,Sealed,,0,0,,50,,On,0,0,,47,Wellington City,Traffic Signals,,,,,0,0,Urban,1,,,Fine,Null
1929155,5606419,17409,,547700,0,,0,1,,Null,2008/2009,ST AUBYN ST WEST,NIKAU ST,,Non-Injury Crash,No,2009,,West,,0,,Flat,,,,,,Bright sun,1485800,0,0,0,2,,,0,,,,,,Hawke's Bay Region,Nil,2-way,Sealed,,0,0,,50,,Null,1,0,,30,Hastings District,Give way,,,,,0,0,Urban,0,,,Fine,Null
1823288,5464168,17410,,578700,0,0,0,1,0,Null,2009/2010,VILLA ST,POWNALL ST,,Non-Injury Crash,No,2009,0,North,0,0,1,Flat,0,,0,,0,Dark,2238000,0,0,0,2,0,0,0,0,0,,0,0,Wellington Region,Nil,2-way,Sealed,0,0,0,0,50,0,On,0,0,,48,Masterton District,Nil,0,0,0,0,0,0,Urban,0,0,0,Fine,Null
1936030,5789727,17411,,542200,0,0,0,1,0,South,2009/2010,KOWHAI AVENUE,KAURI ST,,Non-Injury Crash,No,2009,0,South,0,0,0,Flat,0,,0,,0,Dark,1320802,0,0,0,1,0,0,1,0,1,,0,0,Bay of Plenty Region,Nil,2-way,Sealed,0,0,0,0,50,0,On,0,0,,25,Whakatane District,Nil,0,0,0,0,0,0,Urban,0,0,0,Fine,Null
1773230,5445300,17412,,567300,0,,0,1,,East,2008/2009,FERGUSSON DRIVE,BENZIE AVENUE,,Non-Injury Crash,No,2009,,West,,0,,Flat,,,,,,Bright sun,1892500,0,0,0,2,,,0,,,1,,,Wellington Region,Nil,2-way,Sealed,,0,0,,50,,Null,0,0,,45,Upper Hutt City,Nil,,,,,0,0,Urban,0,,,Fine,Null