X,Y,OBJECTID,advisorySpeed,areaUnitID,bicycle,bridge,bus,carStationWagon,cliffBank,crashDirectionDescription,crashFinancialYear,crashLocation1,crashLocation2,crashRoadSideRoad,crashSeverity,crashSHDescription,crashYear,debris,directionRoleDescription,ditch,fatalCount,fence,flatHill,guardRail,holiday,houseOrBuilding,intersection,kerb,light,meshblockId,minorInjuryCount,moped,motorcycle,NumberOfLanes,objectThrownOrDropped,otherObject,otherVehicleType,overBank,parkedVehicle,pedestrian,phoneBoxEtc,postOrPole,region,roadCharacter,roadLane,roadSurface,roadworks,schoolBus,seriousInjuryCount,slipOrFlood,speedLimit,strayAnimal,streetLight,suv,taxi,temporarySpeedLimit,tlaId,tlaName,trafficControl,trafficIsland,trafficSign,train,tree,truck,unknownVehicleType,urban,vanOrUtility,vehicle,waterRiver,weatherA,weatherB
1750845,5423906,17413,,576901,0,,0,1,,East,2008/2009,COUTTS ST,MAMARI ST,,Non-Injury Crash,No,2009,,East,,0,,Flat,,,,,,Bright sun,2176701,0,0,0,2,,,0,,,,,,Wellington Region,Nil,2-way,Sealed,,0,0,,50,,Null,0,0,,47,Wellington City,Nil,,,,,0,0,Urban,1,,,Fine,Null
1692708,5676257,17414,,551800,0,,0,2,,Null,2008/2009,EGMONT ST,KING ST,,Non-Injury Crash,No,2009,,East,,0,,Flat,,,,,,Overcast,1591800,0,0,0,2,,,0,,,,,,Taranaki Region,Nil,2-way,Sealed,,0,0,,50,,Null,0,0,,33,New Plymouth District,Give way,,,,,0,0,Urban,0,,,Fine,Null
1935002,5619845,17415,,546500,0,,0,1,,West,2009/2010,ARNOLD ST,RIVERBEND ROAD,,Non-Injury Crash,No,2009,,East,,0,,Flat,,,,,,Overcast,1442500,0,0,0,2,,,0,,,,,,Hawke's Bay Region,Nil,2-way,Sealed,,0,0,,50,,Null,1,0,,31,Napier City,Nil,,,,,0,0,Urban,0,,,Fine,Null
1700364,5665796,17416,,552702,0,0,0,1,0,East,2008/2009,SH 3,UPLAND ROAD,,Non-Injury Crash,Yes,2009,0,East,0,0,0,Flat,0,,0,,0,Dark,1606800,0,0,0,2,0,0,0,0,0,,0,0,Taranaki Region,Nil,2-way,Sealed,0,0,0,0,100,0,None,0,0,,33,New Plymouth District,Nil,0,0,0,0,0,0,Open,0,0,0,Fine,Null
1555443,5204524,17417,,586605,0,0,0,1,0,West,2008/2009,OXFORD ROAD,BOUNDARY ROAD,,Non-Injury Crash,No,2009,0,West,0,0,0,Flat,0,,0,,0,Bright sun,2457102,0,0,0,2,0,0,0,0,0,,0,0,Canterbury Region,Nil,2-way,Sealed,0,0,0,0,100,0,Null,0,0,,59,Waimakariri District,Unknown,0,0,0,0,0,0,Open,0,0,0,Fine,Null
1756196,5926997,17418,,507900,0,,0,1,,East,2009/2010,NORTHCOTE ROAD,SUNNYBRAE ROAD,,Non-Injury Crash,No,2009,,East,,0,,Flat,,,,,,Overcast,305201,0,0,0,4,,,0,,,,,,Auckland Region,Nil,2-way,Sealed,,0,0,,50,,Off,0,0,,76,Auckland,Nil,,,,,0,0,Urban,1,,,Fine,Null
1821072,5530653,17419,,562310,0,0,0,2,0,North,2008/2009,SH 3,MIRO ST,,Non-Injury Crash,Yes,2009,0,South,0,0,0,Flat,0,,0,,0,Dark,1823700,0,0,0,2,0,0,0,0,0,,0,0,Manawatū-Whanganui Region,Nil,2-way,Sealed,0,0,0,0,50,0,On,0,0,,40,Palmerston North City,Nil,0,0,0,0,0,0,Urban,0,1,0,Fine,Null
2037406,5708453,17420,,544600,0,,1,1,,Null,2009/2010,PALMERSTON ROAD,BRIGHT ST,,Non-Injury Crash,No,2009,,West,,0,,Flat,,,,,,Bright sun,1370500,0,0,0,2,,,0,,,,,,Gisborne Region,Nil,2-way,Sealed,,0,0,,50,,Null,0,0,,28,Gisborne District,Give way,,,,,0,0,Urban,0,,,Fine,Null
1822909,5531945,17421,,562500,0,,0,2,,East,2009/2010,TREMAINE AVENUE,RUAHINE ST,,Non-Injury Crash,No,2009,,East,,0,,Flat,,,,,,Dark,1840700,0,0,0,2,,,0,,,,,,Manawatū-Whanganui Region,Nil,2-way,Sealed,,0,0,,50,,On,0,0,,40,Palmerston North City,Nil,,,,,0,0,Urban,0,,,Fine,Null
1760264,5915399,17422,,519400,0,,0,2,,North,2009/2010,GREAT SOUTH ROAD,CAMPBELL ROAD,,Non-Injury Crash,No,2009,,South,,0,,Flat,,,,,,Bright sun,617301,0,0,0,4,,,0,,,,,,Auckland Region,Nil,2-way,Sealed,,0,0,,50,,Null,0,0,,76,Auckland,Unknown,,,,,0,0,Urban,0,,,Fine,Null
1757511,5436406,17423,,569302,0,,0,1,,North,2009/2010,DOWSE DRIVE,ROWAN ST,,Non-Injury Crash,No,2009,,South,,0,,Hill Road,,,,,,Bright sun,1921500,0,0,0,2,,,0,,,,,,Wellington Region,Nil,2-way,Sealed,,0,0,,50,,Null,0,0,,46,Lower Hutt City,Nil,,,,,0,0,Urban,1,,,Fine,Null
1750300,5425000,17424,,576901,0,,0,2,,Null,2009/2010,SH 1N,EVANS BAY PARADE,,Non-Injury Crash,Yes,2009,,North,,0,,Flat,,,,,,Bright sun,2177800,0,0,0,4,,,0,,,,,,Wellington Region,Nil,2-way,Sealed,,0,0,,50,,Null,0,0,,47,Wellington City,Traffic Signals,,,,,0,0,Urban,0,,,Fine,Null
1755298,5444146,17425,,570900,0,,0,2,,West,2008/2009,MUNGAVIN AVENUE,MARTIN ST,,Non-Injury Crash,No,2009,,West,,0,,Flat,,,,,,Overcast,2054300,0,0,0,2,,,0,,,,,,Wellington Region,Nil,2-way,Sealed,,0,0,,50,,Null,0,0,,44,Porirua City,Nil,,,,,0,0,Urban,0,,,Fine,Null
1757484,5920486,17426,,514103,0,0,0,0,0,North,2009/2010,HIGH ST,DURHAM ST EAST,,Non-Injury Crash,No,2009,0,South,1,0,0,Hill Road,0,,0,,0,Overcast,437702,0,0,0,1,0,0,0,0,0,,0,0,Auckland Region,Nil,1-way,Sealed,0,0,0,0,50,0,Null,0,0,,76,Auckland,Nil,0,0,0,0,1,0,Urban,0,0,0,Fine,Null
1760702,5457235,17427,,565700,0,0,0,1,0,South,2008/2009,SH 1N,AMES ST,,Non-Injury Crash,Yes,2009,0,South,0,0,0,Flat,1,,0,,0,Bright sun,2072101,0,0,0,2,0,0,0,0,0,,0,0,Wellington Region,Nil,2-way,Sealed,0,0,0,0,80,0,Null,0,0,,44,Porirua City,Nil,0,0,0,0,0,0,Open,0,0,0,Fine,Null
1931244,5613313,17428,,545832,0,0,0,1,0,East,2008/2009,PAKOWHAI ROAD,SH 50,,Non-Injury Crash,No,2009,0,West,1,0,0,Flat,0,,0,,0,Dark,1403900,0,0,0,2,0,0,0,0,0,,0,0,Hawke's Bay Region,Nil,2-way,Sealed,0,0,0,0,100,0,On,0,0,,30,Hastings District,Nil,0,0,0,0,0,0,Open,0,0,0,Light rain,Null
1763628,5912700,17429,,520500,0,,0,2,,South,2009/2010,SH 1N,MT WGTN OFF SBD,,Non-Injury Crash,Yes,2009,,South,,0,,Flat,,,,,,Overcast,637400,0,0,0,2,,,0,,,,,,Auckland Region,Nil,2-way,Sealed,,0,0,,100,,Off,0,0,,76,Auckland,Unknown,,,,,0,0,Open,0,,,Heavy rain,Null
1746831,5918842,17430,,512402,0,,0,2,,North,2009/2010,TE ATATU ROAD,FLANSHAW ROAD,,Non-Injury Crash,No,2009,,North,,0,,Flat,,,,,,Bright sun,254500,0,0,0,4,,,0,,,,,,Auckland Region,Nil,2-way,Sealed,,0,0,,50,,Off,0,0,,76,Auckland,Traffic Signals,,,,,0,0,Urban,0,,,Fine,Null
1687809,5393249,17431,,580801,0,0,0,1,1,North,2009/2010,SH 1S,DASHWOOD PASS OBR,,Non-Injury Crash,Yes,2009,0,South,0,0,0,Hill Road,0,,0,,0,Overcast,2307400,0,0,0,2,0,0,0,0,0,,0,0,Marlborough Region,Nil,2-way,Sealed,0,0,0,0,100,0,Null,0,0,,53,Marlborough District,Nil,0,0,0,0,0,0,Open,0,0,0,Light rain,Null
1930562,5616206,17432,,547300,0,,0,2,,Null,2008/2009,GLOUCESTER ST,GEBBIE ROAD,,Non-Injury Crash,No,2009,,South,,0,,Flat,,,,,,Bright sun,1460600,0,0,0,2,,,0,,,,,,Hawke's Bay Region,Nil,2-way,Sealed,,0,0,,50,,Null,0,0,,31,Napier City,Give way,,,,,0,0,Urban,0,,,Fine,Null
1573581,5179876,17433,,593502,0,,0,1,,Null,2008/2009,ALDWINS ROAD,LINWOOD AVENUE,,Non-Injury Crash,No,2009,,West,,0,,Flat,,,,,,Bright sun,2605800,0,0,0,4,,,0,,,,,,Canterbury Region,Nil,2-way,Sealed,,0,0,,50,,Null,1,0,,60,Christchurch City,Traffic Signals,,,,,0,0,Urban,0,,,Fine,Null
1820854,5530985,17434,,562401,0,,0,2,,North,2008/2009,SH 3,TREMAINE AVENUE,,Non-Injury Crash,Yes,2009,,North,,0,,Hill Road,,,,,,Bright sun,1833900,0,0,0,2,,,0,,,,,,Manawatū-Whanganui Region,Nil,2-way,Sealed,,0,0,,50,,Null,0,0,,40,Palmerston North City,Nil,,,,,0,0,Urban,0,,,Fine,Null
1929905,5605001,17435,,548200,0,,0,1,,Null,2008/2009,QUEEN ST EAST,RUSSELL ST NORTH,,Non-Injury Crash,No,2009,,North,,0,,Flat,,,,,,Bright sun,1492200,0,0,0,2,,,0,,,,,,Hawke's Bay Region,Rail xing,2-way,Sealed,,0,0,,50,,Null,0,0,,30,Hastings District,Traffic Signals,,,,,0,0,Urban,1,,,Fine,Null
1272216,4862890,17436,,610061,0,0,0,1,0,West,2008/2009,SH 1S,DONALD ROAD,,Non-Injury Crash,Yes,2009,0,East,0,0,1,Hill Road,0,,0,,0,Twilight,3088100,0,0,0,3,0,0,0,0,0,,0,0,Southland Region,Nil,2-way,Sealed,0,0,0,0,100,0,None,0,0,,73,Southland District,Unknown,0,0,0,0,0,0,Open,0,0,0,Fine,Null
1723591,6041311,17437,,504100,0,0,0,1,0,Null,2009/2010,HANDFORTH ST,CHURCH ST N,,Non-Injury Crash,No,2009,0,South,0,0,0,Flat,0,Christmas New Year,1,,0,Twilight,112202,0,0,0,2,0,0,0,0,0,,0,0,Northland Region,Nil,2-way,Sealed,0,0,0,0,50,0,Off,0,0,,2,Whangarei District,Nil,0,0,0,0,0,0,Urban,0,0,0,Fine,Null
1989863,5687075,17438,,545204,0,0,0,0,0,North,2009/2010,TINIROTO ROAD,KOTARE ROAD,,Non-Injury Crash,No,2009,0,South,0,0,0,Hill Road,0,,0,,0,Dark,1396901,0,0,0,2,0,0,0,0,0,,0,0,Hawke's Bay Region,Nil,2-way,Sealed,0,0,0,0,100,0,None,0,0,,29,Wairoa District,Nil,0,0,0,0,0,0,Open,1,0,0,Light rain,Null
1831086,5631811,17439,,554900,0,,0,0,,North,2009/2010,SH 1N,SHAWCROFT ROAD,,Non-Injury Crash,Yes,2009,,South,,0,,Flat,,,,,,Bright sun,1673301,0,0,0,2,,,0,,,,,,Manawatū-Whanganui Region,Nil,2-way,Sealed,,0,0,,100,,Null,1,0,,36,Ruapehu District,Nil,,,,,0,0,Open,0,,,Fine,Strong wind
1772188,5445102,17440,,567500,0,,0,2,,North,2009/2010,FERGUSSON DRIVE,FORTUNE LANE,,Non-Injury Crash,No,2009,,South,,0,,Flat,,,,,,Overcast,1889300,0,0,0,2,,,0,,,,,,Wellington Region,Nil,2-way,Sealed,,0,0,,50,,Null,0,0,,45,Upper Hutt City,Nil,,,,,0,0,Urban,0,,,Fine,Null
1564664,5179220,17441,,587701,0,,0,1,,Null,2008/2009,BLENHEIM ROAD,WATTS ROAD,,Non-Injury Crash,No,2009,,East,,0,,Flat,,,,,,Twilight,2479800,0,1,0,4,,,0,,,,,,Canterbury Region,Nil,2-way,Sealed,,0,0,,60,,Off,0,0,,60,Christchurch City,Stop,,,,,0,0,Urban,0,,,Fine,Null
1764651,5914829,17442,,520303,0,,0,2,,Null,2009/2010,ELLERSLIE-PANMURE HIGHWAY,FORGE WAY,,Non-Injury Crash,No,2009,,East,,0,,Flat,,,,,,Bright sun,627400,0,0,0,3,,,0,,,,,,Auckland Region,Nil,2-way,Sealed,,0,0,,50,,Off,0,0,,76,Auckland,Traffic Signals,,,,,0,0,Urban,0,,,Fine,Null
1796179,5445339,17443,,580000,0,,0,2,,West,2008/2009,SH 2,BOUNDARY ROAD,,Non-Injury Crash,Yes,2009,,East,,0,,Flat,,,,,,Bright sun,2268700,0,0,0,2,,,0,,,,,,Wellington Region,Nil,2-way,Sealed,,0,0,,70,,Null,0,0,,50,South Wairarapa District,Nil,,,,,0,0,Urban,0,,,Fine,Null
1822904,5829264,17444,,534902,0,,0,1,,Null,2008/2009,STUDHOLME ST,ANDERSON ST,,Non-Injury Crash,No,2009,,North,,0,,Flat,,,,,,Overcast,1089100,0,0,0,2,,,0,,,,,,Waikato Region,Nil,2-way,Sealed,,0,0,,50,,Null,0,0,,15,Matamata-Piako District,Stop,,,,,0,0,Urban,1,,,Fine,Null
1623262,5430709,17445,,582700,1,,0,1,,North,2009/2010,GLOUCESTER ST,VANGUARD ST,,Non-Injury Crash,No,2009,,West,,0,,Flat,,,,,,Bright sun,2331500,0,0,0,2,,,0,,,,,,Nelson Region,Nil,2-way,Sealed,,0,0,,50,,Null,0,0,,52,Nelson City,Nil,,,,,0,0,Urban,0,,,Fine,Null
1694012,5676666,17446,,552001,0,,0,2,,Null,2008/2009,DEVON ST EAST,HOBSON ST,,Non-Injury Crash,No,2009,,East,,0,,Flat,,,,,,Dark,1596100,0,0,0,2,,,0,,,,,,Taranaki Region,Nil,2-way,Sealed,,0,0,,50,,On,0,0,,33,New Plymouth District,Traffic Signals,,,,,0,0,Urban,0,,,Fine,Null
1727782,6010732,17447,,501815,0,0,0,1,0,South,2009/2010,SH 1N,WAIPU GORGE ROAD,,Non-Injury Crash,Yes,2009,0,South,0,0,1,Hill Road,0,,0,,0,Bright sun,81300,0,0,0,3,0,0,0,0,0,,0,0,Northland Region,Nil,2-way,Sealed,0,0,0,0,100,0,None,0,0,,2,Whangarei District,Nil,0,0,0,0,0,0,Open,0,0,0,Fine,Null
1618767,5427506,17448,,584000,0,0,0,1,0,South,2008/2009,SH 6,QUARANTINE ROAD,,Non-Injury Crash,Yes,2009,0,South,0,0,0,Flat,1,,0,,0,Dark,2336106,0,0,0,3,0,0,0,0,0,,0,0,Nelson Region,Nil,2-way,Sealed,0,0,0,0,100,0,On,0,0,,52,Nelson City,Nil,0,0,0,0,0,0,Open,0,0,0,Fine,Null
1839150,5842011,17449,,534800,0,0,0,1,0,South,2009/2010,FARMER ST,JACKSON ST,,Non-Injury Crash,No,2009,0,South,0,0,1,Flat,0,,0,,0,Dark,1103600,0,0,0,2,0,0,0,0,0,,0,0,Waikato Region,Nil,2-way,Sealed,0,0,0,0,50,0,On,0,0,,15,Matamata-Piako District,Nil,0,0,0,0,0,0,Urban,0,0,0,Fine,Null
1929792,5605053,17450,,548200,0,,0,2,,South,2008/2009,MARKET ST NORTH,QUEEN ST WEST,,Non-Injury Crash,No,2009,,South,,0,,Flat,,,,,,Bright sun,1491700,0,0,0,2,,,0,,,,,,Hawke's Bay Region,Nil,2-way,Sealed,,0,0,,50,,Null,0,0,,30,Hastings District,Nil,,,,,0,0,Urban,0,,,Fine,Null
1766293,5796791,17451,,526602,0,,0,1,,South,2009/2010,KAWHIA ROAD,TE PAPATAPU ROAD S,,Non-Injury Crash,No,2009,,North,,0,,Hill Road,,,,,,Overcast,862100,0,0,0,2,,,0,,,,,,Waikato Region,Nil,2-way,Unsealed,,0,0,,100,,Null,0,0,,13,Waikato District,Unknown,,,,,0,0,Open,1,,,Fine,Null
1499208,5137868,17452,,597820,0,,0,2,,Null,2008/2009,SH 1S,SH 77,,Non-Injury Crash,Yes,2009,,North,,0,,Flat,,,,,,Dark,2739100,0,0,0,2,,,0,,,,,,Canterbury Region,Nil,2-way,Sealed,,0,0,,50,,On,0,0,,63,Ashburton District,Traffic Signals,,,,,0,0,Urban,0,,,Fine,Null
1799323,5824834,17453,65,527123,0,,0,1,,South,2009/2010,HORSHAM DOWNS ROAD,HENDERSON ROAD,,Non-Injury Crash,No,2009,,South,,0,,Hill Road,,,,,,Bright sun,951704,0,0,0,2,,,0,,,,,,Waikato Region,Nil,2-way,Sealed,,0,0,,100,,Null,0,0,,13,Waikato District,Unknown,,,,,0,0,Open,0,,,Fine,Null
1734117,5933888,17454,,506653,0,0,0,1,1,South,2009/2010,OLD NORTH ROAD,PEAK ROAD,,Non-Injury Crash,No,2009,0,South,1,0,0,Hill Road,0,,0,,0,Overcast,217704,0,0,0,2,0,0,0,0,0,,0,0,Auckland Region,Nil,2-way,Sealed,0,0,0,0,80,0,None,0,0,,76,Auckland,Nil,0,0,0,0,0,0,Open,0,0,0,Fine,Null
1757149,5447821,17455,,572100,0,,0,1,,East,2008/2009,KIRIWAI ROAD,PAREMATA CRESCENT,,Non-Injury Crash,No,2009,,West,,0,,Hill Road,,,,,,Overcast,2070201,0,0,0,1,,,0,,,,,,Wellington Region,Nil,2-way,Sealed,,0,0,,50,,Null,0,0,,44,Porirua City,Nil,,,,,0,0,Urban,1,,,Fine,Null
1683223,6097303,17456,,501633,0,0,0,1,0,West,2009/2010,WIROA ROAD,SH 10,,Non-Injury Crash,No,2009,0,West,1,0,0,Flat,0,,0,,0,Dark,49801,0,0,0,2,0,0,0,0,0,,0,0,Northland Region,Nil,2-way,Sealed,0,0,0,0,100,0,None,0,0,,1,Far North District,Unknown,0,0,0,0,0,0,Open,0,0,0,Light rain,Null
1347852,4876010,17457,,606700,0,0,0,1,1,North,2008/2009,CLUTHA VALLEY ROAD,JOHNSTON ROAD,,Non-Injury Crash,No,2009,0,East,0,0,0,Flat,0,,0,,0,Twilight,2982101,0,0,0,2,0,0,0,0,0,,0,0,Otago Region,Nil,2-way,Sealed,0,0,0,0,100,0,None,0,0,,72,Clutha District,Unknown,0,0,0,0,0,0,Open,0,0,0,Fine,Null
1753854,5925784,17458,,508610,0,0,0,2,0,North,2009/2010,GLENFIELD ROAD,MOORE ST,,Non-Injury Crash,No,2009,0,South,0,0,0,Hill Road,0,,0,,0,Overcast,206900,0,0,0,2,0,0,0,0,1,,0,0,Auckland Region,Nil,2-way,Sealed,0,0,0,0,50,0,Null,0,0,,76,Auckland,Unknown,0,0,0,0,0,0,Urban,0,0,0,Fine,Null
1460430,5082979,17459,,599500,0,,0,2,,Null,2008/2009,SH 1S,SH 78,,Non-Injury Crash,Yes,2009,,North,,0,,Flat,,,,,,Dark,2792600,0,0,0,2,,,0,,,,,,Canterbury Region,Nil,2-way,Sealed,,0,0,,50,,On,0,0,,64,Timaru District,Traffic Signals,,,,,0,0,Urban,0,,,Fine,Null
1760229,5436807,17460,,568402,0,,0,2,,West,2008/2009,MELLING ROAD,HIGH ST,,Non-Injury Crash,No,2009,,West,,0,,Flat,,,,,,Overcast,1940900,0,0,0,2,,,0,,,,,,Wellington Region,Nil,2-way,Sealed,,0,0,,50,,Null,0,1,,46,Lower Hutt City,Nil,,,,,0,0,Urban,0,,,Fine,Null
1748744,5429362,17461,,572900,0,0,0,1,0,North,2008/2009,SH 1N,TINAKORI ON NBD,,Non-Injury Crash,Yes,2009,0,North,0,0,0,Flat,1,,0,,0,Overcast,2119500,0,0,0,2,0,0,0,0,0,,0,0,Wellington Region,Nil,2-way,Sealed,0,0,0,0,100,0,Null,0,0,,47,Wellington City,Nil,0,0,0,0,0,0,Open,0,0,0,Heavy rain,Null
1800180,5830124,17462,,527123,0,0,0,1,0,South,2009/2010,BANKIER ROAD,SH 1B,,Non-Injury Crash,No,2009,0,North,1,0,0,Flat,0,,0,,0,Bright sun,949700,0,0,0,2,0,0,0,0,0,,0,0,Waikato Region,Nil,2-way,Sealed,0,0,0,0,100,0,Null,0,0,,13,Waikato District,Unknown,0,0,0,0,0,0,Open,0,0,0,Fine,Null
1760039,5436365,17463,,569100,0,,0,1,,Null,2008/2009,BLOOMFIELD TERRACE,BLOOMFIELD CRESCENT,,Non-Injury Crash,No,2009,,North,,0,,Flat,,,,,,Bright sun,1967800,0,0,0,2,,,0,,,,,,Wellington Region,Nil,2-way,Sealed,,0,0,,50,,Null,0,0,,46,Lower Hutt City,Give way,,,,,1,0,Urban,0,,,Fine,Null
1759401,5435668,17464,,569100,0,,0,2,,Null,2008/2009,WOBURN ROAD,MYRTLE ST,,Non-Injury Crash,No,2009,,South,,0,,Flat,,,,,,Overcast,1966000,0,0,0,2,,,0,,,,,,Wellington Region,Nil,2-way,Sealed,,0,0,,50,,Null,0,0,,46,Lower Hutt City,Give way,,,,,0,0,Urban,0,,,Light rain,Null
1768784,5902804,17465,,524602,0,0,0,1,0,South,2009/2010,SH 1N,MANUKAU OFF NBD,,Non-Injury Crash,Yes,2009,0,North,0,0,0,Hill Road,1,,0,,0,Overcast,780504,0,0,0,3,0,0,0,0,0,,0,0,Auckland Region,Nil,1-way,Sealed,0,0,0,0,100,0,Null,0,0,80,76,Auckland,Unknown,0,0,0,0,0,0,Open,1,0,0,Heavy rain,Null
1850724,5801012,17466,,535231,0,0,0,1,0,West,2009/2010,SH 28,TE POI SOUTH ROAD,,Non-Injury Crash,Yes,2009,0,East,0,0,1,Hill Road,0,,0,,0,Twilight,1114400,0,0,0,2,0,0,0,0,0,,0,0,Waikato Region,Nil,2-way,Sealed,0,0,0,0,100,0,None,0,0,,15,Matamata-Piako District,Nil,0,0,0,0,0,0,Open,0,0,0,Light rain,Null
1755699,5916170,17467,,518301,0,,0,1,,South,2009/2010,DOMINION ROAD,BALMORAL ROAD,,Non-Injury Crash,No,2009,,South,,0,,Flat,,Christmas New Year,,,,Dark,555100,0,0,0,4,,,0,,,,,,Auckland Region,Nil,2-way,Sealed,,0,0,,50,,On,0,0,,76,Auckland,Nil,,,,,0,0,Urban,1,,,Fine,Null
1757071,5920308,17468,,514102,0,,0,2,,Null,2009/2010,WELLESLEY ST WEST,FEDERAL ST,,Non-Injury Crash,No,2009,,North,,0,,Hill Road,,,,,,Bright sun,433802,0,0,0,2,,,0,,,,,,Auckland Region,Nil,2-way,Sealed,,0,0,,50,,None,0,0,,76,Auckland,Traffic Signals,,,,,0,0,Urban,0,,,Fine,Null
1680064,5404070,17469,,581230,0,,0,2,,South,2008/2009,SH 1S,ALFRED ST,,Non-Injury Crash,Yes,2009,,North,,0,,Flat,,,,,,Overcast,2295000,0,0,0,2,,,0,,,,,,Marlborough Region,Nil,2-way,Sealed,,0,0,,50,,Null,0,0,,53,Marlborough District,Give way,,,,,0,0,Urban,0,,,Heavy rain,Null
1820953,5530873,17470,,562401,0,,0,2,,Null,2009/2010,SH 3,TREMAINE AVENUE,,Non-Injury Crash,Yes,2009,,West,,0,,Flat,,,,,,Overcast,1832600,0,0,0,2,,,0,,,,,,Manawatū-Whanganui Region,Nil,2-way,Sealed,,0,0,,50,,Null,0,0,,40,Palmerston North City,Traffic Signals,,,,,1,0,Urban,0,,,Fine,Null
1827781,5881487,17471,,533603,0,0,0,1,0,East,2009/2010,KOPU ROAD,QUEEN ST,,Non-Injury Crash,No,2009,0,West,1,0,1,Flat,0,,0,,1,Overcast,1057502,0,0,0,2,0,0,0,0,0,,0,0,Waikato Region,Nil,2-way,Sealed,0,0,0,0,50,0,Null,0,0,,11,Thames-Coromandel District,Unknown,0,0,0,0,0,0,Urban,0,0,0,Mist or Fog,Null
1689463,5674655,17472,,551502,0,,0,1,,Null,2009/2010,NGAMOTU ROAD,SH 45,,Non-Injury Crash,Yes,2009,,East,,0,,Flat,,,,,,Overcast,1583900,0,0,0,2,,,0,,,,,,Taranaki Region,Nil,2-way,Sealed,,0,0,,50,,Null,0,0,,33,New Plymouth District,Give way,,,,,0,0,Urban,1,,,Fine,Null
1907214,5574160,17473,,549100,0,,0,0,,North,2009/2010,SH 2,RACECOURSE ROAD,,Non-Injury Crash,Yes,2009,,South,,0,,Flat,,,,,,Overcast,1516201,0,0,0,2,,,0,,,,,,Hawke's Bay Region,Nil,2-way,Sealed,,0,0,,70,,Null,0,0,,32,Central Hawke's Bay District,Nil,,,,,1,0,Urban,0,,,Fine,Null
1759319,5436105,17474,,569100,0,0,0,1,0,North,2008/2009,Z FCT MAD BUTCHER,HIGH/DALY,,Non-Injury Crash,No,2009,0,East,0,0,0,Flat,0,Easter,0,,0,Bright sun,1966700,0,0,0,0,0,0,0,0,1,,0,0,Wellington Region,Nil,Off road,Sealed,0,0,0,0,50,0,Null,1,0,,46,Lower Hutt City,Nil,0,0,0,0,0,0,Urban,0,0,0,Fine,Null
1756590,5920911,17475,,514101,0,0,0,1,0,West,2009/2010,GAUNT ST,HALSEY ST,,Non-Injury Crash,No,2009,0,West,0,0,0,Flat,0,,0,,0,Bright sun,432400,0,0,0,2,0,0,0,0,1,,0,0,Auckland Region,Nil,2-way,Sealed,0,0,0,0,50,0,Off,1,0,,76,Auckland,Nil,0,0,0,0,0,0,Urban,0,0,0,Fine,Null
1773727,5578189,17476,,556700,0,,0,1,,Null,2009/2010,SH 3,GREY ST,,Non-Injury Crash,Yes,2009,,North,,0,,Flat,,,,,,Overcast,1721900,0,0,0,2,,,0,,,,,,Manawatū-Whanganui Region,Nil,2-way,Sealed,,0,0,,50,,Null,0,0,,37,Whanganui District,Traffic Signals,,,,,0,0,Urban,1,,,Fine,Null
1729285,5942830,17477,,506646,0,0,0,1,0,North,2009/2010,SH 16,PIPITIWAI DRIVE,,Non-Injury Crash,Yes,2009,0,North,1,0,0,Flat,0,,0,,0,Overcast,211402,0,0,0,2,0,0,0,0,0,,0,0,Auckland Region,Nil,2-way,Sealed,0,0,0,0,100,0,Null,0,0,,76,Auckland,Unknown,0,0,0,0,0,0,Open,0,0,0,Light rain,Null
1757239,5919978,17478,,514103,0,0,0,2,0,East,2009/2010,AIREDALE ST,QUEEN ST,,Non-Injury Crash,No,2009,0,East,0,0,0,Hill Road,0,,0,,0,Dark,436600,0,0,0,1,0,0,0,0,1,,0,0,Auckland Region,Nil,1-way,Sealed,0,0,0,0,50,0,On,0,0,,76,Auckland,Give way,0,0,0,0,0,0,Urban,0,0,0,Fine,Null
1768674,5909746,17479,,523113,0,,0,1,,East,2009/2010,SMALES ROAD,HARRIS ROAD,,Non-Injury Crash,No,2009,,West,,0,,Flat,,,,,,Overcast,711809,0,0,0,2,,,0,,,,,,Auckland Region,Nil,2-way,Sealed,,0,0,,70,,Off,0,0,,76,Auckland,Nil,,,,,0,0,Urban,1,,,Light rain,Null
1889516.4351,5819854.9059,17480,,536642,0,,0,1,,Null,2009/2010,TE PUKE HIGHWAY,WELCOME BAY ROAD,,Non-Injury Crash,No,2009,,South,,0,,Hill Road,,,,,,Overcast,1206807,0,0,0,4,,,0,,,,,,Bay of Plenty Region,Nil,2-way,Sealed,,0,0,,100,,Null,0,0,,22,Western Bay of Plenty District,Stop,,,,,1,0,Open,0,,,Fine,Null
1748552,5426830,17481,,573101,0,0,0,2,0,East,2008/2009,ABEL SMITH ST,CUBA ST,,Non-Injury Crash,No,2009,0,West,0,0,0,Flat,0,,0,,0,Dark,2134600,0,0,0,2,0,0,0,0,1,,0,0,Wellington Region,Nil,2-way,Sealed,0,0,0,0,50,0,On,0,0,,47,Wellington City,Nil,0,0,0,0,0,0,Urban,0,0,0,Fine,Null