X,Y,OBJECTID,advisorySpeed,areaUnitID,bicycle,bridge,bus,carStationWagon,cliffBank,crashDirectionDescription,crashFinancialYear,crashLocation1,crashLocation2,crashRoadSideRoad,crashSeverity,crashSHDescription,crashYear,debris,directionRoleDescription,ditch,fatalCount,fence,flatHill,guardRail,holiday,houseOrBuilding,intersection,kerb,light,meshblockId,minorInjuryCount,moped,motorcycle,NumberOfLanes,objectThrownOrDropped,otherObject,otherVehicleType,overBank,parkedVehicle,pedestrian,phoneBoxEtc,postOrPole,region,roadCharacter,roadLane,roadSurface,roadworks,schoolBus,seriousInjuryCount,slipOrFlood,speedLimit,strayAnimal,streetLight,suv,taxi,temporarySpeedLimit,tlaId,tlaName,trafficControl,trafficIsland,trafficSign,train,tree,truck,unknownVehicleType,urban,vanOrUtility,vehicle,waterRiver,weatherA,weatherB
1569844,5181034,17482,,591600,0,,0,2,,Null,2008/2009,PARK TERRACE,DORSET ST,,Non-Injury Crash,No,2009,,South,,0,,Flat,,,,,,Overcast,2676700,0,0,0,2,,,0,,,,,,Canterbury Region,Nil,2-way,Sealed,,0,0,,50,,Null,0,1,,60,Christchurch City,Give way,,,,,0,0,Urban,0,,,Light rain,Null
1755132,5918495,17483,,515500,0,0,0,2,0,East,2009/2010,GREAT NORTH ROAD,COLERIDGE ST,,Non-Injury Crash,No,2009,0,East,0,0,0,Hill Road,0,,0,,0,Dark,418800,0,0,0,4,0,0,0,0,1,,0,1,Auckland Region,Nil,2-way,Sealed,0,0,0,0,50,0,On,0,0,,76,Auckland,Nil,0,0,0,0,0,0,Urban,0,0,0,Light rain,Null
1787875,5519219,17484,,561300,0,,0,1,,North,2009/2010,Z BCH FOXTON BEACH,MARINE PARADE,,Non-Injury Crash,No,2009,,South,,0,,Flat,,Christmas New Year,,,,Twilight,1782501,0,0,0,0,,,0,,,,,,,Nil,Off road,Unsealed,,0,0,,30,,None,0,0,,42,Horowhenua District,Nil,,,,,0,0,Urban,0,,,Light rain,Null
1758802,5912416,17485,,519820,0,,0,2,,Null,2009/2010,SELWYN ST,ARTHUR ST,,Non-Injury Crash,No,2009,,East,,0,,Flat,,Christmas New Year,,,,Bright sun,600800,0,0,0,4,,,0,,,,,,Auckland Region,Nil,2-way,Sealed,,0,0,,50,,Off,0,0,,76,Auckland,Stop,,,,,0,0,Urban,0,,,Fine,Null
1715936,6006366,17486,,505010,0,0,0,1,0,South,2009/2010,WAIRERE ROAD,WAIRERE VALLEY ROAD,,Non-Injury Crash,No,2009,0,South,0,0,0,Flat,0,Christmas New Year,0,,0,Bright sun,130300,0,0,0,2,0,0,0,1,0,,0,0,Northland Region,Nil,2-way,Unsealed,0,0,0,0,100,0,None,0,0,50,3,Kaipara District,Nil,0,0,0,0,0,0,Open,0,0,0,Fine,Null
1822700,5531275,17487,,562401,0,,0,2,,North,2009/2010,RUAHINE ST,TERRACE ST,,Non-Injury Crash,No,2009,,South,,0,,Flat,,,,,,Overcast,1834100,0,0,0,2,,,0,,,,,,Manawatū-Whanganui Region,Nil,2-way,Sealed,,0,0,,50,,Null,0,0,,40,Palmerston North City,Nil,,,,,0,0,Urban,0,,,Light rain,Null
1767228,5888089,17488,,521122,0,0,0,1,0,Null,2009/2010,SH 22,GLENBROOK ROAD,,Non-Injury Crash,Yes,2009,0,West,0,0,1,Flat,0,Christmas New Year,0,,0,Bright sun,812800,0,0,0,2,0,0,0,0,0,,0,0,Auckland Region,Nil,2-way,Sealed,0,0,0,0,100,0,None,0,0,,76,Auckland,Nil,0,0,0,0,0,0,Open,0,0,0,Fine,Null
1750445,5424343,17489,,576901,0,,0,1,,Null,2008/2009,RONGOTAI ROAD,MAHORA ST,,Non-Injury Crash,No,2009,,West,,0,,Flat,,,,,,Overcast,2177100,0,0,0,2,,,0,,,,,,Wellington Region,Nil,1-way,Sealed,,0,0,,50,,Null,1,0,,47,Wellington City,Give way,,,,,0,0,Urban,0,,,Fine,Null
1345375,4879402,17490,,606700,0,0,0,0,1,North,2008/2009,CLUTHA VALLEY ROAD,SUNFLOWER ROAD,,Non-Injury Crash,No,2009,0,North,0,0,1,Flat,0,,0,,0,Overcast,2982101,0,0,0,2,0,0,0,0,0,,0,0,Otago Region,Nil,2-way,Sealed,0,0,0,0,100,0,Null,1,0,,72,Clutha District,Unknown,0,0,0,1,0,0,Open,0,0,0,Fine,Null
1406489,4916827,17491,,603100,0,,0,2,,Null,2008/2009,SH 1S,STUART ST,,Non-Injury Crash,Yes,2009,,North,,0,,Flat,,Easter,,,,Overcast,2901000,0,0,0,2,,,0,,,,,,Otago Region,Nil,1-way,Sealed,,0,0,,50,,Null,0,0,,71,Dunedin City,Traffic Signals,,,,,0,0,Urban,0,,,Fine,Null
1930046,5604606,17492,,548200,0,0,0,0,0,Null,2009/2010,HASTINGS ST SOUTH,HERETAUNGA ST EAST,,Non-Injury Crash,No,2009,0,North,0,0,0,Flat,0,,1,,0,Bright sun,1493200,0,0,0,2,0,0,0,0,0,,0,0,Hawke's Bay Region,Nil,2-way,Sealed,0,0,0,0,50,0,Null,0,0,,30,Hastings District,Give way,0,0,0,0,1,0,Urban,0,0,0,Fine,Null
1704759,6043513,17493,,501809,0,0,0,1,0,East,2009/2010,SH 15,SIMONS ROAD,,Non-Injury Crash,Yes,2009,0,West,1,0,0,Flat,0,,0,,0,Dark,71301,0,0,0,2,0,0,0,0,0,,0,0,Northland Region,Nil,2-way,Sealed,0,0,0,0,100,0,None,0,0,,2,Whangarei District,Nil,0,0,0,0,0,0,Open,0,0,0,Mist or Fog,Null
1888134,5773485,17494,,538721,0,,0,1,,North,2009/2010,SH 30,BASLEY ROAD,,Non-Injury Crash,Yes,2009,,South,,0,,Flat,,Christmas New Year,,,,Bright sun,1254404,0,0,0,3,,,0,,,1,,,Bay of Plenty Region,Nil,2-way,Sealed,,0,0,,60,,Null,0,0,,24,Rotorua District,Unknown,,,,,0,0,Urban,0,,,Fine,Null
1771502,5471232,17495,,566302,0,,0,2,,North,2009/2010,SH 1N,OTAIHANGA ROAD,,Non-Injury Crash,Yes,2009,,South,,0,,Hill Road,,,,,,Bright sun,1998403,0,0,0,2,,,0,,,,,,Wellington Region,Nil,2-way,Sealed,,0,0,,100,,Null,0,0,,43,Kapiti Coast District,Nil,,,,,0,0,Open,0,,,Fine,Null
1623793,5432431,17496,,582200,0,,0,1,,North,2008/2009,AKERSTEN ST,CROSS QUAY,,Non-Injury Crash,No,2009,,North,,0,,Flat,,,,,,Bright sun,2325100,0,0,0,2,,,0,,,,,,Nelson Region,Nil,2-way,Sealed,,0,0,,50,,Null,1,0,,52,Nelson City,Nil,,,,,0,0,Urban,0,,,Fine,Null
1751513,5432283,17497,,574304,0,0,0,0,1,East,2008/2009,HOMEBUSH ROAD,BENARES ST,,Non-Injury Crash,No,2009,0,South,0,0,0,Hill Road,0,,0,,0,Dark,2090300,0,0,0,2,0,0,0,0,0,,0,0,Wellington Region,Nil,2-way,Sealed,0,0,0,0,50,0,On,0,0,,47,Wellington City,Nil,0,0,0,0,0,0,Urban,1,0,0,Heavy rain,Strong wind
1572342,5188185,17498,,590604,0,,0,2,,Null,2008/2009,BELFAST ROAD,MARSHLAND ROAD,,Non-Injury Crash,No,2009,,North,,0,,Flat,,,,,,Bright sun,2503304,0,0,0,2,,,0,,,,,,Canterbury Region,Nil,2-way,Sealed,,0,0,,80,,Null,0,0,,60,Christchurch City,Give way,,,,,0,0,Open,0,,,Fine,Null
1802048,5816965,17499,,530000,0,,0,2,,East,2009/2010,FIFTH AVENUE,PEACHGROVE ROAD,,Non-Injury Crash,No,2009,,West,,0,,Flat,,,,,,Dark,867200,0,0,0,2,,,0,,,,,,Waikato Region,Nil,2-way,Sealed,,0,0,,50,,On,0,0,,16,Hamilton City,Unknown,,,,,0,0,Urban,0,,,Light rain,Null
1449806,5040635,17500,,600410,0,0,0,0,0,South,2008/2009,SH 1S,LUCKS ROAD,,Non-Injury Crash,Yes,2009,0,North,0,0,1,Flat,0,,0,,0,Dark,2818300,0,0,0,2,0,0,0,0,0,,0,0,Canterbury Region,Nil,2-way,Unsealed,0,0,0,0,100,0,None,1,0,30,66,Waimate District,Unknown,0,0,0,0,0,0,Open,0,0,0,Fine,Null
1753048,5973701,17501,,506661,0,0,0,1,0,North,2009/2010,MATAKANA ROAD,OAK RIVER DRIVE,,Non-Injury Crash,No,2009,0,North,0,0,0,Flat,0,,0,,1,Dark,139303,0,0,0,1,0,0,0,0,0,,0,0,Auckland Region,Nil,2-way,Unsealed,0,0,0,0,100,0,None,0,0,,76,Auckland,Nil,0,0,0,0,0,0,Open,0,0,0,Fine,Null
1822636,5463922,17502,,578700,0,0,0,1,0,West,2009/2010,COLE ST,KUMMER CRESCENT,,Non-Injury Crash,No,2009,0,North,0,0,1,Flat,0,,0,,1,Dark,2236500,0,0,0,2,0,0,0,0,0,,0,0,Wellington Region,Nil,2-way,Sealed,0,0,0,0,50,0,On,0,0,,48,Masterton District,Nil,0,0,0,0,0,0,Urban,0,0,0,Fine,Null
1822295,5531608,17503,,562401,0,,0,2,,West,2009/2010,TREMAINE AVENUE,RUAHINE ST,,Non-Injury Crash,No,2009,,East,,0,,Flat,,,,,,Overcast,1834000,0,0,0,2,,,0,,,,,,Manawatū-Whanganui Region,Nil,2-way,Sealed,,0,0,,50,,Null,0,0,,40,Palmerston North City,Nil,,,,,0,0,Urban,0,,,Light rain,Strong wind
1821928,5529067,17504,,562800,0,,0,2,,West,2008/2009,FERGUSON ST,FITZHERBERT AVENUE,,Non-Injury Crash,No,2009,,East,,0,,Flat,,,,,,Overcast,1828700,0,0,0,2,,,0,,,,,,Manawatū-Whanganui Region,Nil,2-way,Sealed,,0,0,,50,,Null,0,0,,40,Palmerston North City,Traffic Signals,,,,,0,0,Urban,0,,,Fine,Null
1884978,5773795,17505,,540410,0,,0,1,,North,2009/2010,TUTANEKAI ST,ERUERA ST,,Non-Injury Crash,No,2009,,North,,0,,Flat,,,,,,Bright sun,1234700,0,0,0,2,,,0,,,,,,Bay of Plenty Region,Nil,2-way,Sealed,,0,0,,50,,Null,0,0,,24,Rotorua District,Unknown,,,,,0,0,Urban,1,,,Fine,Null
1744776,5917939,17506,,510700,0,,0,2,,Null,2009/2010,SWANSON ROAD,STURGES ROAD,,Non-Injury Crash,No,2009,,North,,0,,Flat,,,,,,Twilight,239501,0,0,0,4,,,0,,,,,,Auckland Region,Nil,2-way,Sealed,,0,0,,50,,On,0,0,,76,Auckland,Traffic Signals,,,,,0,0,Urban,0,,,Fine,Null
1623096,5430763,17507,,582700,0,0,0,2,0,South,2008/2009,ST VINCENT ST,GLOUCESTER ST,,Non-Injury Crash,No,2009,0,South,0,0,0,Flat,0,,0,,0,Bright sun,2331500,0,0,0,2,0,0,0,0,1,,0,0,Nelson Region,Nil,2-way,Sealed,0,0,0,0,50,0,Null,0,0,,52,Nelson City,Nil,0,0,0,0,0,0,Urban,1,0,0,Fine,Null
1773977,5895990,17508,,525620,0,,0,2,,Null,2009/2010,SETTLEMENT ROAD,HUNUA ROAD,,Non-Injury Crash,No,2009,,West,,0,,Flat,,,,,,Bright sun,798102,0,0,0,2,,,0,,,,,,Auckland Region,Nil,2-way,Sealed,,0,0,,50,,Null,0,0,,76,Auckland,Give way,,,,,0,0,Urban,0,,,Fine,Null
1752362,5439568,17509,,572500,0,0,0,1,0,West,2009/2010,GREYFRIARS CRESCENT,ST BENETS PLACE,,Non-Injury Crash,No,2009,0,West,0,0,0,Hill Road,0,,1,,0,Dark,1986901,0,0,0,2,0,0,0,0,0,,0,0,Wellington Region,Nil,2-way,Sealed,0,0,0,0,50,0,On,0,0,,47,Wellington City,Nil,0,0,0,0,0,0,Urban,0,0,0,Fine,Null
1759566,5435414,17510,,569100,0,0,0,5,0,East,2009/2010,WOBURN ROAD,WAI-ITI CRESCENT,,Non-Injury Crash,No,2009,0,West,0,0,0,Flat,0,,0,,0,Overcast,1966000,0,0,0,2,0,0,0,0,4,,0,0,Wellington Region,Nil,2-way,Sealed,0,0,0,0,50,0,Null,0,0,,46,Lower Hutt City,Nil,0,0,0,0,0,0,Urban,0,0,0,Fine,Null
1705178,5681393,17511,,551111,0,0,0,1,0,North,2009/2010,TATE ROAD,RALEIGH ST,,Non-Injury Crash,No,2009,0,North,0,0,0,Flat,0,,0,,0,Twilight,1565200,0,0,0,2,0,0,0,0,0,,0,0,Taranaki Region,Nil,2-way,Sealed,0,0,0,0,100,0,None,0,0,,33,New Plymouth District,Nil,0,0,0,0,0,0,Open,0,0,0,Fine,Null
1731517,5991550,17512,,505010,0,0,1,0,0,North,2009/2010,SH 1N,ORUAWHARO ROAD,,Non-Injury Crash,Yes,2009,0,North,1,0,0,Flat,0,,0,,0,Bright sun,132900,0,0,0,2,0,0,0,0,0,,0,0,Northland Region,Nil,2-way,Sealed,0,0,0,0,100,0,None,0,0,,3,Kaipara District,Nil,0,0,0,0,0,0,Open,0,0,0,Fine,Null
1801844,5814959,17513,,530200,0,0,0,1,0,Null,2009/2010,BRIDGE ST,GREY ST,,Non-Injury Crash,No,2009,0,North,0,0,0,Hill Road,0,,0,,1,Dark,892800,0,0,0,4,0,0,0,0,0,,0,0,Waikato Region,Nil,2-way,Sealed,0,0,0,0,50,0,On,0,0,,16,Hamilton City,Traffic Signals,0,0,0,0,0,0,Urban,0,0,0,Fine,Null
1931842,5617172,17514,,547100,0,0,0,1,0,Null,2008/2009,GUPPY ROAD,OSIER ROAD,,Non-Injury Crash,No,2009,0,North,0,0,1,Flat,0,,0,,0,Dark,1455205,0,0,0,2,0,0,0,0,0,,0,0,Hawke's Bay Region,Nil,2-way,Sealed,0,0,0,0,50,0,On,0,0,,31,Napier City,Give way,0,0,0,0,0,0,Urban,1,0,0,Fine,Null
1792737,5502296,17515,,564011,0,,0,2,,West,2009/2010,KAWIU ROAD,TIRO TIRO ROAD,,Non-Injury Crash,No,2009,,East,,0,,Flat,,Labour Weekend,,,,Overcast,1855800,0,0,0,2,,,0,,,,,,Manawatū-Whanganui Region,Nil,2-way,Sealed,,0,0,,70,,Null,0,0,,42,Horowhenua District,Nil,,,,,0,0,Urban,0,,,Fine,Null
1623806,5431042,17516,,582500,0,,0,1,,East,2009/2010,NEW ST,TRAFALGAR ST,,Non-Injury Crash,No,2009,,East,,0,,Flat,,,,,,Bright sun,2320200,0,0,0,2,,,0,,,,,,Nelson Region,Nil,2-way,Sealed,,0,0,,50,,Null,0,0,,52,Nelson City,Nil,,,,,1,0,Urban,0,,,Fine,Null
1760120,5436343,17517,,569100,0,,0,3,,Null,2009/2010,KINGS CRESCENT,CORNWALL ST,,Non-Injury Crash,No,2009,,South,,0,,Flat,,,,,,Overcast,1967700,0,0,0,2,,,0,,,,,,Wellington Region,Nil,2-way,Sealed,,0,0,,50,,Null,0,0,,46,Lower Hutt City,Traffic Signals,,,,,0,0,Urban,0,,,Fine,Null
1774972,5447308,17518,,566900,0,0,0,2,0,West,2008/2009,CALIFORNIA DRIVE,TACOMA DRIVE,,Non-Injury Crash,No,2009,0,East,0,0,0,Flat,0,,0,,0,Dark,1911304,0,0,0,2,0,0,0,0,1,,0,0,Wellington Region,Nil,2-way,Sealed,0,0,0,0,50,0,On,0,0,,45,Upper Hutt City,Nil,0,0,0,0,0,0,Urban,0,0,0,Fine,Null
1758485,5436383,17519,,569302,0,,0,0,,Null,2008/2009,NORMANDALE ROAD,MIROMIRO ROAD,,Non-Injury Crash,No,2009,,South,,0,,Hill Road,,,,,,Bright sun,1922002,0,0,0,2,,,0,,,,,,Wellington Region,Nil,2-way,Sealed,,0,0,,50,,Null,1,0,,46,Lower Hutt City,Give way,,,,,0,0,Urban,1,,,Fine,Null
1406137,4914426,17520,,604410,0,,0,1,,Null,2008/2009,KING EDWARD ST,MACANDREW ROAD,,Non-Injury Crash,No,2009,,North,,0,,Flat,,,,,,Overcast,2930500,0,0,0,4,,,0,,,,,,Otago Region,Nil,2-way,Sealed,,0,0,,50,,Null,1,0,,71,Dunedin City,Traffic Signals,,,,,0,0,Urban,0,,,Fine,Null
2034628,5709488,17521,,544400,0,0,0,1,0,Null,2008/2009,CHILDERS ROAD,QUEENS ROAD,,Non-Injury Crash,No,2009,0,East,0,0,0,Flat,0,,0,,1,Dark,1374700,0,0,0,2,0,0,0,0,0,,0,0,Gisborne Region,Nil,2-way,Sealed,0,0,0,0,50,0,On,0,0,,28,Gisborne District,Give way,0,0,0,0,0,0,Urban,0,0,0,Fine,Null
1405986,4916558,17522,,603000,0,,0,1,,Null,2009/2010,RATTRAY ST,MACLAGGAN ST,,Non-Injury Crash,No,2009,,West,,0,,Flat,,,,,,Dark,2899500,0,0,0,2,,,0,,,1,,,Otago Region,Nil,2-way,Sealed,,0,0,,50,,On,0,0,,71,Dunedin City,Traffic Signals,,,,,0,0,Urban,0,,,Light rain,Null
1751567,5933951,17523,,508701,0,,0,2,,Null,2009/2010,ALBANY HIGHWAY,LIBRARY LANE,,Non-Injury Crash,No,2009,,North,,0,,Flat,,Labour Weekend,,,,Overcast,178800,0,0,0,2,,,0,,,,,,Auckland Region,Nil,2-way,Sealed,,0,0,,50,,Off,0,0,,76,Auckland,Nil,,,,,0,0,Urban,0,,,Light rain,Null
1768190,5469787,17524,,566000,0,,0,2,,North,2009/2010,Z CPK SHOPS,KAPITI/MILNE,,Non-Injury Crash,No,2009,,North,,0,,Flat,,,,,,Bright sun,2003602,0,0,0,0,,,0,,,,,,Wellington Region,Nil,Off road,Sealed,,0,0,,50,,Null,0,0,,43,Kapiti Coast District,Nil,,,,,0,0,Urban,0,,,Fine,Null
1749269,5426894,17525,,573101,0,,0,1,,Null,2008/2009,CAMBRIDGE TERRACE,ELIZABETH ST,,Non-Injury Crash,No,2009,,North,,0,,Flat,,,,,,Bright sun,2136200,0,0,1,3,,,0,,,,,,Wellington Region,Nil,1-way,Sealed,,0,0,,50,,Null,0,0,,47,Wellington City,Traffic Signals,,,,,0,0,Urban,0,,,Fine,Null
1750060,5424825,17526,,576903,0,,0,2,,North,2008/2009,KILBIRNIE CRESCENT,VALLANCE ST,,Non-Injury Crash,No,2009,,North,,0,,Flat,,,,,,Overcast,2177900,0,0,0,2,,,0,,,,,,Wellington Region,Nil,2-way,Sealed,,0,0,,50,,Null,0,0,,47,Wellington City,Nil,,,,,0,0,Urban,0,,,Light rain,Null
1936441,5621336,17527,,546901,0,,0,2,,Null,2009/2010,TENNYSON ST,CARLYLE ST,,Non-Injury Crash,No,2009,,East,,0,,Flat,,,,,,Dark,1428100,0,0,0,2,,,0,,,,,,Hawke's Bay Region,Nil,2-way,Sealed,,0,0,,50,,On,0,0,,31,Napier City,Traffic Signals,,,,,0,0,Urban,0,,,Fine,Null
1765443,5909008,17528,,523402,0,,0,3,,North,2009/2010,SH 1N,HIGHBROOK OBR,,Non-Injury Crash,Yes,2009,,South,,0,,Flat,,,,,,Bright sun,696900,0,0,0,4,,,0,,,,,,Auckland Region,Nil,2-way,Sealed,,0,0,,100,,Off,1,0,,76,Auckland,Nil,,,,,0,0,Open,0,,,Fine,Null
1244219,4848377,17529,,611400,0,0,0,1,0,Null,2008/2009,BEATTY ST,POMONA ST,,Non-Injury Crash,No,2009,0,North,0,0,1,Flat,0,,0,,0,Overcast,3145800,0,0,0,2,0,0,0,0,0,,0,0,Southland Region,Nil,2-way,Sealed,0,0,0,0,50,0,Null,0,0,,75,Invercargill City,Give way,0,0,0,0,0,0,Urban,0,0,0,Fine,Null
1680138,5403609,17530,,581230,0,,0,1,,South,2008/2009,REDWOOD ST,KINROSS ST,,Non-Injury Crash,No,2009,,South,,0,,Flat,,,,,,Overcast,2299800,0,1,0,2,,,0,,,,,,Marlborough Region,Nil,2-way,Sealed,,0,0,,50,,Null,0,0,,53,Marlborough District,Nil,,,,,0,0,Urban,0,,,Fine,Null
2035774,5711183,17531,,544900,0,,0,2,,East,2008/2009,ORMOND ROAD,RIPERATA ST,,Non-Injury Crash,No,2009,,South,,0,,Flat,,,,,,Bright sun,1376500,0,0,0,2,,,0,,,,,,Gisborne Region,Nil,2-way,Sealed,,0,0,,50,,Null,0,0,,28,Gisborne District,Nil,,,,,0,0,Urban,0,,,Fine,Null
1928503,5606043,17532,,548500,0,0,0,1,0,Null,2008/2009,MARAEKAKAHO ROAD,SOUTHAMPTON ST WEST,,Non-Injury Crash,No,2009,0,West,0,0,0,Flat,0,Queens Birthday,0,,0,Dark,1479600,0,0,0,2,0,0,0,0,0,,0,0,Hawke's Bay Region,Nil,2-way,Sealed,0,0,0,0,50,0,On,0,0,,30,Hastings District,Traffic Signals,0,1,0,0,0,0,Urban,0,0,0,Light rain,Null
1792624,5501034,17533,,564220,0,0,0,1,0,West,2008/2009,TRAFALGAR ST,NELSON ST,,Non-Injury Crash,No,2009,0,West,0,0,0,Flat,0,,0,,0,Bright sun,1871500,0,0,0,2,0,0,0,0,1,,0,0,Manawatū-Whanganui Region,Nil,2-way,Sealed,0,0,0,0,50,0,Null,0,0,,42,Horowhenua District,Nil,0,0,0,0,0,0,Urban,1,0,0,Fine,Null
1804173,5813760,17534,,530700,0,,0,2,,South,2009/2010,CAMBRIDGE ROAD,SH 1N,,Non-Injury Crash,No,2009,,South,,0,,Flat,,,,,,Bright sun,887701,0,0,0,2,,,0,,,,,,Waikato Region,Nil,2-way,Sealed,,0,0,,50,,Null,0,0,,16,Hamilton City,Give way,,,,,0,0,Urban,0,,,Fine,Null
1822592,5923569,17535,,533200,0,0,0,0,1,Null,2009/2010,SH 25,TE KOUMA ROAD,,Non-Injury Crash,Yes,2009,0,South,0,0,0,Hill Road,0,,0,,0,Overcast,1046401,0,0,0,2,0,0,0,0,0,,0,0,Waikato Region,Nil,2-way,Sealed,0,0,0,0,100,0,None,0,0,,11,Thames-Coromandel District,Nil,0,0,0,0,0,0,Open,1,0,0,Fine,Null
1769301,5905592,17536,,523712,0,0,0,2,0,North,2009/2010,CHAPEL ROAD,DAWSON ROAD,,Non-Injury Crash,No,2009,0,North,0,0,0,Flat,0,,0,,0,Bright sun,713016,0,0,0,2,0,0,0,0,1,,0,0,Auckland Region,Nil,2-way,Sealed,0,0,0,0,70,0,Off,0,0,,76,Auckland,Nil,0,0,0,0,0,0,Urban,0,0,0,Fine,Null
1545355,5185135,17537,,587904,0,0,0,1,0,East,2008/2009,OLD WEST COAST ROAD,THOMPSONS ROAD,,Non-Injury Crash,No,2009,0,East,0,0,0,Flat,0,,0,,0,Bright sun,2492800,0,0,0,2,0,0,0,0,0,,0,1,Canterbury Region,Nil,2-way,Sealed,0,0,0,0,100,0,Null,0,0,,62,Selwyn District,Unknown,0,0,0,0,0,0,Open,0,0,0,Fine,Null
1406605,4913688,17538,,605600,0,,0,2,,Null,2008/2009,PRINCE ALBERT ROAD,COUNCIL ST,,Non-Injury Crash,No,2009,,East,,0,,Flat,,,,,,Bright sun,2950600,0,0,0,2,,,0,,,,,,Otago Region,Nil,2-way,Sealed,,0,0,,50,,Null,0,0,,71,Dunedin City,Give way,,,,,0,0,Urban,0,,,Fine,Null
1527598,5184552,17539,,586900,0,,0,1,,Null,2008/2009,SH 77,MCLAUGHLINS ROAD,,Non-Injury Crash,Yes,2009,,West,,0,,Flat,,,,,,Dark,2468906,0,0,0,2,,,0,,,,,,Canterbury Region,Nil,2-way,Sealed,,0,0,,50,,On,1,0,,62,Selwyn District,Give way,,,,,0,0,Urban,0,,,Fine,Null
1568536,5184048,17540,,591900,0,0,0,1,0,Null,2008/2009,MARY ST,HORNER ST,,Non-Injury Crash,No,2009,0,East,0,0,0,Flat,0,,0,,0,Dark,2661900,0,0,0,2,0,0,0,0,0,,0,0,Canterbury Region,Nil,2-way,Sealed,0,0,0,0,50,0,On,0,0,,60,Christchurch City,Nil,0,1,0,0,0,0,Urban,0,0,0,Fine,Null
1843241,5518377,17541,,577900,0,,0,1,,South,2008/2009,PAHIATUA PONGAROA ROAD,MANGARAMARAMA ROAD,,Non-Injury Crash,No,2009,,North,,0,,Flat,,,,,,Bright sun,2221200,0,0,0,2,,,0,,,,,,Manawatū-Whanganui Region,Nil,2-way,Sealed,,0,0,,100,,Null,0,0,,41,Tararua District,Nil,,,,,0,0,Open,0,,,Fine,Null
1878050,5822378,17542,,538101,0,,0,2,,North,2008/2009,CAMERON ROAD,SH 2A,,Non-Injury Crash,No,2009,,South,,0,,Flat,,,,,,Bright sun,1167900,0,0,0,4,,,0,,,,,,Bay of Plenty Region,Nil,2-way,Sealed,,0,0,,50,,Off,0,0,,23,Tauranga City,Traffic Signals,,,,,0,0,Urban,0,,,Fine,Null
1822670,5530415,17543,,562402,0,,0,2,,Null,2008/2009,GREY ST,ALBERT ST,,Non-Injury Crash,No,2009,,West,,0,,Flat,,,,,,Bright sun,1835800,0,0,0,2,,,0,,,,,,Manawatū-Whanganui Region,Nil,2-way,Sealed,,0,0,,50,,Null,0,0,,40,Palmerston North City,Stop,,,,,0,0,Urban,0,,,Fine,Null
1617771,5425541,17544,,581723,0,0,0,1,0,East,2009/2010,SAXTON ROAD,NAYLAND ROAD,,Non-Injury Crash,No,2009,0,East,0,0,1,Flat,0,,0,,1,Dark,2359605,0,0,0,2,0,0,0,0,0,,0,0,Nelson Region,Nil,2-way,Sealed,0,0,0,0,50,0,On,0,0,,52,Nelson City,Nil,0,0,0,0,0,0,Urban,0,0,0,Light rain,Null
1806845,5449586,17545,,579900,0,,0,2,,South,2009/2010,SH 2,JELLICOE ST,,Non-Injury Crash,Yes,2009,,North,,0,,Flat,,Christmas New Year,,,,Overcast,2266900,0,0,0,2,,,0,,,,,,Wellington Region,Nil,2-way,Sealed,,0,0,,50,,Null,0,0,,50,South Wairarapa District,Nil,,,,,0,0,Urban,0,,,Fine,Null
1765941,5916302,17546,,517100,0,0,0,1,0,Null,2009/2010,ANDERSON AVENUE,WADDELL AVENUE,,Non-Injury Crash,No,2009,0,South,0,0,0,Flat,0,,0,,0,Dark,478600,0,0,0,2,0,0,0,0,0,,0,0,Auckland Region,Nil,2-way,Sealed,0,0,0,0,50,0,On,0,0,,76,Auckland,Give way,0,0,0,1,0,0,Urban,0,0,0,Fine,Null
1762271,5907061,17547,,524520,0,,0,2,,Null,2009/2010,BUCKLAND ROAD,MASSEY ROAD,,Non-Injury Crash,No,2009,,West,,0,,Flat,,Labour Weekend,,,,Bright sun,735200,0,0,0,4,,,0,,,,,,Auckland Region,Nil,2-way,Sealed,,0,0,,50,,Off,0,0,,76,Auckland,Traffic Signals,,,,,0,0,Urban,0,,,Fine,Null
1763378,5908440,17548,,524402,0,,0,1,,Null,2009/2010,MASSEY ROAD,HOSPITAL ROAD,,Non-Injury Crash,No,2009,,North,,0,,Hill Road,,,,,,Bright sun,749900,0,0,0,4,,,0,,,,,,Auckland Region,Nil,2-way,Sealed,,0,0,,50,,Off,1,0,,76,Auckland,Traffic Signals,,,,,0,0,Urban,0,,,Fine,Null
1789902,5828378,17549,,528200,0,0,0,1,0,South,2008/2009,GREAT SOUTH ROAD,SH 39,,Non-Injury Crash,No,2009,0,North,0,0,0,Flat,0,,0,,0,Dark,857900,0,0,0,2,0,0,0,0,0,,0,1,Waikato Region,Nil,2-way,Sealed,0,0,0,0,50,0,On,0,0,,13,Waikato District,Nil,0,0,0,0,0,0,Urban,0,0,0,Fine,Null
1690842,5675477,17550,,551501,0,,0,1,,Null,2009/2010,SH 45,DOONE ST,,Non-Injury Crash,Yes,2009,,West,,0,,Hill Road,,,,,,Bright sun,1582100,0,0,0,2,,,0,,,,,,Taranaki Region,Nil,2-way,Sealed,,0,0,,50,,Null,0,0,,33,New Plymouth District,Give way,,,,,0,0,Urban,1,,,Fine,Null