X,Y,OBJECTID,advisorySpeed,areaUnitID,bicycle,bridge,bus,carStationWagon,cliffBank,crashDirectionDescription,crashFinancialYear,crashLocation1,crashLocation2,crashRoadSideRoad,crashSeverity,crashSHDescription,crashYear,debris,directionRoleDescription,ditch,fatalCount,fence,flatHill,guardRail,holiday,houseOrBuilding,intersection,kerb,light,meshblockId,minorInjuryCount,moped,motorcycle,NumberOfLanes,objectThrownOrDropped,otherObject,otherVehicleType,overBank,parkedVehicle,pedestrian,phoneBoxEtc,postOrPole,region,roadCharacter,roadLane,roadSurface,roadworks,schoolBus,seriousInjuryCount,slipOrFlood,speedLimit,strayAnimal,streetLight,suv,taxi,temporarySpeedLimit,tlaId,tlaName,trafficControl,trafficIsland,trafficSign,train,tree,truck,unknownVehicleType,urban,vanOrUtility,vehicle,waterRiver,weatherA,weatherB
1440402,5004325,17551,,601030,0,,0,2,,Null,2008/2009,SH 1S,EDEN ST,,Non-Injury Crash,Yes,2009,,South,,0,,Flat,,,,,,Bright sun,2841100,0,0,0,2,,,0,,,,,,Otago Region,Nil,2-way,Unsealed,,0,0,,50,,Null,0,0,30,68,Waitaki District,Give way,,,,,0,0,Urban,0,,,Fine,Null
1336180,4842835,17552,,607300,0,0,0,0,0,Null,2008/2009,PURAKAUNUI FALLS ROAD,PURAKAUNUI FALLS CPK,,Non-Injury Crash,No,2009,0,East,0,0,0,Hill Road,0,,0,,0,Bright sun,3000500,0,0,0,1,0,0,0,1,0,,0,0,Otago Region,Nil,2-way,Unsealed,0,0,0,0,100,0,Null,0,0,,72,Clutha District,Unknown,0,0,0,0,0,0,Open,1,0,0,Fine,Null
1936666,5619411,17553,,546902,0,,0,2,,Null,2009/2010,SH 2,SH 2,,Non-Injury Crash,Yes,2009,,East,,0,,Flat,,,,,,Bright sun,1433400,0,0,0,2,,,0,,,,,,Hawke's Bay Region,Nil,2-way,Sealed,,0,0,,50,,Null,0,0,,31,Napier City,Give way,,,,,0,0,Urban,0,,,Fine,Null
1750463,5914502,17554,,511303,0,0,0,3,0,Null,2009/2010,PORTAGE ROAD,GREAT NORTH ROAD,,Non-Injury Crash,No,2009,0,East,0,0,0,Flat,0,,0,,0,Overcast,266200,0,0,0,2,0,0,0,0,1,,0,0,Auckland Region,Nil,2-way,Sealed,0,0,0,0,50,0,Null,0,0,,76,Auckland,Traffic Signals,0,0,0,0,0,0,Urban,0,0,0,Heavy rain,Null
1754085,5433872,17555,,573526,0,,0,2,,West,2008/2009,SH 2,HOROKIWI ROAD,,Non-Injury Crash,Yes,2009,,North,,0,,Flat,,,,,,Overcast,2077503,0,0,0,2,,,0,,,,,,Wellington Region,Nil,2-way,Sealed,,0,0,,100,,Null,0,0,,47,Wellington City,Nil,,,,,0,0,Open,2,,,Light rain,Null
1754292,5447090,17556,,570600,0,,0,1,,Null,2008/2009,TE PENE AVENUE,TE PUKE ST,,Non-Injury Crash,No,2009,,North,,0,,Flat,,,,,,Overcast,2040400,0,0,0,2,,,0,,,,,,Wellington Region,Nil,2-way,Sealed,,0,0,,50,,Null,0,0,,44,Porirua City,Give way,,,,,0,0,Urban,1,,,Light rain,Null
1876774,5819052,17557,,537601,0,,0,2,,South,2009/2010,GLENLYON AVENUE,OROPI ROAD,,Non-Injury Crash,No,2009,,East,,0,,Flat,,,,,,Overcast,1177300,0,0,0,2,,,0,,,,,,Bay of Plenty Region,Nil,2-way,Sealed,,0,0,,50,,Null,0,0,,23,Tauranga City,Unknown,,,,,0,0,Urban,1,,,Light rain,Null
1754574,5441465,17558,,572702,0,0,0,2,0,Null,2008/2009,COLLINS AVENUE,WOODMAN DRIVE,,Non-Injury Crash,No,2009,0,South,0,0,0,Hill Road,0,,0,,0,Dark,1996700,0,0,0,2,0,0,0,0,1,,0,0,Wellington Region,Nil,2-way,Sealed,0,0,0,0,50,0,On,0,0,,47,Wellington City,Nil,0,0,0,0,0,0,Urban,0,0,0,Fine,Null
1755792,5434728,17559,55,569800,0,0,0,1,0,West,2009/2010,SH 2,CORNISH ST,,Non-Injury Crash,Yes,2009,0,South,0,0,0,Flat,1,,0,,0,Dark,2035800,0,0,0,2,0,0,0,0,0,,0,0,Wellington Region,Nil,1-way,Sealed,0,0,0,0,100,0,None,0,0,,46,Lower Hutt City,Nil,0,0,0,0,0,0,Open,0,0,0,Heavy rain,Null
1935569,5620425,17560,,546600,0,,0,2,,North,2008/2009,KENNEDY ROAD,NUFFIELD AVENUE,,Non-Injury Crash,No,2009,,North,,0,,Flat,,,,,,Bright sun,1435800,0,0,0,2,,,0,,,,,,Hawke's Bay Region,Nil,2-way,Sealed,,0,0,,50,,Null,0,0,,31,Napier City,Nil,,,,,0,0,Urban,0,,,Fine,Null
1759118,5427573,17561,,570300,0,0,0,2,0,South,2008/2009,MARINE PARADE,MURITAI ROAD,,Non-Injury Crash,No,2009,0,South,0,0,0,Flat,0,,0,,0,Bright sun,1983300,0,0,0,2,0,0,0,0,1,,0,0,Wellington Region,Nil,2-way,Sealed,0,0,0,0,50,0,Null,0,0,,46,Lower Hutt City,Nil,0,0,0,0,0,0,Urban,0,0,0,Fine,Null
1748853,5424815,17562,,576301,0,,1,1,,Null,2008/2009,RINTOUL ST,STOKE ST,,Non-Injury Crash,No,2009,,North,,0,,Hill Road,,,,,,Overcast,2165500,0,0,0,2,,,0,,,,,,Wellington Region,Nil,2-way,Sealed,,0,0,,50,,Null,0,1,,47,Wellington City,Nil,,,,,0,0,Urban,0,,,Heavy rain,Null
1793342,5500458,17563,,564231,0,,0,2,,Null,2009/2010,CAMBRIDGE ST,BATH ST,,Non-Injury Crash,No,2009,,East,,0,,Flat,,,,,,Bright sun,1870200,0,0,0,2,,,0,,,,,,Manawatū-Whanganui Region,Nil,2-way,Sealed,,0,0,,50,,Null,0,0,,42,Horowhenua District,Give way,,,,,0,0,Urban,0,,,Fine,Null
1573906,5181162,17564,,593400,0,,0,2,,North,2008/2009,HOLLAND ST,DUNARNAN ST,,Non-Injury Crash,No,2009,,North,,0,,Flat,,Christmas New Year,,,,Bright sun,2613700,0,0,0,2,,,0,,,,,,Canterbury Region,Nil,2-way,Sealed,,0,0,,50,,Null,0,0,,60,Christchurch City,Unknown,,,,,0,0,Urban,0,,,Fine,Null
1771744,5890125,17565,,521203,0,,0,4,,West,2006/2007,SH 22,JESMOND ROAD,,Minor Crash,Yes,2006,,West,,0,,Hill Road,,,,,,Bright sun,807200,3,0,0,3,,,0,,,,,,Auckland Region,Nil,2-way,Sealed,,0,0,,100,,None,0,0,,76,Auckland,Nil,,,,,0,0,Open,1,,,Fine,Null
1824322,5532122,17566,,562200,0,0,0,1,0,Null,2009/2010,KAIMANAWA ST,RHODES DRIVE,,Non-Injury Crash,No,2009,0,West,0,0,0,Flat,0,,0,,0,Dark,1839101,0,0,0,2,0,0,0,0,0,,0,0,Manawatū-Whanganui Region,Nil,2-way,Sealed,0,0,0,0,50,0,On,0,0,,40,Palmerston North City,Give way,0,0,0,1,0,0,Urban,0,0,0,Fine,Null
1749061,5429129,17567,,572900,0,,0,2,,Null,2008/2009,PIPITEA ST,MURPHY ST,,Non-Injury Crash,No,2009,,West,,0,,Flat,,,,,,Overcast,2119200,0,0,0,2,,,0,,,,,,Wellington Region,Nil,2-way,Sealed,,0,0,,50,,Null,0,0,,47,Wellington City,Traffic Signals,,,,,0,0,Urban,0,,,Fine,Null
1678251,5404312,17568,,581210,0,,0,2,,Null,2009/2010,SH 6,COLEMANS ROAD,,Non-Injury Crash,Yes,2009,,South,,0,,Flat,,Labour Weekend,,,,Overcast,2293101,0,0,0,2,,,0,,,,,,Marlborough Region,Nil,2-way,Sealed,,0,0,,50,,Null,0,0,,53,Marlborough District,Give way,,,,,0,0,Urban,0,,,Fine,Null
1744875,5973995,17569,55,506661,0,,0,1,,North,2005/2006,SH 1N,L PHILLIPS ROAD,,Serious Crash,Yes,2006,,South,,0,,Hill Road,,,,,,Bright sun,139000,0,0,1,2,,,0,,,,,,Auckland Region,Nil,2-way,Sealed,,0,1,,100,,None,0,0,,76,Auckland,Nil,,,,,0,0,Open,0,,,Fine,Null
1815505,5527905,17570,,561901,0,0,0,1,0,South,2008/2009,NO 1 LINE LONGBURN,RESERVE ROAD,,Non-Injury Crash,No,2009,0,West,1,0,0,Flat,0,,0,,0,Dark,1795901,0,0,0,2,0,0,0,0,0,,0,0,Manawatū-Whanganui Region,Nil,2-way,Sealed,0,0,0,0,100,0,None,0,0,,39,Manawatu District,Nil,0,0,0,0,0,0,Open,0,0,0,Fine,Null
1748734,5425630,17571,,576301,0,,0,1,,Null,2008/2009,JOHN ST,HANSON ST,,Non-Injury Crash,No,2009,,East,,0,,Flat,,,,,,Overcast,2163300,0,1,0,2,,,0,,,,,,Wellington Region,Nil,2-way,Sealed,,0,0,,50,,Null,0,0,,47,Wellington City,Traffic Signals,,,,,0,0,Urban,0,,,Fine,Null
1756970,5449060,17572,,572000,0,,0,3,,North,2005/2006,SH 1N,MANA VIEW ROAD,,Minor Crash,Yes,2006,,South,,0,,Flat,,,,,,Bright sun,2069802,1,0,0,4,,,0,,,,,,Wellington Region,Nil,2-way,Sealed,,0,0,,50,,Null,0,0,,44,Porirua City,Nil,,,,,0,0,Urban,0,,,Fine,Null
1496517,5211147,17573,,587100,0,,0,2,,Null,2008/2009,SH 73,PORTER RIV BR,,Non-Injury Crash,Yes,2009,,North,,0,,Flat,,,,,,Dark,2461400,0,0,0,1,,,0,,,,,,Canterbury Region,Nil,2-way,Sealed,,0,0,,100,,On,0,0,,62,Selwyn District,Unknown,,,,,0,0,Open,0,,,Fine,Null
1693806,5676265,17574,,552002,0,,0,2,,East,2009/2010,LEMON ST,ELIOT ST,,Non-Injury Crash,No,2009,,West,,0,,Flat,,,,,,Bright sun,1594900,0,0,0,2,,,0,,,,,,Taranaki Region,Nil,2-way,Sealed,,0,0,,50,,Null,0,0,,33,New Plymouth District,Stop,,,,,0,0,Urban,0,,,Fine,Null
1935475,5619512,17575,,546600,0,0,0,1,0,South,2009/2010,Z GREEN BELT,LATHAM/RUSSELL,,Non-Injury Crash,No,2009,0,South,0,0,0,Hill Road,0,,0,,0,Dark,1433600,0,0,0,0,0,0,0,0,0,,0,0,Hawke's Bay Region,Nil,Off road,Sealed,0,0,0,0,50,0,On,0,0,,31,Napier City,Nil,0,0,0,1,0,0,Urban,0,0,0,Fine,Null
1748616,5428512,17576,,573000,0,0,0,2,0,West,2008/2009,AURORA TERRACE,THE TERRACE,,Non-Injury Crash,No,2009,0,East,0,0,0,Hill Road,0,,0,,0,Bright sun,2124600,0,0,0,2,0,0,0,0,1,,0,0,Wellington Region,Nil,2-way,Sealed,0,0,0,0,50,0,Null,0,0,,47,Wellington City,Nil,0,0,0,0,0,0,Urban,0,0,0,Fine,Null
1791284,5500184,17577,,564013,0,0,0,1,0,West,2008/2009,HOKIO BEACH ROAD,BRUCE ROAD,,Non-Injury Crash,No,2009,0,West,0,0,1,Flat,0,,0,,0,Overcast,1856400,0,0,0,2,0,0,0,0,0,,0,0,Manawatū-Whanganui Region,Nil,2-way,Sealed,0,0,0,0,100,0,Null,0,0,,42,Horowhenua District,Nil,0,0,0,0,0,0,Open,0,0,0,Fine,Null
1934597,5622060,17578,,546200,0,,0,2,,Null,2009/2010,SH 2,WEST QUAY,,Non-Injury Crash,Yes,2009,,South,,0,,Flat,,Christmas New Year,,,,Bright sun,1419300,0,0,0,2,,,0,,,,,,Hawke's Bay Region,Nil,2-way,Sealed,,0,0,,50,,Null,0,0,,31,Napier City,Give way,,,,,0,0,Urban,0,,,Fine,Null
1619395,5426230,17579,,583900,0,,0,2,,South,2009/2010,MAIN ROAD STOKE,SONGER ST,,Non-Injury Crash,No,2009,,South,,0,,Flat,,,,,,Overcast,2343200,0,0,0,2,,,0,,,,,,Nelson Region,Nil,2-way,Sealed,,0,0,,50,,Null,0,0,,52,Nelson City,Nil,,,,,0,0,Urban,0,,,Light rain,Null
2036775,5708855,17580,,544600,0,0,0,1,0,North,2009/2010,GLADSTONE ROAD,CARNARVON ST,,Non-Injury Crash,No,2009,0,South,0,0,0,Flat,0,,0,,0,Overcast,1373700,0,0,0,2,0,0,0,0,1,,0,0,Gisborne Region,Nil,2-way,Sealed,0,0,0,0,50,0,Null,0,0,,28,Gisborne District,Nil,0,0,0,0,0,0,Urban,1,0,0,Fine,Null
1570885,5179796,17581,,591500,0,,0,1,,Null,2009/2010,LICHFIELD ST,MANCHESTER ST,,Non-Injury Crash,No,2009,,East,,0,,Flat,,,,,,Bright sun,2652200,0,0,0,2,,,0,,,,,,Canterbury Region,Nil,1-way,Sealed,,0,0,,50,,Null,0,0,,60,Christchurch City,Traffic Signals,,,,,0,0,Urban,1,,,Fine,Null
1222974,4936006,17582,,612714,0,0,0,1,0,North,2008/2009,SH 94,CHRISTIE ROAD,,Non-Injury Crash,Yes,2009,0,North,0,0,1,Flat,0,Easter,0,,0,Bright sun,3170400,0,0,0,2,0,0,0,0,0,,0,0,Southland Region,Nil,2-way,Sealed,0,0,0,0,100,0,Null,0,0,,73,Southland District,Unknown,0,0,0,0,0,0,Open,0,0,0,Fine,Null
1884979,5773830,17583,,540410,0,0,0,2,0,North,2009/2010,TUTANEKAI ST,ERUERA ST,,Non-Injury Crash,No,2009,0,North,0,0,0,Flat,0,,0,,0,Bright sun,1234700,0,0,0,2,0,0,0,0,0,,0,0,Bay of Plenty Region,Nil,2-way,Sealed,0,0,0,0,50,0,Off,0,0,,24,Rotorua District,Nil,0,0,0,0,0,0,Urban,0,1,0,Fine,Null
1820849,5529876,17584,,562310,0,,0,2,,Null,2009/2010,FEATHERSTON ST,WALDEGRAVE ST,,Non-Injury Crash,No,2009,,North,,0,,Flat,,,,,,Dark,1824500,0,0,0,2,,,0,,,,,,Manawatū-Whanganui Region,Nil,2-way,Sealed,,0,0,,50,,On,0,0,,40,Palmerston North City,Give way,,,,,0,0,Urban,0,,,Fine,Null
1565187,5183576,17585,,588900,0,0,0,1,0,Null,2008/2009,KENDAL AVENUE,AMBLESIDE DRIVE,,Non-Injury Crash,No,2009,0,East,0,0,1,Flat,0,,0,,0,Dark,2519202,0,0,0,2,0,0,0,0,0,,0,0,Canterbury Region,Nil,2-way,Sealed,0,0,0,0,50,0,On,0,0,,60,Christchurch City,Give way,0,0,0,0,0,0,Urban,0,0,0,Light rain,Null
1570147,5180881,17586,,591700,0,,0,1,,Null,2008/2009,VICTORIA ST,SALISBURY ST,,Non-Injury Crash,No,2009,,South,,0,,Flat,,,,,,Dark,2654101,0,0,1,2,,,0,,,,,,Canterbury Region,Nil,2-way,Sealed,,0,0,,50,,On,0,0,,60,Christchurch City,Traffic Signals,,,,,0,0,Urban,0,,,Fine,Null
1751165,5915492,17587,,514401,0,,0,3,,North,2009/2010,GREAT NORTH ROAD,ROSEBANK ROAD,,Non-Injury Crash,No,2009,,South,,0,,Flat,,,,,,Bright sun,381802,0,0,0,5,,,0,,,,,,Auckland Region,Nil,2-way,Sealed,,0,0,,50,,Null,0,0,,76,Auckland,Traffic Signals,,,,,0,0,Urban,0,,,Fine,Null
1949364,5791334,17588,,542430,0,0,0,0,0,West,2005/2006,LANDING ROAD,NELSON ST,,Minor Crash,No,2006,0,West,0,0,0,Flat,0,,0,,1,Dark,1309800,1,0,0,2,0,0,0,0,0,,0,0,Bay of Plenty Region,Nil,2-way,Sealed,0,0,0,0,50,0,On,1,0,,25,Whakatane District,Unknown,0,0,0,1,0,0,Urban,0,0,0,Fine,Null
1755873,5916789,17589,,518201,0,,0,1,,Null,2009/2010,DOMINION ROAD,ELIZABETH ST,,Non-Injury Crash,No,2009,,North,,0,,Flat,,,,,,Overcast,549200,0,1,0,4,,,0,,,,,,Auckland Region,Nil,2-way,Sealed,,0,0,,50,,Off,0,0,,76,Auckland,Nil,,,,,0,0,Urban,0,,,Fine,Null
1868847,5710525,17590,,541750,0,0,0,1,1,South,2006/2007,RICHMOND AVENUE,INGLE AVENUE,,Minor Crash,No,2006,0,North,0,0,1,Flat,0,,0,,0,Dark,1266903,1,0,0,2,0,0,0,0,0,,0,0,Waikato Region,Nil,2-way,Sealed,0,0,0,0,50,0,On,0,0,,21,Taupo District,Nil,0,0,0,0,0,0,Urban,0,0,0,Fine,Null
1822534,5529397,17591,,563101,0,,0,2,,Null,2009/2010,FERGUSON ST,COLOMBO ST,,Non-Injury Crash,No,2009,,West,,0,,Flat,,,,,,Overcast,1810400,0,0,0,2,,,0,,,,,,Manawatū-Whanganui Region,Nil,2-way,Sealed,,0,0,,50,,Null,0,0,,40,Palmerston North City,Nil,,,,,0,0,Urban,0,,,Light rain,Null
1755678,5919755,17592,,514000,0,,0,1,,Null,2005/2006,PONSONBY ROAD,DOUGLAS ST,,Serious Crash,No,2006,,East,,0,,Flat,,,,,,Dark,414000,0,0,0,4,,,0,,,1,,,Auckland Region,Nil,2-way,Sealed,,0,1,,50,,On,0,0,,76,Auckland,Stop,,,,,0,0,Urban,0,,,Fine,Null
1748728,5427895,17593,,573000,0,,1,1,,South,2008/2009,WILLIS ST,LAMBTON QUAY,,Non-Injury Crash,No,2009,,North,,0,,Flat,,,,,,Overcast,2127400,0,0,0,3,,,0,,,,,,Wellington Region,Nil,2-way,Sealed,,0,0,,30,,Null,0,0,,47,Wellington City,Nil,,,,,0,0,Urban,0,,,Fine,Null
1757667,5913676,17594,,518600,0,,0,2,,Null,2009/2010,PAH ROAD,ACORN ST,,Non-Injury Crash,No,2009,,South,,0,,Flat,,,,,,Overcast,565400,0,0,0,2,,,0,,,,,,Auckland Region,Nil,2-way,Sealed,,0,0,,50,,Off,0,0,,76,Auckland,Stop,,,,,0,0,Urban,0,,,Fine,Null
1774088,5445394,17595,,567100,0,,0,2,,West,2008/2009,MAIN ST,KING ST,,Non-Injury Crash,No,2009,,West,,0,,Flat,,,,,,Twilight,1906500,0,0,0,2,,,0,,,,,,Wellington Region,Nil,2-way,Sealed,,0,0,,50,,Off,0,0,,45,Upper Hutt City,Nil,,,,,0,0,Urban,0,,,Fine,Null
1752544,5933542,17596,,508701,0,,0,0,,South,2006/2007,Z CPK FARMERS,DON MCKINNON DRIVE,,Serious Crash,No,2006,,East,,0,,Flat,,,,,,Dark,178900,0,0,0,2,,,0,,,1,,,Auckland Region,Nil,Off road,Sealed,,0,1,,50,,On,0,0,,76,Auckland,Nil,,,,,0,0,Urban,1,,,Fine,Null
1749299,5426365,17597,,573400,0,,0,2,,Null,2009/2010,ELLICE ST,BROUGHAM ST,,Non-Injury Crash,No,2009,,West,,0,,Hill Road,,,,,,Dark,2143600,0,0,0,2,,,0,,,,,,Wellington Region,Nil,2-way,Sealed,,0,0,,50,,On,0,1,,47,Wellington City,Stop,,,,,0,0,Urban,0,,,Light rain,Null
1843572,5855060,17598,65,534200,0,0,0,0,0,West,2005/2006,SH 2,WAITAWHETA ROAD,,Minor Crash,Yes,2006,0,South,1,0,0,Flat,0,,0,,0,Dark,1084800,1,0,0,2,0,0,0,0,0,,0,0,Waikato Region,Nil,2-way,Sealed,0,0,0,0,80,0,None,0,0,,12,Hauraki District,Unknown,0,0,0,0,0,0,Open,1,0,0,Mist or Fog,Null
1747876,5914375,17599,,511100,0,,0,2,,Null,2009/2010,GREAT NORTH ROAD,BRANDON ROAD,,Non-Injury Crash,No,2009,,West,,0,,Hill Road,,,,,,Overcast,285302,0,0,0,4,,,0,,,,,,Auckland Region,Nil,2-way,Sealed,,0,0,,50,,Off,0,0,,76,Auckland,Traffic Signals,,,,,0,0,Urban,0,,,Heavy rain,Null
1691838,5675311,17600,,551900,0,0,0,1,0,North,2008/2009,HOYLE PLACE,GLADSTONE ROAD,,Non-Injury Crash,No,2009,0,South,0,0,0,Flat,0,,0,,0,Dark,1589600,0,0,0,2,0,0,0,0,0,,0,0,Taranaki Region,Nil,2-way,Sealed,0,0,0,0,50,0,On,0,0,,33,New Plymouth District,Nil,0,0,0,1,0,0,Urban,0,0,0,Fine,Null
1709217,5618800,17601,,554115,0,,0,2,,North,2008/2009,SH 3,SH 3 LINK ROAD,,Non-Injury Crash,Yes,2009,,South,,0,,Flat,,,,,,Overcast,1653902,0,0,0,2,,,0,,,,,,Taranaki Region,Nil,2-way,Sealed,,0,0,,50,,Null,0,0,,35,South Taranaki District,Give way,,,,,0,0,Urban,0,,,Fine,Null
1889464,5775822,17602,,538741,0,0,0,1,0,Null,2006/2007,ROBINSON AVENUE,COOPER AVENUE,,Minor Crash,No,2006,0,South,0,0,0,Flat,0,,0,,0,Bright sun,1253800,1,0,0,2,0,0,0,0,0,,0,1,Bay of Plenty Region,Nil,2-way,Sealed,0,0,0,0,50,0,Null,0,0,,24,Rotorua District,Nil,0,0,0,0,0,0,Urban,0,0,0,Fine,Null
1929651,5604935,17603,,548200,0,0,0,1,0,East,2008/2009,EASTBOURNE ST WEST,MARKET ST SOUTH,,Non-Injury Crash,No,2009,0,East,0,0,0,Flat,0,,0,,1,Bright sun,1489900,0,0,0,2,0,0,0,0,0,,0,0,Hawke's Bay Region,Nil,2-way,Sealed,0,0,0,0,50,0,Null,0,0,,30,Hastings District,Give way,0,0,0,1,0,0,Urban,0,0,0,Fine,Null
1572159,5181384,17604,,593300,0,,0,1,,East,2008/2009,LONDON ST,PAVITT ST,,Non-Injury Crash,No,2009,,East,,0,,Flat,,,,,,Bright sun,2692600,0,0,0,2,,,0,,,,,,Canterbury Region,Nil,2-way,Sealed,,0,0,,50,,Null,1,0,,60,Christchurch City,Unknown,,,,,0,0,Urban,0,,,Fine,Null
1819519,5530077,17605,,562710,0,,0,2,,South,2008/2009,BOTANICAL ROAD,TREMAINE AVENUE,,Non-Injury Crash,No,2009,,North,,0,,Flat,,Queens Birthday,,,,Bright sun,1817200,0,0,0,2,,,0,,,,,,Manawatū-Whanganui Region,Nil,2-way,Sealed,,0,0,,50,,Null,0,0,,40,Palmerston North City,Give way,,,,,0,0,Urban,0,,,Fine,Null
1679643,5402150,17606,,581250,0,,0,2,,Null,2009/2010,ALABAMA ROAD,WELD ST,,Non-Injury Crash,No,2009,,West,,0,,Flat,,,,,,Bright sun,2303900,0,0,0,2,,,0,,,,,,Marlborough Region,Nil,2-way,Sealed,,0,0,,50,,Null,0,0,,53,Marlborough District,Give way,,,,,0,0,Urban,0,,,Fine,Null
1754609,5444902,17607,,570800,0,,1,1,,Null,2009/2010,PARUMOANA ST,THE RAMP,,Non-Injury Crash,No,2009,,North,,0,,Flat,,,,,,Overcast,2052500,0,0,0,4,,,0,,,,,,Wellington Region,Nil,2-way,Sealed,,0,0,,50,,Null,0,0,,44,Porirua City,Give way,,,,,0,0,Urban,0,,,Fine,Null
1784593,5746488,17608,,531731,0,0,0,1,0,North,2009/2010,SH 3,SH 4,,Non-Injury Crash,Yes,2009,0,North,0,0,1,Flat,0,,0,,0,Bright sun,1011000,0,0,0,2,0,0,0,1,0,,0,0,Waikato Region,Nil,2-way,Sealed,0,0,0,0,100,0,None,0,0,50,20,Waitomo District,Nil,0,0,0,0,0,0,Open,0,0,0,Fine,Null
1782730,5925806,17609,,520801,0,0,0,0,0,Null,2009/2010,BELGIUM ST,WHAKARITE ROAD,,Non-Injury Crash,No,2009,0,East,0,0,0,Hill Road,0,,0,,0,Unknown,515314,0,1,0,2,0,0,0,0,0,,0,0,Auckland Region,Nil,2-way,Sealed,0,0,0,0,50,0,On,0,0,,76,Auckland,Give way,1,0,0,0,0,0,Urban,0,0,0,Fine,Null
1935764,5607700,17610,,545722,0,0,0,1,0,North,2009/2010,LAWN ROAD,PILCHER ROAD,,Non-Injury Crash,No,2009,0,West,1,0,0,Flat,0,,0,,0,Dark,1406501,0,0,0,2,0,0,0,0,0,,0,0,Hawke's Bay Region,Nil,2-way,Sealed,0,0,0,0,100,0,None,0,0,,30,Hastings District,Nil,0,0,0,0,0,0,Open,0,0,0,Heavy rain,Null
1764724,5814922,17611,,526500,0,,0,2,,Null,2009/2010,WALLIS ST,JAMES ST,,Non-Injury Crash,No,2009,,East,,0,,Flat,,,,,,Overcast,854400,0,0,0,2,,,0,,,,,,Waikato Region,Nil,2-way,Sealed,,0,0,,50,,Null,0,0,,13,Waikato District,Give way,,,,,0,0,Urban,0,,,Fine,Null
1797871,5832904,17612,,527123,0,0,0,2,0,West,2006/2007,SH 1B,BANKIER ROAD,,Minor Crash,Yes,2006,0,East,0,0,0,Flat,0,,0,,0,Bright sun,949800,1,0,0,2,0,0,0,0,1,,0,0,Waikato Region,Nil,2-way,Sealed,0,0,0,0,100,0,None,0,0,,13,Waikato District,Nil,0,0,0,0,0,0,Open,0,0,0,Fine,Null
1599291,5242220,17613,,585700,0,0,0,1,1,East,2008/2009,MOTUNAU BEACH ROAD,PATERSONS ROAD,,Non-Injury Crash,No,2009,0,West,0,0,0,Hill Road,0,,0,,0,Bright sun,2434800,0,0,0,2,0,0,0,0,0,,0,0,Canterbury Region,Nil,2-way,Sealed,0,0,0,0,100,0,Null,0,0,,58,Hurunui District,Unknown,0,0,0,0,0,0,Open,0,0,0,Fine,Frost
1755688,5924112,17614,,509800,0,0,0,3,0,Null,2006/2007,QUEEN ST,STAFFORD ROAD,,Minor Crash,No,2006,0,West,0,0,0,Hill Road,0,,0,,0,Dark,361000,1,0,0,2,0,0,0,0,2,,0,0,Auckland Region,Nil,2-way,Sealed,0,0,0,0,50,0,On,0,0,,76,Auckland,Stop,0,0,0,0,0,0,Urban,0,0,0,Fine,Null
1749241,5427357,17615,,573101,0,,0,2,,Null,2008/2009,CABLE ST,TORY ST,,Non-Injury Crash,No,2009,,East,,0,,Flat,,,,,,Overcast,2135200,0,0,0,2,,,0,,,,,,Wellington Region,Nil,2-way,Sealed,,0,0,,50,,Null,0,1,,47,Wellington City,Traffic Signals,,,,,0,0,Urban,0,,,Light rain,Null
1935936,5637753,17616,,545811,0,0,0,0,0,West,2005/2006,PAKURATAHI VALLEY ROAD,SH 2,,Minor Crash,No,2006,0,East,0,0,1,Flat,0,,0,,0,Bright sun,1415600,1,0,0,2,0,0,0,0,0,,0,0,Hawke's Bay Region,Nil,2-way,Sealed,0,0,0,0,100,0,Null,0,0,,30,Hastings District,Nil,0,0,0,0,1,0,Open,0,0,0,Fine,Null
1822863,5529165,17617,,563101,0,,0,2,,Null,2009/2010,VICTORIA AVENUE,COLLEGE ST,,Non-Injury Crash,No,2009,,South,,0,,Flat,,,,,,Bright sun,1811400,0,0,0,2,,,0,,,,,,Manawatū-Whanganui Region,Nil,2-way,Sealed,,0,0,,50,,Null,0,0,,40,Palmerston North City,Stop,,,,,0,0,Urban,0,,,Fine,Null
1754277,5920560,17618,,515201,0,0,0,1,0,East,2006/2007,JERVOIS ROAD,WEST END ROAD,,Minor Crash,No,2006,0,East,0,0,0,Flat,0,,0,,0,Dark,422100,1,0,0,2,0,1,0,0,0,,0,0,Auckland Region,Nil,2-way,Sealed,0,0,0,0,50,0,On,0,0,,76,Auckland,Give way,0,0,0,1,0,0,Urban,0,0,0,Fine,Null
1757441,5921094,17619,,514101,0,,0,1,,West,2009/2010,QUAY ST,LOWER ALBERT ST,,Non-Injury Crash,No,2009,,East,,0,,Flat,,,,,,Bright sun,438209,0,0,0,5,,,0,,,,,,Auckland Region,Nil,2-way,Sealed,,0,0,,50,,Off,0,0,,76,Auckland,Traffic Signals,,,,,0,0,Urban,1,,,Fine,Null