X,Y,OBJECTID,advisorySpeed,areaUnitID,bicycle,bridge,bus,carStationWagon,cliffBank,crashDirectionDescription,crashFinancialYear,crashLocation1,crashLocation2,crashRoadSideRoad,crashSeverity,crashSHDescription,crashYear,debris,directionRoleDescription,ditch,fatalCount,fence,flatHill,guardRail,holiday,houseOrBuilding,intersection,kerb,light,meshblockId,minorInjuryCount,moped,motorcycle,NumberOfLanes,objectThrownOrDropped,otherObject,otherVehicleType,overBank,parkedVehicle,pedestrian,phoneBoxEtc,postOrPole,region,roadCharacter,roadLane,roadSurface,roadworks,schoolBus,seriousInjuryCount,slipOrFlood,speedLimit,strayAnimal,streetLight,suv,taxi,temporarySpeedLimit,tlaId,tlaName,trafficControl,trafficIsland,trafficSign,train,tree,truck,unknownVehicleType,urban,vanOrUtility,vehicle,waterRiver,weatherA,weatherB
1971252,5786637,17620,,542906,0,,0,1,,West,2005/2006,SH 2,PAERATA RIDGE ROAD,,Serious Crash,Yes,2006,,East,,0,,Flat,,,,,,Bright sun,1337502,2,0,0,2,,,0,,,,,,Bay of Plenty Region,Nil,2-way,Sealed,,0,3,,100,,None,0,0,,27,Ōpōtiki District,Nil,,,,,0,0,Open,0,,,Fine,Null
1749140,5918268,17621,,514801,0,,0,2,,Null,2009/2010,SH 16,ROSEBANK OBR,,Non-Injury Crash,Yes,2009,,West,,0,,Flat,,,,,,Overcast,390401,0,0,0,2,,,0,,,,,,Auckland Region,Bridge,2-way,Sealed,,0,0,,100,,Null,0,0,,76,Auckland,Unknown,,,,,0,0,Open,0,,,Fine,Null
1867261,5700785,17622,,541346,0,0,0,1,1,South,2005/2006,SH 1N,ROTONGAIO ROAD,,Minor Crash,Yes,2006,0,North,0,0,0,Hill Road,0,,0,,0,Overcast,1280302,2,0,0,3,0,0,0,0,0,,0,0,Waikato Region,Nil,2-way,Sealed,0,0,0,0,100,0,Null,1,0,,21,Taupo District,Unknown,0,0,0,0,0,0,Open,0,0,0,Light rain,Null
1616975,5424434,17623,,581723,0,0,0,1,0,Null,2009/2010,SH 6,LINK ROAD,,Non-Injury Crash,Yes,2009,0,South,0,0,0,Flat,0,,0,,0,Dark,2359407,0,0,0,2,0,0,0,0,0,,0,0,Nelson Region,Nil,2-way,Sealed,0,0,0,0,100,0,On,0,0,,52,Nelson City,Give way,1,1,0,0,0,0,Open,0,0,0,Fine,Null
1686220,6096347,17624,,501615,0,0,0,1,1,North,2005/2006,SH 10,WAKELIN ROAD,,Minor Crash,Yes,2006,0,South,0,0,0,Hill Road,0,,0,,0,Overcast,50002,1,0,0,2,0,0,0,0,0,,0,0,Northland Region,Nil,2-way,Sealed,0,0,0,0,100,0,None,0,0,,1,Far North District,Nil,0,0,0,0,0,0,Open,0,0,0,Light rain,Null
1746264,5916930,17625,,510800,0,,0,1,,Null,2005/2006,GREAT NORTH ROAD,NORCROSS AVENUE,,Minor Crash,No,2006,,East,,0,,Hill Road,,,,,,Dark,243502,1,0,0,3,,,0,,,,,,Auckland Region,Nil,2-way,Sealed,,0,0,,50,,On,1,0,,76,Auckland,Give way,,,,,0,0,Urban,0,,,Fine,Null
1767932,5913687,17626,,522810,0,,0,1,,Null,2009/2010,PAKURANGA ROAD,GLENMORE ROAD,,Non-Injury Crash,No,2009,,East,,0,,Flat,,,,,,Overcast,691103,0,0,0,5,,,0,,,,,,Auckland Region,Nil,2-way,Sealed,,0,0,,50,,Off,0,0,,76,Auckland,Traffic Signals,,,,,0,0,Urban,1,,,Heavy rain,Null
1758484,5917972,17627,,517400,0,,0,2,,West,2009/2010,NUFFIELD ST,REMUERA ROAD,,Non-Injury Crash,No,2009,,West,,0,,Flat,,,,,,Bright sun,451300,0,0,0,2,,,0,,,,,,Auckland Region,Nil,2-way,Sealed,,0,0,,50,,Off,0,0,,76,Auckland,Nil,,,,,0,0,Urban,0,,,Fine,Null
1664228,5429995,17628,,580200,0,,0,2,,North,2009/2010,SH 6,INGLIS ST,,Non-Injury Crash,Yes,2009,,North,,0,,Flat,,,,,,Bright sun,2283102,0,0,0,2,,,0,,,,,,Marlborough Region,Nil,2-way,Sealed,,0,0,,50,,Null,0,0,,53,Marlborough District,Nil,,,,,0,0,Urban,0,,,Fine,Null
1708920,5650975,17629,75,552900,0,1,0,1,0,North,2008/2009,SH 3,DENBIGH ROAD,,Non-Injury Crash,Yes,2009,0,South,0,0,0,Hill Road,0,Christmas New Year,0,,0,Overcast,1618100,0,0,0,2,0,0,0,0,0,,0,0,Taranaki Region,Bridge,2-way,Sealed,0,0,0,0,100,0,Null,0,0,,34,Stratford District,Nil,0,0,0,0,0,0,Open,0,0,0,Heavy rain,Null
1546177,5180843,17630,,587904,0,,0,1,,East,2008/2009,SH 73,TORLESSE ROAD,,Non-Injury Crash,Yes,2009,,East,,0,,Flat,,Easter,,,,Bright sun,2493000,0,0,0,2,,,0,,,,,,Canterbury Region,Nil,2-way,Sealed,,0,0,,100,,Null,0,0,,62,Selwyn District,Unknown,,,,,0,0,Open,1,,,Fine,Null
1800299,5816430,17631,,529700,0,,0,2,,Null,2005/2006,VICTORIA ST,BOUNDARY ROAD,,Minor Crash,No,2006,,South,,0,,Flat,,,,,,Dark,909302,1,0,0,4,,,0,,,,,,Waikato Region,Nil,2-way,Sealed,,0,0,,50,,On,0,1,,16,Hamilton City,Traffic Signals,,,,,0,0,Urban,0,,,Fine,Null
1749281,5427092,17632,,573101,0,,0,2,,Null,2008/2009,COURTENAY PLACE,BLAIR ST,,Non-Injury Crash,No,2009,,South,,0,,Flat,,,,,,Dark,2135700,0,0,0,2,,,0,,,,,,Wellington Region,Nil,2-way,Sealed,,0,0,,50,,On,0,1,,47,Wellington City,Nil,,,,,0,0,Urban,0,,,Fine,Null
1760432,5436163,17633,,569100,0,,0,2,,East,2008/2009,WATERLOO ROAD,CORNWALL ST,,Non-Injury Crash,No,2009,,West,,0,,Flat,,,,,,Bright sun,1968200,0,0,0,2,,,0,,,,,,Wellington Region,Nil,2-way,Sealed,,0,0,,50,,Null,0,0,,46,Lower Hutt City,Nil,,,,,0,0,Urban,0,,,Fine,Null
1609253,5419418,17634,,581822,0,,0,2,,Null,2009/2010,ELLIS ST,FAIRFIELD ST,,Non-Injury Crash,No,2009,,North,,0,,Flat,,,,,,Overcast,2355703,0,0,0,2,,,0,,,,,,Tasman Region,Nil,2-way,Sealed,,0,0,,50,,Null,0,0,,51,Tasman District,Nil,,,,,0,0,Urban,0,,,Fine,Null
1753626,5918317,17635,,515002,0,,0,1,,West,2005/2006,SH 16,ST LUKES OBR,,Minor Crash,Yes,2006,,East,,0,,Flat,,,,,,Bright sun,390501,1,0,0,3,,,0,,,,,,Auckland Region,Nil,1-way,Sealed,,0,0,,100,,Off,0,0,,76,Auckland,Nil,,,,,1,0,Open,0,,,Fine,Null
1753331,5914249,17636,,514500,0,,0,2,,West,2009/2010,MAIORO ST,SH 20,,Non-Injury Crash,No,2009,,East,,0,,Flat,,,,,,Bright sun,376800,0,0,0,4,,,0,,,,,,Auckland Region,Nil,2-way,Sealed,,0,0,,50,,Off,0,0,,76,Auckland,Give way,,,,,0,0,Urban,0,,,Fine,Null
1772744,5576994,17637,,556400,0,0,0,0,0,East,2008/2009,YORK ST,PURIRI ST,,Non-Injury Crash,No,2009,0,West,0,0,0,Hill Road,0,Easter,0,,0,Bright sun,1718300,0,0,0,2,0,0,0,0,1,,0,0,Manawatū-Whanganui Region,Nil,2-way,Sealed,0,0,0,0,50,0,Null,1,0,,37,Whanganui District,Nil,0,0,0,0,0,0,Urban,1,0,0,Fine,Null
1572555,5180803,17638,,593400,0,,0,2,,Null,2008/2009,WOODHAM ROAD,LINWOOD AVENUE,,Non-Injury Crash,No,2009,,West,,0,,Flat,,,,,,Dark,2614604,0,0,0,2,,,0,,,,,,Canterbury Region,Nil,2-way,Sealed,,0,0,,50,,On,0,0,,60,Christchurch City,Give way,,,,,0,0,Urban,0,,,Fine,Null
1892525,5747578,17639,,538841,0,0,0,1,0,North,2006/2007,SH 5,CAMPBELL ROAD,,Minor Crash,Yes,2006,0,South,0,0,0,Flat,0,,0,,0,Overcast,1260201,1,0,0,2,0,0,0,1,0,,0,0,Waikato Region,Nil,2-way,Sealed,0,0,0,0,100,0,Null,0,0,,24,Rotorua District,Unknown,0,0,0,0,0,0,Open,0,0,0,Fine,Null
1785406,5861739,17640,,527210,0,0,0,1,0,South,2009/2010,SH 1N,HAMPTON DOWNS OBR,,Non-Injury Crash,Yes,2009,0,South,0,0,0,Flat,1,,0,,0,Bright sun,935600,0,0,0,3,0,0,0,0,0,,0,0,Waikato Region,Nil,2-way,Sealed,0,0,0,0,100,0,None,0,0,,13,Waikato District,Unknown,0,0,0,0,0,0,Open,0,0,0,Fine,Null
1448452,5019209,17641,,600826,0,0,0,1,0,Null,2008/2009,SH 1S,SEVEN MILE ROAD,,Non-Injury Crash,Yes,2009,0,South,0,0,0,Flat,0,,0,,0,Overcast,2827100,0,0,0,2,0,0,0,0,1,,0,0,Otago Region,Nil,2-way,Sealed,0,0,0,0,100,0,Null,0,0,,68,Waitaki District,Give way,0,0,0,0,1,0,Open,0,0,0,Light rain,Null
1887907,5821670,17642,,536512,0,0,0,1,0,South,2005/2006,KAIRUA ROAD,KAIRUA ON NBD,,Minor Crash,No,2006,0,East,0,0,1,Hill Road,0,,0,,0,Dark,1206705,1,0,0,2,0,0,0,0,0,,0,0,Bay of Plenty Region,Nil,2-way,Sealed,0,0,0,0,100,0,On,0,0,,23,Tauranga City,Unknown,0,0,0,0,0,0,Open,0,0,0,Fine,Null
1768107,5903286,17643,,524602,0,0,0,1,0,Null,2009/2010,GREAT SOUTH ROAD,KERRS ROAD,,Non-Injury Crash,No,2009,0,South,0,0,0,Flat,0,,0,,0,Dark,780407,0,0,0,4,0,0,0,0,0,,0,1,Auckland Region,Nil,2-way,Sealed,0,0,0,0,70,0,On,0,0,,76,Auckland,Traffic Signals,0,0,0,0,0,0,Urban,0,0,0,Fine,Null
1949912,5789481,17644,,542440,0,,0,0,,South,2005/2006,KING ST,DOUGLAS ST,,Serious Crash,No,2006,,South,,0,,Flat,,,,,,Overcast,1309003,0,0,1,2,,,0,,,,,,Bay of Plenty Region,Nil,2-way,Sealed,,0,1,,50,,Null,0,0,,25,Whakatane District,Unknown,,,,,0,0,Urban,1,,,Fine,Null
1720072,6045831,17645,,503200,0,,0,2,,Null,2008/2009,RIVERSIDE DRIVE,DUNDAS ROAD,,Non-Injury Crash,No,2009,,South,,0,,Flat,,,,,,Overcast,101304,0,0,0,4,,,0,,,,,,Northland Region,Nil,2-way,Sealed,,0,0,,50,,None,0,0,,2,Whangarei District,Nil,,,,,0,0,Urban,0,,,Fine,Null
1788747,5754917,17646,,532000,0,,0,1,,North,2009/2010,NGATAI ST,EDWARD ST,,Non-Injury Crash,No,2009,,North,,0,,Flat,,,,,,Dark,1008300,0,0,0,2,,,0,,,,,,Waikato Region,Nil,2-way,Sealed,,0,0,,50,,On,0,0,,20,Waitomo District,Give way,,,,,0,0,Urban,1,,,Fine,Null
1935942,5653977,17647,,545911,0,,0,0,,North,2008/2009,SH 2,MATAHORUA ROAD,,Non-Injury Crash,Yes,2009,,South,,0,,Hill Road,,,,,,Overcast,1415200,0,0,0,2,,,0,,,,,,Hawke's Bay Region,Nil,2-way,Sealed,,0,0,,100,,Null,0,0,,30,Hastings District,Nil,,,,,1,0,Open,0,,,Fine,Null
1744318,5922521,17648,,513512,0,,0,1,,South,2008/2009,MAKORA ROAD,ROYAL ROAD,,Non-Injury Crash,No,2009,,North,,0,,Hill Road,,,,,,Bright sun,225501,0,0,0,4,,,0,,,,,,Auckland Region,Nil,2-way,Sealed,,0,0,,50,,Off,0,0,,76,Auckland,Nil,,,,,0,0,Urban,1,,,Fine,Null
1753726,5446906,17649,,570600,0,0,0,1,0,East,2009/2010,WHENUA VIEW,HIWI CRESCENT,,Non-Injury Crash,No,2009,0,West,0,0,0,Flat,0,,0,,0,Bright sun,2041200,0,0,0,2,0,0,0,0,1,,0,0,Wellington Region,Nil,2-way,Sealed,0,0,0,0,50,0,Null,0,0,,44,Porirua City,Nil,0,0,0,0,1,0,Urban,0,0,0,Fine,Null
1769324,5442567,17650,,567800,0,0,0,1,0,South,2008/2009,CHATSWORTH ROAD,GLOUCESTER ST,,Non-Injury Crash,No,2009,0,South,0,0,0,Flat,0,,0,,0,Overcast,1899000,0,0,0,2,0,0,0,0,1,,0,0,Wellington Region,Nil,2-way,Sealed,0,0,0,0,50,0,Null,0,0,,45,Upper Hutt City,Nil,0,0,0,0,0,0,Urban,1,0,0,Fine,Null
1620856,5429882,17651,,583000,0,0,0,2,0,South,2008/2009,SH 6,MURITAI ST,,Non-Injury Crash,Yes,2009,0,North,0,0,0,Flat,0,,0,,0,Bright sun,2333100,0,0,0,2,0,0,0,0,1,,0,0,Nelson Region,Nil,2-way,Sealed,0,0,0,0,50,0,Null,0,0,,52,Nelson City,Nil,0,0,0,0,1,0,Urban,0,0,0,Fine,Null
1753929,5924935,17652,,510500,0,,0,2,,Null,2009/2010,BIRKENHEAD AVENUE,ZION ROAD,,Non-Injury Crash,No,2009,,South,,0,,Hill Road,,,,,,Overcast,355800,0,0,0,2,,,0,,,,,,Auckland Region,Nil,2-way,Sealed,,0,0,,50,,Null,0,0,,76,Auckland,Nil,,,,,0,0,Urban,0,,,Heavy rain,Null
1930030,5617166,17653,,547200,0,0,0,1,0,Null,2008/2009,PUKETAPU ROAD,HARPHAM ST,,Non-Injury Crash,No,2009,0,North,0,0,0,Flat,0,,0,,0,Bright sun,1456601,0,0,0,2,0,0,0,0,0,,0,1,Hawke's Bay Region,Nil,2-way,Sealed,0,0,0,0,50,0,Null,1,0,,31,Napier City,Nil,0,0,0,1,0,0,Urban,0,0,0,Fine,Null
1266471,4992538,17654,,609035,0,0,0,0,0,South,2008/2009,SH 6,WYE CRK BR,,Non-Injury Crash,Yes,2009,0,South,0,0,0,Flat,0,,0,,0,Dark,3040101,0,0,0,2,0,1,0,0,0,,0,0,Otago Region,Nil,2-way,Sealed,0,0,0,0,100,0,None,0,0,,70,Queenstown-Lakes District,Unknown,0,0,0,0,0,0,Open,1,0,0,Fine,Null
1749257,5430080,17655,,572900,0,,0,2,,South,2009/2010,HUTT ROAD,KAIWHARAWHARA ROAD,,Non-Injury Crash,No,2009,,North,,0,,Flat,,,,,,Overcast,2118400,0,0,0,2,,,0,,,,,,Wellington Region,Nil,2-way,Sealed,,0,0,,50,,Null,0,0,,47,Wellington City,Nil,,,,,0,0,Urban,0,,,Fine,Null
1818424,5543956,17656,,560720,0,,0,2,,Null,2009/2010,FERGUSSON ST,STAFFORD ST,,Non-Injury Crash,No,2009,,North,,0,,Flat,,,,,,Bright sun,1766200,0,0,0,2,,,0,,,,,,Manawatū-Whanganui Region,Nil,2-way,Sealed,,0,0,,50,,Null,0,0,,39,Manawatu District,Give way,,,,,0,0,Urban,0,,,Fine,Null
1803605,5813554,17657,,530700,0,,0,1,,West,2009/2010,SH 1N COBHAM,HOWELL AVENUE,,Non-Injury Crash,Yes,2009,,East,,0,,Hill Road,,,,,,Overcast,887601,0,0,0,2,,,0,,,,,,Waikato Region,Nil,1-way,Sealed,,0,0,,60,,Off,1,0,,16,Hamilton City,Nil,,,,,0,0,Urban,0,,,Fine,Null
1747452,5427169,17658,,575500,0,0,1,0,1,Null,2008/2009,RAROA ROAD,HOLLOWAY ROAD,,Non-Injury Crash,No,2009,0,East,0,0,0,Hill Road,0,,0,,0,Overcast,2156500,0,0,0,2,0,0,0,0,0,,0,0,Wellington Region,Nil,2-way,Sealed,0,0,0,0,50,0,Null,0,0,,47,Wellington City,Give way,0,0,0,0,0,0,Urban,0,0,0,Fine,Null
1764246,5460672,17659,,566302,0,,0,2,,Null,2009/2010,SH 1N,BEACH ROAD,,Non-Injury Crash,Yes,2009,,North,,0,,Flat,,,,,,Overcast,2010000,0,0,0,2,,,0,,,,,,Wellington Region,Nil,2-way,Sealed,,0,0,,70,,Null,1,0,,43,Kapiti Coast District,Stop,,,,,0,0,Urban,0,,,Heavy rain,Null
1935212,5619394,17660,,546500,0,,0,1,,Null,2008/2009,RIVERBEND ROAD,LATHAM ST,,Non-Injury Crash,No,2009,,South,,0,,Flat,,,,,,Bright sun,1443200,0,0,0,2,,,0,,,,,,Hawke's Bay Region,Nil,2-way,Sealed,,0,0,,50,,Null,1,0,,31,Napier City,Give way,,,,,0,0,Urban,0,,,Fine,Null
1769467,5882074,17661,,525910,0,0,0,2,0,East,2008/2009,REYNOLDS ROAD,EDWARDS COURT,,Non-Injury Crash,No,2009,0,West,0,0,0,Flat,0,,0,,0,Dark,816512,0,0,0,2,0,0,0,0,1,,0,0,Auckland Region,Nil,2-way,Sealed,0,0,0,0,50,0,On,1,0,,76,Auckland,Nil,0,0,0,0,0,0,Urban,1,0,0,Light rain,Null
1950686,5767969,17662,,542562,0,0,0,0,0,North,2009/2010,RUATOKI VALLEY ROAD,NO 1 ROAD,,Non-Injury Crash,No,2009,0,North,0,0,0,Flat,0,,0,,0,Bright sun,1303000,0,0,0,2,0,0,0,0,0,,0,0,Bay of Plenty Region,Nil,2-way,Sealed,0,0,0,0,100,0,Null,1,0,,25,Whakatane District,Unknown,0,0,0,0,0,0,Open,0,0,0,Fine,Null
1748577,5428164,17663,,573000,0,0,0,3,0,Null,2008/2009,THE TERRACE,TERRACE OFF SBD,,Non-Injury Crash,No,2009,0,South,0,0,0,Flat,0,,0,,0,Dark,2124803,0,0,0,2,0,0,0,0,0,,0,0,Wellington Region,Nil,2-way,Sealed,0,0,0,0,50,0,On,0,1,,47,Wellington City,Traffic Signals,1,0,0,0,0,0,Urban,0,0,0,Light rain,Null
1742772,5921998,17664,,513622,0,,0,2,,South,2009/2010,DON BUCK ROAD,RED HILLS ROAD,,Non-Injury Crash,No,2009,,North,,0,,Flat,,,,,,Overcast,226700,0,0,0,2,,,0,,,,,,Auckland Region,Nil,2-way,Sealed,,0,0,,50,,Off,0,0,,76,Auckland,Nil,,,,,0,0,Urban,0,,,Light rain,Null
1754739,5915813,17665,,517703,0,0,0,3,0,Null,2009/2010,SANDRINGHAM ROAD,HALESOWEN AVENUE,,Non-Injury Crash,No,2009,0,South,0,0,1,Flat,0,,0,,0,Dark,538300,0,0,0,2,0,0,0,0,1,,0,0,Auckland Region,Nil,2-way,Sealed,0,0,0,0,50,0,On,0,0,,76,Auckland,Nil,0,0,0,0,0,0,Urban,0,0,0,Light rain,Null
1729714,5997436,17666,,504900,0,,1,0,,North,2008/2009,SH 1N,ONERIRI ROAD,,Non-Injury Crash,Yes,2009,,South,,0,,Hill Road,,,,,,Bright sun,134201,0,0,0,2,,,0,,,,,,Northland Region,Nil,2-way,Sealed,,0,0,,100,,Null,0,0,,3,Kaipara District,Nil,,,,,0,0,Open,1,,,Fine,Null
1768236,5469743,17667,,566000,0,0,0,2,0,North,2009/2010,KAPITI ROAD,TE ROTO DRIVE,,Non-Injury Crash,No,2009,0,West,0,0,0,Flat,0,,0,,0,Overcast,2003709,0,0,0,2,0,0,0,0,0,,0,0,Wellington Region,Nil,2-way,Sealed,0,0,0,0,50,0,Null,0,0,,43,Kapiti Coast District,Nil,1,0,0,0,0,0,Urban,0,0,0,Fine,Null
1823370,5532354,17668,,562500,0,0,0,2,0,South,2009/2010,RAILWAY ROAD,FRANCIS WAY,,Non-Injury Crash,No,2009,0,East,0,0,0,Flat,0,,0,,0,Bright sun,1840800,0,0,0,2,0,1,0,0,0,,0,0,Manawatū-Whanganui Region,Nil,2-way,Sealed,0,0,0,0,50,0,Null,0,0,,40,Palmerston North City,Nil,0,0,0,0,0,0,Urban,0,0,0,Fine,Null
1876143,5820675,17669,,537500,0,,0,2,,Null,2009/2010,TUTHILL ST,DUNROBBIN PLACE,,Non-Injury Crash,No,2009,,West,,0,,Flat,,,,,,Bright sun,1172303,0,0,0,2,,,0,,,,,,Bay of Plenty Region,Nil,2-way,Sealed,,0,0,,50,,Null,0,0,,23,Tauranga City,Nil,,,,,0,0,Urban,0,,,Fine,Null
1933518,5623357,17670,,545611,0,,0,2,,Null,2008/2009,SH 2 MEEANEE QUAY,SH 2B,,Non-Injury Crash,Yes,2009,,West,,0,,Flat,,,,,,Bright sun,1413802,0,0,0,2,,,0,,,,,,Hawke's Bay Region,Nil,2-way,Sealed,,0,0,,100,,Null,0,0,,31,Napier City,Stop,,,,,0,0,Open,0,,,Fine,Null
1662776,5326226,17671,,581500,0,0,0,1,0,North,2008/2009,PUHI PUHI ROAD,PICNIC STRM,,Non-Injury Crash,No,2009,0,South,0,0,1,Hill Road,0,,0,,0,Dark,2314700,0,0,0,2,0,0,0,0,0,,0,0,Canterbury Region,Nil,2-way,Unsealed,0,0,0,0,100,0,None,0,0,,54,Kaikoura District,Unknown,0,0,0,0,0,0,Open,0,0,0,Heavy rain,Null
1749005,5426284,17672,,576500,0,,0,1,,Null,2009/2010,SH 1N RUGBY,ADELAIDE ROAD,,Non-Injury Crash,Yes,2009,,West,,0,,Flat,,Christmas New Year,,,,Overcast,2147900,0,0,0,3,,,0,,,,,,Wellington Region,Nil,1-way,Sealed,,0,0,,50,,Null,1,0,,47,Wellington City,Traffic Signals,,,,,0,0,Urban,0,,,Fine,Null
1719641,6048569,17673,,502700,0,0,0,0,0,South,2008/2009,CAIRNFIELD ROAD,KING ST,,Non-Injury Crash,No,2009,0,North,0,0,1,Flat,0,,0,,0,Dark,90900,0,0,0,2,0,0,1,0,0,,0,0,Northland Region,Nil,2-way,Sealed,0,0,0,0,50,0,On,0,0,,2,Whangarei District,Nil,0,0,0,0,0,0,Urban,0,0,0,Fine,Null
1499346,5137720,17674,,597840,0,0,0,1,0,North,2009/2010,MOORE ST,CASS ST,,Non-Injury Crash,No,2009,0,South,0,0,0,Flat,0,,0,,0,Bright sun,2728100,0,0,0,2,0,0,0,0,1,,0,0,Canterbury Region,Nil,2-way,Sealed,0,0,0,0,50,0,Null,0,0,,63,Ashburton District,Unknown,0,0,0,0,0,0,Urban,0,0,0,Fine,Null
1933080,5619154,17675,,547001,0,,0,1,,West,2008/2009,BRISTOL ST,WESTMINSTER AVENUE,,Non-Injury Crash,No,2009,,West,,0,,Flat,,,,,,Overcast,1451400,0,0,1,2,,,0,,,,,,Hawke's Bay Region,Nil,2-way,Sealed,,0,0,,50,,Null,0,0,,31,Napier City,Nil,,,,,0,0,Urban,0,,,Fine,Null
1844039,5811733,17676,,535502,0,0,0,1,0,South,2008/2009,HETANA ST,SH 24,,Non-Injury Crash,No,2009,0,North,0,0,0,Flat,0,,0,,0,Overcast,1118700,0,0,0,2,0,0,0,0,1,,0,0,Waikato Region,Nil,2-way,Sealed,0,0,0,0,50,0,Off,1,0,,15,Matamata-Piako District,Nil,0,0,0,0,0,0,Urban,0,0,0,Light rain,Null
1770077,5914681,17677,,522722,0,,0,2,,West,2009/2010,PAKURANGA ROAD,ABERFELDY AVENUE,,Non-Injury Crash,No,2009,,East,,0,,Flat,,,,,,Bright sun,681308,0,0,0,4,,,0,,,,,,Auckland Region,Nil,2-way,Sealed,,0,0,,50,,None,0,0,,76,Auckland,Nil,,,,,0,0,Urban,0,,,Fine,Null
1760657,5946863,17678,,505904,0,,0,1,,Null,2008/2009,ALEC CRAIG WAY,ALVERNA HEIGHTS WAY E,,Non-Injury Crash,No,2009,,South,,0,,Hill Road,,,,,,Dark,175113,0,0,0,2,,,0,,,,,,Auckland Region,Nil,2-way,Sealed,,0,0,,50,,On,0,0,,76,Auckland,Nil,,,,,0,0,Urban,0,,,Fine,Null
1884856,5773898,17679,,540410,0,0,0,2,0,East,2009/2010,HINEMOA ST,AMOHIA ST,,Non-Injury Crash,No,2009,0,East,0,0,0,Flat,0,,1,,0,Bright sun,1234200,0,0,0,2,0,0,0,0,0,,0,0,Bay of Plenty Region,Nil,2-way,Sealed,0,0,0,0,50,0,Null,0,0,,24,Rotorua District,Unknown,0,0,0,0,0,0,Urban,0,0,0,Fine,Null
1759740,5436915,17680,,569301,0,,0,2,,South,2008/2009,SH 2,MELLING LINK,,Non-Injury Crash,Yes,2009,,North,,0,,Flat,,,,,,Dark,1919900,0,0,0,5,,,0,,,,,,Wellington Region,Nil,2-way,Sealed,,0,0,,100,,On,0,0,,46,Lower Hutt City,Nil,,,,,0,0,Open,0,,,Light rain,Null
1928034,5606559,17681,,548500,0,,0,2,,Null,2008/2009,LOWE ST,ORCHARD ROAD,,Non-Injury Crash,No,2009,,North,,0,,Flat,,,,,,Overcast,1479500,0,0,0,2,,,0,,,,,,Hawke's Bay Region,Nil,2-way,Sealed,,0,0,,50,,Null,0,0,,30,Hastings District,Give way,,,,,0,0,Urban,0,,,Fine,Null
1937925,5608298,17682,,545740,0,0,0,1,0,North,2008/2009,MILL ROAD,TUKITUKI ROAD,,Non-Injury Crash,No,2009,0,West,0,0,1,Flat,0,,0,,0,Bright sun,1407700,0,0,0,2,0,0,0,0,0,,0,0,Hawke's Bay Region,Nil,2-way,Sealed,0,0,0,0,100,0,Null,0,0,,30,Hastings District,Nil,0,0,0,0,0,0,Open,0,0,0,Fine,Null
1884491,5772174,17683,,540520,0,,0,2,,West,2009/2010,DEVON ST,RANOLF ST,,Non-Injury Crash,No,2009,,West,,0,,Flat,,,,,,Bright sun,1240600,0,0,0,2,,,0,,,,,,Bay of Plenty Region,Nil,2-way,Sealed,,0,0,,50,,Null,0,0,,24,Rotorua District,Unknown,,,,,0,0,Urban,0,,,Fine,Null
2037454,5708324,17684,,544600,0,0,0,1,0,South,2008/2009,PEEL ST,READS QUAY,,Non-Injury Crash,No,2009,0,North,0,0,0,Flat,0,,0,,0,Overcast,1371000,0,0,0,2,0,0,0,0,1,,0,0,Gisborne Region,Nil,2-way,Sealed,0,0,0,0,50,0,Null,0,0,,28,Gisborne District,Nil,0,0,0,0,0,0,Urban,1,0,0,Fine,Null
1694705,5676667,17685,,552100,0,,0,2,,Null,2009/2010,SH 3,MANGOREI ROAD,,Non-Injury Crash,Yes,2009,,East,,0,,Hill Road,,,,,,Overcast,1598101,0,0,0,2,,,0,,,,,,Taranaki Region,Nil,2-way,Sealed,,0,0,,50,,Null,0,0,,33,New Plymouth District,Traffic Signals,,,,,0,0,Urban,0,,,Fine,Null
1794064,5501479,17686,,564210,0,0,0,1,0,Null,2008/2009,SH 1N OXFORD,KAWIU ROAD,,Non-Injury Crash,Yes,2009,0,East,0,0,0,Hill Road,0,,0,,0,Dark,1862700,0,0,0,2,0,0,0,1,0,,0,0,Manawatū-Whanganui Region,Nil,2-way,Sealed,0,0,0,0,50,0,On,0,0,,42,Horowhenua District,Give way,0,0,0,1,0,0,Urban,0,0,0,Fine,Null
1591252,5154500,17687,,596901,0,0,0,1,0,West,2008/2009,SH 75,WAINUI MAIN ROAD,,Non-Injury Crash,Yes,2009,0,East,0,0,1,Hill Road,0,,0,,0,Dark,2714500,0,0,0,2,0,0,0,0,0,,0,0,Canterbury Region,Nil,2-way,Sealed,0,0,0,0,100,0,None,0,0,,60,Christchurch City,Unknown,0,0,0,0,0,0,Open,0,0,0,Fine,Null
1755014,5444260,17688,,571000,0,,0,2,,Null,2008/2009,MUNGAVIN AVENUE W,CHAMPION ST,,Non-Injury Crash,No,2009,,West,,0,,Flat,,,,,,Dark,2051100,0,0,0,2,,,0,,,,,,Wellington Region,Nil,2-way,Sealed,,0,0,,50,,On,0,0,,44,Porirua City,Give way,,,,,0,0,Urban,0,,,Fine,Null
2037386,5708217,17689,,544600,0,0,0,1,0,South,2008/2009,GLADSTONE ROAD,PEEL ST,,Non-Injury Crash,No,2009,0,North,0,0,0,Flat,0,,0,,0,Bright sun,1371400,0,0,0,2,0,0,0,0,1,,0,0,Gisborne Region,Nil,2-way,Sealed,0,0,0,0,50,0,Null,1,0,,28,Gisborne District,Nil,0,0,0,0,0,0,Urban,0,0,0,Fine,Null