X,Y,OBJECTID,advisorySpeed,areaUnitID,bicycle,bridge,bus,carStationWagon,cliffBank,crashDirectionDescription,crashFinancialYear,crashLocation1,crashLocation2,crashRoadSideRoad,crashSeverity,crashSHDescription,crashYear,debris,directionRoleDescription,ditch,fatalCount,fence,flatHill,guardRail,holiday,houseOrBuilding,intersection,kerb,light,meshblockId,minorInjuryCount,moped,motorcycle,NumberOfLanes,objectThrownOrDropped,otherObject,otherVehicleType,overBank,parkedVehicle,pedestrian,phoneBoxEtc,postOrPole,region,roadCharacter,roadLane,roadSurface,roadworks,schoolBus,seriousInjuryCount,slipOrFlood,speedLimit,strayAnimal,streetLight,suv,taxi,temporarySpeedLimit,tlaId,tlaName,trafficControl,trafficIsland,trafficSign,train,tree,truck,unknownVehicleType,urban,vanOrUtility,vehicle,waterRiver,weatherA,weatherB
1930510,5604594,17690,,548100,0,,0,1,,Null,2009/2010,ST AUBYN ST EAST,WILLOWPARK ROAD NORTH,,Non-Injury Crash,No,2009,,North,,0,,Flat,,,,,,Dark,1500800,0,0,0,2,,,0,,,,,,Hawke's Bay Region,Nil,2-way,Sealed,,0,0,,50,,On,1,0,,30,Hastings District,Give way,,,,,0,0,Urban,0,,,Fine,Null
1679724,5401938,17691,,581250,0,0,0,1,0,East,2008/2009,CLEGHORN ST,WELD ST,,Non-Injury Crash,No,2009,0,East,0,0,0,Flat,0,,0,,1,Bright sun,2305000,0,0,0,2,0,1,0,0,0,,0,1,Marlborough Region,Nil,2-way,Sealed,0,0,0,0,50,0,Null,0,0,,53,Marlborough District,Nil,0,0,0,1,0,0,Urban,0,0,0,Fine,Null
1930581,5604498,17692,,548100,0,,0,2,,Null,2008/2009,ST AUBYN ST EAST,PRINCES ST,,Non-Injury Crash,No,2009,,West,,0,,Flat,,,,,,Bright sun,1500700,0,0,0,2,,,0,,,,,,Hawke's Bay Region,Nil,2-way,Sealed,,0,0,,50,,Null,0,0,,30,Hastings District,Give way,,,,,0,0,Urban,1,,,Fine,Null
1619603,5426573,17693,,583900,0,0,0,1,0,West,2009/2010,PUTAITAI ST,MAIN ROAD STOKE,,Non-Injury Crash,No,2009,0,East,0,0,0,Flat,0,,0,,0,Bright sun,2342700,0,0,0,2,0,0,0,0,1,,0,0,Nelson Region,Nil,2-way,Sealed,0,0,0,0,50,0,Null,0,0,,52,Nelson City,Nil,0,0,0,0,0,0,Urban,1,0,0,Fine,Null
1935011,5622296,17694,,546200,0,0,0,1,0,Null,2008/2009,SH 50,LEVER ST,,Non-Injury Crash,Yes,2009,0,South,0,0,0,Flat,0,,0,,0,Dark,1418900,0,0,0,2,0,0,0,0,0,,1,0,Hawke's Bay Region,Nil,2-way,Sealed,0,0,0,0,50,0,On,0,0,,31,Napier City,Nil,0,0,0,0,0,0,Urban,0,0,0,Light rain,Null
1754577,5447462,17695,,570600,1,,0,1,,Null,2009/2010,MAIN ROAD,DIMOCK ST,,Minor Crash,No,2009,,South,,0,,Flat,,,,,,Overcast,2039800,1,0,0,2,,,0,,,,,,Wellington Region,Nil,2-way,Sealed,,0,0,,50,,Null,0,1,,44,Porirua City,Give way,,,,,0,0,Urban,0,,,Light rain,Null
1758319,5919639,17696,,515902,0,0,0,0,1,South,2009/2010,LOWER DOMAIN DRIVE,LOVERS LANE,,Non-Injury Crash,No,2009,0,North,0,0,0,Hill Road,0,,0,,0,Bright sun,451400,0,0,0,1,0,0,0,0,0,,0,0,Auckland Region,Nil,1-way,Sealed,0,0,0,0,50,0,Off,1,0,,76,Auckland,Nil,0,0,0,0,0,0,Urban,0,0,0,Light rain,Null
1756277,5443929,17697,,571200,0,0,0,2,0,South,2009/2010,HAMPSHIRE ST,MUNGAVIN AVENUE,,Non-Injury Crash,No,2009,0,North,0,0,1,Flat,0,,0,,0,Dark,2049500,0,0,0,2,0,0,0,0,1,,0,0,Wellington Region,Nil,2-way,Sealed,0,0,0,0,50,0,On,0,0,,44,Porirua City,Give way,0,0,0,0,0,0,Urban,0,0,0,Fine,Null
1767062,5901959,17698,,524720,0,0,0,2,0,South,2009/2010,MARR ROAD,BROWNS ROAD,,Non-Injury Crash,No,2009,0,South,0,0,0,Flat,0,,0,,0,Bright sun,779500,0,0,0,2,0,0,0,0,1,,0,0,Auckland Region,Nil,2-way,Sealed,0,0,0,0,50,0,Off,0,0,,76,Auckland,Nil,0,0,0,0,0,0,Urban,0,0,0,Fine,Null
1755793,5451709,17699,,571900,0,,0,1,,West,2008/2009,MOANA ROAD,AIRLIE ROAD,,Non-Injury Crash,No,2009,,North,,0,,Flat,,,,,,Dark,2066800,0,0,0,2,,,0,,,,,,Wellington Region,Nil,2-way,Sealed,,0,0,,50,,None,0,0,,44,Porirua City,Nil,,,,,0,0,Urban,0,,,Fine,Null
1749445,5430548,17700,,574600,0,0,0,1,0,North,2008/2009,SAR ST,HUTT ROAD,,Non-Injury Crash,No,2009,0,North,0,0,0,Hill Road,0,,0,,1,Dark,2117101,0,0,0,2,0,0,0,0,0,,0,0,Wellington Region,Nil,2-way,Sealed,0,0,0,0,50,0,On,0,0,,47,Wellington City,Nil,0,0,0,0,0,0,Urban,0,0,0,Fine,Null
1490515,5168218,17701,,597600,0,,0,2,,Null,2008/2009,FOREST DRIVE,ALFORD ST,,Non-Injury Crash,No,2009,,South,,0,,Flat,,,,,,Overcast,2752300,0,0,0,2,,,0,,,,,,Canterbury Region,Nil,2-way,Sealed,,0,0,,50,,Null,0,0,,63,Ashburton District,Give way,,,,,0,0,Urban,0,,,Fine,Null
1801304,5814116,17702,,529100,0,0,0,1,0,South,2009/2010,COBHAM DRIVE,PALMERSTON OBR NBD,,Non-Injury Crash,No,2009,0,North,0,0,0,Flat,0,,0,,0,Twilight,931900,0,0,0,4,0,0,0,0,0,,0,0,Waikato Region,Nil,2-way,Sealed,0,0,0,0,80,0,Off,0,0,,16,Hamilton City,Nil,0,0,0,1,0,0,Open,0,0,0,Light rain,Null
1774225,5909485,17703,,523202,0,0,0,1,0,East,2009/2010,WHITFORD ROAD,WADES ROAD,,Non-Injury Crash,No,2009,0,West,0,0,0,Hill Road,0,,0,,0,Bright sun,717600,0,0,0,2,0,0,0,1,0,,0,0,Auckland Region,Nil,2-way,Sealed,0,0,0,0,80,0,Null,0,0,,76,Auckland,Unknown,0,0,0,0,0,0,Open,0,0,1,Fine,Null
1840436,5837572,17704,,534604,0,0,0,1,0,South,2008/2009,STANLEY ROAD SOUTH,WAGSTAFF ROAD,,Non-Injury Crash,No,2009,0,South,0,0,0,Flat,0,,0,,0,Dark,1108000,0,0,0,2,0,0,0,0,0,,0,0,Waikato Region,Nil,2-way,Sealed,0,0,0,0,100,0,None,0,0,,15,Matamata-Piako District,Give way,0,0,0,0,0,0,Open,0,0,0,Fine,Null
1623363,5429502,17705,,582800,0,,0,2,,Null,2008/2009,HAMPDEN ST,NGATITAMA ST,,Non-Injury Crash,No,2009,,South,,0,,Hill Road,,,,,,Bright sun,2322600,0,0,0,2,,,0,,,,,,Nelson Region,Nil,2-way,Sealed,,0,0,,50,,Null,0,0,,52,Nelson City,Give way,,,,,0,0,Urban,0,,,Fine,Null
1571371,5179798,17706,,591500,0,,0,2,,Null,2008/2009,BARBADOES ST,LICHFIELD ST,,Non-Injury Crash,No,2009,,South,,0,,Flat,,,,,,Dark,2650200,0,0,0,2,,,0,,,,,,Canterbury Region,Nil,2-way,Sealed,,0,0,,50,,On,0,1,,60,Christchurch City,Traffic Signals,,,,,0,0,Urban,0,,,Fine,Null
1749045,5424765,17707,,576400,0,0,0,1,0,East,2008/2009,NORMANBY ST,RIDDIFORD ST,,Non-Injury Crash,No,2009,0,East,0,0,0,Flat,0,,0,,0,Bright sun,2168600,0,0,0,2,0,0,0,0,1,,0,0,Wellington Region,Nil,2-way,Sealed,0,0,0,0,50,0,Null,0,0,,47,Wellington City,Nil,0,0,0,0,1,0,Urban,0,0,0,Fine,Null
1878840,5824272,17708,,538201,0,0,0,1,0,Null,2009/2010,TAKITIMU DRIVE,ELIZABETH ST,,Non-Injury Crash,Yes,2009,0,North,0,0,0,Flat,1,,0,,0,Overcast,1164600,0,0,0,2,0,0,0,0,0,,0,0,Bay of Plenty Region,Nil,2-way,Sealed,0,0,0,0,50,0,Null,0,0,,23,Tauranga City,Give way,0,0,0,0,0,0,Urban,0,0,0,Fine,Null
1709810,5680096,17709,,550700,0,0,0,1,0,North,2008/2009,NGATIMARU ROAD,FAULL ROAD,,Non-Injury Crash,No,2009,0,South,0,0,0,Flat,0,,0,,0,Overcast,1550502,0,0,0,2,0,0,0,0,0,,0,0,Taranaki Region,Nil,2-way,Sealed,0,0,0,0,100,0,Null,0,0,,33,New Plymouth District,Nil,0,0,0,0,0,0,Open,0,0,0,Fine,Null
1936694,5616312,17710,,545632,0,,0,1,,Null,2008/2009,AWATOTO ROAD,WAITANGI ROAD,,Non-Injury Crash,No,2009,,East,,0,,Flat,,Christmas New Year,,,,Bright sun,1403002,0,0,0,2,,,0,,,,,,Hawke's Bay Region,Nil,2-way,Sealed,,0,0,,50,,Null,1,0,,31,Napier City,Give way,,,,,0,0,Urban,0,,,Fine,Null
1748107,5912263,17711,,511902,0,0,0,2,0,North,2009/2010,WEST LYNN ROAD,TITIRANGI ROAD,,Non-Injury Crash,No,2009,0,West,0,0,0,Flat,0,,0,,0,Dark,292104,0,0,0,2,0,0,0,0,1,,0,0,Auckland Region,Nil,2-way,Sealed,0,0,0,0,50,0,On,0,0,,76,Auckland,Nil,0,0,0,0,0,0,Urban,0,0,0,Fine,Null
1754452,5929150,17712,,508320,0,0,0,1,0,South,2009/2010,MERTON AVENUE,VIEW ROAD,,Non-Injury Crash,No,2009,0,South,0,0,0,Flat,0,,0,,0,Dark,196401,0,0,0,1,0,0,0,0,0,,0,1,Auckland Region,Nil,2-way,Sealed,0,0,0,0,50,0,On,0,0,,76,Auckland,Unknown,0,0,0,0,0,0,Urban,0,0,0,Fine,Null
1759981,5889592,17713,,521122,0,0,0,2,0,Null,2009/2010,KINGSEAT ROAD,LINWOOD ROAD,,Non-Injury Crash,No,2009,0,South,1,0,0,Flat,0,,0,,0,Bright sun,811001,0,0,0,2,0,0,0,0,0,,0,0,Auckland Region,Nil,2-way,Sealed,0,0,0,0,60,0,Off,0,0,,76,Auckland,Give way,0,0,0,0,0,0,Urban,0,0,0,Fine,Null
1766905,5462567,17714,,566302,0,,0,0,,Null,2009/2010,WHAREROA OFF SBD,WHAREROA ROAD,,Non-Injury Crash,Yes,2009,,South,,0,,Flat,,,,,,Dark,2010100,0,0,0,2,,,0,,,,,,Wellington Region,Nil,2-way,Sealed,,0,0,,50,,On,1,0,,43,Kapiti Coast District,Give way,,,,,1,0,Urban,0,,,Fine,Null
1570642,5179684,17715,,591500,0,,1,1,,North,2008/2009,COLOMBO ST,TUAM ST,,Non-Injury Crash,No,2009,,South,,0,,Flat,,,,,,Overcast,2652000,0,0,0,2,,,0,,,,,,Canterbury Region,Nil,2-way,Sealed,,0,0,,50,,Null,0,0,,60,Christchurch City,Traffic Signals,,,,,0,0,Urban,0,,,Fine,Null
1824058,5530680,17716,,562500,0,,0,2,,Null,2008/2009,SH 3,UPPER MAIN ST,,Non-Injury Crash,Yes,2009,,East,,0,,Flat,,,,,,Overcast,1844100,0,0,0,4,,,0,,,,,,Manawatū-Whanganui Region,Nil,2-way,Sealed,,0,0,,50,,Null,0,0,,40,Palmerston North City,Give way,,,,,0,0,Urban,0,,,Heavy rain,Null
1753882,5443090,17717,,570800,0,0,0,1,0,North,2008/2009,KENEPURU DRIVE,RAIHA ST,,Non-Injury Crash,No,2009,0,East,0,0,0,Flat,0,,0,,0,Dark,2053105,0,0,0,2,0,0,0,0,1,,0,0,Wellington Region,Nil,2-way,Sealed,0,0,0,0,50,0,On,0,0,,44,Porirua City,Nil,0,0,0,0,0,0,Urban,1,0,0,Fine,Null
1698691,5621232,17718,,553700,0,0,0,1,0,West,2008/2009,SH 45,KEARIN ROAD,,Non-Injury Crash,Yes,2009,0,West,0,0,1,Flat,0,,0,,0,Dark,1657700,0,0,0,2,0,0,0,0,0,,0,0,Taranaki Region,Nil,2-way,Sealed,0,0,0,0,100,0,None,0,0,,35,South Taranaki District,Nil,0,0,0,0,0,0,Open,0,0,0,Light rain,Null
1765994,5908257,17719,,523402,0,,1,1,,Null,2009/2010,BAIRDS ROAD,ASHTON AVENUE,,Non-Injury Crash,No,2009,,East,,0,,Flat,,,,,,Bright sun,698300,0,0,0,2,,,0,,,,,,Auckland Region,Nil,2-way,Sealed,,0,0,,50,,Off,0,0,,76,Auckland,Give way,,,,,0,0,Urban,0,,,Fine,Null
1426239,5114835,17720,,600200,0,,0,0,,Null,2008/2009,SH 8,SCHOOL ROAD,,Non-Injury Crash,Yes,2009,,North,,0,,Flat,,,,,,Twilight,2805200,0,0,0,2,,,0,,,,,,Canterbury Region,Nil,2-way,Sealed,,0,0,,50,,Off,2,0,,65,Mackenzie District,Nil,,,,,0,0,Urban,0,,,Fine,Null
1415092,4924003,17721,,605200,0,,0,1,,South,2008/2009,BLUESKIN ROAD,BRAILLEYS TRACK,,Non-Injury Crash,No,2009,,North,,0,,Hill Road,,,,,,Bright sun,2859600,0,0,0,1,,,0,,,,,,Otago Region,Nil,2-way,Sealed,,0,0,,50,,Null,0,0,,71,Dunedin City,Unknown,,,,,0,0,Urban,1,,,Fine,Null
1936213,5621965,17722,,546802,0,,0,2,,Null,2009/2010,MILTON ROAD,HARVEY ROAD,,Non-Injury Crash,No,2009,,West,,0,,Hill Road,,,,,,Overcast,1421100,0,0,0,2,,,0,,,,,,Hawke's Bay Region,Nil,2-way,Sealed,,0,0,,50,,Null,0,0,,31,Napier City,Stop,,,,,0,0,Urban,0,,,Fine,Null
1239754,4834455,17723,,610074,0,,0,1,,Null,2009/2010,SH 1S,OMAUI ROAD,,Minor Crash,Yes,2009,,South,,0,,Flat,,,,,,Overcast,3160101,1,0,0,2,,,0,,,,,,Southland Region,Rail xing,2-way,Sealed,,0,0,,100,,Null,0,0,,75,Invercargill City,Stop,,,,,1,0,Open,0,,,Fine,Null
1586275,5416098,17724,,581844,0,0,0,1,0,North,2008/2009,MOTUEKA VALLEY HIGHWAY,MARAREWA CMTY,,Non-Injury Crash,No,2009,0,South,0,0,0,Flat,0,,0,,0,Bright sun,2374500,0,0,0,2,0,0,0,0,0,,0,0,Tasman Region,Nil,2-way,Sealed,0,0,0,0,100,0,Null,0,0,,51,Tasman District,Nil,0,0,0,0,0,0,Open,0,0,0,Fine,Null
1775250,5579022,17725,,556800,0,0,0,1,0,Null,2008/2009,SOMME PARADE,DUBLIN ST,,Non-Injury Crash,No,2009,0,East,0,0,0,Hill Road,1,,0,,1,Dark,1704600,0,0,0,2,0,0,0,1,0,,0,0,Manawatū-Whanganui Region,Nil,2-way,Sealed,0,0,0,0,50,0,On,0,0,,37,Whanganui District,Give way,1,0,0,0,0,0,Urban,0,0,0,Fine,Null
1745121,5924407,17726,,513431,0,,0,1,,Null,2008/2009,HOBSONVILLE ROAD,LUCKENS ROAD,,Non-Injury Crash,No,2009,,North,,0,,Flat,,,,,,Bright sun,223802,0,0,0,2,,,0,,,,,,Auckland Region,Nil,2-way,Sealed,,0,0,,50,,Off,1,0,,76,Auckland,Give way,,,,,0,0,Urban,0,,,Fine,Null
1768126,5472209,17727,,565901,0,0,0,0,0,East,2009/2010,DONOVAN ROAD,PERCIVAL ROAD,,Non-Injury Crash,No,2009,0,West,0,0,0,Flat,0,,0,,0,Dark,2000800,0,0,0,2,0,0,0,0,0,,0,1,Wellington Region,Nil,2-way,Sealed,0,0,0,0,50,0,None,1,0,,43,Kapiti Coast District,Nil,0,0,0,1,0,0,Urban,1,0,0,Fine,Null
1770268,5898557,17728,,523920,0,,0,2,,Null,2009/2010,WALTER STREVENS DRIVE,BEAUMARIS WAY,,Non-Injury Crash,No,2009,,East,,0,,Flat,,,,,,Bright sun,768008,0,0,0,2,,,0,,,,,,Auckland Region,Nil,2-way,Sealed,,0,0,,50,,None,0,0,,76,Auckland,Give way,,,,,0,0,Urban,0,,,Fine,Null
1691111,5672913,17729,,551600,0,0,0,2,0,Null,2008/2009,TUKAPA ST,COWLING ROAD,,Non-Injury Crash,No,2009,0,North,0,0,0,Hill Road,0,,0,,0,Bright sun,1577900,0,0,0,2,0,0,0,0,0,,0,0,Taranaki Region,Nil,2-way,Sealed,0,0,0,0,50,0,Null,0,0,,33,New Plymouth District,Give way,0,0,0,1,0,0,Urban,0,0,0,Fine,Null
1805831,5448444,17730,,579900,0,0,0,1,0,Null,2008/2009,SH 2,HOSPITAL ROAD,,Non-Injury Crash,Yes,2009,0,North,0,0,0,Flat,0,,0,,0,Overcast,2266500,0,0,0,2,0,0,1,0,1,,0,1,Wellington Region,Nil,2-way,Sealed,0,0,0,0,50,0,Null,0,0,,50,South Wairarapa District,Give way,0,0,0,0,0,0,Urban,0,0,0,Light rain,Null
1817069,5803342,17731,,527503,0,0,0,1,0,East,2009/2010,SH 1N,LAKE ST,,Non-Injury Crash,Yes,2009,0,West,0,0,0,Flat,0,,0,,1,Bright sun,962602,0,0,0,2,0,0,0,0,0,,0,0,Waikato Region,Nil,2-way,Sealed,0,0,0,0,50,0,Null,0,0,,17,Waipa District,Unknown,0,1,0,0,0,0,Urban,0,0,0,Fine,Null
1764701,5905885,17732,,522201,0,,0,2,,South,2009/2010,SHIRLEY ROAD,CORONATION ROAD,,Non-Injury Crash,No,2009,,North,,0,,Flat,,,,,,Bright sun,663100,0,0,0,2,,,0,,,,,,Auckland Region,Nil,2-way,Sealed,,0,0,,50,,None,0,0,,76,Auckland,Give way,,,,,0,0,Urban,0,,,Fine,Null
1709328,5618832,17733,,554010,0,0,0,2,0,South,2008/2009,TAWA ST,BEECH PLACE,,Non-Injury Crash,No,2009,0,North,0,0,0,Flat,0,,0,,0,Dark,1640900,0,0,0,2,0,0,0,0,1,,0,0,Taranaki Region,Nil,2-way,Sealed,0,0,0,0,50,0,On,0,0,,35,South Taranaki District,Nil,0,0,0,0,0,0,Urban,0,0,0,Fine,Null
1748873,5427314,17734,,573101,0,0,1,1,0,West,2008/2009,MANNERS ST,LUKES LANE,,Non-Injury Crash,No,2009,0,East,0,0,0,Flat,0,,0,,0,Dark,2133300,0,0,0,1,0,0,0,0,1,,0,0,Wellington Region,Nil,1-way,Sealed,0,0,0,0,50,0,On,0,1,,47,Wellington City,Nil,0,0,0,0,0,0,Urban,0,0,0,Light rain,Null
1751189,5914900,17735,,514402,1,0,0,2,0,Null,2009/2010,ST GEORGES ROAD,AHIRIRI AVENUE,,Non-Injury Crash,No,2009,0,North,0,0,0,Flat,0,,0,,0,Bright sun,381200,0,0,0,2,0,0,0,0,1,,0,0,Auckland Region,Nil,2-way,Sealed,0,0,0,0,50,0,Off,0,0,,76,Auckland,Give way,0,0,0,0,0,0,Urban,0,0,0,Fine,Null
1619930,5429233,17736,,583500,0,,0,2,,Null,2008/2009,OTTERSON ST,PARKERS ROAD,,Non-Injury Crash,No,2009,,West,,0,,Flat,,,,,,Bright sun,2335702,0,0,0,2,,,0,,,,,,Nelson Region,Nil,2-way,Sealed,,0,0,,50,,Null,0,0,,52,Nelson City,Give way,,,,,0,0,Urban,0,,,Fine,Null
1934035,5619868,17737,,546300,0,,0,1,,Null,2009/2010,SH 50,MAADI ROAD,,Non-Injury Crash,Yes,2009,,West,,0,,Flat,,,,,,Overcast,1439100,0,0,0,2,,,0,,,,,,Hawke's Bay Region,Nil,2-way,Sealed,,0,0,,50,,Null,0,0,,31,Napier City,Traffic Signals,,,,,0,0,Urban,1,,,Fine,Null
1748670,5427424,17738,,573101,1,,0,1,,Null,2008/2009,VICTORIA ST,EDWARD ST,,Non-Injury Crash,No,2009,,North,,0,,Hill Road,,,,,,Overcast,2131300,0,0,0,2,,,0,,,,,,Wellington Region,Nil,2-way,Sealed,,0,0,,50,,Null,0,0,,47,Wellington City,Nil,,,,,0,0,Urban,0,,,Heavy rain,Null
1767527,5912049,17739,,522910,0,0,0,1,0,East,2009/2010,TI RAKAU DRIVE,EDGEWATER DRIVE,,Non-Injury Crash,No,2009,0,South,0,0,0,Flat,0,,0,,0,Dark,686502,0,0,0,4,0,0,0,0,0,,0,0,Auckland Region,Nil,2-way,Sealed,0,0,0,0,60,0,On,0,0,,76,Auckland,Unknown,1,0,0,0,0,0,Urban,0,0,0,Light rain,Null
1867655,5713212,17740,,541720,0,,0,1,,East,2009/2010,HEUHEU ST,KAIMANAWA ST,,Non-Injury Crash,No,2009,,East,,0,,Flat,,,,,,Dark,1273400,0,0,0,2,,,0,,,,,,Waikato Region,Nil,2-way,Sealed,,0,0,,50,,On,1,0,,21,Taupo District,Nil,,,,,0,0,Urban,0,,,Fine,Null
1751512,5433043,17741,,574002,0,0,0,2,0,North,2008/2009,SH 1N,CENTENNIAL SBD,,Non-Injury Crash,Yes,2009,0,South,0,0,0,Hill Road,1,,0,,0,Bright sun,2078304,0,0,0,2,0,0,0,0,0,,0,0,Wellington Region,Nil,2-way,Sealed,0,0,0,0,100,0,Null,0,0,,47,Wellington City,Nil,0,0,0,0,0,0,Open,0,0,0,Fine,Strong wind
1755557,5928624,17742,,508320,0,,0,2,,North,2009/2010,WAIRAU ROAD,ARCHERS ROAD,,Non-Injury Crash,No,2009,,South,,0,,Flat,,,,,,Bright sun,198600,0,0,0,4,,,0,,,,,,Auckland Region,Nil,2-way,Sealed,,0,0,,50,,Null,0,0,,76,Auckland,Unknown,,,,,0,0,Urban,1,,,Fine,Null
1710527,5645748,17743,,553102,0,,0,1,,South,2008/2009,CASSANDRA ST,OBERON ST,,Non-Injury Crash,No,2009,,South,,0,,Flat,,,,,,Overcast,1616504,0,0,0,2,,,0,,,,,,Taranaki Region,Nil,2-way,Sealed,,0,0,,50,,Null,0,0,,34,Stratford District,Nil,,,,,0,0,Urban,1,,,Light rain,Null
1932396,5619257,17744,,547001,0,0,0,1,0,Null,2008/2009,FIFE CRESCENT,TYRONE PLACE,,Non-Injury Crash,No,2009,0,East,0,0,0,Flat,0,,0,,0,Dark,1452000,0,0,0,2,0,0,0,0,0,,0,1,Hawke's Bay Region,Nil,2-way,Sealed,0,0,0,0,50,0,On,0,0,,31,Napier City,Nil,0,0,0,0,0,0,Urban,0,0,0,Light rain,Null
1693200,5676361,17745,,551800,0,0,0,1,0,West,2008/2009,DEVON ST EAST,GOVER ST,,Non-Injury Crash,No,2009,0,East,0,0,0,Flat,0,,0,,0,Dark,1593900,0,0,0,2,0,0,0,0,1,,0,0,Taranaki Region,Nil,2-way,Sealed,0,0,0,0,50,0,On,1,0,,33,New Plymouth District,Nil,0,0,0,0,0,0,Urban,0,0,0,Fine,Null
1239809,4937384,17746,,610020,0,0,0,1,0,West,2009/2010,SH 97,SH 6,,Non-Injury Crash,Yes,2009,0,West,0,0,1,Flat,0,,0,,0,Bright sun,3041700,0,0,0,2,0,0,0,0,0,,0,0,Southland Region,Nil,2-way,Unsealed,0,0,0,0,100,0,Null,0,0,,73,Southland District,Unknown,0,0,0,0,0,0,Open,0,0,0,Fine,Strong wind
1738699,5702143,17747,,550700,0,1,0,0,0,South,2008/2009,SH 3,HUTIWAI ROAD,,Non-Injury Crash,Yes,2009,0,North,0,0,0,Flat,0,Queens Birthday,0,,0,Dark,1552500,0,0,0,2,0,0,0,0,0,,0,0,Taranaki Region,Bridge,2-way,Sealed,0,0,0,0,100,0,None,1,0,,33,New Plymouth District,Nil,0,0,0,0,0,0,Open,0,0,0,Fine,Frost
1749503,5916293,17748,,514801,0,0,0,2,0,Null,2009/2010,MEAD ST,MELIORA PLACE,,Non-Injury Crash,No,2009,0,East,0,0,1,Flat,0,,0,,0,Bright sun,388900,0,0,0,2,0,0,0,0,0,,0,1,Auckland Region,Nil,2-way,Sealed,0,0,0,0,50,0,Off,0,0,,76,Auckland,Nil,0,0,0,0,0,0,Urban,0,0,0,Fine,Null
1771446,5912149,17749,,523106,0,0,0,3,0,Null,2009/2010,CHAPEL ROAD,STELLAMARIS WAY,,Non-Injury Crash,No,2009,0,East,0,0,0,Flat,0,,0,,0,Overcast,711159,0,0,0,2,0,0,0,0,0,,0,0,Auckland Region,Nil,2-way,Sealed,0,0,0,0,50,0,Off,0,0,,76,Auckland,Give way,0,0,0,0,0,0,Urban,0,1,0,Fine,Null
1753913,5931638,17750,,508807,0,,0,1,,North,2009/2010,SH 1N,CONSTELLATION OBR,,Non-Injury Crash,Yes,2009,,North,,0,,Flat,,Christmas New Year,,,,Bright sun,180810,0,0,0,2,,,0,,,,,,Auckland Region,Nil,1-way,Sealed,,0,0,,100,,Null,0,0,,76,Auckland,Unknown,,,,,0,0,Open,1,,,Fine,Null
1951113,5791852,17751,,542410,0,0,0,2,0,East,2009/2010,SHAPLEY PLACE,BOON ST,,Non-Injury Crash,No,2009,0,East,0,0,0,Flat,0,,0,,0,Bright sun,1305200,0,0,0,2,0,0,0,0,0,,0,0,Bay of Plenty Region,Nil,2-way,Sealed,0,0,0,0,50,0,Off,0,0,,25,Whakatane District,Nil,0,0,0,0,0,0,Urban,0,1,0,Fine,Null
1760377,5434077,17752,,568702,0,,0,2,,North,2008/2009,BELL ROAD,RIVERSIDE DRIVE SOUTH,,Non-Injury Crash,No,2009,,South,,0,,Flat,,,,,,Bright sun,1978400,0,0,0,2,,,0,,,,,,Wellington Region,Nil,2-way,Sealed,,0,0,,50,,Null,0,0,,46,Lower Hutt City,Nil,,,,,0,0,Urban,0,,,Fine,Null
1299600,5004677,17753,,608600,0,0,0,1,0,Null,2008/2009,GAIR AVENUE,WAENGA DRIVE,,Non-Injury Crash,No,2009,0,East,0,0,0,Flat,0,Queens Birthday,1,,1,Dark,3031313,0,0,0,2,0,0,0,0,0,,0,0,Otago Region,Nil,2-way,Sealed,0,0,0,0,50,0,On,0,0,,69,Central Otago District,Give way,0,0,0,0,0,0,Urban,0,0,0,Fine,Null
1406248,4916488,17754,,602900,0,,0,3,,Null,2008/2009,SH 1S CRAWFORD,QUEENS GARDENS,,Minor Crash,Yes,2009,,North,,0,,Flat,,,,,,Overcast,2895400,1,0,0,4,,,0,,,,,,Otago Region,Nil,1-way,Sealed,,0,0,,50,,Null,0,0,,71,Dunedin City,Traffic Signals,,,,,0,0,Urban,0,,,Fine,Null
1908252,5675032,17755,,545911,0,0,0,1,0,North,2009/2010,SH 5,TARAWERA TAV,,Non-Injury Crash,Yes,2009,0,West,0,0,0,Hill Road,0,,0,,0,Twilight,1281200,0,0,0,2,0,0,0,0,0,,0,0,Hawke's Bay Region,Nil,2-way,Sealed,0,0,0,1,100,0,None,0,0,,30,Hastings District,Nil,0,0,0,0,0,0,Open,0,0,0,Light rain,Frost
1776621,5447105,17756,,566700,0,0,0,1,1,South,2008/2009,NORANA ROAD,ANISEED GROVE,,Non-Injury Crash,No,2009,0,North,0,0,0,Hill Road,0,,0,,0,Overcast,1913901,0,0,0,2,0,0,0,0,0,,0,0,Wellington Region,Nil,2-way,Sealed,0,0,0,0,50,0,Null,0,0,,45,Upper Hutt City,Nil,0,0,0,0,0,0,Urban,0,0,0,Light rain,Null
1758389,5433754,17757,,570000,0,0,0,2,0,Null,2008/2009,Z CPK HIKOIKOI RESERVE,MARINE PARADE,,Non-Injury Crash,No,2009,0,South,0,0,0,Flat,0,,0,,0,Bright sun,2027100,0,0,0,1,0,0,0,0,1,,0,0,Wellington Region,Nil,Off road,Sealed,0,0,0,0,50,0,Null,0,0,,46,Lower Hutt City,Nil,0,0,0,0,0,0,Urban,0,0,0,Fine,Null