X,Y,OBJECTID,advisorySpeed,areaUnitID,bicycle,bridge,bus,carStationWagon,cliffBank,crashDirectionDescription,crashFinancialYear,crashLocation1,crashLocation2,crashRoadSideRoad,crashSeverity,crashSHDescription,crashYear,debris,directionRoleDescription,ditch,fatalCount,fence,flatHill,guardRail,holiday,houseOrBuilding,intersection,kerb,light,meshblockId,minorInjuryCount,moped,motorcycle,NumberOfLanes,objectThrownOrDropped,otherObject,otherVehicleType,overBank,parkedVehicle,pedestrian,phoneBoxEtc,postOrPole,region,roadCharacter,roadLane,roadSurface,roadworks,schoolBus,seriousInjuryCount,slipOrFlood,speedLimit,strayAnimal,streetLight,suv,taxi,temporarySpeedLimit,tlaId,tlaName,trafficControl,trafficIsland,trafficSign,train,tree,truck,unknownVehicleType,urban,vanOrUtility,vehicle,waterRiver,weatherA,weatherB
1575286,5191224,17758,,590604,0,0,0,1,0,North,2008/2009,LOWER STYX ROAD,HEYDERS ROAD,,Non-Injury Crash,No,2009,0,North,0,0,1,Flat,0,,0,,0,Dark,2502700,0,0,0,2,0,0,0,0,0,,0,0,Canterbury Region,Nil,2-way,Sealed,0,0,0,0,50,0,On,0,0,,60,Christchurch City,Nil,0,0,0,0,0,0,Urban,0,0,0,Light rain,Null
1740804,5918959,17759,,513101,0,0,0,2,0,North,2009/2010,CHURCH ST,SWANSON ROAD,,Non-Injury Crash,No,2009,0,North,0,0,0,Hill Road,0,,0,,0,Bright sun,237600,0,0,0,2,0,0,0,0,0,,0,0,Auckland Region,Nil,2-way,Sealed,0,0,0,0,50,0,Off,0,0,,76,Auckland,Nil,0,0,0,0,0,0,Urban,0,1,0,Fine,Null
1752398,5436708,17760,,573511,0,0,0,2,0,North,2008/2009,SH 1N,CHURTON PARK OFF NBD,,Non-Injury Crash,Yes,2009,1,North,0,0,0,Flat,0,,0,,0,Overcast,2086203,0,0,0,2,0,0,0,0,0,,0,0,Wellington Region,Nil,1-way,Sealed,0,0,0,0,100,0,Null,0,0,,47,Wellington City,Nil,0,0,0,0,0,0,Open,1,0,0,Fine,Null
1821348,5530149,17761,,562310,0,,0,2,,Null,2008/2009,SH 3,FEATHERSTON ST,,Non-Injury Crash,Yes,2009,,North,,0,,Flat,,,,,,Bright sun,1824200,0,0,0,6,,,0,,,,,,Manawatū-Whanganui Region,Nil,2-way,Sealed,,0,0,,50,,Null,0,0,,40,Palmerston North City,Traffic Signals,,,,,0,0,Urban,0,,,Fine,Null
1823712,5464096,17762,,578700,0,,0,1,,Null,2008/2009,LINCOLN ROAD,VILLA ST,,Non-Injury Crash,No,2009,,East,,0,,Flat,,,,,,Overcast,2238600,0,0,0,2,,,0,,,,,,Wellington Region,Nil,2-way,Sealed,,0,0,,50,,Null,0,0,,48,Masterton District,Stop,,,,,0,0,Urban,1,,,Fine,Null
1406046,4917139,17763,,603100,0,,0,2,,Null,2008/2009,YORK PLACE,SMITH ST,,Non-Injury Crash,No,2009,,North,,0,,Flat,,,,,,Bright sun,2903500,0,0,0,2,,,0,,,,,,Otago Region,Nil,2-way,Sealed,,0,0,,50,,Null,0,0,,71,Dunedin City,Give way,,,,,0,0,Urban,0,,,Fine,Null
1935642,5618666,17764,,546700,0,,0,1,,Null,2008/2009,BLEDISLOE ROAD,LONGFELLOW AVENUE,,Non-Injury Crash,No,2009,,East,,0,,Flat,,,,,,Overcast,1444200,0,0,0,2,,,0,,,,,,Hawke's Bay Region,Nil,2-way,Sealed,,0,0,,50,,Null,0,0,,31,Napier City,Nil,,,,,1,0,Urban,0,,,Light rain,Null
1767528,5443229,17765,,569600,0,,0,2,,Null,2009/2010,SH 2,WESTERN HUTT OFF NBD,,Non-Injury Crash,Yes,2009,,West,,0,,Flat,,,,,,Overcast,1916500,0,0,0,4,,,0,,,,,,Wellington Region,Nil,2-way,Sealed,,0,0,,100,,Null,0,1,,46,Lower Hutt City,Traffic Signals,,,,,0,0,Open,0,,,Fine,Null
1806198,5544888,17766,,560900,0,0,0,2,0,Null,2008/2009,SH 1N,PHILLIPS ST,,Non-Injury Crash,Yes,2009,0,South,1,0,0,Flat,0,,0,,0,Overcast,1789802,0,0,0,2,0,0,0,0,0,,0,0,Manawatū-Whanganui Region,Nil,2-way,Sealed,0,0,0,0,50,0,Null,0,1,,39,Manawatu District,Nil,0,0,0,0,0,0,Urban,0,0,0,Fine,Null
1755029,5919919,17767,,515301,0,,0,2,,South,2008/2009,JOHN ST,VERMONT ST,,Non-Injury Crash,No,2009,,South,,0,,Hill Road,,,,,,Overcast,428600,0,0,0,2,,,0,,,,,,Auckland Region,Nil,2-way,Sealed,,0,0,,50,,Null,0,0,,76,Auckland,Unknown,,,,,0,0,Urban,0,,,Fine,Null
1766739,5912831,17768,,522920,0,,0,2,,South,2009/2010,TI RAKAU DRIVE,TIRAUMEA DRIVE,,Non-Injury Crash,No,2009,,North,,0,,Flat,,,,,,Overcast,684800,0,0,0,3,,,0,,,,,,Auckland Region,Nil,2-way,Sealed,,0,0,,60,,Off,0,0,,76,Auckland,Nil,,,,,0,0,Urban,0,,,Fine,Null
1796488,5820460,17769,,528403,0,,0,2,,Null,2009/2010,CHURCH ROAD,MAUI ST,,Non-Injury Crash,No,2009,,South,,0,,Hill Road,,,,,,Overcast,907401,0,0,0,2,,,0,,,,,,Waikato Region,Nil,2-way,Sealed,,0,0,,50,,Null,0,0,,16,Hamilton City,Traffic Signals,,,,,0,0,Urban,0,,,Fine,Null
1768100,5904057,17770,,524602,0,,0,2,,South,2009/2010,SH 1N,REDOUBT OBR,,Non-Injury Crash,Yes,2009,,North,,0,,Hill Road,,,,,,Overcast,780501,0,0,0,2,,,0,,,,,,Auckland Region,Nil,2-way,Sealed,,0,0,,100,,Null,0,0,,76,Auckland,Unknown,,,,,0,0,Open,0,,,Fine,Null
1931039,5605564,17771,,548000,0,,0,2,,Null,2009/2010,GROVE ROAD,KARAMU ROAD NORTH,,Non-Injury Crash,No,2009,,West,,0,,Flat,,,,,,Twilight,1497100,0,0,0,2,,,0,,,,,,Hawke's Bay Region,Nil,2-way,Sealed,,0,0,,50,,Off,0,0,,30,Hastings District,Traffic Signals,,,,,0,0,Urban,0,,,Fine,Null
1568499,5178299,17772,,594800,0,,0,2,,Null,2008/2009,BARRINGTON OFF EBD,BARRINGTON ST,,Non-Injury Crash,Yes,2009,,East,,0,,Flat,,,,,,Overcast,2642400,0,0,0,2,,,0,,,,,,Canterbury Region,Nil,2-way,Sealed,,0,0,,50,,Null,0,0,,60,Christchurch City,Traffic Signals,,,,,0,0,Urban,0,,,Fine,Null
1681867,6088362,17773,,501632,0,0,0,1,0,West,2008/2009,SH 1N,WAIKARAMU ROAD,,Non-Injury Crash,Yes,2009,0,North,1,0,0,Flat,0,,0,,0,Dark,34700,0,0,0,2,0,0,0,0,0,,0,0,Northland Region,Nil,2-way,Sealed,0,0,0,0,100,0,None,0,0,,1,Far North District,Nil,0,0,0,0,0,0,Open,0,0,0,Light rain,Null
1578175,5182626,17774,,595800,0,,0,2,,North,2009/2010,ORAM AVENUE,HOOD ST,,Non-Injury Crash,No,2009,,North,,0,,Flat,,,,,,Bright sun,2559200,0,0,0,2,,,0,,,,,,Canterbury Region,Nil,2-way,Sealed,,0,0,,50,,Null,0,0,,60,Christchurch City,Unknown,,,,,0,0,Urban,0,,,Fine,Null
1781440,5872764,17775,,521135,0,,0,1,,North,2009/2010,SH 1N,KIMIKIMI ROAD,,Non-Injury Crash,Yes,2009,,South,,0,,Flat,,,,,,Dark,843000,0,0,0,4,,,0,,,,,,Waikato Region,Nil,2-way,Sealed,,0,0,,100,,On,0,0,,13,Waikato District,Nil,,,,,0,0,Open,0,,,Light rain,Null
1818041,5545466,17776,,560710,0,0,0,1,0,North,2008/2009,MAKINO ROAD,NORTH ST,,Non-Injury Crash,No,2009,0,North,1,0,0,Flat,1,,0,,0,Dark,1769800,0,0,0,2,0,0,0,0,0,,0,0,Manawatū-Whanganui Region,Nil,2-way,Unsealed,0,0,0,0,50,0,On,0,0,30,39,Manawatu District,Nil,0,0,0,0,0,0,Urban,0,0,0,Fine,Null
1571717,5167604,17777,,596503,0,0,0,0,0,Null,2009/2010,GOVERNORS BAY TEDDINGTON ,BAMFORDS ROAD,,Serious Crash,No,2009,0,North,0,0,0,Flat,0,,0,,0,Bright sun,2711801,0,0,1,2,0,0,0,0,0,,0,0,Canterbury Region,Nil,2-way,Sealed,0,0,1,0,80,0,Null,0,0,,60,Christchurch City,Give way,0,1,0,0,0,0,Open,0,0,0,Fine,Null
1756895,5920130,17778,,514102,0,0,0,3,0,South,2009/2010,HOBSON ST,COOK ST,,Non-Injury Crash,No,2009,0,South,0,0,0,Flat,0,Christmas New Year,0,,0,Dark,434500,0,0,0,5,0,0,0,0,2,,0,0,Auckland Region,Nil,1-way,Sealed,0,0,0,0,50,0,On,0,0,,76,Auckland,Traffic Signals,0,0,0,0,0,0,Urban,0,0,0,Fine,Null
1680210,5402189,17779,,581250,0,,0,2,,Null,2008/2009,REDWOOD ST,ALABAMA ROAD,,Non-Injury Crash,No,2009,,West,,0,,Flat,,,,,,Dark,2303600,0,0,0,2,,,0,,,,,,Marlborough Region,Nil,2-way,Sealed,,0,0,,50,,On,0,0,,53,Marlborough District,Give way,,,,,0,0,Urban,0,,,Fine,Frost
1758435,5918088,17780,,517400,0,,0,2,,South,2009/2010,BROADWAY,REMUERA ROAD,,Non-Injury Crash,No,2009,,North,,0,,Flat,,,,,,Bright sun,451300,0,0,0,4,,,0,,,,,,Auckland Region,Nil,2-way,Sealed,,0,0,,50,,Null,0,0,,76,Auckland,Traffic Signals,,,,,0,0,Urban,0,,,Fine,Null
1759685,5436242,17781,,569100,0,0,0,2,0,North,2009/2010,QUEENS DRIVE,BUNNY ST,,Non-Injury Crash,No,2009,0,West,0,0,0,Flat,0,,0,,0,Dark,1968100,0,0,0,2,0,0,0,0,1,,0,0,Wellington Region,Nil,2-way,Sealed,0,0,0,0,50,0,On,0,1,,46,Lower Hutt City,Nil,0,0,0,0,0,0,Urban,0,0,0,Fine,Null
1868318,5714095,17782,,541720,0,,0,0,,West,2009/2010,SPA ROAD,PIHANGA ST,,Non-Injury Crash,No,2009,,West,,0,,Flat,,,,,,Bright sun,1272000,0,0,0,2,,,0,,,,,,Waikato Region,Nil,2-way,Sealed,,0,0,,50,,Null,1,0,,21,Taupo District,Unknown,,,,,0,0,Urban,1,,,Fine,Null
1710147,5617321,17783,,554010,0,,0,1,,Null,2008/2009,WELLINGTON ST,UNION ST,,Non-Injury Crash,No,2009,,East,,0,,Flat,,,,,,Bright sun,1647800,0,0,0,2,,,0,,,,,,Taranaki Region,Nil,2-way,Sealed,,0,0,,50,,Null,0,0,,35,South Taranaki District,Stop,,,,,0,0,Urban,1,,,Fine,Null
1819323,5528538,17784,,562710,0,0,0,2,0,Null,2008/2009,MONRAD ST,RONBERG ST,,Non-Injury Crash,No,2009,0,South,0,0,0,Flat,0,,0,,0,Dark,1819000,0,0,0,2,0,0,0,0,1,,0,0,Manawatū-Whanganui Region,Nil,2-way,Sealed,0,0,0,0,50,0,On,0,0,,40,Palmerston North City,Give way,0,0,0,0,0,0,Urban,0,0,0,Fine,Null
2037120,5709144,17785,,544600,0,0,0,0,0,North,2008/2009,CARNARVON ST,ABERDEEN ROAD,,Non-Injury Crash,No,2009,0,South,0,0,0,Flat,0,,0,,0,Dark,1373400,0,0,0,2,0,0,0,0,0,,0,1,Gisborne Region,Nil,2-way,Sealed,0,0,0,0,50,0,On,1,0,,28,Gisborne District,Nil,0,0,0,0,0,0,Urban,0,0,0,Light rain,Null
1675458,5401938,17786,,580452,0,0,0,1,0,West,2008/2009,NEW RENWICK ROAD,BELLS ROAD,,Non-Injury Crash,No,2009,0,West,1,0,0,Flat,0,,0,,0,Bright sun,2288301,0,0,0,2,0,0,0,0,0,,0,0,Marlborough Region,Nil,2-way,Sealed,0,0,0,0,100,0,Null,0,0,,53,Marlborough District,Nil,0,0,0,0,0,0,Open,0,0,0,Fine,Null
1931708,5616720,17787,,547200,1,,0,1,,South,2008/2009,GUPPY ROAD,CORNWALL ROAD,,Non-Injury Crash,No,2009,,South,,0,,Flat,,Queens Birthday,,,,Bright sun,1458802,0,0,0,2,,,0,,,,,,Hawke's Bay Region,Nil,2-way,Sealed,,0,0,,50,,Null,0,0,,31,Napier City,Nil,,,,,0,0,Urban,0,,,Fine,Null
1692503,5675885,17788,,551800,0,,0,2,,Null,2009/2010,SH 45 VIVIAN,DAWSON ST,,Non-Injury Crash,Yes,2009,,North,,0,,Flat,,,,,,Dark,1591600,0,0,0,2,,,0,,,,,,Taranaki Region,Nil,2-way,Sealed,,0,0,,50,,On,0,0,,33,New Plymouth District,Traffic Signals,,,,,0,0,Urban,0,,,Fine,Null
1758111,5915486,17789,,519300,0,,0,2,,Null,2009/2010,MANUKAU ROAD,GREEN LANE WEST,,Non-Injury Crash,No,2009,,North,,0,,Flat,,,,,,Bright sun,623100,0,0,0,5,,,0,,,,,,Auckland Region,Nil,2-way,Sealed,,0,0,,50,,Null,0,0,,76,Auckland,Traffic Signals,,,,,0,0,Urban,0,,,Fine,Null
1758733,5426827,17790,,570300,0,0,0,1,0,North,2009/2010,MURITAI ROAD,TITOKI ST,,Non-Injury Crash,No,2009,0,South,0,0,1,Flat,1,,0,,0,Bright sun,1984400,0,0,0,2,0,0,0,0,0,,0,1,Wellington Region,Nil,2-way,Sealed,0,0,0,0,50,0,Null,0,0,,46,Lower Hutt City,Nil,0,0,0,0,0,0,Urban,0,0,0,Fine,Null
1452886,5298855,17791,,585130,0,,0,2,,Null,2008/2009,TAINUI ST,MACKAY ST,,Non-Injury Crash,No,2009,,East,,0,,Flat,,Christmas New Year,,,,Overcast,2405900,0,0,0,2,,,0,,,,,,West Coast Region,Nil,2-way,Sealed,,0,0,,50,,Null,0,0,,56,Grey District,Stop,,,,,0,0,Urban,0,,,Light rain,Null
1800242,5830906,17792,,527123,0,0,0,1,0,West,2009/2010,SH 1B,BANKIER ROAD,,Non-Injury Crash,Yes,2009,0,West,1,0,0,Flat,0,,0,,0,Bright sun,949800,0,0,0,2,0,0,0,0,0,,0,0,Waikato Region,Nil,2-way,Unsealed,0,0,0,0,80,0,None,0,0,,13,Waikato District,Nil,0,0,0,0,0,0,Open,0,0,0,Fine,Null
1933234,5628173,17793,,545611,0,,0,1,,South,2009/2010,SH 2,GILL ROAD,,Non-Injury Crash,Yes,2009,,South,,0,,Flat,,,,,,Twilight,1412700,0,0,0,2,,,0,,,,,,Hawke's Bay Region,Nil,2-way,Sealed,,0,0,,70,,On,1,0,,31,Napier City,Nil,,,,,0,0,Urban,0,,,Fine,Null
1758803,5905574,17794,,524200,0,,0,2,,Null,2009/2010,SH 20A,MONTGOMERIE ROAD,,Non-Injury Crash,Yes,2009,,East,,0,,Flat,,,,,,Bright sun,726500,0,0,0,3,,,0,,,,,,Auckland Region,Nil,2-way,Sealed,,0,0,,50,,Off,0,0,,76,Auckland,Traffic Signals,,,,,0,0,Urban,0,,,Fine,Null
1800516,5815650,17795,,529700,0,,0,2,,Null,2009/2010,LONDON ST,ANGLESEA ST,,Non-Injury Crash,No,2009,,East,,0,,Flat,,,,,,Bright sun,910100,0,0,0,2,,,0,,,,,,Waikato Region,Nil,2-way,Sealed,,0,0,,50,,Off,0,0,,16,Hamilton City,Traffic Signals,,,,,0,0,Urban,0,,,Light rain,Null
1760536,5915234,17796,,520202,0,,0,2,,Null,2009/2010,MAIN HIGHWAY,WALPOLE ST,,Non-Injury Crash,No,2009,,East,,0,,Flat,,,,,,Overcast,611500,0,0,0,2,,,0,,,,,,Auckland Region,Nil,2-way,Sealed,,0,0,,50,,Off,0,0,,76,Auckland,Stop,,,,,0,0,Urban,0,,,Fine,Null
1836217,5838107,17797,,534604,0,0,0,1,0,Null,2008/2009,FIRST AVENUE,SH 26,,Non-Injury Crash,Yes,2009,0,South,0,0,0,Flat,0,,1,,1,Dark,1107100,0,0,0,2,0,0,0,0,0,,0,0,Waikato Region,Nil,2-way,Sealed,0,0,0,0,50,0,On,0,0,,15,Matamata-Piako District,Stop,0,0,0,0,0,0,Urban,0,0,0,Fine,Null
1779156,5902124,17798,,525201,0,,0,1,,West,2008/2009,CLEVEDON-TAKANINI ROAD,PAPAKURA-CLEVEDON ROAD,,Non-Injury Crash,No,2009,,East,,0,,Flat,,,,,,Dark,763300,0,0,0,2,,,0,,,,,,Auckland Region,Nil,2-way,Sealed,,0,0,,100,,None,1,0,,76,Auckland,Nil,,,,,0,0,Open,0,,,Fine,Null
1718278,6044205,17799,,503500,0,0,0,1,0,West,2008/2009,RAUMANGA VALLEY ROAD,MAHANA PLACE,,Non-Injury Crash,No,2009,0,East,0,0,0,Flat,0,,0,,0,Dark,108200,0,0,0,2,0,0,0,0,1,,0,0,Northland Region,Nil,2-way,Sealed,0,0,0,0,50,0,On,0,0,,2,Whangarei District,Nil,0,0,0,0,1,0,Urban,0,0,0,Light rain,Null
1796770,5819283,17800,,528406,0,,0,2,,Null,2009/2010,WAIRERE DRIVE,TASMAN UNDERPASS,,Non-Injury Crash,No,2009,,East,,0,,Hill Road,,Christmas New Year,,,,Bright sun,907601,0,0,0,2,,,0,,,,,,Waikato Region,Bridge,2-way,Sealed,,0,0,,80,,Null,0,0,,16,Hamilton City,Unknown,,,,,0,0,Open,1,,,Fine,Null
1768430,5900636,17801,,525101,0,,0,2,,Null,2009/2010,WEYMOUTH ROAD,RUSSELL ROAD,,Non-Injury Crash,No,2009,,East,,0,,Flat,,,,,,Overcast,771100,0,0,0,3,,,0,,,,,,Auckland Region,Nil,2-way,Sealed,,0,0,,50,,Off,0,0,,76,Auckland,Traffic Signals,,,,,0,0,Urban,0,,,Fine,Null
1754858,5447863,17802,,570400,0,,0,2,,Null,2008/2009,DOWNES ST,DIMOCK ST,,Non-Injury Crash,No,2009,,North,,0,,Hill Road,,,,,,Twilight,2042800,0,0,0,2,,,0,,,,,,Wellington Region,Nil,2-way,Sealed,,0,0,,50,,Off,0,0,,44,Porirua City,Stop,,,,,0,0,Urban,0,,,Fine,Null
1888171,5819873,17803,,536642,0,0,0,1,0,West,2008/2009,REID ROAD,WELCOME BAY ROAD,,Non-Injury Crash,No,2009,0,South,0,0,1,Flat,0,,0,,0,Twilight,1206501,0,0,0,2,0,0,0,1,0,,0,0,Bay of Plenty Region,Nil,2-way,Sealed,0,0,0,0,100,0,None,0,0,,22,Western Bay of Plenty District,Nil,0,0,0,0,0,0,Open,0,0,0,Fine,Null
1765298,5906582,17804,,522202,0,0,0,1,0,North,2009/2010,KOLMAR ROAD,OAKLAND AVENUE,,Non-Injury Crash,No,2009,0,South,0,0,1,Flat,0,,0,,0,Overcast,663600,0,0,0,2,0,0,0,0,0,,0,0,Auckland Region,Nil,2-way,Sealed,0,0,0,0,50,0,Off,0,0,,76,Auckland,Nil,0,0,0,0,0,0,Urban,0,0,0,Heavy rain,Null
1752076,5925262,17805,,510220,0,,0,1,,North,2009/2010,BIRKDALE ROAD,RANGATIRA ROAD,,Non-Injury Crash,No,2009,,South,,0,,Flat,,,,,,Overcast,350504,0,0,0,2,,,0,,,,,,Auckland Region,Nil,2-way,Sealed,,0,0,,50,,Off,0,0,,76,Auckland,Nil,,,,,1,0,Urban,0,,,Light rain,Null
1797163,5819623,17806,,528403,0,,0,1,,East,2009/2010,WAIRERE DRIVE,TE RAPA ROAD,,Non-Injury Crash,No,2009,,West,,0,,Flat,,,,,,Bright sun,907401,0,0,0,6,,,0,,,,,,Waikato Region,Nil,2-way,Sealed,,0,0,,80,,Null,0,0,,16,Hamilton City,Unknown,,,,,0,0,Open,1,,,Fine,Null
1719572,6045573,17807,,503100,0,,0,2,,Null,2009/2010,WALTON ST,CAMERON ST,,Non-Injury Crash,No,2009,,East,,0,,Flat,,,,,,Bright sun,99904,0,0,0,4,,,0,,,,,,Northland Region,Nil,2-way,Sealed,,0,0,,50,,Off,0,0,,2,Whangarei District,Traffic Signals,,,,,0,0,Urban,0,,,Fine,Null
1823441,5532235,17808,,562500,0,,0,2,,Null,2008/2009,VOGEL ST,TREMAINE AVENUE,,Non-Injury Crash,No,2009,,South,,0,,Flat,,,,,,Overcast,1840800,0,0,0,3,,,0,,,,,,Manawatū-Whanganui Region,Nil,2-way,Sealed,,0,0,,50,,Null,0,0,,40,Palmerston North City,Traffic Signals,,,,,0,0,Urban,0,,,Fine,Null
1754453,5915142,17809,,518802,0,,0,2,,Null,2009/2010,SANDRINGHAM ROAD,MOUNT ALBERT ROAD,,Non-Injury Crash,No,2009,,West,,0,,Hill Road,,,,,,Dark,577300,0,0,0,3,,,0,,,,,,Auckland Region,Nil,2-way,Sealed,,0,0,,50,,None,0,0,,76,Auckland,Traffic Signals,,,,,0,0,Urban,0,,,Fine,Null
1747897,5426954,17810,,573200,0,0,0,2,0,East,2008/2009,ARO ST,EPUNI ST,,Non-Injury Crash,No,2009,0,West,0,0,0,Flat,0,,0,,0,Bright sun,2158800,0,0,0,2,0,0,0,0,0,,0,0,Wellington Region,Nil,2-way,Sealed,0,0,0,0,50,0,Null,0,0,,47,Wellington City,Nil,0,0,0,0,0,0,Urban,0,1,0,Fine,Null
1408087,4916060,17811,25,604620,0,0,0,1,0,North,2008/2009,PORTOBELLO ROAD,DOON ST,,Non-Injury Crash,No,2009,0,North,0,0,0,Flat,0,,0,,0,Overcast,2937800,0,0,0,2,0,0,0,1,0,,0,0,Otago Region,Nil,2-way,Sealed,0,0,0,0,50,0,Null,0,0,,71,Dunedin City,Unknown,0,0,0,0,0,0,Urban,0,0,1,Light rain,Null
1751342,5913741,17812,,514402,0,0,0,1,0,West,2009/2010,MIRANDA ST,RUAHINE ST E,,Non-Injury Crash,No,2009,0,East,0,0,0,Flat,0,,0,,0,Bright sun,379900,0,0,0,2,0,0,0,0,1,,0,0,Auckland Region,Nil,2-way,Sealed,0,0,0,0,50,0,Off,0,0,,76,Auckland,Nil,0,0,0,0,0,0,Urban,1,0,0,Fine,Null
1803952,5813903,17813,,530700,0,0,0,1,0,Null,2009/2010,CAMBRIDGE ROAD,MASTERS AVENUE,,Non-Injury Crash,No,2009,0,South,0,0,0,Flat,0,,0,,0,Overcast,889201,0,0,0,2,0,0,0,0,1,,0,0,Waikato Region,Nil,2-way,Sealed,0,0,0,0,50,0,Null,0,0,,16,Hamilton City,Give way,0,0,0,0,0,0,Urban,0,0,0,Fine,Null
1762501,5912764,17814,,520500,0,,0,1,,Null,2009/2010,GREAT SOUTH ROAD,SOUTH-EASTERN HIGHWAY,,Non-Injury Crash,No,2009,,West,,0,,Flat,,,,,,Bright sun,637300,0,0,0,4,,,0,,,,,,Auckland Region,Nil,2-way,Sealed,,0,0,,50,,Off,1,0,,76,Auckland,Traffic Signals,,,,,0,0,Urban,0,,,Fine,Null
1571133,5179168,17815,,591500,0,,0,2,,Null,2008/2009,MADRAS ST,MOORHOUSE AVENUE,,Non-Injury Crash,No,2009,,East,,0,,Flat,,,,,,Bright sun,2650800,0,0,0,6,,,0,,,,,,Canterbury Region,Nil,2-way,Sealed,,0,0,,50,,Null,0,0,,60,Christchurch City,Traffic Signals,,,,,0,0,Urban,0,,,Fine,Null
1763475,5905535,17816,,524303,0,0,0,1,0,North,2009/2010,FERNDOWN AVENUE,CARINGBAH DRIVE,,Non-Injury Crash,No,2009,0,West,0,0,1,Flat,0,,0,,0,Bright sun,746301,0,0,0,2,0,0,0,0,0,,0,0,Auckland Region,Nil,2-way,Sealed,0,0,0,0,80,0,Off,0,0,,76,Auckland,Nil,0,0,0,0,0,0,Open,0,0,0,Fine,Null
1762775,5439067,17817,,569500,0,0,0,1,0,Null,2009/2010,SH 2,HEBDEN CRESCENT S,,Non-Injury Crash,Yes,2009,0,North,0,0,0,Flat,1,,0,,0,Dark,1917410,0,0,0,2,0,0,0,0,0,,0,0,Wellington Region,Nil,2-way,Sealed,0,0,0,0,100,0,On,0,0,,46,Lower Hutt City,Give way,0,0,0,0,0,0,Open,0,0,0,Light rain,Null
1874366,5823415,17818,,536514,0,,0,2,,Null,2009/2010,SH 2,MOFFAT ROAD,,Non-Injury Crash,Yes,2009,,West,,0,,Flat,,,,,,Bright sun,1190303,0,0,0,4,,,0,,,,,,Bay of Plenty Region,Nil,2-way,Sealed,,0,0,,50,,Null,0,0,,23,Tauranga City,Give way,,,,,0,0,Urban,0,,,Fine,Null
1748799,5428249,17819,,573000,0,,0,2,,Null,2009/2010,FEATHERSTON ST,BRANDON ST,,Non-Injury Crash,No,2009,,South,,0,,Flat,,,,,,Bright sun,2125800,0,0,0,2,,,0,,,,,,Wellington Region,Nil,2-way,Sealed,,0,0,,50,,Null,0,1,,47,Wellington City,Traffic Signals,,,,,0,0,Urban,0,,,Fine,Null
1823801,5463224,17820,,578600,0,0,0,1,0,North,2008/2009,QUEEN ST,JACKSON ST,,Non-Injury Crash,No,2009,0,North,0,0,0,Flat,0,,0,,0,Bright sun,2242800,0,0,0,2,0,0,0,0,1,,0,0,Wellington Region,Nil,2-way,Sealed,0,0,0,0,50,0,Null,0,0,,48,Masterton District,Nil,0,0,0,0,0,0,Urban,1,0,0,Fine,Null
1768088,5903279,17821,,524602,0,0,0,1,0,West,2009/2010,KERRS ROAD,GREAT SOUTH ROAD,,Non-Injury Crash,No,2009,0,West,0,0,0,Flat,0,,0,,0,Dark,780410,0,0,0,2,1,0,0,0,0,,0,0,Auckland Region,Nil,2-way,Sealed,0,0,0,0,50,0,On,0,0,,76,Auckland,Nil,0,0,0,0,0,0,Urban,0,0,0,Light rain,Null
1760599,5908456,17822,,524403,0,,0,1,,Null,2009/2010,ROBERTSON ROAD,WAKEFIELD ROAD,,Non-Injury Crash,No,2009,,North,,0,,Flat,,,,,,Dark,729903,0,0,0,3,,,0,,,,,,Auckland Region,Nil,2-way,Sealed,,0,0,,50,,On,0,0,,76,Auckland,Nil,,,,,1,0,Urban,0,,,Fine,Null
1758115,5435526,17823,,569202,0,,0,2,,West,2008/2009,HUME ST,MOA ST,,Non-Injury Crash,No,2009,,West,,0,,Flat,,,,,,Overcast,1923100,0,0,0,2,,,0,,,,,,Wellington Region,Nil,2-way,Sealed,,0,0,,50,,Null,0,0,,46,Lower Hutt City,Nil,,,,,0,0,Urban,0,,,Fine,Null
1589680,5430675,17824,,581836,0,0,0,0,0,East,2008/2009,ISAAK ST,DOVEDALE ROAD,,Non-Injury Crash,No,2009,0,East,0,0,1,Flat,0,,0,,0,Twilight,2352500,0,0,0,2,0,0,0,0,0,,0,0,Tasman Region,Nil,2-way,Unsealed,0,0,0,0,100,0,None,0,0,,51,Tasman District,Nil,0,0,0,0,0,0,Open,1,0,0,Fine,Null
2035972,5709492,17825,,544300,0,,0,1,,West,2008/2009,GLADSTONE ROAD,STANLEY ROAD,,Non-Injury Crash,No,2009,,West,,0,,Flat,,,,,,Bright sun,1367000,0,0,0,2,,,0,,,,,,Gisborne Region,Nil,2-way,Sealed,,0,0,,50,,Null,1,0,,28,Gisborne District,Nil,,,,,0,0,Urban,0,,,Fine,Null
1719568,6046211,17826,,502800,0,,0,1,,East,2009/2010,GREY ST,NORFOLK ST,,Non-Injury Crash,No,2009,,West,,0,,Flat,,,,,,Bright sun,97400,0,0,0,2,,,0,,,,,,Northland Region,Nil,2-way,Sealed,,0,0,,50,,Off,0,0,,2,Whangarei District,Give way,,,,,0,0,Urban,1,,,Fine,Null
1755486,5929109,17827,,508420,0,,0,1,,North,2009/2010,SH 1N,TRISTRAM OBR,,Non-Injury Crash,Yes,2009,,North,,0,,Flat,,,,,,Bright sun,183800,0,0,0,3,,,0,,,,,,Auckland Region,Nil,2-way,Sealed,,0,0,,100,,Off,0,0,,76,Auckland,Nil,,,,,0,0,Open,1,,,Fine,Null