X,Y,OBJECTID,advisorySpeed,areaUnitID,bicycle,bridge,bus,carStationWagon,cliffBank,crashDirectionDescription,crashFinancialYear,crashLocation1,crashLocation2,crashRoadSideRoad,crashSeverity,crashSHDescription,crashYear,debris,directionRoleDescription,ditch,fatalCount,fence,flatHill,guardRail,holiday,houseOrBuilding,intersection,kerb,light,meshblockId,minorInjuryCount,moped,motorcycle,NumberOfLanes,objectThrownOrDropped,otherObject,otherVehicleType,overBank,parkedVehicle,pedestrian,phoneBoxEtc,postOrPole,region,roadCharacter,roadLane,roadSurface,roadworks,schoolBus,seriousInjuryCount,slipOrFlood,speedLimit,strayAnimal,streetLight,suv,taxi,temporarySpeedLimit,tlaId,tlaName,trafficControl,trafficIsland,trafficSign,train,tree,truck,unknownVehicleType,urban,vanOrUtility,vehicle,waterRiver,weatherA,weatherB
1796404,5693770,17828,,532902,0,,0,2,,West,2009/2010,SH 4,HIKAIA ST,,Non-Injury Crash,Yes,2009,,East,,0,,Flat,,,,,,Twilight,1035000,0,0,0,2,,,0,,,,,,Manawatū-Whanganui Region,Nil,2-way,Sealed,,0,0,,50,,Off,0,0,,36,Ruapehu District,Nil,,,,,0,0,Urban,0,,,Fine,Null
1883900,5774113,17829,,540410,0,,0,1,,North,2008/2009,TAREWA ROAD,SH 30A,,Non-Injury Crash,No,2009,,South,,0,,Flat,,,,,,Twilight,1231900,0,0,0,2,,,0,,,,,,Bay of Plenty Region,Nil,2-way,Sealed,,0,0,,50,,Off,0,0,,24,Rotorua District,Nil,,,,,0,0,Urban,0,,,Fine,Null
1730549,5930750,17830,,506652,0,,0,1,,North,2009/2010,SH 16,WOODHILL PARK ROAD,,Non-Injury Crash,Yes,2009,,West,,0,,Hill Road,,,,,,Overcast,218000,0,0,0,2,,,0,,,,,,Auckland Region,Nil,2-way,Sealed,,0,0,,100,,Off,0,0,,76,Auckland,Nil,,,,,0,0,Open,0,,,Fine,Null
1759631,5924214,17831,,509300,0,,0,2,,West,2009/2010,KAWERAU AVENUE,REGENT ST,,Non-Injury Crash,No,2009,,North,,0,,Flat,,,,,,Bright sun,339900,0,0,0,2,,,0,,,,,,Auckland Region,Nil,2-way,Sealed,,0,0,,50,,Null,0,0,,76,Auckland,Unknown,,,,,0,0,Urban,0,,,Fine,Null
1748250,5426840,17832,,573200,0,,0,2,,Null,2008/2009,ARO ST,WILLIS ST,,Non-Injury Crash,No,2009,,East,,0,,Flat,,,,,,Bright sun,2159202,0,0,0,2,,,0,,,,,,Wellington Region,Nil,2-way,Sealed,,0,0,,50,,Null,0,0,,47,Wellington City,Give way,,,,,0,0,Urban,0,,,Fine,Null
1830522,5619702,17833,,554900,0,,0,2,,Null,2008/2009,SH 1N,WAIARUHE ROAD,,Non-Injury Crash,Yes,2009,,South,,0,,Hill Road,,,,,,Bright sun,1754903,0,0,0,2,,,0,,,,,,Manawatū-Whanganui Region,Nil,2-way,Sealed,,0,0,,100,,Null,0,0,,36,Ruapehu District,Stop,,,,,0,0,Open,0,,,Fine,Null
1761495,5424320,17834,,565400,0,0,0,0,0,South,2009/2010,COAST ROAD,PARENGA ST,,Serious Crash,No,2009,0,North,0,0,0,Flat,0,,0,,0,Dark,2026102,0,0,1,2,0,0,0,1,0,,0,0,Wellington Region,Nil,2-way,Sealed,0,0,2,0,100,0,None,0,0,,46,Lower Hutt City,Nil,0,0,0,0,0,0,Open,0,0,0,Fine,Null
1766484,5907301,17835,,523601,0,,0,3,,South,2009/2010,SH 1N,EAST TAMAKI OBR,,Non-Injury Crash,Yes,2009,,South,,0,,Flat,,,,,,Bright sun,709000,0,0,0,6,,,1,,,,,,Auckland Region,Nil,2-way,Sealed,,0,0,,100,,Null,0,1,,76,Auckland,Unknown,,,,,0,0,Open,0,,,Fine,Null
1256341,5003379,17836,,609023,0,0,0,0,0,East,2009/2010,ASPEN GROVE,MATAU PLACE,,Minor Crash,No,2009,0,North,0,0,1,Hill Road,0,,0,,0,Bright sun,3039535,1,0,0,2,0,0,0,0,1,,0,1,Otago Region,Nil,2-way,Sealed,0,0,0,0,50,0,Null,0,0,,70,Queenstown-Lakes District,Unknown,0,0,0,0,0,0,Urban,1,0,0,Fine,Null
1756276,5924351,17837,80,509702,0,0,0,2,0,North,2009/2010,SH 1N,ONEWA OFF NBD,,Non-Injury Crash,Yes,2009,0,North,0,0,0,Flat,1,Christmas New Year,0,,0,Bright sun,366700,0,0,0,4,0,0,0,0,0,,0,0,Auckland Region,Nil,1-way,Sealed,0,0,0,0,100,0,Null,0,0,,76,Auckland,Unknown,0,0,0,0,0,0,Open,0,0,0,Fine,Null
1751565,5915247,17838,,514401,0,,0,1,,Null,2009/2010,NEW NORTH ROAD,ST JUDE ST,,Non-Injury Crash,No,2009,,West,,0,,Flat,,,,,,Bright sun,382600,0,0,0,2,,,0,,,,,,Auckland Region,Nil,2-way,Sealed,,0,0,,50,,Off,1,0,,76,Auckland,Traffic Signals,,,,,0,0,Urban,0,,,Fine,Null
1614534,5424695,17839,,584201,0,0,0,2,0,South,2008/2009,Z DWAY RICHMOND CARAVANS,LOWER QUEEN/HEADINGLY,,Non-Injury Crash,No,2009,0,West,0,0,0,Flat,0,,0,,0,Overcast,2365300,0,0,0,1,0,0,0,0,1,,0,0,Tasman Region,Nil,Off road,Unsealed,0,0,0,0,50,0,Null,0,0,,51,Tasman District,Nil,0,0,0,0,0,0,Urban,1,0,0,Mist or Fog,Null
1754957,5927798,17840,,508620,0,,0,2,,South,2009/2010,ARCHERS ROAD,SUNNYBRAE ROAD,,Non-Injury Crash,No,2009,,North,,0,,Flat,,,,,,Bright sun,202700,0,0,0,2,,,0,,,,,,Auckland Region,Nil,2-way,Sealed,,0,0,,50,,Null,0,0,,76,Auckland,Unknown,,,,,0,0,Urban,0,,,Fine,Null
1751879,5944586,17841,,506003,0,0,0,1,0,West,2009/2010,DUCK CREEK ROAD,PINESTEAD REACH,,Non-Injury Crash,No,2009,0,West,0,0,0,Hill Road,0,,0,,0,Overcast,175812,0,0,0,2,0,0,0,0,0,,0,0,Auckland Region,Nil,2-way,Sealed,0,0,0,0,80,0,Null,0,0,,76,Auckland,Unknown,0,0,0,1,0,0,Open,0,0,0,Fine,Null
1759260,5888089,17842,,521122,0,,0,2,,North,2009/2010,KINGSEAT ROAD,IRWIN ROAD,,Non-Injury Crash,No,2009,,South,,0,,Flat,,,,,,Overcast,810901,0,0,0,2,,,0,,,,,,Auckland Region,Nil,2-way,Sealed,,0,0,,100,,Off,0,0,,76,Auckland,Nil,,,,,0,0,Open,0,,,Fine,Null
1765371,5908300,17843,,523403,0,,0,1,,West,2009/2010,LARSEN ST,WYMONDLEY ROAD,,Non-Injury Crash,No,2009,,West,,0,,Flat,,,,,,Dark,696500,0,0,0,2,,,0,,,,,,Auckland Region,Nil,2-way,Sealed,,0,0,,50,,On,0,0,,76,Auckland,Nil,,,,,0,0,Urban,1,,,Fine,Null
1761433,5435883,17844,,568602,0,,0,2,,Null,2009/2010,WATERLOO ROAD,CAMBRIDGE SLIP,,Non-Injury Crash,No,2009,,East,,0,,Flat,,,,,,Overcast,1972700,0,0,0,2,,,0,,,,,,Wellington Region,Nil,2-way,Sealed,,0,0,,50,,Null,0,0,,46,Lower Hutt City,Give way,,,,,0,0,Urban,0,,,Fine,Null
1728761,5940374,17845,,506644,0,,0,1,,West,2009/2010,SH 16,PARKHURST ROAD,,Non-Injury Crash,Yes,2009,,East,,0,,Flat,,,,,,Overcast,211005,0,0,0,1,,,0,,,,,,Auckland Region,Nil,2-way,Sealed,,0,0,,100,,Null,0,0,,76,Auckland,Unknown,,,,,1,0,Open,0,,,Fine,Null
1769040,5911530,17846,,523112,0,,0,2,,Null,2009/2010,TI RAKAU DRIVE,HARRIS ROAD,,Non-Injury Crash,No,2009,,West,,0,,Flat,,,,,,Bright sun,711404,0,0,0,6,,,0,,,,,,Auckland Region,Nil,2-way,Sealed,,0,0,,60,,Null,0,0,,76,Auckland,Traffic Signals,,,,,0,0,Urban,0,,,Fine,Null
1648008,5430367,17847,,580446,0,0,0,1,0,North,2008/2009,SH 6,MAUNGATAPU ROAD,,Non-Injury Crash,Yes,2009,0,South,0,0,0,Flat,0,,0,,0,Twilight,2283900,0,0,0,2,0,0,0,0,0,,0,0,Marlborough Region,Nil,2-way,Sealed,0,0,0,0,100,0,None,0,0,,53,Marlborough District,Nil,0,0,0,0,0,0,Open,0,0,0,Fine,Null
1872645,5818270,17848,,536514,0,,0,2,,South,2009/2010,SH 29,CAMBRIDGE ROAD,,Non-Injury Crash,Yes,2009,,South,,0,,Flat,,,,,,Dark,1191204,0,0,0,2,,,0,,,,,,Bay of Plenty Region,Nil,2-way,Sealed,,0,0,,70,,On,0,0,,23,Tauranga City,Unknown,,,,,0,0,Urban,0,,,Fine,Null
1749956,5425377,17849,,576903,0,,0,1,,South,2008/2009,SH 1N,GOA ST,,Non-Injury Crash,Yes,2009,,South,,0,,Hill Road,,,,,,Overcast,2180601,0,0,0,2,,,0,,,,,,Wellington Region,Nil,2-way,Sealed,,0,0,,70,,Null,1,0,,47,Wellington City,Nil,,,,,0,0,Urban,0,,,Fine,Null
1243096,4849407,17850,,611210,0,,0,2,,East,2008/2009,FORTH ST,CONON ST,,Non-Injury Crash,No,2009,,East,,0,,Flat,,,,,,Bright sun,3109500,0,0,0,2,,,0,,,,,,Southland Region,Nil,2-way,Sealed,,0,0,,50,,Null,0,0,,75,Invercargill City,Unknown,,,,,0,0,Urban,0,,,Fine,Null
1821502,5906616,17851,,533603,0,,0,0,,North,2009/2010,SH 25,TE MATA CREEK ROAD,,Non-Injury Crash,Yes,2009,,North,,0,,Flat,,Christmas New Year,,,,Bright sun,1056201,0,0,0,2,,,0,,,,,,Waikato Region,Nil,2-way,Sealed,,0,0,,100,,Null,1,0,,11,Thames-Coromandel District,Unknown,,,,,0,0,Open,1,,,Fine,Null
1623530,5431031,17852,,582500,0,,0,1,,Null,2008/2009,RUTHERFORD ST,HAVEN ROAD,,Non-Injury Crash,No,2009,,East,,0,,Flat,,,,,,Bright sun,2318900,0,0,0,2,,,0,,,,,,Nelson Region,Nil,2-way,Sealed,,0,0,,50,,Null,0,0,,52,Nelson City,Give way,,,,,0,0,Urban,1,,,Fine,Null
1756956,5926287,17853,,507900,0,,0,2,,South,2009/2010,SH 1N,ESMONDE OFF SBD,,Non-Injury Crash,Yes,2009,,South,,0,,Flat,,,,,,Bright sun,304000,0,0,0,3,,,0,,,,,,Auckland Region,Nil,1-way,Sealed,,0,0,,100,,Off,0,0,,76,Auckland,Nil,,,,,0,0,Open,0,,,Heavy rain,Null
1797400,5816768,17854,,528504,0,,0,2,,Null,2009/2010,WALL ST,KARAKA ST,,Non-Injury Crash,No,2009,,West,,0,,Flat,,,,,,Bright sun,906700,0,0,0,2,,,0,,,,,,Waikato Region,Nil,2-way,Sealed,,0,0,,50,,Null,0,0,,16,Hamilton City,Give way,,,,,0,0,Urban,0,,,Fine,Null
1702349,5677923,17855,,551014,0,0,0,1,0,West,2008/2009,NINIA ROAD,KAIPAKOPAKO ROAD,,Non-Injury Crash,No,2009,0,North,1,0,0,Flat,0,Queens Birthday,0,,0,Dark,1563402,0,0,0,2,0,0,0,0,0,,0,0,Taranaki Region,Nil,2-way,Sealed,0,0,0,0,100,0,None,0,0,,33,New Plymouth District,Nil,0,0,0,1,0,0,Open,0,0,0,Light rain,Null
1752626,5918458,17856,,515002,0,,0,2,,Null,2008/2009,WALMER ROAD,TUI ST,,Non-Injury Crash,No,2009,,South,,0,,Flat,,,,,,Overcast,396500,0,0,0,2,,,0,,,,,,Auckland Region,Nil,2-way,Sealed,,0,0,,50,,Off,0,0,,76,Auckland,Stop,,,,,0,0,Urban,0,,,Light rain,Null
1806697,5449420,17857,,579900,0,,0,0,,South,2009/2010,SH 2,MCMASTER ST,,Non-Injury Crash,Yes,2009,,North,,0,,Flat,,,,,,Overcast,2266900,0,0,0,2,,,0,,,,,,Wellington Region,Nil,2-way,Sealed,,0,0,,50,,Null,1,0,,50,South Wairarapa District,Nil,,,,,1,0,Urban,0,,,Fine,Null
1747901,5425874,17858,,575600,0,0,0,0,0,North,2008/2009,WASHINGTON AVENUE,CLEVELAND ST,,Non-Injury Crash,No,2009,0,North,0,0,0,Hill Road,0,,0,,0,Dark,2162800,0,0,0,2,0,0,0,0,1,,0,0,Wellington Region,Nil,2-way,Sealed,0,0,0,0,50,0,On,1,0,,47,Wellington City,Nil,0,0,0,0,0,0,Urban,1,0,0,Fine,Null
1784326,5828080,17859,,526601,0,,0,1,,West,2008/2009,WAINGARO ROAD,ELGOOD ROAD,,Non-Injury Crash,No,2009,,East,,0,,Hill Road,,,,,,Twilight,853201,0,0,0,2,,,0,,,,,,Waikato Region,Nil,2-way,Sealed,,0,0,,100,,None,1,0,,13,Waikato District,Nil,,,,,0,0,Open,0,,,Mist or Fog,Null
1751676,5432855,17860,,574002,0,0,0,1,0,North,2008/2009,SH 1N,CENTENNIAL SBD,,Non-Injury Crash,Yes,2009,0,South,0,0,0,Hill Road,1,Christmas New Year,0,,0,Bright sun,2078304,0,0,0,3,0,0,0,0,0,,0,0,Wellington Region,Nil,1-way,Sealed,0,0,0,0,80,0,Null,0,0,,47,Wellington City,Nil,0,0,0,0,0,0,Open,0,0,0,Fine,Null
1772473,5890537,17861,,521203,0,1,0,0,0,East,2009/2010,MCPHERSON ROAD,SH 22,,Non-Injury Crash,No,2009,0,East,0,0,0,Flat,0,,0,,0,Overcast,807400,0,0,0,2,0,0,0,0,0,,0,0,Auckland Region,Bridge,2-way,Sealed,0,0,0,0,100,0,None,0,0,,76,Auckland,Give way,0,0,0,0,1,0,Open,0,0,0,Fine,Null
1757071,5912612,17862,,518702,0,0,0,1,0,East,2009/2010,SH 20,HILLSBOROUGH OBR,,Non-Injury Crash,Yes,2009,0,South,0,0,0,Flat,1,,0,,0,Bright sun,570300,0,0,0,3,0,0,0,0,0,,0,0,Auckland Region,Nil,1-way,Sealed,0,0,0,0,100,0,Off,1,0,,76,Auckland,Nil,0,0,0,0,0,0,Open,0,0,0,Light rain,Null
1758080,5446911,17863,,572100,0,,0,1,,Null,2008/2009,OMAPERE ST,POSTGATE DRIVE,,Non-Injury Crash,No,2009,,South,,0,,Flat,,,,,,Overcast,2070405,0,0,0,2,,,0,,,,,,Wellington Region,Nil,2-way,Sealed,,0,0,,50,,Null,0,0,,44,Porirua City,Give way,,,,,0,0,Urban,1,,,Fine,Null
1762826,5906782,17864,,524301,0,,0,2,,East,2009/2010,BUCKLAND ROAD,RAGLAN ST,,Non-Injury Crash,No,2009,,East,,0,,Flat,,,,,,Overcast,746700,0,0,0,2,,,0,,,,,,Auckland Region,Nil,2-way,Sealed,,0,0,,50,,Null,0,0,,76,Auckland,Nil,,,,,0,0,Urban,0,,,Light rain,Null
1439974,5004014,17865,,601030,0,,0,2,,Null,2008/2009,SH 1S SEVERN,CROSS ST,,Non-Injury Crash,Yes,2009,,North,,0,,Flat,,,,,,Overcast,2841700,0,0,0,3,,,0,,,,,,Otago Region,Nil,2-way,Sealed,,0,0,,50,,Null,0,0,,68,Waitaki District,Stop,,,,,0,0,Urban,0,,,Heavy rain,Null
1758713,5946304,17866,,505904,0,,0,1,,North,2009/2010,WHANGAPARAOA ROAD,ROBERTS ROAD,,Non-Injury Crash,No,2009,,North,,0,,Flat,,,,,,Bright sun,174904,0,0,0,2,,,0,,,,,,Auckland Region,Nil,2-way,Sealed,,0,0,,70,,Off,1,0,,76,Auckland,Nil,,,,,0,0,Urban,0,,,Fine,Null
1561622,5382821,17867,,581842,0,0,0,1,0,West,2008/2009,SH 6,GRANITY CREEK BR,,Non-Injury Crash,Yes,2009,0,West,0,0,0,Hill Road,0,,0,,0,Dark,2382400,0,0,0,2,0,0,0,0,0,,0,0,Tasman Region,Nil,2-way,Sealed,0,0,0,0,100,0,None,0,0,,51,Tasman District,Nil,0,0,0,0,0,0,Open,0,0,0,Light rain,Null
1785316,5448269,17868,,567901,0,0,0,1,0,South,2008/2009,SH 2,MARCHANT ROAD,,Non-Injury Crash,Yes,2009,0,North,0,0,1,Hill Road,0,,0,,0,Dark,1916100,0,0,0,2,0,0,0,0,0,,0,0,Wellington Region,Nil,2-way,Sealed,0,0,0,0,100,0,None,0,0,,45,Upper Hutt City,Nil,0,0,0,0,0,0,Open,0,0,0,Light rain,Null
1767645,5900324,17869,,524720,0,,0,1,,North,2009/2010,WORDSWORTH ROAD,WEYMOUTH ROAD,,Non-Injury Crash,No,2009,,South,,0,,Flat,,Labour Weekend,,,,Bright sun,777700,0,0,0,5,,,0,,,,,,Auckland Region,Nil,2-way,Sealed,,0,0,,50,,Off,0,0,,76,Auckland,Traffic Signals,,,,,0,0,Urban,1,,,Fine,Null
1790224,5496488,17870,,564012,0,,0,2,,South,2008/2009,SH 1N,VICTORIA TERRACE,,Non-Injury Crash,Yes,2009,,North,,0,,Flat,,,,,,Bright sun,1859002,0,0,0,2,,,0,,,,,,Manawatū-Whanganui Region,Nil,2-way,Sealed,,0,0,,100,,Null,0,0,30,42,Horowhenua District,Nil,,,,,0,0,Open,0,,,Fine,Null
1716324,6064610,17871,,501814,0,0,0,1,0,North,2009/2010,SH 1N,WHANANAKI NORTH ROAD,,Non-Injury Crash,Yes,2009,0,North,0,0,1,Hill Road,0,,0,,0,Overcast,60700,0,0,0,2,0,0,0,0,0,,0,0,Northland Region,Nil,2-way,Sealed,0,0,0,0,100,0,None,0,0,,2,Whangarei District,Pointsman,0,0,0,0,0,0,Open,0,0,0,Light rain,Null
1748121,5427873,17872,,575300,0,,0,2,,South,2009/2010,KELBURN PARADE,SALAMANCA ROAD,,Non-Injury Crash,No,2009,,South,,0,,Hill Road,,,,,,Bright sun,2154200,0,0,0,2,,,0,,,,,,Wellington Region,Nil,2-way,Sealed,,0,0,,50,,Null,0,0,,47,Wellington City,Nil,,,,,0,0,Urban,0,,,Fine,Null
1764250,5913599,17873,,520500,0,0,0,1,0,West,2009/2010,WAIPUNA ROAD,CARBINE ROAD,,Non-Injury Crash,No,2009,0,East,0,0,0,Flat,1,,0,,0,Dark,638700,0,0,0,6,0,0,0,0,0,,0,0,Auckland Region,Nil,2-way,Sealed,0,0,0,0,80,0,On,0,0,,76,Auckland,Nil,0,0,0,0,0,0,Open,0,0,0,Fine,Null
1842465,5817315,17874,,535000,0,,0,1,,Null,2009/2010,SH 27,PITT ST,,Non-Injury Crash,Yes,2009,,South,,0,,Flat,,Christmas New Year,,,,Overcast,1111500,0,0,0,2,,,0,,,,,,Waikato Region,Nil,2-way,Sealed,,0,0,,50,,Null,1,0,,15,Matamata-Piako District,Give way,,,,,0,0,Urban,0,,,Fine,Null
1796114,5693630,17875,,532902,0,,0,0,,Null,2009/2010,MARAE ST,MIRIAMA ST,,Non-Injury Crash,No,2009,,North,,0,,Flat,,,,,,Overcast,1034900,0,0,0,2,,,0,,,,,,Manawatū-Whanganui Region,Nil,2-way,Sealed,,0,0,,50,,Null,0,0,,36,Ruapehu District,Stop,,,,,1,0,Urban,1,,,Fine,Null
1417497,4948004,17876,,601400,0,0,0,1,0,South,2008/2009,SH 1S,HENRY ST,,Non-Injury Crash,Yes,2009,0,North,0,0,0,Flat,0,,0,,0,Overcast,2855500,0,0,0,2,0,0,0,1,0,,0,0,Otago Region,Nil,2-way,Sealed,0,0,0,0,100,0,Null,0,0,,71,Dunedin City,Unknown,0,0,0,0,0,0,Open,0,0,0,Heavy rain,Null
1880814,5819707,17877,,538302,0,,0,2,,Null,2009/2010,JAMES COOK DRIVE,VICTORY ST,,Non-Injury Crash,No,2009,,North,,0,,Hill Road,,,,,,Overcast,1180100,0,0,0,2,,,0,,,,,,Bay of Plenty Region,Nil,2-way,Sealed,,0,0,,50,,Null,0,0,,23,Tauranga City,Stop,,,,,0,0,Urban,0,,,Light rain,Null
1811280,5456686,17878,,579501,0,0,0,1,0,West,2008/2009,BELVEDERE ROAD,LINCOLN ROAD,,Non-Injury Crash,No,2009,0,East,0,0,1,Flat,0,,0,,0,Overcast,2265400,0,0,0,2,0,0,0,0,0,,0,0,Wellington Region,Nil,2-way,Sealed,0,0,0,0,70,0,Null,0,0,,49,Carterton District,Nil,0,0,0,0,0,0,Urban,0,0,0,Fine,Null
1773881,5896530,17879,,525620,0,,0,1,,Null,2009/2010,SCOTT ROAD,WILLIS ROAD,,Non-Injury Crash,No,2009,,East,,0,,Flat,,,,,,Overcast,798000,0,0,0,2,,,0,,,,,,Auckland Region,Nil,2-way,Sealed,,0,0,,50,,None,0,0,,76,Auckland,Give way,,,,,1,0,Urban,0,,,Fine,Null
1759471,5436090,17880,,569100,0,,0,2,,North,2008/2009,QUEENS DRIVE,LAINGS ROAD,,Non-Injury Crash,No,2009,,North,,0,,Flat,,,,,,Bright sun,1965300,0,0,0,2,,,0,,,,,,Wellington Region,Nil,2-way,Sealed,,0,0,,50,,Null,0,0,,46,Lower Hutt City,Nil,,,,,0,0,Urban,0,,,Fine,Null
1756928,5920586,17881,,514102,0,,1,1,,Null,2009/2010,VICTORIA ST WEST,NELSON ST,,Non-Injury Crash,No,2009,,North,,0,,Flat,,,,,,Bright sun,433700,0,0,0,6,,,0,,,,,,Auckland Region,Nil,2-way,Sealed,,0,0,,50,,Off,0,0,,76,Auckland,Traffic Signals,,,,,0,0,Urban,0,,,Fine,Null
1772102,5872200,17882,,521114,0,,0,2,,South,2008/2009,RIVER ROAD,ALEXANDRA REDOUBT ROAD,,Non-Injury Crash,No,2009,,North,,0,,Hill Road,,,,,,Bright sun,829200,0,0,0,2,,,0,,,,,,Waikato Region,Nil,2-way,Sealed,,0,0,,70,,Null,0,0,,13,Waikato District,Unknown,,,,,0,0,Urban,0,,,Fine,Null
1933619,5612742,17883,,545832,0,,0,2,,North,2008/2009,BROOKFIELDS ROAD,SISSONS ROAD,,Non-Injury Crash,No,2009,,South,,0,,Flat,,,,,,Overcast,1403900,0,0,0,1,,,0,,,,,,Hawke's Bay Region,Nil,2-way,Sealed,,0,0,,100,,Null,0,0,,30,Hastings District,Nil,,,,,0,0,Open,0,,,Light rain,Null
1405986,4916558,17884,,603000,0,,0,2,,Null,2008/2009,BROADWAY,MACLAGGAN ST,,Non-Injury Crash,No,2009,,South,,0,,Flat,,,,,,Overcast,2899500,0,0,0,2,,,0,,,,,,Otago Region,Nil,2-way,Sealed,,0,0,,50,,Null,0,0,,71,Dunedin City,Traffic Signals,,,,,0,0,Urban,0,,,Fine,Null
1740410,5930443,17885,,505604,0,0,0,1,0,West,2008/2009,DEACON ROAD,FORESTRY ROAD,,Non-Injury Crash,No,2009,0,West,1,0,0,Hill Road,0,,0,,0,Dark,214202,0,0,0,2,0,0,0,0,0,,0,0,Auckland Region,Nil,2-way,Sealed,0,0,0,0,100,0,On,0,0,,76,Auckland,Unknown,0,0,0,0,0,0,Open,0,0,0,Fine,Null
1406512,4917605,17886,,603602,0,,1,1,,Null,2009/2010,GEORGE ST,LONDON ST,,Non-Injury Crash,No,2009,,North,,0,,Flat,,,,,,Bright sun,2868200,0,0,0,3,,,0,,,,,,Otago Region,Nil,2-way,Sealed,,0,0,,30,,Null,0,0,,71,Dunedin City,Traffic Signals,,,,,0,0,Urban,0,,,Fine,Null
1606950,5436668,17887,,581825,0,,0,2,,Null,2008/2009,STAFFORD DRIVE,MCKEE DOMAIN ROAD,,Non-Injury Crash,No,2009,,North,,0,,Flat,,,,,,Bright sun,2350100,0,0,0,2,,,0,,,,,,Tasman Region,Nil,2-way,Sealed,,0,0,,100,,Null,1,0,,51,Tasman District,Give way,,,,,0,0,Open,1,,,Fine,Null
1753395,5929798,17888,,508411,0,,0,1,,Null,2008/2009,SUNSET ROAD,GLENFIELD ROAD,,Non-Injury Crash,No,2009,,North,,0,,Flat,,,,,,Overcast,183902,0,0,0,2,,,0,,,,,,Auckland Region,Nil,2-way,Sealed,,0,0,,50,,Off,0,0,,76,Auckland,Traffic Signals,,,,,0,0,Urban,1,,,Light rain,Null
1570185,5179670,17889,,591500,0,,0,1,,East,2008/2009,TUAM ST,MONTREAL ST,,Non-Injury Crash,No,2009,,West,,0,,Flat,,,,,,Bright sun,2648500,0,0,0,3,,,0,,,,,,Canterbury Region,Nil,2-way,Sealed,,0,0,,50,,Null,1,0,,60,Christchurch City,Unknown,,,,,0,0,Urban,0,,,Fine,Null
1769814,5914609,17890,,522722,0,0,0,2,0,North,2008/2009,AVIEMORE DRIVE,HIGHLAND PARK DRIVE,,Non-Injury Crash,No,2009,0,South,0,0,0,Flat,0,,0,,0,Overcast,681308,0,0,0,3,0,0,0,0,0,,0,0,Auckland Region,Nil,1-way,Sealed,0,0,0,0,50,0,On,0,0,,76,Auckland,Nil,0,0,0,0,0,0,Urban,0,1,0,Fine,Null
1711801,5620037,17891,65,554113,0,0,0,1,0,East,2009/2010,OHANGAI ROAD,TURUTURU ROAD,,Non-Injury Crash,No,2009,0,West,0,0,0,Flat,0,,0,,0,Dark,1652600,0,0,0,2,0,0,0,0,0,,0,1,Taranaki Region,Nil,2-way,Sealed,0,0,0,0,100,0,None,0,0,,35,South Taranaki District,Nil,0,0,0,0,0,0,Open,0,0,0,Fine,Null
1755395,5928944,17892,,508320,0,0,0,1,0,South,2009/2010,WAIRAU ROAD,TRISTRAM AVENUE,,Non-Injury Crash,No,2009,0,North,0,0,0,Flat,0,,0,,0,Bright sun,198600,0,0,0,4,0,0,0,0,0,,0,0,Auckland Region,Nil,2-way,Sealed,0,0,0,0,50,0,Null,0,0,,76,Auckland,Unknown,0,0,0,0,0,0,Urban,1,1,0,Fine,Null
1751906,5432091,17893,,574002,0,,0,2,,East,2008/2009,SH 2,SH 1N,,Non-Injury Crash,Yes,2009,,West,,0,,Flat,,,,,,Bright sun,2078302,0,0,0,2,,,0,,,,,,Wellington Region,Nil,1-way,Sealed,,0,0,,100,,Null,0,0,,47,Wellington City,Nil,,,,,0,0,Open,0,,,Fine,Null
1818048,5440139,17894,,579502,0,0,0,1,0,South,2008/2009,LONGBUSH ROAD,ERINGA ROAD,,Non-Injury Crash,No,2009,0,North,1,0,0,Flat,0,Queens Birthday,0,,0,Dark,2263800,0,0,0,2,0,0,0,0,0,,0,0,Wellington Region,Nil,2-way,Sealed,0,0,0,0,100,0,None,0,0,,49,Carterton District,Nil,0,0,0,0,0,0,Open,0,0,0,Light rain,Strong wind
1849571,5807734,17895,,535231,0,0,0,1,1,North,2009/2010,SH 24,TE POI ROAD,,Non-Injury Crash,Yes,2009,0,South,1,0,1,Flat,0,,0,,0,Dark,1113500,0,0,0,2,0,0,0,0,0,,0,0,Waikato Region,Nil,2-way,Sealed,0,0,0,0,100,0,None,0,0,,15,Matamata-Piako District,Unknown,0,0,0,0,0,0,Open,0,0,0,Heavy rain,Null
1936042,5595169,17896,,545860,0,0,0,1,0,South,2008/2009,KAHURANAKI ROAD,WAIMARAMA ROAD,,Non-Injury Crash,No,2009,0,North,0,0,1,Flat,0,,0,,0,Overcast,1467400,0,0,0,2,0,0,0,0,0,,0,0,Hawke's Bay Region,Nil,2-way,Sealed,0,0,0,0,100,0,Null,0,0,,30,Hastings District,Nil,0,0,0,0,0,0,Open,0,0,0,Light rain,Null
1500152,5138747,17897,,597812,0,,0,1,,North,2008/2009,SH 1S,WALNUT AVENUE,,Non-Injury Crash,Yes,2009,,South,,0,,Flat,,,,,,Overcast,2735200,0,0,0,2,,,0,,,,,,Canterbury Region,Nil,2-way,Sealed,,0,0,,50,,Null,1,0,,63,Ashburton District,Unknown,,,,,0,0,Urban,0,,,Fine,Null