X,Y,OBJECTID,advisorySpeed,areaUnitID,bicycle,bridge,bus,carStationWagon,cliffBank,crashDirectionDescription,crashFinancialYear,crashLocation1,crashLocation2,crashRoadSideRoad,crashSeverity,crashSHDescription,crashYear,debris,directionRoleDescription,ditch,fatalCount,fence,flatHill,guardRail,holiday,houseOrBuilding,intersection,kerb,light,meshblockId,minorInjuryCount,moped,motorcycle,NumberOfLanes,objectThrownOrDropped,otherObject,otherVehicleType,overBank,parkedVehicle,pedestrian,phoneBoxEtc,postOrPole,region,roadCharacter,roadLane,roadSurface,roadworks,schoolBus,seriousInjuryCount,slipOrFlood,speedLimit,strayAnimal,streetLight,suv,taxi,temporarySpeedLimit,tlaId,tlaName,trafficControl,trafficIsland,trafficSign,train,tree,truck,unknownVehicleType,urban,vanOrUtility,vehicle,waterRiver,weatherA,weatherB
1751296,5433332,17898,,574002,0,0,0,0,0,South,2009/2010,SH 1N,NEWLANDS ON SBD,,Non-Injury Crash,Yes,2009,0,South,0,0,1,Hill Road,1,Christmas New Year,0,,0,Overcast,2078304,0,0,0,3,0,0,0,0,0,,0,0,Wellington Region,Nil,1-way,Sealed,0,0,0,0,80,0,Null,1,0,,47,Wellington City,Nil,0,0,0,0,0,0,Open,0,0,0,Fine,Strong wind
1572932,5181522,17899,,593400,0,0,0,1,0,South,2008/2009,AVONSIDE DRIVE,MORRIS ST W,,Non-Injury Crash,No,2009,0,North,0,0,0,Flat,0,,0,,0,Bright sun,2615400,0,0,0,2,0,0,0,0,0,,0,0,Canterbury Region,Nil,2-way,Sealed,0,0,0,0,50,0,Null,0,0,,60,Christchurch City,Unknown,0,0,0,0,0,0,Urban,0,0,1,Fine,Null
1767652,5905759,17900,,523601,0,,0,2,,North,2009/2010,PRESTON ROAD,BOUNDARY ROAD,,Non-Injury Crash,No,2009,,South,,0,,Hill Road,,,,,,Bright sun,707200,0,0,0,2,,,0,,,,,,Auckland Region,Bridge,2-way,Sealed,,0,0,,40,,Off,0,0,,76,Auckland,Give way,,,,,0,0,Urban,0,,,Fine,Null
1869748,5720389,17901,,541312,0,,0,1,,Null,2009/2010,WAIRAKEI DRIVE,KARETOTO ROAD N,,Non-Injury Crash,No,2009,,West,,0,,Hill Road,,Labour Weekend,,,,Overcast,1278500,0,0,0,3,,,0,,,,,,Waikato Region,Nil,2-way,Sealed,,0,0,,100,,Null,1,0,,21,Taupo District,Give way,,,,,0,0,Open,0,,,Fine,Null
1758310,5927273,17902,,508010,0,,0,1,,North,2009/2010,THE STRAND,CHANNEL VIEW ROAD N,,Non-Injury Crash,No,2009,,South,,0,,Flat,,,,,,Overcast,326300,0,0,0,2,,,0,,,,,,Auckland Region,Nil,2-way,Sealed,,0,0,,50,,Null,0,0,,76,Auckland,Unknown,,,,,0,0,Urban,0,,,Fine,Null
2035908,5710014,17903,,544300,0,,0,2,,Null,2008/2009,ABERDEEN ROAD,ALBERT ST,,Non-Injury Crash,No,2009,,West,,0,,Flat,,Easter,,,,Bright sun,1366300,0,0,0,2,,,0,,,,,,Gisborne Region,Nil,2-way,Sealed,,0,0,,50,,Null,0,0,,28,Gisborne District,Give way,,,,,0,0,Urban,0,,,Fine,Null
1750333,5976553,17904,,506661,0,,0,2,,West,2008/2009,WRIGHT ROAD,MATAKANA ROAD,,Non-Injury Crash,No,2009,,East,,0,,Flat,,,,,,Bright sun,138900,0,0,0,1,,,0,,,,,,Auckland Region,Nil,2-way,Unsealed,,0,0,,100,,None,0,0,,76,Auckland,Nil,,,,,0,0,Open,0,,,Fine,Null
1924608,5607881,17905,,548611,0,,0,1,,West,2008/2009,FLAXMERE AVENUE,MARGATE AVENUE,,Non-Injury Crash,No,2009,,West,,0,,Flat,,,,,,Dark,1469710,0,0,0,2,,,0,,,,,,Hawke's Bay Region,Nil,2-way,Sealed,,0,0,,50,,On,1,0,,30,Hastings District,Nil,,,,,0,0,Urban,0,,,Fine,Null
1751565,5915247,17906,,514401,0,,0,3,,Null,2008/2009,BLOCKHOUSE BAY ROAD,NEW NORTH ROAD,,Non-Injury Crash,No,2009,,South,,0,,Flat,,,,,,Bright sun,382600,0,0,0,4,,,0,,,,,,Auckland Region,Nil,2-way,Sealed,,0,0,,50,,Null,0,0,,76,Auckland,Traffic Signals,,,,,0,0,Urban,0,,,Fine,Null
1763144,5917925,17907,,516301,0,,1,1,,Null,2008/2009,FANCOURT ST,PARSONS ROAD,,Non-Injury Crash,No,2009,,North,,0,,Flat,,,,,,Bright sun,460700,0,0,0,1,,,0,,,,,,Auckland Region,Nil,2-way,Sealed,,0,0,,50,,Off,0,0,,76,Auckland,Stop,,,,,0,0,Urban,0,,,Fine,Null
1560710,5174689,17908,,587848,0,,0,3,,South,2009/2010,SPRINGS ROAD,WILLIAM ST,,Non-Injury Crash,No,2009,,North,,0,,Flat,,,,,,Overcast,2499801,0,0,0,2,,,0,,,,,,Canterbury Region,Nil,2-way,Sealed,,0,0,,50,,Null,0,0,,62,Selwyn District,Unknown,,,,,0,0,Urban,0,,,Fine,Null
1756539,5926878,17909,,507900,0,0,0,1,0,Null,2008/2009,NORTHCOTE OFF NBD,SH 1N,,Non-Injury Crash,Yes,2009,0,North,0,0,0,Hill Road,0,,0,,0,Dark,303501,0,0,0,2,0,0,0,0,0,,0,1,Auckland Region,Motorway ramp,1-way,Sealed,0,0,0,0,50,0,On,0,0,,76,Auckland,Traffic Signals,0,0,0,0,0,0,Urban,1,0,0,Heavy rain,Null
1753860,5914219,17910,,518801,0,,0,2,,Null,2009/2010,SH 20,SANDRINGHAM ROAD,,Non-Injury Crash,Yes,2009,,South,,0,,Flat,,,,,,Dark,578500,0,0,0,2,,,0,,,,,,Auckland Region,Nil,1-way,Sealed,,0,0,,50,,On,0,0,,76,Auckland,Give way,,,,,0,0,Urban,0,,,Light rain,Null
1801020,5815156,17911,,529700,0,0,0,1,0,East,2009/2010,COLLINGWOOD ST,ALEXANDRA ST,,Non-Injury Crash,No,2009,0,West,0,0,0,Flat,0,,0,,0,Bright sun,911300,0,0,0,2,0,0,0,0,1,,0,0,Waikato Region,Nil,2-way,Sealed,0,0,0,0,50,0,Null,1,0,,16,Hamilton City,Unknown,0,0,0,0,0,0,Urban,0,0,0,Fine,Null
1759450,5924969,17912,,508110,0,0,0,2,0,West,2009/2010,EGREMONT ST,MOANA AVENUE,,Non-Injury Crash,No,2009,0,East,0,0,0,Hill Road,0,,0,,0,Bright sun,318600,0,0,0,2,0,0,0,0,1,,0,0,Auckland Region,Nil,2-way,Sealed,0,0,0,0,50,0,Null,0,0,,76,Auckland,Nil,0,0,0,0,0,0,Urban,0,0,0,Fine,Null
1702290,5665647,17913,,552702,0,,1,0,,South,2009/2010,SH 3,LEPPER ROAD UPPER,,Non-Injury Crash,Yes,2009,,East,,0,,Flat,,,,,,Bright sun,1609000,0,0,0,2,,,0,,,,,,Taranaki Region,Nil,2-way,Sealed,,0,0,,100,,Null,0,0,,33,New Plymouth District,Nil,,,,,0,0,Open,0,,,Fine,Null
1801040,5814893,17914,,529700,0,,0,2,,North,2009/2010,ANGLESEA ST,HOOD ST,,Non-Injury Crash,No,2009,,North,,0,,Flat,,,,,,Overcast,911700,0,0,0,4,,,0,,,,,,Waikato Region,Nil,2-way,Sealed,,0,0,,50,,Off,0,0,,16,Hamilton City,Nil,,,,,0,0,Urban,0,,,Fine,Null
1762780,5920557,17915,,516400,0,,0,2,,South,2009/2010,HAPIMANA ST,TAMAKI DRIVE,,Non-Injury Crash,No,2009,,North,,0,,Flat,,,,,,Bright sun,498801,0,0,0,2,,,0,,,,,,Auckland Region,Nil,2-way,Sealed,,0,0,,50,,Off,0,0,,76,Auckland,Nil,,,,,0,0,Urban,0,,,Fine,Null
1752600,5424914,17916,,577302,0,,0,1,,Null,2008/2009,DARLINGTON ROAD,ROTHERHAM ROAD,,Non-Injury Crash,No,2009,,South,,0,,Flat,,,,,,Overcast,2205600,0,0,0,2,,,0,,,,,,Wellington Region,Nil,2-way,Sealed,,0,0,,50,,Null,0,0,,47,Wellington City,Give way,,,,,0,0,Urban,1,,,Light rain,Null
1775566,5898387,17917,30,523813,0,0,0,1,0,North,2009/2010,HAMLIN ROAD,PAPAKURA-CLEVEDON ROAD,,Non-Injury Crash,No,2009,0,North,0,0,1,Flat,0,,0,,0,Dark,761601,0,0,0,2,0,0,0,0,0,,0,0,Auckland Region,Nil,2-way,Sealed,0,0,0,0,80,0,None,0,0,,76,Auckland,Nil,0,0,0,0,0,0,Open,0,0,0,Fine,Null
1719675,6045975,17918,,503100,0,,0,2,,Null,2009/2010,DENT ST,HATEA DRIVE,,Non-Injury Crash,No,2009,,North,,0,,Flat,,,,,,Overcast,99800,0,0,0,4,,,0,,,,,,Northland Region,Nil,2-way,Sealed,,0,0,,50,,Off,0,0,,2,Whangarei District,Traffic Signals,,,,,0,0,Urban,0,,,Fine,Null
1770006,5915301,17919,,522711,0,,0,2,,Null,2008/2009,BUCKLANDS BEACH ROAD,CASUARINA ROAD,,Non-Injury Crash,No,2009,,South,,0,,Flat,,,,,,Dark,680801,0,0,0,2,,,0,,,,,,Auckland Region,Nil,2-way,Sealed,,0,0,,50,,On,0,0,,76,Auckland,Nil,,,,,0,0,Urban,0,,,Fine,Null
1800826,5830623,17920,,527123,0,0,0,1,1,East,2008/2009,SH 1B,BANKIER ROAD,,Non-Injury Crash,Yes,2009,0,East,0,0,0,Flat,0,Queens Birthday,0,,0,Bright sun,949700,0,0,0,2,0,0,0,0,0,,0,0,Waikato Region,Nil,2-way,Sealed,0,0,0,0,100,0,None,0,0,,13,Waikato District,Nil,0,0,0,0,0,0,Open,0,0,0,Fine,Null
1569095,5179151,17921,,591600,0,,0,2,,West,2008/2009,MOORHOUSE AVENUE,HAGLEY AVENUE,,Non-Injury Crash,No,2009,,East,,0,,Flat,,,,,,Dark,2678800,0,0,0,4,,,0,,,,,,Canterbury Region,Nil,2-way,Sealed,,0,0,,60,,On,0,0,,60,Christchurch City,Unknown,,,,,0,0,Urban,0,,,Light rain,Null
1756304,5919147,17922,,514200,0,,0,2,,Null,2009/2010,NEWTON ROAD,OPHIR ST,,Non-Injury Crash,No,2009,,South,,0,,Hill Road,,,,,,Twilight,411700,0,0,0,5,,,0,,,,,,Auckland Region,Nil,2-way,Sealed,,0,0,,50,,On,0,0,,76,Auckland,Give way,,,,,0,0,Urban,0,,,Fine,Null
1774801,5576897,17923,,557000,0,,0,1,,Null,2009/2010,HEADS ROAD,GUYTON ST,,Non-Injury Crash,No,2009,,West,,0,,Flat,,,,,,Bright sun,1727300,0,0,0,2,,,0,,,,,,Manawatū-Whanganui Region,Nil,2-way,Sealed,,0,0,,50,,Null,1,0,,37,Whanganui District,Give way,,,,,0,0,Urban,0,,,Fine,Null
1755716,5916228,17924,,518301,0,,0,2,,Null,2008/2009,DOMINION ROAD,BALMORAL ROAD,,Non-Injury Crash,No,2009,,South,,0,,Flat,,,,,,Bright sun,555100,0,0,0,6,,,0,,,,,,Auckland Region,Nil,2-way,Sealed,,0,0,,50,,Null,0,0,,76,Auckland,Traffic Signals,,,,,0,0,Urban,0,,,Fine,Null
1719343,6045775,17925,,503100,0,,0,2,,Null,2009/2010,BANK ST,RUST AVENUE,,Non-Injury Crash,No,2009,,South,,0,,Flat,,,,,,Overcast,100300,0,0,0,2,,,0,,,,,,Northland Region,Nil,2-way,Sealed,,0,0,,50,,Off,0,0,,2,Whangarei District,Traffic Signals,,,,,0,0,Urban,0,,,Fine,Null
1753421,5914308,17926,,518801,0,,0,2,,East,2008/2009,SH 20,RICHARDSON ROAD,,Non-Injury Crash,Yes,2009,,West,,0,,Hill Road,,,,,,Unknown,578400,0,0,0,4,,,0,,,,,,Auckland Region,Nil,2-way,Sealed,,0,0,,100,,None,0,0,,76,Auckland,Nil,,,,,1,0,Open,0,,,Fine,Null
1787067,5858954,17927,,527210,0,0,0,1,0,North,2009/2010,SH 1N,PLANTATION ROAD,,Non-Injury Crash,Yes,2009,0,North,0,0,0,Flat,1,,0,,0,Dark,935700,0,0,0,2,0,0,0,0,0,,0,0,Waikato Region,Nil,2-way,Sealed,0,0,0,0,100,0,None,0,0,,13,Waikato District,Nil,0,0,0,0,0,0,Open,0,0,0,Fine,Null
1932789,5618566,17928,,547002,0,0,0,1,0,North,2009/2010,Z TAMATEA H/SCH GROUNDS,FREYBERG/ISLINGTON,,Non-Injury Crash,No,2009,0,North,0,0,0,Flat,0,,0,,0,Overcast,1454600,0,0,0,0,0,0,0,0,0,,0,1,Hawke's Bay Region,Nil,Off road,Sealed,0,0,0,0,50,0,Null,0,0,,31,Napier City,Nil,0,0,0,0,0,0,Urban,0,0,0,Fine,Null
1760985,5435759,17929,,568601,0,0,1,1,0,West,2008/2009,KNIGHTS ROAD,OXFORD TERRACE,,Non-Injury Crash,No,2009,0,East,0,0,0,Flat,0,,0,,0,Overcast,1970802,0,0,0,2,0,0,0,0,0,,0,0,Wellington Region,Nil,2-way,Sealed,0,0,0,0,50,0,Null,0,0,,46,Lower Hutt City,Nil,0,0,0,0,0,0,Urban,0,1,0,Fine,Null
1764624,5911794,17930,,520500,0,,0,2,,South,2009/2010,SH 1N,MT WGTN OFF NBD,,Non-Injury Crash,Yes,2009,,North,,0,,Flat,,Christmas New Year,,,,Overcast,639500,0,0,0,3,,,0,,,,,,Auckland Region,Nil,1-way,Sealed,,0,0,,100,,None,0,0,,76,Auckland,Nil,,,,,0,0,Open,0,,,Fine,Null
1719335,6045478,17931,,503100,0,,0,2,,Null,2009/2010,WALTON ST,RAILWAY ROAD,,Non-Injury Crash,No,2009,,West,,0,,Flat,,,,,,Overcast,100400,0,0,0,2,,,0,,,,,,Northland Region,Nil,1-way,Sealed,,0,0,,50,,Off,0,0,,2,Whangarei District,Give way,,,,,0,0,Urban,0,,,Fine,Null
1758503,5918637,17932,,517400,0,0,0,2,0,West,2009/2010,ALMA ST,DAVIS CRESCENT,,Non-Injury Crash,No,2009,0,East,0,0,0,Flat,0,,0,,0,Overcast,450600,0,0,0,0,0,0,0,0,1,,0,0,Auckland Region,Nil,2-way,Sealed,0,0,0,0,50,0,None,0,0,,76,Auckland,Nil,0,0,0,0,0,0,Urban,0,0,0,Light rain,Null
1867486,5713494,17933,,541720,0,,0,2,,Null,2009/2010,TITIRAUPENGA ST,TAMAMUTU ST,,Non-Injury Crash,No,2009,,West,,0,,Flat,,,,,,Overcast,1273600,0,0,0,2,,,0,,,,,,Waikato Region,Nil,2-way,Sealed,,0,0,,50,,Null,0,0,,21,Taupo District,Stop,,,,,0,0,Urban,0,,,Light rain,Null
1765997,5905567,17934,,522202,0,0,0,1,0,North,2009/2010,CARRUTH ROAD,ELIZABETH AVENUE,,Non-Injury Crash,No,2009,0,North,0,0,1,Flat,0,,0,,0,Overcast,665700,0,0,0,2,0,0,0,0,0,,0,0,Auckland Region,Nil,2-way,Sealed,0,0,0,0,50,0,None,0,0,,76,Auckland,Nil,0,0,0,0,0,0,Urban,0,0,0,Fine,Null
1569051,5182107,17935,,592200,0,0,0,1,0,West,2008/2009,AIKMANS ROAD,AKELA ST,,Non-Injury Crash,No,2009,0,East,0,0,1,Flat,0,,0,,0,Dark,2674300,0,0,0,2,0,0,0,0,0,,0,0,Canterbury Region,Nil,2-way,Sealed,0,0,0,0,50,0,On,0,0,,60,Christchurch City,Unknown,0,0,0,0,0,0,Urban,0,0,0,Light rain,Null
1574477,5177535,17936,,594100,0,,0,2,,North,2008/2009,SH 74A,BARTON ST,,Minor Crash,Yes,2009,,North,,0,,Flat,,,,,,Overcast,2588400,1,0,0,2,,,0,,,,,,Canterbury Region,Nil,2-way,Sealed,,0,0,,50,,Null,0,0,,60,Christchurch City,Unknown,,,,,0,0,Urban,0,,,Fine,Null
1808656,5633339,17937,,554900,0,0,0,1,0,East,2009/2010,SH 49,RUAPEHU ROAD,,Non-Injury Crash,Yes,2009,0,West,0,0,1,Flat,0,,0,,0,Overcast,1674302,0,0,0,2,0,0,0,0,0,,0,0,Manawatū-Whanganui Region,Nil,2-way,Sealed,0,0,0,0,100,0,Null,0,0,,36,Ruapehu District,Nil,0,0,0,0,0,0,Open,0,0,0,Snow,Null
1759065,5907730,17938,,524122,0,0,0,1,0,South,2008/2009,MCKENZIE ROAD,VALIANT ST,,Non-Injury Crash,No,2009,0,South,0,0,0,Flat,0,,0,,0,Bright sun,738401,0,0,0,2,0,0,0,0,1,,0,0,Auckland Region,Nil,2-way,Sealed,0,0,0,0,60,0,Null,1,0,,76,Auckland,Unknown,0,0,0,0,0,0,Urban,0,0,0,Fine,Null
1683067,6105107,17939,,501614,0,,0,2,,North,2009/2010,SH 10,PUNGAERE ROAD,,Non-Injury Crash,Yes,2009,,North,,0,,Flat,,,,,,Bright sun,43907,0,0,0,2,,,0,,,,,,Northland Region,Nil,2-way,Sealed,,0,0,,100,,Null,0,0,,1,Far North District,Unknown,,,,,0,0,Open,0,,,Fine,Null
1875893,5825518,17940,,537100,0,,0,2,,Null,2009/2010,QUEEN ROAD,MARGARET ROAD,,Non-Injury Crash,No,2009,,North,,0,,Flat,,,,,,Overcast,1158900,0,0,0,2,,,0,,,,,,Bay of Plenty Region,Nil,2-way,Sealed,,0,0,,50,,Null,0,0,,23,Tauranga City,Give way,,,,,0,0,Urban,0,,,Light rain,Null
1933247,5619353,17941,,547001,0,,0,1,,Null,2008/2009,SH 50,TARADALE ROAD,,Non-Injury Crash,Yes,2009,,North,,0,,Flat,,,,,,Dark,1450600,0,0,0,2,,,0,,,,,,Hawke's Bay Region,Nil,2-way,Sealed,,0,0,,50,,On,0,0,,31,Napier City,Give way,,,,,0,0,Urban,1,,,Light rain,Null
1755892,5929493,17942,,508510,0,0,0,3,0,Null,2008/2009,HAVELOCK AVENUE,RAINES AVENUE,,Non-Injury Crash,No,2009,0,North,0,0,0,Hill Road,0,Christmas New Year,0,,0,Bright sun,194100,0,0,0,1,0,0,0,0,1,,0,0,Auckland Region,Nil,2-way,Sealed,0,0,0,0,50,0,Off,0,0,,76,Auckland,Give way,0,0,0,0,0,0,Urban,0,0,0,Fine,Null
1819068,5528714,17943,,562720,0,0,0,1,0,South,2008/2009,CHATSWORTH PLACE,DALWOOD GROVE,,Non-Injury Crash,No,2009,0,North,0,0,0,Flat,0,,0,,0,Overcast,1819301,0,0,0,2,0,0,0,0,1,,0,0,Manawatū-Whanganui Region,Nil,2-way,Sealed,0,0,0,0,50,0,Null,0,0,,40,Palmerston North City,Nil,0,0,0,0,0,0,Urban,1,0,0,Fine,Null
1771147,5900574,17944,,523817,0,,0,2,,South,2009/2010,PORCHESTER ROAD,HYPERION DRIVE,,Non-Injury Crash,No,2009,,South,,0,,Flat,,,,,,Overcast,759733,0,0,0,2,,,0,,,,,,Auckland Region,Nil,2-way,Sealed,,0,0,,70,,Off,0,0,,76,Auckland,Nil,,,,,0,0,Urban,0,,,Fine,Null
1932807,5620971,17945,,545621,0,,0,2,,Null,2009/2010,PREBENSEN DRIVE,TAMATEA DRIVE,,Non-Injury Crash,No,2009,,West,,0,,Flat,,,,,,Dark,1427801,0,0,0,2,,,0,,,,,,Hawke's Bay Region,Nil,2-way,Sealed,,0,0,,70,,On,0,0,,31,Napier City,Give way,,,,,0,0,Urban,0,,,Fine,Null
1749173,5424924,17946,,576400,0,0,1,1,0,West,2008/2009,CONSTABLE ST,DANIELL ST,,Non-Injury Crash,No,2009,0,West,0,0,0,Flat,0,,0,,0,Overcast,2168400,0,0,0,2,0,0,0,0,2,,0,0,Wellington Region,Nil,2-way,Sealed,0,0,0,0,50,0,Null,0,0,30,47,Wellington City,Nil,0,0,0,0,0,0,Urban,1,0,0,Fine,Null
1605757,5438564,17947,,581833,0,0,0,0,0,East,2008/2009,APORO ROAD,PERMIN ROAD,,Non-Injury Crash,No,2009,0,South,1,0,1,Flat,0,,0,,0,Bright sun,2374100,0,0,0,2,0,0,0,0,0,,0,0,Tasman Region,Nil,2-way,Sealed,0,0,0,0,100,0,Null,0,0,,51,Tasman District,Nil,0,0,0,0,0,0,Open,1,0,0,Fine,Null
1406043,4917130,17948,,603100,0,,0,2,,South,2008/2009,SMITH ST,YORK PLACE,,Non-Injury Crash,No,2009,,North,,0,,Hill Road,,,,,,Bright sun,2903500,0,0,0,2,,,0,,,,,,Otago Region,Nil,2-way,Sealed,,0,0,,50,,Null,0,0,,71,Dunedin City,Nil,,,,,0,0,Urban,0,,,Fine,Null
1932662,5619778,17949,,547001,0,0,0,2,0,East,2009/2010,SOUTHWARK AVENUE,CANTERBURY ST,,Non-Injury Crash,No,2009,0,East,0,0,0,Flat,0,,0,,0,Overcast,1451800,0,0,0,2,0,0,0,0,1,,0,0,Hawke's Bay Region,Nil,2-way,Sealed,0,0,0,0,50,0,Null,0,0,,31,Napier City,Nil,0,0,0,0,0,0,Urban,0,0,0,Fine,Null
1749469,5427027,17950,,573400,0,0,0,3,0,Null,2008/2009,LIPMAN ST,MAJORIBANKS ST,,Non-Injury Crash,No,2009,0,West,0,0,0,Flat,0,,0,,0,Dark,2139900,0,0,0,2,0,0,0,0,2,,0,0,Wellington Region,Nil,2-way,Sealed,0,0,0,0,50,0,On,0,0,,47,Wellington City,Nil,0,0,0,0,0,0,Urban,0,0,0,Fine,Null
1446002,5103292,17951,35,598313,0,0,0,0,0,East,2009/2010,OPIHI ROAD,OPIHI SCHOOL ROAD,,Minor Crash,No,2009,0,East,0,0,0,Flat,1,,0,,0,Dark,2773300,1,0,0,2,0,0,0,0,0,,0,0,Canterbury Region,Nil,2-way,Sealed,0,0,0,0,100,0,None,0,0,,64,Timaru District,Unknown,0,0,0,0,0,0,Open,1,0,0,Fine,Frost
1754748,5443258,17952,,571000,0,,0,1,,South,2008/2009,SH 1N,MUNGAVIN ON SBD,,Non-Injury Crash,Yes,2009,,South,,0,,Flat,,,,,,Bright sun,2052000,0,0,0,2,,,0,,,,,,Wellington Region,Nil,2-way,Sealed,,0,0,,100,,Null,0,0,,44,Porirua City,Nil,,,,,1,0,Open,0,,,Fine,Null
1742213,5918593,17953,,513214,0,0,0,1,0,Null,2008/2009,POOKS ROAD,SIMPSON ROAD,,Non-Injury Crash,No,2009,0,North,0,0,1,Flat,0,,0,,0,Dark,236201,0,0,0,2,0,0,0,0,0,,1,0,Auckland Region,Nil,2-way,Sealed,0,0,0,0,50,0,None,0,0,,76,Auckland,Nil,0,0,0,0,0,0,Urban,0,0,0,Light rain,Null
1919834,5642970,17954,,545811,0,0,0,1,0,North,2009/2010,SH 5,GLENGARRY ROAD,,Non-Injury Crash,Yes,2009,0,South,1,0,0,Hill Road,0,,0,,0,Bright sun,1414700,0,0,0,2,0,0,0,0,0,,0,0,Hawke's Bay Region,Nil,2-way,Sealed,0,0,0,0,100,0,Null,0,0,30,30,Hastings District,Nil,0,0,0,0,0,0,Open,0,0,0,Fine,Null
1757062,5925711,17955,,509702,0,1,0,1,0,South,2009/2010,AKORANGA OFF NBD,AKORANGA DRIVE,,Non-Injury Crash,Yes,2009,0,North,1,0,0,Hill Road,0,,0,,0,Dark,364601,0,0,0,2,0,0,0,0,0,,0,1,Auckland Region,Motorway ramp,1-way,Sealed,0,0,0,0,100,0,On,0,0,,76,Auckland,Nil,0,0,0,0,0,0,Open,0,0,0,Mist or Fog,Null
1756188,5920080,17956,,514000,0,,0,2,,Null,2009/2010,HEPBURN ST,WELLINGTON ST,,Non-Injury Crash,No,2009,,North,,0,,Hill Road,,,,,,Bright sun,413001,0,0,0,3,,,0,,,,,,Auckland Region,Nil,2-way,Sealed,,0,0,,50,,Off,0,0,,76,Auckland,Traffic Signals,,,,,0,0,Urban,0,,,Fine,Null
1238989,4879784,17957,,610500,0,,0,2,,Null,2009/2010,SH 6,SH 96,,Minor Crash,Yes,2009,,North,,0,,Flat,,,,,,Overcast,3086600,2,0,0,2,,,0,,,,,,Southland Region,Nil,2-way,Sealed,,0,0,,100,,Null,0,0,,73,Southland District,Give way,,,,,0,0,Open,0,,,Fine,Null
1745638,5916831,17958,,510800,0,,0,0,,South,2009/2010,VITASOVICH AVENUE,EDSEL ST,,Non-Injury Crash,No,2009,,North,,0,,Flat,,,,,,Bright sun,243300,0,0,0,2,,,0,,,,,,Auckland Region,Nil,2-way,Sealed,,0,0,,50,,Off,1,0,,76,Auckland,Nil,,,,,0,0,Urban,0,,,Fine,Null
1619236,5426098,17959,,583900,0,,0,2,,South,2009/2010,MAIN ROAD STOKE,LEMARI AVENUE,,Non-Injury Crash,No,2009,,South,,0,,Flat,,,,,,Overcast,2343702,0,0,0,2,,,0,,,,,,Nelson Region,Nil,2-way,Sealed,,0,0,,50,,Null,0,0,,52,Nelson City,Nil,,,,,0,0,Urban,0,,,Light rain,Null
1749220,5426723,17960,,573101,0,,0,2,,Null,2008/2009,SH 1N VIVIAN,KENT TERRACE,,Non-Injury Crash,Yes,2009,,South,,0,,Flat,,,,,,Dark,2136700,0,0,0,2,,,0,,,,,,Wellington Region,Nil,2-way,Sealed,,0,0,,50,,On,0,0,,47,Wellington City,Traffic Signals,,,,,0,0,Urban,0,,,Fine,Null
1749617,5426546,17961,,573400,0,,0,2,,Null,2008/2009,PIRIE ST,AUSTIN ST,,Non-Injury Crash,No,2009,,West,,0,,Hill Road,,Easter,,,,Overcast,2141700,0,0,0,2,,,0,,,,,,Wellington Region,Nil,2-way,Sealed,,0,0,,50,,Null,0,0,,47,Wellington City,Stop,,,,,0,0,Urban,0,,,Fine,Null
1200808,5036563,17962,,609011,0,0,0,1,0,North,2008/2009,SH 94,RODGERS CRK BR,,Non-Injury Crash,Yes,2009,0,South,0,0,0,Hill Road,0,,0,,0,Dark,3174800,0,0,0,2,0,0,0,0,0,,0,0,Southland Region,Nil,2-way,Sealed,0,0,0,0,100,0,None,0,0,,73,Southland District,Unknown,0,0,0,1,0,0,Open,1,0,0,Light rain,Null
1614055,5422879,17963,,584202,0,0,0,1,0,Null,2008/2009,SH 6,BATEUP ROAD,,Non-Injury Crash,Yes,2009,0,South,1,0,0,Flat,0,,0,,0,Dark,2365711,0,0,0,2,0,0,1,0,0,,0,0,Tasman Region,Nil,2-way,Sealed,0,0,0,0,50,0,On,0,0,,51,Tasman District,Give way,1,1,0,0,0,0,Urban,0,0,0,Fine,Null
1243177,4849584,17964,,611210,0,,0,1,,Null,2008/2009,SH 1S,JED ST,,Non-Injury Crash,Yes,2009,,West,,0,,Flat,,,,,,Overcast,3109000,0,0,0,2,,,0,,,,,,Southland Region,Nil,2-way,Sealed,,0,0,,50,,Null,1,0,,75,Invercargill City,Traffic Signals,,,,,0,0,Urban,0,,,Fine,Null
1746171,5920285,17965,,513301,0,0,0,1,0,West,2009/2010,SH 16,TE ATATU OBR,,Non-Injury Crash,Yes,2009,0,East,1,0,0,Flat,0,,0,,0,Overcast,230200,0,0,0,2,0,0,0,0,0,,0,0,Auckland Region,Nil,1-way,Sealed,0,0,0,0,100,0,On,0,0,,76,Auckland,Unknown,0,0,0,0,0,0,Open,0,0,0,Heavy rain,Null
1930493,5603813,17966,,548300,0,0,0,1,0,Null,2009/2010,PARK ROAD,DUFFERIN ST,,Non-Injury Crash,No,2009,0,East,0,0,0,Flat,0,,0,,0,Dark,1502000,0,0,0,2,0,0,0,0,0,,0,0,Hawke's Bay Region,Nil,2-way,Sealed,0,0,0,0,50,0,On,0,0,,30,Hastings District,Give way,0,0,0,1,0,0,Urban,0,0,0,Light rain,Null