X,Y,OBJECTID,advisorySpeed,areaUnitID,bicycle,bridge,bus,carStationWagon,cliffBank,crashDirectionDescription,crashFinancialYear,crashLocation1,crashLocation2,crashRoadSideRoad,crashSeverity,crashSHDescription,crashYear,debris,directionRoleDescription,ditch,fatalCount,fence,flatHill,guardRail,holiday,houseOrBuilding,intersection,kerb,light,meshblockId,minorInjuryCount,moped,motorcycle,NumberOfLanes,objectThrownOrDropped,otherObject,otherVehicleType,overBank,parkedVehicle,pedestrian,phoneBoxEtc,postOrPole,region,roadCharacter,roadLane,roadSurface,roadworks,schoolBus,seriousInjuryCount,slipOrFlood,speedLimit,strayAnimal,streetLight,suv,taxi,temporarySpeedLimit,tlaId,tlaName,trafficControl,trafficIsland,trafficSign,train,tree,truck,unknownVehicleType,urban,vanOrUtility,vehicle,waterRiver,weatherA,weatherB
1754957,5930687,17967,,508520,0,,0,2,,Null,2008/2009,SALAMANCA ROAD,COCKAYNE CRESCENT,,Non-Injury Crash,No,2009,,North,,0,,Flat,,,,,,Overcast,192500,0,0,0,2,,,0,,,,,,Auckland Region,Nil,2-way,Sealed,,0,0,,50,,Off,0,0,,76,Auckland,Nil,,,,,0,0,Urban,0,,,Light rain,Null
1439119,5003638,17968,,601030,0,,1,1,,West,2008/2009,SH 1S,AWAMOA ROAD,,Non-Injury Crash,Yes,2009,,West,,0,,Flat,,,,,,Bright sun,2839700,0,0,0,2,,,0,,,,,,Otago Region,Nil,2-way,Sealed,,0,0,,50,,Null,1,0,,68,Waitaki District,Nil,,,,,0,0,Urban,0,,,Fine,Null
1884961,5774114,17969,,540410,0,,0,2,,West,2008/2009,HAUPAPA ST,TUTANEKAI ST,,Non-Injury Crash,No,2009,,West,,0,,Flat,,,,,,Bright sun,1233300,0,0,0,2,,,0,,,,,,Bay of Plenty Region,Nil,2-way,Sealed,,0,0,,50,,Null,0,0,,24,Rotorua District,Unknown,,,,,0,0,Urban,0,,,Fine,Null
1697737,5678062,17970,,551012,0,,0,2,,West,2008/2009,SH 3,LINKS DRIVE,,Non-Injury Crash,Yes,2009,,East,,0,,Flat,,,,,,Overcast,1559301,0,0,0,2,,,0,,,,,,Taranaki Region,Nil,2-way,Sealed,,0,0,,80,,Null,0,0,,33,New Plymouth District,Nil,,,,,0,0,Open,0,,,Fine,Null
1755583,5804904,17971,,526602,0,,0,2,,South,2009/2010,WHAANGA ROAD,SWANN ACCESS ROAD,,Non-Injury Crash,No,2009,,North,,0,,Hill Road,,,,,,Bright sun,861502,0,0,0,2,,,0,,,,,,Waikato Region,Nil,2-way,Unsealed,,0,0,,100,,Null,0,0,,13,Waikato District,Unknown,,,,,0,0,Open,0,,,Fine,Null
1773303,5895770,17972,,525410,0,,0,1,,West,2008/2009,SETTLEMENT ROAD,MARNE ROAD,,Non-Injury Crash,No,2009,,East,,0,,Hill Road,,,,,,Overcast,793602,0,0,0,2,,,0,,,,,,Auckland Region,Bridge,2-way,Sealed,,0,0,,50,,Off,0,0,,76,Auckland,Nil,,,,,1,0,Urban,0,,,Fine,Null
1748138,5428746,17973,,572900,0,0,0,3,0,South,2008/2009,TINAKORI ROAD,ST MARY ST,,Non-Injury Crash,No,2009,0,South,0,0,0,Hill Road,0,,0,,0,Bright sun,2123500,0,0,0,2,0,0,0,0,2,,0,0,Wellington Region,Nil,2-way,Sealed,0,0,0,0,50,0,Null,1,0,,47,Wellington City,Nil,0,0,0,0,0,0,Urban,0,0,0,Fine,Null
1748812,5428444,17974,,573000,0,0,0,1,0,North,2008/2009,MAGINNITY ST,WARING TAYLOR ST,,Non-Injury Crash,No,2009,0,South,0,0,0,Flat,0,,0,,0,Bright sun,2125200,0,0,0,2,0,0,0,0,0,,0,0,Wellington Region,Nil,2-way,Sealed,0,0,0,0,50,0,Null,0,0,,47,Wellington City,Nil,0,0,0,0,1,0,Urban,0,1,0,Fine,Null
1774801,5576897,17975,,557000,0,,0,2,,Null,2008/2009,HEADS ROAD,GUYTON ST,,Non-Injury Crash,No,2009,,East,,0,,Flat,,,,,,Bright sun,1727300,0,0,0,2,,,0,,,,,,Manawatū-Whanganui Region,Nil,2-way,Sealed,,0,0,,50,,Null,0,0,,37,Whanganui District,Give way,,,,,0,0,Urban,0,,,Fine,Null
1751945,5433974,17976,,574001,0,,0,1,,Null,2008/2009,HURRING PLACE,NEWLANDS ROAD,,Non-Injury Crash,No,2009,,North,,0,,Flat,,,,,,Bright sun,2077600,0,0,0,2,,,0,,,,,,Wellington Region,Nil,2-way,Sealed,,0,0,,50,,Null,0,0,,47,Wellington City,Give way,,,,,0,0,Urban,1,,,Fine,Null
1769568,5884090,17977,,521122,0,0,0,1,0,North,2008/2009,CAPE HILL ROAD,VALLEY ROAD,,Non-Injury Crash,No,2009,0,South,0,0,1,Hill Road,0,,0,,0,Bright sun,813400,0,0,0,2,0,0,0,0,0,,0,0,Auckland Region,Nil,2-way,Sealed,0,0,0,0,100,0,None,0,0,,76,Auckland,Nil,0,0,0,0,0,0,Open,0,0,0,Fine,Null
1623535,5431155,17978,,582500,0,,0,2,,Null,2008/2009,HALIFAX ST,RUTHERFORD ST,,Non-Injury Crash,No,2009,,West,,0,,Flat,,,,,,Bright sun,2318900,0,0,0,2,,,0,,,,,,Nelson Region,Nil,2-way,Sealed,,0,0,,50,,Null,0,0,,52,Nelson City,Traffic Signals,,,,,0,0,Urban,0,,,Fine,Null
1748633,5426668,17979,,573101,0,,0,2,,West,2008/2009,SH 1N BUCKLE,TARANAKI ST,,Non-Injury Crash,Yes,2009,,West,,0,,Flat,,,,,,Overcast,2134700,0,0,0,2,,,0,,,,,,Wellington Region,Nil,1-way,Sealed,,0,0,,50,,Null,0,0,,47,Wellington City,Nil,,,,,0,0,Urban,0,,,Fine,Null
1759538,5449381,17980,,565601,0,0,0,1,0,West,2009/2010,GRAYS ROAD,MOTUKARAKA POINT,,Non-Injury Crash,No,2009,0,West,0,0,0,Flat,0,Christmas New Year,0,,0,Overcast,2072000,0,0,0,2,0,0,0,1,0,,0,0,Wellington Region,Nil,2-way,Sealed,0,0,0,0,80,0,Null,0,0,,44,Porirua City,Nil,0,0,0,0,0,0,Open,0,0,0,Fine,Null
1936416,5621079,17981,,546901,0,0,0,1,0,Null,2008/2009,Z CPK COUNTDOWN,DICKENS ST,,Non-Injury Crash,No,2009,0,West,0,0,0,Flat,0,,0,,0,Dark,1429700,0,0,0,0,0,0,0,0,1,,0,0,Hawke's Bay Region,Nil,Off road,Sealed,0,0,0,0,30,0,On,1,0,,31,Napier City,Nil,0,0,0,0,0,0,Urban,0,0,0,Fine,Null
1825926,5830767,17982,,534603,0,0,0,1,0,North,2009/2010,MURRAY ROAD,SH 26,,Non-Injury Crash,No,2009,0,East,0,0,0,Flat,0,Labour Weekend,0,,0,Bright sun,1092600,0,0,0,2,0,0,0,0,0,,0,0,Waikato Region,Nil,2-way,Sealed,0,0,0,0,100,0,None,0,0,,15,Matamata-Piako District,Nil,0,1,0,0,0,0,Open,0,0,0,Fine,Null
1615908,5423342,17983,,584201,0,,0,2,,Null,2009/2010,TALBOT ST,SALISBURY ROAD,,Non-Injury Crash,No,2009,,South,,0,,Flat,,,,,,Bright sun,2362000,0,0,0,2,,,0,,,,,,Tasman Region,Nil,2-way,Sealed,,0,0,,50,,Null,0,0,,51,Tasman District,Traffic Signals,,,,,0,0,Urban,0,,,Fine,Null
1771269,5444513,17984,,567600,0,,0,2,,Null,2009/2010,FERGUSSON DRIVE,MERTON ST,,Non-Injury Crash,No,2009,,South,,0,,Flat,,,,,,Overcast,1891100,0,0,0,2,,,0,,,,,,Wellington Region,Nil,2-way,Sealed,,0,0,,50,,Null,0,0,,45,Upper Hutt City,Give way,,,,,0,0,Urban,0,,,Fine,Null
1695169,5677095,17985,,552100,0,0,0,1,0,West,2008/2009,DEVON ST EAST,BEACH ST,,Non-Injury Crash,No,2009,0,West,0,0,0,Flat,0,,0,,0,Bright sun,1597200,0,0,0,2,0,0,0,0,1,,0,0,Taranaki Region,Nil,2-way,Sealed,0,0,0,0,50,0,Null,0,0,,33,New Plymouth District,Nil,0,0,0,0,0,0,Urban,1,0,0,Fine,Null
1740031,6008805,17986,,501816,0,0,0,0,0,North,2009/2010,COVE ROAD,MANGAWHAI HEADS ROAD,,Non-Injury Crash,No,2009,0,North,0,0,0,Hill Road,0,,0,,0,Overcast,81514,0,0,0,2,0,0,0,0,0,,0,0,Northland Region,Nil,2-way,Sealed,0,0,0,0,100,0,None,1,0,,2,Whangarei District,Nil,0,0,0,1,0,0,Open,0,0,0,Light rain,Null
1757354,5920352,17987,,514102,0,0,0,2,0,West,2009/2010,DARBY ST,QUEEN ST,,Non-Injury Crash,No,2009,0,West,0,0,0,Flat,0,,0,,0,Bright sun,434000,0,0,0,1,0,0,0,0,1,,0,0,Auckland Region,Nil,1-way,Sealed,0,0,0,0,30,0,Off,0,0,,76,Auckland,Nil,0,0,0,0,0,0,Urban,0,0,0,Fine,Null
1771150,5576739,17988,,555900,0,,0,1,,Null,2009/2010,PURIRI ST,RAUPO ST,,Non-Injury Crash,No,2009,,West,,0,,Flat,,,,,,Overcast,1716100,0,0,0,2,,,0,,,,,,Manawatū-Whanganui Region,Nil,2-way,Sealed,,0,0,,50,,Null,0,0,,37,Whanganui District,Give way,,,,,0,0,Urban,0,,,Light rain,Null
1405660,4916553,17989,,603000,0,0,0,2,0,North,2008/2009,BROWN ST,RUSSELL ST,,Non-Injury Crash,No,2009,0,North,0,0,0,Hill Road,0,,0,,0,Bright sun,2900700,0,0,0,2,0,0,0,0,1,,0,0,Otago Region,Nil,2-way,Sealed,0,0,0,0,50,0,Null,0,0,,71,Dunedin City,Unknown,0,0,0,0,0,0,Urban,0,0,0,Fine,Null
1619075,5426724,17990,,584000,0,0,0,1,0,South,2008/2009,NAYLAND ROAD,SONGER ST,,Non-Injury Crash,No,2009,0,North,0,0,1,Flat,0,,0,,0,Dark,2341800,0,0,0,2,0,0,0,0,0,,0,0,Nelson Region,Nil,2-way,Sealed,0,0,0,0,50,0,On,0,0,,52,Nelson City,Give way,0,0,0,0,0,0,Urban,0,0,0,Light rain,Null
1888095,5823532,17991,,536516,0,,0,2,,East,2009/2010,PAPAMOA BEACH ROAD,HARTFORD AVENUE,,Non-Injury Crash,No,2009,,West,,0,,Flat,,,,,,Bright sun,1205080,0,0,0,2,,,0,,,,,,Bay of Plenty Region,Nil,2-way,Sealed,,0,0,,70,,Off,0,0,,23,Tauranga City,Nil,,,,,0,0,Urban,0,,,Fine,Null
1750572,5426844,17992,,576700,0,0,0,1,0,South,2008/2009,ALEXANDRA ROAD,LOOKOUT ROAD,,Non-Injury Crash,No,2009,0,North,0,0,0,Hill Road,0,,0,,0,Dark,2183901,0,0,0,2,0,0,0,1,0,,0,0,Wellington Region,Nil,2-way,Sealed,0,0,0,0,50,0,None,0,0,,47,Wellington City,Nil,0,0,0,0,0,0,Urban,0,0,0,Fine,Frost
1704425,6053894,17993,,501802,0,0,0,1,0,East,2009/2010,PIPIWAI ROAD,LOVELL ROAD,,Non-Injury Crash,No,2009,0,East,0,0,1,Flat,0,,0,,0,Dark,68900,0,0,0,2,0,0,0,0,0,,0,0,Northland Region,Nil,2-way,Sealed,0,0,0,0,100,0,Off,0,0,,2,Whangarei District,Nil,0,0,0,0,0,0,Open,0,0,0,Fine,Null
1929387,5614231,17994,,545831,0,,0,1,,Null,2008/2009,WAIOHIKI ROAD,SH 50,,Non-Injury Crash,Yes,2009,,South,,0,,Flat,,,,,,Overcast,1409400,0,0,0,2,,,0,,,,,,Hawke's Bay Region,Nil,2-way,Sealed,,0,0,,70,,Null,0,0,,30,Hastings District,Give way,,,,,0,0,Urban,1,,,Fine,Null
1747280,5921413,17995,,512300,0,0,0,2,0,South,2009/2010,TE ATATU ROAD,TAIKATA ROAD,,Non-Injury Crash,No,2009,0,East,0,0,0,Flat,0,,0,,0,Twilight,250101,0,0,0,2,0,0,0,0,0,,0,0,Auckland Region,Nil,2-way,Sealed,0,0,0,0,50,0,On,0,0,,76,Auckland,Nil,0,0,0,0,0,0,Urban,0,1,0,Fine,Null
1452219,5053903,17996,,600410,0,0,0,0,0,Null,2008/2009,SH 1S,ONEILLS ROAD,,Non-Injury Crash,Yes,2009,0,South,1,0,0,Flat,0,,0,,0,Bright sun,2816500,0,0,0,2,0,0,0,0,0,,0,0,Canterbury Region,Nil,2-way,Sealed,0,0,0,0,100,0,Null,1,0,,66,Waimate District,Nil,0,0,0,0,0,0,Open,0,0,0,Fine,Null
1761972,5913415,17997,,519500,0,0,0,1,0,Null,2009/2010,GREAT SOUTH ROAD,PENROSE ROAD,,Non-Injury Crash,No,2009,0,South,0,0,0,Flat,0,,0,,0,Dark,621500,0,0,0,4,0,0,0,0,0,,0,0,Auckland Region,Nil,2-way,Sealed,0,0,0,0,50,0,On,0,0,,76,Auckland,Traffic Signals,0,0,0,1,0,0,Urban,0,0,0,Light rain,Null
1752880,5441503,17998,,572600,0,0,0,3,0,West,2009/2010,WAKEFIELD TERRACE,VICTORY CRESCENT,,Non-Injury Crash,No,2009,0,East,0,0,0,Hill Road,0,,0,,0,Twilight,1991300,0,0,0,1,0,0,0,0,2,,0,0,Wellington Region,Nil,2-way,Sealed,0,0,0,0,50,0,Off,1,0,,47,Wellington City,Nil,0,0,0,0,0,0,Urban,0,0,0,Fine,Null
1681695,5404190,17999,,580431,0,0,0,1,0,West,2009/2010,DILLONS POINT ROAD,ROWBERRYS ROAD,,Non-Injury Crash,No,2009,0,West,0,0,1,Flat,0,,0,,0,Dark,2291902,0,0,0,2,0,0,0,0,0,,0,0,Marlborough Region,Nil,2-way,Sealed,0,0,0,0,80,0,None,0,0,,53,Marlborough District,Nil,0,0,0,0,0,0,Open,0,0,0,Fine,Null
1793708,5771276,18000,,531200,0,,0,2,,Null,2009/2010,SH 3,WAHANUI CRESCENT N,,Non-Injury Crash,Yes,2009,,North,,0,,Flat,,,,,,Bright sun,997800,0,0,0,2,,,0,,,,,,Waikato Region,Nil,2-way,Sealed,,0,0,,50,,Null,0,0,,18,Ōtorohanga District,Stop,,,,,0,0,Urban,0,,,Fine,Null
1763745,5908518,18001,,521901,0,0,0,1,0,South,2008/2009,GOLF AVENUE,MIDDLEMORE ROAD,,Non-Injury Crash,No,2009,0,South,0,0,1,Flat,0,,0,,0,Dark,786200,0,0,0,2,0,0,0,0,0,,0,0,Auckland Region,Nil,2-way,Sealed,0,0,0,0,50,0,On,0,0,,76,Auckland,Nil,0,0,0,0,0,0,Urban,0,0,0,Light rain,Null
1767430,5907632,18002,,523602,0,,0,2,,South,2009/2010,FERGUSON ROAD,EAST TAMAKI ROAD,,Non-Injury Crash,No,2009,,North,,0,,Flat,,,,,,Bright sun,709900,0,0,0,2,,,0,,,,,,Auckland Region,Nil,2-way,Sealed,,0,0,,50,,Off,0,0,,76,Auckland,Nil,,,,,0,0,Urban,0,,,Fine,Null
1754417,5936512,18003,,506902,0,,1,1,,East,2008/2009,GLAMORGAN DRIVE,EAST COAST ROAD,,Non-Injury Crash,No,2009,,East,,0,,Flat,,,,,,Bright sun,166600,0,0,0,2,,,0,,,,,,Auckland Region,Nil,2-way,Sealed,,0,0,,50,,Null,0,0,,76,Auckland,Unknown,,,,,0,0,Urban,0,,,Fine,Null
1756221,5916085,18004,,518301,0,,1,1,,Null,2009/2010,BALMORAL ROAD,MEWBURN AVENUE,,Non-Injury Crash,No,2009,,East,,0,,Flat,,,,,,Overcast,556200,0,0,0,4,,,0,,,,,,Auckland Region,Nil,2-way,Sealed,,0,0,,50,,Off,0,0,,76,Auckland,Nil,,,,,0,0,Urban,0,,,Fine,Null
1768183,5902444,18005,,524602,0,,0,1,,North,2009/2010,GREAT SOUTH ROAD,BROWNS ROAD,,Non-Injury Crash,No,2009,,South,,0,,Flat,,,,,,Twilight,780700,0,0,0,2,,,0,,,,,,Auckland Region,Nil,2-way,Sealed,,0,0,,50,,On,1,0,,76,Auckland,Nil,,,,,0,0,Urban,0,,,Fine,Null
1755225,5914474,18006,,518500,0,0,0,2,0,North,2009/2010,DOMINION ROAD,KEYSTONE AVENUE,,Non-Injury Crash,No,2009,0,North,0,0,0,Flat,0,,0,,0,Bright sun,560800,0,0,0,2,0,0,0,0,0,,0,0,Auckland Region,Nil,2-way,Sealed,0,0,0,0,50,0,Off,0,0,,76,Auckland,Nil,0,0,0,0,0,0,Urban,0,1,0,Fine,Null
1764528,5910212,18007,,521801,0,,0,2,,Null,2009/2010,HUTTON ST,PRINCES ST,,Non-Injury Crash,No,2009,,South,,0,,Flat,,,,,,Dark,787500,0,0,0,2,,,0,,,,,,Auckland Region,Nil,2-way,Sealed,,0,0,,50,,On,0,0,,76,Auckland,Stop,,,,,0,0,Urban,0,,,Fine,Null
1877416,5802975,18008,,536630,0,,0,1,,East,2008/2009,OROPI ROAD,SH 36,,Non-Injury Crash,No,2009,,South,,0,,Hill Road,,,,,,Bright sun,1192604,0,0,0,2,,,0,,,,,,Bay of Plenty Region,Nil,2-way,Unsealed,,0,0,,100,,None,1,0,,22,Western Bay of Plenty District,Nil,,,,,0,0,Open,0,,,Fine,Null
1771116,5898993,18009,,523911,0,0,0,2,0,West,2008/2009,STATION ROAD,TAKANINI SCHOOL ROAD,,Non-Injury Crash,No,2009,0,North,0,0,0,Flat,0,,0,,0,Bright sun,766800,0,0,0,2,0,0,0,0,1,,0,0,Auckland Region,Nil,2-way,Sealed,0,0,0,0,50,0,Off,0,0,,76,Auckland,Nil,0,0,0,0,0,0,Urban,0,0,0,Null,Null
1765756,5919735,18010,,516700,0,,0,1,,Null,2009/2010,ST HELIERS BAY ROAD,PAUNUI ST,,Non-Injury Crash,No,2009,,North,,0,,Hill Road,,,,,,Overcast,510804,0,0,0,2,,,0,,,,,,Auckland Region,Nil,2-way,Sealed,,0,0,,50,,Null,0,0,,76,Auckland,Give way,,,,,0,0,Urban,1,,,Fine,Null
1761686,5914059,18011,,520202,0,,0,3,,Null,2008/2009,SH 1N,PENROSE OFF NBD,,Non-Injury Crash,Yes,2009,,North,,0,,Flat,,,,,,Bright sun,612300,0,0,0,3,,,0,,,,,,Auckland Region,Motorway ramp,1-way,Sealed,,0,0,,100,,Null,0,0,,76,Auckland,Nil,,,,,0,0,Open,0,,,Fine,Null
1768899,5901324,18012,,524901,0,0,0,2,0,East,2008/2009,HILL ROAD,GREAT SOUTH ROAD,,Non-Injury Crash,No,2009,0,West,0,0,0,Flat,0,Queens Birthday,0,,0,Dark,756700,0,0,0,2,0,0,0,0,1,,0,1,Auckland Region,Nil,2-way,Sealed,0,0,0,0,50,0,On,0,0,,76,Auckland,Nil,0,0,0,0,0,0,Urban,0,0,0,Fine,Null
1744669,5916648,18013,,510800,0,,0,1,,West,2008/2009,KEELING ROAD,SOUTHGATE PLACE,,Non-Injury Crash,No,2009,,East,,0,,Flat,,,,,,Overcast,241900,0,0,0,2,,,0,,,,,,Auckland Region,Nil,2-way,Sealed,,0,0,,50,,Null,0,0,,76,Auckland,Unknown,,,,,1,0,Urban,0,,,Light rain,Null
1762676,5912577,18014,,520500,0,,0,1,,Null,2008/2009,CHURCH ST,GREAT SOUTH ROAD,,Non-Injury Crash,No,2009,,East,,0,,Flat,,,,,,Twilight,637300,0,0,0,2,,,0,,,,,,Auckland Region,Nil,2-way,Sealed,,0,0,,50,,Off,0,0,,76,Auckland,Traffic Signals,,,,,1,0,Urban,0,,,Fine,Null
1882852,5784827,18015,,538811,0,,0,1,,Null,2008/2009,SH 36,HAMURANA ROAD,,Non-Injury Crash,Yes,2009,,North,,0,,Flat,,,,,,Bright sun,1251204,0,0,0,2,,,0,,,,,,Bay of Plenty Region,Nil,2-way,Sealed,,0,0,,80,,Null,1,0,,24,Rotorua District,Stop,,,,,0,0,Open,0,,,Fine,Null
1792992,5835013,18016,,527112,0,,0,2,,Null,2008/2009,SH 1N GREAT SOUTH,GORDONTON ROAD,,Non-Injury Crash,Yes,2009,,South,,0,,Flat,,,,,,Bright sun,951500,0,0,0,3,,,0,,,,,,Waikato Region,Nil,2-way,Sealed,,0,0,,70,,Null,0,0,,13,Waikato District,Stop,,,,,0,0,Urban,0,,,Fine,Null
1883304,5775357,18017,,539400,0,,0,2,,East,2009/2010,LAKE ROAD,SH 5,,Non-Injury Crash,No,2009,,West,,0,,Flat,,,,,,Overcast,1224900,0,0,0,5,,,0,,,,,,Bay of Plenty Region,Nil,2-way,Sealed,,0,0,,50,,Null,0,0,,24,Rotorua District,Unknown,,,,,0,0,Urban,0,,,Light rain,Null
1756282,5912787,18018,,518701,0,,0,1,,East,2008/2009,LITTLEJOHN ST,OLSEN AVENUE,,Non-Injury Crash,No,2009,,East,,0,,Hill Road,,,,,,Overcast,572002,0,0,0,2,,,0,,,,,,Auckland Region,Nil,2-way,Sealed,,0,0,,50,,Off,0,0,,76,Auckland,Nil,,,,,1,0,Urban,0,,,Fine,Null
1896111,5793081,18019,,538820,0,,0,1,,South,2009/2010,SH 33,NGAURUKEHU ROAD,,Non-Injury Crash,Yes,2009,,North,,0,,Flat,,,,,,Dark,1250900,0,0,0,2,,,0,,,,,,Bay of Plenty Region,Nil,2-way,Sealed,,0,0,,100,,None,0,0,,24,Rotorua District,Unknown,,,,,0,0,Open,0,,,Fine,Null
1756489,5919025,18020,,514200,0,0,0,2,0,East,2008/2009,SH 16,NEWTON OBR,,Non-Injury Crash,Yes,2009,0,South,0,0,0,Flat,0,,0,,0,Dark,412800,0,0,0,2,0,0,0,0,1,,0,0,Auckland Region,Motorway ramp,1-way,Sealed,0,0,0,0,80,0,On,0,0,,76,Auckland,Nil,0,0,0,0,0,0,Open,0,0,0,Fine,Null
1833521,5703017,18021,,532502,0,0,0,0,1,North,2008/2009,SH 32,HAUHUNGAROA MILL,,Non-Injury Crash,Yes,2009,0,South,0,0,0,Hill Road,0,,0,,0,Overcast,1026401,0,0,0,2,0,0,0,0,0,,0,0,Waikato Region,Nil,2-way,Sealed,0,0,0,0,100,0,Null,0,0,,21,Taupo District,Unknown,0,0,0,0,1,0,Open,0,0,0,Fine,Null
1634380,6128433,18022,,500202,0,0,0,0,0,North,2009/2010,SH 10,ZIDICH ROAD,,Non-Injury Crash,Yes,2009,0,West,0,0,0,Hill Road,0,,0,,0,Dark,3000,0,0,0,2,0,0,0,0,0,,0,1,Northland Region,Nil,2-way,Sealed,0,0,0,0,100,0,None,0,0,,1,Far North District,Nil,0,0,0,0,0,0,Open,1,0,0,Heavy rain,Null
1745321,5920124,18023,,513301,0,,0,1,,Null,2008/2009,LINCOLN ROAD,DAYTONA ROAD,,Non-Injury Crash,No,2009,,North,,0,,Flat,,,,,,Overcast,230302,0,0,0,5,,,0,,,,,,Auckland Region,Nil,2-way,Sealed,,0,0,,50,,Off,1,0,,76,Auckland,Give way,,,,,0,0,Urban,0,,,Fine,Null
1756025,5916247,18024,,518201,0,0,0,1,0,North,2009/2010,TENTERDEN AVENUE,BALMORAL ROAD,,Non-Injury Crash,No,2009,0,North,0,0,0,Flat,0,,0,,0,Dark,553300,0,0,0,2,0,0,0,0,1,,0,0,Auckland Region,Nil,2-way,Sealed,0,0,0,0,50,0,On,1,0,,76,Auckland,Nil,0,0,0,0,0,0,Urban,0,0,0,Fine,Null
1798433,5820985,18025,,527006,0,0,0,1,0,South,2008/2009,HALCIONE CLOSE,COMMODORE AVENUE,,Non-Injury Crash,No,2009,0,North,0,0,0,Flat,0,,0,,1,Dark,952009,0,0,0,2,0,0,0,0,0,,0,0,Waikato Region,Nil,2-way,Sealed,0,0,0,0,50,0,On,0,0,,16,Hamilton City,Unknown,0,0,0,1,0,0,Urban,0,0,0,Fine,Null
1242427,4849906,18026,,611210,0,,0,2,,Null,2009/2010,SH 6 DEE ST,SPEY ST,,Minor Crash,Yes,2009,,South,,0,,Flat,,,,,,Overcast,3108000,2,0,0,4,,,0,,,,,,Southland Region,Nil,2-way,Sealed,,0,0,,50,,Null,0,0,,75,Invercargill City,Traffic Signals,,,,,0,0,Urban,0,,,Fine,Null
1769295,5912951,18027,,522723,0,0,0,2,0,West,2008/2009,BEN LOMOND CRESCENT,CASCADES ROAD N,,Non-Injury Crash,No,2009,0,West,0,0,0,Flat,0,,0,,0,Bright sun,682900,0,0,0,2,0,0,0,0,1,,0,0,Auckland Region,Nil,2-way,Sealed,0,0,0,0,50,0,Off,0,0,,76,Auckland,Nil,0,0,0,0,0,0,Urban,0,0,0,Fine,Null
1756190,5917919,18028,,518101,0,0,0,1,0,North,2008/2009,DOMINION ROAD,VIEW ROAD,,Non-Injury Crash,No,2009,0,South,0,0,0,Flat,0,Queens Birthday,0,,0,Twilight,544900,0,0,0,4,0,0,0,0,1,,0,0,Auckland Region,Nil,2-way,Sealed,0,0,0,0,50,0,None,0,0,,76,Auckland,Nil,0,0,0,0,1,0,Urban,0,0,0,Fine,Null
1744197,5924095,18029,,513521,0,,0,2,,Null,2008/2009,HOBSONVILLE ROAD,OREIL AVENUE,,Non-Injury Crash,No,2009,,East,,0,,Flat,,,,,,Bright sun,224240,0,0,0,2,,,0,,,,,,Auckland Region,Nil,2-way,Sealed,,0,0,,70,,Null,0,0,,76,Auckland,Nil,,,,,0,0,Urban,0,,,Fine,Null
1570391,5180791,18030,,591500,0,,0,0,,North,2008/2009,DURHAM ST,PETERBOROUGH ST,,Minor Crash,No,2009,,South,,0,,Flat,,,,,,Overcast,2653100,1,0,0,4,,,0,,,1,,,Canterbury Region,Nil,1-way,Sealed,,0,0,,50,,Null,0,0,,60,Christchurch City,Traffic Signals,,,,,0,0,Urban,1,,,Light rain,Null
1765922,5905621,18031,,522400,0,,0,2,,Null,2008/2009,BIRDWOOD AVENUE,CARRUTH ROAD,,Non-Injury Crash,No,2009,,South,,0,,Flat,,,,,,Bright sun,671801,0,0,0,2,,,0,,,,,,Auckland Region,Nil,2-way,Sealed,,0,0,,50,,Null,0,0,,76,Auckland,Stop,,,,,0,0,Urban,0,,,Fine,Null
1679042,5403354,18032,,581240,0,0,0,1,0,West,2008/2009,DILLON ST,BEAVER ROAD,,Non-Injury Crash,No,2009,0,East,0,0,0,Flat,0,,0,,0,Bright sun,2298100,0,0,0,2,0,0,0,0,1,,0,0,Marlborough Region,Nil,2-way,Sealed,0,0,0,0,50,0,Null,0,0,,53,Marlborough District,Nil,0,0,0,0,0,0,Urban,1,0,0,Fine,Null
1755365,5932210,18033,,507400,0,,0,1,,South,2009/2010,EAST COAST ROAD,MAXWELTON DRIVE,,Non-Injury Crash,No,2009,,South,,0,,Flat,,,,,,Bright sun,151000,0,0,0,4,,,0,,,,,,Auckland Region,Nil,2-way,Sealed,,0,0,,50,,Off,1,0,,76,Auckland,Nil,,,,,0,0,Urban,0,,,Fine,Null
1756793,5918844,18034,,514200,0,,0,2,,West,2008/2009,NEWTON ROAD,EXMOUTH ST,,Non-Injury Crash,No,2009,,East,,0,,Flat,,,,,,Bright sun,412500,0,0,0,2,,,0,,,,,,Auckland Region,Nil,2-way,Sealed,,0,0,,50,,Off,0,0,,76,Auckland,Nil,,,,,0,0,Urban,0,,,Fine,Null
1824441,5462890,18035,,578800,0,,0,2,,Null,2008/2009,CHURCH ST,KEATON ST,,Minor Crash,No,2009,,North,,0,,Flat,,,,,,Twilight,2240500,1,0,0,2,,,0,,,,,,Wellington Region,Nil,2-way,Sealed,,0,0,,50,,Off,0,0,,48,Masterton District,Give way,,,,,0,0,Urban,0,,,Fine,Null
1753836,5918332,18036,,515431,0,,0,3,,South,2009/2010,ST LUKES ROAD,GREAT NORTH ROAD,,Non-Injury Crash,No,2009,,North,,0,,Flat,,,,,,Bright sun,406300,0,0,0,4,,,0,,,,,,Auckland Region,Nil,2-way,Sealed,,0,0,,50,,Off,1,0,,76,Auckland,Traffic Signals,,,,,0,0,Urban,0,,,Fine,Null