X,Y,OBJECTID,advisorySpeed,areaUnitID,bicycle,bridge,bus,carStationWagon,cliffBank,crashDirectionDescription,crashFinancialYear,crashLocation1,crashLocation2,crashRoadSideRoad,crashSeverity,crashSHDescription,crashYear,debris,directionRoleDescription,ditch,fatalCount,fence,flatHill,guardRail,holiday,houseOrBuilding,intersection,kerb,light,meshblockId,minorInjuryCount,moped,motorcycle,NumberOfLanes,objectThrownOrDropped,otherObject,otherVehicleType,overBank,parkedVehicle,pedestrian,phoneBoxEtc,postOrPole,region,roadCharacter,roadLane,roadSurface,roadworks,schoolBus,seriousInjuryCount,slipOrFlood,speedLimit,strayAnimal,streetLight,suv,taxi,temporarySpeedLimit,tlaId,tlaName,trafficControl,trafficIsland,trafficSign,train,tree,truck,unknownVehicleType,urban,vanOrUtility,vehicle,waterRiver,weatherA,weatherB
1745381,5916721,18037,,510800,0,,0,1,,North,2009/2010,RAILSIDE AVENUE,CRANWELL ST,,Non-Injury Crash,No,2009,,South,,0,,Flat,,,,,,Overcast,243100,0,0,0,2,,,0,,,,,,Auckland Region,Nil,2-way,Sealed,,0,0,,50,,Off,1,0,,76,Auckland,Nil,,,,,0,0,Urban,0,,,Light rain,Null
1769733,5907358,18038,,523712,0,,0,2,,Null,2009/2010,CHAPEL ROAD,ORMISTON ROAD,,Non-Injury Crash,No,2009,,North,,0,,Flat,,,,,,Bright sun,712803,0,0,0,6,,,0,,,,,,Auckland Region,Nil,2-way,Sealed,,0,0,,50,,Off,0,0,,76,Auckland,Traffic Signals,,,,,0,0,Urban,0,,,Fine,Null
1756621,5919648,18039,,514102,0,,0,2,,Null,2009/2010,SH 1N,HOBSON ON SBD,,Non-Injury Crash,Yes,2009,,South,,0,,Flat,,,,,,Bright sun,435500,0,0,0,3,,,0,,,,,,Auckland Region,Motorway ramp,1-way,Sealed,,0,0,,100,,None,0,0,,76,Auckland,Nil,,,,,0,0,Open,0,,,Fine,Null
1877917,5823026,18040,,538101,0,0,0,1,0,East,2008/2009,WAIHI ROAD,ELEVENTH AVENUE BRIDGE,,Non-Injury Crash,No,2009,0,East,0,0,0,Hill Road,0,,0,,0,Bright sun,1167601,0,0,0,3,0,0,0,0,0,,0,0,Bay of Plenty Region,Nil,2-way,Sealed,0,0,0,0,50,0,Null,0,0,,23,Tauranga City,Unknown,1,1,0,0,0,0,Urban,0,0,0,Fine,Null
1757006,5913750,18041,,518702,0,,0,1,,Null,2009/2010,MOUNT ALBERT ROAD,HILLSBOROUGH ROAD,,Non-Injury Crash,No,2009,,North,,0,,Flat,,,,,,Overcast,567401,0,0,0,2,,,0,,,,,,Auckland Region,Nil,2-way,Sealed,,0,0,,50,,Off,0,0,,76,Auckland,Traffic Signals,,,,,0,0,Urban,1,,,Fine,Null
1675422,6095299,18042,,501633,0,,0,1,,Null,2009/2010,WAIARE ROAD,SIGNAL ROAD,,Non-Injury Crash,No,2009,,South,,0,,Hill Road,,,,,,Bright sun,34000,0,0,0,2,,,0,,,,,,Northland Region,Nil,2-way,Sealed,,0,0,,100,,None,0,0,,1,Far North District,Give way,,,,,0,0,Open,1,,,Fine,Null
1788023,5810889,18043,,526603,0,0,0,1,0,North,2009/2010,TE PAHU ROAD,OLD MOUNTAIN ROAD,,Non-Injury Crash,No,2009,0,South,0,0,0,Flat,0,,0,,0,Overcast,859702,0,0,0,2,0,0,0,1,0,,0,0,Waikato Region,Nil,2-way,Sealed,0,0,0,0,100,0,Null,0,0,,17,Waipa District,Unknown,0,0,0,0,0,0,Open,0,0,0,Fine,Null
1760336,5915319,18044,,519400,0,,0,3,,South,2008/2009,GREAT SOUTH ROAD,MAIN HIGHWAY,,Non-Injury Crash,No,2009,,North,,0,,Flat,,,,,,Overcast,617400,0,0,0,4,,,0,,,,,,Auckland Region,Nil,2-way,Sealed,,0,0,,50,,Off,0,0,,76,Auckland,Nil,,,,,0,0,Urban,0,,,Light rain,Null
1877810,5826129,18045,,537201,0,,0,2,,Null,2008/2009,VALE ST,GRANGE ROAD,,Non-Injury Crash,No,2009,,West,,0,,Hill Road,,,,,,Bright sun,1155603,0,0,0,2,,,0,,,,,,Bay of Plenty Region,Nil,2-way,Sealed,,0,0,,50,,Null,0,0,,23,Tauranga City,Give way,,,,,0,0,Urban,0,,,Fine,Null
1763979,5913625,18046,,520402,0,,0,2,,Null,2009/2010,WAIPUNA ROAD,MUSKET PLACE,,Non-Injury Crash,No,2009,,West,,0,,Flat,,Christmas New Year,,,,Dark,640600,0,0,0,2,,,0,,,,,,Auckland Region,Nil,2-way,Sealed,,0,0,,50,,On,0,0,,76,Auckland,Traffic Signals,,,,,0,0,Urban,0,,,Fine,Null
1753480,5946018,18047,,505906,0,0,0,1,0,East,2009/2010,WHANGAPARAOA ROAD,SHADON PLACE,,Non-Injury Crash,No,2009,0,West,0,0,0,Flat,0,,0,,0,Overcast,173804,0,0,0,2,0,0,0,0,1,,0,0,Auckland Region,Nil,2-way,Sealed,0,0,0,0,50,0,Off,1,0,,76,Auckland,Nil,0,0,0,0,0,0,Urban,0,0,0,Fine,Null
1756013,5937257,18048,,506903,0,0,0,2,0,East,2009/2010,KILLARNEY AVENUE,TAINUI ST,,Non-Injury Crash,No,2009,0,North,0,0,0,Flat,0,,0,,0,Overcast,168200,0,0,0,2,0,0,0,0,1,,0,0,Auckland Region,Nil,2-way,Sealed,0,0,0,0,50,0,Off,0,0,,76,Auckland,Nil,0,0,0,0,0,0,Urban,0,0,0,Fine,Null
1755169,5914277,18049,,518803,0,,0,2,,South,2009/2010,DOMINION ROAD,MOUNT ALBERT ROAD,,Non-Injury Crash,No,2009,,North,,0,,Hill Road,,,,,,Overcast,580100,0,0,0,2,,,0,,,,,,Auckland Region,Nil,2-way,Sealed,,0,0,,50,,Off,0,0,,76,Auckland,Nil,,,,,0,0,Urban,0,,,Fine,Null
1823244,5818924,18050,35,534500,0,1,0,1,0,Null,2008/2009,SCOTSMANS VALLEY ROAD,BELL ROAD,,Non-Injury Crash,No,2009,0,North,0,0,0,Flat,0,,0,,0,Dark,1101100,0,0,0,2,0,0,0,0,0,,0,0,Waikato Region,Nil,2-way,Sealed,0,0,0,0,100,0,None,0,0,,15,Matamata-Piako District,Nil,0,0,0,0,0,0,Open,0,0,1,Fine,Null
1757149,5925741,18051,,509702,0,,0,1,,South,2009/2010,SH 1N,ESMONDE OBR,,Non-Injury Crash,Yes,2009,,South,,0,,Flat,,,,,,Bright sun,364602,0,0,0,3,,,0,,,,,,Auckland Region,Nil,1-way,Sealed,,0,0,,100,,Off,1,0,,76,Auckland,Nil,,,,,0,0,Open,0,,,Fine,Null
1745707,5920567,18052,,513301,0,,0,2,,East,2008/2009,SH 16,LINCOLN OBR,,Non-Injury Crash,Yes,2009,,East,,0,,Hill Road,,Queens Birthday,,,,Bright sun,230301,0,0,0,2,,,0,,,,,,Auckland Region,Nil,1-way,Sealed,,0,0,,100,,Off,0,0,,76,Auckland,Nil,,,,,0,0,Open,1,,,Fine,Null
1752866,5933838,18053,,508701,0,,0,2,,Null,2008/2009,DON MCKINNON DRIVE,CORINTHIAN DRIVE,,Non-Injury Crash,No,2009,,West,,0,,Flat,,,,,,Bright sun,178900,0,0,0,2,,,0,,,,,,Auckland Region,Nil,2-way,Sealed,,0,0,,50,,Null,0,0,,76,Auckland,Give way,,,,,0,0,Urban,0,,,Fine,Null
1755172,5930593,18054,,508520,0,,0,2,,North,2008/2009,SYCAMORE DRIVE,SALAMANCA ROAD,,Non-Injury Crash,No,2009,,South,,0,,Flat,,,,,,Dark,192400,0,0,0,2,,,0,,,,,,Auckland Region,Nil,2-way,Sealed,,0,0,,50,,On,0,0,,76,Auckland,Nil,,,,,0,0,Urban,0,,,Fine,Null
1769061,5900000,18055,,525002,0,0,0,2,0,South,2009/2010,CHRISTMAS ROAD,OLIVE ST,,Non-Injury Crash,No,2009,0,South,0,0,1,Flat,0,,0,,0,Dark,753700,0,0,0,2,0,1,0,0,1,,0,0,Auckland Region,Nil,2-way,Sealed,0,0,0,0,50,0,On,0,0,,76,Auckland,Nil,0,0,0,0,0,0,Urban,0,0,0,Fine,Null
1573568,5180524,18056,,593600,0,,0,2,,North,2009/2010,WORCESTER ST,SURREY ST,,Serious Crash,No,2009,,South,,0,,Flat,,,,,,Bright sun,2612900,1,0,0,2,,,0,,,,,,Canterbury Region,Nil,2-way,Sealed,,0,2,,50,,Null,0,0,,60,Christchurch City,Unknown,,,,,0,0,Urban,0,,,Fine,Null
1761072,5914347,18057,,520202,0,,0,2,,Null,2008/2009,GREAT SOUTH ROAD,GT SOUTH LINK,,Non-Injury Crash,No,2009,,West,,0,,Flat,,,,,,Bright sun,612300,0,0,0,4,,,0,,,,,,Auckland Region,Nil,2-way,Sealed,,0,0,,50,,Null,0,0,,76,Auckland,Give way,,,,,0,0,Urban,0,,,Fine,Null
1774357,5895361,18058,,525510,0,,0,2,,Null,2009/2010,HUNUA ROAD,CROSKERY ROAD,,Non-Injury Crash,No,2009,,North,,0,,Flat,,,,,,Dark,801002,0,0,0,2,,,0,,,,,,Auckland Region,Nil,2-way,Sealed,,0,0,,50,,On,0,0,,76,Auckland,Nil,,,,,0,0,Urban,0,,,Light rain,Null
1672215,6122013,18059,,500402,0,0,0,1,0,North,2008/2009,WAINUI ROAD,MATANGIRAU SCHOOL ROAD,,Non-Injury Crash,No,2009,0,South,0,0,0,Hill Road,0,Queens Birthday,0,,0,Dark,19801,0,0,0,2,0,0,0,0,0,,0,0,Northland Region,Nil,2-way,Sealed,0,0,0,0,100,0,None,0,0,,1,Far North District,Unknown,0,0,0,0,0,0,Open,0,0,0,Fine,Null
1822523,5530952,18060,,562401,0,0,0,2,0,North,2008/2009,HERETAUNGA ST,FEATHERSTON ST,,Non-Injury Crash,No,2009,0,North,0,0,1,Flat,0,,1,,0,Dark,1834400,0,0,0,2,0,0,0,0,1,,0,0,Manawatū-Whanganui Region,Nil,2-way,Sealed,0,0,0,0,50,0,On,1,1,,40,Palmerston North City,Nil,0,0,0,1,0,0,Urban,0,0,0,Fine,Null
1792634,5797173,18061,,527921,0,,0,0,,Null,2008/2009,SH 39,TE RORE BRIDGE ROAD,,Non-Injury Crash,Yes,2009,,South,,0,,Flat,,,,,,Overcast,980800,0,0,0,2,,,0,,,,,,Waikato Region,Nil,2-way,Sealed,,0,0,,100,,Off,0,0,,17,Waipa District,Give way,,,,,1,0,Open,1,,,Fine,Null
1755414,5930442,18062,,508520,0,,0,2,,Null,2009/2010,SYCAMORE DRIVE,SUNNYNOOK ROAD,,Non-Injury Crash,No,2009,,North,,0,,Flat,,,,,,Overcast,192800,0,0,0,2,,,0,,,,,,Auckland Region,Nil,2-way,Sealed,,0,0,,50,,Off,0,0,,76,Auckland,Nil,,,,,0,0,Urban,0,,,Fine,Null
1755026,5919792,18063,,515302,0,0,0,1,0,North,2009/2010,RICHMOND ROAD,JESSEL ST,,Non-Injury Crash,No,2009,0,North,0,0,0,Flat,0,,0,,0,Bright sun,431400,0,0,0,2,0,0,0,0,1,,0,0,Auckland Region,Nil,2-way,Sealed,0,0,0,0,50,0,Off,1,0,,76,Auckland,Nil,0,0,0,0,0,0,Urban,0,0,0,Fine,Null
1862679,5808730,18064,,536630,0,0,0,1,0,North,2008/2009,SH 29,VALLEY VIEW ROAD,,Non-Injury Crash,Yes,2009,0,West,0,0,1,Hill Road,0,,0,,0,Overcast,1191900,0,0,0,3,0,0,0,0,0,,0,0,Bay of Plenty Region,Nil,2-way,Sealed,0,0,0,0,100,0,Null,0,0,,22,Western Bay of Plenty District,Unknown,0,0,0,0,0,0,Open,0,0,0,Heavy rain,Null
1891636,5812893,18065,,538501,0,0,0,1,0,East,2008/2009,MACLOUGHLIN DRIVE,VALLEY ROAD,,Non-Injury Crash,No,2009,0,East,0,0,0,Hill Road,0,,0,,0,Bright sun,1214500,0,0,0,2,0,0,0,0,0,,0,1,Bay of Plenty Region,Nil,2-way,Sealed,0,0,0,0,50,0,Off,0,0,,22,Western Bay of Plenty District,Nil,0,0,0,0,0,0,Urban,0,0,0,Fine,Null
1749245,5913590,18066,,511401,0,,0,2,,Null,2008/2009,TITIRANGI ROAD,MARGAN AVENUE,,Non-Injury Crash,No,2009,,South,,0,,Flat,,,,,,Overcast,263304,0,0,0,3,,,0,,,,,,Auckland Region,Nil,2-way,Sealed,,0,0,,50,,Null,0,0,,76,Auckland,Traffic Signals,,,,,0,0,Urban,0,,,Light rain,Null
1752287,5912417,18067,,514700,0,0,0,2,0,East,2008/2009,DONOVAN ST,FRANCIS CURTIS AVENUE,,Non-Injury Crash,No,2009,0,West,0,0,0,Flat,0,,0,,0,Overcast,369101,0,0,0,2,0,0,0,0,0,,0,0,Auckland Region,Nil,2-way,Sealed,0,0,0,0,50,0,Null,0,0,,76,Auckland,Nil,0,0,0,1,0,0,Urban,0,0,0,Fine,Null
1949174,5790528,18068,35,542422,0,0,0,1,0,South,2009/2010,HINEMOA ST,STEWART ST,,Non-Injury Crash,No,2009,0,South,0,0,1,Flat,0,,0,,0,Dark,1310300,0,0,0,2,0,0,0,0,0,,0,1,Bay of Plenty Region,Nil,2-way,Sealed,0,0,0,0,50,0,On,0,0,,25,Whakatane District,Unknown,0,0,0,0,0,0,Urban,0,0,0,Fine,Null
1763848,5912575,18069,,520500,0,,0,1,,South,2009/2010,SH 1N,SEART OBR,,Non-Injury Crash,Yes,2009,,South,,0,,Flat,,,,,,Bright sun,637400,0,0,0,4,,,0,,,,,,Auckland Region,Nil,2-way,Sealed,,0,0,,100,,Off,1,0,,76,Auckland,Nil,,,,,0,0,Open,0,,,Fine,Null
1800866,5815596,18070,,529700,0,0,0,2,0,East,2008/2009,BRYCE ST,VICTORIA ST,,Non-Injury Crash,No,2009,0,East,0,0,0,Flat,0,,0,,0,Bright sun,910400,0,0,0,2,0,0,0,0,0,,0,0,Waikato Region,Nil,2-way,Sealed,0,0,0,0,50,0,Null,0,0,,16,Hamilton City,Traffic Signals,0,0,0,0,0,0,Urban,0,1,0,Fine,Null
1719552,6047611,18071,,502700,0,,0,1,,Null,2008/2009,NIXON ST,KAMO ROAD,,Non-Injury Crash,No,2009,,West,,0,,Flat,,,,,,Bright sun,91400,0,0,0,3,,,0,,,,,,Northland Region,Nil,2-way,Sealed,,0,0,,50,,Off,0,0,,2,Whangarei District,Traffic Signals,,,,,0,0,Urban,1,,,Fine,Null
1768914,5909533,18072,,523113,0,,0,2,,West,2009/2010,LADY RUBY DRIVE,SIR WILLIAM AVENUE,,Non-Injury Crash,No,2009,,West,,0,,Flat,,,,,,Bright sun,711810,0,0,0,2,,,0,,,,,,Auckland Region,Nil,2-way,Sealed,,0,0,,50,,Off,0,0,,76,Auckland,Nil,,,,,0,0,Urban,0,,,Fine,Null
1775728,5890179,18073,,521301,0,0,0,2,0,Null,2008/2009,DRURY HILLS ROAD,MACWHINNEY DRIVE,,Non-Injury Crash,No,2009,0,North,0,0,0,Hill Road,0,,0,,0,Dark,808901,0,0,0,2,0,0,0,0,0,,0,0,Auckland Region,Nil,2-way,Sealed,0,0,0,0,70,0,On,0,0,,76,Auckland,Nil,0,0,0,0,0,0,Urban,0,1,0,Fine,Null
1755278,5912152,18074,,518701,0,,0,3,,East,2009/2010,RICHARDSON ROAD,MCKINNON ST,,Non-Injury Crash,No,2009,,West,,0,,Flat,,,,,,Overcast,573200,0,0,0,2,,,0,,,,,,Auckland Region,Nil,2-way,Sealed,,0,0,,50,,Off,0,0,,76,Auckland,Nil,,,,,0,0,Urban,1,,,Fine,Null
1756396,5916034,18075,,518201,0,,0,2,,Null,2009/2010,BALMORAL ROAD,HENLEY ROAD,,Non-Injury Crash,No,2009,,East,,0,,Flat,,,,,,Overcast,553400,0,0,0,2,,,0,,,,,,Auckland Region,Nil,2-way,Sealed,,0,0,,50,,Off,0,0,,76,Auckland,Nil,,,,,0,0,Urban,0,,,Light rain,Null
1350152,4903220,18076,,607502,0,0,0,1,0,East,2009/2010,WAITAHUNA GULLY ROAD,PALLION ST,,Minor Crash,No,2009,0,North,0,0,1,Flat,0,,0,,0,Overcast,3009100,1,0,0,2,0,0,0,0,0,,0,0,Otago Region,Nil,2-way,Sealed,0,0,0,0,100,0,Null,0,0,,72,Clutha District,Unknown,0,0,0,0,0,0,Open,0,0,0,Fine,Null
1750502,5913724,18077,,511303,0,,0,2,,Null,2009/2010,ASTLEY AVENUE,CLARK ST,,Non-Injury Crash,No,2009,,West,,0,,Flat,,,,,,Twilight,265300,0,0,0,2,,,0,,,,,,Auckland Region,Nil,1-way,Sealed,,0,0,,50,,Off,0,0,,76,Auckland,Give way,,,,,0,0,Urban,0,,,Fine,Null
1766079,5915585,18078,,520601,0,,0,2,,North,2008/2009,TRIPOLI ROAD,ORAN ROAD,,Non-Injury Crash,No,2009,,North,,0,,Flat,,,,,,Overcast,633400,0,0,0,2,,,0,,,,,,Auckland Region,Nil,2-way,Sealed,,0,0,,50,,Off,0,1,,76,Auckland,Nil,,,,,0,0,Urban,0,,,Light rain,Null
1754334,5919828,18079,,515410,0,0,0,2,0,East,2008/2009,RICHMOND ROAD,KINGSLEY ST,,Non-Injury Crash,No,2009,0,West,0,0,0,Flat,0,,0,,0,Overcast,402200,0,0,0,2,0,0,0,0,1,,0,0,Auckland Region,Nil,2-way,Sealed,0,0,0,0,50,0,Off,0,0,,76,Auckland,Nil,0,0,0,0,0,0,Urban,0,0,0,Fine,Null
1745307,5919777,18080,,513301,0,,0,2,,North,2009/2010,LINCOLN ROAD,UNIVERSAL DRIVE,,Non-Injury Crash,No,2009,,East,,0,,Flat,,,,,,Bright sun,230401,0,0,0,4,,,0,,,,,,Auckland Region,Nil,2-way,Sealed,,0,0,,50,,Off,0,0,,76,Auckland,Nil,,,,,0,0,Urban,0,,,Fine,Null
1885245,5773189,18081,,540600,0,,0,1,,East,2008/2009,TI ST,FENTON ST,,Non-Injury Crash,No,2009,,East,,0,,Flat,,,,,,Bright sun,1243100,0,0,0,2,,,0,,,,,,Bay of Plenty Region,Nil,2-way,Sealed,,0,0,,50,,Null,0,0,,24,Rotorua District,Unknown,,,,,0,0,Urban,2,,,Fine,Null
1739002,5919334,18082,,513702,0,0,0,1,1,West,2009/2010,WAITAKERE ROAD,KAY ROAD,,Non-Injury Crash,No,2009,0,West,0,0,0,Hill Road,0,,0,,0,Bright sun,230100,0,0,0,2,0,0,0,0,0,,0,0,Auckland Region,Nil,2-way,Sealed,0,0,0,0,80,0,Null,0,0,,76,Auckland,Unknown,0,0,0,0,0,0,Open,0,0,0,Fine,Null
1686885,6102007,18083,,500900,0,,0,1,,East,2009/2010,HONE HEKE ROAD,KERIKERI ROAD,,Non-Injury Crash,No,2009,,East,,0,,Flat,,,,,,Bright sun,53102,0,0,0,3,,,0,,,,,,Northland Region,Nil,2-way,Sealed,,0,0,,50,,Null,0,0,,1,Far North District,Nil,,,,,1,0,Urban,0,,,Fine,Null
1869205,5713703,18084,,541730,0,0,0,1,0,West,2008/2009,RIFLE RANGE ROAD,TAHAREPA ROAD,,Non-Injury Crash,No,2009,0,West,0,0,0,Flat,0,,0,,0,Dark,1271800,0,0,0,2,0,0,0,0,1,,0,0,Waikato Region,Nil,2-way,Sealed,0,0,0,0,50,0,On,1,0,,21,Taupo District,Unknown,0,0,0,0,0,0,Urban,0,0,0,Fine,Null
1785577,5905556,18085,,525201,0,0,0,0,0,East,2008/2009,NESS VALLEY ROAD,CLEVEDON-KAWAKAWA ROAD,,Non-Injury Crash,No,2009,0,West,0,0,0,Hill Road,0,,0,,0,Overcast,764400,0,0,0,2,0,0,0,0,0,,0,0,Auckland Region,Nil,2-way,Sealed,0,0,0,0,100,0,Null,0,0,,76,Auckland,Unknown,0,1,0,0,1,0,Open,0,0,0,Fine,Null
1772819,5896043,18086,,525410,0,0,0,2,0,South,2008/2009,GREAT SOUTH ROAD,WOOD ST,,Non-Injury Crash,No,2009,0,North,0,0,0,Flat,0,,0,,0,Bright sun,793200,0,0,0,2,0,0,0,0,0,,0,0,Auckland Region,Nil,2-way,Sealed,0,0,0,0,50,0,Off,0,0,,76,Auckland,Nil,0,0,0,0,0,0,Urban,0,1,0,Fine,Null
1800172,5693682,18087,,532904,0,,0,1,,West,2008/2009,Z TAUMARUNUI HOLIDAY PARK,SH 41/MIRO,,Non-Injury Crash,No,2009,,North,,0,,Flat,,,,,,Twilight,1038000,0,0,0,0,,,0,,,,,,Manawatū-Whanganui Region,Nil,Off road,Unsealed,,0,0,,50,,None,1,0,,36,Ruapehu District,Nil,,,,,0,0,Urban,0,,,Fine,Null
1759891,5908764,18088,,524403,0,,0,2,,Null,2008/2009,WALMSLEY ROAD,WALMSLEY OFF SBD,,Non-Injury Crash,No,2009,,East,,0,,Flat,,,,,,Bright sun,729800,0,0,0,4,,,0,,,,,,Auckland Region,Nil,2-way,Sealed,,0,0,,60,,Off,0,0,,76,Auckland,Traffic Signals,,,,,0,0,Urban,0,,,Fine,Null
1753827,5931789,18089,,508807,0,,0,1,,Null,2008/2009,SH 1N,UPPER HWY ON NBD,,Non-Injury Crash,Yes,2009,,North,,0,,Hill Road,,,,,,Overcast,180810,0,0,0,2,,,0,,,,,,Auckland Region,Nil,1-way,Sealed,,0,0,,100,,Off,0,0,,76,Auckland,Nil,,,,,1,0,Open,0,,,Fine,Null
1755758,5926984,18090,,508620,0,,0,2,,North,2009/2010,SUNNYBRAE ROAD,ELLEN AVENUE,,Non-Injury Crash,No,2009,,South,,0,,Flat,,,,,,Bright sun,204400,0,0,0,2,,,0,,,,,,Auckland Region,Nil,2-way,Sealed,,0,0,,50,,Null,0,0,,76,Auckland,Unknown,,,,,0,0,Urban,0,,,Fine,Null
1768602,5880006,18091,,525921,0,,0,1,,Null,2008/2009,QUEEN ST,WARD ST,,Non-Injury Crash,No,2009,,East,,0,,Flat,,,,,,Overcast,821303,0,0,0,2,,,0,,,,,,Auckland Region,Nil,2-way,Sealed,,0,0,,50,,None,1,0,,76,Auckland,Give way,,,,,0,0,Urban,0,,,Fine,Null
1760980,5914879,18092,,520202,0,,0,2,,Null,2008/2009,KALMIA ST,SULTAN ST,,Non-Injury Crash,No,2009,,West,,0,,Flat,,,,,,Overcast,611700,0,0,0,2,,,0,,,,,,Auckland Region,Nil,2-way,Sealed,,0,0,,50,,Null,0,0,,76,Auckland,Give way,,,,,0,0,Urban,0,,,Fine,Null
1760153,5915987,18093,,516002,0,,0,0,,Null,2008/2009,GREENLANE INT,GREENLANE OFF SBD,,Non-Injury Crash,Yes,2009,,South,,0,,Hill Road,,,,,,Twilight,492100,0,0,0,1,,,0,,,,,,Auckland Region,Nil,1-way,Sealed,,0,0,,50,,Off,2,0,,76,Auckland,Give way,,,,,0,0,Urban,0,,,Fine,Null
1764733,5905829,18094,,522201,0,,0,2,,South,2008/2009,SHIRLEY ROAD,CORONATION ROAD,,Non-Injury Crash,No,2009,,South,,0,,Flat,,,,,,Dark,663100,0,0,0,2,,,0,,,,,,Auckland Region,Nil,2-way,Sealed,,0,0,,50,,On,0,0,,76,Auckland,Nil,,,,,0,0,Urban,0,,,Fine,Null
1755575,5922333,18095,,515202,0,,0,1,,North,2009/2010,SH 1N,CURRAN ON NBD,,Non-Injury Crash,Yes,2009,,North,,0,,Hill Road,,,,,,Overcast,423600,0,0,0,3,,,0,,,,,,,Bridge,1-way,Sealed,,0,0,,80,,Null,0,0,,76,Auckland,Unknown,,,,,0,0,Open,1,,,Fine,Null
1753535,5929436,18096,,508411,0,,0,1,,Null,2008/2009,GLENFIELD ROAD,JAMES ST N,,Non-Injury Crash,No,2009,,South,,0,,Hill Road,,,,,,Bright sun,184000,0,0,0,2,,,0,,,,,,Auckland Region,Nil,2-way,Sealed,,0,0,,50,,Null,1,0,,76,Auckland,Give way,,,,,0,0,Urban,1,,,Fine,Null
1753428,5876212,18097,,526104,0,0,0,1,0,South,2008/2009,QUEEN ST,KING ST,,Non-Injury Crash,No,2009,0,South,0,0,0,Flat,0,,0,,0,Bright sun,834800,0,0,0,2,0,0,0,0,1,,0,0,Auckland Region,Nil,2-way,Sealed,0,0,0,0,50,0,Off,0,0,,76,Auckland,Nil,0,0,0,0,1,0,Urban,0,0,0,Fine,Null
1761615,5906434,18098,,524200,0,,0,2,,Null,2009/2010,MASSEY ROAD,TIDAL ROAD,,Non-Injury Crash,No,2009,,North,,0,,Flat,,,,,,Overcast,728700,0,0,0,4,,,0,,,,,,Auckland Region,Nil,2-way,Sealed,,0,0,,50,,Null,0,0,,76,Auckland,Give way,,,,,0,0,Urban,0,,,Fine,Null
1763292,5909896,18099,,521901,0,0,0,1,0,North,2009/2010,SALEYARDS ROAD,RAILWAY LANE,,Non-Injury Crash,No,2009,0,South,0,0,0,Flat,0,,0,,0,Bright sun,782300,0,0,0,2,0,0,0,0,1,,0,0,Auckland Region,Nil,2-way,Sealed,0,0,0,0,50,0,Null,0,0,,76,Auckland,Unknown,0,0,0,0,0,0,Urban,1,0,0,Fine,Null
1830881,5779907,18100,,528000,0,0,0,1,0,East,2008/2009,BULMER ROAD,TE ANA ROAD,,Non-Injury Crash,No,2009,0,East,0,0,0,Hill Road,0,,0,,0,Bright sun,991900,0,0,0,2,0,0,0,0,0,,0,0,Waikato Region,Nil,2-way,Sealed,0,0,0,0,100,0,Null,0,0,,17,Waipa District,Unknown,0,0,0,1,0,0,Open,0,0,0,Fine,Null
1747194,5913791,18101,,511100,0,,0,2,,East,2008/2009,WEST COAST ROAD,GLENVIEW ROAD,,Non-Injury Crash,No,2009,,East,,0,,Flat,,,,,,Bright sun,286200,0,0,0,4,,,0,,,,,,Auckland Region,Nil,2-way,Sealed,,0,0,,50,,Null,0,0,,76,Auckland,Traffic Signals,,,,,0,0,Urban,0,,,Fine,Null
1760801,5916410,18102,,516002,0,,0,1,,North,2009/2010,GREEN LANE EAST,PEACH PARADE,,Non-Injury Crash,No,2009,,East,,0,,Flat,,,,,,Dark,493700,0,0,0,2,,,0,,,,,,Auckland Region,Nil,2-way,Sealed,,0,0,,50,,On,1,0,,76,Auckland,Unknown,,,,,0,0,Urban,0,,,Light rain,Null
1751773,5917932,18103,,515001,0,,0,2,,West,2009/2010,SH 16,PT CHEV ON EBD,,Non-Injury Crash,Yes,2009,,East,,0,,Flat,,,,,,Overcast,392200,0,0,0,3,,,0,,,,,,Auckland Region,Nil,1-way,Sealed,,0,0,,100,,Off,0,0,,76,Auckland,Nil,,,,,0,0,Open,0,,,Light rain,Null
1832915,5835851,18104,,534602,0,0,0,1,0,East,2008/2009,SH 26,NGARUA ROAD,,Non-Injury Crash,Yes,2009,0,West,0,0,0,Flat,0,,0,,0,Dark,1106700,0,0,0,2,0,0,0,0,0,,0,0,Waikato Region,Nil,2-way,Sealed,0,0,0,0,70,0,None,0,0,,15,Matamata-Piako District,Nil,0,0,0,1,0,0,Urban,0,0,0,Fine,Null
1767116,5905527,18105,,524603,0,,0,2,,East,2009/2010,REAGAN ROAD,GREAT SOUTH ROAD,,Non-Injury Crash,No,2009,,West,,0,,Flat,,,,,,Overcast,671000,0,0,0,2,,,0,,,,,,Auckland Region,Nil,2-way,Sealed,,0,0,,50,,Off,0,0,,76,Auckland,Give way,,,,,0,0,Urban,0,,,Fine,Null
1754890,5929982,18106,,508420,0,0,0,2,0,East,2008/2009,SUNNYNOOK ROAD,TARGET ROAD,,Non-Injury Crash,No,2009,0,South,0,0,0,Flat,0,,0,,0,Bright sun,182300,0,0,0,2,0,0,0,0,1,,0,0,Auckland Region,Nil,2-way,Sealed,0,0,0,0,50,0,Off,0,0,,76,Auckland,Nil,0,0,0,0,0,0,Urban,0,0,0,Fine,Null