X,Y,OBJECTID,advisorySpeed,areaUnitID,bicycle,bridge,bus,carStationWagon,cliffBank,crashDirectionDescription,crashFinancialYear,crashLocation1,crashLocation2,crashRoadSideRoad,crashSeverity,crashSHDescription,crashYear,debris,directionRoleDescription,ditch,fatalCount,fence,flatHill,guardRail,holiday,houseOrBuilding,intersection,kerb,light,meshblockId,minorInjuryCount,moped,motorcycle,NumberOfLanes,objectThrownOrDropped,otherObject,otherVehicleType,overBank,parkedVehicle,pedestrian,phoneBoxEtc,postOrPole,region,roadCharacter,roadLane,roadSurface,roadworks,schoolBus,seriousInjuryCount,slipOrFlood,speedLimit,strayAnimal,streetLight,suv,taxi,temporarySpeedLimit,tlaId,tlaName,trafficControl,trafficIsland,trafficSign,train,tree,truck,unknownVehicleType,urban,vanOrUtility,vehicle,waterRiver,weatherA,weatherB
1730824,6026567,18107,,501806,0,0,0,1,0,North,2008/2009,MARSDEN POINT ROAD,PRINCES ROAD,,Non-Injury Crash,No,2009,0,North,0,0,1,Flat,0,,0,,0,Dark,78501,0,0,0,2,0,0,0,0,0,,0,0,Northland Region,Nil,2-way,Sealed,0,0,0,0,70,0,None,0,0,,2,Whangarei District,Unknown,0,0,0,1,0,0,Urban,0,0,0,Fine,Null
1768754,5902843,18108,,524602,0,,0,1,,South,2008/2009,SH 1N,MANUKAU OFF NBD,,Non-Injury Crash,Yes,2009,,North,,0,,Hill Road,,,,,,Bright sun,780504,0,0,0,3,,,0,,,,,,Auckland Region,Nil,1-way,Sealed,,0,0,,80,,Off,0,0,,76,Auckland,Nil,,,,,1,0,Open,0,,,Fine,Null
1719163,6045171,18109,,503600,0,0,0,1,0,East,2009/2010,POROWINI AVENUE,TAREWA ROAD,,Non-Injury Crash,No,2009,0,West,0,0,0,Flat,0,,0,,0,Overcast,104800,0,0,0,2,0,0,0,0,1,,0,0,Northland Region,Nil,2-way,Sealed,0,0,0,0,50,0,Off,0,0,,2,Whangarei District,Nil,0,0,0,0,1,0,Urban,0,0,0,Fine,Null
1817646,5803046,18110,,527503,0,,0,1,,North,2009/2010,SH 1N,DUKE ST,,Non-Injury Crash,Yes,2009,,South,,0,,Flat,,,,,,Bright sun,963100,0,0,0,2,,,0,,,,,,Waikato Region,Nil,2-way,Sealed,,0,0,,50,,Null,0,0,,17,Waipa District,Unknown,,,,,0,0,Urban,1,,,Fine,Null
1890642,5815334,18111,,536642,0,0,0,1,0,North,2008/2009,TE PUKE HIGHWAY,MANOEKA ROAD,,Non-Injury Crash,No,2009,0,North,0,0,0,Flat,0,,0,,0,Overcast,1207101,0,0,0,2,0,1,0,0,0,,0,0,Bay of Plenty Region,Nil,2-way,Sealed,0,0,0,0,100,0,Null,0,0,,22,Western Bay of Plenty District,Unknown,0,0,0,0,0,0,Open,0,0,0,Heavy rain,Strong wind
1885181,5773885,18112,,540410,0,,0,2,,Null,2008/2009,FENTON ST,HINEMOA ST,,Non-Injury Crash,No,2009,,South,,0,,Flat,,Queens Birthday,,,,Dark,1234400,0,0,0,4,,,0,,,,,,Bay of Plenty Region,Nil,2-way,Sealed,,0,0,,50,,On,0,0,,24,Rotorua District,Traffic Signals,,,,,0,0,Urban,0,,,Heavy rain,Null
1770669,5898615,18113,,523920,0,,0,2,,Null,2009/2010,GREAT SOUTH ROAD,TAKA ST,,Non-Injury Crash,No,2009,,North,,0,,Flat,,,,,,Dark,768001,0,0,0,4,,,0,,,,,,Auckland Region,Nil,2-way,Sealed,,0,0,,50,,On,0,0,,76,Auckland,Traffic Signals,,,,,0,0,Urban,1,,,Light rain,Null
1769459,5907961,18114,,523711,0,,0,3,,North,2008/2009,TE IRIRANGI DRIVE,BISHOP DUNN PLACE,,Non-Injury Crash,No,2009,,South,,0,,Flat,,,,,,Bright sun,712305,0,0,0,3,,,0,,,,,,Auckland Region,Nil,2-way,Sealed,,0,0,,80,,Off,0,0,,76,Auckland,Traffic Signals,,,,,0,0,Open,0,,,Fine,Null
1765219,5909569,18115,,521803,0,,0,2,,South,2009/2010,SH 1N,OTAHUHU ON SBD,,Non-Injury Crash,Yes,2009,,South,,0,,Flat,,,,,,Dark,788500,0,0,0,4,,,0,,,,,,Auckland Region,Nil,1-way,Sealed,,0,0,,100,,On,0,0,,76,Auckland,Unknown,,,,,0,0,Open,0,,,Light rain,Null
1753454,5918306,18116,,515003,0,,0,2,,West,2008/2009,SH 16,ST LUKES ON WBD,,Non-Injury Crash,Yes,2009,,West,,0,,Flat,,,,,,Bright sun,390502,0,0,0,3,,,0,,,,,,Auckland Region,Nil,1-way,Sealed,,0,0,,100,,Null,1,0,,76,Auckland,Unknown,,,,,0,0,Open,1,,,Fine,Null
1747450,5919565,18117,,512402,0,,0,2,,East,2008/2009,SH 16,TE ATATU OBR,,Non-Injury Crash,Yes,2009,,West,,0,,Hill Road,,,,,,Overcast,253700,0,0,0,3,,,0,,,,,,Auckland Region,Nil,1-way,Sealed,,0,0,,100,,Null,1,0,,76,Auckland,Unknown,,,,,0,0,Open,0,,,Fine,Null
1867127,5701542,18118,,541345,0,,0,2,,Null,2009/2010,SH 1N,BLAKE ROAD,,Non-Injury Crash,Yes,2009,,South,,0,,Flat,,,,,,Dark,1280305,0,0,0,2,,,0,,,,,,Waikato Region,Nil,2-way,Sealed,,0,0,,70,,On,0,0,,21,Taupo District,Give way,,,,,0,0,Urban,0,,,Fine,Null
1834372,5917729,18119,,533200,0,0,0,1,0,East,2009/2010,THE 309 ROAD,SH 25,,Non-Injury Crash,No,2009,0,West,0,0,0,Hill Road,0,,0,,0,Overcast,1046204,0,0,0,2,0,0,0,1,0,,0,0,Waikato Region,Nil,2-way,Unsealed,0,0,0,0,100,0,Null,0,0,,11,Thames-Coromandel District,Unknown,0,0,0,0,0,0,Open,0,0,0,Fine,Null
1755188,5931322,18120,,508520,0,0,0,1,0,North,2008/2009,JUNIPER ROAD,CASSIA PLACE,,Non-Injury Crash,No,2009,0,North,0,0,1,Hill Road,0,,0,,0,Dark,189706,0,0,0,2,0,0,0,0,0,,0,0,Auckland Region,Nil,2-way,Sealed,0,0,0,0,50,0,On,0,0,,76,Auckland,Nil,0,1,0,0,0,0,Urban,0,0,0,Fine,Null
1759828,5912260,18121,,520000,0,0,0,1,1,Null,2008/2009,CHURCH ST,CHURCH STREET,,Non-Injury Crash,No,2009,0,West,0,0,0,Flat,0,,0,,1,Dark,606800,0,0,0,2,0,0,0,0,0,,0,0,Auckland Region,Nil,2-way,Sealed,0,0,0,0,50,0,On,0,0,,76,Auckland,Stop,0,0,0,0,0,0,Urban,0,0,0,Heavy rain,Null
1764280,5908984,18122,,521901,0,,1,0,,North,2008/2009,GREAT SOUTH ROAD,MANGERE ROAD,,Non-Injury Crash,No,2009,,South,,0,,Flat,,,,,,Overcast,785200,0,0,0,4,,,0,,,,,,Auckland Region,Nil,2-way,Sealed,,0,0,,50,,Null,0,0,,76,Auckland,Nil,,,,,0,0,Urban,1,,,Light rain,Null
1757954,5920214,18123,,514103,0,0,0,2,0,West,2009/2010,SYMONDS ST,ALTEN ROAD,,Non-Injury Crash,No,2009,0,West,0,0,0,Flat,0,,0,,0,Twilight,437300,0,0,0,2,0,0,0,0,0,,0,0,Auckland Region,Nil,2-way,Sealed,0,0,0,0,50,0,On,0,0,,76,Auckland,Unknown,0,0,0,0,0,0,Urban,0,1,0,Fine,Null
1850534,5761820,18124,,535212,0,0,0,1,0,South,2008/2009,OLD TAUPO ROAD,CAMPBELL ROAD,,Non-Injury Crash,No,2009,0,South,0,0,1,Flat,0,,0,,0,Overcast,1152000,0,0,0,2,0,0,0,0,0,,0,0,Waikato Region,Nil,2-way,Sealed,0,0,0,0,100,0,Null,0,0,,19,South Waikato District,Unknown,0,0,0,0,0,0,Open,0,0,0,Light rain,Null
1768728,5810910,18125,,526602,0,,0,1,,Null,2009/2010,SH 23,TE MATA ROAD,,Non-Injury Crash,Yes,2009,,North,,0,,Hill Road,,,,,,Bright sun,860500,0,0,0,3,,,0,,,,,,Waikato Region,Nil,2-way,Sealed,,0,0,,100,,Null,1,0,,13,Waikato District,Give way,,,,,0,0,Open,0,,,Fine,Null
1825808,5886328,18126,,533502,0,,0,1,,Null,2008/2009,SH 25,RICHMOND ST,,Non-Injury Crash,Yes,2009,,East,,0,,Flat,,,,,,Bright sun,1052500,0,0,0,2,,,0,,,,,,Waikato Region,Nil,2-way,Sealed,,0,0,,50,,Null,0,0,,11,Thames-Coromandel District,Give way,,,,,0,0,Urban,1,,,Fine,Null
1749209,5943492,18127,,505806,0,0,0,1,0,South,2008/2009,EAST COAST ROAD,SPUR ROAD,,Non-Injury Crash,No,2009,0,South,0,0,1,Flat,0,,0,,0,Dark,176802,0,0,0,2,0,0,0,0,0,,0,0,Auckland Region,Nil,2-way,Sealed,0,0,0,0,100,0,None,0,0,,76,Auckland,Nil,0,0,0,1,0,0,Open,0,0,0,Light rain,Null
1745206,5919758,18128,,513301,0,,0,1,,West,2008/2009,UNIVERSAL DRIVE,LINCOLN ROAD,,Non-Injury Crash,No,2009,,West,,0,,Flat,,,,,,Bright sun,232001,0,0,0,2,,,0,,,,,,Auckland Region,Nil,2-way,Sealed,,0,0,,50,,Off,0,0,,76,Auckland,Nil,,,,,0,0,Urban,1,,,Fine,Null
1836283,5927677,18129,,533200,0,1,0,1,0,Null,2005/2006,SH 25,OWERA STM BR,,Minor Crash,Yes,2006,0,South,0,0,0,Hill Road,0,,0,,0,Bright sun,1045600,1,0,0,2,0,0,0,0,0,,0,0,Waikato Region,Bridge,2-way,Sealed,0,0,0,0,100,0,Null,0,0,,11,Thames-Coromandel District,Unknown,0,0,0,0,0,0,Open,0,0,0,Fine,Null
1723119,6043690,18130,,504000,0,0,0,1,1,South,2006/2007,OLD ONERAHI ROAD,WAIMAHANGA ROAD,,Serious Crash,No,2006,0,North,0,0,0,Hill Road,0,,0,,0,Dark,109600,0,0,0,2,0,0,0,0,0,,0,0,Northland Region,Nil,2-way,Sealed,0,0,1,0,50,0,On,0,0,,2,Whangarei District,Nil,0,0,0,1,0,0,Urban,0,0,0,Fine,Null
1812427,5837571,18131,,527111,0,,0,0,,North,2005/2006,MANUEL ROAD,TAUHEI ROAD,,Serious Crash,No,2006,,North,,0,,Flat,,,,,,Overcast,948400,1,0,0,2,,,0,,,,,,Waikato Region,Nil,2-way,Unsealed,,0,1,,100,,Null,0,0,,13,Waikato District,Unknown,,,,,0,0,Open,1,,,Fine,Null
1759224,5916708,18132,,516001,0,0,0,1,0,South,2005/2006,SH 1N,MARKET OBR,,Minor Crash,Yes,2006,0,North,0,0,0,Flat,1,,0,,0,Dark,491700,1,0,0,3,0,0,0,0,0,,0,0,Auckland Region,Nil,1-way,Sealed,0,0,0,0,100,0,On,0,0,,76,Auckland,Nil,0,0,0,0,0,0,Open,0,0,0,Light rain,Null
1764151,5913609,18133,,520500,0,,0,1,,West,2006/2007,WAIPUNA ROAD,CARBINE ROAD,,Minor Crash,No,2006,,East,,0,,Hill Road,,,,,,Bright sun,638700,1,0,0,4,,,0,,,,,,Auckland Region,Nil,2-way,Sealed,,0,0,,50,,Off,0,0,,76,Auckland,Nil,,,,,1,0,Urban,0,,,Fine,Null
1765583,5906948,18134,,522301,0,,0,1,,South,2005/2006,GREAT SOUTH ROAD,EAST TAMAKI ROAD,,Minor Crash,No,2006,,South,,0,,Flat,,Easter,,,,Dark,666800,1,0,0,4,,,0,,,,,,Auckland Region,Nil,2-way,Sealed,,0,0,,50,,On,0,0,,76,Auckland,Unknown,,,,,0,0,Urban,1,,,Light rain,Null
1765706,5869542,18135,,526701,0,0,0,1,0,South,2005/2006,TUAKAU BRIDGE-PORT WAIKAT,FROST ROAD,,Minor Crash,No,2006,0,East,0,0,1,Flat,0,,0,,0,Overcast,845500,1,0,0,2,0,0,0,0,0,,0,0,Waikato Region,Nil,2-way,Sealed,0,0,0,0,100,0,None,0,0,,13,Waikato District,Nil,0,0,0,0,0,0,Open,0,0,0,Light rain,Null
1759848,5915206,18136,,519400,1,,0,1,,North,2006/2007,WHETURANGI ROAD,MATAI ROAD,,Minor Crash,No,2006,,South,,0,,Flat,,,,,,Overcast,616800,1,0,0,2,,,0,,,,,,Auckland Region,Nil,2-way,Sealed,,0,0,,50,,Off,0,0,,76,Auckland,Nil,,,,,0,0,Urban,0,,,Fine,Null
1783030,5869278,18137,,527221,0,,0,2,,North,2005/2006,SH 1N,ISLAND BLOCK ROAD,,Minor Crash,Yes,2006,,South,,0,,Flat,,,,,,Dark,934700,1,0,0,4,,,0,,,,,,Waikato Region,Nil,2-way,Sealed,,0,0,,100,,None,0,0,30,13,Waikato District,Nil,,,,,0,0,Open,0,,,Null,Null
1756835,5919834,18138,,514102,0,,0,2,,West,2006/2007,VINCENT ST,PITT ST,,Minor Crash,No,2006,,North,,0,,Hill Road,,,,,,Dark,435100,5,0,0,3,,,0,,,,,,Auckland Region,Nil,2-way,Sealed,,0,0,,50,,None,0,0,,76,Auckland,Unknown,,,,,0,0,Urban,0,,,Fine,Null
1764745,5908448,18139,,523404,0,0,0,2,0,South,2005/2006,GREAT SOUTH ROAD,CRACROFT ST,,Serious Crash,No,2006,0,South,0,0,1,Flat,0,,0,,0,Overcast,696701,0,0,0,4,0,0,0,0,0,,0,0,Auckland Region,Nil,2-way,Sealed,0,0,1,0,50,0,Null,0,0,,76,Auckland,Nil,0,0,0,0,0,0,Urban,0,0,0,Fine,Null
1802030,5819671,18140,,527009,1,,0,0,,North,2005/2006,GORDONTON ROAD,GREENHILL ROAD,,Minor Crash,No,2006,,South,,0,,Flat,,,,,,Overcast,952327,1,0,0,2,,,0,,,,,,Waikato Region,Nil,2-way,Sealed,,0,0,,80,,Null,0,0,,16,Hamilton City,Unknown,,,,,0,0,Open,1,,,Mist or Fog,Null
1768845,5900994,18141,,524901,0,,0,1,,Null,2006/2007,HALVER ROAD,NEWHOOK LANE,,Minor Crash,No,2006,,South,,0,,Flat,,Christmas New Year,,,,Overcast,757300,1,0,0,2,,,0,,,1,,,Auckland Region,Nil,2-way,Sealed,,0,0,,50,,Null,0,0,,76,Auckland,Give way,,,,,0,0,Urban,0,,,Fine,Null
1824481,5532803,18142,,562200,0,0,0,1,0,Null,2006/2007,KELVIN GROVE ROAD,MCLEAVEY DRIVE,,Minor Crash,No,2006,0,East,0,0,1,Flat,0,,1,,0,Dark,1792602,1,0,0,2,0,0,0,0,0,,0,0,Manawatū-Whanganui Region,Nil,2-way,Sealed,0,0,0,0,50,0,On,0,0,,40,Palmerston North City,Give way,0,0,0,0,0,0,Urban,0,0,0,Light rain,Null
1878973,5718953,18143,,541344,0,0,0,1,1,East,2005/2006,BROADLANDS ROAD,VIEW ROAD,,Minor Crash,No,2006,0,North,0,0,0,Flat,0,,0,,0,Overcast,1280603,1,0,0,2,0,0,0,0,0,,0,0,Waikato Region,Nil,2-way,Sealed,0,0,0,0,100,0,Null,0,0,,21,Taupo District,Unknown,0,0,0,0,0,0,Open,0,0,0,Fine,Null
1748114,5914996,18144,,511700,0,,0,2,,West,2005/2006,ST LEONARDS ROAD,BARBARY AVENUE,,Minor Crash,No,2006,,West,,0,,Flat,,,,,,Bright sun,271800,1,0,0,2,,,0,,,,,,Auckland Region,Nil,2-way,Sealed,,0,0,,50,,Off,0,0,,76,Auckland,Nil,,,,,0,0,Urban,0,,,Fine,Null
1801141,5811719,18145,,529300,0,0,0,0,0,North,2005/2006,GLENVIEW TERRACE,BRUCE AVENUE,,Serious Crash,No,2006,0,South,0,0,0,Flat,0,,0,,0,Overcast,926600,0,1,0,2,0,0,0,0,0,,0,0,Waikato Region,Nil,2-way,Sealed,0,0,1,0,50,0,Null,0,0,,16,Hamilton City,Nil,0,0,0,1,0,0,Urban,0,0,0,Fine,Null
1745754,5911940,18146,,512600,0,0,0,1,0,South,2005/2006,PHILLIP AVENUE,SHETLAND ST,,Minor Crash,No,2006,0,East,0,0,1,Hill Road,0,,0,,0,Bright sun,300001,2,0,0,1,0,0,0,0,0,1,0,1,Auckland Region,Nil,2-way,Sealed,0,0,0,0,50,0,Off,0,0,,76,Auckland,Nil,0,0,0,0,0,0,Urban,0,0,0,Fine,Null
1762440,5913236,18147,,520402,0,0,0,2,0,South,2005/2006,SH 1N,PENROSE OBR,,Minor Crash,Yes,2006,0,South,0,0,0,Flat,1,,0,,0,Bright sun,642400,3,0,0,3,0,0,0,0,0,,0,0,Auckland Region,Nil,1-way,Sealed,0,0,0,0,100,0,Off,0,0,,76,Auckland,Nil,0,0,0,0,0,0,Open,0,0,0,Fine,Null
1810373,5791655,18148,,527934,0,0,0,1,0,South,2005/2006,CAMBRIDGE ROAD,STOREY ROAD,,Minor Crash,No,2006,0,South,0,0,1,Flat,0,,0,,0,Overcast,987200,1,0,0,2,0,0,0,0,0,,0,0,Waikato Region,Nil,2-way,Sealed,0,0,0,0,100,0,Null,0,0,,17,Waipa District,Unknown,0,0,0,0,0,0,Open,0,0,0,Fine,Null
1801339,5818830,18149,,529402,0,0,0,1,0,East,2005/2006,CROSBY ROAD,CARLYLE AVENUE,,Minor Crash,No,2006,0,East,0,0,1,Flat,0,,0,,0,Dark,876900,1,0,0,2,0,0,0,0,0,,0,0,Waikato Region,Nil,2-way,Sealed,0,0,0,0,50,0,On,0,0,,16,Hamilton City,Give way,0,0,0,0,0,0,Urban,0,0,0,Null,Frost
1764551,5912019,18150,,520500,0,,0,4,,South,2005/2006,SH 1N,PENROSE OBR,,Minor Crash,Yes,2006,,North,,0,,Flat,,,,,,Bright sun,639500,1,0,0,3,,,0,,,,,,Auckland Region,Nil,1-way,Sealed,,0,0,,100,,Off,0,0,,76,Auckland,Nil,,,,,0,0,Open,0,,,Fine,Null
1753522,5914667,18151,,518801,0,,0,1,,Null,2005/2006,STODDARD ROAD,DENIZE ROAD,,Serious Crash,No,2006,,South,,0,,Flat,,,,,,Dark,578500,0,1,0,2,,,0,,,,,,Auckland Region,Nil,2-way,Sealed,,0,1,,50,,On,0,0,,76,Auckland,Stop,,,,,0,0,Urban,0,,,Fine,Null
1858201,5855470,18152,,534100,0,0,0,1,1,West,2006/2007,WAIHI BEACH ROAD,FERGUS ROAD,,Minor Crash,No,2006,0,West,0,0,0,Hill Road,0,,0,,0,Overcast,1083206,1,0,0,2,0,0,0,0,0,,0,0,Bay of Plenty Region,Nil,2-way,Sealed,0,0,0,0,100,0,Off,0,0,,22,Western Bay of Plenty District,Nil,0,0,0,0,0,0,Open,0,0,0,Light rain,Null
1693590,5379169,18153,,580801,0,0,0,1,0,West,2006/2007,SH 1S,KAPARU ROAD,,Minor Crash,Yes,2006,0,West,1,0,0,Flat,0,,0,,0,Overcast,2309400,2,0,0,2,0,0,0,0,0,,0,0,Marlborough Region,Nil,2-way,Sealed,0,0,0,0,100,0,Null,0,0,,53,Marlborough District,Nil,0,0,0,0,0,0,Open,0,0,0,Fine,Null
1747995,5948389,18154,,506201,0,0,0,1,0,East,2006/2007,WAINUI ROAD,UPPER OREWA ROAD,,Serious Crash,No,2006,0,West,1,0,0,Flat,0,,0,,0,Dark,176406,1,0,0,2,0,0,0,0,0,,0,0,Auckland Region,Nil,2-way,Sealed,0,0,1,0,100,0,None,0,0,,76,Auckland,Nil,0,0,0,0,0,0,Open,0,0,0,Fine,Null
1751280,5913885,18155,,514402,0,0,0,3,0,East,2006/2007,RUAHINE ST N,MIRANDA ST,,Minor Crash,No,2006,0,West,0,0,0,Flat,0,,0,,0,Twilight,379500,1,0,0,1,0,0,0,0,1,,0,0,Auckland Region,Nil,2-way,Sealed,0,0,0,0,50,0,None,0,0,,76,Auckland,Nil,0,0,0,0,0,0,Urban,0,0,0,Fine,Null
1802116,5814893,18156,,530200,0,,0,2,,Null,2005/2006,CLYDE ST,FIRTH ST,,Minor Crash,No,2006,,North,,0,,Flat,,,,,,Dark,892800,1,0,0,2,,,0,,,,,,Waikato Region,Nil,2-way,Sealed,,0,0,,50,,On,0,1,,16,Hamilton City,Stop,,,,,0,0,Urban,0,,,Light rain,Null
1729823,6039719,18157,,501818,0,,0,1,,West,2005/2006,WHANGAREI HEADS ROAD,PEPI ROAD,,Serious Crash,No,2006,,West,,0,,Flat,,,,,,Bright sun,73602,0,0,0,2,,,0,,,,,,Northland Region,Nil,2-way,Sealed,,0,1,,100,,None,0,0,,2,Whangarei District,Nil,,,,,0,0,Open,0,,,Fine,Null
1768082,5900493,18158,,525101,0,0,0,1,0,Null,2005/2006,COXHEAD ROAD,WEYMOUTH ROAD,,Serious Crash,No,2006,0,North,0,0,0,Flat,0,,0,,0,Dark,771200,1,0,0,2,0,0,0,0,0,,0,0,Auckland Region,Nil,2-way,Sealed,0,0,1,0,50,0,On,0,0,,76,Auckland,Give way,0,0,0,1,0,0,Urban,0,0,0,Fine,Null
1745021,5920949,18159,,513632,0,0,0,2,0,South,2005/2006,TRIANGLE ROAD,WAIMUMU ROAD,,Minor Crash,No,2006,0,West,0,0,0,Hill Road,0,,0,,0,Dark,228702,1,0,0,2,0,0,0,0,1,,0,0,Auckland Region,Nil,2-way,Sealed,0,0,0,0,50,0,On,0,0,,76,Auckland,Nil,0,0,0,0,0,0,Urban,0,0,0,Light rain,Null
1800837,5815176,18160,,529700,0,,0,1,,Null,2005/2006,ANGLESEA ST,CARO ST,,Minor Crash,No,2006,,South,,0,,Flat,,,,,,Bright sun,910900,1,0,0,4,,,0,,,,,,Waikato Region,Nil,2-way,Sealed,,0,0,,50,,Null,0,0,,16,Hamilton City,Give way,,,,,1,0,Urban,0,,,Fine,Null
1754459,5930901,18161,,508420,0,0,0,2,0,North,2005/2006,SH 1N,UPPER HWY OFF NBD,,Minor Crash,Yes,2006,0,North,0,0,0,Flat,1,,0,,0,Dark,182008,2,0,0,3,0,0,0,0,0,,0,0,Auckland Region,Nil,1-way,Sealed,0,0,0,0,100,0,On,0,0,,76,Auckland,Nil,0,0,0,0,0,0,Open,0,0,0,Light rain,Null
1764859,5911036,18162,,520500,0,,0,2,,North,2005/2006,SH 1N,PRINCES OBR,,Minor Crash,Yes,2006,,South,,0,,Flat,,,,,,Dark,635901,1,0,1,3,,,0,,,,,,Auckland Region,Nil,1-way,Sealed,,0,0,,100,,On,0,0,,76,Auckland,Nil,,,,,0,0,Open,0,,,Fine,Null
1757102,5913725,18163,,518600,0,,0,2,,Null,2006/2007,MOUNT ALBERT ROAD,BUCKLEY ROAD,,Serious Crash,No,2006,,East,,0,,Flat,,,,,,Dark,565100,0,0,0,2,,,0,,,,,,Auckland Region,Nil,2-way,Sealed,,0,1,,50,,On,0,0,,76,Auckland,Stop,,,,,0,0,Urban,0,,,Fine,Null
1683740,6105142,18164,,501614,0,0,0,1,0,East,2006/2007,KAPIRO ROAD,MCCAUGHAN ROAD,,Minor Crash,No,2006,0,East,0,0,1,Flat,0,,0,,0,Dark,44005,1,0,0,2,0,0,0,0,0,,0,1,Northland Region,Nil,2-way,Sealed,0,0,0,0,100,0,None,0,0,,1,Far North District,Nil,0,0,0,0,0,0,Open,0,0,0,Fine,Null
1738980,5902794,18165,,513800,0,0,0,1,0,South,2005/2006,HUIA ROAD,HUIA DAM ROAD,,Minor Crash,No,2006,0,South,0,0,0,Flat,0,,0,,0,Dark,303400,1,0,0,1,0,0,0,0,0,,0,0,Auckland Region,Nil,2-way,Sealed,0,0,0,0,80,0,None,0,0,,76,Auckland,Nil,0,0,0,0,0,0,Open,0,0,1,Fine,Null
1766245,5903401,18166,,524604,0,,0,4,,West,2005/2006,WIRI STATION ROAD,MANA PLACE,,Minor Crash,No,2006,,East,,0,,Flat,,,,,,Dark,780208,3,0,0,4,,,0,,,,,,Auckland Region,Nil,2-way,Sealed,,0,0,,70,,On,0,0,,76,Auckland,Nil,,,,,0,0,Urban,0,,,Fine,Null
1883507,5771443,18167,,540000,0,,0,1,,Null,2006/2007,SPRINGFIELD ROAD,OTONGA ROAD,,Serious Crash,No,2006,,West,,0,,Flat,,,,,,Dark,1245400,2,0,0,2,,,0,,,,,,Bay of Plenty Region,Nil,2-way,Sealed,,0,1,,50,,On,1,0,,24,Rotorua District,Give way,,,,,0,0,Urban,0,,,Fine,Null
1803641,5814910,18168,,530500,0,0,0,1,0,South,2005/2006,HELENA ROAD,LISTON CRESCENT N,,Minor Crash,No,2006,0,South,0,0,0,Flat,0,Queens Birthday,0,,1,Dark,891500,1,0,0,2,0,0,0,0,0,,0,1,Waikato Region,Nil,2-way,Sealed,0,0,0,0,50,0,On,0,0,,16,Hamilton City,Unknown,0,0,0,0,0,0,Urban,0,0,0,Fine,Null
1739548,5931058,18169,,505604,0,,0,1,,Null,2005/2006,BROWNS ROAD,OLD NORTH ROAD,,Minor Crash,No,2006,,North,,0,,Hill Road,,,,,,Bright sun,213800,1,0,0,2,,,0,,,,,,Auckland Region,Nil,2-way,Sealed,,0,0,,100,,None,0,0,,76,Auckland,Stop,,,,,1,0,Open,0,,,Fine,Null
1857308,5538598,18170,,550200,0,,0,3,,South,2005/2006,SH 2,ORINGI ROAD,,Serious Crash,Yes,2006,,North,,0,,Flat,,,,,,Bright sun,1544600,2,0,0,3,,,0,,,,,,Manawatū-Whanganui Region,Nil,2-way,Sealed,,0,1,,100,,Null,0,0,,41,Tararua District,Nil,,,,,0,0,Open,0,,,Fine,Null
1753414,5933043,18171,,508804,0,,0,1,,South,2006/2007,SH 1N,GREVILLE OBR,,Minor Crash,Yes,2006,,South,,0,,Flat,,,,,,Overcast,180701,3,0,0,2,,,0,,,,,,Auckland Region,Nil,2-way,Sealed,,0,0,,100,,Off,0,0,,76,Auckland,Nil,,,,,1,0,Open,0,,,Heavy rain,Null
1754993,5935337,18172,,507101,0,0,0,1,0,North,2006/2007,STAPLEFORD CRESCENT N,SARTORS AVENUE,,Non-Injury Crash,No,2006,0,South,0,0,1,Hill Road,0,,0,,0,Dark,159900,0,0,0,2,0,0,0,0,0,,0,0,Auckland Region,Nil,2-way,Sealed,0,0,0,0,50,0,On,0,0,,76,Auckland,Nil,0,0,0,1,0,0,Urban,0,0,0,Fine,Null
1858913,5855516,18173,,534100,0,0,0,1,0,North,2006/2007,WAIHI BEACH ROAD,FERGUS ROAD,,Non-Injury Crash,No,2006,0,West,0,0,0,Hill Road,0,,0,,0,Overcast,1083206,0,0,0,2,0,0,0,1,0,,0,0,Bay of Plenty Region,Nil,2-way,Sealed,0,0,0,0,100,0,Null,0,0,,22,Western Bay of Plenty District,Unknown,0,0,0,0,0,0,Open,0,0,0,Light rain,Null
1763308,5920393,18174,,516500,0,,0,1,,West,2006/2007,TAMAKI DRIVE,PATTESON AVENUE,,Minor Crash,No,2006,,East,,0,,Flat,,,,,,Dark,500600,1,0,0,1,,,0,,,1,,,Auckland Region,Nil,1-way,Sealed,,0,0,,50,,On,0,1,,76,Auckland,Give way,,,,,0,0,Urban,0,,,Fine,Null
1769906,5904682,18175,,523712,0,,0,0,,East,2005/2006,REDOUBT ROAD,HILLTOP ROAD,,Minor Crash,No,2006,,West,,0,,Flat,,,,,,Bright sun,716300,1,0,0,2,,,0,,,,,,Auckland Region,Nil,2-way,Sealed,,0,0,,70,,Off,0,0,,76,Auckland,Nil,,,,,2,0,Urban,0,,,Fine,Null
1701926,6001186,18176,,505010,0,0,0,0,0,East,2005/2006,SH 12,GALLIE ROAD W,,Non-Injury Crash,Yes,2006,0,East,1,0,0,Hill Road,0,,0,,0,Bright sun,128701,0,0,0,2,0,0,0,0,0,,0,0,Northland Region,Nil,2-way,Sealed,0,0,0,0,100,0,None,0,0,,3,Kaipara District,Nil,0,0,0,0,0,0,Open,1,0,0,Fine,Null
1857478,5804202,18177,55,535231,0,0,0,1,0,Null,2006/2007,SH 29,SUMMIT LOOKOUT,,Minor Crash,Yes,2006,0,South,0,0,1,Hill Road,0,,0,,0,Dark,1113900,1,0,0,2,0,1,0,1,0,,0,0,Waikato Region,Nil,2-way,Sealed,0,0,0,0,100,0,None,0,0,,15,Matamata-Piako District,Unknown,0,0,0,1,0,0,Open,0,0,0,Heavy rain,Null