X,Y,OBJECTID,advisorySpeed,areaUnitID,bicycle,bridge,bus,carStationWagon,cliffBank,crashDirectionDescription,crashFinancialYear,crashLocation1,crashLocation2,crashRoadSideRoad,crashSeverity,crashSHDescription,crashYear,debris,directionRoleDescription,ditch,fatalCount,fence,flatHill,guardRail,holiday,houseOrBuilding,intersection,kerb,light,meshblockId,minorInjuryCount,moped,motorcycle,NumberOfLanes,objectThrownOrDropped,otherObject,otherVehicleType,overBank,parkedVehicle,pedestrian,phoneBoxEtc,postOrPole,region,roadCharacter,roadLane,roadSurface,roadworks,schoolBus,seriousInjuryCount,slipOrFlood,speedLimit,strayAnimal,streetLight,suv,taxi,temporarySpeedLimit,tlaId,tlaName,trafficControl,trafficIsland,trafficSign,train,tree,truck,unknownVehicleType,urban,vanOrUtility,vehicle,waterRiver,weatherA,weatherB
1672887,6081613,18178,,501700,0,0,0,1,0,East,2006/2007,SH 12,WIHONGI ST,,Non-Injury Crash,Yes,2006,0,East,0,0,0,Hill Road,0,,1,,0,Overcast,41800,0,0,0,2,0,0,0,0,0,,0,0,Northland Region,Nil,2-way,Sealed,0,0,0,0,50,0,Null,0,0,,1,Far North District,Unknown,0,0,0,0,0,0,Urban,0,0,0,Fine,Null
1751985,5915602,18179,,517901,0,0,0,2,0,North,2005/2006,Z CPK PAK N SAVE,NEW NORTH ROAD,,Non-Injury Crash,No,2006,0,South,0,0,0,Flat,0,,0,,0,Dark,523800,0,0,0,0,0,0,0,0,1,,0,0,Auckland Region,Nil,Off road,Sealed,0,0,0,0,30,0,On,0,0,,76,Auckland,Nil,0,0,0,0,0,0,Urban,0,0,0,Null,Null
1763459,5908571,18180,,521901,0,,0,2,,South,2006/2007,MANGERE ROAD,MIDDLEMORE ROAD,,Non-Injury Crash,No,2006,,South,,0,,Flat,,,,,,Overcast,786300,0,0,0,4,,,0,,,,,,Auckland Region,Nil,2-way,Sealed,,0,0,,50,,Off,0,0,,76,Auckland,Nil,,,,,0,0,Urban,0,,,Heavy rain,Null
1611577,5426321,18181,,581726,0,,0,1,,North,2005/2006,LANSDOWNE ROAD,SH 60,,Serious Crash,No,2006,,North,,0,,Flat,,,,,,Overcast,2357202,0,0,1,2,,,0,,,,,,Tasman Region,Nil,2-way,Sealed,,0,1,,100,,Null,0,0,,51,Tasman District,Nil,,,,,0,0,Open,0,,,Fine,Null
1792966,5835009,18182,,527112,0,,0,2,,Null,2005/2006,SH 1N GREAT SOUTH,GORDONTON ROAD,,Minor Crash,Yes,2006,,South,,0,,Flat,,,,,,Dark,951500,3,0,0,3,,,0,,,,,,Waikato Region,Nil,2-way,Sealed,,0,0,,70,,On,0,0,,13,Waikato District,Give way,,,,,0,0,Urban,0,,,Light rain,Null
1800857,5815590,18183,,529700,0,,0,1,,Null,2006/2007,BRYCE ST,VICTORIA ST,,Minor Crash,No,2006,,East,,0,,Flat,,,,,,Bright sun,911102,2,0,0,3,,,0,,,2,,,Waikato Region,Nil,2-way,Sealed,,0,0,,50,,Off,0,0,,16,Hamilton City,Traffic Signals,,,,,0,0,Urban,0,,,Fine,Null
1625672,6116428,18184,,500204,0,0,0,0,0,East,2006/2007,OTURU ROAD,DONALD ROAD,,Minor Crash,No,2006,0,East,0,0,1,Hill Road,0,,0,,0,Dark,8700,1,0,0,2,0,0,0,0,0,,0,0,Northland Region,Nil,2-way,Sealed,0,0,0,0,100,0,None,0,0,,1,Far North District,Nil,0,0,0,0,0,0,Open,1,0,0,Fine,Null
1749956,5946079,18185,,506001,0,,0,1,,Null,2006/2007,HIBISCUS COAST HIGHWAY,TAVERN ROAD,,Non-Injury Crash,No,2006,,South,,0,,Hill Road,,,,,,Bright sun,175501,0,0,0,5,,,0,,,,,,Auckland Region,Nil,2-way,Sealed,,0,0,,80,,Off,0,0,,76,Auckland,Stop,,,,,0,0,Open,1,,,Fine,Null
1758505,5918258,18186,,517400,0,0,0,1,0,South,2005/2006,Z CPK THE WAREHOUSE,KHYBER PASS ROAD,,Non-Injury Crash,No,2006,0,South,0,0,0,Flat,0,,0,,0,Dark,451300,0,0,0,1,0,0,0,0,1,,0,0,Auckland Region,Nil,Off road,Sealed,0,0,0,0,20,0,On,0,0,,76,Auckland,Nil,0,0,0,0,0,0,Urban,1,0,0,Light rain,Null
1748235,5914016,18187,,511700,0,,0,2,,Null,2005/2006,GREAT NORTH ROAD,WEST COAST ROAD,,Minor Crash,No,2006,,North,,0,,Flat,,,,,,Bright sun,270201,1,0,0,4,,,0,,,,,,Auckland Region,Nil,2-way,Sealed,,0,0,,50,,Off,0,0,,76,Auckland,Traffic Signals,,,,,0,0,Urban,0,,,Fine,Null
1763469,5908586,18188,,521901,0,,0,3,,North,2006/2007,MANGERE ROAD,MCDONALD PLACE,,Non-Injury Crash,No,2006,,North,,0,,Flat,,,,,,Dark,786300,0,0,0,4,,,0,,,,,,Auckland Region,Nil,2-way,Sealed,,0,0,,50,,On,0,0,,76,Auckland,Nil,,,,,0,0,Urban,0,,,Fine,Null
1789445,5828242,18189,,528200,0,,0,2,,Null,2005/2006,ELLERY ST,RUSSELL AVENUE,,Minor Crash,No,2006,,North,,0,,Flat,,,,,,Overcast,856600,1,0,0,2,,,0,,,,,,Waikato Region,Nil,2-way,Sealed,,0,0,,50,,Null,0,0,,13,Waikato District,Give way,,,,,0,0,Urban,0,,,Fine,Null
1765000,5916793,18190,,520301,0,,0,2,,Null,2006/2007,FELTON MATHEW AVENUE,MORRIN ROAD,,Non-Injury Crash,No,2006,,South,,0,,Flat,,,,,,Bright sun,465302,0,0,0,2,,,0,,,,,,Auckland Region,Nil,2-way,Sealed,,0,0,,50,,Null,0,0,,76,Auckland,Give way,,,,,0,0,Urban,0,,,Fine,Null
1771823,5879561,18191,,521117,0,0,0,1,0,Null,2005/2006,LOGAN ROAD,GOLDING ROAD,,Minor Crash,No,2006,0,West,0,0,1,Flat,0,,0,,0,Dark,827004,1,0,0,1,0,0,0,0,0,,0,0,Waikato Region,Nil,2-way,Sealed,0,0,0,0,100,0,None,0,0,,13,Waikato District,Nil,0,0,0,0,0,0,Open,0,0,0,Light rain,Null
1759392,5910475,18192,,524002,0,,0,3,,North,2005/2006,SH 20,RIMU OBR,,Minor Crash,Yes,2006,,North,,0,,Flat,,,,,,Overcast,722000,1,0,0,2,,,0,,,,,,Auckland Region,Bridge,1-way,Sealed,,0,0,,100,,Off,0,0,,76,Auckland,Nil,,,,,0,0,Open,0,,,Fine,Null
1757891,5944699,18193,,505902,0,0,1,0,0,West,2005/2006,WHANGAPARAOA ROAD,WALBROOK ROAD,,Minor Crash,No,2006,0,West,0,0,0,Flat,0,,0,,0,Dark,174409,2,0,0,2,0,0,0,0,0,,0,0,Auckland Region,Nil,2-way,Sealed,0,0,0,0,50,0,On,0,0,,76,Auckland,Nil,0,0,0,0,0,0,Urban,1,1,0,Light rain,Null
1748155,5428765,18194,,572900,0,,0,3,,South,2005/2006,TINAKORI ROAD,BOWEN ST,,Minor Crash,No,2006,,South,,0,,Flat,,,,,,Dark,2123400,2,0,0,2,,,0,,,,,,Wellington Region,Nil,2-way,Sealed,,0,0,,50,,On,0,0,,47,Wellington City,Traffic Signals,,,,,0,0,Urban,0,,,Fine,Null
1753972,5936463,18195,,506902,0,,0,1,,North,2006/2007,EAST COAST ROAD,OTEHA VALLEY ROAD,,Minor Crash,No,2006,,North,,0,,Flat,,,,,,Dark,166600,1,0,0,2,,,0,,,1,,,Auckland Region,Nil,2-way,Sealed,,0,0,,50,,On,0,0,,76,Auckland,Nil,,,,,0,0,Urban,0,,,Fine,Null
1751353,5950639,18196,,505805,0,,0,0,,South,2006/2007,HIBISCUS COAST HIGHWAY,PURIRI AVENUE,,Minor Crash,No,2006,,South,,0,,Flat,,,,,,Bright sun,171202,1,0,1,2,,,0,,,,,,Auckland Region,Nil,2-way,Sealed,,0,0,,50,,Off,1,0,,76,Auckland,Nil,,,,,0,0,Urban,0,,,Fine,Null
1803979,5860735,18197,25,527210,0,,0,1,,East,2009/2010,COZEN ROAD,WAIPUNA ROAD,,Non-Injury Crash,No,2009,,South,,0,,Flat,,,,,,Overcast,937200,0,0,0,2,,,0,,,,,,Waikato Region,Nil,2-way,Sealed,,0,0,,100,,None,0,0,,13,Waikato District,Nil,,,,,1,0,Open,0,,,Fine,Null
1867765,5785549,18198,,535232,0,0,0,1,1,East,2006/2007,SH 5,GALAXY ROAD,,Serious Crash,Yes,2006,0,East,0,0,0,Flat,0,,0,,0,Twilight,1127702,0,0,0,2,0,0,0,0,0,,0,0,Waikato Region,Nil,2-way,Sealed,0,0,1,0,100,0,None,0,0,30,19,South Waikato District,Unknown,0,0,0,0,0,0,Open,0,0,0,Fine,Null
1766706,5908741,18199,,523402,0,,1,0,,Null,2006/2007,OTARA ROAD,CLYDE ROAD,,Minor Crash,No,2006,,South,,0,,Flat,,,,,,Bright sun,697700,1,0,0,2,,,0,,,,,,Auckland Region,Nil,2-way,Sealed,,0,0,,50,,Off,1,0,,76,Auckland,Nil,,,,,0,0,Urban,0,,,Fine,Null
1754250,5924135,18200,,510500,0,,0,1,,East,2005/2006,PALMERSTON ROAD,PULLUM ST,,Minor Crash,No,2006,,,,0,,Hill Road,,,,,,Bright sun,356501,2,0,0,2,,,0,,,1,,,Auckland Region,Nil,2-way,Sealed,,0,0,,50,,Off,0,0,,76,Auckland,Nil,,,,,0,0,Urban,0,,,Fine,Null
1570593,5177306,18201,,595400,1,,0,1,,North,2005/2006,STRICKLAND ST,SOMERFIELD ST,,Minor Crash,No,2006,,South,,0,,Flat,,,,,,Bright sun,2646201,1,0,0,2,,,0,,,,,,Canterbury Region,Nil,2-way,Sealed,,0,0,,50,,Null,0,0,,60,Christchurch City,Nil,,,,,0,0,Urban,0,,,Fine,Null
1745581,5922027,18202,,513530,0,,0,2,,West,2005/2006,COLWILL ROAD,KINTARA DRIVE,,Minor Crash,No,2006,,West,,0,,Flat,,,,,,Dark,226002,1,0,0,2,,,0,,,,,,Auckland Region,Nil,2-way,Sealed,,0,0,,50,,On,0,0,,76,Auckland,Nil,,,,,0,0,Urban,0,,,Fine,Null
1765426,5911615,18203,,520500,0,0,0,1,0,Null,2009/2010,BERNARD ST,KEALY ROAD,,Non-Injury Crash,No,2009,0,North,0,0,0,Flat,0,,0,,0,Overcast,635200,0,0,0,2,0,0,0,0,0,,0,0,Auckland Region,Nil,2-way,Sealed,0,0,0,0,50,0,Off,0,0,,76,Auckland,Nil,0,0,0,1,0,0,Urban,0,0,0,Fine,Null
1797909,5814546,18204,,528602,0,,0,0,,Null,2005/2006,KILLARNEY ROAD,TUHIKARAMEA ROAD,,Non-Injury Crash,Yes,2006,,West,,0,,Flat,,,,,,Overcast,921100,0,0,0,2,,,0,,,,,,Waikato Region,Nil,2-way,Sealed,,0,0,,50,,Off,1,0,,16,Hamilton City,Give way,,,,,1,0,Urban,0,,,Fine,Null
1479526,5368581,18205,,584410,0,,0,0,,West,2006/2007,WILSONS LEAD ROAD,SH 6,,Serious Crash,No,2006,,East,,0,,Flat,,,,,,Overcast,2388703,1,0,0,2,,,0,,,,,,West Coast Region,Nil,2-way,Sealed,,0,2,,100,,Null,1,0,,55,Buller District,Unknown,,,,,0,0,Open,1,,,Fine,Null
1790711,5838791,18206,,527402,0,,0,2,,South,2005/2006,SH 1N,TREGOWETH LANE,,Non-Injury Crash,Yes,2006,,North,,0,,Flat,,,,,,Dark,947300,0,0,0,2,,,0,,,,,,Waikato Region,Nil,2-way,Sealed,,0,0,,70,,On,0,0,,13,Waikato District,Traffic Signals,,,,,0,0,Urban,0,,,Fine,Null
1801359,5814676,18207,,529700,1,,0,1,,West,2006/2007,BRIDGE ST,VICTORIA ST,,Minor Crash,No,2006,,East,,0,,Hill Road,,,,,,Overcast,912400,1,0,0,2,,,0,,,,,,Waikato Region,Nil,2-way,Sealed,,0,0,,50,,Off,0,0,,16,Hamilton City,Nil,,,,,0,0,Urban,0,,,Fine,Null
1753062,5916788,18208,,517800,0,,0,2,,Null,2005/2006,NEW NORTH ROAD,ASQUITH AVENUE,,Minor Crash,No,2006,,East,,0,,Flat,,,,,,Bright sun,527600,1,0,0,4,,,0,,,,,,Auckland Region,Nil,2-way,Sealed,,0,0,,50,,Off,0,0,,76,Auckland,Stop,,,,,0,0,Urban,0,,,Fine,Null
2036056,5710936,18209,,544200,0,0,0,2,0,East,2005/2006,ORMOND ROAD,BULLI ST,,Non-Injury Crash,No,2006,0,West,0,0,0,Flat,0,,0,,0,Bright sun,1377100,0,0,0,2,0,0,0,0,1,,0,1,Gisborne Region,Nil,2-way,Sealed,0,0,0,0,50,0,Null,0,0,,28,Gisborne District,Nil,0,0,0,0,0,0,Urban,0,0,0,Fine,Null
1678331,6116182,18210,,500402,0,0,0,1,1,Null,2005/2006,MATAURI BAY ROAD,HAURIRI ROAD,,Non-Injury Crash,No,2006,0,South,0,0,0,Flat,0,,0,,0,Bright sun,20401,0,0,0,2,0,0,0,0,0,,0,0,Northland Region,Nil,2-way,Sealed,0,0,0,0,100,0,None,0,0,,1,Far North District,Nil,0,0,0,0,0,0,Open,0,0,0,Fine,Null
1881714,5774791,18211,,539400,0,,0,2,,East,2005/2006,CLAYTON ROAD,EDMUND ROAD,,Minor Crash,No,2006,,West,,0,,Flat,,,,,,Dark,1224100,1,0,0,2,,,0,,,,,,Bay of Plenty Region,Nil,2-way,Sealed,,0,0,,50,,On,0,0,,24,Rotorua District,Nil,,,,,0,0,Urban,1,,,Fine,Null
1815984,5812158,18212,80,527131,0,0,0,1,0,North,2005/2006,VICTORIA ROAD,PUKEMOREMORE ROAD,,Minor Crash,No,2006,0,South,0,0,1,Flat,0,,1,,0,Bright sun,957902,1,0,0,2,0,0,0,0,0,,0,0,Waikato Region,Nil,2-way,Sealed,0,0,0,0,100,0,None,0,0,,13,Waikato District,Nil,0,0,0,0,0,0,Open,0,0,0,Fine,Null
1763128,5917188,18213,,516302,0,,0,2,,Null,2006/2007,GRAND DRIVE,GERARD WAY,,Non-Injury Crash,No,2006,,East,,0,,Flat,,,,,,Overcast,462806,0,0,0,2,,,0,,,,,,Auckland Region,Nil,2-way,Sealed,,0,0,,50,,Off,0,0,,76,Auckland,Nil,,,,,0,0,Urban,0,,,Fine,Null
1752335,5930170,18214,,509100,0,,0,1,,South,2005/2006,UPPER HARBOUR DRIVE,ALBANY HIGHWAY,,Non-Injury Crash,No,2006,,East,,0,,Flat,,,,,,Bright sun,181200,0,0,0,3,,,0,,,,,,Auckland Region,Nil,2-way,Sealed,,0,0,,50,,Off,0,0,,76,Auckland,Nil,,,,,1,0,Urban,0,,,Fine,Null
1767318,5902954,18215,,524602,0,,0,1,,Null,2005/2006,KERRS ROAD,DRUCES ROAD,,Minor Crash,No,2006,,East,,0,,Flat,,,,,,Bright sun,780407,1,0,1,2,,,0,,,,,,Auckland Region,Nil,2-way,Sealed,,0,0,,50,,Off,0,0,,76,Auckland,Give way,,,,,0,0,Urban,0,,,Fine,Null
1693792,5676260,18216,,552002,1,,0,1,,Null,2005/2006,SH 3,LEMON ST,,Minor Crash,Yes,2006,,North,,0,,Flat,,,,,,Overcast,1594900,1,0,0,2,,,0,,,,,,Taranaki Region,Nil,2-way,Sealed,,0,0,,50,,Null,0,0,,33,New Plymouth District,Stop,,,,,0,0,Urban,0,,,Fine,Null
1790202,5828145,18217,,528200,0,0,0,0,0,North,2006/2007,GREAT SOUTH ROAD,NORTH ST,,Non-Injury Crash,No,2006,0,North,0,0,0,Flat,0,,0,,0,Dark,858100,0,0,0,2,0,0,0,0,0,,0,1,Waikato Region,Nil,2-way,Sealed,0,0,0,0,70,0,On,0,0,,13,Waikato District,Nil,0,0,0,0,0,0,Urban,1,0,0,Light rain,Null
1745767,5913948,18218,,511001,0,,0,2,,West,2008/2009,WEST COAST ROAD,WAIKAUKAU ROAD,,Non-Injury Crash,No,2009,,West,,0,,Flat,,,,,,Dark,282400,0,0,0,2,,,0,,,,,,Auckland Region,Nil,2-way,Sealed,,0,0,,50,,On,0,0,,76,Auckland,Nil,,,,,0,0,Urban,0,,,Fine,Null
1766171,5907589,18219,,522301,0,0,0,1,0,Null,2005/2006,SH 1N,OTARA OFF NBD,,Non-Injury Crash,Yes,2006,0,North,0,0,0,Flat,1,,0,,0,Overcast,666700,0,0,0,2,0,0,0,0,0,,0,0,Auckland Region,Motorway ramp,1-way,Sealed,0,0,0,0,100,0,Off,0,0,,76,Auckland,Nil,0,0,0,0,0,0,Open,0,0,0,Fine,Null
1771919,5913052,18220,,523102,1,,0,1,,Null,2006/2007,MEADOWLAND DRIVE,CLYDESDALE AVENUE,,Minor Crash,No,2006,,East,,0,,Flat,,,,,,Dark,711023,1,0,0,2,,,0,,,,,,Auckland Region,Nil,2-way,Sealed,,0,0,,50,,On,0,0,,76,Auckland,Nil,,,,,0,0,Urban,0,,,Light rain,Null
1759599,5915562,18221,,519200,0,0,0,1,0,West,2005/2006,GREEN LANE WEST,WHETURANGI ROAD,,Minor Crash,No,2006,0,East,0,0,0,Flat,0,,0,,0,Dark,616402,2,0,0,4,0,0,0,0,0,,0,0,Auckland Region,Nil,2-way,Sealed,0,0,0,0,50,0,On,0,0,,76,Auckland,Traffic Signals,0,1,0,0,0,0,Urban,0,0,0,Fine,Null
1801438,5813426,18222,,529100,0,0,0,1,0,South,2006/2007,SH 1N,COBHAM DRIVE,,Non-Injury Crash,Yes,2006,0,North,0,0,0,Flat,0,,0,,0,Dark,932400,0,0,0,4,0,0,0,0,0,,0,0,Waikato Region,Nil,2-way,Sealed,0,0,0,0,60,0,On,0,0,,16,Hamilton City,Unknown,1,0,0,1,0,0,Urban,0,0,0,Fine,Null
1751623,5913364,18223,,514600,0,,0,3,,Null,2006/2007,BLOCKHOUSE BAY ROAD,MACLAURIN ST,,Non-Injury Crash,No,2006,,North,,0,,Hill Road,,,,,,Twilight,372400,0,0,0,2,,,0,,,,,,Auckland Region,Nil,2-way,Sealed,,0,0,,50,,Off,0,0,,76,Auckland,Nil,,,,,0,0,Urban,0,,,Fine,Null
1748980,5424883,18224,,576400,0,,0,1,,Null,2006/2007,RIDDIFORD ST,CONSTABLE ST,,Serious Crash,No,2006,,South,,0,,Flat,,,,,,Dark,2168400,0,0,1,3,,,0,,,,,,Wellington Region,Nil,2-way,Sealed,,0,1,,50,,On,0,0,,47,Wellington City,Traffic Signals,,,,,0,0,Urban,0,,,Fine,Null
1769882,5899626,18225,,523920,0,0,0,2,0,North,2006/2007,SH 1N,TAKANINI ON NBD,,Minor Crash,Yes,2006,0,North,0,0,0,Flat,0,Christmas New Year,0,,0,Dark,767921,3,0,0,2,0,0,0,0,0,,0,0,Auckland Region,Bridge,1-way,Sealed,0,0,0,0,100,0,On,0,0,,76,Auckland,Nil,0,0,0,0,0,0,Open,0,1,0,Fine,Null
1764845,5908363,18226,,523404,0,0,0,3,0,North,2006/2007,GREAT SOUTH ROAD,BAIRDS ROAD,,Minor Crash,No,2006,0,South,0,0,0,Flat,0,,0,,0,Dark,696701,1,0,0,4,0,0,0,0,1,1,0,0,Auckland Region,Nil,2-way,Sealed,0,0,0,0,50,0,On,0,0,,76,Auckland,Nil,0,0,0,0,0,0,Urban,0,0,0,Fine,Null
1673128,6081229,18227,,501700,0,0,0,1,0,Null,2005/2006,SH 15,RECREATION ROAD,,Non-Injury Crash,Yes,2006,0,North,0,0,1,Flat,0,,0,,0,Bright sun,43600,0,0,0,2,0,0,0,0,0,,0,0,Northland Region,Nil,2-way,Sealed,0,0,0,0,50,0,Off,1,0,,1,Far North District,Give way,0,0,0,0,0,0,Urban,0,0,0,Fine,Null
1881763,5828514,18228,,536810,0,0,0,2,0,South,2005/2006,VALLEY ROAD,BAIN ST,,Non-Injury Crash,No,2006,0,South,0,0,0,Flat,0,,0,,0,Dark,1196700,0,0,0,2,0,0,0,0,1,,0,0,Bay of Plenty Region,Nil,2-way,Sealed,0,0,0,0,50,0,On,0,0,,23,Tauranga City,Unknown,0,0,0,0,0,0,Urban,0,0,0,Fine,Null
1748304,5421598,18229,,576002,1,,0,1,,Null,2006/2007,THE ESPLANADE,REEF ST,,Serious Crash,No,2006,,North,,0,,Flat,,,,,,Dark,2189700,0,0,0,2,,,0,,,,,,Wellington Region,Nil,2-way,Sealed,,0,1,,50,,On,0,0,,47,Wellington City,Nil,,,,,0,0,Urban,0,,,Fine,Null
1782398,5894773,18230,65,521132,0,0,0,1,0,Null,2005/2006,HUNUA ROAD,HEALD ROAD,,Minor Crash,No,2006,0,South,0,0,1,Hill Road,0,,0,,0,Overcast,816305,1,0,0,2,0,0,0,0,0,,0,0,Auckland Region,Nil,2-way,Sealed,0,0,0,0,100,0,None,0,0,,76,Auckland,Nil,0,0,0,1,0,0,Open,0,0,0,Light rain,Null
1759601,5917732,18231,,516102,0,0,0,1,0,East,2005/2006,BELL ROAD,CROCUS PLACE,,Non-Injury Crash,No,2006,0,South,0,0,1,Hill Road,0,,0,,0,Dark,484000,0,0,0,2,0,0,0,0,0,,0,0,Auckland Region,Nil,2-way,Sealed,0,0,0,0,50,0,On,0,0,,76,Auckland,Nil,0,1,0,1,0,0,Urban,0,0,0,Fine,Null
1887277,5772775,18232,,538732,0,,0,1,,East,2006/2007,SH 30,TARAWERA ROAD,,Non-Injury Crash,Yes,2006,,East,,0,,Flat,,,,,,Overcast,1255600,0,0,0,3,,,0,,,,,,Bay of Plenty Region,Nil,2-way,Sealed,,0,0,,60,,Off,1,0,,24,Rotorua District,Nil,,,,,0,0,Urban,0,,,Fine,Null
1756487,5926307,18233,,509702,0,0,0,2,0,North,2005/2006,AKORANGA DRIVE,COLLEGE ROAD,,Minor Crash,No,2006,0,North,0,0,0,Flat,0,,0,,0,Dark,364602,1,0,0,2,0,0,0,0,1,,0,0,Auckland Region,Nil,2-way,Sealed,0,0,0,0,50,0,On,0,0,,76,Auckland,Unknown,0,0,0,0,0,0,Urban,0,0,0,Fine,Null
1756878,5920578,18234,,514102,0,,0,0,,West,2006/2007,VICTORIA ST WEST,NELSON ST,,Minor Crash,No,2006,,West,,0,,Flat,,,,,,Bright sun,432604,1,1,0,4,,,0,,,,,,Auckland Region,Nil,2-way,Sealed,,0,0,,50,,Null,0,0,,76,Auckland,Unknown,,,,,0,0,Urban,0,,,Fine,Null
1800299,5816430,18235,,529700,0,,0,2,,Null,2006/2007,VICTORIA ST,MILL ST,,Non-Injury Crash,No,2006,,East,,0,,Flat,,,,,,Overcast,909302,0,0,0,4,,,0,,,,,,Waikato Region,Nil,1-way,Sealed,,0,0,,50,,Off,0,0,,16,Hamilton City,Traffic Signals,,,,,0,0,Urban,0,,,Heavy rain,Null
1754198,5916958,18236,,517600,0,,0,1,,Null,2005/2006,ST LUKES ROAD,TAYLORS ROAD,,Non-Injury Crash,No,2006,,West,,0,,Flat,,,,,,Overcast,535300,0,0,0,4,,,0,,,,,,Auckland Region,Nil,2-way,Sealed,,0,0,,50,,Off,1,0,,76,Auckland,Give way,,,,,0,0,Urban,0,,,Fine,Null
1798370,5773650,18237,85,531304,0,,0,1,,South,2006/2007,SH 3,ROBERTS ROAD,,Minor Crash,Yes,2006,,North,,0,,Flat,,,,,,Bright sun,1000900,2,0,0,2,,,0,,,,,,Waikato Region,Nil,2-way,Sealed,,0,0,,100,,None,0,0,,18,Ōtorohanga District,Nil,,,,,0,0,Open,0,,,Fine,Null
1802411,5814726,18238,,530200,0,0,0,3,0,Null,2005/2006,NIXON ST,COOK ST,,Minor Crash,No,2006,0,East,0,0,0,Flat,0,Easter,0,,0,Overcast,893300,2,0,0,2,0,0,0,0,1,,0,1,Waikato Region,Nil,2-way,Sealed,0,0,0,0,50,0,Null,0,0,,16,Hamilton City,Give way,0,0,0,1,0,0,Urban,0,0,0,Fine,Null
1761187,5914937,18239,,520201,0,,0,2,,Null,2005/2006,MAIN HIGHWAY,LADIES MILE,,Non-Injury Crash,No,2006,,East,,0,,Flat,,,,,,Overcast,611200,0,0,0,2,,,0,,,,,,Auckland Region,Nil,2-way,Sealed,,0,0,,50,,None,0,0,,76,Auckland,Stop,,,,,0,0,Urban,0,,,Heavy rain,Null
1759619,5906338,18240,,524200,0,,0,2,,Null,2005/2006,JORDAN ROAD,KIRKBRIDE ROAD,,Non-Injury Crash,No,2006,,South,,0,,Flat,,,,,,Twilight,727901,0,0,0,2,,,0,,,,,,Auckland Region,Nil,2-way,Sealed,,0,0,,50,,Off,0,0,,76,Auckland,Nil,,,,,0,0,Urban,0,,,Fine,Null
1818713,5544272,18241,,560730,0,,0,2,,Null,2005/2006,SH 54,DENBIGH ST,,Minor Crash,Yes,2006,,South,,0,,Flat,,,,,,Twilight,1764800,1,0,0,4,,,0,,,,,,Manawatū-Whanganui Region,Nil,2-way,Sealed,,0,0,,50,,Off,0,0,,39,Manawatu District,Give way,,,,,0,0,Urban,0,,,Fine,Null
1735575,5919599,18242,,513702,0,,0,0,,Null,2006/2007,BETHELLS ROAD,STEAM HAULER TRACK E,,Non-Injury Crash,No,2006,,West,,0,,Hill Road,,,,,,Bright sun,237206,0,0,0,2,,,0,,,,,,Auckland Region,Nil,2-way,Sealed,,0,0,,100,,None,1,0,,76,Auckland,Give way,,,,,0,0,Open,1,,,Mist or Fog,Null
1882387,5771152,18243,,540000,0,0,0,1,0,Null,2005/2006,RANIERA PLACE,UTUHINA ROAD,,Non-Injury Crash,No,2006,0,North,0,0,0,Hill Road,0,,1,,0,Dark,1245101,0,0,0,2,0,0,0,0,0,,0,0,Bay of Plenty Region,Nil,2-way,Sealed,0,0,0,0,50,0,On,0,0,,24,Rotorua District,Nil,0,0,0,0,0,0,Urban,0,0,0,Fine,Null
1756853,5920390,18244,,514102,0,,0,2,,Null,2006/2007,WELLESLEY ST WEST,NELSON ST,,Non-Injury Crash,No,2006,,North,,0,,Flat,,,,,,Dark,432700,0,0,0,5,,,0,,,,,,Auckland Region,Nil,2-way,Sealed,,0,0,,50,,On,0,0,,76,Auckland,Traffic Signals,,,,,0,0,Urban,0,,,Light rain,Null
1876558,5818581,18245,,537601,0,0,0,1,0,West,2005/2006,SH 29,OROPI ROAD,,Non-Injury Crash,Yes,2006,0,East,0,0,0,Flat,0,,0,,0,Bright sun,1177500,0,0,0,2,0,0,0,0,0,,0,0,Bay of Plenty Region,Nil,2-way,Sealed,0,0,0,0,100,0,Null,0,0,,23,Tauranga City,Unknown,0,1,0,0,0,0,Open,0,0,0,Fine,Null
1756466,5919997,18246,,514000,0,0,0,1,0,Null,2006/2007,WELLINGTON ON NBD,WELLINGTON ST,,Non-Injury Crash,Yes,2006,0,North,0,0,0,Flat,1,,0,,0,Dark,417400,0,0,0,1,0,0,0,0,0,,0,0,Auckland Region,Motorway ramp,1-way,Sealed,0,0,0,0,100,0,On,0,0,,76,Auckland,Nil,0,0,0,0,0,0,Open,0,0,0,Fine,Null
1752790,5918124,18247,,515002,0,,0,2,,East,2005/2006,SH 16,CARRINGTON OBR,,Non-Injury Crash,Yes,2006,,East,,0,,Flat,,,,,,Bright sun,390501,0,0,0,3,,,0,,,,,,Auckland Region,Nil,1-way,Sealed,,0,0,,100,,Off,0,0,,76,Auckland,Nil,,,,,0,0,Open,0,,,Fine,Null
1883171,5772758,18248,,539900,0,0,0,2,0,East,2006/2007,SHERRIFF ST,PUKEKO ST,,Non-Injury Crash,No,2006,0,East,0,0,0,Flat,0,,0,,0,Dark,1237800,0,0,0,2,0,0,0,0,1,,0,0,Bay of Plenty Region,Nil,2-way,Sealed,0,0,0,0,50,0,On,0,0,,24,Rotorua District,Nil,0,0,0,0,0,0,Urban,0,0,0,Light rain,Null
1757008,5920331,18249,,514102,0,0,1,1,0,East,2006/2007,WELLESLEY ST WEST,HOBSON ST,,Non-Injury Crash,No,2006,0,East,0,0,0,Hill Road,0,,0,,0,Dark,434200,0,0,0,2,0,0,0,0,1,,0,0,Auckland Region,Nil,2-way,Sealed,0,0,0,0,50,0,On,0,0,,76,Auckland,Traffic Signals,0,0,0,0,0,0,Urban,0,0,0,Fine,Null