X,Y,OBJECTID,advisorySpeed,areaUnitID,bicycle,bridge,bus,carStationWagon,cliffBank,crashDirectionDescription,crashFinancialYear,crashLocation1,crashLocation2,crashRoadSideRoad,crashSeverity,crashSHDescription,crashYear,debris,directionRoleDescription,ditch,fatalCount,fence,flatHill,guardRail,holiday,houseOrBuilding,intersection,kerb,light,meshblockId,minorInjuryCount,moped,motorcycle,NumberOfLanes,objectThrownOrDropped,otherObject,otherVehicleType,overBank,parkedVehicle,pedestrian,phoneBoxEtc,postOrPole,region,roadCharacter,roadLane,roadSurface,roadworks,schoolBus,seriousInjuryCount,slipOrFlood,speedLimit,strayAnimal,streetLight,suv,taxi,temporarySpeedLimit,tlaId,tlaName,trafficControl,trafficIsland,trafficSign,train,tree,truck,unknownVehicleType,urban,vanOrUtility,vehicle,waterRiver,weatherA,weatherB
1774146,5896529,18250,,525620,0,,0,1,,Null,2005/2006,KELVIN ROAD,SHEEHAN AVENUE,,Non-Injury Crash,No,2006,,South,,0,,Flat,,,,,,Bright sun,798200,0,0,0,2,,,0,,,,,,Auckland Region,Nil,2-way,Sealed,,0,0,,50,,Off,0,0,,76,Auckland,Nil,,,,,0,0,Urban,1,,,Fine,Null
1856700,5865380,18251,,534200,0,,0,0,,North,2006/2007,SH 25,GOLDEN VALLEY ROAD,,Minor Crash,Yes,2006,,North,,0,,Hill Road,,,,,,Bright sun,1082710,1,0,1,2,,,0,,,,,,Waikato Region,Nil,2-way,Sealed,,0,0,,100,,Null,1,0,,12,Hauraki District,Nil,,,,,0,0,Open,0,,,Fine,Null
1283629,4877667,18252,75,610033,0,0,0,1,1,East,2005/2006,SH 93,WADDLE ROAD,,Minor Crash,Yes,2006,0,East,0,0,0,Hill Road,0,,0,,0,Bright sun,3054000,2,0,0,2,0,0,0,0,0,,0,0,Southland Region,Nil,2-way,Sealed,0,0,0,0,100,0,Null,0,0,,74,Gore District,Unknown,0,0,0,0,0,0,Open,0,0,0,Fine,Strong wind
1756012,5921087,18253,,515202,0,,0,2,,North,2006/2007,SH 1N,FANSHAWE OFF SBD,,Non-Injury Crash,Yes,2006,,South,,0,,Flat,,,,,,Bright sun,425600,0,0,0,4,,,0,,,,,,Auckland Region,Nil,2-way,Sealed,,0,0,,80,,Off,0,0,,76,Auckland,Nil,,,,,0,0,Open,1,,,Fine,Null
1461035,5266466,18254,65,585314,0,0,0,1,0,East,2006/2007,SH 73,GRAHAMS CRK BR,,Serious Crash,Yes,2006,0,West,0,0,1,Hill Road,0,Christmas New Year,0,,0,Overcast,2422600,0,0,0,2,0,0,0,0,0,,0,0,West Coast Region,Nil,2-way,Sealed,0,0,1,0,100,0,Null,0,0,,57,Westland District,Unknown,0,0,0,0,0,0,Open,0,0,0,Fine,Null
1752127,5434071,18255,,573903,0,,0,2,,East,2006/2007,NEWLANDS ROAD,NEWLANDS ON SBD,,Minor Crash,No,2006,,West,,0,,Hill Road,,,,,,Overcast,2075103,1,0,0,2,,,0,,,,,,Wellington Region,Nil,2-way,Sealed,,0,0,,50,,Null,0,0,,47,Wellington City,Nil,,,,,0,0,Urban,0,,,Fine,Null
1773626,5898601,18256,,523912,0,,0,1,,Null,2005/2006,COSGRAVE ROAD,WALTERS ROAD,,Non-Injury Crash,No,2006,,North,,0,,Flat,,Queens Birthday,,,,Dark,765500,0,0,0,2,,,0,,,,,,Auckland Region,Nil,2-way,Sealed,,0,0,,100,,On,0,0,,76,Auckland,Stop,,,,,0,0,Open,0,,,Fine,Null
1764236,5909865,18257,,521901,0,,1,1,,Null,2006/2007,AVENUE ROAD,ATKINSON AVENUE,,Minor Crash,No,2006,,North,,0,,Flat,,,,,,Overcast,784000,1,0,0,6,,,0,,,,,,Auckland Region,Nil,2-way,Sealed,,0,0,,50,,Null,0,0,,76,Auckland,Traffic Signals,,,,,0,0,Urban,1,,,Light rain,Null
1755109,5443719,18258,,570900,0,0,0,1,1,East,2005/2006,ARAWHATA ST,AWATEA ST,,Minor Crash,No,2006,0,East,0,0,0,Hill Road,0,,0,,0,Dark,2054300,1,0,0,2,0,0,0,0,0,,0,0,Wellington Region,Nil,2-way,Sealed,0,0,0,0,50,0,On,0,0,,44,Porirua City,Nil,0,0,0,0,0,0,Urban,0,0,0,Light rain,Null
1765447,5916922,18259,,517001,0,,0,1,,North,2006/2007,LINE ROAD,POINT ENGLAND ROAD,,Non-Injury Crash,No,2006,,North,,0,,Flat,,,,,,Bright sun,476100,0,0,0,2,,,0,,,,,,Auckland Region,Nil,2-way,Sealed,,0,0,,50,,Null,0,0,,76,Auckland,Unknown,,,,,0,0,Urban,1,,,Fine,Null
1805699,5668855,18260,,532601,0,0,0,1,1,South,2005/2006,SH 4,MANSONS SIDING ROAD,,Minor Crash,Yes,2006,0,North,1,0,0,Hill Road,0,,0,,0,Dark,1024300,1,0,0,2,0,0,0,0,0,,0,0,Manawatū-Whanganui Region,Nil,2-way,Sealed,0,0,0,0,100,0,None,0,0,,36,Ruapehu District,Nil,0,0,0,0,0,0,Open,0,0,0,Fine,Null
1749463,5957684,18261,,506613,0,,0,1,,North,2006/2007,SH 1N,PUHOI RIV BR,,Minor Crash,Yes,2006,,North,,0,,Flat,,,,,,Overcast,147106,1,0,0,2,,,0,,,,,,Auckland Region,Nil,2-way,Sealed,,0,0,,100,,Off,0,0,,76,Auckland,Nil,,,,,1,0,Open,0,,,Fine,Null
1763811,5912978,18262,,520402,0,,0,2,,Null,2005/2006,MOUNT WELLINGTON HIGHWAY,ARANUI ROAD,,Non-Injury Crash,No,2006,,North,,0,,Flat,,,,,,Bright sun,641502,0,0,0,3,,,0,,,,,,Auckland Region,Nil,2-way,Sealed,,0,0,,50,,Off,0,0,,76,Auckland,Traffic Signals,,,,,0,0,Urban,0,,,Fine,Null
1751574,5916595,18263,,514900,0,,0,1,,South,2006/2007,GREAT NORTH ROAD,FAIRLANDS AVENUE,,Non-Injury Crash,No,2006,,North,,0,,Flat,,,,,,Bright sun,384902,0,0,0,4,,,0,,,,,,Auckland Region,Nil,2-way,Sealed,,0,0,,50,,Off,0,0,,76,Auckland,Nil,,,,,1,0,Urban,0,,,Fine,Null
1763031,5913804,18264,,520401,0,0,0,1,0,East,2006/2007,PENROSE ROAD,PANORAMA ROAD,,Minor Crash,No,2006,0,East,0,0,0,Flat,0,,0,,0,Dark,642802,1,0,0,2,0,0,0,0,0,,0,1,Auckland Region,Nil,2-way,Sealed,0,0,0,0,50,0,On,0,0,,76,Auckland,Nil,0,0,0,0,0,0,Urban,0,0,0,Fine,Null
1802176,5813433,18265,35,530300,0,0,0,1,0,West,2005/2006,SH 1N,GREY ST,,Non-Injury Crash,Yes,2006,0,West,0,0,0,Flat,0,,0,,0,Dark,881700,0,0,0,2,0,0,0,0,0,,0,1,Waikato Region,Nil,2-way,Sealed,0,0,0,0,100,0,On,0,0,,16,Hamilton City,Unknown,0,0,0,0,0,0,Open,0,0,0,Fine,Null
1908276,5675014,18266,,545911,0,0,0,0,0,North,2005/2006,SH 5,TARAWERA TAV,,Non-Injury Crash,Yes,2006,0,East,0,0,0,Hill Road,1,,0,,0,Overcast,1281200,0,0,0,2,0,0,0,0,0,,0,0,Hawke's Bay Region,Nil,2-way,Sealed,0,0,0,0,100,0,Null,0,0,,30,Hastings District,Nil,0,0,0,0,1,0,Open,0,0,0,Light rain,Null
1879122,5821475,18267,,538102,0,0,0,1,0,Null,2005/2006,SH 2A,TURRET ROAD,,Minor Crash,Yes,2006,0,South,0,0,0,Flat,0,,0,,0,Bright sun,1168501,1,0,0,2,0,0,0,1,0,,0,0,Bay of Plenty Region,Nil,2-way,Sealed,0,0,0,0,50,0,Null,0,0,,23,Tauranga City,Give way,0,1,0,0,0,0,Urban,0,0,0,Fine,Null
1719651,6046825,18268,,502800,0,,0,2,,West,2006/2007,MANSE ST,BANK ST,,Non-Injury Crash,No,2006,,East,,0,,Flat,,,,,,Overcast,96400,0,0,0,2,,,0,,,,,,Northland Region,Nil,2-way,Sealed,,0,0,,50,,Off,0,0,,2,Whangarei District,Traffic Signals,,,,,0,0,Urban,0,,,Fine,Null
1754621,5912486,18269,,519002,0,,1,1,,South,2006/2007,DOMINION ROAD,RICHARDSON ROAD,,Non-Injury Crash,No,2006,,South,,0,,Flat,,,,,,Overcast,589400,0,0,0,3,,,0,,,,,,Auckland Region,Nil,2-way,Sealed,,0,0,,50,,Off,0,0,,76,Auckland,Nil,,,,,0,0,Urban,0,,,Fine,Null
1949079,5768759,18270,,542562,0,0,0,1,0,North,2006/2007,NGAHINA ROAD,NO 8 ROAD,,Non-Injury Crash,No,2006,0,North,0,0,0,Flat,0,,0,,0,Dark,1302600,0,0,0,2,0,0,0,0,0,,0,0,Bay of Plenty Region,Nil,2-way,Sealed,0,0,0,0,100,0,None,0,0,,25,Whakatane District,Nil,0,0,0,0,0,0,Open,0,0,0,Fine,Null
1760302,5912738,18271,,520000,0,0,0,1,0,Null,2006/2007,CAPTAIN SPRINGS ROAD,MAYS ROAD,,Non-Injury Crash,No,2006,0,East,0,0,0,Flat,0,,0,,0,Bright sun,606600,0,0,0,2,0,0,0,0,0,,0,0,Auckland Region,Nil,2-way,Sealed,0,0,0,0,50,0,Off,0,0,,76,Auckland,Stop,1,1,0,0,0,0,Urban,0,0,0,Fine,Null
1873745,5710331,18272,,541313,1,,0,1,,West,2005/2006,SH 5,CAROLINE DRIVE,,Minor Crash,Yes,2006,,East,,0,,Flat,,,,,,Bright sun,1280009,1,0,0,2,,,0,,,,,,Waikato Region,Nil,2-way,Sealed,,0,0,,100,,Null,0,0,,21,Taupo District,Unknown,,,,,0,0,Open,0,,,Fine,Null
1765601,5908354,18273,,523403,0,0,0,2,0,Null,2006/2007,WYMONDLEY ROAD,LAXON AVENUE,,Non-Injury Crash,No,2006,0,East,0,0,1,Flat,0,,0,,0,Bright sun,696600,0,0,0,2,0,0,0,0,0,,0,0,Auckland Region,Nil,2-way,Sealed,0,0,0,0,50,0,None,0,0,,76,Auckland,Give way,0,0,0,0,0,0,Urban,0,0,0,Fine,Null
1872535,5822950,18274,,536620,0,,0,2,,West,2005/2006,SH 2,TE PUNA STATION ROAD,,Non-Injury Crash,Yes,2006,,East,,0,,Flat,,,,,,Overcast,1189602,0,0,0,2,,,0,,,,,,Bay of Plenty Region,Nil,2-way,Sealed,,0,0,,100,,Null,0,0,,22,Western Bay of Plenty District,Unknown,,,,,0,0,Open,0,,,Fine,Null
1765894,5919133,18275,,516800,0,0,0,2,0,South,2005/2006,MASKELL ST,ST HELIERS BAY ROAD,,Non-Injury Crash,No,2006,0,East,0,0,0,Hill Road,0,,0,,0,Dark,513000,0,0,0,2,0,0,0,0,0,,0,0,Auckland Region,Nil,2-way,Sealed,0,0,0,0,50,0,On,0,0,,76,Auckland,Nil,0,0,0,0,0,0,Urban,0,1,0,Light rain,Null
1877278,5821584,18276,,538101,0,,0,3,,South,2005/2006,CAMERON ROAD,TWENTYFIRST AVENUE,,Non-Injury Crash,No,2006,,North,,0,,Flat,,,,,,Bright sun,1169700,0,0,0,2,,,0,,,,,,Bay of Plenty Region,Nil,2-way,Sealed,,0,0,,50,,Null,0,0,,23,Tauranga City,Unknown,,,,,0,0,Urban,0,,,Fine,Null
1742910,5921420,18277,,513631,0,,0,2,,West,2005/2006,DON BUCK ROAD,GALLONY AVENUE,,Non-Injury Crash,No,2006,,West,,0,,Flat,,,,,,Overcast,227101,0,0,0,2,,,0,,,,,,Auckland Region,Nil,2-way,Sealed,,0,0,,50,,Off,0,0,,76,Auckland,Nil,,,,,0,0,Urban,0,,,Fine,Null
1572014,5170592,18278,,596400,0,,0,2,,North,2006/2007,DYERS PASS ROAD,GOVERNORS BAY ROAD,,Serious Crash,No,2006,,South,,0,,Hill Road,,,,,,Dark,2711400,2,0,0,2,,,0,,,,,,Canterbury Region,Nil,2-way,Sealed,,0,1,,100,,None,0,0,,60,Christchurch City,Unknown,,,,,0,0,Open,0,,,Fine,Null
1757227,5920482,18279,,514102,0,,0,2,,Null,2005/2006,ALBERT ST,VICTORIA ST WEST,,Minor Crash,No,2006,,West,,0,,Flat,,,,,,Bright sun,433401,1,0,0,4,,,0,,,,,,Auckland Region,Nil,2-way,Sealed,,0,0,,50,,Off,0,0,,76,Auckland,Traffic Signals,,,,,0,0,Urban,0,,,Fine,Null
1723984,5603788,18280,,554400,0,0,0,1,0,East,2006/2007,SH 3,GARSED ROAD,,Serious Crash,Yes,2006,0,South,0,0,1,Hill Road,0,,0,,0,Overcast,1665500,0,0,0,2,0,0,0,0,0,,0,0,Taranaki Region,Nil,2-way,Sealed,0,0,1,0,100,0,Null,0,0,,35,South Taranaki District,Nil,0,0,0,0,0,0,Open,0,0,0,Light rain,Null
2038585,5707095,18281,,544801,0,,0,1,,Null,2006/2007,OXFORD ST,RANFURLY ST,,Minor Crash,No,2006,,North,,0,,Flat,,,,,,Overcast,1386400,1,0,0,2,,,0,,,1,,,Gisborne Region,Nil,2-way,Sealed,,0,0,,50,,Null,0,0,,28,Gisborne District,Nil,,,,,0,0,Urban,0,,,Fine,Null
1759685,5924899,18282,,508110,0,,0,2,,Null,2006/2007,LAKE ROAD,BAYSWATER AVENUE,,Minor Crash,No,2006,,North,,0,,Hill Road,,,,,,Bright sun,317900,1,0,0,4,,,0,,,,,,Auckland Region,Nil,2-way,Sealed,,0,0,,50,,Off,0,0,,76,Auckland,Traffic Signals,,,,,0,0,Urban,0,,,Fine,Null
1832620,5884663,18283,,533603,0,0,0,1,0,North,2005/2006,SH 25A,SH 26,,Non-Injury Crash,Yes,2006,0,North,0,0,0,Flat,0,,0,,0,Overcast,1057401,0,0,0,2,0,0,0,0,0,,0,0,Waikato Region,Nil,2-way,Sealed,0,0,0,0,100,0,Null,0,0,,11,Thames-Coromandel District,Unknown,0,0,0,1,0,0,Open,0,0,0,Heavy rain,Null
1794516,5833856,18284,,527123,0,,0,2,,Null,2005/2006,SH 1N,GORDONTON ROAD,,Non-Injury Crash,Yes,2006,,South,,0,,Flat,,,,,,Bright sun,951001,0,0,0,2,,,0,,,,,,Waikato Region,Nil,2-way,Sealed,,0,0,,70,,Null,0,0,,13,Waikato District,Stop,,,,,0,0,Urban,0,,,Fine,Null
1767430,5904936,18285,,524603,0,,0,0,,Null,2005/2006,GREAT SOUTH ROAD,TE IRIRANGI DRIVE,,Serious Crash,No,2006,,East,,0,,Flat,,,,,,Bright sun,780304,0,0,0,4,,,0,,,1,,,Auckland Region,Nil,2-way,Sealed,,0,1,,50,,Null,0,0,,76,Auckland,Traffic Signals,,,,,1,0,Urban,0,,,Fine,Null
1394280,4909301,18286,,602000,0,,0,0,,West,2005/2006,BRIGHTON ROAD,CREAMERY ROAD,,Serious Crash,No,2006,,West,,0,,Flat,,,,,,Dark,2973400,0,0,1,2,,,0,,,,,,Otago Region,Nil,2-way,Sealed,,0,1,,50,,On,0,0,,71,Dunedin City,Unknown,,,,,0,0,Urban,1,,,Fine,Null
1885860,5721844,18287,,541344,0,0,0,1,1,East,2005/2006,BROADLANDS ROAD,WHITE ROAD,,Minor Crash,No,2006,0,South,0,0,0,Flat,0,,0,,0,Bright sun,1261603,1,0,0,2,0,0,0,0,0,,0,0,Waikato Region,Nil,2-way,Sealed,0,0,0,0,100,0,Null,0,0,,21,Taupo District,Unknown,0,0,0,0,0,0,Open,0,0,0,Fine,Null
1707316,5635284,18288,,553500,0,,0,1,,East,2005/2006,ELTHAM ROAD,HASTINGS ROAD,,Minor Crash,No,2006,,West,,0,,Flat,,,,,,Overcast,1638600,1,0,0,2,,,1,,,,,,Taranaki Region,Nil,2-way,Sealed,,0,0,,100,,Null,0,0,,35,South Taranaki District,Nil,,,,,0,0,Open,0,,,Heavy rain,Null
1757758,5425155,18289,,570300,0,0,0,1,0,South,2005/2006,MURITAI ROAD,TAWA ST,,Serious Crash,No,2006,0,North,0,0,0,Flat,0,,0,,0,Overcast,1985800,0,0,0,2,0,0,0,0,0,,0,1,Wellington Region,Nil,2-way,Sealed,0,0,1,0,50,0,Null,0,0,,46,Lower Hutt City,Nil,0,0,0,0,0,0,Urban,0,0,0,Fine,Null
1953502,5790656,18290,,541900,0,0,0,0,1,East,2006/2007,OHOPE ROAD,OTARAWAIRERE ROAD,,Minor Crash,No,2006,0,East,0,0,0,Hill Road,0,,0,,0,Dark,1294102,1,0,1,3,0,0,0,0,0,,0,0,Bay of Plenty Region,Nil,2-way,Sealed,0,0,0,0,100,0,None,0,0,,25,Whakatane District,Nil,0,0,0,0,0,0,Open,0,0,0,Fine,Null
1767111,5905525,18291,,524603,0,,0,1,,Null,2006/2007,GREAT SOUTH ROAD,PUHINUI ROAD,,Non-Injury Crash,No,2006,,East,,0,,Flat,,,,,,Twilight,780205,0,0,0,4,,,0,,,,,,Auckland Region,Nil,2-way,Sealed,,0,0,,50,,On,1,0,,76,Auckland,Traffic Signals,,,,,0,0,Urban,0,,,Fine,Null
1690934,5675512,18292,,551501,0,,0,1,,Null,2006/2007,SH 45,CALVERT ROAD,,Minor Crash,Yes,2006,,West,,0,,Flat,,,,,,Overcast,1581200,1,0,0,2,,,0,,,,,,Taranaki Region,Nil,2-way,Sealed,,0,0,,50,,Null,0,0,,33,New Plymouth District,Nil,,,,,0,0,Urban,1,,,Fine,Null
1803932,5789737,18293,,531004,0,0,0,2,0,South,2005/2006,FRASER ST,ELIZABETH AVENUE,,Non-Injury Crash,No,2006,0,South,0,0,0,Flat,0,,0,,0,Dark,974300,0,0,0,2,0,0,0,0,1,,0,0,Waikato Region,Nil,2-way,Sealed,0,0,0,0,50,0,On,0,0,,17,Waipa District,Unknown,0,0,0,0,0,0,Urban,0,0,0,Fine,Null
1402920,4914641,18294,,604130,0,,0,2,,Null,2005/2006,KAIKORAI VALLEY ROAD,TOWNLEYS ROAD,,Minor Crash,No,2006,,South,,0,,Flat,,,,,,Overcast,2916900,1,0,0,2,,,0,,,,,,Otago Region,Nil,2-way,Sealed,,0,0,,70,,Null,0,0,,71,Dunedin City,Nil,,,,,0,0,Urban,0,,,Fine,Null
1758234,5916426,18295,,519200,0,,0,2,,North,2005/2006,MANUKAU ROAD,RANFURLY ROAD,,Non-Injury Crash,No,2006,,North,,0,,Flat,,,,,,Twilight,614801,0,0,0,3,,,0,,,,,,Auckland Region,Nil,2-way,Sealed,,0,0,,50,,On,0,0,,76,Auckland,Nil,,,,,0,0,Urban,0,,,Fine,Null
1768956,5911193,18296,,523112,0,,0,2,,Null,2006/2007,HARRIS ROAD,CRYERS ROAD,,Non-Injury Crash,No,2006,,North,,0,,Flat,,,,,,Bright sun,711404,0,0,0,4,,,0,,,,,,Auckland Region,Nil,2-way,Sealed,,0,0,,50,,Off,0,0,,76,Auckland,Give way,,,,,0,0,Urban,0,,,Fine,Null
1767187,5902025,18297,,524602,0,,0,2,,East,2005/2006,BROWNS ROAD,JELLICOE ROAD,,Non-Injury Crash,No,2006,,West,,0,,Flat,,,,,,Dark,780407,0,0,0,2,,,0,,,,,,Auckland Region,Nil,2-way,Sealed,,0,0,,50,,On,0,0,,76,Auckland,Traffic Signals,,,,,0,0,Urban,0,,,Fine,Null
1263420,4967997,18298,,610020,0,,0,0,,South,2006/2007,SH 6,KENT ST,,Minor Crash,Yes,2006,,South,,0,,Hill Road,,,,,,Overcast,3040602,3,0,0,2,,,0,,,,,,Southland Region,Nil,2-way,Sealed,,0,0,,100,,Null,0,0,,73,Southland District,Unknown,,,,,0,0,Open,2,,,Fine,Frost
1773136,5890527,18299,,521301,0,0,0,2,0,North,2006/2007,GREAT SOUTH ROAD,QUARRY ROAD,,Non-Injury Crash,No,2006,0,South,0,0,0,Flat,0,,0,,0,Dark,809200,0,0,0,2,0,0,0,0,1,,0,0,Auckland Region,Nil,2-way,Sealed,0,0,0,0,100,0,None,0,0,,76,Auckland,Nil,0,0,0,0,0,0,Open,1,1,0,Fine,Null
1778789,5831884,18300,45,526601,0,0,0,1,0,East,2005/2006,WAINGARO ROAD,ROTOWARO ROAD,,Non-Injury Crash,No,2006,0,East,0,0,1,Hill Road,0,,0,,0,Overcast,853000,0,0,0,2,0,0,0,0,0,,0,0,Waikato Region,Nil,2-way,Sealed,0,0,0,0,100,0,Null,0,0,,13,Waikato District,Unknown,0,0,0,0,0,0,Open,0,0,0,Light rain,Null
1740842,5717922,18301,,531710,0,0,0,0,0,South,2006/2007,SH 3,YE OLD MILL ROAD,,Non-Injury Crash,Yes,2006,0,North,1,0,0,Hill Road,0,,0,,0,Overcast,1016900,0,0,0,2,0,0,0,0,0,,0,0,Waikato Region,Nil,2-way,Sealed,0,0,0,0,100,0,None,1,0,,20,Waitomo District,Nil,0,0,0,0,0,0,Open,0,0,0,Heavy rain,Strong wind
1757394,5920440,18302,,514102,0,0,0,1,0,North,2005/2006,QUEEN ST,VICTORIA ST EAST,,Non-Injury Crash,No,2006,0,South,0,0,0,Flat,0,,0,,0,Bright sun,433600,0,0,0,4,0,0,0,0,0,,0,0,Auckland Region,Nil,2-way,Sealed,0,0,0,0,50,0,Off,0,1,,76,Auckland,Nil,0,0,0,0,1,0,Urban,0,1,0,Fine,Null
1756442,5919379,18303,,514102,0,,0,2,,Null,2005/2006,KARANGAHAPE ROAD,HOWE ST,,Non-Injury Crash,No,2006,,East,,0,,Flat,,Easter,,,,Dark,436001,0,0,0,2,,,0,,,,,,Auckland Region,Nil,2-way,Sealed,,0,0,,50,,On,0,0,,76,Auckland,Traffic Signals,,,,,0,0,Urban,0,,,Fine,Null
1740840,5717972,18304,,531710,0,0,0,0,1,South,2005/2006,SH 3,YE OLD MILL ROAD,,Non-Injury Crash,Yes,2006,0,North,0,0,0,Hill Road,0,,0,,0,Dark,1016900,0,0,0,2,0,0,0,0,0,,0,0,Waikato Region,Nil,2-way,Sealed,0,0,0,0,100,0,None,1,0,,20,Waitomo District,Unknown,0,0,0,0,0,0,Open,0,0,0,Mist or Fog,Null
1857487,5804058,18305,55,535231,0,0,0,0,0,South,2006/2007,SH 29,SUMMIT LOOKOUT,,Minor Crash,Yes,2006,0,South,0,0,1,Hill Road,0,,0,,0,Dark,1114500,1,0,0,3,0,0,0,0,0,,0,0,Waikato Region,Nil,2-way,Sealed,0,0,0,0,100,0,None,0,0,,15,Matamata-Piako District,Unknown,0,0,0,0,1,0,Open,0,0,0,Fine,Null
1729974,5940461,18306,,506800,0,0,0,1,0,West,2006/2007,AWAROA ROAD,MIRO ST,,Serious Crash,No,2006,0,East,0,0,0,Flat,0,,0,,1,Bright sun,208400,0,0,0,2,0,0,0,0,0,,0,1,Auckland Region,Nil,2-way,Sealed,0,0,1,0,50,0,Off,0,0,,76,Auckland,Nil,0,0,0,0,0,0,Urban,0,0,0,Fine,Null
1767415,5905935,18307,,522302,0,,0,1,,South,2006/2007,SH 1N,EAST TAMAKI OBR,,Non-Injury Crash,Yes,2006,,North,,0,,Flat,,,,,,Bright sun,670901,0,0,0,3,,,0,,,,,,Auckland Region,Nil,1-way,Sealed,,0,0,,100,,Off,0,0,,76,Auckland,Nil,,,,,1,0,Open,0,,,Fine,Null
1566593,5205567,18308,,586306,0,0,0,1,0,North,2005/2006,CHURCH ST,BLACKETT ST,,Minor Crash,No,2006,0,South,0,0,0,Flat,0,,0,,0,Dark,2443200,2,0,0,2,0,0,0,0,0,1,0,0,Canterbury Region,Nil,2-way,Sealed,0,0,0,0,50,0,On,0,0,,59,Waimakariri District,Unknown,0,0,0,1,0,0,Urban,0,0,0,Fine,Null
1746808,5915289,18309,,511800,0,,0,2,,North,2005/2006,GREAT NORTH ROAD,AWAROA ROAD,,Minor Crash,No,2006,,South,,0,,Hill Road,,,,,,Dark,276400,1,0,0,4,,,0,,,,,,Auckland Region,Nil,2-way,Sealed,,0,0,,50,,On,0,0,,76,Auckland,Nil,,,,,0,0,Urban,0,,,Fine,Null
1808645,5819854,18310,,527125,0,,0,1,,Null,2006/2007,HOLLAND ROAD,SH 1B MARSHMEADOW,,Serious Crash,Yes,2006,,West,,0,,Flat,,,,,,Overcast,955500,0,0,1,2,,,0,,,,,,Waikato Region,Nil,2-way,Sealed,,0,1,,100,,Null,0,0,,13,Waikato District,Give way,,,,,0,0,Open,0,,,Light rain,Null
1752320,5925012,18311,,510401,0,0,0,4,0,South,2006/2007,WAIPA ST,KAURI ROAD,,Minor Crash,No,2006,0,South,0,0,1,Hill Road,0,,0,,0,Overcast,354500,1,0,0,2,0,0,0,0,0,,0,0,Auckland Region,Nil,2-way,Sealed,0,0,0,0,50,0,Off,0,0,,76,Auckland,Nil,0,0,0,0,0,0,Urban,0,0,0,Light rain,Null
1750378,5915857,18312,,514802,0,0,0,2,0,West,2005/2006,RIVERSDALE ROAD,ROSEBANK ROAD,,Minor Crash,No,2006,0,East,0,0,0,Flat,0,,0,,0,Bright sun,386200,1,0,0,2,0,0,0,0,1,,0,0,Auckland Region,Nil,2-way,Sealed,0,0,0,0,50,0,Null,0,0,,76,Auckland,Unknown,0,0,0,0,0,0,Urban,0,0,0,Fine,Null
1631167,6112865,18313,,500202,0,,0,2,,South,2005/2006,SH 1N,FAIRBURN ROAD,,Serious Crash,Yes,2006,,North,,0,,Flat,,,,,,Dark,6300,0,0,0,2,,,0,,,,,,Northland Region,Nil,2-way,Sealed,,0,3,,100,,None,0,0,,1,Far North District,Nil,,,,,0,0,Open,0,,,Heavy rain,Null
1755965,5918571,18314,,515500,0,,0,1,,West,2006/2007,SH 16,NEWTON OBR,,Non-Injury Crash,Yes,2006,,East,,0,,Flat,,,,,,Overcast,418600,0,0,0,4,,,0,,,,,,Auckland Region,Nil,1-way,Sealed,,0,0,,100,,Off,1,0,,76,Auckland,Nil,,,,,0,0,Open,0,,,Fine,Null
1843477,5680530,18315,,541000,0,,0,1,,South,2005/2006,SH 1N,TAUPAHI ROAD S,,Minor Crash,Yes,2006,,South,,0,,Flat,,Easter,,,,Dark,1283900,1,0,0,2,,,0,,,,,,Waikato Region,Nil,2-way,Sealed,,0,0,,100,,None,0,0,,21,Taupo District,Unknown,,,,,0,0,Open,0,,,Light rain,Null
1882941,5772878,18316,,539700,0,1,0,2,0,South,2005/2006,MALFROY ROAD WEST,CLYDE ST,,Minor Crash,No,2006,0,South,0,0,0,Flat,0,,0,,0,Bright sun,1227600,2,0,0,2,0,0,0,0,0,,0,0,Bay of Plenty Region,Bridge,2-way,Sealed,0,0,0,0,50,0,Null,0,0,,24,Rotorua District,Unknown,0,0,0,0,0,0,Urban,0,0,0,Fine,Null
1768804,5910539,18317,,523112,0,,0,1,,Null,2005/2006,HARRIS ROAD,NEALES ROAD,,Non-Injury Crash,No,2006,,North,,0,,Flat,,,,,,Twilight,711500,0,0,0,4,,,0,,,,,,Auckland Region,Nil,2-way,Sealed,,0,0,,80,,Off,0,0,,76,Auckland,Traffic Signals,,,,,0,0,Open,1,,,Fine,Null
1845290,5525574,18318,,550200,0,1,0,0,0,Null,2006/2007,SH 2,NGAWAPURUA BR,,Fatal Crash,Yes,2006,0,East,0,1,0,Flat,0,,0,,0,Bright sun,1542500,0,0,0,2,0,0,0,1,0,,0,0,Manawatū-Whanganui Region,Bridge,2-way,Sealed,0,0,0,0,100,0,Null,1,0,,41,Tararua District,Nil,0,0,0,0,0,0,Open,0,0,0,Fine,Null
1762105,5905998,18319,,524200,0,,0,2,,West,2005/2006,TIDAL ROAD,WAOKAURI PLACE,,Minor Crash,No,2006,,East,,0,,Flat,,,,,,Overcast,728900,1,0,0,2,,,0,,,,,,Auckland Region,Nil,2-way,Sealed,,0,0,,50,,Off,0,0,,76,Auckland,Nil,,,,,0,0,Urban,0,,,Fine,Null