X,Y,OBJECTID,advisorySpeed,areaUnitID,bicycle,bridge,bus,carStationWagon,cliffBank,crashDirectionDescription,crashFinancialYear,crashLocation1,crashLocation2,crashRoadSideRoad,crashSeverity,crashSHDescription,crashYear,debris,directionRoleDescription,ditch,fatalCount,fence,flatHill,guardRail,holiday,houseOrBuilding,intersection,kerb,light,meshblockId,minorInjuryCount,moped,motorcycle,NumberOfLanes,objectThrownOrDropped,otherObject,otherVehicleType,overBank,parkedVehicle,pedestrian,phoneBoxEtc,postOrPole,region,roadCharacter,roadLane,roadSurface,roadworks,schoolBus,seriousInjuryCount,slipOrFlood,speedLimit,strayAnimal,streetLight,suv,taxi,temporarySpeedLimit,tlaId,tlaName,trafficControl,trafficIsland,trafficSign,train,tree,truck,unknownVehicleType,urban,vanOrUtility,vehicle,waterRiver,weatherA,weatherB
1732349,6030838,18320,,501806,0,,0,1,,Null,2005/2006,MARSDEN POINT ROAD,MCEWAN ROAD,,Serious Crash,No,2006,,North,,0,,Flat,,,,,,Dark,79102,1,0,0,2,,,0,,,,,,Northland Region,Nil,2-way,Sealed,,0,1,,100,,On,1,0,,2,Whangarei District,Give way,,,,,0,0,Open,0,,,Light rain,Null
1749467,5427198,18321,,573400,0,0,1,1,0,North,2006/2007,ORIENTAL PARADE,KENT TERRACE,,Minor Crash,No,2006,0,South,0,0,0,Flat,0,,0,,0,Overcast,2138900,1,0,0,3,0,0,0,0,1,,0,0,Wellington Region,Nil,2-way,Sealed,0,0,0,0,50,0,Null,0,0,,47,Wellington City,Nil,0,0,0,0,0,0,Urban,0,0,0,Fine,Null
1759906,5916102,18322,,516002,0,,0,5,,South,2006/2007,SH 1N,GREENLANE OFF SBD,,Non-Injury Crash,Yes,2006,,South,,0,,Flat,,,,,,Dark,492100,0,0,0,3,,,0,,,,,,Auckland Region,Nil,1-way,Sealed,,0,0,,100,,On,0,0,,76,Auckland,Nil,,,,,0,0,Open,0,,,Fine,Null
1801849,5814821,18323,,530200,0,,0,3,,West,2006/2007,CLYDE ST,GREY ST,,Minor Crash,No,2006,,West,,0,,Flat,,,,,,Dark,893000,1,0,0,3,,,0,,,,,,Waikato Region,Nil,2-way,Sealed,,0,0,,50,,On,0,0,,16,Hamilton City,Traffic Signals,,,,,0,0,Urban,0,,,Fine,Null
1684855,6098503,18324,,500900,0,,0,0,,East,2006/2007,KERIKERI ROAD,SH 10,,Minor Crash,No,2006,,West,,0,,Flat,,,,,,Dark,49905,1,0,0,2,,,0,,,,,,Northland Region,Nil,2-way,Sealed,,0,0,,80,,On,0,0,,1,Far North District,Nil,,,,,1,0,Open,0,,,Fine,Null
1819875,5485445,18325,,578401,0,0,0,1,0,North,2005/2006,SH 2,RUAMAHANGA BR,,Minor Crash,Yes,2006,0,South,0,0,0,Hill Road,0,,0,,0,Bright sun,2229002,1,0,0,2,0,0,0,1,0,,0,0,Wellington Region,Nil,2-way,Sealed,0,0,0,0,100,0,Null,0,0,,48,Masterton District,Nil,0,0,0,1,0,0,Open,0,0,0,Fine,Frost
1790657,5827677,18326,,528200,0,0,0,2,0,West,2006/2007,HAVELOCK ROAD,GREAT SOUTH ROAD,,Minor Crash,No,2006,0,South,0,0,1,Hill Road,0,,0,,0,Dark,856800,1,0,0,2,0,0,0,0,1,,0,0,Waikato Region,Rail xing,2-way,Sealed,0,0,0,0,50,0,On,0,0,,13,Waikato District,Nil,0,0,0,1,0,0,Urban,0,0,0,Light rain,Null
1765617,5915915,18327,,517100,0,0,0,1,0,Null,2005/2006,TORINO ST,HINAKI ST,,Non-Injury Crash,No,2006,0,South,0,0,0,Flat,0,,0,,0,Bright sun,479900,0,0,0,2,0,0,0,0,1,,0,0,Auckland Region,Nil,2-way,Sealed,0,0,0,0,50,0,Null,0,0,,76,Auckland,Nil,0,0,0,0,0,0,Urban,1,0,0,Fine,Null
1843589,5674754,18328,,541501,0,0,0,1,0,South,2006/2007,SH 1N,TAUPAHI ROAD N,,Minor Crash,Yes,2006,0,North,0,0,1,Flat,0,,0,,0,Twilight,1288804,1,0,0,2,0,0,0,0,0,,0,0,Waikato Region,Nil,2-way,Sealed,0,0,0,0,100,0,None,0,0,,21,Taupo District,Nil,0,0,0,0,0,0,Open,0,0,0,Fine,Null
1406137,4914426,18329,,604410,1,,0,1,,Null,2006/2007,KING EDWARD ST,MACANDREW ROAD,,Minor Crash,No,2006,,North,,0,,Flat,,,,,,Bright sun,2930500,1,0,0,2,,,0,,,,,,Otago Region,Nil,2-way,Sealed,,0,0,,50,,Null,0,0,,71,Dunedin City,Traffic Signals,,,,,0,0,Urban,0,,,Fine,Null
1775589,5579076,18330,,557700,0,0,0,0,0,Null,2005/2006,SH 4,DUBLIN ST BRIDGE,,Minor Crash,Yes,2006,0,North,0,0,0,Flat,0,,0,,0,Dark,1692900,1,0,0,2,0,0,0,0,0,,0,1,Manawatū-Whanganui Region,Nil,2-way,Sealed,0,0,0,0,50,0,On,1,0,,37,Whanganui District,Traffic Signals,1,0,0,0,0,0,Urban,0,0,0,Fine,Null
1754933,5917747,18331,,517500,0,,0,3,,Null,2005/2006,NEW NORTH ROAD,WESTERN SPRINGS ROAD,,Non-Injury Crash,No,2006,,South,,0,,Hill Road,,,,,,Bright sun,530600,0,0,0,4,,,0,,,,,,Auckland Region,Nil,2-way,Sealed,,0,0,,50,,Off,0,0,,76,Auckland,Nil,,,,,0,0,Urban,0,,,Fine,Null
1821333,5525425,18332,,561813,0,,0,2,,South,2005/2006,TENNENT DRIVE,SHEEP FARM ROAD,,Minor Crash,No,2006,,South,,0,,Flat,,,,,,Bright sun,1799000,1,0,0,2,,,0,,,,,,Manawatū-Whanganui Region,Nil,2-way,Sealed,,0,0,,100,,Null,0,0,,40,Palmerston North City,Nil,,,,,0,0,Open,0,,,Fine,Null
1751563,5912349,18333,,514700,1,,0,1,,Null,2006/2007,DONOVAN ST,BLOCKHOUSE BAY ROAD,,Minor Crash,No,2006,,West,,0,,Flat,,,,,,Bright sun,368900,1,0,0,4,,,0,,,,,,Auckland Region,Nil,2-way,Sealed,,0,0,,50,,Null,0,0,,76,Auckland,Give way,,,,,0,0,Urban,0,,,Fine,Null
1756125,5929190,18334,,508510,0,,0,4,,South,2005/2006,FORREST HILL ROAD,TRISTRAM AVENUE,,Minor Crash,No,2006,,South,,0,,Flat,,,,,,Bright sun,195600,2,0,0,2,,,0,,,,,,Auckland Region,Nil,2-way,Sealed,,0,0,,50,,Off,0,0,,76,Auckland,Traffic Signals,,,,,0,0,Urban,0,,,Fine,Null
1869069,5714114,18335,,541730,0,,0,3,,Null,2005/2006,TAUHARA ROAD,A C BATHS AVENUE,,Minor Crash,No,2006,,West,,0,,Flat,,,,,,Overcast,1271000,1,0,0,2,,,0,,,,,,Waikato Region,Nil,2-way,Sealed,,0,0,,50,,Null,0,0,,21,Taupo District,Give way,,,,,0,0,Urban,0,,,Fine,Null
1881009,5789364,18336,,538811,0,,0,0,,North,2005/2006,SH 36,KAHAROA ROAD,,Minor Crash,Yes,2006,,South,,0,,Hill Road,,,,,,Bright sun,1250001,1,0,1,2,,,0,,,,,,Bay of Plenty Region,Nil,2-way,Sealed,,0,0,,100,,Null,0,0,,24,Rotorua District,Unknown,,,,,0,0,Open,0,,,Fine,Null
1769983,5918588,18337,,522601,0,0,0,2,0,North,2006/2007,CLOVELLY ROAD,DEVON ROAD,,Minor Crash,No,2006,0,North,0,0,0,Hill Road,0,,0,,0,Dark,675700,1,0,0,2,0,0,0,0,1,,0,0,Auckland Region,Nil,2-way,Sealed,0,0,0,0,50,0,On,0,0,,76,Auckland,Unknown,0,0,0,0,0,0,Urban,0,0,0,Fine,Null
1746025,5918713,18338,,512500,0,,0,1,,Null,2005/2006,SCHOOL ROAD,VODANOVICH ROAD,,Minor Crash,No,2006,,West,,0,,Flat,,,,,,Bright sun,257001,1,0,0,2,,,0,,,,,,Auckland Region,Nil,2-way,Sealed,,0,0,,50,,Off,0,0,,76,Auckland,Stop,,,,,0,0,Urban,1,,,Fine,Null
1744221,5919158,18339,,513302,0,0,0,1,0,West,2006/2007,LARNOCH ROAD,LARISSA AVENUE,,Minor Crash,No,2006,0,West,0,0,1,Flat,0,,0,,0,Dark,233101,1,0,0,2,0,0,0,0,1,,0,0,Auckland Region,Nil,2-way,Sealed,0,0,0,0,50,0,On,0,0,,76,Auckland,Nil,0,1,0,0,1,0,Urban,0,0,0,Fine,Null
1764153,5914989,18340,,520303,0,,0,1,,Null,2005/2006,ELLERSLIE-PANMURE HIGHWAY,HARDING AVENUE,,Minor Crash,No,2006,,West,,0,,Hill Road,,,,,,Dark,626901,1,0,0,5,,,0,,,1,,,Auckland Region,Nil,2-way,Sealed,,0,0,,50,,On,0,0,,76,Auckland,Give way,,,,,0,0,Urban,0,,,Heavy rain,Null
1765062,5902871,18341,,524604,0,,0,2,,North,2006/2007,ROSCOMMON ROAD,WIRI STATION ROAD,,Minor Crash,No,2006,,South,,0,,Flat,,,,,,Dark,781302,1,0,0,2,,,0,,,,,,Auckland Region,Nil,2-way,Sealed,,0,0,,70,,On,0,0,,76,Auckland,Traffic Signals,,,,,0,0,Urban,1,,,Fine,Null
1879024,5825718,18342,,538202,0,,0,3,,North,2006/2007,CHAPEL ST,MARSH ST,,Fatal Crash,No,2006,,North,,1,,Flat,,,,,,Bright sun,1162901,0,0,0,3,,,0,,,,,,Bay of Plenty Region,Nil,2-way,Sealed,,0,1,,50,,Off,0,0,,23,Tauranga City,Nil,,,,,0,0,Urban,0,,,Fine,Null
1766426,5879065,18343,,521112,0,0,0,2,0,Null,2006/2007,WAIUKU ROAD,DOUGLAS ROAD,,Fatal Crash,No,2006,0,West,2,1,0,Flat,0,,0,,0,Bright sun,825900,3,0,0,2,0,0,0,0,0,,0,0,Auckland Region,Nil,2-way,Sealed,0,0,1,0,100,0,None,0,0,,76,Auckland,Give way,0,0,0,0,0,0,Open,0,0,0,Fine,Null
1766455,5900766,18344,,524713,0,,0,2,,Null,2006/2007,WORDSWORTH ROAD,JOHN WALKER DRIVE,,Serious Crash,No,2006,,West,,0,,Flat,,,,,,Overcast,775815,1,0,0,2,,,0,,,,,,Auckland Region,Nil,2-way,Sealed,,0,1,,50,,Off,0,0,,76,Auckland,Give way,,,,,0,0,Urban,0,,,Light rain,Null
1889603,5822302,18345,,536201,1,,0,1,,Null,2005/2006,DOMAIN ROAD,GRAVATT ROAD,,Minor Crash,No,2006,,East,,0,,Flat,,,,,,Bright sun,1206812,1,0,0,2,,,0,,,,,,Bay of Plenty Region,Nil,2-way,Sealed,,0,0,,50,,Null,0,0,,23,Tauranga City,Give way,,,,,0,0,Urban,0,,,Fine,Null
1753988,5937069,18346,,506901,0,0,0,1,0,North,2005/2006,FITZWILLIAM DRIVE,GLENVAR CLOSE,,Minor Crash,No,2006,0,West,0,0,0,Flat,0,,0,,0,Dark,178302,1,0,0,2,0,0,0,0,1,,0,0,Auckland Region,Nil,2-way,Sealed,0,0,0,0,50,0,On,0,0,,76,Auckland,Nil,0,0,0,0,0,0,Urban,1,0,0,Fine,Null
1769089,5881157,18347,,525910,0,0,0,2,1,West,2006/2007,KING ST,HALL ST,,Minor Crash,No,2006,0,East,0,0,0,Flat,0,,1,,0,Bright sun,818900,1,0,0,2,0,1,0,0,0,,0,0,Auckland Region,Nil,2-way,Sealed,0,0,0,0,50,0,Null,0,0,,76,Auckland,Unknown,0,0,0,0,0,0,Urban,0,0,0,Fine,Null
1778205,5915821,18348,,523300,0,0,0,2,0,Null,2006/2007,BEACHLANDS ROAD,BELL ROAD,,Minor Crash,No,2006,0,East,0,0,0,Flat,0,,0,,0,Overcast,719106,1,0,0,2,0,0,0,0,0,,0,1,Auckland Region,Nil,2-way,Sealed,0,0,0,0,50,0,Off,0,0,,76,Auckland,Give way,0,0,0,0,0,0,Urban,0,0,0,Fine,Null
1854568,5803380,18349,65,535231,0,,0,1,,South,2005/2006,SH 29,SH 28,,Serious Crash,Yes,2006,,North,,0,,Hill Road,,,,,,Overcast,1113900,1,0,0,3,,,0,,,,,,Waikato Region,Nil,2-way,Sealed,,0,1,,100,,Null,0,0,,15,Matamata-Piako District,Unknown,,,,,0,0,Open,1,,,Heavy rain,Null
1728951,6004216,18350,,505010,0,,0,2,,South,2005/2006,SH 1N,SH 12,,Minor Crash,Yes,2006,,South,,0,,Flat,,,,,,Twilight,134700,2,0,0,2,,,0,,,,,,Northland Region,Nil,2-way,Sealed,,0,0,,100,,On,0,0,,3,Kaipara District,Nil,,,,,0,0,Open,0,,,Fine,Null
1878878,5824311,18351,,538201,0,0,0,2,0,North,2006/2007,SH 2,ELIZABETH ST,,Minor Crash,Yes,2006,0,South,0,0,0,Flat,1,,0,,0,Dark,1164600,1,0,0,4,0,0,0,0,0,,0,0,Bay of Plenty Region,Nil,2-way,Sealed,0,0,0,0,80,0,Off,0,0,,23,Tauranga City,Unknown,0,0,0,0,0,0,Open,0,0,0,Fine,Null
1899638,5807320,18352,,536651,0,0,0,1,0,South,2005/2006,SH 33,SUNSET DRIVE,,Serious Crash,Yes,2006,0,South,0,0,1,Flat,0,Christmas New Year,0,,0,Bright sun,1211900,0,0,0,2,0,0,0,0,0,,0,0,Bay of Plenty Region,Nil,2-way,Sealed,0,0,1,0,100,0,Null,0,0,,22,Western Bay of Plenty District,Unknown,0,0,0,1,0,0,Open,0,0,0,Fine,Null
1735952,5925799,18353,,506652,0,0,0,0,0,South,2005/2006,TAWA ROAD,AWA ROAD,,Minor Crash,No,2006,0,North,1,0,0,Hill Road,0,,0,,0,Dark,219304,1,0,0,2,0,0,0,0,0,,0,0,Auckland Region,Nil,2-way,Sealed,0,0,0,0,100,0,None,1,0,,76,Auckland,Nil,0,0,0,0,0,0,Open,0,0,0,Fine,Null
1752468,5916128,18354,,517903,0,,0,4,,East,2006/2007,NEW NORTH ROAD,RICHARDSON ROAD,,Minor Crash,No,2006,,West,,0,,Flat,,,,,,Dark,520400,1,0,0,4,,,0,,,,,,Auckland Region,Nil,2-way,Sealed,,0,0,,50,,On,0,0,,76,Auckland,Nil,,,,,0,0,Urban,0,,,Fine,Null
1836283,5794334,18355,,535250,0,,0,0,,South,2006/2007,SH 1N,HORAHORA ROAD,,Minor Crash,Yes,2006,,North,,0,,Flat,,,,,,Dark,1125200,1,0,0,2,,,0,,,,,,Waikato Region,Nil,2-way,Sealed,,0,0,,100,,None,1,0,,19,South Waikato District,Nil,,,,,0,0,Open,0,,,Fine,Null
1768505,5469367,18356,,566000,0,0,0,1,0,North,2005/2006,KAPITI ROAD,ARAWHATA ROAD,,Minor Crash,No,2006,0,North,0,0,0,Flat,0,,0,,0,Bright sun,1999801,1,0,0,2,0,0,0,0,0,,0,0,Wellington Region,Nil,2-way,Sealed,0,0,0,0,50,0,Null,0,0,,43,Kapiti Coast District,Nil,0,1,0,0,0,0,Urban,0,0,0,Fine,Null
1754615,5935948,18357,,507000,0,,0,1,,Null,2006/2007,CARLISLE ROAD,NOR EAST DRIVE,,Minor Crash,No,2006,,East,,0,,Flat,,,,,,Overcast,164102,1,0,1,2,,,0,,,,,,Auckland Region,Nil,2-way,Sealed,,0,0,,50,,Off,1,0,,76,Auckland,Stop,,,,,0,0,Urban,0,,,Light rain,Null
1832105,5743046,18358,,541320,0,0,0,0,0,West,2005/2006,SH 30,ROPIHA ROAD,,Minor Crash,Yes,2006,0,West,0,0,0,Flat,1,,0,,0,Dark,1291800,1,0,0,2,0,0,0,0,0,,0,0,Waikato Region,Nil,2-way,Sealed,0,0,0,0,100,0,On,1,0,,21,Taupo District,Nil,0,0,0,0,1,0,Open,0,0,0,Light rain,Null
1753598,5920193,18359,,515100,1,,0,0,,East,2005/2006,WEST END ROAD,FIFE ST,,Serious Crash,No,2006,,East,,0,,Hill Road,,,,,,Overcast,399200,1,0,0,2,,,0,,,,,,Auckland Region,Nil,2-way,Sealed,,0,1,,50,,Null,0,0,,76,Auckland,Unknown,,,,,0,0,Urban,0,,,Fine,Null
1747813,5911433,18360,,511902,0,,0,4,,North,2006/2007,TITIRANGI ROAD,GODLEY ROAD,,Minor Crash,No,2006,,North,,0,,Hill Road,,,,,,Overcast,293002,5,0,0,2,,,0,,,,,,Auckland Region,Nil,2-way,Sealed,,0,0,,50,,Null,0,0,,76,Auckland,Unknown,,,,,0,0,Urban,0,,,Fine,Null
1770438,5909733,18361,,523109,0,,0,2,,Null,2006/2007,KILKENNY DRIVE,MIDDLEFIELD DRIVE,,Minor Crash,No,2006,,West,,0,,Hill Road,,,,,,Bright sun,712013,2,0,0,2,,,0,,,,,,Auckland Region,Nil,2-way,Sealed,,0,0,,50,,Off,0,0,,76,Auckland,Give way,,,,,0,0,Urban,0,,,Fine,Null
1759437,5914185,18362,,519300,0,,0,2,,Null,2006/2007,CAMPBELL ROAD,RAWHITI ROAD,,Minor Crash,No,2006,,South,,0,,Flat,,,,,,Overcast,623400,1,0,0,2,,,0,,,,,,Auckland Region,Nil,2-way,Sealed,,0,0,,50,,Null,0,0,,76,Auckland,Stop,,,,,0,0,Urban,0,,,Fine,Null
1747651,5917615,18363,,512500,0,0,0,1,0,East,2006/2007,MCLEOD ROAD,FINLOW DRIVE,,Minor Crash,No,2006,0,West,0,0,0,Flat,0,,0,,0,Unknown,258600,1,0,0,2,0,0,0,0,0,,0,0,Auckland Region,Nil,2-way,Sealed,0,0,0,0,50,0,Off,1,0,,76,Auckland,Nil,0,0,0,0,0,0,Urban,0,1,0,Fine,Null
1889815,5819635,18364,,536642,0,,0,1,,South,2005/2006,TE PUKE HIGHWAY,WELCOME BAY ROAD,,Fatal Crash,No,2006,,South,,1,,Flat,,,,,,Dark,1206501,0,0,0,2,,,0,,,1,,,Bay of Plenty Region,Nil,2-way,Sealed,,0,0,,100,,None,0,0,,22,Western Bay of Plenty District,Nil,,,,,0,0,Open,0,,,Fine,Null
1770794,5870861,18365,,526701,0,0,0,0,0,North,2006/2007,TUAKAU BRIDGE-PORT WAIKAT,RIVER ROAD,,Non-Injury Crash,No,2006,0,North,0,0,0,Flat,0,,0,,0,Bright sun,845500,0,0,0,2,0,0,1,0,0,,0,1,Waikato Region,Nil,2-way,Sealed,0,0,0,0,100,0,None,0,0,,13,Waikato District,Nil,0,0,0,0,0,0,Open,0,0,0,Fine,Null
1768008,5903395,18366,,524602,0,0,0,1,0,North,2006/2007,GREAT SOUTH ROAD,KERRS ROAD,,Non-Injury Crash,No,2006,0,North,0,0,0,Flat,0,,0,,0,Dark,780410,0,0,0,4,0,0,0,0,0,,1,0,Auckland Region,Nil,2-way,Sealed,0,0,0,0,70,0,On,0,0,,76,Auckland,Nil,0,0,0,0,0,0,Urban,0,0,0,Light rain,Null
1753231,5914873,18367,,518801,0,,0,2,,Null,2006/2007,RICHARDSON ROAD,STODDARD ROAD,,Minor Crash,No,2006,,South,,0,,Flat,,,,,,Bright sun,575900,1,0,0,2,,,0,,,,,,Auckland Region,Nil,2-way,Sealed,,0,0,,50,,Off,0,0,,76,Auckland,Traffic Signals,,,,,0,0,Urban,0,,,Fine,Null
1937028,5614147,18368,,545632,0,,0,2,,Null,2006/2007,SH 2,BEACH ACCESS ROAD,,Serious Crash,Yes,2006,,South,,0,,Flat,,,,,,Bright sun,1403002,0,0,0,2,,,0,,,,,,Hawke's Bay Region,Nil,2-way,Sealed,,0,1,,100,,Null,0,0,,31,Napier City,Give way,,,,,0,0,Open,0,,,Fine,Null
1810146,5691867,18369,,532501,0,0,0,1,1,East,2005/2006,SH 41,WILLIAMSON ROAD,,Non-Injury Crash,Yes,2006,0,South,0,0,0,Flat,0,Easter,0,,0,Bright sun,1028700,0,0,0,2,0,0,0,0,0,,0,0,Manawatū-Whanganui Region,Nil,2-way,Sealed,0,0,0,0,100,0,Null,0,0,,36,Ruapehu District,Nil,0,0,0,0,0,0,Open,0,0,0,Fine,Null
1719589,6047340,18370,,502800,0,,0,3,,South,2006/2007,KAMO ROAD,WRACK ST,,Non-Injury Crash,No,2006,,North,,0,,Flat,,,,,,Overcast,95900,0,0,0,2,,,0,,,,,,Northland Region,Nil,2-way,Sealed,,0,0,,50,,Off,0,0,,2,Whangarei District,Give way,,,,,0,0,Urban,0,,,Fine,Null
1757025,5919442,18371,,514103,0,,0,2,,Null,2006/2007,KARANGAHAPE ROAD,QUEEN ST,,Non-Injury Crash,No,2006,,East,,0,,Hill Road,,,,,,Dark,436401,0,0,0,6,,,0,,,,,,Auckland Region,Nil,2-way,Sealed,,0,0,,50,,On,0,0,,76,Auckland,Traffic Signals,,,,,0,0,Urban,0,,,Light rain,Null
1868918,5719329,18372,,541312,0,,0,1,,Null,2005/2006,WAIRAKEI DRIVE,KARETOTO ROAD S,,Minor Crash,No,2006,,North,,0,,Flat,,,,,,Overcast,1279300,3,0,0,3,,,0,,,,,,Waikato Region,Nil,2-way,Sealed,,0,0,,100,,Null,0,0,,21,Taupo District,Give way,,,,,0,0,Open,1,,,Light rain,Null
1768389,5467632,18373,,566101,0,,0,1,,North,2005/2006,SH 1N,RAUMATI ROAD,,Minor Crash,Yes,2006,,North,,0,,Flat,,,,,,Dark,2004103,1,0,1,3,,,0,,,,,,Wellington Region,Nil,2-way,Sealed,,0,0,,100,,None,0,0,,43,Kapiti Coast District,Nil,,,,,0,0,Open,0,,,Light rain,Null
1756439,5443691,18374,,571100,0,0,0,1,0,Null,2005/2006,BEDFORD ST,CUMBERLAND GROVE,,Non-Injury Crash,No,2006,0,South,0,0,1,Flat,0,,0,,0,Dark,2046900,0,0,0,2,0,0,0,0,0,,0,0,Wellington Region,Nil,2-way,Sealed,0,0,0,0,50,0,On,0,0,,44,Porirua City,Nil,0,0,0,1,0,0,Urban,0,0,0,Fine,Null
1769703,5904694,18375,,523722,0,,0,2,,North,2006/2007,HILLTOP ROAD,REDOUBT ROAD,,Non-Injury Crash,No,2006,,South,,0,,Hill Road,,,,,,Bright sun,716106,0,0,0,2,,,0,,,,,,Auckland Region,Nil,2-way,Sealed,,0,0,,50,,Off,0,0,,76,Auckland,Give way,,,,,0,0,Urban,0,,,Fine,Null
1763869,5912651,18376,,520500,0,,0,2,,Null,2005/2006,MOUNT WELLINGTON HIGHWAY,MT WGTN OFF SBD N,,Non-Injury Crash,No,2006,,North,,0,,Flat,,,,,,Bright sun,637400,0,0,0,3,,,0,,,,,,Auckland Region,Nil,2-way,Sealed,,0,0,,50,,Off,0,0,,76,Auckland,Traffic Signals,,,,,0,0,Urban,0,,,Fine,Null
1759810,5434714,18377,,569002,1,,0,0,,South,2005/2006,RANDWICK ROAD,WHITES LINE EAST,,Minor Crash,No,2006,,South,,0,,Hill Road,,,,,,Overcast,1964200,2,0,0,2,,,0,,,,,,Wellington Region,Nil,2-way,Sealed,,0,0,,50,,Null,0,0,,46,Lower Hutt City,Nil,,,,,1,0,Urban,0,,,Light rain,Null
1571496,5180163,18378,,591700,0,0,0,2,0,West,2006/2007,WORCESTER ST,FITZGERALD AVENUE,,Minor Crash,No,2006,0,West,0,0,0,Flat,0,,0,,0,Bright sun,2657800,1,0,0,2,0,0,0,0,1,,0,0,Canterbury Region,Nil,2-way,Sealed,0,0,0,0,50,0,Null,0,0,,60,Christchurch City,Unknown,0,0,0,0,0,0,Urban,0,0,0,Fine,Null
1766690,5462489,18379,,566302,0,,0,2,,South,2005/2006,SH 1N,MCKAYS XING,,Non-Injury Crash,Yes,2006,,North,,0,,Flat,,,,,,Bright sun,2010100,0,0,0,2,,,0,,,,,,Wellington Region,Nil,2-way,Sealed,,0,0,,100,,Null,0,0,,43,Kapiti Coast District,Nil,,,,,0,0,Open,0,,,Fine,Null
1877024,5781088,18380,,538863,0,0,0,1,1,South,2005/2006,SH 5,DALBETH ROAD,,Non-Injury Crash,Yes,2006,0,South,0,0,0,Hill Road,0,,0,,0,Overcast,1264900,0,0,0,3,0,0,0,0,0,,0,0,Bay of Plenty Region,Nil,2-way,Sealed,0,0,0,0,100,0,Null,0,0,,24,Rotorua District,Unknown,0,0,0,0,0,0,Open,0,0,0,Fine,Frost
1875818,5825224,18381,,537100,0,,0,2,,Null,2006/2007,PRINCESS ROAD,QUEEN ROAD,,Non-Injury Crash,No,2006,,East,,0,,Flat,,,,,,Bright sun,1159000,0,0,0,2,,,0,,,,,,Bay of Plenty Region,Nil,2-way,Sealed,,0,0,,50,,Null,0,0,,23,Tauranga City,Give way,,,,,0,0,Urban,0,,,Fine,Null
1755973,5443759,18382,,571200,0,,0,1,,South,2006/2007,MUNGAVIN AVENUE,SIEVERS GROVE,,Serious Crash,No,2006,,North,,0,,Flat,,,,,,Overcast,2049600,0,0,0,2,,,0,,,1,,,Wellington Region,Nil,2-way,Sealed,,0,1,,50,,Null,0,0,,44,Porirua City,Nil,,,,,0,0,Urban,0,,,Fine,Null
1739763,5914311,18383,,513020,0,,0,0,,South,2006/2007,OPANUKU ROAD,HENDERSON VALLEY ROAD,,Serious Crash,No,2006,,North,,0,,Hill Road,,,,,,Bright sun,280200,0,0,1,2,,,0,,,,,,Auckland Region,Nil,2-way,Sealed,,0,1,,100,,None,1,0,,76,Auckland,Nil,,,,,0,0,Open,0,,,Fine,Null
1771113,5896490,18384,,525540,0,0,0,1,0,North,2006/2007,SH 1N,PAPAKURA OFF SBD,,Non-Injury Crash,Yes,2006,0,South,0,0,0,Flat,0,,0,,0,Dark,806204,0,0,0,3,0,0,0,0,0,,0,1,Auckland Region,Nil,1-way,Sealed,0,0,0,0,100,0,On,0,0,,76,Auckland,Nil,0,0,0,0,0,0,Open,0,0,0,Fine,Null
1739530,5930292,18385,,505604,0,0,0,0,0,West,2005/2006,ORAHA ROAD,OLD NORTH ROAD,,Non-Injury Crash,No,2006,0,West,1,0,0,Flat,0,,0,,0,Bright sun,213900,0,0,0,2,0,0,0,0,0,,0,0,Auckland Region,Nil,2-way,Sealed,0,0,0,0,80,0,None,1,0,,76,Auckland,Nil,0,0,0,0,0,0,Open,0,0,0,Fine,Null
1764048,5911555,18386,,520500,0,0,0,2,0,West,2005/2006,NIALL BURGESS ROAD,MOUNT WELLINGTON HIGHWAY,,Non-Injury Crash,No,2006,0,East,0,0,0,Flat,0,Queens Birthday,0,,0,Dark,637900,0,0,0,2,0,0,0,0,1,,0,0,Auckland Region,Nil,2-way,Sealed,0,0,0,0,50,0,On,0,0,,76,Auckland,Nil,0,0,0,0,0,0,Urban,0,0,0,Light rain,Null
1879396,5823902,18387,,538201,0,,0,1,,Null,2006/2007,DEVONPORT ROAD,SECOND AVENUE,,Non-Injury Crash,No,2006,,South,,0,,Flat,,,,,,Bright sun,1165300,0,0,0,2,,,0,,,,,,Bay of Plenty Region,Nil,2-way,Sealed,,0,0,,50,,Null,0,0,,23,Tauranga City,Give way,,,,,0,0,Urban,1,,,Fine,Null
1771097,5577303,18388,,555900,0,,0,1,,East,2005/2006,MOSSTON ROAD,TITOKI ST,,Fatal Crash,No,2006,,East,,1,,Flat,,,,,,Overcast,1682106,0,0,0,2,,,0,,,,,,Manawatū-Whanganui Region,Nil,2-way,Sealed,,0,1,,70,,Null,0,0,,37,Whanganui District,Nil,,,,,1,0,Urban,0,,,Fine,Null
1768661,5905312,18389,,523722,0,0,0,1,0,Null,2006/2007,TE IRIRANGI DRIVE,HOLLYFORD DRIVE,,Minor Crash,No,2006,0,North,0,0,0,Flat,0,Labour Weekend,0,,0,Overcast,716007,1,0,0,4,0,0,0,0,0,,0,1,Auckland Region,Nil,2-way,Sealed,0,0,0,0,50,0,Off,0,0,,76,Auckland,Traffic Signals,0,0,0,1,0,0,Urban,0,0,0,Light rain,Null