X,Y,OBJECTID,advisorySpeed,areaUnitID,bicycle,bridge,bus,carStationWagon,cliffBank,crashDirectionDescription,crashFinancialYear,crashLocation1,crashLocation2,crashRoadSideRoad,crashSeverity,crashSHDescription,crashYear,debris,directionRoleDescription,ditch,fatalCount,fence,flatHill,guardRail,holiday,houseOrBuilding,intersection,kerb,light,meshblockId,minorInjuryCount,moped,motorcycle,NumberOfLanes,objectThrownOrDropped,otherObject,otherVehicleType,overBank,parkedVehicle,pedestrian,phoneBoxEtc,postOrPole,region,roadCharacter,roadLane,roadSurface,roadworks,schoolBus,seriousInjuryCount,slipOrFlood,speedLimit,strayAnimal,streetLight,suv,taxi,temporarySpeedLimit,tlaId,tlaName,trafficControl,trafficIsland,trafficSign,train,tree,truck,unknownVehicleType,urban,vanOrUtility,vehicle,waterRiver,weatherA,weatherB
1818178,5659997,18390,,532601,0,0,0,1,0,South,2006/2007,SH 48,SH 47,,Minor Crash,Yes,2006,0,West,1,0,0,Flat,0,,0,,0,Dark,1023100,1,0,0,2,0,0,0,0,0,,0,0,Manawatū-Whanganui Region,Nil,2-way,Sealed,0,0,0,0,100,0,None,0,0,,36,Ruapehu District,Nil,0,0,0,1,0,0,Open,0,0,0,Fine,Null
1793512,5500828,18391,,564210,0,,0,2,,North,2006/2007,SH 1N,STANLEY ST,,Non-Injury Crash,Yes,2006,,North,,0,,Flat,,,,,,Overcast,1865000,0,0,0,2,,,0,,,,,,Manawatū-Whanganui Region,Nil,2-way,Sealed,,0,0,,50,,Null,0,0,,42,Horowhenua District,Nil,,,,,0,0,Urban,0,,,Light rain,Null
1802452,5816080,18392,,530100,0,,0,2,,East,2005/2006,RUAKURA ROAD,PEACHGROVE ROAD,,Non-Injury Crash,No,2006,,East,,0,,Flat,,,,,,Dark,896100,0,0,0,2,,,0,,,,,,Waikato Region,Nil,2-way,Sealed,,0,0,,80,,On,0,0,,16,Hamilton City,Unknown,,,,,0,0,Open,0,,,Fine,Null
1942958,5604415,18393,,545740,0,0,0,1,0,South,2006/2007,CLIFTON ROAD,CHARLTON ROAD,,Minor Crash,No,2006,0,South,0,0,1,Flat,0,,0,,0,Dark,1408100,2,0,0,2,0,0,0,0,0,,0,0,Hawke's Bay Region,Nil,2-way,Sealed,0,0,0,0,100,0,None,0,0,,30,Hastings District,Nil,0,0,0,1,0,0,Open,0,0,0,Fine,Null
2008952,5730924,18394,,543601,0,0,0,1,0,South,2005/2006,SH 2,FITZGERALD ROAD,,Minor Crash,Yes,2006,0,North,0,0,1,Hill Road,0,,0,,0,Dark,1352401,1,0,0,2,0,0,0,1,0,,0,0,Gisborne Region,Nil,2-way,Sealed,0,0,0,0,100,0,None,0,0,,28,Gisborne District,Nil,0,0,0,0,0,0,Open,0,0,0,Fine,Null
1756615,5912807,18395,,518701,0,,0,1,,Null,2006/2007,SH 20,HILLSBOROUGH ROAD,,Non-Injury Crash,Yes,2006,,North,,0,,Flat,,,,,,Bright sun,572100,0,0,0,6,,,0,,,,,,Auckland Region,Nil,2-way,Sealed,,0,0,,50,,Off,0,0,,76,Auckland,Traffic Signals,,,,,1,0,Urban,0,,,Fine,Null
1856787,5803423,18396,65,535231,0,,0,1,,East,2006/2007,SH 29,SH 28,,Non-Injury Crash,Yes,2006,,North,,0,,Hill Road,,,,,,Overcast,1113900,0,0,1,3,,,0,,,,,,Waikato Region,Nil,2-way,Sealed,,0,0,,100,,Null,0,0,,15,Matamata-Piako District,Unknown,,,,,0,0,Open,0,,,Light rain,Null
1256640,5003632,18397,,609304,0,0,0,0,1,East,2005/2006,FERNHILL ROAD,SAINSBURY ROAD,,Minor Crash,No,2006,0,East,0,0,0,Hill Road,0,,0,,0,Dark,3032402,3,0,0,2,0,0,0,0,0,,0,0,Otago Region,Nil,2-way,Sealed,0,0,0,0,50,0,On,0,0,,70,Queenstown-Lakes District,Unknown,0,0,0,0,0,0,Urban,1,0,0,Fine,Frost
1816675,5528540,18398,,561811,0,,0,2,,Null,2005/2006,LONGBURN RONGOTEA ROAD,NO 1 LINE,,Serious Crash,No,2006,,East,,0,,Flat,,,,,,Bright sun,1794601,2,0,0,2,,,0,,,,,,Manawatū-Whanganui Region,Nil,2-way,Sealed,,0,1,,100,,Null,0,0,,40,Palmerston North City,Stop,,,,,0,0,Open,0,,,Fine,Null
1768904,5880761,18399,,525922,0,0,0,2,0,Null,2006/2007,EDINBURGH ST,HARRIS ST,,Minor Crash,No,2006,0,South,0,0,0,Flat,0,,0,,0,Overcast,823000,1,0,0,2,0,0,0,0,0,,0,0,Auckland Region,Nil,2-way,Sealed,0,0,0,0,50,0,Null,0,0,,76,Auckland,Give way,1,1,0,0,0,0,Urban,0,0,0,Fine,Null
1797918,5813728,18400,,528602,0,,0,2,,Null,2006/2007,KAHIKATEA DRIVE,KAREN CRESCENT,,Non-Injury Crash,No,2006,,East,,0,,Flat,,,,,,Overcast,921605,0,0,0,2,,,0,,,,,,Waikato Region,Nil,2-way,Sealed,,0,0,,50,,Null,0,0,,16,Hamilton City,Nil,,,,,0,0,Urban,0,,,Fine,Null
1822366,5831371,18401,,534500,0,0,0,1,0,East,2005/2006,TAUKORO ROAD,MORRINSVILLE TAHUNA ROAD,,Non-Injury Crash,No,2006,0,East,1,0,1,Flat,0,,0,,0,Dark,1092300,0,0,0,2,0,0,0,0,0,,0,0,Waikato Region,Nil,2-way,Sealed,0,0,0,0,100,0,None,0,0,,15,Matamata-Piako District,Nil,0,0,0,0,0,0,Open,0,0,0,Light rain,Null
1730773,6015060,18402,,501816,0,0,0,1,0,North,2005/2006,SOUTH ROAD,MCLEAN ROAD,,Serious Crash,No,2006,0,South,0,0,1,Flat,0,,0,,0,Dark,81000,0,0,0,2,0,0,0,0,0,,0,0,Northland Region,Nil,2-way,Sealed,0,0,1,0,100,0,None,0,0,,2,Whangarei District,Nil,0,0,0,0,0,0,Open,0,0,0,Fine,Null
2025040,5687180,18403,55,544002,0,0,0,0,1,North,2006/2007,SH 2,WHAREKAKAHO ROAD,,Minor Crash,Yes,2006,0,North,0,0,0,Hill Road,0,,0,,0,Bright sun,1365800,1,0,0,2,0,0,0,0,0,,0,0,Gisborne Region,Nil,2-way,Sealed,0,0,0,0,100,0,Null,0,0,,28,Gisborne District,Nil,0,0,0,0,1,0,Open,0,0,0,Fine,Null
1762319,5431500,18404,,564900,0,0,0,1,0,East,2006/2007,PARKWAY,MEREMERE ST,,Minor Crash,No,2006,0,East,0,0,0,Flat,0,,0,,0,Dark,2015402,1,0,0,2,0,0,0,0,0,,0,1,Wellington Region,Nil,2-way,Sealed,0,0,0,0,50,0,On,0,0,,46,Lower Hutt City,Nil,0,0,0,0,0,0,Urban,0,0,0,Fine,Null
1440658,5005140,18405,,601020,0,,0,2,,North,2005/2006,SH 1S,TRENT ST,,Minor Crash,Yes,2006,,North,,0,,Flat,,,,,,Overcast,2843100,2,0,0,4,,,0,,,,,,Otago Region,Nil,2-way,Sealed,,0,0,,50,,Null,0,0,,68,Waitaki District,Unknown,,,,,0,0,Urban,1,,,Fine,Null
2008038,5731197,18406,,543601,0,0,0,1,1,West,2009/2010,SH 2,HIHIROROA ROAD,,Non-Injury Crash,Yes,2009,0,South,0,0,0,Hill Road,0,,0,,0,Dark,1352401,0,0,0,2,0,0,0,0,0,,0,0,Gisborne Region,Nil,2-way,Sealed,0,0,0,0,100,0,None,0,0,,28,Gisborne District,Nil,0,0,0,0,0,0,Open,0,0,0,Fine,Null
1768321,5907706,18407,,523711,0,,0,2,,Null,2009/2010,ORMISTON ROAD,MURCHISON ROAD,,Non-Injury Crash,No,2009,,West,,0,,Flat,,,,,,Bright sun,712304,0,0,0,2,,,0,,,,,,Auckland Region,Nil,2-way,Sealed,,0,0,,80,,Off,0,0,,76,Auckland,Give way,,,,,0,0,Open,1,,,Fine,Null
1785818,5446782,18408,,567901,0,,0,2,,East,2006/2007,SH 2,MARCHANT ROAD,,Minor Crash,Yes,2006,,East,,0,,Hill Road,,,,,,Bright sun,1916100,1,0,1,2,,,0,,,,,,Wellington Region,Nil,2-way,Sealed,,0,0,,100,,Null,0,0,,45,Upper Hutt City,Nil,,,,,0,0,Open,0,,,Fine,Null
1769165,5469483,18409,,566000,0,,0,2,,Null,2008/2009,PARAKAI ST,TUTANEKAI ST,,Non-Injury Crash,No,2009,,West,,0,,Flat,,,,,,Twilight,2000000,0,0,0,2,,,0,,,,,,Wellington Region,Nil,2-way,Sealed,,0,0,,50,,Off,0,0,,43,Kapiti Coast District,Give way,,,,,0,0,Urban,0,,,Fine,Null
1623793,5431339,18410,,582300,0,0,0,1,0,Null,2009/2010,TRAFALGAR ST,GROVE ST,,Non-Injury Crash,No,2009,0,North,0,0,0,Flat,0,,0,,0,Overcast,2316900,0,0,0,2,0,0,0,0,0,,0,0,Nelson Region,Nil,2-way,Sealed,0,0,0,0,50,0,Null,0,0,,52,Nelson City,Give way,1,1,0,0,0,0,Urban,0,0,0,Light rain,Null
1753783,5930507,18411,,508420,0,0,0,1,0,North,2008/2009,SUNSET ROAD,TRIAS ROAD,,Non-Injury Crash,No,2009,0,North,0,0,1,Hill Road,0,Christmas New Year,0,,0,Overcast,182001,0,0,0,2,0,0,0,0,0,,0,0,Auckland Region,Nil,2-way,Sealed,0,0,0,0,50,0,Off,0,0,,76,Auckland,Nil,0,0,0,0,0,0,Urban,0,0,0,Fine,Null
1745301,5919672,18412,,513301,0,,0,2,,South,2009/2010,LINCOLN ROAD,UNIVERSAL DRIVE,,Non-Injury Crash,No,2009,,North,,0,,Flat,,,,,,Bright sun,232001,0,0,0,6,,,0,,,,,,Auckland Region,Nil,2-way,Sealed,,0,0,,50,,Off,0,0,,76,Auckland,Traffic Signals,,,,,0,0,Urban,0,,,Fine,Null
1750509,5913791,18413,,511303,0,,0,2,,North,2009/2010,PORTAGE ROAD,CLARK ST,,Non-Injury Crash,No,2009,,South,,0,,Flat,,,,,,Bright sun,265200,0,0,0,2,,,0,,,,,,Auckland Region,Nil,2-way,Sealed,,0,0,,50,,Off,0,0,,76,Auckland,Nil,,,,,0,0,Urban,0,,,Fine,Null
1811110,5547485,18414,,561422,0,0,0,1,0,North,2008/2009,MOUNT STEWART HALCOMBE RO,LEES ROAD,,Non-Injury Crash,No,2009,0,South,1,0,0,Flat,0,Queens Birthday,0,,0,Dark,1788600,0,0,0,2,0,0,0,0,0,,0,0,Manawatū-Whanganui Region,Nil,2-way,Sealed,0,0,0,0,100,0,None,0,0,,39,Manawatu District,Nil,0,0,0,0,0,0,Open,0,0,0,Fine,Null
1825811,5887038,18415,,533501,0,,0,1,,Null,2009/2010,MACKAY ST,PAHAU ST,,Non-Injury Crash,No,2009,,West,,0,,Flat,,,,,,Overcast,1050700,0,0,0,2,,,0,,,,,,Waikato Region,Nil,2-way,Sealed,,0,0,,50,,Null,0,0,,11,Thames-Coromandel District,Give way,,,,,0,0,Urban,1,,,Light rain,Null
1750218,5431090,18416,,574500,1,,0,0,,North,2009/2010,HUTT ROAD,WESTMINSTER ST,,Minor Crash,No,2009,,West,,0,,Flat,,,,,,Overcast,2093400,1,0,0,2,,,0,,,,,,Wellington Region,Nil,2-way,Sealed,,0,0,,60,,Null,1,0,,47,Wellington City,Nil,,,,,0,0,Urban,0,,,Fine,Null
1748621,5931994,18417,,509000,0,1,0,1,0,West,2008/2009,ELMORE ROAD,PAREMOREMO ROAD,,Non-Injury Crash,No,2009,0,West,0,0,0,Hill Road,0,,0,,0,Dark,179402,0,0,0,1,0,0,0,0,0,,0,0,Auckland Region,Nil,2-way,Sealed,0,0,0,0,50,0,None,0,0,,76,Auckland,Nil,0,0,0,0,0,0,Urban,0,0,0,Light rain,Null
1752519,5935773,18418,,508701,0,,0,2,,South,2009/2010,SH 1N,LONELY TRACK OBR,,Non-Injury Crash,Yes,2009,,North,,0,,Flat,,,,,,Dark,178501,0,0,1,3,,,0,,,,,,Auckland Region,Nil,1-way,Sealed,,0,0,,100,,None,0,0,,76,Auckland,Nil,,,,,0,0,Open,0,,,Light rain,Null
1752240,5919015,18419,,515002,0,,0,3,,West,2008/2009,MEOLA ROAD,WALFORD ROAD,,Non-Injury Crash,No,2009,,East,,0,,Flat,,,,,,Bright sun,395900,0,0,0,2,,,0,,,,,,Auckland Region,Nil,2-way,Sealed,,0,0,,50,,Off,0,0,,76,Auckland,Nil,,,,,0,0,Urban,0,,,Fine,Null
1774097,5577410,18420,,556700,0,,0,3,,South,2009/2010,JACKSON ST,PURNELL ST,,Non-Injury Crash,No,2009,,South,,0,,Flat,,,,,,Dark,1722700,0,0,0,2,,,0,,,,,,Manawatū-Whanganui Region,Nil,2-way,Sealed,,0,0,,50,,On,0,0,,37,Whanganui District,Nil,,,,,0,0,Urban,0,,,Fine,Null
1929549,5604672,18421,,548200,0,,0,1,,Null,2008/2009,SOUTHAMPTON ST WEST,RAILWAY ROAD,,Non-Injury Crash,No,2009,,West,,0,,Flat,,,,,,Bright sun,1489700,0,0,0,2,,,0,,,,,,Hawke's Bay Region,Rail xing,2-way,Sealed,,0,0,,50,,Null,0,0,,30,Hastings District,Traffic Signals,,,,,0,0,Urban,1,,,Fine,Null
1775224,5577925,18422,,556900,0,,0,2,,Null,2009/2010,GUYTON ST,WICKSTEED ST,,Non-Injury Crash,No,2009,,West,,0,,Flat,,,,,,Dark,1700400,0,0,0,2,,,0,,,,,,Manawatū-Whanganui Region,Nil,2-way,Sealed,,0,0,,50,,On,0,0,,37,Whanganui District,Give way,,,,,0,0,Urban,0,,,Fine,Null
1909695,5808776,18423,,536654,0,,0,1,,Null,2008/2009,SH 2,PUKEHINA STATION ROAD,,Non-Injury Crash,Yes,2009,,East,,0,,Flat,,,,,,Bright sun,1213100,0,0,0,2,,,0,,,,,,Bay of Plenty Region,Nil,2-way,Sealed,,0,0,,100,,Null,1,0,,22,Western Bay of Plenty District,Stop,,,,,0,0,Open,0,,,Fine,Null
1800915,5816345,18424,,529900,0,,0,1,,Null,2008/2009,RIVER ROAD,OAKLEY AVENUE,,Non-Injury Crash,No,2009,,North,,0,,Flat,,Easter,,,,Overcast,863900,0,0,0,2,,,0,,,,,,Waikato Region,Nil,2-way,Sealed,,0,0,,50,,Null,0,0,,16,Hamilton City,Nil,,,,,0,0,Urban,1,,,Light rain,Null
1769733,5907358,18425,,523712,0,,0,2,,Null,2008/2009,ORMISTON ROAD,CHAPEL ROAD,,Non-Injury Crash,No,2009,,South,,0,,Flat,,,,,,Overcast,712803,0,0,0,4,,,0,,,,,,Auckland Region,Nil,2-way,Sealed,,0,0,,70,,Off,0,0,,76,Auckland,Traffic Signals,,,,,0,0,Urban,0,,,Fine,Null
1794045,5771483,18426,,531200,0,,0,2,,Null,2009/2010,SH 3,HUIPUTEA DRIVE N,,Non-Injury Crash,Yes,2009,,West,,0,,Flat,,,,,,Bright sun,996800,0,0,0,2,,,0,,,,,,Waikato Region,Nil,2-way,Sealed,,0,0,,50,,None,0,0,,18,Ōtorohanga District,Give way,,,,,0,0,Urban,0,,,Fine,Null
1753226,5876318,18427,,526103,0,0,0,2,0,West,2009/2010,KING ST,NORFOLK RISE,,Non-Injury Crash,No,2009,0,West,0,0,0,Hill Road,0,,0,,0,Dark,837203,0,0,0,2,0,0,0,0,1,,0,0,Auckland Region,Nil,2-way,Sealed,0,0,0,0,50,0,On,0,0,,76,Auckland,Give way,0,0,0,0,0,0,Urban,0,0,0,Fine,Null
1770311,5909755,18428,,523109,0,,0,1,,Null,2009/2010,CHAPEL ROAD,SMALES ROAD,,Non-Injury Crash,No,2009,,North,,0,,Flat,,,,,,Dark,711740,0,0,0,2,,,0,,,,,,Auckland Region,Nil,2-way,Sealed,,0,0,,70,,On,0,0,,76,Auckland,Traffic Signals,,,,,0,0,Urban,1,,,Fine,Null
1888627,5785145,18429,,538820,0,0,0,0,1,East,2009/2010,HAMURANA ROAD,TE WAERENGA ROAD,,Non-Injury Crash,No,2009,0,West,0,0,0,Hill Road,0,,0,,0,Overcast,1250402,0,0,0,2,0,0,0,0,0,,0,0,Bay of Plenty Region,Nil,2-way,Sealed,0,0,0,0,100,0,None,1,0,,24,Rotorua District,Nil,0,0,0,0,0,0,Open,0,0,0,Light rain,Null
1748566,5426632,18430,,573101,0,,0,0,,Null,2008/2009,WEBB ST,HOPPER ST,,Non-Injury Crash,No,2009,,East,,0,,Flat,,,,,,Overcast,2135100,0,0,1,2,,,0,,,,,,Wellington Region,Nil,2-way,Sealed,,0,0,,50,,Null,1,0,,47,Wellington City,Give way,,,,,0,0,Urban,0,,,Fine,Null
1561216,5179892,18431,,587400,0,0,0,1,0,North,2008/2009,GILBERTHORPES ROAD,KANIERE AVENUE S,,Minor Crash,No,2009,0,North,0,0,0,Flat,0,,0,,0,Dark,2487300,1,0,0,2,0,0,0,0,0,,0,1,Canterbury Region,Nil,2-way,Sealed,0,0,0,0,50,0,On,0,0,,60,Christchurch City,Unknown,0,0,0,0,0,0,Urban,0,0,0,Fine,Null
1855451,5758262,18432,85,535262,0,0,0,1,0,South,2008/2009,SH 1N,TOKOROA GOLF CLUB,,Non-Injury Crash,Yes,2009,0,West,0,0,0,Flat,0,,0,,0,Overcast,1152800,0,0,0,2,0,0,0,0,0,,0,0,Waikato Region,Nil,2-way,Sealed,0,0,0,0,100,0,Null,0,0,,19,South Waikato District,Unknown,0,1,0,0,0,0,Open,0,0,0,Light rain,Null
1679648,5403884,18433,,581230,0,,0,2,,Null,2005/2006,SEYMOUR ST,CHARLES ST,,Serious Crash,No,2006,,East,,0,,Flat,,,,,,Bright sun,2298700,1,0,0,2,,,0,,,,,,Marlborough Region,Nil,2-way,Sealed,,0,1,,50,,Null,0,0,,53,Marlborough District,Give way,,,,,0,0,Urban,0,,,Fine,Null
1757120,5434971,18434,,569900,0,,0,2,,North,2008/2009,HUTT ROAD,RIDDLERS CRESCENT,,Non-Injury Crash,No,2009,,North,,0,,Flat,,,,,,Overcast,2034800,0,0,0,2,,,0,,,,,,Wellington Region,Nil,2-way,Sealed,,0,0,,50,,Null,0,0,,46,Lower Hutt City,Nil,,,,,0,0,Urban,0,,,Fine,Null
1752400,5918091,18435,,515001,0,,0,2,,Null,2009/2010,GREAT NORTH ROAD,CARRINGTON ROAD,,Non-Injury Crash,No,2009,,West,,0,,Flat,,,,,,Bright sun,392400,0,0,0,2,,,0,,,,,,Auckland Region,Nil,2-way,Sealed,,0,0,,50,,Off,0,0,,76,Auckland,Traffic Signals,,,,,0,0,Urban,0,,,Null,Null
1877488,5822080,18436,,538101,0,0,0,0,0,North,2008/2009,CLARKE ST,LAURENCE ST,,Non-Injury Crash,No,2009,0,North,0,0,0,Hill Road,0,,0,,1,Overcast,1170400,0,0,0,2,0,0,0,1,0,,0,0,Bay of Plenty Region,Nil,2-way,Sealed,0,0,0,0,50,0,Null,0,0,,23,Tauranga City,Unknown,0,0,0,0,0,0,Urban,1,0,0,Fine,Null
1749931,5915329,18437,,514802,0,0,0,2,0,West,2009/2010,CANAL ROAD,BELLGROVE PLACE,,Non-Injury Crash,No,2009,0,West,0,0,0,Flat,0,,0,,0,Bright sun,386802,0,0,0,2,0,0,0,0,1,,0,0,Auckland Region,Nil,2-way,Sealed,0,0,0,0,50,0,Off,0,0,,76,Auckland,Nil,0,0,0,0,0,0,Urban,0,0,0,Fine,Null
1748989,5426219,18438,,576500,0,,1,1,,Null,2008/2009,ADELAIDE ROAD,ALFRED ST,,Non-Injury Crash,No,2009,,South,,0,,Flat,,,,,,Overcast,2148000,0,0,0,4,,,0,,,,,,Wellington Region,Nil,2-way,Sealed,,0,0,,50,,Null,0,0,,47,Wellington City,Give way,,,,,0,0,Urban,0,,,Light rain,Null
1764673,5905766,18439,,522100,0,,0,1,,Null,2009/2010,STATION ROAD,WYLLIE ROAD,,Non-Injury Crash,No,2009,,South,,0,,Flat,,,,,,Bright sun,657700,0,0,0,2,,,0,,,,,,Auckland Region,Nil,2-way,Sealed,,0,0,,50,,Null,0,0,,76,Auckland,Traffic Signals,,,,,0,0,Urban,1,,,Fine,Null
1571133,5179168,18440,,591500,0,,0,1,,Null,2008/2009,MADRAS ST,MOORHOUSE AVENUE,,Non-Injury Crash,No,2009,,North,,0,,Flat,,,,,,Overcast,2650800,0,0,0,2,,,0,,,,,,Canterbury Region,Nil,1-way,Sealed,,0,0,,50,,Null,1,0,,60,Christchurch City,Give way,,,,,0,0,Urban,0,,,Heavy rain,Null
1798086,5816153,18441,,528501,0,,0,1,,North,2008/2009,AVALON DRIVE,FOREST LAKE ROAD,,Non-Injury Crash,No,2009,,South,,0,,Flat,,,,,,Overcast,905000,0,0,0,5,,,0,,,,,,Waikato Region,Nil,2-way,Sealed,,0,0,,80,,Null,0,0,,16,Hamilton City,Traffic Signals,,,,,1,0,Open,0,,,Light rain,Null
1746142,5918310,18442,,512500,0,,0,1,,South,2008/2009,EDMONTON ROAD,VODANOVICH ROAD,,Non-Injury Crash,No,2009,,North,,0,,Hill Road,,,,,,Bright sun,257002,0,0,0,2,,,0,,,,,,Auckland Region,Nil,2-way,Sealed,,0,0,,50,,Null,1,0,,76,Auckland,Stop,,,,,0,0,Urban,0,,,Fine,Null
1760146,5913723,18443,,519900,0,0,0,2,0,East,2008/2009,RAWHITI ROAD,PAIHIA ROAD,,Non-Injury Crash,No,2009,0,West,0,0,0,Hill Road,0,,0,,0,Dark,602700,0,0,0,1,0,0,0,0,1,,0,0,Auckland Region,Nil,2-way,Sealed,0,0,0,0,50,0,On,0,0,,76,Auckland,Unknown,0,0,0,0,0,0,Urban,0,0,0,Fine,Null
1927296,5605131,18444,,545761,0,,0,2,,Null,2008/2009,YORK ROAD,MARAEKAKAHO ROAD,,Non-Injury Crash,No,2009,,East,,0,,Flat,,,,,,Twilight,1469905,0,0,0,2,,,0,,,,,,Hawke's Bay Region,Nil,2-way,Sealed,,0,0,,70,,On,0,0,,30,Hastings District,Give way,,,,,0,0,Urban,0,,,Light rain,Null
1836376,5647391,18445,,541501,0,0,0,0,0,North,2008/2009,SH 1N,TUKINO ACCESS,,Non-Injury Crash,Yes,2009,0,South,0,0,0,Flat,0,,0,,0,Overcast,1289001,0,0,0,2,0,0,0,0,0,,0,0,Waikato Region,Nil,2-way,Sealed,0,0,0,0,100,0,Null,0,0,,21,Taupo District,Nil,0,0,0,1,1,0,Open,0,0,0,Light rain,Strong wind
1754478,5444258,18446,,570800,0,,0,1,,West,2009/2010,TITAHI BAY ROAD,WALTON LEIGH AVENUE,,Non-Injury Crash,No,2009,,East,,0,,Flat,,,,,,Overcast,2052500,0,0,0,2,,,0,,,,,,Wellington Region,Nil,2-way,Sealed,,0,0,,50,,Null,0,0,,44,Porirua City,Nil,,,,,0,0,Urban,1,,,Light rain,Null
1754058,5931350,18447,,508803,0,,0,0,,South,2009/2010,UPPER HWY OFF NBD,SH 18 W,,Non-Injury Crash,Yes,2009,,North,,0,,Flat,,,,,,Overcast,180818,0,0,0,3,,,0,,,,,,Auckland Region,Motorway ramp,1-way,Sealed,,0,0,,50,,Off,1,0,,76,Auckland,Nil,,,,,0,0,Urban,1,,,Fine,Null
1823458,5532245,18448,,562500,0,,0,0,,East,2008/2009,TREMAINE AVENUE,VOGEL ST,,Non-Injury Crash,No,2009,,East,,0,,Flat,,,,,,Bright sun,1840800,0,0,0,2,,,0,,,,,,Manawatū-Whanganui Region,Nil,2-way,Sealed,,0,0,,50,,Null,0,0,,40,Palmerston North City,Nil,,,,,1,0,Urban,1,,,Fine,Null
1766616,5912969,18449,,522920,0,,0,2,,South,2008/2009,TI RAKAU DRIVE,PALM AVENUE,,Non-Injury Crash,No,2009,,North,,0,,Flat,,,,,,Bright sun,683900,0,0,0,5,,,0,,,,,,Auckland Region,Nil,2-way,Sealed,,0,0,,60,,Null,0,0,,76,Auckland,Unknown,,,,,0,0,Urban,0,,,Fine,Null
1745461,5920739,18450,,513301,0,,0,1,,Null,2008/2009,SH 16,LINCOLN OBR,,Non-Injury Crash,Yes,2009,,West,,0,,Hill Road,,,,,,Overcast,231700,0,0,0,2,,,0,,,,,,Auckland Region,Nil,1-way,Sealed,,0,0,,100,,On,0,0,,76,Auckland,Nil,,,,,0,0,Open,0,,,Fine,Null
1879307,5824580,18451,,538201,0,,0,2,,Null,2008/2009,DURHAM ST,WHARF ST,,Non-Injury Crash,No,2009,,North,,0,,Flat,,,,,,Bright sun,1163900,0,0,0,2,,,0,,,,,,Bay of Plenty Region,Nil,2-way,Sealed,,0,0,,50,,Off,0,1,,23,Tauranga City,Stop,,,,,0,0,Urban,0,,,Fine,Null
1729425,6017553,18452,,501816,0,,0,1,,Null,2009/2010,SH 1N,SHOEMAKER ROAD,,Non-Injury Crash,Yes,2009,,North,,0,,Flat,,Christmas New Year,,,,Bright sun,80400,0,0,0,2,,,0,,,,,,Northland Region,Nil,2-way,Sealed,,0,0,,100,,Null,1,0,,2,Whangarei District,Stop,,,,,0,0,Open,0,,,Null,Strong wind
1746264,5916930,18453,,510800,0,,0,1,,Null,2009/2010,GREAT NORTH ROAD,NORCROSS AVENUE,,Non-Injury Crash,No,2009,,East,,0,,Flat,,,,,,Bright sun,243502,0,0,0,4,,,0,,,,,,Auckland Region,Nil,2-way,Sealed,,0,0,,50,,Null,1,0,,76,Auckland,Nil,,,,,0,0,Urban,0,,,Fine,Null
1619984,5427994,18454,,583500,0,,0,2,,Null,2008/2009,NAYLAND ROAD,QUARANTINE ROAD,,Non-Injury Crash,No,2009,,North,,0,,Flat,,,,,,Bright sun,2336400,0,0,0,2,,,0,,,,,,Nelson Region,Nil,2-way,Sealed,,0,0,,50,,Null,0,0,,52,Nelson City,Give way,,,,,0,0,Urban,0,,,Fine,Null
2059060,5728803,18455,,544001,0,0,0,1,0,South,2008/2009,SH 35,WAIHAU ROAD,,Non-Injury Crash,Yes,2009,0,South,0,0,1,Hill Road,0,Easter,0,,0,Overcast,1355902,0,0,0,2,0,0,0,0,0,,0,0,Gisborne Region,Nil,2-way,Sealed,0,0,0,0,100,0,Null,0,0,,28,Gisborne District,Nil,0,0,0,0,0,0,Open,0,0,0,Light rain,Null
1766520,5900058,18456,,524713,0,0,0,2,0,Null,2008/2009,JOHN WALKER DRIVE,TAMWORTH CLOSE,,Non-Injury Crash,No,2009,0,East,0,0,0,Flat,0,,0,,0,Overcast,775806,0,0,0,1,0,0,0,0,0,,0,0,Auckland Region,Nil,1-way,Sealed,0,0,0,0,50,0,Null,0,0,,76,Auckland,Nil,0,0,0,0,0,0,Urban,0,1,0,Fine,Null
1745846,5920199,18457,,513301,0,,0,2,,East,2008/2009,CENTRAL PARK DRIVE,COLLARD PLACE,,Non-Injury Crash,No,2009,,West,,0,,Flat,,,,,,Bright sun,230301,0,0,0,2,,,0,,,,,,Auckland Region,Nil,2-way,Sealed,,0,0,,50,,Null,0,0,,76,Auckland,Nil,,,,,0,0,Urban,0,,,Fine,Null
1751191,5915048,18458,,514401,0,,0,2,,Null,2008/2009,GREAT NORTH ROAD,WINGATE ST,,Non-Injury Crash,No,2009,,South,,0,,Flat,,Queens Birthday,,,,Dark,382300,0,0,0,2,,,0,,,,,,Auckland Region,Nil,1-way,Sealed,,0,0,,50,,On,0,0,,76,Auckland,Give way,,,,,0,0,Urban,0,,,Fine,Null
1748078,5912050,18459,,511901,0,,0,2,,South,2008/2009,TITIRANGI ROAD,GOLF ROAD,,Non-Injury Crash,No,2009,,North,,0,,Flat,,Christmas New Year,,,,Overcast,292600,0,0,0,2,,,0,,,,,,Auckland Region,Nil,2-way,Sealed,,0,0,,50,,Off,0,0,,76,Auckland,Give way,,,,,0,0,Urban,0,,,Light rain,Null