X,Y,OBJECTID,advisorySpeed,areaUnitID,bicycle,bridge,bus,carStationWagon,cliffBank,crashDirectionDescription,crashFinancialYear,crashLocation1,crashLocation2,crashRoadSideRoad,crashSeverity,crashSHDescription,crashYear,debris,directionRoleDescription,ditch,fatalCount,fence,flatHill,guardRail,holiday,houseOrBuilding,intersection,kerb,light,meshblockId,minorInjuryCount,moped,motorcycle,NumberOfLanes,objectThrownOrDropped,otherObject,otherVehicleType,overBank,parkedVehicle,pedestrian,phoneBoxEtc,postOrPole,region,roadCharacter,roadLane,roadSurface,roadworks,schoolBus,seriousInjuryCount,slipOrFlood,speedLimit,strayAnimal,streetLight,suv,taxi,temporarySpeedLimit,tlaId,tlaName,trafficControl,trafficIsland,trafficSign,train,tree,truck,unknownVehicleType,urban,vanOrUtility,vehicle,waterRiver,weatherA,weatherB
1757815,5917155,18460,,515700,0,,0,2,,Null,2009/2010,OWENS ROAD,MOUNTAIN ROAD,,Non-Injury Crash,No,2009,,East,,0,,Flat,,,,,,Dark,457600,0,0,0,2,,,0,,,,,,Auckland Region,Nil,2-way,Sealed,,0,0,,50,,On,0,0,,76,Auckland,Give way,,,,,0,0,Urban,0,,,Light rain,Strong wind
1575368,5185711,18461,,590602,0,0,0,0,0,Null,2008/2009,DAYTONA PLACE,CURZON PLACE,,Minor Crash,No,2009,0,East,0,0,1,Flat,0,Queens Birthday,0,,0,Bright sun,2505301,1,0,1,2,0,0,0,0,0,,0,0,Canterbury Region,Nil,2-way,Sealed,0,0,0,0,50,0,Null,0,0,,60,Christchurch City,Nil,0,0,0,0,0,0,Urban,0,0,0,Fine,Null
1600966,5449649,18462,,584303,1,,0,1,,Null,2008/2009,SH 60,FEARON ST,,Minor Crash,Yes,2009,,South,,0,,Flat,,,,,,Bright sun,2376400,1,0,0,2,,,0,,,,,,Tasman Region,Nil,2-way,Sealed,,0,0,,50,,Null,0,0,,51,Tasman District,Give way,,,,,0,0,Urban,0,,,Fine,Null
1748908,5953699,18463,,506614,0,0,0,1,1,East,2009/2010,WERANUI ROAD,UPPER WAIWERA ROAD,,Non-Injury Crash,No,2009,0,East,0,0,0,Flat,0,Christmas New Year,0,,0,Bright sun,176905,0,0,0,2,0,0,0,0,0,,0,0,Auckland Region,Nil,2-way,Unsealed,0,0,0,0,100,0,None,0,0,,76,Auckland,Nil,0,0,0,0,0,0,Open,1,0,0,Fine,Null
1883620,5773162,18464,,539700,0,,0,2,,Null,2008/2009,MALFROY ROAD WEST,MIRO ST,,Non-Injury Crash,No,2009,,West,,0,,Flat,,,,,,Bright sun,1227300,0,0,0,2,,,0,,,,,,Bay of Plenty Region,Nil,2-way,Sealed,,0,0,,50,,Off,0,0,,24,Rotorua District,Stop,,,,,0,0,Urban,0,,,Fine,Null
1805986,5789334,18465,,527936,0,0,0,1,0,West,2008/2009,GOLF ROAD,PARK ROAD,,Non-Injury Crash,No,2009,0,West,0,0,1,Flat,0,Queens Birthday,0,,0,Bright sun,989201,0,0,0,2,0,0,0,0,0,,0,0,Waikato Region,Nil,2-way,Sealed,0,0,0,0,100,0,Null,1,0,,17,Waipa District,Unknown,0,0,0,0,0,0,Open,0,0,0,Fine,Null
1766906,5907688,18466,,523501,0,,0,3,,North,2008/2009,BAIRDS ROAD,EAST TAMAKI ROAD,,Non-Injury Crash,No,2009,,South,,0,,Flat,,,,,,Overcast,700602,0,0,0,2,,,0,,,,,,Auckland Region,Nil,2-way,Sealed,,0,0,,50,,Null,0,0,,76,Auckland,Unknown,,,,,0,0,Urban,0,,,Light rain,Null
1758772,5945808,18467,,505910,0,0,0,1,0,East,2008/2009,ROBERTS ROAD,WHANGAPARAOA ROAD,,Non-Injury Crash,No,2009,0,North,0,0,0,Hill Road,0,,0,,1,Bright sun,174902,0,0,0,1,0,0,0,0,0,,0,0,Auckland Region,Nil,2-way,Sealed,0,0,0,0,50,0,Null,0,0,,76,Auckland,Unknown,0,0,0,0,0,0,Urban,0,0,0,Fine,Null
1767807,5904083,18468,,524602,0,,0,2,,Null,2009/2010,GREAT SOUTH ROAD,LAKEWOOD COURT,,Non-Injury Crash,No,2009,,North,,0,,Flat,,,,,,Dark,780501,0,0,0,4,,,0,,,,,,Auckland Region,Nil,2-way,Sealed,,0,0,,50,,On,0,0,,76,Auckland,Traffic Signals,,,,,0,0,Urban,0,,,Fine,Null
1878827,5821721,18469,,538102,0,,0,2,,East,2008/2009,SH 2A,SCANTLEBURY ST,,Non-Injury Crash,Yes,2009,,West,,0,,Hill Road,,,,,,Overcast,1168800,0,0,0,2,,,0,,,,,,Bay of Plenty Region,Nil,2-way,Sealed,,0,0,,50,,Null,0,0,,23,Tauranga City,Stop,,,,,0,0,Urban,0,,,Fine,Null
1756126,5917693,18470,,518102,0,,1,1,,Null,2008/2009,DOMINION ROAD,BELLEVUE ROAD,,Non-Injury Crash,No,2009,,South,,0,,Flat,,,,,,Bright sun,545900,0,0,0,2,,,0,,,,,,Auckland Region,Nil,2-way,Sealed,,0,0,,50,,Off,0,0,,76,Auckland,Stop,,,,,0,0,Urban,0,,,Fine,Null
1793291,5834669,18471,,527112,0,0,0,1,0,Null,2009/2010,TE PUTU ST,MURPHY LANE,,Non-Injury Crash,No,2009,0,North,0,0,1,Hill Road,0,,0,,0,Overcast,951102,0,0,0,2,0,0,0,0,0,,0,0,Waikato Region,Nil,2-way,Sealed,0,0,0,0,50,0,Off,0,0,,13,Waikato District,Give way,0,0,0,0,0,0,Urban,0,0,0,Fine,Null
1740043,5911413,18472,,513020,0,,0,2,,North,2009/2010,SCENIC DRIVE,PIHA ROAD,,Non-Injury Crash,No,2009,,North,,0,,Flat,,,,,,Twilight,280302,0,0,0,2,,,0,,,,,,Auckland Region,Nil,2-way,Sealed,,0,0,,70,,Off,0,0,,76,Auckland,Nil,,,,,0,0,Urban,0,,,Fine,Null
1756774,5920184,18473,,514102,0,,0,2,,Null,2008/2009,COOK ST,NELSON ST,,Non-Injury Crash,No,2009,,East,,0,,Hill Road,,,,,,Dark,434500,0,0,0,4,,,0,,,,,,Auckland Region,Nil,2-way,Sealed,,0,0,,50,,On,0,0,,76,Auckland,Traffic Signals,,,,,0,0,Urban,0,,,Light rain,Null
1817807,5911622,18474,,533200,0,0,0,1,1,South,2009/2010,SH 25,RUSSEK ROAD,,Non-Injury Crash,Yes,2009,0,North,0,0,0,Flat,0,,0,,0,Overcast,1046502,0,0,0,2,0,0,0,0,0,,0,0,,Nil,2-way,Sealed,0,0,0,0,100,0,None,0,0,,11,Thames-Coromandel District,Nil,0,0,0,0,1,0,Open,0,0,0,Fine,Null
1756172,5924059,18475,,509800,0,,0,1,,South,2008/2009,SH 1N,ONEWA OBR,,Non-Injury Crash,Yes,2009,,South,,0,,Flat,,,,,,Bright sun,361100,0,0,0,4,,,0,,,,,,Auckland Region,Nil,1-way,Sealed,,0,0,,80,,Off,0,0,,76,Auckland,Nil,,,,,0,0,Open,1,,,Fine,Null
1766001,5900582,18476,,524713,0,,0,3,,Null,2009/2010,ROSCOMMON ROAD,WORDSWORTH ROAD,,Non-Injury Crash,No,2009,,South,,0,,Flat,,,,,,Bright sun,775817,0,0,0,2,,,0,,,,,,Auckland Region,Nil,2-way,Sealed,,0,0,,80,,Off,0,0,,76,Auckland,Nil,,,,,0,0,Open,0,,,Fine,Null
1749684,5913885,18477,,511303,0,,0,2,,East,2008/2009,GREAT NORTH ROAD,TOTARA AVENUE,,Non-Injury Crash,No,2009,,West,,0,,Flat,,,,,,Bright sun,264901,0,0,0,3,,,0,,,,,,Auckland Region,Nil,2-way,Sealed,,0,0,,50,,Null,0,0,,76,Auckland,Traffic Signals,,,,,0,0,Urban,0,,,Fine,Null
1721412,6050970,18478,,501814,0,0,0,1,1,North,2008/2009,NGUNGURA FORD ROAD,NGUNGURU ROAD,,Non-Injury Crash,No,2009,0,East,0,0,0,Hill Road,0,,0,,0,Bright sun,61904,0,0,0,1,0,0,0,0,0,,0,0,Northland Region,Nil,2-way,Unsealed,0,0,0,0,100,0,Null,0,0,,2,Whangarei District,Unknown,0,0,0,0,0,0,Open,0,0,0,Fine,Null
1756377,5920221,18479,,514000,0,,0,2,,Null,2009/2010,WELLINGTON ON NBD,SH 1N,,Non-Injury Crash,Yes,2009,,North,,0,,Flat,,,,,,Bright sun,416800,0,0,0,1,,,0,,,,,,Auckland Region,Motorway ramp,1-way,Sealed,,0,0,,80,,Off,0,0,,76,Auckland,Traffic Signals,,,,,0,0,Open,0,,,Fine,Null
1719668,6046847,18480,,502800,0,,0,2,,Null,2008/2009,KAMO ROAD,MILL ROAD,,Non-Injury Crash,No,2009,,South,,0,,Hill Road,,,,,,Bright sun,97000,0,0,0,2,,,0,,,,,,Northland Region,Nil,2-way,Sealed,,0,0,,50,,Null,0,0,,2,Whangarei District,Traffic Signals,,,,,0,0,Urban,0,,,Fine,Null
1850924,5764968,18481,,535340,0,,0,2,,Null,2008/2009,SH 32,KELSO ST,,Non-Injury Crash,Yes,2009,,East,,0,,Flat,,,,,,Overcast,1142500,0,0,0,2,,,0,,,,,,Waikato Region,Nil,2-way,Sealed,,0,0,,50,,Null,0,0,,19,South Waikato District,Give way,,,,,0,0,Urban,0,,,Light rain,Null
1798436,5820173,18482,,528310,0,,0,2,,West,2009/2010,WAIRERE DRIVE,RIVER ROAD,,Non-Injury Crash,No,2009,,East,,0,,Flat,,,,,,Bright sun,897503,0,0,0,2,,,0,,,,,,Waikato Region,Nil,2-way,Sealed,,0,0,,60,,Off,0,0,,16,Hamilton City,Nil,,,,,0,0,Urban,2,,,Fine,Null
1304296,4897467,18483,,607300,0,0,0,0,1,East,2008/2009,KOI FLAT ROAD,GLENSHEE ROAD,,Minor Crash,No,2009,0,North,1,0,0,Flat,0,,0,,0,Dark,3004600,2,0,0,2,0,0,0,0,0,,0,0,Otago Region,Nil,2-way,Unsealed,0,0,0,0,100,0,None,0,0,,72,Clutha District,Unknown,0,0,0,0,0,0,Open,1,0,0,Fine,Null
1743060,5918508,18484,,513214,0,,0,1,,Null,2008/2009,METCALFE ROAD,MUNROE ROAD,,Non-Injury Crash,No,2009,,West,,0,,Flat,,,,,,Bright sun,236400,0,0,0,2,,,0,,,,,,Auckland Region,Nil,2-way,Sealed,,0,0,,50,,Off,0,0,,76,Auckland,Give way,,,,,0,0,Urban,1,,,Light rain,Null
1760536,5915234,18485,,520202,0,,0,2,,Null,2008/2009,MAIN HIGHWAY,WALPOLE ST,,Non-Injury Crash,No,2009,,East,,0,,Hill Road,,,,,,Dark,611500,0,0,0,2,,,0,,,,,,Auckland Region,Nil,2-way,Sealed,,0,0,,50,,On,0,0,,76,Auckland,Stop,,,,,0,0,Urban,0,,,Fine,Null
1743697,5919354,18486,,513212,0,,0,1,,Null,2008/2009,SWANSON ROAD,UNIVERSAL DRIVE,,Non-Injury Crash,No,2009,,North,,0,,Flat,,,,,,Overcast,235600,0,0,0,2,,,0,,,,,,Auckland Region,Nil,2-way,Sealed,,0,0,,50,,Off,0,0,,76,Auckland,Give way,,,,,1,0,Urban,0,,,Fine,Null
1800893,5814772,18487,,529700,0,,0,2,,Null,2009/2010,THACKERAY ST,TRISTRAM ST,,Non-Injury Crash,No,2009,,West,,0,,Flat,,,,,,Overcast,911600,0,0,0,4,,,0,,,,,,Waikato Region,Nil,2-way,Sealed,,0,0,,50,,Off,0,0,,16,Hamilton City,Give way,,,,,0,0,Urban,0,,,Fine,Null
1763318,5912806,18488,65,520500,0,,0,4,,South,2009/2010,SH 1N,PENROSE OBR,,Non-Injury Crash,Yes,2009,,South,,0,,Flat,,,,,,Bright sun,637400,0,0,0,3,,,0,,,,,,Auckland Region,Nil,1-way,Sealed,,0,0,,100,,Off,1,0,,76,Auckland,Nil,,,,,0,0,Open,0,,,Fine,Null
1884750,5774063,18489,,540410,0,,0,1,,South,2008/2009,AMOHIA ST,HAUPAPA ST,,Non-Injury Crash,No,2009,,South,,0,,Flat,,,,,,Bright sun,1233600,0,0,0,2,,,0,,,,,,Bay of Plenty Region,Nil,2-way,Sealed,,0,0,,50,,Null,1,0,,24,Rotorua District,Unknown,,,,,0,0,Urban,0,,,Fine,Null
1766665,5905880,18490,,522302,0,0,0,1,0,North,2008/2009,GREAT SOUTH ROAD,ALLENBY ROAD,,Non-Injury Crash,No,2009,0,North,0,0,0,Flat,0,,0,,0,Dark,669200,0,0,0,4,0,0,0,0,1,,0,0,Auckland Region,Nil,2-way,Sealed,0,0,0,0,50,0,On,0,0,,76,Auckland,Nil,0,0,0,0,1,0,Urban,0,0,0,Fine,Null
1825425,5776255,18491,,528000,0,0,0,1,1,North,2009/2010,WAIPAPA ROAD,ROTONGATA ROAD,,Non-Injury Crash,No,2009,0,South,1,0,0,Flat,0,,0,,0,Overcast,991800,0,0,0,2,0,0,0,0,0,,0,1,Waikato Region,Nil,2-way,Sealed,0,0,0,0,100,0,Null,0,0,,17,Waipa District,Unknown,0,1,0,0,0,0,Open,0,0,0,Fine,Null
1798284,5818135,18492,,528403,0,,0,1,,Null,2008/2009,HOME STRAIGHT,TE RAPA ROAD,,Non-Injury Crash,No,2009,,South,,0,,Flat,,,,,,Bright sun,908000,0,0,0,4,,,0,,,1,,,Waikato Region,Nil,2-way,Sealed,,0,0,,60,,Null,0,0,,16,Hamilton City,Traffic Signals,,,,,0,0,Urban,0,,,Fine,Null
1571550,5184147,18493,,592701,0,,0,2,,Null,2009/2010,INNES ROAD,HILLS ROAD,,Minor Crash,No,2009,,East,,0,,Flat,,,,,,Overcast,2593600,1,0,0,2,,,0,,,,,,Canterbury Region,Nil,2-way,Sealed,,0,0,,50,,Null,0,0,,60,Christchurch City,Traffic Signals,,,,,0,0,Urban,0,,,Light rain,Null
1766025,5900490,18494,,524821,0,,0,2,,Null,2008/2009,ROSCOMMON ROAD,BURUNDI AVENUE,,Non-Injury Crash,No,2009,,North,,0,,Hill Road,,,,,,Bright sun,774405,0,0,0,2,,,0,,,,,,Auckland Region,Nil,2-way,Sealed,,0,0,,50,,Null,0,0,,76,Auckland,Stop,,,,,0,0,Urban,0,,,Fine,Null
1769037,5468683,18495,,566000,0,,0,0,,Null,2008/2009,SH 1N,KAPITI ROAD,,Non-Injury Crash,Yes,2009,,North,,0,,Flat,,,,,,Overcast,2003709,0,0,0,5,,,0,,,,,,Wellington Region,Nil,2-way,Sealed,,0,0,,50,,Null,0,0,,43,Kapiti Coast District,Traffic Signals,,,,,0,0,Urban,2,,,Fine,Null
1822512,5829849,18496,,534902,0,0,0,2,0,North,2008/2009,STUDHOLME ST,SNELL ST,,Non-Injury Crash,No,2009,0,North,0,0,0,Flat,0,Queens Birthday,0,,0,Dark,1086500,0,0,0,1,0,0,0,0,1,,0,0,Waikato Region,Nil,2-way,Sealed,0,0,0,0,50,0,On,0,0,,15,Matamata-Piako District,Nil,0,0,0,0,0,0,Urban,0,0,0,Fine,Null
1760965,5919957,18497,,516400,0,0,1,0,0,Null,2008/2009,TAMAKI DRIVE,NGAPIPI ROAD,,Non-Injury Crash,No,2009,0,West,0,0,0,Hill Road,0,,0,,0,Overcast,496500,0,0,0,4,0,0,0,0,0,,0,0,Auckland Region,Nil,2-way,Sealed,0,0,0,0,50,0,Null,0,0,,76,Auckland,Give way,0,0,0,0,0,0,Urban,1,1,0,Fine,Null
1755456,5921509,18498,,515202,0,0,0,0,0,South,2005/2006,SH 1N,SHELLY BEACH OBR,,Minor Crash,Yes,2006,0,South,0,0,0,Flat,1,,0,,0,Dark,425600,2,0,0,4,0,0,0,0,0,1,0,0,Auckland Region,Nil,1-way,Sealed,0,0,0,0,80,0,On,1,0,,76,Auckland,Nil,0,0,0,0,0,0,Open,0,0,0,Fine,Null
1893549,5749469,18499,,538841,0,0,0,1,0,South,2006/2007,SH 5,WAIOTAPU LOOP ROAD S,,Minor Crash,Yes,2006,0,North,1,0,0,Flat,0,,0,,0,Dark,1260201,1,0,0,2,0,0,0,0,0,,0,0,Waikato Region,Nil,2-way,Sealed,0,0,0,0,100,0,None,0,0,,24,Rotorua District,Unknown,0,0,0,0,0,0,Open,0,0,0,Fine,Null
1767410,5906289,18500,,523601,0,,0,1,,North,2006/2007,OCONNOR ST,FLAT BUSH ROAD,,Minor Crash,No,2006,,South,,0,,Flat,,,,,,Bright sun,706700,1,0,0,2,,,0,,,1,,,Auckland Region,Nil,2-way,Sealed,,0,0,,50,,Null,0,0,,76,Auckland,Unknown,,,,,0,0,Urban,0,,,Fine,Null
1755173,5914291,18501,,518803,0,,0,1,,Null,2005/2006,MOUNT ALBERT ROAD,DOMINION ROAD,,Minor Crash,No,2006,,East,,0,,Flat,,,,,,Twilight,580100,1,0,0,4,,,0,,,1,,,Auckland Region,Nil,2-way,Sealed,,0,0,,50,,On,0,1,,76,Auckland,Traffic Signals,,,,,0,0,Urban,0,,,Fine,Null
1700490,5679093,18502,,550902,0,0,0,1,0,East,2005/2006,SH 3,WILLS ROAD,,Minor Crash,Yes,2006,0,West,0,0,0,Flat,0,,0,,0,Dark,1563000,1,0,0,2,0,0,0,0,0,,0,0,Taranaki Region,Nil,2-way,Sealed,0,0,0,0,100,0,On,0,0,,33,New Plymouth District,Nil,0,0,0,0,0,0,Open,0,0,0,Fine,Strong wind
1764445,5908703,18503,,521901,0,,0,2,,North,2005/2006,GREAT SOUTH ROAD,NELSON ST,,Minor Crash,No,2006,,South,,0,,Flat,,Easter,,,,Dark,785600,1,0,0,4,,,0,,,,,,Auckland Region,Nil,2-way,Sealed,,0,0,,50,,On,0,0,,76,Auckland,Nil,,,,,0,0,Urban,0,,,Fine,Null
1753137,5916812,18504,,517800,0,0,0,1,1,East,2005/2006,NEW NORTH ROAD,ASQUITH AVENUE,,Minor Crash,No,2006,0,East,0,0,0,Hill Road,0,,0,,0,Dark,527600,1,0,0,4,0,0,0,0,0,,1,1,Auckland Region,Nil,2-way,Sealed,0,0,0,0,50,0,On,0,0,,76,Auckland,Nil,0,1,0,0,0,0,Urban,0,0,0,Fine,Null
1888273,5785109,18505,,538811,0,,0,1,,East,2005/2006,HAMURANA ROAD,UNSWORTH ROAD,,Fatal Crash,No,2006,,West,,2,,Hill Road,,,,,,Bright sun,1251202,0,0,0,2,,,0,,,,,,Bay of Plenty Region,Nil,2-way,Sealed,,0,0,,100,,None,0,0,,24,Rotorua District,Nil,,,,,1,0,Open,0,,,Fine,Frost
1763233,5911876,18506,,520500,0,,0,0,,East,2005/2006,SYLVIA PARK ROAD,GREAT SOUTH ROAD,,Minor Crash,No,2006,,West,,0,,Flat,,,,,,Overcast,637300,2,0,0,2,,,0,,,,,,Auckland Region,Nil,2-way,Sealed,,0,0,,50,,Off,0,0,,76,Auckland,Nil,,,,,1,0,Urban,1,,,Fine,Null
1823228,5878505,18507,,533902,0,,0,0,,West,2005/2006,SH 25,NGATAIPUA ROAD,,Serious Crash,Yes,2006,,West,,0,,Flat,,,,,,Bright sun,1062000,3,0,0,2,,,0,,,,,,Waikato Region,Nil,2-way,Sealed,,0,1,,100,,None,1,0,,12,Hauraki District,Nil,,,,,0,0,Open,1,,,Fine,Null
1754313,5933945,18508,,508804,0,,0,2,,South,2005/2006,EAST COAST ROAD,GREVILLE ROAD,,Non-Injury Crash,No,2006,,North,,0,,Flat,,,,,,Overcast,180611,0,0,0,4,,,0,,,,,,Auckland Region,Nil,2-way,Sealed,,0,0,,50,,Off,0,0,,76,Auckland,Nil,,,,,0,0,Urban,0,,,Fine,Null
1757313,5918874,18509,,514302,0,,0,3,,South,2005/2006,SH 1N,GRAFTON ON SBD,,Non-Injury Crash,Yes,2006,,South,,0,,Flat,,,,,,Dark,441700,0,0,0,3,,,0,,,,,,Auckland Region,Nil,1-way,Sealed,,0,0,,80,,On,0,0,,76,Auckland,Nil,,,,,0,0,Open,0,,,Fine,Null
1885172,5773658,18510,,540420,0,,0,1,,Null,2005/2006,SH 30A,FENTON ST,,Non-Injury Crash,Yes,2006,,West,,0,,Flat,,,,,,Bright sun,1236500,0,0,0,4,,,0,,,1,,,Bay of Plenty Region,Nil,2-way,Sealed,,0,0,,50,,Null,0,0,,24,Rotorua District,Traffic Signals,,,,,0,0,Urban,0,,,Fine,Null
1825906,5799012,18511,,535241,0,0,0,1,0,Null,2005/2006,SH 1N,GORTON ROAD,,Non-Injury Crash,Yes,2006,0,South,0,0,0,Flat,0,,0,,0,Bright sun,1123000,0,0,0,2,0,0,0,0,0,,0,0,Waikato Region,Nil,2-way,Sealed,0,0,0,0,100,0,Null,0,0,,17,Waipa District,Give way,0,0,0,0,0,0,Open,0,0,0,Fine,Null
1883782,5773187,18512,,540420,0,,0,2,,East,2005/2006,MALFROY ROAD,SH 5,,Non-Injury Crash,No,2006,,East,,0,,Flat,,,,,,Overcast,1235304,0,0,0,3,,,0,,,,,,Bay of Plenty Region,Nil,2-way,Sealed,,0,0,,50,,Null,0,0,,24,Rotorua District,Unknown,,,,,0,0,Urban,0,,,Fine,Null
1772202,5897737,18513,,523912,0,,0,2,,Null,2006/2007,PORCHESTER ROAD,TIRONUI STATION ROAD EAST,,Non-Injury Crash,No,2006,,South,,0,,Flat,,,,,,Overcast,766303,0,0,0,2,,,0,,,,,,Auckland Region,Nil,2-way,Sealed,,0,0,,50,,Off,0,0,,76,Auckland,Stop,,,,,0,0,Urban,0,,,Fine,Null
1759058,5911796,18514,,519820,0,0,0,1,0,Null,2006/2007,NEILSON ST,ONEHUNGA MALL,,Non-Injury Crash,No,2006,0,South,0,0,0,Flat,0,,0,,0,Bright sun,602401,0,0,0,4,0,0,0,0,1,,0,0,Auckland Region,Nil,2-way,Sealed,0,0,0,0,50,0,Off,0,0,,76,Auckland,Traffic Signals,0,0,0,0,0,0,Urban,2,0,0,Light rain,Null
1330017,4877749,18515,75,607300,0,,0,1,,West,2005/2006,SH 1S,WAIWERA STATION ROAD,,Minor Crash,Yes,2006,,West,,0,,Flat,,,,,,Overcast,3001600,3,0,0,2,,,0,,,,,,Otago Region,Nil,2-way,Sealed,,0,0,,100,,Null,0,0,,72,Clutha District,Unknown,,,,,0,0,Open,0,,,Light rain,Null
1755918,5917356,18516,,518201,0,0,0,2,0,North,2005/2006,CROMWELL ST,BELLWOOD AVENUE,,Non-Injury Crash,No,2006,0,South,0,0,0,Flat,0,,0,,0,Dark,548500,0,0,0,2,0,0,0,0,0,,0,0,Auckland Region,Nil,2-way,Sealed,0,0,0,0,50,0,On,0,0,,76,Auckland,Nil,0,0,0,0,0,0,Urban,0,1,0,Fine,Null
1747250,5921475,18517,,512300,0,,0,2,,East,2005/2006,TAIKATA ROAD,KERVIL AVENUE,,Non-Injury Crash,No,2006,,West,,0,,Flat,,,,,,Dark,250200,0,0,0,2,,,0,,,,,,Auckland Region,Nil,2-way,Sealed,,0,0,,50,,On,0,0,,76,Auckland,Nil,,,,,0,0,Urban,0,,,Light rain,Null
1856548,5537764,18518,,550200,0,0,0,1,0,North,2006/2007,SH 2,OLD MAIN ROAD,,Serious Crash,Yes,2006,0,South,1,0,1,Flat,0,,0,,0,Bright sun,1544600,1,0,0,2,0,0,0,0,0,,0,0,Manawatū-Whanganui Region,Nil,2-way,Sealed,0,0,1,0,100,0,Null,0,0,30,41,Tararua District,Nil,0,0,0,0,0,0,Open,0,0,0,Fine,Null
1774200,5896849,18519,,525610,0,0,0,1,0,East,2006/2007,CROSS ST,ROLLERSON ST,,Non-Injury Crash,No,2006,0,West,0,0,1,Flat,0,,0,,0,Dark,796700,0,0,0,2,0,0,0,0,0,,0,0,Auckland Region,Nil,2-way,Sealed,0,0,0,0,50,0,On,0,0,,76,Auckland,Nil,0,0,0,0,0,0,Urban,0,0,0,Light rain,Null
1753080,5932384,18520,,508807,0,,0,1,,West,2006/2007,ROSEDALE ROAD,HENRY ROSE PLACE,,Non-Injury Crash,No,2006,,South,,0,,Flat,,,,,,Overcast,180810,0,0,0,2,,,0,,,,,,Auckland Region,Nil,2-way,Sealed,,0,0,,50,,Off,0,0,,76,Auckland,Nil,,,,,1,0,Urban,0,,,Light rain,Null
1765671,5898931,18521,,524811,0,,0,0,,Null,2008/2009,ETHERTON DRIVE,REYLAND CLOSE,,Non-Injury Crash,No,2009,,West,,0,,Flat,,,,,,Bright sun,773814,0,0,0,2,,,0,,,,,,Auckland Region,Nil,2-way,Sealed,,0,0,,50,,Null,2,0,,76,Auckland,Nil,,,,,0,0,Urban,0,,,Fine,Null
1870689,5816331,18522,75,536630,0,0,0,0,0,South,2008/2009,SH 29,BELK ROAD,,Non-Injury Crash,Yes,2009,0,South,0,0,0,Hill Road,1,,0,,0,Bright sun,1191702,0,0,0,2,0,0,0,0,0,,0,0,Bay of Plenty Region,Bridge,2-way,Sealed,0,0,0,0,100,0,None,0,0,,23,Tauranga City,Nil,0,0,0,0,1,0,Open,0,0,0,Fine,Null
1802260,5812580,18523,,530400,0,0,0,2,0,West,2008/2009,NORRIE ST,ANNABEL PLACE,,Non-Injury Crash,No,2009,0,East,0,0,0,Flat,0,,0,,0,Overcast,922900,0,0,0,2,0,0,0,0,1,,0,0,Waikato Region,Nil,2-way,Sealed,0,0,0,0,50,0,Null,0,0,,16,Hamilton City,Unknown,0,0,0,0,0,0,Urban,0,0,0,Light rain,Null
1768707,5910125,18524,,523112,0,,0,2,,Null,2008/2009,HARRIS ROAD,CROOKS ROAD,,Non-Injury Crash,No,2009,,North,,0,,Flat,,,,,,Overcast,711500,0,0,0,2,,,0,,,,,,Auckland Region,Nil,2-way,Sealed,,0,0,,50,,Off,0,0,,76,Auckland,Give way,,,,,0,0,Urban,0,,,Light rain,Null
1742580,5943966,18525,,506614,0,0,0,1,0,West,2009/2010,KAHIKATEA FLAT ROAD,WHITEHILLS ROAD,,Non-Injury Crash,No,2009,0,East,0,0,0,Flat,0,,0,,0,Bright sun,177801,0,0,0,2,0,0,0,0,0,,0,0,Auckland Region,Nil,2-way,Sealed,0,0,0,0,80,0,Null,0,0,,76,Auckland,Unknown,0,0,0,1,0,0,Open,0,0,0,Fine,Null
1565338,5175497,18526,,587847,0,,0,1,,Null,2008/2009,MILNS ROAD,SH 75,,Minor Crash,Yes,2009,,South,,0,,Flat,,,,,,Dark,2484603,1,1,0,2,,,0,,,,,,Canterbury Region,Nil,2-way,Sealed,,0,0,,60,,On,0,0,,60,Christchurch City,Give way,,,,,0,0,Urban,0,,,Fine,Null
1747341,5910814,18527,,511901,0,,0,2,,North,2009/2010,ATKINSON ROAD,TITIRANGI ROAD,,Non-Injury Crash,No,2009,,North,,0,,Hill Road,,,,,,Overcast,295002,0,0,0,2,,,0,,,,,,Auckland Region,Nil,2-way,Sealed,,0,0,,50,,Null,0,0,,76,Auckland,Nil,,,,,0,0,Urban,0,,,Light rain,Null
1771470,5895281,18528,,525540,0,,0,1,,North,2008/2009,SH 1N,BEACH OBR,,Non-Injury Crash,Yes,2009,,South,,0,,Flat,,,,,,Bright sun,806402,0,0,0,2,,,0,,,,,,Auckland Region,Nil,1-way,Sealed,,0,0,,100,,Off,0,0,,76,Auckland,Nil,,,,,1,0,Open,0,,,Fine,Null
1758843,5920292,18529,,514101,0,0,0,3,0,West,2008/2009,SH 16,ST GEORGES BAY ROAD,,Non-Injury Crash,Yes,2009,0,West,0,0,0,Flat,0,,0,,0,Overcast,438221,0,0,0,3,0,0,0,0,1,,0,0,Auckland Region,Nil,2-way,Sealed,0,0,0,0,50,0,On,0,0,,76,Auckland,Nil,0,0,0,0,0,0,Urban,0,0,0,Light rain,Null
1755368,5928979,18530,,508320,0,,0,1,,North,2008/2009,WAIRAU ROAD,TRISTRAM AVENUE,,Non-Injury Crash,No,2009,,South,,0,,Flat,,,,,,Bright sun,196700,0,0,0,3,,,0,,,,,,Auckland Region,Nil,2-way,Sealed,,0,0,,50,,Off,1,0,,76,Auckland,Traffic Signals,,,,,0,0,Urban,0,,,Fine,Null