X,Y,OBJECTID,advisorySpeed,areaUnitID,bicycle,bridge,bus,carStationWagon,cliffBank,crashDirectionDescription,crashFinancialYear,crashLocation1,crashLocation2,crashRoadSideRoad,crashSeverity,crashSHDescription,crashYear,debris,directionRoleDescription,ditch,fatalCount,fence,flatHill,guardRail,holiday,houseOrBuilding,intersection,kerb,light,meshblockId,minorInjuryCount,moped,motorcycle,NumberOfLanes,objectThrownOrDropped,otherObject,otherVehicleType,overBank,parkedVehicle,pedestrian,phoneBoxEtc,postOrPole,region,roadCharacter,roadLane,roadSurface,roadworks,schoolBus,seriousInjuryCount,slipOrFlood,speedLimit,strayAnimal,streetLight,suv,taxi,temporarySpeedLimit,tlaId,tlaName,trafficControl,trafficIsland,trafficSign,train,tree,truck,unknownVehicleType,urban,vanOrUtility,vehicle,waterRiver,weatherA,weatherB
1569616,5179777,18531,,591600,0,,0,1,,West,2008/2009,RICCARTON AVENUE,HAGLEY AVENUE,,Minor Crash,No,2009,,East,,0,,Flat,,,,,,Bright sun,2678500,1,0,0,3,,,1,,,,,,Canterbury Region,Nil,2-way,Sealed,,0,0,,50,,Null,0,0,,60,Christchurch City,Nil,,,,,0,0,Urban,0,,,Fine,Null
1749018,5913893,18532,,511302,0,0,0,2,0,Null,2008/2009,WATTLE STREET,GREAT NORTH ROAD,,Non-Injury Crash,No,2009,0,West,0,0,0,Flat,0,,0,,0,Dark,269500,0,0,0,2,0,0,0,0,0,,0,0,Auckland Region,Nil,2-way,Sealed,0,0,0,0,50,0,On,0,0,,76,Auckland,Nil,0,0,0,0,0,0,Urban,0,1,0,Light rain,Null
1293875,5038975,18533,,609029,0,,0,0,,South,2009/2010,CARDRONA VALLEY ROAD,RIVERBANK ROAD,,Minor Crash,No,2009,,North,,0,,Hill Road,,,,,,Twilight,3036900,2,0,0,2,,,0,,,,,,Otago Region,Nil,2-way,Sealed,,0,0,,100,,None,0,0,,70,Queenstown-Lakes District,Unknown,,,,,0,0,Open,1,,,Fine,Frost
1766338,5907570,18534,,523601,0,,0,1,,Null,2009/2010,EAST TAMAKI ROAD,OTARA OFF SBD,,Non-Injury Crash,Yes,2009,,South,,0,,Flat,,,,,,Dark,708500,0,0,0,2,,,0,,,,,,Auckland Region,Motorway ramp,2-way,Sealed,,0,0,,50,,On,0,0,,76,Auckland,Traffic Signals,,,,,0,0,Urban,1,,,Fine,Null
1650607,6118926,18535,,500202,0,,0,0,,South,2009/2010,KOHUMARU ROAD,SH 10,,Non-Injury Crash,No,2009,,South,,0,,Hill Road,,,,,,Bright sun,5700,0,0,0,1,,,0,,,,,,Northland Region,Nil,2-way,Unsealed,,0,0,,100,,None,0,0,,1,Far North District,Nil,,,,,0,0,Open,2,,,Fine,Null
1801975,5817590,18536,,530000,0,0,0,2,0,East,2008/2009,MARDON ROAD,TENNYSON ROAD,,Non-Injury Crash,No,2009,0,West,0,0,0,Flat,0,Easter,0,,0,Overcast,864600,0,0,0,2,0,0,0,0,1,,0,0,Waikato Region,Nil,2-way,Sealed,0,0,0,0,50,0,Null,0,0,,16,Hamilton City,Unknown,0,0,0,0,0,0,Urban,0,0,0,Fine,Null
1760397,5919920,18537,,516400,0,0,0,2,0,East,2008/2009,TAMAKI DRIVE,SOLENT ST,,Non-Injury Crash,No,2009,0,West,0,0,0,Flat,0,,0,,0,Dark,496500,0,0,0,4,0,0,0,0,0,,0,1,Auckland Region,Nil,2-way,Sealed,0,0,0,0,50,0,On,0,0,,76,Auckland,Nil,0,1,0,0,0,0,Urban,0,0,0,Light rain,Null
1745083,5917939,18538,,510700,0,,0,2,,Null,2008/2009,SEL PEACOCK DRIVE,LINCOLN ROAD,,Non-Injury Crash,No,2009,,West,,0,,Flat,,,,,,Overcast,240200,0,0,0,2,,,0,,,,,,Auckland Region,Nil,2-way,Sealed,,0,0,,50,,Null,0,0,,76,Auckland,Traffic Signals,,,,,0,0,Urban,0,,,Light rain,Null
1885192,5773657,18539,,540420,0,,0,2,,East,2009/2010,SH 30A,FENTON ST,,Non-Injury Crash,Yes,2009,,West,,0,,Flat,,,,,,Overcast,1236600,0,0,0,6,,,0,,,,,,Bay of Plenty Region,Nil,2-way,Sealed,,0,0,,50,,Null,0,0,,24,Rotorua District,Traffic Signals,,,,,0,0,Urban,0,,,Fine,Null
1745306,5919752,18540,,513301,0,,0,1,,Null,2008/2009,UNIVERSAL DRIVE,LINCOLN ROAD,,Non-Injury Crash,No,2009,,South,,0,,Flat,,,,,,Twilight,232001,0,0,0,2,,,0,,,,,,Auckland Region,Nil,2-way,Sealed,,0,0,,50,,On,1,0,,76,Auckland,Give way,,,,,0,0,Urban,0,,,Fine,Null
1283606,4880065,18541,,610010,0,,0,1,,South,2008/2009,SH 1S,JUBILEE AVENUE,,Minor Crash,Yes,2009,,North,,0,,Flat,,,,,,Overcast,3053300,2,0,0,2,,,0,,,,,,Southland Region,Nil,2-way,Sealed,,0,0,,100,,Null,0,0,30,74,Gore District,Unknown,,,,,0,0,Open,1,,,Light rain,Null
1802553,5813532,18542,,530300,0,0,0,1,0,Null,2008/2009,SH 1N,HAMILTON GARDENS ENT,,Non-Injury Crash,Yes,2009,0,West,0,0,1,Flat,0,,0,,0,Dark,882500,0,0,0,4,0,1,0,0,0,,0,0,Waikato Region,Nil,2-way,Sealed,0,0,0,0,80,0,On,0,0,,16,Hamilton City,Unknown,0,0,0,0,0,0,Open,0,0,0,Light rain,Null
1871750,5721876,18543,,541335,0,0,0,1,0,North,2008/2009,SH 5,ARATIATIA ROAD,,Non-Injury Crash,Yes,2009,0,North,0,0,1,Hill Road,0,,0,,0,Overcast,1277304,0,0,0,2,0,0,0,0,0,,0,0,Waikato Region,Nil,2-way,Sealed,0,0,0,0,100,0,Null,0,0,,21,Taupo District,Unknown,0,0,0,0,0,0,Open,0,0,0,Fine,Null
1570849,5180765,18544,,591700,0,,0,2,,West,2008/2009,PETERBOROUGH ST,MANCHESTER ST,,Minor Crash,No,2009,,West,,0,,Flat,,,,,,Bright sun,2655700,1,0,0,2,,,0,,,,,,Canterbury Region,Nil,2-way,Sealed,,0,0,,50,,Null,0,0,,60,Christchurch City,Nil,,,,,0,0,Urban,0,,,Fine,Null
1759376,5912221,18545,,519820,0,0,0,1,0,West,2009/2010,CHURCH ST,SPRING ST,,Non-Injury Crash,No,2009,0,South,0,0,0,Flat,0,,0,,0,Bright sun,601200,0,0,0,2,0,0,0,0,0,,0,0,Auckland Region,Nil,2-way,Sealed,0,0,0,0,50,0,Off,1,0,,76,Auckland,Nil,0,0,0,0,0,0,Urban,0,1,0,Fine,Null
1746253,5916943,18546,,510800,0,0,0,2,0,North,2008/2009,GREAT NORTH ROAD,DELLWOOD AVENUE,,Non-Injury Crash,No,2009,0,North,0,0,0,Flat,0,,0,,0,Dark,243502,0,0,0,3,0,0,0,0,1,,0,0,Auckland Region,Nil,2-way,Sealed,0,0,0,0,50,0,On,0,0,,76,Auckland,Unknown,0,0,0,0,0,0,Urban,0,0,0,Light rain,Null
1868513,5711441,18547,,541740,0,,0,1,,North,2009/2010,LAKE TERRACE,NAPIER ROAD,,Non-Injury Crash,No,2009,,South,,0,,Flat,,,,,,Dark,1267500,0,0,0,2,,,0,,,,,,Waikato Region,Nil,2-way,Sealed,,0,0,,50,,On,0,0,,21,Taupo District,Stop,,,,,1,0,Urban,0,,,Fine,Null
1753781,5936736,18548,,508703,0,,0,2,,Null,2008/2009,EAST COAST ROAD,GLENVAR ROAD,,Non-Injury Crash,No,2009,,South,,0,,Hill Road,,,,,,Twilight,179213,0,0,0,2,,,0,,,,,,Auckland Region,Nil,2-way,Sealed,,0,0,,50,,Off,0,0,,76,Auckland,Give way,,,,,0,0,Urban,0,,,Fine,Null
1565361,5182167,18549,,589700,1,,0,2,,Null,2009/2010,WAIMAIRI ROAD,GREERS ROAD,,Minor Crash,No,2009,,South,,0,,Flat,,,,,,Bright sun,2536500,1,0,0,2,,,0,,,,,,Canterbury Region,Nil,2-way,Sealed,,0,0,,50,,Null,0,0,40,60,Christchurch City,Give way,,,,,0,0,Urban,0,,,Fine,Null
1894119,5820562,18550,,536202,0,0,0,2,0,West,2009/2010,PAPAMOA BEACH ROAD,CALYPSO DRIVE,,Non-Injury Crash,No,2009,0,East,0,0,0,Flat,0,,0,,0,Dark,1204816,0,0,0,2,0,0,0,0,1,,0,0,Bay of Plenty Region,Nil,2-way,Sealed,0,0,0,0,70,0,On,0,0,,23,Tauranga City,Unknown,0,0,0,0,0,0,Urban,0,0,0,Light rain,Null
1746124,5917006,18551,,510800,0,,0,2,,Null,2008/2009,MCLEOD ROAD,GREAT NORTH ROAD,,Non-Injury Crash,No,2009,,West,,0,,Hill Road,,Easter,,,,Overcast,243400,0,0,0,4,,,0,,,,,,Auckland Region,Nil,2-way,Sealed,,0,0,,50,,None,0,0,,76,Auckland,Give way,,,,,0,0,Urban,0,,,Fine,Null
1876802,5818548,18552,,537601,0,,0,2,,Null,2008/2009,OROPI ROAD,SH 29,,Non-Injury Crash,No,2009,,South,,0,,Hill Road,,,,,,Overcast,1177500,0,0,0,2,,,0,,,,,,Bay of Plenty Region,Nil,2-way,Sealed,,0,0,,100,,Null,0,0,,23,Tauranga City,Give way,,,,,0,0,Open,0,,,Fine,Null
1687608,6030884,18553,65,504502,0,,0,1,,East,2008/2009,SH 14,TANGOWAHINE VALLEY ROAD,,Non-Injury Crash,Yes,2009,,West,,0,,Hill Road,,,,,,Overcast,120800,0,0,0,2,,,0,,,,,,Northland Region,Nil,2-way,Sealed,,0,0,,100,,None,0,0,,3,Kaipara District,Nil,,,,,0,0,Open,0,,,Light rain,Null
1450931,5097407,18554,,598320,0,,0,1,,Null,2008/2009,SH 8,KHAN ST,,Serious Crash,Yes,2009,,East,,0,,Flat,,,,,,Overcast,2780001,0,0,1,2,,,0,,,,,,Canterbury Region,Nil,2-way,Sealed,,0,1,,50,,Null,0,0,,64,Timaru District,Give way,,,,,0,0,Urban,0,,,Fine,Null
1744287,5920635,18555,,513632,0,,0,2,,East,2009/2010,CROMPTON ROAD,REHIA ROAD,,Non-Injury Crash,No,2009,,West,,0,,Flat,,,,,,Bright sun,228300,0,0,0,2,,,0,,,,,,Auckland Region,Nil,2-way,Sealed,,0,0,,50,,Off,0,0,,76,Auckland,Nil,,,,,0,0,Urban,0,,,Fine,Null
1788462,5855678,18556,,527210,0,0,0,1,0,Null,2008/2009,SH 1N,RANGIRIRI ROAD,,Non-Injury Crash,Yes,2009,0,South,0,0,0,Hill Road,0,,0,,0,Dark,938602,0,0,0,4,0,0,0,0,0,,0,0,Waikato Region,Nil,2-way,Sealed,0,0,0,0,100,0,On,0,0,,13,Waikato District,Nil,0,1,0,0,0,0,Open,0,0,0,Light rain,Null
1702098,6044496,18557,55,501809,0,,0,0,,East,2009/2010,SH 15,WHAREKOHE ROAD,,Non-Injury Crash,Yes,2009,,South,,0,,Flat,,,,,,Dark,71500,0,0,0,2,,,0,,,,,,Northland Region,Nil,2-way,Sealed,,0,0,,100,,None,0,0,,2,Whangarei District,Nil,,,,,1,0,Open,0,,,Fine,Null
1564275,5182422,18558,,589602,0,,0,2,,East,2009/2010,MERRIN ST,WITHELLS ROAD,,Minor Crash,No,2009,,West,,0,,Flat,,,,,,Overcast,2530102,2,0,0,2,,,0,,,,,,Canterbury Region,Nil,2-way,Sealed,,0,0,,50,,Null,0,0,,60,Christchurch City,Nil,,,,,0,0,Urban,0,,,Light rain,Null
1241203,4862775,18559,,610051,0,0,0,1,0,North,2009/2010,SH 6,NORTH MAKAREWA-GROVE BUSH,,Minor Crash,Yes,2009,0,South,1,0,0,Flat,0,,0,,0,Bright sun,3077300,1,0,0,2,0,0,0,0,0,,0,0,Southland Region,Nil,2-way,Sealed,0,0,0,0,100,0,Null,0,0,,73,Southland District,Unknown,0,0,0,0,0,0,Open,0,0,0,Fine,Null
1755663,5919753,18560,,515302,0,0,0,2,0,West,2008/2009,DOUGLAS ST,PONSONBY ROAD,,Non-Injury Crash,No,2009,0,East,0,0,0,Flat,0,,0,,0,Bright sun,432100,0,0,0,2,0,0,0,0,1,,0,0,Auckland Region,Nil,2-way,Sealed,0,0,0,0,50,0,Off,0,0,,76,Auckland,Nil,0,0,0,0,0,0,Urban,0,0,0,Fine,Null
1882944,5776812,18561,,539200,0,,0,1,,West,2009/2010,KAWAHA POINT ROAD,KINGDOM DRIVE,,Non-Injury Crash,No,2009,,East,,0,,Flat,,,,,,Bright sun,1220600,0,0,0,2,,,0,,,,,,Bay of Plenty Region,Nil,2-way,Sealed,,0,0,,50,,Null,0,0,,24,Rotorua District,Give way,,,,,0,0,Urban,1,,,Fine,Null
1750503,5914433,18562,,511303,0,,0,2,,South,2008/2009,PORTAGE ROAD,GREAT NORTH ROAD,,Non-Injury Crash,No,2009,,North,,0,,Flat,,,,,,Overcast,266200,0,0,0,2,,,0,,,,,,Auckland Region,Nil,2-way,Sealed,,0,0,,50,,Off,0,0,,76,Auckland,Nil,,,,,0,0,Urban,0,,,Light rain,Null
1842550,5816884,18563,,535000,0,,0,3,,South,2008/2009,SH 27,MCGOWAN ST,,Non-Injury Crash,Yes,2009,,North,,0,,Flat,,,,,,Bright sun,1111700,0,0,0,2,,,0,,,,,,Waikato Region,Nil,2-way,Sealed,,0,0,,50,,Null,0,0,,15,Matamata-Piako District,Unknown,,,,,0,0,Urban,0,,,Fine,Null
1755835,5936923,18564,,506903,0,0,1,1,0,North,2009/2010,MARINA ROAD,GLAMORGAN DRIVE,,Non-Injury Crash,No,2009,0,South,0,0,0,Flat,0,,0,,0,Dark,168701,0,0,0,2,0,0,0,0,1,,0,0,Auckland Region,Nil,2-way,Sealed,0,0,0,0,50,0,On,0,0,,76,Auckland,Give way,0,0,0,0,0,0,Urban,0,0,0,Light rain,Null
1746247,5917204,18565,,510700,1,,0,1,,South,2009/2010,MCLEOD ROAD,ADRIATIC AVENUE,,Non-Injury Crash,No,2009,,South,,0,,Flat,,,,,,Twilight,240700,0,0,0,2,,,0,,,,,,Auckland Region,Nil,2-way,Sealed,,0,0,,50,,Off,0,0,,76,Auckland,Nil,,,,,0,0,Urban,0,,,Fine,Null
1756392,5943978,18566,,505909,0,0,0,1,0,East,2009/2010,WHANGAPARAOA ROAD,WADE RIVER ROAD E,,Non-Injury Crash,No,2009,0,West,0,0,0,Flat,0,,0,,1,Bright sun,174005,0,0,1,3,0,0,0,0,0,,0,0,Auckland Region,Nil,2-way,Sealed,0,0,0,0,50,0,Off,0,0,,76,Auckland,Nil,0,0,0,0,0,0,Urban,0,0,0,Fine,Null
1717926,6044712,18567,,502900,0,,0,2,,West,2009/2010,SH 14,HOSPITAL ROAD,,Non-Injury Crash,Yes,2009,,East,,0,,Flat,,,,,,Overcast,103100,0,0,0,2,,,0,,,,,,Northland Region,Nil,2-way,Sealed,,0,0,,50,,None,0,0,,2,Whangarei District,Nil,,,,,0,0,Urban,0,,,Heavy rain,Null
1760971,5906764,18568,,524112,0,0,0,1,0,East,2008/2009,ASHGROVE ROAD,CHINGFORD CLOSE,,Non-Injury Crash,No,2009,0,West,0,0,1,Flat,0,,0,,0,Bright sun,742800,0,0,0,2,0,0,0,0,0,,0,1,Auckland Region,Nil,2-way,Sealed,0,0,0,0,50,0,Off,0,0,,76,Auckland,Nil,0,0,0,0,0,0,Urban,0,0,0,Fine,Null
1879178,5824475,18569,,538201,0,,0,1,,Null,2008/2009,CAMERON ROAD,SPRING ST,,Non-Injury Crash,No,2009,,North,,0,,Flat,,,,,,Bright sun,1164700,0,0,0,4,,,0,,,,,,Bay of Plenty Region,Nil,2-way,Sealed,,0,0,,50,,Null,1,0,,23,Tauranga City,Give way,,,,,0,0,Urban,0,,,Fine,Null
1763262,5908247,18570,,524301,0,,0,2,,Null,2008/2009,MASSEY ROAD,ROSELLA ROAD,,Non-Injury Crash,No,2009,,South,,0,,Flat,,,,,,Dark,748600,0,0,0,2,,,0,,,,,,Auckland Region,Nil,2-way,Sealed,,0,0,,50,,On,0,0,,76,Auckland,Traffic Signals,,,,,0,0,Urban,0,,,Light rain,Null
1887169,5772716,18571,,538732,0,0,0,1,0,Null,2009/2010,SH 30,TARAWERA ROAD,,Non-Injury Crash,Yes,2009,0,West,0,0,1,Flat,0,,0,,0,Twilight,1255600,0,0,0,2,0,0,0,0,0,,0,0,Bay of Plenty Region,Nil,2-way,Sealed,0,0,0,0,70,0,Off,0,0,,24,Rotorua District,Give way,0,0,0,0,0,0,Urban,0,0,0,Fine,Null
1851301,5689000,18572,35,541346,0,,0,2,,Null,2009/2010,SH 1N,TAURANGA TAUPO BR,,Non-Injury Crash,Yes,2009,,West,,0,,Flat,,,,,,Dark,1281504,0,0,0,2,,,0,,,,,,Waikato Region,Bridge,2-way,Sealed,,0,0,,70,,None,0,0,,21,Taupo District,Unknown,,,,,0,0,Urban,0,,,Fine,Strong wind
1756405,5927193,18573,,507900,0,,0,1,,Null,2008/2009,SH 1N,NORTHCOTE OBR,,Non-Injury Crash,Yes,2009,,South,,0,,Flat,,,,,,Overcast,303502,0,0,0,3,,,0,,,,,,Auckland Region,Nil,1-way,Sealed,,0,0,,100,,Off,1,0,,76,Auckland,Nil,,,,,0,0,Open,0,,,Fine,Null
1881780,5780323,18574,,538601,0,,0,3,,South,2008/2009,SH 36,TAUI ST,,Non-Injury Crash,Yes,2009,,South,,0,,Flat,,,,,,Overcast,1247000,0,0,0,2,,,0,,,,,,Bay of Plenty Region,Nil,2-way,Sealed,,0,0,,50,,Null,0,0,,24,Rotorua District,Nil,,,,,0,0,Urban,0,,,Light rain,Null
1702492,6037636,18575,,501809,0,0,0,1,0,West,2008/2009,SH 14,WHATITIRI ROAD,,Non-Injury Crash,Yes,2009,0,West,1,0,0,Hill Road,0,,0,,0,Overcast,71800,0,0,0,2,0,0,0,0,0,,0,0,Northland Region,Nil,2-way,Sealed,0,0,0,0,100,0,Null,0,0,,2,Whangarei District,Unknown,0,0,0,0,0,0,Open,0,0,0,Mist or Fog,Null
1764025,5905057,18576,,522100,0,,0,2,,Null,2008/2009,PAH ROAD,HILLSIDE ROAD,,Non-Injury Crash,No,2009,,West,,0,,Flat,,,,,,Bright sun,658600,0,0,0,1,,,0,,,,,,Auckland Region,Nil,2-way,Sealed,,0,0,,50,,Off,0,0,,76,Auckland,Give way,,,,,0,0,Urban,0,,,Fine,Null
1822803,5829196,18577,,534901,0,,0,2,,Null,2008/2009,ANDERSON ST,LORNE ST,,Non-Injury Crash,No,2009,,North,,0,,Flat,,,,,,Bright sun,1087800,0,0,0,2,,,0,,,,,,Waikato Region,Nil,2-way,Sealed,,0,0,,50,,Null,0,0,,15,Matamata-Piako District,Stop,,,,,0,0,Urban,0,,,Fine,Null
1752970,5934953,18578,,508704,0,0,0,1,0,South,2009/2010,SH 1N,OTEHA VALLEY OBR,,Non-Injury Crash,Yes,2009,0,South,0,0,0,Hill Road,1,,0,,0,Bright sun,179113,0,0,0,3,0,0,0,0,0,,0,0,Auckland Region,Nil,1-way,Sealed,0,0,0,0,100,0,Null,0,0,,76,Auckland,Unknown,0,0,0,0,0,0,Open,0,0,0,Fine,Null
1750487,5939316,18579,,506300,0,0,0,1,0,South,2008/2009,WILSON ROAD,BAWDEN ROAD,,Non-Injury Crash,No,2009,0,East,1,0,0,Hill Road,0,,0,,0,Dark,176007,0,0,0,2,0,0,0,1,0,,0,0,Auckland Region,Nil,2-way,Sealed,0,0,0,0,80,0,None,0,0,,76,Auckland,Nil,0,0,0,0,0,0,Open,0,0,0,Fine,Null
1928819,5782050,18580,,542540,0,,0,1,,West,2008/2009,SH 34,PARK ROAD,,Non-Injury Crash,Yes,2009,,East,,0,,Hill Road,,,,,,Bright sun,1324602,0,0,0,2,,,0,,,,,,Bay of Plenty Region,Nil,2-way,Sealed,,0,0,,100,,Null,0,0,,25,Whakatane District,Unknown,,,,,0,0,Open,0,,,Fine,Frost
1800809,5813544,18581,,529100,0,,0,1,,Null,2008/2009,PEMBROKE ST,SELWYN ST,,Non-Injury Crash,No,2009,,South,,0,,Flat,,,,,,Overcast,932300,0,0,0,2,,,0,,,,,,Waikato Region,Nil,2-way,Sealed,,0,0,,50,,Null,1,0,,16,Hamilton City,Traffic Signals,,,,,0,0,Urban,0,,,Fine,Null
1739153,5967363,18582,,506613,0,1,0,1,0,North,2008/2009,OLD WOODCOCKS ROAD,GUY ROAD,,Non-Injury Crash,No,2009,0,South,1,0,0,Flat,0,,0,,0,Bright sun,145400,0,0,0,1,0,0,0,0,0,,0,0,Auckland Region,Bridge,2-way,Sealed,0,0,0,0,100,0,Null,0,0,,76,Auckland,Unknown,0,0,0,0,0,0,Open,0,0,0,Fine,Null
1875424,5819195,18583,,537601,0,,0,1,,North,2008/2009,CAMERON ROAD,MALEME ST,,Non-Injury Crash,No,2009,,South,,0,,Flat,,,,,,Bright sun,1175202,0,0,0,2,,,0,,,,,,Bay of Plenty Region,Nil,2-way,Sealed,,0,0,,50,,Null,0,0,,23,Tauranga City,Unknown,,,,,1,0,Urban,0,,,Fine,Null
1762834,5873507,18584,,521153,0,0,0,1,0,West,2008/2009,AKA AKA ROAD,ELBOW ROAD,,Non-Injury Crash,No,2009,0,West,0,0,0,Flat,0,,0,,0,Dark,825400,0,0,0,2,0,0,0,0,0,,0,0,Waikato Region,Nil,2-way,Sealed,0,0,0,0,100,0,None,0,0,,13,Waikato District,Give way,0,0,0,0,0,0,Open,0,0,0,Fine,Null
1745572,5917548,18585,,510700,0,0,0,2,0,Null,2009/2010,ALDERMAN DRIVE,SEL PEACOCK DRIVE,,Non-Injury Crash,No,2009,0,South,0,0,0,Flat,0,,0,,0,Overcast,239900,0,0,0,2,0,0,0,0,0,,0,1,Auckland Region,Nil,2-way,Sealed,0,0,0,0,50,0,Off,0,0,,76,Auckland,Give way,0,0,0,0,0,0,Urban,0,1,0,Fine,Strong wind
1751198,5915037,18586,,514402,0,,0,2,,Null,2008/2009,GREAT NORTH ROAD,ST JUDE ST,,Non-Injury Crash,No,2009,,West,,0,,Flat,,,,,,Overcast,381000,0,0,0,2,,,0,,,,,,Auckland Region,Nil,2-way,Sealed,,0,0,,50,,Off,0,0,,76,Auckland,Give way,,,,,0,0,Urban,0,,,Fine,Null
1221625,4890739,18587,75,612720,0,,0,1,,Null,2009/2010,SH 96,OTAUTAU-WREYS BUSH ROAD,,Serious Crash,Yes,2009,,West,,0,,Flat,,,,,,Bright sun,3179100,0,0,0,2,,,0,,,,,,Southland Region,Nil,2-way,Sealed,,0,1,,100,,Null,0,0,,73,Southland District,Give way,,,,,0,0,Open,0,,,Fine,Null
1763904,5912490,18588,,520500,0,,0,2,,Null,2009/2010,MOUNT WELLINGTON HIGHWAY,MT WGTN OFF NBD,,Non-Injury Crash,No,2009,,South,,0,,Flat,,,,,,Dark,637300,0,0,0,3,,,0,,,,,,Auckland Region,Nil,2-way,Sealed,,0,0,,50,,On,0,0,,76,Auckland,Traffic Signals,,,,,0,0,Urban,0,,,Fine,Null
1751565,5915247,18589,,514401,0,,0,2,,Null,2008/2009,BLOCKHOUSE BAY ROAD,NEW NORTH ROAD,,Non-Injury Crash,No,2009,,South,,0,,Flat,,,,,,Bright sun,382600,0,0,0,2,,,0,,,,,,Auckland Region,Nil,2-way,Sealed,,0,0,,50,,Null,0,0,,76,Auckland,Traffic Signals,,,,,0,0,Urban,0,,,Fine,Null
1764787,5912018,18590,,520500,0,,0,2,,Null,2008/2009,HOTUNUI DRIVE,TE APUNGA PLACE,,Non-Injury Crash,No,2009,,North,,0,,Flat,,,,,,Bright sun,639601,0,0,0,2,,,0,,,,,,Auckland Region,Nil,2-way,Sealed,,0,0,,50,,Off,0,0,,76,Auckland,Traffic Signals,,,,,0,0,Urban,0,,,Fine,Null
1958095,5782832,18591,,542562,0,0,0,1,0,South,2009/2010,MCCOY ROAD,WAINUI ROAD,,Non-Injury Crash,No,2009,0,South,0,0,1,Flat,0,,0,,0,Twilight,1296701,0,0,0,2,0,0,0,1,0,,0,0,Bay of Plenty Region,Nil,2-way,Sealed,0,0,0,0,100,0,None,0,0,,25,Whakatane District,Unknown,0,0,0,0,0,0,Open,0,0,0,Fine,Null
1826189,5885837,18592,,533502,0,,0,2,,North,2008/2009,SH 25,MACKAY ST,,Non-Injury Crash,Yes,2009,,South,,0,,Flat,,,,,,Dark,1055500,0,0,0,3,,,0,,,,,,Waikato Region,Nil,2-way,Sealed,,0,0,,50,,On,0,0,,11,Thames-Coromandel District,Unknown,,,,,0,0,Urban,0,,,Fine,Null
1795188,5810475,18593,,527820,0,,0,0,,Null,2008/2009,TUHIKARAMEA ROAD,KOROMATUA ROAD,,Non-Injury Crash,No,2009,,South,,0,,Hill Road,,,,,,Bright sun,979500,0,0,0,2,,,0,,,,,,Waikato Region,Nil,2-way,Sealed,,0,0,,100,,None,0,0,,16,Hamilton City,Stop,,,,,0,0,Open,2,,,Fine,Null
1459747,5118793,18594,,598312,0,,0,1,,Null,2008/2009,SH 79,WOODBURY ROAD,,Serious Crash,Yes,2009,,South,,0,,Flat,,,,,,Bright sun,2759300,1,0,0,2,,,0,,,,,,Canterbury Region,Nil,2-way,Sealed,,0,1,,80,,Null,0,0,,64,Timaru District,Stop,,,,,0,0,Open,1,,,Fine,Null
1801857,5814910,18595,,530200,0,,0,2,,South,2009/2010,GREY ST,BRIDGE ST,,Non-Injury Crash,No,2009,,North,,0,,Flat,,,,,,Bright sun,892800,0,0,0,4,,,0,,,,,,Waikato Region,Nil,2-way,Sealed,,0,0,,50,,Null,0,0,,16,Hamilton City,Unknown,,,,,0,0,Urban,0,,,Fine,Null
1818361,5802130,18596,,527505,0,0,0,1,0,North,2008/2009,GLOVER ST,WORDSWORTH ST,,Non-Injury Crash,No,2009,0,North,0,0,0,Flat,0,,1,,0,Dark,965900,0,0,0,2,0,0,0,0,1,,0,0,Waikato Region,Nil,2-way,Sealed,0,0,0,0,50,0,On,1,0,,17,Waipa District,Unknown,0,0,0,0,0,0,Urban,0,0,0,Fine,Null
1889546,5820920,18597,,536517,0,0,0,1,0,North,2008/2009,DOMAIN ROAD,TARA ROAD,,Non-Injury Crash,No,2009,0,North,1,0,0,Flat,0,,0,,0,Dark,1205060,0,0,0,2,0,0,0,0,0,,0,0,Bay of Plenty Region,Nil,2-way,Sealed,0,0,0,0,100,0,On,0,0,,23,Tauranga City,Unknown,0,0,0,0,0,0,Open,0,0,0,Fine,Null
1773981,5445516,18598,,567100,0,,0,0,,Null,2008/2009,QUEEN ST,LOGAN ST,,Minor Crash,No,2009,,West,,0,,Flat,,,,,,Bright sun,1905600,1,1,0,2,,,0,,,,,,Wellington Region,Nil,2-way,Sealed,,0,0,,50,,Null,1,0,,45,Upper Hutt City,Give way,,,,,0,0,Urban,0,,,Fine,Null
1803096,5799464,18599,,527932,0,0,0,1,0,South,2008/2009,SH 3,RYBURN ROAD,,Non-Injury Crash,Yes,2009,0,South,0,0,1,Hill Road,0,,0,,0,Dark,985603,0,0,0,4,0,0,0,0,0,,0,0,Waikato Region,Nil,2-way,Sealed,0,0,0,0,100,0,None,0,0,,17,Waipa District,Unknown,0,0,0,0,0,0,Open,0,0,0,Fine,Null
1750933,5914759,18600,,514402,0,,0,2,,West,2009/2010,GREAT NORTH ROAD,LARCH ST,,Non-Injury Crash,No,2009,,West,,0,,Hill Road,,,,,,Overcast,381301,0,0,0,4,,,0,,,,,,Auckland Region,Nil,2-way,Sealed,,0,0,,50,,Off,0,0,,76,Auckland,Nil,,,,,0,0,Urban,0,,,Fine,Null