X,Y,OBJECTID,advisorySpeed,areaUnitID,bicycle,bridge,bus,carStationWagon,cliffBank,crashDirectionDescription,crashFinancialYear,crashLocation1,crashLocation2,crashRoadSideRoad,crashSeverity,crashSHDescription,crashYear,debris,directionRoleDescription,ditch,fatalCount,fence,flatHill,guardRail,holiday,houseOrBuilding,intersection,kerb,light,meshblockId,minorInjuryCount,moped,motorcycle,NumberOfLanes,objectThrownOrDropped,otherObject,otherVehicleType,overBank,parkedVehicle,pedestrian,phoneBoxEtc,postOrPole,region,roadCharacter,roadLane,roadSurface,roadworks,schoolBus,seriousInjuryCount,slipOrFlood,speedLimit,strayAnimal,streetLight,suv,taxi,temporarySpeedLimit,tlaId,tlaName,trafficControl,trafficIsland,trafficSign,train,tree,truck,unknownVehicleType,urban,vanOrUtility,vehicle,waterRiver,weatherA,weatherB
1788576,5855242,18601,,527210,0,,0,2,,Null,2008/2009,SH 1N,GLEN MURRAY ROAD,,Non-Injury Crash,Yes,2009,,North,,0,,Flat,,,,,,Bright sun,938602,0,0,0,2,,,0,,,,,,Waikato Region,Nil,2-way,Sealed,,0,0,,100,,Null,0,0,,13,Waikato District,Stop,,,,,0,0,Open,0,,,Fine,Null
1756416,5919369,18602,,514200,0,,0,3,,West,2008/2009,KARANGAHAPE ROAD,EDINBURGH ST,,Non-Injury Crash,No,2009,,East,,0,,Flat,,,,,,Bright sun,411900,0,0,0,4,,,0,,,,,,Auckland Region,Nil,2-way,Sealed,,0,0,,50,,Off,0,0,,76,Auckland,Traffic Signals,,,,,0,0,Urban,0,,,Fine,Null
1767516,5888353,18603,,521122,0,,0,3,,East,2008/2009,SH 22,GLENBROOK ROAD,,Non-Injury Crash,Yes,2009,,West,,0,,Hill Road,,,,,,Bright sun,810000,0,0,0,3,,,0,,,,,,Auckland Region,Nil,2-way,Sealed,,0,0,,100,,Off,0,0,,76,Auckland,Nil,,,,,0,0,Open,0,,,Fine,Null
1931997,5601431,18604,,548810,0,0,0,1,0,West,2009/2010,ELLIOTT CRESCENT,CRICHTON PLACE,,Minor Crash,No,2009,0,North,0,0,1,Flat,0,,0,,0,Dark,1506000,1,0,0,2,0,0,0,0,1,,0,0,Hawke's Bay Region,Nil,2-way,Sealed,0,0,0,0,50,0,On,0,0,,30,Hastings District,Nil,0,0,0,0,0,0,Urban,1,0,0,Fine,Null
1260269,5010438,18605,,609303,0,,0,2,,Null,2008/2009,MALAGHANS ROAD,LITTLES ROAD,,Minor Crash,No,2009,,South,,0,,Flat,,,,,,Bright sun,3038107,3,0,0,2,,,0,,,,,,Otago Region,Nil,2-way,Sealed,,0,0,,70,,Null,0,0,,70,Queenstown-Lakes District,Give way,,,,,0,0,Urban,0,,,Fine,Null
1761787,5914696,18606,,520202,0,0,0,1,0,Null,2008/2009,ELLERSLIE-PANMURE HIGHWAY,MAIN HIGHWAY W,,Non-Injury Crash,No,2009,0,South,0,0,0,Flat,0,Easter,0,,1,Overcast,612501,0,0,0,2,0,0,0,0,0,,0,0,Auckland Region,Nil,2-way,Sealed,0,0,0,0,50,0,Null,0,0,,76,Auckland,Traffic Signals,0,0,0,0,0,0,Urban,0,0,0,Fine,Null
1567772,5181604,18607,,589300,0,,0,1,,South,2008/2009,IDRIS ROAD,SNOWDON ROAD,,Serious Crash,No,2009,,South,,0,,Flat,,,,,,Overcast,2547300,1,0,0,2,,,0,,,,,,Canterbury Region,Nil,2-way,Sealed,,0,1,,50,,Null,1,0,,60,Christchurch City,Unknown,,,,,0,0,Urban,0,,,Light rain,Null
1242913,4849935,18608,,611210,0,,0,0,,Null,2009/2010,DEVERON ST,SPEY ST,,Serious Crash,No,2009,,East,,0,,Flat,,,,,,Overcast,3106800,0,0,0,2,,,0,,,1,,,Southland Region,Nil,2-way,Sealed,,0,1,,50,,Null,1,0,,75,Invercargill City,Traffic Signals,,,,,0,0,Urban,0,,,Fine,Null
1752099,5917984,18609,,515001,0,0,0,1,0,East,2008/2009,SH 16,PT CHEV ON EBD,,Non-Injury Crash,Yes,2009,0,East,0,0,0,Flat,1,,0,,0,Dark,392400,0,0,0,3,0,0,0,0,0,,0,0,Auckland Region,Nil,1-way,Sealed,0,0,0,0,100,0,On,0,0,,76,Auckland,Unknown,0,0,0,0,0,0,Open,0,0,0,Light rain,Null
1441541,5006658,18610,,601010,0,,0,2,,Null,2008/2009,SH 1S,VIRGIL ST,,Minor Crash,Yes,2009,,South,,0,,Flat,,,,,,Overcast,2844900,1,0,0,2,,,0,,,,,,Otago Region,Nil,2-way,Sealed,,0,0,,50,,Null,0,0,,68,Waitaki District,Give way,,,,,0,0,Urban,0,,,Fine,Null
1736788,5982166,18611,,505300,0,,0,2,,Null,2009/2010,SH 1N,WORKER ROAD,,Non-Injury Crash,Yes,2009,,East,,0,,Flat,,,,,,Bright sun,143200,0,0,0,2,,,0,,,,,,Auckland Region,Nil,2-way,Sealed,,0,0,,50,,Null,0,0,,76,Auckland,Give way,,,,,0,0,Urban,0,,,Fine,Null
1459991,5081310,18612,,599800,0,0,0,2,0,Null,2009/2010,COLLEGE ROAD,WALLACE ST,,Minor Crash,No,2009,0,East,0,0,0,Hill Road,0,,0,,0,Bright sun,2801700,1,0,0,2,0,0,0,0,1,,0,0,Canterbury Region,Nil,2-way,Sealed,0,0,0,0,50,0,Null,0,0,,64,Timaru District,Give way,0,0,0,0,0,0,Urban,1,0,0,Fine,Null
1365471,4887289,18613,,606700,0,0,0,1,0,North,2009/2010,TOKOITI ROAD,MACANDREW ST,,Serious Crash,No,2009,0,North,0,0,1,Flat,0,,0,,0,Overcast,2987400,1,0,0,2,0,0,0,0,0,,0,0,Otago Region,Nil,2-way,Sealed,0,0,1,0,70,0,Null,0,0,,72,Clutha District,Unknown,0,0,0,1,0,0,Urban,0,0,0,Fine,Null
1755667,5922460,18614,,509800,0,,0,3,,North,2008/2009,SH 1N,SHELLY BEACH OBR,,Non-Injury Crash,Yes,2009,,South,,0,,Hill Road,,,,,,Overcast,359300,0,0,0,4,,,0,,,,,,,Bridge,1-way,Sealed,,0,0,,80,,Null,0,0,,76,Auckland,Unknown,,,,,0,0,Open,0,,,Fine,Null
1771120,5903764,18615,,523819,0,0,0,1,0,South,2008/2009,MILL ROAD,REDOUBT ROAD,,Non-Injury Crash,No,2009,0,South,0,0,0,Hill Road,0,Easter,0,,0,Overcast,760500,0,0,0,2,0,0,0,1,0,,0,0,Auckland Region,Nil,2-way,Sealed,0,0,0,0,70,0,Null,0,0,,76,Auckland,Unknown,0,0,0,0,0,0,Urban,0,0,0,Fine,Null
1906211,5784183,18616,,538820,0,,0,1,,North,2008/2009,SH 30,TAMATEA ST,,Non-Injury Crash,Yes,2009,,North,,0,,Flat,,,,,,Bright sun,1253100,0,0,0,2,,,0,,,,,,Bay of Plenty Region,Nil,2-way,Sealed,,0,0,,100,,Null,0,0,,24,Rotorua District,Unknown,,,,,0,0,Open,0,,,Fine,Frost
1759514,5920513,18617,,515902,0,,0,0,,East,2008/2009,TAMAKI DRIVE,SH 16,,Non-Injury Crash,No,2009,,West,,0,,Flat,,,,,,Bright sun,454800,0,0,0,4,,,0,,,,,,Auckland Region,Nil,2-way,Sealed,,0,0,,50,,Off,0,0,,76,Auckland,Nil,,,,,1,0,Urban,1,,,Fine,Null
1770189,5909180,18618,,523114,0,0,0,1,0,North,2009/2010,SLIP,BANVILLE ROAD,,Non-Injury Crash,No,2009,0,North,0,0,0,Flat,0,,0,,0,Bright sun,712136,0,0,0,2,0,0,0,0,0,,0,1,Auckland Region,Nil,2-way,Sealed,0,0,0,0,70,0,Off,0,0,,76,Auckland,Nil,0,0,0,0,0,0,Urban,0,0,0,Fine,Null
1677574,6023253,18619,,504600,0,,0,2,,East,2008/2009,MONTGOMERY AVENUE,HOKIANGA ROAD,,Non-Injury Crash,No,2009,,East,,0,,Hill Road,,,,,,Bright sun,114302,0,0,0,2,,,0,,,,,,Northland Region,Nil,2-way,Sealed,,0,0,,50,,Off,0,0,,3,Kaipara District,Nil,,,,,0,0,Urban,0,,,Fine,Null
1754567,5945009,18620,,505909,0,,0,2,,West,2008/2009,WHANGAPARAOA ROAD,WIRIANA PLACE,,Non-Injury Crash,No,2009,,West,,0,,Hill Road,,,,,,Bright sun,173809,0,0,0,3,,,0,,,,,,Auckland Region,Nil,2-way,Sealed,,0,0,,50,,Null,0,0,,76,Auckland,Unknown,,,,,0,0,Urban,0,,,Fine,Null
1749271,5914268,18621,,511302,0,0,0,1,0,West,2008/2009,RIMU ST,NIKAU ST,,Non-Injury Crash,No,2009,0,West,0,0,0,Flat,0,,0,,0,Overcast,268600,0,0,0,2,0,0,0,0,0,,0,0,Auckland Region,Nil,2-way,Sealed,0,0,0,0,50,0,Null,0,0,,76,Auckland,Unknown,1,0,0,1,0,0,Urban,0,0,0,Fine,Null
1751063,5915695,18622,,514401,0,0,0,0,0,West,2009/2010,ASH ST,GREAT NORTH ROAD,,Non-Injury Crash,No,2009,0,West,0,0,0,Flat,0,,0,,0,Bright sun,381801,0,0,0,4,0,0,0,0,0,,0,1,Auckland Region,Nil,2-way,Sealed,0,0,0,0,50,0,Off,1,0,,76,Auckland,Nil,0,1,0,0,0,0,Urban,0,0,0,Fine,Null
1755873,5921141,18623,,515202,0,,0,2,,North,2009/2010,SH 1N,FANSHAWE OFF SBD,,Non-Injury Crash,Yes,2009,,South,,0,,Flat,,,,,,Bright sun,425600,0,0,0,4,,,0,,,,,,Auckland Region,Nil,1-way,Sealed,,0,0,,80,,Off,0,0,,76,Auckland,Nil,,,,,0,0,Open,0,,,Fine,Null
1770817,5898470,18624,,523912,0,0,0,1,0,Null,2008/2009,GREAT SOUTH ROAD,GRAHAM ROAD,,Non-Injury Crash,No,2009,0,East,0,0,1,Flat,0,,0,,0,Dark,767600,0,0,0,2,0,0,0,0,0,,0,0,Auckland Region,Nil,2-way,Sealed,0,0,0,0,50,0,On,0,0,,76,Auckland,Stop,0,0,0,0,0,0,Urban,0,0,0,Light rain,Null
1767900,5911910,18625,,522910,0,,0,0,,East,2009/2010,TI RAKAU DRIVE,GOSSAMER DRIVE,,Non-Injury Crash,No,2009,,West,,0,,Flat,,,,,,Dark,687802,0,0,0,5,,,0,,,,,,Auckland Region,Nil,2-way,Sealed,,0,0,,60,,On,1,0,,76,Auckland,Traffic Signals,,,,,0,0,Urban,1,,,Fine,Null
1720454,6045622,18626,,503200,0,,0,2,,North,2008/2009,RIVERSIDE DRIVE,MEMORIAL DRIVE,,Non-Injury Crash,No,2009,,North,,0,,Flat,,,,,,Dark,101802,0,0,0,4,,,0,,,,,,Northland Region,Nil,2-way,Sealed,,0,0,,50,,On,0,0,,2,Whangarei District,Nil,,,,,0,0,Urban,0,,,Fine,Null
1765650,5901402,18627,,524821,0,0,0,1,0,Null,2009/2010,ROSCOMMON ROAD,BROWNS ROAD,,Non-Injury Crash,No,2009,0,North,0,0,0,Flat,0,,0,,0,Twilight,774446,0,0,0,3,0,0,0,0,0,,0,0,Auckland Region,Nil,2-way,Sealed,0,0,0,0,50,0,On,0,0,,76,Auckland,Traffic Signals,0,0,0,0,1,0,Urban,0,1,0,Light rain,Null
1717102,6050228,18628,,502101,0,0,0,1,0,Null,2008/2009,THREE MILE BUSH ROAD,TUATARA DRIVE,,Non-Injury Crash,No,2009,0,North,0,0,1,Hill Road,0,,0,,0,Bright sun,82400,0,0,0,2,0,0,0,0,0,,0,0,Northland Region,Nil,2-way,Sealed,0,0,0,0,50,0,Null,0,0,,2,Whangarei District,Give way,0,0,0,0,0,0,Urban,0,0,0,Fine,Null
1731992,5938126,18629,,506648,0,0,0,0,1,South,2008/2009,INLAND ROAD,RAUTAWHIRI ROAD,,Non-Injury Crash,No,2009,0,South,0,0,0,Hill Road,0,,0,,0,Bright sun,212001,0,0,0,1,0,0,0,0,0,,0,0,Auckland Region,Nil,2-way,Unsealed,0,0,0,0,50,0,Null,0,0,,76,Auckland,Unknown,0,0,0,0,0,0,Urban,1,0,0,Fine,Null
1757213,5919378,18630,,514301,0,,0,1,,South,2009/2010,SYMONDS ST,KARANGAHAPE ROAD,,Non-Injury Crash,No,2009,,North,,0,,Flat,,,,,,Dark,441200,0,0,0,4,,,0,,,,,,Auckland Region,Nil,2-way,Sealed,,0,0,,50,,On,0,0,,76,Auckland,Traffic Signals,,,,,0,0,Urban,1,,,Light rain,Null
1879568,5825572,18631,,538202,0,,0,2,,South,2008/2009,SH 2A,DIVE CRESCENT,,Non-Injury Crash,Yes,2009,,North,,0,,Flat,,,,,,Overcast,1162800,0,0,0,4,,,0,,,,,,Bay of Plenty Region,Nil,2-way,Sealed,,0,0,,50,,Null,0,0,,23,Tauranga City,Traffic Signals,,,,,0,0,Urban,0,,,Fine,Null
1791793,5814850,18632,,527913,0,0,0,1,0,North,2009/2010,SH 23,CEMETERY ROAD,,Non-Injury Crash,Yes,2009,0,North,0,0,1,Hill Road,0,,0,,0,Dark,978400,0,0,0,2,0,0,0,1,0,,0,0,Waikato Region,Nil,2-way,Sealed,0,0,0,0,100,0,None,0,0,,13,Waikato District,Unknown,0,0,0,0,0,0,Open,0,0,0,Light rain,Null
1797512,5813590,18633,,528602,0,,0,1,,Null,2009/2010,TUHIKARAMEA ROAD,KAHIKATEA DRIVE,,Non-Injury Crash,No,2009,,South,,0,,Flat,,,,,,Dark,921702,0,0,0,2,,,0,,,,,,Waikato Region,Nil,2-way,Sealed,,0,0,,50,,On,1,0,,16,Hamilton City,Give way,,,,,0,0,Urban,0,,,Fine,Null
1755473,5922111,18634,,515202,0,,0,4,,North,2009/2010,SH 1N,SHELLY BEACH OBR,,Non-Injury Crash,Yes,2009,,South,,0,,Hill Road,,,,,,Overcast,423600,0,0,0,3,,,0,,,,,,,Nil,1-way,Sealed,,0,0,,80,,Off,0,0,,76,Auckland,Nil,,,,,0,0,Open,0,,,Heavy rain,Null
1866976,5713420,18635,,541720,0,,1,1,,Null,2009/2010,TONGARIRO ST,HEUHEU ST,,Non-Injury Crash,No,2009,,South,,0,,Flat,,,,,,Overcast,1274200,0,0,0,4,,,0,,,,,,Waikato Region,Nil,2-way,Sealed,,0,0,,50,,Null,0,0,,21,Taupo District,Traffic Signals,,,,,0,0,Urban,0,,,Fine,Null
1801226,5815064,18636,,529700,0,0,0,1,0,North,2009/2010,VICTORIA ST,HOOD ST,,Non-Injury Crash,No,2009,0,East,0,0,0,Flat,0,,0,,0,Dark,911800,0,0,0,1,0,0,0,0,0,,0,0,Waikato Region,Nil,1-way,Sealed,0,0,0,0,50,0,On,0,1,,16,Hamilton City,Nil,0,0,0,0,1,0,Urban,0,1,0,Fine,Null
1749631,5913438,18637,,511303,0,,0,2,,Null,2008/2009,SEABROOK AVENUE,MARGAN AVENUE,,Non-Injury Crash,No,2009,,North,,0,,Flat,,,,,,Overcast,264913,0,0,0,2,,,0,,,,,,Auckland Region,Nil,2-way,Sealed,,0,0,,50,,Off,0,0,,76,Auckland,Give way,,,,,0,0,Urban,0,,,Fine,Null
1761139,5914837,18638,,520202,0,,0,1,,North,2008/2009,SH 1N,PENROSE ON NBD,,Non-Injury Crash,Yes,2009,,North,,0,,Flat,,,,,,Overcast,612100,0,0,0,3,,,0,,,,,,Auckland Region,Nil,1-way,Sealed,,0,0,,100,,Off,1,0,,76,Auckland,Nil,,,,,0,0,Open,0,,,Light rain,Null
1764633,5914530,18639,,520602,0,,0,1,,West,2008/2009,IRELAND ROAD,CLEARY ROAD,,Non-Injury Crash,No,2009,,West,,0,,Flat,,,,,,Bright sun,628400,0,0,0,2,,,0,,,,,,Auckland Region,Nil,2-way,Sealed,,0,0,,50,,Off,0,0,,76,Auckland,Nil,,,,,1,0,Urban,0,,,Fine,Null
1877593,5821871,18640,,538101,0,,0,2,,North,2009/2010,CAMERON ROAD,NINETEENTH AVENUE,,Non-Injury Crash,No,2009,,North,,0,,Flat,,,,,,Bright sun,1170400,0,0,0,2,,,0,,,,,,Bay of Plenty Region,Nil,2-way,Sealed,,0,0,,50,,Null,0,0,,23,Tauranga City,Unknown,,,,,0,0,Urban,0,,,Fine,Null
1849110,5856834,18641,,534200,0,,0,1,,East,2008/2009,SH 2,SAMSON ROAD,,Non-Injury Crash,Yes,2009,,East,,0,,Flat,,,,,,Bright sun,1085302,0,0,0,2,,,0,,,,,,Waikato Region,Nil,2-way,Sealed,,0,0,,100,,Null,0,0,,12,Hauraki District,Unknown,,,,,0,0,Open,0,,,Fine,Null
1767656,5900296,18642,,525101,0,,0,2,,South,2008/2009,FRIEDLANDERS ROAD,WEYMOUTH ROAD,,Non-Injury Crash,No,2009,,North,,0,,Flat,,,,,,Dark,772903,0,0,0,2,,,0,,,,,,Auckland Region,Nil,2-way,Sealed,,0,0,,50,,Off,0,0,,76,Auckland,Give way,,,,,0,0,Urban,0,,,Fine,Null
1770389,5911603,18643,,523105,0,,0,2,,Null,2008/2009,BOTANY ROAD,TARNICA ROAD,,Non-Injury Crash,No,2009,,North,,0,,Flat,,,,,,Overcast,711148,0,0,0,6,,,0,,,,,,Auckland Region,Nil,2-way,Sealed,,0,0,,50,,Off,0,0,,76,Auckland,Traffic Signals,,,,,0,0,Urban,0,,,Light rain,Null
1687992,6095435,18644,,501615,0,0,0,1,1,East,2008/2009,WAKELIN ROAD,SH 10,,Non-Injury Crash,No,2009,0,East,1,0,0,Flat,0,,0,,0,Dark,50002,0,0,0,1,0,0,0,0,0,,0,0,Northland Region,Nil,2-way,Unsealed,0,0,0,0,100,0,None,0,0,,1,Far North District,Unknown,0,0,0,0,0,0,Open,0,0,0,Fine,Null
1686187,6101110,18645,,500900,0,,0,1,,Null,2008/2009,BUTLER ROAD,KERIKERI ROAD,,Non-Injury Crash,No,2009,,East,,0,,Flat,,,,,,Overcast,53305,0,0,0,2,,,0,,,,,,Northland Region,Nil,2-way,Sealed,,0,0,,50,,Null,1,0,,1,Far North District,Give way,,,,,0,0,Urban,0,,,Fine,Null
1773141,5914550,18646,,521502,0,,0,2,,Null,2008/2009,LITTEN ROAD,CHURCHILL ROAD,,Non-Injury Crash,No,2009,,North,,0,,Flat,,,,,,Overcast,653400,0,0,0,2,,,0,,,,,,Auckland Region,Nil,2-way,Sealed,,0,0,,50,,Null,0,0,,76,Auckland,Stop,,,,,0,0,Urban,0,,,Fine,Null
1754173,5931208,18647,,508803,0,,0,1,,South,2008/2009,UPPER HWY OFF NBD,SH 18,,Non-Injury Crash,Yes,2009,,North,,0,,Hill Road,,,,,,Bright sun,180818,0,0,0,2,,,0,,,,,,Auckland Region,Motorway ramp,1-way,Sealed,,0,0,,100,,Off,1,0,,76,Auckland,Nil,,,,,0,0,Open,2,,,Fine,Null
1568723,5178816,18648,,590900,0,,0,2,,South,2008/2009,LINCOLN ROAD,BERNARD ST,,Minor Crash,No,2009,,East,,0,,Flat,,,,,,Bright sun,2476100,2,0,0,2,,,0,,,,,,Canterbury Region,Nil,2-way,Sealed,,0,0,,50,,Null,1,0,,60,Christchurch City,Nil,,,,,0,0,Urban,0,,,Fine,Null
1757422,5918764,18649,,514302,0,,0,1,,Null,2009/2010,WELLESLEY OFF NBD,SH 1N,,Non-Injury Crash,Yes,2009,,North,,0,,Flat,,,,,,Bright sun,442500,0,0,0,5,,,0,,,,,,Auckland Region,Motorway ramp,1-way,Sealed,,0,0,,100,,Null,0,0,,76,Auckland,Nil,,,,,1,0,Open,0,,,Fine,Null
1757492,5926924,18650,,507900,0,,0,2,,South,2008/2009,BARRYS POINT ROAD,ANZAC ST,,Non-Injury Crash,No,2009,,North,,0,,Flat,,,,,,Bright sun,304200,0,0,0,3,,,0,,,,,,Auckland Region,Nil,2-way,Sealed,,0,0,,50,,Off,0,0,,76,Auckland,Nil,,,,,0,0,Urban,0,,,Fine,Null
1761222,5909311,18651,,524404,0,0,0,1,0,West,2009/2010,FAVONA ROAD,FORBES ROAD,,Non-Injury Crash,No,2009,0,West,0,0,0,Flat,0,,0,,0,Dark,730301,0,0,0,2,0,0,0,0,0,,0,1,Auckland Region,Nil,2-way,Sealed,0,0,0,0,50,0,On,0,0,,76,Auckland,Nil,0,0,0,0,0,0,Urban,0,0,0,Fine,Null
1391452,4913677,18652,,602500,0,2,0,2,0,Null,2009/2010,GLADFIELD ROAD,GRACIE STM BR,,Minor Crash,No,2009,0,North,0,0,2,Flat,0,,0,,0,Overcast,2979600,1,0,0,2,0,0,0,0,0,,0,0,Otago Region,Bridge,2-way,Sealed,0,0,0,0,100,0,Null,0,0,,71,Dunedin City,Unknown,0,0,0,0,0,0,Open,0,0,0,Fine,Null
1788412,5742270,18653,,531800,0,0,0,1,1,North,2008/2009,SH 4,PUKERIMU ROAD,,Non-Injury Crash,Yes,2009,0,South,0,0,0,Flat,0,,0,,0,Overcast,1011602,0,0,0,2,0,0,0,0,0,,0,0,Waikato Region,Nil,2-way,Sealed,0,0,0,0,100,0,Null,0,0,,20,Waitomo District,Unknown,0,0,0,0,0,0,Open,0,0,0,Fine,Null
1757312,5920950,18654,,514102,0,0,0,1,0,Null,2009/2010,FEDERAL ST,FANSHAWE ST,,Non-Injury Crash,No,2009,0,North,0,0,0,Flat,0,,0,,0,Overcast,433101,0,0,0,2,0,0,0,0,0,,0,0,Auckland Region,Nil,1-way,Sealed,0,0,0,0,50,0,Null,0,0,,76,Auckland,Give way,0,0,0,0,1,0,Urban,0,1,0,Light rain,Null
1884547,5772926,18655,,540520,0,0,0,1,0,North,2008/2009,RANOLF ST,WALLACE CRESCENT N,,Non-Injury Crash,No,2009,0,South,0,0,0,Flat,0,,0,,0,Dark,1239600,0,0,0,2,0,0,0,0,0,,0,0,Bay of Plenty Region,Nil,2-way,Sealed,0,0,0,0,50,0,On,0,0,,24,Rotorua District,Unknown,1,0,0,0,0,0,Urban,0,0,0,Light rain,Null
1843880,5744238,18656,,541320,0,0,0,0,0,West,2008/2009,SH 30,SH 32,,Non-Injury Crash,Yes,2009,0,West,0,0,0,Flat,0,,0,,0,Overcast,1292700,0,0,0,1,0,0,0,0,0,,0,1,Waikato Region,Nil,2-way,Sealed,0,0,0,0,100,0,Off,0,0,,21,Taupo District,Nil,0,0,0,0,1,0,Open,0,0,0,Fine,Null
1796803,5819865,18657,,528403,0,,0,4,,South,2008/2009,TE RAPA ROAD,EAGLE WAY,,Non-Injury Crash,No,2009,,North,,0,,Flat,,,,,,Overcast,907401,0,0,0,4,,,0,,,,,,Waikato Region,Nil,2-way,Sealed,,0,0,,60,,Null,0,0,,16,Hamilton City,Unknown,,,,,0,0,Urban,0,,,Fine,Null
1765114,5918443,18658,,516900,0,0,0,3,0,East,2008/2009,ST HELIERS BAY ROAD,WEST TAMAKI ROAD,,Non-Injury Crash,No,2009,0,West,0,0,0,Flat,0,,0,,0,Dark,465503,0,0,0,2,0,0,0,0,1,,0,0,Auckland Region,Nil,2-way,Sealed,0,0,0,0,50,0,On,0,0,,76,Auckland,Nil,0,0,0,0,0,0,Urban,0,0,0,Fine,Null
1884305,5773167,18659,,540520,0,,0,1,,Null,2008/2009,MALFROY ROAD,MILLER ST,,Non-Injury Crash,No,2009,,West,,0,,Flat,,,,,,Dark,1239200,0,0,0,2,,,0,,,,,,Bay of Plenty Region,Nil,2-way,Sealed,,0,0,,50,,On,1,0,,24,Rotorua District,Give way,,,,,0,0,Urban,0,,,Fine,Null
1976231,5784966,18660,,542800,0,0,0,0,0,South,2009/2010,CHURCH ST,ELLIOTT ST,,Non-Injury Crash,No,2009,0,North,0,0,0,Flat,0,,0,,1,Overcast,1339400,0,0,0,2,0,0,0,0,0,,0,0,Bay of Plenty Region,Nil,2-way,Sealed,0,0,0,0,50,0,Null,1,0,,27,Ōpōtiki District,Unknown,0,0,0,0,0,0,Urban,0,0,0,Fine,Null
1741528,5715401,18661,,531710,0,0,0,0,0,North,2009/2010,SH 3,TE MAHOE ROAD,,Non-Injury Crash,Yes,2009,0,South,0,0,0,Hill Road,1,,0,,0,Twilight,1017100,0,0,0,2,0,0,0,1,0,,0,0,Waikato Region,Nil,2-way,Sealed,0,0,0,0,100,0,None,0,0,,20,Waitomo District,Unknown,0,0,0,0,1,0,Open,0,0,0,Fine,Frost
1242303,4850360,18662,,610800,0,,0,2,,East,2009/2010,VICTORIA AVENUE,LEVEN ST,,Minor Crash,No,2009,,West,,0,,Flat,,,,,,Bright sun,3115500,1,0,0,2,,,0,,,,,,Southland Region,Nil,2-way,Sealed,,0,0,,50,,Null,0,0,,75,Invercargill City,Nil,,,,,0,0,Urban,0,,,Fine,Null
1460011,5112649,18663,,598312,0,,0,1,,Null,2008/2009,GERALDINE WINCHESTER ROAD,COACH ROAD,,Minor Crash,No,2009,,West,,0,,Flat,,,,,,Bright sun,2759500,3,0,0,2,,,0,,,,,,Canterbury Region,Nil,2-way,Sealed,,0,0,,100,,Null,1,0,,64,Timaru District,Stop,,,,,0,0,Open,0,,,Fine,Null
1768608,5903083,18664,,524602,0,,0,1,,South,2008/2009,SH 1N,MANUKAU OFF NBD,,Non-Injury Crash,Yes,2009,,North,,0,,Flat,,,,,,Overcast,780508,0,0,0,3,,,0,,,,,,Auckland Region,Nil,1-way,Sealed,,0,0,,100,,Off,0,0,,76,Auckland,Nil,,,,,0,0,Open,1,,,Light rain,Null
1759429,5910330,18665,,524002,0,,0,2,,North,2008/2009,SH 20,RIMU OBR,,Non-Injury Crash,Yes,2009,,North,,0,,Flat,,,,,,Bright sun,722000,0,0,0,2,,,0,,,,,,Auckland Region,Nil,2-way,Sealed,,0,0,,100,,Null,0,0,,76,Auckland,Unknown,,,,,0,0,Open,0,,,Fine,Null
1749670,5427320,18666,,573400,0,,0,2,,East,2008/2009,ORIENTAL PARADE,HERD ST,,Non-Injury Crash,No,2009,,West,,0,,Flat,,,,,,Overcast,2138800,0,0,0,2,,,0,,,,,,Wellington Region,Nil,2-way,Sealed,,0,0,,50,,Null,0,1,,47,Wellington City,Nil,,,,,0,0,Urban,0,,,Fine,Null
1762215,5913626,18667,,520402,0,,0,1,,South,2008/2009,SH 1N,PENROSE OBR,,Non-Injury Crash,Yes,2009,,South,,0,,Flat,,,,,,Overcast,642200,0,0,0,3,,,0,,,,,,Auckland Region,Nil,2-way,Sealed,,0,0,,100,,Off,0,0,,76,Auckland,Nil,,,,,1,0,Open,0,,,Fine,Null
1752688,5970493,18668,,506661,0,,0,1,,West,2008/2009,SANDSPIT ROAD,MAHURANGI EAST ROAD,,Non-Injury Crash,No,2009,,West,,0,,Flat,,,,,,Bright sun,139302,0,0,0,2,,,0,,,,,,Auckland Region,Nil,2-way,Sealed,,0,0,,100,,None,1,0,,76,Auckland,Nil,,,,,0,0,Open,0,,,Fine,Null
1572333,5184141,18669,,592702,0,0,0,0,0,West,2009/2010,BRIGGS ROAD,PALM DRIVE,,Serious Crash,No,2009,0,East,0,0,0,Flat,0,,0,,0,Bright sun,2597100,0,0,0,2,0,0,0,0,0,,0,1,Canterbury Region,Nil,2-way,Sealed,0,0,1,0,50,0,Null,0,0,,60,Christchurch City,Unknown,0,0,0,0,0,0,Urban,1,0,0,Fine,Null
1760176,5915913,18670,,516003,0,,0,0,,South,2009/2010,SH 1N,GREENLANE INT,,Non-Injury Crash,Yes,2009,,North,,0,,Flat,,,,,,Bright sun,494902,0,0,0,4,,,0,,,,,,Auckland Region,Nil,1-way,Sealed,,0,0,,100,,Off,1,0,,76,Auckland,Nil,,,,,0,0,Open,1,,,Fine,Null
1736944,5981433,18671,,505300,0,,0,1,,Null,2009/2010,SH 1N,DAVIES ROAD,,Non-Injury Crash,Yes,2009,,North,,0,,Flat,,Christmas New Year,,,,Overcast,143600,0,0,0,2,,,0,,,,,,Auckland Region,Nil,2-way,Sealed,,0,0,,50,,Off,1,0,,76,Auckland,Nil,,,,,0,0,Urban,0,,,Fine,Null