X,Y,OBJECTID,advisorySpeed,areaUnitID,bicycle,bridge,bus,carStationWagon,cliffBank,crashDirectionDescription,crashFinancialYear,crashLocation1,crashLocation2,crashRoadSideRoad,crashSeverity,crashSHDescription,crashYear,debris,directionRoleDescription,ditch,fatalCount,fence,flatHill,guardRail,holiday,houseOrBuilding,intersection,kerb,light,meshblockId,minorInjuryCount,moped,motorcycle,NumberOfLanes,objectThrownOrDropped,otherObject,otherVehicleType,overBank,parkedVehicle,pedestrian,phoneBoxEtc,postOrPole,region,roadCharacter,roadLane,roadSurface,roadworks,schoolBus,seriousInjuryCount,slipOrFlood,speedLimit,strayAnimal,streetLight,suv,taxi,temporarySpeedLimit,tlaId,tlaName,trafficControl,trafficIsland,trafficSign,train,tree,truck,unknownVehicleType,urban,vanOrUtility,vehicle,waterRiver,weatherA,weatherB
1760053,5908189,18672,,524121,0,,0,1,,South,2008/2009,SH 20,WALMSLEY OBR,,Non-Injury Crash,Yes,2009,,North,,0,,Flat,,,,,,Overcast,737103,0,0,0,2,,,0,,,,,,Auckland Region,Nil,1-way,Sealed,,0,0,,100,,Null,0,0,,76,Auckland,Unknown,,,,,0,0,Open,1,,,Fine,Null
1761120,5448687,18673,,565601,0,0,0,1,1,North,2009/2010,PAEKAKARIKI HILL ROAD,SH 58,,Minor Crash,No,2009,0,South,0,0,0,Hill Road,0,,0,,0,Overcast,2071700,1,0,0,2,0,0,0,0,0,,0,0,Wellington Region,Nil,2-way,Sealed,0,0,0,0,80,0,Null,0,0,,44,Porirua City,Nil,0,0,0,0,0,0,Open,0,0,0,Fine,Null
1798400,5820155,18674,,528310,0,0,0,1,0,West,2008/2009,WAIRERE DRIVE,RIVER ROAD,,Non-Injury Crash,No,2009,0,East,0,0,0,Flat,0,,0,,0,Overcast,897503,0,0,0,2,0,0,0,0,0,,0,0,Waikato Region,Nil,2-way,Sealed,0,0,0,0,80,0,Null,0,0,,16,Hamilton City,Unknown,0,0,0,1,0,0,Open,0,0,0,Fine,Null
1768148,5907750,18675,,523711,0,,0,0,,Null,2008/2009,ORMISTON ROAD,PRESTON ROAD,,Non-Injury Crash,No,2009,,West,,0,,Flat,,,,,,Bright sun,713600,0,0,1,4,,,0,,,,,,Auckland Region,Nil,2-way,Sealed,,0,0,,50,,Null,0,0,,76,Auckland,Traffic Signals,,,,,1,0,Urban,0,,,Fine,Null
1873951,5819047,18676,,537601,0,,0,1,,East,2008/2009,SH 29,TAKITIMU DRIVE,,Non-Injury Crash,Yes,2009,,East,,0,,Flat,,,,,,Bright sun,1175202,0,0,0,2,,,0,,,,,,Bay of Plenty Region,Nil,2-way,Sealed,,0,0,,100,,Off,0,0,,23,Tauranga City,Nil,,,,,1,0,Open,0,,,Fine,Null
1242415,4849906,18677,,611210,0,,0,1,,Null,2009/2010,SH 6,SPEY ST,,Minor Crash,Yes,2009,,North,,0,,Flat,,,,,,Bright sun,3106000,1,0,0,4,,,0,,,,,,Southland Region,Nil,2-way,Sealed,,0,0,,50,,Null,1,0,,75,Invercargill City,Traffic Signals,,,,,0,0,Urban,0,,,Fine,Null
1889603,5822302,18678,,536201,0,,0,1,,Null,2008/2009,DOMAIN ROAD,GRAVATT ROAD,,Non-Injury Crash,No,2009,,North,,0,,Flat,,,,,,Twilight,1206812,0,0,0,2,,,0,,,,,,Bay of Plenty Region,Nil,2-way,Sealed,,0,0,,50,,Off,0,0,,23,Tauranga City,Give way,,,,,0,0,Urban,1,,,Heavy rain,Null
1493631,5209460,18679,,587100,0,0,0,0,1,North,2009/2010,PORTER HEIGHTS ACCESS ROA,SH 73,,Minor Crash,No,2009,0,West,1,0,0,Hill Road,0,,0,,0,Overcast,2461400,2,0,0,1,0,0,0,0,0,,0,0,Canterbury Region,Nil,2-way,Unsealed,0,0,0,0,100,0,Null,1,0,,62,Selwyn District,Unknown,0,0,0,0,0,0,Open,0,0,0,Fine,Null
1755499,5920616,18680,,515302,0,0,0,1,0,South,2008/2009,PONSONBY ROAD,COLLEGE HILL,,Non-Injury Crash,No,2009,0,West,0,0,0,Flat,0,,0,,0,Overcast,429500,0,0,0,2,0,0,0,0,1,,0,0,Auckland Region,Nil,1-way,Sealed,0,0,0,0,50,0,Null,1,0,,76,Auckland,Unknown,0,0,0,0,0,0,Urban,0,0,0,Fine,Null
1750885,5939477,18681,,506003,0,0,0,1,0,South,2006/2007,SH 1N,BAWDEN OBR,,Minor Crash,Yes,2006,0,South,0,0,1,Hill Road,0,,0,,0,Bright sun,175818,1,0,0,2,0,0,0,0,0,,0,0,Auckland Region,Nil,1-way,Sealed,0,0,0,0,100,0,None,0,0,,76,Auckland,Nil,0,0,0,0,0,0,Open,0,0,0,Fine,Null
1771182,5471049,18682,,566302,0,0,0,0,0,South,2005/2006,SH 1N,OTAIHANGA ROAD,,Minor Crash,Yes,2006,0,North,0,0,1,Flat,0,,0,,0,Dark,1998405,1,0,0,2,0,0,0,0,0,,0,0,Wellington Region,Nil,2-way,Sealed,0,0,0,0,100,0,On,0,0,,43,Kapiti Coast District,Nil,0,0,0,0,0,0,Open,1,0,0,Light rain,Null
1760278,5922330,18683,,509400,0,,0,1,,North,2005/2006,VICTORIA ROAD,KING EDWARD PARADE,,Serious Crash,No,2006,,South,,0,,Flat,,Easter,,,,Dark,331200,0,0,0,2,,,0,,,1,,,Auckland Region,Nil,2-way,Sealed,,0,1,,50,,On,0,0,,76,Auckland,Nil,,,,,0,0,Urban,0,,,Fine,Null
1758978,5912708,18684,,519820,1,,0,1,,North,2006/2007,ONEHUNGA MALL,GREY ST,,Minor Crash,No,2006,,South,,0,,Flat,,,,,,Overcast,599600,1,0,0,2,,,0,,,,,,Auckland Region,Nil,2-way,Sealed,,0,0,,50,,Off,0,0,,76,Auckland,Nil,,,,,0,0,Urban,0,,,Light rain,Null
1406001,4916430,18685,,602900,0,,0,2,,Null,2005/2006,HIGH ST,BROADWAY,,Minor Crash,No,2006,,South,,0,,Flat,,,,,,Bright sun,2896700,1,0,0,4,,,0,,,,,,Otago Region,Nil,2-way,Sealed,,0,0,,50,,Null,0,0,,71,Dunedin City,Traffic Signals,,,,,0,0,Urban,0,,,Fine,Null
1600904,5448419,18686,,584301,0,,0,0,,West,2006/2007,WHAKAREWA ST,SH 60,,Minor Crash,No,2006,,West,,0,,Flat,,,,,,Bright sun,2379200,1,0,0,2,,,0,,,1,,,Tasman Region,Nil,2-way,Sealed,,0,0,,50,,Null,1,0,,51,Tasman District,Give way,,,,,0,0,Urban,0,,,Fine,Null
1885500,5767768,18687,,538863,0,,0,1,,South,2005/2006,SH 5,SH 30,,Non-Injury Crash,Yes,2006,,South,,0,,Flat,,,,,,Bright sun,1263801,0,0,0,2,,,0,,,,,,Bay of Plenty Region,Nil,2-way,Sealed,,0,0,,100,,Null,1,0,,24,Rotorua District,Unknown,,,,,0,0,Open,0,,,Fine,Null
1803975,5827895,18688,,527122,0,,0,2,,South,2005/2006,SH 1B,PIAKO ROAD,,Non-Injury Crash,Yes,2006,,South,,0,,Flat,,,,,,Bright sun,953400,0,0,0,2,,,0,,,,,,Waikato Region,Nil,2-way,Sealed,,0,0,,60,,Null,0,0,,13,Waikato District,Unknown,,,,,0,0,Urban,0,,,Fine,Null
1754964,5912160,18689,,519002,0,,0,2,,Null,2005/2006,MORRIE LAING AVENUE,MORRIE LANG AVENUE,,Non-Injury Crash,No,2006,,East,,0,,Flat,,,,,,Bright sun,589900,0,0,0,2,,,0,,,,,,Auckland Region,Nil,2-way,Sealed,,0,0,,50,,Off,0,0,,76,Auckland,Stop,,,,,0,0,Urban,0,,,Fine,Null
1352880,4896172,18690,75,606700,0,0,0,1,1,South,2006/2007,SH 8,LINK ROAD,,Minor Crash,Yes,2006,0,North,1,0,0,Hill Road,0,,0,,0,Bright sun,2982400,1,0,0,2,0,0,0,0,0,,0,0,Otago Region,Nil,2-way,Sealed,0,0,0,0,100,0,Null,0,0,,72,Clutha District,Unknown,0,0,0,0,0,0,Open,0,0,0,Fine,Null
1566744,5180173,18691,,590701,1,,0,1,,Null,2006/2007,RICCARTON ROAD,PAEROA ST,,Serious Crash,No,2006,,East,,0,,Flat,,,,,,Bright sun,2470200,0,0,0,2,,,0,,,,,,Canterbury Region,Nil,2-way,Sealed,,0,1,,50,,Null,0,0,,60,Christchurch City,Give way,,,,,0,0,Urban,0,,,Fine,Null
1753454,5924684,18692,,510401,0,,0,1,,Null,2005/2006,MOKOIA ROAD,HIGHBURY BYPASS,,Serious Crash,No,2006,,East,,0,,Flat,,,,,,Bright sun,355000,0,0,0,4,,,0,,,1,,,Auckland Region,Nil,2-way,Sealed,,0,1,,50,,Off,0,0,,76,Auckland,Traffic Signals,,,,,0,0,Urban,0,,,Fine,Null
1748508,5427411,18693,,573000,1,,0,1,,South,2006/2007,WILLIS ST,DIXON ST,,Minor Crash,No,2006,,North,,0,,Flat,,,,,,Bright sun,2130700,1,0,0,2,,,0,,,,,,Wellington Region,Nil,2-way,Sealed,,0,0,,50,,Null,0,0,,47,Wellington City,Nil,,,,,0,0,Urban,0,,,Fine,Null
1802328,5818331,18694,,529503,0,,0,2,,North,2005/2006,TRAMWAY ROAD,INSOLL AVENUE,,Non-Injury Crash,No,2006,,South,,0,,Flat,,,,,,Dark,872202,0,0,0,2,,,0,,,,,,Waikato Region,Nil,2-way,Sealed,,0,0,,50,,On,0,0,,16,Hamilton City,Unknown,,,,,0,0,Urban,0,,,Fine,Null
1260106,4951896,18695,,610020,0,,0,1,,South,2006/2007,SH 6,MCMILLAN ROAD,,Minor Crash,Yes,2006,,North,,0,,Flat,,,,,,Dark,3040900,2,0,0,2,,,0,,,,,,Southland Region,Nil,2-way,Sealed,,0,0,,100,,None,1,0,,73,Southland District,Unknown,,,,,0,0,Open,0,,,Snow,Null
1771748,5897521,18696,,523912,0,0,0,2,0,North,2005/2006,GREAT SOUTH ROAD,TIRONUI ROAD,,Non-Injury Crash,No,2006,0,South,0,0,0,Flat,0,,0,,0,Overcast,767808,0,0,0,2,0,0,0,0,1,,0,0,Auckland Region,Nil,2-way,Sealed,0,0,0,0,50,0,Off,0,0,,76,Auckland,Nil,0,0,0,0,0,0,Urban,0,0,0,Fine,Null
2005066,5733289,18697,,543601,0,0,0,1,1,South,2006/2007,SH 2,PARIHOHONU BR,,Minor Crash,Yes,2006,0,South,0,0,0,Hill Road,0,,0,,0,Dark,1352401,1,0,0,2,0,0,0,0,0,,0,0,Gisborne Region,Nil,2-way,Sealed,0,0,0,0,100,0,None,0,0,30,28,Gisborne District,Nil,0,0,0,0,0,0,Open,0,0,0,Fine,Null
1768431,5899389,18698,,525102,0,,0,1,,Null,2005/2006,MAHIA ROAD,HOBART CRESCENT,,Non-Injury Crash,No,2006,,East,,0,,Hill Road,,,,,,Dark,769401,0,0,0,2,,,0,,,,,,Auckland Region,Nil,2-way,Sealed,,0,0,,50,,On,0,0,,76,Auckland,Give way,,,,,0,0,Urban,1,,,Fine,Null
1242956,4850059,18699,,611210,1,0,0,1,0,East,2006/2007,YARROW ST,DEVERON ST,,Serious Crash,No,2006,0,West,0,0,0,Flat,0,,0,,0,Bright sun,3106600,0,0,0,2,0,0,0,0,1,,0,0,Southland Region,Nil,2-way,Sealed,0,0,1,0,50,0,Null,0,0,,75,Invercargill City,Unknown,0,0,0,0,0,0,Urban,0,0,0,Fine,Null
1759146,5907931,18700,,524002,0,0,0,2,0,North,2005/2006,MCKENZIE ROAD,BETULA PLACE,,Non-Injury Crash,No,2006,0,South,0,0,0,Flat,0,,0,,0,Bright sun,725601,0,0,0,2,0,0,0,0,1,,0,0,Auckland Region,Nil,2-way,Sealed,0,0,0,0,60,0,Off,0,0,,76,Auckland,Nil,0,0,0,0,0,0,Urban,0,0,0,Fine,Null
1718774,6045490,18701,,503000,1,,0,1,,South,2005/2006,SECOND AVENUE,CENTRAL AVENUE,,Non-Injury Crash,No,2006,,East,,0,,Flat,,,,,,Overcast,98500,0,0,0,2,,,0,,,,,,Northland Region,Nil,2-way,Sealed,,0,0,,50,,None,0,0,,2,Whangarei District,Nil,,,,,0,0,Urban,0,,,Heavy rain,Null
1741686,5976044,18702,55,506661,0,0,0,0,1,Null,2006/2007,SH 1N,FALLS BR,,Minor Crash,Yes,2006,0,East,0,0,0,Hill Road,0,,0,,0,Overcast,139000,1,0,0,2,0,0,0,0,0,,0,0,Auckland Region,Bridge,2-way,Sealed,0,0,0,0,100,0,Null,0,0,,76,Auckland,Unknown,0,0,0,0,0,0,Open,1,0,0,Light rain,Null
1759247,5916421,18703,,516001,0,,0,1,,North,2006/2007,GREAT SOUTH ROAD,CORNWALL PARK AVENUE,,Minor Crash,No,2006,,South,,0,,Flat,,,,,,Bright sun,493800,2,1,0,2,,,0,,,,,,Auckland Region,Nil,2-way,Sealed,,0,0,,50,,Off,0,0,,76,Auckland,Traffic Signals,,,,,0,0,Urban,0,,,Fine,Null
1760812,5913919,18704,,519500,0,,0,0,,North,2006/2007,ROCKFIELD ROAD,ORANGA AVENUE,,Minor Crash,No,2006,,North,,0,,Flat,,,,,,Overcast,620600,2,0,1,2,,,0,,,1,,,Auckland Region,Nil,2-way,Sealed,,0,0,,50,,Off,0,0,,76,Auckland,Nil,,,,,0,0,Urban,0,,,Fine,Null
1857886,5839320,18705,,535800,0,,0,2,,Null,2005/2006,FAIRVIEW ROAD,CARISBROOKE ST,,Non-Injury Crash,No,2006,,East,,0,,Flat,,,,,,Bright sun,1183804,0,0,0,2,,,0,,,,,,Bay of Plenty Region,Nil,2-way,Sealed,,0,0,,50,,Null,0,0,,22,Western Bay of Plenty District,Give way,,,,,0,0,Urban,0,,,Fine,Null
1713173,6066247,18706,50,501814,0,0,0,0,0,South,2005/2006,SH 1N,WAIOTU BLOCK ROAD,,Minor Crash,Yes,2006,0,South,1,0,0,Flat,0,,0,,0,Dark,60300,1,0,0,1,0,0,0,0,0,,0,0,Northland Region,Nil,2-way,Sealed,0,0,0,0,100,0,None,0,0,,2,Whangarei District,Nil,0,0,0,0,0,0,Open,1,0,0,Fine,Null
1752422,5916075,18707,,517901,0,,0,3,,East,2006/2007,NEW NORTH ROAD,RICHARDSON ROAD,,Minor Crash,No,2006,,West,,0,,Hill Road,,,,,,Overcast,524800,5,0,0,4,,,0,,,,,,Auckland Region,Nil,2-way,Sealed,,0,0,,50,,Off,0,0,,76,Auckland,Traffic Signals,,,,,0,0,Urban,0,,,Fine,Null
1847916,5514090,18708,,577900,0,0,0,1,1,South,2005/2006,PAHIATUA PONGAROA ROAD,NGATURI ROAD,,Serious Crash,No,2006,0,North,0,0,0,Flat,0,,0,,0,Overcast,2222900,0,0,0,0,0,0,0,0,0,,0,0,Manawatū-Whanganui Region,Nil,2-way,Sealed,0,0,2,0,100,0,None,0,0,,41,Tararua District,Nil,0,0,0,0,0,0,Open,0,0,0,Fine,Null
1749948,5946088,18709,,506001,0,0,0,3,0,Null,2005/2006,HIBISCUS COAST HIGHWAY,SILVERDALE ST,,Minor Crash,No,2006,0,North,0,0,0,Hill Road,0,,1,,0,Overcast,175400,1,0,0,4,0,0,0,0,1,,0,1,Auckland Region,Nil,2-way,Sealed,0,0,0,0,80,0,Off,0,0,,76,Auckland,Traffic Signals,0,0,0,1,1,0,Open,0,0,0,Fine,Null
1767084,5879573,18710,,521112,0,,0,1,,West,2006/2007,WAIUKU ROAD,ROWLES ROAD,,Minor Crash,No,2006,,East,,0,,Hill Road,,,,,,Overcast,825900,1,0,0,2,,,0,,,,,,Auckland Region,Nil,2-way,Sealed,,0,0,,100,,Off,1,0,,76,Auckland,Nil,,,,,0,0,Open,0,,,Fine,Null
1803764,5814631,18711,,530500,0,,0,0,,Null,2006/2007,EDINBURGH ROAD,HELENA ROAD,,Minor Crash,No,2006,,East,,0,,Flat,,,,,,Bright sun,891500,1,0,1,2,,,0,,,,,,Waikato Region,Nil,2-way,Sealed,,0,0,,50,,Off,0,0,,16,Hamilton City,Nil,,,,,0,0,Urban,0,,,Fine,Null
1751747,5723659,18712,55,531710,0,0,0,1,1,East,2005/2006,SH 3,AWAKINO TUNNEL,,Minor Crash,Yes,2006,0,West,0,0,0,Flat,0,,0,,0,Overcast,1016800,1,0,0,2,0,0,0,0,0,,0,0,Waikato Region,Nil,2-way,Sealed,0,0,0,0,100,0,Null,0,0,,20,Waitomo District,Unknown,0,0,0,0,1,0,Open,0,0,0,Mist or Fog,Null
1764790,5911224,18713,,520500,0,0,0,0,0,North,2006/2007,SH 1N,PRINCES OBR,,Minor Crash,Yes,2006,0,North,0,0,0,Hill Road,1,Christmas New Year,0,,0,Overcast,636200,1,0,0,3,0,0,0,0,0,,0,0,Auckland Region,Nil,1-way,Sealed,0,0,0,0,100,0,On,0,0,,76,Auckland,Nil,0,0,0,0,0,0,Open,1,0,0,Light rain,Null
1842975,5799286,18714,,535250,0,,0,1,,South,2006/2007,SH 27,LAKE ROAD,,Fatal Crash,Yes,2006,,South,,2,,Flat,,,,,,Dark,1116702,1,0,0,2,,,0,,,,,,Waikato Region,Nil,2-way,Sealed,,0,1,,100,,None,0,0,,19,South Waikato District,Nil,,,,,0,0,Open,1,,,Fine,Null
1929657,5605330,18715,,548200,0,0,1,1,0,Null,2005/2006,NELSON ST NORTH,QUEEN ST WEST,,Minor Crash,No,2006,0,West,0,0,0,Flat,0,,0,,0,Bright sun,1490800,4,0,0,2,0,0,0,0,1,,0,0,Hawke's Bay Region,Nil,2-way,Sealed,0,0,0,0,50,0,Null,0,0,,30,Hastings District,Give way,0,0,0,0,0,0,Urban,1,0,0,Fine,Null
1882012,5826506,18716,,536821,0,,0,0,,North,2006/2007,MARU ST,SH 2,,Minor Crash,No,2006,,North,,0,,Flat,,,,,,Twilight,1203900,1,1,0,2,,,0,,,,,,Bay of Plenty Region,Nil,2-way,Sealed,,0,0,,70,,Off,0,0,,23,Tauranga City,Unknown,,,,,1,0,Urban,0,,,Fine,Null
1754978,5874244,18717,,526106,0,0,0,1,0,Null,2006/2007,HULL ROAD,STOREY ROAD,,Serious Crash,No,2006,0,North,0,0,0,Flat,0,,0,,0,Dark,833206,0,0,0,2,0,0,0,0,0,,0,0,Waikato Region,Nil,2-way,Sealed,0,0,3,0,100,0,None,0,0,,13,Waikato District,Nil,0,0,0,1,0,0,Open,0,0,0,Fine,Null
1758420,5912918,18718,,519810,0,,0,2,,Null,2006/2007,MANUKAU ROAD,TRAFALGAR ST,,Minor Crash,No,2006,,North,,0,,Flat,,,,,,Dark,598300,1,0,0,2,,,0,,,,,,Auckland Region,Nil,2-way,Sealed,,0,0,,50,,On,0,0,,76,Auckland,Traffic Signals,,,,,0,0,Urban,0,,,Fine,Null
1754964,5930923,18719,,508520,0,0,0,3,0,North,2005/2006,SYCAMORE DRIVE,JUNIPER ROAD,,Serious Crash,No,2006,0,North,0,0,0,Hill Road,0,,0,,0,Dark,191700,0,0,0,2,0,0,0,0,2,,0,0,Auckland Region,Nil,2-way,Sealed,0,0,1,0,50,0,On,0,0,,76,Auckland,Nil,0,0,0,0,0,0,Urban,0,0,0,Fine,Null
1598414,5451219,18720,,581833,0,0,0,1,0,Null,2005/2006,UMUKURI ROAD,SWAMP ROAD,,Minor Crash,No,2006,0,East,0,0,1,Flat,0,,0,,0,Overcast,2368800,2,0,0,2,0,0,0,0,0,,0,0,Tasman Region,Nil,2-way,Sealed,0,0,0,0,50,0,Null,1,0,,51,Tasman District,Stop,0,0,0,0,0,0,Urban,0,0,0,Light rain,Null
1755713,5928132,18721,,507900,1,,0,1,,East,2005/2006,PORANA ROAD,CHERRY LANE,,Minor Crash,No,2006,,East,,0,,Flat,,,,,,Bright sun,305201,1,0,0,2,,,0,,,,,,Auckland Region,Nil,2-way,Sealed,,0,0,,50,,Off,0,0,,76,Auckland,Nil,,,,,0,0,Urban,0,,,Fine,Null
1800091,5817646,18722,,529600,0,0,0,1,0,East,2006/2007,CLARKIN ROAD,DALETHORPE AVENUE,,Minor Crash,No,2006,0,West,0,0,0,Flat,0,Christmas New Year,1,,1,Overcast,869400,1,0,0,2,0,0,0,0,0,,0,0,Waikato Region,Nil,2-way,Sealed,0,0,0,0,50,0,Off,0,0,,16,Hamilton City,Nil,0,0,0,0,0,0,Urban,0,0,0,Light rain,Null
1814190,5862454,18723,35,533901,0,,0,1,,South,2006/2007,SH 27,TOREHAPE ROAD WEST,,Minor Crash,Yes,2006,,North,,0,,Hill Road,,,,,,Overcast,1069401,1,0,0,2,,,0,,,,,,Waikato Region,Nil,2-way,Sealed,,0,0,,100,,Null,0,0,,12,Hauraki District,Unknown,,,,,0,0,Open,0,,,Fine,Null
1621839,6110350,18724,,500204,0,0,0,2,0,South,2005/2006,KAITAIA-AWAROA ROAD,OKAHU ROAD,,Minor Crash,No,2006,0,North,1,0,1,Flat,0,,0,,0,Overcast,9001,1,0,0,2,0,0,0,0,0,,0,0,Northland Region,Nil,2-way,Sealed,0,0,0,0,100,0,None,0,0,,1,Far North District,Nil,0,1,0,0,0,0,Open,0,0,0,Fine,Null
1880007,5817489,18725,,538301,0,,0,0,,South,2005/2006,KAITEMAKO ROAD,PANORAMA DRIVE,,Serious Crash,No,2006,,South,,0,,Flat,,,,,,Twilight,1206203,1,0,0,2,,,0,,,,,,Bay of Plenty Region,Nil,2-way,Sealed,,0,1,,100,,None,0,0,,23,Tauranga City,Nil,,,,,0,0,Open,2,,,Fine,Null
1769286,5915001,18726,,522711,1,,1,0,,Null,2005/2006,PIGEON MOUNTAIN ROAD,CASUARINA ROAD,,Minor Crash,No,2006,,East,,0,,Hill Road,,,,,,Bright sun,680706,1,0,0,2,,,0,,,,,,Auckland Region,Nil,2-way,Sealed,,0,0,,50,,Off,0,0,,76,Auckland,Traffic Signals,,,,,0,0,Urban,0,,,Fine,Null
1759101,5879733,18727,,521152,0,0,0,1,1,West,2006/2007,WAIUKU ROAD,GLENBROOK STATION ROAD,,Minor Crash,No,2006,0,East,1,0,0,Flat,0,Christmas New Year,0,,0,Dark,832800,1,0,0,2,0,0,0,0,0,,0,0,Auckland Region,Nil,2-way,Sealed,0,0,0,0,100,0,None,0,0,,76,Auckland,Nil,0,1,0,0,0,0,Open,0,0,0,Light rain,Null
1951817,5779671,18728,,542100,0,,0,0,,East,2005/2006,MORRISON ROAD,FERGUSON ST,,Minor Crash,No,2006,,East,,0,,Flat,,,,,,Overcast,1303900,1,0,0,2,,,0,,,1,,,Bay of Plenty Region,Nil,2-way,Sealed,,0,0,,50,,Null,0,0,,25,Whakatane District,Nil,,,,,0,0,Urban,1,,,Light rain,Null
1751965,5948530,18729,,505805,1,,0,1,,South,2005/2006,HIBISCUS COAST HIGHWAY,CENTREWAY ROAD,,Minor Crash,No,2006,,North,,0,,Flat,,,,,,Dark,172300,1,0,0,2,,,0,,,,,,Auckland Region,Nil,2-way,Sealed,,0,0,,50,,On,0,0,,76,Auckland,Nil,,,,,0,0,Urban,0,,,Fine,Null
1791970,5780877,18730,,531301,0,0,0,0,1,North,2005/2006,SH 31,TIHIROA ROAD,,Minor Crash,Yes,2006,0,South,0,0,0,Flat,0,,0,,0,Overcast,994900,1,0,0,2,0,0,0,0,0,,0,0,Waikato Region,Nil,2-way,Sealed,0,0,0,0,100,0,Null,1,0,,18,Ōtorohanga District,Unknown,0,0,0,0,0,0,Open,0,0,0,Light rain,Null
1761099,5923152,18731,25,509400,1,,0,1,,Null,2006/2007,TAINUI ROAD,BEACONSFIELD ST,,Minor Crash,No,2006,,South,,0,,Flat,,,,,,Overcast,328000,1,0,0,2,,,0,,,,,,Auckland Region,Nil,2-way,Sealed,,0,0,,50,,Off,0,0,,76,Auckland,Nil,,,,,0,0,Urban,0,,,Light rain,Null
1756179,5917881,18732,,518101,0,,0,0,,Null,2005/2006,DOMINION ROAD,VIEW ROAD,,Serious Crash,No,2006,,North,,0,,Flat,,,,,,Bright sun,544900,0,0,1,4,,,0,,,1,,,Auckland Region,Nil,2-way,Sealed,,0,1,,50,,Off,0,0,,76,Auckland,Traffic Signals,,,,,0,0,Urban,0,,,Fine,Null
1762087,5913798,18733,,520500,0,,0,1,,South,2005/2006,SH 1N,PENROSE INT S,,Minor Crash,Yes,2006,,North,,0,,Flat,,,,,,Bright sun,637000,1,0,0,3,,,0,,,,,,Auckland Region,Nil,1-way,Sealed,,0,0,,100,,Off,1,0,,76,Auckland,Nil,,,,,0,0,Open,1,,,Fine,Null
1708884,6041531,18734,,501810,0,,0,2,,North,2006/2007,SH 14,PUKEATUA ROAD,,Minor Crash,Yes,2006,,South,,0,,Flat,,,,,,Dark,72102,2,0,0,2,,,0,,,,,,Northland Region,Nil,2-way,Sealed,,0,0,,100,,None,0,0,,2,Whangarei District,Nil,,,,,0,0,Open,0,,,Light rain,Null
1802006,5816940,18735,,530000,0,,0,0,,Null,2005/2006,FIFTH AVENUE,PEACHGROVE ROAD,,Minor Crash,No,2006,,West,,0,,Flat,,,,,,Bright sun,867200,1,0,0,2,,,0,,,1,,,Waikato Region,Nil,2-way,Sealed,,0,0,,50,,Null,0,0,,16,Hamilton City,Give way,,,,,1,0,Urban,0,,,Fine,Null
1751545,5951906,18736,,505804,0,,0,2,,Null,2005/2006,HIBISCUS COAST HIGHWAY,OTANERUA ROAD,,Minor Crash,No,2006,,North,,0,,Hill Road,,,,,,Overcast,170807,2,0,0,2,,,0,,,,,,Auckland Region,Nil,2-way,Sealed,,0,0,,70,,Off,0,0,,76,Auckland,Stop,,,,,0,0,Urban,0,,,Light rain,Null
1764343,5909409,18737,,521802,0,,0,3,,North,2005/2006,GREAT SOUTH ROAD,FORT RICHARD ROAD,,Minor Crash,No,2006,,South,,0,,Flat,,,,,,Overcast,788601,1,0,0,4,,,0,,,,,,Auckland Region,Nil,2-way,Sealed,,0,0,,50,,Off,0,0,,76,Auckland,Nil,,,,,0,0,Urban,0,,,Fine,Null
1754432,5935985,18738,,507000,0,,0,2,,East,2005/2006,CARLISLE ROAD,EAST COAST ROAD,,Minor Crash,No,2006,,East,,0,,Flat,,,,,,Overcast,164203,2,0,0,2,,,0,,,,,,Auckland Region,Nil,2-way,Sealed,,0,0,,50,,Off,0,0,,76,Auckland,Nil,,,,,0,0,Urban,0,,,Light rain,Null
1875255,5819016,18739,,537601,0,0,0,2,0,Null,2006/2007,CAMERON ROAD,SH 29,,Minor Crash,Yes,2006,0,North,0,0,0,Flat,0,,0,,0,Overcast,1192800,1,0,0,2,0,0,0,0,0,,0,1,Bay of Plenty Region,Nil,2-way,Sealed,0,0,0,0,70,0,Off,0,0,,23,Tauranga City,Give way,1,0,0,0,0,0,Urban,0,0,0,Heavy rain,Null
1885183,5773995,18740,,540410,0,,0,1,,Null,2006/2007,FENTON ST,PUKUATUA ST,,Serious Crash,No,2006,,North,,0,,Flat,,,,,,Bright sun,1233900,0,0,1,4,,,0,,,,,,Bay of Plenty Region,Nil,2-way,Sealed,,0,1,,50,,Off,0,0,,24,Rotorua District,Give way,,,,,0,0,Urban,0,,,Fine,Null
1603874,5434167,18741,,581836,0,0,0,1,0,East,2005/2006,GARDNER VALLEY ROAD,OLD COACH ROAD,,Minor Crash,No,2006,0,East,1,0,0,Hill Road,0,,0,,0,Overcast,2351200,1,0,0,2,0,0,0,0,0,,0,0,Tasman Region,Nil,2-way,Sealed,0,0,0,0,100,0,Null,0,0,,51,Tasman District,Nil,0,0,0,0,0,0,Open,0,0,0,Light rain,Null
1744897,5921151,18742,,513632,0,,0,1,,East,2006/2007,TRIANGLE ROAD,WAIMUMU ROAD,,Minor Crash,No,2006,,East,,0,,Hill Road,,,,,,Overcast,228702,1,0,0,2,,,0,,,,,,Auckland Region,Nil,2-way,Sealed,,0,0,,50,,Off,0,0,,76,Auckland,Give way,,,,,0,0,Urban,1,,,Light rain,Null