X,Y,OBJECTID,advisorySpeed,areaUnitID,bicycle,bridge,bus,carStationWagon,cliffBank,crashDirectionDescription,crashFinancialYear,crashLocation1,crashLocation2,crashRoadSideRoad,crashSeverity,crashSHDescription,crashYear,debris,directionRoleDescription,ditch,fatalCount,fence,flatHill,guardRail,holiday,houseOrBuilding,intersection,kerb,light,meshblockId,minorInjuryCount,moped,motorcycle,NumberOfLanes,objectThrownOrDropped,otherObject,otherVehicleType,overBank,parkedVehicle,pedestrian,phoneBoxEtc,postOrPole,region,roadCharacter,roadLane,roadSurface,roadworks,schoolBus,seriousInjuryCount,slipOrFlood,speedLimit,strayAnimal,streetLight,suv,taxi,temporarySpeedLimit,tlaId,tlaName,trafficControl,trafficIsland,trafficSign,train,tree,truck,unknownVehicleType,urban,vanOrUtility,vehicle,waterRiver,weatherA,weatherB
1767193,5917890,18743,,517002,0,,1,1,,West,2005/2006,INGLEWOOD ST,FERNWOOD PLACE,,Minor Crash,No,2006,,West,,0,,Hill Road,,,,,,Twilight,473600,1,0,0,2,,,0,,,,,,Auckland Region,Nil,2-way,Sealed,,0,0,,50,,Off,0,0,,76,Auckland,Unknown,,,,,0,0,Urban,0,,,Light rain,Null
1765679,5586621,18744,,555400,0,0,0,0,1,South,2006/2007,SH 3,KAI IWI VALLEY ROAD,,Serious Crash,Yes,2006,0,West,1,0,0,Flat,0,,0,,0,Dark,1681400,1,0,0,2,0,0,0,0,0,,0,0,Manawatū-Whanganui Region,Nil,2-way,Sealed,0,0,1,0,100,0,None,1,0,,37,Whanganui District,Nil,0,0,0,0,0,0,Open,0,0,0,Light rain,Null
1749245,5913590,18745,,511401,0,,0,2,,Null,2006/2007,TITIRANGI ROAD,MARGAN AVENUE,,Minor Crash,No,2006,,North,,0,,Flat,,,,,,Overcast,263304,1,0,0,5,,,0,,,,,,Auckland Region,Nil,2-way,Sealed,,0,0,,50,,Off,0,0,,76,Auckland,Traffic Signals,,,,,0,0,Urban,0,,,Light rain,Null
1768379,5901732,18746,,525001,0,,0,1,,South,2006/2007,GREAT SOUTH ROAD,HALSEY ROAD,,Serious Crash,No,2006,,North,,0,,Flat,,,,,,Overcast,751100,0,0,0,2,,,0,,,1,,,Auckland Region,Nil,2-way,Sealed,,0,2,,50,,Null,0,0,,76,Auckland,Unknown,,,,,0,0,Urban,0,,,Mist or Fog,Null
1883096,5826377,18747,,536821,0,,0,1,,North,2006/2007,MAUNGANUI ROAD,SH 29,,Serious Crash,No,2006,,North,,0,,Flat,,Christmas New Year,,,,Bright sun,1200200,2,0,0,2,,,0,,,,,,Bay of Plenty Region,Nil,2-way,Sealed,,0,2,,70,,Null,1,0,,23,Tauranga City,Unknown,,,,,0,0,Urban,0,,,Fine,Null
1770389,5911603,18748,,523105,0,,0,1,,Null,2006/2007,BOTANY ROAD,TARNICA ROAD,,Minor Crash,No,2006,,South,,0,,Flat,,,,,,Bright sun,711148,2,0,0,6,,,0,,,,,,Auckland Region,Nil,2-way,Sealed,,0,0,,70,,Off,0,0,,76,Auckland,Traffic Signals,,,,,0,0,Urban,1,,,Fine,Null
1677263,5404260,18749,,580420,0,0,0,0,0,West,2005/2006,SH 6,ROSE ST,,Serious Crash,Yes,2006,0,East,1,0,1,Flat,0,,0,,0,Bright sun,2290903,0,0,0,2,0,0,0,0,0,,0,0,Marlborough Region,Nil,2-way,Sealed,0,0,1,0,100,0,Null,1,0,,53,Marlborough District,Nil,0,1,0,0,0,0,Open,0,0,0,Fine,Null
1881961,5773206,18750,,539500,0,0,0,1,0,East,2005/2006,PANDORA AVENUE,ORION ST,,Non-Injury Crash,No,2006,0,East,0,0,0,Hill Road,0,,0,,1,Bright sun,1229903,0,0,0,2,0,0,0,0,0,,0,0,Bay of Plenty Region,Nil,2-way,Sealed,0,0,0,0,50,0,Null,0,0,,24,Rotorua District,Give way,0,0,0,0,0,0,Urban,0,0,0,Fine,Null
1722928,5604685,18751,,554400,0,0,0,3,0,North,2005/2006,SH 3,SPENCE ROAD,,Minor Crash,Yes,2006,0,South,0,0,0,Flat,0,,0,,0,Overcast,1665200,1,0,0,2,0,0,0,0,0,,0,0,Taranaki Region,Nil,2-way,Sealed,0,0,0,0,100,0,Null,0,0,,35,South Taranaki District,Nil,0,0,0,1,0,0,Open,0,1,0,Fine,Null
1839519,5920533,18752,,533000,0,0,0,1,0,South,2005/2006,JOAN GASKELL DRIVE,SH 25,,Serious Crash,No,2006,0,North,0,0,1,Flat,0,,0,,0,Twilight,1046018,0,0,0,2,0,0,0,0,0,,0,1,Waikato Region,Nil,2-way,Sealed,0,0,1,0,70,0,On,0,0,,11,Thames-Coromandel District,Unknown,0,0,0,0,0,0,Urban,0,0,0,Fine,Null
1759190,5888331,18753,65,521122,0,0,0,2,0,Null,2006/2007,KINGSEAT ROAD,MCKENZIE ROAD,,Minor Crash,No,2006,0,North,0,0,1,Flat,0,,0,,0,Dark,810800,2,0,0,2,0,0,0,0,0,,0,0,Auckland Region,Nil,2-way,Sealed,0,0,0,0,100,0,Off,0,0,,76,Auckland,Give way,0,0,0,0,0,0,Open,0,0,0,Fine,Null
1764235,5908559,18754,,521901,0,,0,2,,East,2006/2007,BEATTY ST,JANE COWIE AVENUE,,Minor Crash,No,2006,,West,,0,,Flat,,,,,,Dark,785500,1,0,0,1,,,0,,,,,,Auckland Region,Nil,2-way,Sealed,,0,0,,50,,On,0,0,,76,Auckland,Nil,,,,,0,0,Urban,0,,,Fine,Null
1407187,4918777,18755,,603601,1,,0,0,,Null,2006/2007,SH 1S,DUKE ST,,Minor Crash,Yes,2006,,North,,0,,Flat,,,,,,Bright sun,2865400,1,0,0,2,,,0,,,,,,Otago Region,Nil,1-way,Sealed,,0,0,,50,,Null,0,0,,71,Dunedin City,Stop,,,,,0,0,Urban,1,,,Fine,Null
1834488,5797126,18756,,535242,0,,0,2,,Null,2006/2007,SH 1N,SH 29,,Minor Crash,Yes,2006,,East,,0,,Flat,,,,,,Bright sun,1125302,1,0,0,3,,,0,,,,,,Waikato Region,Nil,2-way,Sealed,,0,0,,100,,Off,0,0,,15,Matamata-Piako District,Give way,,,,,0,0,Open,0,,,Fine,Null
1882619,5827840,18757,,536821,1,,0,1,,Null,2006/2007,TWEED ST,HART ST,,Minor Crash,No,2006,,East,,0,,Flat,,,,,,Bright sun,1198000,1,0,0,2,,,0,,,,,,Bay of Plenty Region,Nil,2-way,Sealed,,0,0,,50,,Null,0,0,,23,Tauranga City,Give way,,,,,0,0,Urban,0,,,Fine,Null
1883900,5825553,18758,,536831,0,,0,2,,Null,2005/2006,SH 2,CONCORD AVENUE,,Minor Crash,Yes,2006,,South,,0,,Flat,,,,,,Overcast,1204403,2,0,0,4,,,0,,,,,,Bay of Plenty Region,Nil,2-way,Sealed,,0,0,,70,,Null,0,0,,23,Tauranga City,Give way,,,,,0,0,Urban,0,,,Fine,Null
1793449,5825508,18759,,527916,0,0,0,1,0,North,2006/2007,GREAT SOUTH ROAD,HOROTIU ROAD,,Serious Crash,No,2006,0,North,0,0,0,Flat,0,,0,,0,Dark,975600,0,0,0,2,0,0,0,0,0,,0,0,Waikato Region,Nil,2-way,Sealed,0,0,1,0,100,0,On,0,0,,13,Waikato District,Unknown,0,0,0,1,0,0,Open,0,0,0,Fine,Null
1766640,5919277,18760,,516800,0,,0,1,,Null,2006/2007,ROCHDALE AVENUE,CHESTERFIELD AVENUE,,Serious Crash,No,2006,,North,,0,,Hill Road,,,,,,Overcast,513700,0,0,0,2,,,0,,,,,,Auckland Region,Nil,2-way,Sealed,,0,1,,50,,Off,0,0,,76,Auckland,Give way,,,,,1,0,Urban,0,,,Fine,Null
1759712,5907773,18761,,524121,0,,0,2,,South,2005/2006,BADER DRIVE,ELMDON ST,,Minor Crash,No,2006,,North,,0,,Flat,,,,,,Bright sun,737600,1,0,0,2,,,0,,,,,,Auckland Region,Nil,2-way,Sealed,,0,0,,50,,Off,0,1,,76,Auckland,Nil,,,,,0,0,Urban,0,,,Fine,Null
1750989,5434819,18762,,573700,0,,0,1,,Null,2006/2007,PHILLIP ST,SLIP,,Minor Crash,No,2006,,South,,0,,Flat,,,,,,Bright sun,2081800,1,0,0,2,,,0,,,1,,,Wellington Region,Nil,2-way,Sealed,,0,0,,50,,Null,0,0,,47,Wellington City,Give way,,,,,0,0,Urban,0,,,Fine,Null
1754403,5924794,18763,,510500,0,,0,2,,East,2005/2006,ONEWA ROAD,AORANGI PLACE,,Serious Crash,No,2006,,East,,0,,Hill Road,,Queens Birthday,,,,Dark,356100,3,0,0,3,,,0,,,,,,Auckland Region,Nil,2-way,Sealed,,0,1,,50,,On,0,0,,76,Auckland,Nil,,,,,0,0,Urban,0,,,Fine,Null
1755123,5932976,18764,,507400,0,0,0,1,0,Null,2006/2007,DALMENY CLOSE,EAST COAST ROAD,,Minor Crash,No,2006,0,East,0,0,0,Hill Road,0,,0,,0,Bright sun,153100,1,0,0,1,0,0,0,0,0,,0,0,Auckland Region,Nil,1-way,Sealed,0,0,0,0,50,0,Null,0,0,,76,Auckland,Give way,0,1,0,1,0,0,Urban,0,0,0,Fine,Null
1763261,5906561,18765,,524302,0,,0,1,,Null,2006/2007,BUCKLAND ROAD,GRAEME AVENUE,,Minor Crash,No,2006,,East,,0,,Flat,,,,,,Bright sun,745500,2,0,0,2,,,0,,,,,,Auckland Region,Nil,2-way,Sealed,,0,0,,50,,Off,1,0,,76,Auckland,Give way,,,,,0,0,Urban,0,,,Fine,Null
1747519,5914682,18766,,511100,0,,0,2,,East,2006/2007,GREAT NORTH ROAD,SABULITE ROAD,,Minor Crash,No,2006,,East,,0,,Hill Road,,,,,,Dark,285202,1,0,0,4,,,0,,,,,,Auckland Region,Nil,2-way,Sealed,,0,0,,50,,On,0,0,,76,Auckland,Nil,,,,,0,0,Urban,0,,,Fine,Null
1756126,5917693,18767,,518102,0,,0,2,,Null,2005/2006,DOMINION ROAD,BELLEVUE ROAD,,Minor Crash,No,2006,,South,,0,,Hill Road,,,,,,Overcast,545900,1,0,0,4,,,0,,,,,,Auckland Region,Nil,2-way,Sealed,,0,0,,50,,Off,0,0,,76,Auckland,Nil,,,,,0,0,Urban,0,,,Light rain,Strong wind
1773049,5880423,18768,,521117,0,0,0,1,0,North,2006/2007,HARRISVILLE ROAD,LOGAN ROAD,,Serious Crash,No,2006,0,South,0,0,1,Hill Road,0,,0,,0,Dark,827004,0,0,0,2,0,0,0,0,0,,0,0,Waikato Region,Nil,2-way,Sealed,0,0,1,0,100,0,None,0,0,,13,Waikato District,Unknown,0,0,0,1,0,0,Open,0,0,0,Fine,Null
1791972,5771979,18769,,531301,0,,0,1,,South,2005/2006,SH 31,HONIKIWI ROAD,,Minor Crash,Yes,2006,,North,,0,,Flat,,,,,,Dark,996000,1,0,0,2,,,0,,,,,,Waikato Region,Nil,2-way,Unsealed,,0,0,,100,,Off,0,0,30,18,Ōtorohanga District,Unknown,,,,,0,0,Open,0,,,Fine,Null
1795684,5833789,18770,65,527123,0,0,0,1,0,East,2006/2007,SH 1B,SH 1N,,Minor Crash,Yes,2006,0,South,1,0,0,Flat,0,,0,,0,Overcast,951001,1,0,0,2,0,0,0,0,0,,0,0,Waikato Region,Nil,2-way,Sealed,0,0,0,0,100,0,Null,0,0,,13,Waikato District,Unknown,0,0,0,0,0,0,Open,0,0,0,Fine,Null
1743783,5923829,18771,,513511,0,0,0,2,0,South,2006/2007,Z CPK WESTGATE SC,SH 16,,Minor Crash,No,2006,0,East,0,0,0,Flat,0,,0,,0,Overcast,224306,1,0,0,0,0,0,0,0,1,1,0,0,Auckland Region,Nil,Off road,Sealed,0,0,0,0,20,0,Off,0,0,,76,Auckland,Nil,0,0,0,0,0,0,Urban,0,0,0,Fine,Null
1757200,5926975,18772,,507900,0,,0,1,,East,2005/2006,TAHAROTO ROAD,DOMINION ST,,Minor Crash,No,2006,,East,,0,,Flat,,,,,,Bright sun,305000,1,0,0,4,,,0,,,1,,,Auckland Region,Nil,2-way,Sealed,,0,0,,50,,Off,0,0,,76,Auckland,Nil,,,,,0,0,Urban,0,,,Fine,Null
1767680,5464492,18773,,566302,0,0,0,1,1,North,2005/2006,WATERFALL ROAD,EMERALD GLEN ROAD,,Serious Crash,No,2006,0,South,0,0,0,Hill Road,0,,0,,0,Bright sun,1998000,2,0,0,1,0,0,0,0,0,,0,0,Wellington Region,Nil,2-way,Sealed,0,0,2,0,100,0,Null,0,0,,43,Kapiti Coast District,Nil,0,0,0,0,0,0,Open,0,0,0,Fine,Null
1769725,5781857,18774,,531301,0,0,0,0,0,South,2005/2006,HARBOUR ROAD,KIHI ROAD,,Fatal Crash,No,2006,0,South,0,1,1,Hill Road,0,,0,,0,Bright sun,993900,0,0,0,2,0,0,0,0,0,,0,0,Waikato Region,Nil,2-way,Sealed,0,0,0,0,100,0,None,0,0,,18,Ōtorohanga District,Nil,0,0,0,0,0,0,Open,1,0,0,Fine,Null
1800862,5814781,18775,,529100,0,,0,1,,North,2005/2006,TRISTRAM ST,THACKERAY ST,,Non-Injury Crash,No,2006,,South,,0,,Flat,,,,,,Twilight,931000,0,0,0,2,,,0,,,,,,Waikato Region,Nil,2-way,Sealed,,0,0,,50,,Off,0,0,,16,Hamilton City,Give way,,,,,0,0,Urban,1,,,Fine,Null
1764526,5909384,18776,,521802,0,,0,2,,Null,2005/2006,CHURCH ST,FAIRBURN ST,,Non-Injury Crash,No,2006,,East,,0,,Flat,,,,,,Overcast,788601,0,0,0,2,,,0,,,,,,Auckland Region,Nil,2-way,Sealed,,0,0,,50,,Off,0,0,,76,Auckland,Stop,,,,,0,0,Urban,0,,,Light rain,Null
1802446,5815812,18777,,530100,0,,0,2,,East,2005/2006,JOSHUA LANE,PEACHGROVE ROAD,,Non-Injury Crash,No,2006,,South,,0,,Flat,,,,,,Dark,896100,0,0,0,1,,,0,,,,,,Waikato Region,Nil,1-way,Sealed,,0,0,,30,,None,0,0,,16,Hamilton City,Nil,,,,,0,0,Urban,0,,,Null,Null
1566019,5185277,18778,,588600,0,,0,2,,Null,2006/2007,HAREWOOD ROAD,BREENS ROAD,,Serious Crash,No,2006,,West,,0,,Flat,,,,,,Bright sun,2524107,1,0,0,4,,,0,,,,,,Canterbury Region,Nil,2-way,Sealed,,0,2,,50,,Null,0,0,,60,Christchurch City,Stop,,,,,0,0,Urban,0,,,Fine,Null
1753805,5936887,18779,,508900,0,0,0,1,0,East,2006/2007,GLENVAR ROAD,EAST COAST ROAD,,Minor Crash,No,2006,0,East,0,0,1,Flat,0,,0,,0,Overcast,178308,1,0,0,2,0,0,0,0,0,,0,0,Auckland Region,Nil,2-way,Sealed,0,0,0,0,50,0,On,0,0,,76,Auckland,Nil,0,0,0,1,0,0,Urban,0,0,0,Heavy rain,Null
1946063,5792556,18780,,542511,0,,0,1,,Null,2005/2006,SH 30,PAROA ROAD,,Minor Crash,Yes,2006,,West,,0,,Flat,,,,,,Bright sun,1297502,2,0,0,2,,,0,,,,,,Bay of Plenty Region,Nil,2-way,Sealed,,0,0,,100,,Null,0,0,,25,Whakatane District,Stop,,,,,0,0,Open,1,,,Fine,Null
1312647,4978174,18781,75,608302,0,0,0,1,0,North,2005/2006,SH 8,CONROYS ROAD,,Minor Crash,Yes,2006,0,North,1,0,0,Flat,0,,0,,0,Overcast,3023001,2,0,0,2,0,0,0,0,0,,0,0,Otago Region,Nil,2-way,Sealed,0,0,0,0,100,0,Null,0,0,,69,Central Otago District,Unknown,0,0,0,0,0,0,Open,0,0,0,Fine,Null
1453250,5298825,18782,,585130,0,0,0,1,0,South,2005/2006,SH 6 SMITH,MOUNT ST,,Minor Crash,Yes,2006,0,North,0,0,1,Hill Road,0,Christmas New Year,0,,0,Overcast,2406000,1,0,0,2,0,0,0,0,0,,0,0,West Coast Region,Nil,2-way,Sealed,0,0,0,0,50,0,Null,0,0,,56,Grey District,Unknown,0,0,0,0,0,0,Urban,0,0,0,Light rain,Null
1570634,5180884,18783,,591700,0,0,0,2,0,Null,2006/2007,COLOMBO ST,SALISBURY ST,,Minor Crash,No,2006,0,East,0,0,1,Flat,0,,1,,0,Bright sun,2655700,2,0,0,2,0,0,0,0,0,,0,0,Canterbury Region,Nil,2-way,Sealed,0,0,0,0,50,0,Null,1,1,,60,Christchurch City,Traffic Signals,0,0,0,0,0,0,Urban,0,0,0,Fine,Null
1745208,5918928,18784,,513302,0,,0,2,,South,2005/2006,LINCOLN ROAD,MOSELLE AVENUE,,Non-Injury Crash,No,2006,,South,,0,,Flat,,,,,,Bright sun,230701,0,0,0,4,,,0,,,,,,Auckland Region,Nil,2-way,Sealed,,0,0,,50,,Off,0,0,,76,Auckland,Nil,,,,,0,0,Urban,0,,,Fine,Null
1543385,5170530,18785,,587020,0,,0,1,,East,2006/2007,RUSSELL ROAD,FREYBERG ST,,Serious Crash,No,2006,,North,,0,,Flat,,,,,,Overcast,2468100,0,0,0,2,,,0,,,1,,,Canterbury Region,Nil,2-way,Sealed,,0,1,,50,,Null,0,0,,62,Selwyn District,Unknown,,,,,0,0,Urban,0,,,Fine,Null
1459255,5085147,18786,,598900,0,,0,2,,Null,2006/2007,OLD NORTH ROAD,GOULDS ROAD,,Minor Crash,No,2006,,North,,0,,Flat,,,,,,Twilight,2782400,2,0,0,2,,,0,,,,,,Canterbury Region,Nil,2-way,Sealed,,0,0,,50,,Off,0,0,,64,Timaru District,Give way,,,,,0,0,Urban,0,,,Fine,Null
1755816,5928380,18787,,507900,0,,0,3,,South,2005/2006,SH 1N,TRISTRAM OBR,,Non-Injury Crash,Yes,2006,,North,,0,,Hill Road,,,,,,Overcast,305201,0,0,0,3,,,0,,,,,,Auckland Region,Nil,1-way,Sealed,,0,0,,100,,Off,0,1,,76,Auckland,Nil,,,,,0,0,Open,0,,,Light rain,Null
1763363,5912777,18788,,520500,0,,0,3,,North,2005/2006,SH 1N,SEART OBR,,Non-Injury Crash,Yes,2006,,North,,0,,Flat,,,,,,Bright sun,637300,0,0,0,2,,,0,,,,,,Auckland Region,Nil,1-way,Sealed,,0,0,,100,,Off,0,0,,76,Auckland,Nil,,,,,0,0,Open,0,,,Fine,Null
1742701,5921867,18789,,513631,0,,0,2,,South,2005/2006,DON BUCK ROAD,CHERRY TREE PLACE,,Non-Injury Crash,No,2006,,South,,0,,Hill Road,,,,,,Overcast,227101,0,0,0,2,,,0,,,,,,Auckland Region,Nil,2-way,Sealed,,0,0,,50,,Off,0,0,,76,Auckland,Nil,,,,,0,0,Urban,0,,,Fine,Null
1734885,5932644,18790,,505605,0,,0,1,,East,2005/2006,OLD NORTH ROAD,WAIKOUKOU VALLEY ROAD,,Non-Injury Crash,No,2006,,East,,0,,Flat,,,,,,Bright sun,215700,0,0,1,1,,,0,,,,,,Auckland Region,Bridge,2-way,Sealed,,0,0,,100,,None,0,0,,76,Auckland,Nil,,,,,0,0,Open,0,,,Fine,Null
1750087,5430801,18791,,574500,0,0,0,1,0,North,2006/2007,SH 1N,AOTEA ON NBD,,Minor Crash,Yes,2006,0,North,0,0,0,Flat,1,,0,,0,Dark,2093500,1,0,0,3,0,1,0,0,0,,0,0,Wellington Region,Nil,2-way,Sealed,0,0,0,0,100,0,On,0,0,,47,Wellington City,Nil,0,0,0,0,0,0,Open,0,0,0,Fine,Null
1407633,4919325,18792,,603300,0,,0,1,,Null,2006/2007,NORTH ROAD,GLENDINING AVENUE,,Minor Crash,No,2006,,North,,0,,Flat,,,,,,Bright sun,2873400,2,0,1,2,,,0,,,,,,Otago Region,Nil,2-way,Sealed,,0,0,,50,,Null,0,0,,71,Dunedin City,Give way,,,,,0,0,Urban,0,,,Fine,Null
1849690,5807634,18793,,535231,0,,0,1,,North,2005/2006,SH 24,TE POI ROAD,,Minor Crash,Yes,2006,,South,,0,,Flat,,,,,,Overcast,1113500,1,0,0,2,,,0,,,,,,Waikato Region,Nil,2-way,Sealed,,0,0,,100,,None,0,0,,15,Matamata-Piako District,Nil,,,,,0,0,Open,0,,,Light rain,Null
1732696,5928971,18794,,506652,0,0,0,1,0,Null,2005/2006,MURIWAI ROAD,SCHOOL ROAD N,,Minor Crash,No,2006,0,North,0,0,1,Hill Road,0,,0,,0,Dark,218401,1,0,0,2,0,0,0,0,0,,0,0,Auckland Region,Nil,2-way,Sealed,0,0,0,0,50,0,None,0,0,,76,Auckland,Nil,0,0,0,0,0,0,Urban,0,0,0,Heavy rain,Null
1758531,5917573,18795,,516001,0,,0,4,,South,2005/2006,SH 1N,NEWMARKET VDT,,Minor Crash,Yes,2006,,North,,0,,Flat,,,,,,Overcast,490701,3,0,0,3,,,0,,,,,,Auckland Region,Nil,1-way,Sealed,,0,0,,80,,Off,0,0,,76,Auckland,Nil,,,,,0,0,Open,0,,,Light rain,Null
1753497,5875572,18796,,526103,0,,0,1,,South,2005/2006,QUEEN ST,COURT ST,,Minor Crash,No,2006,,,,0,,Flat,,,,,,Bright sun,837600,1,0,0,2,,,0,,,1,,,Auckland Region,Nil,2-way,Sealed,,0,0,,50,,Null,0,0,,76,Auckland,Unknown,,,,,0,0,Urban,0,,,Fine,Null
1819386,5530015,18797,,562710,0,,0,1,,Null,2005/2006,TREMAINE AVENUE,ATHENA GROVE,,Serious Crash,No,2006,,South,,0,,Flat,,,,,,Overcast,1817200,0,0,1,2,,,0,,,,,,Manawatū-Whanganui Region,Nil,2-way,Sealed,,0,1,,50,,Null,0,0,,40,Palmerston North City,Nil,,,,,0,0,Urban,0,,,Light rain,Null
1557970,5182214,18798,,587811,0,,0,2,,Null,2006/2007,SH 73 WEST COAST,BUCHANANS ROAD,,Minor Crash,Yes,2006,,East,,0,,Flat,,,,,,Overcast,2494800,2,0,0,2,,,0,,,,,,Canterbury Region,Nil,2-way,Sealed,,0,0,,100,,Null,0,0,,60,Christchurch City,Stop,,,,,0,0,Open,0,,,Heavy rain,Null
1763107,5912909,18799,,520402,0,0,0,1,0,West,2005/2006,ARANUI ROAD,RUAWAI ROAD,,Non-Injury Crash,No,2006,0,South,0,0,0,Flat,0,,0,,0,Dark,642500,0,0,0,2,0,0,0,0,0,,0,1,Auckland Region,Nil,2-way,Sealed,0,0,0,0,50,0,On,0,0,,76,Auckland,Unknown,0,0,0,0,0,0,Urban,0,0,0,Fine,Null
1718846,6047419,18800,,502600,0,,0,1,,North,2005/2006,Z CPK KENSINGTON STADIUM,KENSINGTON AVENUE,,Non-Injury Crash,No,2006,,North,,0,,Flat,,,,,,Bright sun,94700,0,0,0,1,,,0,,,,,,Northland Region,Nil,Off road,Sealed,,0,0,,50,,Off,1,0,,2,Whangarei District,Nil,,,,,0,0,Urban,0,,,Fine,Null
1748176,5426729,18801,,573200,0,0,0,1,0,South,2005/2006,BROOKLYN ROAD,NAIRN ST,,Serious Crash,No,2006,0,North,0,0,1,Hill Road,0,,0,,0,Dark,2159203,0,0,0,2,0,0,0,0,0,,0,0,Wellington Region,Nil,2-way,Sealed,0,0,1,0,50,0,On,0,0,,47,Wellington City,Nil,0,0,0,0,0,0,Urban,0,0,0,Fine,Null
1749784,5424941,18802,,576903,1,,0,1,,Null,2005/2006,CRAWFORD ROAD,WELLINGTON ROAD,,Minor Crash,No,2006,,South,,0,,Hill Road,,,,,,Bright sun,2181600,1,0,0,2,,,0,,,,,,Wellington Region,Nil,2-way,Sealed,,0,0,,50,,Null,0,0,,47,Wellington City,Give way,,,,,0,0,Urban,0,,,Fine,Null
1851874,5765082,18803,,535212,0,,0,1,,South,2006/2007,SH 1N,SH 32,,Fatal Crash,Yes,2006,,North,,1,,Flat,,,,,,Dark,1152501,1,0,0,2,,,0,,,,,,Waikato Region,Nil,2-way,Sealed,,0,0,,80,,On,0,0,,19,South Waikato District,Nil,,,,,1,0,Open,0,,,Fine,Null
1754703,5931497,18804,,508805,0,0,0,0,0,East,2005/2006,PARKWAY DRIVE,RAMP ROAD,,Serious Crash,No,2006,0,East,0,0,0,Hill Road,0,,0,,0,Dark,180826,0,0,0,2,0,0,0,0,1,,0,0,Auckland Region,Nil,2-way,Sealed,0,0,1,0,50,0,On,0,0,,76,Auckland,Nil,0,0,0,0,1,0,Urban,1,0,0,Fine,Null
1750883,5913782,18805,,514600,0,0,0,1,0,West,2005/2006,WOLVERTON ST,TAYLOR ST,,Minor Crash,No,2006,0,East,0,0,0,Flat,0,,0,,0,Dark,371800,2,0,0,2,0,0,0,0,0,,0,1,Auckland Region,Nil,2-way,Sealed,0,0,0,0,50,0,On,0,0,,76,Auckland,Nil,0,0,0,0,0,0,Urban,0,0,0,Fine,Null
1757133,5925907,18806,,509702,0,,0,2,,South,2005/2006,SH 1N,ESMONDE OBR,,Minor Crash,Yes,2006,,North,,0,,Flat,,,,,,Bright sun,364602,1,0,0,3,,,0,,,,,,Auckland Region,Nil,1-way,Sealed,,0,0,,80,,Off,1,0,,76,Auckland,Nil,,,,,0,0,Open,0,,,Fine,Null
1836733,5800927,18807,,535242,0,0,0,1,0,South,2005/2006,SH 29,TOTMAN ROAD,,Minor Crash,Yes,2006,0,South,0,0,1,Flat,0,,0,,0,Dark,1124901,2,0,0,2,0,0,0,0,0,,0,0,Waikato Region,Nil,2-way,Sealed,0,0,0,0,100,0,None,0,0,,15,Matamata-Piako District,Unknown,0,0,0,0,0,0,Open,0,0,0,Mist or Fog,Null
1758025,5927312,18808,,508010,0,,0,3,,East,2006/2007,ANZAC ST,LAKE ROAD,,Minor Crash,No,2006,,West,,0,,Flat,,,,,,Overcast,327000,2,0,0,4,,,0,,,,,,Auckland Region,Nil,2-way,Sealed,,0,0,,50,,Off,0,0,,76,Auckland,Nil,,,,,0,0,Urban,0,,,Fine,Null
1679190,5418705,18809,,580446,0,0,0,1,0,South,2006/2007,SH 1S,PARA ROAD,,Serious Crash,Yes,2006,0,North,0,0,0,Flat,0,,0,,0,Overcast,2279400,1,0,0,2,0,0,0,0,0,,0,0,Marlborough Region,Nil,2-way,Sealed,0,0,1,0,100,0,Null,0,0,,53,Marlborough District,Nil,0,0,0,1,0,0,Open,0,0,0,Light rain,Null
1881647,5780650,18810,,538601,0,,0,1,,Null,2005/2006,SH 36,HOOD ST,,Minor Crash,Yes,2006,,North,,0,,Hill Road,,,,,,Bright sun,1248500,1,0,0,2,,,0,,,,,,Bay of Plenty Region,Nil,2-way,Sealed,,0,0,,50,,Null,0,0,,24,Rotorua District,Give way,,,,,0,0,Urban,1,,,Fine,Null
1883811,5772853,18811,,539900,0,,0,1,,North,2005/2006,SH 5,HAZLETT ST,,Serious Crash,Yes,2006,,North,,0,,Flat,,,,,,Bright sun,1238500,0,0,0,2,,,0,,,1,,,Bay of Plenty Region,Nil,2-way,Sealed,,0,1,,50,,Null,0,0,,24,Rotorua District,Unknown,,,,,0,0,Urban,0,,,Fine,Null
1718300,6043009,18812,,503800,0,0,0,2,0,North,2005/2006,SH 1N,TOE TOE ROAD,,Minor Crash,Yes,2006,0,North,1,0,0,Hill Road,0,,0,,0,Dark,107908,4,0,0,3,0,0,0,0,0,,0,0,Northland Region,Nil,2-way,Sealed,0,0,0,0,100,0,None,0,0,,2,Whangarei District,Nil,0,0,0,0,0,0,Open,0,0,0,Light rain,Null
1316099,4983353,18813,,608500,1,,0,1,,Null,2005/2006,SH 8,GREGG ST,,Minor Crash,Yes,2006,,South,,0,,Flat,,,,,,Dark,3025200,1,0,0,2,,,0,,,,,,Otago Region,Nil,2-way,Sealed,,0,0,,50,,On,0,0,,69,Central Otago District,Give way,,,,,0,0,Urban,0,,,Fine,Null