X,Y,OBJECTID,advisorySpeed,areaUnitID,bicycle,bridge,bus,carStationWagon,cliffBank,crashDirectionDescription,crashFinancialYear,crashLocation1,crashLocation2,crashRoadSideRoad,crashSeverity,crashSHDescription,crashYear,debris,directionRoleDescription,ditch,fatalCount,fence,flatHill,guardRail,holiday,houseOrBuilding,intersection,kerb,light,meshblockId,minorInjuryCount,moped,motorcycle,NumberOfLanes,objectThrownOrDropped,otherObject,otherVehicleType,overBank,parkedVehicle,pedestrian,phoneBoxEtc,postOrPole,region,roadCharacter,roadLane,roadSurface,roadworks,schoolBus,seriousInjuryCount,slipOrFlood,speedLimit,strayAnimal,streetLight,suv,taxi,temporarySpeedLimit,tlaId,tlaName,trafficControl,trafficIsland,trafficSign,train,tree,truck,unknownVehicleType,urban,vanOrUtility,vehicle,waterRiver,weatherA,weatherB
1756175,5929042,18814,,508510,0,,0,2,,Null,2006/2007,FORREST HILL ROAD N,NILE ROAD,,Minor Crash,No,2006,,South,,0,,Hill Road,,,,,,Overcast,195900,1,0,0,2,,,0,,,,,,Auckland Region,Nil,2-way,Sealed,,0,0,,50,,Off,0,0,,76,Auckland,Give way,,,,,0,0,Urban,0,,,Fine,Null
1808895,5871419,18815,,533901,0,,0,1,,North,2005/2006,SH 2,SH 27,,Non-Injury Crash,Yes,2006,,North,,0,,Hill Road,,,,,,Bright sun,1069200,0,0,0,3,,,0,,,,,,Waikato Region,Nil,2-way,Sealed,,0,0,,100,,Null,0,0,,12,Hauraki District,Unknown,,,,,1,0,Open,0,,,Fine,Null
1576690,5175376,18816,,591300,0,,0,0,,Null,2005/2006,BRIDLE PATH ROAD,COOKS LANE,,Serious Crash,No,2006,,South,,0,,Flat,,,,,,Overcast,2554300,0,0,0,2,,,0,,,1,,,Canterbury Region,Nil,2-way,Sealed,,0,1,,50,,Null,0,0,,60,Christchurch City,Nil,,,,,0,0,Urban,1,,,Fine,Null
1747462,5916428,18817,,511601,0,,0,1,,Null,2006/2007,BARRYS ROAD,BEAZLEY PLACE,,Non-Injury Crash,No,2006,,South,,0,,Flat,,,,,,Twilight,274900,0,0,0,2,,,0,,,,,,Auckland Region,Nil,2-way,Sealed,,0,0,,50,,On,0,0,,76,Auckland,Give way,,,,,0,0,Urban,1,,,Fine,Null
1800226,5816396,18818,,529700,0,,0,2,,West,2006/2007,MILL ST,VICTORIA ST,,Non-Injury Crash,No,2006,,West,,0,,Flat,,,,,,Dark,909302,0,0,0,4,,,0,,,,,,Waikato Region,Nil,2-way,Sealed,,0,0,,50,,On,0,0,,16,Hamilton City,Nil,,,,,0,0,Urban,0,,,Fine,Null
1778267,5878213,18819,,521131,0,,0,2,,West,2006/2007,SH 1N,RAZORBACK OFF SBD,,Minor Crash,Yes,2006,,East,,0,,Hill Road,,,,,,Overcast,842601,1,0,0,2,,,0,,,,,,Waikato Region,Motorway ramp,1-way,Sealed,,0,0,,100,,None,0,0,,13,Waikato District,Nil,,,,,0,0,Open,0,,,Heavy rain,Null
1814852,5845709,18820,55,534603,0,,0,0,,East,2006/2007,TAHUNA OHINEWAI ROAD,TAINUI ROAD,,Minor Crash,No,2006,,East,,0,,Flat,,,,,,Overcast,1093800,1,0,0,2,,,0,,,,,,Waikato Region,Nil,2-way,Sealed,,0,0,,100,,Null,0,0,,15,Matamata-Piako District,Unknown,,,,,1,0,Open,0,,,Fine,Null
1767806,5904073,18821,,524602,0,,0,2,,South,2008/2009,GREAT SOUTH ROAD,LAKEWOOD COURT,,Non-Injury Crash,No,2009,,North,,0,,Flat,,,,,,Overcast,780501,0,0,0,4,,,0,,,,,,Auckland Region,Nil,2-way,Sealed,,0,0,,50,,Off,0,0,,76,Auckland,Traffic Signals,,,,,0,0,Urban,0,,,Fine,Null
1769329,5911455,18822,,523113,0,,0,2,,Null,2006/2007,TI RAKAU DRIVE,BURSWOOD DRIVE E,,Non-Injury Crash,No,2006,,West,,0,,Flat,,,,,,Overcast,711703,0,0,0,6,,,0,,,,,,Auckland Region,Nil,2-way,Sealed,,0,0,,70,,Null,0,0,,76,Auckland,Nil,,,,,0,0,Urban,0,,,Light rain,Null
1891886,5779074,18823,,538820,0,0,0,1,0,South,2006/2007,SH 30,SH 33,,Minor Crash,Yes,2006,0,North,0,0,0,Flat,0,,0,,0,Overcast,1252100,1,0,0,3,0,0,0,0,0,,0,1,Bay of Plenty Region,Nil,2-way,Sealed,0,0,0,0,100,0,Null,0,0,,24,Rotorua District,Unknown,0,0,0,0,0,0,Open,0,0,0,Fine,Null
1878894,5824380,18824,,538201,0,,0,1,,North,2009/2010,SH 2,ELIZABETH ST,,Non-Injury Crash,Yes,2009,,South,,0,,Flat,,,,,,Bright sun,1164600,0,0,0,4,,,0,,,,,,Bay of Plenty Region,Nil,2-way,Sealed,,0,0,,80,,Null,0,0,,23,Tauranga City,Unknown,,,,,0,0,Open,1,,,Fine,Null
1886203,5772473,18825,,540600,0,,0,2,,Null,2006/2007,SH 30A,SH 30,,Non-Injury Crash,Yes,2006,,West,,0,,Flat,,,,,,Overcast,1243500,0,0,0,4,,,0,,,,,,Bay of Plenty Region,Nil,2-way,Sealed,,0,0,,70,,Null,0,0,,24,Rotorua District,Stop,,,,,0,0,Urban,0,,,Light rain,Null
1884560,5773250,18826,,540420,0,,0,2,,North,2008/2009,RANOLF ST,MALFROY ROAD,,Non-Injury Crash,No,2009,,South,,0,,Flat,,,,,,Twilight,1236700,0,0,0,2,,,0,,,,,,Bay of Plenty Region,Nil,2-way,Sealed,,0,0,,50,,Off,0,0,,24,Rotorua District,Unknown,,,,,0,0,Urban,0,,,Light rain,Null
1749115,5426446,18827,,573300,0,0,0,1,0,Null,2008/2009,SH 1N KENT,ELLICE ST,,Non-Injury Crash,Yes,2009,0,South,0,0,0,Flat,0,,0,,0,Dark,2145602,0,0,0,2,0,0,0,0,0,,0,0,Wellington Region,Nil,2-way,Sealed,0,0,0,0,50,0,On,0,0,,47,Wellington City,Give way,0,0,0,1,0,0,Urban,0,0,0,Heavy rain,Strong wind
1764507,5904468,18828,,522100,0,,0,2,,Null,2009/2010,PUHINUI ROAD,ROSCOMMON ROAD NORTH,,Non-Injury Crash,No,2009,,West,,0,,Flat,,,,,,Bright sun,659200,0,0,0,2,,,0,,,,,,Auckland Region,Nil,2-way,Sealed,,0,0,,50,,Off,0,0,,76,Auckland,Traffic Signals,,,,,0,0,Urban,0,,,Fine,Null
1736126,6055930,18829,,501807,0,0,0,0,0,East,2009/2010,NGUNGURU ROAD,TONGATU ROAD,,Non-Injury Crash,No,2009,0,West,0,0,0,Flat,1,,0,,0,Overcast,62105,0,0,0,2,0,0,0,0,0,,0,0,Northland Region,Nil,2-way,Sealed,0,0,0,0,100,0,None,0,0,,2,Whangarei District,Nil,0,0,0,1,0,0,Open,1,0,0,Fine,Null
1728766,6005711,18830,,505010,0,,0,0,,North,2009/2010,SH 1N,SH 12,,Non-Injury Crash,Yes,2009,,South,,0,,Hill Road,,,,,,Bright sun,134700,0,0,0,2,,,0,,,,,,Northland Region,Nil,2-way,Sealed,,0,0,,100,,None,1,0,,3,Kaipara District,Nil,,,,,1,0,Open,0,,,Fine,Null
1400196,4913491,18831,,605800,0,,0,1,,Null,2009/2010,BRIGHTON ROAD,MAIN SOUTH ROAD,,Minor Crash,No,2009,,East,,0,,Flat,,,,,,Overcast,2959600,1,0,1,2,,,0,,,,,,Otago Region,Nil,1-way,Sealed,,0,0,,50,,Null,0,0,,71,Dunedin City,Give way,,,,,0,0,Urban,0,,,Fine,Null
1406316,4917419,18832,,603100,0,,0,1,,South,2009/2010,FILLEUL ST,HANOVER ST,,Minor Crash,No,2009,,North,,0,,Flat,,,,,,Bright sun,2902400,1,0,1,2,,,0,,,,,,Otago Region,Nil,2-way,Sealed,,0,0,,50,,Null,0,0,,71,Dunedin City,Nil,,,,,0,0,Urban,0,,,Fine,Null
1759415,5920523,18833,,515902,0,,0,2,,East,2009/2010,TAMAKI DRIVE,SH 16,,Non-Injury Crash,No,2009,,West,,0,,Flat,,,,,,Bright sun,454800,0,0,0,4,,,0,,,,,,Auckland Region,Nil,2-way,Sealed,,0,0,,50,,Off,0,0,,76,Auckland,Nil,,,,,1,0,Urban,0,,,Fine,Null
1772230,5915035,18834,,521501,0,,0,2,,Null,2008/2009,PICTON ST,MOORE ST,,Non-Injury Crash,No,2009,,North,,0,,Flat,,,,,,Overcast,652100,0,0,0,2,,,0,,,,,,Auckland Region,Nil,2-way,Sealed,,0,0,,50,,Off,0,0,,76,Auckland,Nil,,,,,0,0,Urban,0,,,Light rain,Null
1756041,5917462,18835,,518201,0,,0,2,,West,2009/2010,WALTERS ROAD,DOMINION ROAD,,Non-Injury Crash,No,2009,,West,,0,,Flat,,,,,,Bright sun,548500,0,0,0,2,,,0,,,,,,Auckland Region,Nil,2-way,Sealed,,0,0,,50,,Off,0,0,,76,Auckland,Nil,,,,,0,0,Urban,0,,,Fine,Null
1818401,5544269,18836,,560730,0,,0,0,,North,2009/2010,BEATTIE ST,SH 54,,Non-Injury Crash,No,2009,,South,,0,,Flat,,,,,,Bright sun,1772100,0,0,0,2,,,0,,,1,,,Manawatū-Whanganui Region,Nil,2-way,Sealed,,0,0,,50,,Null,1,0,,39,Manawatu District,Nil,,,,,0,0,Urban,0,,,Fine,Null
1757437,5921053,18837,,514101,0,0,0,2,0,South,2009/2010,LOWER ALBERT ST,QUAY ST,,Non-Injury Crash,No,2009,0,South,0,0,0,Flat,0,,0,,0,Dark,432800,0,0,0,2,0,0,0,0,1,,0,0,Auckland Region,Nil,2-way,Sealed,0,0,0,0,50,0,On,0,0,,76,Auckland,Nil,0,0,0,0,0,0,Urban,0,0,0,Null,Strong wind
1757360,5928891,18838,,507800,0,0,1,1,0,South,2009/2010,SHAKESPEARE ROAD,KITCHENER ROAD,,Non-Injury Crash,No,2009,0,South,0,0,0,Flat,0,,0,,0,Overcast,307300,0,0,0,2,0,0,0,0,1,,0,0,Auckland Region,Nil,2-way,Sealed,0,0,0,0,50,0,Off,0,0,,76,Auckland,Nil,0,0,0,0,0,0,Urban,0,0,0,Fine,Null
1720119,6046477,18839,,503200,0,0,0,1,0,North,2008/2009,EWING ROAD,RIVERSIDE DRIVE,,Non-Injury Crash,No,2009,0,West,0,0,0,Flat,0,,0,,0,Bright sun,101100,0,0,0,2,0,0,0,0,1,,0,0,Northland Region,Nil,2-way,Sealed,0,0,0,0,50,0,Off,1,0,,2,Whangarei District,Nil,0,0,0,0,0,0,Urban,0,0,0,Fine,Null
1750205,5956145,18840,,506613,0,,0,2,,South,2008/2009,SH 1N,BILLING ROAD,,Non-Injury Crash,Yes,2009,,North,,0,,Flat,,Easter,,,,Bright sun,147000,0,0,0,1,,,0,,,,,,Auckland Region,Nil,1-way,Sealed,,0,0,,100,,Null,0,0,,76,Auckland,Unknown,,,,,0,0,Open,0,,,Fine,Null
1763778,5913152,18841,,520500,0,,0,2,,Null,2009/2010,LONGFORD ST,MOUNT WELLINGTON HIGHWAY,,Non-Injury Crash,No,2009,,East,,0,,Flat,,,,,,Bright sun,637500,0,0,0,2,,,0,,,,,,Auckland Region,Nil,2-way,Sealed,,0,0,,50,,Off,0,0,,76,Auckland,Traffic Signals,,,,,0,0,Urban,0,,,Fine,Null
1753547,5928784,18842,,508411,0,0,0,3,0,West,2008/2009,MANUKA ROAD,GLENFIELD ROAD,,Non-Injury Crash,No,2009,0,West,0,0,0,Flat,0,,0,,0,Bright sun,184300,0,0,0,2,0,0,0,0,1,,0,0,Auckland Region,Nil,2-way,Sealed,0,0,0,0,50,0,Off,0,0,,76,Auckland,Nil,0,0,0,0,0,0,Urban,0,0,0,Fine,Null
1758124,5909472,18843,,524001,0,,0,0,,North,2006/2007,WALLACE ROAD,MATAPOURI ROAD,,Fatal Crash,No,2006,,North,,1,,Flat,,,,,,Bright sun,723300,0,0,0,2,,,0,,,1,,,Auckland Region,Nil,2-way,Sealed,,0,0,,50,,Off,0,0,,76,Auckland,Nil,,,,,1,0,Urban,0,,,Fine,Null
1786745,5859376,18844,,527210,0,0,0,0,0,North,2008/2009,SH 1N,HALL ROAD,,Non-Injury Crash,Yes,2009,0,North,0,0,0,Hill Road,1,,0,,0,Bright sun,935700,0,0,0,2,0,0,0,0,0,,0,0,Waikato Region,Nil,2-way,Sealed,0,0,0,0,100,0,None,0,0,,13,Waikato District,Nil,0,0,0,0,1,0,Open,0,0,0,Fine,Null
1243756,4847786,18845,,611602,0,0,0,3,0,South,2008/2009,MAITLAND ST,MARTIN ST,,Non-Injury Crash,No,2009,0,North,0,0,0,Flat,0,,0,,0,Dark,3148400,0,0,0,2,0,0,0,0,2,,0,0,Southland Region,Nil,2-way,Sealed,0,0,0,0,50,0,None,0,0,,75,Invercargill City,Unknown,0,0,0,0,0,0,Urban,0,0,0,Light rain,Null
2068405,5825564,18846,,543301,0,0,0,0,0,North,2008/2009,SH 35,WHARF ROAD N,,Non-Injury Crash,Yes,2009,0,North,0,0,0,Flat,0,,0,,0,Dark,1342200,0,0,0,2,0,0,0,0,0,,0,0,Gisborne Region,Nil,2-way,Sealed,0,0,0,0,100,0,None,1,0,70,28,Gisborne District,Nil,0,0,0,0,0,0,Open,0,0,0,Light rain,Null
1821774,5529925,18847,,562800,0,,0,1,,Null,2008/2009,SH 3,NGATA ST,,Non-Injury Crash,Yes,2009,,East,,0,,Flat,,,,,,Dark,1830900,0,0,0,2,,,0,,,,,,Manawatū-Whanganui Region,Nil,2-way,Sealed,,0,0,,50,,On,0,0,,40,Palmerston North City,Give way,,,,,0,0,Urban,1,,,Fine,Null
1823805,5531567,18848,,562500,0,,0,1,,Null,2008/2009,VOGEL ST,HAYDON ST,,Minor Crash,No,2009,,North,,0,,Flat,,,,,,Overcast,1841402,1,0,1,2,,,0,,,,,,Manawatū-Whanganui Region,Nil,2-way,Sealed,,0,0,,50,,Null,0,0,,40,Palmerston North City,Give way,,,,,0,0,Urban,0,,,Fine,Null
1756705,5926628,18849,,507900,0,,0,2,,South,2008/2009,SH 1N,NORTHCOTE ON SBD,,Non-Injury Crash,Yes,2009,,South,,0,,Flat,,,,,,Bright sun,303901,0,0,0,3,,,0,,,,,,Auckland Region,Nil,2-way,Sealed,,0,0,,100,,Null,0,0,,76,Auckland,Unknown,,,,,0,0,Open,0,,,Fine,Null
1765004,5910321,18850,,521801,0,,0,1,,Null,2009/2010,PRINCES ST,OTAHUHU ON NBD,,Non-Injury Crash,Yes,2009,,North,,0,,Flat,,,,,,Dark,787700,0,0,0,1,,,0,,,,,,Auckland Region,Nil,2-way,Sealed,,0,0,,50,,On,0,0,,76,Auckland,Give way,,,,,1,0,Urban,0,,,Fine,Null
1755971,5932342,18851,,507400,0,0,0,1,0,Null,2008/2009,MAXWELTON DRIVE,NOUMEA PLACE,,Non-Injury Crash,No,2009,0,East,0,0,0,Flat,0,,0,,1,Dark,152400,0,0,0,2,0,0,0,0,0,,0,0,Auckland Region,Nil,2-way,Sealed,0,0,0,0,50,0,On,0,0,,76,Auckland,Nil,0,0,0,0,0,0,Urban,0,0,0,Light rain,Null
1775177,5577642,18852,,557100,0,,0,2,,North,2008/2009,ST HILL ST,MARIA PLACE,,Non-Injury Crash,No,2009,,North,,0,,Flat,,,,,,Bright sun,1698700,0,0,0,2,,,0,,,,,,Manawatū-Whanganui Region,Nil,2-way,Sealed,,0,0,,50,,Null,0,0,,37,Whanganui District,Nil,,,,,0,0,Urban,0,,,Fine,Null
1937107,5622506,18853,,546802,0,,0,2,,East,2009/2010,LIGHTHOUSE ROAD,SEAPOINT ROAD,,Non-Injury Crash,No,2009,,East,,0,,Hill Road,,,,,,Overcast,1421500,0,0,0,2,,,0,,,,,,Hawke's Bay Region,Nil,2-way,Sealed,,0,0,,50,,Null,0,0,,31,Napier City,Nil,,,,,0,0,Urban,0,,,Fine,Null
1956812,5770597,18854,,542561,0,0,0,1,0,Null,2008/2009,WAIMANA ROAD,FACTORY ROAD,,Non-Injury Crash,No,2009,0,West,0,0,1,Flat,0,,0,,0,Dark,1295800,0,0,0,2,0,0,0,0,0,,0,0,Bay of Plenty Region,Nil,2-way,Sealed,0,0,0,0,100,0,None,0,0,,25,Whakatane District,Nil,0,0,0,0,0,0,Open,0,0,0,Heavy rain,Null
1835231,5784236,18855,,535250,0,,0,1,,West,2009/2010,ARAPUNI ROAD,HUIHUITAHA ROAD,,Non-Injury Crash,No,2009,,West,,0,,Flat,,,,,,Overcast,1125500,0,0,0,2,,,0,,,,,,Waikato Region,Nil,2-way,Sealed,,0,0,,100,,None,0,0,,19,South Waikato District,Nil,,,,,0,0,Open,0,,,Fine,Null
1766810,5899452,18856,,524812,0,0,0,2,0,North,2008/2009,GLENVEAGH PARK DRIVE,CARN CLOSE,,Non-Injury Crash,No,2009,0,North,0,0,0,Flat,0,,0,,0,Dark,774210,0,0,0,2,0,0,0,0,1,,0,0,Auckland Region,Nil,2-way,Sealed,0,0,0,0,50,0,On,0,0,,76,Auckland,Nil,0,0,0,0,0,0,Urban,0,0,0,Fine,Null
1974843,5784758,18857,,542906,0,,0,0,,South,2009/2010,SH 2,BAIRDS ROAD,,Non-Injury Crash,Yes,2009,,North,,0,,Flat,,,,,,Bright sun,1337401,0,0,0,2,,,0,,,,,,Bay of Plenty Region,Nil,2-way,Sealed,,0,0,,80,,Null,1,0,,27,Ōpōtiki District,Unknown,,,,,0,0,Open,1,,,Fine,Null
1750058,5913891,18858,,511303,0,,1,1,,North,2009/2010,MEMORIAL DRIVE W,TOTARA AVENUE,,Non-Injury Crash,No,2009,,East,,0,,Flat,,,,,,Bright sun,266000,0,0,0,2,,,0,,,,,,Auckland Region,Nil,2-way,Sealed,,0,0,,50,,Null,0,0,,76,Auckland,Nil,,,,,0,0,Urban,0,,,Fine,Null
1764063,5919172,18859,,516601,0,0,0,0,0,South,2009/2010,SPROTT ROAD,GODFREY PLACE,,Non-Injury Crash,No,2009,0,North,0,0,0,Flat,0,,0,,0,Bright sun,506100,0,0,0,2,0,0,0,0,0,,0,0,Auckland Region,Nil,2-way,Sealed,0,0,0,0,50,0,Off,1,0,,76,Auckland,Nil,0,0,0,1,0,0,Urban,0,0,0,Fine,Null
1690873,5383608,18860,,580801,0,0,0,1,0,South,2009/2010,SH 1S,BLIND RIVER LOOP ROAD,,Non-Injury Crash,Yes,2009,0,South,0,0,1,Hill Road,1,,0,,0,Overcast,2309400,0,0,0,2,0,0,0,0,0,,0,0,Marlborough Region,Nil,2-way,Sealed,0,0,0,0,100,0,Null,0,0,,53,Marlborough District,Nil,0,0,0,0,0,0,Open,0,0,0,Light rain,Null
1753701,5439145,18861,,573522,0,,0,2,,Null,2008/2009,TAWA OFF SBD,TAKAPU ROAD,,Non-Injury Crash,Yes,2009,,North,,0,,Hill Road,,,,,,Dark,2053703,0,0,0,1,,,0,,,,,,Wellington Region,Nil,1-way,Sealed,,0,0,,70,,On,0,0,,47,Wellington City,Stop,,,,,0,0,Urban,0,,,Light rain,Null
1572930,5206327,18862,,586127,0,,0,1,,West,2009/2010,GRESSONS ROAD,SH 1S,,Minor Crash,No,2009,,East,,0,,Flat,,,,,,Bright sun,2446502,1,0,0,2,,,0,,,,,,Canterbury Region,Nil,2-way,Sealed,,0,0,,100,,Null,0,0,,59,Waimakariri District,Unknown,,,,,0,0,Open,1,,,Fine,Null
1766682,5908940,18863,,523402,0,0,0,1,0,East,2009/2010,GILBERT ROAD,BENTLEY ROAD,,Non-Injury Crash,No,2009,0,East,0,0,0,Flat,0,,0,,0,Dark,697500,0,0,0,1,0,0,0,0,0,,0,1,Auckland Region,Nil,2-way,Sealed,0,0,0,0,50,0,On,0,0,,76,Auckland,Nil,0,0,0,0,0,0,Urban,0,0,0,Heavy rain,Null
1754027,5917187,18864,,517600,0,,0,2,,South,2008/2009,ST LUKES ROAD,NEW NORTH ROAD,,Non-Injury Crash,No,2009,,North,,0,,Flat,,,,,,Bright sun,534900,0,0,0,4,,,0,,,,,,Auckland Region,Nil,2-way,Sealed,,0,0,,50,,Null,0,0,,76,Auckland,Unknown,,,,,0,0,Urban,0,,,Fine,Null
1800377,5815848,18865,,529700,0,0,0,1,0,Null,2009/2010,ROSTREVOR ST,ANGLESEA ST,,Non-Injury Crash,No,2009,0,North,0,0,1,Flat,0,,1,,0,Dark,910000,0,0,0,2,0,0,0,0,0,,0,0,Waikato Region,Nil,2-way,Sealed,0,0,0,0,50,0,On,0,0,,16,Hamilton City,Traffic Signals,0,0,0,0,0,0,Urban,0,0,0,Light rain,Null
1715835,6051118,18866,,502002,0,0,0,1,0,Null,2009/2010,PIPIWAI ROAD,DIP ROAD,,Non-Injury Crash,No,2009,0,East,1,0,0,Hill Road,0,,0,,0,Overcast,69403,0,0,0,2,0,0,0,0,0,,0,0,Northland Region,Nil,2-way,Sealed,0,0,0,0,80,0,None,0,0,,2,Whangarei District,Give way,0,0,0,0,0,0,Open,0,0,0,Light rain,Null
1759466,5919259,18867,,515901,0,0,0,2,0,North,2009/2010,TOHUNGA CRESCENT,LEE ST,,Non-Injury Crash,No,2009,0,East,0,0,0,Hill Road,0,,0,,0,Bright sun,456200,0,0,0,2,0,0,0,0,1,,0,0,Auckland Region,Nil,2-way,Sealed,0,0,0,0,50,0,Off,0,0,,76,Auckland,Nil,0,0,0,0,0,0,Urban,0,0,0,Fine,Null
1584209,5427987,18868,,581841,0,0,0,1,0,North,2008/2009,MOTUEKA VALLEY HIGHWAY,SUNDAY CREEK ROAD,,Non-Injury Crash,No,2009,0,South,0,0,1,Flat,0,,0,,0,Twilight,2374300,0,0,0,2,0,0,0,0,0,,0,1,Tasman Region,Nil,2-way,Sealed,0,0,0,0,100,0,None,0,0,,51,Tasman District,Nil,0,0,0,0,0,0,Open,0,0,0,Fine,Null
1750890,5427195,18869,,576700,0,,0,2,,North,2009/2010,MAIDA VALE ROAD,EVANS BAY PARADE,,Non-Injury Crash,No,2009,,South,,0,,Hill Road,,,,,,Overcast,2186000,0,0,0,2,,,0,,,,,,Wellington Region,Nil,2-way,Sealed,,0,0,,50,,Null,0,0,,47,Wellington City,Nil,,,,,0,0,Urban,0,,,Fine,Null
1755401,5920558,18870,,515302,0,,0,1,,North,2008/2009,REDMOND ST,POMPALLIER TERRACE,,Non-Injury Crash,No,2009,,North,,0,,Flat,,,,,,Bright sun,429500,0,0,0,2,,,0,,,,,,Auckland Region,Nil,2-way,Sealed,,0,0,,50,,Null,1,0,,76,Auckland,Unknown,,,,,0,0,Urban,0,,,Fine,Null
1746845,5434362,18871,,577700,0,,0,1,,West,2008/2009,TAKARAU GORGE ROAD,RIFLE RANGE ROAD,,Non-Injury Crash,No,2009,,West,,0,,Hill Road,,,,,,Overcast,2117003,0,0,0,2,,,0,,,,,,Wellington Region,Nil,2-way,Sealed,,0,0,,60,,Null,1,0,,47,Wellington City,Nil,,,,,0,0,Urban,0,,,Fine,Null
1615151,6108806,18872,,500205,0,,0,1,,South,2008/2009,SANDHILLS ROAD,AHIPARA ROAD,,Non-Injury Crash,No,2009,,South,,0,,Hill Road,,,,,,Bright sun,10014,0,0,0,2,,,0,,,,,,Northland Region,Nil,2-way,Unsealed,,0,0,,100,,Null,0,0,,1,Far North District,Unknown,,,,,0,0,Open,1,,,Fine,Null
1822470,5531051,18873,,562401,0,,0,1,,South,2008/2009,HERETAUNGA ST,FLORENCE AVENUE,,Non-Injury Crash,No,2009,,South,,0,,Hill Road,,,,,,Overcast,1834400,0,0,0,2,,,0,,,,,,Manawatū-Whanganui Region,Nil,2-way,Sealed,,0,0,,50,,Null,1,0,,40,Palmerston North City,Nil,,,,,0,0,Urban,0,,,Light rain,Null
1755017,5913735,18874,,518803,0,,0,2,,Null,2009/2010,DOMINION ROAD,DENBIGH AVENUE,,Non-Injury Crash,No,2009,,North,,0,,Flat,,,,,,Overcast,581700,0,0,0,4,,,0,,,,,,Auckland Region,Nil,2-way,Sealed,,0,0,,50,,Null,0,0,,76,Auckland,Give way,,,,,0,0,Urban,0,,,Light rain,Null
1747398,5913695,18875,,511100,0,,0,2,,Null,2008/2009,WEST COAST ROAD,BOWERS ROAD,,Non-Injury Crash,No,2009,,West,,0,,Hill Road,,,,,,Bright sun,286200,0,0,0,3,,,0,,,,,,Auckland Region,Nil,2-way,Sealed,,0,0,,50,,Off,0,0,,76,Auckland,Traffic Signals,,,,,0,0,Urban,0,,,Fine,Null
1863738,5746066,18876,,541334,0,0,0,1,1,North,2009/2010,SH 1N,TIROHANGA ROAD,,Non-Injury Crash,Yes,2009,1,East,0,0,0,Hill Road,0,,0,,0,Bright sun,1276201,0,0,0,2,0,0,0,0,0,,0,0,Waikato Region,Nil,2-way,Sealed,0,0,0,0,100,0,None,0,0,,21,Taupo District,Nil,0,0,0,0,0,0,Open,0,0,0,Fine,Null
1751676,5917963,18877,,515001,0,,0,2,,North,2009/2010,PT CHEV ON EBD,SH 16,,Non-Injury Crash,Yes,2009,,East,,0,,Flat,,,,,,Bright sun,392200,0,0,0,3,,,0,,,,,,Auckland Region,Motorway ramp,1-way,Sealed,,0,0,,100,,Off,0,0,,76,Auckland,Nil,,,,,0,0,Open,0,,,Fine,Null
1814661,5800518,18878,,527931,0,0,0,1,0,North,2009/2010,CAMBRIDGE ROAD,PARALLEL ROAD,,Non-Injury Crash,No,2009,0,North,0,0,0,Flat,0,,0,,0,Dark,988200,0,0,0,2,0,0,0,0,0,,0,0,Waikato Region,Nil,2-way,Sealed,0,0,0,0,100,0,None,0,0,,17,Waipa District,Unknown,0,0,0,0,0,0,Open,0,0,0,Fine,Null
1754369,5444525,18879,,570800,0,0,0,1,0,South,2009/2010,HAGLEY ST,COBHAM COURT S,,Non-Injury Crash,No,2009,0,South,0,0,0,Flat,0,,0,,0,Bright sun,2052500,0,0,0,2,0,0,0,0,0,,0,0,Wellington Region,Nil,2-way,Sealed,0,0,0,0,50,0,Null,0,0,,44,Porirua City,Nil,0,0,0,0,1,0,Urban,0,1,0,Fine,Null
1874216,5781590,18880,,538863,0,0,0,1,1,West,2008/2009,SH 5,NGONGOTAHA ROAD,,Non-Injury Crash,Yes,2009,0,West,0,0,0,Flat,0,Queens Birthday,0,,0,Dark,1265501,0,0,0,2,0,0,0,0,0,,0,0,Bay of Plenty Region,Nil,2-way,Sealed,0,0,0,0,100,0,None,0,0,,24,Rotorua District,Nil,0,0,0,0,0,0,Open,0,0,0,Null,Frost
1798274,5820109,18881,,528310,0,,0,1,,East,2009/2010,WAIRERE DRIVE,TOTARA DRIVE OBR,,Non-Injury Crash,No,2009,,East,,0,,Flat,,,,,,Bright sun,897503,0,0,0,2,,,0,,,,,,Waikato Region,Nil,2-way,Sealed,,0,0,,80,,Null,0,0,,16,Hamilton City,Unknown,,,,,0,0,Open,1,,,Fine,Null
1718426,6044179,18882,,503500,0,0,0,1,0,Null,2009/2010,SH 1N,RAUMANGA VALLEY ROAD,,Non-Injury Crash,Yes,2009,0,South,0,0,0,Flat,0,,1,,0,Bright sun,108200,0,0,0,2,0,0,0,1,0,,0,0,Northland Region,Nil,2-way,Sealed,0,0,0,0,50,0,Off,1,0,,2,Whangarei District,Give way,0,0,0,0,0,0,Urban,0,0,0,Fine,Null
1857124,5803581,18883,55,535231,0,0,0,1,0,South,2009/2010,SH 29,SUMMIT LOOKOUT,,Non-Injury Crash,Yes,2009,0,West,0,0,1,Hill Road,0,,0,,0,Overcast,1114500,0,0,0,2,0,0,0,0,0,,0,0,Waikato Region,Nil,2-way,Sealed,0,0,0,0,100,0,Null,0,0,,15,Matamata-Piako District,Unknown,0,0,0,0,0,0,Open,0,0,0,Heavy rain,Null