X,Y,OBJECTID,advisorySpeed,areaUnitID,bicycle,bridge,bus,carStationWagon,cliffBank,crashDirectionDescription,crashFinancialYear,crashLocation1,crashLocation2,crashRoadSideRoad,crashSeverity,crashSHDescription,crashYear,debris,directionRoleDescription,ditch,fatalCount,fence,flatHill,guardRail,holiday,houseOrBuilding,intersection,kerb,light,meshblockId,minorInjuryCount,moped,motorcycle,NumberOfLanes,objectThrownOrDropped,otherObject,otherVehicleType,overBank,parkedVehicle,pedestrian,phoneBoxEtc,postOrPole,region,roadCharacter,roadLane,roadSurface,roadworks,schoolBus,seriousInjuryCount,slipOrFlood,speedLimit,strayAnimal,streetLight,suv,taxi,temporarySpeedLimit,tlaId,tlaName,trafficControl,trafficIsland,trafficSign,train,tree,truck,unknownVehicleType,urban,vanOrUtility,vehicle,waterRiver,weatherA,weatherB
1744853,5427971,18884,,575100,0,,0,2,,Null,2008/2009,KARORI ROAD,RICHMOND AVENUE,,Non-Injury Crash,No,2009,,West,,0,,Flat,,,,,,Overcast,2115700,0,0,0,2,,,0,,,,,,Wellington Region,Nil,2-way,Sealed,,0,0,,50,,Null,0,0,,47,Wellington City,Stop,,,,,0,0,Urban,0,,,Fine,Null
2037532,5707473,18885,,544801,0,0,0,1,0,South,2009/2010,RAKAIATANE ROAD,CRAWFORD ROAD,,Non-Injury Crash,No,2009,0,South,0,0,0,Flat,0,,0,,0,Bright sun,1386000,0,0,0,2,0,0,0,0,0,,0,0,Gisborne Region,Nil,2-way,Sealed,0,0,0,0,50,0,Null,0,0,,28,Gisborne District,Nil,0,0,0,1,0,0,Urban,0,0,0,Fine,Null
1743563,5919803,18886,,513632,0,,0,1,,North,2009/2010,DON BUCK ROAD,GLEN ROAD,,Non-Injury Crash,No,2009,,West,,0,,Hill Road,,,,,,Overcast,229200,0,0,0,2,,,0,,,,,,Auckland Region,Nil,2-way,Sealed,,0,0,,50,,Null,0,0,,76,Auckland,Unknown,,,,,0,0,Urban,0,,,Fine,Null
1753789,5926015,18887,,508610,0,,0,2,,Null,2009/2010,GLENFIELD ROAD,ESKDALE ROAD,,Non-Injury Crash,No,2009,,North,,0,,Flat,,,,,,Bright sun,206800,0,0,0,3,,,0,,,,,,Auckland Region,Nil,2-way,Sealed,,0,0,,50,,Null,0,0,,76,Auckland,Traffic Signals,,,,,0,0,Urban,0,,,Fine,Null
1511721,5160912,18888,,597741,0,0,0,1,0,East,2009/2010,RAKAIA BARRHILL METHVEN R,IRWINS ROAD,,Serious Crash,No,2009,0,East,0,0,1,Hill Road,0,,0,,0,Bright sun,2750500,1,0,0,2,0,0,0,0,0,,0,0,Canterbury Region,Nil,2-way,Sealed,0,0,1,0,100,0,Null,0,0,,63,Ashburton District,Unknown,0,0,0,0,0,0,Open,0,0,0,Fine,Null
1770855,5899851,18889,,523911,0,,0,1,,Null,2008/2009,TAKANINI SCHOOL ROAD,POPES ROAD,,Non-Injury Crash,No,2009,,South,,0,,Flat,,,,,,Overcast,766600,0,0,0,2,,,0,,,,,,Auckland Region,Nil,2-way,Sealed,,0,0,,50,,None,0,0,,76,Auckland,Give way,,,,,0,0,Urban,2,,,Fine,Null
1929684,5605333,18890,,548200,0,0,0,2,0,Null,2008/2009,Z CPK COUNTDOWN,NELSON/QUEEN,,Non-Injury Crash,No,2009,0,North,0,0,0,Flat,0,,0,,0,Bright sun,1490800,0,0,0,0,0,0,0,0,1,,0,0,Hawke's Bay Region,Nil,Off road,Sealed,0,0,0,0,50,0,Null,0,0,,30,Hastings District,Nil,0,0,0,0,0,0,Urban,0,0,0,Fine,Null
1754813,5929272,18891,,508420,0,,0,1,,Null,2008/2009,WAIRAU ROAD,WOODALL PLACE,,Non-Injury Crash,No,2009,,West,,0,,Hill Road,,,,,,Bright sun,183602,0,0,0,3,,,0,,,,,,Auckland Region,Nil,2-way,Sealed,,0,0,,50,,Null,0,0,,76,Auckland,Nil,,,,,0,0,Urban,1,,,Fine,Null
1754268,5919415,18892,,515431,0,0,0,2,0,East,2009/2010,RICHMOND ROAD,WARNOCK ST,,Non-Injury Crash,No,2009,0,North,0,0,0,Flat,0,,0,,0,Dark,402900,0,0,0,2,0,0,0,0,2,,0,0,Auckland Region,Nil,2-way,Sealed,0,0,0,0,50,0,On,0,0,,76,Auckland,Nil,0,0,0,0,0,0,Urban,1,0,0,Fine,Null
1756854,5932232,18893,,507500,0,,0,2,,North,2009/2010,BEACH ROAD,CHANNEL VIEW ROAD,,Non-Injury Crash,No,2009,,South,,0,,Hill Road,,,,,,Overcast,148900,0,0,0,2,,,0,,,,,,Auckland Region,Nil,2-way,Sealed,,0,0,,50,,Null,0,0,,76,Auckland,Unknown,,,,,0,0,Urban,0,,,Heavy rain,Null
1937039,5622468,18894,,546802,0,,0,0,,South,2009/2010,ELIZABETH ROAD,LIGHTHOUSE ROAD,,Non-Injury Crash,No,2009,,West,,0,,Flat,,,,,,Bright sun,1422200,0,0,0,2,,,0,,,,,,Hawke's Bay Region,Nil,2-way,Sealed,,0,0,,50,,Null,1,0,,31,Napier City,Nil,,,,,0,0,Urban,1,,,Fine,Null
1764140,5910262,18895,,521901,0,,0,2,,West,2009/2010,ALBION ROAD,ATKINSON AVENUE,,Non-Injury Crash,No,2009,,East,,0,,Hill Road,,,,,,Bright sun,782000,0,0,0,2,,,0,,,,,,Auckland Region,Nil,2-way,Sealed,,0,0,,50,,Off,0,0,,76,Auckland,Stop,,,,,0,0,Urban,0,,,Fine,Null
1719475,6045530,18896,,503100,0,,0,2,,North,2008/2009,VINE ST,WALTON ST,,Non-Injury Crash,No,2009,,North,,0,,Flat,,,,,,Dark,100700,0,0,0,2,,,0,,,,,,Northland Region,Nil,2-way,Sealed,,0,0,,50,,On,0,0,,2,Whangarei District,Give way,,,,,0,0,Urban,0,,,Fine,Null
1776038,5898684,18897,70,523813,0,,0,1,,West,2008/2009,PAPAKURA-CLEVEDON ROAD,BULLENS ROAD,,Non-Injury Crash,No,2009,,East,,0,,Flat,,,,,,Dark,761800,0,0,0,2,,,0,,,,,,Auckland Region,Nil,2-way,Sealed,,0,0,,100,,None,0,0,,76,Auckland,Unknown,,,,,0,0,Open,0,,,Light rain,Null
1678835,5405010,18898,,581210,0,,0,1,,Null,2008/2009,MCLAUCHLAN ST,FULTON ST,,Non-Injury Crash,No,2009,,South,,0,,Flat,,,,,,Dark,2292700,0,0,0,2,,,0,,,,,,Marlborough Region,Nil,2-way,Sealed,,0,0,,50,,On,1,0,,53,Marlborough District,Nil,,,,,0,0,Urban,0,,,Fine,Null
1764947,5910309,18899,,521801,0,,0,2,,Null,2009/2010,PRINCES ST,OTAHUHU OFF NBD,,Non-Injury Crash,No,2009,,East,,0,,Flat,,,,,,Dark,787700,0,0,0,1,,,0,,,,,,Auckland Region,Nil,1-way,Sealed,,0,0,,50,,On,0,0,,76,Auckland,Give way,,,,,0,0,Urban,0,,,Fine,Null
1751045,5913874,18900,,514402,0,,0,2,,Null,2009/2010,WOLVERTON ST,AMSTERDAM PLACE,,Non-Injury Crash,No,2009,,East,,0,,Flat,,,,,,Dark,381700,0,0,0,3,,,0,,,,,,Auckland Region,Nil,2-way,Sealed,,0,0,,50,,On,0,0,,76,Auckland,Stop,,,,,0,0,Urban,0,,,Heavy rain,Null
1746015,5913785,18901,,511001,0,0,0,0,0,South,2009/2010,KAMARA ROAD,WEST COAST ROAD,,Non-Injury Crash,No,2009,0,North,0,0,0,Flat,0,,0,,0,Overcast,282703,0,0,0,2,0,0,0,0,0,,0,0,Auckland Region,Nil,2-way,Sealed,0,0,0,0,50,0,Off,0,0,,76,Auckland,Nil,0,0,0,0,0,0,Urban,1,0,0,Fine,Null
1797077,5819568,18902,,528403,0,0,0,1,0,Null,2009/2010,TE RAPA ROAD,WAIRERE DRIVE,,Non-Injury Crash,No,2009,0,South,0,0,0,Flat,0,,0,,0,Bright sun,907401,0,0,0,4,0,0,0,0,0,,0,1,Waikato Region,Nil,2-way,Sealed,0,0,0,0,60,0,Off,0,0,,16,Hamilton City,Traffic Signals,0,0,0,0,0,0,Urban,0,0,0,Fine,Null
1749537,5424997,18903,,576400,0,,0,2,,Null,2009/2010,CONSTABLE ST,COROMANDEL ST,,Non-Injury Crash,No,2009,,North,,0,,Hill Road,,,,,,Bright sun,2168000,0,0,0,2,,,0,,,,,,Wellington Region,Nil,2-way,Sealed,,0,0,,50,,Null,0,0,,47,Wellington City,Traffic Signals,,,,,0,0,Urban,0,,,Fine,Null
1222242,4897903,18904,,612720,0,,0,0,,Null,2008/2009,AVONDALE ROAD,MUNRO ROAD,,Serious Crash,No,2009,,South,,0,,Flat,,,,,,Bright sun,3179300,0,0,1,1,,,0,,,,,,Southland Region,Nil,2-way,Sealed,,0,1,,100,,Null,1,0,,73,Southland District,Give way,,,,,0,0,Open,0,,,Fine,Null
1764929,5910793,18905,,521803,0,0,0,1,0,Null,2009/2010,SH 1N,OTAHUHU OFF SBD,,Non-Injury Crash,Yes,2009,0,South,0,0,0,Flat,0,,0,,1,Dark,789700,0,0,0,1,0,0,0,0,0,,0,0,Auckland Region,Motorway ramp,2-way,Sealed,0,0,0,0,100,0,On,0,0,,76,Auckland,Nil,0,0,0,0,0,0,Open,0,0,0,Light rain,Null
1753348,5928093,18906,,508210,1,,0,1,,Null,2009/2010,KAIPATIKI ROAD,WAVERLEY AVENUE,,Non-Injury Crash,No,2009,,West,,0,,Hill Road,,,,,,Overcast,186600,0,0,0,2,,,0,,,,,,Auckland Region,Nil,2-way,Sealed,,0,0,,50,,Null,0,0,,76,Auckland,Stop,,,,,0,0,Urban,0,,,Fine,Null
1719633,6033201,18907,,501811,0,,0,1,,South,2008/2009,SH 1N,SPRINGFIELD ROAD,,Non-Injury Crash,Yes,2009,,East,,0,,Flat,,,,,,Bright sun,77600,0,0,0,2,,,0,,,,,,Northland Region,Nil,2-way,Sealed,,0,0,,100,,Null,0,0,,2,Whangarei District,Unknown,,,,,1,0,Open,0,,,Fine,Null
1760070,5436589,18908,,569100,0,,0,2,,Null,2009/2010,MELLING LINK,HIGH ST,,Non-Injury Crash,No,2009,,South,,0,,Flat,,,,,,Overcast,1969000,0,0,0,4,,,0,,,,,,Wellington Region,Nil,2-way,Sealed,,0,0,,50,,Null,0,0,,46,Lower Hutt City,Give way,,,,,0,0,Urban,0,,,Fine,Null
1765448,5900362,18909,,524822,0,,0,2,,Null,2009/2010,BURUNDI AVENUE,TEMPLETON PLACE,,Non-Injury Crash,No,2009,,West,,0,,Flat,,,,,,Bright sun,774424,0,0,0,2,,,0,,,,,,Auckland Region,Nil,2-way,Sealed,,0,0,,50,,Off,0,0,,76,Auckland,Give way,,,,,0,0,Urban,0,,,Fine,Null
1757555,5445996,18910,,571600,0,,0,0,,Null,2008/2009,WARSPITE AVENUE,BEAUMARIS CRESCENT,,Non-Injury Crash,No,2009,,West,,0,,Flat,,,,,,Overcast,2057508,0,0,0,2,,,0,,,,,,Wellington Region,Nil,2-way,Sealed,,0,0,,50,,Null,1,0,,44,Porirua City,Nil,,,,,0,0,Urban,1,,,Fine,Null
1459546,5083661,18911,,598800,0,,0,2,,East,2008/2009,WHITE ST,SELWYN ST,,Non-Injury Crash,No,2009,,West,,0,,Flat,,,,,,Overcast,2782100,0,0,0,2,,,0,,,,,,Canterbury Region,Nil,2-way,Sealed,,0,0,,50,,Null,0,0,,64,Timaru District,Nil,,,,,0,0,Urban,0,,,Fine,Null
1760148,5908062,18912,,524403,0,,0,2,,North,2008/2009,SH 20,CENTRAL PARK FTBR,,Non-Injury Crash,Yes,2009,,South,,0,,Hill Road,,,,,,Overcast,731104,0,0,0,2,,,0,,,,,,Auckland Region,Nil,2-way,Sealed,,0,0,,80,,Null,0,0,,76,Auckland,Unknown,,,,,0,0,Open,0,,,Light rain,Null
1770949,5914714,18913,,521601,0,,0,1,,Null,2008/2009,JULIET AVENUE,WILLOUGHBY AVENUE,,Non-Injury Crash,No,2009,,South,,0,,Flat,,,,,,Twilight,646500,0,0,0,2,,,0,,,,,,Auckland Region,Nil,2-way,Sealed,,0,0,,50,,Off,1,0,,76,Auckland,Give way,,,,,0,0,Urban,0,,,Fine,Null
1747050,5913848,18914,,511100,0,,0,3,,West,2009/2010,WEST COAST ROAD,GLENDALE ROAD,,Non-Injury Crash,No,2009,,East,,0,,Flat,,,,,,Overcast,286100,0,0,0,2,,,0,,,,,,Auckland Region,Nil,2-way,Sealed,,0,0,,50,,Null,0,0,,76,Auckland,Traffic Signals,,,,,0,0,Urban,0,,,Fine,Null
1567850,5180556,18915,,589500,0,,0,1,,Null,2009/2010,STRAVEN ROAD,KAHU ROAD,,Minor Crash,No,2009,,East,,0,,Flat,,,,,,Dark,2545102,1,0,0,4,,,0,,,1,,,Canterbury Region,Nil,2-way,Sealed,,0,0,,50,,On,0,0,,60,Christchurch City,Traffic Signals,,,,,0,0,Urban,0,,,Light rain,Null
1765480,5908915,18916,,523402,0,,0,1,,North,2009/2010,SH 1N,HIGHBROOK OBR,,Non-Injury Crash,Yes,2009,,South,,0,,Flat,,,,,,Overcast,696900,0,0,1,4,,,0,,,,,,Auckland Region,Nil,1-way,Sealed,,0,0,,100,,Off,0,0,,76,Auckland,Nil,,,,,0,0,Open,0,,,Fine,Null
1751076,5934604,18917,,508701,0,,0,2,,Null,2008/2009,DAIRY FLAT HIGHWAY,THE AVENUE,,Non-Injury Crash,No,2009,,North,,0,,Hill Road,,,,,,Bright sun,178402,0,0,0,2,,,0,,,,,,Auckland Region,Nil,2-way,Sealed,,0,0,,50,,Off,0,0,,76,Auckland,Stop,,,,,0,0,Urban,0,,,Fine,Null
1767998,5882107,18918,,525910,0,0,0,1,0,Null,2008/2009,BIRDWOOD ROAD,BEATTY ROAD,,Non-Injury Crash,No,2009,0,North,0,0,0,Flat,0,,0,,0,Bright sun,819200,0,0,0,2,0,0,0,0,0,,0,1,Auckland Region,Nil,2-way,Sealed,0,0,0,0,50,0,None,0,0,,76,Auckland,Stop,0,0,0,0,0,0,Urban,0,0,0,Fine,Null
1765445,5441660,18919,,569600,0,,0,1,,Null,2009/2010,SH 2,SH 58,,Non-Injury Crash,Yes,2009,,South,,0,,Flat,,,,,,Bright sun,1917000,0,0,1,4,,,0,,,,,,Wellington Region,Nil,2-way,Sealed,,0,0,,100,,Null,0,0,,46,Lower Hutt City,Traffic Signals,,,,,0,0,Open,0,,,Fine,Null
1768644,5899189,18920,,525102,0,0,0,2,0,East,2008/2009,CLAYTON ROAD,COXHEAD ROAD,,Non-Injury Crash,No,2009,0,East,0,0,0,Hill Road,0,,0,,0,Bright sun,768800,0,0,0,2,0,0,0,0,1,,0,0,Auckland Region,Nil,2-way,Sealed,0,0,0,0,50,0,Off,0,0,,76,Auckland,Nil,0,0,0,0,0,0,Urban,0,0,0,Fine,Null
1752372,5912443,18921,,514700,0,0,0,2,0,North,2009/2010,MCFADZEAN DRIVE,DONOVAN ST,,Non-Injury Crash,No,2009,0,South,0,0,0,Flat,0,,0,,0,Dark,370700,0,0,0,2,0,0,0,0,1,,0,0,Auckland Region,Nil,2-way,Sealed,0,0,0,0,50,0,On,0,0,,76,Auckland,Nil,0,0,0,0,0,0,Urban,0,0,0,Fine,Null
1802488,5831642,18922,,527122,0,,0,2,,East,2008/2009,WHITIKAHU ROAD,SH 1B,,Non-Injury Crash,No,2009,,South,,0,,Flat,,,,,,Overcast,949601,0,0,0,2,,,0,,,,,,Waikato Region,Nil,2-way,Sealed,,0,0,,100,,Null,0,0,,13,Waikato District,Unknown,,,,,0,0,Open,0,,,Fine,Null
1745734,5918547,18923,,513302,0,,0,2,,West,2008/2009,WOODFORD AVENUE,EPPING ROAD,,Non-Injury Crash,No,2009,,East,,0,,Hill Road,,,,,,Bright sun,230900,0,0,0,2,,,0,,,,,,Auckland Region,Nil,2-way,Sealed,,0,0,,50,,Null,0,0,,76,Auckland,Unknown,,,,,0,0,Urban,0,,,Fine,Null
1755011,5913739,18924,,518803,0,,0,1,,Null,2009/2010,DOMINION ROAD,DENBIGH AVENUE,,Non-Injury Crash,No,2009,,North,,0,,Flat,,,,,,Dark,581700,0,0,0,2,,,0,,,,,,Auckland Region,Nil,2-way,Sealed,,0,0,,50,,On,1,0,,76,Auckland,Give way,,,,,0,0,Urban,0,,,Light rain,Null
1760141,5972473,18925,,506661,0,,0,0,,East,2009/2010,TAKATU ROAD,BADDELEYS BEACH ROAD,,Non-Injury Crash,No,2009,,East,,0,,Hill Road,,,,,,Bright sun,138821,0,0,0,0,,,0,,,,,,Auckland Region,Nil,2-way,Unsealed,,0,0,,100,,None,1,0,,76,Auckland,Nil,,,,,0,0,Open,0,,,Fine,Null
2064433,5776815,18926,,543301,0,0,0,1,0,Null,2009/2010,GOLFCOURSE ROAD,SH 35,,Non-Injury Crash,Yes,2009,0,West,0,0,1,Flat,0,,0,,0,Dark,1348400,0,0,0,2,0,0,0,0,0,,0,0,Gisborne Region,Nil,2-way,Unsealed,0,0,0,0,100,0,None,0,0,,28,Gisborne District,Nil,0,0,0,0,0,0,Open,0,0,0,Fine,Frost
1821647,5529604,18927,,562800,0,0,0,2,0,South,2009/2010,RANGITIKEI ST,CUBA ST,,Non-Injury Crash,No,2009,0,North,0,0,0,Flat,0,,0,,0,Dark,1829100,0,0,0,2,0,0,0,0,1,,0,0,Manawatū-Whanganui Region,Nil,2-way,Sealed,0,0,0,0,50,0,On,0,0,,40,Palmerston North City,Nil,0,0,0,0,0,0,Urban,0,0,0,Light rain,Null
1754009,5917211,18928,,517600,0,,0,2,,Null,2008/2009,NEW NORTH ROAD,ST LUKES ROAD,,Non-Injury Crash,No,2009,,South,,0,,Flat,,,,,,Overcast,534400,0,0,0,4,,,0,,,,,,Auckland Region,Nil,2-way,Sealed,,0,0,,50,,Null,0,0,,76,Auckland,Traffic Signals,,,,,0,0,Urban,0,,,Fine,Null
1836469,5859557,18929,,534300,0,,0,2,,North,2009/2010,SH 2,MACKAY ST,,Non-Injury Crash,Yes,2009,,South,,0,,Flat,,,,,,Bright sun,1070700,0,0,0,2,,,0,,,,,,Waikato Region,Nil,2-way,Sealed,,0,0,,50,,Null,0,0,,12,Hauraki District,Unknown,,,,,0,0,Urban,0,,,Fine,Null
1752402,5916052,18930,,517901,0,,0,2,,Null,2008/2009,RICHARDSON ROAD,NEW NORTH ROAD,,Non-Injury Crash,No,2009,,West,,0,,Flat,,,,,,Bright sun,523700,0,0,0,4,,,0,,,,,,Auckland Region,Nil,2-way,Sealed,,0,0,,50,,Off,0,0,,76,Auckland,Traffic Signals,,,,,0,0,Urban,0,,,Fine,Null
1606523,6153790,18931,,500207,0,0,0,1,0,South,2008/2009,SH 1N,HENDERSON BAY ROAD,,Non-Injury Crash,Yes,2009,0,South,1,0,0,Flat,0,,0,,0,Overcast,1100,0,0,0,2,0,0,0,0,0,,0,0,Northland Region,Nil,2-way,Sealed,0,0,0,0,100,0,None,0,0,,1,Far North District,Nil,0,0,0,0,0,0,Open,0,0,0,Light rain,Null
1691869,5674760,18932,,551700,0,,0,2,,South,2009/2010,TUKAPA ST,SANDERS AVENUE,,Non-Injury Crash,No,2009,,North,,0,,Flat,,,,,,Overcast,1575200,0,0,0,2,,,0,,,,,,Taranaki Region,Nil,2-way,Sealed,,0,0,,50,,Null,0,0,,33,New Plymouth District,Nil,,,,,0,0,Urban,0,,,Light rain,Null
1797347,5629501,18933,,554900,0,0,0,1,0,South,2008/2009,SH 4,ALEXANDRA ROAD,,Non-Injury Crash,Yes,2009,0,North,1,0,0,Flat,0,,0,,0,Overcast,1678200,0,0,0,2,0,0,0,0,0,,0,0,Manawatū-Whanganui Region,Nil,2-way,Sealed,0,0,0,0,100,0,Null,0,0,,36,Ruapehu District,Nil,0,0,0,0,1,0,Open,0,0,0,Heavy rain,Null
1821932,5529054,18934,,563000,0,0,0,1,0,South,2009/2010,Z CPK BURGER KING,FITZERBERT/FERGUSON,,Non-Injury Crash,No,2009,0,South,0,0,0,Flat,0,Christmas New Year,0,,0,Bright sun,1808800,0,0,1,1,0,0,0,0,1,,0,0,Manawatū-Whanganui Region,Nil,Off road,Sealed,0,0,0,0,50,0,Null,0,0,,40,Palmerston North City,Nil,0,0,0,0,0,0,Urban,0,0,0,Fine,Strong wind
1906515,5572335,18935,,549100,0,,0,2,,North,2008/2009,SH 2,RUATANIWHA ST,,Non-Injury Crash,Yes,2009,,North,,0,,Flat,,,,,,Bright sun,1517000,0,0,0,2,,,0,,,,,,Hawke's Bay Region,Nil,2-way,Sealed,,0,0,,50,,Null,0,0,,32,Central Hawke's Bay District,Nil,,,,,0,0,Urban,0,,,Fine,Null
1766369,5907414,18936,,523601,0,,0,1,,South,2009/2010,SH 1N,OTARA OFF SBD,,Non-Injury Crash,Yes,2009,,South,,0,,Flat,,,,,,Bright sun,708500,0,0,0,3,,,0,,,,,,Auckland Region,Nil,1-way,Sealed,,0,0,,100,,Off,1,0,,76,Auckland,Nil,,,,,1,0,Open,1,,,Fine,Null
1768794,5902792,18937,,524602,0,,0,1,,North,2008/2009,SH 1N,ORAMS OBR,,Non-Injury Crash,Yes,2009,,North,,0,,Flat,,,,,,Overcast,780504,0,0,0,3,,,0,,,,,,Auckland Region,Nil,1-way,Sealed,,0,0,,100,,Off,0,0,,76,Auckland,Nil,,,,,0,0,Open,1,,,Light rain,Null
1777978,5868847,18938,,526701,0,0,0,0,0,West,2008/2009,MERCER FERRY ROAD,MORRISON ROAD,,Non-Injury Crash,No,2009,0,South,1,0,0,Flat,0,,0,,0,Bright sun,844000,0,0,0,2,0,0,0,0,0,,0,0,Waikato Region,Nil,2-way,Sealed,0,0,0,0,100,0,Null,0,0,,13,Waikato District,Unknown,0,0,0,0,1,0,Open,0,0,0,Fine,Null
1883699,5771761,18939,,540000,0,,0,2,,North,2008/2009,OTONGA ROAD,JACKSON ST,,Non-Injury Crash,No,2009,,South,,0,,Flat,,,,,,Bright sun,1244600,0,0,0,2,,,0,,,,,,Bay of Plenty Region,Nil,2-way,Sealed,,0,0,,50,,Off,0,0,,24,Rotorua District,Nil,,,,,0,0,Urban,0,,,Fine,Null
1774004,5445385,18940,,567100,0,,0,1,,Null,2008/2009,MAIN ST,LOGAN ST,,Non-Injury Crash,No,2009,,East,,0,,Flat,,,,,,Overcast,1906500,0,0,0,2,,,0,,,,,,Wellington Region,Nil,2-way,Sealed,,0,0,,50,,Null,1,0,,45,Upper Hutt City,Give way,,,,,0,0,Urban,0,,,Fine,Null
1754496,5912314,18941,,519002,0,,0,1,,South,2009/2010,DOMINION ROAD,KATAVICH PLACE,,Non-Injury Crash,No,2009,,North,,0,,Flat,,,,,,Bright sun,589501,0,0,0,2,,,0,,,,,,Auckland Region,Nil,2-way,Sealed,,0,0,,50,,Off,0,0,,76,Auckland,Stop,,,,,0,0,Urban,0,,,Fine,Null
2035474,5710822,18942,,544900,0,,0,1,,East,2009/2010,STOUT ST,LYTTON ROAD,,Non-Injury Crash,No,2009,,West,,0,,Flat,,,,,,Bright sun,1376000,0,0,0,2,,,0,,,,,,Gisborne Region,Nil,2-way,Sealed,,0,0,,50,,Null,0,0,,28,Gisborne District,Nil,,,,,0,0,Urban,1,,,Fine,Null
1767067,5471080,18943,,565903,0,0,0,3,0,Null,2009/2010,KAPITI ROAD,MACLEAN ST,,Non-Injury Crash,No,2009,0,North,0,0,0,Flat,0,,0,,0,Overcast,2002100,0,0,0,2,0,0,0,0,1,,0,0,Wellington Region,Nil,2-way,Sealed,0,0,0,0,50,0,Null,0,0,,43,Kapiti Coast District,Give way,0,0,0,0,0,0,Urban,0,0,0,Fine,Null
1755720,5916248,18944,,518201,0,,0,2,,North,2008/2009,DOMINION ROAD,BALMORAL ROAD,,Non-Injury Crash,No,2009,,East,,0,,Flat,,,,,,Bright sun,553200,0,0,0,4,,,0,,,,,,Auckland Region,Nil,2-way,Sealed,,0,0,,50,,Off,0,0,,76,Auckland,Traffic Signals,,,,,0,0,Urban,0,,,Fine,Null
1745489,5920597,18945,,513301,0,0,0,2,0,East,2009/2010,LINCOLN OFF WBD,LINCOLN ROAD N,,Non-Injury Crash,Yes,2009,0,West,0,0,0,Flat,0,,0,,0,Bright sun,230301,0,0,0,1,0,0,0,0,0,,0,0,Auckland Region,Motorway ramp,1-way,Sealed,0,0,0,0,50,0,Off,0,0,,76,Auckland,Give way,1,0,0,0,0,0,Urban,0,0,0,Fine,Null
1855191,5877053,18946,,533300,0,,0,0,,North,2008/2009,BELLONA ROAD,WILLIAMSON ROAD,,Non-Injury Crash,No,2009,,South,,0,,Flat,,Easter,,,,Overcast,1061506,0,0,0,2,,,0,,,,,,Waikato Region,Nil,2-way,Sealed,,0,0,,50,,Null,1,0,,11,Thames-Coromandel District,Unknown,,,,,0,0,Urban,1,,,Fine,Null
1369792,5127436,18947,,600323,0,0,0,1,0,North,2009/2010,SH 80,JACKS STM BR,,Minor Crash,Yes,2009,0,North,0,0,0,Flat,1,,0,,0,Bright sun,2813800,2,0,0,2,0,0,0,1,0,,0,0,Canterbury Region,Nil,2-way,Sealed,0,0,0,0,100,0,Null,0,0,,65,Mackenzie District,Unknown,0,0,0,0,0,0,Open,0,0,0,Fine,Null
1880112,5794710,18948,,536653,0,0,0,0,1,East,2009/2010,TE MATAI ROAD,SH 36,,Non-Injury Crash,No,2009,0,North,0,0,0,Flat,0,,0,,0,Bright sun,1210700,0,0,0,2,0,0,0,0,0,,0,0,Bay of Plenty Region,Nil,2-way,Unsealed,0,0,0,0,100,0,Null,1,0,,22,Western Bay of Plenty District,Unknown,0,0,0,0,0,0,Open,0,0,0,Fine,Null
1835380,5614237,18949,,559210,0,0,0,1,0,North,2009/2010,SH 1N,SPOONERS HILL ROAD,,Non-Injury Crash,Yes,2009,0,South,1,0,0,Flat,0,,0,,0,Overcast,1755800,0,0,0,2,0,0,0,0,0,,0,0,Manawatū-Whanganui Region,Nil,2-way,Sealed,0,0,0,0,100,0,Null,0,0,,38,Rangitikei District,Nil,0,0,0,0,0,0,Open,0,0,0,Fine,Null
1894657,5757621,18950,,538832,0,,0,0,,East,2009/2010,WAIMANGU ROAD,SH 5,,Non-Injury Crash,No,2009,,East,,0,,Hill Road,,,,,,Overcast,1259101,0,0,0,2,,,0,,,,,,Bay of Plenty Region,Nil,2-way,Sealed,,0,0,,100,,Null,0,0,,24,Rotorua District,Unknown,,,,,0,0,Open,1,,,Light rain,Null
1575760,5181847,18951,,593000,0,,0,1,,North,2009/2010,BREEZES ROAD,PAGES ROAD,,Non-Injury Crash,No,2009,,North,,0,,Flat,,,,,,Overcast,2569800,0,0,0,2,,,0,,,,,,Canterbury Region,Nil,2-way,Sealed,,0,0,,50,,Null,1,0,,60,Christchurch City,Unknown,,,,,0,0,Urban,0,,,Fine,Null
1753262,5933079,18952,,508701,0,,0,2,,Null,2009/2010,ALBANY EXPRESSWAY,GREVILLE ROAD,,Non-Injury Crash,No,2009,,South,,0,,Flat,,,,,,Bright sun,178900,0,0,0,4,,,0,,,,,,Auckland Region,Nil,2-way,Sealed,,0,0,,50,,Off,0,0,,76,Auckland,Give way,,,,,0,0,Urban,0,,,Fine,Null
1782658,5811339,18953,,526601,0,0,0,1,1,South,2008/2009,SH 23,GLENTUI LANE,,Non-Injury Crash,Yes,2009,0,South,0,0,0,Hill Road,0,Christmas New Year,0,,0,Overcast,859703,0,0,0,2,0,0,0,0,0,,0,0,Waikato Region,Nil,2-way,Sealed,0,0,0,0,100,0,Null,0,0,,13,Waikato District,Unknown,0,0,0,0,0,0,Open,0,0,0,Light rain,Null