X,Y,OBJECTID,advisorySpeed,areaUnitID,bicycle,bridge,bus,carStationWagon,cliffBank,crashDirectionDescription,crashFinancialYear,crashLocation1,crashLocation2,crashRoadSideRoad,crashSeverity,crashSHDescription,crashYear,debris,directionRoleDescription,ditch,fatalCount,fence,flatHill,guardRail,holiday,houseOrBuilding,intersection,kerb,light,meshblockId,minorInjuryCount,moped,motorcycle,NumberOfLanes,objectThrownOrDropped,otherObject,otherVehicleType,overBank,parkedVehicle,pedestrian,phoneBoxEtc,postOrPole,region,roadCharacter,roadLane,roadSurface,roadworks,schoolBus,seriousInjuryCount,slipOrFlood,speedLimit,strayAnimal,streetLight,suv,taxi,temporarySpeedLimit,tlaId,tlaName,trafficControl,trafficIsland,trafficSign,train,tree,truck,unknownVehicleType,urban,vanOrUtility,vehicle,waterRiver,weatherA,weatherB
1757161,5919408,18954,,514103,0,,0,2,,West,2009/2010,KARANGAHAPE ROAD,SYMONDS ST,,Non-Injury Crash,No,2009,,East,,0,,Flat,,,,,,Bright sun,436500,0,0,0,5,,,0,,,,,,Auckland Region,Nil,2-way,Sealed,,0,0,,50,,Off,0,0,,76,Auckland,Nil,,,,,0,0,Urban,0,,,Fine,Null
1754009,5917211,18955,,517600,0,,0,2,,Null,2008/2009,NEW NORTH ROAD,ST LUKES ROAD,,Non-Injury Crash,No,2009,,West,,0,,Flat,,,,,,Bright sun,534400,0,0,0,5,,,0,,,,,,Auckland Region,Nil,2-way,Sealed,,0,0,,50,,Null,0,0,,76,Auckland,Traffic Signals,,,,,0,0,Urban,0,,,Fine,Null
1755278,5932001,18956,,508805,0,,0,2,,South,2009/2010,EAST COAST ROAD,CONSTELLATION DRIVE,,Non-Injury Crash,No,2009,,North,,0,,Hill Road,,Labour Weekend,,,,Overcast,151104,0,0,0,2,,,0,,,,,,Auckland Region,Nil,2-way,Sealed,,0,0,,50,,Off,0,0,,76,Auckland,Nil,,,,,0,0,Urban,0,,,Fine,Null
1821876,5805912,18957,,535241,0,0,0,2,0,East,2009/2010,MAUNGAKAWA ROAD,THORNTON ROAD,,Non-Injury Crash,No,2009,0,East,0,0,0,Hill Road,0,,0,,0,Overcast,959300,0,0,0,2,0,0,0,0,1,,0,0,Waikato Region,Nil,2-way,Sealed,0,0,0,0,100,0,Null,0,0,,17,Waipa District,Unknown,0,0,0,0,0,0,Open,0,0,0,Fine,Null
1803604,5815104,18958,,530500,0,,0,2,,East,2008/2009,Z WAIKATO UNIVERSITY,KNIGHTON ROAD,,Non-Injury Crash,No,2009,,West,,0,,Flat,,,,,,Bright sun,891400,0,0,0,1,,,0,,,,,,Waikato Region,Nil,Off road,Sealed,,0,0,,30,,Null,0,0,,16,Hamilton City,Unknown,,,,,0,0,Urban,0,,,Fine,Null
1762861,5459243,18959,,566200,0,0,0,0,1,South,2008/2009,SH 1N,BEACH ROAD,,Non-Injury Crash,Yes,2009,0,South,0,0,0,Flat,0,,0,,0,Twilight,2009702,0,0,0,2,0,0,0,0,0,,0,0,Wellington Region,Nil,2-way,Sealed,0,0,0,0,80,0,None,0,0,,43,Kapiti Coast District,Nil,0,0,0,1,0,0,Open,1,0,0,Fine,Null
1767012,5901954,18960,,524720,0,,0,1,,Null,2009/2010,BROWNS ROAD,DALGETY DRIVE,,Non-Injury Crash,No,2009,,East,,0,,Flat,,,,,,Bright sun,779500,0,0,0,2,,,0,,,,,,Auckland Region,Nil,2-way,Sealed,,0,0,,50,,Off,0,0,,76,Auckland,Traffic Signals,,,,,0,0,Urban,1,,,Fine,Null
1756096,5917588,18961,,518102,0,0,0,1,0,South,2008/2009,DOMINION ROAD,CARRICK PLACE,,Non-Injury Crash,No,2009,0,North,0,0,0,Flat,0,,0,,0,Bright sun,545900,0,0,0,4,0,0,0,0,0,,0,0,Auckland Region,Nil,2-way,Sealed,0,0,0,0,50,0,Null,0,0,,76,Auckland,Nil,0,0,0,0,1,0,Urban,0,1,0,Fine,Null
1747118,5422455,18962,,575902,0,0,0,1,0,South,2009/2010,HAPPY VALLEY ROAD,LANDFILL ROAD,,Minor Crash,No,2009,1,South,0,0,0,Hill Road,0,Christmas New Year,0,,0,Dark,2187303,1,0,0,2,0,0,0,0,0,,0,0,Wellington Region,Nil,2-way,Sealed,0,0,0,0,70,0,On,0,0,,47,Wellington City,Nil,0,0,0,0,0,0,Urban,0,0,0,Fine,Null
1821515,5799916,18963,,527934,0,0,0,1,0,South,2008/2009,MAUNGATAUTARI ROAD,REDOUBT ROAD,,Non-Injury Crash,No,2009,0,West,0,0,1,Flat,0,,0,,0,Dark,988600,0,0,0,2,0,0,0,0,0,,0,1,Waikato Region,Nil,2-way,Sealed,0,0,0,0,100,0,None,0,0,,17,Waipa District,Unknown,0,0,0,0,0,0,Open,0,0,0,Fine,Null
1756173,5933056,18964,,507300,0,,0,2,,Null,2009/2010,BEACH ROAD,SUNRISE AVENUE,,Non-Injury Crash,No,2009,,North,,0,,Hill Road,,,,,,Bright sun,153700,0,0,0,2,,,0,,,,,,Auckland Region,Nil,2-way,Sealed,,0,0,,50,,Null,0,0,,76,Auckland,Give way,,,,,0,0,Urban,0,,,Fine,Null
1813703,5456720,18965,,579501,0,,0,2,,Null,2009/2010,SH 2,SOMERSET ROAD,,Non-Injury Crash,Yes,2009,,North,,0,,Flat,,,,,,Overcast,2265200,0,0,0,2,,,0,,,,,,Wellington Region,Nil,2-way,Sealed,,0,0,,100,,Null,0,0,,49,Carterton District,Give way,,,,,0,0,Open,0,,,Fine,Null
1793492,5791346,18966,,527922,0,0,0,1,0,South,2009/2010,SH 39 MCCLURE,SH 39 BAFFIN,,Non-Injury Crash,Yes,2009,0,South,0,0,1,Flat,0,,0,,0,Dark,983103,0,0,0,2,0,0,0,0,0,,0,0,Waikato Region,Nil,2-way,Sealed,0,0,0,0,100,0,None,0,0,,17,Waipa District,Unknown,0,0,0,0,0,0,Open,0,0,0,Fine,Null
1773727,5578189,18967,,556700,0,,0,2,,Null,2008/2009,SH 3,GREY ST,,Non-Injury Crash,Yes,2009,,South,,0,,Hill Road,,,,,,Bright sun,1721900,0,0,0,2,,,0,,,,,,Manawatū-Whanganui Region,Nil,2-way,Sealed,,0,0,,50,,Null,0,0,,37,Whanganui District,Traffic Signals,,,,,0,0,Urban,0,,,Fine,Null
1770353,5889649,18968,,521202,0,,0,1,,West,2008/2009,SH 22,WOODLYN DRIVE,,Non-Injury Crash,Yes,2009,,East,,0,,Hill Road,,,,,,Bright sun,807100,0,0,0,2,,,0,,,,,,Auckland Region,Nil,2-way,Sealed,,0,0,,100,,Off,0,0,,76,Auckland,Nil,,,,,0,0,Open,1,,,Fine,Null
1757614,5916004,18969,,515801,0,0,0,0,0,West,2008/2009,KING GEORGE AVENUE,GILLIES AVENUE,,Non-Injury Crash,No,2009,0,North,0,0,1,Flat,0,,0,,0,Overcast,446700,0,0,0,2,0,0,0,0,0,,0,0,Auckland Region,Nil,2-way,Sealed,0,0,0,0,50,0,Null,0,0,,76,Auckland,Nil,0,0,0,0,1,0,Urban,0,0,0,Fine,Null
1766972,5906800,18970,30,522302,0,,0,1,,South,2008/2009,SH 1N,EAST TAMAKI OBR,,Non-Injury Crash,Yes,2009,,North,,0,,Flat,,,,,,Bright sun,669700,0,0,0,3,,,0,,,,,,Auckland Region,Nil,1-way,Sealed,,0,0,,100,,Off,0,0,,76,Auckland,Nil,,,,,0,0,Open,1,,,Fine,Null
1405918,4914769,18971,,604300,0,,0,2,,Null,2009/2010,HILLSIDE ROAD,KING EDWARD ST,,Minor Crash,No,2009,,West,,0,,Flat,,,,,,Overcast,2932800,1,0,0,4,,,0,,,,,,Otago Region,Nil,2-way,Sealed,,0,0,,50,,Null,0,1,,71,Dunedin City,Traffic Signals,,,,,0,0,Urban,0,,,Fine,Null
1737129,5655714,18972,65,553002,0,0,0,0,1,East,2009/2010,SH 43,MOHAKAU ROAD,,Non-Injury Crash,Yes,2009,0,East,0,0,0,Flat,0,,0,,0,Dark,1623500,0,0,0,2,0,0,0,0,0,,0,0,Taranaki Region,Nil,2-way,Sealed,0,0,0,0,100,0,None,0,0,,34,Stratford District,Nil,0,0,0,0,0,0,Open,1,0,0,Light rain,Null
1770437,5443974,18973,,564510,0,,0,2,,Null,2008/2009,FERGUSSON DRIVE,SUTHERLAND AVENUE,,Non-Injury Crash,No,2009,,East,,0,,Flat,,,,,,Dark,1904900,0,0,0,2,,,0,,,,,,Wellington Region,Nil,2-way,Sealed,,0,0,,50,,On,0,0,,45,Upper Hutt City,Traffic Signals,,,,,0,0,Urban,0,,,Fine,Null
1882191,5775852,18974,,539100,0,0,0,1,0,South,2008/2009,GORDON ROAD,OLD QUARRY ROAD,,Non-Injury Crash,No,2009,0,East,0,0,1,Hill Road,0,,0,,0,Overcast,1218900,0,0,0,2,0,0,0,0,0,,0,0,Bay of Plenty Region,Nil,2-way,Sealed,0,0,0,0,50,0,Null,0,0,,24,Rotorua District,Unknown,0,0,0,0,0,0,Urban,0,0,0,Light rain,Null
1754935,5930229,18975,,508420,0,,0,2,,East,2009/2010,TOTARAVALE DRIVE,TAWAVALE CRESCENT,,Non-Injury Crash,No,2009,,West,,0,,Hill Road,,,,,,Overcast,182100,0,0,0,2,,,0,,,,,,Auckland Region,Nil,2-way,Sealed,,0,0,,50,,Null,0,0,,76,Auckland,Unknown,,,,,0,0,Urban,0,,,Fine,Null
1622674,5429984,18976,,583202,0,0,0,2,0,West,2008/2009,TOI TOI ST,GORRIE ST,,Non-Injury Crash,No,2009,0,West,0,0,0,Flat,0,,0,,0,Bright sun,2330500,0,0,0,2,0,0,0,0,1,,0,0,Nelson Region,Nil,2-way,Sealed,0,0,0,0,50,0,Null,0,0,,52,Nelson City,Nil,0,0,0,0,0,0,Urban,0,0,0,Fine,Null
1765076,5910246,18977,,521803,0,0,0,1,0,South,2008/2009,SH 1N,PRINCES OBR,,Non-Injury Crash,Yes,2009,0,South,0,0,0,Flat,1,,0,,0,Dark,790500,0,0,0,3,0,0,0,0,0,,0,0,Auckland Region,Nil,2-way,Sealed,0,0,0,0,100,0,On,0,0,,76,Auckland,Nil,0,0,0,0,0,0,Open,0,0,0,Fine,Null
1759169,5916778,18978,,516001,0,,0,1,,North,2008/2009,SH 1N,MARKET OBR,,Non-Injury Crash,Yes,2009,,North,,0,,Flat,,,,,,Bright sun,491200,0,0,0,3,,,0,,,,,,Auckland Region,Nil,1-way,Sealed,,0,0,,100,,Off,0,0,,76,Auckland,Nil,,,,,1,0,Open,0,,,Fine,Null
1383900,4913353,18979,,602500,0,0,0,1,0,North,2009/2010,LOAN METAL ROAD,HICKEYS ROAD,,Minor Crash,No,2009,0,South,0,0,0,Flat,0,,0,,0,Bright sun,2974500,1,0,0,2,0,0,0,0,0,,0,1,Otago Region,Nil,2-way,Sealed,0,0,0,0,100,0,Null,0,0,,71,Dunedin City,Unknown,0,0,0,0,0,0,Open,0,0,0,Fine,Null
1936623,5621463,18980,,546802,0,,0,2,,Null,2009/2010,TENNYSON ST,SHELLEY ST,,Non-Injury Crash,No,2009,,East,,0,,Flat,,,,,,Overcast,1423600,0,0,0,2,,,0,,,,,,Hawke's Bay Region,Nil,2-way,Sealed,,0,0,,50,,Null,0,0,,31,Napier City,Nil,,,,,0,0,Urban,0,,,Heavy rain,Null
1755395,5921561,18981,,515202,0,0,0,1,0,South,2008/2009,SH 1N,SHELLY BEACH OBR,,Non-Injury Crash,Yes,2009,0,South,0,0,0,Flat,1,,0,,0,Dark,423600,0,0,0,5,0,0,0,0,0,,0,0,Auckland Region,Nil,1-way,Sealed,0,0,0,0,80,0,On,0,0,,76,Auckland,Nil,0,0,0,0,0,0,Open,0,0,0,Heavy rain,Null
1575282,5182369,18982,,593000,0,,0,1,,Null,2008/2009,WAINONI ROAD,BREEZES ROAD,,Minor Crash,No,2009,,North,,0,,Flat,,,,,,Bright sun,2569400,1,0,0,2,,,0,,,1,,,Canterbury Region,Nil,2-way,Sealed,,0,0,,50,,Null,0,0,,60,Christchurch City,Traffic Signals,,,,,0,0,Urban,0,,,Fine,Null
1757481,5926208,18983,,507900,0,,0,2,,Null,2009/2010,ESMONDE ROAD,FRED THOMAS DRIVE,,Non-Injury Crash,No,2009,,West,,0,,Flat,,,,,,Overcast,304000,0,0,0,7,,,0,,,,,,,Nil,2-way,Sealed,,0,0,,50,,Null,0,0,,76,Auckland,Traffic Signals,,,,,0,0,Urban,0,,,Fine,Null
1750945,5946654,18984,,506001,0,0,0,1,0,East,2008/2009,WHANGAPARAOA ROAD,PANORAMA COURT,,Non-Injury Crash,No,2009,0,East,0,0,0,Flat,0,,0,,0,Overcast,175501,0,0,0,2,0,0,0,0,1,,0,0,Auckland Region,Nil,2-way,Sealed,0,0,0,0,50,0,Off,0,0,,76,Auckland,Nil,0,0,0,0,0,0,Urban,1,0,0,Fine,Null
1623654,5431146,18985,,582500,0,0,0,1,0,Null,2008/2009,Z FCT SHELL,HALIFAX/TAHAKI,,Non-Injury Crash,No,2009,0,West,0,0,0,Flat,0,,0,,0,Bright sun,2319500,0,0,0,2,0,0,0,0,1,,0,0,Nelson Region,Nil,2-way,Sealed,0,0,0,0,50,0,Null,0,0,,52,Nelson City,Nil,0,0,0,0,0,0,Urban,1,0,0,Fine,Null
1771694,5895884,18986,,525540,0,,0,2,,Null,2008/2009,ELLIOT ST,RUSHGREEN AVENUE,,Non-Injury Crash,No,2009,,North,,0,,Flat,,,,,,Bright sun,806301,0,0,0,2,,,0,,,,,,Auckland Region,Nil,2-way,Sealed,,0,0,,50,,Off,0,0,,76,Auckland,Give way,,,,,0,0,Urban,0,,,Fine,Null
1800304,5815178,18987,,528900,0,,0,2,,Null,2008/2009,SEDDON ROAD,MARAMA ST,,Non-Injury Crash,No,2009,,South,,0,,Flat,,,,,,Bright sun,914700,0,0,0,2,,,0,,,,,,Waikato Region,Nil,2-way,Sealed,,0,0,,50,,Null,0,0,,16,Hamilton City,Give way,,,,,0,0,Urban,0,,,Fine,Null
1757512,5920602,18988,,514103,0,0,0,1,0,South,2009/2010,HIGH ST,VULCAN LANE,,Non-Injury Crash,No,2009,0,South,0,0,0,Flat,0,,0,,0,Bright sun,437600,0,0,0,1,0,0,0,0,1,,0,0,Auckland Region,Nil,1-way,Sealed,0,0,0,0,50,0,Off,0,0,,76,Auckland,Nil,0,0,0,0,1,0,Urban,0,0,0,Fine,Null
1749171,5427211,18989,,573101,0,0,0,1,0,North,2008/2009,TORY ST,COURTENAY PLACE,,Non-Injury Crash,No,2009,0,South,0,0,0,Flat,0,Christmas New Year,1,,0,Bright sun,2135700,0,0,0,2,0,0,0,0,0,,0,0,Wellington Region,Nil,2-way,Sealed,0,0,0,0,50,0,Null,0,0,,47,Wellington City,Nil,0,0,0,0,0,0,Urban,0,0,0,Fine,Null
1800904,5812598,18990,,529200,0,,0,2,,Null,2008/2009,SH 3,MOUNT VIEW ROAD,,Non-Injury Crash,Yes,2009,,North,,0,,Flat,,,,,,Overcast,928100,0,0,0,3,,,0,,,,,,Waikato Region,Nil,2-way,Sealed,,0,0,,50,,Off,0,0,,16,Hamilton City,Give way,,,,,0,0,Urban,0,,,Light rain,Null
1764714,5436820,18991,,568302,0,,0,2,,Null,2008/2009,HAY ST,BOYD GROVE,,Non-Injury Crash,No,2009,,West,,0,,Flat,,,,,,Overcast,1960100,0,0,0,2,,,0,,,,,,Wellington Region,Nil,2-way,Sealed,,0,0,,50,,Null,0,0,,46,Lower Hutt City,Give way,,,,,0,0,Urban,0,,,Heavy rain,Null
1568892,5178331,18992,,594700,0,,0,2,,East,2009/2010,BARRINGTON ON EBD,SPENCER ST,,Minor Crash,Yes,2009,,East,,0,,Flat,,,,,,Bright sun,2660600,1,0,0,2,,,0,,,,,,Canterbury Region,Nil,1-way,Sealed,,0,0,,60,,Null,1,0,,60,Christchurch City,Unknown,,,,,0,0,Urban,0,,,Fine,Null
1864964,5809891,18993,,536630,0,0,0,1,0,East,2009/2010,SH 29,SOLDIERS ROAD,,Non-Injury Crash,Yes,2009,0,West,0,0,0,Flat,0,,0,,0,Overcast,1191400,0,0,0,2,0,0,0,0,0,,0,0,Bay of Plenty Region,Nil,2-way,Sealed,0,0,0,0,100,0,Null,0,0,,22,Western Bay of Plenty District,Unknown,0,1,0,0,0,0,Open,0,0,0,Light rain,Null
1757417,5919615,18994,,514103,0,,0,2,,Null,2009/2010,SYMONDS ST,WAKEFIELD ST S,,Non-Injury Crash,No,2009,,North,,0,,Flat,,,,,,Dark,437000,0,0,0,4,,,0,,,,,,Auckland Region,Nil,2-way,Sealed,,0,0,,50,,On,0,0,,76,Auckland,Traffic Signals,,,,,0,0,Urban,0,,,Fine,Null
1762794,5446352,18995,,565601,0,0,0,1,0,West,2009/2010,SH 58,MULHERN ROAD,,Minor Crash,Yes,2009,0,East,0,0,0,Flat,0,,0,,0,Dark,2071902,1,0,0,2,0,0,0,1,0,,0,0,Wellington Region,Nil,2-way,Sealed,0,0,0,0,100,0,None,0,0,,44,Porirua City,Nil,0,0,0,0,0,0,Open,0,0,0,Fine,Null
1883921,5774051,18996,,540410,0,,0,2,,North,2009/2010,TAREWA ROAD,SH 30A,,Non-Injury Crash,No,2009,,South,,0,,Flat,,,,,,Overcast,1231900,0,0,0,2,,,0,,,,,,Bay of Plenty Region,Nil,2-way,Sealed,,0,0,,50,,Null,0,1,,24,Rotorua District,Stop,,,,,0,0,Urban,0,,,Fine,Null
1752438,5918349,18997,,515002,0,,0,2,,Null,2009/2010,HUIA ROAD,TUI ST,,Non-Injury Crash,No,2009,,North,,0,,Flat,,,,,,Bright sun,396300,0,0,0,2,,,0,,,,,,Auckland Region,Nil,2-way,Sealed,,0,0,,50,,None,0,0,,76,Auckland,Stop,,,,,0,0,Urban,0,,,Fine,Null
1766645,5899897,18998,,524713,0,,0,1,,Null,2008/2009,GLENVEAGH PARK DRIVE,WEYMOUTH ROAD,,Non-Injury Crash,No,2009,,North,,0,,Flat,,,,,,Bright sun,775805,0,0,0,2,,,0,,,,,,Auckland Region,Nil,2-way,Sealed,,0,0,,50,,Off,0,0,,76,Auckland,Nil,,,,,1,0,Urban,0,,,Fine,Null
1762305,5913470,18999,,520402,0,,0,1,,South,2009/2010,SH 1N,PENROSE INT S,,Non-Injury Crash,Yes,2009,,South,,0,,Flat,,,,,,Bright sun,642200,0,0,0,3,,,0,,,,,,Auckland Region,Nil,2-way,Sealed,,0,0,,100,,Off,0,0,,76,Auckland,Nil,,,,,0,0,Open,1,,,Fine,Null
1312064,5023786,19000,45,608302,0,1,0,1,0,South,2008/2009,SH 8,LINDIS RIV BR,,Minor Crash,Yes,2009,0,North,0,0,0,Flat,0,,0,,0,Overcast,3028800,1,0,0,2,0,0,0,0,0,,0,0,Otago Region,Bridge,2-way,Sealed,0,0,0,0,100,0,Null,0,0,,69,Central Otago District,Unknown,0,0,0,0,0,0,Open,0,0,0,Fine,Null
1765579,5907004,19001,,522301,0,,0,1,,East,2009/2010,EAST TAMAKI ROAD,GREAT SOUTH ROAD,,Non-Injury Crash,No,2009,,East,,0,,Flat,,,,,,Overcast,666200,0,0,0,2,,,0,,,,,,Auckland Region,Nil,2-way,Sealed,,0,0,,50,,Off,1,0,,76,Auckland,Traffic Signals,,,,,0,0,Urban,0,,,Light rain,Null
1572589,5184748,19002,,590507,0,,0,1,,Null,2009/2010,MARSHLAND ROAD,SH 74,,Minor Crash,Yes,2009,,South,,0,,Flat,,,,,,Overcast,2505701,1,0,1,4,,,0,,,,,,Canterbury Region,Nil,2-way,Sealed,,0,0,,80,,Null,0,0,,60,Christchurch City,Give way,,,,,0,0,Open,0,,,Fine,Null
1753402,5936097,19003,,508703,0,0,0,1,0,North,2008/2009,LAMBIR PLACE,HORNBILL DRIVE,,Non-Injury Crash,No,2009,0,South,0,0,0,Flat,0,,0,,0,Overcast,179201,0,0,0,2,0,0,0,0,1,,0,0,Auckland Region,Nil,2-way,Sealed,0,0,0,0,50,0,Null,0,0,,76,Auckland,Unknown,0,0,0,0,0,0,Urban,1,0,0,Light rain,Null
1767430,5904936,19004,,524603,0,,0,2,,Null,2009/2010,GREAT SOUTH ROAD,CAVENDISH DRIVE,,Non-Injury Crash,No,2009,,East,,0,,Flat,,,,,,Bright sun,780304,0,0,0,4,,,0,,,,,,Auckland Region,Nil,2-way,Sealed,,0,0,,50,,Off,0,0,,76,Auckland,Traffic Signals,,,,,0,0,Urban,0,,,Fine,Null
1770795,5909554,19005,,523114,0,0,0,1,0,Null,2009/2010,POINT VIEW DRIVE,POINT VIEW LINK,,Non-Injury Crash,No,2009,0,East,0,0,0,Flat,0,,0,,0,Bright sun,712034,0,0,0,2,0,0,0,0,0,,0,1,Auckland Region,Nil,2-way,Sealed,0,0,0,0,50,0,Null,0,0,,76,Auckland,Give way,0,0,0,0,0,0,Urban,0,0,0,Fine,Null
1250535.5604,4850930.1587,19006,,610074,0,0,0,1,0,Null,2009/2010,KENNINGTON-WAIMATUA ROAD,OTERAMIKA ROAD,,Minor Crash,No,2009,0,East,1,0,0,Flat,0,,0,,0,Dark,3161600,1,0,0,2,0,0,0,0,0,,0,0,Southland Region,Nil,2-way,Sealed,0,0,0,0,100,0,None,0,0,,75,Invercargill City,Give way,0,0,0,0,0,0,Open,0,0,0,Fine,Null
1932624,5617956,19007,,547100,0,,0,2,,North,2009/2010,TAIT DRIVE,LAMASON ST,,Non-Injury Crash,No,2009,,South,,0,,Flat,,,,,,Bright sun,1455013,0,0,0,2,,,0,,,,,,Hawke's Bay Region,Nil,2-way,Sealed,,0,0,,50,,Null,0,0,,31,Napier City,Nil,,,,,0,0,Urban,0,,,Fine,Null
1757697,5918300,19008,,514302,0,,0,1,,North,2008/2009,KHYBER PASS ON SBD,SH 1N,,Non-Injury Crash,Yes,2009,,South,,0,,Flat,,,,,,Overcast,442100,0,0,0,1,,,0,,,,,,Auckland Region,Motorway ramp,1-way,Sealed,,0,0,,80,,Null,0,0,,76,Auckland,Nil,,,,,1,0,Open,0,,,Fine,Null
1929663,5606211,19009,,547700,0,,0,2,,South,2008/2009,GRAYS ROAD,FITZROY AVENUE,,Non-Injury Crash,No,2009,,South,,0,,Flat,,,,,,Bright sun,1486300,0,0,0,2,,,0,,,,,,Hawke's Bay Region,Nil,2-way,Sealed,,0,0,,50,,Null,0,0,,30,Hastings District,Give way,,,,,0,0,Urban,0,,,Fine,Null
1736429,5983723,19010,,505300,0,,0,1,,South,2008/2009,SH 1N,LOVERS LANE S,,Non-Injury Crash,Yes,2009,,South,,0,,Hill Road,,Easter,,,,Bright sun,142300,0,0,0,2,,,0,,,,,,Auckland Region,Nil,2-way,Sealed,,0,0,,100,,Null,0,0,,76,Auckland,Unknown,,,,,0,0,Open,1,,,Fine,Null
1878997,5823732,19011,,538201,0,,0,2,,South,2008/2009,CAMERON ROAD,FOURTH AVENUE,,Non-Injury Crash,No,2009,,North,,0,,Flat,,,,,,Overcast,1165500,0,0,0,4,,,0,,,,,,Bay of Plenty Region,Nil,2-way,Sealed,,0,0,,50,,Null,0,0,,23,Tauranga City,Unknown,,,,,0,0,Urban,0,,,Fine,Null
1950785,5791889,19012,,542410,0,0,0,2,0,West,2008/2009,THE STRAND,BUDDLE ST,,Non-Injury Crash,No,2009,0,East,0,0,0,Flat,0,,0,,0,Bright sun,1305300,0,0,0,2,0,0,0,0,1,,0,0,Bay of Plenty Region,Nil,2-way,Sealed,0,0,0,0,50,0,Null,0,0,,25,Whakatane District,Unknown,0,0,0,0,0,0,Urban,0,0,0,Fine,Null
1619531,5426624,19013,,583900,0,0,0,2,0,North,2008/2009,PUTAITAI ST,NEALE AVENUE,,Non-Injury Crash,No,2009,0,North,0,0,0,Flat,0,,0,,0,Overcast,2342800,0,0,0,2,0,0,0,0,1,,0,0,Nelson Region,Nil,2-way,Sealed,0,0,0,0,50,0,Null,0,0,,52,Nelson City,Nil,0,0,0,0,0,0,Urban,0,0,0,Fine,Null
1754847,5923974,19014,,510500,0,,0,2,,West,2008/2009,MARITIME TERRACE,PEREGRINE PLACE,,Non-Injury Crash,No,2009,,East,,0,,Flat,,,,,,Bright sun,358100,0,0,0,2,,,0,,,,,,Auckland Region,Nil,2-way,Sealed,,0,0,,50,,Null,0,0,,76,Auckland,Unknown,,,,,0,0,Urban,0,,,Fine,Null
1820953,5530873,19015,,562401,0,,0,1,,Null,2009/2010,SH 3,TREMAINE AVENUE,,Non-Injury Crash,Yes,2009,,North,,0,,Flat,,,,,,Bright sun,1832600,0,0,0,2,,,0,,,,,,Manawatū-Whanganui Region,Nil,2-way,Sealed,,0,0,,50,,Null,0,0,,40,Palmerston North City,Traffic Signals,,,,,1,0,Urban,0,,,Fine,Null
1876694,5819508,19016,,537601,0,,0,2,,Null,2008/2009,OROPI ROAD,CHADWICK ROAD,,Non-Injury Crash,No,2009,,East,,0,,Flat,,,,,,Bright sun,1176000,0,0,0,2,,,0,,,,,,Bay of Plenty Region,Nil,2-way,Sealed,,0,0,,50,,Null,0,0,,23,Tauranga City,Give way,,,,,0,0,Urban,0,,,Fine,Null
1883339,5826050,19017,,536821,0,,0,1,,North,2008/2009,SH 2,SPUR AVENUE,,Non-Injury Crash,Yes,2009,,South,,0,,Flat,,,,,,Bright sun,1204401,0,0,0,4,,,0,,,,,,Bay of Plenty Region,Nil,2-way,Sealed,,0,0,,70,,Null,0,0,,23,Tauranga City,Unknown,,,,,1,0,Urban,0,,,Fine,Null
1751882,5917935,19018,,515001,0,,0,1,,Null,2009/2010,SH 16,PT CHEV ON EBD,,Non-Injury Crash,Yes,2009,,East,,0,,Flat,,,,,,Bright sun,392200,0,0,0,3,,,0,,,,,,Auckland Region,Nil,1-way,Sealed,,0,0,,100,,Off,1,0,,76,Auckland,Pointsman,,,,,0,0,Open,0,,,Fine,Null
1760357,5915291,19019,,520202,0,,0,1,,South,2009/2010,GREAT SOUTH ROAD,MAIN HIGHWAY,,Non-Injury Crash,No,2009,,West,,0,,Flat,,,,,,Bright sun,611500,0,0,0,4,,,0,,,,,,Auckland Region,Nil,2-way,Sealed,,0,0,,50,,Off,0,0,,76,Auckland,Nil,,,,,0,0,Urban,1,,,Fine,Null
1772104,5895031,19020,,525530,0,,0,1,,East,2008/2009,ROSEHILL DRIVE,CHICHESTER DRIVE,,Non-Injury Crash,No,2009,,East,,0,,Flat,,,,,,Overcast,805000,0,0,0,2,,,0,,,,,,Auckland Region,Nil,2-way,Sealed,,0,0,,50,,Off,1,0,,76,Auckland,Nil,,,,,0,0,Urban,0,,,Light rain,Null
1811333,5534897,19021,,561422,0,0,0,0,0,South,2009/2010,RONGOTEA ROAD,GREEN ROAD,,Non-Injury Crash,No,2009,0,South,0,0,0,Flat,0,,0,,0,Dark,1787700,0,0,0,2,0,0,0,0,0,,0,0,Manawatū-Whanganui Region,Nil,2-way,Sealed,0,0,0,0,100,0,None,1,0,,39,Manawatu District,Nil,0,0,0,0,0,0,Open,0,0,0,Fine,Null
1438699,5116637,19022,,598312,0,0,0,0,0,North,2009/2010,SH 79,MAXWELL ROAD,,Minor Crash,Yes,2009,0,North,0,0,1,Hill Road,0,Christmas New Year,0,,0,Overcast,2758801,2,0,0,2,0,0,0,0,0,,0,0,Canterbury Region,Nil,2-way,Sealed,0,0,0,0,100,0,Null,1,0,,64,Timaru District,Unknown,0,0,0,0,0,0,Open,0,0,0,Mist or Fog,Null
1754352,5447429,19023,,570600,0,0,0,2,0,East,2009/2010,POHUTUKAWA GROVE,TE PENE AVENUE,,Non-Injury Crash,No,2009,0,West,0,0,0,Flat,0,,0,,0,Dark,2039800,0,0,0,1,0,0,0,0,1,,0,0,Wellington Region,Nil,2-way,Sealed,0,0,0,0,50,0,On,0,0,,44,Porirua City,Nil,0,0,0,0,0,0,Urban,0,0,0,Fine,Null