X,Y,OBJECTID,advisorySpeed,areaUnitID,bicycle,bridge,bus,carStationWagon,cliffBank,crashDirectionDescription,crashFinancialYear,crashLocation1,crashLocation2,crashRoadSideRoad,crashSeverity,crashSHDescription,crashYear,debris,directionRoleDescription,ditch,fatalCount,fence,flatHill,guardRail,holiday,houseOrBuilding,intersection,kerb,light,meshblockId,minorInjuryCount,moped,motorcycle,NumberOfLanes,objectThrownOrDropped,otherObject,otherVehicleType,overBank,parkedVehicle,pedestrian,phoneBoxEtc,postOrPole,region,roadCharacter,roadLane,roadSurface,roadworks,schoolBus,seriousInjuryCount,slipOrFlood,speedLimit,strayAnimal,streetLight,suv,taxi,temporarySpeedLimit,tlaId,tlaName,trafficControl,trafficIsland,trafficSign,train,tree,truck,unknownVehicleType,urban,vanOrUtility,vehicle,waterRiver,weatherA,weatherB
1745130,5917929,19024,,510700,0,0,0,2,0,North,2009/2010,SEL PEACOCK DRIVE,BUSCOMB AVENUE,,Non-Injury Crash,No,2009,0,West,0,0,0,Hill Road,0,,0,,0,Overcast,240200,0,0,0,2,0,0,0,0,1,,0,0,Auckland Region,Nil,2-way,Sealed,0,0,0,0,50,0,Off,0,0,,76,Auckland,Nil,0,0,0,0,0,0,Urban,0,0,0,Fine,Null
1771625,5915314,19025,,521602,0,,0,2,,Null,2008/2009,RIDGE ROAD,MELLONS BAY ROAD,,Non-Injury Crash,No,2009,,East,,0,,Hill Road,,,,,,Bright sun,646600,0,0,0,2,,,0,,,,,,Auckland Region,Nil,2-way,Sealed,,0,0,,60,,Null,0,0,,76,Auckland,Give way,,,,,0,0,Urban,0,,,Fine,Null
1755773,5922653,19026,,509800,0,,0,2,,South,2008/2009,SH 1N,ONEWA OBR,,Non-Injury Crash,Yes,2009,,South,,0,,Hill Road,,,,,,Dark,359300,0,0,0,3,,,0,,,,,,,Nil,1-way,Sealed,,0,0,,80,,On,0,0,,76,Auckland,Nil,,,,,0,0,Open,0,,,Fine,Null
1727713,5923280,19027,,506654,0,,0,0,,East,2009/2010,DOMAIN CRESCENT,MOTUTARA ROAD,,Non-Injury Crash,No,2009,,West,,0,,Flat,,,,,,Unknown,219001,0,0,0,2,,,0,,,,,,Auckland Region,Nil,2-way,Sealed,,0,0,,50,,Off,1,0,,76,Auckland,Nil,,,,,0,0,Urban,1,,,Null,Null
1744183,5921702,19028,,513631,0,,0,1,,West,2009/2010,LINCOLN PARK AVENUE,CARTMEL AVENUE,,Non-Injury Crash,No,2009,,West,,0,,Hill Road,,,,,,Overcast,227500,0,0,0,2,,,0,,,,,,Auckland Region,Nil,2-way,Sealed,,0,0,,50,,Off,1,0,,76,Auckland,Nil,,,,,0,0,Urban,0,,,Fine,Null
1926512,5607777,19029,,548400,0,,0,0,,Null,2008/2009,Z RECYCLING CENTRE,HENDERSON ROAD,,Non-Injury Crash,No,2009,,North,,0,,Flat,,,,,,Bright sun,1473400,0,0,0,0,,,1,,,,,,Hawke's Bay Region,Nil,Off road,Sealed,,0,0,,50,,Null,0,0,,30,Hastings District,Nil,,,,,0,0,Urban,1,,,Fine,Null
1570889,5179156,19030,,594600,0,,0,1,,Null,2008/2009,MOORHOUSE AVENUE,PILGRIM PLACE,,Minor Crash,No,2009,,West,,0,,Flat,,Easter,,,,Dark,2617601,1,0,0,2,,,0,,,,,,Canterbury Region,Nil,2-way,Sealed,,0,0,,50,,On,1,0,,60,Christchurch City,Traffic Signals,,,,,0,0,Urban,0,,,Fine,Null
1696667,5621595,19031,,553800,0,,0,0,,Null,2009/2010,TAUHURI ST,TEROU ST,,Non-Injury Crash,No,2009,,South,,0,,Flat,,,,,,Overcast,1656400,0,0,1,2,,,0,,,,,,Taranaki Region,Nil,2-way,Sealed,,0,0,,50,,Null,0,0,,35,South Taranaki District,Give way,,,,,0,0,Urban,1,,,Fine,Null
1883626,5775234,19032,,539200,0,0,0,1,0,East,2008/2009,RAILWAY ROAD,LAKE ROAD,,Non-Injury Crash,No,2009,0,East,1,0,0,Flat,0,,0,,0,Dark,1221700,0,0,0,2,0,0,0,0,0,,0,0,Bay of Plenty Region,Nil,2-way,Sealed,0,0,0,0,50,0,On,0,0,,24,Rotorua District,Unknown,0,0,0,0,0,0,Urban,0,0,0,Light rain,Null
1569945,5181267,19033,,591600,1,,0,1,,Null,2008/2009,BEALEY AVENUE,VICTORIA ST,,Minor Crash,No,2009,,North,,0,,Flat,,,,,,Overcast,2676700,1,0,0,3,,,0,,,,,,Canterbury Region,Nil,2-way,Sealed,,0,0,,50,,Null,0,0,,60,Christchurch City,Traffic Signals,,,,,0,0,Urban,0,,,Fine,Null
1878458,5818767,19034,,537900,0,0,0,1,0,South,2008/2009,AWAITI PLACE,POIKE ROAD,,Non-Injury Crash,No,2009,0,North,0,0,0,Flat,0,,0,,0,Overcast,1179701,0,0,0,2,0,0,0,0,0,,0,1,Bay of Plenty Region,Nil,2-way,Sealed,0,0,0,0,50,0,Off,0,0,,23,Tauranga City,Nil,0,0,0,0,0,0,Urban,0,0,0,Fine,Null
1771734,5912372,19035,,523106,0,,0,1,,Null,2008/2009,CHAPEL ROAD,ORANGEWOOD DRIVE,,Non-Injury Crash,No,2009,,North,,0,,Hill Road,,,,,,Bright sun,711158,0,0,0,4,,,0,,,,,,Auckland Region,Nil,2-way,Sealed,,0,0,,50,,Off,0,0,,76,Auckland,Give way,,,,,1,0,Urban,0,,,Fine,Null
1871799,5779389,19036,,538863,0,0,0,1,0,East,2008/2009,DANSEY ROAD,TARENA STREET,,Non-Injury Crash,No,2009,0,North,0,0,0,Flat,0,Queens Birthday,0,,0,Dark,1265501,0,0,0,2,0,0,0,0,0,,0,0,Bay of Plenty Region,Nil,1-way,Sealed,0,0,0,0,100,0,None,0,0,,24,Rotorua District,Nil,0,0,0,1,0,0,Open,0,0,0,Fine,Null
1768257,5905267,19037,,523722,0,,0,2,,Null,2009/2010,TE IRIRANGI DRIVE,SHALIMAR PLACE,,Non-Injury Crash,No,2009,,West,,0,,Flat,,,,,,Overcast,715904,0,0,0,2,,,0,,,,,,Auckland Region,Nil,2-way,Sealed,,0,0,,50,,None,0,0,,76,Auckland,Nil,,,,,0,0,Urban,0,,,Light rain,Null
1768923,5900832,19038,,525002,0,,0,2,,South,2008/2009,GREAT SOUTH ROAD,ALFRISTON ROAD,,Non-Injury Crash,No,2009,,South,,0,,Flat,,,,,,Bright sun,752802,0,0,0,1,,,0,,,,,,Auckland Region,Nil,1-way,Sealed,,0,0,,50,,Off,0,0,,76,Auckland,Traffic Signals,,,,,0,0,Urban,0,,,Fine,Null
1709054,5626132,19039,,553500,0,0,0,1,0,Null,2009/2010,SH 3,ONEWHAIA ROAD,,Non-Injury Crash,Yes,2009,0,South,0,0,0,Flat,0,,0,,0,Dark,1639800,0,0,0,2,0,0,0,0,0,,0,1,Taranaki Region,Nil,2-way,Sealed,0,0,0,0,100,0,None,0,0,,35,South Taranaki District,Nil,0,0,0,0,0,0,Open,0,0,0,Light rain,Null
1801562,5815949,19040,,530100,0,,0,2,,Null,2008/2009,CLAUDELANDS ROAD,GREY ST,,Non-Injury Crash,No,2009,,East,,0,,Flat,,,,,,Bright sun,895100,0,0,0,2,,,0,,,,,,Waikato Region,Nil,2-way,Sealed,,0,0,,50,,Null,0,0,,16,Hamilton City,Traffic Signals,,,,,0,0,Urban,0,,,Fine,Null
1802357,5816075,19041,,530100,0,,0,2,,Null,2008/2009,TE AROHA ST,ST WINIFREDS AVENUE,,Non-Injury Crash,No,2009,,East,,0,,Flat,,,,,,Bright sun,895400,0,0,0,2,,,0,,,,,,Waikato Region,Nil,2-way,Sealed,,0,0,,50,,Null,0,0,,16,Hamilton City,Give way,,,,,0,0,Urban,0,,,Fine,Null
1878126,5821614,19042,,538102,0,,0,3,,East,2009/2010,FRASER ST,EIGHTEENTH AVENUE,,Non-Injury Crash,No,2009,,West,,0,,Flat,,,,,,Bright sun,1171000,0,0,0,2,,,0,,,,,,Bay of Plenty Region,Nil,2-way,Sealed,,0,0,,50,,Off,0,0,,23,Tauranga City,Nil,,,,,0,0,Urban,0,,,Fine,Null
1884525,5772319,19043,,540520,0,,0,2,,South,2008/2009,RANOLF ST,SUMNER ST,,Non-Injury Crash,No,2009,,North,,0,,Flat,,,,,,Bright sun,1240600,0,0,0,2,,,0,,,,,,Bay of Plenty Region,Nil,2-way,Sealed,,0,0,,50,,Null,0,0,,24,Rotorua District,Unknown,,,,,0,0,Urban,0,,,Fine,Null
1746350,5916804,19044,,510700,0,,0,2,,South,2009/2010,GREAT NORTH ROAD,DELLWOOD AVENUE,,Non-Injury Crash,No,2009,,North,,0,,Hill Road,,,,,,Twilight,240900,0,0,0,2,,,0,,,,,,Auckland Region,Nil,2-way,Sealed,,0,0,,50,,Off,0,0,,76,Auckland,Nil,,,,,0,0,Urban,0,,,Fine,Null
1799274,5817372,19045,,528700,0,0,0,1,0,Null,2009/2010,FOREST LAKE ROAD,TE RAPA ROAD,,Non-Injury Crash,No,2009,0,North,0,0,0,Flat,0,,0,,0,Dark,901500,0,0,0,2,0,0,0,0,0,,0,0,Waikato Region,Nil,2-way,Sealed,0,0,0,0,50,0,On,0,0,,16,Hamilton City,Traffic Signals,1,1,0,0,0,0,Urban,0,0,0,Fine,Null
1406476,4917147,19046,,603100,0,,0,2,,Null,2008/2009,GREAT KING ST,ST ANDREW ST,,Non-Injury Crash,No,2009,,North,,0,,Flat,,Queens Birthday,,,,Dark,2901100,0,0,0,2,,,0,,,,,,Otago Region,Nil,2-way,Sealed,,0,0,,50,,On,0,0,,71,Dunedin City,Traffic Signals,,,,,0,0,Urban,0,,,Mist or Fog,Null
1748565,5423875,19047,,576200,0,,0,1,,Null,2008/2009,ADELAIDE ROAD,AKATEA ST,,Non-Injury Crash,No,2009,,North,,0,,Flat,,,,,,Overcast,2172000,0,0,0,2,,,0,,,,,,Wellington Region,Nil,2-way,Sealed,,0,0,,50,,Null,0,0,,47,Wellington City,Nil,,,,,0,0,Urban,1,,,Light rain,Null
1868651,5713465,19048,,541730,0,0,0,1,0,North,2009/2010,ROTOKAWA ST,RIFLE RANGE ROAD,,Non-Injury Crash,No,2009,0,South,0,0,0,Flat,0,,0,,0,Dark,1272200,0,0,0,2,0,0,0,0,0,,0,1,Waikato Region,Nil,2-way,Sealed,0,0,0,0,50,0,On,0,0,,21,Taupo District,Unknown,0,0,0,0,0,0,Urban,0,0,0,Fine,Null
1754991,5913752,19049,,518803,0,0,0,2,0,West,2009/2010,DENBIGH AVENUE,DOMINION ROAD,,Non-Injury Crash,No,2009,0,East,0,0,0,Flat,0,,0,,0,Overcast,581700,0,0,0,2,0,0,0,0,1,,0,0,Auckland Region,Nil,2-way,Sealed,0,0,0,0,50,0,Off,0,0,,76,Auckland,Nil,0,0,0,0,0,0,Urban,0,0,0,Fine,Null
1754157,5918290,19050,,515432,0,,0,2,,West,2009/2010,SH 16,ST LUKES OFF WBD,,Non-Injury Crash,Yes,2009,,West,,0,,Flat,,,,,,Twilight,406202,0,0,0,3,,,0,,,,,,Auckland Region,Nil,1-way,Sealed,,0,0,,100,,On,0,0,,76,Auckland,Nil,,,,,0,0,Open,1,,,Fine,Null
1868386,5812805,19051,,536630,0,0,0,1,0,South,2008/2009,SH 29,PORIPORI ROAD,,Non-Injury Crash,Yes,2009,0,North,0,0,0,Hill Road,0,,0,,0,Bright sun,1191500,0,0,0,3,0,0,0,1,0,,0,0,Bay of Plenty Region,Nil,2-way,Sealed,0,0,0,0,100,0,Null,0,0,,22,Western Bay of Plenty District,Unknown,0,0,0,0,0,0,Open,0,0,0,Fine,Null
1551682,5176112,19052,,587904,0,,0,2,,Null,2009/2010,WEEDONS ROSS ROAD,MADDISONS ROAD,,Minor Crash,No,2009,,North,,0,,Flat,,,,,,Bright sun,2493400,1,0,0,2,,,0,,,,,,Canterbury Region,Nil,2-way,Sealed,,0,0,,100,,Null,0,0,,62,Selwyn District,Stop,,,,,0,0,Open,0,,,Fine,Null
1903667,5566707,19053,,549500,0,0,0,2,0,West,2009/2010,SH 2,RUATANIWHA ST,,Non-Injury Crash,Yes,2009,0,West,0,0,0,Flat,0,Christmas New Year,0,,0,Bright sun,1520500,0,0,0,2,0,0,0,0,1,,0,0,Hawke's Bay Region,Nil,2-way,Sealed,0,0,0,0,50,0,Null,0,0,,32,Central Hawke's Bay District,Nil,0,0,0,0,0,0,Urban,0,0,0,Fine,Null
1823706,5463150,19054,,578600,0,,0,2,,Null,2008/2009,QUEEN ST,WORKSOP ROAD,,Non-Injury Crash,No,2009,,South,,0,,Flat,,,,,,Bright sun,2242900,0,0,0,2,,,0,,,,,,Wellington Region,Nil,2-way,Sealed,,0,0,,50,,Null,0,0,,48,Masterton District,Give way,,,,,0,0,Urban,0,,,Fine,Null
1766447,5466923,19055,,566102,0,0,0,1,0,North,2009/2010,ROSETTA ROAD,HYDES ROAD,,Non-Injury Crash,No,2009,0,South,0,0,1,Flat,0,,0,,0,Dark,2006000,0,0,0,2,0,0,0,0,1,,0,0,Wellington Region,Nil,2-way,Sealed,0,0,0,0,50,0,On,0,0,,43,Kapiti Coast District,Nil,0,0,0,0,0,0,Urban,1,0,0,Fine,Null
1821607,5828550,19056,,534901,0,0,0,2,0,West,2009/2010,SH 26,AVENUE ROAD SOUTH,,Non-Injury Crash,Yes,2009,0,East,1,0,0,Flat,0,,0,,0,Bright sun,1090903,0,0,0,2,0,0,0,0,0,,0,0,Waikato Region,Nil,2-way,Sealed,0,0,0,0,70,0,Off,0,0,,15,Matamata-Piako District,Nil,0,0,0,0,0,0,Urban,0,0,0,Fine,Null
1574888,5391406,19057,,581842,0,0,0,1,0,East,2008/2009,SH 6,TADMOR-GLENHOPE ROAD,,Non-Injury Crash,Yes,2009,0,North,0,0,1,Hill Road,0,,0,,0,Overcast,2376202,0,0,0,2,0,0,0,1,0,,0,0,Tasman Region,Nil,2-way,Sealed,0,0,0,0,100,0,Null,0,0,,51,Tasman District,Nil,0,0,0,1,0,0,Open,0,0,0,Fine,Null
1950698,5792033,19058,,542410,0,0,0,2,0,South,2008/2009,MCALISTER ST,BRACKEN ST,,Non-Injury Crash,No,2009,0,North,0,0,0,Flat,0,,0,,0,Bright sun,1306900,0,0,0,2,0,0,0,0,1,,0,0,Bay of Plenty Region,Nil,2-way,Sealed,0,0,0,0,50,0,Null,0,0,,25,Whakatane District,Give way,0,0,0,0,0,0,Urban,0,0,0,Fine,Null
1751946,5914989,19059,,514401,0,0,0,2,0,North,2008/2009,BOLLARD AVENUE,METHUEN ROAD,,Non-Injury Crash,No,2009,0,South,0,0,0,Hill Road,0,Queens Birthday,0,,0,Dark,380200,0,0,0,2,0,0,0,0,1,,0,0,Auckland Region,Nil,2-way,Sealed,0,0,0,0,50,0,On,0,0,,76,Auckland,Unknown,0,0,0,0,0,0,Urban,0,0,0,Fine,Null
1718554,6044336,19060,,503500,0,,0,1,,South,2008/2009,SH 1N,TAREWA ROAD,,Non-Injury Crash,Yes,2009,,South,,0,,Flat,,,,,,Dark,108000,0,0,0,2,,,0,,,,,,Northland Region,Nil,2-way,Sealed,,0,0,,50,,On,1,0,,2,Whangarei District,Nil,,,,,0,0,Urban,0,,,Fine,Null
1758493,5918000,19061,,516001,0,,1,1,,South,2009/2010,NUFFIELD ST,REMUERA ROAD,,Non-Injury Crash,No,2009,,North,,0,,Flat,,,,,,Dark,490701,0,0,0,2,,,0,,,,,,Auckland Region,Nil,2-way,Sealed,,0,0,,50,,On,0,0,,76,Auckland,Nil,,,,,0,0,Urban,0,,,Fine,Null
1757346,5446570,19062,,571600,0,0,0,1,0,Null,2008/2009,CONCLUSION ST,SOMBRERO VIEW,,Non-Injury Crash,No,2009,0,East,0,0,1,Hill Road,0,,0,,0,Dark,2057302,0,0,0,2,0,0,0,0,0,,0,0,Wellington Region,Nil,2-way,Sealed,0,0,0,0,50,0,On,0,0,,44,Porirua City,Nil,0,0,0,0,0,0,Urban,0,0,0,Fine,Null
1753411,5933213,19063,,508804,0,,0,2,,Null,2009/2010,GREVILLE ON SBD,GREVILLE ON SBD W,,Non-Injury Crash,Yes,2009,,West,,0,,Flat,,,,,,Bright sun,180701,0,0,0,2,,,0,,,,,,Auckland Region,Motorway ramp,2-way,Sealed,,0,0,,50,,Null,0,0,,76,Auckland,Give way,,,,,0,0,Urban,0,,,Fine,Null
1764304,5914937,19064,,520303,0,,0,2,,Null,2009/2010,ELLERSLIE-PANMURE HIGHWAY,MOUNTAIN ROAD,,Non-Injury Crash,No,2009,,East,,0,,Flat,,,,,,Dark,627500,0,0,0,2,,,0,,,,,,Auckland Region,Nil,2-way,Sealed,,0,0,,50,,On,0,0,,76,Auckland,Give way,,,,,0,0,Urban,0,,,Light rain,Null
1801425,5816259,19065,,529900,0,0,0,1,0,Null,2008/2009,HEAPHY TERRACE,PIAKO ROAD,,Non-Injury Crash,No,2009,0,South,0,0,0,Flat,0,Easter,0,,0,Dark,862400,0,0,0,2,0,0,0,0,0,,1,0,Waikato Region,Nil,2-way,Sealed,0,0,0,0,50,0,On,0,0,,16,Hamilton City,Give way,0,0,0,0,0,0,Urban,0,0,0,Fine,Null
1868922,5823588,19066,,536620,0,,0,2,,Null,2008/2009,SH 2,TE PUNA QUARRY ROAD,,Non-Injury Crash,Yes,2009,,East,,0,,Flat,,,,,,Dark,1189200,0,0,0,2,,,0,,,,,,Bay of Plenty Region,Nil,2-way,Sealed,,0,0,,100,,On,0,0,,22,Western Bay of Plenty District,Stop,,,,,0,0,Open,0,,,Fine,Null
1751113,5911759,19067,,514700,0,,0,2,,Null,2008/2009,CONNAUGHT ST,MITCHELL ST,,Non-Injury Crash,No,2009,,East,,0,,Hill Road,,,,,,Overcast,367500,0,0,0,2,,,0,,,,,,Auckland Region,Nil,2-way,Sealed,,0,0,,50,,Null,0,0,,76,Auckland,Nil,,,,,0,0,Urban,0,,,Fine,Null
1754887,5444234,19068,,571000,0,,0,1,,Null,2009/2010,MUNGAVIN AVENUE,MUNGAVIN ON SBD,,Non-Injury Crash,No,2009,,West,,0,,Flat,,,,,,Overcast,2051100,0,0,0,4,,,0,,,,,,Wellington Region,Nil,2-way,Sealed,,0,0,,50,,Null,0,0,,44,Porirua City,Give way,,,,,0,0,Urban,1,,,Fine,Null
1749231,5427156,19069,,573101,0,0,0,1,0,South,2008/2009,ALLEN ST,WAKEFIELD ST,,Non-Injury Crash,No,2009,0,East,0,0,0,Flat,0,,0,,0,Bright sun,2135700,0,0,0,2,0,0,0,0,1,,0,0,Wellington Region,Nil,2-way,Sealed,0,0,0,0,50,0,Null,0,0,,47,Wellington City,Nil,0,0,0,0,0,0,Urban,1,0,0,Fine,Null
1765264,5914600,19070,,520602,0,0,0,3,0,South,2009/2010,BASIN VIEW LANE,QUEENS ROAD,,Non-Injury Crash,No,2009,0,South,0,0,0,Hill Road,0,,0,,0,Dark,628700,0,0,0,2,0,0,0,0,1,,0,0,Auckland Region,Nil,2-way,Sealed,0,0,0,0,50,0,On,0,0,,76,Auckland,Nil,0,0,0,0,0,0,Urban,0,0,0,Light rain,Null
1757214,5919372,19071,,514301,0,,0,2,,East,2009/2010,SYMONDS ON SBD,SYMONDS ST,,Non-Injury Crash,Yes,2009,,East,,0,,Hill Road,,,,,,Bright sun,441200,0,0,0,2,,,0,,,,,,Auckland Region,Motorway ramp,1-way,Sealed,,0,0,,50,,Off,0,0,,76,Auckland,Traffic Signals,,,,,0,0,Urban,0,,,Fine,Null
1719136,6045185,19072,,503600,0,,0,1,,Null,2009/2010,TAREWA ROAD,POROWINI AVENUE,,Non-Injury Crash,No,2009,,East,,0,,Flat,,,,,,Overcast,104800,0,0,0,4,,,0,,,,,,Northland Region,Nil,2-way,Sealed,,0,0,,50,,Off,1,0,,2,Whangarei District,Traffic Signals,,,,,0,0,Urban,0,,,Fine,Null
1759508,5449442,19073,,565601,0,0,0,1,0,West,2008/2009,GRAYS ROAD,MOTUKARAKA POINT W,,Non-Injury Crash,No,2009,0,East,0,0,1,Flat,0,,0,,0,Overcast,2072000,0,0,0,2,0,0,0,0,0,,0,0,Wellington Region,Nil,2-way,Sealed,0,0,0,0,80,0,Null,0,0,,44,Porirua City,Nil,0,0,0,0,0,0,Open,0,0,0,Heavy rain,Null
1404185,4916354,19074,,604120,0,,0,2,,Null,2008/2009,KENMURE ROAD,STONE ST,,Minor Crash,No,2009,,East,,0,,Hill Road,,,,,,Dark,2923200,1,0,0,2,,,0,,,,,,Otago Region,Nil,2-way,Sealed,,0,0,,50,,On,0,0,,71,Dunedin City,Give way,,,,,0,0,Urban,0,,,Fine,Null
1765643,5441917,19075,,569600,0,,0,2,,Null,2008/2009,SH 58,MCDOUGALL GROVE,,Non-Injury Crash,Yes,2009,,North,,0,,Hill Road,,,,,,Overcast,1916500,0,0,0,2,,,0,,,,,,Wellington Region,Nil,2-way,Sealed,,0,0,,100,,Null,0,0,,46,Lower Hutt City,Give way,,,,,0,0,Open,0,,,Fine,Null
1762168,5913674,19076,,520500,0,,0,3,,North,2008/2009,SH 1N,PENROSE OBR,,Non-Injury Crash,Yes,2009,,North,,0,,Flat,,,,,,Overcast,637000,0,0,0,3,,,0,,,,,,Auckland Region,Nil,1-way,Sealed,,0,0,,100,,Off,0,0,,76,Auckland,Nil,,,,,0,0,Open,1,,,Heavy rain,Null
1754137,5931374,19077,,508805,0,,0,1,,South,2008/2009,UPPER HWY ON SBD W,SH 18,,Non-Injury Crash,Yes,2009,,South,,0,,Flat,,,,,,Overcast,180826,0,0,0,2,,,0,,,,,,Auckland Region,Motorway ramp,1-way,Sealed,,0,0,,50,,Null,0,0,,76,Auckland,Unknown,,,,,0,0,Urban,1,,,Fine,Null
1753924,5913433,19078,,518802,0,,0,2,,Null,2008/2009,WHITE SWAN ROAD,RICHARDSON ROAD,,Non-Injury Crash,No,2009,,East,,0,,Flat,,,,,,Dark,579400,0,0,0,2,,,0,,,,,,Auckland Region,Nil,2-way,Sealed,,0,0,,50,,On,0,0,,76,Auckland,Traffic Signals,,,,,0,0,Urban,0,,,Fine,Null
1753805,5917603,19079,,517600,0,,0,1,,South,2008/2009,ST LUKES ROAD,ASQUITH AVENUE,,Non-Injury Crash,No,2009,,South,,0,,Hill Road,,,,,,Dark,534001,0,0,0,2,,,0,,,,,,Auckland Region,Nil,2-way,Sealed,,0,0,,50,,On,1,0,,76,Auckland,Nil,,,,,0,0,Urban,0,,,Light rain,Null
1758140,5920853,19080,,514101,0,,0,1,,Null,2008/2009,QUAY ST,TINLEY ST,,Non-Injury Crash,No,2009,,West,,0,,Flat,,,,,,Bright sun,438211,0,0,0,5,,,0,,,,,,Auckland Region,Nil,2-way,Sealed,,0,0,,50,,Off,1,0,,76,Auckland,Traffic Signals,,,,,0,0,Urban,0,,,Fine,Null
1950681,5791681,19081,,542410,0,,0,1,,Null,2008/2009,MCALISTER ST,APANUI AVENUE,,Non-Injury Crash,No,2009,,South,,0,,Flat,,,,,,Bright sun,1305300,0,0,0,2,,,0,,,,,,Bay of Plenty Region,Nil,2-way,Sealed,,0,0,,50,,Null,0,0,,25,Whakatane District,Give way,,,,,1,0,Urban,0,,,Fine,Null
1753128,5918247,19082,,515002,0,,0,2,,East,2009/2010,SH 16,GT NORTH OBR,,Non-Injury Crash,Yes,2009,,East,,0,,Flat,,,,,,Overcast,390501,0,0,0,3,,,0,,,,,,Auckland Region,Nil,1-way,Sealed,,0,0,,100,,Off,1,0,,76,Auckland,Nil,,,,,0,0,Open,0,,,Fine,Null
1761708,5906528,19083,,524112,0,,0,1,,Null,2008/2009,MASSEY ROAD,MASSEY ON NBD,,Non-Injury Crash,No,2009,,West,,0,,Flat,,,,,,Overcast,742300,0,0,0,6,,,0,,,,,,Auckland Region,Nil,2-way,Sealed,,0,0,,50,,Off,1,0,,76,Auckland,Traffic Signals,,,,,0,0,Urban,0,,,Fine,Null
1757890,5920648,19084,,514103,0,0,0,2,0,North,2008/2009,EMILY PLACE,EDEN CRESCENT,,Non-Injury Crash,No,2009,0,South,0,0,0,Hill Road,0,,0,,0,Dark,437800,0,0,0,2,0,0,0,0,1,,0,0,Auckland Region,Nil,2-way,Sealed,0,0,0,0,50,0,On,0,0,,76,Auckland,Unknown,0,0,0,0,0,0,Urban,0,0,0,Fine,Null
1753062,5916788,19085,,517800,0,0,0,2,0,Null,2009/2010,NEW NORTH ROAD,ASQUITH AVENUE,,Non-Injury Crash,No,2009,0,East,0,0,1,Hill Road,0,,0,,0,Dark,527600,0,0,0,4,0,0,0,0,0,,0,1,Auckland Region,Nil,2-way,Sealed,0,0,0,0,50,0,On,0,0,,76,Auckland,Stop,0,0,0,0,0,0,Urban,0,0,0,Fine,Null
1755075,5918567,19086,,515420,0,0,0,2,0,South,2009/2010,COLERIDGE ST,CRUMMER ROAD,,Non-Injury Crash,No,2009,0,North,0,0,0,Flat,0,,0,,0,Bright sun,404800,0,0,0,2,0,0,0,0,1,,0,0,Auckland Region,Nil,2-way,Sealed,0,0,0,0,50,0,Off,0,0,,76,Auckland,Nil,0,0,0,0,0,0,Urban,0,0,0,Fine,Null
1768211,5915023,19087,,522810,0,0,0,3,0,West,2008/2009,FISHER PARADE,GLENMORE ROAD,,Non-Injury Crash,No,2009,0,East,0,0,0,Hill Road,0,,0,,0,Dark,692700,0,0,0,2,0,0,0,0,2,,0,0,Auckland Region,Nil,2-way,Sealed,0,0,0,0,50,0,On,0,0,,76,Auckland,Nil,0,0,0,0,0,0,Urban,0,0,0,Fine,Null
1802505,5790411,19088,,531001,0,0,0,1,0,Null,2008/2009,ST MARYS AVENUE,REWI ST,,Non-Injury Crash,No,2009,0,West,0,0,1,Hill Road,0,,0,,0,Overcast,970900,0,0,0,2,0,0,0,0,0,,0,0,Waikato Region,Nil,2-way,Sealed,0,0,0,0,50,0,Off,0,0,,17,Waipa District,Nil,0,0,0,0,0,0,Urban,0,0,0,Light rain,Null
1753316,5439020,19089,,572500,0,,0,2,,Null,2008/2009,MAIN ROAD,WILLOWBANK ROAD,,Non-Injury Crash,No,2009,,West,,0,,Flat,,,,,,Overcast,2053701,0,0,0,2,,,0,,,,,,Wellington Region,Nil,2-way,Sealed,,0,0,,50,,Null,0,0,,47,Wellington City,Give way,,,,,0,0,Urban,0,,,Fine,Null
1806577,5809164,19090,,527915,0,0,0,1,0,Null,2008/2009,SH 21,WAIKATO RIV BR,,Non-Injury Crash,Yes,2009,0,South,0,0,0,Hill Road,0,,0,,0,Dark,984900,0,0,0,2,0,0,0,0,0,,0,0,Waikato Region,Bridge,2-way,Sealed,0,0,0,0,100,0,Off,0,0,,17,Waipa District,Unknown,0,1,0,0,0,0,Open,0,0,0,Mist or Fog,Null
1842957,5745093,19091,,541320,0,0,0,2,1,North,2008/2009,SH 30,SANDEL ROAD,,Non-Injury Crash,Yes,2009,0,North,0,0,0,Flat,0,,0,,0,Dark,1292600,0,0,0,2,0,0,0,0,0,,0,0,Waikato Region,Nil,2-way,Sealed,0,0,0,0,100,0,None,0,0,,21,Taupo District,Nil,0,0,0,0,0,0,Open,0,0,0,Fine,Null
1740243,5942902,19092,,506614,0,0,0,1,1,South,2008/2009,HORSESHOE BUSH ROAD,FORESTRY ROAD,,Non-Injury Crash,No,2009,0,West,0,0,0,Flat,0,,0,,0,Twilight,177801,0,0,0,2,0,0,0,0,0,,0,0,Auckland Region,Nil,2-way,Unsealed,0,0,0,0,100,0,None,0,0,,76,Auckland,Unknown,0,0,0,0,0,0,Open,0,0,0,Fine,Null
1742660,5919391,19093,,513211,0,0,0,1,0,South,2009/2010,ARMADA DRIVE,LUANDA DRIVE,,Non-Injury Crash,No,2009,0,North,0,0,0,Flat,0,,0,,0,Twilight,235008,0,0,0,2,0,0,0,0,0,,0,0,Auckland Region,Nil,2-way,Sealed,0,0,0,0,50,0,On,0,0,,76,Auckland,Nil,0,0,0,1,0,0,Urban,0,0,0,Fine,Null