X,Y,OBJECTID,advisorySpeed,areaUnitID,bicycle,bridge,bus,carStationWagon,cliffBank,crashDirectionDescription,crashFinancialYear,crashLocation1,crashLocation2,crashRoadSideRoad,crashSeverity,crashSHDescription,crashYear,debris,directionRoleDescription,ditch,fatalCount,fence,flatHill,guardRail,holiday,houseOrBuilding,intersection,kerb,light,meshblockId,minorInjuryCount,moped,motorcycle,NumberOfLanes,objectThrownOrDropped,otherObject,otherVehicleType,overBank,parkedVehicle,pedestrian,phoneBoxEtc,postOrPole,region,roadCharacter,roadLane,roadSurface,roadworks,schoolBus,seriousInjuryCount,slipOrFlood,speedLimit,strayAnimal,streetLight,suv,taxi,temporarySpeedLimit,tlaId,tlaName,trafficControl,trafficIsland,trafficSign,train,tree,truck,unknownVehicleType,urban,vanOrUtility,vehicle,waterRiver,weatherA,weatherB
1442823,5008725,19094,,600811,0,0,0,1,1,South,2009/2010,SH 1S,RUSSELL ROAD,,Minor Crash,Yes,2009,0,North,0,0,0,Flat,0,,0,,0,Bright sun,2828002,1,0,0,2,0,0,0,0,0,,0,0,Otago Region,Nil,2-way,Sealed,0,0,0,0,100,0,Null,0,0,,68,Waitaki District,Unknown,0,0,0,0,0,0,Open,0,0,0,Fine,Null
1755647,5928446,19095,,508320,0,,0,2,,Null,2008/2009,ARCHERS ROAD,WAIRAU ROAD,,Non-Injury Crash,No,2009,,East,,0,,Flat,,,,,,Bright sun,198500,0,0,0,3,,,0,,,,,,Auckland Region,Nil,2-way,Sealed,,0,0,,50,,Off,0,0,,76,Auckland,Give way,,,,,0,0,Urban,0,,,Fine,Null
1796723,5816440,19096,,528504,0,0,0,2,0,West,2009/2010,KENTUCKY CRESCENT,GRANGE AVENUE,,Non-Injury Crash,No,2009,0,East,0,0,0,Flat,0,,0,,0,Dark,976722,0,0,0,0,0,0,0,0,1,,0,0,Waikato Region,Nil,2-way,Sealed,0,0,0,0,50,0,On,0,0,,16,Hamilton City,Nil,0,0,0,0,0,0,Urban,0,0,0,Heavy rain,Null
1767819,5900953,19097,,525001,0,,0,2,,Null,2008/2009,RUSSELL ROAD,MCKEAN AVENUE,,Non-Injury Crash,No,2009,,West,,0,,Flat,,,,,,Dark,752300,0,0,0,2,,,0,,,,,,Auckland Region,Nil,2-way,Sealed,,0,0,,50,,On,0,0,,76,Auckland,Nil,,,,,0,0,Urban,0,,,Fine,Null
1791026,5831359,19098,,527123,0,,0,0,,Null,2009/2010,GREAT SOUTH ROAD,JEW ROAD,,Non-Injury Crash,Yes,2009,,South,,0,,Flat,,,,,,Bright sun,950500,0,0,0,2,,,0,,,,,,Waikato Region,Nil,2-way,Sealed,,0,0,,100,,Null,1,0,,13,Waikato District,Give way,,,,,1,0,Open,0,,,Fine,Null
1770545,5916230,19099,,522712,0,0,0,1,0,West,2009/2010,PRIESTLEY DRIVE,MACLEANS ROAD,,Non-Injury Crash,No,2009,0,East,0,0,1,Flat,0,,0,,0,Bright sun,680200,0,0,0,2,0,0,0,0,0,,0,0,Auckland Region,Nil,2-way,Sealed,0,0,0,0,50,0,Off,0,0,,76,Auckland,Nil,0,0,0,0,0,0,Urban,0,0,0,Fine,Null
1802562,5817599,19100,,530000,0,,0,2,,Null,2008/2009,POWELLS ROAD,TRAMWAY ROAD,,Non-Injury Crash,No,2009,,West,,0,,Flat,,,,,,Overcast,866500,0,0,0,2,,,0,,,,,,Waikato Region,Nil,2-way,Sealed,,0,0,,50,,Null,0,0,,16,Hamilton City,Nil,,,,,0,0,Urban,0,,,Fine,Null
1412699,4917276,19101,,604822,0,0,0,1,0,West,2009/2010,PORTOBELLO ROAD,HOWARD ST,,Minor Crash,No,2009,0,West,0,0,0,Flat,0,,0,,0,Overcast,2942500,1,0,0,2,0,0,0,1,0,,0,0,Otago Region,Nil,2-way,Sealed,0,0,0,0,50,0,Null,0,0,,71,Dunedin City,Unknown,0,0,0,0,0,0,Urban,0,0,1,Light rain,Null
1569887,5181377,19102,,592401,0,,0,1,,West,2008/2009,PAPANUI ROAD,DERBY ST,,Non-Injury Crash,No,2009,,North,,0,,Flat,,,,,,Bright sun,2686200,0,0,0,2,,,0,,,,,,Canterbury Region,Nil,2-way,Sealed,,0,0,,50,,Null,0,0,,60,Christchurch City,Nil,,,,,1,0,Urban,0,,,Fine,Null
1936965,5621114,19103,,546901,0,0,0,0,0,North,2008/2009,HASTINGS ST,VAUTIER ST,,Non-Injury Crash,No,2009,0,North,0,0,0,Flat,0,,0,,0,Bright sun,1431800,0,0,0,2,0,0,0,0,1,,0,0,Hawke's Bay Region,Nil,2-way,Sealed,0,0,0,0,50,0,Null,1,0,,31,Napier City,Nil,0,0,0,0,0,0,Urban,1,0,0,Fine,Null
1792584,5795365,19104,,527921,0,0,0,1,0,South,2008/2009,SH 39,BELL ROAD,,Non-Injury Crash,Yes,2009,0,North,0,0,0,Flat,0,,0,,0,Bright sun,981400,0,0,0,2,0,0,0,0,0,,0,0,Waikato Region,Nil,2-way,Sealed,0,0,0,0,100,0,Null,0,0,,17,Waipa District,Unknown,0,0,0,0,0,0,Open,1,1,0,Fine,Null
1753383,5933237,19105,,508804,0,,0,2,,Null,2008/2009,GREVILLE ROAD,GREVILLE OFF SBD,,Non-Injury Crash,No,2009,,East,,0,,Null,,,,,,Overcast,180605,0,0,0,2,,,0,,,,,,Auckland Region,Motorway ramp,1-way,Sealed,,0,0,,50,,On,0,0,,76,Auckland,Give way,,,,,0,0,Urban,0,,,Heavy rain,Null
1755485,5922132,19106,,515202,0,,0,1,,North,2008/2009,SH 1N,FANSHAWE OFF SBD,,Non-Injury Crash,Yes,2009,,South,,0,,Flat,,,,,,Overcast,423600,0,0,0,3,,,0,,,,,,,Nil,1-way,Sealed,,0,0,,80,,Off,0,0,,76,Auckland,Nil,,,,,0,0,Open,1,,,Fine,Null
1838114,5839882,19107,,534800,0,0,0,1,0,South,2009/2010,SH 26,STANLEY ROAD SOUTH,,Non-Injury Crash,Yes,2009,0,North,0,0,0,Flat,0,,0,,0,Dark,1107704,0,0,0,2,0,0,0,0,0,,0,0,Waikato Region,Nil,2-way,Sealed,0,0,0,0,100,0,None,0,0,,15,Matamata-Piako District,Unknown,0,0,0,0,0,0,Open,0,0,0,Fine,Null
1624421,6113845,19108,,500302,0,0,0,0,0,North,2009/2010,SH 1N,TE MAIRE AVENUE,,Non-Injury Crash,Yes,2009,0,South,0,0,1,Flat,0,,0,,0,Dark,14500,0,0,0,2,0,0,0,0,0,,0,0,Northland Region,Nil,2-way,Sealed,0,0,0,0,50,0,On,0,0,,1,Far North District,Nil,0,0,0,0,0,0,Urban,1,0,0,Light rain,Null
1765876,5792934,19109,,531301,0,0,0,1,1,South,2008/2009,RAGLAN ROAD,KAWHIA ROAD,,Non-Injury Crash,No,2009,0,South,0,0,0,Flat,0,,0,,0,Twilight,993103,0,0,0,1,0,0,0,0,0,,0,0,Waikato Region,Nil,2-way,Unsealed,0,0,0,0,100,0,None,0,0,,18,Ōtorohanga District,Nil,0,0,0,0,0,0,Open,0,0,0,Fine,Null
1693792,5676260,19110,,552002,0,,0,2,,Null,2008/2009,SH 3,LEMON ST,,Non-Injury Crash,Yes,2009,,North,,0,,Flat,,,,,,Overcast,1594900,0,0,0,2,,,0,,,,,,Taranaki Region,Nil,2-way,Sealed,,0,0,,50,,Null,0,0,,33,New Plymouth District,Stop,,,,,0,0,Urban,0,,,Fine,Null
1877450,5821740,19111,,538102,0,,0,2,,South,2009/2010,CAMERON ROAD,TWENTIETH AVENUE,,Non-Injury Crash,No,2009,,North,,0,,Flat,,,,,,Overcast,1169900,0,0,0,2,,,0,,,,,,Bay of Plenty Region,Nil,2-way,Sealed,,0,0,,50,,Null,0,0,,23,Tauranga City,Unknown,,,,,0,0,Urban,0,,,Fine,Null
1748484,5946850,19112,,506201,0,0,0,1,0,South,2009/2010,SH 1N,WAINUI OBR,,Non-Injury Crash,Yes,2009,0,North,0,0,0,Hill Road,1,,0,,0,Overcast,176603,0,0,0,2,0,0,0,0,0,,0,0,Auckland Region,Nil,1-way,Sealed,0,0,0,0,100,0,Off,0,0,,76,Auckland,Nil,0,0,0,0,0,0,Open,0,0,0,Light rain,Null
1754466,5919174,19113,,515431,0,,0,1,,Null,2008/2009,RICHMOND ROAD,BAILDON ROAD,,Non-Injury Crash,No,2009,,South,,0,,Hill Road,,,,,,Bright sun,404000,0,0,0,2,,,0,,,,,,Auckland Region,Nil,2-way,Sealed,,0,0,,50,,Null,0,0,,76,Auckland,Nil,,,,,1,0,Urban,0,,,Fine,Null
1850556,5800954,19114,,535231,0,,0,0,,North,2008/2009,TE POI SOUTH ROAD,SH 28,,Non-Injury Crash,No,2009,,North,,0,,Flat,,,,,,Overcast,1114500,0,0,0,2,,,0,,,,,,Waikato Region,Nil,2-way,Sealed,,0,0,,100,,Off,1,0,,15,Matamata-Piako District,Nil,,,,,1,0,Open,0,,,Fine,Null
1719479,6045527,19115,,503100,0,,0,2,,Null,2008/2009,WALTON ST,VINE ST,,Non-Injury Crash,No,2009,,West,,0,,Flat,,,,,,Twilight,100300,0,0,0,4,,,0,,,,,,Northland Region,Nil,2-way,Sealed,,0,0,,50,,Off,0,0,,2,Whangarei District,Give way,,,,,0,0,Urban,0,,,Fine,Null
1760379,5915729,19116,,516003,0,,0,2,,Null,2009/2010,SH 1N,GREENLANE OFF NBD,,Non-Injury Crash,Yes,2009,,North,,0,,Flat,,,,,,Bright sun,494902,0,0,0,6,,,0,,,,,,Auckland Region,Nil,2-way,Sealed,,0,0,,100,,Off,0,0,,76,Auckland,Nil,,,,,0,0,Open,0,,,Fine,Null
1841321,5492795,19117,,578200,0,1,0,0,0,West,2009/2010,ALFREDTON ROAD,ROUTE 52,,Non-Injury Crash,No,2009,0,East,0,0,0,Flat,0,,0,,0,Dark,2227800,0,0,0,2,0,0,0,0,0,,0,0,Manawatū-Whanganui Region,Bridge,2-way,Sealed,0,0,0,0,100,0,None,1,0,,41,Tararua District,Nil,0,0,0,0,0,0,Open,0,0,0,Mist or Fog,Null
1766299,5908182,19118,,523402,0,0,0,1,0,East,2008/2009,BAIRDS ROAD,GILBERT ROAD,,Non-Injury Crash,No,2009,0,West,0,0,0,Flat,0,,0,,0,Bright sun,698100,0,0,0,2,0,0,0,0,1,,0,0,Auckland Region,Nil,2-way,Sealed,0,0,0,0,50,0,Off,0,0,,76,Auckland,Nil,0,0,0,0,1,0,Urban,0,0,0,Fine,Null
1763997,5912040,19119,,520500,0,0,0,1,0,South,2008/2009,MOUNT WELLINGTON HIGHWAY,VESTEY DRIVE,,Non-Injury Crash,No,2009,0,East,0,0,0,Flat,0,,0,,0,Overcast,637900,0,0,0,4,0,0,0,0,0,,0,0,Auckland Region,Nil,2-way,Sealed,0,0,0,0,50,0,None,0,0,,76,Auckland,Nil,0,0,0,0,0,0,Urban,1,1,0,Fine,Null
1743472,5919354,19120,,513212,0,0,0,2,0,West,2008/2009,SWANSON ROAD,DON BUCK ROAD,,Non-Injury Crash,No,2009,0,West,0,0,0,Flat,0,,0,,0,Dark,235711,0,0,0,2,0,0,0,0,1,,0,0,Auckland Region,Nil,2-way,Sealed,0,0,0,0,50,0,On,0,0,,76,Auckland,Unknown,0,0,0,0,0,0,Urban,0,0,0,Fine,Null
1750263,5915496,19121,,514802,0,,0,1,,Null,2009/2010,CANAL ROAD,WAIRAU AVENUE,,Non-Injury Crash,No,2009,,East,,0,,Flat,,,,,,Bright sun,387100,0,0,0,2,,,0,,,,,,Auckland Region,Nil,2-way,Sealed,,0,0,,50,,Off,0,0,,76,Auckland,Stop,,,,,1,0,Urban,0,,,Fine,Null
1755200,5914387,19122,,518500,0,0,0,2,0,North,2009/2010,DOMINION ROAD,MOUNT ALBERT ROAD,,Non-Injury Crash,No,2009,0,South,0,0,0,Flat,0,,0,,0,Bright sun,561000,0,0,0,4,0,0,0,0,0,,0,0,Auckland Region,Nil,2-way,Sealed,0,0,0,0,50,0,Off,0,0,,76,Auckland,Nil,0,0,0,0,0,0,Urban,0,1,0,Fine,Null
1947434,5783726,19123,,542530,0,0,0,0,0,North,2008/2009,SH 2,DOWNARD ROAD,,Non-Injury Crash,Yes,2009,0,South,0,0,0,Flat,0,,0,,0,Dark,1298706,0,0,0,2,0,0,0,0,0,,0,1,Bay of Plenty Region,Nil,2-way,Sealed,0,0,0,0,100,0,None,1,0,,25,Whakatane District,Unknown,0,0,0,0,0,0,Open,0,0,0,Heavy rain,Null
1759687,5914022,19124,,519720,0,,0,1,,Null,2009/2010,RAWHITI ROAD,TAWA ROAD,,Non-Injury Crash,No,2009,,West,,0,,Flat,,,,,,Dark,592500,0,0,0,2,,,0,,,,,,Auckland Region,Nil,2-way,Sealed,,0,0,,50,,On,1,0,,76,Auckland,Nil,,,,,0,0,Urban,0,,,Fine,Null
1759800,5436951,19125,,569301,0,,0,2,,Null,2008/2009,SH 2,MELLING LINK,,Non-Injury Crash,Yes,2009,,North,,0,,Flat,,,,,,Bright sun,1919900,0,0,0,2,,,0,,,,,,Wellington Region,Nil,2-way,Sealed,,0,0,,100,,Null,0,0,,46,Lower Hutt City,Traffic Signals,,,,,0,0,Open,0,,,Fine,Null
1850774,5857582,19126,,534400,0,,0,2,,Null,2009/2010,GALBRAITH ST,MARGARET ST,,Non-Injury Crash,No,2009,,West,,0,,Flat,,,,,,Overcast,1078004,0,0,0,2,,,0,,,,,,Waikato Region,Nil,2-way,Sealed,,0,0,,50,,Null,0,0,,12,Hauraki District,Give way,,,,,0,0,Urban,0,,,Light rain,Null
1749864,5425979,19127,,576800,0,,0,3,,West,2008/2009,SH 1N,TAURIMA ST,,Non-Injury Crash,Yes,2009,,West,,0,,Flat,,,,,,Twilight,2181700,0,0,0,2,,,0,,,,,,Wellington Region,Nil,2-way,Sealed,,0,0,,50,,Off,0,1,,47,Wellington City,Nil,,,,,1,0,Urban,0,,,Fine,Null
1929241,5606624,19128,,547800,0,,0,2,,East,2008/2009,PAKOWHAI ROAD,ST AUBYN ST WEST,,Non-Injury Crash,No,2009,,East,,0,,Flat,,,,,,Bright sun,1477600,0,0,0,2,,,0,,,,,,Hawke's Bay Region,Nil,2-way,Sealed,,0,0,,50,,Null,0,0,,30,Hastings District,Nil,,,,,0,0,Urban,0,,,Fine,Null
1827296,5532483,19129,,560302,0,,0,1,,South,2009/2010,SH 3,STONEY CREEK ROAD,,Non-Injury Crash,Yes,2009,,North,,0,,Flat,,,,,,Overcast,1793000,0,0,0,2,,,0,,,,,,Manawatū-Whanganui Region,Bridge,2-way,Sealed,,0,0,,50,,Null,0,0,,40,Palmerston North City,Nil,,,,,0,0,Urban,1,,,Fine,Null
1759976,5436710,19130,,569100,0,,0,3,,West,2009/2010,MELLING LINK,RUTHERFORD ST,,Non-Injury Crash,No,2009,,East,,0,,Flat,,,,,,Overcast,1967100,0,0,0,2,,,0,,,,,,Wellington Region,Bridge,2-way,Sealed,,0,0,,50,,Null,0,0,,46,Lower Hutt City,Nil,,,,,0,0,Urban,0,,,Fine,Null
1770207,5899071,19131,,523911,0,,0,2,,Null,2009/2010,GREAT SOUTH ROAD,MANUIA ROAD,,Non-Injury Crash,No,2009,,South,,0,,Flat,,,,,,Overcast,768100,0,0,0,4,,,0,,,,,,Auckland Region,Nil,2-way,Sealed,,0,0,,50,,Off,0,0,,76,Auckland,Traffic Signals,,,,,0,0,Urban,0,,,Fine,Null
1747220,5935688,19132,,506653,0,0,0,2,0,West,2009/2010,COATESVILLE-RIVERHEAD HIG,SCREEN ROAD,,Non-Injury Crash,No,2009,0,West,0,0,0,Flat,0,,0,,0,Bright sun,217209,0,0,0,2,0,0,0,0,1,,0,0,Auckland Region,Nil,2-way,Sealed,0,0,0,0,100,0,Off,0,0,,76,Auckland,Nil,0,0,0,0,0,0,Open,0,0,0,Fine,Null
1792337,5835621,19133,,527111,0,,0,0,,North,2009/2010,SH 1N,SH 1B,,Non-Injury Crash,Yes,2009,,North,,0,,Flat,,,,,,Bright sun,941002,0,0,0,2,,,0,,,,,,Waikato Region,Nil,2-way,Sealed,,0,0,,100,,Null,2,0,,13,Waikato District,Unknown,,,,,0,0,Open,0,,,Fine,Null
1759075,5916658,19134,,516001,0,,0,1,,Null,2009/2010,MARKET ROAD,GREAT SOUTH ROAD,,Non-Injury Crash,No,2009,,West,,0,,Flat,,,,,,Overcast,493800,0,0,0,4,,,0,,,,,,Auckland Region,Nil,2-way,Sealed,,0,0,,50,,Off,0,0,,76,Auckland,Traffic Signals,,,,,1,0,Urban,0,,,Fine,Null
1747720,5919433,19135,,512402,0,,0,0,,East,2009/2010,SH 16,TE ATATU OBR,,Non-Injury Crash,Yes,2009,,West,,0,,Flat,,,,,,Dark,253700,0,0,1,3,,,0,,,,,,,Nil,1-way,Sealed,,0,0,,100,,On,0,0,,76,Auckland,Nil,,,,,0,0,Open,1,,,Fine,Null
1771088,5911754,19136,,523110,0,,0,2,,Null,2009/2010,CHAPEL ROAD,KILKENNY DRIVE N,,Non-Injury Crash,No,2009,,South,,0,,Flat,,,,,,Bright sun,3205003,0,0,0,4,,,0,,,,,,Auckland Region,Nil,2-way,Sealed,,0,0,,70,,Off,0,0,,76,Auckland,Traffic Signals,,,,,0,0,Urban,0,,,Fine,Null
1692223,5676063,19137,,551800,0,0,0,2,0,West,2008/2009,AUBREY ST,WEYMOUTH ST,,Non-Injury Crash,No,2009,0,East,0,0,0,Flat,0,,0,,0,Overcast,1590900,0,0,0,2,0,0,0,0,1,,0,0,Taranaki Region,Nil,2-way,Sealed,0,0,0,0,50,0,Null,0,0,,33,New Plymouth District,Nil,0,0,0,0,0,0,Urban,0,0,0,Fine,Null
1703417,5680183,19138,,551013,0,0,0,1,0,Null,2009/2010,SH 3,SH 3A,,Non-Injury Crash,Yes,2009,1,East,0,0,0,Hill Road,0,,0,,0,Overcast,1562602,0,0,0,2,0,0,0,0,0,,0,0,Taranaki Region,Nil,2-way,Sealed,0,0,0,0,100,0,Null,0,0,,33,New Plymouth District,Give way,0,0,0,0,0,0,Open,1,0,0,Fine,Null
1857501,5803912,19139,,535231,0,0,0,1,1,South,2009/2010,SH 29,SUMMIT LOOKOUT,,Non-Injury Crash,Yes,2009,0,North,1,0,0,Hill Road,0,,0,,0,Bright sun,1114500,0,0,0,3,0,0,0,0,0,,0,0,Waikato Region,Nil,2-way,Sealed,0,0,0,0,100,0,Null,0,0,,15,Matamata-Piako District,Unknown,0,0,0,0,0,0,Open,0,0,0,Fine,Null
1794061,5824866,19140,,527916,0,0,0,0,0,South,2009/2010,GREAT SOUTH ROAD,HOROTIU BRIDGE ROAD,,Non-Injury Crash,No,2009,0,South,1,0,1,Flat,0,,0,,0,Dark,975802,0,0,0,2,0,0,0,0,0,,0,1,Waikato Region,Nil,2-way,Sealed,0,0,0,0,80,0,On,0,0,,13,Waikato District,Nil,0,0,0,0,1,0,Open,0,0,0,Fine,Null
1749326,5427321,19141,,573101,0,,0,3,,West,2008/2009,CABLE ST,CHAFFERS ST,,Non-Injury Crash,No,2009,,East,,0,,Flat,,,,,,Bright sun,2135300,0,0,0,2,,,0,,,,,,Wellington Region,Nil,2-way,Sealed,,0,0,,50,,Null,0,0,,47,Wellington City,Nil,,,,,0,0,Urban,0,,,Fine,Null
1761120,5435258,19142,,568602,0,0,0,2,0,North,2008/2009,WAIWHETU ROAD,MALONE ROAD,,Non-Injury Crash,No,2009,0,North,0,0,0,Flat,0,,0,,0,Twilight,1974900,0,0,0,2,0,0,0,0,1,,0,0,Wellington Region,Nil,2-way,Sealed,0,0,0,0,50,0,Off,0,0,,46,Lower Hutt City,Nil,0,0,0,0,0,0,Urban,0,0,0,Fine,Null
1756167,5928082,19143,,507900,0,,0,2,,South,2009/2010,WAIRAU ROAD,FORREST HILL ROAD,,Non-Injury Crash,No,2009,,North,,0,,Flat,,,,,,Bright sun,305202,0,0,0,4,,,0,,,,,,Auckland Region,Nil,2-way,Sealed,,0,0,,50,,None,0,0,,76,Auckland,Traffic Signals,,,,,0,0,Urban,0,,,Fine,Null
1693853,5676101,19144,,552002,0,0,0,1,0,South,2009/2010,SH 3,PENDARVES ST,,Non-Injury Crash,Yes,2009,0,South,0,0,0,Flat,0,,0,,0,Dark,1595000,0,0,0,2,0,0,0,0,1,,0,0,Taranaki Region,Nil,2-way,Sealed,0,0,0,0,50,0,On,0,0,,33,New Plymouth District,Nil,0,0,0,0,0,0,Urban,1,0,0,Fine,Null
1760316,5912733,19145,,520000,0,0,0,1,0,East,2009/2010,MAYS ROAD,CAPTAIN SPRINGS ROAD,,Non-Injury Crash,No,2009,0,North,0,0,0,Flat,0,,0,,0,Bright sun,606600,0,0,0,2,0,0,0,0,0,,0,1,Auckland Region,Nil,2-way,Sealed,0,0,0,0,50,0,Off,0,0,,76,Auckland,Traffic Signals,0,0,0,0,0,0,Urban,0,0,0,Fine,Null
1710725,5644750,19146,,553101,0,,0,2,,South,2008/2009,SH 3,SH 43,,Non-Injury Crash,Yes,2009,,North,,0,,Flat,,,,,,Bright sun,1613100,0,0,0,2,,,0,,,,,,Taranaki Region,Nil,2-way,Sealed,,0,0,,50,,Null,1,0,,34,Stratford District,Nil,,,,,0,0,Urban,0,,,Fine,Null
1755000,5929384,19147,,508420,0,,0,2,,Null,2009/2010,LINK DRIVE,TARGET ROAD,,Non-Injury Crash,No,2009,,West,,0,,Flat,,,,,,Twilight,183800,0,0,0,2,,,0,,,,,,Auckland Region,Nil,2-way,Sealed,,0,0,,50,,Off,0,0,,76,Auckland,Give way,,,,,0,0,Urban,0,,,Fine,Null
1683340,6100611,19148,,501633,0,0,0,0,0,North,2009/2010,SH 10,WAIMATE NORTH ROAD,,Non-Injury Crash,Yes,2009,0,North,0,0,0,Flat,0,,0,,0,Overcast,33600,0,0,0,2,0,0,0,0,0,,0,0,Northland Region,Nil,2-way,Sealed,0,0,0,0,100,0,None,0,0,,1,Far North District,Nil,0,1,0,0,1,0,Open,0,0,0,Fine,Null
1768648,5901096,19149,,524901,0,,0,2,,Null,2009/2010,GREAT SOUTH ROAD,STATION ROAD,,Non-Injury Crash,No,2009,,North,,0,,Flat,,,,,,Overcast,757100,0,0,0,4,,,0,,,,,,Auckland Region,Nil,2-way,Sealed,,0,0,,50,,Off,0,0,,76,Auckland,Traffic Signals,,,,,0,0,Urban,0,,,Fine,Null
1707618,5683051,19150,,551302,0,0,0,1,0,Null,2008/2009,RICHMOND ST,PRINCESS ST,,Non-Injury Crash,No,2009,0,North,0,0,1,Flat,0,,0,,0,Dark,1549800,0,0,0,2,0,0,0,0,0,,0,0,Taranaki Region,Nil,2-way,Sealed,0,0,0,0,50,0,On,0,0,,33,New Plymouth District,Give way,0,0,0,0,0,0,Urban,0,0,0,Light rain,Null
1679561,5401492,19151,,581260,0,0,0,2,0,South,2008/2009,MILFORD ST,HOSPITAL ROAD,,Non-Injury Crash,No,2009,0,North,0,0,0,Flat,0,,0,,0,Bright sun,2306200,0,0,0,2,0,0,0,0,1,,0,0,Marlborough Region,Nil,2-way,Sealed,0,0,0,0,50,0,Null,0,0,,53,Marlborough District,Nil,0,0,0,0,0,0,Urban,0,0,0,Fine,Null
1759585,5925181,19152,,508110,0,,0,2,,South,2009/2010,LAKE ROAD,BARDIA ST,,Non-Injury Crash,No,2009,,North,,0,,Flat,,,,,,Bright sun,319300,0,0,0,2,,,0,,,,,,Auckland Region,Nil,2-way,Sealed,,0,0,,50,,Off,0,0,,76,Auckland,Nil,,,,,0,0,Urban,0,,,Fine,Null
1766904,5907658,19153,,523501,0,0,0,2,0,Null,2009/2010,EAST TAMAKI ROAD,BAIRDS ROAD,,Non-Injury Crash,No,2009,0,East,0,0,0,Flat,0,,0,,0,Dark,700602,0,0,0,4,0,0,0,0,0,,0,0,Auckland Region,Nil,2-way,Sealed,0,0,0,0,50,0,On,1,0,,76,Auckland,Traffic Signals,0,0,0,0,0,0,Urban,0,1,0,Fine,Null
1748035,5426716,19154,,573200,0,0,0,3,0,North,2009/2010,MAARAMA CRESCENT,OHIRO ROAD,,Non-Injury Crash,No,2009,0,North,0,0,0,Hill Road,0,,0,,0,Dark,2159100,0,0,0,2,0,0,0,0,2,,0,0,Wellington Region,Nil,2-way,Sealed,0,0,0,0,50,0,On,0,0,,47,Wellington City,Nil,0,0,0,0,0,0,Urban,0,0,0,Fine,Null
1822582,5528472,19155,,563101,0,,0,2,,Null,2008/2009,MARNE ST,PALM AVENUE,,Non-Injury Crash,No,2009,,South,,0,,Flat,,,,,,Bright sun,1812400,0,0,0,2,,,0,,,,,,Manawatū-Whanganui Region,Nil,2-way,Sealed,,0,0,,50,,Null,0,0,,40,Palmerston North City,Give way,,,,,0,0,Urban,0,,,Fine,Null
1748350,5427758,19156,,573000,0,,0,2,,South,2008/2009,SH 1N,NORTH PORTAL SBD,,Non-Injury Crash,Yes,2009,,South,,0,,Flat,,,,,,Bright sun,2126900,0,0,0,2,,,0,,,,,,Wellington Region,Nil,2-way,Sealed,,0,0,,80,,Null,0,0,,47,Wellington City,Nil,,,,,0,0,Open,0,,,Fine,Null
1807099,5556674,19157,65,559230,0,0,0,1,1,East,2008/2009,KAKARIKI ROAD,SH 1N,,Non-Injury Crash,No,2009,0,West,0,0,0,Flat,0,,0,,0,Overcast,1732200,0,0,0,3,0,0,0,0,0,,0,0,Manawatū-Whanganui Region,Nil,2-way,Sealed,0,0,0,0,100,0,Null,0,0,,38,Rangitikei District,Nil,0,0,0,0,0,0,Open,0,0,0,Fine,Null
1756666,5452889,19158,,571900,0,0,0,1,0,West,2009/2010,AIRLIE ROAD,COROGLEN RISE,,Non-Injury Crash,No,2009,0,West,0,0,1,Hill Road,0,,0,,0,Bright sun,2066705,0,0,0,2,0,0,0,0,0,,0,0,Wellington Region,Nil,2-way,Sealed,0,0,0,0,60,0,Null,0,0,,44,Porirua City,Nil,0,1,0,0,0,0,Urban,0,0,0,Fine,Null
1744330,5915705,19159,,513013,0,0,0,1,0,Null,2009/2010,HENDERSON VALLEY ROAD,FOREST HILL ROAD,,Non-Injury Crash,No,2009,0,North,0,0,1,Flat,0,,0,,0,Overcast,281401,0,0,0,2,0,0,0,0,0,,0,0,Auckland Region,Nil,2-way,Sealed,0,0,0,0,50,0,Null,0,0,,76,Auckland,Give way,0,0,0,0,0,0,Urban,0,0,0,Light rain,Null
1935868,5619344,19160,,546600,0,,0,2,,Null,2008/2009,NUFFIELD AVENUE,NASH ST,,Non-Injury Crash,No,2009,,North,,0,,Flat,,,,,,Twilight,1435500,0,0,0,2,,,0,,,,,,Hawke's Bay Region,Nil,2-way,Sealed,,0,0,,50,,Off,0,0,,31,Napier City,Give way,,,,,0,0,Urban,0,,,Fine,Null
1749061,5429129,19161,,572900,0,,0,2,,Null,2008/2009,MURPHY ST,PIPITEA ST,,Non-Injury Crash,No,2009,,South,,0,,Flat,,,,,,Overcast,2119200,0,0,0,2,,,0,,,,,,Wellington Region,Nil,2-way,Sealed,,0,0,,50,,Null,0,0,,47,Wellington City,Traffic Signals,,,,,0,0,Urban,0,,,Light rain,Null
1756327,5920544,19162,,514102,0,,0,1,,Null,2009/2010,VICTORIA ST WEST,UNION ST,,Non-Injury Crash,No,2009,,West,,0,,Flat,,,,,,Overcast,432700,0,0,0,5,,,0,,,,,,Auckland Region,Nil,2-way,Sealed,,0,0,,50,,Off,1,0,,76,Auckland,Traffic Signals,,,,,0,0,Urban,0,,,Fine,Null
1406183,4917722,19163,,603100,0,,0,1,,West,2008/2009,COBDEN ST,HERIOT ROW,,Minor Crash,No,2009,,East,,0,,Flat,,,,,,Overcast,2904000,1,0,1,2,,,0,,,,,,Otago Region,Nil,2-way,Sealed,,0,0,,50,,Null,0,0,,71,Dunedin City,Unknown,,,,,0,0,Urban,0,,,Fine,Null