X,Y,OBJECTID,advisorySpeed,areaUnitID,bicycle,bridge,bus,carStationWagon,cliffBank,crashDirectionDescription,crashFinancialYear,crashLocation1,crashLocation2,crashRoadSideRoad,crashSeverity,crashSHDescription,crashYear,debris,directionRoleDescription,ditch,fatalCount,fence,flatHill,guardRail,holiday,houseOrBuilding,intersection,kerb,light,meshblockId,minorInjuryCount,moped,motorcycle,NumberOfLanes,objectThrownOrDropped,otherObject,otherVehicleType,overBank,parkedVehicle,pedestrian,phoneBoxEtc,postOrPole,region,roadCharacter,roadLane,roadSurface,roadworks,schoolBus,seriousInjuryCount,slipOrFlood,speedLimit,strayAnimal,streetLight,suv,taxi,temporarySpeedLimit,tlaId,tlaName,trafficControl,trafficIsland,trafficSign,train,tree,truck,unknownVehicleType,urban,vanOrUtility,vehicle,waterRiver,weatherA,weatherB
1773999,5472774,19164,,563703,0,,0,2,,Null,2009/2010,SH 1N,ELIZABETH ST,,Non-Injury Crash,Yes,2009,,South,,0,,Flat,,,,,,Dark,1876300,0,0,0,4,,,0,,,,,,Wellington Region,Nil,2-way,Sealed,,0,0,,50,,On,0,0,,43,Kapiti Coast District,Traffic Signals,,,,,0,0,Urban,0,,,Fine,Null
1749229,5427153,19165,,573101,0,,0,2,,East,2009/2010,ALLEN ST,COURTENAY PLACE,,Non-Injury Crash,No,2009,,North,,0,,Flat,,,,,,Dark,2135700,0,0,0,2,,,0,,,,,,Wellington Region,Nil,2-way,Sealed,,0,0,,50,,On,0,1,,47,Wellington City,Nil,,,,,0,0,Urban,0,,,Light rain,Null
1768985,5468601,19166,,566000,0,0,0,2,0,Null,2009/2010,KAPITI LIGHTS,SH 1N,,Non-Injury Crash,Yes,2009,0,East,0,0,0,Flat,0,,0,,0,Dark,2003709,0,0,0,2,0,0,0,0,1,,0,0,Wellington Region,Nil,2-way,Sealed,0,0,0,0,50,0,On,0,0,,43,Kapiti Coast District,Give way,0,0,0,0,0,0,Urban,0,0,0,Fine,Null
1745100,5434439,19167,,577700,0,,0,1,,North,2008/2009,TAKARAU GORGE ROAD,MAKARA ROAD,,Non-Injury Crash,No,2009,,East,,0,,Flat,,Easter,,,,Twilight,2116500,0,0,0,2,,,0,,,,,,Wellington Region,Nil,2-way,Sealed,,0,0,,60,,None,0,0,,47,Wellington City,Nil,,,,,0,0,Urban,1,,,Fine,Null
1755921,5926807,19168,,508620,0,0,0,0,0,North,2008/2009,SUNNYBRAE ROAD,NORTHCOTE ROAD,,Non-Injury Crash,No,2009,0,North,0,0,0,Hill Road,0,,1,,0,Bright sun,204701,0,0,0,2,0,0,0,0,0,,0,0,Auckland Region,Nil,2-way,Sealed,0,0,0,0,50,0,Null,0,0,,76,Auckland,Unknown,0,0,0,0,0,0,Urban,1,0,0,Fine,Null
1837821,5679211,19169,,541501,0,0,0,1,0,South,2009/2010,SH 47,SH 41,,Non-Injury Crash,Yes,2009,0,North,0,0,0,Hill Road,0,,0,,0,Overcast,1288804,0,0,0,2,0,1,0,0,0,,0,0,Waikato Region,Nil,2-way,Sealed,0,0,0,0,100,0,Null,0,0,,21,Taupo District,Unknown,0,0,0,0,0,0,Open,0,0,0,Light rain,Null
1929905,5605001,19170,,548200,0,,0,2,,Null,2008/2009,QUEEN ST EAST,RUSSELL ST NORTH,,Non-Injury Crash,No,2009,,West,,0,,Flat,,,,,,Bright sun,1492200,0,0,0,2,,,0,,,,,,Hawke's Bay Region,Nil,2-way,Sealed,,0,0,,50,,Null,0,0,,30,Hastings District,Traffic Signals,,,,,0,0,Urban,0,,,Fine,Null
2036133,5711407,19171,,544200,0,,0,0,,South,2009/2010,MARY ST,PATRICK ST,,Non-Injury Crash,No,2009,,North,,0,,Flat,,,,,,Overcast,1376900,0,0,0,2,,,0,,,,,,Gisborne Region,Nil,2-way,Sealed,,0,0,,50,,Null,1,0,,28,Gisborne District,Nil,,,,,0,0,Urban,1,,,Light rain,Null
1761903,5438054,19172,,568402,0,,0,1,,West,2008/2009,FAIRWAY DRIVE,HARCOURT WERRY DRIVE,,Non-Injury Crash,No,2009,,West,,0,,Flat,,,,,,Dark,1942702,0,0,0,2,,,0,,,,,,Wellington Region,Nil,2-way,Sealed,,0,0,,50,,Off,0,0,,46,Lower Hutt City,Nil,,,,,0,0,Urban,1,,,Light rain,Null
1745063,5917750,19173,,510700,0,,0,2,,Null,2008/2009,GREAT NORTH ROAD,LINCOLN ROAD,,Non-Injury Crash,No,2009,,North,,0,,Hill Road,,,,,,Overcast,239501,0,0,0,5,,,0,,,,,,Auckland Region,Nil,2-way,Sealed,,0,0,,50,,Null,0,0,,76,Auckland,Traffic Signals,,,,,0,0,Urban,0,,,Fine,Null
1571370,5180041,19174,,591700,0,,0,2,,Null,2008/2009,HEREFORD ST,BARBADOES ST,,Non-Injury Crash,No,2009,,West,,0,,Flat,,,,,,Dark,2658000,0,0,0,2,,,0,,,,,,Canterbury Region,Nil,2-way,Sealed,,0,0,,50,,On,0,0,,60,Christchurch City,Traffic Signals,,,,,0,0,Urban,0,,,Fine,Null
1807047,5556484,19175,,559230,0,0,0,1,0,North,2008/2009,KAKARIKI ROAD,SH 1N,,Non-Injury Crash,No,2009,0,North,1,0,0,Hill Road,0,,0,,0,Overcast,1732200,0,0,0,2,0,0,0,0,0,,0,0,Manawatū-Whanganui Region,Nil,2-way,Sealed,0,0,0,0,100,0,Null,0,0,,38,Rangitikei District,Nil,0,0,0,0,0,0,Open,0,0,0,Light rain,Null
1815448,5541194,19176,,561422,0,0,0,1,1,North,2008/2009,AWAHURI FEILDING ROAD,STEWART ROAD,,Non-Injury Crash,No,2009,0,South,0,0,0,Hill Road,0,,0,,0,Overcast,1789101,0,0,0,2,0,0,0,0,0,,0,0,Manawatū-Whanganui Region,Nil,2-way,Sealed,0,0,0,0,100,0,Null,0,0,,39,Manawatu District,Nil,0,0,0,0,0,0,Open,0,0,0,Heavy rain,Null
1933348,5619361,19177,,547400,0,,0,1,,Null,2008/2009,SH 50 TARADALE,SH 2B,,Non-Injury Crash,Yes,2009,,West,,0,,Flat,,,,,,Bright sun,1448700,0,0,0,2,,,0,,,,,,Hawke's Bay Region,Nil,2-way,Sealed,,0,0,,50,,Null,0,0,,31,Napier City,Nil,,,,,0,0,Urban,1,,,Fine,Null
1718933,6046164,19178,,503000,0,,0,1,,North,2009/2010,SH 1N,SELWYN AVENUE,,Non-Injury Crash,Yes,2009,,North,,0,,Flat,,,,,,Bright sun,97600,0,0,0,2,,,0,,,,,,Northland Region,Nil,2-way,Sealed,,0,0,,70,,Off,1,0,,2,Whangarei District,Nil,,,,,0,0,Urban,0,,,Fine,Null
1750341,5432513,19179,,574304,0,0,0,1,0,East,2008/2009,CASHMERE AVENUE,AGRA CRESCENT,,Non-Injury Crash,No,2009,0,East,0,0,0,Hill Road,0,,0,,0,Dark,2089400,0,0,0,2,0,0,0,0,1,,0,0,Wellington Region,Nil,2-way,Sealed,0,0,0,0,50,0,On,0,0,,47,Wellington City,Nil,0,0,0,0,1,0,Urban,0,0,0,Fine,Null
1747154,5428304,19180,,575200,0,,1,1,,East,2008/2009,NORTHLAND ROAD,FARM ROAD,,Non-Injury Crash,No,2009,,East,,0,,Flat,,,,,,Twilight,2150200,0,0,0,2,,,0,,,,,,Wellington Region,Nil,2-way,Sealed,,0,0,,50,,On,0,0,,47,Wellington City,Nil,,,,,0,0,Urban,0,,,Fine,Null
1877637,5761907,19181,70,538850,0,0,0,1,1,North,2009/2010,SH 30,COLLIER ROAD,,Non-Injury Crash,Yes,2009,0,North,0,0,0,Flat,0,Christmas New Year,0,,0,Overcast,1263900,0,0,0,2,0,0,0,0,0,,0,0,Waikato Region,Nil,2-way,Sealed,0,0,0,0,100,0,Null,0,0,,24,Rotorua District,Unknown,0,0,0,0,0,0,Open,0,0,0,Fine,Null
1885561,5563249,19182,,549000,0,0,0,1,0,South,2008/2009,TAKAPAU ORMONDVILLE ROAD,CHARLOTTE ST,,Non-Injury Crash,No,2009,0,North,1,0,0,Flat,0,Easter,0,,0,Dark,1518600,0,0,0,2,0,0,0,0,0,,0,0,Hawke's Bay Region,Nil,2-way,Sealed,0,0,0,0,100,0,None,0,0,,32,Central Hawke's Bay District,Nil,0,0,0,0,0,0,Open,0,0,0,Fine,Null
1765031,5904685,19183,,522100,0,0,0,0,0,Null,2008/2009,PUHINUI ROAD,KENDERDINE ROAD,,Non-Injury Crash,No,2009,0,South,0,0,1,Flat,0,,0,,0,Overcast,660300,0,0,0,2,0,0,0,0,0,,0,0,Auckland Region,Nil,2-way,Sealed,0,0,0,0,80,0,Off,0,0,,76,Auckland,Give way,0,0,0,0,0,0,Open,1,0,0,Fine,Null
1789628,5826821,19184,,528200,0,,0,0,,North,2009/2010,NGARUAWAHIA ROAD,SAULBREY ROAD,,Non-Injury Crash,No,2009,,North,,0,,Hill Road,,,,,,Overcast,976101,0,0,0,2,,,0,,,,,,Waikato Region,Nil,2-way,Sealed,,0,0,,100,,Off,1,0,,13,Waikato District,Nil,,,,,1,0,Open,0,,,Fine,Null
1800083,5812053,19185,,529200,0,0,0,1,0,Null,2009/2010,YVONNE ST,CRICKET PLACE,,Non-Injury Crash,No,2009,0,East,0,0,0,Flat,0,,0,,0,Bright sun,927700,0,0,0,1,0,0,0,0,1,,0,0,Waikato Region,Nil,2-way,Sealed,0,0,0,0,50,0,None,0,0,,16,Hamilton City,Nil,0,0,0,0,1,0,Urban,0,0,0,Fine,Null
1933856,5619068,19186,,547400,0,,0,1,,Null,2008/2009,TRINITY CRESCENT,KENNEDY ROAD,,Non-Injury Crash,No,2009,,East,,0,,Flat,,,,,,Overcast,1449000,0,0,0,2,,,0,,,,,,Hawke's Bay Region,Nil,2-way,Sealed,,0,0,,50,,Null,1,0,,31,Napier City,Give way,,,,,0,0,Urban,0,,,Light rain,Null
1826509,5539682,19187,,560422,0,0,0,1,0,East,2008/2009,REID LINE EAST,DIXONS LINE,,Non-Injury Crash,No,2009,0,South,0,0,1,Hill Road,0,,0,,0,Dark,1759500,0,0,0,2,0,0,0,1,0,,0,0,Manawatū-Whanganui Region,Nil,2-way,Sealed,0,0,0,0,100,0,None,0,0,,39,Manawatu District,Nil,0,0,0,0,0,0,Open,0,0,0,Fine,Null
1933460,5619445,19188,,547400,0,,0,0,,Null,2009/2010,SH 50,TRINITY CRESCENT,,Non-Injury Crash,Yes,2009,,South,,0,,Flat,,,,,,Bright sun,1448700,0,0,0,2,,,0,,,,,,Hawke's Bay Region,Nil,2-way,Sealed,,0,0,,50,,Null,1,0,,31,Napier City,Give way,,,,,1,0,Urban,0,,,Fine,Null
1799669,5792754,19189,,527924,0,,0,1,,West,2009/2010,PIRONGIA ROAD,ALEXANDRA ST,,Non-Injury Crash,No,2009,,West,,0,,Flat,,,,,,Bright sun,981600,0,0,0,2,,,0,,,,,,Waikato Region,Nil,2-way,Sealed,,0,0,,100,,Null,1,0,,17,Waipa District,Unknown,,,,,0,0,Open,0,,,Fine,Null
1570881,5180372,19190,,591500,0,,0,1,,South,2008/2009,MANCHESTER ST,ARMAGH ST,,Non-Injury Crash,No,2009,,South,,0,,Flat,,,,,,Overcast,2652600,0,0,0,2,,,0,,,,,,Canterbury Region,Nil,2-way,Sealed,,0,0,,50,,Null,1,0,,60,Christchurch City,Unknown,,,,,0,0,Urban,0,,,Fine,Null
1757334,5943802,19191,,505902,0,,0,2,,East,2009/2010,WHANGAPARAOA ROAD,SUNDOWN AVENUE,,Non-Injury Crash,No,2009,,West,,0,,Flat,,,,,,Overcast,174613,0,0,0,2,,,0,,,,,,Auckland Region,Nil,2-way,Sealed,,0,0,,50,,Off,0,0,,76,Auckland,Nil,,,,,0,0,Urban,0,,,Fine,Null
1790397,5580778,19192,,558300,0,0,0,0,1,East,2008/2009,KAUKATEA VALLEY ROAD,NO 3 LINE,,Non-Injury Crash,No,2009,0,East,0,0,0,Flat,0,,0,,0,Bright sun,1685400,0,0,0,2,0,0,0,0,0,,0,0,Manawatū-Whanganui Region,Nil,2-way,Unsealed,0,0,0,0,100,0,Null,0,0,,37,Whanganui District,Nil,0,0,0,0,0,0,Open,2,0,0,Fine,Null
1754932,5923693,19193,,510500,0,0,0,3,1,South,2009/2010,HINEMOA ST,AWANUI ST,,Non-Injury Crash,No,2009,0,North,0,0,0,Hill Road,0,,0,,0,Dark,357000,0,0,0,2,0,0,0,0,1,,0,0,Auckland Region,Nil,2-way,Sealed,0,0,0,0,50,0,On,0,0,,76,Auckland,Nil,0,0,0,0,0,0,Urban,0,0,0,Fine,Null
1838120,5449187,19194,,578402,0,,0,1,,South,2008/2009,NGAUMU ROAD,MOTUKAI ROAD,,Non-Injury Crash,No,2009,,South,,0,,Flat,,,,,,Bright sun,2256600,0,0,0,2,,,0,,,,,,Wellington Region,Nil,2-way,Unsealed,,0,0,,100,,Null,0,0,,48,Masterton District,Nil,,,,,0,0,Open,1,,,Fine,Null
1765454,5441665,19195,,569600,0,0,0,0,0,North,2009/2010,SH 2,SH 58,,Non-Injury Crash,Yes,2009,0,South,0,0,0,Flat,0,,0,,0,Dark,1917000,0,0,0,4,0,0,0,0,0,,0,1,Wellington Region,Nil,2-way,Sealed,0,0,0,0,100,0,On,1,0,,46,Lower Hutt City,Traffic Signals,0,0,0,0,0,0,Open,0,0,0,Heavy rain,Null
1928562,5606491,19196,,547800,0,0,0,1,0,South,2009/2010,OMAHU ROAD,HAPUKA ST,,Non-Injury Crash,No,2009,0,North,0,0,0,Flat,0,,1,,0,Dark,1477700,0,0,0,2,0,0,0,0,0,,0,0,Hawke's Bay Region,Nil,2-way,Sealed,0,0,0,0,50,0,On,0,0,,30,Hastings District,Nil,0,0,0,0,0,0,Urban,0,0,0,Fine,Null
2036796,5708833,19197,,544600,0,,0,2,,Null,2008/2009,GLADSTONE ROAD,CARNARVON ST,,Non-Injury Crash,No,2009,,East,,0,,Flat,,,,,,Bright sun,1373900,0,0,0,2,,,0,,,,,,Gisborne Region,Nil,2-way,Sealed,,0,0,,50,,Null,0,0,,28,Gisborne District,Give way,,,,,0,0,Urban,0,,,Fine,Null
1565098,5179500,19198,,587701,0,,0,2,,North,2008/2009,SH 73,HILLARY CRESCENT N,,Non-Injury Crash,Yes,2009,,South,,0,,Flat,,,,,,Overcast,2477000,0,0,0,2,,,0,,,,,,Canterbury Region,Nil,2-way,Sealed,,0,0,,50,,Null,1,0,,60,Christchurch City,Unknown,,,,,0,0,Urban,0,,,Fine,Null
1934716,5618825,19199,,546500,0,0,0,1,0,North,2008/2009,PERCY BEAR TERRACE,PLOWMAN CRESCENT,,Non-Injury Crash,No,2009,0,North,0,0,1,Flat,0,,0,,0,Twilight,1441800,0,0,0,2,0,0,0,0,0,,0,0,Hawke's Bay Region,Nil,2-way,Sealed,0,0,0,0,50,0,Off,0,0,,31,Napier City,Nil,0,0,0,0,0,0,Urban,0,0,0,Fine,Null
1709520,5618470,19200,,554010,0,,0,2,,North,2009/2010,GLOVER ROAD,TURUTURU ROAD,,Non-Injury Crash,No,2009,,South,,0,,Flat,,,,,,Overcast,1641200,0,0,0,2,,,0,,,,,,Taranaki Region,Nil,2-way,Sealed,,0,0,,50,,Null,0,0,,35,South Taranaki District,Nil,,,,,0,0,Urban,0,,,Fine,Null
1756407,5924530,19201,,509702,0,0,0,1,0,North,2005/2006,SH 1N,OLD ONEWA OBR,,Minor Crash,Yes,2006,0,North,1,0,0,Flat,0,,0,,0,Bright sun,366700,1,0,0,3,0,0,0,0,0,,0,0,Auckland Region,Nil,1-way,Sealed,0,0,0,0,100,0,Off,0,0,,76,Auckland,Nil,0,0,0,0,0,0,Open,0,0,0,Fine,Null
1767792,5904302,19202,,524604,0,0,0,1,0,East,2005/2006,MANUKAU ON NBD,CLIST CRESCENT,,Minor Crash,Yes,2006,0,West,0,0,0,Flat,0,,0,,0,Dark,780302,1,0,0,2,0,0,0,0,0,,0,1,Auckland Region,Nil,2-way,Sealed,0,0,0,0,50,0,On,0,0,,76,Auckland,Nil,0,0,0,1,0,0,Urban,0,0,0,Fine,Null
1759475,5916430,19203,,516002,0,0,0,2,0,South,2006/2007,SH 1N,OMAHU OBR,,Minor Crash,Yes,2006,0,South,0,0,0,Hill Road,0,,0,,0,Dark,492000,2,0,0,3,0,0,0,0,0,,0,1,Auckland Region,Nil,1-way,Sealed,0,0,0,0,100,0,On,0,0,,76,Auckland,Nil,0,0,0,0,0,0,Open,0,0,0,Fine,Null
1822533,5801308,19204,,535241,0,0,0,1,0,East,2005/2006,SH 1N,HICKEY ROAD,,Minor Crash,Yes,2006,0,North,0,0,0,Flat,0,,0,,0,Dark,1122700,1,0,0,3,0,0,0,0,0,,0,0,Waikato Region,Nil,2-way,Sealed,0,0,0,0,100,0,None,0,0,,17,Waipa District,Unknown,0,0,0,0,0,0,Open,0,0,1,Fine,Null
1888810,5774094,19205,,538741,0,,0,1,,Null,2006/2007,SH 30,BRENT ROAD,,Serious Crash,Yes,2006,,West,,0,,Flat,,,,,,Dark,1254410,0,0,1,2,,,0,,,,,,Bay of Plenty Region,Nil,2-way,Sealed,,0,1,,60,,On,0,0,,24,Rotorua District,Give way,,,,,0,0,Urban,0,,,Fine,Null
1745876,5913967,19206,,511001,0,0,0,1,0,East,2006/2007,WEST COAST ROAD,WAIKAUKAU ROAD,,Serious Crash,No,2006,0,West,0,0,0,Hill Road,0,,0,,0,Bright sun,282602,1,0,0,2,0,0,0,0,0,,0,1,Auckland Region,Nil,2-way,Sealed,0,0,2,0,50,0,Null,0,0,,76,Auckland,Unknown,0,0,0,0,0,0,Urban,0,0,0,Fine,Null
1765057,5910281,19207,,521801,0,,0,0,,North,2006/2007,SH 1N,PRINCES OBR,,Minor Crash,Yes,2006,,North,,0,,Flat,,Christmas New Year,,,,Overcast,787700,1,0,1,3,,,0,,,,,,Auckland Region,Nil,1-way,Sealed,,0,0,,100,,Off,0,0,,76,Auckland,Nil,,,,,0,0,Open,0,,,Light rain,Null
1755613,5924637,19208,,509800,0,,0,2,,Null,2006/2007,ONEWA ROAD,QUEEN ST,,Minor Crash,No,2006,,West,,0,,Flat,,,,,,Dark,360300,4,0,0,4,,,0,,,,,,Auckland Region,Nil,2-way,Sealed,,0,0,,50,,On,0,0,,76,Auckland,Traffic Signals,,,,,0,0,Urban,0,,,Fine,Null
1817355,5460008,19209,,579502,0,,0,1,,South,2006/2007,SH 2,WILTONS ROAD,,Fatal Crash,Yes,2006,,West,,1,,Flat,,,,,,Dark,2262500,0,0,0,2,,,0,,,1,,,Wellington Region,Nil,2-way,Sealed,,0,0,,100,,None,0,0,,49,Carterton District,Nil,,,,,0,0,Open,0,,,Fine,Null
1745641,5913931,19210,,511001,0,,0,2,,East,2006/2007,WEST COAST ROAD,WOODBANK DRIVE,,Fatal Crash,No,2006,,West,,1,,Flat,,,,,,Overcast,282400,0,0,0,2,,,0,,,,,,Auckland Region,Nil,2-way,Sealed,,0,1,,50,,Off,0,0,,76,Auckland,Nil,,,,,0,0,Urban,1,,,Fine,Null
1885153,5773133,19211,,540600,0,0,0,4,0,Null,2005/2006,FENTON ST,MALFROY ROAD,,Minor Crash,No,2006,0,North,0,0,0,Flat,0,,0,,0,Overcast,1243100,1,0,0,4,0,0,0,0,1,,0,0,Bay of Plenty Region,Nil,2-way,Sealed,0,0,0,0,50,0,Null,0,0,,24,Rotorua District,Give way,0,0,0,0,0,0,Urban,0,0,0,Light rain,Null
1743016,5922236,19212,,513512,0,,0,1,,East,2005/2006,TRIANGLE ROAD,DON BUCK ROAD,,Minor Crash,No,2006,,North,,0,,Hill Road,,,,,,Overcast,224900,1,0,0,2,,,0,,,,,,Auckland Region,Nil,2-way,Sealed,,0,0,,50,,Off,1,0,,76,Auckland,Nil,,,,,0,0,Urban,0,,,Light rain,Null
1953958,5790427,19213,,542514,0,0,0,0,0,West,2005/2006,OHOPE ROAD,POHUTUKAWA AVENUE,,Minor Crash,No,2006,0,West,0,0,0,Hill Road,0,,0,,0,Overcast,1294103,2,0,0,3,0,1,0,0,0,,0,0,Bay of Plenty Region,Nil,2-way,Sealed,0,0,0,0,70,0,Null,1,0,,25,Whakatane District,Unknown,0,0,0,0,0,0,Urban,0,0,0,Fine,Null
1738689,5701701,19214,,550700,0,0,0,1,0,South,2005/2006,SH 3,HILLS ROAD,,Fatal Crash,Yes,2006,0,South,0,1,0,Flat,0,,0,,0,Overcast,1552600,1,0,0,2,0,0,0,1,0,,0,0,Taranaki Region,Nil,2-way,Sealed,0,0,0,0,100,0,Null,0,0,,33,New Plymouth District,Nil,0,0,0,0,1,0,Open,0,0,1,Light rain,Null
1768347,5905302,19215,,523722,0,,0,2,,West,2005/2006,TE IRIRANGI DRIVE,LEILA PLACE,,Minor Crash,No,2006,,West,,0,,Flat,,,,,,Overcast,715911,1,0,0,2,,,0,,,,,,Auckland Region,Nil,2-way,Sealed,,0,0,,50,,Off,0,0,,76,Auckland,Stop,,,,,0,0,Urban,1,,,Light rain,Null
1728661,5924013,19216,,506654,0,,0,1,,West,2005/2006,MOTUTARA ROAD,MURIWAI ROAD,,Minor Crash,No,2006,,North,,0,,Flat,,,,,,Bright sun,218901,1,0,0,1,,,0,,,,,,Auckland Region,Nil,2-way,Sealed,,0,0,,50,,Off,0,0,,76,Auckland,Nil,,,,,0,0,Urban,1,,,Fine,Null
1744522,5914865,19217,,512903,0,0,0,2,0,East,2005/2006,BRUCE MCLAREN ROAD,APPLEWOOD DRIVE,,Minor Crash,No,2006,0,South,0,0,0,Flat,0,,0,,0,Dark,278005,1,0,0,2,0,0,0,0,1,,0,0,Auckland Region,Nil,2-way,Sealed,0,0,0,0,50,0,On,0,0,,76,Auckland,Nil,0,0,0,0,0,0,Urban,0,0,0,Fine,Null
1765839,5919112,19218,,516700,0,,0,1,,Null,2006/2007,ST HELIERS BAY ROAD,MASKELL ST,,Minor Crash,No,2006,,North,,0,,Flat,,,,,,Bright sun,510901,1,0,0,2,,,0,,,1,,,Auckland Region,Nil,2-way,Sealed,,0,0,,50,,Off,0,0,,76,Auckland,Traffic Signals,,,,,0,0,Urban,0,,,Fine,Null
1801745,5815893,19219,,530100,0,,0,1,,Null,2006/2007,TE AROHA ST,NEW ST,,Serious Crash,No,2006,,West,,0,,Flat,,,,,,Bright sun,895100,0,0,1,2,,,0,,,,,,Waikato Region,Nil,2-way,Sealed,,0,1,,50,,Null,0,0,,16,Hamilton City,Nil,,,,,0,0,Urban,0,,,Fine,Null
1751527,5916404,19220,,514401,0,,0,0,,Null,2008/2009,GREAT NORTH ROAD,BLOCKHOUSE BAY ROAD,,Non-Injury Crash,No,2009,,West,,0,,Flat,,,,,,Bright sun,383600,0,0,0,1,,,0,,,,,,Auckland Region,Nil,2-way,Sealed,,0,0,,50,,Null,0,0,,76,Auckland,Traffic Signals,,,,,0,0,Urban,2,,,Fine,Null
1884577,5774016,19221,,540410,0,,0,1,,East,2008/2009,PUKUATUA ST,RANOLF ST,,Non-Injury Crash,No,2009,,West,,0,,Hill Road,,,,,,Overcast,1231900,0,0,0,3,,,0,,,,,,Bay of Plenty Region,Nil,2-way,Sealed,,0,0,,50,,Null,0,0,,24,Rotorua District,Give way,,,,,0,0,Urban,1,,,Fine,Null
1747542,5919520,19222,,512402,0,,0,2,,East,2008/2009,SH 16,TE ATATU OFF WBD,,Non-Injury Crash,Yes,2009,,West,,0,,Flat,,,,,,Overcast,253700,0,0,0,4,,,0,,,,,,Auckland Region,Nil,1-way,Sealed,,0,0,,100,,Null,0,0,,76,Auckland,Nil,,,,,0,0,Open,0,,,Light rain,Null
1758832,5917226,19223,,516001,0,0,0,0,0,North,2008/2009,SH 1N,MARKET OBR,,Non-Injury Crash,Yes,2009,0,North,0,0,0,Flat,1,,0,,0,Overcast,491000,0,0,0,3,0,0,0,0,0,,0,0,Auckland Region,Nil,1-way,Sealed,0,0,0,0,100,0,Null,1,0,,76,Auckland,Unknown,0,0,0,0,0,0,Open,2,0,0,Light rain,Null
1744474,5918169,19224,,510700,0,,0,0,,East,2006/2007,SWANSON ROAD,RATHGAR ROAD,,Non-Injury Crash,No,2006,,East,,0,,Flat,,,,,,Overcast,239200,0,0,0,4,,,0,,,,,,Auckland Region,Nil,2-way,Sealed,,0,0,,50,,Off,1,0,,76,Auckland,Nil,,,,,1,0,Urban,0,,,Heavy rain,Null
1749213,5426770,19225,,573101,0,,0,3,,North,2006/2007,CAMBRIDGE TERRACE,VIVIAN ST,,Fatal Crash,No,2006,,North,,1,,Flat,,,,,,Dark,2136500,0,0,0,3,,,0,,,1,,,Wellington Region,Nil,2-way,Sealed,,0,0,,50,,On,0,0,,47,Wellington City,Nil,,,,,0,0,Urban,0,,,Fine,Null
1863234,5695172,19226,,541346,0,0,0,1,0,North,2006/2007,SH 1N,HINEMAIAIA BR,,Non-Injury Crash,Yes,2006,0,South,1,0,0,Hill Road,0,,0,,0,Dark,1281602,0,0,0,3,0,0,0,0,0,,0,0,Waikato Region,Nil,2-way,Sealed,0,0,0,0,100,0,None,0,0,,21,Taupo District,Unknown,0,0,0,0,0,0,Open,0,0,0,Mist or Fog,Frost
1758858,5436152,19227,,569201,0,0,0,2,0,North,2006/2007,PHARAZYN ST,BRIDGE ST,,Minor Crash,No,2006,0,North,0,0,0,Flat,0,,0,,0,Dark,1925500,1,0,0,2,0,0,0,0,1,,0,0,Wellington Region,Nil,2-way,Sealed,0,0,0,0,50,0,On,0,0,,46,Lower Hutt City,Nil,0,0,0,0,0,0,Urban,0,0,0,Fine,Null
1756224,5920931,19228,,514101,0,0,0,2,0,North,2006/2007,SH 1N,FANSHAWE OBR,,Non-Injury Crash,Yes,2006,0,South,0,0,0,Flat,1,,0,,0,Bright sun,432400,0,0,0,4,0,0,0,0,0,,0,0,Auckland Region,Nil,1-way,Sealed,0,0,0,0,80,0,Off,0,0,,76,Auckland,Nil,0,0,0,0,0,0,Open,0,0,0,Fine,Null
1803875,5790811,19229,,531002,0,0,0,2,0,South,2006/2007,MUTU ST,MAHOE ST,,Non-Injury Crash,No,2006,0,South,0,0,0,Flat,0,,0,,0,Bright sun,971300,0,0,0,2,0,0,0,0,1,,0,0,Waikato Region,Nil,2-way,Sealed,0,0,0,0,50,0,Null,0,0,,17,Waipa District,Unknown,0,0,0,0,0,0,Urban,0,0,0,Fine,Null
1752523,5933630,19230,,508701,0,,0,2,,West,2005/2006,Z CPK PAK N SAVE,MERCARI WAY,,Non-Injury Crash,No,2006,,South,,0,,Flat,,,,,,Bright sun,178900,0,0,0,0,,,0,,,,,,Auckland Region,Nil,Off road,Sealed,,0,0,,50,,Off,0,0,,76,Auckland,Nil,,,,,0,0,Urban,0,,,Fine,Null
1734880,5929974,19231,,505605,0,,0,0,,West,2005/2006,SH 16,FOSTER ROAD,,Minor Crash,Yes,2006,,West,,0,,Flat,,,,,,Dark,216102,1,0,0,2,,,0,,,,,,Auckland Region,Nil,2-way,Sealed,,0,0,,100,,None,1,0,,76,Auckland,Nil,,,,,0,0,Open,0,,,Heavy rain,Null
1798901,5556891,19232,,559230,0,0,0,1,0,West,2005/2006,SH 3,NEUMANS LINE,,Non-Injury Crash,Yes,2006,0,West,0,0,1,Flat,0,,0,,0,Twilight,1733300,0,0,0,2,0,0,0,0,0,,0,0,Manawatū-Whanganui Region,Nil,2-way,Sealed,0,0,0,0,100,0,None,0,0,,38,Rangitikei District,Nil,0,0,0,1,0,0,Open,0,0,0,Fine,Null
1800856,5814746,19233,,529100,0,,0,0,,North,2005/2006,PEMBROKE ST,THACKERAY ST,,Non-Injury Crash,No,2006,,North,,0,,Flat,,,,,,Bright sun,931100,0,0,0,4,,,0,,,1,,,Waikato Region,Nil,2-way,Sealed,,0,0,,50,,Null,1,0,,16,Hamilton City,Unknown,,,,,0,0,Urban,0,,,Fine,Null