X,Y,OBJECTID,advisorySpeed,areaUnitID,bicycle,bridge,bus,carStationWagon,cliffBank,crashDirectionDescription,crashFinancialYear,crashLocation1,crashLocation2,crashRoadSideRoad,crashSeverity,crashSHDescription,crashYear,debris,directionRoleDescription,ditch,fatalCount,fence,flatHill,guardRail,holiday,houseOrBuilding,intersection,kerb,light,meshblockId,minorInjuryCount,moped,motorcycle,NumberOfLanes,objectThrownOrDropped,otherObject,otherVehicleType,overBank,parkedVehicle,pedestrian,phoneBoxEtc,postOrPole,region,roadCharacter,roadLane,roadSurface,roadworks,schoolBus,seriousInjuryCount,slipOrFlood,speedLimit,strayAnimal,streetLight,suv,taxi,temporarySpeedLimit,tlaId,tlaName,trafficControl,trafficIsland,trafficSign,train,tree,truck,unknownVehicleType,urban,vanOrUtility,vehicle,waterRiver,weatherA,weatherB
1779516,5576989,19234,,558300,0,0,0,0,0,West,2005/2006,NO 2 LINE,OKOIA ROAD,,Non-Injury Crash,No,2006,0,East,0,0,0,Flat,0,,0,,0,Dark,1686700,0,0,0,2,0,0,0,0,0,,0,0,Manawatū-Whanganui Region,Nil,2-way,Sealed,0,0,0,0,100,0,None,0,0,,37,Whanganui District,Nil,0,0,0,0,0,0,Open,1,0,0,Fine,Null
1822221,5528555,19235,,563101,0,,0,2,,North,2006/2007,FITZHERBERT AVENUE,HUNTINGTON LANE,,Minor Crash,No,2006,,South,,0,,Flat,,,,,,Overcast,1810900,1,0,0,4,,,0,,,,,,Manawatū-Whanganui Region,Nil,2-way,Sealed,,0,0,,50,,Null,0,0,,40,Palmerston North City,Nil,,,,,0,0,Urban,0,,,Fine,Null
1789266,5828228,19236,,528200,0,,0,1,,North,2006/2007,DURHAM ST,ELLERY ST,,Minor Crash,No,2006,,North,,0,,Flat,,,,,,Twilight,856004,1,0,0,2,,,0,,,1,,,Waikato Region,Nil,2-way,Sealed,,0,0,,50,,On,0,0,,13,Waikato District,Unknown,,,,,0,0,Urban,0,,,Fine,Null
1802374,5791336,19237,,531001,0,0,0,1,0,Null,2006/2007,PAKURA ST,ALEXANDRA ST,,Non-Injury Crash,No,2006,0,East,0,0,1,Flat,0,,0,,0,Dark,969100,0,0,0,2,0,0,0,0,0,,0,0,Waikato Region,Nil,2-way,Sealed,0,0,0,0,50,0,On,0,0,,17,Waipa District,Nil,0,0,0,1,0,0,Urban,0,0,0,Light rain,Null
1570757,5196380,19238,,586503,0,,0,0,,Null,2005/2006,ISLAND ROAD,GILES ROAD,,Minor Crash,No,2006,,East,,0,,Flat,,,,,,Bright sun,2454901,1,0,1,2,,,0,,,,,,Canterbury Region,Nil,2-way,Sealed,,0,0,,70,,Null,1,0,,59,Waimakariri District,Stop,,,,,0,0,Urban,0,,,Fine,Null
1775069,5908845,19239,,523202,0,,0,0,,Null,2005/2006,WHITFORD PARK ROAD,SANDSTONE ROAD,,Fatal Crash,No,2006,,North,,1,,Flat,,,,,,Bright sun,717600,0,0,1,2,,,0,,,,,,Auckland Region,Nil,2-way,Sealed,,0,0,,100,,Null,0,0,,76,Auckland,Stop,,,,,0,0,Open,1,,,Fine,Null
1763112,5916015,19240,,516302,0,0,0,0,0,West,2005/2006,ABBOTTS WAY,NGAHUE DRIVE,,Serious Crash,No,2006,0,West,0,0,0,Flat,0,,0,,1,Dark,463708,0,1,0,2,0,0,0,0,0,,0,1,Auckland Region,Nil,2-way,Sealed,0,0,1,0,50,0,On,0,0,,76,Auckland,Nil,0,0,0,0,0,0,Urban,0,0,0,Fine,Null
1682139,6099272,19241,,501633,0,0,0,1,0,North,2006/2007,VALENCIA LANE,WAIMATE NORTH ROAD,,Minor Crash,No,2006,0,East,1,0,0,Hill Road,0,,0,,0,Dark,34101,1,0,0,2,0,0,0,0,0,,0,0,Northland Region,Nil,2-way,Sealed,0,0,0,0,100,0,None,0,0,,1,Far North District,Nil,0,0,0,0,0,0,Open,0,0,0,Fine,Null
1784721,5614700,19242,,558300,0,0,0,0,0,North,2005/2006,WHANGANUI RIVER ROAD,MATAHIWI TRACK,,Fatal Crash,No,2006,0,North,0,1,0,Hill Road,0,,0,,0,Bright sun,1688100,0,0,0,1,0,0,0,1,0,,0,0,Manawatū-Whanganui Region,Nil,2-way,Unsealed,0,0,1,0,100,0,Null,1,0,,37,Whanganui District,Nil,0,0,0,1,0,0,Open,0,0,0,Fine,Null
2035376,5710843,19243,,544900,1,,0,1,,Null,2005/2006,NELSON ROAD,LYTTON ROAD,,Minor Crash,No,2006,,North,,0,,Flat,,,,,,Bright sun,1376602,1,0,0,2,,,0,,,,,,Gisborne Region,Nil,2-way,Sealed,,0,0,,50,,Null,0,0,,28,Gisborne District,Give way,,,,,0,0,Urban,0,,,Fine,Null
1798652,5813956,19244,,528900,0,0,0,0,0,North,2005/2006,HIGGINS ROAD,DUKE ST,,Minor Crash,No,2006,0,North,0,0,0,Flat,0,,0,,0,Bright sun,916401,1,0,0,2,0,0,0,0,1,,0,0,Waikato Region,Nil,2-way,Sealed,0,0,0,0,50,0,Off,0,0,,16,Hamilton City,Nil,0,0,0,0,1,0,Urban,1,0,0,Fine,Null
1751157,5723850,19245,,531710,0,0,0,1,0,North,2006/2007,SH 3,AWAKINO TUNNEL,,Minor Crash,Yes,2006,0,West,0,0,0,Flat,0,,0,,0,Bright sun,1016800,1,0,0,2,0,0,0,1,0,,0,0,Waikato Region,Nil,2-way,Sealed,0,0,0,0,100,0,Null,0,0,,20,Waitomo District,Unknown,0,1,0,0,0,0,Open,0,0,1,Fine,Null
1790663,5840061,19246,,527402,0,,0,1,,Null,2005/2006,SH 1N,TAINUI BRIDGE ROAD,,Minor Crash,Yes,2006,,North,,0,,Flat,,,,,,Bright sun,947100,1,0,0,2,,,0,,,,,,Waikato Region,Nil,2-way,Sealed,,0,0,,50,,Null,0,0,,13,Waikato District,Traffic Signals,,,,,0,0,Urban,1,,,Fine,Null
1936236,5620976,19247,,546901,0,,0,1,,East,2005/2006,KENNEDY ROAD,OWEN ST,,Minor Crash,No,2006,,East,,0,,Flat,,,,,,Dark,1429500,1,1,0,2,,,0,,,,,,Hawke's Bay Region,Nil,2-way,Sealed,,0,0,,50,,On,0,0,,31,Napier City,Nil,,,,,0,0,Urban,0,,,Fine,Null
1305248,4931386,19248,,607502,0,,0,0,,North,2005/2006,AITCHISON RUNS ROAD,MACKAY ROAD,,Fatal Crash,No,2006,,South,,1,,Flat,,,,,,Overcast,3010900,1,0,0,2,,,1,,,,,,Otago Region,Nil,2-way,Unsealed,,0,2,,100,,Null,0,0,,72,Clutha District,Nil,,,,,0,0,Open,1,,,Heavy rain,Strong wind
1766566,5906452,19249,,522302,0,,0,2,,Null,2005/2006,KIMPTON ROAD,TUI ROAD,,Minor Crash,No,2006,,South,,0,,Flat,,,,,,Overcast,668901,1,0,0,2,,,0,,,1,,,Auckland Region,Nil,2-way,Sealed,,0,0,,50,,Off,0,0,,76,Auckland,Give way,,,,,0,0,Urban,0,,,Fine,Null
1770068,5917126,19250,,522601,1,,0,1,,Null,2005/2006,BUCKLANDS BEACH ROAD,TAKUTAI AVENUE,,Minor Crash,No,2006,,North,,0,,Hill Road,,,,,,Bright sun,676602,1,0,0,2,,,0,,,,,,Auckland Region,Nil,2-way,Sealed,,0,0,,50,,Off,0,0,,76,Auckland,Give way,,,,,0,0,Urban,0,,,Fine,Null
1702743,6092627,19251,,501620,0,0,0,0,0,West,2006/2007,AUCKS ROAD,TE WAHAPU ROAD,,Serious Crash,No,2006,0,West,0,0,0,Flat,0,,0,,0,Bright sun,48410,0,0,0,2,0,0,0,1,0,,0,0,Northland Region,Nil,2-way,Sealed,0,0,1,0,100,0,None,0,0,,1,Far North District,Nil,0,0,0,1,0,0,Open,1,0,0,Fine,Null
1849763,5854936,19252,,534200,0,,0,1,,Null,2006/2007,FRANKTON ROAD,PUKEKAURI ROAD,,Minor Crash,No,2006,,West,,0,,Flat,,,,,,Overcast,1084200,1,0,0,2,,,0,,,,,,Waikato Region,Nil,2-way,Sealed,,0,0,,100,,None,0,0,,12,Hauraki District,Nil,,,,,0,0,Open,1,,,Fine,Null
1777117,5910110,19253,,523202,0,0,0,1,0,Null,2005/2006,WHITFORD-MARAETAI ROAD,CLIFTON ROAD,,Minor Crash,No,2006,0,South,0,0,0,Flat,0,,0,,0,Dark,718203,1,0,0,2,0,0,0,0,1,,0,0,Auckland Region,Nil,2-way,Sealed,0,0,0,0,100,0,None,0,0,,76,Auckland,Nil,0,0,0,0,1,0,Open,0,0,0,Fine,Null
1764989,5916801,19254,,517201,0,0,0,1,0,Null,2006/2007,MERTON ROAD,FELTON MATHEW AVENUE,,Minor Crash,No,2006,0,East,0,0,0,Flat,0,,0,,0,Dark,464200,1,0,0,2,0,0,0,0,0,,0,0,Auckland Region,Nil,2-way,Sealed,0,0,0,0,50,0,On,0,0,,76,Auckland,Give way,1,0,0,1,0,0,Urban,0,0,0,Fine,Null
1765513,5900388,19255,,524822,0,0,0,2,0,East,2005/2006,BURUNDI AVENUE,BALWYN PLACE,,Minor Crash,No,2006,0,West,0,0,0,Flat,0,,0,,0,Dark,774424,2,0,0,2,0,0,0,0,1,,0,0,Auckland Region,Nil,2-way,Sealed,0,0,0,0,50,0,On,0,0,,76,Auckland,Nil,0,0,0,0,0,0,Urban,0,0,0,Light rain,Null
1763377,5882097,19256,,521121,0,0,0,1,1,North,2005/2006,PATUMAHOE ROAD,GUN CLUB ROAD,,Minor Crash,No,2006,0,North,0,0,0,Flat,0,,0,,0,Dark,825500,2,0,0,2,0,0,0,0,0,,0,0,Auckland Region,Nil,2-way,Sealed,0,0,0,0,100,0,None,0,0,,76,Auckland,Nil,0,0,0,0,0,0,Open,0,0,0,Fine,Null
1240447,4857107,19257,,610051,0,0,0,1,0,Null,2005/2006,SH 99,STEEL ROAD,,Minor Crash,Yes,2006,0,East,0,0,0,Flat,0,,0,,0,Overcast,3080800,1,0,0,2,0,0,0,1,0,,0,1,Southland Region,Nil,2-way,Sealed,0,0,0,0,100,0,Null,0,0,,73,Southland District,Stop,0,0,0,0,0,0,Open,0,0,0,Light rain,Null
1670253,6071811,19258,,501634,0,,0,0,,East,2005/2006,WAIMATENUI ROAD,WHIU ROAD,,Fatal Crash,No,2006,,East,,1,,Flat,,,,,,Dark,38900,0,0,0,2,,,0,,,,,,Northland Region,Nil,2-way,Unsealed,,0,0,,100,,None,0,0,,1,Far North District,Nil,,,,,1,0,Open,1,,,Light rain,Null
1767552,5899058,19259,,525102,0,,0,2,,East,2005/2006,MAHIA ROAD,SOUTHVIEW PLACE,,Non-Injury Crash,No,2006,,East,,0,,Flat,,,,,,Dark,772902,0,0,0,2,,,0,,,,,,Auckland Region,Nil,2-way,Sealed,,0,0,,50,,On,0,0,,76,Auckland,Unknown,,,,,0,0,Urban,0,,,Fine,Null
1572564,5182151,19260,,593200,0,,0,2,,Null,2006/2007,NORTH PARADE,AVERILL ST,,Serious Crash,No,2006,,North,,0,,Flat,,,,,,Bright sun,2698400,0,0,0,1,,,0,,,,,,Canterbury Region,Nil,2-way,Sealed,,0,1,,50,,Null,0,0,,60,Christchurch City,Traffic Signals,,,,,0,0,Urban,0,,,Fine,Null
1622246,5430966,19261,,582402,0,0,0,1,0,North,2005/2006,WASHINGTON ROAD,MOUNT VERNON PLACE,,Minor Crash,No,2006,0,South,0,0,0,Hill Road,0,,0,,1,Bright sun,2325800,1,0,0,2,0,0,0,0,0,,0,1,Nelson Region,Nil,2-way,Sealed,0,0,0,0,50,0,Null,0,0,,52,Nelson City,Nil,0,0,0,0,0,0,Urban,0,0,0,Fine,Null
1788248,5856885,19262,,527210,0,,0,1,,Null,2005/2006,SH 1N,TE KAUWHATA ROAD,,Non-Injury Crash,Yes,2006,,South,,0,,Flat,,,,,,Bright sun,936001,0,0,0,3,,,0,,,,,,Waikato Region,Nil,2-way,Sealed,,0,0,,100,,Null,0,0,,13,Waikato District,Give way,,,,,1,0,Open,0,,,Fine,Null
1903640,5533823,19263,,549602,0,0,0,0,0,South,2005/2006,PORANGAHAU ROAD,MANGAORAPA ROAD,,Minor Crash,No,2006,0,South,0,0,0,Flat,0,,0,,0,Dark,1527301,2,0,0,2,0,0,0,1,0,,0,0,Hawke's Bay Region,Nil,2-way,Sealed,0,0,0,0,100,0,None,0,0,,32,Central Hawke's Bay District,Nil,0,0,0,0,0,0,Open,1,0,0,Fine,Null
1765417,5920057,19264,,516700,1,0,0,1,0,West,2005/2006,TAMAKI DRIVE,GOLDIE ST,,Minor Crash,No,2006,0,East,0,0,0,Flat,0,,0,,0,Bright sun,509100,1,0,0,1,0,0,0,0,0,,0,0,Auckland Region,Nil,2-way,Sealed,0,0,0,0,50,0,Off,0,0,,76,Auckland,Nil,0,0,0,0,0,0,Urban,0,1,0,Fine,Null
1744470,5915091,19265,,513013,0,,0,1,,North,2005/2006,FARWOOD DRIVE,BRUCE MCLAREN ROAD,,Minor Crash,No,2006,,North,,0,,Hill Road,,,,,,Bright sun,281513,1,0,1,2,,,0,,,,,,Auckland Region,Nil,2-way,Sealed,,0,0,,50,,Off,0,0,,76,Auckland,Nil,,,,,0,0,Urban,0,,,Fine,Null
1565365,5182139,19266,,589700,0,0,0,1,0,North,2005/2006,WAIMAIRI ROAD,WENTWORTH ST,,Minor Crash,No,2006,0,South,0,0,0,Flat,0,,0,,0,Dark,2536500,1,0,0,2,0,0,0,0,0,,0,0,Canterbury Region,Nil,2-way,Unsealed,1,0,0,0,50,0,On,0,0,30,60,Christchurch City,Nil,0,0,0,0,0,0,Urban,0,0,0,Fine,Null
1754504,5918270,19267,,517600,0,,0,1,,Null,2006/2007,MOUNTAIN VIEW ROAD,LEVONIA ST,,Minor Crash,No,2006,,South,,0,,Flat,,,,,,Bright sun,533100,1,0,0,2,,,0,,,1,,,Auckland Region,Nil,2-way,Sealed,,0,0,,50,,Off,0,0,,76,Auckland,Stop,,,,,0,0,Urban,0,,,Fine,Null
1890658,5818702,19268,,536642,0,0,0,1,1,West,2006/2007,TE PUKE HIGHWAY,BELL ROAD,,Minor Crash,No,2006,0,North,0,0,0,Flat,0,,0,,0,Bright sun,1206501,1,0,0,4,0,0,0,0,0,,0,0,Bay of Plenty Region,Nil,2-way,Sealed,0,0,0,0,100,0,Null,0,0,,22,Western Bay of Plenty District,Stop,0,0,0,0,0,0,Open,1,0,0,Fine,Null
1570886,5179553,19269,,591500,0,,0,1,,Null,2006/2007,ST ASAPH ST,MANCHESTER ST,,Minor Crash,No,2006,,West,,0,,Flat,,,,,,Dark,2649400,1,0,0,2,,,0,,,1,,,Canterbury Region,Nil,1-way,Sealed,,0,0,,50,,On,0,0,,60,Christchurch City,Traffic Signals,,,,,0,0,Urban,0,,,Fine,Null
1799443,5813218,19270,,528900,0,0,0,1,0,East,2005/2006,SH 1N,GREENLEA LANE,,Non-Injury Crash,Yes,2006,0,East,0,0,0,Flat,0,,0,,0,Dark,916402,0,0,0,2,0,0,0,0,0,,0,1,Waikato Region,Rail xing,2-way,Sealed,0,0,0,0,60,0,On,0,0,,16,Hamilton City,Nil,0,0,0,0,0,0,Urban,0,0,0,Fine,Null
1349102,4874765,19271,,607400,1,,0,1,,Null,2005/2006,SH 1S,HASBOROUGH PLACE,,Serious Crash,Yes,2006,,South,,0,,Flat,,,,,,Dark,2991800,0,0,0,2,,,0,,,,,,Otago Region,Nil,2-way,Sealed,,0,1,,50,,On,0,0,,72,Clutha District,Give way,,,,,0,0,Urban,0,,,Light rain,Null
1562346,5177746,19272,,587500,0,,0,2,,Null,2005/2006,SPRINGS ROAD,AMYES ROAD,,Minor Crash,No,2006,,East,,0,,Flat,,,,,,Dark,2490700,1,0,0,2,,,0,,,,,,Canterbury Region,Nil,2-way,Sealed,,0,0,,50,,On,0,0,,60,Christchurch City,Give way,,,,,0,0,Urban,0,,,Light rain,Null
1769655,5901838,19273,,523814,0,0,0,1,0,East,2005/2006,HILL ROAD,WHITBOURNE HEIGHTS,,Non-Injury Crash,No,2006,0,East,0,0,1,Flat,0,,0,,0,Dark,760702,0,0,0,2,0,0,0,0,0,,0,0,Auckland Region,Motorway ramp,2-way,Sealed,0,0,0,0,50,0,On,0,0,,76,Auckland,Traffic Signals,0,0,0,0,0,0,Urban,0,0,0,Light rain,Null
1413447,4944193,19274,,601603,0,0,0,1,0,South,2006/2007,SH 1S,APES ROAD,,Serious Crash,Yes,2006,0,South,0,0,1,Hill Road,0,,0,,0,Dark,2857001,0,0,0,2,0,0,0,0,0,,0,0,Otago Region,Nil,2-way,Sealed,0,0,1,0,100,0,None,0,0,,71,Dunedin City,Unknown,0,0,0,0,0,0,Open,0,0,0,Fine,Frost
1754872,5931776,19275,,508805,0,,0,2,,East,2005/2006,CONSTELLATION DRIVE,PARKWAY DRIVE E,,Non-Injury Crash,No,2006,,East,,0,,Flat,,,,,,Bright sun,180826,0,0,0,4,,,0,,,,,,Auckland Region,Nil,2-way,Sealed,,0,0,,50,,Off,0,0,,76,Auckland,Nil,,,,,0,0,Urban,0,,,Fine,Null
1570885,5179817,19276,,591500,1,0,0,1,0,South,2005/2006,MANCHESTER ST,CASHEL ST,,Serious Crash,No,2006,0,South,0,0,0,Flat,0,,0,,0,Bright sun,2651800,0,0,0,2,0,0,0,0,1,,0,0,Canterbury Region,Nil,2-way,Sealed,0,0,1,0,50,0,Null,0,1,,60,Christchurch City,Unknown,0,0,0,0,0,0,Urban,0,0,0,Fine,Null
1892180,5783737,19277,,538820,0,,0,1,,Null,2006/2007,SH 33,NGARETA ROAD,,Fatal Crash,Yes,2006,,North,,1,,Flat,,,,,,Dark,1252300,0,0,0,2,,,0,,,1,,,Bay of Plenty Region,Nil,2-way,Sealed,,0,0,,70,,On,0,0,,24,Rotorua District,Nil,,,,,0,0,Urban,0,,,Fine,Null
1764172,5912356,19278,,520500,0,,0,3,,South,2006/2007,MT WGTN OFF NBD,MOUNT WELLINGTON HIGHWAY,,Minor Crash,Yes,2006,,West,,0,,Flat,,,,,,Bright sun,639500,1,0,0,1,,,0,,,,,,Auckland Region,Nil,1-way,Sealed,,0,0,,100,,Off,0,0,,76,Auckland,Nil,,,,,0,0,Open,0,,,Fine,Null
1679655,5662435,19279,,551112,0,,0,1,,West,2005/2006,UPPER PITONE ROAD,ALBION ROAD,,Serious Crash,No,2006,,South,,0,,Hill Road,,,,,,Bright sun,1554700,0,0,1,2,,,0,,,,,,Taranaki Region,Nil,2-way,Sealed,,0,1,,100,,Null,0,0,,33,New Plymouth District,Nil,,,,,0,0,Open,0,,,Fine,Null
1855444,5790007,19280,,535232,0,0,0,1,1,West,2005/2006,SH 5,WAIOHOTU ROAD,,Minor Crash,Yes,2006,0,West,0,0,0,Flat,0,,0,,0,Dark,1127701,1,0,0,2,0,0,0,0,0,,0,0,Waikato Region,Nil,2-way,Unsealed,0,0,0,0,100,0,None,0,0,50,19,South Waikato District,Nil,0,0,0,0,0,0,Open,0,0,0,Fine,Null
1668561,5322562,19281,,581500,0,0,0,1,0,South,2005/2006,SH 1S,OHAU STREAM CULV,,Minor Crash,Yes,2006,0,South,0,0,0,Hill Road,0,,0,,0,Overcast,2314600,1,0,0,2,0,1,0,0,0,,0,0,Canterbury Region,Nil,2-way,Sealed,0,0,0,0,100,0,Null,0,0,,54,Kaikoura District,Nil,0,0,0,0,0,0,Open,0,0,0,Fine,Null
1769381,5901033,19282,,524902,0,,0,2,,Null,2006/2007,ALFRISTON ROAD,CLAUDE ROAD,,Minor Crash,No,2006,,East,,0,,Flat,,,,,,Twilight,757700,2,0,0,2,,,0,,,,,,Auckland Region,Nil,2-way,Sealed,,0,0,,50,,Off,0,0,,76,Auckland,Give way,,,,,0,0,Urban,0,,,Fine,Null
1753538,5912036,19283,,518901,0,,0,2,,North,2005/2006,HILLSBOROUGH ROAD,THE AVENUE,,Non-Injury Crash,No,2006,,North,,0,,Hill Road,,,,,,Dark,586300,0,0,0,2,,,0,,,,,,Auckland Region,Nil,2-way,Sealed,,0,0,,50,,On,0,0,,76,Auckland,Unknown,,,,,0,0,Urban,0,,,Fine,Null
1825729,5886908,19284,,533501,0,,0,1,,Null,2006/2007,POLLEN ST,WALTER ST,,Minor Crash,No,2006,,South,,0,,Hill Road,,,,,,Bright sun,1050700,1,0,1,2,,,0,,,,,,Waikato Region,Nil,2-way,Sealed,,0,0,,50,,Null,0,0,,11,Thames-Coromandel District,Stop,,,,,0,0,Urban,0,,,Fine,Null
1881191,5829007,19285,,536810,1,,0,1,,South,2006/2007,MAUNGANUI ROAD,GROVE AVENUE,,Minor Crash,No,2006,,North,,0,,Flat,,Christmas New Year,,,,Overcast,1196200,1,0,0,2,,,0,,,,,,Bay of Plenty Region,Nil,2-way,Sealed,,0,0,,50,,Null,0,0,,23,Tauranga City,Give way,,,,,0,0,Urban,0,,,Fine,Null
1758245,5909045,19286,,524001,0,0,0,1,0,North,2005/2006,WALLACE ROAD,CREAMERY ROAD,,Minor Crash,No,2006,0,North,0,0,0,Flat,0,,0,,0,Overcast,725300,1,0,0,2,0,0,0,0,1,,0,0,Auckland Region,Nil,2-way,Sealed,0,0,0,0,50,0,Null,1,0,,76,Auckland,Unknown,0,0,0,0,0,0,Urban,0,0,0,Light rain,Null
1261154,4963485,19287,,610020,0,0,0,1,1,South,2006/2007,SH 6,ALLANDALE ROAD,,Minor Crash,Yes,2006,0,South,0,0,0,Flat,0,,0,,0,Bright sun,3040602,1,0,0,2,0,0,0,0,0,,0,0,Southland Region,Nil,2-way,Sealed,0,0,0,0,100,0,Null,0,0,,73,Southland District,Unknown,0,0,0,0,0,0,Open,0,0,0,Fine,Null
1885183,5774000,19288,,540410,0,,0,2,,North,2005/2006,FENTON ST,PUKUATUA ST,,Non-Injury Crash,No,2006,,North,,0,,Flat,,,,,,Overcast,1233800,0,0,0,2,,,0,,,,,,Bay of Plenty Region,Nil,2-way,Sealed,,0,0,,50,,Null,0,0,,24,Rotorua District,Stop,,,,,0,0,Urban,0,,,Fine,Null
1753652,5934251,19289,,508804,0,0,0,2,0,East,2005/2006,SPENCER ROAD,MAIDSTONE PLACE,,Non-Injury Crash,No,2006,0,East,0,0,0,Hill Road,0,,0,,0,Bright sun,180612,0,0,0,2,0,0,0,0,1,,0,0,Auckland Region,Nil,2-way,Sealed,0,0,0,0,50,0,Off,0,0,,76,Auckland,Nil,0,0,0,0,0,0,Urban,0,0,0,Fine,Null
1766401,5906796,19290,,522302,0,0,0,2,0,North,2005/2006,Z CPK FOODTOWN,HIGHLAND PARK DRIVE,,Non-Injury Crash,No,2006,0,West,0,0,0,Flat,0,,0,,0,Bright sun,668200,0,0,0,0,0,0,0,0,1,,0,0,Auckland Region,Nil,Off road,Sealed,0,0,0,0,30,0,Off,0,0,,76,Auckland,Nil,0,0,0,0,0,0,Urban,0,0,0,Fine,Null
1881786,5828675,19291,,536810,0,,0,2,,Null,2005/2006,OCEANVIEW ROAD,TERRACE AVENUE,,Non-Injury Crash,No,2006,,North,,0,,Flat,,,,,,Twilight,1196600,0,0,0,2,,,0,,,,,,Bay of Plenty Region,Nil,2-way,Sealed,,0,0,,50,,On,0,0,,23,Tauranga City,Give way,,,,,0,0,Urban,0,,,Light rain,Null
1764142,5914345,19292,,520303,0,,0,0,,South,2005/2006,MOUNT WELLINGTON HIGHWAY,MALONE ROAD,,Non-Injury Crash,No,2006,,South,,0,,Flat,,,,,,Overcast,627600,0,0,0,4,,,0,,,,,,Auckland Region,Nil,2-way,Sealed,,0,0,,50,,Null,1,0,,76,Auckland,Unknown,,,,,1,0,Urban,0,,,Fine,Null
1759046,5903782,19293,,524200,0,,0,2,,Null,2005/2006,GEORGE BOLT MEMORIAL DRIV,MANU TAPU DRIVE,,Non-Injury Crash,No,2006,,North,,0,,Flat,,,,,,Twilight,727200,0,0,0,4,,,0,,,,,,Auckland Region,Nil,2-way,Sealed,,0,0,,50,,Off,0,0,,76,Auckland,Nil,,,,,0,0,Urban,0,,,Fine,Null
1867935,5713863,19294,,541720,0,0,0,2,0,East,2005/2006,RAWHITI ST,KAIMANAWA ST,,Non-Injury Crash,No,2006,0,West,0,0,0,Flat,0,,0,,0,Dark,1272500,0,0,0,2,0,0,0,0,1,,0,0,Waikato Region,Nil,2-way,Sealed,0,0,0,0,50,0,On,0,0,,21,Taupo District,Nil,0,0,0,0,0,0,Urban,0,0,0,Fine,Null
1889244,5820830,19295,,536517,0,,0,2,,Null,2005/2006,SH 2,DOMAIN ROAD,,Non-Injury Crash,Yes,2006,,North,,0,,Flat,,,,,,Dark,1205060,0,0,0,2,,,0,,,,,,Bay of Plenty Region,Nil,2-way,Sealed,,0,0,,100,,On,0,0,,23,Tauranga City,Stop,,,,,0,0,Open,0,,,Fine,Null
1765893,5916553,19296,,517100,0,0,0,2,0,South,2005/2006,HOLLAND AVENUE,POINT ENGLAND ROAD,,Non-Injury Crash,No,2006,0,South,0,0,0,Flat,0,Christmas New Year,0,,0,Bright sun,477500,0,0,0,2,0,0,0,0,1,,0,0,Auckland Region,Nil,2-way,Sealed,0,0,0,0,50,0,Off,0,0,,76,Auckland,Nil,0,0,0,0,0,0,Urban,0,0,0,Fine,Null
1429689,4991487,19297,,600826,0,,0,2,,East,2005/2006,MACLEAN ROAD,SH 1S,,Minor Crash,No,2006,,West,,0,,Hill Road,,,,,,Bright sun,2833500,3,0,0,2,,,0,,,,,,Otago Region,Nil,2-way,Unsealed,,0,0,,100,,Null,0,0,,68,Waitaki District,Unknown,,,,,0,0,Open,0,,,Fine,Null
1385574,5104543,19298,,600323,0,0,0,0,0,South,2006/2007,SH 8,MARY BURN BR,,Minor Crash,Yes,2006,0,South,0,0,1,Flat,0,,0,,0,Dark,2814500,1,0,0,2,0,0,0,0,0,,0,0,Canterbury Region,Nil,2-way,Sealed,0,0,0,0,100,0,None,1,0,,65,Mackenzie District,Unknown,0,0,0,0,0,0,Open,0,0,0,Fine,Frost
1823478,5828407,19299,,534500,0,,0,2,,Null,2005/2006,MORRINSVILLE WALTON ROAD,KURANUI ROAD,,Non-Injury Crash,No,2006,,East,,0,,Flat,,,,,,Bright sun,1100400,0,0,0,2,,,0,,,,,,Waikato Region,Nil,2-way,Sealed,,0,0,,100,,Null,0,0,,15,Matamata-Piako District,Give way,,,,,0,0,Open,0,,,Fine,Null
1789371,5854885,19300,,527210,0,,0,1,,North,2006/2007,SH 1N,TE ONETEA STM BR,,Minor Crash,Yes,2006,,North,,0,,Flat,,,,,,Overcast,936002,1,0,0,2,,,0,,,,,,Waikato Region,Nil,2-way,Sealed,,0,0,,100,,None,0,0,,13,Waikato District,Nil,,,,,0,0,Open,1,,,Fine,Null
1450168,5293930,19301,,584912,0,,0,1,,North,2006/2007,SH 6,JACKS ROAD,,Minor Crash,Yes,2006,,South,,0,,Flat,,Labour Weekend,,,,Bright sun,2413600,1,0,0,2,,,0,,,,,,West Coast Region,Nil,2-way,Sealed,,0,0,,70,,Null,1,0,,56,Grey District,Nil,,,,,0,0,Urban,0,,,Fine,Null
1566708,5182765,19302,,589100,0,,0,1,,Null,2005/2006,CLYDE ROAD,AORANGI ROAD,,Minor Crash,No,2006,,South,,0,,Flat,,,,,,Overcast,2515700,1,1,0,2,,,0,,,,,,Canterbury Region,Nil,2-way,Sealed,,0,0,,50,,Null,0,0,,60,Christchurch City,Stop,,,,,0,0,Urban,0,,,Fine,Null
1772661,5895777,19303,,525410,0,0,0,2,0,North,2006/2007,EAST ST,SOUTH ST,,Serious Crash,No,2006,0,South,0,0,0,Flat,0,,0,,0,Dark,792504,0,0,0,2,0,0,0,0,1,,0,0,Auckland Region,Nil,2-way,Sealed,0,0,1,0,50,0,On,0,0,,76,Auckland,Nil,0,0,0,0,0,0,Urban,0,0,0,Fine,Null