X,Y,OBJECTID,advisorySpeed,areaUnitID,bicycle,bridge,bus,carStationWagon,cliffBank,crashDirectionDescription,crashFinancialYear,crashLocation1,crashLocation2,crashRoadSideRoad,crashSeverity,crashSHDescription,crashYear,debris,directionRoleDescription,ditch,fatalCount,fence,flatHill,guardRail,holiday,houseOrBuilding,intersection,kerb,light,meshblockId,minorInjuryCount,moped,motorcycle,NumberOfLanes,objectThrownOrDropped,otherObject,otherVehicleType,overBank,parkedVehicle,pedestrian,phoneBoxEtc,postOrPole,region,roadCharacter,roadLane,roadSurface,roadworks,schoolBus,seriousInjuryCount,slipOrFlood,speedLimit,strayAnimal,streetLight,suv,taxi,temporarySpeedLimit,tlaId,tlaName,trafficControl,trafficIsland,trafficSign,train,tree,truck,unknownVehicleType,urban,vanOrUtility,vehicle,waterRiver,weatherA,weatherB
1825537,5568542,19304,35,559700,0,0,0,0,0,South,2006/2007,SH 54,TAPUAE ROAD,,Serious Crash,Yes,2006,0,North,0,0,1,Hill Road,0,,0,,0,Overcast,1777000,0,0,0,2,0,0,0,1,0,,0,0,Manawatū-Whanganui Region,Nil,2-way,Sealed,0,0,1,0,100,0,Null,0,0,,39,Manawatu District,Nil,0,0,0,0,1,0,Open,0,0,0,Light rain,Null
1764926,5887005,19305,,521122,0,,0,2,,West,2005/2006,GLENBROOK ROAD,OSTRICH ROAD,,Minor Crash,No,2006,,West,,0,,Hill Road,,,,,,Bright sun,809900,1,0,0,2,,,0,,,,,,Auckland Region,Nil,2-way,Sealed,,0,0,,100,,Off,0,0,,76,Auckland,Nil,,,,,0,0,Open,0,,,Fine,Null
1402263,4920826,19306,,602500,0,0,0,1,1,North,2005/2006,FLAGSTAFF-WHARE FLAT ROAD,THREE MILE HILL ROAD,,Serious Crash,No,2006,0,South,0,0,0,Hill Road,0,,0,,0,Twilight,2978800,1,0,0,2,0,0,0,0,0,,0,0,Otago Region,Nil,2-way,Unsealed,0,0,1,0,100,0,None,0,0,,71,Dunedin City,Unknown,0,0,0,0,0,0,Open,0,0,0,Fine,Null
1961674,5692145,19307,,545205,0,,0,1,,West,2005/2006,SH 38,WAIHI ROAD,,Minor Crash,Yes,2006,,South,,0,,Hill Road,,,,,,Overcast,1394804,1,0,0,2,,,0,,,,,,Hawke's Bay Region,Nil,2-way,Unsealed,,0,0,,100,,Null,0,0,,29,Wairoa District,Nil,,,,,1,0,Open,0,,,Light rain,Null
1760706,5908094,19308,,524405,0,0,0,2,0,North,2006/2007,ROBERTSON ROAD,MCKINSTRY AVENUE,,Minor Crash,No,2006,0,North,0,0,0,Flat,0,,0,,1,Bright sun,730704,1,0,0,2,0,0,0,0,0,,0,0,Auckland Region,Nil,2-way,Sealed,0,0,0,0,60,0,Off,0,0,,76,Auckland,Nil,0,0,0,0,0,0,Urban,0,0,0,Fine,Null
1755251,5924720,19309,,509800,0,,0,2,,Null,2005/2006,ONEWA ROAD,WOODSIDE AVENUE,,Minor Crash,No,2006,,East,,0,,Hill Road,,,,,,Overcast,360200,1,0,0,3,,,0,,,,,,Auckland Region,Nil,2-way,Sealed,,0,0,,50,,Null,0,0,,76,Auckland,Give way,,,,,0,0,Urban,0,,,Light rain,Null
1757513,5920362,19310,,514103,0,,0,2,,South,2005/2006,KITCHENER ST,VICTORIA ST EAST,,Non-Injury Crash,No,2006,,North,,0,,Hill Road,,,,,,Overcast,437102,0,0,0,2,,,0,,,,,,Auckland Region,Nil,1-way,Sealed,,0,0,,50,,Off,0,0,,76,Auckland,Traffic Signals,,,,,0,0,Urban,0,,,Fine,Null
1854785,5899657,19311,,533602,2,,0,1,,North,2006/2007,PAUANUI BOULEVARD,THE DUNES,,Minor Crash,No,2006,,North,,0,,Flat,,Labour Weekend,,,,Bright sun,1060103,2,0,0,2,,,0,,,,,,Waikato Region,Nil,2-way,Sealed,,0,0,,50,,Null,0,0,,11,Thames-Coromandel District,Unknown,,,,,0,0,Urban,0,,,Fine,Null
1573389,5180050,19312,,593501,1,,1,0,,Null,2005/2006,LINWOOD AVENUE,HEREFORD ST,,Minor Crash,No,2006,,West,,0,,Flat,,,,,,Dark,2605500,1,0,0,3,,,0,,,,,,Canterbury Region,Nil,2-way,Sealed,,0,0,,50,,None,0,0,,60,Christchurch City,Traffic Signals,,,,,0,0,Urban,0,,,Light rain,Null
1755655,5922477,19313,,509800,0,,0,3,,Null,2005/2006,SH 1N,TOP OF HARBOUR BRIDGE,,Non-Injury Crash,Yes,2006,,North,,0,,Hill Road,,,,,,Dark,359300,0,0,0,2,,,0,,,,,,,Nil,1-way,Sealed,,0,0,,80,,On,0,0,,76,Auckland,Nil,,,,,0,0,Open,0,,,Fine,Null
1752546,5954175,19314,,506201,0,0,0,1,1,South,2005/2006,HIBISCUS COAST HIGHWAY,WAIWERA OBR,,Minor Crash,No,2006,0,North,0,0,0,Hill Road,0,,0,,0,Dark,176204,1,0,0,2,0,0,0,0,0,,0,0,Auckland Region,Nil,2-way,Sealed,0,0,0,0,80,0,None,0,0,,76,Auckland,Nil,0,0,0,1,0,0,Open,0,0,0,Fine,Null
1804619,5789742,19315,,531004,0,0,0,2,0,East,2006/2007,RAIKES AVENUE,HAZELMERE CRESCENT,,Minor Crash,No,2006,0,East,0,0,0,Flat,0,,0,,0,Bright sun,974904,1,0,0,2,0,0,0,0,1,,0,0,Waikato Region,Nil,2-way,Sealed,0,0,0,0,50,0,Null,0,0,,17,Waipa District,Unknown,0,0,0,0,0,0,Urban,0,0,0,Fine,Null
1753944,5934662,19316,,508704,0,,0,2,,South,2005/2006,EAST COAST ROAD,MULGAN WAY,,Non-Injury Crash,No,2006,,South,,0,,Hill Road,,,,,,Dark,179134,0,0,0,2,,,0,,,,,,Auckland Region,Nil,2-way,Sealed,,0,0,,50,,On,0,0,,76,Auckland,Nil,,,,,0,0,Urban,0,,,Fine,Null
1878106,5819264,19317,,537800,0,0,0,1,0,North,2006/2007,SH 29,POIKE ROAD,,Serious Crash,Yes,2006,0,North,0,0,1,Flat,0,,0,,0,Dark,1177900,0,0,0,2,0,0,0,0,0,,0,0,Bay of Plenty Region,Nil,2-way,Sealed,0,0,1,0,100,0,None,0,0,,23,Tauranga City,Nil,0,0,0,0,0,0,Open,0,0,0,Fine,Null
1756392,5943978,19318,,505909,0,,0,3,,East,2005/2006,WHANGAPARAOA ROAD,WADE RIVER ROAD N,,Non-Injury Crash,No,2006,,West,,0,,Hill Road,,,,,,Overcast,174005,0,0,0,2,,,0,,,,,,Auckland Region,Nil,2-way,Sealed,,0,0,,50,,Off,0,0,,76,Auckland,Nil,,,,,0,0,Urban,0,,,Fine,Null
1890024,5822177,19319,,536201,0,0,0,1,0,East,2005/2006,TOPAZ DRIVE,EMERALD PLACE,,Non-Injury Crash,No,2006,0,West,0,0,1,Flat,0,,0,,0,Bright sun,1206819,0,0,0,2,0,0,0,0,0,,0,0,Bay of Plenty Region,Nil,2-way,Sealed,0,0,0,0,50,0,Null,0,0,,23,Tauranga City,Unknown,0,0,0,0,0,0,Urban,0,0,0,Fine,Null
1767810,5886600,19320,,521122,0,,0,1,,North,2006/2007,SH 22,CROWN ROAD,,Serious Crash,Yes,2006,,North,,0,,Flat,,,,,,Overcast,812900,1,0,0,2,,,0,,,1,,,Auckland Region,Nil,2-way,Sealed,,0,1,,100,,None,0,0,,76,Auckland,Nil,,,,,0,0,Open,0,,,Fine,Null
1748702,5426713,19321,,573101,0,,0,2,,Null,2006/2007,TARANAKI ST,MARTIN SQUARE,,Minor Crash,No,2006,,South,,0,,Flat,,,,,,Bright sun,2134700,1,0,0,4,,,0,,,,,,Wellington Region,Nil,2-way,Sealed,,0,0,,50,,Null,0,0,,47,Wellington City,Nil,,,,,0,0,Urban,0,,,Fine,Null
1574841,5184458,19322,,590501,1,,0,0,,West,2005/2006,SH 74,PARNWELL ST,,Serious Crash,Yes,2006,,South,,0,,Flat,,,,,,Overcast,2505206,0,0,0,2,,,0,,,,,,Canterbury Region,Nil,2-way,Sealed,,0,1,,50,,Null,0,0,,60,Christchurch City,Nil,,,,,0,0,Urban,1,,,Fine,Null
1797788,5819220,19323,,528403,0,0,0,1,0,South,2005/2006,VICKERY ST,MAXWELL PLACE,,Non-Injury Crash,No,2006,0,North,0,0,0,Flat,0,,1,,0,Bright sun,907800,0,0,0,2,0,0,0,0,0,,0,0,Waikato Region,Nil,2-way,Sealed,0,0,0,0,50,0,Null,0,0,,16,Hamilton City,Unknown,0,0,0,0,0,0,Urban,0,0,0,Fine,Null
1743489,5919589,19324,,513212,0,,0,1,,Null,2005/2006,DON BUCK ROAD,GLEN ROAD,,Serious Crash,No,2006,,North,,0,,Flat,,,,,,Overcast,235400,0,0,0,3,,,0,,,1,,,Auckland Region,Nil,2-way,Sealed,,0,1,,50,,Off,0,0,,76,Auckland,Give way,,,,,0,0,Urban,0,,,Light rain,Null
1718497,6045400,19325,,502900,0,0,0,1,0,Null,2005/2006,KAUIKA ROAD,THIRD AVENUE,,Non-Injury Crash,No,2006,0,North,0,0,0,Flat,0,,0,,0,Dark,103000,0,0,0,2,0,0,0,0,0,,0,1,Northland Region,Nil,2-way,Sealed,0,0,0,0,50,0,On,0,0,,2,Whangarei District,Nil,0,0,0,0,0,0,Urban,0,0,0,Fine,Null
1440590,5004893,19326,,601020,0,,0,1,,North,2006/2007,SH 1S,EXE ST,,Minor Crash,Yes,2006,,South,,0,,Flat,,,,,,Overcast,2843800,1,0,1,4,,,0,,,,,,Otago Region,Nil,2-way,Sealed,,0,0,,50,,Null,0,0,,68,Waitaki District,Give way,,,,,0,0,Urban,0,,,Fine,Null
1575066,5177670,19327,,594020,1,,0,0,,Null,2006/2007,FERRY ROAD,SH 74 DYERS,,Minor Crash,Yes,2006,,East,,0,,Flat,,,,,,Bright sun,2589500,1,0,0,1,,,0,,,,,,Canterbury Region,Nil,2-way,Sealed,,0,0,,50,,Null,1,0,,60,Christchurch City,Give way,,,,,0,0,Urban,0,,,Fine,Null
1769289,5907366,19328,,523711,0,,0,3,,South,2005/2006,TE IRIRANGI DRIVE,ORMISTON ROAD,,Non-Injury Crash,No,2006,,North,,0,,Flat,,,,,,Bright sun,712801,0,0,0,4,,,0,,,,,,Auckland Region,Nil,2-way,Sealed,,0,0,,80,,Off,0,0,,76,Auckland,Nil,,,,,0,0,Open,0,,,Fine,Null
1715390,6002966,19329,,505010,0,0,0,1,1,Null,2005/2006,SH 12,FORD ROAD,,Minor Crash,Yes,2006,0,West,0,0,0,Flat,1,,0,,0,Dark,130803,1,0,0,2,0,0,0,0,0,,0,0,Northland Region,Nil,2-way,Sealed,0,0,0,0,100,0,None,0,0,,3,Kaipara District,Nil,0,0,0,0,0,0,Open,0,0,0,Fine,Null
1755432,5927366,19330,,508620,0,,0,1,,Null,2005/2006,SUNNYBRAE ROAD,CORONATION ROAD,,Minor Crash,No,2006,,North,,0,,Flat,,,,,,Bright sun,202600,1,0,0,4,,,0,,,,,,Auckland Region,Nil,2-way,Sealed,,0,0,,50,,Null,0,0,,76,Auckland,Traffic Signals,,,,,0,0,Urban,1,,,Fine,Null
1579276,5230150,19331,,585803,0,,0,1,,South,2006/2007,SH 1S,GEORGES ROAD,,Minor Crash,Yes,2006,,South,,0,,Flat,,,,,,Bright sun,2441200,1,0,0,2,,,0,,,,,,Canterbury Region,Nil,2-way,Sealed,,0,0,,100,,Null,0,0,,58,Hurunui District,Nil,,,,,1,0,Open,0,,,Fine,Null
1683363,6100567,19332,,501633,0,0,0,1,1,North,2006/2007,SH 10,WAIMATE NORTH ROAD,,Minor Crash,Yes,2006,0,North,0,0,0,Flat,0,,0,,0,Bright sun,33600,1,0,0,2,0,0,0,0,0,,0,0,Northland Region,Nil,2-way,Sealed,0,0,0,0,100,0,None,0,0,,1,Far North District,Nil,0,0,0,0,0,0,Open,0,0,0,Fine,Null
1242990,4848649,19333,,611220,0,,0,2,,Null,2005/2006,CONON ST,BOWMONT ST,,Minor Crash,No,2006,,East,,0,,Flat,,,,,,Overcast,3110500,2,0,0,2,,,0,,,,,,Southland Region,Nil,2-way,Sealed,,0,0,,50,,Null,0,0,,75,Invercargill City,Give way,,,,,0,0,Urban,0,,,Fine,Null
1247560,4852382,19334,,609914,0,0,0,1,0,Null,2005/2006,FINDLAY ROAD,MILL ROAD NORTH,,Serious Crash,No,2006,0,East,0,0,0,Flat,0,,0,,0,Bright sun,3091900,0,0,0,2,0,0,0,0,0,,0,0,Southland Region,Nil,2-way,Sealed,0,0,1,0,100,0,Null,0,0,,75,Invercargill City,Give way,0,0,0,1,0,0,Open,0,0,0,Fine,Null
1759314,5908353,19335,,524122,0,,0,2,,Null,2005/2006,MCKENZIE ROAD,BADER DRIVE,,Minor Crash,No,2006,,South,,0,,Flat,,,,,,Overcast,737700,2,0,0,2,,,0,,,,,,Auckland Region,Nil,2-way,Sealed,,0,0,,50,,Off,0,0,,76,Auckland,Give way,,,,,0,0,Urban,0,,,Light rain,Null
1951226,5778467,19336,,542562,0,0,0,0,1,South,2006/2007,REID ROAD,AWAHOU ROAD N,,Minor Crash,No,2006,0,South,0,0,0,Flat,0,,0,,0,Dark,1299300,1,0,0,2,0,0,0,0,0,,0,0,Bay of Plenty Region,Nil,2-way,Sealed,0,0,0,0,100,0,None,1,0,,25,Whakatane District,Nil,0,0,0,0,0,0,Open,0,0,0,Fine,Null
1755443,5927355,19337,,508620,0,0,0,2,0,North,2005/2006,SUNNYBRAE ROAD,HOLLAND ROAD,,Non-Injury Crash,No,2006,0,South,0,0,0,Flat,0,,0,,0,Bright sun,202600,0,0,0,2,0,0,0,0,1,,0,0,Auckland Region,Nil,2-way,Sealed,0,0,0,0,50,0,Null,0,0,,76,Auckland,Unknown,0,0,0,0,0,0,Urban,0,0,0,Fine,Null
1758053,5910207,19338,,524001,1,,0,1,,Null,2005/2006,BOYD AVENUE,HOUSE AVENUE,,Minor Crash,No,2006,,North,,0,,Hill Road,,,,,,Twilight,720900,1,0,0,2,,,0,,,,,,Auckland Region,Nil,2-way,Sealed,,0,0,,50,,On,0,0,,76,Auckland,Stop,,,,,0,0,Urban,0,,,Fine,Null
1607657,5247808,19339,65,585700,0,,0,2,,North,2006/2007,SH 1S,GRETA RIV CV,,Minor Crash,Yes,2006,,South,,0,,Hill Road,,Christmas New Year,,,,Overcast,2434701,7,0,0,2,,,0,,,,,,Canterbury Region,Nil,2-way,Sealed,,0,0,,100,,Null,0,0,,58,Hurunui District,Unknown,,,,,0,0,Open,0,,,Heavy rain,Null
1206996,5004906,19340,55,609011,0,0,0,1,0,North,2006/2007,SH 94,WESNEY CRK BR,,Minor Crash,Yes,2006,0,South,0,0,0,Flat,0,,0,,0,Overcast,3175100,1,0,0,2,0,0,0,0,0,,0,0,Southland Region,Nil,2-way,Sealed,0,0,0,0,100,0,Null,0,0,,73,Southland District,Unknown,0,1,0,0,0,0,Open,0,0,0,Light rain,Null
1890473,5820767,19341,,536203,0,,0,2,,East,2005/2006,TARA ROAD,DOMAIN ROAD,,Minor Crash,No,2006,,East,,0,,Flat,,,,,,Overcast,1206862,2,0,0,2,,,0,,,,,,Bay of Plenty Region,Nil,2-way,Sealed,,0,0,,100,,Null,0,0,,23,Tauranga City,Unknown,,,,,0,0,Open,0,,,Fine,Null
1238984,4851250,19342,,609913,0,0,0,1,0,East,2006/2007,BAY ROAD,WEST PLAINS SCHOOL ROAD,,Minor Crash,No,2006,0,East,0,0,0,Flat,0,,0,,0,Dark,3082400,1,0,0,2,0,0,0,0,0,,0,0,Southland Region,Nil,2-way,Sealed,0,0,0,0,100,0,None,0,0,,75,Invercargill City,Unknown,0,0,0,0,0,0,Open,0,0,0,Fine,Null
1766047,5907618,19343,45,522301,0,,0,1,,East,2005/2006,MOTATAU ROAD,HOLROYD PLACE,,Non-Injury Crash,No,2006,,East,,0,,Flat,,,,,,Bright sun,666700,0,0,0,2,,,0,,,,,,Auckland Region,Nil,2-way,Sealed,,0,0,,50,,Off,0,0,,76,Auckland,Nil,,,,,0,0,Urban,0,,,Fine,Null
1950581,5791681,19344,,542410,0,0,0,2,0,West,2005/2006,APANUI AVENUE,MCALISTER ST,,Non-Injury Crash,No,2006,0,West,0,0,0,Flat,0,,0,,0,Dark,1307600,0,0,0,2,0,0,0,0,1,,0,0,Bay of Plenty Region,Nil,2-way,Sealed,0,0,0,0,50,0,None,0,0,,25,Whakatane District,Unknown,0,0,0,0,0,0,Urban,0,0,0,Null,Null
1750224,5946349,19345,,506001,0,,0,2,,Null,2006/2007,HIBISCUS COAST HIGHWAY,WAINUI ROAD,,Minor Crash,No,2006,,East,,0,,Hill Road,,,,,,Overcast,175501,2,0,0,2,,,0,,,,,,Auckland Region,Nil,2-way,Sealed,,0,0,,80,,Null,0,0,,76,Auckland,Give way,,,,,0,0,Open,0,,,Fine,Null
1755417,5922008,19346,,515202,0,0,0,2,0,Null,2005/2006,SH 1N,SHELLY OFF SBD,,Minor Crash,Yes,2006,0,South,0,0,0,Hill Road,1,,0,,0,Dark,423600,1,0,0,2,0,0,0,0,0,,0,0,,Bridge,1-way,Sealed,0,0,0,0,80,0,Off,0,0,,76,Auckland,Nil,0,0,0,0,0,0,Open,0,0,0,Heavy rain,Null
1849562,5791804,19347,,535232,0,,0,1,,Null,2005/2006,TAPAPA ROAD,SH 28,,Non-Injury Crash,Yes,2006,,South,,0,,Flat,,,,,,Bright sun,1127701,0,0,0,2,,,0,,,,,,Waikato Region,Nil,2-way,Sealed,,0,0,,100,,Null,0,0,,19,South Waikato District,Give way,,,,,0,0,Open,1,,,Fine,Null
1770390,5911703,19348,,523105,0,,0,1,,North,2006/2007,BOTANY ROAD,TARNICA ROAD,,Minor Crash,No,2006,,South,,0,,Flat,,,,,,Bright sun,711148,1,0,0,6,,,0,,,1,,,Auckland Region,Nil,2-way,Sealed,,0,0,,60,,Null,0,0,,76,Auckland,Unknown,,,,,0,0,Urban,0,,,Fine,Null
2044127,5708277,19349,,543903,0,,0,1,,South,2006/2007,SH 35,MAKORORI BEACH ROAD,,Minor Crash,Yes,2006,,South,,0,,Flat,,,,,,Overcast,1358505,1,0,0,2,,,0,,,,,,Gisborne Region,Nil,2-way,Sealed,,0,0,,100,,Null,0,0,,28,Gisborne District,Nil,,,,,0,0,Open,0,,,Light rain,Null
1770363,5899495,19350,,523911,0,,0,1,,East,2005/2006,SPARTAN ROAD,OAKLEIGH AVENUE,,Fatal Crash,No,2006,,East,,2,,Flat,,,,,,Overcast,766600,1,0,0,2,,,0,,,,,,Auckland Region,Nil,2-way,Sealed,,0,0,,70,,None,0,0,,76,Auckland,Nil,,,,,1,0,Urban,0,,,Fine,Null
1325712,5054606,19351,45,608302,0,0,0,0,0,Null,2006/2007,SH 8,DIP CRK BR,,Minor Crash,Yes,2006,0,West,0,0,1,Hill Road,0,,0,,0,Overcast,3028500,1,0,0,2,0,0,0,0,0,,0,0,Otago Region,Bridge,2-way,Sealed,0,0,0,0,100,0,Null,0,0,,69,Central Otago District,Unknown,0,0,0,0,0,0,Open,1,0,0,Heavy rain,Null
1683216,6088245,19352,,501632,0,0,0,0,0,East,2005/2006,SH 1N,OLD BAY ROAD,,Minor Crash,Yes,2006,0,South,1,0,0,Flat,0,,0,,0,Overcast,36700,1,0,0,2,0,0,0,0,0,,0,0,Northland Region,Nil,2-way,Sealed,0,0,0,0,100,0,None,0,0,,1,Far North District,Nil,0,0,0,0,0,0,Open,1,0,0,Heavy rain,Null
1760252,5919985,19353,,516400,0,,0,2,,West,2005/2006,TAMAKI DRIVE,NGAPIPI ROAD,,Minor Crash,No,2006,,East,,0,,Flat,,,,,,Overcast,455000,1,0,0,4,,,0,,,,,,Auckland Region,Nil,2-way,Sealed,,0,0,,50,,Off,0,0,,76,Auckland,Nil,,,,,0,0,Urban,0,,,Fine,Null
1461237,5121681,19354,,598312,0,,0,3,,South,2005/2006,SH 79,UPPER ORARI RIV BR,,Serious Crash,Yes,2006,,East,,0,,Flat,,,,,,Bright sun,2761700,1,0,0,2,,,0,,,,,,Canterbury Region,Bridge,2-way,Sealed,,0,1,,100,,Null,0,0,,64,Timaru District,Unknown,,,,,0,0,Open,0,,,Fine,Null
1406114,4916122,19355,,602900,0,,0,2,,Null,2005/2006,SH 1S,POLICE ST,,Minor Crash,Yes,2006,,East,,0,,Flat,,,,,,Overcast,2895500,1,0,0,2,,,0,,,,,,Otago Region,Nil,1-way,Sealed,,0,0,,50,,Null,0,0,,71,Dunedin City,Give way,,,,,0,0,Urban,0,,,Fine,Null
1748949,5427248,19356,,573101,0,,0,1,,Null,2005/2006,TARANAKI ST,COURTENAY PLACE,,Minor Crash,No,2006,,South,,0,,Flat,,,,,,Overcast,2135600,1,0,0,3,,,0,,,1,,,Wellington Region,Nil,2-way,Sealed,,0,0,,50,,Null,0,0,,47,Wellington City,Traffic Signals,,,,,0,0,Urban,0,,,Fine,Null
1751543,5912335,19357,,514700,0,,0,2,,South,2005/2006,KINROSS ST,BLOCKHOUSE BAY ROAD,,Non-Injury Crash,No,2006,,South,,0,,Hill Road,,,,,,Bright sun,368300,0,0,0,2,,,0,,,,,,Auckland Region,Nil,2-way,Sealed,,0,0,,50,,Null,0,0,,76,Auckland,Give way,,,,,0,0,Urban,0,,,Fine,Null
1460563,5081318,19358,,599700,0,,0,1,,Null,2006/2007,SH 1S,QUEEN ST,,Serious Crash,Yes,2006,,South,,0,,Hill Road,,,,,,Bright sun,2801200,0,0,0,2,,,0,,,,,,Canterbury Region,Nil,2-way,Sealed,,0,1,,50,,Null,0,0,,64,Timaru District,Give way,,,,,0,0,Urban,1,,,Fine,Null
1563527,5175377,19359,,587303,0,,0,3,,East,2006/2007,HALSWELL JUNCTION ROAD,WIGRAM ROAD,,Serious Crash,No,2006,,West,,0,,Flat,,,,,,Overcast,2484812,0,0,0,2,,,0,,,,,,Canterbury Region,Nil,2-way,Sealed,,0,1,,80,,Null,0,0,,60,Christchurch City,Unknown,,,,,0,0,Open,0,,,Heavy rain,Null
1435663,5117799,19360,65,600323,0,0,0,0,0,North,2006/2007,SH 79,MCMASTER ROAD,,Minor Crash,Yes,2006,0,North,0,0,0,Flat,0,,0,,0,Dark,2807000,1,0,0,2,0,0,0,0,0,,0,0,Canterbury Region,Nil,2-way,Sealed,0,0,0,0,100,0,None,0,0,,65,Mackenzie District,Unknown,0,1,0,0,1,0,Open,0,0,0,Mist or Fog,Null
1798753,5821526,19361,,527006,1,,0,1,,Null,2005/2006,SPINNAKER DRIVE,ADMIRAL CRESCENT,,Minor Crash,No,2006,,South,,0,,Flat,,,,,,Bright sun,952034,1,0,0,2,,,0,,,,,,Waikato Region,Nil,2-way,Sealed,,0,0,,50,,Null,0,0,,16,Hamilton City,Give way,,,,,0,0,Urban,0,,,Fine,Null
1766692,5441586,19362,,568101,0,,0,2,,South,2005/2006,LORD ST,MANOR DRIVE,,Serious Crash,No,2006,,North,,0,,Hill Road,,,,,,Dark,1930103,0,0,0,2,,,0,,,,,,Wellington Region,Nil,2-way,Sealed,,0,1,,50,,None,0,0,,46,Lower Hutt City,Nil,,,,,0,0,Urban,0,,,Fine,Null
1747405,5914780,19363,,511800,0,,0,1,,West,2005/2006,GREAT NORTH ROAD,SABULITE ROAD,,Non-Injury Crash,No,2006,,East,,0,,Hill Road,,,,,,Bright sun,277902,0,0,0,4,,,0,,,,,,Auckland Region,Nil,2-way,Sealed,,0,0,,50,,Off,1,0,,76,Auckland,Nil,,,,,0,0,Urban,0,,,Fine,Null
1885603,5773305,19364,,540420,1,,0,0,,North,2005/2006,SH 30A,TE NGAE ROAD,,Minor Crash,Yes,2006,,South,,0,,Flat,,,,,,Dark,1236600,1,0,0,4,,,0,,,,,,Bay of Plenty Region,Nil,2-way,Sealed,,0,0,,70,,On,0,0,,24,Rotorua District,Unknown,,,,,0,0,Urban,0,,,Fine,Null
1881482,5794872,19365,,536653,0,,0,1,,East,2005/2006,TE MATAI ROAD,PYES PA ROAD,,Non-Injury Crash,No,2006,,East,,0,,Flat,,,,,,Overcast,1210700,0,0,0,2,,,0,,,,,,Bay of Plenty Region,Nil,2-way,Unsealed,,0,0,,100,,Null,0,0,,22,Western Bay of Plenty District,Unknown,,,,,1,0,Open,0,,,Heavy rain,Null
1775276,5578039,19366,,556900,0,0,0,1,0,North,2005/2006,CAMPBELL ST,GUYTON ST,,Serious Crash,No,2006,0,East,0,0,0,Flat,0,,0,,0,Bright sun,1700100,0,0,0,2,0,1,0,0,0,,0,1,Manawatū-Whanganui Region,Nil,2-way,Sealed,0,0,1,0,50,0,Null,0,0,,37,Whanganui District,Give way,0,0,0,0,0,0,Urban,0,0,0,Fine,Null
1733160,6040416,19367,,501818,0,,0,2,,West,2006/2007,RITCHIE ROAD,WHANGAREI HEADS ROAD,,Minor Crash,No,2006,,North,,0,,Flat,,,,,,Bright sun,74102,1,0,0,2,,,0,,,,,,Northland Region,Nil,2-way,Sealed,,0,0,,80,,Null,0,0,,2,Whangarei District,Unknown,,,,,0,0,Open,0,,,Fine,Null
1718899,6046070,19368,,503000,0,0,0,1,0,Null,2005/2006,SH 1N,SELWYN AVENUE,,Non-Injury Crash,Yes,2006,0,North,0,0,0,Flat,0,,0,,0,Bright sun,98100,0,0,0,4,0,0,0,0,0,,0,1,Northland Region,Nil,2-way,Sealed,0,0,0,0,50,0,Off,0,0,,2,Whangarei District,Traffic Signals,0,0,0,0,0,0,Urban,0,0,0,Fine,Null
1571104,5177160,19369,,595500,0,,0,1,,Null,2006/2007,TENNYSON ST,SEDDON ST,,Serious Crash,No,2006,,East,,0,,Flat,,,,,,Dark,2628200,0,1,0,2,,,0,,,,,,Canterbury Region,Nil,2-way,Sealed,,0,1,,50,,On,0,0,,60,Christchurch City,Nil,,,,,0,0,Urban,0,,,Fine,Null
1750401,5431241,19370,,574500,1,,0,1,,West,2005/2006,HUTT ROAD,RANGIORA AVENUE,,Minor Crash,No,2006,,East,,0,,Flat,,,,,,Bright sun,2093400,1,0,0,4,,,0,,,,,,Wellington Region,Nil,2-way,Sealed,,0,0,,50,,Null,0,0,,47,Wellington City,Nil,,,,,0,0,Urban,0,,,Fine,Null
1457899,5089200,19371,,598313,0,0,0,1,0,West,2005/2006,CARTWRIGHTS ROAD,SH 8,,Minor Crash,No,2006,0,West,0,0,1,Hill Road,0,,0,,0,Bright sun,2777700,1,0,0,2,0,0,0,0,0,,0,0,Canterbury Region,Nil,2-way,Sealed,0,0,0,0,100,0,Null,0,0,,64,Timaru District,Unknown,0,0,0,0,0,0,Open,0,0,0,Fine,Strong wind
1440154,5004394,19372,,601030,0,,0,1,,Null,2005/2006,EDEN ST,REED ST,,Minor Crash,No,2006,,West,,0,,Flat,,,,,,Overcast,2841200,1,0,0,2,,,0,,,,,,Otago Region,Nil,2-way,Sealed,,0,0,,50,,Null,1,0,,68,Waitaki District,Stop,,,,,0,0,Urban,0,,,Fine,Null
1760089,5916869,19373,,516102,0,,0,0,,East,2005/2006,REMUERA ROAD,GARDEN ROAD,,Minor Crash,No,2006,,West,,0,,Flat,,,,,,Bright sun,485200,1,0,0,4,,,0,,,1,,,Auckland Region,Nil,2-way,Sealed,,0,0,,50,,Off,0,0,,76,Auckland,Nil,,,,,0,0,Urban,1,,,Fine,Null
2037374,5707438,19374,,544801,0,,0,2,,South,2005/2006,ESPLANADE,CRAWFORD ROAD,,Minor Crash,No,2006,,South,,0,,Flat,,,,,,Dark,1386000,4,0,0,2,,,0,,,,,,Gisborne Region,Nil,2-way,Sealed,,0,0,,50,,On,0,0,,28,Gisborne District,Nil,,,,,0,0,Urban,0,,,Fine,Null