X,Y,OBJECTID,advisorySpeed,areaUnitID,bicycle,bridge,bus,carStationWagon,cliffBank,crashDirectionDescription,crashFinancialYear,crashLocation1,crashLocation2,crashRoadSideRoad,crashSeverity,crashSHDescription,crashYear,debris,directionRoleDescription,ditch,fatalCount,fence,flatHill,guardRail,holiday,houseOrBuilding,intersection,kerb,light,meshblockId,minorInjuryCount,moped,motorcycle,NumberOfLanes,objectThrownOrDropped,otherObject,otherVehicleType,overBank,parkedVehicle,pedestrian,phoneBoxEtc,postOrPole,region,roadCharacter,roadLane,roadSurface,roadworks,schoolBus,seriousInjuryCount,slipOrFlood,speedLimit,strayAnimal,streetLight,suv,taxi,temporarySpeedLimit,tlaId,tlaName,trafficControl,trafficIsland,trafficSign,train,tree,truck,unknownVehicleType,urban,vanOrUtility,vehicle,waterRiver,weatherA,weatherB
1750837,5915590,19375,,514802,0,,0,2,,Null,2006/2007,ASH ST,ROSEBANK ROAD,,Minor Crash,No,2006,,East,,0,,Flat,,,,,,Overcast,386600,2,0,0,4,,,0,,,,,,Auckland Region,Nil,2-way,Sealed,,0,0,,50,,Null,0,0,,76,Auckland,Traffic Signals,,,,,0,0,Urban,0,,,Fine,Null
1755992,5944186,19376,,505909,0,,0,1,,Null,2005/2006,WHANGAPARAOA ROAD,PALMGREEN COURT,,Minor Crash,No,2006,,East,,0,,Hill Road,,,,,,Overcast,174007,2,0,0,2,,,0,,,,,,Auckland Region,Nil,2-way,Sealed,,0,0,,50,,Off,0,0,,76,Auckland,Give way,,,,,1,0,Urban,0,,,Light rain,Null
1786781,5446160,19377,,567902,0,,0,0,,West,2006/2007,SH 2,RIMUTAKA SUMMIT,,Minor Crash,Yes,2006,,West,,0,,Hill Road,,,,,,Overcast,1916300,1,0,1,3,,,0,,,,,,Wellington Region,Nil,2-way,Sealed,,0,0,,100,,Null,0,0,,45,Upper Hutt City,Nil,,,,,1,0,Open,0,,,Fine,Strong wind
1884560,5773251,19378,,540420,1,,0,1,,South,2006/2007,RANOLF ST,PRETORIA ST,,Minor Crash,No,2006,,South,,0,,Flat,,,,,,Overcast,1236700,1,0,0,2,,,0,,,,,,Bay of Plenty Region,Nil,2-way,Sealed,,0,0,,50,,Null,0,0,,24,Rotorua District,Unknown,,,,,0,0,Urban,0,,,Fine,Null
1753678,5929269,19379,,508320,0,,0,3,,South,2005/2006,GLENFIELD ROAD,WAIRAU ROAD,,Minor Crash,No,2006,,South,,0,,Flat,,,,,,Overcast,196801,1,0,0,2,,,0,,,,,,Auckland Region,Nil,2-way,Sealed,,0,0,,50,,Off,1,0,,76,Auckland,Nil,,,,,0,0,Urban,2,,,Fine,Null
1693847,5676822,19380,,552001,0,,0,1,,West,2005/2006,MOLESWORTH ST,HOBSON ST,,Minor Crash,No,2006,,West,,0,,Flat,,,,,,Dark,1595900,1,1,0,2,,,0,,,,,,Taranaki Region,Nil,2-way,Sealed,,0,0,,50,,On,0,0,,33,New Plymouth District,Nil,,,,,0,0,Urban,0,,,Light rain,Null
1957115,5788508,19381,,542514,0,,0,2,,East,2006/2007,WAINUI ROAD,POHUTUKAWA AVENUE,,Minor Crash,No,2006,,East,,0,,Flat,,,,,,Bright sun,1296500,1,0,0,2,,,0,,,,,,Bay of Plenty Region,Nil,2-way,Sealed,,0,0,,100,,Off,0,0,,25,Whakatane District,Nil,,,,,0,0,Open,0,,,Fine,Null
1570397,5180035,19382,,591500,0,,0,1,,West,2006/2007,HEREFORD ST,OXFORD TERRACE,,Minor Crash,No,2006,,West,,0,,Flat,,,,,,Dark,2651300,1,0,0,3,,,0,,,1,,,Canterbury Region,Nil,2-way,Sealed,,0,0,,50,,On,0,0,,60,Christchurch City,Unknown,,,,,0,0,Urban,0,,,Fine,Null
1801462,5815455,19383,,530100,0,,0,1,,Null,2005/2006,RIVER ROAD,RIRO ST,,Minor Crash,No,2006,,South,,0,,Hill Road,,,,,,Overcast,894500,1,0,0,2,,,0,,,,,,Waikato Region,Nil,2-way,Sealed,,0,0,,50,,Null,0,0,,16,Hamilton City,Nil,,,,,1,0,Urban,0,,,Fine,Null
1699120,6086254,19384,25,501620,0,,0,0,,North,2006/2007,SH 11,WAIKARE ROAD,,Serious Crash,Yes,2006,,North,,0,,Flat,,Christmas New Year,,,,Overcast,47701,0,0,0,2,,,0,,,,,,Northland Region,Rail xing,2-way,Sealed,,0,1,,100,,None,1,0,,1,Far North District,Nil,,,,,0,0,Open,1,,,Heavy rain,Null
1571068,5182667,19385,,592402,0,0,0,2,0,Null,2005/2006,BERWICK ST,FORFAR ST,,Minor Crash,No,2006,0,East,0,0,1,Flat,0,Queens Birthday,0,,0,Overcast,2691600,1,0,0,2,0,0,0,0,0,,0,0,Canterbury Region,Nil,2-way,Sealed,0,0,0,0,50,0,Null,0,0,,60,Christchurch City,Give way,0,0,0,0,0,0,Urban,0,0,0,Fine,Null
1756442,5927227,19386,,507900,0,,0,2,,Null,2006/2007,NORTHCOTE ROAD,NORTHCOTE OFF SBD W,,Minor Crash,No,2006,,East,,0,,Flat,,,,,,Dark,303502,1,0,0,2,,,0,,,,,,Auckland Region,Bridge,1-way,Sealed,,0,0,,50,,On,0,0,30,76,Auckland,Traffic Signals,,,,,0,0,Urban,0,,,Fine,Null
1772757,5895599,19387,,525540,0,,0,2,,Null,2006/2007,GREAT SOUTH ROAD,CLARK ROAD,,Minor Crash,No,2006,,North,,0,,Flat,,,,,,Bright sun,806001,1,0,0,2,,,0,,,,,,Auckland Region,Nil,2-way,Sealed,,0,0,,50,,Off,0,0,,76,Auckland,Stop,,,,,0,0,Urban,0,,,Fine,Null
1960514,5782598,19388,55,542906,0,0,0,1,0,North,2006/2007,WAINUI ROAD,STANLEY ROAD,,Minor Crash,No,2006,0,North,1,0,0,Flat,0,Labour Weekend,0,,0,Bright sun,1338200,1,0,0,2,0,0,0,0,0,,0,0,Bay of Plenty Region,Nil,2-way,Sealed,0,0,0,0,100,0,None,0,0,,27,Ōpōtiki District,Nil,0,0,0,1,0,0,Open,0,0,0,Fine,Null
1742357,5926597,19389,,513410,0,,0,2,,Null,2006/2007,BRIGHAM CREEK ROAD,OLD SH 16,,Minor Crash,Yes,2006,,South,,0,,Flat,,,,,,Bright sun,223100,1,0,0,2,,,0,,,,,,Auckland Region,Nil,2-way,Sealed,,0,0,,100,,None,0,0,,76,Auckland,Give way,,,,,0,0,Open,0,,,Fine,Null
1813541,5811634,19390,55,527131,0,,0,2,,South,2005/2006,SH 1B,BELLEVUE ROAD,,Serious Crash,Yes,2006,,North,,0,,Flat,,,,,,Overcast,957100,1,0,0,2,,,0,,,,,,Waikato Region,Nil,2-way,Sealed,,0,1,,100,,Null,0,0,,13,Waikato District,Unknown,,,,,0,0,Open,0,,,Light rain,Null
1410725,4933529,19391,,601603,0,0,0,0,1,South,2005/2006,SH 1S,COAST ROAD S,,Minor Crash,Yes,2006,0,North,0,0,0,Flat,0,,0,,0,Dark,2858300,1,0,0,2,0,0,0,0,0,,0,0,Otago Region,Nil,2-way,Sealed,0,0,0,0,100,0,None,0,0,,71,Dunedin City,Unknown,0,0,0,0,0,0,Open,1,0,0,Fine,Null
1748479,5424128,19392,,576200,0,,0,1,,West,2006/2007,BRITOMART ST,ADELAIDE ROAD,,Minor Crash,No,2006,,West,,0,,Flat,,,,,,Bright sun,2172500,1,0,1,2,,,0,,,,,,Wellington Region,Nil,2-way,Sealed,,0,0,,50,,Null,0,0,,47,Wellington City,Nil,,,,,0,0,Urban,0,,,Fine,Null
1756610,5920757,19393,,514102,0,,0,2,,Null,2006/2007,FANSHAWE ST,HALSEY ST,,Minor Crash,No,2006,,West,,0,,Flat,,,,,,Dark,432500,1,0,0,5,,,0,,,,,,Auckland Region,Nil,2-way,Sealed,,0,0,,50,,On,0,0,,76,Auckland,Traffic Signals,,,,,0,0,Urban,0,,,Fine,Null
1767346,5900727,19394,,524720,0,0,0,2,0,South,2006/2007,HEYBRIDGE ST,WINSFORD ST N,,Minor Crash,No,2006,0,North,0,0,0,Flat,0,,0,,0,Dark,776400,1,0,0,2,0,0,0,0,1,,0,0,Auckland Region,Nil,2-way,Sealed,0,0,0,0,50,0,On,0,0,,76,Auckland,Nil,0,0,0,0,0,0,Urban,0,0,0,Fine,Null
1867293,5713322,19395,,541720,0,,0,2,,East,2005/2006,HEUHEU ST,RUAPEHU ST,,Non-Injury Crash,No,2006,,West,,0,,Flat,,,,,,Bright sun,1273800,0,0,0,2,,,0,,,,,,Waikato Region,Nil,2-way,Sealed,,0,0,,50,,Null,0,0,,21,Taupo District,Unknown,,,,,0,0,Urban,0,,,Fine,Null
1742339,5917810,19396,,513214,0,,0,2,,Null,2006/2007,SIMPSON ROAD,METCALFE ROAD,,Minor Crash,No,2006,,South,,0,,Hill Road,,,,,,Dark,236201,2,0,0,2,,,0,,,,,,Auckland Region,Nil,2-way,Sealed,,0,0,,50,,On,0,0,,76,Auckland,Stop,,,,,0,0,Urban,0,,,Fine,Null
1766978,5905666,19397,,522302,0,0,0,2,0,North,2006/2007,GREAT SOUTH ROAD,CASPAR ROAD,,Minor Crash,No,2006,0,North,0,0,0,Flat,0,,0,,0,Dark,670600,1,0,0,2,0,0,0,0,0,,0,1,Auckland Region,Nil,2-way,Sealed,0,0,0,0,50,0,On,0,0,,76,Auckland,Unknown,0,0,0,0,0,0,Urban,0,0,0,Fine,Null
1349654,4874318,19398,,607400,0,0,0,1,1,South,2006/2007,KAITANGATA HIGHWAY,IPSWICH ST,,Minor Crash,No,2006,0,South,0,0,0,Hill Road,0,,0,,0,Overcast,2992200,1,0,0,2,0,0,0,0,0,,0,0,Otago Region,Nil,2-way,Sealed,0,0,0,0,50,0,Null,0,0,,72,Clutha District,Unknown,0,0,0,0,0,0,Urban,0,0,0,Fine,Null
1804283,5790588,19399,,531003,0,,0,2,,Null,2006/2007,ARAWATA ST,GEORGE ST,,Minor Crash,No,2006,,North,,0,,Hill Road,,,,,,Dark,968302,1,0,0,2,,,0,,,,,,Waikato Region,Nil,2-way,Sealed,,0,0,,50,,On,0,0,,17,Waipa District,Give way,,,,,0,0,Urban,0,,,Fine,Null
1750495,5912366,19400,,511402,0,0,0,2,0,West,2005/2006,GOLF ROAD,PORTAGE ROAD,,Serious Crash,No,2006,0,East,0,0,1,Hill Road,0,,0,,0,Dark,260500,0,0,0,2,0,1,0,0,1,,0,0,Auckland Region,Nil,2-way,Sealed,0,0,1,0,50,0,On,0,1,,76,Auckland,Nil,0,0,0,0,0,0,Urban,0,0,0,Light rain,Null
1686189,6101099,19401,,500900,0,,0,1,,Null,2006/2007,KERIKERI ROAD,BUTLER ROAD,,Serious Crash,No,2006,,South,,0,,Flat,,,,,,Twilight,53504,0,1,0,2,,,0,,,,,,Northland Region,Nil,2-way,Sealed,,0,1,,50,,On,0,0,,1,Far North District,Give way,,,,,0,0,Urban,0,,,Fine,Null
1317475,4921717,19402,55,607502,0,,0,2,,South,2005/2006,SH 90,EDIEVALE ROAD,,Minor Crash,Yes,2006,,South,,0,,Hill Road,,,,,,Bright sun,3011300,2,0,0,2,,,0,,,,,,Otago Region,Nil,2-way,Sealed,,0,0,,100,,Null,0,0,,72,Clutha District,Unknown,,,,,0,0,Open,0,,,Fine,Null
1753946,5924705,19403,,510500,0,,0,1,,Null,2006/2007,HAMMOND PLACE,BIRKENHEAD AVENUE,,Minor Crash,No,2006,,East,,0,,Flat,,,,,,Overcast,357300,1,0,0,2,,,0,,,1,,,Auckland Region,Nil,2-way,Sealed,,0,0,,50,,Null,0,0,,76,Auckland,Nil,,,,,0,0,Urban,0,,,Fine,Null
1749480,5913912,19404,,511303,0,,0,2,,East,2005/2006,GREAT NORTH ROAD,TITIRANGI ROAD,,Non-Injury Crash,No,2006,,West,,0,,Flat,,,,,,Dark,264901,0,0,0,2,,,0,,,,,,Auckland Region,Nil,2-way,Sealed,,0,0,,50,,On,0,0,,76,Auckland,Nil,,,,,0,0,Urban,0,,,Fine,Null
1823291,5845034,19405,,534603,0,0,0,1,0,South,2005/2006,SH 27,PAEROA TAHUNA ROAD,,Minor Crash,Yes,2006,0,South,1,0,0,Flat,0,Christmas New Year,0,,0,Overcast,1094400,3,0,0,2,0,0,0,0,0,,0,0,Waikato Region,Nil,2-way,Sealed,0,0,0,0,100,0,Null,0,0,,15,Matamata-Piako District,Unknown,0,0,0,0,0,0,Open,0,0,0,Fine,Null
1949878,5790841,19406,,542440,0,,0,1,,Null,2005/2006,KING ST,GOULSTONE ROAD,,Non-Injury Crash,No,2006,,South,,0,,Flat,,,,,,Overcast,1307800,0,0,0,2,,,0,,,,,,Bay of Plenty Region,Nil,2-way,Sealed,,0,0,,50,,Null,0,0,,25,Whakatane District,Give way,,,,,0,0,Urban,1,,,Fine,Null
1794559,5825983,19407,,527123,0,,0,2,,Null,2005/2006,LAKE ROAD,RIVER ROAD,,Minor Crash,No,2006,,North,,0,,Hill Road,,,,,,Overcast,952400,1,0,0,2,,,0,,,,,,Waikato Region,Nil,2-way,Sealed,,0,0,,100,,Null,0,0,,13,Waikato District,Give way,,,,,0,0,Open,0,,,Light rain,Null
1732788,5929003,19408,,506652,0,,0,1,,East,2005/2006,MURIWAI ROAD,SCHOOL ROAD E,,Fatal Crash,No,2006,,South,,1,,Flat,,,,,,Bright sun,219100,0,0,0,2,,,0,,,,,,Auckland Region,Nil,2-way,Sealed,,0,2,,50,,Off,0,0,,76,Auckland,Nil,,,,,1,0,Urban,0,,,Fine,Null
1719940,6045395,19409,,503100,0,,0,2,,Null,2006/2007,REYBURN ST,HEREKINO ST,,Non-Injury Crash,No,2006,,North,,0,,Flat,,,,,,Bright sun,99904,0,0,0,6,,,0,,,,,,Northland Region,Nil,2-way,Sealed,,0,0,,50,,Off,0,0,,2,Whangarei District,Give way,,,,,0,0,Urban,0,,,Fine,Null
1802800,5828814,19410,,527122,0,0,0,0,0,South,2006/2007,SH 1B,WHITIKAHU ROAD,,Minor Crash,Yes,2006,0,South,0,0,1,Flat,0,,0,,0,Bright sun,954100,1,0,0,2,0,0,0,0,0,,0,0,Waikato Region,Nil,2-way,Sealed,0,0,0,0,100,0,Null,1,0,,13,Waikato District,Unknown,0,0,0,1,0,0,Open,0,0,0,Fine,Null
1752179,5918980,19411,,515002,0,0,0,1,0,Null,2005/2006,KIWI ROAD,MEOLA ROAD,,Non-Injury Crash,No,2006,0,East,0,0,0,Flat,0,,0,,0,Dark,396000,0,0,0,2,0,0,0,0,1,,0,0,Auckland Region,Nil,2-way,Sealed,0,0,0,0,50,0,On,0,0,,76,Auckland,Nil,0,0,0,0,0,0,Urban,1,0,0,Mist or Fog,Null
1771961,5894285,19412,,525530,0,0,0,1,0,Null,2005/2006,CHICHESTER DRIVE,MARYBETH PLACE,,Non-Injury Crash,No,2006,0,South,0,0,1,Flat,0,,0,,0,Dark,804100,0,0,0,2,0,0,0,0,0,,1,0,Auckland Region,Nil,2-way,Sealed,0,0,0,0,50,0,On,0,0,,76,Auckland,Nil,0,0,0,0,0,0,Urban,0,0,0,Fine,Null
1836279,5655666,19413,,541501,0,0,0,1,0,North,2005/2006,SH 1N,WAIHOHONU BR,,Minor Crash,Yes,2006,0,North,0,0,1,Hill Road,0,,0,,0,Bright sun,1289001,1,0,0,2,0,0,0,0,0,,0,0,Waikato Region,Nil,2-way,Sealed,0,0,0,0,100,0,Null,0,0,,21,Taupo District,Unknown,0,0,0,0,0,0,Open,0,0,0,Fine,Frost
1690873,6086316,19414,,501633,0,0,0,1,0,North,2006/2007,HAUTAPU ROAD,SH 1N,,Non-Injury Crash,No,2006,0,North,1,0,0,Hill Road,0,,0,,0,Twilight,36100,0,0,0,1,0,0,0,0,0,,0,0,Northland Region,Nil,2-way,Unsealed,0,0,0,0,100,0,None,0,0,,1,Far North District,Nil,0,0,0,0,0,0,Open,0,0,0,Fine,Null
1242759,4849805,19415,,611210,0,,0,1,,East,2005/2006,DON ST,KELVIN ST,,Minor Crash,No,2006,,West,,0,,Flat,,,,,,Overcast,3107800,1,1,0,2,,,0,,,,,,Southland Region,Nil,2-way,Sealed,,0,0,,50,,Null,0,0,,75,Invercargill City,Nil,,,,,0,0,Urban,0,,,Light rain,Null
1760116,5908830,19416,,524403,0,0,0,2,0,Null,2006/2007,WALMSLEY ROAD,MAHUNGA DRIVE,,Non-Injury Crash,No,2006,0,East,0,0,1,Flat,0,,0,,0,Dark,729500,0,0,0,2,0,0,0,0,0,,0,0,Auckland Region,Nil,2-way,Sealed,0,0,0,0,50,0,On,0,0,,76,Auckland,Traffic Signals,0,0,0,0,0,0,Urban,0,0,0,Fine,Null
1371178,4896491,19417,,606700,0,,0,1,,South,2006/2007,SH 1S,LAKE ROAD,,Minor Crash,Yes,2006,,North,,0,,Flat,,,,,,Bright sun,2987600,3,0,0,2,,,0,,,,,,Otago Region,Nil,2-way,Sealed,,0,0,,100,,Null,0,0,,72,Clutha District,Nil,,,,,0,0,Open,1,,,Fine,Null
1769376,5737125,19418,,531720,0,0,0,1,0,South,2005/2006,SH 3,PAEKAKA ROAD,,Minor Crash,Yes,2006,0,South,0,0,0,Flat,0,,0,,0,Overcast,1017500,1,0,0,2,0,0,0,1,0,,0,0,Waikato Region,Nil,2-way,Sealed,0,0,0,0,100,0,Null,0,0,,20,Waitomo District,Unknown,0,0,0,1,0,0,Open,0,0,0,Light rain,Null
1773116,5896431,19419,,525410,0,,0,1,,West,2005/2006,CLEVEDON ROAD,PRICTOR ST,,Non-Injury Crash,No,2006,,East,,0,,Flat,,,,,,Bright sun,793100,0,0,0,2,,,0,,,1,,,Auckland Region,Nil,2-way,Sealed,,0,0,,50,,Off,0,0,,76,Auckland,Nil,,,,,0,0,Urban,0,,,Fine,Null
1756343,5919069,19420,,514200,0,,0,1,,Null,2005/2006,NEWTON ROAD,NEWTON OFF EBD S,,Non-Injury Crash,No,2006,,North,,0,,Flat,,,,,,Bright sun,411800,0,0,0,4,,,0,,,,,,Auckland Region,Bridge,2-way,Sealed,,0,0,,50,,Off,1,0,,76,Auckland,Traffic Signals,,,,,0,0,Urban,0,,,Fine,Null
1851720,5904539,19421,,533603,0,,0,1,,North,2005/2006,SH 25,SAILORS GRAVE ROAD,,Serious Crash,Yes,2006,,South,,0,,Hill Road,,,,,,Overcast,1059209,0,0,1,2,,,0,,,,,,Waikato Region,Nil,2-way,Sealed,,0,1,,100,,Null,0,0,,11,Thames-Coromandel District,Unknown,,,,,0,0,Open,0,,,Fine,Null
1754321,5918345,19422,,515431,0,0,0,1,0,East,2005/2006,SH 16,ST LUKES OBR,,Non-Injury Crash,Yes,2006,0,East,0,0,0,Flat,0,,0,,0,Overcast,406201,0,0,0,3,0,0,0,0,0,,0,1,Auckland Region,Nil,2-way,Sealed,0,0,0,0,100,0,Off,0,0,,76,Auckland,Nil,0,0,0,0,0,0,Open,0,0,0,Light rain,Null
1801723,5790268,19423,,527924,0,0,0,1,1,West,2006/2007,FRONTIER ROAD,REWI ST,,Minor Crash,No,2006,0,East,0,0,0,Flat,0,,0,,0,Bright sun,983303,1,0,0,2,0,0,0,0,0,,0,0,Waikato Region,Nil,2-way,Sealed,0,0,0,0,80,0,Null,0,0,,17,Waipa District,Unknown,0,0,0,0,0,0,Open,0,0,0,Fine,Null
1756935,5927255,19424,,507900,0,0,0,1,0,South,2006/2007,TAHAROTO ROAD,NGAIO ST,,Non-Injury Crash,No,2006,0,North,0,0,0,Flat,0,,0,,0,Bright sun,304600,0,0,0,4,0,0,0,0,0,,0,1,Auckland Region,Nil,2-way,Sealed,0,0,0,0,50,0,Off,0,0,,76,Auckland,Nil,0,0,0,0,1,0,Urban,0,0,0,Fine,Null
1801393,5817142,19425,,529800,0,,0,2,,East,2006/2007,OXFORD ST,WALTER ST,,Minor Crash,No,2006,,West,,0,,Flat,,,,,,Overcast,871000,1,0,0,2,,,0,,,,,,Waikato Region,Nil,2-way,Sealed,,0,0,,50,,Off,0,0,,16,Hamilton City,Nil,,,,,0,0,Urban,0,,,Light rain,Null
1817408,5806194,19426,,527133,0,,0,0,,North,2006/2007,SWAYNE ROAD,APPLEBY ROAD,,Non-Injury Crash,No,2006,,North,,0,,Flat,,,,,,Bright sun,958901,0,0,0,1,,,0,,,,,,Waikato Region,Nil,2-way,Sealed,,0,0,,100,,Off,1,0,,17,Waipa District,Nil,,,,,1,0,Open,0,,,Fine,Null
2037599,5708401,19427,,544500,0,,0,2,,Null,2009/2010,PEEL ST,ORMOND ROAD,,Non-Injury Crash,No,2009,,East,,0,,Flat,,,,,,Bright sun,1380800,0,0,0,2,,,0,,,,,,Gisborne Region,Nil,2-way,Sealed,,0,0,,50,,Null,0,0,,28,Gisborne District,Give way,,,,,0,0,Urban,0,,,Fine,Null
1571130,5178992,19428,,594600,0,,0,2,,Null,2009/2010,GASSON ST,CARLYLE ST,,Non-Injury Crash,No,2009,,South,,0,,Flat,,,,,,Bright sun,2617602,0,0,0,4,,,0,,,,,,Canterbury Region,Nil,2-way,Sealed,,0,0,,50,,Null,0,0,,60,Christchurch City,Stop,,,,,0,0,Urban,0,,,Fine,Null
1819349,5526837,19429,,562921,0,0,0,2,0,West,2009/2010,ROSE PLACE,MAXWELLS LINE,,Non-Injury Crash,No,2009,0,South,0,0,0,Flat,0,,0,,0,Dark,1803200,0,0,0,2,0,0,0,0,1,,0,0,Manawatū-Whanganui Region,Nil,2-way,Sealed,0,0,0,0,50,0,On,0,0,,40,Palmerston North City,Nil,0,0,0,0,0,0,Urban,0,0,0,Fine,Null
1763472,5438652,19430,,568202,0,,0,1,,Null,2009/2010,PERCY CAMERON ST,TAITA DRIVE,,Non-Injury Crash,No,2009,,South,,0,,Flat,,,,,,Twilight,1938700,0,0,0,2,,,0,,,,,,Wellington Region,Nil,2-way,Sealed,,0,0,,50,,Off,0,0,,46,Lower Hutt City,Give way,,,,,0,0,Urban,1,,,Light rain,Null
1757910,5918094,19431,,515700,0,,0,3,,North,2009/2010,SH 1N,GILLIES OFF SBD,,Non-Injury Crash,Yes,2009,,South,,0,,Flat,,,,,,Bright sun,443200,0,0,0,5,,,0,,,,,,Auckland Region,Nil,1-way,Sealed,,0,0,,80,,Null,0,0,,76,Auckland,Unknown,,,,,0,0,Open,0,,,Fine,Null
1718097,6048854,19432,,502300,0,,0,0,,Null,2009/2010,FAIRWAY DRIVE,WHAU VALLEY ROAD,,Non-Injury Crash,No,2009,,West,,0,,Flat,,,,,,Bright sun,88900,0,0,0,2,,,0,,,,,,Northland Region,Nil,2-way,Sealed,,0,0,,50,,Off,1,0,,2,Whangarei District,Nil,,,,,0,0,Urban,0,,,Fine,Null
1891906,5768131,19433,,538832,0,,0,2,,West,2008/2009,TARAWERA ROAD,OKAREKA LOOP ROAD S,,Non-Injury Crash,No,2009,,West,,0,,Hill Road,,,,,,Overcast,1258503,0,0,0,2,,,0,,,,,,Bay of Plenty Region,Nil,2-way,Sealed,,0,0,,50,,Null,0,0,,24,Rotorua District,Unknown,,,,,0,0,Urban,0,,,Fine,Null
1801425,5818211,19434,,529501,0,0,0,1,0,North,2008/2009,HUKANUI ROAD,KENSINGTON PLACE,,Non-Injury Crash,No,2009,0,North,0,0,1,Flat,0,,0,,0,Dark,875500,0,0,0,2,0,0,0,0,0,,0,0,Waikato Region,Nil,2-way,Sealed,0,0,0,0,50,0,On,0,0,,16,Hamilton City,Unknown,1,0,0,0,0,0,Urban,0,0,0,Light rain,Null
1930485,5605224,19435,,548200,0,,0,2,,Null,2008/2009,KARAMU ROAD NORTH,ALBERT ST,,Non-Injury Crash,No,2009,,South,,0,,Flat,,,,,,Bright sun,1494100,0,0,0,2,,,0,,,,,,Hawke's Bay Region,Nil,2-way,Sealed,,0,0,,50,,Null,0,0,,30,Hastings District,Give way,,,,,0,0,Urban,0,,,Fine,Null
1557296,5167775,19436,,597200,0,,0,2,,Null,2008/2009,SPRINGS ROAD,ELLESMERE JUNCTION ROAD,,Non-Injury Crash,No,2009,,South,,0,,Flat,,,,,,Overcast,2717700,0,0,0,2,,,0,,,,,,Canterbury Region,Nil,2-way,Sealed,,0,0,,70,,Null,0,0,,62,Selwyn District,Give way,,,,,0,0,Urban,0,,,Fine,Null
1772705,5445242,19437,,567300,0,,0,2,,East,2008/2009,FERGUSSON DRIVE,GOLDERS ROAD,,Non-Injury Crash,No,2009,,West,,0,,Flat,,,,,,Overcast,1893800,0,0,0,2,,,0,,,,,,Wellington Region,Nil,2-way,Sealed,,0,0,,50,,Null,0,0,,45,Upper Hutt City,Nil,,,,,0,0,Urban,0,,,Light rain,Null
1754276,5914822,19438,,518802,0,0,0,1,0,East,2009/2010,GIFFORD AVENUE,SANDRINGHAM ROAD,,Non-Injury Crash,No,2009,0,West,0,0,0,Flat,0,,0,,0,Overcast,578000,0,0,0,2,0,0,0,0,1,,0,0,Auckland Region,Nil,2-way,Sealed,0,0,0,0,50,0,Off,0,0,,76,Auckland,Nil,0,0,0,0,1,0,Urban,0,0,0,Fine,Null
1767780,5903864,19439,,524602,0,,0,0,,Null,2008/2009,MANUKAU OFF NBD,GREAT SOUTH ROAD,,Non-Injury Crash,Yes,2009,,West,,0,,Flat,,,,,,Dark,780417,0,0,0,1,,,0,,,,,,Auckland Region,Motorway ramp,1-way,Sealed,,0,0,,50,,On,0,0,,76,Auckland,Traffic Signals,,,,,1,0,Urban,1,,,Light rain,Null
1751097,5946626,19440,,506001,0,,0,0,,East,2009/2010,WHANGAPARAOA ROAD,HIBISCUS COAST HIGHWAY,,Non-Injury Crash,No,2009,,North,,0,,Flat,,,,,,Bright sun,175501,0,0,0,2,,,0,,,,,,Auckland Region,Nil,2-way,Sealed,,0,0,,60,,Off,1,0,,76,Auckland,Nil,,,,,0,0,Urban,0,,,Fine,Null
1803916,5813937,19441,,530700,0,,0,0,,North,2008/2009,CAMBRIDGE ROAD,MASTERS AVENUE,,Non-Injury Crash,No,2009,,South,,0,,Flat,,,,,,Overcast,888800,0,0,0,2,,,0,,,,,,Waikato Region,Nil,2-way,Sealed,,0,0,,50,,Null,0,0,,16,Hamilton City,Unknown,,,,,0,0,Urban,2,,,Fine,Null
1755000,5929384,19442,,508420,0,0,0,1,0,Null,2008/2009,LINK DRIVE,TARGET ROAD,,Non-Injury Crash,No,2009,0,West,0,0,0,Flat,0,,0,,0,Dark,183800,0,0,0,1,0,0,0,0,0,,0,0,Auckland Region,Nil,2-way,Sealed,0,0,0,0,50,0,On,0,0,,76,Auckland,Traffic Signals,1,1,0,0,0,0,Urban,0,0,0,Light rain,Null
1758463,5455224,19443,,571800,0,1,0,1,0,North,2009/2010,SH 1N,GRAY ST,,Non-Injury Crash,Yes,2009,0,South,0,0,0,Flat,0,,0,,0,Bright sun,2066500,0,0,0,2,0,0,0,0,0,,0,0,Wellington Region,Bridge,2-way,Sealed,0,0,0,0,50,0,Null,0,0,,44,Porirua City,Nil,0,0,0,0,0,0,Urban,0,0,0,Fine,Null
1757224,5918974,19444,,514301,0,,0,1,,North,2009/2010,SH 1N,GRAFTON OBR,,Non-Injury Crash,Yes,2009,,North,,0,,Flat,,,,,,Bright sun,441200,0,0,0,3,,,0,,,,,,Auckland Region,Nil,1-way,Sealed,,0,0,,80,,Off,1,0,,76,Auckland,Nil,,,,,0,0,Open,0,,,Fine,Null
1889039,5822347,19445,,536517,0,0,0,0,0,West,2008/2009,GRAVATT ROAD,BEACHWATER DRIVE,,Non-Injury Crash,No,2009,0,West,0,0,0,Flat,0,,0,,0,Dark,1205070,0,0,0,2,0,0,0,0,0,,1,0,Bay of Plenty Region,Nil,2-way,Sealed,0,0,0,0,50,0,On,0,0,,23,Tauranga City,Nil,1,1,0,0,0,0,Urban,1,0,0,Fine,Null