X,Y,OBJECTID,advisorySpeed,areaUnitID,bicycle,bridge,bus,carStationWagon,cliffBank,crashDirectionDescription,crashFinancialYear,crashLocation1,crashLocation2,crashRoadSideRoad,crashSeverity,crashSHDescription,crashYear,debris,directionRoleDescription,ditch,fatalCount,fence,flatHill,guardRail,holiday,houseOrBuilding,intersection,kerb,light,meshblockId,minorInjuryCount,moped,motorcycle,NumberOfLanes,objectThrownOrDropped,otherObject,otherVehicleType,overBank,parkedVehicle,pedestrian,phoneBoxEtc,postOrPole,region,roadCharacter,roadLane,roadSurface,roadworks,schoolBus,seriousInjuryCount,slipOrFlood,speedLimit,strayAnimal,streetLight,suv,taxi,temporarySpeedLimit,tlaId,tlaName,trafficControl,trafficIsland,trafficSign,train,tree,truck,unknownVehicleType,urban,vanOrUtility,vehicle,waterRiver,weatherA,weatherB
1930317,5604449,19446,,548200,0,,0,2,,Null,2008/2009,WILLOWPARK ROAD NORTH,QUEEN ST EAST,,Non-Injury Crash,No,2009,,South,,0,,Flat,,,,,,Bright sun,1494000,0,0,0,2,,,0,,,,,,Hawke's Bay Region,Nil,2-way,Sealed,,0,0,,50,,Null,0,0,,30,Hastings District,Give way,,,,,0,0,Urban,0,,,Fine,Null
1718482,6045012,19447,,502900,0,,0,2,,Null,2008/2009,MAUNU ROAD,NORTH ST,,Non-Injury Crash,No,2009,,West,,0,,Flat,,,,,,Overcast,103500,0,0,0,4,,,0,,,,,,Northland Region,Nil,2-way,Sealed,,0,0,,50,,Off,0,0,,2,Whangarei District,Give way,,,,,0,0,Urban,0,,,Fine,Null
1867707,5713427,19448,,541720,0,,0,2,,Null,2009/2010,TAMAMUTU ST,KAIMANAWA ST,,Non-Injury Crash,No,2009,,West,,0,,Flat,,,,,,Overcast,1273200,0,0,0,2,,,0,,,,,,Waikato Region,Nil,2-way,Sealed,,0,0,,50,,Null,0,0,,21,Taupo District,Stop,,,,,0,0,Urban,0,,,Fine,Null
1878422,5822803,19449,,538102,0,0,0,1,0,Null,2008/2009,CAMERON ROAD,TWELFTH AVENUE,,Non-Injury Crash,No,2009,0,West,0,0,0,Flat,0,,0,,0,Dark,1167104,0,0,0,4,0,0,0,0,0,,0,1,Bay of Plenty Region,Nil,2-way,Sealed,0,0,0,0,50,0,On,0,0,,23,Tauranga City,Give way,1,0,0,0,0,0,Urban,0,0,0,Light rain,Null
1844102,5802912,19450,,535242,0,0,0,0,0,Null,2008/2009,SH 27,SH 29 E,,Non-Injury Crash,Yes,2009,0,East,0,0,0,Flat,0,,0,,0,Bright sun,1116100,0,0,0,2,0,0,0,0,0,,0,1,Waikato Region,Nil,2-way,Sealed,0,0,0,0,100,0,Null,0,0,,15,Matamata-Piako District,Stop,0,0,0,0,0,0,Open,1,0,0,Fine,Null
1749195,5427283,19451,,573101,0,,0,2,,West,2009/2010,WAKEFIELD ST,TORY ST,,Non-Injury Crash,No,2009,,West,,0,,Flat,,,,,,Bright sun,2135600,0,0,0,2,,,0,,,,,,Wellington Region,Nil,2-way,Sealed,,0,0,,50,,Null,0,0,,47,Wellington City,Nil,,,,,0,0,Urban,0,,,Fine,Null
1755497,5434594,19452,,569800,0,,0,1,,South,2008/2009,SH 2,PETONE ON SBD,,Non-Injury Crash,Yes,2009,,West,,0,,Flat,,,,,,Dark,1922202,0,0,0,3,,,0,,,,,,Wellington Region,Nil,1-way,Sealed,,0,0,,100,,On,0,0,,46,Lower Hutt City,Nil,,,,,0,0,Open,1,,,Fine,Frost
1770493,5915596,19453,,522712,0,0,0,1,0,East,2008/2009,GILLS ROAD,WYCHERLEY DRIVE,,Non-Injury Crash,No,2009,0,West,0,0,0,Hill Road,0,,0,,0,Dark,680502,0,0,0,2,0,0,0,0,0,,0,0,Auckland Region,Nil,2-way,Sealed,0,0,0,0,50,0,On,0,0,,76,Auckland,Unknown,0,0,0,0,0,0,Urban,0,0,0,Fine,Null
1768491,5911663,19454,,523112,0,,0,2,,Null,2008/2009,TI RAKAU DRIVE,TRUGOOD DRIVE,,Non-Injury Crash,No,2009,,West,,0,,Flat,,,,,,Bright sun,711404,0,0,0,2,,,0,,,,,,Auckland Region,Nil,2-way,Sealed,,0,0,,60,,Off,0,0,,76,Auckland,Traffic Signals,,,,,0,0,Urban,0,,,Fine,Null
1406386,4915875,19455,,602800,1,,0,0,,Null,2009/2010,WHARF ST,ROBERTS ST,,Minor Crash,No,2009,,South,,0,,Flat,,,,,,Overcast,2895000,1,0,0,2,,,0,,,,,,Otago Region,Nil,2-way,Sealed,,0,0,,50,,Null,1,0,,71,Dunedin City,Give way,,,,,0,0,Urban,0,,,Fine,Null
1760510,5434644,19456,,568702,0,,0,2,,East,2008/2009,WHITES LINE EAST,GODLEY ST,,Non-Injury Crash,No,2009,,East,,0,,Flat,,,,,,Bright sun,1977900,0,0,0,2,,,0,,,,,,Wellington Region,Nil,2-way,Sealed,,0,0,,50,,Null,0,0,,46,Lower Hutt City,Nil,,,,,0,0,Urban,0,,,Fine,Null
1800892,5815541,19457,,529700,0,,0,2,,Null,2008/2009,VICTORIA ST,CLAUDELANDS ROAD,,Non-Injury Crash,No,2009,,South,,0,,Flat,,,,,,Overcast,911402,0,0,0,2,,,0,,,,,,Waikato Region,Nil,2-way,Sealed,,0,0,,50,,Null,0,0,,16,Hamilton City,Traffic Signals,,,,,0,0,Urban,0,,,Fine,Null
1699288,6095197,19458,,501100,0,,0,1,,South,2008/2009,WILLIAMS ROAD,MARSDEN ROAD,,Non-Injury Crash,No,2009,,West,,0,,Flat,,,,,,Twilight,54300,0,0,0,1,,,0,,,,,,Northland Region,Nil,1-way,Sealed,,0,0,,50,,Off,1,0,,1,Far North District,Nil,,,,,0,0,Urban,0,,,Fine,Null
1772668,5896442,19459,,525410,0,,0,2,,Null,2009/2010,GREAT SOUTH ROAD,ELLIOT ST,,Non-Injury Crash,No,2009,,South,,0,,Flat,,Labour Weekend,,,,Bright sun,793000,0,0,0,2,,,0,,,,,,Auckland Region,Nil,2-way,Sealed,,0,0,,50,,Null,0,0,,76,Auckland,Traffic Signals,,,,,0,0,Urban,0,,,Fine,Null
1258787,5009190,19460,,609303,0,0,0,1,0,Null,2008/2009,OXENBRIDGE TUNNEL ROAD,ARTHURS POINT ROAD,,Non-Injury Crash,No,2009,0,South,0,0,0,Flat,0,,0,,0,Bright sun,3039402,0,0,0,1,0,0,0,1,0,,0,0,Otago Region,Nil,2-way,Unsealed,0,0,0,0,50,0,Null,0,0,,70,Queenstown-Lakes District,Give way,0,0,0,0,0,0,Urban,0,0,1,Fine,Null
1758557,5918530,19461,,517400,0,0,0,1,0,South,2008/2009,BROADWAY,DAVIS CRESCENT,,Non-Injury Crash,No,2009,0,South,0,0,0,Flat,0,,0,,0,Dark,450901,0,0,0,2,0,0,0,0,1,,0,0,Auckland Region,Nil,2-way,Sealed,0,0,0,0,50,0,On,0,0,,76,Auckland,Nil,0,0,0,0,0,0,Urban,1,0,0,Light rain,Null
1763121,5908022,19462,,524402,0,,0,0,,Null,2009/2010,MASSEY ROAD,GRAY AVENUE,,Non-Injury Crash,No,2009,,West,,0,,Flat,,,,,,Bright sun,750000,0,0,0,3,,,0,,,,,,Auckland Region,Nil,2-way,Sealed,,0,0,,50,,Off,1,0,,76,Auckland,Traffic Signals,,,,,1,0,Urban,0,,,Fine,Null
1810057,5786024,19463,,527934,0,0,0,1,0,North,2008/2009,ARAPUNI ROAD,TIKI ROAD,,Non-Injury Crash,No,2009,0,East,0,0,0,Flat,0,,0,,0,Dark,989700,0,0,0,2,0,0,0,1,0,,0,0,Waikato Region,Nil,2-way,Sealed,0,0,0,0,100,0,None,0,0,,17,Waipa District,Unknown,0,0,0,0,0,0,Open,0,0,0,Fine,Frost
1811214,5514640,19464,,564021,0,0,0,1,0,South,2008/2009,SH 57,TAMATARAU ROAD,,Non-Injury Crash,Yes,2009,0,North,1,0,0,Hill Road,0,Easter,0,,0,Dark,1853700,0,0,0,2,0,0,0,0,0,,0,0,Manawatū-Whanganui Region,Nil,2-way,Sealed,0,0,0,0,100,0,None,0,0,,42,Horowhenua District,Nil,0,0,0,0,0,0,Open,0,0,0,Fine,Null
1759736,5924762,19465,,508110,0,,0,2,,North,2009/2010,LAKE ROAD,ROBERTS AVENUE,,Non-Injury Crash,No,2009,,North,,0,,Flat,,,,,,Bright sun,317900,0,0,0,2,,,0,,,,,,Auckland Region,Nil,2-way,Sealed,,0,0,,50,,Null,0,0,,76,Auckland,Unknown,,,,,0,0,Urban,0,,,Fine,Null
1759729,5434344,19466,,568900,0,,0,1,,Null,2009/2010,RANDWICK ROAD,YORK ST,,Minor Crash,No,2009,,South,,0,,Flat,,,,,,Overcast,1963300,1,0,0,2,,,0,,,,,,Wellington Region,Nil,2-way,Sealed,,0,0,,50,,Null,0,0,,46,Lower Hutt City,Give way,,,,,0,0,Urban,1,,,Fine,Null
1764588,5903828,19467,,524604,0,0,0,1,0,South,2009/2010,SH 20,PUHINUI OFF NBD,,Non-Injury Crash,Yes,2009,0,North,1,0,1,Flat,0,,0,,0,Dark,781100,0,0,0,2,0,0,0,0,0,,0,0,Auckland Region,Motorway ramp,2-way,Sealed,0,0,0,1,80,0,None,0,0,,76,Auckland,Nil,0,0,0,0,0,0,Open,0,0,0,Heavy rain,Null
1749158,5426341,19468,,573300,0,,0,1,,Null,2008/2009,SH 1N PATERSON,DUFFERIN ST,,Non-Injury Crash,Yes,2009,,South,,0,,Hill Road,,,,,,Overcast,2145602,0,0,0,4,,,0,,,,,,Wellington Region,Nil,2-way,Sealed,,0,0,,50,,Null,1,0,,47,Wellington City,Traffic Signals,,,,,0,0,Urban,0,,,Fine,Null
1239798,4873393,19469,,610040,0,0,0,0,0,South,2008/2009,SH 6,OSHANNESSY ROAD,,Minor Crash,Yes,2009,0,South,0,0,1,Flat,0,,0,,0,Dark,3075000,1,0,0,2,0,0,0,0,0,,0,0,Southland Region,Nil,2-way,Sealed,0,0,0,0,100,0,None,1,0,,73,Southland District,Unknown,0,0,0,0,0,0,Open,0,0,0,Mist or Fog,Null
1754664,5443168,19470,,571000,0,0,0,1,0,South,2008/2009,SH 1N,MUNGAVIN OFF NBD,,Non-Injury Crash,Yes,2009,0,North,0,0,0,Flat,0,,0,,0,Overcast,2052000,0,0,0,2,0,0,0,1,0,,0,0,Wellington Region,Nil,2-way,Sealed,0,0,0,0,100,0,Null,0,0,,44,Porirua City,Nil,0,0,0,1,0,0,Open,0,0,0,Light rain,Null
1793122,5834983,19471,,527112,0,,0,1,,East,2008/2009,SH 1N,GREENLANE ROAD,,Non-Injury Crash,Yes,2009,,West,,0,,Flat,,,,,,Overcast,951500,0,0,0,2,,,0,,,,,,Waikato Region,Nil,2-way,Sealed,,0,0,,70,,Null,0,0,,13,Waikato District,Nil,,,,,0,0,Urban,1,,,Light rain,Null
1867345,5714083,19472,,541720,0,0,0,1,0,West,2009/2010,WAIKATO ST,RUNANGA ST,,Non-Injury Crash,No,2009,0,West,0,0,0,Hill Road,0,,0,,0,Twilight,1275000,0,0,0,2,0,0,0,0,0,,0,1,Waikato Region,Nil,2-way,Sealed,0,0,0,0,50,0,On,0,0,,21,Taupo District,Nil,0,0,0,0,0,0,Urban,0,0,0,Fine,Null
1758140,5920853,19473,,514101,0,,0,2,,Null,2008/2009,QUAY ST,TANGIHUA ST,,Non-Injury Crash,No,2009,,West,,0,,Flat,,,,,,Dark,438211,0,0,0,3,,,0,,,,,,Auckland Region,Nil,2-way,Sealed,,0,0,,50,,On,0,0,,76,Auckland,Traffic Signals,,,,,0,0,Urban,0,,,Fine,Null
1743777,5916399,19474,,513011,0,,0,2,,Null,2008/2009,PALOMINO DRIVE,SAN BERNADINO DRIVE,,Non-Injury Crash,No,2009,,North,,0,,Hill Road,,,,,,Overcast,280704,0,0,0,2,,,0,,,,,,Auckland Region,Nil,2-way,Sealed,,0,0,,50,,Off,0,0,,76,Auckland,Give way,,,,,0,0,Urban,0,,,Light rain,Null
1566007,5185297,19475,,588500,0,0,0,1,0,West,2008/2009,HAREWOOD ROAD,GARDINERS ROAD,,Non-Injury Crash,No,2009,0,West,0,0,0,Flat,0,,0,,0,Dark,2527700,0,0,0,4,0,0,0,0,0,,0,1,Canterbury Region,Nil,2-way,Sealed,0,0,0,0,50,0,On,0,0,,60,Christchurch City,Unknown,0,0,0,0,0,0,Urban,0,0,0,Fine,Null
1768679,5443021,19476,,564510,0,,0,2,,East,2009/2010,FERGUSSON DRIVE,FIELD ST,,Non-Injury Crash,No,2009,,South,,0,,Flat,,,,,,Twilight,1902900,0,0,0,2,,,0,,,,,,Wellington Region,Nil,2-way,Sealed,,0,0,,50,,On,0,0,,45,Upper Hutt City,Nil,,,,,0,0,Urban,0,,,Fine,Null
1762882,5431856,19477,,565100,0,0,0,1,0,Null,2009/2010,WELLINGTON ROAD,DUBLIN ST,,Non-Injury Crash,No,2009,0,North,0,0,0,Hill Road,0,,0,,1,Dark,2011300,0,0,0,2,0,0,0,0,0,,0,0,Wellington Region,Nil,2-way,Sealed,0,0,0,0,50,0,On,0,0,,46,Lower Hutt City,Nil,0,0,0,1,0,0,Urban,0,0,0,Light rain,Null
1762851,5455285,19478,,565700,0,0,0,1,1,North,2009/2010,PAEKAKARIKI HILL ROAD,GRAYS ROAD,,Non-Injury Crash,No,2009,0,North,0,0,0,Hill Road,0,,0,,0,Bright sun,2072101,0,0,0,2,0,0,0,0,0,,0,0,Wellington Region,Nil,2-way,Sealed,0,0,0,0,70,0,Null,0,0,,44,Porirua City,Nil,0,0,0,0,0,0,Urban,0,0,0,Fine,Null
1459607,5087076,19479,,598700,0,,0,0,,Null,2008/2009,SH 1S,WASHDYKE FLAT ROAD,,Minor Crash,Yes,2009,,North,,0,,Flat,,,,,,Bright sun,2773900,2,0,0,2,,,0,,,,,,Canterbury Region,Nil,2-way,Sealed,,0,0,,70,,Null,0,0,,64,Timaru District,Stop,,,,,1,0,Urban,1,,,Fine,Null
1764379,5913434,19480,,520500,0,,0,2,,South,2009/2010,CARBINE ROAD,WAIPUNA ROAD,,Non-Injury Crash,No,2009,,East,,0,,Flat,,,,,,Twilight,638700,0,0,0,2,,,0,,,,,,Auckland Region,Nil,2-way,Sealed,,0,0,,50,,On,0,0,,76,Auckland,Unknown,,,,,0,0,Urban,0,,,Fine,Null
1780646,5926172,19481,,520801,0,,0,1,,East,2008/2009,HAMILTON ROAD,BLAKE ST,,Non-Injury Crash,No,2009,,East,,0,,Flat,,Queens Birthday,,,,Overcast,516603,0,0,0,2,,,0,,,,,,Auckland Region,Nil,2-way,Sealed,,0,0,,50,,Off,0,0,,76,Auckland,Nil,,,,,0,0,Urban,1,,,Fine,Null
1721269,6048965,19482,,502004,0,0,0,1,0,West,2009/2010,WHAREORA ROAD,CLAPHAM ROAD,,Non-Injury Crash,No,2009,0,West,0,0,0,Hill Road,0,,0,,0,Dark,72601,0,0,0,2,0,0,0,0,0,,0,0,Northland Region,Nil,2-way,Sealed,0,0,0,0,100,0,None,0,0,,2,Whangarei District,Nil,0,0,0,1,0,0,Open,0,0,0,Fine,Null
1740235,5999011,19483,,505021,0,,0,1,,South,2009/2010,DEVICH ROAD,KAIWAKA MANGAWHAI ROAD,,Non-Injury Crash,No,2009,,South,,0,,Hill Road,,,,,,Bright sun,133802,0,0,0,2,,,0,,,,,,Northland Region,Nil,2-way,Unsealed,,0,0,,100,,None,1,0,,3,Kaipara District,Nil,,,,,0,0,Open,0,,,Fine,Null
1936790,5620632,19484,,546901,0,,0,2,,Null,2008/2009,SALE ST,MUNROE ST,,Non-Injury Crash,No,2009,,West,,0,,Flat,,,,,,Overcast,1430300,0,0,0,2,,,0,,,,,,Hawke's Bay Region,Nil,2-way,Sealed,,0,0,,50,,Null,0,0,,31,Napier City,Stop,,,,,0,0,Urban,0,,,Fine,Null
1802513,5813528,19485,,530300,0,,0,1,,Null,2009/2010,SH 1N,GREY ST,,Non-Injury Crash,Yes,2009,,South,,0,,Flat,,,,,,Bright sun,882500,0,0,0,2,,,0,,,,,,Waikato Region,Nil,2-way,Sealed,,0,0,,80,,Off,1,0,,16,Hamilton City,Give way,,,,,0,0,Open,0,,,Fine,Null
1882030,5775605,19486,,539100,0,0,0,1,0,East,2009/2010,FAIRVIEW ROAD,GORDON ROAD,,Non-Injury Crash,No,2009,0,West,0,0,1,Hill Road,0,,0,,0,Dark,1219000,0,0,0,2,0,0,0,0,0,,0,0,Bay of Plenty Region,Nil,2-way,Sealed,0,0,0,0,50,0,On,0,0,,24,Rotorua District,Unknown,0,0,0,0,0,0,Urban,0,0,0,Light rain,Null
1756989,5916614,19487,,518202,0,,0,2,,Null,2008/2009,MOUNT EDEN ROAD,GRANGE ROAD,,Non-Injury Crash,No,2009,,North,,0,,Flat,,,,,,Bright sun,550500,0,0,0,2,,,0,,,,,,Auckland Region,Nil,2-way,Sealed,,0,0,,50,,Null,0,0,,76,Auckland,Stop,,,,,0,0,Urban,0,,,Fine,Null
1765725,5907091,19488,,522301,0,,0,2,,East,2008/2009,EAST TAMAKI ROAD,GREAT SOUTH ROAD,,Non-Injury Crash,No,2009,,East,,0,,Flat,,,,,,Bright sun,666301,0,0,0,2,,,0,,,,,,Auckland Region,Nil,2-way,Sealed,,0,0,,50,,Null,0,0,,76,Auckland,Nil,,,,,0,0,Urban,0,,,Fine,Null
1767299,5904135,19489,,524602,0,,1,2,,Null,2008/2009,MANUKAU STATION ROAD,BARROWCLIFFE PLACE,,Non-Injury Crash,No,2009,,West,,0,,Flat,,,,,,Overcast,780416,0,0,0,5,,,0,,,,,,Auckland Region,Nil,2-way,Sealed,,0,0,,70,,Off,0,0,,76,Auckland,Traffic Signals,,,,,0,0,Urban,0,,,Light rain,Null
1763928,5910077,19490,,521901,0,0,0,1,0,Null,2009/2010,GREAT SOUTH ROAD,PRINCES ST,,Non-Injury Crash,No,2009,0,South,0,0,1,Flat,0,,0,,0,Dark,782200,0,0,0,4,0,0,0,0,0,,0,0,Auckland Region,Nil,2-way,Sealed,0,0,0,0,50,0,On,0,0,,76,Auckland,Give way,0,0,0,0,0,0,Urban,0,0,0,Fine,Null
1757025,5919442,19491,,514103,0,,0,2,,Null,2009/2010,UPPER QUEEN ST,KARANGAHAPE ROAD,,Non-Injury Crash,No,2009,,South,,0,,Hill Road,,,,,,Overcast,436401,0,0,0,4,,,0,,,,,,Auckland Region,Nil,2-way,Sealed,,0,0,,50,,Off,0,0,,76,Auckland,Traffic Signals,,,,,0,0,Urban,0,,,Fine,Null
1762407,5913251,19492,,520500,0,,0,1,,Null,2009/2010,SEART ON NBD,SH 1N,,Non-Injury Crash,Yes,2009,,North,,0,,Flat,,,,,,Bright sun,637200,0,0,0,2,,,0,,,,,,Auckland Region,Motorway ramp,1-way,Sealed,,0,0,,80,,Off,0,0,,76,Auckland,Traffic Signals,,,,,0,0,Open,1,,,Fine,Null
1774508,5446219,19493,,567000,0,,0,2,,Null,2009/2010,CLOUSTON PARK ROAD,CHARLES ST,,Non-Injury Crash,No,2009,,West,,0,,Flat,,,,,,Overcast,1908300,0,0,0,2,,,0,,,,,,Wellington Region,Nil,2-way,Sealed,,0,0,,50,,Null,0,0,,45,Upper Hutt City,Give way,,,,,0,0,Urban,0,,,Fine,Null
1766241,5441517,19494,,568101,0,,0,2,,East,2009/2010,EASTERN HUTT ROAD,STOKES VALLEY ROAD,,Non-Injury Crash,No,2009,,East,,0,,Flat,,,,,,Dark,1929600,0,0,0,2,,,0,,,,,,Wellington Region,Nil,2-way,Sealed,,0,0,,80,,On,0,0,,46,Lower Hutt City,Nil,,,,,0,0,Open,0,,,Fine,Null
1753062,5931307,19495,,508807,0,,0,1,,Null,2009/2010,PAUL MATTHEWS ROAD,SATURN PLACE,,Non-Injury Crash,No,2009,,North,,0,,Flat,,,,,,Bright sun,180809,0,0,0,4,,,0,,,,,,Auckland Region,Nil,2-way,Sealed,,0,0,,50,,Null,1,0,,76,Auckland,Nil,,,,,0,0,Urban,0,,,Fine,Null
1773126,5895671,19496,,525410,0,,0,2,,Null,2008/2009,SETTLEMENT ROAD,KING EDWARD AVENUE,,Non-Injury Crash,No,2009,,South,,0,,Flat,,,,,,Bright sun,793502,0,0,0,2,,,0,,,,,,Auckland Region,Nil,2-way,Sealed,,0,0,,50,,Null,0,0,,76,Auckland,Stop,,,,,0,0,Urban,0,,,Fine,Null
1768926,5900843,19497,,524902,0,,0,1,,East,2008/2009,ALFRISTON ROAD,GREAT SOUTH ROAD,,Non-Injury Crash,No,2009,,East,,0,,Flat,,,,,,Dark,758200,0,0,0,2,,,0,,,,,,Auckland Region,Nil,2-way,Sealed,,0,0,,50,,On,1,0,,76,Auckland,Nil,,,,,0,0,Urban,0,,,Fine,Null
1858523,5839626,19498,,535800,0,0,0,1,0,North,2009/2010,CLIVE ROAD,FENCOURT CRESCENT,,Non-Injury Crash,No,2009,0,South,0,0,0,Flat,0,,0,,0,Overcast,1183700,0,0,0,2,0,0,0,0,1,,0,0,Bay of Plenty Region,Nil,2-way,Sealed,0,0,0,0,50,0,Null,1,0,,22,Western Bay of Plenty District,Unknown,0,0,0,0,0,0,Urban,0,0,0,Light rain,Null
1757062,5917864,19499,,518101,0,,0,2,,East,2009/2010,NORMANBY ROAD,MOUNT EDEN ROAD,,Non-Injury Crash,No,2009,,West,,0,,Flat,,,,,,Bright sun,546200,0,0,0,2,,,0,,,,,,Auckland Region,Nil,2-way,Sealed,,0,0,,50,,Null,0,0,,76,Auckland,Give way,,,,,0,0,Urban,0,,,Fine,Null
1601010,5451041,19500,45,584301,0,0,0,0,0,Null,2008/2009,SH 60,MOTUEKA BR E,,Non-Injury Crash,Yes,2009,0,North,0,0,0,Hill Road,1,,0,,0,Bright sun,2370601,0,0,1,2,0,0,0,0,0,,0,0,Tasman Region,Bridge,2-way,Sealed,0,0,0,0,80,0,Off,0,0,,51,Tasman District,Nil,0,0,0,0,0,0,Open,0,0,0,Fine,Null
1755720,5446053,19501,,571501,0,,0,2,,Null,2009/2010,WHITFORD BROWN AVENUE,PAPAKOWHAI ROAD,,Non-Injury Crash,No,2009,,East,,0,,Flat,,,,,,Overcast,2056601,0,0,0,2,,,0,,,,,,Wellington Region,Nil,2-way,Sealed,,0,0,,70,,Null,0,0,,44,Porirua City,Give way,,,,,0,0,Urban,0,,,Fine,Null
1751648,5434969,19502,,573802,0,0,0,2,0,South,2008/2009,MACAULAY ST,BURGESS ROAD,,Non-Injury Crash,No,2009,0,North,0,0,0,Flat,0,,0,,0,Bright sun,2078500,0,0,0,1,0,0,0,0,1,,0,0,Wellington Region,Nil,2-way,Sealed,0,0,0,0,50,0,Null,0,0,,47,Wellington City,Nil,0,0,0,0,0,0,Urban,0,0,0,Fine,Null
1759395,5916518,19503,,516001,0,0,0,1,0,North,2008/2009,SH 1N,OMAHU OBR,,Non-Injury Crash,Yes,2009,0,South,0,0,0,Flat,1,,0,,0,Dark,491700,0,0,0,3,0,0,0,0,0,,0,0,Auckland Region,Nil,1-way,Sealed,0,0,0,0,100,0,On,0,0,,76,Auckland,Nil,0,0,0,0,0,0,Open,0,0,0,Heavy rain,Null
1804271,5790579,19504,,531002,0,,0,2,,West,2008/2009,ARAWATA ST,GEORGE ST,,Non-Injury Crash,No,2009,,West,,0,,Flat,,,,,,Overcast,973200,0,0,0,2,,,0,,,,,,Waikato Region,Nil,2-way,Sealed,,0,0,,50,,Null,0,0,,17,Waipa District,Unknown,,,,,0,0,Urban,0,,,Fine,Null
1755005,5915739,19505,,517703,0,,0,2,,Null,2009/2010,HALESOWEN AVENUE,ARABI ST,,Non-Injury Crash,No,2009,,East,,0,,Flat,,,,,,Dark,538400,0,0,0,2,,,0,,,,,,Auckland Region,Nil,2-way,Sealed,,0,0,,50,,On,0,0,,76,Auckland,Stop,,,,,0,0,Urban,0,,,Fine,Null
1739919,5918981,19506,,513102,0,0,0,1,0,East,2009/2010,SWANSON ROAD,PARKLANDS AVENUE,,Non-Injury Crash,No,2009,0,West,0,0,0,Hill Road,0,,0,,0,Overcast,237502,0,0,0,2,0,0,0,0,1,,0,0,Auckland Region,Nil,2-way,Sealed,0,0,0,0,80,0,None,1,0,,76,Auckland,Nil,0,0,0,0,0,0,Open,0,0,0,Light rain,Null
1858746,5855377,19507,,534100,0,0,0,1,1,West,2009/2010,WAIHI BEACH ROAD,FERGUS ROAD,,Non-Injury Crash,No,2009,0,East,0,0,0,Hill Road,0,,0,,0,Overcast,1083503,0,0,0,2,0,0,0,0,0,,0,0,Bay of Plenty Region,Nil,2-way,Sealed,0,0,0,0,100,0,None,0,0,,22,Western Bay of Plenty District,Nil,0,0,0,0,0,0,Open,0,0,0,Light rain,Null
1753019,5875113,19508,30,526103,0,0,0,1,0,East,2008/2009,PACIFIC ST,MARTYN ST,,Non-Injury Crash,No,2009,0,West,0,0,1,Flat,0,,0,,0,Bright sun,837700,0,0,0,2,0,0,0,0,0,,0,0,Auckland Region,Nil,2-way,Sealed,0,0,0,0,50,0,Off,0,0,,76,Auckland,Nil,0,0,0,0,0,0,Urban,0,0,0,Fine,Null
1746848,5922553,19509,,512201,0,0,0,1,0,North,2008/2009,TE ATATU ROAD,WHARF ROAD,,Non-Injury Crash,No,2009,0,East,0,0,1,Flat,0,,0,,0,Overcast,245400,0,0,0,2,0,0,0,0,0,,0,1,Auckland Region,Nil,2-way,Sealed,0,0,0,0,50,0,Null,0,0,,76,Auckland,Nil,0,0,0,0,0,0,Urban,0,0,0,Light rain,Null
1755000,5929384,19510,,508420,0,,0,2,,Null,2009/2010,TARGET ROAD,LINK DRIVE,,Non-Injury Crash,No,2009,,North,,0,,Flat,,,,,,Bright sun,183800,0,0,0,2,,,0,,,,,,Auckland Region,Nil,2-way,Sealed,,0,0,,50,,Off,0,0,,76,Auckland,Nil,,,,,0,0,Urban,0,,,Fine,Null
1757813,5918166,19511,,515700,0,,0,2,,South,2009/2010,SH 1N,MOUNTAIN OBR,,Non-Injury Crash,Yes,2009,,North,,0,,Flat,,,,,,Bright sun,443600,0,0,0,4,,,0,,,,,,Auckland Region,Nil,1-way,Sealed,,0,0,,80,,Off,0,0,,76,Auckland,Nil,,,,,0,0,Open,0,,,Fine,Null
1760922,5907134,19512,,524112,0,0,0,1,0,South,2009/2010,SH 20,BADER OBR,,Non-Injury Crash,Yes,2009,0,South,0,0,0,Flat,0,,0,,0,Dark,742102,0,0,0,2,0,0,0,0,0,,0,0,Auckland Region,Nil,2-way,Sealed,0,0,0,0,100,0,On,0,0,,76,Auckland,Nil,0,1,0,0,0,0,Open,0,0,0,Fine,Null
1753019,5913510,19513,,514500,0,,0,2,,West,2008/2009,ROSAMUND AVENUE,HAYCOCK AVENUE,,Non-Injury Crash,No,2009,,West,,0,,Hill Road,,,,,,Dark,376102,0,0,0,2,,,0,,,,,,Auckland Region,Nil,2-way,Sealed,,0,0,,50,,On,0,0,,76,Auckland,Unknown,,,,,0,0,Urban,0,,,Light rain,Null
1756011,5918625,19514,,515500,0,,0,4,,East,2008/2009,SH 16,NEWTON OFF EBD,,Non-Injury Crash,Yes,2009,,East,,0,,Flat,,,,,,Bright sun,418700,0,0,0,6,,,0,,,,,,Auckland Region,Nil,1-way,Sealed,,0,0,,100,,Null,0,0,,76,Auckland,Nil,,,,,0,0,Open,0,,,Fine,Null
1831247,5857129,19515,,533901,0,0,0,1,0,South,2008/2009,AWAITI ROAD,WANI ROAD,,Non-Injury Crash,No,2009,0,South,1,0,0,Flat,0,,0,,0,Dark,1065700,0,0,0,2,0,0,0,0,0,,0,0,Waikato Region,Nil,2-way,Sealed,0,0,0,0,100,0,None,0,0,,12,Hauraki District,Unknown,0,0,0,0,0,0,Open,0,0,0,Fine,Null