X,Y,OBJECTID,advisorySpeed,areaUnitID,bicycle,bridge,bus,carStationWagon,cliffBank,crashDirectionDescription,crashFinancialYear,crashLocation1,crashLocation2,crashRoadSideRoad,crashSeverity,crashSHDescription,crashYear,debris,directionRoleDescription,ditch,fatalCount,fence,flatHill,guardRail,holiday,houseOrBuilding,intersection,kerb,light,meshblockId,minorInjuryCount,moped,motorcycle,NumberOfLanes,objectThrownOrDropped,otherObject,otherVehicleType,overBank,parkedVehicle,pedestrian,phoneBoxEtc,postOrPole,region,roadCharacter,roadLane,roadSurface,roadworks,schoolBus,seriousInjuryCount,slipOrFlood,speedLimit,strayAnimal,streetLight,suv,taxi,temporarySpeedLimit,tlaId,tlaName,trafficControl,trafficIsland,trafficSign,train,tree,truck,unknownVehicleType,urban,vanOrUtility,vehicle,waterRiver,weatherA,weatherB
1772006,5443540,19516,,564520,0,0,0,1,0,East,2009/2010,ALEXANDER ROAD,DANTE ROAD,,Non-Injury Crash,No,2009,0,West,0,0,1,Flat,0,,0,,0,Dark,1900200,0,0,0,2,0,0,0,0,0,,0,0,Wellington Region,Nil,2-way,Sealed,0,0,0,0,80,0,On,0,0,,45,Upper Hutt City,Nil,0,0,0,0,0,0,Open,0,0,0,Fine,Null
1758390,5917468,19517,,519200,1,,0,1,,Null,2008/2009,MANUKAU ROAD,EDGERLEY AVENUE,,Non-Injury Crash,No,2009,,North,,0,,Flat,,,,,,Bright sun,613600,0,0,0,3,,,0,,,,,,Auckland Region,Nil,2-way,Sealed,,0,0,,50,,Off,0,0,,76,Auckland,Nil,,,,,0,0,Urban,0,,,Fine,Null
1759759,5436294,19518,,569100,0,0,0,2,0,East,2008/2009,QUEENS DRIVE,MARGARET ST,,Non-Injury Crash,No,2009,0,North,0,0,0,Flat,0,,0,,0,Overcast,1968100,0,0,0,2,0,0,0,0,1,,0,0,Wellington Region,Nil,2-way,Sealed,0,0,0,0,50,0,Null,0,0,,46,Lower Hutt City,Nil,0,0,0,0,0,0,Urban,0,0,0,Fine,Null
1803688,5777336,19519,,531304,0,0,0,1,1,South,2009/2010,SH 3,ANSO ROAD,,Non-Injury Crash,Yes,2009,0,North,0,0,0,Hill Road,0,,0,,0,Dark,999300,0,0,0,2,0,0,0,0,0,,0,0,Waikato Region,Nil,2-way,Sealed,0,0,0,0,100,0,None,0,0,,18,Ōtorohanga District,Unknown,0,0,0,0,0,0,Open,0,0,0,Light rain,Null
1696656,6095037,19520,,501200,0,,0,1,,Null,2008/2009,SH 11,KAIPATIKI RISE,,Non-Injury Crash,Yes,2009,,West,,0,,Hill Road,,,,,,Bright sun,50400,0,0,0,2,,,0,,,,,,Northland Region,Nil,2-way,Sealed,,0,0,,100,,None,0,0,,1,Far North District,Give way,,,,,0,0,Open,1,,,Fine,Null
1769910,5899366,19521,,523911,0,,0,2,,Null,2008/2009,GREAT SOUTH ROAD,SPARTAN ROAD,,Non-Injury Crash,No,2009,,South,,0,,Flat,,,,,,Overcast,766500,0,0,0,2,,,0,,,,,,Auckland Region,Nil,2-way,Sealed,,0,0,,70,,Null,0,0,,76,Auckland,Stop,,,,,0,0,Urban,0,,,Fine,Null
1799950,5814716,19522,,528900,0,0,0,1,0,West,2008/2009,LAKE DOMAIN DRIVE,FOWLERS AVENUE,,Non-Injury Crash,No,2009,0,North,0,0,0,Flat,0,,0,,0,Overcast,915103,0,0,0,2,0,0,0,0,0,,0,0,Waikato Region,Nil,2-way,Sealed,0,0,0,0,50,0,Null,0,0,,16,Hamilton City,Unknown,0,0,0,1,0,0,Urban,0,0,0,Light rain,Null
1800742,5813008,19523,,529100,0,,0,2,,South,2008/2009,SH 3,KAHIKATEA DRIVE,,Non-Injury Crash,Yes,2009,,South,,0,,Flat,,Easter,,,,Bright sun,930700,0,0,0,4,,,0,,,,,,Waikato Region,Nil,2-way,Sealed,,0,0,,50,,Null,0,0,,16,Hamilton City,Unknown,,,,,0,0,Urban,0,,,Fine,Null
1679871,5403615,19524,,581230,0,,0,2,,East,2009/2010,KINROSS ST,SCOTT ST,,Non-Injury Crash,No,2009,,West,,0,,Flat,,,,,,Dark,2299800,0,0,0,2,,,0,,,,,,Marlborough Region,Nil,2-way,Sealed,,0,0,,50,,On,0,0,,53,Marlborough District,Nil,,,,,0,0,Urban,0,,,Fine,Null
1565316,5178783,19525,,587702,0,0,0,1,0,Null,2009/2010,SH 73,PARKHOUSE ROAD,,Serious Crash,Yes,2009,0,North,0,0,1,Flat,0,,1,,0,Dark,2480400,1,0,0,5,0,0,0,0,0,,0,0,Canterbury Region,Nil,2-way,Sealed,0,0,1,0,70,0,On,0,0,,60,Christchurch City,Traffic Signals,1,0,0,0,0,0,Urban,0,0,0,Fine,Frost
1757517,5920371,19526,,514103,0,,1,1,,Null,2009/2010,VICTORIA ST EAST,KITCHENER ST,,Non-Injury Crash,No,2009,,East,,0,,Hill Road,,Labour Weekend,,,,Bright sun,437102,0,0,0,6,,,0,,,,,,Auckland Region,Nil,2-way,Sealed,,0,0,,50,,Off,0,0,,76,Auckland,Traffic Signals,,,,,0,0,Urban,0,,,Fine,Null
1766465,5901332,19527,,524712,0,0,0,2,0,North,2009/2010,ROWANDALE AVENUE,BURBANK AVENUE,,Non-Injury Crash,No,2009,0,South,0,0,0,Flat,0,,0,,0,Bright sun,778902,0,0,0,2,0,0,0,0,1,,0,0,Auckland Region,Nil,2-way,Sealed,0,0,0,0,50,0,Off,0,0,,76,Auckland,Nil,0,0,0,0,0,0,Urban,0,0,0,Fine,Null
1874387,5806434,19528,65,536630,0,0,0,1,1,South,2008/2009,SH 36,TAUMATA ROAD,,Non-Injury Crash,Yes,2009,0,North,0,0,1,Hill Road,0,,0,,0,Overcast,1192604,0,0,0,2,0,0,0,0,0,,0,0,Bay of Plenty Region,Nil,2-way,Sealed,0,0,0,0,100,0,Null,0,0,,22,Western Bay of Plenty District,Unknown,0,0,0,0,0,0,Open,0,0,0,Heavy rain,Null
1728855,5999532,19529,,505010,0,0,0,1,1,South,2008/2009,SH 1N,MOUNTAIN ROAD,,Non-Injury Crash,Yes,2009,0,North,0,0,0,Flat,0,,0,,0,Overcast,134800,0,0,0,2,0,0,0,0,0,,0,0,Northland Region,Nil,2-way,Sealed,0,0,0,0,100,0,None,0,0,,3,Kaipara District,Nil,0,0,0,0,0,0,Open,0,0,0,Light rain,Null
1764423,5909908,19530,,521802,0,,0,1,,Null,2008/2009,AVENUE ROAD,CHURCH ST,,Non-Injury Crash,No,2009,,West,,0,,Flat,,,,,,Dark,787900,0,0,0,2,,,0,,,,,,Auckland Region,Nil,2-way,Sealed,,0,0,,50,,On,1,0,,76,Auckland,Give way,,,,,0,0,Urban,0,,,Light rain,Null
1770398,5901040,19531,,523816,0,,0,1,,Null,2009/2010,MAGIC WAY,RUSHBURY PLACE,,Non-Injury Crash,No,2009,,East,,0,,Flat,,,,,,Dark,759727,0,0,0,2,,,0,,,,,,Auckland Region,Nil,2-way,Sealed,,0,0,,50,,On,1,0,,76,Auckland,Nil,,,,,0,0,Urban,0,,,Fine,Null
1758743,5436565,19532,,569301,0,0,0,1,0,South,2008/2009,NORMANDALE ROAD,PEKANGA ROAD,,Non-Injury Crash,No,2009,0,South,0,0,0,Hill Road,0,,0,,0,Overcast,1919900,0,0,0,2,0,0,0,0,0,,0,0,Wellington Region,Nil,2-way,Sealed,0,0,0,0,50,0,Null,0,0,,46,Lower Hutt City,Nil,0,0,0,1,0,0,Urban,0,0,0,Light rain,Null
1761516,5906410,19533,,524112,0,,0,2,,North,2009/2010,IMRIE AVENUE,MASSEY ROAD,,Non-Injury Crash,No,2009,,South,,0,,Flat,,,,,,Overcast,742400,0,0,0,1,,,0,,,,,,Auckland Region,Nil,2-way,Sealed,,0,0,,50,,Off,0,0,,76,Auckland,Nil,,,,,0,0,Urban,0,,,Fine,Null
1769928,5916296,19534,,522604,0,,0,2,,Null,2009/2010,LOLOMA DRIVE,MARINA HEIGHTS,,Non-Injury Crash,No,2009,,West,,0,,Flat,,,,,,Bright sun,677904,0,0,0,2,,,0,,,,,,Auckland Region,Nil,2-way,Sealed,,0,0,,50,,Null,0,0,,76,Auckland,Give way,,,,,0,0,Urban,0,,,Fine,Null
1731635,6055865,19535,,501814,0,0,0,1,0,East,2009/2010,NGUNGURU ROAD,KAIATEA ROAD,,Non-Injury Crash,No,2009,0,West,1,0,0,Flat,0,,0,,0,Bright sun,62600,0,0,0,2,0,0,0,0,0,,0,0,Northland Region,Nil,2-way,Sealed,0,0,0,0,100,0,Off,0,0,,2,Whangarei District,Nil,0,0,0,0,0,0,Open,0,0,0,Fine,Null
1770339,5911317,19536,,523106,0,,0,2,,Null,2009/2010,TI RAKAU DRIVE,BOTANY ROAD,,Non-Injury Crash,No,2009,,South,,0,,Flat,,,,,,Bright sun,711174,0,0,0,6,,,0,,,,,,Auckland Region,Nil,2-way,Sealed,,0,0,,60,,Null,0,0,,76,Auckland,Give way,,,,,0,0,Urban,0,,,Fine,Null
1768079,5904355,19537,,523820,0,,0,2,,Null,2009/2010,REDOUBT ROAD,MANUKAU ON SBD,,Non-Injury Crash,No,2009,,West,,0,,Flat,,,,,,Overcast,759901,0,0,0,4,,,0,,,,,,Auckland Region,Bridge,2-way,Sealed,,0,0,,50,,Null,0,0,,76,Auckland,Traffic Signals,,,,,0,0,Urban,0,,,Light rain,Null
1759176,5919416,19538,,515901,0,,0,2,,West,2008/2009,ST STEPHENS AVENUE,BURROWS AVENUE,,Non-Injury Crash,No,2009,,West,,0,,Flat,,,,,,Overcast,456300,0,0,0,2,,,0,,,,,,Auckland Region,Nil,2-way,Sealed,,0,0,,50,,Off,0,0,,76,Auckland,Nil,,,,,0,0,Urban,0,,,Fine,Null
1665962,6094409,19539,55,501633,0,0,0,1,1,North,2009/2010,SH 1N,LAMBERG ROAD,,Non-Injury Crash,Yes,2009,0,South,0,0,0,Flat,0,,0,,0,Overcast,33400,0,0,0,2,0,0,0,0,0,,0,0,Northland Region,Nil,2-way,Sealed,0,0,0,0,100,0,None,0,0,,1,Far North District,Nil,0,0,0,0,0,0,Open,0,0,0,Light rain,Null
1414893,4922822,19540,,605200,0,0,0,2,0,North,2008/2009,MERIDIAN ST,FOX ST,,Non-Injury Crash,No,2009,0,South,0,0,0,Flat,0,,0,,0,Overcast,2861400,0,0,0,2,0,0,0,0,1,,0,0,Otago Region,Nil,2-way,Sealed,0,0,0,0,50,0,Null,0,0,,71,Dunedin City,Nil,0,0,0,0,0,0,Urban,0,0,0,Light rain,Null
1766070,5907709,19541,,523402,0,,0,4,,North,2009/2010,SH 1N,OTARA OFF SBD,,Non-Injury Crash,Yes,2009,,South,,0,,Flat,,,,,,Dark,699300,0,0,0,4,,,0,,,,,,Auckland Region,Nil,1-way,Sealed,,0,0,,100,,On,0,0,,76,Auckland,Unknown,,,,,0,0,Open,0,,,Heavy rain,Null
1820868,5546006,19542,,560412,0,0,0,1,0,South,2008/2009,REID LINE WEST,ARNOTT ST,,Non-Injury Crash,No,2009,0,South,0,0,0,Flat,0,Christmas New Year,0,,0,Dark,1761502,0,0,0,2,0,0,0,0,0,,0,0,Manawatū-Whanganui Region,Nil,2-way,Sealed,0,0,0,0,100,0,None,0,0,,39,Manawatu District,Nil,0,0,0,1,0,0,Open,0,0,0,Fine,Null
1760446,5913065,19543,,519900,0,0,0,1,0,East,2008/2009,MOUNT SMART ROAD,WAITANGI ROAD,,Non-Injury Crash,No,2009,0,East,0,0,1,Flat,0,,0,,0,Overcast,604000,0,0,0,2,0,0,0,0,0,,0,0,Auckland Region,Nil,2-way,Sealed,0,0,0,0,50,0,Null,0,0,,76,Auckland,Nil,1,0,0,0,1,0,Urban,0,0,0,Fine,Null
1761211,5918654,19544,,516201,1,,0,0,,North,2008/2009,ORAKEI ROAD,SHORE ROAD,,Non-Injury Crash,No,2009,,South,,0,,Flat,,,,,,Overcast,486000,0,0,0,2,,,0,,,,,,Auckland Region,Nil,2-way,Sealed,,0,0,,50,,Null,0,0,,76,Auckland,Unknown,,,,,0,0,Urban,1,,,Light rain,Null
1751642,5949662,19545,,505805,0,,0,2,,West,2009/2010,MOANA AVENUE,BAKEHOUSE LANE,,Non-Injury Crash,No,2009,,East,,0,,Flat,,,,,,Bright sun,171500,0,0,0,2,,,0,,,,,,Auckland Region,Nil,2-way,Sealed,,0,0,,50,,Off,0,0,,76,Auckland,Nil,,,,,0,0,Urban,0,,,Fine,Null
1573819,5180142,19546,,593600,0,,0,3,,Null,2009/2010,BUCKLEYS ROAD,RUSSELL ST,,Minor Crash,No,2009,,North,,0,,Flat,,,,,,Overcast,2612700,1,0,0,5,,,0,,,,,,Canterbury Region,Nil,2-way,Sealed,,0,0,,50,,Null,0,0,,60,Christchurch City,Traffic Signals,,,,,0,0,Urban,0,,,Fine,Null
1713724,6049544,19547,55,501802,0,0,0,1,0,East,2009/2010,THREE MILE BUSH ROAD,PALM GROVE,,Non-Injury Crash,No,2009,0,West,0,0,1,Flat,0,,0,,0,Dark,70003,0,0,0,1,0,0,0,0,0,,0,0,Northland Region,Nil,2-way,Sealed,0,0,0,0,100,0,None,0,0,,2,Whangarei District,Nil,0,0,0,1,0,0,Open,0,0,0,Fine,Null
1767422,5906240,19548,,523601,0,0,0,1,0,Null,2009/2010,WAIMATE STREET,FLAT BUSH ROAD,,Non-Injury Crash,No,2009,0,West,0,0,1,Flat,0,,0,,0,Dark,707200,0,0,0,2,0,0,0,0,0,,0,0,Auckland Region,Nil,2-way,Sealed,0,0,0,0,50,0,On,0,0,,76,Auckland,Give way,0,0,0,0,0,0,Urban,0,0,0,Fine,Null
1879290,5819743,19549,,537900,0,0,0,1,0,Null,2008/2009,WELCOME BAY ROAD,OHAUITI ROAD,,Non-Injury Crash,No,2009,0,North,0,0,1,Flat,0,Christmas New Year,0,,0,Dark,1179607,0,0,0,2,0,0,0,1,0,,0,1,Bay of Plenty Region,Nil,2-way,Sealed,0,0,0,0,50,0,On,0,0,,23,Tauranga City,Traffic Signals,1,0,0,0,0,0,Urban,0,0,0,Fine,Null
1748915,5935996,19550,,506300,0,0,0,1,0,North,2009/2010,DAIRY FLAT HIGHWAY,COATESVILLE-RIVERHEAD HIG,,Non-Injury Crash,No,2009,0,North,0,0,0,Flat,0,,0,,0,Dark,176003,0,0,0,2,0,0,0,0,0,,0,0,Auckland Region,Nil,2-way,Sealed,0,0,0,0,80,0,On,0,0,,76,Auckland,Nil,0,0,0,1,0,0,Open,0,0,0,Fine,Null
1285822,4886208,19551,,610250,0,0,0,1,0,Null,2009/2010,BROUGHTON ST,CROMBIE ST,,Minor Crash,No,2009,0,South,0,0,0,Flat,0,,0,,0,Bright sun,3058000,1,0,0,2,0,0,0,0,0,,0,1,Southland Region,Nil,2-way,Sealed,0,0,0,0,50,0,Null,0,0,,74,Gore District,Stop,0,0,0,0,0,0,Urban,0,0,0,Fine,Null
1770039,5911635,19552,,523105,0,0,0,1,0,South,2008/2009,BARD PLACE,GOLFLAND DRIVE,,Non-Injury Crash,No,2009,0,West,0,0,0,Flat,0,,0,,1,Overcast,711149,0,0,0,2,0,0,0,0,0,,0,1,Auckland Region,Nil,2-way,Sealed,0,0,0,0,50,0,Off,0,0,,76,Auckland,Nil,0,0,0,0,0,0,Urban,0,0,0,Null,Null
1754780,5945187,19553,,505907,0,0,0,1,0,East,2009/2010,BRIGHTSIDE ROAD,WAIORA ROAD,,Non-Injury Crash,No,2009,0,East,0,0,0,Hill Road,0,,0,,0,Overcast,173416,0,0,0,2,0,0,0,0,0,,0,1,Auckland Region,Nil,2-way,Sealed,0,0,0,0,50,0,Off,0,0,,76,Auckland,Nil,0,0,0,1,0,0,Urban,0,0,0,Fine,Null
1774176,5896534,19554,,525610,0,0,0,2,0,East,2008/2009,SHEEHAN AVENUE,KELVIN ROAD,,Non-Injury Crash,No,2009,0,North,0,0,0,Flat,0,,0,,0,Bright sun,798400,0,0,0,2,0,0,0,0,1,,0,0,Auckland Region,Nil,2-way,Sealed,0,0,0,0,50,0,Off,0,0,,76,Auckland,Nil,0,0,0,0,0,0,Urban,0,0,0,Fine,Null
1765656,5901420,19555,,524604,0,,0,1,,North,2009/2010,ROSCOMMON ROAD,BROWNS ROAD,,Non-Injury Crash,No,2009,,South,,0,,Flat,,,,,,Overcast,781302,0,0,0,2,,,0,,,,,,Auckland Region,Nil,2-way,Sealed,,0,0,,50,,Off,0,0,,76,Auckland,Traffic Signals,,,,,0,0,Urban,1,,,Fine,Null
1851945,5790268,19556,,535232,0,0,0,1,0,West,2009/2010,SH 5,FITZGERALD GLADE,,Non-Injury Crash,Yes,2009,0,West,0,0,0,Flat,0,,0,,0,Bright sun,1127701,0,0,0,2,0,0,0,0,0,,0,0,Waikato Region,Nil,2-way,Sealed,0,0,0,0,100,0,None,0,0,,19,South Waikato District,Unknown,0,0,0,1,0,0,Open,0,0,0,Fine,Null
1745620,5915325,19557,,511800,0,0,0,1,0,East,2008/2009,SEYMOUR ROAD,RANGEVIEW ROAD,,Non-Injury Crash,No,2009,0,East,0,0,1,Flat,0,,0,,0,Dark,277801,0,0,0,2,0,0,0,0,0,,0,0,Auckland Region,Nil,2-way,Sealed,0,0,0,0,50,0,On,0,0,,76,Auckland,Nil,0,0,0,0,0,0,Urban,0,0,0,Fine,Null
1751480,5434704,19558,,573700,0,0,0,2,0,South,2008/2009,JOHNSONVILLE ROAD,BRODERICK ROAD,,Non-Injury Crash,No,2009,0,North,0,0,0,Flat,0,,0,,0,Overcast,2082900,0,0,0,2,0,0,0,0,1,,0,0,Wellington Region,Nil,2-way,Sealed,0,0,0,0,50,0,Null,0,0,,47,Wellington City,Nil,0,0,0,0,0,0,Urban,0,0,0,Fine,Null
1752175,5914092,19559,,514500,0,0,0,2,0,Null,2008/2009,WHITNEY ST,PETER BUCK ROAD,,Non-Injury Crash,No,2009,0,North,0,0,0,Hill Road,0,Easter,0,,0,Dark,374900,0,0,0,2,0,0,0,0,0,,0,0,Auckland Region,Nil,2-way,Sealed,0,0,0,0,50,0,On,0,0,,76,Auckland,Stop,0,0,0,0,0,0,Urban,0,1,0,Fine,Null
1762103,5912509,19560,,519500,0,,0,2,,Null,2008/2009,CHURCH ST,ORORKE ROAD,,Non-Injury Crash,No,2009,,East,,0,,Flat,,,,,,Bright sun,622500,0,0,0,2,,,0,,,,,,Auckland Region,Nil,2-way,Sealed,,0,0,,50,,Off,0,0,,76,Auckland,Traffic Signals,,,,,0,0,Urban,0,,,Fine,Null
1765147,5907608,19561,,522301,0,,0,2,,Null,2009/2010,GREAT SOUTH ROAD,MOTATAU ROAD,,Non-Injury Crash,No,2009,,South,,0,,Flat,,,,,,Overcast,665900,0,0,0,3,,,0,,,,,,Auckland Region,Nil,2-way,Sealed,,0,0,,50,,Null,0,0,,76,Auckland,Stop,,,,,0,0,Urban,0,,,Fine,Null
1819158,5857116,19562,,533901,0,,0,1,,North,2008/2009,SH 27,MAUKORO LANDING ROAD,,Non-Injury Crash,Yes,2009,,North,,0,,Flat,,,,,,Dark,1070000,0,0,0,2,,,0,,,,,,Waikato Region,Nil,2-way,Unsealed,,0,0,,100,,None,0,0,30,12,Hauraki District,Unknown,,,,,1,0,Open,0,,,Fine,Null
1884463,5773584,19563,,540410,0,,0,2,,Null,2009/2010,PERERIKA ST,KING ST,,Non-Injury Crash,No,2009,,West,,0,,Flat,,,,,,Bright sun,1232102,0,0,0,2,,,0,,,,,,Bay of Plenty Region,Nil,2-way,Sealed,,0,0,,50,,Null,0,0,,24,Rotorua District,Give way,,,,,0,0,Urban,0,,,Fine,Null
1756999,5920089,19564,,514102,0,,0,2,,South,2009/2010,MAYORAL DRIVE,VINCENT ST,,Non-Injury Crash,No,2009,,East,,0,,Hill Road,,,,,,Bright sun,434300,0,0,0,2,,,0,,,,,,Auckland Region,Nil,2-way,Sealed,,0,0,,50,,Off,0,1,,76,Auckland,Nil,,,,,0,0,Urban,0,,,Fine,Null
1570297,5183100,19565,,592300,0,,1,1,,Null,2009/2010,MALVERN ST,ROOSEVELT AVENUE,,Minor Crash,No,2009,,East,,0,,Flat,,,,,,Bright sun,2682200,2,0,0,2,,,0,,,,,,Canterbury Region,Nil,2-way,Sealed,,0,0,,50,,Null,0,0,,60,Christchurch City,Give way,,,,,0,0,Urban,0,,,Fine,Null
1821541,5529798,19566,,562800,0,,0,2,,Null,2008/2009,SH 3,WALDING ST,,Non-Injury Crash,Yes,2009,,East,,0,,Flat,,,,,,Dark,1830900,0,0,0,6,,,0,,,,,,Manawatū-Whanganui Region,Nil,2-way,Sealed,,0,0,,50,,On,0,0,,40,Palmerston North City,Traffic Signals,,,,,0,0,Urban,0,,,Heavy rain,Null
1570393,5180398,19567,,591600,0,,0,2,,Null,2008/2009,DURHAM ST,ARMAGH ST,,Minor Crash,No,2009,,South,,0,,Flat,,Queens Birthday,,,,Dark,2677700,1,0,0,4,,,0,,,,,,Canterbury Region,Nil,1-way,Sealed,,0,0,,50,,On,0,0,,60,Christchurch City,Traffic Signals,,,,,0,0,Urban,0,,,Fine,Null
1771482,5895306,19568,,525540,0,0,0,1,0,East,2008/2009,PAPAKURA ON SBD,SH 1N,,Non-Injury Crash,Yes,2009,0,West,0,0,0,Hill Road,0,,0,,0,Bright sun,806402,0,0,0,1,0,0,0,0,0,,0,1,Auckland Region,Motorway ramp,1-way,Sealed,0,0,0,0,100,0,Null,0,0,,76,Auckland,Unknown,0,0,0,0,0,0,Open,0,0,0,Fine,Null
1751224,5915480,19569,,514401,0,0,1,1,0,West,2009/2010,ROSEBANK ROAD,LAYARD ST,,Non-Injury Crash,No,2009,0,East,0,0,0,Hill Road,0,,0,,0,Overcast,382200,0,0,0,3,0,0,0,0,1,,0,0,Auckland Region,Nil,2-way,Sealed,0,0,0,0,50,0,Off,0,0,,76,Auckland,Nil,0,0,0,0,0,0,Urban,0,0,0,Light rain,Null
1562153,5176556,19570,,587303,0,,0,1,,South,2008/2009,SH 76,WILMERS ROAD,,Minor Crash,Yes,2009,,South,,0,,Flat,,,,,,Overcast,2481606,1,0,0,2,,,0,,,,,,Canterbury Region,Nil,2-way,Sealed,,0,0,,80,,Null,1,0,,60,Christchurch City,Unknown,,,,,0,0,Open,0,,,Fine,Null
1755429,5922071,19571,,515202,0,,0,1,,North,2009/2010,SH 1N,CURRAN ON NBD,,Non-Injury Crash,Yes,2009,,North,,0,,Hill Road,,,,,,Bright sun,423600,0,0,0,4,,,0,,,,,,,Nil,1-way,Sealed,,0,0,,80,,Off,0,0,,76,Auckland,Nil,,,,,1,0,Open,0,,,Fine,Null
2008085,5668174,19572,,545303,0,0,0,1,0,East,2008/2009,SH 2,KOKOHU ROAD,,Non-Injury Crash,Yes,2009,0,East,0,0,0,Flat,0,Easter,0,,0,Dark,1399000,0,0,0,2,0,0,0,0,0,,0,0,Hawke's Bay Region,Nil,2-way,Sealed,0,0,0,0,100,0,None,0,0,,29,Wairoa District,Nil,0,0,0,0,0,0,Open,0,0,0,Fine,Null
1748397,5961296,19573,45,506613,0,0,0,1,1,South,2008/2009,SH 1N,SCHOLLUM ACCESS ROAD,,Non-Injury Crash,Yes,2009,0,South,0,0,0,Hill Road,0,,0,,0,Overcast,146800,0,0,0,3,0,0,0,0,0,,0,0,Auckland Region,Nil,2-way,Sealed,0,0,0,0,100,0,None,0,0,,76,Auckland,Nil,0,0,0,0,0,0,Open,0,0,0,Light rain,Null
1684042,5427683,19574,,581100,0,0,0,3,0,West,2009/2010,CANTERBURY ST,DEVON ST,,Non-Injury Crash,No,2009,0,East,0,0,0,Flat,0,,0,,0,Dark,2280902,0,0,0,2,0,0,0,0,1,,0,0,Marlborough Region,Nil,2-way,Sealed,0,0,0,0,50,0,On,0,0,,53,Marlborough District,Nil,0,0,0,0,0,0,Urban,0,0,0,Fine,Null
1748331,5919095,19575,,514801,0,0,0,1,0,Null,2008/2009,SH 16,PATIKI OFF EBD,,Non-Injury Crash,Yes,2009,0,East,0,0,0,Flat,1,,0,,0,Bright sun,389300,0,0,0,3,0,0,0,0,0,,0,0,Auckland Region,Nil,1-way,Sealed,0,0,0,0,100,0,Off,0,0,,76,Auckland,Nil,0,0,0,0,1,0,Open,0,0,0,Fine,Null
1768107,5903286,19576,,524602,0,,0,1,,Null,2009/2010,GREAT SOUTH ROAD,KERRS ROAD,,Non-Injury Crash,No,2009,,East,,0,,Flat,,,,,,Overcast,780407,0,0,0,4,,,0,,,,,,Auckland Region,Nil,2-way,Sealed,,0,0,,70,,Off,1,0,,76,Auckland,Give way,,,,,0,0,Urban,0,,,Light rain,Null
1621671,6114278,19577,60,500204,0,,0,0,,West,2008/2009,BONNETT ROAD,PUKEPOTO ROAD,,Non-Injury Crash,No,2009,,West,,0,,Flat,,,,,,Bright sun,8901,0,0,0,1,,,0,,,,,,Northland Region,Nil,2-way,Unsealed,,0,0,,100,,Null,0,0,,1,Far North District,Unknown,,,,,0,0,Open,1,,,Fine,Null
1757972,5918016,19578,,515700,0,,0,1,,South,2008/2009,SH 1N,GILLIES OFF SBD,,Non-Injury Crash,Yes,2009,,South,,0,,Flat,,,,,,Overcast,443200,0,0,0,4,,,0,,,,,,Auckland Region,Nil,1-way,Sealed,,0,0,,80,,Off,1,0,,76,Auckland,Nil,,,,,0,0,Open,0,,,Light rain,Null
1756969,5918791,19579,,515600,0,,0,2,,Null,2008/2009,SYMONDS ST,KHYBER PASS ROAD,,Non-Injury Crash,No,2009,,South,,0,,Flat,,,,,,Bright sun,420600,0,0,0,1,,,0,,,,,,Auckland Region,Nil,2-way,Sealed,,0,0,,50,,Off,0,0,,76,Auckland,Give way,,,,,0,0,Urban,0,,,Null,Null
1756028,5944185,19580,,505908,0,,0,2,,Null,2009/2010,WHANGAPARAOA ROAD,LINK CRESCENT,,Non-Injury Crash,No,2009,,East,,0,,Flat,,,,,,Bright sun,173712,0,0,0,2,,,0,,,,,,Auckland Region,Nil,2-way,Sealed,,0,0,,50,,Off,0,0,,76,Auckland,Traffic Signals,,,,,0,0,Urban,0,,,Fine,Null
1727085,5942916,19581,,506642,0,0,0,1,0,Null,2008/2009,PARKHURST ROAD,SOUTH HEAD ROAD,,Non-Injury Crash,No,2009,0,East,1,0,0,Flat,0,,0,,0,Overcast,210702,0,0,0,2,0,0,0,0,0,,0,0,Auckland Region,Nil,2-way,Sealed,0,0,0,0,100,0,Null,0,0,,76,Auckland,Nil,0,0,0,0,0,0,Open,0,0,0,Fine,Null
1751503,5435082,19582,,573700,0,,0,2,,Null,2008/2009,MOOREFIELD ROAD,JOHNSONVILLE ROAD,,Non-Injury Crash,No,2009,,South,,0,,Flat,,,,,,Twilight,2082300,0,0,0,4,,,0,,,,,,Wellington Region,Nil,2-way,Sealed,,0,0,,50,,On,0,0,,47,Wellington City,Give way,,,,,0,0,Urban,0,,,Light rain,Null
1755478,5929050,19583,,508420,0,,0,2,,North,2009/2010,TRISTRAM ON NBD,TRISTRAM AVENUE,,Non-Injury Crash,Yes,2009,,North,,0,,Hill Road,,,,,,Twilight,183800,0,0,0,2,,,0,,,,,,Auckland Region,Motorway ramp,1-way,Sealed,,0,0,,50,,On,0,0,,76,Auckland,Traffic Signals,,,,,0,0,Urban,0,,,Fine,Null
1751431,5723765,19584,,531710,0,,0,2,,Null,2009/2010,SH 3,AWAKINO TUNNEL,,Non-Injury Crash,Yes,2009,,East,,0,,Hill Road,,,,,,Overcast,1016800,0,0,0,1,,,0,,,,,,Waikato Region,Nil,2-way,Sealed,,0,0,,100,,Null,0,0,,20,Waitomo District,Give way,,,,,0,0,Open,0,,,Fine,Null