X,Y,OBJECTID,advisorySpeed,areaUnitID,bicycle,bridge,bus,carStationWagon,cliffBank,crashDirectionDescription,crashFinancialYear,crashLocation1,crashLocation2,crashRoadSideRoad,crashSeverity,crashSHDescription,crashYear,debris,directionRoleDescription,ditch,fatalCount,fence,flatHill,guardRail,holiday,houseOrBuilding,intersection,kerb,light,meshblockId,minorInjuryCount,moped,motorcycle,NumberOfLanes,objectThrownOrDropped,otherObject,otherVehicleType,overBank,parkedVehicle,pedestrian,phoneBoxEtc,postOrPole,region,roadCharacter,roadLane,roadSurface,roadworks,schoolBus,seriousInjuryCount,slipOrFlood,speedLimit,strayAnimal,streetLight,suv,taxi,temporarySpeedLimit,tlaId,tlaName,trafficControl,trafficIsland,trafficSign,train,tree,truck,unknownVehicleType,urban,vanOrUtility,vehicle,waterRiver,weatherA,weatherB
1760020,5916722,19585,,516002,0,,0,2,,South,2009/2010,NORANA AVENUE,REMUERA ROAD,,Non-Injury Crash,No,2009,,North,,0,,Flat,,,,,,Twilight,492200,0,0,0,2,,,0,,,,,,Auckland Region,Nil,2-way,Sealed,,0,0,,50,,On,0,0,,76,Auckland,Nil,,,,,0,0,Urban,0,,,Fine,Null
1750034,5913832,19586,,511303,0,,0,2,,East,2008/2009,CLARK ST,RANKIN AVENUE,,Non-Injury Crash,No,2009,,West,,0,,Flat,,,,,,Overcast,265100,0,0,0,2,,,0,,,,,,Auckland Region,Nil,2-way,Sealed,,0,0,,50,,Null,0,0,,76,Auckland,Unknown,,,,,0,0,Urban,0,,,Light rain,Null
1772102,5898031,19587,,523912,0,,0,2,,Null,2009/2010,PORCHESTER ROAD,WALTERS ROAD,,Non-Injury Crash,No,2009,,West,,0,,Flat,,,,,,Bright sun,765405,0,0,0,2,,,0,,,,,,Auckland Region,Nil,2-way,Sealed,,0,0,,50,,Off,0,0,,76,Auckland,Give way,,,,,0,0,Urban,0,,,Fine,Null
1807947,5518099,19588,,563802,0,0,0,1,0,North,2009/2010,SH 56,ASHLEA ROAD,,Non-Injury Crash,Yes,2009,0,South,1,0,0,Flat,0,,0,,0,Overcast,1852300,0,0,0,2,0,0,0,0,0,,0,0,Manawatū-Whanganui Region,Nil,2-way,Sealed,0,0,0,0,100,0,Null,0,0,,42,Horowhenua District,Nil,0,0,0,0,0,0,Open,0,0,0,Fine,Null
1755464,5922095,19589,,515202,0,,0,2,,North,2008/2009,SH 1N,SHELLY OFF SBD,,Non-Injury Crash,Yes,2009,,South,,0,,Hill Road,,,,,,Bright sun,423600,0,0,0,4,,,0,,,,,,,Bridge,1-way,Sealed,,0,0,,80,,Off,0,0,,76,Auckland,Nil,,,,,0,0,Open,0,,,Fine,Null
1622400,5429419,19590,,583202,0,,0,1,,Null,2009/2010,VANGUARD ST,MOTUEKA ST,,Non-Injury Crash,No,2009,,West,,0,,Flat,,,,,,Bright sun,2329900,0,0,0,2,,,0,,,,,,Nelson Region,Nil,2-way,Sealed,,0,0,,50,,Null,0,0,,52,Nelson City,Give way,,,,,0,0,Urban,1,,,Fine,Null
1470108,5099514,19591,,598312,0,0,0,1,0,East,2008/2009,MACAULAY ROAD,CHRISTMAS ROAD,,Serious Crash,No,2009,0,West,1,0,1,Flat,0,,0,,0,Overcast,2771500,2,0,0,2,0,0,0,0,0,,0,0,Canterbury Region,Nil,2-way,Unsealed,0,0,1,0,100,0,Null,0,0,,64,Timaru District,Unknown,0,0,0,0,0,0,Open,0,0,0,Fine,Null
1808349,5788795,19592,,527936,0,0,0,1,1,South,2009/2010,HAIRINI ROAD,PUAHUE ROAD,,Non-Injury Crash,No,2009,0,South,0,0,0,Hill Road,0,,0,,0,Overcast,987000,0,0,0,2,0,0,0,0,0,,0,0,Waikato Region,Nil,2-way,Sealed,0,0,0,0,100,0,Null,0,0,,17,Waipa District,Unknown,0,0,0,0,0,0,Open,0,0,0,Light rain,Null
1755388,5928957,19593,,508320,0,,0,1,,Null,2008/2009,WAIRAU ROAD,HILLSIDE ROAD,,Non-Injury Crash,No,2009,,North,,0,,Flat,,,,,,Overcast,196700,0,0,0,5,,,0,,,,,,Auckland Region,Nil,2-way,Sealed,,0,0,,50,,Null,0,0,,76,Auckland,Traffic Signals,,,,,1,0,Urban,0,,,Heavy rain,Null
1562207,5204527,19594,,586121,0,0,0,1,0,West,2009/2010,OXFORD ROAD,OROARKES ROAD,,Minor Crash,No,2009,0,East,0,0,0,Flat,0,,0,,0,Overcast,2450102,1,0,0,2,0,0,0,0,0,,0,0,Canterbury Region,Nil,2-way,Sealed,0,0,0,0,100,0,Null,0,0,,59,Waimakariri District,Unknown,0,1,0,0,0,0,Open,0,0,0,Heavy rain,Null
1745044,5923697,19595,,513521,0,0,0,2,0,South,2008/2009,MOIRE ROAD,ELIZABETH DRIVE,,Non-Injury Crash,No,2009,0,South,0,0,0,Hill Road,0,,0,,0,Dark,224215,0,0,0,2,0,0,0,0,1,,0,0,Auckland Region,Nil,2-way,Sealed,0,0,0,0,50,0,On,0,0,,76,Auckland,Nil,0,0,0,0,0,0,Urban,0,0,0,Fine,Null
1772305,5471524,19596,,566302,0,,0,1,,South,2008/2009,SH 1N,KEBBELL DRIVE,,Non-Injury Crash,Yes,2009,,South,,0,,Flat,,,,,,Dark,1998405,0,0,0,4,,,0,,,,,,Wellington Region,Nil,2-way,Sealed,,0,0,,100,,On,1,0,,43,Kapiti Coast District,Nil,,,,,0,0,Open,0,,,Fine,Null
1761177,5915202,19597,,520201,0,0,0,3,0,Null,2009/2010,ROBERT ST,TECOMA ST,,Non-Injury Crash,No,2009,0,North,0,0,0,Flat,0,,0,,0,Dark,613500,0,0,0,2,0,0,0,0,1,,0,0,Auckland Region,Nil,2-way,Sealed,0,0,0,0,50,0,On,0,0,,76,Auckland,Nil,0,0,0,0,0,0,Urban,0,0,0,Fine,Null
1747562,5430061,19598,,574702,0,,0,2,,South,2008/2009,WILTON ROAD,CHURCHILL DRIVE,,Non-Injury Crash,No,2009,,North,,0,,Hill Road,,,,,,Overcast,2103800,0,0,0,2,,,0,,,,,,Wellington Region,Nil,2-way,Sealed,,0,0,,50,,Null,0,0,,47,Wellington City,Nil,,,,,0,0,Urban,0,,,Fine,Null
1763808,5913700,19599,,520402,0,,0,2,,West,2009/2010,PENROSE ROAD,WAIPUNA ROAD,,Non-Injury Crash,No,2009,,West,,0,,Flat,,,,,,Bright sun,640002,0,0,0,4,,,0,,,,,,Auckland Region,Nil,2-way,Sealed,,0,0,,50,,Off,0,0,,76,Auckland,Nil,,,,,0,0,Urban,0,,,Fine,Null
1767765,5905083,19600,,523722,0,,0,1,,Null,2009/2010,TE IRIRANGI DRIVE,TE IRIRANGI OFF SBD,,Non-Injury Crash,No,2009,,East,,0,,Flat,,,,,,Dark,715701,0,0,0,4,,,0,,,,,,Auckland Region,Motorway ramp,2-way,Sealed,,0,0,,50,,On,1,0,,76,Auckland,Give way,,,,,0,0,Urban,0,,,Fine,Null
1801052,5814877,19601,,529700,0,0,0,1,0,Null,2008/2009,ANGLESEA ST,THACKERAY ST,,Non-Injury Crash,No,2009,0,North,0,0,0,Flat,0,,0,,0,Dark,911700,0,0,0,5,0,0,0,0,0,,0,0,Waikato Region,Nil,2-way,Sealed,0,0,0,0,50,0,On,0,0,,16,Hamilton City,Traffic Signals,0,1,0,0,0,0,Urban,0,0,0,Light rain,Null
1764971,5905787,19602,,522202,0,0,0,2,0,West,2009/2010,ST GEORGE ST,KOLMAR ROAD,,Non-Injury Crash,No,2009,0,East,0,0,0,Flat,0,,0,,0,Dark,663400,0,0,0,2,0,0,0,0,1,,0,0,Auckland Region,Nil,2-way,Sealed,0,0,0,0,50,0,On,0,0,,76,Auckland,Nil,0,0,0,0,0,0,Urban,0,0,0,Fine,Null
1862567,5808687,19603,,536630,0,0,0,0,0,North,2008/2009,SH 29,VALLEY VIEW ROAD,,Non-Injury Crash,Yes,2009,0,South,0,0,0,Hill Road,1,,0,,0,Overcast,1191400,0,0,0,2,0,0,0,0,0,,0,0,Bay of Plenty Region,Nil,2-way,Sealed,0,0,0,0,100,0,Off,1,0,,22,Western Bay of Plenty District,Nil,0,0,0,0,0,0,Open,0,0,0,Mist or Fog,Null
2038600,5707425,19604,,544801,0,,0,2,,Null,2009/2010,SH 35,DE LAUTOUR ROAD,,Non-Injury Crash,Yes,2009,,South,,0,,Flat,,,,,,Bright sun,1387800,0,0,0,2,,,0,,,,,,Gisborne Region,Nil,2-way,Sealed,,0,0,,50,,Null,0,0,,28,Gisborne District,Give way,,,,,0,0,Urban,0,,,Fine,Null
1770584,5581793,19605,,555300,0,,0,1,,Null,2009/2010,FRANCIS ROAD,RAPANUI ROAD,,Non-Injury Crash,No,2009,,East,,0,,Flat,,,,,,Overcast,1681000,0,0,0,2,,,0,,,,,,Manawatū-Whanganui Region,Nil,2-way,Sealed,,0,0,,100,,Null,0,0,,37,Whanganui District,Give way,,,,,0,0,Open,1,,,Fine,Null
1779440,5424383,19606,,579803,0,0,0,1,1,East,2008/2009,EAST-WEST ACCESS ROAD,WESTERN LAKE ROAD,,Non-Injury Crash,No,2009,0,West,0,0,0,Hill Road,0,Christmas New Year,0,,0,Overcast,2272901,0,0,0,2,0,0,0,0,0,,0,0,Wellington Region,Nil,2-way,Sealed,0,0,0,0,100,0,Null,0,0,,50,South Wairarapa District,Nil,0,0,0,0,0,0,Open,0,0,0,Heavy rain,Null
1692442,5673743,19607,,552400,0,0,0,1,0,East,2008/2009,BROIS ST,GOVETT AVENUE,,Non-Injury Crash,No,2009,0,East,0,0,0,Hill Road,0,,0,,0,Bright sun,1570500,0,0,0,2,0,0,0,0,1,,0,0,Taranaki Region,Nil,2-way,Sealed,0,0,0,0,50,0,Null,0,0,,33,New Plymouth District,Nil,0,0,0,0,0,0,Urban,1,0,0,Fine,Null
1687144,6101383,19608,,500900,0,,0,1,,South,2008/2009,HONE HEKE ROAD,JACARANDA PLACE,,Non-Injury Crash,No,2009,,North,,0,,Flat,,,,,,Bright sun,49405,0,0,1,2,,,0,,,,,,Northland Region,Nil,2-way,Sealed,,0,0,,50,,None,0,0,,1,Far North District,Nil,,,,,0,0,Urban,0,,,Fine,Null
1803514,5815136,19609,,530500,0,,0,2,,Null,2009/2010,KNIGHTON ROAD,GATE 1,,Non-Injury Crash,No,2009,,South,,0,,Flat,,,,,,Overcast,890500,0,0,0,2,,,0,,,,,,Waikato Region,Nil,2-way,Sealed,,0,0,,50,,Null,0,0,,16,Hamilton City,Unknown,,,,,0,0,Urban,0,,,Null,Null
1924699,5739065,19610,,542550,0,0,0,1,0,South,2008/2009,WHIRINAKI ROAD,GALATEA ROAD,,Non-Injury Crash,No,2009,0,South,0,0,0,Flat,0,Easter,0,,0,Overcast,1331401,0,0,0,2,0,0,0,0,0,,0,0,Bay of Plenty Region,Nil,2-way,Sealed,0,0,0,0,100,0,Null,0,0,,25,Whakatane District,Unknown,0,0,0,0,0,0,Open,0,0,0,Fine,Null
1756296,5918883,19611,,515500,0,,0,1,,West,2008/2009,SH 16,NEWTON OBR,,Non-Injury Crash,Yes,2009,,West,,0,,Flat,,,,,,Overcast,417600,0,0,0,4,,,0,,,,,,Auckland Region,Nil,1-way,Sealed,,0,0,,100,,Off,0,0,,76,Auckland,Nil,,,,,0,0,Open,0,,,Fine,Null
1789570,5828804,19612,,528200,0,,0,1,,South,2009/2010,GREAT SOUTH ROAD,MARTIN ST,,Non-Injury Crash,No,2009,,South,,0,,Flat,,,,,,Overcast,857700,0,0,0,2,,,0,,,,,,Waikato Region,Nil,2-way,Sealed,,0,0,,50,,Null,1,0,,13,Waikato District,Unknown,,,,,0,0,Urban,0,,,Light rain,Null
1647942,5300388,19613,35,581500,0,1,0,1,0,Null,2008/2009,SH 1S,PARITITAHI TNL,,Non-Injury Crash,Yes,2009,0,South,0,0,0,Flat,0,,0,,0,Overcast,2310900,0,0,0,2,0,0,0,0,0,,0,0,Canterbury Region,Nil,2-way,Sealed,0,0,0,0,80,0,Null,0,0,,54,Kaikoura District,Unknown,0,0,0,0,0,0,Open,0,0,0,Heavy rain,Null
1748983,5426200,19614,,576500,0,,0,1,,South,2008/2009,ADELAIDE ROAD,ALFRED ST,,Non-Injury Crash,No,2009,,South,,0,,Flat,,,,,,Dark,2147900,0,1,0,2,,,0,,,,,,Wellington Region,Nil,2-way,Sealed,,0,0,,50,,On,0,0,,47,Wellington City,Nil,,,,,0,0,Urban,0,,,Light rain,Strong wind
1801416,5821585,19615,,527009,0,,0,2,,Null,2009/2010,BARRINGTON DRIVE,FARLEIGH CLOSE,,Non-Injury Crash,No,2009,,South,,0,,Flat,,,,,,Bright sun,952235,0,0,0,2,,,0,,,,,,Waikato Region,Nil,2-way,Sealed,,0,0,,50,,Off,0,0,,16,Hamilton City,Give way,,,,,0,0,Urban,0,,,Fine,Null
1879178,5824475,19616,,538201,0,,0,1,,Null,2009/2010,SPRING ST,CAMERON ROAD,,Non-Injury Crash,No,2009,,West,,0,,Flat,,,,,,Bright sun,1164700,0,0,0,4,,,0,,,,,,Bay of Plenty Region,Nil,2-way,Sealed,,0,0,,50,,Null,0,0,,23,Tauranga City,Give way,,,,,0,0,Urban,1,,,Fine,Null
1770940,5914317,19617,,523101,0,,0,0,,Null,2008/2009,BOTANY ROAD,UNION ROAD,,Non-Injury Crash,No,2009,,North,,0,,Flat,,,,,,Twilight,647605,0,0,1,2,,,0,,,,,,Auckland Region,Nil,2-way,Sealed,,0,0,,50,,Off,0,0,,76,Auckland,Give way,,,,,0,0,Urban,1,,,Fine,Null
1830418,5629695,19618,,554900,0,0,0,0,0,North,2008/2009,SH 1N,SH 49,,Minor Crash,Yes,2009,0,South,1,0,0,Flat,0,,0,,0,Overcast,1755500,1,0,0,2,0,0,0,0,0,,0,0,Manawatū-Whanganui Region,Nil,2-way,Sealed,0,0,0,0,100,0,Null,1,0,,36,Ruapehu District,Nil,0,0,0,0,0,0,Open,0,0,0,Light rain,Null
1758935,5913204,19619,,519820,0,,0,2,,Null,2008/2009,ONEHUNGA MALL,MOUNT SMART ROAD,,Non-Injury Crash,No,2009,,South,,0,,Flat,,,,,,Bright sun,599100,0,0,0,4,,,0,,,,,,Auckland Region,Nil,2-way,Sealed,,0,0,,50,,Off,0,0,,76,Auckland,Traffic Signals,,,,,0,0,Urban,0,,,Light rain,Null
1798513,5814936,19620,,529000,0,0,0,1,0,East,2009/2010,SH 23,ARAWA ST,,Non-Injury Crash,Yes,2009,0,East,0,0,0,Flat,0,,0,,0,Twilight,917600,0,0,0,2,0,0,0,0,0,,0,1,Waikato Region,Nil,2-way,Sealed,0,0,0,0,50,0,Off,0,0,,16,Hamilton City,Unknown,1,0,0,0,0,0,Urban,0,0,0,Fine,Null
1931935,5600671,19621,,548821,0,0,0,1,0,East,2008/2009,BREADALBANE ROAD,KAWEKA PLACE,,Non-Injury Crash,No,2009,0,East,0,0,0,Flat,0,,0,,0,Dark,1465508,0,0,0,2,0,0,0,0,2,,0,0,Hawke's Bay Region,Nil,2-way,Sealed,0,0,0,0,50,0,On,0,0,,30,Hastings District,Nil,0,0,0,0,0,0,Urban,2,0,0,Fine,Null
1756530,5443930,19622,,571100,0,,0,3,,Null,2008/2009,WARSPITE AVENUE,MUNGAVIN AVENUE,,Non-Injury Crash,No,2009,,West,,0,,Flat,,,,,,Bright sun,2046700,0,0,0,2,,,0,,,,,,Wellington Region,Nil,2-way,Sealed,,0,0,,50,,Null,0,0,,44,Porirua City,Give way,,,,,0,0,Urban,0,,,Fine,Null
1760641,5916781,19623,,516002,0,,0,2,,South,2009/2010,ASCOT AVENUE,REMUERA ROAD,,Non-Injury Crash,No,2009,,North,,0,,Flat,,,,,,Bright sun,493600,0,0,0,3,,,0,,,,,,Auckland Region,Nil,2-way,Sealed,,0,0,,50,,Null,0,0,,76,Auckland,Traffic Signals,,,,,0,0,Urban,0,,,Fine,Null
1761631,5906862,19624,,524520,0,,0,1,,North,2009/2010,ROBERTSON ROAD,MASSEY ROAD,,Non-Injury Crash,No,2009,,North,,0,,Flat,,,,,,Overcast,736000,0,0,0,1,,,0,,,,,,Auckland Region,Nil,2-way,Sealed,,0,0,,50,,Off,0,0,,76,Auckland,Nil,,,,,0,0,Urban,1,,,Light rain,Null
1756332,5919338,19625,,514000,0,,0,2,,Null,2009/2010,HEREFORD ST,HEREFORD STREET,,Non-Injury Crash,No,2009,,South,,0,,Flat,,,,,,Bright sun,413900,0,0,0,2,,,0,,,,,,Auckland Region,Nil,2-way,Sealed,,0,0,,50,,Off,0,0,,76,Auckland,Stop,,,,,0,0,Urban,0,,,Fine,Null
1577105,5182393,19626,,593100,0,,0,1,,East,2008/2009,PAGES ROAD,SH 74,,Serious Crash,No,2009,,East,,0,,Flat,,,,,,Bright sun,2573103,1,0,1,4,,,0,,,,,,Canterbury Region,Nil,2-way,Sealed,,0,1,,50,,Null,0,0,,60,Christchurch City,Unknown,,,,,0,0,Urban,0,,,Fine,Null
1761470,5907516,19627,,524510,0,,0,2,,Null,2008/2009,BUCKLAND ROAD,WICKMAN WAY,,Non-Injury Crash,No,2009,,East,,0,,Flat,,,,,,Overcast,736702,0,0,0,2,,,0,,,,,,Auckland Region,Nil,2-way,Sealed,,0,0,,50,,None,0,0,,76,Auckland,Stop,,,,,0,0,Urban,0,,,Fine,Null
1869348,5713492,19628,,541730,0,,0,1,,Null,2009/2010,TAHAREPA ROAD,HATEPE AVENUE,,Non-Injury Crash,No,2009,,East,,0,,Hill Road,,,,,,Overcast,1270300,0,0,0,2,,,0,,,,,,Waikato Region,Nil,2-way,Sealed,,0,0,,50,,Off,0,0,,21,Taupo District,Give way,,,,,0,0,Urban,1,,,Fine,Null
1744247,5974648,19629,,506661,0,0,0,1,0,North,2009/2010,SH 1N,KRAACK ROAD,,Non-Injury Crash,Yes,2009,0,North,0,0,0,Hill Road,1,,0,,0,Dark,139000,0,0,0,2,0,0,0,0,0,,0,0,Auckland Region,Nil,2-way,Sealed,0,0,0,0,80,0,None,0,0,,76,Auckland,Nil,0,0,0,0,0,0,Open,0,0,0,Light rain,Null
1842937,5681025,19630,,541000,0,0,0,1,0,Null,2009/2010,ROTA ST,PUATAATA ROAD E,,Non-Injury Crash,No,2009,0,East,0,0,1,Flat,0,,0,,0,Dark,1285300,0,0,0,2,0,0,0,0,0,,0,0,Waikato Region,Nil,2-way,Sealed,0,0,0,0,50,0,On,0,0,,21,Taupo District,Nil,0,0,0,0,0,0,Urban,0,0,0,Fine,Null
1934450,5798664,19631,,542530,0,1,0,0,0,West,2009/2010,THORNTON ROAD,GREIG ROAD,,Non-Injury Crash,No,2009,0,West,0,0,0,Flat,0,,0,,0,Overcast,1321801,0,0,0,2,0,0,0,0,0,,0,0,Bay of Plenty Region,Bridge,2-way,Sealed,0,0,0,0,100,0,None,1,0,,25,Whakatane District,Nil,0,0,0,0,0,0,Open,0,0,0,Fine,Null
1699931,6089868,19632,,501633,0,0,0,0,0,North,2008/2009,SH 11,RIGDEN ROAD,,Non-Injury Crash,Yes,2009,0,East,0,0,0,Hill Road,0,,0,,0,Overcast,51601,0,0,0,2,0,0,0,1,0,,0,0,Northland Region,Nil,2-way,Sealed,0,0,0,0,80,0,Null,1,0,,1,Far North District,Unknown,0,0,0,0,0,0,Open,0,0,0,Mist or Fog,Null
1732136,5936218,19633,,506653,0,0,0,1,1,South,2008/2009,OLD NORTH ROAD,KIWITAHI ROAD,,Non-Injury Crash,No,2009,0,East,1,0,0,Flat,0,,0,,0,Dark,217802,0,0,0,2,0,0,0,0,0,,0,0,Auckland Region,Nil,2-way,Sealed,0,0,0,0,100,0,None,0,0,,76,Auckland,Unknown,0,0,0,1,0,0,Open,0,0,0,Fine,Null
1755722,5934538,19634,,507200,0,0,1,1,0,East,2009/2010,MASTERTON ROAD,BROWNS BAY ROAD,,Non-Injury Crash,No,2009,0,East,0,0,0,Hill Road,0,,0,,0,Overcast,156900,0,0,0,1,0,0,0,0,1,,0,0,Auckland Region,Nil,2-way,Sealed,0,0,0,0,50,0,Null,0,0,,76,Auckland,Give way,0,0,0,0,0,0,Urban,0,0,0,Fine,Null
1746766,5917592,19635,,512500,0,,0,3,,Null,2009/2010,TE ATATU ROAD,MCLEOD ROAD,,Non-Injury Crash,No,2009,,North,,0,,Flat,,,,,,Overcast,257300,0,0,0,2,,,0,,,,,,Auckland Region,Nil,2-way,Sealed,,0,0,,50,,Null,0,0,,76,Auckland,Traffic Signals,,,,,0,0,Urban,0,,,Fine,Null
1757948,5918048,19636,,515700,0,,0,2,,South,2008/2009,SH 1N,GILLIES OFF SBD,,Non-Injury Crash,Yes,2009,,South,,0,,Flat,,,,,,Dark,443200,0,0,0,5,,,0,,,,,,Auckland Region,Nil,2-way,Sealed,,0,0,,100,,On,0,0,,76,Auckland,Give way,,,,,0,0,Open,0,,,Fine,Null
1951274,5792108,19637,,542410,0,,0,1,,West,2009/2010,THE STRAND,GEORGE ST,,Non-Injury Crash,No,2009,,West,,0,,Flat,,,,,,Bright sun,1305500,0,0,0,2,,,0,,,,,,Bay of Plenty Region,Nil,2-way,Sealed,,0,0,,50,,Null,0,0,,25,Whakatane District,Unknown,,,,,0,0,Urban,1,,,Fine,Null
1931461,5604915,19638,,548000,0,,0,2,,West,2008/2009,GROVE ROAD,SYLVAN ROAD,,Non-Injury Crash,No,2009,,West,,0,,Flat,,Easter,,,,Bright sun,1497900,0,0,0,2,,,0,,,,,,Hawke's Bay Region,Nil,2-way,Sealed,,0,0,,50,,Null,0,0,,30,Hastings District,Nil,,,,,0,0,Urban,0,,,Fine,Null
1877366,5794316,19639,80,536630,0,0,0,1,0,North,2008/2009,SH 36,TE MATAI ROAD,,Non-Injury Crash,Yes,2009,0,South,0,0,0,Hill Road,1,,0,,0,Bright sun,1192702,0,0,0,2,0,0,0,0,0,,0,0,Bay of Plenty Region,Nil,2-way,Sealed,0,0,0,0,100,0,Off,0,0,,22,Western Bay of Plenty District,Nil,0,0,0,0,0,0,Open,0,0,0,Fine,Null
1884581,5773691,19640,,540410,0,,0,2,,Null,2009/2010,SH 30A,RANOLF ST,,Non-Injury Crash,Yes,2009,,North,,0,,Flat,,,,,,Overcast,1232500,0,0,0,4,,,0,,,,,,Bay of Plenty Region,Nil,2-way,Sealed,,0,0,,50,,Null,0,0,,24,Rotorua District,Traffic Signals,,,,,0,0,Urban,0,,,Fine,Null
1248339,4850013,19641,,610074,0,,0,2,,Null,2008/2009,OTERAMIKA ROAD,MILL ROAD SOUTH,,Serious Crash,No,2009,,East,,0,,Flat,,,,,,Overcast,3161400,0,0,0,1,,,0,,,,,,Southland Region,Nil,2-way,Sealed,,0,1,,100,,Null,0,0,,75,Invercargill City,Stop,,,,,0,0,Open,0,,,Fine,Null
1772616,5896914,19642,,525420,0,,0,2,,Null,2008/2009,SUBWAY ROAD,PORCHESTER ROAD,,Non-Injury Crash,No,2009,,East,,0,,Flat,,,,,,Bright sun,792601,0,0,0,2,,,0,,,,,,Auckland Region,Nil,2-way,Sealed,,0,0,,50,,Null,0,0,,76,Auckland,Traffic Signals,,,,,0,0,Urban,0,,,Fine,Null
1693976,5676762,19643,,551800,0,,0,1,,Null,2008/2009,HOBSON ST,GILL ST,,Non-Injury Crash,No,2009,,East,,0,,Flat,,,,,,Bright sun,1593600,0,0,0,2,,,0,,,,,,Taranaki Region,Nil,2-way,Sealed,,0,0,,50,,Null,0,0,,33,New Plymouth District,Stop,,,,,0,0,Urban,1,,,Fine,Null
1774039,5897130,19644,,525610,0,0,0,2,0,West,2008/2009,CLEVEDON ROAD,BUSING AVENUE,,Non-Injury Crash,No,2009,0,East,0,0,0,Flat,0,,0,,0,Dark,797400,0,0,0,2,0,0,0,0,2,,0,0,Auckland Region,Nil,2-way,Sealed,0,0,0,0,50,0,On,1,0,,76,Auckland,Nil,0,0,0,0,0,0,Urban,0,0,0,Fine,Null
1758073,5920680,19645,,514103,0,,0,1,,East,2009/2010,BEACH ROAD,TANGIHUA ST,,Non-Injury Crash,No,2009,,South,,0,,Flat,,,,,,Bright sun,438301,0,0,0,4,,,0,,,1,,,Auckland Region,Nil,2-way,Sealed,,0,0,,50,,Off,0,0,,76,Auckland,Traffic Signals,,,,,0,0,Urban,0,,,Light rain,Null
1755839,5919544,19646,,514000,0,,1,1,,North,2008/2009,PONSONBY ROAD,WILLIAMSON AVENUE,,Non-Injury Crash,No,2009,,South,,0,,Flat,,,,,,Overcast,414500,0,0,0,2,,,0,,,,,,Auckland Region,Nil,2-way,Sealed,,0,0,,50,,Null,0,0,,76,Auckland,Unknown,,,,,0,0,Urban,0,,,Fine,Null
1757112,5919058,19647,,514301,0,0,0,1,0,South,2009/2010,SYMONDS OFF NBD,SYMONDS ST,,Non-Injury Crash,Yes,2009,0,North,0,0,0,Hill Road,1,,0,,0,Dark,441200,0,0,0,1,0,0,0,0,0,,0,0,Auckland Region,Nil,1-way,Sealed,0,0,0,0,80,0,On,0,0,,76,Auckland,Nil,0,0,0,0,0,0,Open,0,0,0,Light rain,Null
1748153,5914120,19648,,511700,0,,0,1,,Null,2009/2010,GREAT NORTH ROAD,ARCHIBALD ROAD,,Non-Injury Crash,No,2009,,East,,0,,Hill Road,,,,,,Dark,270201,0,0,0,5,,,0,,,,,,Auckland Region,Nil,2-way,Sealed,,0,0,,50,,On,1,0,,76,Auckland,Traffic Signals,,,,,0,0,Urban,0,,,Fine,Null
1799775,5816526,19649,,529700,0,,0,2,,East,2008/2009,ULSTER ST,RICHMOND ST,,Non-Injury Crash,No,2009,,East,,0,,Flat,,,,,,Dark,908900,0,0,0,4,,,0,,,,,,Waikato Region,Nil,2-way,Sealed,,0,0,,60,,On,0,0,,16,Hamilton City,Unknown,,,,,0,0,Urban,0,,,Fine,Null
1757736,5913551,19650,,518702,1,,0,1,,East,2009/2010,MOUNT ALBERT ROAD,PAH ROAD,,Non-Injury Crash,No,2009,,West,,0,,Flat,,,,,,Overcast,567900,0,0,0,2,,,0,,,,,,Auckland Region,Nil,2-way,Sealed,,0,0,,50,,Null,0,0,,76,Auckland,Unknown,,,,,0,0,Urban,0,,,Fine,Null
1757837,5920097,19651,,514103,0,,0,2,,Null,2008/2009,SYMONDS ST,ALFRED ST,,Non-Injury Crash,No,2009,,North,,0,,Flat,,,,,,Dark,437300,0,0,0,2,,,0,,,,,,Auckland Region,Nil,2-way,Sealed,,0,0,,50,,On,0,1,,76,Auckland,Traffic Signals,,,,,0,0,Urban,0,,,Fine,Null
1756163,5924021,19652,,509800,0,,0,2,,South,2009/2010,SH 1N,ONEWA OBR OFF,,Non-Injury Crash,Yes,2009,,South,,0,,Flat,,,,,,Dark,361100,0,0,0,3,,,0,,,,,,Auckland Region,Nil,1-way,Sealed,,0,0,,80,,On,0,0,,76,Auckland,Nil,,,,,0,0,Open,0,,,Fine,Null
1748905,5429292,19653,,572900,0,,0,2,,North,2008/2009,MOLESWORTH ST,HAWKESTONE ST,,Non-Injury Crash,No,2009,,North,,0,,Flat,,,,,,Bright sun,2119600,0,0,0,2,,,0,,,,,,Wellington Region,Nil,2-way,Sealed,,0,0,,50,,Null,0,0,,47,Wellington City,Nil,,,,,0,0,Urban,0,,,Fine,Null
1756431,5927790,19654,,507900,0,,0,3,,Null,2008/2009,TAHAROTO ROAD,SHAKESPEARE ROAD,,Non-Injury Crash,No,2009,,North,,0,,Flat,,,,,,Overcast,305202,0,0,0,2,,,0,,,,,,Auckland Region,Nil,2-way,Sealed,,0,0,,50,,Null,0,0,,76,Auckland,Traffic Signals,,,,,0,0,Urban,0,,,Fine,Null
1759638,5907959,19655,,524121,0,0,0,3,0,Null,2008/2009,ELMDON ST,BADER DRIVE,,Non-Injury Crash,No,2009,0,North,0,0,1,Flat,0,,0,,0,Dark,737302,0,0,0,2,0,0,0,0,2,,0,0,Auckland Region,Nil,2-way,Sealed,0,0,0,0,50,0,On,0,0,,76,Auckland,Nil,0,0,0,0,0,0,Urban,0,0,0,Fine,Null