X,Y,OBJECTID,advisorySpeed,areaUnitID,bicycle,bridge,bus,carStationWagon,cliffBank,crashDirectionDescription,crashFinancialYear,crashLocation1,crashLocation2,crashRoadSideRoad,crashSeverity,crashSHDescription,crashYear,debris,directionRoleDescription,ditch,fatalCount,fence,flatHill,guardRail,holiday,houseOrBuilding,intersection,kerb,light,meshblockId,minorInjuryCount,moped,motorcycle,NumberOfLanes,objectThrownOrDropped,otherObject,otherVehicleType,overBank,parkedVehicle,pedestrian,phoneBoxEtc,postOrPole,region,roadCharacter,roadLane,roadSurface,roadworks,schoolBus,seriousInjuryCount,slipOrFlood,speedLimit,strayAnimal,streetLight,suv,taxi,temporarySpeedLimit,tlaId,tlaName,trafficControl,trafficIsland,trafficSign,train,tree,truck,unknownVehicleType,urban,vanOrUtility,vehicle,waterRiver,weatherA,weatherB
1806811,5790042,19656,,527936,0,0,0,0,0,West,2009/2010,CAMBRIDGE ROAD,GOLF ROAD,,Non-Injury Crash,No,2009,0,West,0,0,1,Flat,0,,0,,0,Bright sun,986800,0,0,0,2,0,0,0,0,0,,0,0,Waikato Region,Nil,2-way,Sealed,0,0,0,0,100,0,Null,0,0,,17,Waipa District,Unknown,0,0,0,0,1,0,Open,0,0,0,Fine,Null
1623571,6115221,19657,45,500302,0,,0,1,,North,2008/2009,NORTH ROAD,KOHUHU ST,,Non-Injury Crash,No,2009,,South,,0,,Flat,,,,,,Bright sun,13400,0,0,0,2,,,0,,,,,,Northland Region,Nil,2-way,Sealed,,0,0,,50,,Null,0,0,,1,Far North District,Nil,,,,,0,0,Urban,1,,,Fine,Null
1739631,5917078,19658,,513102,0,,0,1,,South,2009/2010,CHRISTIAN ROAD,ONEILLS ROAD,,Non-Injury Crash,No,2009,,South,,0,,Flat,,,,,,Twilight,237700,0,0,0,2,,,0,,,,,,Auckland Region,Nil,2-way,Sealed,,0,0,,50,,None,0,0,,76,Auckland,Unknown,,,,,0,0,Urban,0,,,Fine,Null
1776119,5889898,19659,,521301,0,0,0,2,0,East,2008/2009,MACWHINNEY DRIVE,DRURY HILLS ROAD,,Non-Injury Crash,No,2009,0,East,0,0,0,Hill Road,0,,0,,0,Dark,808902,0,0,0,2,0,0,0,0,0,,0,0,Auckland Region,Nil,2-way,Sealed,0,0,0,0,70,0,On,0,0,,76,Auckland,Nil,0,0,0,0,0,0,Urban,0,1,0,Fine,Null
1405860,4917052,19660,,603100,0,,0,1,,Null,2008/2009,STUART ST,YORK PLACE,,Serious Crash,No,2009,,North,,0,,Hill Road,,,,,,Overcast,2902600,1,0,0,2,,,0,,,,,,Otago Region,Nil,2-way,Sealed,,0,6,,50,,Null,0,0,,71,Dunedin City,Stop,,,,,0,0,Urban,1,,,Fine,Null
1802035,5814624,19661,,530200,0,0,0,3,0,East,2008/2009,COOK ST,GREY ST,,Non-Injury Crash,No,2009,0,East,0,0,0,Flat,0,,0,,0,Bright sun,893100,0,0,0,1,0,0,0,0,2,,0,0,Waikato Region,Nil,1-way,Sealed,0,0,0,0,50,0,Null,0,0,,16,Hamilton City,Unknown,0,0,0,0,0,0,Urban,1,0,0,Fine,Null
1385599,4918670,19662,,602500,0,,0,1,,Null,2009/2010,SH 87,GEORGE KING MEMORIAL DRIV,,Minor Crash,Yes,2009,,East,,0,,Flat,,,,,,Bright sun,2974000,1,0,0,2,,,0,,,,,,Otago Region,Nil,2-way,Sealed,,0,0,,100,,Null,0,0,,71,Dunedin City,Give way,,,,,0,0,Open,1,,,Fine,Null
1882322,5720838,19663,,541344,0,0,0,1,0,West,2008/2009,BROADLANDS ROAD,WHITE ROAD,,Non-Injury Crash,No,2009,0,West,0,0,0,Flat,0,,0,,0,Dark,1280603,0,0,0,2,0,0,0,0,0,,0,1,Waikato Region,Nil,2-way,Sealed,0,0,0,0,100,0,None,1,0,,21,Taupo District,Nil,0,0,0,0,0,0,Open,0,0,0,Mist or Fog,Frost
1752004,5948805,19664,,505805,0,,0,1,,North,2008/2009,HIBISCUS COAST HIGHWAY,BEACH ROAD,,Non-Injury Crash,No,2009,,North,,0,,Flat,,,,,,Twilight,172401,0,0,0,2,,,0,,,,,,Auckland Region,Nil,2-way,Sealed,,0,0,,50,,On,1,0,,76,Auckland,Nil,,,,,0,0,Urban,0,,,Fine,Null
1753073,5916063,19665,,517903,0,0,0,1,0,West,2008/2009,SUMMIT DRIVE,STILWELL ROAD,,Non-Injury Crash,No,2009,0,East,0,0,0,Hill Road,0,,0,,0,Bright sun,522600,0,0,0,2,0,0,0,0,0,,0,1,Auckland Region,Nil,2-way,Sealed,0,0,0,0,50,0,Null,0,0,,76,Auckland,Unknown,0,0,0,0,0,0,Urban,0,0,0,Fine,Null
1770994,5878103,19666,,521116,0,,0,0,,West,2009/2010,LOGAN ROAD,BUCKVILLE ROAD,,Non-Injury Crash,No,2009,,West,,0,,Flat,,,,,,Overcast,828303,0,0,0,2,,,0,,,,,,Auckland Region,Nil,2-way,Sealed,,0,0,,50,,Off,0,0,,76,Auckland,Nil,,,,,1,0,Urban,1,,,Light rain,Null
1745427,5920452,19667,,513301,0,,0,2,,South,2008/2009,LINCOLN ROAD,LINCOLN OFF WBD S,,Non-Injury Crash,No,2009,,South,,0,,Flat,,,,,,Bright sun,230301,0,0,0,2,,,0,,,,,,Auckland Region,Nil,2-way,Sealed,,0,0,,50,,Off,0,0,,76,Auckland,Nil,,,,,0,0,Urban,0,,,Fine,Null
1760619,5922307,19668,,509400,0,0,0,3,0,East,2008/2009,KING EDWARD PARADE,MAYS ST,,Non-Injury Crash,No,2009,0,West,0,0,0,Flat,0,Easter,0,,0,Dark,330200,0,0,0,2,0,0,0,0,1,,0,0,Auckland Region,Nil,2-way,Sealed,0,0,0,0,50,0,On,0,0,,76,Auckland,Stop,0,0,0,0,0,0,Urban,0,0,0,Fine,Null
1817624,5803326,19669,,527503,0,,0,2,,North,2008/2009,SH 1N,QUEEN ST,,Non-Injury Crash,Yes,2009,,South,,0,,Flat,,,,,,Bright sun,963100,0,0,0,2,,,0,,,,,,Waikato Region,Nil,2-way,Sealed,,0,0,,50,,Null,0,0,,17,Waipa District,Unknown,,,,,0,0,Urban,0,,,Fine,Null
1755972,5918580,19670,,515500,0,0,0,1,0,West,2008/2009,SH 16,NEWTON OFF EBD,,Non-Injury Crash,Yes,2009,0,East,0,0,0,Flat,0,,0,,0,Dark,418600,0,0,1,4,0,0,0,0,0,,0,0,Auckland Region,Nil,1-way,Sealed,0,0,0,0,80,0,On,0,0,,76,Auckland,Unknown,0,0,0,0,0,0,Open,0,1,0,Light rain,Null
1756718,5927483,19671,,507900,0,,0,2,,Null,2009/2010,TAHAROTO ROAD,NORTHCOTE ROAD,,Non-Injury Crash,No,2009,,North,,0,,Flat,,,,,,Bright sun,303502,0,0,0,1,,,0,,,,,,Auckland Region,Nil,1-way,Sealed,,0,0,,50,,Off,0,0,,76,Auckland,Give way,,,,,0,0,Urban,0,,,Fine,Null
1754102,5930110,19672,,508420,0,0,0,2,0,Null,2008/2009,TARGET ROAD,CHEVAL DRIVE,,Non-Injury Crash,No,2009,0,East,0,0,0,Flat,0,,0,,0,Bright sun,182027,0,0,0,2,0,0,0,0,0,,0,0,Auckland Region,Nil,2-way,Sealed,0,0,0,0,50,0,Null,0,0,,76,Auckland,Give way,0,0,0,0,0,0,Urban,0,1,0,Fine,Null
1783949,5924380,19673,,520801,0,0,0,1,0,North,2008/2009,OBRIEN ROAD,TE WHAU DRIVE,,Non-Injury Crash,No,2009,0,North,0,0,0,Hill Road,0,Queens Birthday,0,,0,Overcast,515610,0,0,0,2,0,0,0,0,0,,0,0,Auckland Region,Nil,2-way,Sealed,0,0,0,0,80,0,Off,0,0,,76,Auckland,Nil,0,0,0,1,0,0,Open,0,0,0,Mist or Fog,Null
1748984,5935924,19674,,506300,0,,0,1,,Null,2008/2009,DAIRY FLAT HIGHWAY,COATESVILLE-RIVERHEAD HIG,,Non-Injury Crash,No,2009,,North,,0,,Flat,,,,,,Overcast,176003,0,0,0,2,,,0,,,,,,Auckland Region,Nil,2-way,Sealed,,0,0,,80,,Null,0,0,,76,Auckland,Give way,,,,,0,0,Open,0,,,Fine,Null
1817376,5804582,19675,,527501,0,,0,0,,Null,2008/2009,BOWEN ST,TAYLOR ST,,Non-Injury Crash,No,2009,,South,,0,,Flat,,,,,,Overcast,961200,0,0,0,2,,,0,,,,,,Waikato Region,Nil,2-way,Sealed,,0,0,,50,,Null,2,0,,17,Waipa District,Stop,,,,,0,0,Urban,0,,,Fine,Null
1814118,5803710,19676,,527133,0,0,0,0,0,East,2008/2009,SH 1N,HANLIN ROAD,,Non-Injury Crash,Yes,2009,0,West,0,0,1,Flat,0,,0,,0,Dark,960006,0,0,0,2,0,0,0,0,0,,0,0,Waikato Region,Nil,2-way,Sealed,0,0,0,0,100,0,On,0,0,,17,Waipa District,Unknown,0,0,0,0,0,0,Open,1,0,0,Light rain,Null
1767443,5904918,19677,,524604,0,,0,2,,South,2009/2010,GREAT SOUTH ROAD,CAVENDISH DRIVE,,Non-Injury Crash,No,2009,,North,,0,,Flat,,,,,,Dark,780209,0,0,0,4,,,0,,,,,,Auckland Region,Nil,2-way,Sealed,,0,0,,50,,On,0,0,,76,Auckland,Traffic Signals,,,,,0,0,Urban,0,,,Fine,Null
1768279,5902198,19678,,525001,0,,0,2,,South,2009/2010,GREAT SOUTH ROAD,BROWNS ROAD,,Non-Injury Crash,No,2009,,North,,0,,Flat,,,,,,Overcast,750800,0,0,0,2,,,0,,,,,,Auckland Region,Nil,2-way,Sealed,,0,0,,50,,Off,0,0,,76,Auckland,Nil,,,,,0,0,Urban,0,,,Heavy rain,Null
1753440,5932937,19679,,508807,0,0,0,1,0,South,2009/2010,SH 1N,GREVILLE OBR,,Non-Injury Crash,Yes,2009,0,North,0,0,0,Flat,1,,0,,0,Overcast,180811,0,0,0,2,0,0,0,0,0,,0,0,Auckland Region,Nil,1-way,Sealed,0,0,0,0,100,0,Null,0,0,,76,Auckland,Unknown,0,0,0,0,0,0,Open,0,0,0,Light rain,Null
1740066,5928317,19680,,505604,0,0,0,1,0,South,2009/2010,SH 16,OLD RAILWAY ROAD,,Non-Injury Crash,Yes,2009,0,North,0,0,0,Flat,0,,0,,0,Dark,214501,0,0,0,2,0,0,0,0,0,,0,1,Auckland Region,Nil,2-way,Sealed,0,0,0,0,80,0,None,0,0,,76,Auckland,Nil,0,0,0,0,0,0,Open,0,0,0,Fine,Null
1766261,5899906,19681,,524822,0,,0,2,,South,2008/2009,ROSCOMMON ROAD,ROBERT ROSS PLACE,,Non-Injury Crash,No,2009,,North,,0,,Flat,,,,,,Overcast,774431,0,0,0,1,,,0,,,,,,Auckland Region,Nil,2-way,Sealed,,0,0,,30,,Off,0,0,,76,Auckland,Nil,,,,,0,0,Urban,0,,,Light rain,Null
1749692,5426061,19682,,573400,1,,0,0,,East,2009/2010,SH 1N,WEST PORTAL,,Minor Crash,Yes,2009,,South,,0,,Flat,,,,,,Overcast,2143300,1,0,0,2,,,0,,,1,,,Wellington Region,Nil,2-way,Sealed,,0,0,,50,,Null,0,0,,47,Wellington City,Nil,,,,,0,0,Urban,0,,,Fine,Null
1722917,6044194,19683,,502004,0,,0,1,,Null,2009/2010,RIVERSIDE DRIVE,AWAROA RIVER ROAD,,Non-Injury Crash,No,2009,,East,,0,,Flat,,,,,,Bright sun,109401,0,0,0,2,,,0,,,,,,Northland Region,Nil,2-way,Sealed,,0,0,,80,,Off,1,0,,2,Whangarei District,Give way,,,,,0,0,Open,0,,,Fine,Null
1571171,5183268,19684,,592500,0,,0,1,,Null,2009/2010,WESTMINSTER ST,KENSINGTON AVENUE,,Serious Crash,No,2009,,East,,0,,Flat,,,,,,Bright sun,2680500,0,0,0,2,,,0,,,,,,Canterbury Region,Nil,2-way,Sealed,,0,1,,50,,Null,1,0,,60,Christchurch City,Nil,,,,,0,0,Urban,0,,,Fine,Null
1755296,5921812,19685,,515202,0,,0,2,,North,2008/2009,SH 1N,SHELLY BEACH OBR,,Non-Injury Crash,Yes,2009,,North,,0,,Hill Road,,,,,,Dark,423600,0,0,0,2,,,0,,,,,,Auckland Region,Bridge,1-way,Sealed,,0,0,,80,,On,0,0,,76,Auckland,Nil,,,,,0,0,Open,2,,,Fine,Null
1744964,5913989,19686,,512906,0,0,0,2,0,South,2008/2009,GLENGARRY ROAD,WEST COAST ROAD,,Non-Injury Crash,No,2009,0,North,0,0,0,Hill Road,0,,0,,0,Dark,278410,0,0,0,2,0,0,0,0,1,,0,0,Auckland Region,Nil,2-way,Sealed,0,0,0,0,50,0,On,0,0,,76,Auckland,Unknown,0,0,0,0,0,0,Urban,0,0,0,Fine,Null
1449247,5046822,19687,,600410,0,1,0,1,0,Null,2008/2009,SH 82,HOLLANDS BR,,Minor Crash,Yes,2009,0,South,1,0,0,Flat,0,,0,,0,Bright sun,2817200,1,0,0,2,0,0,0,0,0,,0,0,Canterbury Region,Bridge,2-way,Sealed,0,0,0,0,100,0,Null,0,0,,66,Waimate District,Unknown,0,0,0,0,0,0,Open,0,0,0,Fine,Null
1747273,5919761,19688,,512300,0,,0,1,,Null,2008/2009,TE ATATU ROAD,TE ATATU OFF EBD,,Non-Injury Crash,No,2009,,South,,0,,Flat,,,,,,Bright sun,252000,0,0,0,4,,,0,,,,,,Auckland Region,Bridge,2-way,Sealed,,0,0,,50,,Off,1,0,,76,Auckland,Traffic Signals,,,,,0,0,Urban,0,,,Fine,Null
1874326,5823856,19689,,536514,0,0,0,1,0,East,2008/2009,WESTMORLAND RISE,BETHLEHEM ROAD,,Non-Injury Crash,No,2009,0,East,0,0,1,Hill Road,0,,0,,0,Dark,1190301,0,0,0,2,0,0,0,0,0,,0,0,Bay of Plenty Region,Nil,2-way,Sealed,0,0,0,0,50,0,On,0,0,,23,Tauranga City,Nil,0,0,0,0,0,0,Urban,0,0,0,Light rain,Null
1800651,5815451,19690,,529700,0,,0,2,,Null,2008/2009,BRYCE ST,ANGLESEA ST,,Non-Injury Crash,No,2009,,South,,0,,Flat,,,,,,Overcast,910900,0,0,0,4,,,0,,,,,,Waikato Region,Nil,2-way,Sealed,,0,0,,50,,Null,0,0,,16,Hamilton City,Traffic Signals,,,,,0,0,Urban,0,,,Fine,Null
1758213,5913424,19691,,518600,0,,0,2,,Null,2008/2009,MANUKAU ROAD,MOUNT ALBERT ROAD,,Non-Injury Crash,No,2009,,North,,0,,Flat,,,,,,Bright sun,567300,0,0,0,4,,,0,,,,,,Auckland Region,Nil,2-way,Sealed,,0,0,,50,,Off,0,0,,76,Auckland,Give way,,,,,0,0,Urban,0,,,Fine,Null
1755937,5919475,19692,,514000,0,,0,2,,Null,2009/2010,PONSONBY ROAD,HEPBURN ST,,Non-Injury Crash,No,2009,,West,,0,,Flat,,,,,,Twilight,413700,0,0,0,4,,,0,,,,,,Auckland Region,Nil,2-way,Sealed,,0,0,,50,,On,0,0,,76,Auckland,Traffic Signals,,,,,0,0,Urban,0,,,Light rain,Null
1884733,5773798,19693,,540410,0,0,0,1,0,Null,2009/2010,ERUERA ST,AMOHIA ST,,Non-Injury Crash,No,2009,0,East,0,0,0,Flat,0,,0,,0,Dark,1234500,0,0,0,2,0,1,0,0,0,,0,0,Bay of Plenty Region,Nil,2-way,Sealed,0,0,0,0,50,0,On,0,0,,24,Rotorua District,Give way,1,0,0,0,0,0,Urban,0,0,0,Fine,Null
1764929,5910793,19694,,521803,0,,0,5,,Null,2009/2010,SH 1N,OTAHUHU OFF SBD,,Non-Injury Crash,Yes,2009,,South,,0,,Hill Road,,,,,,Bright sun,789700,0,0,0,3,,,0,,,,,,Auckland Region,Nil,1-way,Sealed,,0,0,,100,,Off,0,0,,76,Auckland,Nil,,,,,0,0,Open,0,,,Fine,Null
1742701,5921628,19695,,513631,1,,1,0,,North,2009/2010,DON BUCK ROAD,DONOVAN AVENUE,,Non-Injury Crash,No,2009,,North,,0,,Flat,,,,,,Bright sun,227101,0,0,0,2,,,0,,,,,,Auckland Region,Nil,2-way,Sealed,,1,0,,50,,Off,0,0,,76,Auckland,Nil,,,,,0,0,Urban,0,,,Fine,Null
1803224,5815695,19696,,530500,0,0,0,1,0,Null,2009/2010,CAMERON ROAD,OLD FARM ROAD,,Non-Injury Crash,No,2009,0,West,0,0,0,Flat,0,,0,,1,Overcast,889600,0,0,0,2,0,0,0,0,0,,0,0,Waikato Region,Nil,2-way,Sealed,0,0,0,0,50,0,Null,0,0,,16,Hamilton City,Give way,0,0,0,0,0,0,Urban,0,0,0,Heavy rain,Null
1605692,5433426,19697,65,581836,0,,0,2,,West,2008/2009,SH 60,DOMINION ROAD,,Non-Injury Crash,Yes,2009,,North,,0,,Hill Road,,,,,,Overcast,2351200,0,0,0,2,,,0,,,,,,Tasman Region,Nil,2-way,Sealed,,0,0,,100,,Null,1,0,,51,Tasman District,Nil,,,,,0,0,Open,0,,,Light rain,Null
1863516,5711617,19698,,541311,0,,0,1,,South,2009/2010,WAKEMAN ROAD,BESLEY PLACE,,Non-Injury Crash,No,2009,,North,,0,,Hill Road,,,,,,Overcast,1279404,0,0,0,2,,,0,,,,,,Waikato Region,Nil,2-way,Sealed,,0,0,,50,,Null,0,0,,21,Taupo District,Unknown,,,,,0,0,Urban,0,,,Light rain,Null
1769943,5909844,19699,,523114,0,,0,2,,Null,2009/2010,TE IRIRANGI DRIVE,SMALES ROAD,,Non-Injury Crash,No,2009,,South,,0,,Flat,,,,,,Bright sun,711804,0,0,0,5,,,0,,,,,,Auckland Region,Nil,2-way,Sealed,,0,0,,80,,Off,0,0,,76,Auckland,Give way,,,,,0,0,Open,0,,,Fine,Null
1799819,5816504,19700,,529700,0,,0,2,,East,2009/2010,ULSTER ST,RICHMOND ST,,Non-Injury Crash,No,2009,,West,,0,,Flat,,,,,,Overcast,908900,0,0,0,4,,,0,,,,,,Waikato Region,Nil,2-way,Sealed,,0,0,,60,,Null,0,0,,16,Hamilton City,Unknown,,,,,0,0,Urban,0,,,Fine,Null
1757262,5918872,19701,,514301,0,0,0,1,0,Null,2009/2010,WELLESLEY OFF NBD,SYMONDS OFF NBD,,Non-Injury Crash,Yes,2009,0,North,0,0,0,Flat,1,,0,,0,Dark,441600,0,0,0,3,0,0,0,0,0,,0,0,Auckland Region,Motorway ramp,1-way,Sealed,0,0,0,0,80,0,On,0,0,,76,Auckland,Nil,0,0,0,0,0,0,Open,0,0,0,Fine,Null
1748463,5426678,19702,,573300,0,,0,2,,Null,2008/2009,WEBB ST,CUBA ST,,Non-Injury Crash,No,2009,,East,,0,,Flat,,,,,,Overcast,2144102,0,0,0,2,,,0,,,,,,Wellington Region,Nil,2-way,Sealed,,0,0,,50,,Null,0,0,,47,Wellington City,Give way,,,,,0,0,Urban,0,,,Fine,Null
1743697,5919354,19703,,513212,0,,0,2,,Null,2009/2010,SWANSON ROAD,UNIVERSAL DRIVE,,Non-Injury Crash,No,2009,,East,,0,,Flat,,,,,,Dark,235600,0,0,0,2,,,0,,,,,,Auckland Region,Nil,2-way,Sealed,,0,0,,50,,On,0,0,,76,Auckland,Give way,,,,,0,0,Urban,0,,,Fine,Null
1876953,5826608,19704,,537201,0,,0,1,,Null,2008/2009,OTUMOETAI ROAD,NGATAI ROAD,,Non-Injury Crash,No,2009,,North,,0,,Flat,,,,,,Overcast,1154701,0,0,0,2,,,0,,,,,,Bay of Plenty Region,Nil,2-way,Sealed,,0,0,,50,,Null,1,0,,23,Tauranga City,Give way,,,,,0,0,Urban,0,,,Fine,Null
1799146,5813664,19705,,528900,0,,0,2,,West,2008/2009,DUKE ST,ELLIS ST,,Non-Injury Crash,No,2009,,West,,0,,Flat,,,,,,Bright sun,916402,0,0,0,2,,,0,,,,,,Waikato Region,Nil,2-way,Sealed,,0,0,,50,,Null,0,0,,16,Hamilton City,Unknown,,,,,0,0,Urban,0,,,Fine,Null
1831699,5841464,19706,,534603,0,0,0,1,0,South,2009/2010,EASTPORT ROAD,MELLON ROAD,,Non-Injury Crash,No,2009,0,North,0,0,1,Flat,0,,0,,0,Dark,1095700,0,0,0,2,0,0,0,0,0,,0,0,Waikato Region,Nil,2-way,Sealed,0,0,0,0,100,0,None,0,0,,15,Matamata-Piako District,Unknown,0,0,0,0,0,0,Open,0,0,0,Light rain,Null
1754732,5915600,19707,,517702,0,,0,2,,North,2009/2010,SANDRINGHAM ROAD,LAMBETH ROAD,,Non-Injury Crash,No,2009,,North,,0,,Flat,,,,,,Dark,541600,0,0,0,2,,,0,,,,,,Auckland Region,Nil,2-way,Sealed,,0,0,,50,,On,0,0,,76,Auckland,Nil,,,,,0,0,Urban,0,,,Light rain,Null
1756764,5919883,19708,,514102,0,,0,2,,North,2008/2009,HOBSON ST,PITT ST,,Non-Injury Crash,No,2009,,South,,0,,Flat,,,,,,Bright sun,434802,0,0,0,4,,,0,,,,,,Auckland Region,Nil,1-way,Sealed,,0,0,,50,,Off,0,0,,76,Auckland,Nil,,,,,0,0,Urban,0,,,Fine,Null
1798306,5815699,19709,,529000,0,,0,2,,South,2008/2009,RIFLE RANGE ROAD,RAILSIDE PLACE,,Non-Injury Crash,No,2009,,South,,0,,Flat,,,,,,Bright sun,916600,0,0,0,2,,,0,,,,,,Waikato Region,Nil,2-way,Sealed,,0,0,,50,,Null,0,0,,16,Hamilton City,Unknown,,,,,0,0,Urban,0,,,Fine,Null
1796761,5819894,19710,,528403,0,,0,5,,South,2009/2010,TE RAPA ROAD,THE BASE PARADE,,Non-Injury Crash,No,2009,,North,,0,,Flat,,,,,,Overcast,907500,0,0,0,4,,,0,,,,,,Waikato Region,Nil,2-way,Sealed,,0,0,,60,,Off,0,0,,16,Hamilton City,Unknown,,,,,0,0,Urban,0,,,Fine,Null
1717180,6035724,19711,,501809,0,0,0,1,1,South,2009/2010,SH 1N,MAUNGAKARAMEA ROAD,,Non-Injury Crash,Yes,2009,0,North,0,0,0,Hill Road,0,,0,,0,Bright sun,74900,0,0,0,3,0,0,0,0,0,,0,0,Northland Region,Nil,2-way,Sealed,0,0,0,0,100,0,Null,0,0,,2,Whangarei District,Unknown,0,0,0,0,0,0,Open,0,0,0,Fine,Null
1757782,5434032,19712,,570000,1,,0,1,,Null,2009/2010,THE ESPLANADE,TORY ST,,Minor Crash,No,2009,,East,,0,,Flat,,,,,,Bright sun,2027200,1,0,0,2,,,0,,,,,,Wellington Region,Nil,2-way,Sealed,,0,0,,50,,Null,0,0,,46,Lower Hutt City,Give way,,,,,0,0,Urban,0,,,Fine,Null
1719676,6043485,19713,,503900,0,,0,1,,South,2008/2009,KIOREROA ROAD,UNION EAST ST,,Non-Injury Crash,No,2009,,North,,0,,Flat,,,,,,Overcast,109101,0,0,0,2,,,0,,,,,,Northland Region,Nil,2-way,Sealed,,0,0,,100,,Null,0,0,,2,Whangarei District,Unknown,,,,,0,0,Open,1,,,Fine,Null
1800839,5814129,19714,,529100,0,,0,2,,Null,2008/2009,PEMBROKE ST,RUAKIWI ROAD,,Non-Injury Crash,No,2009,,North,,0,,Flat,,,,,,Overcast,931300,0,0,0,2,,,0,,,,,,Waikato Region,Nil,2-way,Sealed,,0,0,,50,,Null,0,0,,16,Hamilton City,Give way,,,,,0,0,Urban,0,,,Light rain,Null
1768650,5811093,19715,,526602,0,0,0,1,0,West,2008/2009,SH 23,TE MATA ROAD,,Non-Injury Crash,Yes,2009,0,East,0,0,1,Hill Road,0,,0,,0,Bright sun,860500,0,0,0,2,0,0,0,0,0,,0,0,Waikato Region,Nil,2-way,Sealed,0,0,0,0,100,0,Off,0,0,50,13,Waikato District,Nil,0,0,0,0,0,0,Open,0,0,0,Fine,Null
1826097,5885898,19716,,533502,0,,0,1,,Null,2009/2010,POLLEN ST,JELLICOE CRESCENT,,Non-Injury Crash,Yes,2009,,South,,0,,Flat,,,,,,Overcast,1055500,0,0,0,2,,,0,,,,,,Waikato Region,Nil,2-way,Sealed,,0,0,,50,,Null,0,0,,11,Thames-Coromandel District,Stop,,,,,0,0,Urban,1,,,Fine,Null
1750101,5424680,19717,,576903,1,0,0,1,0,North,2008/2009,KILBIRNIE CRESCENT,TULLY ST,,Minor Crash,No,2009,0,North,0,0,0,Flat,0,,0,,0,Bright sun,2179101,1,0,0,2,0,0,0,0,0,,0,0,Wellington Region,Nil,2-way,Sealed,0,0,0,0,50,0,Null,0,0,,47,Wellington City,Nil,0,0,0,0,0,0,Urban,0,1,0,Fine,Null
1755751,5919842,19718,,514000,0,0,0,1,0,East,2009/2010,ANGLESEA ST,PONSONBY ROAD,,Non-Injury Crash,No,2009,0,South,0,0,0,Hill Road,0,,0,,0,Dark,414000,0,0,0,2,0,0,0,0,1,,0,0,Auckland Region,Nil,2-way,Sealed,0,0,0,0,50,0,On,1,0,,76,Auckland,Nil,0,0,0,0,0,0,Urban,0,0,0,Fine,Null
1762496,5907277,19719,,524520,0,,0,2,,South,2008/2009,MASSEY ROAD,YATES ROAD,,Non-Injury Crash,No,2009,,North,,0,,Flat,,,,,,Bright sun,734603,0,0,0,2,,,0,,,,,,Auckland Region,Nil,2-way,Sealed,,0,0,,50,,Off,0,0,,76,Auckland,Nil,,,,,0,0,Urban,0,,,Fine,Null
1754016,5914425,19720,,518801,0,,0,1,,Null,2009/2010,SANDRINGHAM ROAD,WILLIAM BLOFIELD AVENUE,,Non-Injury Crash,No,2009,,South,,0,,Flat,,,,,,Bright sun,577200,0,0,0,4,,,0,,,,,,Auckland Region,Nil,2-way,Sealed,,0,0,,50,,Null,0,0,,76,Auckland,Stop,,,,,0,0,Urban,1,,,Fine,Null
1623365,6135121,19721,,500208,0,0,0,1,0,East,2009/2010,KAIMAUMAU ROAD,SH 1N,,Non-Injury Crash,No,2009,0,West,0,0,1,Flat,0,Labour Weekend,0,,0,Dark,2400,0,0,0,2,0,0,0,0,0,,0,0,Northland Region,Nil,2-way,Sealed,0,0,0,0,100,0,None,0,0,,1,Far North District,Nil,0,0,0,0,0,0,Open,0,0,0,Fine,Null
1885155,5773885,19722,,540410,0,,0,1,,West,2009/2010,HINEMOA ST,FENTON ST,,Non-Injury Crash,No,2009,,East,,0,,Flat,,,,,,Bright sun,1234700,0,0,0,2,,,0,,,,,,Bay of Plenty Region,Nil,2-way,Sealed,,0,0,,50,,Null,1,0,,24,Rotorua District,Traffic Signals,,,,,0,0,Urban,0,,,Fine,Null
1756747,5920112,19723,,514102,0,,0,2,,Null,2009/2010,NELSON ST,NICHOLAS ST,,Non-Injury Crash,No,2009,,North,,0,,Hill Road,,,,,,Overcast,434601,0,0,0,5,,,0,,,,,,Auckland Region,Nil,1-way,Sealed,,0,0,,50,,Null,0,0,,76,Auckland,Stop,,,,,0,0,Urban,0,,,Fine,Null
1746891,5913678,19724,,511002,0,,0,1,,South,2008/2009,GLENDALE ROAD,OATES ROAD,,Non-Injury Crash,No,2009,,South,,0,,Hill Road,,,,,,Dark,283400,0,0,0,2,,,0,,,,,,Auckland Region,Nil,2-way,Sealed,,0,0,,50,,On,1,0,,76,Auckland,Nil,,,,,0,0,Urban,0,,,Light rain,Null
1791926,5780512,19725,,531301,0,0,0,1,0,Null,2009/2010,SH 31,KAWA ROAD,,Non-Injury Crash,Yes,2009,0,South,0,0,1,Hill Road,0,,0,,0,Dark,994900,0,0,0,2,0,0,0,0,0,,0,0,Waikato Region,Nil,2-way,Sealed,0,0,0,0,100,0,On,0,0,,18,Ōtorohanga District,Give way,0,1,0,0,0,0,Open,0,0,0,Fine,Null