X,Y,OBJECTID,advisorySpeed,areaUnitID,bicycle,bridge,bus,carStationWagon,cliffBank,crashDirectionDescription,crashFinancialYear,crashLocation1,crashLocation2,crashRoadSideRoad,crashSeverity,crashSHDescription,crashYear,debris,directionRoleDescription,ditch,fatalCount,fence,flatHill,guardRail,holiday,houseOrBuilding,intersection,kerb,light,meshblockId,minorInjuryCount,moped,motorcycle,NumberOfLanes,objectThrownOrDropped,otherObject,otherVehicleType,overBank,parkedVehicle,pedestrian,phoneBoxEtc,postOrPole,region,roadCharacter,roadLane,roadSurface,roadworks,schoolBus,seriousInjuryCount,slipOrFlood,speedLimit,strayAnimal,streetLight,suv,taxi,temporarySpeedLimit,tlaId,tlaName,trafficControl,trafficIsland,trafficSign,train,tree,truck,unknownVehicleType,urban,vanOrUtility,vehicle,waterRiver,weatherA,weatherB
1956160,5789705,19726,,541900,0,0,0,1,0,East,2009/2010,POHUTUKAWA AVENUE,PLANTATION RESERVE E,,Non-Injury Crash,No,2009,0,West,0,0,1,Flat,0,,0,,0,Bright sun,1294500,0,0,0,2,0,0,0,0,0,,1,0,Bay of Plenty Region,Nil,2-way,Sealed,0,0,0,0,50,0,Off,0,0,,25,Whakatane District,Nil,0,0,0,0,0,0,Urban,0,0,0,Fine,Null
1562291,5196957,19727,,586603,0,,0,1,,Null,2009/2010,TRAM ROAD,BRADLEYS ROAD,,Minor Crash,No,2009,,North,,0,,Flat,,,,,,Bright sun,2457405,1,0,0,2,,,0,,,,,,Canterbury Region,Nil,2-way,Sealed,,0,0,,100,,Null,1,0,,59,Waimakariri District,Stop,,,,,0,0,Open,0,,,Fine,Null
1757950,5917021,19728,,515700,0,,0,1,,Null,2009/2010,GILLIES AVENUE,BRIGHTSIDE ROAD,,Non-Injury Crash,No,2009,,North,,0,,Flat,,,,,,Bright sun,444600,0,0,1,4,,,0,,,,,,Auckland Region,Nil,2-way,Sealed,,0,0,,50,,Off,0,0,,76,Auckland,Give way,,,,,0,0,Urban,0,,,Fine,Null
1759255,5918728,19729,,515901,0,0,0,1,0,West,2009/2010,AYR ST,BASSETT ROAD,,Non-Injury Crash,No,2009,0,West,0,0,0,Hill Road,0,,0,,0,Bright sun,456900,0,0,0,2,0,0,0,0,0,,0,1,Auckland Region,Nil,2-way,Sealed,0,0,0,0,50,0,Off,0,0,,76,Auckland,Nil,0,0,0,0,0,0,Urban,0,0,0,Fine,Null
1750666,5912761,19730,,511402,0,0,0,1,0,South,2009/2010,PORTAGE ROAD,BOLTON ST,,Non-Injury Crash,No,2009,0,South,0,0,0,Flat,0,,0,,0,Overcast,260500,0,0,0,2,0,0,0,0,1,,0,0,Auckland Region,Nil,2-way,Sealed,0,0,0,0,50,0,Null,0,0,,76,Auckland,Unknown,0,0,0,0,0,0,Urban,1,0,0,Fine,Null
1757658,5918337,19731,,514302,0,,0,3,,North,2008/2009,SH 1N,GILLIES OFF SBD,,Non-Injury Crash,Yes,2009,,South,,0,,Flat,,,,,,Overcast,442100,0,0,0,3,,,0,,,,,,Auckland Region,Nil,1-way,Sealed,,0,0,,80,,Off,0,0,,76,Auckland,Nil,,,,,0,0,Open,0,,,Fine,Null
1768473,5899406,19732,,525102,0,,0,2,,West,2008/2009,MAHIA ROAD,COXHEAD ROAD,,Non-Injury Crash,No,2009,,West,,0,,Hill Road,,,,,,Bright sun,769600,0,0,0,2,,,0,,,,,,Auckland Region,Nil,2-way,Sealed,,0,0,,50,,Off,0,0,,76,Auckland,Nil,,,,,0,0,Urban,0,,,Fine,Null
1878791,5822812,19733,,538201,0,,0,0,,Null,2008/2009,ELEVENTH AVENUE,DEVONPORT ROAD,,Non-Injury Crash,No,2009,,East,,0,,Flat,,Queens Birthday,,,,Dark,1166703,0,0,0,2,,,0,,,,,,Bay of Plenty Region,Nil,2-way,Sealed,,0,0,,50,,On,1,0,,23,Tauranga City,Give way,,,,,0,0,Urban,0,,,Fine,Null
1796516,5819064,19734,,528405,0,,0,2,,South,2008/2009,WAIRERE DRIVE,GILCHRIST ST,,Non-Injury Crash,No,2009,,North,,0,,Flat,,,,,,Dark,976801,0,0,0,2,,,0,,,,,,Waikato Region,Nil,2-way,Sealed,,0,0,,80,,On,0,0,,16,Hamilton City,Unknown,,,,,0,0,Open,0,,,Fine,Null
1883348,5775017,19735,,539400,0,,0,0,,Null,2008/2009,SH 5,VIEW ROAD,,Non-Injury Crash,Yes,2009,,North,,0,,Flat,,,,,,Bright sun,1224800,0,0,0,4,,,0,,,,,,Bay of Plenty Region,Nil,2-way,Sealed,,0,0,,60,,Off,0,0,,24,Rotorua District,Stop,,,,,0,0,Urban,2,,,Fine,Null
1622404,5431345,19736,,582402,0,0,0,2,0,East,2008/2009,BRITANNIA HEIGHTS,ALBERT ROAD,,Non-Injury Crash,No,2009,0,North,0,0,0,Hill Road,0,Christmas New Year,0,,0,Dark,2325900,0,0,0,2,0,0,0,0,1,,0,0,Nelson Region,Nil,2-way,Sealed,0,0,0,0,50,0,On,0,0,,52,Nelson City,Nil,0,0,0,0,0,0,Urban,0,0,0,Fine,Null
1766262,5905375,19737,,522202,0,,0,1,,Null,2009/2010,CARRUTH ROAD,ALLENBY ROAD,,Non-Injury Crash,No,2009,,West,,0,,Flat,,,,,,Bright sun,665700,0,0,0,2,,,0,,,,,,Auckland Region,Nil,2-way,Sealed,,0,0,,50,,Off,0,0,,76,Auckland,Stop,,,,,0,0,Urban,1,,,Fine,Null
1717773,6050322,19738,,502102,0,0,0,2,0,East,2009/2010,WAKELIN ST,KAMO ROAD,,Non-Injury Crash,No,2009,0,East,0,0,0,Hill Road,0,,0,,0,Dark,84700,0,0,0,2,0,0,0,0,1,,0,0,Northland Region,Nil,2-way,Sealed,0,0,0,0,50,0,On,0,0,,2,Whangarei District,Nil,0,0,0,0,0,0,Urban,0,0,0,Fine,Null
1276691,4868071,19739,,610061,0,0,0,1,0,North,2008/2009,SH 1S,NICHOLSON ROAD,,Minor Crash,Yes,2009,0,North,0,0,0,Flat,0,,0,,0,Dark,3087804,1,0,0,2,0,0,0,0,0,,0,0,Southland Region,Nil,2-way,Sealed,0,0,0,0,100,0,None,0,0,,73,Southland District,Unknown,0,0,0,0,0,0,Open,0,0,0,Heavy rain,Null
1753791,5913619,19740,,518802,0,,0,2,,South,2009/2010,RICHARDSON ROAD,NIRVANA WAY,,Non-Injury Crash,No,2009,,South,,0,,Flat,,,,,,Bright sun,579400,0,0,0,2,,,0,,,,,,Auckland Region,Nil,2-way,Sealed,,0,0,,50,,Off,0,0,,76,Auckland,Nil,,,,,0,0,Urban,0,,,Fine,Null
1883900,5825553,19741,,536831,0,,0,1,,Null,2009/2010,SH 2,CONCORD AVENUE,,Non-Injury Crash,Yes,2009,,South,,0,,Flat,,,,,,Overcast,1204403,0,0,0,4,,,0,,,,,,Bay of Plenty Region,Nil,2-way,Sealed,,0,0,,70,,Null,0,0,,23,Tauranga City,Stop,,,,,0,0,Urban,1,,,Light rain,Null
1405972,4917523,19742,,604010,0,0,0,1,0,East,2009/2010,QUEENS DRIVE,MELROSE ST,,Minor Crash,No,2009,0,North,0,0,0,Flat,0,,0,,0,Overcast,2906002,2,0,0,1,0,0,0,0,0,,0,1,Otago Region,Nil,2-way,Sealed,0,0,0,0,50,0,Null,0,0,,71,Dunedin City,Unknown,0,0,0,1,0,0,Urban,0,0,0,Fine,Null
1768940,5905961,19743,,523712,0,,0,2,,North,2009/2010,TE IRIRANGI DRIVE,DAWSON ROAD,,Non-Injury Crash,No,2009,,South,,0,,Flat,,,,,,Bright sun,713013,0,0,0,3,,,0,,,,,,Auckland Region,Nil,2-way,Sealed,,0,0,,50,,Off,0,0,,76,Auckland,Nil,,,,,0,0,Urban,0,,,Fine,Null
1764659,5905780,19744,,522100,0,,0,2,,North,2009/2010,STATION ROAD,WYLLIE ROAD,,Non-Injury Crash,No,2009,,North,,0,,Flat,,,,,,Dark,657700,0,0,0,2,,,0,,,,,,Auckland Region,Nil,2-way,Sealed,,0,0,,50,,On,0,0,,76,Auckland,Unknown,,,,,0,0,Urban,0,,,Light rain,Null
1772963,5880289,19745,55,521131,0,0,0,0,0,North,2009/2010,HARRISVILLE ROAD,LOGAN ROAD,,Non-Injury Crash,No,2009,0,North,0,0,1,Flat,0,,0,,0,Bright sun,827901,0,0,0,2,0,0,0,0,0,,0,0,Waikato Region,Nil,2-way,Sealed,0,0,0,0,100,0,None,1,0,,13,Waikato District,Nil,0,1,0,1,0,0,Open,0,0,0,Fine,Null
1792718,5814847,19746,65,527913,0,0,0,1,1,West,2009/2010,SH 23,HOWDEN ROAD,,Non-Injury Crash,Yes,2009,0,West,0,0,0,Hill Road,0,,0,,0,Dark,978200,0,0,0,2,0,0,0,0,0,,0,0,Waikato Region,Nil,2-way,Sealed,0,0,0,0,100,0,None,0,0,,13,Waikato District,Nil,0,0,0,0,0,0,Open,0,0,0,Fine,Null
1755921,5911872,19747,,518702,0,,0,1,,North,2008/2009,HILLSBOROUGH ROAD,RICHARDSON ROAD,,Non-Injury Crash,No,2009,,North,,0,,Flat,,,,,,Bright sun,571700,0,0,0,4,,,0,,,,,,Auckland Region,Nil,2-way,Sealed,,0,0,,50,,Null,1,0,,76,Auckland,Nil,,,,,0,0,Urban,0,,,Fine,Null
1769910,5900940,19748,,523816,0,,0,2,,South,2009/2010,SH 1N,ALFRISTON OBR,,Non-Injury Crash,Yes,2009,,South,,0,,Flat,,,,,,Bright sun,759724,0,0,0,2,,,0,,,,,,Auckland Region,Nil,1-way,Sealed,,0,0,,100,,Null,0,0,,76,Auckland,Unknown,,,,,0,0,Open,0,,,Fine,Null
1293650,4882665,19749,,610033,0,0,0,0,0,South,2009/2010,MOUNTAIN ROAD,MACGIBBON ROAD,,Minor Crash,No,2009,0,South,0,0,1,Hill Road,0,,0,,0,Overcast,3054900,2,0,0,1,0,0,0,0,0,,0,0,Southland Region,Nil,2-way,Unsealed,0,0,0,0,100,0,Null,0,0,,74,Gore District,Unknown,0,0,0,0,0,0,Open,1,0,0,Fine,Null
1747202,5920575,19750,,512300,0,,0,2,,Null,2009/2010,TE ATATU ROAD,GLORIA AVENUE,,Non-Injury Crash,No,2009,,East,,0,,Flat,,,,,,Bright sun,252000,0,0,0,2,,,0,,,,,,Auckland Region,Nil,2-way,Sealed,,0,0,,50,,Off,0,0,,76,Auckland,Give way,,,,,0,0,Urban,0,,,Fine,Null
1755496,5928993,19751,,508320,0,0,0,2,0,South,2009/2010,TRISTRAM OFF NBD E,TRISTRAM AVENUE,,Non-Injury Crash,Yes,2009,0,North,0,0,0,Flat,0,,0,,0,Bright sun,198500,0,0,0,5,0,0,0,0,0,,0,0,Auckland Region,Motorway ramp,1-way,Sealed,0,0,0,0,50,0,Off,0,0,,76,Auckland,Nil,0,0,0,0,0,0,Urban,0,1,0,Fine,Null
1751104,5950609,19752,,505805,0,0,0,2,0,East,2008/2009,PURIRI AVENUE,CENTREWAY ROAD,,Non-Injury Crash,No,2009,0,North,0,0,0,Flat,0,,0,,0,Bright sun,171318,0,0,0,2,0,0,0,0,0,,0,0,Auckland Region,Nil,2-way,Sealed,0,0,0,0,50,0,Off,0,0,,76,Auckland,Nil,0,0,0,0,0,0,Urban,0,1,0,Fine,Null
1757063,5912594,19753,,518702,0,0,0,1,0,South,2008/2009,SH 20,HILLSBOROUGH OBR,,Non-Injury Crash,Yes,2009,0,North,1,0,0,Flat,1,,0,,0,Bright sun,570702,0,0,0,4,0,0,0,0,0,,0,0,Auckland Region,Motorway ramp,1-way,Sealed,0,0,0,0,100,0,Off,0,0,,76,Auckland,Nil,0,0,0,0,0,0,Open,0,0,0,Fine,Null
1890535,5731984,19754,,538841,0,,0,2,,South,2008/2009,BROADLANDS ROAD,VAILE ROAD,,Non-Injury Crash,No,2009,,North,,0,,Flat,,,,,,Overcast,1261500,0,0,0,2,,,0,,,,,,Waikato Region,Nil,2-way,Unsealed,,0,0,,30,,None,0,0,,24,Rotorua District,Nil,,,,,0,0,Urban,0,,,Fine,Null
1760145,5915954,19755,,516002,0,,0,2,,Null,2009/2010,SH 1N,GREENLANE INT,,Non-Injury Crash,Yes,2009,,South,,0,,Flat,,,,,,Overcast,492100,0,0,0,3,,,0,,,,,,Auckland Region,Bridge,1-way,Sealed,,0,0,,100,,Null,0,0,,76,Auckland,Unknown,,,,,1,0,Open,0,,,Light rain,Null
1806089,5823899,19756,,527122,0,0,0,1,0,Null,2009/2010,SH 1B,SEDDON ROAD,,Non-Injury Crash,Yes,2009,0,North,1,0,0,Flat,0,,0,,0,Bright sun,953800,0,0,0,2,0,0,0,0,0,,0,0,Waikato Region,Nil,2-way,Sealed,0,0,0,0,100,0,Null,0,0,,13,Waikato District,Give way,0,0,0,0,0,0,Open,0,0,0,Fine,Null
1757500,5918695,19757,,514302,0,,0,2,,North,2009/2010,SH 1N,KHYBER PASS OBR,,Non-Injury Crash,Yes,2009,,South,,0,,Flat,,,,,,Dark,442500,0,0,0,4,,,0,,,,,,Auckland Region,Nil,1-way,Sealed,,0,0,,80,,On,0,0,,76,Auckland,Unknown,,,,,0,0,Open,0,,,Fine,Null
1767697,5894766,19758,55,521202,0,0,0,1,0,North,2009/2010,KARAKA NORTH ROAD,WILLIAM POTTER LANE,,Non-Injury Crash,No,2009,0,North,0,0,0,Flat,0,Christmas New Year,0,,0,Overcast,806900,0,0,0,2,0,0,0,0,0,,0,0,Auckland Region,Nil,2-way,Sealed,0,0,0,0,80,0,Null,0,0,,76,Auckland,Unknown,0,0,0,1,0,0,Open,0,0,0,Fine,Null
1770165,5898357,19759,,523920,0,,0,2,,South,2008/2009,SH 1N,WALTER STREVENS OBR,,Non-Injury Crash,Yes,2009,,North,,0,,Flat,,,,,,Overcast,767918,0,0,0,2,,,0,,,,,,Auckland Region,Nil,1-way,Sealed,,0,0,,100,,Null,0,0,,76,Auckland,Unknown,,,,,0,0,Open,0,,,Fine,Null
1761259,5914527,19760,,520202,0,,0,2,,North,2009/2010,SH 1N,PENROSE INT,,Non-Injury Crash,Yes,2009,,North,,0,,Flat,,,,,,Bright sun,612100,0,0,0,3,,,0,,,,,,Auckland Region,Nil,1-way,Sealed,,0,0,,100,,Off,0,0,,76,Auckland,Nil,,,,,0,0,Open,0,,,Fine,Null
1761341,5914390,19761,,520202,0,,0,3,,North,2008/2009,SH 1N,PENROSE INT N,,Non-Injury Crash,Yes,2009,,South,,0,,Flat,,,,,,Dark,612501,0,0,0,3,,,0,,,,,,Auckland Region,Nil,2-way,Sealed,,0,0,,100,,On,0,0,,76,Auckland,Unknown,,,,,0,0,Open,0,,,Fine,Null
1720182,6050750,19762,,502201,0,0,0,1,0,East,2008/2009,THOMAS ST,STEERE PLACE,,Non-Injury Crash,No,2009,0,West,0,0,0,Flat,0,,0,,0,Overcast,61805,0,0,0,2,0,0,0,0,1,,0,0,Northland Region,Nil,2-way,Sealed,0,0,0,0,50,0,None,0,0,,2,Whangarei District,Nil,0,0,0,0,0,0,Urban,1,0,0,Fine,Null
1756500,5926292,19763,,509702,0,,0,2,,Null,2008/2009,AKORANGA DRIVE,COLLEGE ROAD,,Non-Injury Crash,No,2009,,North,,0,,Flat,,,,,,Dark,364602,0,0,0,5,,,0,,,,,,Auckland Region,Nil,2-way,Sealed,,0,0,,50,,On,0,0,,76,Auckland,Traffic Signals,,,,,0,0,Urban,0,,,Fine,Null
1757500,5918696,19764,,514302,0,0,0,1,0,South,2008/2009,SH 1N,GRAFTON OBR,,Non-Injury Crash,Yes,2009,0,South,0,0,0,Flat,1,Easter,0,,0,Dark,442500,0,0,0,4,0,0,0,0,0,,0,0,Auckland Region,Bridge,1-way,Sealed,0,0,0,0,80,0,On,0,0,,76,Auckland,Unknown,0,0,0,0,0,0,Open,0,0,0,Fine,Null
1756405,5927193,19765,,507900,0,,0,3,,Null,2008/2009,SH 1N,NORTHCOTE OBR,,Non-Injury Crash,Yes,2009,,South,,0,,Hill Road,,,,,,Dark,303502,0,0,0,3,,,0,,,,,,Auckland Region,Nil,1-way,Sealed,,0,0,,100,,On,0,0,,76,Auckland,Nil,,,,,0,0,Open,0,,,Light rain,Null
1768534,5899430,19766,,525102,0,,0,2,,East,2009/2010,MAHIA ROAD,COXHEAD ROAD,,Non-Injury Crash,No,2009,,West,,0,,Hill Road,,,,,,Twilight,768300,0,0,0,2,,,0,,,,,,Auckland Region,Nil,2-way,Sealed,,0,0,,50,,None,0,0,,76,Auckland,Nil,,,,,0,0,Urban,0,,,Light rain,Null
1764417,5904431,19767,,522100,0,,0,2,,West,2008/2009,PUHINUI ROAD,WYLLIE ROAD,,Non-Injury Crash,No,2009,,East,,0,,Flat,,,,,,Bright sun,659100,0,0,0,2,,,0,,,,,,Auckland Region,Nil,2-way,Sealed,,0,0,,50,,Null,0,0,,76,Auckland,Traffic Signals,,,,,0,0,Urban,0,,,Fine,Null
1894503,5812148,19768,,536653,0,,0,2,,Null,2008/2009,TE PUKE HIGHWAY,TE MATAI ROAD,,Non-Injury Crash,No,2009,,West,,0,,Hill Road,,,,,,Bright sun,1210000,0,0,0,3,,,0,,,,,,Bay of Plenty Region,Nil,2-way,Sealed,,0,0,,100,,Null,0,0,,22,Western Bay of Plenty District,Stop,,,,,0,0,Open,0,,,Fine,Null
1741916,5916009,19769,,513020,0,0,0,1,1,North,2008/2009,CANDIA ROAD,HENDERSON VALLEY ROAD,,Non-Injury Crash,No,2009,0,South,0,0,0,Hill Road,0,,0,,0,Overcast,280809,0,0,0,2,0,0,0,0,0,,0,0,Auckland Region,Nil,2-way,Sealed,0,0,0,0,50,0,Null,0,0,,76,Auckland,Unknown,0,0,0,0,0,0,Urban,0,0,0,Light rain,Null
1763741,5913735,19770,,520303,0,,0,2,,West,2008/2009,PENROSE ROAD,MOUNT WELLINGTON HIGHWAY,,Non-Injury Crash,No,2009,,East,,0,,Hill Road,,,,,,Bright sun,627300,0,0,0,4,,,0,,,,,,Auckland Region,Nil,2-way,Sealed,,0,0,,50,,Off,0,0,,76,Auckland,Nil,,,,,0,0,Urban,0,,,Fine,Null
1801267,5814612,19771,,529700,0,,0,2,,Null,2009/2010,BRIDGE ST,ANGLESEA STREET,,Non-Injury Crash,No,2009,,East,,0,,Flat,,,,,,Bright sun,912400,0,0,0,2,,,0,,,,,,Waikato Region,Nil,2-way,Sealed,,0,0,,50,,Off,0,0,,16,Hamilton City,Give way,,,,,0,0,Urban,0,,,Fine,Null
1765869,5900875,19772,,524821,0,,0,2,,Null,2008/2009,ROSCOMMON ROAD,MONCRIEFF AVENUE,,Non-Injury Crash,No,2009,,North,,0,,Flat,,,,,,Bright sun,774405,0,0,0,4,,,0,,,,,,Auckland Region,Nil,2-way,Sealed,,0,0,,50,,Null,0,0,,76,Auckland,Give way,,,,,0,0,Urban,0,,,Fine,Null
1753394,5914757,19773,,518801,0,,0,2,,East,2008/2009,STODDARD ROAD,RICHARDSON ROAD,,Non-Injury Crash,No,2009,,West,,0,,Flat,,,,,,Bright sun,578400,0,0,0,2,,,0,,,,,,Auckland Region,Nil,2-way,Sealed,,0,0,,50,,None,0,0,,76,Auckland,Nil,,,,,0,0,Urban,0,,,Fine,Null
1763532,5913854,19774,,520303,0,0,0,1,0,East,2008/2009,PENROSE ROAD,BARRACK ROAD,,Non-Injury Crash,No,2009,0,East,0,0,0,Hill Road,0,,0,,0,Dark,627300,0,0,0,2,0,0,0,0,0,,0,1,Auckland Region,Nil,2-way,Sealed,0,0,0,0,50,0,On,0,0,,76,Auckland,Nil,0,0,0,0,0,0,Urban,0,0,0,Light rain,Null
1797817,5820088,19775,,528320,0,,0,2,,Null,2009/2010,CULLIMORE ST,HOROEKA COURT,,Non-Injury Crash,No,2009,,West,,0,,Flat,,,,,,Overcast,897506,0,0,0,2,,,0,,,,,,Waikato Region,Nil,2-way,Sealed,,0,0,,50,,Null,0,0,,16,Hamilton City,Nil,,,,,0,0,Urban,0,,,Fine,Null
1764659,5905780,19776,,522100,0,0,0,2,0,North,2009/2010,STATION ROAD,WYLLIE ROAD,,Non-Injury Crash,No,2009,0,North,0,0,1,Flat,1,,0,,0,Dark,657700,0,0,0,4,0,0,0,0,0,,0,0,Auckland Region,Nil,2-way,Sealed,0,0,0,0,50,0,On,0,0,,76,Auckland,Nil,0,0,0,0,0,0,Urban,0,0,0,Light rain,Null
1404346,4916174,19777,,604120,0,,0,2,,Null,2009/2010,JUBILEE ST,HAWTHORN AVENUE,,Minor Crash,No,2009,,East,,0,,Flat,,,,,,Overcast,2922000,1,0,0,2,,,0,,,,,,Otago Region,Nil,2-way,Sealed,,0,0,,50,,Null,0,0,,71,Dunedin City,Stop,,,,,0,0,Urban,0,,,Fine,Null
1753262,5933079,19778,,508701,0,,0,2,,Null,2008/2009,ALBANY EXPRESSWAY,GREVILLE ROAD,,Non-Injury Crash,No,2009,,South,,0,,Flat,,,,,,Bright sun,178900,0,0,0,2,,,0,,,,,,Auckland Region,Nil,2-way,Sealed,,0,0,,50,,Off,0,0,,76,Auckland,Give way,,,,,0,0,Urban,0,,,Fine,Null
1761775,5914014,19779,,520202,0,,0,1,,South,2009/2010,SH 1N,PENROSE OFF NBD,,Non-Injury Crash,Yes,2009,,North,,0,,Flat,,,,,,Bright sun,612300,0,0,0,3,,,0,,,,,,Auckland Region,Nil,1-way,Sealed,,0,0,,100,,Off,0,0,,76,Auckland,Nil,,,,,1,0,Open,0,,,Fine,Null
1743494,5919577,19780,,513212,0,,0,1,,Null,2009/2010,DON BUCK ROAD,WOODSIDE ROAD,,Non-Injury Crash,No,2009,,South,,0,,Flat,,,,,,Dark,235400,0,0,0,2,,,0,,,,,,Auckland Region,Nil,2-way,Sealed,,0,0,,50,,On,0,0,,76,Auckland,Stop,,,,,0,0,Urban,1,,,Light rain,Null
1894937,5787122,19781,,538820,0,0,0,1,0,North,2008/2009,SH 33,OKERE ROAD,,Non-Injury Crash,Yes,2009,0,North,0,0,0,Hill Road,0,,0,,0,Dark,1250801,0,0,0,2,0,0,0,0,0,,0,0,Bay of Plenty Region,Nil,2-way,Sealed,0,0,0,0,100,0,None,0,0,,24,Rotorua District,Unknown,0,0,0,0,1,0,Open,0,1,0,Fine,Null
1451536,5298451,19782,,585120,0,,0,0,,Null,2009/2010,RYAN ST,REID ST,,Minor Crash,No,2009,,East,,0,,Flat,,,,,,Overcast,2409600,1,0,0,2,,,0,,,,,,West Coast Region,Nil,2-way,Unsealed,,0,0,,50,,Null,0,0,,56,Grey District,Give way,,,,,1,0,Urban,0,,,Fine,Null
1797355,5819339,19783,,528403,0,,0,2,,Null,2008/2009,PUKETE ROAD,TE RAPA ROAD S,,Non-Injury Crash,No,2009,,South,,0,,Flat,,,,,,Overcast,907800,0,0,0,1,,,0,,,,,,Waikato Region,Nil,1-way,Sealed,,0,0,,50,,Null,0,0,,16,Hamilton City,Give way,,,,,0,0,Urban,0,,,Fine,Null
1750351,5915325,19784,,514802,0,0,0,2,0,East,2008/2009,WAIRAU AVENUE,ASH ST,,Non-Injury Crash,No,2009,0,South,0,0,0,Flat,0,,0,,0,Bright sun,386700,0,0,0,2,0,0,0,0,1,,0,0,Auckland Region,Nil,2-way,Sealed,0,0,0,0,50,0,Off,0,0,,76,Auckland,Stop,0,0,0,0,0,0,Urban,0,0,0,Fine,Null
1820384,5545230,19785,,560740,0,,0,1,,East,2008/2009,SH 54,NANCY AVENUE,,Non-Injury Crash,Yes,2009,,East,,0,,Flat,,,,,,Bright sun,1771302,0,0,0,2,,,0,,,,,,Manawatū-Whanganui Region,Nil,2-way,Sealed,,0,0,,70,,Null,0,0,,39,Manawatu District,Nil,,,,,0,0,Urban,1,,,Fine,Null
1763438,5913913,19786,,520401,0,,0,2,,West,2008/2009,PENROSE ROAD,BARRACK ROAD,,Non-Injury Crash,No,2009,,West,,0,,Flat,,,,,,Dark,642900,0,0,0,2,,,0,,,,,,Auckland Region,Nil,2-way,Sealed,,0,0,,50,,On,0,0,,76,Auckland,Traffic Signals,,,,,0,0,Urban,0,,,Fine,Null
1790182,5830384,19787,,527123,0,0,0,0,0,Null,2008/2009,STARR ROAD,GREAT SOUTH ROAD,,Non-Injury Crash,No,2009,0,North,1,0,0,Flat,0,,0,,0,Bright sun,950100,0,0,0,2,0,0,0,0,0,,0,0,Waikato Region,Nil,2-way,Sealed,0,0,0,0,100,0,Null,1,0,,13,Waikato District,Give way,0,0,0,0,0,0,Open,0,0,0,Fine,Null
1773169,5896437,19788,,525410,1,,0,1,,West,2008/2009,CLEVEDON ROAD,MARNE ROAD,,Non-Injury Crash,No,2009,,East,,0,,Flat,,,,,,Unknown,793100,0,0,0,2,,,0,,,,,,Auckland Region,Nil,2-way,Sealed,,0,0,,50,,Off,0,0,,76,Auckland,Give way,,,,,0,0,Urban,0,,,Null,Null
1868516,5711421,19789,,541750,0,0,0,2,0,South,2009/2010,LAKE TERRACE,NAPIER ROAD,,Non-Injury Crash,No,2009,0,West,0,0,0,Flat,0,,0,,1,Bright sun,1267114,0,0,0,2,0,0,0,0,1,,0,0,Waikato Region,Nil,2-way,Sealed,0,0,0,0,50,0,Null,0,0,,21,Taupo District,Give way,0,0,0,0,0,0,Urban,0,0,0,Fine,Null
1770516,5910585,19790,,523109,0,,0,3,,South,2009/2010,CHAPEL ROAD,TOWN CENTRE DRIVE,,Non-Injury Crash,No,2009,,North,,0,,Flat,,,,,,Bright sun,711709,0,0,0,2,,,0,,,,,,Auckland Region,Nil,2-way,Sealed,,0,0,,70,,Null,0,0,,76,Auckland,Traffic Signals,,,,,0,0,Urban,0,,,Fine,Null
1881025,5826511,19791,,536821,0,,0,2,,West,2008/2009,SH 2,TOTARA ST,,Non-Injury Crash,Yes,2009,,West,,0,,Flat,,,,,,Twilight,1203700,0,0,0,3,,,0,,,,,,Bay of Plenty Region,Nil,2-way,Sealed,,0,0,,70,,Off,0,0,,23,Tauranga City,Unknown,,,,,0,0,Urban,0,,,Fine,Null
1252808,4950814,19792,85,610020,0,0,1,0,0,South,2009/2010,SH 6,EYRE CREEK ROAD,,Minor Crash,Yes,2009,0,South,0,0,1,Flat,0,,0,,0,Overcast,3041400,4,0,0,2,0,0,0,0,0,,0,0,Southland Region,Nil,2-way,Sealed,0,0,0,0,100,0,None,0,0,,73,Southland District,Nil,0,0,0,0,0,0,Open,0,0,0,Fine,Null
1788583,5855223,19793,,527210,0,0,0,1,0,South,2008/2009,SH 1N,GLEN MURRAY ROAD,,Non-Injury Crash,Yes,2009,0,South,0,0,0,Flat,1,,0,,0,Dark,938602,0,0,0,4,0,0,0,0,0,,0,0,Waikato Region,Nil,2-way,Sealed,0,0,0,0,100,0,On,0,0,,13,Waikato District,Nil,0,0,0,0,0,0,Open,0,0,0,Fine,Null
1769403,5901734,19794,,524901,0,0,0,0,0,West,2008/2009,HILL ROAD,HILLCREST GROVE,,Non-Injury Crash,No,2009,0,East,0,0,0,Hill Road,0,,0,,0,Overcast,756000,0,0,0,2,0,0,0,0,0,,0,1,Auckland Region,Nil,2-way,Sealed,0,0,0,0,50,0,On,0,0,,76,Auckland,Unknown,0,0,0,0,0,0,Urban,1,0,0,Heavy rain,Null
1879057,5823879,19795,,538201,0,,0,2,,Null,2009/2010,CAMERON ROAD,THIRD AVENUE,,Non-Injury Crash,No,2009,,North,,0,,Flat,,,,,,Bright sun,1165200,0,0,0,4,,,0,,,,,,Bay of Plenty Region,Nil,2-way,Sealed,,0,0,,50,,Off,0,0,,23,Tauranga City,Give way,,,,,0,0,Urban,0,,,Fine,Null
1565024,5182357,19796,,589700,0,0,0,2,0,Null,2009/2010,HOUNSLOW ST,RAXWORTHY ST,,Minor Crash,No,2009,0,East,0,0,0,Flat,0,,0,,0,Overcast,2535800,1,0,0,2,0,0,0,0,1,,0,0,Canterbury Region,Nil,2-way,Sealed,0,0,0,0,50,0,Null,0,0,,60,Christchurch City,Nil,0,0,0,0,0,0,Urban,0,0,0,Light rain,Null