X,Y,OBJECTID,advisorySpeed,areaUnitID,bicycle,bridge,bus,carStationWagon,cliffBank,crashDirectionDescription,crashFinancialYear,crashLocation1,crashLocation2,crashRoadSideRoad,crashSeverity,crashSHDescription,crashYear,debris,directionRoleDescription,ditch,fatalCount,fence,flatHill,guardRail,holiday,houseOrBuilding,intersection,kerb,light,meshblockId,minorInjuryCount,moped,motorcycle,NumberOfLanes,objectThrownOrDropped,otherObject,otherVehicleType,overBank,parkedVehicle,pedestrian,phoneBoxEtc,postOrPole,region,roadCharacter,roadLane,roadSurface,roadworks,schoolBus,seriousInjuryCount,slipOrFlood,speedLimit,strayAnimal,streetLight,suv,taxi,temporarySpeedLimit,tlaId,tlaName,trafficControl,trafficIsland,trafficSign,train,tree,truck,unknownVehicleType,urban,vanOrUtility,vehicle,waterRiver,weatherA,weatherB
1765680,5916634,19797,,517100,0,,0,2,,Null,2008/2009,DALTON ST,POINT ENGLAND ROAD,,Non-Injury Crash,No,2009,,South,,0,,Flat,,,,,,Dark,477100,0,0,0,2,,,0,,,,,,Auckland Region,Nil,2-way,Sealed,,0,0,,50,,On,0,0,,76,Auckland,Stop,,,,,0,0,Urban,0,,,Light rain,Null
1884603,5774210,19798,,540410,0,,0,0,,South,2009/2010,RANOLF ST,ARAWA ST,,Non-Injury Crash,No,2009,,North,,0,,Flat,,,,,,Bright sun,1233200,0,0,1,2,,,0,,,,,,Bay of Plenty Region,Nil,2-way,Sealed,,0,0,,50,,Null,1,0,,24,Rotorua District,Give way,,,,,0,0,Urban,0,,,Fine,Null
1749798,5929805,19799,,509100,0,0,0,1,0,Null,2009/2010,TE WHARAU DRIVE,MONKTON CLOSE,,Non-Injury Crash,No,2009,0,East,0,0,0,Flat,0,,0,,1,Dark,181102,0,0,0,1,0,0,0,0,0,,0,0,Auckland Region,Nil,2-way,Sealed,0,0,0,0,50,0,On,0,0,,76,Auckland,Nil,0,0,0,0,0,0,Urban,0,0,0,Fine,Null
1764428,5914898,19800,,520303,0,0,0,1,0,Null,2008/2009,MOUNT WELLINGTON HIGHWAY,ELLERSLIE-PANMURE HIGHWAY,,Non-Injury Crash,No,2009,0,North,0,0,0,Flat,0,,0,,0,Dark,627400,0,0,0,4,0,0,0,0,0,,0,0,Auckland Region,Nil,2-way,Sealed,0,0,0,0,50,0,On,0,0,,76,Auckland,Traffic Signals,1,1,0,0,0,0,Urban,0,0,0,Fine,Null
1756025,5927986,19801,,507900,0,,0,5,,North,2008/2009,SH 1N,NORTHCOTE OFF SBD,,Non-Injury Crash,Yes,2009,,South,,0,,Flat,,,,,,Overcast,305202,0,0,0,3,,,0,,,,,,Auckland Region,Nil,1-way,Sealed,,0,0,,100,,Off,0,0,,76,Auckland,Nil,,,,,0,0,Open,0,,,Heavy rain,Null
1901795,5810286,19802,,536653,0,0,0,0,0,East,2008/2009,SH 2,WILSON ROAD NORTH,,Non-Injury Crash,Yes,2009,0,East,0,0,1,Flat,0,,0,,0,Bright sun,1209802,0,0,0,2,0,0,0,1,0,,0,0,Bay of Plenty Region,Nil,2-way,Sealed,0,0,0,0,100,0,Null,0,0,,22,Western Bay of Plenty District,Unknown,0,0,0,0,0,0,Open,1,0,0,Fine,Null
1800915,5814783,19803,,529700,0,,0,1,,East,2008/2009,THACKERAY ST,TRISTRAM ST,,Non-Injury Crash,No,2009,,West,,0,,Flat,,,,,,Overcast,911600,0,0,0,2,,,0,,,,,,Waikato Region,Nil,2-way,Sealed,,0,0,,50,,Null,0,0,,16,Hamilton City,Unknown,,,,,0,0,Urban,1,,,Light rain,Null
1765402,5918682,19804,,516900,0,0,0,3,0,West,2008/2009,ST HELIERS BAY ROAD,ASHBY AVENUE,,Non-Injury Crash,No,2009,0,West,0,0,0,Hill Road,0,,0,,0,Dark,465400,0,0,0,2,0,0,0,0,1,,0,0,Auckland Region,Nil,2-way,Sealed,0,0,0,0,50,0,On,1,0,,76,Auckland,Nil,0,0,0,0,0,0,Urban,0,0,0,Heavy rain,Null
1763649,5912672,19805,,520500,0,,0,1,,Null,2009/2010,SH 1N,MT WGTN ON NBD,,Non-Injury Crash,Yes,2009,,North,,0,,Hill Road,,,,,,Overcast,637300,0,0,0,6,,,0,,,,,,Auckland Region,Nil,2-way,Sealed,,0,0,,100,,Off,0,0,,76,Auckland,Nil,,,,,1,0,Open,0,,,Fine,Null
1756639,5924797,19806,,509702,0,,0,2,,North,2008/2009,SH 1N,OLD ONEWA OBR,,Non-Injury Crash,Yes,2009,,South,,0,,Flat,,,,,,Overcast,366602,0,0,0,3,,,0,,,,,,Auckland Region,Nil,1-way,Sealed,,0,0,,100,,Null,0,0,,76,Auckland,Unknown,,,,,0,0,Open,0,,,Heavy rain,Null
1768090,5907831,19807,,523502,0,,0,2,,West,2008/2009,EAST TAMAKI ROAD,PRESTON ROAD,,Non-Injury Crash,No,2009,,East,,0,,Flat,,,,,,Dark,703800,0,0,0,2,,,0,,,,,,Auckland Region,Nil,2-way,Sealed,,0,0,,50,,On,0,0,,76,Auckland,Nil,,,,,0,0,Urban,0,,,Fine,Null
1755887,5926844,19808,,508620,0,,0,2,,North,2008/2009,SUNNYBRAE ROAD,NORTHCOTE ROAD,,Non-Injury Crash,No,2009,,South,,0,,Flat,,,,,,Bright sun,204701,0,0,0,2,,,0,,,,,,Auckland Region,Nil,2-way,Sealed,,0,0,,50,,Null,0,0,,76,Auckland,Unknown,,,,,0,0,Urban,0,,,Fine,Null
1747267,5913773,19809,,511100,0,0,0,2,0,Null,2008/2009,WEST COAST ROAD,CAPTAIN SCOTT ROAD,,Non-Injury Crash,No,2009,0,North,0,0,0,Flat,0,,0,,0,Dark,286200,0,0,0,3,0,0,0,0,0,,0,0,Auckland Region,Nil,2-way,Sealed,0,0,0,0,50,0,On,0,0,,76,Auckland,Stop,0,1,0,0,0,0,Urban,0,0,0,Fine,Null
1760965,5919957,19810,,516400,0,,0,3,,Null,2009/2010,TAMAKI DRIVE,NGAPIPI ROAD,,Non-Injury Crash,No,2009,,East,,0,,Flat,,,,,,Bright sun,496500,0,0,0,2,,,0,,,,,,Auckland Region,Nil,2-way,Sealed,,0,0,,50,,Off,0,0,,76,Auckland,Give way,,,,,0,0,Urban,0,,,Fine,Null
1757854,5920451,19811,,514103,0,0,1,1,0,East,2008/2009,WATERLOO QUADRANT,PRINCES ST,,Non-Injury Crash,No,2009,0,South,0,0,0,Flat,0,,0,,0,Bright sun,437300,0,0,0,4,0,0,0,0,0,,0,0,Auckland Region,Nil,2-way,Sealed,0,0,0,0,50,0,Off,0,0,,76,Auckland,Nil,0,0,0,0,0,0,Urban,0,1,0,Fine,Null
1803883,5790817,19812,,531002,0,,0,1,,Null,2008/2009,MUTU ST,MAHOE ST,,Non-Injury Crash,No,2009,,East,,0,,Flat,,,,,,Bright sun,970300,0,0,0,2,,,0,,,,,,Waikato Region,Nil,2-way,Sealed,,0,0,,50,,Null,1,0,,17,Waipa District,Stop,,,,,0,0,Urban,0,,,Fine,Null
1754452,5930933,19813,,508520,0,,0,3,,South,2008/2009,SH 1N,SUNSET OBR,,Non-Injury Crash,Yes,2009,,South,,0,,Hill Road,,,,,,Overcast,191107,0,0,0,2,,,0,,,,,,Auckland Region,Nil,1-way,Sealed,,0,0,,100,,Off,0,0,,76,Auckland,Nil,,,,,0,0,Open,0,,,Fine,Null
1751563,5912326,19814,,514700,0,,1,1,,South,2008/2009,BLOCKHOUSE BAY ROAD,KINROSS ST,,Non-Injury Crash,No,2009,,North,,0,,Flat,,,,,,Bright sun,368900,0,0,0,3,,,0,,,,,,Auckland Region,Nil,2-way,Sealed,,0,0,,50,,Off,0,0,,76,Auckland,Give way,,,,,0,0,Urban,0,,,Fine,Null
1766722,5904676,19815,,524604,0,,0,2,,Null,2008/2009,LAMBIE DRIVE,CAVENDISH DRIVE,,Non-Injury Crash,No,2009,,North,,0,,Flat,,Queens Birthday,,,,Overcast,780209,0,0,0,2,,,0,,,,,,Auckland Region,Nil,2-way,Sealed,,0,0,,50,,Off,0,0,,76,Auckland,Give way,,,,,0,0,Urban,0,,,Fine,Null
1750505,5940229,19816,,506003,0,0,0,1,1,North,2009/2010,EAST COAST ROAD,BAWDEN ROAD,,Non-Injury Crash,No,2009,0,South,0,0,0,Flat,0,,0,,0,Dark,175817,0,0,0,2,0,0,0,0,0,,0,0,Auckland Region,Nil,2-way,Sealed,0,0,0,0,100,0,On,0,0,,76,Auckland,Unknown,0,0,0,0,0,0,Open,0,0,0,Fine,Null
1674204,5632421,19817,,553200,0,,0,1,,North,2009/2010,IHAIA ROAD,KING ST,,Minor Crash,No,2009,,South,,0,,Flat,,,,,,Overcast,1633200,1,0,0,2,,,0,,,1,,,Taranaki Region,Nil,2-way,Sealed,,0,0,,50,,Null,0,0,,35,South Taranaki District,Nil,,,,,0,0,Urban,0,,,Fine,Null
1802651,5817325,19818,,530000,0,,0,2,,Null,2009/2010,FIFTH AVENUE,TRAMWAY ROAD,,Non-Injury Crash,No,2009,,East,,0,,Flat,,,,,,Bright sun,867300,0,0,0,2,,,0,,,,,,Waikato Region,Nil,2-way,Sealed,,0,0,,50,,Null,0,0,,16,Hamilton City,Give way,,,,,0,0,Urban,0,,,Fine,Null
1756443,5918834,19819,,515600,0,0,0,1,0,North,2008/2009,IAN MCKINNON DRIVE,PIWAKAWAKA ST,,Non-Injury Crash,No,2009,0,North,0,0,0,Hill Road,0,Queens Birthday,0,,0,Overcast,420100,0,0,0,4,0,0,0,0,0,,0,0,Auckland Region,Nil,2-way,Sealed,0,0,0,0,50,0,Off,0,0,,76,Auckland,Nil,0,0,0,1,0,0,Urban,0,0,0,Heavy rain,Null
1754903,5917260,19820,,517701,0,,0,2,,West,2009/2010,LESLIE AVENUE,SANDRINGHAM ROAD,,Non-Injury Crash,No,2009,,West,,0,,Flat,,,,,,Bright sun,535700,0,0,0,2,,,0,,,,,,Auckland Region,Nil,2-way,Sealed,,0,0,,50,,Off,0,0,,76,Auckland,Nil,,,,,0,0,Urban,0,,,Fine,Null
1757640,5913578,19821,,518600,0,,0,1,,Null,2008/2009,MOUNT ALBERT ROAD,PAH ROAD,,Non-Injury Crash,No,2009,,North,,0,,Flat,,,,,,Overcast,567200,0,0,0,2,,,0,,,,,,Auckland Region,Nil,2-way,Sealed,,0,0,,50,,Off,0,0,,76,Auckland,Traffic Signals,,,,,1,0,Urban,0,,,Light rain,Null
1751887,5930866,19822,,508807,0,,0,1,,Null,2009/2010,ALBANY HIGHWAY,ALBANY HIGHWAY,,Non-Injury Crash,No,2009,,West,,0,,Flat,,,,,,Overcast,180809,0,0,0,4,,,0,,,,,,Auckland Region,Nil,2-way,Sealed,,0,0,,50,,Null,0,0,,76,Auckland,Give way,,,,,1,0,Urban,0,,,Fine,Null
1816683,5803597,19823,,527502,0,,0,1,,West,2009/2010,SH 1N,BRYCE ST,,Non-Injury Crash,Yes,2009,,East,,0,,Flat,,,,,,Bright sun,964300,0,0,0,2,,,0,,,,,,Waikato Region,Nil,2-way,Sealed,,0,0,,50,,Null,0,0,,17,Waipa District,Unknown,,,,,0,0,Urban,1,,,Fine,Null
1745515,5916996,19824,,510800,0,,0,2,,Null,2009/2010,CATHERINE ST,EDSEL ST,,Non-Injury Crash,No,2009,,East,,0,,Flat,,,,,,Bright sun,242700,0,0,0,4,,,0,,,,,,Auckland Region,Nil,2-way,Sealed,,0,0,,50,,Off,0,0,,76,Auckland,Traffic Signals,,,,,0,0,Urban,0,,,Fine,Null
1751561,5915347,19825,,514401,0,0,0,2,0,North,2009/2010,BLOCKHOUSE BAY ROAD,NEW NORTH ROAD,,Non-Injury Crash,No,2009,0,South,0,0,0,Flat,0,,0,,0,Overcast,382500,0,0,0,2,0,0,0,0,1,,0,0,Auckland Region,Nil,2-way,Sealed,0,0,0,0,50,0,Off,0,0,,76,Auckland,Nil,0,0,0,0,0,0,Urban,0,0,0,Fine,Null
1692972,5676277,19826,,551800,0,0,0,0,0,East,2009/2010,DEVON ST EAST,CURRIE ST,,Non-Injury Crash,No,2009,0,East,0,0,0,Flat,0,,0,,0,Twilight,1592700,0,0,0,2,0,0,0,0,1,,0,0,Taranaki Region,Nil,2-way,Sealed,0,0,0,0,50,0,On,2,0,,33,New Plymouth District,Nil,0,0,0,0,0,0,Urban,0,0,0,Fine,Null
1574352,5183657,19827,,592811,0,,0,2,,Null,2008/2009,BURWOOD ROAD,LAKE TERRACE ROAD,,Minor Crash,No,2009,,North,,0,,Flat,,,,,,Twilight,2603603,1,0,0,2,,,0,,,,,,Canterbury Region,Nil,2-way,Sealed,,0,0,,50,,On,0,0,,60,Christchurch City,Give way,,,,,0,0,Urban,0,,,Fine,Null
1744922,5923491,19828,,513521,0,0,0,0,0,Null,2009/2010,MOIRE ROAD,OREIL AVENUE,,Non-Injury Crash,No,2009,0,North,0,0,0,Flat,0,,0,,0,Dark,224218,0,0,0,2,0,0,0,0,0,,0,1,Auckland Region,Nil,2-way,Sealed,0,0,0,0,50,0,On,1,0,,76,Auckland,Stop,0,0,0,0,0,0,Urban,0,0,0,Fine,Null
1750745,5932973,19829,,508806,0,0,0,1,1,West,2008/2009,ROANOKE WAY,HARKIN CLOSE,,Non-Injury Crash,No,2009,0,West,0,0,0,Flat,0,,0,,0,Overcast,179915,0,0,0,2,0,0,0,0,0,,0,0,Auckland Region,Nil,2-way,Sealed,0,0,0,0,50,0,Off,0,0,,76,Auckland,Nil,0,0,0,1,0,0,Urban,0,0,0,Null,Null
1759115,5916877,19830,,516001,0,,0,1,,North,2009/2010,SH 1N,MARKET OBR,,Non-Injury Crash,Yes,2009,,South,,0,,Flat,,,,,,Bright sun,491200,0,0,0,6,,,0,,,,,,Auckland Region,Nil,2-way,Sealed,,0,0,,100,,Off,0,0,,76,Auckland,Nil,,,,,1,0,Open,0,,,Fine,Null
1865488,5696070,19831,,541346,0,0,0,0,1,East,2009/2010,SH 1N,HINEMAIAIA BR,,Non-Injury Crash,Yes,2009,0,East,0,0,0,Hill Road,0,,0,,0,Bright sun,1280802,0,0,0,3,0,0,0,0,0,,0,0,Waikato Region,Nil,2-way,Sealed,0,0,0,0,100,0,Null,1,0,,21,Taupo District,Unknown,0,0,0,1,0,0,Open,0,0,0,Fine,Frost
1780623,5485818,19832,,564400,0,0,0,2,0,West,2008/2009,Z DWAY 36/38 KIRK ST,KIRK/LEMON,,Non-Injury Crash,No,2009,0,North,0,0,0,Flat,0,,0,,0,Dark,1881001,0,0,0,1,0,0,0,0,1,,0,0,Wellington Region,Nil,Off road,Unsealed,0,0,0,0,50,0,None,0,0,,43,Kapiti Coast District,Nil,0,0,0,0,0,0,Urban,0,0,0,Heavy rain,Null
1821856,5530428,19833,,562401,0,0,0,1,0,Null,2008/2009,FEATHERSTON ST,PIRIE ST,,Non-Injury Crash,No,2009,0,East,0,0,1,Flat,0,,0,,0,Dark,1832400,0,0,0,2,0,0,0,0,0,,0,0,Manawatū-Whanganui Region,Nil,2-way,Sealed,0,0,0,0,50,0,On,0,0,,40,Palmerston North City,Nil,0,1,0,0,0,0,Urban,0,0,0,Fine,Null
1754490,5447636,19834,,570400,0,0,0,1,0,East,2008/2009,MAIN ROAD,WHITEHOUSE ROAD,,Non-Injury Crash,No,2009,0,South,0,0,0,Flat,0,,0,,0,Overcast,2042900,0,0,0,2,0,1,0,0,0,,0,0,Wellington Region,Nil,2-way,Sealed,0,0,0,0,50,0,Null,0,0,,44,Porirua City,Nil,1,0,0,0,0,0,Urban,0,0,0,Fine,Null
1855647,5866465,19835,45,534200,0,0,0,1,0,North,2008/2009,SH 25,GOLDEN VALLEY ROAD,,Non-Injury Crash,Yes,2009,0,South,1,0,0,Hill Road,0,,0,,0,Bright sun,1082710,0,0,0,2,0,0,0,0,0,,0,0,Waikato Region,Nil,2-way,Sealed,0,0,0,0,100,0,Null,0,0,,12,Hauraki District,Unknown,0,0,0,0,0,0,Open,0,0,0,Fine,Null
1757519,5920631,19836,,514103,0,0,0,2,0,North,2009/2010,HIGH ST,VULCAN LANE,,Non-Injury Crash,No,2009,0,South,0,0,0,Flat,0,,0,,0,Bright sun,437600,0,0,0,2,0,0,0,0,1,,0,0,Auckland Region,Nil,2-way,Sealed,0,0,0,0,50,0,Null,0,0,,76,Auckland,Nil,0,0,0,0,0,0,Urban,0,0,0,Fine,Null
1759684,5913005,19837,,520000,0,,0,2,,East,2008/2009,MOUNT SMART ROAD,MAYS ROAD,,Non-Injury Crash,No,2009,,East,,0,,Flat,,,,,,Dark,605500,0,0,0,2,,,0,,,,,,Auckland Region,Nil,2-way,Sealed,,0,0,,50,,On,0,0,,76,Auckland,Nil,,,,,0,0,Urban,0,,,Fine,Null
1840883,5919266,19838,,533000,0,0,0,1,0,Null,2009/2010,SOUTH HIGHWAY,ALBERT ST,,Non-Injury Crash,No,2009,0,South,0,0,1,Flat,0,,1,,0,Dark,1046708,0,0,0,2,0,0,0,0,0,,0,0,Waikato Region,Nil,2-way,Sealed,0,0,0,0,50,0,On,0,0,,11,Thames-Coromandel District,Give way,0,0,0,0,0,0,Urban,0,0,0,Fine,Null
1721110,5951287,19839,,506642,0,0,0,1,1,North,2008/2009,SHELLY BEACH ROAD,SOUTH HEAD ROAD,,Non-Injury Crash,No,2009,0,East,0,0,0,Hill Road,0,Queens Birthday,0,,0,Overcast,210201,0,0,0,2,0,0,0,0,0,,0,0,Auckland Region,Nil,2-way,Sealed,0,0,0,0,100,0,None,0,0,,76,Auckland,Nil,0,0,0,0,0,0,Open,1,0,0,Mist or Fog,Null
1757620,5928864,19840,,507800,0,0,0,1,0,West,2009/2010,KITCHENER ROAD,MILFORD ROAD,,Non-Injury Crash,No,2009,0,West,0,0,0,Flat,0,,0,,0,Bright sun,310800,0,0,0,2,0,0,0,0,1,,0,0,Auckland Region,Nil,2-way,Sealed,0,0,0,0,50,0,Off,1,0,,76,Auckland,Nil,0,0,0,0,0,0,Urban,0,0,0,Fine,Null
1931902,5617694,19841,,547100,0,,0,1,,South,2008/2009,GLOUCESTER ST,YORK AVENUE,,Non-Injury Crash,No,2009,,North,,0,,Flat,,,,,,Bright sun,1456204,0,0,0,2,,,0,,,,,,Hawke's Bay Region,Nil,2-way,Sealed,,0,0,,50,,Null,1,0,,31,Napier City,Nil,,,,,0,0,Urban,0,,,Fine,Null
1778463,5460340,19842,,567901,0,,0,2,,South,2008/2009,AKATARAWA ROAD,STAGLANDS S,,Non-Injury Crash,No,2009,,North,,0,,Hill Road,,Christmas New Year,,,,Bright sun,1915700,0,0,0,2,,,0,,,,,,Wellington Region,Nil,2-way,Sealed,,0,0,,70,,Null,0,0,,45,Upper Hutt City,Nil,,,,,0,0,Urban,0,,,Fine,Null
1698846,6091022,19843,,501633,0,,0,1,,East,2009/2010,OROMAHOE ROAD,WHANGAE ROAD,,Non-Injury Crash,No,2009,,North,,0,,Hill Road,,,,,,Bright sun,51601,0,0,0,2,,,0,,,,,,Northland Region,Nil,2-way,Unsealed,,0,0,,100,,None,1,0,,1,Far North District,Nil,,,,,0,0,Open,0,,,Fine,Null
1456932,5299249,19844,,584932,0,0,0,0,0,East,2008/2009,TAYLORVILLE ROAD,SH 6,,Non-Injury Crash,No,2009,0,East,0,0,0,Hill Road,0,,0,,0,Dark,2403003,0,0,0,2,0,0,0,1,0,,0,0,West Coast Region,Nil,2-way,Sealed,0,0,0,0,100,0,None,0,0,,56,Grey District,Unknown,0,0,0,1,0,0,Open,1,0,0,Fine,Frost
1282505,5023571,19845,,609029,0,0,0,1,0,West,2009/2010,CARDRONA SKIFIELD ROAD,CARDRONA VALLEY ROAD,,Minor Crash,No,2009,0,East,0,0,0,Hill Road,0,,0,,0,Bright sun,3039000,1,0,0,1,0,0,0,1,0,,0,0,Otago Region,Nil,2-way,Unsealed,0,0,0,0,50,0,Null,0,0,,70,Queenstown-Lakes District,Unknown,0,0,0,0,0,0,Urban,0,0,0,Fine,Null
1771111,5900668,19846,,523816,0,,0,2,,Null,2009/2010,PORCHESTER ROAD,HYPERION DRIVE,,Non-Injury Crash,No,2009,,North,,0,,Flat,,,,,,Dark,759730,0,0,0,2,,,0,,,,,,Auckland Region,Nil,2-way,Sealed,,0,0,,80,,On,0,0,,76,Auckland,Nil,,,,,0,0,Open,0,,,Fine,Null
1760639,5924382,19847,,509300,0,0,1,0,0,North,2009/2010,OLD LAKE ROAD,SEABREEZE ROAD,,Non-Injury Crash,No,2009,0,South,0,0,0,Hill Road,1,,0,,0,Dark,337000,0,0,0,2,0,0,0,0,0,,0,0,Auckland Region,Nil,2-way,Sealed,0,0,0,0,50,0,On,0,0,,76,Auckland,Nil,0,0,0,0,0,0,Urban,0,0,0,Heavy rain,Null
1770390,5911773,19848,,523105,0,,0,2,,North,2009/2010,BOTANY ROAD,GOLFLAND DRIVE S,,Non-Injury Crash,No,2009,,North,,0,,Flat,,,,,,Overcast,711148,0,0,0,4,,,0,,,,,,Auckland Region,Nil,2-way,Sealed,,0,0,,50,,Off,0,0,,76,Auckland,Nil,,,,,0,0,Urban,0,,,Fine,Null
1758813,5437611,19849,,569401,0,,0,2,,South,2009/2010,OLD NORMANDALE ROAD,COTTLE PARK DRIVE,,Non-Injury Crash,No,2009,,North,,0,,Hill Road,,,,,,Overcast,1919503,0,0,0,2,,,0,,,,,,Wellington Region,Nil,2-way,Sealed,,0,0,,50,,Null,0,0,,46,Lower Hutt City,Nil,,,,,0,0,Urban,0,,,Fine,Null
1763904,5912490,19850,,520500,0,0,0,1,0,Null,2009/2010,MOUNT WELLINGTON HIGHWAY,MT WGTN OFF NBD N,,Non-Injury Crash,Yes,2009,0,West,0,0,0,Flat,1,,0,,0,Overcast,637300,0,0,0,6,0,0,0,0,0,,0,0,Auckland Region,Nil,2-way,Sealed,0,0,0,0,50,0,Off,0,0,,76,Auckland,Traffic Signals,0,0,0,0,0,0,Urban,0,0,0,Light rain,Null
1756349,5918366,19851,,515600,0,0,0,1,0,West,2008/2009,DOMINION OFF NBD,NEW NORTH ROAD,,Non-Injury Crash,Yes,2009,0,East,0,0,0,Hill Road,1,,0,,0,Overcast,419800,0,0,0,1,0,0,0,0,0,,0,0,Auckland Region,Bridge,1-way,Sealed,0,0,0,0,50,0,Off,0,0,,76,Auckland,Nil,0,0,0,0,0,0,Urban,0,0,0,Light rain,Null
1923352,5610218,19852,,545710,0,,0,1,,Null,2008/2009,OMAHU ROAD,SH 50,,Non-Injury Crash,No,2009,,North,,0,,Flat,,Queens Birthday,,,,Bright sun,1470500,0,0,0,2,,,0,,,,,,Hawke's Bay Region,Nil,2-way,Sealed,,0,0,,100,,Null,0,0,,30,Hastings District,Give way,,,,,0,0,Open,1,,,Fine,Null
1885180,5773875,19853,,540410,0,,0,2,,South,2008/2009,FENTON ST,HINEMOA ST,,Non-Injury Crash,No,2009,,North,,0,,Flat,,,,,,Bright sun,1234700,0,0,0,2,,,0,,,,,,Bay of Plenty Region,Nil,2-way,Sealed,,0,0,,50,,Null,0,0,,24,Rotorua District,Traffic Signals,,,,,0,0,Urban,0,,,Fine,Null
1756864,5920575,19854,20,514102,0,,0,1,,East,2009/2010,VICTORIA ST WEST,GRAHAM ST,,Non-Injury Crash,No,2009,,West,,0,,Flat,,,,,,Dark,433700,0,0,1,4,,,0,,,,,,Auckland Region,Nil,2-way,Sealed,,0,0,,50,,On,0,0,,76,Auckland,Nil,,,,,0,0,Urban,0,,,Light rain,Null
1779185,5877204,19855,,521131,0,,0,2,,North,2008/2009,SH 1N,POKENO RAIL OBR,,Non-Injury Crash,Yes,2009,,North,,0,,Flat,,Easter,,,,Bright sun,842200,0,0,0,3,,,0,,,,,,Waikato Region,Nil,1-way,Sealed,,0,0,,100,,Null,0,0,,13,Waikato District,Unknown,,,,,0,0,Open,0,,,Fine,Null
1885858,5772670,19856,,540600,0,,0,2,,Null,2008/2009,SH 30A,MARGUERITA ST,,Non-Injury Crash,Yes,2009,,North,,0,,Flat,,,,,,Bright sun,1243500,0,0,0,4,,,0,,,,,,Bay of Plenty Region,Nil,2-way,Sealed,,0,0,,70,,Null,0,0,,24,Rotorua District,Stop,,,,,0,0,Urban,0,,,Fine,Null
1800388,5817722,19857,,529800,0,,0,2,,East,2008/2009,CLARKIN ROAD,GOLDEN PLACE,,Non-Injury Crash,No,2009,,North,,0,,Flat,,,,,,Bright sun,871900,0,0,0,2,,,0,,,,,,Waikato Region,Nil,2-way,Sealed,,0,0,,50,,Null,0,0,,16,Hamilton City,Unknown,,,,,0,0,Urban,0,,,Fine,Null
2039401,5707635,19858,,544702,0,0,0,1,0,Null,2009/2010,DAPHNE PLACE,DAPHNE ST,,Non-Injury Crash,No,2009,0,South,0,0,1,Flat,0,,0,,0,Bright sun,1383200,0,0,0,2,0,0,0,0,0,,0,0,Gisborne Region,Nil,2-way,Sealed,0,0,0,0,50,0,Null,0,0,,28,Gisborne District,Nil,0,0,0,0,0,0,Urban,0,0,0,Fine,Null
1755660,5928747,19859,,508510,0,,0,1,,South,2008/2009,SH 1N,TRISTRAM OBR,,Non-Injury Crash,Yes,2009,,South,,0,,Flat,,,,,,Bright sun,195700,0,0,0,3,,,0,,,,,,Auckland Region,Nil,1-way,Sealed,,0,0,,100,,Null,1,0,,76,Auckland,Unknown,,,,,0,0,Open,1,,,Fine,Null
1764452,5437133,19860,,568302,0,0,0,2,0,West,2008/2009,RATA ST,RIMU ST,,Non-Injury Crash,No,2009,0,North,0,0,0,Flat,0,,0,,0,Dark,1960800,0,0,0,2,0,0,0,0,1,,0,0,Wellington Region,Nil,2-way,Sealed,0,0,0,0,50,0,On,0,0,,46,Lower Hutt City,Nil,0,0,0,0,0,0,Urban,0,0,0,Fine,Null
1544323,5153077,19861,,597506,0,0,0,0,0,South,2009/2010,LEESTON AND LAKE ROAD,BEETHAMS ROAD,,Minor Crash,No,2009,0,North,1,0,0,Flat,0,,0,,0,Dark,2723200,1,0,0,2,0,0,0,0,0,,0,0,Canterbury Region,Nil,2-way,Sealed,0,0,0,0,100,0,None,1,0,,62,Selwyn District,Unknown,0,0,0,0,0,0,Open,0,0,0,Light rain,Null
1757972,5918016,19862,,515700,0,,0,1,,South,2008/2009,SH 1N,GILLIES OFF SBD,,Non-Injury Crash,Yes,2009,,South,,0,,Flat,,,,,,Bright sun,443200,0,0,1,6,,,0,,,,,,Auckland Region,Nil,2-way,Sealed,,0,0,,80,,Null,0,0,,76,Auckland,Unknown,,,,,0,0,Open,0,,,Fine,Null
1893147,5812781,19863,,538502,0,0,0,0,0,Null,2008/2009,JELLICOE ST,OXFORD ST,,Non-Injury Crash,No,2009,0,West,0,0,0,Flat,0,,0,,0,Dark,1215900,0,0,0,4,0,1,0,0,0,,0,0,Bay of Plenty Region,Nil,2-way,Sealed,0,0,0,0,50,0,On,1,0,,22,Western Bay of Plenty District,Give way,1,0,0,0,0,0,Urban,0,0,0,Light rain,Null
1676815,6113073,19864,,500402,0,0,0,0,0,East,2008/2009,SH 10,MATAURI LINK ROAD,,Non-Injury Crash,Yes,2009,0,West,1,0,0,Flat,0,,0,,0,Bright sun,20401,0,0,0,2,0,0,0,0,0,,0,0,Northland Region,Nil,2-way,Sealed,0,0,0,0,100,0,None,0,0,,1,Far North District,Nil,0,0,0,0,1,0,Open,0,0,0,Fine,Null
1857690,5840010,19865,,535800,0,,0,3,,North,2009/2010,SH 2,BEACH ROAD,,Non-Injury Crash,Yes,2009,,South,,0,,Flat,,,,,,Twilight,1183501,0,0,0,2,,,0,,,,,,Bay of Plenty Region,Nil,2-way,Sealed,,0,0,,50,,None,0,0,,22,Western Bay of Plenty District,Nil,,,,,0,0,Urban,0,,,Fine,Null
1756724,5920437,19866,,514102,0,,0,2,,Null,2009/2010,SALE ST,WELLESLEY ST WEST,,Non-Injury Crash,No,2009,,East,,0,,Flat,,,,,,Dark,433700,0,0,0,2,,,0,,,,,,Auckland Region,Nil,2-way,Sealed,,0,0,,50,,On,0,0,,76,Auckland,Give way,,,,,0,0,Urban,0,,,Fine,Null