X,Y,OBJECTID,advisorySpeed,areaUnitID,bicycle,bridge,bus,carStationWagon,cliffBank,crashDirectionDescription,crashFinancialYear,crashLocation1,crashLocation2,crashRoadSideRoad,crashSeverity,crashSHDescription,crashYear,debris,directionRoleDescription,ditch,fatalCount,fence,flatHill,guardRail,holiday,houseOrBuilding,intersection,kerb,light,meshblockId,minorInjuryCount,moped,motorcycle,NumberOfLanes,objectThrownOrDropped,otherObject,otherVehicleType,overBank,parkedVehicle,pedestrian,phoneBoxEtc,postOrPole,region,roadCharacter,roadLane,roadSurface,roadworks,schoolBus,seriousInjuryCount,slipOrFlood,speedLimit,strayAnimal,streetLight,suv,taxi,temporarySpeedLimit,tlaId,tlaName,trafficControl,trafficIsland,trafficSign,train,tree,truck,unknownVehicleType,urban,vanOrUtility,vehicle,waterRiver,weatherA,weatherB
1767421,5905972,19867,,523601,0,,0,2,,North,2008/2009,SH 1N,REAGAN OBR,,Non-Injury Crash,Yes,2009,,South,,0,,Flat,,,,,,Overcast,707200,0,0,0,3,,,0,,,,,,Auckland Region,Nil,1-way,Sealed,,0,0,,100,,On,0,0,,76,Auckland,Nil,,,,,0,0,Open,0,,,Light rain,Null
1822776,5527242,19868,,561813,0,,0,1,,Null,2009/2010,TENNENT DRIVE,ON WEST,,Non-Injury Crash,No,2009,,North,,0,,Hill Road,,,,,,Overcast,1799100,0,0,0,2,,,0,,,,,,Manawatū-Whanganui Region,Motorway ramp,2-way,Sealed,,0,0,,70,,Null,1,0,,40,Palmerston North City,Nil,,,,,0,0,Urban,0,,,Light rain,Null
1566024,5185287,19869,,588500,0,,0,1,,Null,2008/2009,HAREWOOD ROAD,GARDINERS ROAD,,Minor Crash,No,2009,,South,,0,,Flat,,,,,,Bright sun,2527700,1,0,0,4,,,0,,,,,,Canterbury Region,Nil,2-way,Sealed,,0,0,,50,,Null,0,0,,60,Christchurch City,Stop,,,,,0,0,Urban,1,,,Fine,Null
1882299,5772789,19870,,539800,0,,0,2,,West,2009/2010,MALFROY ROAD WEST,WESTBROOK PLACE,,Non-Injury Crash,No,2009,,East,,0,,Hill Road,,,,,,Dark,1229500,0,0,0,2,,,0,,,,,,Bay of Plenty Region,Nil,2-way,Sealed,,0,0,,50,,On,0,0,,24,Rotorua District,Unknown,,,,,0,0,Urban,0,,,Fine,Null
1205297,4944319,19871,,612714,0,,1,1,,East,2009/2010,SH 94,PRINCHESTER ROAD,,Serious Crash,Yes,2009,,West,,0,,Flat,,,,,,Bright sun,3172900,0,0,0,2,,,0,,,,,,Southland Region,Nil,2-way,Sealed,,0,1,,100,,Null,0,0,,73,Southland District,Unknown,,,,,0,0,Open,0,,,Fine,Null
1404992,4914654,19872,,604210,0,,0,2,,Null,2009/2010,SOUTH ROAD,BAKER ST,,Minor Crash,No,2009,,West,,0,,Flat,,,,,,Dark,2915400,1,0,0,2,,,0,,,,,,Otago Region,Nil,2-way,Sealed,,0,0,,50,,On,0,0,,71,Dunedin City,Nil,,,,,0,0,Urban,0,,,Heavy rain,Null
1723204,6048463,19873,,502004,0,0,0,1,0,East,2008/2009,WHAREORA ROAD,ABBEY CAVES ROAD,,Non-Injury Crash,No,2009,0,West,0,0,1,Flat,0,,0,,0,Dark,72601,0,0,0,2,0,0,0,0,0,,0,0,Northland Region,Nil,2-way,Sealed,0,0,0,0,100,0,None,0,0,,2,Whangarei District,Unknown,0,0,0,0,0,0,Open,0,0,0,Heavy rain,Null
1754447,5444784,19874,,570800,0,0,0,2,0,Null,2008/2009,Z CPK COUNTDOWN,LYTTELTON/NORRIE,,Non-Injury Crash,No,2009,0,North,0,0,0,Flat,0,,0,,0,Overcast,2052500,0,0,0,1,0,0,0,0,0,,0,0,Wellington Region,Nil,Off road,Sealed,0,0,0,0,50,0,Null,0,0,,44,Porirua City,Nil,0,0,0,0,0,0,Urban,0,1,0,Fine,Null
1769187,5914523,19875,,522721,0,,0,1,,North,2008/2009,FORTUNES ROAD,PAKURANGA ROAD,,Non-Injury Crash,No,2009,,East,,0,,Flat,,,,,,Overcast,680727,0,0,0,2,,,0,,,,,,Auckland Region,Nil,2-way,Sealed,,0,0,,50,,Null,0,0,,76,Auckland,Nil,,,,,0,0,Urban,1,,,Fine,Null
1619603,5426384,19876,,583900,0,0,0,2,0,East,2009/2010,SONGER ST,BAIL ST,,Non-Injury Crash,No,2009,0,West,0,0,0,Flat,0,,0,,0,Overcast,2343200,0,0,0,2,0,0,0,0,1,,0,0,Nelson Region,Nil,2-way,Unsealed,0,0,0,0,50,0,Null,0,0,30,52,Nelson City,Nil,0,0,0,0,0,0,Urban,0,0,0,Heavy rain,Null
1762156,5906388,19877,,524302,0,,0,1,,Null,2008/2009,HENWOOD ROAD,WINTHROP WAY,,Non-Injury Crash,No,2009,,North,,0,,Flat,,,,,,Overcast,743800,0,0,0,2,,,0,,,,,,Auckland Region,Nil,2-way,Sealed,,0,0,,50,,Null,1,0,,76,Auckland,Nil,,,,,0,0,Urban,0,,,Fine,Null
1877231,5823284,19878,,537400,0,,0,1,,West,2008/2009,WAIHI ROAD,LONDON PLACE,,Non-Injury Crash,No,2009,,East,,0,,Hill Road,,,,,,Bright sun,1162403,0,0,0,2,,,0,,,,,,Bay of Plenty Region,Nil,2-way,Sealed,,0,0,,50,,Null,1,0,,23,Tauranga City,Unknown,,,,,0,0,Urban,0,,,Fine,Null
1767310,5904107,19879,,524602,0,0,0,2,0,South,2008/2009,BARROWCLIFFE PLACE,MANUKAU STATION ROAD,,Non-Injury Crash,No,2009,0,South,0,0,0,Flat,0,,0,,0,Overcast,780416,0,0,0,2,0,0,0,0,1,,0,0,Auckland Region,Nil,2-way,Sealed,0,0,0,0,50,0,Off,0,0,,76,Auckland,Nil,0,0,0,0,0,0,Urban,0,0,0,Fine,Null
1840639,5820845,19880,,534604,0,0,0,1,0,North,2008/2009,SH 27,JAGGER ROAD,,Non-Injury Crash,Yes,2009,0,North,1,0,0,Flat,0,,0,,0,Bright sun,1098300,0,0,0,2,0,0,0,0,0,,0,0,Waikato Region,Nil,2-way,Sealed,0,0,0,0,100,0,Null,0,0,,15,Matamata-Piako District,Unknown,0,0,0,0,0,0,Open,0,0,0,Fine,Null
1754772,5929680,19881,,508420,0,0,0,1,0,North,2008/2009,TARGET ROAD,ELLICE ROAD,,Non-Injury Crash,No,2009,0,North,0,0,0,Hill Road,0,,1,,0,Dark,182500,0,0,0,2,0,0,0,0,0,,0,1,Auckland Region,Nil,2-way,Sealed,0,0,0,0,50,0,On,0,0,,76,Auckland,Nil,0,0,0,1,0,0,Urban,0,0,0,Light rain,Null
2027277,5725805,19882,,543601,0,0,0,0,0,South,2008/2009,SH 2,SCOTT ROAD,,Non-Injury Crash,Yes,2009,0,North,1,0,1,Flat,0,,0,,0,Dark,1350800,0,0,0,2,0,0,0,0,0,,0,0,Gisborne Region,Nil,2-way,Sealed,0,0,0,0,100,0,None,1,0,,28,Gisborne District,Nil,0,0,0,0,0,0,Open,0,0,0,Fine,Null
1765507,5904143,19883,,524603,0,0,0,1,0,North,2008/2009,ONSLOW AVENUE,GLASGOW AVENUE,,Non-Injury Crash,No,2009,0,North,0,0,0,Flat,0,,0,,0,Bright sun,674900,0,0,0,1,0,0,0,0,1,,0,0,Auckland Region,Nil,2-way,Sealed,0,0,0,0,50,0,Off,0,0,,76,Auckland,Nil,0,0,0,0,1,0,Urban,0,0,0,Fine,Null
1754863,5445319,19884,,571502,0,,0,1,,South,2008/2009,SH 1N,WHITFORD OFF NBD,,Non-Injury Crash,Yes,2009,,North,,0,,Flat,,,,,,Dark,2056639,0,0,0,2,,,0,,,,,,Wellington Region,Nil,2-way,Sealed,,0,0,,100,,On,0,0,,44,Porirua City,Nil,,,,,0,0,Open,0,,,Fine,Null
1766658,5912917,19885,,522920,0,,0,2,,Null,2008/2009,TI RAKAU DRIVE,PAKURANGA HIGHWAY,,Non-Injury Crash,No,2009,,North,,0,,Flat,,,,,,Dark,683800,0,0,0,2,,,0,,,,,,Auckland Region,Nil,2-way,Sealed,,0,0,,50,,On,0,0,,76,Auckland,Give way,,,,,0,0,Urban,0,,,Fine,Null
1757783,5916146,19886,,515801,0,,0,1,,South,2008/2009,GILLIES AVENUE,KIMBERLEY ROAD,,Non-Injury Crash,No,2009,,North,,0,,Flat,,,,,,Bright sun,446500,0,0,0,2,,,0,,,,,,Auckland Region,Nil,2-way,Sealed,,0,0,,50,,Null,1,0,,76,Auckland,Unknown,,,,,0,0,Urban,0,,,Fine,Null
1752255,5918453,19887,,515002,0,,0,1,,North,2008/2009,POINT CHEVALIER ROAD,GREAT NORTH ROAD,,Non-Injury Crash,No,2009,,North,,0,,Flat,,,,,,Dark,391800,0,0,0,2,,,0,,,,,,Auckland Region,Nil,2-way,Sealed,,0,0,,50,,On,0,0,,76,Auckland,Nil,,,,,1,0,Urban,0,,,Fine,Null
1755658,5918703,19888,,515500,0,,0,1,,Null,2009/2010,GREAT NORTH ROAD,KING ST,,Non-Injury Crash,No,2009,,West,,0,,Flat,,,,,,Overcast,418100,0,0,0,4,,,0,,,,,,Auckland Region,Nil,2-way,Sealed,,0,0,,50,,Off,0,0,,76,Auckland,Give way,,,,,1,0,Urban,0,,,Heavy rain,Null
1868018,5714014,19889,,541720,0,0,0,2,0,West,2009/2010,SPA ROAD,MOTUTAHAE ST,,Non-Injury Crash,No,2009,0,East,0,0,0,Flat,0,,0,,0,Overcast,1274900,0,0,0,2,0,0,0,0,1,,0,0,Waikato Region,Nil,2-way,Sealed,0,0,0,0,50,0,Null,0,0,,21,Taupo District,Unknown,0,0,0,0,0,0,Urban,0,0,0,Fine,Null
1774741,5446361,19890,,566800,0,,0,1,,Null,2009/2010,SH 2,TOTARA PARK ROAD,,Non-Injury Crash,Yes,2009,,East,,0,,Flat,,,,,,Overcast,1910200,0,0,0,5,,,0,,,,,,Wellington Region,Nil,2-way,Sealed,,0,0,,100,,Null,1,0,,45,Upper Hutt City,Traffic Signals,,,,,0,0,Open,0,,,Fine,Null
1768375,5908669,19891,,523113,0,,0,0,,Null,2008/2009,SPRINGS ROAD,VALDER AVENUE,,Non-Injury Crash,No,2009,,South,,0,,Flat,,,,,,Bright sun,711801,0,0,0,4,,,0,,,,,,Auckland Region,Nil,2-way,Sealed,,0,0,,50,,Off,0,0,,76,Auckland,Give way,,,,,1,0,Urban,1,,,Fine,Null
1738209,6058821,19892,,501807,0,,0,2,,North,2009/2010,MATAPOURI ROAD,LANDOWNERS LANE,,Non-Injury Crash,No,2009,,South,,0,,Flat,,,,,,Bright sun,62303,0,0,0,2,,,0,,,,,,Northland Region,Nil,2-way,Sealed,,0,0,,100,,Null,0,0,,2,Whangarei District,Unknown,,,,,0,0,Open,0,,,Fine,Null
1757661,5920719,19893,,514103,0,0,0,1,0,West,2008/2009,FORT ST,GORE ST,,Non-Injury Crash,No,2009,0,West,0,0,0,Flat,0,,0,,0,Bright sun,438106,0,0,0,2,0,0,0,0,1,,0,0,Auckland Region,Nil,2-way,Sealed,0,0,0,0,50,0,Null,0,0,,76,Auckland,Unknown,0,0,0,0,1,0,Urban,0,0,0,Fine,Null
1879310,5825418,19894,,538201,0,,0,2,,West,2008/2009,SH 2A,CHAPEL ST,,Non-Injury Crash,Yes,2009,,West,,0,,Hill Road,,,,,,Bright sun,1163001,0,0,0,4,,,0,,,,,,Bay of Plenty Region,Nil,2-way,Sealed,,0,0,,50,,Off,0,0,,23,Tauranga City,Traffic Signals,,,,,0,0,Urban,0,,,Fine,Null
1751940,5925839,19895,,510220,0,,0,2,,Null,2008/2009,SALISBURY ROAD,BIRKDALE ROAD,,Non-Injury Crash,No,2009,,West,,0,,Flat,,,,,,Bright sun,349500,0,0,0,2,,,0,,,,,,Auckland Region,Nil,2-way,Sealed,,0,0,,50,,Off,0,0,,76,Auckland,Stop,,,,,0,0,Urban,0,,,Fine,Null
1719588,6047350,19896,,502700,0,,0,1,,Null,2009/2010,KAMO ROAD,WRACK ST,,Non-Injury Crash,No,2009,,South,,0,,Flat,,,,,,Dark,91800,0,0,0,2,,,0,,,,,,Northland Region,Nil,2-way,Sealed,,0,0,,50,,On,1,0,,2,Whangarei District,Stop,,,,,0,0,Urban,0,,,Fine,Null
1775521,5580109,19897,,557300,0,,0,1,,North,2008/2009,SOMME PARADE,SPIER ST,,Non-Injury Crash,No,2009,,South,,0,,Flat,,,,,,Dark,1708600,0,0,0,2,,,0,,,,,,Manawatū-Whanganui Region,Nil,2-way,Sealed,,0,0,,50,,On,0,0,,37,Whanganui District,Nil,,,,,0,0,Urban,1,,,Fine,Frost
1819478,5530086,19898,,562320,0,,0,2,,Null,2009/2010,GILLESPIES LINE,TREMAINE AVENUE,,Non-Injury Crash,No,2009,,South,,0,,Hill Road,,,,,,Dark,1821600,0,0,0,2,,,0,,,,,,Manawatū-Whanganui Region,Nil,2-way,Sealed,,0,0,,50,,On,0,0,,40,Palmerston North City,Give way,,,,,0,0,Urban,0,,,Fine,Null
1748703,5945792,19899,,505806,0,0,0,1,0,North,2008/2009,SH 1N,SILVERDALE ON SBD,,Non-Injury Crash,Yes,2009,0,South,0,0,0,Flat,1,,0,,0,Overcast,176604,0,0,0,4,0,0,0,0,0,,0,0,Auckland Region,Nil,2-way,Sealed,0,0,0,0,100,0,Null,0,0,,76,Auckland,Unknown,0,0,0,0,0,0,Open,0,0,0,Light rain,Null
1884351,5770825,19900,,540700,0,,0,1,,South,2009/2010,SH 5,MOKOIA DRIVE,,Non-Injury Crash,Yes,2009,,South,,0,,Flat,,,,,,Overcast,1246000,0,0,0,3,,,0,,,,,,Bay of Plenty Region,Nil,2-way,Sealed,,0,0,,50,,Null,0,0,,24,Rotorua District,Stop,,,,,1,0,Urban,0,,,Fine,Null
1868518,5713332,19901,,541720,0,,0,2,,West,2008/2009,RIFLE RANGE ROAD,PIHANGA ST,,Non-Injury Crash,No,2009,,East,,0,,Flat,,,,,,Twilight,1272300,0,0,0,2,,,0,,,,,,Waikato Region,Nil,2-way,Sealed,,0,0,,50,,None,0,0,,21,Taupo District,Unknown,,,,,0,0,Urban,0,,,Fine,Null
1764771,5909065,19902,,521802,0,0,0,1,0,Null,2009/2010,WAIKARE ROAD,PAPAKU ROAD,,Non-Injury Crash,No,2009,0,South,0,0,1,Flat,0,,0,,0,Overcast,789201,0,0,0,2,0,0,0,0,0,,0,1,Auckland Region,Nil,2-way,Sealed,0,0,0,0,50,0,Off,0,0,,76,Auckland,Nil,0,0,0,0,0,0,Urban,0,0,0,Light rain,Null
1750234,5913173,19903,,511402,0,,0,2,,Null,2008/2009,MARGAN AVENUE,ASTLEY AVENUE,,Non-Injury Crash,No,2009,,North,,0,,Flat,,,,,,Bright sun,264800,0,0,0,2,,,0,,,,,,Auckland Region,Nil,2-way,Sealed,,0,0,,50,,Off,0,0,,76,Auckland,Give way,,,,,0,0,Urban,0,,,Fine,Null
1759513,5917858,19904,,516102,0,0,0,2,0,West,2009/2010,ARNEY ROAD,BELL ROAD,,Non-Injury Crash,No,2009,0,East,0,0,0,Flat,0,,0,,0,Dark,483900,0,0,0,2,0,0,0,0,0,,0,0,Auckland Region,Nil,2-way,Sealed,0,0,0,0,50,0,On,0,0,,76,Auckland,Nil,0,0,0,0,0,0,Urban,0,1,0,Fine,Null
1747877,5426956,19905,,573200,0,0,0,1,0,Null,2008/2009,ARO ST,EPUNI ST,,Non-Injury Crash,No,2009,0,South,0,0,0,Flat,0,,0,,0,Overcast,2158200,0,0,0,2,0,0,0,0,1,,0,0,Wellington Region,Nil,2-way,Sealed,0,0,0,0,50,0,Null,0,0,,47,Wellington City,Give way,0,0,0,0,1,0,Urban,0,0,0,Fine,Null
1690377,5673469,19906,,551024,0,0,0,1,0,East,2009/2010,POPLAR GROVE,ALBA ST,,Non-Injury Crash,No,2009,0,South,0,0,0,Hill Road,0,,0,,0,Dark,1556308,0,0,0,2,0,0,0,1,0,,0,0,Taranaki Region,Nil,2-way,Sealed,0,0,0,0,50,0,On,0,0,,33,New Plymouth District,Nil,0,0,0,1,0,0,Urban,0,0,0,Light rain,Null
1752225,5912992,19907,,514600,0,0,0,1,0,Null,2008/2009,WHITNEY ST,TERRY ST E,,Non-Injury Crash,No,2009,0,South,0,0,0,Flat,0,,0,,0,Dark,373700,0,0,0,3,0,0,0,0,0,,0,0,Auckland Region,Nil,2-way,Sealed,0,0,0,0,50,0,On,0,0,,76,Auckland,Give way,0,0,0,1,0,0,Urban,0,0,0,Light rain,Null
1404575,4913364,19908,,604222,0,0,0,2,0,North,2008/2009,MIDDLETON ROAD,EASTHER CRESCENT,,Non-Injury Crash,No,2009,0,East,0,0,0,Hill Road,0,,0,,0,Dark,2910100,0,0,0,2,0,0,0,0,1,,0,0,Otago Region,Nil,2-way,Sealed,0,0,0,0,50,0,On,0,0,,71,Dunedin City,Unknown,0,0,0,0,0,0,Urban,0,0,0,Snow,Null
1797748,5874960,19909,,527221,0,0,0,1,0,West,2008/2009,SH 2,FERNDALE ROAD,,Non-Injury Crash,Yes,2009,0,West,1,0,0,Flat,0,,0,,0,Overcast,933500,0,0,0,2,0,0,0,0,0,,0,0,Waikato Region,Nil,2-way,Sealed,0,0,0,0,70,0,None,0,0,,13,Waikato District,Nil,0,0,0,0,0,0,Urban,0,0,0,Fine,Null
1569108,5187255,19910,,588200,0,,0,3,,South,2009/2010,SH 74,STYX MILL ROAD,,Minor Crash,Yes,2009,,North,,0,,Flat,,,,,,Bright sun,2512809,2,0,0,4,,,0,,,,,,Canterbury Region,Motorway ramp,2-way,Sealed,,0,0,,60,,Null,0,0,,60,Christchurch City,Traffic Signals,,,,,0,0,Urban,0,,,Fine,Null
1746075,5918138,19911,,512500,0,,0,1,,Null,2008/2009,EDMONTON ROAD,CENTRAL PARK DRIVE,,Non-Injury Crash,No,2009,,South,,0,,Hill Road,,,,,,Bright sun,257201,0,0,0,4,,,0,,,,,,Auckland Region,Nil,2-way,Sealed,,0,0,,50,,Off,0,0,,76,Auckland,Traffic Signals,,,,,0,0,Urban,1,,,Fine,Null
1599747,5451167,19912,,581850,0,,0,1,,East,2008/2009,SH 60,UMUKURI ROAD,,Non-Injury Crash,Yes,2009,,East,,0,,Flat,,,,,,Bright sun,2369100,0,0,0,2,,,0,,,,,,Tasman Region,Nil,2-way,Sealed,,0,0,,70,,Null,0,0,,51,Tasman District,Nil,,,,,0,0,Urban,1,,,Fine,Null
1773564,5579680,19913,,557200,0,,0,0,,Null,2008/2009,SH 3,PARKES AVENUE,,Non-Injury Crash,Yes,2009,,West,,0,,Hill Road,,,,,,Overcast,1706200,0,0,1,2,,,0,,,,,,Manawatū-Whanganui Region,Nil,2-way,Sealed,,0,0,,50,,Null,0,0,,37,Whanganui District,Stop,,,,,0,0,Urban,0,,,Fine,Null
1748721,5428772,19914,,572900,0,,0,1,,East,2008/2009,BOWEN ST,THE TERRACE,,Non-Injury Crash,No,2009,,West,,0,,Hill Road,,,,,,Overcast,2122400,0,0,0,4,,,0,,,,,,Wellington Region,Nil,2-way,Sealed,,0,0,,50,,Null,0,0,,47,Wellington City,Traffic Signals,,,,,0,0,Urban,1,,,Light rain,Null
1745060,5922554,19915,,513530,0,0,0,1,0,North,2008/2009,WIDMORE DRIVE,HASSAN DRIVE,,Non-Injury Crash,No,2009,0,North,0,0,0,Hill Road,0,,0,,0,Dark,224420,0,0,0,1,0,0,0,0,1,,0,0,Auckland Region,Nil,2-way,Sealed,0,0,0,0,50,0,Off,0,0,,76,Auckland,Nil,0,0,0,0,0,0,Urban,1,0,0,Fine,Null
1680284,5403802,19916,,581230,0,0,0,2,0,East,2008/2009,SH 1S,FRESWICK ST,,Non-Injury Crash,Yes,2009,0,East,0,0,0,Flat,0,,0,,0,Bright sun,2300100,0,0,0,2,0,0,0,0,1,,0,0,Marlborough Region,Nil,2-way,Sealed,0,0,0,0,50,0,Null,0,0,,53,Marlborough District,Nil,0,0,0,0,0,0,Urban,1,0,0,Fine,Null
1754197,5931414,19917,,508805,0,,0,1,,Null,2009/2010,SH 18,UPPER HWY ON SBD,,Non-Injury Crash,Yes,2009,,East,,0,,Flat,,,,,,Bright sun,180826,0,0,0,2,,,0,,,,,,Auckland Region,Motorway ramp,1-way,Sealed,,0,0,,50,,Null,0,0,,76,Auckland,Traffic Signals,,,,,1,0,Urban,0,,,Fine,Null
1804504,5792826,19918,,527935,0,,0,1,,North,2008/2009,SH 3,GREENHILL DRIVE,,Non-Injury Crash,Yes,2009,,South,,0,,Flat,,,,,,Bright sun,986500,0,0,0,3,,,0,,,,,,Waikato Region,Nil,2-way,Sealed,,0,0,,100,,Null,0,0,,17,Waipa District,Unknown,,,,,1,0,Open,0,,,Fine,Null
1747840,5921620,19919,,512300,0,,0,1,,Null,2009/2010,HARBOUR VIEW DRIVE,WAIMANU BAY DRIVE,,Non-Injury Crash,No,2009,,South,,0,,Flat,,,,,,Dark,250103,0,0,0,2,,,0,,,,,,Auckland Region,Nil,2-way,Sealed,,0,0,,50,,On,0,0,,76,Auckland,Give way,,,,,0,0,Urban,0,,,Fine,Null
1797087,5814383,19920,,528601,0,0,1,0,0,North,2009/2010,CAERNARVON ST,SH 23,,Non-Injury Crash,No,2009,0,South,0,0,1,Flat,0,,0,,0,Bright sun,920600,0,0,0,1,0,0,0,0,0,,0,0,Waikato Region,Nil,2-way,Sealed,0,0,0,0,50,0,Off,0,0,,16,Hamilton City,Nil,0,0,0,1,0,0,Urban,0,0,0,Fine,Null
1768341,5908531,19921,,523711,0,,0,3,,Null,2009/2010,EAST TAMAKI ROAD,JOHNSTONES ROAD,,Non-Injury Crash,No,2009,,North,,0,,Flat,,,,,,Bright sun,712303,0,0,0,2,,,0,,,,,,Auckland Region,Nil,2-way,Sealed,,0,0,,50,,Off,0,0,,76,Auckland,Traffic Signals,,,,,0,0,Urban,0,,,Fine,Null
1778375,5573588,19922,,558300,0,0,0,1,0,West,2008/2009,KAITOKE ROAD,SH 3,,Non-Injury Crash,No,2009,0,West,1,0,0,Hill Road,0,,0,,0,Bright sun,1687400,0,0,0,2,0,0,0,0,0,,0,0,Manawatū-Whanganui Region,Nil,2-way,Sealed,0,0,0,0,100,0,Null,0,0,,37,Whanganui District,Nil,0,0,0,0,0,0,Open,0,0,0,Fine,Null
1699644,6094484,19923,,501100,0,0,0,1,0,West,2008/2009,GREYS LANE,SEAVIEW ROAD,,Non-Injury Crash,No,2009,0,North,0,0,0,Flat,0,,0,,0,Bright sun,54700,0,0,0,2,0,0,1,0,1,,0,0,Northland Region,Nil,2-way,Unsealed,0,0,0,0,50,0,None,0,0,,1,Far North District,Nil,0,0,0,0,0,0,Urban,0,0,0,Fine,Null
1823968,5470905,19924,,578401,0,0,0,1,0,North,2009/2010,SH 2,OPAKI-KAIPARORO ROAD,,Non-Injury Crash,Yes,2009,0,South,1,0,1,Hill Road,0,,0,,0,Overcast,2253604,0,0,0,2,0,0,0,0,0,,0,0,Wellington Region,Nil,2-way,Sealed,0,0,0,0,100,0,Null,0,0,,48,Masterton District,Nil,0,0,0,0,0,0,Open,0,0,0,Fine,Null
1950307,5791827,19925,,542410,0,,0,2,,Null,2009/2010,PEACE ST,MCGARVEY ROAD,,Non-Injury Crash,No,2009,,East,,0,,Flat,,,,,,Bright sun,1307200,0,0,0,2,,,0,,,,,,Bay of Plenty Region,Nil,2-way,Sealed,,0,0,,50,,Null,0,0,,25,Whakatane District,Stop,,,,,0,0,Urban,0,,,Fine,Null
1844057,5728518,19926,,541320,0,,0,2,,South,2008/2009,SH 32,MAROTIRI ROAD,,Non-Injury Crash,Yes,2009,,South,,0,,Flat,,,,,,Overcast,1293200,0,0,0,2,,,0,,,,,,Waikato Region,Nil,2-way,Sealed,,0,0,,100,,None,0,0,,21,Taupo District,Nil,,,,,0,0,Open,0,,,Light rain,Null
1786145,5446418,19927,,567902,0,,0,1,,Null,2008/2009,SH 2,JIMS CORNER,,Non-Injury Crash,Yes,2009,,North,,0,,Hill Road,,,,,,Bright sun,1916300,0,0,0,2,,,0,,,,,,Wellington Region,Nil,2-way,Sealed,,0,0,,100,,Null,1,0,,45,Upper Hutt City,Nil,,,,,0,0,Open,0,,,Fine,Null
1697433,6083310,19928,65,501620,0,0,0,1,1,South,2009/2010,SH 1N,SH 11,,Non-Injury Crash,Yes,2009,0,South,0,0,0,Flat,0,,0,,0,Overcast,46300,0,0,0,2,0,0,0,0,0,,0,0,Northland Region,Nil,2-way,Sealed,0,0,0,0,100,0,None,0,0,,1,Far North District,Nil,0,0,0,0,0,0,Open,0,0,0,Light rain,Null
1746820,5918696,19929,,512401,0,,0,2,,North,2009/2010,TE ATATU ROAD,WAKELING AVENUE,,Non-Injury Crash,No,2009,,South,,0,,Flat,,,,,,Bright sun,255600,0,0,0,2,,,0,,,,,,Auckland Region,Nil,2-way,Sealed,,0,0,,50,,None,0,0,,76,Auckland,Nil,,,,,0,0,Urban,0,,,Fine,Null
1754400,5920216,19930,,515301,0,0,0,2,0,North,2009/2010,PARAWAI CRESCENT,HUKANUI CRESCENT,,Non-Injury Crash,No,2009,0,North,0,0,0,Flat,0,,0,,0,Dark,426800,0,0,0,2,0,0,0,0,1,,0,0,Auckland Region,Nil,2-way,Sealed,0,0,0,0,50,0,On,0,0,,76,Auckland,Nil,0,0,0,0,0,0,Urban,0,0,0,Fine,Null
1760241,5922247,19931,,509400,0,0,0,1,0,North,2008/2009,VICTORIA ROAD,QUEENS PARADE,,Non-Injury Crash,No,2009,0,West,0,0,0,Flat,0,,1,,0,Bright sun,331200,0,0,0,2,0,0,0,0,0,,0,0,Auckland Region,Nil,2-way,Sealed,0,0,0,0,50,0,Off,0,0,,76,Auckland,Nil,0,0,0,0,0,0,Urban,0,0,0,Fine,Null
1929657,5605330,19932,,548200,0,,0,2,,Null,2008/2009,QUEEN ST WEST,NELSON ST NORTH,,Non-Injury Crash,No,2009,,West,,0,,Flat,,,,,,Overcast,1490800,0,0,0,2,,,0,,,,,,Hawke's Bay Region,Nil,2-way,Sealed,,0,0,,50,,Null,0,0,,30,Hastings District,Give way,,,,,0,0,Urban,0,,,Fine,Null
1756446,5920099,19933,,514000,0,,0,2,,North,2008/2009,SH 1N,WELLINGTON OBR,,Non-Injury Crash,Yes,2009,,North,,0,,Hill Road,,,,,,Dark,417400,0,0,0,3,,,0,,,,,,Auckland Region,Nil,1-way,Sealed,,0,0,,80,,On,0,0,,76,Auckland,Nil,,,,,0,0,Open,0,,,Fine,Null
1753734,5917049,19934,,517800,0,0,0,2,0,North,2008/2009,WAIRERE AVENUE,NEW NORTH ROAD,,Non-Injury Crash,No,2009,0,South,0,0,0,Flat,0,,0,,0,Dark,526600,0,0,0,2,0,0,0,0,1,,0,0,Auckland Region,Nil,2-way,Sealed,0,0,0,0,50,0,None,0,0,,76,Auckland,Nil,0,0,0,0,0,0,Urban,0,0,0,Fine,Null
1755320,5921652,19935,,515202,0,,0,3,,Null,2009/2010,SH 1N,SHELLY BEACH OBR,,Non-Injury Crash,Yes,2009,,South,,0,,Hill Road,,,,,,Overcast,423600,0,0,0,4,,,0,,,,,,Auckland Region,Bridge,1-way,Sealed,,0,0,,80,,Off,0,0,,76,Auckland,Nil,,,,,0,0,Open,0,,,Heavy rain,Null
1760242,5922558,19936,,509400,0,,0,1,,West,2009/2010,FLEET ST,DEVON LANE,,Non-Injury Crash,No,2009,,South,,0,,Flat,,,,,,Bright sun,329600,0,0,0,1,,,0,,,,,,Auckland Region,Nil,2-way,Sealed,,0,0,,50,,Off,0,0,,76,Auckland,Stop,,,,,0,0,Urban,1,,,Fine,Null