X,Y,OBJECTID,advisorySpeed,areaUnitID,bicycle,bridge,bus,carStationWagon,cliffBank,crashDirectionDescription,crashFinancialYear,crashLocation1,crashLocation2,crashRoadSideRoad,crashSeverity,crashSHDescription,crashYear,debris,directionRoleDescription,ditch,fatalCount,fence,flatHill,guardRail,holiday,houseOrBuilding,intersection,kerb,light,meshblockId,minorInjuryCount,moped,motorcycle,NumberOfLanes,objectThrownOrDropped,otherObject,otherVehicleType,overBank,parkedVehicle,pedestrian,phoneBoxEtc,postOrPole,region,roadCharacter,roadLane,roadSurface,roadworks,schoolBus,seriousInjuryCount,slipOrFlood,speedLimit,strayAnimal,streetLight,suv,taxi,temporarySpeedLimit,tlaId,tlaName,trafficControl,trafficIsland,trafficSign,train,tree,truck,unknownVehicleType,urban,vanOrUtility,vehicle,waterRiver,weatherA,weatherB
1622755,5429929,19937,,583202,0,0,0,2,0,Null,2009/2010,VANGUARD ST,TOI TOI ST,,Non-Injury Crash,No,2009,0,North,0,0,0,Flat,0,,0,,0,Overcast,2330500,0,0,0,2,0,0,0,0,0,,0,0,Nelson Region,Nil,2-way,Sealed,0,0,0,0,50,0,Null,0,0,,52,Nelson City,Give way,0,1,0,0,0,0,Urban,0,0,0,Fine,Null
1861238,5721743,19938,,541335,0,0,0,0,0,South,2009/2010,WHANGAMATA ROAD,POIHIPI ROAD,,Non-Injury Crash,No,2009,0,North,0,0,1,Hill Road,0,,0,,0,Dark,1278103,0,0,0,2,0,0,0,0,0,,0,0,Waikato Region,Nil,2-way,Sealed,0,0,0,0,100,0,None,0,0,,21,Taupo District,Unknown,0,0,0,0,0,0,Open,1,0,0,Heavy rain,Strong wind
1800006,5816010,19939,,529700,0,,0,2,,Null,2008/2009,MILL ST,TRISTRAM ST,,Non-Injury Crash,No,2009,,East,,0,,Flat,,,,,,Overcast,909100,0,0,0,3,,,0,,,,,,Waikato Region,Nil,2-way,Sealed,,0,0,,50,,Off,0,0,,16,Hamilton City,Traffic Signals,,,,,0,0,Urban,0,,,Light rain,Null
1747396,5427941,19940,,575300,0,,0,2,,North,2008/2009,UPLAND ROAD,BOUNDARY ROAD,,Non-Injury Crash,No,2009,,North,,0,,Flat,,,,,,Bright sun,2152402,0,0,0,2,,,0,,,,,,Wellington Region,Nil,2-way,Sealed,,0,0,,50,,Null,0,0,,47,Wellington City,Nil,,,,,0,0,Urban,0,,,Fine,Null
1737497,6057418,19941,,501807,0,0,0,1,0,West,2009/2010,MATAPOURI ROAD,TUTUKAKA BLOCK ROAD,,Non-Injury Crash,No,2009,0,West,0,0,1,Hill Road,0,,0,,0,Dark,62204,0,0,0,2,0,0,0,0,0,,0,0,Northland Region,Nil,2-way,Sealed,0,0,0,0,100,0,None,0,0,,2,Whangarei District,Nil,0,0,0,0,0,0,Open,0,0,0,Fine,Null
1747179,5913794,19942,,511100,0,0,0,2,0,Null,2009/2010,WEST COAST ROAD,GLENVIEW ROAD,,Non-Injury Crash,No,2009,0,South,0,0,0,Hill Road,0,,0,,0,Overcast,286200,0,0,0,2,0,0,0,0,0,,0,0,Auckland Region,Nil,2-way,Sealed,0,0,0,0,50,0,Off,0,0,,76,Auckland,Traffic Signals,0,0,0,0,0,0,Urban,0,1,0,Fine,Null
1745309,5916798,19943,,510800,0,,0,2,,East,2009/2010,HICKORY AVENUE,HENDERSON VALLEY ROAD,,Non-Injury Crash,No,2009,,East,,0,,Flat,,,,,,Dark,242000,0,0,0,2,,,0,,,,,,Auckland Region,Nil,2-way,Sealed,,0,0,,50,,On,0,0,,76,Auckland,Unknown,,,,,0,0,Urban,0,,,Fine,Null
1843755,5811335,19944,,535502,0,0,0,0,0,South,2009/2010,BROWNE ST,ELIZABETH ST,,Non-Injury Crash,No,2009,0,South,0,0,0,Flat,0,,0,,0,Bright sun,1120400,0,0,0,2,0,0,0,0,1,,0,0,Waikato Region,Nil,2-way,Sealed,0,0,0,0,50,0,Null,0,0,,15,Matamata-Piako District,Unknown,0,0,0,0,1,0,Urban,0,0,0,Fine,Null
1804136,5813720,19945,,530700,0,,0,1,,East,2009/2010,SH 1N,LORIMER LANE,,Non-Injury Crash,Yes,2009,,East,,0,,Flat,,,,,,Overcast,887701,0,0,0,4,,,0,,,,,,Waikato Region,Nil,2-way,Sealed,,0,0,,50,,Null,1,0,,16,Hamilton City,Unknown,,,,,0,0,Urban,0,,,Fine,Null
1824493,5463787,19946,,578600,0,,0,2,,Null,2009/2010,SH 2,DIXON ST,,Non-Injury Crash,Yes,2009,,South,,0,,Flat,,,,,,Overcast,2245400,0,0,0,2,,,0,,,,,,Wellington Region,Nil,2-way,Sealed,,0,0,,50,,Null,0,0,,48,Masterton District,Give way,,,,,0,0,Urban,0,,,Fine,Null
1238934,4880545,19947,,610500,0,0,0,1,0,South,2009/2010,SH 6,WELSH ROAD,,Minor Crash,Yes,2009,0,South,0,0,0,Flat,0,,1,,0,Bright sun,3086000,1,0,0,2,0,0,0,0,0,,0,0,Southland Region,Nil,2-way,Sealed,0,0,0,0,50,0,Null,0,0,,73,Southland District,Unknown,0,0,0,1,0,0,Urban,0,0,0,Fine,Null
1746246,5919157,19948,,512401,0,,0,1,,North,2009/2010,AMBERLEY AVENUE,QUIET ST,,Non-Injury Crash,No,2009,,West,,0,,Flat,,,,,,Overcast,253300,0,0,0,2,,,0,,,,,,Auckland Region,Nil,2-way,Sealed,,0,0,,50,,Null,0,0,,76,Auckland,Unknown,,,,,0,0,Urban,1,,,Light rain,Null
1718405,6042699,19949,,503800,0,,0,2,,South,2008/2009,SH 1N,REWA REWA ROAD,,Non-Injury Crash,Yes,2009,,South,,0,,Flat,,,,,,Overcast,107905,0,0,0,3,,,0,,,,,,Northland Region,Nil,2-way,Sealed,,0,0,,70,,Off,0,0,,2,Whangarei District,Nil,,,,,0,0,Urban,0,,,Fine,Null
1745181,5917577,19950,,510700,0,,0,3,,Null,2008/2009,GREAT NORTH ROAD,WADIER PLACE,,Non-Injury Crash,No,2009,,South,,0,,Hill Road,,,,,,Overcast,239501,0,0,0,4,,,0,,,,,,Auckland Region,Nil,2-way,Sealed,,0,0,,50,,Off,1,0,,76,Auckland,Nil,,,,,0,0,Urban,0,,,Heavy rain,Null
1774579,5888146,19951,,521302,0,0,0,1,0,North,2009/2010,SH 1N,RAMARAMA ON NBD,,Non-Injury Crash,Yes,2009,0,North,1,0,0,Flat,0,,0,,0,Dark,809101,0,0,0,2,0,0,0,0,0,,0,0,Auckland Region,Nil,1-way,Sealed,0,0,0,0,100,0,On,0,0,,76,Auckland,Nil,0,0,0,0,0,0,Open,0,0,0,Fine,Null
1842915,5815600,19952,,535220,0,,0,2,,North,2009/2010,WAHAROA ROAD EAST,POHLEN ROAD,,Non-Injury Crash,No,2009,,North,,0,,Flat,,,,,,Bright sun,1111800,0,0,0,2,,,0,,,,,,Waikato Region,Nil,2-way,Sealed,,0,0,,100,,Null,0,0,,15,Matamata-Piako District,Unknown,,,,,0,0,Open,0,,,Fine,Null
1751411,5916255,19953,,514401,0,,0,3,,West,2009/2010,GREAT NORTH ROAD,SALTAIRE ST,,Non-Injury Crash,No,2009,,West,,0,,Flat,,Labour Weekend,,,,Dark,383000,0,0,0,4,,,0,,,,,,Auckland Region,Nil,2-way,Sealed,,0,0,,50,,On,0,0,,76,Auckland,Nil,,,,,0,0,Urban,0,,,Fine,Null
1690316,5675284,19954,,551501,0,,0,1,,Null,2008/2009,SH 45,BAYLY ROAD,,Non-Injury Crash,Yes,2009,,West,,0,,Hill Road,,,,,,Bright sun,1583100,0,0,1,2,,,0,,,,,,Taranaki Region,Nil,2-way,Sealed,,0,0,,50,,Null,0,0,,33,New Plymouth District,Stop,,,,,0,0,Urban,0,,,Fine,Null
1764350,5913591,19955,,520500,0,,0,2,,Null,2008/2009,CARBINE ROAD,WAIPUNA ROAD,,Non-Injury Crash,No,2009,,North,,0,,Flat,,,,,,Bright sun,638700,0,0,0,5,,,0,,,,,,Auckland Region,Nil,2-way,Sealed,,0,0,,50,,Off,0,0,,76,Auckland,Traffic Signals,,,,,0,0,Urban,0,,,Fine,Null
1695265,6097154,19956,,501615,0,,0,1,,North,2009/2010,HARURU FALLS ROAD,SH 11,,Non-Injury Crash,No,2009,,South,,0,,Hill Road,,,,,,Dark,50603,0,0,0,1,,,0,,,,,,Northland Region,Nil,2-way,Unsealed,,0,0,,100,,None,0,0,,1,Far North District,Nil,,,,,0,0,Open,0,,,Fine,Null
1878541,5822953,19957,,538102,0,,0,1,,Null,2008/2009,CAMERON ROAD,ELEVENTH AVENUE,,Non-Injury Crash,No,2009,,North,,0,,Flat,,Christmas New Year,,,,Dark,1167101,0,0,0,5,,,0,,,,,,Bay of Plenty Region,Nil,2-way,Sealed,,0,0,,50,,On,0,0,,23,Tauranga City,Traffic Signals,,,,,0,0,Urban,1,,,Fine,Null
1750484,5913724,19958,,511303,0,,0,2,,Null,2008/2009,ASTLEY AVENUE,CLARK ST,,Non-Injury Crash,No,2009,,North,,0,,Flat,,,,,,Bright sun,265002,0,0,0,2,,,0,,,,,,Auckland Region,Nil,1-way,Sealed,,0,0,,50,,Null,0,0,,76,Auckland,Give way,,,,,0,0,Urban,0,,,Fine,Null
1753583,5945802,19959,,505906,0,,0,2,,South,2009/2010,WHANGAPARAOA ROAD,BLUE HERON RISE,,Non-Injury Crash,No,2009,,North,,0,,Hill Road,,,,,,Dark,173805,0,0,0,2,,,0,,,,,,Auckland Region,Nil,2-way,Sealed,,0,0,,60,,On,0,0,,76,Auckland,Unknown,,,,,0,0,Urban,0,,,Fine,Null
1738471,5902149,19960,,513800,0,,0,1,,North,2009/2010,WHATIPU ROAD,HUIA ROAD,,Non-Injury Crash,No,2009,,South,,0,,Flat,,Christmas New Year,,,,Overcast,303400,0,0,0,2,,,0,,,,,,Auckland Region,Nil,2-way,Sealed,,0,0,,60,,Off,1,0,,76,Auckland,Nil,,,,,0,0,Urban,0,,,Light rain,Null
1750500,5427089,19961,,576700,0,0,0,2,0,West,2008/2009,PALLISER ROAD,ROSENEATH TERRACE,,Non-Injury Crash,No,2009,0,West,0,0,0,Flat,0,,0,,0,Dark,2187000,0,0,0,2,0,0,0,0,1,,0,0,Wellington Region,Nil,2-way,Sealed,0,0,0,0,50,0,On,0,0,,47,Wellington City,Nil,0,0,0,0,0,0,Urban,0,0,0,Fine,Null
1747114,5427880,19962,,575200,0,,0,2,,South,2008/2009,GLENMORE ST,NORTHLAND ROAD,,Non-Injury Crash,No,2009,,North,,0,,Hill Road,,,,,,Overcast,2149900,0,0,0,2,,,0,,,,,,Wellington Region,Nil,2-way,Sealed,,0,0,,50,,Null,0,0,,47,Wellington City,Nil,,,,,0,0,Urban,0,,,Light rain,Null
1801562,5815949,19963,,530100,0,,0,2,,Null,2008/2009,GREY ST,CLAUDELANDS ROAD,,Non-Injury Crash,No,2009,,South,,0,,Flat,,,,,,Overcast,895100,0,0,0,2,,,0,,,,,,Waikato Region,Nil,2-way,Sealed,,0,0,,50,,Null,0,0,,16,Hamilton City,Traffic Signals,,,,,0,0,Urban,0,,,Light rain,Null
1766638,5912916,19964,,522920,0,,0,1,,West,2009/2010,PAKURANGA HIGHWAY,TI RAKAU DRIVE,,Non-Injury Crash,No,2009,,East,,0,,Flat,,,,,,Bright sun,683900,0,0,0,4,,,0,,,,,,Auckland Region,Nil,2-way,Sealed,,0,0,,50,,Off,1,0,,76,Auckland,Nil,,,,,0,0,Urban,0,,,Fine,Null
1769615,5908511,19965,,523115,0,,0,2,,Null,2008/2009,TE IRIRANGI DRIVE,ACCENT DRIVE,,Non-Injury Crash,No,2009,,West,,0,,Flat,,,,,,Dark,711912,0,0,0,4,,,0,,,,,,Auckland Region,Nil,2-way,Sealed,,0,0,,70,,On,0,0,,76,Auckland,Traffic Signals,,,,,0,0,Urban,0,,,Fine,Null
1761884,5906696,19966,,524520,0,,0,2,,East,2009/2010,MASSEY ROAD,ROBERTSON ROAD,,Non-Injury Crash,No,2009,,West,,0,,Flat,,,,,,Dark,735400,0,0,0,2,,,0,,,,,,Auckland Region,Nil,2-way,Sealed,,0,0,,50,,On,0,0,,76,Auckland,Traffic Signals,,,,,0,0,Urban,0,,,Null,Null
1931941,5617725,19967,,547100,0,,0,1,,Null,2008/2009,GLOUCESTER ST,GUPPY ROAD,,Non-Injury Crash,No,2009,,North,,0,,Flat,,,,,,Bright sun,1455100,0,0,0,2,,,0,,,,,,Hawke's Bay Region,Nil,2-way,Sealed,,0,0,,50,,Null,0,0,,31,Napier City,Traffic Signals,,,,,0,0,Urban,1,,,Fine,Null
1769857,5914755,19968,,522722,0,,0,2,,South,2009/2010,AVIEMORE DRIVE,PAKURANGA ROAD,,Non-Injury Crash,No,2009,,North,,0,,Flat,,,,,,Bright sun,681324,0,0,0,2,,,0,,,,,,Auckland Region,Nil,1-way,Sealed,,0,0,,50,,Off,0,0,,76,Auckland,Nil,,,,,0,0,Urban,0,,,Fine,Null
1758384,5917894,19969,,517400,0,,0,2,,Null,2009/2010,MORTIMER PASS,BROADWAY,,Non-Injury Crash,No,2009,,East,,0,,Hill Road,,,,,,Bright sun,451300,0,0,0,2,,,0,,,,,,Auckland Region,Nil,1-way,Sealed,,0,0,,50,,Off,0,0,,76,Auckland,Traffic Signals,,,,,0,0,Urban,0,,,Fine,Null
1929326,5605568,19970,,547700,0,,0,3,,West,2009/2010,HERETAUNGA ST WEST,TOMOANA ROAD,,Non-Injury Crash,No,2009,,East,,0,,Flat,,,,,,Overcast,1487900,0,0,0,2,,,0,,,,,,Hawke's Bay Region,Nil,2-way,Sealed,,0,0,,50,,Null,0,0,,30,Hastings District,Nil,,,,,0,0,Urban,0,,,Light rain,Null
1758691,5910305,19971,,524002,0,,0,2,,East,2008/2009,KIWI ESPLANADE,SHORTT AVENUE,,Non-Injury Crash,No,2009,,East,,0,,Flat,,,,,,Dark,721700,0,0,0,2,,,0,,,,,,Auckland Region,Nil,2-way,Sealed,,0,0,,50,,On,0,0,,76,Auckland,Unknown,,,,,0,0,Urban,0,,,Light rain,Null
1753583,5945802,19972,,505906,0,,0,1,,South,2008/2009,WHANGAPARAOA ROAD,BLUE HERON RISE,,Non-Injury Crash,No,2009,,South,,0,,Flat,,,,,,Overcast,173805,0,0,0,1,,,0,,,,,,Auckland Region,Nil,2-way,Sealed,,0,0,,60,,Off,1,0,,76,Auckland,Nil,,,,,0,0,Urban,0,,,Fine,Null
1719758,6045507,19973,,503100,0,,0,2,,Null,2008/2009,CARRUTH ST,HANNAH ST,,Non-Injury Crash,No,2009,,West,,0,,Flat,,,,,,Bright sun,99904,0,0,0,2,,,0,,,,,,Northland Region,Nil,2-way,Sealed,,0,0,,50,,Null,0,0,,2,Whangarei District,Stop,,,,,0,0,Urban,0,,,Fine,Null
1434896,5006091,19974,,600826,0,0,0,1,0,East,2008/2009,CORMACKS-KIA ORA ROAD,FORTIFICATION ROAD,,Serious Crash,No,2009,0,West,0,0,1,Hill Road,0,,0,,0,Dark,2829602,1,0,0,2,0,0,0,0,0,,0,1,Otago Region,Nil,2-way,Sealed,0,0,1,0,100,0,None,0,0,,68,Waitaki District,Unknown,0,0,0,0,0,0,Open,0,0,0,Light rain,Null
1760989,5919814,19975,,516400,0,0,0,1,1,South,2009/2010,NGAPIPI ROAD,TAMAKI DRIVE,,Non-Injury Crash,No,2009,0,South,0,0,0,Flat,0,,0,,0,Overcast,496900,0,0,0,2,0,0,0,0,0,,0,0,Auckland Region,Nil,2-way,Sealed,0,0,0,0,50,0,Off,0,0,,76,Auckland,Nil,0,0,0,0,0,0,Urban,0,0,0,Light rain,Null
1765662,5901407,19976,,524604,0,,0,3,,Null,2009/2010,ROSCOMMON ROAD,BROWNS ROAD,,Non-Injury Crash,No,2009,,South,,0,,Flat,,,,,,Twilight,781302,0,0,0,5,,,0,,,,,,Auckland Region,Nil,2-way,Sealed,,0,0,,50,,Off,0,0,,76,Auckland,Traffic Signals,,,,,0,0,Urban,0,,,Fine,Null
1749284,5429470,19977,,572900,0,0,0,1,0,North,2008/2009,THORNDON QUAY,DAVIS ST,,Non-Injury Crash,No,2009,0,South,0,0,0,Flat,0,,0,,0,Overcast,2118400,0,0,0,2,0,0,0,0,1,,0,0,Wellington Region,Nil,2-way,Sealed,0,0,0,0,50,0,Null,0,0,,47,Wellington City,Nil,0,0,0,0,0,0,Urban,1,0,0,Fine,Null
1751666,5432840,19978,,574303,0,,0,1,,North,2008/2009,SH 1N,TYERS ROAD,,Non-Injury Crash,Yes,2009,,North,,0,,Hill Road,,,,,,Dark,2088705,0,0,0,2,,,0,,,,,,Wellington Region,Nil,2-way,Sealed,,0,0,,80,,On,0,0,,47,Wellington City,Nil,,,,,1,0,Open,0,,,Light rain,Null
1406072,4914739,19979,,604410,0,,0,2,,Null,2008/2009,BROUGHTON ST,LORNE ST,,Non-Injury Crash,No,2009,,West,,0,,Flat,,,,,,Overcast,2931600,0,0,0,2,,,0,,,,,,Otago Region,Nil,2-way,Sealed,,0,0,,50,,Null,0,0,,71,Dunedin City,Give way,,,,,0,0,Urban,0,,,Fine,Null
1746198,5920244,19980,,513301,0,,0,2,,East,2008/2009,SH 16,LINCOLN OFF WBD,,Non-Injury Crash,Yes,2009,,West,,0,,Flat,,,,,,Bright sun,230301,0,0,0,2,,,0,,,,,,Auckland Region,Nil,1-way,Sealed,,0,0,,100,,Off,0,0,,76,Auckland,Nil,,,,,0,0,Open,0,,,Fine,Null
1751567,5915197,19981,,514401,0,0,0,1,0,South,2009/2010,BLOCKHOUSE BAY ROAD,NEW NORTH ROAD,,Non-Injury Crash,No,2009,0,North,0,0,0,Flat,0,,0,,0,Bright sun,380001,0,0,0,3,0,0,0,0,0,,0,0,Auckland Region,Nil,2-way,Sealed,0,0,0,0,50,0,Off,0,0,,76,Auckland,Nil,0,0,0,0,0,0,Urban,1,1,0,Fine,Null
1882596,5773025,19982,,539600,0,,0,2,,Null,2009/2010,FORD ROAD,BELLINGHAM CRESCENT S,,Non-Injury Crash,No,2009,,West,,0,,Hill Road,,,,,,Bright sun,1228500,0,0,0,2,,,0,,,,,,Bay of Plenty Region,Nil,2-way,Sealed,,0,0,,50,,Null,0,0,,24,Rotorua District,Give way,,,,,0,0,Urban,0,,,Fine,Null
1799613,5815671,19983,,528800,0,,0,2,,Null,2009/2010,HALL ST,NORTON ROAD,,Non-Injury Crash,No,2009,,North,,0,,Flat,,,,,,Dark,904700,0,0,0,4,,,0,,,,,,Waikato Region,Nil,2-way,Sealed,,0,0,,50,,On,0,0,,16,Hamilton City,Traffic Signals,,,,,0,0,Urban,0,,,Light rain,Null
1755492,5929002,19984,,508320,0,0,0,1,0,Null,2008/2009,TRISTRAM AVENUE,TRISTRAM ON NBD,,Non-Injury Crash,Yes,2009,0,East,0,0,0,Flat,0,,0,,0,Dark,198500,0,0,0,6,0,0,0,0,0,,0,0,Auckland Region,Motorway ramp,2-way,Sealed,0,0,0,0,50,0,On,0,0,,76,Auckland,Traffic Signals,0,1,0,0,0,0,Urban,0,0,0,Fine,Null
1823930,5529300,19985,,563200,0,,0,2,,Null,2008/2009,RUAHINE ST,FRANKLIN AVENUE,,Non-Injury Crash,No,2009,,North,,0,,Flat,,,,,,Overcast,1848900,0,0,0,2,,,0,,,,,,Manawatū-Whanganui Region,Nil,2-way,Sealed,,0,0,,50,,Null,0,0,,40,Palmerston North City,Give way,,,,,0,0,Urban,0,,,Fine,Null
1767416,5471857,19986,,565903,0,0,0,1,0,Null,2009/2010,GOLF ROAD,NATHAN AVENUE,,Non-Injury Crash,No,2009,0,East,0,0,0,Flat,0,,0,,0,Twilight,2002100,0,0,0,2,0,0,0,0,0,,0,1,Wellington Region,Nil,2-way,Sealed,0,0,0,0,50,0,On,0,0,30,43,Kapiti Coast District,Give way,0,0,0,0,0,0,Urban,0,0,0,Light rain,Null
1749332,5427082,19987,,573101,0,,0,2,,East,2008/2009,COURTENAY PLACE,CAMBRIDGE TERRACE,,Non-Injury Crash,No,2009,,East,,0,,Flat,,,,,,Overcast,2135700,0,0,0,3,,,0,,,,,,Wellington Region,Nil,2-way,Sealed,,0,0,,50,,Null,0,1,,47,Wellington City,Nil,,,,,0,0,Urban,0,,,Fine,Null
1823652,5900023,19988,,533603,0,0,0,1,0,North,2008/2009,SH 25,POHUE CREEK ROAD,,Non-Injury Crash,Yes,2009,0,South,0,0,0,Flat,0,,0,,0,Bright sun,1056404,0,0,0,2,0,1,0,0,0,,0,0,Waikato Region,Nil,2-way,Sealed,0,0,0,0,100,0,Null,0,0,,11,Thames-Coromandel District,Unknown,0,0,0,0,0,0,Open,0,0,0,Fine,Null
1764318,5912290,19989,,520500,0,,0,3,,North,2009/2010,SH 1N,MT WGTN OFF NBD,,Non-Injury Crash,Yes,2009,,North,,0,,Flat,,,,,,Overcast,639500,0,0,0,2,,,0,,,,,,Auckland Region,Nil,1-way,Sealed,,0,0,,100,,Off,0,0,,76,Auckland,Nil,,,,,0,0,Open,0,,,Fine,Null
1764991,5906812,19990,,522201,0,0,0,3,0,South,2009/2010,SHIRLEY ROAD,CAMBOURNE ROAD,,Non-Injury Crash,No,2009,0,South,0,0,0,Flat,0,,0,,0,Bright sun,661800,0,0,0,2,0,0,0,0,2,,0,0,Auckland Region,Nil,2-way,Sealed,0,0,0,0,50,0,Off,0,0,,76,Auckland,Nil,0,0,0,0,0,0,Urban,0,0,0,Fine,Null
1733720,5929980,19991,,505605,0,,0,2,,East,2009/2010,SH 16,WINTOUR ROAD,,Non-Injury Crash,Yes,2009,,West,,0,,Flat,,,,,,Dark,216105,0,0,0,2,,,0,,,,,,Auckland Region,Nil,2-way,Sealed,,0,0,,100,,None,0,0,,76,Auckland,Unknown,,,,,0,0,Open,0,,,Heavy rain,Null
1815852,5807318,19992,,527133,0,,0,1,,Null,2009/2010,SH 1B,BRUNTWOOD ROAD,,Non-Injury Crash,Yes,2009,,South,,0,,Flat,,,,,,Overcast,958800,0,0,0,2,,,0,,,,,,Waikato Region,Nil,2-way,Sealed,,0,0,,70,,Off,0,0,,17,Waipa District,Stop,,,,,0,0,Urban,0,,,Fine,Null
1751927,5436444,19993,,573514,0,0,0,1,1,South,2009/2010,MIDDLETON ROAD,HALSWATER DRIVE,,Non-Injury Crash,No,2009,0,North,0,0,0,Hill Road,0,,0,,1,Bright sun,2086900,0,0,0,2,0,0,0,0,0,,0,0,Wellington Region,Nil,2-way,Sealed,0,0,0,0,50,0,Null,0,0,,47,Wellington City,Nil,0,0,0,0,0,0,Urban,0,0,0,Fine,Null
1758935,5913204,19994,,519820,0,,0,2,,Null,2009/2010,MOUNT SMART ROAD,ONEHUNGA MALL,,Non-Injury Crash,No,2009,,East,,0,,Flat,,,,,,Overcast,599100,0,0,0,4,,,0,,,,,,Auckland Region,Nil,2-way,Sealed,,0,0,,50,,Off,0,0,,76,Auckland,Traffic Signals,,,,,0,0,Urban,0,,,Fine,Null
1571133,5179156,19995,,594600,0,,0,2,,Null,2008/2009,MOORHOUSE AVENUE,GASSON ST,,Non-Injury Crash,No,2009,,East,,0,,Flat,,,,,,Dark,2617601,0,0,0,3,,,0,,,,,,Canterbury Region,Nil,2-way,Sealed,,0,0,,50,,On,0,0,,60,Christchurch City,Traffic Signals,,,,,0,0,Urban,0,,,Heavy rain,Null
1758893,5918204,19996,,516101,0,0,0,2,0,East,2008/2009,MIDDLETON ROAD,ADA ST,,Non-Injury Crash,No,2009,0,West,0,0,0,Flat,0,,0,,0,Dark,481400,0,0,0,2,0,0,0,0,1,,0,0,Auckland Region,Nil,2-way,Sealed,0,0,0,0,50,0,On,0,0,,76,Auckland,Unknown,0,0,0,0,0,0,Urban,0,0,0,Fine,Null
1747294,5910684,19997,,512000,0,0,0,1,0,Null,2009/2010,ATKINSON ROAD,HUIA ROAD,,Non-Injury Crash,No,2009,0,North,0,0,0,Flat,0,,0,,0,Bright sun,296800,0,0,0,2,0,0,0,0,1,,0,0,Auckland Region,Nil,2-way,Sealed,0,0,0,0,50,0,Off,1,0,,76,Auckland,Give way,0,0,0,0,0,0,Urban,0,0,0,Fine,Null
1718777,6048279,19998,,502600,0,,0,1,,Null,2009/2010,SH 1N,PERCY ST,,Non-Injury Crash,Yes,2009,,North,,0,,Flat,,,,,,Dark,94500,0,0,0,2,,,0,,,,,,Northland Region,Nil,2-way,Sealed,,0,0,,50,,On,1,0,,2,Whangarei District,Stop,,,,,0,0,Urban,0,,,Fine,Null
1774708,5896017,19999,,525510,0,,0,2,,Null,2008/2009,DOMINION ROAD,SETTLEMENT ROAD,,Non-Injury Crash,No,2009,,North,,0,,Flat,,,,,,Bright sun,801002,0,0,0,2,,,0,,,,,,Auckland Region,Nil,2-way,Sealed,,0,0,,50,,Off,0,0,,76,Auckland,Give way,,,,,0,0,Urban,0,,,Fine,Null
1748331,5919095,20000,,514801,0,,0,2,,Null,2009/2010,SH 16,PATIKI OFF EBD,,Non-Injury Crash,Yes,2009,,East,,0,,Flat,,,,,,Bright sun,389300,0,0,0,3,,,0,,,,,,Auckland Region,Nil,1-way,Sealed,,0,0,,100,,Off,0,0,,76,Auckland,Nil,,,,,0,0,Open,0,,,Fine,Null
1745598,5920597,20001,,513301,0,,0,2,,North,2006/2007,LINCOLN OFF WBD,SH 16,,Minor Crash,Yes,2006,,West,,0,,Hill Road,,,,,,Dark,230301,1,0,0,1,,,0,,,,,,Auckland Region,Motorway ramp,1-way,Sealed,,0,0,,100,,On,0,0,,76,Auckland,Nil,,,,,0,0,Open,0,,,Light rain,Null
1752880,5914966,20002,,517902,0,,0,1,,East,2006/2007,HENDON AVENUE,BARRYMORE ROAD,,Minor Crash,No,2006,,East,,0,,Flat,,,,,,Bright sun,518700,1,0,0,2,,,0,,,1,,,Auckland Region,Nil,2-way,Sealed,,0,0,,50,,Null,0,0,,76,Auckland,Unknown,,,,,0,0,Urban,0,,,Fine,Null
1892385,5811824,20003,,538502,0,0,0,2,0,East,2006/2007,HOOKEY DRIVE,WASHER PLACE,,Non-Injury Crash,No,2006,0,West,0,0,0,Flat,0,,0,,0,Overcast,1216800,0,0,0,2,0,0,0,0,1,,0,0,Bay of Plenty Region,Nil,2-way,Sealed,0,0,0,0,50,0,Off,0,0,,22,Western Bay of Plenty District,Nil,0,0,0,0,0,0,Urban,0,0,0,Fine,Null
1795601,5777360,20004,,531303,0,0,0,1,1,North,2006/2007,OURUWHERO ROAD,PEACOCK ROAD,,Minor Crash,No,2006,0,South,0,0,1,Flat,0,,0,,0,Overcast,995200,1,0,0,2,0,0,0,0,0,,0,0,Waikato Region,Nil,2-way,Sealed,0,0,0,0,100,0,Null,0,0,,18,Ōtorohanga District,Unknown,0,0,0,0,0,0,Open,0,0,0,Light rain,Null
1763718,5909667,20005,,521901,0,,0,2,,South,2006/2007,NIKAU ROAD,STATION ROAD,,Minor Crash,No,2006,,South,,0,,Hill Road,,,,,,Dark,782900,2,0,0,2,,,0,,,,,,Auckland Region,Nil,2-way,Sealed,,0,0,,50,,None,0,0,,76,Auckland,Nil,,,,,0,0,Urban,0,,,Fine,Null
1758528,5926411,20006,,508020,0,,0,1,,South,2005/2006,LAKE ROAD,NAPIER AVENUE,,Non-Injury Crash,No,2006,,North,,0,,Flat,,,,,,Bright sun,325500,0,0,0,4,,,0,,,,,,Auckland Region,Nil,2-way,Sealed,,0,0,,50,,Off,0,0,,76,Auckland,Nil,,,,,0,0,Urban,1,,,Fine,Null