X,Y,OBJECTID,advisorySpeed,areaUnitID,bicycle,bridge,bus,carStationWagon,cliffBank,crashDirectionDescription,crashFinancialYear,crashLocation1,crashLocation2,crashRoadSideRoad,crashSeverity,crashSHDescription,crashYear,debris,directionRoleDescription,ditch,fatalCount,fence,flatHill,guardRail,holiday,houseOrBuilding,intersection,kerb,light,meshblockId,minorInjuryCount,moped,motorcycle,NumberOfLanes,objectThrownOrDropped,otherObject,otherVehicleType,overBank,parkedVehicle,pedestrian,phoneBoxEtc,postOrPole,region,roadCharacter,roadLane,roadSurface,roadworks,schoolBus,seriousInjuryCount,slipOrFlood,speedLimit,strayAnimal,streetLight,suv,taxi,temporarySpeedLimit,tlaId,tlaName,trafficControl,trafficIsland,trafficSign,train,tree,truck,unknownVehicleType,urban,vanOrUtility,vehicle,waterRiver,weatherA,weatherB
1745039,5914104,20007,,512905,0,,0,2,,Null,2005/2006,PARRS CROSS ROAD,WEST COAST ROAD,,Minor Crash,No,2006,,South,,0,,Flat,,,,,,Bright sun,278904,2,0,0,4,,,0,,,,,,Auckland Region,Nil,2-way,Sealed,,0,0,,50,,Null,0,0,,76,Auckland,Give way,,,,,0,0,Urban,0,,,Fine,Null
1917985,5649713,20008,,545911,0,0,0,0,0,North,2006/2007,SH 5,BEATTIE ROAD,,Minor Crash,Yes,2006,0,South,0,0,0,Hill Road,1,,0,,0,Overcast,1415900,1,0,0,2,0,0,0,1,0,,0,0,Hawke's Bay Region,Nil,2-way,Sealed,0,0,0,0,100,0,Null,1,0,70,30,Hastings District,Nil,0,0,0,0,0,0,Open,0,0,0,Heavy rain,Null
1766027,5907751,20009,,523402,0,0,0,1,0,North,2005/2006,SH 1N,OTARA OFF SBD,,Minor Crash,Yes,2006,0,South,0,0,0,Flat,1,Queens Birthday,0,,0,Dark,699200,2,0,0,3,0,0,0,0,0,,0,0,Auckland Region,Nil,1-way,Sealed,0,0,0,0,100,0,On,0,0,,76,Auckland,Nil,0,0,0,0,0,0,Open,0,0,0,Fine,Null
1770653,5879356,20010,35,525922,0,0,0,1,0,East,2006/2007,YATES ROAD,STATION ROAD,,Non-Injury Crash,No,2006,0,South,0,0,0,Flat,1,,0,,0,Dark,827100,0,0,0,2,0,0,0,0,0,,0,0,Auckland Region,Nil,2-way,Sealed,0,0,0,0,100,0,None,0,0,,76,Auckland,Nil,0,0,0,0,0,0,Open,0,0,0,Fine,Null
1830071,5869697,20011,,533901,0,,0,1,,North,2006/2007,HAURAKI ROAD,SH 2,,Minor Crash,No,2006,,North,,0,,Flat,,,,,,Bright sun,1065000,1,0,0,2,,,0,,,,,,Waikato Region,Nil,2-way,Sealed,,0,0,,100,,None,0,0,,12,Hauraki District,Nil,,,,,0,0,Open,0,,,Fine,Null
1822136,5529653,20012,,562800,0,,0,0,,East,2005/2006,SH 3,PRINCESS ST,,Minor Crash,Yes,2006,,East,,0,,Flat,,,,,,Bright sun,1829600,1,0,0,4,,,0,,,1,,,Manawatū-Whanganui Region,Nil,2-way,Sealed,,0,0,,50,,Null,0,0,,40,Palmerston North City,Nil,,,,,0,0,Urban,1,,,Fine,Null
1635082,5285898,20013,,585601,0,0,0,1,1,North,2006/2007,SH 1S,CLAVERLEY ROAD,,Minor Crash,Yes,2006,0,South,0,0,0,Hill Road,0,,0,,0,Overcast,2310800,1,0,0,2,0,0,0,0,0,,0,0,Canterbury Region,Nil,2-way,Sealed,0,0,0,0,100,0,Null,0,0,,58,Hurunui District,Unknown,0,0,0,0,0,0,Open,0,0,0,Light rain,Null
1771269,5444513,20014,,567600,0,0,0,2,0,Null,2005/2006,FERGUSSON DRIVE,MERTON ST,,Minor Crash,No,2006,0,North,0,0,1,Flat,0,,0,,0,Overcast,1891100,1,0,0,2,0,0,0,0,0,,0,0,Wellington Region,Nil,2-way,Sealed,0,0,0,0,50,0,Null,0,0,,45,Upper Hutt City,Give way,0,0,0,0,0,0,Urban,0,0,0,Fine,Null
1565555,5180037,20015,,590200,0,,0,1,,Null,2005/2006,RICCARTON ROAD,HANSONS LANE,,Minor Crash,No,2006,,West,,0,,Flat,,,,,,Overcast,2540400,1,0,0,5,,,0,,,,,,Canterbury Region,Nil,2-way,Sealed,,0,0,,50,,Null,1,0,,60,Christchurch City,Traffic Signals,,,,,0,0,Urban,0,,,Light rain,Null
1757740,5918258,20016,,514302,0,,0,1,,South,2006/2007,SH 1N,KHYBER PASS ON SBD,,Non-Injury Crash,Yes,2006,,South,,0,,Flat,,,,,,Overcast,442100,0,0,0,4,,,0,,,,,,Auckland Region,Nil,1-way,Sealed,,0,0,,100,,Off,0,0,,76,Auckland,Nil,,,,,0,0,Open,1,,,Fine,Null
1675397,6064443,20017,,501634,0,,0,1,,North,2006/2007,SH 15,TOKAWHERO ROAD,,Minor Crash,Yes,2006,,North,,0,,Flat,,,,,,Dark,40501,1,0,0,2,,,0,,,,,,Northland Region,Nil,2-way,Sealed,,0,0,,100,,None,0,0,,1,Far North District,Nil,,,,,0,0,Open,1,,,Light rain,Null
1242871,4850296,20018,,610800,0,0,0,4,0,West,2006/2007,GALA ST,DEVERON ST,,Minor Crash,No,2006,0,West,0,0,0,Flat,0,,0,,0,Bright sun,3117000,2,0,0,2,0,0,0,0,0,,0,0,Southland Region,Nil,2-way,Sealed,0,0,0,0,50,0,Null,1,0,,75,Invercargill City,Unknown,0,0,0,0,0,0,Urban,0,1,0,Fine,Frost
1715277,5613755,20019,85,554113,0,1,0,0,0,West,2005/2006,SH 3,HUNTS ROAD,,Fatal Crash,Yes,2006,0,East,0,1,0,Hill Road,0,,0,,0,Bright sun,1651100,0,0,1,2,0,0,0,0,0,,0,0,Taranaki Region,Bridge,2-way,Sealed,0,0,0,0,100,0,Null,0,0,,35,South Taranaki District,Nil,0,0,0,0,1,0,Open,0,0,0,Fine,Null
1756233,5918868,20020,,515500,0,,0,2,,West,2006/2007,SH 16,NEWTON OBR,,Minor Crash,Yes,2006,,East,,0,,Flat,,,,,,Overcast,417700,1,0,0,4,,,0,,,,,,Auckland Region,Nil,1-way,Sealed,,0,0,,100,,Off,0,0,80,76,Auckland,Nil,,,,,0,0,Open,0,,,Fine,Null
1880184,5820882,20021,,538000,0,,0,1,,West,2006/2007,MAUNGATAPU ROAD,TAIPARI ST,,Non-Injury Crash,No,2006,,West,,0,,Flat,,,,,,Bright sun,1178400,0,0,0,2,,,0,,,,,,Bay of Plenty Region,Nil,2-way,Sealed,,0,0,,50,,Off,0,0,,23,Tauranga City,Nil,,,,,0,0,Urban,1,,,Fine,Null
1460749,5082647,20022,,599500,0,0,0,2,0,Null,2005/2006,SOPHIA ST,CHURCH ST,,Minor Crash,No,2006,0,West,0,0,0,Flat,0,,0,,0,Overcast,2792900,1,0,0,2,0,0,0,0,0,,0,0,Canterbury Region,Nil,2-way,Sealed,0,0,0,0,50,0,Null,0,0,,64,Timaru District,Give way,0,1,0,0,0,0,Urban,0,0,0,Fine,Null
1310618,5113220,20023,,585325,0,,0,0,,Null,2005/2006,SH 6,FANTAIL FALLS,,Serious Crash,Yes,2006,,North,,0,,Hill Road,,,,,,Bright sun,2416603,0,0,2,2,,,0,,,,,,West Coast Region,Nil,2-way,Sealed,,0,1,,100,,Null,0,0,,57,Westland District,Nil,,,,,0,0,Open,0,,,Fine,Null
1568644,5178751,20024,,590900,0,,0,0,,Null,2005/2006,LINCOLN ROAD,WISE ST,,Minor Crash,No,2006,,South,,0,,Flat,,,,,,Overcast,2476100,1,0,1,2,,,0,,,,,,Canterbury Region,Nil,2-way,Sealed,,0,0,,50,,Null,1,0,,60,Christchurch City,Nil,,,,,0,0,Urban,0,,,Fine,Null
1745266,5919380,20025,,513301,0,0,0,2,0,Null,2005/2006,LINCOLN ROAD,POINSETTIA PLACE,,Minor Crash,No,2006,0,North,0,0,1,Flat,0,,0,,0,Dark,230601,2,0,0,4,0,0,0,0,0,,0,0,Auckland Region,Nil,2-way,Sealed,0,0,0,0,50,0,On,0,0,,76,Auckland,Give way,0,0,0,0,0,0,Urban,0,0,0,Fine,Null
1755709,5918351,20026,,515500,0,,0,1,,West,2006/2007,SH 16,NEWTON OFF EBD,,Non-Injury Crash,Yes,2006,,East,,0,,Flat,,,,,,Overcast,419400,0,0,0,4,,,0,,,,,,Auckland Region,Nil,1-way,Sealed,,0,0,,100,,Off,1,0,80,76,Auckland,Nil,,,,,0,0,Open,0,,,Fine,Null
1819912,5529363,20027,,562310,1,,0,0,,Null,2006/2007,BOTANICAL ROAD,FEATHERSTON ST,,Minor Crash,No,2006,,South,,0,,Flat,,,,,,Bright sun,1822300,1,0,0,2,,,0,,,,,,Manawatū-Whanganui Region,Nil,2-way,Sealed,,0,0,,50,,Null,0,0,,40,Palmerston North City,Traffic Signals,,,,,0,0,Urban,1,,,Fine,Null
1748582,5424165,20028,,576200,0,,0,1,,South,2006/2007,ADELAIDE ROAD,LUXFORD ST,,Serious Crash,No,2006,,North,,0,,Flat,,,,,,Dark,2171800,0,0,0,2,,,0,,,1,,,Wellington Region,Nil,2-way,Sealed,,0,1,,50,,On,0,0,,47,Wellington City,Nil,,,,,0,0,Urban,0,,,Light rain,Null
1762376,5916516,20029,,516302,0,0,0,0,0,North,2005/2006,GRAND DRIVE,WINHALL RISE,,Minor Crash,No,2006,0,North,0,0,0,Flat,0,,0,,1,Dark,463400,3,0,0,2,0,0,0,0,0,,0,0,Auckland Region,Nil,2-way,Sealed,0,0,0,0,50,0,On,0,0,,76,Auckland,Unknown,0,0,0,0,0,0,Urban,1,0,0,Fine,Null
1747962,5913660,20030,,511100,0,,0,1,,North,2006/2007,WEST COAST ROAD,RUA ROAD,,Minor Crash,No,2006,,West,,0,,Hill Road,,Christmas New Year,,,,Overcast,285600,1,0,0,2,,,0,,,1,,,Auckland Region,Nil,2-way,Sealed,,0,0,,50,,Off,0,0,,76,Auckland,Nil,,,,,0,0,Urban,0,,,Fine,Null
1755514,5875870,20031,,526105,0,,0,1,,East,2006/2007,WAIUKU ROAD,COLOMBO ROAD,,Non-Injury Crash,No,2006,,West,,0,,Flat,,,,,,Dark,833205,0,0,0,2,,,0,,,,,,Auckland Region,Nil,2-way,Sealed,,0,0,,100,,None,0,0,,76,Auckland,Unknown,,,,,0,0,Open,0,,,Fine,Null
1932178,5617189,20032,,545631,0,,0,1,,North,2005/2006,SH 50,MEEANEE ROAD,,Serious Crash,Yes,2006,,South,,0,,Flat,,,,,,Bright sun,1402000,3,0,0,2,,,0,,,,,,Hawke's Bay Region,Nil,2-way,Sealed,,0,1,,100,,Null,0,0,,31,Napier City,Nil,,,,,0,0,Open,1,,,Fine,Null
1763419,5909192,20033,,521901,0,,0,2,,Null,2005/2006,WALMSLEY ROAD,HANS ST,,Non-Injury Crash,No,2006,,North,,0,,Flat,,,,,,Dark,783300,0,0,0,4,,,0,,,,,,Auckland Region,Nil,2-way,Sealed,,0,0,,50,,On,0,0,,76,Auckland,Traffic Signals,,,,,0,0,Urban,0,,,Fine,Null
1460144,5082082,20034,,599700,1,,0,1,,South,2005/2006,CAIN ST,NORTH ST,,Minor Crash,No,2006,,South,,0,,Flat,,,,,,Overcast,2798800,1,0,0,2,,,0,,,,,,Canterbury Region,Nil,2-way,Sealed,,0,0,,50,,Null,0,0,,64,Timaru District,Nil,,,,,0,0,Urban,0,,,Fine,Null
1568401,5178552,20035,,590900,1,,0,2,,Null,2006/2007,WHITELEIGH AVENUE,LINCOLN ROAD,,Minor Crash,No,2006,,South,,0,,Flat,,,,,,Dark,2476400,2,0,0,6,,,0,,,,,,Canterbury Region,Nil,2-way,Sealed,,0,0,,50,,On,0,0,,60,Christchurch City,Traffic Signals,,,,,0,0,Urban,0,,,Fine,Null
1755777,5917993,20036,,517500,0,,0,1,,South,2005/2006,NEW NORTH ROAD,STORMONT PLACE,,Non-Injury Crash,No,2006,,North,,0,,Flat,,,,,,Overcast,530900,0,0,0,4,,,0,,,,,,Auckland Region,Nil,2-way,Sealed,,0,0,,50,,Off,0,0,,76,Auckland,Nil,,,,,0,0,Urban,1,,,Light rain,Null
1797961,5814647,20037,,529000,0,,0,2,,Null,2005/2006,SH 23,RIFLE RANGE ROAD,,Non-Injury Crash,Yes,2006,,North,,0,,Flat,,,,,,Dark,917100,0,0,0,2,,,0,,,,,,Waikato Region,Nil,2-way,Sealed,,0,0,,50,,On,0,0,,16,Hamilton City,Give way,,,,,0,0,Urban,0,,,Heavy rain,Null
1623915,6114750,20038,,500302,0,,0,2,,Null,2006/2007,ALLEN BELL DRIVE,SH 1N,,Minor Crash,Yes,2006,,South,,0,,Flat,,Christmas New Year,,,,Bright sun,13900,1,0,0,2,,,0,,,,,,Northland Region,Nil,2-way,Sealed,,0,0,,50,,Off,0,0,,1,Far North District,Stop,,,,,0,0,Urban,0,,,Fine,Null
1244673,4850475,20039,,611001,0,,0,2,,Null,2005/2006,YARROW ST,ISABELLA ST,,Serious Crash,No,2006,,North,,0,,Flat,,,,,,Dark,3131600,1,0,0,2,,,0,,,,,,Southland Region,Nil,2-way,Sealed,,0,1,,50,,On,0,0,,75,Invercargill City,Stop,,,,,0,0,Urban,0,,,Fine,Null
1850790,5769225,20040,,535261,0,0,0,0,0,North,2006/2007,SH 1N,ROLLETT ROAD,,Minor Crash,Yes,2006,0,North,1,0,0,Flat,0,,0,,0,Overcast,1134302,1,0,0,2,0,0,0,0,0,,0,0,Waikato Region,Nil,2-way,Sealed,0,0,0,0,100,0,Null,0,0,,19,South Waikato District,Unknown,0,0,0,1,1,0,Open,0,0,0,Fine,Null
1307439,4912323,20041,,607502,0,0,0,1,0,North,2006/2007,ARDMORE ROAD,WALKER ROAD,,Minor Crash,No,2006,0,South,0,0,1,Flat,0,,0,,0,Bright sun,3012700,1,0,0,2,0,0,0,0,0,,0,0,Otago Region,Nil,2-way,Sealed,0,0,0,0,100,0,Null,0,0,,72,Clutha District,Unknown,0,0,0,1,0,0,Open,0,0,0,Fine,Null
1537949,5156728,20042,,597506,0,,0,1,,Null,2006/2007,SOUTHBRIDGE DUNSANDEL ROA,KINGS ROAD,,Serious Crash,No,2006,,North,,0,,Flat,,,,,,Bright sun,2722600,2,0,0,2,,,0,,,,,,Canterbury Region,Nil,2-way,Sealed,,0,1,,100,,Null,1,0,,62,Selwyn District,Stop,,,,,0,0,Open,0,,,Fine,Null
1243544,4849061,20043,,611220,0,,0,2,,Null,2006/2007,TWEED ST,ELLES ROAD,,Minor Crash,No,2006,,East,,0,,Flat,,,,,,Bright sun,3110100,1,0,0,4,,,0,,,,,,Southland Region,Nil,2-way,Sealed,,0,0,,50,,Null,0,0,,75,Invercargill City,Give way,,,,,0,0,Urban,0,,,Fine,Null
1768851,5914020,20044,,522723,0,,0,2,,Null,2005/2006,CASCADES ROAD,ARCHMILLEN AVENUE,,Non-Injury Crash,No,2006,,North,,0,,Flat,,,,,,Bright sun,681700,0,0,0,2,,,0,,,,,,Auckland Region,Nil,2-way,Sealed,,0,0,,50,,Off,0,0,,76,Auckland,Stop,,,,,0,0,Urban,0,,,Fine,Null
1930935,5613540,20045,,545831,0,,0,2,,Null,2005/2006,SH 50A,LINKS ROAD,,Minor Crash,Yes,2006,,North,,0,,Flat,,Queens Birthday,,,,Bright sun,1404600,2,0,0,2,,,0,,,,,,Hawke's Bay Region,Nil,2-way,Sealed,,0,0,,100,,Null,0,0,,30,Hastings District,Give way,,,,,0,0,Open,0,,,Fine,Null
1756053,5923207,20046,,509800,0,,0,2,,South,2005/2006,SH 1N,STAFFORD OFF NBD,,Non-Injury Crash,Yes,2006,,North,,0,,Hill Road,,,,,,Overcast,359200,0,0,0,4,,,0,,,,,,Auckland Region,Nil,1-way,Sealed,,0,0,,80,,Off,0,0,,76,Auckland,Nil,,,,,0,0,Open,0,,,Heavy rain,Null
1805100,5790827,20047,,531003,0,0,0,1,0,West,2006/2007,CAMBRIDGE ROAD,PEKERAU CRESCENT,,Fatal Crash,No,2006,0,East,0,1,1,Flat,0,,0,,0,Dark,968800,0,0,0,2,0,0,0,0,0,,0,1,Waikato Region,Nil,2-way,Sealed,0,0,0,0,50,0,On,0,0,,17,Waipa District,Give way,0,0,0,1,0,0,Urban,0,0,0,Fine,Null
1767121,5918839,20048,,516900,0,0,0,2,0,East,2005/2006,RIDDELL ROAD,GRANTHAM ROAD,,Non-Injury Crash,No,2006,0,North,0,0,0,Flat,0,,0,,0,Bright sun,468700,0,0,0,2,0,0,0,0,1,,0,0,Auckland Region,Nil,2-way,Sealed,0,0,0,0,50,0,Null,0,0,,76,Auckland,Unknown,0,0,0,0,0,0,Urban,0,0,0,Fine,Null
1802023,5816950,20049,,530000,0,,0,2,,North,2005/2006,FIFTH AVENUE,PEACHGROVE ROAD,,Non-Injury Crash,No,2006,,North,,0,,Flat,,,,,,Overcast,867200,0,0,0,2,,,0,,,,,,Waikato Region,Nil,2-way,Sealed,,0,0,,50,,Null,0,0,,16,Hamilton City,Unknown,,,,,0,0,Urban,0,,,Fine,Null
1882327,5773783,20050,,539600,0,,0,2,,Null,2005/2006,SUNSET ROAD,FORD ROAD,,Minor Crash,No,2006,,West,,0,,Flat,,,,,,Bright sun,1229100,1,0,0,2,,,0,,,,,,Bay of Plenty Region,Nil,2-way,Sealed,,0,0,,50,,Null,0,0,,24,Rotorua District,Give way,,,,,0,0,Urban,0,,,Fine,Null
1803786,5790677,20051,,531002,0,,0,1,,Null,2006/2007,ALEXANDRA ST,MUTU ST,,Non-Injury Crash,No,2006,,South,,0,,Flat,,,,,,Dark,973000,0,0,0,2,,,0,,,,,,Waikato Region,Nil,2-way,Sealed,,0,0,,50,,On,1,0,,17,Waipa District,Give way,,,,,0,0,Urban,0,,,Fine,Null
1800703,5816588,20052,,529900,0,0,0,1,0,West,2006/2007,BOUNDARY ROAD,CASEY AVENUE,,Minor Crash,No,2006,0,East,0,0,0,Flat,0,,0,,0,Bright sun,864000,1,0,0,2,0,0,0,0,1,,0,0,Waikato Region,Nil,2-way,Sealed,0,0,0,0,50,0,Off,0,0,,16,Hamilton City,Nil,0,0,0,0,0,0,Urban,1,0,0,Fine,Null
1752552,5916954,20053,,517800,1,,0,0,,Null,2005/2006,CARRINGTON ROAD,WOODWARD ROAD,,Minor Crash,No,2006,,North,,0,,Flat,,,,,,Bright sun,525500,1,0,0,2,,,0,,,,,,Auckland Region,Nil,2-way,Sealed,,0,0,,50,,Off,0,0,,76,Auckland,Give way,,,,,1,0,Urban,0,,,Fine,Null
1768283,5908305,20054,,523711,0,,0,2,,North,2005/2006,EAST TAMAKI ROAD,BIRMINGHAM ROAD,,Non-Injury Crash,No,2006,,South,,0,,Flat,,,,,,Overcast,712303,0,0,0,2,,,0,,,,,,Auckland Region,Nil,2-way,Sealed,,0,0,,50,,Off,0,0,,76,Auckland,Traffic Signals,,,,,0,0,Urban,0,,,Light rain,Null
1842992,5815205,20055,,535220,0,,0,2,,North,2005/2006,SH 27,POHLEN ROAD,,Serious Crash,Yes,2006,,South,,0,,Flat,,,,,,Bright sun,1117000,0,0,0,2,,,0,,,,,,Waikato Region,Nil,2-way,Sealed,,0,1,,100,,Null,0,0,,15,Matamata-Piako District,Unknown,,,,,0,0,Open,0,,,Fine,Null
1408648,4914103,20056,,604612,0,0,0,2,0,West,2006/2007,TOMAHAWK ROAD,MINTO ST N,,Minor Crash,No,2006,0,East,0,0,1,Hill Road,0,,0,,0,Dark,2935802,1,0,0,2,0,0,0,0,1,,0,0,Otago Region,Nil,2-way,Sealed,0,0,0,0,50,0,On,0,0,,71,Dunedin City,Unknown,0,0,0,0,0,0,Urban,0,0,0,Fine,Null
1795586,5824812,20057,,527123,0,0,0,0,0,South,2005/2006,RIVER ROAD,PATERSON ROAD,,Minor Crash,No,2006,0,South,0,0,1,Hill Road,0,,0,,0,Bright sun,952900,1,0,0,2,0,0,0,0,0,,0,0,Waikato Region,Nil,2-way,Sealed,0,0,0,0,100,0,Null,0,0,,13,Waikato District,Unknown,0,0,0,0,0,0,Open,1,0,0,Fine,Null
1298452,5043147,20058,,608304,0,0,0,1,1,East,2006/2007,SH 6,HALLIDAY ROAD,,Minor Crash,Yes,2006,0,West,0,0,0,Flat,0,,0,,0,Dark,3030917,1,0,0,2,0,0,0,0,0,,0,0,Otago Region,Nil,2-way,Sealed,0,0,0,0,100,0,None,0,0,,70,Queenstown-Lakes District,Unknown,0,0,0,0,0,0,Open,0,0,0,Light rain,Null
1769035,5914778,20059,,522730,0,0,0,1,0,Null,2006/2007,FORTUNES ROAD,PRINCE REGENT DRIVE,,Minor Crash,No,2006,0,East,0,0,0,Flat,0,Labour Weekend,0,,0,Overcast,679808,2,0,0,2,0,0,0,0,0,,0,1,Auckland Region,Nil,2-way,Sealed,0,0,0,0,50,0,Off,0,0,,76,Auckland,Nil,0,0,0,0,0,0,Urban,0,0,0,Light rain,Null
1699388,6095089,20060,,501100,1,,0,1,,Null,2005/2006,SH 11,SCHOOL ROAD,,Minor Crash,Yes,2006,,North,,0,,Flat,,,,,,Bright sun,54300,2,0,0,2,,,0,,,,,,Northland Region,Nil,2-way,Sealed,,0,0,,50,,Off,0,0,,1,Far North District,Give way,,,,,0,0,Urban,0,,,Fine,Null
1769071,5908741,20061,,523113,0,0,0,3,0,West,2006/2007,EAST TAMAKI ROAD,ACCENT DRIVE,,Serious Crash,No,2006,0,East,0,0,0,Flat,0,Labour Weekend,0,,0,Dark,711801,1,0,0,2,0,0,0,0,1,2,0,0,Auckland Region,Nil,2-way,Sealed,0,0,1,0,50,0,On,0,0,,76,Auckland,Unknown,0,0,0,0,0,0,Urban,0,0,0,Light rain,Null
1754088,5912996,20062,,518901,0,,0,2,,Null,2005/2006,PENNEY AVENUE,BOYCE AVENUE E,,Non-Injury Crash,No,2006,,West,,0,,Flat,,,,,,Bright sun,586000,0,0,0,2,,,0,,,,,,Auckland Region,Nil,2-way,Sealed,,0,0,,50,,Off,0,0,,76,Auckland,Give way,,,,,0,0,Urban,0,,,Fine,Null
1758168,5926435,20063,,508020,0,,0,3,,Null,2005/2006,ESMONDE ROAD,ELDON ST,,Non-Injury Crash,No,2006,,West,,0,,Flat,,,,,,Bright sun,325300,0,0,0,5,,,0,,,,,,Auckland Region,Nil,2-way,Sealed,,0,0,,50,,Off,1,0,,76,Auckland,Nil,,,,,0,0,Urban,0,,,Fine,Null
1930286,5606255,20064,,547600,0,,0,1,,Null,2006/2007,TOMOANA ROAD,CORNWALL ROAD,,Minor Crash,No,2006,,South,,0,,Flat,,,,,,Bright sun,1484300,1,0,0,2,,,0,,,1,,,Hawke's Bay Region,Nil,2-way,Sealed,,0,0,,50,,Null,0,0,,30,Hastings District,Nil,,,,,0,0,Urban,0,,,Fine,Null
1676478,6086019,20065,80,501632,0,,0,1,,West,2006/2007,REMUERA SETTLEMENT ROAD,HARIRU ROAD,,Fatal Crash,No,2006,,West,,1,,Flat,,,,,,Bright sun,35000,2,0,0,2,,,0,,,,,,Northland Region,Nil,2-way,Unsealed,,0,1,,100,,None,0,0,,1,Far North District,Nil,,,,,0,0,Open,0,,,Fine,Null
1767768,5883376,20066,,521111,0,,0,1,,Null,2006/2007,HEIGHTS ROAD,BEATTY ROAD,,Non-Injury Crash,No,2006,,North,,0,,Flat,,,,,,Dark,826601,0,0,0,2,,,0,,,,,,Auckland Region,Nil,2-way,Sealed,,0,0,,70,,On,0,0,,76,Auckland,Give way,,,,,0,0,Urban,0,,,Light rain,Null
1876887,5826341,20067,,537201,0,0,0,2,0,West,2005/2006,TUPAEA PLACE,OTUMOETAI ROAD,,Non-Injury Crash,No,2006,0,West,0,0,0,Flat,0,,0,,0,Overcast,1154701,0,0,0,2,0,0,0,0,1,,0,0,Bay of Plenty Region,Nil,2-way,Sealed,0,0,0,0,50,0,Null,0,0,,23,Tauranga City,Unknown,0,0,0,0,0,0,Urban,0,0,0,Fine,Null
1750263,5915496,20068,,514802,0,,0,1,,Null,2006/2007,CANAL ROAD,WAIRAU AVENUE,,Minor Crash,No,2006,,East,,0,,Flat,,,,,,Overcast,387100,1,0,0,2,,,0,,,,,,Auckland Region,Nil,2-way,Sealed,,0,0,,50,,Off,0,0,,76,Auckland,Stop,,,,,0,0,Urban,1,,,Fine,Null
1804474,5790863,20069,,531003,0,0,0,1,0,North,2005/2006,SH 3,BOND ROAD,,Non-Injury Crash,Yes,2006,0,South,0,0,0,Flat,0,Easter,0,,0,Dark,968301,0,0,0,2,0,0,0,0,0,,0,0,Waikato Region,Nil,2-way,Sealed,0,0,0,0,50,0,On,0,0,,17,Waipa District,Unknown,0,1,0,0,0,0,Urban,0,0,0,Mist or Fog,Null
1885172,5773658,20070,,540420,0,,0,2,,Null,2006/2007,SH 30A,FENTON ST,,Non-Injury Crash,Yes,2006,,West,,0,,Flat,,,,,,Dark,1236500,0,0,0,4,,,0,,,,,,Bay of Plenty Region,Nil,2-way,Sealed,,0,0,,50,,On,1,0,,24,Rotorua District,Traffic Signals,,,,,0,0,Urban,0,,,Light rain,Null
1758442,5917624,20071,,516001,0,0,0,1,0,South,2006/2007,SH 1N,GILLIES ON NBD,,Serious Crash,Yes,2006,0,North,0,0,0,Flat,2,,0,,0,Dark,490800,2,0,0,3,0,0,0,0,0,1,0,0,Auckland Region,Nil,1-way,Sealed,0,0,2,0,80,0,On,1,0,,76,Auckland,Nil,0,0,0,0,1,0,Open,0,0,0,Fine,Null
1874733,5807479,20072,,536630,0,,0,1,,South,2006/2007,SH 36,WILLIAMS ROAD,,Serious Crash,Yes,2006,,South,,0,,Flat,,,,,,Overcast,1192604,1,0,0,2,,,0,,,,,,Bay of Plenty Region,Nil,2-way,Sealed,,0,1,,100,,Null,0,0,,22,Western Bay of Plenty District,Unknown,,,,,0,0,Open,1,,,Fine,Null
1760181,5916856,20073,,516102,0,0,0,1,0,West,2006/2007,REMUERA ROAD,CLONBERN ROAD,,Non-Injury Crash,No,2006,0,East,0,0,0,Flat,0,,0,,0,Overcast,485200,0,0,1,4,0,0,0,0,0,,0,0,Auckland Region,Nil,2-way,Sealed,0,0,0,0,50,0,Off,0,0,,76,Auckland,Nil,0,0,0,0,0,0,Urban,0,1,0,Fine,Null
1767306,5905112,20074,,524603,0,0,0,1,0,Null,2006/2007,GREAT SOUTH ROAD,RYAN PLACE,,Serious Crash,No,2006,0,South,0,0,0,Flat,0,,0,,0,Dark,780304,0,0,0,4,0,0,0,0,0,,0,0,Auckland Region,Nil,2-way,Sealed,0,0,1,0,50,0,On,0,0,,76,Auckland,Nil,0,0,0,1,0,0,Urban,0,0,0,Heavy rain,Null
1677924,5402450,20075,,580420,0,,0,1,,South,2006/2007,BATTYS ROAD,WATERS AVENUE,,Serious Crash,No,2006,,South,,0,,Flat,,,,,,Overcast,2288000,1,0,0,2,,,0,,,,,,Marlborough Region,Nil,2-way,Sealed,,0,1,,80,,Null,1,1,,53,Marlborough District,Nil,,,,,0,0,Open,0,,,Fine,Null
1774146,5896529,20076,,525620,0,,0,2,,Null,2006/2007,SHEEHAN AVENUE,KELVIN ROAD,,Non-Injury Crash,No,2006,,South,,0,,Flat,,,,,,Overcast,798200,0,0,0,2,,,0,,,,,,Auckland Region,Nil,2-way,Sealed,,0,0,,50,,Off,0,0,,76,Auckland,Give way,,,,,0,0,Urban,0,,,Fine,Null
1709755,6075928,20077,,501620,0,,1,0,,North,2006/2007,TAPUHI ROAD,MORGANS ROAD,,Minor Crash,No,2006,,North,,0,,Flat,,,,,,Bright sun,45200,2,0,0,1,,,0,,,,,,Northland Region,Nil,2-way,Unsealed,,0,0,,100,,Null,1,0,,1,Far North District,Unknown,,,,,0,0,Open,0,,,Fine,Null