X,Y,OBJECTID,advisorySpeed,areaUnitID,bicycle,bridge,bus,carStationWagon,cliffBank,crashDirectionDescription,crashFinancialYear,crashLocation1,crashLocation2,crashRoadSideRoad,crashSeverity,crashSHDescription,crashYear,debris,directionRoleDescription,ditch,fatalCount,fence,flatHill,guardRail,holiday,houseOrBuilding,intersection,kerb,light,meshblockId,minorInjuryCount,moped,motorcycle,NumberOfLanes,objectThrownOrDropped,otherObject,otherVehicleType,overBank,parkedVehicle,pedestrian,phoneBoxEtc,postOrPole,region,roadCharacter,roadLane,roadSurface,roadworks,schoolBus,seriousInjuryCount,slipOrFlood,speedLimit,strayAnimal,streetLight,suv,taxi,temporarySpeedLimit,tlaId,tlaName,trafficControl,trafficIsland,trafficSign,train,tree,truck,unknownVehicleType,urban,vanOrUtility,vehicle,waterRiver,weatherA,weatherB
1766534,5899852,20078,,524713,0,,0,2,,West,2006/2007,WEYMOUTH ROAD,JOHN WALKER DRIVE,,Non-Injury Crash,No,2006,,East,,0,,Hill Road,,,,,,Overcast,775824,0,0,0,2,,,0,,,,,,Auckland Region,Nil,2-way,Sealed,,0,0,,50,,Off,0,0,,76,Auckland,Traffic Signals,,,,,0,0,Urban,0,,,Fine,Null
1757935,5920784,20079,,514101,0,0,1,1,0,Null,2006/2007,ANZAC AVENUE,BEACH ROAD,,Minor Crash,No,2006,0,South,0,0,0,Flat,0,,0,,0,Dark,438212,1,0,0,2,0,0,0,0,0,,0,0,Auckland Region,Nil,2-way,Sealed,0,0,0,0,50,0,On,0,0,,76,Auckland,Give way,0,0,0,1,0,0,Urban,0,0,0,Fine,Null
1768530,5903216,20080,,524602,0,,0,1,,North,2005/2006,SH 1N,ORAMS OBR,,Non-Injury Crash,Yes,2006,,North,,0,,Flat,,,,,,Dark,780508,0,0,0,3,,,0,,,,,,Auckland Region,Nil,1-way,Sealed,,0,0,,100,,On,0,0,,76,Auckland,Nil,,,,,0,0,Open,0,,,Light rain,Null
1748259,5426858,20081,,573101,0,,0,1,,North,2006/2007,WILLIS ST,ARO ST,,Serious Crash,No,2006,,North,,0,,Flat,,,,,,Dark,2132900,0,0,0,2,,,0,,,1,,,Wellington Region,Nil,2-way,Sealed,,0,1,,50,,On,0,0,,47,Wellington City,Nil,,,,,0,0,Urban,0,,,Fine,Null
1759535,5910253,20082,,524002,0,0,0,1,0,Null,2005/2006,RIMU OFF SBD,MAHUNGA DRIVE,,Non-Injury Crash,Yes,2006,0,South,0,0,0,Hill Road,1,,0,,0,Overcast,722400,0,0,0,2,0,0,0,0,0,,0,0,Auckland Region,Nil,2-way,Sealed,0,0,0,0,50,0,Off,0,0,,76,Auckland,Nil,0,0,0,0,0,0,Urban,0,0,0,Fine,Null
1885153,5773133,20083,,540600,0,,0,2,,Null,2006/2007,FENTON ST,MALFROY ROAD,,Non-Injury Crash,No,2006,,North,,0,,Flat,,,,,,Bright sun,1243100,0,0,0,2,,,0,,,,,,Bay of Plenty Region,Nil,2-way,Sealed,,0,0,,50,,Off,0,0,,24,Rotorua District,Nil,,,,,0,0,Urban,0,,,Null,Null
1797599,5819015,20084,,528403,0,,0,2,,South,2005/2006,TE RAPA ROAD,NORTHWAY ST,,Non-Injury Crash,No,2006,,North,,0,,Flat,,,,,,Overcast,907700,0,0,0,2,,,0,,,,,,Waikato Region,Nil,2-way,Sealed,,0,0,,60,,Off,0,0,,16,Hamilton City,Nil,,,,,0,0,Urban,0,,,Fine,Null
1769271,5881050,20085,,525910,0,,0,1,,South,2005/2006,MASSEY AVENUE,MANUKAU ROAD,,Serious Crash,No,2006,,South,,0,,Flat,,,,,,Dark,819000,1,0,1,2,,,0,,,,,,Auckland Region,Nil,2-way,Sealed,,0,1,,50,,On,0,0,,76,Auckland,Unknown,,,,,0,0,Urban,0,,,Fine,Null
1752878,5924750,20086,,510401,0,,0,2,,West,2005/2006,MOKOIA ROAD,CHELSEA VIEW DRIVE,,Non-Injury Crash,No,2006,,West,,0,,Flat,,Easter,,,,Bright sun,355300,0,0,0,2,,,0,,,,,,Auckland Region,Nil,2-way,Sealed,,0,0,,50,,Off,0,0,,76,Auckland,Nil,,,,,0,0,Urban,0,,,Fine,Null
1842707,5667366,20087,,541501,0,,0,0,,South,2005/2006,SH 1N,SH 46,,Non-Injury Crash,Yes,2006,,South,,0,,Hill Road,,,,,,Bright sun,1288900,0,0,0,2,,,0,,,,,,Waikato Region,Nil,2-way,Sealed,,0,0,,100,,Null,0,0,,21,Taupo District,Unknown,,,,,0,0,Open,1,,,Fine,Null
1754192,5913956,20088,,518802,0,0,0,4,0,North,2005/2006,SH 20,CAVENDISH ON SBD,,Serious Crash,Yes,2006,0,North,0,0,0,Flat,1,,0,,0,Bright sun,579100,2,0,0,4,0,0,0,0,0,,0,0,Auckland Region,Nil,2-way,Sealed,0,0,1,0,100,0,Null,0,0,,76,Auckland,Unknown,0,0,0,0,1,0,Open,0,0,0,Fine,Null
1730438,5994023,20089,,505010,0,0,0,0,1,North,2005/2006,SH 1N,SCHISKA ROAD,,Non-Injury Crash,Yes,2006,0,South,1,0,0,Hill Road,0,,0,,0,Overcast,135003,0,0,0,3,0,0,0,0,0,,0,0,Northland Region,Nil,2-way,Sealed,0,0,0,0,100,0,None,0,0,,3,Kaipara District,Nil,0,0,0,0,0,0,Open,1,0,0,Light rain,Null
1746773,5918782,20090,,512401,0,,1,1,,South,2005/2006,Z CPK FOODTOWN,EDMONTON ROAD,,Non-Injury Crash,No,2006,,West,,0,,Flat,,,,,,Overcast,255600,0,0,0,0,,,0,,,,,,Auckland Region,Nil,Off road,Sealed,,0,0,,30,,Off,0,0,,76,Auckland,Nil,,,,,0,0,Urban,0,,,Fine,Null
1767729,5913583,20091,,522820,0,,0,3,,Null,2005/2006,PAKURANGA ROAD,GRAMMAR SCHOOL ROAD,,Serious Crash,No,2006,,East,,0,,Flat,,,,,,Overcast,695002,0,0,0,6,,,0,,,,,,Auckland Region,Nil,2-way,Sealed,,0,1,,60,,Off,0,0,,76,Auckland,Nil,,,,,0,0,Urban,0,,,Light rain,Null
1765045,5911751,20092,,520500,0,0,0,1,0,East,2006/2007,PANAMA ROAD,CARBINE ROAD,,Non-Injury Crash,No,2006,0,East,0,0,0,Flat,0,,0,,0,Dark,635700,0,0,0,2,0,0,0,0,1,,0,0,Auckland Region,Nil,2-way,Sealed,0,0,0,0,50,0,On,0,0,,76,Auckland,Nil,0,0,0,0,0,0,Urban,1,0,0,Fine,Null
1753169,5930036,20093,,508803,0,,0,2,,Null,2005/2006,ALBANY HIGHWAY,UNSWORTH DRIVE,,Non-Injury Crash,No,2006,,South,,0,,Flat,,,,,,Overcast,180855,0,0,0,3,,,0,,,,,,Auckland Region,Nil,2-way,Sealed,,0,0,,70,,Off,0,0,,76,Auckland,Give way,,,,,0,0,Urban,0,,,Fine,Null
1717834,6043768,20094,,503800,0,0,0,1,0,Null,2005/2006,MURDOCH CRESCENT,WHAKA ST,,Non-Injury Crash,No,2006,0,West,0,0,0,Hill Road,0,,1,,1,Dark,107700,0,0,0,2,0,0,0,0,0,,0,1,Northland Region,Nil,2-way,Sealed,0,0,0,0,50,0,On,0,0,,2,Whangarei District,Give way,0,0,0,0,0,0,Urban,0,0,0,Light rain,Null
1801739,5817514,20095,,529502,0,,0,1,,Null,2006/2007,PEACHGROVE ROAD,MARDON ROAD,,Minor Crash,No,2006,,South,,0,,Flat,,,,,,Bright sun,874600,3,0,0,2,,,0,,,,,,Waikato Region,Nil,2-way,Sealed,,0,0,,50,,Off,0,0,,16,Hamilton City,Stop,,,,,0,0,Urban,1,,,Fine,Null
1753838,5918357,20096,,515431,0,,0,0,,Null,2006/2007,GREAT NORTH ROAD,ST LUKES ROAD,,Non-Injury Crash,No,2006,,North,,0,,Flat,,,,,,Bright sun,406300,0,0,0,4,,,0,,,,,,Auckland Region,Nil,2-way,Sealed,,0,0,,50,,Off,1,0,,76,Auckland,Traffic Signals,,,,,0,0,Urban,1,,,Fine,Null
1755873,5921141,20097,,515202,0,,0,2,,North,2006/2007,SH 1N,FANSHAWE OFF SBD,,Non-Injury Crash,Yes,2006,,South,,0,,Flat,,,,,,Dark,425600,0,0,0,4,,,0,,,,,,Auckland Region,Nil,2-way,Sealed,,0,0,,80,,On,0,0,,76,Auckland,Nil,,,,,0,0,Open,0,,,Fine,Null
1876992,5821327,20098,,537500,0,,0,1,,South,2005/2006,CAMERON ROAD,TWENTYTHIRD AVENUE,,Non-Injury Crash,No,2006,,North,,0,,Flat,,,,,,Overcast,1171500,0,0,0,2,,,0,,,,,,Bay of Plenty Region,Nil,2-way,Sealed,,0,0,,50,,Null,0,0,,23,Tauranga City,Unknown,,,,,0,0,Urban,1,,,Fine,Null
1756725,5927490,20099,,507900,0,,0,2,,East,2005/2006,NORTHCOTE ROAD,TAHAROTO ROAD,,Non-Injury Crash,No,2006,,West,,0,,Flat,,,,,,Overcast,304500,0,0,0,3,,,0,,,,,,Auckland Region,Nil,2-way,Sealed,,0,0,,50,,Off,0,0,,76,Auckland,Nil,,,,,0,0,Urban,0,,,Fine,Null
1882209,5827738,20100,,536821,0,0,0,1,0,Null,2006/2007,TWEED ST,MAUNGANUI ROAD,,Non-Injury Crash,No,2006,0,South,0,0,1,Flat,0,,0,,0,Dark,1197400,0,0,0,2,0,0,0,0,0,,0,0,Bay of Plenty Region,Nil,2-way,Sealed,0,0,0,0,50,0,On,0,0,,23,Tauranga City,Give way,0,0,0,0,0,0,Urban,0,0,0,Heavy rain,Null
1874957,5811830,20101,,536630,0,,0,2,,South,2005/2006,SH 36,JOYCE ROAD,,Non-Injury Crash,Yes,2006,,North,,0,,Hill Road,,,,,,Bright sun,1192900,0,0,0,2,,,0,,,,,,Bay of Plenty Region,Nil,2-way,Sealed,,0,0,,100,,Null,0,0,,22,Western Bay of Plenty District,Unknown,,,,,0,0,Open,0,,,Fine,Null
1755668,5917937,20102,,517500,0,,1,1,,West,2006/2007,NEW NORTH ROAD,BOND ST,,Non-Injury Crash,No,2006,,North,,0,,Flat,,,,,,Bright sun,531300,0,0,0,2,,,0,,,,,,Auckland Region,Nil,2-way,Sealed,,0,0,,50,,None,0,0,,76,Auckland,Nil,,,,,0,0,Urban,0,,,Fine,Null
1747396,5911598,20103,,511901,0,0,0,2,0,South,2005/2006,ATKINSON ROAD,WOODFERN CRESCENT N,,Non-Injury Crash,No,2006,0,East,0,0,0,Flat,0,,0,,0,Bright sun,294702,0,0,0,2,0,0,0,0,1,,0,0,Auckland Region,Nil,2-way,Sealed,0,0,0,0,50,0,Off,0,0,,76,Auckland,Nil,0,0,0,0,0,0,Urban,0,0,0,Fine,Null
1800392,5818437,20104,,529800,0,0,0,2,0,West,2006/2007,OPAL PLACE,BANKWOOD ROAD,,Non-Injury Crash,No,2006,0,East,0,0,0,Flat,0,,0,,0,Overcast,871300,0,0,0,2,0,0,0,0,1,,0,0,Waikato Region,Nil,2-way,Sealed,0,0,0,0,50,0,Null,0,0,,16,Hamilton City,Unknown,0,0,0,0,0,0,Urban,0,0,0,Fine,Null
1765984,5908259,20105,,523402,0,,0,2,,West,2005/2006,BAIRDS ROAD,ASHTON AVENUE,,Non-Injury Crash,No,2006,,East,,0,,Flat,,,,,,Bright sun,698900,0,0,0,2,,,0,,,,,,Auckland Region,Nil,2-way,Sealed,,0,0,,50,,Null,0,0,20,76,Auckland,Nil,,,,,0,0,Urban,0,,,Fine,Null
1683556,6101496,20106,,501633,0,0,0,1,0,West,2006/2007,PUKETOTARA ROAD,SH 10,,Non-Injury Crash,No,2006,0,East,0,0,1,Flat,0,,0,,0,Overcast,44703,0,0,0,2,0,0,0,0,0,,0,0,Northland Region,Nil,2-way,Sealed,0,0,0,0,100,0,None,0,0,,1,Far North District,Nil,0,0,0,1,0,0,Open,0,0,0,Fine,Null
1752250,5930071,20107,,509100,0,,0,1,,South,2005/2006,UPPER HARBOUR DRIVE,ALBANY HIGHWAY,,Non-Injury Crash,No,2006,,North,,0,,Flat,,Queens Birthday,,,,Dark,181200,0,0,0,2,,,0,,,,,,Auckland Region,Nil,2-way,Sealed,,0,0,,70,,On,1,0,,76,Auckland,Nil,,,,,0,0,Urban,0,,,Fine,Null
1777922,5911644,20108,,523202,0,,0,3,,Null,2006/2007,WHITFORD-MARAETAI ROAD,WAIKOPUA ROAD,,Non-Injury Crash,No,2006,,East,,0,,Hill Road,,,,,,Bright sun,718300,0,0,0,2,,,0,,,,,,Auckland Region,Nil,2-way,Sealed,,0,0,,100,,Off,0,0,,76,Auckland,Give way,,,,,0,0,Open,0,,,Fine,Null
1752736,5924746,20109,,510402,0,,0,1,,East,2005/2006,MOKOIA ROAD,WAIPA ST,,Non-Injury Crash,No,2006,,West,,0,,Flat,,,,,,Twilight,352500,0,0,0,2,,,0,,,,,,Auckland Region,Nil,2-way,Sealed,,0,0,,50,,Off,0,0,,76,Auckland,Stop,,,,,0,0,Urban,1,,,Fine,Null
1756536,5926923,20110,,507900,0,,0,3,,South,2005/2006,SH 1N,NORTHCOTE OBR,,Non-Injury Crash,Yes,2006,,South,,0,,Flat,,,,,,Overcast,303502,0,0,0,3,,,0,,,,,,Auckland Region,Nil,2-way,Sealed,,0,0,,80,,Off,0,0,,76,Auckland,Nil,,,,,0,0,Open,0,,,Fine,Null
1748752,5911993,20111,,511902,0,0,0,3,0,East,2005/2006,GOLF ROAD,SOUTH LYNN ROAD,,Non-Injury Crash,No,2006,0,East,0,0,0,Flat,0,,0,,0,Bright sun,291400,0,0,0,2,0,0,0,0,1,,0,0,Auckland Region,Nil,2-way,Sealed,0,0,0,0,50,0,Off,0,0,,76,Auckland,Nil,0,0,0,0,0,0,Urban,0,0,0,Fine,Null
1765630,5906883,20112,,522301,1,,0,1,,South,2005/2006,GREAT SOUTH ROAD,KOLMAR ROAD,,Non-Injury Crash,No,2006,,South,,0,,Flat,,,,,,Dark,666900,0,0,0,2,,,0,,,,,,Auckland Region,Nil,2-way,Sealed,,0,0,,50,,On,0,0,,76,Auckland,Nil,,,,,0,0,Urban,0,,,Fine,Null
1529612,5162683,20113,,597506,0,0,0,1,0,South,2005/2006,SH 1S,SHEATS ROAD,,Minor Crash,Yes,2006,0,South,0,0,1,Flat,0,,0,,0,Overcast,2727100,1,0,0,3,0,0,0,0,0,,0,0,Canterbury Region,Nil,2-way,Sealed,0,0,0,0,100,0,Null,0,0,,62,Selwyn District,Unknown,0,0,0,1,0,0,Open,0,0,0,Fine,Null
1790663,5840061,20114,,527402,0,,0,2,,Null,2005/2006,SH 1N,TAINUI BRIDGE ROAD,,Non-Injury Crash,Yes,2006,,North,,0,,Flat,,,,,,Dark,947100,0,0,0,2,,,0,,,,,,Waikato Region,Nil,2-way,Sealed,,0,0,,50,,On,0,0,,13,Waikato District,Traffic Signals,,,,,0,0,Urban,0,,,Fine,Null
1756612,5875462,20115,,526106,0,0,0,1,1,Null,2005/2006,KIDD ROAD,MASTERS ROAD,,Non-Injury Crash,No,2006,0,East,1,0,0,Flat,0,,0,,0,Dark,833102,0,0,0,1,0,0,0,0,0,,0,0,Waikato Region,Nil,2-way,Sealed,0,0,0,0,100,0,None,0,0,,13,Waikato District,Nil,0,0,0,0,0,0,Open,0,0,0,Light rain,Null
1709717,6003032,20116,,505010,0,,0,0,,North,2005/2006,SH 12,STERLING ROAD,,Minor Crash,Yes,2006,,East,,0,,Hill Road,,,,,,Bright sun,130801,1,0,0,2,,,0,,,,,,Northland Region,Nil,2-way,Sealed,,0,0,,100,,None,1,0,,3,Kaipara District,Nil,,,,,0,0,Open,0,,,Fine,Null
1758111,5915486,20117,,519300,0,0,0,2,0,Null,2005/2006,GREEN LANE WEST,MANUKAU ROAD,,Non-Injury Crash,No,2006,0,North,0,0,0,Flat,0,,0,,0,Overcast,623100,0,0,0,2,0,0,0,0,0,,0,0,Auckland Region,Nil,2-way,Sealed,0,0,0,0,50,0,Off,0,0,,76,Auckland,Traffic Signals,0,0,0,0,0,0,Urban,0,1,0,Light rain,Null
1754402,5916739,20118,,517701,0,0,0,1,0,East,2005/2006,Z CPK ST LUKES,ST LUKES ROAD,,Non-Injury Crash,No,2006,0,South,0,0,0,Flat,0,,0,,0,Bright sun,536100,0,0,0,1,0,0,0,0,1,,0,0,Auckland Region,Nil,Off road,Sealed,0,0,0,0,30,0,Off,0,0,,76,Auckland,Nil,0,0,0,0,1,0,Urban,0,0,0,Fine,Null
1779669,5904990,20119,,525201,0,0,0,1,0,North,2005/2006,TWILIGHT ROAD,NORTH ROAD,,Non-Injury Crash,No,2006,0,North,0,0,0,Hill Road,0,,0,,0,Dark,763202,0,0,0,2,0,0,0,0,0,,0,0,Auckland Region,Nil,2-way,Sealed,0,0,0,0,100,0,None,0,0,,76,Auckland,Unknown,0,0,0,1,0,0,Open,0,0,0,Fine,Null
1719609,6045539,20120,,503100,0,,0,0,,South,2005/2006,CAMERON ST,WALTON ST,,Non-Injury Crash,No,2006,,North,,0,,Flat,,,,,,Overcast,99904,0,0,0,2,,,0,,,,,,Northland Region,Nil,2-way,Sealed,,0,0,,50,,Off,0,0,,2,Whangarei District,Nil,,,,,1,0,Urban,1,,,Fine,Null
1744879,5921300,20121,,513530,0,0,0,1,0,West,2006/2007,SH 16,LINCOLN OBR,,Non-Injury Crash,Yes,2006,0,East,0,0,0,Flat,1,,0,,0,Overcast,226302,0,0,0,2,0,0,0,0,0,,0,0,Auckland Region,Nil,1-way,Sealed,0,0,0,0,100,0,Off,0,0,,76,Auckland,Nil,0,0,0,0,0,0,Open,0,0,0,Fine,Null
1770527,5898755,20122,,523920,0,,0,1,,North,2006/2007,GREAT SOUTH ROAD,TAKA ST,,Non-Injury Crash,No,2006,,South,,0,,Flat,,,,,,Dark,768008,0,0,0,2,,,0,,,,,,Auckland Region,Nil,2-way,Sealed,,0,0,,50,,On,0,0,,76,Auckland,Nil,,,,,1,0,Urban,0,,,Fine,Null
1680936,6092942,20123,,501633,0,0,0,0,1,North,2006/2007,WAIMATE NORTH ROAD,OKOKAKO ROAD,,Non-Injury Crash,No,2006,0,East,0,0,0,Hill Road,0,,0,,0,Twilight,34400,0,0,0,1,0,0,0,0,0,,0,0,Northland Region,Nil,2-way,Unsealed,0,0,0,0,100,0,None,1,0,,1,Far North District,Nil,0,0,0,0,0,0,Open,0,0,0,Fine,Null
1705196,6021705,20124,,501811,0,0,0,0,0,East,2006/2007,MITITAI ROAD,PIKIWAHINE ROAD,,Non-Injury Crash,No,2006,0,West,0,0,1,Hill Road,0,,0,,0,Bright sun,76902,0,0,0,2,0,0,0,0,0,,0,0,Northland Region,Nil,2-way,Unsealed,0,0,0,0,100,0,None,0,0,,2,Whangarei District,Nil,0,0,0,1,0,0,Open,1,0,0,Fine,Null
1755044,5929206,20125,,508420,0,,0,2,,Null,2006/2007,WAIRAU ROAD,TARGET ROAD,,Non-Injury Crash,No,2006,,West,,0,,Hill Road,,,,,,Dark,183800,0,0,0,5,,,0,,,,,,Auckland Region,Nil,2-way,Sealed,,0,0,,50,,On,0,0,,76,Auckland,Traffic Signals,,,,,0,0,Urban,0,,,Fine,Null
1750209,5914279,20126,,511303,0,,0,2,,Null,2006/2007,GREAT NORTH ROAD,VERONICA ST,,Non-Injury Crash,No,2006,,East,,0,,Flat,,,,,,Bright sun,266200,0,0,0,5,,,0,,,,,,Auckland Region,Nil,2-way,Sealed,,0,0,,50,,Off,0,0,,76,Auckland,Traffic Signals,,,,,0,0,Urban,0,,,Fine,Null
1658829,6075594,20127,,500802,0,,0,2,,Null,2006/2007,SH 12,TAHEKE BR,,Non-Injury Crash,Yes,2006,,South,,0,,Flat,,,,,,Overcast,22500,0,0,0,1,,,0,,,,,,Northland Region,Bridge,1-way,Sealed,,0,0,,100,,None,0,0,,1,Far North District,Give way,,,,,0,0,Open,0,,,Light rain,Null
1765519,5887095,20128,,521122,0,,0,1,,Null,2006/2007,OSTRICH ROAD,GLENBROOK ROAD,,Non-Injury Crash,No,2006,,North,,0,,Flat,,,,,,Bright sun,809900,0,0,0,2,,,0,,,,,,Auckland Region,Nil,2-way,Sealed,,0,0,,100,,Off,0,0,,76,Auckland,Stop,,,,,1,0,Open,0,,,Fine,Null
1764696,5905894,20129,,522201,0,,0,2,,North,2005/2006,SHIRLEY ROAD,CORONATION ROAD,,Non-Injury Crash,No,2006,,North,,0,,Flat,,Easter,,,,Overcast,662100,0,0,0,1,,,0,,,,,,Auckland Region,Nil,2-way,Sealed,,0,0,,50,,Off,0,0,,76,Auckland,Nil,,,,,0,0,Urban,0,,,Fine,Null
1765149,5909772,20130,,521803,0,,0,0,,South,2006/2007,SH 1N,PRINCES OBR,,Non-Injury Crash,Yes,2006,,South,,0,,Flat,,,,,,Dark,788300,0,0,0,3,,,0,,,,,,Auckland Region,Nil,1-way,Sealed,,0,0,,80,,On,0,0,,76,Auckland,Nil,,,,,1,0,Open,2,,,Fine,Null
1755534,5933913,20131,,507300,0,0,0,2,0,West,2006/2007,KNIGHTS ROAD,KNIGHTS CLOSE,,Non-Injury Crash,No,2006,0,East,0,0,0,Flat,0,,0,,0,Bright sun,155604,0,0,0,2,0,0,0,0,1,,0,0,Auckland Region,Nil,2-way,Sealed,0,0,0,0,50,0,Off,0,0,,76,Auckland,Nil,0,0,0,0,0,0,Urban,0,0,0,Fine,Null
1752490,5926294,20132,,510220,0,,0,2,,North,2006/2007,VERBENA ROAD,CASTLETON ST,,Serious Crash,No,2006,,North,,0,,Hill Road,,,,,,Twilight,350203,2,0,0,2,,,0,,,,,,Auckland Region,Nil,2-way,Sealed,,0,2,,50,,Off,0,0,,76,Auckland,Nil,,,,,0,0,Urban,0,,,Light rain,Null
1752682,5913007,20133,,514700,0,,0,2,,West,2006/2007,TERRY ST,BOUNDARY ROAD,,Non-Injury Crash,No,2006,,East,,0,,Hill Road,,,,,,Bright sun,370600,0,0,0,2,,,0,,,,,,Auckland Region,Nil,2-way,Sealed,,0,0,,50,,Off,0,0,,76,Auckland,Nil,,,,,0,0,Urban,0,,,Fine,Null
1771060,5899187,20134,,523911,0,,0,1,,Null,2005/2006,MANUROA ROAD,TAKANINI SCHOOL ROAD,,Non-Injury Crash,No,2006,,East,,0,,Flat,,,,,,Bright sun,766800,0,0,0,2,,,0,,,,,,Auckland Region,Nil,2-way,Sealed,,0,0,,50,,Off,0,0,,76,Auckland,Stop,,,,,1,0,Urban,0,,,Fine,Null
1762030,5914766,20135,,520201,0,0,0,1,0,West,2006/2007,ELLERSLIE-PANMURE HIGHWAY,ELLERSLIE PARK ROAD,,Non-Injury Crash,No,2006,0,East,0,0,0,Flat,1,Christmas New Year,0,,0,Dark,610601,0,0,0,4,0,0,0,0,0,,0,0,Auckland Region,Nil,2-way,Sealed,0,0,0,0,50,0,On,0,0,,76,Auckland,Nil,0,0,0,0,0,0,Urban,0,0,0,Fine,Null
1798119,5818358,20136,,528403,0,,0,1,,Null,2006/2007,TE RAPA ROAD,MAHANA ROAD,,Minor Crash,No,2006,,South,,0,,Flat,,,,,,Overcast,907900,1,0,1,4,,,0,,,,,,Waikato Region,Nil,2-way,Sealed,,0,0,,60,,Off,0,0,,16,Hamilton City,Nil,,,,,0,0,Urban,0,,,Fine,Null
1770512,5911132,20137,,523109,0,0,0,1,0,South,2006/2007,Z CPK BOTANY DOWNS,TI RAKAU DRIVE,,Non-Injury Crash,No,2006,0,East,0,0,0,Flat,0,,0,,0,Bright sun,711709,0,0,0,1,0,0,0,0,1,,0,0,Auckland Region,Nil,Off road,Sealed,0,0,0,0,50,0,Off,0,0,,76,Auckland,Nil,0,0,0,0,1,0,Urban,0,0,0,Fine,Null
1768721,5904540,20138,,523722,0,,0,0,,West,2006/2007,REDOUBT ROAD,HOLLYFORD DRIVE,,Non-Injury Crash,No,2006,,West,,0,,Flat,,,,,,Bright sun,715917,0,0,0,4,,,0,,,,,,Auckland Region,Nil,2-way,Sealed,,0,0,,50,,Off,0,0,,76,Auckland,Nil,,,,,1,0,Urban,1,,,Fine,Null
1758075,5917881,20139,,515700,0,,0,1,,South,2006/2007,SH 1N,MOUNTAIN OBR,,Non-Injury Crash,Yes,2006,,South,,0,,Flat,,,,,,Bright sun,443200,0,0,0,3,,,0,,,,,,Auckland Region,Nil,1-way,Sealed,,0,0,,80,,Off,0,0,,76,Auckland,Nil,,,,,0,0,Open,1,,,Fine,Null
1756712,5919120,20140,,514200,0,0,0,2,0,West,2005/2006,IAN MCKINNON DRIVE,UPPER QUEEN ST,,Fatal Crash,No,2006,0,East,0,1,1,Flat,0,,0,,0,Dark,412600,1,0,0,4,0,0,0,0,0,,0,0,Auckland Region,Nil,2-way,Sealed,0,0,2,0,70,0,On,0,0,,76,Auckland,Nil,0,0,0,0,0,0,Urban,0,0,0,Light rain,Null
1757374,5918802,20141,,514302,0,0,0,1,0,East,2005/2006,SH 1N,GRAFTON OBR,,Non-Injury Crash,Yes,2006,0,North,0,0,0,Hill Road,1,Easter,0,,0,Dark,441700,0,0,0,2,0,0,0,0,0,,0,0,Auckland Region,Nil,1-way,Sealed,0,0,0,0,80,0,On,0,0,,76,Auckland,Nil,0,0,0,0,0,0,Open,0,0,0,Fine,Null
1754853,5916224,20142,,517702,0,,0,2,,North,2005/2006,SANDRINGHAM ROAD,JASON AVENUE,,Non-Injury Crash,No,2006,,North,,0,,Flat,,,,,,Overcast,540400,0,0,0,4,,,0,,,,,,Auckland Region,Nil,2-way,Sealed,,0,0,,50,,Off,0,0,,76,Auckland,Nil,,,,,0,0,Urban,0,,,Light rain,Null
1772330,5896745,20143,,525420,0,0,0,1,1,Null,2006/2007,COLES CRESCENT,GILLS AVENUE,,Non-Injury Crash,No,2006,0,West,0,0,0,Flat,0,,0,,0,Overcast,791300,0,0,0,2,0,0,0,0,0,,0,0,Auckland Region,Nil,2-way,Sealed,0,0,0,0,50,0,Off,0,0,,76,Auckland,Give way,0,0,0,0,0,0,Urban,0,0,0,Light rain,Null
1758252,5918402,20144,,517400,0,,0,1,,Null,2005/2006,KHYBER PASS ROAD,CROWHURST ST,,Serious Crash,No,2006,,East,,0,,Flat,,,,,,Dark,450100,0,0,1,4,,,0,,,,,,Auckland Region,Nil,2-way,Sealed,,0,1,,50,,On,0,0,,76,Auckland,Traffic Signals,,,,,0,0,Urban,0,,,Fine,Null
1766967,5903715,20145,,524604,0,,0,2,,Null,2006/2007,WIRI STATION ROAD,LAMBIE DRIVE,,Non-Injury Crash,No,2006,,East,,0,,Flat,,,,,,Bright sun,780210,0,0,0,2,,,0,,,,,,Auckland Region,Nil,2-way,Sealed,,0,0,,70,,Off,0,0,,76,Auckland,Traffic Signals,,,,,0,0,Urban,0,,,Fine,Null
1904831,5737877,20146,,542550,0,0,0,1,1,South,2006/2007,GOUDIES ROAD,SH 38,,Non-Injury Crash,No,2006,0,North,0,0,0,Flat,0,,0,,0,Bright sun,1280503,0,0,0,2,0,0,0,0,0,,0,0,Bay of Plenty Region,Nil,2-way,Unsealed,0,0,0,0,100,0,None,0,0,,25,Whakatane District,Nil,0,0,0,0,0,0,Open,0,0,0,Fine,Null
1720279,6045045,20147,,503100,0,,0,1,,East,2006/2007,Z CPK THE WAREHOUSE,OKARA DRIVE,,Non-Injury Crash,No,2006,,East,,0,,Flat,,,,,,Overcast,101700,0,0,0,0,,,0,,,,,,Northland Region,Nil,Off road,Sealed,,0,0,,30,,Null,0,0,,2,Whangarei District,Unknown,,,,,0,0,Urban,1,,,Fine,Null
1743788,5919227,20148,,513213,0,,0,2,,Null,2005/2006,SWANSON ROAD,METCALFE ROAD,,Serious Crash,No,2006,,North,,0,,Flat,,,,,,Dark,235803,0,0,0,2,,,0,,,,,,Auckland Region,Nil,2-way,Sealed,,0,1,,50,,On,0,0,,76,Auckland,Give way,,,,,0,0,Urban,0,,,Fine,Null
1754625,5913894,20149,,518803,0,,0,1,,Null,2006/2007,MAY ROAD,DENBIGH AVENUE,,Non-Injury Crash,No,2006,,East,,0,,Flat,,,,,,Bright sun,581700,0,0,0,2,,,0,,,,,,Auckland Region,Nil,2-way,Sealed,,0,0,,50,,Off,0,0,,76,Auckland,Give way,,,,,0,0,Urban,1,,,Fine,Null