X,Y,OBJECTID,advisorySpeed,areaUnitID,bicycle,bridge,bus,carStationWagon,cliffBank,crashDirectionDescription,crashFinancialYear,crashLocation1,crashLocation2,crashRoadSideRoad,crashSeverity,crashSHDescription,crashYear,debris,directionRoleDescription,ditch,fatalCount,fence,flatHill,guardRail,holiday,houseOrBuilding,intersection,kerb,light,meshblockId,minorInjuryCount,moped,motorcycle,NumberOfLanes,objectThrownOrDropped,otherObject,otherVehicleType,overBank,parkedVehicle,pedestrian,phoneBoxEtc,postOrPole,region,roadCharacter,roadLane,roadSurface,roadworks,schoolBus,seriousInjuryCount,slipOrFlood,speedLimit,strayAnimal,streetLight,suv,taxi,temporarySpeedLimit,tlaId,tlaName,trafficControl,trafficIsland,trafficSign,train,tree,truck,unknownVehicleType,urban,vanOrUtility,vehicle,waterRiver,weatherA,weatherB
1767593,5904613,20150,,524604,0,,0,2,,South,2005/2006,GREAT SOUTH ROAD,BAKERFIELD PLACE,,Non-Injury Crash,No,2006,,North,,0,,Flat,,,,,,Bright sun,780302,0,0,0,2,,,0,,,,,,Auckland Region,Nil,1-way,Sealed,,0,0,,50,,None,0,0,,76,Auckland,Nil,,,,,0,0,Urban,0,,,Fine,Null
1757113,5925575,20151,,509702,0,,0,3,,North,2006/2007,ESMONDE ON SBD,SH 1N,,Minor Crash,Yes,2006,,South,,0,,Flat,,,,,,Overcast,364602,1,0,0,1,,,0,,,,,,Auckland Region,Motorway ramp,1-way,Sealed,,0,0,,100,,Off,0,0,,76,Auckland,Nil,,,,,0,0,Open,0,,,Fine,Null
1883684,5773423,20152,,539700,0,0,0,0,0,North,2006/2007,SH 5,KONENE ST,,Non-Injury Crash,Yes,2006,0,North,0,0,0,Flat,0,,0,,0,Bright sun,1227100,0,0,0,4,0,0,0,0,1,,0,0,Bay of Plenty Region,Nil,2-way,Sealed,0,0,0,0,50,0,Null,1,0,,24,Rotorua District,Unknown,0,0,0,0,0,0,Urban,1,0,0,Fine,Null
1575895,5181700,20153,,593100,0,,0,2,,Null,2005/2006,PAGES ROAD,BREEZES ROAD,,Minor Crash,No,2006,,East,,0,,Flat,,,,,,Dark,2575900,1,0,0,2,,,0,,,,,,Canterbury Region,Nil,2-way,Sealed,,0,0,,50,,On,0,0,,60,Christchurch City,Traffic Signals,,,,,0,0,Urban,0,,,Fine,Null
1766825,5901878,20154,,524604,0,,0,1,,Null,2006/2007,BROWNS ROAD,GLOUCESTER ROAD,,Non-Injury Crash,No,2006,,East,,0,,Flat,,,,,,Overcast,781400,0,0,0,2,,,0,,,,,,Auckland Region,Nil,2-way,Sealed,,0,0,,50,,Null,0,0,,76,Auckland,Give way,,,,,1,0,Urban,0,,,Fine,Null
1561676,5178743,20155,,587400,0,,0,3,,Null,2006/2007,SH 1S MAIN SOUTH,SHANDS ROAD,,Minor Crash,Yes,2006,,East,,0,,Flat,,,,,,Dark,2488300,1,0,0,2,,,0,,,,,,Canterbury Region,Nil,2-way,Sealed,,0,0,,50,,On,0,0,,60,Christchurch City,Traffic Signals,,,,,0,0,Urban,0,,,Fine,Null
1746605,5919273,20156,,512401,0,0,0,2,0,West,2006/2007,AMBERLEY AVENUE,FLANSHAW ROAD,,Non-Injury Crash,No,2006,0,East,0,0,0,Flat,0,,0,,0,Overcast,253300,0,0,0,2,0,0,0,0,1,,0,0,Auckland Region,Nil,2-way,Sealed,0,0,0,0,50,0,Off,0,0,,76,Auckland,Nil,0,0,0,0,0,0,Urban,0,0,0,Fine,Null
1398362,5124106,20157,,600320,0,,0,1,,Null,2005/2006,JEUNE ST,ALLAN ST,,Minor Crash,No,2006,,East,,0,,Flat,,,,,,Dark,2813004,1,0,1,2,,,0,,,,,,Canterbury Region,Nil,2-way,Sealed,,0,0,,50,,On,0,0,,65,Mackenzie District,Nil,,,,,0,0,Urban,0,,,Fine,Null
1756621,5912804,20158,,518702,0,,0,2,,East,2006/2007,SH 20,HILLSBOROUGH OBR,,Non-Injury Crash,Yes,2006,,West,,0,,Hill Road,,,,,,Bright sun,570100,0,0,0,6,,,0,,,,,,Auckland Region,Motorway ramp,2-way,Sealed,,0,0,,100,,Off,0,0,,76,Auckland,Traffic Signals,,,,,0,0,Open,0,,,Fine,Null
1757506,5919158,20159,,514301,0,,0,2,,Null,2006/2007,GRAFTON ROAD,PARK ROAD,,Non-Injury Crash,No,2006,,North,,0,,Hill Road,,,,,,Bright sun,441200,0,0,0,3,,,0,,,,,,Auckland Region,Nil,2-way,Sealed,,0,0,,50,,Off,0,0,,76,Auckland,Traffic Signals,,,,,0,0,Urban,0,,,Fine,Null
1761568,5914144,20160,,520202,0,1,0,0,0,North,2006/2007,SH 1N,PENROSE OBR,,Non-Injury Crash,Yes,2006,0,South,0,0,0,Flat,0,,0,,0,Bright sun,612700,0,0,0,3,0,0,0,0,0,,0,0,Auckland Region,Nil,2-way,Sealed,0,0,0,0,100,0,Off,0,0,,76,Auckland,Nil,0,0,0,0,1,0,Open,0,0,0,Fine,Null
2034997,5710020,20161,,544300,1,,0,0,,West,2005/2006,GLADSTONE ROAD,LYTTON ROAD,,Minor Crash,No,2006,,East,,0,,Flat,,,,,,Overcast,1368100,1,0,0,2,,,0,,,,,,Gisborne Region,Nil,2-way,Sealed,,0,0,,50,,Null,0,0,,28,Gisborne District,Nil,,,,,0,0,Urban,1,,,Fine,Null
1755358,5920763,20162,,515202,0,0,0,1,0,South,2006/2007,JERVOIS ROAD,BLAKE ST,,Non-Injury Crash,No,2006,0,West,0,0,0,Flat,0,,0,,0,Overcast,425000,0,0,0,2,0,0,0,0,0,,0,0,Auckland Region,Nil,2-way,Sealed,0,0,0,0,50,0,Off,0,0,,76,Auckland,Nil,0,0,0,0,0,0,Urban,1,1,0,Fine,Null
1750734,5874753,20163,,521153,0,0,0,0,1,Null,2005/2006,KARIOITAHI ROAD,PARK ROAD,,Non-Injury Crash,No,2006,0,East,0,0,0,Flat,0,,0,,0,Dark,831601,0,0,0,2,0,0,0,0,0,,0,0,Waikato Region,Nil,2-way,Sealed,0,0,0,0,100,0,None,1,0,,13,Waikato District,Nil,0,0,0,0,0,0,Open,0,0,0,Fine,Null
1745469,5917293,20164,,510700,0,,0,1,,East,2005/2006,RATANUI ST,GREAT NORTH ROAD,,Non-Injury Crash,No,2006,,South,,0,,Flat,,,,,,Bright sun,239900,0,0,0,2,,,0,,,,,,Auckland Region,Nil,2-way,Sealed,,0,0,,50,,Off,0,0,,76,Auckland,Nil,,,,,1,0,Urban,0,,,Fine,Null
1572277,5179373,20165,,593502,1,,0,0,,South,2006/2007,NURSERY ROAD,CROSS ST,,Minor Crash,No,2006,,North,,0,,Flat,,,,,,Bright sun,2606900,1,0,0,1,,,0,,,,,,Canterbury Region,Nil,2-way,Sealed,,0,0,,50,,Null,0,0,,60,Christchurch City,Unknown,,,,,0,0,Urban,1,,,Fine,Null
1733857,5990162,20166,,506660,0,0,0,1,1,South,2006/2007,SH 1N,ROSS ROAD,,Non-Injury Crash,Yes,2006,0,South,0,0,0,Hill Road,0,,0,,0,Dark,135700,0,0,0,2,0,0,0,0,0,,0,0,Auckland Region,Nil,2-way,Sealed,0,0,0,0,100,0,None,0,0,,76,Auckland,Nil,0,0,0,0,0,0,Open,0,0,0,Light rain,Strong wind
1770750,5897225,20167,,523912,0,0,0,1,0,South,2006/2007,SH 1N,TAKANINI OFF NBD,,Non-Injury Crash,Yes,2006,1,North,0,0,0,Flat,0,,0,,0,Overcast,767803,0,0,0,4,0,0,0,0,0,,0,0,Auckland Region,Nil,2-way,Sealed,0,0,0,0,100,0,Off,0,0,,76,Auckland,Nil,0,0,0,0,1,0,Open,0,0,0,Fine,Null
1759115,5916877,20168,,516001,0,,0,1,,North,2006/2007,SH 1N,MARKET OBR,,Non-Injury Crash,Yes,2006,,South,,0,,Flat,,,,,,Bright sun,491200,0,0,0,3,,,0,,,,,,Auckland Region,Nil,1-way,Sealed,,0,0,,100,,Off,0,0,,76,Auckland,Nil,,,,,0,0,Open,1,,,Fine,Null
1800037,5817132,20169,,529600,0,,0,1,,Null,2005/2006,RIVER ROAD,FAIRFIELD BRIDGE,,Non-Injury Crash,No,2006,,North,,0,,Flat,,,,,,Twilight,868200,0,0,0,3,,,0,,,,,,Waikato Region,Nil,2-way,Sealed,,0,0,,50,,On,1,0,,16,Hamilton City,Give way,,,,,0,0,Urban,0,,,Fine,Null
1754323,5935992,20170,,508704,0,,0,2,,Null,2005/2006,EAST COAST ROAD,CARLISLE ROAD,,Serious Crash,No,2006,,South,,0,,Flat,,,,,,Dark,178602,0,0,0,2,,,0,,,,,,Auckland Region,Nil,2-way,Sealed,,0,1,,50,,On,0,0,,76,Auckland,Traffic Signals,,,,,0,0,Urban,0,,,Fine,Null
1826950,5885775,20171,,533502,0,0,0,0,0,East,2006/2007,BRUNTON CRESCENT,PARAWAI ROAD,,Non-Injury Crash,No,2006,0,West,0,0,0,Hill Road,0,,0,,0,Dark,1054600,0,0,0,2,0,0,0,0,0,,0,1,Waikato Region,Nil,2-way,Sealed,0,0,0,0,50,0,On,0,0,,11,Thames-Coromandel District,Nil,0,0,0,0,0,0,Urban,1,0,0,Fine,Null
1761240,5909318,20172,,524404,0,0,0,1,0,Null,2005/2006,FAVONA ROAD,FORBES ROAD,,Non-Injury Crash,No,2006,0,East,0,0,1,Flat,0,,0,,0,Overcast,729400,0,0,0,2,0,0,0,0,0,,0,0,Auckland Region,Nil,2-way,Sealed,0,0,0,0,60,0,Off,1,0,,76,Auckland,Nil,0,0,0,0,0,0,Urban,0,0,0,Fine,Null
1750919,5925636,20173,,510020,0,,0,1,,Null,2006/2007,RANGATIRA ROAD,TAURUS CRESCENT,,Minor Crash,No,2006,,South,,0,,Hill Road,,,,,,Dark,344902,2,0,1,2,,,0,,,,,,Auckland Region,Nil,2-way,Sealed,,0,0,,50,,On,0,0,,76,Auckland,Stop,,,,,0,0,Urban,0,,,Fine,Null
1769529,5469098,20174,,566000,0,,0,2,,Null,2005/2006,SH 1N,BUCKLEY GROVE,,Non-Injury Crash,Yes,2006,,West,,0,,Flat,,,,,,Twilight,1998100,0,0,0,2,,,0,,,,,,Wellington Region,Nil,2-way,Sealed,,0,0,,50,,Off,0,0,,43,Kapiti Coast District,Give way,,,,,0,0,Urban,0,,,Fine,Null
1884745,5774116,20175,,540410,0,0,0,1,0,Null,2006/2007,AMOHIA ST,HAUPAPA ST,,Serious Crash,No,2006,0,North,1,0,0,Flat,0,,0,,0,Dark,1233600,2,0,0,1,0,0,0,0,0,,0,0,Bay of Plenty Region,Nil,1-way,Sealed,0,0,1,0,50,0,On,0,0,,24,Rotorua District,Give way,1,0,0,1,0,0,Urban,0,0,0,Fine,Null
1747258,5919798,20176,,512300,0,,0,2,,Null,2005/2006,TE ATATU ROAD,TE ATATU OFF EBD S,,Non-Injury Crash,Yes,2006,,North,,0,,Flat,,,,,,Bright sun,252000,0,0,0,2,,,0,,,,,,Auckland Region,Motorway ramp,1-way,Sealed,,0,0,,50,,Off,0,0,,76,Auckland,Give way,,,,,0,0,Urban,0,,,Fine,Null
1752523,5916192,20177,,517903,0,,0,1,,North,2006/2007,NEW NORTH ROAD,MCLEAN ST,,Non-Injury Crash,No,2006,,East,,0,,Flat,,,,,,Dark,520200,0,0,0,4,,,0,,,,,,Auckland Region,Nil,2-way,Sealed,,0,0,,50,,On,0,0,,76,Auckland,Nil,,,,,0,0,Urban,1,,,Heavy rain,Null
1853360,5689476,20178,,541346,0,0,0,1,0,East,2006/2007,SH 1N,WAITETOKO ROAD,,Non-Injury Crash,Yes,2006,0,West,1,0,0,Flat,1,,0,,0,Bright sun,1281503,0,0,0,2,0,0,0,0,0,,0,0,Waikato Region,Nil,2-way,Sealed,0,0,0,0,100,0,None,0,0,,21,Taupo District,Nil,0,0,0,0,0,0,Open,0,0,0,Fine,Null
1924106,5776959,20179,,542600,0,0,0,3,0,South,2006/2007,RIVER ROAD,BEATTIE ROAD,,Minor Crash,No,2006,0,North,0,0,0,Hill Road,0,,0,,0,Overcast,1320101,1,0,0,2,0,0,0,0,1,,0,0,Bay of Plenty Region,Nil,2-way,Sealed,0,0,0,0,50,0,Off,0,0,,26,Kawerau District,Nil,0,0,0,0,0,0,Urban,0,0,0,Fine,Null
1752626,5918458,20180,,515002,0,0,0,2,0,Null,2005/2006,TUI ST,WALMER ROAD,,Non-Injury Crash,No,2006,0,South,0,0,1,Flat,0,,0,,0,Overcast,396500,0,0,0,2,0,0,0,0,0,,0,0,Auckland Region,Nil,2-way,Sealed,0,0,0,0,50,0,Off,0,0,,76,Auckland,Stop,0,0,0,0,0,0,Urban,0,0,0,Fine,Null
1755976,5917159,20181,,518201,0,,0,4,,South,2005/2006,DOMINION ROAD,EWINGTON AVENUE,,Non-Injury Crash,No,2006,,South,,0,,Flat,,,,,,Bright sun,548800,0,0,0,2,,,0,,,,,,Auckland Region,Nil,2-way,Sealed,,0,0,,50,,Off,0,0,,76,Auckland,Nil,,,,,0,0,Urban,0,,,Fine,Null
1766520,5913270,20182,,522920,0,,0,2,,Null,2006/2007,PAKURANGA ROAD,TI RAKAU DRIVE,,Non-Injury Crash,No,2006,,North,,0,,Flat,,,,,,Overcast,683900,0,0,0,6,,,0,,,,,,Auckland Region,Nil,2-way,Sealed,,0,0,,60,,Null,0,0,,76,Auckland,Traffic Signals,,,,,0,0,Urban,0,,,Heavy rain,Null
1879407,5820066,20183,,538000,0,,0,1,,East,2005/2006,SH 2A,SH 29,,Non-Injury Crash,Yes,2006,,West,,0,,Flat,,,,,,Bright sun,1178700,0,0,0,4,,,0,,,,,,Bay of Plenty Region,Nil,2-way,Sealed,,0,0,,50,,Null,0,0,,23,Tauranga City,Give way,,,,,0,0,Urban,1,,,Fine,Null
1763780,5913143,20184,,520500,0,,0,1,,South,2005/2006,MOUNT WELLINGTON HIGHWAY,LONGFORD ST,,Non-Injury Crash,No,2006,,North,,0,,Flat,,,,,,Overcast,637500,0,0,0,4,,,0,,,,,,Auckland Region,Nil,2-way,Sealed,,0,0,,50,,Off,0,0,30,76,Auckland,Traffic Signals,,,,,0,0,Urban,1,,,Fine,Null
1759259,5914922,20185,,519300,0,0,0,1,0,South,2005/2006,TWIN OAK DRIVE,POHUTUKAWA DRIVE,,Non-Injury Crash,No,2006,0,South,0,0,0,Flat,0,,0,,0,Overcast,623400,0,0,0,1,0,0,0,0,0,,0,0,Auckland Region,Nil,1-way,Sealed,0,0,0,0,30,0,None,0,0,,76,Auckland,Nil,0,0,0,0,0,0,Urban,0,0,1,Fine,Null
1753446,5924682,20186,,510401,0,,0,1,,East,2006/2007,MOKOIA ROAD,WILLOW AVENUE,,Non-Injury Crash,No,2006,,East,,0,,Hill Road,,,,,,Bright sun,355000,0,0,0,4,,,0,,,,,,Auckland Region,Nil,2-way,Sealed,,0,0,,50,,Null,1,0,,76,Auckland,Unknown,,,,,0,0,Urban,0,,,Fine,Null
1755786,5928200,20187,,507900,0,,0,1,,Null,2005/2006,WAIRAU ROAD,PORANA ROAD,,Minor Crash,No,2006,,North,,0,,Flat,,,,,,Overcast,305201,1,0,0,4,,,0,,,,,,Auckland Region,Nil,2-way,Sealed,,0,0,,50,,Off,1,0,,76,Auckland,Traffic Signals,,,,,0,0,Urban,0,,,Fine,Null
1975972,5784164,20188,,542800,0,,0,1,,Null,2006/2007,SH 2,NELSON ST,,Non-Injury Crash,Yes,2006,,North,,0,,Flat,,,,,,Dark,1341100,0,0,0,2,,,0,,,,,,Bay of Plenty Region,Nil,2-way,Sealed,,0,0,,50,,On,0,0,,27,Ōpōtiki District,Stop,,,,,1,0,Urban,0,,,Fine,Null
1406167,4916268,20189,,602900,0,,0,1,,Null,2005/2006,SH 1S,JETTY ST,,Minor Crash,Yes,2006,,North,,0,,Flat,,,,,,Overcast,2895600,2,0,0,4,,,0,,,,,,Otago Region,Nil,1-way,Sealed,,0,0,,50,,Null,0,0,,71,Dunedin City,Traffic Signals,,,,,0,0,Urban,1,,,Light rain,Null
1755897,5916878,20190,,518201,0,,0,2,,South,2005/2006,DOMINION ROAD,PAICE AVENUE,,Non-Injury Crash,No,2006,,North,,0,,Flat,,,,,,Bright sun,549100,0,0,0,2,,,0,,,,,,Auckland Region,Nil,2-way,Sealed,,0,0,,50,,Off,0,0,,76,Auckland,Traffic Signals,,,,,0,0,Urban,0,,,Fine,Null
1801286,5817114,20191,,529800,0,,0,2,,Null,2006/2007,OXFORD ST,WALTER ST,,Non-Injury Crash,No,2006,,North,,0,,Flat,,,,,,Overcast,871000,0,0,0,2,,,0,,,,,,Waikato Region,Nil,2-way,Sealed,,0,0,,50,,Off,0,0,,16,Hamilton City,Give way,,,,,0,0,Urban,0,,,Fine,Null
1748846,5424786,20192,,576301,0,0,1,2,0,South,2005/2006,RINTOUL ST,STOKE ST,,Non-Injury Crash,No,2006,0,South,0,0,0,Hill Road,0,,0,,0,Overcast,2165500,0,0,0,2,0,0,0,0,1,,0,0,Wellington Region,Nil,2-way,Sealed,0,0,0,0,50,0,Null,0,0,,47,Wellington City,Nil,0,0,0,0,0,0,Urban,0,0,0,Heavy rain,Null
1768504,5900905,20193,,525001,0,,0,2,,Null,2005/2006,LUPTON ROAD,SELWYN ROAD,,Minor Crash,No,2006,,West,,0,,Flat,,,,,,Dark,752000,1,0,0,2,,,0,,,,,,Auckland Region,Nil,2-way,Sealed,,0,0,,50,,On,0,0,,76,Auckland,Give way,,,,,0,0,Urban,0,,,Light rain,Null
1764002,5909960,20194,,521901,0,,0,1,,Null,2006/2007,GREAT SOUTH ROAD,STATION ROAD,,Non-Injury Crash,No,2006,,South,,0,,Hill Road,,,,,,Bright sun,784200,0,0,0,4,,,0,,,,,,Auckland Region,Bridge,2-way,Sealed,,0,0,,50,,Off,0,0,,76,Auckland,Traffic Signals,,,,,0,0,Urban,1,,,Fine,Null
1749796,5935144,20195,,509000,0,,0,2,,Null,2005/2006,DAIRY FLAT HIGHWAY,HOBSON ROAD,,Non-Injury Crash,No,2006,,North,,0,,Hill Road,,,,,,Bright sun,179301,0,0,0,3,,,0,,,,,,Auckland Region,Nil,2-way,Sealed,,0,0,,80,,None,0,0,,76,Auckland,Nil,,,,,0,0,Open,0,,,Fine,Null
1880917,5821411,20196,,538000,0,,0,2,,Null,2006/2007,SH 29,MAUNGATAPU ON EBD,,Non-Injury Crash,Yes,2006,,East,,0,,Flat,,,,,,Bright sun,1179001,0,0,0,2,,,0,,,,,,Bay of Plenty Region,Nil,2-way,Sealed,,0,0,,100,,Off,0,0,,23,Tauranga City,Nil,,,,,0,0,Open,0,,,Fine,Null
1764686,5918849,20197,,516602,0,0,0,1,0,South,2006/2007,GRAMPIAN ROAD,PAMELA PLACE,,Minor Crash,No,2006,0,North,0,0,1,Flat,0,,0,,1,Dark,507600,1,0,0,2,0,0,0,0,0,,0,0,Auckland Region,Nil,2-way,Sealed,0,0,0,0,50,0,On,0,0,,76,Auckland,Nil,0,0,0,1,0,0,Urban,0,0,0,Light rain,Null
1769121,5901973,20198,,524901,0,,0,2,,East,2006/2007,GRANDE VUE ROAD,DENNIS AVENUE,,Non-Injury Crash,No,2006,,West,,0,,Flat,,,,,,Dark,755400,0,0,0,1,,,0,,,,,,Auckland Region,Nil,2-way,Sealed,,0,0,,50,,On,0,0,,76,Auckland,Nil,,,,,0,0,Urban,0,,,Fine,Null
1771060,5899187,20199,,523911,0,,0,1,,Null,2005/2006,TAKANINI SCHOOL ROAD,MANUROA ROAD,,Non-Injury Crash,No,2006,,West,,0,,Flat,,,,,,Overcast,766800,0,0,0,2,,,0,,,,,,Auckland Region,Nil,2-way,Sealed,,0,0,,50,,Off,0,0,,76,Auckland,Stop,,,,,0,0,Urban,1,,,Light rain,Null
1870947,5823581,20200,,536503,0,,0,2,,North,2005/2006,TE PUNA ROAD,SH 2,,Minor Crash,No,2006,,South,,0,,Flat,,,,,,Bright sun,1188102,2,0,0,2,,,0,,,,,,Bay of Plenty Region,Nil,2-way,Sealed,,0,0,,80,,Null,0,0,,22,Western Bay of Plenty District,Unknown,,,,,0,0,Open,0,,,Fine,Null
1750275,5944101,20201,,506003,0,,0,0,,West,2005/2006,SPUR ROAD,NEWMAN ROAD,,Serious Crash,No,2006,,East,,0,,Flat,,,,,,Overcast,175813,0,0,1,2,,,0,,,,,,Auckland Region,Nil,2-way,Sealed,,0,1,,100,,None,1,0,,76,Auckland,Nil,,,,,0,0,Open,0,,,Fine,Null
1755068,5913917,20202,,518803,0,,0,1,,North,2006/2007,DOMINION ROAD,COLEMAN AVENUE,,Non-Injury Crash,No,2006,,South,,0,,Flat,,,,,,Overcast,581200,0,0,0,2,,,0,,,,,,Auckland Region,Nil,2-way,Sealed,,0,0,,50,,Off,1,0,,76,Auckland,Nil,,,,,0,0,Urban,0,,,Fine,Null
1770281,5916406,20203,,522604,0,,0,2,,Null,2006/2007,BUCKLANDS BEACH ROAD,RICHARD AVENUE,,Non-Injury Crash,No,2006,,North,,0,,Flat,,,,,,Overcast,677503,0,0,0,1,,,0,,,,,,Auckland Region,Nil,2-way,Sealed,,0,0,,50,,Off,0,0,,76,Auckland,Nil,,,,,0,0,Urban,0,,,Light rain,Null
1567842,5180174,20204,,590800,1,,0,1,,Null,2005/2006,CLARENCE ST,NELSON ST,,Minor Crash,No,2006,,North,,0,,Flat,,,,,,Overcast,2473600,1,0,0,2,,,0,,,,,,Canterbury Region,Nil,2-way,Sealed,,0,0,,50,,Null,0,0,,60,Christchurch City,Stop,,,,,0,0,Urban,0,,,Fine,Null
1757524,5912398,20205,,519810,0,0,0,1,0,North,2005/2006,BEACHCROFT AVENUE,CHURCH ST,,Serious Crash,No,2006,0,East,0,0,0,Flat,0,,0,,0,Dark,596700,0,0,0,2,0,0,0,0,0,,0,1,Auckland Region,Nil,2-way,Sealed,0,0,2,0,50,0,On,0,0,,76,Auckland,Nil,0,0,0,0,0,0,Urban,0,0,0,Fine,Null
1756801,5919574,20206,,514102,0,,0,2,,Null,2005/2006,PITT ST,POYNTON TERRACE,,Non-Injury Crash,No,2006,,South,,0,,Hill Road,,,,,,Bright sun,435400,0,0,0,5,,,0,,,,,,Auckland Region,Nil,2-way,Sealed,,0,0,,50,,Off,0,0,,76,Auckland,Nil,,,,,0,0,Urban,1,,,Fine,Null
1767786,5904283,20207,,524602,0,,0,2,,East,2006/2007,REDOUBT ROAD,GREAT SOUTH ROAD,,Non-Injury Crash,No,2006,,West,,0,,Flat,,,,,,Bright sun,780501,0,0,0,5,,,0,,,,,,Auckland Region,Nil,2-way,Sealed,,0,0,,50,,Off,0,0,,76,Auckland,Traffic Signals,,,,,0,0,Urban,0,,,Fine,Null
1924399,5603646,20208,,545842,0,0,0,1,0,Null,2005/2006,MARAEKAKAHO ROAD,STOCK ROAD,,Serious Crash,No,2006,0,East,0,0,0,Flat,1,,0,,0,Overcast,1470213,1,0,0,2,0,0,0,0,0,,0,1,Hawke's Bay Region,Nil,2-way,Sealed,0,0,1,0,100,0,Null,0,0,,30,Hastings District,Give way,0,0,0,0,1,0,Open,0,0,0,Heavy rain,Null
1731610,6029558,20209,,501811,0,0,0,1,0,North,2005/2006,MARSDEN POINT ROAD,SIME ROAD,,Minor Crash,No,2006,0,South,0,0,0,Flat,0,,0,,0,Dark,79202,1,0,0,2,0,0,0,0,0,,0,0,Northland Region,Nil,2-way,Sealed,0,0,0,0,100,0,None,1,0,,2,Whangarei District,Nil,0,0,0,0,0,0,Open,0,1,0,Fine,Null
1885183,5774223,20210,,540410,0,0,0,1,0,Null,2005/2006,FENTON ST,ARAWA ST,,Non-Injury Crash,No,2006,0,East,0,0,0,Flat,0,,0,,0,Dark,1235100,0,0,0,4,0,0,0,0,0,,0,0,Bay of Plenty Region,Nil,2-way,Sealed,0,0,0,0,50,0,On,0,0,,24,Rotorua District,Give way,0,0,0,1,0,0,Urban,0,0,0,Light rain,Null
1482397,5249317,20211,,585315,0,0,0,1,1,South,2005/2006,SH 73,PEGLEG CRK BR,,Serious Crash,Yes,2006,0,North,0,0,0,Hill Road,0,,0,,0,Dark,2422900,0,0,0,2,0,0,0,0,0,,0,0,West Coast Region,Nil,2-way,Sealed,0,0,1,0,100,0,None,0,0,,57,Westland District,Unknown,0,0,0,0,0,0,Open,0,0,0,Fine,Strong wind
1756821,5915887,20212,,518301,0,,0,1,,South,2006/2007,MOUNT EDEN ROAD,BALMORAL ROAD,,Minor Crash,No,2006,,North,,0,,Hill Road,,,,,,Bright sun,557000,1,0,0,5,,,0,,,1,,,Auckland Region,Nil,2-way,Sealed,,0,0,,50,,Off,0,0,,76,Auckland,Traffic Signals,,,,,0,0,Urban,0,,,Fine,Null
1881534,5789029,20213,,538811,0,,0,0,,South,2005/2006,SH 36,KAHAROA ROAD,,Serious Crash,Yes,2006,,North,,0,,Flat,,Christmas New Year,,,,Overcast,1250200,0,0,2,2,,,0,,,,,,Bay of Plenty Region,Nil,2-way,Sealed,,0,1,,100,,Null,0,0,,24,Rotorua District,Unknown,,,,,0,0,Open,0,,,Fine,Null
1946593,5771152,20214,,542562,0,0,0,1,1,South,2005/2006,TE TAWA ROAD,OHAUA ROAD,,Serious Crash,No,2006,0,North,1,0,0,Flat,0,,0,,0,Overcast,1302200,1,0,0,2,0,0,0,0,0,,0,0,Bay of Plenty Region,Nil,2-way,Unsealed,0,0,1,0,100,0,Null,0,0,,25,Whakatane District,Unknown,0,0,0,0,0,0,Open,0,0,0,Mist or Fog,Null
1343821,4873611,20215,,607300,0,,0,0,,West,2006/2007,SH 1S,FOUR MILE CREEK ROAD,,Serious Crash,Yes,2006,,West,,0,,Hill Road,,,,,,Twilight,3002100,0,0,1,2,,,0,,,,,,Otago Region,Nil,2-way,Sealed,,0,1,,100,,None,0,0,,72,Clutha District,Unknown,,,,,0,0,Open,1,,,Fine,Null
1799290,5817542,20216,,528700,0,,0,2,,North,2005/2006,BEERESCOURT ROAD,MACDIARMID ROAD,,Minor Crash,No,2006,,South,,0,,Flat,,,,,,Dark,900800,1,0,0,2,,,0,,,,,,Waikato Region,Nil,2-way,Sealed,,0,0,,50,,On,0,0,,16,Hamilton City,Stop,,,,,0,0,Urban,0,,,Fine,Null
1861359,5722306,20217,,541335,0,,0,1,,North,2005/2006,POIHIPI ROAD,WHANGAMATA ROAD,,Serious Crash,No,2006,,South,,0,,Flat,,,,,,Bright sun,1278103,1,0,0,2,,,0,,,,,,Waikato Region,Nil,2-way,Sealed,,0,1,,100,,None,1,0,,21,Taupo District,Nil,,,,,0,0,Open,0,,,Fine,Null
1728806,6005582,20218,,505010,0,0,0,1,1,South,2005/2006,SH 1N,PIROA STM BR,,Non-Injury Crash,Yes,2006,0,South,0,0,0,Hill Road,0,Christmas New Year,0,,0,Overcast,132100,0,0,0,2,0,0,0,0,0,,0,0,Northland Region,Nil,2-way,Sealed,0,0,0,0,100,0,None,0,0,,3,Kaipara District,Nil,0,0,0,0,0,0,Open,0,0,0,Light rain,Null
1769498,5902045,20219,,523814,0,,0,2,,North,2005/2006,SH 1N,HILL OBR,,Minor Crash,Yes,2006,,South,,0,,Flat,,Christmas New Year,,,,Bright sun,760702,4,0,0,3,,,0,,,,,,Auckland Region,Nil,1-way,Sealed,,0,0,,100,,Off,0,0,,76,Auckland,Nil,,,,,0,0,Open,0,,,Fine,Null
1672597,6081437,20220,,501700,0,0,0,1,0,East,2005/2006,SH 12,DICKESON ST,,Non-Injury Crash,Yes,2006,0,West,0,0,0,Flat,0,,0,,0,Overcast,42600,0,0,0,2,0,0,0,0,0,,0,0,Northland Region,Nil,2-way,Sealed,0,0,0,0,50,0,Off,0,0,,1,Far North District,Nil,0,0,0,0,0,0,Urban,1,1,0,Fine,Null