X,Y,OBJECTID,advisorySpeed,areaUnitID,bicycle,bridge,bus,carStationWagon,cliffBank,crashDirectionDescription,crashFinancialYear,crashLocation1,crashLocation2,crashRoadSideRoad,crashSeverity,crashSHDescription,crashYear,debris,directionRoleDescription,ditch,fatalCount,fence,flatHill,guardRail,holiday,houseOrBuilding,intersection,kerb,light,meshblockId,minorInjuryCount,moped,motorcycle,NumberOfLanes,objectThrownOrDropped,otherObject,otherVehicleType,overBank,parkedVehicle,pedestrian,phoneBoxEtc,postOrPole,region,roadCharacter,roadLane,roadSurface,roadworks,schoolBus,seriousInjuryCount,slipOrFlood,speedLimit,strayAnimal,streetLight,suv,taxi,temporarySpeedLimit,tlaId,tlaName,trafficControl,trafficIsland,trafficSign,train,tree,truck,unknownVehicleType,urban,vanOrUtility,vehicle,waterRiver,weatherA,weatherB
1757778,5912178,20221,,519810,0,,0,2,,South,2005/2006,SH 20,QUEENSTOWN OBR,,Minor Crash,Yes,2006,,South,,0,,Flat,,,,,,Bright sun,596700,1,0,0,2,,,0,,,,,,Auckland Region,Nil,2-way,Sealed,,0,0,,100,,Off,1,0,,76,Auckland,Nil,,,,,0,0,Open,0,,,Fine,Null
1866438,5826566,20222,,536620,0,,0,2,,South,2005/2006,SH 2,YOUNGSON ROAD,,Non-Injury Crash,Yes,2006,,North,,0,,Flat,,,,,,Overcast,1186400,0,0,0,2,,,0,,,,,,Bay of Plenty Region,Nil,2-way,Sealed,,0,0,,100,,Null,0,0,,22,Western Bay of Plenty District,Unknown,,,,,0,0,Open,0,,,Fine,Null
1755164,5920910,20223,,515201,0,,0,2,,Null,2006/2007,JERVOIS ROAD,CURRAN ST,,Minor Crash,No,2006,,North,,0,,Flat,,,,,,Overcast,424100,1,0,0,5,,,0,,,,,,Auckland Region,Nil,2-way,Sealed,,0,0,,50,,Off,0,0,,76,Auckland,Traffic Signals,,,,,0,0,Urban,0,,,Fine,Null
1762705,5905550,20224,,524200,0,,0,1,,East,2005/2006,PORTAGE ROAD,TIDAL ROAD,,Non-Injury Crash,No,2006,,East,,0,,Flat,,,,,,Bright sun,728900,0,0,0,2,,,0,,,,,,Auckland Region,Nil,2-way,Sealed,,0,0,,50,,None,0,0,,76,Auckland,Nil,,,,,0,0,Urban,0,,,Fine,Null
1680376,6028765,20225,,504502,0,0,0,1,1,South,2005/2006,SH 14,OUNUWHAO ROAD,,Minor Crash,Yes,2006,0,South,1,0,0,Flat,0,Christmas New Year,0,,0,Twilight,119800,1,0,0,2,0,0,0,0,0,,0,0,Northland Region,Nil,2-way,Sealed,0,0,0,0,100,0,None,0,0,,3,Kaipara District,Nil,0,0,0,0,0,0,Open,0,0,0,Fine,Null
1801766,5817132,20226,,530000,0,0,0,4,0,West,2006/2007,ALFRED ST,PEACHGROVE ROAD,,Minor Crash,No,2006,0,East,0,0,0,Flat,0,,0,,0,Dark,864800,1,0,0,2,0,0,0,0,3,,0,0,Waikato Region,Nil,2-way,Sealed,0,0,0,0,50,0,On,0,0,,16,Hamilton City,Unknown,0,0,0,0,0,0,Urban,0,0,0,Fine,Null
1747702,5916751,20227,,511601,0,,0,0,,Null,2006/2007,HEPBURN ROAD,BARRYS ROAD,,Non-Injury Crash,No,2006,,East,,0,,Flat,,,,,,Overcast,273800,0,0,0,2,,,0,,,,,,Auckland Region,Nil,2-way,Sealed,,0,0,,50,,Off,0,0,,76,Auckland,Give way,,,,,0,0,Urban,1,,,Fine,Null
1748702,5428035,20228,,573000,0,,1,0,,Null,2006/2007,LAMBTON QUAY,HUNTER ST,,Fatal Crash,No,2006,,South,,1,,Flat,,,,,,Bright sun,2125800,0,0,0,3,,,0,,,1,,,Wellington Region,Nil,1-way,Sealed,,0,0,,30,,Null,0,0,,47,Wellington City,Traffic Signals,,,,,0,0,Urban,0,,,Fine,Null
1824395,5871812,20229,,533902,0,,0,1,,West,2005/2006,SH 2,ORCHARD EAST ROAD,,Serious Crash,Yes,2006,,East,,0,,Flat,,,,,,Overcast,1063600,0,0,0,2,,,0,,,,,,Waikato Region,Nil,2-way,Sealed,,0,2,,100,,Null,0,0,,12,Hauraki District,Nil,,,,,1,0,Open,0,,,Fine,Null
1769549,5893834,20230,,521202,0,0,0,1,0,West,2005/2006,HINGAIA ROAD,TOWAI ROAD,,Non-Injury Crash,No,2006,0,South,0,0,0,Hill Road,1,,0,,0,Dark,806900,0,0,0,2,0,0,0,0,0,,0,0,,Nil,2-way,Sealed,0,0,0,0,70,0,On,0,0,,76,Auckland,Nil,0,0,0,0,0,0,Urban,0,0,0,Fine,Null
1767468,5901750,20231,,524720,0,0,0,1,0,North,2006/2007,JELLICOE ROAD,MARR ROAD,,Minor Crash,No,2006,0,South,0,0,0,Flat,0,,0,,0,Bright sun,779600,1,0,0,2,0,0,0,0,1,,0,0,Auckland Region,Nil,2-way,Sealed,0,0,0,0,50,0,Off,1,0,,76,Auckland,Nil,0,0,0,0,0,0,Urban,0,0,0,Fine,Null
1623499,5430142,20232,,582800,0,0,0,0,0,Null,2005/2006,RUTHERFORD ST,WAIMEA ROAD,,Minor Crash,No,2006,0,South,0,0,1,Hill Road,0,,0,,0,Dark,2322700,1,0,1,2,0,0,0,0,0,,0,0,Nelson Region,Nil,2-way,Sealed,0,0,0,0,50,0,On,0,0,,52,Nelson City,Give way,1,0,0,0,0,0,Urban,0,0,0,Fine,Null
1744362,5915741,20233,,513013,0,,0,1,,East,2006/2007,HENDERSON VALLEY ROAD,BORDER ROAD,,Non-Injury Crash,No,2006,,East,,0,,Flat,,,,,,Bright sun,281518,0,0,0,2,,,0,,,,,,Auckland Region,Nil,2-way,Sealed,,0,0,,50,,Off,0,0,,76,Auckland,Nil,,,,,1,0,Urban,0,,,Fine,Null
1789445,5828242,20234,,528200,0,,0,2,,Null,2006/2007,ELLERY ST,RUSSELL AVENUE,,Minor Crash,No,2006,,East,,0,,Flat,,,,,,Overcast,856600,1,0,0,2,,,0,,,,,,Waikato Region,Nil,2-way,Sealed,,0,0,,50,,None,0,0,,13,Waikato District,Give way,,,,,0,0,Urban,0,,,Light rain,Null
1867641,5713215,20235,,541720,0,,0,2,,Null,2005/2006,HEUHEU ST,KAIMANAWA ST,,Non-Injury Crash,No,2006,,West,,0,,Flat,,,,,,Bright sun,1273400,0,0,0,2,,,0,,,,,,Waikato Region,Nil,2-way,Sealed,,0,0,,50,,Null,0,0,,21,Taupo District,Stop,,,,,0,0,Urban,0,,,Fine,Null
1889206,5785009,20236,25,538820,0,0,0,1,0,East,2005/2006,HAMURANA ROAD,TE WAERENGA ROAD,,Non-Injury Crash,No,2006,0,East,0,0,0,Hill Road,0,,0,,0,Overcast,1250402,0,0,0,2,0,0,0,1,0,,0,0,Bay of Plenty Region,Nil,2-way,Sealed,0,0,0,0,100,0,Null,0,0,,24,Rotorua District,Unknown,0,0,0,1,0,0,Open,0,0,0,Light rain,Null
1746308,5918604,20237,,512401,0,,0,1,,South,2005/2006,EDMONTON ROAD,ANNETTE AVENUE,,Minor Crash,No,2006,,North,,0,,Flat,,,,,,Overcast,256000,1,0,1,2,,,0,,,,,,Auckland Region,Nil,2-way,Sealed,,0,0,,50,,Off,0,0,,76,Auckland,Nil,,,,,0,0,Urban,0,,,Fine,Null
1571132,5178319,20238,,594600,0,,0,1,,Null,2006/2007,SH 76 BROUGHAM,BURLINGTON ST,,Minor Crash,Yes,2006,,North,,0,,Flat,,,,,,Bright sun,2619300,1,0,0,2,,,0,,,,,,Canterbury Region,Nil,2-way,Sealed,,0,0,,60,,Null,0,0,,60,Christchurch City,Traffic Signals,,,,,1,0,Urban,0,,,Fine,Null
1727458,6039568,20239,65,501818,0,0,0,1,0,West,2006/2007,WHANGAREI HEADS ROAD,SCOTT ROAD,,Minor Crash,No,2006,0,West,0,0,0,Flat,0,,0,,0,Overcast,73501,1,0,0,2,0,1,0,1,0,,0,0,Northland Region,Nil,2-way,Sealed,0,0,0,0,100,0,Null,0,0,,2,Whangarei District,Unknown,0,0,0,0,0,0,Open,0,0,0,Light rain,Null
1882087,5775426,20240,,539100,0,,0,2,,North,2005/2006,PARK ROAD,BELL ROAD,,Non-Injury Crash,No,2006,,South,,0,,Flat,,,,,,Overcast,1219000,0,0,0,2,,,0,,,,,,Bay of Plenty Region,Nil,2-way,Sealed,,0,0,,50,,Off,0,0,,24,Rotorua District,Nil,,,,,0,0,Urban,0,,,Fine,Null
1746025,5918713,20241,,512500,0,,0,2,,Null,2006/2007,SCHOOL ROAD,VODANOVICH ROAD,,Minor Crash,No,2006,,West,,0,,Hill Road,,,,,,Bright sun,257001,1,0,0,2,,,0,,,,,,Auckland Region,Nil,2-way,Sealed,,0,0,,50,,Off,0,0,,76,Auckland,Stop,,,,,0,0,Urban,0,,,Fine,Null
1763604,5919047,20242,,516500,0,,0,1,,West,2005/2006,KEPA ROAD,GODDEN CRESCENT,,Non-Injury Crash,No,2006,,East,,0,,Flat,,,,,,Overcast,503300,0,0,0,2,,,0,,,,,,Auckland Region,Nil,2-way,Sealed,,0,0,,50,,Off,0,0,,76,Auckland,Nil,,,,,0,0,Urban,1,,,Fine,Null
1824008,5829781,20243,,534902,0,,0,2,,Null,2005/2006,SH 26,STRATHMORE ST,,Minor Crash,Yes,2006,,North,,0,,Flat,,,,,,Dark,1090100,5,0,0,2,,,0,,,,,,Waikato Region,Nil,2-way,Sealed,,0,0,,50,,On,0,0,,15,Matamata-Piako District,Nil,,,,,0,0,Urban,0,,,Fine,Null
1840420,5462313,20244,,578402,0,,0,0,,East,2006/2007,MASTERTON-CASTLEPOINT ROA,TAUERU ST,,Minor Crash,No,2006,,East,,0,,Hill Road,,,,,,Bright sun,2255800,1,0,0,2,,,0,,,,,,Wellington Region,Nil,2-way,Sealed,,0,0,,100,,Null,0,0,,48,Masterton District,Nil,,,,,1,0,Open,0,,,Fine,Null
1710658,6043969,20245,,501809,0,0,0,1,0,North,2005/2006,KARA ROAD,SH 14,,Minor Crash,No,2006,0,South,0,0,0,Hill Road,0,,0,,0,Overcast,71003,1,0,0,2,0,0,0,0,0,,0,1,Northland Region,Nil,2-way,Sealed,0,0,0,0,100,0,Off,0,0,,2,Whangarei District,Nil,0,0,0,0,0,0,Open,0,0,0,Light rain,Null
1760440,5437386,20246,,569401,0,0,0,1,0,East,2005/2006,SH 2,TIROHANGA ROAD,,Minor Crash,Yes,2006,0,East,0,0,0,Flat,0,Easter,0,,0,Dark,1919400,1,0,0,2,0,0,0,0,1,,0,0,Wellington Region,Nil,1-way,Sealed,0,0,0,0,100,0,On,0,0,,46,Lower Hutt City,Nil,0,0,0,0,0,0,Open,1,0,0,Fine,Null
1754004,5929396,20247,,508420,0,0,0,2,0,North,2005/2006,ELLICE ROAD,WAIRAU ROAD,,Non-Injury Crash,No,2006,0,South,0,0,1,Hill Road,0,,0,,0,Bright sun,183300,0,0,0,2,0,0,0,0,0,,0,0,Auckland Region,Nil,2-way,Sealed,0,0,0,0,50,0,Off,0,0,,76,Auckland,Nil,0,0,0,0,2,0,Urban,0,0,0,Fine,Null
1928982,5602949,20248,,545762,0,0,0,2,0,Null,2006/2007,RIVERSLEA ROAD SOUTH,TOLLEMACHE ROAD EAST,,Minor Crash,No,2006,0,East,1,0,0,Flat,0,,0,,0,Bright sun,1468200,2,0,0,2,0,0,0,0,0,,0,0,Hawke's Bay Region,Nil,2-way,Sealed,0,0,0,0,100,0,Null,0,0,,30,Hastings District,Give way,0,0,0,0,0,0,Open,0,0,0,Fine,Null
1394246,4916582,20249,,606210,0,,0,2,,West,2006/2007,FACTORY ROAD,CHURCH ST,,Minor Crash,No,2006,,East,,0,,Flat,,,,,,Bright sun,2967300,1,0,0,2,,,0,,,,,,Otago Region,Nil,2-way,Sealed,,0,0,,50,,Null,0,0,,71,Dunedin City,Unknown,,,,,0,0,Urban,0,,,Fine,Null
1769340,5470823,20250,,566000,1,,0,1,,Null,2005/2006,MAZENGARB ROAD,REALM DRIVE,,Serious Crash,No,2006,,West,,0,,Flat,,,,,,Overcast,1999714,0,0,0,2,,,0,,,,,,Wellington Region,Nil,2-way,Sealed,,0,1,,50,,Null,0,0,,43,Kapiti Coast District,Give way,,,,,0,0,Urban,0,,,Fine,Null
1972476,5667954,20251,,545301,0,0,0,1,0,East,2006/2007,SH 2,WAIHUA VALLEY ROAD,,Serious Crash,Yes,2006,0,North,1,0,1,Flat,0,,0,,0,Bright sun,1391900,0,0,0,2,0,0,0,0,0,,0,0,Hawke's Bay Region,Nil,2-way,Sealed,0,0,1,0,100,0,Null,0,0,,29,Wairoa District,Nil,0,0,0,0,0,0,Open,0,0,0,Fine,Null
1796757,5818333,20252,,528406,0,,0,0,,North,2005/2006,SH 1N,FOREMAN ROAD,,Minor Crash,Yes,2006,,South,,0,,Flat,,,,,,Twilight,907601,1,0,0,2,,,0,,,,,,Waikato Region,Nil,2-way,Sealed,,0,0,,80,,On,1,0,,16,Hamilton City,Unknown,,,,,0,0,Open,1,,,Fine,Null
1398098,5124286,20253,,600320,0,,0,0,,Null,2006/2007,SH 8,PIONEER DRIVE W,,Minor Crash,Yes,2006,,West,,0,,Flat,,,,,,Bright sun,2813004,1,0,0,2,,,0,,,,,,Canterbury Region,Nil,2-way,Sealed,,0,0,,70,,Null,1,0,,65,Mackenzie District,Stop,,,,,0,0,Urban,1,,,Fine,Null
1756537,5915607,20254,,518301,0,,0,2,,West,2006/2007,ELLERTON ROAD,MOUNT EDEN ROAD,,Minor Crash,No,2006,,East,,0,,Flat,,,,,,Bright sun,557800,1,0,0,2,,,0,,,,,,Auckland Region,Nil,2-way,Sealed,,0,0,,50,,Null,0,0,,76,Auckland,Unknown,,,,,0,0,Urban,0,,,Fine,Null
1789210,5740151,20255,,531800,0,,0,2,,North,2005/2006,SH 4,TIKITIKI ROAD,,Non-Injury Crash,Yes,2006,,South,,0,,Hill Road,,,,,,Dark,1011602,0,0,0,2,,,0,,,,,,Waikato Region,Nil,2-way,Sealed,,0,0,,70,,None,0,0,,20,Waitomo District,Unknown,,,,,0,0,Urban,0,,,Mist or Fog,Null
1765889,5901150,20256,,524711,0,,0,2,,Null,2005/2006,PALLANT ST,BURBANK AVENUE,,Non-Injury Crash,No,2006,,East,,0,,Flat,,,,,,Dark,774900,0,0,0,2,,,0,,,,,,Auckland Region,Nil,2-way,Sealed,,0,0,,50,,On,0,0,,76,Auckland,Give way,,,,,0,0,Urban,0,,,Fine,Null
1768974,5900171,20257,,525002,0,0,0,1,0,South,2005/2006,CHRISTMAS ROAD,ROGERS ROAD,,Non-Injury Crash,No,2006,0,South,0,0,1,Flat,0,,0,,0,Dark,753500,0,0,0,2,0,0,0,0,1,,0,0,Auckland Region,Nil,2-way,Sealed,0,0,0,0,50,0,None,0,0,,76,Auckland,Nil,0,0,0,0,1,0,Urban,0,0,0,Fine,Null
1749674,5913882,20258,,511303,0,,0,1,,Null,2005/2006,GREAT NORTH ROAD,TOTARA AVENUE,,Non-Injury Crash,No,2006,,East,,0,,Flat,,,,,,Dark,264901,0,0,0,4,,,0,,,,,,Auckland Region,Nil,2-way,Sealed,,0,0,,50,,On,0,0,,76,Auckland,Traffic Signals,,,,,1,0,Urban,0,,,Light rain,Null
1749219,5429060,20259,,572900,0,0,0,1,0,Null,2005/2006,THORNDON QUAY,MOORE ST,,Minor Crash,No,2006,0,South,0,0,0,Flat,0,,0,,0,Twilight,2121500,2,0,1,2,0,0,0,0,0,,0,0,Wellington Region,Nil,2-way,Sealed,0,0,0,0,50,0,Off,0,0,,47,Wellington City,Nil,1,0,0,0,0,0,Urban,0,0,0,Fine,Null
1757635,5918364,20260,,514302,0,,0,0,,North,2005/2006,SH 1N,KHYBER PASS ON SBD,,Non-Injury Crash,Yes,2006,,South,,0,,Hill Road,,,,,,Bright sun,442100,0,0,0,2,,,0,,,,,,Auckland Region,Nil,1-way,Sealed,,0,0,,80,,Off,0,0,,76,Auckland,Nil,,,,,2,0,Open,0,,,Fine,Null
1366481,4935062,20261,,602600,0,,0,0,,West,2006/2007,OLD DUNSTAN ROAD,SH 87,,Minor Crash,No,2006,,West,,0,,Hill Road,,,,,,Overcast,2981100,1,0,0,2,,,0,,,,,,Otago Region,Nil,2-way,Sealed,,0,0,,100,,Null,0,0,,71,Dunedin City,Unknown,,,,,1,0,Open,0,,,Fine,Null
1805799,5787542,20262,,527700,0,0,0,2,0,North,2005/2006,SH 3,GALLOWAY ST,,Minor Crash,Yes,2006,0,South,0,0,0,Flat,0,,0,,0,Dark,990500,1,0,0,2,0,0,0,0,1,,0,0,Waikato Region,Nil,2-way,Sealed,0,0,0,0,50,0,On,0,0,,17,Waipa District,Unknown,0,0,0,0,0,0,Urban,0,0,0,Light rain,Null
1751259,5929211,20263,,509100,0,,0,1,,West,2006/2007,UPPER HARBOUR DRIVE,GREENHITHE ROAD,,Serious Crash,No,2006,,East,,0,,Flat,,Christmas New Year,,,,Dark,181400,0,0,0,2,,,0,,,,,,Auckland Region,Nil,2-way,Sealed,,0,1,,70,,On,0,0,,76,Auckland,Nil,,,,,0,0,Urban,1,,,Fine,Null
1758966,5427237,20264,,570300,0,,0,0,,Null,2006/2007,Z CPK POST SHOP,MURITAI ROAD,,Minor Crash,No,2006,,South,,0,,Flat,,,,,,Bright sun,1984801,1,0,0,1,,,0,,,1,,,Wellington Region,Nil,Off road,Sealed,,0,0,,50,,Null,0,0,,46,Lower Hutt City,Nil,,,,,0,0,Urban,1,,,Fine,Null
1759691,5916997,20265,,516001,0,,0,2,,Null,2006/2007,REMUERA ROAD,PORTLAND ROAD,,Minor Crash,No,2006,,East,,0,,Flat,,,,,,Overcast,491500,1,0,0,2,,,0,,,,,,Auckland Region,Nil,1-way,Sealed,,0,0,,50,,Off,0,0,,76,Auckland,Give way,,,,,0,0,Urban,0,,,Fine,Null
1748675,5428151,20266,,573000,0,,1,0,,Null,2006/2007,LAMBTON QUAY,GREY ST,,Serious Crash,No,2006,,South,,0,,Flat,,,,,,Overcast,2126200,0,0,0,2,,,0,,,1,,,Wellington Region,Nil,2-way,Sealed,,0,1,,30,,Null,0,0,,47,Wellington City,Traffic Signals,,,,,0,0,Urban,0,,,Fine,Null
1498692,5137329,20267,,597840,0,1,0,1,0,Null,2006/2007,SH 1S,ASHBURTON RIV BR,,Minor Crash,Yes,2006,0,South,0,0,0,Flat,0,,0,,0,Dark,2728400,1,0,0,2,0,0,0,0,1,,0,0,Canterbury Region,Bridge,2-way,Sealed,0,0,0,0,50,0,On,0,0,,63,Ashburton District,Unknown,0,0,0,0,0,0,Urban,1,0,0,Fine,Null
1562849,5177388,20268,,587702,0,0,0,1,0,Null,2006/2007,AWATEA ROAD,WILMERS ROAD,,Minor Crash,No,2006,0,North,0,0,0,Flat,0,,0,,0,Bright sun,2481605,1,0,0,2,0,0,0,0,0,,0,1,Canterbury Region,Nil,2-way,Sealed,0,0,0,0,80,0,Null,0,0,,60,Christchurch City,Give way,0,0,0,0,1,0,Open,0,0,0,Fine,Null
1719417,6045497,20269,,503100,1,,0,0,,Null,2006/2007,WALTON ST,ALBERT ST,,Serious Crash,No,2006,,West,,0,,Flat,,,,,,Bright sun,100700,0,0,0,2,,,0,,,,,,Northland Region,Nil,2-way,Sealed,,0,1,,50,,Off,0,0,,2,Whangarei District,Give way,,,,,0,0,Urban,1,,,Fine,Null
1754695,5916833,20270,,517701,0,,0,1,,West,2005/2006,AROHA AVENUE,SANDRINGHAM ROAD,,Non-Injury Crash,No,2006,,West,,0,,Flat,,,,,,Twilight,535800,0,0,0,2,,,0,,,,,,Auckland Region,Nil,2-way,Sealed,,0,0,,50,,Off,0,0,,76,Auckland,Nil,,,,,0,0,Urban,1,,,Fine,Null
1406195,4915988,20271,,602900,0,0,0,4,0,Null,2006/2007,SH 1S,JERVOIS ST,,Serious Crash,Yes,2006,0,South,0,0,0,Flat,0,,0,,0,Overcast,2895900,0,0,0,3,0,0,0,0,2,,0,0,Otago Region,Nil,1-way,Sealed,0,0,1,0,60,0,Null,0,0,,71,Dunedin City,Give way,0,0,0,0,0,0,Urban,0,0,0,Fine,Null
1770319,5468697,20272,35,566302,0,0,0,1,0,South,2006/2007,NIKAU PALM ROAD,NIKAU PALM OFF SBD,,Minor Crash,No,2006,0,North,0,0,0,Hill Road,0,,0,,0,Dark,1998405,2,0,0,2,0,0,0,1,0,,0,0,Wellington Region,Nil,2-way,Sealed,0,0,0,0,50,0,On,0,0,,43,Kapiti Coast District,Nil,0,0,0,0,0,0,Urban,0,0,0,Fine,Null
1756768,5930652,20273,,507710,0,0,0,1,0,North,2006/2007,ABERDEEN ROAD,EAST COAST ROAD,,Serious Crash,No,2006,0,North,0,0,1,Flat,0,,0,,1,Dark,315002,0,0,0,2,0,0,0,0,0,,0,1,Auckland Region,Nil,2-way,Sealed,0,0,2,0,50,0,On,0,0,,76,Auckland,Unknown,0,0,0,0,0,0,Urban,0,0,0,Fine,Null
1766262,5905375,20274,,522202,0,,0,2,,Null,2005/2006,CARRUTH ROAD,ALLENBY ROAD,,Non-Injury Crash,No,2006,,East,,0,,Flat,,,,,,Overcast,665700,0,0,0,2,,,0,,,,,,Auckland Region,Nil,2-way,Sealed,,0,0,,50,,Off,0,0,,76,Auckland,Stop,,,,,0,0,Urban,0,,,Fine,Null
1574691,5182007,20275,,592900,0,,0,2,,Null,2005/2006,AVONSIDE DRIVE,EMLYN PLACE,,Minor Crash,No,2006,,East,,0,,Flat,,,,,,Overcast,2578600,1,0,0,2,,,0,,,,,,Canterbury Region,Nil,2-way,Sealed,,0,0,,50,,Null,0,0,,60,Christchurch City,Nil,,,,,0,0,Urban,0,,,Light rain,Null
1883900,5775892,20276,,540200,0,0,0,1,0,North,2005/2006,KOUTU ROAD,HAMUERA ST,,Non-Injury Crash,No,2006,0,North,0,0,0,Flat,0,,0,,0,Overcast,1223100,0,0,0,2,0,0,0,0,1,,0,0,Bay of Plenty Region,Nil,2-way,Sealed,0,0,0,0,50,0,Null,0,0,,24,Rotorua District,Unknown,0,0,0,0,0,0,Urban,1,0,0,Fine,Null
1581713,5481304,20277,,581601,0,0,0,0,1,West,2006/2007,SH 60,RANGIHAEATA ROAD,,Minor Crash,Yes,2006,0,East,0,0,0,Flat,0,,0,,0,Overcast,2347802,2,0,0,2,0,0,0,0,0,,0,0,Tasman Region,Nil,2-way,Sealed,0,0,0,0,100,0,Null,1,0,,51,Tasman District,Nil,0,0,0,0,0,0,Open,0,0,0,Light rain,Null
1721890,6005106,20278,,505010,0,0,0,1,1,South,2005/2006,GORGE ROAD,GOLDEN STAIRS ROAD,,Minor Crash,No,2006,0,South,0,0,0,Hill Road,0,,0,,0,Overcast,132000,1,0,0,2,0,0,0,0,0,,0,0,Northland Region,Nil,2-way,Sealed,0,0,0,0,100,0,None,0,0,,3,Kaipara District,Nil,0,0,0,0,0,0,Open,0,0,0,Light rain,Null
1798057,5774327,20279,,531304,0,0,0,0,1,East,2005/2006,KIOKIO STATION ROAD,PUKETARATA ROAD,,Minor Crash,No,2006,0,West,0,0,0,Flat,0,,0,,0,Bright sun,1000500,3,0,0,2,0,0,0,0,0,,0,0,Waikato Region,Nil,2-way,Sealed,0,0,0,0,100,0,Null,0,0,,18,Ōtorohanga District,Unknown,0,0,0,0,0,0,Open,1,0,0,Light rain,Null
1763617,5910048,20280,,521901,0,,0,1,,East,2005/2006,HUIA ROAD,MOA ST,,Minor Crash,No,2006,,East,,0,,Flat,,,,,,Overcast,782100,1,0,0,2,,,0,,,,,,Auckland Region,Nil,2-way,Sealed,,0,0,,50,,Off,0,0,,76,Auckland,Nil,,,,,0,0,Urban,1,,,Fine,Null
1560849,5240208,20281,,585700,0,0,0,0,0,North,2005/2006,HEATHSTOCK ROAD,MOUNT ARDEN ROAD,,Serious Crash,No,2006,0,North,0,0,1,Hill Road,0,,0,,0,Bright sun,2434200,0,0,0,2,0,0,0,1,0,,0,0,Canterbury Region,Nil,2-way,Unsealed,0,0,1,0,100,0,Null,1,0,,58,Hurunui District,Unknown,0,0,0,0,0,0,Open,1,0,0,Fine,Null
1855016,5877642,20282,,533300,0,0,0,0,0,West,2006/2007,ACHILLES AVENUE,PHILOMEL ROAD,,Minor Crash,No,2006,0,East,0,0,0,Flat,0,,0,,0,Bright sun,1061202,1,0,0,2,0,0,0,0,0,,0,1,Waikato Region,Nil,2-way,Sealed,0,0,0,0,50,0,Null,0,0,,11,Thames-Coromandel District,Nil,0,0,0,0,0,0,Urban,1,0,0,Fine,Null
1664287,5429181,20283,,580200,0,,0,2,,Null,2006/2007,SH 6,WILSON ST,,Minor Crash,Yes,2006,,North,,0,,Flat,,,,,,Bright sun,2283200,1,0,0,2,,,0,,,,,,Marlborough Region,Nil,2-way,Sealed,,0,0,,70,,Null,0,0,,53,Marlborough District,Nil,,,,,0,0,Urban,0,,,Fine,Null
1754874,5944896,20284,,505907,0,,0,0,,Null,2006/2007,WHANGAPARAOA ROAD,CEDAR TERRACE,,Minor Crash,No,2006,,West,,0,,Hill Road,,,,,,Bright sun,173418,1,0,0,2,,,0,,,,,,Auckland Region,Nil,2-way,Sealed,,0,0,,50,,Off,0,0,,76,Auckland,Stop,,,,,1,0,Urban,1,,,Fine,Null
1565930,5184289,20285,,588600,1,,0,1,,South,2005/2006,LIVERTON CRESCENT E,VAUXHALL ST,,Minor Crash,No,2006,,North,,0,,Flat,,,,,,Bright sun,2523900,1,0,0,2,,,0,,,,,,Canterbury Region,Nil,2-way,Sealed,,0,0,,50,,Null,0,0,,60,Christchurch City,Nil,,,,,0,0,Urban,0,,,Fine,Null
1570154,5179792,20286,,591600,0,,0,2,,Null,2005/2006,MONTREAL ST,CAMBRIDGE TERRACE,,Minor Crash,No,2006,,East,,0,,Flat,,,,,,Overcast,2678700,1,0,0,2,,,0,,,,,,Canterbury Region,Nil,1-way,Sealed,,0,0,,50,,Null,0,0,,60,Christchurch City,Stop,,,,,0,0,Urban,0,,,Fine,Null
1402754,4913574,20287,,605920,0,,0,2,,Null,2006/2007,EMERSON ST,MULFORD ST,,Minor Crash,No,2006,,West,,0,,Flat,,,,,,Bright sun,2954802,1,0,0,2,,,0,,,,,,Otago Region,Nil,2-way,Sealed,,0,0,,50,,Null,0,0,,71,Dunedin City,Give way,,,,,0,0,Urban,0,,,Fine,Null
1406700,4917773,20288,,603602,0,,0,1,,Null,2006/2007,ALBANY ST,MALCOLM ST,,Minor Crash,Yes,2006,,West,,0,,Flat,,,,,,Bright sun,2867100,1,0,0,2,,,0,,,1,,,Otago Region,Nil,1-way,Sealed,,0,0,,50,,Null,0,0,,71,Dunedin City,Traffic Signals,,,,,0,0,Urban,0,,,Fine,Null
1756884,5919533,20289,,514102,0,0,0,1,1,East,2005/2006,POYNTON TERRACE,PITT ST,,Minor Crash,No,2006,0,West,0,0,1,Hill Road,0,,1,,0,Dark,435801,1,0,0,2,0,0,0,0,0,,0,0,Auckland Region,Nil,2-way,Sealed,0,0,0,0,50,0,On,0,0,,76,Auckland,Unknown,0,0,0,0,0,0,Urban,0,0,0,Fine,Null
1799344,5817136,20290,,528700,0,,0,1,,North,2005/2006,ULSTER ST,MAEROA ROAD,,Minor Crash,No,2006,,North,,0,,Flat,,,,,,Bright sun,901902,1,0,0,4,,,0,,,,,,Waikato Region,Nil,2-way,Sealed,,0,0,,60,,Null,1,0,,16,Hamilton City,Unknown,,,,,0,0,Urban,0,,,Fine,Null
1759626,5912243,20291,,520000,0,,0,1,,Null,2005/2006,CHURCH ST,VICTORIA ST,,Minor Crash,No,2006,,East,,0,,Flat,,,,,,Bright sun,607000,1,0,0,2,,,0,,,,,,Auckland Region,Nil,2-way,Sealed,,0,0,,50,,None,0,0,,76,Auckland,Stop,,,,,0,0,Urban,1,,,Fine,Null