X,Y,OBJECTID,advisorySpeed,areaUnitID,bicycle,bridge,bus,carStationWagon,cliffBank,crashDirectionDescription,crashFinancialYear,crashLocation1,crashLocation2,crashRoadSideRoad,crashSeverity,crashSHDescription,crashYear,debris,directionRoleDescription,ditch,fatalCount,fence,flatHill,guardRail,holiday,houseOrBuilding,intersection,kerb,light,meshblockId,minorInjuryCount,moped,motorcycle,NumberOfLanes,objectThrownOrDropped,otherObject,otherVehicleType,overBank,parkedVehicle,pedestrian,phoneBoxEtc,postOrPole,region,roadCharacter,roadLane,roadSurface,roadworks,schoolBus,seriousInjuryCount,slipOrFlood,speedLimit,strayAnimal,streetLight,suv,taxi,temporarySpeedLimit,tlaId,tlaName,trafficControl,trafficIsland,trafficSign,train,tree,truck,unknownVehicleType,urban,vanOrUtility,vehicle,waterRiver,weatherA,weatherB
1764600,5587879,20292,75,555400,0,,0,2,,North,2005/2006,SH 3,RANGITATAU EAST ROAD,,Serious Crash,Yes,2006,,South,,0,,Hill Road,,,,,,Overcast,1679100,2,0,0,3,,,0,,,,,,Manawatū-Whanganui Region,Nil,2-way,Sealed,,0,2,,100,,Null,0,0,,37,Whanganui District,Nil,,,,,0,0,Open,0,,,Heavy rain,Null
1769032,5914321,20293,,522721,0,,0,1,,West,2006/2007,PAKURANGA ROAD,BELLS ROAD,,Minor Crash,No,2006,,East,,0,,Flat,,,,,,Dark,681211,1,0,0,6,,,0,,,,,,Auckland Region,Nil,2-way,Sealed,,0,0,,60,,On,1,0,,76,Auckland,Unknown,,,,,0,0,Urban,0,,,Fine,Null
1620442,5429210,20294,,583000,1,,0,1,,North,2005/2006,MURITAI ST,GREEN ST,,Serious Crash,No,2006,,South,,0,,Flat,,,,,,Bright sun,2333600,0,0,0,2,,,0,,,,,,Nelson Region,Nil,2-way,Sealed,,0,1,,50,,Null,0,0,,52,Nelson City,Nil,,,,,0,0,Urban,0,,,Fine,Null
1800804,5814463,20295,,529100,0,,0,1,,Null,2005/2006,CLARENCE ST,PEMBROKE ST,,Serious Crash,No,2006,,West,,0,,Hill Road,,,,,,Bright sun,931300,1,0,0,2,,,0,,,,,,Waikato Region,Nil,2-way,Sealed,,0,1,,50,,Null,0,0,,16,Hamilton City,Give way,,,,,0,0,Urban,1,,,Fine,Null
1539984,5168121,20296,,587010,0,0,0,0,0,North,2005/2006,SH 1S,NORWOOD ROAD,,Minor Crash,Yes,2006,0,North,0,0,1,Flat,0,,0,,0,Bright sun,2467300,1,0,0,2,0,0,0,0,0,,0,0,Canterbury Region,Nil,2-way,Sealed,0,0,0,0,100,0,Null,1,0,,62,Selwyn District,Unknown,0,0,0,0,0,0,Open,0,0,0,Fine,Null
1867414,5713657,20297,,541720,0,,0,2,,South,2006/2007,TANIWHA ST,PAORA HAPI ST,,Minor Crash,No,2006,,South,,0,,Flat,,,,,,Bright sun,1273500,1,0,0,2,,,0,,,,,,Waikato Region,Nil,2-way,Sealed,,0,0,,50,,Null,0,0,,21,Taupo District,Unknown,,,,,0,0,Urban,0,,,Fine,Null
1768449,5895181,20298,,521202,0,0,0,0,0,North,2006/2007,KARAKA NORTH ROAD,LINWOOD ROAD,,Serious Crash,No,2006,0,North,0,0,0,Flat,1,,0,,0,Dark,806900,0,0,0,1,0,0,0,0,0,,0,0,Auckland Region,Nil,2-way,Sealed,0,0,3,0,100,0,On,0,0,,76,Auckland,Nil,0,0,0,0,0,0,Open,1,0,0,Fine,Null
1821883,5529385,20299,,562800,0,,0,1,,North,2005/2006,THE SQUARE,CHURCH ST,,Minor Crash,No,2006,,South,,0,,Flat,,,,,,Dark,1829300,1,0,0,2,,,0,,,1,,,Manawatū-Whanganui Region,Nil,2-way,Sealed,,0,0,,50,,On,0,1,,40,Palmerston North City,Nil,,,,,0,0,Urban,0,,,Fine,Null
1767380,5906734,20300,,523602,0,0,0,1,0,Null,2005/2006,BAIRDS ROAD,SANDBROOK AVENUE,,Serious Crash,No,2006,0,South,0,0,0,Flat,0,,0,,0,Dark,706000,0,0,0,2,0,0,0,0,0,,0,1,Auckland Region,Nil,2-way,Sealed,0,0,1,0,50,0,On,0,0,,76,Auckland,Nil,0,0,0,0,0,0,Urban,0,0,0,Fine,Null
1697190,6082353,20301,,501620,0,0,0,1,1,South,2006/2007,SH 1N,SH 11,,Minor Crash,Yes,2006,0,South,0,0,0,Flat,0,Christmas New Year,0,,0,Overcast,46400,1,0,0,2,0,0,0,0,0,,0,0,Northland Region,Nil,2-way,Sealed,0,0,0,0,100,0,None,0,0,,1,Far North District,Nil,0,0,0,0,0,0,Open,0,0,0,Fine,Null
1851680,5806642,20302,,535231,0,0,0,1,0,West,2005/2006,SH 24,STOPFORD ROAD,,Minor Crash,Yes,2006,0,East,0,0,0,Flat,0,,0,,0,Dark,1113500,1,0,0,2,0,0,0,0,0,,0,0,Waikato Region,Nil,2-way,Sealed,0,0,0,0,100,0,None,0,0,,15,Matamata-Piako District,Give way,0,0,0,1,0,0,Open,0,0,0,Fine,Null
1755957,5917092,20303,,518201,0,,0,2,,Null,2006/2007,DOMINION ROAD,PROSPECT TERRACE,,Minor Crash,No,2006,,West,,0,,Flat,,,,,,Twilight,548102,2,0,0,2,,,0,,,,,,Auckland Region,Nil,2-way,Sealed,,0,0,,50,,On,0,0,,76,Auckland,Stop,,,,,0,0,Urban,0,,,Fine,Null
1754337,5931065,20304,,508520,0,0,0,1,0,South,2005/2006,SH 1N,SUNSET OBR,,Minor Crash,Yes,2006,0,South,0,0,0,Flat,1,,0,,0,Bright sun,191105,2,0,1,2,0,0,0,0,0,,0,0,Auckland Region,Nil,1-way,Sealed,0,0,0,0,100,0,Off,0,0,,76,Auckland,Nil,0,0,0,0,0,0,Open,0,0,0,Fine,Null
1746851,5919857,20305,,512402,0,,0,1,,West,2005/2006,SH 16,TE ATATU ON WBD,,Minor Crash,Yes,2006,,West,,0,,Flat,,,,,,Overcast,252300,1,0,0,2,,,0,,,,,,Auckland Region,Nil,1-way,Sealed,,0,0,,100,,Off,0,0,,76,Auckland,Nil,,,,,1,0,Open,1,,,Fine,Null
1811482,5816016,20306,,527131,0,,0,2,,Null,2006/2007,SH 26,PLATT ROAD,,Minor Crash,Yes,2006,,North,,0,,Flat,,,,,,Dark,957600,1,0,0,2,,,0,,,,,,Waikato Region,Nil,2-way,Sealed,,0,0,,100,,Off,0,0,,13,Waikato District,Give way,,,,,0,0,Open,0,,,Fine,Null
1763356,5915234,20307,,520302,0,0,0,2,0,Null,2005/2006,HARRIS ROAD,RUTLAND ROAD,,Minor Crash,No,2006,0,South,0,0,1,Flat,0,,0,,0,Dark,626000,2,0,0,2,0,0,0,0,0,,0,0,Auckland Region,Nil,2-way,Sealed,0,0,0,0,50,0,On,0,0,,76,Auckland,Give way,0,0,0,0,0,0,Urban,0,0,0,Fine,Null
1796109,5614970,20308,,554900,0,0,0,1,0,South,2006/2007,SH 4,MATAHIWI TRACK,,Minor Crash,Yes,2006,0,South,0,0,1,Flat,0,,0,,0,Dark,1674700,1,0,0,2,0,0,0,0,0,,0,0,Manawatū-Whanganui Region,Nil,2-way,Sealed,0,0,0,0,100,0,None,0,0,,36,Ruapehu District,Nil,0,0,0,0,0,0,Open,0,0,0,Mist or Fog,Null
1719335,6045478,20309,,503100,0,,0,1,,Null,2006/2007,BANK ST,WALTON ST,,Minor Crash,No,2006,,East,,0,,Flat,,,,,,Overcast,100400,1,0,1,2,,,0,,,,,,Northland Region,Nil,1-way,Sealed,,0,0,,50,,Off,0,0,,2,Whangarei District,Give way,,,,,0,0,Urban,0,,,Fine,Null
1767971,5904433,20310,,523722,0,,0,3,,North,2006/2007,SH 1N,REDOUBT OBR,,Minor Crash,Yes,2006,,South,,0,,Flat,,,,,,Dark,715805,1,0,0,3,,,0,,,,,,Auckland Region,Nil,1-way,Sealed,,0,0,,100,,On,0,0,,76,Auckland,Nil,,,,,0,0,Open,0,,,Fine,Null
1758840,5913234,20311,,519710,0,,0,1,,West,2006/2007,MOUNT SMART ROAD,ONEHUNGA MALL,,Minor Crash,No,2006,,West,,0,,Flat,,Christmas New Year,,,,Bright sun,595700,1,0,0,2,,,0,,,,,,Auckland Region,Nil,2-way,Sealed,,0,0,,50,,Off,0,0,,76,Auckland,Nil,,,,,1,0,Urban,0,,,Fine,Null
1734818,5932687,20312,,505605,0,0,0,1,0,South,2005/2006,OLD NORTH ROAD,WAIKOUKOU VALLEY ROAD,,Minor Crash,No,2006,0,North,0,0,0,Hill Road,0,,0,,0,Dark,215700,1,0,0,2,0,0,0,0,0,,0,1,Auckland Region,Nil,2-way,Sealed,0,0,0,0,100,0,None,0,0,,76,Auckland,Nil,0,0,0,0,0,0,Open,0,0,0,Fine,Null
1770576,5910033,20313,,523109,0,,0,1,,Null,2005/2006,MACNEAN DRIVE,NEWINN CRESCENT S,,Minor Crash,No,2006,,North,,0,,Flat,,,,,,Overcast,712016,1,0,0,2,,,0,,,,,,Auckland Region,Nil,2-way,Sealed,,0,0,,50,,Off,0,0,,76,Auckland,Nil,,,,,0,0,Urban,1,,,Fine,Null
1884577,5773032,20314,,540510,0,,0,1,,East,2006/2007,SEDDON ST,RANOLF ST,,Minor Crash,No,2006,,East,,0,,Flat,,,,,,Bright sun,1241300,1,0,0,2,,,0,,,1,,,Bay of Plenty Region,Nil,2-way,Sealed,,0,0,,50,,Null,0,0,,24,Rotorua District,Nil,,,,,0,0,Urban,0,,,Fine,Null
1768083,5903330,20315,,524602,0,,0,1,,North,2005/2006,GREAT SOUTH ROAD,KERRS ROAD,,Minor Crash,No,2006,,North,,0,,Flat,,,,,,Dark,780506,1,0,0,4,,,0,,,,,,Auckland Region,Nil,2-way,Sealed,,0,0,,70,,On,1,0,,76,Auckland,Nil,,,,,0,0,Urban,0,,,Light rain,Null
1843916,5810637,20316,,535502,0,0,0,1,0,South,2005/2006,SH 27,COLLEGE ST,,Minor Crash,Yes,2006,0,North,0,0,0,Flat,0,,0,,0,Bright sun,1120900,1,0,0,2,0,0,0,0,0,,0,0,Waikato Region,Nil,2-way,Sealed,0,0,0,0,50,0,Null,0,0,,15,Matamata-Piako District,Unknown,0,0,0,1,0,0,Urban,0,0,0,Fine,Null
1740142,6001194,20317,,505021,0,0,0,1,1,North,2005/2006,TARA ROAD,KAIWAKA MANGAWHAI ROAD,,Fatal Crash,No,2006,0,North,1,1,0,Flat,0,,0,,0,Overcast,133705,1,0,0,2,0,0,0,0,0,,0,0,Northland Region,Nil,2-way,Sealed,0,0,0,0,100,0,None,0,0,,3,Kaipara District,Nil,0,0,0,0,0,0,Open,0,0,0,Heavy rain,Null
1769910,5900940,20318,,523816,0,,0,0,,South,2006/2007,SH 1N,ALFRISTON OBR,,Minor Crash,Yes,2006,,South,,0,,Flat,,,,,,Overcast,759724,1,0,0,2,,,0,,,,,,Auckland Region,Nil,1-way,Sealed,,0,0,,80,,Off,0,0,,76,Auckland,Nil,,,,,1,0,Open,0,,,Fine,Null
1852838,5903662,20319,,533603,0,,0,2,,North,2005/2006,SH 25,OCEAN BEACH ROAD,,Minor Crash,Yes,2006,,North,,0,,Hill Road,,Christmas New Year,,,,Bright sun,1059209,1,0,0,2,,,0,,,,,,Waikato Region,Nil,2-way,Sealed,,0,0,,100,,Null,0,0,,11,Thames-Coromandel District,Unknown,,,,,0,0,Open,0,,,Fine,Null
1756498,5979408,20320,,506661,0,0,0,1,1,East,2006/2007,LEIGH ROAD,UPPER WHANGATEAU ROAD,,Serious Crash,No,2006,0,West,0,0,0,Hill Road,0,,0,,0,Dark,137601,0,0,0,2,0,0,0,0,0,,0,0,Auckland Region,Nil,2-way,Sealed,0,0,1,0,100,0,None,0,0,,76,Auckland,Nil,0,0,0,0,0,0,Open,0,0,0,Fine,Null
1837467,5860180,20321,,534300,0,0,0,0,0,South,2005/2006,AINSLIE ROAD,RAROA ROAD,,Minor Crash,No,2006,0,South,0,0,0,Flat,0,,0,,0,Bright sun,1075802,1,0,0,2,0,0,0,0,0,,0,1,Waikato Region,Nil,2-way,Sealed,0,0,0,0,50,0,Null,1,0,,12,Hauraki District,Unknown,0,0,0,0,0,0,Urban,0,0,0,Fine,Null
1928387,5602296,20322,,545762,0,0,1,0,0,Null,2005/2006,RIVERSLEA ROAD SOUTH,ALGERNON ROAD,,Minor Crash,No,2006,0,South,0,0,1,Flat,0,,0,,0,Bright sun,1468100,1,0,0,2,0,0,0,0,0,,0,0,Hawke's Bay Region,Nil,2-way,Sealed,0,1,0,0,100,0,Null,0,0,,30,Hastings District,Give way,0,0,0,1,0,0,Open,0,0,0,Fine,Null
1772480,5896524,20323,,525420,0,,0,1,,Null,2006/2007,EAST ST,QUEEN ST,,Minor Crash,No,2006,,North,,0,,Flat,,,,,,Bright sun,791600,2,0,0,2,,,0,,,,,,Auckland Region,Nil,2-way,Sealed,,0,0,,50,,Off,1,0,,76,Auckland,Traffic Signals,,,,,0,0,Urban,0,,,Fine,Null
1693473,5673892,20324,,552500,0,0,0,0,0,South,2006/2007,CARRINGTON ST,HUATOKI ST,,Serious Crash,No,2006,0,South,0,0,1,Flat,0,,0,,0,Dark,1566000,0,0,0,2,0,0,0,0,0,,0,0,Taranaki Region,Nil,2-way,Sealed,0,0,1,0,50,0,On,0,0,,33,New Plymouth District,Nil,0,0,0,0,0,0,Urban,1,0,0,Light rain,Null
1777107,5880099,20325,,521160,0,0,0,0,1,South,2006/2007,SH 1N,BEAVER OFF NBD,,Serious Crash,Yes,2006,0,North,1,0,0,Hill Road,0,,0,,0,Overcast,828204,5,0,0,3,0,0,0,0,0,,0,0,Auckland Region,Nil,1-way,Sealed,0,0,1,0,100,0,Off,1,0,,76,Auckland,Nil,0,0,0,1,0,0,Open,0,0,0,Fine,Null
1751839,5915388,20326,,517901,1,0,0,1,0,West,2005/2006,NEW NORTH ROAD,BOLLARD AVENUE,,Minor Crash,No,2006,0,West,0,0,0,Flat,0,,0,,0,Bright sun,523800,1,0,0,4,0,0,0,0,1,,0,0,Auckland Region,Nil,2-way,Sealed,0,0,0,0,50,0,Off,0,0,,76,Auckland,Nil,0,0,0,0,0,0,Urban,0,0,0,Fine,Null
1638958,5438256,20327,,581812,0,,0,3,,Null,2005/2006,SH 6,WHANGAMOA BR,,Minor Crash,Yes,2006,,North,,0,,Hill Road,,,,,,Bright sun,2360800,1,0,0,2,,,0,,,,,,Nelson Region,Nil,2-way,Sealed,,0,0,,100,,Null,0,0,,52,Nelson City,Nil,,,,,0,0,Open,0,,,Fine,Null
1769137,5911507,20328,,523113,0,,0,1,,East,2005/2006,TI RAKAU DRIVE,HARRIS ROAD,,Minor Crash,No,2006,,West,,0,,Flat,,,,,,Overcast,711703,1,0,0,6,,,0,,,,,,Auckland Region,Nil,2-way,Sealed,,0,0,,60,,Null,0,0,,76,Auckland,Unknown,,,,,0,0,Urban,1,,,Heavy rain,Null
1848510,5910264,20329,45,533200,0,0,0,1,0,South,2005/2006,SH 25,BOAT HARBOUR ROAD,,Minor Crash,Yes,2006,0,South,0,0,0,Hill Road,0,,0,,0,Overcast,1048101,2,0,0,2,0,0,0,1,0,,0,0,Waikato Region,Nil,2-way,Sealed,0,0,0,0,100,0,Null,0,0,,11,Thames-Coromandel District,Stop,0,0,0,0,0,0,Open,0,0,1,Light rain,Null
1727784,6006794,20330,,501815,0,,0,0,,South,2006/2007,SH 1N,ARTILLERY ROAD,,Minor Crash,Yes,2006,,North,,0,,Hill Road,,,,,,Overcast,81600,2,0,0,2,,,0,,,,,,Northland Region,Nil,2-way,Sealed,,0,0,,100,,None,2,0,,2,Whangarei District,Nil,,,,,0,0,Open,0,,,Light rain,Null
1772315,5873824,20331,,526200,0,,0,2,,Null,2005/2006,GEORGE ST,CHURCH ST,,Fatal Crash,No,2006,,East,,1,,Flat,,,,,,Bright sun,840101,1,0,0,2,,,0,,,,,,Waikato Region,Nil,2-way,Sealed,,0,0,,50,,Off,0,0,,13,Waikato District,Give way,,,,,0,0,Urban,0,,,Fine,Null
1689792,6106188,20332,,501614,0,,0,0,,South,2006/2007,REDCLIFFS ROAD,RANGITANE ROAD,,Non-Injury Crash,No,2006,,North,,0,,Flat,,,,,,Overcast,44102,0,0,0,2,,,0,,,,,,Northland Region,Nil,2-way,Sealed,,0,0,,100,,None,1,0,,1,Far North District,Nil,,,,,1,0,Open,0,,,Fine,Null
1752925,5916573,20333,,517903,0,0,0,2,0,East,2006/2007,MOUNT ALBERT ROAD,NEW NORTH ROAD,,Minor Crash,No,2006,0,West,0,0,0,Flat,0,,0,,0,Overcast,520000,2,0,0,2,0,0,0,0,1,,0,0,Auckland Region,Nil,2-way,Sealed,0,0,0,0,50,0,Off,0,0,,76,Auckland,Nil,0,0,0,0,0,0,Urban,0,0,0,Fine,Null
1763173,5908106,20334,,524402,0,,0,2,,North,2005/2006,MASSEY ROAD,GRAY AVENUE,,Non-Injury Crash,No,2006,,South,,0,,Flat,,,,,,Overcast,750000,0,0,0,4,,,0,,,,,,Auckland Region,Nil,2-way,Sealed,,0,0,,50,,Off,0,0,,76,Auckland,Nil,,,,,0,0,Urban,0,,,Fine,Null
1801553,5821420,20335,,527009,0,,0,2,,Null,2005/2006,GORDONTON ROAD,THOMAS ROAD,,Fatal Crash,No,2006,,North,,1,,Flat,,,,,,Bright sun,952322,0,0,0,2,,,0,,,,,,Waikato Region,Nil,2-way,Sealed,,0,0,,80,,Off,0,0,,16,Hamilton City,Give way,,,,,0,0,Open,0,,,Fine,Null
1759951,5913898,20336,,519720,0,0,0,2,0,East,2006/2007,NGATIAWA ST,RAWHITI ROAD,,Non-Injury Crash,No,2006,0,West,0,0,0,Flat,0,,0,,0,Dark,592600,0,0,0,2,0,0,0,0,1,,0,0,Auckland Region,Nil,2-way,Sealed,0,0,0,0,50,0,On,0,0,,76,Auckland,Nil,0,0,0,0,0,0,Urban,1,0,0,Fine,Null
1838302,5914413,20337,,533200,0,,0,1,,South,2005/2006,SH 25,MILL CREEK ROAD,,Minor Crash,Yes,2006,,North,,0,,Hill Road,,,,,,Overcast,1046204,1,0,0,2,,,0,,,,,,Waikato Region,Nil,2-way,Sealed,,0,0,,100,,Null,0,0,,11,Thames-Coromandel District,Unknown,,,,,0,0,Open,0,,,Fine,Null
1798149,5815229,20338,,529000,0,0,0,1,0,Null,2006/2007,RIFLE RANGE ROAD,WEKA ST,,Non-Injury Crash,No,2006,0,West,0,0,1,Flat,0,,0,,0,Dark,916800,0,0,0,2,0,0,0,0,0,,0,0,Waikato Region,Nil,2-way,Sealed,0,0,0,0,50,0,On,0,0,,16,Hamilton City,Give way,0,1,0,0,0,0,Urban,0,0,0,Fine,Null
1764789,5909992,20339,,521802,0,,0,1,,Null,2006/2007,AVENUE ROAD,WATER ST,,Minor Crash,No,2006,,North,,0,,Flat,,,,,,Dark,788101,1,0,0,2,,,0,,,,,,Auckland Region,Nil,2-way,Sealed,,0,0,,50,,On,0,0,,76,Auckland,Nil,,,,,0,0,Urban,0,,,Fine,Null
1760161,5915943,20340,,516003,0,,0,1,,South,2006/2007,SH 1N,GREENLANE INT,,Non-Injury Crash,Yes,2006,,South,,0,,Flat,,,,,,Bright sun,494902,0,0,0,3,,,0,,,,,,Auckland Region,Nil,1-way,Sealed,,0,0,,100,,Off,0,0,,76,Auckland,Nil,,,,,1,0,Open,0,,,Fine,Strong wind
1752524,5917048,20341,,517800,1,,0,1,,Null,2006/2007,CARRINGTON ROAD,CARRINGTON TECH GT4,,Serious Crash,No,2006,,North,,0,,Hill Road,,,,,,Overcast,525500,0,0,0,2,,,0,,,,,,Auckland Region,Nil,2-way,Sealed,,0,1,,50,,Null,0,0,,76,Auckland,Traffic Signals,,,,,0,0,Urban,0,,,Fine,Null
1801989,5816933,20342,,530000,0,,0,2,,Null,2006/2007,BOUNDARY ROAD,PEACHGROVE ROAD,,Non-Injury Crash,No,2006,,South,,0,,Flat,,,,,,Overcast,865200,0,0,0,2,,,0,,,,,,Waikato Region,Nil,2-way,Sealed,,0,0,,50,,Off,0,0,,16,Hamilton City,Give way,,,,,0,0,Urban,0,,,Fine,Null
1681084,5406975,20343,,580431,0,0,0,0,0,North,2005/2006,VICKERMAN ST,STAFFORD ST,,Minor Crash,No,2006,0,South,1,0,0,Flat,0,,0,,0,Dark,2277400,1,0,0,2,0,0,0,0,0,,0,0,Marlborough Region,Nil,2-way,Sealed,0,0,0,0,80,0,None,0,0,,53,Marlborough District,Nil,0,0,0,0,0,0,Open,1,0,0,Fine,Null
1806915,5813301,20344,,527004,0,0,0,1,0,West,2005/2006,MATANGI ROAD,BILSTHORPE LANE,,Minor Crash,No,2006,0,East,0,0,1,Flat,0,,0,,0,Dark,956401,1,0,0,2,0,0,0,0,0,,0,1,Waikato Region,Nil,2-way,Sealed,0,0,0,0,80,0,None,0,0,,13,Waikato District,Unknown,0,0,0,0,0,0,Open,0,0,0,Mist or Fog,Null
1765047,5902908,20345,,524604,0,,0,0,,North,2006/2007,ROSCOMMON ROAD,WIRI STATION ROAD,,Non-Injury Crash,No,2006,,South,,0,,Flat,,,,,,Twilight,781302,0,0,0,4,,,0,,,,,,Auckland Region,Nil,2-way,Sealed,,0,0,,80,,Off,2,0,,76,Auckland,Nil,,,,,0,0,Open,0,,,Fine,Null
2039055,5707072,20346,,544801,1,,0,1,,West,2005/2006,SH 35,MILDURA PLACE,,Minor Crash,Yes,2006,,East,,0,,Flat,,,,,,Bright sun,1386700,1,0,0,2,,,0,,,,,,Gisborne Region,Nil,2-way,Sealed,,0,0,,50,,Null,0,0,,28,Gisborne District,Nil,,,,,0,0,Urban,0,,,Fine,Null
1758975,5904485,20347,,524200,0,,0,2,,North,2005/2006,GEORGE BOLT MEMORIAL DRIV,NIXON ROAD,,Minor Crash,No,2006,,South,,0,,Flat,,,,,,Dark,727800,1,0,0,4,,,0,,,,,,Auckland Region,Nil,2-way,Sealed,,0,0,,100,,On,0,0,,76,Auckland,Unknown,,,,,0,0,Open,0,,,Fine,Null
1770865,5916176,20348,,522601,0,0,0,1,0,West,2006/2007,MACLEANS ROAD,MURVALE DRIVE,,Non-Injury Crash,No,2006,0,West,0,0,1,Hill Road,0,Labour Weekend,0,,0,Overcast,678100,0,0,0,2,0,0,0,0,0,,0,0,Auckland Region,Nil,2-way,Sealed,0,0,0,0,50,0,Off,0,0,,76,Auckland,Nil,0,0,0,0,0,0,Urban,0,0,0,Light rain,Null
1768160,5911785,20349,,522910,0,0,0,1,0,East,2005/2006,TI RAKAU DRIVE,GOSSAMER DRIVE,,Minor Crash,No,2006,0,East,0,0,0,Flat,0,,0,,0,Dark,687802,1,0,1,4,0,0,0,0,0,,0,0,Auckland Region,Bridge,2-way,Sealed,0,0,0,0,60,0,On,0,0,,76,Auckland,Unknown,0,0,0,0,0,0,Urban,0,1,0,Fine,Null
1762271,5907061,20350,,524520,0,,0,2,,Null,2005/2006,BUCKLAND ROAD,MASSEY ROAD,,Non-Injury Crash,No,2006,,South,,0,,Flat,,,,,,Dark,735200,0,0,0,4,,,0,,,,,,Auckland Region,Nil,2-way,Sealed,,0,0,,50,,On,0,0,,76,Auckland,Traffic Signals,,,,,0,0,Urban,0,,,Fine,Null
1882730,5827968,20351,,536821,0,,0,2,,North,2005/2006,MARINE PARADE,HART ST,,Minor Crash,No,2006,,North,,0,,Flat,,,,,,Bright sun,1197700,1,0,0,2,,,0,,,,,,Bay of Plenty Region,Nil,2-way,Sealed,,0,0,,50,,Null,0,0,,23,Tauranga City,Unknown,,,,,0,0,Urban,0,,,Fine,Null
1885446,5721419,20352,,541344,0,,0,0,,South,2005/2006,BROADLANDS ROAD,RIVER ROAD,,Serious Crash,No,2006,,North,,0,,Flat,,,,,,Overcast,1261603,0,0,0,2,,,0,,,,,,Waikato Region,Nil,2-way,Sealed,,0,2,,100,,Null,0,0,,21,Taupo District,Unknown,,,,,0,0,Open,2,,,Light rain,Null
1769937,5914745,20353,,522722,1,,0,1,,East,2005/2006,PAKURANGA ROAD,AVIEMORE DRIVE,,Serious Crash,No,2006,,West,,0,,Flat,,,,,,Overcast,681308,0,0,0,4,,,0,,,,,,Auckland Region,Nil,2-way,Sealed,,0,1,,60,,Off,0,0,,76,Auckland,Nil,,,,,0,0,Urban,0,,,Fine,Null
1749886,5946038,20354,,506001,0,0,0,1,0,South,2005/2006,HIBISCUS COAST HIGHWAY,SILVERDALE ST,,Non-Injury Crash,No,2006,0,North,0,0,0,Flat,1,,0,,0,Dark,175400,0,0,0,4,0,0,0,0,0,,0,0,Auckland Region,Nil,2-way,Sealed,0,0,0,0,80,0,On,0,0,,76,Auckland,Nil,0,0,0,0,0,0,Open,0,0,0,Heavy rain,Null
1909227,5808755,20355,,536654,0,,0,1,,West,2005/2006,SH 2,PUKEHINA BEACH ROAD,,Serious Crash,Yes,2006,,East,,0,,Flat,,,,,,Bright sun,1213100,0,0,0,2,,,0,,,1,,,Bay of Plenty Region,Bridge,2-way,Sealed,,0,1,,100,,Null,0,0,,22,Western Bay of Plenty District,Unknown,,,,,0,0,Open,0,,,Fine,Null
1746618,5926015,20356,,513431,0,,0,2,,South,2005/2006,HOBSONVILLE ROAD,BRIGHAM CREEK ROAD,,Non-Injury Crash,No,2006,,South,,0,,Flat,,Queens Birthday,,,,Overcast,223802,0,0,0,2,,,0,,,,,,Auckland Region,Nil,2-way,Sealed,,0,0,,50,,Off,0,0,,76,Auckland,Nil,,,,,0,0,Urban,0,,,Fine,Null
1317198,4888175,20357,,607300,0,0,0,0,0,West,2006/2007,MILLER ROAD,STEWART ROAD,,Serious Crash,No,2006,0,East,1,0,0,Hill Road,0,,0,,0,Overcast,3002300,1,0,1,2,0,0,0,0,0,,0,0,Otago Region,Nil,2-way,Sealed,0,0,1,0,100,0,Null,0,0,,72,Clutha District,Unknown,0,0,0,0,0,0,Open,0,0,0,Fine,Strong wind
1755519,5920661,20358,,515202,0,0,0,2,0,North,2005/2006,ST MARYS ROAD,JERVOIS ROAD,,Non-Injury Crash,No,2006,0,North,0,0,0,Hill Road,0,,0,,0,Bright sun,425300,0,0,0,2,0,0,0,0,1,,0,0,Auckland Region,Nil,2-way,Sealed,0,0,0,0,50,0,Null,0,0,,76,Auckland,Unknown,0,0,0,0,0,0,Urban,0,0,0,Fine,Null
1751276,5934411,20359,,508701,0,,0,1,,Null,2006/2007,DAIRY FLAT HIGHWAY,GILLS ROAD,,Non-Injury Crash,No,2006,,North,,0,,Flat,,,,,,Overcast,178800,0,0,0,2,,,0,,,,,,Auckland Region,Nil,2-way,Sealed,,0,0,,50,,Null,0,0,,76,Auckland,Nil,,,,,0,0,Urban,1,,,Fine,Null
1871155,5716149,20360,,541312,0,0,0,0,0,North,2005/2006,RAKAUNUI ROAD,CENTENNIAL DRIVE,,Minor Crash,No,2006,0,South,0,0,0,Flat,0,,0,,0,Overcast,1278801,1,0,0,2,0,0,0,0,1,,0,0,Waikato Region,Nil,2-way,Sealed,0,0,0,0,70,0,Null,1,0,,21,Taupo District,Unknown,0,0,0,0,1,0,Urban,0,0,0,Fine,Null
1568502,5180611,20361,,590701,1,,0,1,,Null,2006/2007,KILMARNOCK ST,DARVEL ST,,Minor Crash,No,2006,,East,,0,,Flat,,,,,,Bright sun,2474500,1,0,0,2,,,0,,,,,,Canterbury Region,Nil,2-way,Sealed,,0,0,,50,,Null,0,0,,60,Christchurch City,Stop,,,,,0,0,Urban,0,,,Fine,Null
1679466,6088193,20362,,501632,0,0,0,1,0,South,2006/2007,SH 1N,SHOWGROUND ROAD,,Minor Crash,Yes,2006,0,South,0,0,1,Flat,0,,0,,0,Overcast,34700,1,0,0,2,0,0,0,0,0,,0,1,Northland Region,Nil,2-way,Sealed,0,0,0,0,100,0,None,0,0,,1,Far North District,Nil,0,0,0,0,0,0,Open,0,0,0,Fine,Null