X,Y,OBJECTID,advisorySpeed,areaUnitID,bicycle,bridge,bus,carStationWagon,cliffBank,crashDirectionDescription,crashFinancialYear,crashLocation1,crashLocation2,crashRoadSideRoad,crashSeverity,crashSHDescription,crashYear,debris,directionRoleDescription,ditch,fatalCount,fence,flatHill,guardRail,holiday,houseOrBuilding,intersection,kerb,light,meshblockId,minorInjuryCount,moped,motorcycle,NumberOfLanes,objectThrownOrDropped,otherObject,otherVehicleType,overBank,parkedVehicle,pedestrian,phoneBoxEtc,postOrPole,region,roadCharacter,roadLane,roadSurface,roadworks,schoolBus,seriousInjuryCount,slipOrFlood,speedLimit,strayAnimal,streetLight,suv,taxi,temporarySpeedLimit,tlaId,tlaName,trafficControl,trafficIsland,trafficSign,train,tree,truck,unknownVehicleType,urban,vanOrUtility,vehicle,waterRiver,weatherA,weatherB
1725115,6030932,20363,,501811,0,,0,1,,South,2005/2006,SH 1N,COTTON ROAD,,Non-Injury Crash,Yes,2006,,North,,0,,Flat,,,,,,Bright sun,78601,0,0,0,2,,,0,,,,,,Northland Region,Nil,2-way,Sealed,,0,0,,100,,None,1,0,,2,Whangarei District,Nil,,,,,0,0,Open,0,,,Fine,Null
1756012,5921087,20364,,515202,0,0,0,2,0,North,2005/2006,SH 1N,FANSHAWE OFF SBD,,Non-Injury Crash,Yes,2006,0,South,0,0,0,Flat,1,,0,,0,Overcast,425600,0,0,0,4,0,0,0,0,0,,0,0,Auckland Region,Nil,1-way,Sealed,0,0,0,0,80,0,Off,0,0,,76,Auckland,Nil,0,0,0,0,0,0,Open,0,0,0,Light rain,Null
1765468,5915777,20365,,520601,0,,1,1,,North,2005/2006,PILKINGTON ROAD,COURT CRESCENT N,,Minor Crash,No,2006,,South,,0,,Flat,,,,,,Overcast,633800,1,0,0,2,,,0,,,,,,Auckland Region,Nil,2-way,Sealed,,1,0,,50,,Off,0,0,,76,Auckland,Nil,,,,,0,0,Urban,0,,,Fine,Null
1928892,5606140,20366,,547700,0,0,0,2,0,East,2006/2007,HERETAUNGA ST WEST,STORTFORD ST,,Minor Crash,No,2006,0,East,0,0,0,Flat,0,,0,,0,Bright sun,1486700,1,0,0,2,0,0,0,0,1,,0,1,Hawke's Bay Region,Nil,2-way,Sealed,0,0,0,0,50,0,Null,0,0,,30,Hastings District,Nil,0,0,0,0,0,0,Urban,0,0,0,Fine,Null
1765303,5906601,20367,,522202,0,,0,2,,North,2005/2006,KOLMAR ROAD,WESTON AVENUE,,Non-Injury Crash,No,2006,,North,,0,,Flat,,,,,,Overcast,663600,0,0,0,2,,,0,,,,,,Auckland Region,Nil,2-way,Sealed,,0,0,,50,,Off,1,0,,76,Auckland,Nil,,,,,0,0,Urban,0,,,Fine,Null
1768779,5810862,20368,,526602,0,0,0,0,0,East,2006/2007,SH 23,TE MATA ROAD,,Minor Crash,Yes,2006,0,West,0,0,0,Hill Road,0,,0,,0,Bright sun,860800,1,0,0,2,0,0,0,0,0,,0,0,Waikato Region,Nil,2-way,Sealed,0,0,0,0,100,0,None,0,0,,13,Waikato District,Nil,0,1,0,0,2,0,Open,0,0,0,Fine,Null
1760611,5912350,20369,,520000,0,,0,1,,Null,2005/2006,CHURCH ST,MAYS ROAD,,Non-Injury Crash,No,2006,,East,,0,,Flat,,,,,,Dark,606700,0,0,0,2,,,0,,,,,,Auckland Region,Nil,2-way,Sealed,,0,0,,50,,On,1,0,,76,Auckland,Stop,,,,,0,0,Urban,0,,,Light rain,Null
1817481,5543973,20370,,560720,0,0,0,1,0,Null,2005/2006,WEST ST,RANFURLY ROAD,,Minor Crash,No,2006,0,North,0,0,0,Flat,0,,1,,0,Bright sun,1766500,2,0,0,2,0,0,0,0,0,,0,1,Manawatū-Whanganui Region,Nil,2-way,Sealed,0,0,0,0,50,0,Null,0,0,,39,Manawatu District,Give way,0,0,0,0,0,0,Urban,1,0,0,Fine,Null
1435883,5015738,20371,,600826,0,0,0,1,0,West,2005/2006,COAL PIT ROAD,HORSE GULLY ROAD,,Minor Crash,No,2006,0,West,0,0,0,Hill Road,0,,0,,0,Bright sun,2827400,3,0,0,2,0,0,0,1,0,,0,0,Otago Region,Nil,2-way,Sealed,0,0,0,0,100,0,Null,0,0,50,68,Waitaki District,Unknown,0,0,0,1,0,0,Open,0,0,0,Fine,Null
1838321,5792329,20372,,535250,0,0,0,1,0,West,2005/2006,SH 1N,PUKETIRAU ROAD,,Fatal Crash,Yes,2006,0,East,0,1,1,Flat,0,,0,,0,Bright sun,1125301,0,0,0,2,0,0,0,0,0,,0,0,Waikato Region,Nil,2-way,Sealed,0,0,0,0,100,0,None,0,0,,19,South Waikato District,Nil,0,0,0,0,0,0,Open,0,0,0,Fine,Null
1275256,5011576,20373,,609031,0,0,0,1,1,West,2006/2007,CROWN RANGE ROAD,GLENCOE ROAD,,Minor Crash,No,2006,0,East,1,0,0,Flat,0,,0,,0,Overcast,3039900,1,0,0,2,0,0,0,0,0,,0,0,Otago Region,Nil,2-way,Sealed,0,0,0,0,100,0,Null,0,0,,70,Queenstown-Lakes District,Unknown,0,0,0,0,0,0,Open,0,0,0,Light rain,Null
1767496,5904559,20374,,524604,0,,0,2,,South,2006/2007,LEYTON WAY,RONWOOD AVENUE,,Minor Crash,No,2006,,South,,0,,Flat,,,,,,Overcast,780204,2,0,0,2,,,0,,,,,,Auckland Region,Nil,2-way,Sealed,,0,0,,50,,Off,0,0,,76,Auckland,Nil,,,,,0,0,Urban,0,,,Light rain,Null
1756121,5920985,20375,,515202,0,,0,2,,South,2005/2006,SH 1N,FANSHAWE ON NBD,,Non-Injury Crash,Yes,2006,,North,,0,,Flat,,,,,,Bright sun,425600,0,0,0,8,,,0,,,,,,Auckland Region,Nil,2-way,Sealed,,0,0,,80,,Off,0,0,,76,Auckland,Nil,,,,,0,0,Open,0,,,Fine,Null
1567293,5178630,20376,,590300,1,0,0,1,0,South,2006/2007,WRIGHTS ROAD,BIRMINGHAM DRIVE,,Serious Crash,No,2006,0,South,0,0,0,Flat,0,,0,,0,Bright sun,2539101,0,0,0,2,0,0,0,0,1,,0,0,Canterbury Region,Nil,2-way,Sealed,0,0,1,0,50,0,Null,0,0,,60,Christchurch City,Unknown,0,0,0,0,0,0,Urban,0,0,0,Fine,Null
1769853,5899423,20377,,523920,0,,0,0,,South,2005/2006,GREAT SOUTH ROAD,TAKANINI ON NBD,,Minor Crash,No,2006,,North,,0,,Flat,,,,,,Bright sun,767921,1,0,0,4,,,0,,,,,,Auckland Region,Nil,2-way,Sealed,,0,0,,70,,Off,1,0,,76,Auckland,Traffic Signals,,,,,1,0,Urban,0,,,Fine,Null
1770358,5898557,20378,,523920,0,,0,2,,Null,2005/2006,WALTER STREVENS DRIVE,ROSS MARTIN COURT,,Non-Injury Crash,No,2006,,East,,0,,Flat,,,,,,Bright sun,768002,0,0,0,1,,,0,,,,,,Auckland Region,Nil,2-way,Sealed,,0,0,,50,,Off,0,0,,76,Auckland,Nil,,,,,0,0,Urban,0,,,Fine,Null
1746123,5925537,20379,,513431,0,0,0,1,0,South,2006/2007,HOBSONVILLE ROAD,SUNCREST DRIVE,,Minor Crash,No,2006,0,North,0,0,1,Flat,0,Christmas New Year,1,,1,Bright sun,223802,1,0,0,2,0,0,0,0,0,,0,0,Auckland Region,Nil,2-way,Sealed,0,0,0,0,50,0,Off,0,0,,76,Auckland,Nil,0,0,0,0,0,0,Urban,0,0,0,Fine,Null
1880237,5733092,20380,,538841,0,,0,0,,East,2005/2006,TUTUKAU ROAD,TE KOPIA ROAD,,Non-Injury Crash,No,2006,,South,,0,,Flat,,,,,,Overcast,1262000,0,0,0,2,,,0,,,,,,Waikato Region,Nil,2-way,Sealed,,0,0,,100,,Null,1,0,,24,Rotorua District,Unknown,,,,,0,0,Open,0,,,Mist or Fog,Frost
1561422,5178696,20381,,587400,0,,0,2,,Null,2005/2006,SH 1S MAIN SOUTH,GOULDING AVENUE,,Serious Crash,Yes,2006,,West,,0,,Flat,,,,,,Dark,2488300,1,0,0,4,,,0,,,,,,Canterbury Region,Nil,2-way,Sealed,,0,1,,60,,On,0,0,,60,Christchurch City,Traffic Signals,,,,,0,0,Urban,0,,,Light rain,Null
1599750,5451921,20382,,581850,0,,0,1,,North,2005/2006,SH 60,UMUKURI ROAD,,Minor Crash,Yes,2006,,North,,0,,Flat,,,,,,Bright sun,2369100,1,0,0,2,,,0,,,,,,Tasman Region,Nil,2-way,Sealed,,0,0,,50,,Null,1,0,,51,Tasman District,Nil,,,,,0,0,Urban,0,,,Fine,Null
1867707,5713427,20383,,541720,0,,0,1,,Null,2005/2006,TAMAMUTU ST,KAIMANAWA ST,,Non-Injury Crash,No,2006,,West,,0,,Flat,,,,,,Overcast,1273200,0,0,0,2,,,0,,,,,,Waikato Region,Nil,2-way,Sealed,,0,0,,50,,Null,1,0,,21,Taupo District,Stop,,,,,0,0,Urban,0,,,Heavy rain,Null
1760528,5812041,20384,25,526602,0,,0,2,,East,2005/2006,WAINUI ROAD,EARLES PLACE,,Minor Crash,No,2006,,East,,0,,Hill Road,,,,,,Bright sun,861504,1,0,0,2,,,0,,,,,,Waikato Region,Nil,2-way,Sealed,,0,0,,100,,Null,0,0,,13,Waikato District,Unknown,,,,,0,0,Open,0,,,Fine,Null
1802459,5814983,20385,,530200,0,,0,2,,West,2005/2006,CLYDE ST,GALLOWAY ST,,Non-Injury Crash,No,2006,,East,,0,,Flat,,,,,,Bright sun,893300,0,0,0,2,,,0,,,,,,Waikato Region,Nil,2-way,Sealed,,0,0,,50,,Off,0,0,,16,Hamilton City,Nil,,,,,0,0,Urban,0,,,Fine,Null
1798657,5428661,20386,,579803,0,,0,1,,South,2006/2007,LAKE FERRY ROAD,PUKIO EAST ROAD,,Minor Crash,No,2006,,North,,0,,Hill Road,,,,,,Overcast,2276500,1,0,1,2,,,0,,,,,,Wellington Region,Nil,2-way,Sealed,,0,0,,100,,Null,0,0,,50,South Wairarapa District,Nil,,,,,0,0,Open,0,,,Light rain,Null
1762848,5917340,20387,,516302,0,,0,1,,Null,2006/2007,ST JOHNS ROAD,TEMPLE ST,,Non-Injury Crash,No,2006,,West,,0,,Flat,,,,,,Bright sun,462808,0,0,0,2,,,0,,,,,,Auckland Region,Nil,2-way,Sealed,,0,0,,50,,Off,0,0,,76,Auckland,Give way,,,,,1,0,Urban,0,,,Fine,Null
1578580,5180466,20388,,595900,0,,0,2,,South,2006/2007,ESTUARY ROAD,BEATTY ST,,Serious Crash,No,2006,,North,,0,,Flat,,,,,,Bright sun,2557200,1,0,0,2,,,0,,,,,,Canterbury Region,Nil,2-way,Sealed,,0,1,,50,,Null,0,0,,60,Christchurch City,Unknown,,,,,0,0,Urban,0,,,Fine,Null
1418929,4948621,20389,,601400,0,0,0,1,0,East,2006/2007,SH 1S,GLASGOW ST,,Serious Crash,Yes,2006,0,East,0,0,0,Flat,0,,0,,0,Dark,2855700,2,0,0,2,0,0,0,0,0,,0,0,Otago Region,Nil,2-way,Sealed,0,0,1,0,50,0,On,0,0,,71,Dunedin City,Unknown,0,0,0,1,0,0,Urban,0,0,0,Fine,Null
1768585,5902967,20390,,524602,0,0,0,1,0,East,2006/2007,AZALEA PLACE,RATA VINE DRIVE,,Non-Injury Crash,No,2006,0,East,0,0,0,Flat,0,,1,,0,Dark,780509,0,0,0,1,0,0,0,0,0,,0,0,Auckland Region,Nil,2-way,Sealed,0,0,0,0,50,0,On,0,0,,76,Auckland,Nil,0,0,0,0,0,0,Urban,0,0,0,Fine,Null
1749051,5427473,20391,,573101,0,,0,1,,Null,2006/2007,CABLE ST,TARANAKI ST,,Minor Crash,No,2006,,East,,0,,Flat,,,,,,Dark,2133100,1,0,0,3,,,0,,,1,,,Wellington Region,Nil,1-way,Sealed,,0,0,,50,,On,0,0,,47,Wellington City,Traffic Signals,,,,,0,0,Urban,0,,,Fine,Null
1790288,5837387,20392,,526601,0,0,0,1,1,North,2006/2007,RIVERVIEW ROAD,HAKARIMATA ROAD,,Non-Injury Crash,No,2006,0,North,0,0,0,Flat,0,,0,,0,Overcast,852200,0,0,0,2,0,0,0,0,0,,0,0,Waikato Region,Nil,2-way,Sealed,0,0,0,0,100,0,None,0,0,,13,Waikato District,Nil,0,0,0,0,0,0,Open,0,0,0,Light rain,Null
1836908,5793369,20393,,535250,0,0,0,1,0,West,2006/2007,SH 1N,PUKETIRAU ROAD,,Minor Crash,Yes,2006,0,East,1,0,0,Flat,0,,0,,0,Bright sun,1125200,3,0,0,2,0,0,0,0,0,,0,0,Waikato Region,Nil,1-way,Sealed,0,0,0,0,100,0,None,0,0,,19,South Waikato District,Nil,0,0,0,0,0,0,Open,0,0,0,Fine,Null
1761178,5912413,20394,,519500,0,,0,1,,West,2005/2006,CHURCH ST,MAURICE ROAD,,Non-Injury Crash,No,2006,,West,,0,,Flat,,,,,,Bright sun,621900,0,0,0,2,,,0,,,,,,Auckland Region,Nil,2-way,Sealed,,0,0,,50,,Null,0,0,,76,Auckland,Unknown,,,,,0,0,Urban,1,,,Fine,Null
1764967,5914761,20395,,520301,0,,0,0,,Null,2005/2006,JELLICOE ROAD,PANMURE ROUNDABOUT,,Non-Injury Crash,No,2006,,South,,0,,Flat,,,,,,Dark,628300,0,0,0,4,,,0,,,,,,Auckland Region,Nil,2-way,Sealed,,0,0,,50,,None,0,0,,76,Auckland,Nil,,,,,0,0,Urban,2,,,Fine,Null
1462157,5098011,20396,,598312,0,,0,2,,North,2005/2006,SH 1S,GEORGETOWN ROAD,,Serious Crash,Yes,2006,,North,,0,,Flat,,,,,,Overcast,2771100,1,0,0,2,,,0,,,,,,Canterbury Region,Nil,2-way,Sealed,,0,1,,80,,Null,0,0,50,64,Timaru District,Unknown,,,,,0,0,Open,0,,,Fine,Null
1723449,6040488,20397,,504100,0,,0,2,,Null,2006/2007,CHURCH ST,WHIMP AVENUE,,Non-Injury Crash,No,2006,,East,,0,,Flat,,,,,,Bright sun,112600,0,0,0,2,,,0,,,,,,Northland Region,Nil,2-way,Sealed,,0,0,,50,,Off,0,0,,2,Whangarei District,Give way,,,,,0,0,Urban,0,,,Null,Null
1405956,4914710,20398,,604410,0,,0,1,,South,2006/2007,KING EDWARD ST,HILLSIDE ROAD,,Fatal Crash,No,2006,,North,,1,,Flat,,,,,,Overcast,2931600,0,0,0,2,,,0,,,1,,,Otago Region,Nil,2-way,Sealed,,0,0,,50,,Null,0,0,,71,Dunedin City,Unknown,,,,,0,0,Urban,0,,,Fine,Null
1745197,5918843,20399,,513302,0,,0,2,,North,2005/2006,LINCOLN ROAD,FAIRDENE AVENUE,,Non-Injury Crash,No,2006,,North,,0,,Flat,,,,,,Bright sun,230802,0,0,0,4,,,0,,,,,,Auckland Region,Nil,2-way,Sealed,,0,0,,50,,Off,0,0,,76,Auckland,Nil,,,,,0,0,Urban,0,,,Fine,Null
1844935,5524770,20400,,577900,0,1,0,1,0,Null,2005/2006,SH 2,NGAWAPURUA RLY OBR,,Fatal Crash,Yes,2006,0,North,0,1,0,Flat,0,,0,,0,Dark,2220500,0,0,0,2,0,0,0,1,0,,0,0,Manawatū-Whanganui Region,Bridge,2-way,Sealed,0,0,0,0,100,0,None,0,0,,41,Tararua District,Nil,0,0,0,0,0,0,Open,0,0,0,Light rain,Null
1751049,5878007,20401,,521151,0,,0,1,,South,2006/2007,AWHITU ROAD,KAIHAU ROAD,,Non-Injury Crash,No,2006,,South,,0,,Hill Road,,,,,,Dark,831100,0,0,0,2,,,0,,,,,,Auckland Region,Nil,2-way,Sealed,,0,0,,100,,None,0,0,,76,Auckland,Nil,,,,,0,0,Open,0,,,Light rain,Null
1936789,5619449,20402,,546902,0,0,0,2,0,North,2006/2007,MCGRATH ST,ELLISON ST,,Minor Crash,No,2006,0,North,0,0,0,Flat,0,,0,,0,Twilight,1433400,1,0,0,2,0,0,0,0,1,,0,0,Hawke's Bay Region,Nil,2-way,Sealed,0,0,0,0,50,0,On,0,0,,31,Napier City,Nil,0,0,0,1,0,0,Urban,0,0,0,Mist or Fog,Null
1844103,5785505,20403,,535600,0,0,0,1,0,North,2006/2007,SH 1N,MARGARET ST,,Non-Injury Crash,Yes,2006,0,South,0,0,0,Hill Road,0,,0,,0,Bright sun,1129401,0,0,0,2,0,0,0,0,0,,0,0,Waikato Region,Nil,2-way,Sealed,0,0,0,0,50,0,Off,0,0,,19,South Waikato District,Nil,0,0,0,0,1,0,Urban,0,1,0,Fine,Null
1891223,5809293,20404,,536642,0,0,0,1,0,South,2005/2006,NO 2 ROAD,DUDLEY VERCOE DRIVE,,Serious Crash,No,2006,0,West,0,0,0,Flat,1,,0,,0,Dark,1208001,0,0,0,2,0,0,0,0,0,,0,0,Bay of Plenty Region,Nil,2-way,Sealed,0,0,1,0,100,0,None,0,0,,22,Western Bay of Plenty District,Nil,0,0,0,0,0,0,Open,0,0,0,Fine,Null
1755554,5917917,20405,,517500,0,,0,3,,East,2005/2006,NEW NORTH ROAD,CENTRAL ROAD,,Minor Crash,No,2006,,West,,0,,Flat,,,,,,Overcast,531300,1,0,0,3,,,0,,,,,,Auckland Region,Nil,2-way,Sealed,,0,0,,50,,Off,0,0,,76,Auckland,Nil,,,,,0,0,Urban,0,,,Fine,Null
1693037,5675196,20406,,552500,0,,0,2,,Null,2005/2006,CARRINGTON ST,SHORTLAND ST,,Minor Crash,No,2006,,North,,0,,Hill Road,,,,,,Dark,1569900,2,0,0,2,,,0,,,,,,Taranaki Region,Nil,2-way,Sealed,,0,0,,50,,On,0,0,,33,New Plymouth District,Give way,,,,,0,0,Urban,0,,,Fine,Null
1749452,5914190,20407,,511302,0,,0,2,,West,2006/2007,RIMU ST,RATA ST,,Non-Injury Crash,No,2006,,West,,0,,Hill Road,,,,,,Dark,268800,0,0,0,2,,,0,,,,,,Auckland Region,Nil,2-way,Sealed,,0,0,,50,,On,0,0,,76,Auckland,Nil,,,,,0,0,Urban,1,,,Fine,Null
1769884,5899797,20408,,523920,0,,0,1,,North,2005/2006,SH 1N,GT SOUTH OBR,,Minor Crash,Yes,2006,,North,,0,,Flat,,,,,,Overcast,767921,1,0,0,2,,,0,,,,,,Auckland Region,Nil,1-way,Sealed,,0,0,,100,,Off,0,0,,76,Auckland,Nil,,,,,1,0,Open,0,,,Fine,Null
1876804,5821156,20409,,537500,0,0,0,1,0,Null,2005/2006,CAMERON ROAD,KAURI ST,,Serious Crash,No,2006,0,North,0,0,0,Flat,0,,0,,0,Dark,1171700,3,0,0,2,0,1,0,0,0,,0,0,Bay of Plenty Region,Nil,2-way,Sealed,0,0,1,0,50,0,On,0,0,,23,Tauranga City,Give way,0,0,0,0,0,0,Urban,0,0,0,Fine,Null
1773080,5896897,20410,,525630,0,,0,1,,Null,2005/2006,INGRAM ST,RENWICK ST,,Minor Crash,No,2006,,West,,0,,Flat,,,,,,Bright sun,794200,1,0,1,2,,,0,,,,,,Auckland Region,Nil,2-way,Sealed,,0,0,,50,,Off,0,0,,76,Auckland,Nil,,,,,0,0,Urban,0,,,Fine,Null
1744914,5914394,20411,,512905,0,,0,2,,Null,2006/2007,SEYMOUR ROAD,PARRS CROSS ROAD,,Non-Injury Crash,No,2006,,South,,0,,Flat,,,,,,Bright sun,278903,0,0,0,2,,,0,,,,,,Auckland Region,Nil,2-way,Sealed,,0,0,,50,,Off,0,0,,76,Auckland,Give way,,,,,0,0,Urban,0,,,Fine,Null
1867816,5713394,20412,,541720,1,,0,1,,East,2005/2006,TAMAMUTU ST,HANSEN COURT,,Minor Crash,No,2006,,West,,0,,Hill Road,,,,,,Bright sun,1273200,1,0,0,1,,,0,,,,,,Waikato Region,Nil,2-way,Sealed,,0,0,,50,,Off,0,0,,21,Taupo District,Nil,,,,,0,0,Urban,0,,,Fine,Null
1935748,5618688,20413,,546700,0,0,0,2,0,Null,2005/2006,LONGFELLOW AVENUE,PERCY SPILLER AVENUE,,Minor Crash,No,2006,0,East,0,0,0,Flat,0,,0,,0,Dark,1446200,2,0,0,2,0,0,0,0,0,,0,0,Hawke's Bay Region,Nil,2-way,Sealed,0,0,0,0,50,0,On,0,0,,31,Napier City,Nil,0,0,0,1,0,0,Urban,0,0,0,Fine,Null
1638851,6065039,20414,,500802,0,,0,1,,North,2005/2006,SH 12,MITCHELL ROAD,,Minor Crash,Yes,2006,,South,,0,,Flat,,,,,,Dark,26500,1,0,0,2,,,0,,,,,,Northland Region,Nil,2-way,Sealed,,0,0,,100,,None,0,0,,1,Far North District,Nil,,,,,0,0,Open,0,,,Fine,Null
1288886,4876998,20415,85,610033,0,0,0,0,1,West,2005/2006,SH 93,FERNDALE ROAD,,Minor Crash,Yes,2006,0,East,0,0,0,Hill Road,0,,0,,0,Overcast,3053900,3,0,0,2,0,0,0,0,0,,0,0,Southland Region,Nil,2-way,Sealed,0,0,0,0,100,0,Null,0,0,,74,Gore District,Unknown,0,0,0,0,0,0,Open,1,0,0,Heavy rain,Strong wind
2037464,5709601,20416,,544500,0,,0,0,,Null,2005/2006,BALLANCE ST,CLIFFORD ST,,Minor Crash,No,2006,,North,,0,,Flat,,,,,,Bright sun,1379400,1,0,0,2,,,0,,,,,,Gisborne Region,Nil,2-way,Sealed,,0,0,,50,,Null,0,0,,28,Gisborne District,Give way,,,,,0,0,Urban,2,,,Fine,Null
1585258,6180685,20417,,500206,0,0,0,1,0,North,2006/2007,SH 1N,TE HAPUA ROAD,,Minor Crash,Yes,2006,0,South,0,0,0,Hill Road,0,,0,,0,Bright sun,100,1,0,0,2,0,0,0,0,0,,0,0,Northland Region,Nil,2-way,Unsealed,0,0,0,0,100,0,None,0,0,,1,Far North District,Nil,0,0,0,1,0,0,Open,0,0,0,Fine,Null
1760267,5908871,20418,,524403,0,0,0,1,0,West,2005/2006,WALMSLEY ROAD,ROBERTSON ROAD,,Non-Injury Crash,No,2006,0,East,0,0,0,Flat,0,,0,,0,Bright sun,729901,0,0,0,2,0,0,0,0,1,,0,0,Auckland Region,Nil,2-way,Sealed,0,0,0,0,50,0,Off,0,0,,76,Auckland,Nil,0,0,0,0,1,0,Urban,0,0,0,Fine,Null
1762548,5437358,20419,,568301,0,,0,1,,Null,2005/2006,PARK AVENUE,AIRDRIE AVENUE,,Non-Injury Crash,No,2006,,East,,0,,Flat,,,,,,Overcast,1948700,0,0,1,2,,,0,,,,,,Wellington Region,Nil,2-way,Sealed,,0,0,,50,,Null,0,0,,46,Lower Hutt City,Give way,,,,,0,0,Urban,0,,,Fine,Null
1768624,5901006,20420,,525001,0,,0,2,,South,2005/2006,Z CPK SOUTHMALL SC,STATION ROAD,,Non-Injury Crash,No,2006,,North,,0,,Flat,,,,,,Bright sun,751600,0,0,0,0,,,0,,,,,,Auckland Region,Nil,Off road,Sealed,,0,0,,50,,Off,0,0,,76,Auckland,Nil,,,,,0,0,Urban,0,,,Fine,Null
1766025,5900490,20421,,524821,0,,0,2,,Null,2006/2007,ROSCOMMON ROAD,BURUNDI AVENUE,,Non-Injury Crash,No,2006,,North,,0,,Flat,,,,,,Bright sun,774405,0,0,0,2,,,0,,,,,,Auckland Region,Nil,2-way,Sealed,,0,0,,50,,Null,0,0,,76,Auckland,Nil,,,,,0,0,Urban,0,,,Fine,Null
1768337,5913313,20422,,523000,0,,0,1,,North,2006/2007,GOSSAMER DRIVE,LARNE AVENUE,,Minor Crash,No,2006,,North,,0,,Flat,,,,,,Dark,691000,1,0,0,2,,,0,,,1,,,Auckland Region,Nil,2-way,Sealed,,0,0,,50,,On,0,0,,76,Auckland,Nil,,,,,0,0,Urban,0,,,Heavy rain,Null
1801732,5815386,20423,,530200,0,,0,1,,North,2006/2007,GREY ST,DAWSON ST,,Minor Crash,No,2006,,North,,0,,Hill Road,,,,,,Bright sun,896200,2,0,0,2,,,0,,,,,,Waikato Region,Nil,2-way,Sealed,,0,0,,50,,Null,0,0,,16,Hamilton City,Unknown,,,,,0,0,Urban,1,,,Fine,Null
1765030,5904684,20424,,522100,0,0,0,1,0,Null,2006/2007,PUHINUI ROAD,KENDERDINE ROAD,,Non-Injury Crash,No,2006,0,North,0,0,1,Flat,0,,0,,0,Dark,660300,0,0,0,2,0,0,0,0,0,,0,1,Auckland Region,Nil,2-way,Sealed,0,0,0,0,50,0,On,0,0,,76,Auckland,Nil,0,1,0,0,0,0,Urban,0,0,0,Fine,Strong wind
1564640,5181681,20425,,589900,0,0,0,3,0,West,2006/2007,MAIDSTONE ROAD,KIRKDALE PLACE,,Minor Crash,No,2006,0,West,0,0,0,Flat,0,,0,,0,Dark,2533400,2,0,0,2,0,0,0,0,2,,0,0,Canterbury Region,Nil,2-way,Sealed,0,0,0,0,50,0,None,0,0,,60,Christchurch City,Unknown,0,0,0,0,0,0,Urban,0,0,0,Light rain,Null
1762375,5913308,20426,,520500,0,,0,2,,South,2005/2006,SH 1N,PENROSE OBR,,Non-Injury Crash,Yes,2006,,North,,0,,Flat,,,,,,Bright sun,637200,0,0,0,3,,,0,,,,,,Auckland Region,Nil,2-way,Sealed,,0,0,,100,,Off,0,0,,76,Auckland,Nil,,,,,0,0,Open,0,,,Fine,Null
1756431,5927790,20427,,507900,0,,0,2,,Null,2005/2006,SHAKESPEARE ROAD,TAHAROTO ROAD,,Minor Crash,No,2006,,West,,0,,Flat,,,,,,Bright sun,305202,2,0,0,2,,,0,,,,,,Auckland Region,Nil,2-way,Sealed,,0,0,,50,,Off,0,0,,76,Auckland,Give way,,,,,0,0,Urban,0,,,Fine,Null
1680572,5404323,20428,,581220,0,,0,0,,East,2005/2006,ELIZABETH ST,LUCAS ST,,Serious Crash,No,2006,,East,,0,,Flat,,,,,,Bright sun,2295900,0,0,0,2,,,0,,,1,,,Marlborough Region,Nil,2-way,Sealed,,0,1,,50,,Null,1,0,,53,Marlborough District,Nil,,,,,0,0,Urban,0,,,Fine,Null
1823865,5525530,20429,,561902,1,,0,0,,Null,2005/2006,SH 57,TURITEA ROAD,,Serious Crash,Yes,2006,,South,,0,,Flat,,,,,,Overcast,1799501,0,0,0,2,,,0,,,,,,Manawatū-Whanganui Region,Nil,2-way,Sealed,,0,1,,80,,Null,0,0,,40,Palmerston North City,Give way,,,,,0,0,Open,1,,,Fine,Null
1750663,5912804,20430,,511303,0,0,0,2,0,Null,2005/2006,PORTAGE ROAD,BOLTON ST,,Non-Injury Crash,No,2006,0,South,0,0,1,Flat,0,,0,,0,Bright sun,265400,0,0,0,2,0,0,0,0,0,,0,0,Auckland Region,Nil,2-way,Sealed,0,0,0,0,50,0,Off,0,0,,76,Auckland,Give way,0,0,0,0,0,0,Urban,0,0,0,Fine,Null
1757319,5921146,20431,,514101,0,,0,0,,West,2005/2006,Z CPK PRINCESS WHARF,LOWER HOBSON ST,,Minor Crash,No,2006,,North,,0,,Flat,,,,,,Dark,438209,1,0,0,1,,,0,,,1,,,Auckland Region,Nil,Off road,Sealed,,0,0,,10,,On,0,0,,76,Auckland,Nil,,,,,0,0,Urban,1,,,Fine,Null
1755647,5928446,20432,,508320,0,,0,1,,Null,2005/2006,WAIRAU ROAD,ARCHERS ROAD,,Serious Crash,No,2006,,North,,0,,Flat,,,,,,Dark,198500,2,0,0,5,,,0,,,,,,Auckland Region,Nil,2-way,Sealed,,0,1,,50,,On,0,0,,76,Auckland,Traffic Signals,,,,,0,0,Urban,1,,,Light rain,Null
1313260,4944037,20433,,607501,0,0,0,1,1,North,2006/2007,SH 8,LANGLEA ROAD,,Serious Crash,Yes,2006,0,South,1,0,0,Flat,0,,0,,0,Bright sun,3005300,0,0,0,2,0,0,0,0,0,,0,0,Otago Region,Nil,2-way,Sealed,0,0,1,0,100,0,Null,0,0,,69,Central Otago District,Nil,0,0,0,0,0,0,Open,0,0,0,Fine,Null