X,Y,OBJECTID,advisorySpeed,areaUnitID,bicycle,bridge,bus,carStationWagon,cliffBank,crashDirectionDescription,crashFinancialYear,crashLocation1,crashLocation2,crashRoadSideRoad,crashSeverity,crashSHDescription,crashYear,debris,directionRoleDescription,ditch,fatalCount,fence,flatHill,guardRail,holiday,houseOrBuilding,intersection,kerb,light,meshblockId,minorInjuryCount,moped,motorcycle,NumberOfLanes,objectThrownOrDropped,otherObject,otherVehicleType,overBank,parkedVehicle,pedestrian,phoneBoxEtc,postOrPole,region,roadCharacter,roadLane,roadSurface,roadworks,schoolBus,seriousInjuryCount,slipOrFlood,speedLimit,strayAnimal,streetLight,suv,taxi,temporarySpeedLimit,tlaId,tlaName,trafficControl,trafficIsland,trafficSign,train,tree,truck,unknownVehicleType,urban,vanOrUtility,vehicle,waterRiver,weatherA,weatherB
1819483,5532773,20434,,561811,0,0,1,2,0,North,2006/2007,SH 3,FLYGERS LINE,,Minor Crash,Yes,2006,0,North,0,0,0,Flat,0,,0,,0,Dark,1794400,1,0,0,2,0,0,0,0,0,,0,0,Manawatū-Whanganui Region,Nil,2-way,Sealed,0,0,0,0,100,0,None,0,0,,40,Palmerston North City,Nil,0,0,0,0,0,0,Open,0,0,0,Fine,Null
1756284,5927445,20435,,507900,0,,0,2,,South,2006/2007,SH 1N,NORTHCOTE OFF SBD,,Non-Injury Crash,Yes,2006,,South,,0,,Flat,,,,,,Overcast,305202,0,0,0,3,,,0,,,,,,Auckland Region,Nil,1-way,Sealed,,0,0,,100,,Off,0,0,,76,Auckland,Nil,,,,,0,0,Open,0,,,Fine,Null
1821937,5529072,20436,,562800,1,,0,1,,Null,2006/2007,FERGUSON ST,FITZHERBERT AVENUE,,Minor Crash,No,2006,,South,,0,,Flat,,,,,,Bright sun,1828700,1,0,0,2,,,0,,,,,,Manawatū-Whanganui Region,Nil,2-way,Sealed,,0,0,,50,,Null,0,0,,40,Palmerston North City,Give way,,,,,0,0,Urban,0,,,Fine,Null
1772157,5912124,20437,,523102,0,0,0,2,0,North,2005/2006,SOMERVILLE ROAD,WHITFORD ROAD,,Non-Injury Crash,No,2006,0,North,0,0,0,Flat,0,,0,,0,Overcast,718003,0,0,0,2,0,0,0,0,1,,0,0,Auckland Region,Nil,2-way,Sealed,0,0,0,0,50,0,Off,0,0,,76,Auckland,Nil,0,0,0,0,0,0,Urban,0,0,0,Light rain,Null
1753876,5918276,20438,,515432,0,0,0,1,0,East,2005/2006,SH 16,ST LUKES OBR,,Non-Injury Crash,Yes,2006,0,West,0,0,0,Flat,1,,0,,0,Dark,405500,0,0,0,3,0,0,0,0,0,,0,0,Auckland Region,Nil,1-way,Sealed,0,0,0,0,100,0,On,0,0,,76,Auckland,Nil,0,0,0,0,0,0,Open,0,0,0,Fine,Null
1752002,5918889,20439,,515001,0,,0,2,,North,2005/2006,POINT CHEVALIER ROAD,MEOLA ROAD,,Non-Injury Crash,No,2006,,South,,0,,Flat,,,,,,Dark,393800,0,0,0,4,,,0,,,,,,Auckland Region,Nil,2-way,Sealed,,0,0,,50,,On,0,0,,76,Auckland,Traffic Signals,,,,,0,0,Urban,0,,,Fine,Null
1763115,5436925,20440,,568303,0,,0,2,,Null,2006/2007,NAENAE ROAD,HORLOR ST,,Minor Crash,No,2006,,East,,0,,Flat,,,,,,Overcast,1954100,1,0,0,2,,,0,,,,,,Wellington Region,Nil,2-way,Sealed,,0,0,,50,,Null,0,0,,46,Lower Hutt City,Give way,,,,,0,0,Urban,0,,,Heavy rain,Null
1761625,5914109,20441,,520202,0,,0,3,,South,2006/2007,SH 1N,PENROSE ON SBD,,Minor Crash,Yes,2006,,South,,0,,Flat,,,,,,Bright sun,612800,2,0,0,3,,,0,,,,,,Auckland Region,Nil,1-way,Sealed,,0,0,,100,,Null,0,0,,76,Auckland,Unknown,,,,,0,0,Open,0,,,Fine,Null
1804158,5794860,20442,,527935,0,,0,1,,Null,2006/2007,SH 3,THOMPSON ROAD NORTH,,Non-Injury Crash,Yes,2006,,West,,0,,Flat,,,,,,Bright sun,986300,0,0,0,4,,,0,,,,,,Waikato Region,Nil,2-way,Sealed,,0,0,,100,,Off,0,0,,17,Waipa District,Nil,,,,,1,0,Open,0,,,Fine,Null
1762024,5916116,20443,,516302,0,,0,2,,North,2005/2006,KORAHA ST,ABBOTTS WAY,,Non-Injury Crash,No,2006,,South,,0,,Hill Road,,,,,,Bright sun,463500,0,0,0,2,,,0,,,,,,Auckland Region,Nil,2-way,Sealed,,0,0,,50,,Off,0,0,,76,Auckland,Nil,,,,,0,0,Urban,0,,,Fine,Null
1775887,5881924,20444,,521160,0,,0,1,,West,2006/2007,MILL ROAD,MILL OFF NBD,,Minor Crash,No,2006,,West,,0,,Flat,,,,,,Dark,827603,1,0,0,2,,,0,,,,,,Auckland Region,Nil,2-way,Sealed,,0,0,,70,,On,0,0,,76,Auckland,Nil,,,,,1,0,Urban,0,,,Fine,Null
1883274,5771018,20445,,540000,0,,0,2,,Null,2005/2006,OTONGA ROAD,FOLEY DRIVE,,Non-Injury Crash,No,2006,,North,,0,,Hill Road,,,,,,Dark,1245400,0,0,0,2,,,0,,,,,,Bay of Plenty Region,Nil,2-way,Sealed,,0,0,,50,,On,0,0,,24,Rotorua District,Nil,,,,,0,0,Urban,0,,,Fine,Null
1768203,5881856,20446,,525910,0,0,0,1,0,South,2005/2006,BEATTY ROAD,KAYES ROAD,,Minor Crash,No,2006,0,South,0,0,0,Flat,0,,0,,0,Dark,819700,1,0,0,2,0,0,0,0,0,,0,1,Auckland Region,Nil,2-way,Sealed,0,0,0,0,50,0,On,0,0,,76,Auckland,Nil,0,0,0,0,0,0,Urban,0,0,0,Fine,Null
1678767,6022451,20447,,504600,0,,0,1,,South,2005/2006,Z CPK WOOLWORTHS,VICTORIA ST,,Non-Injury Crash,No,2006,,North,,0,,Flat,,,,,,Overcast,113500,0,0,0,0,,,0,,,,,,Northland Region,Nil,Off road,Sealed,,0,0,,30,,Off,0,0,,3,Kaipara District,Nil,,,,,1,0,Urban,0,,,Fine,Null
1753682,5931251,20448,,508803,0,,0,1,,Null,2006/2007,CARIBBEAN DRIVE,SH 18,,Non-Injury Crash,Yes,2006,,North,,0,,Flat,,,,,,Overcast,180815,0,0,0,3,,,0,,,,,,Auckland Region,Nil,2-way,Sealed,,0,0,,50,,Null,0,0,,76,Auckland,Give way,,,,,0,0,Urban,1,,,Light rain,Null
1893426,5780699,20449,,538820,0,0,0,1,1,East,2005/2006,SH 30,OKAHU LANE,,Serious Crash,Yes,2006,0,West,0,0,0,Flat,0,,0,,0,Overcast,1252000,0,0,0,2,0,0,0,0,0,,0,0,Bay of Plenty Region,Nil,2-way,Sealed,0,0,1,0,100,0,Null,0,0,,24,Rotorua District,Unknown,0,0,0,0,0,0,Open,0,0,0,Fine,Null
1735859,6035099,20450,,501819,0,0,0,1,0,Null,2006/2007,WHANGAREI HEADS ROAD,REOTAHI ROAD,,Non-Injury Crash,No,2006,0,North,1,0,0,Hill Road,0,,0,,0,Dark,74210,0,0,0,2,0,0,0,0,0,,0,0,Northland Region,Nil,2-way,Sealed,0,0,0,0,100,0,None,0,0,,2,Whangarei District,Give way,0,0,0,0,0,0,Open,0,0,0,Heavy rain,Null
1754398,5919889,20451,,515100,0,0,0,1,0,North,2005/2006,Z CPK WOOLWORTHS,RICHMOND ROAD,,Non-Injury Crash,No,2006,0,East,0,0,0,Flat,0,,0,,0,Bright sun,400700,0,0,0,1,0,1,0,0,0,,0,0,Auckland Region,Nil,Off road,Sealed,0,0,0,0,30,0,Off,0,0,,76,Auckland,Nil,0,0,0,0,0,0,Urban,0,0,0,Fine,Null
1744979,5917805,20452,,510700,0,,0,2,,West,2005/2006,SWANSON ROAD,LINCOLN ROAD,,Non-Injury Crash,No,2006,,West,,0,,Flat,,Easter,,,,Dark,239104,0,0,0,4,,,0,,,,,,Auckland Region,Nil,2-way,Sealed,,0,0,,50,,On,0,0,,76,Auckland,Nil,,,,,0,0,Urban,0,,,Fine,Null
1795727,5828269,20453,,527123,1,,0,1,,North,2005/2006,HOWARD ROAD,LAKE ROAD,,Serious Crash,No,2006,,West,,0,,Flat,,,,,,Dark,952800,0,0,0,2,,,0,,,,,,Waikato Region,Nil,2-way,Sealed,,0,1,,100,,None,0,0,,13,Waikato District,Unknown,,,,,0,0,Open,0,,,Light rain,Null
1760676,5915508,20454,,520201,0,,0,2,,North,2005/2006,SH 1N,TE COMA OFF SBD,,Non-Injury Crash,Yes,2006,,South,,0,,Flat,,,,,,Bright sun,613000,0,0,0,3,,,0,,,,,,Auckland Region,Nil,1-way,Sealed,,0,0,,100,,None,1,0,,76,Auckland,Nil,,,,,0,0,Open,0,,,Fine,Null
1767594,5908100,20455,,523502,0,1,0,1,0,South,2005/2006,HILLS ROAD,VELVET CRESCENT,,Minor Crash,No,2006,0,South,0,0,0,Flat,0,,0,,0,Twilight,702900,2,0,0,1,0,0,0,0,0,,0,0,Auckland Region,Bridge,2-way,Sealed,0,0,0,0,50,0,Off,0,0,,76,Auckland,Nil,0,0,0,0,0,0,Urban,0,0,0,Fine,Null
1769035,5911511,20456,,523112,0,,0,2,,South,2006/2007,HARRIS ROAD,TI RAKAU DRIVE,,Minor Crash,No,2006,,South,,0,,Flat,,,,,,Overcast,711404,1,0,0,2,,,0,,,,,,Auckland Region,Nil,2-way,Sealed,,0,0,,60,,Off,0,0,,76,Auckland,Nil,,,,,0,0,Urban,0,,,Fine,Null
1755004,5929387,20457,,508420,0,,0,2,,East,2005/2006,LINK DRIVE,TARGET ROAD,,Non-Injury Crash,No,2006,,West,,0,,Flat,,,,,,Bright sun,183800,0,0,0,2,,,0,,,,,,Auckland Region,Nil,2-way,Sealed,,0,0,,50,,Off,0,0,,76,Auckland,Nil,,,,,0,0,Urban,0,,,Fine,Null
1773410,5446296,20458,,567000,0,,0,2,,Null,2006/2007,SH 2,GIBBONS ST,,Minor Crash,Yes,2006,,West,,0,,Flat,,,,,,Overcast,1907700,1,0,0,5,,,0,,,,,,Wellington Region,Nil,2-way,Sealed,,0,0,,100,,Null,0,0,,45,Upper Hutt City,Traffic Signals,,,,,1,0,Open,0,,,Fine,Null
1765601,5906701,20459,,522202,0,,0,2,,East,2005/2006,Z CPK HUNTERS PLAZA,SUTTON CRESCENT,,Non-Injury Crash,No,2006,,North,,0,,Flat,,,,,,Bright sun,663500,0,0,0,1,,,0,,,,,,Auckland Region,Nil,Off road,Sealed,,0,0,,50,,Off,0,0,,76,Auckland,Nil,,,,,0,0,Urban,0,,,Fine,Null
1763066,5909092,20460,,524402,0,0,0,1,0,North,2005/2006,TUI ST,KIWI ST,,Minor Crash,No,2006,0,North,0,0,0,Flat,1,,0,,0,Dark,749800,2,0,0,2,0,0,0,0,0,,0,0,Auckland Region,Nil,2-way,Sealed,0,0,0,0,50,0,On,0,0,,76,Auckland,Nil,0,0,0,0,0,0,Urban,0,0,0,Light rain,Null
1753236,5876316,20461,,526103,0,,0,1,,Null,2005/2006,KING ST,NORFOLK RISE,,Minor Crash,No,2006,,East,,0,,Flat,,,,,,Bright sun,837102,1,0,0,2,,,0,,,,,,Auckland Region,Nil,2-way,Sealed,,0,0,,50,,Off,0,0,,76,Auckland,Nil,,,,,0,0,Urban,1,,,Fine,Null
1755962,5926779,20462,,508620,0,,0,2,,Null,2006/2007,SUNNYBRAE ROAD,NORTHCOTE ROAD,,Non-Injury Crash,No,2006,,East,,0,,Flat,,,,,,Overcast,204702,0,0,0,2,,,0,,,,,,Auckland Region,Nil,2-way,Sealed,,0,0,,50,,Off,0,0,,76,Auckland,Traffic Signals,,,,,0,0,Urban,0,,,Fine,Null
1757284,5920636,20463,,514102,0,,1,0,,South,2006/2007,ALBERT ST,WYNDHAM ST,,Serious Crash,No,2006,,South,,0,,Flat,,,,,,Overcast,433401,0,0,0,4,,,0,,,1,,,Auckland Region,Nil,2-way,Sealed,,0,1,,50,,Off,0,0,,76,Auckland,Nil,,,,,0,0,Urban,0,,,Fine,Null
1727532,6014974,20464,,501816,0,0,0,1,0,South,2006/2007,SH 1N,THE BRAIGH,,Serious Crash,Yes,2006,0,South,1,0,0,Flat,0,,0,,0,Bright sun,80600,2,0,0,2,0,0,0,0,0,,0,0,Northland Region,Nil,2-way,Sealed,0,0,1,0,100,0,None,0,0,,2,Whangarei District,Nil,0,0,0,0,0,0,Open,0,0,0,Fine,Null
1909138,5571359,20465,,549200,0,0,0,2,1,East,2006/2007,POURERERE ROAD,IRELAND ROAD,,Minor Crash,No,2006,0,East,0,0,0,Flat,0,,0,,0,Bright sun,1511300,2,0,0,2,0,0,0,0,0,,0,0,Hawke's Bay Region,Nil,2-way,Sealed,0,0,0,0,100,0,Null,0,0,,32,Central Hawke's Bay District,Nil,0,0,0,0,0,0,Open,0,0,0,Fine,Null
1883070,5775877,20466,,539200,0,,0,0,,Null,2005/2006,SH 5,RUSSELL ROAD,,Non-Injury Crash,Yes,2006,,South,,0,,Flat,,,,,,Overcast,1221200,0,0,0,4,,,0,,,,,,Bay of Plenty Region,Nil,2-way,Sealed,,0,0,,60,,Null,0,0,,24,Rotorua District,Give way,,,,,0,0,Urban,2,,,Fine,Null
1754736,5944976,20467,,505907,0,,0,1,,West,2005/2006,WHANGAPARAOA ROAD,BEVERLEY ROAD,,Serious Crash,No,2006,,East,,0,,Hill Road,,,,,,Overcast,173417,0,0,0,3,,,0,,,,,,Auckland Region,Nil,2-way,Sealed,,0,1,,50,,Off,0,0,,76,Auckland,Nil,,,,,0,0,Urban,1,,,Fine,Null
1765746,5918250,20468,,516900,0,,0,2,,Null,2005/2006,EMERSON ST,ASHBY AVENUE,,Non-Injury Crash,No,2006,,South,,0,,Flat,,,,,,Overcast,466400,0,0,0,2,,,0,,,,,,Auckland Region,Nil,2-way,Sealed,,0,0,,50,,Off,0,0,,76,Auckland,Give way,,,,,0,0,Urban,0,,,Fine,Null
1841000,5747029,20469,,541320,0,,0,2,,South,2006/2007,SH 30,WAIPAPA ROAD,,Fatal Crash,Yes,2006,,North,,1,,Hill Road,,,,,,Overcast,1292000,1,0,0,2,,,0,,,,,,Waikato Region,Nil,2-way,Sealed,,0,2,,100,,None,0,0,,21,Taupo District,Nil,,,,,0,0,Open,0,,,Fine,Null
1836753,5859307,20470,,534300,0,,1,1,,South,2005/2006,SH 26,SH 2,,Non-Injury Crash,Yes,2006,,North,,0,,Flat,,,,,,Bright sun,1071000,0,0,0,2,,,0,,,,,,Waikato Region,Nil,2-way,Sealed,,0,0,,50,,Null,0,0,,12,Hauraki District,Give way,,,,,0,0,Urban,0,,,Fine,Null
1755863,5911893,20471,,519002,0,,0,2,,Null,2005/2006,RICHARDSON ROAD,ALEX BOYD LINK,,Non-Injury Crash,No,2006,,East,,0,,Hill Road,,,,,,Overcast,591302,0,0,0,2,,,0,,,,,,Auckland Region,Nil,2-way,Sealed,,0,0,,50,,Null,0,0,,76,Auckland,Stop,,,,,0,0,Urban,0,,,Heavy rain,Null
1782279,5879093,20472,,521135,0,0,0,1,0,West,2006/2007,SH 2,SERPELL ROAD,,Serious Crash,Yes,2006,0,East,0,0,0,Hill Road,0,,0,,0,Bright sun,841900,0,0,0,2,0,0,0,0,0,,0,1,Waikato Region,Nil,2-way,Sealed,0,0,1,0,100,0,Off,0,0,,13,Waikato District,Give way,0,0,0,0,1,0,Open,0,0,0,Fine,Null
1765067,5902828,20473,,524604,0,,0,3,,South,2005/2006,ROSCOMMON ROAD,SH 20,,Minor Crash,No,2006,,North,,0,,Flat,,,,,,Overcast,781200,2,0,0,6,,,0,,,,,,Auckland Region,Nil,2-way,Sealed,,0,0,,80,,Null,0,0,,76,Auckland,Traffic Signals,,,,,0,0,Open,0,,,Fine,Null
1753913,5931662,20474,,508805,0,,0,2,,South,2005/2006,SH 1N,UPPER HWY OFF SBD,,Minor Crash,Yes,2006,,South,,0,,Flat,,,,,,Bright sun,180813,1,0,0,2,,,0,,,,,,Auckland Region,Nil,1-way,Sealed,,0,0,,100,,Off,0,0,,76,Auckland,Nil,,,,,0,0,Open,0,,,Fine,Null
1924225,5778380,20475,,542600,0,0,0,0,1,East,2005/2006,SH 34,SHORT ST,,Minor Crash,Yes,2006,0,East,0,0,0,Hill Road,0,,0,,0,Bright sun,1316200,1,0,0,2,0,0,0,0,0,,0,0,Bay of Plenty Region,Nil,2-way,Sealed,0,0,0,0,70,0,Off,1,0,,26,Kawerau District,Nil,0,0,0,0,0,0,Urban,0,0,0,Fine,Null
1826768,5869108,20476,,533901,0,,0,2,,East,2006/2007,WHAREPOA ROAD WEST,SH 2,,Non-Injury Crash,No,2006,,East,,0,,Flat,,,,,,Dark,1064800,0,0,0,2,,,0,,,,,,Waikato Region,Nil,2-way,Sealed,,0,0,,100,,None,0,0,,12,Hauraki District,Nil,,,,,0,0,Open,0,,,Null,Null
1772271,5914996,20477,,521501,0,,0,0,,Null,2005/2006,PICTON ST,SELWYN ROAD,,Minor Crash,No,2006,,South,,0,,Flat,,,,,,Bright sun,652500,1,0,1,2,,,0,,,,,,Auckland Region,Nil,2-way,Sealed,,0,0,,50,,Off,0,0,,76,Auckland,Give way,,,,,0,0,Urban,0,,,Fine,Null
1757942,5879196,20478,,521152,0,,0,1,,South,2005/2006,WAIUKU ROAD,MORLEY ROAD,,Serious Crash,No,2006,,South,,0,,Hill Road,,Christmas New Year,,,,Bright sun,832800,0,0,0,2,,,0,,,1,,,Auckland Region,Nil,2-way,Sealed,,0,1,,100,,Off,0,0,,76,Auckland,Nil,,,,,0,0,Open,0,,,Fine,Strong wind
1770896,5901673,20479,,523819,0,0,0,2,0,Null,2005/2006,STRATFORD ROAD,RANFURLY ROAD,,Non-Injury Crash,No,2006,0,North,0,0,0,Flat,0,,0,,0,Dark,760810,0,0,0,2,0,0,0,0,0,,0,0,Auckland Region,Nil,2-way,Sealed,0,0,0,0,50,0,On,0,0,,76,Auckland,Nil,0,0,0,0,0,0,Urban,0,1,0,Fine,Null
1777626,5452870,20480,,567901,0,0,0,1,0,North,2005/2006,AKATARAWA ROAD,KARAPOTI ROAD,,Minor Crash,No,2006,0,South,0,0,1,Flat,0,,0,,0,Twilight,1915700,1,0,0,2,0,0,0,1,0,,0,0,Wellington Region,Nil,2-way,Sealed,0,0,0,0,100,0,None,0,0,,45,Upper Hutt City,Nil,0,0,0,1,0,0,Open,0,0,0,Fine,Null
1890239,5822338,20481,,536201,1,,0,1,,East,2005/2006,PAPAMOA BEACH ROAD,ALLAN PLACE,,Serious Crash,No,2006,,North,,0,,Flat,,,,,,Twilight,1204709,0,0,0,1,,,0,,,,,,Bay of Plenty Region,Nil,2-way,Sealed,,0,1,,50,,On,0,0,,23,Tauranga City,Nil,,,,,0,0,Urban,0,,,Fine,Null
1678633,6022533,20482,,504600,1,,0,0,,Null,2005/2006,SH 12,GLADSTONE ST,,Minor Crash,Yes,2006,,West,,0,,Flat,,,,,,Twilight,116400,1,0,0,2,,,0,,,,,,Northland Region,Nil,2-way,Sealed,,0,0,,50,,On,0,0,,3,Kaipara District,Stop,,,,,1,0,Urban,0,,,Fine,Null
1831171,5860540,20483,,533901,0,0,0,0,1,South,2006/2007,AWAITI ROAD,PUKAHU ROAD,,Minor Crash,No,2006,0,North,1,0,0,Flat,0,,0,,0,Bright sun,1066300,2,0,0,2,0,0,0,0,0,,0,0,Waikato Region,Nil,2-way,Sealed,0,0,0,0,100,0,Off,0,0,,12,Hauraki District,Nil,0,0,0,0,0,0,Open,1,0,0,Fine,Null
1769862,5914774,20484,,522722,0,,0,2,,Null,2005/2006,PAKURANGA ROAD,BUCKLANDS BEACH ROAD,,Non-Injury Crash,No,2006,,South,,0,,Flat,,,,,,Overcast,681324,0,0,0,2,,,0,,,,,,Auckland Region,Nil,2-way,Sealed,,0,0,,50,,Off,0,0,,76,Auckland,Traffic Signals,,,,,0,0,Urban,0,,,Heavy rain,Null
1720110,6049500,20485,,502202,1,,0,1,,East,2005/2006,KORAU ROAD,KIRIPAKA ROAD,,Minor Crash,No,2006,,South,,0,,Flat,,,,,,Overcast,87900,1,0,0,2,,,0,,,,,,Northland Region,Nil,2-way,Sealed,,0,0,,50,,Off,0,0,,2,Whangarei District,Give way,,,,,0,0,Urban,0,,,Fine,Null
1802703,5535662,20486,,561422,0,0,0,1,0,South,2006/2007,KAIMATARAU ROAD,KELLOW ROAD,,Serious Crash,No,2006,0,North,0,0,0,Flat,0,,0,,0,Bright sun,1787500,0,0,0,2,0,0,0,0,0,,0,0,Manawatū-Whanganui Region,Nil,2-way,Unsealed,0,0,1,0,100,0,Null,0,0,30,39,Manawatu District,Nil,0,0,0,1,0,0,Open,0,0,0,Fine,Null
1756303,5917825,20487,,518102,0,0,0,1,1,South,2006/2007,ALDERLEY ROAD,VIEW ROAD,,Minor Crash,No,2006,0,North,0,0,1,Hill Road,0,,0,,1,Dark,545800,2,0,0,2,0,0,0,0,0,,0,0,Auckland Region,Nil,2-way,Sealed,0,0,0,0,50,0,On,0,0,,76,Auckland,Stop,0,0,0,0,0,0,Urban,0,0,0,Fine,Null
1748433,5422253,20488,,576002,0,0,0,2,0,Null,2006/2007,CLYDE ST,MERSEY ST,,Minor Crash,No,2006,0,North,0,0,0,Hill Road,0,,0,,0,Overcast,2190600,1,0,0,2,0,0,0,0,1,,0,0,Wellington Region,Nil,2-way,Sealed,0,0,0,0,50,0,Null,1,0,,47,Wellington City,Stop,0,0,0,0,0,0,Urban,0,0,0,Fine,Null
1759304,5910894,20489,,524002,0,0,0,1,0,North,2005/2006,SH 20,RIMU OFF SBD,,Non-Injury Crash,Yes,2006,0,South,0,0,0,Flat,1,,0,,0,Dark,722400,0,0,0,2,0,0,0,0,0,,0,0,,Bridge,1-way,Sealed,0,0,0,0,100,0,On,1,0,,76,Auckland,Nil,0,0,0,0,0,0,Open,0,0,0,Fine,Null
1690620,6083248,20490,50,501500,0,0,0,1,1,North,2005/2006,SH 1N,HAUTAPU ROAD,,Non-Injury Crash,Yes,2006,0,South,0,0,0,Hill Road,0,,0,,0,Dark,52001,0,0,0,2,0,0,0,0,0,,0,0,Northland Region,Nil,2-way,Sealed,0,0,0,0,60,0,None,0,0,,1,Far North District,Nil,0,1,0,0,0,0,Urban,0,0,0,Light rain,Null
1371430,5189571,20491,,585322,0,0,0,0,0,South,2005/2006,GLACIER ROAD,SH 6,,Minor Crash,No,2006,0,North,0,0,0,Flat,0,,0,,0,Dark,2418104,2,0,0,1,0,0,0,0,0,,0,0,West Coast Region,Nil,2-way,Unsealed,0,0,0,0,50,0,None,0,0,,57,Westland District,Unknown,0,0,0,1,0,0,Urban,1,0,0,Fine,Null
1760872,5922479,20492,,509400,0,0,0,2,0,East,2006/2007,KING EDWARD PARADE,CHURCH ST,,Non-Injury Crash,No,2006,0,West,0,0,0,Flat,0,,0,,0,Bright sun,329000,0,0,0,2,0,0,0,0,1,,0,0,Auckland Region,Nil,2-way,Sealed,0,0,0,0,50,0,Off,0,0,,76,Auckland,Nil,0,0,0,0,0,0,Urban,0,0,0,Fine,Null
1754536,5915668,20493,,517702,0,,0,2,,Null,2005/2006,HAVERSTOCK ROAD,DUNCAN AVENUE,,Non-Injury Crash,No,2006,,North,,0,,Flat,,,,,,Bright sun,541000,0,0,0,2,,,0,,,,,,Auckland Region,Nil,2-way,Sealed,,0,0,,50,,Null,0,0,,76,Auckland,Stop,,,,,0,0,Urban,0,,,Fine,Null
1679203,5402401,20494,,581250,0,0,0,1,0,South,2006/2007,HOWICK ROAD,LITCHFIELD ST,,Minor Crash,No,2006,0,South,0,0,0,Flat,0,,0,,0,Bright sun,2302200,1,0,0,2,0,0,0,0,1,,0,0,Marlborough Region,Nil,2-way,Sealed,0,0,0,0,50,0,Null,0,0,,53,Marlborough District,Nil,0,0,0,0,1,0,Urban,0,0,0,Fine,Null
1930795,5605415,20495,,548000,1,,0,1,,Null,2005/2006,KARAMU ROAD NORTH,CHARLOTTE CRESCENT,,Minor Crash,No,2006,,South,,0,,Flat,,,,,,Overcast,1495800,1,0,0,2,,,0,,,,,,Hawke's Bay Region,Nil,2-way,Sealed,,0,0,,50,,Null,0,0,,30,Hastings District,Give way,,,,,0,0,Urban,0,,,Fine,Null
1246283,4841973,20496,,609914,0,,0,2,,Null,2005/2006,SH 1S,MOTU RIMU ROAD,,Fatal Crash,Yes,2006,,South,,1,,Flat,,,,,,Overcast,3160600,1,0,0,2,,,0,,,,,,Southland Region,Nil,2-way,Sealed,,0,0,,100,,Null,0,0,,75,Invercargill City,Give way,,,,,0,0,Open,0,,,Fine,Null
1654937,5401753,20497,,580450,0,0,0,1,1,East,2006/2007,SH 63,CENTRE CREEK ROAD,,Minor Crash,Yes,2006,0,East,0,0,0,Flat,0,,0,,0,Overcast,2287001,1,0,0,2,0,0,0,0,0,,0,0,Marlborough Region,Nil,2-way,Sealed,0,0,0,0,100,0,Null,0,0,,53,Marlborough District,Nil,0,0,0,0,0,0,Open,0,0,0,Heavy rain,Null
1762010,5916944,20498,,516003,0,,0,2,,Null,2005/2006,REMUERA ROAD,KELVIN ROAD,,Non-Injury Crash,No,2006,,East,,0,,Hill Road,,,,,,Bright sun,495300,0,0,0,4,,,0,,,,,,Auckland Region,Nil,2-way,Sealed,,0,0,,50,,Off,0,0,,76,Auckland,Give way,,,,,0,0,Urban,1,,,Fine,Null
1310411,4989858,20499,,608303,0,0,0,1,0,South,2005/2006,Z CPK MINERS LANE,SUNDERLAND ST,,Serious Crash,No,2006,0,South,0,0,0,Flat,0,,0,,0,Bright sun,3023100,0,0,0,2,0,0,0,0,0,,0,0,Otago Region,Nil,Off road,Sealed,0,0,1,0,50,0,Null,0,0,,69,Central Otago District,Unknown,0,0,0,1,0,0,Urban,0,0,0,Fine,Null
1768842,5900906,20500,,525001,0,,0,2,,North,2006/2007,GREAT SOUTH ROAD,WEYMOUTH ROAD,,Non-Injury Crash,No,2006,,East,,0,,Flat,,,,,,Dark,751600,0,0,0,2,,,0,,,,,,Auckland Region,Nil,2-way,Sealed,,0,0,,50,,On,0,0,,76,Auckland,Nil,,,,,0,0,Urban,0,,,Fine,Null
1758986,5888365,20501,,521122,0,0,0,0,0,West,2006/2007,MCKENZIE ROAD,KINGSEAT ROAD,,Minor Crash,No,2006,0,East,0,0,0,Flat,0,,0,,0,Bright sun,810800,1,0,0,2,0,0,0,0,0,,0,0,Auckland Region,Nil,2-way,Sealed,0,0,0,0,100,0,Off,1,0,,76,Auckland,Nil,0,0,0,0,0,0,Open,0,0,0,Fine,Null
1759594,5912731,20502,,520000,0,0,0,1,0,East,2006/2007,GREY ST,VICTORIA ST,,Serious Crash,No,2006,0,West,0,0,0,Flat,0,,0,,0,Dark,605700,0,0,0,2,0,0,0,0,1,,0,0,Auckland Region,Nil,2-way,Sealed,0,0,1,0,50,0,On,0,0,,76,Auckland,Stop,0,0,0,0,1,0,Urban,0,0,0,Light rain,Null
1755616,5925547,20503,,509701,0,0,0,1,0,South,2006/2007,LAKE ROAD,RALEIGH ROAD,,Non-Injury Crash,No,2006,0,South,0,0,0,Hill Road,0,,0,,0,Bright sun,367100,0,0,0,2,0,0,0,0,1,,0,0,Auckland Region,Nil,2-way,Sealed,0,0,0,0,50,0,Off,0,0,,76,Auckland,Nil,0,0,0,0,0,0,Urban,1,0,0,Fine,Null
1755003,5917128,20504,,517701,0,,0,0,,West,2005/2006,KENNETH AVENUE,SANDRINGHAM ROAD,,Minor Crash,No,2006,,West,,0,,Flat,,,,,,Dark,536400,1,0,0,2,,,0,,,1,,,Auckland Region,Nil,2-way,Sealed,,0,0,,50,,On,1,0,,76,Auckland,Unknown,,,,,0,0,Urban,0,,,Fine,Null