X,Y,OBJECTID,advisorySpeed,areaUnitID,bicycle,bridge,bus,carStationWagon,cliffBank,crashDirectionDescription,crashFinancialYear,crashLocation1,crashLocation2,crashRoadSideRoad,crashSeverity,crashSHDescription,crashYear,debris,directionRoleDescription,ditch,fatalCount,fence,flatHill,guardRail,holiday,houseOrBuilding,intersection,kerb,light,meshblockId,minorInjuryCount,moped,motorcycle,NumberOfLanes,objectThrownOrDropped,otherObject,otherVehicleType,overBank,parkedVehicle,pedestrian,phoneBoxEtc,postOrPole,region,roadCharacter,roadLane,roadSurface,roadworks,schoolBus,seriousInjuryCount,slipOrFlood,speedLimit,strayAnimal,streetLight,suv,taxi,temporarySpeedLimit,tlaId,tlaName,trafficControl,trafficIsland,trafficSign,train,tree,truck,unknownVehicleType,urban,vanOrUtility,vehicle,waterRiver,weatherA,weatherB
1881175,5782144,20505,,538811,0,0,0,1,0,Null,2005/2006,SH 36,DALBETH ROAD,,Minor Crash,Yes,2006,0,North,0,0,1,Hill Road,0,,0,,0,Bright sun,1249901,1,0,0,2,0,0,0,0,0,,0,0,Bay of Plenty Region,Nil,2-way,Sealed,0,0,0,0,100,0,Null,0,0,,24,Rotorua District,Stop,0,1,0,1,1,0,Open,0,0,0,Fine,Null
1756967,5927221,20506,,507900,0,,0,2,,Null,2005/2006,TAHAROTO ROAD,KARAKA ST,,Minor Crash,No,2006,,North,,0,,Flat,,,,,,Bright sun,304800,1,0,0,4,,,0,,,,,,Auckland Region,Nil,2-way,Sealed,,0,0,,50,,Off,0,0,,76,Auckland,Give way,,,,,0,0,Urban,0,,,Fine,Null
1405811,4918226,20507,,603710,0,0,0,1,0,East,2005/2006,NEWINGTON AVENUE,BURWOOD AVENUE,,Minor Crash,No,2006,0,East,0,0,0,Hill Road,0,,0,,0,Bright sun,2894100,1,0,0,2,0,0,0,0,0,,0,0,Otago Region,Nil,2-way,Sealed,0,0,0,0,50,0,Null,0,0,,71,Dunedin City,Unknown,0,0,0,1,0,0,Urban,0,0,0,Fine,Frost
1759058,5911795,20508,,519820,0,,0,3,,Null,2005/2006,NEILSON ST,ONEHUNGA MALL,,Minor Crash,No,2006,,East,,0,,Flat,,,,,,Overcast,602402,1,0,0,2,,,0,,,,,,Auckland Region,Nil,2-way,Sealed,,0,0,,50,,Off,0,0,,76,Auckland,Traffic Signals,,,,,0,0,Urban,0,,,Light rain,Null
1758242,5918364,20509,,517400,0,,0,2,,South,2005/2006,CROWHURST ST,KHYBER PASS ROAD,,Non-Injury Crash,No,2006,,North,,0,,Flat,,,,,,Bright sun,451200,0,0,0,4,,,0,,,,,,Auckland Region,Nil,2-way,Sealed,,0,0,,50,,Off,0,0,,76,Auckland,Nil,,,,,0,0,Urban,0,,,Fine,Null
1751074,5426144,20510,,576800,0,0,0,1,0,North,2005/2006,EVANS BAY PARADE,GRETA PT,,Serious Crash,No,2006,0,South,0,0,0,Flat,0,,1,,0,Overcast,2182504,0,0,0,2,0,0,0,0,0,,1,0,Wellington Region,Nil,2-way,Sealed,0,0,1,0,50,0,Null,0,0,,47,Wellington City,Nil,0,0,0,0,0,0,Urban,0,0,0,Fine,Null
1430752,5023937,20511,,600826,0,0,0,1,1,West,2005/2006,SH 83,AITCHISON ROAD,,Minor Crash,Yes,2006,0,East,0,0,1,Flat,0,,0,,0,Overcast,2826400,3,0,0,2,0,0,0,0,0,,0,0,Otago Region,Nil,2-way,Sealed,0,0,0,0,100,0,Null,0,0,,68,Waitaki District,Unknown,0,0,0,1,0,0,Open,0,0,0,Fine,Null
1569350,5188949,20512,,590400,0,,0,0,,Null,2006/2007,SH 1S JOHNS,LAGAN ST,,Minor Crash,Yes,2006,,West,,0,,Flat,,Labour Weekend,,,,Overcast,2514601,1,0,1,2,,,0,,,,,,Canterbury Region,Nil,2-way,Sealed,,0,0,,70,,Null,1,0,,60,Christchurch City,Nil,,,,,0,0,Urban,0,,,Fine,Null
1761225,5916666,20513,,516003,0,,0,2,,Null,2006/2007,REMUERA ROAD,LADIES MILE,,Non-Injury Crash,No,2006,,West,,0,,Flat,,,,,,Dark,495900,0,0,0,5,,,0,,,,,,Auckland Region,Nil,2-way,Sealed,,0,0,,50,,On,0,0,,76,Auckland,Traffic Signals,,,,,0,0,Urban,0,,,Fine,Null
1879444,5824706,20514,,538201,0,,0,2,,Null,2006/2007,WILLOW ST,HAMILTON ST,,Non-Injury Crash,No,2006,,North,,0,,Flat,,,,,,Bright sun,1163500,0,0,0,2,,,0,,,,,,Bay of Plenty Region,Nil,2-way,Sealed,,0,0,,50,,Off,0,0,,23,Tauranga City,Give way,,,,,0,0,Urban,0,,,Null,Null
1573731,5183011,20515,,592811,0,,0,2,,Null,2006/2007,NEW BRIGHTON ROAD,KINGSFORD ST,,Minor Crash,No,2006,,East,,0,,Flat,,,,,,Bright sun,2602500,1,0,0,1,,,0,,,,,,Canterbury Region,Nil,2-way,Sealed,,0,0,,50,,Null,0,0,,60,Christchurch City,Nil,,,,,0,0,Urban,0,,,Fine,Null
1774076,5895992,20516,,525510,0,,0,2,,West,2005/2006,SETTLEMENT ROAD,KELVIN ROAD,,Non-Injury Crash,No,2006,,East,,0,,Flat,,,,,,Dark,800900,0,0,0,2,,,0,,,,,,Auckland Region,Nil,2-way,Sealed,,0,0,,50,,On,0,0,,76,Auckland,Nil,,,,,0,0,Urban,0,,,Light rain,Null
1718213,6044814,20517,,502900,0,,0,2,,Null,2005/2006,SH 14,TE MAI ROAD,,Non-Injury Crash,Yes,2006,,West,,0,,Flat,,,,,,Overcast,103200,0,0,0,2,,,0,,,,,,Northland Region,Nil,2-way,Sealed,,0,0,,50,,Off,0,0,,2,Whangarei District,Give way,,,,,0,0,Urban,0,,,Fine,Null
1751918,5933777,20518,,508701,0,,0,3,,Null,2005/2006,ALBANY EXPRESSWAY,COLISEUM DRIVE,,Minor Crash,No,2006,,South,,0,,Flat,,,,,,Bright sun,178900,2,0,0,6,,,0,,,,,,Auckland Region,Nil,2-way,Sealed,,0,0,,80,,Off,0,0,,76,Auckland,Traffic Signals,,,,,0,0,Open,0,,,Fine,Null
1769889,5899186,20519,,523920,0,,0,2,,South,2005/2006,SH 1N,GT SOUTH OBR,,Non-Injury Crash,Yes,2006,,South,,0,,Hill Road,,,,,,Bright sun,768005,0,0,0,2,,,0,,,,,,Auckland Region,Nil,1-way,Sealed,,0,0,,100,,Off,0,0,,76,Auckland,Nil,,,,,0,0,Open,0,,,Fine,Null
1750172,5945436,20520,,506001,0,0,0,1,0,North,2006/2007,FORGE ROAD,FURNACE PLACE,,Fatal Crash,No,2006,0,North,0,1,0,Flat,0,,0,,0,Dark,175701,3,0,0,2,0,0,0,0,0,,0,1,Auckland Region,Nil,2-way,Sealed,0,0,0,0,50,0,On,0,0,,76,Auckland,Nil,0,0,0,0,0,0,Urban,0,0,0,Fine,Null
1767993,5904337,20521,,524602,0,,0,0,,Null,2005/2006,SH 1N,REDOUBT OBR,,Minor Crash,Yes,2006,,North,,0,,Hill Road,,,,,,Overcast,780501,1,0,1,2,,,0,,,,,,Auckland Region,Nil,1-way,Sealed,,0,0,,100,,Off,0,0,,76,Auckland,Nil,,,,,0,0,Open,1,,,Light rain,Null
1906658,5677486,20522,,541503,0,0,0,1,0,North,2006/2007,SH 5,WAIPUNGA NO2 BR,,Minor Crash,Yes,2006,0,South,0,0,0,Hill Road,0,,0,,0,Overcast,1281005,2,0,0,2,0,0,0,1,0,,0,0,Hawke's Bay Region,Bridge,2-way,Sealed,0,0,0,0,100,0,None,0,0,,21,Taupo District,Nil,0,0,0,0,1,0,Open,0,0,0,Light rain,Null
1776098,5884950,20523,,521132,0,0,0,1,0,South,2006/2007,SH 1N,ARARIMU OBR,,Non-Injury Crash,Yes,2006,0,North,0,0,0,Flat,1,,0,,0,Twilight,814701,0,0,0,4,0,0,0,0,0,,0,0,Auckland Region,Nil,2-way,Sealed,0,0,0,0,100,0,On,0,0,,76,Auckland,Nil,0,0,0,0,0,0,Open,0,0,0,Fine,Null
1769677,5901632,20524,,523814,0,,0,1,,South,2005/2006,SH 1N,HILL OBR,,Minor Crash,Yes,2006,,South,,0,,Flat,,,,,,Bright sun,759507,1,0,0,3,,,0,,,,,,Auckland Region,Nil,1-way,Sealed,,0,0,,100,,Off,0,0,,76,Auckland,Nil,,,,,1,0,Open,0,,,Fine,Null
1746836,5972519,20525,,506661,0,0,0,1,0,North,2005/2006,SH 1N,KAIPARA FLATS ROAD,,Non-Injury Crash,Yes,2006,0,South,0,0,0,Hill Road,0,,0,,0,Bright sun,139000,0,0,0,2,0,0,0,0,0,,0,1,Auckland Region,Nil,2-way,Sealed,0,0,0,0,100,0,Off,0,0,,76,Auckland,Nil,0,0,0,0,0,0,Open,0,0,0,Fine,Null
1757248,5918686,20526,,514301,0,,0,2,,Null,2005/2006,KHYBER PASS ROAD,GRAFTON ROAD,,Non-Injury Crash,No,2006,,East,,0,,Flat,,,,,,Overcast,441900,0,0,0,5,,,0,,,,,,Auckland Region,Nil,2-way,Sealed,,0,0,,50,,Off,0,0,,76,Auckland,Traffic Signals,,,,,0,0,Urban,0,,,Fine,Null
1771125,5906162,20527,,523713,0,,0,2,,Null,2005/2006,MURPHYS ROAD,FLAT BUSH SCHOOL ROAD,,Serious Crash,No,2006,,South,,0,,Flat,,,,,,Bright sun,713400,1,0,0,2,,,0,,,,,,Auckland Region,Nil,2-way,Sealed,,0,2,,100,,None,0,0,,76,Auckland,Stop,,,,,0,0,Open,0,,,Fine,Null
1406291,4920317,20528,,603810,0,0,0,1,0,North,2006/2007,MALVERN ST,PATMOS AVENUE,,Serious Crash,No,2006,0,East,0,0,1,Flat,0,,0,,0,Overcast,2890401,0,0,0,2,0,0,0,0,0,,0,1,Otago Region,Nil,2-way,Sealed,0,0,2,0,50,0,Null,0,0,,71,Dunedin City,Unknown,0,0,0,1,0,0,Urban,0,0,0,Fine,Null
1757589,5920741,20529,,514103,1,,1,0,,Null,2005/2006,COMMERCE ST,FORT ST,,Minor Crash,No,2006,,West,,0,,Flat,,,,,,Overcast,438106,1,0,0,2,,,0,,,,,,Auckland Region,Nil,2-way,Sealed,,0,0,,50,,Off,0,0,,76,Auckland,Give way,,,,,0,0,Urban,0,,,Fine,Null
1755042,5916903,20530,,517701,0,0,0,1,0,South,2005/2006,SANDRINGHAM ROAD,PARRISH ROAD,,Minor Crash,No,2006,0,North,0,0,0,Flat,0,,0,,0,Dark,537100,1,0,0,2,0,0,0,0,0,,0,1,Auckland Region,Nil,2-way,Sealed,0,0,0,0,50,0,On,0,0,,76,Auckland,Nil,0,0,0,0,0,0,Urban,0,0,0,Fine,Null
1883810,5772193,20531,,539900,0,,0,1,,West,2005/2006,DEVON ST WEST,SH 5,,Minor Crash,No,2006,,East,,0,,Flat,,,,,,Bright sun,1238800,1,0,0,2,,,0,,,1,,,Bay of Plenty Region,Nil,2-way,Sealed,,0,0,,50,,Null,0,0,,24,Rotorua District,Unknown,,,,,0,0,Urban,0,,,Fine,Null
1602483,5442815,20532,,581833,0,,0,2,,North,2005/2006,SH 60,EDEN ROAD,,Minor Crash,Yes,2006,,South,,0,,Flat,,,,,,Dark,2373100,2,0,0,2,,,0,,,,,,Tasman Region,Nil,2-way,Sealed,,0,0,,100,,None,0,0,,51,Tasman District,Nil,,,,,0,0,Open,0,,,Fine,Null
1767903,5909348,20533,,523112,0,,0,1,,Null,2006/2007,KERWYN AVENUE,ANDROMEDA CRESCENT W,,Serious Crash,No,2006,,West,,0,,Flat,,,,,,Bright sun,711600,1,0,0,2,,,0,,,,,,Auckland Region,Nil,2-way,Sealed,,0,3,,60,,Off,0,0,,76,Auckland,Nil,,,,,0,0,Urban,1,,,Fine,Null
1754799,5919642,20534,,515410,0,,0,0,,Null,2005/2006,COCKBURN ST,DRYDEN ST,,Serious Crash,No,2006,,West,,0,,Hill Road,,,,,,Overcast,403400,0,1,0,2,,,0,,,,,,Auckland Region,Nil,2-way,Sealed,,0,1,,50,,Null,0,0,,76,Auckland,Stop,,,,,0,0,Urban,0,,,Light rain,Null
1723233,6043979,20535,,504000,0,0,0,2,0,North,2006/2007,RIVERSIDE DRIVE,OLD ONERAHI ROAD,,Serious Crash,No,2006,0,South,1,0,0,Hill Road,0,,0,,0,Overcast,109500,1,0,0,2,0,0,0,0,0,,0,0,Northland Region,Bridge,2-way,Sealed,0,0,2,0,80,0,Off,1,0,,2,Whangarei District,Nil,0,0,0,0,0,0,Open,0,0,0,Light rain,Null
1786332,5422574,20536,,579803,0,0,0,3,0,South,2006/2007,LAKE FERRY ROAD,KAHUTARA ROAD,,Serious Crash,No,2006,0,North,0,0,1,Flat,0,,0,,0,Bright sun,2276800,2,0,0,2,0,0,0,0,0,,0,0,Wellington Region,Nil,2-way,Sealed,0,0,1,0,100,0,Null,0,0,,50,South Wairarapa District,Nil,0,0,0,0,0,0,Open,0,0,0,Fine,Null
1742567,5919000,20537,,513211,1,,0,1,,West,2006/2007,SWANSON ROAD,ARNEY ROAD,,Minor Crash,No,2006,,West,,0,,Flat,,,,,,Bright sun,235009,1,0,0,2,,,0,,,,,,Auckland Region,Nil,2-way,Sealed,,0,0,,50,,Off,0,0,,76,Auckland,Nil,,,,,0,0,Urban,0,,,Fine,Null
1687470,5395006,20538,45,580451,0,0,0,0,0,Null,2006/2007,SH 1S,DAZZLE CORNER,,Fatal Crash,Yes,2006,0,South,0,1,0,Hill Road,1,,0,,0,Bright sun,2292214,0,0,0,2,0,0,0,1,0,,0,0,Marlborough Region,Nil,2-way,Sealed,0,0,1,0,100,0,Null,0,0,,53,Marlborough District,Nil,0,0,0,0,1,0,Open,0,0,0,Fine,Null
1772020,5446221,20539,,567400,0,,0,1,,East,2005/2006,SH 2,WHAKATIKI ST,,Serious Crash,Yes,2006,,East,,0,,Flat,,,,,,Bright sun,1886600,0,0,0,2,,,0,,,1,,,Wellington Region,Nil,2-way,Sealed,,0,1,,100,,Null,0,0,,45,Upper Hutt City,Nil,,,,,0,0,Open,0,,,Fine,Null
1753704,5927798,20540,,508310,0,0,0,2,0,North,2005/2006,Z CPK WESTFIELD MALL,DOWNING ST,,Non-Injury Crash,No,2006,0,South,0,0,0,Flat,0,,0,,0,Overcast,200000,0,0,0,1,0,0,0,0,1,,0,0,Auckland Region,Nil,Off road,Sealed,0,0,0,0,50,0,Off,0,0,,76,Auckland,Nil,0,0,0,0,0,0,Urban,0,0,0,Fine,Null
1765190,5906191,20541,,522202,0,0,0,2,0,South,2005/2006,KOLMAR ROAD,OMAGH AVENUE,,Minor Crash,No,2006,0,North,0,0,0,Flat,0,,0,,0,Dark,663800,1,0,0,2,0,0,0,0,1,,0,0,Auckland Region,Nil,2-way,Sealed,0,0,0,0,50,0,On,0,0,,76,Auckland,Nil,0,0,0,0,0,0,Urban,0,0,0,Light rain,Null
1761972,5913415,20542,,519500,0,0,0,2,0,Null,2006/2007,GREAT SOUTH ROAD,PENROSE ROAD,,Non-Injury Crash,No,2006,0,South,0,0,0,Flat,0,,0,,0,Bright sun,621500,0,0,0,4,0,0,0,0,0,,0,0,Auckland Region,Nil,2-way,Sealed,0,0,0,0,50,0,Off,0,0,,76,Auckland,Traffic Signals,0,1,0,0,0,0,Urban,0,0,0,Fine,Null
1756564,5913753,20543,,518701,0,,0,2,,West,2005/2006,MOUNT ALBERT ROAD,MOUNT EDEN ROAD,,Non-Injury Crash,No,2006,,East,,0,,Flat,,,,,,Bright sun,568300,0,0,0,2,,,0,,,,,,Auckland Region,Nil,2-way,Sealed,,0,0,,50,,Off,0,0,,76,Auckland,Nil,,,,,0,0,Urban,0,,,Fine,Null
1406746,4914513,20544,,602800,0,0,0,1,0,Null,2006/2007,TIMARU ST,TEVIOT ST,,Minor Crash,No,2006,0,North,0,0,0,Flat,0,,0,,0,Bright sun,2895200,2,0,0,2,0,0,0,0,1,,0,0,Otago Region,Nil,2-way,Sealed,0,0,0,0,50,0,Null,0,0,,71,Dunedin City,Give way,0,0,0,0,0,0,Urban,1,0,0,Fine,Null
1875907,5781657,20545,,538863,0,0,0,0,1,North,2005/2006,SH 5,DALBETH ROAD,,Non-Injury Crash,Yes,2006,0,South,0,0,1,Flat,0,,0,,0,Dark,1265501,0,0,0,2,0,0,0,0,0,,0,0,Bay of Plenty Region,Nil,2-way,Sealed,0,0,0,0,100,0,None,0,0,,24,Rotorua District,Unknown,0,0,0,0,0,0,Open,1,0,0,Fine,Null
1773977,5895990,20546,,525620,0,0,0,1,0,Null,2005/2006,SETTLEMENT ROAD,HUNUA ROAD,,Non-Injury Crash,No,2006,0,North,0,0,0,Flat,0,,0,,0,Dark,798102,0,0,0,2,0,0,0,0,0,,0,0,Auckland Region,Nil,2-way,Sealed,0,0,0,0,50,0,On,0,0,,76,Auckland,Nil,0,1,0,0,0,0,Urban,0,0,0,Fine,Null
1729524,5963959,20547,55,506613,0,0,0,0,0,North,2005/2006,SH 16,KAIPARA HILLS ROAD,,Serious Crash,Yes,2006,0,North,0,0,0,Hill Road,0,,0,,0,Bright sun,146200,0,0,1,2,0,0,0,0,0,,0,0,Auckland Region,Nil,2-way,Sealed,0,0,1,0,100,0,None,0,0,,76,Auckland,Nil,0,1,0,0,0,0,Open,0,0,0,Fine,Null
1751991,5928977,20548,,508411,0,0,0,1,0,South,2005/2006,LYNN ROAD,SIMON ELLICE DRIVE,,Non-Injury Crash,No,2006,0,North,0,0,0,Hill Road,0,,0,,0,Bright sun,185006,0,0,0,1,0,0,0,0,1,,0,0,Auckland Region,Nil,2-way,Sealed,0,0,0,0,50,0,Off,0,0,,76,Auckland,Nil,0,0,0,0,0,0,Urban,1,0,0,Null,Frost
1867114,5707713,20549,,541316,0,,0,2,,Null,2005/2006,SH 1N,ANZAC MEMORIAL DRIVE,,Minor Crash,Yes,2006,,South,,0,,Flat,,,,,,Bright sun,1280003,1,0,0,2,,,0,,,,,,Waikato Region,Nil,2-way,Sealed,,0,0,,100,,Null,0,0,,21,Taupo District,Give way,,,,,0,0,Open,0,,,Fine,Null
1821522,5811463,20550,,535241,0,0,0,0,0,East,2005/2006,TE MIRO ROAD,HARBUTT ROAD,,Non-Injury Crash,No,2006,0,East,0,0,1,Flat,0,,0,,0,Bright sun,958501,0,0,0,2,0,0,0,0,0,,0,0,Waikato Region,Nil,2-way,Sealed,0,0,0,0,100,0,Null,1,0,,17,Waipa District,Unknown,0,0,0,0,0,0,Open,0,0,0,Fine,Null
1764478,5912940,20551,,520500,0,,0,1,,Null,2005/2006,SOUTH-EASTERN HIGHWAY,CARBINE ROAD,,Serious Crash,No,2006,,West,,0,,Flat,,,,,,Dark,639100,0,0,0,5,,,0,,,,,,Auckland Region,Nil,2-way,Sealed,,0,1,,80,,On,0,0,,76,Auckland,Traffic Signals,,,,,0,0,Open,0,,,Fine,Null
1736522,5981836,20552,,505300,1,,0,1,,East,2005/2006,SH 16,DAVIES ROAD,,Minor Crash,Yes,2006,,West,,0,,Flat,,,,,,Overcast,143200,1,0,0,2,,,0,,,,,,Auckland Region,Nil,2-way,Sealed,,0,0,,70,,None,0,0,,76,Auckland,Nil,,,,,0,0,Urban,0,,,Fine,Null
1777566,5875312,20553,,521131,0,0,0,1,0,West,2006/2007,POKENO ROAD,MUNRO ROAD,,Minor Crash,No,2006,0,North,1,0,1,Flat,0,,0,,0,Bright sun,828700,2,0,0,2,0,0,0,1,0,,0,0,Waikato Region,Nil,2-way,Sealed,0,0,0,0,100,0,Null,0,0,,13,Waikato District,Unknown,0,0,0,0,0,0,Open,0,0,0,Fine,Null
1697251,6084113,20554,,501400,0,0,0,1,0,Null,2005/2006,GREY ST,MACFARLANE ST,,Minor Crash,No,2006,0,East,0,0,1,Flat,0,,0,,0,Overcast,58600,2,0,0,2,0,0,0,0,0,,0,0,Northland Region,Nil,2-way,Sealed,0,0,0,0,50,0,Off,0,0,,1,Far North District,Nil,0,0,0,0,0,0,Urban,0,0,0,Light rain,Null
1242411,4850167,20555,,611210,0,,0,3,,North,2006/2007,SH 6,LEET ST,,Minor Crash,Yes,2006,,South,,0,,Flat,,,,,,Bright sun,3106100,2,0,0,4,,,0,,,,,,Southland Region,Nil,2-way,Sealed,,0,0,,50,,Null,0,0,,75,Invercargill City,Unknown,,,,,0,0,Urban,0,,,Fine,Null
1406477,4914629,20556,,604410,0,,0,1,,South,2006/2007,ANDERSONS BAY ROAD,MIDLAND ST,,Minor Crash,No,2006,,South,,0,,Flat,,,,,,Bright sun,2930300,1,0,0,4,,,0,,,,,,Otago Region,Nil,2-way,Sealed,,0,0,,50,,Null,0,0,,71,Dunedin City,Unknown,,,,,0,0,Urban,1,,,Fine,Null
1752521,5917060,20557,,517800,1,,0,1,,North,2006/2007,CARRINGTON ROAD,WOODWARD ROAD,,Minor Crash,No,2006,,North,,0,,Flat,,,,,,Dark,525500,1,0,0,2,,,0,,,,,,Auckland Region,Nil,2-way,Sealed,,0,0,,50,,On,0,0,,76,Auckland,Traffic Signals,,,,,0,0,Urban,0,,,Fine,Null
1767932,5470160,20558,,566000,0,,0,1,,South,2006/2007,Z SERV LANE,KAPITI/LAKE VIEW,,Minor Crash,No,2006,,East,,0,,Flat,,,,,,Bright sun,1999720,1,0,1,2,,,0,,,,,,Wellington Region,Nil,2-way,Sealed,,0,0,,70,,Null,0,0,,43,Kapiti Coast District,Nil,,,,,0,0,Urban,0,,,Fine,Null
1692979,6035551,20559,,504502,0,0,0,1,0,West,2005/2006,SH 14,PAERATA ROAD,,Minor Crash,Yes,2006,1,West,0,0,1,Flat,0,,0,,0,Dark,120900,1,0,0,2,0,0,0,1,0,,0,0,Northland Region,Nil,2-way,Sealed,0,0,0,0,100,0,None,0,0,,3,Kaipara District,Nil,0,0,0,0,0,0,Open,0,0,0,Fine,Null
1756392,5930328,20560,,508510,0,,0,2,,West,2005/2006,RAVENWOOD DRIVE,CHRISTENSEN PLACE,,Minor Crash,No,2006,,West,,0,,Hill Road,,,,,,Overcast,194501,3,0,0,2,,,0,,,,,,Auckland Region,Nil,2-way,Sealed,,0,0,,50,,Null,0,0,,76,Auckland,Unknown,,,,,0,0,Urban,0,,,Fine,Null
1801153,5840191,20561,,527111,0,,0,2,,South,2005/2006,ORINI ROAD,PIRI ROAD W,,Non-Injury Crash,No,2006,,North,,0,,Flat,,,,,,Overcast,947400,0,0,0,1,,,0,,,,,,Waikato Region,Bridge,2-way,Sealed,,0,0,,100,,Null,0,0,,13,Waikato District,Unknown,,,,,0,0,Open,0,,,Light rain,Null
1861440,5830220,20562,,536620,0,,0,2,,South,2005/2006,SH 2,SARGENT DRIVE,,Minor Crash,Yes,2006,,South,,0,,Hill Road,,Queens Birthday,,,,Dark,1185800,1,0,0,3,,,0,,,,,,Bay of Plenty Region,Nil,2-way,Sealed,,0,0,,100,,On,1,0,,22,Western Bay of Plenty District,Unknown,,,,,0,0,Open,0,,,Fine,Null
1768699,5905220,20563,,523722,0,,0,2,,East,2006/2007,HOLLYFORD DRIVE,TE IRIRANGI DRIVE,,Minor Crash,No,2006,,East,,0,,Hill Road,,,,,,Dark,716007,1,0,0,2,,,0,,,,,,Auckland Region,Nil,2-way,Sealed,,0,0,,50,,On,0,0,,76,Auckland,Nil,,,,,0,0,Urban,0,,,Fine,Null
1759275,5922690,20564,,509500,0,0,0,3,0,West,2005/2006,CALLIOPE ROAD,WILLIAM BOND ST,,Non-Injury Crash,No,2006,0,West,0,0,0,Flat,0,,0,,0,Dark,335300,0,0,0,2,0,0,0,0,2,,0,0,Auckland Region,Nil,2-way,Sealed,0,0,0,0,50,0,On,0,0,,76,Auckland,Unknown,0,0,0,0,0,0,Urban,0,0,0,Light rain,Null
1754219,5914735,20565,,518801,0,0,0,2,0,South,2005/2006,SANDRINGHAM ROAD,ODONNELL AVENUE,,Non-Injury Crash,No,2006,0,North,0,0,0,Flat,0,,0,,1,Overcast,576800,0,0,0,2,0,0,0,0,0,,0,0,Auckland Region,Nil,2-way,Sealed,0,0,0,0,50,0,Null,0,0,,76,Auckland,Stop,0,0,0,0,0,0,Urban,0,0,0,Fine,Null
1765660,5914734,20566,,520601,0,,0,1,,South,2006/2007,TRIPOLI ROAD,MATAPAN ROAD,,Minor Crash,No,2006,,South,,0,,Flat,,,,,,Dark,630800,1,0,0,2,,,0,,,,,,Auckland Region,Nil,2-way,Sealed,,0,0,,50,,On,0,0,,76,Auckland,Nil,,,,,0,0,Urban,1,,,Fine,Null
1760153,5915988,20567,,516002,0,,0,1,,Null,2005/2006,GREENLANE OFF SBD,GREENLANE INT,,Minor Crash,Yes,2006,,South,,0,,Flat,,,,,,Bright sun,492100,1,1,0,2,,,0,,,,,,Auckland Region,Nil,2-way,Sealed,,0,0,,50,,Off,0,0,,76,Auckland,Give way,,,,,0,0,Urban,0,,,Fine,Null
1929453,5604796,20568,,548200,0,,0,2,,Null,2005/2006,SOUTHAMPTON ST WEST,MARKET ST SOUTH,,Minor Crash,No,2006,,West,,0,,Flat,,,,,,Overcast,1489802,1,0,0,2,,,0,,,,,,Hawke's Bay Region,Nil,2-way,Sealed,,0,0,,50,,Null,0,0,,30,Hastings District,Give way,,,,,0,0,Urban,0,,,Fine,Null
1766651,5907115,20569,,522302,0,0,0,1,0,South,2005/2006,SH 1N,EAST TAMAKI OBR,,Serious Crash,Yes,2006,0,North,0,0,1,Flat,0,,0,,0,Overcast,668000,0,0,0,3,0,0,0,0,0,,0,0,Auckland Region,Nil,1-way,Sealed,0,0,1,0,100,0,Null,0,0,,76,Auckland,Nil,0,0,0,0,1,0,Open,0,0,0,Fine,Null
1792819,5835369,20570,,527111,0,0,0,0,1,North,2005/2006,SH 1N GREAT SOUTH,GORDONTON ROAD,,Non-Injury Crash,Yes,2006,0,North,1,0,0,Flat,0,,0,,0,Overcast,941002,0,0,0,2,0,0,0,0,0,,0,0,Waikato Region,Nil,2-way,Sealed,0,0,0,0,100,0,Null,0,0,,13,Waikato District,Unknown,0,0,0,1,0,0,Open,1,0,0,Light rain,Null
1576202,5177177,20571,,594020,0,0,0,1,0,West,2005/2006,FERRY ROAD,HUMPHREYS DRIVE,,Minor Crash,No,2006,0,East,0,0,1,Flat,0,,0,,1,Bright sun,2589600,1,0,0,2,0,0,0,0,0,,0,0,Canterbury Region,Nil,2-way,Sealed,0,0,0,0,50,0,Null,0,0,,60,Christchurch City,Unknown,0,0,0,1,0,0,Urban,0,0,0,Fine,Null
1759585,5906351,20572,,524200,0,,0,2,,Null,2008/2009,KIRKBRIDE ROAD,WESTNEY ROAD,,Non-Injury Crash,No,2009,,East,,0,,Flat,,,,,,Dark,727400,0,0,0,2,,,0,,,,,,Auckland Region,Nil,2-way,Sealed,,0,0,,60,,On,0,0,,76,Auckland,Give way,,,,,0,0,Urban,0,,,Light rain,Null
1798182.1792,5823069.4041,20573,,527123,0,,0,1,,East,2005/2006,KAY ROAD,SYLVESTER ROAD,,Serious Crash,No,2006,,South,,0,,Hill Road,,,,,,Bright sun,951704,1,0,0,2,,,0,,,,,,Waikato Region,Nil,2-way,Sealed,,0,1,,100,,Null,0,0,,13,Waikato District,Nil,,,,,0,0,Open,1,,,Fine,Null
1755213,5929483,20574,,508420,0,,0,2,,Null,2005/2006,LINK DRIVE,CROFTFIELD LANE,,Minor Crash,No,2006,,West,,0,,Flat,,,,,,Dark,183800,1,0,0,1,,,0,,,,,,Auckland Region,Nil,2-way,Sealed,,0,0,,50,,On,0,0,,76,Auckland,Give way,,,,,0,0,Urban,0,,,Heavy rain,Strong wind
1768916,5912335,20575,,523107,0,,0,2,,West,2005/2006,SHELDON PLACE,FOXLEY PLACE,,Non-Injury Crash,No,2006,,South,,0,,Flat,,Christmas New Year,,,,Dark,711411,0,0,0,2,,,0,,,,,,Auckland Region,Nil,2-way,Sealed,,0,0,,50,,On,0,0,,76,Auckland,Nil,,,,,0,0,Urban,0,,,Fine,Null