X,Y,OBJECTID,advisorySpeed,areaUnitID,bicycle,bridge,bus,carStationWagon,cliffBank,crashDirectionDescription,crashFinancialYear,crashLocation1,crashLocation2,crashRoadSideRoad,crashSeverity,crashSHDescription,crashYear,debris,directionRoleDescription,ditch,fatalCount,fence,flatHill,guardRail,holiday,houseOrBuilding,intersection,kerb,light,meshblockId,minorInjuryCount,moped,motorcycle,NumberOfLanes,objectThrownOrDropped,otherObject,otherVehicleType,overBank,parkedVehicle,pedestrian,phoneBoxEtc,postOrPole,region,roadCharacter,roadLane,roadSurface,roadworks,schoolBus,seriousInjuryCount,slipOrFlood,speedLimit,strayAnimal,streetLight,suv,taxi,temporarySpeedLimit,tlaId,tlaName,trafficControl,trafficIsland,trafficSign,train,tree,truck,unknownVehicleType,urban,vanOrUtility,vehicle,waterRiver,weatherA,weatherB
1768860,5469692,20576,,566000,0,0,0,1,0,North,2008/2009,CYPRESS GROVE,MAKARINI ST,,Non-Injury Crash,No,2009,0,North,0,0,0,Flat,0,,0,,0,Overcast,1999801,0,0,0,2,0,0,0,0,1,,0,0,Wellington Region,Nil,2-way,Sealed,0,0,0,0,50,0,Null,1,0,,43,Kapiti Coast District,Nil,0,0,0,0,0,0,Urban,0,0,0,Light rain,Null
1402491,4913893,20577,,605920,0,0,0,1,0,South,2005/2006,SH 1S,BURNSIDE OBR,,Serious Crash,Yes,2006,0,East,0,0,0,Hill Road,1,,0,,0,Bright sun,2955600,0,0,0,4,0,0,0,0,0,,0,0,Otago Region,Nil,2-way,Sealed,0,0,1,0,100,0,Null,0,0,,71,Dunedin City,Unknown,0,0,0,0,0,0,Open,0,0,0,Fine,Null
1691976,5675904,20578,,551900,0,,0,2,,Null,2006/2007,SH 45,DEVON ST WEST,,Minor Crash,Yes,2006,,West,,0,,Flat,,,,,,Dark,1589200,1,0,0,2,,,0,,,,,,Taranaki Region,Nil,2-way,Sealed,,0,0,,50,,On,0,0,,33,New Plymouth District,Traffic Signals,,,,,0,0,Urban,0,,,Light rain,Null
1246618,4939454,20579,,610020,0,,0,2,,South,2006/2007,SH 6,TANK CRK BR,,Serious Crash,Yes,2006,,South,,0,,Hill Road,,,,,,Bright sun,3041500,0,0,0,2,,,0,,,,,,Southland Region,Nil,2-way,Sealed,,0,5,,100,,Null,0,0,,73,Southland District,Unknown,,,,,0,0,Open,0,,,Fine,Null
1755331,5921846,20580,,515202,0,0,0,1,0,North,2008/2009,SH 1N,SHELLY BEACH OBR,,Non-Injury Crash,Yes,2009,1,South,0,0,0,Flat,0,,0,,0,Overcast,423600,0,0,0,2,0,0,0,0,0,,0,0,Auckland Region,Bridge,1-way,Sealed,0,0,0,0,80,0,Off,0,0,,76,Auckland,Nil,0,0,0,0,0,0,Open,0,0,0,Light rain,Null
1858425,5839859,20581,,535800,1,,0,1,,Null,2005/2006,BEACH ROAD,FAIRVIEW ROAD,,Minor Crash,No,2006,,West,,0,,Flat,,,,,,Bright sun,1183700,1,0,0,2,,,0,,,,,,Bay of Plenty Region,Nil,2-way,Sealed,,0,0,,50,,Null,0,0,,22,Western Bay of Plenty District,Give way,,,,,0,0,Urban,0,,,Fine,Null
1766642,5469926,20582,,566101,0,0,0,0,0,North,2005/2006,WHAREMAUKU ROAD,AVION TERRACE,,Minor Crash,No,2006,0,South,0,0,0,Flat,0,,0,,0,Dark,2004303,1,0,0,2,0,0,0,0,0,,1,1,Wellington Region,Nil,2-way,Sealed,0,0,0,0,50,0,On,0,0,,43,Kapiti Coast District,Nil,0,0,0,0,0,0,Urban,1,0,0,Fine,Null
1761130,5892856,20583,,521122,0,0,0,1,0,South,2008/2009,ELLETT ROAD,WHATAPAKA ROAD,,Non-Injury Crash,No,2009,0,North,0,0,1,Flat,0,,0,,0,Dark,809701,0,0,0,2,0,0,0,0,0,,0,0,Auckland Region,Nil,2-way,Sealed,0,0,0,0,100,0,None,0,0,,76,Auckland,Nil,0,0,0,0,0,0,Open,0,0,0,Fine,Null
1885442,5721416,20584,,541344,0,0,0,1,1,East,2006/2007,BROADLANDS ROAD,WHITE ROAD,,Minor Crash,No,2006,0,South,0,0,0,Flat,0,,0,,0,Overcast,1261603,1,0,0,2,0,0,0,0,0,,0,0,Waikato Region,Nil,2-way,Sealed,0,0,0,0,100,0,Null,0,0,,21,Taupo District,Unknown,0,0,0,0,0,0,Open,0,0,0,Fine,Null
1574949,5178780,20585,,594020,0,,0,1,,West,2006/2007,LINWOOD AVENUE,ST JOHNS ST,,Minor Crash,No,2006,,West,,0,,Flat,,,,,,Bright sun,2589800,2,0,0,2,,,0,,,,,,Canterbury Region,Nil,2-way,Sealed,,0,0,,60,,Null,1,0,,60,Christchurch City,Unknown,,,,,0,0,Urban,0,,,Fine,Null
1404754,4917754,20586,,603910,0,0,0,3,0,North,2006/2007,MELLOR ST,KAIKORAI VALLEY ROAD,,Minor Crash,No,2006,0,South,0,0,0,Flat,0,,0,,0,Dark,2907800,1,0,0,2,0,0,0,0,1,,0,0,Otago Region,Nil,2-way,Sealed,0,0,0,0,50,0,On,1,0,,71,Dunedin City,Nil,0,0,0,0,0,0,Urban,0,0,0,Fine,Null
1751392,5917991,20587,,515001,0,,0,0,,East,2006/2007,SH 16,WATERVIEW ON WBD,,Minor Crash,Yes,2006,,West,,0,,Flat,,,,,,Dark,392200,1,0,0,3,,,0,,,,,,Auckland Region,Nil,1-way,Sealed,,0,0,,100,,On,2,0,,76,Auckland,Nil,,,,,0,0,Open,0,,,Fine,Null
1761657,5458263,20588,,565700,0,0,0,1,0,South,2005/2006,SH 1N,FISHERMANS TABLE,,Non-Injury Crash,Yes,2006,0,North,0,0,0,Flat,1,,0,,0,Overcast,2072101,0,0,0,2,0,0,0,0,0,,0,0,Wellington Region,Nil,2-way,Sealed,0,0,0,0,80,0,Null,0,0,,44,Porirua City,Nil,0,0,0,0,0,0,Open,0,0,0,Fine,Null
1892748,5813046,20589,,538502,0,0,0,3,0,North,2005/2006,JELLICOE ST,BOUCHER AVENUE,,Serious Crash,No,2006,0,South,0,0,0,Hill Road,0,Easter,0,,0,Twilight,1214800,3,0,0,4,0,0,0,0,0,,0,0,Bay of Plenty Region,Nil,2-way,Sealed,0,0,1,0,50,0,Off,0,0,,22,Western Bay of Plenty District,Unknown,1,0,0,1,0,0,Urban,1,0,0,Fine,Null
1803025,5818324,20590,,529503,0,0,0,1,0,North,2005/2006,RAYMOND ST,RALEIGH AVENUE,,Non-Injury Crash,No,2006,0,North,0,0,0,Flat,0,,0,,0,Bright sun,954208,0,0,0,2,0,0,0,0,0,,0,1,Waikato Region,Nil,2-way,Sealed,0,0,0,0,50,0,Null,0,0,,16,Hamilton City,Unknown,0,0,0,0,0,0,Urban,0,0,0,Fine,Null
1769891,5899397,20591,,523911,0,,0,4,,South,2009/2010,SH 1N,TAKANINI OFF SBD,,Non-Injury Crash,Yes,2009,,South,,0,,Flat,,,,,,Overcast,766500,0,0,0,2,,,0,,,,,,Auckland Region,Nil,1-way,Sealed,,0,0,,100,,Off,0,0,,76,Auckland,Nil,,,,,0,0,Open,0,,,Light rain,Null
1638575,6073151,20592,,500802,0,,0,0,,North,2006/2007,KOUTU LOOP ROAD W,SH 12,,Minor Crash,No,2006,,North,,0,,Hill Road,,Labour Weekend,,,,Dark,25200,1,0,0,2,,,0,,,,,,Northland Region,Nil,2-way,Sealed,,0,0,,80,,None,1,0,,1,Far North District,Nil,,,,,0,0,Open,0,,,Fine,Null
1892537,5757693,20593,,538850,0,,0,0,,North,2006/2007,SH 5,SH 38,,Minor Crash,Yes,2006,,South,,0,,Flat,,,,,,Dark,1258800,1,0,0,2,,,0,,,,,,Waikato Region,Nil,2-way,Sealed,,0,0,,100,,None,1,0,,24,Rotorua District,Unknown,,,,,0,0,Open,0,,,Fine,Null
1763749,5913583,20594,,520402,0,,0,2,,Null,2005/2006,MOUNT WELLINGTON HIGHWAY,ROSLYN ROAD,,Minor Crash,No,2006,,South,,0,,Flat,,,,,,Overcast,640600,2,0,0,4,,,0,,,,,,Auckland Region,Nil,2-way,Sealed,,0,0,,50,,Off,0,0,,76,Auckland,Stop,,,,,0,0,Urban,0,,,Fine,Null
1758575,5911638,20595,,519810,0,0,0,1,0,South,2009/2010,SH 20,ONEHUNGA ON NBD,,Non-Injury Crash,Yes,2009,0,North,0,0,0,Flat,0,,0,,0,Overcast,602501,0,0,0,2,0,0,0,0,0,,0,0,Auckland Region,Nil,1-way,Sealed,0,0,0,0,80,0,Off,1,0,,76,Auckland,Nil,0,0,0,0,0,0,Open,0,1,0,Fine,Null
1805888,5649572,20596,,554900,0,0,0,1,1,South,2005/2006,SH 4,MANGANUIATEAO BR,,Minor Crash,Yes,2006,0,North,0,0,0,Hill Road,0,,0,,0,Dark,1671600,1,0,0,2,0,0,0,0,0,,0,0,Manawatū-Whanganui Region,Nil,2-way,Sealed,0,0,0,0,100,0,None,0,0,70,36,Ruapehu District,Nil,0,0,0,0,0,0,Open,0,0,0,Snow,Frost
1842128,5796458,20597,,535250,0,0,0,0,0,South,2005/2006,SH 27,LANGLANDS ROAD,,Non-Injury Crash,Yes,2006,0,South,1,0,0,Flat,0,,0,,0,Overcast,1125100,0,0,0,2,0,0,0,0,0,,0,0,Waikato Region,Nil,2-way,Sealed,0,0,0,0,100,0,Null,0,0,,19,South Waikato District,Unknown,0,0,0,0,0,0,Open,1,0,0,Heavy rain,Null
1781332,5871798,20598,,526701,0,0,0,1,0,West,2009/2010,MERCER FERRY ROAD,KOHEROA OVERBRIDGE,,Non-Injury Crash,No,2009,0,West,0,0,1,Flat,0,,0,,0,Dark,843900,0,0,0,2,0,0,0,0,0,,0,0,Waikato Region,Nil,2-way,Sealed,0,0,0,0,100,0,None,0,0,,13,Waikato District,Nil,0,0,0,0,0,0,Open,0,0,0,Fine,Null
1850040,5764749,20599,,535360,0,,0,1,,East,2005/2006,SH 32,THOMPSON ST,,Minor Crash,Yes,2006,,East,,0,,Flat,,,,,,Twilight,1146500,1,0,0,2,,,0,,,1,,,Waikato Region,Nil,2-way,Sealed,,0,0,,50,,On,0,0,,19,South Waikato District,Give way,,,,,0,0,Urban,0,,,Fine,Null
1766918,5468630,20600,,566101,0,,0,2,,Null,2009/2010,ALEXANDER ROAD,KARAKA GROVE,,Non-Injury Crash,No,2009,,North,,0,,Flat,,,,,,Twilight,2005201,0,0,0,2,,,0,,,,,,Wellington Region,Nil,2-way,Sealed,,0,0,,50,,On,0,0,,43,Kapiti Coast District,Nil,,,,,0,0,Urban,0,,,Fine,Null
1757863,5918808,20601,,517400,0,,0,2,,North,2005/2006,PARK ROAD,CARLTON GORE ROAD,,Serious Crash,No,2006,,North,,0,,Flat,,,,,,Bright sun,449700,0,0,0,2,,,0,,,,,,Auckland Region,Nil,2-way,Sealed,,0,1,,50,,Off,0,0,,76,Auckland,Nil,,,,,0,0,Urban,0,,,Fine,Null
1759918,5437010,20602,,569401,0,0,0,1,1,Null,2005/2006,SH 2,BLOCK ROAD,,Minor Crash,Yes,2006,0,North,0,0,0,Flat,0,,0,,0,Bright sun,1920100,1,0,0,6,0,0,0,0,0,,0,0,Wellington Region,Nil,2-way,Sealed,0,0,0,0,100,0,Null,0,0,,46,Lower Hutt City,Traffic Signals,0,0,0,0,0,0,Open,0,0,0,Fine,Null
1760018,5908281,20603,,524121,0,,0,2,,South,2005/2006,SH 20,CORONATION OFF NBD,,Non-Injury Crash,Yes,2006,,North,,0,,Flat,,,,,,Dark,737000,0,0,0,3,,,0,,,,,,Auckland Region,Nil,2-way,Sealed,,0,0,,100,,On,0,0,,76,Auckland,Nil,,,,,0,0,Open,0,,,Fine,Null
1865557,5731652,20604,,541334,0,0,0,1,0,South,2009/2010,SH 1N,TUTUKAU ROAD,,Non-Injury Crash,Yes,2009,0,North,0,0,0,Hill Road,0,Labour Weekend,0,,0,Dark,1276902,0,0,0,2,0,0,0,0,0,,0,0,Waikato Region,Nil,2-way,Sealed,0,0,0,0,100,0,None,0,0,,21,Taupo District,Unknown,0,1,0,0,0,0,Open,0,0,0,Fine,Null
1852634,5760976,20605,,535212,0,0,0,1,1,East,2005/2006,KINLEITH ROAD,OLD TAUPO ROAD,,Non-Injury Crash,No,2006,0,East,1,0,0,Flat,0,,0,,0,Dark,1151401,0,0,0,2,0,0,0,0,0,,0,0,Waikato Region,Nil,2-way,Sealed,0,0,0,0,100,0,None,0,0,,19,South Waikato District,Nil,0,0,0,0,0,0,Open,0,0,0,Null,Frost
1759078,5906194,20606,,524200,0,,0,2,,South,2006/2007,SH 20A,KIRKBRIDE ROAD,,Minor Crash,Yes,2006,,North,,0,,Flat,,,,,,Overcast,726400,1,0,0,4,,,0,,,,,,Auckland Region,Nil,2-way,Sealed,,0,0,,100,,Null,0,0,,76,Auckland,Unknown,,,,,0,0,Open,0,,,Light rain,Null
1949566,5790616,20607,,542430,0,0,0,2,0,South,2006/2007,GARAWAY ST,STEWART ST,,Non-Injury Crash,No,2006,0,South,0,0,0,Flat,0,,0,,0,Overcast,1311100,0,0,0,2,0,0,0,0,1,,0,0,Bay of Plenty Region,Nil,2-way,Sealed,0,0,0,0,50,0,Off,0,0,,25,Whakatane District,Nil,0,0,0,0,0,0,Urban,0,0,0,Fine,Null
1743363,5920956,20608,,513622,0,,0,1,,South,2009/2010,DON BUCK ROAD,DONOVAN AVENUE,,Non-Injury Crash,No,2009,,South,,0,,Hill Road,,,,,,Overcast,226700,0,0,0,2,,,0,,,,,,Auckland Region,Nil,2-way,Sealed,,0,0,,50,,Off,1,0,,76,Auckland,Nil,,,,,0,0,Urban,0,,,Light rain,Null
1753993,5915580,20609,,517702,0,,0,1,,Null,2006/2007,EUSTON ROAD,TAUMATA ROAD,,Minor Crash,No,2006,,North,,0,,Hill Road,,Christmas New Year,,,,Dark,542300,1,0,0,2,,,0,,,,,,Auckland Region,Nil,2-way,Sealed,,0,0,,50,,On,0,0,,76,Auckland,Stop,,,,,0,0,Urban,1,,,Fine,Null
1572526,5181961,20610,,593200,0,,0,1,,North,2006/2007,NORTH PARADE,RANDALL ST,,Serious Crash,No,2006,,South,,0,,Flat,,,,,,Twilight,2697600,1,0,1,2,,,0,,,,,,Canterbury Region,Nil,2-way,Sealed,,0,1,,50,,Off,0,0,,60,Christchurch City,Nil,,,,,0,0,Urban,0,,,Fine,Null
1878947,5823648,20611,,538201,0,,0,2,,North,2009/2010,CAMERON ROAD,FIFTH AVENUE,,Non-Injury Crash,No,2009,,North,,0,,Flat,,,,,,Overcast,1165500,0,0,0,4,,,0,,,,,,Bay of Plenty Region,Nil,2-way,Sealed,,0,0,,50,,Null,0,0,,23,Tauranga City,Unknown,,,,,0,0,Urban,1,,,Fine,Null
1569715,5181703,20612,,592401,0,,0,0,,North,2006/2007,PAPANUI ROAD,HOLLY ROAD,,Minor Crash,No,2006,,South,,0,,Flat,,,,,,Overcast,2689700,1,0,0,2,,,0,,,,,,Canterbury Region,Nil,2-way,Sealed,,0,0,,50,,Null,1,0,,60,Christchurch City,Nil,,,,,0,0,Urban,1,,,Fine,Null
1763262,5908247,20613,,524301,0,0,0,1,0,Null,2005/2006,MASSEY ROAD,SAVILL DRIVE,,Minor Crash,No,2006,0,North,0,0,1,Flat,0,,0,,0,Bright sun,748600,3,0,0,4,0,0,0,0,0,,0,0,Auckland Region,Nil,2-way,Sealed,0,0,0,0,50,0,Off,1,0,,76,Auckland,Traffic Signals,0,0,0,0,0,0,Urban,0,0,0,Fine,Null
1743975,5924036,20614,,513410,0,,0,2,,Null,2006/2007,OLD SH 16,SH 18,,Non-Injury Crash,Yes,2006,,North,,0,,Flat,,,,,,Twilight,223901,0,0,0,4,,,0,,,,,,Auckland Region,Nil,2-way,Sealed,,0,0,,50,,Off,0,0,,76,Auckland,Traffic Signals,,,,,0,0,Urban,0,,,Fine,Null
1750440,5427433,20615,,576600,1,,0,1,,West,2006/2007,ORIENTAL PARADE,CARLTON GORE ROAD,,Minor Crash,No,2006,,West,,0,,Flat,,,,,,Overcast,2137500,1,0,0,2,,,0,,,,,,Wellington Region,Nil,2-way,Sealed,,0,0,,50,,Null,0,0,,47,Wellington City,Nil,,,,,0,0,Urban,0,,,Light rain,Null
1406912,4917289,20616,,603100,1,,0,1,,North,2006/2007,LEITH ST,HANOVER ST,,Minor Crash,No,2006,,South,,0,,Flat,,,,,,Overcast,2902000,1,0,0,2,,,0,,,,,,Otago Region,Nil,2-way,Sealed,,0,0,,50,,Null,0,0,,71,Dunedin City,Nil,,,,,0,0,Urban,0,,,Fine,Null
1757617,5917882,20617,,518101,0,,0,2,,West,2008/2009,CLIVE ROAD,MOUNTAIN ROAD,,Non-Injury Crash,No,2009,,East,,0,,Flat,,,,,,Bright sun,543000,0,0,0,2,,,0,,,,,,Auckland Region,Nil,2-way,Sealed,,0,0,,50,,Null,0,0,,76,Auckland,Stop,,,,,0,0,Urban,0,,,Fine,Null
1619893,5428078,20618,,583500,1,,0,1,,West,2006/2007,QUARANTINE ROAD,PASCOE ST,,Minor Crash,No,2006,,East,,0,,Flat,,,,,,Bright sun,2336001,1,0,0,2,,,0,,,,,,Nelson Region,Nil,2-way,Sealed,,0,0,,50,,Null,0,0,,52,Nelson City,Nil,,,,,0,0,Urban,0,,,Fine,Null
1802134,5816017,20619,,530100,0,,0,3,,East,2005/2006,TE AROHA ST,BELL ST,,Minor Crash,No,2006,,East,,0,,Flat,,,,,,Dark,895300,1,0,0,2,,,0,,,,,,Waikato Region,Nil,2-way,Sealed,,0,0,,50,,On,0,0,,16,Hamilton City,Give way,,,,,0,0,Urban,0,,,Fine,Null
1754363,5918331,20620,,517600,0,,0,2,,East,2006/2007,SH 16,ST LUKES OFF WBD,,Non-Injury Crash,Yes,2006,,West,,0,,Flat,,,,,,Bright sun,533000,0,0,0,3,,,0,,,,,,Auckland Region,Nil,1-way,Sealed,,0,0,,50,,Off,0,0,,76,Auckland,Nil,,,,,0,0,Urban,0,,,Fine,Null
1756301,5920544,20621,,514000,0,0,0,1,0,South,2009/2010,SH 1N,FANSHAWE ON NBD,,Non-Injury Crash,Yes,2009,0,North,0,0,0,Flat,1,,0,,0,Dark,416600,0,0,0,2,0,0,0,0,0,,0,0,Auckland Region,Nil,1-way,Sealed,0,0,0,0,80,0,On,0,0,,76,Auckland,Unknown,0,0,0,0,0,0,Open,0,0,0,Fine,Null
1763187,5911858,20622,,520500,0,,0,3,,Null,2005/2006,GREAT SOUTH ROAD,SYLVIA PARK ROAD,,Non-Injury Crash,No,2006,,South,,0,,Flat,,,,,,Overcast,637300,0,0,0,2,,,0,,,,,,Auckland Region,Nil,2-way,Sealed,,0,0,,50,,Off,0,0,,76,Auckland,Traffic Signals,,,,,0,0,Urban,0,,,Light rain,Null
1826097,5885898,20623,,533502,0,,0,2,,Null,2006/2007,POLLEN ST,SH 25,,Minor Crash,Yes,2006,,South,,0,,Flat,,,,,,Bright sun,1055500,1,0,0,2,,,0,,,,,,Waikato Region,Nil,2-way,Sealed,,0,0,,50,,Null,0,0,,11,Thames-Coromandel District,Stop,,,,,0,0,Urban,0,,,Fine,Null
1835943,5802722,20624,,535242,0,0,0,1,0,West,2009/2010,TAOTAOROA ROAD,SH 29,,Non-Injury Crash,No,2009,0,East,0,0,1,Hill Road,0,,0,,0,Bright sun,1116500,0,0,0,2,0,0,0,0,0,,0,1,Waikato Region,Nil,2-way,Sealed,0,0,0,0,100,0,Null,0,0,,15,Matamata-Piako District,Unknown,0,0,0,0,0,0,Open,0,0,0,Fine,Null
1755078,5928918,20625,,508320,0,,0,0,,West,2005/2006,DIANA DRIVE,WAIRAU ROAD,,Non-Injury Crash,No,2006,,West,,0,,Flat,,,,,,Overcast,196700,0,0,0,2,,,0,,,,,,Auckland Region,Nil,2-way,Sealed,,0,0,,50,,Off,0,0,,76,Auckland,Nil,,,,,0,0,Urban,2,,,Fine,Null
1758943,5904259,20626,,524200,0,0,0,0,0,South,2005/2006,GEORGE BOLT MEMORIAL DRIV,NIXON ROAD,,Non-Injury Crash,No,2006,0,South,0,0,1,Flat,0,Queens Birthday,0,,0,Bright sun,727200,0,0,0,4,0,0,0,0,0,,0,0,Auckland Region,Nil,2-way,Sealed,0,0,0,0,100,0,Off,1,0,,76,Auckland,Nil,0,0,0,0,0,0,Open,0,0,0,Fine,Null
1731315,5908429,20627,,513800,0,0,0,1,0,South,2009/2010,PIHA ROAD,SEAVIEW ROAD,,Non-Injury Crash,No,2009,0,East,0,0,0,Hill Road,0,,0,,0,Dark,282016,0,0,0,2,0,0,0,0,0,,0,0,Auckland Region,Nil,2-way,Sealed,0,0,0,0,80,0,None,0,0,,76,Auckland,Nil,0,0,0,1,0,0,Open,0,0,0,Fine,Null
1234586,4878160,20628,,610040,0,0,0,1,0,Null,2005/2006,ORETI SCHOOL ROAD,SPAR BUSH-WINTON ROAD,,Minor Crash,No,2006,0,East,0,0,0,Flat,0,,0,,0,Dark,3077800,1,0,0,2,0,0,0,0,0,,0,0,Southland Region,Nil,2-way,Sealed,0,0,0,0,100,0,None,0,0,,73,Southland District,Give way,0,0,0,1,0,0,Open,0,0,0,Fine,Null
1759850,5908732,20629,,524121,0,,0,3,,South,2006/2007,SH 20,WALMSLEY OBR,,Minor Crash,Yes,2006,,North,,0,,Flat,,,,,,Dark,737000,2,0,0,3,,,0,,,,,,Auckland Region,Nil,1-way,Sealed,,0,0,,100,,On,0,0,,76,Auckland,Nil,,,,,0,0,Open,0,,,Fine,Null
1768992,5902887,20630,,523820,0,,0,2,,Null,2005/2006,EVERGLADE DRIVE,EUGENIA RISE,,Non-Injury Crash,No,2006,,South,,0,,Hill Road,,,,,,Bright sun,760122,0,0,0,2,,,0,,,,,,Auckland Region,Nil,2-way,Sealed,,0,0,,50,,Off,0,0,,76,Auckland,Give way,,,,,0,0,Urban,0,,,Fine,Null
1710696,5644846,20631,,553101,0,,0,1,,South,2008/2009,SH 3,REGAN ST,,Non-Injury Crash,Yes,2009,,South,,0,,Flat,,,,,,Bright sun,1613000,0,0,0,2,,,0,,,,,,Taranaki Region,Nil,2-way,Sealed,,0,0,,50,,Null,1,0,,34,Stratford District,Nil,,,,,0,0,Urban,0,,,Fine,Null
1718141,6042725,20632,,503800,0,,0,2,,Null,2005/2006,SMEATON DRIVE,TAUROA ST,,Non-Injury Crash,No,2006,,West,,0,,Flat,,,,,,Twilight,107904,0,0,0,2,,,0,,,,,,Northland Region,Nil,2-way,Sealed,,0,0,,50,,On,0,0,,2,Whangarei District,Nil,,,,,0,0,Urban,0,,,Fine,Null
1757438,5920434,20633,,514103,0,,0,2,,North,2005/2006,Z CPK,VICTORIA ST EAST,,Non-Injury Crash,No,2006,,West,,0,,Hill Road,,,,,,Overcast,437600,0,0,0,0,,,0,,,,,,Auckland Region,Nil,Off road,Sealed,,0,0,,30,,Null,0,0,,76,Auckland,Unknown,,,,,0,0,Urban,0,,,Fine,Null
1561935,5170546,20634,,587904,0,,0,1,,Null,2006/2007,ROBINSONS ROAD,ELLESMERE ROAD,,Minor Crash,No,2006,,South,,0,,Flat,,,,,,Overcast,2501300,1,0,0,2,,,0,,,,,,Canterbury Region,Nil,2-way,Sealed,,0,0,,100,,Null,1,0,,62,Selwyn District,Stop,,,,,0,0,Open,0,,,Light rain,Null
1719062,6045471,20635,,503000,0,,0,1,,South,2009/2010,MAUNU ROAD,CENTRAL AVENUE,,Non-Injury Crash,No,2009,,North,,0,,Flat,,,,,,Bright sun,98800,0,0,0,1,,,0,,,,,,Northland Region,Nil,1-way,Sealed,,0,0,,50,,Off,0,0,,2,Whangarei District,Nil,,,,,0,0,Urban,1,,,Fine,Null
1709633,5623386,20636,,554113,0,0,0,1,0,South,2006/2007,WALLSCOURT PLACE,KETEMARAE ROAD,,Minor Crash,No,2006,0,South,0,0,1,Flat,0,,0,,0,Overcast,1652500,1,0,0,2,0,0,0,0,0,,0,0,Taranaki Region,Nil,2-way,Sealed,0,0,0,0,50,0,Null,0,0,,35,South Taranaki District,Nil,0,0,0,0,0,0,Urban,0,0,0,Fine,Null
1931802,5617681,20637,,547100,0,,0,2,,West,2006/2007,AVENUE ROAD,GLOUCESTER ST,,Minor Crash,No,2006,,East,,0,,Flat,,,,,,Overcast,1456201,1,0,0,2,,,0,,,,,,Hawke's Bay Region,Nil,2-way,Sealed,,0,0,,50,,Null,0,0,,31,Napier City,Nil,,,,,0,0,Urban,0,,,Fine,Null
1793204,5500419,20638,,564220,0,0,0,1,0,South,2008/2009,Z FCT SHELL,OXFORD/BATH,,Non-Injury Crash,No,2009,0,South,0,0,0,Flat,0,,0,,0,Bright sun,1870100,0,0,0,2,0,1,0,0,0,,0,0,Manawatū-Whanganui Region,Nil,2-way,Sealed,0,0,0,0,50,0,Null,0,0,,42,Horowhenua District,Nil,0,0,0,0,0,0,Urban,0,0,0,Fine,Null
1754250,5931150,20639,,508420,0,,0,2,,South,2005/2006,SH 1N,CONSTELLATION OBR,,Non-Injury Crash,Yes,2006,,North,,0,,Hill Road,,,,,,Dark,182001,0,0,0,2,,,0,,,,,,Auckland Region,Nil,1-way,Sealed,,0,0,,100,,On,0,0,,76,Auckland,Nil,,,,,0,0,Open,0,,,Fine,Null
1765437,5899462,20640,,524822,0,0,0,1,0,North,2006/2007,FINLAYSON AVENUE,PALMERS ROAD,,Minor Crash,No,2006,0,South,0,0,0,Flat,0,,0,,0,Bright sun,774422,3,0,0,2,0,0,0,0,0,,0,0,Auckland Region,Nil,2-way,Sealed,0,0,0,0,50,0,Off,0,0,,76,Auckland,Nil,0,0,0,0,1,0,Urban,0,1,0,Fine,Null
1818058,5802993,20641,,527503,0,,0,3,,East,2005/2006,TIRAU ROAD,SHAKESPEARE ST,,Minor Crash,No,2006,,West,,0,,Flat,,,,,,Twilight,963100,1,0,0,2,,,0,,,,,,Waikato Region,Nil,2-way,Sealed,,0,0,,80,,On,0,0,,17,Waipa District,Unknown,,,,,0,0,Open,0,,,Heavy rain,Null
1690340,5674230,20642,,551503,0,0,0,1,0,South,2005/2006,OMATA ROAD,ENDEAVOUR ST,,Minor Crash,No,2006,0,North,0,0,0,Hill Road,0,,0,,1,Dark,1578700,1,0,0,2,0,0,0,0,0,,0,1,Taranaki Region,Nil,2-way,Sealed,0,0,0,0,50,0,On,0,0,,33,New Plymouth District,Nil,0,0,0,0,0,0,Urban,0,0,0,Fine,Null
1754463,5912740,20643,,519001,0,,0,2,,Null,2005/2006,RICHARDSON ROAD,FREER ST,,Non-Injury Crash,No,2006,,North,,0,,Flat,,,,,,Bright sun,588600,0,0,0,2,,,0,,,,,,Auckland Region,Nil,2-way,Sealed,,0,0,,50,,Null,0,0,,76,Auckland,Stop,,,,,0,0,Urban,0,,,Fine,Null
1752426,5969716,20644,,506661,0,0,0,0,1,North,2006/2007,HAMILTON ROAD,DUCK CREEK ROAD,,Non-Injury Crash,No,2006,0,South,0,0,0,Flat,0,,0,,0,Bright sun,139400,0,0,0,2,0,0,0,0,0,,0,0,Auckland Region,Nil,2-way,Unsealed,0,0,0,0,100,0,None,1,0,,76,Auckland,Nil,0,0,0,0,0,0,Open,0,0,0,Fine,Null
1753960,5946437,20645,,505906,0,,0,2,,Null,2005/2006,BRIAN CRESCENT,VIPOND ROAD,,Non-Injury Crash,No,2006,,East,,0,,Hill Road,,,,,,Bright sun,173312,0,0,0,2,,,0,,,,,,Auckland Region,Nil,2-way,Sealed,,0,0,,50,,None,0,0,,76,Auckland,Give way,,,,,0,0,Urban,0,,,Fine,Null
1770097,5898490,20646,,523920,0,1,0,1,0,Null,2005/2006,SH 1N,WALTER STREVENS OBR,,Non-Injury Crash,Yes,2006,0,North,0,0,0,Flat,0,,0,,0,Bright sun,767918,0,0,0,2,0,0,0,0,0,,0,0,Auckland Region,Nil,1-way,Sealed,0,0,0,0,100,0,Off,0,0,,76,Auckland,Nil,0,0,0,0,1,0,Open,0,0,0,Fine,Null