X,Y,OBJECTID,advisorySpeed,areaUnitID,bicycle,bridge,bus,carStationWagon,cliffBank,crashDirectionDescription,crashFinancialYear,crashLocation1,crashLocation2,crashRoadSideRoad,crashSeverity,crashSHDescription,crashYear,debris,directionRoleDescription,ditch,fatalCount,fence,flatHill,guardRail,holiday,houseOrBuilding,intersection,kerb,light,meshblockId,minorInjuryCount,moped,motorcycle,NumberOfLanes,objectThrownOrDropped,otherObject,otherVehicleType,overBank,parkedVehicle,pedestrian,phoneBoxEtc,postOrPole,region,roadCharacter,roadLane,roadSurface,roadworks,schoolBus,seriousInjuryCount,slipOrFlood,speedLimit,strayAnimal,streetLight,suv,taxi,temporarySpeedLimit,tlaId,tlaName,trafficControl,trafficIsland,trafficSign,train,tree,truck,unknownVehicleType,urban,vanOrUtility,vehicle,waterRiver,weatherA,weatherB
1754009,5917211,20647,,517600,0,,0,2,,Null,2008/2009,ST LUKES ROAD,NEW NORTH ROAD,,Non-Injury Crash,No,2009,,North,,0,,Flat,,,,,,Dark,534400,0,0,0,3,,,0,,,,,,Auckland Region,Nil,2-way,Sealed,,0,0,,50,,On,0,0,,76,Auckland,Traffic Signals,,,,,0,0,Urban,0,,,Fine,Null
1879231,5825462,20648,,538202,0,,0,1,,North,2005/2006,CHAPEL ST,OLD SH 2A,,Non-Injury Crash,No,2006,,South,,0,,Flat,,,,,,Overcast,1163002,0,0,0,5,,,0,,,,,,Bay of Plenty Region,Nil,2-way,Sealed,,0,0,,50,,Null,0,0,,23,Tauranga City,Unknown,,,,,0,0,Urban,1,,,Light rain,Null
1764919,5914744,20649,,520602,0,,0,1,,Null,2005/2006,PANMURE ROUNDABOUT,ELLERSLIE-PANMURE HIGHWAY,,Non-Injury Crash,No,2006,,North,,0,,Flat,,,,,,Overcast,628400,0,1,0,2,,,0,,,,,,Auckland Region,Nil,2-way,Sealed,,0,0,,50,,Null,0,0,,76,Auckland,Nil,,,,,0,0,Urban,0,,,Light rain,Null
1822047,5801516,20650,,535241,0,0,0,0,0,West,2005/2006,SH 1N,HICKEY ROAD,,Minor Crash,Yes,2006,0,East,1,0,0,Flat,0,,0,,0,Dark,1122700,1,0,0,2,0,0,0,0,0,,0,0,Waikato Region,Nil,2-way,Sealed,0,0,0,0,100,0,None,1,0,,17,Waipa District,Unknown,0,0,0,0,0,0,Open,0,0,0,Fine,Null
1889583,5775074,20651,,538741,0,0,0,0,0,North,2009/2010,POHUTUKAWA DRIVE,REWAREWA ST,,Non-Injury Crash,No,2009,0,South,0,0,0,Flat,0,,0,,0,Twilight,1253903,0,0,0,2,0,0,0,0,0,,0,1,Bay of Plenty Region,Nil,2-way,Sealed,0,0,0,0,50,0,Off,1,0,,24,Rotorua District,Unknown,0,0,0,0,0,0,Urban,0,0,0,Fine,Null
1624438,5431313,20652,,582300,0,,0,2,,Null,2006/2007,TASMAN ST,GROVE ST,,Minor Crash,No,2006,,North,,0,,Flat,,,,,,Bright sun,2318500,1,0,0,2,,,0,,,,,,Nelson Region,Nil,2-way,Sealed,,0,0,,50,,Null,0,0,,52,Nelson City,Stop,,,,,0,0,Urban,0,,,Fine,Null
1758242,5888617,20653,,521122,0,0,0,1,0,West,2005/2006,MCKENZIE ROAD,KINGSEAT ROAD,,Minor Crash,No,2006,0,East,0,0,0,Hill Road,0,,0,,0,Overcast,810400,1,0,0,2,0,0,0,0,0,,0,1,Auckland Region,Nil,2-way,Sealed,0,0,0,0,100,0,None,0,0,,76,Auckland,Nil,0,0,0,0,1,0,Open,0,0,0,Light rain,Null
1953866,5790691,20654,,542514,0,0,0,1,1,Null,2006/2007,OHOPE ROAD,CLIFF ROAD,,Minor Crash,No,2006,0,North,0,0,0,Hill Road,0,,0,,0,Bright sun,1294103,1,0,0,3,0,0,0,0,0,,0,0,Bay of Plenty Region,Nil,2-way,Sealed,0,0,0,0,80,0,Null,0,0,,25,Whakatane District,Nil,0,0,0,0,0,0,Open,0,0,0,Fine,Null
1757215,5919382,20655,,514301,0,,0,2,,Null,2005/2006,SYMONDS ST,KARANGAHAPE ROAD,,Non-Injury Crash,Yes,2006,,East,,0,,Flat,,,,,,Dark,440904,0,0,0,3,,,0,,,,,,Auckland Region,Nil,2-way,Sealed,,0,0,,50,,On,0,0,,76,Auckland,Traffic Signals,,,,,0,0,Urban,0,,,Fine,Null
1785235,5862516,20656,,527210,0,0,0,1,0,South,2005/2006,SH 1N,HAMPTON DOWNS OBR,,Non-Injury Crash,Yes,2006,0,South,0,0,0,Flat,1,,0,,0,Dark,935600,0,0,0,2,0,0,0,0,0,,0,0,Waikato Region,Nil,2-way,Sealed,0,0,0,0,100,0,None,0,0,,13,Waikato District,Nil,0,0,0,0,0,0,Open,0,0,0,Fine,Null
1876722,5819531,20657,,537601,0,,0,2,,North,2006/2007,FRASER ST,CHADWICK ROAD,,Non-Injury Crash,No,2006,,East,,0,,Flat,,,,,,Twilight,1176400,0,0,0,2,,,0,,,,,,Bay of Plenty Region,Nil,2-way,Sealed,,0,0,,50,,Off,0,0,,23,Tauranga City,Nil,,,,,0,0,Urban,0,,,Fine,Null
1755819,5923692,20658,,509800,0,0,0,1,0,Null,2009/2010,QUEEN ST,BEACH ROAD,,Non-Injury Crash,No,2009,0,West,0,0,1,Flat,0,,0,,0,Overcast,359000,0,0,0,2,0,0,0,0,0,,0,0,Auckland Region,Nil,2-way,Sealed,0,0,0,0,50,0,Null,0,0,,76,Auckland,Give way,0,0,0,0,0,0,Urban,0,0,0,Light rain,Null
1763813,5913698,20659,,520303,0,,0,3,,Null,2005/2006,MOUNT WELLINGTON HIGHWAY,PENROSE ROAD,,Serious Crash,No,2006,,North,,0,,Flat,,,,,,Dark,627300,1,0,0,6,,,0,,,,,,Auckland Region,Nil,2-way,Sealed,,0,2,,60,,On,0,0,,76,Auckland,Traffic Signals,,,,,0,0,Urban,0,,,Heavy rain,Null
1890448,5760482,20660,,538832,0,0,0,0,0,South,2008/2009,SH 5,WILSON ROAD,,Non-Injury Crash,Yes,2009,0,North,0,0,0,Flat,0,,0,,0,Overcast,1258902,0,0,0,2,0,0,0,0,0,,0,0,Bay of Plenty Region,Nil,2-way,Sealed,0,0,0,0,100,0,Null,0,0,,24,Rotorua District,Nil,0,0,0,0,0,0,Open,1,0,0,Mist or Fog,Null
1758007,5447127,20661,,572100,1,,0,1,,Null,2006/2007,POSTGATE DRIVE,STAITHES DRIVE NORTH,,Minor Crash,No,2006,,North,,0,,Hill Road,,,,,,Dark,2070405,1,0,0,2,,,0,,,,,,Wellington Region,Nil,2-way,Sealed,,0,0,,50,,On,0,0,,44,Porirua City,Give way,,,,,0,0,Urban,0,,,Fine,Null
1796941,5816196,20662,,528504,0,0,0,2,0,North,2005/2006,CLANCY PLACE,GRANDVIEW ROAD,,Minor Crash,No,2006,0,North,0,0,0,Flat,0,,0,,0,Dark,905402,1,0,0,2,0,0,0,0,1,,0,0,Waikato Region,Nil,2-way,Sealed,0,0,0,0,50,0,On,0,0,,16,Hamilton City,Unknown,0,0,0,0,0,0,Urban,0,0,0,Fine,Null
1692591,5675694,20663,,552002,0,0,0,1,0,Null,2006/2007,Z CPK BRUCES DAIRY,BULTEEL ST,,Minor Crash,No,2006,0,South,0,0,0,Flat,0,,1,,0,Bright sun,1590100,2,0,0,0,0,0,0,0,0,,0,0,Taranaki Region,Nil,Off road,Sealed,0,0,0,0,50,0,Null,0,0,,33,New Plymouth District,Nil,0,0,0,0,0,0,Urban,0,0,0,Fine,Null
1769986,5912902,20664,,523101,0,,0,0,,Null,2009/2010,AVIEMORE DRIVE,CASCADES ROAD,,Non-Injury Crash,No,2009,,West,,0,,Flat,,,,,,Overcast,710515,0,0,0,2,,,0,,,,,,Auckland Region,Nil,2-way,Sealed,,0,0,,60,,Off,1,0,,76,Auckland,Give way,,,,,1,0,Urban,0,,,Light rain,Null
1325689,4925868,20665,,607501,0,0,0,1,1,South,2005/2006,SH 8,MCCUNN ROAD,,Serious Crash,Yes,2006,0,North,0,0,0,Flat,0,,0,,0,Bright sun,3011202,0,0,0,2,0,0,0,0,0,,0,0,Otago Region,Nil,2-way,Sealed,0,0,1,0,100,0,Null,0,0,,69,Central Otago District,Unknown,0,0,0,0,0,0,Open,0,0,0,Fine,Null
1838694,5784360,20666,,535250,0,,0,2,,West,2006/2007,ARAPUNI ROAD,WAOTU ROAD,,Serious Crash,No,2006,,North,,0,,Flat,,,,,,Bright sun,1128102,2,0,0,2,,,0,,,,,,Waikato Region,Nil,2-way,Sealed,,0,1,,100,,Null,0,0,,19,South Waikato District,Unknown,,,,,1,0,Open,0,,,Fine,Null
1692516,5675995,20667,,551800,0,0,0,2,0,East,2008/2009,SH 45,DAWSON ST,,Non-Injury Crash,Yes,2009,0,East,0,0,0,Flat,0,,0,,0,Overcast,1591500,0,0,0,2,0,0,0,0,1,,0,0,Taranaki Region,Nil,2-way,Sealed,0,0,0,0,50,0,Null,0,0,,33,New Plymouth District,Nil,0,0,0,0,0,0,Urban,0,0,0,Fine,Null
1553813,5175242,20668,,587904,0,,0,2,,East,2006/2007,SH 1S,BERKETTS ROAD,,Minor Crash,Yes,2006,,West,,0,,Flat,,,,,,Bright sun,2497000,1,0,0,2,,,0,,,,,,Canterbury Region,Nil,2-way,Sealed,,0,0,,100,,Null,0,0,,62,Selwyn District,Nil,,,,,0,0,Open,0,,,Fine,Null
1742387,5976314,20669,,506661,0,,0,1,,North,2005/2006,SH 1N,WAIWHIU ROAD,,Non-Injury Crash,Yes,2006,,West,,0,,Flat,,,,,,Bright sun,139000,0,0,0,2,,,0,,,,,,Auckland Region,Nil,2-way,Sealed,,0,0,,100,,None,0,0,,76,Auckland,Nil,,,,,0,0,Open,0,,,Fine,Null
1719345,6085281,20670,,501814,0,0,0,0,0,South,2006/2007,RUSSELL ROAD,PAPAKAURI ROAD,,Minor Crash,No,2006,0,North,0,0,1,Flat,0,,0,,0,Bright sun,59500,1,0,1,2,0,0,0,0,0,,0,0,Northland Region,Nil,2-way,Sealed,0,0,0,0,100,0,None,0,0,,2,Whangarei District,Nil,0,0,0,0,0,0,Open,0,0,0,Fine,Null
1805833,5786973,20671,,527700,0,,0,1,,North,2005/2006,SH 3,SHEEHAN ST,,Minor Crash,Yes,2006,,South,,0,,Flat,,,,,,Overcast,990800,1,0,1,2,,,0,,,,,,Waikato Region,Nil,2-way,Sealed,,0,0,,50,,Null,0,0,,17,Waipa District,Unknown,,,,,0,0,Urban,0,,,Light rain,Null
1752929,5934920,20672,,508701,0,,0,2,,South,2005/2006,OTEHA VALLEY OFF NBD,OTEHA VALLEY ROAD,,Non-Injury Crash,Yes,2006,,North,,0,,Hill Road,,,,,,Dark,179000,0,0,0,3,,,0,,,,,,Auckland Region,Motorway ramp,1-way,Sealed,,0,0,,60,,On,0,0,,76,Auckland,Nil,,,,,0,0,Urban,1,,,Fine,Null
1764047,5915061,20673,,520301,0,,0,2,,North,2009/2010,LUNN AVENUE,ELLERSLIE-PANMURE HIGHWAY,,Non-Injury Crash,No,2009,,East,,0,,Flat,,,,,,Bright sun,626600,0,0,0,2,,,0,,,,,,Auckland Region,Nil,2-way,Sealed,,0,0,,50,,Off,0,0,,76,Auckland,Nil,,,,,0,0,Urban,0,,,Fine,Null
1803832,5791887,20674,,531003,1,,0,0,,West,2006/2007,RACECOURSE ROAD,TAYLOR AVENUE,,Serious Crash,No,2006,,East,,0,,Flat,,,,,,Overcast,987801,0,0,0,2,,,0,,,,,,Waikato Region,Nil,2-way,Sealed,,0,1,,50,,Null,0,0,,17,Waipa District,Unknown,,,,,0,0,Urban,1,,,Fine,Null
1770207,5899071,20675,,523911,0,,0,2,,Null,2005/2006,GREAT SOUTH ROAD,MANUIA ROAD,,Non-Injury Crash,No,2006,,South,,0,,Flat,,,,,,Twilight,768100,0,0,0,2,,,0,,,,,,Auckland Region,Nil,2-way,Sealed,,0,0,,50,,On,0,0,,76,Auckland,Traffic Signals,,,,,0,0,Urban,0,,,Fine,Null
1752538,5915875,20676,,517902,0,,0,1,,Null,2006/2007,RICHARDSON ROAD,ALLENDALE ROAD,,Fatal Crash,No,2006,,South,,1,,Hill Road,,,,,,Dark,520700,0,0,1,2,,,0,,,,,,Auckland Region,Nil,2-way,Sealed,,0,0,,50,,On,0,0,,76,Auckland,Stop,,,,,0,0,Urban,0,,,Fine,Null
1759885,5436489,20677,,569100,0,,0,2,,Null,2008/2009,RUTHERFORD ST,QUEENS DRIVE,,Non-Injury Crash,No,2009,,West,,0,,Flat,,,,,,Overcast,1967000,0,0,0,2,,,0,,,,,,Wellington Region,Nil,2-way,Sealed,,0,0,,50,,Null,0,0,,46,Lower Hutt City,Give way,,,,,0,0,Urban,0,,,Fine,Null
1742466,5930687,20678,,505603,0,0,0,1,0,East,2006/2007,QUEEN ST,GEORGE ST,,Non-Injury Crash,No,2006,0,West,0,0,1,Flat,0,,0,,0,Dark,213502,0,0,1,2,0,0,0,0,0,,0,0,Auckland Region,Nil,2-way,Sealed,0,0,0,0,50,0,None,0,0,,76,Auckland,Nil,0,0,0,0,0,0,Urban,0,0,0,Fine,Null
1762121,5908344,20679,,524530,0,0,0,1,0,North,2005/2006,VINE ST,WAKELIN ROAD,,Non-Injury Crash,No,2006,0,South,0,0,0,Flat,0,,0,,0,Dark,731900,0,0,0,2,0,0,0,0,0,,0,1,Auckland Region,Nil,2-way,Sealed,0,0,0,0,50,0,On,0,0,,76,Auckland,Nil,0,0,0,0,0,0,Urban,0,0,0,Mist or Fog,Null
1884597,5774124,20680,,540410,0,,0,3,,South,2008/2009,RANOLF ST,HAUPAPA ST,,Non-Injury Crash,No,2009,,South,,0,,Flat,,,,,,Bright sun,1231900,0,0,0,2,,,0,,,,,,Bay of Plenty Region,Nil,2-way,Sealed,,0,0,,50,,Null,0,0,,24,Rotorua District,Give way,,,,,0,0,Urban,0,,,Fine,Null
1782593,5925701,20681,,520801,0,,0,1,,West,2005/2006,Z CPK ANZAC RESERVE,OSTEND ROAD,,Minor Crash,No,2006,,South,,0,,Flat,,,,,,Overcast,515314,1,0,0,0,,,0,,,1,,,Auckland Region,Nil,Off road,Unsealed,,0,0,,30,,Null,0,0,,76,Auckland,Unknown,,,,,0,0,Urban,0,,,Fine,Null
1735599,5987187,20682,65,506660,0,0,0,0,0,North,2005/2006,SH 1N,TE HANA RAIL OBR,,Non-Injury Crash,Yes,2006,0,South,0,0,0,Hill Road,0,,0,,0,Overcast,135800,0,0,0,2,0,0,0,1,0,,0,0,Auckland Region,Nil,2-way,Sealed,0,0,0,0,100,0,Off,1,0,,76,Auckland,Nil,0,0,0,0,0,0,Open,0,0,0,Heavy rain,Null
1744341,5915714,20683,,513013,0,,0,1,,Null,2008/2009,HENDERSON VALLEY ROAD,FOREST HILL ROAD,,Non-Injury Crash,No,2009,,East,,0,,Flat,,,,,,Bright sun,281518,0,0,0,2,,,0,,,,,,Auckland Region,Nil,2-way,Sealed,,0,0,,50,,Null,0,0,,76,Auckland,Give way,,,,,1,0,Urban,0,,,Fine,Null
1401235,5219748,20684,,585311,0,0,1,0,0,West,2006/2007,SH 6,HARI HARI PO,,Minor Crash,Yes,2006,0,West,1,0,0,Flat,0,Christmas New Year,0,,0,Overcast,2419302,1,0,0,2,0,0,0,0,0,,0,0,West Coast Region,Nil,2-way,Sealed,0,0,0,0,50,0,Null,0,0,,57,Westland District,Unknown,0,1,0,0,0,0,Urban,0,0,0,Fine,Null
1748833,5427095,20685,,573101,0,,0,4,,Null,2006/2007,GHUZNEE ST,FURNESS LANE,,Minor Crash,No,2006,,East,,0,,Flat,,,,,,Twilight,2133408,1,0,0,4,,,0,,,,,,Wellington Region,Nil,1-way,Sealed,,0,0,,50,,Off,0,0,,47,Wellington City,Nil,,,,,0,0,Urban,1,,,Fine,Null
1770154,5901352,20686,,523816,0,,0,1,,Null,2009/2010,MAGIC WAY,ALFRISTON ROAD,,Non-Injury Crash,No,2009,,East,,0,,Flat,,,,,,Dark,759740,0,0,0,2,,,0,,,,,,Auckland Region,Nil,2-way,Sealed,,0,0,,50,,On,0,0,,76,Auckland,Stop,,,,,0,0,Urban,1,,,Fine,Null
1878555,5818512,20687,,537900,0,,0,2,,Null,2005/2006,OHAUITI ROAD,RUAHINE ST,,Non-Injury Crash,No,2006,,North,,0,,Flat,,,,,,Overcast,1179602,0,0,0,2,,,0,,,,,,Bay of Plenty Region,Nil,2-way,Sealed,,0,0,,50,,Null,0,0,,23,Tauranga City,Give way,,,,,0,0,Urban,0,,,Fine,Null
1822879,5829083,20688,,534901,0,,0,2,,North,2005/2006,LORNE ST,THAMES ST,,Non-Injury Crash,No,2006,,North,,0,,Flat,,,,,,Bright sun,1086400,0,0,0,2,,,0,,,,,,Waikato Region,Nil,2-way,Sealed,,0,0,,50,,Off,0,0,,15,Matamata-Piako District,Nil,,,,,0,0,Urban,0,,,Fine,Null
1768245,5910678,20689,,523112,0,,0,0,,Null,2006/2007,NEALES ROAD,CARPENTER ROAD,,Serious Crash,No,2006,,East,,0,,Flat,,,,,,Bright sun,711500,0,0,0,2,,,0,,,,,,Auckland Region,Nil,2-way,Sealed,,0,1,,50,,Null,0,0,,76,Auckland,Give way,,,,,1,0,Urban,1,,,Fine,Null
1295804,4827602,20690,,610080,0,,0,0,,East,2008/2009,HALDANE-CURIO BAY ROAD,WAIPOHATU ROAD,,Minor Crash,No,2009,,South,,0,,Flat,,Queens Birthday,,,,Overcast,3097300,2,0,0,2,,,0,,,,,,Southland Region,Nil,2-way,Unsealed,,0,0,,100,,Null,0,0,,73,Southland District,Unknown,,,,,0,0,Open,1,,,Heavy rain,Null
1607090,5418783,20691,,581836,0,,0,1,,North,2005/2006,SH 6,TELENIUS ROAD,,Minor Crash,Yes,2006,,North,,0,,Flat,,,,,,Bright sun,2355900,1,0,0,2,,,1,,,,,,Tasman Region,Nil,2-way,Sealed,,0,0,,100,,Null,0,0,,51,Tasman District,Nil,,,,,0,0,Open,0,,,Fine,Null
1757497,5928906,20692,,507800,0,0,0,2,0,East,2005/2006,KITCHENER ROAD,FENWICK AVENUE,,Non-Injury Crash,No,2006,0,West,0,0,0,Hill Road,0,,0,,0,Bright sun,310800,0,0,0,2,0,0,0,0,0,,0,0,Auckland Region,Nil,2-way,Sealed,0,0,0,0,50,0,Off,0,0,,76,Auckland,Nil,0,0,0,0,0,0,Urban,0,1,0,Fine,Null
1817622,5803366,20693,,527503,0,,0,1,,Null,2006/2007,SH 1N,ALBERT ST,,Serious Crash,Yes,2006,,East,,0,,Flat,,,,,,Bright sun,963100,0,0,0,2,,,0,,,1,,,Waikato Region,Nil,2-way,Sealed,,0,1,,50,,Null,0,0,,17,Waipa District,Stop,,,,,0,0,Urban,0,,,Fine,Null
1574652,5182665,20694,,592900,0,,0,1,,East,2005/2006,BREEZES ROAD,AVONDALE ROAD,,Minor Crash,No,2006,,East,,0,,Flat,,,,,,Overcast,2577802,1,0,0,2,,,0,,,1,,,Canterbury Region,Nil,2-way,Sealed,,0,0,,50,,Null,0,0,,60,Christchurch City,Unknown,,,,,0,0,Urban,0,,,Mist or Fog,Null
1404856,4914113,20695,,604210,0,0,0,2,0,North,2006/2007,DAVID ST,HILLSIDE ROAD,,Serious Crash,No,2006,0,South,0,0,1,Flat,0,,0,,0,Bright sun,2913300,1,0,0,2,0,0,0,0,0,,0,0,Otago Region,Nil,2-way,Sealed,0,0,1,0,50,0,Null,0,0,,71,Dunedin City,Give way,1,1,0,1,0,0,Urban,0,0,0,Fine,Null
1751105,5932655,20696,,508806,0,,1,1,,South,2006/2007,ALBANY HIGHWAY,PRINCETON PARADE,,Minor Crash,No,2006,,South,,0,,Flat,,,,,,Overcast,179902,1,0,0,2,,,0,,,,,,Auckland Region,Nil,2-way,Sealed,,0,0,,50,,Off,0,0,,76,Auckland,Nil,,,,,0,0,Urban,0,,,Light rain,Null
1270543,4887923,20697,,610031,0,0,0,0,0,East,2005/2006,BUSHY PARK ROAD,HEDGEHOPE HILL ROAD,,Serious Crash,No,2006,0,East,1,0,0,Hill Road,0,,0,,0,Bright sun,3052600,2,0,0,2,0,0,0,0,0,,0,0,Southland Region,Nil,2-way,Unsealed,0,0,1,0,100,0,Null,0,0,,73,Southland District,Unknown,0,0,0,0,1,0,Open,0,0,0,Fine,Null
1406195,4915988,20698,,602900,0,,0,1,,Null,2005/2006,SH 1S,JERVOIS ST,,Minor Crash,Yes,2006,,South,,0,,Flat,,,,,,Bright sun,2895900,1,0,0,3,,,0,,,,,,Otago Region,Nil,1-way,Sealed,,0,0,,60,,Null,0,0,,71,Dunedin City,Give way,,,,,1,0,Urban,0,,,Fine,Null
1799947,5816884,20699,,529700,0,,0,1,,Null,2009/2010,VICTORIA ST,EDGECUMBE ST,,Non-Injury Crash,No,2009,,North,,0,,Hill Road,,,,,,Overcast,908400,0,0,0,3,,,0,,,,,,Waikato Region,Nil,2-way,Sealed,,0,0,,50,,Null,0,0,,16,Hamilton City,Give way,,,,,0,0,Urban,1,,,Fine,Null
1748348,5427729,20700,,573000,0,,0,2,,North,2005/2006,SH 1N,SOUTH PORTAL,,Minor Crash,Yes,2006,,South,,0,,Flat,,,,,,Bright sun,2126900,1,0,0,3,,,0,,,,,,Wellington Region,Nil,2-way,Sealed,,0,0,,100,,Null,0,0,,47,Wellington City,Nil,,,,,0,0,Open,0,,,Fine,Null
1567660,5180274,20701,,590800,0,,0,2,,Null,2006/2007,RICCARTON ROAD,RIMU ST,,Minor Crash,No,2006,,East,,0,,Flat,,,,,,Bright sun,2472900,2,0,0,2,,,0,,,,,,Canterbury Region,Nil,2-way,Sealed,,0,0,,50,,Null,0,0,,60,Christchurch City,Give way,,,,,0,0,Urban,0,,,Fine,Null
1759652,5946809,20702,,505910,1,,0,0,,East,2006/2007,GULF HARBOUR DRIVE,JAVELIN CLOSE,,Fatal Crash,No,2006,,West,,1,,Hill Road,,,,,,Bright sun,174907,0,0,0,2,,,0,,,,,,Auckland Region,Nil,2-way,Sealed,,0,0,,50,,Off,1,0,,76,Auckland,Give way,,,,,0,0,Urban,0,,,Fine,Null
1689921,5623760,20703,,553700,0,0,0,1,0,North,2008/2009,AUROA ROAD,SH 45,,Non-Injury Crash,No,2009,0,North,0,0,0,Flat,0,,0,,0,Dark,1658700,0,0,0,2,0,0,0,0,0,,0,1,Taranaki Region,Nil,2-way,Sealed,0,0,0,0,100,0,None,0,0,,35,South Taranaki District,Nil,0,0,0,0,0,0,Open,0,0,0,Fine,Null
1822285,5528437,20704,,563000,0,,0,2,,Null,2005/2006,PARK ROAD,FITZHERBERT AVENUE,,Minor Crash,No,2006,,East,,0,,Flat,,,,,,Bright sun,1809400,1,0,0,4,,,0,,,,,,Manawatū-Whanganui Region,Nil,2-way,Sealed,,0,0,,50,,Null,0,0,,40,Palmerston North City,Traffic Signals,,,,,0,0,Urban,0,,,Fine,Null
1405777,4916458,20705,,603000,0,0,0,1,0,West,2005/2006,MACLAGGAN ST,CLARK ST,,Minor Crash,No,2006,0,West,0,0,1,Hill Road,0,,0,,0,Overcast,2898100,2,0,0,2,0,0,0,0,0,,0,0,Otago Region,Nil,2-way,Sealed,0,0,0,0,50,0,Null,0,0,,71,Dunedin City,Unknown,0,0,0,0,0,0,Urban,0,0,0,Fine,Null
1406960,4918856,20706,,603601,0,,0,2,,Null,2006/2007,GEORGE ST,DUKE ST,,Minor Crash,No,2006,,North,,0,,Flat,,,,,,Dark,2865400,1,0,0,2,,,0,,,,,,Otago Region,Nil,2-way,Sealed,,0,0,,50,,On,0,1,,71,Dunedin City,Traffic Signals,,,,,0,0,Urban,0,,,Fine,Null
1772550,5896704,20707,,525420,0,,0,1,,Null,2009/2010,GREAT SOUTH ROAD,OSHANNESSEY ST,,Non-Injury Crash,No,2009,,North,,0,,Flat,,,,,,Bright sun,792800,0,0,0,2,,,0,,,,,,Auckland Region,Nil,2-way,Sealed,,0,0,,50,,Off,0,0,,76,Auckland,Nil,,,,,0,0,Urban,1,,,Fine,Null
1867971,5713347,20708,,541720,0,,0,2,,Null,2005/2006,TAMAMUTU ST,HEATHCOTE ST,,Non-Injury Crash,No,2006,,North,,0,,Flat,,,,,,Overcast,1273200,0,0,0,2,,,0,,,,,,Waikato Region,Nil,2-way,Sealed,,0,0,,50,,Null,0,0,,21,Taupo District,Stop,,,,,0,0,Urban,0,,,Light rain,Null
1774991,5887304,20709,,521302,0,0,0,1,0,South,2005/2006,SH 1N,ARARIMU OBR,,Non-Injury Crash,Yes,2006,0,South,0,0,0,Flat,1,,0,,0,Bright sun,809104,0,0,0,2,0,0,0,0,0,,0,0,Auckland Region,Nil,1-way,Sealed,0,0,0,0,100,0,Off,0,0,,76,Auckland,Nil,0,0,0,0,1,0,Open,0,0,0,Fine,Null
1772062,5915190,20710,,521602,0,0,0,1,0,East,2009/2010,PICTON ST,PARKHILL ROAD,,Non-Injury Crash,No,2009,0,East,0,0,0,Flat,0,,0,,0,Bright sun,649900,0,0,0,2,0,0,0,0,1,,0,0,Auckland Region,Nil,2-way,Sealed,0,0,0,0,50,0,Off,1,0,,76,Auckland,Nil,0,0,0,0,0,0,Urban,0,0,0,Fine,Null
1675707,6037553,20711,,504501,0,,0,0,,West,2008/2009,WAIHUE ROAD,NICHOLS ROAD,,Non-Injury Crash,No,2009,,East,,0,,Flat,,,,,,Bright sun,119600,0,0,0,1,,,0,,,,,,Northland Region,Nil,1-way,Unsealed,,0,0,,100,,None,1,0,,3,Kaipara District,Nil,,,,,1,0,Open,0,,,Fine,Null
1514365,5402019,20712,,584408,0,0,0,0,0,North,2006/2007,KARAMEA HIGHWAY,DE MALMANCHES ROAD,,Minor Crash,No,2006,0,North,0,0,0,Flat,0,,0,,0,Dark,2384101,1,0,0,2,0,0,0,0,0,,0,0,West Coast Region,Nil,2-way,Sealed,0,0,0,0,100,0,None,1,0,,55,Buller District,Unknown,0,0,0,1,0,0,Open,0,0,0,Fine,Null
1800064,5816114,20713,,529700,0,,0,1,,Null,2009/2010,MILL ST,WILLOUGHBY ST,,Non-Injury Crash,No,2009,,South,,0,,Flat,,,,,,Bright sun,909500,0,0,0,5,,,0,,,,,,Waikato Region,Nil,2-way,Sealed,,0,0,,50,,Off,0,0,,16,Hamilton City,Traffic Signals,,,,,0,0,Urban,1,,,Fine,Null
1888708,5823186,20714,,536516,0,0,0,1,0,South,2005/2006,PALM BEACH BOULEVARD,PAPAMOA BEACH ROAD,,Non-Injury Crash,No,2006,0,North,0,0,0,Flat,0,,0,,0,Dark,1205015,0,0,0,2,0,0,0,0,0,,0,1,Bay of Plenty Region,Nil,2-way,Sealed,0,0,0,0,50,0,On,0,0,,23,Tauranga City,Nil,1,0,0,0,0,0,Urban,0,0,0,Fine,Null
1755562,5921395,20715,,515202,0,,1,1,,North,2008/2009,SH 1N,FANSHAWE ON NBD,,Non-Injury Crash,Yes,2009,,North,,0,,Flat,,,,,,Bright sun,425600,0,0,0,4,,,0,,,,,,Auckland Region,Nil,1-way,Sealed,,0,0,,80,,Off,0,0,,76,Auckland,Nil,,,,,0,0,Open,0,,,Fine,Null
1753107,5915087,20716,,517903,0,,0,1,,South,2005/2006,RICHARDSON ROAD,HENDON AVENUE,,Non-Injury Crash,No,2006,,North,,0,,Flat,,,,,,Overcast,518000,0,0,0,2,,,0,,,,,,Auckland Region,Nil,2-way,Sealed,,0,0,,50,,Off,0,0,,76,Auckland,Traffic Signals,,,,,0,0,Urban,1,,,Fine,Null