X,Y,OBJECTID,advisorySpeed,areaUnitID,bicycle,bridge,bus,carStationWagon,cliffBank,crashDirectionDescription,crashFinancialYear,crashLocation1,crashLocation2,crashRoadSideRoad,crashSeverity,crashSHDescription,crashYear,debris,directionRoleDescription,ditch,fatalCount,fence,flatHill,guardRail,holiday,houseOrBuilding,intersection,kerb,light,meshblockId,minorInjuryCount,moped,motorcycle,NumberOfLanes,objectThrownOrDropped,otherObject,otherVehicleType,overBank,parkedVehicle,pedestrian,phoneBoxEtc,postOrPole,region,roadCharacter,roadLane,roadSurface,roadworks,schoolBus,seriousInjuryCount,slipOrFlood,speedLimit,strayAnimal,streetLight,suv,taxi,temporarySpeedLimit,tlaId,tlaName,trafficControl,trafficIsland,trafficSign,train,tree,truck,unknownVehicleType,urban,vanOrUtility,vehicle,waterRiver,weatherA,weatherB
1757129,5919723,20717,,514103,0,,0,0,,Null,2005/2006,QUEEN ST,TURNER ST,,Minor Crash,No,2006,,North,,0,,Hill Road,,,,,,Overcast,436201,1,0,0,2,,,0,,,,,,Auckland Region,Nil,2-way,Sealed,,0,0,,50,,Off,1,0,,76,Auckland,Nil,,,,,0,0,Urban,1,,,Fine,Null
1775712,5864066,20718,,526701,0,,0,1,,South,2006/2007,HIGHWAY 22,LOGAN ROAD,,Minor Crash,No,2006,,South,,0,,Flat,,,,,,Bright sun,843800,1,0,0,2,,,0,,,,,,Waikato Region,Nil,2-way,Sealed,,0,0,,100,,Null,0,0,,13,Waikato District,Unknown,,,,,0,0,Open,0,,,Fine,Null
1802981,5808770,20719,,527810,0,0,0,1,0,Null,2008/2009,SH 3,RAYNES ROAD,,Non-Injury Crash,Yes,2009,0,East,0,0,0,Flat,0,,0,,0,Overcast,984600,0,0,0,2,0,0,0,1,0,,0,0,Waikato Region,Nil,2-way,Sealed,0,0,0,0,100,0,Off,0,0,,16,Hamilton City,Stop,0,0,0,0,0,0,Open,0,0,0,Light rain,Null
1256577,5003619,20720,,609023,0,0,0,1,1,West,2005/2006,FERNHILL ROAD,SAINSBURY ROAD,,Minor Crash,No,2006,0,East,0,0,0,Hill Road,0,,0,,0,Dark,3039534,2,0,0,2,0,0,0,0,0,,0,0,Otago Region,Nil,2-way,Sealed,0,0,0,0,50,0,On,0,0,,70,Queenstown-Lakes District,Unknown,0,0,0,0,0,0,Urban,0,0,0,Fine,Null
1772457,5445215,20721,,567300,0,0,0,3,0,Null,2006/2007,FERGUSSON DRIVE,WHAKATIKI ST,,Minor Crash,No,2006,0,East,0,0,0,Flat,0,,1,,0,Overcast,1893700,1,0,0,2,0,0,0,0,0,,0,0,Wellington Region,Nil,2-way,Sealed,0,0,0,0,50,0,Null,0,1,,45,Upper Hutt City,Give way,0,0,0,0,0,0,Urban,0,0,0,Fine,Null
1757225,5919399,20722,,514301,0,,0,1,,North,2009/2010,SYMONDS ST,KARANGAHAPE ROAD,,Non-Injury Crash,No,2009,,North,,0,,Flat,,,,,,Overcast,440904,0,0,0,4,,,0,,,,,,Auckland Region,Nil,2-way,Sealed,,0,0,,50,,Off,0,0,,76,Auckland,Nil,,,,,1,0,Urban,0,,,Fine,Null
1749608,5914288,20723,,511301,0,,0,1,,North,2006/2007,RATA ST,RIMU ST,,Minor Crash,No,2006,,South,,0,,Flat,,,,,,Bright sun,266800,1,0,0,5,,,0,,,1,,,Auckland Region,Nil,2-way,Sealed,,0,0,,50,,Off,0,0,,76,Auckland,Nil,,,,,0,0,Urban,0,,,Fine,Null
1293666,5041286,20724,,609029,0,,0,0,,West,2005/2006,Z HOTEL STUDHOLME ROAD,CARDRONA VALLEY ROAD,,Minor Crash,No,2006,,West,,0,,Flat,,,,,,Dark,3038903,1,0,0,0,,,0,,,1,,,Otago Region,Nil,Off road,Sealed,,0,0,,20,,None,0,0,,70,Queenstown-Lakes District,Unknown,,,,,0,0,Urban,1,,,Fine,Null
1569088,5185254,20725,,588102,0,0,0,1,0,East,2009/2010,SH 74,MAIN NORTH ROAD,,Non-Injury Crash,Yes,2009,0,West,0,0,0,Flat,0,,0,,0,Dark,2508200,0,0,0,4,0,0,0,0,0,,0,0,Canterbury Region,Nil,2-way,Sealed,0,0,0,0,50,0,On,0,0,,60,Christchurch City,Unknown,0,0,0,1,0,0,Urban,0,0,0,Fine,Null
1737139,5981279,20726,,505300,0,0,0,1,0,South,2005/2006,SH 1N,DAVIES ROAD,,Non-Injury Crash,Yes,2006,0,South,0,0,1,Flat,0,,0,,0,Overcast,143500,0,0,0,2,0,0,0,0,0,,0,0,Auckland Region,Nil,2-way,Sealed,0,0,0,0,70,0,Off,0,0,,76,Auckland,Nil,0,0,0,0,0,0,Urban,0,0,0,Light rain,Null
1745401,5915974,20727,,510800,0,0,0,1,0,South,2005/2006,RAILSIDE AVENUE,BRUCE MCLAREN ROAD,,Minor Crash,No,2006,0,North,0,0,0,Flat,0,,0,,0,Dark,244600,2,0,0,2,0,0,0,0,1,,0,0,Auckland Region,Nil,2-way,Sealed,0,0,0,0,50,0,On,1,0,,76,Auckland,Unknown,0,0,0,0,0,0,Urban,0,0,0,Fine,Null
1249932,4876371,20728,,610040,0,0,0,1,0,East,2005/2006,SH 96,CHISHOLM ROAD,,Minor Crash,Yes,2006,0,East,1,0,0,Flat,0,,0,,0,Overcast,3076000,1,0,0,2,0,0,0,0,0,,0,0,Southland Region,Nil,2-way,Sealed,0,0,0,0,100,0,Null,0,0,,73,Southland District,Unknown,0,0,0,0,0,0,Open,0,0,0,Light rain,Null
1748482,5913088,20729,,511401,0,,0,2,,North,2009/2010,CROYDON ROAD,TITIRANGI ROAD,,Non-Injury Crash,No,2009,,North,,0,,Hill Road,,,,,,Twilight,262705,0,0,0,2,,,0,,,,,,Auckland Region,Nil,2-way,Sealed,,0,0,,50,,Off,0,0,,76,Auckland,Unknown,,,,,0,0,Urban,0,,,Fine,Null
1814075,5861589,20730,65,533901,0,0,0,0,0,South,2006/2007,SH 27,KAIHERE ROAD,,Minor Crash,Yes,2006,0,South,0,0,1,Hill Road,0,,0,,0,Overcast,1069500,1,0,0,2,0,0,0,0,0,,0,0,Waikato Region,Nil,2-way,Sealed,0,0,0,0,100,0,None,1,0,,12,Hauraki District,Nil,0,0,0,0,0,0,Open,0,0,0,Light rain,Null
1764842,5905776,20731,,522202,0,,0,2,,West,2005/2006,ST GEORGE ST,KOLMAR ROAD,,Non-Injury Crash,No,2006,,West,,0,,Flat,,Easter,,,,Dark,663300,0,0,0,2,,,0,,,,,,Auckland Region,Nil,2-way,Sealed,,0,0,,50,,On,0,0,,76,Auckland,Nil,,,,,0,0,Urban,0,,,Fine,Null
1779913,5875507,20732,,521131,0,0,0,1,0,North,2005/2006,SH 1N,PIONEER OBR,,Non-Injury Crash,Yes,2006,1,North,0,0,0,Flat,0,,0,,0,Twilight,842102,0,0,0,2,0,0,0,0,0,,0,0,Waikato Region,Nil,2-way,Sealed,0,0,0,0,100,0,Off,0,0,,13,Waikato District,Nil,0,0,0,0,1,0,Open,0,0,0,Mist or Fog,Null
1778703,5458361,20733,,567901,0,,0,1,,North,2009/2010,AKATARAWA ROAD,KARAPOTI ROAD,,Non-Injury Crash,No,2009,,South,,0,,Hill Road,,,,,,Overcast,1915700,0,0,0,2,,,0,,,,,,Wellington Region,Nil,2-way,Sealed,,0,0,,80,,Null,1,0,,45,Upper Hutt City,Nil,,,,,0,0,Open,0,,,Fine,Null
1745485,5920721,20734,,513301,0,,0,1,,East,2005/2006,SH 16,LINCOLN OBR,,Non-Injury Crash,Yes,2006,,East,,0,,Flat,,,,,,Bright sun,230301,0,0,0,3,,,0,,,,,,Auckland Region,Nil,1-way,Sealed,,0,0,,100,,Off,0,0,,76,Auckland,Nil,,,,,0,0,Open,1,,,Fine,Null
1750983,5918014,20735,,514801,0,,0,1,,West,2005/2006,SH 16,GT NORTH OBR,,Minor Crash,Yes,2006,,East,,0,,Flat,,,,,,Bright sun,390402,1,0,0,3,,,0,,,,,,Auckland Region,Nil,1-way,Sealed,,0,0,,100,,Off,1,0,,76,Auckland,Nil,,,,,0,0,Open,0,,,Fine,Null
1754857,5933182,20736,,507300,0,,0,1,,Null,2005/2006,EAST COAST ROAD,ROSEDALE ROAD,,Non-Injury Crash,No,2006,,South,,0,,Hill Road,,,,,,Overcast,155901,0,0,0,3,,,0,,,,,,Auckland Region,Nil,2-way,Sealed,,0,0,,50,,Off,1,0,,76,Auckland,Traffic Signals,,,,,0,0,Urban,0,,,Fine,Null
1686536,5352843,20737,75,581500,0,0,0,0,0,South,2005/2006,SH 1S,WILLAWA PT,,Minor Crash,Yes,2006,0,North,0,0,0,Flat,0,,0,,0,Dark,2315200,1,0,0,2,0,0,0,1,0,,0,0,Canterbury Region,Nil,2-way,Sealed,0,0,0,0,100,0,None,0,0,,54,Kaikoura District,Nil,0,0,0,1,1,0,Open,0,0,0,Fine,Null
1930630,5789036,20738,65,542530,0,0,0,0,0,West,2006/2007,SH 34,OTAKIRI ROAD,,Fatal Crash,Yes,2006,0,West,0,2,1,Flat,0,,0,,0,Overcast,1323201,0,0,0,2,0,0,0,0,0,,0,0,Bay of Plenty Region,Nil,2-way,Sealed,0,0,0,0,100,0,Off,0,0,,25,Whakatane District,Nil,0,0,0,0,2,0,Open,0,0,0,Fine,Null
1802832,5800534,20739,,527600,0,,0,2,,South,2005/2006,SH 3,GREAT COLLINS ST,,Non-Injury Crash,Yes,2006,,South,,0,,Flat,,,,,,Dark,985801,0,0,0,2,,,0,,,,,,Waikato Region,Nil,2-way,Sealed,,0,0,,80,,On,0,0,,17,Waipa District,Unknown,,,,,0,0,Open,0,,,Fine,Null
1751754,5926121,20740,,510220,0,0,0,3,0,South,2005/2006,BIRKDALE ROAD,UTTING ST,,Non-Injury Crash,No,2006,0,North,0,0,0,Hill Road,0,,0,,0,Overcast,349400,0,0,0,2,0,0,0,0,1,,0,0,Auckland Region,Nil,2-way,Sealed,0,0,0,0,50,0,Null,0,0,,76,Auckland,Nil,0,0,0,0,0,0,Urban,0,0,0,Light rain,Null
1560085,5173799,20741,,587848,2,,0,0,,South,2006/2007,SPRINGS ROAD,TRENTS ROAD,,Serious Crash,No,2006,,North,,0,,Flat,,,,,,Bright sun,2499505,0,0,0,2,,,0,,,,,,Canterbury Region,Nil,2-way,Sealed,,0,2,,50,,Null,0,0,,62,Selwyn District,Unknown,,,,,0,0,Urban,0,,,Fine,Null
1757630,5920862,20742,,514103,0,,0,1,,Null,2005/2006,CUSTOMS ST EAST,COMMERCE ST,,Non-Injury Crash,No,2006,,West,,0,,Flat,,,,,,Bright sun,438000,0,0,0,2,,,0,,,,,,Auckland Region,Nil,2-way,Sealed,,0,0,,50,,None,1,0,,76,Auckland,Traffic Signals,,,,,0,0,Urban,0,,,Fine,Null
1879832,5820178,20743,,538000,0,0,0,1,1,East,2005/2006,SH 29,MAUNGATAPU ROAD,,Non-Injury Crash,Yes,2006,0,East,0,0,0,Flat,0,,0,,0,Dark,1178800,0,0,0,2,0,0,0,0,0,,0,0,Bay of Plenty Region,Nil,2-way,Sealed,0,0,0,0,100,0,None,0,0,,23,Tauranga City,Unknown,0,0,0,0,0,0,Open,0,0,0,Fine,Null
1881868,5779486,20744,,538602,0,,0,1,,North,2006/2007,SH 36,SH 5,,Minor Crash,Yes,2006,,South,,0,,Flat,,,,,,Bright sun,1247200,1,0,0,2,,,0,,,,,,Bay of Plenty Region,Nil,2-way,Sealed,,0,0,,50,,Off,1,0,,24,Rotorua District,Nil,,,,,0,0,Urban,0,,,Fine,Null
1758415,5926589,20745,,508020,0,,0,2,,Null,2006/2007,LAKE ROAD,ESMONDE ROAD,,Minor Crash,No,2006,,South,,0,,Flat,,Labour Weekend,,,,Overcast,325402,1,0,0,4,,,0,,,,,,Auckland Region,Nil,2-way,Sealed,,0,0,,50,,Off,0,0,,76,Auckland,Traffic Signals,,,,,0,0,Urban,0,,,Light rain,Null
1951089,5791713,20746,,542410,0,,0,1,,Null,2008/2009,COMMERCE ST,PYNE ST,,Non-Injury Crash,No,2009,,North,,0,,Flat,,,,,,Overcast,1305701,0,0,0,2,,,0,,,,,,Bay of Plenty Region,Nil,2-way,Sealed,,0,0,,50,,Null,0,0,,25,Whakatane District,Stop,,,,,0,0,Urban,1,,,Light rain,Null
1348083,4868096,20747,,607300,0,0,0,0,0,South,2006/2007,OWAKA HIGHWAY,GRAY ROAD,,Minor Crash,No,2006,0,North,1,0,0,Flat,0,,0,,0,Overcast,2996700,1,0,0,2,0,0,0,0,0,,0,0,Otago Region,Nil,2-way,Sealed,0,0,0,0,100,0,Null,0,0,,72,Clutha District,Unknown,0,0,0,0,1,0,Open,0,0,0,Fine,Null
1760114,5812039,20748,25,526602,0,0,0,1,1,West,2005/2006,WAINUI ROAD,EARLES PLACE,,Non-Injury Crash,No,2006,0,West,0,0,0,Hill Road,0,,0,,0,Bright sun,861504,0,0,0,2,0,0,0,0,0,,0,0,Waikato Region,Nil,2-way,Sealed,0,0,0,0,100,0,Null,0,0,,13,Waikato District,Unknown,0,0,0,0,0,0,Open,0,0,0,Fine,Null
1801323,5830627,20749,,527123,0,0,0,0,1,East,2006/2007,SH 1B,BANKIER ROAD,,Minor Crash,Yes,2006,0,West,0,0,0,Flat,0,,0,,0,Dark,949700,1,0,0,2,0,0,0,0,0,,0,0,Waikato Region,Nil,2-way,Sealed,0,0,0,0,100,0,None,1,0,,13,Waikato District,Nil,0,0,0,1,0,0,Open,0,0,0,Mist or Fog,Null
1756448,5927103,20750,,507900,0,,0,2,,South,2008/2009,SH 1N,NORTHCOTE OBR,,Non-Injury Crash,Yes,2009,,South,,0,,Flat,,,,,,Dark,303502,0,0,0,3,,,0,,,,,,Auckland Region,Nil,1-way,Sealed,,0,0,,100,,On,0,0,,76,Auckland,Nil,,,,,0,0,Open,0,,,Fine,Null
1747384,5911677,20751,,511901,0,,0,1,,Null,2006/2007,ATKINSON ROAD,WOODFERN CRESCENT N,,Minor Crash,No,2006,,South,,0,,Hill Road,,,,,,Bright sun,294702,1,0,1,2,,,0,,,,,,Auckland Region,Nil,2-way,Sealed,,0,0,,50,,Off,0,0,,76,Auckland,Give way,,,,,0,0,Urban,0,,,Fine,Null
1754608,5926536,20752,,508610,0,0,0,2,0,East,2006/2007,EBAN AVENUE,ALMADALE PLACE,,Minor Crash,No,2006,0,West,0,0,0,Hill Road,0,,0,,0,Bright sun,205801,1,0,0,2,0,0,0,0,1,,0,0,Auckland Region,Nil,2-way,Sealed,0,0,0,0,50,0,Off,0,0,,76,Auckland,Nil,0,0,0,0,0,0,Urban,0,0,0,Fine,Null
1884379,5770782,20753,,540700,0,0,0,1,0,Null,2009/2010,SH 30,SH 5,,Non-Injury Crash,Yes,2009,0,North,0,0,0,Flat,0,,0,,0,Dark,1246500,0,0,0,2,0,0,0,0,0,,0,1,Bay of Plenty Region,Nil,2-way,Sealed,0,0,0,0,80,0,On,0,0,,24,Rotorua District,Give way,0,0,0,0,0,0,Open,0,0,0,Fine,Null
1754147,5925591,20754,,510500,0,0,0,1,0,East,2008/2009,PUPUKE ROAD,BANK ST,,Non-Injury Crash,No,2009,0,West,0,0,0,Hill Road,0,,0,,0,Overcast,355400,0,0,0,2,0,0,0,0,1,,0,0,Auckland Region,Nil,2-way,Sealed,0,0,0,0,50,0,Null,1,0,,76,Auckland,Unknown,0,0,0,0,0,0,Urban,0,0,0,Fine,Null
1333573,5001669,20755,,608302,0,,0,1,,North,2005/2006,SH 85,HARVEY ST,,Minor Crash,Yes,2006,,North,,0,,Flat,,,,,,Overcast,3020300,1,0,0,2,,,0,,,,,,Otago Region,Nil,2-way,Sealed,,0,0,,100,,Null,0,0,,69,Central Otago District,Unknown,,,,,0,0,Open,0,,,Fine,Strong wind
1812625,5552355,20756,,560421,0,0,0,1,0,East,2005/2006,HALCOMBE ROAD,FERGUSSON ROAD N,,Minor Crash,No,2006,0,West,0,0,1,Hill Road,0,,0,,0,Dark,1763201,1,0,0,2,0,0,0,1,0,,0,0,Manawatū-Whanganui Region,Nil,2-way,Sealed,0,0,0,0,100,0,None,0,0,,39,Manawatu District,Nil,0,0,0,0,0,0,Open,0,0,0,Fine,Null
1933388,5604906,20757,35,545721,0,0,0,0,0,Null,2009/2010,ST GEORGES ROAD,HASSEL ROAD,,Non-Injury Crash,No,2009,0,South,0,0,0,Flat,0,,0,,0,Dark,1473100,0,0,0,2,0,0,0,0,0,,0,0,Hawke's Bay Region,Nil,2-way,Sealed,0,0,0,0,100,0,On,0,0,,30,Hastings District,Nil,0,0,0,1,0,0,Open,1,0,0,Fine,Null
1796017,5833675,20758,,527123,0,0,0,1,0,North,2005/2006,SH 1B,HENRY ROAD,,Non-Injury Crash,Yes,2006,0,South,0,0,1,Flat,0,,0,,0,Overcast,951001,0,0,0,2,0,0,0,0,0,,0,0,Waikato Region,Nil,2-way,Sealed,0,0,0,0,100,0,Null,0,0,,13,Waikato District,Unknown,0,0,0,0,0,0,Open,0,0,0,Heavy rain,Null
1758882,5910119,20759,,524002,0,0,0,1,0,Null,2006/2007,WOODWARD AVENUE,CHURCH ROAD,,Minor Crash,No,2006,0,West,0,0,0,Flat,0,,0,,0,Dark,721700,1,0,0,2,0,0,0,0,0,,0,1,Auckland Region,Nil,2-way,Sealed,0,0,0,0,50,0,On,0,0,,76,Auckland,Give way,0,0,0,0,0,0,Urban,0,0,0,Fine,Null
1694008,5671364,20760,,551021,0,0,0,1,0,South,2005/2006,CARRINGTON ROAD,ATKINSON ROAD,,Minor Crash,No,2006,0,South,1,0,0,Flat,0,,0,,0,Dark,1556801,1,0,0,2,0,0,0,0,0,,0,0,Taranaki Region,Nil,2-way,Sealed,0,0,0,0,100,0,None,0,0,,33,New Plymouth District,Nil,0,0,0,0,0,0,Open,0,0,0,Fine,Null
1759398,5436318,20761,,569100,0,0,0,2,0,North,2008/2009,DALY ST,ANDREWS AVENUE,,Non-Injury Crash,No,2009,0,West,0,0,0,Flat,0,,0,,0,Overcast,1966800,0,0,0,2,0,0,0,0,1,,0,0,Wellington Region,Nil,2-way,Sealed,0,0,0,0,50,0,Null,0,0,,46,Lower Hutt City,Nil,0,0,0,0,0,0,Urban,0,0,0,Fine,Null
1756711,5927491,20762,,507900,0,,0,3,,West,2005/2006,TAHAROTO ROAD,NORTHCOTE ROAD,,Minor Crash,No,2006,,East,,0,,Flat,,,,,,Dark,305202,1,0,0,4,,,0,,,,,,Auckland Region,Nil,2-way,Sealed,,0,0,,50,,On,0,0,,76,Auckland,Nil,,,,,0,0,Urban,0,,,Fine,Null
1402944,4914769,20763,,604130,0,0,0,1,0,North,2006/2007,KAIKORAI VALLEY ROAD,TOWNLEYS ROAD,,Fatal Crash,No,2006,0,South,0,2,0,Flat,0,,0,,0,Dark,2916900,0,0,0,2,0,0,0,0,0,,0,1,Otago Region,Nil,2-way,Sealed,0,0,0,0,70,0,On,0,0,,71,Dunedin City,Unknown,0,0,0,0,0,0,Urban,0,0,0,Heavy rain,Null
1754664,5917315,20764,,517500,0,0,0,0,0,North,2006/2007,MORNINGSIDE DRIVE,LESLIE AVENUE,,Non-Injury Crash,No,2006,0,East,0,0,0,Flat,0,,0,,0,Overcast,532700,0,0,0,2,0,0,0,0,0,,0,1,Auckland Region,Nil,2-way,Sealed,0,0,0,0,50,0,Off,0,0,,76,Auckland,Nil,0,0,0,0,1,0,Urban,0,0,0,Fine,Null
1763813,5913698,20765,,520303,0,,0,1,,Null,2006/2007,MOUNT WELLINGTON HIGHWAY,PENROSE ROAD,,Minor Crash,No,2006,,South,,0,,Flat,,,,,,Overcast,627300,3,0,0,6,,,0,,,,,,Auckland Region,Nil,2-way,Sealed,,0,0,,50,,Off,0,1,,76,Auckland,Traffic Signals,,,,,1,0,Urban,1,,,Fine,Null
1808824,5432113,20766,,579803,0,1,0,1,0,West,2006/2007,HINAKURA ROAD,TE MUNA ROAD,,Minor Crash,No,2006,0,South,0,0,1,Hill Road,0,,0,,0,Twilight,2276103,1,0,0,2,0,0,0,0,0,,0,0,Wellington Region,Bridge,2-way,Sealed,0,0,0,0,100,0,None,0,0,,50,South Wairarapa District,Nil,0,0,0,0,0,0,Open,0,0,0,Fine,Null
1819343,5544633,20767,,560740,0,,1,1,,Null,2006/2007,SH 54 KIMBOLTON,EAST ST,,Minor Crash,Yes,2006,,West,,0,,Flat,,,,,,Bright sun,1763300,2,0,0,4,,,0,,,,,,Manawatū-Whanganui Region,Nil,2-way,Sealed,,0,0,,50,,Null,0,0,,39,Manawatu District,Give way,,,,,0,0,Urban,0,,,Fine,Null
1567422,5180005,20768,,590800,1,,0,1,,East,2005/2006,MAXWELL ST,MATIPO ST,,Minor Crash,No,2006,,South,,0,,Flat,,Queens Birthday,,,,Bright sun,2472800,1,0,0,2,,,0,,,,,,Canterbury Region,Nil,2-way,Sealed,,0,0,,50,,Null,0,0,,60,Christchurch City,Nil,,,,,0,0,Urban,0,,,Fine,Null
1749299,5426365,20769,,573400,0,,0,2,,Null,2006/2007,BROUGHAM ST,ELLICE ST,,Minor Crash,No,2006,,West,,0,,Flat,,Labour Weekend,,,,Overcast,2143600,1,0,0,2,,,0,,,,,,Wellington Region,Nil,2-way,Sealed,,0,0,,50,,Null,0,0,,47,Wellington City,Stop,,,,,0,0,Urban,0,,,Heavy rain,Null
1718223,6043762,20770,,503500,0,,0,2,,North,2006/2007,SH 1N,MOUNT PLEASANT ROAD,,Non-Injury Crash,Yes,2006,,South,,0,,Flat,,,,,,Bright sun,108404,0,0,0,2,,,0,,,,,,Northland Region,Nil,2-way,Sealed,,0,0,,50,,Off,0,0,,2,Whangarei District,Nil,,,,,0,0,Urban,0,,,Fine,Null
1582945,5403964,20771,,581841,0,0,0,1,0,North,2006/2007,SH 6,KORERE-TOPHOUSE ROAD,,Serious Crash,Yes,2006,0,North,0,0,1,Flat,0,,0,,0,Dark,2374800,0,0,0,2,0,0,0,0,0,,0,0,Tasman Region,Nil,2-way,Sealed,0,0,1,0,100,0,None,0,0,,51,Tasman District,Nil,0,0,0,1,0,0,Open,0,0,0,Fine,Null
1766855,5468364,20772,,566101,0,,0,1,,Null,2008/2009,RAUMATI ROAD,MARGARET ROAD,,Non-Injury Crash,No,2009,,East,,0,,Flat,,,,,,Bright sun,2005501,0,0,0,2,,,0,,,,,,Wellington Region,Nil,2-way,Sealed,,0,0,,50,,Null,1,0,,43,Kapiti Coast District,Give way,,,,,0,0,Urban,0,,,Fine,Null
1800274,5535542,20773,,561422,0,0,0,1,0,North,2005/2006,SH 1N,WHALE ROAD,,Serious Crash,Yes,2006,0,North,0,0,0,Flat,0,,0,,0,Bright sun,1787400,0,0,0,2,0,0,0,0,0,,0,0,Manawatū-Whanganui Region,Nil,2-way,Sealed,0,0,1,0,100,0,Null,0,0,,39,Manawatu District,Nil,0,0,0,1,0,0,Open,0,0,0,Fine,Null
1756850,5919084,20774,,514200,0,,0,1,,West,2005/2006,WEST ST,UPPER QUEEN ST,,Non-Injury Crash,No,2006,,West,,0,,Hill Road,,,,,,Overcast,412600,0,0,0,2,,,0,,,,,,Auckland Region,Nil,2-way,Sealed,,0,0,,50,,Off,1,0,,76,Auckland,Nil,,,,,0,0,Urban,0,,,Fine,Null
1755140,5927014,20775,,508620,0,0,0,1,0,South,2006/2007,HILLCREST AVENUE,CORONATION ROAD,,Minor Crash,No,2006,0,North,0,0,0,Hill Road,0,,0,,1,Overcast,203801,2,0,0,2,0,0,0,0,0,,0,0,Auckland Region,Nil,2-way,Sealed,0,0,0,0,50,0,Off,0,0,,76,Auckland,Nil,0,0,0,1,0,0,Urban,0,0,0,Fine,Null
1751799,5435431,20776,,573600,0,,0,2,,North,2008/2009,SH 1N,JOHNSONVILLE ON NBD,,Non-Injury Crash,Yes,2009,,North,,0,,Flat,,,,,,Twilight,2081200,0,0,0,2,,,0,,,,,,Wellington Region,Nil,2-way,Sealed,,0,0,,100,,On,0,0,,47,Wellington City,Nil,,,,,0,0,Open,0,,,Light rain,Null
1928022,5606551,20777,,548500,0,,0,0,,South,2006/2007,LOWE ST,ORCHARD ROAD,,Minor Crash,No,2006,,South,,0,,Flat,,,,,,Bright sun,1479500,1,0,0,2,,,0,,,1,,,Hawke's Bay Region,Nil,2-way,Sealed,,0,0,,50,,Null,0,0,,30,Hastings District,Nil,,,,,0,0,Urban,1,,,Fine,Null
1758796,5917302,20778,,516001,0,0,0,1,0,North,2006/2007,SH 1N,ST MARKS ON SBD,,Minor Crash,Yes,2006,1,South,0,0,0,Flat,1,,0,,0,Dark,491000,2,0,0,3,0,0,0,0,0,,0,1,Auckland Region,Nil,1-way,Sealed,0,0,0,0,100,0,On,1,0,,76,Auckland,Nil,0,0,0,0,0,0,Open,0,0,0,Fine,Null
1820665,5528846,20779,,562310,0,,0,1,,East,2006/2007,PIONEER HIGHWAY,LYNDHURST,,Minor Crash,No,2006,,East,,0,,Flat,,,,,,Bright sun,1825400,1,0,0,4,,,0,,,1,,,Manawatū-Whanganui Region,Nil,2-way,Sealed,,0,0,,50,,Null,0,0,,40,Palmerston North City,Nil,,,,,0,0,Urban,0,,,Fine,Strong wind
1758133,5920023,20780,,514301,0,,0,2,,South,2008/2009,SH 16,ALTEN ROAD,,Non-Injury Crash,Yes,2009,,North,,0,,Flat,,,,,,Overcast,440300,0,0,0,2,,,0,,,,,,Auckland Region,Nil,2-way,Sealed,,0,0,,50,,Null,0,0,,76,Auckland,Traffic Signals,,,,,0,0,Urban,0,,,Light rain,Null
1568576,5177029,20781,,594800,1,,0,0,,South,2006/2007,LYTTELTON ST,WYCHBURY ST,,Serious Crash,No,2006,,South,,0,,Flat,,Christmas New Year,,,,Bright sun,2641500,0,0,0,2,,,0,,,,,,Canterbury Region,Nil,2-way,Sealed,,0,1,,50,,Null,0,0,,60,Christchurch City,Unknown,,,,,0,0,Urban,1,,,Fine,Null
1761068,5909257,20782,,524404,0,,0,1,,Null,2006/2007,FAVONA ROAD,HARANIA AVENUE,,Non-Injury Crash,No,2006,,North,,0,,Flat,,,,,,Twilight,729400,0,0,0,2,,,0,,,,,,Auckland Region,Nil,2-way,Sealed,,0,0,,50,,Off,1,0,,76,Auckland,Give way,,,,,0,0,Urban,0,,,Fine,Null
1755655,5922477,20783,,509800,0,,0,2,,Null,2008/2009,SH 1N,TOP OF HARBOUR BRIDGE,,Non-Injury Crash,Yes,2009,,North,,0,,Hill Road,,,,,,Bright sun,359300,0,0,0,2,,,0,,,,,,,Nil,1-way,Sealed,,0,0,,80,,Off,0,0,,76,Auckland,Nil,,,,,0,0,Open,0,,,Fine,Null
1766357,5913375,20784,,522820,0,0,0,1,0,Null,2005/2006,TAMAKI BAY DRIVE,WILLIAMS AVENUE,,Non-Injury Crash,No,2006,0,East,0,0,1,Flat,0,,0,,0,Dark,695600,0,0,0,2,0,0,0,0,0,,0,1,Auckland Region,Nil,2-way,Sealed,0,0,0,0,50,0,None,0,0,,76,Auckland,Stop,0,0,0,0,0,0,Urban,0,0,0,Fine,Null
1755609,5914111,20785,,518500,0,0,0,2,0,West,2006/2007,MOUNT ALBERT ROAD,PARAU ST,,Non-Injury Crash,No,2006,0,West,0,0,0,Flat,0,,0,,0,Bright sun,561100,0,0,0,2,0,0,0,0,1,,0,0,Auckland Region,Nil,2-way,Sealed,0,0,0,0,50,0,Null,0,0,,76,Auckland,Unknown,0,0,0,0,0,0,Urban,0,0,0,Fine,Null
1719749,6047554,20786,,502700,0,,0,1,,Null,2009/2010,NIXON ST,ELIZABETH ST,,Non-Injury Crash,No,2009,,East,,0,,Flat,,,,,,Bright sun,91700,0,0,0,2,,,0,,,,,,Northland Region,Nil,2-way,Sealed,,0,0,,50,,Off,0,0,,2,Whangarei District,Nil,,,,,0,0,Urban,1,,,Fine,Null
1752508,5933333,20787,,508701,0,,0,2,,East,2006/2007,MERCARI WAY,ALBANY EXPRESSWAY,,Non-Injury Crash,No,2006,,West,,0,,Flat,,,,,,Bright sun,178900,0,0,0,2,,,0,,,,,,Auckland Region,Nil,2-way,Sealed,,0,0,,50,,Off,0,0,,76,Auckland,Traffic Signals,,,,,0,0,Urban,1,,,Fine,Null