X,Y,OBJECTID,advisorySpeed,areaUnitID,bicycle,bridge,bus,carStationWagon,cliffBank,crashDirectionDescription,crashFinancialYear,crashLocation1,crashLocation2,crashRoadSideRoad,crashSeverity,crashSHDescription,crashYear,debris,directionRoleDescription,ditch,fatalCount,fence,flatHill,guardRail,holiday,houseOrBuilding,intersection,kerb,light,meshblockId,minorInjuryCount,moped,motorcycle,NumberOfLanes,objectThrownOrDropped,otherObject,otherVehicleType,overBank,parkedVehicle,pedestrian,phoneBoxEtc,postOrPole,region,roadCharacter,roadLane,roadSurface,roadworks,schoolBus,seriousInjuryCount,slipOrFlood,speedLimit,strayAnimal,streetLight,suv,taxi,temporarySpeedLimit,tlaId,tlaName,trafficControl,trafficIsland,trafficSign,train,tree,truck,unknownVehicleType,urban,vanOrUtility,vehicle,waterRiver,weatherA,weatherB
1764967,5914761,20788,,520301,0,,1,1,,Null,2005/2006,PANMURE ROUNDABOUT,JELLICOE ROAD,,Non-Injury Crash,No,2006,,East,,0,,Flat,,,,,,Bright sun,628300,0,0,0,2,,,0,,,,,,Auckland Region,Nil,2-way,Sealed,,0,0,,50,,Off,0,0,,76,Auckland,Nil,,,,,0,0,Urban,0,,,Fine,Null
1792559,5501418,20789,,564210,0,,0,1,,South,2005/2006,TIRO TIRO ROAD,DOUGLAS ST,,Serious Crash,No,2006,,North,,0,,Flat,,,,,,Dark,1864400,2,0,0,2,,,0,,,,,,Manawatū-Whanganui Region,Nil,2-way,Sealed,,0,1,,50,,On,0,0,,42,Horowhenua District,Nil,,,,,1,0,Urban,0,,,Fine,Null
1751159,5915887,20790,,514401,0,,0,2,,Null,2008/2009,GREAT NORTH ROAD,VICTOR ST,,Non-Injury Crash,No,2009,,West,,0,,Flat,,,,,,Twilight,383400,0,0,0,4,,,0,,,,,,Auckland Region,Nil,2-way,Sealed,,0,0,,50,,On,0,0,,76,Auckland,Give way,,,,,0,0,Urban,0,,,Fine,Null
1764322,5877870,20791,,521121,0,,0,1,,West,2005/2006,WAIUKU ROAD,AKA AKA ROAD,,Non-Injury Crash,No,2006,,East,,0,,Hill Road,,,,,,Overcast,825201,0,0,0,2,,,0,,,,,,Auckland Region,Nil,2-way,Sealed,,0,0,,100,,None,1,0,30,76,Auckland,Nil,,,,,0,0,Open,0,,,Fine,Null
1751643,5912686,20792,,514700,0,0,0,1,0,South,2005/2006,BLOCKHOUSE BAY ROAD,RATHLIN ST,,Minor Crash,No,2006,0,South,0,0,1,Flat,0,,0,,0,Dark,370100,1,0,0,2,0,0,0,0,0,,0,0,Auckland Region,Nil,2-way,Sealed,0,0,0,0,50,0,On,0,0,,76,Auckland,Nil,0,0,0,0,0,0,Urban,0,0,0,Light rain,Null
1775456,5909739,20793,,523202,0,0,0,1,0,Null,2009/2010,WHITFORD-MARAETAI ROAD,TRIG ROAD W,,Non-Injury Crash,No,2009,0,East,0,0,1,Flat,0,,0,,0,Dark,716401,0,0,0,2,0,0,0,0,0,,0,0,Auckland Region,Nil,2-way,Sealed,0,0,0,0,80,0,On,0,0,,76,Auckland,Nil,0,0,0,0,0,0,Open,0,0,0,Light rain,Null
1766809,5907713,20794,,523501,0,,0,1,,North,2005/2006,Z CPK OTARA SC,EAST TAMAKI DRIVE,,Non-Injury Crash,No,2006,,South,,0,,Flat,,,,,,Bright sun,700700,0,0,0,1,,,0,,,,,,Auckland Region,Nil,Off road,Sealed,,0,0,,50,,Off,1,0,,76,Auckland,Nil,,,,,0,0,Urban,0,,,Fine,Null
1738200,6000137,20795,,505010,0,0,0,0,0,East,2006/2007,KAIWAKA MANGAWHAI ROAD,LAWRENCE ROAD,,Minor Crash,No,2006,0,West,1,0,0,Hill Road,0,,0,,0,Overcast,133600,1,0,0,2,0,0,0,0,0,,0,0,Northland Region,Nil,2-way,Sealed,0,0,0,0,100,0,None,1,0,,3,Kaipara District,Nil,0,0,0,0,0,0,Open,0,0,0,Fine,Null
1753114,5425012,20796,,577400,0,0,0,1,1,North,2005/2006,AWA ROAD,KARAKA BAY ROAD,,Minor Crash,No,2006,0,North,0,0,0,Hill Road,0,,0,,0,Dark,2210000,2,0,0,2,0,0,0,0,0,,0,0,Wellington Region,Nil,2-way,Sealed,0,0,0,0,50,0,None,0,0,,47,Wellington City,Nil,0,0,0,0,0,0,Urban,0,0,0,Fine,Null
1878476,5822002,20797,,538102,0,,0,2,,South,2005/2006,FRASER ST,SH 2,,Non-Injury Crash,No,2006,,North,,0,,Flat,,,,,,Bright sun,1169000,0,0,0,3,,,0,,,,,,Bay of Plenty Region,Nil,2-way,Sealed,,0,0,,50,,Null,0,0,,23,Tauranga City,Traffic Signals,,,,,0,0,Urban,0,,,Fine,Null
1835902,5773992,20798,,535250,0,,0,1,,South,2005/2006,WAOTU SOUTH ROAD,WILTSDOWN ROAD,,Minor Crash,No,2006,,South,,0,,Flat,,,,,,Bright sun,1126300,1,0,0,2,,,0,,,,,,Waikato Region,Nil,2-way,Sealed,,0,0,,100,,Null,0,0,,19,South Waikato District,Unknown,,,,,1,0,Open,0,,,Fine,Null
1750488,5916509,20799,,514802,0,0,0,1,0,Null,2006/2007,EASTDALE ROAD,HOLLY ST,,Non-Injury Crash,No,2006,0,North,0,0,1,Flat,0,,0,,0,Bright sun,389800,0,0,0,2,0,0,0,0,0,,0,0,Auckland Region,Nil,2-way,Sealed,0,0,0,0,50,0,None,0,0,,76,Auckland,Give way,0,0,0,0,0,0,Urban,0,0,0,Fine,Null
1748734,5425630,20800,,576301,0,,0,2,,Null,2009/2010,HANSON ST,JOHN ST,,Non-Injury Crash,No,2009,,West,,0,,Flat,,,,,,Dark,2163300,0,0,0,2,,,0,,,,,,Wellington Region,Nil,2-way,Sealed,,0,0,,50,,On,0,0,,47,Wellington City,Traffic Signals,,,,,0,0,Urban,0,,,Fine,Null
1642490,6127336,20801,,500203,0,,0,1,,West,2005/2006,SH 10,TAIPA HEIGHTS DRIVE,,Fatal Crash,Yes,2006,,West,,1,,Hill Road,,,,,,Overcast,3503,1,0,0,2,,,0,,,,,,Northland Region,Nil,2-way,Sealed,,0,2,,100,,None,1,0,,1,Far North District,Nil,,,,,0,0,Open,0,,,Fine,Null
1571338,5197575,20802,,586408,0,,0,2,,Null,2005/2006,SH 71,CAM OFF RAMP NBD,,Minor Crash,Yes,2006,,West,,0,,Hill Road,,,,,,Bright sun,2454702,1,0,0,2,,,0,,,,,,Canterbury Region,Motorway ramp,2-way,Sealed,,0,0,,100,,Null,0,0,,59,Waimakariri District,Stop,,,,,0,0,Open,0,,,Fine,Null
1749225,5928307,20803,,509100,0,0,0,2,0,North,2005/2006,TAUHINU ROAD,POUNAMU AVENUE,,Non-Injury Crash,No,2006,0,South,0,0,0,Flat,0,,0,,0,Bright sun,181703,0,0,0,2,0,0,0,0,1,,0,0,Auckland Region,Nil,2-way,Sealed,0,0,0,0,50,0,Off,0,0,,76,Auckland,Nil,0,0,0,0,0,0,Urban,0,0,0,Fine,Null
1842542,5806573,20804,,535242,0,,0,0,,South,2009/2010,HINUERA ROAD,PUKETUTU ROAD,,Non-Injury Crash,No,2009,,North,,0,,Flat,,,,,,Overcast,1116400,0,0,0,2,,,0,,,,,,Waikato Region,Nil,2-way,Sealed,,0,0,,100,,Null,0,0,,15,Matamata-Piako District,Unknown,,,,,2,0,Open,0,,,Mist or Fog,Null
1822672,5463436,20805,,578700,0,,0,2,,West,2005/2006,COLLEGE ST,POWNALL ST,,Minor Crash,No,2006,,East,,0,,Flat,,,,,,Overcast,2235700,1,0,0,2,,,0,,,,,,Wellington Region,Nil,2-way,Sealed,,0,0,,50,,Null,0,0,,48,Masterton District,Nil,,,,,0,0,Urban,0,,,Light rain,Null
1749303,5913915,20806,,511302,0,0,0,1,0,Null,2006/2007,GREAT NORTH ROAD,PINE ST,,Serious Crash,No,2006,0,East,0,0,0,Flat,0,Christmas New Year,0,,0,Bright sun,268900,0,0,1,3,0,0,0,0,0,,0,1,Auckland Region,Nil,2-way,Sealed,0,0,1,0,50,0,Off,0,0,,76,Auckland,Give way,0,0,0,0,0,0,Urban,0,0,0,Fine,Null
1571127,5179919,20807,,591500,0,,0,2,,Null,2008/2009,MADRAS ST,CASHEL ST,,Non-Injury Crash,No,2009,,North,,0,,Flat,,,,,,Dark,2651500,0,0,0,3,,,0,,,,,,Canterbury Region,Nil,1-way,Sealed,,0,0,,50,,On,0,0,,60,Christchurch City,Traffic Signals,,,,,0,0,Urban,0,,,Fine,Null
1816276,5859210,20808,,533901,0,0,0,1,0,Null,2005/2006,SH 27,TOP ROAD,,Non-Injury Crash,Yes,2006,0,West,0,0,0,Hill Road,0,,0,,0,Dark,1069800,0,0,0,2,0,0,0,0,0,,0,0,Waikato Region,Nil,2-way,Sealed,0,0,0,0,100,0,None,0,0,,12,Hauraki District,Nil,0,0,0,1,0,0,Open,0,0,0,Fine,Null
1755501,5924682,20809,,509800,0,,0,2,,West,2005/2006,ONEWA ROAD,LAKE ROAD,,Non-Injury Crash,No,2006,,West,,0,,Hill Road,,,,,,Twilight,360200,0,0,0,2,,,0,,,,,,Auckland Region,Nil,2-way,Sealed,,0,0,,50,,Off,0,0,,76,Auckland,Nil,,,,,0,0,Urban,0,,,Heavy rain,Null
1757315,5920216,20810,,514103,1,,0,0,,Null,2005/2006,QUEEN ST,WELLESLEY ST WEST,,Non-Injury Crash,No,2006,,North,,0,,Flat,,,,,,Bright sun,437101,0,0,0,2,,,0,,,,,,Auckland Region,Nil,2-way,Sealed,,0,0,,50,,Off,0,0,,76,Auckland,Traffic Signals,,,,,0,0,Urban,1,,,Fine,Null
1759714,5436105,20811,,569100,0,,0,1,,Null,2009/2010,KNIGHTS ROAD,BUNNY ST,,Minor Crash,No,2009,,West,,0,,Flat,,,,,,Bright sun,1965400,1,0,0,2,,,0,,,1,,,Wellington Region,Nil,2-way,Sealed,,0,0,,50,,Null,0,0,20,46,Lower Hutt City,Give way,,,,,0,0,Urban,0,,,Fine,Null
1849808,5687289,20812,,541346,0,0,0,1,0,North,2005/2006,SH 1N,RANGIMOANA AVENUE,,Non-Injury Crash,Yes,2006,0,South,1,0,0,Flat,0,,0,,0,Bright sun,1281415,0,0,0,2,0,0,0,0,0,,0,0,Waikato Region,Nil,2-way,Sealed,0,0,0,0,100,0,Null,0,0,,21,Taupo District,Unknown,0,0,0,1,0,0,Open,0,0,0,Fine,Null
1764213,5912481,20813,,520500,0,,0,1,,West,2005/2006,CLEMOW DRIVE,CARBINE ROAD,,Minor Crash,No,2006,,East,,0,,Flat,,,,,,Overcast,639100,1,0,0,2,,,0,,,,,,Auckland Region,Nil,2-way,Sealed,,0,0,,50,,Null,0,0,,76,Auckland,Unknown,,,,,1,0,Urban,0,,,Light rain,Null
1745731,5917216,20814,,510800,0,,0,1,,South,2008/2009,EDSEL ST,GREAT NORTH ROAD,,Non-Injury Crash,No,2009,,North,,0,,Flat,,,,,,Bright sun,243300,0,0,1,2,,,0,,,,,,Auckland Region,Nil,2-way,Sealed,,0,0,,50,,Off,0,0,,76,Auckland,Traffic Signals,,,,,0,0,Urban,0,,,Fine,Null
1696283,6085162,20815,,501620,0,0,0,1,0,East,2006/2007,SH 1N,WHANGAE ROAD,,Non-Injury Crash,Yes,2006,0,North,0,0,1,Flat,0,,0,,0,Overcast,47602,0,0,0,2,0,0,0,0,0,,0,0,Northland Region,Nil,2-way,Sealed,0,0,0,0,100,0,Null,0,0,,1,Far North District,Unknown,0,0,0,0,0,0,Open,0,0,0,Mist or Fog,Null
1748078,5914580,20816,,511700,0,,0,1,,South,2005/2006,KELMAN ROAD,LAURA ST,,Non-Injury Crash,No,2006,,North,,0,,Flat,,,,,,Dark,272403,0,0,0,2,,,0,,,,,,Auckland Region,Nil,2-way,Sealed,,0,0,,50,,On,0,0,,76,Auckland,Unknown,,,,,1,0,Urban,0,,,Fine,Null
1769928,5879177,20817,,525922,0,0,0,0,0,South,2005/2006,BUCKLAND ROAD,KITCHENER ROAD,,Minor Crash,No,2006,0,North,0,0,1,Hill Road,0,,0,,0,Overcast,823600,1,0,0,2,0,0,0,0,0,,0,0,Auckland Region,Nil,2-way,Sealed,0,0,0,0,100,0,None,1,0,30,76,Auckland,Nil,0,0,0,0,0,0,Open,0,0,0,Light rain,Null
1767531,5887037,20818,,521122,0,0,0,1,0,South,2008/2009,SH 22,GLENBROOK ROAD,,Non-Injury Crash,Yes,2009,0,South,0,0,0,Flat,0,,0,,0,Bright sun,813001,0,0,0,2,0,1,0,0,0,,1,0,Auckland Region,Nil,2-way,Sealed,0,0,0,0,100,0,Null,0,0,,76,Auckland,Unknown,0,0,0,0,0,0,Open,0,0,0,Fine,Null
1765076,5910497,20819,,521803,0,,0,2,,West,2006/2007,OTAHUHU OFF SBD,FRANK GREY PLACE,,Non-Injury Crash,Yes,2006,,East,,0,,Flat,,,,,,Bright sun,790000,0,0,0,2,,,0,,,,,,Auckland Region,Motorway ramp,1-way,Sealed,,0,0,,50,,Off,0,0,,76,Auckland,Give way,,,,,0,0,Urban,0,,,Fine,Null
1758935,5904301,20820,,524200,0,,0,0,,Null,2006/2007,GEORGE BOLT MEMORIAL DRIV,IHUMATAO ROAD,,Minor Crash,No,2006,,North,,0,,Flat,,,,,,Overcast,727000,1,0,0,4,,,0,,,,,,Auckland Region,Nil,2-way,Sealed,,0,0,,100,,Null,0,0,,76,Auckland,Stop,,,,,1,0,Open,1,,,Fine,Null
1789118,5754996,20821,,532000,0,,0,1,,North,2009/2010,RORA ST,KING ST,,Non-Injury Crash,No,2009,,North,,0,,Flat,,,,,,Overcast,1007400,0,0,0,2,,,0,,,,,,Waikato Region,Nil,2-way,Sealed,,0,0,,50,,Null,1,0,,20,Waitomo District,Unknown,,,,,0,0,Urban,0,,,Fine,Null
1802299,5692520,20822,,532904,0,,0,1,,Null,2005/2006,SH 4,SH 41,,Non-Injury Crash,Yes,2006,,West,,0,,Flat,,,,,,Dark,1038600,0,0,0,3,,,0,,,,,,Manawatū-Whanganui Region,Nil,2-way,Sealed,,0,0,,70,,On,0,0,,36,Ruapehu District,Stop,,,,,1,0,Urban,0,,,Light rain,Null
1720203,6045975,20823,,503200,1,0,0,0,0,East,2006/2007,DUNDAS ROAD,RIVERSIDE DRIVE,,Minor Crash,No,2006,0,North,1,0,0,Hill Road,0,,0,,0,Dark,101303,1,0,0,1,0,0,0,0,0,,0,0,Northland Region,Nil,2-way,Sealed,0,0,0,0,70,0,Off,0,0,,2,Whangarei District,Nil,0,0,0,0,0,0,Urban,0,0,0,Null,Null
1748874,5427281,20824,,573101,0,,1,0,,Null,2005/2006,DIXON ST,EGMONT ST,,Minor Crash,No,2006,,West,,0,,Flat,,,,,,Overcast,2133300,1,0,0,2,,,0,,,,,,Wellington Region,Nil,1-way,Sealed,,0,0,,50,,Null,1,0,,47,Wellington City,Nil,,,,,0,0,Urban,0,,,Light rain,Null
1768799,5907705,20825,,523711,0,,0,1,,Null,2009/2010,LAIDLAW WAY,PROGRESSIVE WAY,,Non-Injury Crash,No,2009,,South,,0,,Flat,,,,,,Overcast,712304,0,0,0,2,,,0,,,,,,Auckland Region,Nil,2-way,Sealed,,0,0,,50,,Off,0,0,,76,Auckland,Give way,,,,,0,0,Urban,1,,,Fine,Null
1688926,6089863,20826,,501633,0,0,0,1,1,South,2006/2007,SH 10,OROMAHOE ROAD,,Serious Crash,Yes,2006,0,South,0,0,1,Flat,0,,0,,0,Dark,35800,0,0,0,2,0,0,0,0,0,,0,0,Northland Region,Nil,2-way,Sealed,0,0,1,0,100,0,None,0,0,,1,Far North District,Nil,0,0,0,0,0,0,Open,0,0,0,Fine,Null
1763419,5909192,20827,,521901,0,,0,1,,Null,2006/2007,WALMSLEY ROAD,HANS ST,,Non-Injury Crash,No,2006,,North,,0,,Flat,,,,,,Overcast,783300,0,0,0,4,,,0,,,,,,Auckland Region,Nil,2-way,Sealed,,0,0,,50,,Off,1,0,,76,Auckland,Give way,,,,,0,0,Urban,0,,,Fine,Null
1759137,5917463,20828,,516001,0,,1,0,,West,2006/2007,REMUERA ROAD,GLEN ESK PLACE,,Non-Injury Crash,No,2006,,East,,0,,Flat,,,,,,Overcast,491200,0,0,0,4,,,0,,,,,,Auckland Region,Nil,2-way,Sealed,,0,0,,50,,Off,0,0,,76,Auckland,Nil,,,,,0,0,Urban,1,,,Fine,Null
1924869,5637554,20829,,545811,0,0,0,2,1,South,2008/2009,SH 5,GLENGARRY ROAD,,Non-Injury Crash,Yes,2009,0,East,0,0,0,Flat,0,,0,,0,Dark,1414800,0,0,0,2,0,0,0,0,0,,0,0,Hawke's Bay Region,Nil,2-way,Sealed,0,0,0,0,100,0,None,0,0,,30,Hastings District,Nil,0,0,0,0,0,0,Open,0,0,0,Mist or Fog,Null
1936970,5621163,20830,,546901,0,,0,1,,North,2005/2006,HASTINGS ST,VAUTIER ST,,Minor Crash,No,2006,,South,,0,,Flat,,,,,,Overcast,1430200,1,0,0,2,,,0,,,1,,,Hawke's Bay Region,Nil,2-way,Sealed,,0,0,,50,,Null,0,0,,31,Napier City,Nil,,,,,0,0,Urban,0,,,Light rain,Null
1744810,5974030,20831,55,506661,0,0,0,1,1,South,2006/2007,SH 1N,KRAACK ROAD,,Non-Injury Crash,Yes,2006,0,South,0,0,0,Hill Road,0,,0,,0,Bright sun,138900,0,0,0,2,0,0,0,0,0,,0,0,Auckland Region,Nil,2-way,Sealed,0,0,0,0,100,0,Null,0,0,,76,Auckland,Unknown,0,0,0,0,0,0,Open,0,0,0,Fine,Null
1740133,5911374,20832,,513020,0,,0,2,,Null,2005/2006,SCENIC DRIVE,PIHA ROAD,,Minor Crash,No,2006,,East,,0,,Hill Road,,,,,,Bright sun,280302,1,0,0,2,,,0,,,,,,Auckland Region,Nil,2-way,Sealed,,0,0,,100,,Off,0,0,,76,Auckland,Give way,,,,,0,0,Open,0,,,Fine,Null
1736568,5983179,20833,,505300,0,0,0,2,0,South,2009/2010,SH 1N,SCHOOL ROAD,,Non-Injury Crash,Yes,2009,0,North,0,0,0,Hill Road,0,,0,,0,Twilight,142200,0,0,0,2,0,0,0,0,1,,0,0,Auckland Region,Nil,2-way,Sealed,0,0,0,0,50,0,On,0,0,,76,Auckland,Nil,0,0,0,0,0,0,Urban,0,0,0,Fine,Null
1763576,5906410,20834,,524303,0,,0,2,,Null,2006/2007,PARK AVENUE,BUCKLAND ROAD,,Non-Injury Crash,No,2006,,West,,0,,Flat,,,,,,Overcast,655702,0,0,0,2,,,0,,,,,,Auckland Region,Nil,2-way,Sealed,,0,0,,50,,Off,0,0,,76,Auckland,Stop,,,,,0,0,Urban,0,,,Mist or Fog,Null
1879313,5824167,20835,,538201,0,,0,1,,East,2005/2006,ELIZABETH ST,DURHAM ST,,Non-Injury Crash,No,2006,,East,,0,,Hill Road,,,,,,Bright sun,1165800,0,0,0,2,,,0,,,,,,Bay of Plenty Region,Nil,2-way,Sealed,,0,0,,50,,Null,0,0,,23,Tauranga City,Unknown,,,,,1,0,Urban,0,,,Fine,Null
1933856,5619068,20836,,547400,0,,0,2,,Null,2008/2009,KENNEDY ROAD,TRINITY CRESCENT,,Non-Injury Crash,No,2009,,North,,0,,Flat,,,,,,Twilight,1449000,0,0,0,2,,,0,,,,,,Hawke's Bay Region,Nil,2-way,Sealed,,0,0,,50,,Off,0,0,,31,Napier City,Give way,,,,,0,0,Urban,0,,,Fine,Null
1822033,5526618,20837,,561813,0,0,0,2,0,Null,2006/2007,TENNENT DRIVE,MAIN DRIVE,,Minor Crash,No,2006,0,South,0,0,0,Flat,2,,0,,0,Twilight,1798900,2,0,0,3,0,0,0,0,0,,0,0,Manawatū-Whanganui Region,Nil,2-way,Sealed,0,0,0,0,70,0,Off,0,0,,40,Palmerston North City,Stop,2,0,0,0,0,0,Urban,0,0,0,Fine,Null
1204740,5030402,20838,,609011,0,,0,0,,North,2009/2010,SH 94,HOLLYFORD RIV BR,,Minor Crash,Yes,2009,,South,,0,,Hill Road,,,,,,Twilight,3175100,4,0,0,2,,,0,,,,,,Southland Region,Nil,2-way,Sealed,,0,0,,100,,None,1,0,,73,Southland District,Unknown,,,,,0,0,Open,0,,,Fine,Null
1752935,5912474,20839,,518901,0,,0,1,,West,2006/2007,WHITE SWAN ROAD,HILLSBOROUGH ROAD,,Non-Injury Crash,No,2006,,West,,0,,Hill Road,,,,,,Dark,586400,0,0,0,2,,,0,,,,,,Auckland Region,Nil,2-way,Sealed,,0,0,,50,,On,0,0,,76,Auckland,Nil,,,,,1,0,Urban,0,,,Fine,Null
1836735,5859330,20840,,534300,0,,0,2,,North,2008/2009,SH 2,VICTORIA ST,,Non-Injury Crash,Yes,2009,,North,,0,,Flat,,,,,,Overcast,1073700,0,0,0,2,,,0,,,,,,Waikato Region,Nil,2-way,Sealed,,0,0,,50,,Null,0,0,,12,Hauraki District,Unknown,,,,,0,0,Urban,0,,,Fine,Null
1759134,5926054,20841,,508020,0,,0,2,,West,2005/2006,LAKE ROAD,HORORATA ROAD,,Minor Crash,No,2006,,East,,0,,Flat,,,,,,Dark,321700,1,0,0,2,,,0,,,,,,Auckland Region,Nil,2-way,Sealed,,0,0,,50,,On,0,0,,76,Auckland,Nil,,,,,0,0,Urban,0,,,Fine,Null
1798697,5832404,20842,,527123,0,0,0,1,0,South,2006/2007,SH 1B,HENRY ROAD,,Minor Crash,Yes,2006,0,West,1,0,0,Flat,0,,0,,0,Bright sun,949800,2,0,0,2,0,0,0,0,0,,0,0,Waikato Region,Nil,2-way,Sealed,0,0,0,0,100,0,Null,0,0,,13,Waikato District,Unknown,0,0,0,0,0,0,Open,0,0,0,Fine,Null
1760876,5916743,20843,,516002,0,,0,1,,East,2005/2006,REMUERA ROAD,RANUI ROAD,,Non-Injury Crash,No,2006,,East,,0,,Flat,,Queens Birthday,,,,Overcast,494200,0,0,1,4,,,0,,,,,,Auckland Region,Nil,2-way,Sealed,,0,0,,50,,Off,0,0,,76,Auckland,Nil,,,,,0,0,Urban,0,,,Fine,Null
1770149,5876014,20844,,521117,0,0,0,1,0,South,2008/2009,BUCKLAND ROAD,PARKER LANE,,Non-Injury Crash,No,2009,0,North,0,0,0,Flat,0,,0,,0,Dark,824500,0,0,0,2,0,0,0,0,0,,0,0,Waikato Region,Nil,2-way,Sealed,0,0,0,0,100,0,On,0,0,,13,Waikato District,Nil,0,0,0,0,0,0,Open,0,0,0,Fine,Null
1885664,5825304,20845,,536832,0,0,0,1,0,West,2005/2006,OCEANBEACH ROAD,YALE ST,,Non-Injury Crash,No,2006,0,South,0,0,0,Flat,0,,0,,0,Bright sun,1204935,0,0,0,2,0,0,0,0,0,,0,1,Bay of Plenty Region,Nil,2-way,Sealed,0,0,0,0,50,0,Null,0,0,,23,Tauranga City,Unknown,0,0,0,0,0,0,Urban,0,0,0,Fine,Null
1624390,6113927,20846,,500302,0,,0,1,,Null,2006/2007,SOUTH ROAD,CHURCH ROAD,,Non-Injury Crash,Yes,2006,,East,,0,,Flat,,,,,,Bright sun,14500,0,0,0,2,,,0,,,,,,Northland Region,Nil,2-way,Sealed,,0,0,,50,,Off,0,0,,1,Far North District,Give way,,,,,0,0,Urban,1,,,Fine,Null
1706358,6040584,20847,,501810,0,0,0,1,1,North,2006/2007,SH 14,TATTON ROAD,,Non-Injury Crash,Yes,2006,0,South,0,0,0,Flat,0,,0,,0,Overcast,72000,0,0,0,2,0,0,0,0,0,,0,0,Northland Region,Nil,2-way,Sealed,0,0,0,0,100,0,Null,0,0,,2,Whangarei District,Unknown,0,0,0,0,0,0,Open,0,0,0,Fine,Null
1764944,5910688,20848,,521801,0,,0,1,,North,2008/2009,SH 1N,OTAHUHU ON NBD,,Non-Injury Crash,Yes,2009,,North,,0,,Flat,,,,,,Bright sun,786700,0,0,1,3,,,0,,,,,,Auckland Region,Nil,1-way,Sealed,,0,0,,100,,Off,0,0,,76,Auckland,Nil,,,,,0,0,Open,1,,,Fine,Null
1573544,5179925,20849,,593600,0,,0,4,,West,2006/2007,LINWOOD AVENUE,BUCKLEYS ROAD,,Minor Crash,No,2006,,East,,0,,Flat,,,,,,Bright sun,2612502,2,0,0,4,,,0,,,,,,Canterbury Region,Nil,2-way,Sealed,,0,0,,50,,Null,0,0,,60,Christchurch City,Unknown,,,,,0,0,Urban,0,,,Fine,Null
1767764,5904295,20850,,524604,0,,0,2,,East,2005/2006,MANUKAU STATION ROAD,GREAT SOUTH ROAD,,Non-Injury Crash,No,2006,,East,,0,,Flat,,,,,,Bright sun,780204,0,0,0,4,,,0,,,,,,Auckland Region,Nil,2-way,Sealed,,0,0,,50,,Off,0,0,,76,Auckland,Nil,,,,,0,0,Urban,0,,,Fine,Null
1729635,6039613,20851,,501818,0,0,0,1,0,South,2005/2006,WHANGAREI HEADS ROAD,PEPI ROAD,,Minor Crash,No,2006,0,South,1,0,0,Flat,0,,0,,0,Dark,73602,2,0,0,2,0,0,0,0,0,,0,0,Northland Region,Nil,2-way,Sealed,0,0,0,0,100,0,None,0,0,,2,Whangarei District,Unknown,0,0,0,0,0,0,Open,0,0,0,Light rain,Null
1757422,5918764,20852,,514302,0,0,0,1,0,Null,2009/2010,SH 1N,WELLESLEY OFF NBD,,Non-Injury Crash,Yes,2009,0,North,0,0,0,Flat,1,,0,,0,Dark,442500,0,0,0,3,0,0,0,0,0,,0,0,Auckland Region,Nil,2-way,Sealed,0,0,0,0,80,0,On,0,0,,76,Auckland,Nil,0,0,0,0,0,0,Open,0,0,0,Fine,Null
1758389,5917518,20853,,516001,1,,0,1,,North,2005/2006,BROADWAY,ST MARKS ROAD,,Non-Injury Crash,No,2006,,South,,0,,Flat,,,,,,Bright sun,490800,0,0,0,2,,,0,,,,,,Auckland Region,Nil,2-way,Sealed,,0,0,,50,,Null,0,0,,76,Auckland,Unknown,,,,,0,0,Urban,0,,,Fine,Null
1787362,5491016,20854,,564021,0,,0,3,,Null,2008/2009,SH 1N,WAIKAWA BEACH ROAD,,Non-Injury Crash,Yes,2009,,North,,0,,Flat,,,,,,Overcast,1882200,0,0,0,2,,,0,,,,,,Manawatū-Whanganui Region,Nil,2-way,Sealed,,0,0,,100,,Null,0,0,,42,Horowhenua District,Nil,,,,,0,0,Open,0,,,Fine,Null
1749535,5914059,20855,,511301,0,0,0,3,0,East,2005/2006,Z CPK WAREHOUSE,RATA ST,,Non-Injury Crash,No,2006,0,North,0,0,0,Flat,0,,0,,0,Overcast,266900,0,0,0,0,0,0,0,0,2,,0,0,Auckland Region,Nil,Off road,Sealed,0,0,0,0,20,0,Off,0,0,,76,Auckland,Nil,0,0,0,0,0,0,Urban,0,0,0,Fine,Null
1797612,5815640,20856,,528501,0,0,0,3,1,East,2009/2010,ELLICOTT ROAD,ABERFOYLE ST,,Non-Injury Crash,No,2009,0,East,0,0,0,Hill Road,0,,0,,0,Overcast,905600,0,0,0,2,0,0,0,0,0,,0,0,Waikato Region,Nil,2-way,Sealed,0,0,0,0,50,0,Null,0,0,,16,Hamilton City,Unknown,0,0,0,0,0,0,Urban,0,0,0,Heavy rain,Null
1741499,5918937,20857,,513101,0,0,0,1,0,Null,2005/2006,NORTH CANDIA ROAD,SWANSON ROAD,,Non-Injury Crash,No,2006,0,East,0,0,1,Flat,0,,0,,0,Bright sun,238200,0,0,0,2,0,0,0,0,0,,0,0,Auckland Region,Nil,2-way,Sealed,0,0,0,0,50,0,Off,0,0,,76,Auckland,Give way,0,0,0,0,0,0,Urban,0,0,0,Fine,Null