X,Y,OBJECTID,advisorySpeed,areaUnitID,bicycle,bridge,bus,carStationWagon,cliffBank,crashDirectionDescription,crashFinancialYear,crashLocation1,crashLocation2,crashRoadSideRoad,crashSeverity,crashSHDescription,crashYear,debris,directionRoleDescription,ditch,fatalCount,fence,flatHill,guardRail,holiday,houseOrBuilding,intersection,kerb,light,meshblockId,minorInjuryCount,moped,motorcycle,NumberOfLanes,objectThrownOrDropped,otherObject,otherVehicleType,overBank,parkedVehicle,pedestrian,phoneBoxEtc,postOrPole,region,roadCharacter,roadLane,roadSurface,roadworks,schoolBus,seriousInjuryCount,slipOrFlood,speedLimit,strayAnimal,streetLight,suv,taxi,temporarySpeedLimit,tlaId,tlaName,trafficControl,trafficIsland,trafficSign,train,tree,truck,unknownVehicleType,urban,vanOrUtility,vehicle,waterRiver,weatherA,weatherB
1753467,5445054,20858,,570700,0,0,0,1,0,Null,2009/2010,WAIHO TERRACE,KOTUKU ST,,Non-Injury Crash,No,2009,0,South,0,0,1,Hill Road,0,,0,,0,Dark,2036800,0,0,0,2,0,0,0,0,0,,0,0,Wellington Region,Nil,2-way,Sealed,0,0,0,0,50,0,On,0,0,,44,Porirua City,Give way,0,0,0,0,0,0,Urban,0,0,0,Fine,Null
1717257,6044739,20859,,503300,1,,0,1,,Null,2005/2006,SH 14,SILVERSTREAM ROAD,,Minor Crash,Yes,2006,,West,,0,,Flat,,,,,,Bright sun,105900,1,0,0,2,,,0,,,,,,Northland Region,Nil,2-way,Sealed,,0,0,,70,,Off,0,0,,2,Whangarei District,Give way,,,,,0,0,Urban,0,,,Fine,Null
1591051,5156791,20860,35,596901,0,0,0,0,0,North,2009/2010,SUMMIT ROAD,SH 75,,Minor Crash,No,2009,0,South,1,0,0,Hill Road,0,,0,,0,Bright sun,2714100,1,0,0,2,0,0,0,0,0,,0,0,Canterbury Region,Nil,2-way,Sealed,0,0,0,0,100,0,Null,1,0,,60,Christchurch City,Unknown,0,0,0,0,0,0,Open,0,0,0,Fine,Null
1760387,5915723,20861,,516003,0,,0,3,,South,2006/2007,SH 1N,GREENLANE INT S,,Minor Crash,Yes,2006,,North,,0,,Flat,,,,,,Bright sun,494902,1,0,0,4,,,0,,,,,,Auckland Region,Nil,1-way,Sealed,,0,0,,100,,Off,0,0,,76,Auckland,Nil,,,,,0,0,Open,0,,,Fine,Null
1800064,5816114,20862,,529700,0,,0,2,,Null,2009/2010,MILL ST,WILLOUGHBY ST,,Non-Injury Crash,No,2009,,South,,0,,Flat,,,,,,Bright sun,909500,0,0,0,4,,,0,,,,,,Waikato Region,Nil,2-way,Sealed,,0,0,,50,,Off,0,0,,16,Hamilton City,Traffic Signals,,,,,0,0,Urban,0,,,Fine,Null
1786525,5926528,20863,,520801,0,0,0,1,1,East,2005/2006,WAIHEKE ROAD,ONETANGI ROAD,,Minor Crash,No,2006,0,East,1,0,0,Hill Road,0,,0,,0,Twilight,515708,1,0,0,2,0,0,0,0,0,,0,0,Auckland Region,Nil,2-way,Sealed,0,0,0,0,50,0,None,0,0,,76,Auckland,Nil,0,0,0,0,0,0,Urban,0,0,0,Fine,Null
1751170,5915473,20864,,514401,0,,0,2,,South,2008/2009,GREAT NORTH ROAD,ROSEBANK ROAD,,Non-Injury Crash,No,2009,,North,,0,,Flat,,,,,,Bright sun,382400,0,0,0,1,,,0,,,,,,Auckland Region,Nil,2-way,Sealed,,0,0,,50,,Off,0,0,,76,Auckland,Traffic Signals,,,,,0,0,Urban,0,,,Fine,Null
1875127,5818683,20865,,537602,0,,0,1,,Null,2005/2006,PYES PA ROAD,CHEYNE ROAD,,Serious Crash,No,2006,,South,,0,,Flat,,,,,,Bright sun,1192201,1,0,0,3,,,0,,,,,,Bay of Plenty Region,Nil,2-way,Sealed,,0,1,,60,,Null,0,0,,23,Tauranga City,Stop,,,,,0,0,Urban,1,,,Fine,Null
1521530,5154726,20866,,597742,0,,0,2,,Null,2006/2007,SH 1S,ELIZABETH AVENUE,,Minor Crash,Yes,2006,,North,,0,,Flat,,,,,,Overcast,2750200,5,0,0,4,,,0,,,,,,Canterbury Region,Nil,2-way,Sealed,,0,0,,70,,Null,0,0,,63,Ashburton District,Stop,,,,,0,0,Urban,0,,,Fine,Null
1769176,5914540,20867,,522721,0,,0,1,,North,2006/2007,FORTUNES ROAD,PAKURANGA ROAD,,Non-Injury Crash,No,2006,,South,,0,,Flat,,,,,,Overcast,680727,0,0,0,2,,,0,,,,,,Auckland Region,Nil,2-way,Sealed,,0,0,,50,,Off,0,0,,76,Auckland,Nil,,,,,1,0,Urban,0,,,Fine,Null
1780419,5486588,20868,,564400,0,0,0,0,0,Null,2006/2007,TASMAN ROAD,RANGIURU ROAD,,Minor Crash,No,2006,0,East,0,0,1,Flat,0,,0,,0,Dark,1877500,1,1,0,2,0,0,0,0,0,,0,0,Wellington Region,Nil,2-way,Sealed,0,0,0,0,50,0,On,0,0,,43,Kapiti Coast District,Give way,0,0,0,0,0,0,Urban,0,0,0,Fine,Null
1848887,5791159,20869,,535232,0,0,0,1,1,East,2005/2006,SH 5,WAIMAKARIRI ROAD,,Minor Crash,Yes,2006,0,East,0,0,0,Hill Road,0,,0,,0,Overcast,1127200,1,0,0,2,0,0,0,0,0,,0,0,Waikato Region,Nil,2-way,Sealed,0,0,0,0,100,0,Null,0,0,,19,South Waikato District,Unknown,0,0,0,0,0,0,Open,0,0,0,Heavy rain,Null
1753383,5933235,20870,,508804,0,,0,1,,Null,2009/2010,GREVILLE ROAD,GREVILLE OFF SBD,,Non-Injury Crash,No,2009,,East,,0,,Flat,,,,,,Dark,180605,0,0,0,2,,,0,,,,,,Auckland Region,Nil,1-way,Sealed,,0,0,,50,,On,1,0,,76,Auckland,Nil,,,,,0,0,Urban,0,,,Light rain,Null
1746145,5918319,20871,,512401,0,,0,2,,Null,2005/2006,EDMONTON ROAD,VODANOVICH ROAD,,Minor Crash,No,2006,,South,,0,,Hill Road,,,,,,Bright sun,256900,1,0,0,2,,,0,,,,,,Auckland Region,Nil,2-way,Sealed,,0,0,,50,,Off,0,0,,76,Auckland,Stop,,,,,0,0,Urban,0,,,Fine,Null
1760165,5884947,20872,,521122,0,0,0,0,0,West,2005/2006,GLENBROOK ROAD,KINGSEAT ROAD,,Serious Crash,No,2006,0,West,0,0,0,Flat,0,,0,,0,Dark,810700,0,0,0,2,0,0,0,0,0,,0,1,Auckland Region,Nil,2-way,Sealed,0,0,1,0,100,0,None,1,0,,76,Auckland,Nil,0,0,0,0,0,0,Open,0,0,0,Fine,Null
1804140,5814941,20873,,530700,0,,0,2,,North,2005/2006,HILLCREST ROAD,ODONOGHUE ST,,Non-Injury Crash,No,2006,,North,,0,,Flat,,,,,,Overcast,887800,0,0,0,2,,,0,,,,,,Waikato Region,Nil,2-way,Sealed,,0,0,,50,,Null,0,0,,16,Hamilton City,Unknown,,,,,0,0,Urban,0,,,Heavy rain,Null
1878713,5819154,20874,,537900,0,0,0,1,0,South,2008/2009,MANSFIELD ST,HARRISFIELD DRIVE,,Non-Injury Crash,No,2009,0,North,0,0,0,Flat,0,Queens Birthday,0,,0,Dark,1179502,0,0,0,2,0,0,0,0,1,,0,0,Bay of Plenty Region,Nil,2-way,Sealed,0,0,0,0,50,0,On,0,0,,23,Tauranga City,Nil,0,0,0,0,0,0,Urban,1,0,0,Fine,Null
1244347,4850340,20875,,611100,0,0,0,2,0,Null,2005/2006,YARROW ST,BAMBOROUGH ST,,Minor Crash,No,2006,0,South,0,0,1,Flat,0,,0,,0,Dark,3136900,1,0,0,2,0,0,0,0,0,,1,0,Southland Region,Nil,2-way,Sealed,0,0,0,0,50,0,On,0,0,,75,Invercargill City,Give way,0,1,0,0,0,0,Urban,0,0,0,Light rain,Null
1754475,5912275,20876,,519002,0,0,0,1,0,North,2005/2006,DOMINION ROAD,BUDGEN ST,,Non-Injury Crash,No,2006,0,South,0,0,1,Flat,0,,0,,0,Overcast,589501,0,0,0,2,0,0,0,0,0,,0,0,Auckland Region,Nil,2-way,Sealed,0,0,0,0,50,0,Off,0,0,,76,Auckland,Nil,0,0,0,0,0,0,Urban,0,0,0,Light rain,Null
1919848,5642952,20877,,545811,0,0,0,1,1,South,2006/2007,SH 5,PALMER ROAD,,Minor Crash,Yes,2006,0,West,0,0,0,Hill Road,0,Labour Weekend,0,,0,Overcast,1414700,1,0,0,2,0,0,0,0,0,,0,0,Hawke's Bay Region,Nil,2-way,Sealed,0,0,0,0,100,0,Null,0,0,,30,Hastings District,Nil,0,0,0,0,0,0,Open,0,0,0,Light rain,Null
1823297,5529813,20878,,563200,0,0,0,1,0,Null,2009/2010,FERGUSON ST,SUMMERHAYS ST,,Non-Injury Crash,No,2009,0,North,0,0,0,Flat,0,,0,,0,Dark,1847801,0,0,0,2,0,0,0,0,1,,0,0,Manawatū-Whanganui Region,Nil,2-way,Sealed,0,0,0,0,50,0,On,0,0,,40,Palmerston North City,Nil,0,0,0,0,0,0,Urban,1,0,0,Fine,Null
1733573,5907653,20879,,513800,0,0,0,1,1,North,2005/2006,PIHA ROAD,LONE KAURI ROAD,,Serious Crash,No,2006,0,South,0,0,0,Flat,0,,0,,0,Twilight,282021,0,0,0,2,0,0,0,0,0,,0,0,Auckland Region,Nil,2-way,Sealed,0,0,1,0,100,0,None,0,0,,76,Auckland,Unknown,0,0,0,1,0,0,Open,0,0,0,Fine,Null
1800842,5814109,20880,,529100,0,,0,2,,South,2006/2007,PEMBROKE ST,RUAKIWI ROAD,,Non-Injury Crash,No,2006,,North,,0,,Flat,,,,,,Overcast,931300,0,0,0,2,,,0,,,,,,Waikato Region,Nil,2-way,Sealed,,0,0,,50,,Off,0,0,,16,Hamilton City,Nil,,,,,0,0,Urban,0,,,Light rain,Null
1768158,5903969,20881,,523820,0,,0,2,,South,2008/2009,SH 1N,REDOUBT OBR,,Non-Injury Crash,Yes,2009,,South,,0,,Flat,,,,,,Bright sun,760142,0,0,0,3,,,0,,,,,,Auckland Region,Nil,1-way,Sealed,,0,0,,80,,Null,0,0,,76,Auckland,Unknown,,,,,0,0,Open,0,,,Fine,Null
1800811,5815415,20882,,529700,0,,0,1,,Null,2006/2007,WARD ST,WORLEY PLACE,,Non-Injury Crash,No,2006,,West,,0,,Flat,,,,,,Bright sun,911102,0,0,0,2,,,0,,,,,,Waikato Region,Nil,2-way,Sealed,,0,0,,50,,Off,0,0,,16,Hamilton City,Give way,,,,,0,0,Urban,1,,,Fine,Null
1762205,5437717,20883,,568402,0,0,0,2,0,Null,2006/2007,FAIRWAY DRIVE,TAITA DRIVE,,Minor Crash,No,2006,0,North,0,0,1,Flat,0,,0,,0,Bright sun,1943102,1,0,0,2,0,0,0,0,1,,0,0,Wellington Region,Nil,2-way,Sealed,0,0,0,0,50,0,Null,0,0,,46,Lower Hutt City,Nil,0,0,0,0,0,0,Urban,0,0,0,Fine,Null
1761732,5914036,20884,,520202,0,,0,2,,North,2005/2006,SH 1N,PENROSE OBR,,Non-Injury Crash,Yes,2006,,North,,0,,Flat,,,,,,Overcast,612300,0,0,0,3,,,0,,,,,,Auckland Region,Nil,1-way,Sealed,,0,0,,100,,Off,0,0,,76,Auckland,Nil,,,,,0,0,Open,0,,,Fine,Null
1764133,5904315,20885,,522100,0,,0,2,,Null,2009/2010,PUHINUI ROAD,PUHINUI ON SBD,,Non-Injury Crash,No,2009,,East,,0,,Hill Road,,,,,,Dark,659100,0,0,0,5,,,0,,,,,,Auckland Region,Nil,2-way,Sealed,,0,0,,50,,On,0,0,,76,Auckland,Traffic Signals,,,,,0,0,Urban,0,,,Fine,Null
1782632,5925811,20886,,520801,0,0,0,2,0,West,2006/2007,BELGIUM ST,OSTEND ROAD,,Non-Injury Crash,No,2006,0,East,0,0,0,Flat,0,,0,,0,Dark,515314,0,0,0,2,0,0,0,0,0,,0,0,Auckland Region,Nil,2-way,Sealed,0,0,0,0,50,0,None,0,0,,76,Auckland,Nil,1,0,0,0,0,0,Urban,0,0,0,Fine,Null
1763235,5908205,20887,,524301,0,0,0,1,0,South,2006/2007,MASSEY ROAD,SAVILL DRIVE,,Minor Crash,No,2006,0,South,0,0,1,Flat,0,,0,,1,Dark,748700,2,0,0,2,0,0,0,0,0,,0,0,Auckland Region,Nil,2-way,Sealed,0,0,0,0,50,0,On,0,0,,76,Auckland,Unknown,0,0,0,0,0,0,Urban,0,0,0,Light rain,Null
1675803,6074867,20888,,501634,0,,0,1,,North,2005/2006,SH 15,PICADILLY ROAD,,Serious Crash,Yes,2006,,South,,0,,Flat,,,,,,Bright sun,39000,0,0,0,2,,,0,,,1,,,Northland Region,Nil,2-way,Sealed,,0,1,,100,,None,0,0,,1,Far North District,Nil,,,,,0,0,Open,0,,,Fine,Null
1761994,5903431,20889,,524604,0,,0,1,,Null,2008/2009,PUHINUI ROAD,ORRS ROAD,,Non-Injury Crash,Yes,2009,,East,,0,,Flat,,,,,,Bright sun,781100,0,0,0,2,,,0,,,,,,Auckland Region,Nil,2-way,Sealed,,0,0,,80,,Off,0,0,,76,Auckland,Give way,,,,,0,0,Open,1,,,Fine,Null
1756597,5918155,20890,,518101,0,0,0,2,0,North,2006/2007,WYNYARD ROAD,SYLVAN AVENUE,,Minor Crash,No,2006,0,North,0,0,0,Hill Road,0,,0,,0,Dark,544600,1,0,0,1,0,0,0,0,1,,0,0,Auckland Region,Nil,2-way,Sealed,0,0,0,0,50,0,None,0,0,,76,Auckland,Nil,0,0,0,0,0,0,Urban,0,0,0,Light rain,Null
1760632,5437521,20891,,569402,0,,0,4,,Null,2005/2006,SH 2,POMARE ROAD,,Minor Crash,Yes,2006,,East,,0,,Flat,,,,,,Dark,1919300,1,0,0,4,,,0,,,,,,Wellington Region,Nil,2-way,Sealed,,0,0,,100,,None,0,0,,46,Lower Hutt City,Stop,,,,,0,0,Open,0,,,Light rain,Null
1884761,5774231,20892,,540410,0,0,0,0,0,East,2006/2007,ARAWA ST,AMOHIA ST,,Non-Injury Crash,No,2006,0,West,0,0,0,Hill Road,0,,0,,0,Dark,1233300,0,0,0,2,0,0,0,0,0,,0,0,Bay of Plenty Region,Nil,2-way,Sealed,0,0,0,0,50,0,On,0,0,,24,Rotorua District,Nil,0,1,0,0,0,0,Urban,1,0,0,Fine,Null
1768684,5902989,20893,,523820,0,,0,1,,South,2006/2007,SH 1N,MANUKAU ON SBD,,Minor Crash,Yes,2006,,South,,0,,Hill Road,,,,,,Overcast,760121,1,0,0,3,,,0,,,,,,Auckland Region,Nil,1-way,Sealed,,0,0,,100,,Off,0,0,,76,Auckland,Nil,,,,,0,0,Open,0,,,Fine,Null
1854947,5877958,20894,,533300,0,,0,3,,North,2005/2006,OCEAN ROAD,TAMAKI ROAD,,Non-Injury Crash,No,2006,,North,,0,,Flat,,,,,,Bright sun,1061100,0,0,0,2,,,0,,,,,,Waikato Region,Nil,2-way,Sealed,,0,0,,50,,Null,0,0,,11,Thames-Coromandel District,Nil,,,,,0,0,Urban,0,,,Fine,Null
1719518,6046384,20895,,502800,0,0,0,1,0,Null,2005/2006,BANK ST,APIRANA AVENUE,,Non-Injury Crash,No,2006,0,North,0,0,0,Flat,0,,0,,1,Dark,96100,0,0,0,2,0,0,0,0,0,,0,0,Northland Region,Nil,2-way,Sealed,0,0,0,0,50,0,On,0,0,,2,Whangarei District,Nil,0,0,0,0,0,0,Urban,0,0,0,Fine,Null
1760142,5433221,20896,,568800,0,,0,3,,East,2006/2007,PARKSIDE ROAD,HUTT PARK ROAD,,Minor Crash,No,2006,,North,,0,,Flat,,,,,,Overcast,1980400,1,0,0,2,,,0,,,,,,Wellington Region,Nil,2-way,Sealed,,0,0,,50,,Null,0,0,,46,Lower Hutt City,Nil,,,,,0,0,Urban,0,,,Light rain,Null
1845444,5750998,20897,,535262,0,0,0,1,0,North,2006/2007,SH 32,SH 30,,Minor Crash,Yes,2006,0,South,0,0,0,Hill Road,0,,0,,0,Overcast,1151200,1,0,0,2,0,0,0,1,0,,0,0,Waikato Region,Nil,2-way,Sealed,0,0,0,0,100,0,Off,0,0,,19,South Waikato District,Nil,0,0,0,0,0,0,Open,0,0,0,Fine,Null
1756198,5927625,20898,,507900,0,0,0,3,0,North,2006/2007,SH 1N,NORTHCOTE OFF SBD,,Minor Crash,Yes,2006,0,South,0,0,0,Flat,1,,0,,0,Dark,305202,2,0,0,3,0,0,0,0,0,,0,0,Auckland Region,Nil,2-way,Sealed,0,0,0,0,100,0,On,0,0,80,76,Auckland,Nil,0,0,0,0,0,0,Open,0,0,0,Fine,Null
1770138,5909381,20899,,523114,0,,0,2,,East,2006/2007,ERNE CRESCENT S,WAYNE FRANCIS DRIVE,,Non-Injury Crash,No,2006,,South,,0,,Flat,,,,,,Bright sun,711807,0,0,0,2,,,0,,,,,,Auckland Region,Nil,2-way,Sealed,,0,0,,50,,Off,0,0,,76,Auckland,Nil,,,,,0,0,Urban,0,,,Fine,Null
1744016,5915074,20900,,513013,0,,0,0,,Null,2006/2007,FOREST HILL ROAD,PARRS CROSS ROAD,,Non-Injury Crash,No,2006,,South,,0,,Hill Road,,,,,,Bright sun,281300,0,0,0,2,,,0,,,,,,Auckland Region,Nil,2-way,Sealed,,0,0,,50,,Off,2,0,,76,Auckland,Give way,,,,,0,0,Urban,0,,,Fine,Null
1751801,5917409,20901,,514900,0,,0,0,,South,2009/2010,GREAT NORTH ROAD,HERDMAN ST,,Non-Injury Crash,No,2009,,South,,0,,Flat,,,,,,Overcast,385803,0,0,0,4,,,0,,,,,,Auckland Region,Nil,2-way,Sealed,,0,0,,50,,Off,0,0,,76,Auckland,Nil,,,,,1,0,Urban,1,,,Light rain,Null
1881077,5781842,20902,75,538601,0,0,0,2,0,North,2006/2007,SH 36,WAITETI ROAD,,Serious Crash,Yes,2006,0,North,0,0,0,Hill Road,0,,0,,0,Bright sun,1249604,0,0,0,2,0,0,0,0,1,,0,0,Bay of Plenty Region,Nil,2-way,Sealed,0,0,1,0,100,0,Null,0,0,,24,Rotorua District,Unknown,0,0,0,0,0,0,Open,0,0,0,Fine,Null
1683221,6103980,20903,,501633,0,,0,2,,South,2005/2006,SH 10,PUNGAERE ROAD,,Minor Crash,Yes,2006,,North,,0,,Flat,,,,,,Twilight,44702,2,0,0,2,,,0,,,,,,Northland Region,Nil,2-way,Sealed,,0,0,,100,,Off,0,0,,1,Far North District,Nil,,,,,0,0,Open,0,,,Fine,Null
1760891,5915335,20904,,520201,0,0,0,1,1,Null,2005/2006,TECOMA ON SBD,TECOMA OFF SBD,,Non-Injury Crash,Yes,2006,0,East,0,0,0,Flat,0,,0,,0,Dark,613000,0,0,0,1,0,0,0,0,0,,0,0,Auckland Region,Motorway ramp,1-way,Sealed,0,0,0,0,70,0,On,0,0,,76,Auckland,Nil,0,0,0,1,0,0,Urban,0,0,0,Null,Null
1888908,5774179,20905,,538742,0,,0,1,,South,2009/2010,SH 30,OWHATA ROAD,,Non-Injury Crash,Yes,2009,,South,,0,,Flat,,,,,,Dark,1254700,0,0,0,2,,,0,,,,,,Bay of Plenty Region,Nil,2-way,Sealed,,0,0,,60,,On,1,0,,24,Rotorua District,Traffic Signals,,,,,0,0,Urban,1,,,Fine,Null
1782345,5925864,20906,,520801,0,,0,2,,Null,2005/2006,WHARF ROAD,BELGIUM ST,,Minor Crash,No,2006,,West,,0,,Flat,,Easter,,,,Dark,515314,1,0,0,2,,,0,,,,,,Auckland Region,Nil,2-way,Sealed,,0,0,,50,,On,0,0,,76,Auckland,Give way,,,,,0,0,Urban,0,,,Fine,Null
1752807,5434955,20907,,573901,0,,0,1,,West,2006/2007,STEWART DRIVE,BRACKEN ROAD,,Minor Crash,No,2006,,West,,0,,Hill Road,,,,,,Bright sun,2073400,1,0,0,2,,,0,,,1,,,Wellington Region,Nil,2-way,Sealed,,0,0,,50,,Null,0,0,,47,Wellington City,Nil,,,,,0,0,Urban,0,,,Fine,Null
1754013,5932300,20908,,508805,0,,0,2,,North,2009/2010,TRITON DRIVE,ARRENWAY DRIVE S,,Non-Injury Crash,No,2009,,North,,0,,Hill Road,,,,,,Bright sun,180866,0,0,0,2,,,0,,,,,,Auckland Region,Nil,2-way,Sealed,,0,0,,50,,Off,0,0,,76,Auckland,Nil,,,,,0,0,Urban,0,,,Fine,Null
1742509,5921975,20909,,513610,0,0,0,1,0,West,2006/2007,RED HILLS ROAD,DON BUCK ROAD,,Minor Crash,No,2006,0,West,1,0,0,Flat,0,,0,,0,Overcast,226503,1,0,0,2,0,0,0,0,0,,0,0,Auckland Region,Nil,2-way,Sealed,0,0,0,0,50,0,Null,0,0,,76,Auckland,Unknown,0,0,0,0,0,0,Urban,0,0,0,Fine,Null
1929896,5604813,20910,,548200,0,0,0,1,0,Null,2008/2009,HERETAUNGA ST EAST,KARAMU ROAD NORTH,,Non-Injury Crash,No,2009,0,West,0,0,0,Flat,0,,0,,0,Overcast,1492700,0,0,0,2,0,0,0,0,1,,0,0,Hawke's Bay Region,Nil,2-way,Sealed,0,0,0,0,50,0,Null,0,0,,30,Hastings District,Traffic Signals,0,0,0,0,2,0,Urban,0,0,0,Fine,Null
1243511,4849852,20911,,611210,0,,0,1,,Null,2005/2006,QUEENS DRIVE,DON ST,,Minor Crash,No,2006,,North,,0,,Flat,,,,,,Bright sun,3107400,2,0,0,4,,,0,,,,,,Southland Region,Nil,2-way,Sealed,,0,0,,50,,Null,1,0,,75,Invercargill City,Give way,,,,,0,0,Urban,0,,,Fine,Null
1745364,5428132,20912,,574900,0,,0,2,,East,2008/2009,KARORI ROAD,CHAMBERLAIN ROAD,,Non-Injury Crash,No,2009,,East,,0,,Flat,,,,,,Overcast,2109100,0,0,0,2,,,0,,,,,,Wellington Region,Nil,2-way,Sealed,,0,0,,50,,Null,0,0,,47,Wellington City,Nil,,,,,0,0,Urban,0,,,Light rain,Null
1866999,5714285,20913,,541710,0,,0,2,,Null,2005/2006,TONGARIRO ST,NORMAN SMITH ST,,Minor Crash,No,2006,,North,,0,,Hill Road,,,,,,Bright sun,1275301,1,0,0,2,,,0,,,,,,Waikato Region,Nil,2-way,Sealed,,0,0,,50,,Null,0,0,,21,Taupo District,Give way,,,,,0,0,Urban,0,,,Fine,Null
1758545,5904216,20914,,524200,0,0,0,1,0,West,2009/2010,IHUMATAO ROAD,GEORGE BOLT MEMORIAL DRIV,,Non-Injury Crash,No,2009,0,East,0,0,0,Flat,0,,0,,0,Dark,727100,0,0,0,2,0,0,0,0,0,,0,1,Auckland Region,Nil,2-way,Sealed,0,0,0,0,100,0,None,0,0,,76,Auckland,Nil,0,0,0,0,0,0,Open,0,0,0,Fine,Null
1824939,5463620,20915,,579200,0,,0,2,,South,2006/2007,BLAIR ST,TE ORE ORE ROAD,,Minor Crash,No,2006,,North,,0,,Flat,,,,,,Bright sun,2252100,1,0,0,2,,,0,,,,,,Wellington Region,Nil,2-way,Sealed,,0,0,,50,,Null,0,0,,48,Masterton District,Nil,,,,,0,0,Urban,0,,,Fine,Null
1707073,5682468,20916,,551301,0,0,0,2,0,South,2008/2009,QUEEN ST,WHITAKER ST,,Non-Injury Crash,No,2009,0,South,0,0,0,Flat,0,,0,,0,Bright sun,1545200,0,0,0,2,0,0,0,0,1,,0,0,Taranaki Region,Nil,2-way,Sealed,0,0,0,0,50,0,Null,0,1,,33,New Plymouth District,Nil,0,0,0,0,0,0,Urban,0,0,0,Fine,Null
1756746,5920195,20917,,514102,0,,0,0,,West,2006/2007,COOK ST,NELSON ST,,Serious Crash,No,2006,,West,,0,,Hill Road,,,,,,Overcast,432700,0,0,1,6,,,0,,,,,,Auckland Region,Nil,2-way,Sealed,,0,1,,50,,Off,0,0,,76,Auckland,Nil,,,,,0,0,Urban,1,,,Fine,Null
1561672,5178727,20918,,587400,0,,0,1,,Null,2008/2009,SHANDS ROAD,SH 1S,,Serious Crash,Yes,2009,,North,,0,,Flat,,,,,,Bright sun,2488300,0,0,0,3,,,0,,,1,,,Canterbury Region,Nil,1-way,Sealed,,0,1,,50,,Null,0,0,,60,Christchurch City,Traffic Signals,,,,,0,0,Urban,0,,,Fine,Null
1247468,4854650,20919,,610062,0,0,0,2,1,North,2005/2006,MILL ROAD NORTH,MCIVOR ROAD,,Serious Crash,No,2006,0,North,0,0,0,Flat,0,,0,,0,Dark,3091202,1,0,0,2,0,0,0,0,0,,0,0,Southland Region,Nil,2-way,Sealed,0,0,1,0,100,0,None,0,0,,75,Invercargill City,Nil,0,0,0,0,0,0,Open,0,0,0,Fine,Null
1804540,5778438,20920,,531304,0,0,0,1,0,South,2008/2009,SH 3,NGAHAPE ROAD,,Non-Injury Crash,Yes,2009,0,North,0,0,1,Flat,0,,0,,0,Dark,999201,0,0,0,2,0,0,0,0,0,,0,0,Waikato Region,Nil,2-way,Sealed,0,0,0,0,100,0,None,0,0,,18,Ōtorohanga District,Unknown,0,0,0,0,0,0,Open,0,0,0,Light rain,Null
1748528,5918463,20921,,514801,0,0,0,1,0,South,2009/2010,PATIKI ROAD,PATIKI ON WBD,,Non-Injury Crash,No,2009,0,South,0,0,0,Flat,0,,0,,0,Twilight,389300,0,0,0,3,0,0,0,0,0,,0,1,Auckland Region,Nil,2-way,Sealed,0,0,0,0,50,0,On,0,0,,76,Auckland,Nil,0,0,0,0,0,0,Urban,0,0,0,Fine,Null
1746861,5913651,20922,,511002,0,,0,2,,South,2005/2006,GLENDALE ROAD,OATES ROAD,,Minor Crash,No,2006,,North,,0,,Hill Road,,,,,,Overcast,283400,1,0,0,2,,,0,,,,,,Auckland Region,Nil,2-way,Sealed,,0,0,,50,,Off,0,1,,76,Auckland,Nil,,,,,0,0,Urban,0,,,Light rain,Null
1757761,5919610,20923,,514301,0,,0,2,,Null,2006/2007,GRAFTON ROAD,GRAFTON ON SBD,,Non-Injury Crash,Yes,2006,,West,,0,,Hill Road,,,,,,Dark,440400,0,0,0,3,,,0,,,,,,Auckland Region,Nil,2-way,Sealed,,0,0,,50,,On,0,0,,76,Auckland,Traffic Signals,,,,,0,0,Urban,0,,,Fine,Null
1696453,5677063,20924,,551012,0,0,0,0,1,South,2005/2006,KATERE ROAD,SH 3,,Minor Crash,No,2006,0,South,0,0,0,Flat,0,,0,,0,Overcast,1559400,1,0,0,2,0,0,0,0,0,,0,0,Taranaki Region,Nil,2-way,Sealed,0,0,0,0,70,0,Null,0,0,,33,New Plymouth District,Nil,0,0,0,0,1,0,Urban,0,0,1,Light rain,Null
1842673,5806930,20925,,535242,0,,0,1,,Null,2005/2006,HINUERA ROAD,PUKETUTU ROAD,,Non-Injury Crash,No,2006,,North,,0,,Flat,,,,,,Dark,1117902,0,0,0,2,,,0,,,,,,Waikato Region,Rail xing,2-way,Sealed,,0,0,,100,,None,1,0,,15,Matamata-Piako District,Give way,,,,,0,0,Open,0,,,Fine,Null
1788846,5752978,20926,,531731,0,0,0,1,0,South,2006/2007,SH 3,JOHNSTON ROAD,,Non-Injury Crash,Yes,2006,0,South,0,0,0,Hill Road,0,,0,,0,Overcast,1011100,0,0,0,3,0,0,0,0,0,,0,0,Waikato Region,Nil,2-way,Sealed,0,0,0,0,100,0,None,0,0,,20,Waitomo District,Nil,0,0,0,1,0,0,Open,0,0,0,Heavy rain,Null
1766186,5908313,20927,,523402,0,,0,2,,North,2006/2007,GILBERT ROAD,BAIRDS ROAD,,Non-Injury Crash,No,2006,,South,,0,,Flat,,,,,,Overcast,697300,0,0,0,2,,,0,,,,,,Auckland Region,Nil,2-way,Sealed,,0,0,,50,,Off,0,0,,76,Auckland,Nil,,,,,0,0,Urban,0,,,Light rain,Null
1673894,6024795,20928,,504501,0,0,0,1,0,North,2005/2006,SH 12,PARORE WEST ROAD,,Non-Injury Crash,Yes,2006,0,South,1,0,0,Flat,0,,0,,0,Overcast,117400,0,0,0,2,0,0,0,0,0,,0,0,Northland Region,Nil,2-way,Sealed,0,0,0,0,100,0,None,0,0,,3,Kaipara District,Nil,0,0,0,0,1,0,Open,0,0,0,Fine,Null