X,Y,OBJECTID,advisorySpeed,areaUnitID,bicycle,bridge,bus,carStationWagon,cliffBank,crashDirectionDescription,crashFinancialYear,crashLocation1,crashLocation2,crashRoadSideRoad,crashSeverity,crashSHDescription,crashYear,debris,directionRoleDescription,ditch,fatalCount,fence,flatHill,guardRail,holiday,houseOrBuilding,intersection,kerb,light,meshblockId,minorInjuryCount,moped,motorcycle,NumberOfLanes,objectThrownOrDropped,otherObject,otherVehicleType,overBank,parkedVehicle,pedestrian,phoneBoxEtc,postOrPole,region,roadCharacter,roadLane,roadSurface,roadworks,schoolBus,seriousInjuryCount,slipOrFlood,speedLimit,strayAnimal,streetLight,suv,taxi,temporarySpeedLimit,tlaId,tlaName,trafficControl,trafficIsland,trafficSign,train,tree,truck,unknownVehicleType,urban,vanOrUtility,vehicle,waterRiver,weatherA,weatherB
1766366,5899721,20929,,524812,0,0,0,0,0,South,2008/2009,MAHIA ROAD,WEYMOUTH ROAD,,Non-Injury Crash,No,2009,0,South,0,0,0,Flat,0,,0,,0,Dark,774201,0,0,0,2,0,0,0,0,0,,1,0,Auckland Region,Nil,2-way,Sealed,0,0,0,0,50,0,On,0,0,,76,Auckland,Nil,0,0,0,0,0,0,Urban,1,0,0,Fine,Null
1774847,5446281,20930,,566800,0,0,0,2,0,East,2005/2006,CLOUSTON PARK ROAD,TOTARA PARK ROAD,,Non-Injury Crash,No,2006,0,West,0,0,0,Flat,0,,0,,0,Bright sun,1909700,0,0,0,2,0,0,0,0,1,,0,0,Wellington Region,Nil,2-way,Sealed,0,0,0,0,50,0,Null,0,0,,45,Upper Hutt City,Nil,0,0,0,0,0,0,Urban,0,0,0,Fine,Null
1799046,5798933,20931,,527914,0,,0,0,,East,2006/2007,RYBURN ROAD,FORKERT ROAD,,Serious Crash,No,2006,,East,,0,,Flat,,,,,,Bright sun,981001,0,0,0,2,,,0,,,,,,Waikato Region,Nil,2-way,Sealed,,0,1,,100,,None,1,0,,17,Waipa District,Nil,,,,,0,0,Open,1,,,Fine,Null
1756837,5918566,20932,,515600,0,,0,1,,Null,2006/2007,NEW NORTH ROAD,FLOWER ST,,Non-Injury Crash,No,2006,,West,,0,,Flat,,,,,,Bright sun,421000,0,0,0,2,,,0,,,,,,Auckland Region,Nil,2-way,Sealed,,0,0,,50,,Off,1,0,,76,Auckland,Nil,,,,,0,0,Urban,0,,,Fine,Null
1770207,5899071,20933,,523911,0,,0,2,,Null,2009/2010,CHALLEN CLOSE,GREAT SOUTH ROAD,,Non-Injury Crash,No,2009,,North,,0,,Flat,,,,,,Bright sun,768100,0,0,0,4,,,0,,,,,,Auckland Region,Nil,2-way,Sealed,,0,0,,50,,Off,0,0,,76,Auckland,Give way,,,,,0,0,Urban,0,,,Fine,Null
1756360,5920021,20934,,514000,0,,0,0,,West,2006/2007,WELLINGTON ST,HOWE ST,,Minor Crash,No,2006,,West,,0,,Hill Road,,,,,,Overcast,413002,1,0,1,2,,,0,,,,,,Auckland Region,Nil,2-way,Sealed,,0,0,,50,,Off,1,0,,76,Auckland,Nil,,,,,0,0,Urban,0,,,Light rain,Null
1749526,5915644,20935,,514801,0,0,0,1,0,South,2005/2006,MAPLE ST,AVONDALE ROAD,,Non-Injury Crash,No,2006,0,North,0,0,0,Flat,0,,0,,0,Overcast,388401,0,0,0,2,0,0,0,0,0,,0,0,Auckland Region,Nil,2-way,Sealed,0,0,0,0,50,0,Off,0,0,,76,Auckland,Nil,0,0,0,1,0,0,Urban,0,0,0,Light rain,Null
1318475,4983587,20936,,608302,0,0,0,1,0,North,2006/2007,TUCKER HILL ROAD,LITTLE VALLEY ROAD,,Serious Crash,No,2006,0,North,0,0,0,Hill Road,0,,0,,0,Overcast,3021900,1,0,0,2,0,0,0,1,0,,0,0,Otago Region,Nil,2-way,Unsealed,0,0,1,0,50,0,Null,0,0,,69,Central Otago District,Unknown,0,0,0,0,0,0,Urban,0,0,0,Fine,Null
1742859,5912616,20937,,512902,0,0,0,1,0,North,2006/2007,WEST COAST ROAD,KAURI LOOP ROAD N,,Non-Injury Crash,No,2006,0,East,0,0,0,Hill Road,0,,0,,0,Dark,279300,0,0,0,2,0,0,0,0,0,,0,0,Auckland Region,Nil,2-way,Sealed,0,0,0,0,50,0,On,0,0,,76,Auckland,Nil,0,0,0,1,0,0,Urban,0,0,0,Light rain,Null
1773896,5577096,20938,,556300,0,,0,2,,Null,2005/2006,SH 3,JACKSON ST,,Non-Injury Crash,Yes,2006,,North,,0,,Flat,,,,,,Overcast,1723800,0,0,0,2,,,0,,,,,,Manawatū-Whanganui Region,Nil,2-way,Sealed,,0,0,,50,,Null,0,0,,37,Whanganui District,Give way,,,,,0,0,Urban,0,,,Light rain,Null
1877262,5779564,20939,,538863,0,0,0,1,0,West,2005/2006,DANSEY ROAD,TARUKENGA ROAD,,Minor Crash,No,2006,0,West,0,0,1,Hill Road,0,Christmas New Year,0,,0,Dark,1265308,1,0,0,2,0,0,0,1,0,,0,0,Bay of Plenty Region,Nil,2-way,Sealed,0,0,0,0,100,0,None,0,0,,24,Rotorua District,Unknown,0,0,0,0,0,0,Open,0,0,0,Fine,Null
1791835,5507282,20940,,564021,0,0,0,1,0,North,2006/2007,SH 1N,WAITARERE BEACH ROAD,,Minor Crash,Yes,2006,0,South,0,0,1,Flat,0,,0,,0,Overcast,1854901,1,0,0,2,0,0,0,0,0,,0,0,Manawatū-Whanganui Region,Nil,2-way,Sealed,0,0,0,0,100,0,Null,0,0,,42,Horowhenua District,Nil,0,0,0,0,1,0,Open,0,0,0,Fine,Null
1747165,5921983,20941,,512202,0,,0,1,,South,2009/2010,TE ATATU ROAD,BRENNAN AVENUE,,Non-Injury Crash,No,2009,,North,,0,,Flat,,,,,,Bright sun,248600,0,0,0,2,,,0,,,,,,Auckland Region,Nil,2-way,Sealed,,0,0,,50,,Off,1,0,,76,Auckland,Nil,,,,,0,0,Urban,0,,,Fine,Null
1748220,5913430,20942,,511100,1,,0,1,,Null,2005/2006,RUA ROAD,EASTGLEN ROAD,,Serious Crash,No,2006,,North,,0,,Hill Road,,,,,,Bright sun,287000,0,0,0,2,,,0,,,,,,Auckland Region,Nil,2-way,Sealed,,0,1,,50,,Null,0,0,,76,Auckland,Give way,,,,,0,0,Urban,0,,,Fine,Null
1869576,5720336,20943,,541312,0,,0,1,,West,2005/2006,WAIRAKEI DRIVE,KARETOTO ROAD,,Minor Crash,No,2006,,West,,0,,Flat,,,,,,Twilight,1278500,2,0,0,2,,,0,,,,,,Waikato Region,Nil,2-way,Sealed,,0,0,,100,,Off,1,0,30,21,Taupo District,Unknown,,,,,0,0,Open,0,,,Fine,Null
1766905,5907787,20944,,523501,0,,0,2,,South,2006/2007,BAIRDS ROAD,HAYMAN ST,,Non-Injury Crash,No,2006,,North,,0,,Flat,,,,,,Overcast,700602,0,0,0,2,,,0,,,,,,Auckland Region,Nil,2-way,Sealed,,0,0,,50,,Off,0,0,,76,Auckland,Nil,,,,,0,0,Urban,0,,,Fine,Null
1765455,5907125,20945,,522201,0,,0,2,,Null,2008/2009,GREAT SOUTH ROAD,SHIRLEY ROAD,,Non-Injury Crash,No,2009,,North,,0,,Flat,,,,,,Overcast,662300,0,0,0,5,,,0,,,,,,Auckland Region,Nil,2-way,Sealed,,0,0,,50,,Null,0,0,,76,Auckland,Traffic Signals,,,,,0,0,Urban,0,,,Fine,Null
1406506,4916874,20946,,603100,0,,0,4,,North,2006/2007,SH 1S,STUART ST,,Minor Crash,Yes,2006,,North,,0,,Flat,,,,,,Bright sun,2901000,1,0,0,2,,,0,,,,,,Otago Region,Nil,1-way,Sealed,,0,0,,50,,Null,0,0,,71,Dunedin City,Unknown,,,,,0,0,Urban,0,,,Fine,Null
1782896,5865322,20947,,527210,0,0,0,1,0,South,2006/2007,SH 1N,DRAG WAY,,Non-Injury Crash,Yes,2006,0,North,0,0,1,Flat,0,,0,,0,Overcast,935600,0,0,0,4,0,0,0,0,0,,0,0,Waikato Region,Nil,2-way,Sealed,0,0,0,1,100,0,Null,0,0,,13,Waikato District,Unknown,0,0,0,0,0,0,Open,0,0,0,Heavy rain,Null
1749944,5954762,20948,45,506613,0,,0,1,,West,2005/2006,WERANUI ROAD,WAIWERA OBR,,Non-Injury Crash,No,2006,,East,,0,,Flat,,,,,,Overcast,147000,0,0,0,1,,,0,,,,,,Auckland Region,Nil,2-way,Unsealed,,0,0,,100,,None,1,0,,76,Auckland,Nil,,,,,0,0,Open,0,,,Fine,Null
2035442,5708106,20949,,544400,0,0,0,1,0,North,2008/2009,STANLEY ROAD,SH 35,,Non-Injury Crash,No,2009,0,North,0,0,0,Flat,0,,0,,0,Bright sun,1375803,0,0,0,2,0,0,0,0,1,,0,0,Gisborne Region,Nil,2-way,Sealed,0,0,0,0,50,0,Null,0,0,,28,Gisborne District,Nil,0,0,0,0,0,0,Urban,1,0,0,Fine,Null
1957720,5769405,20950,,542561,0,0,0,1,0,South,2006/2007,HODGES ROAD,WAIMANA ROAD,,Serious Crash,No,2006,0,North,1,0,1,Flat,0,Labour Weekend,0,,0,Dark,1295700,0,0,0,2,0,0,0,0,0,,0,0,Bay of Plenty Region,Nil,2-way,Sealed,0,0,1,0,100,0,None,0,0,,25,Whakatane District,Nil,0,0,0,0,0,0,Open,0,0,0,Fine,Null
1764528,5910212,20951,,521801,0,,0,2,,Null,2005/2006,PRINCES ST,HUTTON ST,,Non-Injury Crash,No,2006,,East,,0,,Flat,,,,,,Bright sun,787500,0,0,0,2,,,0,,,,,,Auckland Region,Nil,2-way,Sealed,,0,0,,50,,Off,0,0,,76,Auckland,Stop,,,,,0,0,Urban,0,,,Fine,Null
1759569,5917047,20952,,516102,0,,0,2,,Null,2008/2009,REMUERA ROAD,MARKET ROAD,,Non-Injury Crash,No,2009,,West,,0,,Flat,,,,,,Bright sun,484900,0,0,0,2,,,0,,,,,,Auckland Region,Nil,2-way,Sealed,,0,0,,50,,Null,0,0,,76,Auckland,Traffic Signals,,,,,0,0,Urban,0,,,Fine,Null
1817647,5803368,20953,,527503,0,,0,2,,East,2006/2007,QUEEN ST,ALBERT ST,,Minor Crash,No,2006,,West,,0,,Flat,,,,,,Bright sun,963100,1,0,0,2,,,0,,,,,,Waikato Region,Nil,2-way,Sealed,,0,0,,50,,Off,0,0,,17,Waipa District,Nil,,,,,0,0,Urban,0,,,Fine,Null
1765337,5904806,20954,,522400,0,0,0,1,0,West,2009/2010,PUHINUI ROAD,WALLACE ROAD,,Non-Injury Crash,No,2009,0,West,0,0,1,Flat,0,,0,,0,Dark,673303,0,0,0,2,0,0,0,0,0,,0,0,Auckland Region,Nil,2-way,Sealed,0,0,0,0,50,0,On,0,0,,76,Auckland,Nil,0,0,0,0,0,0,Urban,0,0,0,Light rain,Null
1737905,5929274,20955,,505602,0,,0,0,,East,2006/2007,SH 16,ORAHA ROAD,,Serious Crash,Yes,2006,,East,,0,,Flat,,,,,,Dark,214900,0,0,1,2,,,0,,,,,,Auckland Region,Nil,2-way,Sealed,,0,1,,60,,On,0,0,,76,Auckland,Nil,,,,,1,0,Urban,0,,,Fine,Null
1759524,5925350,20956,,508110,0,,0,2,,North,2009/2010,LAKE ROAD,BARDIA ST,,Non-Injury Crash,No,2009,,North,,0,,Flat,,,,,,Bright sun,320700,0,0,0,2,,,0,,,,,,Auckland Region,Nil,2-way,Sealed,,0,0,,50,,Null,0,0,,76,Auckland,Unknown,,,,,0,0,Urban,0,,,Fine,Null
1783610,5763283,20957,,531720,0,1,0,1,0,South,2005/2006,TUMUTUMU ROAD,TE ANGA ROAD,,Minor Crash,No,2006,0,North,0,0,0,Flat,0,,0,,0,Dark,1019800,1,0,0,2,0,0,0,0,0,,0,0,Waikato Region,Bridge,1-way,Sealed,0,0,0,0,100,0,None,0,0,,20,Waitomo District,Unknown,0,0,0,0,0,0,Open,0,0,0,Fine,Null
1754907,5879750,20958,,521152,0,,0,2,,Null,2005/2006,GLENBROOK-WAIUKU ROAD,MISSION BUSH ROAD,,Minor Crash,No,2006,,North,,0,,Flat,,,,,,Overcast,834300,1,0,0,2,,,0,,,,,,Auckland Region,Nil,2-way,Sealed,,0,0,,100,,Off,0,0,,76,Auckland,Give way,,,,,0,0,Open,0,,,Mist or Fog,Null
1763722,5912633,20959,,520500,0,,0,1,,North,2009/2010,SH 1N,MT WGTN OBR,,Non-Injury Crash,Yes,2009,,North,,0,,Flat,,,,,,Bright sun,637300,0,0,0,3,,,0,,,,,,Auckland Region,Nil,1-way,Sealed,,0,0,,100,,Off,0,0,,76,Auckland,Nil,,,,,1,0,Open,0,,,Fine,Null
2036677,5710431,20960,,544200,0,,0,1,,West,2005/2006,ORMOND ROAD,KENNEDY ST,,Minor Crash,No,2006,,North,,0,,Flat,,Easter,,,,Dark,1379000,2,0,0,2,,,0,,,,,,Gisborne Region,Nil,2-way,Sealed,,0,0,,50,,On,1,0,,28,Gisborne District,Nil,,,,,0,0,Urban,0,,,Light rain,Null
1718477,6045561,20961,,503000,1,,0,1,,North,2006/2007,SH 1N,FOURTH AVENUE,,Minor Crash,Yes,2006,,North,,0,,Hill Road,,Labour Weekend,,,,Overcast,98400,2,0,0,2,,,0,,,,,,Northland Region,Nil,2-way,Sealed,,0,0,,50,,None,0,0,,2,Whangarei District,Nil,,,,,0,0,Urban,0,,,Fine,Null
1884554,5773095,20962,,540520,0,0,0,2,0,South,2005/2006,RANOLF ST,MALFROY ROAD,,Non-Injury Crash,No,2006,0,South,0,0,0,Flat,0,,0,,0,Dark,1239300,0,0,0,2,0,0,0,0,1,,0,0,Bay of Plenty Region,Nil,2-way,Sealed,0,0,0,0,50,0,On,0,0,,24,Rotorua District,Unknown,0,0,0,0,0,0,Urban,0,0,0,Fine,Null
1761400,5435472,20963,,568602,0,,0,1,,South,2008/2009,WAIWHETU ROAD,ST RONANS AVENUE,,Non-Injury Crash,No,2009,,North,,0,,Flat,,,,,,Dark,1971500,0,0,0,2,,,0,,,,,,Wellington Region,Nil,2-way,Sealed,,0,0,,50,,On,0,0,,46,Lower Hutt City,Nil,,,,,0,0,Urban,1,,,Light rain,Null
1923282,5779067,20964,,542600,0,0,0,1,1,North,2005/2006,SH 34,VALLEY ROAD,,Minor Crash,Yes,2006,0,South,0,0,0,Hill Road,0,,0,,0,Dark,1326112,1,0,0,2,0,0,0,0,0,,0,0,Bay of Plenty Region,Nil,2-way,Sealed,0,0,0,0,100,0,None,0,0,,26,Kawerau District,Unknown,0,0,0,0,0,0,Open,0,0,0,Mist or Fog,Null
1764579,5439813,20965,,568201,0,0,0,1,0,Null,2005/2006,HIGH ST,COOPER ST,,Minor Crash,No,2006,0,East,0,0,0,Flat,0,,0,,1,Overcast,1935800,1,0,0,2,0,0,0,0,0,,0,0,Wellington Region,Nil,2-way,Sealed,0,0,0,0,50,0,Null,0,0,,46,Lower Hutt City,Give way,0,0,0,0,0,0,Urban,1,0,0,Light rain,Null
1806840,5822248,20966,,527125,0,,0,0,,North,2005/2006,SH 1B,AMBER LANE,,Minor Crash,Yes,2006,,South,,0,,Flat,,,,,,Overcast,954801,1,0,0,2,,,0,,,,,,Waikato Region,Nil,2-way,Sealed,,0,0,,100,,Null,1,0,,13,Waikato District,Unknown,,,,,1,0,Open,0,,,Mist or Fog,Null
1931999,5601146,20967,,548810,0,0,0,1,0,East,2008/2009,UPHAM ST,ELLIOTT CRESCENT,,Non-Injury Crash,No,2009,0,West,0,0,0,Flat,0,,0,,0,Dark,1505500,0,0,0,2,0,0,0,0,1,,0,0,Hawke's Bay Region,Nil,2-way,Sealed,0,0,0,0,50,0,On,0,0,,30,Hastings District,Nil,0,0,0,0,0,0,Urban,1,0,0,Fine,Null
1762190,5913669,20968,,520401,0,1,0,0,0,Null,2006/2007,SH 1N,PENROSE OBR,,Non-Injury Crash,Yes,2006,0,South,0,0,0,Flat,0,,0,,0,Bright sun,644300,0,0,0,3,0,0,0,0,0,,0,0,Auckland Region,Nil,1-way,Sealed,0,0,0,0,100,0,Off,0,0,,76,Auckland,Nil,0,0,0,0,1,0,Open,0,0,0,Fine,Null
1745131,5969564,20969,,506613,0,0,0,1,0,West,2006/2007,WOODCOCKS ROAD,CARRAN ROAD,,Serious Crash,No,2006,0,West,1,0,0,Flat,0,,0,,0,Dark,145800,0,0,0,2,0,0,0,0,0,,0,0,Auckland Region,Nil,2-way,Sealed,0,0,1,0,100,0,None,0,0,,76,Auckland,Nil,0,0,0,0,0,0,Open,0,0,0,Fine,Null
1745868,5925172,20970,,513522,0,0,0,2,0,South,2005/2006,HOBSONVILLE ROAD,MARINA VIEW DRIVE,,Minor Crash,No,2006,0,South,0,0,0,Flat,0,,0,,0,Dark,224104,1,0,0,2,0,0,0,0,1,,0,0,Auckland Region,Nil,2-way,Sealed,0,0,0,0,50,0,On,0,0,,76,Auckland,Nil,0,0,0,0,0,0,Urban,0,0,0,Fine,Null
1571120,5181287,20971,,592600,0,,0,2,,Null,2009/2010,BEALEY AVENUE,MADRAS ST,,Minor Crash,No,2009,,East,,0,,Flat,,,,,,Twilight,2694804,1,0,0,4,,,0,,,,,,Canterbury Region,Nil,2-way,Sealed,,0,0,,50,,Off,0,0,,60,Christchurch City,Traffic Signals,,,,,0,0,Urban,0,,,Fine,Null
1757593,5920476,20972,,514103,0,0,1,1,0,East,2006/2007,KITCHENER ST,COURTHOUSE LANE,,Non-Injury Crash,No,2006,0,East,0,0,0,Flat,0,,0,,0,Dark,437702,0,0,0,2,0,0,0,0,1,,0,0,Auckland Region,Nil,2-way,Sealed,0,0,0,0,50,0,On,0,0,,76,Auckland,Nil,0,0,0,0,0,0,Urban,0,0,0,Light rain,Null
1738718,5918365,20973,,513102,0,,0,1,,East,2005/2006,SCENIC DRIVE,PUKETAHA ROAD,,Non-Injury Crash,No,2006,,East,,0,,Hill Road,,,,,,Dark,237302,0,0,0,2,,,0,,,,,,Auckland Region,Nil,2-way,Sealed,,0,0,,50,,None,0,0,,76,Auckland,Nil,,,,,0,0,Urban,0,,,Fine,Null
1756760,5919874,20974,,514102,0,,0,1,,Null,2005/2006,UNION ON WBD,UNION ST,,Non-Injury Crash,Yes,2006,,East,,0,,Flat,,,,,,Bright sun,434802,0,0,0,2,,,0,,,,,,Auckland Region,Motorway ramp,2-way,Sealed,,0,0,,50,,Off,0,0,,76,Auckland,Traffic Signals,,,,,0,0,Urban,1,,,Fine,Null
1756112,5917645,20975,,518102,0,,1,1,,South,2009/2010,DOMINION ROAD,BELLEVUE ROAD,,Non-Injury Crash,No,2009,,South,,0,,Flat,,,,,,Dark,545900,0,0,0,1,,,0,,,,,,Auckland Region,Nil,2-way,Sealed,,0,0,,50,,On,0,0,,76,Auckland,Nil,,,,,0,0,Urban,0,,,Light rain,Null
1759421,5914159,20976,,519300,0,,0,2,,West,2005/2006,CAMPBELL ROAD,RAWHITI ROAD,,Non-Injury Crash,No,2006,,West,,0,,Flat,,,,,,Bright sun,624900,0,0,0,2,,,0,,,,,,Auckland Region,Nil,2-way,Sealed,,0,0,,50,,Off,0,0,,76,Auckland,Nil,,,,,0,0,Urban,0,,,Fine,Null
1568500,5181164,20977,,589300,0,,0,1,,Null,2005/2006,FENDALTON ROAD,HOLMWOOD ROAD,,Minor Crash,No,2006,,East,,0,,Flat,,,,,,Bright sun,2545901,1,0,1,4,,,0,,,,,,Canterbury Region,Nil,2-way,Sealed,,0,0,,50,,Null,0,0,,60,Christchurch City,Give way,,,,,0,0,Urban,0,,,Fine,Null
1762340,5913409,20978,,520402,0,,0,2,,South,2006/2007,SH 1N,PENROSE OBR,,Non-Injury Crash,Yes,2006,,South,,0,,Hill Road,,,,,,Overcast,642200,0,0,0,4,,,0,,,,,,Auckland Region,Nil,1-way,Sealed,,0,0,,100,,Off,0,0,,76,Auckland,Nil,,,,,0,0,Open,0,,,Light rain,Null
1571755,5180286,20979,,591700,0,,0,1,,Null,2006/2007,FITZGERALD AVENUE,GLOUCESTER ST,,Minor Crash,No,2006,,East,,0,,Flat,,,,,,Overcast,2657500,1,1,0,6,,,0,,,,,,Canterbury Region,Nil,2-way,Sealed,,0,0,,50,,Null,0,0,,60,Christchurch City,Traffic Signals,,,,,0,0,Urban,0,,,Heavy rain,Null
1855775,5851015,20980,,534100,0,0,0,1,0,North,2005/2006,SH 2,MATHERS ROAD,,Minor Crash,Yes,2006,0,South,0,0,0,Hill Road,0,,0,,0,Bright sun,1083602,1,0,0,2,0,0,0,1,0,,0,0,Bay of Plenty Region,Nil,2-way,Sealed,0,0,0,0,100,0,Null,0,0,,22,Western Bay of Plenty District,Unknown,0,0,0,0,0,0,Open,0,0,1,Fine,Null
1753626,5918317,20981,,515002,0,,0,2,,West,2006/2007,SH 16,ST LUKES OBR,,Non-Injury Crash,Yes,2006,,East,,0,,Flat,,,,,,Bright sun,390501,0,0,0,3,,,0,,,,,,Auckland Region,Nil,1-way,Sealed,,0,0,,100,,Off,0,0,,76,Auckland,Nil,,,,,0,0,Open,0,,,Fine,Null
1804367,5789189,20982,,531004,0,0,0,1,0,West,2006/2007,SH 3,TURERE LANE,,Minor Crash,Yes,2006,0,South,0,0,1,Hill Road,0,,0,,0,Dark,975404,1,0,0,2,0,0,0,0,1,,0,1,Waikato Region,Nil,2-way,Sealed,0,0,0,0,50,0,None,0,0,,17,Waipa District,Nil,0,0,0,0,1,0,Urban,0,0,0,Fine,Null
1748781,5428015,20983,,573000,0,,0,2,,Null,2005/2006,HUNTER ST,CUSTOMHOUSE QUAY,,Serious Crash,No,2006,,East,,0,,Flat,,Queens Birthday,,,,Dark,2125800,0,0,0,2,,,0,,,,,,Wellington Region,Nil,2-way,Sealed,,0,1,,50,,On,0,1,,47,Wellington City,Traffic Signals,,,,,0,0,Urban,0,,,Fine,Null
1569447,5178880,20984,,594700,0,,0,1,,Null,2006/2007,HARMAN ST,SELWYN ST,,Minor Crash,No,2006,,West,,0,,Flat,,,,,,Dark,2658400,1,0,0,2,,,0,,,,,,Canterbury Region,Nil,2-way,Sealed,,0,0,,50,,On,1,0,,60,Christchurch City,Give way,,,,,0,0,Urban,0,,,Fine,Null
1770324,5911308,20985,,523113,0,,0,2,,Null,2006/2007,TI RAKAU DRIVE,TE IRIRANGI DRIVE,,Non-Injury Crash,No,2006,,North,,0,,Flat,,,,,,Bright sun,711716,0,0,0,6,,,0,,,,,,Auckland Region,Nil,2-way,Sealed,,0,0,,50,,Null,0,0,,76,Auckland,Traffic Signals,,,,,0,0,Urban,0,,,Fine,Null
1763240,5915923,20986,,520302,0,,0,2,,South,2005/2006,LUNN AVENUE,ABBOTTS WAY,,Non-Injury Crash,No,2006,,North,,0,,Flat,,,,,,Bright sun,625400,0,0,0,2,,,0,,,,,,Auckland Region,Nil,2-way,Sealed,,0,0,,50,,Off,0,0,,76,Auckland,Nil,,,,,0,0,Urban,0,,,Fine,Null
1767941,5913679,20987,,523000,0,,0,2,,North,2008/2009,PAKURANGA ROAD,GLENMORE ROAD,,Non-Injury Crash,No,2009,,South,,0,,Flat,,,,,,Bright sun,690700,0,0,0,2,,,0,,,,,,Auckland Region,Nil,2-way,Sealed,,0,0,,50,,Null,0,0,,76,Auckland,Traffic Signals,,,,,0,0,Urban,0,,,Fine,Null
1819421,5542506,20988,,561901,0,,0,1,,North,2005/2006,SH 54,CAMPBELL ROAD,,Minor Crash,Yes,2006,,South,,0,,Flat,,,,,,Bright sun,1793800,1,0,1,2,,,0,,,,,,Manawatū-Whanganui Region,Nil,2-way,Sealed,,0,0,,100,,Null,0,0,,39,Manawatu District,Nil,,,,,0,0,Open,0,,,Fine,Null
1750185,5431065,20989,,574500,1,,0,1,,West,2006/2007,HUTT ROAD,RANGIORA AVENUE,,Minor Crash,No,2006,,South,,0,,Flat,,,,,,Overcast,2093400,1,0,0,3,,,0,,,,,,Wellington Region,Nil,2-way,Sealed,,0,0,,70,,Null,0,0,,47,Wellington City,Nil,,,,,0,0,Urban,0,,,Fine,Null
1768198,5902412,20990,,525001,0,,0,2,,South,2005/2006,GREAT SOUTH ROAD,ORAMS ROAD,,Non-Injury Crash,No,2006,,South,,0,,Flat,,,,,,Dark,750800,0,0,0,2,,,0,,,,,,Auckland Region,Nil,2-way,Sealed,,0,0,,50,,On,0,0,,76,Auckland,Traffic Signals,,,,,0,0,Urban,0,,,Fine,Null
1760203,5920018,20991,,516400,0,0,0,1,0,West,2005/2006,TAMAKI DRIVE,NGAPIPI ROAD,,Minor Crash,No,2006,0,West,0,0,0,Flat,0,,0,,0,Bright sun,455000,1,0,0,4,0,0,0,0,0,,0,0,Auckland Region,Nil,2-way,Sealed,0,0,0,0,50,0,Off,0,0,,76,Auckland,Nil,0,0,0,1,0,0,Urban,0,0,0,Fine,Null
1741499,5918937,20992,,513101,0,,0,1,,Null,2005/2006,NORTH CANDIA ROAD,SWANSON ROAD,,Non-Injury Crash,No,2006,,West,,0,,Flat,,,,,,Overcast,238200,0,0,0,2,,,0,,,,,,Auckland Region,Nil,2-way,Sealed,,0,0,,70,,Off,0,0,,76,Auckland,Give way,,,,,0,0,Urban,1,,,Light rain,Null
1710652,5616319,20993,,554020,0,,0,1,,West,2005/2006,SH 3,GLADSTONE ST,,Non-Injury Crash,Yes,2006,,West,,0,,Flat,,,,,,Bright sun,1646500,0,0,0,2,,,0,,,,,,Taranaki Region,Nil,2-way,Sealed,,0,0,,50,,Null,0,0,,35,South Taranaki District,Nil,,,,,0,0,Urban,1,,,Fine,Null
1835477,5861169,20994,,534300,1,,0,1,,Null,2005/2006,SH 2,OPUKEKO ROAD,,Minor Crash,Yes,2006,,South,,0,,Flat,,,,,,Overcast,1075603,1,0,0,2,,,0,,,,,,Waikato Region,Nil,2-way,Sealed,,0,0,,100,,Null,0,0,,12,Hauraki District,Nil,,,,,0,0,Open,0,,,Fine,Null
1816350,5803582,20995,,527502,0,0,0,1,0,East,2006/2007,SH 1N,HALL ST,,Fatal Crash,Yes,2006,0,East,0,1,0,Flat,0,,0,,0,Overcast,964200,0,0,0,2,0,0,0,0,0,,0,0,Waikato Region,Nil,2-way,Sealed,0,0,0,0,50,0,Off,0,0,,17,Waipa District,Nil,0,0,0,1,0,0,Urban,0,0,0,Fine,Null
1800299,5816430,20996,,529700,0,,0,3,,Null,2005/2006,VICTORIA ST,MILL ST,,Minor Crash,No,2006,,North,,0,,Flat,,Queens Birthday,,,,Dark,909302,1,0,0,4,,,0,,,,,,Waikato Region,Nil,2-way,Sealed,,0,0,,50,,On,0,0,,16,Hamilton City,Traffic Signals,,,,,0,0,Urban,0,,,Fine,Null
1460321,5082147,20997,,599500,0,,0,2,,Null,2006/2007,NORTH ST,GREY ROAD,,Minor Crash,No,2006,,West,,0,,Flat,,,,,,Overcast,2794800,1,0,0,2,,,0,,,,,,Canterbury Region,Nil,2-way,Sealed,,0,0,,50,,Null,0,0,,64,Timaru District,Stop,,,,,0,0,Urban,0,,,Fine,Null
1863214,5828658,20998,50,536620,0,0,0,1,0,South,2006/2007,TURNTABLE HILL ROAD,MOUNTIER ROAD,,Minor Crash,No,2006,0,South,0,0,1,Hill Road,0,,0,,0,Dark,1186000,1,0,0,2,0,0,0,0,0,,0,0,Bay of Plenty Region,Nil,2-way,Unsealed,0,0,0,0,100,0,None,0,0,,22,Western Bay of Plenty District,Unknown,0,0,0,0,0,0,Open,0,0,0,Fine,Null
1758292,5927784,20999,,508010,0,,0,1,,Null,2006/2007,HURSTMERE ROAD,EARNOCH AVENUE,,Minor Crash,No,2006,,North,,0,,Flat,,,,,,Dark,326700,1,0,0,2,,,0,,,,,,Auckland Region,Nil,2-way,Sealed,,0,0,,50,,On,0,0,,76,Auckland,Give way,,,,,0,0,Urban,1,,,Fine,Null