X,Y,OBJECTID,advisorySpeed,areaUnitID,bicycle,bridge,bus,carStationWagon,cliffBank,crashDirectionDescription,crashFinancialYear,crashLocation1,crashLocation2,crashRoadSideRoad,crashSeverity,crashSHDescription,crashYear,debris,directionRoleDescription,ditch,fatalCount,fence,flatHill,guardRail,holiday,houseOrBuilding,intersection,kerb,light,meshblockId,minorInjuryCount,moped,motorcycle,NumberOfLanes,objectThrownOrDropped,otherObject,otherVehicleType,overBank,parkedVehicle,pedestrian,phoneBoxEtc,postOrPole,region,roadCharacter,roadLane,roadSurface,roadworks,schoolBus,seriousInjuryCount,slipOrFlood,speedLimit,strayAnimal,streetLight,suv,taxi,temporarySpeedLimit,tlaId,tlaName,trafficControl,trafficIsland,trafficSign,train,tree,truck,unknownVehicleType,urban,vanOrUtility,vehicle,waterRiver,weatherA,weatherB
1748564,5428123,21000,,573000,0,,0,1,,North,2005/2006,THE TERRACE,EVERTON TERRACE,,Serious Crash,No,2006,,North,,0,,Hill Road,,,,,,Overcast,2126200,3,0,0,2,,,0,,,,,,Wellington Region,Nil,2-way,Sealed,,0,1,,50,,Null,0,1,,47,Wellington City,Nil,,,,,0,0,Urban,1,,,Fine,Null
1798089,5816149,21001,,528501,0,,0,2,,Null,2006/2007,FOREST LAKE ROAD,AVALON DRIVE,,Minor Crash,No,2006,,West,,0,,Flat,,,,,,Dark,905300,3,0,0,5,,,0,,,,,,Waikato Region,Nil,2-way,Sealed,,0,0,,50,,On,0,0,,16,Hamilton City,Traffic Signals,,,,,0,0,Urban,0,,,Fine,Null
1745284,5919554,21002,,513301,0,,0,2,,South,2006/2007,LINCOLN ROAD,UNIVERSAL DRIVE,,Non-Injury Crash,No,2006,,North,,0,,Flat,,,,,,Dark,232001,0,0,0,4,,,0,,,,,,Auckland Region,Nil,2-way,Sealed,,0,0,,50,,On,0,0,,76,Auckland,Nil,,,,,0,0,Urban,0,,,Fine,Null
1687488,6092884,21003,,501633,0,0,0,2,0,Null,2006/2007,SH 10,SH 11,,Minor Crash,Yes,2006,0,South,0,0,0,Flat,0,,0,,0,Dark,35800,2,0,0,2,0,0,0,0,0,,0,0,Northland Region,Nil,2-way,Sealed,0,0,0,0,100,0,On,0,0,,1,Far North District,Stop,0,1,0,0,0,0,Open,1,1,0,Fine,Null
1755494,5920597,21004,,515302,0,0,0,2,0,South,2005/2006,PONSONBY ROAD,JERVOIS ROAD,,Non-Injury Crash,No,2006,0,West,0,0,0,Flat,0,,0,,0,Bright sun,429500,0,0,0,1,0,0,0,0,1,,0,0,Auckland Region,Nil,1-way,Sealed,0,0,0,0,50,0,Off,0,0,,76,Auckland,Nil,0,0,0,0,0,0,Urban,0,0,0,Fine,Null
1800929,5811690,21005,,529300,0,,0,1,,South,2005/2006,SH 3,TOMIN ROAD,,Non-Injury Crash,Yes,2006,,South,,0,,Hill Road,,,,,,Dark,926700,0,0,0,2,,,0,,,,,,Waikato Region,Nil,2-way,Sealed,,0,0,,60,,On,0,0,,16,Hamilton City,Unknown,,,,,0,0,Urban,1,,,Mist or Fog,Null
1887283,5823944,21006,,536515,0,,0,2,,Null,2005/2006,RANGE ROAD,PAREWAITAI COURT,,Non-Injury Crash,No,2006,,South,,0,,Flat,,,,,,Bright sun,1205037,0,0,0,2,,,0,,,,,,Bay of Plenty Region,Nil,2-way,Sealed,,0,0,,50,,Null,0,0,,23,Tauranga City,Nil,,,,,0,0,Urban,0,,,Fine,Null
1746357,5909649,21007,,512000,0,0,0,1,0,East,2006/2007,HUIA ROAD,LAINGHOLM DRIVE,,Serious Crash,No,2006,0,North,1,0,0,Hill Road,0,,0,,0,Bright sun,297400,1,0,0,2,0,0,0,0,0,,0,0,Auckland Region,Nil,2-way,Sealed,0,0,1,0,70,0,Off,0,0,,76,Auckland,Nil,0,0,0,1,0,0,Urban,0,0,0,Fine,Null
1728653,6000138,21008,,505010,0,,0,2,,North,2005/2006,SH 1N,MOUNTAIN ROAD,,Minor Crash,Yes,2006,,South,,0,,Flat,,,,,,Overcast,134800,4,0,0,2,,,0,,,,,,Northland Region,Nil,2-way,Sealed,,0,0,,100,,None,1,0,,3,Kaipara District,Nil,,,,,0,0,Open,0,,,Light rain,Null
1949600,5792692,21009,55,542511,0,0,0,1,1,North,2006/2007,KEEPA ROAD,SH 30,,Minor Crash,No,2006,0,North,0,0,0,Flat,0,,0,,0,Dark,1297300,3,0,0,2,0,0,0,0,0,,0,0,Bay of Plenty Region,Nil,2-way,Sealed,0,0,0,0,80,0,None,0,0,,25,Whakatane District,Nil,0,0,0,0,0,0,Open,0,0,0,Fine,Null
1565499,5178615,21010,,587702,0,,0,2,,Null,2006/2007,SH 73 CURLETTS,LUNNS ROAD,,Minor Crash,Yes,2006,,North,,0,,Flat,,,,,,Overcast,2480501,1,0,0,2,,,0,,,,,,Canterbury Region,Nil,2-way,Sealed,,0,0,,70,,Null,0,0,,60,Christchurch City,Traffic Signals,,,,,0,0,Urban,1,,,Light rain,Null
1865627,5713535,21011,,541319,0,,0,2,,North,2005/2006,ACACIA BAY ROAD,JARDEN MILE,,Non-Injury Crash,No,2006,,South,,0,,Flat,,,,,,Bright sun,1279037,0,0,0,2,,,0,,,,,,Waikato Region,Nil,2-way,Sealed,,0,0,,100,,Null,0,0,,21,Taupo District,Nil,,,,,0,0,Open,0,,,Fine,Null
1749343,5969750,21012,,505500,0,,0,1,,Null,2005/2006,PULHAM ROAD,SOUTHGATE ROAD,,Minor Crash,No,2006,,South,,0,,Hill Road,,,,,,Bright sun,141006,2,0,0,2,,,0,,,,,,Auckland Region,Nil,2-way,Sealed,,0,0,,50,,Off,0,0,,76,Auckland,Nil,,,,,0,0,Urban,1,,,Fine,Null
1770046,5914693,21013,,522722,0,,0,1,,East,2006/2007,PAKURANGA ROAD,AVIEMORE DRIVE,,Non-Injury Crash,No,2006,,West,,0,,Hill Road,,,,,,Bright sun,681308,0,0,0,5,,,0,,,,,,Auckland Region,Nil,2-way,Sealed,,0,0,,60,,Off,0,0,,76,Auckland,Nil,,,,,0,0,Urban,1,,,Fine,Null
1789048,5755233,21014,,532000,0,,0,2,,Null,2006/2007,ALEXANDRA ST,TAUPIRI ST,,Non-Injury Crash,No,2006,,West,,0,,Flat,,,,,,Overcast,1007300,0,0,0,2,,,0,,,,,,Waikato Region,Nil,2-way,Sealed,,0,0,,50,,Off,0,0,,20,Waitomo District,Give way,,,,,0,0,Urban,0,,,Fine,Null
1821196,5528666,21015,,563000,0,0,0,1,0,Null,2006/2007,FERGUSON ST,COOK ST,,Serious Crash,No,2006,0,East,0,0,1,Flat,0,,0,,0,Overcast,1805900,0,0,0,2,0,0,0,0,0,,1,0,Manawatū-Whanganui Region,Nil,2-way,Sealed,0,0,1,0,50,0,Null,1,0,,40,Palmerston North City,Stop,0,1,0,0,0,0,Urban,0,0,0,Light rain,Null
1759078,5911796,21016,,519820,0,0,0,0,0,East,2005/2006,NEILSON ST,ONEHUNGA MALL,,Non-Injury Crash,No,2006,0,West,0,0,0,Hill Road,0,,0,,0,Overcast,602401,0,0,0,4,0,0,0,0,0,,0,1,Auckland Region,Nil,2-way,Sealed,0,0,0,0,50,0,Null,0,0,,76,Auckland,Unknown,1,0,0,0,0,0,Urban,1,0,0,Heavy rain,Null
1570882,5180281,21017,,591500,0,,1,0,,Null,2006/2007,MANCHESTER ST,GLOUCESTER ST,,Minor Crash,No,2006,,South,,0,,Flat,,,,,,Bright sun,2652600,1,0,0,2,,,0,,,1,,,Canterbury Region,Nil,2-way,Sealed,,0,0,,50,,Null,0,0,,60,Christchurch City,Traffic Signals,,,,,0,0,Urban,0,,,Fine,Null
1758932,5919555,21018,,515902,0,0,0,1,1,North,2006/2007,ST GEORGES BAY ROAD,PARNELL ROAD,,Non-Injury Crash,No,2006,0,North,0,0,0,Hill Road,0,,0,,0,Overcast,454400,0,0,0,2,0,0,0,0,0,,0,0,Auckland Region,Nil,2-way,Sealed,0,0,0,0,50,0,Off,0,0,,76,Auckland,Nil,0,0,0,0,0,0,Urban,0,0,0,Fine,Null
1769040,5911530,21019,,523112,0,0,0,1,0,Null,2006/2007,TI RAKAU DRIVE,HARRIS ROAD,,Non-Injury Crash,No,2006,1,West,0,0,0,Flat,0,,0,,0,Overcast,711404,0,0,0,4,0,0,0,0,0,,0,0,Auckland Region,Nil,2-way,Sealed,0,0,0,0,50,0,Off,0,0,,76,Auckland,Traffic Signals,0,0,0,0,0,0,Urban,0,0,0,Fine,Null
1406848,4917015,21020,,603100,0,,0,1,,Null,2005/2006,SH 88,ANZAC AVENUE,,Minor Crash,Yes,2006,,East,,0,,Flat,,,,,,Bright sun,2901600,1,0,0,2,,,0,,,1,,,Otago Region,Nil,2-way,Sealed,,0,0,,50,,Null,0,0,,71,Dunedin City,Traffic Signals,,,,,0,0,Urban,0,,,Fine,Null
1823563,5890894,21021,55,533604,0,0,0,0,1,North,2005/2006,SH 25,TARARU CREEK ROAD,,Minor Crash,Yes,2006,0,North,0,0,0,Flat,0,,0,,0,Twilight,1057201,1,0,0,2,0,0,0,0,0,,0,0,Waikato Region,Nil,2-way,Sealed,0,0,0,0,80,0,None,1,0,,11,Thames-Coromandel District,Nil,0,0,0,0,0,0,Open,0,0,0,Fine,Null
1749515,5918052,21022,,514801,0,0,0,1,0,East,2005/2006,SH 16,ROSEBANK OFF WBD,,Minor Crash,Yes,2006,0,West,0,0,0,Flat,1,,0,,0,Dark,390401,1,0,0,3,0,0,0,0,0,,0,0,Auckland Region,Nil,1-way,Sealed,0,0,0,0,100,0,On,0,0,,76,Auckland,Nil,0,0,0,0,0,0,Open,0,0,0,Fine,Null
1751274,5951043,21023,,505804,0,0,0,1,1,North,2005/2006,HIBISCUS COAST HIGHWAY,OLD NORTH ROAD,,Minor Crash,No,2006,0,North,1,0,0,Flat,0,,0,,0,Dark,170900,4,0,0,2,0,0,0,0,0,,0,0,Auckland Region,Nil,2-way,Sealed,0,0,0,0,70,0,None,0,0,,76,Auckland,Nil,0,0,0,0,0,0,Urban,0,0,0,Fine,Null
1754745,5920870,21024,,515301,0,,0,1,,West,2006/2007,JERVOIS ROAD,WANGANUI AVENUE,,Non-Injury Crash,No,2006,,West,,0,,Flat,,,,,,Dark,427500,0,0,0,4,,,0,,,,,,Auckland Region,Nil,2-way,Sealed,,0,0,,50,,On,0,1,,76,Auckland,Nil,,,,,0,0,Urban,1,,,Fine,Null
1761382,5907155,21025,,524520,0,0,0,1,0,North,2005/2006,HALSWELL ST,ASHLEY AVENUE,,Non-Injury Crash,No,2006,0,South,0,0,1,Flat,0,,0,,1,Bright sun,735800,0,0,0,2,0,0,0,0,0,,0,0,Auckland Region,Nil,2-way,Sealed,0,0,0,0,50,0,Off,0,0,,76,Auckland,Nil,0,0,0,0,0,0,Urban,0,0,0,Light rain,Null
1568669,5185324,21026,,591800,0,,0,2,,West,2006/2007,NORTHCOTE ROAD,FENCHURCH ST,,Minor Crash,No,2006,,East,,0,,Flat,,,,,,Bright sun,2665600,1,0,0,2,,,0,,,,,,Canterbury Region,Nil,2-way,Sealed,,0,0,,50,,Null,1,0,,60,Christchurch City,Unknown,,,,,0,0,Urban,0,,,Fine,Null
1773068,5895778,21027,,525410,0,,0,2,,Null,2005/2006,ONSLOW ROAD,KING EDWARD AVENUE,,Non-Injury Crash,No,2006,,West,,0,,Flat,,,,,,Overcast,793301,0,0,0,2,,,0,,,,,,Auckland Region,Nil,2-way,Sealed,,0,0,,50,,Off,0,0,,76,Auckland,Stop,,,,,0,0,Urban,0,,,Mist or Fog,Null
1755270,5929047,21028,,508420,0,,0,1,,North,2005/2006,WAIRAU ROAD,TRISTRAM AVENUE,,Non-Injury Crash,No,2006,,South,,0,,Flat,,,,,,Bright sun,183800,0,0,0,6,,,0,,,,,,Auckland Region,Nil,2-way,Sealed,,0,0,,50,,Off,0,0,,76,Auckland,Nil,,,,,0,0,Urban,1,,,Fine,Null
1790638,5839944,21029,,527402,0,0,0,2,0,South,2005/2006,SH 1N,TAINUI BRIDGE ROAD,,Minor Crash,Yes,2006,0,North,0,0,0,Flat,0,,0,,0,Dark,947100,1,0,0,2,0,0,0,0,0,,0,0,Waikato Region,Nil,2-way,Sealed,0,0,0,0,70,0,On,0,0,,13,Waikato District,Unknown,0,0,0,1,0,0,Urban,0,0,0,Fine,Null
1764962,5914710,21030,,520602,0,,0,2,,Null,2005/2006,PANMURE ROUNDABOUT,LAGOON DRIVE,,Non-Injury Crash,No,2006,,West,,0,,Flat,,,,,,Overcast,628700,0,0,0,3,,,0,,,,,,Auckland Region,Nil,1-way,Sealed,,0,0,,50,,Off,0,0,,76,Auckland,Give way,,,,,0,0,Urban,0,,,Fine,Null
1876574,5813593,21031,,536630,0,0,0,1,1,South,2005/2006,OROPI ROAD,WARNER ROAD,,Non-Injury Crash,No,2006,0,South,0,0,0,Hill Road,0,,0,,0,Dark,1193601,0,0,0,2,0,0,0,0,0,,0,0,Bay of Plenty Region,Nil,2-way,Sealed,0,0,0,0,100,0,None,0,0,,22,Western Bay of Plenty District,Unknown,0,0,0,1,0,0,Open,0,0,0,Fine,Null
1394733,4915237,21032,,606220,0,,0,2,,Null,2006/2007,SH 87,GLADSTONE ROAD NORTH,,Minor Crash,Yes,2006,,West,,0,,Flat,,,,,,Bright sun,2970300,1,0,0,6,,,0,,,,,,Otago Region,Nil,2-way,Sealed,,0,0,,50,,Null,0,0,,71,Dunedin City,Traffic Signals,,,,,0,0,Urban,0,,,Fine,Null
1683840,6009780,21033,,504501,0,,0,0,,South,2006/2007,POUTO ROAD,WEST ROAD,,Non-Injury Crash,No,2006,,North,,0,,Flat,,,,,,Bright sun,123600,0,0,0,2,,,0,,,,,,Northland Region,Nil,2-way,Sealed,,0,0,,100,,None,2,0,,3,Kaipara District,Nil,,,,,0,0,Open,0,,,Fine,Null
1572168,5178845,21034,,594500,0,,0,1,,Null,2006/2007,WILSONS ROAD,CHARLES ST,,Minor Crash,No,2006,,South,,0,,Flat,,,,,,Bright sun,2623900,1,0,1,2,,,0,,,,,,Canterbury Region,Nil,2-way,Sealed,,0,0,,50,,Null,0,0,,60,Christchurch City,Give way,,,,,0,0,Urban,0,,,Fine,Null
1761114,5911872,21035,,520000,0,,0,0,,East,2005/2006,NEILSON ST,EDINBURGH ST,,Minor Crash,No,2006,,North,,0,,Flat,,,,,,Overcast,607602,1,0,0,2,,,0,,,,,,Auckland Region,Nil,2-way,Sealed,,0,0,,50,,Off,1,0,,76,Auckland,Nil,,,,,1,0,Urban,0,,,Light rain,Null
1745687,5917004,21036,,510800,0,0,0,1,0,Null,2006/2007,VITASOVICH AVENUE,EDSEL ST,,Non-Injury Crash,No,2006,0,East,0,0,0,Flat,0,,0,,1,Overcast,243300,0,0,0,3,0,0,0,0,0,,0,0,Auckland Region,Nil,2-way,Sealed,0,0,0,0,50,0,Off,0,0,30,76,Auckland,Give way,0,0,0,0,0,0,Urban,0,0,0,Light rain,Null
1663227,6073572,21037,,500802,0,0,0,1,1,South,2006/2007,OTAUA ROAD,GRAHAM ROAD,,Minor Crash,No,2006,0,South,0,0,1,Flat,0,,0,,0,Dark,23300,1,0,0,1,0,0,0,0,0,,0,0,Northland Region,Nil,2-way,Unsealed,0,0,0,0,100,0,None,0,0,,1,Far North District,Nil,0,0,0,1,0,0,Open,0,0,0,Fine,Null
1774384,5896009,21038,,525510,0,0,0,0,0,Null,2006/2007,SETTLEMENT ROAD,HARPER ST,,Serious Crash,No,2006,0,West,0,0,0,Flat,0,,0,,0,Twilight,801002,1,0,0,2,0,0,0,0,1,,0,0,Auckland Region,Nil,2-way,Sealed,0,0,1,0,50,0,Off,0,0,,76,Auckland,Give way,0,0,0,0,2,0,Urban,0,0,0,Fine,Null
1879114,5819621,21039,,537900,0,,0,2,,South,2006/2007,SH 29,PARALLEL ACCESS,,Non-Injury Crash,Yes,2006,,North,,0,,Hill Road,,,,,,Dark,1179506,0,0,0,2,,,0,,,,,,Bay of Plenty Region,Nil,2-way,Sealed,,0,0,,50,,None,0,0,,23,Tauranga City,Unknown,,,,,0,0,Urban,0,,,Light rain,Null
1769817,5877706,21040,,521117,0,0,0,1,0,West,2005/2006,RAY WRIGHT ROAD,TUAKAU ROAD,,Minor Crash,No,2006,0,East,0,0,0,Hill Road,0,,0,,0,Bright sun,824601,1,0,0,2,0,0,0,1,0,,0,0,Auckland Region,Nil,2-way,Sealed,0,0,0,0,100,0,None,0,0,,76,Auckland,Nil,0,0,0,0,0,0,Open,0,0,0,Fine,Null
1566786,5187167,21041,,588402,0,0,0,1,0,Null,2005/2006,GARDINERS ROAD,STYX MILL ROAD,,Minor Crash,No,2006,0,West,0,0,0,Flat,0,Easter,0,,0,Twilight,2528503,1,0,0,2,0,0,0,0,0,,0,0,Canterbury Region,Nil,2-way,Sealed,0,0,0,0,80,0,On,0,0,,60,Christchurch City,Give way,0,0,0,1,0,0,Open,0,0,0,Fine,Null
1751565,5915247,21042,,514401,0,,0,2,,Null,2005/2006,NEW NORTH ROAD,BLOCKHOUSE BAY ROAD,,Non-Injury Crash,No,2006,,North,,0,,Hill Road,,,,,,Overcast,382600,0,0,0,4,,,0,,,,,,Auckland Region,Nil,2-way,Sealed,,0,0,,50,,Null,0,0,,76,Auckland,Traffic Signals,,,,,0,0,Urban,0,,,Light rain,Null
1754347,5925643,21043,,508610,0,0,0,2,0,East,2005/2006,PUPUKE ROAD,TUI GLEN ROAD,,Non-Injury Crash,No,2006,0,West,0,0,0,Flat,0,,0,,0,Bright sun,207701,0,0,0,2,0,0,0,0,1,,0,0,Auckland Region,Nil,2-way,Sealed,0,0,0,0,50,0,Off,0,0,,76,Auckland,Nil,0,0,0,0,0,0,Urban,0,0,0,Fine,Null
1790785,5843916,21044,,527402,0,0,0,1,0,South,2006/2007,SH 1N,EAST MINE ROAD,,Non-Injury Crash,Yes,2006,0,North,0,0,0,Flat,0,,0,,0,Dark,942900,0,0,0,2,0,0,0,0,0,,0,1,Waikato Region,Nil,2-way,Sealed,0,0,0,0,100,0,None,0,0,,13,Waikato District,Nil,0,0,0,0,0,0,Open,0,0,0,Fine,Null
1567210,5205184,21045,,586303,0,0,0,2,0,North,2005/2006,VICTORIA ST,QUEEN ST,,Minor Crash,No,2006,0,West,0,0,1,Flat,0,,0,,0,Overcast,2445700,1,0,0,2,0,0,0,0,0,,0,0,Canterbury Region,Nil,2-way,Sealed,0,0,0,0,50,0,Null,0,0,,59,Waimakariri District,Unknown,0,0,0,0,0,0,Urban,1,0,0,Fine,Null
1851428,5821140,21046,,534604,0,0,0,1,0,North,2006/2007,OLD TE AROHA ROAD,GOODWIN ROAD,,Non-Injury Crash,No,2006,0,North,0,0,0,Hill Road,0,,0,,0,Bright sun,1111200,0,0,0,2,0,0,0,0,0,,0,0,Waikato Region,Nil,2-way,Sealed,0,0,0,0,100,0,None,0,0,,15,Matamata-Piako District,Nil,0,0,0,0,0,0,Open,0,0,0,Fine,Null
1583646,5476665,21047,,581602,0,,0,0,,Null,2005/2006,SH 60,MOTUPIPI ST,,Serious Crash,Yes,2006,,North,,0,,Flat,,,,,,Dark,2345200,0,0,0,2,,,0,,,1,,,Tasman Region,Nil,2-way,Sealed,,0,1,,50,,On,0,0,,51,Tasman District,Give way,,,,,0,0,Urban,1,,,Light rain,Null
1750844,5926114,21048,,510020,0,0,0,1,0,Null,2005/2006,LYSANDER CRESCENT,RANGATIRA ROAD N,,Non-Injury Crash,No,2006,0,North,0,0,0,Flat,0,,0,,0,Dark,344702,0,0,0,2,0,0,0,0,0,,0,0,Auckland Region,Nil,2-way,Sealed,0,0,0,0,50,0,On,0,0,,76,Auckland,Nil,0,1,0,1,0,0,Urban,0,0,0,Fine,Null
1569765,5181277,21049,,592200,1,,0,1,,Null,2005/2006,BEALEY AVENUE,CARLTON MILL ROAD,,Minor Crash,No,2006,,East,,0,,Flat,,,,,,Overcast,2676500,1,0,0,2,,,0,,,,,,Canterbury Region,Nil,1-way,Sealed,,0,0,,50,,Null,0,0,,60,Christchurch City,Give way,,,,,0,0,Urban,0,,,Fine,Null
1749177,5942691,21050,,505806,0,0,0,0,0,North,2006/2007,EAST COAST ROAD,WILKS ROAD,,Non-Injury Crash,No,2006,0,North,0,0,0,Flat,0,,0,,0,Dark,176802,0,0,0,2,0,0,0,0,0,,0,0,Auckland Region,Nil,2-way,Sealed,0,0,0,0,100,0,None,0,0,,76,Auckland,Nil,0,0,0,0,0,0,Open,1,0,0,Fine,Null
1747180,5913794,21051,,511100,0,,0,2,,Null,2006/2007,WEST COAST ROAD,GLENVIEW ROAD,,Non-Injury Crash,No,2006,,East,,0,,Flat,,,,,,Overcast,286200,0,0,0,2,,,0,,,,,,Auckland Region,Nil,2-way,Sealed,,0,0,,50,,Off,0,0,,76,Auckland,Traffic Signals,,,,,0,0,Urban,0,,,Fine,Null
1768951,5881172,21052,,525910,0,,0,2,,Null,2006/2007,KING ST,EDINBURGH ST,,Non-Injury Crash,No,2006,,South,,0,,Flat,,Christmas New Year,,,,Bright sun,818900,0,0,0,2,,,0,,,,,,Auckland Region,Nil,2-way,Sealed,,0,0,,50,,Off,0,0,,76,Auckland,Nil,,,,,0,0,Urban,0,,,Fine,Null
1802958,5740154,21053,,531731,0,,0,1,,East,2005/2006,MANGAOKEWA ROAD W,SH 30,,Serious Crash,No,2006,,East,,0,,Hill Road,,,,,,Twilight,1011800,1,0,0,2,,,0,,,,,,Waikato Region,Nil,2-way,Unsealed,,0,1,,100,,None,0,0,,20,Waitomo District,Unknown,,,,,0,0,Open,1,,,Fine,Null
1694965,5676122,21054,,552300,0,,0,1,,North,2005/2006,MANGOREI ROAD,AWANUI ST,,Serious Crash,No,2006,,South,,0,,Hill Road,,,,,,Bright sun,1603000,0,0,0,2,,,0,,,1,,,Taranaki Region,Nil,2-way,Sealed,,0,1,,50,,Null,0,0,,33,New Plymouth District,Nil,,,,,0,0,Urban,0,,,Fine,Null
1797651,5501026,21055,,564012,0,0,0,1,0,East,2006/2007,MCDONALD ROAD,SH 57,,Minor Crash,No,2006,0,East,0,0,1,Flat,0,,0,,0,Dark,1858201,1,0,0,2,0,0,0,1,0,,0,0,Manawatū-Whanganui Region,Nil,2-way,Sealed,0,0,0,0,100,0,None,0,0,,42,Horowhenua District,Nil,0,0,0,0,0,0,Open,0,0,0,Light rain,Null
1756164,5926966,21056,,507900,0,,0,2,,North,2005/2006,NORTHCOTE ROAD,TAKAPUNA GOLF COURSE,,Non-Injury Crash,No,2006,,East,,0,,Flat,,,,,,Bright sun,303501,0,0,0,4,,,0,,,,,,Auckland Region,Nil,2-way,Sealed,,0,0,,50,,Off,0,0,,76,Auckland,Nil,,,,,0,0,Urban,0,,,Fine,Null
1757099,5919586,21057,,514103,0,0,0,2,0,East,2005/2006,CITY ROAD,QUEEN ST,,Non-Injury Crash,No,2006,0,East,0,0,0,Hill Road,0,,0,,0,Overcast,436401,0,0,0,2,0,0,0,0,1,,0,0,Auckland Region,Nil,2-way,Sealed,0,0,0,0,50,0,On,0,0,,76,Auckland,Nil,0,0,0,0,0,0,Urban,0,0,0,Fine,Null
1571775,5181510,21058,,592600,0,0,0,1,0,South,2005/2006,WHITMORE ST,AVALON ST,,Minor Crash,No,2006,0,North,0,0,0,Flat,0,,0,,0,Dark,2695300,1,0,0,3,0,0,0,0,0,,0,0,Canterbury Region,Nil,2-way,Sealed,0,0,0,0,50,0,On,0,0,,60,Christchurch City,Unknown,0,0,0,1,0,0,Urban,0,0,0,Fine,Null
1803271,5814958,21059,,530500,0,0,0,2,0,North,2005/2006,Z CPK THE WAREHOUSE,CLYDE ST,,Non-Injury Crash,No,2006,0,South,0,0,0,Flat,0,,0,,0,Bright sun,890400,0,0,0,0,0,0,0,0,1,,0,0,Waikato Region,Nil,Off road,Sealed,0,0,0,0,30,0,Off,0,0,,16,Hamilton City,Nil,0,0,0,0,0,0,Urban,0,0,0,Fine,Null
1879251,5819780,21060,,537900,0,,0,2,,Null,2006/2007,SH 29,WELCOME BAY ROAD,,Non-Injury Crash,Yes,2006,,West,,0,,Flat,,,,,,Bright sun,1179506,0,0,0,4,,,0,,,,,,Bay of Plenty Region,Nil,2-way,Sealed,,0,0,,50,,Off,0,0,,23,Tauranga City,Give way,,,,,0,0,Urban,0,,,Fine,Null
1761341,5919330,21061,,516400,0,,0,3,,Null,2005/2006,NGAPIPI ROAD,NGAIWI ST,,Minor Crash,No,2006,,South,,0,,Hill Road,,,,,,Twilight,497000,1,0,0,2,,,0,,,,,,Auckland Region,Nil,2-way,Sealed,,0,0,,50,,Off,0,0,,76,Auckland,Stop,,,,,0,0,Urban,0,,,Fine,Null
1754594,5933806,21062,,507200,1,,0,0,,South,2005/2006,EAST COAST ROAD,ARRAN ROAD,,Minor Crash,No,2006,,South,,0,,Hill Road,,,,,,Overcast,156506,1,0,0,2,,,0,,,,,,Auckland Region,Nil,2-way,Sealed,,0,0,,50,,Off,0,0,,76,Auckland,Give way,,,,,0,0,Urban,1,,,Fine,Null
1884379,5770782,21063,,540700,0,,0,1,,Null,2005/2006,SH 5,SH 30,,Non-Injury Crash,Yes,2006,,North,,0,,Flat,,,,,,Bright sun,1246500,0,0,0,2,,,0,,,,,,Bay of Plenty Region,Nil,2-way,Sealed,,0,0,,80,,Null,0,0,,24,Rotorua District,Give way,,,,,1,0,Open,0,,,Fine,Null
1705342,6071247,21064,,501620,0,0,0,2,0,North,2005/2006,SH 1N,AKERAMA ROAD,,Serious Crash,Yes,2006,0,South,1,0,0,Flat,0,,0,,0,Overcast,46002,0,0,0,2,0,0,0,0,0,,0,0,Northland Region,Nil,2-way,Sealed,0,0,1,0,100,0,None,0,0,,1,Far North District,Nil,0,0,0,1,0,0,Open,0,0,0,Light rain,Null
1759319,5785086,21065,,531100,0,0,0,1,0,South,2006/2007,WAIWERA ST,MATIRE ST,,Minor Crash,No,2006,0,North,0,0,0,Hill Road,0,,1,,0,Dark,992600,1,0,0,2,0,0,0,0,0,,0,0,Waikato Region,Nil,2-way,Sealed,0,0,0,0,50,0,On,0,0,,18,Ōtorohanga District,Nil,0,0,0,0,0,0,Urban,0,0,0,Light rain,Null
1318897,4875283,21066,,607300,0,0,0,0,0,Null,2005/2006,SH 93,KURIWAO STM BR NTH,,Minor Crash,Yes,2006,0,South,0,0,1,Hill Road,0,,0,,0,Bright sun,3000800,1,0,0,2,0,0,0,0,0,,0,0,Otago Region,Bridge,2-way,Sealed,0,0,0,0,100,0,Null,0,0,,72,Clutha District,Unknown,0,0,0,0,0,0,Open,1,0,0,Fine,Frost
1669461,5650816,21067,85,553302,0,0,0,1,0,South,2006/2007,SH 45,LOWER PARIHAKA ROAD,,Minor Crash,Yes,2006,0,North,0,0,0,Flat,0,,0,,0,Dark,1627000,2,0,0,2,0,0,0,0,0,,0,1,Taranaki Region,Nil,2-way,Sealed,0,0,0,0,100,0,None,0,0,,35,South Taranaki District,Nil,0,0,0,0,0,0,Open,0,0,0,Fine,Null
1570884,5179917,21068,,591500,0,,0,1,,Null,2006/2007,MANCHESTER ST,CASHEL ST,,Serious Crash,No,2006,,South,,0,,Flat,,,,,,Bright sun,2651500,0,0,1,2,,,0,,,,,,Canterbury Region,Nil,2-way,Sealed,,0,1,,50,,Null,0,0,,60,Christchurch City,Traffic Signals,,,,,0,0,Urban,0,,,Fine,Null
1746302,5923954,21069,,513522,1,,0,0,,South,2005/2006,LUCKENS ROAD,RENOIR ST,,Minor Crash,No,2006,,North,,0,,Flat,,,,,,Overcast,224127,1,0,0,2,,,0,,,,,,Auckland Region,Nil,2-way,Sealed,,0,0,,50,,Off,1,0,,76,Auckland,Nil,,,,,0,0,Urban,0,,,Light rain,Null