X,Y,OBJECTID,advisorySpeed,areaUnitID,bicycle,bridge,bus,carStationWagon,cliffBank,crashDirectionDescription,crashFinancialYear,crashLocation1,crashLocation2,crashRoadSideRoad,crashSeverity,crashSHDescription,crashYear,debris,directionRoleDescription,ditch,fatalCount,fence,flatHill,guardRail,holiday,houseOrBuilding,intersection,kerb,light,meshblockId,minorInjuryCount,moped,motorcycle,NumberOfLanes,objectThrownOrDropped,otherObject,otherVehicleType,overBank,parkedVehicle,pedestrian,phoneBoxEtc,postOrPole,region,roadCharacter,roadLane,roadSurface,roadworks,schoolBus,seriousInjuryCount,slipOrFlood,speedLimit,strayAnimal,streetLight,suv,taxi,temporarySpeedLimit,tlaId,tlaName,trafficControl,trafficIsland,trafficSign,train,tree,truck,unknownVehicleType,urban,vanOrUtility,vehicle,waterRiver,weatherA,weatherB
1825848,5838539,21070,,534603,0,,0,1,,Null,2005/2006,SH 27,NO 4 ROAD,,Minor Crash,Yes,2006,,North,,0,,Flat,,,,,,Overcast,1095400,1,0,0,2,,,0,,,,,,Waikato Region,Nil,2-way,Sealed,,0,0,,100,,Null,0,0,,15,Matamata-Piako District,Stop,,,,,0,0,Open,1,,,Fine,Null
1568955,5185303,21071,,591800,0,,0,1,,West,2005/2006,NORTHCOTE ROAD,SH 74 MAINNORTH,,Minor Crash,No,2006,,East,,0,,Flat,,,,,,Bright sun,2665600,1,0,0,2,,,0,,,,,,Canterbury Region,Nil,2-way,Sealed,,0,0,,50,,Null,1,0,,60,Christchurch City,Traffic Signals,,,,,0,0,Urban,0,,,Fine,Null
1752007,5918881,21072,,515002,0,,0,2,,Null,2006/2007,MEOLA ROAD,POINT CHEVALIER ROAD,,Non-Injury Crash,No,2006,,West,,0,,Flat,,,,,,Overcast,391700,0,0,0,3,,,0,,,,,,Auckland Region,Nil,2-way,Sealed,,0,0,,50,,Null,0,0,,76,Auckland,Stop,,,,,0,0,Urban,0,,,Light rain,Null
1771902,5897361,21073,,525420,0,0,0,2,0,East,2005/2006,TIRONUI ROAD,GREAT SOUTH ROAD,,Non-Injury Crash,No,2006,0,East,0,0,0,Flat,0,,0,,0,Bright sun,790602,0,0,0,2,0,0,0,0,1,,0,0,Auckland Region,Nil,2-way,Sealed,0,0,0,0,50,0,Off,0,0,,76,Auckland,Nil,0,0,0,0,0,0,Urban,0,0,0,Fine,Null
1745477,5912780,21074,,511001,0,,0,1,,East,2006/2007,GLENGARRY ROAD,AUTUMN AVENUE,,Minor Crash,No,2006,,West,,0,,Hill Road,,,,,,Overcast,283001,1,0,0,2,,,0,,,,,,Auckland Region,Nil,2-way,Sealed,,0,0,,50,,Off,0,0,,76,Auckland,Nil,,,,,0,0,Urban,1,,,Heavy rain,Null
1885332,5773879,21075,,540410,0,,0,2,,Null,2006/2007,HINEMARU ST,HINEMOA ST,,Non-Injury Crash,No,2006,,South,,0,,Flat,,,,,,Overcast,1234000,0,0,0,2,,,0,,,,,,Bay of Plenty Region,Nil,2-way,Sealed,,0,0,,50,,Off,0,0,,24,Rotorua District,Stop,,,,,0,0,Urban,0,,,Light rain,Null
1850087,5919382,21076,,533200,0,0,0,1,0,Null,2006/2007,HARSANT AVENUE,HAHEI BEACH ROAD,,Non-Injury Crash,No,2006,0,North,0,0,1,Flat,0,Christmas New Year,0,,0,Twilight,1047907,0,0,0,2,0,0,0,0,0,,0,0,Waikato Region,Nil,2-way,Sealed,0,0,0,0,50,0,Off,0,0,,11,Thames-Coromandel District,Nil,0,0,0,0,0,0,Urban,0,0,0,Fine,Null
1744875,5921170,21077,,513631,0,,0,2,,Null,2005/2006,TRIANGLE ROAD,HURUHURU ROAD,,Minor Crash,No,2006,,South,,0,,Hill Road,,,,,,Bright sun,227802,1,0,0,2,,,0,,,,,,Auckland Region,Nil,2-way,Sealed,,0,0,,50,,Off,0,0,,76,Auckland,Give way,,,,,0,0,Urban,0,,,Fine,Null
1567874,5180299,21078,,590701,0,,0,2,,East,2006/2007,RICCARTON ROAD,CLARENCE ST,,Minor Crash,No,2006,,East,,0,,Flat,,,,,,Twilight,2472700,1,0,0,2,,,0,,,,,,Canterbury Region,Nil,2-way,Sealed,,0,0,,50,,On,0,0,,60,Christchurch City,Unknown,,,,,0,0,Urban,0,,,Fine,Null
1935098,5622635,21079,,546200,0,0,0,2,0,West,2006/2007,NELSON QUAY,BRIDGE ST,,Minor Crash,No,2006,0,South,0,0,0,Flat,0,,0,,0,Dark,1417200,1,0,0,2,0,0,0,0,1,,0,0,Hawke's Bay Region,Nil,2-way,Sealed,0,0,0,0,50,0,On,0,0,,31,Napier City,Nil,0,0,0,0,0,0,Urban,0,0,0,Fine,Null
1748899,5913884,21080,,511302,0,,0,3,,East,2006/2007,GREAT NORTH ROAD,WATERS PLACE,,Non-Injury Crash,No,2006,,West,,0,,Flat,,,,,,Overcast,269500,0,0,0,4,,,0,,,,,,Auckland Region,Nil,2-way,Sealed,,0,0,,50,,Null,0,0,,76,Auckland,Give way,,,,,0,0,Urban,0,,,Fine,Null
1756426,5927148,21081,,507900,0,,0,1,,South,2005/2006,SH 1N,NORTHCOTE OBR,,Non-Injury Crash,Yes,2006,,South,,0,,Flat,,,,,,Bright sun,303502,0,0,0,3,,,0,,,,,,Auckland Region,Nil,1-way,Sealed,,0,0,,80,,Off,0,0,,76,Auckland,Nil,,,,,1,0,Open,0,,,Fine,Null
1619664,6128043,21082,,500208,0,,0,0,,South,2006/2007,PAPARORE ROAD,HEATH ROAD,,Serious Crash,No,2006,,South,,0,,Flat,,,,,,Overcast,2200,0,0,0,2,,,0,,,,,,Northland Region,Nil,2-way,Unsealed,,0,1,,100,,None,2,0,,1,Far North District,Nil,,,,,0,0,Open,0,,,Fine,Null
1881199,5774874,21083,,539100,0,0,0,1,0,East,2006/2007,TURNER DRIVE,SPENCER ST,,Non-Injury Crash,No,2006,0,East,0,0,1,Flat,0,,0,,0,Dark,1217600,0,0,0,2,0,0,0,0,0,,0,0,Bay of Plenty Region,Nil,2-way,Sealed,0,0,0,0,50,0,On,0,0,,24,Rotorua District,Nil,0,0,0,0,0,0,Urban,0,0,0,Fine,Null
1656768,6126160,21084,,500202,0,0,0,0,1,South,2006/2007,SH 10,TAUPO BAY ROAD,,Minor Crash,Yes,2006,0,North,1,0,0,Flat,0,,0,,0,Overcast,5600,1,0,0,2,0,0,0,0,0,,0,0,Northland Region,Nil,2-way,Sealed,0,0,0,0,100,0,None,0,0,,1,Far North District,Nil,0,0,0,0,0,0,Open,1,0,0,Fine,Null
1336274,4916115,21085,,607502,0,,0,0,,East,2006/2007,SH 8,ATHENAEUM ROAD,,Minor Crash,Yes,2006,,East,,0,,Hill Road,,,,,,Bright sun,3007700,2,0,0,2,,,0,,,,,,Otago Region,Nil,2-way,Sealed,,0,0,,100,,Null,1,0,,72,Clutha District,Unknown,,,,,0,0,Open,0,,,Fine,Frost
1724516,5600579,21086,,554400,0,0,0,0,1,North,2006/2007,SH 3,WHITEHEAD LANE,,Minor Crash,Yes,2006,0,North,0,0,0,Hill Road,0,,0,,0,Dark,1665600,1,0,0,2,0,0,0,0,0,,0,0,Taranaki Region,Nil,2-way,Sealed,0,0,0,0,100,0,None,0,0,,35,South Taranaki District,Nil,0,0,0,0,1,0,Open,0,0,0,Fine,Null
1754632,5968757,21087,,506631,0,0,0,1,0,Null,2006/2007,MATANGI TERRACE,TAMATEA DRIVE,,Non-Injury Crash,No,2006,0,East,0,0,0,Hill Road,0,Labour Weekend,0,,0,Overcast,141505,0,0,0,2,0,0,0,0,1,,0,0,Auckland Region,Nil,2-way,Sealed,0,0,0,0,50,0,Off,1,0,,76,Auckland,Nil,0,0,0,0,0,0,Urban,0,0,0,Light rain,Null
1850349,5766561,21088,,535310,0,,0,1,,Null,2005/2006,BAIRD ROAD,PAPANUI ST,,Non-Injury Crash,No,2006,,East,,0,,Flat,,,,,,Overcast,1137100,0,0,0,2,,,0,,,,,,Waikato Region,Nil,2-way,Sealed,,0,0,,50,,Null,0,0,,19,South Waikato District,Stop,,,,,0,0,Urban,1,,,Light rain,Null
1745950,5919862,21089,,513301,0,0,0,2,0,South,2006/2007,CENTRAL PARK DRIVE,TOLICH PLACE,,Non-Injury Crash,No,2006,0,North,0,0,0,Flat,0,,0,,0,Dark,230401,0,0,0,2,0,0,0,0,0,,0,0,Auckland Region,Nil,2-way,Sealed,0,0,0,0,50,0,On,0,0,,76,Auckland,Nil,0,1,0,0,0,0,Urban,0,0,0,Fine,Null
1773507,5897347,21090,,525630,0,,0,3,,Null,2006/2007,GROVE ROAD,OLD WAIROA ROAD,,Minor Crash,No,2006,,East,,0,,Flat,,,,,,Dark,795600,2,0,0,2,,,0,,,,,,Auckland Region,Nil,2-way,Sealed,,0,0,,50,,On,0,0,,76,Auckland,Stop,,,,,0,0,Urban,0,,,Fine,Null
2017507,5732836,21091,,543601,0,0,0,1,1,South,2005/2006,SH 2,WHAKARAU ROAD,,Serious Crash,Yes,2006,0,South,0,0,0,Hill Road,0,,0,,0,Overcast,1351100,0,0,0,2,0,0,0,0,0,,0,0,Gisborne Region,Nil,2-way,Sealed,0,0,1,0,100,0,Null,0,0,,28,Gisborne District,Nil,0,0,0,0,0,0,Open,0,0,0,Fine,Null
1757176,5919849,21092,,514103,0,,0,2,,South,2006/2007,QUEEN ST,MAYORAL DRIVE,,Non-Injury Crash,No,2006,,South,,0,,Hill Road,,Labour Weekend,,,,Dark,436100,0,0,0,5,,,0,,,,,,Auckland Region,Nil,2-way,Sealed,,0,0,,50,,On,0,1,,76,Auckland,Traffic Signals,,,,,0,0,Urban,0,,,Mist or Fog,Null
1898767,5811574,21093,30,536651,0,,0,2,,Null,2006/2007,TE PUKE HIGHWAY,MAKETU ROAD,,Non-Injury Crash,No,2006,,South,,0,,Flat,,,,,,Overcast,1211000,0,0,0,2,,,0,,,,,,Bay of Plenty Region,Nil,2-way,Sealed,,0,0,,100,,Off,0,0,,22,Western Bay of Plenty District,Stop,,,,,0,0,Open,0,,,Fine,Null
1754777,5934627,21094,,507102,0,0,0,1,0,South,2006/2007,SQUIRREL LANE,OAKTREE AVENUE,,Non-Injury Crash,No,2006,0,South,0,0,1,Hill Road,0,,0,,0,Dark,158804,0,0,0,2,0,0,0,0,0,,0,0,Auckland Region,Nil,2-way,Sealed,0,0,0,0,50,0,On,0,0,,76,Auckland,Nil,0,0,0,0,0,0,Urban,0,0,0,Fine,Null
1241868,4849872,21095,,611300,0,,0,0,,Null,2005/2006,BOND ST,SPEY ST,,Minor Crash,No,2006,,North,,0,,Flat,,,,,,Overcast,3104400,3,0,0,2,,,0,,,,,,Southland Region,Nil,2-way,Sealed,,0,0,,50,,Null,0,0,,75,Invercargill City,Give way,,,,,0,0,Urban,2,,,Heavy rain,Null
1747653,5967897,21096,,506613,0,0,0,1,1,North,2006/2007,SH 1N,VALERIE CLOSE N,,Non-Injury Crash,Yes,2006,0,North,1,0,0,Hill Road,0,,0,,0,Overcast,146004,0,0,0,2,0,0,0,0,0,,0,0,Auckland Region,Nil,2-way,Sealed,0,0,0,0,100,0,None,0,0,,76,Auckland,Nil,0,0,0,0,0,0,Open,0,0,0,Light rain,Null
1754338,5927965,21097,,508310,0,,0,2,,Null,2006/2007,CHARTWELL AVENUE,BENTLEY AVENUE,,Minor Crash,No,2006,,North,,0,,Hill Road,,,,,,Bright sun,200600,1,0,0,2,,,0,,,,,,Auckland Region,Nil,2-way,Sealed,,0,0,,50,,Off,0,0,,76,Auckland,Give way,,,,,0,0,Urban,0,,,Fine,Null
1742398,5922072,21098,,513622,0,,0,1,,Null,2006/2007,RED HILLS ROAD,BIRDWOOD ROAD,,Minor Crash,No,2006,,East,,0,,Flat,,,,,,Bright sun,226700,1,0,0,1,,,0,,,,,,Auckland Region,Nil,2-way,Sealed,,0,0,,70,,Off,0,0,,76,Auckland,Stop,,,,,0,0,Urban,1,,,Fine,Null
1766190,5899712,21099,,524822,0,,0,1,,West,2005/2006,PALMERS ROAD,ROSCOMMON ROAD,,Non-Injury Crash,No,2006,,South,,0,,Flat,,,,,,Overcast,774431,0,0,0,2,,,0,,,,,,Auckland Region,Nil,2-way,Sealed,,0,0,,50,,Off,0,0,,76,Auckland,Give way,,,,,1,0,Urban,0,,,Light rain,Null
1758001,5917953,21100,,515700,0,,0,2,,North,2006/2007,SH 1N,GILLIES OBR,,Non-Injury Crash,Yes,2006,,North,,0,,Flat,,,,,,Dark,443700,0,0,0,5,,,0,,,,,,Auckland Region,Nil,1-way,Sealed,,0,0,,80,,On,0,0,,76,Auckland,Nil,,,,,0,0,Open,0,,,Fine,Null
1744727,5974121,21101,,506661,0,,0,2,,North,2006/2007,SH 1N,L PHILLIPS ROAD,,Minor Crash,Yes,2006,,North,,0,,Hill Road,,,,,,Overcast,138900,1,0,0,2,,,0,,,,,,Auckland Region,Nil,2-way,Sealed,,0,0,,100,,Off,0,0,,76,Auckland,Nil,,,,,0,0,Open,0,,,Fine,Null
1762691,5905703,21102,,524200,0,0,0,1,0,North,2005/2006,SH 20,PORTAGE OBR,,Non-Injury Crash,Yes,2006,0,North,1,0,0,Flat,1,,0,,0,Twilight,729100,0,0,0,2,0,0,0,0,0,,0,0,Auckland Region,Nil,1-way,Sealed,0,0,0,0,100,0,Off,0,0,,76,Auckland,Nil,0,0,0,0,0,0,Open,0,0,0,Fine,Null
1765858,5907944,21103,,522301,0,,0,3,,North,2005/2006,SH 1N,EAST TAMAKI OBR,,Non-Injury Crash,Yes,2006,,North,,0,,Flat,,,,,,Bright sun,666700,0,0,0,3,,,0,,,,,,Auckland Region,Nil,1-way,Sealed,,0,0,,100,,Off,0,0,80,76,Auckland,Nil,,,,,0,0,Open,0,,,Fine,Null
1567444,5179062,21104,,590300,0,0,0,1,0,South,2006/2007,MATIPO ST,PRINCESS ST,,Serious Crash,No,2006,0,North,0,0,0,Flat,0,,0,,0,Dark,2539001,0,0,0,2,0,0,0,0,0,,0,0,Canterbury Region,Rail xing,2-way,Sealed,0,0,1,0,50,0,On,0,1,,60,Christchurch City,Traffic Signals,0,0,1,0,0,0,Urban,0,0,0,Light rain,Null
1756632,5924816,21105,,509702,0,,0,2,,North,2005/2006,SH 1N,ONEWA OBR,,Non-Injury Crash,Yes,2006,,North,,0,,Flat,,,,,,Bright sun,366602,0,0,0,3,,,0,,,,,,Auckland Region,Nil,1-way,Sealed,,0,0,,100,,Off,0,0,,76,Auckland,Nil,,,,,0,0,Open,0,,,Fine,Null
1755772,5928215,21106,,507900,0,,0,1,,North,2005/2006,WAIRAU ROAD,PORANA ROAD,,Non-Injury Crash,No,2006,,South,,0,,Flat,,,,,,Overcast,305201,0,0,0,4,,,0,,,,,,Auckland Region,Nil,2-way,Sealed,,0,0,,50,,Null,0,0,,76,Auckland,Unknown,,,,,1,0,Urban,0,,,Light rain,Null
1820849,5871178,21107,,533800,0,0,0,1,0,West,2006/2007,MADGWICK PLACE,DARLINGTON ST,,Non-Injury Crash,No,2006,0,West,0,0,0,Flat,0,,0,,0,Dark,1063306,0,0,0,2,0,0,0,0,0,,0,0,Waikato Region,Nil,2-way,Sealed,0,0,0,0,50,0,On,0,0,,12,Hauraki District,Unknown,0,0,0,1,0,0,Urban,0,0,0,Fine,Null
1591418,5154386,21108,,596901,0,,0,0,,West,2005/2006,SH 75,WAINUI MAIN ROAD,,Minor Crash,Yes,2006,,North,,0,,Hill Road,,,,,,Bright sun,2714100,1,0,1,3,,,0,,,,,,Canterbury Region,Nil,2-way,Sealed,,0,0,,100,,Null,0,0,,60,Christchurch City,Unknown,,,,,0,0,Open,0,,,Fine,Null
1759727,5436860,21109,,569201,0,,0,1,,North,2005/2006,PHARAZYN ST,BLOCK ROAD,,Non-Injury Crash,No,2006,,South,,0,,Flat,,,,,,Overcast,1925700,0,0,0,2,,,0,,,,,,Wellington Region,Nil,2-way,Sealed,,0,0,,50,,Null,0,0,,46,Lower Hutt City,Nil,,,,,0,0,Urban,1,,,Light rain,Null
1932274,5609028,21110,,545721,0,,0,1,,Null,2005/2006,PAKOWHAI ROAD,RUAHAPIA ROAD,,Fatal Crash,No,2006,,South,,1,,Flat,,Easter,,,,Twilight,1471600,0,0,1,4,,,0,,,,,,Hawke's Bay Region,Nil,2-way,Sealed,,0,1,,100,,None,0,0,,30,Hastings District,Give way,,,,,0,0,Open,0,,,Fine,Null
1851614,5896868,21111,,533603,0,0,0,1,0,North,2005/2006,SH 25,MORRISON ROAD N,,Non-Injury Crash,Yes,2006,0,North,0,0,0,Hill Road,0,,0,,0,Overcast,1059305,0,0,0,2,0,0,0,0,0,,0,1,Waikato Region,Nil,2-way,Sealed,0,0,0,0,100,0,Null,0,0,,11,Thames-Coromandel District,Unknown,0,0,0,0,0,0,Open,0,0,0,Fine,Null
1841172,5813301,21112,,535220,0,0,0,1,0,North,2006/2007,GUNN ROAD,PERIA ROAD,,Minor Crash,No,2006,0,South,0,0,1,Flat,0,,0,,0,Overcast,1116900,1,0,0,2,0,0,0,0,0,,0,1,Waikato Region,Nil,2-way,Sealed,0,0,0,0,100,0,Null,0,0,,15,Matamata-Piako District,Unknown,0,0,0,0,0,0,Open,0,0,0,Light rain,Null
1890020,5566503,21113,,549200,0,,0,1,,Null,2006/2007,SH 2,FRASER ROAD,,Minor Crash,Yes,2006,,South,,0,,Flat,,,,,,Dark,1515400,1,0,0,2,,,0,,,,,,Hawke's Bay Region,Nil,2-way,Sealed,,0,0,,100,,None,0,0,,32,Central Hawke's Bay District,Give way,,,,,0,0,Open,1,,,Fine,Null
1761042,5915079,21114,,520201,0,,0,1,,Null,2005/2006,SH 1N,MAIN OBR,,Non-Injury Crash,Yes,2006,,North,,0,,Flat,,,,,,Dark,613500,0,0,0,3,,,0,,,,,,Auckland Region,Nil,1-way,Sealed,,0,0,,100,,On,0,0,,76,Auckland,Nil,,,,,1,0,Open,0,,,Fine,Null
1408307,4914870,21115,,604620,0,,0,2,,Null,2005/2006,SOMERVILLE ST,MARNE ST,,Serious Crash,No,2006,,North,,0,,Hill Road,,,,,,Overcast,2939402,2,0,0,2,,,0,,,,,,Otago Region,Nil,2-way,Sealed,,0,1,,50,,Null,1,0,,71,Dunedin City,Stop,,,,,0,0,Urban,0,,,Fine,Null
1765109,5914576,21116,,520602,0,0,0,1,0,South,2006/2007,LAGOON DRIVE,IRELAND ROAD,,Non-Injury Crash,No,2006,0,North,0,0,1,Flat,0,,0,,0,Dark,628601,0,0,0,4,0,0,0,0,0,,0,0,Auckland Region,Nil,2-way,Sealed,0,0,0,0,50,0,On,0,0,,76,Auckland,Nil,1,0,0,0,0,0,Urban,0,0,0,Fine,Null
1758347,5926547,21117,,508020,0,,0,1,,West,2005/2006,ESMONDE ROAD,LAKE ROAD,,Non-Injury Crash,No,2006,,East,,0,,Flat,,,,,,Bright sun,325300,0,0,0,3,,,0,,,,,,Auckland Region,Nil,2-way,Sealed,,0,0,,50,,Off,1,0,,76,Auckland,Nil,,,,,0,0,Urban,0,,,Fine,Null
1406960,4918856,21118,,603601,0,,0,1,,Null,2005/2006,GEORGE ST,DUKE ST,,Minor Crash,No,2006,,West,,0,,Flat,,,,,,Overcast,2865400,1,0,0,4,,,0,,,1,,,Otago Region,Nil,2-way,Sealed,,0,0,,50,,Null,0,0,,71,Dunedin City,Traffic Signals,,,,,0,0,Urban,0,,,Mist or Fog,Null
1871081.0042,5817011.7258,21119,,536630,0,0,0,0,0,East,2006/2007,SH 29,REDWOOD LANE,,Fatal Crash,Yes,2006,0,South,0,2,0,Flat,0,,0,,0,Overcast,1191301,1,0,0,2,0,0,0,0,0,,0,1,Bay of Plenty Region,Nil,2-way,Sealed,0,0,3,0,100,0,Null,3,0,,23,Tauranga City,Nil,0,0,0,0,1,0,Open,0,0,0,Fine,Null
1759981,5889592,21120,35,521122,0,0,0,1,0,Null,2006/2007,KINGSEAT ROAD,LINWOOD ROAD,,Non-Injury Crash,No,2006,0,West,0,0,1,Flat,0,,0,,0,Twilight,811001,0,0,0,2,0,0,0,0,0,,0,1,Auckland Region,Nil,2-way,Sealed,0,0,0,0,100,0,Off,0,0,,76,Auckland,Nil,0,0,0,0,0,0,Open,0,0,0,Light rain,Null
1884946,5785297,21121,,538811,1,,0,0,,West,2005/2006,HAMURANA ROAD,KASKA ROAD,,Minor Crash,No,2006,,West,,0,,Flat,,,,,,Bright sun,1251207,2,0,0,2,,,0,,,1,,,Bay of Plenty Region,Nil,2-way,Sealed,,0,0,,70,,Null,0,0,,24,Rotorua District,Unknown,,,,,0,0,Urban,0,,,Fine,Null
1752750,5914082,21122,,514500,0,,0,1,,North,2005/2006,MAIORO ST,NEW WINDSOR ROAD,,Non-Injury Crash,No,2006,,East,,0,,Flat,,,,,,Bright sun,376500,0,0,0,2,,,0,,,,,,Auckland Region,Nil,2-way,Sealed,,0,0,,50,,Off,0,0,,76,Auckland,Nil,,,,,0,0,Urban,1,,,Fine,Null
1765455,5907125,21123,,522201,0,,0,1,,Null,2006/2007,GREAT SOUTH ROAD,SHIRLEY ROAD,,Minor Crash,No,2006,,North,,0,,Flat,,,,,,Overcast,662300,1,0,1,4,,,0,,,,,,Auckland Region,Nil,2-way,Sealed,,0,0,,50,,Null,0,0,,76,Auckland,Traffic Signals,,,,,0,0,Urban,0,,,Fine,Strong wind
1751323,5917376,21124,,514900,0,0,0,1,0,North,2005/2006,ALFORD ST,MIDDLESEX ROAD,,Non-Injury Crash,No,2006,0,South,0,0,0,Flat,0,,0,,0,Twilight,386100,0,0,0,2,0,0,0,0,1,,0,0,Auckland Region,Nil,2-way,Sealed,0,0,0,0,50,0,Off,0,0,,76,Auckland,Unknown,0,0,0,0,0,0,Urban,1,0,0,Fine,Null
1764416,5912235,21125,,520500,0,0,0,2,0,South,2006/2007,SH 1N,MT WGTN ON SBD,,Non-Injury Crash,Yes,2006,0,South,0,0,0,Flat,1,Christmas New Year,0,,0,Overcast,639300,0,0,0,6,0,0,0,0,0,,0,0,Auckland Region,Nil,2-way,Sealed,0,0,0,0,100,0,Off,0,0,,76,Auckland,Nil,0,0,0,0,0,0,Open,0,0,0,Fine,Null
1569616,5179777,21126,,591600,0,,0,2,,West,2005/2006,RICCARTON AVENUE,HAGLEY AVENUE,,Minor Crash,No,2006,,West,,0,,Flat,,,,,,Dark,2678500,1,0,0,2,,,0,,,,,,Canterbury Region,Nil,1-way,Sealed,,0,0,,50,,On,0,1,,60,Christchurch City,Traffic Signals,,,,,0,0,Urban,0,,,Light rain,Null
1762836,5917332,21127,,516301,0,0,0,2,0,West,2006/2007,ST JOHNS ROAD,TEMPLE ST,,Non-Injury Crash,No,2006,0,East,0,0,0,Flat,0,,0,,0,Overcast,459500,0,0,0,2,0,0,0,0,1,,0,0,Auckland Region,Nil,2-way,Sealed,0,0,0,0,50,0,Null,0,0,,76,Auckland,Unknown,0,0,0,0,0,0,Urban,0,0,0,Fine,Null
1821352,5531744,21128,,562100,0,,0,1,,Null,2006/2007,RENNIE AVENUE,MOYNE AVENUE,,Minor Crash,No,2006,,East,,0,,Flat,,,,,,Overcast,1837300,2,0,0,2,,,0,,,,,,Manawatū-Whanganui Region,Nil,2-way,Sealed,,0,0,,50,,Null,1,0,,40,Palmerston North City,Give way,,,,,0,0,Urban,0,,,Fine,Null
1823219,5800847,21129,80,535241,0,,0,2,,Null,2006/2007,SH 1N,HYDRO ROAD,,Minor Crash,Yes,2006,,West,,0,,Flat,,,,,,Overcast,1122700,2,0,0,2,,,0,,,,,,Waikato Region,Nil,2-way,Sealed,,0,0,,100,,None,0,0,,17,Waipa District,Give way,,,,,0,0,Open,0,,,Light rain,Null
1757695,5918300,21130,,514302,0,,0,3,,South,2005/2006,SH 1N,KHYBER PASS OBR,,Non-Injury Crash,Yes,2006,,South,,0,,Hill Road,,,,,,Dark,442100,0,0,0,4,,,0,,,,,,Auckland Region,Nil,1-way,Sealed,,0,0,,80,,On,0,0,,76,Auckland,Nil,,,,,0,0,Open,0,,,Fine,Null
1758566,5908758,21131,,524002,0,0,0,1,0,North,2006/2007,WALLACE ROAD,KAPUKA ROAD,,Minor Crash,No,2006,0,South,0,0,0,Flat,0,,0,,0,Dark,724800,1,0,0,2,0,0,0,0,0,,0,1,Auckland Region,Nil,2-way,Sealed,0,0,0,0,70,0,On,0,0,,76,Auckland,Nil,0,0,0,0,0,0,Urban,0,0,0,Fine,Null
1768883,5442835,21132,,567800,0,0,0,1,0,South,2006/2007,WHITEMANS ROAD,GARD ST,,Minor Crash,No,2006,0,East,0,0,0,Flat,0,,1,,0,Overcast,1898800,1,0,0,2,0,0,0,0,0,,0,0,Wellington Region,Nil,2-way,Sealed,0,0,0,0,50,0,Null,0,0,,45,Upper Hutt City,Nil,0,0,0,0,0,0,Urban,0,0,0,Fine,Null
1770106,5915657,21133,,522712,1,,0,1,,Null,2006/2007,GILLS ROAD,BUCKLANDS BEACH ROAD,,Serious Crash,No,2006,,North,,0,,Flat,,,,,,Twilight,680808,0,0,0,2,,,0,,,,,,Auckland Region,Nil,2-way,Sealed,,0,1,,50,,Off,0,0,,76,Auckland,Give way,,,,,0,0,Urban,0,,,Fine,Null
1805931,5806127,21134,,527932,0,0,0,1,1,East,2005/2006,MYSTERY CREEK ROAD,SH 21,,Non-Injury Crash,No,2006,0,South,0,0,0,Hill Road,0,,0,,0,Dark,985200,0,0,0,2,0,0,0,0,0,,0,0,Waikato Region,Nil,2-way,Sealed,0,0,0,0,100,0,None,0,0,,17,Waipa District,Unknown,0,0,0,0,0,0,Open,0,0,0,Fine,Null
1796381,5875416,21135,,527221,0,0,0,0,0,West,2006/2007,SH 2,FERNDALE ROAD,,Serious Crash,Yes,2006,0,East,1,0,0,Flat,0,,0,,0,Overcast,932900,0,0,1,2,0,0,0,0,0,,0,0,Waikato Region,Nil,2-way,Sealed,0,0,1,0,100,0,Off,0,0,,13,Waikato District,Nil,0,0,0,0,0,0,Open,0,0,0,Fine,Null
1243604,4850097,21136,,611100,0,,0,2,,Null,2006/2007,YARROW ST,MACMASTER ST,,Serious Crash,No,2006,,North,,0,,Flat,,,,,,Overcast,3135200,2,0,0,2,,,0,,,,,,Southland Region,Nil,2-way,Sealed,,0,1,,50,,Null,0,0,,75,Invercargill City,Give way,,,,,0,0,Urban,0,,,Fine,Null
1774020,5577516,21137,,556700,0,,0,2,,Null,2005/2006,PURNELL ST,SELWYN CRESCENT,,Minor Crash,No,2006,,West,,0,,Flat,,,,,,Bright sun,1722500,3,0,0,2,,,0,,,,,,Manawatū-Whanganui Region,Nil,2-way,Sealed,,0,0,,50,,Null,0,0,,37,Whanganui District,Stop,,,,,0,0,Urban,0,,,Fine,Null
1275543,4862983,21138,,609700,0,0,0,1,0,North,2006/2007,SH 1S,FERRY ROAD,,Serious Crash,Yes,2006,0,South,0,0,0,Flat,0,,0,,0,Dark,3165600,1,0,0,2,0,1,0,0,0,,0,0,Southland Region,Nil,2-way,Sealed,0,0,1,0,100,0,None,0,0,,73,Southland District,Unknown,0,0,0,0,0,0,Open,0,0,0,Snow,Null
1761458,5906304,21139,,524200,0,,0,2,,Null,2005/2006,MASSEY ROAD,TUSSOCK AVENUE,,Minor Crash,No,2006,,South,,0,,Flat,,,,,,Bright sun,728802,2,0,0,2,,,0,,,,,,Auckland Region,Nil,2-way,Sealed,,0,0,,50,,Null,0,0,,76,Auckland,Stop,,,,,0,0,Urban,0,,,Fine,Null
1766042,5442780,21140,,569600,0,0,0,1,0,Null,2006/2007,SH 58,OLD HAYWARDS ROAD,,Serious Crash,Yes,2006,0,North,0,0,0,Hill Road,0,,0,,0,Overcast,1916500,0,0,0,3,0,0,0,1,0,,0,0,Wellington Region,Nil,2-way,Sealed,0,0,1,0,100,0,Null,0,0,,46,Lower Hutt City,Nil,0,1,0,1,0,0,Open,0,0,0,Fine,Null