X,Y,OBJECTID,advisorySpeed,areaUnitID,bicycle,bridge,bus,carStationWagon,cliffBank,crashDirectionDescription,crashFinancialYear,crashLocation1,crashLocation2,crashRoadSideRoad,crashSeverity,crashSHDescription,crashYear,debris,directionRoleDescription,ditch,fatalCount,fence,flatHill,guardRail,holiday,houseOrBuilding,intersection,kerb,light,meshblockId,minorInjuryCount,moped,motorcycle,NumberOfLanes,objectThrownOrDropped,otherObject,otherVehicleType,overBank,parkedVehicle,pedestrian,phoneBoxEtc,postOrPole,region,roadCharacter,roadLane,roadSurface,roadworks,schoolBus,seriousInjuryCount,slipOrFlood,speedLimit,strayAnimal,streetLight,suv,taxi,temporarySpeedLimit,tlaId,tlaName,trafficControl,trafficIsland,trafficSign,train,tree,truck,unknownVehicleType,urban,vanOrUtility,vehicle,waterRiver,weatherA,weatherB
1770932,5898544,21141,,523912,0,0,0,1,0,South,2005/2006,TAKANINI ROAD,TAKA ST,,Minor Crash,No,2006,0,South,0,0,1,Flat,0,,0,,0,Overcast,767600,1,0,0,2,0,0,0,0,0,,0,0,Auckland Region,Nil,2-way,Sealed,0,0,0,0,50,0,None,0,0,,76,Auckland,Nil,0,0,0,0,0,0,Urban,0,0,0,Light rain,Null
1765252,5917302,21142,,517001,0,,0,2,,North,2005/2006,APIRANA AVENUE,OMARU LANE,,Non-Injury Crash,No,2006,,North,,0,,Flat,,,,,,Overcast,475600,0,0,0,2,,,0,,,,,,Auckland Region,Nil,2-way,Sealed,,0,0,,50,,Off,0,0,,76,Auckland,Nil,,,,,0,0,Urban,0,,,Fine,Null
1756849,5927346,21143,,507900,0,,0,2,,Null,2005/2006,TAHAROTO ROAD,RANGITIRA AVENUE,,Minor Crash,No,2006,,South,,0,,Flat,,,,,,Overcast,304600,1,0,0,5,,,0,,,,,,Auckland Region,Nil,2-way,Sealed,,0,0,,50,,Null,0,0,,76,Auckland,Give way,,,,,0,0,Urban,0,,,Fine,Null
1997355,5742932,21144,,543601,0,0,0,1,0,South,2006/2007,SH 2,MOTU ROAD,,Minor Crash,Yes,2006,0,North,1,0,0,Flat,0,,0,,0,Overcast,1352802,1,0,0,2,0,0,0,0,0,,0,0,Gisborne Region,Nil,2-way,Sealed,0,0,0,0,100,0,Null,0,0,,28,Gisborne District,Nil,0,0,0,0,0,0,Open,0,0,0,Light rain,Null
1865398,5810136,21145,,536630,0,,0,1,,East,2005/2006,SH 29,NGAMUWAHINE ROAD,,Fatal Crash,Yes,2006,,East,,2,,Hill Road,,,,,,Dark,1191900,0,0,0,2,,,0,,,,,,Bay of Plenty Region,Nil,2-way,Sealed,,0,0,,100,,On,0,0,,22,Western Bay of Plenty District,Nil,,,,,1,0,Open,0,,,Light rain,Null
1878618,5819418,21146,,537800,0,0,0,1,0,South,2005/2006,SH 29,PARALLEL ACCESS,,Non-Injury Crash,Yes,2006,0,South,0,0,0,Flat,1,,0,,0,Bright sun,1177900,0,0,0,2,0,0,0,0,0,,0,0,Bay of Plenty Region,Nil,2-way,Sealed,0,0,0,0,100,0,Null,0,0,30,23,Tauranga City,Unknown,0,0,0,0,0,0,Open,0,0,0,Fine,Null
1744413,5944601,21147,,506614,0,0,0,1,1,Null,2006/2007,KAHIKATEA FLAT ROAD,PINE VALLEY ROAD,,Non-Injury Crash,No,2006,0,South,0,0,0,Hill Road,0,,0,,0,Overcast,177801,0,0,0,2,0,0,0,0,0,,0,0,Auckland Region,Nil,2-way,Sealed,0,0,0,0,100,0,Null,0,0,,76,Auckland,Stop,0,0,0,0,0,0,Open,1,0,0,Fine,Null
1746664,5921506,21148,,512201,0,0,0,1,0,East,2006/2007,TAIKATA ROAD,RIXON PLACE,,Non-Injury Crash,No,2006,0,East,0,0,0,Flat,0,,0,,0,Overcast,247300,0,0,0,2,0,0,0,0,0,,0,0,Auckland Region,Nil,2-way,Sealed,0,0,0,0,50,0,Null,0,0,,76,Auckland,Give way,0,0,0,0,0,0,Urban,0,0,0,Light rain,Null
2060967,5786202,21149,65,543301,0,0,0,1,0,East,2006/2007,SH 35,MAKARIKA ROAD,,Minor Crash,Yes,2006,0,East,0,0,0,Flat,0,,0,,0,Bright sun,1347300,1,0,0,2,0,0,0,0,0,,0,0,Gisborne Region,Nil,2-way,Sealed,0,0,0,0,100,0,Null,0,0,30,28,Gisborne District,Nil,0,0,0,1,0,0,Open,0,0,0,Fine,Null
1741674,5929918,21150,,505603,0,0,0,1,0,South,2005/2006,COATESVILLE-RIVERHEAD HIG,RIVERHEAD ROAD,,Minor Crash,No,2006,0,North,0,0,0,Flat,0,,0,,0,Overcast,214401,1,0,0,2,0,0,0,0,0,,0,1,Auckland Region,Nil,2-way,Sealed,0,0,0,0,80,0,None,0,0,,76,Auckland,Nil,0,0,0,1,0,0,Open,0,0,0,Fine,Null
1757754,5918222,21151,,515700,0,,0,2,,South,2005/2006,SH 1N,KHYBER PASS OFF NBD,,Non-Injury Crash,Yes,2006,,North,,0,,Flat,,,,,,Bright sun,443600,0,0,0,4,,,0,,,,,,Auckland Region,Nil,1-way,Sealed,,0,0,,80,,Off,0,0,,76,Auckland,Nil,,,,,0,0,Open,0,,,Fine,Null
1761877,5906689,21152,,524520,0,,0,1,,Null,2005/2006,ROBERTSON ROAD,MASSEY ROAD,,Non-Injury Crash,No,2006,,East,,0,,Flat,,,,,,Bright sun,735400,0,0,0,6,,,0,,,,,,Auckland Region,Nil,2-way,Sealed,,0,0,,50,,Off,1,0,,76,Auckland,Traffic Signals,,,,,0,0,Urban,0,,,Fine,Null
1788330,5879116,21153,,521135,0,,0,1,,West,2005/2006,MANGATAWHIRI ROAD,MCKENZIE ROAD,,Non-Injury Crash,No,2006,,West,,0,,Hill Road,,,,,,Bright sun,843401,0,0,0,2,,,0,,,,,,Waikato Region,Nil,2-way,Sealed,,0,0,,80,,Off,0,0,,13,Waikato District,Nil,,,,,1,0,Open,0,,,Fine,Null
1884283,5826359,21154,,536831,0,,0,2,,North,2006/2007,OCEANBEACH ROAD,CONCORD AVENUE,,Non-Injury Crash,No,2006,,North,,0,,Flat,,,,,,Twilight,1199400,0,0,0,2,,,0,,,,,,Bay of Plenty Region,Nil,2-way,Sealed,,0,0,,50,,Off,0,0,,23,Tauranga City,Unknown,,,,,0,0,Urban,0,,,Fine,Null
1760797,5912369,21155,,520000,0,,0,0,,Null,2005/2006,CHURCH ST,HENDERSON PLACE,,Minor Crash,No,2006,,East,,0,,Flat,,,,,,Overcast,607601,2,0,0,2,,,0,,,,,,Auckland Region,Nil,2-way,Sealed,,0,0,,50,,Off,0,0,,76,Auckland,Give way,,,,,1,0,Urban,1,,,Heavy rain,Strong wind
1643950,6096251,21156,,500801,0,,0,0,,South,2005/2006,KOHUKOHU ROAD,MANGAMUKA ROAD,,Minor Crash,No,2006,,North,,0,,Flat,,,,,,Overcast,28300,1,0,0,2,,,0,,,,,,Northland Region,Nil,2-way,Sealed,,0,0,,100,,Off,1,0,,1,Far North District,Nil,,,,,1,0,Open,0,,,Fine,Null
1803380,5688717,21157,75,532501,0,0,0,0,0,South,2006/2007,SH 4,MAKOKOMIKO ROAD,,Serious Crash,Yes,2006,0,North,0,0,0,Hill Road,0,,0,,0,Dark,1021700,0,0,0,2,0,0,0,1,0,,0,0,Manawatū-Whanganui Region,Nil,2-way,Sealed,0,0,2,0,100,0,None,0,0,,36,Ruapehu District,Nil,0,0,0,0,1,0,Open,0,0,0,Fine,Null
1934137,5601878,21158,,548831,0,,0,1,,West,2006/2007,TE MATA ROAD,JAMES COOK ST,,Minor Crash,No,2006,,West,,0,,Flat,,,,,,Bright sun,1510100,1,1,0,2,,,0,,,,,,Hawke's Bay Region,Nil,2-way,Sealed,,0,0,,50,,Null,0,0,,30,Hastings District,Nil,,,,,0,0,Urban,0,,,Fine,Null
1752145,5934488,21159,,508701,0,,0,2,,Null,2005/2006,OTEHA VALLEY ROAD,APPIAN WAY,,Non-Injury Crash,No,2006,,West,,0,,Flat,,,,,,Bright sun,178501,0,0,0,5,,,0,,,,,,Auckland Region,Nil,2-way,Sealed,,0,0,,60,,Off,0,0,,76,Auckland,Nil,,,,,0,0,Urban,0,,,Fine,Null
1768773,5907597,21160,,523711,0,0,0,1,0,Null,2005/2006,ORMISTON ROAD,LAIDLAW WAY,,Minor Crash,No,2006,0,East,0,0,0,Flat,0,,0,,0,Twilight,712304,3,0,0,2,0,0,0,0,0,,0,0,Auckland Region,Nil,2-way,Sealed,0,0,0,0,50,0,Off,0,0,,76,Auckland,Traffic Signals,0,1,0,0,0,0,Urban,0,0,0,Fine,Null
1788773,5755310,21161,,532000,0,,0,2,,Null,2005/2006,SH 3,TE KUMI ROAD,,Non-Injury Crash,Yes,2006,,South,,0,,Flat,,,,,,Bright sun,1007800,0,0,0,4,,,0,,,,,,Waikato Region,Nil,2-way,Sealed,,0,0,,50,,Null,0,0,,20,Waitomo District,Stop,,,,,0,0,Urban,0,,,Fine,Null
1239890,4847000,21162,,609922,0,,0,2,,South,2005/2006,MARAMA AVENUE SOUTH,NIVEN ROAD,,Minor Crash,No,2006,,North,,0,,Flat,,,,,,Overcast,3084602,1,0,0,2,,,0,,,,,,Southland Region,Nil,2-way,Sealed,,0,0,,50,,Null,0,0,,75,Invercargill City,Nil,,,,,0,0,Urban,0,,,Mist or Fog,Null
1765236,5905289,21163,,522400,0,,0,2,,East,2006/2007,GRANDE VUE ROAD,WALLACE ROAD,,Non-Injury Crash,No,2006,,West,,0,,Flat,,,,,,Bright sun,672900,0,0,0,2,,,0,,,,,,Auckland Region,Nil,2-way,Sealed,,0,0,,50,,Off,0,0,,76,Auckland,Nil,,,,,0,0,Urban,0,,,Fine,Null
1790183,5841664,21164,,527401,0,0,0,1,0,South,2005/2006,HARRIS ST,TANIWHARAU ST,,Serious Crash,No,2006,0,North,0,0,1,Flat,0,,0,,0,Bright sun,851000,0,0,1,2,0,0,0,0,0,,0,0,Waikato Region,Nil,2-way,Sealed,0,0,2,0,70,0,Null,0,0,,13,Waikato District,Unknown,0,0,0,0,0,0,Urban,0,0,0,Fine,Null
1776081,5577927,21165,,557800,0,0,0,2,0,East,2005/2006,GEORGETTI ROAD,SH 4,,Serious Crash,No,2006,0,West,0,0,0,Hill Road,0,,0,,0,Bright sun,1695401,1,0,0,2,0,0,0,0,1,,0,1,Manawatū-Whanganui Region,Nil,2-way,Sealed,0,0,2,0,50,0,Null,0,0,,37,Whanganui District,Nil,0,0,0,0,0,0,Urban,0,0,0,Fine,Null
1884223,5825212,21166,,536831,0,,0,0,,Null,2005/2006,SH 2,GIRVEN ROAD,,Non-Injury Crash,Yes,2006,,South,,0,,Flat,,,,,,Twilight,1201300,0,0,0,4,,,0,,,,,,Bay of Plenty Region,Nil,2-way,Sealed,,0,0,,50,,Off,0,0,,23,Tauranga City,Give way,,,,,0,0,Urban,1,,,Fine,Null
1756533,5932122,21167,,507500,0,,0,2,,North,2006/2007,KOWHAI ROAD,CHANNEL VIEW ROAD,,Non-Injury Crash,No,2006,,South,,0,,Flat,,,,,,Bright sun,149400,0,0,0,2,,,0,,,,,,Auckland Region,Nil,2-way,Sealed,,0,0,,50,,Null,0,0,,76,Auckland,Unknown,,,,,0,0,Urban,0,,,Fine,Null
1764180,5917450,21168,,516302,0,,0,3,,West,2005/2006,ST JOHNS ROAD,COLLEGE ROAD,,Minor Crash,No,2006,,East,,0,,Flat,,,,,,Bright sun,462700,1,0,0,2,,,0,,,,,,Auckland Region,Nil,2-way,Sealed,,0,0,,50,,Off,0,0,,76,Auckland,Nil,,,,,0,0,Urban,0,,,Fine,Null
1809040,5871404,21169,,533901,0,0,0,1,1,West,2006/2007,SH 2,COXHEAD ROAD,,Non-Injury Crash,Yes,2006,0,East,0,0,0,Flat,0,,0,,0,Bright sun,1069200,0,0,0,2,0,0,0,0,0,,0,0,Waikato Region,Nil,2-way,Sealed,0,0,0,0,100,0,None,0,0,,12,Hauraki District,Nil,0,0,0,1,0,0,Open,0,0,0,Fine,Null
1751359,5433151,21170,,574303,0,0,0,1,0,South,2005/2006,SH 1N,ABATTOIRS ROAD,,Non-Injury Crash,Yes,2006,0,North,0,0,0,Hill Road,1,,0,,0,Overcast,2088705,0,0,0,4,0,0,0,0,0,,0,0,Wellington Region,Nil,2-way,Sealed,0,0,0,0,80,0,Null,0,0,,47,Wellington City,Nil,0,0,0,0,0,0,Open,0,0,0,Light rain,Strong wind
1976411,5779470,21171,,542906,0,,0,2,,South,2006/2007,SH 2,MATCHITT ROAD,,Non-Injury Crash,Yes,2006,,South,,0,,Flat,,Christmas New Year,,,,Overcast,1337000,0,0,0,2,,,0,,,,,,Bay of Plenty Region,Nil,2-way,Sealed,,0,0,,100,,Null,0,0,,27,Ōpōtiki District,Unknown,,,,,0,0,Open,0,,,Fine,Null
1574570,5391105,21172,,581842,0,,0,1,,North,2005/2006,SH 6,MOORHOUSE BR,,Serious Crash,Yes,2006,,South,,0,,Hill Road,,,,,,Bright sun,2376202,2,0,0,2,,,0,,,,,,Tasman Region,Nil,2-way,Sealed,,0,1,,100,,Null,0,0,,51,Tasman District,Nil,,,,,0,0,Open,1,,,Fine,Null
1742100,5921312,21173,,513622,0,0,0,1,0,South,2006/2007,BIRDWOOD ROAD,RED HILLS ROAD,,Minor Crash,No,2006,0,North,0,0,0,Hill Road,0,,0,,0,Dark,226700,1,0,0,2,0,0,0,0,0,,0,0,Auckland Region,Nil,2-way,Sealed,0,0,0,0,50,0,None,0,0,,76,Auckland,Nil,0,0,0,1,0,0,Urban,0,0,0,Light rain,Null
1569834,5185953,21174,,588102,0,,0,1,,Null,2006/2007,GRIMSEYS ROAD,DANIELS ROAD,,Minor Crash,No,2006,,South,,0,,Flat,,,,,,Dark,2507503,1,0,0,2,,,0,,,,,,Canterbury Region,Nil,2-way,Sealed,,0,0,,50,,On,1,0,,60,Christchurch City,Nil,,,,,0,0,Urban,1,,,Light rain,Null
1572671,5199961,21175,,586129,0,,0,2,,Null,2005/2006,SH 1S MAIN NORTH,WILLIAMS ST,,Minor Crash,Yes,2006,,South,,0,,Flat,,Queens Birthday,,,,Bright sun,2447900,1,0,0,2,,,0,,,,,,Canterbury Region,Nil,2-way,Sealed,,0,0,,100,,Null,0,0,,59,Waimakariri District,Give way,,,,,0,0,Open,0,,,Fine,Null
1759956,5906942,21176,,524111,0,,0,1,,Null,2006/2007,ORLY AVENUE,WADDON PLACE,,Minor Crash,No,2006,,South,,0,,Flat,,,,,,Bright sun,740500,1,0,0,2,,,0,,,,,,Auckland Region,Nil,2-way,Sealed,,0,0,,50,,Null,1,0,,76,Auckland,Give way,,,,,0,0,Urban,0,,,Fine,Null
1747725,5913483,21177,,511100,0,0,0,1,1,Null,2006/2007,WEST COAST ROAD,PLEASANT ROAD,,Non-Injury Crash,No,2006,0,East,0,0,0,Hill Road,0,,0,,0,Dark,286100,0,0,0,2,0,0,0,0,0,,0,0,Auckland Region,Nil,2-way,Sealed,0,0,0,0,50,0,On,0,0,,76,Auckland,Stop,0,0,0,0,0,0,Urban,0,0,0,Light rain,Null
1764603,5911866,21178,,520500,0,,0,2,,North,2006/2007,SH 1N,PANAMA OBR,,Minor Crash,Yes,2006,,North,,0,,Flat,,,,,,Overcast,639500,2,0,0,3,,,0,,,,,,Auckland Region,Nil,1-way,Sealed,,0,0,,100,,Off,0,0,,76,Auckland,Nil,,,,,1,0,Open,0,,,Light rain,Null
1496078,5181266,21179,35,587100,0,,0,2,,Null,2006/2007,SH 77,RAKAIA GORGE ROAD,,Minor Crash,Yes,2006,,West,,0,,Flat,,Christmas New Year,,,,Overcast,2460700,2,0,0,2,,,0,,,,,,Canterbury Region,Nil,2-way,Sealed,,0,0,,100,,Null,0,0,,62,Selwyn District,Nil,,,,,0,0,Open,0,,,Light rain,Null
1699064,6074587,21180,,501620,0,0,0,1,1,South,2005/2006,SH 1N,TARAKIHI ROAD,,Minor Crash,Yes,2006,0,North,0,0,0,Hill Road,0,,0,,0,Bright sun,44901,1,0,0,3,0,0,0,0,0,,0,0,Northland Region,Nil,2-way,Sealed,0,0,0,0,100,0,None,0,0,,1,Far North District,Nil,0,0,0,0,0,0,Open,0,0,0,Fine,Null
1789676,5826342,21181,,528200,0,0,0,0,0,North,2005/2006,NGARUAWAHIA ROAD,SAULBREY ROAD,,Minor Crash,No,2006,0,North,0,0,0,Flat,0,,0,,0,Bright sun,976101,2,0,0,2,0,0,0,0,0,,0,0,Waikato Region,Nil,2-way,Sealed,0,0,0,0,100,0,Null,1,0,,13,Waikato District,Unknown,0,0,0,1,0,0,Open,0,0,0,Fine,Null
1876163,5820377,21182,,537601,0,,0,0,,East,2006/2007,PARK VIEW RISE,HYNDS ROAD,,Serious Crash,No,2006,,North,,0,,Flat,,,,,,Bright sun,1175000,0,0,1,2,,,0,,,,,,Bay of Plenty Region,Nil,2-way,Sealed,,0,1,,50,,Off,0,0,,23,Tauranga City,Nil,,,,,0,0,Urban,0,,,Fine,Null
1758411,5915498,21183,,519300,0,,0,2,,East,2005/2006,GREEN LANE WEST,MANUKAU ROAD,,Serious Crash,No,2006,,West,,0,,Flat,,,,,,Overcast,622900,0,0,0,4,,,0,,,1,,,Auckland Region,Nil,2-way,Sealed,,0,1,,50,,Off,0,0,,76,Auckland,Nil,,,,,0,0,Urban,0,,,Fine,Null
1751492,5949251,21184,,505805,0,,0,2,,Null,2005/2006,CENTREWAY ROAD,RIVERSIDE ROAD,,Non-Injury Crash,No,2006,,West,,0,,Flat,,,,,,Dark,171810,0,0,0,2,,,0,,,,,,Auckland Region,Nil,2-way,Sealed,,0,0,,50,,On,0,0,,76,Auckland,Give way,,,,,0,0,Urban,0,,,Fine,Null
1884972,5773677,21185,,540410,0,,0,1,,Null,2006/2007,SH 30A,TUTANEKAI ST,,Non-Injury Crash,Yes,2006,,East,,0,,Flat,,,,,,Bright sun,1236100,0,1,0,4,,,0,,,,,,Bay of Plenty Region,Nil,2-way,Sealed,,0,0,,50,,Off,0,0,,24,Rotorua District,Traffic Signals,,,,,0,0,Urban,0,,,Fine,Null
1802391,5816604,21186,,530000,0,,0,3,,North,2005/2006,PEACHGROVE ROAD,BAILEY AVENUE,,Minor Crash,No,2006,,South,,0,,Flat,,,,,,Overcast,866001,1,0,0,2,,,0,,,,,,Waikato Region,Nil,2-way,Sealed,,0,0,,50,,Null,0,0,,16,Hamilton City,Unknown,,,,,0,0,Urban,0,,,Light rain,Null
1812746,5454445,21187,,579502,0,0,0,1,0,Null,2006/2007,RUTLAND ROAD,RICHMOND ROAD,,Minor Crash,No,2006,0,South,1,0,1,Flat,0,,0,,0,Overcast,2262000,1,0,0,2,0,0,0,0,0,,0,0,Wellington Region,Nil,2-way,Sealed,0,0,0,0,100,0,Null,1,0,,49,Carterton District,Give way,0,0,0,0,0,0,Open,0,0,0,Light rain,Null
1755614,5919938,21188,,515302,0,,0,2,,South,2005/2006,PONSONBY ROAD,FRANKLIN ROAD,,Non-Injury Crash,No,2006,,South,,0,,Flat,,,,,,Bright sun,431100,0,0,0,4,,,0,,,,,,Auckland Region,Nil,2-way,Sealed,,0,0,,50,,Off,0,0,,76,Auckland,Nil,,,,,0,0,Urban,0,,,Fine,Null
1930425,5604707,21189,,548200,0,,0,3,,Null,2006/2007,ST AUBYN ST EAST,MILLER ST,,Minor Crash,No,2006,,West,,0,,Flat,,,,,,Bright sun,1493502,2,0,0,2,,,0,,,,,,Hawke's Bay Region,Nil,2-way,Sealed,,0,0,,50,,Null,1,0,,30,Hastings District,Stop,,,,,0,0,Urban,0,,,Fine,Null
1562348,5181294,21190,,587812,0,,0,2,,Null,2006/2007,SH 73 YALDHURST,RUSSLEY ROAD,,Serious Crash,Yes,2006,,East,,0,,Flat,,,,,,Twilight,2495300,0,0,0,4,,,0,,,,,,Canterbury Region,Nil,2-way,Sealed,,0,1,,60,,Off,0,0,,60,Christchurch City,Traffic Signals,,,,,0,0,Urban,0,,,Fine,Null
1762662,5912592,21191,,520500,0,,1,1,,North,2006/2007,GREAT SOUTH ROAD,CHURCH ST,,Non-Injury Crash,No,2006,,South,,0,,Flat,,,,,,Overcast,637300,0,0,0,2,,,0,,,,,,Auckland Region,Nil,2-way,Sealed,,0,0,,50,,Off,0,0,,76,Auckland,Traffic Signals,,,,,1,0,Urban,1,,,Light rain,Null
1877810,5826129,21192,,537201,0,,0,1,,Null,2005/2006,VALE ST,GRANGE ROAD,,Non-Injury Crash,No,2006,,East,,0,,Flat,,,,,,Bright sun,1155603,0,1,0,3,,,0,,,,,,Bay of Plenty Region,Nil,2-way,Sealed,,0,0,,50,,Null,0,0,,23,Tauranga City,Give way,,,,,0,0,Urban,0,,,Fine,Null
1764845,5911082,21193,,520500,0,,0,1,,North,2006/2007,SH 1N,OTAHUHU OFF SBD,,Non-Injury Crash,Yes,2006,,South,,0,,Flat,,,,,,Dark,635901,0,0,0,3,,,0,,,,,,Auckland Region,Nil,1-way,Sealed,,0,0,,100,,On,1,0,,76,Auckland,Nil,,,,,0,0,Open,1,,,Fine,Null
1755613,5924637,21194,,509800,0,,0,0,,Null,2006/2007,ONEWA ROAD,QUEEN ST,,Serious Crash,No,2006,,West,,0,,Flat,,,,,,Dark,360300,1,0,1,4,,,0,,,,,,Auckland Region,Nil,2-way,Sealed,,0,1,,50,,On,0,0,,76,Auckland,Traffic Signals,,,,,0,0,Urban,1,,,Fine,Null
1636595,6110551,21195,,500202,0,0,0,1,0,North,2006/2007,SH 1N,VICTORIA VALLEY ROAD,,Fatal Crash,Yes,2006,0,North,0,1,1,Flat,0,,0,,0,Bright sun,6800,0,0,0,2,0,0,0,0,0,,0,0,Northland Region,Nil,2-way,Sealed,0,0,1,0,100,0,None,0,0,,1,Far North District,Nil,0,0,0,1,0,0,Open,0,0,0,Fine,Null
1802200,5816706,21196,,530000,0,,0,2,,South,2005/2006,PEACHGROVE ROAD,DAISY ST,,Minor Crash,No,2006,,North,,0,,Flat,,,,,,Overcast,866001,1,0,0,2,,,0,,,,,,Waikato Region,Nil,2-way,Sealed,,0,0,,50,,Null,0,0,,16,Hamilton City,Unknown,,,,,0,0,Urban,0,,,Fine,Null
1673369,6081952,21197,,501700,0,,0,1,,West,2006/2007,SH 12,QUARRY ROAD,,Minor Crash,Yes,2006,,South,,0,,Flat,,,,,,Overcast,42800,1,0,0,2,,,0,,,1,,,Northland Region,Nil,2-way,Sealed,,0,0,,50,,Off,0,0,,1,Far North District,Nil,,,,,0,0,Urban,0,,,Light rain,Null
1886775,5772562,21198,,538722,0,,0,3,,East,2005/2006,SH 30,HAMIORA PLACE,,Non-Injury Crash,Yes,2006,,East,,0,,Flat,,,,,,Bright sun,1257600,0,0,0,4,,,0,,,,,,Bay of Plenty Region,Nil,2-way,Sealed,,0,0,,70,,Null,0,0,,24,Rotorua District,Unknown,,,,,0,0,Urban,0,,,Fine,Null
1771517,5444098,21199,,567700,0,0,0,1,0,East,2006/2007,Z DWAY SUMMERSET VILLAGE,RACECOURSE/GRAVILLE,,Minor Crash,No,2006,0,West,0,0,0,Flat,0,,1,,0,Bright sun,1895701,1,0,0,0,0,0,0,0,0,,0,0,Wellington Region,Nil,Off road,Sealed,0,0,0,0,50,0,Null,0,0,,45,Upper Hutt City,Nil,0,0,0,0,0,0,Urban,0,0,0,Fine,Null
1756056,5921064,21200,,515202,0,,0,2,,Null,2005/2006,FANSHAWE OFF SBD,SH 1N,,Non-Injury Crash,Yes,2006,,South,,0,,Flat,,,,,,Dark,425600,0,0,0,8,,,0,,,,,,Auckland Region,Motorway ramp,2-way,Sealed,,0,0,,80,,On,0,0,,76,Auckland,Nil,,,,,0,0,Open,0,,,Light rain,Null
1764175,5910131,21201,,521801,0,,0,2,,Null,2005/2006,ATKINSON AVENUE,PRINCES ST,,Non-Injury Crash,No,2006,,South,,0,,Flat,,,,,,Overcast,786802,0,0,0,1,,,0,,,,,,Auckland Region,Nil,1-way,Sealed,,0,0,,50,,Off,0,0,,76,Auckland,Give way,,,,,0,0,Urban,0,,,Fine,Null
1803044,5799899,21202,,527932,0,0,0,3,0,North,2005/2006,SH 3,RYBURN ROAD,,Non-Injury Crash,Yes,2006,0,South,0,0,0,Flat,0,,0,,0,Bright sun,985804,0,0,0,4,0,0,0,0,1,,0,0,Waikato Region,Nil,2-way,Sealed,0,0,0,0,70,0,Null,0,0,,17,Waipa District,Unknown,0,0,0,0,0,0,Urban,0,0,0,Fine,Null
1769893,5899577,21203,,523911,0,0,0,3,0,North,2005/2006,SH 1N,TAKANINI OFF SBD,,Non-Injury Crash,Yes,2006,0,South,0,0,0,Flat,1,,0,,0,Bright sun,766500,0,0,0,2,0,0,0,0,0,,0,0,Auckland Region,Nil,1-way,Sealed,0,0,0,0,100,0,Off,0,0,,76,Auckland,Nil,0,0,0,0,0,0,Open,1,0,0,Fine,Null
1717825,6038706,21204,,502005,0,0,0,1,0,East,2006/2007,SH 1N,PORTLAND ROAD,,Minor Crash,Yes,2006,0,East,0,0,1,Flat,0,,0,,0,Overcast,76400,1,0,0,2,0,0,0,0,0,,0,0,Northland Region,Nil,2-way,Sealed,0,0,0,0,100,0,None,0,0,,2,Whangarei District,Nil,0,0,0,0,0,0,Open,0,0,0,Light rain,Null
1745063,5917750,21205,,510700,0,,0,2,,Null,2006/2007,GREAT NORTH ROAD,SWANSON ROAD,,Minor Crash,No,2006,,North,,0,,Flat,,,,,,Dark,239501,2,0,0,4,,,0,,,,,,Auckland Region,Nil,2-way,Sealed,,0,0,,50,,On,0,0,,76,Auckland,Traffic Signals,,,,,0,0,Urban,0,,,Fine,Null
1878289,5822174,21206,,538102,0,,0,2,,South,2005/2006,SH 2A,DEVONPORT ROAD,,Non-Injury Crash,Yes,2006,,South,,0,,Flat,,,,,,Bright sun,1168900,0,0,0,2,,,0,,,,,,Bay of Plenty Region,Nil,2-way,Sealed,,0,0,,50,,Null,0,0,,23,Tauranga City,Unknown,,,,,0,0,Urban,0,,,Fine,Null
1406207,4916756,21207,,603000,0,,0,1,,Null,2006/2007,MORAY PLACE,PRINCES ST,,Minor Crash,No,2006,,North,,0,,Flat,,,,,,Dark,2899300,2,0,0,4,,,0,,,2,,,Otago Region,Nil,2-way,Sealed,,0,0,,50,,On,0,0,,71,Dunedin City,Traffic Signals,,,,,0,0,Urban,0,,,Light rain,Null
1718581,6049370,21208,,502300,0,,0,2,,Null,2006/2007,OLD SH 1N,KAMO ROAD,,Non-Injury Crash,Yes,2006,,South,,0,,Flat,,,,,,Dark,89602,0,0,0,4,,,0,,,,,,Northland Region,Nil,2-way,Sealed,,0,0,,50,,On,0,0,,2,Whangarei District,Give way,,,,,0,0,Urban,0,,,Light rain,Null
1745617,5917228,21209,,510700,0,,0,1,,West,2005/2006,GREAT NORTH ROAD,TRADING PLACE,,Non-Injury Crash,No,2006,,West,,0,,Flat,,,,,,Bright sun,239900,0,0,0,2,,,0,,,1,,,Auckland Region,Nil,2-way,Sealed,,0,0,,50,,Off,0,0,,76,Auckland,Nil,,,,,0,0,Urban,0,,,Fine,Null
1768419,5906125,21210,,523721,0,0,0,0,0,West,2006/2007,FLAT BUSH ROAD,DAWSON ROAD,,Non-Injury Crash,No,2006,0,West,0,0,0,Flat,0,,0,,0,Overcast,715504,0,0,0,2,0,0,0,0,0,,0,0,Auckland Region,Nil,2-way,Sealed,0,0,0,0,50,0,Null,0,0,,76,Auckland,Unknown,0,0,0,1,1,0,Urban,0,0,0,Fine,Null