X,Y,OBJECTID,advisorySpeed,areaUnitID,bicycle,bridge,bus,carStationWagon,cliffBank,crashDirectionDescription,crashFinancialYear,crashLocation1,crashLocation2,crashRoadSideRoad,crashSeverity,crashSHDescription,crashYear,debris,directionRoleDescription,ditch,fatalCount,fence,flatHill,guardRail,holiday,houseOrBuilding,intersection,kerb,light,meshblockId,minorInjuryCount,moped,motorcycle,NumberOfLanes,objectThrownOrDropped,otherObject,otherVehicleType,overBank,parkedVehicle,pedestrian,phoneBoxEtc,postOrPole,region,roadCharacter,roadLane,roadSurface,roadworks,schoolBus,seriousInjuryCount,slipOrFlood,speedLimit,strayAnimal,streetLight,suv,taxi,temporarySpeedLimit,tlaId,tlaName,trafficControl,trafficIsland,trafficSign,train,tree,truck,unknownVehicleType,urban,vanOrUtility,vehicle,waterRiver,weatherA,weatherB
1883626,5775234,21211,,539200,0,0,0,1,1,East,2005/2006,RAILWAY ROAD,LAKE ROAD,,Minor Crash,No,2006,0,East,1,0,0,Flat,0,,0,,0,Dark,1221700,1,0,0,2,0,0,0,0,0,,0,0,Bay of Plenty Region,Nil,2-way,Sealed,0,0,0,0,50,0,On,0,0,,24,Rotorua District,Unknown,0,0,0,0,0,0,Urban,0,0,0,Light rain,Null
1753062,5916788,21212,,517800,0,0,0,2,0,Null,2005/2006,NEW NORTH ROAD,ASQUITH AVENUE,,Non-Injury Crash,No,2006,0,North,0,0,0,Flat,1,,0,,0,Twilight,527600,0,0,0,4,0,0,0,0,0,,0,0,Auckland Region,Nil,2-way,Sealed,0,0,0,0,50,0,On,0,0,,76,Auckland,Stop,0,0,0,0,0,0,Urban,0,0,0,Fine,Null
1623260,6114952,21213,,500301,0,0,0,1,0,West,2006/2007,GRIGG ST,JAMIESON ROAD,,Non-Injury Crash,No,2006,0,East,0,0,0,Flat,0,,0,,0,Dark,12904,0,0,0,2,0,0,0,0,1,,0,0,Northland Region,Nil,2-way,Sealed,0,0,0,0,50,0,On,0,0,,1,Far North District,Nil,0,0,0,0,0,0,Urban,1,0,0,Fine,Null
1439315,5016939,21214,,600826,0,0,0,1,1,West,2006/2007,SH 83,HORSE GULLY ROAD,,Minor Crash,Yes,2006,0,East,0,0,0,Flat,0,,0,,0,Overcast,2827400,1,0,0,2,0,0,0,0,0,,0,0,Otago Region,Nil,2-way,Sealed,0,0,0,0,100,0,Null,0,0,,68,Waitaki District,Unknown,0,0,0,0,0,0,Open,0,0,0,Snow,Null
1752978,5928580,21215,,508412,0,,0,2,,Null,2005/2006,EASTON PARK PARADE,NOELEEN ST,,Minor Crash,No,2006,,South,,0,,Flat,,,,,,Bright sun,184400,1,0,0,2,,,0,,,,,,Auckland Region,Nil,2-way,Sealed,,0,0,,50,,Off,0,0,,76,Auckland,Nil,,,,,0,0,Urban,0,,,Fine,Null
1759206,5903430,21216,,524200,0,,0,2,,Null,2006/2007,TOM PEARCE DRIVE,GEORGE BOLT MEMORIAL DRIV,,Minor Crash,No,2006,,East,,0,,Flat,,,,,,Dark,727200,1,0,0,4,,,0,,,,,,Auckland Region,Nil,2-way,Sealed,,0,0,,50,,On,0,0,,76,Auckland,Traffic Signals,,,,,0,0,Urban,0,,,Light rain,Null
1387537,4911064,21217,,602500,0,,0,0,,South,2005/2006,SH 1S,SH 86,,Fatal Crash,Yes,2006,,North,,1,,Flat,,,,,,Overcast,2975900,1,0,0,2,,,0,,,,,,Otago Region,Nil,2-way,Sealed,,0,0,,100,,Null,0,0,,71,Dunedin City,Unknown,,,,,1,0,Open,1,,,Light rain,Null
1867285,5825011,21218,,536620,0,0,0,1,0,South,2006/2007,SH 2,BARRETT ROAD,,Non-Injury Crash,Yes,2006,1,South,0,0,0,Hill Road,0,,0,,0,Bright sun,1188900,0,0,0,2,0,0,0,0,0,,0,0,Bay of Plenty Region,Nil,2-way,Sealed,0,0,0,0,100,0,Null,1,0,,22,Western Bay of Plenty District,Unknown,0,0,0,0,0,0,Open,0,0,0,Fine,Null
1847559,5754928,21219,,535262,0,0,0,1,1,North,2005/2006,SH 32,ALBCORE ROAD N,,Non-Injury Crash,Yes,2006,0,North,0,0,0,Hill Road,0,,0,,0,Bright sun,1151200,0,0,0,2,0,0,0,0,0,,0,0,Waikato Region,Nil,2-way,Sealed,0,0,0,0,100,0,Null,0,0,,19,South Waikato District,Unknown,0,0,0,0,0,0,Open,0,0,0,Fine,Null
1753910,5925533,21220,,508610,0,0,0,1,0,North,2006/2007,GLENFIELD ROAD,PUPUKE ROAD,,Non-Injury Crash,No,2006,0,South,0,0,0,Flat,0,,0,,0,Dark,207200,0,0,0,2,0,0,0,0,0,,1,0,Auckland Region,Nil,2-way,Sealed,0,0,0,0,50,0,On,0,0,,76,Auckland,Nil,0,0,0,0,0,0,Urban,0,0,0,Fine,Null
1767980,5880990,21221,,525921,0,0,0,1,0,Null,2006/2007,VICTORIA ST,MOLONEY TERRACE,,Minor Crash,No,2006,0,West,0,0,0,Flat,0,,0,,0,Overcast,821001,1,0,0,2,0,0,0,0,1,,0,0,Auckland Region,Nil,2-way,Sealed,0,0,0,0,50,0,Off,0,0,,76,Auckland,Nil,0,0,0,0,0,0,Urban,1,0,0,Fine,Null
1756684,5929581,21222,,507720,0,0,0,0,0,Null,2005/2006,EAST COAST ROAD,MARSH AVENUE,,Non-Injury Crash,No,2006,0,North,0,0,0,Flat,0,,0,,0,Dark,312402,0,0,0,3,0,0,0,0,0,,0,1,Auckland Region,Nil,2-way,Sealed,0,0,0,0,50,0,On,1,0,,76,Auckland,Give way,0,0,0,1,0,0,Urban,0,0,0,Fine,Null
1803067,5814178,21223,,530300,1,,0,1,,Null,2005/2006,NAYLOR ST,FOX ST,,Minor Crash,No,2006,,West,,0,,Flat,,,,,,Overcast,882700,1,0,0,2,,,0,,,,,,Waikato Region,Nil,2-way,Sealed,,0,0,,50,,Null,0,0,,16,Hamilton City,Give way,,,,,0,0,Urban,0,,,Fine,Null
1746572,5915624,21224,,511800,0,,0,2,,Null,2005/2006,GREAT NORTH ROAD,VIEW ROAD,,Non-Injury Crash,No,2006,,North,,0,,Flat,,,,,,Bright sun,276300,0,0,0,4,,,0,,,,,,Auckland Region,Nil,2-way,Sealed,,0,0,,50,,Off,0,0,,76,Auckland,Give way,,,,,0,0,Urban,0,,,Fine,Null
1823397,5462375,21225,,578800,0,,0,1,,East,2005/2006,HERBERT ST,DIXON ST,,Serious Crash,No,2006,,South,,0,,Flat,,,,,,Bright sun,2241301,0,0,0,2,,,0,,,1,,,Wellington Region,Nil,2-way,Sealed,,0,1,,50,,Null,0,0,,48,Masterton District,Nil,,,,,0,0,Urban,0,,,Fine,Null
1792053,5718822,21226,65,532700,0,0,0,0,1,South,2006/2007,SH 4,TAPUIWAHINE ROAD,,Minor Crash,Yes,2006,0,North,0,0,0,Hill Road,0,,0,,0,Dark,1041800,1,0,0,2,0,0,0,0,0,,0,0,Manawatū-Whanganui Region,Nil,2-way,Sealed,0,0,0,0,100,0,None,0,0,,36,Ruapehu District,Nil,0,0,0,0,1,0,Open,0,0,0,Fine,Null
1764845,5911032,21227,,520500,0,,0,2,,North,2005/2006,SH 1N,PRINCES OBR,,Non-Injury Crash,Yes,2006,,North,,0,,Hill Road,,,,,,Overcast,636300,0,0,0,3,,,0,,,,,,Auckland Region,Nil,2-way,Sealed,,0,0,,100,,Off,0,0,,76,Auckland,Nil,,,,,0,0,Open,0,,,Light rain,Null
1770989,5576797,21228,,555900,0,0,0,0,0,East,2006/2007,PURIRI ST,MIRO ST,,Minor Crash,No,2006,0,West,0,0,0,Flat,0,,0,,0,Dark,1716000,2,0,0,2,0,0,0,0,0,,0,1,Manawatū-Whanganui Region,Nil,2-way,Sealed,0,0,0,0,50,0,On,0,0,,37,Whanganui District,Nil,0,0,0,0,0,0,Urban,1,0,0,Fine,Null
1769306,5899716,21229,,525002,0,0,0,3,0,Null,2005/2006,MAHIA ROAD,HOLMES ROAD,,Non-Injury Crash,No,2006,0,West,0,0,0,Flat,0,,0,,0,Bright sun,754100,0,0,0,2,0,0,0,0,0,,0,0,Auckland Region,Nil,2-way,Sealed,0,0,0,0,50,0,Off,0,0,,76,Auckland,Give way,0,0,0,0,0,0,Urban,0,1,0,Fine,Null
1752412,5916618,21230,,517901,0,0,0,2,0,North,2005/2006,WOODWARD ROAD,WILLCOTT ST,,Non-Injury Crash,No,2006,0,South,0,0,0,Flat,0,,0,,0,Dark,524600,0,0,0,2,0,0,0,0,1,,0,0,Auckland Region,Nil,2-way,Sealed,0,0,0,0,50,0,On,0,0,,76,Auckland,Nil,0,0,0,0,0,0,Urban,0,0,0,Fine,Null
1748932,5959506,21231,,506613,0,0,0,0,0,South,2006/2007,SH 1N,MAHURANGI WEST ROAD,,Non-Injury Crash,Yes,2006,0,South,1,0,0,Flat,0,,0,,0,Overcast,146800,0,0,0,2,0,0,0,0,0,,0,0,Auckland Region,Nil,2-way,Sealed,0,0,0,0,100,0,None,0,0,,76,Auckland,Nil,0,0,0,0,2,0,Open,0,0,0,Fine,Null
1822176,5529516,21232,,562800,0,,0,1,,Null,2005/2006,CHURCH ST,PRINCESS ST,,Minor Crash,No,2006,,East,,0,,Flat,,,,,,Bright sun,1829300,1,0,0,3,,,0,,,,,,Manawatū-Whanganui Region,Nil,2-way,Sealed,,0,0,,50,,Null,0,0,,40,Palmerston North City,Traffic Signals,,,,,1,0,Urban,0,,,Fine,Null
1728444,5932137,21233,,506652,0,1,0,1,0,South,2005/2006,SH 16,JAMES MACKIE ROAD,,Non-Injury Crash,Yes,2006,0,South,1,0,0,Flat,0,,0,,0,Dark,218200,0,0,0,2,0,0,0,1,0,,0,0,Auckland Region,Bridge,2-way,Sealed,0,0,0,0,100,0,None,0,0,,76,Auckland,Nil,0,0,0,0,0,0,Open,0,0,0,Mist or Fog,Null
1756101,5916120,21234,,518301,0,,0,2,,Null,2005/2006,BALMORAL ROAD,MATIPO ST,,Non-Injury Crash,No,2006,,West,,0,,Flat,,,,,,Overcast,556200,0,0,0,4,,,0,,,,,,Auckland Region,Nil,2-way,Sealed,,0,0,,50,,Off,0,0,,76,Auckland,Give way,,,,,0,0,Urban,0,,,Mist or Fog,Null
1717274,6051329,21235,,502001,0,0,0,1,0,Null,2006/2007,PIPIWAI ROAD,WAIPANGA ROAD,,Non-Injury Crash,No,2006,0,North,0,0,1,Flat,0,,0,,0,Dark,69800,0,0,0,2,0,0,0,0,0,,0,0,Northland Region,Nil,2-way,Sealed,0,0,0,0,50,0,None,0,0,,2,Whangarei District,Give way,0,0,0,0,0,0,Urban,0,0,0,Light rain,Null
1405712,4915628,21236,,602900,0,,0,2,,Null,2006/2007,LEES ST,JONES ST,,Minor Crash,No,2006,,South,,0,,Hill Road,,,,,,Overcast,2896400,2,0,0,2,,,0,,,,,,Otago Region,Nil,2-way,Sealed,,0,0,,50,,Null,0,0,,71,Dunedin City,Nil,,,,,0,0,Urban,0,,,Fine,Null
1407039,4918359,21237,,603601,0,,0,1,,Null,2005/2006,SH 1S,DUNDAS ST,,Minor Crash,Yes,2006,,South,,0,,Flat,,,,,,Dark,2866102,1,0,0,4,,,0,,,,,,Otago Region,Nil,1-way,Sealed,,0,0,,50,,On,1,0,,71,Dunedin City,Traffic Signals,,,,,0,0,Urban,0,,,Fine,Null
1760103,5915932,21238,,516002,0,0,0,1,0,Null,2006/2007,GREEN LANE EAST,GREENLANE INT,,Non-Injury Crash,No,2006,0,East,0,0,0,Flat,0,,0,,0,Overcast,492100,0,0,0,2,0,0,0,0,0,,0,0,Auckland Region,Nil,2-way,Sealed,0,0,0,0,50,0,Off,0,0,,76,Auckland,Give way,0,0,0,0,1,0,Urban,0,1,0,Fine,Null
1406607,4916784,21239,,603100,0,,1,0,,Null,2005/2006,SH 1S,STUART ST,,Serious Crash,Yes,2006,,East,,0,,Flat,,,,,,Bright sun,2901600,0,0,0,3,,,0,,,1,,,Otago Region,Nil,1-way,Sealed,,0,1,,50,,Null,0,0,,71,Dunedin City,Traffic Signals,,,,,0,0,Urban,0,,,Fine,Null
1747629,5919496,21240,,512300,0,,0,2,,East,2005/2006,SH 16,TE ATATU OBR,,Non-Injury Crash,Yes,2006,,East,,0,,Flat,,,,,,Bright sun,252000,0,0,0,3,,,0,,,,,,Auckland Region,Nil,1-way,Sealed,,0,0,,100,,Off,0,0,,76,Auckland,Nil,,,,,0,0,Open,0,,,Fine,Null
1720778,6044035,21241,30,503900,0,,0,2,,South,2006/2007,Z CPK THE WAREHOUSE,KIOREROA ROAD,,Non-Injury Crash,No,2006,,West,,0,,Flat,,,,,,Bright sun,109200,0,0,0,0,,,0,,,,,,Northland Region,Nil,Off road,Sealed,,0,0,,50,,Off,0,0,,2,Whangarei District,Nil,,,,,0,0,Urban,0,,,Fine,Null
1242453,4849481,21242,,611210,0,0,0,1,0,South,2005/2006,SH 1S,SH 6,,Minor Crash,Yes,2006,0,South,0,0,0,Flat,0,,0,,0,Dark,3108600,1,0,0,4,0,0,0,0,0,,0,0,Southland Region,Nil,2-way,Sealed,0,0,0,0,50,0,On,0,0,,75,Invercargill City,Unknown,1,0,0,0,0,0,Urban,0,0,0,Fine,Frost
1566157,5179269,21243,,590300,1,,0,1,,Null,2006/2007,BLENHEIM ROAD,MIDDLETON ROAD,,Serious Crash,No,2006,,West,,0,,Flat,,,,,,Bright sun,2538800,0,0,0,4,,,0,,,,,,Canterbury Region,Nil,2-way,Sealed,,0,1,,60,,Null,0,0,,60,Christchurch City,Stop,,,,,0,0,Urban,0,,,Fine,Null
1933348,5618637,21244,,547100,1,,0,1,,Null,2006/2007,KENNEDY ROAD,KENNEDY OFF NBD,,Minor Crash,No,2006,,South,,0,,Flat,,,,,,Overcast,1448104,1,0,0,2,,,0,,,,,,Hawke's Bay Region,Nil,2-way,Sealed,,0,0,,50,,Null,0,0,,31,Napier City,Give way,,,,,0,0,Urban,0,,,Fine,Null
1749265,5913575,21245,,511401,0,,0,2,,East,2006/2007,MARGAN AVENUE,TITIRANGI ROAD,,Non-Injury Crash,No,2006,,West,,0,,Flat,,,,,,Twilight,263500,0,0,0,2,,,0,,,,,,Auckland Region,Nil,2-way,Sealed,,0,0,,50,,On,0,0,,76,Auckland,Traffic Signals,,,,,0,0,Urban,0,,,Fine,Null
1764014,5912515,21246,,520500,0,,0,1,,West,2006/2007,MT WGTN ON SBD,SH 1N,,Non-Injury Crash,Yes,2006,,East,,0,,Flat,,,,,,Overcast,637500,0,0,0,1,,,0,,,,,,Auckland Region,Nil,1-way,Sealed,,0,0,,100,,Off,0,0,,76,Auckland,Nil,,,,,1,0,Open,0,,,Fine,Null
1753984,5927859,21247,,508310,0,0,0,1,0,West,2005/2006,BENTLEY AVENUE,DOWNING ST,,Non-Injury Crash,No,2006,0,West,0,0,0,Hill Road,0,Easter,1,,0,Overcast,200100,0,0,0,2,0,0,0,0,0,,0,0,Auckland Region,Nil,2-way,Sealed,0,0,0,0,50,0,Off,0,0,,76,Auckland,Nil,0,0,0,0,0,0,Urban,0,0,0,Fine,Null
1762546,5907325,21248,,524530,0,0,0,1,0,Null,2005/2006,MASSEY ROAD,YATES ROAD,,Minor Crash,No,2006,0,South,0,0,0,Flat,0,,1,,0,Twilight,733000,1,0,0,2,0,0,0,0,0,,0,0,Auckland Region,Nil,2-way,Sealed,0,0,0,0,50,0,On,0,0,,76,Auckland,Give way,1,0,0,0,0,0,Urban,0,0,0,Fine,Null
1762823,5917003,21249,,516302,0,0,0,1,0,West,2005/2006,GRAND DRIVE,ROSEPARK CRESCENT W,,Minor Crash,No,2006,0,East,0,0,0,Flat,0,,0,,0,Overcast,463006,1,0,0,2,0,0,0,0,0,,0,0,Auckland Region,Nil,2-way,Sealed,0,0,0,0,50,0,Off,0,0,,76,Auckland,Nil,0,0,0,1,0,0,Urban,0,0,0,Fine,Null
1755178,5914310,21250,,518500,0,,0,1,,North,2006/2007,DOMINION ROAD,MOUNT ALBERT ROAD,,Non-Injury Crash,No,2006,,South,,0,,Flat,,,,,,Bright sun,560900,0,0,0,4,,,0,,,,,,Auckland Region,Nil,2-way,Sealed,,0,0,,50,,Off,0,0,,76,Auckland,Nil,,,,,0,0,Urban,1,,,Fine,Null
1624017,5430433,21251,,582800,0,0,0,2,0,South,2005/2006,COLLINGWOOD ST,NILE ST,,Minor Crash,No,2006,0,North,0,0,0,Flat,0,,0,,0,Dark,2322000,1,0,0,2,0,0,0,0,1,,0,0,Nelson Region,Nil,2-way,Sealed,0,0,0,0,50,0,On,0,0,,52,Nelson City,Nil,0,0,0,0,0,0,Urban,0,0,0,Fine,Null
1718268,6043086,21252,,503800,0,,0,3,,South,2005/2006,SH 1N,ARCUS ST,,Non-Injury Crash,Yes,2006,,North,,0,,Hill Road,,,,,,Overcast,107908,0,0,0,2,,,0,,,,,,Northland Region,Nil,2-way,Sealed,,0,0,,80,,Off,0,0,,2,Whangarei District,Nil,,,,,0,0,Open,0,,,Fine,Null
1749535,5914058,21253,,511301,0,0,0,2,0,North,2006/2007,Z CPK THE WAREHOUSE,GREAT NORTH ROAD,,Non-Injury Crash,No,2006,0,West,0,0,0,Flat,0,Labour Weekend,0,,0,Overcast,266900,0,0,0,1,0,0,0,0,1,,0,0,Auckland Region,Nil,Off road,Sealed,0,0,0,0,20,0,Off,0,0,,76,Auckland,Nil,0,0,0,0,0,0,Urban,0,0,0,Fine,Null
1817225,5803349,21254,,527503,0,0,0,2,0,South,2005/2006,SH 1N,EMPIRE ST,,Minor Crash,Yes,2006,0,East,0,0,0,Hill Road,0,,0,,0,Dark,962602,1,0,0,3,0,0,0,0,0,,0,1,Waikato Region,Nil,2-way,Sealed,0,0,0,0,50,0,On,0,0,,17,Waipa District,Unknown,0,0,0,0,0,0,Urban,0,0,0,Fine,Null
1766616,5907150,21255,,522302,0,,0,0,,South,2005/2006,SH 1N,EAST TAMAKI OBR,,Non-Injury Crash,Yes,2006,,North,,0,,Flat,,,,,,Bright sun,668000,0,0,0,3,,,0,,,,,,Auckland Region,Nil,1-way,Sealed,,0,0,,100,,Off,0,0,,76,Auckland,Nil,,,,,1,0,Open,1,,,Fine,Null
1756367,5924447,21256,,509702,0,,0,3,,North,2006/2007,SH 1N,MT WGTN OFF SBD,,Minor Crash,Yes,2006,,South,,0,,Flat,,,,,,Bright sun,366700,1,0,0,4,,,0,,,,,,Auckland Region,Nil,1-way,Sealed,,0,0,,100,,Off,0,0,,76,Auckland,Nil,,,,,0,0,Open,0,,,Fine,Null
1767643,5904490,21257,,524604,0,,0,2,,Null,2005/2006,GREAT SOUTH ROAD,GLADDING PLACE,,Minor Crash,No,2006,,South,,0,,Flat,,,,,,Bright sun,780204,1,0,0,4,,,0,,,,,,Auckland Region,Nil,2-way,Sealed,,0,0,,50,,Off,0,0,,76,Auckland,Nil,,,,,0,0,Urban,0,,,Fine,Null
1754878,5918678,21258,,515420,0,,0,1,,Null,2005/2006,TUARANGI ROAD E,GREAT NORTH ROAD,,Minor Crash,No,2006,,North,,0,,Flat,,,,,,Bright sun,404700,1,0,0,2,,,0,,,1,,,Auckland Region,Nil,2-way,Sealed,,0,0,,50,,Off,0,0,,76,Auckland,Traffic Signals,,,,,0,0,Urban,0,,,Fine,Null
1766210,5900036,21259,,524822,0,,0,0,,Null,2006/2007,ROSCOMMON ROAD,ROBERT ROSS PLACE,,Non-Injury Crash,No,2006,,North,,0,,Flat,,,,,,Overcast,774431,0,0,0,4,,,0,,,,,,Auckland Region,Nil,2-way,Sealed,,0,0,,50,,Off,0,0,,76,Auckland,Nil,,,,,0,0,Urban,2,,,Light rain,Null
1769905,5900497,21260,,523816,0,0,0,1,0,North,2005/2006,SH 1N,TAKANINI OFF SBD,,Non-Injury Crash,Yes,2006,0,South,0,0,0,Hill Road,0,,0,,0,Bright sun,759734,0,0,0,2,0,0,0,0,0,,0,0,Auckland Region,Nil,1-way,Sealed,0,0,0,0,100,0,Off,0,0,,76,Auckland,Nil,0,0,0,1,0,0,Open,0,0,0,Fine,Null
1758691,5920386,21261,,515902,0,0,0,4,0,West,2006/2007,SH 16,ST GEORGES BAY ROAD,,Non-Injury Crash,Yes,2006,0,East,0,0,0,Flat,0,,0,,0,Dark,453000,0,0,0,2,0,0,0,0,3,,0,0,Auckland Region,Nil,2-way,Sealed,0,0,0,0,50,0,On,0,0,,76,Auckland,Nil,0,0,0,0,0,0,Urban,0,0,0,Fine,Null
1877059,5813551,21262,,536630,0,0,0,1,0,West,2006/2007,WARNER ROAD,HEREFORD ROAD,,Non-Injury Crash,No,2006,0,East,0,0,0,Hill Road,0,,0,,0,Twilight,1193502,0,0,0,2,0,0,0,0,0,,0,1,Bay of Plenty Region,Nil,2-way,Sealed,0,0,0,0,100,0,None,0,0,,22,Western Bay of Plenty District,Unknown,0,0,0,0,0,0,Open,0,0,0,Fine,Null
1686204,6101120,21263,,500900,0,,0,1,,North,2006/2007,KERIKERI ROAD,BUTLER ROAD,,Minor Crash,No,2006,,North,,0,,Flat,,,,,,Bright sun,53600,1,0,0,2,,,0,,,,,,Northland Region,Nil,2-way,Sealed,,0,0,,50,,Off,1,0,,1,Far North District,Nil,,,,,0,0,Urban,0,,,Fine,Null
1735370,5938101,21264,,506653,0,,0,2,,South,2006/2007,PEAK ROAD,CHATHAM ROAD,,Non-Injury Crash,No,2006,,North,,0,,Flat,,,,,,Overcast,217702,0,0,0,2,,,0,,,,,,Auckland Region,Nil,2-way,Sealed,,0,0,,100,,None,0,0,,76,Auckland,Nil,,,,,0,0,Open,0,,,Fine,Null
1758679,5903182,21265,,524200,0,,0,2,,West,2005/2006,Z CPK AUCKLAND AIRPORT,RAY EMERY DRIVE,,Non-Injury Crash,No,2006,,East,,0,,Flat,,Easter,,,,Bright sun,727200,0,0,0,1,,,0,,,,,,Auckland Region,Nil,Off road,Sealed,,0,0,,50,,None,0,0,,76,Auckland,Nil,,,,,0,0,Urban,0,,,Fine,Null
1687470,5395006,21266,45,580451,0,0,0,0,0,Null,2006/2007,SH 1S,DAZZLE CORNER,,Serious Crash,Yes,2006,0,East,0,0,0,Hill Road,1,,0,,0,Overcast,2292214,0,0,1,2,0,0,0,0,0,,0,0,Marlborough Region,Nil,2-way,Sealed,0,0,1,0,100,0,Null,0,0,,53,Marlborough District,Nil,0,0,0,0,0,0,Open,0,0,0,Fine,Null
1798284,5818135,21267,,528403,0,,0,2,,Null,2005/2006,TE RAPA ROAD,HOME STRAIGHT,,Non-Injury Crash,No,2006,,South,,0,,Flat,,,,,,Dark,908000,0,0,0,4,,,0,,,,,,Waikato Region,Nil,2-way,Sealed,,0,0,,60,,On,0,0,,16,Hamilton City,Traffic Signals,,,,,0,0,Urban,0,,,Fine,Null
1607576,5433910,21268,,581825,1,,0,1,,North,2005/2006,STAFFORD DRIVE,ARANUI ROAD,,Minor Crash,No,2006,,South,,0,,Flat,,,,,,Bright sun,2350302,1,0,0,2,,,0,,,,,,Tasman Region,Nil,2-way,Sealed,,0,0,,70,,Null,0,0,,51,Tasman District,Nil,,,,,0,0,Urban,0,,,Fine,Null
1799431,5815520,21269,,528900,0,,0,2,,South,2005/2006,LAKE ROAD,HALL ST,,Non-Injury Crash,No,2006,,North,,0,,Flat,,,,,,Dark,913100,0,0,0,2,,,0,,,,,,Waikato Region,Nil,2-way,Sealed,,0,0,,50,,On,0,0,,16,Hamilton City,Unknown,,,,,0,0,Urban,0,,,Fine,Null
1768422,5901540,21270,,525001,0,,0,2,,North,2006/2007,GREAT SOUTH ROAD,CORIN AVENUE,,Minor Crash,No,2006,,North,,0,,Flat,,,,,,Bright sun,751300,1,0,0,2,,,0,,,,,,Auckland Region,Nil,2-way,Sealed,,0,0,,50,,Off,0,0,,76,Auckland,Nil,,,,,0,0,Urban,0,,,Fine,Null
1865838,5718276,21271,,541312,0,0,0,1,1,South,2006/2007,POIHIPI ROAD,TUKAIRANGI ROAD,,Minor Crash,No,2006,0,South,0,0,0,Hill Road,0,,0,,0,Overcast,1278700,1,0,0,2,0,0,0,0,0,,0,0,Waikato Region,Nil,2-way,Sealed,0,0,0,0,100,0,Null,0,0,,21,Taupo District,Unknown,0,0,0,0,0,0,Open,0,0,0,Heavy rain,Null
1804427,5790034,21272,,531004,0,0,0,2,0,West,2005/2006,MANDENO ST,HAZELMERE CRESCENT,,Non-Injury Crash,No,2006,0,North,0,0,0,Flat,0,,0,,0,Overcast,974602,0,0,0,2,0,0,0,0,1,,0,0,Waikato Region,Nil,2-way,Sealed,0,0,0,0,50,0,Null,0,0,,17,Waipa District,Unknown,0,0,0,0,0,0,Urban,0,0,0,Light rain,Null
1765231,5906991,21273,,522201,0,,0,1,,Null,2006/2007,SHIRLEY ROAD,DREADON AVENUE,,Non-Injury Crash,No,2006,,South,,0,,Flat,,,,,,Twilight,662300,0,0,0,2,,,0,,,,,,Auckland Region,Nil,2-way,Sealed,,0,0,,50,,Off,0,0,,76,Auckland,Give way,,,,,0,0,Urban,1,,,Fine,Null
1976424,5784142,21274,,542800,0,,0,1,,East,2006/2007,BRIDGE ST,SH 2,,Minor Crash,No,2006,,East,,0,,Flat,,,,,,Bright sun,1340501,2,0,0,2,,,0,,,1,,,Bay of Plenty Region,Nil,2-way,Sealed,,0,0,,50,,Null,0,0,,27,Ōpōtiki District,Stop,,,,,0,0,Urban,0,,,Fine,Null
1748807,5917843,21275,,514801,0,,0,3,,South,2005/2006,ROSEBANK ROAD,PATIKI ROAD,,Non-Injury Crash,No,2006,,North,,0,,Flat,,,,,,Overcast,389300,0,0,0,2,,,0,,,,,,Auckland Region,Nil,2-way,Sealed,,0,0,,50,,Off,1,0,,76,Auckland,Nil,,,,,0,0,Urban,0,,,Light rain,Null
1755361,5930319,21276,,508510,1,,0,1,,Null,2006/2007,SUNNYNOOK ROAD,BECROFT DRIVE,,Minor Crash,No,2006,,South,,0,,Flat,,,,,,Overcast,194402,1,0,0,2,,,0,,,,,,Auckland Region,Nil,2-way,Sealed,,0,0,,50,,Off,0,0,,76,Auckland,Traffic Signals,,,,,0,0,Urban,0,,,Fine,Null
1712200,6035775,21277,,501809,0,0,0,1,1,North,2005/2006,MAUNGAKARAMEA ROAD,MARSHVILLE ROAD,,Non-Injury Crash,No,2006,0,East,0,0,0,Hill Road,0,,0,,0,Twilight,75001,0,0,0,2,0,0,0,0,0,,0,0,Northland Region,Nil,2-way,Sealed,0,0,0,0,100,0,None,0,0,,2,Whangarei District,Nil,0,0,0,0,0,0,Open,0,0,0,Fine,Null
1760057,5923863,21278,,509300,0,0,0,1,0,North,2005/2006,LAKE ROAD,SEABREEZE ROAD,,Non-Injury Crash,No,2006,0,South,0,0,0,Hill Road,0,,0,,1,Dark,336900,0,0,0,2,0,0,0,0,0,,0,0,Auckland Region,Nil,2-way,Sealed,0,0,0,0,50,0,On,0,0,,76,Auckland,Nil,0,1,0,0,0,0,Urban,0,0,1,Light rain,Null
1750129,5914553,21279,,511303,0,,0,1,,North,2006/2007,DELTA AVENUE,BENTINCK ST,,Minor Crash,No,2006,,North,,0,,Flat,,,,,,Bright sun,265800,1,0,0,2,,,0,,,1,,,Auckland Region,Nil,2-way,Sealed,,0,0,,50,,Off,0,0,,76,Auckland,Nil,,,,,0,0,Urban,0,,,Fine,Null
1762228,5913570,21280,,520500,0,,0,4,,South,2005/2006,SH 1N,PENROSE OBR,,Minor Crash,Yes,2006,,North,,0,,Flat,,,,,,Bright sun,637100,1,0,0,3,,,0,,,,,,Auckland Region,Nil,1-way,Sealed,,0,0,,100,,Off,0,0,,76,Auckland,Nil,,,,,0,0,Open,0,,,Fine,Null
1756796,5915910,21281,,518301,0,,0,1,,West,2005/2006,BALMORAL ROAD,MOUNT EDEN ROAD,,Non-Injury Crash,No,2006,,East,,0,,Flat,,,,,,Overcast,556600,0,0,0,4,,,0,,,,,,Auckland Region,Nil,2-way,Sealed,,0,0,,50,,Off,0,0,,76,Auckland,Nil,,,,,0,0,Urban,1,,,Fine,Null