X,Y,OBJECTID,advisorySpeed,areaUnitID,bicycle,bridge,bus,carStationWagon,cliffBank,crashDirectionDescription,crashFinancialYear,crashLocation1,crashLocation2,crashRoadSideRoad,crashSeverity,crashSHDescription,crashYear,debris,directionRoleDescription,ditch,fatalCount,fence,flatHill,guardRail,holiday,houseOrBuilding,intersection,kerb,light,meshblockId,minorInjuryCount,moped,motorcycle,NumberOfLanes,objectThrownOrDropped,otherObject,otherVehicleType,overBank,parkedVehicle,pedestrian,phoneBoxEtc,postOrPole,region,roadCharacter,roadLane,roadSurface,roadworks,schoolBus,seriousInjuryCount,slipOrFlood,speedLimit,strayAnimal,streetLight,suv,taxi,temporarySpeedLimit,tlaId,tlaName,trafficControl,trafficIsland,trafficSign,train,tree,truck,unknownVehicleType,urban,vanOrUtility,vehicle,waterRiver,weatherA,weatherB
1760799,5907221,21282,,524112,0,0,0,1,0,North,2005/2006,SH 20,BADER OBR,,Non-Injury Crash,Yes,2006,0,South,0,0,0,Flat,1,,0,,0,Overcast,737500,0,0,0,2,0,0,0,0,0,,0,0,Auckland Region,Nil,1-way,Sealed,0,0,0,0,100,0,Off,0,0,,76,Auckland,Nil,0,0,0,0,0,0,Open,0,0,0,Heavy rain,Null
1756989,5916614,21283,,518202,0,,0,2,,Null,2006/2007,MOUNT EDEN ROAD,GRANGE ROAD,,Non-Injury Crash,No,2006,,North,,0,,Flat,,,,,,Overcast,550500,0,0,0,2,,,0,,,,,,Auckland Region,Nil,2-way,Sealed,,0,0,,50,,Null,0,0,,76,Auckland,Stop,,,,,0,0,Urban,0,,,Heavy rain,Null
1763563,5907794,21284,,524301,0,,0,1,,North,2005/2006,ROSELLA ROAD,GRAY AVENUE,,Non-Injury Crash,No,2006,,North,,0,,Flat,,,,,,Dark,748600,0,0,0,2,,,0,,,,,,Auckland Region,Nil,2-way,Sealed,,0,0,,50,,On,0,0,,76,Auckland,Nil,,,,,0,0,Urban,0,,,Light rain,Null
1751641,5916878,21285,,514900,0,,0,3,,North,2005/2006,GREAT NORTH ROAD,FIR ST,,Non-Injury Crash,No,2006,,North,,0,,Flat,,,,,,Overcast,384400,0,0,0,4,,,0,,,,,,Auckland Region,Nil,2-way,Sealed,,0,0,,50,,Null,0,0,,76,Auckland,Nil,,,,,0,0,Urban,0,,,Fine,Null
1976900,5784788,21286,,542800,0,0,0,1,0,Null,2005/2006,KING ST,BUCHANAN ST,,Minor Crash,No,2006,0,East,0,0,0,Flat,0,,0,,0,Bright sun,1339600,1,0,0,2,0,0,0,0,0,,0,0,Bay of Plenty Region,Nil,2-way,Sealed,0,0,0,0,50,0,Null,0,0,,27,Ōpōtiki District,Nil,0,1,0,0,0,0,Urban,0,0,0,Fine,Null
1758166,5913746,21287,,518600,0,0,0,2,0,North,2006/2007,MANUKAU ROAD,RAURENGA AVENUE,,Non-Injury Crash,No,2006,0,North,0,0,0,Flat,0,,0,,0,Bright sun,567000,0,0,0,2,0,0,0,0,1,,0,0,Auckland Region,Nil,2-way,Sealed,0,0,0,0,50,0,Off,0,0,,76,Auckland,Nil,0,0,0,0,0,0,Urban,0,0,0,Fine,Null
1758903,5905086,21288,,524200,0,,0,2,,South,2005/2006,SH 20A,MONTGOMERIE ROAD,,Non-Injury Crash,Yes,2006,,North,,0,,Flat,,,,,,Bright sun,726500,0,0,0,4,,,0,,,,,,Auckland Region,Nil,2-way,Sealed,,0,0,,100,,Off,0,0,,76,Auckland,Nil,,,,,0,0,Open,1,,,Fine,Null
1765677,5901427,21289,,524604,0,,0,2,,West,2006/2007,Z CPK SAVE MART,ROSCOMMON ROAD,,Non-Injury Crash,No,2006,,West,,0,,Flat,,,,,,Bright sun,781302,0,0,0,1,,,0,,,,,,Auckland Region,Nil,Off road,Sealed,,0,0,,30,,Off,0,0,,76,Auckland,Nil,,,,,0,0,Urban,0,,,Fine,Null
1779337,5915442,21290,80,523300,0,,0,1,,Null,2006/2007,WHITFORD-MARAETAI ROAD,BEACHLANDS ROAD,,Minor Crash,No,2006,,North,,0,,Hill Road,,,,,,Bright sun,718900,1,0,0,2,,,0,,,,,,Auckland Region,Nil,2-way,Sealed,,0,0,,100,,Off,1,0,,76,Auckland,Stop,,,,,0,0,Open,0,,,Fine,Null
1769327,5907459,21291,,523712,0,,0,2,,Null,2006/2007,TE IRIRANGI DRIVE,ORMISTON ROAD,,Minor Crash,No,2006,,South,,0,,Flat,,Christmas New Year,,,,Overcast,712803,2,0,0,6,,,0,,,,,,Auckland Region,Nil,2-way,Sealed,,0,0,,80,,Off,0,0,,76,Auckland,Traffic Signals,,,,,0,0,Open,0,,,Fine,Null
1753138,5932439,21292,,508807,0,,0,1,,North,2006/2007,HENRY ROSE PLACE,ROSEDALE ROAD,,Non-Injury Crash,No,2006,,East,,0,,Flat,,,,,,Overcast,180811,0,0,0,2,,,0,,,,,,Auckland Region,Nil,2-way,Sealed,,0,0,,50,,Off,0,0,,76,Auckland,Nil,,,,,1,0,Urban,0,,,Fine,Null
1777291,5741393,21293,,531720,0,0,0,1,0,South,2005/2006,SH 3,MANGAKOWHAI ROAD,,Non-Injury Crash,Yes,2006,0,North,0,0,0,Flat,0,,0,,0,Dark,1017600,0,0,0,2,0,0,0,0,0,,0,0,Waikato Region,Nil,2-way,Sealed,0,0,0,0,100,0,None,0,0,,20,Waitomo District,Unknown,0,0,0,1,0,0,Open,0,0,0,Light rain,Null
1837393,5918979,21294,,533200,0,0,0,1,0,South,2005/2006,SH 25,WADE ROAD,,Non-Injury Crash,Yes,2006,0,South,1,0,0,Flat,0,,0,,0,Overcast,1045906,0,0,0,2,0,0,0,0,0,,0,0,Waikato Region,Nil,2-way,Sealed,0,0,0,0,100,0,Null,0,0,,11,Thames-Coromandel District,Nil,0,0,0,0,0,0,Open,0,0,0,Light rain,Null
1752272,5914241,21295,,514500,0,0,0,2,0,East,2005/2006,TIVERTON ROAD,WHITNEY ST,,Non-Injury Crash,No,2006,0,West,0,0,1,Hill Road,0,,1,,0,Dark,374800,0,0,0,2,0,0,0,0,1,,0,0,Auckland Region,Nil,2-way,Sealed,0,0,0,0,50,0,On,0,0,,76,Auckland,Nil,0,0,0,0,0,0,Urban,0,0,0,Fine,Null
1883008,5826565,21296,,536821,0,,0,3,,North,2005/2006,GOLF ROAD,MAUNGANUI ROAD,,Non-Injury Crash,No,2006,,North,,0,,Flat,,,,,,Dark,1200200,0,0,0,2,,,0,,,,,,Bay of Plenty Region,Nil,2-way,Sealed,,0,0,,50,,On,0,0,,23,Tauranga City,Unknown,,,,,0,0,Urban,0,,,Fine,Null
1755894,5928260,21297,,507900,0,,0,2,,South,2005/2006,SH 1N,TRISTRAM ON SBD,,Non-Injury Crash,Yes,2006,,South,,0,,Flat,,,,,,Overcast,307000,0,0,0,3,,,0,,,,,,Auckland Region,Nil,2-way,Sealed,,0,0,,100,,Off,0,0,,76,Auckland,Nil,,,,,0,0,Open,0,,,Light rain,Null
1872614,5823027,21298,65,536503,0,0,0,1,0,North,2005/2006,TE PUNA STATION ROAD,SH 2,,Non-Injury Crash,No,2006,0,South,1,0,0,Flat,0,,0,,0,Overcast,1188104,0,0,0,2,0,0,0,0,0,,0,0,Bay of Plenty Region,Nil,2-way,Sealed,0,0,0,0,100,0,Null,0,0,,22,Western Bay of Plenty District,Unknown,0,0,0,0,0,0,Open,0,0,0,Heavy rain,Null
1757537,5926245,21299,,507900,0,,0,2,,North,2005/2006,BARRYS POINT ROAD,ESMONDE ROAD,,Non-Injury Crash,No,2006,,South,,0,,Flat,,,,,,Bright sun,304200,0,0,0,2,,,0,,,,,,,Nil,2-way,Sealed,,0,0,,50,,Off,0,0,,76,Auckland,Nil,,,,,0,0,Urban,0,,,Fine,Null
1806492,5809099,21300,,527915,0,,0,0,,North,2005/2006,SH 21,RAYNES ROAD,,Minor Crash,Yes,2006,,South,,0,,Hill Road,,,,,,Dark,984900,1,0,0,2,,,0,,,,,,Waikato Region,Nil,2-way,Sealed,,0,0,,100,,None,0,0,,17,Waipa District,Unknown,,,,,0,0,Open,1,,,Fine,Null
1406829,4917021,21301,,603100,0,,0,0,,East,2006/2007,SH 88,ANZAC AVENUE,,Serious Crash,Yes,2006,,West,,0,,Flat,,,,,,Overcast,2901600,0,0,1,5,,,0,,,,,,Otago Region,Nil,2-way,Sealed,,0,1,,50,,Null,0,0,,71,Dunedin City,Unknown,,,,,0,0,Urban,0,,,Fine,Frost
1733609,5990379,21302,,505010,0,,0,2,,North,2005/2006,SH 1N,ROSS ROAD,,Minor Crash,Yes,2006,,North,,0,,Hill Road,,,,,,Bright sun,135100,1,0,0,2,,,0,,,,,,Northland Region,Nil,2-way,Sealed,,0,0,,100,,Off,0,0,,3,Kaipara District,Nil,,,,,0,0,Open,0,,,Fine,Null
1501118,5137594,21303,,597715,0,0,0,1,0,Null,2006/2007,ALBERT ST,TREVORS ROAD,,Minor Crash,No,2006,0,North,0,0,0,Flat,0,,0,,0,Overcast,2746410,1,0,0,2,0,0,0,0,0,,0,1,Canterbury Region,Nil,2-way,Sealed,0,0,0,0,50,0,Null,0,0,,63,Ashburton District,Give way,0,0,0,0,0,0,Urban,0,0,0,Fine,Null
1803057,5558985,21304,,559230,0,0,0,1,0,South,2006/2007,WELLINGTON ROAD,HAWKESTONE ROAD,,Minor Crash,No,2006,0,South,0,0,0,Flat,0,,0,,0,Bright sun,1731900,1,0,0,2,0,0,0,0,0,,0,0,Manawatū-Whanganui Region,Nil,2-way,Sealed,0,0,0,0,100,0,Null,0,0,,38,Rangitikei District,Nil,0,0,0,1,0,0,Open,0,0,0,Fine,Strong wind
1750115,5913634,21305,,511303,0,0,0,2,0,South,2005/2006,CROWN LYNN PLACE,CLARK ST,,Non-Injury Crash,No,2006,0,West,0,0,0,Flat,0,,0,,0,Dark,265002,0,0,0,2,0,0,0,0,1,,0,0,Auckland Region,Nil,2-way,Sealed,0,0,0,0,50,0,On,0,0,,76,Auckland,Nil,0,0,0,0,0,0,Urban,0,0,0,Fine,Null
1694308,5674878,21306,,552200,0,0,0,2,0,Null,2006/2007,SH 3,ORIENTAL ST,,Minor Crash,Yes,2006,0,South,0,0,1,Flat,0,,0,,0,Twilight,1601400,1,0,0,2,0,0,0,0,0,,0,0,Taranaki Region,Nil,2-way,Sealed,0,0,0,0,50,0,Off,0,0,,33,New Plymouth District,Stop,0,0,0,0,0,0,Urban,0,0,0,Fine,Null
1754187,5920445,21307,,515301,0,0,0,2,0,West,2006/2007,WEST END ROAD,JERVOIS ROAD,,Non-Injury Crash,No,2006,0,West,0,0,0,Hill Road,0,,0,,0,Overcast,426200,0,0,0,2,0,0,0,0,1,,0,0,Auckland Region,Nil,2-way,Sealed,0,0,0,0,50,0,Off,0,0,,76,Auckland,Nil,0,0,0,0,0,0,Urban,0,0,0,Fine,Null
1570399,5179163,21308,,591500,0,,0,1,,Null,2006/2007,DURHAM ST,MOORHOUSE AVENUE,,Serious Crash,No,2006,,South,,0,,Flat,,,,,,Dark,2648900,0,0,0,4,,,0,,,1,,,Canterbury Region,Nil,1-way,Sealed,,0,1,,50,,On,0,0,,60,Christchurch City,Traffic Signals,,,,,0,0,Urban,0,,,Fine,Null
1926785,5605822,21309,,545761,0,0,0,1,0,North,2005/2006,YORK ROAD,MARAEKAKAHO ROAD,,Non-Injury Crash,No,2006,0,North,0,0,0,Flat,0,,0,,0,Dark,1469905,0,0,0,2,0,0,0,0,0,,0,1,Hawke's Bay Region,Nil,2-way,Sealed,0,0,0,0,100,0,On,0,0,,30,Hastings District,Nil,0,0,0,0,0,0,Open,0,0,0,Light rain,Null
1770008,5908479,21310,,523115,1,,0,1,,North,2005/2006,CHAPEL ROAD,BAVERSTOCK ROAD,,Minor Crash,No,2006,,South,,0,,Flat,,,,,,Bright sun,712106,1,0,0,2,,,0,,,,,,Auckland Region,Nil,2-way,Sealed,,0,0,,70,,Off,0,0,,76,Auckland,Nil,,,,,0,0,Urban,0,,,Fine,Null
1753260,5933355,21311,,508701,0,0,0,2,0,North,2005/2006,SH 1N,GREVILLE ON NBD,,Minor Crash,Yes,2006,0,North,0,0,0,Hill Road,1,,0,,0,Overcast,178900,1,0,0,3,0,0,0,0,0,,0,0,Auckland Region,Nil,1-way,Sealed,0,0,0,0,100,0,Off,0,0,,76,Auckland,Nil,0,0,0,0,0,0,Open,0,0,0,Light rain,Null
1768748,5905993,21312,,523721,0,,0,2,,West,2005/2006,DAWSON ROAD,TE IRIRANGI DRIVE,,Minor Crash,No,2006,,East,,0,,Flat,,,,,,Dark,715616,1,0,0,2,,,0,,,,,,Auckland Region,Nil,2-way,Sealed,,0,0,,50,,On,0,0,,76,Auckland,Nil,,,,,0,0,Urban,0,,,Light rain,Null
1760913,5435099,21313,,568602,0,,0,1,,Null,2005/2006,WAIWHETU ROAD,RUSSELL ST,,Non-Injury Crash,No,2006,,South,,0,,Flat,,,,,,Overcast,1972300,0,0,0,2,,,0,,,,,,Wellington Region,Nil,2-way,Sealed,,0,0,,50,,Null,0,0,,46,Lower Hutt City,Give way,,,,,0,0,Urban,1,,,Fine,Null
1800763,5819564,21314,,529402,0,,0,2,,South,2005/2006,HUKANUI ROAD,PICKERING CRESCENT,,Non-Injury Crash,No,2006,,North,,0,,Flat,,,,,,Overcast,876400,0,0,0,2,,,0,,,,,,Waikato Region,Nil,2-way,Sealed,,0,0,,50,,Null,0,0,,16,Hamilton City,Unknown,,,,,0,0,Urban,0,,,Fine,Null
1757813,5918166,21315,,515700,0,,0,3,,South,2006/2007,SH 1N,MOUNTAIN OBR,,Non-Injury Crash,Yes,2006,,North,,0,,Hill Road,,,,,,Twilight,443600,0,0,0,5,,,0,,,,,,Auckland Region,Nil,1-way,Sealed,,0,0,,80,,Off,0,0,,76,Auckland,Nil,,,,,0,0,Open,0,,,Fine,Null
1884305,5773167,21316,,540520,0,,0,1,,Null,2006/2007,MALFROY ROAD,MILLER ST,,Serious Crash,No,2006,,East,,0,,Flat,,,,,,Dark,1239200,0,0,0,2,,,0,,,,,,Bay of Plenty Region,Nil,2-way,Sealed,,0,1,,50,,On,0,0,,24,Rotorua District,Give way,,,,,1,0,Urban,0,,,Fine,Null
1765662,5901407,21317,,524604,0,,0,2,,Null,2006/2007,BROWNS ROAD,ROSCOMMON ROAD,,Non-Injury Crash,No,2006,,South,,0,,Flat,,Christmas New Year,,,,Dark,781302,0,0,0,4,,,0,,,,,,Auckland Region,Nil,2-way,Sealed,,0,0,,50,,On,0,0,,76,Auckland,Traffic Signals,,,,,0,0,Urban,0,,,Fine,Null
1238155,4848403,21318,,609922,0,,0,2,,North,2005/2006,MARAMA AVENUE NORTH,KORIMAKO AVENUE,,Minor Crash,No,2006,,North,,0,,Flat,,,,,,Dark,3083402,1,0,0,2,,,0,,,,,,Southland Region,Nil,2-way,Sealed,,0,0,,50,,None,0,0,,75,Invercargill City,Nil,,,,,0,0,Urban,0,,,Fine,Null
1763164,5915007,21319,,520302,0,,0,2,,Null,2005/2006,ELLERSLIE-PANMURE HIGHWAY,BANKS ROAD,,Non-Injury Crash,No,2006,,West,,0,,Flat,,,,,,Dark,625703,0,0,0,2,,,0,,,,,,Auckland Region,Nil,2-way,Sealed,,0,0,,50,,On,0,0,,76,Auckland,Give way,,,,,0,0,Urban,0,,,Fine,Null
1574363,5181352,21320,,593000,0,0,0,2,0,Null,2006/2007,WAINONI ROAD,PANNELL AVENUE,,Minor Crash,No,2006,0,West,0,0,0,Flat,0,,0,,0,Overcast,2568200,2,0,0,2,0,0,0,0,0,,0,0,Canterbury Region,Nil,2-way,Sealed,0,0,0,0,50,0,Null,0,0,,60,Christchurch City,Give way,0,0,0,1,0,0,Urban,0,0,0,Fine,Null
1294787,5081589,21321,,608304,0,0,0,1,0,South,2005/2006,SH 6,KEA ST,,Serious Crash,Yes,2006,0,South,0,0,0,Flat,0,,0,,0,Bright sun,3027700,1,0,1,2,0,0,0,1,0,,0,0,Otago Region,Nil,2-way,Sealed,0,0,1,0,100,0,Null,0,0,,70,Queenstown-Lakes District,Unknown,0,0,0,1,0,0,Open,0,0,0,Fine,Null
1571120,5180768,21322,,591700,0,,0,2,,Null,2006/2007,MADRAS ST,PETERBOROUGH ST,,Minor Crash,No,2006,,East,,0,,Flat,,,,,,Overcast,2655800,2,0,0,2,,,0,,,,,,Canterbury Region,Nil,1-way,Sealed,,0,0,,50,,Null,0,0,,60,Christchurch City,Stop,,,,,0,0,Urban,0,,,Fine,Null
1927501,5603870,21323,,545761,0,,0,1,,Null,2005/2006,SOUTHLAND ROAD,HEATHCOTE ROAD,,Minor Crash,No,2006,,South,,0,,Flat,,,,,,Bright sun,1468801,1,0,0,2,,,0,,,,,,Hawke's Bay Region,Nil,2-way,Sealed,,0,0,,100,,Null,0,0,,30,Hastings District,Give way,,,,,0,0,Open,0,,,Fine,Null
1755824,5935723,21324,,507101,0,,0,2,,Null,2005/2006,BEACH ROAD,CARLISLE ROAD,,Non-Injury Crash,No,2006,,North,,0,,Hill Road,,,,,,Bright sun,162502,0,0,0,2,,,0,,,,,,Auckland Region,Nil,2-way,Sealed,,0,0,,50,,Off,0,0,,76,Auckland,Stop,,,,,0,0,Urban,0,,,Fine,Null
1615754,5423217,21325,,584201,1,,1,0,,Null,2006/2007,SALISBURY ROAD,QUEEN ST,,Minor Crash,No,2006,,South,,0,,Flat,,,,,,Bright sun,2361600,1,0,0,2,,,0,,,,,,Tasman Region,Nil,2-way,Sealed,,0,0,,50,,Null,0,0,,51,Tasman District,Give way,,,,,0,0,Urban,0,,,Fine,Null
1756774,5920184,21326,,514102,0,,0,2,,Null,2005/2006,NELSON ST,COOK ST,,Non-Injury Crash,No,2006,,East,,0,,Hill Road,,,,,,Overcast,434500,0,0,0,4,,,0,,,,,,Auckland Region,Nil,2-way,Sealed,,0,0,,50,,Off,0,0,,76,Auckland,Traffic Signals,,,,,0,0,Urban,0,,,Heavy rain,Null
1764728,5911434,21327,,520500,0,,0,2,,South,2006/2007,SH 1N,PANAMA OBR,,Minor Crash,Yes,2006,,North,,0,,Flat,,,,,,Bright sun,636200,1,0,0,3,,,0,,,,,,Auckland Region,Nil,1-way,Sealed,,0,0,,100,,Null,0,0,,76,Auckland,Unknown,,,,,0,0,Open,0,,,Fine,Null
1407197,4918962,21328,,603601,0,,0,2,,Null,2005/2006,SH 1S,GREAT KING ST NORTH,,Minor Crash,Yes,2006,,South,,0,,Flat,,,,,,Bright sun,2865400,1,0,0,1,,,0,,,,,,Otago Region,Nil,1-way,Sealed,,0,0,,50,,Null,0,0,,71,Dunedin City,Stop,,,,,0,0,Urban,0,,,Fine,Null
1756639,5924797,21329,,509702,0,,0,0,,North,2005/2006,SH 1N,OLD ONEWA OBR,,Non-Injury Crash,Yes,2006,,South,,0,,Flat,,,,,,Overcast,366602,0,0,0,3,,,0,,,,,,Auckland Region,Nil,1-way,Sealed,,0,0,,100,,Off,2,0,,76,Auckland,Nil,,,,,0,0,Open,0,,,Fine,Null
1686155,6101689,21330,,500900,0,0,0,2,0,North,2006/2007,GOLF VIEW ROAD,FAIRWAY DRIVE,,Non-Injury Crash,No,2006,0,South,0,0,0,Flat,0,,0,,0,Overcast,53301,0,0,0,2,0,0,0,0,1,,0,0,Northland Region,Nil,2-way,Sealed,0,0,0,0,50,0,Null,0,0,,1,Far North District,Unknown,0,0,0,0,0,0,Urban,0,0,0,Fine,Null
1755536,5918961,21331,,515420,0,,0,1,,Null,2005/2006,CRUMMER ROAD,ARIKI ST,,Minor Crash,No,2006,,East,,0,,Hill Road,,,,,,Bright sun,410000,1,0,1,2,,,0,,,,,,Auckland Region,Nil,2-way,Sealed,,0,0,,50,,Off,0,0,,76,Auckland,Stop,,,,,0,0,Urban,0,,,Fine,Null
1541540,5152031,21332,85,597506,0,0,0,1,0,Null,2005/2006,SOUTHBRIDGE LEESTON ROAD,HILLS ROAD,,Minor Crash,No,2006,0,North,0,0,1,Flat,0,,0,,0,Dark,2723101,1,0,0,2,0,0,0,0,0,,0,0,Canterbury Region,Nil,2-way,Sealed,0,0,0,0,100,0,None,0,0,,62,Selwyn District,Give way,0,0,0,0,0,0,Open,0,0,0,Fine,Null
1798904,5814528,21333,,529000,0,,0,1,,West,2006/2007,KILLARNEY ROAD,HIGGINS ROAD,,Minor Crash,No,2006,,East,,0,,Flat,,,,,,Bright sun,918400,1,0,0,2,,,0,,,1,,,Waikato Region,Nil,2-way,Sealed,,0,0,,50,,Off,0,0,,16,Hamilton City,Nil,,,,,0,0,Urban,0,,,Fine,Null
1799815,5817439,21334,,529600,0,0,0,1,0,South,2006/2007,RIVER ROAD,BANBURY CRESCENT,,Minor Crash,No,2006,0,North,0,0,0,Flat,0,,0,,0,Bright sun,867700,1,0,0,2,0,0,0,0,0,,1,0,Waikato Region,Nil,2-way,Sealed,0,0,0,0,50,0,Null,0,0,,16,Hamilton City,Unknown,0,0,0,1,0,0,Urban,0,0,0,Fine,Null
1875073,5817590,21335,,537602,0,0,0,2,0,South,2005/2006,PYES PA ROAD,INVERNESS DRIVE,,Minor Crash,No,2006,0,South,0,0,1,Hill Road,0,,0,,0,Bright sun,1192216,2,0,0,2,0,0,0,0,0,,0,0,Bay of Plenty Region,Nil,2-way,Sealed,0,0,0,0,60,0,Null,0,0,,23,Tauranga City,Unknown,0,0,0,0,0,0,Urban,0,0,0,Fine,Null
1759942,5436036,21336,,569100,0,,0,1,,Null,2006/2007,BLOOMFIELD TERRACE,KNIGHTS ROAD,,Minor Crash,No,2006,,West,,0,,Flat,,,,,,Overcast,1965600,1,0,0,2,,,0,,,1,,,Wellington Region,Nil,2-way,Sealed,,0,0,,50,,Null,0,0,,46,Lower Hutt City,Give way,,,,,0,0,Urban,0,,,Fine,Null
1800354,5816453,21337,,529700,0,,0,2,,East,2005/2006,BOUNDARY ROAD,VICTORIA ST,,Non-Injury Crash,No,2006,,West,,0,,Flat,,,,,,Overcast,909402,0,0,0,2,,,0,,,,,,Waikato Region,Nil,2-way,Sealed,,0,0,,50,,Null,0,0,,16,Hamilton City,Unknown,,,,,0,0,Urban,0,,,Light rain,Null
1754266,5869713,21338,,521153,0,,0,1,,South,2006/2007,MAIORO ROAD,FACTORY ROAD,,Minor Crash,No,2006,,North,,0,,Flat,,,,,,Dark,832400,1,0,0,2,,,0,,,1,,,Waikato Region,Nil,2-way,Sealed,,0,0,,50,,On,0,0,,13,Waikato District,Nil,,,,,0,0,Urban,0,,,Fine,Null
1746083,5925480,21339,,513432,0,,0,1,,South,2006/2007,HOBSONVILLE ROAD,SUNCREST DRIVE,,Serious Crash,No,2006,,North,,0,,Flat,,,,,,Bright sun,223014,0,0,0,2,,,0,,,,,,Auckland Region,Nil,2-way,Sealed,,0,1,,50,,Off,1,0,,76,Auckland,Nil,,,,,0,0,Urban,0,,,Fine,Null
1878609,5822155,21340,,538102,0,,0,2,,Null,2005/2006,FRASER ST,FOURTEENTH AVENUE,,Non-Injury Crash,No,2006,,North,,0,,Flat,,Christmas New Year,,,,Bright sun,1168600,0,0,0,2,,,0,,,,,,Bay of Plenty Region,Nil,2-way,Sealed,,0,0,,50,,Null,0,0,,23,Tauranga City,Give way,,,,,0,0,Urban,0,,,Fine,Null
1877035,5821365,21341,,537500,0,,0,2,,South,2005/2006,CAMERON ROAD,TWENTYSECOND AVENUE,,Non-Injury Crash,No,2006,,North,,0,,Flat,,,,,,Bright sun,1171600,0,0,0,2,,,0,,,,,,Bay of Plenty Region,Nil,2-way,Sealed,,0,0,,50,,Null,0,0,,23,Tauranga City,Unknown,,,,,0,0,Urban,0,,,Fine,Null
1407050,4918749,21342,,603601,0,,0,1,,Null,2005/2006,SH 1S,MOAT ST,,Minor Crash,Yes,2006,,North,,0,,Flat,,,,,,Bright sun,2865500,1,0,0,2,,,0,,,1,,,Otago Region,Nil,1-way,Sealed,,0,0,,50,,Null,0,0,,71,Dunedin City,Nil,,,,,0,0,Urban,0,,,Fine,Null
1762274,5913762,21343,,520401,0,,0,1,,Null,2005/2006,PENROSE ROAD,GAVIN ST,,Minor Crash,No,2006,,North,,0,,Flat,,,,,,Bright sun,644300,1,0,1,2,,,0,,,,,,Auckland Region,Nil,2-way,Sealed,,0,0,,50,,Null,0,0,,76,Auckland,Give way,,,,,0,0,Urban,0,,,Fine,Null
1801079,5818678,21344,,529402,0,,0,0,,Null,2005/2006,ASPIRING CRESCENT,TONGARIRO ST,,Non-Injury Crash,No,2006,,West,,0,,Flat,,,,,,Bright sun,878402,0,0,0,2,,,0,,,,,,Waikato Region,Nil,2-way,Sealed,,0,0,,50,,Null,0,0,,16,Hamilton City,Give way,,,,,0,0,Urban,2,,,Fine,Null
1764240,5917350,21345,,516302,1,,0,1,,Null,2005/2006,COLLEGE ROAD,STRONG ST,,Minor Crash,No,2006,,South,,0,,Flat,,,,,,Overcast,462823,1,0,0,2,,,0,,,,,,Auckland Region,Nil,2-way,Sealed,,0,0,,50,,Null,0,0,,76,Auckland,Nil,,,,,0,0,Urban,0,,,Fine,Null
1716577,6059313,21346,,504300,0,,0,0,,South,2005/2006,GEORGE ST,PARK ST,,Non-Injury Crash,No,2006,,North,,0,,Flat,,,,,,Overcast,63400,0,0,0,2,,,0,,,,,,Northland Region,Nil,2-way,Sealed,,0,0,,50,,None,0,0,,2,Whangarei District,Nil,,,,,0,0,Urban,1,,,Light rain,Null
1939157,5607191,21347,,545740,0,0,0,1,0,East,2005/2006,EAST ROAD,PARKHILL ROAD,,Non-Injury Crash,No,2006,0,East,1,0,0,Flat,0,,0,,0,Dark,1407800,0,0,0,2,0,0,0,0,0,,0,0,Hawke's Bay Region,Nil,2-way,Sealed,0,0,0,0,100,0,On,0,0,,30,Hastings District,Nil,0,0,0,0,0,0,Open,0,0,0,Fine,Null
1485533,5127095,21348,,597730,0,0,0,0,0,Null,2006/2007,SH 1S,JAMES ST,,Minor Crash,Yes,2006,0,South,0,0,0,Flat,0,,0,,0,Bright sun,2742900,2,0,1,2,0,0,0,0,0,,1,0,Canterbury Region,Nil,2-way,Sealed,0,0,0,0,50,0,Null,0,0,,63,Ashburton District,Stop,0,0,0,0,0,0,Urban,0,0,0,Fine,Strong wind
1772634,5896253,21349,,525410,0,,0,1,,North,2005/2006,EAST ST,WOOD ST,,Minor Crash,No,2006,,North,,0,,Flat,,,,,,Dark,791900,1,0,0,2,,,0,,,1,,,Auckland Region,Nil,2-way,Sealed,,0,0,,50,,On,0,0,,76,Auckland,Nil,,,,,0,0,Urban,0,,,Light rain,Null
1751127,5947519,21350,,505807,0,,0,3,,South,2005/2006,HIBISCUS COAST HIGHWAY,MOFFAT ROAD,,Serious Crash,No,2006,,North,,0,,Flat,,,,,,Overcast,172803,1,0,0,2,,,0,,,,,,Auckland Region,Nil,2-way,Sealed,,0,1,,70,,Off,0,0,,76,Auckland,Nil,,,,,0,0,Urban,0,,,Heavy rain,Null
1620143,5427251,21351,,583800,0,,0,1,,Null,2005/2006,MAIN ROAD STOKE,LOUISSON AVENUE,,Minor Crash,No,2006,,North,,0,,Flat,,,,,,Bright sun,2338600,1,0,0,2,,,0,,,1,,,Nelson Region,Nil,2-way,Sealed,,0,0,,50,,Null,0,0,,52,Nelson City,Nil,,,,,0,0,Urban,0,,,Fine,Null
1755393,5918599,21352,,515500,0,,0,1,,Null,2005/2006,GREAT NORTH ROAD,ELGIN ST,,Serious Crash,No,2006,,East,,0,,Flat,,,,,,Bright sun,419000,0,1,0,3,,,0,,,,,,Auckland Region,Nil,2-way,Sealed,,0,1,,50,,Null,0,0,,76,Auckland,Nil,,,,,0,0,Urban,0,,,Fine,Null
1310751,5030359,21353,,608302,0,0,0,1,0,North,2006/2007,SH 6,ALBERTBURN RIV BR,,Minor Crash,Yes,2006,0,North,0,0,1,Flat,0,,0,,0,Bright sun,3031002,3,0,0,2,0,0,0,1,0,,0,0,Otago Region,Nil,2-way,Sealed,0,0,0,0,100,0,Null,0,0,,69,Central Otago District,Unknown,0,0,0,0,0,0,Open,0,0,0,Fine,Null