X,Y,OBJECTID,advisorySpeed,areaUnitID,bicycle,bridge,bus,carStationWagon,cliffBank,crashDirectionDescription,crashFinancialYear,crashLocation1,crashLocation2,crashRoadSideRoad,crashSeverity,crashSHDescription,crashYear,debris,directionRoleDescription,ditch,fatalCount,fence,flatHill,guardRail,holiday,houseOrBuilding,intersection,kerb,light,meshblockId,minorInjuryCount,moped,motorcycle,NumberOfLanes,objectThrownOrDropped,otherObject,otherVehicleType,overBank,parkedVehicle,pedestrian,phoneBoxEtc,postOrPole,region,roadCharacter,roadLane,roadSurface,roadworks,schoolBus,seriousInjuryCount,slipOrFlood,speedLimit,strayAnimal,streetLight,suv,taxi,temporarySpeedLimit,tlaId,tlaName,trafficControl,trafficIsland,trafficSign,train,tree,truck,unknownVehicleType,urban,vanOrUtility,vehicle,waterRiver,weatherA,weatherB
1754510,5918377,21354,,515431,0,1,0,0,0,South,2005/2006,MOUNTAIN VIEW ROAD,IVANHOE ROAD,,Serious Crash,No,2006,0,North,0,0,0,Flat,0,,0,,0,Bright sun,406700,0,0,0,2,0,0,0,0,0,,0,0,Auckland Region,Bridge,2-way,Sealed,0,0,1,0,50,0,Null,0,0,,76,Auckland,Traffic Signals,0,0,0,0,1,0,Urban,0,0,0,Fine,Null
1853427,5900865,21355,,533400,0,,0,2,,Null,2005/2006,SH 25,PEPE ROAD,,Non-Injury Crash,Yes,2006,,North,,0,,Flat,,Christmas New Year,,,,Twilight,1059909,0,0,0,2,,,0,,,,,,Waikato Region,Nil,2-way,Sealed,,0,0,,50,,None,0,0,,11,Thames-Coromandel District,Give way,,,,,0,0,Urban,0,,,Fine,Null
1754038,5917170,21356,,517600,0,,0,2,,South,2005/2006,ST LUKES ROAD,NEW NORTH ROAD,,Non-Injury Crash,No,2006,,North,,0,,Flat,,,,,,Dark,534900,0,0,0,4,,,0,,,,,,Auckland Region,Nil,2-way,Sealed,,0,0,,50,,On,0,0,,76,Auckland,Nil,,,,,0,0,Urban,0,,,Light rain,Null
1763520,5430498,21357,,565300,0,,0,0,,East,2005/2006,WRIGHT ST,MOOHAN ST,,Minor Crash,No,2006,,West,,0,,Flat,,,,,,Bright sun,2022400,1,0,0,2,,,0,,,1,,,Wellington Region,Nil,2-way,Sealed,,0,0,,50,,Null,1,0,,46,Lower Hutt City,Nil,,,,,0,0,Urban,0,,,Fine,Null
1755526,5922246,21358,,515202,0,,0,3,,North,2005/2006,SH 1N,CURRAN ON NBD,,Non-Injury Crash,Yes,2006,,North,,0,,Hill Road,,,,,,Bright sun,423600,0,0,0,3,,,0,,,,,,,Bridge,1-way,Sealed,,0,0,,80,,Off,1,0,,76,Auckland,Nil,,,,,0,0,Open,0,,,Fine,Null
1565900,5205180,21359,,586306,0,0,0,2,0,Null,2006/2007,HIGH ST,WEST BELT,,Minor Crash,No,2006,0,West,0,0,1,Flat,0,,0,,0,Bright sun,2450006,2,0,0,2,0,0,0,0,0,,0,0,Canterbury Region,Nil,2-way,Sealed,0,0,0,0,50,0,Null,0,0,,59,Waimakariri District,Stop,0,0,0,0,0,0,Urban,0,0,0,Fine,Null
1786235,5860475,21360,,527210,0,,0,3,,South,2005/2006,SH 1N,WHANGAMARINO ROAD,,Non-Injury Crash,Yes,2006,,North,,0,,Flat,,,,,,Overcast,935700,0,0,0,2,,,0,,,,,,Waikato Region,Nil,2-way,Sealed,,0,0,,100,,Null,0,0,,13,Waikato District,Unknown,,,,,0,0,Open,0,,,Fine,Null
1458224,5083291,21361,,599100,0,,0,2,,Null,2006/2007,WAI-ITI ROAD,SEDDON ST,,Minor Crash,No,2006,,East,,0,,Flat,,,,,,Bright sun,2786601,1,0,0,2,,,0,,,,,,Canterbury Region,Nil,2-way,Sealed,,0,0,,50,,None,0,0,,64,Timaru District,Stop,,,,,0,0,Urban,0,,,Fine,Null
1753817,5945549,21362,,505906,0,0,0,1,0,West,2005/2006,WHANGAPARAOA ROAD,DOYLY DRIVE,,Non-Injury Crash,No,2006,0,East,0,0,1,Hill Road,0,,0,,0,Twilight,173806,0,0,0,2,0,0,0,0,0,,0,0,Auckland Region,Nil,2-way,Sealed,0,0,0,0,50,0,On,0,0,,76,Auckland,Nil,0,0,0,0,0,0,Urban,0,0,0,Fine,Null
1858366,5840099,21363,,535800,1,,0,1,,East,2006/2007,POLLEY CRESCENT,PARK ROAD,,Minor Crash,No,2006,,West,,0,,Flat,,,,,,Bright sun,1183101,1,0,0,2,,,0,,,,,,Bay of Plenty Region,Nil,2-way,Sealed,,0,0,,50,,Off,0,0,,22,Western Bay of Plenty District,Nil,,,,,0,0,Urban,0,,,Fine,Null
1868385,5813054,21364,,536630,0,0,0,1,1,South,2005/2006,SH 29,PORIPORI ROAD,,Non-Injury Crash,Yes,2006,0,South,0,0,0,Flat,0,,0,,0,Dark,1191500,0,0,0,3,0,0,0,0,0,,0,0,Bay of Plenty Region,Nil,2-way,Sealed,0,0,0,0,100,0,None,0,0,,22,Western Bay of Plenty District,Unknown,0,0,0,0,0,0,Open,0,0,0,Light rain,Null
1862917,5695204,21365,,541346,0,0,0,0,1,North,2005/2006,SH 1N,HINEMAIAIA BR,,Non-Injury Crash,Yes,2006,0,South,0,0,0,Hill Road,0,,0,,0,Dark,1281602,0,0,0,3,0,0,0,0,0,,0,0,Waikato Region,Nil,2-way,Sealed,0,0,0,0,100,0,None,0,0,,21,Taupo District,Nil,0,0,0,0,0,0,Open,1,0,0,Null,Frost
1802091,5812907,21366,,530400,0,,0,2,,East,2005/2006,BADER ST,MONTGOMERY CRESCENT E,,Non-Injury Crash,No,2006,,West,,0,,Flat,,,,,,Overcast,922800,0,0,0,2,,,0,,,,,,Waikato Region,Nil,2-way,Sealed,,0,0,,50,,Null,0,0,,16,Hamilton City,Stop,,,,,0,0,Urban,0,,,Fine,Null
1761152,5914337,21367,,520202,0,0,0,0,0,West,2005/2006,GT SOUTH LINK,GREAT SOUTH ROAD,,Non-Injury Crash,Yes,2006,0,South,0,0,0,Flat,0,,0,,1,Overcast,612200,0,0,0,2,0,0,0,0,0,,0,0,Auckland Region,Motorway ramp,2-way,Sealed,0,0,0,0,50,0,Null,0,0,,76,Auckland,Unknown,0,1,0,0,1,0,Urban,0,0,0,Fine,Null
1758758,5911873,21368,,519810,0,0,0,2,1,South,2006/2007,GLOUCESTER PARK ROAD,PRINCES ST,,Non-Injury Crash,No,2006,0,South,0,0,0,Flat,0,,0,,0,Dark,602200,0,0,0,2,0,0,0,0,0,,0,0,Auckland Region,Nil,2-way,Sealed,0,0,0,0,50,0,On,0,0,,76,Auckland,Nil,0,0,0,0,0,0,Urban,0,0,0,Light rain,Null
1753207,5918394,21369,,515002,0,,0,2,,West,2005/2006,GREAT NORTH ROAD,MOTIONS ROAD,,Non-Injury Crash,No,2006,,East,,0,,Flat,,,,,,Bright sun,390501,0,0,0,4,,,0,,,,,,Auckland Region,Nil,2-way,Sealed,,0,0,,50,,Off,0,0,,76,Auckland,Nil,,,,,0,0,Urban,0,,,Fine,Null
1703766,6048010,21370,,501809,0,0,0,1,1,East,2006/2007,KOKOPU ROAD,KNIGHT ROAD,,Minor Crash,No,2006,0,West,0,0,0,Flat,0,,0,,0,Bright sun,71200,1,0,0,2,0,0,0,0,0,,0,0,Northland Region,Nil,2-way,Sealed,0,0,0,0,100,0,Null,0,0,,2,Whangarei District,Nil,0,0,0,0,0,0,Open,0,0,0,Fine,Null
1757457,5920395,21371,,514103,0,0,0,0,0,Null,2005/2006,LORNE ST,VICTORIA ST EAST,,Non-Injury Crash,No,2006,0,West,0,0,0,Hill Road,0,,0,,0,Overcast,437600,0,0,0,1,0,0,0,0,1,,0,0,Auckland Region,Nil,1-way,Sealed,0,0,0,0,50,0,Off,0,0,,76,Auckland,Traffic Signals,0,0,0,0,0,0,Urban,2,0,0,Light rain,Null
1718878,6048517,21372,,502300,0,,0,2,,West,2005/2006,KAMO ROAD,SH 1N,,Non-Injury Crash,No,2006,,South,,0,,Hill Road,,,,,,Overcast,90000,0,0,0,2,,,0,,,,,,Northland Region,Nil,2-way,Sealed,,0,0,,50,,Off,1,0,,2,Whangarei District,Nil,,,,,0,0,Urban,0,,,Light rain,Null
1767807,5904083,21373,,524602,0,,0,1,,Null,2005/2006,GREAT SOUTH ROAD,LAKEWOOD COURT,,Non-Injury Crash,No,2006,,North,,0,,Flat,,,,,,Dark,780501,0,0,0,4,,,0,,,,,,Auckland Region,Nil,2-way,Sealed,,0,0,,50,,On,1,0,,76,Auckland,Traffic Signals,,,,,0,0,Urban,1,,,Fine,Null
1568678,5179516,21374,,591600,0,,0,3,,South,2006/2007,DEANS AVENUE,OLD BLENHEIM ROAD,,Minor Crash,No,2006,,North,,0,,Flat,,,,,,Overcast,2678800,1,0,0,2,,,0,,,,,,Canterbury Region,Nil,2-way,Sealed,,0,0,,50,,Null,1,0,,60,Christchurch City,Unknown,,,,,0,0,Urban,0,,,Fine,Null
1755712,5934540,21375,,507200,0,,0,2,,Null,2005/2006,BROWNS BAY ROAD,MASTERTON ROAD,,Minor Crash,No,2006,,North,,0,,Flat,,,,,,Bright sun,157800,1,0,0,1,,,0,,,,,,Auckland Region,Nil,2-way,Sealed,,0,0,,50,,Off,0,0,,76,Auckland,Nil,,,,,0,0,Urban,0,,,Fine,Null
1799999,5815617,21376,,528800,0,,0,1,,North,2005/2006,SEDDON ROAD,NORTON ROAD,,Serious Crash,No,2006,,North,,0,,Flat,,Easter,,,,Bright sun,904700,0,0,1,2,,,0,,,,,,Waikato Region,Nil,2-way,Sealed,,0,1,,50,,Off,0,0,,16,Hamilton City,Nil,,,,,0,0,Urban,0,,,Fine,Null
1760304,5922392,21377,,509400,1,,0,1,,Null,2005/2006,VICTORIA ROAD,CLARENCE ST,,Minor Crash,No,2006,,South,,0,,Flat,,,,,,Overcast,331200,1,0,0,2,,,0,,,,,,Auckland Region,Nil,2-way,Sealed,,0,0,,50,,Off,0,0,,76,Auckland,Give way,,,,,0,0,Urban,0,,,Light rain,Null
1759509,5906380,21378,,524200,0,0,0,2,0,West,2006/2007,KIRKBRIDE ROAD,WESTNEY ROAD,,Serious Crash,No,2006,0,East,0,0,0,Flat,0,,1,,0,Overcast,727400,0,0,0,2,0,0,0,0,0,,0,0,Auckland Region,Nil,2-way,Sealed,0,0,2,0,60,0,Null,0,0,,76,Auckland,Unknown,0,0,0,0,0,0,Urban,0,0,0,Fine,Null
1375385,4899483,21379,,606700,0,,0,3,,South,2006/2007,SH 1S,CHATHAM ST,,Minor Crash,Yes,2006,,South,,0,,Hill Road,,,,,,Bright sun,2987900,1,0,0,2,,,0,,,,,,Otago Region,Nil,2-way,Sealed,,0,0,,70,,Null,0,0,,72,Clutha District,Unknown,,,,,0,0,Urban,0,,,Fine,Null
1513869,5149379,21380,,597741,0,0,0,1,0,South,2005/2006,SH 1S,WILKINSONS ROAD,,Minor Crash,Yes,2006,0,North,0,0,0,Flat,0,,0,,0,Dark,2745001,1,0,0,2,0,0,0,0,0,,0,1,Canterbury Region,Nil,2-way,Sealed,0,0,0,0,100,0,None,0,0,,63,Ashburton District,Unknown,0,0,0,0,0,0,Open,0,0,0,Light rain,Null
1717726,6038593,21381,,502005,0,0,0,2,0,Null,2005/2006,SH 1N,PORTLAND ROAD,,Minor Crash,Yes,2006,0,North,0,0,0,Hill Road,0,,0,,0,Overcast,74601,1,0,0,2,0,0,0,0,0,,0,1,Northland Region,Nil,2-way,Sealed,0,0,0,0,100,0,Off,0,0,,2,Whangarei District,Stop,0,1,0,0,0,0,Open,0,0,0,Fine,Null
1747463,5910727,21382,,512000,1,,0,1,,Null,2005/2006,TITIRANGI ROAD,SOUTH TITIRANGI ROAD,,Minor Crash,No,2006,,West,,0,,Hill Road,,,,,,Overcast,297100,1,0,0,2,,,0,,,,,,Auckland Region,Nil,2-way,Sealed,,0,0,,50,,On,0,0,,76,Auckland,Stop,,,,,0,0,Urban,0,,,Fine,Null
1798509,5786003,21383,,527923,0,0,0,2,0,West,2005/2006,POKURU ROAD,TE MAWHAI ROAD,,Non-Injury Crash,No,2006,0,East,1,0,1,Flat,0,Queens Birthday,0,,0,Bright sun,983301,0,0,0,2,0,0,0,0,0,,1,0,Waikato Region,Nil,2-way,Sealed,0,0,0,0,100,0,Null,0,0,,17,Waipa District,Unknown,0,0,0,0,0,0,Open,0,0,0,Fine,Null
1803607,5842430,21384,,527111,0,0,0,0,1,East,2006/2007,TE HOE ROAD,KNEEBONE ROAD,,Fatal Crash,No,2006,0,East,0,1,0,Flat,0,Christmas New Year,0,,0,Dark,947500,0,0,0,2,0,0,0,0,0,,0,0,Waikato Region,Nil,2-way,Sealed,0,0,0,0,100,0,None,1,0,,13,Waikato District,Nil,0,0,0,0,0,0,Open,0,0,0,Fine,Null
1756084,5923499,21385,,509800,0,,0,2,,South,2005/2006,SH 1N,STAFFORD OFF NBD,,Non-Injury Crash,Yes,2006,,North,,0,,Flat,,,,,,Twilight,359100,0,0,0,4,,,0,,,,,,Auckland Region,Bridge,1-way,Sealed,,0,0,,80,,On,0,0,,76,Auckland,Nil,,,,,0,0,Open,0,,,Fine,Null
1748784,5423929,21386,,576200,0,0,0,3,0,North,2005/2006,RINTOUL ST,BLYTHE ST,,Minor Crash,No,2006,0,West,0,0,0,Hill Road,0,,0,,0,Overcast,2172100,1,0,0,2,0,0,0,0,3,1,0,0,Wellington Region,Nil,2-way,Sealed,0,0,0,0,50,0,Null,1,0,,47,Wellington City,Nil,0,0,0,0,0,0,Urban,0,0,0,Fine,Null
1746495,5940947,21387,,506300,0,0,0,1,0,North,2005/2006,DAIRY FLAT HIGHWAY,POSTMAN ROAD,,Serious Crash,No,2006,0,South,0,0,1,Flat,0,,0,,0,Dark,175903,0,0,0,2,0,0,0,0,0,,0,0,Auckland Region,Nil,2-way,Sealed,0,0,1,0,100,0,None,0,0,,76,Auckland,Nil,0,0,0,1,0,0,Open,0,0,0,Fine,Null
1784939,5757059,21388,,531720,0,0,0,1,0,Null,2005/2006,OPARURE ROAD,ROADWAY,,Minor Crash,No,2006,0,East,0,0,0,Hill Road,0,,0,,0,Dark,1010801,1,0,0,2,0,0,0,0,0,,0,1,Waikato Region,Nil,2-way,Sealed,0,0,0,0,100,0,None,0,0,,20,Waitomo District,Nil,0,0,0,0,0,0,Open,0,0,0,Fine,Null
1792717,5778839,21389,65,531301,0,,0,0,,North,2005/2006,SH 31,OWAIKURA ROAD,,Non-Injury Crash,Yes,2006,,North,,0,,Flat,,,,,,Dark,994900,0,0,0,2,,,0,,,,,,Waikato Region,Nil,2-way,Sealed,,0,0,,100,,None,0,0,,18,Ōtorohanga District,Unknown,,,,,1,0,Open,0,,,Fine,Null
1850398,5765468,21390,,535340,0,0,0,2,0,Null,2005/2006,DUKE ST,BILLAH ST,,Non-Injury Crash,No,2006,0,South,0,0,1,Flat,0,,0,,0,Overcast,1141500,0,0,0,2,0,0,0,0,0,,0,0,Waikato Region,Nil,2-way,Sealed,0,0,0,0,50,0,Null,0,0,,19,South Waikato District,Stop,0,0,0,0,0,0,Urban,0,0,0,Heavy rain,Null
1771025,5900901,21391,,523816,0,0,0,1,0,North,2005/2006,PORCHESTER ROAD,HYPERION DRIVE,,Fatal Crash,No,2006,0,South,0,1,1,Flat,0,,0,,0,Bright sun,759730,2,0,0,2,0,0,0,0,0,,0,0,Auckland Region,Nil,2-way,Sealed,0,0,0,0,70,0,Off,0,0,,76,Auckland,Nil,0,0,0,1,0,0,Urban,0,0,0,Fine,Null
1769140,5911518,21392,,523107,0,,0,3,,East,2005/2006,TI RAKAU DRIVE,HARRIS ROAD,,Minor Crash,No,2006,,East,,0,,Flat,,,,,,Bright sun,711702,1,0,0,6,,,0,,,,,,Auckland Region,Nil,2-way,Sealed,,0,0,,60,,Off,0,0,,76,Auckland,Nil,,,,,0,0,Urban,0,,,Fine,Null
1798089,5816148,21393,,528501,0,,0,2,,Null,2005/2006,AVALON DRIVE,ELLICOTT ROAD,,Non-Injury Crash,No,2006,,North,,0,,Flat,,,,,,Bright sun,905300,0,0,0,6,,,0,,,,,,Waikato Region,Nil,2-way,Sealed,,0,0,,60,,Null,0,0,,16,Hamilton City,Traffic Signals,,,,,0,0,Urban,0,,,Fine,Null
1622796,5429138,21394,,583300,0,,0,2,,Null,2005/2006,WAIMEA ROAD,MOTUEKA ST,,Minor Crash,No,2006,,North,,0,,Flat,,,,,,Bright sun,2330600,1,0,0,4,,,0,,,,,,Nelson Region,Nil,2-way,Sealed,,0,0,,50,,Null,0,0,,52,Nelson City,Give way,,,,,0,0,Urban,0,,,Fine,Null
1879134,5824205,21395,,538201,0,,0,1,,Null,2005/2006,CAMERON ROAD,ELIZABETH ST,,Minor Crash,No,2006,,West,,0,,Flat,,,,,,Overcast,1164700,1,0,0,4,,,0,,,,,,Bay of Plenty Region,Nil,2-way,Sealed,,0,0,,50,,Null,0,0,,23,Tauranga City,Traffic Signals,,,,,0,0,Urban,1,,,Fine,Null
1565987,5178295,21396,,590300,0,0,0,2,0,Null,2006/2007,SH 73,SH 75,,Serious Crash,Yes,2006,0,North,0,0,0,Flat,0,,0,,0,Dark,2538601,2,0,0,2,0,0,0,0,0,,0,0,Canterbury Region,Nil,2-way,Sealed,0,0,1,0,100,0,On,0,0,,60,Christchurch City,Give way,1,0,0,0,0,0,Open,0,0,0,Fine,Null
1759925,5886299,21397,,521122,0,,0,2,,Null,2006/2007,KINGSEAT ROAD,WAIAU PA ROAD,,Minor Crash,No,2006,,North,,0,,Hill Road,,,,,,Twilight,810800,1,0,0,2,,,0,,,,,,Auckland Region,Nil,2-way,Sealed,,0,0,,100,,None,0,0,,76,Auckland,Give way,,,,,0,0,Open,0,,,Fine,Null
1562491,5177875,21398,,587702,0,,1,1,,North,2006/2007,SPRINGS ROAD,AWATEA ROAD,,Minor Crash,No,2006,,South,,0,,Flat,,,,,,Bright sun,2481301,1,0,0,2,,,0,,,,,,Canterbury Region,Nil,2-way,Sealed,,0,0,,50,,Null,0,0,,60,Christchurch City,Unknown,,,,,0,0,Urban,0,,,Fine,Null
1747227,5919919,21399,,512300,0,,0,2,,North,2005/2006,TE ATATU ROAD,TITOKI ST,,Non-Injury Crash,No,2006,,South,,0,,Flat,,,,,,Bright sun,252000,0,0,0,4,,,0,,,,,,Auckland Region,Nil,2-way,Sealed,,0,0,,50,,Off,0,0,,76,Auckland,Nil,,,,,0,0,Urban,0,,,Fine,Null
1800698,5819635,21400,,529402,1,,0,1,,Null,2006/2007,HUKANUI ROAD,LYNDEN COURT,,Minor Crash,No,2006,,North,,0,,Flat,,,,,,Bright sun,876201,2,0,0,2,,,0,,,,,,Waikato Region,Nil,2-way,Sealed,,0,0,,50,,Off,0,0,,16,Hamilton City,Give way,,,,,0,0,Urban,0,,,Fine,Null
1752196,5947913,21401,,505808,0,0,0,2,0,North,2005/2006,ROSARIO CRESCENT,THORBURN AVENUE,,Non-Injury Crash,No,2006,0,East,0,0,0,Flat,0,,0,,0,Dark,173003,0,0,0,1,0,0,0,0,1,,0,0,Auckland Region,Nil,2-way,Sealed,0,0,0,0,50,0,On,0,0,,76,Auckland,Nil,0,0,0,0,0,0,Urban,0,0,0,Fine,Null
1836966,5860062,21402,,534300,0,,0,2,,East,2005/2006,STATION ROAD,NEIL ST,,Non-Injury Crash,No,2006,,West,,0,,Flat,,Easter,,,,Bright sun,1072501,0,0,0,2,,,0,,,,,,Waikato Region,Nil,2-way,Sealed,,0,0,,50,,Null,0,0,,12,Hauraki District,Unknown,,,,,0,0,Urban,0,,,Fine,Null
1925363,5778525,21403,,542600,0,0,0,1,0,South,2006/2007,GALWAY ST,FREYBERG ST,,Serious Crash,No,2006,0,East,0,0,0,Flat,0,,0,,0,Dark,1314700,1,0,0,2,0,0,0,0,0,,0,0,Bay of Plenty Region,Nil,2-way,Sealed,0,0,2,0,50,0,On,0,0,,26,Kawerau District,Nil,0,0,0,1,0,0,Urban,0,0,0,Fine,Null
1927837,5605538,21404,,547900,0,,0,2,,Null,2006/2007,MARAEKAKAHO ROAD,OLIPHANT ROAD,,Minor Crash,No,2006,,South,,0,,Flat,,,,,,Dark,1479800,1,0,0,2,,,0,,,,,,Hawke's Bay Region,Nil,2-way,Sealed,,0,0,,50,,On,0,0,,30,Hastings District,Give way,,,,,0,0,Urban,0,,,Fine,Null
1756603,5920534,21405,,514102,0,,0,1,,East,2005/2006,VICTORIA ST WEST,HALSEY ST,,Non-Injury Crash,No,2006,,West,,0,,Flat,,,,,,Dark,432601,0,0,1,5,,,0,,,,,,Auckland Region,Nil,2-way,Sealed,,0,0,,50,,On,0,0,,76,Auckland,Traffic Signals,,,,,0,0,Urban,0,,,Fine,Null
1755118,5930105,21406,,508420,0,,0,4,,South,2005/2006,SH 1N,SUNNYNOOK OBR,,Non-Injury Crash,Yes,2006,,North,,0,,Flat,,,,,,Dark,183800,0,0,0,3,,,0,,,,,,Auckland Region,Nil,1-way,Sealed,,0,0,,100,,On,0,0,,76,Auckland,Nil,,,,,0,0,Open,0,,,Heavy rain,Null
1560185,5178700,21407,,587830,0,0,0,2,0,North,2006/2007,HALSWELL JUNCTION ROAD,FOREMANS ROAD,,Minor Crash,No,2006,0,North,0,0,0,Flat,0,,0,,0,Dark,2498100,1,0,0,2,0,0,0,0,1,,0,0,Canterbury Region,Nil,2-way,Sealed,0,0,0,0,50,0,On,1,0,,60,Christchurch City,Unknown,0,0,0,0,0,0,Urban,0,0,0,Fine,Null
1822355,5528885,21408,,563101,0,,0,2,,Null,2006/2007,COLLEGE ST,MARNE ST,,Minor Crash,No,2006,,West,,0,,Flat,,,,,,Overcast,1810800,1,0,0,2,,,0,,,,,,Manawatū-Whanganui Region,Nil,2-way,Sealed,,0,0,,50,,Null,0,0,,40,Palmerston North City,Give way,,,,,0,0,Urban,0,,,Fine,Null
1716722,6057724,21409,,502001,0,0,0,1,0,South,2005/2006,SH 1N,GEORGE ST,,Non-Injury Crash,Yes,2006,0,North,1,0,0,Flat,0,,0,,0,Dark,64402,0,0,0,2,0,1,0,0,0,,0,0,Northland Region,Nil,2-way,Sealed,0,0,0,0,100,0,None,0,0,,2,Whangarei District,Nil,0,0,0,0,0,0,Open,0,0,0,Fine,Null
1701053,6073355,21410,,501620,0,,0,1,,South,2005/2006,SH 1N,CALLAGHAN ROAD,,Minor Crash,Yes,2006,,North,,0,,Flat,,,,,,Dark,44901,1,0,0,2,,,0,,,,,,Northland Region,Nil,2-way,Sealed,,0,0,,100,,None,0,0,,1,Far North District,Nil,,,,,0,0,Open,0,,,Fine,Null
1756608,5920727,21411,,514102,0,,0,1,,South,2006/2007,HALSEY ST,FANSHAWE ST,,Minor Crash,No,2006,,North,,0,,Flat,,,,,,Bright sun,432500,1,0,0,4,,,0,,,1,,,Auckland Region,Nil,2-way,Sealed,,0,0,,50,,Off,0,0,,76,Auckland,Nil,,,,,0,0,Urban,0,,,Fine,Null
1755426,5928886,21412,,508320,0,,0,2,,South,2005/2006,WAIRAU ROAD,HILLSIDE ROAD,,Non-Injury Crash,No,2006,,North,,0,,Flat,,,,,,Overcast,198600,0,0,0,4,,,0,,,,,,Auckland Region,Nil,2-way,Sealed,,0,0,,50,,Off,0,0,,76,Auckland,Nil,,,,,0,0,Urban,0,,,Fine,Null
1755713,5926518,21413,,509701,0,,0,1,,Null,2005/2006,LAKE ROAD,OCEAN VIEW ROAD,,Non-Injury Crash,No,2006,,West,,0,,Flat,,,,,,Bright sun,361900,0,0,0,2,,,0,,,,,,Auckland Region,Nil,2-way,Sealed,,0,0,,50,,Off,1,0,,76,Auckland,Give way,,,,,0,0,Urban,0,,,Fine,Null
1565717,5182514,21414,,589000,0,0,0,2,0,Null,2005/2006,MEMORIAL AVENUE,GREERS ROAD,,Minor Crash,No,2006,0,West,0,0,1,Flat,0,,0,,0,Dark,2517600,1,0,0,4,0,0,0,0,0,,0,0,Canterbury Region,Nil,2-way,Sealed,0,0,0,0,50,0,On,0,0,,60,Christchurch City,Traffic Signals,0,0,0,0,0,0,Urban,0,0,0,Fine,Null
1885127,5772421,21415,,540600,0,,0,1,,North,2005/2006,FENTON ST,MARGUERITA ST,,Minor Crash,No,2006,,West,,0,,Flat,,,,,,Dark,1243100,1,0,0,2,,,0,,,1,,,Bay of Plenty Region,Nil,2-way,Sealed,,0,0,,60,,On,0,0,,24,Rotorua District,Nil,,,,,0,0,Urban,0,,,Fine,Null
1747481,5914715,21416,,511100,0,,0,2,,Null,2006/2007,GREAT NORTH ROAD,GLENVIEW ROAD,,Non-Injury Crash,No,2006,,South,,0,,Flat,,,,,,Bright sun,284800,0,0,0,2,,,0,,,,,,Auckland Region,Nil,2-way,Sealed,,0,0,,50,,Off,0,0,,76,Auckland,Traffic Signals,,,,,0,0,Urban,0,,,Fine,Null
1764069,5909835,21417,,521901,0,,0,1,,North,2005/2006,Z CPK COUNTDOWN,MASON AVENUE,,Non-Injury Crash,No,2006,,West,,0,,Flat,,,,,,Bright sun,784200,0,0,0,0,,,0,,,,,,Auckland Region,Nil,Off road,Sealed,,0,0,,20,,Off,0,0,,76,Auckland,Nil,,,,,0,0,Urban,1,,,Fine,Null
1756526,5944267,21418,,505902,0,0,0,2,0,East,2005/2006,POLKINGHORNE DRIVE,KENNETH HOPPER PLACE,,Non-Injury Crash,No,2006,0,East,0,0,0,Flat,0,,0,,0,Bright sun,174204,0,0,0,1,0,0,0,0,1,,0,0,Auckland Region,Nil,2-way,Sealed,0,0,0,0,50,0,Off,0,0,,76,Auckland,Nil,0,0,0,0,0,0,Urban,0,0,0,Fine,Null
1764514,5908646,21419,,521802,0,0,0,3,0,Null,2006/2007,GREAT SOUTH ROAD,NELSON ST,,Minor Crash,No,2006,0,South,0,0,0,Flat,0,,0,,1,Dark,789600,1,0,0,4,0,0,0,0,0,,0,0,Auckland Region,Nil,2-way,Sealed,0,0,0,0,50,0,On,0,0,,76,Auckland,Nil,0,0,0,0,0,0,Urban,0,0,0,Fine,Null
1757265,5920064,21420,,514103,0,,0,2,,East,2005/2006,WAKEFIELD ST,QUEEN ST,,Non-Injury Crash,No,2006,,West,,0,,Flat,,,,,,Dark,436600,0,0,0,2,,,0,,,,,,Auckland Region,Nil,2-way,Sealed,,0,0,,50,,On,0,0,,76,Auckland,Traffic Signals,,,,,0,0,Urban,0,,,Fine,Null
1743696,5923682,21421,,513511,0,0,0,2,0,South,2006/2007,Z CPK WESTGATE SC,SH 16,,Non-Injury Crash,No,2006,0,North,0,0,0,Flat,0,,0,,0,Dark,224306,0,0,0,1,0,0,0,0,1,,0,0,Auckland Region,Nil,Off road,Sealed,0,0,0,0,50,0,On,0,0,,76,Auckland,Nil,0,0,0,0,0,0,Urban,0,0,0,Fine,Null
1408073,4915214,21422,,604620,0,0,0,1,0,North,2005/2006,LARNACH ROAD,MARNE ST,,Serious Crash,No,2006,0,North,0,0,0,Hill Road,0,,0,,0,Overcast,2939401,0,0,0,2,0,0,0,0,0,,0,1,Otago Region,Nil,2-way,Sealed,0,0,1,0,50,0,Null,0,0,,71,Dunedin City,Unknown,0,0,0,0,0,0,Urban,0,0,0,Fine,Null
1771412,5895429,21423,,521201,0,0,0,2,0,North,2005/2006,SH 1N,PAPAKURA ON NBD,,Non-Injury Crash,Yes,2006,0,North,0,0,0,Flat,1,,0,,0,Dark,806604,0,0,0,2,0,0,0,0,0,,0,0,Auckland Region,Nil,1-way,Sealed,0,0,0,0,100,0,On,0,0,,76,Auckland,Nil,0,0,0,0,0,0,Open,0,0,0,Fine,Null