X,Y,OBJECTID,advisorySpeed,areaUnitID,bicycle,bridge,bus,carStationWagon,cliffBank,crashDirectionDescription,crashFinancialYear,crashLocation1,crashLocation2,crashRoadSideRoad,crashSeverity,crashSHDescription,crashYear,debris,directionRoleDescription,ditch,fatalCount,fence,flatHill,guardRail,holiday,houseOrBuilding,intersection,kerb,light,meshblockId,minorInjuryCount,moped,motorcycle,NumberOfLanes,objectThrownOrDropped,otherObject,otherVehicleType,overBank,parkedVehicle,pedestrian,phoneBoxEtc,postOrPole,region,roadCharacter,roadLane,roadSurface,roadworks,schoolBus,seriousInjuryCount,slipOrFlood,speedLimit,strayAnimal,streetLight,suv,taxi,temporarySpeedLimit,tlaId,tlaName,trafficControl,trafficIsland,trafficSign,train,tree,truck,unknownVehicleType,urban,vanOrUtility,vehicle,waterRiver,weatherA,weatherB
1750406,5914452,21424,,511303,1,,0,1,,Null,2005/2006,GREAT NORTH ROAD,STOCK ST,,Minor Crash,No,2006,,North,,0,,Flat,,,,,,Bright sun,266200,1,0,0,4,,,0,,,,,,Auckland Region,Nil,2-way,Sealed,,0,0,,50,,Null,0,0,,76,Auckland,Give way,,,,,0,0,Urban,0,,,Fine,Null
1793783,5814726,21425,,527913,0,0,0,1,0,East,2006/2007,SH 23,HOWDEN ROAD,,Minor Crash,Yes,2006,0,West,1,0,0,Flat,0,,0,,0,Bright sun,978200,3,0,0,2,0,1,0,0,0,,0,0,Waikato Region,Nil,2-way,Sealed,0,0,0,0,100,0,Null,0,0,,13,Waikato District,Unknown,0,0,0,0,0,0,Open,0,0,0,Fine,Null
1746618,5872662,21426,,521151,0,,0,0,,North,2005/2006,Z BCH KARIOTAHI,KARIOITAHI ROAD,,Minor Crash,No,2006,,North,,0,,Flat,,,,,,Overcast,831300,2,0,1,0,,,0,,,2,,,Auckland Region,Nil,Off road,Unsealed,,0,0,,100,,Null,0,0,,76,Auckland,Nil,,,,,0,0,Open,0,,,Fine,Null
1745231,5915384,21427,,512903,0,0,0,1,0,Null,2005/2006,HEREMAI ROAD,AETNA PLACE,,Non-Injury Crash,No,2006,0,East,0,0,1,Flat,0,,0,,0,Dark,278001,0,0,0,2,0,0,0,0,0,,0,0,Auckland Region,Nil,2-way,Sealed,0,0,0,0,50,0,Off,0,0,,76,Auckland,Nil,0,0,0,0,0,0,Urban,0,0,0,Fine,Null
1741126,5976308,21428,,506660,0,,0,1,,South,2006/2007,SH 1N,WAYBY STATION ROAD,,Non-Injury Crash,Yes,2006,,South,,0,,Flat,,,,,,Overcast,136700,0,0,0,2,,,0,,,,,,Auckland Region,Nil,2-way,Sealed,,0,0,,100,,Off,0,0,,76,Auckland,Nil,,,,,0,0,Open,1,,,Fine,Null
1767120,5904071,21429,,524602,0,0,0,1,0,Null,2005/2006,MANUKAU STATION ROAD,DAVIES AVENUE,,Non-Injury Crash,No,2006,0,East,0,0,0,Flat,0,,0,,0,Dark,780416,0,0,0,2,0,0,0,0,0,,0,1,Auckland Region,Nil,1-way,Sealed,0,0,0,0,70,0,On,0,0,,76,Auckland,Nil,0,0,0,0,0,0,Urban,0,0,0,Fine,Null
1748563,5945377,21430,,506201,1,,0,1,,Null,2005/2006,DAIRY FLAT HIGHWAY,SILVERDALE ON NBD,,Minor Crash,No,2006,,East,,0,,Flat,,Easter,,,,Bright sun,176700,1,0,0,4,,,0,,,,,,Auckland Region,Motorway ramp,2-way,Sealed,,0,0,,100,,Off,0,0,,76,Auckland,Nil,,,,,0,0,Open,0,,,Fine,Null
1371958,5194481,21431,,585312,0,,0,1,,Null,2006/2007,SH 6,TATARE RIV BR,,Serious Crash,Yes,2006,,South,,0,,Flat,,,,,,Overcast,2418202,0,0,0,1,,,0,,,,,,West Coast Region,Bridge,1-way,Sealed,,0,3,,100,,Null,0,0,,57,Westland District,Unknown,,,,,1,0,Open,0,,,Heavy rain,Null
1805378,5814203,21432,,527124,0,,0,2,,Null,2005/2006,SH 26,SILVERDALE ROAD,,Non-Injury Crash,Yes,2006,,North,,0,,Hill Road,,,,,,Bright sun,955204,0,0,0,2,,,0,,,,,,Waikato Region,Nil,2-way,Sealed,,0,0,,80,,Null,0,0,,16,Hamilton City,Stop,,,,,0,0,Open,0,,,Fine,Null
1881680,5828203,21433,,536810,1,,0,1,,North,2006/2007,MAUNGANUI ROAD,TAY ST,,Minor Crash,No,2006,,North,,0,,Flat,,,,,,Dark,1196800,1,0,0,2,,,0,,,,,,Bay of Plenty Region,Nil,2-way,Sealed,,0,0,,50,,On,0,0,,23,Tauranga City,Nil,,,,,0,0,Urban,0,,,Fine,Null
1820755,5481203,21434,,578401,0,0,0,1,0,North,2005/2006,SH 2,KIRIWHAKAPAPA ROAD,,Fatal Crash,Yes,2006,0,South,0,1,0,Flat,0,,0,,0,Overcast,2253900,2,0,0,2,0,0,0,0,0,,0,0,Wellington Region,Nil,2-way,Sealed,0,0,0,0,100,0,Null,0,0,,48,Masterton District,Nil,0,0,0,1,0,0,Open,0,0,0,Fine,Null
1761377,5919548,21435,,516400,0,,0,2,,North,2005/2006,NGAPIPI ROAD,PARITAI DRIVE,,Minor Crash,No,2006,,South,,0,,Hill Road,,,,,,Overcast,497000,1,0,0,2,,,0,,,,,,Auckland Region,Nil,2-way,Sealed,,0,0,,50,,Null,0,0,,76,Auckland,Nil,,,,,0,0,Urban,0,,,Heavy rain,Null
1575157,5178062,21436,,594020,0,,0,2,,Null,2005/2006,SH 74,PALINURUS ROAD,,Minor Crash,Yes,2006,,North,,0,,Flat,,,,,,Bright sun,2589404,2,0,0,2,,,0,,,,,,Canterbury Region,Nil,2-way,Sealed,,0,0,,70,,Null,0,0,,60,Christchurch City,Give way,,,,,0,0,Urban,0,,,Fine,Null
1880885,5826532,21437,,536821,0,0,0,2,0,Null,2006/2007,SH 2,TASMAN QUAY,,Minor Crash,Yes,2006,0,East,0,0,0,Flat,0,,0,,0,Bright sun,1203800,1,0,0,4,0,0,0,0,0,,0,0,Bay of Plenty Region,Nil,2-way,Sealed,0,0,0,0,70,0,Null,0,0,,23,Tauranga City,Give way,1,0,0,0,0,0,Urban,1,0,0,Fine,Null
1798725,5441818,21438,50,579803,0,0,0,0,0,South,2005/2006,KAHUTARA ROAD,SH 53,,Serious Crash,No,2006,0,North,1,0,1,Flat,0,,0,,0,Overcast,2271400,1,0,0,2,0,0,0,0,0,,0,0,Wellington Region,Nil,2-way,Unsealed,0,0,1,0,100,0,Null,1,0,,50,South Wairarapa District,Nil,0,0,0,0,0,0,Open,0,0,0,Fine,Null
1771497,5915282,21439,,521501,0,,0,2,,East,2005/2006,RIDGE ROAD,BLEAKHOUSE ROAD,,Minor Crash,No,2006,,East,,0,,Flat,,,,,,Overcast,651100,1,0,0,3,,,0,,,,,,Auckland Region,Nil,2-way,Sealed,,0,0,,50,,Off,0,0,,76,Auckland,Nil,,,,,0,0,Urban,0,,,Fine,Null
1768043,5904247,21440,,523820,0,0,0,1,0,South,2005/2006,SH 1N,REDOUBT OBR,,Non-Injury Crash,Yes,2006,0,South,0,0,0,Hill Road,1,,0,,0,Overcast,759901,0,0,0,3,0,0,0,0,0,,0,0,Auckland Region,Nil,1-way,Sealed,0,0,0,0,100,0,Off,0,0,,76,Auckland,Nil,0,0,0,0,0,0,Open,0,0,0,Fine,Null
1690982,5675530,21441,,551501,0,,0,2,,East,2005/2006,SH 45,DOONE ST,,Minor Crash,Yes,2006,,East,,0,,Hill Road,,,,,,Twilight,1581200,1,0,0,2,,,0,,,,,,Taranaki Region,Nil,2-way,Sealed,,0,0,,50,,Off,0,0,,33,New Plymouth District,Nil,,,,,0,0,Urban,0,,,Fine,Null
1761068,5909257,21442,,524404,0,,0,2,,Null,2006/2007,FAVONA ROAD,HARANIA AVENUE,,Non-Injury Crash,No,2006,,West,,0,,Flat,,,,,,Bright sun,729400,0,0,0,2,,,0,,,,,,Auckland Region,Nil,2-way,Sealed,,0,0,,50,,Off,0,0,,76,Auckland,Give way,,,,,0,0,Urban,0,,,Fine,Null
1748937,5428549,21443,,573000,0,,0,2,,North,2006/2007,FEATHERSTON ST,WHITMORE ST,,Minor Crash,No,2006,,South,,0,,Hill Road,,,,,,Overcast,2123800,1,0,0,3,,,0,,,,,,Wellington Region,Nil,2-way,Sealed,,0,0,,50,,Null,1,0,,47,Wellington City,Nil,,,,,0,0,Urban,0,,,Fine,Null
1853506,5876381,21444,,533300,0,0,0,1,0,East,2005/2006,SH 25,WENTWORTH VALLEY ROAD,,Non-Injury Crash,Yes,2006,0,South,0,0,0,Flat,0,,0,,0,Dark,1060503,0,0,0,2,0,0,0,0,0,,0,0,Waikato Region,Nil,2-way,Sealed,0,0,0,0,100,0,None,0,0,,11,Thames-Coromandel District,Unknown,0,0,0,1,0,0,Open,0,0,0,Fine,Null
1907199,5574071,21445,,549100,0,0,0,0,0,North,2006/2007,SH 2,RACECOURSE ROAD N,,Serious Crash,Yes,2006,0,South,0,0,1,Flat,0,Christmas New Year,1,,0,Twilight,1516201,1,0,0,2,0,0,0,0,0,1,0,0,Hawke's Bay Region,Nil,2-way,Sealed,0,0,1,0,70,0,Off,0,0,,32,Central Hawke's Bay District,Nil,0,0,0,0,1,0,Urban,0,0,0,Fine,Null
1755373,5929455,21446,,508510,0,,0,3,,North,2005/2006,SH 1N,TRISTRAM OFF SBD,,Non-Injury Crash,Yes,2006,,South,,0,,Flat,,,,,,Bright sun,194300,0,0,0,2,,,0,,,,,,Auckland Region,Nil,1-way,Sealed,,0,0,,100,,Off,0,0,,76,Auckland,Nil,,,,,0,0,Open,0,,,Fine,Null
1771838,5446138,21447,,567400,1,,0,1,,Null,2005/2006,SH 2,WHAKATIKI ST,,Minor Crash,Yes,2006,,West,,0,,Flat,,,,,,Overcast,1886600,1,0,0,2,,,0,,,,,,Wellington Region,Nil,2-way,Sealed,,0,0,,100,,Null,0,0,,45,Upper Hutt City,Give way,,,,,0,0,Open,0,,,Fine,Null
1803447,5815016,21448,,530500,0,,0,2,,North,2005/2006,KNIGHTON ROAD,CLYDE ST,,Non-Injury Crash,No,2006,,North,,0,,Flat,,,,,,Overcast,890600,0,0,0,2,,,0,,,,,,Waikato Region,Nil,2-way,Sealed,,0,0,,50,,Null,0,0,,16,Hamilton City,Unknown,,,,,0,0,Urban,0,,,Fine,Null
1801542,5811432,21449,,529300,0,,0,2,,Null,2005/2006,GARDEN HEIGHTS AVENUE,GLENVIEW TERRACE,,Non-Injury Crash,No,2006,,North,,0,,Hill Road,,,,,,Overcast,926400,0,0,0,2,,,0,,,,,,Waikato Region,Nil,2-way,Sealed,,0,0,,50,,Null,0,0,,16,Hamilton City,Give way,,,,,0,0,Urban,0,,,Light rain,Null
1747842,5930417,21450,,509000,0,,0,2,,Null,2006/2007,PAREMOREMO ROAD,ATTWOOD ROAD,,Minor Crash,No,2006,,West,,0,,Hill Road,,,,,,Twilight,179701,2,0,0,2,,,0,,,,,,Auckland Region,Nil,2-way,Sealed,,0,0,,80,,Off,0,0,,76,Auckland,Give way,,,,,0,0,Open,0,,,Fine,Null
1756319,5919326,21451,,514000,0,,0,1,,Null,2005/2006,KARANGAHAPE ROAD,GUNDRY ST,,Non-Injury Crash,No,2006,,West,,0,,Flat,,,,,,Dark,413800,0,0,0,4,,,0,,,,,,Auckland Region,Nil,2-way,Sealed,,0,0,,50,,On,0,0,,76,Auckland,Stop,,,,,0,0,Urban,1,,,Light rain,Null
1751076,5934604,21452,,508701,0,,1,1,,Null,2005/2006,DAIRY FLAT HIGHWAY,THE AVENUE,,Non-Injury Crash,No,2006,,North,,0,,Hill Road,,,,,,Bright sun,178402,0,0,0,2,,,0,,,,,,Auckland Region,Nil,2-way,Sealed,,0,0,,50,,Off,0,0,,76,Auckland,Stop,,,,,0,0,Urban,0,,,Fine,Null
1802764,5814351,21453,,530300,0,,0,2,,Null,2005/2006,ALBERT ST,GALLOWAY ST,,Non-Injury Crash,No,2006,,North,,0,,Flat,,,,,,Dark,882100,0,0,0,2,,,0,,,,,,Waikato Region,Nil,2-way,Sealed,,0,0,,50,,On,0,0,,16,Hamilton City,Give way,,,,,0,0,Urban,0,,,Fine,Null
1755576,5924652,21454,,509800,0,0,0,1,0,West,2006/2007,ONEWA ROAD,QUEEN ST,,Non-Injury Crash,No,2006,0,West,0,0,0,Hill Road,0,,0,,0,Dark,360300,0,0,0,4,0,0,0,0,0,,1,0,Auckland Region,Nil,2-way,Sealed,0,0,0,0,50,0,On,0,0,,76,Auckland,Nil,0,0,0,0,0,0,Urban,0,0,0,Fine,Null
1881526,5774776,21455,,539310,1,,0,1,,East,2005/2006,CLAYTON ROAD,THOMAS CRESCENT,,Non-Injury Crash,No,2006,,East,,0,,Flat,,,,,,Overcast,1230801,0,0,0,2,,,0,,,,,,Bay of Plenty Region,Nil,2-way,Sealed,,0,0,,50,,Null,0,0,,24,Rotorua District,Unknown,,,,,0,0,Urban,0,,,Fine,Null
1568499,5178299,21456,,594800,0,,0,2,,Null,2005/2006,BARRINGTON OFF EBD,BARRINGTON ST,,Minor Crash,Yes,2006,,East,,0,,Flat,,,,,,Dark,2642400,3,0,0,5,,,0,,,,,,Canterbury Region,Nil,2-way,Sealed,,0,0,,50,,On,0,0,,60,Christchurch City,Traffic Signals,,,,,0,0,Urban,0,,,Fine,Null
1760167,5915988,21457,,516002,0,,0,1,,Null,2005/2006,GREEN LANE EAST,GREENLANE INT,,Non-Injury Crash,No,2006,,East,,0,,Flat,,,,,,Bright sun,492100,0,0,0,3,,,0,,,,,,Auckland Region,Nil,2-way,Sealed,,0,0,,50,,Off,1,0,,76,Auckland,Nil,,,,,0,0,Urban,0,,,Fine,Null
1754917,5916456,21458,,517702,0,,0,2,,Null,2005/2006,SANDRINGHAM ROAD,ST LUKES ROAD,,Non-Injury Crash,No,2006,,North,,0,,Flat,,,,,,Bright sun,540300,0,0,0,4,,,0,,,,,,Auckland Region,Nil,2-way,Sealed,,0,0,,50,,Null,0,0,,76,Auckland,Traffic Signals,,,,,0,0,Urban,0,,,Fine,Null
1730570,6016928,21459,,501816,1,,0,1,,North,2006/2007,NOVA SCOTIA DRIVE,COVE ROAD,,Minor Crash,No,2006,,South,,0,,Flat,,,,,,Bright sun,80900,1,0,0,2,,,0,,,,,,Northland Region,Nil,2-way,Sealed,,0,0,,50,,Off,0,0,,2,Whangarei District,Nil,,,,,0,0,Urban,0,,,Fine,Null
1755508,5915748,21460,,518301,0,0,0,2,0,West,2005/2006,TELFORD AVENUE,DOMINION ROAD,,Non-Injury Crash,No,2006,0,West,0,0,0,Flat,0,,0,,0,Dark,554000,0,0,0,2,0,0,0,0,1,,0,0,Auckland Region,Nil,2-way,Sealed,0,0,0,0,50,0,On,0,0,,76,Auckland,Unknown,0,0,0,0,0,0,Urban,0,0,0,Fine,Null
1773074,5890816,21461,,521301,0,0,0,0,0,South,2005/2006,SH 1N,DRURY ON SBD,,Non-Injury Crash,Yes,2006,0,South,0,0,0,Flat,0,,0,,0,Bright sun,809006,0,0,0,2,0,0,0,0,0,,0,1,Auckland Region,Nil,1-way,Sealed,0,0,0,0,100,0,Off,0,0,,76,Auckland,Nil,0,0,0,0,1,0,Open,0,0,0,Fine,Null
1698822,5678637,21462,,550901,0,,0,2,,Null,2006/2007,POHUTUKAWA PLACE,NUGENT ST,,Minor Crash,No,2006,,East,,0,,Flat,,,,,,Bright sun,1559001,2,0,0,2,,,0,,,,,,Taranaki Region,Nil,2-way,Sealed,,0,0,,70,,Null,0,0,,33,New Plymouth District,Give way,,,,,0,0,Urban,0,,,Fine,Null
1809413,5521017,21463,,561901,0,,0,2,,Null,2005/2006,SH 56,OPIKI ROAD,,Minor Crash,Yes,2006,,West,,0,,Flat,,,,,,Bright sun,1797200,1,0,0,2,,,0,,,,,,Manawatū-Whanganui Region,Nil,2-way,Sealed,,0,0,,100,,Null,0,0,,39,Manawatu District,Stop,,,,,0,0,Open,0,,,Fine,Null
1769999,5471914,21464,,565902,0,0,0,1,0,North,2005/2006,OTAIHANGA ROAD,RATANUI ROAD,,Minor Crash,No,2006,0,North,0,0,0,Flat,0,,0,,0,Overcast,1999409,1,0,0,2,0,0,0,0,0,,0,1,Wellington Region,Nil,2-way,Sealed,0,0,0,0,100,0,Null,0,0,,43,Kapiti Coast District,Nil,0,0,0,0,0,0,Open,0,0,0,Heavy rain,Null
1755334,5931874,21465,,508805,0,,0,2,,North,2005/2006,EAST COAST ROAD,SUNSET ROAD,,Non-Injury Crash,No,2006,,North,,0,,Flat,,,,,,Overcast,180827,0,0,0,2,,,0,,,,,,Auckland Region,Nil,2-way,Sealed,,0,0,,50,,On,0,0,,76,Auckland,Nil,,,,,0,0,Urban,0,,,Light rain,Null
1754830,5434329,21466,,573526,0,0,0,2,0,South,2005/2006,SH 2,HOROKIWI ROAD,,Minor Crash,Yes,2006,1,North,0,0,0,Flat,1,,0,,0,Overcast,2086403,1,0,0,2,0,0,0,0,0,,0,0,Wellington Region,Nil,1-way,Sealed,0,0,0,0,100,0,Null,0,0,,47,Wellington City,Nil,0,0,0,0,0,0,Open,0,0,0,Fine,Null
1191812,4973520,21467,,612714,0,0,0,1,0,South,2005/2006,SH 94,TWELVE MILE MARK,,Minor Crash,Yes,2006,0,South,0,0,0,Flat,0,,0,,0,Twilight,3173501,2,0,0,2,0,0,0,0,0,,0,0,Southland Region,Nil,2-way,Sealed,0,0,0,0,100,0,None,0,0,,73,Southland District,Unknown,0,1,0,1,0,0,Open,0,0,0,Light rain,Null
1720539,6049851,21468,,502202,0,0,0,1,0,North,2005/2006,HERETAUNGA ST,BOUNDARY ROAD,,Non-Injury Crash,No,2006,0,South,0,0,1,Flat,0,Christmas New Year,0,,0,Overcast,87300,0,0,0,2,0,0,0,0,0,,1,0,Northland Region,Nil,2-way,Sealed,0,0,0,0,50,0,Off,0,0,,2,Whangarei District,Nil,0,0,0,0,0,0,Urban,0,0,0,Fine,Null
1755339,5918260,21469,,515500,0,0,0,1,0,West,2005/2006,SH 16,BOND OBR,,Non-Injury Crash,Yes,2006,0,East,0,0,0,Flat,1,,0,,0,Overcast,418800,0,0,0,4,0,0,0,0,0,,0,0,Auckland Region,Nil,1-way,Sealed,0,0,0,0,100,0,Off,0,0,80,76,Auckland,Nil,0,0,0,0,0,0,Open,0,0,0,Light rain,Null
1756205,5913051,21470,,518701,0,,0,2,,South,2006/2007,SH 20,HAYR OBR,,Non-Injury Crash,Yes,2006,,West,,0,,Flat,,,,,,Twilight,569000,0,0,0,2,,,0,,,,,,Auckland Region,Nil,1-way,Sealed,,0,0,,50,,Off,0,0,,76,Auckland,Nil,,,,,0,0,Urban,0,,,Light rain,Null
1851353,5765922,21471,,535350,0,0,0,2,0,West,2005/2006,SWANSTON ST,MANNERING ST,,Non-Injury Crash,No,2006,0,West,0,0,0,Flat,0,,0,,0,Bright sun,1143300,0,0,0,1,0,0,0,0,1,,0,0,Waikato Region,Nil,1-way,Sealed,0,0,0,0,50,0,Null,0,0,,19,South Waikato District,Unknown,0,0,0,0,0,0,Urban,0,0,0,Fine,Null
1812185,5454907,21472,,579700,0,0,0,1,0,East,2005/2006,RICHMOND ROAD,SH 2,,Non-Injury Crash,No,2006,0,East,0,0,0,Flat,0,,0,,0,Bright sun,2260400,0,0,0,2,0,0,0,0,0,,0,1,Wellington Region,Nil,2-way,Sealed,0,0,0,0,50,0,Null,0,0,,49,Carterton District,Nil,0,0,0,1,0,0,Urban,0,0,0,Fine,Null
1769367,5901700,21473,,524901,0,0,0,1,0,West,2006/2007,HILL ROAD,HILLCREST GROVE,,Non-Injury Crash,No,2006,0,West,0,0,0,Hill Road,0,,0,,0,Dark,756800,0,0,0,2,0,0,0,0,0,,0,1,Auckland Region,Nil,2-way,Sealed,0,0,0,0,50,0,On,0,0,,76,Auckland,Nil,0,0,0,0,0,0,Urban,0,0,0,Fine,Null
1763576,5906410,21474,,524303,0,,0,0,,Null,2005/2006,PORTAGE ROAD,PARK AVENUE,,Non-Injury Crash,No,2006,,West,,0,,Flat,,,,,,Bright sun,655702,0,0,0,2,,,0,,,,,,Auckland Region,Nil,2-way,Sealed,,0,0,,50,,Off,0,0,,76,Auckland,Give way,,,,,0,0,Urban,2,,,Fine,Null
1242763,4851584,21475,,610800,0,,0,1,,East,2006/2007,HERBERT ST,GREY ST,,Serious Crash,No,2006,,West,,0,,Flat,,,,,,Dark,3119100,0,0,0,2,,,0,,,1,,,Southland Region,Nil,2-way,Sealed,,0,1,,50,,On,0,0,,75,Invercargill City,Unknown,,,,,0,0,Urban,0,,,Heavy rain,Null
1769986,5901041,21476,,523816,0,0,0,2,0,Null,2006/2007,SHIFNAL DRIVE,SECRETARIAT PLACE,,Non-Injury Crash,No,2006,0,North,0,0,0,Flat,0,,0,,0,Dark,759725,0,0,0,2,0,0,0,0,1,,0,0,Auckland Region,Nil,2-way,Sealed,0,0,0,0,50,0,On,0,0,,76,Auckland,Nil,0,0,0,0,0,0,Urban,0,0,0,Light rain,Null
1792727,5499701,21477,,564232,0,,0,1,,Null,2006/2007,PROUSE ST,CAMBRIDGE ST SOUTH,,Minor Crash,No,2006,,South,,0,,Flat,,,,,,Bright sun,1872500,1,0,0,2,,,0,,,,,,Manawatū-Whanganui Region,Nil,2-way,Sealed,,0,0,,50,,Null,1,0,,42,Horowhenua District,Nil,,,,,0,0,Urban,0,,,Fine,Null
1753682,5929289,21478,,508420,0,,0,2,,Null,2005/2006,GLENFIELD ROAD,WAIRAU ROAD,,Minor Crash,No,2006,,North,,0,,Flat,,,,,,Overcast,183201,1,0,0,4,,,0,,,,,,Auckland Region,Nil,2-way,Sealed,,0,0,,50,,Off,0,0,,76,Auckland,Traffic Signals,,,,,0,0,Urban,0,,,Light rain,Null
1756216,5924212,21479,,509800,0,,0,2,,North,2005/2006,SH 1N,MT WGTN OFF SBD,,Non-Injury Crash,Yes,2006,,South,,0,,Flat,,Easter,,,,Overcast,361100,0,0,0,3,,,0,,,,,,Auckland Region,Nil,1-way,Sealed,,0,0,,100,,Off,0,0,,76,Auckland,Nil,,,,,0,0,Open,0,,,Light rain,Null
1333253,4919150,21480,85,607502,0,0,0,0,0,North,2005/2006,SH 8,ATHENAEUM ROAD,,Minor Crash,Yes,2006,0,North,0,0,1,Flat,0,,0,,0,Bright sun,3007401,2,0,0,2,0,0,0,0,0,,0,0,Otago Region,Nil,2-way,Sealed,0,0,0,0,100,0,Null,1,0,,72,Clutha District,Unknown,0,0,0,0,0,0,Open,0,0,0,Fine,Frost
1666407,6115688,21481,,500402,0,,0,2,,South,2005/2006,PUPUKE MANGAPA ROAD,SH 10,,Minor Crash,No,2006,,South,,0,,Flat,,,,,,Overcast,18201,3,0,0,2,,,0,,,,,,Northland Region,Bridge,2-way,Sealed,,0,0,,100,,None,0,0,,1,Far North District,Nil,,,,,0,0,Open,0,,,Light rain,Null
1762027,5908098,21482,,524530,0,0,0,1,1,West,2006/2007,TENNESSEE AVENUE,FLEMING ST,,Minor Crash,No,2006,0,West,0,0,1,Flat,0,,0,,0,Bright sun,732002,1,0,0,2,0,0,0,0,0,,0,0,Auckland Region,Nil,2-way,Sealed,0,0,0,0,50,0,Off,0,0,,76,Auckland,Nil,0,0,0,1,0,0,Urban,0,0,0,Fine,Null
1718009,6038995,21483,,502005,0,0,0,0,0,North,2005/2006,SH 1N,PORTLAND ROAD,,Non-Injury Crash,Yes,2006,0,North,1,0,0,Hill Road,0,,0,,0,Dark,76400,0,0,0,2,0,0,0,0,0,,0,0,Northland Region,Nil,2-way,Sealed,0,0,0,0,100,0,On,0,0,,2,Whangarei District,Nil,0,0,0,0,0,0,Open,1,0,0,Fine,Null
1822641,5903610,21484,,533603,0,0,0,2,0,South,2005/2006,SH 25,WHARF ROAD,,Non-Injury Crash,Yes,2006,0,South,0,0,0,Flat,0,,0,,0,Overcast,1056300,0,0,0,2,0,0,0,0,1,,0,0,Waikato Region,Nil,2-way,Sealed,0,0,0,0,50,0,Null,0,0,,11,Thames-Coromandel District,Unknown,0,0,0,0,0,0,Urban,0,0,0,Fine,Null
1755485,5912674,21485,,518701,0,,0,2,,Null,2006/2007,ARUNDEL ST,ROGAN ST,,Non-Injury Crash,No,2006,,East,,0,,Hill Road,,,,,,Bright sun,572900,0,0,0,2,,,0,,,,,,Auckland Region,Nil,2-way,Sealed,,0,0,,50,,Off,0,0,,76,Auckland,Stop,,,,,0,0,Urban,0,,,Fine,Null
1754097,5913190,21486,,518901,0,,0,2,,North,2006/2007,RICHARDSON ROAD,MAY ROAD,,Minor Crash,No,2006,,South,,0,,Flat,,,,,,Bright sun,585102,1,0,0,3,,,0,,,,,,Auckland Region,Nil,2-way,Sealed,,0,0,,50,,Off,0,0,,76,Auckland,Traffic Signals,,,,,0,0,Urban,0,,,Fine,Null
1799990,5815566,21487,,528900,0,,0,1,,West,2005/2006,KING ST,SEDDON ROAD,,Non-Injury Crash,No,2006,,East,,0,,Flat,,,,,,Bright sun,914000,0,0,0,2,,,0,,,,,,Waikato Region,Nil,2-way,Sealed,,0,0,,50,,Null,0,0,,16,Hamilton City,Give way,,,,,1,0,Urban,0,,,Fine,Null
1763691,5910384,21488,,521901,0,,0,3,,South,2005/2006,GREAT SOUTH ROAD,HOKONUI ROAD,,Non-Injury Crash,No,2006,,South,,0,,Flat,,,,,,Overcast,781900,0,0,0,2,,,0,,,,,,Auckland Region,Nil,2-way,Sealed,,0,0,,50,,None,0,0,,76,Auckland,Nil,,,,,0,0,Urban,0,,,Fine,Null
1757141,5925639,21489,,509702,0,0,0,2,0,East,2006/2007,ESMONDE ON SBD,SH 1N,,Non-Injury Crash,Yes,2006,0,South,0,0,0,Hill Road,1,,0,,0,Dark,364602,0,0,0,2,0,0,0,0,0,,0,0,Auckland Region,Motorway ramp,1-way,Sealed,0,0,0,0,100,0,On,0,0,,76,Auckland,Nil,0,0,0,0,0,0,Open,0,0,0,Fine,Null
1765182,5904851,21490,,522400,0,,0,2,,Null,2006/2007,CAMBRIDGE TERRACE,BRIDGE ST,,Minor Crash,No,2006,,North,,0,,Flat,,,,,,Dark,673302,2,0,0,2,,,0,,,,,,Auckland Region,Nil,2-way,Sealed,,0,0,,50,,On,0,0,,76,Auckland,Give way,,,,,0,0,Urban,0,,,Light rain,Null
1755090,5932930,21491,,508805,0,,0,1,,Null,2006/2007,EAST COAST ROAD,SUNRISE AVENUE S,,Minor Crash,No,2006,,South,,0,,Flat,,,,,,Overcast,180876,1,0,1,4,,,0,,,,,,Auckland Region,Nil,2-way,Sealed,,0,0,,50,,Off,0,0,,76,Auckland,Traffic Signals,,,,,0,0,Urban,0,,,Fine,Null
1528914,5191713,21492,,587010,0,,0,1,,West,2005/2006,OLD WEST COAST ROAD,KIMBERLEY ROAD,,Minor Crash,No,2006,,West,,0,,Flat,,,,,,Bright sun,2463900,1,0,0,2,,,0,,,,,,Canterbury Region,Nil,2-way,Sealed,,0,0,,100,,Null,0,0,,62,Selwyn District,Unknown,,,,,0,0,Open,0,,,Fine,Null
1797479,5817015,21493,,528406,0,,0,1,,Null,2005/2006,AVALON DRIVE,DOMINION ROAD,,Minor Crash,No,2006,,North,,0,,Flat,,,,,,Bright sun,907601,1,0,0,2,,,0,,,,,,Waikato Region,Nil,2-way,Sealed,,0,0,,60,,Null,0,0,,16,Hamilton City,Give way,,,,,1,0,Urban,0,,,Fine,Null
1543988,5170896,21494,,587020,0,,0,1,,Null,2005/2006,POWLES ROAD,ROBIN ROAD,,Minor Crash,No,2006,,West,,0,,Flat,,,,,,Bright sun,2468200,1,0,0,2,,,0,,,1,,,Canterbury Region,Nil,2-way,Sealed,,0,0,,20,,Null,0,0,,62,Selwyn District,Nil,,,,,0,0,Urban,0,,,Fine,Null