X,Y,OBJECTID,advisorySpeed,areaUnitID,bicycle,bridge,bus,carStationWagon,cliffBank,crashDirectionDescription,crashFinancialYear,crashLocation1,crashLocation2,crashRoadSideRoad,crashSeverity,crashSHDescription,crashYear,debris,directionRoleDescription,ditch,fatalCount,fence,flatHill,guardRail,holiday,houseOrBuilding,intersection,kerb,light,meshblockId,minorInjuryCount,moped,motorcycle,NumberOfLanes,objectThrownOrDropped,otherObject,otherVehicleType,overBank,parkedVehicle,pedestrian,phoneBoxEtc,postOrPole,region,roadCharacter,roadLane,roadSurface,roadworks,schoolBus,seriousInjuryCount,slipOrFlood,speedLimit,strayAnimal,streetLight,suv,taxi,temporarySpeedLimit,tlaId,tlaName,trafficControl,trafficIsland,trafficSign,train,tree,truck,unknownVehicleType,urban,vanOrUtility,vehicle,waterRiver,weatherA,weatherB
1789144,5754966,21495,,532000,0,0,0,1,0,North,2006/2007,RORA ST,KING ST,,Non-Injury Crash,No,2006,0,South,0,0,0,Flat,0,,0,,0,Dark,1007400,0,0,0,2,0,0,0,0,0,,0,1,Waikato Region,Nil,2-way,Sealed,0,0,0,0,50,0,On,0,0,,20,Waitomo District,Nil,1,0,0,0,0,0,Urban,0,0,0,Heavy rain,Null
1768916,5900839,21496,,525002,0,,0,1,,Null,2006/2007,WEYMOUTH ROAD,GREAT SOUTH ROAD,,Minor Crash,No,2006,,East,,0,,Flat,,,,,,Bright sun,752802,1,0,0,2,,,0,,,1,,,Auckland Region,Nil,2-way,Sealed,,0,0,,50,,Off,0,0,,76,Auckland,Traffic Signals,,,,,0,0,Urban,0,,,Fine,Null
1810070,5816125,21497,,527004,0,0,0,0,0,West,2006/2007,SH 1B,HOEKA ROAD,,Minor Crash,Yes,2006,0,East,1,0,0,Flat,0,,0,,0,Bright sun,956100,1,0,0,2,0,0,0,0,0,,0,0,Waikato Region,Nil,2-way,Sealed,0,0,0,0,100,0,Null,0,0,,13,Waikato District,Unknown,0,0,0,0,1,0,Open,1,0,0,Fine,Null
1696632,5677471,21498,,551012,0,0,0,0,0,North,2006/2007,SH 3,VICKERS ROAD,,Minor Crash,Yes,2006,0,South,0,0,0,Hill Road,0,,0,,0,Bright sun,1558900,1,0,0,3,0,0,0,0,0,,0,0,Taranaki Region,Nil,2-way,Sealed,0,0,0,0,80,0,Null,0,0,,33,New Plymouth District,Nil,0,1,0,0,1,0,Open,0,0,0,Fine,Null
1798979,5815185,21499,,528900,1,,0,0,,Null,2006/2007,SH 1N,SH 23,,Non-Injury Crash,Yes,2006,,East,,0,,Flat,,,,,,Bright sun,915600,0,0,0,2,,,0,,,,,,Waikato Region,Nil,2-way,Sealed,,0,0,,50,,Off,0,0,,16,Hamilton City,Traffic Signals,,,,,1,0,Urban,0,,,Fine,Null
1376521,5204693,21500,,585322,0,0,0,1,0,South,2006/2007,SH 6,FORKS-OKARITO ROAD,,Serious Crash,Yes,2006,1,South,0,0,0,Hill Road,0,,0,,0,Dark,2418105,1,0,0,2,0,0,0,0,0,,0,1,West Coast Region,Nil,2-way,Sealed,0,0,1,0,100,0,None,0,0,,57,Westland District,Unknown,0,0,0,0,1,0,Open,0,0,0,Fine,Null
1758071,5912898,21501,,519710,0,,0,2,,Null,2006/2007,TRAFALGAR ST,SYMONDS ST,,Non-Injury Crash,No,2006,,East,,0,,Flat,,,,,,Dark,596600,0,0,0,2,,,0,,,,,,Auckland Region,Nil,2-way,Sealed,,0,0,,50,,On,0,0,,76,Auckland,Stop,,,,,0,0,Urban,0,,,Fine,Null
1761085,5915009,21502,,520201,0,,0,2,,North,2005/2006,SH 1N,PENROSE OFF SBD,,Non-Injury Crash,Yes,2006,,South,,0,,Flat,,,,,,Bright sun,613500,0,0,0,3,,,0,,,,,,Auckland Region,Nil,1-way,Sealed,,0,0,,100,,Off,0,0,,76,Auckland,Nil,,,,,0,0,Open,0,,,Fine,Null
1242459,4849370,21503,,611210,0,,0,2,,Null,2006/2007,SH 1S,FORTH ST,,Minor Crash,Yes,2006,,South,,0,,Flat,,,,,,Overcast,3108700,1,0,0,4,,,0,,,,,,Southland Region,Nil,2-way,Sealed,,0,0,,50,,Null,0,0,,75,Invercargill City,Give way,,,,,0,0,Urban,0,,,Fine,Null
1797467,5693898,21504,,532902,0,1,0,1,0,West,2005/2006,SH 4,BELL ROAD,,Minor Crash,Yes,2006,0,West,0,0,0,Flat,0,,0,,0,Overcast,1034700,1,0,0,2,0,0,0,0,0,,0,0,Manawatū-Whanganui Region,Bridge,2-way,Sealed,0,0,0,0,50,0,Null,0,0,,36,Ruapehu District,Nil,0,0,0,0,0,0,Urban,0,0,0,Mist or Fog,Null
1930609,5616271,21505,,547300,0,,0,2,,North,2005/2006,GLOUCESTER ST,GEBBIE ROAD,,Minor Crash,No,2006,,South,,0,,Flat,,,,,,Bright sun,1460500,1,0,0,2,,,0,,,,,,Hawke's Bay Region,Nil,2-way,Sealed,,0,0,,50,,Null,0,0,,31,Napier City,Nil,,,,,0,0,Urban,0,,,Fine,Null
1755087,5929157,21506,,508320,0,,0,2,,Null,2005/2006,WAIRAU ROAD,VIEW ROAD E,,Non-Injury Crash,No,2006,,North,,0,,Flat,,,,,,Overcast,196600,0,0,0,5,,,0,,,,,,Auckland Region,Nil,2-way,Sealed,,0,0,,50,,Off,0,0,,76,Auckland,Give way,,,,,0,0,Urban,0,,,Light rain,Null
1677852,6023480,21507,,504600,0,0,0,2,0,East,2005/2006,MONTGOMERY AVENUE,HUIA CRESCENT,,Non-Injury Crash,No,2006,0,South,0,0,0,Flat,0,,0,,0,Bright sun,114301,0,0,0,2,0,0,0,0,1,,0,0,Northland Region,Nil,2-way,Sealed,0,0,0,0,50,0,Off,0,0,,3,Kaipara District,Nil,0,0,0,0,0,0,Urban,0,0,0,Fine,Null
1748679,5426647,21508,,573101,0,,0,2,,Null,2005/2006,OLD BUCKLE ST,TARANAKI ST,,Minor Crash,No,2006,,South,,0,,Flat,,,,,,Dark,2134800,1,0,0,6,,,0,,,,,,Wellington Region,Nil,2-way,Sealed,,0,0,,50,,On,0,0,,47,Wellington City,Traffic Signals,,,,,0,0,Urban,0,,,Light rain,Null
1799442,5814532,21509,,528900,0,,0,2,,East,2006/2007,KILLARNEY ROAD,ELLIS ST,,Non-Injury Crash,No,2006,,West,,0,,Flat,,,,,,Overcast,916200,0,0,0,2,,,0,,,,,,Waikato Region,Nil,2-way,Sealed,,0,0,,50,,Off,0,0,,16,Hamilton City,Nil,,,,,0,0,Urban,0,,,Fine,Null
1726943,6039708,21510,,501818,0,0,0,0,0,Null,2005/2006,WHANGAREI HEADS ROAD,FISHERMANS POINT,,Minor Crash,No,2006,0,West,0,0,0,Flat,0,,0,,0,Overcast,73501,1,0,0,2,0,0,0,1,0,,0,0,Northland Region,Nil,2-way,Sealed,0,0,0,0,100,0,Null,0,0,,2,Whangarei District,Unknown,0,0,0,0,0,0,Open,1,0,0,Heavy rain,Strong wind
1783709,5587244,21511,,558300,0,,0,0,,North,2005/2006,SH 4,WHANGANUI RIVER ROAD,,Non-Injury Crash,Yes,2006,,North,,0,,Flat,,,,,,Twilight,1684900,0,0,0,2,,,0,,,,,,Manawatū-Whanganui Region,Nil,2-way,Sealed,,0,0,,100,,None,0,0,,37,Whanganui District,Nil,,,,,1,0,Open,0,,,Fine,Null
1717646,6050467,21512,,502101,0,0,0,1,0,West,2006/2007,Z CPK KAMO SHOPS,KAMO ROAD,,Non-Injury Crash,No,2006,0,North,0,0,0,Flat,0,,1,,0,Bright sun,82900,0,0,0,0,0,0,0,0,0,,0,0,Northland Region,Nil,Off road,Sealed,0,0,0,0,30,0,None,0,0,,2,Whangarei District,Nil,0,0,0,0,0,0,Urban,0,0,0,Fine,Null
1746983,5915426,21513,,511601,0,0,0,1,0,Null,2005/2006,PAKIRA AVENUE,FARQUHAR ROAD,,Non-Injury Crash,No,2006,0,South,0,0,1,Flat,0,,0,,0,Dark,276004,0,0,0,2,0,0,0,0,0,,0,0,Auckland Region,Nil,2-way,Sealed,0,0,0,0,50,0,On,0,0,,76,Auckland,Nil,0,0,0,1,0,0,Urban,0,0,0,Fine,Null
1840826,5812493,21514,,535220,0,0,0,1,0,East,2006/2007,PERIA ROAD,MATAI ROAD,,Minor Crash,No,2006,0,East,0,0,1,Hill Road,0,,0,,0,Bright sun,1116900,1,0,0,2,0,0,0,0,0,,0,0,Waikato Region,Nil,2-way,Sealed,0,0,0,0,100,0,None,0,0,,15,Matamata-Piako District,Nil,0,0,0,1,0,0,Open,0,0,0,Fine,Null
1764361,5909325,21515,,521901,0,0,0,1,0,South,2005/2006,GREAT SOUTH ROAD,FAIRBURN ROAD,,Non-Injury Crash,No,2006,0,North,0,0,0,Flat,0,,0,,0,Overcast,784900,0,0,0,4,0,0,0,0,0,,0,0,Auckland Region,Nil,2-way,Sealed,0,0,0,0,50,0,Off,0,0,,76,Auckland,Nil,0,0,0,0,1,0,Urban,0,1,0,Fine,Null
1753231,5914873,21516,,518801,0,,0,1,,Null,2005/2006,RICHARDSON ROAD,STODDARD ROAD,,Non-Injury Crash,No,2006,,North,,0,,Flat,,Easter,,,,Bright sun,575900,0,0,0,2,,,0,,,,,,Auckland Region,Nil,2-way,Sealed,,0,0,,50,,Off,1,0,,76,Auckland,Traffic Signals,,,,,0,0,Urban,0,,,Fine,Null
1696604,5677418,21517,,551012,0,0,0,3,0,Null,2006/2007,SH 3,VICKERS ROAD,,Minor Crash,Yes,2006,0,East,0,0,0,Flat,0,,0,,0,Bright sun,1558900,2,0,0,3,0,0,0,0,0,,0,0,Taranaki Region,Nil,2-way,Sealed,0,0,0,0,70,0,Null,0,0,,33,New Plymouth District,Give way,0,0,0,0,0,0,Urban,0,1,0,Fine,Null
1763584,5910529,21518,,521901,0,,0,1,,North,2006/2007,GREAT SOUTH ROAD,HOKONUI ROAD,,Non-Injury Crash,No,2006,,North,,0,,Flat,,,,,,Bright sun,781500,0,0,0,2,,,0,,,,,,Auckland Region,Nil,2-way,Sealed,,0,0,,50,,Off,0,0,,76,Auckland,Nil,,,,,0,0,Urban,1,,,Fine,Null
1753543,5927939,21519,,508210,0,,0,2,,West,2005/2006,KAIPATIKI ROAD,GLENFIELD ROAD,,Non-Injury Crash,No,2006,,West,,0,,Flat,,Easter,,,,Bright sun,186800,0,0,0,2,,,0,,,,,,Auckland Region,Nil,2-way,Sealed,,0,0,,50,,Off,0,0,,76,Auckland,Nil,,,,,0,0,Urban,0,,,Fine,Null
1924132,5607638,21520,,548611,0,,0,1,,North,2006/2007,PALGRAVE AVENUE,WEDDELL ST,,Minor Crash,No,2006,,South,,0,,Flat,,,,,,Dark,1473902,1,0,0,2,,,0,,,,,,Hawke's Bay Region,Nil,2-way,Sealed,,0,0,,50,,On,0,0,,30,Hastings District,Nil,,,,,0,0,Urban,1,,,Fine,Null
1754122,5441921,21521,,572702,0,,0,2,,South,2005/2006,SH 1N,MUNGAVIN ON SBD,,Minor Crash,Yes,2006,,South,,0,,Flat,,,,,,Overcast,1996100,3,0,0,2,,,0,,,,,,Wellington Region,Nil,1-way,Sealed,,0,0,,100,,Null,0,0,,47,Wellington City,Nil,,,,,0,0,Open,1,,,Heavy rain,Null
1759852,5916116,21522,,516002,0,0,0,0,0,North,2005/2006,SH 1N,GREENLANE INT N,,Non-Injury Crash,Yes,2006,0,North,0,0,0,Flat,0,,0,,0,Bright sun,492000,0,0,0,3,1,0,0,0,0,,0,0,Auckland Region,Nil,1-way,Sealed,0,0,0,0,100,0,Off,1,0,,76,Auckland,Nil,0,0,0,0,0,0,Open,0,0,0,Fine,Null
1757859,5916668,21523,,515700,0,0,0,2,0,West,2005/2006,EPSOM AVENUE,GILLIES AVENUE,,Non-Injury Crash,No,2006,0,West,0,0,0,Flat,0,,0,,0,Overcast,444702,0,0,0,2,0,0,0,0,1,,0,0,Auckland Region,Nil,2-way,Sealed,0,0,0,0,50,0,Null,0,0,,76,Auckland,Traffic Signals,0,0,0,0,0,0,Urban,0,0,0,Fine,Null
1758389,5917651,21524,,516001,0,,0,2,,East,2005/2006,SH 1N,GILLIES OBR,,Non-Injury Crash,Yes,2006,,West,,0,,Flat,,,,,,Bright sun,490800,0,0,0,3,,,0,,,,,,Auckland Region,Nil,1-way,Sealed,,0,0,,80,,Off,0,0,,76,Auckland,Nil,,,,,0,0,Open,0,,,Fine,Null
1794462,5873952,21525,,527221,0,0,0,1,0,West,2006/2007,KOPUKU ROAD,DALGETY ROAD,,Minor Crash,No,2006,0,North,1,0,0,Hill Road,0,Christmas New Year,0,,0,Bright sun,934100,1,0,0,2,0,0,0,0,0,,0,0,Waikato Region,Nil,2-way,Sealed,0,0,0,0,100,0,Null,0,0,,13,Waikato District,Unknown,0,0,0,1,0,0,Open,0,0,0,Fine,Null
1748870,5428195,21526,,573000,0,,0,2,,South,2006/2007,CUSTOMHOUSE QUAY,BRANDON ST,,Minor Crash,No,2006,,North,,0,,Flat,,,,,,Dark,2124300,1,0,0,6,,,0,,,,,,Wellington Region,Nil,2-way,Sealed,,0,0,,50,,On,0,1,,47,Wellington City,Nil,,,,,0,0,Urban,0,,,Fine,Null
1572280,5179178,21527,,593502,0,,0,2,,Null,2006/2007,MOORHOUSE AVENUE,WILSONS ROAD,,Minor Crash,No,2006,,West,,0,,Flat,,,,,,Dark,2607400,1,0,0,4,,,0,,,,,,Canterbury Region,Nil,2-way,Sealed,,0,0,,50,,On,0,0,,60,Christchurch City,Traffic Signals,,,,,0,0,Urban,0,,,Fine,Null
1763649,5912672,21528,,520500,0,,0,2,,Null,2005/2006,SH 1N,MT WGTN ON NBD,,Non-Injury Crash,Yes,2006,,North,,0,,Flat,,,,,,Dark,637300,0,0,0,4,,,0,,,,,,Auckland Region,Nil,1-way,Sealed,,0,0,,100,,On,0,0,,76,Auckland,Nil,,,,,0,0,Open,0,,,Fine,Null
1885413,5823837,21529,,536832,0,0,0,0,0,Null,2006/2007,SH 2,TRUMAN ROAD,,Minor Crash,Yes,2006,0,East,0,0,0,Flat,0,,0,,0,Twilight,1206701,1,0,1,2,0,0,0,0,0,,0,0,Bay of Plenty Region,Nil,2-way,Sealed,0,0,0,0,70,0,On,0,0,,23,Tauranga City,Give way,0,1,0,0,0,0,Urban,0,0,0,Fine,Null
1744330,5926738,21530,,513410,0,,0,0,,West,2005/2006,BRIGHAM CREEK ROAD,TRIG ROAD,,Serious Crash,No,2006,,West,,0,,Flat,,,,,,Bright sun,223400,0,0,1,2,,,0,,,,,,Auckland Region,Nil,2-way,Sealed,,0,1,,50,,Off,1,0,,76,Auckland,Nil,,,,,0,0,Urban,0,,,Fine,Null
1769053,5913302,21531,,522723,0,0,0,2,0,North,2006/2007,STUDFALL ST,HOPE FARM AVENUE,,Non-Injury Crash,No,2006,0,North,0,0,0,Flat,0,,0,,0,Bright sun,682600,0,0,0,2,0,0,0,0,1,,0,0,Auckland Region,Nil,2-way,Sealed,0,0,0,0,50,0,Off,0,1,,76,Auckland,Nil,0,0,0,0,0,0,Urban,0,0,0,Fine,Null
1790885,5828500,21532,,527123,0,0,0,0,0,South,2005/2006,RIVER ROAD,DUKE ST,,Non-Injury Crash,No,2006,0,North,0,0,0,Flat,0,,0,,0,Dark,953002,0,0,0,2,0,0,0,0,0,,0,0,Waikato Region,Nil,2-way,Sealed,0,0,0,0,100,0,None,1,0,,13,Waikato District,Unknown,0,0,0,0,0,0,Open,0,0,0,Light rain,Null
1808628,5819850,21533,,527125,0,,0,2,,Null,2005/2006,SH 1B,TELEPHONE ROAD,,Fatal Crash,Yes,2006,,South,,1,,Flat,,,,,,Overcast,955500,0,0,0,2,,,0,,,,,,Waikato Region,Nil,2-way,Sealed,,0,0,,100,,Off,0,0,,13,Waikato District,Stop,,,,,0,0,Open,0,,,Fine,Null
1765070,5902851,21534,,524604,0,0,0,1,0,Null,2006/2007,WIRI STATION ROAD,ROSCOMMON ROAD E,,Non-Injury Crash,No,2006,0,West,0,0,0,Flat,0,,0,,0,Overcast,781302,0,0,0,2,0,0,0,0,0,,0,0,Auckland Region,Nil,2-way,Sealed,0,0,0,0,70,0,On,0,0,,76,Auckland,Traffic Signals,0,0,0,1,0,0,Urban,0,0,0,Light rain,Null
1756464,5927248,21535,,507900,0,,0,1,,Null,2006/2007,NORTHCOTE ROAD,NORTHCOTE OFF SBD E,,Non-Injury Crash,No,2006,,East,,0,,Flat,,,,,,Dark,303502,0,0,0,4,,,0,,,,,,Auckland Region,Nil,2-way,Sealed,,0,0,,50,,On,0,0,,76,Auckland,Give way,,,,,0,0,Urban,1,,,Fine,Null
1192960,4952176,21536,,612714,0,0,0,0,0,North,2005/2006,SH 94,LYNWOOD ROAD,,Minor Crash,Yes,2006,0,South,0,0,1,Flat,0,,0,,0,Dark,3172000,1,0,0,2,0,0,0,0,0,,0,0,Southland Region,Nil,2-way,Sealed,0,0,0,0,100,0,None,0,0,,73,Southland District,Unknown,0,0,0,0,1,0,Open,0,0,0,Mist or Fog,Frost
1761585,5914116,21537,,520202,0,,0,1,,South,2005/2006,SH 1N,PENROSE INT S,,Non-Injury Crash,Yes,2006,,North,,0,,Flat,,,,,,Bright sun,612300,0,0,0,3,,,0,,,,,,Auckland Region,Nil,1-way,Sealed,,0,0,,100,,Off,0,0,,76,Auckland,Nil,,,,,1,0,Open,0,,,Fine,Null
1749237,5423041,21538,,576100,0,0,0,0,0,East,2005/2006,HOUGHTON BAY ROAD,BUCKLEY ROAD,,Minor Crash,No,2006,0,East,0,0,0,Flat,0,,0,,0,Dark,2194400,1,0,0,2,0,0,0,1,0,,0,0,Wellington Region,Nil,2-way,Sealed,0,0,0,0,50,0,None,0,0,,47,Wellington City,Nil,0,0,0,0,1,0,Urban,0,0,0,Light rain,Null
1931288,5799632,21539,,542530,0,,0,1,,East,2005/2006,THORNTON ROAD,POLLEN ST,,Minor Crash,No,2006,,East,,0,,Flat,,,,,,Overcast,1325600,2,0,0,2,,,0,,,,,,Bay of Plenty Region,Nil,2-way,Sealed,,0,0,,100,,Null,0,0,,25,Whakatane District,Unknown,,,,,0,0,Open,0,,,Light rain,Null
1756279,5927950,21540,,507900,0,,0,2,,North,2006/2007,WAIRAU ROAD,SHAKESPEARE ROAD,,Minor Crash,No,2006,,North,,0,,Flat,,,,,,Bright sun,305202,1,0,0,4,,,0,,,,,,Auckland Region,Nil,2-way,Sealed,,0,0,,50,,Off,0,0,,76,Auckland,Nil,,,,,0,0,Urban,0,,,Fine,Null
1710697,5683021,21541,,550700,0,0,0,2,0,East,2006/2007,SH 3,OTARAOA ROAD,,Minor Crash,Yes,2006,0,West,0,0,1,Flat,0,Labour Weekend,0,,0,Overcast,1550600,2,0,0,3,0,0,0,0,0,,0,0,Taranaki Region,Nil,2-way,Sealed,0,0,0,0,100,0,Null,0,0,,33,New Plymouth District,Nil,0,0,0,0,0,0,Open,0,0,0,Fine,Null
1768544,5901260,21542,,525001,0,,0,3,,North,2006/2007,GREAT SOUTH ROAD,NORTHCREST WAY,,Non-Injury Crash,No,2006,,North,,0,,Flat,,,,,,Overcast,751500,0,0,0,2,,,0,,,,,,Auckland Region,Nil,2-way,Sealed,,0,0,,50,,Off,0,0,,76,Auckland,Nil,,,,,0,0,Urban,0,,,Heavy rain,Null
1750784,5927003,21543,,510010,0,,0,2,,Null,2006/2007,BEACH HAVEN ROAD,TRAMWAY ROAD,,Minor Crash,No,2006,,East,,0,,Hill Road,,,,,,Bright sun,342700,1,0,0,2,,,0,,,,,,Auckland Region,Nil,2-way,Sealed,,0,0,,50,,Off,0,0,,76,Auckland,Give way,,,,,0,0,Urban,0,,,Fine,Null
1902319,5810124,21544,,536653,0,,0,3,,East,2005/2006,SH 2,WILSON ROAD SOUTH,,Minor Crash,Yes,2006,,West,,0,,Flat,,Christmas New Year,,,,Bright sun,1211300,5,0,0,2,,,0,,,,,,Bay of Plenty Region,Nil,2-way,Sealed,,0,0,,100,,Null,0,0,,22,Western Bay of Plenty District,Unknown,,,,,0,0,Open,0,,,Fine,Null
1805884,5787506,21545,,527700,0,0,0,1,1,East,2005/2006,GALLOWAY ST,LINDEN ST,,Non-Injury Crash,No,2006,0,East,1,0,0,Flat,0,,0,,0,Dark,989901,0,0,0,2,0,0,0,0,0,,0,0,Waikato Region,Nil,2-way,Sealed,0,0,0,0,50,0,On,0,0,,17,Waipa District,Unknown,0,0,0,0,0,0,Urban,0,0,0,Fine,Null
1682360,6078563,21546,,501634,0,0,0,1,1,West,2006/2007,NGAPIPITO ROAD,TANA ROAD,,Minor Crash,No,2006,0,West,0,0,1,Flat,0,,0,,0,Bright sun,39701,1,0,0,1,0,0,0,0,0,,0,0,Northland Region,Nil,2-way,Unsealed,0,0,0,0,100,0,None,0,0,,1,Far North District,Nil,0,0,0,0,0,0,Open,0,0,0,Fine,Null
1978563,5670081,21547,,545301,0,0,0,0,0,West,2005/2006,SH 2,THE CRESCENT,,Non-Injury Crash,Yes,2006,0,West,1,0,0,Flat,0,,0,,0,Bright sun,1391701,0,0,0,2,0,0,0,0,0,,0,0,Hawke's Bay Region,Nil,2-way,Sealed,0,0,0,0,100,0,Null,0,0,,29,Wairoa District,Nil,0,0,0,0,1,0,Open,0,0,0,Fine,Null
1757729,5918245,21548,,518101,0,,0,1,,North,2006/2007,SH 1N,MOUNTAIN OBR,,Minor Crash,Yes,2006,,North,,0,,Hill Road,,,,,,Bright sun,543000,1,0,1,5,,,0,,,,,,Auckland Region,Nil,1-way,Sealed,,0,0,,80,,Off,0,0,,76,Auckland,Nil,,,,,0,0,Open,0,,,Fine,Null
1769030,5911533,21549,,523112,0,,0,2,,West,2006/2007,TI RAKAU DRIVE,HARRIS ROAD,,Minor Crash,No,2006,,West,,0,,Flat,,,,,,Bright sun,711404,1,0,0,4,,,0,,,,,,Auckland Region,Nil,2-way,Sealed,,0,0,,60,,Off,0,0,,76,Auckland,Nil,,,,,0,0,Urban,0,,,Fine,Null
1755422,5935924,21550,,507000,0,,0,2,,Null,2005/2006,CARLISLE ROAD,FIRTH ROAD,,Non-Injury Crash,No,2006,,North,,0,,Flat,,,,,,Bright sun,163300,0,0,0,2,,,0,,,,,,Auckland Region,Nil,2-way,Sealed,,0,0,,50,,Off,0,0,,76,Auckland,Give way,,,,,0,0,Urban,0,,,Fine,Null
1901624,5813135,21551,,536653,0,0,0,1,1,South,2006/2007,MAKETU ROAD,KELLY ROAD,,Non-Injury Crash,No,2006,0,South,0,0,0,Flat,0,,0,,0,Bright sun,1209700,0,0,0,2,0,0,0,0,0,,0,0,Bay of Plenty Region,Nil,2-way,Sealed,0,0,0,0,100,0,None,0,0,30,22,Western Bay of Plenty District,Nil,0,0,0,0,0,0,Open,0,0,0,Fine,Null
1816911,5803537,21552,,527503,0,,0,1,,North,2005/2006,SH 1N,QUEEN ST,,Non-Injury Crash,Yes,2006,,South,,0,,Flat,,,,,,Overcast,962602,0,0,0,2,,,0,,,,,,Waikato Region,Nil,2-way,Sealed,,0,0,,50,,Null,0,0,,17,Waipa District,Unknown,,,,,0,0,Urban,1,,,Fine,Null
1932466,5618014,21553,,547100,0,,0,1,,East,2005/2006,KENNEDY ROAD,LAMASON ST,,Serious Crash,No,2006,,West,,0,,Flat,,,,,,Bright sun,1454900,0,0,0,2,,,0,,,1,,,Hawke's Bay Region,Nil,2-way,Sealed,,0,1,,50,,Null,0,0,,31,Napier City,Nil,,,,,0,0,Urban,0,,,Fine,Null
1807695,5538892,21554,,561422,0,0,0,0,0,East,2005/2006,TAIPO ROAD,WAITOHI ROAD,,Minor Crash,No,2006,0,East,0,0,0,Flat,0,Christmas New Year,0,,0,Overcast,1788100,2,0,1,2,0,0,0,0,0,,0,1,Manawatū-Whanganui Region,Nil,2-way,Sealed,0,0,0,0,100,0,Null,0,0,,39,Manawatu District,Nil,0,0,0,0,0,0,Open,0,0,0,Snow,Null
1890449,5818162,21555,,536642,0,0,0,2,0,South,2005/2006,TE PUKE HIGHWAY,BELL ROAD,,Non-Injury Crash,No,2006,0,South,0,0,2,Flat,0,,0,,0,Dark,1207003,0,0,0,2,0,0,0,0,0,,0,0,Bay of Plenty Region,Nil,2-way,Sealed,0,0,0,0,100,0,None,0,0,,22,Western Bay of Plenty District,Unknown,0,0,0,0,0,0,Open,0,0,0,Fine,Null
1690672,5675414,21556,,551501,0,,0,2,,East,2006/2007,SH 45,SEAVIEW ROAD,,Minor Crash,Yes,2006,,East,,0,,Hill Road,,,,,,Bright sun,1581000,1,0,0,2,,,0,,,,,,Taranaki Region,Nil,2-way,Sealed,,0,0,,50,,Null,0,0,,33,New Plymouth District,Nil,,,,,0,0,Urban,0,,,Null,Null
1874953,5810727,21557,65,536630,0,,0,2,,South,2005/2006,SH 36,MERRICK ROAD,,Serious Crash,Yes,2006,,North,,0,,Hill Road,,,,,,Dark,1192900,0,0,0,2,,,0,,,,,,Bay of Plenty Region,Nil,2-way,Sealed,,0,1,,100,,None,0,0,,22,Western Bay of Plenty District,Unknown,,,,,0,0,Open,0,,,Fine,Null
1748683,5944993,21558,,505806,0,0,0,1,0,Null,2006/2007,SH 1N,SILVERDALE ON SBD S,,Minor Crash,Yes,2006,0,South,1,0,0,Flat,0,,0,,0,Dark,176802,1,0,0,4,0,0,0,0,0,,0,0,Auckland Region,Nil,2-way,Sealed,0,0,0,0,100,0,On,0,0,,76,Auckland,Nil,0,0,0,0,0,0,Open,0,0,0,Fine,Null
1766046,5906975,21559,,522301,0,,0,1,,Null,2005/2006,HOTEO AVENUE,WINTERE ROAD,,Non-Injury Crash,No,2006,,West,,0,,Flat,,,,,,Overcast,667200,0,0,0,2,,,0,,,,,,Auckland Region,Nil,2-way,Sealed,,0,0,,50,,Off,1,0,,76,Auckland,Stop,,,,,0,0,Urban,0,,,Heavy rain,Null
1879178,5824475,21560,,538201,0,,0,2,,Null,2006/2007,CAMERON ROAD,SPRING ST,,Non-Injury Crash,No,2006,,West,,0,,Flat,,,,,,Bright sun,1164700,0,0,0,2,,,0,,,,,,Bay of Plenty Region,Nil,2-way,Sealed,,0,0,,50,,Off,0,0,,23,Tauranga City,Nil,,,,,0,0,Urban,0,,,Fine,Null
1751190,5970544,21561,,506661,0,0,0,1,0,West,2005/2006,SANDSPIT ROAD,HAMILTON ROAD,,Serious Crash,No,2006,0,East,1,0,0,Hill Road,0,,0,,0,Bright sun,139400,0,0,0,2,0,0,0,0,0,,0,0,Auckland Region,Nil,2-way,Sealed,0,0,1,0,100,0,None,0,0,,76,Auckland,Nil,0,0,0,0,0,0,Open,0,0,0,Fine,Null
1759404,5910427,21562,,524002,0,0,0,1,0,North,2006/2007,SH 20,RIMU OBR,,Non-Injury Crash,Yes,2006,1,North,0,0,0,Flat,0,,0,,0,Overcast,722000,0,0,0,2,0,0,0,0,0,,0,0,Auckland Region,Nil,1-way,Sealed,0,0,0,0,100,0,Off,0,0,,76,Auckland,Nil,0,0,0,0,0,0,Open,0,0,0,Fine,Null
1760053,5433176,21563,,568800,0,,0,2,,Null,2005/2006,PARKSIDE ROAD,HUTT PARK ROAD,,Non-Injury Crash,No,2006,,East,,0,,Flat,,,,,,Dark,1980400,0,0,0,2,,,0,,,,,,Wellington Region,Nil,2-way,Sealed,,0,0,,50,,On,0,0,,46,Lower Hutt City,Stop,,,,,0,0,Urban,0,,,Fine,Null
1884093,5825366,21564,,536831,0,0,0,1,0,West,2005/2006,SH 2,SH 29,,Non-Injury Crash,Yes,2006,0,West,0,0,0,Flat,1,,0,,0,Bright sun,1204403,0,0,0,4,0,0,0,0,0,,0,0,Bay of Plenty Region,Nil,2-way,Sealed,0,0,0,0,100,0,Null,0,0,,23,Tauranga City,Nil,0,0,0,0,0,0,Open,0,0,0,Fine,Null
1755544,5928651,21565,,508320,0,,0,1,,North,2006/2007,WAIRAU ROAD,ARCHERS ROAD,,Minor Crash,No,2006,,North,,0,,Flat,,,,,,Dark,198600,1,0,0,4,,,0,,,1,,,Auckland Region,Nil,2-way,Sealed,,0,0,,50,,On,0,0,,76,Auckland,Nil,,,,,0,0,Urban,0,,,Fine,Null