X,Y,OBJECTID,advisorySpeed,areaUnitID,bicycle,bridge,bus,carStationWagon,cliffBank,crashDirectionDescription,crashFinancialYear,crashLocation1,crashLocation2,crashRoadSideRoad,crashSeverity,crashSHDescription,crashYear,debris,directionRoleDescription,ditch,fatalCount,fence,flatHill,guardRail,holiday,houseOrBuilding,intersection,kerb,light,meshblockId,minorInjuryCount,moped,motorcycle,NumberOfLanes,objectThrownOrDropped,otherObject,otherVehicleType,overBank,parkedVehicle,pedestrian,phoneBoxEtc,postOrPole,region,roadCharacter,roadLane,roadSurface,roadworks,schoolBus,seriousInjuryCount,slipOrFlood,speedLimit,strayAnimal,streetLight,suv,taxi,temporarySpeedLimit,tlaId,tlaName,trafficControl,trafficIsland,trafficSign,train,tree,truck,unknownVehicleType,urban,vanOrUtility,vehicle,waterRiver,weatherA,weatherB
1776283,5832920,21566,,526702,0,0,0,0,0,East,2006/2007,OTOROHAEA TRIG ROAD,HIGHWAY 22,,Minor Crash,No,2006,0,East,0,0,0,Hill Road,0,,0,,0,Overcast,852600,1,0,0,2,0,0,0,1,0,,0,0,Waikato Region,Nil,2-way,Unsealed,0,0,0,0,100,0,Null,0,0,,13,Waikato District,Unknown,0,0,0,0,1,0,Open,0,0,0,Light rain,Null
1744080,5916028,21567,,513012,0,,0,1,,Null,2005/2006,BORDER ROAD,TABITHA CRESCENT N,,Non-Injury Crash,No,2006,,East,,0,,Flat,,,,,,Overcast,280907,0,0,0,2,,,0,,,,,,Auckland Region,Nil,2-way,Sealed,,0,0,,50,,Off,0,0,,76,Auckland,Give way,,,,,1,0,Urban,0,,,Fine,Null
1799178,5813884,21568,,528900,0,,0,1,,Null,2006/2007,ELLIS ST,PEREGRINE PLACE,,Non-Injury Crash,No,2006,,North,,0,,Flat,,,,,,Overcast,916402,0,0,0,2,,,0,,,,,,Waikato Region,Nil,2-way,Sealed,,0,0,,50,,Null,0,0,,16,Hamilton City,Give way,,,,,1,0,Urban,0,,,Fine,Null
1825959,5886623,21569,,533502,0,,0,2,,Null,2005/2006,MACKAY ST,SEALEY ST,,Minor Crash,No,2006,,West,,0,,Flat,,,,,,Bright sun,1052600,5,0,0,2,,,0,,,,,,Waikato Region,Nil,2-way,Sealed,,0,0,,50,,Null,0,0,,11,Thames-Coromandel District,Give way,,,,,0,0,Urban,0,,,Fine,Null
1771356,5895617,21570,,521201,0,,0,3,,North,2005/2006,SH 1N,BEACH OBR,,Minor Crash,Yes,2006,,North,,0,,Flat,,,,,,Bright sun,806604,1,0,0,2,,,0,,,,,,Auckland Region,Nil,1-way,Sealed,,0,0,,100,,Off,0,0,,76,Auckland,Nil,,,,,0,0,Open,1,,,Fine,Null
1769737,5907372,21571,,523713,0,,0,0,,East,2006/2007,CHAPEL ROAD,ORMISTON ROAD,,Non-Injury Crash,No,2006,,North,,0,,Flat,,,,,,Overcast,712302,0,0,0,2,,,0,,,,,,Auckland Region,Nil,2-way,Sealed,,0,0,,70,,Off,1,0,,76,Auckland,Nil,,,,,0,0,Urban,1,,,Fine,Null
1763463,5912745,21572,,520500,0,,0,2,,West,2006/2007,SH 1N,MT WGTN ON NBD,,Minor Crash,Yes,2006,,West,,0,,Flat,,,,,,Overcast,637300,1,0,0,3,,,0,,,,,,Auckland Region,Nil,1-way,Sealed,,0,0,,100,,Off,0,0,,76,Auckland,Nil,,,,,0,0,Open,1,,,Light rain,Null
1570405,5178746,21573,,594600,1,,0,1,,Null,2005/2006,DURHAM ST,BATTERSEA ST,,Minor Crash,No,2006,,West,,0,,Flat,,,,,,Overcast,2616900,1,0,0,2,,,0,,,,,,Canterbury Region,Nil,2-way,Sealed,,0,0,,50,,Null,0,0,,60,Christchurch City,Stop,,,,,0,0,Urban,0,,,Fine,Null
1561422,5178696,21574,,587400,1,,0,1,,Null,2006/2007,GOULDING AVENUE,SH 1S MAIN SOUTH,,Minor Crash,Yes,2006,,West,,0,,Flat,,,,,,Overcast,2488300,1,0,0,2,,,0,,,,,,Canterbury Region,Nil,2-way,Sealed,,0,0,,60,,Null,0,0,,60,Christchurch City,Traffic Signals,,,,,0,0,Urban,0,,,Mist or Fog,Null
1733527,5934639,21575,,506653,0,,0,1,,West,2005/2006,OLD NORTH ROAD,TAYLOR ROAD,,Minor Crash,No,2006,,North,,0,,Flat,,,,,,Bright sun,217803,1,0,0,2,,,0,,,,,,Auckland Region,Nil,2-way,Sealed,,0,0,,100,,Off,1,0,,76,Auckland,Nil,,,,,0,0,Open,0,,,Fine,Null
1792100,5832879,21576,,527123,1,,1,0,,North,2006/2007,GREAT SOUTH ROAD,OLD TAUPIRI ROAD N,,Fatal Crash,No,2006,,South,,1,,Flat,,,,,,Overcast,951201,0,0,0,2,,,0,,,,,,Waikato Region,Nil,2-way,Sealed,,0,0,,100,,Off,0,0,,13,Waikato District,Nil,,,,,0,0,Open,0,,,Fine,Null
1754953,5917749,21577,,517500,0,,0,1,,East,2005/2006,NEW NORTH ROAD,WESTERN SPRINGS ROAD,,Minor Crash,No,2006,,East,,0,,Flat,,,,,,Twilight,530600,1,0,1,2,,,0,,,,,,Auckland Region,Nil,2-way,Sealed,,0,0,,50,,Off,0,0,,76,Auckland,Nil,,,,,0,0,Urban,0,,,Fine,Null
1874366,5823415,21578,,536514,0,,0,1,,Null,2006/2007,SH 2,BETHLEHEM ROAD,,Non-Injury Crash,Yes,2006,,East,,0,,Flat,,,,,,Overcast,1190303,0,0,0,4,,,0,,,,,,Bay of Plenty Region,Nil,2-way,Sealed,,0,0,,50,,Null,0,0,,23,Tauranga City,Give way,,,,,0,0,Urban,1,,,Fine,Null
1901637,5563185,21579,,549602,0,0,0,1,0,West,2006/2007,RACECOURSE ROAD,PORANGAHAU ROAD,,Fatal Crash,No,2006,0,South,1,1,1,Flat,0,,0,,0,Dark,1524300,0,0,0,2,0,1,0,0,0,,0,0,Hawke's Bay Region,Nil,2-way,Sealed,0,0,0,0,100,0,None,0,0,,32,Central Hawke's Bay District,Nil,0,0,0,0,0,0,Open,0,0,0,Fine,Null
1757068,5919912,21580,,514102,0,,0,2,,Null,2005/2006,MAYORAL DRIVE,GREYS AVENUE,,Non-Injury Crash,No,2006,,East,,0,,Flat,,,,,,Overcast,435202,0,0,0,6,,,0,,,,,,Auckland Region,Nil,2-way,Sealed,,0,0,,50,,On,0,0,,76,Auckland,Traffic Signals,,,,,0,0,Urban,0,,,Heavy rain,Null
1759921,5908533,21581,,524121,0,,0,1,,South,2006/2007,SH 20,CORONATION OFF NBD,,Non-Injury Crash,Yes,2006,,North,,0,,Flat,,,,,,Overcast,737000,0,0,0,3,,,0,,,,,,Auckland Region,Nil,1-way,Sealed,,0,0,,100,,Off,0,0,,76,Auckland,Nil,,,,,1,0,Open,0,,,Fine,Null
1563587,5184322,21582,,587811,0,,0,2,,Null,2005/2006,SH 1S RUSSLEY,MEMORIAL AVENUE,,Serious Crash,Yes,2006,,North,,0,,Flat,,,,,,Bright sun,2494000,0,0,0,4,,,0,,,,,,Canterbury Region,Nil,2-way,Sealed,,0,1,,80,,Null,0,0,,60,Christchurch City,Give way,,,,,0,0,Open,0,,,Fine,Null
1754525,5913973,21583,,518802,0,,0,0,,Null,2006/2007,STODDARD ROAD,GLENARM AVENUE,,Serious Crash,No,2006,,North,,0,,Flat,,,,,,Bright sun,579200,0,0,0,3,,,0,,,1,,,Auckland Region,Nil,2-way,Sealed,,0,1,,50,,Null,0,0,,76,Auckland,Traffic Signals,,,,,1,0,Urban,0,,,Fine,Null
1765817,5908077,21584,,523402,0,0,0,1,0,South,2005/2006,SH 1N,BAIRDS OBR,,Non-Injury Crash,Yes,2006,0,South,0,0,0,Flat,1,,0,,0,Dark,699000,0,0,0,3,0,0,0,0,0,,0,0,Auckland Region,Nil,1-way,Sealed,0,0,0,0,100,0,On,0,0,,76,Auckland,Nil,0,0,0,0,0,0,Open,0,0,0,Fine,Null
1936606,5621458,21585,,546802,0,0,0,2,0,East,2005/2006,TENNYSON ST,CLIVE SQUARE EAST,,Non-Injury Crash,No,2006,0,West,0,0,0,Flat,0,,0,,0,Overcast,1423600,0,0,0,2,0,0,0,0,0,,0,0,Hawke's Bay Region,Nil,2-way,Sealed,0,0,0,0,50,0,Null,0,1,,31,Napier City,Nil,0,0,0,0,0,0,Urban,0,1,0,Fine,Null
1768484,5911678,21586,,523107,0,,0,2,,West,2006/2007,TI RAKAU DRIVE,TRUGOOD DRIVE,,Non-Injury Crash,No,2006,,East,,0,,Flat,,,,,,Dark,711408,0,0,0,3,,,0,,,,,,Auckland Region,Nil,2-way,Sealed,,0,0,,50,,On,0,0,,76,Auckland,Nil,,,,,0,0,Urban,0,,,Fine,Null
1799041,5814529,21587,,528900,1,,0,1,,Null,2005/2006,KILLARNEY ROAD,SH 1N,,Minor Crash,Yes,2006,,East,,0,,Flat,,,,,,Bright sun,915900,1,0,0,4,,,0,,,,,,Waikato Region,Nil,2-way,Sealed,,0,0,,60,,Null,0,0,,16,Hamilton City,Give way,,,,,0,0,Urban,0,,,Fine,Null
1868629,5718072,21588,,541312,0,,0,3,,South,2006/2007,WAIRAKEI DRIVE,KARAPITI BLOWHOLE ENT,,Serious Crash,No,2006,,South,,0,,Flat,,,,,,Bright sun,1279300,6,0,0,2,,,0,,,,,,Waikato Region,Nil,2-way,Sealed,,0,2,,100,,Null,0,0,,21,Taupo District,Unknown,,,,,0,0,Open,0,,,Fine,Null
1753451,5440971,21589,,572600,0,,0,1,,North,2006/2007,DUNCAN ST,STEPHEN ST,,Minor Crash,No,2006,,North,,0,,Flat,,,,,,Overcast,1992500,1,0,0,2,,,0,,,1,,,Wellington Region,Nil,2-way,Sealed,,0,0,,50,,Null,0,0,,47,Wellington City,Nil,,,,,0,0,Urban,0,,,Fine,Null
1728304,6006504,21590,,501815,0,0,0,1,1,South,2006/2007,SH 1N,ARTILLERY ROAD,,Non-Injury Crash,Yes,2006,0,South,0,0,0,Hill Road,0,,0,,0,Dark,81600,0,0,0,3,0,0,0,0,0,,0,0,Northland Region,Nil,2-way,Sealed,0,0,0,0,100,0,None,0,0,,2,Whangarei District,Nil,0,0,0,0,0,0,Open,0,0,0,Light rain,Null
1826863,5797527,21591,,535241,0,0,0,1,0,South,2006/2007,SH 1N,FERGUSSON GULLY ROAD,,Non-Injury Crash,Yes,2006,0,South,0,0,0,Flat,0,,0,,1,Bright sun,1123100,0,0,0,3,0,0,0,0,0,,0,0,Waikato Region,Nil,2-way,Sealed,0,0,0,0,100,0,Null,0,0,,17,Waipa District,Unknown,0,0,0,0,0,0,Open,0,0,0,Fine,Null
1575267,5179600,21592,,593900,0,,0,0,,Null,2006/2007,MACES ROAD,WICKHAM ST,,Serious Crash,No,2006,,South,,0,,Flat,,,,,,Overcast,2579501,0,0,1,2,,,0,,,,,,Canterbury Region,Nil,2-way,Sealed,,0,1,,50,,Null,0,0,,60,Christchurch City,Nil,,,,,1,0,Urban,0,,,Fine,Null
1407585,4919275,21593,,603300,0,,0,1,,South,2006/2007,NORTH ROAD,DUDDINGSTONE STEPS,,Minor Crash,No,2006,,North,,0,,Flat,,,,,,Dark,2870700,1,0,0,2,,,0,,,1,,,Otago Region,Nil,2-way,Sealed,,0,0,,50,,On,0,1,,71,Dunedin City,Unknown,,,,,0,0,Urban,0,,,Fine,Null
1905705,5808052,21594,,536654,0,,0,2,,Null,2005/2006,SH 2,ARAWA ROAD,,Non-Injury Crash,Yes,2006,,West,,0,,Flat,,,,,,Twilight,1209900,0,0,0,2,,,0,,,,,,Bay of Plenty Region,Nil,2-way,Sealed,,0,0,,100,,On,0,0,,22,Western Bay of Plenty District,Nil,,,,,0,0,Open,0,,,Light rain,Null
1758329,5925551,21595,,508020,0,0,0,2,0,Null,2005/2006,WAITEMATA ROAD,JUTLAND ROAD,,Non-Injury Crash,No,2006,0,South,0,0,0,Flat,0,,0,,0,Overcast,322900,0,0,0,2,0,0,0,0,1,,0,0,Auckland Region,Nil,2-way,Sealed,0,0,0,0,50,0,Null,0,0,,76,Auckland,Nil,0,0,0,0,0,0,Urban,0,0,0,Fine,Null
1768827,5905932,21596,,523721,0,,0,2,,West,2006/2007,DAWSON ROAD,TE IRIRANGI DRIVE,,Non-Injury Crash,No,2006,,East,,0,,Flat,,,,,,Bright sun,715616,0,0,0,2,,,0,,,,,,Auckland Region,Nil,2-way,Sealed,,0,0,,50,,Off,0,0,,76,Auckland,Nil,,,,,0,0,Urban,0,,,Fine,Null
1799853,5817014,21597,,528700,0,,0,2,,North,2005/2006,VICTORIA ST,FAIRFIELD BRIDGE,,Non-Injury Crash,No,2006,,South,,0,,Flat,,,,,,Overcast,902200,0,0,0,3,,,0,,,,,,Waikato Region,Nil,2-way,Sealed,,0,0,,50,,Null,0,0,,16,Hamilton City,Traffic Signals,,,,,0,0,Urban,0,,,Light rain,Null
1722127,6051204,21598,,501814,0,,0,1,,Null,2006/2007,NGUNGURU ROAD,HARRIS ROAD,,Non-Injury Crash,No,2006,,South,,0,,Flat,,,,,,Overcast,61902,0,0,0,2,,,0,,,,,,Northland Region,Nil,2-way,Sealed,,0,0,,100,,None,0,0,,2,Whangarei District,Give way,,,,,1,0,Open,0,,,Fine,Null
2036034,5709460,21599,,544600,1,,0,1,,Null,2005/2006,GLADSTONE ROAD,STANLEY ROAD,,Minor Crash,No,2006,,East,,0,,Flat,,,,,,Bright sun,1369100,1,0,0,4,,,0,,,,,,Gisborne Region,Nil,2-way,Sealed,,0,0,,50,,Null,0,0,,28,Gisborne District,Give way,,,,,0,0,Urban,0,,,Fine,Null
1755359,5934060,21600,,507200,0,0,0,0,0,South,2005/2006,BROWNS BAY ROAD S,BEACH ROAD,,Minor Crash,No,2006,0,South,0,0,0,Hill Road,0,,0,,0,Dark,156304,1,0,1,3,0,0,0,0,0,,0,0,Auckland Region,Nil,2-way,Sealed,0,0,0,0,50,0,On,0,0,,76,Auckland,Nil,1,0,0,0,0,0,Urban,0,0,0,Fine,Null
1817665,5803000,21601,,527503,0,,0,2,,Null,2006/2007,SH 1N,DUKE ST,,Minor Crash,Yes,2006,,North,,0,,Flat,,,,,,Overcast,963100,1,0,0,3,,,0,,,,,,Waikato Region,Nil,2-way,Sealed,,0,0,,50,,Off,0,0,,17,Waipa District,Give way,,,,,0,0,Urban,0,,,Fine,Null
1757382,5877141,21602,,521152,0,,0,0,,South,2005/2006,WAIUKU ROAD,PUKEOWARE ROAD,,Non-Injury Crash,No,2006,,South,,0,,Flat,,,,,,Overcast,832900,0,0,0,2,,,0,,,,,,Auckland Region,Nil,2-way,Sealed,,0,0,,100,,None,0,0,,76,Auckland,Nil,,,,,0,0,Open,2,,,Fine,Null
1759727,5434335,21603,,568900,0,,0,1,,South,2005/2006,RANDWICK ROAD,YORK ST,,Minor Crash,No,2006,,South,,0,,Flat,,,,,,Bright sun,1963300,1,0,0,2,,,0,,,1,,,Wellington Region,Nil,2-way,Sealed,,0,0,,50,,Null,0,0,,46,Lower Hutt City,Nil,,,,,0,0,Urban,0,,,Fine,Null
1746787,5945171,21604,,506201,0,0,0,1,0,West,2006/2007,PINE VALLEY ROAD,YOUNG ACCESS,,Non-Injury Crash,No,2006,0,West,1,0,0,Flat,0,,0,,0,Dark,176603,0,0,0,2,0,0,0,0,0,,0,0,Auckland Region,Nil,2-way,Sealed,0,0,0,0,100,0,None,0,0,,76,Auckland,Unknown,0,0,0,0,0,0,Open,0,0,0,Fine,Null
1747349,5916279,21605,,511601,0,0,0,1,0,South,2005/2006,BARRYS ROAD,ASHBOURNE PLACE,,Non-Injury Crash,No,2006,0,South,0,0,1,Flat,0,,0,,0,Twilight,274800,0,0,0,2,0,0,0,0,0,,0,0,Auckland Region,Nil,2-way,Sealed,0,0,0,0,50,0,Off,0,0,,76,Auckland,Nil,0,0,0,0,0,0,Urban,0,0,0,Light rain,Null
1755224,5914469,21606,,518500,0,,0,2,,Null,2005/2006,DOMINION ROAD,KEYSTONE AVENUE,,Non-Injury Crash,No,2006,,South,,0,,Flat,,,,,,Bright sun,560800,0,0,0,2,,,0,,,,,,Auckland Region,Nil,2-way,Sealed,,0,0,,50,,Off,0,0,,76,Auckland,Stop,,,,,0,0,Urban,0,,,Fine,Null
1929498,5800368,21607,,542000,0,0,0,0,0,Null,2005/2006,SH 2,MCPHERSON ST,,Non-Injury Crash,Yes,2006,0,North,1,0,0,Flat,0,,0,,0,Dark,1321700,0,0,0,2,0,0,0,0,0,,0,0,Bay of Plenty Region,Nil,2-way,Sealed,0,0,0,0,100,0,None,0,0,30,25,Whakatane District,Give way,0,0,0,0,0,0,Open,1,0,0,Fine,Null
1719798,6045809,21608,,503100,0,,0,2,,West,2006/2007,WALTON ST,DENT ST,,Non-Injury Crash,No,2006,,North,,0,,Flat,,,,,,Bright sun,99902,0,0,0,4,,,0,,,,,,Northland Region,Nil,2-way,Sealed,,0,0,,50,,Off,0,0,,2,Whangarei District,Nil,,,,,0,0,Urban,0,,,Fine,Null
1728353,6008123,21609,,501815,0,0,0,1,1,South,2006/2007,SH 1N,WAIPU GORGE ROAD,,Minor Crash,Yes,2006,0,North,0,0,0,Hill Road,0,,0,,0,Overcast,81300,1,0,0,3,0,0,0,0,0,,0,0,Northland Region,Nil,2-way,Sealed,0,0,0,0,100,0,None,0,0,70,2,Whangarei District,Nil,0,0,0,0,0,0,Open,0,0,0,Fine,Null
1757911,5446622,21610,,572100,0,0,0,0,0,South,2006/2007,OMAPERE ST,TRANSOM CLOSE,,Serious Crash,No,2006,0,West,0,0,0,Hill Road,0,,0,,0,Dark,2072515,0,0,0,2,0,0,0,0,1,,0,0,Wellington Region,Nil,2-way,Sealed,0,0,1,0,50,0,On,0,0,,44,Porirua City,Nil,0,0,0,0,1,0,Urban,1,0,0,Fine,Null
1798158,5820075,21611,,528320,0,0,0,1,0,East,2006/2007,WAIRERE DRIVE,PUKETE ROAD,,Non-Injury Crash,No,2006,0,East,0,0,0,Flat,0,,0,,1,Dark,897511,0,0,0,2,0,0,0,0,0,,0,0,Waikato Region,Nil,2-way,Sealed,0,0,0,0,80,0,On,0,0,,16,Hamilton City,Nil,0,0,0,0,0,0,Open,0,0,0,Fine,Null
1749170,5426423,21612,,573400,1,,0,1,,Null,2006/2007,HANIA ST,ELLICE ST,,Minor Crash,No,2006,,South,,0,,Hill Road,,,,,,Bright sun,2143600,1,0,0,2,,,0,,,,,,Wellington Region,Nil,2-way,Sealed,,0,0,,50,,Null,0,0,,47,Wellington City,Give way,,,,,0,0,Urban,0,,,Fine,Null
1758253,5916671,21613,,519200,0,,0,1,,North,2005/2006,MANUKAU ROAD,EPSOM AVENUE,,Non-Injury Crash,No,2006,,North,,0,,Flat,,,,,,Bright sun,614301,0,0,0,4,,,0,,,,,,Auckland Region,Nil,2-way,Sealed,,0,0,,50,,Off,0,1,,76,Auckland,Nil,,,,,0,0,Urban,1,,,Fine,Null
1685444,6006864,21614,,504501,0,0,0,1,0,South,2006/2007,POUTO ROAD,COLE ROAD,,Minor Crash,No,2006,0,South,1,0,0,Flat,0,,0,,0,Bright sun,123802,1,0,0,2,0,0,0,0,0,,0,0,Northland Region,Nil,2-way,Sealed,0,0,0,0,100,0,Null,0,0,,3,Kaipara District,Unknown,0,0,0,0,0,0,Open,0,0,0,Fine,Null
1800806,5819301,21615,,529402,0,,0,2,,North,2005/2006,Z CPK WESTFIELD SC,COMRIES ROAD,,Non-Injury Crash,No,2006,,South,,0,,Flat,,,,,,Bright sun,877800,0,0,0,0,,,0,,,,,,Waikato Region,Nil,Off road,Sealed,,0,0,,50,,Off,0,0,,16,Hamilton City,Nil,,,,,0,0,Urban,0,,,Fine,Null
1755533,5921419,21616,,515202,0,,0,3,,South,2006/2007,SH 1N,SHELLY BEACH OBR,,Non-Injury Crash,Yes,2006,,North,,0,,Flat,,,,,,Twilight,425600,0,0,0,4,,,0,,,,,,Auckland Region,Nil,1-way,Sealed,,0,0,,80,,On,0,0,,76,Auckland,Nil,,,,,0,0,Open,0,,,Fine,Null
1766337,5466359,21617,,566102,0,0,0,1,0,Null,2006/2007,POPLAR AVENUE,ROSETTA ROAD,,Minor Crash,No,2006,0,South,0,0,1,Flat,0,,1,,0,Dark,2006700,3,0,0,2,0,0,0,0,0,,0,0,Wellington Region,Nil,2-way,Sealed,0,0,0,0,50,0,On,0,0,,43,Kapiti Coast District,Stop,0,0,0,1,0,0,Urban,0,0,0,Fine,Null
1559162,5284125,21618,55,585506,0,0,0,1,0,West,2006/2007,SH 7,GLYNN WYE STM BR,,Serious Crash,Yes,2006,0,East,0,0,0,Hill Road,1,,0,,0,Dark,2427900,0,0,0,2,0,0,0,0,0,,0,0,Canterbury Region,Nil,2-way,Sealed,0,0,1,0,100,0,None,0,0,,58,Hurunui District,Unknown,0,0,0,0,0,0,Open,0,0,0,Fine,Null
1735519,5945148,21619,,506646,0,0,0,2,0,West,2005/2006,KAHIKATEA FLAT ROAD,RAPSON ROAD,,Minor Crash,No,2006,0,South,1,0,0,Flat,0,,0,,0,Twilight,213000,1,0,0,2,0,0,0,0,1,,0,0,Auckland Region,Nil,2-way,Unsealed,0,0,0,0,100,0,None,0,0,30,76,Auckland,Nil,0,0,0,0,0,0,Open,0,0,0,Mist or Fog,Null
1757017,5916930,21620,20,518102,1,,0,1,,North,2005/2006,MOUNT EDEN ROAD,OAKLANDS ROAD,,Minor Crash,No,2006,,South,,0,,Flat,,,,,,Bright sun,546700,1,0,0,3,,,0,,,,,,Auckland Region,Nil,2-way,Sealed,,0,0,,50,,Off,0,0,,76,Auckland,Give way,,,,,0,0,Urban,0,,,Fine,Null
1744687,5912556,21621,,512902,0,0,0,1,0,South,2005/2006,SHAW ROAD,NOLA ROAD,,Minor Crash,No,2006,0,South,0,0,0,Flat,0,,0,,0,Twilight,278702,2,0,0,2,0,0,0,0,0,,0,0,Auckland Region,Nil,2-way,Sealed,0,0,0,0,50,0,None,0,0,,76,Auckland,Nil,0,0,0,1,0,0,Urban,0,0,0,Fine,Null
1753968,5945427,21622,,505907,0,,0,1,,Null,2005/2006,WHANGAPARAOA ROAD,DOYLY DRIVE,,Minor Crash,No,2006,,South,,0,,Hill Road,,,,,,Dark,173407,1,0,1,2,,,0,,,,,,Auckland Region,Nil,2-way,Sealed,,0,0,,50,,On,0,0,,76,Auckland,Stop,,,,,0,0,Urban,0,,,Fine,Null
1412179,4942366,21623,,601603,0,0,0,0,0,North,2005/2006,SH 1S,RUSSELL ROAD,,Minor Crash,Yes,2006,0,South,1,0,1,Hill Road,0,,0,,0,Dark,2858400,1,0,0,2,0,0,0,0,0,,0,0,Otago Region,Nil,2-way,Sealed,0,0,0,0,100,0,None,1,0,,71,Dunedin City,Unknown,0,0,0,0,0,0,Open,0,0,0,Fine,Frost
1560223,5182153,21624,,587811,0,,0,2,,West,2005/2006,SH 73 WEST COAST,POUND ROAD,,Minor Crash,Yes,2006,,West,,0,,Flat,,,,,,Dark,2494900,2,0,0,2,,,0,,,,,,Canterbury Region,Nil,2-way,Sealed,,0,0,,70,,On,0,0,,60,Christchurch City,Unknown,,,,,0,0,Urban,0,,,Light rain,Null
1767072,5903822,21625,,524602,0,0,0,1,0,East,2005/2006,WIRI STATION ROAD,LAMBIE DRIVE,,Non-Injury Crash,No,2006,0,West,0,0,0,Flat,0,,0,,0,Dark,780411,0,0,0,4,0,0,0,0,0,,0,0,Auckland Region,Nil,2-way,Sealed,0,0,0,0,50,0,On,0,0,,76,Auckland,Nil,1,0,0,1,0,0,Urban,0,0,0,Light rain,Null
1753080,5934599,21626,,508704,0,0,0,1,0,North,2006/2007,OTEHA VALLEY ON SBD,SH 1N,,Non-Injury Crash,Yes,2006,0,South,0,0,0,Hill Road,1,,0,,0,Overcast,179113,0,0,0,1,0,0,0,0,0,,0,0,Auckland Region,Motorway ramp,1-way,Sealed,0,0,0,0,100,0,Off,0,0,,76,Auckland,Nil,0,0,0,0,0,0,Open,0,0,0,Heavy rain,Null
1767374,5906254,21627,,523601,0,0,0,1,0,West,2005/2006,FLAT BUSH ROAD,WAIMATE ST,,Minor Crash,No,2006,0,West,0,0,1,Flat,0,,0,,0,Dark,707200,2,0,0,2,0,0,0,0,0,,0,0,Auckland Region,Nil,2-way,Sealed,0,0,0,0,50,0,On,0,0,,76,Auckland,Unknown,0,0,0,0,0,0,Urban,0,0,0,Fine,Null
1763493,5908626,21628,,521901,0,,0,2,,Null,2005/2006,MANGERE ROAD,CHELSEA AVENUE,,Non-Injury Crash,No,2006,,West,,0,,Flat,,Queens Birthday,,,,Dark,786200,0,0,0,4,,,0,,,,,,Auckland Region,Nil,2-way,Sealed,,0,0,,50,,On,0,0,,76,Auckland,Traffic Signals,,,,,0,0,Urban,0,,,Heavy rain,Null
1770933,5895095,21629,,521201,0,,0,2,,East,2005/2006,HINGAIA ROAD,PARAREKAU ROAD,,Minor Crash,No,2006,,East,,0,,Flat,,,,,,Twilight,806604,3,0,0,2,,,0,,,,,,Auckland Region,Nil,2-way,Sealed,,0,0,,70,,On,0,0,,76,Auckland,Nil,,,,,0,0,Urban,0,,,Light rain,Null
1758686,5925514,21630,,508020,0,0,0,1,0,Null,2005/2006,FRANCIS ST,RIVIERA PLACE,,Minor Crash,No,2006,0,East,0,0,0,Hill Road,0,,0,,0,Dark,323100,2,0,0,2,0,0,0,0,0,,0,1,Auckland Region,Nil,2-way,Sealed,0,0,0,0,50,0,On,0,0,,76,Auckland,Nil,0,0,0,1,0,0,Urban,0,0,0,Light rain,Null
1727785,6013875,21631,,501816,0,0,0,0,0,North,2005/2006,SH 1N,BROOKS ROAD,,Minor Crash,Yes,2006,0,South,0,0,0,Flat,0,,0,,0,Overcast,80600,1,0,0,2,0,1,0,0,0,,0,0,Northland Region,Nil,2-way,Sealed,0,0,0,0,100,0,Null,0,0,70,2,Whangarei District,Unknown,0,0,0,0,1,0,Open,0,0,0,Light rain,Null
1799785,5815637,21632,,528800,0,,0,2,,Null,2006/2007,NORTON ROAD,MILL ST,,Minor Crash,No,2006,,East,,0,,Flat,,,,,,Overcast,904700,1,0,0,4,,,0,,,,,,Waikato Region,Nil,2-way,Sealed,,0,0,,50,,Null,0,0,,16,Hamilton City,Traffic Signals,,,,,0,0,Urban,0,,,Fine,Null
1761068,5909257,21633,,524404,0,,0,0,,Null,2005/2006,FAVONA ROAD,HARANIA AVENUE,,Minor Crash,No,2006,,West,,0,,Flat,,,,,,Twilight,729400,1,0,0,2,,,0,,,,,,Auckland Region,Nil,2-way,Sealed,,0,0,,50,,On,1,0,,76,Auckland,Give way,,,,,0,0,Urban,1,,,Fine,Null
1767774,5904295,21634,,524604,0,,0,2,,Null,2005/2006,MANUKAU STATION ROAD,GREAT SOUTH ROAD,,Non-Injury Crash,No,2006,,East,,0,,Flat,,,,,,Bright sun,780302,0,0,0,5,,,0,,,,,,Auckland Region,Nil,2-way,Sealed,,0,0,,70,,Off,0,0,,76,Auckland,Traffic Signals,,,,,0,0,Urban,0,,,Fine,Null
1853969,5854108,21635,,534200,0,0,0,1,0,North,2005/2006,SH 2,TRIG ROAD SOUTH,,Fatal Crash,Yes,2006,0,South,0,1,0,Flat,1,,0,,0,Overcast,1083301,2,0,0,2,0,0,0,0,0,,0,0,Waikato Region,Nil,2-way,Sealed,0,0,0,0,100,0,None,1,0,,12,Hauraki District,Nil,0,0,0,0,0,0,Open,0,0,0,Fine,Null
1788847,5813694,21636,65,526601,0,0,0,0,0,Null,2005/2006,SH 23,TE PAHU ROAD,,Non-Injury Crash,Yes,2006,0,South,1,0,0,Flat,0,,0,,0,Dark,859600,0,0,0,2,0,0,0,0,0,,0,0,Waikato Region,Nil,2-way,Sealed,0,0,0,0,100,0,On,0,0,,13,Waikato District,Stop,0,0,0,0,0,0,Open,1,0,0,Light rain,Null