X,Y,OBJECTID,advisorySpeed,areaUnitID,bicycle,bridge,bus,carStationWagon,cliffBank,crashDirectionDescription,crashFinancialYear,crashLocation1,crashLocation2,crashRoadSideRoad,crashSeverity,crashSHDescription,crashYear,debris,directionRoleDescription,ditch,fatalCount,fence,flatHill,guardRail,holiday,houseOrBuilding,intersection,kerb,light,meshblockId,minorInjuryCount,moped,motorcycle,NumberOfLanes,objectThrownOrDropped,otherObject,otherVehicleType,overBank,parkedVehicle,pedestrian,phoneBoxEtc,postOrPole,region,roadCharacter,roadLane,roadSurface,roadworks,schoolBus,seriousInjuryCount,slipOrFlood,speedLimit,strayAnimal,streetLight,suv,taxi,temporarySpeedLimit,tlaId,tlaName,trafficControl,trafficIsland,trafficSign,train,tree,truck,unknownVehicleType,urban,vanOrUtility,vehicle,waterRiver,weatherA,weatherB
1882912,5699032,21637,,541342,0,,0,0,,South,2006/2007,SH 5,HIGH LEVEL ROAD,,Minor Crash,Yes,2006,,East,,0,,Flat,,,,,,Dark,1280705,1,0,0,2,,,0,,,,,,Bay of Plenty Region,Nil,2-way,Sealed,,0,0,,100,,None,0,0,,21,Taupo District,Nil,,,,,1,0,Open,0,,,Fine,Null
1745821,5913957,21638,,511001,0,,0,2,,West,2005/2006,WEST COAST ROAD,WAIKAUKAU ROAD,,Minor Crash,No,2006,,East,,0,,Flat,,,,,,Overcast,282601,1,0,0,2,,,0,,,,,,Auckland Region,Nil,2-way,Sealed,,0,0,,50,,Off,0,0,,76,Auckland,Nil,,,,,0,0,Urban,1,,,Light rain,Null
1406505,4916500,21639,,602800,1,,0,1,,Null,2005/2006,THOMAS BURNS ST,WILLIS ST,,Serious Crash,No,2006,,South,,0,,Flat,,,,,,Bright sun,2894800,0,0,0,3,,,0,,,,,,Otago Region,Nil,2-way,Sealed,,0,1,,60,,Null,0,0,,71,Dunedin City,Give way,,,,,0,0,Urban,0,,,Fine,Null
1686271,5672123,21640,,551030,0,,0,1,,North,2005/2006,SH 45,PLYMOUTH ROAD,,Fatal Crash,Yes,2006,,South,,1,,Hill Road,,,,,,Dark,1555800,0,0,1,2,,,0,,,,,,Taranaki Region,Nil,2-way,Sealed,,0,0,,100,,None,0,0,,33,New Plymouth District,Nil,,,,,0,0,Open,0,,,Fine,Null
1765074,5902842,21641,,524604,0,,0,2,,South,2006/2007,ROSCOMMON ROAD,WIRI STATION ROAD S,,Non-Injury Crash,No,2006,,South,,0,,Flat,,,,,,Bright sun,781302,0,0,0,4,,,0,,,,,,Auckland Region,Nil,2-way,Sealed,,0,0,,80,,Off,0,0,,76,Auckland,Traffic Signals,,,,,0,0,Open,0,,,Fine,Null
1749358,5970207,21642,,505500,0,,0,0,,Null,2005/2006,BERTRAM ST,HEXHAM ST,,Minor Crash,No,2006,,North,,0,,Hill Road,,,,,,Bright sun,140800,1,0,0,2,,,0,,,,,,Auckland Region,Nil,2-way,Sealed,,0,0,,50,,Off,0,0,,76,Auckland,Give way,,,,,0,0,Urban,2,,,Fine,Null
1757007,5444515,21643,,571300,0,0,0,2,0,West,2005/2006,FAWN ST,FANTAME ST,,Non-Injury Crash,No,2006,0,East,0,0,0,Flat,0,,0,,0,Twilight,2063400,0,0,0,2,0,0,0,0,1,,0,0,Wellington Region,Nil,2-way,Sealed,0,0,0,0,50,0,On,0,0,,44,Porirua City,Nil,0,0,0,0,0,0,Urban,0,0,0,Fine,Null
1764102,5911566,21644,,520500,0,,0,1,,East,2006/2007,PANAMA ROAD,MOUNT WELLINGTON HIGHWAY,,Non-Injury Crash,No,2006,,West,,0,,Flat,,,,,,Bright sun,636400,0,0,0,2,,,0,,,,,,Auckland Region,Nil,2-way,Sealed,,0,0,,50,,Off,0,0,,76,Auckland,Traffic Signals,,,,,1,0,Urban,0,,,Fine,Null
1764205,5919992,21645,,516601,0,,0,1,,Null,2005/2006,MELANESIA ROAD,TARANAKI ROAD,,Non-Injury Crash,No,2006,,South,,0,,Flat,,,,,,Overcast,505101,0,0,1,2,,,0,,,,,,Auckland Region,Nil,2-way,Sealed,,0,0,,50,,Off,0,0,,76,Auckland,Give way,,,,,0,0,Urban,0,,,Fine,Null
1851404,5765940,21646,,535350,0,,0,1,,West,2005/2006,SWANSTON ST,ROSEBERY LANE,,Non-Injury Crash,No,2006,,West,,0,,Flat,,,,,,Bright sun,1143100,0,0,0,2,,,0,,,1,,,Waikato Region,Nil,2-way,Sealed,,0,0,,50,,Null,0,0,,19,South Waikato District,Nil,,,,,0,0,Urban,0,,,Fine,Null
1799048,5817593,21647,,528700,1,,0,1,,Null,2005/2006,STOREY AVENUE,TE RAPA ROAD,,Minor Crash,No,2006,,North,,0,,Flat,,,,,,Dark,901500,2,0,0,4,,,0,,,,,,Waikato Region,Nil,2-way,Sealed,,0,0,,50,,On,0,0,,16,Hamilton City,Stop,,,,,0,0,Urban,0,,,Fine,Null
1831828,5854729,21648,,534603,0,,0,2,,North,2005/2006,AWAITI ROAD,PAEROA TAHUNA ROAD,,Serious Crash,No,2006,,South,,0,,Flat,,,,,,Bright sun,1094101,0,0,0,2,,,0,,,,,,Waikato Region,Nil,2-way,Sealed,,0,1,,100,,Null,0,0,,15,Matamata-Piako District,Unknown,,,,,0,0,Open,0,,,Fine,Null
1746518,5910769,21649,,512000,0,0,0,1,0,West,2006/2007,SCENIC DRIVE,HUIA ROAD,,Minor Crash,No,2006,0,East,0,0,1,Flat,0,,0,,0,Dark,296900,1,0,0,2,0,0,0,1,0,,0,0,Auckland Region,Nil,2-way,Sealed,0,0,0,0,50,0,On,0,0,,76,Auckland,Nil,0,0,0,0,0,0,Urban,0,0,0,Light rain,Null
1873944,5823398,21650,,536514,0,,0,1,,West,2005/2006,SH 2,MOFFAT ROAD,,Non-Injury Crash,Yes,2006,,East,,0,,Flat,,,,,,Dark,1190602,0,0,0,2,,,0,,,,,,Bay of Plenty Region,Nil,2-way,Sealed,,0,0,,50,,On,1,0,,23,Tauranga City,Unknown,,,,,1,0,Urban,1,,,Fine,Null
1811306,5542728,21651,,561422,0,,0,0,,North,2006/2007,SH 3,MOUNT STEWART HALCOMBE RO,,Minor Crash,Yes,2006,,North,,0,,Flat,,,,,,Overcast,1788500,1,0,0,2,,,0,,,,,,Manawatū-Whanganui Region,Nil,2-way,Sealed,,0,0,,100,,Null,1,0,,39,Manawatu District,Nil,,,,,0,0,Open,0,,,Fine,Null
1754803,5918896,21652,,515410,0,,0,1,,Null,2006/2007,SURREY CRESCENT,SELBOURNE ST,,Non-Injury Crash,No,2006,,West,,0,,Flat,,,,,,Bright sun,404400,0,0,0,2,,,0,,,,,,Auckland Region,Nil,2-way,Sealed,,0,0,,50,,None,1,0,,76,Auckland,Nil,,,,,0,0,Urban,0,,,Fine,Null
1757781,5918220,21653,,515700,0,,0,4,,South,2005/2006,SH 1N,MOUNTAIN OBR,,Minor Crash,Yes,2006,,East,,0,,Hill Road,,,,,,Dark,443200,2,0,0,5,,,0,,,,,,Auckland Region,Nil,1-way,Sealed,,0,0,,80,,On,0,0,,76,Auckland,Nil,,,,,0,0,Open,0,,,Fine,Null
1880273,5819902,21654,,538301,0,,0,0,,East,2006/2007,WELCOME BAY ROAD,MEADOWVIEWS DRIVE,,Minor Crash,No,2006,,East,,0,,Hill Road,,,,,,Overcast,1180301,1,0,0,2,,,0,,,,,,Bay of Plenty Region,Nil,2-way,Sealed,,0,0,,60,,Null,0,0,,23,Tauranga City,Unknown,,,,,0,0,Urban,2,,,Fine,Null
1789183,5754920,21655,,532000,0,0,0,1,0,Null,2006/2007,KING ST,RORA ST,,Minor Crash,No,2006,0,West,0,0,0,Flat,1,,0,,0,Dark,1005500,1,0,0,2,0,0,0,0,0,,0,0,Waikato Region,Nil,2-way,Sealed,0,0,0,0,50,0,On,0,0,,20,Waitomo District,Give way,0,0,0,0,0,0,Urban,0,0,0,Fine,Null
1884107,5772187,21656,,540520,0,,0,1,,West,2006/2007,DEVON ST,DUNCAN ST,,Minor Crash,No,2006,,West,,0,,Flat,,,,,,Bright sun,1240700,1,0,0,2,,,0,,,,,,Bay of Plenty Region,Nil,2-way,Sealed,,0,0,,50,,Off,1,0,,24,Rotorua District,Nil,,,,,0,0,Urban,0,,,Fine,Null
1764994,5916802,21657,,517201,0,,0,0,,Null,2005/2006,MERTON ROAD,FELTON MATHEW AVENUE,,Minor Crash,No,2006,,South,,0,,Flat,,,,,,Twilight,464000,1,0,1,2,,,0,,,,,,Auckland Region,Nil,2-way,Sealed,,0,0,,50,,On,1,0,,76,Auckland,Give way,,,,,0,0,Urban,0,,,Fine,Null
1238849,4879810,21658,,610500,0,,0,0,,Null,2006/2007,PARK ST,ALBERT ST,,Minor Crash,No,2006,,South,,0,,Flat,,,,,,Twilight,3086500,2,0,0,2,,,0,,,,,,Southland Region,Nil,2-way,Sealed,,0,0,,50,,On,2,0,,73,Southland District,Give way,,,,,0,0,Urban,0,,,Fine,Null
1716539,6058412,21659,,504300,0,,0,1,,East,2005/2006,GEORGE ST,SH 1N,,Non-Injury Crash,No,2006,,South,,0,,Flat,,,,,,Twilight,63500,0,0,0,2,,,0,,,,,,Northland Region,Nil,2-way,Sealed,,0,0,,50,,None,0,0,,2,Whangarei District,Nil,,,,,0,0,Urban,1,,,Fine,Null
1697493,6078117,21660,,501620,0,,0,3,,South,2006/2007,SH 1N,TARAKIHI ROAD,,Minor Crash,Yes,2006,,South,,0,,Flat,,,,,,Bright sun,46700,1,0,0,2,,,0,,,,,,Northland Region,Nil,2-way,Sealed,,0,0,,100,,None,0,0,,1,Far North District,Nil,,,,,0,0,Open,1,,,Fine,Null
1769862,5914774,21661,,522722,0,,0,2,,Null,2005/2006,AVIEMORE DRIVE,PAKURANGA ROAD,,Non-Injury Crash,No,2006,,East,,0,,Flat,,,,,,Dark,681324,0,0,0,3,,,0,,,,,,Auckland Region,Nil,2-way,Sealed,,0,0,,60,,On,0,0,,76,Auckland,Traffic Signals,,,,,0,0,Urban,0,,,Light rain,Null
1792418,5777347,21662,,531301,0,0,0,1,1,North,2005/2006,SH 31,OWAIKURA ROAD,,Minor Crash,Yes,2006,0,South,0,0,0,Flat,0,,0,,0,Dark,994800,1,0,0,2,0,0,0,0,0,,0,0,Waikato Region,Nil,2-way,Sealed,0,0,0,0,100,0,None,0,0,,18,Ōtorohanga District,Unknown,0,0,0,0,0,0,Open,0,0,0,Fine,Null
1930665,5740339,21663,,542550,1,,1,0,,North,2005/2006,TROUTBECK ROAD,MANGAMATE ROAD,,Serious Crash,No,2006,,North,,0,,Flat,,,,,,Bright sun,1331100,0,0,0,2,,,0,,,,,,Bay of Plenty Region,Nil,2-way,Sealed,,0,1,,100,,Null,0,0,,25,Whakatane District,Unknown,,,,,0,0,Open,0,,,Fine,Null
1763357,5911373,21664,,520500,0,,0,1,,South,2006/2007,GREAT SOUTH ROAD,VESTEY DRIVE,,Non-Injury Crash,No,2006,,South,,0,,Flat,,,,,,Dark,637601,0,0,0,4,,,0,,,,,,Auckland Region,Nil,2-way,Sealed,,0,0,,50,,On,0,0,,76,Auckland,Nil,,,,,0,0,Urban,1,,,Light rain,Null
1749878,5914633,21665,,511303,0,,0,2,,Null,2006/2007,BINSTED ROAD,RATA ST,,Non-Injury Crash,No,2006,,North,,0,,Flat,,,,,,Bright sun,266600,0,0,0,2,,,0,,,,,,Auckland Region,Nil,2-way,Sealed,,0,0,,50,,Off,0,0,,76,Auckland,Traffic Signals,,,,,0,0,Urban,0,,,Fine,Null
1636753,5282603,21666,,585601,0,0,0,1,0,East,2005/2006,CLAVERLEY ROAD,CONWAY FLAT ROAD,,Serious Crash,No,2006,0,East,0,0,0,Hill Road,0,,0,,0,Bright sun,2310702,0,0,0,2,0,0,0,1,0,,0,0,Canterbury Region,Nil,2-way,Sealed,0,0,1,0,100,0,Null,1,0,,58,Hurunui District,Unknown,0,0,0,0,0,0,Open,0,0,0,Fine,Null
1765496,5907069,21667,,522301,0,,0,2,,South,2006/2007,GREAT SOUTH ROAD,SHIRLEY ROAD,,Non-Injury Crash,No,2006,,North,,0,,Flat,,,,,,Overcast,666200,0,0,0,4,,,0,,,,,,Auckland Region,Nil,2-way,Sealed,,0,0,,50,,Off,0,0,,76,Auckland,Nil,,,,,0,0,Urban,0,,,Fine,Null
1699739,6094765,21668,,501100,0,0,0,1,1,East,2005/2006,SH 11,KINGS ROAD,,Non-Injury Crash,Yes,2006,0,East,0,0,0,Flat,0,,0,,1,Overcast,54600,0,0,0,2,0,0,0,0,0,,0,0,Northland Region,Nil,2-way,Sealed,0,0,0,0,50,0,Off,0,0,,1,Far North District,Nil,0,0,0,0,0,0,Urban,0,0,0,Fine,Null
1765164,5909673,21669,,521802,0,0,0,0,0,South,2006/2007,SH 1N,PRINCES OBR,,Serious Crash,Yes,2006,0,North,0,0,0,Flat,1,,0,,0,Dark,788400,0,0,1,3,0,0,0,0,0,,0,0,Auckland Region,Nil,1-way,Sealed,0,0,1,0,80,0,On,0,0,,76,Auckland,Nil,0,0,0,0,0,0,Open,1,0,0,Mist or Fog,Null
1761749,5883112,21670,,521121,1,,0,0,,South,2005/2006,KINGSEAT ROAD,PEARSON ROAD,,Minor Crash,No,2006,,South,,0,,Flat,,,,,,Bright sun,811300,1,0,0,2,,,0,,,,,,Auckland Region,Nil,2-way,Sealed,,0,0,,100,,Null,0,0,,76,Auckland,Unknown,,,,,1,0,Open,0,,,Fine,Null
1950860,5790773,21671,,542440,0,0,0,0,0,North,2005/2006,GORGE ROAD,VALLEY ROAD,,Non-Injury Crash,No,2006,0,West,0,0,0,Hill Road,0,,0,,0,Overcast,1306101,0,0,0,2,0,0,0,1,0,,0,0,Bay of Plenty Region,Nil,2-way,Sealed,0,0,0,0,70,0,Null,1,0,,25,Whakatane District,Unknown,0,0,0,0,0,0,Urban,0,0,0,Heavy rain,Null
1678528,6022434,21672,,504600,0,,0,2,,West,2005/2006,SH 12,PARORE ST,,Non-Injury Crash,Yes,2006,,East,,0,,Flat,,,,,,Bright sun,116200,0,0,0,2,,,0,,,,,,Northland Region,Nil,2-way,Sealed,,0,0,,50,,Off,0,0,,3,Kaipara District,Nil,,,,,0,0,Urban,0,,,Fine,Null
1884632,5771015,21673,,540700,0,0,0,1,0,North,2005/2006,SH 30 HEMO,SH 5 OLD TAUPO,,Serious Crash,Yes,2006,0,North,0,0,0,Flat,0,,0,,0,Bright sun,1246500,0,0,0,2,0,0,0,0,0,,0,0,Bay of Plenty Region,Nil,2-way,Sealed,0,0,1,0,80,0,Null,0,0,,24,Rotorua District,Unknown,0,0,0,0,1,0,Open,0,1,0,Fine,Null
1406350,4913901,21674,,605500,0,,0,2,,Null,2005/2006,CALDER ST,AJAX ST,,Minor Crash,No,2006,,North,,0,,Flat,,,,,,Overcast,2947900,2,0,0,2,,,0,,,,,,Otago Region,Nil,2-way,Sealed,,0,0,,50,,Null,0,0,,71,Dunedin City,Give way,,,,,0,0,Urban,0,,,Fine,Null
1754059,5915406,21675,,517702,0,0,0,0,0,North,2006/2007,MOUNT ALBERT ROAD,BEAGLE AVENUE,,Minor Crash,No,2006,0,North,0,0,0,Flat,0,,0,,0,Dark,542400,2,0,0,2,0,0,0,0,1,,0,0,Auckland Region,Nil,2-way,Sealed,0,0,0,0,50,0,On,1,0,,76,Auckland,Unknown,0,0,0,0,1,0,Urban,0,0,0,Fine,Null
1905601,5680632,21676,,541503,0,,0,1,,East,2005/2006,SH 5,POHOKURA ROAD WEST,,Non-Injury Crash,Yes,2006,,East,,0,,Flat,,,,,,Dark,1281005,0,0,0,2,,,0,,,,,,Hawke's Bay Region,Nil,2-way,Sealed,,0,0,,100,,On,0,0,,21,Taupo District,Nil,,,,,0,0,Open,0,,,Fine,Null
1767198,5904567,21677,,524604,0,,0,2,,East,2006/2007,RONWOOD AVENUE,SHARKEY ST,,Minor Crash,No,2006,,West,,0,,Flat,,,,,,Bright sun,780209,1,0,0,2,,,0,,,,,,Auckland Region,Nil,2-way,Sealed,,0,0,,50,,Null,0,0,,76,Auckland,Give way,,,,,0,0,Urban,0,,,Fine,Null
1758767,5911767,21678,,519810,0,,0,1,,Null,2005/2006,NEILSON ST,GLOUCESTER PARK ROAD,,Non-Injury Crash,No,2006,,East,,0,,Flat,,,,,,Bright sun,602200,0,0,0,2,,,0,,,,,,Auckland Region,Nil,2-way,Sealed,,0,0,,50,,Off,0,0,,76,Auckland,Traffic Signals,,,,,0,0,Urban,1,,,Fine,Null
1735597,5987172,21679,65,506660,0,0,0,3,0,North,2005/2006,SH 1N,WHAKAPIRAU ROAD,,Fatal Crash,Yes,2006,0,South,0,2,1,Hill Road,0,,0,,0,Overcast,135800,1,0,0,2,0,0,0,0,0,,0,0,Auckland Region,Nil,2-way,Sealed,0,0,4,0,100,0,None,0,0,,76,Auckland,Nil,0,0,0,0,1,0,Open,0,0,0,Fine,Null
1542459,5205028,21680,,586801,0,0,0,1,0,West,2005/2006,OXFORD ROAD,TRAM ROAD,,Minor Crash,No,2006,0,West,0,0,0,Flat,0,,0,,0,Overcast,2458400,1,0,0,2,0,0,0,0,0,,0,0,Canterbury Region,Nil,2-way,Sealed,0,0,0,0,100,0,Null,0,0,,59,Waimakariri District,Unknown,0,0,0,1,0,0,Open,0,0,0,Fine,Null
1884886,5773668,21681,,540420,0,,0,3,,East,2006/2007,SH 30A,AMOHIA ST,,Minor Crash,Yes,2006,,West,,0,,Flat,,,,,,Bright sun,1236500,1,0,0,4,,,0,,,,,,Bay of Plenty Region,Nil,2-way,Sealed,,0,0,,50,,Null,0,0,,24,Rotorua District,Unknown,,,,,0,0,Urban,0,,,Fine,Null
1767516,5903055,21682,,524602,0,,0,1,,North,2005/2006,TREVOR HOSKEN DRIVE,KERRS ROAD,,Minor Crash,No,2006,,North,,0,,Flat,,,,,,Overcast,780415,1,0,0,1,,,0,,,,,,Auckland Region,Nil,2-way,Sealed,,0,0,,50,,Off,0,0,,76,Auckland,Stop,,,,,0,0,Urban,1,,,Light rain,Null
1763987,5912088,21683,,520500,0,,0,1,,Null,2006/2007,MOUNT WELLINGTON HIGHWAY,VESTEY DRIVE,,Non-Injury Crash,No,2006,,South,,0,,Flat,,,,,,Overcast,637701,0,0,0,4,,,0,,,,,,Auckland Region,Nil,2-way,Sealed,,0,0,,50,,Off,0,0,,76,Auckland,Give way,,,,,0,0,Urban,1,,,Fine,Null
1760823,5913093,21684,,519900,0,0,0,1,0,West,2005/2006,MOUNT SMART ROAD,ROCKFIELD ROAD,,Non-Injury Crash,No,2006,0,East,0,0,0,Flat,0,,0,,0,Bright sun,605400,0,0,0,2,0,0,0,0,1,,0,0,Auckland Region,Nil,2-way,Sealed,0,0,0,0,50,0,Off,1,0,,76,Auckland,Nil,0,0,0,0,0,0,Urban,0,0,0,Fine,Null
1768173,5903870,21685,,524602,0,,0,3,,South,2005/2006,SH 1N,REDOUBT OBR,,Minor Crash,Yes,2006,,North,,0,,Flat,,,,,,Bright sun,780506,2,0,0,3,,,0,,,,,,Auckland Region,Nil,1-way,Sealed,,0,0,,100,,Off,0,0,,76,Auckland,Nil,,,,,0,0,Open,1,,,Fine,Null
1574167,6185967,21686,,500206,0,0,0,1,1,West,2005/2006,SH 1N,TE PAKI STREAM ROAD,,Minor Crash,Yes,2006,0,South,0,0,0,Hill Road,0,,0,,0,Bright sun,100,2,0,0,1,0,0,0,0,0,,0,0,Northland Region,Nil,2-way,Unsealed,0,0,0,0,100,0,None,0,0,,1,Far North District,Nil,0,0,0,0,0,0,Open,0,0,0,Fine,Null
1928212,5606830,21687,,548500,1,,0,0,,West,2006/2007,OMAHU ROAD,FRIMLEY AVENUE,,Minor Crash,No,2006,,East,,0,,Flat,,,,,,Overcast,1478500,1,0,0,2,,,0,,,,,,Hawke's Bay Region,Nil,2-way,Sealed,,0,0,,50,,Null,0,0,,30,Hastings District,Nil,,,,,1,0,Urban,0,,,Fine,Null
1892150,5783625,21688,,538820,0,,0,0,,South,2006/2007,SH 33,HAMURANA ROAD,,Non-Injury Crash,Yes,2006,,South,,0,,Hill Road,,,,,,Dark,1252300,0,0,0,2,,,0,,,,,,Bay of Plenty Region,Nil,2-way,Sealed,,0,0,,100,,None,1,0,,24,Rotorua District,Nil,,,,,0,0,Open,0,,,Fine,Null
1884862,5774258,21689,,540410,0,,0,2,,North,2005/2006,RANGIURU ST,ARAWA ST,,Non-Injury Crash,No,2006,,South,,0,,Flat,,,,,,Bright sun,1235000,0,0,0,2,,,0,,,,,,Bay of Plenty Region,Nil,2-way,Sealed,,0,0,,50,,Null,0,0,,24,Rotorua District,Unknown,,,,,0,0,Urban,0,,,Fine,Null
1884301,5824379,21690,,536831,0,0,0,1,0,West,2005/2006,SH 29,TRUMAN ROAD,,Serious Crash,Yes,2006,0,East,0,0,1,Flat,0,,0,,0,Dark,1205409,0,0,0,4,0,0,0,0,0,,0,0,Bay of Plenty Region,Nil,2-way,Sealed,0,0,1,0,100,0,On,0,0,,23,Tauranga City,Unknown,0,1,0,0,0,0,Open,0,0,0,Heavy rain,Null
1834207,5884543,21691,,533603,0,,0,1,,North,2005/2006,SH 25A,KIRIKIRI STM BR NO2,,Minor Crash,Yes,2006,,North,,0,,Hill Road,,,,,,Bright sun,1057304,2,0,0,2,,,0,,,,,,Waikato Region,Nil,2-way,Sealed,,0,0,,100,,Null,1,0,,11,Thames-Coromandel District,Unknown,,,,,0,0,Open,0,,,Fine,Null
1821747,5528967,21692,,563000,0,,0,2,,Null,2005/2006,FERGUSON ST,LINTON ST,,Minor Crash,No,2006,,South,,0,,Flat,,,,,,Dark,1809000,1,0,0,2,,,0,,,,,,Manawatū-Whanganui Region,Nil,2-way,Sealed,,0,0,,50,,On,0,0,,40,Palmerston North City,Stop,,,,,0,0,Urban,0,,,Light rain,Null
1877540,5818453,21693,,537800,1,,0,1,,West,2006/2007,SH 29,POIKE ROAD,,Serious Crash,Yes,2006,,West,,0,,Hill Road,,,,,,Overcast,1178002,0,0,0,2,,,0,,,,,,Bay of Plenty Region,Nil,2-way,Sealed,,0,1,,100,,None,0,0,,23,Tauranga City,Unknown,,,,,0,0,Open,0,,,Fine,Null
1565297,5175405,21694,,587846,0,0,0,0,0,South,2006/2007,SH 75,MILNS ROAD,,Minor Crash,Yes,2006,0,South,0,0,1,Flat,0,,0,,0,Dark,2484604,1,0,0,2,0,0,0,0,0,,0,0,Canterbury Region,Nil,2-way,Sealed,0,0,0,0,60,0,On,0,0,,60,Christchurch City,Unknown,0,0,0,0,0,0,Urban,1,0,0,Fine,Null
1791060,5878837,21695,,521135,0,0,0,1,0,South,2005/2006,MANGATAWHIRI ROAD,MANGATANGI ROAD,,Non-Injury Crash,No,2006,0,North,0,0,1,Flat,0,,0,,0,Dark,843500,0,0,0,2,0,0,0,0,0,,0,0,Waikato Region,Nil,2-way,Sealed,0,0,0,0,100,0,None,0,0,,13,Waikato District,Nil,0,0,0,0,0,0,Open,0,0,0,Fine,Null
1800173,5816321,21696,,529700,0,0,0,2,0,East,2005/2006,Z CPK PAK N SAVE,MILL ST,,Non-Injury Crash,No,2006,0,North,0,0,0,Flat,0,,0,,0,Bright sun,909500,0,0,0,0,0,0,0,0,1,,0,0,Waikato Region,Nil,Off road,Sealed,0,0,0,0,50,0,None,0,0,,16,Hamilton City,Nil,0,0,0,0,0,0,Urban,0,0,0,Fine,Null
1755647,5928446,21697,,508320,0,0,0,1,0,Null,2005/2006,ARCHERS ROAD,WAIRAU ROAD,,Minor Crash,No,2006,0,East,0,0,0,Flat,0,,0,,0,Dark,198500,2,0,0,2,0,0,0,0,0,,0,0,Auckland Region,Nil,2-way,Sealed,0,0,0,0,50,0,On,0,0,,76,Auckland,Traffic Signals,1,1,0,0,0,0,Urban,0,0,0,Fine,Null
1797755,5816729,21698,,528504,0,,0,3,,Null,2006/2007,AVALON DRIVE,GRANDVIEW ROAD,,Non-Injury Crash,No,2006,,North,,0,,Flat,,Labour Weekend,,,,Overcast,906900,0,0,0,2,,,0,,,,,,Waikato Region,Nil,2-way,Sealed,,0,0,,60,,None,0,0,,16,Hamilton City,Nil,,,,,0,0,Urban,0,,,Fine,Null
1761575,5700207,21699,,532700,0,,0,0,,East,2006/2007,WAITAANGA ROAD,WAITAANGA NORTH ROAD,,Minor Crash,No,2006,,West,,0,,Flat,,Christmas New Year,,,,Overcast,1039800,1,0,0,2,,,0,,,1,,,Manawatū-Whanganui Region,Nil,2-way,Unsealed,,0,0,,100,,Null,1,0,,36,Ruapehu District,Nil,,,,,0,0,Open,0,,,Light rain,Null
1290324,5009437,21700,65,608302,0,0,0,1,1,East,2005/2006,SH 6,ROARING MEG,,Minor Crash,Yes,2006,0,West,0,0,0,Hill Road,0,,0,,0,Dark,3031200,2,0,0,2,0,0,0,0,0,,0,0,Otago Region,Nil,2-way,Sealed,0,0,0,0,100,0,None,0,0,,69,Central Otago District,Unknown,0,0,0,0,0,0,Open,0,0,0,Fine,Frost
1556384,5176918,21701,,587821,0,,0,2,,North,2006/2007,JONES ROAD,DAWSONS ROAD,,Minor Crash,No,2006,,North,,0,,Flat,,Christmas New Year,,,,Overcast,2496003,3,0,0,2,,,0,,,,,,Canterbury Region,Nil,2-way,Sealed,,0,0,,100,,Null,0,0,,62,Selwyn District,Unknown,,,,,0,0,Open,0,,,Light rain,Null
1927876,5607157,21702,,547800,0,,0,0,,Null,2005/2006,OMAHU ROAD,STONYCROFT ST,,Minor Crash,No,2006,,West,,0,,Flat,,,,,,Bright sun,1476600,1,0,0,3,,,0,,,,,,Hawke's Bay Region,Nil,2-way,Sealed,,0,0,,50,,Null,1,0,,30,Hastings District,Give way,,,,,0,0,Urban,1,,,Fine,Null
1763438,5910592,21703,,521901,0,,0,1,,South,2005/2006,SALEYARDS ROAD,PORTAGE ROAD,,Non-Injury Crash,No,2006,,North,,0,,Flat,,,,,,Bright sun,781900,0,0,0,2,,,0,,,,,,Auckland Region,Nil,2-way,Sealed,,0,0,,50,,Off,1,0,,76,Auckland,Traffic Signals,,,,,0,0,Urban,0,,,Fine,Null
1557532,5177478,21704,,587822,0,,0,1,,Null,2005/2006,SH 1S MAIN SOUTH,TRENTS ROAD,,Minor Crash,Yes,2006,,North,,0,,Flat,,,,,,Overcast,2496600,1,0,0,3,,,0,,,,,,Canterbury Region,Nil,2-way,Sealed,,0,0,,70,,Null,0,0,,60,Christchurch City,Stop,,,,,1,0,Urban,0,,,Fine,Null
1403821,4913438,21705,,604221,0,,0,2,,Null,2005/2006,STEVENSON ROAD,CORSTORPHINE ROAD,,Minor Crash,No,2006,,North,,0,,Hill Road,,,,,,Overcast,2910900,1,0,0,2,,,0,,,,,,Otago Region,Nil,2-way,Sealed,,0,0,,50,,Null,0,0,,71,Dunedin City,Give way,,,,,0,0,Urban,0,,,Fine,Null
1750985,5878158,21706,,521151,0,,0,1,,North,2006/2007,AWHITU ROAD,TAHUNA PA ROAD,,Serious Crash,No,2006,,North,,0,,Hill Road,,,,,,Bright sun,831000,0,0,0,2,,,0,,,,,,Auckland Region,Nil,2-way,Sealed,,0,1,,100,,None,0,0,,76,Auckland,Nil,,,,,0,0,Open,0,,,Fine,Null
1753858,5930633,21707,,508420,0,0,0,2,0,West,2006/2007,SUNSET ROAD,MEADOWOOD DRIVE,,Minor Crash,No,2006,0,East,0,0,0,Flat,0,,0,,0,Dark,182028,1,0,0,2,0,0,0,0,1,,0,0,Auckland Region,Nil,2-way,Sealed,0,0,0,0,50,0,On,0,0,,76,Auckland,Nil,0,0,0,0,0,0,Urban,0,0,0,Fine,Null