X,Y,OBJECTID,advisorySpeed,areaUnitID,bicycle,bridge,bus,carStationWagon,cliffBank,crashDirectionDescription,crashFinancialYear,crashLocation1,crashLocation2,crashRoadSideRoad,crashSeverity,crashSHDescription,crashYear,debris,directionRoleDescription,ditch,fatalCount,fence,flatHill,guardRail,holiday,houseOrBuilding,intersection,kerb,light,meshblockId,minorInjuryCount,moped,motorcycle,NumberOfLanes,objectThrownOrDropped,otherObject,otherVehicleType,overBank,parkedVehicle,pedestrian,phoneBoxEtc,postOrPole,region,roadCharacter,roadLane,roadSurface,roadworks,schoolBus,seriousInjuryCount,slipOrFlood,speedLimit,strayAnimal,streetLight,suv,taxi,temporarySpeedLimit,tlaId,tlaName,trafficControl,trafficIsland,trafficSign,train,tree,truck,unknownVehicleType,urban,vanOrUtility,vehicle,waterRiver,weatherA,weatherB
1765468,5914475,21708,,520602,0,,0,1,,Null,2005/2006,QUEENS ROAD,CHURCH CRESCENT,,Minor Crash,No,2006,,South,,0,,Flat,,,,,,Bright sun,630001,1,0,0,1,,,0,,,,,,Auckland Region,Nil,1-way,Sealed,,0,0,,50,,Off,0,0,,76,Auckland,Give way,,,,,0,0,Urban,1,,,Fine,Null
1766001,5900582,21709,,524713,0,,0,2,,Null,2005/2006,ROSCOMMON ROAD,WORDSWORTH ROAD,,Minor Crash,No,2006,,South,,0,,Flat,,,,,,Overcast,775817,2,0,0,2,,,0,,,,,,Auckland Region,Nil,2-way,Sealed,,0,0,,50,,Null,0,0,,76,Auckland,Give way,,,,,0,0,Urban,0,,,Light rain,Null
1484683,5240958,21710,,587100,0,0,0,1,1,East,2006/2007,SH 73,HALPIN CRK BR,,Minor Crash,Yes,2006,0,East,0,0,0,Hill Road,0,,0,,0,Overcast,2460900,1,0,0,2,0,0,0,0,0,,0,0,Canterbury Region,Nil,2-way,Sealed,0,0,0,0,100,0,Null,0,0,,62,Selwyn District,Unknown,0,0,0,0,0,0,Open,0,0,0,Mist or Fog,Null
1406993,4919201,21711,,603500,0,,0,1,,West,2006/2007,BANK ST,RAMSAY ST,,Minor Crash,No,2006,,East,,0,,Hill Road,,,,,,Overcast,2891202,2,0,0,2,,,0,,,1,,,Otago Region,Nil,2-way,Sealed,,0,0,,50,,Null,0,0,,71,Dunedin City,Unknown,,,,,0,0,Urban,0,,,Fine,Null
1751559,5433820,21712,,574303,0,,0,2,,South,2006/2007,SH 1N,NEWLANDS ON NBD,,Minor Crash,Yes,2006,,North,,0,,Hill Road,,Labour Weekend,,,,Bright sun,2084302,1,0,0,3,,,0,,,,,,Wellington Region,Nil,1-way,Sealed,,0,0,,80,,Null,0,0,,47,Wellington City,Nil,,,,,0,0,Open,0,,,Fine,Null
1795289,5522071,21713,,561500,0,0,0,2,0,Null,2005/2006,SH 1N,WALL ROAD,,Serious Crash,Yes,2006,0,North,0,0,1,Flat,0,,0,,0,Overcast,1784900,1,0,0,2,0,0,0,0,0,,0,0,Manawatū-Whanganui Region,Nil,2-way,Sealed,0,0,1,0,100,0,Null,0,0,,42,Horowhenua District,Nil,0,0,0,1,0,0,Open,0,0,0,Light rain,Null
1749784,5424941,21714,,576903,0,,0,1,,Null,2006/2007,WELLINGTON ROAD,CRAWFORD ROAD,,Serious Crash,No,2006,,South,,0,,Hill Road,,,,,,Overcast,2181600,0,0,1,3,,,0,,,,,,Wellington Region,Nil,2-way,Sealed,,0,1,,50,,Null,0,0,,47,Wellington City,Give way,,,,,0,0,Urban,0,,,Fine,Null
1744651,5922551,21715,,513530,0,0,0,1,0,East,2006/2007,WIDMORE DRIVE,MOIRE ROAD,,Serious Crash,No,2006,0,West,0,0,0,Hill Road,0,,0,,0,Bright sun,224407,0,0,0,2,0,0,0,0,1,,0,0,Auckland Region,Nil,2-way,Sealed,0,0,1,0,50,0,Off,0,0,,76,Auckland,Nil,0,0,0,0,1,0,Urban,0,0,0,Fine,Null
1406145,4915164,21716,,604300,0,,0,1,,Null,2006/2007,ANDERSONS BAY ROAD,KENSINGTON AVENUE,,Minor Crash,No,2006,,North,,0,,Flat,,,,,,Bright sun,2932900,1,0,0,4,,,0,,,1,,,Otago Region,Nil,2-way,Sealed,,0,0,,50,,Null,0,0,,71,Dunedin City,Traffic Signals,,,,,0,0,Urban,0,,,Fine,Null
1760116,5908830,21717,,524403,0,,0,1,,Null,2006/2007,MAHUNGA DRIVE,WALMSLEY ROAD,,Minor Crash,No,2006,,East,,0,,Flat,,,,,,Dark,729500,1,0,0,2,,,0,,,,,,Auckland Region,Nil,2-way,Sealed,,0,0,,50,,On,1,0,,76,Auckland,Traffic Signals,,,,,0,0,Urban,0,,,Fine,Null
1790315,5832818,21718,,526601,0,,0,0,,North,2005/2006,HAKARIMATA ROAD,WADHAM ROAD,,Minor Crash,No,2006,,South,,0,,Flat,,,,,,Overcast,853900,1,0,1,2,,,0,,,,,,Waikato Region,Nil,2-way,Sealed,,0,0,,100,,None,0,0,,13,Waikato District,Nil,,,,,0,0,Open,0,,,Mist or Fog,Frost
1759607,5915569,21719,,519200,0,0,0,1,0,Null,2006/2007,GREEN LANE WEST,WHETURANGI ROAD,,Serious Crash,No,2006,0,East,0,0,1,Flat,0,,0,,0,Dark,616402,3,0,0,5,0,0,0,0,0,,0,0,Auckland Region,Nil,2-way,Sealed,0,0,1,0,50,0,On,0,0,,76,Auckland,Traffic Signals,0,0,0,1,0,0,Urban,0,0,0,Fine,Null
1406878,4924960,21720,65,601603,0,,0,2,,North,2005/2006,SH 1S,PINE HILL ROAD,,Serious Crash,Yes,2006,,South,,0,,Hill Road,,,,,,Dark,2863400,1,0,0,2,,,0,,,,,,Otago Region,Nil,2-way,Sealed,,0,1,,100,,None,0,0,,71,Dunedin City,Unknown,,,,,0,0,Open,0,,,Fine,Null
1721895,6003016,21721,,504700,0,,0,1,,Null,2005/2006,SH 12,GORGE ROAD,,Serious Crash,Yes,2006,,North,,0,,Hill Road,,,,,,Bright sun,131900,0,0,0,2,,,0,,,,,,Northland Region,Nil,2-way,Sealed,,0,1,,80,,Off,0,0,,3,Kaipara District,Nil,,,,,1,0,Open,0,,,Fine,Null
1573233,5182883,21722,,592811,0,,0,0,,West,2006/2007,NEW BRIGHTON ROAD,CRESSWELL AVENUE,,Minor Crash,No,2006,,East,,0,,Flat,,,,,,Bright sun,2602400,4,0,0,2,,,0,,,,,,Canterbury Region,Nil,2-way,Sealed,,0,0,,50,,Null,1,0,,60,Christchurch City,Nil,,,,,0,0,Urban,1,,,Fine,Null
1741271,5715448,21723,,531710,0,,0,1,,North,2005/2006,SH 3,TE MAHOE ROAD,,Serious Crash,Yes,2006,,North,,0,,Hill Road,,,,,,Dark,1017100,0,0,0,2,,,0,,,,,,Waikato Region,Nil,2-way,Sealed,,0,1,,100,,None,0,0,,20,Waitomo District,Nil,,,,,1,0,Open,0,,,Fine,Null
1736879,6034488,21724,,501819,0,0,0,1,0,South,2005/2006,WHANGAREI HEADS ROAD,WHANGAREI HEADS SCHOOL RO,,Non-Injury Crash,No,2006,0,North,0,0,0,Hill Road,0,,0,,0,Dark,74309,0,0,0,2,0,0,0,0,0,,0,0,Northland Region,Nil,2-way,Sealed,0,0,0,0,100,0,None,0,0,,2,Whangarei District,Nil,0,0,0,1,0,0,Open,0,0,0,Fine,Null
1776557,5901066,21725,,523813,0,0,0,1,0,West,2006/2007,CLEVEDON-TAKANINI ROAD,BURNSIDE ROAD,,Serious Crash,No,2006,0,West,1,0,0,Flat,0,,0,,0,Dark,761500,0,0,0,2,0,0,0,0,0,,0,0,Auckland Region,Nil,2-way,Sealed,0,0,1,0,100,0,None,0,0,,76,Auckland,Nil,0,0,0,0,0,0,Open,0,0,0,Fine,Null
1815529,5801961,21726,,527931,0,,0,0,,North,2005/2006,CAMBRIDGE ROAD,KAIPAKI ROAD,,Minor Crash,No,2006,,North,,0,,Flat,,,,,,Bright sun,987902,1,0,0,2,,,0,,,,,,Waikato Region,Nil,2-way,Sealed,,0,0,,100,,Null,0,0,,17,Waipa District,Unknown,,,,,1,0,Open,0,,,Fine,Null
1752142,5933575,21727,,508701,0,0,0,1,0,Null,2006/2007,UNIVERSITY AVENUE,ALBANY EXPRESSWAY,,Minor Crash,No,2006,0,West,1,0,0,Flat,1,,0,,1,Overcast,178800,1,0,0,4,0,0,0,0,0,,0,0,Auckland Region,Nil,2-way,Sealed,0,0,0,0,50,0,Off,0,0,,76,Auckland,Give way,1,0,0,1,0,0,Urban,0,0,0,Light rain,Null
1799494,5815458,21728,,528900,0,0,0,2,0,North,2005/2006,LAKE ROAD,COMMERCE ST,,Non-Injury Crash,No,2006,0,South,0,0,0,Flat,0,,0,,0,Overcast,913100,0,0,0,2,0,0,1,0,1,,0,0,Waikato Region,Nil,2-way,Sealed,0,0,0,0,50,0,Off,0,0,,16,Hamilton City,Nil,0,0,0,0,0,0,Urban,0,0,0,Light rain,Null
1772202,5912010,21729,25,523102,0,,0,0,,East,2005/2006,WHITFORD ROAD,SOMERVILLE ROAD,,Non-Injury Crash,No,2006,,South,,0,,Hill Road,,,,,,Dark,718003,0,0,0,3,,,0,,,,,,Auckland Region,Nil,2-way,Sealed,,0,0,,50,,None,1,0,,76,Auckland,Nil,,,,,1,0,Urban,0,,,Heavy rain,Null
1763576,5906410,21730,,524303,0,,0,2,,Null,2005/2006,PARK AVENUE,PORTAGE ROAD,,Non-Injury Crash,No,2006,,East,,0,,Flat,,,,,,Overcast,655702,0,0,0,2,,,0,,,,,,Auckland Region,Nil,2-way,Sealed,,0,0,,50,,Off,0,0,,76,Auckland,Stop,,,,,0,0,Urban,0,,,Fine,Null
1817630,5803185,21731,,527503,0,0,0,1,0,North,2006/2007,SH 1N,LOWER ALPHA ST,,Minor Crash,Yes,2006,0,North,0,0,0,Flat,0,,0,,0,Overcast,963100,1,0,0,2,0,0,0,0,0,,0,1,Waikato Region,Nil,2-way,Sealed,0,0,0,0,50,0,Null,0,0,,17,Waipa District,Unknown,0,0,0,0,0,0,Urban,0,0,0,Fine,Null
1685040,6103519,21732,,500900,0,,0,1,,Null,2006/2007,WAIPAPA ROAD,WAITOTARA DRIVE,,Minor Crash,No,2006,,West,,0,,Flat,,,,,,Overcast,44505,3,0,0,2,,,0,,,,,,Northland Region,Nil,2-way,Sealed,,0,0,,80,,None,0,0,,1,Far North District,Nil,,,,,0,0,Open,1,,,Fine,Null
1755330,5934033,21733,,507200,0,0,0,2,0,East,2005/2006,BROWNS BAY ROAD,BEACH ROAD S,,Minor Crash,No,2006,0,South,0,0,0,Hill Road,0,,0,,0,Dark,156601,1,0,0,2,0,0,0,0,1,,0,0,Auckland Region,Nil,2-way,Sealed,0,0,0,0,50,0,On,0,0,,76,Auckland,Nil,0,0,0,0,0,0,Urban,0,0,0,Fine,Null
1763741,5913735,21734,,520303,0,,0,1,,West,2005/2006,PENROSE ROAD,MOUNT WELLINGTON HIGHWAY,,Minor Crash,No,2006,,East,,0,,Hill Road,,,,,,Overcast,627300,2,0,0,2,,,0,,,,,,Auckland Region,Nil,2-way,Sealed,,0,0,,50,,Off,0,0,,76,Auckland,Nil,,,,,0,0,Urban,1,,,Light rain,Null
1729511,5963891,21735,,506613,0,0,0,0,1,North,2006/2007,SH 16,KAIPARA HILLS ROAD,,Serious Crash,Yes,2006,0,North,0,0,0,Hill Road,0,,0,,0,Overcast,146200,0,0,0,2,0,0,0,0,0,,0,0,Auckland Region,Nil,2-way,Sealed,0,0,1,0,100,0,None,1,0,,76,Auckland,Nil,0,0,0,0,0,0,Open,0,0,0,Mist or Fog,Null
1771201,5903581,21736,,523818,0,0,0,1,0,South,2006/2007,MILL ROAD,REDOUBT ROAD,,Minor Crash,No,2006,1,North,0,0,0,Hill Road,0,,0,,0,Overcast,760600,1,0,0,2,0,0,0,0,0,,0,0,Auckland Region,Nil,2-way,Sealed,0,0,0,0,100,0,Off,0,0,,76,Auckland,Nil,0,0,0,0,0,0,Open,0,0,0,Fine,Null
1243483,4850331,21737,,611100,0,,0,1,,Null,2006/2007,QUEENS DRIVE,GALA ST,,Minor Crash,No,2006,,South,,0,,Flat,,,,,,Dark,3134800,1,0,1,4,,,0,,,,,,Southland Region,Nil,2-way,Sealed,,0,0,,50,,On,0,0,,75,Invercargill City,Traffic Signals,,,,,0,0,Urban,0,,,Light rain,Null
1756681,5919465,21738,,514200,0,,0,1,,West,2006/2007,KARANGAHAPE ROAD,EAST ST,,Minor Crash,No,2006,,West,,0,,Flat,,,,,,Overcast,412000,1,1,0,4,,,0,,,,,,Auckland Region,Nil,2-way,Sealed,,0,0,,50,,Off,0,0,,76,Auckland,Nil,,,,,0,0,Urban,0,,,Mist or Fog,Null
1782664,5811347,21739,35,526601,0,,0,1,,South,2005/2006,SH 23,GLENTUI LANE,,Minor Crash,Yes,2006,,South,,0,,Hill Road,,,,,,Bright sun,859300,1,0,0,2,,,0,,,,,,Waikato Region,Nil,2-way,Sealed,,0,0,,100,,Null,0,0,,13,Waikato District,Unknown,,,,,0,0,Open,1,,,Fine,Null
1766401,5906797,21740,,522302,0,0,0,2,0,Null,2006/2007,HAMILTON ROAD,OVERTON ROAD,,Minor Crash,No,2006,0,North,0,0,0,Flat,0,,0,,0,Overcast,668100,1,0,0,2,0,0,0,0,1,,0,0,Auckland Region,Nil,2-way,Sealed,0,0,0,0,50,0,Off,0,0,,76,Auckland,Give way,0,0,0,1,0,0,Urban,1,0,0,Fine,Null
1935899,5621174,21741,,546901,0,,0,1,,Null,2006/2007,CARLYLE ST,FARADAY ST,,Minor Crash,No,2006,,South,,0,,Flat,,,,,,Bright sun,1429000,1,0,1,2,,,0,,,,,,Hawke's Bay Region,Nil,2-way,Sealed,,0,0,,50,,Null,0,0,,31,Napier City,Stop,,,,,0,0,Urban,0,,,Fine,Null
1278402,5009517,21742,65,609031,0,0,0,1,1,East,2005/2006,CROWN RANGE ROAD,EASTBURN ROAD,,Minor Crash,No,2006,0,West,0,0,0,Hill Road,0,,0,,0,Bright sun,3039900,1,0,0,2,0,0,0,0,0,,0,0,Otago Region,Nil,2-way,Sealed,0,0,0,0,100,0,Null,0,0,,70,Queenstown-Lakes District,Unknown,0,0,0,0,0,0,Open,0,0,0,Fine,Null
1878852,5774892,21743,60,538863,0,0,0,1,0,West,2006/2007,PARADISE VALLEY ROAD,CLAYTON ROAD,,Minor Crash,No,2006,0,West,0,0,1,Hill Road,0,,0,,0,Overcast,1264401,1,0,0,2,0,0,0,0,0,,0,0,Bay of Plenty Region,Nil,2-way,Sealed,0,0,0,0,100,0,Null,0,0,,24,Rotorua District,Unknown,0,0,0,1,0,0,Open,0,0,0,Fine,Null
1757510,5434135,21744,,570000,0,0,0,2,0,Null,2005/2006,THE ESPLANADE,QUEEN ST,,Minor Crash,No,2006,0,East,0,0,0,Flat,0,,0,,0,Twilight,2028200,1,0,0,2,0,0,0,0,0,,0,0,Wellington Region,Nil,2-way,Sealed,0,0,0,0,50,0,On,0,1,,46,Lower Hutt City,Nil,1,0,0,1,0,0,Urban,0,0,0,Fine,Null
1763950,5912271,21745,,520500,0,,0,2,,Null,2006/2007,MOUNT WELLINGTON HIGHWAY,SYLVIA PARK ROAD,,Minor Crash,No,2006,,North,,0,,Flat,,,,,,Dark,639500,1,0,0,6,,,0,,,,,,Auckland Region,Nil,2-way,Sealed,,0,0,,50,,On,0,0,,76,Auckland,Traffic Signals,,,,,0,0,Urban,0,,,Fine,Null
1765596,5920125,21746,,516700,1,,0,1,,East,2005/2006,TAMAKI DRIVE,ST HELIERS BAY ROAD,,Minor Crash,No,2006,,West,,0,,Flat,,,,,,Overcast,509300,1,0,0,2,,,0,,,,,,Auckland Region,Nil,2-way,Sealed,,0,0,,50,,Off,0,0,,76,Auckland,Stop,,,,,0,0,Urban,0,,,Mist or Fog,Null
1756321,5920481,21747,,514102,0,,0,3,,North,2005/2006,SH 1N,COOK OFF SBD,,Non-Injury Crash,Yes,2006,,South,,0,,Flat,,,,,,Bright sun,432700,0,0,0,2,,,0,,,,,,Auckland Region,Bridge,1-way,Sealed,,0,0,,80,,Off,0,0,,76,Auckland,Nil,,,,,0,0,Open,1,,,Fine,Null
1892829,5691239,21748,,541342,0,,0,0,,East,2005/2006,SH 5,RANGITAIKI BR,,Non-Injury Crash,Yes,2006,,East,,0,,Flat,,,,,,Dark,1280900,0,0,0,2,,,0,,,,,,Bay of Plenty Region,Nil,2-way,Sealed,,0,0,,100,,None,1,0,,21,Taupo District,Unknown,,,,,0,0,Open,0,,,Light rain,Null
1761857,5438370,21749,,569500,0,,0,2,,South,2005/2006,FAIRWAY OFF SBD,SH 2,,Minor Crash,Yes,2006,,East,,0,,Flat,,,,,,Bright sun,1917500,1,0,0,5,,,0,,,,,,Wellington Region,Nil,2-way,Sealed,,0,0,,50,,Null,0,0,,46,Lower Hutt City,Nil,,,,,0,0,Urban,0,,,Light rain,Null
1604608,5434317,21750,,581833,0,,0,2,,Null,2006/2007,SH 60,SEATON VALLEY ROAD,,Minor Crash,Yes,2006,,South,,0,,Flat,,,,,,Bright sun,2373700,1,0,0,2,,,0,,,,,,Tasman Region,Nil,2-way,Sealed,,0,0,,100,,Null,0,0,,51,Tasman District,Give way,,,,,0,0,Open,0,,,Fine,Null
1844565,5835824,21751,,534604,0,,0,1,,South,2006/2007,TE AROHA GORDON ROAD,WAIRAKAU ROAD,,Minor Crash,No,2006,,North,,0,,Flat,,,,,,Overcast,1110900,1,0,0,2,,,0,,,,,,Waikato Region,Nil,2-way,Sealed,,0,0,,100,,None,0,0,,15,Matamata-Piako District,Nil,,,,,0,0,Open,1,,,Light rain,Null
1809517,5808423,21752,,527131,1,,0,0,,South,2006/2007,TAMAHERE DRIVE,PICKERING ROAD,,Serious Crash,No,2006,,South,,0,,Flat,,,,,,Bright sun,960800,0,0,0,2,,,0,,,,,,Waikato Region,Nil,2-way,Sealed,,0,1,,100,,Null,1,0,,13,Waikato District,Unknown,,,,,0,0,Open,0,,,Fine,Null
1731655,5908728,21753,,513800,0,0,0,1,0,South,2006/2007,PIHA ROAD,SEAVIEW ROAD,,Minor Crash,No,2006,0,North,0,0,0,Hill Road,0,Labour Weekend,0,,0,Dark,282015,1,0,0,2,0,0,0,1,0,,0,0,Auckland Region,Nil,2-way,Sealed,0,0,0,0,70,0,None,0,0,,76,Auckland,Nil,0,0,0,0,0,0,Urban,0,0,0,Fine,Null
1883499,5827072,21754,,536821,1,,0,0,,South,2005/2006,GOLF ROAD,OCEANBEACH ROAD,,Minor Crash,No,2006,,North,,0,,Flat,,,,,,Overcast,1199201,1,0,0,2,,,0,,,,,,Bay of Plenty Region,Nil,2-way,Sealed,,0,0,,50,,Null,0,0,,23,Tauranga City,Unknown,,,,,0,0,Urban,1,,,Heavy rain,Null
1748687,5592135,21755,,554500,0,0,0,0,0,Null,2005/2006,SH 3,WAITOTARA VALLEY ROAD,,Serious Crash,Yes,2006,0,North,0,0,1,Hill Road,0,,0,,0,Overcast,1678800,0,0,0,2,0,0,0,1,0,,0,0,Taranaki Region,Nil,2-way,Sealed,0,0,1,0,100,0,Null,0,0,,35,South Taranaki District,Give way,0,0,0,0,1,0,Open,0,0,0,Heavy rain,Null
1669367,6078679,21756,,501634,0,,0,0,,Null,2005/2006,SH 12,JORDAN ROAD,,Minor Crash,Yes,2006,,West,,0,,Flat,,,,,,Bright sun,38500,1,0,0,2,,,0,,,,,,Northland Region,Nil,2-way,Sealed,,0,0,,100,,None,0,0,,1,Far North District,Nil,,,,,1,0,Open,1,,,Fine,Null
1242960,4849026,21757,,611220,0,,0,2,,Null,2005/2006,TWEED ST,CONON ST,,Minor Crash,No,2006,,East,,0,,Flat,,,,,,Overcast,3109900,1,0,0,4,,,0,,,,,,Southland Region,Nil,2-way,Sealed,,0,0,,50,,Null,0,0,,75,Invercargill City,Give way,,,,,0,0,Urban,0,,,Light rain,Null
1754174,5928200,21758,,508310,0,0,0,0,0,East,2005/2006,CHIVALRY ROAD,HAMILTON PLACE,,Minor Crash,No,2006,0,West,0,0,0,Flat,0,,0,,0,Overcast,200200,1,0,0,2,0,0,0,0,0,,0,0,Auckland Region,Nil,2-way,Sealed,0,0,0,0,50,0,Null,0,0,,76,Auckland,Unknown,1,1,0,0,0,0,Urban,1,0,0,Fine,Null
1759787,5907529,21759,,524121,0,,0,2,,North,2006/2007,BADER DRIVE,IDLEWILD AVENUE,,Minor Crash,No,2006,,North,,0,,Flat,,,,,,Bright sun,737600,1,0,0,2,,,0,,,,,,Auckland Region,Nil,2-way,Sealed,,0,0,,50,,Off,0,0,,76,Auckland,Nil,,,,,0,0,Urban,0,,,Fine,Null
1625454,5428607,21760,,583400,1,,0,0,,North,2006/2007,Z TANTRAGEE ROAD,BROOK ST,,Serious Crash,No,2006,,South,,0,,Hill Road,,,,,,Twilight,2332802,0,0,0,2,,,0,,,,,,Nelson Region,Nil,Off road,Unsealed,,0,1,,50,,None,0,0,,52,Nelson City,Nil,,,,,0,0,Urban,1,,,Fine,Null
1572219,5179198,21761,,593502,1,,0,1,,Null,2005/2006,FERRY ROAD,NURSERY ROAD,,Minor Crash,No,2006,,East,,0,,Flat,,,,,,Bright sun,2607300,1,0,0,2,,,0,,,,,,Canterbury Region,Nil,2-way,Sealed,,0,0,,50,,Null,0,0,,60,Christchurch City,Give way,,,,,0,0,Urban,0,,,Fine,Null
1570758,5177997,21762,,594600,0,,0,1,,East,2005/2006,HUXLEY ST,COLOMBO ST,,Minor Crash,No,2006,,East,,0,,Flat,,,,,,Overcast,2621501,1,0,0,2,,,0,,,,,,Canterbury Region,Nil,2-way,Sealed,,0,0,,50,,Null,0,0,,60,Christchurch City,Nil,,,,,0,0,Urban,1,,,Fine,Null
1757992,5917965,21763,,515700,0,,0,2,,South,2006/2007,SH 1N,WELLESLEY OFF NBD,,Non-Injury Crash,Yes,2006,,North,,0,,Flat,,,,,,Overcast,443700,0,0,0,4,,,0,,,,,,Auckland Region,Nil,2-way,Sealed,,0,0,,100,,Off,0,0,,76,Auckland,Nil,,,,,0,0,Open,0,,,Light rain,Null
1575267,5179600,21764,,593900,0,0,0,1,0,Null,2006/2007,WICKHAM ROAD,MACES ROAD,,Minor Crash,No,2006,0,North,0,0,0,Flat,0,,0,,0,Dark,2579501,1,0,0,2,0,0,0,0,0,,0,1,Canterbury Region,Nil,2-way,Sealed,0,0,0,0,50,0,On,0,0,,60,Christchurch City,Nil,0,0,0,0,0,0,Urban,0,0,0,Heavy rain,Null
1932575,5608502,21765,,545721,0,,0,2,,Null,2006/2007,RUAHAPIA ROAD,WHAKATU ROAD,,Minor Crash,No,2006,,South,,0,,Flat,,,,,,Overcast,1471600,5,0,0,3,,,0,,,,,,Hawke's Bay Region,Nil,2-way,Sealed,,0,0,,100,,Null,0,0,,30,Hastings District,Stop,,,,,0,0,Open,1,,,Fine,Null
1751771,5926099,21766,,510220,0,0,0,1,0,North,2005/2006,BIRKDALE ROAD,BESWICK PLACE,,Serious Crash,No,2006,0,South,0,0,1,Flat,0,,0,,0,Bright sun,349400,3,0,1,2,0,0,0,0,0,,0,1,Auckland Region,Nil,2-way,Sealed,0,0,1,0,50,0,Off,0,0,,76,Auckland,Nil,0,0,0,0,0,0,Urban,0,0,0,Fine,Null
1692320,5673698,21767,,552400,0,,0,1,,West,2005/2006,BROIS ST,GOVETT AVENUE,,Minor Crash,No,2006,,West,,0,,Hill Road,,,,,,Bright sun,1571600,1,0,0,2,,,0,,,1,,,Taranaki Region,Nil,2-way,Sealed,,0,0,,50,,Null,0,0,,33,New Plymouth District,Nil,,,,,0,0,Urban,0,,,Fine,Null
1308077,5025415,21768,,608302,0,0,0,0,0,South,2006/2007,SH 6,OVERHEAD PIPELINE,,Serious Crash,Yes,2006,0,South,0,0,0,Hill Road,0,,0,,0,Bright sun,3031002,0,0,0,2,0,0,0,1,0,,0,0,Otago Region,Nil,2-way,Sealed,0,0,1,0,100,0,Null,0,0,,69,Central Otago District,Unknown,0,0,0,0,0,0,Open,1,0,0,Fine,Strong wind
1818884,5836030,21769,,534500,0,0,0,0,0,East,2005/2006,CROSS ROAD,TAUHEI ROAD,,Serious Crash,No,2006,0,South,1,0,0,Hill Road,0,,0,,0,Dark,1092100,0,0,1,2,0,0,0,0,0,,0,0,Waikato Region,Nil,2-way,Sealed,0,0,1,0,100,0,None,0,0,,15,Matamata-Piako District,Unknown,0,0,0,0,0,0,Open,0,0,0,Heavy rain,Null
1793546,5907279,21770,,525202,0,0,0,0,0,South,2006/2007,KAWAKAWA-ORERE ROAD,BERTRAM ROAD,,Minor Crash,No,2006,0,North,0,0,1,Hill Road,0,,0,,0,Dark,765003,1,0,0,2,0,0,0,0,0,,0,0,Auckland Region,Nil,2-way,Sealed,0,0,0,0,100,0,None,1,0,,76,Auckland,Nil,0,0,0,0,0,0,Open,0,0,0,Fine,Null
1810398,5816000,21771,,527004,0,0,0,1,0,West,2005/2006,SH 26,BADGER CLOSE,,Non-Injury Crash,Yes,2006,0,West,0,0,1,Flat,0,,0,,0,Bright sun,956100,0,0,0,2,0,0,0,0,0,,0,0,Waikato Region,Nil,2-way,Sealed,0,0,0,0,100,0,Null,0,0,,13,Waikato District,Unknown,0,0,0,0,0,0,Open,0,0,0,Fine,Null
1753916,5913426,21772,,518901,0,,0,1,,West,2006/2007,WHITE SWAN ROAD,RICHARDSON ROAD,,Minor Crash,No,2006,,West,,0,,Flat,,,,,,Bright sun,585101,1,0,0,3,,,0,,,,,,Auckland Region,Nil,2-way,Sealed,,0,0,,50,,None,0,0,,76,Auckland,Traffic Signals,,,,,0,0,Urban,1,,,Fine,Null
1778722,5877720,21773,,521131,0,0,0,1,0,South,2006/2007,2 ON NBD,SH 1N,,Minor Crash,Yes,2006,0,North,0,0,0,Hill Road,1,,0,,0,Overcast,842200,2,0,0,2,0,0,0,0,0,,0,0,Waikato Region,Motorway ramp,1-way,Sealed,0,0,0,0,100,0,Null,0,0,,13,Waikato District,Unknown,0,0,0,0,0,0,Open,0,0,0,Fine,Null
1759692,5428278,21774,,570300,0,,0,2,,Null,2005/2006,MARINE DRIVE,KERERU ROAD,,Minor Crash,No,2006,,North,,0,,Flat,,,,,,Bright sun,1983000,1,0,0,2,,,0,,,1,,,Wellington Region,Nil,2-way,Sealed,,0,0,,50,,Null,0,0,,46,Lower Hutt City,Nil,,,,,0,0,Urban,0,,,Fine,Null
1800780,5815701,21775,,529700,0,,0,1,,North,2006/2007,VICTORIA ST,BRYCE LANE,,Minor Crash,No,2006,,South,,0,,Flat,,,,,,Dark,910500,7,0,0,4,,,0,,,,,,Waikato Region,Nil,2-way,Sealed,,0,0,,50,,On,1,0,,16,Hamilton City,Nil,,,,,0,0,Urban,0,,,Fine,Null
1763346,5919059,21776,,516500,0,,0,2,,West,2006/2007,KEPA ROAD,DUDLEY ROAD,,Non-Injury Crash,No,2006,,East,,0,,Flat,,,,,,Bright sun,502100,0,0,0,2,,,0,,,,,,Auckland Region,Nil,2-way,Sealed,,0,0,,50,,Off,0,0,,76,Auckland,Nil,,,,,0,0,Urban,1,,,Fine,Null
1800272,5814915,21777,,529700,0,0,0,1,0,North,2005/2006,TAINUI ST,LAKE ROAD,,Minor Crash,No,2006,0,North,0,0,0,Hill Road,0,,0,,0,Dark,910800,1,0,0,2,0,0,0,0,1,,0,0,Waikato Region,Nil,2-way,Sealed,0,0,0,0,50,0,On,1,0,,16,Hamilton City,Unknown,0,0,0,0,0,0,Urban,0,0,0,Light rain,Null
1767527,5735809,21778,65,531720,0,0,0,1,1,West,2005/2006,SH 3,PAEKAKA ROAD,,Minor Crash,Yes,2006,0,South,0,0,0,Hill Road,1,,0,,0,Dark,1017500,1,0,0,2,0,0,0,0,0,,0,0,Waikato Region,Nil,2-way,Sealed,0,0,0,0,100,0,None,0,0,,20,Waitomo District,Nil,0,0,0,0,0,0,Open,0,0,0,Heavy rain,Null