X,Y,OBJECTID,advisorySpeed,areaUnitID,bicycle,bridge,bus,carStationWagon,cliffBank,crashDirectionDescription,crashFinancialYear,crashLocation1,crashLocation2,crashRoadSideRoad,crashSeverity,crashSHDescription,crashYear,debris,directionRoleDescription,ditch,fatalCount,fence,flatHill,guardRail,holiday,houseOrBuilding,intersection,kerb,light,meshblockId,minorInjuryCount,moped,motorcycle,NumberOfLanes,objectThrownOrDropped,otherObject,otherVehicleType,overBank,parkedVehicle,pedestrian,phoneBoxEtc,postOrPole,region,roadCharacter,roadLane,roadSurface,roadworks,schoolBus,seriousInjuryCount,slipOrFlood,speedLimit,strayAnimal,streetLight,suv,taxi,temporarySpeedLimit,tlaId,tlaName,trafficControl,trafficIsland,trafficSign,train,tree,truck,unknownVehicleType,urban,vanOrUtility,vehicle,waterRiver,weatherA,weatherB
2063060,5764024,21779,,543301,0,0,0,1,1,West,2006/2007,MATA ROAD,SH 35,,Minor Crash,No,2006,0,South,0,0,0,Hill Road,0,,0,,0,Overcast,1350300,1,0,0,2,0,0,0,0,0,,0,0,Gisborne Region,Nil,2-way,Sealed,0,0,0,0,100,0,Null,1,0,,28,Gisborne District,Nil,0,0,0,0,0,0,Open,0,0,0,Light rain,Null
1749557,5914128,21780,,511301,0,,0,2,,East,2006/2007,Z CPK THE WAREHOUSE,RATA ST,,Non-Injury Crash,No,2006,,North,,0,,Flat,,,,,,Bright sun,266800,0,0,0,1,,,0,,,,,,Auckland Region,Nil,Off road,Sealed,,0,0,,20,,Off,0,0,,76,Auckland,Nil,,,,,0,0,Urban,0,,,Fine,Null
1632046,6127190,21781,,500202,0,0,0,1,1,West,2006/2007,SH 10,MATE URLICH ROAD E,,Minor Crash,Yes,2006,0,South,0,0,0,Hill Road,0,,0,,0,Bright sun,2900,1,0,0,2,0,0,0,0,0,,0,0,Northland Region,Nil,2-way,Sealed,0,0,0,0,100,0,Off,0,0,,1,Far North District,Nil,0,0,0,0,1,0,Open,0,0,0,Fine,Null
1677530,5409282,21782,,580449,0,0,0,1,0,East,2005/2006,SH 62,SELMES ROAD,,Minor Crash,Yes,2006,0,West,1,0,0,Flat,0,,0,,0,Bright sun,2277801,2,0,0,2,0,0,0,0,0,,0,0,Marlborough Region,Nil,2-way,Sealed,0,0,0,0,100,0,Null,0,0,,53,Marlborough District,Nil,0,0,0,0,0,0,Open,0,0,0,Fine,Null
1755561,5928977,21783,,508510,0,,0,1,,South,2005/2006,SH 1N,TRISTRAM OBR,,Non-Injury Crash,Yes,2006,,South,,0,,Hill Road,,,,,,Dark,195200,0,0,0,2,,,0,,,,,,Auckland Region,Bridge,1-way,Sealed,,0,0,,100,,On,0,0,,76,Auckland,Nil,,,,,1,0,Open,0,,,Heavy rain,Null
1757190,5919886,21784,,514103,0,,0,0,,North,2005/2006,QUEEN ST,MAYORAL DRIVE,,Serious Crash,No,2006,,North,,0,,Flat,,,,,,Bright sun,436100,0,0,1,4,,,0,,,,,,Auckland Region,Nil,2-way,Sealed,,0,1,,50,,Off,0,0,,76,Auckland,Nil,,,,,1,0,Urban,0,,,Fine,Null
1791246,5518142,21785,,561500,1,,0,1,,Null,2005/2006,PALMER ROAD,WYLIE ROAD,,Minor Crash,No,2006,,East,,0,,Flat,,,,,,Overcast,1784300,1,0,0,2,,,0,,,,,,Manawatū-Whanganui Region,Nil,2-way,Sealed,,0,0,,80,,Null,0,0,,42,Horowhenua District,Give way,,,,,0,0,Open,0,,,Fine,Null
1342422,4913061,21786,,607502,0,0,0,0,0,North,2005/2006,GABRIELS GULLY ROAD,BLUE SPUR ROAD,,Minor Crash,No,2006,0,South,1,0,0,Flat,0,Queens Birthday,0,,0,Overcast,3007300,1,0,0,2,0,0,0,0,0,,0,0,Otago Region,Nil,2-way,Sealed,0,0,0,0,100,0,Null,1,0,,72,Clutha District,Unknown,0,0,0,0,0,0,Open,0,0,0,Light rain,Null
1762089,5920405,21787,,516400,0,,0,1,,North,2005/2006,TAMAKI DRIVE,KITEMOANA ST,,Non-Injury Crash,No,2006,,North,,0,,Flat,,Christmas New Year,,,,Dark,498700,0,0,0,1,,,0,,,,,,Auckland Region,Nil,2-way,Sealed,,0,0,,50,,On,0,0,,76,Auckland,Nil,,,,,0,0,Urban,0,,,Light rain,Null
1769394,5901940,21788,,524901,0,,0,1,,North,2006/2007,GRANDE VUE ROAD,HILL ROAD,,Minor Crash,No,2006,,North,,0,,Flat,,,,,,Bright sun,756000,1,0,0,2,,,0,,,,,,Auckland Region,Nil,2-way,Sealed,,0,0,,50,,Off,1,0,,76,Auckland,Nil,,,,,0,0,Urban,0,,,Fine,Null
1715378,5641847,21789,,553003,0,,0,0,,West,2006/2007,BIRD ROAD,SKINNER ROAD,,Minor Crash,No,2006,,South,,0,,Hill Road,,,,,,Dark,1619300,3,0,0,2,,,0,,,,,,Taranaki Region,Nil,2-way,Sealed,,0,0,,100,,None,0,0,,34,Stratford District,Nil,,,,,1,0,Open,0,,,Fine,Null
1755308,5921628,21790,,515202,0,,0,0,,North,2006/2007,SH 1N,SHELLY BEACH OBR,,Non-Injury Crash,Yes,2006,,North,,0,,Flat,,,,,,Bright sun,423600,0,0,0,5,,,0,,,,,,Auckland Region,Nil,1-way,Sealed,,0,0,,80,,Off,0,0,,76,Auckland,Nil,,,,,0,0,Open,2,,,Fine,Null
1772174,5913324,21791,,523102,0,,0,2,,Null,2005/2006,EDENDALE ROAD S,NICHOLAS ROAD,,Non-Injury Crash,No,2006,,South,,0,,Hill Road,,,,,,Overcast,711014,0,0,0,2,,,0,,,,,,Auckland Region,Nil,2-way,Sealed,,0,0,,50,,Off,0,0,,76,Auckland,Nil,,,,,0,0,Urban,0,,,Fine,Null
1877627,5785584,21792,,538811,0,,0,2,,West,2006/2007,OTUROA ROAD,SH 36,,Minor Crash,No,2006,,West,,0,,Hill Road,,Christmas New Year,,,,Dark,1250102,1,0,0,2,,,0,,,,,,Bay of Plenty Region,Nil,2-way,Sealed,,0,0,,100,,None,0,0,,24,Rotorua District,Nil,,,,,0,0,Open,0,,,Fine,Null
1755601,5915818,21793,,518301,0,,0,2,,Null,2005/2006,DOMINION ROAD,KENSINGTON AVENUE,,Non-Injury Crash,No,2006,,North,,0,,Flat,,,,,,Overcast,556000,0,0,0,2,,,0,,,,,,Auckland Region,Nil,2-way,Sealed,,0,0,,50,,Off,0,0,,76,Auckland,Nil,,,,,0,0,Urban,0,,,Fine,Null
1570292,5189664,21794,,590400,0,0,0,3,0,East,2006/2007,Z CPK RICHILL ST,SH 1S,,Minor Crash,No,2006,0,West,0,0,0,Flat,0,,0,,0,Dark,2514400,1,0,0,0,0,0,0,0,1,1,0,0,Canterbury Region,Nil,Off road,Sealed,0,0,0,0,20,0,On,0,0,,60,Christchurch City,Nil,0,0,0,0,0,0,Urban,0,0,0,Fine,Null
1758822,5912172,21795,,519820,0,,0,2,,Null,2006/2007,SELWYN ST,CHURCH ST,,Minor Crash,No,2006,,South,,0,,Hill Road,,,,,,Overcast,601700,2,0,0,2,,,0,,,,,,Auckland Region,Nil,2-way,Sealed,,0,0,,50,,Off,0,0,,76,Auckland,Traffic Signals,,,,,0,0,Urban,0,,,Fine,Null
1841011,5747002,21796,,541320,0,0,0,1,1,South,2005/2006,SH 30,WAIPAPA ROAD,,Minor Crash,Yes,2006,0,North,0,0,0,Hill Road,0,,0,,0,Dark,1292000,3,0,0,2,0,0,0,0,0,,0,0,Waikato Region,Nil,2-way,Sealed,0,0,0,0,100,0,None,0,0,,21,Taupo District,Unknown,0,0,0,0,0,0,Open,0,0,0,Light rain,Null
1722957,6002127,21797,,505010,0,0,0,0,0,North,2006/2007,BICKERSTAFFE ROAD,JUDD ROAD,,Minor Crash,No,2006,0,North,0,0,1,Hill Road,0,,0,,0,Bright sun,132501,1,0,0,1,0,0,0,0,0,,0,0,Northland Region,Nil,2-way,Unsealed,0,0,0,0,100,0,None,1,0,,3,Kaipara District,Nil,0,0,0,0,0,0,Open,0,0,0,Fine,Null
1694990,5676078,21798,,552300,0,0,0,0,0,South,2006/2007,AWANUI ST,MANGOREI ROAD,,Minor Crash,No,2006,0,South,0,0,1,Hill Road,0,,0,,0,Twilight,1602200,1,0,0,2,0,0,0,0,0,,0,0,Taranaki Region,Nil,2-way,Sealed,0,0,0,0,50,0,On,0,0,,33,New Plymouth District,Nil,0,0,0,0,0,0,Urban,1,0,0,Fine,Null
1765848,5901481,21799,,524604,0,,0,2,,East,2005/2006,BROWNS ROAD,FELLBROOK ST,,Non-Injury Crash,No,2006,,East,,0,,Flat,,,,,,Bright sun,781302,0,0,0,2,,,0,,,,,,Auckland Region,Nil,2-way,Sealed,,0,0,,50,,Off,0,0,,76,Auckland,Nil,,,,,0,0,Urban,0,,,Fine,Null
1758590,5917546,21800,,516001,0,,0,2,,South,2005/2006,SH 1N,ST MARKS OBR,,Non-Injury Crash,Yes,2006,,South,,0,,Flat,,,,,,Bright sun,490900,0,0,0,3,,,0,,,,,,Auckland Region,Nil,1-way,Sealed,,0,0,,80,,Off,0,0,,76,Auckland,Nil,,,,,1,0,Open,0,,,Fine,Null
1346214,4854681,21801,85,607300,0,0,0,0,1,South,2005/2006,OWAKA HIGHWAY,AHURIRI FLAT ROAD,,Minor Crash,No,2006,0,South,0,0,1,Flat,0,,0,,0,Overcast,2998100,2,0,0,2,0,0,0,0,0,,0,0,Otago Region,Nil,2-way,Sealed,0,0,0,0,100,0,Null,0,0,,72,Clutha District,Unknown,0,0,0,0,0,0,Open,1,0,0,Light rain,Null
1768800,5911589,21802,,523112,0,,0,1,,East,2006/2007,TI RAKAU DRIVE,BURSWOOD DRIVE,,Non-Injury Crash,No,2006,,North,,0,,Flat,,,,,,Bright sun,711404,0,0,0,2,,,0,,,1,,,Auckland Region,Nil,2-way,Sealed,,0,0,,50,,Null,0,0,,76,Auckland,Unknown,,,,,0,0,Urban,0,,,Fine,Null
1674298,6021955,21803,,504501,0,0,0,1,0,West,2005/2006,BAYLYS COAST ROAD,SH 12,,Non-Injury Crash,No,2006,0,East,0,0,1,Flat,0,,0,,0,Overcast,117600,0,0,0,2,0,0,0,0,0,,0,0,Northland Region,Nil,2-way,Sealed,0,0,0,0,100,0,None,0,0,,3,Kaipara District,Nil,0,0,0,0,0,0,Open,0,0,0,Light rain,Null
1839263,5661987,21804,30,541501,0,0,0,0,1,North,2005/2006,SH 1N,TREE TRUNK GORGE ROAD,,Non-Injury Crash,Yes,2006,0,North,0,0,0,Hill Road,0,,0,,0,Dark,1288900,0,0,0,2,0,0,0,0,0,,0,0,Waikato Region,Nil,2-way,Sealed,0,0,0,0,100,0,None,0,0,,21,Taupo District,Unknown,0,0,0,0,1,0,Open,0,0,0,Light rain,Null
1374332,5200318,21805,,585322,0,0,0,1,0,South,2006/2007,SH 6,REDJACKS CRK BR,,Serious Crash,Yes,2006,0,North,0,0,0,Flat,0,,0,,0,Dark,2418203,1,0,0,2,0,0,0,1,0,,0,0,West Coast Region,Nil,2-way,Sealed,0,0,1,0,100,0,Off,0,0,,57,Westland District,Unknown,0,0,0,1,0,0,Open,0,0,0,Light rain,Null
1567533,5177841,21806,,590300,0,,0,2,,South,2005/2006,LINCOLN ROAD,SYLVAN ST,,Minor Crash,No,2006,,North,,0,,Flat,,,,,,Bright sun,2538703,1,0,0,2,,,0,,,,,,Canterbury Region,Nil,2-way,Sealed,,0,0,,50,,Null,0,0,,60,Christchurch City,Nil,,,,,0,0,Urban,0,,,Fine,Null
1928786,5605625,21807,,547700,1,,0,1,,Null,2006/2007,TOWNSHEND ST,TOWNSHEND STREET,,Minor Crash,No,2006,,North,,0,,Flat,,,,,,Overcast,1486800,1,0,0,2,,,0,,,,,,Hawke's Bay Region,Nil,2-way,Sealed,,0,0,,50,,Null,0,0,,30,Hastings District,Give way,,,,,0,0,Urban,0,,,Fine,Null
1756291,5920869,21808,,514102,0,0,1,1,0,Null,2006/2007,FANSHAWE ST,BEAUMONT ST,,Serious Crash,No,2006,0,North,0,0,0,Flat,0,,1,,0,Dark,432500,2,0,0,6,0,0,0,0,0,,0,0,Auckland Region,Nil,2-way,Sealed,0,0,2,0,50,0,On,0,0,,76,Auckland,Traffic Signals,0,0,0,0,0,0,Urban,0,0,0,Fine,Null
1915722,5590531,21809,,545851,0,0,0,1,1,South,2005/2006,SH 2,COLIN WHITE ROAD,,Minor Crash,Yes,2006,0,North,0,0,0,Hill Road,0,,0,,0,Bright sun,1464500,1,0,0,2,0,0,0,0,0,,0,0,Hawke's Bay Region,Nil,2-way,Sealed,0,0,0,0,100,0,Null,0,0,,30,Hastings District,Nil,0,0,0,0,0,0,Open,0,0,0,Fine,Null
1741627,5910332,21810,,512902,0,0,0,1,1,South,2005/2006,SCENIC DRIVE,WEST COAST ROAD,,Minor Crash,No,2006,0,South,0,0,0,Hill Road,0,,0,,0,Bright sun,282102,2,0,0,1,0,0,0,0,0,,0,0,Auckland Region,Nil,2-way,Sealed,0,0,0,0,80,0,Null,0,0,30,76,Auckland,Nil,0,0,0,0,0,0,Open,0,0,0,Fine,Null
1793949,5746717,21811,,531731,0,0,0,1,1,South,2005/2006,SH 30,BODLEY ROAD,,Minor Crash,Yes,2006,0,North,0,0,0,Hill Road,0,,0,,0,Overcast,1011200,1,0,0,2,0,0,0,0,0,,0,0,Waikato Region,Nil,2-way,Sealed,0,0,0,0,100,0,Null,0,0,,20,Waitomo District,Unknown,0,0,0,0,0,0,Open,0,0,0,Fine,Null
1767081,5905565,21812,,522302,0,,0,2,,North,2005/2006,GREAT SOUTH ROAD,REAGAN ROAD,,Non-Injury Crash,No,2006,,South,,0,,Flat,,,,,,Bright sun,670700,0,0,0,2,,,0,,,,,,Auckland Region,Nil,2-way,Sealed,,0,0,,50,,Off,0,0,,76,Auckland,Nil,,,,,0,0,Urban,0,,,Fine,Null
1816300,5803579,21813,,527502,0,,0,2,,East,2006/2007,SH 1N,HALL ST,,Minor Crash,Yes,2006,,West,,0,,Flat,,,,,,Dark,964200,1,0,1,2,,,0,,,,,,Waikato Region,Nil,2-way,Sealed,,0,0,,50,,On,0,0,,17,Waipa District,Nil,,,,,0,0,Urban,0,,,Fine,Null
1817339,5802723,21814,,527503,0,,0,1,,North,2006/2007,WILSON ST,VICTORIA ST,,Minor Crash,No,2006,,North,,0,,Flat,,,,,,Dark,965100,1,0,0,2,,,0,,,,,,Waikato Region,Nil,2-way,Sealed,,0,0,,50,,On,0,0,,17,Waipa District,Give way,,,,,0,0,Urban,1,,,Fine,Null
1755307,5933043,21815,,507400,0,0,0,1,0,North,2006/2007,SUNRISE AVENUE,DALMENY CLOSE,,Fatal Crash,No,2006,0,North,0,1,0,Hill Road,0,,0,,0,Dark,153100,0,0,1,2,0,0,0,0,1,,0,0,Auckland Region,Nil,2-way,Sealed,0,0,0,0,50,0,On,0,0,,76,Auckland,Nil,0,0,0,0,0,0,Urban,0,0,0,Fine,Null
1762420,5908227,21816,,524530,0,,0,2,,South,2005/2006,VINE ST,BLAKE ROAD,,Non-Injury Crash,No,2006,,North,,0,,Flat,,,,,,Dark,731600,0,0,0,2,,,0,,,,,,Auckland Region,Nil,2-way,Sealed,,0,0,,50,,On,0,0,,76,Auckland,Nil,,,,,0,0,Urban,0,,,Fine,Null
1407049,4924767,21817,,601603,0,,0,1,,South,2005/2006,SH 1S,WAITATI VALLEY ROAD,,Minor Crash,Yes,2006,,South,,0,,Hill Road,,,,,,Bright sun,2863400,2,0,0,3,,,0,,,,,,Otago Region,Nil,2-way,Sealed,,0,0,,100,,Null,0,0,,71,Dunedin City,Unknown,,,,,0,0,Open,1,,,Fine,Null
1765968,5903278,21818,,524604,0,,0,0,,Null,2005/2006,ASH ROAD,WIRI STATION ROAD,,Non-Injury Crash,No,2006,,North,,0,,Flat,,,,,,Bright sun,780403,0,0,0,2,,,0,,,,,,Auckland Region,Nil,2-way,Sealed,,0,0,,50,,Off,0,0,,76,Auckland,Traffic Signals,,,,,2,0,Urban,0,,,Fine,Null
1707863,5654717,21819,,553003,0,0,0,1,1,Null,2005/2006,SH 3,OLD MOUNTAIN ROAD,,Minor Crash,Yes,2006,0,South,0,0,0,Hill Road,0,,0,,0,Dark,1621400,1,0,0,3,0,0,0,0,0,,0,0,Taranaki Region,Nil,2-way,Sealed,0,0,0,0,100,0,None,0,0,,34,Stratford District,Give way,0,1,0,0,0,0,Open,0,0,0,Fine,Null
1763660,5438440,21820,,568401,1,,0,1,,Null,2006/2007,HIGH ST,OXFORD TERRACE,,Minor Crash,No,2006,,South,,0,,Flat,,,,,,Dark,1944800,1,0,0,2,,,0,,,,,,Wellington Region,Nil,2-way,Sealed,,0,0,,50,,On,0,0,,46,Lower Hutt City,Give way,,,,,0,0,Urban,0,,,Light rain,Null
1889135,5773520,21821,,538742,0,0,0,1,0,South,2006/2007,MOREY ST,BRENT ROAD,,Non-Injury Crash,No,2006,0,North,0,0,0,Hill Road,0,,0,,0,Bright sun,1254503,0,0,0,2,0,0,0,1,0,,0,0,Bay of Plenty Region,Nil,2-way,Sealed,0,0,0,0,50,0,Null,1,0,,24,Rotorua District,Unknown,0,0,0,0,0,0,Urban,0,0,0,Fine,Null
1868844,5717830,21822,,541312,0,0,0,1,0,South,2005/2006,HUKA FALLS ROAD,HUKA FALLS LOOP ROAD S,,Minor Crash,No,2006,0,South,0,0,0,Flat,0,,0,,0,Dark,1279300,3,0,0,2,0,0,0,1,0,,0,0,Waikato Region,Nil,2-way,Sealed,0,0,0,0,100,0,None,0,0,,21,Taupo District,Unknown,0,0,0,1,0,0,Open,0,0,0,Fine,Null
1572863,5200784,21823,,586126,0,0,0,0,0,North,2006/2007,SH 1S,PA ROAD,,Minor Crash,Yes,2006,0,South,0,0,1,Flat,0,,0,,0,Bright sun,2448000,1,0,1,2,0,0,0,0,0,,0,0,Canterbury Region,Nil,2-way,Sealed,0,0,0,0,100,0,Null,1,0,,59,Waimakariri District,Unknown,0,0,0,0,0,0,Open,0,0,0,Fine,Null
1743150,5921661,21824,,513631,0,0,0,1,0,North,2006/2007,GALLONY AVENUE,KILCAR PLACE,,Non-Injury Crash,No,2006,0,North,0,0,0,Hill Road,0,,0,,0,Bright sun,227205,0,0,0,2,0,0,0,0,0,,0,0,Auckland Region,Nil,2-way,Sealed,0,0,0,0,50,0,Off,0,0,,76,Auckland,Nil,0,0,0,0,0,0,Urban,1,1,0,Fine,Null
1766562,5899863,21825,,524713,0,,0,2,,Null,2006/2007,JOHN WALKER DRIVE,WEYMOUTH ROAD,,Minor Crash,No,2006,,East,,0,,Flat,,,,,,Dark,775805,1,0,0,2,,,0,,,,,,Auckland Region,Nil,2-way,Sealed,,0,0,,50,,On,0,0,,76,Auckland,Nil,,,,,0,0,Urban,0,,,Fine,Null
1836552,5649002,21826,,541501,0,0,0,1,0,North,2006/2007,SH 1N,TUKINO ACCESS,,Non-Injury Crash,Yes,2006,0,South,0,0,0,Hill Road,0,,0,,0,Dark,1289001,0,0,0,2,0,1,0,0,0,,0,0,Waikato Region,Nil,2-way,Sealed,0,0,0,0,100,0,None,0,0,,21,Taupo District,Nil,0,0,0,0,0,0,Open,0,0,0,Light rain,Null
1758969,5917584,21827,,516001,0,,0,1,,East,2006/2007,REMUERA ROAD,BEATRICE ROAD,,Minor Crash,No,2006,,East,,0,,Flat,,,,,,Overcast,490704,1,0,1,4,,,0,,,,,,Auckland Region,Nil,2-way,Sealed,,0,0,,50,,Off,0,0,,76,Auckland,Nil,,,,,0,0,Urban,0,,,Fine,Null
1745193,5918814,21828,,513302,0,,0,1,,Null,2006/2007,LINCOLN ROAD,FAIRDENE AVENUE,,Minor Crash,No,2006,,North,,0,,Flat,,,,,,Bright sun,230802,1,0,0,4,,,0,,,1,,,Auckland Region,Nil,2-way,Sealed,,0,0,,50,,Off,0,0,,76,Auckland,Traffic Signals,,,,,0,0,Urban,0,,,Fine,Null
1756762,5918853,21829,,514200,0,,0,2,,Null,2005/2006,NEWTON ROAD,UPPER QUEEN ST,,Non-Injury Crash,No,2006,,East,,0,,Hill Road,,,,,,Overcast,412700,0,0,0,4,,,0,,,,,,Auckland Region,Nil,2-way,Sealed,,0,0,,50,,Off,0,0,,76,Auckland,Traffic Signals,,,,,0,0,Urban,0,,,Fine,Null
1841901,5793309,21830,,535100,0,,0,1,,Null,2006/2007,SH 1N,SH 27,,Non-Injury Crash,Yes,2006,,East,,0,,Flat,,,,,,Overcast,1124301,0,0,0,2,,,0,,,,,,Waikato Region,Nil,2-way,Sealed,,0,0,,50,,Off,0,0,,19,South Waikato District,Nil,,,,,0,0,Urban,1,,,Fine,Null
1770965,5903870,21831,,523819,0,,0,3,,East,2006/2007,REDOUBT ROAD,KINNARD LANE,,Minor Crash,No,2006,,West,,0,,Hill Road,,,,,,Bright sun,760500,2,0,0,1,,,0,,,,,,Auckland Region,Nil,2-way,Sealed,,0,0,,100,,None,0,0,,76,Auckland,Nil,,,,,0,0,Open,0,,,Fine,Null
1681117,6104812,21832,,501633,0,0,0,0,0,West,2005/2006,PUNGAERE ROAD,NGAPUHI ROAD,,Minor Crash,No,2006,0,West,1,0,0,Flat,0,,0,,0,Dark,44701,1,0,0,2,0,0,0,0,0,,0,0,Northland Region,Nil,2-way,Sealed,0,0,0,0,100,0,None,0,0,,1,Far North District,Nil,0,0,0,0,0,0,Open,1,0,0,Fine,Null
1573165,5178897,21833,,594010,0,0,0,3,0,Null,2005/2006,RANDOLPH ST,MATLOCK ST,,Serious Crash,No,2006,0,North,0,0,0,Flat,0,,0,,0,Overcast,2592400,0,0,0,2,0,0,0,0,1,,0,0,Canterbury Region,Nil,2-way,Sealed,0,0,1,0,50,0,Null,0,0,,60,Christchurch City,Give way,0,0,0,0,0,0,Urban,0,0,0,Fine,Null
1755051,5918599,21834,,515420,0,,0,2,,Null,2005/2006,CRUMMER ROAD,COLERIDGE ST,,Non-Injury Crash,No,2006,,West,,0,,Hill Road,,,,,,Overcast,404800,0,0,0,2,,,0,,,,,,Auckland Region,Nil,2-way,Sealed,,0,0,,50,,Off,0,1,,76,Auckland,Stop,,,,,0,0,Urban,0,,,Light rain,Null
1828799,5881316,21835,55,533603,0,0,0,1,1,East,2006/2007,SH 25A,SH 26,,Fatal Crash,Yes,2006,0,West,1,1,0,Flat,0,,0,,0,Overcast,1057302,1,0,0,2,0,0,0,0,0,,0,0,Waikato Region,Nil,2-way,Sealed,0,0,0,0,100,0,None,0,0,,11,Thames-Coromandel District,Nil,0,0,0,0,0,0,Open,0,0,0,Heavy rain,Null
1799737,5815220,21836,,528900,0,,0,2,,North,2005/2006,LAKE ROAD,SOMERSET ST,,Non-Injury Crash,No,2006,,North,,0,,Flat,,,,,,Overcast,914100,0,0,0,2,,,0,,,,,,Waikato Region,Nil,2-way,Sealed,,0,0,,50,,Null,0,0,,16,Hamilton City,Unknown,,,,,0,0,Urban,0,,,Light rain,Null
1760332,5907757,21837,,524403,0,,0,2,,South,2005/2006,SH 20,WALMSLEY ON SBD,,Minor Crash,Yes,2006,,South,,0,,Flat,,,,,,Twilight,731105,1,0,0,4,,,0,,,,,,Auckland Region,Nil,1-way,Sealed,,0,0,,100,,On,0,0,,76,Auckland,Nil,,,,,0,0,Open,0,,,Light rain,Null
1764025,5905057,21838,,522100,0,,0,1,,Null,2005/2006,PAH ROAD,HILLSIDE ROAD,,Minor Crash,No,2006,,West,,0,,Flat,,,,,,Bright sun,658600,1,0,0,2,,,0,,,,,,Auckland Region,Nil,2-way,Sealed,,0,0,,50,,Off,1,0,,76,Auckland,Stop,,,,,0,0,Urban,0,,,Fine,Null
1392228,5124451,21839,,600323,0,,0,1,,South,2006/2007,SH 8,FORK STM BR,,Minor Crash,Yes,2006,,South,,0,,Hill Road,,,,,,Bright sun,2814102,2,0,0,2,,,0,,,,,,Canterbury Region,Nil,2-way,Sealed,,0,0,,100,,Null,0,0,,65,Mackenzie District,Unknown,,,,,0,0,Open,0,,,Fine,Null
1718289,6039716,21840,,502005,0,0,0,1,0,North,2006/2007,SH 1N,LOOP ROAD N,,Serious Crash,Yes,2006,0,South,1,0,0,Flat,0,,0,,0,Dark,74704,0,0,0,2,0,0,0,0,0,,0,0,Northland Region,Nil,2-way,Sealed,0,0,1,0,100,0,Off,0,0,,2,Whangarei District,Nil,0,0,0,0,0,0,Open,0,0,0,Fine,Null
1583171,5153629,21841,,597101,0,,0,2,,South,2006/2007,SH 75,COUNCIL HILL ROAD,,Minor Crash,Yes,2006,,West,,0,,Flat,,,,,,Bright sun,2713300,1,0,0,2,,,0,,,,,,Canterbury Region,Nil,2-way,Sealed,,0,0,,70,,Null,0,0,,60,Christchurch City,Nil,,,,,0,0,Urban,0,,,Fine,Null
1407197,4917355,21842,,603100,0,,0,1,,Null,2006/2007,SH 88,FREDERICK ST,,Minor Crash,Yes,2006,,East,,0,,Flat,,,,,,Overcast,2901900,1,0,0,2,,,0,,,,,,Otago Region,Nil,2-way,Sealed,,0,0,,50,,Null,1,0,,71,Dunedin City,Give way,,,,,0,0,Urban,0,,,Fine,Null
1876929,5819844,21843,,537601,0,,0,2,,North,2005/2006,FRASER ST,CHADWICK ROAD,,Non-Injury Crash,No,2006,,South,,0,,Hill Road,,,,,,Overcast,1175900,0,0,0,2,,,0,,,,,,Bay of Plenty Region,Nil,2-way,Sealed,,0,0,,50,,Null,0,0,,23,Tauranga City,Unknown,,,,,0,0,Urban,0,,,Fine,Null
1744879,5921300,21844,,513530,0,0,0,0,0,West,2006/2007,SH 16,LINCOLN OBR,,Non-Injury Crash,Yes,2006,0,East,0,0,0,Flat,1,,0,,0,Bright sun,226302,0,0,0,2,0,0,0,0,0,,0,0,Auckland Region,Nil,1-way,Sealed,0,0,0,0,100,0,Off,1,0,,76,Auckland,Nil,0,0,0,0,0,0,Open,0,0,0,Fine,Null
1745440,5919172,21845,,513301,0,0,0,1,0,East,2006/2007,TE PAI PLACE,LINCOLN ROAD,,Minor Crash,No,2006,0,East,0,0,0,Flat,0,Labour Weekend,0,,0,Dark,230601,1,0,0,2,0,1,0,0,0,,0,1,Auckland Region,Nil,2-way,Sealed,0,0,0,0,50,0,On,0,0,,76,Auckland,Unknown,0,0,0,0,0,0,Urban,0,0,0,Heavy rain,Strong wind
1453018,5087512,21846,,598313,0,0,0,1,1,North,2006/2007,KING ROAD,SPUR ROAD,,Minor Crash,No,2006,0,North,0,0,0,Hill Road,0,,0,,0,Bright sun,2777900,2,0,0,0,0,0,0,0,0,,0,0,Canterbury Region,Nil,2-way,Unsealed,0,0,0,0,100,0,Null,0,0,,64,Timaru District,Unknown,0,0,0,0,0,0,Open,0,0,0,Fine,Strong wind
1753678,5931262,21847,,508807,0,,0,1,,Null,2005/2006,SH 18,CARIBBEAN DRIVE,,Non-Injury Crash,Yes,2006,,East,,0,,Flat,,,,,,Bright sun,180810,0,0,0,4,,,0,,,,,,Auckland Region,Nil,2-way,Sealed,,0,0,,80,,Off,0,0,50,76,Auckland,Traffic Signals,,,,,1,0,Open,0,,,Fine,Null
1694270,6053829,21848,,501802,0,0,0,0,0,South,2005/2006,WRIGHT ROAD,PIPIWAI ROAD,,Minor Crash,No,2006,0,South,1,0,0,Hill Road,0,,0,,0,Dark,68500,1,0,0,1,0,0,0,0,0,,0,0,Northland Region,Nil,2-way,Unsealed,0,0,0,0,100,0,None,0,0,,2,Whangarei District,Nil,0,0,0,0,0,0,Open,1,0,0,Light rain,Null