X,Y,OBJECTID,advisorySpeed,areaUnitID,bicycle,bridge,bus,carStationWagon,cliffBank,crashDirectionDescription,crashFinancialYear,crashLocation1,crashLocation2,crashRoadSideRoad,crashSeverity,crashSHDescription,crashYear,debris,directionRoleDescription,ditch,fatalCount,fence,flatHill,guardRail,holiday,houseOrBuilding,intersection,kerb,light,meshblockId,minorInjuryCount,moped,motorcycle,NumberOfLanes,objectThrownOrDropped,otherObject,otherVehicleType,overBank,parkedVehicle,pedestrian,phoneBoxEtc,postOrPole,region,roadCharacter,roadLane,roadSurface,roadworks,schoolBus,seriousInjuryCount,slipOrFlood,speedLimit,strayAnimal,streetLight,suv,taxi,temporarySpeedLimit,tlaId,tlaName,trafficControl,trafficIsland,trafficSign,train,tree,truck,unknownVehicleType,urban,vanOrUtility,vehicle,waterRiver,weatherA,weatherB
1850026,5764743,21849,,535360,0,,0,1,,West,2005/2006,SH 32,THOMPSON ST,,Minor Crash,Yes,2006,,East,,0,,Flat,,,,,,Bright sun,1146500,1,0,0,2,,,0,,,1,,,Waikato Region,Nil,2-way,Sealed,,0,0,,50,,Null,0,0,,19,South Waikato District,Give way,,,,,0,0,Urban,0,,,Fine,Frost
1670415,6116143,21850,,500401,0,0,0,1,0,North,2006/2007,SH 10,OMAUNU ROAD,,Non-Injury Crash,Yes,2006,0,North,0,0,1,Flat,0,,0,,0,Dark,18900,0,0,0,2,0,0,0,0,0,,0,0,Northland Region,Nil,2-way,Sealed,0,0,0,0,100,0,None,0,0,,1,Far North District,Unknown,0,0,0,0,0,0,Open,0,0,0,Fine,Null
1801234,5814001,21851,65,529100,0,0,0,1,0,North,2005/2006,COBHAM DRIVE,NORMANDY AVENUE,,Serious Crash,No,2006,0,North,0,0,0,Flat,0,,0,,0,Bright sun,931900,0,0,0,4,0,0,0,0,0,,0,0,Waikato Region,Nil,2-way,Sealed,0,0,1,0,80,0,Null,0,0,,16,Hamilton City,Unknown,1,0,0,0,0,0,Open,0,0,0,Fine,Null
1242406,4850268,21852,,610800,0,,0,2,,Null,2006/2007,SH 6,GALA ST,,Minor Crash,Yes,2006,,West,,0,,Flat,,,,,,Dark,3116100,2,0,0,4,,,0,,,,,,Southland Region,Nil,2-way,Sealed,,0,0,,50,,On,0,1,,75,Invercargill City,Traffic Signals,,,,,0,0,Urban,0,,,Fine,Null
1743710,5919339,21853,,513212,0,,0,2,,South,2005/2006,SWANSON ROAD,UNIVERSAL DRIVE,,Non-Injury Crash,No,2006,,North,,0,,Flat,,,,,,Bright sun,235600,0,0,0,3,,,0,,,,,,Auckland Region,Nil,2-way,Sealed,,0,0,,50,,Null,0,0,,76,Auckland,Nil,,,,,0,0,Urban,1,,,Fine,Null
1717471,6052119,21854,,502001,0,,0,1,,North,2006/2007,SH 1N GREAT NORTH ROAD,GREAT NORTH ROAD,,Minor Crash,Yes,2006,,South,,0,,Flat,,,,,,Bright sun,63704,2,0,0,2,,,0,,,2,,,Northland Region,Nil,2-way,Sealed,,0,0,,70,,Null,0,0,,2,Whangarei District,Nil,,,,,0,0,Urban,0,,,Fine,Null
1569604,5182828,21855,,592300,0,,0,1,,Null,2005/2006,INNES ROAD,BRETTS ROAD,,Minor Crash,No,2006,,West,,0,,Flat,,,,,,Overcast,2682700,1,0,0,2,,,0,,,,,,Canterbury Region,Nil,2-way,Sealed,,0,0,,50,,Null,0,0,,60,Christchurch City,Nil,,,,,0,0,Urban,1,,,Fine,Null
1756600,5926766,21856,,507900,0,,0,2,,North,2006/2007,SH 1N,ESMONDE OBR,,Minor Crash,Yes,2006,,North,,0,,Hill Road,,,,,,Bright sun,303501,1,0,0,3,,,0,,,,,,Auckland Region,Nil,1-way,Sealed,,0,0,,100,,Off,0,0,80,76,Auckland,Nil,,,,,0,0,Open,2,,,Fine,Null
1540400,5186306,21857,,587010,0,0,0,1,0,East,2005/2006,OLD WEST COAST ROAD,HIGHFIELD ROAD,,Minor Crash,No,2006,0,West,0,0,1,Flat,0,,0,,0,Twilight,2466800,1,0,0,2,0,0,0,0,0,,0,1,Canterbury Region,Nil,2-way,Sealed,0,0,0,0,100,0,None,0,0,,62,Selwyn District,Unknown,0,0,0,0,0,0,Open,0,0,0,Fine,Null
1817973,5544358,21858,,560720,0,,0,0,,Null,2006/2007,MANCHESTER ST,GREY ST,,Minor Crash,No,2006,,East,,0,,Flat,,,,,,Overcast,1767600,1,0,1,2,,,0,,,,,,Manawatū-Whanganui Region,Nil,2-way,Sealed,,0,0,,50,,Null,1,0,,39,Manawatu District,Give way,,,,,0,0,Urban,0,,,Fine,Null
1770222,5440316,21859,,564530,0,0,0,1,0,South,2005/2006,BLUE MOUNTAINS ROAD,HOBBIT LANE,,Minor Crash,No,2006,0,West,0,0,0,Hill Road,0,Christmas New Year,0,,0,Dark,1901200,1,0,0,2,0,0,0,1,0,,0,0,Wellington Region,Nil,2-way,Sealed,0,0,0,0,100,0,None,0,0,,45,Upper Hutt City,Nil,0,0,0,0,0,0,Open,0,0,0,Fine,Null
1833890,5841995,21860,,534603,0,0,0,1,0,East,2005/2006,TE KAWANA ROAD,NGUTUMANGA ROAD,,Minor Crash,No,2006,0,West,1,0,0,Flat,0,,0,,0,Dark,1106000,3,0,0,2,0,0,0,0,0,,0,0,Waikato Region,Nil,2-way,Sealed,0,0,0,0,100,0,None,0,0,,15,Matamata-Piako District,Unknown,0,0,0,0,0,0,Open,0,0,0,Fine,Null
1766851,5905770,21861,,522302,0,,0,2,,Null,2005/2006,GREAT SOUTH ROAD,PEMBROKE ST,,Non-Injury Crash,No,2006,,South,,0,,Flat,,,,,,Overcast,670600,0,0,0,4,,,0,,,,,,Auckland Region,Nil,2-way,Sealed,,0,0,,50,,Off,0,0,,76,Auckland,Stop,,,,,0,0,Urban,0,,,Fine,Null
1838324,5914039,21862,,533200,0,,0,1,,South,2006/2007,SH 25,KAIMARAMA ROAD,,Non-Injury Crash,Yes,2006,,North,,0,,Flat,,Christmas New Year,,,,Bright sun,1046204,0,0,1,2,,,0,,,,,,Waikato Region,Nil,2-way,Sealed,,0,0,,100,,None,0,0,,11,Thames-Coromandel District,Nil,,,,,0,0,Open,0,,,Fine,Null
1758130,5917527,21863,,515700,0,,0,1,,East,2005/2006,ALPERS AVENUE,GILLIES AVENUE,,Minor Crash,No,2006,,West,,0,,Flat,,,,,,Bright sun,443401,1,0,0,3,,,0,,,1,,,Auckland Region,Nil,1-way,Sealed,,0,0,,50,,Off,0,0,,76,Auckland,Nil,,,,,0,0,Urban,0,,,Fine,Null
1566949,5184313,21864,,588700,1,,0,1,,North,2006/2007,GREERS ROAD,KILBURN ST,,Minor Crash,No,2006,,North,,0,,Flat,,,,,,Overcast,2522500,1,0,0,2,,,0,,,,,,Canterbury Region,Nil,2-way,Sealed,,0,0,,50,,Null,0,0,,60,Christchurch City,Nil,,,,,0,0,Urban,0,,,Fine,Null
1801457,5814746,21865,,529700,0,,0,1,,Null,2005/2006,VICTORIA ST,BRIDGE ST,,Minor Crash,No,2006,,West,,0,,Flat,,,,,,Dark,912300,1,0,0,3,,,0,,,1,,,Waikato Region,Nil,2-way,Sealed,,0,0,,50,,On,0,0,,16,Hamilton City,Traffic Signals,,,,,0,0,Urban,0,,,Fine,Null
1746118,5913990,21866,,511001,0,,0,1,,East,2006/2007,WEST COAST ROAD,KAMARA ROAD,,Non-Injury Crash,No,2006,,East,,0,,Hill Road,,,,,,Dark,282701,0,0,0,2,,,0,,,,,,Auckland Region,Nil,2-way,Sealed,,0,0,,50,,On,0,0,,76,Auckland,Nil,,,,,0,0,Urban,1,,,Fine,Null
1765880,5900880,21867,,524711,0,,0,2,,Null,2005/2006,ROSCOMMON ROAD,MONCRIEFF AVENUE,,Non-Injury Crash,No,2006,,South,,0,,Hill Road,,,,,,Dark,774503,0,0,0,2,,,0,,,,,,Auckland Region,Nil,2-way,Sealed,,0,0,,50,,On,0,0,,76,Auckland,Nil,,,,,0,0,Urban,0,,,Fine,Null
1707951,5683107,21868,,551302,0,0,0,1,0,South,2006/2007,KING ST,PRINCESS ST,,Minor Crash,No,2006,0,South,0,0,0,Flat,0,,0,,0,Dark,1549903,3,0,0,2,0,0,0,0,0,,0,1,Taranaki Region,Nil,2-way,Sealed,0,0,0,0,50,0,On,0,0,,33,New Plymouth District,Unknown,0,0,0,0,0,0,Urban,0,0,0,Fine,Null
1766905,5899186,21869,,524812,0,0,0,2,0,North,2006/2007,MAHIA ROAD,MONTEGO PLACE,,Non-Injury Crash,No,2006,0,South,0,0,0,Flat,0,,0,,0,Dark,774105,0,0,0,2,0,0,0,0,1,,0,0,Auckland Region,Nil,2-way,Sealed,0,0,0,0,50,0,On,0,0,,76,Auckland,Nil,0,0,0,0,0,0,Urban,0,0,0,Fine,Null
1763665,5920494,21870,,516500,0,,0,2,,East,2006/2007,TAMAKI DRIVE,SELWYN AVENUE,,Minor Crash,No,2006,,West,,0,,Flat,,Labour Weekend,,,,Overcast,501301,2,0,0,2,,,0,,,,,,Auckland Region,Nil,2-way,Sealed,,0,0,,50,,Off,0,0,,76,Auckland,Nil,,,,,0,0,Urban,0,,,Light rain,Null
1757699,5929518,21871,,507800,0,0,0,2,0,North,2005/2006,CRAIG ROAD,OMANA ROAD,,Non-Injury Crash,No,2006,0,South,0,0,0,Flat,0,,0,,0,Dark,311000,0,0,0,2,0,0,0,0,1,,0,0,Auckland Region,Nil,1-way,Sealed,0,0,0,0,50,0,On,0,0,,76,Auckland,Nil,0,0,0,0,0,0,Urban,0,0,0,Light rain,Strong wind
1783365,5925657,21872,,520801,0,0,0,1,0,West,2006/2007,OSTEND ROAD,TAHI ROAD,,Minor Crash,No,2006,0,West,1,0,1,Hill Road,0,,0,,0,Dark,515401,1,0,0,2,0,0,0,0,0,,0,0,Auckland Region,Nil,2-way,Sealed,0,0,0,0,50,0,None,0,0,,76,Auckland,Nil,0,0,0,0,0,0,Urban,0,0,0,Light rain,Null
1827345,5839594,21873,,534603,0,,0,2,,Null,2005/2006,NO 4 ROAD,NO 7 ROAD,,Minor Crash,No,2006,,North,,0,,Flat,,,,,,Bright sun,1095500,2,0,0,2,,,0,,,,,,Waikato Region,Nil,2-way,Sealed,,0,0,,100,,Null,0,0,,15,Matamata-Piako District,Give way,,,,,0,0,Open,0,,,Fine,Null
1812337,5515478,21874,,563802,0,0,0,1,0,Null,2005/2006,SH 57,KONINI ROAD,,Serious Crash,Yes,2006,0,North,0,0,0,Flat,1,,0,,0,Overcast,1853400,0,0,0,2,0,0,0,0,0,,0,0,Manawatū-Whanganui Region,Nil,2-way,Sealed,0,0,1,0,100,0,Null,0,0,,42,Horowhenua District,Nil,0,0,0,1,0,0,Open,0,0,0,Light rain,Null
1747874,5426138,21875,,573200,0,,0,1,,Null,2006/2007,BROOKLYN ROAD,WASHINGTON AVENUE,,Minor Crash,No,2006,,West,,0,,Hill Road,,,,,,Bright sun,2159300,1,0,1,2,,,0,,,,,,Wellington Region,Nil,2-way,Sealed,,0,0,,50,,Null,0,1,,47,Wellington City,Stop,,,,,0,0,Urban,0,,,Fine,Null
1768627,5881692,21876,,525910,0,,0,2,,South,2006/2007,DUBLIN ST,PRINCES ST,,Minor Crash,No,2006,,North,,0,,Flat,,,,,,Overcast,818300,1,0,0,2,,,0,,,,,,Auckland Region,Nil,2-way,Sealed,,0,0,,50,,Off,0,0,,76,Auckland,Nil,,,,,0,0,Urban,0,,,Fine,Null
1745344,5915960,21877,,510800,0,,0,1,,West,2005/2006,BRUCE MCLAREN ROAD,RAILSIDE AVENUE,,Minor Crash,No,2006,,West,,0,,Flat,,,,,,Dark,242501,2,0,0,2,,,0,,,,,,Auckland Region,Nil,2-way,Sealed,,0,0,,50,,On,0,0,,76,Auckland,Nil,,,,,0,0,Urban,0,,,Fine,Null
1406173,4915122,21878,,604300,0,,0,2,,South,2005/2006,ANDERSONS BAY ROAD,KENSINGTON AVENUE,,Minor Crash,No,2006,,North,,0,,Flat,,,,,,Bright sun,2932900,1,0,0,5,,,0,,,,,,Otago Region,Nil,2-way,Sealed,,0,0,,50,,Null,0,0,,71,Dunedin City,Unknown,,,,,0,0,Urban,0,,,Fine,Null
1711472,5614593,21879,,554111,0,,0,0,,Null,2005/2006,MANAWAPOU ROAD,WHAREROA ROAD,,Minor Crash,No,2006,,East,,0,,Flat,,,,,,Bright sun,1650500,3,0,0,2,,,0,,,,,,Taranaki Region,Nil,2-way,Sealed,,0,0,,70,,Null,0,0,,35,South Taranaki District,Give way,,,,,1,0,Urban,1,,,Fine,Null
1764132,5913611,21880,,520500,0,,0,2,,Null,2005/2006,WAIPUNA ROAD,IRELAND ROAD,,Minor Crash,No,2006,,East,,0,,Flat,,,,,,Bright sun,638700,1,0,0,2,,,0,,,,,,Auckland Region,Nil,2-way,Sealed,,0,0,,50,,Off,0,0,,76,Auckland,Traffic Signals,,,,,0,0,Urban,0,,,Fine,Null
1562811,5382187,21881,55,581842,0,0,0,1,0,Null,2005/2006,SH 6,GOWAN VALLEY ROAD,,Minor Crash,Yes,2006,0,North,0,0,0,Hill Road,0,,0,,0,Dark,2382400,1,0,0,2,0,1,0,0,0,,0,0,Tasman Region,Nil,2-way,Sealed,0,0,0,0,100,0,None,0,0,,51,Tasman District,Give way,0,0,0,0,0,0,Open,0,0,0,Heavy rain,Null
1746061,5917994,21882,,512500,0,,0,1,,South,2005/2006,EDMONTON ROAD,CENTRAL PARK DRIVE,,Non-Injury Crash,No,2006,,North,,0,,Flat,,,,,,Overcast,257201,0,0,0,2,,,0,,,,,,Auckland Region,Nil,2-way,Sealed,,0,0,,50,,Off,0,0,,76,Auckland,Nil,,,,,0,0,Urban,1,,,Fine,Null
1757770,5920507,21883,,514103,0,0,0,2,0,East,2006/2007,KITCHENER ST,BANKSIDE ST,,Non-Injury Crash,No,2006,0,East,0,0,0,Hill Road,0,,0,,0,Dark,437800,0,0,0,2,0,0,0,0,1,,0,0,Auckland Region,Nil,2-way,Sealed,0,0,0,0,50,0,On,0,0,,76,Auckland,Nil,0,0,0,0,0,0,Urban,0,0,0,Fine,Null
1755992,5944186,21884,,505909,0,,0,2,,Null,2006/2007,WHANGAPARAOA ROAD,PALMGREEN COURT,,Non-Injury Crash,No,2006,,West,,0,,Flat,,,,,,Dark,174007,0,0,0,2,,,0,,,,,,Auckland Region,Nil,2-way,Sealed,,0,0,,50,,On,0,0,,76,Auckland,Nil,,,,,0,0,Urban,0,,,Fine,Null
1763825,5905002,21885,,524303,0,,0,1,,Null,2006/2007,PAH ROAD,FERNDOWN AVENUE,,Minor Crash,No,2006,,South,,0,,Flat,,,,,,Overcast,746308,1,0,0,2,,,0,,,,,,Auckland Region,Nil,2-way,Sealed,,0,0,,50,,Null,1,0,,76,Auckland,Give way,,,,,0,0,Urban,0,,,Light rain,Null
1325914.4125,4923585.0258,21886,45,607502,0,,0,2,,East,2006/2007,SH 8,SH 90,,Serious Crash,Yes,2006,,West,,0,,Hill Road,,,,,,Twilight,3011601,1,0,0,2,,,0,,,,,,Otago Region,Nil,2-way,Sealed,,0,1,,100,,None,0,0,,72,Clutha District,Unknown,,,,,0,0,Open,0,,,Fine,Null
1439119,5003638,21887,,601030,0,,0,3,,West,2005/2006,SH 1S,AWAMOA ROAD,,Minor Crash,Yes,2006,,West,,0,,Flat,,,,,,Bright sun,2839700,1,0,0,2,,,0,,,,,,Otago Region,Nil,2-way,Sealed,,0,0,,50,,Null,0,0,,68,Waitaki District,Unknown,,,,,0,0,Urban,0,,,Fine,Null
1403197,4919010,21888,,603920,0,0,0,1,0,East,2006/2007,TAIERI ROAD,SPIERS ROAD,,Minor Crash,No,2006,0,West,0,0,0,Flat,0,,0,,0,Dark,2888700,1,0,0,2,0,0,0,0,1,,0,0,Otago Region,Nil,2-way,Sealed,0,0,0,0,50,0,On,0,0,,71,Dunedin City,Unknown,0,0,0,0,0,0,Urban,1,0,0,Fine,Null
1761831,5920024,21889,,516400,0,,0,2,,Null,2005/2006,WATENE CRESCENT,TAMAKI DRIVE,,Non-Injury Crash,No,2006,,West,,0,,Flat,,,,,,Overcast,498900,0,0,0,2,,,0,,,,,,Auckland Region,Nil,2-way,Sealed,,0,0,,50,,Null,0,0,,76,Auckland,Give way,,,,,0,0,Urban,0,,,Fine,Null
1782746,5811700,21890,,526601,0,,0,1,,South,2006/2007,SH 23,GLENTUI LANE,,Serious Crash,Yes,2006,,North,,0,,Hill Road,,,,,,Overcast,859300,0,0,0,2,,,0,,,1,,,Waikato Region,Nil,2-way,Sealed,,0,1,,100,,None,0,0,30,13,Waikato District,Nil,,,,,0,0,Open,0,,,Fine,Null
1745626,5917231,21891,,510700,0,0,1,1,0,West,2006/2007,GREAT NORTH ROAD,TRADING PLACE,,Serious Crash,No,2006,0,East,0,0,0,Flat,0,,0,,0,Bright sun,239900,0,0,0,1,0,0,0,0,0,,0,0,Auckland Region,Nil,2-way,Sealed,0,0,1,0,50,0,Off,0,0,,76,Auckland,Give way,0,0,0,0,0,0,Urban,0,1,0,Fine,Null
1758699,5911484,21892,,519810,0,,0,1,,West,2005/2006,ORPHEUS DRIVE,ONEHUNGA ON NBD,,Minor Crash,No,2006,,North,,0,,Flat,,,,,,Twilight,602501,1,0,1,2,,,0,,,,,,Auckland Region,Nil,2-way,Sealed,,0,0,,50,,Off,0,0,,76,Auckland,Nil,,,,,0,0,Urban,0,,,Fine,Null
1705395,5680782,21893,,551111,0,,0,2,,Null,2006/2007,SH 3,RALEIGH ST,,Minor Crash,Yes,2006,,East,,0,,Flat,,,,,,Bright sun,1565200,2,0,0,2,,,0,,,,,,Taranaki Region,Nil,2-way,Sealed,,0,0,,100,,Null,0,0,,33,New Plymouth District,Stop,,,,,0,0,Open,0,,,Fine,Null
1405355,4914411,21894,,604410,0,,0,2,,West,2006/2007,HILLSIDE ROAD,BURNS ST,,Minor Crash,No,2006,,East,,0,,Flat,,,,,,Overcast,2930000,2,0,0,2,,,0,,,,,,Otago Region,Nil,2-way,Sealed,,0,0,,50,,Null,0,0,,71,Dunedin City,Unknown,,,,,0,0,Urban,0,,,Fine,Null
1791614,5814764,21895,,527913,0,0,0,1,0,West,2005/2006,SH 23,CEMETERY ROAD,,Non-Injury Crash,Yes,2006,0,East,1,0,0,Flat,0,,0,,0,Overcast,978400,0,0,0,2,0,0,0,0,0,,0,0,Waikato Region,Nil,2-way,Sealed,0,0,0,0,100,0,Null,0,0,,13,Waikato District,Unknown,0,0,0,0,0,0,Open,0,0,0,Heavy rain,Null
1748146,5426861,21896,,573200,0,,0,1,,South,2006/2007,OHIRO ROAD,ARO ST,,Minor Crash,No,2006,,North,,0,,Hill Road,,,,,,Dark,2159201,1,0,0,2,,,0,,,1,,,Wellington Region,Nil,2-way,Sealed,,0,0,,50,,On,0,0,,47,Wellington City,Nil,,,,,0,0,Urban,0,,,Fine,Null
1729009,6004080,21897,75,505010,0,0,0,0,0,South,2006/2007,SH 1N,SH 12,,Minor Crash,Yes,2006,0,South,0,0,1,Flat,0,,0,,0,Bright sun,134700,1,0,0,2,0,0,0,0,0,,0,0,Northland Region,Nil,2-way,Sealed,0,0,0,0,100,0,None,0,0,,3,Kaipara District,Nil,0,0,0,0,1,0,Open,0,0,0,Fine,Null
1755129,5945276,21898,,505907,0,0,0,1,0,Null,2006/2007,LANGTON ROAD,VIPOND ROAD,,Non-Injury Crash,No,2006,0,East,0,0,1,Hill Road,0,,0,,0,Dark,173410,0,0,0,2,0,0,0,0,0,,0,0,Auckland Region,Nil,2-way,Sealed,0,0,0,0,50,0,On,0,0,,76,Auckland,Nil,0,0,0,0,0,0,Urban,0,0,0,Fine,Null
1569252,5177265,21899,,595000,0,0,0,2,0,East,2006/2007,Z CPK BARRINGTON MALL,BARRINGTON ST,,Minor Crash,No,2006,0,South,0,0,0,Flat,0,,1,,0,Overcast,2643200,1,0,0,0,0,0,0,0,1,1,1,0,Canterbury Region,Nil,Off road,Sealed,0,0,0,0,30,0,Null,0,0,,60,Christchurch City,Unknown,0,0,0,0,0,0,Urban,0,0,0,Fine,Null
1812578,5541848,21900,,561422,0,,0,1,,West,2006/2007,SH 3,STEWART ROAD,,Fatal Crash,Yes,2006,,East,,1,,Hill Road,,,,,,Bright sun,1788600,0,0,0,3,,,0,,,,,,Manawatū-Whanganui Region,Nil,2-way,Sealed,,0,0,,100,,Null,0,0,,39,Manawatu District,Nil,,,,,0,0,Open,1,,,Fine,Null
1884962,5773665,21901,,540420,0,,0,0,,West,2006/2007,SH 30A,TUTANEKAI ST,,Minor Crash,Yes,2006,,West,,0,,Flat,,Christmas New Year,,,,Bright sun,1236500,1,0,0,4,,,0,,,1,,,Bay of Plenty Region,Nil,2-way,Sealed,,0,0,,50,,Null,1,0,,24,Rotorua District,Traffic Signals,,,,,0,0,Urban,0,,,Fine,Null
1609516,5427682,21902,,581836,0,,0,1,,Null,2006/2007,SH 60,REDWOOD ROAD,,Minor Crash,Yes,2006,,East,,0,,Flat,,Christmas New Year,,,,Bright sun,2356402,2,0,0,2,,,0,,,,,,Tasman Region,Nil,2-way,Sealed,,0,0,,100,,Null,0,0,,51,Tasman District,Stop,,,,,0,0,Open,1,,,Fine,Null
1760549,5435237,21903,,568701,0,,0,0,,South,2005/2006,CAMBRIDGE TERRACE,GUTHRIE ST,,Fatal Crash,No,2006,,North,,1,,Flat,,,,,,Dark,1976500,0,0,0,2,,,0,,,1,,,Wellington Region,Nil,2-way,Sealed,,0,0,,50,,On,1,0,,46,Lower Hutt City,Nil,,,,,0,0,Urban,0,,,Mist or Fog,Null
1549078,5180797,21904,,587904,0,,0,2,,Null,2006/2007,SH 73,WEEDONS ROSS ROAD,,Minor Crash,Yes,2006,,West,,0,,Flat,,,,,,Bright sun,2493000,1,0,0,2,,,0,,,,,,Canterbury Region,Nil,2-way,Sealed,,0,0,,80,,Null,0,0,,62,Selwyn District,Stop,,,,,0,0,Open,0,,,Fine,Null
1795569,5694280,21905,,532902,0,0,0,1,0,North,2006/2007,GOLF ROAD,WARD ST,,Minor Crash,No,2006,0,North,0,0,1,Flat,0,,0,,0,Dark,1032202,1,0,0,2,0,0,0,1,0,,0,0,Manawatū-Whanganui Region,Nil,2-way,Sealed,0,0,0,0,50,0,On,0,0,,36,Ruapehu District,Nil,0,0,0,0,0,0,Urban,0,0,0,Fine,Null
1798307,5816294,21906,,528800,0,,0,2,,South,2005/2006,RIMU ST,FOREST LAKE ROAD,,Non-Injury Crash,No,2006,,South,,0,,Flat,,,,,,Overcast,903700,0,0,0,2,,,0,,,,,,Waikato Region,Nil,2-way,Sealed,,0,0,,50,,Null,0,0,,16,Hamilton City,Unknown,,,,,0,0,Urban,0,,,Fine,Null
1764280,5908999,21907,,521901,0,,0,4,,North,2006/2007,GREAT SOUTH ROAD,MANGERE ROAD,,Minor Crash,No,2006,,South,,0,,Flat,,,,,,Bright sun,785200,1,0,0,5,,,0,,,,,,Auckland Region,Nil,2-way,Sealed,,0,0,,50,,Off,0,0,,76,Auckland,Nil,,,,,0,0,Urban,0,,,Fine,Null
1836388,5519525,21908,,577900,0,,0,2,,South,2006/2007,MAKOMAKO ROAD,PAHIATUA MANGAHAO ROAD,,Serious Crash,No,2006,,South,,0,,Hill Road,,,,,,Overcast,2220100,1,0,0,2,,,0,,,,,,Manawatū-Whanganui Region,Nil,2-way,Sealed,,0,5,,100,,Null,0,0,,41,Tararua District,Nil,,,,,0,0,Open,0,,,Fine,Null
1771513,5895138,21909,,525530,0,,0,1,,South,2006/2007,SH 1N,BEACH OBR,,Minor Crash,Yes,2006,,South,,0,,Flat,,,,,,Bright sun,804901,1,0,0,2,,,0,,,,,,Auckland Region,Nil,1-way,Sealed,,0,0,,100,,Null,0,0,,76,Auckland,Nil,,,,,1,0,Open,0,,,Fine,Null
1768803,5905029,21910,,523722,0,0,0,1,0,East,2006/2007,ASPIRING AVENUE,HOLLYFORD DRIVE,,Minor Crash,No,2006,0,East,0,0,0,Flat,0,,0,,0,Dark,716013,1,0,0,2,0,0,0,0,1,,0,0,Auckland Region,Nil,2-way,Sealed,0,0,0,0,50,0,On,1,0,,76,Auckland,Nil,0,0,0,0,0,0,Urban,0,0,0,Fine,Null
1756949,5918796,21911,,515600,0,,0,3,,West,2005/2006,NEWTON ROAD,SYMONDS ST,,Minor Crash,No,2006,,East,,0,,Flat,,,,,,Overcast,420600,2,0,0,3,,,0,,,,,,Auckland Region,Nil,2-way,Sealed,,0,0,,50,,Off,0,0,,76,Auckland,Nil,,,,,0,0,Urban,0,,,Fine,Null
1751175,5927053,21912,,510010,0,0,0,1,0,South,2005/2006,HAYMAN PLACE,BEACH HAVEN ROAD,,Non-Injury Crash,No,2006,0,East,0,0,0,Flat,0,Easter,0,,0,Twilight,342900,0,0,0,2,0,0,0,0,1,,0,0,Auckland Region,Nil,2-way,Sealed,0,0,0,0,50,0,On,0,0,,76,Auckland,Nil,0,0,0,0,1,0,Urban,0,0,0,Fine,Null
1708897,5665119,21913,,552702,0,,0,2,,East,2006/2007,TARATA ROAD,DURHAM ROAD LOWER,,Minor Crash,No,2006,,West,,0,,Flat,,Christmas New Year,,,,Overcast,1607900,2,0,0,1,,,0,,,,,,Taranaki Region,Bridge,2-way,Sealed,,0,0,,100,,Null,0,0,,33,New Plymouth District,Give way,,,,,0,0,Open,0,,,Heavy rain,Null
1756092,5923569,21914,,509800,0,0,0,2,0,South,2006/2007,SH 1N,ONEWA OBR,,Non-Injury Crash,Yes,2006,0,South,0,0,0,Flat,1,,0,,0,Dark,359100,0,0,0,4,0,0,0,0,0,,0,0,Auckland Region,Nil,1-way,Sealed,0,0,0,0,100,0,On,0,0,,76,Auckland,Nil,0,0,0,0,0,0,Open,0,0,0,Fine,Null
1916540,5780620,21915,,542530,0,0,0,2,1,East,2005/2006,SH 30,MATAHI ROAD,,Serious Crash,Yes,2006,0,West,0,0,0,Hill Road,0,Queens Birthday,0,,0,Bright sun,1326001,2,0,0,2,0,0,0,0,0,,0,0,Bay of Plenty Region,Nil,2-way,Sealed,0,0,1,0,100,0,Null,0,0,,25,Whakatane District,Unknown,0,0,0,0,0,0,Open,0,0,0,Fine,Null
1745063,5917750,21916,,510700,0,0,0,1,0,Null,2005/2006,GREAT NORTH ROAD,SWANSON ROAD,,Non-Injury Crash,No,2006,0,East,0,0,0,Flat,0,,1,,0,Bright sun,239501,0,0,0,6,0,0,0,0,0,,0,1,Auckland Region,Nil,2-way,Sealed,0,0,0,0,50,0,Off,0,0,,76,Auckland,Traffic Signals,0,0,0,0,0,0,Urban,0,0,0,Fine,Null
1677819,6021118,21917,,504600,0,,0,1,,Null,2006/2007,SH 12,LOGAN ST,,Non-Injury Crash,Yes,2006,,North,,0,,Flat,,,,,,Bright sun,116900,0,0,0,2,,,0,,,,,,Northland Region,Nil,2-way,Sealed,,0,0,,50,,Off,0,0,,3,Kaipara District,Stop,,,,,0,0,Urban,1,,,Fine,Null
1747087,5922285,21918,,512201,0,,0,0,,Null,2006/2007,TE ATATU ROAD,WAIPANI ROAD,,Minor Crash,No,2006,,South,,0,,Flat,,,,,,Overcast,247400,1,0,1,2,,,0,,,,,,Auckland Region,Nil,2-way,Sealed,,0,0,,50,,Off,0,0,,76,Auckland,Stop,,,,,0,0,Urban,1,,,Light rain,Null
1757935,5920784,21919,,514101,0,,0,2,,Null,2005/2006,BEACH ROAD,ANZAC AVENUE,,Minor Crash,No,2006,,West,,0,,Flat,,,,,,Bright sun,438212,1,0,0,6,,,0,,,,,,Auckland Region,Nil,2-way,Sealed,,0,0,,50,,Off,0,0,,76,Auckland,Traffic Signals,,,,,0,0,Urban,0,,,Fine,Null
1768549,5898890,21920,,525102,0,,0,1,,Null,2006/2007,WATTLE FARM ROAD,RANGER PLACE,,Minor Crash,No,2006,,West,,0,,Hill Road,,,,,,Overcast,769800,1,0,0,2,,,0,,,1,,,Auckland Region,Nil,2-way,Sealed,,0,0,,50,,Off,0,0,,76,Auckland,Nil,,,,,0,0,Urban,0,,,Fine,Null