X,Y,OBJECTID,advisorySpeed,areaUnitID,bicycle,bridge,bus,carStationWagon,cliffBank,crashDirectionDescription,crashFinancialYear,crashLocation1,crashLocation2,crashRoadSideRoad,crashSeverity,crashSHDescription,crashYear,debris,directionRoleDescription,ditch,fatalCount,fence,flatHill,guardRail,holiday,houseOrBuilding,intersection,kerb,light,meshblockId,minorInjuryCount,moped,motorcycle,NumberOfLanes,objectThrownOrDropped,otherObject,otherVehicleType,overBank,parkedVehicle,pedestrian,phoneBoxEtc,postOrPole,region,roadCharacter,roadLane,roadSurface,roadworks,schoolBus,seriousInjuryCount,slipOrFlood,speedLimit,strayAnimal,streetLight,suv,taxi,temporarySpeedLimit,tlaId,tlaName,trafficControl,trafficIsland,trafficSign,train,tree,truck,unknownVehicleType,urban,vanOrUtility,vehicle,waterRiver,weatherA,weatherB
1640555,6107121,21921,,500202,0,0,0,1,0,South,2006/2007,SH 1N,KITCHEN ROAD,,Serious Crash,Yes,2006,0,North,0,0,0,Hill Road,0,,0,,0,Dark,6900,1,0,0,2,0,0,0,0,0,,0,0,Northland Region,Nil,2-way,Sealed,0,0,1,0,100,0,None,0,0,,1,Far North District,Nil,0,0,0,1,0,0,Open,0,0,0,Fine,Null
1408727,4913880,21922,,604612,0,,0,0,,North,2006/2007,TOMAHAWK ROAD,TAHUNA ROAD,,Serious Crash,No,2006,,North,,0,,Hill Road,,Christmas New Year,,,,Dark,2936000,1,0,2,2,,,0,,,,,,Otago Region,Nil,2-way,Sealed,,0,2,,50,,On,0,0,,71,Dunedin City,Unknown,,,,,0,0,Urban,0,,,Light rain,Null
1754782,5930299,21923,,508420,1,,1,0,,South,2005/2006,TOTARAVALE DRIVE,TRIAS ROAD,,Minor Crash,No,2006,,North,,0,,Hill Road,,,,,,Overcast,182100,1,0,0,2,,,0,,,,,,Auckland Region,Nil,2-way,Sealed,,0,0,,50,,Null,0,0,,76,Auckland,Unknown,,,,,0,0,Urban,0,,,Fine,Null
1564500,5183640,21924,,588800,0,,0,2,,North,2005/2006,ROYDVALE AVENUE,MEMORIAL AVENUE,,Minor Crash,No,2006,,South,,0,,Flat,,,,,,Dark,2520703,2,0,0,2,,,0,,,,,,Canterbury Region,Nil,2-way,Sealed,,0,0,,50,,On,0,0,,60,Christchurch City,Nil,,,,,0,0,Urban,0,,,Light rain,Null
1704729,6015138,21925,,505010,0,0,0,0,1,North,2006/2007,ARARUA ROAD,LINDQUIST ROAD,,Non-Injury Crash,No,2006,0,North,0,0,0,Hill Road,0,,0,,0,Bright sun,128400,0,0,0,2,0,0,0,0,0,,0,0,Northland Region,Nil,2-way,Unsealed,0,0,0,0,100,0,None,0,0,,3,Kaipara District,Nil,0,0,0,0,1,0,Open,0,0,0,Fine,Null
1459093,5075365,21926,,598313,0,0,0,1,0,North,2005/2006,SH 1S,PIG HUNTING CRK BR,,Minor Crash,Yes,2006,0,North,0,0,0,Hill Road,0,Easter,0,,0,Bright sun,2777300,1,0,0,2,0,0,0,0,0,,0,0,Canterbury Region,Nil,2-way,Sealed,0,0,0,0,100,0,Null,0,0,,64,Timaru District,Unknown,0,1,0,0,0,0,Open,0,0,0,Fine,Null
1794927,5820625,21927,,528405,0,0,0,2,0,East,2006/2007,TE KOWHAI ROAD,ERROL CLOSE,,Non-Injury Crash,No,2006,0,East,0,0,1,Flat,0,Labour Weekend,0,,0,Overcast,976801,0,0,0,2,0,0,0,0,0,,0,0,Waikato Region,Nil,2-way,Sealed,0,0,0,0,100,0,Null,0,0,,16,Hamilton City,Unknown,0,0,0,0,0,0,Open,0,0,0,Light rain,Null
1762777,5912086,21928,,519500,0,,0,1,,Null,2005/2006,SOUTHDOWN LANE,INDUSTRY ROAD,,Minor Crash,No,2006,,West,,0,,Flat,,,,,,Overcast,622700,1,0,0,2,,,0,,,,,,Auckland Region,Nil,2-way,Sealed,,0,0,,50,,Off,1,0,,76,Auckland,Nil,,,,,0,0,Urban,0,,,Light rain,Null
1786123,5853272,21929,,526702,0,0,0,0,0,East,2006/2007,GLEN MURRAY ROAD,ROTONGARO ROAD,,Serious Crash,No,2006,0,West,1,0,1,Flat,0,,0,,0,Dark,847300,0,0,1,2,0,0,0,0,0,,0,0,Waikato Region,Nil,2-way,Sealed,0,0,2,0,100,0,None,0,0,,13,Waikato District,Unknown,0,0,0,0,0,0,Open,0,0,0,Fine,Null
1568391,5184125,21930,,591900,1,,0,1,,South,2006/2007,MAIN NORTH ROAD,LANGDONS ROAD,,Minor Crash,No,2006,,North,,0,,Flat,,,,,,Bright sun,2663800,1,0,0,2,,,0,,,,,,Canterbury Region,Nil,2-way,Sealed,,0,0,,50,,Null,0,0,,60,Christchurch City,Nil,,,,,0,0,Urban,0,,,Fine,Null
1755318,5931798,21931,,508520,0,,0,1,,West,2005/2006,SUNSET ROAD,EAST COAST ROAD,,Minor Crash,No,2006,,East,,0,,Flat,,,,,,Bright sun,151603,1,0,0,3,,,0,,,1,,,Auckland Region,Nil,2-way,Sealed,,0,0,,50,,Off,0,0,,76,Auckland,Nil,,,,,0,0,Urban,0,,,Fine,Null
1756141,5920969,21932,,515202,0,,0,4,,North,2005/2006,SH 1N,FANSHAWE OBR,,Minor Crash,Yes,2006,,North,,0,,Flat,,,,,,Twilight,425600,1,0,0,4,,,0,,,,,,Auckland Region,Nil,1-way,Sealed,,0,0,,100,,Off,0,0,,76,Auckland,Nil,,,,,0,0,Open,0,,,Fine,Null
1752410,5917922,21933,,515003,0,,0,2,,South,2005/2006,CARRINGTON ROAD,SUTHERLAND ROAD,,Minor Crash,No,2006,,South,,0,,Flat,,,,,,Bright sun,391602,1,0,0,2,,,0,,,,,,Auckland Region,Nil,2-way,Sealed,,0,0,,50,,Off,0,0,,76,Auckland,Nil,,,,,0,0,Urban,0,,,Fine,Null
1747754,5935580,21934,55,506653,0,0,0,1,1,West,2006/2007,COATESVILLE-RIVERHEAD HIG,OBRIEN ROAD,,Minor Crash,No,2006,0,West,0,0,0,Flat,0,,0,,0,Overcast,217500,1,0,0,2,0,0,0,0,0,,0,0,Auckland Region,Nil,2-way,Sealed,0,0,0,0,80,0,None,0,0,,76,Auckland,Nil,0,1,0,0,0,0,Open,0,0,0,Light rain,Null
1795816,5821165,21935,,528403,0,0,0,1,0,South,2006/2007,TE RAPA ROAD,KAPUNI ST,,Serious Crash,No,2006,0,South,1,0,0,Flat,0,,0,,0,Overcast,977301,0,0,0,2,0,0,0,0,0,,0,1,Waikato Region,Nil,2-way,Sealed,0,0,1,0,80,0,Off,0,0,,16,Hamilton City,Nil,0,0,0,0,0,0,Open,0,0,0,Fine,Null
1807867,5512327,21936,,564021,0,,0,3,,Null,2006/2007,SH 57,SH 56,,Minor Crash,Yes,2006,,North,,0,,Flat,,,,,,Overcast,1853800,1,0,0,2,,,0,,,,,,Manawatū-Whanganui Region,Nil,2-way,Sealed,,0,0,,100,,Null,0,0,,42,Horowhenua District,Stop,,,,,0,0,Open,0,,,Heavy rain,Strong wind
1744216,5921922,21937,,513512,1,,0,1,,Null,2005/2006,TRIANGLE ROAD,MAKORA ROAD,,Minor Crash,No,2006,,East,,0,,Hill Road,,,,,,Bright sun,225702,2,0,0,2,,,0,,,,,,Auckland Region,Nil,2-way,Sealed,,0,0,,50,,Off,0,0,,76,Auckland,Give way,,,,,0,0,Urban,0,,,Fine,Null
1759005,5912416,21938,,519820,0,0,0,1,0,South,2006/2007,ONEHUNGA MALL,ARTHUR ST,,Non-Injury Crash,No,2006,0,North,0,0,0,Flat,0,,0,,0,Dark,601000,0,0,0,2,0,0,0,0,0,,0,1,Auckland Region,Nil,2-way,Sealed,0,0,0,0,50,0,On,0,0,30,76,Auckland,Give way,0,0,0,0,0,0,Urban,0,0,0,Fine,Null
1935230,5621345,21939,,546801,0,,0,2,,East,2005/2006,SIMLA TERRACE,HAVELOCK ROAD,,Non-Injury Crash,No,2006,,East,,0,,Hill Road,,,,,,Bright sun,1425600,0,0,0,2,,,0,,,,,,Hawke's Bay Region,Nil,2-way,Sealed,,0,0,,50,,Null,0,0,,31,Napier City,Nil,,,,,0,0,Urban,0,,,Fine,Null
1766678,5912895,21940,,522920,0,,0,2,,South,2005/2006,TI RAKAU DRIVE,PAKURANGA HIGHWAY,,Non-Injury Crash,No,2006,,North,,0,,Flat,,,,,,Twilight,683800,0,0,0,4,,,0,,,,,,Auckland Region,Nil,2-way,Sealed,,0,0,,60,,On,0,0,,76,Auckland,Nil,,,,,0,0,Urban,0,,,Fine,Null
1799041,5814529,21941,,528900,0,,0,2,,Null,2006/2007,SH 1N,KILLARNEY ROAD,,Minor Crash,Yes,2006,,North,,0,,Flat,,,,,,Twilight,915900,1,0,0,4,,,0,,,,,,Waikato Region,Nil,2-way,Sealed,,0,0,,60,,On,0,0,,16,Hamilton City,Give way,,,,,0,0,Urban,0,,,Light rain,Null
1755802,5918030,21942,,517500,0,,0,2,,East,2005/2006,NEW NORTH ROAD,STORMONT PLACE,,Non-Injury Crash,No,2006,,West,,0,,Flat,,,,,,Overcast,530900,0,0,0,4,,,0,,,,,,Auckland Region,Nil,2-way,Sealed,,0,0,,50,,Off,0,0,,76,Auckland,Nil,,,,,0,0,Urban,0,,,Light rain,Null
1194780,4859035,21943,35,612730,0,,0,1,,South,2005/2006,FRENTZ ROAD,SH 99,,Minor Crash,No,2006,,North,,0,,Flat,,,,,,Overcast,3189300,2,0,0,2,,,0,,,,,,Southland Region,Nil,2-way,Sealed,,0,0,,100,,Null,0,0,,73,Southland District,Unknown,,,,,0,0,Open,1,,,Heavy rain,Null
1752678,5954712,21944,45,506613,0,0,0,1,0,North,2006/2007,HIBISCUS COAST HIGHWAY,WAIWERA ROAD,,Minor Crash,No,2006,0,North,0,0,0,Hill Road,1,,0,,0,Dark,147000,2,0,0,2,0,0,0,0,0,,0,0,Auckland Region,Nil,2-way,Sealed,0,0,0,0,80,0,None,0,0,,76,Auckland,Nil,0,0,0,0,0,0,Open,0,0,0,Light rain,Null
1894303,5812141,21945,,536653,0,,0,3,,West,2006/2007,TE PUKE HIGHWAY,TE MATAI ROAD,,Minor Crash,No,2006,,West,,0,,Hill Road,,,,,,Overcast,1210000,1,0,0,2,,,0,,,,,,Bay of Plenty Region,Nil,2-way,Sealed,,0,0,,100,,Null,0,0,,22,Western Bay of Plenty District,Unknown,,,,,0,0,Open,0,,,Fine,Null
1571758,5179802,21946,,591500,0,,0,2,,Null,2006/2007,LICHFIELD ST,FITZGERALD AVENUE,,Minor Crash,No,2006,,East,,0,,Flat,,,,,,Bright sun,2650300,1,0,0,4,,,0,,,,,,Canterbury Region,Nil,2-way,Sealed,,0,0,,50,,Null,0,0,,60,Christchurch City,Traffic Signals,,,,,0,0,Urban,0,,,Fine,Null
1763165,5430998,21947,,564900,0,0,0,1,0,Null,2005/2006,PARKWAY,FITZHERBERTS ROAD,,Non-Injury Crash,No,2006,0,North,0,0,0,Flat,0,,0,,0,Overcast,2016100,0,0,0,2,0,0,0,0,0,,0,1,Wellington Region,Nil,2-way,Sealed,0,0,0,0,50,0,Null,0,0,,46,Lower Hutt City,Give way,0,0,0,0,0,0,Urban,0,0,0,Heavy rain,Null
1758873,5919393,21948,,515902,0,,0,1,,North,2006/2007,PARNELL ROAD,ST GEORGES BAY ROAD,,Non-Injury Crash,No,2006,,North,,0,,Hill Road,,,,,,Bright sun,451500,0,0,1,2,,,0,,,,,,Auckland Region,Nil,2-way,Sealed,,0,0,,50,,Off,0,0,,76,Auckland,Nil,,,,,0,0,Urban,0,,,Fine,Null
1269446,4908472,21949,,609500,0,0,0,1,0,West,2005/2006,BERWICK ST,WARWICK ST,,Serious Crash,No,2006,0,North,0,0,0,Flat,0,,0,,0,Twilight,3049900,1,0,0,2,0,0,0,0,0,,0,1,Southland Region,Nil,2-way,Sealed,0,0,1,0,50,0,On,0,0,,73,Southland District,Unknown,0,1,0,0,0,0,Urban,0,0,0,Fine,Null
1712951,6042954,21950,,501810,0,,0,1,,West,2005/2006,CEMETERY ROAD,SH 14,,Non-Injury Crash,No,2006,,East,,0,,Hill Road,,,,,,Overcast,70904,0,0,0,2,,,0,,,,,,Northland Region,Nil,2-way,Sealed,,0,0,,100,,None,0,0,,2,Whangarei District,Nil,,,,,0,0,Open,1,,,Fine,Null
1817469,5527105,21951,,562921,0,0,0,2,0,Null,2005/2006,SH 56,LONGBURN RONGOTEA ROAD,,Minor Crash,Yes,2006,0,West,0,0,0,Flat,0,,0,,0,Overcast,1793900,4,0,0,2,0,0,0,0,0,,0,1,Manawatū-Whanganui Region,Nil,2-way,Sealed,0,0,0,0,100,0,Null,0,0,,40,Palmerston North City,Give way,0,0,0,0,0,0,Open,0,0,0,Light rain,Null
1775571,5446521,21952,,566800,0,,0,1,,West,2006/2007,SH 2,FERGUSSON DRIVE,,Minor Crash,Yes,2006,,West,,0,,Flat,,,,,,Overcast,1910400,3,0,0,2,,,0,,,,,,Wellington Region,Nil,2-way,Sealed,,0,0,,100,,Null,0,0,,45,Upper Hutt City,Nil,,,,,0,0,Open,2,,,Light rain,Null
1798460,5813542,21953,,528900,0,,0,2,,Null,2006/2007,KAHIKATEA DRIVE,HIGGINS ROAD,,Minor Crash,No,2006,,North,,0,,Flat,,,,,,Overcast,916401,1,0,0,2,,,0,,,,,,Waikato Region,Nil,2-way,Sealed,,0,0,,50,,Null,0,0,,16,Hamilton City,Give way,,,,,0,0,Urban,0,,,Light rain,Null
1736153,5932719,21954,,506653,0,0,0,1,0,West,2005/2006,OLD NORTH ROAD,ARARIMU VALLEY ROAD,,Non-Injury Crash,No,2006,0,West,0,0,0,Hill Road,0,,0,,0,Dark,217602,0,0,0,2,0,0,0,0,0,,0,1,Auckland Region,Nil,2-way,Sealed,0,0,0,0,100,0,None,0,0,,76,Auckland,Nil,0,0,0,0,0,0,Open,0,0,0,Fine,Null
1849763,5854936,21955,,534200,0,,0,0,,Null,2005/2006,OLD TAURANGA ROAD,WAITAWHETA ROAD,,Minor Crash,No,2006,,North,,0,,Flat,,,,,,Bright sun,1084200,2,0,0,2,,,0,,,,,,Waikato Region,Nil,2-way,Sealed,,0,0,,100,,Null,1,0,,12,Hauraki District,Give way,,,,,0,0,Open,1,,,Fine,Null
1694574,5674168,21956,,552200,0,,0,1,,North,2006/2007,SH 3,JUNCTION ST,,Minor Crash,Yes,2006,,South,,0,,Hill Road,,,,,,Dark,1601900,1,0,0,2,,,0,,,1,,,Taranaki Region,Nil,2-way,Sealed,,0,0,,100,,None,0,0,,33,New Plymouth District,Nil,,,,,0,0,Open,0,,,Fine,Null
1752695,5918093,21957,,515002,0,,0,1,,East,2006/2007,SH 16,CARRINGTON OBR,,Minor Crash,Yes,2006,,East,,0,,Hill Road,,,,,,Twilight,390501,1,0,0,3,,,0,,,,,,Auckland Region,Nil,1-way,Sealed,,0,0,,100,,On,1,0,,76,Auckland,Nil,,,,,0,0,Open,1,,,Fine,Null
1919972,5644786,21958,,545811,0,,0,2,,North,2006/2007,SH 5,MCALLISTER ENT,,Fatal Crash,Yes,2006,,South,,3,,Hill Road,,,,,,Overcast,1414700,1,0,0,2,,,0,,,,,,Hawke's Bay Region,Nil,2-way,Sealed,,0,3,,100,,Null,0,0,,30,Hastings District,Nil,,,,,0,0,Open,0,,,Light rain,Null
1838755,5659655,21959,45,541501,0,0,0,1,1,East,2005/2006,SH 1N,OTURERE BR,,Non-Injury Crash,Yes,2006,0,North,0,0,0,Hill Road,0,,0,,0,Overcast,1288900,0,0,0,2,0,0,0,0,0,,0,0,Waikato Region,Nil,2-way,Sealed,0,0,0,0,100,0,Null,0,0,,21,Taupo District,Unknown,0,0,0,0,0,0,Open,0,0,0,Heavy rain,Null
1888908,5774179,21960,,538742,0,,0,2,,West,2006/2007,SH 30,OWHATA ROAD,,Non-Injury Crash,Yes,2006,,North,,0,,Flat,,,,,,Overcast,1254700,0,0,0,2,,,0,,,,,,Bay of Plenty Region,Nil,2-way,Sealed,,0,0,,60,,Off,0,0,,24,Rotorua District,Nil,,,,,0,0,Urban,1,,,Fine,Null
1765836,5913404,21961,,522920,0,,0,2,,West,2005/2006,PAKURANGA ROAD,MILLEN AVENUE,,Non-Injury Crash,No,2006,,West,,0,,Flat,,,,,,Bright sun,683000,0,0,0,4,,,0,,,,,,Auckland Region,Nil,2-way,Sealed,,0,0,,60,,Off,0,0,,76,Auckland,Nil,,,,,1,0,Urban,0,,,Fine,Null
1822335,5845273,21962,,534603,0,0,0,0,0,Null,2006/2007,PAEROA TAHUNA ROAD,NO 8 ROAD,,Serious Crash,No,2006,0,East,1,0,0,Flat,0,,0,,0,Overcast,1094400,0,0,0,2,0,0,0,0,0,,0,0,Waikato Region,Nil,2-way,Sealed,0,0,1,0,100,0,Null,1,0,,15,Matamata-Piako District,Give way,0,0,0,0,1,0,Open,0,0,0,Light rain,Null
1735403,6041217,21963,,501819,0,0,0,1,1,West,2005/2006,PATAUA SOUTH ROAD,KERR ROAD,,Minor Crash,No,2006,0,West,0,0,0,Hill Road,0,,0,,0,Overcast,74101,1,0,0,2,0,0,0,0,0,,0,0,Northland Region,Nil,2-way,Sealed,0,0,0,0,100,0,None,0,0,,2,Whangarei District,Nil,0,0,0,0,0,0,Open,0,0,0,Fine,Null
1681112,5385906,21964,,580801,0,0,0,1,1,West,2006/2007,AWATERE VALLEY ROAD,TAYLOR PASS ROAD,,Minor Crash,No,2006,0,East,0,0,0,Hill Road,0,,0,,0,Twilight,2307400,1,0,0,2,0,0,0,0,0,,0,0,Marlborough Region,Nil,2-way,Sealed,0,0,0,0,100,0,None,0,0,,53,Marlborough District,Nil,0,0,0,0,0,0,Open,0,0,0,Fine,Null
1745130,5918319,21965,,513302,0,,0,1,,Null,2006/2007,LINCOLN ROAD,NORVAL ROAD,,Minor Crash,No,2006,,North,,0,,Flat,,,,,,Dark,231001,1,0,0,4,,,0,,,,,,Auckland Region,Nil,2-way,Sealed,,0,0,,50,,On,0,0,,76,Auckland,Traffic Signals,,,,,0,0,Urban,1,,,Fine,Null
1752334,5434544,21966,,573903,0,0,0,1,0,South,2006/2007,ALWYN PLACE,INNES WAY,,Minor Crash,No,2006,0,North,0,0,0,Hill Road,0,,0,,0,Overcast,2074500,1,0,0,2,0,0,0,0,0,,0,0,Wellington Region,Nil,2-way,Sealed,0,0,0,0,50,0,Null,0,0,,47,Wellington City,Nil,0,0,0,1,0,0,Urban,0,0,0,Light rain,Null
1767861,5903515,21967,,524602,0,0,0,2,0,North,2006/2007,GREAT SOUTH ROAD,PACIFIC EVENTS CENTRE DRI,,Minor Crash,No,2006,0,South,0,0,0,Flat,0,Christmas New Year,0,,0,Bright sun,780506,1,0,0,4,0,0,0,0,0,,0,1,Auckland Region,Nil,2-way,Sealed,0,0,0,0,70,0,Off,0,0,,76,Auckland,Nil,0,0,0,0,0,0,Urban,0,0,0,Fine,Null
1896858,5812250,21968,,536653,0,0,0,1,0,East,2006/2007,TE PUKE HIGHWAY,PAH ROAD,,Non-Injury Crash,No,2006,0,East,0,0,0,Flat,0,Labour Weekend,0,,0,Dark,1210300,0,0,0,2,0,0,0,0,0,,0,0,Bay of Plenty Region,Nil,2-way,Sealed,0,0,0,0,100,0,None,0,0,,22,Western Bay of Plenty District,Unknown,0,0,0,0,0,0,Open,0,0,0,Fine,Null
1757873,5918740,21969,,517400,0,,0,2,,Null,2005/2006,PARK ROAD,CARLTON GORE ROAD,,Non-Injury Crash,No,2006,,North,,0,,Flat,,,,,,Bright sun,450000,0,0,0,4,,,0,,,,,,Auckland Region,Nil,2-way,Sealed,,0,0,,50,,Off,0,0,,76,Auckland,Traffic Signals,,,,,0,0,Urban,0,,,Fine,Null
1406785,4915176,21970,,602800,1,0,0,0,0,North,2005/2006,PORTSMOUTH DRIVE,MIDLAND ST,,Minor Crash,No,2006,0,North,0,0,0,Flat,0,,0,,0,Overcast,2895200,1,0,0,4,0,0,0,0,0,,0,0,Otago Region,Nil,2-way,Sealed,0,0,0,0,70,0,Null,0,0,,71,Dunedin City,Unknown,0,0,0,1,1,0,Urban,0,0,0,Fine,Null
1925587,5603148,21971,,545852,0,0,0,1,0,Null,2005/2006,SH 50A,LONGLANDS ROAD WEST,,Minor Crash,Yes,2006,0,West,1,0,0,Flat,0,,0,,0,Dark,1469600,1,0,0,2,0,0,0,0,0,,0,0,Hawke's Bay Region,Nil,2-way,Sealed,0,0,0,0,50,0,On,0,0,,30,Hastings District,Give way,0,0,0,0,0,0,Urban,0,0,0,Fine,Null
1707767,5683412,21972,,551302,0,,0,1,,West,2005/2006,KING ST,CAREY ST,,Minor Crash,No,2006,,North,,0,,Flat,,,,,,Dark,1549501,4,0,0,1,,,0,,,,,,Taranaki Region,Nil,2-way,Sealed,,0,0,,50,,On,0,0,,33,New Plymouth District,Nil,,,,,0,0,Urban,1,,,Fine,Null
1792882,5835297,21973,65,527112,0,,0,2,,North,2006/2007,SH 1N GREAT SOUTH,GORDONTON ROAD,,Serious Crash,Yes,2006,,North,,0,,Flat,,,,,,Twilight,951500,4,0,0,2,,,0,,,,,,Waikato Region,Bridge,2-way,Sealed,,0,1,,100,,On,0,0,,13,Waikato District,Unknown,,,,,0,0,Open,0,,,Heavy rain,Null
1746005,5428747,21974,,574800,0,0,0,2,0,Null,2005/2006,HATTON ST,HAURAKI ST,,Minor Crash,No,2006,0,South,0,0,0,Hill Road,0,,0,,0,Dark,2106900,2,0,0,2,0,0,0,0,1,,0,0,Wellington Region,Nil,2-way,Sealed,0,0,0,0,50,0,On,0,0,,47,Wellington City,Nil,0,0,0,0,0,0,Urban,0,0,0,Light rain,Null
1788943,5838926,21975,,527401,0,0,0,1,0,East,2006/2007,ROTOWARO ROAD,HILLSIDE HEIGHTS ROAD,,Non-Injury Crash,No,2006,0,East,0,0,1,Flat,0,,0,,0,Twilight,852002,0,0,0,2,0,0,0,0,0,,0,0,Waikato Region,Nil,2-way,Sealed,0,0,0,0,50,0,None,0,0,,13,Waikato District,Unknown,0,0,0,0,0,0,Urban,0,0,0,Fine,Null
1744900,5919231,21976,,513301,0,,0,2,,East,2005/2006,POMARIA ROAD,KINGDALE ROAD,,Non-Injury Crash,No,2006,,West,,0,,Flat,,,,,,Dark,232101,0,0,0,2,,,0,,,,,,Auckland Region,Nil,2-way,Sealed,,0,0,,50,,On,0,0,,76,Auckland,Nil,,,,,0,0,Urban,0,,,Fine,Null
1743489,5919589,21977,,513212,0,,0,2,,Null,2005/2006,DON BUCK ROAD,GLEN ROAD,,Non-Injury Crash,No,2006,,West,,0,,Flat,,,,,,Twilight,235400,0,0,0,2,,,0,,,,,,Auckland Region,Nil,2-way,Sealed,,0,0,,50,,Off,0,0,,76,Auckland,Give way,,,,,0,0,Urban,0,,,Light rain,Null
1796766,5819888,21978,,528403,0,,0,3,,West,2006/2007,TE RAPA ROAD,WAIRERE DRIVE,,Non-Injury Crash,No,2006,,North,,0,,Hill Road,,,,,,Overcast,907500,0,0,0,2,,,0,,,,,,Waikato Region,Nil,2-way,Sealed,,0,0,,80,,Null,0,0,,16,Hamilton City,Unknown,,,,,0,0,Open,1,,,Fine,Null
1766294,5438582,21979,,568103,0,,0,1,,Null,2005/2006,KAMAHI ST,STOKES VALLEY ROAD,,Minor Crash,No,2006,,West,,0,,Flat,,,,,,Bright sun,1934300,1,0,0,2,,,0,,,1,,,Wellington Region,Nil,2-way,Sealed,,0,0,,50,,Null,0,0,,46,Lower Hutt City,Give way,,,,,0,0,Urban,0,,,Fine,Null
1792992,5835013,21980,,527112,0,,0,1,,Null,2006/2007,SH 1N GREAT SOUTH,GORDONTON ROAD,,Minor Crash,Yes,2006,,South,,0,,Flat,,,,,,Bright sun,951500,1,0,0,2,,,0,,,,,,Waikato Region,Nil,2-way,Sealed,,0,0,,70,,Null,1,0,,13,Waikato District,Stop,,,,,0,0,Urban,0,,,Fine,Null
1461157,5082048,21981,,599700,0,,0,2,,Null,2006/2007,STAFFORD ST,HEATON ST,,Minor Crash,No,2006,,North,,0,,Flat,,,,,,Overcast,2799300,1,0,0,2,,,0,,,,,,Canterbury Region,Nil,2-way,Sealed,,0,0,,50,,Null,0,0,,64,Timaru District,Stop,,,,,0,0,Urban,0,,,Fine,Null
1756124,5924017,21982,,509800,0,,0,2,,North,2006/2007,SH 1N,STAFFORD OFF NBD,,Minor Crash,Yes,2006,,North,,0,,Flat,,,,,,Bright sun,361100,2,0,0,4,,,0,,,,,,Auckland Region,Nil,1-way,Sealed,,0,0,,80,,Off,0,0,,76,Auckland,Nil,,,,,0,0,Open,0,,,Fine,Null
1886434,5824630,21983,,536832,1,,0,1,,West,2006/2007,MARANUI ST,SANDHURST DRIVE,,Serious Crash,No,2006,,North,,0,,Flat,,,,,,Dark,1204921,0,0,0,2,,,0,,,,,,Bay of Plenty Region,Nil,2-way,Sealed,,0,1,,50,,On,0,0,,23,Tauranga City,Unknown,,,,,0,0,Urban,0,,,Fine,Null
1742502,5925324,21984,,513410,0,0,0,1,0,South,2006/2007,FRED TAYLOR DRIVE,SH 16,,Minor Crash,No,2006,0,North,0,0,0,Flat,0,,0,,0,Dark,223100,1,0,0,2,0,0,0,0,0,,0,1,Auckland Region,Nil,2-way,Sealed,0,0,0,0,80,0,On,0,0,,76,Auckland,Nil,0,0,0,0,0,0,Open,0,0,0,Fine,Null
1801264,5817007,21985,,529800,0,0,0,1,0,West,2006/2007,ALFRED ST,WALTER ST,,Minor Crash,No,2006,0,West,0,0,0,Flat,0,,0,,0,Overcast,871100,1,0,0,2,0,1,0,0,0,,0,1,Waikato Region,Nil,2-way,Sealed,0,0,0,0,50,0,Off,0,0,,16,Hamilton City,Nil,0,0,0,0,0,0,Urban,0,0,0,Fine,Null
1256577,5003619,21986,,609023,0,0,0,1,0,West,2006/2007,FERNHILL ROAD,SAINSBURY ROAD,,Minor Crash,No,2006,0,East,0,0,0,Hill Road,1,,0,,0,Bright sun,3039534,4,0,0,2,0,0,0,0,0,,0,0,Otago Region,Nil,2-way,Sealed,0,0,0,0,50,0,Null,0,0,,70,Queenstown-Lakes District,Unknown,0,0,0,0,0,0,Urban,1,0,0,Fine,Frost
1879289,5824861,21987,,538201,0,0,0,2,0,East,2006/2007,MCLEAN ST,CAMERON ROAD,,Non-Injury Crash,No,2006,0,South,0,0,0,Flat,0,,0,,0,Bright sun,1163300,0,0,0,2,0,0,0,0,1,,0,0,Bay of Plenty Region,Nil,2-way,Sealed,0,0,0,0,50,0,Off,0,0,,23,Tauranga City,Nil,0,0,0,0,0,0,Urban,0,0,0,Fine,Null
1768956,5911193,21988,,523112,0,,0,1,,Null,2005/2006,CRYERS ROAD,HARRIS ROAD,,Minor Crash,No,2006,,South,,0,,Flat,,,,,,Bright sun,711404,1,0,0,2,,,0,,,1,,,Auckland Region,Nil,2-way,Sealed,,0,0,,60,,Null,0,0,,76,Auckland,Give way,,,,,0,0,Urban,0,,,Fine,Null
1799201,5575268,21989,,559220,0,0,0,0,0,North,2005/2006,TURAKINA VALLEY ROAD,TAURIMU ROAD,,Minor Crash,No,2006,0,North,0,0,1,Hill Road,0,,0,,0,Bright sun,1728201,1,0,0,1,0,0,0,0,0,,0,0,Manawatū-Whanganui Region,Nil,2-way,Unsealed,0,0,0,0,100,0,Null,0,0,,38,Rangitikei District,Nil,0,0,0,0,1,0,Open,0,0,0,Fine,Null