X,Y,OBJECTID,advisorySpeed,areaUnitID,bicycle,bridge,bus,carStationWagon,cliffBank,crashDirectionDescription,crashFinancialYear,crashLocation1,crashLocation2,crashRoadSideRoad,crashSeverity,crashSHDescription,crashYear,debris,directionRoleDescription,ditch,fatalCount,fence,flatHill,guardRail,holiday,houseOrBuilding,intersection,kerb,light,meshblockId,minorInjuryCount,moped,motorcycle,NumberOfLanes,objectThrownOrDropped,otherObject,otherVehicleType,overBank,parkedVehicle,pedestrian,phoneBoxEtc,postOrPole,region,roadCharacter,roadLane,roadSurface,roadworks,schoolBus,seriousInjuryCount,slipOrFlood,speedLimit,strayAnimal,streetLight,suv,taxi,temporarySpeedLimit,tlaId,tlaName,trafficControl,trafficIsland,trafficSign,train,tree,truck,unknownVehicleType,urban,vanOrUtility,vehicle,waterRiver,weatherA,weatherB
1766741,5917169,21990,,517002,0,0,0,2,0,North,2005/2006,FENCHURCH ST,TANIWHA ST,,Non-Injury Crash,No,2006,0,East,0,0,0,Flat,0,,0,,0,Bright sun,473000,0,0,0,2,0,0,0,0,1,,0,0,Auckland Region,Nil,2-way,Sealed,0,0,0,0,50,0,Off,0,0,,76,Auckland,Nil,0,0,0,0,0,0,Urban,0,0,0,Fine,Null
1803404,5798864,21991,,527932,0,0,0,1,0,North,2006/2007,SH 3,SOWERBY ROAD,,Minor Crash,Yes,2006,0,North,0,0,1,Hill Road,0,,0,,0,Bright sun,985603,1,0,0,4,0,0,0,0,0,,0,0,Waikato Region,Nil,2-way,Sealed,0,0,0,0,100,0,Null,0,0,,17,Waipa District,Unknown,0,0,0,0,0,0,Open,0,0,0,Fine,Null
1930910,5616872,21992,,547200,0,,0,1,,North,2006/2007,LEE ROAD,GLOUCESTER ST,,Minor Crash,No,2006,,North,,0,,Flat,,,,,,Bright sun,1459400,1,0,0,2,,,0,,,1,,,Hawke's Bay Region,Nil,2-way,Sealed,,0,0,,50,,Null,0,0,,31,Napier City,Nil,,,,,0,0,Urban,0,,,Fine,Null
1766895,5913361,21993,,522910,0,0,0,1,1,West,2006/2007,PAKURANGA ROAD,WILLIAM ROBERTS ROAD,,Minor Crash,No,2006,0,East,0,0,0,Flat,0,,0,,1,Dark,684000,1,0,0,6,0,0,0,0,0,,0,0,Auckland Region,Nil,2-way,Sealed,0,0,0,0,60,0,On,0,0,,76,Auckland,Unknown,0,0,0,0,0,0,Urban,0,0,0,Light rain,Null
1744016,5915074,21994,,513013,0,0,0,1,0,Null,2005/2006,PARRS CROSS ROAD,FOREST HILL ROAD,,Non-Injury Crash,No,2006,0,North,0,0,0,Flat,0,,0,,0,Dark,281300,0,0,0,2,0,0,0,0,0,,0,0,Auckland Region,Nil,2-way,Sealed,0,0,0,0,50,0,On,0,0,,76,Auckland,Give way,0,1,0,0,0,0,Urban,0,0,0,Fine,Null
1751994,5432703,21995,,574002,0,0,0,1,0,North,2005/2006,Z PRIVATE CPK AREA,CENTENNIALSBD/HUTT ROAD,,Non-Injury Crash,No,2006,0,East,0,0,0,Flat,0,,0,,0,Bright sun,2078302,0,0,0,0,0,0,0,0,1,,0,0,Wellington Region,Nil,Off road,Sealed,0,0,0,0,50,0,Null,1,0,,47,Wellington City,Nil,0,0,0,0,0,0,Urban,0,0,0,Fine,Null
1755618,5919929,21996,,514000,0,0,0,2,0,South,2005/2006,PONSONBY ROAD,FRANKLIN ROAD,,Non-Injury Crash,No,2006,0,North,0,0,0,Flat,0,,0,,0,Dark,414900,0,0,0,4,0,0,0,0,1,,0,0,Auckland Region,Nil,2-way,Sealed,0,0,0,0,50,0,On,0,0,,76,Auckland,Nil,0,0,0,0,0,0,Urban,0,0,0,Fine,Null
1752856,5928178,21997,,508210,0,0,0,2,0,West,2006/2007,KAIPATIKI ROAD,EASTON PARK PARADE,,Non-Injury Crash,No,2006,0,West,0,0,0,Flat,0,,0,,0,Dark,186600,0,0,0,2,0,0,0,0,1,,0,0,Auckland Region,Nil,2-way,Sealed,0,0,0,0,50,0,On,0,0,,76,Auckland,Nil,0,0,0,0,0,0,Urban,0,0,0,Fine,Null
1436102,5015770,21998,,600826,0,0,0,1,0,South,2005/2006,COAL PIT ROAD,SH 83,,Minor Crash,No,2006,0,North,0,0,1,Hill Road,0,,0,,0,Dark,2828700,1,0,0,2,0,0,0,0,0,,0,0,Otago Region,Nil,2-way,Sealed,0,0,0,0,100,0,None,0,0,,68,Waitaki District,Unknown,0,0,0,0,0,0,Open,0,0,0,Fine,Null
1742818,5919613,21999,,513212,0,,0,2,,Null,2006/2007,WAITEMATA DRIVE,LUANDA DRIVE,,Non-Injury Crash,No,2006,,South,,0,,Flat,,,,,,Overcast,235715,0,0,0,4,,,0,,,,,,Auckland Region,Nil,2-way,Sealed,,0,0,,50,,Off,0,0,,76,Auckland,Give way,,,,,0,0,Urban,0,,,Light rain,Null
1801020,5815356,22000,,529700,0,0,0,2,0,South,2005/2006,VICTORIA ST,ALMA ST,,Minor Crash,No,2006,0,South,0,0,0,Flat,1,,0,,0,Dark,911401,2,0,0,2,0,0,0,0,0,,0,0,Waikato Region,Nil,2-way,Sealed,0,0,0,0,50,0,On,0,1,,16,Hamilton City,Nil,0,0,0,0,0,0,Urban,0,0,0,Fine,Null
1768111,5900834,22001,,525001,0,0,1,1,0,Null,2006/2007,RUSSELL ROAD,KAY ROAD,,Minor Crash,No,2006,0,East,0,0,0,Flat,0,,0,,0,Bright sun,752400,2,0,0,2,0,0,0,0,0,,0,1,Auckland Region,Nil,2-way,Sealed,0,0,0,0,50,0,Off,0,0,,76,Auckland,Give way,0,0,0,0,0,0,Urban,0,0,0,Fine,Null
1806957,5651112,22002,55,532601,0,0,0,1,0,Null,2005/2006,SH 4,MAKATOTE BR,,Minor Crash,Yes,2006,0,East,0,0,0,Hill Road,1,,0,,0,Twilight,1025400,1,0,0,2,0,0,0,0,0,,0,0,Manawatū-Whanganui Region,Nil,2-way,Sealed,0,0,0,0,100,0,None,0,0,,36,Ruapehu District,Nil,0,0,0,0,0,0,Open,0,0,0,Fine,Null
1720005,6048191,22003,,502202,0,,0,0,,Null,2006/2007,MILLERS LANE,WAIATAWA ROAD,,Minor Crash,No,2006,,North,,0,,Flat,,,,,,Dark,88700,1,0,0,2,,,0,,,,,,Northland Region,Nil,2-way,Sealed,,0,0,,50,,On,1,0,,2,Whangarei District,Stop,,,,,0,0,Urban,0,,,Fine,Null
1748394,5427947,22004,,573000,0,,0,1,,North,2006/2007,SH 1N,NORTH PORTAL NBD,,Minor Crash,Yes,2006,,North,,0,,Flat,,,,,,Bright sun,2126700,2,0,0,3,,,0,,,,,,Wellington Region,Nil,1-way,Sealed,,0,0,,100,,Null,1,0,,47,Wellington City,Nil,,,,,0,0,Open,0,,,Fine,Null
1762603,5906786,22005,,524302,0,,0,0,,North,2005/2006,RAGLAN ST,KAIRANGA ST,,Serious Crash,No,2006,,North,,0,,Flat,,,,,,Bright sun,743300,0,0,0,2,,,0,,,1,,,Auckland Region,Nil,2-way,Sealed,,0,1,,50,,Off,0,0,,76,Auckland,Nil,,,,,0,0,Urban,1,,,Fine,Null
1769923,5906460,22006,,523712,0,0,0,1,0,East,2005/2006,FLAT BUSH SCHOOL ROAD,CHAPEL ROAD,,Serious Crash,No,2006,0,West,0,0,1,Hill Road,0,,0,,0,Bright sun,713201,0,0,0,2,0,0,0,0,0,,0,0,Auckland Region,Nil,2-way,Sealed,0,0,1,0,70,0,None,0,0,,76,Auckland,Nil,0,0,0,0,0,0,Urban,0,0,0,Fine,Null
1800443,5815892,22007,,529700,0,,0,1,,Null,2006/2007,ROSTREVOR ST,HARWOOD ST,,Minor Crash,No,2006,,East,,0,,Flat,,,,,,Bright sun,910300,1,0,0,2,,,0,,,,,,Waikato Region,Nil,2-way,Sealed,,0,0,,50,,Null,0,0,,16,Hamilton City,Give way,,,,,0,0,Urban,1,,,Fine,Null
1789493,5828980,22008,,528200,0,,0,2,,Null,2006/2007,GREAT SOUTH ROAD,NEWCASTLE ST,,Minor Crash,No,2006,,North,,0,,Flat,,,,,,Dark,857700,1,0,0,2,,,0,,,,,,Waikato Region,Nil,2-way,Sealed,,0,0,,50,,On,0,0,,13,Waikato District,Give way,,,,,0,0,Urban,0,,,Fine,Null
1798231,5816009,22009,,528900,0,,0,1,,South,2006/2007,LINCOLN ST,FOREST LAKE ROAD,,Minor Crash,No,2006,,South,,0,,Flat,,,,,,Overcast,915400,1,0,0,4,,,0,,,1,,,Waikato Region,Nil,2-way,Sealed,,0,0,,60,,Null,0,0,,16,Hamilton City,Unknown,,,,,0,0,Urban,0,,,Light rain,Null
1791351,5878772,22010,,521135,0,,0,2,,Null,2005/2006,MANGATAWHIRI ROAD,MANGATANGI ROAD,,Minor Crash,No,2006,,South,,0,,Flat,,,,,,Dark,843500,1,0,0,2,,,0,,,,,,Waikato Region,Nil,2-way,Sealed,,0,0,,100,,On,0,0,,13,Waikato District,Stop,,,,,0,0,Open,0,,,Heavy rain,Null
1755277,5932021,22011,,508805,0,,0,1,,Null,2005/2006,CONSTELLATION DRIVE,EAST COAST ROAD,,Minor Crash,No,2006,,South,,0,,Flat,,,,,,Bright sun,151104,3,0,0,4,,,0,,,,,,Auckland Region,Nil,2-way,Sealed,,0,0,,50,,Off,0,0,,76,Auckland,Traffic Signals,,,,,0,0,Urban,1,,,Fine,Null
1765149,5905370,22012,,522400,0,0,0,1,0,Null,2006/2007,WALLACE ROAD,EVELYN ST,,Minor Crash,No,2006,0,East,0,0,0,Flat,0,,0,,0,Dark,673203,1,0,0,2,0,0,0,0,0,,0,0,Auckland Region,Nil,2-way,Sealed,0,0,0,0,50,0,On,0,0,,76,Auckland,Give way,0,0,0,1,0,0,Urban,0,0,0,Light rain,Null
1774310,5444049,22013,,567902,0,0,0,1,0,East,2006/2007,WALLACEVILLE ROAD,LANE ST,,Minor Crash,No,2006,0,East,0,0,1,Hill Road,0,,0,,0,Dark,1915201,1,0,0,2,0,0,0,1,0,,0,0,Wellington Region,Nil,2-way,Sealed,0,0,0,0,100,0,None,0,0,,45,Upper Hutt City,Nil,0,0,0,1,0,0,Open,0,0,0,Fine,Null
1765571,5916776,22014,,517100,0,0,0,1,0,East,2006/2007,MAYBURY ST,LINE ROAD,,Serious Crash,No,2006,0,East,0,0,0,Flat,0,,0,,0,Dark,477201,0,0,0,2,0,0,0,0,0,,0,0,Auckland Region,Nil,2-way,Sealed,0,0,1,0,50,0,On,0,0,,76,Auckland,Nil,0,0,0,1,0,0,Urban,0,0,0,Fine,Null
1768430,5900636,22015,,525101,0,,0,2,,Null,2006/2007,WEYMOUTH ROAD,RUSSELL ROAD,,Minor Crash,No,2006,,East,,0,,Flat,,,,,,Overcast,771100,4,0,0,6,,,0,,,,,,Auckland Region,Nil,2-way,Sealed,,0,0,,50,,On,0,1,,76,Auckland,Traffic Signals,,,,,0,0,Urban,0,,,Light rain,Null
1763729,5439992,22016,,569500,0,0,0,0,0,East,2006/2007,SH 2,HEBDEN CRESCENT,,Minor Crash,Yes,2006,0,South,0,0,0,Flat,1,,0,,0,Bright sun,1917302,1,0,0,4,0,0,0,0,0,,0,0,Wellington Region,Nil,2-way,Sealed,0,0,0,0,100,0,Null,0,0,,46,Lower Hutt City,Nil,0,0,0,0,0,0,Open,1,0,0,Fine,Null
1759817,5906263,22017,,524200,1,,0,1,,Null,2005/2006,MASSEY ROAD,NAYLORS DRIVE,,Minor Crash,No,2006,,West,,0,,Flat,,,,,,Bright sun,727902,1,0,0,2,,,0,,,,,,Auckland Region,Nil,2-way,Sealed,,0,0,,50,,Off,0,0,,76,Auckland,Nil,,,,,0,0,Urban,0,,,Fine,Null
1766765,5787322,22018,,531301,0,0,0,1,1,North,2005/2006,SH 31,BRAINE ROAD,,Minor Crash,Yes,2006,0,North,0,0,0,Hill Road,0,,0,,0,Overcast,993102,1,0,0,2,0,0,0,0,0,,0,0,Waikato Region,Nil,2-way,Sealed,0,0,0,0,100,0,None,0,0,,18,Ōtorohanga District,Nil,0,0,0,0,0,0,Open,0,0,0,Light rain,Null
1600997,5448383,22019,,584303,1,,0,1,,East,2005/2006,WOODLAND AVENUE,HIGH ST,,Minor Crash,No,2006,,South,,0,,Flat,,,,,,Dark,2378101,1,0,0,2,,,0,,,,,,Tasman Region,Nil,2-way,Sealed,,0,0,,50,,On,0,0,,51,Tasman District,Nil,,,,,0,0,Urban,0,,,Fine,Null
1406960,4918856,22020,,603601,0,,0,2,,Null,2006/2007,GEORGE ST,DUKE ST,,Minor Crash,No,2006,,West,,0,,Flat,,,,,,Twilight,2865400,1,0,0,2,,,0,,,,,,Otago Region,Nil,2-way,Sealed,,0,0,,50,,Off,0,0,,71,Dunedin City,Traffic Signals,,,,,0,0,Urban,0,,,Fine,Null
1825808,5886328,22021,,533502,1,,0,1,,Null,2005/2006,SH 25,RICHMOND ST,,Minor Crash,Yes,2006,,North,,0,,Flat,,,,,,Overcast,1052500,1,0,0,2,,,0,,,,,,Waikato Region,Nil,2-way,Sealed,,0,0,,50,,Off,0,0,,11,Thames-Coromandel District,Give way,,,,,0,0,Urban,0,,,Fine,Null
1769009,5468641,22022,,566000,0,,0,0,,South,2005/2006,SH 1N,KAPITI ROAD,,Minor Crash,Yes,2006,,North,,0,,Flat,,,,,,Overcast,2003709,1,0,0,4,,,0,,,1,,,Wellington Region,Nil,2-way,Sealed,,0,0,,50,,Null,1,0,,43,Kapiti Coast District,Nil,,,,,0,0,Urban,0,,,Fine,Null
1242719,4849137,22023,,611300,0,,0,2,,Null,2005/2006,EYE ST,NITH ST,,Minor Crash,No,2006,,East,,0,,Flat,,,,,,Bright sun,3104700,1,0,0,2,,,0,,,,,,Southland Region,Nil,2-way,Sealed,,0,0,,50,,Null,0,0,,75,Invercargill City,Give way,,,,,0,0,Urban,0,,,Fine,Null
1571380,5182447,22024,,592600,0,,0,1,,South,2006/2007,BARBADOES ST,WARRINGTON ST,,Minor Crash,No,2006,,North,,0,,Flat,,,,,,Bright sun,2695500,1,0,0,2,,,0,,,,,,Canterbury Region,Nil,2-way,Sealed,,0,0,,50,,Null,0,0,,60,Christchurch City,Unknown,,,,,0,0,Urban,1,,,Fine,Null
1748783,5717998,22025,35,531710,0,0,0,1,1,East,2006/2007,AWAKAU ROAD,SH 3,,Minor Crash,No,2006,0,South,0,0,0,Hill Road,0,,0,,0,Dark,1016800,1,0,0,2,0,0,0,0,0,,0,0,Waikato Region,Nil,2-way,Unsealed,0,0,0,0,100,0,None,0,0,,20,Waitomo District,Unknown,0,0,0,0,0,0,Open,0,0,0,Fine,Null
1877082,5821233,22026,,538102,0,0,0,1,0,South,2005/2006,COURTNEY ROAD,TWENTYSECOND AVENUE,,Minor Crash,No,2006,0,North,0,0,1,Hill Road,0,,1,,0,Dark,1170002,1,0,0,2,0,1,0,0,0,,0,0,Bay of Plenty Region,Nil,2-way,Sealed,0,0,0,0,50,0,None,0,0,,23,Tauranga City,Unknown,0,0,0,0,0,0,Urban,0,0,0,Fine,Null
1759839,5909720,22027,,524002,0,,0,2,,Null,2006/2007,MAHUNGA DRIVE,HASTIE AVENUE,,Minor Crash,No,2006,,West,,0,,Flat,,,,,,Bright sun,722400,1,0,0,2,,,0,,,,,,Auckland Region,Nil,2-way,Sealed,,0,0,,50,,Null,0,0,,76,Auckland,Stop,,,,,0,0,Urban,0,,,Fine,Null
1766616,5905323,22028,,524603,0,0,0,2,0,East,2006/2007,PUHINUI ROAD,CARRUTH ROAD,,Serious Crash,No,2006,0,East,0,0,0,Flat,0,Christmas New Year,0,,0,Dark,671700,2,0,0,2,0,0,0,0,0,,0,0,Auckland Region,Nil,2-way,Sealed,0,0,2,0,50,0,On,0,0,,76,Auckland,Nil,0,0,0,0,0,0,Urban,0,1,0,Fine,Null
1898586,5811660,22029,,536653,0,0,0,1,0,West,2006/2007,TE PUKE HIGHWAY,SHOWGROUND ROAD,,Serious Crash,No,2006,0,East,0,0,0,Hill Road,0,,0,,0,Overcast,1210300,0,0,0,2,0,0,0,1,0,,0,0,Bay of Plenty Region,Nil,2-way,Sealed,0,0,1,0,100,0,Off,0,0,,22,Western Bay of Plenty District,Nil,0,0,0,1,1,0,Open,0,0,0,Fine,Null
1901428,5567288,22030,,549602,0,,0,1,,Null,2005/2006,SH 2,DOUGLAS ROAD,,Minor Crash,Yes,2006,,West,,0,,Flat,,,,,,Overcast,1523900,1,0,1,2,,,0,,,,,,Hawke's Bay Region,Nil,2-way,Sealed,,0,0,,100,,Null,0,0,,32,Central Hawke's Bay District,Give way,,,,,0,0,Open,0,,,Light rain,Null
1755697,5920503,22031,,514000,0,0,0,1,0,East,2005/2006,GEORGINA ST,WOOD ST,,Minor Crash,No,2006,0,East,0,0,1,Hill Road,0,,1,,0,Bright sun,415800,1,0,0,2,0,0,0,0,1,1,0,0,Auckland Region,Nil,2-way,Sealed,0,0,0,0,50,0,Null,0,0,,76,Auckland,Nil,0,0,0,0,1,0,Urban,0,0,0,Fine,Null
1739333,5597098,22032,,554800,0,0,0,1,0,West,2006/2007,SH 3,WILSON ST,,Serious Crash,Yes,2006,0,East,0,0,0,Flat,0,,0,,0,Dark,1663800,0,0,0,2,0,0,0,0,0,,0,0,Taranaki Region,Nil,2-way,Sealed,0,0,1,0,70,0,On,0,0,,35,South Taranaki District,Nil,1,1,0,1,0,0,Urban,0,0,0,Light rain,Null
1745754,5919166,22033,,513302,0,,0,1,,Null,2005/2006,CENTRAL PARK DRIVE,TE PAI PLACE,,Minor Crash,No,2006,,South,,0,,Flat,,,,,,Bright sun,230702,1,0,0,4,,,0,,,1,,,Auckland Region,Nil,2-way,Sealed,,0,0,,50,,Off,0,0,,76,Auckland,Traffic Signals,,,,,0,0,Urban,0,,,Fine,Null
1686889,6076071,22034,,501634,0,,0,0,,West,2006/2007,KAKA ROAD,POKAPU ROAD,,Serious Crash,No,2006,,West,,0,,Flat,,,,,,Overcast,39600,0,0,1,1,,,0,,,,,,Northland Region,Nil,2-way,Unsealed,,0,1,,100,,None,0,0,,1,Far North District,Nil,,,,,0,0,Open,1,,,Fine,Null
1743368,5922940,22035,,513610,0,,0,2,,Null,2006/2007,DON BUCK ROAD,BEAUCHAMP DRIVE,,Minor Crash,No,2006,,North,,0,,Flat,,,,,,Dark,226504,3,0,0,2,,,0,,,,,,Auckland Region,Nil,2-way,Sealed,,0,0,,50,,On,0,0,,76,Auckland,Give way,,,,,0,0,Urban,0,,,Fine,Null
1786039,5907491,22036,,525201,0,0,0,0,0,East,2006/2007,CLEVEDON-KAWAKAWA ROAD,NESS VALLEY ROAD,,Minor Crash,No,2006,0,East,0,0,0,Flat,0,,0,,0,Bright sun,764700,1,0,1,2,0,0,0,0,0,,0,1,Auckland Region,Nil,2-way,Sealed,0,0,0,0,100,0,None,0,0,,76,Auckland,Nil,0,0,0,0,0,0,Open,0,0,0,Fine,Null
1684674,5671139,22037,,551030,0,,0,0,,East,2005/2006,SH 45,CROYDON ROAD,,Fatal Crash,Yes,2006,,East,,1,,Hill Road,,Queens Birthday,,,,Dark,1555800,0,0,0,3,,,0,,,1,,,Taranaki Region,Nil,2-way,Sealed,,0,0,,100,,None,0,0,,33,New Plymouth District,Nil,,,,,1,0,Open,0,,,Fine,Null
1347577,4873817,22038,,607400,0,,0,1,,East,2005/2006,Z DWY CLYDE ST,AYR ST,,Serious Crash,No,2006,,South,,0,,Hill Road,,,,,,Overcast,2993000,0,0,0,0,,,0,,,1,,,Otago Region,Nil,Off road,Sealed,,0,1,,20,,Null,0,0,,72,Clutha District,Nil,,,,,0,0,Urban,0,,,Light rain,Null
1549078,5180797,22039,,587904,0,,0,1,,Null,2006/2007,SH 73,WEEDONS ROSS ROAD,,Serious Crash,Yes,2006,,West,,0,,Flat,,,,,,Bright sun,2493000,0,0,1,2,,,0,,,,,,Canterbury Region,Nil,2-way,Sealed,,0,1,,70,,Null,0,0,,62,Selwyn District,Stop,,,,,0,0,Urban,0,,,Fine,Null
1936844,5619164,22040,,545632,0,0,0,1,0,South,2005/2006,SH 2,ELLISON ST,,Minor Crash,Yes,2006,0,South,0,0,0,Flat,0,Christmas New Year,0,,0,Dark,1402700,1,0,0,2,0,0,0,0,0,,0,0,Hawke's Bay Region,Nil,2-way,Sealed,0,0,0,0,100,0,On,0,0,,31,Napier City,Nil,0,0,0,1,0,0,Open,0,0,0,Fine,Null
1752626,5918458,22041,,515002,0,0,0,2,0,Null,2005/2006,TUI ST,WALMER ROAD,,Minor Crash,No,2006,0,West,0,0,0,Flat,0,,0,,0,Overcast,396500,2,0,0,2,0,0,0,0,0,,0,1,Auckland Region,Nil,2-way,Sealed,0,0,0,0,50,0,Off,0,0,,76,Auckland,Stop,0,0,0,0,0,0,Urban,0,0,0,Fine,Null
1788590,5761373,22042,,531731,0,0,0,1,1,Null,2006/2007,SH 3,LEE BLOCK ROAD,,Minor Crash,Yes,2006,0,South,0,0,0,Flat,0,,0,,0,Dark,1020201,1,0,0,2,0,0,0,0,0,,0,0,Waikato Region,Nil,2-way,Sealed,0,0,0,0,100,0,None,0,0,,20,Waitomo District,Nil,0,0,0,0,0,0,Open,0,0,0,Fine,Null
1693721,5676448,22043,,551800,0,,0,2,,Null,2006/2007,SH 3,SH 45,,Serious Crash,Yes,2006,,East,,0,,Flat,,Christmas New Year,,,,Overcast,1594100,0,0,0,2,,,0,,,,,,Taranaki Region,Nil,2-way,Sealed,,0,1,,50,,Null,0,0,,33,New Plymouth District,Traffic Signals,,,,,0,0,Urban,0,,,Fine,Null
1759568,5913015,22044,,519720,0,,0,1,,East,2005/2006,MOUNT SMART ROAD,VICTORIA ST,,Serious Crash,No,2006,,West,,0,,Flat,,,,,,Dark,594400,0,0,0,2,,,0,,,1,,,Auckland Region,Nil,2-way,Sealed,,0,1,,50,,On,0,0,,76,Auckland,Give way,,,,,0,0,Urban,0,,,Fine,Null
1813434,5539559,22045,,561422,0,,0,2,,North,2005/2006,SH 3,AWAHURI FEILDING ROAD,,Minor Crash,Yes,2006,,North,,0,,Hill Road,,,,,,Dark,1789200,1,0,0,2,,,0,,,,,,Manawatū-Whanganui Region,Nil,2-way,Sealed,,0,0,,100,,None,0,0,,39,Manawatu District,Nil,,,,,0,0,Open,0,,,Fine,Null
1893656,5787018,22046,,538820,0,,0,1,,Null,2005/2006,SH 33,TROUT POOL ROAD,,Non-Injury Crash,Yes,2006,,East,,0,,Flat,,,,,,Overcast,1251300,0,0,0,2,,,0,,,,,,Bay of Plenty Region,Nil,2-way,Sealed,,0,0,,70,,Null,0,0,,24,Rotorua District,Nil,,,,,1,0,Urban,0,,,Light rain,Null
1764919,5914744,22047,,520602,0,,0,2,,Null,2006/2007,ELLERSLIE-PANMURE HIGHWAY,PANMURE ROUNDABOUT,,Minor Crash,No,2006,,East,,0,,Flat,,,,,,Bright sun,628400,1,0,0,6,,,0,,,,,,Auckland Region,Nil,2-way,Sealed,,0,0,,50,,None,0,0,,76,Auckland,Nil,,,,,0,0,Urban,0,,,Fine,Null
1729628,5971455,22048,,506613,0,0,0,1,0,South,2006/2007,SH 16,J FARMER ROAD,,Minor Crash,Yes,2006,0,North,0,0,1,Hill Road,0,,0,,0,Dark,145200,1,0,0,2,0,0,0,0,0,,0,0,Auckland Region,Nil,2-way,Sealed,0,0,0,0,100,0,None,0,0,,76,Auckland,Nil,0,0,0,1,0,0,Open,0,0,0,Fine,Null
1755433,5926687,22049,,509701,0,,0,2,,Null,2006/2007,SYLVIA ROAD,HILLCREST AVENUE,,Minor Crash,No,2006,,South,,0,,Flat,,,,,,Overcast,363902,1,0,0,2,,,0,,,,,,Auckland Region,Nil,2-way,Sealed,,0,0,,50,,Off,0,0,,76,Auckland,Give way,,,,,0,0,Urban,0,,,Light rain,Null
1643456,5296456,22050,,581500,0,0,0,1,0,South,2006/2007,SH 1S,OTE MAKURA BR,,Minor Crash,Yes,2006,0,South,0,0,0,Flat,0,Christmas New Year,0,,0,Overcast,2310900,1,0,0,2,0,0,0,0,0,,0,1,Canterbury Region,Nil,2-way,Sealed,0,0,0,0,80,0,Null,0,0,,54,Kaikoura District,Unknown,0,0,0,0,0,0,Open,0,0,0,Fine,Null
1623799,5431798,22051,,582200,0,0,0,1,0,Null,2006/2007,SH 6,TRAFALGAR ST,,Serious Crash,Yes,2006,0,North,0,0,0,Flat,0,,0,,0,Dark,2325100,1,0,0,2,0,0,0,0,0,,0,0,Nelson Region,Nil,2-way,Sealed,0,0,1,0,100,0,On,0,0,,52,Nelson City,Give way,0,0,0,1,0,0,Open,0,0,0,Fine,Null
1752861,5911681,22052,,518902,0,,0,0,,South,2005/2006,HALSEY DRIVE,IBERIA PLACE,,Serious Crash,No,2006,,North,,0,,Hill Road,,,,,,Bright sun,587802,0,0,0,2,,,0,,,1,,,Auckland Region,Nil,2-way,Sealed,,0,1,,50,,Off,1,0,,76,Auckland,Nil,,,,,0,0,Urban,0,,,Fine,Null
1730414,5955601,22053,65,506613,0,,0,2,,South,2006/2007,SH 16,TUHIRANGI ROAD,,Serious Crash,Yes,2006,,North,,0,,Hill Road,,,,,,Overcast,146300,0,0,0,2,,,0,,,,,,Auckland Region,Nil,2-way,Sealed,,0,2,,100,,None,0,0,,76,Auckland,Nil,,,,,0,0,Open,0,,,Heavy rain,Null
1761617,5912460,22054,,519500,1,0,0,0,0,East,2005/2006,CHURCH ST,NEILSON ST,,Minor Crash,No,2006,0,West,0,0,0,Flat,0,,0,,0,Dark,622400,1,0,0,4,0,0,0,0,0,,0,0,Auckland Region,Nil,2-way,Sealed,0,0,0,0,50,0,On,0,0,,76,Auckland,Nil,0,0,0,0,1,0,Urban,0,1,0,Fine,Null
1751003,5878071,22055,,521151,0,0,0,1,1,North,2006/2007,AWHITU ROAD,KAIHAU ROAD,,Minor Crash,No,2006,0,North,1,0,0,Hill Road,0,,0,,0,Dark,831000,1,0,0,2,0,0,0,0,0,,0,0,Auckland Region,Nil,2-way,Sealed,0,0,0,0,100,0,None,0,0,,76,Auckland,Nil,0,0,0,0,0,0,Open,0,0,0,Light rain,Null
1771345,5900037,22056,,523911,1,,0,1,,Null,2006/2007,PORCHESTER ROAD,POPES ROAD,,Fatal Crash,No,2006,,North,,1,,Flat,,,,,,Overcast,767202,0,0,0,2,,,0,,,,,,Auckland Region,Nil,2-way,Sealed,,0,0,,100,,None,0,0,,76,Auckland,Stop,,,,,0,0,Open,0,,,Fine,Null
1762126,5913742,22057,,520500,0,0,0,0,1,North,2005/2006,SH 1N,PENROSE OBR,,Minor Crash,Yes,2006,0,North,0,0,0,Flat,0,,0,,0,Dark,637000,2,0,0,4,0,0,0,0,0,,0,0,Auckland Region,Nil,1-way,Sealed,0,0,0,0,100,0,On,1,0,,76,Auckland,Nil,0,0,0,0,0,0,Open,0,0,0,Fine,Null
1755905,5926723,22058,,508620,0,,0,1,,West,2005/2006,NORTHCOTE ROAD,SUNNYBRAE ROAD,,Non-Injury Crash,No,2006,,South,,0,,Flat,,,,,,Bright sun,204702,0,0,0,4,,,0,,,,,,Auckland Region,Nil,2-way,Sealed,,0,0,,50,,Off,0,0,,76,Auckland,Nil,,,,,0,0,Urban,1,,,Fine,Null
1337257,4863424,22059,,607300,0,0,0,0,0,West,2005/2006,PUERUA VALLEY ROAD,WILSON ROAD,,Serious Crash,No,2006,0,North,0,0,0,Hill Road,0,,0,,0,Overcast,2996400,2,0,0,2,0,0,0,1,0,,0,0,Otago Region,Nil,2-way,Unsealed,0,0,1,0,100,0,Null,1,0,,72,Clutha District,Unknown,0,0,0,0,0,0,Open,0,0,0,Light rain,Frost
1753258,5933029,22060,,508807,0,,0,1,,West,2005/2006,TAWA DRIVE,ALBANY EXPRESSWAY,,Non-Injury Crash,No,2006,,West,,0,,Flat,,,,,,Bright sun,180811,0,0,0,2,,,0,,,,,,Auckland Region,Nil,2-way,Sealed,,0,0,,50,,Off,1,0,,76,Auckland,Nil,,,,,0,0,Urban,0,,,Fine,Null