X,Y,OBJECTID,advisorySpeed,areaUnitID,bicycle,bridge,bus,carStationWagon,cliffBank,crashDirectionDescription,crashFinancialYear,crashLocation1,crashLocation2,crashRoadSideRoad,crashSeverity,crashSHDescription,crashYear,debris,directionRoleDescription,ditch,fatalCount,fence,flatHill,guardRail,holiday,houseOrBuilding,intersection,kerb,light,meshblockId,minorInjuryCount,moped,motorcycle,NumberOfLanes,objectThrownOrDropped,otherObject,otherVehicleType,overBank,parkedVehicle,pedestrian,phoneBoxEtc,postOrPole,region,roadCharacter,roadLane,roadSurface,roadworks,schoolBus,seriousInjuryCount,slipOrFlood,speedLimit,strayAnimal,streetLight,suv,taxi,temporarySpeedLimit,tlaId,tlaName,trafficControl,trafficIsland,trafficSign,train,tree,truck,unknownVehicleType,urban,vanOrUtility,vehicle,waterRiver,weatherA,weatherB
1605094,5434146,22061,,581825,0,0,0,1,0,South,2005/2006,SEATON VALLEY ROAD,DAWSON ROAD,,Minor Crash,No,2006,0,West,0,0,0,Hill Road,0,,0,,0,Bright sun,2350203,1,0,0,2,0,0,0,1,0,,0,0,Tasman Region,Nil,2-way,Sealed,0,0,0,0,100,0,Null,0,0,,51,Tasman District,Nil,0,0,0,0,0,0,Open,0,0,0,Fine,Null
1755039,5926494,22062,,509701,0,,0,0,,Null,2005/2006,SYLVIA ROAD,LYNDEN AVENUE,,Minor Crash,No,2006,,East,,0,,Flat,,,,,,Bright sun,364001,1,0,1,2,,,0,,,,,,Auckland Region,Nil,2-way,Sealed,,0,0,,50,,Off,1,0,,76,Auckland,Give way,,,,,0,0,Urban,0,,,Fine,Null
1276724,5007766,22063,,609031,0,0,0,1,1,Null,2005/2006,SH 6,KAWARAU RIV BR,,Serious Crash,Yes,2006,0,West,0,0,0,Flat,0,,0,,0,Dark,3040002,0,0,0,2,0,0,0,0,0,,0,0,Otago Region,Bridge,2-way,Sealed,0,0,1,0,100,0,None,0,0,,70,Queenstown-Lakes District,Unknown,0,0,0,0,0,0,Open,0,0,0,Null,Frost
1929022,5606585,22064,,547800,0,,0,0,,West,2006/2007,FRIMLEY ROAD,PAKOWHAI ROAD,,Serious Crash,No,2006,,West,,0,,Flat,,,,,,Overcast,1477500,0,1,0,2,,,0,,,,,,Hawke's Bay Region,Nil,2-way,Sealed,,0,1,,50,,Null,1,0,,30,Hastings District,Nil,,,,,0,0,Urban,0,,,Fine,Null
1789647,5507384,22065,,564011,0,0,0,1,0,Null,2005/2006,WAITARERE BEACH ROAD,WAITARERE HOKIO ROAD,,Minor Crash,No,2006,0,South,1,0,1,Hill Road,0,,0,,0,Dark,1855301,1,0,0,2,0,0,0,0,0,,1,0,Manawatū-Whanganui Region,Nil,2-way,Sealed,0,0,0,0,100,0,None,0,0,,42,Horowhenua District,Nil,0,0,0,0,0,0,Open,0,0,0,Fine,Null
1883460,5774441,22066,,539400,0,,0,2,,West,2005/2006,SUNSET ROAD,SH 5,,Non-Injury Crash,No,2006,,East,,0,,Flat,,,,,,Overcast,1225100,0,0,0,3,,,0,,,,,,Bay of Plenty Region,Nil,2-way,Sealed,,0,0,,50,,Null,0,0,,24,Rotorua District,Traffic Signals,,,,,0,0,Urban,0,,,Light rain,Null
1748755,5969378,22067,,505500,0,0,0,0,0,North,2005/2006,SH 1N,WECH DRIVE N,,Minor Crash,Yes,2006,0,South,1,0,0,Hill Road,0,,0,,0,Twilight,141200,4,0,0,2,0,0,0,0,0,,0,1,Auckland Region,Nil,2-way,Sealed,0,0,0,0,70,0,None,0,0,,76,Auckland,Nil,0,0,0,1,0,0,Urban,1,0,0,Fine,Null
1757060,5920544,22068,,514102,0,,0,1,,West,2005/2006,VICTORIA ST WEST,HOBSON ST,,Minor Crash,No,2006,,East,,0,,Flat,,Queens Birthday,,,,Dark,433700,1,0,0,4,,,0,,,1,,,Auckland Region,Nil,2-way,Sealed,,0,0,,50,,On,0,0,,76,Auckland,Traffic Signals,,,,,0,0,Urban,0,,,Fine,Null
1755480,5922162,22069,,515202,0,,0,0,,South,2006/2007,SH 1N,TOP OF HARBOUR BRIDGE,,Serious Crash,Yes,2006,,North,,0,,Hill Road,,,,,,Dark,423600,0,0,1,5,,,0,,,,,,,Bridge,1-way,Sealed,,0,1,,80,,On,1,0,,76,Auckland,Nil,,,,,0,0,Open,1,,,Light rain,Null
1675265,6119308,22070,,500402,0,,0,2,,West,2005/2006,MARTIN ROAD,MATAURI BAY ROAD,,Non-Injury Crash,No,2006,,West,,0,,Hill Road,,,,,,Bright sun,20300,0,0,0,2,,,0,,,,,,Northland Region,Nil,2-way,Unsealed,,0,0,,50,,None,0,0,,1,Far North District,Nil,,,,,0,0,Urban,0,,,Fine,Null
1476175,5284796,22071,65,584939,0,0,0,1,1,East,2005/2006,LAKE BRUNNER ROAD,AHAU ST,,Minor Crash,No,2006,0,West,0,0,0,Hill Road,0,,0,,0,Dark,2401208,1,0,0,2,0,0,0,0,0,,0,0,West Coast Region,Nil,2-way,Sealed,0,0,0,0,100,0,None,0,0,,56,Grey District,Unknown,0,0,0,0,0,0,Open,0,0,0,Mist or Fog,Null
1720007,6048027,22072,,502700,1,0,0,1,0,South,2005/2006,MILL ROAD,CHURCHILL ST,,Minor Crash,No,2006,0,North,0,0,0,Flat,0,,0,,0,Overcast,91300,1,0,0,2,0,0,0,0,0,,0,0,Northland Region,Nil,2-way,Sealed,0,0,0,0,50,0,Off,0,0,,2,Whangarei District,Nil,0,0,0,0,0,0,Urban,0,1,0,Fine,Null
1928244,5605000,22073,,547900,0,,0,1,,West,2005/2006,OLIPHANT ROAD,SOUTHLAND ROAD,,Serious Crash,No,2006,,East,,0,,Flat,,,,,,Bright sun,1480500,0,0,0,2,,,0,,,1,,,Hawke's Bay Region,Nil,2-way,Sealed,,0,1,,50,,Null,0,0,,30,Hastings District,Nil,,,,,0,0,Urban,0,,,Fine,Null
1743856,5921125,22074,,513632,0,0,1,1,0,South,2006/2007,WAIMUMU ROAD,LINCOLN PARK AVENUE,,Minor Crash,No,2006,0,South,0,0,0,Hill Road,0,,0,,0,Overcast,228101,1,0,0,2,0,0,0,0,0,,0,0,Auckland Region,Nil,2-way,Sealed,0,0,0,0,50,0,Null,0,0,,76,Auckland,Unknown,0,0,0,0,0,0,Urban,0,1,0,Fine,Null
1314705,4912093,22075,,607502,0,0,0,1,0,North,2006/2007,SH 90,BLACK GULLY ROAD WEST E,,Minor Crash,Yes,2006,0,North,1,0,0,Flat,0,,0,,0,Bright sun,3012200,1,0,0,2,0,0,0,0,0,,0,1,Otago Region,Nil,2-way,Sealed,0,0,0,0,100,0,Null,0,0,,72,Clutha District,Unknown,0,0,0,0,0,0,Open,0,0,0,Fine,Null
1348812,4874471,22076,,607400,0,,0,1,,Null,2006/2007,SH 1S,CHARLES ST,,Minor Crash,Yes,2006,,South,,0,,Flat,,,,,,Overcast,2993500,1,0,0,2,,,0,,,,,,Otago Region,Nil,2-way,Sealed,,0,0,,50,,Null,0,0,,72,Clutha District,Give way,,,,,1,0,Urban,0,,,Fine,Null
1760153,5915987,22077,,516002,0,,0,1,,Null,2005/2006,GREENLANE INT,GREENLANE OFF SBD,,Non-Injury Crash,No,2006,,East,,0,,Flat,,,,,,Dark,492100,0,0,0,1,,,0,,,,,,Auckland Region,Motorway ramp,1-way,Sealed,,0,0,,50,,On,0,0,,76,Auckland,Give way,,,,,0,0,Urban,1,,,Fine,Null
1766520,5900058,22078,,524713,0,,0,1,,Null,2005/2006,JOHN WALKER DRIVE,TAMWORTH CLOSE,,Serious Crash,No,2006,,South,,0,,Flat,,,,,,Dark,775806,0,0,0,2,,,0,,,1,,,Auckland Region,Nil,2-way,Sealed,,0,1,,50,,On,0,0,,76,Auckland,Nil,,,,,0,0,Urban,0,,,Light rain,Null
1756765,5915684,22079,,518301,0,,0,1,,South,2006/2007,MOUNT EDEN ROAD,WAIRIKI ROAD,,Minor Crash,No,2006,,North,,0,,Flat,,,,,,Dark,556900,1,0,0,2,,,0,,,1,,,Auckland Region,Nil,2-way,Sealed,,0,0,,50,,On,0,0,,76,Auckland,Nil,,,,,0,0,Urban,0,,,Light rain,Null
1931613,5608421,22080,,545710,0,,0,2,,Null,2006/2007,PAKOWHAI ROAD,ELWOOD ROAD,,Minor Crash,No,2006,,South,,0,,Flat,,,,,,Bright sun,1471100,3,0,0,2,,,0,,,,,,Hawke's Bay Region,Nil,2-way,Sealed,,0,0,,100,,Null,0,0,,30,Hastings District,Nil,,,,,0,0,Open,0,,,Fine,Null
1825696,5576234,22081,45,559700,0,0,0,0,0,North,2005/2006,SH 54,SANDON BLOCK ROAD,,Serious Crash,Yes,2006,0,South,0,0,0,Flat,1,Christmas New Year,0,,0,Bright sun,1776300,0,0,1,2,0,0,0,0,0,,0,0,Manawatū-Whanganui Region,Bridge,2-way,Sealed,0,0,1,0,100,0,Null,0,0,,39,Manawatu District,Nil,0,1,0,0,0,0,Open,0,0,0,Fine,Null
1773368,5446182,22082,,567000,0,,0,0,,Null,2006/2007,GIBBONS ST,RIVERBANK ST,,Minor Crash,No,2006,,West,,0,,Flat,,,,,,Dark,1906800,1,0,1,2,,,0,,,,,,Wellington Region,Nil,2-way,Sealed,,0,0,,50,,On,0,0,,45,Upper Hutt City,Give way,,,,,0,0,Urban,1,,,Heavy rain,Null
1692898,6094359,22083,80,501633,0,,0,0,,West,2005/2006,SH 11,YORKE ROAD,,Non-Injury Crash,Yes,2006,,West,,0,,Hill Road,,,,,,Bright sun,50804,0,0,0,2,,,0,,,,,,Northland Region,Nil,2-way,Sealed,,0,0,,100,,Off,0,0,,1,Far North District,Nil,,,,,0,0,Open,2,,,Fine,Null
1771345,5900037,22084,,523911,0,,0,1,,Null,2005/2006,PORCHESTER ROAD,POPES ROAD,,Minor Crash,No,2006,,South,,0,,Flat,,,,,,Overcast,767202,1,0,0,2,,,0,,,,,,Auckland Region,Nil,2-way,Sealed,,0,0,,70,,Off,0,0,,76,Auckland,Give way,,,,,0,0,Urban,1,,,Fine,Null
1680014,5403786,22085,,581230,1,,0,1,,Null,2005/2006,MAIN ST,SYMONS ST,,Minor Crash,No,2006,,West,,0,,Flat,,,,,,Overcast,2299400,1,0,0,2,,,0,,,,,,Marlborough Region,Nil,2-way,Sealed,,0,0,,50,,Null,0,0,,53,Marlborough District,Give way,,,,,0,0,Urban,0,,,Light rain,Null
1760172,5915486,22086,,519400,0,0,0,1,0,North,2006/2007,GREAT SOUTH ROAD,MATAI ROAD,,Non-Injury Crash,No,2006,0,South,1,0,0,Flat,1,,0,,0,Dark,617100,0,0,0,4,0,0,0,0,0,,0,0,Auckland Region,Nil,2-way,Sealed,0,0,0,0,50,0,On,0,0,,76,Auckland,Nil,0,0,0,0,0,0,Urban,0,0,0,Fine,Null
1913622,5587679,22087,,545851,0,0,0,2,0,North,2006/2007,SH 2,WAIKAREAO ROAD,,Minor Crash,Yes,2006,0,North,0,0,1,Flat,0,,0,,0,Overcast,1464500,2,0,0,2,0,0,0,0,0,,0,1,Hawke's Bay Region,Nil,2-way,Sealed,0,0,0,0,100,0,Null,0,0,,30,Hastings District,Nil,0,0,0,0,0,0,Open,0,0,0,Light rain,Null
1570661,5177876,22088,,594600,0,,0,0,,Null,2006/2007,COLOMBO ST,KING ST,,Minor Crash,No,2006,,West,,0,,Flat,,,,,,Bright sun,2620803,1,0,0,2,,,0,,,1,,,Canterbury Region,Nil,2-way,Sealed,,0,0,,50,,Null,1,0,,60,Christchurch City,Give way,,,,,0,0,Urban,0,,,Fine,Null
1561670,5181576,22089,,587811,0,0,0,1,0,East,2006/2007,SH 73 YALDHURST,POUND ROAD,,Minor Crash,Yes,2006,0,East,0,0,0,Flat,0,,0,,0,Bright sun,2495000,1,0,0,2,0,0,0,0,0,,0,1,Canterbury Region,Nil,2-way,Sealed,0,0,0,0,100,0,Null,0,0,,60,Christchurch City,Unknown,0,0,0,0,0,0,Open,0,0,0,Fine,Null
1761349,5914861,22090,,520201,0,,1,1,,Null,2005/2006,MAIN HIGHWAY,ARTHUR ST,,Non-Injury Crash,No,2006,,East,,0,,Flat,,,,,,Dark,611200,0,0,0,2,,,0,,,,,,Auckland Region,Nil,2-way,Sealed,,0,0,,50,,On,0,0,,76,Auckland,Give way,,,,,0,0,Urban,0,,,Fine,Null
1761952,5913920,22091,,520202,0,,0,1,,South,2006/2007,SH 1N,PENROSE OFF NBD,,Minor Crash,Yes,2006,,North,,0,,Flat,,,,,,Bright sun,612400,1,0,1,3,,,0,,,,,,Auckland Region,Nil,1-way,Sealed,,0,0,,100,,Off,0,0,,76,Auckland,Nil,,,,,0,0,Open,0,,,Fine,Null
1570636,5180521,22092,,591500,0,,0,2,,Null,2005/2006,COLOMBO ST,OXFORD TERRACE,,Minor Crash,No,2006,,South,,0,,Flat,,,,,,Dark,2653600,1,0,0,2,,,0,,,,,,Canterbury Region,Nil,2-way,Sealed,,0,0,,50,,On,0,0,,60,Christchurch City,Give way,,,,,0,0,Urban,0,,,Fine,Null
1801054,5814313,22093,,529100,0,,0,2,,Null,2005/2006,PALMERSTON ST,HAMMOND ST,,Non-Injury Crash,No,2006,,West,,0,,Flat,,,,,,Bright sun,931900,0,0,0,2,,,0,,,,,,Waikato Region,Nil,2-way,Sealed,,0,0,,50,,Null,0,0,,16,Hamilton City,Nil,,,,,0,0,Urban,0,,,Fine,Null
1731425,5953961,22094,65,506646,0,,0,0,,North,2006/2007,SH 16,JORDAN ROAD,,Serious Crash,Yes,2006,,North,,0,,Flat,,,,,,Overcast,212404,1,0,0,2,,,0,,,,,,Auckland Region,Nil,2-way,Sealed,,0,1,,100,,Off,0,0,,76,Auckland,Nil,,,,,2,0,Open,0,,,Fine,Null
1769910,5899366,22095,,523911,0,,0,2,,Null,2005/2006,GREAT SOUTH ROAD,SPARTAN ROAD,,Minor Crash,No,2006,,South,,0,,Flat,,,,,,Bright sun,766500,1,0,0,4,,,0,,,,,,Auckland Region,Nil,2-way,Sealed,,0,0,,70,,Null,0,0,,76,Auckland,Stop,,,,,0,0,Urban,0,,,Fine,Null
1756867,5919249,22096,50,514200,0,,0,1,,East,2005/2006,SH 1N,16 LINK 1,,Non-Injury Crash,Yes,2006,,East,,0,,Flat,,,,,,Bright sun,412900,0,0,0,3,,,0,,,,,,Auckland Region,Nil,2-way,Sealed,,0,0,,100,,Off,0,0,70,76,Auckland,Nil,,,,,1,0,Open,0,,,Fine,Null
1772446,5872798,22097,,526200,0,,0,1,,Null,2005/2006,GEORGE ST,WHANGARATA ROAD,,Non-Injury Crash,No,2006,,West,,0,,Hill Road,,,,,,Dark,840500,0,0,0,2,,,0,,,,,,Waikato Region,Nil,2-way,Sealed,,0,0,,100,,None,1,0,,13,Waikato District,Give way,,,,,0,0,Open,0,,,Mist or Fog,Null
1769438,5901890,22098,,524901,0,,0,2,,Null,2005/2006,GRANDE VUE ROAD,MANUREWA ON NBD,,Minor Crash,No,2006,,South,,0,,Flat,,,,,,Overcast,756000,2,0,0,3,,,0,,,,,,Auckland Region,Nil,2-way,Sealed,,0,0,,50,,Off,0,0,,76,Auckland,Nil,,,,,0,0,Urban,0,,,Fine,Null
1759369,5906717,22099,,524111,0,,0,1,,North,2006/2007,SH 20A,KIRKBRIDE ROAD,,Minor Crash,Yes,2006,,South,,0,,Flat,,,,,,Bright sun,740100,1,0,0,3,,,0,,,,,,Auckland Region,Nil,1-way,Sealed,,0,0,,60,,Off,0,0,,76,Auckland,Nil,,,,,1,0,Urban,0,,,Light rain,Null
1769928,5908142,22100,,523713,0,,0,1,,Null,2005/2006,STANCOMBE ROAD,CHAPEL ROAD,,Non-Injury Crash,No,2006,,West,,0,,Flat,,,,,,Bright sun,712302,0,0,0,2,,,0,,,,,,Auckland Region,Nil,2-way,Sealed,,0,0,,50,,Off,0,0,,76,Auckland,Traffic Signals,,,,,1,0,Urban,0,,,Fine,Null
1754471,5919023,22101,30,515431,0,,0,2,,West,2005/2006,SURREY CRESCENT,RICHMOND ROAD,,Non-Injury Crash,No,2006,,West,,0,,Flat,,,,,,Overcast,405200,0,0,0,2,,,0,,,,,,Auckland Region,Nil,2-way,Sealed,,0,0,,50,,Off,0,0,,76,Auckland,Nil,,,,,0,0,Urban,0,,,Fine,Null
1824076,5926220,22102,,533100,0,0,0,1,1,North,2006/2007,SH 25,TIKI QUARRY ROAD,,Serious Crash,Yes,2006,0,South,0,0,1,Flat,0,,0,,0,Dark,1045802,1,0,0,2,0,0,0,0,0,,0,0,Waikato Region,Nil,2-way,Sealed,0,0,1,0,100,0,None,0,0,,11,Thames-Coromandel District,Nil,0,0,0,0,0,0,Open,0,0,0,Light rain,Null
1948870,5791812,22103,,542511,0,0,0,1,0,Null,2006/2007,SH 30,KEEPA ROAD,,Non-Injury Crash,Yes,2006,0,West,0,0,0,Flat,0,,0,,0,Dark,1297902,0,0,0,4,0,0,0,0,0,,0,0,Bay of Plenty Region,Nil,2-way,Sealed,0,0,0,0,80,0,On,0,0,,25,Whakatane District,Give way,1,1,0,0,0,0,Open,0,0,0,Light rain,Null
1758264,5927655,22104,,508010,0,,0,2,,Null,2006/2007,HURSTMERE ROAD,THE PROMENADE,,Non-Injury Crash,No,2006,,West,,0,,Flat,,,,,,Bright sun,326201,0,0,0,2,,,0,,,,,,Auckland Region,Nil,2-way,Sealed,,0,0,,50,,Null,0,0,,76,Auckland,Stop,,,,,0,0,Urban,0,,,Fine,Null
1749006,5426284,22105,,573300,0,0,0,1,0,Null,2006/2007,SH 1N RUGBY,ADELAIDE ROAD,,Serious Crash,Yes,2006,0,North,0,0,1,Flat,0,,0,,0,Dark,2145602,1,0,0,3,0,0,0,0,0,,0,0,Wellington Region,Nil,2-way,Sealed,0,0,1,0,50,0,On,0,0,,47,Wellington City,Give way,0,0,0,0,0,0,Urban,0,0,0,Fine,Null
1814845,5845702,22106,55,534603,0,0,0,0,1,East,2006/2007,TAHUNA OHINEWAI ROAD,TAINUI ROAD,,Non-Injury Crash,No,2006,0,West,0,0,0,Flat,0,,0,,0,Bright sun,1093800,0,0,0,2,0,0,0,0,0,,0,0,Waikato Region,Nil,2-way,Sealed,0,0,0,0,100,0,None,0,0,,15,Matamata-Piako District,Nil,0,0,0,0,1,0,Open,0,0,0,Fine,Null
1753661,5916980,22107,,517800,0,0,0,3,0,West,2005/2006,NEW NORTH ROAD,ALBERTON AVENUE,,Non-Injury Crash,No,2006,0,West,0,0,0,Flat,0,,0,,0,Bright sun,527100,0,0,0,4,0,0,0,0,0,,0,0,Auckland Region,Nil,2-way,Sealed,0,0,0,0,50,0,Off,0,0,,76,Auckland,Nil,0,0,0,0,0,0,Urban,0,1,0,Fine,Null
1769765,5899508,22108,,523920,0,,0,2,,Null,2005/2006,GREAT SOUTH ROAD,TAKANINI OFF NBD,,Non-Injury Crash,Yes,2006,,North,,0,,Flat,,,,,,Dark,767921,0,0,0,4,,,0,,,,,,Auckland Region,Motorway ramp,2-way,Sealed,,0,0,,50,,On,0,0,,76,Auckland,Nil,,,,,0,0,Urban,0,,,Fine,Frost
1760787,5908565,22109,,524405,0,,0,2,,Null,2005/2006,WAKEFIELD ROAD,BURBRIDGE ROAD,,Non-Injury Crash,No,2006,,West,,0,,Flat,,,,,,Overcast,731000,0,0,0,2,,,0,,,,,,Auckland Region,Nil,2-way,Sealed,,0,0,,50,,Off,0,0,,76,Auckland,Nil,,,,,0,0,Urban,0,,,Fine,Null
1748385,5961764,22110,,506613,0,,0,1,,North,2005/2006,SH 1N,SCHOLLUM ACCESS ROAD,,Non-Injury Crash,Yes,2006,,North,,0,,Hill Road,,,,,,Dark,146800,0,0,0,3,,,0,,,,,,Auckland Region,Nil,2-way,Sealed,,0,0,,100,,None,0,0,,76,Auckland,Nil,,,,,0,0,Open,0,,,Fine,Null
1789978,5816313,22111,,527913,0,,0,2,,North,2005/2006,SH 39,LAXON ROAD,,Non-Injury Crash,Yes,2006,,South,,0,,Flat,,,,,,Bright sun,977500,0,0,0,2,,,0,,,,,,Waikato Region,Nil,2-way,Sealed,,0,0,,100,,Off,0,0,,13,Waikato District,Nil,,,,,0,0,Open,0,,,Fine,Null
1758939,5447792,22112,,572200,0,,0,2,,North,2005/2006,SH 58,SPINNAKER DRIVE,,Non-Injury Crash,Yes,2006,,East,,0,,Flat,,,,,,Bright sun,2071304,0,0,0,2,,,0,,,,,,Wellington Region,Nil,2-way,Sealed,,0,0,,100,,Null,0,0,,44,Porirua City,Nil,,,,,0,0,Open,0,,,Fine,Null
1744899,5916171,22113,,510800,0,,0,1,,East,2005/2006,HENDERSON VALLEY ROAD,GARELJA ROAD,,Non-Injury Crash,No,2006,,East,,0,,Flat,,,,,,Overcast,242501,0,0,0,2,,,0,,,,,,Auckland Region,Nil,2-way,Sealed,,0,0,,50,,Off,0,0,,76,Auckland,Nil,,,,,0,0,Urban,1,,,Light rain,Null
1752170,5928846,22114,,508411,0,0,0,2,0,West,2006/2007,SIMON ELLICE DRIVE,VARI PLACE,,Non-Injury Crash,No,2006,0,West,0,0,0,Flat,0,,0,,0,Dark,185006,0,0,0,2,0,0,0,0,1,,0,0,Auckland Region,Nil,2-way,Sealed,0,0,0,0,50,0,On,0,0,,76,Auckland,Nil,0,0,0,0,0,0,Urban,0,0,0,Fine,Null
1753527,5918323,22115,,515002,0,,0,3,,West,2005/2006,SH 16,ST LUKES OBR,,Non-Injury Crash,Yes,2006,,East,,0,,Flat,,,,,,Dark,390501,0,0,0,3,,,0,,,,,,Auckland Region,Nil,1-way,Sealed,,0,0,,100,,On,0,0,,76,Auckland,Nil,,,,,0,0,Open,0,,,Heavy rain,Null
1763831,5913689,22116,,520303,0,,0,2,,South,2005/2006,WAIPUNA ROAD,MOUNT WELLINGTON HIGHWAY,,Non-Injury Crash,No,2006,,North,,0,,Flat,,,,,,Overcast,627700,0,0,0,2,,,0,,,,,,Auckland Region,Nil,2-way,Sealed,,0,0,,50,,Null,0,0,,76,Auckland,Unknown,,,,,0,0,Urban,0,,,Fine,Null
1767931,5906878,22117,,523711,0,,0,2,,North,2006/2007,PRESTON ROAD,DAWSON ROAD,,Non-Injury Crash,No,2006,,North,,0,,Flat,,,,,,Bright sun,714400,0,0,0,2,,,0,,,,,,Auckland Region,Nil,2-way,Sealed,,0,0,,50,,Off,0,0,,76,Auckland,Nil,,,,,0,0,Urban,0,,,Fine,Null
1745035,5915524,22118,,512903,0,,0,2,,Null,2006/2007,BRUCE MCLAREN ROAD,HEREMAI ROAD,,Non-Injury Crash,No,2006,,South,,0,,Flat,,,,,,Dark,278001,0,0,0,2,,,0,,,,,,Auckland Region,Nil,2-way,Sealed,,0,0,,50,,On,0,0,,76,Auckland,Give way,,,,,0,0,Urban,0,,,Fine,Null
1805214,5813105,22119,,527004,0,,0,2,,Null,2006/2007,SH 1N,NEWELL ROAD,,Non-Injury Crash,Yes,2006,,East,,0,,Flat,,,,,,Bright sun,956402,0,0,0,2,,,0,,,,,,Waikato Region,Nil,2-way,Sealed,,0,0,,60,,Null,0,0,,13,Waikato District,Give way,,,,,0,0,Urban,0,,,Fine,Null
1767563,5904595,22120,,524604,0,,0,2,,West,2006/2007,Z CPK MCDONALDS,GREAT SOUTH ROAD,,Non-Injury Crash,No,2006,,West,,0,,Flat,,,,,,Dark,780204,0,0,0,1,,,0,,,,,,Auckland Region,Nil,Off road,Sealed,,0,0,,50,,On,0,0,,76,Auckland,Nil,,,,,0,0,Urban,0,,,Fine,Null
1754281,5915266,22121,,517702,0,,0,1,,Null,2006/2007,MOUNT ALBERT ROAD,DUNCAN AVENUE,,Non-Injury Crash,No,2006,,East,,0,,Hill Road,,,,,,Overcast,541500,0,0,0,2,,,0,,,,,,Auckland Region,Nil,2-way,Sealed,,0,0,,50,,Off,0,0,,76,Auckland,Give way,,,,,1,0,Urban,0,,,Fine,Null
1767111,5905524,22122,,524603,0,,0,2,,Null,2005/2006,GREAT SOUTH ROAD,PUHINUI ROAD,,Non-Injury Crash,No,2006,,North,,0,,Flat,,,,,,Bright sun,780205,0,0,0,2,,,0,,,,,,Auckland Region,Nil,2-way,Sealed,,0,0,,50,,Off,0,0,,76,Auckland,Give way,,,,,0,0,Urban,0,,,Fine,Null
1777761,5915952,22123,,523300,0,,0,0,,Null,2005/2006,SUNKIST BAY ROAD,BEACHLANDS ROAD,,Non-Injury Crash,No,2006,,West,,0,,Flat,,,,,,Dark,718505,0,0,0,1,,,0,,,,,,Auckland Region,Nil,1-way,Sealed,,0,0,,50,,None,1,0,,76,Auckland,Nil,,,,,0,0,Urban,0,,,Light rain,Null
1760320,5436773,22124,,568402,0,,0,2,,West,2006/2007,MELLING ROAD,HIGH ST,,Non-Injury Crash,No,2006,,South,,0,,Flat,,,,,,Bright sun,1941000,0,0,0,2,,,0,,,,,,Wellington Region,Nil,2-way,Sealed,,0,0,,50,,Null,0,0,,46,Lower Hutt City,Nil,,,,,0,0,Urban,0,,,Fine,Null
1763456,5909151,22125,,521901,0,,0,2,,Null,2005/2006,WALMSLEY ROAD,LIPPIATT ROAD,,Non-Injury Crash,No,2006,,North,,0,,Flat,,,,,,Overcast,783400,0,0,0,4,,,0,,,,,,Auckland Region,Nil,2-way,Sealed,,0,0,,50,,Off,0,0,,76,Auckland,Nil,,,,,0,0,Urban,0,,,Light rain,Null
1613550,6108009,22126,,500205,0,0,0,1,0,West,2006/2007,FORESHORE ROAD,ROMA ROAD,,Non-Injury Crash,No,2006,0,East,0,0,0,Flat,0,,0,,0,Overcast,10101,0,0,0,2,0,0,0,0,0,,0,0,Northland Region,Nil,2-way,Sealed,0,0,0,0,50,0,Null,0,0,,1,Far North District,Unknown,0,0,0,1,0,0,Urban,0,0,0,Fine,Null
1759517,5916367,22127,,516002,0,,0,1,,South,2005/2006,SH 1N,MARKET OBR,,Non-Injury Crash,Yes,2006,,North,,0,,Flat,,,,,,Overcast,492000,0,0,0,3,,,0,,,,,,Auckland Region,Nil,1-way,Sealed,,0,0,,100,,Off,0,0,,76,Auckland,Nil,,,,,1,0,Open,0,,,Fine,Null
1765182,5904851,22128,,522400,0,,0,0,,Null,2006/2007,BRIDGE ST,CAMBRIDGE TERRACE,,Non-Injury Crash,No,2006,,North,,0,,Hill Road,,,,,,Dark,673302,0,0,0,2,,,0,,,,,,Auckland Region,Bridge,2-way,Sealed,,0,0,,50,,On,1,0,,76,Auckland,Nil,,,,,0,0,Urban,1,,,Fine,Null
1755426,5444088,22129,,570900,0,,0,2,,West,2005/2006,MUNGAVIN AVENUE,GEAR TERRACE,,Non-Injury Crash,No,2006,,West,,0,,Flat,,,,,,Overcast,2054002,0,0,0,2,,,0,,,,,,Wellington Region,Nil,2-way,Sealed,,0,0,,50,,Null,0,0,,44,Porirua City,Nil,,,,,0,0,Urban,0,,,Fine,Null
1798474,5817900,22130,,528700,0,,0,2,,Null,2006/2007,VARDON ROAD,TE RAPA ROAD,,Non-Injury Crash,No,2006,,South,,0,,Flat,,,,,,Dark,900100,0,0,0,4,,,0,,,,,,Waikato Region,Nil,2-way,Sealed,,0,0,,60,,On,0,0,,16,Hamilton City,Traffic Signals,,,,,0,0,Urban,0,,,Fine,Null
1742204,5993812,22131,,506660,0,1,0,1,0,North,2006/2007,MANGAWHAI ROAD,KEITH ROAD,,Serious Crash,No,2006,0,South,0,0,0,Flat,0,,0,,0,Bright sun,135600,0,0,0,2,0,0,0,0,0,,0,0,Auckland Region,Bridge,2-way,Sealed,0,0,1,0,100,0,Null,0,0,,76,Auckland,Nil,0,0,0,0,0,0,Open,0,0,0,Fine,Null
1750809,5912605,22132,,514700,0,0,0,1,0,West,2005/2006,BELLAMY PLACE,KAY DRIVE,,Non-Injury Crash,No,2006,0,West,0,0,0,Hill Road,0,,0,,0,Dark,369501,0,0,0,1,0,0,0,0,1,,0,0,Auckland Region,Nil,1-way,Sealed,0,0,0,0,50,0,On,0,0,,76,Auckland,Nil,0,0,0,0,0,0,Urban,1,0,0,Fine,Null