X,Y,OBJECTID,advisorySpeed,areaUnitID,bicycle,bridge,bus,carStationWagon,cliffBank,crashDirectionDescription,crashFinancialYear,crashLocation1,crashLocation2,crashRoadSideRoad,crashSeverity,crashSHDescription,crashYear,debris,directionRoleDescription,ditch,fatalCount,fence,flatHill,guardRail,holiday,houseOrBuilding,intersection,kerb,light,meshblockId,minorInjuryCount,moped,motorcycle,NumberOfLanes,objectThrownOrDropped,otherObject,otherVehicleType,overBank,parkedVehicle,pedestrian,phoneBoxEtc,postOrPole,region,roadCharacter,roadLane,roadSurface,roadworks,schoolBus,seriousInjuryCount,slipOrFlood,speedLimit,strayAnimal,streetLight,suv,taxi,temporarySpeedLimit,tlaId,tlaName,trafficControl,trafficIsland,trafficSign,train,tree,truck,unknownVehicleType,urban,vanOrUtility,vehicle,waterRiver,weatherA,weatherB
1768831,5901009,22133,,524901,0,,0,2,,North,2006/2007,NEWHOOK LANE,HALVER ROAD,,Non-Injury Crash,No,2006,,North,,0,,Flat,,,,,,Bright sun,757100,0,0,0,2,,,0,,,,,,Auckland Region,Nil,2-way,Sealed,,0,0,,50,,None,0,0,,76,Auckland,Nil,,,,,0,0,Urban,0,,,Fine,Null
1860349,5721744,22134,,541335,0,0,0,0,0,West,2005/2006,WHANGAMATA ROAD,POIHIPI ROAD,,Minor Crash,No,2006,0,North,0,0,0,Hill Road,0,Queens Birthday,0,,0,Dark,1278404,2,0,0,2,0,0,0,1,0,,0,0,Waikato Region,Nil,2-way,Sealed,0,0,0,0,100,0,None,0,0,,21,Taupo District,Unknown,0,0,0,0,0,0,Open,1,0,0,Fine,Frost
1764298,5909601,22135,,521901,0,,0,2,,Null,2005/2006,ATKINSON AVENUE,HIGH ST,,Non-Injury Crash,No,2006,,South,,0,,Flat,,,,,,Bright sun,784100,0,0,0,6,,,0,,,,,,Auckland Region,Nil,2-way,Sealed,,0,0,,50,,Off,0,0,,76,Auckland,Traffic Signals,,,,,0,0,Urban,0,,,Fine,Null
1802420,5800447,22136,,527600,0,0,0,1,0,West,2006/2007,GREAT COLLINS ST,SANDES ST,,Serious Crash,No,2006,0,East,0,0,0,Hill Road,0,,0,,0,Bright sun,985901,0,0,0,0,0,0,0,0,0,,0,1,Waikato Region,Rail xing,Off road,Sealed,0,0,1,0,50,0,Null,0,0,,17,Waipa District,Stop,0,0,1,0,0,0,Urban,0,0,0,Fine,Null
1742430,5912326,22137,,512902,0,,0,2,,North,2006/2007,WEST COAST ROAD,KAURI LOOP ROAD S,,Minor Crash,No,2006,,North,,0,,Hill Road,,,,,,Overcast,279300,1,0,0,2,,,0,,,,,,Auckland Region,Nil,2-way,Sealed,,0,0,,70,,None,0,0,,76,Auckland,Nil,,,,,0,0,Urban,0,,,Light rain,Null
1882732,5827964,22138,,536821,0,0,0,1,0,North,2005/2006,MARINE PARADE,HART ST,,Non-Injury Crash,No,2006,0,North,0,0,0,Flat,0,,0,,0,Overcast,1197700,0,0,0,2,0,0,0,0,1,,0,0,Bay of Plenty Region,Nil,2-way,Sealed,0,0,0,0,50,0,Null,0,0,,23,Tauranga City,Unknown,0,0,0,0,0,0,Urban,1,0,0,Fine,Null
1883800,5776875,22139,,540100,0,,0,0,,Null,2006/2007,KAWAHA POINT ROAD,KOUTU ROAD,,Non-Injury Crash,No,2006,,South,,0,,Hill Road,,,,,,Overcast,1222105,0,0,0,2,,,0,,,1,,,Bay of Plenty Region,Nil,2-way,Sealed,,0,0,,50,,Null,0,0,,24,Rotorua District,Stop,,,,,0,0,Urban,1,,,Fine,Null
1741789,5720452,22140,,531710,0,0,0,0,0,North,2006/2007,SH 3,GRIBBIN ST,,Serious Crash,Yes,2006,0,North,0,0,0,Hill Road,0,,0,,0,Dark,1016900,0,0,0,2,0,0,0,0,0,,0,0,Waikato Region,Nil,2-way,Sealed,0,0,1,0,100,0,None,0,0,,20,Waitomo District,Unknown,0,1,0,0,1,0,Open,0,0,0,Fine,Null
1767971,5904433,22141,,523722,0,,0,1,,North,2005/2006,SH 1N,REDOUBT OBR,,Non-Injury Crash,Yes,2006,,South,,0,,Flat,,,,,,Dark,715805,0,0,0,3,,,0,,,,,,Auckland Region,Nil,1-way,Sealed,,0,0,,100,,On,0,0,,76,Auckland,Nil,,,,,1,0,Open,0,,,Fine,Null
1760351,5919937,22142,,516400,0,0,0,1,0,West,2006/2007,TAMAKI DRIVE,NGAPIPI ROAD,,Minor Crash,No,2006,0,West,0,0,0,Flat,0,,0,,0,Dark,455000,2,0,0,4,0,0,0,0,0,,0,0,Auckland Region,Nil,2-way,Sealed,0,0,0,0,50,0,On,0,0,,76,Auckland,Unknown,0,0,0,1,0,0,Urban,0,0,0,Fine,Null
1435763,5267665,22143,,585317,0,0,0,1,0,East,2006/2007,HAU HAU ROAD,TOWN BELT EAST,,Minor Crash,No,2006,0,West,1,0,0,Hill Road,0,,0,,0,Dark,2421800,3,0,0,2,0,0,0,1,0,,0,0,West Coast Region,Nil,2-way,Sealed,0,0,0,0,100,0,None,0,0,,57,Westland District,Unknown,0,0,0,1,0,0,Open,0,0,0,Fine,Null
1765578,5908632,22144,,523403,0,,0,3,,South,2006/2007,SH 1N,HIGHBROOK OBR,,Non-Injury Crash,Yes,2006,,North,,0,,Flat,,,,,,Dark,700100,0,0,0,3,,,0,,,,,,Auckland Region,Nil,1-way,Sealed,,0,0,,100,,On,0,0,70,76,Auckland,Nil,,,,,0,0,Open,0,,,Fine,Null
1790780,5842769,22145,,527402,0,0,0,1,0,North,2006/2007,HAKANOA ST,LIGNITE ST,,Minor Crash,No,2006,0,South,0,0,0,Flat,0,,0,,0,Dark,943300,1,0,0,2,0,0,0,0,1,,0,0,Waikato Region,Nil,2-way,Sealed,0,0,0,0,50,0,On,0,0,,13,Waikato District,Nil,0,0,0,0,1,0,Urban,0,0,0,Light rain,Null
1756727,5920202,22146,,514102,0,,0,3,,West,2005/2006,COOK ST,NELSON ST,,Non-Injury Crash,No,2006,,East,,0,,Hill Road,,,,,,Bright sun,432700,0,0,0,6,,,0,,,,,,Auckland Region,Nil,2-way,Sealed,,0,0,,50,,Off,0,0,,76,Auckland,Nil,,,,,0,0,Urban,0,,,Fine,Null
1768430,5900636,22147,,525101,0,0,0,0,0,Null,2006/2007,WEYMOUTH ROAD,RUSSELL ROAD,,Minor Crash,No,2006,0,East,0,0,0,Flat,0,Christmas New Year,0,,0,Dark,771100,1,0,1,2,0,0,0,0,0,,0,1,Auckland Region,Nil,2-way,Sealed,0,0,0,0,50,0,On,0,0,,76,Auckland,Give way,0,0,0,0,0,0,Urban,0,0,0,Fine,Null
1803541,5828687,22148,,527122,0,,0,1,,North,2005/2006,WOODLANDS ROAD,GARFIELD ST,,Non-Injury Crash,No,2006,,South,,0,,Flat,,,,,,Bright sun,954100,0,0,0,2,,,0,,,,,,Waikato Region,Nil,2-way,Sealed,,0,0,,70,,Null,0,0,,13,Waikato District,Unknown,,,,,0,0,Urban,1,,,Fine,Null
1750713,5949157,22149,,505805,0,0,0,1,0,Null,2006/2007,RIVERSIDE ROAD,LAKESIDE DRIVE,,Non-Injury Crash,No,2006,0,East,0,0,1,Flat,0,,0,,1,Dark,171909,0,0,0,2,0,0,0,0,0,,0,0,Auckland Region,Nil,2-way,Sealed,0,0,0,0,50,0,On,0,0,,76,Auckland,Nil,0,0,0,0,0,0,Urban,0,0,0,Fine,Null
1712130,5637417,22150,,553500,0,0,0,1,1,Null,2006/2007,SH 3,CORNWALL ROAD,,Minor Crash,Yes,2006,0,South,1,0,0,Flat,0,,0,,0,Dark,1640400,3,0,0,2,0,0,0,0,0,,0,0,Taranaki Region,Nil,2-way,Sealed,0,0,0,0,100,0,None,0,0,,35,South Taranaki District,Stop,0,1,0,0,0,0,Open,0,0,0,Fine,Null
1761545,5906369,22151,,524200,0,0,0,1,1,Null,2006/2007,IMRIE AVENUE,MASSEY ROAD,,Non-Injury Crash,No,2006,0,East,0,0,0,Flat,0,Labour Weekend,0,,0,Dark,728802,0,0,0,2,0,0,0,0,1,,0,0,Auckland Region,Nil,2-way,Sealed,0,0,0,0,50,0,On,0,0,,76,Auckland,Give way,0,0,0,0,0,0,Urban,1,0,0,Fine,Null
1761821,5907891,22152,,524510,0,0,0,1,0,West,2006/2007,WICKMAN WAY,CHELBURN CRESCENT E,,Minor Crash,No,2006,0,East,0,0,1,Flat,0,Labour Weekend,0,,0,Dark,734102,2,0,0,2,0,0,0,0,0,,0,1,Auckland Region,Nil,2-way,Sealed,0,0,0,0,50,0,On,0,0,,76,Auckland,Give way,0,0,0,0,0,0,Urban,0,0,0,Fine,Null
1568497,5178202,22153,,594800,0,,0,2,,Null,2006/2007,BARRINGTON OFF WBD,BARRINGTON ST,,Minor Crash,Yes,2006,,West,,0,,Flat,,,,,,Dark,2642400,2,0,0,4,,,0,,,,,,Canterbury Region,Nil,2-way,Sealed,,0,0,,60,,On,0,0,,60,Christchurch City,Traffic Signals,,,,,0,0,Urban,0,,,Fine,Null
1760167,5915987,22154,,516002,0,,0,1,,Null,2005/2006,GREENLANE INT,GREEN LANE EAST,,Non-Injury Crash,No,2006,,East,,0,,Hill Road,,,,,,Overcast,492100,0,0,0,3,,,0,,,,,,Auckland Region,Motorway ramp,1-way,Sealed,,0,0,,50,,Off,0,0,,76,Auckland,Nil,,,,,1,0,Urban,0,,,Fine,Null
1754009,5917211,22155,,517600,0,0,0,1,0,Null,2006/2007,NEW NORTH ROAD,ST LUKES ROAD,,Non-Injury Crash,No,2006,0,West,0,0,0,Flat,0,,0,,0,Dark,534400,0,0,0,6,0,0,0,0,0,,0,0,Auckland Region,Nil,2-way,Sealed,0,0,0,0,50,0,On,0,0,,76,Auckland,Traffic Signals,0,1,0,0,0,0,Urban,0,0,0,Light rain,Null
1783594,5864629,22156,,527210,0,,0,1,,South,2005/2006,SH 1N,DRAG WAY,,Minor Crash,Yes,2006,,South,,0,,Flat,,,,,,Bright sun,935600,1,0,0,2,,,0,,,,,,Waikato Region,Nil,2-way,Sealed,,0,0,,100,,Null,0,0,80,13,Waikato District,Unknown,,,,,1,0,Open,0,,,Fine,Null
1756448,5927103,22157,,507900,0,,0,3,,South,2006/2007,SH 1N,NORTHCOTE OBR,,Non-Injury Crash,Yes,2006,,South,,0,,Hill Road,,,,,,Bright sun,303502,0,0,0,3,,,0,,,,,,Auckland Region,Nil,1-way,Sealed,,0,0,,80,,Off,0,0,,76,Auckland,Nil,,,,,0,0,Open,0,,,Fine,Null
1313258,4921864,22158,55,607502,0,0,0,1,0,South,2006/2007,DUNROBIN ROAD,MCHUTCHEN ROAD,,Minor Crash,No,2006,0,South,0,0,0,Hill Road,0,,0,,0,Bright sun,3011100,2,0,0,2,0,0,0,0,0,,0,0,Otago Region,Nil,2-way,Sealed,0,0,0,0,100,0,Null,0,0,,72,Clutha District,Nil,0,0,0,0,1,0,Open,0,1,0,Fine,Null
1846818,5465544,22159,,578402,0,,0,1,,East,2006/2007,MASTERTON-CASTLEPOINT ROA,BLAIRLOGIE LANGDALE ROAD,,Fatal Crash,No,2006,,East,,1,,Flat,,,,,,Bright sun,2255700,0,0,1,2,,,0,,,,,,Wellington Region,Nil,2-way,Sealed,,0,0,,100,,Null,0,0,,48,Masterton District,Nil,,,,,0,0,Open,0,,,Fine,Null
1885111,5824912,22160,,536832,1,,0,1,,Null,2005/2006,MATAVAI ST,TAHARA CRESCENT,,Non-Injury Crash,No,2006,,North,,0,,Flat,,,,,,Bright sun,1202412,0,0,0,2,,,0,,,,,,Bay of Plenty Region,Nil,2-way,Sealed,,0,0,,50,,Null,0,0,,23,Tauranga City,Nil,,,,,0,0,Urban,0,,,Fine,Null
1748980,5426188,22161,,573300,0,,0,2,,South,2005/2006,ADELAIDE ROAD,RUGBY ST,,Non-Injury Crash,No,2006,,North,,0,,Flat,,,,,,Dark,2145700,0,0,0,4,,,0,,,,,,Wellington Region,Nil,2-way,Sealed,,0,0,,50,,On,0,1,,47,Wellington City,Nil,,,,,0,0,Urban,0,,,Light rain,Null
1766153,5906181,22162,,522202,0,,0,1,,Null,2005/2006,GREAT SOUTH ROAD,WATSON PLACE,,Serious Crash,No,2006,,South,,0,,Flat,,,,,,Bright sun,665300,0,0,0,2,,,0,,,1,,,Auckland Region,Nil,2-way,Sealed,,0,1,,50,,Null,0,0,,76,Auckland,Nil,,,,,0,0,Urban,0,,,Fine,Null
1742945,5890240,22163,,521151,0,0,0,0,0,South,2005/2006,AWHITU ROAD,TINDALL ROAD,,Non-Injury Crash,No,2006,0,North,0,0,0,Hill Road,0,,0,,0,Dark,829800,0,0,0,2,0,0,0,0,0,,0,0,Auckland Region,Nil,2-way,Sealed,0,0,0,0,100,0,None,1,0,,76,Auckland,Nil,0,0,0,1,0,0,Open,0,0,0,Fine,Null
1930185,5605031,22164,,548200,0,,0,1,,Null,2005/2006,KARUMU ROAD NORTH,ST AUBYN ST EAST,,Minor Crash,No,2006,,East,,0,,Flat,,,,,,Overcast,1494100,1,0,0,3,,,0,,,1,,,Hawke's Bay Region,Nil,2-way,Sealed,,0,0,,50,,Null,0,0,,30,Hastings District,Traffic Signals,,,,,0,0,Urban,0,,,Fine,Null
1404541,4914325,22165,,604210,0,,0,1,,Null,2006/2007,PLAYFAIR ST,RANFURLY ST,,Serious Crash,No,2006,,North,,0,,Flat,,,,,,Overcast,2912701,0,0,0,2,,,0,,,1,,,Otago Region,Nil,2-way,Sealed,,0,1,,50,,Null,0,0,,71,Dunedin City,Give way,,,,,0,0,Urban,0,,,Fine,Null
1892461,5821315,22166,,536202,0,,0,2,,East,2006/2007,PAPAMOA BEACH ROAD,PARTON ROAD,,Non-Injury Crash,No,2006,,North,,0,,Flat,,,,,,Twilight,1204712,0,0,0,2,,,0,,,,,,Bay of Plenty Region,Nil,2-way,Sealed,,0,0,,50,,Off,0,0,,23,Tauranga City,Give way,,,,,0,0,Urban,0,,,Fine,Null
1829246,5524267,22167,35,561902,0,0,0,1,1,South,2005/2006,PAHIATUA AOKAUTERE ROAD,COUNTY HEIGHTS DRIVE,,Non-Injury Crash,No,2006,0,South,0,0,0,Hill Road,0,,0,,0,Dark,1799402,0,0,0,2,0,0,0,0,0,,0,0,Manawatū-Whanganui Region,Nil,2-way,Sealed,0,0,0,0,100,0,None,0,0,,40,Palmerston North City,Nil,0,0,0,0,0,0,Open,0,0,0,Light rain,Null
1800211,5812146,22168,,529200,0,0,0,1,0,Null,2006/2007,YVONNE ST,PRISK ST,,Minor Crash,No,2006,0,South,0,0,0,Flat,0,,0,,0,Dark,929300,1,0,0,2,0,0,0,0,0,,0,0,Waikato Region,Nil,2-way,Sealed,0,0,0,0,50,0,On,0,0,,16,Hamilton City,Nil,0,0,0,1,0,0,Urban,0,0,0,Fine,Null
1750709,5946689,22169,,505806,0,,0,1,,Null,2006/2007,HIBISCUS COAST HIGHWAY,WHANGAPARAOA ROAD,,Non-Injury Crash,No,2006,,South,,0,,Flat,,,,,,Twilight,176504,0,0,0,4,,,0,,,,,,Auckland Region,Nil,2-way,Sealed,,0,0,,80,,On,0,0,,76,Auckland,Traffic Signals,,,,,1,0,Open,0,,,Light rain,Null
1406703,4917065,22170,,603100,0,,0,2,,Null,2005/2006,SH 1S CASTLE,ST ANDREW ST,,Minor Crash,Yes,2006,,South,,0,,Flat,,,,,,Bright sun,2901700,2,0,0,3,,,0,,,,,,Otago Region,Nil,1-way,Sealed,,0,0,,50,,Null,0,1,,71,Dunedin City,Traffic Signals,,,,,0,0,Urban,0,,,Fine,Null
1270972,5015230,22171,,609200,0,0,0,2,0,Null,2006/2007,CAERNARVON ST,CAERNARVAN ST,,Minor Crash,No,2006,0,East,0,0,0,Flat,0,,0,,0,Bright sun,3034908,4,0,0,2,1,0,0,0,0,,0,0,Otago Region,Nil,2-way,Sealed,0,0,0,0,50,0,Null,0,0,,70,Queenstown-Lakes District,Stop,0,0,0,0,0,0,Urban,1,0,0,Fine,Null
1743971,5918903,22172,,513220,0,0,0,1,0,North,2005/2006,SWANSON ROAD,FRANK EVANS PLACE,,Non-Injury Crash,No,2006,0,South,0,0,0,Flat,0,,0,,0,Overcast,236103,0,0,0,3,0,0,0,0,0,,0,1,Auckland Region,Nil,2-way,Sealed,0,0,0,0,50,0,Null,0,0,,76,Auckland,Unknown,0,0,0,0,0,0,Urban,0,0,0,Fine,Null
1758841,5918950,22173,,515901,0,0,0,1,0,South,2006/2007,PARNELL ROAD,AYR ST,,Non-Injury Crash,No,2006,0,North,0,0,0,Flat,0,,0,,0,Dark,451800,0,0,0,4,0,0,0,0,1,,0,0,Auckland Region,Nil,2-way,Sealed,0,0,0,0,50,0,On,0,0,,76,Auckland,Nil,0,0,0,0,1,0,Urban,0,0,0,Fine,Null
1811513,5803572,22174,,527931,0,,0,1,,West,2005/2006,KAIPAKI ROAD,THIRLWALL LANE,,Minor Crash,No,2006,,West,,0,,Hill Road,,,,,,Bright sun,987902,1,0,0,2,,,0,,,1,,,Waikato Region,Nil,2-way,Sealed,,0,0,,100,,Null,0,0,,17,Waipa District,Unknown,,,,,0,0,Open,0,,,Fine,Null
1789983,5878851,22175,,521135,0,,0,2,,East,2005/2006,MANGATAWHIRI ROAD,BELL ROAD,,Non-Injury Crash,No,2006,,East,,0,,Flat,,,,,,Bright sun,841600,0,0,0,2,,,0,,,,,,Waikato Region,Nil,2-way,Sealed,,0,0,,100,,Off,0,0,,13,Waikato District,Nil,,,,,0,0,Open,0,,,Fine,Null
1242354,4851559,22176,,610800,0,,0,2,,East,2006/2007,HERBERT ST,SH 6,,Minor Crash,No,2006,,West,,0,,Flat,,,,,,Bright sun,3118000,1,0,0,3,,,0,,,,,,Southland Region,Nil,2-way,Sealed,,0,0,,50,,Null,1,0,,75,Invercargill City,Nil,,,,,0,0,Urban,0,,,Fine,Null
1822904,5829264,22177,,534902,0,,0,2,,Null,2005/2006,STUDHOLME ST,ANDERSON ST,,Non-Injury Crash,No,2006,,North,,0,,Flat,,,,,,Bright sun,1089100,0,0,0,2,,,0,,,,,,Waikato Region,Nil,2-way,Sealed,,0,0,,50,,Off,0,0,,15,Matamata-Piako District,Stop,,,,,0,0,Urban,0,,,Fine,Null
1570098,5180477,22178,,591600,1,,0,0,,North,2005/2006,CRANMER SQUARE,ARMAGH ST,,Minor Crash,No,2006,,North,,0,,Flat,,,,,,Dark,2677400,1,0,0,2,,,0,,,,,,Canterbury Region,Nil,2-way,Sealed,,0,0,,50,,On,0,0,,60,Christchurch City,Unknown,,,,,0,0,Urban,1,,,Fine,Null
1719044,6045497,22179,,503100,0,,0,2,,North,2006/2007,CENTRAL AVENUE,WATER ST,,Non-Injury Crash,No,2006,,East,,0,,Flat,,,,,,Overcast,100800,0,0,0,3,,,0,,,,,,Northland Region,Nil,2-way,Sealed,,0,0,,50,,Off,0,0,,2,Whangarei District,Traffic Signals,,,,,0,0,Urban,0,,,Fine,Null
1752036,5424529,22180,,577200,0,,0,2,,Null,2006/2007,PARK ROAD,MIRAMAR AVENUE,,Minor Crash,No,2006,,East,,0,,Flat,,,,,,Dark,2207201,1,0,0,2,,,0,,,,,,Wellington Region,Nil,2-way,Sealed,,0,0,,50,,On,0,0,,47,Wellington City,Give way,,,,,0,0,Urban,0,,,Light rain,Null
1751194,5915022,22181,,514402,0,,0,2,,Null,2005/2006,ST GEORGES ROAD,GREAT NORTH ROAD,,Non-Injury Crash,No,2006,,North,,0,,Flat,,,,,,Bright sun,381200,0,0,0,2,,,0,,,,,,Auckland Region,Nil,2-way,Sealed,,0,0,,50,,Off,0,0,,76,Auckland,Give way,,,,,0,0,Urban,0,,,Fine,Null
1853686,5760315,22182,,535212,0,,0,1,,South,2006/2007,SH 1N,CAMPBELL ROAD,,Minor Crash,Yes,2006,,South,,0,,Flat,,,,,,Twilight,1152100,1,0,0,2,,,0,,,,,,Waikato Region,Nil,2-way,Sealed,,0,0,,100,,None,0,0,,19,South Waikato District,Nil,,,,,1,0,Open,0,,,Fine,Null
1763324,5912927,22183,,520402,0,0,0,1,0,East,2006/2007,ARANUI ROAD,RUAWAI ROAD,,Non-Injury Crash,No,2006,0,East,0,0,1,Flat,0,,0,,0,Dark,641600,0,0,0,2,0,0,0,0,0,,0,0,Auckland Region,Nil,2-way,Sealed,0,0,0,0,50,0,On,0,0,,76,Auckland,Nil,0,0,0,0,0,0,Urban,0,0,0,Fine,Null
1755764,5928530,22184,,507900,0,,0,3,,South,2005/2006,SH 1N,TRISTRAM ON SBD,,Non-Injury Crash,Yes,2006,,South,,0,,Flat,,,,,,Overcast,307000,0,0,0,3,,,0,,,,,,Auckland Region,Nil,2-way,Sealed,,0,0,,100,,None,0,0,,76,Auckland,Nil,,,,,0,0,Open,0,,,Light rain,Null
1752520,5954349,22185,,506201,0,0,0,0,1,South,2006/2007,HIBISCUS COAST HIGHWAY,WAIWERA ROAD,,Non-Injury Crash,No,2006,0,North,0,0,0,Hill Road,0,,0,,0,Dark,176204,0,0,0,1,0,0,0,0,0,,0,0,Auckland Region,Nil,2-way,Sealed,0,0,0,0,80,0,None,0,0,,76,Auckland,Nil,0,0,0,0,0,0,Open,1,0,0,Fine,Null
1749255,5913579,22186,,511401,0,,0,2,,South,2005/2006,MARGAN AVENUE,TITIRANGI ROAD,,Minor Crash,No,2006,,West,,0,,Flat,,,,,,Bright sun,263500,1,0,0,3,,,0,,,,,,Auckland Region,Nil,2-way,Sealed,,0,0,,50,,Off,0,0,,76,Auckland,Nil,,,,,0,0,Urban,0,,,Fine,Null
1719999,6045107,22187,,503100,0,,0,2,,South,2005/2006,Z CPK THE WAREHOUSE,PORT ROAD,,Non-Injury Crash,No,2006,,North,,0,,Flat,,,,,,Bright sun,101700,0,0,0,0,,,0,,,,,,Northland Region,Nil,Off road,Sealed,,0,0,,30,,Off,0,0,,2,Whangarei District,Nil,,,,,0,0,Urban,0,,,Fine,Null
1646108,5442931,22188,,581812,0,,0,2,,East,2005/2006,SH 6,KOKORUA ROAD,,Minor Crash,Yes,2006,,South,,0,,Flat,,Easter,,,,Overcast,2360800,1,0,0,2,,,0,,,,,,Nelson Region,Nil,2-way,Sealed,,0,0,,100,,Null,0,0,,52,Nelson City,Nil,,,,,0,0,Open,0,,,Heavy rain,Null
1756833,5918564,22189,,515600,0,,0,2,,West,2005/2006,NEW NORTH ROAD,FLOWER ST,,Non-Injury Crash,No,2006,,West,,0,,Hill Road,,,,,,Unknown,421000,0,0,0,2,,,0,,,,,,Auckland Region,Nil,2-way,Sealed,,0,0,,50,,Off,0,0,,76,Auckland,Nil,,,,,0,0,Urban,0,,,Fine,Null
1927296,5605131,22190,,545761,0,,0,2,,Null,2006/2007,YORK ROAD,MARAEKAKAHO ROAD,,Serious Crash,No,2006,,North,,0,,Flat,,Christmas New Year,,,,Overcast,1469905,2,0,0,3,,,0,,,,,,Hawke's Bay Region,Nil,2-way,Sealed,,0,1,,100,,Null,0,0,,30,Hastings District,Give way,,,,,0,0,Open,0,,,Fine,Null
1761731,5882210,22191,,521121,0,0,0,1,0,South,2006/2007,MAUKU ROAD,DAY ROAD,,Non-Injury Crash,No,2006,0,North,0,0,1,Flat,0,,0,,0,Dark,811802,0,0,0,2,0,0,0,0,0,,0,0,Auckland Region,Nil,2-way,Sealed,0,0,0,0,50,0,None,0,0,30,76,Auckland,Nil,0,0,0,0,0,0,Urban,0,0,0,Fine,Null
1882677,5826445,22192,,536821,0,,0,3,,South,2006/2007,SH 2,HEWLETTS ROAD,,Serious Crash,Yes,2006,,South,,0,,Flat,,,,,,Overcast,1204100,0,0,0,2,,,0,,,,,,Bay of Plenty Region,Bridge,2-way,Sealed,,0,1,,70,,Off,1,0,,23,Tauranga City,Nil,,,,,0,0,Urban,0,,,Fine,Null
1710796,6093202,22193,,501620,0,0,0,1,0,South,2006/2007,WAIKARE ROAD,RUSSELL ROAD,,Non-Injury Crash,No,2006,0,South,0,0,0,Hill Road,0,,0,,0,Bright sun,49104,0,0,0,2,0,0,0,1,0,,0,0,Northland Region,Nil,2-way,Unsealed,0,0,0,0,100,0,None,0,0,,1,Far North District,Nil,0,0,0,0,0,0,Open,0,0,0,Fine,Null
1862552,5543330,22194,,549800,0,,0,2,,South,2005/2006,SH 2,MAKIRIKIRI ROAD,,Minor Crash,Yes,2006,,South,,0,,Flat,,,,,,Bright sun,1537500,5,0,0,2,,,0,,,,,,Manawatū-Whanganui Region,Nil,2-way,Sealed,,0,0,,70,,Null,0,0,,41,Tararua District,Nil,,,,,0,0,Urban,0,,,Fine,Null
1752222,5876711,22195,,521151,0,,0,1,,West,2006/2007,AWHITU ROAD,KING ST,,Non-Injury Crash,No,2006,,West,,0,,Hill Road,,,,,,Bright sun,831200,0,0,0,2,,,0,,,,,,Auckland Region,Nil,2-way,Sealed,,0,0,,70,,Off,0,0,,76,Auckland,Nil,,,,,1,0,Urban,0,,,Fine,Null
1763391,5427909,22196,,565200,0,,0,1,,South,2005/2006,COAST ROAD,WOOD ST,,Minor Crash,No,2006,,South,,0,,Flat,,,,,,Overcast,2021500,1,0,1,2,,,0,,,,,,Wellington Region,Nil,2-way,Sealed,,0,0,,50,,Null,0,0,,46,Lower Hutt City,Nil,,,,,0,0,Urban,0,,,Fine,Null
1717769,6038638,22197,,502005,0,,0,2,,South,2006/2007,SH 1N,OAKS ROAD,,Non-Injury Crash,Yes,2006,,South,,0,,Flat,,,,,,Bright sun,74601,0,0,0,2,,,0,,,,,,Northland Region,Nil,2-way,Sealed,,0,0,,100,,None,0,0,,2,Whangarei District,Nil,,,,,0,0,Open,0,,,Fine,Null
1667993,5401786,22198,,580450,0,,0,0,,South,2005/2006,HAWKESBURY ROAD,DOG POINT ROAD,,Serious Crash,No,2006,,North,,0,,Flat,,,,,,Overcast,2288601,0,0,1,2,,,0,,,,,,Marlborough Region,Nil,2-way,Sealed,,0,1,,100,,Null,0,0,,53,Marlborough District,Nil,,,,,0,0,Open,1,,,Fine,Null
1745485,5920721,22199,,513301,0,,0,2,,East,2006/2007,SH 16,LINCOLN OBR,,Non-Injury Crash,Yes,2006,,West,,0,,Flat,,,,,,Dark,230301,0,0,0,4,,,0,,,,,,Auckland Region,Nil,2-way,Sealed,,0,0,,100,,On,0,0,,76,Auckland,Nil,,,,,0,0,Open,0,,,Fine,Null
1752353,5423311,22200,,577102,0,,0,1,,North,2005/2006,STRATHMORE AVENUE,KINGHORNE ST,,Minor Crash,No,2006,,North,,0,,Flat,,,,,,Bright sun,2214600,1,0,0,2,,,0,,,1,,,Wellington Region,Nil,2-way,Sealed,,0,0,,50,,Null,0,0,,47,Wellington City,Nil,,,,,0,0,Urban,0,,,Fine,Null
1756900,5920138,22201,,514102,0,,0,0,,Null,2005/2006,COOK ST,HOBSON ST,,Minor Crash,No,2006,,South,,0,,Hill Road,,,,,,Bright sun,434105,1,0,0,6,,,0,,,1,,,Auckland Region,Nil,2-way,Sealed,,0,0,,50,,Null,0,0,,76,Auckland,Traffic Signals,,,,,0,0,Urban,1,,,Fine,Null
1753018,5935030,22202,,508704,0,,0,2,,Null,2006/2007,OTEHA VALLEY ROAD,OTEHA VALLEY ON SBD,,Non-Injury Crash,No,2006,,West,,0,,Flat,,,,,,Twilight,179113,0,0,0,2,,,0,,,,,,Auckland Region,Nil,2-way,Sealed,,0,0,,50,,On,0,0,,76,Auckland,Traffic Signals,,,,,0,0,Urban,0,,,Fine,Null
1757309,5919915,22203,,514103,0,,0,2,,West,2006/2007,MAYORAL DRIVE,WAKEFIELD ST,,Non-Injury Crash,No,2006,,West,,0,,Flat,,,,,,Bright sun,436600,0,0,0,4,,,0,,,,,,Auckland Region,Nil,2-way,Sealed,,0,0,,50,,Off,0,0,,76,Auckland,Nil,,,,,0,0,Urban,0,,,Fine,Null