X,Y,OBJECTID,advisorySpeed,areaUnitID,bicycle,bridge,bus,carStationWagon,cliffBank,crashDirectionDescription,crashFinancialYear,crashLocation1,crashLocation2,crashRoadSideRoad,crashSeverity,crashSHDescription,crashYear,debris,directionRoleDescription,ditch,fatalCount,fence,flatHill,guardRail,holiday,houseOrBuilding,intersection,kerb,light,meshblockId,minorInjuryCount,moped,motorcycle,NumberOfLanes,objectThrownOrDropped,otherObject,otherVehicleType,overBank,parkedVehicle,pedestrian,phoneBoxEtc,postOrPole,region,roadCharacter,roadLane,roadSurface,roadworks,schoolBus,seriousInjuryCount,slipOrFlood,speedLimit,strayAnimal,streetLight,suv,taxi,temporarySpeedLimit,tlaId,tlaName,trafficControl,trafficIsland,trafficSign,train,tree,truck,unknownVehicleType,urban,vanOrUtility,vehicle,waterRiver,weatherA,weatherB
1768289,5469669,22204,,566000,1,,0,1,,Null,2005/2006,KAPITI ROAD,MILNE DRIVE,,Minor Crash,No,2006,,North,,0,,Flat,,,,,,Dark,1999732,1,0,0,4,,,0,,,,,,Wellington Region,Nil,2-way,Sealed,,0,0,,50,,On,0,0,,43,Kapiti Coast District,Give way,,,,,0,0,Urban,0,,,Fine,Null
1761231,5914637,22205,,520202,0,,0,2,,North,2005/2006,SH 1N,PENROSE OFF SBD,,Non-Injury Crash,Yes,2006,,South,,0,,Flat,,,,,,Dark,612100,0,0,0,6,,,0,,,,,,Auckland Region,Nil,2-way,Sealed,,0,0,,100,,On,0,0,,76,Auckland,Nil,,,,,0,0,Open,0,,,Fine,Null
1506589,5126108,22206,,597741,0,0,0,0,0,Null,2005/2006,WILSONS ROAD,FITZGERALD ROAD,,Minor Crash,No,2006,0,South,0,0,0,Flat,0,,0,,0,Dark,2745700,1,0,0,2,0,0,0,1,0,,0,0,Canterbury Region,Nil,2-way,Sealed,0,0,0,0,100,0,None,1,0,,63,Ashburton District,Nil,0,0,0,0,0,0,Open,0,0,0,Fine,Null
1404639,4914425,22207,,604210,0,,0,1,,Null,2006/2007,SOUTH ROAD,DAVID ST,,Serious Crash,No,2006,,West,,0,,Flat,,,,,,Twilight,2912600,0,0,1,2,,,0,,,,,,Otago Region,Nil,2-way,Sealed,,0,1,,50,,Off,0,0,,71,Dunedin City,Give way,,,,,0,0,Urban,0,,,Fine,Null
1764068,5915017,22208,,520302,0,0,0,3,0,Null,2006/2007,ELLERSLIE-PANMURE HIGHWAY,LUNN AVENUE,,Non-Injury Crash,No,2006,0,East,0,0,0,Flat,0,,0,,0,Bright sun,626500,0,0,0,6,0,0,0,0,0,,0,0,Auckland Region,Nil,2-way,Sealed,0,0,0,0,50,0,Off,0,0,,76,Auckland,Traffic Signals,0,0,0,0,0,0,Urban,0,1,0,Fine,Null
1724438,5944006,22209,,506642,0,0,0,1,0,North,2006/2007,SOUTH HEAD ROAD,EVANS ROAD,,Minor Crash,No,2006,0,South,1,0,0,Flat,0,Labour Weekend,0,,0,Dark,210400,1,0,0,2,0,0,0,0,0,,0,0,Auckland Region,Nil,2-way,Sealed,0,0,0,0,100,0,None,0,0,,76,Auckland,Nil,0,0,0,0,0,0,Open,0,0,0,Mist or Fog,Null
1760381,5913060,22210,,520000,0,,0,2,,West,2006/2007,MOUNT SMART ROAD,WAITANGI ROAD,,Non-Injury Crash,No,2006,,West,,0,,Flat,,,,,,Overcast,606201,0,0,0,2,,,0,,,,,,Auckland Region,Nil,2-way,Sealed,,0,0,,50,,Off,0,0,,76,Auckland,Nil,,,,,0,0,Urban,0,,,Light rain,Strong wind
1756573,5446015,22211,,571501,0,0,0,1,0,West,2005/2006,WHITFORD BROWN AVENUE,ROUTEBURN AVENUE,,Minor Crash,No,2006,0,East,0,0,0,Hill Road,0,,0,,0,Overcast,2056616,1,0,0,3,0,0,0,0,0,,0,0,Wellington Region,Nil,2-way,Sealed,0,0,0,0,70,0,Null,0,0,,44,Porirua City,Nil,0,0,0,1,0,0,Urban,0,0,0,Fine,Null
1817607,5803366,22212,35,527503,0,,0,1,,West,2005/2006,SH 1N,ALBERT ST,,Non-Injury Crash,Yes,2006,,West,,0,,Flat,,,,,,Twilight,963100,0,0,0,2,,,0,,,,,,Waikato Region,Nil,2-way,Sealed,,0,0,,100,,On,0,0,,17,Waipa District,Unknown,,,,,1,0,Open,0,,,Fine,Null
1746719,5919944,22213,,512300,0,,0,2,,West,2006/2007,SH 16,TE ATATU OFF EBD,,Non-Injury Crash,Yes,2006,,East,,0,,Flat,,,,,,Overcast,251700,0,0,0,2,,,0,,,,,,Auckland Region,Nil,1-way,Sealed,,0,0,,100,,Off,0,0,,76,Auckland,Nil,,,,,0,0,Open,0,,,Heavy rain,Null
1876957,5818457,22214,,537800,0,0,0,0,1,East,2005/2006,SH 29,OROPI ROAD,,Minor Crash,Yes,2006,0,West,0,0,0,Flat,0,,0,,0,Twilight,1178002,1,0,1,2,0,0,0,0,0,,0,0,Bay of Plenty Region,Nil,2-way,Sealed,0,0,0,0,100,0,None,0,0,,23,Tauranga City,Unknown,0,0,0,0,0,0,Open,0,0,0,Fine,Null
1826719,5886374,22215,,533502,0,,0,1,,South,2005/2006,THE TERRACE,HAPE ROAD,,Non-Injury Crash,No,2006,,South,,0,,Hill Road,,,,,,Overcast,1054302,0,0,0,2,,,0,,,,,,Waikato Region,Nil,2-way,Sealed,,0,0,,50,,Null,0,0,,11,Thames-Coromandel District,Unknown,,,,,0,0,Urban,0,,,Light rain,Null
1762597,5919423,22216,,516400,0,,0,2,,Null,2005/2006,KUPE ST,HAWAIKI ST,,Non-Injury Crash,No,2006,,North,,0,,Flat,,,,,,Overcast,497900,0,0,0,2,,,0,,,,,,Auckland Region,Nil,2-way,Sealed,,0,0,,50,,Null,0,0,,76,Auckland,Give way,,,,,0,0,Urban,0,,,Light rain,Null
1956258,5786959,22217,,542514,0,,0,1,,North,2005/2006,WAINUI ROAD,BURMA ROAD,,Minor Crash,No,2006,,South,,0,,Flat,,,,,,Twilight,1296500,2,0,0,2,,,0,,,,,,Bay of Plenty Region,Nil,2-way,Sealed,,0,0,,100,,None,1,0,,25,Whakatane District,Unknown,,,,,0,0,Open,0,,,Fine,Null
1768082,5899310,22218,,525101,0,,0,2,,Null,2005/2006,MAHIA ROAD,FRIEDLANDERS ROAD,,Non-Injury Crash,No,2006,,East,,0,,Flat,,Easter,,,,Bright sun,772806,0,0,0,2,,,0,,,,,,Auckland Region,Nil,2-way,Sealed,,0,0,,50,,Off,0,0,,76,Auckland,Give way,,,,,0,0,Urban,0,,,Fine,Null
1670433,6116096,22219,,500401,0,0,0,1,0,North,2006/2007,SH 10,OMAUNU ROAD,,Non-Injury Crash,Yes,2006,0,South,1,0,0,Flat,0,,0,,0,Bright sun,18900,0,0,0,2,0,0,0,0,0,,0,0,Northland Region,Nil,2-way,Sealed,0,0,0,0,100,0,Null,0,0,,1,Far North District,Unknown,0,0,0,0,0,0,Open,0,0,0,Fine,Null
1724943,6031012,22220,,501811,0,0,0,1,0,South,2005/2006,SH 1N,COTTON ROAD,,Minor Crash,Yes,2006,0,North,1,0,0,Flat,0,,0,,0,Bright sun,78601,1,0,0,2,0,0,0,0,0,,0,0,Northland Region,Nil,2-way,Sealed,0,0,0,0,100,0,None,0,0,,2,Whangarei District,Nil,0,0,0,0,0,0,Open,0,0,0,Fine,Null
1639069,6127591,22221,,500202,0,0,0,1,0,Null,2006/2007,SH 10,PARAPARA ROAD,,Minor Crash,Yes,2006,0,East,0,0,1,Hill Road,0,,0,,0,Bright sun,3300,3,0,0,2,0,0,0,0,0,,0,0,Northland Region,Nil,2-way,Sealed,0,0,0,0,100,0,Null,0,0,,1,Far North District,Nil,0,0,0,0,0,0,Open,0,0,0,Fine,Null
1783400,5889080,22222,70,521132,0,,0,1,,North,2005/2006,GELLING ROAD,ARARIMU ROAD,,Minor Crash,No,2006,,North,,0,,Flat,,,,,,Overcast,815303,2,0,0,2,,,0,,,,,,Auckland Region,Nil,2-way,Sealed,,0,0,,100,,None,1,0,,76,Auckland,Give way,,,,,0,0,Open,0,,,Light rain,Null
1569946,5189012,22223,,590400,0,,0,1,,Null,2006/2007,SH 74 MAIN NORTH,JOHNS ROAD,,Minor Crash,Yes,2006,,South,,0,,Flat,,,,,,Bright sun,2513501,1,0,0,4,,,0,,,,,,Canterbury Region,Nil,2-way,Sealed,,0,0,,60,,Null,1,0,,60,Christchurch City,Traffic Signals,,,,,0,0,Urban,0,,,Fine,Null
1770300,5898981,22224,,523911,0,,0,1,,North,2006/2007,GREAT SOUTH ROAD,MANUROA ROAD,,Non-Injury Crash,No,2006,,South,,0,,Flat,,Christmas New Year,,,,Overcast,768100,0,0,0,2,,,0,,,,,,Auckland Region,Nil,2-way,Sealed,,0,0,,50,,Null,0,0,,76,Auckland,Unknown,,,,,0,0,Urban,1,,,Fine,Null
1734076,5980603,22225,,506660,0,0,0,1,1,North,2005/2006,PORT ALBERT ROAD,SH 16,,Serious Crash,No,2006,0,South,1,0,0,Flat,0,,0,,0,Dark,144600,0,0,0,2,0,0,0,0,0,,0,0,Auckland Region,Nil,2-way,Sealed,0,0,1,0,100,0,None,0,0,,76,Auckland,Nil,0,0,0,0,0,0,Open,0,0,0,Fine,Null
1763087,5458814,22226,,566302,0,,0,1,,South,2005/2006,PAEKAKARIKI HILL ROAD,SH 1N,,Serious Crash,No,2006,,South,,0,,Hill Road,,,,,,Bright sun,2010000,0,0,1,2,,,0,,,,,,Wellington Region,Nil,2-way,Sealed,,0,1,,100,,Null,0,0,,43,Kapiti Coast District,Nil,,,,,0,0,Open,0,,,Fine,Null
1679847,5404038,22227,,581230,0,,0,1,,South,2005/2006,MARKET ST,ALFRED ST,,Minor Crash,No,2006,,South,,0,,Flat,,,,,,Bright sun,2297700,1,0,0,2,,,0,,,1,,,Marlborough Region,Nil,2-way,Sealed,,0,0,,30,,Null,0,0,,53,Marlborough District,Nil,,,,,0,0,Urban,0,,,Fine,Null
1749216,5430017,22228,,572900,0,,0,2,,South,2006/2007,HUTT ROAD,SAR ST,,Minor Crash,No,2006,,North,,0,,Flat,,,,,,Overcast,2118400,1,0,0,2,,,0,,,,,,Wellington Region,Nil,2-way,Sealed,,0,0,,50,,Null,0,0,,47,Wellington City,Nil,,,,,0,0,Urban,0,,,Fine,Null
1748611,5424684,22229,,576301,0,,0,1,,South,2006/2007,ADELAIDE ROAD,TORQUAY TERRACE,,Non-Injury Crash,No,2006,,North,,0,,Flat,,,,,,Overcast,2164400,0,0,1,2,,,0,,,,,,Wellington Region,Nil,2-way,Sealed,,0,0,,50,,Null,0,0,,47,Wellington City,Nil,,,,,0,0,Urban,0,,,Fine,Strong wind
1718657,6045121,22230,,503000,0,,0,1,,Null,2005/2006,MAUNU ROAD,BERNARD ST,,Serious Crash,No,2006,,East,,0,,Flat,,,,,,Bright sun,98900,0,1,0,2,,,0,,,,,,Northland Region,Nil,2-way,Sealed,,0,1,,50,,Null,0,0,,2,Whangarei District,Stop,,,,,0,0,Urban,0,,,Fine,Null
1844173,5743966,22231,,541320,0,,0,0,,Null,2005/2006,SH 30,SH 32,,Serious Crash,Yes,2006,,North,,0,,Flat,,,,,,Bright sun,1292700,2,0,0,2,,,0,,,,,,Waikato Region,Nil,2-way,Sealed,,0,2,,70,,Off,0,0,,21,Taupo District,Stop,,,,,1,0,Urban,1,,,Fine,Null
1748894,5429192,22232,,572900,0,,0,1,,East,2006/2007,HAWKESTONE ST,PORTLAND CRESCENT,,Minor Crash,No,2006,,East,,0,,Flat,,,,,,Dark,2119600,1,0,0,2,,,0,,,1,,,Wellington Region,Nil,2-way,Sealed,,0,0,,50,,On,0,0,,47,Wellington City,Nil,,,,,0,0,Urban,0,,,Fine,Null
1570882,5180281,22233,,591500,0,,0,1,,Null,2006/2007,MANCHESTER ST,GLOUCESTER ST,,Minor Crash,No,2006,,South,,0,,Flat,,,,,,Overcast,2652600,1,0,0,2,,,0,,,,,,Canterbury Region,Nil,2-way,Sealed,,0,0,,50,,Null,0,0,,60,Christchurch City,Traffic Signals,,,,,1,0,Urban,0,,,Fine,Null
1749674,5913882,22234,,511303,0,,0,2,,Null,2006/2007,GREAT NORTH ROAD,TOTARA AVENUE,,Non-Injury Crash,No,2006,,East,,0,,Flat,,Christmas New Year,,,,Twilight,264901,0,0,0,5,,,0,,,,,,Auckland Region,Nil,2-way,Sealed,,0,0,,50,,Off,0,0,,76,Auckland,Traffic Signals,,,,,0,0,Urban,0,,,Fine,Null
1755645,5928450,22235,,508320,0,,0,2,,North,2006/2007,WAIRAU ROAD,ARCHERS ROAD,,Non-Injury Crash,No,2006,,South,,0,,Flat,,,,,,Dark,198500,0,0,0,2,,,0,,,,,,Auckland Region,Nil,2-way,Sealed,,0,0,,50,,On,0,0,,76,Auckland,Traffic Signals,,,,,0,0,Urban,0,,,Fine,Null
1821443,5529626,22236,,562800,0,,0,1,,South,2005/2006,TAONUI ST,WALDING ST,,Minor Crash,No,2006,,South,,0,,Flat,,,,,,Overcast,1831000,1,0,0,2,,,0,,,1,,,Manawatū-Whanganui Region,Nil,2-way,Sealed,,0,0,,50,,Null,0,0,,40,Palmerston North City,Nil,,,,,0,0,Urban,0,,,Fine,Null
1803319,5828251,22237,,527122,0,0,0,1,0,Null,2005/2006,SH 1B,WOODLANDS ROAD,,Minor Crash,Yes,2006,0,North,1,0,0,Flat,0,,0,,0,Twilight,954000,1,0,0,2,0,0,0,0,0,,0,0,Waikato Region,Nil,2-way,Sealed,0,0,0,0,70,0,None,0,0,,13,Waikato District,Give way,0,0,0,0,0,0,Urban,1,0,0,Fine,Null
1738853,5918535,22238,,513102,0,,0,1,,Null,2006/2007,SCENIC DRIVE,RANGIMARIE AVENUE,,Minor Crash,No,2006,,East,,0,,Hill Road,,Christmas New Year,,,,Bright sun,237302,1,0,1,2,,,0,,,,,,Auckland Region,Nil,2-way,Sealed,,0,0,,80,,Off,0,0,,76,Auckland,Nil,,,,,0,0,Open,0,,,Fine,Null
1762103,5912509,22239,,519500,0,,0,2,,Null,2005/2006,CHURCH ST,HUGO JOHNSON DRIVE,,Minor Crash,No,2006,,West,,0,,Flat,,,,,,Overcast,622500,2,0,0,5,,,0,,,,,,Auckland Region,Nil,2-way,Sealed,,0,0,,50,,None,0,0,,76,Auckland,Traffic Signals,,,,,0,0,Urban,0,,,Fine,Null
1683629,5349430,22240,,581500,0,,0,0,,Null,2005/2006,SH 1S,KEKERENGU OBR,,Non-Injury Crash,Yes,2006,,South,,0,,Flat,,,,,,Dark,2315200,0,0,0,2,,,0,,,,,,Canterbury Region,Nil,2-way,Sealed,,0,0,,100,,On,0,0,,54,Kaikoura District,Nil,,,,,1,0,Open,1,,,Fine,Null
1763323,5911519,22241,,520500,0,,0,0,,Null,2005/2006,GREAT SOUTH ROAD,VESTEY DRIVE,,Non-Injury Crash,No,2006,,South,,0,,Flat,,,,,,Dark,637701,0,0,0,4,,,0,,,,,,Auckland Region,Nil,2-way,Sealed,,0,0,,50,,On,0,0,,76,Auckland,Traffic Signals,,,,,0,0,Urban,2,,,Fine,Null
2025258,5730646,22242,,543602,0,0,0,0,0,West,2005/2006,MAIN ROAD,SH 2,,Minor Crash,No,2006,0,East,0,0,0,Flat,0,,0,,0,Overcast,1351800,1,0,0,2,0,0,0,0,0,,0,1,Gisborne Region,Nil,2-way,Sealed,0,0,0,0,100,0,Null,0,0,,28,Gisborne District,Nil,0,0,0,0,0,0,Open,1,0,0,Light rain,Null
1827252,5532458,22243,,560302,0,0,0,1,0,South,2005/2006,SH 3,STONEY CREEK ROAD,,Minor Crash,Yes,2006,0,West,0,0,1,Flat,0,,0,,0,Bright sun,1793000,1,0,0,2,0,0,0,0,0,,0,1,Manawatū-Whanganui Region,Nil,2-way,Sealed,0,0,0,0,100,0,Null,0,0,,40,Palmerston North City,Nil,0,0,0,0,0,0,Open,0,0,0,Fine,Null
1805702,5814485,22244,,527124,0,,0,2,,East,2005/2006,SH 26,SILVERDALE ROAD,,Non-Injury Crash,Yes,2006,,West,,0,,Flat,,,,,,Twilight,955204,0,0,0,2,,,0,,,,,,Waikato Region,Nil,2-way,Sealed,,0,0,,80,,Off,0,0,,16,Hamilton City,Nil,,,,,0,0,Open,0,,,Fine,Null
1774629,5896927,22245,40,525610,0,0,0,1,0,South,2006/2007,CARGILL ST,STEWART ST,,Non-Injury Crash,No,2006,0,North,0,0,1,Flat,0,,0,,0,Overcast,799600,0,0,0,2,0,0,0,0,0,,0,0,Auckland Region,Nil,2-way,Sealed,0,0,0,0,50,0,Off,0,0,,76,Auckland,Nil,0,0,0,0,0,0,Urban,0,0,0,Mist or Fog,Null
1715422,6066401,22246,55,501814,0,0,0,1,1,North,2005/2006,SH 1N,RUSSELL ROAD,,Non-Injury Crash,Yes,2006,0,North,0,0,0,Hill Road,0,,0,,0,Overcast,60500,0,0,0,2,0,0,0,0,0,,0,0,Northland Region,Nil,2-way,Sealed,0,0,0,0,100,0,Off,0,0,,2,Whangarei District,Nil,0,0,0,0,0,0,Open,0,0,0,Light rain,Null
1817800,5529150,22247,,561811,0,0,0,1,0,East,2005/2006,NO 1 LINE,ANDERS ROAD,,Serious Crash,No,2006,0,North,0,0,0,Flat,0,,0,,0,Bright sun,1794602,0,0,0,2,0,0,0,0,1,,0,0,Manawatū-Whanganui Region,Nil,2-way,Sealed,0,0,1,0,70,0,Null,0,0,,40,Palmerston North City,Nil,0,0,0,0,1,0,Urban,0,0,0,Fine,Null
1879063,5825186,22248,,538201,0,0,0,2,0,South,2005/2006,SH 2,CHAPEL ST,,Non-Injury Crash,Yes,2006,0,North,0,0,0,Flat,1,,0,,0,Bright sun,1163001,0,0,0,4,0,0,0,0,0,,0,0,Bay of Plenty Region,Nil,2-way,Sealed,0,0,0,0,50,0,Null,0,0,,23,Tauranga City,Unknown,0,0,0,0,0,0,Urban,0,0,0,Fine,Null
1766161,5916257,22249,,517100,0,,0,1,,Null,2006/2007,ERIMA AVENUE,ANDERSON AVENUE,,Non-Injury Crash,No,2006,,North,,0,,Flat,,Labour Weekend,,,,Overcast,479200,0,0,0,2,,,0,,,,,,Auckland Region,Nil,2-way,Sealed,,0,0,,50,,Off,1,0,,76,Auckland,Stop,,,,,0,0,Urban,0,,,Heavy rain,Null
1757985,5917166,22250,,515700,0,,0,2,,Null,2006/2007,GILLIES AVENUE,OWENS ROAD,,Non-Injury Crash,No,2006,,South,,0,,Flat,,,,,,Bright sun,457600,0,0,0,2,,,0,,,,,,Auckland Region,Nil,2-way,Sealed,,0,0,,50,,Off,0,0,,76,Auckland,Traffic Signals,,,,,0,0,Urban,0,,,Fine,Null
1756357,5927148,22251,,507900,0,,0,1,,Null,2005/2006,NORTHCOTE ROAD,NORTHCOTE OFF NBD E,,Non-Injury Crash,Yes,2006,,North,,0,,Flat,,,,,,Dark,303501,0,0,0,2,,,0,,,,,,Auckland Region,Motorway ramp,2-way,Sealed,,0,0,,50,,On,0,0,,76,Auckland,Traffic Signals,,,,,0,0,Urban,1,,,Heavy rain,Null
1256697,4918069,22252,85,610020,0,0,0,1,0,North,2006/2007,LONGRIDGE ROAD,WILSON ROAD,,Fatal Crash,No,2006,0,East,0,1,1,Hill Road,0,,0,,0,Bright sun,3044900,0,0,0,2,0,0,0,0,0,,0,0,Southland Region,Nil,2-way,Sealed,0,0,0,0,100,0,Null,0,0,,73,Southland District,Unknown,0,1,0,0,0,0,Open,0,0,0,Fine,Strong wind
1765789,5914903,22253,,520601,0,,0,0,,South,2005/2006,TRIPOLI ROAD,BELLONA ROAD,,Non-Injury Crash,No,2006,,North,,0,,Flat,,,,,,Dark,632800,0,0,0,2,,,0,,,,,,Auckland Region,Nil,2-way,Sealed,,0,0,,50,,On,0,0,,76,Auckland,Nil,,,,,1,0,Urban,0,,,Fine,Null
1635104,6128661,22254,,500202,0,0,0,1,0,East,2006/2007,SH 10,INLAND ROAD,,Non-Injury Crash,Yes,2006,0,East,1,0,0,Flat,0,,0,,0,Dark,3000,0,0,0,2,0,0,0,0,0,,0,0,Northland Region,Nil,2-way,Sealed,0,0,0,0,100,0,None,0,0,,1,Far North District,Nil,0,0,0,0,0,0,Open,0,0,0,Fine,Null
1766148,5915819,22255,,517100,0,,0,1,,North,2005/2006,TRIPOLI ROAD,TORINO ST,,Non-Injury Crash,No,2006,,North,,0,,Flat,,,,,,Dark,479700,0,0,0,2,,,0,,,,,,Auckland Region,Nil,2-way,Sealed,,0,0,,50,,On,0,0,,76,Auckland,Nil,,,,,0,0,Urban,1,,,Light rain,Null
1616807,5253510,22256,75,585601,0,0,0,1,1,South,2006/2007,SH 1S,DARROCHS ROAD,,Minor Crash,Yes,2006,0,South,0,0,0,Hill Road,0,Christmas New Year,0,,0,Overcast,2433202,1,0,0,2,0,0,0,0,0,,0,0,Canterbury Region,Nil,2-way,Sealed,0,0,0,0,100,0,Null,0,0,,58,Hurunui District,Unknown,0,0,0,0,0,0,Open,0,0,0,Fine,Null
1815318,5540852,22257,,561422,0,0,0,1,0,East,2005/2006,AWAHURI FEILDING ROAD,BONESS ROAD,,Minor Crash,No,2006,0,East,0,0,1,Flat,0,,0,,0,Dark,1789200,1,0,0,2,0,0,0,0,0,,0,0,Manawatū-Whanganui Region,Nil,2-way,Sealed,0,0,0,0,100,0,None,0,0,,39,Manawatu District,Nil,0,0,0,0,0,0,Open,0,0,0,Fine,Null
1753419,5937247,22258,,506300,0,0,0,1,1,Null,2005/2006,EAST COAST ROAD,OKURA RIVER ROAD,,Non-Injury Crash,No,2006,0,North,0,0,0,Flat,0,,0,,0,Dark,176105,0,0,0,2,0,0,0,0,0,,0,1,Auckland Region,Nil,2-way,Sealed,0,0,0,0,100,0,Off,0,0,50,76,Auckland,Give way,0,0,0,0,0,0,Open,0,0,0,Fine,Null
1888845,5785110,22259,65,538820,0,,0,1,,East,2005/2006,HAMURANA ROAD,UNSWORTH ROAD,,Non-Injury Crash,No,2006,,West,,0,,Flat,,,,,,Overcast,1250402,0,0,0,2,,,0,,,,,,Bay of Plenty Region,Nil,2-way,Sealed,,0,0,,100,,Null,0,0,,24,Rotorua District,Unknown,,,,,0,0,Open,0,,,Light rain,Null
1820617,5845601,22260,,534500,0,0,0,1,0,North,2006/2007,MORRINSVILLE TAHUNA ROAD,PAEROA TAHUNA ROAD,,Non-Injury Crash,No,2006,0,North,1,0,0,Flat,0,,0,,0,Dark,1093500,0,0,0,2,0,0,0,0,0,,0,0,Waikato Region,Nil,2-way,Sealed,0,0,0,0,100,0,None,0,0,,15,Matamata-Piako District,Nil,0,0,0,0,0,0,Open,0,0,0,Fine,Null
1768395,5911694,22261,,523112,0,,0,1,,West,2006/2007,TI RAKAU DRIVE,TRUGOOD DRIVE,,Minor Crash,No,2006,,West,,0,,Flat,,,,,,Overcast,711404,1,0,1,6,,,0,,,,,,Auckland Region,Nil,2-way,Sealed,,0,0,,60,,Off,0,0,,76,Auckland,Nil,,,,,0,0,Urban,0,,,Fine,Null
1578472,5220513,22262,,585803,0,,0,1,,South,2006/2007,SH 1S,GRAYS ROAD,,Minor Crash,Yes,2006,,South,,0,,Flat,,,,,,Dark,2441000,1,0,0,2,,,0,,,,,,Canterbury Region,Nil,2-way,Sealed,,0,0,,100,,None,0,0,50,58,Hurunui District,Unknown,,,,,0,0,Open,0,,,Fine,Null
1769022,5882098,22263,,525910,0,,0,0,,North,2005/2006,EDINBURGH ST,HOGAN ST,,Non-Injury Crash,No,2006,,North,,0,,Flat,,,,,,Bright sun,818200,0,0,0,2,,,0,,,,,,Auckland Region,Nil,2-way,Sealed,,0,0,,50,,Off,0,0,,76,Auckland,Nil,,,,,0,0,Urban,3,,,Fine,Null
1804200,5789266,22264,,531004,0,0,0,0,0,South,2006/2007,SH 3,BRIDGMAN ROAD,,Non-Injury Crash,Yes,2006,0,North,0,0,0,Hill Road,0,,0,,0,Bright sun,975404,0,0,0,2,0,0,0,0,0,,0,0,Waikato Region,Nil,2-way,Sealed,0,0,0,0,50,0,Off,1,0,,17,Waipa District,Nil,0,0,0,1,0,0,Urban,0,0,0,Fine,Null
1798219,5816313,22265,,528800,0,1,0,0,0,South,2006/2007,FOREST LAKE ROAD,TUI AVENUE,,Non-Injury Crash,No,2006,0,East,0,0,0,Flat,0,,0,,0,Overcast,903700,0,0,0,2,0,1,0,0,0,,0,0,Waikato Region,Bridge,2-way,Sealed,0,0,0,0,50,0,Null,0,0,,16,Hamilton City,Unknown,0,0,0,0,1,0,Urban,0,0,0,Fine,Null
1753034,5912487,22266,,518902,0,,0,2,,Null,2005/2006,WHITE SWAN ROAD,HILLSBOROUGH ROAD,,Non-Injury Crash,No,2006,,South,,0,,Flat,,,,,,Dark,586700,0,0,0,2,,,0,,,,,,Auckland Region,Nil,2-way,Sealed,,0,0,,50,,On,0,0,,76,Auckland,Stop,,,,,0,0,Urban,0,,,Fine,Null
1746907,5428129,22267,,575000,0,0,0,2,0,South,2006/2007,CHAYTOR ST,RAROA CRESCENT,,Minor Crash,No,2006,0,North,0,0,0,Flat,0,,0,,0,Bright sun,2111100,1,0,0,2,0,0,0,0,1,,0,0,Wellington Region,Nil,2-way,Sealed,0,0,0,0,50,0,Null,0,0,,47,Wellington City,Nil,0,0,0,0,0,0,Urban,0,0,0,Fine,Null
1589322,5235635,22268,,585700,0,0,0,1,0,South,2005/2006,REECES ROAD,SH 1S,,Serious Crash,No,2006,0,West,0,0,0,Hill Road,0,Queens Birthday,0,,0,Dark,2435500,0,0,0,2,0,0,0,0,0,,0,0,Canterbury Region,Nil,2-way,Sealed,0,0,1,0,100,0,None,0,0,,58,Hurunui District,Unknown,0,0,0,1,0,0,Open,0,0,0,Heavy rain,Null
1752438,5918349,22269,,515002,0,,0,2,,Null,2005/2006,HUIA ROAD,TUI ST,,Non-Injury Crash,No,2006,,East,,0,,Flat,,,,,,Bright sun,396300,0,0,0,2,,,0,,,,,,Auckland Region,Nil,2-way,Sealed,,0,0,,50,,Off,0,0,,76,Auckland,Stop,,,,,0,0,Urban,0,,,Fine,Null
1805775,5806490,22270,,527915,0,,0,1,,Null,2005/2006,SH 21,HAMILTON AIRPORT ENTRANCE,,Non-Injury Crash,Yes,2006,,North,,0,,Flat,,Easter,,,,Dark,984900,0,0,0,2,,,0,,,,,,Waikato Region,Nil,2-way,Sealed,,0,0,,100,,On,1,0,,17,Waipa District,Give way,,,,,0,0,Open,0,,,Fine,Null
1765129,5910300,22271,,521803,0,,0,2,,Null,2005/2006,FRANK GREY PLACE,PRINCES ST EAST,,Minor Crash,No,2006,,South,,0,,Flat,,,,,,Overcast,790500,1,0,0,2,,,0,,,,,,Auckland Region,Nil,2-way,Sealed,,0,0,,50,,Off,0,0,,76,Auckland,Give way,,,,,0,0,Urban,1,,,Fine,Null
1845263,5912023,22272,,533200,0,0,0,2,1,North,2006/2007,SH 25,HOT WATER BEACH ROAD,,Serious Crash,Yes,2006,0,East,0,0,1,Flat,0,Labour Weekend,0,,0,Bright sun,1048101,1,0,0,2,0,0,0,0,0,,0,0,Waikato Region,Nil,2-way,Sealed,0,0,2,0,100,0,Null,0,0,,11,Thames-Coromandel District,Unknown,0,0,0,0,0,0,Open,0,0,0,Fine,Null
1755913,5935237,22273,,507101,0,,0,2,,East,2005/2006,Z CPK NEW WORLD,GLEN ROAD,,Non-Injury Crash,No,2006,,South,,0,,Flat,,,,,,Bright sun,161100,0,0,0,0,,,0,,,,,,Auckland Region,Nil,Off road,Sealed,,0,0,,30,,Off,0,0,,76,Auckland,Nil,,,,,0,0,Urban,0,,,Fine,Null