X,Y,OBJECTID,advisorySpeed,areaUnitID,bicycle,bridge,bus,carStationWagon,cliffBank,crashDirectionDescription,crashFinancialYear,crashLocation1,crashLocation2,crashRoadSideRoad,crashSeverity,crashSHDescription,crashYear,debris,directionRoleDescription,ditch,fatalCount,fence,flatHill,guardRail,holiday,houseOrBuilding,intersection,kerb,light,meshblockId,minorInjuryCount,moped,motorcycle,NumberOfLanes,objectThrownOrDropped,otherObject,otherVehicleType,overBank,parkedVehicle,pedestrian,phoneBoxEtc,postOrPole,region,roadCharacter,roadLane,roadSurface,roadworks,schoolBus,seriousInjuryCount,slipOrFlood,speedLimit,strayAnimal,streetLight,suv,taxi,temporarySpeedLimit,tlaId,tlaName,trafficControl,trafficIsland,trafficSign,train,tree,truck,unknownVehicleType,urban,vanOrUtility,vehicle,waterRiver,weatherA,weatherB
1757813,5918166,22274,,515700,0,,0,2,,South,2006/2007,SH 1N,MOUNTAIN OBR,,Non-Injury Crash,Yes,2006,,North,,0,,Flat,,,,,,Dark,443600,0,0,0,4,,,0,,,,,,Auckland Region,Nil,2-way,Sealed,,0,0,,80,,On,0,0,,76,Auckland,Nil,,,,,0,0,Open,0,,,Fine,Null
1869069,5714114,22275,,541730,1,,0,1,,Null,2005/2006,TAUHARA ROAD,A C BATHS AVENUE,,Non-Injury Crash,No,2006,,South,,0,,Flat,,,,,,Overcast,1271000,0,0,0,2,,,0,,,,,,Waikato Region,Nil,2-way,Sealed,,0,0,,50,,Null,0,0,,21,Taupo District,Give way,,,,,0,0,Urban,0,,,Fine,Null
1765024,5917123,22276,,517201,0,0,0,2,0,South,2006/2007,FELTON MATHEW AVENUE,FARMHOUSE LANE,,Non-Injury Crash,No,2006,0,West,0,0,0,Flat,0,,0,,0,Overcast,464200,0,0,0,2,0,0,0,0,1,,0,0,Auckland Region,Nil,2-way,Sealed,0,0,0,0,50,0,None,0,0,,76,Auckland,Nil,0,0,0,0,0,0,Urban,0,0,0,Fine,Null
1764428,5914898,22277,,520303,0,,0,2,,Null,2005/2006,ELLERSLIE-PANMURE HIGHWAY,MOUNT WELLINGTON HIGHWAY,,Minor Crash,No,2006,,West,,0,,Flat,,,,,,Bright sun,627400,1,0,0,5,,,0,,,,,,Auckland Region,Nil,2-way,Sealed,,0,0,,50,,Off,0,0,,76,Auckland,Traffic Signals,,,,,0,0,Urban,0,,,Fine,Null
1846889,5779672,22278,,535261,0,0,0,1,1,North,2006/2007,SH 1N,SCRIVENERS ROAD,,Minor Crash,Yes,2006,0,South,0,0,0,Flat,0,Labour Weekend,0,,0,Bright sun,1133700,1,0,0,2,0,0,0,0,0,,0,0,Waikato Region,Nil,2-way,Sealed,0,0,0,0,100,0,None,0,0,,19,South Waikato District,Nil,0,0,0,0,0,0,Open,0,0,0,Fine,Null
1747211,5935684,22279,55,506653,0,0,0,1,0,West,2005/2006,COATESVILLE-RIVERHEAD HIG,SCREEN ROAD,,Non-Injury Crash,No,2006,0,West,0,0,0,Hill Road,0,,0,,0,Overcast,217209,0,0,0,2,0,0,0,1,0,,0,0,Auckland Region,Nil,2-way,Sealed,0,0,0,0,100,0,None,0,0,,76,Auckland,Nil,0,0,0,0,0,0,Open,0,0,0,Light rain,Null
1260760,5012380,22280,,609031,0,0,0,1,0,North,2006/2007,CORONET PEAK ROAD,MALAGHANS ROAD,,Minor Crash,No,2006,0,South,1,0,0,Hill Road,0,,0,,0,Overcast,3038103,1,0,0,2,0,0,0,0,0,,0,0,Otago Region,Nil,2-way,Sealed,0,0,0,0,100,0,Null,0,0,,70,Queenstown-Lakes District,Unknown,0,0,0,1,0,0,Open,0,0,0,Fine,Null
1741099,5976404,22281,,506660,0,,0,1,,South,2006/2007,SH 1N,WAYBY VALLEY ROAD,,Non-Injury Crash,Yes,2006,,North,,0,,Flat,,,,,,Overcast,136700,0,0,0,2,,,0,,,,,,Auckland Region,Nil,2-way,Sealed,,0,0,,100,,None,0,0,,76,Auckland,Nil,,,,,0,0,Open,0,,,Null,Null
1798475,5814523,22282,,529000,0,,0,2,,Null,2006/2007,KILLARNEY ROAD,LYON ST,,Non-Injury Crash,No,2006,,East,,0,,Flat,,,,,,Bright sun,918000,0,0,0,2,,,0,,,,,,Waikato Region,Nil,2-way,Sealed,,0,0,,50,,Null,0,0,,16,Hamilton City,Give way,,,,,0,0,Urban,0,,,Fine,Null
1761475,5914220,22283,,520202,0,0,0,0,0,South,2005/2006,SH 1N,PENROSE INT S,,Non-Injury Crash,Yes,2006,0,South,0,0,0,Flat,0,,0,,0,Dark,612700,0,0,0,3,0,0,0,0,0,,0,0,Auckland Region,Nil,2-way,Sealed,0,0,0,0,100,0,On,1,0,,76,Auckland,Nil,0,0,0,0,0,0,Open,0,0,1,Heavy rain,Null
1838922,5662209,22284,25,541501,0,,0,3,,Null,2005/2006,SH 1N,MANGATAWAI BR,,Minor Crash,Yes,2006,,South,,0,,Hill Road,,Easter,,,,Dark,1288900,3,0,0,1,,,0,,,,,,Waikato Region,Bridge,2-way,Sealed,,0,0,,100,,None,0,0,,21,Taupo District,Nil,,,,,0,0,Open,0,,,Light rain,Null
1875845,5824513,22285,,537100,0,0,0,1,0,Null,2006/2007,BELLEVUE ROAD,WINDSOR ROAD,,Minor Crash,No,2006,0,South,0,0,1,Flat,0,Labour Weekend,0,,0,Dark,1159407,1,0,0,2,0,1,0,0,0,,0,0,Bay of Plenty Region,Nil,2-way,Sealed,0,0,0,0,50,0,On,0,0,,23,Tauranga City,Nil,0,0,0,0,0,0,Urban,0,0,0,Fine,Null
1758650,5918729,22286,,517400,0,,0,1,,South,2006/2007,BROADWAY,PARNELL ROAD,,Non-Injury Crash,No,2006,,North,,0,,Flat,,,,,,Bright sun,450701,0,0,1,2,,,0,,,,,,Auckland Region,Nil,2-way,Sealed,,0,0,,50,,Off,0,0,,76,Auckland,Give way,,,,,0,0,Urban,0,,,Fine,Null
1753289,5933051,22287,,508807,0,,0,1,,Null,2006/2007,GREVILLE OFF NBD,TAWA DRIVE,,Non-Injury Crash,Yes,2006,,North,,0,,Flat,,,,,,Overcast,180811,0,0,0,2,,,0,,,,,,Auckland Region,Nil,1-way,Sealed,,0,0,,50,,Null,1,0,,76,Auckland,Give way,,,,,0,0,Urban,0,,,Fine,Null
1755141,5929693,22288,,508420,0,,0,2,,North,2005/2006,LINK DRIVE,CROFTFIELD LANE,,Non-Injury Crash,No,2006,,South,,0,,Flat,,Queens Birthday,,,,Overcast,183800,0,0,0,2,,,0,,,,,,Auckland Region,Nil,2-way,Sealed,,0,0,,50,,Off,0,0,,76,Auckland,Nil,,,,,0,0,Urban,0,,,Light rain,Null
1768356,5899614,22289,,525101,0,0,0,1,0,South,2006/2007,COXHEAD ROAD,KOHIWI ROAD,,Serious Crash,No,2006,0,South,0,0,1,Flat,0,,0,,0,Twilight,772802,1,0,0,2,0,0,0,0,0,,0,0,Auckland Region,Nil,2-way,Sealed,0,0,1,0,50,0,Off,0,0,,76,Auckland,Nil,0,0,0,0,0,0,Urban,0,0,0,Fine,Null
1936761,5621505,22290,,546802,0,,0,2,,Null,2005/2006,TENNYSON ST,DALTON ST,,Minor Crash,No,2006,,West,,0,,Flat,,,,,,Bright sun,1423600,1,0,0,2,,,0,,,,,,Hawke's Bay Region,Nil,2-way,Sealed,,0,0,,50,,Null,0,0,,31,Napier City,Traffic Signals,,,,,0,0,Urban,0,,,Fine,Null
1758081,5446911,22291,,572200,0,,0,2,,Null,2006/2007,OMAPERE ST,POSTGATE DRIVE,,Non-Injury Crash,No,2006,,North,,0,,Flat,,,,,,Bright sun,2071203,0,0,0,2,,,0,,,,,,Wellington Region,Nil,2-way,Sealed,,0,0,,50,,Null,0,0,,44,Porirua City,Give way,,,,,0,0,Urban,0,,,Fine,Null
1790696,5843130,22292,,527402,0,,0,2,,Null,2006/2007,SH 1N,FLETCHER ST,,Non-Injury Crash,Yes,2006,,South,,0,,Flat,,,,,,Dark,942900,0,0,0,2,,,0,,,,,,Waikato Region,Nil,2-way,Sealed,,0,0,,70,,On,0,0,,13,Waikato District,Give way,,,,,0,0,Urban,0,,,Fine,Null
1765041,5905792,22293,,522202,0,,0,2,,Null,2005/2006,ST GEORGE ST,KOLMAR ROAD,,Non-Injury Crash,No,2006,,East,,0,,Flat,,,,,,Bright sun,663400,0,0,0,4,,,0,,,,,,Auckland Region,Nil,2-way,Sealed,,0,0,,50,,Off,0,0,,76,Auckland,Traffic Signals,,,,,0,0,Urban,0,,,Fine,Null
1824447,5532634,22294,,562200,0,0,0,2,0,South,2006/2007,SUZANNE GROVE,PETER HALL DRIVE,,Minor Crash,No,2006,0,South,0,0,0,Flat,0,,0,,0,Dark,1839510,1,0,0,2,0,0,0,0,1,,0,0,Manawatū-Whanganui Region,Nil,2-way,Sealed,0,0,0,0,50,0,On,0,0,,40,Palmerston North City,Nil,0,0,0,0,0,0,Urban,0,0,0,Fine,Null
1768717,5900974,22295,,525001,0,0,0,2,0,South,2006/2007,Z CPK SOUTHMALL SC,STATION ROAD,,Non-Injury Crash,No,2006,0,North,0,0,0,Flat,0,,0,,0,Bright sun,751600,0,0,0,0,0,0,0,0,1,,0,0,Auckland Region,Nil,Off road,Sealed,0,0,0,0,30,0,Off,0,0,,76,Auckland,Nil,0,0,0,0,0,0,Urban,0,0,0,Fine,Null
1585241,5235496,22296,,585700,0,0,0,1,0,East,2005/2006,SH 1S,BAXTERS ROAD,,Serious Crash,Yes,2006,0,West,0,0,0,Flat,0,,0,,0,Dark,2435900,0,0,0,2,0,0,0,0,0,,0,1,Canterbury Region,Nil,2-way,Sealed,0,0,1,0,100,0,None,0,0,,58,Hurunui District,Unknown,0,0,0,0,0,0,Open,0,0,0,Fine,Null
1770311,5909755,22297,,523109,0,,0,2,,Null,2005/2006,SMALES ROAD,CHAPEL ROAD,,Non-Injury Crash,No,2006,,South,,0,,Flat,,,,,,Overcast,711740,0,0,0,4,,,0,,,,,,Auckland Region,Nil,2-way,Sealed,,0,0,,50,,Off,0,0,,76,Auckland,Traffic Signals,,,,,0,0,Urban,0,,,Heavy rain,Null
1756110,5926914,22298,,508620,0,,0,2,,East,2005/2006,NORTHCOTE ROAD,SUNNYBRAE ROAD,,Minor Crash,No,2006,,East,,0,,Flat,,,,,,Overcast,204702,1,0,0,5,,,0,,,,,,Auckland Region,Nil,2-way,Sealed,,0,0,,50,,Off,0,0,,76,Auckland,Nil,,,,,0,0,Urban,0,,,Fine,Null
1933460,5619445,22299,,547400,0,0,0,3,0,Null,2006/2007,SH 50,TRINITY CRESCENT,,Serious Crash,Yes,2006,0,South,0,0,0,Flat,0,,0,,0,Bright sun,1448700,0,0,0,4,0,0,0,0,1,,0,0,Hawke's Bay Region,Nil,2-way,Sealed,0,0,1,0,50,0,Null,0,0,,31,Napier City,Give way,0,0,0,0,0,0,Urban,0,0,0,Fine,Null
1767929,5904500,22300,,524604,0,0,0,2,0,South,2005/2006,SH 1N,MANUKAU ON NBD,,Non-Injury Crash,Yes,2006,0,North,0,0,0,Flat,1,,0,,0,Bright sun,780302,0,0,0,3,0,0,0,0,0,,0,0,Auckland Region,Nil,1-way,Sealed,0,0,0,0,100,0,Off,0,0,,76,Auckland,Nil,0,0,0,0,1,0,Open,0,0,0,Fine,Null
1761972,5913415,22301,,519500,0,,0,2,,Null,2005/2006,GREAT SOUTH ROAD,PENROSE ROAD,,Non-Injury Crash,No,2006,,South,,0,,Flat,,,,,,Twilight,621500,0,0,0,4,,,0,,,,,,Auckland Region,Nil,2-way,Sealed,,0,0,,50,,Off,0,0,,76,Auckland,Traffic Signals,,,,,0,0,Urban,0,,,Fine,Null
1769251,5901651,22302,,524901,0,,0,3,,West,2005/2006,HILL ROAD,HILLCREST GROVE,,Non-Injury Crash,No,2006,,West,,0,,Hill Road,,,,,,Dark,756000,0,0,0,2,,,0,,,,,,Auckland Region,Nil,2-way,Sealed,,0,0,,50,,On,0,0,,76,Auckland,Nil,,,,,0,0,Urban,0,,,Light rain,Null
1573638,5182357,22303,,592812,0,,0,1,,Null,2006/2007,GAYHURST ROAD,BIRCHFIELD AVENUE,,Minor Crash,No,2006,,North,,0,,Flat,,,,,,Dark,2601100,1,0,0,2,,,0,,,1,,,Canterbury Region,Nil,2-way,Sealed,,0,0,,50,,On,0,0,,60,Christchurch City,Give way,,,,,0,0,Urban,0,,,Fine,Strong wind
1822655,5531358,22304,,562401,0,,0,1,,South,2005/2006,RUAHINE ST,NEWHAVEN PLACE,,Minor Crash,No,2006,,South,,0,,Flat,,,,,,Bright sun,1834100,1,0,0,2,,,0,,,,,,Manawatū-Whanganui Region,Nil,2-way,Sealed,,0,0,,50,,Null,1,0,,40,Palmerston North City,Nil,,,,,0,0,Urban,0,,,Fine,Null
1751715,5723649,22305,55,531710,0,0,0,0,1,North,2005/2006,SH 3,AWAKAU ROAD,,Non-Injury Crash,Yes,2006,0,North,0,0,0,Flat,0,,0,,0,Dark,1016800,0,0,0,2,0,0,0,0,0,,0,0,Waikato Region,Nil,2-way,Sealed,0,0,0,0,100,0,None,0,0,,20,Waitomo District,Nil,0,0,0,0,1,0,Open,0,0,0,Fine,Null
1767643,5900315,22306,,524720,0,0,0,0,0,Null,2005/2006,WEYMOUTH ROAD,FRIEDLANDERS ROAD,,Non-Injury Crash,No,2006,0,East,0,0,0,Flat,0,,0,,0,Twilight,776900,0,0,0,2,0,0,0,0,0,,0,0,Auckland Region,Nil,2-way,Sealed,0,0,0,0,50,0,On,1,0,,76,Auckland,Nil,1,0,0,0,0,0,Urban,0,0,0,Fine,Null
1766134,5441301,22307,,568102,0,0,0,1,0,North,2009/2010,HOLBORN DRIVE,HAROLD GROVE,,Non-Injury Crash,No,2009,0,South,0,0,1,Hill Road,0,,0,,0,Dark,1930800,0,0,0,2,0,0,0,1,0,,0,0,Wellington Region,Nil,2-way,Sealed,0,0,0,0,50,0,None,0,0,,46,Lower Hutt City,Nil,0,0,0,0,0,0,Urban,0,0,0,Light rain,Null
1762286,5436747,22308,,568502,0,0,0,1,0,West,2008/2009,CAMBRIDGE TERRACE,FISK ST,,Non-Injury Crash,No,2009,0,South,0,0,0,Flat,0,,0,,0,Dark,1951800,0,0,0,2,0,0,0,0,1,,0,0,Wellington Region,Nil,2-way,Sealed,0,0,0,0,50,0,On,0,0,,46,Lower Hutt City,Nil,0,0,0,0,0,0,Urban,1,0,0,Fine,Null
1823612,5528678,22309,,563102,0,,0,1,,Null,2008/2009,ALBERT ST,TE AWE AWE ST,,Non-Injury Crash,No,2009,,North,,0,,Flat,,,,,,Overcast,1812000,0,0,0,2,,,0,,,,,,Manawatū-Whanganui Region,Nil,2-way,Sealed,,0,0,,50,,Null,0,0,,40,Palmerston North City,Give way,,,,,1,0,Urban,0,,,Fine,Null
1871299,5825147,22310,,536503,0,0,0,1,1,South,2009/2010,TE PUNA STATION ROAD,TE PUNA ROAD,,Non-Injury Crash,No,2009,0,North,0,0,0,Hill Road,0,,0,,0,Dark,1188103,0,0,0,2,0,0,0,0,0,,0,0,Bay of Plenty Region,Nil,2-way,Sealed,0,0,0,0,100,0,None,0,0,,22,Western Bay of Plenty District,Nil,0,0,0,0,0,0,Open,0,0,0,Fine,Null
1765297,5914521,22311,,520602,0,,0,2,,North,2009/2010,GIFFORD LANE,DOMAIN ROAD,,Non-Injury Crash,No,2009,,North,,0,,Flat,,,,,,Overcast,628800,0,0,0,1,,,0,,,,,,Auckland Region,Nil,2-way,Sealed,,0,0,,20,,Off,0,0,,76,Auckland,Nil,,,,,0,0,Urban,0,,,Fine,Null
1770311,5909755,22312,,523109,0,,0,1,,Null,2008/2009,CHAPEL ROAD,SMALES ROAD,,Non-Injury Crash,No,2009,,South,,0,,Null,,,,,,Overcast,711740,0,0,0,2,,,0,,,,,,Auckland Region,Nil,2-way,Sealed,,0,0,,60,,Null,0,0,,76,Auckland,Traffic Signals,,,,,0,0,Urban,1,,,Null,Null
1768692,5901146,22313,,524901,0,,0,2,,Null,2009/2010,HILL ROAD,NEWHOOK LANE,,Non-Injury Crash,No,2009,,West,,0,,Hill Road,,,,,,Bright sun,757100,0,0,0,2,,,0,,,,,,Auckland Region,Nil,2-way,Sealed,,0,0,,50,,Off,0,0,,76,Auckland,Nil,,,,,0,0,Urban,0,,,Fine,Null
1768668,5901074,22314,,524901,0,,0,1,,South,2009/2010,GREAT SOUTH ROAD,STATION ROAD,,Non-Injury Crash,No,2009,,North,,0,,Flat,,,,,,Bright sun,757100,0,0,0,2,,,0,,,,,,Auckland Region,Nil,2-way,Sealed,,0,0,,50,,Off,1,0,,76,Auckland,Nil,,,,,0,0,Urban,0,,,Fine,Null
1799565,5562550,22315,,559230,0,0,0,1,0,East,2008/2009,WANGANUI ROAD,WILLIAMSONS LINE,,Non-Injury Crash,No,2009,0,West,0,0,1,Flat,0,,0,,0,Bright sun,1733100,0,0,0,2,0,0,0,0,0,,0,0,Manawatū-Whanganui Region,Nil,2-way,Sealed,0,0,0,0,100,0,Null,0,0,,38,Rangitikei District,Nil,0,0,0,0,0,0,Open,0,0,0,Fine,Null
1647898,5427956,22316,35,580446,0,,0,0,,Null,2009/2010,SH 6,PELORUS BR S,,Non-Injury Crash,Yes,2009,,South,,0,,Flat,,,,,,Dark,2283400,0,0,0,2,,,0,,,,,,Marlborough Region,Bridge,2-way,Sealed,,0,0,,100,,None,0,0,,53,Marlborough District,Give way,,,,,1,0,Open,0,,,Light rain,Null
1763696,5428845,22317,,565200,0,,0,1,,West,2008/2009,MAIN ROAD,HOMEDALE ROAD,,Non-Injury Crash,No,2009,,South,,0,,Flat,,Christmas New Year,,,,Bright sun,2020500,0,0,1,2,,,0,,,,,,Wellington Region,Nil,2-way,Sealed,,0,0,,50,,Null,0,0,,46,Lower Hutt City,Nil,,,,,0,0,Urban,0,,,Fine,Null
1595000,5457891,22318,,581832,0,0,0,1,0,West,2008/2009,SH 60,RIWAKA VALLEY ROAD,,Non-Injury Crash,Yes,2009,0,South,0,0,0,Hill Road,0,,0,,0,Bright sun,2366600,0,0,0,2,0,0,0,1,0,,0,0,Tasman Region,Nil,2-way,Sealed,0,0,0,0,100,0,Null,0,0,,51,Tasman District,Nil,0,0,0,1,0,0,Open,0,0,0,Fine,Null
1710812,5644456,22319,,553101,0,,0,2,,Null,2009/2010,SH 3,PAGE ST,,Non-Injury Crash,Yes,2009,,East,,0,,Flat,,,,,,Overcast,1613200,0,0,0,2,,,0,,,,,,Taranaki Region,Nil,2-way,Sealed,,0,0,,50,,Null,0,0,,34,Stratford District,Stop,,,,,0,0,Urban,0,,,Fine,Null
1752140,5436107,22320,,573801,0,,0,2,,North,2008/2009,SH 1N,JOHNSONVILLE OFF SBD,,Non-Injury Crash,Yes,2009,,South,,0,,Flat,,,,,,Overcast,2079401,0,0,0,2,,,0,,,,,,Wellington Region,Nil,2-way,Sealed,,0,0,,100,,Null,0,0,,47,Wellington City,Nil,,,,,0,0,Open,0,,,Heavy rain,Null
1758975,5924948,22321,,508110,0,0,0,2,0,East,2009/2010,KEYS ST,EVERSLEIGH ROAD,,Non-Injury Crash,No,2009,0,South,0,0,0,Flat,0,,0,,0,Bright sun,320400,0,0,0,1,0,0,0,0,1,,0,0,Auckland Region,Nil,2-way,Sealed,0,0,0,0,50,0,Null,0,0,,76,Auckland,Unknown,0,0,0,0,0,0,Urban,0,0,0,Fine,Null
1619254,5426932,22322,,584000,0,0,0,2,0,East,2009/2010,ANDREW ST,NAYLAND ROAD,,Non-Injury Crash,No,2009,0,East,0,0,0,Flat,0,,0,,0,Bright sun,2341600,0,0,0,2,0,0,0,0,0,,0,0,Nelson Region,Nil,2-way,Sealed,0,0,0,0,50,0,Null,0,0,,52,Nelson City,Nil,0,0,0,0,0,0,Urban,0,1,0,Fine,Null
1717056,6038083,22323,,502005,0,,0,2,,North,2009/2010,SH 1N,MAUNGAKARAMEA ROAD,,Non-Injury Crash,Yes,2009,,North,,0,,Flat,,,,,,Bright sun,74803,0,0,0,2,,,0,,,,,,Northland Region,Nil,2-way,Sealed,,0,0,,100,,None,0,0,,2,Whangarei District,Nil,,,,,0,0,Open,0,,,Fine,Null
1407633,4919325,22324,,603300,0,,0,2,,Null,2008/2009,NORTH ROAD,GLENDINING AVENUE,,Non-Injury Crash,No,2009,,North,,0,,Flat,,,,,,Bright sun,2873400,0,0,0,2,,,0,,,,,,Otago Region,Nil,2-way,Sealed,,0,0,,50,,Null,0,0,,71,Dunedin City,Give way,,,,,0,0,Urban,0,,,Fine,Null
1764864,5903322,22325,,524604,0,,0,1,,Null,2005/2006,ROSCOMMON ROAD,VOGLER DRIVE,,Minor Crash,No,2006,,North,,0,,Flat,,,,,,Bright sun,781200,1,0,0,4,,,0,,,,,,Auckland Region,Nil,2-way,Sealed,,0,0,,80,,Null,0,0,,76,Auckland,Traffic Signals,,,,,1,0,Open,0,,,Fine,Null
1752649,5918057,22326,,515003,0,,0,2,,East,2005/2006,SH 16,CARRINGTON OBR,,Minor Crash,Yes,2006,,West,,0,,Hill Road,,,,,,Bright sun,390600,1,0,0,3,,,0,,,,,,Auckland Region,Nil,1-way,Sealed,,0,0,,100,,Off,0,0,,76,Auckland,Nil,,,,,0,0,Open,1,,,Fine,Null
1715296,6039976,22327,,502005,0,0,0,1,1,East,2006/2007,SH 15,CEMETERY ROAD,,Minor Crash,Yes,2006,0,West,0,0,0,Flat,0,,0,,0,Overcast,75601,1,0,0,2,0,0,0,0,0,,0,0,Northland Region,Nil,2-way,Sealed,0,0,0,0,100,0,Null,0,0,,2,Whangarei District,Unknown,0,0,0,0,0,0,Open,0,0,0,Fine,Null
1767186,5903270,22328,,524602,0,,0,2,,Null,2005/2006,DRUCES ROAD,EARL RICHARDSON AVENUE,,Minor Crash,No,2006,,North,,0,,Flat,,,,,,Bright sun,780404,1,0,0,2,,,0,,,,,,Auckland Region,Nil,2-way,Sealed,,0,0,,50,,Off,0,0,,76,Auckland,Give way,,,,,0,0,Urban,0,,,Fine,Null
1754877,5924753,22329,,509800,0,,0,2,,East,2005/2006,ONEWA ROAD,VALLEY ROAD,,Minor Crash,No,2006,,West,,0,,Flat,,,,,,Bright sun,361400,1,0,0,1,,,0,,,,,,Auckland Region,Nil,2-way,Sealed,,0,0,,50,,Off,0,0,,76,Auckland,Nil,,,,,0,0,Urban,0,,,Fine,Null
1830925,5883255,22330,,533603,0,,0,2,,West,2005/2006,SH 25A,KIRIKIRI STM BR NO1,,Minor Crash,Yes,2006,,East,,0,,Hill Road,,,,,,Dark,1057401,3,0,0,2,,,0,,,,,,Waikato Region,Nil,2-way,Sealed,,0,0,,100,,None,0,0,,11,Thames-Coromandel District,Unknown,,,,,0,0,Open,0,,,Heavy rain,Null
1756724,5919481,22331,,514200,0,0,0,0,0,West,2006/2007,KARANGAHAPE ROAD,PITT ST,,Minor Crash,No,2006,0,East,0,0,0,Flat,0,,0,,0,Dark,412100,1,0,0,2,0,0,0,0,0,,1,1,Auckland Region,Nil,2-way,Sealed,0,0,0,0,50,0,On,0,0,,76,Auckland,Nil,0,0,0,0,0,0,Urban,1,0,0,Fine,Null
1732137,5959393,22332,,506613,0,0,0,0,0,West,2005/2006,WEST COAST ROAD,KOMOKORIKI HILL ROAD W,,Minor Crash,No,2006,0,East,0,0,1,Hill Road,0,Christmas New Year,0,,0,Overcast,146400,2,0,1,2,0,0,0,0,0,,0,0,Auckland Region,Nil,2-way,Sealed,0,0,0,0,100,0,None,0,0,,76,Auckland,Nil,0,0,0,0,0,0,Open,0,0,0,Fine,Null
1745871,5925176,22333,,513522,0,0,0,1,0,Null,2006/2007,HOBSONVILLE ROAD,MARINA VIEW DRIVE,,Minor Crash,No,2006,0,East,0,0,1,Hill Road,0,,0,,0,Dark,224104,1,0,0,2,0,0,0,0,0,,0,0,Auckland Region,Nil,2-way,Sealed,0,0,0,0,50,0,On,0,0,,76,Auckland,Give way,0,0,0,0,0,0,Urban,0,0,0,Fine,Null
1758422,5917885,22334,,516001,0,0,0,2,0,Null,2006/2007,BALM ST,NUFFIELD LANE,,Minor Crash,No,2006,0,East,0,0,0,Flat,0,,1,,0,Dark,490701,2,0,0,2,0,0,0,0,0,,0,0,Auckland Region,Nil,2-way,Sealed,0,0,0,0,50,0,On,0,0,,76,Auckland,Give way,0,0,0,0,0,0,Urban,0,0,0,Light rain,Null
1758144,5927026,22335,,508010,0,,0,1,,South,2005/2006,LAKE ROAD,THE STRAND,,Minor Crash,No,2006,,North,,0,,Flat,,,,,,Bright sun,324902,1,0,0,4,,,0,,,1,,,Auckland Region,Nil,2-way,Sealed,,0,0,,50,,Null,1,0,,76,Auckland,Traffic Signals,,,,,0,0,Urban,0,,,Fine,Null
1769043,5911542,22336,,523107,0,,0,1,,Null,2006/2007,HARRIS ROAD,TI RAKAU DRIVE,,Minor Crash,No,2006,,East,,0,,Flat,,,,,,Dark,711402,1,0,0,2,,,0,,,,,,Auckland Region,Nil,2-way,Sealed,,0,0,,50,,On,0,0,,76,Auckland,Traffic Signals,,,,,1,0,Urban,0,,,Fine,Null
1711847,5640556,22337,,553003,0,0,0,0,0,North,2005/2006,SH 3,SOLE ROAD,,Minor Crash,Yes,2006,0,South,0,0,1,Flat,0,,0,,0,Dark,1619700,1,0,0,2,0,0,0,0,0,,0,0,Taranaki Region,Nil,2-way,Sealed,0,0,0,0,100,0,None,1,0,,34,Stratford District,Nil,0,1,0,1,0,0,Open,0,0,0,Fine,Null
1784091,5487797,22338,,564022,0,,0,3,,South,2005/2006,SH 1N,FOREST LAKES ROAD,,Fatal Crash,Yes,2006,,North,,1,,Hill Road,,,,,,Dark,1882800,0,0,0,3,,,0,,,,,,Wellington Region,Nil,2-way,Sealed,,0,2,,100,,None,1,0,,43,Kapiti Coast District,Nil,,,,,0,0,Open,0,,,Light rain,Null
1686897,6101072,22339,,500900,1,,0,1,,Null,2005/2006,HONE HEKE ROAD,LANARK ROAD,,Minor Crash,No,2006,,South,,0,,Flat,,,,,,Dark,49407,1,0,0,2,,,0,,,,,,Northland Region,Nil,2-way,Sealed,,0,0,,50,,None,0,0,,1,Far North District,Nil,,,,,0,0,Urban,0,,,Fine,Null
1764279,5908979,22340,,521901,0,,0,1,,Null,2005/2006,GREAT SOUTH ROAD,MANGERE ROAD,,Minor Crash,No,2006,,South,,0,,Flat,,,,,,Bright sun,785200,1,0,1,5,,,0,,,,,,Auckland Region,Nil,2-way,Sealed,,0,0,,50,,Off,0,0,,76,Auckland,Traffic Signals,,,,,0,0,Urban,0,,,Fine,Null
1767829,5904807,22341,,523722,0,,0,2,,North,2006/2007,SH 1N,REDOUBT OBR,,Minor Crash,Yes,2006,,South,,0,,Flat,,,,,,Bright sun,715801,1,0,0,3,,,0,,,,,,Auckland Region,Nil,1-way,Sealed,,0,0,,100,,Off,0,0,,76,Auckland,Nil,,,,,0,0,Open,0,,,Fine,Null
1770541,5881551,22342,,525910,0,0,0,1,0,Null,2006/2007,PUKEKOHE EAST ROAD,BELGIUM ROAD,,Fatal Crash,No,2006,0,West,0,1,1,Flat,0,,1,,0,Overcast,816800,1,0,0,2,0,0,0,0,0,,0,0,Auckland Region,Nil,2-way,Sealed,0,0,0,0,100,0,Off,0,0,70,76,Auckland,Give way,0,0,0,1,1,0,Open,0,0,0,Fine,Null
1755991,5916153,22343,,518301,0,0,0,1,0,Null,2006/2007,BALMORAL ROAD,TENTERDEN AVENUE,,Minor Crash,No,2006,0,West,0,0,0,Hill Road,0,,0,,0,Dark,555200,2,0,0,4,0,0,0,0,0,,0,0,Auckland Region,Nil,2-way,Sealed,0,0,0,0,50,0,On,0,0,,76,Auckland,Stop,0,0,0,1,0,0,Urban,0,0,0,Fine,Null