X,Y,OBJECTID,advisorySpeed,areaUnitID,bicycle,bridge,bus,carStationWagon,cliffBank,crashDirectionDescription,crashFinancialYear,crashLocation1,crashLocation2,crashRoadSideRoad,crashSeverity,crashSHDescription,crashYear,debris,directionRoleDescription,ditch,fatalCount,fence,flatHill,guardRail,holiday,houseOrBuilding,intersection,kerb,light,meshblockId,minorInjuryCount,moped,motorcycle,NumberOfLanes,objectThrownOrDropped,otherObject,otherVehicleType,overBank,parkedVehicle,pedestrian,phoneBoxEtc,postOrPole,region,roadCharacter,roadLane,roadSurface,roadworks,schoolBus,seriousInjuryCount,slipOrFlood,speedLimit,strayAnimal,streetLight,suv,taxi,temporarySpeedLimit,tlaId,tlaName,trafficControl,trafficIsland,trafficSign,train,tree,truck,unknownVehicleType,urban,vanOrUtility,vehicle,waterRiver,weatherA,weatherB
1720416,6033039,22344,,501811,0,0,0,1,0,South,2006/2007,SH 1N,SPRINGFIELD ROAD,,Minor Crash,Yes,2006,0,North,0,0,0,Flat,0,,0,,0,Bright sun,77600,2,0,0,2,0,0,0,0,0,,0,0,Northland Region,Nil,2-way,Sealed,0,0,0,0,100,0,None,0,0,,2,Whangarei District,Nil,0,0,0,0,0,0,Open,0,0,1,Fine,Null
1822297,5529893,22345,,562800,0,,0,1,,East,2005/2006,BROADWAY AVENUE,AMESBURY ST,,Serious Crash,No,2006,,East,,0,,Flat,,Easter,,,,Overcast,1831400,0,0,0,2,,,0,,,1,,,Manawatū-Whanganui Region,Nil,2-way,Sealed,,0,1,,50,,Null,0,0,,40,Palmerston North City,Nil,,,,,0,0,Urban,0,,,Light rain,Null
1838755,5659655,22346,45,541501,0,0,0,0,0,East,2005/2006,SH 1N,OTURERE BR,,Minor Crash,Yes,2006,0,North,0,0,0,Hill Road,0,,0,,0,Bright sun,1288900,1,0,0,2,0,0,0,0,0,,0,0,Waikato Region,Nil,2-way,Sealed,0,0,0,0,100,0,Null,0,0,,21,Taupo District,Unknown,0,1,0,1,1,0,Open,0,0,0,Fine,Null
1753289,5933291,22347,,508701,0,,0,3,,North,2005/2006,SH 1N,GREVILLE ON NBD,,Minor Crash,Yes,2006,,North,,0,,Hill Road,,,,,,Bright sun,178900,2,0,0,3,,,0,,,,,,Auckland Region,Motorway ramp,1-way,Sealed,,0,0,,100,,Off,0,0,,76,Auckland,Nil,,,,,0,0,Open,0,,,Fine,Null
1754091,5852963,22348,,526701,0,0,0,1,0,South,2005/2006,PORT WAIKATO WAIKARETU RO,MAURICE CORNILLE ROAD,,Minor Crash,No,2006,0,South,0,0,0,Hill Road,0,,0,,0,Overcast,846200,1,0,0,2,0,0,0,1,0,,0,0,Waikato Region,Nil,2-way,Unsealed,0,0,0,0,100,0,None,0,0,,13,Waikato District,Nil,0,0,0,1,0,0,Open,0,0,0,Light rain,Strong wind
1805415,5811100,22349,65,527131,0,0,0,1,0,South,2005/2006,NEWELL ROAD,BIRCHWOOD LANE,,Minor Crash,No,2006,0,North,0,0,1,Flat,0,,0,,0,Overcast,960400,1,0,0,2,0,0,0,0,0,,0,0,Waikato Region,Nil,2-way,Sealed,0,0,0,0,80,0,None,0,0,,13,Waikato District,Nil,0,0,0,1,0,0,Open,0,0,0,Light rain,Null
1945964,5792584,22350,,542520,0,,0,2,,Null,2005/2006,SH 30,THORNTON ROAD,,Serious Crash,Yes,2006,,East,,0,,Flat,,,,,,Bright sun,1297501,1,0,0,3,,,0,,,,,,Bay of Plenty Region,Nil,2-way,Sealed,,0,1,,100,,Null,0,0,,25,Whakatane District,Nil,,,,,0,0,Open,0,,,Fine,Null
1755116,5930110,22351,,508420,0,,0,2,,South,2005/2006,SH 1N,SUNNYNOOK OBR,,Minor Crash,Yes,2006,,North,,0,,Flat,,,,,,Dark,183800,1,0,0,2,,,0,,,,,,Auckland Region,Nil,1-way,Sealed,,0,0,,100,,On,0,0,,76,Auckland,Nil,,,,,0,0,Open,0,,,Heavy rain,Null
1753569,5930880,22352,,508803,0,,1,1,,Null,2005/2006,CARIBBEAN DRIVE,DEVONSHIRE ROAD,,Minor Crash,No,2006,,North,,0,,Hill Road,,,,,,Bright sun,180851,1,0,0,2,,,0,,,,,,Auckland Region,Nil,2-way,Sealed,,0,0,,50,,Null,0,0,,76,Auckland,Nil,,,,,0,0,Urban,0,,,Fine,Null
1763002,5919022,22353,,516500,0,0,0,8,0,East,2005/2006,Z CPK EAST RIDGE SC,COLENSO PLACE,,Minor Crash,No,2006,0,West,0,0,0,Flat,0,,0,,0,Bright sun,502202,1,0,0,1,0,0,0,0,3,,0,0,Auckland Region,Nil,Off road,Sealed,0,0,0,0,50,0,Off,0,0,,76,Auckland,Nil,0,0,0,0,0,0,Urban,0,0,0,Fine,Null
1728144,6007731,22354,,501815,0,0,0,1,1,North,2005/2006,SH 1N,ARTILLERY ROAD,,Minor Crash,Yes,2006,0,North,1,0,0,Hill Road,0,,0,,0,Dark,81300,1,0,0,3,0,0,0,0,0,,0,0,Northland Region,Nil,2-way,Sealed,0,0,0,0,100,0,None,0,0,,2,Whangarei District,Unknown,0,0,0,0,0,0,Open,0,0,0,Mist or Fog,Null
1778718,5894614,22355,,521301,0,0,0,1,0,East,2005/2006,HUNUA ROAD,DOMINION ROAD,,Minor Crash,No,2006,0,West,0,0,1,Hill Road,0,,0,,0,Bright sun,808001,1,0,0,2,0,0,0,0,0,,0,1,Auckland Region,Nil,2-way,Sealed,0,0,0,0,100,0,None,0,0,30,76,Auckland,Nil,0,0,0,0,0,0,Open,0,0,0,Fine,Null
1756963,5918751,22356,,515600,0,0,0,2,0,South,2006/2007,SYMONDS ST,KHYBER PASS ROAD,,Minor Crash,No,2006,0,South,0,0,0,Flat,0,,0,,0,Dark,420600,1,0,0,4,0,0,0,0,0,,0,0,Auckland Region,Nil,2-way,Sealed,0,0,0,0,50,0,On,0,0,,76,Auckland,Nil,0,0,0,0,0,0,Urban,0,1,0,Fine,Null
1765506,5918715,22357,,516900,0,0,0,1,0,South,2006/2007,ASHBY AVENUE,ST HELIERS BAY ROAD,,Serious Crash,No,2006,0,North,0,0,0,Hill Road,0,,0,,0,Dark,466200,0,0,0,2,0,0,0,0,1,,0,0,Auckland Region,Nil,2-way,Sealed,0,0,3,0,50,0,None,0,0,,76,Auckland,Nil,0,0,0,0,0,0,Urban,1,0,0,Fine,Null
1796784,5772152,22358,,531304,0,,0,0,,Null,2005/2006,SH 3,MANGAORONGO ROAD,,Serious Crash,Yes,2006,,West,,0,,Hill Road,,,,,,Overcast,1001003,1,0,0,2,,,0,,,,,,Waikato Region,Nil,2-way,Sealed,,0,1,,100,,Null,0,0,,18,Ōtorohanga District,Give way,,,,,2,0,Open,0,,,Fine,Null
1882630,5699534,22359,,541344,0,0,0,1,1,South,2005/2006,SH 5,CAROLINE DRIVE,,Minor Crash,Yes,2006,0,North,0,0,0,Hill Road,0,,0,,0,Bright sun,1280706,1,0,0,2,0,0,0,0,0,,0,0,Waikato Region,Nil,2-way,Sealed,0,0,0,0,100,0,None,0,0,,21,Taupo District,Nil,0,0,0,0,0,0,Open,0,0,0,Fine,Null
1767654,5900301,22360,,525101,1,,0,1,,South,2005/2006,FRIEDLANDERS ROAD,WEYMOUTH ROAD,,Minor Crash,No,2006,,South,,0,,Flat,,,,,,Bright sun,771800,1,0,0,2,,,0,,,,,,Auckland Region,Nil,2-way,Sealed,,0,0,,50,,Off,0,0,,76,Auckland,Give way,,,,,0,0,Urban,0,,,Fine,Null
1869702,5713243,22361,,541730,0,0,0,1,1,North,2006/2007,ELIZABETH ST,TERENCE ST,,Minor Crash,No,2006,0,North,0,0,1,Hill Road,0,Labour Weekend,0,,0,Dark,1270501,2,0,0,2,0,0,0,0,0,,0,0,Waikato Region,Nil,2-way,Sealed,0,0,0,0,50,0,On,0,0,,21,Taupo District,Unknown,0,0,0,0,0,0,Urban,0,0,0,Fine,Null
1788800,5908576,22362,,525202,0,,0,0,,West,2006/2007,CLEVEDON-KAWAKAWA ROAD,TOWNSON ROAD,,Fatal Crash,No,2006,,West,,1,,Hill Road,,,,,,Bright sun,764800,0,0,0,2,,,0,,,1,,,Auckland Region,Nil,2-way,Sealed,,0,0,,100,,Null,0,0,,76,Auckland,Nil,,,,,1,0,Open,0,,,Fine,Null
1729913,5967882,22363,,506613,0,,0,1,,South,2005/2006,SH 16,OGLE ROAD,,Minor Crash,Yes,2006,,North,,0,,Flat,,,,,,Bright sun,145200,1,0,0,2,,,0,,,,,,Auckland Region,Nil,2-way,Sealed,,0,0,,100,,None,1,0,,76,Auckland,Nil,,,,,0,0,Open,0,,,Fine,Null
1753218,5877701,22364,,526103,0,0,0,1,0,North,2005/2006,RANGIWHEA ROAD,SANDSPIT ROAD,,Minor Crash,No,2006,0,North,0,0,1,Flat,0,,0,,0,Dark,836800,1,0,0,1,0,0,0,0,0,,0,0,Auckland Region,Nil,1-way,Sealed,0,0,0,0,50,0,None,0,0,,76,Auckland,Nil,0,0,0,0,0,0,Urban,0,0,0,Fine,Null
1754161,5929276,22365,,508420,0,0,0,1,0,South,2005/2006,WAIRAU ROAD,LUDLOW TERRACE,,Minor Crash,No,2006,0,North,0,0,0,Hill Road,0,Queens Birthday,0,,0,Dark,183400,2,0,0,2,0,0,0,0,0,,0,1,Auckland Region,Nil,2-way,Sealed,0,0,0,0,50,0,On,0,0,,76,Auckland,Unknown,0,0,0,0,0,0,Urban,0,0,0,Fine,Null
1756357,5927148,22366,,507900,0,,0,1,,Null,2005/2006,NORTHCOTE ROAD,NORTHCOTE OFF NBD E,,Minor Crash,No,2006,,East,,0,,Flat,,,,,,Overcast,303501,1,0,0,4,,,0,,,,,,Auckland Region,Motorway ramp,2-way,Sealed,,0,0,,50,,Off,1,0,,76,Auckland,Traffic Signals,,,,,0,0,Urban,0,,,Fine,Null
1818905,5544382,22367,,560740,0,,0,1,,Null,2006/2007,SH 54,DERBY ST,,Minor Crash,Yes,2006,,West,,0,,Flat,,,,,,Twilight,1772500,2,0,0,4,,,0,,,,,,Manawatū-Whanganui Region,Nil,2-way,Sealed,,0,0,,50,,Off,0,0,,39,Manawatu District,Give way,,,,,1,0,Urban,0,,,Fine,Null
1755221,5924723,22368,,509800,0,,0,3,,West,2006/2007,ONEWA ROAD,WOODSIDE AVENUE,,Minor Crash,No,2006,,East,,0,,Flat,,,,,,Bright sun,361600,1,0,0,3,,,0,,,,,,Auckland Region,Nil,2-way,Sealed,,0,0,,50,,Off,0,0,,76,Auckland,Nil,,,,,0,0,Urban,0,,,Fine,Null
1765996,5903289,22369,,524604,0,,0,1,,East,2006/2007,WIRI STATION ROAD,ASH ROAD,,Minor Crash,No,2006,,West,,0,,Flat,,,,,,Bright sun,780403,1,0,0,2,,,0,,,,,,Auckland Region,Nil,2-way,Sealed,,0,0,,80,,Null,1,0,,76,Auckland,Unknown,,,,,0,0,Open,0,,,Fine,Null
1795908,5524211,22370,,561500,0,0,0,2,0,Null,2006/2007,SH 1N,HIMATANGI RADIO STATION R,,Minor Crash,Yes,2006,0,North,0,0,1,Flat,0,,0,,0,Bright sun,1784700,4,0,0,2,0,0,0,0,0,,0,0,Manawatū-Whanganui Region,Nil,2-way,Sealed,0,0,0,0,100,0,Null,0,0,,42,Horowhenua District,Stop,0,0,0,0,0,0,Open,0,0,0,Fine,Null
1763550,5909681,22371,,521901,0,,0,2,,Null,2006/2007,STATION ROAD,HUIA ROAD,,Minor Crash,No,2006,,East,,0,,Flat,,Christmas New Year,,,,Bright sun,782700,1,0,0,2,,,0,,,,,,Auckland Region,Nil,1-way,Sealed,,0,0,,50,,Off,0,0,,76,Auckland,Stop,,,,,0,0,Urban,0,,,Fine,Null
1757120,5918721,22372,,514301,0,,0,2,,Null,2005/2006,KHYBER PASS ROAD,BURLEIGH ST,,Minor Crash,No,2006,,West,,0,,Flat,,,,,,Dark,441506,1,0,0,4,,,0,,,,,,Auckland Region,Nil,2-way,Sealed,,0,0,,50,,On,0,0,,76,Auckland,Stop,,,,,0,0,Urban,0,,,Fine,Null
1263420,4967997,22373,,610020,0,0,0,0,1,South,2006/2007,SH 6,KENT ST,,Minor Crash,Yes,2006,0,South,0,0,0,Hill Road,0,,0,,0,Overcast,3040602,2,0,0,2,0,0,0,0,0,,0,0,Southland Region,Nil,2-way,Sealed,0,0,0,0,100,0,Null,0,0,,73,Southland District,Unknown,0,0,0,0,0,0,Open,1,0,0,Fine,Frost
1375334,5207584,22374,,585321,0,0,0,1,0,Null,2006/2007,FORKS-OKARITO ROAD,OKARITO RIV BR,,Minor Crash,No,2006,0,West,0,0,1,Hill Road,0,,0,,0,Bright sun,2417701,2,0,0,2,0,0,0,1,0,,0,0,West Coast Region,Bridge,2-way,Sealed,0,0,0,0,100,0,Null,0,0,,57,Westland District,Unknown,0,0,0,0,0,0,Open,0,0,1,Fine,Null
1405744,4916175,22375,,602900,0,,0,2,,West,2006/2007,STAFFORD ST,HOPE ST,,Minor Crash,No,2006,,West,,0,,Hill Road,,,,,,Dark,2897100,1,0,0,2,,,0,,,,,,Otago Region,Nil,2-way,Sealed,,0,0,,50,,On,0,0,,71,Dunedin City,Unknown,,,,,0,0,Urban,0,,,Fine,Null
1935065,5776869,22376,,542540,0,0,0,1,0,North,2006/2007,GALATEA ROAD,TE MAHOE SCHOOL ROAD,,Minor Crash,No,2006,0,South,0,0,0,Flat,0,,0,,0,Bright sun,1301502,1,0,0,2,0,0,0,0,0,,0,0,Bay of Plenty Region,Nil,2-way,Sealed,0,0,0,0,100,0,Null,0,0,,25,Whakatane District,Unknown,0,0,0,1,0,0,Open,0,0,0,Fine,Null
1750378,5432984,22377,,574304,0,,0,1,,North,2006/2007,BURMA ROAD,KIM ST,,Minor Crash,No,2006,,South,,0,,Hill Road,,,,,,Overcast,2088800,1,0,0,2,,,0,,,,,,Wellington Region,Nil,2-way,Sealed,,0,0,,50,,Null,0,0,,47,Wellington City,Nil,,,,,0,0,Urban,2,,,Mist or Fog,Null
2048120,5710374,22378,,544001,0,0,0,0,0,North,2005/2006,SH 35,TATAPOURI HOTEL ROAD E,,Minor Crash,Yes,2006,0,North,0,0,0,Flat,0,,0,,0,Dark,1359400,1,0,0,2,0,0,0,1,0,,0,0,Gisborne Region,Nil,2-way,Sealed,0,0,0,1,100,0,None,1,0,30,28,Gisborne District,Nil,0,0,0,0,0,0,Open,0,0,1,Heavy rain,Null
1738766,5929713,22379,35,505602,0,,0,1,,West,2005/2006,ORAHA ROAD,KORAHA ROAD,,Minor Crash,No,2006,,East,,0,,Flat,,,,,,Bright sun,214101,2,0,0,2,,,0,,,,,,Auckland Region,Nil,2-way,Sealed,,0,0,,100,,Off,1,0,,76,Auckland,Nil,,,,,0,0,Open,0,,,Fine,Null
1818254,5544510,22380,,560730,0,0,0,1,0,Null,2006/2007,BEATTIE ST,GREY ST,,Minor Crash,No,2006,0,East,0,0,1,Flat,0,,0,,0,Twilight,1768800,1,0,0,2,0,0,0,0,0,,0,0,Manawatū-Whanganui Region,Nil,2-way,Sealed,0,0,0,0,50,0,On,2,0,,39,Manawatu District,Stop,0,0,0,0,0,0,Urban,0,0,0,Light rain,Null
1755028,5913749,22381,,518803,0,0,0,1,0,Null,2005/2006,DOMINION ROAD,DENBIGH AVENUE,,Minor Crash,No,2006,0,South,0,0,0,Flat,0,,0,,0,Bright sun,581200,1,0,0,2,0,0,0,0,0,,0,1,Auckland Region,Nil,2-way,Sealed,0,0,0,0,50,0,Off,0,0,,76,Auckland,Give way,0,0,0,0,0,0,Urban,0,0,0,Fine,Null
1935163,5618764,22382,,546500,0,,0,2,,Null,2005/2006,RIVERBEND ROAD,WYCLIFFE ST,,Minor Crash,No,2006,,South,,0,,Flat,,,,,,Overcast,1440800,1,0,0,2,,,0,,,,,,Hawke's Bay Region,Nil,2-way,Sealed,,0,0,,50,,Null,0,0,,31,Napier City,Give way,,,,,0,0,Urban,0,,,Fine,Null
1284352,4881605,22383,,610010,0,,0,1,,North,2005/2006,SH 1S,KEIR ROAD,,Fatal Crash,Yes,2006,,North,,1,,Flat,,,,,,Bright sun,3053300,0,0,0,2,,,0,,,,,,Southland Region,Nil,2-way,Sealed,,0,2,,100,,Null,1,0,,74,Gore District,Unknown,,,,,0,0,Open,0,,,Fine,Null
1723368,6043837,22384,,504000,0,0,0,1,0,North,2005/2006,ONERAHI ROAD,CLOTWORTHY CRESCENT,,Minor Crash,No,2006,0,South,0,0,1,Flat,0,,0,,0,Dark,109402,1,0,0,3,0,0,0,0,0,,0,0,Northland Region,Nil,2-way,Sealed,0,0,0,0,70,0,Off,0,0,,2,Whangarei District,Nil,0,0,0,0,0,0,Urban,0,0,0,Fine,Null
1764781,5915056,22385,,520301,0,,0,2,,Null,2006/2007,MOUNTAIN ROAD,FORGE WAY,,Minor Crash,No,2006,,West,,0,,Flat,,,,,,Dark,628100,1,0,0,2,,,0,,,,,,Auckland Region,Nil,2-way,Sealed,,0,0,,50,,On,0,0,,76,Auckland,Give way,,,,,0,0,Urban,0,,,Light rain,Null
1763196,5914971,22386,,520401,0,0,0,1,0,South,2006/2007,BANKS ROAD,ELLERSLIE-PANMURE HIGHWAY,,Minor Crash,No,2006,0,North,0,0,0,Flat,0,,0,,0,Dark,643500,1,0,0,2,0,0,0,0,0,,0,1,Auckland Region,Nil,2-way,Sealed,0,0,0,0,50,0,On,0,0,,76,Auckland,Nil,0,0,0,0,0,0,Urban,0,0,0,Fine,Null
1285446,4892500,22387,,610032,0,0,0,0,0,North,2006/2007,KNAPDALE ROAD,MCKINNON ROAD,,Minor Crash,No,2006,0,North,0,0,0,Flat,0,,0,,0,Dark,3051501,1,0,0,2,0,0,0,0,0,,0,0,Southland Region,Nil,2-way,Sealed,0,0,0,0,100,0,None,1,0,,74,Gore District,Unknown,0,0,0,0,0,0,Open,0,0,0,Fine,Strong wind
1733006,5907652,22388,,513800,0,0,0,0,0,East,2006/2007,PIHA ROAD,KAREKARE ROAD,,Minor Crash,No,2006,0,West,0,0,0,Flat,0,,0,,0,Bright sun,282027,1,0,1,2,0,0,0,0,0,,0,0,Auckland Region,Nil,2-way,Sealed,0,0,0,0,100,0,None,0,0,,76,Auckland,Nil,0,0,0,1,0,0,Open,0,0,0,Fine,Null
1795147,5776456,22389,,531303,0,0,0,1,1,South,2006/2007,OURUWHERO ROAD,PEACOCK ROAD,,Minor Crash,No,2006,0,North,0,0,0,Hill Road,0,,0,,0,Bright sun,995501,1,0,0,2,0,0,0,0,0,,0,0,Waikato Region,Nil,2-way,Sealed,0,0,0,0,100,0,Null,0,0,,18,Ōtorohanga District,Unknown,0,0,0,0,0,0,Open,0,0,0,Fine,Null
1242719,4849137,22390,,611300,1,,0,0,,Null,2006/2007,EYE ST,NITH ST,,Minor Crash,No,2006,,West,,0,,Flat,,,,,,Overcast,3104700,1,0,0,2,,,0,,,,,,Southland Region,Nil,2-way,Sealed,,0,0,,50,,Null,0,0,,75,Invercargill City,Give way,,,,,0,0,Urban,1,,,Fine,Null
1746529,5910761,22391,,512000,0,,0,2,,South,2006/2007,SCENIC DRIVE,KOHU ROAD,,Minor Crash,No,2006,,North,,0,,Flat,,,,,,Dark,296900,1,0,0,2,,,0,,,,,,Auckland Region,Nil,2-way,Sealed,,0,0,,50,,None,0,0,,76,Auckland,Unknown,,,,,0,0,Urban,0,,,Fine,Null
1461278,5123416,22392,,598312,0,,0,1,,North,2005/2006,GERALDINE-ARUNDEL ROAD,SH 79,,Serious Crash,No,2006,,South,,0,,Flat,,Easter,,,,Bright sun,2760600,1,0,0,2,,,0,,,,,,Canterbury Region,Nil,2-way,Sealed,,0,1,,100,,Null,0,0,,64,Timaru District,Unknown,,,,,0,0,Open,1,,,Fine,Null
1713541,6036553,22393,,501809,0,0,0,1,1,West,2006/2007,MAUNGAKARAMEA ROAD,GLENN ROAD,,Minor Crash,No,2006,0,East,0,0,0,Flat,0,,0,,0,Overcast,75001,1,0,0,2,0,0,0,0,0,,0,0,Northland Region,Nil,2-way,Sealed,0,0,0,0,100,0,None,0,0,,2,Whangarei District,Nil,0,0,0,0,0,0,Open,0,0,0,Light rain,Null
1750709,5946689,22394,,505806,0,,0,2,,Null,2006/2007,HIBISCUS COAST HIGHWAY,WHANGAPARAOA ROAD,,Minor Crash,No,2006,,South,,0,,Flat,,,,,,Dark,176504,1,0,0,6,,,0,,,,,,Auckland Region,Nil,2-way,Sealed,,0,0,,80,,On,0,0,,76,Auckland,Traffic Signals,,,,,0,0,Open,0,,,Fine,Null
1748945,5427239,22395,,573101,0,,0,1,,South,2005/2006,TARANAKI ST,COURTENAY PLACE,,Minor Crash,No,2006,,South,,0,,Flat,,,,,,Dark,2135600,1,0,0,4,,,0,,,1,,,Wellington Region,Nil,2-way,Sealed,,0,0,,50,,On,0,0,,47,Wellington City,Traffic Signals,,,,,0,0,Urban,0,,,Fine,Null
1761240,5437924,22396,,569402,0,0,0,2,0,East,2006/2007,SH 2,GROUNSELL CRESCENT,,Minor Crash,Yes,2006,0,West,0,0,0,Flat,1,,0,,0,Dark,1918903,2,0,0,2,0,0,0,0,0,,0,0,Wellington Region,Nil,2-way,Sealed,0,0,0,0,100,0,On,0,0,,46,Lower Hutt City,Nil,0,0,0,0,0,0,Open,0,0,0,Heavy rain,Strong wind
1757174,5919844,22397,,514103,0,,0,2,,South,2006/2007,QUEEN ST,MAYORAL DRIVE,,Minor Crash,No,2006,,North,,0,,Hill Road,,,,,,Overcast,436100,1,0,0,4,,,0,,,,,,Auckland Region,Nil,2-way,Sealed,,0,0,,50,,Off,0,0,,76,Auckland,Traffic Signals,,,,,0,0,Urban,0,,,Light rain,Null
1767007,5905639,22398,,522302,0,0,0,1,0,South,2005/2006,GREAT SOUTH ROAD,CASPAR ROAD,,Minor Crash,No,2006,0,South,0,0,0,Flat,0,,1,,0,Dark,670700,1,0,0,2,0,1,0,0,0,,0,0,Auckland Region,Nil,2-way,Sealed,0,0,0,0,50,0,On,0,0,,76,Auckland,Nil,0,0,0,0,0,0,Urban,0,0,0,Fine,Null
1634792,6110439,22399,,500202,0,0,0,1,0,South,2006/2007,SH 1N,TAKAHUE ROAD,,Minor Crash,Yes,2006,0,West,1,0,1,Flat,0,Christmas New Year,0,,0,Overcast,6700,1,0,0,2,0,0,0,0,0,,0,0,Northland Region,Nil,2-way,Sealed,0,0,0,0,100,0,None,0,0,,1,Far North District,Nil,0,0,0,0,0,0,Open,0,0,0,Fine,Null
1732962,5918718,22400,,506656,0,,0,2,,East,2005/2006,BETHELLS ROAD,TE AUTE RIDGE E,,Minor Crash,No,2006,,West,,0,,Flat,,,,,,Overcast,219503,1,0,0,2,,,0,,,,,,Auckland Region,Nil,2-way,Sealed,,0,0,,100,,None,0,0,,76,Auckland,Nil,,,,,0,0,Open,0,,,Fine,Null
1765811,5907142,22401,,522301,0,,0,1,,East,2006/2007,EAST TAMAKI ROAD,GREAT SOUTH ROAD,,Minor Crash,No,2006,,East,,0,,Flat,,,,,,Dark,666301,1,0,0,4,,,0,,,,,,Auckland Region,Nil,2-way,Sealed,,0,0,,50,,On,1,0,,76,Auckland,Nil,,,,,0,0,Urban,0,,,Fine,Null
1689702,5387952,22402,,580801,0,0,0,1,0,North,2006/2007,SH 1S,AWATERE BR N,,Minor Crash,Yes,2006,0,South,0,0,1,Hill Road,0,,0,,0,Overcast,2307400,1,0,0,2,0,0,0,0,0,,0,0,Marlborough Region,Nil,2-way,Sealed,0,0,0,0,100,0,Null,0,0,,53,Marlborough District,Nil,0,0,0,0,1,0,Open,0,0,0,Fine,Null
1576199,5182974,22403,,593100,0,0,0,1,0,West,2006/2007,HAMPSHIRE ST,BROCKENHURST ST,,Serious Crash,No,2006,0,West,0,0,0,Flat,0,,0,,0,Bright sun,2574200,0,0,0,2,0,0,0,0,0,,0,1,Canterbury Region,Nil,2-way,Sealed,0,0,1,0,50,0,Null,0,0,,60,Christchurch City,Unknown,0,0,0,1,0,0,Urban,0,0,0,Fine,Null
1800339,5811939,22404,,529200,0,0,0,1,0,Null,2005/2006,PRISK ST,COLLINS ROAD,,Minor Crash,No,2006,0,East,0,0,0,Flat,0,,0,,0,Dark,927700,1,0,0,2,0,0,0,0,0,,0,1,Waikato Region,Nil,2-way,Sealed,0,0,0,0,50,0,On,0,0,,16,Hamilton City,Give way,0,1,0,0,0,0,Urban,0,0,0,Fine,Null
1760363,5915762,22405,,516003,0,0,0,1,0,North,2005/2006,SH 1N,GREENLANE ON SBD,,Minor Crash,Yes,2006,0,South,0,0,0,Flat,1,,0,,0,Dark,494902,1,0,0,3,0,0,0,0,0,,0,0,Auckland Region,Nil,1-way,Sealed,0,0,0,0,100,0,On,0,0,,76,Auckland,Nil,0,0,0,0,0,0,Open,0,0,0,Fine,Null
1786218,5744218,22406,,531800,0,0,0,1,0,South,2005/2006,SH 4,SH 3,,Non-Injury Crash,Yes,2006,0,South,0,0,1,Flat,0,,0,,0,Bright sun,1011602,0,0,0,2,0,0,0,1,0,,0,0,Waikato Region,Nil,2-way,Sealed,0,0,0,0,100,0,Null,0,0,,20,Waitomo District,Unknown,0,0,0,0,0,0,Open,0,0,0,Fine,Null
1746756,5917443,22407,,512500,0,0,0,1,0,South,2005/2006,TE ATATU ROAD,MCLEOD ROAD,,Non-Injury Crash,No,2006,0,South,0,0,0,Flat,0,,0,,0,Dark,258500,0,0,0,2,0,0,0,0,0,,1,0,Auckland Region,Nil,2-way,Sealed,0,0,0,0,50,0,On,0,0,,76,Auckland,Nil,0,0,0,0,0,0,Urban,0,0,0,Fine,Null
1929969,5604717,22408,,548200,0,0,0,1,0,Null,2005/2006,WARREN ST NORTH,WARREN ST,,Minor Crash,No,2006,0,East,0,0,0,Flat,0,,1,,0,Dark,1493300,1,0,0,2,0,0,0,0,0,,1,0,Hawke's Bay Region,Nil,2-way,Sealed,0,0,0,0,50,0,On,0,0,,30,Hastings District,Give way,0,0,0,0,0,0,Urban,0,0,0,Light rain,Null
1768697,5893061,22409,,521202,0,0,0,1,0,West,2006/2007,LINWOOD ROAD,WALTERS ROAD,,Minor Crash,No,2006,0,West,1,0,1,Flat,0,,0,,0,Overcast,807000,1,0,0,2,0,0,0,0,0,,0,1,Auckland Region,Nil,2-way,Sealed,0,0,0,0,100,0,None,0,0,,76,Auckland,Nil,0,0,0,0,0,0,Open,0,0,0,Light rain,Null
1759571,5913262,22410,,519720,0,,0,2,,East,2006/2007,GOSPORT PLACE,MOANA AVENUE,,Non-Injury Crash,No,2006,,East,,0,,Flat,,,,,,Bright sun,594400,0,0,0,1,,,0,,,,,,Auckland Region,Nil,2-way,Sealed,,0,0,,50,,Off,0,0,,76,Auckland,Nil,,,,,0,0,Urban,0,,,Fine,Null
1797961,5814647,22411,,529000,0,,0,2,,Null,2005/2006,SH 23,RIFLE RANGE ROAD,,Non-Injury Crash,Yes,2006,,North,,0,,Flat,,,,,,Overcast,917100,0,0,0,2,,,0,,,,,,Waikato Region,Nil,2-way,Sealed,,0,0,,50,,Null,0,0,,16,Hamilton City,Give way,,,,,0,0,Urban,0,,,Fine,Null
1936060,5620827,22412,,546901,0,,0,1,,South,2006/2007,KENNEDY ROAD,JULL ST,,Minor Crash,No,2006,,North,,0,,Flat,,,,,,Dark,1429400,1,0,0,2,,,0,,,1,,,Hawke's Bay Region,Nil,2-way,Sealed,,0,0,,50,,None,0,0,,31,Napier City,Nil,,,,,0,0,Urban,0,,,Fine,Null
1681666,6119971,22413,,500402,0,,0,1,,South,2005/2006,MATAURI BAY ROAD,WHAKARARA ROAD,,Minor Crash,No,2006,,North,,0,,Flat,,,,,,Bright sun,20401,1,0,0,1,,,0,,,,,,Northland Region,Bridge,2-way,Sealed,,0,0,,100,,None,0,0,,1,Far North District,Give way,,,,,0,0,Open,1,,,Fine,Null