X,Y,OBJECTID,advisorySpeed,areaUnitID,bicycle,bridge,bus,carStationWagon,cliffBank,crashDirectionDescription,crashFinancialYear,crashLocation1,crashLocation2,crashRoadSideRoad,crashSeverity,crashSHDescription,crashYear,debris,directionRoleDescription,ditch,fatalCount,fence,flatHill,guardRail,holiday,houseOrBuilding,intersection,kerb,light,meshblockId,minorInjuryCount,moped,motorcycle,NumberOfLanes,objectThrownOrDropped,otherObject,otherVehicleType,overBank,parkedVehicle,pedestrian,phoneBoxEtc,postOrPole,region,roadCharacter,roadLane,roadSurface,roadworks,schoolBus,seriousInjuryCount,slipOrFlood,speedLimit,strayAnimal,streetLight,suv,taxi,temporarySpeedLimit,tlaId,tlaName,trafficControl,trafficIsland,trafficSign,train,tree,truck,unknownVehicleType,urban,vanOrUtility,vehicle,waterRiver,weatherA,weatherB
1396077,4917401,22414,,602412,0,,0,2,,East,2005/2006,FACTORY ROAD,WINGATUI ROAD,,Minor Crash,No,2006,,East,,0,,Flat,,,,,,Overcast,2978000,2,0,0,2,,,0,,,,,,Otago Region,Nil,2-way,Sealed,,0,0,,70,,Null,0,0,,71,Dunedin City,Unknown,,,,,0,0,Urban,0,,,Heavy rain,Null
1766530,5913279,22415,,522820,0,,0,2,,Null,2005/2006,TI RAKAU DRIVE,PAKURANGA ROAD,,Non-Injury Crash,No,2006,,East,,0,,Flat,,,,,,Dark,694700,0,0,0,6,,,0,,,,,,Auckland Region,Nil,2-way,Sealed,,0,0,,60,,On,0,0,,76,Auckland,Traffic Signals,,,,,0,0,Urban,0,,,Fine,Null
1884495,5825166,22416,,536831,0,,0,2,,South,2005/2006,GLOUCESTER ROAD,EVERSHAM ROAD N,,Minor Crash,No,2006,,West,,0,,Flat,,,,,,Dark,1201601,3,0,0,2,,,0,,,,,,Bay of Plenty Region,Nil,2-way,Sealed,,0,0,,50,,On,0,0,,23,Tauranga City,Unknown,,,,,0,0,Urban,0,,,Fine,Null
1766327,5917002,22417,,517001,0,,0,2,,Null,2006/2007,TANIWHA ST,ELSTREE AVENUE,,Non-Injury Crash,No,2006,,East,,0,,Flat,,,,,,Overcast,476500,0,0,0,2,,,0,,,,,,Auckland Region,Nil,2-way,Sealed,,0,0,,50,,Off,0,0,,76,Auckland,Give way,,,,,0,0,Urban,0,,,Fine,Null
1406319,4915027,22418,,602800,0,,0,2,,Null,2006/2007,ORARI ST,TIMARU ST,,Minor Crash,No,2006,,West,,0,,Flat,,,,,,Overcast,2895100,1,0,0,3,,,0,,,,,,Otago Region,Nil,2-way,Sealed,,0,0,,50,,Null,0,0,,71,Dunedin City,Give way,,,,,0,0,Urban,0,,,Light rain,Null
1876965,5826631,22419,,537201,0,0,0,1,0,Null,2006/2007,NGATAI ROAD,OTUMOETAI ROAD,,Minor Crash,No,2006,0,South,0,0,0,Flat,0,Labour Weekend,0,,0,Dark,1154601,2,0,0,2,0,0,0,0,0,,0,1,Bay of Plenty Region,Nil,2-way,Sealed,0,0,0,0,50,0,On,0,0,,23,Tauranga City,Give way,1,1,0,0,0,0,Urban,0,0,0,Fine,Null
1742772,5921997,22420,,513622,0,,0,3,,North,2006/2007,DON BUCK ROAD,CHERRY TREE PLACE,,Non-Injury Crash,No,2006,,North,,0,,Flat,,,,,,Overcast,226700,0,0,0,2,,,0,,,,,,Auckland Region,Nil,2-way,Sealed,,0,0,,50,,Null,0,0,,76,Auckland,Unknown,,,,,0,0,Urban,0,,,Fine,Null
1760010,5906269,22421,,524200,0,,0,2,,Null,2005/2006,MASSEY ROAD,THOMAS ROAD,,Minor Crash,No,2006,,East,,0,,Flat,,,,,,Dark,728001,2,0,0,2,,,0,,,,,,Auckland Region,Nil,2-way,Sealed,,0,0,,50,,On,0,0,,76,Auckland,Give way,,,,,0,0,Urban,0,,,Light rain,Null
1770006,5904678,22422,,523712,0,,0,2,,East,2006/2007,REDOUBT ROAD,HILLTOP ROAD,,Non-Injury Crash,No,2006,,East,,0,,Flat,,Christmas New Year,,,,Overcast,716300,0,0,0,2,,,0,,,,,,Auckland Region,Nil,2-way,Sealed,,0,0,,70,,Off,0,0,,76,Auckland,Nil,,,,,0,0,Urban,0,,,Light rain,Null
1573007,5179936,22423,,593502,0,,0,1,,West,2006/2007,CASHEL ST,OLLIVIERS ROAD,,Serious Crash,No,2006,,West,,0,,Flat,,,,,,Dark,2608200,0,0,0,2,,,0,,,1,,,Canterbury Region,Nil,2-way,Sealed,,0,1,,50,,On,0,0,,60,Christchurch City,Unknown,,,,,0,0,Urban,0,,,Fine,Null
1759033,5916985,22424,,516001,0,0,0,3,0,South,2005/2006,SH 1N,DILWORTH FTBR,,Minor Crash,Yes,2006,0,South,0,0,0,Flat,1,,0,,0,Bright sun,491200,1,0,0,3,0,0,0,0,0,,0,0,Auckland Region,Nil,1-way,Sealed,0,0,0,0,100,0,None,0,0,,76,Auckland,Nil,0,0,0,0,0,0,Open,0,0,0,Fine,Null
1690578,5675379,22425,,551501,1,,0,1,,Null,2006/2007,SH 45,SEAVIEW ROAD,,Minor Crash,Yes,2006,,East,,0,,Hill Road,,,,,,Overcast,1581000,1,0,0,2,,,0,,,,,,Taranaki Region,Nil,2-way,Sealed,,0,0,,50,,Null,0,0,,33,New Plymouth District,Stop,,,,,0,0,Urban,0,,,Fine,Null
1878789,5793290,22426,45,538811,0,0,0,1,1,North,2006/2007,SH 36,DUDLEY ROAD,,Minor Crash,Yes,2006,0,North,0,0,0,Hill Road,0,,0,,0,Dark,1250001,2,0,0,2,0,0,0,0,0,,0,0,Bay of Plenty Region,Nil,2-way,Sealed,0,0,0,0,100,0,None,0,0,,24,Rotorua District,Nil,0,0,0,0,0,0,Open,0,0,0,Light rain,Null
1763380,5909235,22427,,521901,0,,0,2,,Null,2005/2006,WALMSLEY ROAD,KAKA ST,,Non-Injury Crash,No,2006,,North,,0,,Flat,,,,,,Dark,783300,0,0,0,4,,,0,,,,,,Auckland Region,Nil,2-way,Sealed,,0,0,,50,,On,0,0,,76,Auckland,Traffic Signals,,,,,0,0,Urban,0,,,Fine,Null
1884338,5770846,22428,,540700,0,,0,3,,Null,2005/2006,SH 5,MOKOIA DRIVE,,Non-Injury Crash,Yes,2006,,North,,0,,Flat,,,,,,Bright sun,1246000,0,0,0,2,,,0,,,,,,Bay of Plenty Region,Nil,2-way,Sealed,,0,0,,50,,Null,0,0,,24,Rotorua District,Give way,,,,,0,0,Urban,0,,,Fine,Null
1743335,5922082,22429,,513631,0,0,0,1,0,East,2005/2006,TRIANGLE ROAD,MCCLINTOCK ROAD,,Minor Crash,No,2006,0,West,0,0,0,Hill Road,0,,0,,0,Dark,227006,1,0,0,2,0,0,0,0,1,,0,0,Auckland Region,Nil,2-way,Sealed,0,0,0,0,50,0,On,0,0,,76,Auckland,Nil,0,0,0,0,1,0,Urban,0,0,0,Fine,Null
1756968,5918786,22430,,515600,0,,0,1,,South,2006/2007,SYMONDS ST,NEWTON ROAD,,Non-Injury Crash,No,2006,,North,,0,,Flat,,,,,,Bright sun,420600,0,0,0,3,,,0,,,,,,Auckland Region,Nil,2-way,Sealed,,0,0,,50,,Off,0,0,,76,Auckland,Traffic Signals,,,,,1,0,Urban,0,,,Fine,Null
1747449,5919376,22431,,512402,0,0,0,2,0,West,2005/2006,BRIDGE AVENUE,BRAEBANK LANE,,Non-Injury Crash,No,2006,0,West,0,0,0,Flat,0,,0,,0,Dark,254100,0,0,0,2,0,0,0,0,1,,0,0,Auckland Region,Nil,2-way,Sealed,0,0,0,0,50,0,On,0,0,,76,Auckland,Nil,0,0,0,0,0,0,Urban,0,0,0,Null,Null
1773197,5891581,22432,,521301,0,,0,1,,East,2006/2007,SH 22,DRURY OFF SBD,,Non-Injury Crash,Yes,2006,,East,,0,,Flat,,,,,,Dark,808701,0,0,0,2,,,0,,,,,,Auckland Region,Nil,2-way,Sealed,,0,0,,70,,On,1,0,,76,Auckland,Nil,,,,,0,0,Urban,0,,,Light rain,Null
1758666,5903206,22433,,524200,0,,0,1,,South,2005/2006,Z CPK INTL AIRPORT,TOM PEARCE DRIVE,,Non-Injury Crash,No,2006,,North,,0,,Flat,,,,,,Bright sun,727200,0,0,0,1,,,0,,,,,,Auckland Region,Nil,Off road,Sealed,,0,0,,50,,Off,0,0,,76,Auckland,Nil,,,,,0,0,Urban,1,,,Fine,Null
1804370,5826859,22434,,527122,0,,0,1,,Null,2005/2006,SH 1B,TAYLOR ROAD N,,Non-Injury Crash,Yes,2006,,South,,0,,Flat,,,,,,Overcast,953800,0,0,0,2,,,0,,,,,,Waikato Region,Nil,2-way,Sealed,,0,0,,100,,Null,1,0,,13,Waikato District,Give way,,,,,0,0,Open,0,,,Light rain,Null
1692048,5675715,22435,,551900,0,,0,2,,Null,2005/2006,SH 45,MORLEY/VIVIAN,,Minor Crash,Yes,2006,,South,,0,,Flat,,Easter,,,,Dark,1589300,1,0,0,2,,,0,,,,,,Taranaki Region,Nil,2-way,Sealed,,0,0,,50,,On,0,1,,33,New Plymouth District,Stop,,,,,0,0,Urban,0,,,Light rain,Null
1878703,5818841,22436,,537900,0,,0,1,,North,2005/2006,OHAUITI ROAD,POIKE ROAD,,Non-Injury Crash,No,2006,,South,,0,,Flat,,,,,,Dark,1179605,0,0,0,2,,,0,,,,,,Bay of Plenty Region,Nil,2-way,Sealed,,0,0,,50,,On,0,0,,23,Tauranga City,Unknown,,,,,1,0,Urban,0,,,Fine,Null
1757535,5918562,22437,,514302,0,,0,1,,South,2005/2006,SH 1N,KHYBER PASS OBR,,Non-Injury Crash,Yes,2006,,North,,0,,Flat,,,,,,Overcast,442100,0,0,0,5,,,0,,,,,,Auckland Region,Nil,1-way,Sealed,,0,0,,80,,Off,1,1,,76,Auckland,Nil,,,,,1,0,Open,0,,,Fine,Null
1590520,5407521,22438,55,581836,0,0,0,1,0,East,2005/2006,SH 6,DOCTORS (SPOONERS) BR,,Minor Crash,Yes,2006,0,West,0,0,0,Flat,1,,0,,0,Bright sun,2353900,1,0,0,2,0,0,0,0,0,,0,0,Tasman Region,Nil,2-way,Sealed,0,0,0,0,100,0,Null,0,0,,51,Tasman District,Nil,0,0,0,0,0,0,Open,0,0,0,Fine,Null
1755338,5920777,22439,,515202,0,,0,1,,Null,2005/2006,JERVOIS ROAD,BLAKE ST,,Non-Injury Crash,No,2006,,West,,0,,Flat,,,,,,Dark,425000,0,0,1,2,,,0,,,,,,Auckland Region,Nil,2-way,Sealed,,0,0,,50,,On,0,0,,76,Auckland,Stop,,,,,0,0,Urban,0,,,Fine,Null
1740685,5928747,22440,,505604,0,,0,2,,Null,2006/2007,OLD NORTH ROAD,OLD RAILWAY ROAD,,Minor Crash,No,2006,,South,,0,,Flat,,,,,,Bright sun,214501,3,0,0,2,,,0,,,,,,Auckland Region,Nil,2-way,Sealed,,0,0,,80,,Off,0,0,,76,Auckland,Stop,,,,,0,0,Open,0,,,Fine,Null
1756691,5919805,22441,,514102,0,,0,2,,South,2006/2007,UNION ON WBD,HOBSON ST,,Non-Injury Crash,Yes,2006,,South,,0,,Flat,,,,,,Bright sun,435500,0,0,0,2,,,0,,,,,,Auckland Region,Nil,2-way,Sealed,,0,0,,70,,Off,0,0,,76,Auckland,Nil,,,,,0,0,Urban,0,,,Fine,Null
1797308,5816895,22442,,528503,0,,0,1,,Null,2005/2006,DOMINION ROAD,WALL ST,,Minor Crash,No,2006,,North,,0,,Flat,,,,,,Bright sun,906502,2,0,0,2,,,0,,,,,,Waikato Region,Nil,2-way,Sealed,,0,0,,50,,Null,0,0,,16,Hamilton City,Give way,,,,,0,0,Urban,1,,,Fine,Null
1748955,5431719,22443,,574402,0,0,0,0,0,East,2006/2007,COCKAYNE ROAD,QUETTA ST,,Serious Crash,No,2006,0,South,0,0,1,Hill Road,0,,0,,0,Bright sun,2097200,0,0,1,2,0,0,0,0,0,,0,1,Wellington Region,Nil,2-way,Sealed,0,0,1,0,50,0,Null,0,0,,47,Wellington City,Nil,0,0,0,0,0,0,Urban,0,0,0,Fine,Null
1764973,5910592,22444,,521801,0,,0,1,,Null,2005/2006,SH 1N,OTAHUHU ON NBD,,Non-Injury Crash,Yes,2006,,North,,0,,Flat,,,,,,Twilight,787200,0,0,0,1,,,0,,,,,,Auckland Region,Nil,1-way,Sealed,,0,0,,100,,On,0,0,,76,Auckland,Nil,,,,,1,0,Open,0,,,Fine,Null
1804309,5794768,22445,,527935,0,0,0,1,0,North,2006/2007,THOMPSON ROAD,SH 3,,Minor Crash,No,2006,0,North,0,0,0,Flat,0,,0,,0,Overcast,986100,1,0,0,1,0,0,0,0,0,,0,1,Waikato Region,Nil,2-way,Sealed,0,0,0,0,100,0,None,0,0,,17,Waipa District,Nil,0,0,0,0,0,0,Open,0,0,0,Fine,Null
1675128,6094627,22446,,501633,0,0,0,0,0,South,2006/2007,WAIARE ROAD,WIROA ROAD,,Non-Injury Crash,No,2006,0,North,0,0,0,Hill Road,0,,0,,0,Dark,33900,0,0,0,2,0,0,0,0,0,,0,0,Northland Region,Nil,2-way,Sealed,0,0,0,0,100,0,None,0,0,,1,Far North District,Nil,0,0,0,0,0,0,Open,1,0,0,Fine,Null
1929646,5603631,22447,,548300,0,,0,1,,South,2005/2006,RIVERSLEA ROAD SOUTH,CHURCHILL ST,,Minor Crash,No,2006,,North,,0,,Flat,,,,,,Dark,1504000,1,0,0,2,,,0,,,1,,,Hawke's Bay Region,Nil,2-way,Sealed,,0,0,,50,,On,0,0,,30,Hastings District,Nil,,,,,0,0,Urban,0,,,Fine,Null
1822478,5527033,22448,,561813,0,,0,2,,West,2005/2006,TENNENT DRIVE,ATAWHAI ROAD,,Non-Injury Crash,No,2006,,East,,0,,Flat,,,,,,Overcast,1799100,0,0,0,2,,,0,,,,,,Manawatū-Whanganui Region,Nil,2-way,Sealed,,0,0,,70,,Null,0,0,,40,Palmerston North City,Nil,,,,,0,0,Urban,0,,,Fine,Null
1571770,5179923,22449,,593501,0,,0,2,,Null,2006/2007,FITZGERALD AVENUE,CASHEL ST,,Minor Crash,No,2006,,South,,0,,Flat,,,,,,Dark,2608800,2,0,0,6,,,0,,,,,,Canterbury Region,Nil,2-way,Sealed,,0,0,,50,,On,0,0,,60,Christchurch City,Traffic Signals,,,,,0,0,Urban,0,,,Light rain,Null
1756776,5943699,22450,,505902,0,,0,1,,East,2005/2006,WHANGAPARAOA ROAD,LADIES MILE,,Non-Injury Crash,No,2006,,West,,0,,Flat,,,,,,Bright sun,174608,0,0,0,2,,,0,,,,,,Auckland Region,Nil,2-way,Sealed,,0,0,,50,,Off,0,0,,76,Auckland,Nil,,,,,0,0,Urban,1,,,Fine,Null
1747852,5428510,22451,,575200,1,,0,2,,North,2005/2006,GLENMORE ST,GARDEN ROAD,,Serious Crash,No,2006,,North,,0,,Hill Road,,,,,,Dark,2151300,0,0,0,2,,,0,,,,,,Wellington Region,Nil,2-way,Sealed,,0,1,,50,,On,0,0,,47,Wellington City,Nil,,,,,0,0,Urban,0,,,Fine,Null
1237100,4842633,22452,,610052,0,,0,1,,South,2006/2007,SANDY POINT ROAD,PIT ROAD,,Minor Crash,No,2006,,North,,0,,Flat,,,,,,Bright sun,3079401,2,0,0,2,,,0,,,,,,Southland Region,Nil,2-way,Unsealed,,0,0,,100,,Null,1,0,,75,Invercargill City,Unknown,,,,,0,0,Open,0,,,Fine,Null
1768509,5884549,22453,,521111,0,0,0,1,0,South,2006/2007,SH 22,CROWN ROAD,,Serious Crash,Yes,2006,0,South,1,0,0,Hill Road,0,,0,,0,Overcast,813502,0,0,0,2,0,0,0,0,0,,0,0,Auckland Region,Nil,2-way,Sealed,0,0,1,0,70,0,Off,0,0,,76,Auckland,Nil,1,1,0,0,0,0,Urban,0,0,0,Light rain,Null
1793415,5793725,22454,,527921,0,0,0,1,0,North,2006/2007,SH 39,MANGAPIKO STM BR,,Non-Injury Crash,Yes,2006,0,South,0,0,0,Flat,1,,0,,0,Dark,981900,0,0,0,2,0,0,0,0,0,,0,0,Waikato Region,Nil,2-way,Sealed,0,0,0,0,100,0,None,0,0,,17,Waipa District,Unknown,0,0,0,0,1,0,Open,0,0,0,Fine,Null
1765334,5916831,22455,,517001,0,0,0,1,1,North,2006/2007,Z CPK GI SHOPS,POINT ENGLAND ROAD,,Minor Crash,No,2006,0,East,0,0,0,Flat,0,Christmas New Year,0,,0,Overcast,476100,1,0,0,1,0,0,0,0,1,1,0,0,Auckland Region,Nil,Off road,Sealed,0,0,0,0,20,0,Off,1,0,,76,Auckland,Nil,0,0,0,0,0,0,Urban,0,0,0,Fine,Null
1745870,5920460,22456,,513301,0,0,0,1,0,North,2006/2007,SH 16,LINCOLN OFF WBD,,Minor Crash,Yes,2006,0,West,1,0,0,Flat,0,,0,,0,Bright sun,230301,1,0,0,2,0,0,0,0,0,,0,0,Auckland Region,Nil,1-way,Sealed,0,0,0,0,100,0,Off,0,0,,76,Auckland,Nil,0,0,0,0,0,0,Open,0,0,0,Fine,Null
1752396,5931386,22457,,508807,0,,0,2,,North,2005/2006,BUSH ROAD,PAUL MATTHEWS ROAD,,Non-Injury Crash,No,2006,,South,,0,,Flat,,,,,,Bright sun,180809,0,0,0,3,,,0,,,,,,Auckland Region,Nil,2-way,Sealed,,0,0,,50,,Off,0,0,,76,Auckland,Nil,,,,,0,0,Urban,0,,,Fine,Null
1692454,5674732,22458,,552400,0,,0,2,,East,2005/2006,CLAWTON ST,HILLSIDE CRESCENT,,Minor Crash,No,2006,,East,,0,,Hill Road,,,,,,Overcast,1572300,1,0,0,2,,,0,,,,,,Taranaki Region,Nil,2-way,Sealed,,0,0,,50,,Null,0,0,,33,New Plymouth District,Nil,,,,,0,0,Urban,0,,,Heavy rain,Null
1757514,5912320,22459,,519810,0,,0,2,,South,2005/2006,SH 20,QUEENSTOWN OBR,,Non-Injury Crash,Yes,2006,,South,,0,,Hill Road,,,,,,Twilight,596700,0,0,0,2,,,0,,,,,,Auckland Region,Nil,1-way,Sealed,,0,0,,100,,On,0,0,,76,Auckland,Nil,,,,,0,0,Open,0,,,Fine,Null
1800930,5812659,22460,,530400,0,,0,1,,East,2006/2007,SH3 ON RAMP,SH 3,,Serious Crash,Yes,2006,,East,,0,,Flat,,,,,,Bright sun,924000,0,0,0,4,,,0,,,1,,,Waikato Region,Nil,2-way,Sealed,,0,1,,50,,Null,0,0,,16,Hamilton City,Unknown,,,,,0,0,Urban,0,,,Fine,Null
1876558,5821240,22461,,537500,0,,0,1,,South,2005/2006,WATLING ST,TWENTYTHIRD AVENUE,,Non-Injury Crash,No,2006,,South,,0,,Hill Road,,,,,,Bright sun,1171300,0,0,0,1,,,0,,,,,,Bay of Plenty Region,Nil,2-way,Sealed,,0,0,,50,,Off,0,0,,23,Tauranga City,Nil,,,,,0,0,Urban,1,,,Fine,Null
1623754,5430187,22462,,582800,0,,0,3,,North,2005/2006,TRAFALGAR ST,BRONTE ST,,Minor Crash,No,2006,,North,,0,,Hill Road,,,,,,Bright sun,2321800,1,0,0,2,,,0,,,,,,Nelson Region,Nil,2-way,Sealed,,0,0,,50,,Null,0,0,,52,Nelson City,Nil,,,,,0,0,Urban,0,,,Fine,Null
1763806,5907519,22463,,521902,0,,0,2,,North,2006/2007,HOSPITAL ROAD,SWAFFIELD ROAD,,Minor Crash,No,2006,,South,,0,,Flat,,,,,,Overcast,786500,3,0,0,2,,,0,,,,,,Auckland Region,Nil,2-way,Sealed,,0,0,,20,,Off,0,0,,76,Auckland,Nil,,,,,0,0,Urban,0,,,Fine,Null
1801482,5818161,22464,,529501,0,,0,2,,North,2005/2006,HUKANUI ROAD,CLARKIN ROAD,,Non-Injury Crash,No,2006,,South,,0,,Flat,,,,,,Dark,875500,0,0,0,2,,,0,,,,,,Waikato Region,Nil,2-way,Sealed,,0,0,,50,,On,0,0,,16,Hamilton City,Unknown,,,,,0,0,Urban,0,,,Fine,Null
1789359,5785287,22465,,531301,0,,0,2,,North,2005/2006,SH 39,NGUTUNUI ROAD,,Non-Injury Crash,Yes,2006,,North,,0,,Hill Road,,,,,,Overcast,994300,0,0,0,2,,,0,,,,,,Waikato Region,Nil,2-way,Sealed,,0,0,,100,,Null,0,0,,18,Ōtorohanga District,Unknown,,,,,0,0,Open,0,,,Fine,Strong wind
1564685,5179735,22466,,587701,0,,0,2,,South,2006/2007,MAIN SOUTH ROAD,BOWMAN PLACE,,Minor Crash,No,2006,,South,,0,,Flat,,,,,,Bright sun,2480000,1,0,0,2,,,0,,,,,,Canterbury Region,Nil,2-way,Sealed,,0,0,,50,,Null,0,0,,60,Christchurch City,Unknown,,,,,0,0,Urban,0,,,Fine,Null
1873791,5781667,22467,,538863,0,,0,2,,North,2005/2006,SH 5,DALBETH ROAD,,Non-Injury Crash,Yes,2006,,South,,0,,Hill Road,,,,,,Overcast,1265501,0,0,0,2,,,0,,,,,,Bay of Plenty Region,Nil,2-way,Sealed,,0,0,,100,,Null,0,0,,24,Rotorua District,Unknown,,,,,0,0,Open,1,,,Fine,Null
1759052,5919348,22468,,515902,1,,0,1,,Null,2006/2007,ST STEPHENS AVENUE,BRIGHTON ROAD,,Minor Crash,No,2006,,West,,0,,Hill Road,,,,,,Bright sun,454600,1,0,0,2,,,0,,,,,,Auckland Region,Nil,2-way,Sealed,,0,0,,50,,Off,0,0,,76,Auckland,Stop,,,,,0,0,Urban,0,,,Fine,Null
1242413,4850127,22469,,611210,0,,0,1,,South,2006/2007,SH 6,LEET ST,,Minor Crash,Yes,2006,,South,,0,,Flat,,,,,,Bright sun,3106400,2,0,0,4,,,0,,,,,,Southland Region,Nil,2-way,Sealed,,0,0,,50,,Null,1,0,,75,Invercargill City,Unknown,,,,,0,0,Urban,0,,,Fine,Null
1747693,5426137,22470,,573200,0,,0,2,,Null,2006/2007,BROOKLYN ROAD,OHIRO ROAD,,Minor Crash,No,2006,,West,,0,,Hill Road,,,,,,Dark,2159300,1,0,0,2,,,0,,,,,,Wellington Region,Nil,2-way,Sealed,,0,0,,50,,On,0,0,,47,Wellington City,Give way,,,,,0,0,Urban,0,,,Heavy rain,Null
1768331,5903593,22471,,523820,0,,0,2,,South,2005/2006,SH 1N,MANUKAU ON SBD,,Non-Injury Crash,Yes,2006,,South,,0,,Flat,,,,,,Bright sun,760142,0,0,0,3,,,0,,,,,,Auckland Region,Nil,1-way,Sealed,,0,0,,100,,Off,0,0,,76,Auckland,Nil,,,,,0,0,Open,0,,,Fine,Null
1881240,5819891,22472,,538303,0,0,0,2,0,East,2005/2006,WELCOME BAY ROAD,WAITAHA ROAD,,Non-Injury Crash,No,2006,0,West,0,0,0,Flat,0,,0,,0,Bright sun,1180305,0,0,0,2,0,0,0,0,1,,0,0,Bay of Plenty Region,Nil,2-way,Sealed,0,0,0,0,50,0,Null,0,0,,23,Tauranga City,Unknown,0,0,0,0,0,0,Urban,0,0,0,Fine,Null
1928243,5785648,22473,,542540,0,0,0,1,0,North,2005/2006,MOODY ROAD,SH 30,,Minor Crash,No,2006,0,North,0,0,0,Hill Road,0,,0,,0,Dark,1325903,2,0,0,2,0,0,0,1,0,,0,0,Bay of Plenty Region,Nil,2-way,Unsealed,0,0,0,0,100,0,None,0,0,,25,Whakatane District,Unknown,0,0,0,1,0,0,Open,0,0,0,Light rain,Null
1801185,5812773,22474,,530400,0,,0,1,,Null,2005/2006,SH3 ON RAMP,ODETTE ST,,Non-Injury Crash,Yes,2006,,West,,0,,Flat,,,,,,Bright sun,924000,0,0,0,4,,,0,,,,,,Waikato Region,Nil,2-way,Sealed,,0,0,,80,,Null,1,0,,16,Hamilton City,Give way,,,,,0,0,Open,0,,,Fine,Frost
1909969,5664644,22475,75,545911,0,0,0,1,0,North,2006/2007,SH 5,SUMMIT KIOSK,,Minor Crash,Yes,2006,0,North,0,0,0,Hill Road,0,,0,,0,Bright sun,1414400,1,0,0,2,0,0,0,1,0,,0,0,Hawke's Bay Region,Nil,2-way,Sealed,0,0,0,0,100,0,Null,0,0,,30,Hastings District,Nil,0,0,0,0,0,0,Open,0,0,0,Fine,Null
1765315,5909286,22476,,523402,0,0,0,2,0,South,2005/2006,SH 1N,OTAHUHU OFF NBD,,Non-Injury Crash,Yes,2006,0,North,0,0,0,Flat,2,,0,,0,Dark,696900,0,0,0,3,0,0,0,0,0,,0,0,Auckland Region,Nil,1-way,Sealed,0,0,0,0,100,0,On,0,0,80,76,Auckland,Nil,0,0,0,0,0,0,Open,0,0,0,Fine,Null
1579031,5174263,22477,,596102,0,0,0,1,0,East,2005/2006,SUMMIT ROAD,MOUNT PLEASANT ROAD,,Minor Crash,No,2006,0,East,0,0,1,Hill Road,0,Queens Birthday,0,,0,Dark,2703300,2,0,0,2,0,0,0,1,0,,0,0,Canterbury Region,Nil,2-way,Sealed,0,0,0,0,70,0,None,0,0,,60,Christchurch City,Unknown,0,0,0,0,0,0,Urban,0,0,0,Light rain,Null
1885183,5773995,22478,,540410,0,,0,2,,Null,2005/2006,FENTON ST,PUKUATUA ST,,Non-Injury Crash,No,2006,,North,,0,,Flat,,,,,,Bright sun,1233900,0,0,0,4,,,0,,,,,,Bay of Plenty Region,Nil,2-way,Sealed,,0,0,,50,,Null,0,0,,24,Rotorua District,Give way,,,,,0,0,Urban,0,,,Fine,Null
1799041,5814529,22479,,528900,0,,0,2,,Null,2005/2006,SH 1N,KILLARNEY ROAD,,Non-Injury Crash,Yes,2006,,North,,0,,Flat,,,,,,Bright sun,915900,0,0,0,2,,,0,,,,,,Waikato Region,Nil,2-way,Sealed,,0,0,,50,,Null,0,0,,16,Hamilton City,Give way,,,,,0,0,Urban,0,,,Fine,Null
1757674,5944349,22480,,505902,0,0,0,1,0,South,2005/2006,WHANGAPARAOA ROAD,BRANDON ROAD,,Non-Injury Crash,No,2006,0,North,0,0,0,Flat,0,,0,,0,Dark,174513,0,0,0,2,0,0,0,0,0,,0,0,Auckland Region,Nil,2-way,Sealed,0,0,0,0,50,0,On,0,0,,76,Auckland,Nil,1,0,0,0,0,0,Urban,0,0,0,Light rain,Null
1243002,4850303,22481,,611210,1,0,0,1,0,East,2005/2006,GALA ST,DEVERON ST,,Minor Crash,No,2006,0,East,0,0,0,Flat,0,,0,,0,Overcast,3106300,1,0,0,2,0,0,0,0,1,,0,0,Southland Region,Nil,2-way,Sealed,0,0,0,0,50,0,Null,0,0,,75,Invercargill City,Unknown,0,0,0,0,0,0,Urban,0,0,0,Fine,Null
1745378,5920378,22482,,513301,0,,0,2,,Null,2005/2006,LINCOLN ROAD,TRIANGLE ROAD,,Minor Crash,No,2006,,East,,0,,Flat,,,,,,Dark,230302,2,0,0,3,,,0,,,,,,Auckland Region,Nil,2-way,Sealed,,0,0,,50,,On,0,0,,76,Auckland,Traffic Signals,,,,,0,0,Urban,0,,,Fine,Null
1748414,5918934,22483,,514801,0,,0,2,,West,2005/2006,SH 16,PATIKI OBR,,Non-Injury Crash,Yes,2006,,West,,0,,Hill Road,,,,,,Bright sun,389300,0,0,0,3,,,0,,,,,,Auckland Region,Nil,1-way,Sealed,,0,0,,100,,Off,0,0,,76,Auckland,Nil,,,,,0,0,Open,0,,,Fine,Null
1801572,5821322,22484,,527009,0,,0,1,,South,2005/2006,GORDONTON ROAD,THOMAS ROAD,,Non-Injury Crash,No,2006,,South,,0,,Flat,,,,,,Bright sun,952322,0,0,0,2,,,0,,,,,,Waikato Region,Nil,2-way,Sealed,,0,0,,100,,Null,0,0,,16,Hamilton City,Unknown,,,,,0,0,Open,1,,,Fine,Null
1816159,5871318,22485,,533901,0,,0,2,,Null,2005/2006,SH 2,CENTRAL ROAD,,Non-Injury Crash,Yes,2006,,East,,0,,Flat,,,,,,Overcast,1063100,0,0,0,2,,,0,,,,,,Waikato Region,Nil,2-way,Sealed,,0,0,,100,,Null,0,0,,12,Hauraki District,Give way,,,,,0,0,Open,0,,,Light rain,Strong wind