X,Y,OBJECTID,advisorySpeed,areaUnitID,bicycle,bridge,bus,carStationWagon,cliffBank,crashDirectionDescription,crashFinancialYear,crashLocation1,crashLocation2,crashRoadSideRoad,crashSeverity,crashSHDescription,crashYear,debris,directionRoleDescription,ditch,fatalCount,fence,flatHill,guardRail,holiday,houseOrBuilding,intersection,kerb,light,meshblockId,minorInjuryCount,moped,motorcycle,NumberOfLanes,objectThrownOrDropped,otherObject,otherVehicleType,overBank,parkedVehicle,pedestrian,phoneBoxEtc,postOrPole,region,roadCharacter,roadLane,roadSurface,roadworks,schoolBus,seriousInjuryCount,slipOrFlood,speedLimit,strayAnimal,streetLight,suv,taxi,temporarySpeedLimit,tlaId,tlaName,trafficControl,trafficIsland,trafficSign,train,tree,truck,unknownVehicleType,urban,vanOrUtility,vehicle,waterRiver,weatherA,weatherB
1456295,5309841,22486,,584931,0,,0,2,,Null,2005/2006,SH 6,STRONGMAN MINE MEMORIAL,,Minor Crash,Yes,2006,,North,,0,,Flat,,Easter,,,,Bright sun,2402001,3,0,0,2,,,0,,,,,,West Coast Region,Nil,2-way,Sealed,,0,0,,100,,Null,0,0,,56,Grey District,Nil,,,,,0,0,Open,0,,,Fine,Null
1738403,5928373,22487,,505602,0,,0,1,,West,2006/2007,ACCESS ROAD,WOOKEY LANE,,Non-Injury Crash,No,2006,,East,,0,,Flat,,,,,,Dark,215000,0,0,0,2,,,0,,,,,,Auckland Region,Nil,2-way,Sealed,,0,0,,70,,None,1,0,,76,Auckland,Nil,,,,,0,0,Urban,1,,,Heavy rain,Null
1404087,4917461,22488,,604120,0,,0,2,,East,2006/2007,KAIKORAI VALLEY ROAD,BROCKVILLE ROAD,,Minor Crash,No,2006,,West,,0,,Flat,,,,,,Bright sun,2922601,1,0,0,2,,,0,,,,,,Otago Region,Nil,2-way,Sealed,,0,0,,50,,Null,0,0,,71,Dunedin City,Unknown,,,,,0,0,Urban,0,,,Snow,Null
1568882,5177640,22489,,594800,0,,0,1,,Null,2006/2007,BARRINGTON ST,CORONATION ST,,Serious Crash,No,2006,,North,,0,,Flat,,,,,,Bright sun,2640600,0,0,0,2,,,0,,,,,,Canterbury Region,Nil,2-way,Sealed,,0,1,,50,,Null,0,0,,60,Christchurch City,Give way,,,,,1,0,Urban,0,,,Fine,Null
1880129,5820657,22490,,538000,0,,0,1,,East,2006/2007,SH 29,MAUNGATAPU ROAD,,Non-Injury Crash,Yes,2006,,West,,0,,Flat,,,,,,Bright sun,1179403,0,0,0,2,,,0,,,,,,Bay of Plenty Region,Nil,2-way,Sealed,,0,0,,100,,None,1,0,,23,Tauranga City,Nil,,,,,0,0,Open,0,,,Fine,Null
1758483,5455367,22491,,571800,0,,0,2,,Null,2005/2006,SH 1N,TEIHANA ROAD,,Minor Crash,Yes,2006,,North,,0,,Flat,,,,,,Overcast,2065900,1,0,0,2,,,0,,,,,,Wellington Region,Nil,2-way,Sealed,,0,0,,50,,Null,0,0,,44,Porirua City,Give way,,,,,0,0,Urban,0,,,Heavy rain,Null
1789497,5754518,22492,,532000,0,,0,1,,Null,2005/2006,RORA ST,LAWRENCE ST,,Non-Injury Crash,Yes,2006,,South,,0,,Flat,,,,,,Overcast,1009500,0,0,0,2,,,0,,,,,,Waikato Region,Nil,2-way,Sealed,,0,0,,50,,Null,0,0,,20,Waitomo District,Stop,,,,,1,0,Urban,0,,,Heavy rain,Null
1271517,5015337,22493,,609200,0,0,0,1,0,Null,2005/2006,BEDFORD ST,BUCKINGHAM ST,,Minor Crash,No,2006,0,East,0,0,0,Flat,0,Queens Birthday,0,,0,Dark,3035006,1,0,0,2,0,0,0,0,0,,1,0,Otago Region,Nil,2-way,Sealed,0,0,0,0,50,0,On,0,0,,70,Queenstown-Lakes District,Nil,0,0,0,1,0,0,Urban,0,0,0,Fine,Null
1877095,5823332,22494,,537400,0,,0,2,,East,2005/2006,WAIHI ROAD,PAINE ST,,Non-Injury Crash,No,2006,,East,,0,,Flat,,,,,,Overcast,1161903,0,0,0,2,,,0,,,,,,Bay of Plenty Region,Nil,2-way,Sealed,,0,0,,50,,Null,0,0,,23,Tauranga City,Unknown,,,,,0,0,Urban,0,,,Light rain,Null
1763209,5908163,22495,,524301,0,,0,1,,South,2006/2007,MASSEY ROAD,SAVILL DRIVE,,Serious Crash,No,2006,,South,,0,,Flat,,,,,,Overcast,748700,0,0,0,4,,,0,,,1,,,Auckland Region,Nil,2-way,Sealed,,0,1,,50,,Null,0,0,,76,Auckland,Unknown,,,,,0,0,Urban,0,,,Fine,Null
1755421,5919405,22496,,515420,0,,0,2,,Null,2005/2006,ROSE ROAD,LEIGHTON ST,,Non-Injury Crash,No,2006,,East,,0,,Flat,,,,,,Bright sun,408900,0,0,0,2,,,0,,,,,,Auckland Region,Nil,2-way,Sealed,,0,0,,50,,Off,0,0,,76,Auckland,Stop,,,,,0,0,Urban,0,,,Fine,Null
1851146,5766024,22497,,535350,0,,0,1,,Null,2005/2006,CAMPBELL ST,BRIDGE ST,,Non-Injury Crash,No,2006,,South,,0,,Flat,,,,,,Overcast,1139500,0,0,0,2,,,0,,,,,,Waikato Region,Nil,2-way,Sealed,,0,0,,50,,Null,0,0,,19,South Waikato District,Give way,,,,,0,0,Urban,1,,,Fine,Null
1564931,5207028,22498,,586121,0,0,0,1,1,West,2005/2006,RIVER ROAD,WEST BELT,,Minor Crash,No,2006,0,South,0,0,0,Flat,0,,0,,0,Bright sun,2450007,2,0,0,0,0,0,0,0,0,,0,0,Canterbury Region,Nil,2-way,Unsealed,0,0,0,0,70,0,Null,0,0,,59,Waimakariri District,Unknown,0,0,0,0,0,0,Urban,0,0,0,Fine,Null
1797361,5813429,22499,,528602,0,,0,1,,South,2005/2006,TUHIKARAMEA ROAD,PYGMALION PLACE,,Non-Injury Crash,No,2006,,North,,0,,Flat,,,,,,Overcast,921702,0,0,0,2,,,0,,,,,,Waikato Region,Nil,2-way,Sealed,,0,0,,50,,Null,1,0,,16,Hamilton City,Unknown,,,,,0,0,Urban,0,,,Heavy rain,Null
1760607,5908398,22500,,524403,0,,0,1,,West,2005/2006,HALL AVENUE,ROBERTSON ROAD,,Non-Injury Crash,No,2006,,North,,0,,Flat,,,,,,Bright sun,729903,0,0,0,2,,,0,,,,,,Auckland Region,Nil,2-way,Sealed,,0,0,,50,,Off,1,0,,76,Auckland,Nil,,,,,0,0,Urban,0,,,Fine,Null
1876731,5823616,22501,,537301,0,,0,3,,South,2005/2006,BELLEVUE ROAD,SUTHERLAND ROAD,,Non-Injury Crash,No,2006,,North,,0,,Hill Road,,,,,,Overcast,1161301,0,0,0,2,,,0,,,,,,Bay of Plenty Region,Nil,2-way,Sealed,,0,0,,50,,Null,0,0,,23,Tauranga City,Unknown,,,,,0,0,Urban,0,,,Light rain,Null
1759525,5436007,22502,,569100,0,,0,2,,East,2005/2006,LAINGS ROAD,KNIGHTS ROAD,,Minor Crash,No,2006,,East,,0,,Flat,,,,,,Bright sun,1965500,1,0,0,2,,,0,,,,,,Wellington Region,Nil,2-way,Sealed,,0,0,,50,,Null,0,0,,46,Lower Hutt City,Nil,,,,,0,0,Urban,0,,,Fine,Null
1719565,6045370,22503,,503100,0,,0,2,,East,2005/2006,ALBERT ST,WOODS ROAD,,Non-Injury Crash,No,2006,,East,,0,,Flat,,,,,,Overcast,100500,0,0,0,2,,,0,,,,,,Northland Region,Nil,2-way,Sealed,,0,0,,50,,None,0,0,,2,Whangarei District,Nil,,,,,0,0,Urban,0,,,Light rain,Null
1750888,5928524,22504,65,509100,0,0,0,2,0,East,2005/2006,UPPER HARBOUR DRIVE,SHELTER DRIVE,,Non-Injury Crash,No,2006,0,East,0,0,1,Hill Road,1,,0,,0,Dark,181400,0,0,0,2,0,0,0,0,1,,0,0,Auckland Region,Nil,2-way,Sealed,0,0,0,0,70,0,On,0,0,,76,Auckland,Nil,0,0,0,0,0,0,Urban,0,0,0,Fine,Null
1930682,5605346,22505,,548200,0,,0,2,,South,2005/2006,KARAMU ROAD NORTH,JERVOIS ST,,Minor Crash,No,2006,,North,,0,,Flat,,,,,,Twilight,1494300,1,0,0,2,,,0,,,,,,Hawke's Bay Region,Nil,2-way,Sealed,,0,0,,50,,Off,0,0,,30,Hastings District,Nil,,,,,0,0,Urban,1,,,Heavy rain,Null
1757040,5925437,22506,,509702,0,0,0,1,0,Null,2005/2006,SH 1N,ESMONDE OFF NBD,,Non-Injury Crash,Yes,2006,0,North,0,0,0,Flat,1,,0,,0,Dark,364601,0,0,0,3,0,0,0,0,0,,0,0,Auckland Region,Motorway ramp,1-way,Sealed,0,0,0,0,100,0,Off,0,0,,76,Auckland,Nil,0,0,0,0,0,0,Open,0,0,0,Fine,Null
1800655,5818675,22507,,529402,0,0,0,2,0,North,2006/2007,SEFTON CRESCENT,TONGARIRO ST,,Non-Injury Crash,No,2006,0,West,0,0,0,Flat,0,,0,,0,Overcast,878502,0,0,0,2,0,0,0,0,1,,0,0,Waikato Region,Nil,2-way,Sealed,0,0,0,0,50,0,Off,0,0,,16,Hamilton City,Nil,0,0,0,0,0,0,Urban,0,0,0,Light rain,Null
1976409,5783921,22508,,542800,0,,0,2,,Null,2005/2006,SH 2,WELLINGTON ST,,Non-Injury Crash,Yes,2006,,West,,0,,Flat,,,,,,Overcast,1341600,0,0,0,2,,,0,,,,,,Bay of Plenty Region,Nil,2-way,Sealed,,0,0,,50,,Null,0,0,,27,Ōpōtiki District,Stop,,,,,0,0,Urban,0,,,Light rain,Null
1756234,5919266,22509,,514000,0,,0,3,,North,2006/2007,PONSONBY ROAD,KARANGAHAPE ROAD,,Minor Crash,No,2006,,South,,0,,Flat,,,,,,Overcast,413800,1,0,0,5,,,0,,,,,,Auckland Region,Nil,2-way,Sealed,,0,0,,50,,Null,0,0,,76,Auckland,Traffic Signals,,,,,0,0,Urban,0,,,Fine,Null
1756967,5927221,22510,,507900,0,,0,2,,Null,2006/2007,TAHAROTO ROAD,KARAKA ST,,Non-Injury Crash,No,2006,,North,,0,,Flat,,,,,,Overcast,304800,0,0,0,4,,,0,,,,,,Auckland Region,Nil,2-way,Sealed,,0,0,,50,,Off,0,0,,76,Auckland,Give way,,,,,0,0,Urban,0,,,Fine,Null
1758343,5918281,22511,,517400,0,,0,2,,East,2005/2006,KENT ST,YORK ST,,Non-Injury Crash,No,2006,,East,,0,,Flat,,,,,,Bright sun,451200,0,0,0,2,,,0,,,,,,Auckland Region,Nil,2-way,Sealed,,0,0,,50,,Null,0,0,,76,Auckland,Nil,,,,,0,0,Urban,0,,,Fine,Null
1558085,5178991,22512,,587821,0,,0,1,,Null,2005/2006,HASKETTS ROAD,BARTERS ROAD,,Minor Crash,No,2006,,North,,0,,Flat,,Queens Birthday,,,,Dark,2495600,2,0,0,2,,,0,,,,,,Canterbury Region,Nil,2-way,Sealed,,0,0,,100,,On,0,0,,60,Christchurch City,Give way,,,,,0,0,Open,0,,,Fine,Null
1763850,5912574,22513,,520500,0,,0,2,,North,2006/2007,SH 1N,MT WGTN OBR,,Non-Injury Crash,Yes,2006,,South,,0,,Flat,,,,,,Dark,637400,0,0,0,2,,,0,,,,,,Auckland Region,Nil,1-way,Sealed,,0,0,,100,,On,0,0,,76,Auckland,Nil,,,,,0,0,Open,0,,,Fine,Null
1405736,5114928,22514,,600323,0,0,0,1,0,East,2006/2007,SH 8,HALDON ROAD,,Minor Crash,Yes,2006,0,West,0,0,0,Flat,0,,0,,0,Overcast,2813101,1,0,0,2,0,0,0,1,0,,0,0,Canterbury Region,Nil,2-way,Sealed,0,0,0,0,100,0,Null,0,0,,65,Mackenzie District,Unknown,0,0,0,0,0,0,Open,0,0,0,Fine,Null
1757081,5919593,22515,,514102,0,,0,1,,Null,2005/2006,QUEEN ST,CITY ROAD,,Serious Crash,No,2006,,West,,0,,Hill Road,,,,,,Bright sun,435900,1,0,0,4,,,0,,,1,,,Auckland Region,Nil,2-way,Sealed,,0,1,,50,,Off,0,0,,76,Auckland,Nil,,,,,0,0,Urban,0,,,Fine,Null
1762931,5873627,22516,,521153,0,0,0,2,0,East,2006/2007,AKA AKA ROAD,ELBOW ROAD,,Non-Injury Crash,No,2006,0,South,1,0,0,Flat,0,,0,,0,Bright sun,825400,0,0,0,2,0,0,0,1,0,,0,0,Waikato Region,Nil,2-way,Sealed,0,0,0,0,100,0,None,0,0,,13,Waikato District,Nil,0,0,0,0,0,0,Open,0,0,0,Fine,Null
1569415,5179145,22517,,594700,0,,0,3,,West,2005/2006,MOORHOUSE AVENUE,SELWYN ST,,Minor Crash,No,2006,,West,,0,,Flat,,,,,,Bright sun,2659200,2,0,0,6,,,0,,,,,,Canterbury Region,Nil,2-way,Sealed,,0,0,,50,,Null,0,0,,60,Christchurch City,Unknown,,,,,0,0,Urban,1,,,Fine,Null
1405664,4916294,22518,,603000,0,0,0,2,0,North,2006/2007,GRAHAM ST,HIGH ST,,Minor Crash,No,2006,0,South,0,0,0,Flat,0,,0,,0,Dark,2898200,1,0,0,1,0,0,0,0,2,1,0,0,Otago Region,Nil,2-way,Sealed,0,0,0,0,50,0,On,0,0,,71,Dunedin City,Unknown,0,0,0,0,0,0,Urban,1,0,0,Fine,Null
1709604,6043273,22519,,501810,0,0,0,0,0,South,2005/2006,SH 14,KOKOPU BLOCK ROAD,,Non-Injury Crash,Yes,2006,0,North,0,0,0,Flat,0,,0,,0,Bright sun,72101,0,0,0,2,0,0,0,0,0,,0,0,Northland Region,Nil,2-way,Sealed,0,0,0,0,100,0,Off,0,0,,2,Whangarei District,Nil,0,0,0,0,0,0,Open,1,0,0,Fine,Null
1671274,6081635,22520,,501700,0,0,0,1,1,South,2006/2007,HILLCREST ROAD,WINDSOR ROAD,,Minor Crash,No,2006,0,West,0,0,0,Hill Road,0,,0,,0,Dark,41300,1,0,0,1,0,0,0,0,0,,0,0,Northland Region,Nil,2-way,Sealed,0,0,0,0,50,0,None,0,0,,1,Far North District,Nil,0,0,0,0,0,0,Urban,0,0,0,Fine,Null
1753970,5917179,22521,,517600,0,,0,3,,West,2005/2006,NEW NORTH ROAD,ST LUKES ROAD,,Non-Injury Crash,No,2006,,East,,0,,Flat,,,,,,Bright sun,534300,0,0,0,5,,,0,,,,,,Auckland Region,Nil,2-way,Sealed,,0,0,,50,,Off,0,0,,76,Auckland,Nil,,,,,0,0,Urban,0,,,Fine,Null
1241939,4848959,22522,,611300,0,,0,3,,Null,2005/2006,TWEED ST,BOND ST,,Serious Crash,No,2006,,East,,0,,Flat,,,,,,Overcast,3104500,2,0,0,4,,,0,,,,,,Southland Region,Nil,2-way,Sealed,,0,1,,50,,Null,0,0,,75,Invercargill City,Give way,,,,,0,0,Urban,0,,,Fine,Null
1572913,5178758,22523,,594200,0,,0,2,,Null,2005/2006,ENSORS ROAD,FREDERICK ST,,Minor Crash,No,2006,,North,,0,,Flat,,,,,,Overcast,2582501,1,0,0,4,,,0,,,,,,Canterbury Region,Nil,2-way,Sealed,,0,0,,60,,Null,0,0,,60,Christchurch City,Nil,,,,,0,0,Urban,0,,,Light rain,Null
1772756,5895589,22524,,525540,0,,0,0,,South,2005/2006,GREAT SOUTH ROAD,CLARK ROAD,,Non-Injury Crash,No,2006,,North,,0,,Flat,,,,,,Overcast,806001,0,0,0,2,,,0,,,,,,Auckland Region,Nil,2-way,Sealed,,0,0,,50,,Off,1,0,,76,Auckland,Nil,,,,,0,0,Urban,1,,,Fine,Null
1756137,5924527,22525,,509702,0,,0,2,,Null,2006/2007,ONEWA ROAD,SYLVAN AVENUE,,Non-Injury Crash,No,2006,,West,,0,,Flat,,,,,,Bright sun,366700,0,0,0,2,,,0,,,,,,Auckland Region,Nil,2-way,Sealed,,0,0,,50,,Off,0,0,,76,Auckland,Traffic Signals,,,,,0,0,Urban,1,,,Fine,Null
1749186,5431099,22526,,574402,1,,0,0,,West,2006/2007,KAIWHARAWHARA ROAD,OLD PORIRUA ROAD,,Minor Crash,No,2006,,East,,0,,Hill Road,,,,,,Overcast,2097602,1,0,0,2,,,0,,,,,,Wellington Region,Nil,2-way,Sealed,,0,0,,50,,Null,0,0,,47,Wellington City,Nil,,,,,0,0,Urban,0,,,Light rain,Null
1636725,6065115,22527,,500802,0,,0,1,,East,2005/2006,SH 12,DIAMOND ROAD,,Minor Crash,Yes,2006,,East,,0,,Hill Road,,,,,,Bright sun,26700,2,0,0,2,,,0,,,,,,Northland Region,Nil,2-way,Sealed,,0,0,,100,,None,0,0,,1,Far North District,Nil,,,,,0,0,Open,1,,,Fine,Null
1839640,5841234,22528,,534800,0,,0,1,,Null,2005/2006,BOUNDARY ST,REWI ST,,Non-Injury Crash,No,2006,,South,,0,,Flat,,Queens Birthday,,,,Bright sun,1104400,0,0,0,2,,,0,,,,,,Waikato Region,Nil,2-way,Sealed,,0,0,,50,,Null,0,0,,15,Matamata-Piako District,Nil,,,,,0,0,Urban,1,,,Fine,Null
1719190,6050745,22529,,502201,0,0,0,1,1,West,2005/2006,CORKS ROAD,PARAMOUNT PARADE,,Non-Injury Crash,No,2006,0,East,0,0,0,Flat,0,,0,,0,Dark,86500,0,0,0,2,0,0,0,0,0,,0,0,Northland Region,Nil,2-way,Sealed,0,0,0,0,50,0,On,0,0,,2,Whangarei District,Nil,0,1,0,0,0,0,Urban,0,0,0,Light rain,Null
1769878,5899039,22530,,523920,0,,0,2,,North,2005/2006,SH 1N,TAKANINI OFF NBD,,Minor Crash,Yes,2006,,North,,0,,Flat,,,,,,Overcast,767911,1,0,0,4,,,0,,,,,,Auckland Region,Nil,2-way,Sealed,,0,0,,100,,None,1,0,,76,Auckland,Nil,,,,,0,0,Open,0,,,Fine,Null
1771687,5869163,22531,,526701,0,0,0,1,0,North,2005/2006,ONEWHERO TUAKAU BRIDGE RO,TE AWA KITE ROAD,,Minor Crash,No,2006,0,South,0,0,0,Hill Road,0,,0,,0,Overcast,844600,1,0,0,2,0,0,0,0,0,,0,0,Waikato Region,Nil,2-way,Sealed,0,0,0,0,100,0,None,0,0,,13,Waikato District,Nil,0,0,0,1,0,0,Open,0,0,0,Fine,Null
1754126,5913198,22532,,518802,0,0,0,2,0,North,2005/2006,MAY ROAD,RICHARDSON ROAD,,Non-Injury Crash,No,2006,0,North,0,0,0,Hill Road,0,,0,,0,Bright sun,579500,0,0,0,2,0,0,0,0,0,,0,0,Auckland Region,Nil,2-way,Sealed,0,0,0,0,50,0,Off,0,0,,76,Auckland,Nil,0,0,0,0,0,0,Urban,0,1,0,Fine,Null
1755133,5917226,22533,,517701,0,,0,1,,North,2006/2007,SANDRINGHAM ROAD,WARD TERRACE,,Non-Injury Crash,No,2006,,South,,0,,Flat,,,,,,Overcast,536700,0,0,1,4,,,0,,,,,,Auckland Region,Nil,2-way,Sealed,,0,0,,50,,Off,0,0,,76,Auckland,Nil,,,,,0,0,Urban,0,,,Light rain,Null
1931756,5601625,22534,,548810,0,0,0,1,0,Null,2006/2007,TASMAN ST,SEFTON ST,,Minor Crash,No,2006,0,South,0,0,0,Flat,0,,0,,0,Dark,1505400,1,0,0,2,0,0,0,0,0,,0,0,Hawke's Bay Region,Nil,2-way,Sealed,0,0,0,0,50,0,On,0,0,,30,Hastings District,Nil,0,0,0,1,0,0,Urban,0,0,0,Fine,Null
1789580,5829064,22535,,528200,0,0,0,1,0,West,2005/2006,JESMOND ST,MARKET ST,,Non-Injury Crash,No,2006,0,South,0,0,0,Flat,0,,1,,1,Bright sun,857500,0,0,0,2,0,0,0,0,0,,0,0,Waikato Region,Nil,2-way,Sealed,0,0,0,0,50,0,Null,0,0,,13,Waikato District,Unknown,0,0,0,0,0,0,Urban,0,0,0,Fine,Null
1754335,5434028,22536,,573526,0,0,0,1,0,West,2005/2006,SH 2,HOROKIWI ROAD,,Minor Crash,Yes,2006,0,East,0,0,0,Flat,1,,0,,0,Overcast,2086403,1,0,0,2,0,0,0,0,0,,0,0,Wellington Region,Nil,1-way,Sealed,0,0,0,0,100,0,Null,0,0,,47,Wellington City,Nil,0,0,0,0,0,0,Open,0,0,0,Fine,Null
1757659,5918336,22537,,514302,0,,0,1,,North,2005/2006,SH 1N,MOUNTAIN OBR,,Minor Crash,Yes,2006,,South,,0,,Flat,,,,,,Overcast,442100,1,0,1,5,,,0,,,,,,Auckland Region,Nil,1-way,Sealed,,0,0,,80,,Off,0,0,,76,Auckland,Nil,,,,,0,0,Open,0,,,Light rain,Null
1746156,5912614,22538,,511002,0,0,0,2,0,South,2005/2006,MATAMA ROAD,GLENGARRY ROAD,,Non-Injury Crash,No,2006,0,North,0,0,0,Flat,0,,0,,0,Dark,284600,0,0,0,2,0,0,0,0,1,,0,0,Auckland Region,Nil,2-way,Sealed,0,0,0,0,50,0,On,0,0,,76,Auckland,Unknown,0,0,0,0,0,0,Urban,0,0,0,Fine,Null
1759224,5912222,22539,,519820,0,,0,2,,North,2005/2006,GALWAY ST,CHURCH ST,,Non-Injury Crash,No,2006,,North,,0,,Hill Road,,,,,,Overcast,601200,0,0,0,2,,,0,,,,,,Auckland Region,Nil,2-way,Sealed,,0,0,,50,,Off,0,0,,76,Auckland,Nil,,,,,0,0,Urban,0,,,Fine,Null
1765131,5908168,22540,,523404,0,,0,2,,East,2006/2007,BAIRDS ROAD,GREAT SOUTH ROAD,,Minor Crash,No,2006,,East,,0,,Flat,,,,,,Dark,696801,2,0,0,2,,,0,,,,,,Auckland Region,Nil,2-way,Sealed,,0,0,,50,,On,0,1,,76,Auckland,Nil,,,,,0,0,Urban,1,,,Light rain,Null
1800345,5816449,22541,,529700,0,,0,2,,East,2005/2006,BOUNDARY ROAD,VICTORIA ST,,Non-Injury Crash,No,2006,,West,,0,,Flat,,,,,,Overcast,909402,0,0,0,3,,,0,,,,,,Waikato Region,Nil,2-way,Sealed,,0,0,,50,,Null,0,0,,16,Hamilton City,Unknown,,,,,0,0,Urban,0,,,Heavy rain,Null
1686906,6102224,22542,,500900,0,,0,3,,North,2005/2006,KERIKERI ROAD,PEACOCK GARDEN DRIVE,,Minor Crash,No,2006,,South,,0,,Hill Road,,,,,,Bright sun,44602,1,0,0,2,,,0,,,,,,Northland Region,Nil,2-way,Sealed,,0,0,,50,,None,1,0,,1,Far North District,Nil,,,,,0,0,Urban,0,,,Fine,Null
1798983,5813719,22543,,528900,0,,0,1,,Null,2006/2007,SH 1N,DUKE ST,,Fatal Crash,Yes,2006,,North,,1,,Flat,,,,,,Bright sun,916402,0,0,1,2,,,0,,,,,,Waikato Region,Nil,2-way,Sealed,,0,0,,80,,Off,0,0,,16,Hamilton City,Give way,,,,,0,0,Open,0,,,Fine,Null
1773507,5897346,22544,,525630,0,,0,0,,Null,2005/2006,OLD WAIROA ROAD,GROVE ROAD,,Non-Injury Crash,No,2006,,West,,0,,Flat,,,,,,Overcast,795200,0,0,0,2,,,0,,,,,,Auckland Region,Nil,2-way,Sealed,,0,0,,50,,Off,0,0,,76,Auckland,Stop,,,,,2,0,Urban,0,,,Light rain,Null
1572177,5196479,22545,,586403,0,,0,0,,Null,2006/2007,WILLIAMS ST,HILTON ST,,Minor Crash,No,2006,,West,,0,,Flat,,,,,,Overcast,2454101,1,0,1,2,,,0,,,,,,Canterbury Region,Nil,2-way,Sealed,,0,0,,50,,Null,1,0,,59,Waimakariri District,Give way,,,,,0,0,Urban,0,,,Fine,Null
1763329,5909543,22546,,521901,0,,0,2,,Null,2006/2007,SALEYARDS ROAD,STATION ROAD,,Serious Crash,No,2006,,South,,0,,Hill Road,,,,,,Dark,783000,4,0,0,4,,,0,,,,,,Auckland Region,Nil,2-way,Sealed,,0,1,,50,,On,0,0,,76,Auckland,Traffic Signals,,,,,0,0,Urban,0,,,Fine,Null
1803568,5795564,22547,,527935,0,0,0,1,0,North,2005/2006,SH 3,NGAROTO ROAD,,Non-Injury Crash,Yes,2006,0,South,0,0,1,Hill Road,0,Easter,0,,0,Bright sun,986100,0,0,0,2,0,0,0,0,0,,0,0,Waikato Region,Nil,2-way,Sealed,0,0,0,0,100,0,Null,0,0,,17,Waipa District,Unknown,0,0,0,0,0,0,Open,0,0,0,Fine,Null
1640724,6073375,22548,,500802,0,0,0,1,0,East,2005/2006,SH 12,MOUNTAIN ROAD,,Minor Crash,Yes,2006,0,West,0,0,1,Hill Road,0,,0,,0,Bright sun,25500,1,0,0,2,0,0,0,0,0,,0,0,Northland Region,Nil,2-way,Sealed,0,0,0,0,100,0,None,0,0,,1,Far North District,Nil,0,0,0,0,0,0,Open,0,0,0,Fine,Null
1867042,5713631,22549,,541720,0,,0,2,,Null,2006/2007,TONGARIRO ST,TAMAMUTU ST,,Non-Injury Crash,No,2006,,South,,0,,Flat,,,,,,Bright sun,1274000,0,0,0,4,,,0,,,,,,Waikato Region,Nil,2-way,Sealed,,0,0,,50,,Null,0,0,,21,Taupo District,Give way,,,,,0,0,Urban,0,,,Fine,Null
1885135,5772655,22550,,540600,0,,0,2,,Null,2005/2006,FENTON ST,ROBERTSON ST,,Non-Injury Crash,No,2006,,South,,0,,Flat,,,,,,Dark,1243100,0,0,0,4,,,0,,,,,,Bay of Plenty Region,Nil,2-way,Sealed,,0,0,,60,,On,0,1,,24,Rotorua District,Give way,,,,,0,0,Urban,0,,,Fine,Null
1869124,5713073,22551,,541730,0,,0,2,,Null,2005/2006,GILLIES AVENUE,TAMATEA ROAD,,Non-Injury Crash,No,2006,,West,,0,,Hill Road,,,,,,Bright sun,1270100,0,0,0,2,,,0,,,,,,Waikato Region,Nil,2-way,Sealed,,0,0,,50,,Null,0,0,,21,Taupo District,Stop,,,,,0,0,Urban,0,,,Fine,Null
1764230,5909893,22552,,521901,0,,0,1,,South,2005/2006,ATKINSON AVENUE,KING ST,,Non-Injury Crash,No,2006,,North,,0,,Flat,,,,,,Bright sun,783900,0,0,0,4,,,0,,,,,,Auckland Region,Nil,2-way,Sealed,,0,0,,50,,Off,0,0,,76,Auckland,Nil,,,,,0,0,Urban,1,,,Fine,Null
1766999,5907532,22553,,523602,0,0,0,1,0,Null,2005/2006,COBHAM CRESCENT,NOLA CRESCENT W,,Non-Injury Crash,No,2006,0,West,0,0,0,Flat,0,,0,,0,Bright sun,709400,0,0,0,2,0,0,0,0,0,,0,1,Auckland Region,Nil,2-way,Sealed,0,0,0,0,50,0,Off,0,0,,76,Auckland,Nil,0,0,0,0,0,0,Urban,0,0,0,Fine,Null
1761425,5912273,22554,,519500,0,,0,2,,South,2006/2007,NEILSON ST,CHURCH ST,,Non-Injury Crash,No,2006,,South,,0,,Flat,,,,,,Bright sun,622400,0,0,0,2,,,0,,,,,,Auckland Region,Nil,2-way,Sealed,,0,0,,50,,Null,0,0,,76,Auckland,Unknown,,,,,0,0,Urban,0,,,Fine,Null
1569431,5179397,22555,,591500,0,,0,1,,Null,2005/2006,HAGLEY AVENUE,SELWYN ST,,Serious Crash,No,2006,,South,,0,,Flat,,,,,,Bright sun,2647600,1,0,1,2,,,0,,,,,,Canterbury Region,Nil,2-way,Sealed,,0,1,,50,,Null,0,0,,60,Christchurch City,Give way,,,,,0,0,Urban,0,,,Fine,Null
1758336,5917908,22556,,517400,0,,0,0,,West,2006/2007,MORTIMER PASS,BROADWAY,,Minor Crash,No,2006,,East,,0,,Hill Road,,,,,,Bright sun,451300,1,0,0,3,,,0,,,1,,,Auckland Region,Nil,1-way,Sealed,,0,0,,50,,Off,0,0,,76,Auckland,Nil,,,,,2,0,Urban,0,,,Fine,Null