X,Y,OBJECTID,advisorySpeed,areaUnitID,bicycle,bridge,bus,carStationWagon,cliffBank,crashDirectionDescription,crashFinancialYear,crashLocation1,crashLocation2,crashRoadSideRoad,crashSeverity,crashSHDescription,crashYear,debris,directionRoleDescription,ditch,fatalCount,fence,flatHill,guardRail,holiday,houseOrBuilding,intersection,kerb,light,meshblockId,minorInjuryCount,moped,motorcycle,NumberOfLanes,objectThrownOrDropped,otherObject,otherVehicleType,overBank,parkedVehicle,pedestrian,phoneBoxEtc,postOrPole,region,roadCharacter,roadLane,roadSurface,roadworks,schoolBus,seriousInjuryCount,slipOrFlood,speedLimit,strayAnimal,streetLight,suv,taxi,temporarySpeedLimit,tlaId,tlaName,trafficControl,trafficIsland,trafficSign,train,tree,truck,unknownVehicleType,urban,vanOrUtility,vehicle,waterRiver,weatherA,weatherB
1757202,5912076,22557,,519810,0,,0,2,,Null,2005/2006,FREDERICK ST,CARLTON ST,,Non-Injury Crash,No,2006,,West,,0,,Flat,,,,,,Dark,597300,0,0,0,2,,,0,,,,,,Auckland Region,Nil,2-way,Sealed,,0,0,,50,,On,0,0,,76,Auckland,Stop,,,,,0,0,Urban,0,,,Light rain,Null
1241844,4859625,22558,,609911,0,,0,3,,Null,2006/2007,SH 6,ORION ROAD EAST,,Minor Crash,Yes,2006,,North,,0,,Flat,,,,,,Bright sun,3090300,2,0,0,2,,,0,,,,,,Southland Region,Nil,2-way,Sealed,,0,0,,100,,Null,0,0,,73,Southland District,Give way,,,,,0,0,Open,0,,,Fine,Null
1757017,5926174,22559,,509702,0,,0,3,,North,2006/2007,SH 1N,ESMONDE ON NBD,,Non-Injury Crash,Yes,2006,,North,,0,,Flat,,,,,,Dark,364602,0,0,0,3,,,0,,,,,,Auckland Region,Nil,1-way,Sealed,,0,0,,80,,On,0,0,,76,Auckland,Nil,,,,,0,0,Open,0,,,Fine,Null
1554995,5384781,22560,,581842,0,0,0,1,0,East,2005/2006,SH 6,OWEN VALLEY EAST ROAD,,Serious Crash,Yes,2006,0,East,0,0,0,Hill Road,0,,0,,0,Overcast,2380600,1,0,0,2,0,0,0,0,0,,0,0,Tasman Region,Nil,2-way,Sealed,0,0,2,0,100,0,Null,0,0,,51,Tasman District,Nil,0,1,0,1,0,0,Open,0,0,0,Light rain,Null
1933546,5603440,22561,,545750,0,,0,3,,Null,2005/2006,NAPIER ROAD,THOMPSON ROAD,,Minor Crash,No,2006,,North,,0,,Flat,,,,,,Bright sun,1406600,1,0,0,2,,,0,,,,,,Hawke's Bay Region,Nil,2-way,Sealed,,0,0,,100,,Null,0,0,,30,Hastings District,Nil,,,,,0,0,Open,0,,,Fine,Strong wind
1759455,5917206,22562,,516102,0,,0,2,,Null,2005/2006,REMUERA ROAD,WESTBOURNE ROAD,,Non-Injury Crash,No,2006,,South,,0,,Flat,,,,,,Overcast,484400,0,0,0,2,,,0,,,,,,Auckland Region,Nil,2-way,Sealed,,0,0,,50,,Null,0,0,,76,Auckland,Stop,,,,,0,0,Urban,0,,,Fine,Null
1806066,5554156,22563,,559230,0,,0,1,,North,2006/2007,SH 1N,WELLINGTON ROAD,,Serious Crash,Yes,2006,,South,,0,,Flat,,,,,,Overcast,1732100,0,0,1,2,,,0,,,,,,Manawatū-Whanganui Region,Nil,2-way,Sealed,,0,1,,100,,Null,0,0,,38,Rangitikei District,Give way,,,,,0,0,Open,0,,,Fine,Null
1753783,5917030,22564,,517800,0,,0,2,,North,2005/2006,NEW NORTH ROAD,KITENUI AVENUE,,Non-Injury Crash,No,2006,,South,,0,,Flat,,,,,,Dark,526700,0,0,0,4,,,0,,,,,,Auckland Region,Nil,2-way,Sealed,,0,0,,50,,On,0,0,,76,Auckland,Unknown,,,,,0,0,Urban,0,,,Fine,Null
1446894,5045754,22565,,600410,0,0,0,1,1,Null,2005/2006,SH 82,MAYTOWN ROAD,,Minor Crash,Yes,2006,0,East,0,0,0,Flat,0,,0,,0,Dark,2817100,1,0,0,2,0,0,0,0,0,,0,0,Canterbury Region,Nil,2-way,Sealed,0,0,0,0,100,0,None,0,0,,66,Waimate District,Nil,0,0,0,0,0,0,Open,0,0,0,Fine,Null
1763917,5917545,22566,,516302,0,0,0,1,0,West,2006/2007,ST JOHNS ROAD,COLLEGE ROAD,,Minor Crash,No,2006,0,East,0,0,0,Hill Road,0,,0,,0,Bright sun,462700,1,0,0,2,0,0,0,0,0,,0,0,Auckland Region,Nil,2-way,Sealed,0,0,0,0,50,0,Off,0,0,,76,Auckland,Nil,0,0,0,1,0,0,Urban,0,0,0,Fine,Null
1757005,5944945,22567,,505902,0,,0,0,,East,2005/2006,Z BCH MANLY BEACH,LADIES MILE,,Non-Injury Crash,No,2006,,North,,0,,Flat,,,,,,Dark,174505,0,0,0,0,,,0,,,,,,Auckland Region,Nil,Off road,Unsealed,,0,0,,50,,None,1,0,,76,Auckland,Nil,,,,,0,0,Urban,0,,,Fine,Null
1198375,4961581,22568,,612714,0,0,0,0,1,North,2006/2007,DALE ROAD,KAKAPO ROAD,,Minor Crash,No,2006,0,North,0,0,0,Hill Road,0,,0,,0,Overcast,3173502,4,0,0,2,0,0,0,0,0,,0,0,Southland Region,Nil,2-way,Unsealed,0,0,0,0,100,0,Null,1,0,,73,Southland District,Unknown,0,0,0,0,0,0,Open,0,0,0,Fine,Null
1820003,5530215,22569,,562310,0,0,0,1,0,Null,2005/2006,SEDDON ST,BIRMINGHAM ST,,Serious Crash,No,2006,0,North,0,0,0,Flat,0,,0,,0,Dark,1822700,0,0,0,2,0,0,0,0,0,,0,0,Manawatū-Whanganui Region,Nil,2-way,Sealed,0,0,1,0,50,0,On,0,0,,40,Palmerston North City,Nil,0,0,0,1,0,0,Urban,0,0,0,Fine,Null
1255114,5002057,22570,,609031,0,0,0,0,1,South,2005/2006,GLENORCHY-QUEENSTOWN ROAD,FERNHILL ROAD,,Minor Crash,No,2006,0,North,1,0,0,Flat,0,,0,,0,Twilight,3039502,1,0,0,2,0,0,0,0,0,,0,0,Otago Region,Nil,2-way,Sealed,0,0,0,0,100,0,None,1,0,,70,Queenstown-Lakes District,Unknown,0,0,0,0,0,0,Open,0,0,0,Fine,Frost
1758475,5917700,22571,,516001,0,,0,2,,Null,2005/2006,NUFFIELD ST,MAHURU ST,,Non-Injury Crash,No,2006,,South,,0,,Flat,,,,,,Bright sun,490800,0,0,0,2,,,0,,,,,,Auckland Region,Nil,2-way,Sealed,,0,0,,50,,Null,0,0,,76,Auckland,Nil,,,,,0,0,Urban,0,,,Fine,Null
1773481,5578397,22572,,556700,1,,0,1,,Null,2005/2006,PARSONS ST,GREY ST,,Minor Crash,No,2006,,South,,0,,Flat,,,,,,Overcast,1721900,1,0,0,2,,,0,,,,,,Manawatū-Whanganui Region,Nil,2-way,Sealed,,0,0,,50,,Null,0,0,,37,Whanganui District,Give way,,,,,0,0,Urban,0,,,Fine,Null
1797235,5817301,22573,,528503,0,,0,2,,North,2006/2007,ROTOKAURI ROAD,BRECKONS AVENUE,,Minor Crash,No,2006,,North,,0,,Flat,,,,,,Bright sun,906404,1,0,0,2,,,0,,,,,,Waikato Region,Nil,2-way,Sealed,,0,0,,50,,Off,0,0,,16,Hamilton City,Nil,,,,,0,0,Urban,0,,,Fine,Null
1760756,5914758,22574,,519500,0,,0,2,,Null,2005/2006,ROCKFIELD ROAD,GREAT SOUTH ROAD,,Non-Injury Crash,No,2006,,North,,0,,Flat,,,,,,Dark,620400,0,0,0,4,,,0,,,,,,Auckland Region,Nil,2-way,Sealed,,0,0,,50,,On,0,0,,76,Auckland,Nil,,,,,0,0,Urban,0,,,Fine,Null
1378557,5104251,22575,,600323,0,,0,0,,East,2005/2006,SH 8,HAYMAN ROAD,,Minor Crash,Yes,2006,,East,,0,,Hill Road,,,,,,Overcast,2814500,2,0,0,2,,,0,,,,,,Canterbury Region,Nil,2-way,Sealed,,0,0,,100,,Null,1,0,,65,Mackenzie District,Unknown,,,,,0,0,Open,0,,,Mist or Fog,Frost
1744347,5922552,22576,,513512,0,0,0,1,0,East,2005/2006,ROYAL ROAD,MAKORA ROAD,,Non-Injury Crash,No,2006,0,East,0,0,1,Hill Road,0,,0,,0,Overcast,225701,0,0,0,2,0,0,0,0,0,,0,0,Auckland Region,Bridge,2-way,Sealed,0,0,0,0,50,0,Off,0,0,,76,Auckland,Nil,0,0,0,0,0,0,Urban,0,0,0,Light rain,Null
1776319,5895249,22577,,521301,0,0,0,2,0,East,2005/2006,HUNUA ROAD,DOMINION ROAD,,Minor Crash,No,2006,0,West,1,0,0,Hill Road,0,,0,,0,Dark,807900,2,0,0,2,0,0,0,0,0,,0,0,Auckland Region,Nil,2-way,Sealed,0,0,0,0,100,0,None,0,0,,76,Auckland,Nil,0,0,0,0,0,0,Open,0,0,0,Fine,Null
1812493,5567581,22578,,559220,0,0,0,0,0,South,2006/2007,SH 1N,TE HOUHOU ROAD,,Minor Crash,Yes,2006,0,South,1,0,0,Flat,0,,0,,0,Dark,1730000,1,0,0,2,0,1,0,0,0,,0,0,Manawatū-Whanganui Region,Nil,2-way,Sealed,0,0,0,0,100,0,None,1,0,,38,Rangitikei District,Nil,0,0,0,0,0,0,Open,0,0,0,Fine,Null
1767683,5905048,22579,,524603,0,,0,2,,Null,2006/2007,TE IRIRANGI DRIVE,TE IRIRANGI ON NBD,,Minor Crash,No,2006,,East,,0,,Flat,,,,,,Bright sun,780304,1,0,0,2,,,0,,,,,,Auckland Region,Motorway ramp,2-way,Sealed,,0,0,,70,,Off,0,0,,76,Auckland,Traffic Signals,,,,,0,0,Urban,0,,,Fine,Null
1879258,5825401,22580,,538201,0,,0,1,,North,2005/2006,SH 2A,CHAPEL ST,,Non-Injury Crash,Yes,2006,,South,,0,,Flat,,,,,,Bright sun,1163001,0,0,0,2,,,0,,,,,,Bay of Plenty Region,Nil,2-way,Sealed,,0,0,,80,,Null,0,0,,23,Tauranga City,Traffic Signals,,,,,0,0,Open,1,,,Fine,Null
1282359,5135434,22581,,585325,0,,0,1,,South,2006/2007,SH 6,HAAST RIV BR,,Serious Crash,Yes,2006,,South,,0,,Flat,,,,,,Dark,2416603,0,0,0,2,,,0,,,,,,West Coast Region,Nil,2-way,Sealed,,0,1,,100,,None,0,0,,57,Westland District,Unknown,,,,,0,0,Open,0,,,Heavy rain,Null
1797924,5818590,22582,,528403,0,,0,3,,South,2006/2007,TE RAPA ROAD,SUNSHINE AVENUE,,Minor Crash,No,2006,,North,,0,,Flat,,,,,,Dark,908100,3,0,0,4,,,0,,,,,,Waikato Region,Nil,2-way,Sealed,,0,0,,60,,On,0,0,,16,Hamilton City,Unknown,,,,,0,0,Urban,0,,,Fine,Null
1669367,6117605,22583,40,500402,0,,0,1,,West,2005/2006,SH 10,WHANGAROA ROAD,,Non-Injury Crash,Yes,2006,,West,,0,,Flat,,,,,,Bright sun,18201,0,0,0,1,,,0,,,,,,Northland Region,Nil,1-way,Sealed,,0,0,,100,,None,1,0,,1,Far North District,Nil,,,,,0,0,Open,0,,,Fine,Null
1745865,5935143,22584,55,506653,0,0,0,1,0,South,2005/2006,COATESVILLE-RIVERHEAD HIG,SUNNYSIDE ROAD,,Non-Injury Crash,No,2006,0,North,0,0,0,Flat,1,,0,,0,Overcast,217301,0,0,0,2,0,0,0,0,0,,0,0,Auckland Region,Nil,2-way,Sealed,0,0,0,0,100,0,None,0,0,,76,Auckland,Nil,0,0,0,0,0,0,Open,0,0,0,Heavy rain,Strong wind
1933807,5619128,22585,,547400,0,0,0,1,0,East,2006/2007,TRINITY CRESCENT,EXETER CRESCENT,,Serious Crash,No,2006,0,East,0,0,1,Flat,0,,1,,0,Dark,1449000,0,0,0,2,0,0,0,0,0,,0,0,Hawke's Bay Region,Nil,2-way,Sealed,0,0,1,0,50,0,On,0,0,,31,Napier City,Nil,0,0,0,0,0,0,Urban,0,0,0,Fine,Null
1757030,5919442,22586,,514103,0,,0,1,,East,2005/2006,KARANGAHAPE ROAD,UPPER QUEEN ST,,Minor Crash,No,2006,,West,,0,,Flat,,,,,,Dark,436401,1,0,0,4,,,0,,,1,,,Auckland Region,Nil,2-way,Sealed,,0,0,,50,,On,0,1,,76,Auckland,Traffic Signals,,,,,0,0,Urban,0,,,Fine,Null
1761453,5914240,22587,,520202,0,,0,2,,South,2006/2007,SH 1N,PENROSE INT S,,Non-Injury Crash,Yes,2006,,South,,0,,Flat,,,,,,Bright sun,612700,0,0,0,3,,,0,,,,,,Auckland Region,Nil,1-way,Sealed,,0,0,,100,,Off,0,0,,76,Auckland,Nil,,,,,0,0,Open,0,,,Fine,Null
1741894,5915960,22588,45,513020,0,0,0,1,0,North,2006/2007,CANDIA ROAD,VINEYARD ROAD,,Serious Crash,No,2006,0,North,0,0,0,Hill Road,0,,0,,0,Twilight,280809,0,0,0,2,0,0,0,1,0,,0,1,Auckland Region,Nil,2-way,Sealed,0,0,1,0,100,0,None,0,0,,76,Auckland,Nil,0,0,0,0,0,0,Open,0,0,0,Fine,Null
1734731,5921357,22589,,506652,0,,0,0,,North,2005/2006,GREGORY ROAD,WAIRERE ROAD,,Non-Injury Crash,No,2006,,North,,0,,Flat,,,,,,Bright sun,219404,0,0,1,1,,,0,,,,,,Auckland Region,Nil,2-way,Sealed,,0,0,,70,,Off,0,0,,76,Auckland,Nil,,,,,0,0,Urban,0,,,Fine,Null
1752404,5918024,22590,,515001,0,,0,2,,Null,2006/2007,SH 16,CARRINGTON OBR,,Minor Crash,Yes,2006,,East,,0,,Flat,,,,,,Bright sun,391601,1,0,0,3,,,0,,,,,,Auckland Region,Nil,2-way,Sealed,,0,0,,100,,Off,0,0,,76,Auckland,Nil,,,,,0,0,Open,0,,,Fine,Null
1759644,5907121,22591,,524111,0,,0,6,,South,2006/2007,SH 20A,BADER OBR,,Minor Crash,Yes,2006,,North,,0,,Flat,,,,,,Dark,740000,4,0,0,2,,,0,,,,,,Auckland Region,Nil,1-way,Sealed,,0,0,,100,,On,0,1,,76,Auckland,Nil,,,,,0,0,Open,0,,,Fine,Null
1762375,5913308,22592,,520500,0,,0,3,,South,2005/2006,SH 1N,PENROSE OBR,,Non-Injury Crash,Yes,2006,,North,,0,,Flat,,,,,,Bright sun,637200,0,0,0,3,,,0,,,,,,Auckland Region,Nil,1-way,Sealed,,0,0,,100,,Off,0,0,,76,Auckland,Nil,,,,,0,0,Open,0,,,Fine,Null
1693415,5676443,22593,,551800,0,,0,2,,East,2006/2007,DEVON ST EAST,GOVER ST,,Minor Crash,No,2006,,South,,0,,Flat,,,,,,Bright sun,1593700,1,0,0,2,,,0,,,,,,Taranaki Region,Nil,2-way,Sealed,,0,0,,50,,Null,0,0,,33,New Plymouth District,Nil,,,,,0,0,Urban,0,,,Fine,Null
1766555,5908125,22594,,523501,0,,0,1,,Null,2005/2006,OTARA ROAD,BAIRDS ROAD,,Minor Crash,No,2006,,South,,0,,Flat,,,,,,Bright sun,700601,1,0,0,2,,,0,,,1,,,Auckland Region,Nil,2-way,Sealed,,0,0,,50,,Off,0,0,,76,Auckland,Traffic Signals,,,,,0,0,Urban,0,,,Fine,Null
1755456,5921509,22595,,515202,0,,0,2,,South,2005/2006,SH 1N,SHELLY BEACH OBR,,Non-Injury Crash,Yes,2006,,South,,0,,Flat,,,,,,Overcast,425600,0,0,0,4,,,0,,,,,,Auckland Region,Nil,1-way,Sealed,,0,0,,80,,Off,0,0,,76,Auckland,Nil,,,,,0,0,Open,0,,,Light rain,Null
1826038,5886410,22596,,533502,0,,0,1,,Null,2005/2006,MACKAY ST,RICHMOND ST,,Serious Crash,No,2006,,North,,0,,Flat,,,,,,Overcast,1053000,0,0,1,2,,,0,,,,,,Waikato Region,Nil,2-way,Unsealed,,0,1,,50,,Null,0,0,,11,Thames-Coromandel District,Give way,,,,,0,0,Urban,0,,,Fine,Null
1898847,5595939,22597,35,549200,0,1,0,0,0,Null,2005/2006,SH 50,MANGA-O-NUKU NO2 BR,,Serious Crash,Yes,2006,0,North,0,0,0,Hill Road,0,Easter,0,,0,Twilight,1512100,0,0,1,2,0,0,0,0,0,,0,0,Hawke's Bay Region,Nil,2-way,Sealed,0,0,1,0,100,0,None,0,0,,32,Central Hawke's Bay District,Nil,0,0,0,0,0,0,Open,0,0,0,Null,Null
1799439,5816768,22598,,528700,0,0,0,1,0,South,2005/2006,ULSTER ST,MAEROA ROAD,,Non-Injury Crash,No,2006,0,North,0,0,0,Flat,1,,0,,0,Overcast,902100,0,0,0,4,0,0,0,0,0,,0,0,Waikato Region,Nil,2-way,Sealed,0,0,0,0,60,0,Null,0,0,,16,Hamilton City,Unknown,0,0,0,0,0,0,Urban,0,0,0,Light rain,Null
1751542,5935724,22599,,508701,0,,0,2,,Null,2005/2006,LONELY TRACK ROAD,GILLS ROAD,,Non-Injury Crash,No,2006,,West,,0,,Hill Road,,,,,,Twilight,178501,0,0,0,2,,,0,,,,,,Auckland Region,Nil,2-way,Sealed,,0,0,,70,,Off,0,0,,76,Auckland,Stop,,,,,0,0,Urban,0,,,Fine,Null
1755205,5920882,22600,,515202,0,0,1,1,0,East,2005/2006,JERVOIS ROAD,CURRAN ST,,Non-Injury Crash,No,2006,0,West,0,0,0,Flat,0,,0,,0,Bright sun,424500,0,0,0,2,0,0,0,0,1,,0,0,Auckland Region,Nil,2-way,Sealed,0,0,0,0,50,0,Off,0,0,,76,Auckland,Nil,0,0,0,0,0,0,Urban,0,0,0,Fine,Null
1718293,6034633,22601,,501809,0,0,0,0,0,North,2005/2006,SH 1N,MANGAPAI ROAD,,Minor Crash,Yes,2006,0,South,0,0,1,Flat,0,,0,,0,Bright sun,74900,1,0,0,2,0,0,0,0,0,,0,0,Northland Region,Nil,2-way,Sealed,0,0,0,0,100,0,None,1,0,,2,Whangarei District,Nil,0,0,0,1,0,0,Open,0,0,0,Fine,Null
1745047,5914575,22602,,512904,0,,0,1,,North,2005/2006,SEYMOUR ROAD,BORICH ROAD,,Minor Crash,No,2006,,North,,0,,Flat,,,,,,Dark,278104,1,0,0,2,,,0,,,,,,Auckland Region,Nil,2-way,Sealed,,0,0,,50,,On,0,0,,76,Auckland,Nil,,,,,0,0,Urban,1,,,Light rain,Null
1888942,5785063,22603,,538820,0,,0,0,,East,2005/2006,HAMURANA ROAD,UNSWORTH ROAD,,Non-Injury Crash,No,2006,,East,,0,,Hill Road,,,,,,Dark,1250402,0,0,0,2,,,0,,,,,,Bay of Plenty Region,Nil,2-way,Sealed,,0,0,,100,,None,0,0,,24,Rotorua District,Unknown,,,,,0,0,Open,1,,,Heavy rain,Strong wind
1877292,5822070,22604,,538101,0,0,0,1,0,West,2005/2006,LAURENCE ST,CLARKE ST,,Non-Injury Crash,No,2006,0,West,0,0,0,Hill Road,0,,0,,0,Dark,1169301,0,0,0,2,0,0,0,0,0,,0,0,Bay of Plenty Region,Nil,2-way,Sealed,0,0,0,0,50,0,None,0,0,,23,Tauranga City,Unknown,0,0,0,1,0,0,Urban,0,0,0,Light rain,Null
1755653,5926009,22605,,509701,0,,0,1,,South,2005/2006,LAKE ROAD,GREENSLADE CRESCENT N,,Non-Injury Crash,No,2006,,East,,0,,Flat,,,,,,Bright sun,362600,0,0,0,2,,,0,,,,,,Auckland Region,Nil,2-way,Sealed,,0,0,,50,,Off,1,0,,76,Auckland,Nil,,,,,0,0,Urban,0,,,Fine,Null
1826486,5879914,22606,,533902,0,,0,2,,South,2006/2007,HAURAKI ROAD,SH 25,,Minor Crash,No,2006,,South,,0,,Flat,,,,,,Overcast,1061800,1,0,0,2,,,0,,,,,,Waikato Region,Nil,2-way,Sealed,,0,0,,100,,None,0,0,,12,Hauraki District,Nil,,,,,0,0,Open,1,,,Fine,Null
1764298,5909601,22607,,521901,0,,0,2,,Null,2006/2007,ATKINSON AVENUE,HIGH ST,,Minor Crash,No,2006,,South,,0,,Hill Road,,,,,,Dark,784100,3,0,0,4,,,0,,,,,,Auckland Region,Nil,2-way,Sealed,,0,0,,50,,On,0,0,,76,Auckland,Traffic Signals,,,,,0,0,Urban,0,,,Light rain,Null
1761012,5907337,22608,,524520,0,,0,2,,North,2005/2006,BUCKLAND ROAD,ROBERTSON ROAD,,Non-Injury Crash,No,2006,,South,,0,,Flat,,,,,,Twilight,735500,0,0,0,2,,,0,,,,,,Auckland Region,Nil,2-way,Sealed,,0,0,,50,,Off,0,0,,76,Auckland,Give way,,,,,0,0,Urban,0,,,Fine,Null
1791902,5564210,22609,,559230,0,0,0,1,0,West,2006/2007,WANGANUI ROAD,GOWERS ROAD,,Minor Crash,No,2006,0,East,0,0,1,Flat,0,,0,,0,Overcast,1733900,2,0,0,2,0,1,0,0,0,,0,1,Manawatū-Whanganui Region,Nil,2-way,Sealed,0,0,0,0,100,0,Null,0,0,,38,Rangitikei District,Nil,0,0,0,0,0,0,Open,0,0,0,Fine,Null
1720619,6049963,22610,,502202,0,0,0,2,0,West,2006/2007,MEADOW PARK CRESCENT,BOUNDARY ROAD,,Non-Injury Crash,No,2006,0,East,0,0,0,Flat,0,,0,,0,Bright sun,87200,0,0,0,2,0,0,0,0,1,,0,0,Northland Region,Nil,2-way,Sealed,0,0,0,0,50,0,Off,0,0,,2,Whangarei District,Nil,0,0,0,0,0,0,Urban,0,0,0,Fine,Null
1757006,5913750,22611,,518702,0,,0,2,,Null,2006/2007,HILLSBOROUGH ROAD,MOUNT ALBERT ROAD,,Non-Injury Crash,No,2006,,West,,0,,Flat,,,,,,Bright sun,567401,0,0,0,2,,,0,,,,,,Auckland Region,Nil,2-way,Sealed,,0,0,,50,,Off,0,0,,76,Auckland,Traffic Signals,,,,,0,0,Urban,0,,,Fine,Null
1754183,5913071,22612,,518901,0,,0,1,,North,2006/2007,RICHARDSON ROAD,PENNEY AVENUE,,Minor Crash,No,2006,,South,,0,,Flat,,,,,,Bright sun,585102,1,0,0,2,,,0,,,,,,Auckland Region,Nil,2-way,Sealed,,0,0,,50,,Null,0,0,,76,Auckland,Unknown,,,,,0,0,Urban,1,,,Fine,Null
1880316,5830233,22613,,536810,1,,0,0,,Null,2005/2006,ADAMS AVENUE,MAUNGANUI ROAD,,Minor Crash,No,2006,,North,,0,,Flat,,,,,,Bright sun,1194400,1,0,0,2,,,0,,,,,,Bay of Plenty Region,Nil,2-way,Sealed,,0,0,,50,,Null,1,0,,23,Tauranga City,Give way,,,,,0,0,Urban,0,,,Fine,Null
1757080,5919593,22614,,514102,0,,0,2,,Null,2005/2006,QUEEN ST,SCOTIA PLACE,,Non-Injury Crash,No,2006,,South,,0,,Hill Road,,,,,,Overcast,435802,0,0,0,4,,,0,,,,,,Auckland Region,Nil,2-way,Sealed,,0,0,,50,,Off,0,0,,76,Auckland,Nil,,,,,0,0,Urban,0,,,Fine,Null
1803282,5797257,22615,,527935,0,0,0,0,0,South,2006/2007,SH 3,MCFALL ROAD,,Minor Crash,Yes,2006,0,South,0,0,1,Hill Road,0,,0,,0,Bright sun,986100,1,0,0,4,0,0,0,0,0,,0,0,Waikato Region,Nil,2-way,Sealed,0,0,0,0,100,0,Off,1,0,,17,Waipa District,Nil,0,0,0,1,0,0,Open,0,0,0,Fine,Null
1773039,5876719,22616,35,521117,0,,0,1,,North,2005/2006,HARRISVILLE ROAD,GERAGHTY MABER ROAD,,Non-Injury Crash,No,2006,,North,,0,,Flat,,,,,,Bright sun,828302,0,0,0,2,,,0,,,,,,Waikato Region,Nil,2-way,Sealed,,0,0,,60,,None,0,0,,13,Waikato District,Nil,,,,,0,0,Urban,0,,,Fine,Null
1766579,5918340,22617,,516900,0,,0,1,,Null,2006/2007,CROSSFIELD ROAD,WASHINGTON AVENUE,,Minor Crash,No,2006,,South,,0,,Flat,,,,,,Bright sun,468900,1,0,0,2,,,0,,,,,,Auckland Region,Nil,2-way,Sealed,,0,0,,50,,Null,0,0,,76,Auckland,Nil,,,,,0,0,Urban,1,,,Fine,Null
1822333,5801441,22618,,535241,0,0,0,1,0,South,2006/2007,SH 1N,HICKEY ROAD,,Serious Crash,Yes,2006,0,North,0,0,1,Flat,0,,0,,0,Dark,1122700,1,0,0,2,0,0,0,0,0,,0,0,Waikato Region,Nil,2-way,Sealed,0,0,1,0,100,0,On,0,0,,17,Waipa District,Nil,0,0,0,0,0,0,Open,0,0,0,Fine,Null
1802073,5549542,22619,,559230,0,0,0,1,0,East,2006/2007,PAREWANUI ROAD,FERRY ROAD,,Minor Crash,No,2006,0,East,0,0,1,Flat,0,,0,,0,Dark,1741902,1,0,0,2,0,0,0,0,0,,0,0,Manawatū-Whanganui Region,Nil,2-way,Sealed,0,0,0,0,100,0,None,0,0,,38,Rangitikei District,Nil,0,0,0,0,0,0,Open,0,0,0,Fine,Null
1928873,5603872,22620,,548300,0,0,0,1,0,Null,2006/2007,MURDOCH ROAD EAST,KARAMU ROAD SOUTH,,Minor Crash,No,2006,0,South,0,0,1,Flat,0,,0,,0,Dark,1503203,2,0,0,2,0,0,0,0,0,,0,1,Hawke's Bay Region,Rail xing,2-way,Sealed,0,0,0,0,50,0,On,0,0,,30,Hastings District,Stop,0,0,0,0,0,0,Urban,0,0,0,Fine,Null
1741650,5918578,22621,,513101,0,0,0,1,0,Null,2005/2006,NORTH CANDIA ROAD,POOKS ROAD,,Minor Crash,No,2006,0,West,0,0,0,Flat,1,Easter,0,,0,Dark,238304,3,0,0,2,0,0,0,0,0,,0,0,Auckland Region,Nil,2-way,Sealed,0,0,0,0,50,0,On,0,0,,76,Auckland,Give way,0,0,0,0,0,0,Urban,0,0,0,Light rain,Null
1870751,5816379,22622,65,536630,0,0,0,1,1,South,2005/2006,SH 29,BELK ROAD,,Non-Injury Crash,Yes,2006,0,North,0,0,0,Hill Road,0,,0,,0,Dark,1191702,0,0,0,2,0,0,0,0,0,,0,0,Bay of Plenty Region,Nil,2-way,Sealed,0,0,0,0,100,0,None,0,0,,23,Tauranga City,Nil,0,0,0,0,0,0,Open,0,0,0,Fine,Null
1930713,5798296,22623,,542530,0,,0,1,,Null,2005/2006,SH 2,BURT ROAD,,Minor Crash,Yes,2006,,North,,0,,Flat,,,,,,Overcast,1325600,1,0,0,2,,,0,,,,,,Bay of Plenty Region,Nil,2-way,Sealed,,0,0,,100,,None,0,0,30,25,Whakatane District,Give way,,,,,1,0,Open,0,,,Fine,Null
1770315,5899480,22624,,523911,0,,0,2,,Null,2005/2006,SPARTAN ROAD,WESTBROOK AVENUE,,Non-Injury Crash,No,2006,,South,,0,,Flat,,,,,,Overcast,766600,0,0,0,2,,,0,,,,,,Auckland Region,Nil,2-way,Sealed,,0,0,,70,,Off,0,0,,76,Auckland,Give way,,,,,0,0,Urban,0,,,Null,Null
1575869,5185108,22625,,590501,1,,0,1,,Null,2006/2007,FROSTS ROAD,BEACH ROAD,,Serious Crash,No,2006,,North,,0,,Flat,,,,,,Twilight,2505204,0,0,0,3,,,0,,,,,,Canterbury Region,Nil,2-way,Sealed,,0,1,,50,,On,0,0,,60,Christchurch City,Stop,,,,,0,0,Urban,0,,,Fine,Null
1907144,5572439,22626,,549100,0,0,0,1,0,Null,2006/2007,VICTORIA ST,MCGREEVY ST,,Minor Crash,No,2006,0,East,0,0,0,Flat,0,,0,,0,Dark,1517400,1,0,0,2,0,0,0,0,0,,0,1,Hawke's Bay Region,Nil,2-way,Sealed,0,0,0,0,50,0,On,0,0,,32,Central Hawke's Bay District,Nil,0,0,0,0,0,0,Urban,0,0,0,Fine,Null
1883546,5827098,22627,,536821,1,,0,1,,East,2006/2007,OCEANBEACH ROAD,GOLF ROAD,,Minor Crash,No,2006,,East,,0,,Flat,,,,,,Bright sun,1199201,1,0,0,2,,,0,,,,,,Bay of Plenty Region,Nil,2-way,Sealed,,0,0,,50,,Off,0,0,,23,Tauranga City,Nil,,,,,0,0,Urban,0,,,Fine,Null