X,Y,OBJECTID,advisorySpeed,areaUnitID,bicycle,bridge,bus,carStationWagon,cliffBank,crashDirectionDescription,crashFinancialYear,crashLocation1,crashLocation2,crashRoadSideRoad,crashSeverity,crashSHDescription,crashYear,debris,directionRoleDescription,ditch,fatalCount,fence,flatHill,guardRail,holiday,houseOrBuilding,intersection,kerb,light,meshblockId,minorInjuryCount,moped,motorcycle,NumberOfLanes,objectThrownOrDropped,otherObject,otherVehicleType,overBank,parkedVehicle,pedestrian,phoneBoxEtc,postOrPole,region,roadCharacter,roadLane,roadSurface,roadworks,schoolBus,seriousInjuryCount,slipOrFlood,speedLimit,strayAnimal,streetLight,suv,taxi,temporarySpeedLimit,tlaId,tlaName,trafficControl,trafficIsland,trafficSign,train,tree,truck,unknownVehicleType,urban,vanOrUtility,vehicle,waterRiver,weatherA,weatherB
1756465,5919997,22628,,514000,0,0,0,1,0,Null,2006/2007,WELLINGTON ON NBD,WELLINGTON ST,,Non-Injury Crash,No,2006,0,East,0,0,0,Hill Road,0,,0,,0,Dark,417400,0,0,0,4,0,0,0,0,1,,0,0,Auckland Region,Motorway ramp,2-way,Sealed,0,0,0,0,50,0,On,0,0,,76,Auckland,Give way,0,0,0,0,1,0,Urban,0,0,0,Fine,Null
1693332,6094596,22629,,501633,0,0,0,1,0,West,2005/2006,SH 11,NAUTICAL DRIVE,,Minor Crash,Yes,2006,0,North,0,0,1,Flat,0,,0,,0,Dark,50804,1,0,0,2,0,0,0,0,0,,0,0,Northland Region,Nil,2-way,Sealed,0,0,0,0,100,0,None,0,0,,1,Far North District,Nil,0,0,0,0,0,0,Open,0,0,0,Fine,Null
1801064,5816087,22630,,529900,0,,0,1,,Null,2005/2006,RIVER ROAD,PIAKO ROAD,,Non-Injury Crash,No,2006,,North,,0,,Flat,,,,,,Bright sun,862900,0,0,0,2,,,0,,,,,,Waikato Region,Nil,2-way,Sealed,,0,0,,50,,Null,1,0,,16,Hamilton City,Nil,,,,,0,0,Urban,0,,,Fine,Null
1875322,5823559,22631,,536513,0,,0,2,,East,2005/2006,SH 2,MOFFAT ROAD,,Non-Injury Crash,Yes,2006,,East,,0,,Flat,,Christmas New Year,,,,Bright sun,1190704,0,0,0,3,,,0,,,,,,Bay of Plenty Region,Nil,2-way,Sealed,,0,0,,80,,Null,0,0,,23,Tauranga City,Unknown,,,,,0,0,Open,0,,,Fine,Null
1753417,5876222,22632,,526103,0,,0,1,,Null,2005/2006,KING ST,QUEEN STREET,,Non-Injury Crash,No,2006,,North,,0,,Flat,,,,,,Bright sun,837300,0,0,0,2,,,0,,,,,,,Nil,2-way,Sealed,,0,0,,50,,Off,1,0,,76,Auckland,Give way,,,,,0,0,Urban,0,,,Fine,Null
1753865,5931134,22633,35,508803,0,0,0,1,0,Null,2005/2006,MEADOWOOD DRIVE,SANTIAGO CRESCENT,,Minor Crash,No,2006,0,East,0,0,1,Flat,0,,0,,0,Overcast,180850,1,0,0,2,0,0,0,0,0,,0,1,Auckland Region,Nil,2-way,Sealed,0,0,0,0,50,0,Off,0,0,,76,Auckland,Give way,0,0,0,1,0,0,Urban,0,0,0,Fine,Null
1761499,5874490,22634,,521153,0,0,0,1,0,North,2005/2006,EASTERN DRAIN ROAD,HILL ROAD,,Non-Injury Crash,No,2006,0,North,1,0,0,Flat,0,,0,,0,Dark,825400,0,0,0,1,0,0,0,0,0,,0,0,Waikato Region,Nil,2-way,Sealed,0,0,0,0,100,0,None,0,0,,13,Waikato District,Nil,0,0,0,0,0,0,Open,0,0,0,Fine,Null
1758845,5435753,22635,,569202,1,,0,1,,North,2006/2007,VICTORIA ST,TE MOME ROAD,,Minor Crash,No,2006,,South,,0,,Flat,,Christmas New Year,,,,Overcast,1924500,1,0,0,2,,,0,,,,,,Wellington Region,Nil,2-way,Sealed,,0,0,,50,,Null,0,0,,46,Lower Hutt City,Nil,,,,,0,0,Urban,0,,,Fine,Null
1575162,5177577,22636,,594020,0,,0,2,,East,2006/2007,FERRY ROAD,DYERS ROAD,,Minor Crash,No,2006,,East,,0,,Flat,,,,,,Overcast,2589500,1,0,0,2,,,0,,,,,,Canterbury Region,Nil,2-way,Sealed,,0,0,,50,,Null,0,0,,60,Christchurch City,Unknown,,,,,0,0,Urban,0,,,Fine,Null
1801199,5811526,22637,,529300,0,,0,1,,North,2006/2007,SH 3,LAMBERT COURT,,Non-Injury Crash,Yes,2006,,North,,0,,Flat,,,,,,Overcast,926700,0,0,0,2,,,0,,,,,,Waikato Region,Nil,2-way,Sealed,,0,0,,60,,Off,0,0,,16,Hamilton City,Nil,,,,,0,0,Urban,1,,,Fine,Null
1836557,5826864,22638,,534604,0,0,0,0,0,South,2006/2007,SH 27,KEREONE ROAD,,Non-Injury Crash,Yes,2006,0,South,0,0,0,Flat,0,,0,,0,Dark,1108600,0,0,0,2,0,0,0,0,0,,0,0,Waikato Region,Nil,2-way,Sealed,0,0,0,0,100,0,None,0,0,,15,Matamata-Piako District,Nil,0,0,0,0,1,0,Open,0,0,0,Fine,Null
1769943,5909844,22639,,523114,0,0,0,2,0,Null,2006/2007,TE IRIRANGI DRIVE,SMALES ROAD,,Serious Crash,No,2006,0,South,0,0,0,Flat,0,,0,,0,Overcast,711804,1,0,0,4,0,0,0,0,0,,0,0,Auckland Region,Nil,2-way,Sealed,0,0,1,0,100,0,Off,0,0,,76,Auckland,Traffic Signals,0,0,0,1,0,0,Open,0,0,0,Light rain,Null
1725002,6042129,22640,,501818,0,0,0,1,1,East,2006/2007,WHANGAREI HEADS ROAD,WAIKARAKA ROAD,,Non-Injury Crash,No,2006,0,East,0,0,0,Flat,0,Christmas New Year,0,,0,Overcast,73400,0,0,0,2,0,0,0,0,0,,0,0,Northland Region,Nil,2-way,Sealed,0,0,0,0,100,0,None,0,0,,2,Whangarei District,Nil,0,0,0,0,0,0,Open,0,0,0,Light rain,Null
1770508,5911129,22641,,523109,0,,0,2,,South,2005/2006,Z CPK BOTANY DOWNS,TI RAKAU DRIVE,,Non-Injury Crash,No,2006,,North,,0,,Flat,,,,,,Dark,711709,0,0,0,1,,,0,,,,,,Auckland Region,Nil,Off road,Sealed,,0,0,,50,,On,0,0,,76,Auckland,Nil,,,,,0,0,Urban,0,,,Fine,Null
1783205,5868623,22642,,527221,0,,0,2,,South,2005/2006,SH 1N,ISLAND BLOCK ROAD,,Serious Crash,Yes,2006,,North,,0,,Flat,,,,,,Dark,934700,2,0,0,2,,,0,,,,,,Waikato Region,Nil,2-way,Sealed,,0,1,,100,,On,0,0,50,13,Waikato District,Unknown,,,,,0,0,Open,0,,,Light rain,Null
1754321,5931084,22643,,508520,0,,0,2,,Null,2006/2007,SH 1N,SUNSET OBR,,Non-Injury Crash,Yes,2006,,South,,0,,Flat,,,,,,Bright sun,191101,0,0,0,2,,,0,,,,,,Auckland Region,Nil,1-way,Sealed,,0,0,,100,,Off,0,0,,76,Auckland,Nil,,,,,0,0,Open,0,,,Fine,Null
1759883,5914806,22644,,519400,0,,0,1,,Null,2005/2006,CAMPBELL ROAD,WHETURANGI ROAD,,Minor Crash,No,2006,,East,,0,,Hill Road,,,,,,Bright sun,617800,1,0,0,4,,,0,,,,,,Auckland Region,Nil,2-way,Sealed,,0,0,,50,,Off,0,0,,76,Auckland,Traffic Signals,,,,,0,0,Urban,1,,,Fine,Null
1759573,5909748,22645,,524002,0,,0,0,,South,2006/2007,SH 20,RIMU OBR,,Non-Injury Crash,Yes,2006,,North,,0,,Flat,,,,,,Overcast,722301,0,0,0,2,,,0,,,,,,Auckland Region,Nil,1-way,Sealed,,0,0,,100,,Off,1,0,,76,Auckland,Nil,,,,,0,0,Open,0,,,Fine,Null
1801158,5812926,22646,,530400,0,0,0,1,0,Null,2006/2007,BEATTY ST,JONES CRESCENT E,,Minor Crash,No,2006,0,East,0,0,0,Flat,0,,0,,0,Dark,922202,1,0,0,2,0,0,0,0,0,,0,1,Waikato Region,Nil,2-way,Sealed,0,0,0,0,50,0,On,0,0,,16,Hamilton City,Give way,0,0,0,0,0,0,Urban,0,0,0,Fine,Null
1757233,5920496,22647,,514102,1,,1,0,,North,2006/2007,ALBERT ST,VICTORIA ST WEST,,Non-Injury Crash,No,2006,,South,,0,,Flat,,,,,,Bright sun,433600,0,0,0,4,,,0,,,,,,Auckland Region,Nil,2-way,Sealed,,0,0,,50,,Off,0,0,,76,Auckland,Traffic Signals,,,,,0,0,Urban,0,,,Fine,Null
1756969,5918791,22648,,515600,0,0,0,2,0,Null,2006/2007,SYMONDS ST,KHYBER PASS ROAD,,Non-Injury Crash,No,2006,0,South,0,0,0,Flat,0,,0,,0,Dark,420600,0,0,0,5,0,0,0,0,0,,0,1,Auckland Region,Nil,2-way,Sealed,0,0,0,0,50,0,On,0,1,,76,Auckland,Traffic Signals,0,0,0,0,0,0,Urban,0,0,0,Light rain,Null
1745306,5919752,22649,,513301,0,,0,2,,Null,2005/2006,LINCOLN ROAD,UNIVERSAL DRIVE,,Non-Injury Crash,No,2006,,South,,0,,Flat,,,,,,Dark,232001,0,0,0,4,,,0,,,,,,Auckland Region,Nil,2-way,Sealed,,0,0,,50,,On,0,0,,76,Auckland,Traffic Signals,,,,,0,0,Urban,0,,,Fine,Null
1747697,5935615,22650,55,506653,0,0,0,1,0,East,2006/2007,COATESVILLE-RIVERHEAD HIG,SCREEN ROAD,,Minor Crash,No,2006,0,West,0,0,0,Flat,0,,0,,0,Dark,217500,1,0,0,2,0,0,0,0,0,,0,1,Auckland Region,Nil,2-way,Sealed,0,0,0,0,100,0,None,0,0,,76,Auckland,Nil,0,0,0,0,0,0,Open,0,0,0,Mist or Fog,Null
1760638,5916293,22651,,516003,0,,0,2,,West,2006/2007,GREEN LANE EAST,PEACH PARADE,,Non-Injury Crash,No,2006,,East,,0,,Flat,,,,,,Bright sun,494400,0,0,0,4,,,0,,,,,,Auckland Region,Nil,2-way,Sealed,,0,0,,50,,Off,0,0,,76,Auckland,Nil,,,,,0,0,Urban,0,,,Fine,Null
1624509,6113676,22652,,500301,0,,0,1,,Null,2005/2006,SH 1N,TE MAIRE AVENUE,,Non-Injury Crash,Yes,2006,,North,,0,,Flat,,,,,,Bright sun,15402,0,0,0,2,,,0,,,,,,Northland Region,Nil,2-way,Sealed,,0,0,,50,,None,1,0,,1,Far North District,Nil,,,,,0,0,Urban,0,,,Fine,Null
1752197,5946930,22653,,506001,0,,0,2,,Null,2005/2006,WHANGAPARAOA ROAD,RED BEACH ROAD,,Non-Injury Crash,No,2006,,West,,0,,Hill Road,,Queens Birthday,,,,Twilight,175501,0,0,0,6,,,0,,,,,,Auckland Region,Nil,2-way,Sealed,,0,0,,50,,Off,0,0,,76,Auckland,Traffic Signals,,,,,0,0,Urban,0,,,Fine,Null
1861169,5830657,22654,,536615,0,1,0,0,0,Null,2006/2007,SH 2,WAINUI STM BR,,Minor Crash,Yes,2006,0,South,0,0,0,Flat,0,,0,,0,Dark,1185400,3,0,0,2,0,0,0,0,0,,0,0,Bay of Plenty Region,Nil,2-way,Sealed,0,0,0,0,100,0,None,0,0,,22,Western Bay of Plenty District,Nil,0,0,0,0,0,0,Open,1,0,0,Fine,Null
1785348,5861970,22655,,527210,0,0,0,1,0,South,2006/2007,SH 1N,HAMPTON OFF NBD,,Non-Injury Crash,Yes,2006,0,North,0,0,0,Flat,1,,0,,0,Bright sun,935600,0,0,0,3,0,0,0,0,0,,0,0,Waikato Region,Nil,2-way,Sealed,0,0,0,0,100,0,Null,0,0,,13,Waikato District,Unknown,0,0,0,0,0,0,Open,0,0,0,Fine,Null
1760411,5913062,22656,,520000,0,,0,2,,West,2006/2007,MOUNT SMART ROAD,WAITANGI ROAD,,Non-Injury Crash,No,2006,,East,,0,,Flat,,,,,,Bright sun,606201,0,0,0,2,,,0,,,,,,Auckland Region,Nil,2-way,Sealed,,0,0,,50,,Off,0,0,,76,Auckland,Nil,,,,,0,0,Urban,0,,,Fine,Null
1756615,5912807,22657,,518701,0,,0,2,,Null,2006/2007,SH 20,HILLSBOROUGH ROAD,,Non-Injury Crash,Yes,2006,,South,,0,,Flat,,,,,,Dark,572100,0,0,0,4,,,0,,,,,,Auckland Region,Nil,2-way,Sealed,,0,0,,50,,On,0,0,,76,Auckland,Traffic Signals,,,,,0,0,Urban,0,,,Fine,Null
1755515,5921462,22658,,515202,0,,0,1,,North,2006/2007,SH 1N,FANSHAWE OFF SBD,,Non-Injury Crash,Yes,2006,,South,,0,,Flat,,,,,,Bright sun,425600,0,0,0,4,,,0,,,,,,Auckland Region,Nil,2-way,Sealed,,0,0,,80,,Off,0,1,,76,Auckland,Nil,,,,,0,0,Open,1,,,Fine,Null
1753805,5925962,22659,,508610,0,,0,2,,Null,2006/2007,GLENFIELD ROAD,PARK HILL ROAD,,Non-Injury Crash,No,2006,,South,,0,,Flat,,,,,,Dark,206800,0,0,0,2,,,0,,,,,,Auckland Region,Nil,2-way,Sealed,,0,0,,50,,On,0,0,,76,Auckland,Nil,,,,,0,0,Urban,0,,,Fine,Null
1751743,5939050,22660,80,506003,0,0,0,1,1,South,2005/2006,EAST COAST ROAD,HAIGH ACCESS ROAD,,Minor Crash,No,2006,0,South,0,0,0,Flat,0,,0,,0,Dark,175818,1,0,0,2,0,0,0,0,0,,0,0,Auckland Region,Nil,2-way,Sealed,0,0,0,0,100,0,None,0,0,,76,Auckland,Nil,0,0,0,0,0,0,Open,0,0,0,Fine,Null
1884270,5824992,22661,,536831,0,,0,1,,South,2005/2006,SH 2,MATAPIHI ROAD,,Non-Injury Crash,Yes,2006,,North,,0,,Flat,,,,,,Overcast,1201605,0,0,0,4,,,0,,,,,,Bay of Plenty Region,Nil,2-way,Sealed,,0,0,,70,,Null,0,0,,23,Tauranga City,Unknown,,,,,1,0,Urban,0,,,Fine,Null
1756825,5915901,22662,,518301,0,,0,2,,Null,2006/2007,MOUNT EDEN ROAD,BALMORAL ROAD,,Non-Injury Crash,No,2006,,East,,0,,Hill Road,,,,,,Dark,557000,0,0,0,5,,,0,,,,,,Auckland Region,Nil,2-way,Sealed,,0,0,,50,,On,0,0,,76,Auckland,Traffic Signals,,,,,0,0,Urban,0,,,Heavy rain,Null
1659040,6124521,22663,90,500402,0,,0,2,,South,2005/2006,SH 10,CONAGLEN ROAD,,Minor Crash,Yes,2006,,North,,0,,Hill Road,,,,,,Bright sun,17500,1,0,0,2,,,0,,,,,,Northland Region,Nil,2-way,Sealed,,0,0,,100,,None,0,0,,1,Far North District,Nil,,,,,0,0,Open,0,,,Fine,Null
1745306,5919762,22664,,513301,0,,0,2,,North,2005/2006,LINCOLN ROAD,UNIVERSAL DRIVE,,Non-Injury Crash,No,2006,,North,,0,,Flat,,,,,,Overcast,232001,0,0,0,4,,,0,,,,,,Auckland Region,Nil,2-way,Sealed,,0,0,,50,,Off,0,0,,76,Auckland,Traffic Signals,,,,,0,0,Urban,0,,,Light rain,Null
1754030,5929445,22665,,508420,0,0,0,2,0,South,2005/2006,ELLICE ROAD,AYTON DRIVE,,Minor Crash,No,2006,0,North,0,0,0,Hill Road,0,,0,,0,Dark,183100,1,0,0,2,0,0,0,0,0,,0,0,Auckland Region,Nil,2-way,Sealed,0,0,0,0,50,0,On,0,0,,76,Auckland,Nil,0,0,0,0,0,0,Urban,0,1,0,Fine,Null
1768658,5901005,22666,,525001,0,,0,2,,South,2006/2007,Z CPK SOUTHMALL SC,STATION ROAD,,Non-Injury Crash,No,2006,,North,,0,,Flat,,,,,,Dark,751600,0,0,0,0,,,0,,,,,,Auckland Region,Nil,Off road,Sealed,,0,0,,30,,On,0,0,,76,Auckland,Nil,,,,,0,0,Urban,0,,,Fine,Null
1757637,5918338,22667,,518101,0,,0,1,,South,2005/2006,SH 1N,KHYBER PASS OBR,,Non-Injury Crash,Yes,2006,,North,,0,,Flat,,,,,,Overcast,543000,0,0,0,5,,,0,,,,,,Auckland Region,Nil,1-way,Sealed,,0,0,,80,,Off,1,0,,76,Auckland,Nil,,,,,0,0,Open,0,,,Fine,Null
1745591,5428214,22668,,574800,1,,0,1,,West,2005/2006,KARORI ROAD,CAMPBELL ST,,Minor Crash,No,2006,,West,,0,,Hill Road,,,,,,Bright sun,2107600,1,0,0,2,,,0,,,,,,Wellington Region,Nil,2-way,Sealed,,0,0,,50,,Null,0,0,,47,Wellington City,Nil,,,,,0,0,Urban,0,,,Fine,Null
1757817,5920074,22669,,514103,0,,0,2,,West,2006/2007,SYMONDS ST,GRAFTON ROAD,,Non-Injury Crash,No,2006,,West,,0,,Flat,,,,,,Dark,437500,0,0,0,4,,,0,,,,,,Auckland Region,Nil,2-way,Sealed,,0,0,,50,,On,0,0,,76,Auckland,Nil,,,,,0,0,Urban,0,,,Fine,Null
1752544,5933605,22670,,508701,0,,0,0,,West,2006/2007,DON MCKINNON DRIVE,MERCARI WAY,,Minor Crash,No,2006,,East,,0,,Flat,,,,,,Bright sun,178900,1,0,0,2,,,0,,,1,,,Auckland Region,Nil,2-way,Sealed,,0,0,,50,,Off,0,0,,76,Auckland,Nil,,,,,0,0,Urban,1,,,Fine,Null
1770383,5910046,22671,,523109,0,0,0,1,0,North,2006/2007,CHAPEL ROAD,SMALES ROAD,,Non-Injury Crash,No,2006,0,North,0,0,0,Flat,0,,0,,0,Dark,711739,0,0,0,2,0,0,0,0,0,,0,0,Auckland Region,Nil,2-way,Sealed,0,0,0,0,50,0,On,0,0,,76,Auckland,Nil,0,0,0,1,0,0,Urban,0,0,0,Fine,Null
2036977,5708645,22672,,544600,0,,0,2,,East,2005/2006,GLADSTONE ROAD,COBDEN ST,,Minor Crash,No,2006,,East,,0,,Flat,,,,,,Overcast,1372400,3,0,0,2,,,0,,,,,,Gisborne Region,Nil,2-way,Sealed,,0,0,,50,,Null,0,0,,28,Gisborne District,Nil,,,,,0,0,Urban,0,,,Light rain,Null
1770118,5910726,22673,,523113,0,,0,2,,North,2006/2007,TE IRIRANGI DRIVE,HAVEN DRIVE,,Non-Injury Crash,No,2006,,North,,0,,Flat,,,,,,Bright sun,711718,0,0,0,4,,,0,,,,,,Auckland Region,Nil,2-way,Sealed,,0,0,,80,,Off,0,0,,76,Auckland,Nil,,,,,0,0,Open,0,,,Fine,Null
1761761,5914021,22674,,520202,0,,0,1,,South,2005/2006,SH 1N,PENROSE INT S,,Non-Injury Crash,Yes,2006,,North,,0,,Flat,,Queens Birthday,,,,Dark,612300,0,0,0,3,,,0,,,,,,Auckland Region,Nil,2-way,Sealed,,0,0,,100,,On,1,0,,76,Auckland,Nil,,,,,0,0,Open,0,,,Fine,Null
1455013,5299536,22675,,584911,0,,0,1,,Null,2006/2007,SH 6,TAYLORVILLE ROAD,,Minor Crash,Yes,2006,,South,,0,,Flat,,,,,,Bright sun,2403002,2,0,0,1,,,0,,,,,,West Coast Region,Nil,2-way,Sealed,,0,0,,100,,Null,0,0,,56,Grey District,Give way,,,,,0,0,Open,1,,,Fine,Null
1764279,5908979,22676,,521901,0,,0,2,,Null,2005/2006,GREAT SOUTH ROAD,MANGERE ROAD,,Non-Injury Crash,No,2006,,South,,0,,Flat,,,,,,Bright sun,785200,0,0,0,4,,,0,,,,,,Auckland Region,Nil,2-way,Sealed,,0,0,,50,,Off,0,0,,76,Auckland,Traffic Signals,,,,,0,0,Urban,0,,,Fine,Null
1885373,5820737,22677,,536512,0,0,0,1,0,Null,2006/2007,WELCOME BAY ROAD,WATER LANE,,Non-Injury Crash,No,2006,0,East,0,0,1,Hill Road,0,,0,,0,Overcast,1206704,0,0,0,2,0,0,0,1,0,,0,0,Bay of Plenty Region,Nil,2-way,Sealed,0,0,0,0,100,0,Null,0,0,,23,Tauranga City,Nil,0,0,0,0,0,0,Open,0,0,0,Fine,Null
1729450,6027008,22678,,501811,0,,0,1,,Null,2005/2006,SH 1N,SH 15A,,Non-Injury Crash,Yes,2006,,South,,0,,Flat,,,,,,Overcast,78601,0,0,0,2,,,0,,,,,,Northland Region,Nil,2-way,Sealed,,0,0,,100,,Off,0,0,,2,Whangarei District,Stop,,,,,1,0,Open,0,,,Fine,Null
1939506,5594499,22679,,545860,0,0,0,1,1,West,2006/2007,WAIMARAMA ROAD,OCEAN BEACH ROAD,,Minor Crash,No,2006,0,North,0,0,0,Flat,0,,0,,0,Bright sun,1467500,4,0,0,2,0,0,0,0,0,,0,0,Hawke's Bay Region,Nil,2-way,Sealed,0,0,0,0,100,0,Null,0,0,,30,Hastings District,Nil,0,0,0,0,0,0,Open,0,0,0,Fine,Null
1387764,4911304,22680,,602500,0,,0,2,,Null,2006/2007,SH 1S,SH 86,,Serious Crash,Yes,2006,,East,,0,,Flat,,,,,,Dark,2975800,0,0,0,2,,,0,,,,,,Otago Region,Nil,2-way,Sealed,,0,1,,100,,On,0,0,,71,Dunedin City,Stop,,,,,0,0,Open,0,,,Fine,Null
1755664,5935133,22681,,507101,0,,0,2,,Null,2006/2007,BEACH ROAD,GLENCOE ROAD,,Non-Injury Crash,No,2006,,North,,0,,Flat,,,,,,Dark,161600,0,0,0,2,,,0,,,,,,Auckland Region,Nil,2-way,Sealed,,0,0,,50,,On,0,0,,76,Auckland,Traffic Signals,,,,,0,0,Urban,0,,,Fine,Null
1764492,5912945,22682,,520500,0,,0,2,,East,2005/2006,SOUTH-EASTERN HIGHWAY,CARBINE ROAD,,Non-Injury Crash,No,2006,,West,,0,,Flat,,,,,,Bright sun,639000,0,0,0,5,,,0,,,,,,Auckland Region,Nil,1-way,Sealed,,0,0,,50,,Null,0,0,,76,Auckland,Traffic Signals,,,,,0,0,Urban,0,,,Fine,Null
1461265,5082908,22683,,599500,0,,0,1,,Null,2006/2007,RITCHIE ST,FRASER ST,,Minor Crash,No,2006,,East,,0,,Flat,,,,,,Bright sun,2792700,2,0,0,2,,,0,,,,,,Canterbury Region,Nil,2-way,Sealed,,0,0,,50,,Null,0,0,,64,Timaru District,Give way,,,,,0,0,Urban,1,,,Fine,Null
1693276,5676500,22684,,551800,0,,0,0,,West,2006/2007,GILL ST,GOVER ST,,Minor Crash,No,2006,,East,,0,,Flat,,,,,,Bright sun,1593100,1,0,0,2,,,0,,,1,,,Taranaki Region,Nil,2-way,Sealed,,0,0,,50,,Null,1,0,,33,New Plymouth District,Nil,,,,,0,0,Urban,0,,,Fine,Null
1821937,5529072,22685,,562800,0,,0,2,,Null,2005/2006,FERGUSON ST,FITZHERBERT AVENUE,,Non-Injury Crash,No,2006,,East,,0,,Flat,,,,,,Dark,1828700,0,0,0,4,,,0,,,,,,Manawatū-Whanganui Region,Nil,2-way,Sealed,,0,0,,50,,On,0,0,,40,Palmerston North City,Traffic Signals,,,,,0,0,Urban,0,,,Fine,Null
1403233,4913491,22686,,605920,0,0,0,2,0,North,2005/2006,MULFORD ST,BELL CRESCENT,,Minor Crash,No,2006,0,South,0,0,0,Hill Road,0,,0,,0,Overcast,2955100,1,0,0,2,0,0,0,0,1,,0,1,Otago Region,Nil,2-way,Sealed,0,0,0,0,50,0,Null,0,0,,71,Dunedin City,Unknown,0,0,0,0,0,0,Urban,0,0,0,Fine,Null
1755560,5925594,22687,,509701,0,,1,1,,West,2006/2007,RALEIGH ROAD,LAKE ROAD,,Minor Crash,No,2006,,West,,0,,Flat,,,,,,Overcast,367100,5,0,0,2,,,0,,,,,,Auckland Region,Nil,2-way,Sealed,,0,0,,50,,Null,0,0,,76,Auckland,Unknown,,,,,0,0,Urban,0,,,Light rain,Null
1828635,5880905,22688,,533603,0,,0,3,,Null,2006/2007,SH 26,SH 25A,,Non-Injury Crash,Yes,2006,,South,,0,,Flat,,,,,,Bright sun,1057502,0,0,0,3,,,0,,,,,,Waikato Region,Nil,2-way,Sealed,,0,0,,70,,Null,0,0,,11,Thames-Coromandel District,Stop,,,,,0,0,Urban,0,,,Fine,Null
1756725,5927476,22689,,507900,0,,0,1,,South,2005/2006,TAHAROTO ROAD,NORTHCOTE ROAD,,Non-Injury Crash,No,2006,,South,,0,,Flat,,,,,,Bright sun,303502,0,0,0,4,,,0,,,,,,Auckland Region,Nil,2-way,Sealed,,0,0,,50,,Off,1,0,,76,Auckland,Stop,,,,,0,0,Urban,0,,,Fine,Null
1233430,4846866,22690,,610052,0,0,0,0,0,North,2005/2006,Z BCH ORETI,DUNNS ROAD,,Serious Crash,No,2006,0,North,0,0,0,Flat,0,,0,,0,Bright sun,3079401,0,0,1,0,0,1,0,0,0,,0,0,Southland Region,Nil,Off road,Unsealed,0,0,1,0,30,0,Null,0,0,,75,Invercargill City,Unknown,0,0,0,0,0,0,Urban,0,0,0,Fine,Null
1885613,5773004,22691,,540420,0,0,0,2,0,Null,2006/2007,SH 30A,TE NGAE ROAD,,Serious Crash,Yes,2006,0,North,0,0,0,Flat,0,,0,,1,Bright sun,1236600,2,0,0,3,0,0,0,0,0,,0,0,Bay of Plenty Region,Nil,2-way,Sealed,0,0,1,0,70,0,Null,0,0,,24,Rotorua District,Stop,1,0,0,0,0,0,Urban,0,0,0,Fine,Null
1750425,5911745,22692,,512100,0,,0,1,,Null,2005/2006,PORTAGE ROAD,GODLEY ROAD,,Non-Injury Crash,No,2006,,South,,0,,Flat,,,,,,Dark,289400,0,0,1,2,,,0,,,,,,Auckland Region,Nil,2-way,Sealed,,0,0,,50,,On,0,0,,76,Auckland,Give way,,,,,0,0,Urban,0,,,Fine,Null
1982485,5670039,22693,,545500,0,0,0,1,0,Null,2005/2006,Z FCT SHELL,LAHORE/SH2 ACHILLES,,Minor Crash,No,2006,0,East,0,0,0,Flat,0,,1,,0,Dark,1391100,1,0,0,0,0,0,0,0,1,,0,0,Hawke's Bay Region,Nil,Off road,Sealed,0,0,0,0,50,0,On,0,0,,29,Wairoa District,Nil,0,0,0,0,0,0,Urban,1,0,0,Fine,Null
1620841,5427888,22694,,583100,0,0,0,1,1,West,2006/2007,WHAKATU DRIVE,BEATSON ROAD,,Serious Crash,Yes,2006,0,East,1,0,0,Flat,0,,0,,0,Twilight,2335603,0,0,0,2,0,0,0,0,0,,0,0,Nelson Region,Nil,2-way,Sealed,0,0,1,0,70,0,On,0,0,,52,Nelson City,Nil,0,0,0,0,0,0,Urban,0,0,0,Fine,Null
1853249,5759637,22695,,535212,0,,0,0,,Null,2006/2007,KINLEITH ROAD,KINLEITH MILL ENT,,Non-Injury Crash,No,2006,,South,,0,,Flat,,,,,,Overcast,1151401,0,0,0,2,,,0,,,,,,Waikato Region,Nil,2-way,Sealed,,0,0,,100,,Null,0,0,,19,South Waikato District,Give way,,,,,1,0,Open,1,,,Fine,Null
2015980,5678000,22696,30,545204,0,0,0,1,0,North,2005/2006,SH 2,TUNANUI ROAD,,Serious Crash,Yes,2006,0,South,0,0,0,Hill Road,0,,0,,0,Dark,1399800,2,0,0,2,0,0,0,0,0,,0,0,Hawke's Bay Region,Nil,2-way,Unsealed,0,0,1,0,100,0,None,0,0,,29,Wairoa District,Traffic Signals,0,0,0,0,0,0,Open,0,1,0,Heavy rain,Null
1755638,5914103,22697,,518803,0,0,0,1,0,West,2006/2007,MOUNT ALBERT ROAD,PARAU ST,,Minor Crash,No,2006,0,West,0,0,0,Flat,0,,0,,0,Dark,580900,1,0,0,2,0,0,0,0,0,,0,1,Auckland Region,Nil,2-way,Sealed,0,0,0,0,50,0,On,0,0,,76,Auckland,Nil,0,0,0,0,0,0,Urban,0,0,0,Fine,Null
1757468,5928915,22698,,507800,0,,0,2,,East,2006/2007,KITCHENER ROAD,FENWICK AVENUE,,Non-Injury Crash,No,2006,,East,,0,,Flat,,,,,,Dark,310800,0,0,0,2,,,0,,,,,,Auckland Region,Nil,2-way,Sealed,,0,0,,50,,On,0,0,,76,Auckland,Nil,,,,,0,0,Urban,0,,,Fine,Null