X,Y,OBJECTID,advisorySpeed,areaUnitID,bicycle,bridge,bus,carStationWagon,cliffBank,crashDirectionDescription,crashFinancialYear,crashLocation1,crashLocation2,crashRoadSideRoad,crashSeverity,crashSHDescription,crashYear,debris,directionRoleDescription,ditch,fatalCount,fence,flatHill,guardRail,holiday,houseOrBuilding,intersection,kerb,light,meshblockId,minorInjuryCount,moped,motorcycle,NumberOfLanes,objectThrownOrDropped,otherObject,otherVehicleType,overBank,parkedVehicle,pedestrian,phoneBoxEtc,postOrPole,region,roadCharacter,roadLane,roadSurface,roadworks,schoolBus,seriousInjuryCount,slipOrFlood,speedLimit,strayAnimal,streetLight,suv,taxi,temporarySpeedLimit,tlaId,tlaName,trafficControl,trafficIsland,trafficSign,train,tree,truck,unknownVehicleType,urban,vanOrUtility,vehicle,waterRiver,weatherA,weatherB
1821129,5833985,22699,,534500,0,,0,0,,North,2005/2006,MORRINSVILLE TAHUNA ROAD,TAUHEI ROAD,,Non-Injury Crash,No,2006,,North,,0,,Flat,,,,,,Overcast,1092200,0,0,0,2,,,0,,,,,,Waikato Region,Nil,2-way,Sealed,,0,0,,100,,Null,0,0,,15,Matamata-Piako District,Nil,,,,,1,0,Open,0,,,Light rain,Null
1755645,5919849,22700,,514000,0,,0,3,,South,2005/2006,PONSONBY ROAD,COLLINGWOOD ST,,Minor Crash,No,2006,,South,,0,,Flat,,,,,,Dark,415000,1,0,0,4,,,0,,,,,,Auckland Region,Nil,2-way,Sealed,,0,0,,50,,On,1,1,,76,Auckland,Nil,,,,,0,0,Urban,0,,,Light rain,Null
1728370,5936699,22701,75,506642,0,0,0,1,0,South,2006/2007,SH 16,BRADLY ROAD S,,Non-Injury Crash,Yes,2006,0,North,1,0,0,Flat,0,,0,,0,Overcast,211200,0,0,0,2,0,0,0,0,0,,0,0,Auckland Region,Nil,2-way,Sealed,0,0,0,0,100,0,None,0,0,,76,Auckland,Nil,0,0,0,0,0,0,Open,0,0,0,Fine,Null
1751725,5432796,22702,,574303,0,,0,2,,North,2005/2006,SH 1N,CENTENNIAL NBD,,Minor Crash,Yes,2006,,North,,0,,Hill Road,,,,,,Overcast,2088705,1,0,0,3,,,0,,,,,,Wellington Region,Nil,2-way,Sealed,,0,0,,100,,Null,0,0,,47,Wellington City,Nil,,,,,0,0,Open,0,,,Fine,Null
1764416,5904532,22703,,522100,0,0,0,1,0,North,2006/2007,WYLLIE ROAD,PUHINUI ROAD,,Minor Crash,No,2006,0,South,0,0,0,Flat,0,,0,,0,Dark,659200,2,0,0,2,0,0,0,0,1,,0,0,Auckland Region,Nil,2-way,Sealed,0,0,0,0,50,0,On,0,0,,76,Auckland,Nil,0,0,0,0,1,0,Urban,0,0,0,Fine,Null
1878201,5821694,22704,,538102,0,,0,3,,South,2006/2007,FRASER ST,SEVENTEENTH AVENUE,,Non-Injury Crash,No,2006,,North,,0,,Flat,,,,,,Overcast,1171000,0,0,0,2,,,0,,,,,,Bay of Plenty Region,Nil,2-way,Sealed,,0,0,,50,,Off,1,1,,23,Tauranga City,Nil,,,,,0,0,Urban,0,,,Fine,Null
1767695,5907722,22705,,523502,0,,0,2,,Null,2006/2007,EAST TAMAKI ROAD,HILLS ROAD,,Non-Injury Crash,No,2006,,East,,0,,Flat,,,,,,Dark,704000,0,0,0,4,,,0,,,,,,Auckland Region,Nil,2-way,Sealed,,0,0,,60,,On,0,0,,76,Auckland,Traffic Signals,,,,,0,0,Urban,0,,,Light rain,Null
1928652,5608211,22706,,545710,0,,0,0,,West,2006/2007,SH 50A,EVENDEN ROAD,,Fatal Crash,Yes,2006,,West,,1,,Flat,,,,,,Dark,1471201,1,0,0,2,,,0,,,1,,,Hawke's Bay Region,Nil,2-way,Sealed,,0,0,,100,,None,0,0,,30,Hastings District,Nil,,,,,1,0,Open,0,,,Fine,Null
1569509,5182092,22707,,592401,0,,0,1,,North,2005/2006,PAPANUI ROAD,RUGBY ST,,Minor Crash,No,2006,,North,,0,,Flat,,,,,,Bright sun,2689400,1,0,0,2,,,0,,,1,,,Canterbury Region,Nil,2-way,Sealed,,0,0,,50,,Null,0,0,,60,Christchurch City,Traffic Signals,,,,,0,0,Urban,0,,,Fine,Null
1831317,5522598,22708,,561902,0,0,0,1,0,West,2005/2006,PAHIATUA AOKAUTERE ROAD,NORTH RANGE ROAD,,Non-Injury Crash,No,2006,0,West,0,0,1,Hill Road,0,,0,,0,Overcast,1799402,0,0,0,2,0,0,0,1,0,,0,0,Manawatū-Whanganui Region,Nil,2-way,Sealed,0,0,0,0,100,0,Null,0,0,,40,Palmerston North City,Nil,0,0,0,0,0,0,Open,0,0,0,Fine,Null
1822826,5463505,22709,,578700,0,,0,2,,Null,2005/2006,POWNALL ST,RENALL ST,,Non-Injury Crash,No,2006,,North,,0,,Flat,,,,,,Twilight,2235600,0,0,0,2,,,0,,,,,,Wellington Region,Nil,2-way,Sealed,,0,0,,50,,Off,0,0,,48,Masterton District,Stop,,,,,0,0,Urban,0,,,Fine,Null
1821065,5528907,22710,,563000,0,,0,1,,Null,2005/2006,COOK ST,CHURCH ST,,Non-Injury Crash,No,2006,,West,,0,,Flat,,,,,,Bright sun,1805800,0,0,0,2,,,0,,,,,,Manawatū-Whanganui Region,Nil,2-way,Sealed,,0,0,,50,,Null,0,0,,40,Palmerston North City,Give way,,,,,0,0,Urban,1,,,Fine,Null
1710639,6033709,22711,45,501809,0,0,0,0,0,East,2006/2007,MAUNGAKARAMEA ROAD,HAYWARD ROAD,,Minor Crash,No,2006,0,West,1,0,0,Hill Road,0,,0,,0,Twilight,75100,1,0,1,2,0,0,0,0,0,,0,0,Northland Region,Nil,2-way,Sealed,0,0,0,0,100,0,None,0,0,,2,Whangarei District,Nil,0,0,0,0,0,0,Open,0,0,0,Fine,Null
1766566,5913133,22712,,522910,0,,0,1,,Null,2006/2007,TI RAKAU DRIVE,AYLESBURY ST,,Minor Crash,No,2006,,South,,0,,Flat,,,,,,Dark,684000,1,0,1,6,,,0,,,,,,Auckland Region,Nil,2-way,Sealed,,0,0,,60,,On,0,0,,76,Auckland,Give way,,,,,0,0,Urban,0,,,Fine,Null
1838258,5838619,22713,,534604,0,,0,0,,East,2005/2006,MCCABE ROAD,LOVEGROVE ROAD,,Non-Injury Crash,No,2006,,West,,0,,Flat,,,,,,Bright sun,1107500,0,0,0,2,,,0,,,,,,Waikato Region,Nil,2-way,Sealed,,0,0,,100,,Null,0,0,,15,Matamata-Piako District,Nil,,,,,1,0,Open,0,,,Fine,Null
1760192,5913047,22714,,520000,0,0,0,2,0,East,2006/2007,MOUNT SMART ROAD,NAMATA ROAD,,Non-Injury Crash,No,2006,0,East,0,0,0,Flat,0,,0,,0,Bright sun,605601,0,0,0,2,0,0,0,0,1,,0,0,Auckland Region,Nil,2-way,Sealed,0,0,0,0,50,0,Off,0,0,,76,Auckland,Nil,0,0,0,0,0,0,Urban,0,0,0,Fine,Null
1776140,5447055,22715,,566700,0,,0,2,,Null,2005/2006,SH 2,MOERAKI ROAD,,Non-Injury Crash,Yes,2006,,South,,0,,Flat,,,,,,Overcast,1913303,0,0,0,1,,,0,,,,,,Wellington Region,Nil,2-way,Sealed,,0,0,,50,,Null,0,0,,45,Upper Hutt City,Nil,,,,,0,0,Urban,0,,,Fine,Null
1800165,5816337,22716,,529700,0,,0,2,,Null,2006/2007,ULSTER ST,MILL ST,,Non-Injury Crash,No,2006,,West,,0,,Flat,,,,,,Dark,908800,0,0,0,2,,,0,,,,,,Waikato Region,Nil,1-way,Sealed,,0,0,,50,,On,0,0,,16,Hamilton City,Traffic Signals,,,,,0,0,Urban,0,,,Fine,Null
1763757,5916517,22717,,517202,0,,0,1,,Null,2006/2007,NGAHUE DRIVE,NORMAN LESSER DRIVE,,Minor Crash,No,2006,,North,,0,,Flat,,,,,,Bright sun,465304,1,0,0,2,,,0,,,,,,Auckland Region,Nil,2-way,Sealed,,0,0,,50,,Off,0,0,,76,Auckland,Stop,,,,,0,0,Urban,1,,,Fine,Null
1800623,5700475,22718,,532501,0,0,1,0,0,West,2005/2006,TAUMARUNUI-NGAPUKE ROAD,NGAKONUI-ONGARUE ROAD,,Serious Crash,No,2006,0,East,0,0,0,Hill Road,0,,0,,0,Bright sun,1030700,2,0,0,2,0,0,0,1,0,,0,0,Manawatū-Whanganui Region,Nil,2-way,Sealed,0,0,1,0,100,0,Null,0,0,,36,Ruapehu District,Nil,0,0,0,0,0,0,Open,1,0,0,Fine,Null
1443376,5009616,22719,,600811,0,0,0,1,0,North,2006/2007,SH 1S,T Y DUNCAN ROAD,,Minor Crash,Yes,2006,0,South,0,0,0,Flat,0,,0,,0,Bright sun,2828002,1,0,0,2,0,0,0,0,0,,0,1,Otago Region,Nil,2-way,Sealed,0,0,0,0,100,0,Null,1,0,,68,Waitaki District,Nil,0,0,0,0,0,0,Open,0,0,0,Fine,Null
1758967,5912827,22720,,519820,0,,0,2,,South,2006/2007,ONEHUNGA MALL,TRAFALGAR ST,,Non-Injury Crash,No,2006,,North,,0,,Flat,,,,,,Overcast,599400,0,0,0,2,,,0,,,,,,Auckland Region,Nil,2-way,Sealed,,0,0,,50,,Off,0,0,,76,Auckland,Nil,,,,,0,0,Urban,0,,,Heavy rain,Null
1785381,5861807,22721,,527210,0,0,0,1,0,North,2006/2007,SH 1N,WHANGAMARINO ROAD,,Non-Injury Crash,Yes,2006,0,North,0,0,0,Hill Road,1,,0,,0,Overcast,935600,0,0,0,3,0,0,0,0,0,,0,0,Waikato Region,Nil,2-way,Sealed,0,0,0,0,100,0,Null,0,0,,13,Waikato District,Unknown,0,0,0,0,0,0,Open,0,0,0,Fine,Null
1680975,6012245,22722,65,504501,0,0,0,1,1,East,2006/2007,WEST COAST ROAD,LUTRELL ROAD,,Non-Injury Crash,No,2006,0,East,0,0,0,Flat,0,,0,,0,Overcast,124900,0,0,0,2,0,0,0,0,0,,0,0,Northland Region,Nil,2-way,Sealed,0,0,0,0,100,0,Null,0,0,,3,Kaipara District,Unknown,0,0,0,0,0,0,Open,0,0,0,Fine,Null
1756095,5923350,22723,,509800,0,,0,3,,South,2005/2006,SH 1N,STAFFORD OFF NBD,,Minor Crash,Yes,2006,,North,,0,,Flat,,,,,,Bright sun,359200,2,0,0,2,,,0,,,,,,Auckland Region,Bridge,1-way,Sealed,,0,0,,80,,Off,0,0,,76,Auckland,Nil,,,,,0,0,Open,0,,,Fine,Null
1891297,5814878,22724,,538501,0,,0,2,,Null,2005/2006,TE PUKE HIGHWAY,COLLINS LANE,,Minor Crash,No,2006,,South,,0,,Flat,,,,,,Dark,1207102,1,0,0,2,,,0,,,,,,Bay of Plenty Region,Nil,2-way,Sealed,,0,0,,100,,On,0,0,,22,Western Bay of Plenty District,Give way,,,,,0,0,Open,0,,,Fine,Null
1689552,6084236,22725,,501634,0,0,0,1,1,South,2006/2007,SH 1N,MARSHALL ROAD S,,Minor Crash,Yes,2006,0,South,0,0,0,Flat,0,,0,,0,Bright sun,36203,1,0,0,2,0,0,0,0,0,,0,0,Northland Region,Nil,2-way,Sealed,0,0,0,0,100,0,None,0,0,,1,Far North District,Nil,0,0,0,0,0,0,Open,0,0,0,Fine,Null
1798894,5821088,22726,,527006,0,0,0,0,0,Null,2006/2007,ENDEAVOUR AVENUE,ADMIRAL CRESCENT,,Non-Injury Crash,No,2006,0,North,0,0,0,Flat,0,,1,,0,Dark,952034,0,0,0,2,0,0,0,0,0,,0,0,Waikato Region,Nil,2-way,Sealed,0,0,0,0,50,0,On,0,0,,16,Hamilton City,Stop,0,0,0,0,0,0,Urban,1,0,0,Fine,Null
1768784,5577789,22727,,555700,0,,0,1,,South,2005/2006,KARAKA ST,TAUPATA ST,,Non-Injury Crash,No,2006,,North,,0,,Flat,,,,,,Overcast,1712100,0,0,0,2,,,0,,,,,,Manawatū-Whanganui Region,Nil,2-way,Sealed,,0,0,,50,,Null,0,0,,37,Whanganui District,Nil,,,,,0,0,Urban,0,,,Light rain,Null
1879224,5792291,22728,,538811,0,0,0,1,0,North,2006/2007,SH 36,DUDLEY ROAD,,Minor Crash,Yes,2006,0,North,0,0,1,Flat,0,,0,,0,Overcast,1250001,1,0,0,2,0,0,0,0,0,,0,0,Bay of Plenty Region,Nil,2-way,Sealed,0,0,0,0,100,0,None,0,0,,24,Rotorua District,Nil,0,0,0,0,0,0,Open,0,0,0,Fine,Null
1844229,5785555,22729,,535600,0,,0,2,,South,2005/2006,HARRY MARTIN DRIVE,SH 1N,,Minor Crash,No,2006,,North,,0,,Hill Road,,Christmas New Year,,,,Bright sun,1129401,1,0,0,2,,,0,,,,,,Waikato Region,Nil,2-way,Sealed,,0,0,,50,,Null,0,0,,19,South Waikato District,Unknown,,,,,0,0,Urban,0,,,Fine,Null
1793708,5771276,22730,,531200,0,,0,2,,Null,2005/2006,SH 3,WAHANUI CRESCENT N,,Non-Injury Crash,Yes,2006,,North,,0,,Flat,,,,,,Overcast,997800,0,0,0,2,,,0,,,,,,Waikato Region,Nil,2-way,Sealed,,0,0,,50,,Null,0,0,,18,Ōtorohanga District,Stop,,,,,0,0,Urban,0,,,Light rain,Null
1754304,5933949,22731,,508804,0,0,0,1,0,Null,2005/2006,EAST COAST ROAD,GREVILLE ROAD,,Non-Injury Crash,No,2006,0,East,0,0,0,Flat,0,,0,,1,Dark,180611,0,0,0,2,0,0,0,0,0,,0,0,Auckland Region,Nil,2-way,Sealed,0,0,0,0,50,0,On,0,0,,76,Auckland,Traffic Signals,0,0,0,0,0,0,Urban,0,0,0,Fine,Null
1755604,5929044,22732,,508510,0,,0,1,,East,2005/2006,TRISTRAM AVENUE,TRISTRAM OFF SBD,,Non-Injury Crash,No,2006,,West,,0,,Hill Road,,,,,,Bright sun,195200,0,0,0,4,,,0,,,,,,Auckland Region,Nil,2-way,Sealed,,0,0,,50,,Off,1,0,,76,Auckland,Nil,,,,,0,0,Urban,1,,,Fine,Null
1754776,5929666,22733,,508420,0,,0,0,,South,2005/2006,TARGET ROAD,ELLICE ROAD,,Minor Crash,No,2006,,North,,0,,Hill Road,,,,,,Dark,182500,1,0,0,2,,,0,,,,,,Auckland Region,Nil,2-way,Sealed,,0,0,,50,,On,0,0,,76,Auckland,Give way,,,,,1,0,Urban,1,,,Fine,Null
1801490,5814711,22734,,529700,0,0,0,1,0,South,2005/2006,TISDALL TERRACE,BRIDGE ST,,Non-Injury Crash,No,2006,0,South,0,0,0,Hill Road,0,,0,,0,Bright sun,912300,0,0,0,2,0,0,0,0,1,,0,0,Waikato Region,Nil,2-way,Sealed,0,0,0,0,50,0,Null,0,0,,16,Hamilton City,Unknown,0,0,0,0,0,0,Urban,1,0,0,Fine,Null
1568697,5184563,22735,,591800,1,,0,1,,Null,2005/2006,MAIN NORTH ROAD,SAWYERS ARMS ROAD,,Minor Crash,No,2006,,North,,0,,Flat,,,,,,Overcast,2664200,1,0,0,2,,,0,,,,,,Canterbury Region,Nil,2-way,Sealed,,0,0,,50,,Null,0,0,,60,Christchurch City,Traffic Signals,,,,,0,0,Urban,0,,,Fine,Null
1950571,5668746,22736,55,545301,0,,0,2,,East,2005/2006,SH 2,KOTEMAORI SETTLEMENT ROAD,,Minor Crash,Yes,2006,,East,,0,,Hill Road,,Queens Birthday,,,,Overcast,1393000,1,0,0,2,,,0,,,,,,Hawke's Bay Region,Nil,2-way,Sealed,,0,0,,100,,Null,0,0,,29,Wairoa District,Nil,,,,,0,0,Open,0,,,Light rain,Null
1753576,5933744,22737,,508804,0,0,0,2,0,West,2006/2007,HUGH GREEN DRIVE,BUNDORAN WAY,,Non-Injury Crash,No,2006,0,East,0,0,0,Hill Road,0,,0,,0,Bright sun,180603,0,0,0,2,0,0,0,0,1,,0,0,Auckland Region,Nil,2-way,Sealed,0,0,0,0,50,0,Off,0,0,,76,Auckland,Nil,0,0,0,0,0,0,Urban,0,0,0,Fine,Null
1768082,5900493,22738,,525101,0,,0,2,,Null,2006/2007,WEYMOUTH ROAD,COXHEAD ROAD,,Non-Injury Crash,No,2006,,West,,0,,Flat,,,,,,Overcast,771200,0,0,0,2,,,0,,,,,,Auckland Region,Nil,2-way,Sealed,,0,0,,50,,Off,0,0,,76,Auckland,Give way,,,,,0,0,Urban,0,,,Light rain,Null
1900929,5697768,22739,,541342,0,0,0,1,0,North,2006/2007,MATEA ROAD,SH 5,,Minor Crash,No,2006,0,North,0,0,1,Flat,0,,0,,0,Dark,1280705,1,0,0,1,0,0,0,1,0,,0,0,Bay of Plenty Region,Nil,2-way,Unsealed,0,0,0,0,100,0,None,0,0,,21,Taupo District,Nil,0,0,0,0,0,0,Open,0,0,0,Light rain,Null
1565414,5181701,22740,,590000,0,,1,0,,Null,2005/2006,MAIDSTONE ROAD,WAIMAIRI ROAD,,Minor Crash,No,2006,,North,,0,,Flat,,,,,,Overcast,2537600,1,0,0,3,,,0,,,1,,,Canterbury Region,Nil,2-way,Sealed,,0,0,,50,,Null,0,0,,60,Christchurch City,Traffic Signals,,,,,0,0,Urban,0,,,Heavy rain,Null
1758199,5920254,22741,,514103,0,,1,0,,North,2005/2006,BEACH ROAD,CHURCHILL ST,,Non-Injury Crash,No,2006,,South,,0,,Flat,,,,,,Bright sun,438309,0,0,0,5,,,0,,,,,,Auckland Region,Nil,2-way,Sealed,,0,0,,50,,Off,0,0,,76,Auckland,Nil,,,,,1,0,Urban,0,,,Fine,Null
1792574,5734876,22742,55,531800,0,0,0,0,0,South,2005/2006,SH 4,KOPAKI ROAD,,Serious Crash,Yes,2006,0,North,0,0,0,Hill Road,1,,0,,0,Dark,1013701,0,0,0,2,0,0,0,1,0,,0,0,Waikato Region,Nil,2-way,Sealed,0,0,1,0,100,0,None,0,0,,20,Waitomo District,Nil,0,0,0,0,1,0,Open,0,0,0,Fine,Null
1769306,5899716,22743,,525002,0,,0,2,,Null,2005/2006,MAHIA ROAD,HOLMES ROAD,,Non-Injury Crash,No,2006,,West,,0,,Flat,,,,,,Dark,754100,0,0,0,2,,,0,,,,,,Auckland Region,Nil,2-way,Sealed,,0,0,,50,,On,0,0,,76,Auckland,Stop,,,,,0,0,Urban,0,,,Fine,Null
1790142,5816204,22744,55,527913,0,0,0,1,0,Null,2006/2007,SH 39,LAXON ROAD,,Non-Injury Crash,Yes,2006,0,South,0,0,1,Hill Road,0,,0,,0,Overcast,978300,0,0,0,2,0,0,0,0,0,,0,0,Waikato Region,Nil,2-way,Sealed,0,0,0,0,100,0,Null,0,0,,13,Waikato District,Give way,1,0,0,0,0,0,Open,0,0,0,Fine,Null
1719661,6046824,22745,50,502800,0,,0,0,,Null,2005/2006,BANK ST,MANSE ST,,Minor Crash,No,2006,,North,,0,,Flat,,,,,,Dark,97000,1,0,0,4,,,0,,,1,,,Northland Region,Nil,2-way,Sealed,,0,0,,70,,On,0,0,,2,Whangarei District,Traffic Signals,,,,,0,0,Urban,1,,,Fine,Null
1792985,5496938,22746,,564012,0,,0,1,,Null,2005/2006,SH 57 KIMBERLEY,ARAPAEPAE ROAD,,Serious Crash,Yes,2006,,East,,0,,Flat,,,,,,Overcast,1859005,3,0,0,2,,,0,,,,,,Manawatū-Whanganui Region,Nil,2-way,Sealed,,0,1,,50,,Null,0,0,,42,Horowhenua District,Give way,,,,,1,0,Urban,0,,,Fine,Null
1565357,5176037,22747,,587845,0,0,0,2,0,South,2006/2007,BIBIANA ST,GABRIEL GROVE,,Minor Crash,No,2006,0,South,0,0,0,Flat,0,,0,,0,Twilight,2484509,1,0,0,2,0,0,0,0,1,,0,0,Canterbury Region,Nil,2-way,Sealed,0,0,0,0,50,0,Off,0,0,,60,Christchurch City,Unknown,0,0,0,0,0,0,Urban,0,0,0,Fine,Null
1755956,5917092,22748,,518201,0,,0,1,,Null,2005/2006,DOMINION ROAD,PROSPECT TERRACE,,Minor Crash,No,2006,,South,,0,,Flat,,,,,,Twilight,548800,2,0,1,4,,,0,,,,,,Auckland Region,Nil,2-way,Sealed,,0,0,,50,,On,0,0,,76,Auckland,Nil,,,,,0,0,Urban,0,,,Fine,Null
1770339,5911317,22749,,523106,0,,0,2,,Null,2005/2006,TI RAKAU DRIVE,BOTANY ROAD,,Non-Injury Crash,No,2006,,South,,0,,Flat,,,,,,Dark,711174,0,0,0,6,,,0,,,,,,Auckland Region,Nil,2-way,Sealed,,0,0,,60,,On,0,0,,76,Auckland,Traffic Signals,,,,,0,0,Urban,0,,,Light rain,Null
1800812,5815008,22750,,529700,0,,0,2,,East,2006/2007,COLLINGWOOD ST,TRISTRAM ST,,Non-Injury Crash,No,2006,,West,,0,,Flat,,,,,,Bright sun,911600,0,0,0,2,,,0,,,,,,Waikato Region,Nil,2-way,Sealed,,0,0,,50,,Off,0,0,,16,Hamilton City,Nil,,,,,0,0,Urban,0,,,Fine,Null
1739649,5943887,22751,,506614,0,,0,1,,West,2006/2007,KAHIKATEA FLAT ROAD,QUARRY ROAD,,Minor Crash,No,2006,,East,,0,,Flat,,,,,,Overcast,177801,1,0,0,2,,,0,,,,,,Auckland Region,Nil,2-way,Sealed,,0,0,,100,,None,0,0,,76,Auckland,Nil,,,,,1,0,Open,0,,,Fine,Null
1729114,5967316,22752,,506613,0,0,0,1,1,North,2006/2007,SH 16,WEST COAST ROAD,,Minor Crash,Yes,2006,0,North,0,0,0,Hill Road,0,,0,,0,Bright sun,146200,1,0,0,2,0,0,0,0,0,,0,0,Auckland Region,Nil,2-way,Sealed,0,0,0,0,100,0,Null,0,0,,76,Auckland,Unknown,0,0,0,0,0,0,Open,0,0,0,Fine,Null
1762523,5906615,22753,,524302,0,,0,2,,Null,2006/2007,RAGLAN ST,WINTHROP WAY,,Minor Crash,No,2006,,South,,0,,Flat,,,,,,Overcast,744000,1,0,0,2,,,0,,,,,,Auckland Region,Nil,2-way,Sealed,,0,0,,50,,Null,0,0,,76,Auckland,Give way,,,,,0,0,Urban,0,,,Fine,Null
1879110,5820304,22754,,536508,0,,0,1,,South,2006/2007,SH 2A,SH 29,,Serious Crash,Yes,2006,,South,,0,,Flat,,,,,,Dark,1174602,0,0,0,2,,,0,,,1,,,Bay of Plenty Region,Nil,2-way,Sealed,,0,1,,100,,On,0,0,,23,Tauranga City,Unknown,,,,,0,0,Open,0,,,Fine,Null
1405201,4916592,22755,,603000,0,0,0,1,1,North,2005/2006,MAORI ROAD,SERPENTINE AVENUE,,Minor Crash,No,2006,0,North,0,0,0,Flat,0,,0,,1,Twilight,2897900,2,0,0,2,0,0,0,0,0,,0,0,Otago Region,Nil,2-way,Sealed,0,0,0,0,50,0,On,0,0,,71,Dunedin City,Unknown,0,0,0,0,0,0,Urban,0,0,0,Fine,Null
1769733,5907358,22756,,523712,0,0,0,1,0,Null,2006/2007,CHAPEL ROAD,ORMISTON ROAD,,Non-Injury Crash,No,2006,0,North,0,0,0,Flat,0,,0,,0,Dark,712803,0,0,0,2,0,0,0,0,0,,0,0,Auckland Region,Nil,2-way,Sealed,0,0,0,0,60,0,None,0,0,,76,Auckland,Give way,0,0,0,1,0,0,Urban,0,0,0,Fine,Null
1623677,5430855,22757,,582500,0,,0,0,,Null,2005/2006,Z CPK MONTGOMERY,TRAFALGAR ST,,Minor Crash,No,2006,,South,,0,,Flat,,,,,,Bright sun,2319700,1,0,0,1,,,0,,,1,,,Nelson Region,Nil,Off road,Sealed,,0,0,,50,,Null,0,0,,52,Nelson City,Nil,,,,,0,0,Urban,1,,,Fine,Null
1757059,5919536,22758,,514102,0,,0,2,,North,2006/2007,QUEEN ST,KARANGAHAPE ROAD,,Minor Crash,No,2006,,North,,0,,Hill Road,,,,,,Dark,435802,1,0,0,4,,,0,,,,,,Auckland Region,Nil,2-way,Sealed,,0,0,,50,,On,0,1,,76,Auckland,Nil,,,,,0,0,Urban,0,,,Heavy rain,Strong wind
1755004,5927843,22759,,508620,0,0,0,1,1,North,2005/2006,ARCHERS ROAD,SUNNYBRAE ROAD,,Non-Injury Crash,No,2006,0,South,0,0,0,Hill Road,0,,0,,1,Dark,202600,0,0,0,3,0,0,0,0,0,,0,0,Auckland Region,Nil,2-way,Sealed,0,0,0,0,50,0,On,0,0,,76,Auckland,Traffic Signals,1,1,0,0,0,0,Urban,0,0,0,Light rain,Null
1757557,5921009,22760,,514101,0,,1,0,,Null,2006/2007,QUEEN ST,TYLER ST,,Minor Crash,No,2006,,North,,0,,Flat,,Christmas New Year,,,,Overcast,432900,2,0,0,4,,,0,,,1,,,Auckland Region,Nil,2-way,Sealed,,0,0,,50,,Off,0,0,,76,Auckland,Stop,,,,,0,0,Urban,0,,,Fine,Null
1798974,5815182,22761,,529000,0,,0,2,,West,2006/2007,SH 23,MASSEY HALL OVERBRIDGE,,Non-Injury Crash,Yes,2006,,East,,0,,Flat,,,,,,Overcast,917800,0,0,0,2,,,0,,,,,,Waikato Region,Nil,2-way,Sealed,,0,0,,50,,Off,0,0,,16,Hamilton City,Traffic Signals,,,,,0,0,Urban,0,,,Fine,Null
1762179,5913657,22762,,520500,0,0,0,1,0,Null,2006/2007,SH 1N,PENROSE OBR,,Minor Crash,Yes,2006,0,North,0,0,0,Flat,1,,0,,0,Bright sun,637100,1,0,0,4,0,0,0,0,0,,0,0,Auckland Region,Nil,2-way,Sealed,0,0,0,0,80,0,Off,0,0,,76,Auckland,Nil,0,0,0,0,0,0,Open,0,0,0,Fine,Null
1795240,5882813,22763,55,521135,0,,0,0,,North,2005/2006,KAIAUA ROAD,MANGATANGI ROAD,,Minor Crash,No,2006,,South,,0,,Flat,,,,,,Overcast,841300,1,0,0,2,,,0,,,,,,Waikato Region,Nil,2-way,Sealed,,0,0,,100,,Null,0,0,,13,Waikato District,Nil,,,,,1,0,Open,0,,,Light rain,Null
1827170,5675747,22764,,532601,0,0,0,1,0,North,2005/2006,SH 47,ACCESS NO4 ROAD,,Minor Crash,Yes,2006,0,North,0,0,0,Flat,0,,0,,0,Dark,1029001,1,0,0,2,0,0,0,0,0,,0,0,Manawatū-Whanganui Region,Nil,2-way,Sealed,0,0,0,0,100,0,None,0,0,,36,Ruapehu District,Nil,0,0,0,0,0,0,Open,0,0,0,Fine,Null
1241842,4852266,22765,,610601,0,0,0,0,0,North,2005/2006,DRURY LANE,BAY ROAD,,Minor Crash,No,2006,0,North,0,0,0,Flat,0,,0,,0,Dark,3101500,1,0,0,2,0,0,0,0,0,,0,1,Southland Region,Nil,2-way,Sealed,0,0,0,0,50,0,On,0,0,,75,Invercargill City,Unknown,0,0,0,0,0,0,Urban,1,0,0,Fine,Null
1759912,5434820,22766,,569001,0,,0,2,,East,2005/2006,WHITES LINE EAST,LUDLAM CRESCENT,,Non-Injury Crash,No,2006,,East,,0,,Flat,,,,,,Bright sun,1964400,0,0,0,2,,,0,,,,,,Wellington Region,Nil,2-way,Sealed,,0,0,,50,,Null,0,0,,46,Lower Hutt City,Nil,,,,,0,0,Urban,0,,,Fine,Null
1688376,5355374,22767,,580801,0,,0,0,,North,2005/2006,SH 1S,TIROHANGA BR,,Minor Crash,Yes,2006,,South,,0,,Hill Road,,,,,,Dark,2310600,2,0,0,2,,,0,,,,,,Marlborough Region,Nil,2-way,Sealed,,0,0,,100,,None,0,0,,53,Marlborough District,Nil,,,,,2,0,Open,0,,,Fine,Null
1693175,5676134,22768,,551800,0,,0,1,,Null,2005/2006,SH 45 LEACH,LIARDET ST,,Minor Crash,Yes,2006,,North,,0,,Flat,,,,,,Bright sun,1592900,1,0,0,2,,,0,,,,,,Taranaki Region,Nil,2-way,Sealed,,0,0,,50,,Null,0,0,,33,New Plymouth District,Traffic Signals,,,,,0,0,Urban,1,,,Fine,Null
1615737,5423203,22769,,584202,0,,0,1,,Null,2006/2007,OXFORD ST,QUEEN ST,,Serious Crash,No,2006,,North,,0,,Flat,,,,,,Bright sun,2366103,0,0,0,2,,,0,,,1,,,Tasman Region,Nil,2-way,Sealed,,0,1,,50,,Null,0,0,,51,Tasman District,Give way,,,,,0,0,Urban,0,,,Fine,Null