X,Y,OBJECTID,advisorySpeed,areaUnitID,bicycle,bridge,bus,carStationWagon,cliffBank,crashDirectionDescription,crashFinancialYear,crashLocation1,crashLocation2,crashRoadSideRoad,crashSeverity,crashSHDescription,crashYear,debris,directionRoleDescription,ditch,fatalCount,fence,flatHill,guardRail,holiday,houseOrBuilding,intersection,kerb,light,meshblockId,minorInjuryCount,moped,motorcycle,NumberOfLanes,objectThrownOrDropped,otherObject,otherVehicleType,overBank,parkedVehicle,pedestrian,phoneBoxEtc,postOrPole,region,roadCharacter,roadLane,roadSurface,roadworks,schoolBus,seriousInjuryCount,slipOrFlood,speedLimit,strayAnimal,streetLight,suv,taxi,temporarySpeedLimit,tlaId,tlaName,trafficControl,trafficIsland,trafficSign,train,tree,truck,unknownVehicleType,urban,vanOrUtility,vehicle,waterRiver,weatherA,weatherB
1730336,5955986,22770,,506613,0,,0,1,,North,2005/2006,SH 16,MAKARAU ROAD,,Minor Crash,Yes,2006,,North,,0,,Flat,,,,,,Overcast,146300,1,0,1,2,,,0,,,,,,Auckland Region,Nil,2-way,Sealed,,0,0,,100,,Off,0,0,,76,Auckland,Nil,,,,,0,0,Open,0,,,Fine,Null
1817444,5532548,22771,,561901,0,,0,1,,Null,2005/2006,KAIRANGA BUNNYTHORPE ROAD,GILLESPIES LINE,,Non-Injury Crash,No,2006,,North,,0,,Flat,,,,,,Overcast,1795400,0,0,0,2,,,0,,,,,,Manawatū-Whanganui Region,Nil,2-way,Sealed,,0,0,,100,,Null,1,0,,39,Manawatu District,Stop,,,,,0,0,Open,0,,,Fine,Null
1747172,5919371,22772,,512402,0,,0,2,,Null,2006/2007,TE ATATU ROAD,COVIL AVENUE,,Non-Injury Crash,No,2006,,South,,0,,Hill Road,,,,,,Bright sun,254100,0,0,0,4,,,0,,,,,,Auckland Region,Nil,2-way,Sealed,,0,0,,50,,Off,0,0,,76,Auckland,Traffic Signals,,,,,0,0,Urban,0,,,Fine,Null
1930454,5607577,22773,,545710,0,,0,2,,West,2005/2006,EVENDEN ROAD,PAKOWHAI ROAD,,Serious Crash,No,2006,,South,,0,,Flat,,,,,,Dark,1471300,1,0,0,2,,,0,,,,,,Hawke's Bay Region,Nil,2-way,Sealed,,0,1,,100,,On,0,0,,30,Hastings District,Nil,,,,,0,0,Open,0,,,Fine,Null
1698209,6084385,22774,,501620,0,0,0,1,0,East,2005/2006,SH 11,RUAPEKAPEKA ROAD,,Serious Crash,Yes,2006,0,West,1,0,0,Hill Road,0,,0,,0,Overcast,47802,0,0,0,2,0,0,0,0,0,,0,0,Northland Region,Nil,2-way,Sealed,0,0,4,0,100,0,Off,0,0,,1,Far North District,Nil,0,0,0,0,0,0,Open,1,0,0,Heavy rain,Null
1563491,5173206,22775,,587849,1,,0,1,,Null,2006/2007,TRICES ROAD,ELLESMERE ROAD,,Serious Crash,No,2006,,North,,0,,Flat,,,,,,Bright sun,2501000,1,0,0,2,,,0,,,,,,Canterbury Region,Nil,2-way,Sealed,,0,1,,100,,Null,0,0,,62,Selwyn District,Give way,,,,,0,0,Open,0,,,Fine,Null
1756474,5945154,22776,,505902,0,0,0,0,0,Null,2006/2007,MONYASH ROAD,HURDLOW PLACE,,Non-Injury Crash,No,2006,0,North,0,0,0,Hill Road,0,,0,,1,Bright sun,174107,0,0,0,2,0,0,0,0,0,,0,0,Auckland Region,Nil,2-way,Sealed,0,0,0,0,50,0,Off,1,0,,76,Auckland,Nil,0,0,0,1,0,0,Urban,0,0,0,Fine,Null
1755792,5434728,22777,55,569800,0,0,0,1,0,West,2005/2006,SH 2,CORNISH ST,,Non-Injury Crash,Yes,2006,0,West,0,0,0,Flat,1,,0,,0,Overcast,2035800,0,0,0,2,0,0,0,0,0,,0,0,Wellington Region,Nil,1-way,Sealed,0,0,0,0,100,0,Null,0,0,,46,Lower Hutt City,Nil,0,0,0,0,0,0,Open,0,0,0,Heavy rain,Strong wind
1838062,5920069,22778,,533200,0,0,0,1,0,South,2005/2006,SH 25,GOLF ROAD,,Serious Crash,Yes,2006,0,South,1,0,0,Flat,0,Easter,0,,0,Dark,1046100,1,0,0,2,0,0,0,0,0,,0,0,Waikato Region,Nil,2-way,Sealed,0,0,2,0,100,0,On,0,0,,11,Thames-Coromandel District,Give way,0,0,0,0,0,0,Open,0,0,0,Fine,Null
1875818,5825224,22779,,537100,0,,0,2,,Null,2005/2006,PRINCESS ROAD,QUEEN ROAD,,Non-Injury Crash,No,2006,,West,,0,,Flat,,,,,,Bright sun,1159000,0,0,0,2,,,0,,,,,,Bay of Plenty Region,Nil,2-way,Sealed,,0,0,,50,,Null,0,0,,23,Tauranga City,Give way,,,,,0,0,Urban,0,,,Fine,Null
1838401,5858019,22780,,534200,0,0,0,1,1,South,2006/2007,SH 2,JACKSON ROAD,,Minor Crash,Yes,2006,0,South,0,0,0,Flat,0,,0,,0,Dark,1075400,1,0,0,2,0,0,0,0,0,,0,0,Waikato Region,Nil,2-way,Sealed,0,0,0,0,100,0,None,0,0,,12,Hauraki District,Unknown,0,0,0,0,0,0,Open,0,0,0,Fine,Null
1801185,5812773,22781,,530400,0,,0,2,,Null,2006/2007,SH3 ON RAMP,ODETTE ST,,Non-Injury Crash,Yes,2006,,West,,0,,Flat,,,,,,Dark,924000,0,0,0,4,,,0,,,,,,Waikato Region,Nil,2-way,Sealed,,0,0,,60,,On,0,0,,16,Hamilton City,Stop,,,,,0,0,Urban,0,,,Fine,Null
1931848,5616265,22782,,547300,0,,0,2,,Null,2006/2007,SH 50,MEEANEE ROAD,,Non-Injury Crash,Yes,2006,,North,,0,,Flat,,,,,,Dark,1402510,0,0,0,2,,,0,,,,,,Hawke's Bay Region,Nil,2-way,Sealed,,0,0,,100,,On,0,0,,31,Napier City,Traffic Signals,,,,,0,0,Open,0,,,Heavy rain,Null
1746187,5914006,22783,,511001,0,,0,0,,West,2006/2007,WEST COAST ROAD,ROSIER ROAD,,Non-Injury Crash,No,2006,,West,,0,,Flat,,,,,,Bright sun,282701,0,0,0,2,,,0,,,,,,Auckland Region,Nil,2-way,Sealed,,0,0,,50,,Off,1,0,,76,Auckland,Nil,,,,,0,0,Urban,1,,,Fine,Null
1748902,5427723,22784,,573000,0,,0,1,,West,2005/2006,HARRIS ST,JERVOIS QUAY,,Serious Crash,No,2006,,East,,0,,Flat,,,,,,Bright sun,2127800,0,0,0,2,,,0,,,1,,,Wellington Region,Nil,2-way,Sealed,,0,1,,50,,Null,0,1,,47,Wellington City,Nil,,,,,0,0,Urban,0,,,Fine,Null
1768534,5901277,22785,,525001,0,,0,2,,North,2005/2006,GREAT SOUTH ROAD,NORTHCREST WAY,,Non-Injury Crash,No,2006,,North,,0,,Flat,,,,,,Twilight,751500,0,0,0,2,,,0,,,,,,Auckland Region,Nil,2-way,Sealed,,0,0,,50,,Off,0,0,,76,Auckland,Nil,,,,,0,0,Urban,0,,,Fine,Null
1745314,5919385,22786,,513301,0,0,0,2,0,North,2006/2007,Z CPK PIZZA HUT,TE PAI PLACE,,Non-Injury Crash,No,2006,0,North,0,0,0,Flat,0,,0,,0,Twilight,230601,0,0,0,1,0,0,0,0,1,,0,0,Auckland Region,Nil,Off road,Sealed,0,0,0,0,20,0,On,0,0,,76,Auckland,Nil,0,0,0,0,0,0,Urban,0,0,0,Fine,Null
1766500,5900056,22787,,524713,0,0,0,2,0,West,2006/2007,TAMWORTH CLOSE,JOHN WALKER DRIVE,,Non-Injury Crash,No,2006,0,East,0,0,0,Flat,0,,0,,0,Dark,775813,0,0,0,2,0,0,0,0,1,,0,0,Auckland Region,Nil,2-way,Sealed,0,0,0,0,50,0,On,0,0,,76,Auckland,Unknown,0,0,0,0,0,0,Urban,0,0,0,Fine,Null
1757450,5918758,22788,,514302,0,0,0,0,0,South,2006/2007,SH 1N,GRAFTON ON SBD,,Minor Crash,Yes,2006,0,South,0,0,0,Flat,1,,0,,0,Overcast,442500,1,0,0,4,0,0,0,0,0,,0,0,Auckland Region,Nil,1-way,Sealed,0,0,0,0,80,0,Off,0,0,,76,Auckland,Nil,0,0,0,0,1,0,Open,2,0,0,Fine,Null
1766502,5904628,22789,,524603,0,0,0,1,0,East,2006/2007,CAVENDISH DRIVE,NORMAN SPENCER DRIVE,,Non-Injury Crash,No,2006,0,West,0,0,0,Flat,0,Labour Weekend,0,,0,Dark,780202,0,0,0,4,0,0,0,0,0,,0,0,Auckland Region,Nil,2-way,Sealed,0,0,0,0,50,0,On,0,0,,76,Auckland,Nil,0,1,0,0,0,0,Urban,0,0,0,Fine,Null
1462147,5329883,22790,,584931,0,,0,0,,North,2005/2006,SH 6,CARGILLS ROAD,,Minor Crash,Yes,2006,,North,,0,,Flat,,,,,,Dark,2401900,1,0,0,2,,,0,,,,,,West Coast Region,Nil,2-way,Sealed,,0,0,,100,,None,1,0,,56,Grey District,Unknown,,,,,0,0,Open,0,,,Fine,Null
1812252,5455910,22791,,579700,0,,0,1,,Null,2005/2006,BELVEDERE ROAD,WYNDHAM ST,,Minor Crash,No,2006,,East,,0,,Flat,,,,,,Dark,2257700,3,0,0,2,,,0,,,,,,Wellington Region,Nil,2-way,Sealed,,0,0,,50,,On,1,0,,49,Carterton District,Nil,,,,,0,0,Urban,0,,,Mist or Fog,Null
1573976,5178237,22792,,594100,0,0,0,1,0,South,2005/2006,RADLEY ST,CLARENDON TERRACE,,Minor Crash,No,2006,0,North,0,0,0,Flat,0,,1,,0,Overcast,2587100,1,0,0,2,0,0,0,0,0,,0,0,Canterbury Region,Nil,2-way,Sealed,0,0,0,0,50,0,Null,0,1,,60,Christchurch City,Unknown,0,0,0,1,0,0,Urban,0,0,0,Fine,Null
1757227,5920482,22793,,514102,0,,0,2,,Null,2006/2007,VICTORIA ST WEST,ALBERT ST,,Non-Injury Crash,No,2006,,North,,0,,Hill Road,,,,,,Overcast,433401,0,0,0,5,,,0,,,,,,Auckland Region,Nil,2-way,Sealed,,0,0,,50,,Off,0,0,,76,Auckland,Traffic Signals,,,,,0,0,Urban,0,,,Light rain,Null
1765000,5916793,22794,,520301,0,,1,0,,Null,2005/2006,MERTON ROAD,MORRIN ROAD,,Minor Crash,No,2006,,West,,0,,Hill Road,,,,,,Overcast,465302,1,0,0,4,,,0,,,,,,Auckland Region,Nil,1-way,Sealed,,0,0,,50,,Off,1,0,,76,Auckland,Give way,,,,,0,0,Urban,0,,,Light rain,Null
1754254,5918542,22795,,515431,0,,0,2,,Null,2006/2007,BULLOCK TRACK,GREAT NORTH ROAD,,Non-Injury Crash,No,2006,,East,,0,,Flat,,,,,,Overcast,405000,0,0,0,4,,,0,,,,,,Auckland Region,Nil,2-way,Sealed,,0,0,,50,,Off,0,0,,76,Auckland,Stop,,,,,0,0,Urban,0,,,Fine,Null
1795026,5694369,22796,,532903,0,0,0,1,0,North,2006/2007,SH 4,SH 43,,Minor Crash,Yes,2006,0,South,0,0,1,Hill Road,0,,0,,0,Twilight,1036500,1,0,0,2,0,0,0,1,0,,0,0,Manawatū-Whanganui Region,Nil,2-way,Sealed,0,0,0,0,100,0,None,0,0,,36,Ruapehu District,Nil,0,0,0,0,0,0,Open,0,0,0,Heavy rain,Strong wind
1936696,5617601,22797,,545632,0,0,0,2,0,North,2006/2007,TE AWA AVENUE,KENNY ROAD,,Minor Crash,No,2006,0,South,0,0,0,Flat,0,,0,,0,Dark,1402800,1,0,0,2,0,0,0,0,1,,0,0,Hawke's Bay Region,Nil,2-way,Sealed,0,0,0,0,100,0,On,0,0,,31,Napier City,Nil,0,0,0,0,0,0,Open,0,0,0,Light rain,Null
1462607,5099511,22798,,598600,0,0,0,0,0,Null,2005/2006,HALLY TERRACE,COMMERCE ST,,Minor Crash,No,2006,0,West,0,0,0,Flat,0,,0,,0,Bright sun,2766200,1,0,0,2,0,0,0,0,0,,0,1,Canterbury Region,Nil,2-way,Sealed,0,0,0,0,50,0,Null,1,0,,64,Timaru District,Give way,0,0,0,0,0,0,Urban,0,0,0,Fine,Null
1570680,5176747,22799,,591101,0,,0,1,,Null,2006/2007,COLOMBO ST,ERNLEA TERRACE,,Serious Crash,No,2006,,North,,0,,Flat,,,,,,Overcast,2549300,1,0,1,2,,,0,,,,,,Canterbury Region,Nil,2-way,Sealed,,0,1,,50,,Null,0,0,,60,Christchurch City,Give way,,,,,0,0,Urban,0,,,Fine,Null
1755689,5916138,22800,,518301,0,,0,1,,Null,2006/2007,DOMINION ROAD,WIREMU ST,,Non-Injury Crash,No,2006,,South,,0,,Flat,,,,,,Overcast,553600,0,0,0,3,,,0,,,,,,Auckland Region,Nil,2-way,Sealed,,0,0,,50,,Off,1,0,,76,Auckland,Stop,,,,,0,0,Urban,0,,,Fine,Null
1764798,5914635,22801,,520602,0,0,0,1,0,North,2006/2007,IRELAND ROAD,CLEARY ROAD,,Minor Crash,No,2006,0,East,0,0,0,Hill Road,0,,0,,0,Dark,628602,1,0,0,2,0,0,0,0,0,,0,1,Auckland Region,Nil,2-way,Sealed,0,0,0,0,50,0,On,0,0,,76,Auckland,Nil,0,0,0,0,0,0,Urban,0,0,0,Fine,Null
1718426,6044179,22802,,503500,0,0,0,2,0,Null,2006/2007,RAUMANGA VALLEY ROAD,OTAIKA ROAD,,Non-Injury Crash,Yes,2006,0,North,0,0,0,Flat,0,,0,,0,Overcast,108200,0,0,0,2,0,0,0,0,0,,0,0,Northland Region,Nil,2-way,Sealed,0,0,0,0,50,0,Off,0,0,,2,Whangarei District,Give way,0,0,0,0,0,0,Urban,0,1,0,Fine,Null
1767131,5901674,22803,,524720,0,0,0,1,0,Null,2005/2006,BERKELEY ROAD,GLOUCESTER ROAD,,Non-Injury Crash,No,2006,0,North,0,0,1,Flat,0,,0,,0,Overcast,778700,0,0,0,2,0,0,0,0,0,,0,0,Auckland Region,Nil,2-way,Sealed,0,0,0,0,50,0,Off,0,0,,76,Auckland,Nil,0,0,0,1,0,0,Urban,0,0,0,Fine,Null
1757413,5918771,22804,,514302,0,,0,3,,South,2005/2006,SH 1N,GRAFTON OBR,,Minor Crash,Yes,2006,,North,,0,,Flat,,,,,,Bright sun,442500,1,0,0,5,,,0,,,,,,Auckland Region,Nil,1-way,Sealed,,0,0,,80,,None,0,0,,76,Auckland,Nil,,,,,0,0,Open,1,,,Fine,Null
1745525,5428190,22805,,574800,0,0,0,5,0,West,2005/2006,KARORI ROAD,CAMPBELL ST,,Minor Crash,No,2006,0,West,0,0,0,Flat,0,,0,,0,Bright sun,2107600,1,0,0,2,0,0,0,0,4,,0,0,Wellington Region,Nil,2-way,Sealed,0,0,0,0,50,0,Null,0,0,,47,Wellington City,Nil,0,0,0,0,0,0,Urban,0,0,0,Fine,Null
1768528,5881455,22806,,525910,0,0,0,1,0,East,2005/2006,KENNELLY CRESCENT,ALAMEIN PLACE,,Non-Injury Crash,No,2006,0,West,0,0,1,Flat,0,,0,,0,Bright sun,820200,0,0,0,2,0,0,0,0,0,,0,0,Auckland Region,Nil,2-way,Sealed,0,0,0,0,50,0,Off,0,0,,76,Auckland,Nil,0,0,0,0,0,0,Urban,0,0,0,Fine,Null
1745063,5917750,22807,,510700,0,,0,2,,Null,2006/2007,GREAT NORTH ROAD,BUSCOMB AVENUE,,Non-Injury Crash,No,2006,,North,,0,,Flat,,,,,,Overcast,239501,0,0,0,2,,,0,,,,,,Auckland Region,Nil,2-way,Sealed,,0,0,,50,,Off,0,0,,76,Auckland,Traffic Signals,,,,,0,0,Urban,0,,,Fine,Null
1757386,5919811,22808,,514103,0,,0,2,,South,2006/2007,WAKEFIELD ST,ST PAUL ST,,Non-Injury Crash,No,2006,,South,,0,,Hill Road,,,,,,Overcast,436803,0,0,0,2,,,0,,,,,,Auckland Region,Nil,2-way,Sealed,,0,0,,50,,Off,0,0,,76,Auckland,Nil,,,,,0,0,Urban,0,,,Fine,Null
1929584,5600691,22809,,545762,0,0,0,2,0,Null,2006/2007,TE AUTE ROAD,ST GEORGES ROAD,,Minor Crash,No,2006,0,West,0,0,1,Flat,0,,0,,0,Bright sun,1465300,1,0,0,2,0,0,0,0,0,,0,0,Hawke's Bay Region,Nil,2-way,Sealed,0,0,0,0,100,0,Null,0,0,,30,Hastings District,Give way,0,0,0,1,0,0,Open,0,0,0,Fine,Null
1640265,5286233,22810,,585601,0,0,0,1,0,East,2005/2006,CLAVERLEY ROAD EXTENSION,SH 1S,,Minor Crash,No,2006,0,West,0,0,1,Hill Road,0,,0,,0,Overcast,2310702,1,0,0,1,0,0,0,0,0,,0,0,Canterbury Region,Nil,Off road,Sealed,0,0,0,0,100,0,Null,0,0,,58,Hurunui District,Unknown,0,0,0,0,0,0,Open,0,0,0,Fine,Null
1815012,5861801,22811,,533901,0,0,0,0,0,East,2006/2007,KAIHERE ROAD,SH 27,,Minor Crash,No,2006,0,East,1,0,1,Flat,0,,0,,0,Bright sun,1069500,1,0,0,2,0,0,0,0,0,,0,0,Waikato Region,Nil,2-way,Sealed,0,0,0,0,100,0,None,0,0,,12,Hauraki District,Nil,0,0,0,0,1,0,Open,0,0,0,Fine,Null
1758383,5917673,22812,,515700,0,0,0,1,0,North,2005/2006,SH 1N,NEWMARKET VDT,,Non-Injury Crash,Yes,2006,1,South,0,0,0,Flat,0,,0,,0,Bright sun,443402,0,0,0,3,0,0,0,0,0,,0,0,Auckland Region,Bridge,1-way,Sealed,0,0,0,0,80,0,Off,0,0,,76,Auckland,Unknown,0,0,0,0,0,0,Open,0,0,0,Fine,Null
1795302,5822805,22813,,527917,0,,0,1,,North,2006/2007,TE RAPA ROAD,PUKETE ROAD N,,Non-Injury Crash,No,2006,,South,,0,,Flat,,,,,,Bright sun,977201,0,0,0,2,,,0,,,,,,Waikato Region,Nil,2-way,Sealed,,0,0,,100,,Null,0,0,,16,Hamilton City,Stop,,,,,0,0,Open,1,,,Fine,Null
1288776,4877000,22814,85,610033,0,0,0,1,0,West,2005/2006,SH 93,FERNDALE ROAD,,Minor Crash,Yes,2006,0,West,1,0,0,Hill Road,0,,0,,0,Dark,3053900,1,0,0,2,0,0,0,0,0,,0,0,Southland Region,Nil,2-way,Sealed,0,0,0,0,100,0,None,0,0,,74,Gore District,Unknown,0,0,0,0,0,0,Open,0,0,0,Light rain,Null
1721521,6049001,22815,35,502004,0,,0,1,,Null,2006/2007,WHAREORA ROAD,CLAPHAM ROAD,,Non-Injury Crash,No,2006,,East,,0,,Hill Road,,Christmas New Year,,,,Overcast,72601,0,0,0,2,,,0,,,,,,Northland Region,Nil,2-way,Sealed,,0,0,,100,,None,0,0,,2,Whangarei District,Give way,,,,,0,0,Open,1,,,Light rain,Null
1641603,5293256,22816,,581500,0,0,0,1,0,North,2005/2006,SH 1S,OARO OBR,,Minor Crash,Yes,2006,0,South,0,0,0,Flat,0,,0,,0,Twilight,2310900,1,0,0,2,0,1,0,0,0,,0,0,Canterbury Region,Nil,2-way,Sealed,0,0,0,0,100,0,None,0,0,,54,Kaikoura District,Nil,0,0,0,0,0,0,Open,0,0,0,Fine,Null
1820038,5529134,22817,,562310,0,,0,1,,South,2006/2007,BOTANICAL ROAD,BRIGHTON CRESCENT,,Minor Crash,No,2006,,North,,0,,Flat,,,,,,Bright sun,1824600,1,0,0,2,,,0,,,1,,,Manawatū-Whanganui Region,Nil,2-way,Sealed,,0,0,,50,,Null,0,0,,40,Palmerston North City,Nil,,,,,0,0,Urban,0,,,Fine,Null
1816601,5573331,22818,,559220,0,,0,0,,North,2005/2006,SH 1N,SILVERHOPE ROAD,,Minor Crash,Yes,2006,,South,,0,,Flat,,,,,,Overcast,1729100,1,0,0,2,,,0,,,,,,Manawatū-Whanganui Region,Nil,2-way,Sealed,,0,0,,100,,Null,0,0,,38,Rangitikei District,Nil,,,,,1,0,Open,0,,,Fine,Null
1762374,5919244,22819,,516400,0,0,0,2,0,North,2006/2007,REIHANA ST,TAUTARI ST,,Non-Injury Crash,No,2006,0,North,0,0,0,Hill Road,0,,0,,0,Overcast,498100,0,0,0,2,0,0,0,0,1,,0,0,Auckland Region,Nil,2-way,Sealed,0,0,0,0,50,0,Off,0,0,,76,Auckland,Nil,0,0,0,0,0,0,Urban,0,0,0,Light rain,Null
1735568,5986955,22820,,506660,0,0,0,0,1,North,2005/2006,SH 1N,WHAKAPIRAU ROAD,,Minor Crash,Yes,2006,0,North,1,0,0,Hill Road,0,,0,,0,Overcast,135800,1,0,0,2,0,0,0,0,0,,0,0,,Nil,2-way,Sealed,0,0,0,0,100,0,Off,1,0,,76,Auckland,Nil,0,0,0,0,0,0,Open,0,0,0,Light rain,Null
1768691,5901147,22821,,524901,0,0,0,2,0,Null,2006/2007,HILL ROAD,NEWHOOK LANE,,Non-Injury Crash,No,2006,0,West,0,0,0,Flat,0,,0,,0,Bright sun,756600,0,0,0,2,0,0,0,0,1,,0,0,Auckland Region,Nil,2-way,Sealed,0,0,0,0,50,0,Null,0,0,,76,Auckland,Give way,0,0,0,0,0,0,Urban,0,0,0,Fine,Null
1911326,5604887,22822,65,545841,0,0,0,1,1,East,2006/2007,SH 50,KERERU ROAD,,Minor Crash,Yes,2006,0,East,0,0,0,Flat,0,,0,,0,Overcast,1462800,1,0,0,2,0,0,0,0,0,,0,0,Hawke's Bay Region,Nil,2-way,Sealed,0,0,0,0,100,0,Null,0,0,,30,Hastings District,Nil,0,0,0,0,0,0,Open,0,0,0,Light rain,Null
1259184,5004072,22823,,609302,0,,0,2,,East,2006/2007,SH 6A,SUBURB ST,,Minor Crash,Yes,2006,,East,,0,,Flat,,Christmas New Year,,,,Overcast,3034800,2,0,0,2,,,0,,,,,,Otago Region,Nil,2-way,Sealed,,0,0,,50,,Null,1,0,,70,Queenstown-Lakes District,Unknown,,,,,0,0,Urban,0,,,Light rain,Null
1209039,4853950,22824,,612730,0,0,0,1,0,West,2005/2006,SH 99,LONGWOOD ROAD,,Minor Crash,Yes,2006,0,East,1,0,0,Hill Road,0,,0,,0,Twilight,3187600,1,0,0,2,0,0,0,0,0,,0,0,Southland Region,Nil,2-way,Sealed,0,0,0,0,100,0,None,0,0,,73,Southland District,Unknown,0,0,0,0,0,0,Open,0,0,0,Heavy rain,Null
1749178,5931783,22825,,509000,0,0,0,1,0,North,2006/2007,PAREMOREMO ROAD,ELMORE ROAD,,Non-Injury Crash,No,2006,0,North,0,0,0,Flat,0,,0,,0,Overcast,179403,0,0,0,2,0,0,0,0,0,,0,0,Auckland Region,Nil,2-way,Sealed,0,0,0,0,80,0,None,0,0,,76,Auckland,Nil,0,1,0,0,0,0,Open,0,0,0,Fine,Null
1764165,5918718,22826,,516602,0,0,0,2,0,North,2005/2006,ALLUM ST,KOHIMARAMA ROAD,,Non-Injury Crash,No,2006,0,South,0,0,0,Flat,0,,0,,0,Twilight,506500,0,0,0,2,0,0,0,0,1,,0,0,Auckland Region,Nil,2-way,Sealed,0,0,0,0,50,0,On,0,0,,76,Auckland,Unknown,0,0,0,0,0,0,Urban,0,0,0,Light rain,Null
1768742,5900912,22827,,525001,0,,0,2,,South,2005/2006,Z CPK SOUTHMALL SC,STATION ROAD,,Non-Injury Crash,No,2006,,West,,0,,Flat,,,,,,Bright sun,751600,0,0,0,0,,,0,,,,,,Auckland Region,Nil,Off road,Sealed,,0,0,,20,,Off,0,0,,76,Auckland,Nil,,,,,0,0,Urban,0,,,Fine,Null
1569518,5184474,22828,,588102,0,,0,1,,South,2005/2006,CRANFORD ST,FRASER ST,,Fatal Crash,No,2006,,North,,1,,Flat,,,,,,Overcast,2508701,0,0,0,2,,,0,,,1,,,Canterbury Region,Nil,2-way,Sealed,,0,0,,60,,Null,0,0,,60,Christchurch City,Nil,,,,,0,0,Urban,0,,,Fine,Null
1594153,5155798,22829,,596901,0,,0,2,,Null,2005/2006,SH 75,ONAWE FLAT ROAD E,,Minor Crash,Yes,2006,,North,,0,,Flat,,Christmas New Year,,,,Bright sun,2714200,1,0,0,2,,,0,,,,,,Canterbury Region,Nil,2-way,Sealed,,0,0,,70,,Null,0,0,,60,Christchurch City,Give way,,,,,0,0,Urban,0,,,Fine,Null
1716237,6060653,22830,,504300,0,0,0,0,0,East,2005/2006,KING ST,SH 1N,,Non-Injury Crash,No,2006,0,North,0,0,0,Hill Road,0,,0,,0,Bright sun,62900,0,0,0,2,0,0,0,0,0,,0,1,Northland Region,Nil,2-way,Sealed,0,0,0,0,50,0,None,0,0,,2,Whangarei District,Nil,0,0,0,0,1,0,Urban,0,0,0,Fine,Null
1406120,4916285,22831,,602900,0,,0,2,,Null,2006/2007,JETTY ST,BOND ST,,Minor Crash,No,2006,,East,,0,,Flat,,,,,,Bright sun,2895500,2,0,0,3,,,0,,,,,,Otago Region,Nil,2-way,Sealed,,0,0,,50,,Null,0,0,,71,Dunedin City,Stop,,,,,0,0,Urban,0,,,Fine,Null
1798297,5773598,22832,,531304,0,0,0,0,0,South,2005/2006,SH 3,ROBERTS ROAD,,Non-Injury Crash,Yes,2006,0,North,0,0,1,Flat,0,,0,,0,Bright sun,1000800,0,0,0,2,0,0,0,0,0,,0,0,Waikato Region,Nil,2-way,Sealed,0,0,0,0,100,0,Null,0,0,,18,Ōtorohanga District,Unknown,0,0,0,0,1,0,Open,0,0,0,Fine,Null
1402726,4913952,22833,,605920,0,,0,3,,South,2005/2006,SH 1S,MORNINGTON ROAD,,Minor Crash,Yes,2006,,North,,0,,Hill Road,,,,,,Overcast,2954803,3,0,0,4,,,0,,,,,,Otago Region,Nil,2-way,Sealed,,0,0,,100,,Null,0,0,,71,Dunedin City,Unknown,,,,,0,0,Open,0,,,Fine,Null
1756787,5918720,22834,,515600,0,,0,1,,Null,2005/2006,EXMOUTH ST,NORWICH ST,,Non-Injury Crash,No,2006,,North,,0,,Flat,,,,,,Bright sun,420400,0,0,0,2,,,0,,,,,,Auckland Region,Nil,2-way,Sealed,,0,0,,50,,Off,0,0,,76,Auckland,Give way,,,,,0,0,Urban,1,,,Fine,Null
1407245,4919110,22835,,603300,0,,0,1,,Null,2005/2006,BANK ST,DOLPHIN ST,,Minor Crash,No,2006,,East,,0,,Flat,,,,,,Overcast,2873900,1,0,1,2,,,0,,,,,,Otago Region,Nil,2-way,Sealed,,0,0,,50,,Null,0,0,,71,Dunedin City,Give way,,,,,0,0,Urban,0,,,Fine,Null
1754223,5918303,22836,,515432,0,,0,3,,East,2005/2006,SH 16,ST LUKES OBR,,Minor Crash,Yes,2006,,West,,0,,Flat,,,,,,Bright sun,406202,4,0,0,3,,,0,,,,,,Auckland Region,Nil,1-way,Sealed,,0,0,,100,,Off,0,0,,76,Auckland,Nil,,,,,0,0,Open,0,,,Fine,Null
1755517,5918648,22837,,515500,0,0,0,1,0,East,2006/2007,GREAT NORTH ROAD,BOND ST,,Non-Injury Crash,No,2006,0,East,0,0,0,Flat,0,,0,,0,Twilight,418100,0,0,0,2,0,0,0,0,0,,0,1,Auckland Region,Nil,2-way,Sealed,0,0,0,0,50,0,Off,0,0,,76,Auckland,Nil,0,0,0,0,0,0,Urban,0,0,0,Fine,Null
1794894,5809532,22838,,527914,0,0,0,1,1,South,2006/2007,TUHIKARAMEA ROAD,COLLINS ROAD,,Minor Crash,No,2006,0,North,1,0,0,Flat,0,Christmas New Year,0,,0,Bright sun,980101,1,0,0,2,0,0,0,0,0,,0,0,Waikato Region,Nil,2-way,Sealed,0,0,0,0,100,0,Null,0,0,,17,Waipa District,Unknown,0,0,0,0,0,0,Open,0,0,0,Fine,Null
1873329,5480975,22839,,578402,0,,0,0,,West,2005/2006,PACK SPUR ROAD,MATAIKONA ROAD,,Minor Crash,No,2006,,East,,0,,Hill Road,,,,,,Bright sun,2254800,2,0,0,2,,,0,,,,,,Wellington Region,Nil,2-way,Unsealed,,0,0,,100,,Null,1,0,,48,Masterton District,Nil,,,,,0,0,Open,1,,,Fine,Null