X,Y,OBJECTID,advisorySpeed,areaUnitID,bicycle,bridge,bus,carStationWagon,cliffBank,crashDirectionDescription,crashFinancialYear,crashLocation1,crashLocation2,crashRoadSideRoad,crashSeverity,crashSHDescription,crashYear,debris,directionRoleDescription,ditch,fatalCount,fence,flatHill,guardRail,holiday,houseOrBuilding,intersection,kerb,light,meshblockId,minorInjuryCount,moped,motorcycle,NumberOfLanes,objectThrownOrDropped,otherObject,otherVehicleType,overBank,parkedVehicle,pedestrian,phoneBoxEtc,postOrPole,region,roadCharacter,roadLane,roadSurface,roadworks,schoolBus,seriousInjuryCount,slipOrFlood,speedLimit,strayAnimal,streetLight,suv,taxi,temporarySpeedLimit,tlaId,tlaName,trafficControl,trafficIsland,trafficSign,train,tree,truck,unknownVehicleType,urban,vanOrUtility,vehicle,waterRiver,weatherA,weatherB
1764595,5905903,22840,,524303,0,,0,1,,Null,2005/2006,STATION ROAD,HILLCREST ROAD,,Non-Injury Crash,No,2006,,North,,0,,Flat,,,,,,Bright sun,657500,0,0,0,2,,,0,,,,,,Auckland Region,Nil,2-way,Sealed,,0,0,,50,,Null,1,0,,76,Auckland,Stop,,,,,0,0,Urban,0,,,Fine,Null
1568743,5181786,22841,,592200,0,,0,1,,Null,2006/2007,ROSSALL ST,OFFICE ROAD,,Serious Crash,No,2006,,South,,0,,Flat,,,,,,Dark,2674002,1,0,0,2,,,0,,,,,,Canterbury Region,Nil,2-way,Sealed,,0,1,,50,,On,1,0,,60,Christchurch City,Give way,,,,,0,0,Urban,0,,,Light rain,Null
1792850,5826810,22842,,527123,0,0,0,1,0,South,2005/2006,RIVER ROAD,SMITH ROAD,,Minor Crash,No,2006,0,North,0,0,0,Flat,0,,0,,0,Overcast,952900,1,0,0,2,0,0,0,0,0,,0,1,Waikato Region,Nil,2-way,Sealed,0,0,0,0,100,0,None,0,0,,13,Waikato District,Nil,0,0,0,0,0,0,Open,0,0,0,Light rain,Null
1340476,4873792,22843,,607300,0,0,0,0,1,West,2005/2006,SH 1S,WHITIKER ROAD W,,Minor Crash,Yes,2006,0,North,0,0,0,Hill Road,0,,0,,0,Overcast,3002100,1,0,0,2,0,0,0,0,0,,0,0,Otago Region,Nil,2-way,Sealed,0,0,0,0,100,0,Null,1,0,,72,Clutha District,Unknown,0,0,0,0,0,0,Open,0,0,0,Snow,Null
1800907,5811697,22844,,529300,0,,0,0,,Null,2005/2006,SH 3,SAXBYS ROAD,,Minor Crash,Yes,2006,,North,,0,,Flat,,,,,,Bright sun,926500,1,1,0,2,,,0,,,,,,Waikato Region,Nil,2-way,Sealed,,0,0,,50,,Null,0,0,,16,Hamilton City,Give way,,,,,0,0,Urban,1,,,Fine,Null
1243473,4848677,22845,,611220,0,0,0,1,0,Null,2005/2006,NESS ST,BOWMONT ST,,Minor Crash,No,2006,0,East,0,0,1,Flat,0,,0,,0,Dark,3112100,1,0,0,2,0,0,0,0,0,,0,0,Southland Region,Nil,2-way,Sealed,0,0,0,0,50,0,On,0,0,,75,Invercargill City,Give way,0,0,0,0,0,0,Urban,0,0,0,Fine,Null
1755495,5924246,22846,,509800,0,0,0,1,0,West,2005/2006,RODNEY ROAD,CLARENCE ROAD,,Minor Crash,No,2006,0,West,0,0,0,Flat,0,,0,,0,Dark,359701,1,0,0,2,0,0,0,0,0,,0,1,Auckland Region,Nil,2-way,Sealed,0,0,0,0,50,0,On,0,0,,76,Auckland,Nil,0,0,0,0,0,0,Urban,0,0,0,Light rain,Null
1882585,5777118,22847,,539200,0,,0,2,,Null,2005/2006,SH 5,BARNARD ROAD,,Minor Crash,Yes,2006,,North,,0,,Flat,,,,,,Dark,1220400,1,0,0,2,,,0,,,,,,Bay of Plenty Region,Nil,2-way,Sealed,,0,0,,60,,On,0,0,,24,Rotorua District,Give way,,,,,0,0,Urban,0,,,Light rain,Null
1949164,5790778,22848,,542430,0,0,0,0,0,Null,2005/2006,HINEMOA ST,STEWART ST,,Minor Crash,No,2006,0,West,0,0,1,Flat,0,,0,,1,Dark,1310600,1,0,1,2,0,0,0,0,0,,0,0,Bay of Plenty Region,Nil,2-way,Sealed,0,0,0,0,50,0,On,0,0,,25,Whakatane District,Stop,0,0,0,0,0,0,Urban,0,0,0,Mist or Fog,Null
1754632,5930373,22849,,508420,0,0,0,2,0,West,2006/2007,ATHENA DRIVE,TRIAS ROAD E,,Minor Crash,No,2006,0,North,0,0,0,Hill Road,0,,0,,0,Dark,182010,2,0,0,1,0,0,0,0,1,,0,0,Auckland Region,Nil,2-way,Sealed,0,0,0,0,50,0,On,0,0,,76,Auckland,Nil,0,0,0,0,0,0,Urban,0,0,0,Fine,Null
1798447,5817909,22850,,528403,0,,0,2,,North,2005/2006,TE RAPA ROAD,GARNETT AVENUE,,Minor Crash,No,2006,,South,,0,,Flat,,,,,,Overcast,908100,1,0,0,4,,,0,,,,,,Waikato Region,Nil,2-way,Sealed,,0,0,,60,,Null,0,0,,16,Hamilton City,Traffic Signals,,,,,0,0,Urban,0,,,Fine,Null
1677974,6020027,22851,45,504501,0,0,0,1,0,West,2006/2007,MOUNT WESLEY COAST ROAD,POUTO ROAD,,Minor Crash,No,2006,0,West,0,0,0,Flat,0,,0,,0,Dark,117700,1,0,0,2,0,0,0,0,0,,0,0,Northland Region,Nil,2-way,Sealed,0,0,0,0,100,0,None,0,0,,3,Kaipara District,Nil,0,0,0,1,0,0,Open,0,0,0,Light rain,Null
1762435,5917018,22852,,516302,0,,0,2,,Null,2005/2006,REMUERA ROAD,WAIATARUA ROAD,,Minor Crash,No,2006,,East,,0,,Flat,,,,,,Overcast,463104,1,0,0,4,,,0,,,,,,Auckland Region,Nil,2-way,Sealed,,0,0,,50,,Off,0,0,,76,Auckland,Give way,,,,,0,0,Urban,0,,,Fine,Null
1768886,5882372,22853,,525910,0,,0,1,,North,2005/2006,PAERATA ROAD,CRISP AVENUE,,Fatal Crash,No,2006,,North,,1,,Flat,,,,,,Dark,817600,1,0,0,2,,,0,,,2,,,Auckland Region,Nil,2-way,Sealed,,0,0,,50,,On,0,0,,76,Auckland,Nil,,,,,0,0,Urban,0,,,Fine,Null
1551006,5300607,22854,55,585506,0,,0,0,,South,2006/2007,SH 7,RIORDANS CRK BR,,Fatal Crash,Yes,2006,,North,,2,,Hill Road,,,,,,Bright sun,2426700,0,0,1,2,,,0,,,,,,Canterbury Region,Nil,2-way,Sealed,,0,0,,100,,Null,1,0,,58,Hurunui District,Unknown,,,,,0,0,Open,0,,,Fine,Null
1977588,5782564,22855,,542906,1,,0,0,,South,2005/2006,OTARA ROAD,GAULT ROAD,,Minor Crash,No,2006,,North,,0,,Flat,,,,,,Bright sun,1336300,1,0,0,2,,,0,,,,,,Bay of Plenty Region,Nil,2-way,Sealed,,0,0,,100,,Null,0,0,,27,Ōpōtiki District,Unknown,,,,,0,0,Open,1,,,Fine,Null
1768050,5905435,22856,,523722,0,0,0,1,0,North,2005/2006,SANDRINE AVENUE,COTY PLACE,,Minor Crash,No,2006,0,South,0,0,1,Flat,0,,0,,0,Dark,715703,1,0,0,2,0,0,0,0,0,,0,0,Auckland Region,Nil,2-way,Sealed,0,0,0,0,50,0,On,0,0,,76,Auckland,Nil,0,0,0,0,0,0,Urban,0,0,0,Fine,Null
1778479,5878069,22857,,521131,0,0,0,1,0,Null,2006/2007,RAZORBACK OFF SBD,RAZORBACK ROAD,,Serious Crash,Yes,2006,0,South,0,0,0,Flat,1,,0,,0,Dark,842401,3,0,0,2,0,0,0,0,0,,0,0,Waikato Region,Motorway ramp,2-way,Sealed,0,0,1,0,50,0,On,0,0,,13,Waikato District,Give way,0,0,0,0,0,0,Urban,0,0,0,Mist or Fog,Null
1762340,5913409,22858,,520402,0,,0,2,,South,2005/2006,SH 1N,PENROSE OBR,,Minor Crash,Yes,2006,,South,,0,,Flat,,,,,,Twilight,642200,1,0,0,4,,,0,,,,,,Auckland Region,Nil,1-way,Sealed,,0,0,,100,,Off,0,0,,76,Auckland,Nil,,,,,0,0,Open,1,,,Fine,Null
1756537,5912553,22859,,518702,0,,0,1,,Null,2006/2007,HILLSBOROUGH ROAD,CARLTON ST,,Minor Crash,No,2006,,South,,0,,Hill Road,,,,,,Overcast,570600,1,0,0,4,,,0,,,,,,Auckland Region,Nil,2-way,Sealed,,0,0,,50,,Off,0,0,,76,Auckland,Stop,,,,,1,0,Urban,0,,,Fine,Null
1763561,5904744,22860,,524604,0,0,0,1,0,North,2005/2006,SH 20,PUHINUI ON NBD,,Serious Crash,Yes,2006,0,North,0,0,0,Flat,1,,0,,0,Bright sun,780902,1,0,0,2,0,0,0,0,0,,0,0,Auckland Region,Nil,1-way,Sealed,0,0,2,0,80,0,Off,1,0,,76,Auckland,Nil,0,0,0,0,0,0,Open,0,0,0,Fine,Null
1753281,5935217,22861,,508704,0,0,0,0,0,Null,2006/2007,OTEHA VALLEY ROAD,MEDALLION DRIVE,,Serious Crash,No,2006,0,West,0,0,0,Flat,0,,0,,1,Bright sun,179110,0,0,1,4,0,0,0,0,0,,0,1,Auckland Region,Nil,2-way,Sealed,0,0,1,0,60,0,Off,0,0,,76,Auckland,Give way,0,0,0,0,0,0,Urban,0,0,0,Fine,Null
1757189,5919862,22862,,514103,0,,0,1,,East,2006/2007,MAYORAL DRIVE,QUEEN ST,,Minor Crash,No,2006,,East,,0,,Hill Road,,,,,,Bright sun,436100,1,0,0,4,,,0,,,1,,,Auckland Region,Nil,2-way,Sealed,,0,0,,50,,Off,0,0,,76,Auckland,Traffic Signals,,,,,0,0,Urban,0,,,Fine,Null
1903569,5747432,22863,,538841,0,,0,1,,South,2005/2006,SH 38,DUN ROAD,,Fatal Crash,Yes,2006,,South,,1,,Flat,,,,,,Bright sun,1260202,2,0,0,2,,,0,,,,,,Waikato Region,Nil,2-way,Sealed,,0,0,,100,,None,0,0,,24,Rotorua District,Nil,,,,,1,0,Open,0,,,Fine,Null
1758068,5920688,22864,,514103,0,0,0,1,0,Null,2006/2007,TANGIHUA ST,BEACH ROAD,,Minor Crash,No,2006,0,North,0,0,0,Flat,0,,0,,0,Dark,438301,1,0,0,4,0,0,0,0,0,,0,0,Auckland Region,Nil,2-way,Sealed,0,0,0,0,50,0,On,0,0,,76,Auckland,Nil,1,0,0,1,0,0,Urban,0,0,0,Fine,Null
1770885,5911491,22865,,523109,0,,0,3,,South,2005/2006,CHAPEL ROAD,KILIMANJARO DRIVE,,Minor Crash,No,2006,,North,,0,,Flat,,,,,,Overcast,3207002,1,0,0,2,,,0,,,,,,Auckland Region,Nil,2-way,Sealed,,0,0,,70,,Null,0,0,,76,Auckland,Unknown,,,,,0,0,Urban,0,,,Fine,Null
1860497,5806686,22866,,536630,0,,0,1,,South,2006/2007,SH 29,OLD KAIMAI ROAD N,,Fatal Crash,Yes,2006,,North,,2,,Flat,,,,,,Dark,1191900,0,0,0,2,,,0,,,,,,Bay of Plenty Region,Nil,2-way,Sealed,,0,0,,100,,None,0,0,,22,Western Bay of Plenty District,Nil,,,,,1,0,Open,0,,,Fine,Null
1766618,5913301,22867,,522820,0,,0,2,,East,2005/2006,PAKURANGA ROAD,TI RAKAU DRIVE,,Non-Injury Crash,No,2006,,East,,0,,Flat,,,,,,Bright sun,694800,0,0,0,6,,,0,,,,,,Auckland Region,Nil,2-way,Sealed,,0,0,,60,,Off,0,0,,76,Auckland,Nil,,,,,0,0,Urban,0,,,Fine,Null
1819679,5528783,22868,,562710,0,0,0,1,0,North,2006/2007,RONBERG ST,WILSON CRESCENT,,Minor Crash,No,2006,0,North,0,0,0,Flat,0,,0,,0,Dark,1820000,1,0,0,2,0,0,0,0,1,,0,0,Manawatū-Whanganui Region,Nil,2-way,Sealed,0,0,0,0,50,0,On,0,1,,40,Palmerston North City,Nil,0,0,0,0,0,0,Urban,1,0,0,Fine,Null
1424731,4966081,22869,,601301,0,0,0,1,0,North,2005/2006,HORSE RANGE ROAD,WALSH ROAD,,Minor Crash,No,2006,0,South,0,0,1,Hill Road,0,,0,,0,Overcast,2854300,2,0,0,2,0,0,0,1,0,,0,0,Otago Region,Nil,2-way,Sealed,0,0,0,0,100,0,Null,0,0,,68,Waitaki District,Unknown,0,0,0,1,0,0,Open,0,0,0,Fine,Null
1752068,5915664,22870,,517901,0,,0,2,,Null,2005/2006,NEW NORTH ROAD,ENNISMORE ROAD,,Non-Injury Crash,No,2006,,South,,0,,Flat,,,,,,Overcast,523800,0,0,0,4,,,0,,,,,,Auckland Region,Nil,2-way,Sealed,,0,0,,50,,Null,0,0,,76,Auckland,Stop,,,,,0,0,Urban,0,,,Light rain,Null
1762696,5914940,22871,,520302,0,,0,3,,West,2005/2006,ELLERSLIE-PANMURE HIGHWAY,HARRISON ROAD,,Minor Crash,No,2006,,West,,0,,Flat,,,,,,Overcast,625104,1,0,0,4,,,0,,,,,,Auckland Region,Nil,2-way,Sealed,,0,0,,50,,Off,0,0,,76,Auckland,Nil,,,,,0,0,Urban,0,,,Light rain,Null
1754030,5931358,22872,,508803,0,,0,2,,Null,2005/2006,SH 18,UPPER HWY OFF NBD W,,Non-Injury Crash,Yes,2006,,North,,0,,Hill Road,,,,,,Overcast,180818,0,0,0,2,,,0,,,,,,Auckland Region,Motorway ramp,1-way,Sealed,,0,0,,50,,Off,0,0,,76,Auckland,Give way,,,,,0,0,Urban,0,,,Fine,Null
1924562,5777992,22873,,542600,0,,0,1,,South,2005/2006,GLASGOW ST,PLUNKET ST,,Minor Crash,No,2006,,North,,0,,Flat,,,,,,Dark,1318000,1,0,0,2,,,0,,,,,,Bay of Plenty Region,Nil,2-way,Sealed,,0,0,,50,,On,0,0,,26,Kawerau District,Unknown,,,,,0,0,Urban,1,,,Fine,Null
1742272,5999700,22874,,505021,0,,0,0,,North,2005/2006,TOMARATA ROAD,MANGAWHAI ROAD,,Minor Crash,No,2006,,North,,0,,Hill Road,,,,,,Bright sun,135202,2,0,1,2,,,0,,,,,,Northland Region,Nil,2-way,Sealed,,0,0,,100,,None,0,0,50,3,Kaipara District,Nil,,,,,0,0,Open,0,,,Fine,Null
1748824,5917591,22875,,514801,0,,0,2,,Null,2006/2007,TIMOTHY PLACE,ROSEBANK ROAD,,Minor Crash,No,2006,,North,,0,,Flat,,,,,,Bright sun,389400,1,0,0,2,,,0,,,,,,Auckland Region,Nil,2-way,Sealed,,0,0,,50,,Off,0,0,,76,Auckland,Give way,,,,,1,0,Urban,0,,,Fine,Null
1243182,4847797,22876,,611700,0,0,0,1,0,East,2006/2007,SELWYN ST,CONON ST,,Minor Crash,No,2006,0,West,0,0,0,Flat,0,,0,,0,Overcast,3113100,1,0,0,2,0,0,0,0,1,,0,0,Southland Region,Nil,2-way,Sealed,0,0,0,0,50,0,Null,1,0,,75,Invercargill City,Unknown,0,0,0,0,0,0,Urban,0,0,0,Fine,Null
1858621,5845594,22877,,536614,0,,0,0,,West,2006/2007,HIKURANGI ROAD,SH 2,,Minor Crash,No,2006,,East,,0,,Flat,,,,,,Twilight,1181704,1,0,1,2,,,0,,,,,,Bay of Plenty Region,Nil,2-way,Sealed,,0,0,,50,,None,1,0,,22,Western Bay of Plenty District,Unknown,,,,,0,0,Urban,0,,,Fine,Null
1759581,5909715,22878,,524002,0,0,0,1,0,North,2005/2006,SH 20,WALMSLEY OBR,,Minor Crash,Yes,2006,0,North,0,0,0,Flat,1,,0,,0,Bright sun,722301,1,0,0,2,0,0,0,0,0,,0,0,Auckland Region,Nil,1-way,Sealed,0,0,0,0,100,0,Off,0,0,,76,Auckland,Nil,0,0,0,0,0,0,Open,0,0,0,Fine,Null
1740498,5922865,22879,,513701,0,,0,2,,South,2006/2007,RED HILLS ROAD,NIXON ROAD,,Minor Crash,No,2006,,South,,0,,Flat,,,,,,Bright sun,229800,2,0,0,2,,,0,,,,,,Auckland Region,Nil,2-way,Sealed,,0,0,,70,,None,0,0,,76,Auckland,Nil,,,,,0,0,Urban,0,,,Fine,Null
1751161,5915891,22880,,514401,0,,0,2,,North,2006/2007,GREAT NORTH ROAD,VICTOR ST,,Serious Crash,No,2006,,North,,0,,Flat,,,,,,Overcast,383400,0,0,0,4,,,0,,,,,,Auckland Region,Nil,2-way,Sealed,,0,1,,50,,Null,0,0,,76,Auckland,Give way,,,,,0,0,Urban,0,,,Fine,Null
1827825,5831761,22881,,534604,0,0,0,1,0,North,2005/2006,SH 26,ALLEN ROAD,,Minor Crash,Yes,2006,0,North,1,0,0,Flat,0,,0,,0,Bright sun,1092700,1,0,0,2,0,0,0,0,0,,0,0,Waikato Region,Nil,2-way,Sealed,0,0,0,0,100,0,Null,0,0,,15,Matamata-Piako District,Unknown,0,0,0,0,0,0,Open,0,0,0,Mist or Fog,Null
1750274,5949434,22882,,505805,0,0,0,1,0,East,2005/2006,GRAND DRIVE,MAIRE ROAD,,Minor Crash,No,2006,0,East,0,0,0,Flat,0,,0,,0,Overcast,176403,2,0,0,1,0,0,0,0,0,,0,0,Auckland Region,Nil,2-way,Sealed,0,0,0,0,50,0,Off,1,0,,76,Auckland,Nil,1,0,0,0,0,0,Urban,0,0,0,Fine,Null
1878697,5818833,22883,,537900,0,,0,1,,North,2005/2006,OHAUITI ROAD,POIKE ROAD,,Minor Crash,No,2006,,South,,0,,Hill Road,,,,,,Bright sun,1179605,1,0,0,3,,,0,,,1,,,Bay of Plenty Region,Nil,2-way,Sealed,,0,0,,50,,Off,0,0,,23,Tauranga City,Nil,,,,,0,0,Urban,0,,,Fine,Null
1817161,5782212,22884,,528000,0,0,0,1,1,East,2005/2006,ARAPUNI ROAD,MONCKTON ROAD,,Serious Crash,No,2006,0,West,0,0,0,Hill Road,0,,0,,0,Overcast,991301,0,0,0,2,0,0,0,0,0,,0,0,Waikato Region,Nil,2-way,Sealed,0,0,1,0,100,0,Null,0,0,,17,Waipa District,Nil,0,0,0,0,0,0,Open,0,0,0,Fine,Null
1928437,5606954,22885,,547800,0,,0,2,,Null,2006/2007,FRIMLEY AVENUE,IKANUI ROAD,,Minor Crash,No,2006,,East,,0,,Flat,,,,,,Bright sun,1476900,1,0,0,2,,,0,,,,,,Hawke's Bay Region,Nil,2-way,Sealed,,0,0,,50,,Null,0,0,,30,Hastings District,Give way,,,,,0,0,Urban,0,,,Fine,Null
1757301,5926966,22886,,507900,0,,0,3,,East,2006/2007,ANZAC ST,TAHAROTO ROAD,,Minor Crash,No,2006,,West,,0,,Flat,,,,,,Bright sun,305000,2,0,0,4,,,0,,,,,,Auckland Region,Nil,2-way,Sealed,,0,0,,50,,Off,0,0,,76,Auckland,Nil,,,,,0,0,Urban,0,,,Fine,Null
1704146,6018114,22887,50,501811,0,,0,1,,South,2005/2006,PAIAWA ROAD,MITITAI ROAD,,Minor Crash,No,2006,,North,,0,,Flat,,,,,,Overcast,77000,1,0,0,2,,,0,,,,,,Northland Region,Nil,2-way,Unsealed,,0,0,,100,,Null,0,0,,2,Whangarei District,Unknown,,,,,0,0,Open,1,,,Fine,Null
1745291,5919751,22888,,513301,0,,0,2,,West,2005/2006,UNIVERSAL DRIVE,LINCOLN ROAD,,Minor Crash,No,2006,,West,,0,,Flat,,,,,,Overcast,232001,1,0,0,4,,,0,,,,,,Auckland Region,Nil,2-way,Sealed,,0,0,,50,,Off,0,0,,76,Auckland,Nil,,,,,0,0,Urban,0,,,Fine,Null
1706412,5682736,22889,,551301,0,0,0,1,0,Null,2005/2006,HIGH ST WEST,BROADWAY,,Minor Crash,No,2006,0,West,0,0,0,Flat,0,,0,,0,Bright sun,1548400,1,0,0,2,0,0,0,0,0,,0,1,Taranaki Region,Nil,2-way,Sealed,0,0,0,0,50,0,Null,0,0,,33,New Plymouth District,Give way,0,0,0,1,0,0,Urban,0,0,0,Fine,Null
1430427,4997079,22890,,600826,0,0,0,1,0,North,2005/2006,SH 1S,MAHENO-KAKANUI ROAD,,Minor Crash,Yes,2006,0,North,0,0,1,Flat,0,Easter,0,,0,Dark,2831800,1,0,0,2,0,0,0,1,0,,0,0,Otago Region,Nil,2-way,Sealed,0,0,0,0,100,0,None,0,0,,68,Waitaki District,Unknown,0,0,0,0,0,0,Open,0,0,0,Mist or Fog,Null
1406435,4913768,22891,,605500,0,,0,2,,Null,2005/2006,RICHARDSON ST,AJAX ST,,Serious Crash,No,2006,,West,,0,,Flat,,,,,,Overcast,2948300,1,0,0,2,,,0,,,,,,Otago Region,Nil,2-way,Sealed,,0,1,,50,,Null,0,0,,71,Dunedin City,Stop,,,,,0,0,Urban,0,,,Fine,Null
1866658,5810945,22892,,536630,0,0,0,0,1,North,2005/2006,SH 29,SOLDIERS ROAD,,Minor Crash,Yes,2006,0,North,0,0,0,Hill Road,0,,0,,0,Dark,1191500,3,0,0,3,0,0,0,0,0,,0,0,Bay of Plenty Region,Nil,2-way,Sealed,0,0,0,0,100,0,Off,1,0,,22,Western Bay of Plenty District,Nil,0,0,0,0,0,0,Open,0,0,0,Fine,Frost
1759999,5905785,22893,,524200,0,0,0,0,0,East,2005/2006,NAYLORS DRIVE,CHAYWARD PLACE,,Fatal Crash,No,2006,0,East,0,1,1,Flat,0,,0,,0,Bright sun,728608,0,0,1,2,0,0,0,0,0,,0,0,Auckland Region,Nil,2-way,Sealed,0,0,1,0,50,0,Off,0,0,,76,Auckland,Nil,0,0,0,0,0,0,Urban,0,0,0,Fine,Null
1763404,5436987,22894,,568302,0,,0,1,,Null,2005/2006,NAENAE ROAD,SEDDON ST,,Serious Crash,No,2006,,West,,0,,Flat,,,,,,Overcast,1954300,0,0,0,2,,,0,,,1,,,Wellington Region,Nil,2-way,Sealed,,0,1,,50,,Null,0,0,,46,Lower Hutt City,Give way,,,,,0,0,Urban,0,,,Light rain,Null
1686785,6095492,22895,,501633,0,0,0,1,0,North,2005/2006,SH 10,WAKELIN ROAD,,Non-Injury Crash,Yes,2006,0,South,0,0,0,Flat,0,,0,,0,Dark,34302,0,0,0,2,0,0,0,0,0,,0,0,Northland Region,Nil,2-way,Sealed,0,0,0,0,100,0,None,0,0,,1,Far North District,Nil,0,0,0,1,0,0,Open,0,0,0,Fine,Null
1717417,6055303,22896,,502001,0,0,0,1,0,North,2005/2006,SH 1N,SALEYARDS ROAD N,,Minor Crash,Yes,2006,0,South,0,0,1,Flat,0,,0,,0,Dark,64200,1,0,0,2,0,0,0,0,0,,0,1,Northland Region,Nil,2-way,Sealed,0,0,0,0,100,0,None,0,0,,2,Whangarei District,Nil,0,0,0,0,0,0,Open,0,0,0,Fine,Null
1768494,5909161,22897,,523113,0,,0,0,,North,2006/2007,SPRINGS ROAD,KERWYN AVENUE,,Minor Crash,No,2006,,North,,0,,Flat,,,,,,Bright sun,711809,1,0,1,2,,,0,,,,,,Auckland Region,Nil,2-way,Sealed,,0,0,,60,,Off,0,0,,76,Auckland,Nil,,,,,1,0,Urban,0,,,Fine,Null
1406242,4916850,22898,,603000,0,,0,1,,South,2005/2006,PRINCES ST,OCTAGON,,Serious Crash,No,2006,,South,,0,,Flat,,,,,,Dark,2899900,0,0,0,2,,,0,,,1,,,Otago Region,Nil,2-way,Sealed,,0,1,,30,,On,0,0,,71,Dunedin City,Unknown,,,,,0,0,Urban,0,,,Fine,Null
1772817,5897090,22899,,525420,0,,0,2,,Null,2005/2006,OLD WAIROA ROAD,VIEW ROAD,,Non-Injury Crash,No,2006,,West,,0,,Flat,,,,,,Overcast,792602,0,0,0,2,,,0,,,,,,Auckland Region,Nil,2-way,Sealed,,0,0,,50,,Off,0,0,,76,Auckland,Give way,,,,,0,0,Urban,0,,,Fine,Null
1743161,5912935,22900,,512902,0,0,0,1,0,West,2006/2007,WEST COAST ROAD,KELLYS ROAD,,Minor Crash,No,2006,0,South,0,0,0,Flat,0,,0,,0,Overcast,279300,1,0,0,2,0,0,0,1,0,,0,1,Auckland Region,Nil,2-way,Sealed,0,0,0,0,70,0,Off,0,0,,76,Auckland,Nil,0,0,0,1,0,0,Urban,0,0,0,Light rain,Null
1565418,5180023,22901,,590100,1,,0,1,,Null,2005/2006,RICCARTON ROAD,YALDHURST ROAD,,Minor Crash,No,2006,,West,,0,,Flat,,,,,,Bright sun,2542500,1,0,0,2,,,0,,,,,,Canterbury Region,Nil,2-way,Sealed,,0,0,,50,,Null,0,0,,60,Christchurch City,Give way,,,,,0,0,Urban,0,,,Fine,Null
1465149,5112941,22902,,598312,0,0,0,1,0,North,2006/2007,SH 1S,OLD MAIN SOUTH ROAD,,Minor Crash,Yes,2006,0,South,0,0,0,Flat,0,,0,,1,Dark,2762000,1,0,0,2,0,0,0,0,0,,0,0,Canterbury Region,Nil,2-way,Sealed,0,0,0,0,100,0,On,0,0,,64,Timaru District,Unknown,0,0,0,0,0,0,Open,0,0,0,Fine,Null
1750388,5914436,22903,,511303,0,,0,2,,West,2006/2007,GREAT NORTH ROAD,PORTAGE ROAD,,Minor Crash,No,2006,,East,,0,,Flat,,,,,,Overcast,266200,3,0,0,4,,,0,,,,,,Auckland Region,Nil,2-way,Sealed,,0,0,,50,,Off,0,0,,76,Auckland,Nil,,,,,0,0,Urban,0,,,Fine,Null
1762110,5920360,22904,,516400,0,0,0,2,0,East,2006/2007,TAMAKI DRIVE,KITEMOANA ST,,Minor Crash,No,2006,0,North,0,0,0,Flat,0,,0,,0,Dark,498700,1,0,0,2,0,0,0,0,1,,0,0,Auckland Region,Nil,2-way,Sealed,0,0,0,0,50,0,On,0,0,,76,Auckland,Nil,0,0,0,0,0,0,Urban,0,0,0,Fine,Null
1240382,4906393,22905,65,610040,0,0,0,1,0,South,2006/2007,SH 6,DIPTON-CASTLEROCK ROAD,,Minor Crash,Yes,2006,0,South,0,0,0,Flat,1,,0,,0,Twilight,3070700,1,0,0,2,0,0,0,0,0,,0,0,Southland Region,Nil,2-way,Sealed,0,0,0,0,100,0,None,0,0,,73,Southland District,Unknown,0,0,0,0,0,0,Open,0,0,0,Fine,Null
1745742,5910402,22906,,512700,0,,0,2,,South,2006/2007,WOODLANDS PARK ROAD,BOYLAN ROAD,,Non-Injury Crash,No,2006,,South,,0,,Hill Road,,,,,,Bright sun,301300,0,0,0,2,,,0,,,,,,Auckland Region,Nil,2-way,Sealed,,0,0,,50,,Off,0,0,,76,Auckland,Nil,,,,,0,0,Urban,0,,,Fine,Null
1929540,5633020,22907,,545811,0,0,0,1,0,West,2006/2007,SH 5,SHAW ROAD,,Serious Crash,Yes,2006,0,East,0,0,0,Flat,0,Christmas New Year,0,,0,Overcast,1414700,0,0,0,2,0,0,0,0,0,,0,0,Hawke's Bay Region,Nil,2-way,Sealed,0,0,1,0,100,0,Null,0,0,,30,Hastings District,Nil,0,0,0,1,0,0,Open,0,0,0,Light rain,Null
1930782,5605407,22908,,548200,0,,0,1,,South,2006/2007,KARAMU ROAD NORTH,CHARLOTTE CRESCENT,,Serious Crash,No,2006,,North,,0,,Flat,,,,,,Twilight,1494300,0,0,0,2,,,0,,,1,,,Hawke's Bay Region,Nil,2-way,Sealed,,0,1,,50,,Off,0,0,,30,Hastings District,Nil,,,,,0,0,Urban,0,,,Fine,Null
1758732,5926125,22909,,508020,0,,0,2,,East,2006/2007,LAKE ROAD,JUTLAND ROAD,,Non-Injury Crash,No,2006,,West,,0,,Flat,,,,,,Bright sun,321200,0,0,0,3,,,0,,,,,,Auckland Region,Nil,2-way,Sealed,,0,0,,50,,Null,0,0,,76,Auckland,Traffic Signals,,,,,0,0,Urban,1,,,Fine,Null
1800777,5815705,22910,,529700,0,,0,1,,North,2005/2006,VICTORIA ST,BRYCE LANE,,Non-Injury Crash,No,2006,,South,,0,,Flat,,,,,,Overcast,910500,0,0,0,4,,,0,,,,,,Waikato Region,Nil,2-way,Sealed,,0,0,,50,,Null,1,0,,16,Hamilton City,Nil,,,,,0,0,Urban,0,,,Fine,Null