X,Y,OBJECTID,advisorySpeed,areaUnitID,bicycle,bridge,bus,carStationWagon,cliffBank,crashDirectionDescription,crashFinancialYear,crashLocation1,crashLocation2,crashRoadSideRoad,crashSeverity,crashSHDescription,crashYear,debris,directionRoleDescription,ditch,fatalCount,fence,flatHill,guardRail,holiday,houseOrBuilding,intersection,kerb,light,meshblockId,minorInjuryCount,moped,motorcycle,NumberOfLanes,objectThrownOrDropped,otherObject,otherVehicleType,overBank,parkedVehicle,pedestrian,phoneBoxEtc,postOrPole,region,roadCharacter,roadLane,roadSurface,roadworks,schoolBus,seriousInjuryCount,slipOrFlood,speedLimit,strayAnimal,streetLight,suv,taxi,temporarySpeedLimit,tlaId,tlaName,trafficControl,trafficIsland,trafficSign,train,tree,truck,unknownVehicleType,urban,vanOrUtility,vehicle,waterRiver,weatherA,weatherB
1871031,5823503,22911,,536620,0,0,0,1,1,East,2005/2006,SH 2,TE PUNA ROAD,,Minor Crash,Yes,2006,0,East,0,0,0,Hill Road,0,,0,,0,Bright sun,1189602,1,0,0,2,0,0,0,0,0,,0,0,Bay of Plenty Region,Nil,2-way,Sealed,0,0,0,0,80,0,Null,0,0,,22,Western Bay of Plenty District,Unknown,0,0,0,0,0,0,Open,0,0,0,Fine,Null
1754342,5911340,22912,,519001,0,0,1,1,1,Null,2006/2007,HILLSBOROUGH ROAD,CAPE HORN ROAD,,Minor Crash,No,2006,0,West,0,0,1,Hill Road,0,,0,,0,Overcast,589205,1,0,0,1,0,0,0,0,0,,0,0,Auckland Region,Nil,2-way,Sealed,0,0,0,0,50,0,Off,0,0,,76,Auckland,Nil,0,0,0,0,0,0,Urban,0,0,0,Light rain,Null
1923491,5596659,22913,75,545851,0,0,0,1,1,South,2006/2007,SH 2,STOCK ROAD,,Non-Injury Crash,Yes,2006,0,South,0,0,0,Hill Road,0,,0,,0,Overcast,1463900,0,0,0,2,0,0,0,0,0,,0,0,Hawke's Bay Region,Nil,2-way,Sealed,0,0,0,0,100,0,Null,0,0,,30,Hastings District,Nil,0,0,0,0,0,0,Open,0,0,0,Fine,Null
1823094,5828980,22914,,534902,0,0,0,2,0,Null,2005/2006,SH 26,STUDHOLME ST,,Non-Injury Crash,Yes,2006,0,South,0,0,0,Flat,0,,0,,1,Bright sun,1088100,0,0,0,2,0,0,0,0,0,,0,0,Waikato Region,Nil,2-way,Sealed,0,0,0,0,50,0,Null,0,0,,15,Matamata-Piako District,Give way,0,0,0,0,0,0,Urban,0,0,0,Fine,Null
1691718,5674612,22915,,551700,0,,0,4,,Null,2005/2006,TUKAPA ST,PRICE ST,,Minor Crash,No,2006,,North,,0,,Flat,,,,,,Bright sun,1575100,1,0,0,2,,,0,,,,,,Taranaki Region,Nil,2-way,Sealed,,0,0,,50,,Null,0,0,,33,New Plymouth District,Nil,,,,,0,0,Urban,0,,,Fine,Null
1756648,5919453,22916,,514200,0,,1,1,,West,2006/2007,KARANGAHAPE ROAD,EAST ST,,Minor Crash,No,2006,,West,,0,,Flat,,,,,,Bright sun,412000,1,0,0,4,,,0,,,,,,Auckland Region,Nil,2-way,Sealed,,0,0,,50,,Off,0,0,,76,Auckland,Nil,,,,,0,0,Urban,0,,,Fine,Null
1760129,5915527,22917,,519400,0,0,0,0,0,South,2006/2007,GREAT SOUTH ROAD,ATARANGI ROAD,,Non-Injury Crash,No,2006,0,North,0,0,0,Flat,0,,0,,0,Bright sun,617100,0,0,0,4,0,0,0,0,1,,0,0,Auckland Region,Nil,2-way,Sealed,0,0,0,0,50,0,Off,1,0,,76,Auckland,Nil,0,0,0,0,0,0,Urban,1,0,0,Fine,Null
1242289,4851958,22918,,610800,0,,0,2,,South,2006/2007,SH 6,BAY ROAD,,Minor Crash,Yes,2006,,North,,0,,Flat,,,,,,Bright sun,3117200,1,0,0,4,,,0,,,,,,Southland Region,Nil,2-way,Sealed,,0,0,,50,,Null,0,0,,75,Invercargill City,Unknown,,,,,0,0,Urban,1,,,Fine,Null
1756131,5934881,22919,,507200,0,0,0,1,0,Null,2006/2007,BEECHWOOD ROAD,MIRWILL ROAD,,Minor Crash,No,2006,0,East,0,0,0,Flat,0,,1,,0,Dark,157800,1,0,0,2,0,0,0,0,0,,0,0,Auckland Region,Nil,2-way,Sealed,0,0,0,0,50,0,On,0,0,,76,Auckland,Nil,0,1,0,0,0,0,Urban,0,0,0,Fine,Null
1797380,5814738,22920,35,528601,0,0,0,1,0,West,2006/2007,DINSDALE ROAD,THOMSON AVENUE,,Minor Crash,No,2006,0,East,0,0,1,Flat,0,,0,,1,Dark,920701,2,0,0,2,0,0,0,0,0,,0,0,Waikato Region,Nil,2-way,Sealed,0,0,0,0,50,0,On,0,0,,16,Hamilton City,Nil,0,0,0,0,0,0,Urban,0,0,0,Fine,Null
1827085,5885265,22921,,533502,0,0,0,0,0,South,2005/2006,PARAWAI ROAD,HEREWAKA ST,,Non-Injury Crash,No,2006,0,South,0,0,0,Flat,0,,0,,0,Twilight,1055300,0,0,0,2,0,0,0,0,0,,0,0,Waikato Region,Nil,2-way,Sealed,0,0,0,0,50,0,Off,1,0,,11,Thames-Coromandel District,Unknown,0,0,0,1,0,0,Urban,0,0,0,Fine,Null
1634896,5285664,22922,55,585601,0,0,0,0,0,North,2005/2006,SH 1S,CONWAY RIV BR,,Minor Crash,Yes,2006,0,North,0,0,0,Hill Road,1,,0,,0,Overcast,2310702,1,0,1,2,0,0,0,0,0,,0,0,Canterbury Region,Nil,2-way,Sealed,0,0,0,0,100,0,Null,0,0,,58,Hurunui District,Unknown,0,0,0,0,0,0,Open,0,0,0,Fine,Null
1816853,5782229,22923,,528000,0,0,0,1,0,East,2005/2006,ARAPUNI ROAD,MONCKTON ROAD,,Minor Crash,No,2006,0,West,0,0,1,Flat,0,,0,,0,Overcast,991301,1,0,0,2,0,0,0,0,0,,0,0,Waikato Region,Nil,2-way,Sealed,0,0,0,0,100,0,None,0,0,,17,Waipa District,Nil,0,0,0,0,0,0,Open,0,0,0,Fine,Null
1806858,5811275,22924,,527131,0,,0,1,,South,2006/2007,SH 1N,BOLLARD ROAD,,Serious Crash,Yes,2006,,North,,0,,Flat,,,,,,Bright sun,960300,1,0,0,5,,,0,,,,,,Waikato Region,Nil,2-way,Sealed,,0,1,,100,,Null,0,0,,13,Waikato District,Nil,,,,,0,0,Open,1,,,Fine,Null
1951787,5792233,22925,,542410,0,0,0,1,1,East,2006/2007,MURIWAI DRIVE,MATAATUA ST,,Non-Injury Crash,No,2006,0,West,0,0,0,Flat,0,,0,,0,Dark,1304900,0,0,0,1,0,0,0,0,0,,0,0,Bay of Plenty Region,Nil,2-way,Sealed,0,0,0,0,50,0,On,0,0,,25,Whakatane District,Nil,0,0,0,0,0,0,Urban,0,0,0,Fine,Null
1754253,5945178,22926,,505907,0,,0,2,,Null,2005/2006,WHANGAPARAOA ROAD,BRIGHTSIDE ROAD,,Minor Crash,No,2006,,East,,0,,Hill Road,,,,,,Overcast,173407,1,0,0,1,,,0,,,,,,Auckland Region,Nil,2-way,Sealed,,0,0,,50,,Off,0,0,,76,Auckland,Stop,,,,,0,0,Urban,0,,,Light rain,Null
1802759,5814370,22927,,530200,0,0,0,3,0,North,2005/2006,GALLOWAY ST,ALBERT ST,,Non-Injury Crash,No,2006,0,South,0,0,0,Flat,0,,0,,0,Bright sun,892200,0,0,0,2,0,0,0,0,3,,0,0,Waikato Region,Nil,2-way,Sealed,0,0,0,0,50,0,Null,1,0,,16,Hamilton City,Unknown,0,0,0,0,0,0,Urban,0,0,0,Fine,Null
1572589,5184748,22928,,590507,0,,0,2,,Null,2005/2006,SH 74,MARSHLAND ROAD,,Minor Crash,Yes,2006,,South,,0,,Flat,,,,,,Twilight,2505701,1,0,0,2,,,0,,,1,,,Canterbury Region,Nil,2-way,Sealed,,0,0,,80,,Off,0,0,,60,Christchurch City,Give way,,,,,0,0,Open,0,,,Fine,Null
1887480,5772467,22929,,538732,0,,1,1,,Null,2005/2006,LONG MILE ROAD,TARAWERA ROAD,,Non-Injury Crash,No,2006,,South,,0,,Hill Road,,,,,,Overcast,1255600,0,0,0,2,,,0,,,,,,Bay of Plenty Region,Nil,2-way,Sealed,,0,0,,50,,Null,0,0,,24,Rotorua District,Give way,,,,,0,0,Urban,0,,,Light rain,Null
1756027,5921058,22930,,515202,0,0,0,1,0,North,2006/2007,SH 1N,FANSHAWE ON NBD,,Minor Crash,Yes,2006,0,North,0,0,0,Hill Road,1,,0,,0,Dark,425600,2,0,0,2,0,0,0,0,0,,0,0,Auckland Region,Nil,1-way,Sealed,0,0,0,0,80,0,On,0,0,,76,Auckland,Nil,0,0,0,0,0,0,Open,0,0,0,Light rain,Null
1958295,5788860,22931,,541900,0,0,0,1,0,East,2005/2006,HARBOUR ROAD,GOODWIN PARADE,,Non-Injury Crash,No,2006,0,East,0,0,0,Flat,0,,0,,0,Dark,1296804,0,0,0,2,0,0,0,0,2,,0,0,Bay of Plenty Region,Nil,2-way,Sealed,0,0,0,0,50,0,On,1,0,,25,Whakatane District,Unknown,0,0,0,0,0,0,Urban,1,0,0,Fine,Null
1746785,5921443,22932,,512201,0,,0,2,,Null,2005/2006,TAIKATA ROAD,NEIL AVENUE,,Non-Injury Crash,No,2006,,West,,0,,Flat,,,,,,Bright sun,248100,0,0,0,2,,,0,,,,,,Auckland Region,Nil,2-way,Sealed,,0,0,,50,,Off,0,0,,76,Auckland,Nil,,,,,0,0,Urban,0,,,Fine,Null
1763987,5912088,22933,,520500,0,,0,1,,Null,2005/2006,MOUNT WELLINGTON HIGHWAY,VESTEY DRIVER,,Non-Injury Crash,No,2006,,East,,0,,Flat,,,,,,Bright sun,637701,0,0,0,2,,,0,,,,,,Auckland Region,Nil,2-way,Sealed,,0,0,,50,,Off,0,0,,76,Auckland,Give way,,,,,0,0,Urban,1,,,Fine,Null
1768792,5900951,22934,,525001,0,,0,1,,South,2005/2006,GREAT SOUTH ROAD,HALVER ROAD,,Minor Crash,No,2006,,North,,0,,Flat,,,,,,Dark,751600,1,0,0,2,,,0,,,1,,,Auckland Region,Nil,2-way,Sealed,,0,0,,50,,On,0,0,,76,Auckland,Nil,,,,,0,0,Urban,0,,,Fine,Null
1745436,5917249,22935,,510800,0,,0,2,,South,2005/2006,RAILSIDE AVENUE,GREAT NORTH ROAD,,Non-Injury Crash,No,2006,,South,,0,,Flat,,,,,,Overcast,242700,0,0,0,2,,,0,,,,,,Auckland Region,Nil,2-way,Sealed,,0,0,,50,,Null,0,0,,76,Auckland,Traffic Signals,,,,,0,0,Urban,0,,,Fine,Null
1767548,5905529,22936,,523722,0,,0,2,,North,2005/2006,SH 1N,TE IRIRANGI OBR,,Non-Injury Crash,Yes,2006,,South,,0,,Flat,,,,,,Bright sun,715701,0,0,0,3,,,0,,,,,,Auckland Region,Nil,1-way,Sealed,,0,0,,100,,Off,0,0,,76,Auckland,Nil,,,,,0,0,Open,0,,,Fine,Null
1892130,5783543,22937,,538820,0,,0,2,,South,2005/2006,SH 33,NGARETA ROAD,,Non-Injury Crash,Yes,2006,,North,,0,,Hill Road,,,,,,Bright sun,1252400,0,0,0,2,,,0,,,,,,Bay of Plenty Region,Nil,2-way,Sealed,,0,0,,70,,Null,0,0,,24,Rotorua District,Unknown,,,,,0,0,Urban,0,,,Fine,Null
1815391,5776329,22938,,531304,0,,0,1,,Null,2005/2006,BAYLEY ROAD,LETHBRIDGE ROAD,,Non-Injury Crash,No,2006,,South,,0,,Flat,,,,,,Twilight,999700,0,0,0,2,,,0,,,,,,Waikato Region,Nil,2-way,Sealed,,0,0,,100,,None,0,0,,18,Ōtorohanga District,Nil,,,,,0,0,Open,0,,,Fine,Null
1750368,5946427,22939,,506001,0,,0,1,,Null,2005/2006,HIBISCUS COAST HIGHWAY,TITAN PLACE,,Minor Crash,No,2006,,West,,0,,Flat,,,,,,Dark,175501,1,0,0,4,,,0,,,,,,Auckland Region,Nil,2-way,Sealed,,0,0,,80,,Off,0,0,,76,Auckland,Nil,,,,,1,0,Open,0,,,Heavy rain,Null
1709072,6085763,22940,,501620,0,,0,0,,North,2006/2007,WAIKARE ROAD,WHAAKAURAU VALLEY ROAD,,Non-Injury Crash,No,2006,,South,,0,,Hill Road,,,,,,Bright sun,48602,0,0,0,2,,,0,,,,,,Northland Region,Nil,2-way,Unsealed,,0,0,,100,,None,0,0,,1,Far North District,Nil,,,,,1,0,Open,1,,,Fine,Null
1885249,5774213,22941,,540410,0,,0,2,,East,2006/2007,ARAWA ST,FENTON ST,,Non-Injury Crash,No,2006,,West,,0,,Flat,,,,,,Overcast,1233500,0,0,0,2,,,0,,,,,,Bay of Plenty Region,Nil,2-way,Sealed,,0,0,,50,,Null,0,0,,24,Rotorua District,Unknown,,,,,0,0,Urban,0,,,Heavy rain,Null
1757027,5919447,22942,,514103,0,,0,2,,North,2006/2007,QUEEN ST,KARANGAHAPE ROAD,,Non-Injury Crash,No,2006,,North,,0,,Flat,,,,,,Dark,436401,0,0,0,4,,,0,,,,,,Auckland Region,Nil,2-way,Sealed,,0,0,,50,,On,0,1,,76,Auckland,Traffic Signals,,,,,0,0,Urban,0,,,Fine,Null
1695822,5676933,22943,,551012,0,,0,2,,West,2006/2007,SH 3,QUEENS ROAD,,Minor Crash,Yes,2006,,West,,0,,Flat,,,,,,Bright sun,1559500,1,0,1,3,,,0,,,,,,Taranaki Region,Nil,2-way,Sealed,,0,0,,50,,Null,0,0,,33,New Plymouth District,Nil,,,,,0,0,Urban,0,,,Fine,Null
1753682,5929288,22944,,508420,0,,0,0,,Null,2006/2007,WAIRAU ROAD,GLENFIELD ROAD,,Non-Injury Crash,No,2006,,South,,0,,Flat,,,,,,Overcast,183201,0,0,0,3,,,0,,,,,,Auckland Region,Nil,2-way,Sealed,,0,0,,50,,Off,0,0,,76,Auckland,Traffic Signals,,,,,0,0,Urban,2,,,Light rain,Null
1722086,6066369,22945,,501814,0,,0,0,,East,2006/2007,BYLES ROAD,WHANANAKI NORTH ROAD,,Minor Crash,No,2006,,North,,0,,Hill Road,,,,,,Bright sun,60700,2,0,0,1,,,0,,,,,,Northland Region,Nil,2-way,Unsealed,,0,0,,100,,None,1,0,,2,Whangarei District,Nil,,,,,1,0,Open,0,,,Fine,Null
1765291,5911861,22946,,520500,0,0,0,1,0,North,2005/2006,PANAMA ROAD,JOLSON ROAD W,,Non-Injury Crash,No,2006,0,West,0,0,0,Flat,0,,0,,0,Dark,634500,0,0,0,2,0,0,0,0,0,,0,1,Auckland Region,Nil,2-way,Sealed,0,0,0,0,50,0,On,0,0,,76,Auckland,Nil,0,0,0,0,0,0,Urban,0,0,0,Fine,Null
1879807,5774705,22947,,539100,0,,0,2,,North,2006/2007,PARADISE VALLEY ROAD,CLAYTON ROAD,,Serious Crash,No,2006,,South,,0,,Hill Road,,Christmas New Year,,,,Dark,1264404,4,0,0,2,,,0,,,,,,Bay of Plenty Region,Nil,2-way,Sealed,,0,2,,100,,None,0,0,,24,Rotorua District,Nil,,,,,0,0,Open,0,,,Fine,Null
1801721,5814925,22948,,530200,1,,0,1,,West,2006/2007,BRIDGE ST,VON TEMPSKY ST,,Minor Crash,No,2006,,East,,0,,Flat,,,,,,Bright sun,895000,1,0,0,2,,,0,,,,,,Waikato Region,Nil,2-way,Sealed,,0,0,,50,,Off,0,0,,16,Hamilton City,Nil,,,,,0,0,Urban,0,,,Fine,Null
1753480,5932808,22949,,508807,0,,0,1,,North,2006/2007,SH 1N,1 LINK 16,,Non-Injury Crash,Yes,2006,,North,,0,,Flat,,,,,,Bright sun,180811,0,0,0,6,,,0,,,,,,Auckland Region,Motorway ramp,2-way,Sealed,,0,0,,80,,Off,1,0,,76,Auckland,Nil,,,,,0,0,Open,0,,,Fine,Null
1761584,5918987,22950,,516400,0,,0,1,,Null,2006/2007,ORAKEI ROAD,KEPA ROAD,,Serious Crash,No,2006,,South,,0,,Flat,,,,,,Bright sun,497700,0,0,1,2,,,0,,,,,,Auckland Region,Nil,2-way,Sealed,,0,1,,50,,Off,0,0,,76,Auckland,Give way,,,,,0,0,Urban,0,,,Fine,Null
1570876,5181233,22951,,591700,1,0,0,1,0,South,2006/2007,MANCHESTER ST,BEALEY AVENUE,,Minor Crash,No,2006,0,North,0,0,0,Flat,0,,0,,0,Overcast,2654900,1,0,0,2,0,0,0,0,0,,0,1,Canterbury Region,Nil,2-way,Sealed,0,0,0,0,50,0,Null,0,0,,60,Christchurch City,Unknown,0,0,0,0,0,0,Urban,0,0,0,Fine,Null
1884246,5770668,22952,,540000,0,0,0,1,0,West,2005/2006,MOKOIA DRIVE,SH 5,,Non-Injury Crash,No,2006,0,South,0,0,1,Hill Road,0,,0,,0,Overcast,1264703,0,0,0,2,0,0,0,0,0,,0,0,Bay of Plenty Region,Nil,2-way,Sealed,0,0,0,0,50,0,Off,0,0,,24,Rotorua District,Nil,0,0,0,0,0,0,Urban,0,0,0,Null,Null
1755031,5879136,22953,,521152,0,0,0,1,0,Null,2006/2007,GLENBROOK-WAIUKU ROAD,MORLEY ROAD,,Serious Crash,No,2006,0,West,0,0,1,Flat,0,,0,,0,Dark,834100,0,0,0,2,0,0,0,0,0,,0,0,Auckland Region,Nil,2-way,Sealed,0,0,1,0,100,0,Off,0,0,,76,Auckland,Stop,0,0,0,1,0,0,Open,0,0,0,Fine,Null
1243504,4848165,22954,,611220,0,,0,1,,Null,2005/2006,NESS ST,DALRYMPLE ST,,Minor Crash,No,2006,,East,,0,,Flat,,,,,,Bright sun,3111300,3,0,0,2,,,0,,,,,,Southland Region,Nil,2-way,Sealed,,0,0,,50,,Null,0,0,,75,Invercargill City,Give way,,,,,1,0,Urban,0,,,Fine,Null
1799363,5817058,22955,,528700,0,0,0,1,0,Null,2005/2006,ULSTER ST,MAEROA ROAD,,Non-Injury Crash,No,2006,0,North,0,0,0,Flat,0,,0,,0,Bright sun,902100,0,0,0,4,0,0,0,0,0,,0,1,Waikato Region,Nil,2-way,Sealed,0,0,0,0,60,0,Null,0,0,,16,Hamilton City,Stop,0,0,0,0,0,0,Urban,1,0,0,Fine,Null
1764362,5909315,22956,,521901,0,0,0,2,0,South,2005/2006,GREAT SOUTH ROAD,FAIRBURN ROAD,,Non-Injury Crash,No,2006,0,North,0,0,0,Flat,0,,0,,0,Bright sun,784900,0,0,0,4,0,0,0,0,1,,0,0,Auckland Region,Nil,2-way,Sealed,0,0,0,0,50,0,Null,0,0,,76,Auckland,Unknown,0,0,0,0,0,0,Urban,0,0,0,Fine,Null
1800903,5812600,22957,,529200,0,0,0,1,0,South,2005/2006,SH 3,SH3 ON RAMP,,Serious Crash,Yes,2006,0,South,0,0,0,Flat,0,,0,,0,Dark,928100,1,0,0,4,0,0,0,0,0,,0,1,Waikato Region,Nil,2-way,Sealed,0,0,1,0,60,0,On,0,0,,16,Hamilton City,Unknown,0,0,0,0,0,0,Urban,0,0,0,Fine,Null
1749957,5913838,22958,,511303,0,,0,2,,Null,2005/2006,TOTARA AVENUE,CLARK ST,,Non-Injury Crash,No,2006,,East,,0,,Flat,,,,,,Overcast,266000,0,0,0,2,,,0,,,,,,Auckland Region,Rail xing,2-way,Sealed,,0,0,,50,,Off,0,0,,76,Auckland,Give way,,,,,0,0,Urban,0,,,Fine,Null
1758767,5911767,22959,,519810,0,0,0,2,0,Null,2005/2006,GLOUCESTER PARK ROAD,NEILSON ST,,Non-Injury Crash,No,2006,0,South,0,0,1,Flat,0,,0,,0,Overcast,602200,0,0,0,4,0,0,0,0,1,,0,0,Auckland Region,Nil,2-way,Sealed,0,0,0,0,50,0,Off,0,0,,76,Auckland,Traffic Signals,0,0,0,0,0,0,Urban,0,0,0,Fine,Null
1833764,5585214,22960,,559220,0,0,0,1,0,North,2005/2006,SH 1N,OTARA ROAD,,Minor Crash,Yes,2006,0,South,0,0,0,Flat,0,Easter,0,,0,Dark,1748400,1,0,0,2,0,0,0,0,0,,0,1,Manawatū-Whanganui Region,Nil,2-way,Sealed,0,0,0,0,100,0,None,0,0,,38,Rangitikei District,Nil,0,0,0,0,1,0,Open,0,0,0,Light rain,Null
1745131,5924410,22961,,513431,0,,0,1,,East,2006/2007,HOBSONVILLE ROAD,LUCKENS ROAD,,Non-Injury Crash,No,2006,,West,,0,,Flat,,,,,,Bright sun,223802,0,0,0,2,,,0,,,,,,Auckland Region,Nil,2-way,Sealed,,0,0,,50,,Off,1,0,,76,Auckland,Give way,,,,,0,0,Urban,0,,,Fine,Null
1396379,4913907,22962,,602421,0,0,0,0,1,East,2005/2006,MORRIS ROAD,CHAIN HILLS ROAD,,Minor Crash,No,2006,0,West,1,0,0,Hill Road,0,,0,,0,Overcast,2980403,2,0,0,2,0,0,0,0,0,,0,0,Otago Region,Nil,2-way,Sealed,0,0,0,0,100,0,Null,1,0,,71,Dunedin City,Unknown,0,0,0,0,0,0,Open,0,0,0,Fine,Null
1764195,5910046,22963,,521801,0,,0,1,,Null,2006/2007,ATKINSON AVENUE,GORDON ROAD,,Fatal Crash,No,2006,,North,,1,,Flat,,,,,,Dark,787300,0,0,0,3,,,0,,,1,,,Auckland Region,Nil,2-way,Sealed,,0,0,,50,,On,0,0,,76,Auckland,Give way,,,,,0,0,Urban,0,,,Fine,Null
1770742,5886303,22964,,521122,0,,0,2,,South,2006/2007,NEEDHAM ROAD,BURTT ROAD,,Non-Injury Crash,No,2006,,North,,0,,Hill Road,,,,,,Overcast,813400,0,0,0,2,,,0,,,,,,Auckland Region,Nil,2-way,Sealed,,0,0,,100,,Null,0,0,,76,Auckland,Unknown,,,,,0,0,Open,0,,,Mist or Fog,Null
1754666,5920862,22965,,515301,0,,0,1,,Null,2005/2006,JERVOIS ROAD,ALBANY ROAD,,Non-Injury Crash,No,2006,,West,,0,,Flat,,,,,,Dark,427300,0,0,0,4,,,0,,,,,,Auckland Region,Nil,2-way,Sealed,,0,0,,50,,On,0,0,,76,Auckland,Nil,,,,,1,0,Urban,0,,,Fine,Null
1754615,5933772,22966,,507200,0,,0,0,,South,2006/2007,EAST COAST ROAD,ARRAN ROAD,,Serious Crash,No,2006,,North,,0,,Flat,,,,,,Bright sun,156506,1,0,1,2,,,0,,,,,,Auckland Region,Nil,2-way,Sealed,,0,1,,50,,Off,1,0,,76,Auckland,Nil,,,,,0,0,Urban,0,,,Fine,Null
1824853,5462206,22967,,578800,0,,0,1,,North,2005/2006,RIVER ROAD,CHURCH ST,,Non-Injury Crash,No,2006,,North,,0,,Flat,,,,,,Dark,2240000,0,0,0,2,,,0,,,,,,Wellington Region,Nil,2-way,Sealed,,0,0,,50,,On,0,0,,48,Masterton District,Nil,,,,,0,0,Urban,1,,,Light rain,Null
1538595,5205472,22968,,586801,1,,0,1,,West,2005/2006,OXFORD ROAD,QUIGLEYS ROAD,,Minor Crash,No,2006,,West,,0,,Flat,,,,,,Dark,2458400,1,0,0,2,,,0,,,,,,Canterbury Region,Nil,2-way,Sealed,,0,0,,100,,None,0,0,,59,Waimakariri District,Unknown,,,,,0,0,Open,0,,,Fine,Null
1758713,5926131,22969,,508020,0,,0,1,,Null,2006/2007,LAKE ROAD,HAURAKI ROAD,,Minor Crash,No,2006,,South,,0,,Flat,,,,,,Bright sun,321200,1,1,0,2,,,0,,,,,,Auckland Region,Nil,2-way,Sealed,,0,0,,50,,Off,0,0,,76,Auckland,Traffic Signals,,,,,0,0,Urban,0,,,Fine,Null
1797012,5815080,22970,,528601,0,0,0,1,0,South,2006/2007,ABERDEEN DRIVE,GLENDALE DRIVE N,,Non-Injury Crash,No,2006,0,South,0,0,0,Flat,0,,0,,0,Twilight,920103,0,0,0,2,0,0,0,0,0,,0,1,Waikato Region,Nil,2-way,Sealed,0,0,0,0,50,0,Off,0,0,,16,Hamilton City,Unknown,0,0,0,0,0,0,Urban,0,0,0,Fine,Null
1773555,5897218,22971,,525630,0,,0,1,,North,2005/2006,GROVE ROAD,HILL CRESCENT,,Non-Injury Crash,No,2006,,North,,0,,Flat,,,,,,Twilight,795400,0,0,0,2,,,0,,,,,,Auckland Region,Nil,2-way,Sealed,,0,0,,50,,Off,1,0,,76,Auckland,Nil,,,,,0,0,Urban,0,,,Fine,Null
1902710,5753767,22972,,538832,0,0,1,0,1,East,2005/2006,REREWHAKAAITU ROAD,SH 38,,Minor Crash,No,2006,0,East,0,0,0,Flat,0,,0,,0,Bright sun,1259104,4,0,0,2,0,0,0,0,0,,0,0,Bay of Plenty Region,Nil,2-way,Sealed,0,0,0,0,100,0,None,0,0,,24,Rotorua District,Nil,0,0,0,0,0,0,Open,0,0,0,Fine,Frost
1764962,5914710,22973,,520602,0,,0,1,,Null,2006/2007,LAGOON DRIVE,IRELAND ROAD,,Non-Injury Crash,No,2006,,West,,0,,Flat,,,,,,Overcast,628700,0,0,1,3,,,0,,,,,,Auckland Region,Nil,2-way,Sealed,,0,0,,50,,None,0,0,,76,Auckland,Give way,,,,,0,0,Urban,0,,,Light rain,Null
1757856,5918148,22974,,515700,0,,0,3,,South,2006/2007,SH 1N,KHYBER PASS ON SBD,,Non-Injury Crash,Yes,2006,,South,,0,,Flat,,,,,,Bright sun,443200,0,0,0,5,,,0,,,,,,Auckland Region,Motorway ramp,1-way,Sealed,,0,0,,80,,Off,0,0,,76,Auckland,Nil,,,,,0,0,Open,0,,,Fine,Null
1755381,5921984,22975,,515202,0,0,0,1,0,North,2006/2007,SH 1N,CURRAN ON NBD,,Minor Crash,Yes,2006,0,North,0,0,0,Hill Road,1,,0,,0,Dark,423600,1,0,0,4,0,0,0,0,0,,0,0,Auckland Region,Nil,1-way,Sealed,0,0,0,0,80,0,On,0,0,,76,Auckland,Nil,0,0,0,0,0,0,Open,0,0,0,Fine,Null
1763921,5912398,22976,,520500,0,,0,1,,Null,2005/2006,MOUNT WELLINGTON HIGHWAY,MT WGTN OFF NBD S,,Non-Injury Crash,Yes,2006,,West,,0,,Flat,,,,,,Bright sun,637300,0,0,0,4,,,0,,,,,,Auckland Region,Nil,2-way,Sealed,,0,0,,50,,Off,0,0,,76,Auckland,Give way,,,,,1,0,Urban,0,,,Fine,Null
1690962,5675938,22977,,551400,0,,0,1,,Null,2005/2006,SH 44,KINGWELL ST,,Serious Crash,Yes,2006,,East,,0,,Flat,,,,,,Twilight,1587200,0,0,0,2,,,0,,,1,,,Taranaki Region,Nil,2-way,Sealed,,0,1,,50,,Off,0,0,,33,New Plymouth District,Nil,,,,,0,0,Urban,0,,,Fine,Null
1928982,5602949,22978,,545762,0,,0,1,,Null,2006/2007,RIVERSLEA ROAD SOUTH,TOLLEMACHE ROAD EAST,,Minor Crash,No,2006,,North,,0,,Flat,,,,,,Bright sun,1468200,1,0,0,2,,,0,,,,,,Hawke's Bay Region,Nil,2-way,Sealed,,0,0,,100,,Null,1,0,,30,Hastings District,Give way,,,,,0,0,Open,0,,,Fine,Null
1766325,5901675,22979,,524604,0,,0,1,,Null,2005/2006,BROWNS ROAD,ROWANDALE AVENUE,,Non-Injury Crash,No,2006,,West,,0,,Flat,,,,,,Bright sun,781400,0,0,0,2,,,0,,,,,,Auckland Region,Nil,2-way,Sealed,,0,0,,50,,Off,0,0,,76,Auckland,Nil,,,,,0,0,Urban,1,,,Fine,Null
1877001,5820121,22980,,537700,0,,0,2,,Null,2006/2007,ALVERSTOKE ROAD,HENDERSON CRESCENT E,,Serious Crash,No,2006,,East,,0,,Flat,,,,,,Dark,1173700,3,0,0,2,,,0,,,,,,Bay of Plenty Region,Nil,2-way,Sealed,,0,1,,50,,On,0,0,,23,Tauranga City,Nil,,,,,0,0,Urban,0,,,Light rain,Null
1751702,5432006,22981,,574303,1,,0,1,,West,2005/2006,HUTT ROAD,JARDEN MILE,,Serious Crash,No,2006,,North,,0,,Flat,,,,,,Twilight,2090402,0,0,0,6,,,0,,,,,,Wellington Region,Nil,2-way,Sealed,,0,1,,100,,On,0,0,,47,Wellington City,Nil,,,,,0,0,Open,0,,,Light rain,Null