X,Y,OBJECTID,advisorySpeed,areaUnitID,bicycle,bridge,bus,carStationWagon,cliffBank,crashDirectionDescription,crashFinancialYear,crashLocation1,crashLocation2,crashRoadSideRoad,crashSeverity,crashSHDescription,crashYear,debris,directionRoleDescription,ditch,fatalCount,fence,flatHill,guardRail,holiday,houseOrBuilding,intersection,kerb,light,meshblockId,minorInjuryCount,moped,motorcycle,NumberOfLanes,objectThrownOrDropped,otherObject,otherVehicleType,overBank,parkedVehicle,pedestrian,phoneBoxEtc,postOrPole,region,roadCharacter,roadLane,roadSurface,roadworks,schoolBus,seriousInjuryCount,slipOrFlood,speedLimit,strayAnimal,streetLight,suv,taxi,temporarySpeedLimit,tlaId,tlaName,trafficControl,trafficIsland,trafficSign,train,tree,truck,unknownVehicleType,urban,vanOrUtility,vehicle,waterRiver,weatherA,weatherB
1561891,5180179,22982,,587812,0,,0,1,,East,2006/2007,BUCHANANS ROAD,HEI HEI ROAD,,Serious Crash,No,2006,,East,,0,,Flat,,Christmas New Year,,,,Bright sun,2488802,0,0,0,2,,,0,,,1,,,Canterbury Region,Nil,2-way,Sealed,,0,1,,50,,Null,0,0,,60,Christchurch City,Unknown,,,,,0,0,Urban,0,,,Fine,Null
1570889,5179168,22983,,591500,0,,0,2,,Null,2005/2006,MOORHOUSE AVENUE,MANCHESTER ST,,Minor Crash,No,2006,,East,,0,,Flat,,,,,,Overcast,2649800,1,0,0,3,,,0,,,,,,Canterbury Region,Nil,2-way,Sealed,,0,0,,50,,Null,0,0,,60,Christchurch City,Traffic Signals,,,,,0,0,Urban,0,,,Fine,Null
1761073,5433679,22984,,568800,0,0,0,0,1,South,2005/2006,WAINUIOMATA HILL ROAD,RISHWORTH ST,,Minor Crash,No,2006,0,South,1,0,0,Hill Road,0,,0,,0,Overcast,1980800,1,0,0,2,0,0,0,0,0,,0,0,Wellington Region,Nil,2-way,Sealed,0,0,0,0,80,0,Null,1,0,,46,Lower Hutt City,Nil,0,0,0,0,0,0,Open,0,0,0,Heavy rain,Null
1760416,5911816,22985,,520000,0,,0,1,,Null,2005/2006,CAPTAIN SPRINGS ROAD,NEILSON ST,,Serious Crash,No,2006,,North,,0,,Flat,,,,,,Bright sun,607900,0,0,1,2,,,0,,,,,,Auckland Region,Nil,2-way,Sealed,,0,1,,50,,Off,0,0,,76,Auckland,Traffic Signals,,,,,0,0,Urban,0,,,Fine,Null
1765556,5908724,22986,,523402,0,,0,1,,North,2005/2006,SH 1N,BAIRDS OBR,,Minor Crash,Yes,2006,,South,,0,,Flat,,,,,,Overcast,696900,1,0,0,3,,,0,,,,,,Auckland Region,Nil,1-way,Sealed,,0,0,,100,,Off,1,0,,76,Auckland,Nil,,,,,0,0,Open,0,,,Light rain,Null
1762652,5917208,22987,,516302,0,,0,2,,Null,2006/2007,REMUERA ROAD,MCFARLAND ST,,Minor Crash,No,2006,,West,,0,,Hill Road,,,,,,Bright sun,462900,1,0,0,4,,,0,,,,,,Auckland Region,Nil,2-way,Sealed,,0,0,,50,,Off,0,0,,76,Auckland,Nil,,,,,0,0,Urban,0,,,Fine,Null
1769346,5907455,22988,,523713,0,,0,2,,East,2005/2006,ORMISTON ROAD,TE IRIRANGI DRIVE,,Non-Injury Crash,No,2006,,West,,0,,Flat,,,,,,Twilight,712302,0,0,0,6,,,0,,,,,,Auckland Region,Nil,2-way,Sealed,,0,0,,80,,On,0,0,,76,Auckland,Nil,,,,,0,0,Open,0,,,Fine,Null
1754140,5912922,22989,,518901,0,0,0,1,0,North,2005/2006,ROBSON ST,CORMACK ST,,Minor Crash,No,2006,0,South,0,0,0,Hill Road,0,Queens Birthday,1,,0,Twilight,585900,1,0,0,2,0,0,0,0,0,,0,0,Auckland Region,Nil,2-way,Sealed,0,0,0,0,50,0,Off,0,0,,76,Auckland,Nil,0,0,0,1,0,0,Urban,0,0,0,Fine,Null
1749136,5427139,22990,,573101,1,,0,1,,Null,2005/2006,COURTENAY PLACE,TORY ST,,Serious Crash,No,2006,,West,,0,,Flat,,,,,,Dark,2135600,0,0,0,2,,,0,,,,,,Wellington Region,Nil,2-way,Sealed,,0,1,,50,,On,0,0,,47,Wellington City,Traffic Signals,,,,,0,0,Urban,0,,,Fine,Null
1572544,5185307,22991,,590507,0,,0,3,,North,2005/2006,MARSHLAND ROAD,MCSAVENEYS ROAD,,Minor Crash,No,2006,,North,,0,,Flat,,,,,,Bright sun,2506800,2,0,0,2,,,0,,,,,,Canterbury Region,Nil,2-way,Sealed,,0,0,,70,,Null,0,0,,60,Christchurch City,Unknown,,,,,0,0,Urban,0,,,Fine,Null
1446225,5014506,22992,,600826,0,,0,2,,South,2006/2007,SH 1S,CORBETT ROAD,,Minor Crash,Yes,2006,,South,,0,,Flat,,Christmas New Year,,,,Overcast,2827201,2,0,0,2,,,0,,,,,,Otago Region,Nil,2-way,Sealed,,0,0,,100,,Null,0,0,,68,Waitaki District,Unknown,,,,,0,0,Open,0,,,Heavy rain,Null
1575869,5185128,22993,,590602,1,,0,1,,North,2006/2007,MAIREHAU ROAD,BEACH ROAD,,Minor Crash,No,2006,,North,,0,,Flat,,,,,,Bright sun,2505302,1,0,0,2,,,0,,,,,,Canterbury Region,Nil,2-way,Sealed,,0,0,,50,,Null,0,0,,60,Christchurch City,Nil,,,,,0,0,Urban,0,,,Fine,Null
1756770,5930262,22994,,507720,0,0,0,1,1,North,2005/2006,EAST COAST ROAD,CASTOR BAY ROAD,,Minor Crash,No,2006,0,South,0,0,1,Flat,0,,0,,1,Dark,314904,1,0,0,2,0,0,0,0,0,,0,0,Auckland Region,Nil,2-way,Sealed,0,0,0,0,50,0,On,0,0,,76,Auckland,Nil,0,0,0,0,0,0,Urban,0,0,0,Fine,Null
1843993,5784577,22995,,535600,0,0,0,3,0,South,2005/2006,PRINCES ST,ARAPUNI ST,,Non-Injury Crash,No,2006,0,South,0,0,0,Flat,0,,0,,0,Dark,1131400,0,0,0,2,0,0,0,0,2,,0,0,Waikato Region,Nil,2-way,Sealed,0,0,0,0,50,0,On,0,0,,19,South Waikato District,Unknown,0,0,0,0,0,0,Urban,0,0,0,Fine,Null
1933433,5783811,22996,,542300,0,0,0,1,0,North,2006/2007,TE TEKO ROAD,SH 30,,Non-Injury Crash,No,2006,0,South,0,0,0,Flat,0,,0,,0,Dark,1324201,0,0,0,2,0,0,0,0,0,,0,0,Bay of Plenty Region,Nil,2-way,Sealed,0,0,0,0,50,0,On,0,0,,25,Whakatane District,Nil,0,0,0,0,0,0,Urban,0,0,0,Null,Null
1762621,5916118,22997,,516302,0,0,0,1,0,West,2006/2007,ABBOTTS WAY,KENNETH SMALL PLACE,,Minor Crash,No,2006,0,West,0,0,1,Flat,0,,0,,0,Bright sun,463703,1,0,0,2,0,0,0,0,0,,0,0,Auckland Region,Nil,2-way,Sealed,0,0,0,0,50,0,Off,0,0,,76,Auckland,Nil,0,0,0,1,0,0,Urban,0,0,0,Fine,Null
1752266,5918434,22998,,515002,0,0,0,3,0,South,2005/2006,POINT CHEVALIER ROAD,MILLER ST,,Minor Crash,No,2006,0,North,0,0,0,Flat,0,,0,,0,Bright sun,391800,2,0,0,2,0,0,0,0,1,,0,0,Auckland Region,Nil,2-way,Sealed,0,0,0,0,50,0,Off,0,0,,76,Auckland,Nil,0,0,0,0,0,0,Urban,0,0,0,Fine,Null
1754793,5444253,22999,,570800,0,,0,2,,Null,2005/2006,TITAHI BAY ROAD,MUNGAVIN ON NBD,,Non-Injury Crash,No,2006,,East,,0,,Flat,,,,,,Overcast,2051001,0,0,0,2,,,0,,,,,,Wellington Region,Nil,1-way,Sealed,,0,0,,50,,Null,0,0,,44,Porirua City,Give way,,,,,0,0,Urban,0,,,Light rain,Null
1816988,5859477,23000,,533901,0,0,0,1,0,East,2006/2007,SH 27,TOP ROAD,,Minor Crash,Yes,2006,0,East,0,0,1,Hill Road,0,,0,,0,Dark,1069700,1,0,0,2,0,0,0,0,0,,0,0,Waikato Region,Nil,2-way,Sealed,0,0,0,0,100,0,None,0,0,,12,Hauraki District,Nil,0,0,0,1,0,0,Open,0,0,0,Fine,Null
1756141,5920969,23001,,515202,0,,0,1,,North,2005/2006,SH 1N,FANSHAWE OBR,,Non-Injury Crash,Yes,2006,,North,,0,,Flat,,,,,,Bright sun,425600,0,0,0,4,,,0,,,,,,Auckland Region,Nil,2-way,Sealed,,0,0,,80,,Off,0,0,,76,Auckland,Nil,,,,,1,0,Open,0,,,Fine,Null
1755342,5921914,23002,,515202,0,0,0,1,0,North,2006/2007,SH 1N,CURRAN ON NBD,,Minor Crash,Yes,2006,0,North,0,0,0,Flat,1,,0,,0,Dark,423600,1,0,0,4,0,0,0,0,0,,0,0,Auckland Region,Nil,1-way,Sealed,0,0,0,0,80,0,On,0,0,,76,Auckland,Nil,0,0,0,0,0,0,Open,0,0,0,Fine,Null
1765457,5901043,23003,,524821,0,,0,1,,Null,2005/2006,FINLAYSON AVENUE,BRAVA PLACE,,Minor Crash,No,2006,,West,,0,,Flat,,,,,,Dark,774419,1,0,0,2,,,0,,,,,,Auckland Region,Nil,2-way,Sealed,,0,0,,50,,On,1,0,,76,Auckland,Nil,,,,,0,0,Urban,0,,,Fine,Null
1764276,5914648,23004,,520303,0,,0,2,,South,2006/2007,Z CPK MITRE 10,ELLERSLIE-PANMURE HIGHWAY,,Non-Injury Crash,No,2006,,South,,0,,Flat,,,,,,Bright sun,627500,0,0,0,0,,,0,,,,,,Auckland Region,Nil,Off road,Sealed,,0,0,,20,,Off,0,0,,76,Auckland,Nil,,,,,0,0,Urban,0,,,Fine,Null
1756253,5935631,23005,,507101,0,,0,2,,North,2006/2007,VALLEY ROAD,MANLY ESPLANADE,,Minor Crash,No,2006,,North,,0,,Hill Road,,,,,,Bright sun,162200,2,0,0,2,,,0,,,,,,Auckland Region,Nil,2-way,Sealed,,0,0,,50,,Off,0,0,,76,Auckland,Nil,,,,,0,0,Urban,0,,,Fine,Null
1759424,5903117,23006,,524200,0,,0,2,,East,2006/2007,Z CPK DOMESTIC AIRPORT,GEORGE BOLT MEMORIAL DRIV,,Non-Injury Crash,No,2006,,South,,0,,Flat,,,,,,Overcast,727200,0,0,0,0,,,0,,,,,,Auckland Region,Nil,Off road,Sealed,,0,0,,30,,Off,0,0,,76,Auckland,Nil,,,,,0,0,Urban,0,,,Fine,Null
1794537,5833969,23007,65,527123,0,0,0,1,1,South,2006/2007,SH 1N,TE PUTU ST,,Minor Crash,Yes,2006,0,South,1,0,0,Flat,0,Christmas New Year,0,,0,Overcast,951001,1,0,0,2,0,0,0,0,0,,0,0,Waikato Region,Nil,2-way,Sealed,0,0,0,0,100,0,Null,0,0,,13,Waikato District,Unknown,0,0,0,0,0,0,Open,0,0,0,Fine,Null
1756813,5919469,23008,,514102,0,,0,1,,Null,2005/2006,KARANGAHAPE ROAD,PITT ST,,Non-Injury Crash,No,2006,,West,,0,,Flat,,,,,,Bright sun,435700,0,0,0,5,,,0,,,,,,Auckland Region,Nil,2-way,Sealed,,0,0,,50,,Off,0,0,,76,Auckland,Traffic Signals,,,,,0,0,Urban,1,,,Fine,Null
1753043,5916471,23009,,517903,1,,0,0,,Null,2005/2006,MOUNT ALBERT ROAD,ALLENDALE ROAD,,Minor Crash,No,2006,,North,,0,,Flat,,,,,,Overcast,520000,1,0,0,2,,,0,,,,,,Auckland Region,Nil,2-way,Sealed,,0,0,,50,,Off,0,0,,76,Auckland,Stop,,,,,0,0,Urban,1,,,Light rain,Null
1564067,5179286,23010,,587701,0,0,0,1,0,South,2005/2006,MAIN SOUTH ROAD,GREENHURST ST,,Minor Crash,No,2006,0,South,0,0,0,Flat,0,,0,,0,Dark,2479800,1,0,0,2,0,0,0,0,0,,1,0,Canterbury Region,Nil,2-way,Sealed,0,0,0,0,50,0,On,0,0,,60,Christchurch City,Unknown,0,0,0,0,0,0,Urban,0,0,0,Fine,Null
1769009,5900878,23011,,524902,0,0,0,2,0,East,2005/2006,ALFRISTON ROAD,GREAT SOUTH ROAD,,Non-Injury Crash,No,2006,0,East,0,0,1,Flat,0,,0,,0,Overcast,758200,0,0,0,3,0,0,0,0,0,,0,0,Auckland Region,Nil,2-way,Sealed,0,0,0,0,50,0,Off,0,0,,76,Auckland,Nil,0,0,0,0,0,0,Urban,0,0,0,Fine,Null
1745215,5918977,23012,,513302,0,,0,2,,Null,2006/2007,LINCOLN ROAD,MOSELLE AVENUE,,Minor Crash,No,2006,,South,,0,,Flat,,,,,,Overcast,230701,1,0,0,4,,,0,,,,,,Auckland Region,Nil,2-way,Sealed,,0,0,,50,,Off,0,0,,76,Auckland,Give way,,,,,0,0,Urban,0,,,Light rain,Null
1568160,5183998,23013,,591900,0,,0,2,,Null,2005/2006,HAREWOOD ROAD,RESTELL ST,,Minor Crash,No,2006,,East,,0,,Flat,,,,,,Overcast,2663000,1,0,0,2,,,0,,,,,,Canterbury Region,Nil,2-way,Sealed,,0,0,,50,,Null,0,0,,60,Christchurch City,Give way,,,,,0,0,Urban,0,,,Fine,Null
1876163,5820377,23014,,537601,0,,0,0,,East,2006/2007,PARK VIEW RISE,HYNDS ROAD,,Minor Crash,No,2006,,North,,0,,Flat,,,,,,Bright sun,1175000,1,0,1,2,,,0,,,,,,Bay of Plenty Region,Nil,2-way,Sealed,,0,0,,50,,Null,0,0,,23,Tauranga City,Unknown,,,,,0,0,Urban,0,,,Fine,Null
1565100,5179209,23015,,587701,0,,0,1,,West,2005/2006,BLENHEIM ROAD,CURLETTS ROAD,,Fatal Crash,No,2006,,East,,1,,Flat,,,,,,Overcast,2480100,0,0,1,2,,,0,,,,,,Canterbury Region,Nil,2-way,Sealed,,0,0,,60,,Null,0,0,,60,Christchurch City,Unknown,,,,,1,0,Urban,0,,,Fine,Null
1334035,4917859,23016,,607502,0,0,0,0,1,East,2005/2006,SH 8,ATHENAEUM ROAD,,Serious Crash,Yes,2006,0,West,0,0,0,Flat,0,,0,,0,Bright sun,3007700,1,0,0,2,0,0,0,0,0,,0,0,Otago Region,Nil,2-way,Sealed,0,0,1,0,100,0,Null,1,0,,72,Clutha District,Unknown,0,0,0,0,0,0,Open,0,0,0,Fine,Frost
1741969,5915800,23017,,513020,0,0,0,0,0,North,2005/2006,CANDIA ROAD,VINEYARD ROAD,,Serious Crash,No,2006,0,South,0,0,0,Hill Road,0,Queens Birthday,0,,0,Overcast,279800,0,0,0,2,0,0,0,0,0,,0,0,Auckland Region,Nil,2-way,Sealed,0,0,1,0,70,0,None,0,0,,76,Auckland,Nil,0,0,0,1,1,0,Urban,0,0,0,Fine,Null
1755457,5928986,23018,,508320,0,,0,2,,Null,2005/2006,TRISTRAM OFF NBD,TRISTRAM AVENUE W,,Non-Injury Crash,Yes,2006,,West,,0,,Flat,,,,,,Overcast,198500,0,0,0,3,,,0,,,,,,Auckland Region,Nil,1-way,Sealed,,0,0,,50,,Off,0,0,,76,Auckland,Traffic Signals,,,,,0,0,Urban,0,,,Fine,Null
1754188,5931229,23019,,508803,0,0,0,1,0,South,2005/2006,SH 1N,CONSTELLATION OBR,,Non-Injury Crash,Yes,2006,0,North,0,0,0,Hill Road,1,,0,,0,Dark,180818,0,0,0,3,0,0,0,0,0,,0,0,Auckland Region,Nil,2-way,Sealed,0,0,0,0,100,0,On,0,0,,76,Auckland,Nil,0,0,0,0,0,0,Open,0,0,0,Fine,Null
1759569,5909766,23020,,524002,0,,0,2,,North,2005/2006,SH 20,HASTIE FTBR,,Minor Crash,Yes,2006,,North,,0,,Flat,,,,,,Dark,722301,1,0,0,2,,,0,,,,,,Auckland Region,Nil,1-way,Sealed,,0,0,,100,,On,0,0,,76,Auckland,Nil,,,,,0,0,Open,0,,,Fine,Null
1748207,5426093,23021,,573300,0,0,0,1,0,East,2006/2007,BIDWILL ST,BROOKLYN ROAD,,Minor Crash,No,2006,0,North,0,0,0,Hill Road,1,,0,,0,Overcast,2145200,1,0,0,2,0,0,0,0,0,,0,0,Wellington Region,Nil,2-way,Sealed,0,0,0,0,50,0,Null,0,0,30,47,Wellington City,Nil,0,0,0,1,0,0,Urban,0,0,0,Fine,Null
1263993,4860973,23022,,610061,0,,0,1,,East,2005/2006,SH 1S,HALCROW ROAD,,Minor Crash,Yes,2006,,East,,0,,Flat,,,,,,Bright sun,3089800,1,0,0,2,,,0,,,,,,Southland Region,Nil,2-way,Sealed,,0,0,,100,,Null,0,0,,73,Southland District,Unknown,,,,,0,0,Open,0,,,Fine,Null
1756426,5937542,23023,,506903,0,,0,1,,South,2005/2006,BEACH ROAD,COUNTY ROAD,,Non-Injury Crash,No,2006,,North,,0,,Flat,,,,,,Overcast,169200,0,0,0,2,,,0,,,,,,Auckland Region,Nil,2-way,Sealed,,0,0,,50,,Off,0,0,,76,Auckland,Nil,,,,,0,0,Urban,1,,,Light rain,Null
1928993,5605666,23024,,547700,0,0,0,2,0,Null,2005/2006,BERESFORD ST,RODNEY ST,,Minor Crash,No,2006,0,South,0,0,0,Flat,0,,0,,0,Overcast,1487200,1,0,0,2,0,0,0,0,1,,0,0,Hawke's Bay Region,Nil,2-way,Sealed,0,0,0,0,50,0,Null,0,0,,30,Hastings District,Nil,0,0,0,0,0,0,Urban,1,0,0,Heavy rain,Null
1848618,5764093,23025,,535262,0,0,0,1,0,South,2005/2006,OLD TAUPO ROAD,SH 32,,Non-Injury Crash,No,2006,0,South,0,0,1,Flat,0,,0,,0,Overcast,1151102,0,0,0,2,0,0,0,0,0,,0,1,Waikato Region,Nil,2-way,Sealed,0,0,0,0,100,0,Null,0,0,,19,South Waikato District,Unknown,0,0,0,0,0,0,Open,0,0,0,Light rain,Null
1790140,5832721,23026,,526601,0,0,0,1,0,North,2005/2006,HAKARIMATA ROAD,WADHAM ROAD,,Non-Injury Crash,No,2006,0,North,0,0,1,Flat,0,,0,,0,Twilight,853900,0,0,0,2,0,0,0,0,0,,0,0,Waikato Region,Nil,2-way,Sealed,0,0,0,0,100,0,None,0,0,,13,Waikato District,Unknown,0,0,0,0,0,0,Open,0,0,0,Fine,Null
1237466,4879361,23027,,610040,0,0,0,0,0,East,2006/2007,GERRARD ROAD,WINTON SUBSTATION ROAD,,Minor Crash,No,2006,0,East,0,0,0,Flat,0,,0,,0,Dark,3074704,1,0,0,2,0,0,0,0,0,,0,1,Southland Region,Nil,2-way,Sealed,0,0,0,0,100,0,None,1,0,,73,Southland District,Unknown,0,0,0,0,0,0,Open,0,0,0,Heavy rain,Null
1773277,5472020,23028,,566302,0,0,0,3,0,North,2006/2007,SH 1N,KEBBELL DRIVE,,Serious Crash,Yes,2006,0,North,0,0,0,Flat,1,,0,,0,Overcast,1998404,3,0,0,2,0,0,0,0,0,,0,0,Wellington Region,Nil,2-way,Sealed,0,0,2,0,100,0,Null,0,0,,43,Kapiti Coast District,Nil,0,0,0,0,0,0,Open,1,0,0,Fine,Null
1814402,5860791,23029,,533901,0,0,0,0,1,South,2005/2006,SH 27,OHINEWAI ROAD,,Non-Injury Crash,Yes,2006,0,North,0,0,0,Hill Road,0,,0,,0,Overcast,1069401,0,0,0,2,0,0,0,0,0,,0,0,Waikato Region,Bridge,2-way,Sealed,0,0,0,1,100,0,Null,0,0,,12,Hauraki District,Unknown,0,1,0,0,0,0,Open,1,0,0,Light rain,Null
1754776,5917720,23030,,517600,1,,0,0,,Null,2006/2007,NEW NORTH ROAD,MORNINGSIDE DRIVE,,Minor Crash,No,2006,,East,,0,,Flat,,,,,,Bright sun,533700,1,0,0,4,,,0,,,,,,Auckland Region,Nil,2-way,Sealed,,0,0,,50,,Off,0,0,,76,Auckland,Traffic Signals,,,,,0,0,Urban,1,,,Fine,Null
1564869,5185757,23031,,588500,0,0,0,1,0,West,2006/2007,HAREWOOD ROAD,WOOLDRIDGE ROAD,,Serious Crash,No,2006,0,West,0,0,0,Flat,0,,0,,0,Bright sun,2527201,0,0,0,2,0,0,0,0,1,,0,0,Canterbury Region,Nil,2-way,Sealed,0,0,1,0,70,0,Null,1,0,,60,Christchurch City,Unknown,0,0,0,0,0,0,Urban,0,0,0,Fine,Null
1640020,5292175,23032,,581500,0,,0,1,,South,2005/2006,SH 1S,WAITANE ROAD,,Serious Crash,Yes,2006,,South,,0,,Flat,,Easter,,,,Bright sun,2310900,0,0,0,2,,,0,,,,,,Canterbury Region,Nil,2-way,Sealed,,0,1,,100,,Null,0,0,,54,Kaikoura District,Nil,,,,,1,0,Open,0,,,Fine,Null
1755911,5913698,23033,,518803,0,,0,2,,South,2005/2006,FROST ROAD,MOUNT ALBERT ROAD,,Non-Injury Crash,No,2006,,South,,0,,Hill Road,,,,,,Bright sun,581400,0,0,0,2,,,0,,,,,,Auckland Region,Nil,2-way,Sealed,,0,0,,50,,Off,0,0,,76,Auckland,Nil,,,,,0,0,Urban,0,,,Fine,Null
1745452,5920947,23034,,513301,0,,0,3,,South,2005/2006,SELWOOD ROAD,LINCOLN ON EBD,,Non-Injury Crash,No,2006,,North,,0,,Flat,,,,,,Bright sun,230200,0,0,0,1,,,0,,,,,,Auckland Region,Bridge,1-way,Sealed,,0,0,,50,,Off,1,0,,76,Auckland,Nil,,,,,0,0,Urban,0,,,Fine,Null
1796307,5693768,23035,,532902,0,,0,1,,East,2006/2007,SH 4,MANUAUTE ST,,Serious Crash,Yes,2006,,East,,0,,Flat,,,,,,Bright sun,1035000,0,0,0,2,,,0,,,1,,,Manawatū-Whanganui Region,Nil,2-way,Sealed,,0,1,,50,,Null,0,0,,36,Ruapehu District,Nil,,,,,0,0,Urban,0,,,Fine,Null
1513049,5365600,23036,35,584412,0,0,0,0,0,South,2005/2006,SH 6,INWOODS ROAD,,Minor Crash,Yes,2006,0,South,0,0,0,Flat,0,,1,,0,Overcast,2396900,1,0,0,2,0,0,0,0,0,,0,0,West Coast Region,Nil,2-way,Sealed,0,0,0,0,70,0,Null,0,0,,55,Buller District,Unknown,0,0,0,0,0,0,Urban,1,0,0,Light rain,Null
1752364,5931470,23037,,508807,0,,0,2,,North,2005/2006,BUSH ROAD,PAUL MATTHEWS ROAD,,Non-Injury Crash,No,2006,,North,,0,,Flat,,,,,,Overcast,180302,0,0,0,2,,,0,,,,,,Auckland Region,Nil,2-way,Sealed,,0,0,,50,,Off,0,0,,76,Auckland,Nil,,,,,0,0,Urban,0,,,Fine,Null
1800874,5815602,23038,,529700,0,0,0,2,0,East,2005/2006,BRYCE ST,VICTORIA ST,,Non-Injury Crash,No,2006,0,West,0,0,0,Flat,0,,0,,0,Bright sun,910400,0,0,0,2,0,0,0,0,1,,0,0,Waikato Region,Nil,2-way,Sealed,0,0,0,0,50,0,Null,0,0,,16,Hamilton City,Unknown,0,0,0,0,0,0,Urban,0,0,0,Fine,Null
1569122,5177190,23039,,594800,0,0,0,1,0,West,2005/2006,STOURBRIDGE ST,BARRINGTON ST,,Minor Crash,No,2006,0,West,0,0,0,Flat,0,,0,,0,Dark,2641800,1,0,0,1,0,0,0,0,1,,0,0,Canterbury Region,Nil,2-way,Sealed,0,0,0,0,50,0,On,0,0,,60,Christchurch City,Unknown,0,0,0,0,1,0,Urban,0,0,0,Heavy rain,Null
1745285,5915033,23040,,512903,0,,0,2,,Null,2005/2006,ROSANDICH DRIVE,BRASHIER CIRCLE,,Non-Injury Crash,No,2006,,North,,0,,Flat,,,,,,Bright sun,278107,0,0,0,2,,,0,,,,,,Auckland Region,Nil,2-way,Sealed,,0,0,,50,,Null,0,0,,76,Auckland,Nil,,,,,0,0,Urban,0,,,Fine,Null
1885001,5774112,23041,,540410,0,0,0,2,0,East,2005/2006,HAUPAPA ST,TUTANEKAI ST,,Non-Injury Crash,No,2006,0,East,0,0,0,Flat,0,,0,,0,Dark,1233400,0,0,0,2,0,0,0,0,1,,0,0,Bay of Plenty Region,Nil,2-way,Sealed,0,0,0,0,50,0,On,0,0,,24,Rotorua District,Unknown,0,0,0,0,0,0,Urban,0,0,0,Light rain,Null
1761601,5919004,23042,,516400,0,,0,2,,Null,2005/2006,KEPA ROAD,ORAKEI ROAD,,Non-Injury Crash,No,2006,,West,,0,,Hill Road,,,,,,Bright sun,497700,0,0,0,3,,,0,,,,,,Auckland Region,Nil,2-way,Sealed,,0,0,,50,,Off,0,0,,76,Auckland,Give way,,,,,0,0,Urban,0,,,Fine,Null
1754383,5924796,23043,,510500,0,,0,1,,East,2005/2006,ONEWA ROAD,AORANGI PLACE,,Non-Injury Crash,No,2006,,East,,0,,Flat,,,,,,Overcast,356100,0,0,0,3,,,0,,,,,,Auckland Region,Nil,2-way,Sealed,,0,0,,50,,Off,0,0,,76,Auckland,Nil,,,,,1,0,Urban,0,,,Fine,Null
1570807,5180280,23044,,591500,0,,0,1,,Null,2005/2006,GLOUCESTER ST,NEW REGENT ST,,Minor Crash,No,2006,,East,,0,,Flat,,,,,,Bright sun,2652800,1,0,0,2,,,0,,,1,,,Canterbury Region,Nil,2-way,Sealed,,0,0,,50,,Null,0,0,,60,Christchurch City,Nil,,,,,0,0,Urban,0,,,Fine,Null
1392169,5124371,23045,,600323,0,,0,1,,West,2005/2006,SH 8,FORK STM BR,,Minor Crash,Yes,2006,,West,,0,,Flat,,,,,,Bright sun,2814102,1,0,0,2,,,0,,,,,,Canterbury Region,Nil,2-way,Sealed,,0,0,,100,,Null,0,0,,65,Mackenzie District,Unknown,,,,,0,0,Open,0,,,Fine,Null
1756465,5919997,23046,,514000,0,,0,2,,Null,2005/2006,WELLINGTON ST,WELLINGTON ON NBD,,Non-Injury Crash,No,2006,,East,,0,,Hill Road,,,,,,Dark,417400,0,0,0,3,,,0,,,,,,Auckland Region,Bridge,2-way,Sealed,,0,0,,50,,On,0,0,,76,Auckland,Give way,,,,,0,0,Urban,0,,,Light rain,Null
1754764,5930569,23047,,508420,0,,0,1,,South,2005/2006,SH 1N,UPPER HWY OFF NBD,,Non-Injury Crash,Yes,2006,,North,,0,,Hill Road,,,,,,Bright sun,182008,0,0,0,3,,,0,,,,,,Auckland Region,Nil,1-way,Sealed,,0,0,,100,,Off,0,0,,76,Auckland,Nil,,,,,1,0,Open,0,,,Fine,Null
1797316,5502502,23048,,564021,0,1,0,2,0,North,2005/2006,SH 57,HEATHERLEA EAST ROAD,,Minor Crash,Yes,2006,0,North,0,0,0,Flat,0,Queens Birthday,0,,0,Dark,1857800,2,0,0,2,0,1,0,0,0,,0,0,Manawatū-Whanganui Region,Nil,2-way,Unsealed,0,0,0,0,100,0,None,0,0,30,42,Horowhenua District,Nil,0,0,0,0,0,0,Open,0,0,0,Fine,Null
1758411,5917996,23049,,517400,0,,0,1,,South,2005/2006,BROADWAY,REMUERA ROAD,,Non-Injury Crash,No,2006,,West,,0,,Flat,,,,,,Bright sun,451300,0,0,0,4,,,0,,,1,,,Auckland Region,Nil,2-way,Sealed,,0,0,,50,,Off,0,0,,76,Auckland,Nil,,,,,0,0,Urban,0,,,Fine,Null
1571960,5182701,23050,,593200,0,,0,2,,Null,2006/2007,SHIRLEY ROAD,SLATER ST,,Minor Crash,No,2006,,West,,0,,Flat,,,,,,Overcast,2696500,1,0,0,2,,,0,,,,,,Canterbury Region,Nil,2-way,Sealed,,0,0,,50,,Null,0,0,,60,Christchurch City,Give way,,,,,0,0,Urban,0,,,Fine,Null
1483277,5372204,23051,,584410,0,0,0,1,0,North,2005/2006,SH 67,SH 6,,Minor Crash,Yes,2006,0,North,0,0,0,Flat,0,,0,,0,Dark,2388703,1,0,0,2,0,0,0,0,0,,0,0,West Coast Region,Nil,2-way,Sealed,0,0,0,0,100,0,None,0,0,,55,Buller District,Unknown,0,0,0,0,0,0,Open,0,0,0,Light rain,Null