X,Y,OBJECTID,advisorySpeed,areaUnitID,bicycle,bridge,bus,carStationWagon,cliffBank,crashDirectionDescription,crashFinancialYear,crashLocation1,crashLocation2,crashRoadSideRoad,crashSeverity,crashSHDescription,crashYear,debris,directionRoleDescription,ditch,fatalCount,fence,flatHill,guardRail,holiday,houseOrBuilding,intersection,kerb,light,meshblockId,minorInjuryCount,moped,motorcycle,NumberOfLanes,objectThrownOrDropped,otherObject,otherVehicleType,overBank,parkedVehicle,pedestrian,phoneBoxEtc,postOrPole,region,roadCharacter,roadLane,roadSurface,roadworks,schoolBus,seriousInjuryCount,slipOrFlood,speedLimit,strayAnimal,streetLight,suv,taxi,temporarySpeedLimit,tlaId,tlaName,trafficControl,trafficIsland,trafficSign,train,tree,truck,unknownVehicleType,urban,vanOrUtility,vehicle,waterRiver,weatherA,weatherB
1394448,4915888,23052,,606210,0,,0,2,,Null,2005/2006,SH 87,WICKLIFFE ST,,Minor Crash,Yes,2006,,North,,0,,Flat,,,,,,Dark,2967600,2,0,0,2,,,0,,,,,,Otago Region,Nil,2-way,Sealed,,0,0,,50,,On,0,0,,71,Dunedin City,Give way,,,,,0,0,Urban,0,,,Fine,Null
1817660,5802999,23053,,527503,0,,0,2,,West,2005/2006,DUKE ST,SH 1N,,Non-Injury Crash,No,2006,,East,,0,,Hill Road,,,,,,Bright sun,963100,0,0,0,2,,,0,,,,,,Waikato Region,Nil,2-way,Sealed,,0,0,,50,,Null,0,0,,17,Waipa District,Give way,,,,,0,0,Urban,0,,,Fine,Null
1763772,5913182,23054,,520500,0,0,0,1,0,North,2005/2006,MOUNT WELLINGTON HIGHWAY,LONGFORD ST,,Minor Crash,No,2006,0,North,0,0,0,Flat,0,,0,,1,Bright sun,637500,1,0,0,4,0,0,0,0,0,,0,1,Auckland Region,Nil,2-way,Sealed,0,0,0,0,50,0,Off,0,0,,76,Auckland,Nil,0,0,0,0,0,0,Urban,0,0,0,Fine,Null
1570641,5179915,23055,,591500,0,,1,0,,Null,2005/2006,COLOMBO ST,CASHEL ST,,Minor Crash,No,2006,,North,,0,,Flat,,,,,,Bright sun,2651700,1,0,0,2,,,0,,,1,,,Canterbury Region,Nil,2-way,Sealed,,0,0,,50,,Null,0,0,,60,Christchurch City,Traffic Signals,,,,,0,0,Urban,0,,,Fine,Null
1243008,4848358,23056,,611220,0,,0,0,,South,2006/2007,CONON ST,EARN ST,,Minor Crash,No,2006,,North,,0,,Flat,,,,,,Overcast,3111200,1,0,0,2,,,0,,,1,,,Southland Region,Nil,2-way,Sealed,,0,0,,50,,Null,1,0,,75,Invercargill City,Nil,,,,,0,0,Urban,0,,,Fine,Null
1567208,5179411,23057,,590702,0,,0,2,,West,2006/2007,SLIP,MATIPO ST,,Minor Crash,No,2006,,East,,0,,Flat,,,,,,Overcast,2471900,1,0,0,4,,,0,,,,,,Canterbury Region,Nil,2-way,Sealed,,0,0,,60,,Null,0,0,,60,Christchurch City,Unknown,,,,,0,0,Urban,0,,,Fine,Null
1764651,5911703,23058,,520500,0,,0,3,,North,2006/2007,SH 1N,PANAMA OBR,,Minor Crash,Yes,2006,,North,,0,,Flat,,,,,,Bright sun,636400,1,0,0,3,,,0,,,,,,Auckland Region,Nil,1-way,Sealed,,0,0,,100,,Off,0,0,,76,Auckland,Nil,,,,,0,0,Open,0,,,Fine,Null
1768080,5904367,23059,,523722,0,,0,0,,Null,2006/2007,REDOUBT ROAD,MANUKAU OFF SBD,,Serious Crash,No,2006,,East,,0,,Flat,,Christmas New Year,,,,Overcast,715805,1,0,1,4,,,0,,,,,,Auckland Region,Bridge,2-way,Sealed,,0,1,,70,,Off,0,0,,76,Auckland,Traffic Signals,,,,,0,0,Urban,0,,,Fine,Null
1571216,5193808,23060,,586501,0,1,0,1,0,North,2006/2007,SH 1S,TRAM OFF RAMP NBD,,Minor Crash,Yes,2006,0,North,0,0,0,Flat,0,,0,,0,Dark,2455504,1,0,0,2,0,0,0,0,0,,0,0,Canterbury Region,Nil,1-way,Sealed,0,0,0,0,100,0,On,0,0,,59,Waimakariri District,Nil,0,0,0,0,1,0,Open,0,0,0,Fine,Null
1788090,5750124,23061,,531731,0,,0,0,,North,2006/2007,SH 3,PUKENUI ROAD,,Fatal Crash,Yes,2006,,North,,1,,Hill Road,,,,,,Bright sun,1011100,1,0,2,2,,,0,,,,,,Waikato Region,Nil,2-way,Sealed,,0,0,,100,,None,0,0,,20,Waitomo District,Nil,,,,,1,0,Open,0,,,Fine,Null
1726672,5985674,23062,,505010,0,,0,2,,South,2005/2006,ORUAWHARO ROAD,WIKI BROWN ROAD,,Serious Crash,No,2006,,North,,0,,Hill Road,,,,,,Dark,133200,1,0,0,2,,,0,,,,,,Northland Region,Nil,2-way,Unsealed,,0,1,,100,,None,0,0,,3,Kaipara District,Unknown,,,,,0,0,Open,0,,,Fine,Null
1459124,5093500,23063,,598313,0,0,0,0,0,Null,2006/2007,BROSNAN ROAD,LYNCH ROAD,,Minor Crash,No,2006,0,North,0,0,1,Flat,0,,0,,0,Bright sun,2772602,1,0,0,2,0,0,0,0,0,,0,0,Canterbury Region,Nil,2-way,Unsealed,0,0,0,0,100,0,Null,1,0,,64,Timaru District,Nil,0,0,0,0,0,0,Open,0,0,0,Fine,Null
2065013,5772367,23064,,543301,0,0,0,0,1,South,2005/2006,SH 35,PUKETITI ROAD,,Minor Crash,Yes,2006,0,South,0,0,0,Hill Road,0,,0,,0,Dark,1349500,3,0,0,2,0,0,0,0,0,,0,0,Gisborne Region,Nil,2-way,Sealed,0,0,0,0,100,0,None,0,0,,28,Gisborne District,Nil,0,0,0,0,0,0,Open,1,0,0,Heavy rain,Null
1677818,6021118,23065,,504600,0,,0,2,,Null,2005/2006,SH 12,LOGAN ST S,,Non-Injury Crash,Yes,2006,,East,,0,,Flat,,,,,,Bright sun,116900,0,0,0,2,,,0,,,,,,Northland Region,Nil,2-way,Sealed,,0,0,,50,,Off,0,0,,3,Kaipara District,Stop,,,,,0,0,Urban,0,,,Fine,Null
1900890,5782369,23066,,538820,0,,0,2,,West,2005/2006,SH 30,LAKE OKATAINA ROAD,,Minor Crash,Yes,2006,,West,,0,,Flat,,,,,,Bright sun,1251900,2,0,0,2,,,0,,,,,,Bay of Plenty Region,Nil,2-way,Sealed,,0,0,,80,,Null,0,0,,24,Rotorua District,Unknown,,,,,0,0,Open,0,,,Fine,Null
1270972,5015230,23067,,609200,0,,0,1,,Null,2005/2006,BERKSHIRE ST,CAERNARVON ST,,Minor Crash,No,2006,,North,,0,,Flat,,,,,,Bright sun,3034908,1,0,0,2,,,0,,,,,,Otago Region,Nil,2-way,Sealed,,0,0,,50,,Null,1,0,,70,Queenstown-Lakes District,Stop,,,,,0,0,Urban,0,,,Fine,Null
1776067,5810572,23068,,526602,0,,0,1,,East,2005/2006,SH 23,MANGAKINO ROAD,,Non-Injury Crash,Yes,2006,,South,,0,,Hill Road,,,,,,Bright sun,860900,0,0,0,2,,,0,,,,,,Waikato Region,Nil,2-way,Sealed,,0,0,,100,,Null,0,0,,13,Waikato District,Unknown,,,,,0,0,Open,1,,,Fine,Null
1878041,5794184,23069,,536630,0,0,0,1,1,South,2005/2006,SH 36,TE MATAI ROAD,,Serious Crash,Yes,2006,0,South,0,0,0,Hill Road,0,,0,,0,Twilight,1192602,0,0,0,2,0,0,0,0,0,,0,0,Bay of Plenty Region,Nil,2-way,Sealed,0,0,1,0,100,0,None,0,0,,22,Western Bay of Plenty District,Nil,0,0,0,0,0,0,Open,0,0,0,Light rain,Null
1766372,5900731,23070,,524713,0,,0,2,,West,2005/2006,WORDSWORTH ROAD,WENLOCK PLACE,,Non-Injury Crash,No,2006,,East,,0,,Flat,,,,,,Bright sun,775809,0,0,0,2,,,0,,,,,,Auckland Region,Nil,2-way,Sealed,,0,0,,50,,Off,0,0,,76,Auckland,Nil,,,,,0,0,Urban,0,,,Fine,Null
1757182,5930329,23071,,507710,0,0,0,1,0,East,2006/2007,CASTOR BAY ROAD,TAUMATA ROAD,,Minor Crash,No,2006,0,East,0,0,0,Hill Road,0,,1,,0,Overcast,313100,1,0,0,2,0,0,0,0,0,,0,0,Auckland Region,Nil,2-way,Sealed,0,0,0,0,50,0,Off,0,0,,76,Auckland,Nil,0,0,0,0,0,0,Urban,0,0,0,Light rain,Null
1766325,5913249,23072,,522920,0,,0,1,,West,2005/2006,PAKURANGA ROAD,TI RAKAU DRIVE,,Non-Injury Crash,No,2006,,West,,0,,Flat,,,,,,Bright sun,683400,0,0,0,4,,,0,,,,,,Auckland Region,Nil,2-way,Sealed,,0,0,,80,,Off,0,0,,76,Auckland,Nil,,,,,0,0,Open,0,,,Fine,Null
1759333,5884274,23073,,521121,0,0,0,1,0,South,2006/2007,GLENBROOK ROAD,BLOMFIELD LANE,,Minor Crash,No,2006,0,North,0,0,1,Flat,0,,0,,0,Dark,811200,1,0,0,2,0,0,0,0,0,,0,0,Auckland Region,Nil,2-way,Sealed,0,0,0,0,100,0,None,0,0,,76,Auckland,Nil,0,0,0,1,0,0,Open,0,0,0,Fine,Null
1797475,5820417,23074,,528320,0,0,0,1,0,Null,2005/2006,MANUKA ST,CYPRESS CRESCENT,,Non-Injury Crash,No,2006,0,West,0,0,0,Flat,0,,0,,0,Dark,897102,0,0,0,2,0,0,0,0,0,,0,0,Waikato Region,Nil,2-way,Sealed,0,0,0,0,50,0,Off,0,0,,16,Hamilton City,Nil,0,0,0,1,0,0,Urban,0,0,0,Fine,Null
1806910,5514536,23075,,563802,0,0,0,1,0,North,2005/2006,SH 56,TE REWA ROAD,,Minor Crash,Yes,2006,0,North,0,0,0,Flat,0,,0,,0,Dark,1852600,1,0,0,2,0,0,0,0,0,,0,0,Manawatū-Whanganui Region,Nil,2-way,Sealed,0,0,0,0,100,0,None,0,0,,42,Horowhenua District,Nil,0,0,0,0,0,0,Open,0,0,0,Fine,Null
1566922,5182084,23076,,589200,0,0,0,1,0,North,2005/2006,CLYDE ROAD,JEFFREYS ROAD,,Minor Crash,No,2006,0,North,0,0,1,Flat,0,,0,,0,Dark,2548603,2,0,0,2,0,0,0,0,0,,0,1,Canterbury Region,Nil,2-way,Sealed,0,0,0,0,50,0,On,0,0,,60,Christchurch City,Unknown,0,0,0,0,0,0,Urban,0,0,0,Fine,Null
1819537,5529264,23077,,562710,1,,0,1,,South,2006/2007,HIGHBURY AVENUE,JACKSON AVENUE,,Minor Crash,No,2006,,North,,0,,Flat,,,,,,Overcast,1818300,1,0,0,2,,,0,,,,,,Manawatū-Whanganui Region,Nil,2-way,Sealed,,0,0,,50,,Null,0,0,,40,Palmerston North City,Nil,,,,,0,0,Urban,0,,,Fine,Null
1759334,5903472,23078,,524200,0,,0,2,,Null,2005/2006,LEONARD ISITT DRIVE,TOM PEARCE DRIVE W,,Non-Injury Crash,No,2006,,East,,0,,Flat,,,,,,Bright sun,727200,0,0,0,2,,,0,,,,,,Auckland Region,Nil,2-way,Sealed,,0,0,,50,,Off,0,0,,76,Auckland,Stop,,,,,0,0,Urban,0,,,Fine,Null
1570876,5181285,23079,,592402,0,,0,1,,Null,2006/2007,MANCHESTER ST,BEALEY AVENUE,,Minor Crash,No,2006,,South,,0,,Flat,,,,,,Dark,2687400,1,0,1,2,,,0,,,,,,Canterbury Region,Nil,2-way,Sealed,,0,0,,50,,On,0,0,,60,Christchurch City,Traffic Signals,,,,,0,0,Urban,0,,,Fine,Null
1242990,4848649,23080,,611220,0,,0,1,,Null,2005/2006,CONON ST,BOWMONT ST,,Serious Crash,No,2006,,East,,0,,Flat,,,,,,Overcast,3110500,0,0,0,2,,,0,,,,,,Southland Region,Nil,2-way,Sealed,,0,1,,50,,Null,0,0,,75,Invercargill City,Give way,,,,,0,0,Urban,1,,,Light rain,Null
1406272,4914994,23081,,604300,0,,0,2,,Null,2006/2007,ANDERSONS BAY ROAD,ORARI ST,,Minor Crash,No,2006,,South,,0,,Flat,,,,,,Dark,2933000,1,0,0,4,,,0,,,,,,Otago Region,Nil,2-way,Sealed,,0,0,,50,,On,0,0,,71,Dunedin City,Traffic Signals,,,,,0,0,Urban,0,,,Heavy rain,Null
1672688,6081252,23082,,501700,0,,0,1,,North,2005/2006,Z CPK NEW WORLD,MEMORIAL AVENUE,,Non-Injury Crash,No,2006,,North,,0,,Flat,,,,,,Bright sun,43400,0,0,0,0,,,0,,,,,,Northland Region,Nil,Off road,Sealed,,0,0,,50,,Off,1,0,,1,Far North District,Nil,,,,,0,0,Urban,0,,,Fine,Null
1197832,4945300,23083,,612714,0,0,0,1,0,West,2006/2007,SH 94,LAGOON CRK BR,,Minor Crash,Yes,2006,0,East,0,0,0,Flat,0,,0,,0,Overcast,3172700,1,0,0,2,0,0,0,0,0,,0,0,Southland Region,Nil,2-way,Sealed,0,0,0,0,100,0,Null,0,0,,73,Southland District,Unknown,0,0,0,0,0,0,Open,0,0,1,Snow,Null
1569474,5188009,23084,,590400,0,,0,2,,North,2005/2006,SH 74 MAIN NORTH,RADCLIFFE ROAD,,Minor Crash,Yes,2006,,South,,0,,Flat,,,,,,Overcast,2513800,1,0,0,5,,,0,,,,,,Canterbury Region,Nil,2-way,Sealed,,0,0,,60,,Null,0,0,,60,Christchurch City,Nil,,,,,0,0,Urban,0,,,Fine,Null
1802449,5814981,23085,,530200,1,,0,1,,West,2005/2006,CLYDE ST,PEACHGROVE ROAD,,Minor Crash,No,2006,,East,,0,,Flat,,,,,,Overcast,892900,1,0,0,2,,,0,,,,,,Waikato Region,Nil,2-way,Sealed,,0,0,,50,,Null,0,0,,16,Hamilton City,Unknown,,,,,0,0,Urban,0,,,Fine,Null
1749791,5918034,23086,,514801,0,0,0,1,0,East,2005/2006,SH 16,ROSEBANK ON EBD,,Serious Crash,Yes,2006,0,East,1,0,0,Flat,0,Christmas New Year,0,,0,Dark,390401,2,0,0,3,0,0,0,0,0,,0,0,Auckland Region,Nil,1-way,Sealed,0,0,1,0,100,0,On,0,0,,76,Auckland,Nil,0,1,0,0,0,0,Open,0,0,0,Fine,Null
1757776,5918224,23087,,515700,0,,1,3,,South,2006/2007,SH 1N,KHYBER PASS ON SBD,,Minor Crash,Yes,2006,,South,,0,,Flat,,,,,,Overcast,443200,1,0,0,3,,,0,,,,,,Auckland Region,Nil,1-way,Sealed,,0,0,,80,,Null,0,0,,76,Auckland,Nil,,,,,0,0,Open,0,,,Fine,Null
1800775,5815707,23088,,529700,0,,0,1,,South,2006/2007,VICTORIA ST,LONDON ST,,Minor Crash,No,2006,,South,,0,,Flat,,,,,,Bright sun,910500,1,0,0,4,,,0,,,,,,Waikato Region,Nil,2-way,Sealed,,0,0,,50,,Off,0,0,,16,Hamilton City,Nil,,,,,0,0,Urban,1,,,Fine,Null
1767579,5904621,23089,,524604,1,,0,0,,South,2006/2007,Z CPK MCDONALDS,RONWOOD AVENUE,,Minor Crash,No,2006,,North,,0,,Flat,,Christmas New Year,,,,Bright sun,780204,1,0,0,1,,,0,,,,,,Auckland Region,Nil,Off road,Sealed,,0,0,,20,,Off,1,0,,76,Auckland,Nil,,,,,0,0,Urban,0,,,Fine,Null
1884346,5774876,23090,,540300,0,,0,3,,West,2005/2006,LAKE ROAD,RANOLF ST,,Minor Crash,No,2006,,East,,0,,Flat,,,,,,Overcast,1231500,1,0,0,2,,,0,,,,,,Bay of Plenty Region,Nil,2-way,Sealed,,0,0,,50,,Null,0,0,,24,Rotorua District,Unknown,,,,,0,0,Urban,0,,,Light rain,Null
1759456,5922493,23091,,509500,0,0,0,0,0,Null,2006/2007,ACHILLES ROAD,MONOWAI HILL ROAD,,Minor Crash,No,2006,0,East,0,0,0,Flat,0,,0,,1,Bright sun,335400,1,0,0,2,0,0,0,0,0,,0,0,Auckland Region,Nil,2-way,Sealed,0,0,0,0,30,0,Off,1,0,,76,Auckland,Nil,0,1,0,0,0,0,Urban,0,0,0,Fine,Null
1610716,6147696,23092,,500207,0,0,0,1,1,North,2006/2007,SH 1N,JUNIPER LANE,,Minor Crash,Yes,2006,0,North,0,0,0,Hill Road,0,,0,,0,Bright sun,1301,3,0,0,2,0,0,0,0,0,,0,0,Northland Region,Nil,2-way,Sealed,0,0,0,0,100,0,Off,0,0,,1,Far North District,Nil,0,0,0,1,0,0,Open,0,0,0,Fine,Null
1764120,5912420,23093,,520500,0,,0,1,,North,2006/2007,SH 1N,MT WGTN ON SBD,,Minor Crash,Yes,2006,,South,,0,,Flat,,,,,,Bright sun,637500,1,0,0,3,,,0,,,,,,Auckland Region,Nil,1-way,Sealed,,0,0,,100,,Off,0,0,,76,Auckland,Nil,,,,,1,0,Open,0,,,Fine,Null
1751758,5917321,23094,,514900,0,,0,2,,North,2006/2007,GREAT NORTH ROAD,OAKLEY AVENUE,,Minor Crash,No,2006,,South,,0,,Flat,,,,,,Overcast,384701,2,0,0,4,,,0,,,,,,Auckland Region,Nil,2-way,Sealed,,0,0,,50,,Off,0,0,,76,Auckland,Nil,,,,,0,0,Urban,1,,,Fine,Null
1573581,5179876,23095,,593502,0,0,0,1,0,Null,2006/2007,LINWOOD AVENUE,ALDWINS ROAD,,Minor Crash,No,2006,0,West,0,0,0,Flat,0,,1,,0,Bright sun,2605800,1,0,0,4,0,0,0,0,0,,1,0,Canterbury Region,Nil,2-way,Sealed,0,0,0,0,50,0,Null,0,0,,60,Christchurch City,Traffic Signals,0,0,0,0,0,0,Urban,0,0,0,Fine,Null
1766269,5917912,23096,,517001,0,,0,1,,Null,2005/2006,WEST TAMAKI ROAD,ELSTREE AVENUE,,Minor Crash,No,2006,,North,,0,,Flat,,,,,,Dark,471200,2,0,0,2,,,0,,,,,,Auckland Region,Nil,2-way,Sealed,,0,0,,50,,On,1,0,,76,Auckland,Stop,,,,,0,0,Urban,0,,,Light rain,Null
1753551,5924733,23097,,510401,0,,0,1,,Null,2005/2006,HIGHBURY BYPASS,MAHARA AVENUE,,Minor Crash,No,2006,,East,,0,,Hill Road,,,,,,Dark,355000,1,0,0,2,,,0,,,1,,,Auckland Region,Nil,2-way,Sealed,,0,0,,50,,On,0,0,,76,Auckland,Nil,,,,,0,0,Urban,0,,,Fine,Null
1844091,5811983,23098,,535501,0,0,0,1,1,Null,2006/2007,RAWHITI AVENUE,KAURI CRESCENT,,Minor Crash,No,2006,0,South,0,0,0,Flat,0,,0,,0,Dark,1118001,1,0,0,2,0,0,0,0,0,,1,0,Waikato Region,Nil,2-way,Sealed,0,0,0,0,50,0,On,0,0,,15,Matamata-Piako District,Give way,0,0,0,0,0,0,Urban,0,0,0,Fine,Null
1773507,5897346,23099,,525630,1,,0,1,,Null,2005/2006,GROVE ROAD,OLD WAIROA ROAD,,Non-Injury Crash,No,2006,,North,,0,,Flat,,,,,,Dark,795200,0,0,0,2,,,0,,,,,,Auckland Region,Nil,2-way,Sealed,,0,0,,50,,On,0,0,,76,Auckland,Stop,,,,,0,0,Urban,0,,,Fine,Null
1756450,5938115,23100,,508900,0,,0,0,,Null,2006/2007,BEACH ROAD,REGIONAL PARK ENT,,Minor Crash,No,2006,,West,,0,,Flat,,,,,,Twilight,178307,1,0,1,2,,,0,,,,,,Auckland Region,Bridge,2-way,Sealed,,0,0,,50,,Off,0,0,,76,Auckland,Nil,,,,,0,0,Urban,0,,,Fine,Null
1765119,5909970,23101,,521803,0,,0,1,,South,2005/2006,SH 1N,PRINCES OBR,,Minor Crash,Yes,2006,,South,,0,,Flat,,,,,,Bright sun,788300,1,0,0,3,,,0,,,,,,Auckland Region,Nil,1-way,Sealed,,0,0,,100,,Off,0,0,,76,Auckland,Nil,,,,,0,0,Open,1,,,Fine,Null
1567767,5178031,23102,,590300,0,,0,2,,Null,2005/2006,LYTTELTON ST,LINCOLN ROAD,,Minor Crash,No,2006,,East,,0,,Flat,,,,,,Overcast,2539102,1,0,0,2,,,0,,,,,,Canterbury Region,Nil,2-way,Sealed,,0,0,,50,,Null,0,0,,60,Christchurch City,Traffic Signals,,,,,0,0,Urban,0,,,Fine,Null
1747267,5913773,23103,,511100,0,,0,1,,Null,2006/2007,WEST COAST ROAD,CAPTAIN SCOTT ROAD,,Minor Crash,No,2006,,West,,0,,Flat,,,,,,Bright sun,286200,1,0,1,4,,,0,,,,,,Auckland Region,Nil,2-way,Sealed,,0,0,,50,,Off,0,0,,76,Auckland,Stop,,,,,0,0,Urban,0,,,Fine,Null
1763166,5903383,23104,,524604,0,0,0,1,0,South,2005/2006,PRICE ROAD,SH 20B,,Serious Crash,No,2006,0,South,0,0,0,Flat,0,,0,,0,Bright sun,781100,0,0,0,0,0,0,0,0,0,,0,0,Auckland Region,Nil,Off road,Unsealed,0,0,1,0,100,0,Null,0,0,,76,Auckland,Unknown,0,0,0,1,0,0,Open,0,0,0,Fine,Null
1755907,5928759,23105,,508510,0,0,0,0,0,East,2006/2007,BOWMAN ROAD,ARROW ROAD,,Minor Crash,No,2006,0,East,0,0,0,Hill Road,0,,0,,1,Bright sun,195900,1,0,0,2,0,0,0,0,0,,0,0,Auckland Region,Nil,2-way,Sealed,0,0,0,0,50,0,Off,0,0,,76,Auckland,Nil,0,0,0,1,1,0,Urban,0,0,0,Fine,Null
1775042,5907250,23106,,523202,0,,0,2,,West,2005/2006,BROWNHILL ROAD,WHITFORD PARK ROAD,,Non-Injury Crash,No,2006,,West,,0,,Flat,,Easter,,,,Dark,716603,0,0,0,2,,,0,,,,,,Auckland Region,Nil,2-way,Sealed,,0,0,,100,,None,0,0,,76,Auckland,Nil,,,,,0,0,Open,0,,,Fine,Null
1761593,5915791,23107,,516003,0,0,0,1,0,East,2005/2006,MARUA ROAD,LADIES MILE,,Minor Crash,No,2006,0,West,0,0,0,Hill Road,0,,0,,0,Bright sun,494806,1,0,0,2,0,0,0,0,0,,0,1,Auckland Region,Nil,2-way,Sealed,0,0,0,0,50,0,Off,0,0,,76,Auckland,Nil,0,0,0,0,0,0,Urban,0,0,0,Snow,Null
1768566,5906134,23108,,523711,0,0,0,1,0,Null,2005/2006,FLAT BUSH ROAD,DAWSON ROAD,,Minor Crash,No,2006,0,North,0,0,0,Flat,0,,0,,0,Dark,714806,2,0,0,1,0,0,0,0,0,,0,0,Auckland Region,Nil,2-way,Sealed,0,0,0,0,50,0,On,0,0,,76,Auckland,Give way,0,0,0,1,0,0,Urban,0,0,0,Light rain,Null
1819249,5831289,23109,,534500,0,0,0,0,1,West,2006/2007,HANGAWERA ROAD,GRAYDEN ROAD,,Serious Crash,No,2006,0,West,0,0,0,Hill Road,0,,0,,0,Bright sun,1090800,0,0,1,2,0,0,0,0,0,,0,0,Waikato Region,Nil,2-way,Sealed,0,0,1,0,100,0,Null,0,0,,15,Matamata-Piako District,Nil,0,0,0,0,0,0,Open,0,0,0,Fine,Null
1845112,5811139,23110,,535502,0,,0,0,,North,2005/2006,SH 24,KILBRIDE ROAD,,Non-Injury Crash,Yes,2006,,South,,0,,Flat,,,,,,Bright sun,1119902,0,0,0,2,,,0,,,,,,Waikato Region,Nil,2-way,Sealed,,0,0,,50,,Null,1,0,,15,Matamata-Piako District,Unknown,,,,,0,0,Urban,1,,,Fine,Null
1831578,5835094,23111,,534603,0,0,0,0,0,North,2006/2007,NO 1 ROAD,SH 26,,Minor Crash,No,2006,0,South,0,0,0,Flat,0,,0,,0,Bright sun,1096300,1,0,0,2,0,0,0,0,0,,0,0,Waikato Region,Nil,2-way,Sealed,0,0,0,0,100,0,None,0,0,,15,Matamata-Piako District,Nil,0,0,0,1,1,0,Open,0,0,0,Fine,Null
1757434,5920599,23112,,514102,1,,0,1,,Null,2006/2007,QUEEN ST,WYNDHAM ST,,Minor Crash,No,2006,,North,,0,,Flat,,,,,,Overcast,433503,1,0,0,4,,,0,,,,,,Auckland Region,Nil,2-way,Sealed,,0,0,,50,,Off,0,0,,76,Auckland,Traffic Signals,,,,,0,0,Urban,0,,,Fine,Null
1719583,6046579,23113,,502800,0,,0,1,,South,2006/2007,BANK ST,AUBREY ST,,Minor Crash,No,2006,,South,,0,,Flat,,,,,,Overcast,97300,1,0,0,2,,,0,,,1,,,Northland Region,Nil,2-way,Sealed,,0,0,,50,,Off,0,0,,2,Whangarei District,Traffic Signals,,,,,0,0,Urban,0,,,Fine,Null
1752784,5946881,23114,,505906,0,,0,2,,Null,2006/2007,WHANGAPARAOA ROAD,MARELLEN DRIVE,,Minor Crash,No,2006,,East,,0,,Hill Road,,,,,,Overcast,173803,1,0,0,4,,,0,,,,,,Auckland Region,Nil,2-way,Sealed,,0,0,,50,,Off,0,0,,76,Auckland,Give way,,,,,0,0,Urban,0,,,Fine,Null
1749912,5914012,23115,,511303,0,,0,1,,West,2005/2006,GREAT NORTH ROAD,MEMORIAL DRIVE W,,Serious Crash,No,2006,,East,,0,,Flat,,,,,,Dark,266000,0,0,0,4,,,0,,,1,,,Auckland Region,Nil,2-way,Sealed,,0,1,,50,,On,0,0,,76,Auckland,Nil,,,,,0,0,Urban,0,,,Heavy rain,Null
1750463,5914502,23116,,511303,0,,0,2,,Null,2005/2006,GREAT NORTH ROAD,PORTAGE ROAD,,Minor Crash,No,2006,,West,,0,,Flat,,,,,,Overcast,266200,1,0,0,4,,,0,,,,,,Auckland Region,Nil,2-way,Sealed,,0,0,,50,,Off,0,0,,76,Auckland,Traffic Signals,,,,,0,0,Urban,0,,,Fine,Null
1936806,5616740,23117,,545632,0,0,0,1,0,North,2005/2006,SH 2,AWATOTO ROAD,,Non-Injury Crash,Yes,2006,0,South,0,0,0,Flat,0,,0,,0,Twilight,1402900,0,0,0,2,0,0,0,0,0,,0,0,Hawke's Bay Region,Nil,2-way,Sealed,0,0,0,0,100,0,None,0,0,,31,Napier City,Nil,0,0,0,1,0,0,Open,0,0,0,Fine,Null
1765144,5920098,23118,,516700,0,0,0,3,0,West,2005/2006,TAMAKI DRIVE,LONG DRIVE,,Minor Crash,No,2006,0,East,0,0,0,Flat,0,,0,,0,Dark,508400,2,0,0,2,0,0,0,0,1,,0,0,Auckland Region,Nil,2-way,Sealed,0,0,0,0,50,0,On,0,0,,76,Auckland,Nil,0,0,0,0,0,0,Urban,0,0,0,Fine,Null
1772220,5894457,23119,,525530,0,0,0,1,0,Null,2006/2007,EDINBURGH AVENUE,TATARIKI ST,,Non-Injury Crash,No,2006,0,East,0,0,1,Flat,0,,0,,0,Dark,803900,0,0,0,2,0,0,0,0,0,,0,0,Auckland Region,Nil,2-way,Sealed,0,0,0,0,50,0,On,0,0,,76,Auckland,Nil,0,0,0,0,0,0,Urban,0,0,0,Heavy rain,Null
1755696,5919082,23120,,515420,0,,0,2,,Null,2005/2006,SUSSEX ST,CRUMMER ROAD,,Minor Crash,No,2006,,East,,0,,Hill Road,,,,,,Overcast,410800,1,0,0,2,,,0,,,,,,Auckland Region,Nil,2-way,Sealed,,0,0,,50,,Off,0,0,,76,Auckland,Stop,,,,,0,0,Urban,0,,,Light rain,Null
1788998,5755062,23121,,532000,0,,0,2,,Null,2005/2006,SH 3,WARD ST,,Non-Injury Crash,Yes,2006,,West,,0,,Flat,,,,,,Overcast,1008300,0,0,0,2,,,0,,,,,,Waikato Region,Nil,2-way,Sealed,,0,0,,50,,Null,1,0,,20,Waitomo District,Give way,,,,,0,0,Urban,0,,,Light rain,Null
1793437,5500693,23122,,564210,0,0,0,1,0,West,2005/2006,QUEEN ST EAST,SH 1N OXFORD,,Non-Injury Crash,No,2006,0,West,0,0,0,Flat,0,,0,,0,Dark,1865500,0,0,0,4,0,0,0,0,0,,0,0,Manawatū-Whanganui Region,Nil,2-way,Sealed,0,0,0,0,50,0,On,0,1,,42,Horowhenua District,Traffic Signals,0,0,0,0,0,0,Urban,1,1,0,Fine,Null