X,Y,OBJECTID,advisorySpeed,areaUnitID,bicycle,bridge,bus,carStationWagon,cliffBank,crashDirectionDescription,crashFinancialYear,crashLocation1,crashLocation2,crashRoadSideRoad,crashSeverity,crashSHDescription,crashYear,debris,directionRoleDescription,ditch,fatalCount,fence,flatHill,guardRail,holiday,houseOrBuilding,intersection,kerb,light,meshblockId,minorInjuryCount,moped,motorcycle,NumberOfLanes,objectThrownOrDropped,otherObject,otherVehicleType,overBank,parkedVehicle,pedestrian,phoneBoxEtc,postOrPole,region,roadCharacter,roadLane,roadSurface,roadworks,schoolBus,seriousInjuryCount,slipOrFlood,speedLimit,strayAnimal,streetLight,suv,taxi,temporarySpeedLimit,tlaId,tlaName,trafficControl,trafficIsland,trafficSign,train,tree,truck,unknownVehicleType,urban,vanOrUtility,vehicle,waterRiver,weatherA,weatherB
1759269,5916680,23123,,516001,0,,0,2,,South,2006/2007,SH 1N,MARKET OBR,,Minor Crash,Yes,2006,,South,,0,,Flat,,,,,,Dark,491700,1,0,0,4,,,0,,,,,,Auckland Region,Nil,1-way,Sealed,,0,0,,100,,On,0,0,,76,Auckland,Nil,,,,,0,0,Open,0,,,Fine,Null
1927597,5605358,23124,,545761,0,0,0,1,0,Null,2006/2007,MARAEKAKAHO ROAD,WALL ROAD,,Minor Crash,No,2006,0,West,0,0,1,Flat,0,,0,,0,Overcast,1469905,1,0,0,2,0,0,0,0,0,,0,0,Hawke's Bay Region,Nil,2-way,Sealed,0,0,0,0,70,0,Null,0,0,,30,Hastings District,Give way,0,0,0,0,1,0,Urban,0,0,0,Fine,Null
1823726,5463318,23125,,578600,0,,0,1,,North,2006/2007,SH 2,ESSEX ST,,Minor Crash,Yes,2006,,North,,0,,Flat,,,,,,Bright sun,2242500,2,0,0,2,,,0,,,1,,,Wellington Region,Nil,2-way,Sealed,,0,0,,50,,Null,0,0,,48,Masterton District,Nil,,,,,0,0,Urban,0,,,Fine,Null
1885233,5773280,23126,,540420,0,0,0,1,0,North,2006/2007,Z CPK COUNTDOWN,TI ST,,Non-Injury Crash,No,2006,0,North,0,0,0,Flat,0,,0,,0,Overcast,1237300,0,0,0,0,0,0,0,0,1,,0,0,Bay of Plenty Region,Nil,Off road,Sealed,0,0,0,0,30,0,Off,0,0,,24,Rotorua District,Nil,0,0,0,0,0,0,Urban,1,0,0,Light rain,Null
1751539,5916069,23127,,514401,0,,0,2,,Null,2005/2006,BLOCKHOUSE BAY ROAD,CRADOCK ST,,Minor Crash,No,2006,,West,,0,,Flat,,Christmas New Year,,,,Twilight,383801,1,0,0,2,,,0,,,,,,Auckland Region,Nil,2-way,Sealed,,0,0,,50,,Off,0,0,,76,Auckland,Give way,,,,,0,0,Urban,0,,,Null,Null
1756585,5930536,23128,,507710,0,,0,2,,North,2005/2006,EAST COAST ROAD,ABERDEEN ROAD,,Minor Crash,No,2006,,South,,0,,Flat,,,,,,Overcast,314700,3,0,0,2,,,0,,,,,,Auckland Region,Nil,2-way,Sealed,,0,0,,50,,Off,0,0,,76,Auckland,Nil,,,,,0,0,Urban,0,,,Fine,Null
1792650,5770780,23129,,531301,0,0,0,1,1,South,2005/2006,MCCREADY ROAD,SH 31,,Minor Crash,No,2006,0,North,0,0,0,Flat,0,,0,,0,Bright sun,995701,1,0,0,2,0,0,0,0,0,,0,0,Waikato Region,Nil,2-way,Sealed,0,0,0,0,100,0,Null,0,0,,18,Ōtorohanga District,Unknown,0,0,0,0,0,0,Open,0,0,0,Fine,Null
1703417,5680183,23130,,551013,0,,0,2,,Null,2006/2007,SH 3,SH 3A,,Minor Crash,Yes,2006,,West,,0,,Flat,,,,,,Dark,1562602,1,0,0,2,,,0,,,,,,Taranaki Region,Nil,2-way,Sealed,,0,0,,100,,On,0,0,,33,New Plymouth District,Give way,,,,,0,0,Open,0,,,Fine,Null
1757711,5435477,23131,,569302,0,,0,1,,West,2005/2006,SH 2,DOWSE DRIVE,,Non-Injury Crash,Yes,2006,,West,,0,,Flat,,,,,,Overcast,1921900,0,0,0,2,,,0,,,,,,Wellington Region,Nil,1-way,Sealed,,0,0,,100,,Null,0,0,,46,Lower Hutt City,Nil,,,,,1,0,Open,0,,,Light rain,Null
1790001,5840510,23132,,527401,0,,0,1,,Null,2006/2007,HARRIS ST,SEMPLE ST,,Non-Injury Crash,No,2006,,North,,0,,Flat,,,,,,Overcast,945300,0,0,0,2,,,0,,,,,,Waikato Region,Nil,2-way,Sealed,,0,0,,50,,Null,1,0,,13,Waikato District,Give way,,,,,0,0,Urban,0,,,Fine,Null
1640403,6073175,23133,,500802,0,,0,1,,Null,2006/2007,SH 12,PUKAWA ROAD,,Non-Injury Crash,Yes,2006,,South,,0,,Hill Road,,,,,,Overcast,25500,0,0,0,2,,,0,,,,,,Northland Region,Nil,2-way,Sealed,,0,0,,100,,Null,0,0,,1,Far North District,Stop,,,,,0,0,Open,1,,,Fine,Null
1751820,5970346,23134,,506661,0,0,0,1,0,West,2005/2006,SANDSPIT ROAD,HAMILTON ROAD,,Non-Injury Crash,No,2006,0,West,0,0,0,Hill Road,0,,0,,0,Bright sun,139400,0,0,0,2,0,0,0,0,0,,0,0,Auckland Region,Nil,2-way,Sealed,0,0,0,0,100,0,None,0,0,,76,Auckland,Nil,0,0,0,1,0,0,Open,0,0,0,Fine,Null
1758654,5447837,23135,,572200,0,0,0,0,1,North,2005/2006,SH 58,SPINNAKER DRIVE,,Minor Crash,Yes,2006,0,West,0,0,0,Flat,0,,0,,0,Bright sun,2071301,1,0,1,2,0,0,0,0,0,,0,0,Wellington Region,Nil,2-way,Sealed,0,0,0,0,80,0,Null,0,0,,44,Porirua City,Nil,0,1,0,0,0,0,Open,0,0,0,Fine,Null
1774991,5873979,23136,,521131,0,,0,2,,East,2005/2006,WHANGARATA ROAD,GEORGE ST,,Minor Crash,No,2006,,East,,0,,Flat,,Queens Birthday,,,,Twilight,828800,1,0,0,2,,,0,,,,,,Waikato Region,Nil,2-way,Sealed,,0,0,,100,,None,0,0,,13,Waikato District,Nil,,,,,0,0,Open,0,,,Fine,Null
1877319,5820681,23137,,537700,1,,0,1,,Null,2006/2007,FRASER ST,OXFORD ST,,Minor Crash,No,2006,,West,,0,,Hill Road,,,,,,Overcast,1174000,1,0,0,2,,,0,,,,,,Bay of Plenty Region,Nil,2-way,Sealed,,0,0,,50,,Null,0,0,,23,Tauranga City,Give way,,,,,0,0,Urban,0,,,Fine,Null
1761884,5920046,23138,,516400,0,0,0,3,0,East,2006/2007,TAMAKI DRIVE,NGAPIPI ROAD,,Non-Injury Crash,No,2006,0,East,0,0,0,Flat,0,,0,,0,Bright sun,498801,0,0,0,4,0,0,0,0,1,,0,0,Auckland Region,Nil,2-way,Sealed,0,0,0,0,50,0,Off,0,1,,76,Auckland,Nil,0,0,0,0,0,0,Urban,0,0,0,Fine,Null
1764236,5920206,23139,,516601,0,0,0,1,0,West,2005/2006,TAMAKI DRIVE,AVERILL AVENUE,,Non-Injury Crash,No,2006,0,East,0,0,0,Flat,0,,0,,0,Dark,503900,0,0,0,2,0,0,0,0,0,,0,0,Auckland Region,Nil,2-way,Sealed,0,0,0,0,50,0,On,0,0,,76,Auckland,Nil,1,0,0,0,0,0,Urban,0,0,0,Fine,Null
1740333,5926122,23140,,513701,0,0,0,1,0,West,2006/2007,TAUPAKI ROAD,NIXON ROAD,,Non-Injury Crash,No,2006,0,West,1,0,1,Hill Road,0,,0,,0,Overcast,229400,0,0,0,2,0,0,0,0,0,,0,0,Auckland Region,Nil,2-way,Sealed,0,0,0,0,70,0,None,0,0,30,76,Auckland,Nil,0,0,0,0,0,0,Urban,0,0,0,Fine,Null
1750493,5913721,23141,,511303,0,,0,1,,Null,2006/2007,PORTAGE ROAD,CLARK ST,,Non-Injury Crash,No,2006,,North,,0,,Flat,,,,,,Overcast,265300,0,0,0,2,,,0,,,,,,Auckland Region,Nil,2-way,Sealed,,0,0,,50,,Off,0,0,,76,Auckland,Give way,,,,,1,0,Urban,0,,,Fine,Null
1755905,5935244,23142,,507101,0,0,0,2,0,South,2006/2007,Z CPK WOOLWORTHS,INVERNESS ROAD,,Non-Injury Crash,No,2006,0,South,0,0,0,Flat,0,,0,,0,Bright sun,161100,0,0,0,0,0,0,0,0,1,,0,0,Auckland Region,Nil,Off road,Sealed,0,0,0,0,10,0,Off,0,0,,76,Auckland,Nil,0,0,0,0,0,0,Urban,0,0,0,Fine,Null
1750832,5915592,23143,,514802,0,,0,1,,North,2006/2007,ROSEBANK ROAD,ASH ST,,Non-Injury Crash,No,2006,,South,,0,,Flat,,,,,,Bright sun,390200,0,0,0,6,,,0,,,,,,Auckland Region,Nil,2-way,Sealed,,0,0,,50,,Off,1,0,,76,Auckland,Traffic Signals,,,,,0,0,Urban,0,,,Fine,Null
1411837,4941779,23144,,601603,0,,0,2,,North,2006/2007,SH 1S,WHITES ROAD,,Minor Crash,Yes,2006,,North,,0,,Hill Road,,,,,,Overcast,2858400,2,0,0,3,,,0,,,,,,Otago Region,Nil,2-way,Sealed,,0,0,,100,,Null,0,0,50,71,Dunedin City,Unknown,,,,,0,0,Open,0,,,Light rain,Null
1744467,5974610,23145,55,506661,0,,0,3,,North,2006/2007,SH 1N,L PHILLIPS ROAD,,Non-Injury Crash,Yes,2006,,South,,0,,Hill Road,,,,,,Overcast,138900,0,0,0,2,,,0,,,,,,Auckland Region,Nil,2-way,Sealed,,0,0,,100,,None,0,0,,76,Auckland,Nil,,,,,0,0,Open,0,,,Light rain,Null
1284369,4828897,23146,65,610080,0,0,0,1,0,West,2005/2006,FORTROSE-OTARA ROAD,OTARA-TOKANUI ROAD,,Minor Crash,No,2006,0,East,0,0,1,Hill Road,0,,0,,0,Bright sun,3095700,1,0,0,2,0,0,0,1,0,,0,0,Southland Region,Nil,2-way,Sealed,0,0,0,0,100,0,Null,0,0,,73,Southland District,Unknown,0,0,0,0,0,0,Open,0,0,0,Fine,Null
1869341,5710122,23147,,541760,0,0,0,1,0,Null,2006/2007,NEWBERRY PLACE,HYDE AVENUE,,Non-Injury Crash,No,2006,0,South,0,0,1,Flat,0,,0,,0,Dark,1267009,0,0,0,2,0,0,0,0,0,,0,0,Waikato Region,Nil,2-way,Sealed,0,0,0,0,50,0,On,0,0,,21,Taupo District,Nil,0,0,0,0,0,0,Urban,0,0,0,Fine,Null
1463185,5100018,23148,,598600,0,,0,0,,Null,2006/2007,PRINCES ST,WILKIN ST,,Serious Crash,No,2006,,West,,0,,Flat,,Christmas New Year,,,,Dark,2767500,0,0,1,2,,,0,,,,,,Canterbury Region,Nil,2-way,Sealed,,0,1,,50,,On,0,0,,64,Timaru District,Give way,,,,,0,0,Urban,0,,,Fine,Null
1836279,5655666,23149,75,541501,0,0,0,0,0,North,2005/2006,SH 1N,WAIHOHONU BR,,Non-Injury Crash,Yes,2006,0,South,0,0,1,Hill Road,0,,0,,0,Dark,1289001,0,0,0,2,0,0,0,0,0,,0,0,Waikato Region,Nil,2-way,Sealed,0,0,0,0,100,0,None,0,0,,21,Taupo District,Nil,0,0,0,0,0,0,Open,1,0,0,Fine,Frost
1883999,5825464,23150,,536831,0,,0,3,,North,2005/2006,SH 2,GIRVEN ROAD,,Serious Crash,Yes,2006,,North,,0,,Flat,,,,,,Bright sun,1200900,2,0,0,2,,,0,,,,,,Bay of Plenty Region,Nil,2-way,Sealed,,0,1,,70,,Null,0,0,,23,Tauranga City,Unknown,,,,,0,0,Urban,0,,,Fine,Null
1800692,5815347,23151,,529700,0,0,0,2,0,West,2005/2006,Z CPK BURGER KING,ANGLESEA ST,,Non-Injury Crash,No,2006,0,North,0,0,0,Flat,0,,0,,0,Dark,910900,0,0,0,0,0,0,0,0,1,,0,0,Waikato Region,Nil,Off road,Sealed,0,0,0,0,30,0,On,0,0,,16,Hamilton City,Nil,0,0,0,0,0,0,Urban,0,0,0,Fine,Null
1756035,5913829,23152,,518500,0,0,0,3,0,East,2005/2006,MOUNT ALBERT ROAD,FROST ROAD,,Minor Crash,No,2006,0,West,0,0,0,Flat,0,,0,,0,Dark,563300,1,0,0,2,0,0,0,0,1,,0,0,Auckland Region,Nil,2-way,Sealed,0,0,0,0,50,0,On,0,0,,76,Auckland,Nil,0,0,0,0,0,0,Urban,0,0,0,Fine,Null
1767944,5901170,23153,,525001,0,,0,3,,North,2005/2006,JUTLAND ROAD,GLOUCESTER ROAD,,Non-Injury Crash,No,2006,,South,,0,,Flat,,,,,,Overcast,751800,0,0,0,2,,,0,,,,,,Auckland Region,Nil,2-way,Sealed,,0,0,,50,,Off,0,0,,76,Auckland,Nil,,,,,0,0,Urban,0,,,Fine,Null
1578338,5177346,23154,,596102,0,,0,2,,Null,2005/2006,MAIN ROAD,MCCORMACKS BAY ROAD,,Minor Crash,No,2006,,West,,0,,Flat,,,,,,Bright sun,2701300,1,0,0,2,,,0,,,,,,Canterbury Region,Nil,2-way,Sealed,,0,0,,50,,Null,1,0,,60,Christchurch City,Give way,,,,,0,0,Urban,0,,,Fine,Null
1766833,5892353,23155,,521122,0,,0,0,,Null,2005/2006,LINWOOD ROAD,BLACKBRIDGE ROAD,,Non-Injury Crash,No,2006,,West,,0,,Flat,,,,,,Bright sun,810100,0,0,0,3,,,0,,,,,,Auckland Region,Nil,2-way,Sealed,,0,0,,100,,None,0,0,,76,Auckland,Give way,,,,,0,0,Open,2,,,Fine,Null
1761369,5914348,23156,,520202,0,0,0,2,0,North,2006/2007,SH 1N,PENROSE INT N,,Minor Crash,Yes,2006,0,South,0,0,0,Flat,1,,0,,0,Dark,612501,1,0,0,3,0,0,0,0,0,,0,1,Auckland Region,Nil,1-way,Sealed,0,0,0,0,100,0,On,0,1,,76,Auckland,Nil,0,0,0,0,0,0,Open,0,0,0,Fine,Null
1406367,4920197,23157,,603810,0,0,0,1,0,North,2005/2006,MALVERN ST,PATMOS AVENUE,,Minor Crash,No,2006,0,South,0,0,1,Flat,0,,1,,0,Dark,2890401,2,0,0,2,0,0,0,0,0,,0,0,Otago Region,Nil,2-way,Sealed,0,0,0,0,50,0,On,0,0,,71,Dunedin City,Unknown,0,0,0,1,0,0,Urban,0,0,0,Fine,Null
1750545,5913717,23158,,511303,1,0,0,0,0,East,2006/2007,CLARK ST,PORTAGE ROAD,,Serious Crash,No,2006,0,East,0,0,0,Hill Road,0,,0,,0,Bright sun,265200,0,0,0,2,0,0,0,0,0,,0,0,Auckland Region,Nil,2-way,Sealed,0,0,1,0,50,0,Off,0,0,,76,Auckland,Nil,0,1,0,0,0,0,Urban,0,0,0,Fine,Null
1570805,5180401,23159,,591500,1,,0,1,,Null,2006/2007,ARMAGH ST,NEW REGENT ST,,Serious Crash,No,2006,,West,,0,,Flat,,,,,,Bright sun,2653600,0,0,0,2,,,0,,,,,,Canterbury Region,Nil,2-way,Sealed,,0,1,,50,,Null,0,0,,60,Christchurch City,Nil,,,,,0,0,Urban,0,,,Fine,Null
1762228,5913570,23160,,520500,0,,0,1,,South,2005/2006,SH 1N,PENROSE OBR,,Non-Injury Crash,Yes,2006,,North,,0,,Flat,,,,,,Overcast,637100,0,0,0,3,,,0,,,,,,Auckland Region,Nil,1-way,Sealed,,0,0,,100,,Off,1,0,,76,Auckland,Nil,,,,,0,0,Open,0,,,Light rain,Null
1623562,6114340,23161,,500301,0,,0,0,,North,2005/2006,PUKEPOTO ROAD,VEGAR ST,,Minor Crash,No,2006,,South,,0,,Flat,,,,,,Overcast,16300,3,0,0,2,,,0,,,2,,,Northland Region,Bridge,2-way,Sealed,,0,0,,50,,None,1,0,,1,Far North District,Nil,,,,,0,0,Urban,0,,,Fine,Null
1349976,4873855,23162,,606700,0,1,0,0,0,Null,2006/2007,KAITANGATA HIGHWAY,RAIL OBR,,Minor Crash,No,2006,0,East,0,0,0,Flat,0,,0,,0,Overcast,2984100,1,0,0,2,0,0,0,0,0,,0,0,Otago Region,Bridge,2-way,Sealed,0,0,0,0,100,0,Null,0,0,,72,Clutha District,Unknown,0,0,0,0,1,0,Open,0,0,0,Fine,Null
1756115,5923798,23163,,509800,0,,0,6,,South,2005/2006,SH 1N,ONEWA ON SBD,,Minor Crash,Yes,2006,,South,,0,,Flat,,,,,,Dark,358800,3,0,0,4,,,0,,,,,,Auckland Region,Nil,1-way,Sealed,,0,0,,80,,On,0,0,,76,Auckland,Nil,,,,,0,0,Open,0,,,Fine,Null
1577061,5182367,23164,,593800,0,0,0,1,0,Null,2006/2007,SH 74 ANZAC,PAGES ROAD,,Serious Crash,Yes,2006,0,West,0,0,1,Flat,0,,0,,0,Overcast,2571201,1,0,0,2,0,0,0,0,1,,0,0,Canterbury Region,Nil,2-way,Sealed,0,0,1,0,50,0,Null,0,0,,60,Christchurch City,Traffic Signals,0,0,0,0,1,0,Urban,0,0,0,Fine,Null
1770455,5912762,23165,,523101,0,,0,3,,West,2005/2006,CASCADES ROAD,BOTANY ROAD,,Non-Injury Crash,No,2006,,East,,0,,Flat,,,,,,Overcast,710517,0,0,0,2,,,0,,,,,,Auckland Region,Nil,2-way,Sealed,,0,0,,50,,Off,0,0,,76,Auckland,Nil,,,,,0,0,Urban,0,,,Fine,Null
1778723,5915661,23166,,523300,0,0,0,1,0,East,2005/2006,BEACHLANDS ROAD,THE WAY,,Serious Crash,No,2006,0,West,0,0,0,Flat,0,Christmas New Year,0,,0,Bright sun,719400,0,0,0,2,0,0,0,0,0,,0,1,Auckland Region,Nil,2-way,Sealed,0,0,1,0,50,0,Null,0,0,,76,Auckland,Unknown,0,0,0,0,0,0,Urban,0,0,0,Fine,Null
1801383,5815860,23167,,530100,0,,0,2,,South,2005/2006,CLAUDELANDS ROAD,GREY ST,,Serious Crash,No,2006,,North,,0,,Flat,,,,,,Bright sun,894400,0,0,0,4,,,0,,,,,,Waikato Region,Nil,2-way,Sealed,,0,1,,50,,Null,0,0,,16,Hamilton City,Unknown,,,,,0,0,Urban,0,,,Fine,Null
1242396,4828955,23168,,612100,0,0,0,1,0,East,2006/2007,SH 1S,SHANNON ST,,Serious Crash,Yes,2006,0,West,0,0,0,Hill Road,0,Labour Weekend,0,,0,Dark,3156300,0,0,0,2,0,0,0,0,0,,0,1,Southland Region,Nil,2-way,Sealed,0,0,1,0,50,0,On,0,0,,75,Invercargill City,Unknown,0,0,0,0,0,0,Urban,0,0,0,Fine,Null
1800872,5812665,23169,,530400,0,,0,2,,North,2005/2006,SH 3,SH3 ON RAMP,,Non-Injury Crash,Yes,2006,,South,,0,,Flat,,Easter,,,,Bright sun,923400,0,0,0,2,,,0,,,,,,Waikato Region,Nil,2-way,Sealed,,0,0,,50,,Null,1,0,,16,Hamilton City,Unknown,,,,,0,0,Urban,0,,,Fine,Null
1764257,5920194,23170,,516601,0,,0,1,,East,2005/2006,TAMAKI DRIVE,AVERILL AVENUE,,Minor Crash,No,2006,,East,,0,,Flat,,,,,,Dark,504100,1,1,0,2,,,0,,,,,,Auckland Region,Nil,2-way,Sealed,,0,0,,50,,On,0,0,,76,Auckland,Nil,,,,,0,0,Urban,0,,,Fine,Null
1741233,6005239,23171,,505010,0,0,0,1,0,South,2006/2007,COVE ROAD,BARRIER VIEW ROAD,,Minor Crash,No,2006,0,North,1,0,0,Flat,0,,0,,0,Overcast,133504,1,0,0,2,0,0,0,0,0,,0,0,Northland Region,Nil,2-way,Sealed,0,0,0,0,100,0,Off,0,0,,3,Kaipara District,Nil,0,0,0,0,0,0,Open,0,0,0,Light rain,Null
1752459,5918955,23172,,515002,1,0,0,1,0,North,2006/2007,MOA ROAD,WALMER ROAD,,Minor Crash,No,2006,0,North,0,0,0,Hill Road,0,,0,,0,Overcast,395900,1,0,0,2,0,0,0,0,0,,0,0,Auckland Region,Nil,2-way,Sealed,0,0,0,0,50,0,Off,0,0,,76,Auckland,Nil,0,0,0,0,0,0,Urban,0,1,0,Fine,Null
1407737,4917619,23173,,603602,0,,0,2,,Null,2005/2006,ANZAC AVENUE,UNION ST EAST,,Minor Crash,No,2006,,West,,0,,Flat,,,,,,Bright sun,2869200,2,0,0,2,,,0,,,,,,Otago Region,Nil,2-way,Sealed,,0,0,,50,,Null,0,0,,71,Dunedin City,Give way,,,,,0,0,Urban,0,,,Fine,Null
1749560,5945448,23174,,505806,0,,0,1,,Null,2006/2007,EAST COAST ROAD,FORGE ROAD,,Minor Crash,No,2006,,South,,0,,Hill Road,,,,,,Bright sun,176802,1,0,0,4,,,0,,,,,,Auckland Region,Nil,2-way,Sealed,,0,0,,100,,Off,0,0,,76,Auckland,Stop,,,,,0,0,Open,1,,,Fine,Null
1764580,5905889,23175,,522100,0,,0,0,,West,2006/2007,HILLCREST ROAD,STATION ROAD,,Serious Crash,No,2006,,East,,0,,Flat,,,,,,Bright sun,657700,0,0,0,2,,,0,,,1,,,Auckland Region,Nil,2-way,Sealed,,0,1,,50,,Null,0,0,,76,Auckland,Unknown,,,,,0,0,Urban,1,,,Fine,Null
1747676,5919454,23176,,512402,0,,0,1,,East,2005/2006,SH 16,TE ATATU OFF WBD,,Serious Crash,Yes,2006,,West,,0,,Flat,,,,,,Dark,253700,0,0,0,3,,,0,,,1,,,Auckland Region,Nil,1-way,Sealed,,0,1,,100,,On,0,0,,76,Auckland,Nil,,,,,0,0,Open,0,,,Fine,Null
1752650,5918235,23177,,515002,0,,0,0,,East,2006/2007,GREAT NORTH ROAD,KIWI ROAD,,Minor Crash,No,2006,,East,,0,,Flat,,,,,,Overcast,390501,2,0,0,4,,,0,,,,,,Auckland Region,Nil,2-way,Sealed,,0,0,,50,,Off,1,0,,76,Auckland,Nil,,,,,0,0,Urban,1,,,Light rain,Null
1567811,5179465,23178,,590800,0,,0,1,,West,2005/2006,BLENHEIM ROAD,CLARENCE ST,,Minor Crash,No,2006,,East,,0,,Flat,,,,,,Bright sun,2474200,1,0,0,4,,,0,,,,,,Canterbury Region,Nil,2-way,Sealed,,0,0,,60,,Null,1,0,,60,Christchurch City,Unknown,,,,,0,0,Urban,0,,,Fine,Null
1767942,5904467,23179,,524604,0,0,0,1,0,North,2006/2007,SH 1N,MANUKAU OFF NBD,,Fatal Crash,Yes,2006,0,North,0,1,0,Flat,1,,0,,0,Twilight,780302,4,0,0,3,0,0,0,0,0,,0,0,Auckland Region,Nil,1-way,Sealed,0,0,1,0,100,0,Off,0,0,,76,Auckland,Nil,0,0,0,1,0,0,Open,0,0,0,Fine,Null
1245626,4999138,23180,,609031,0,0,0,1,0,West,2006/2007,GLENORCHY-QUEENSTOWN ROAD,FISHERMANS LANE,,Minor Crash,No,2006,0,West,1,0,0,Hill Road,0,,0,,0,Bright sun,3039517,2,0,0,2,0,0,0,0,0,,0,0,Otago Region,Nil,2-way,Sealed,0,0,0,0,100,0,Null,0,0,,70,Queenstown-Lakes District,Unknown,0,0,0,0,0,0,Open,0,0,0,Fine,Null
1929657,5605330,23181,,548200,0,,0,2,,Null,2006/2007,NELSON ST NORTH,QUEEN ST WEST,,Minor Crash,No,2006,,West,,0,,Flat,,,,,,Bright sun,1490800,1,0,0,2,,,0,,,,,,Hawke's Bay Region,Nil,2-way,Sealed,,0,0,,50,,Null,0,0,,30,Hastings District,Give way,,,,,0,0,Urban,0,,,Fine,Null
1820938,5529925,23182,,562310,0,,0,2,,Null,2006/2007,FEATHERSTON ST,BOURKE ST,,Serious Crash,No,2006,,North,,0,,Flat,,,,,,Dark,1824400,2,0,0,2,,,0,,,,,,Manawatū-Whanganui Region,Nil,2-way,Sealed,,0,1,,50,,On,0,0,,40,Palmerston North City,Give way,,,,,0,0,Urban,0,,,Heavy rain,Null
1718424,6045515,23183,,502900,0,0,0,1,0,North,2005/2006,SH 1N,FOURTH AVENUE,,Serious Crash,Yes,2006,0,West,0,0,1,Hill Road,0,,0,,0,Dark,103000,1,0,0,2,0,0,0,0,0,,0,0,Northland Region,Nil,2-way,Sealed,0,0,1,0,50,0,On,0,0,,2,Whangarei District,Nil,0,0,0,0,1,0,Urban,0,0,0,Fine,Null
1743253,5919169,23184,,513213,0,,0,0,,Null,2005/2006,SWANSON ROAD,AFTON PLACE,,Serious Crash,No,2006,,West,,0,,Flat,,,,,,Dark,235904,0,0,0,2,,,0,,,,,,Auckland Region,Nil,2-way,Sealed,,0,1,,50,,On,1,0,,76,Auckland,Give way,,,,,0,0,Urban,1,,,Fine,Null
1507443,5181560,23185,,587100,0,0,0,1,1,North,2006/2007,SH 77,HARDYS ROAD,,Minor Crash,Yes,2006,0,South,0,0,0,Flat,0,,0,,0,Bright sun,2464200,1,0,0,2,0,0,0,0,0,,0,0,Canterbury Region,Nil,2-way,Sealed,0,0,0,0,100,0,Null,0,0,,62,Selwyn District,Unknown,0,0,0,0,0,0,Open,0,0,0,Fine,Null
1756636,5930503,23186,,507710,0,,0,1,,South,2005/2006,EAST COAST ROAD,ABERDEEN ROAD,,Fatal Crash,No,2006,,East,,1,,Flat,,,,,,Bright sun,315003,0,0,0,2,,,0,,,1,,,Auckland Region,Nil,2-way,Sealed,,0,0,,50,,Off,0,0,,76,Auckland,Give way,,,,,0,0,Urban,0,,,Fine,Null
1766205,5907068,23187,,522301,0,,0,2,,Null,2005/2006,HUIA ROAD,HOTEO AVENUE,,Minor Crash,No,2006,,South,,0,,Flat,,,,,,Bright sun,667200,1,0,0,2,,,0,,,,,,Auckland Region,Nil,2-way,Sealed,,0,0,,50,,Off,0,0,,76,Auckland,Nil,,,,,0,0,Urban,0,,,Fine,Null
1772866,5891991,23188,,521301,0,,0,2,,North,2006/2007,SH 1N,BREMNER OBR,,Minor Crash,Yes,2006,,South,,0,,Hill Road,,,,,,Bright sun,808701,2,0,0,2,,,0,,,,,,Auckland Region,Nil,1-way,Sealed,,0,0,,100,,Off,0,0,,76,Auckland,Nil,,,,,0,0,Open,0,,,Fine,Null
1903609,5566497,23189,,549500,0,,0,1,,North,2005/2006,PORANGAHAU ROAD,ST MARYS ROAD,,Serious Crash,No,2006,,North,,0,,Hill Road,,,,,,Bright sun,1520900,0,0,0,2,,,0,,,1,,,Hawke's Bay Region,Nil,2-way,Sealed,,0,1,,50,,Null,0,0,,32,Central Hawke's Bay District,Nil,,,,,0,0,Urban,0,,,Fine,Null
1700399,5679059,23190,,550902,0,0,0,1,0,Null,2005/2006,SH 3,CORBETT ROAD,,Minor Crash,Yes,2006,0,East,0,0,0,Flat,0,,0,,0,Overcast,1563000,4,0,0,2,0,0,0,0,0,,0,1,Taranaki Region,Nil,2-way,Sealed,0,0,0,0,100,0,Null,0,0,,33,New Plymouth District,Stop,0,0,0,0,0,0,Open,1,0,0,Fine,Null
1755315,5928890,23191,,508320,0,,0,1,,West,2005/2006,HILLSIDE ROAD,WAIRAU ROAD,,Minor Crash,No,2006,,East,,0,,Flat,,,,,,Bright sun,196700,1,0,0,2,,,0,,,1,,,Auckland Region,Nil,2-way,Sealed,,0,0,,50,,Off,0,0,,76,Auckland,Nil,,,,,0,0,Urban,0,,,Fine,Null
1458087,5084700,23192,,598900,0,,0,1,,West,2006/2007,PAGES ROAD,USK ST,,Minor Crash,No,2006,,East,,0,,Flat,,,,,,Overcast,2784600,2,0,0,2,,,0,,,,,,Canterbury Region,Nil,2-way,Sealed,,0,0,,50,,Null,1,0,,64,Timaru District,Nil,,,,,0,0,Urban,0,,,Light rain,Null
1762277,5913483,23193,,520500,0,,0,3,,South,2006/2007,SH 1N,PENROSE OBR,,Minor Crash,Yes,2006,,North,,0,,Flat,,,,,,Overcast,637100,1,0,0,3,,,0,,,,,,Auckland Region,Nil,1-way,Sealed,,0,0,,100,,Off,0,0,,76,Auckland,Nil,,,,,0,0,Open,1,,,Light rain,Null
1865763,5730079,23194,,541334,0,0,0,1,0,North,2005/2006,SH 1N,ORUANUI ROAD,,Minor Crash,Yes,2006,0,North,0,0,1,Flat,0,,0,,0,Dark,1276902,1,0,0,2,0,0,0,1,0,,0,0,Waikato Region,Nil,2-way,Sealed,0,0,0,0,100,0,None,0,0,,21,Taupo District,Unknown,0,0,0,0,0,0,Open,0,0,0,Fine,Null