X,Y,OBJECTID,advisorySpeed,areaUnitID,bicycle,bridge,bus,carStationWagon,cliffBank,crashDirectionDescription,crashFinancialYear,crashLocation1,crashLocation2,crashRoadSideRoad,crashSeverity,crashSHDescription,crashYear,debris,directionRoleDescription,ditch,fatalCount,fence,flatHill,guardRail,holiday,houseOrBuilding,intersection,kerb,light,meshblockId,minorInjuryCount,moped,motorcycle,NumberOfLanes,objectThrownOrDropped,otherObject,otherVehicleType,overBank,parkedVehicle,pedestrian,phoneBoxEtc,postOrPole,region,roadCharacter,roadLane,roadSurface,roadworks,schoolBus,seriousInjuryCount,slipOrFlood,speedLimit,strayAnimal,streetLight,suv,taxi,temporarySpeedLimit,tlaId,tlaName,trafficControl,trafficIsland,trafficSign,train,tree,truck,unknownVehicleType,urban,vanOrUtility,vehicle,waterRiver,weatherA,weatherB
1247405,4842752,23195,65,609914,0,0,0,1,1,South,2006/2007,MOTU RIMU ROAD,BLYTH ST,,Serious Crash,No,2006,0,North,1,0,0,Flat,0,,0,,0,Overcast,3160900,0,0,0,2,0,0,0,0,0,,0,0,Southland Region,Nil,2-way,Sealed,0,0,1,0,100,0,Null,0,0,,75,Invercargill City,Unknown,0,0,0,0,0,0,Open,0,0,0,Light rain,Null
1759920,5914033,23196,,519720,0,0,0,1,0,South,2005/2006,TAWHIRI ROAD,TE KAWA ROAD,,Minor Crash,No,2006,0,South,0,0,0,Flat,0,,0,,1,Bright sun,592400,1,0,0,2,0,0,0,0,0,,0,0,Auckland Region,Nil,2-way,Sealed,0,0,0,0,50,0,Null,0,0,,76,Auckland,Unknown,0,0,0,1,0,0,Urban,0,0,0,Fine,Null
1744542,5884122,23197,,521151,0,0,0,1,0,East,2006/2007,AWHITU ROAD,DOUGLAS ROAD,,Minor Crash,No,2006,0,West,1,0,0,Hill Road,0,,0,,0,Bright sun,830400,1,0,0,2,0,0,0,0,0,,0,0,Auckland Region,Nil,2-way,Sealed,0,0,0,0,100,0,None,0,0,,76,Auckland,Nil,0,0,0,0,0,0,Open,0,0,0,Fine,Null
1243495,4848306,23198,,611220,0,0,0,2,0,Null,2005/2006,BALMORAL DRIVE,NESS ST,,Serious Crash,No,2006,0,North,0,0,0,Flat,0,,0,,1,Bright sun,3111300,2,0,0,2,0,0,0,0,0,,0,0,Southland Region,Nil,2-way,Sealed,0,0,1,0,50,0,Null,0,0,,75,Invercargill City,Give way,0,0,0,0,0,0,Urban,0,0,0,Fine,Null
1569945,5181267,23199,,591600,0,,0,1,,Null,2005/2006,BEALEY AVENUE,VICTORIA ST,,Minor Crash,No,2006,,West,,0,,Flat,,,,,,Dark,2676700,1,0,0,4,,,0,,,,,,Canterbury Region,Nil,2-way,Sealed,,0,0,,50,,On,1,0,,60,Christchurch City,Traffic Signals,,,,,0,0,Urban,0,,,Fine,Null
1752784,5916697,23200,,517901,0,,0,3,,Null,2005/2006,CARRINGTON ROAD,PROSPERO TERRACE,,Minor Crash,No,2006,,North,,0,,Flat,,,,,,Overcast,524500,2,0,0,2,,,0,,,,,,Auckland Region,Bridge,2-way,Sealed,,0,0,,50,,Off,0,0,,76,Auckland,Nil,,,,,0,0,Urban,0,,,Heavy rain,Null
1406872,4924999,23201,,601603,0,0,0,0,1,South,2005/2006,SH 1S,LEITH VALLEY ROAD,,Minor Crash,Yes,2006,0,South,0,0,0,Hill Road,0,,0,,0,Dark,2863400,2,0,0,2,0,0,0,0,0,,0,0,Otago Region,Nil,2-way,Sealed,0,0,0,0,100,0,None,0,0,,71,Dunedin City,Unknown,0,0,0,0,0,0,Open,1,0,0,Fine,Frost
2041444,5706219,23202,,543903,0,0,0,0,0,South,2006/2007,SH 35,WAIRERE ROAD,,Fatal Crash,Yes,2006,0,North,0,1,1,Flat,0,,0,,0,Bright sun,1358300,2,0,0,1,0,0,0,0,0,,0,0,Gisborne Region,Nil,2-way,Sealed,0,0,0,0,100,0,Null,1,0,,28,Gisborne District,Nil,0,0,0,0,1,0,Open,0,0,0,Fine,Null
1753129,5433084,23203,,573526,0,,0,1,,North,2005/2006,SH 2,HUTT ON NBD,,Minor Crash,Yes,2006,,North,,0,,Flat,,,,,,Twilight,2077503,1,0,1,2,,,0,,,,,,Wellington Region,Nil,1-way,Sealed,,0,0,,100,,Off,0,0,,47,Wellington City,Nil,,,,,0,0,Open,0,,,Fine,Null
1725461,6049124,23204,,501817,0,,0,2,,East,2006/2007,WHAREORA ROAD,PARAHAKI PARISH ROAD,,Minor Crash,No,2006,,East,,0,,Hill Road,,,,,,Bright sun,73002,1,0,0,2,,,0,,,,,,Northland Region,Nil,2-way,Sealed,,0,0,,100,,None,0,0,,2,Whangarei District,Nil,,,,,0,0,Open,0,,,Fine,Null
1755599,5925032,23205,,509800,0,0,0,2,0,North,2005/2006,LAKE ROAD,ONEWA ROAD,,Non-Injury Crash,No,2006,0,North,0,0,0,Hill Road,0,,0,,0,Bright sun,360300,0,0,0,2,0,0,0,0,1,,0,0,Auckland Region,Nil,2-way,Sealed,0,0,0,0,50,0,Off,0,0,,76,Auckland,Nil,0,0,0,0,0,0,Urban,0,0,0,Fine,Null
1673219,6081038,23206,,501700,0,0,0,1,0,North,2005/2006,SH 15,PENNEY CRESCENT,,Minor Crash,Yes,2006,0,South,0,0,0,Flat,0,,0,,0,Dark,43600,2,0,0,2,0,0,0,0,0,,0,1,Northland Region,Nil,2-way,Sealed,0,0,0,0,50,0,On,0,0,,1,Far North District,Nil,0,0,0,0,0,0,Urban,0,0,0,Fine,Null
1693792,5676260,23207,,552002,1,,0,1,,Null,2006/2007,SH 3,LEMON ST,,Minor Crash,Yes,2006,,North,,0,,Flat,,,,,,Bright sun,1594900,1,0,0,2,,,0,,,,,,Taranaki Region,Nil,2-way,Sealed,,0,0,,50,,Null,0,0,,33,New Plymouth District,Stop,,,,,0,0,Urban,0,,,Fine,Null
1572980,5177651,23208,,594300,0,,0,1,,East,2006/2007,OPAWA ROAD,VINCENT PLACE EAST,,Fatal Crash,No,2006,,East,,1,,Flat,,,,,,Bright sun,2584600,0,0,0,2,,,0,,,1,,,Canterbury Region,Nil,2-way,Sealed,,0,0,,50,,Null,0,0,,60,Christchurch City,Nil,,,,,0,0,Urban,0,,,Fine,Null
1840875,5518051,23209,,578000,0,,0,2,,Null,2006/2007,SH 2,MANGAHAO ROAD,,Minor Crash,Yes,2006,,North,,0,,Flat,,,,,,Overcast,2217700,1,0,0,2,,,0,,,,,,Manawatū-Whanganui Region,Nil,2-way,Sealed,,0,0,,50,,Null,0,0,,41,Tararua District,Give way,,,,,0,0,Urban,0,,,Light rain,Null
1760229,5922837,23210,,509400,1,,0,1,,Null,2006/2007,VICTORIA ROAD,HASTINGS PARADE,,Minor Crash,No,2006,,North,,0,,Flat,,,,,,Overcast,334100,1,0,0,2,,,0,,,,,,Auckland Region,Nil,2-way,Sealed,,0,0,,50,,Off,0,0,,76,Auckland,Give way,,,,,0,0,Urban,0,,,Fine,Null
1676282,6025305,23211,,504501,0,,0,1,,North,2005/2006,WAIHUE ROAD,HOKIANGA ROAD,,Non-Injury Crash,No,2006,,North,,0,,Flat,,,,,,Overcast,119900,0,0,0,2,,,0,,,,,,Northland Region,Nil,2-way,Unsealed,,0,0,,100,,None,0,0,,3,Kaipara District,Nil,,,,,0,0,Open,1,,,Fine,Null
1868459,5713297,23212,,541720,0,,0,1,,Null,2005/2006,RIFLE RANGE ROAD,WHAKAIPO AVENUE,,Minor Crash,No,2006,,East,,0,,Flat,,,,,,Dark,1269100,2,0,0,2,,,0,,,,,,Waikato Region,Nil,2-way,Sealed,,0,0,,50,,On,1,0,,21,Taupo District,Give way,,,,,0,0,Urban,0,,,Fine,Null
1568647,5180623,23213,,590701,1,0,0,1,0,West,2006/2007,KILMARNOCK ST,DEANS AVENUE,,Minor Crash,No,2006,0,East,0,0,0,Flat,0,,0,,0,Bright sun,2474601,1,0,0,2,0,0,0,0,1,,0,0,Canterbury Region,Nil,2-way,Sealed,0,0,0,0,50,0,Null,0,0,,60,Christchurch City,Unknown,0,0,0,0,0,0,Urban,0,0,0,Fine,Null
1971920,5666696,23214,45,545301,0,,0,0,,East,2005/2006,SH 2,WAIHUA VALLEY ROAD,,Minor Crash,Yes,2006,,West,,0,,Hill Road,,,,,,Overcast,1391900,2,0,0,2,,,0,,,,,,Hawke's Bay Region,Nil,2-way,Sealed,,0,0,,100,,Null,0,0,,29,Wairoa District,Nil,,,,,0,0,Open,1,,,Fine,Null
1756486,5918371,23215,,515600,0,,0,2,,Null,2006/2007,NEW NORTH ROAD,PORTERS AVENUE,,Minor Crash,No,2006,,West,,0,,Hill Road,,,,,,Bright sun,419703,2,0,0,4,,,0,,,,,,Auckland Region,Nil,2-way,Sealed,,0,0,,50,,Off,0,0,,76,Auckland,Nil,,,,,0,0,Urban,0,,,Fine,Null
1884843,5774008,23216,,540410,1,0,0,1,0,West,2006/2007,PUKUATUA ST,TUTANEKAI ST,,Minor Crash,No,2006,0,East,0,0,0,Flat,0,,0,,0,Overcast,1233700,1,0,0,2,0,0,0,0,1,,0,0,Bay of Plenty Region,Nil,2-way,Sealed,0,0,0,0,50,0,Off,0,0,,24,Rotorua District,Nil,0,0,0,0,0,0,Urban,1,0,0,Fine,Null
1851209,5461587,23217,,578402,0,1,0,1,0,East,2005/2006,BLAIRLOGIE LANGDALE ROAD,HOMEWOOD ROAD,,Minor Crash,No,2006,0,East,1,0,0,Flat,0,,0,,0,Dark,2255900,1,0,0,2,0,0,0,0,0,,0,0,Wellington Region,Nil,2-way,Sealed,0,0,0,0,100,0,None,0,0,,48,Masterton District,Nil,0,0,0,0,0,0,Open,0,0,0,Fine,Null
1242434,4849785,23218,,611210,0,,0,2,,Null,2005/2006,SH 6,DON ST,,Minor Crash,Yes,2006,,South,,0,,Flat,,,,,,Bright sun,3108100,2,0,0,4,,,0,,,,,,Southland Region,Nil,2-way,Sealed,,0,0,,50,,Null,0,0,,75,Invercargill City,Traffic Signals,,,,,0,0,Urban,0,,,Fine,Null
1757532,5920693,23219,,514103,0,,0,1,,Null,2005/2006,JEAN BATTEN PLACE,SHORTLAND ST,,Non-Injury Crash,No,2006,,South,,0,,Flat,,,,,,Dark,438106,0,0,0,2,,,0,,,,,,Auckland Region,Nil,2-way,Sealed,,0,0,,50,,On,1,0,,76,Auckland,Give way,,,,,0,0,Urban,0,,,Light rain,Null
1756084,5919370,23220,,515420,0,,0,2,,Null,2005/2006,PONSONBY ROAD,HOPETOUN ST,,Non-Injury Crash,No,2006,,South,,0,,Flat,,,,,,Bright sun,411600,0,0,0,4,,,0,,,,,,Auckland Region,Nil,2-way,Sealed,,0,0,,50,,Off,0,0,,76,Auckland,Traffic Signals,,,,,0,0,Urban,0,,,Fine,Null
1791104,5814453,23221,,527913,0,,0,2,,Null,2006/2007,SH 23,MASON ROAD,,Serious Crash,Yes,2006,,East,,0,,Flat,,,,,,Bright sun,978400,2,0,0,2,,,0,,,,,,Waikato Region,Nil,2-way,Sealed,,0,1,,100,,Null,0,0,,13,Waikato District,Give way,,,,,0,0,Open,0,,,Fine,Null
1702680,6044549,23222,,501809,0,,0,2,,West,2006/2007,SH 15,KEREHUNGA ROAD,,Serious Crash,Yes,2006,,West,,0,,Flat,,,,,,Dark,71500,0,0,0,2,,,0,,,,,,Northland Region,Nil,2-way,Sealed,,0,1,,100,,None,0,0,,2,Whangarei District,Nil,,,,,0,0,Open,0,,,Fine,Null
1770396,5912228,23223,,523106,0,,0,3,,South,2005/2006,BOTANY ROAD,MILLHOUSE DRIVE,,Non-Injury Crash,No,2006,,South,,0,,Flat,,,,,,Overcast,711186,0,0,0,4,,,0,,,,,,Auckland Region,Nil,2-way,Sealed,,0,0,,70,,Off,0,0,,76,Auckland,Nil,,,,,0,0,Urban,0,,,Heavy rain,Null
1571371,5179799,23224,,591500,0,0,0,1,1,Null,2005/2006,LICHFIELD ST,BARBADOES ST,,Minor Crash,No,2006,0,South,0,0,0,Flat,0,,0,,0,Overcast,2650200,3,0,0,4,0,0,0,0,0,,0,0,Canterbury Region,Nil,1-way,Sealed,0,0,0,0,50,0,Null,0,0,,60,Christchurch City,Traffic Signals,0,0,0,0,0,0,Urban,1,0,0,Fine,Null
1753080,5915387,23225,,517903,0,,0,1,,East,2005/2006,OWAIRAKA AVENUE,RICHARDSON ROAD,,Minor Crash,No,2006,,East,,0,,Flat,,,,,,Dark,521500,1,0,0,2,,,0,,,1,,,Auckland Region,Nil,2-way,Sealed,,0,0,,50,,On,0,0,,76,Auckland,Nil,,,,,0,0,Urban,0,,,Fine,Null
1896322,5793269,23226,,538820,0,0,0,1,0,North,2005/2006,SH 33,MANIATUTU ROAD,,Non-Injury Crash,Yes,2006,0,South,0,0,0,Hill Road,0,,0,,0,Overcast,1250900,0,0,0,2,0,0,0,1,0,,0,0,Bay of Plenty Region,Nil,2-way,Sealed,0,0,0,0,100,0,Null,0,0,,24,Rotorua District,Unknown,0,0,0,1,0,0,Open,0,0,0,Light rain,Null
1773127,5879343,23227,,521131,0,0,0,1,0,South,2005/2006,HARRISVILLE ROAD,LOGAN ROAD,,Non-Injury Crash,No,2006,0,North,0,0,1,Flat,0,,0,,0,Twilight,827901,0,0,0,2,0,0,0,0,0,,0,0,Waikato Region,Nil,2-way,Sealed,0,0,0,0,100,0,None,0,0,,13,Waikato District,Nil,0,0,0,0,0,0,Open,0,0,0,Fine,Null
1807140,5818752,23228,,527125,0,0,0,1,0,North,2005/2006,HOLLAND ROAD,RUAKURA ROAD,,Non-Injury Crash,No,2006,0,South,1,0,0,Flat,0,,0,,0,Bright sun,955000,0,0,0,2,0,0,0,0,0,,0,0,Waikato Region,Nil,2-way,Sealed,0,0,0,0,100,0,Null,0,0,,13,Waikato District,Unknown,0,0,0,0,0,0,Open,0,0,0,Fine,Null
1806179,5677684,23229,,532601,0,,0,1,,South,2006/2007,SH 4,OIO ROAD,,Serious Crash,Yes,2006,,South,,0,,Flat,,,,,,Bright sun,1022500,3,0,0,2,,,0,,,,,,Manawatū-Whanganui Region,Nil,2-way,Sealed,,0,2,,100,,Null,0,0,,36,Ruapehu District,Nil,,,,,0,0,Open,1,,,Fine,Null
1770394,5912109,23230,,523106,0,,0,1,,South,2005/2006,BOTANY ROAD,GOLFLAND DRIVE N,,Non-Injury Crash,No,2006,,North,,0,,Flat,,,,,,Bright sun,711186,0,0,0,2,,,0,,,,,,Auckland Region,Nil,2-way,Sealed,,0,0,,60,,Off,0,0,,76,Auckland,Nil,,,,,0,0,Urban,2,,,Fine,Null
1769060,5889352,23231,,521122,0,,0,2,,West,2005/2006,SH 22,BLACKBRIDGE ROAD,,Non-Injury Crash,Yes,2006,,East,,0,,Hill Road,,,,,,Twilight,810000,0,0,0,2,,,0,,,,,,Auckland Region,Nil,2-way,Sealed,,0,0,,100,,On,0,0,,76,Auckland,Nil,,,,,0,0,Open,0,,,Heavy rain,Null
1790692,5878910,23232,,521135,0,0,0,0,0,East,2005/2006,MANGATAWHIRI ROAD,BELL ROAD,,Minor Crash,No,2006,0,East,0,0,1,Flat,0,,0,,0,Overcast,843500,2,0,0,2,0,0,0,0,0,,0,0,Waikato Region,Nil,2-way,Sealed,0,0,0,0,100,0,None,1,0,,13,Waikato District,Nil,0,0,0,0,0,0,Open,0,0,0,Light rain,Null
1246549,4850864,23233,,609914,0,,0,1,,East,2006/2007,SH 1S,RACECOURSE ROAD,,Minor Crash,Yes,2006,,East,,0,,Flat,,,,,,Overcast,3161302,1,0,0,2,,,0,,,,,,Southland Region,Nil,2-way,Sealed,,0,0,,80,,Null,1,0,,75,Invercargill City,Nil,,,,,0,0,Open,0,,,Heavy rain,Null
1748479,5883522,23234,30,521151,0,,0,1,,West,2005/2006,AWHITU ROAD,TE TORO ROAD,,Non-Injury Crash,No,2006,,East,,0,,Flat,,,,,,Bright sun,830600,0,0,0,2,,,0,,,,,,Auckland Region,Nil,2-way,Sealed,,0,0,,100,,Off,0,0,,76,Auckland,Nil,,,,,1,0,Open,0,,,Fine,Null
1260530,4913490,23235,,610020,0,,0,0,,West,2006/2007,SH 94,MANDEVILLE-KINGSTON CROSS,,Serious Crash,Yes,2006,,East,,0,,Flat,,Labour Weekend,,,,Dark,3045200,0,0,0,2,,,0,,,,,,Southland Region,Nil,2-way,Sealed,,0,1,,100,,None,1,0,,73,Southland District,Unknown,,,,,0,0,Open,0,,,Fine,Null
1746398,5915130,23236,,511800,0,0,0,1,0,South,2005/2006,SUNHILL ROAD,AWAROA ROAD,,Non-Injury Crash,No,2006,0,North,0,0,0,Flat,0,Queens Birthday,0,,0,Dark,277400,0,0,0,2,0,0,0,0,1,,0,0,Auckland Region,Nil,2-way,Sealed,0,0,0,0,50,0,On,0,0,,76,Auckland,Nil,0,0,0,0,1,0,Urban,0,0,0,Light rain,Null
1751243,5918019,23237,,514801,0,0,0,1,0,Null,2006/2007,SH 16,PT CHEV OFF EBD,,Minor Crash,Yes,2006,0,East,0,0,0,Flat,0,,0,,0,Dark,390402,2,0,0,3,0,0,0,0,0,,0,1,Auckland Region,Nil,1-way,Sealed,0,0,0,0,100,0,On,0,0,,76,Auckland,Nil,0,1,0,0,0,0,Open,0,0,0,Light rain,Null
1764452,5918345,23238,,516602,0,,0,2,,North,2006/2007,KOHIMARAMA ROAD,ST HELIERS BAY ROAD,,Non-Injury Crash,No,2006,,South,,0,,Flat,,,,,,Bright sun,508200,0,0,0,2,,,0,,,,,,Auckland Region,Nil,2-way,Sealed,,0,0,,50,,Off,0,0,,76,Auckland,Nil,,,,,0,0,Urban,1,,,Fine,Null
1930766,5605970,23239,,547600,0,,0,1,,South,2005/2006,FREDERICK ST,NELSON ST NORTH,,Minor Crash,No,2006,,South,,0,,Flat,,,,,,Overcast,1484100,1,0,0,2,,,0,,,,,,Hawke's Bay Region,Nil,2-way,Sealed,,0,0,,50,,Null,0,0,,30,Hastings District,Nil,,,,,0,0,Urban,1,,,Fine,Null
1877014,5821347,23240,,537500,0,,0,2,,South,2005/2006,CAMERON ROAD,TWENTYTHIRD AVENUE,,Non-Injury Crash,No,2006,,North,,0,,Flat,,,,,,Bright sun,1171500,0,0,0,2,,,0,,,,,,Bay of Plenty Region,Nil,2-way,Sealed,,0,0,,50,,Null,0,0,,23,Tauranga City,Unknown,,,,,0,0,Urban,0,,,Fine,Null
1551893,5174262,23241,,587904,0,,0,2,,South,2005/2006,SH 1S,WEEDONS ROSS ROAD,,Fatal Crash,Yes,2006,,South,,1,,Flat,,,,,,Dark,2493500,1,0,0,4,,,0,,,,,,Canterbury Region,Nil,2-way,Sealed,,0,0,,100,,None,0,0,,62,Selwyn District,Unknown,,,,,0,0,Open,0,,,Heavy rain,Null
1759295,5903135,23242,,524200,0,,0,1,,West,2005/2006,CYRIL KAY ROAD,GEORGE BOLT MEMORIAL DRIV,,Non-Injury Crash,No,2006,,East,,0,,Flat,,,,,,Bright sun,727200,0,0,0,2,,,0,,,,,,Auckland Region,Nil,2-way,Sealed,,0,0,,50,,Off,0,0,,76,Auckland,Nil,,,,,1,0,Urban,0,,,Fine,Null
1788261,5879043,23243,,521135,0,,0,2,,West,2006/2007,MANGATAWHIRI ROAD,MCKENZIE ROAD,,Minor Crash,No,2006,,East,,0,,Flat,,,,,,Dark,843401,1,0,0,2,,,0,,,,,,Waikato Region,Nil,2-way,Sealed,,0,0,,80,,On,0,0,,13,Waikato District,Nil,,,,,0,0,Open,0,,,Mist or Fog,Null
1758188,5920491,23244,,514103,0,,0,1,,South,2005/2006,BEACH ROAD,TE TAOU CRESCENT N,,Non-Injury Crash,No,2006,,North,,0,,Flat,,,,,,Dark,438302,0,0,0,4,,,0,,,,,,Auckland Region,Nil,2-way,Sealed,,0,0,,50,,On,0,0,,76,Auckland,Nil,,,,,1,0,Urban,1,,,Fine,Null
1824313,5463973,23245,,578600,0,0,0,0,0,Null,2005/2006,VILLA ST,HOPE ST,,Minor Crash,No,2006,0,North,0,0,1,Flat,0,,0,,0,Bright sun,2244900,1,0,0,2,0,0,0,0,0,,0,0,Wellington Region,Nil,2-way,Sealed,0,0,0,0,50,0,Null,1,0,,48,Masterton District,Nil,0,0,0,0,0,0,Urban,0,0,0,Fine,Null
1828309,5881105,23246,,533603,0,0,0,2,1,Null,2005/2006,SH 26,SH 25,,Serious Crash,Yes,2006,0,North,0,0,0,Flat,0,,0,,0,Bright sun,1057502,2,0,0,3,0,0,0,0,0,,0,0,Waikato Region,Nil,2-way,Sealed,0,0,1,0,70,0,Null,0,0,,11,Thames-Coromandel District,Stop,0,0,0,0,0,0,Urban,0,0,0,Fine,Null
1798532,5693015,23247,,532903,0,0,0,1,1,West,2006/2007,MARSACK ROAD,RACECOURSE ROAD,,Minor Crash,No,2006,0,East,1,0,0,Hill Road,0,,0,,0,Overcast,1021301,2,0,0,2,0,0,0,0,0,,0,0,Manawatū-Whanganui Region,Nil,2-way,Sealed,0,0,0,0,100,0,Null,0,0,,36,Ruapehu District,Nil,0,0,0,0,0,0,Open,1,0,0,Fine,Null
1845483,5917979,23248,,533200,0,0,0,0,1,South,2005/2006,PURANGI ROAD,PURANGI LANDING ROAD,,Non-Injury Crash,No,2006,0,South,1,0,0,Flat,0,,0,,0,Overcast,1047806,0,0,0,2,0,0,0,0,0,,0,0,Waikato Region,Nil,2-way,Sealed,0,0,0,0,100,0,None,1,0,,11,Thames-Coromandel District,Nil,0,0,0,0,0,0,Open,0,0,0,Mist or Fog,Null
1789862,5829535,23249,,528200,0,,0,2,,South,2005/2006,RIVER ROAD,REGENT ST,,Non-Injury Crash,No,2006,,South,,0,,Flat,,,,,,Overcast,858601,0,0,0,2,,,0,,,,,,Waikato Region,Nil,2-way,Sealed,,0,0,,50,,Null,0,0,,13,Waikato District,Give way,,,,,0,0,Urban,0,,,Fine,Null
1768348,5883956,23250,,521111,0,0,0,0,0,West,2005/2006,HEIGHTS ROAD,SH 22,,Serious Crash,No,2006,0,West,0,0,0,Hill Road,0,,0,,0,Overcast,813800,0,0,0,2,0,0,0,0,0,,0,1,Auckland Region,Nil,2-way,Sealed,0,0,1,0,70,0,None,0,0,,76,Auckland,Nil,0,0,0,1,1,0,Urban,0,0,0,Heavy rain,Null
1759447,5919169,23251,,515901,0,0,0,2,0,North,2005/2006,TOHUNGA CRESCENT,LEE ST,,Non-Injury Crash,No,2006,0,North,0,0,0,Hill Road,0,,0,,0,Dark,456500,0,0,0,2,0,0,0,0,1,,0,0,Auckland Region,Nil,2-way,Sealed,0,0,0,0,50,0,On,0,0,,76,Auckland,Nil,0,0,0,0,0,0,Urban,0,0,0,Fine,Null
1767104,5907642,23252,,523602,0,,0,2,,East,2005/2006,EAST TAMAKI ROAD,BAIRDS ROAD,,Non-Injury Crash,No,2006,,West,,0,,Hill Road,,,,,,Bright sun,709300,0,0,0,4,,,0,,,,,,Auckland Region,Nil,2-way,Sealed,,0,0,,60,,Off,2,0,,76,Auckland,Nil,,,,,0,0,Urban,0,,,Fine,Null
1316730,4982599,23253,,608500,1,,0,1,,North,2005/2006,SH 8,SHANNON ST,,Minor Crash,Yes,2006,,North,,0,,Flat,,,,,,Bright sun,3025500,1,0,0,2,,,0,,,,,,Otago Region,Nil,2-way,Sealed,,0,0,,50,,Null,0,0,,69,Central Otago District,Nil,,,,,0,0,Urban,0,,,Fine,Null
1778617,5877890,23254,,521131,0,,0,0,,Null,2005/2006,SH 1N,2 ON NBD,,Non-Injury Crash,Yes,2006,,North,,0,,Hill Road,,,,,,Dark,842200,0,0,0,4,,,0,,,,,,Waikato Region,Nil,2-way,Sealed,,0,0,,100,,On,0,0,,13,Waikato District,Nil,,,,,1,0,Open,1,,,Fine,Null
1707386,5682639,23255,,551302,0,,0,2,,Null,2006/2007,NORTH ST,LESLIE ST,,Minor Crash,No,2006,,North,,0,,Hill Road,,,,,,Bright sun,1549700,1,0,0,2,,,0,,,,,,Taranaki Region,Nil,2-way,Sealed,,0,0,,50,,Null,0,0,,33,New Plymouth District,Give way,,,,,0,0,Urban,0,,,Fine,Null
1768615,5903755,23256,,523820,0,0,0,2,0,North,2006/2007,EVERGLADE DRIVE,KERI ANNE PLACE,,Non-Injury Crash,No,2006,0,South,0,0,0,Hill Road,0,,0,,0,Dark,760140,0,0,0,2,0,0,0,0,1,,0,0,Auckland Region,Nil,2-way,Sealed,0,0,0,0,50,0,On,0,0,,76,Auckland,Nil,0,0,0,0,0,0,Urban,0,0,0,Fine,Null
1550976,5173981,23257,,587904,0,,0,1,,North,2005/2006,SH 1S,PARK LANE,,Minor Crash,Yes,2006,,North,,0,,Flat,,,,,,Bright sun,2493500,1,0,0,2,,,0,,,,,,Canterbury Region,Nil,2-way,Sealed,,0,0,,100,,Null,0,0,,62,Selwyn District,Unknown,,,,,2,0,Open,0,,,Fine,Null
1882264,5773747,23258,,539600,0,0,0,1,0,Null,2005/2006,SUNSET ROAD,PEDLAR ST,,Non-Injury Crash,No,2006,0,South,0,0,1,Flat,0,,0,,0,Dark,1229100,0,0,0,2,0,0,0,0,0,,0,0,Bay of Plenty Region,Nil,2-way,Sealed,0,0,0,0,50,0,On,0,0,,24,Rotorua District,Give way,0,0,0,0,0,0,Urban,0,0,0,Fine,Null
1753814,5924796,23259,,510401,0,0,0,1,0,South,2005/2006,Z CPK HIGHPOINT SC,HIGHBURY BYPASS,,Non-Injury Crash,No,2006,0,West,0,0,0,Flat,0,,0,,0,Dark,351600,0,0,0,0,0,0,0,0,0,,0,0,Auckland Region,Nil,Off road,Sealed,0,0,0,0,30,0,On,0,0,,76,Auckland,Nil,0,0,0,0,0,0,Urban,1,1,0,Fine,Null
1244140,4847960,23260,,611602,0,0,0,1,0,West,2005/2006,MARTIN ST,POMONA ST,,Serious Crash,No,2006,0,East,0,0,0,Flat,0,,0,,0,Dark,3148300,0,1,0,2,0,0,0,0,1,,0,0,Southland Region,Nil,2-way,Sealed,0,0,1,0,50,0,On,0,0,,75,Invercargill City,Unknown,0,0,0,0,0,0,Urban,0,0,0,Heavy rain,Null
1772043,5916250,23261,,521501,0,,0,1,,North,2005/2006,MELLONS BAY ROAD,SEYMOUR ROAD,,Non-Injury Crash,No,2006,,North,,0,,Hill Road,,,,,,Bright sun,650500,0,0,1,2,,,0,,,,,,Auckland Region,Nil,2-way,Sealed,,0,0,,50,,Off,0,0,,76,Auckland,Nil,,,,,0,0,Urban,0,,,Fine,Null
1752507,5933628,23262,,508701,0,0,0,2,0,West,2005/2006,Z CPK PAK N SAVE,MERCARI WAY,,Non-Injury Crash,No,2006,0,West,0,0,0,Flat,0,,0,,0,Bright sun,178900,0,0,0,0,0,0,0,0,1,,0,0,Auckland Region,Nil,Off road,Sealed,0,0,0,0,30,0,Off,0,0,,76,Auckland,Nil,0,0,0,0,0,0,Urban,0,0,0,Null,Null
1262021,4851508,23263,65,610072,0,0,0,1,1,Null,2006/2007,RIMU-SEAWARD DOWNS ROAD,WALKER ROAD,,Minor Crash,No,2006,0,East,1,0,0,Flat,0,,0,,0,Overcast,3163400,1,0,0,2,0,0,0,0,0,,0,0,Southland Region,Nil,2-way,Sealed,0,0,0,0,100,0,Null,0,0,,73,Southland District,Nil,0,0,0,0,0,0,Open,0,0,0,Fine,Null
1436152,5005773,23264,,600812,1,,0,1,,Null,2005/2006,WHITEROCKS ROAD,WEST VIEW DRIVE,,Minor Crash,No,2006,,South,,0,,Flat,,,,,,Dark,2829702,1,0,0,2,,,0,,,,,,Otago Region,Nil,2-way,Sealed,,0,0,,50,,On,0,0,,68,Waitaki District,Give way,,,,,0,0,Urban,0,,,Light rain,Null