X,Y,OBJECTID,advisorySpeed,areaUnitID,bicycle,bridge,bus,carStationWagon,cliffBank,crashDirectionDescription,crashFinancialYear,crashLocation1,crashLocation2,crashRoadSideRoad,crashSeverity,crashSHDescription,crashYear,debris,directionRoleDescription,ditch,fatalCount,fence,flatHill,guardRail,holiday,houseOrBuilding,intersection,kerb,light,meshblockId,minorInjuryCount,moped,motorcycle,NumberOfLanes,objectThrownOrDropped,otherObject,otherVehicleType,overBank,parkedVehicle,pedestrian,phoneBoxEtc,postOrPole,region,roadCharacter,roadLane,roadSurface,roadworks,schoolBus,seriousInjuryCount,slipOrFlood,speedLimit,strayAnimal,streetLight,suv,taxi,temporarySpeedLimit,tlaId,tlaName,trafficControl,trafficIsland,trafficSign,train,tree,truck,unknownVehicleType,urban,vanOrUtility,vehicle,waterRiver,weatherA,weatherB
1838054,5920056,23265,,533200,0,1,0,1,0,South,2006/2007,SH 25,GOLF ROAD,,Non-Injury Crash,Yes,2006,0,South,0,0,0,Flat,0,,0,,0,Dark,1046100,0,0,0,2,0,0,0,0,0,,0,0,Waikato Region,Nil,2-way,Sealed,0,0,0,0,100,0,None,0,0,,11,Thames-Coromandel District,Unknown,0,0,0,0,0,0,Open,0,0,0,Fine,Null
1883468,5826257,23266,,536821,0,,0,2,,West,2006/2007,ASCOT ROAD,ASCOT PLACE,,Non-Injury Crash,No,2006,,South,,0,,Flat,,,,,,Dark,1200300,0,0,0,2,,,0,,,,,,Bay of Plenty Region,Nil,2-way,Sealed,,0,0,,50,,On,0,0,,23,Tauranga City,Nil,,,,,0,0,Urban,0,,,Fine,Null
1800177,5816309,23267,,529700,0,0,0,2,0,East,2005/2006,Z CPK PAK N SAVE,MILL ST,,Non-Injury Crash,No,2006,0,West,0,0,0,Flat,0,,0,,0,Bright sun,909500,0,0,0,0,0,0,0,0,1,,0,0,Waikato Region,Nil,Off road,Sealed,0,0,0,0,30,0,Off,0,0,,16,Hamilton City,Nil,0,0,0,0,0,0,Urban,0,0,0,Null,Null
1753062,5916788,23268,,517800,0,,0,2,,Null,2005/2006,ASQUITH AVENUE,NEW NORTH ROAD,,Non-Injury Crash,No,2006,,South,,0,,Flat,,,,,,Bright sun,527600,0,0,0,2,,,0,,,,,,Auckland Region,Nil,2-way,Sealed,,0,0,,50,,Null,0,0,,76,Auckland,Stop,,,,,0,0,Urban,0,,,Fine,Null
1728538,5942103,23269,,506645,0,0,0,2,0,East,2005/2006,SPRINGS ROAD,PARKHURST ROAD,,Minor Crash,No,2006,0,East,0,0,0,Flat,0,,0,,0,Dark,210806,2,0,0,2,0,1,0,0,1,,0,0,Auckland Region,Nil,2-way,Sealed,0,0,0,0,50,0,On,0,0,,76,Auckland,Nil,0,0,0,0,0,0,Urban,0,0,0,Fine,Null
1869701,5711367,23270,,541740,0,,0,1,,West,2005/2006,NAPIER ROAD,CROWN ROAD,,Minor Crash,No,2006,,East,,0,,Hill Road,,,,,,Dark,1267705,1,0,0,2,,,0,,,,,,Waikato Region,Nil,2-way,Sealed,,0,0,,100,,On,0,0,,21,Taupo District,Unknown,,,,,1,0,Open,0,,,Light rain,Null
1895271,5782042,23271,,538820,0,,0,1,,North,2005/2006,SH 30,LAKE ROTOKAWAU ROAD,,Non-Injury Crash,Yes,2006,,North,,0,,Hill Road,,,,,,Dark,1251900,0,0,0,3,,,0,,,,,,Bay of Plenty Region,Nil,2-way,Sealed,,0,0,,100,,None,0,0,50,24,Rotorua District,Unknown,,,,,1,0,Open,0,,,Fine,Null
1758603,5912936,23272,,519710,0,,0,1,,East,2005/2006,TRAFALGAR ST,INKERMAN ST,,Non-Injury Crash,No,2006,,West,,0,,Flat,,,,,,Twilight,595500,0,0,0,2,,,0,,,1,,,Auckland Region,Nil,2-way,Sealed,,0,0,,50,,Off,0,0,,76,Auckland,Nil,,,,,0,0,Urban,0,,,Light rain,Null
1747794,5945608,23273,,506201,0,0,0,1,0,West,2005/2006,PINE VALLEY ROAD,OLD PINE VALLEY ROAD,,Fatal Crash,No,2006,0,East,0,1,1,Flat,0,,0,,0,Dark,176700,1,0,0,2,0,0,0,0,0,,0,1,Auckland Region,Nil,2-way,Sealed,0,0,0,0,80,0,None,0,0,,76,Auckland,Nil,0,0,0,0,0,0,Open,0,0,0,Light rain,Null
1759585,5903132,23274,,524200,0,0,0,2,0,South,2005/2006,Z CPK DOMESTIC AIRPORT,LAURENCE STEVENS DRIVE,,Non-Injury Crash,No,2006,0,North,0,0,0,Flat,0,,0,,0,Dark,727200,0,0,0,2,0,0,0,0,1,,0,0,Auckland Region,Nil,Off road,Sealed,0,0,0,0,50,0,On,0,2,,76,Auckland,Nil,0,0,0,0,0,0,Urban,0,0,0,Fine,Null
1756044,5921049,23275,,515202,0,,0,1,,Null,2006/2007,SH 1N,FANSHAWE ON NBD,,Non-Injury Crash,Yes,2006,,North,,0,,Hill Road,,,,,,Overcast,425600,0,0,0,4,,,0,,,,,,Auckland Region,Nil,1-way,Sealed,,0,0,,80,,Off,0,0,,76,Auckland,Nil,,,,,1,0,Open,0,,,Fine,Null
1857442,5841802,23276,,536614,0,0,0,0,0,North,2006/2007,SH 2,WILLOUGHBY ROAD,,Non-Injury Crash,Yes,2006,0,North,1,0,0,Flat,0,,0,,0,Dark,1182100,0,0,0,2,0,0,0,0,0,,0,0,Bay of Plenty Region,Nil,2-way,Sealed,0,0,0,0,100,0,Off,0,0,,22,Western Bay of Plenty District,Nil,0,0,0,0,0,0,Open,1,0,0,Fine,Null
1819463,5524018,23277,,561820,0,0,0,1,0,Null,2006/2007,PUTTICK ROAD,42ND ST,,Minor Crash,No,2006,0,South,0,0,0,Flat,0,,0,,0,Bright sun,1798503,1,0,0,2,0,0,0,0,0,,0,0,Manawatū-Whanganui Region,Nil,2-way,Sealed,0,0,0,0,50,0,Null,0,0,,40,Palmerston North City,Give way,0,0,0,1,0,0,Urban,0,0,0,Fine,Null
1750093,5914511,23278,,511303,0,,0,1,,Null,2005/2006,DELTA AVENUE,BINSTED ROAD,,Minor Crash,No,2006,,North,,0,,Flat,,,,,,Bright sun,265800,1,0,0,2,,,0,,,,,,Auckland Region,Nil,2-way,Sealed,,0,0,,50,,Off,1,0,,76,Auckland,Give way,,,,,0,0,Urban,0,,,Fine,Null
1756691,5913960,23279,,518500,1,0,0,1,0,South,2005/2006,MOUNT EDEN ROAD,MOUNT ALBERT ROAD,,Minor Crash,No,2006,0,North,0,0,0,Flat,0,,0,,0,Overcast,563800,1,0,0,2,0,0,0,0,1,,0,0,Auckland Region,Nil,2-way,Sealed,0,0,0,0,50,0,Off,0,0,,76,Auckland,Nil,0,0,0,0,0,0,Urban,0,0,0,Fine,Null
1755368,5921920,23280,,515202,0,,0,2,,South,2005/2006,SH 1N,SHELLY OFF SBD,,Non-Injury Crash,Yes,2006,,South,,0,,Flat,,,,,,Overcast,423600,0,0,0,3,,,0,,,,,,Auckland Region,Nil,1-way,Sealed,,0,0,,80,,Off,0,0,,76,Auckland,Nil,,,,,0,0,Open,0,,,Fine,Null
1799795,5815635,23281,,528800,0,,0,3,,East,2005/2006,NORTON ROAD,COMMERCE ST,,Non-Injury Crash,No,2006,,West,,0,,Flat,,,,,,Bright sun,904700,0,0,0,3,,,0,,,,,,Waikato Region,Nil,2-way,Sealed,,0,0,,50,,Null,0,0,,16,Hamilton City,Traffic Signals,,,,,0,0,Urban,0,,,Light rain,Null
1458282,5083168,23282,,599100,0,,0,1,,Null,2005/2006,OTIPUA ROAD,CHAUCER ST,,Serious Crash,No,2006,,West,,0,,Flat,,,,,,Bright sun,2786602,0,0,0,2,,,0,,,,,,Canterbury Region,Nil,2-way,Sealed,,0,1,,50,,Null,0,0,,64,Timaru District,Stop,,,,,1,0,Urban,0,,,Fine,Null
1755507,5920645,23283,,515202,0,,0,3,,Null,2005/2006,COLLEGE HILL,PONSONBY ROAD,,Non-Injury Crash,No,2006,,West,,0,,Hill Road,,,,,,Bright sun,425300,0,0,0,4,,,0,,,,,,Auckland Region,Nil,2-way,Sealed,,0,0,,50,,Off,0,0,,76,Auckland,Traffic Signals,,,,,0,0,Urban,0,,,Fine,Null
1768507,5870573,23284,,526701,0,0,0,0,1,West,2005/2006,TUAKAU BRIDGE-PORT WAIKAT,HIGHWAY 22,,Minor Crash,No,2006,0,East,0,0,0,Flat,0,,0,,0,Bright sun,845500,2,0,0,2,0,0,0,0,0,,0,0,Waikato Region,Nil,2-way,Sealed,0,0,0,0,100,0,None,0,0,,13,Waikato District,Nil,0,0,0,0,0,0,Open,1,0,0,Fine,Null
1288372,5006654,23285,55,609031,0,0,0,0,0,South,2006/2007,SH 6,ROARING MEG,,Minor Crash,Yes,2006,0,North,0,0,0,Flat,1,Labour Weekend,0,,0,Bright sun,3039900,3,0,0,2,0,0,0,0,0,,0,0,Otago Region,Nil,2-way,Sealed,0,0,0,0,100,0,Null,0,0,,70,Queenstown-Lakes District,Unknown,0,0,0,0,1,0,Open,0,0,0,Fine,Null
1751128,5932369,23286,,508806,0,,0,0,,North,2005/2006,ALBANY HIGHWAY,ROSEDALE ROAD,,Non-Injury Crash,No,2006,,South,,0,,Flat,,,,,,Bright sun,179902,0,0,0,2,,,0,,,,,,Auckland Region,Nil,2-way,Sealed,,0,0,,50,,Off,0,0,,76,Auckland,Nil,,,,,1,0,Urban,0,,,Fine,Null
1753468,5932897,23287,,508804,0,,0,2,,North,2005/2006,SH 1N,16 LINK 1,,Non-Injury Crash,Yes,2006,,South,,0,,Flat,,,,,,Twilight,180701,0,0,0,3,,,0,,,,,,Auckland Region,Nil,1-way,Sealed,,0,0,,80,,Off,0,0,,76,Auckland,Nil,,,,,0,0,Open,0,,,Fine,Null
1770375,5913938,23288,,522722,0,0,0,3,0,West,2005/2006,BRADBURY ROAD,LEXINGTON DRIVE,,Non-Injury Crash,No,2006,0,North,0,0,0,Hill Road,0,,0,,0,Overcast,647900,0,0,0,2,0,0,0,0,2,,0,0,Auckland Region,Nil,2-way,Sealed,0,0,0,0,50,0,Off,0,0,,76,Auckland,Nil,0,0,0,0,0,0,Urban,0,0,0,Light rain,Null
1800444,5816189,23289,,529700,0,,0,2,,Null,2005/2006,VICTORIA ST,LIVERPOOL ST,,Non-Injury Crash,No,2006,,North,,0,,Flat,,,,,,Overcast,909602,0,0,0,4,,,0,,,,,,Waikato Region,Nil,2-way,Sealed,,0,0,,50,,Null,0,0,,16,Hamilton City,Traffic Signals,,,,,0,0,Urban,0,,,Light rain,Null
1766520,5913270,23290,,522920,0,0,0,4,0,Null,2006/2007,PAKURANGA ROAD,TI RAKAU DRIVE,,Non-Injury Crash,No,2006,0,North,0,0,0,Flat,0,,0,,0,Bright sun,683900,0,0,0,2,0,0,0,0,0,,0,0,Auckland Region,Nil,2-way,Sealed,0,0,0,0,50,0,Off,0,0,,76,Auckland,Traffic Signals,1,0,0,0,0,0,Urban,0,3,0,Fine,Null
1753932,5915487,23291,,517702,0,,0,2,,Null,2005/2006,MOUNT ALBERT ROAD,EUSTON ROAD,,Minor Crash,No,2006,,East,,0,,Flat,,,,,,Bright sun,542400,1,0,0,2,,,0,,,,,,Auckland Region,Nil,2-way,Sealed,,0,0,,50,,Off,0,0,,76,Auckland,Nil,,,,,0,0,Urban,0,,,Fine,Null
1854701,5803219,23292,,535231,0,0,0,1,1,East,2005/2006,SH 29,SH 28,,Minor Crash,Yes,2006,0,South,0,0,0,Hill Road,0,Easter,0,,0,Bright sun,1113900,1,0,0,3,0,0,0,0,0,,0,0,Waikato Region,Nil,2-way,Sealed,0,0,0,0,100,0,Null,0,0,,15,Matamata-Piako District,Unknown,0,0,0,0,0,0,Open,0,0,0,Fine,Null
1754330,5935973,23293,,508704,1,,0,0,,South,2005/2006,EAST COAST ROAD,OTEHA VALLEY ROAD,,Serious Crash,No,2006,,North,,0,,Flat,,,,,,Bright sun,178602,0,0,0,2,,,0,,,,,,Auckland Region,Nil,2-way,Sealed,,0,1,,50,,Off,0,0,,76,Auckland,Nil,,,,,0,0,Urban,1,,,Fine,Null
1878051,5781359,23294,,538811,0,0,0,1,0,East,2005/2006,SH 5,TARUKENGA ROAD,,Fatal Crash,Yes,2006,0,West,0,1,0,Flat,0,,0,,0,Dark,1249901,0,0,0,2,0,0,0,0,0,,0,0,Bay of Plenty Region,Nil,2-way,Sealed,0,0,0,0,100,0,None,0,0,,24,Rotorua District,Nil,0,0,0,1,0,0,Open,0,0,0,Fine,Null
1755966,5875831,23295,,521152,0,0,0,1,0,East,2006/2007,WAIUKU ROAD,MASTERS ROAD,,Minor Crash,No,2006,0,West,1,0,0,Hill Road,0,,0,,0,Overcast,832900,1,0,0,2,0,0,0,0,0,,0,0,Auckland Region,Nil,2-way,Sealed,0,0,0,0,100,0,None,0,0,,76,Auckland,Nil,0,0,0,0,0,0,Open,0,0,0,Fine,Null
1759866,5909588,23296,,524002,0,,0,2,,North,2005/2006,MAHUNGA DRIVE,WALMSLEY ROAD,,Minor Crash,No,2006,,North,,0,,Flat,,,,,,Bright sun,724102,1,0,0,2,,,0,,,,,,Auckland Region,Nil,2-way,Sealed,,0,0,,50,,Off,0,0,,76,Auckland,Nil,,,,,0,0,Urban,0,,,Fine,Null
1764457,5732306,23297,,531710,0,0,0,3,0,North,2006/2007,SH 3,MANGAORONGO ROAD,,Minor Crash,Yes,2006,0,North,0,0,1,Hill Road,0,,0,,0,Overcast,1016003,2,0,0,2,0,0,0,0,0,,0,0,Waikato Region,Nil,2-way,Sealed,0,0,0,0,100,0,Null,0,0,,20,Waitomo District,Unknown,0,0,0,0,0,0,Open,0,0,0,Mist or Fog,Null
1753012,5935041,23298,,508703,0,0,0,0,0,Null,2006/2007,OTEHA VALLEY ROAD,OTEHA VALLEY OFF SBD,,Minor Crash,No,2006,0,South,0,0,0,Hill Road,0,,0,,1,Bright sun,178511,1,0,0,2,0,0,0,0,0,,0,0,Auckland Region,Motorway ramp,1-way,Sealed,0,0,0,0,50,0,Off,0,0,,76,Auckland,Traffic Signals,1,1,0,0,1,0,Urban,0,0,0,Fine,Null
1821598,5986205,23299,,521000,0,,0,1,,West,2005/2006,HECTOR SANDERSON ROAD,AIRFIELD ACCESS ROAD,,Minor Crash,No,2006,,East,,0,,Flat,,,,,,Bright sun,439000,3,0,0,2,,,0,,,,,,Auckland Region,Nil,2-way,Sealed,,0,0,,100,,Null,0,0,,76,Auckland,Unknown,,,,,1,0,Open,0,,,Fine,Null
1760025,5915863,23300,,516003,0,,0,1,,East,2005/2006,GREEN LANE EAST,NOLAN ROAD,,Minor Crash,No,2006,,West,,0,,Flat,,,,,,Dark,495200,1,0,0,4,,,0,,,,,,Auckland Region,Nil,2-way,Sealed,,0,0,,50,,On,0,0,,76,Auckland,Nil,,,,,0,0,Urban,1,,,Light rain,Null
1749541,5933315,23301,,509000,0,0,0,1,0,North,2006/2007,PAREMOREMO ROAD,PRIMROSE LANE,,Serious Crash,No,2006,0,North,0,0,0,Hill Road,0,,0,,0,Overcast,179304,0,0,0,2,0,0,0,0,0,,0,1,Auckland Region,Nil,2-way,Sealed,0,0,1,0,80,0,Null,0,0,,76,Auckland,Unknown,0,0,0,0,0,0,Open,0,0,0,Light rain,Null
1772480,5896524,23302,,525420,0,,0,2,,Null,2006/2007,EAST ST,QUEEN ST,,Minor Crash,No,2006,,North,,0,,Flat,,,,,,Overcast,791600,1,0,0,4,,,0,,,,,,Auckland Region,Nil,2-way,Sealed,,0,0,,50,,Off,0,0,,76,Auckland,Traffic Signals,,,,,0,0,Urban,0,,,Fine,Null
1753837,5917071,23303,,517800,0,,0,0,,Null,2005/2006,NEW NORTH ROAD,ALBERTON AVENUE,,Minor Crash,No,2006,,West,,0,,Flat,,,,,,Bright sun,526700,1,0,1,4,,,0,,,,,,Auckland Region,Nil,2-way,Sealed,,0,0,,50,,Off,1,0,,76,Auckland,Give way,,,,,0,0,Urban,0,,,Fine,Null
1755366,5916711,23304,,517701,0,0,0,2,0,Null,2005/2006,CAMBOURNE ROAD,GORING ROAD,,Minor Crash,No,2006,0,North,0,0,1,Flat,0,,0,,0,Overcast,537200,1,0,0,2,0,0,0,0,1,,0,0,Auckland Region,Nil,2-way,Sealed,0,0,0,0,50,0,Off,0,0,,76,Auckland,Stop,0,0,0,0,0,0,Urban,0,0,0,Light rain,Null
1756900,5920139,23305,,514102,0,,0,1,,Null,2006/2007,HOBSON ST,COOK ST,,Minor Crash,No,2006,,South,,0,,Hill Road,,,,,,Bright sun,434105,3,0,0,5,,,0,,,,,,Auckland Region,Nil,1-way,Sealed,,0,0,,50,,Off,1,0,,76,Auckland,Traffic Signals,,,,,0,0,Urban,0,,,Fine,Null
1746146,5920279,23306,,513301,0,0,0,2,0,East,2005/2006,SH 16,LINCOLN OFF WBD,,Minor Crash,Yes,2006,0,West,0,0,0,Flat,1,,0,,0,Overcast,230301,2,0,0,2,0,0,0,0,0,,0,0,Auckland Region,Nil,1-way,Sealed,0,0,0,0,100,0,Off,0,0,,76,Auckland,Nil,0,0,0,0,0,0,Open,0,0,0,Fine,Null
1932606,5606198,23307,,545721,0,,0,2,,Null,2005/2006,ST GEORGES ROAD,SH 2,,Minor Crash,Yes,2006,,West,,0,,Flat,,,,,,Overcast,1472300,2,0,0,2,,,0,,,,,,Hawke's Bay Region,Nil,2-way,Sealed,,0,0,,70,,Null,0,0,,30,Hastings District,Give way,,,,,0,0,Urban,0,,,Fine,Null
1755207,5918525,23308,,515500,0,,0,1,,Null,2005/2006,GREAT NORTH ROAD,NORTHLAND ST,,Minor Crash,No,2006,,East,,0,,Flat,,,,,,Bright sun,418800,1,0,1,4,,,0,,,,,,Auckland Region,Nil,2-way,Sealed,,0,0,,50,,Off,0,0,,76,Auckland,Nil,,,,,0,0,Urban,0,,,Fine,Null
1801117,5815218,23309,,529700,0,,0,1,,South,2005/2006,VICTORIA ST,COLLINGWOOD ST,,Minor Crash,No,2006,,North,,0,,Flat,,,,,,Dark,911401,1,0,0,3,,,0,,,1,,,Waikato Region,Nil,2-way,Sealed,,0,0,,50,,On,0,0,,16,Hamilton City,Traffic Signals,,,,,0,0,Urban,0,,,Fine,Null
1636498,6071399,23310,,500802,0,0,0,1,0,South,2006/2007,SH 12,PAKANAE CEMETERY ROAD,,Minor Crash,Yes,2006,0,North,0,0,0,Flat,0,,0,,1,Dark,26201,4,0,0,2,1,0,0,0,0,,0,0,Northland Region,Nil,2-way,Sealed,0,0,0,0,100,0,None,0,0,,1,Far North District,Nil,0,0,0,0,0,0,Open,0,0,0,Fine,Null
1884549,5825457,23311,,536831,0,,0,2,,South,2005/2006,MARLIN ST,TAUPO AVENUE,,Minor Crash,No,2006,,South,,0,,Flat,,Christmas New Year,,,,Bright sun,1202500,1,0,0,2,,,0,,,,,,Bay of Plenty Region,Nil,2-way,Sealed,,0,0,,50,,Null,0,0,,23,Tauranga City,Nil,,,,,0,0,Urban,1,,,Fine,Null
1742981,5905232,23312,,513800,0,0,0,0,1,East,2006/2007,HUIA ROAD,CORNWALLIS ROAD,,Minor Crash,No,2006,0,West,0,0,0,Hill Road,0,,0,,0,Dark,303101,1,0,0,2,0,0,0,0,0,,0,0,Auckland Region,Nil,2-way,Sealed,0,0,0,0,100,0,None,0,0,,76,Auckland,Nil,0,0,0,0,0,0,Open,1,0,0,Light rain,Null
1744899,5916171,23313,,510800,0,0,0,2,0,North,2006/2007,HENDERSON VALLEY ROAD,GARELJA ROAD,,Minor Crash,No,2006,0,South,0,0,0,Flat,0,,0,,0,Dark,242501,1,0,0,2,0,0,0,0,1,,0,0,Auckland Region,Nil,2-way,Sealed,0,0,0,0,50,0,On,0,0,,76,Auckland,Nil,0,0,0,0,0,0,Urban,0,0,0,Fine,Null
1761432,5918764,23314,45,516201,0,,0,2,,Null,2006/2007,ORAKEI ROAD,FACILITY ACCESS,,Minor Crash,No,2006,,North,,0,,Flat,,,,,,Dark,486000,1,0,0,2,,,0,,,,,,Auckland Region,Nil,2-way,Sealed,,0,0,,50,,On,0,0,,76,Auckland,Nil,,,,,0,0,Urban,0,,,Fine,Null
1763890,5911539,23315,,520500,0,,0,2,,West,2005/2006,NIALL BURGESS ROAD,MOUNT WELLINGTON HIGHWAY,,Minor Crash,No,2006,,West,,0,,Flat,,,,,,Bright sun,637900,2,0,0,2,,,0,,,,,,Auckland Region,Nil,2-way,Sealed,,0,0,,50,,Null,0,0,,76,Auckland,Unknown,,,,,0,0,Urban,0,,,Fine,Null
1748972,5918376,23316,,514801,0,0,0,1,1,West,2005/2006,SH 16,ROSEBANK OBR,,Minor Crash,Yes,2006,0,West,0,0,0,Hill Road,0,,0,,0,Dark,389200,1,0,0,3,0,0,0,0,0,,0,0,Auckland Region,Nil,1-way,Sealed,0,0,0,0,100,0,On,0,0,,76,Auckland,Nil,0,0,0,0,0,0,Open,0,0,0,Fine,Null
1814073,5803712,23317,,527133,0,0,0,2,0,West,2006/2007,SH 1N,PEAKE ROAD,,Minor Crash,Yes,2006,0,West,1,0,0,Flat,0,,0,,0,Twilight,959905,1,0,0,2,0,0,0,0,0,,0,0,Waikato Region,Nil,2-way,Sealed,0,0,0,0,100,0,Off,0,0,,17,Waipa District,Unknown,0,0,0,0,0,0,Open,0,0,0,Heavy rain,Null
1633565,6127993,23318,,500202,0,,0,1,,West,2005/2006,SH 10,INLAND ROAD,,Minor Crash,Yes,2006,,West,,0,,Flat,,,,,,Bright sun,3000,2,0,0,2,,,0,,,,,,Northland Region,Nil,2-way,Sealed,,0,0,,100,,None,1,0,,1,Far North District,Nil,,,,,0,0,Open,0,,,Fine,Null
1759382,5916533,23319,,516001,0,,0,3,,North,2005/2006,SH 1N,OMAHU OBR,,Minor Crash,Yes,2006,,South,,0,,Flat,,,,,,Dark,491700,1,0,0,3,,,0,,,,,,Auckland Region,Nil,1-way,Sealed,,0,0,,100,,On,0,0,,76,Auckland,Nil,,,,,0,0,Open,0,,,Light rain,Null
1757509,5918678,23320,,514302,0,0,0,2,0,South,2005/2006,SH 1N,GRAFTON OBR,,Minor Crash,Yes,2006,0,South,0,0,0,Flat,1,,0,,0,Bright sun,442500,1,0,0,4,0,0,0,0,0,,0,0,Auckland Region,Nil,1-way,Sealed,0,0,0,0,80,0,Off,0,0,,76,Auckland,Nil,0,0,0,0,0,0,Open,0,0,0,Fine,Null
1823666,5899610,23321,,533603,0,0,0,1,1,South,2005/2006,SH 25,POHUE CREEK ROAD,,Fatal Crash,Yes,2006,0,North,0,1,0,Flat,0,,0,,0,Overcast,1056402,0,0,0,2,0,0,0,1,0,,0,0,Waikato Region,Bridge,2-way,Sealed,0,0,0,0,50,0,Off,0,0,,11,Thames-Coromandel District,Nil,0,0,0,0,0,0,Urban,0,0,1,Fine,Null
1767587,5904632,23322,,524604,0,0,0,1,0,Null,2006/2007,GREAT SOUTH ROAD,RONWOOD AVENUE,,Minor Crash,No,2006,0,North,0,0,1,Flat,0,,0,,0,Bright sun,780302,1,0,0,6,0,0,0,0,0,,1,0,Auckland Region,Nil,2-way,Sealed,0,0,0,0,70,0,Off,0,0,,76,Auckland,Traffic Signals,0,0,0,0,0,0,Urban,1,0,0,Fine,Null
1750133,5946400,23323,,506001,0,,0,2,,South,2005/2006,WAINUI ROAD,SILVERDALE ST,,Minor Crash,No,2006,,South,,0,,Flat,,,,,,Overcast,175400,1,0,0,2,,,0,,,,,,Auckland Region,Nil,2-way,Sealed,,0,0,,50,,Off,0,0,,76,Auckland,Nil,,,,,0,0,Urban,0,,,Fine,Null
1763443,5910512,23324,,521901,0,0,0,1,0,South,2005/2006,SALEYARDS ROAD,PORTAGE ROAD,,Serious Crash,No,2006,0,North,0,0,0,Flat,0,,0,,1,Dark,781900,0,0,0,2,0,0,0,0,0,,0,0,Auckland Region,Nil,2-way,Sealed,0,0,1,0,50,0,On,0,0,,76,Auckland,Nil,0,0,0,1,0,0,Urban,0,0,0,Light rain,Null
1764768,5920096,23325,,516602,0,0,0,3,0,East,2005/2006,TAMAKI DRIVE,SAGE ROAD,,Minor Crash,No,2006,0,West,0,0,0,Flat,0,,0,,0,Overcast,504400,1,0,0,1,0,0,0,0,2,,0,0,Auckland Region,Nil,2-way,Sealed,0,0,0,0,50,0,Off,0,0,,76,Auckland,Nil,0,0,0,0,0,0,Urban,0,0,0,Heavy rain,Null
1789823,5828440,23326,,528200,0,,0,1,,Null,2005/2006,GREAT SOUTH ROAD,ELLERY ST,,Minor Crash,No,2006,,North,,0,,Flat,,,,,,Bright sun,857800,1,0,0,2,,,0,,,,,,Waikato Region,Nil,2-way,Sealed,,0,0,,50,,Null,1,0,,13,Waikato District,Give way,,,,,0,0,Urban,0,,,Fine,Null
1753223,5875948,23327,,526103,0,,0,1,,South,2005/2006,LEONARD ST,CONSTABLE ROAD,,Minor Crash,No,2006,,West,,0,,Flat,,,,,,Twilight,837300,2,0,0,2,,,0,,,,,,Auckland Region,Nil,2-way,Sealed,,0,0,,50,,Off,0,0,,76,Auckland,Nil,,,,,0,0,Urban,0,,,Fine,Null
1684523,6080146,23328,,501634,0,0,0,0,1,West,2005/2006,NGAPIPITO ROAD,TANA ROAD,,Minor Crash,No,2006,0,East,0,0,1,Hill Road,0,,0,,0,Bright sun,36500,1,0,0,1,0,0,0,0,0,,0,0,Northland Region,Nil,2-way,Unsealed,0,0,0,0,100,0,None,0,0,,1,Far North District,Nil,0,0,0,1,0,0,Open,1,0,0,Fine,Null
1757879,5914453,23329,,518600,0,,0,2,,Null,2005/2006,PAH ROAD,SELWYN ROAD,,Non-Injury Crash,No,2006,,North,,0,,Flat,,,,,,Overcast,565800,0,0,0,2,,,0,,,,,,Auckland Region,Nil,2-way,Sealed,,0,0,,50,,Off,0,0,,76,Auckland,Stop,,,,,0,0,Urban,0,,,Fine,Null
1758813,5920538,23330,,514101,0,,0,2,,West,2005/2006,Z CPK MCDONALDS ST,THE STRAND,,Non-Injury Crash,No,2006,,East,,0,,Flat,,,,,,Dark,438214,0,0,0,0,,,0,,,,,,Auckland Region,Nil,Off road,Sealed,,0,0,,30,,None,0,0,,76,Auckland,Nil,,,,,0,0,Urban,0,,,Fine,Null
1760993,5906883,23331,,524112,0,0,0,0,0,North,2006/2007,CHINGFORD CLOSE,ASHGROVE ROAD,,Non-Injury Crash,No,2006,0,North,0,0,0,Flat,0,,0,,0,Twilight,742202,0,0,0,2,0,0,0,0,0,,0,1,Auckland Region,Nil,2-way,Sealed,0,0,0,0,50,0,On,0,0,,76,Auckland,Unknown,0,0,0,0,0,0,Urban,1,0,0,Fine,Null
1765033,5905680,23332,,522202,0,0,0,1,0,West,2006/2007,Z CPK NEW WORLD,WALLACE ROAD,,Non-Injury Crash,No,2006,0,West,0,0,0,Flat,0,,0,,0,Bright sun,663400,0,0,0,1,0,0,0,0,1,,0,0,Auckland Region,Nil,Off road,Sealed,0,0,0,0,20,0,Off,1,0,,76,Auckland,Nil,0,0,0,0,0,0,Urban,0,0,0,Fine,Null
1765443,5914492,23333,,520602,1,,0,0,,South,2005/2006,QUEENS ROAD,LUCAS LANE,,Non-Injury Crash,No,2006,,North,,0,,Flat,,,,,,Bright sun,628800,0,0,0,2,,,0,,,,,,Auckland Region,Nil,2-way,Sealed,,0,0,,50,,Null,0,0,,76,Auckland,Unknown,,,,,0,0,Urban,1,,,Fine,Null
1769596,5908485,23334,,523113,0,,0,3,,South,2005/2006,TE IRIRANGI DRIVE,ACCENT DRIVE,,Non-Injury Crash,No,2006,,North,,0,,Flat,,,,,,Bright sun,711901,0,0,0,5,,,0,,,,,,Auckland Region,Nil,2-way,Sealed,,0,0,,80,,Off,0,0,,76,Auckland,Nil,,,,,0,0,Open,1,,,Fine,Null
1759769,5903396,23335,,524200,0,,0,1,,East,2006/2007,LAURENCE STEVENS DRIVE,GEOFFREY ROBERTS ROAD,,Non-Injury Crash,No,2006,,West,,0,,Flat,,Christmas New Year,,,,Overcast,727200,0,0,0,2,,,0,,,,,,Auckland Region,Nil,2-way,Sealed,,0,0,,50,,On,0,0,,76,Auckland,Nil,,,,,1,0,Urban,0,,,Light rain,Null