X,Y,OBJECTID,advisorySpeed,areaUnitID,bicycle,bridge,bus,carStationWagon,cliffBank,crashDirectionDescription,crashFinancialYear,crashLocation1,crashLocation2,crashRoadSideRoad,crashSeverity,crashSHDescription,crashYear,debris,directionRoleDescription,ditch,fatalCount,fence,flatHill,guardRail,holiday,houseOrBuilding,intersection,kerb,light,meshblockId,minorInjuryCount,moped,motorcycle,NumberOfLanes,objectThrownOrDropped,otherObject,otherVehicleType,overBank,parkedVehicle,pedestrian,phoneBoxEtc,postOrPole,region,roadCharacter,roadLane,roadSurface,roadworks,schoolBus,seriousInjuryCount,slipOrFlood,speedLimit,strayAnimal,streetLight,suv,taxi,temporarySpeedLimit,tlaId,tlaName,trafficControl,trafficIsland,trafficSign,train,tree,truck,unknownVehicleType,urban,vanOrUtility,vehicle,waterRiver,weatherA,weatherB
1763463,5912745,23336,,520500,0,,0,2,,North,2006/2007,SH 1N,MT WGTN ON NBD,,Non-Injury Crash,Yes,2006,,North,,0,,Flat,,,,,,Overcast,637300,0,0,0,3,,,0,,,,,,Auckland Region,Nil,1-way,Sealed,,0,0,,100,,Off,0,0,,76,Auckland,Nil,,,,,0,0,Open,0,,,Fine,Null
1816812,5823524,23337,,534500,0,0,0,1,1,South,2006/2007,SH 26,HARBOTTLE ROAD,,Serious Crash,Yes,2006,0,North,0,0,0,Flat,0,,0,,0,Dark,1091200,1,0,0,2,0,0,0,0,0,,0,0,Waikato Region,Nil,2-way,Sealed,0,0,1,0,100,0,None,0,0,,15,Matamata-Piako District,Unknown,0,0,0,0,0,0,Open,0,0,0,Fine,Null
1879300,5825415,23338,,538202,0,,0,0,,North,2005/2006,SH 2A,CHAPEL ST,,Non-Injury Crash,Yes,2006,,East,,0,,Flat,,,,,,Dark,1163002,0,0,1,2,,,0,,,,,,Bay of Plenty Region,Nil,2-way,Sealed,,0,0,,50,,On,0,0,,23,Tauranga City,Unknown,,,,,0,0,Urban,1,,,Fine,Null
1756195,5924157,23339,,509800,0,,0,3,,South,2005/2006,SH 1N,ONEWA OBR,,Non-Injury Crash,Yes,2006,,South,,0,,Flat,,,,,,Bright sun,361100,0,0,0,4,,,0,,,,,,Auckland Region,Nil,1-way,Sealed,,0,0,,80,,Off,0,0,,76,Auckland,Nil,,,,,0,0,Open,0,,,Light rain,Null
1755858,5451555,23340,,571900,0,0,0,2,0,North,2005/2006,MOANA ROAD,CLUNY ROAD,,Non-Injury Crash,No,2006,0,North,0,0,1,Flat,0,,0,,0,Overcast,2067000,0,0,0,2,0,0,0,0,1,,0,0,Wellington Region,Nil,2-way,Sealed,0,0,0,0,50,0,Null,0,0,,44,Porirua City,Nil,0,0,0,0,0,0,Urban,0,0,0,Fine,Null
1789495,5828976,23341,,528200,0,,0,3,,South,2005/2006,GREAT SOUTH ROAD,NEWCASTLE ST,,Non-Injury Crash,No,2006,,South,,0,,Flat,,,,,,Bright sun,857700,0,0,0,2,,,0,,,,,,Waikato Region,Nil,2-way,Sealed,,0,0,,50,,Null,0,0,,13,Waikato District,Give way,,,,,0,0,Urban,0,,,Fine,Null
1678491,6022263,23342,,504600,0,,0,2,,Null,2005/2006,VICTORIA ST,KAPIA ST,,Non-Injury Crash,No,2006,,South,,0,,Flat,,,,,,Overcast,116400,0,0,0,2,,,0,,,,,,Northland Region,Nil,2-way,Sealed,,0,0,,50,,Off,0,0,,3,Kaipara District,Nil,,,,,0,0,Urban,0,,,Light rain,Null
1880885,5826532,23343,,536821,0,,0,1,,Null,2005/2006,SH 2,TASMAN QUAY,,Non-Injury Crash,Yes,2006,,East,,0,,Flat,,,,,,Overcast,1203800,0,0,0,2,,,0,,,,,,Bay of Plenty Region,Nil,2-way,Sealed,,0,0,,70,,Null,0,0,,23,Tauranga City,Give way,,,,,1,0,Urban,0,,,Fine,Null
1718666,6045126,23344,,503000,0,,0,1,,East,2006/2007,MAUNU ROAD,KAUIKA ROAD,,Non-Injury Crash,No,2006,,East,,0,,Flat,,,,,,Bright sun,98900,0,0,0,2,,,0,,,,,,Northland Region,Nil,2-way,Sealed,,0,0,,50,,Off,0,0,,2,Whangarei District,Stop,,,,,0,0,Urban,1,,,Fine,Null
1756470,5926983,23345,,507900,0,,0,2,,South,2006/2007,NORTHCOTE OFF NBD,NORTHCOTE ROAD E,,Non-Injury Crash,Yes,2006,,North,,0,,Hill Road,,,,,,Bright sun,303501,0,0,0,1,,,0,,,,,,Auckland Region,Motorway ramp,1-way,Sealed,,0,0,,100,,Off,0,0,,76,Auckland,Nil,,,,,0,0,Open,0,,,Fine,Null
1755865,5929128,23346,,508510,0,0,0,2,0,West,2005/2006,TRISTRAM AVENUE,RAINES AVENUE,,Non-Injury Crash,No,2006,0,East,0,0,0,Flat,0,,0,,0,Overcast,195600,0,0,0,,0,0,0,0,1,,0,0,Auckland Region,Nil,2-way,Sealed,0,0,0,0,50,0,Null,0,0,,76,Auckland,Nil,0,0,0,0,0,0,Urban,0,0,0,Fine,Null
1717920,6051667,23347,,502102,0,,0,1,,South,2005/2006,SH 1N,GREAT NORTH ROAD,,Non-Injury Crash,Yes,2006,,North,,0,,Flat,,,,,,Bright sun,83901,0,0,0,2,,,0,,,,,,Northland Region,Nil,2-way,Sealed,,0,0,,80,,Off,0,0,,2,Whangarei District,Nil,,,,,0,0,Open,0,,,Fine,Null
1759531,5916378,23348,,516002,0,,0,2,,South,2006/2007,SH 1N,MARKET OBR,,Non-Injury Crash,Yes,2006,,South,,0,,Flat,,,,,,Overcast,492000,0,0,0,3,,,0,,,,,,Auckland Region,Nil,1-way,Sealed,,0,0,,80,,Off,0,0,,76,Auckland,Nil,,,,,0,0,Open,0,,,Fine,Null
1719246,6045318,23349,,503100,0,,0,2,,South,2005/2006,TAREWA ROAD,RAILWAY ROAD,,Non-Injury Crash,No,2006,,South,,0,,Flat,,,,,,Bright sun,100400,0,0,0,2,,,0,,,,,,Northland Region,Nil,Null,Sealed,,0,0,,50,,None,0,0,,2,Whangarei District,Nil,,,,,0,0,Urban,0,,,Fine,Null
1891407,5768827,23350,,538832,0,0,0,0,0,North,2006/2007,TARAWERA ROAD,OKAREKA LOOP ROAD S,,Non-Injury Crash,No,2006,0,North,0,0,0,Flat,0,,0,,0,Bright sun,1258503,0,0,0,2,0,0,0,1,0,,0,0,Bay of Plenty Region,Nil,2-way,Sealed,0,0,0,0,100,0,None,1,0,,24,Rotorua District,Nil,0,0,0,0,0,0,Open,0,0,0,Fine,Frost
1824110,5926314,23351,,533100,0,0,0,0,1,North,2005/2006,SH 25,TIKI QUARRY ROAD,,Fatal Crash,Yes,2006,0,South,0,1,0,Flat,0,,0,,0,Dark,1045802,0,0,0,2,0,0,0,0,0,,0,0,Waikato Region,Nil,2-way,Sealed,0,0,0,0,100,0,None,0,0,,11,Thames-Coromandel District,Nil,0,0,0,0,1,0,Open,0,0,0,Fine,Null
1747510,5912348,23352,,511901,0,0,0,1,0,Null,2006/2007,CAPTAIN SCOTT ROAD,ATKINSON ROAD,,Non-Injury Crash,No,2006,0,East,0,0,0,Hill Road,0,,0,,0,Dark,294402,0,0,0,2,0,0,0,0,0,,0,0,Auckland Region,Nil,2-way,Sealed,0,0,0,0,50,0,On,0,0,,76,Auckland,Give way,1,0,0,0,0,0,Urban,0,0,0,Fine,Null
1765468,5917007,23353,,517001,0,,0,1,,South,2005/2006,LINE ROAD,TANIWHA ST,,Non-Injury Crash,No,2006,,North,,0,,Flat,,,,,,Dark,476200,0,0,0,2,,,0,,,,,,Auckland Region,Nil,2-way,Sealed,,0,0,,50,,On,1,0,,76,Auckland,Unknown,,,,,0,0,Urban,0,,,Light rain,Null
1765046,5919663,23354,,516700,0,,0,1,,Null,2006/2007,LONG DRIVE,MELANESIA ROAD,,Non-Injury Crash,No,2006,,South,,0,,Flat,,,,,,Bright sun,508700,0,0,0,2,,,0,,,,,,Auckland Region,Nil,1-way,Sealed,,0,0,,50,,Off,0,0,,76,Auckland,Stop,,,,,0,0,Urban,1,,,Fine,Null
1688809,6101862,23355,,500900,0,,1,0,,Null,2005/2006,KERIKERI INLET ROAD,BLACKS ROAD,,Non-Injury Crash,No,2006,,North,,0,,Flat,,,,,,Bright sun,49302,0,0,0,2,,,0,,,,,,Northland Region,Nil,2-way,Sealed,,0,0,,80,,None,0,0,,1,Far North District,Nil,,,,,0,0,Open,1,,,Fine,Null
1758116,5913449,23356,,518600,0,,0,2,,West,2006/2007,MOUNT ALBERT ROAD,MANUKAU ROAD,,Non-Injury Crash,No,2006,,East,,0,,Flat,,,,,,Overcast,567300,0,0,0,4,,,0,,,,,,Auckland Region,Nil,2-way,Sealed,,0,0,,50,,Off,0,0,,76,Auckland,Nil,,,,,0,0,Urban,0,,,Fine,Null
1754663,5912528,23357,,519002,0,,0,2,,Null,2006/2007,DOMINION ROAD,RICHARDSON ROAD,,Non-Injury Crash,No,2006,,West,,0,,Flat,,,,,,Bright sun,589400,0,0,0,2,,,0,,,,,,Auckland Region,Nil,2-way,Sealed,,0,0,,50,,Off,0,0,,76,Auckland,Give way,,,,,0,0,Urban,0,,,Fine,Null
1751170,5915868,23358,,514401,0,,0,2,,East,2005/2006,HENRY ST,GREAT NORTH ROAD,,Minor Crash,No,2006,,West,,0,,Hill Road,,,,,,Overcast,383500,1,0,0,1,,,0,,,,,,Auckland Region,Nil,2-way,Sealed,,0,0,,50,,Off,0,0,,76,Auckland,Nil,,,,,0,0,Urban,0,,,Light rain,Null
1796923,5819424,23359,,528403,0,,0,1,,West,2006/2007,WAIRERE DRIVE,TE RAPA ROAD,,Serious Crash,No,2006,,East,,0,,Hill Road,,,,,,Overcast,907500,1,0,0,2,,,0,,,,,,Waikato Region,Bridge,2-way,Sealed,,0,1,,80,,Off,0,0,,16,Hamilton City,Nil,,,,,1,0,Open,1,,,Light rain,Strong wind
1572457,5186430,23360,,590507,0,,0,1,,South,2006/2007,MARSHLAND ROAD,PRESTONS ROAD,,Minor Crash,No,2006,,North,,0,,Flat,,,,,,Bright sun,2506800,1,0,1,2,,,0,,,,,,Canterbury Region,Nil,2-way,Sealed,,0,0,,80,,Null,0,0,,60,Christchurch City,Give way,,,,,0,0,Open,0,,,Fine,Null
1881149,5827282,23361,,536821,0,,0,2,,South,2005/2006,TOTARA ST,ASTROLABE ST,,Minor Crash,No,2006,,North,,0,,Flat,,,,,,Bright sun,1203400,1,0,0,2,,,0,,,,,,Bay of Plenty Region,Nil,2-way,Sealed,,0,0,,70,,Null,0,0,,23,Tauranga City,Nil,,,,,0,0,Urban,0,,,Fine,Null
1749035,5945582,23362,,505806,0,,0,1,,North,2005/2006,HIBISCUS COAST HIGHWAY,JACK HAWKEN LANE,,Non-Injury Crash,No,2006,,North,,0,,Flat,,,,,,Bright sun,176802,0,0,0,4,,,0,,,,,,Auckland Region,Nil,2-way,Sealed,,0,0,,80,,Off,1,0,,76,Auckland,Nil,,,,,0,0,Open,0,,,Fine,Null
1797650,5875010,23363,,527221,0,0,0,1,0,North,2005/2006,SH 2,FERNDALE ROAD,,Non-Injury Crash,Yes,2006,0,South,0,0,0,Hill Road,0,,0,,0,Bright sun,933500,0,0,0,2,0,0,0,0,0,,0,0,Waikato Region,Nil,2-way,Sealed,0,0,0,0,70,0,Null,0,0,,13,Waikato District,Unknown,0,0,0,0,1,0,Urban,0,1,0,Fine,Null
1754096,5935376,23364,,507102,0,,0,2,,South,2006/2007,EAST COAST ROAD,SARTORS AVENUE,,Non-Injury Crash,No,2006,,North,,0,,Flat,,Christmas New Year,,,,Bright sun,160500,0,0,0,2,,,0,,,,,,Auckland Region,Nil,2-way,Sealed,,0,0,,50,,Off,0,0,,76,Auckland,Nil,,,,,0,0,Urban,0,,,Fine,Null
1759697,5916241,23365,,516002,0,,0,1,,North,2005/2006,SH 1N,GREENLANE INT N,,Non-Injury Crash,Yes,2006,,South,,0,,Flat,,,,,,Dark,492000,0,0,0,1,,,0,,,,,,Auckland Region,Nil,1-way,Sealed,,0,0,,100,,On,1,0,70,76,Auckland,Nil,,,,,0,0,Open,1,,,Fine,Null
1779605,5904945,23366,,525201,0,0,0,1,0,West,2006/2007,TWILIGHT ROAD,NORTH ROAD,,Non-Injury Crash,No,2006,0,North,0,0,0,Hill Road,0,,0,,0,Overcast,763202,0,0,0,2,0,0,0,1,0,,0,0,Auckland Region,Nil,2-way,Sealed,0,0,0,0,100,0,Null,0,0,,76,Auckland,Unknown,0,0,0,0,0,0,Open,0,0,0,Light rain,Null
1747370,5914809,23367,,511800,0,,0,1,,East,2006/2007,GREAT NORTH ROAD,HEPBURN ROAD,,Non-Injury Crash,No,2006,,East,,0,,Hill Road,,,,,,Overcast,277902,0,0,0,4,,,0,,,,,,Auckland Region,Nil,2-way,Sealed,,0,0,,50,,On,0,0,,76,Auckland,Nil,,,,,0,0,Urban,1,,,Light rain,Null
1884990,5774223,23368,,540410,0,,0,1,,Null,2005/2006,ARAWA ST,TUTANEKAI ST,,Non-Injury Crash,No,2006,,East,,0,,Flat,,,,,,Overcast,1235100,0,0,0,2,,,0,,,,,,Bay of Plenty Region,Nil,2-way,Sealed,,0,0,,50,,Null,1,0,,24,Rotorua District,Stop,,,,,0,0,Urban,0,,,Fine,Null
1736073,6056066,23369,,501807,0,0,0,2,0,West,2005/2006,KOPIPI CRESCENT,NGUNGURU ROAD,,Non-Injury Crash,No,2006,0,South,0,0,0,Flat,0,,0,,0,Dark,62105,0,0,0,2,0,0,0,0,0,,0,0,Northland Region,Nil,2-way,Sealed,0,0,0,0,50,0,None,0,0,,2,Whangarei District,Nil,0,0,0,0,0,0,Urban,0,1,0,Fine,Null
1766160,5900132,23370,,524822,0,,0,1,,South,2006/2007,Z CPK ROSCOMMON SHOPS,SHARLAND AVENUE,,Non-Injury Crash,No,2006,,North,,0,,Flat,,,,,,Bright sun,774434,0,0,0,0,,,0,,,,,,Auckland Region,Nil,Off road,Sealed,,0,0,,30,,Off,1,0,,76,Auckland,Nil,,,,,0,0,Urban,0,,,Fine,Null
1623564,6114532,23371,,500301,0,,0,2,,Null,2006/2007,PUKEPOTO ROAD,PUCKEY AVENUE,,Non-Injury Crash,No,2006,,South,,0,,Flat,,,,,,Bright sun,15600,0,0,0,2,,,0,,,,,,Northland Region,Nil,2-way,Sealed,,0,0,,50,,Off,0,0,,1,Far North District,Give way,,,,,0,0,Urban,1,,,Fine,Null
1745546,5920772,23372,,513301,0,0,0,1,1,East,2006/2007,LINCOLN OFF EBD,SELWOOD ROAD,,Non-Injury Crash,Yes,2006,0,East,0,0,0,Flat,0,,0,,0,Dark,230200,0,0,0,1,0,0,0,0,0,,0,0,Auckland Region,Motorway ramp,1-way,Sealed,0,0,0,0,50,0,On,0,0,,76,Auckland,Nil,0,0,0,0,0,0,Urban,0,0,0,Fine,Null
1745510,5917219,23373,,510700,0,,0,2,,East,2006/2007,GREAT NORTH ROAD,CATHERINE ST,,Non-Injury Crash,No,2006,,West,,0,,Flat,,,,,,Bright sun,239900,0,0,0,2,,,0,,,,,,Auckland Region,Nil,2-way,Sealed,,0,0,,50,,Off,0,0,,76,Auckland,Traffic Signals,,,,,0,0,Urban,0,,,Fine,Null
1801739,5817514,23374,,529502,0,,0,2,,Null,2005/2006,PEACHGROVE ROAD,MARDON ROAD,,Non-Injury Crash,No,2006,,South,,0,,Flat,,,,,,Overcast,874600,0,0,0,2,,,0,,,,,,Waikato Region,Nil,2-way,Sealed,,0,0,,50,,Null,0,0,,16,Hamilton City,Stop,,,,,0,0,Urban,0,,,Light rain,Null
1936884,5612954,23375,,545832,0,,0,1,,South,2006/2007,SH 2,WAITANGI ROAD,,Minor Crash,Yes,2006,,South,,0,,Flat,,,,,,Bright sun,1404000,1,0,0,2,,,0,,,,,,Hawke's Bay Region,Bridge,2-way,Sealed,,0,0,,100,,Null,0,0,,30,Hastings District,Nil,,,,,1,0,Open,0,,,Fine,Null
1883070,5775877,23376,,539200,0,,0,2,,Null,2006/2007,SH 5,RUSSELL ROAD,,Non-Injury Crash,Yes,2006,,South,,0,,Flat,,,,,,Dark,1221200,0,0,0,4,,,0,,,,,,Bay of Plenty Region,Nil,2-way,Sealed,,0,0,,60,,On,0,0,,24,Rotorua District,Give way,,,,,0,0,Urban,0,,,Fine,Null
1800916,5811698,23377,,529300,0,,0,1,,Null,2005/2006,SH 3,TOMIN ROAD,,Non-Injury Crash,Yes,2006,,North,,0,,Flat,,,,,,Bright sun,926700,0,1,0,4,,,0,,,,,,Waikato Region,Nil,2-way,Sealed,,0,0,,60,,Null,0,0,,16,Hamilton City,Give way,,,,,0,0,Urban,0,,,Fine,Null
1760213,5915879,23378,,516003,0,0,0,1,0,South,2005/2006,SH 1N,GREENLANE INT,,Non-Injury Crash,Yes,2006,0,North,0,0,0,Flat,1,,0,,0,Bright sun,494902,0,0,0,3,0,0,0,0,0,,0,0,Auckland Region,Nil,1-way,Sealed,0,0,0,0,100,0,Off,0,0,,76,Auckland,Nil,0,0,0,0,1,0,Open,0,0,0,Fine,Null
1766766,5912820,23379,,522910,1,,0,1,,South,2005/2006,TI RAKAU DRIVE,REEVES ROAD,,Minor Crash,No,2006,,North,,0,,Flat,,,,,,Overcast,684000,1,0,0,5,,,0,,,,,,Auckland Region,Nil,2-way,Sealed,,0,0,,60,,Off,0,0,,76,Auckland,Nil,,,,,0,0,Urban,0,,,Fine,Null
1757858,5912114,23380,,519810,0,,0,1,,South,2006/2007,SH 20,QUEENSTOWN OBR,,Non-Injury Crash,Yes,2006,,North,,0,,Flat,,,,,,Bright sun,602501,0,0,0,2,,,0,,,,,,Auckland Region,Nil,1-way,Sealed,,0,0,,100,,Off,2,0,,76,Auckland,Nil,,,,,0,0,Open,0,,,Fine,Null
1741689,6000908,23381,,505021,0,,0,2,,Null,2005/2006,MOIR ST,INSLEY ST,,Non-Injury Crash,No,2006,,East,,0,,Flat,,,,,,Twilight,133801,0,0,0,2,,,0,,,,,,Northland Region,Nil,2-way,Sealed,,0,0,,50,,Off,0,0,,3,Kaipara District,Give way,,,,,0,0,Urban,0,,,Fine,Null
1760809,5924283,23382,,509300,0,0,0,1,0,North,2005/2006,VAUXHALL ROAD,TURNBULL ROAD,,Minor Crash,No,2006,0,South,0,0,0,Hill Road,0,,0,,0,Twilight,337000,1,0,0,2,0,0,0,0,0,,0,1,Auckland Region,Nil,2-way,Sealed,0,0,0,0,50,0,On,0,0,,76,Auckland,Nil,0,0,0,0,0,0,Urban,0,0,0,Fine,Null
1760647,5907304,23383,,524112,0,0,0,1,0,North,2005/2006,SH 20,20 LINK 20A,,Non-Injury Crash,Yes,2006,0,North,0,0,0,Flat,0,,0,,0,Dark,737500,0,0,0,2,0,0,0,1,0,,0,0,Auckland Region,Nil,1-way,Sealed,0,0,0,0,100,0,On,0,0,,76,Auckland,Nil,0,0,0,0,0,0,Open,0,0,0,Fine,Null
1604467,5434128,23384,,581833,0,,0,1,,West,2006/2007,GARDNER VALLEY ROAD,OLD COACH ROAD,,Minor Crash,No,2006,,West,,0,,Hill Road,,,,,,Bright sun,2373700,1,0,0,2,,,0,,,,,,Tasman Region,Nil,2-way,Sealed,,0,0,,100,,Null,1,0,,51,Tasman District,Nil,,,,,0,0,Open,0,,,Fine,Null
1754768,5929694,23385,,508420,0,,0,2,,South,2005/2006,TARGET ROAD,SUNNYNOOK ROAD,,Non-Injury Crash,No,2006,,South,,0,,Flat,,,,,,Overcast,182500,0,0,0,2,,,0,,,,,,Auckland Region,Nil,2-way,Sealed,,0,0,,50,,Off,0,0,,76,Auckland,Nil,,,,,0,0,Urban,0,,,Light rain,Null
1824805,5840006,23386,,534603,0,0,0,1,0,North,2005/2006,SH 27,NO 4 ROAD,,Minor Crash,Yes,2006,0,North,0,0,1,Flat,0,,0,,0,Twilight,1095000,1,0,0,2,0,0,0,0,0,,0,0,Waikato Region,Nil,2-way,Sealed,0,0,0,0,100,0,None,0,0,,15,Matamata-Piako District,Unknown,0,0,0,0,0,0,Open,0,0,0,Fine,Null
1720190,6048986,23387,,502202,0,0,0,2,0,South,2005/2006,HOUHERE PLACE,RAUPO PLACE,,Non-Injury Crash,No,2006,0,North,0,0,0,Flat,0,,0,,0,Dark,88302,0,0,0,2,0,0,0,0,1,,0,0,Northland Region,Nil,2-way,Sealed,0,0,0,0,50,0,On,0,0,,2,Whangarei District,Nil,0,0,0,0,0,0,Urban,0,0,0,Fine,Null
1804526,5790807,23388,,531003,0,,0,3,,North,2006/2007,SH 3,BOND ROAD,,Minor Crash,Yes,2006,,South,,0,,Flat,,,,,,Bright sun,968302,1,0,0,2,,,0,,,,,,Waikato Region,Nil,2-way,Sealed,,0,0,,50,,Null,0,0,,17,Waipa District,Give way,,,,,0,0,Urban,0,,,Fine,Null
1765739,5907099,23389,,522301,0,,0,2,,East,2005/2006,EAST TAMAKI ROAD,KONINI AVENUE,,Minor Crash,No,2006,,East,,0,,Flat,,,,,,Bright sun,666301,1,0,0,4,,,0,,,,,,Auckland Region,Nil,2-way,Sealed,,0,0,,50,,Null,0,0,,76,Auckland,Unknown,,,,,0,0,Urban,0,,,Fine,Null
1798813,5821881,23390,,527006,0,0,0,2,0,North,2005/2006,ANCHOR CLOSE,SPINNAKER DRIVE,,Non-Injury Crash,No,2006,0,East,0,0,0,Flat,0,,0,,0,Dark,952036,0,0,0,2,0,0,0,0,1,,0,0,Waikato Region,Nil,2-way,Sealed,0,0,0,0,50,0,On,0,0,,16,Hamilton City,Nil,0,0,0,0,0,0,Urban,0,0,0,Fine,Null
1800246,5816286,23391,,529700,0,0,0,1,0,East,2006/2007,Z CPK PAK N SAVE,MILL ST,,Non-Injury Crash,No,2006,0,North,0,0,0,Flat,0,,0,,0,Dark,909500,0,0,0,1,0,0,0,0,1,,0,0,Waikato Region,Nil,Off road,Sealed,0,0,0,0,50,0,On,1,0,,16,Hamilton City,Nil,0,0,0,0,0,0,Urban,0,0,0,Mist or Fog,Null
1801527,5559124,23392,,559230,0,,0,2,,North,2005/2006,PUKEPAPA ROAD,MAKIRIKIRI ROAD,,Minor Crash,No,2006,,North,,0,,Flat,,,,,,Bright sun,1731900,1,0,0,2,,,0,,,,,,Manawatū-Whanganui Region,Nil,2-way,Sealed,,0,0,,100,,Null,0,0,,38,Rangitikei District,Nil,,,,,1,0,Open,0,,,Fine,Null
1771093,5737170,23393,,531720,0,,0,1,,West,2005/2006,SH 3,PAEKAKA ROAD,,Fatal Crash,Yes,2006,,East,,1,,Flat,,,,,,Overcast,1017500,0,0,1,2,,,0,,,,,,Waikato Region,Nil,2-way,Sealed,,0,1,,100,,None,0,0,,20,Waitomo District,Nil,,,,,0,0,Open,0,,,Fine,Null
1770483,5917664,23394,,522601,0,0,0,1,0,South,2005/2006,THE ESPLANADE,EASTERN BEACH ROAD,,Non-Injury Crash,No,2006,0,North,0,0,0,Flat,0,,0,,0,Bright sun,676603,0,0,0,2,0,0,0,0,0,,0,0,Auckland Region,Nil,2-way,Sealed,0,0,0,0,50,0,Off,0,0,,76,Auckland,Nil,0,0,0,0,0,0,Urban,0,0,1,Fine,Null
1756795,5926497,23395,,507900,0,0,1,3,0,South,2006/2007,SH 1N,NORTHCOTE OBR,,Minor Crash,Yes,2006,0,South,0,0,0,Flat,1,,0,,0,Overcast,304000,1,0,0,3,0,0,0,0,0,,0,0,Auckland Region,Nil,1-way,Sealed,0,0,0,0,80,0,Off,0,0,,76,Auckland,Nil,0,0,0,0,0,0,Open,0,0,0,Fine,Null
1756137,5918267,23396,,517500,0,0,0,1,0,Null,2006/2007,NEW NORTH ROAD,DOMINION OFF SBD,,Non-Injury Crash,Yes,2006,0,North,0,0,0,Flat,0,,1,,0,Dark,531700,0,0,0,2,0,0,0,0,0,,0,0,Auckland Region,Nil,2-way,Sealed,0,0,0,0,50,0,On,0,0,,76,Auckland,Give way,0,0,0,0,0,0,Urban,0,0,0,Fine,Null
1798507,5861755,23397,,527210,0,0,0,1,0,West,2006/2007,WAERENGA ROAD,KEITH ROAD W,,Minor Crash,No,2006,0,West,0,0,1,Flat,0,,0,,0,Bright sun,937300,1,0,0,2,0,0,0,0,0,,0,0,Waikato Region,Nil,2-way,Sealed,0,0,0,0,100,0,None,0,0,,13,Waikato District,Nil,0,0,0,0,0,0,Open,0,0,0,Fine,Null
1898767,5811574,23398,,536651,0,,0,1,,Null,2005/2006,TE PUKE HIGHWAY,MAKETU ROAD,,Fatal Crash,No,2006,,East,,1,,Flat,,,,,,Bright sun,1211000,0,0,0,3,,,0,,,,,,Bay of Plenty Region,Nil,2-way,Sealed,,0,0,,100,,None,0,0,,22,Western Bay of Plenty District,Stop,,,,,1,0,Open,0,,,Fine,Null
1763451,5907537,23399,,524301,0,,0,2,,Null,2005/2006,GRAY AVENUE,ROSELLA ROAD,,Minor Crash,No,2006,,East,,0,,Flat,,,,,,Overcast,748000,1,0,0,2,,,0,,,,,,Auckland Region,Nil,2-way,Sealed,,0,0,,50,,Off,0,0,,76,Auckland,Give way,,,,,0,0,Urban,0,,,Light rain,Null
1877523,5825784,23400,,537201,0,,0,1,,West,2006/2007,HINEWA ROAD,GRANGE ROAD,,Non-Injury Crash,No,2006,,North,,0,,Hill Road,,,,,,Dark,1157302,0,0,0,2,,,0,,,,,,Bay of Plenty Region,Nil,2-way,Sealed,,0,0,,50,,On,0,0,,23,Tauranga City,Nil,,,,,0,0,Urban,0,,,Fine,Null
1752819,5913121,23401,,518901,0,0,0,1,0,Null,2005/2006,KIMBER HALL AVENUE,BOUNDARY ROAD,,Non-Injury Crash,No,2006,0,North,0,0,0,Hill Road,0,,0,,0,Bright sun,586500,0,0,0,2,0,0,0,0,0,,0,0,Auckland Region,Nil,2-way,Sealed,0,0,0,0,50,0,Null,0,0,,76,Auckland,Give way,0,0,0,1,0,0,Urban,0,0,0,Fine,Null
1761257,5914058,23402,,519500,0,,0,2,,North,2006/2007,Z CPK NATIONAL BANK,GREENPARK RD,,Minor Crash,No,2006,,West,,0,,Flat,,,,,,Bright sun,620500,1,0,0,1,,,0,,,,,,Auckland Region,Nil,Off road,Sealed,,0,0,,20,,Off,0,0,,76,Auckland,Nil,,,,,0,0,Urban,0,,,Fine,Null
1753206,5924710,23403,,510402,0,,0,1,,Null,2006/2007,GLENWOOD AVENUE,MOKOIA ROAD,,Non-Injury Crash,No,2006,,South,,0,,Flat,,,,,,Bright sun,351800,0,0,0,2,,,0,,,,,,Auckland Region,Nil,2-way,Sealed,,0,0,,50,,Off,1,0,,76,Auckland,Give way,,,,,0,0,Urban,0,,,Fine,Null
1764701,5909973,23404,,521801,0,0,0,1,0,West,2005/2006,AVENUE ROAD,WATER ST,,Non-Injury Crash,No,2006,0,South,0,0,0,Flat,0,,0,,0,Dark,787500,0,0,0,2,0,0,0,0,1,,0,0,Auckland Region,Nil,2-way,Sealed,0,0,0,0,50,0,On,1,0,,76,Auckland,Nil,0,0,0,0,0,0,Urban,0,0,0,Fine,Null
1928929,5605469,23405,,547700,0,,0,1,,East,2006/2007,SOUTHAMPTON ST WEST,PEPPER ST,,Minor Crash,No,2006,,East,,0,,Flat,,,,,,Bright sun,1487500,1,0,0,4,,,0,,,1,,,Hawke's Bay Region,Nil,2-way,Sealed,,0,0,,50,,Null,0,0,,30,Hastings District,Nil,,,,,0,0,Urban,0,,,Fine,Null
1754571,5945007,23406,45,505909,0,0,0,1,0,East,2005/2006,WHANGAPARAOA ROAD,BRIGHTSIDE ROAD,,Minor Crash,No,2006,0,East,0,0,0,Flat,0,,0,,0,Dark,173809,1,0,0,2,0,0,0,0,0,,0,0,Auckland Region,Nil,2-way,Sealed,0,0,0,0,50,0,On,0,0,,76,Auckland,Nil,0,0,0,1,0,0,Urban,0,0,0,Fine,Null