X,Y,OBJECTID,advisorySpeed,areaUnitID,bicycle,bridge,bus,carStationWagon,cliffBank,crashDirectionDescription,crashFinancialYear,crashLocation1,crashLocation2,crashRoadSideRoad,crashSeverity,crashSHDescription,crashYear,debris,directionRoleDescription,ditch,fatalCount,fence,flatHill,guardRail,holiday,houseOrBuilding,intersection,kerb,light,meshblockId,minorInjuryCount,moped,motorcycle,NumberOfLanes,objectThrownOrDropped,otherObject,otherVehicleType,overBank,parkedVehicle,pedestrian,phoneBoxEtc,postOrPole,region,roadCharacter,roadLane,roadSurface,roadworks,schoolBus,seriousInjuryCount,slipOrFlood,speedLimit,strayAnimal,streetLight,suv,taxi,temporarySpeedLimit,tlaId,tlaName,trafficControl,trafficIsland,trafficSign,train,tree,truck,unknownVehicleType,urban,vanOrUtility,vehicle,waterRiver,weatherA,weatherB
1754800,5916031,23407,,517703,0,0,0,1,0,North,2005/2006,SANDRINGHAM ROAD,SHORWELL ST,,Minor Crash,No,2006,0,North,0,0,0,Flat,0,,0,,0,Dark,537900,1,0,0,2,0,0,0,0,0,,0,1,Auckland Region,Nil,2-way,Sealed,0,0,0,0,50,0,On,0,0,,76,Auckland,Nil,0,0,0,0,0,0,Urban,0,0,0,Fine,Null
1751163,5949441,23408,,505805,0,0,0,1,0,East,2006/2007,DOMENT CRESCENT,DAN TORI PLACE,,Non-Injury Crash,No,2006,0,West,0,0,1,Flat,0,,0,,0,Dark,171804,0,0,0,1,0,0,0,0,0,,0,1,Auckland Region,Nil,2-way,Sealed,0,0,0,0,50,0,On,0,0,,76,Auckland,Nil,0,0,0,0,0,0,Urban,0,0,0,Fine,Null
1759803,5917918,23409,,516102,0,0,0,2,0,South,2006/2007,BELL ROAD,SCHERFF ROAD,,Non-Injury Crash,No,2006,0,North,0,0,0,Hill Road,0,,0,,0,Overcast,482900,0,0,0,2,0,0,0,0,1,,0,0,Auckland Region,Nil,2-way,Sealed,0,0,0,0,50,0,Off,0,0,,76,Auckland,Nil,0,0,0,0,0,0,Urban,0,0,0,Fine,Null
1806673,5788701,23410,,527937,0,0,0,1,1,North,2006/2007,FLAT ROAD,MCGHIE ROAD,,Minor Crash,No,2006,0,South,1,0,0,Flat,0,,0,,0,Overcast,989400,1,0,0,2,0,0,0,0,0,,0,0,Waikato Region,Nil,2-way,Sealed,0,0,0,0,100,0,Null,0,0,,17,Waipa District,Unknown,0,0,0,0,0,0,Open,0,0,0,Light rain,Null
1419250,4949046,23411,,601400,0,0,0,1,1,South,2005/2006,BENIGO ROAD,ELGIN ST,,Minor Crash,No,2006,0,South,1,0,0,Flat,0,,0,,0,Overcast,2855800,1,0,0,2,0,0,0,0,0,,0,0,Otago Region,Nil,2-way,Sealed,0,0,0,0,100,0,Null,0,0,,71,Dunedin City,Unknown,0,0,0,0,0,0,Open,0,0,0,Fine,Null
1751002,5955507,23412,,506613,0,,0,3,,East,2005/2006,HIBISCUS COAST HIGHWAY,FOWLER ACCESS ROAD,,Non-Injury Crash,No,2006,,West,,0,,Hill Road,,,,,,Bright sun,147000,0,0,0,2,,,0,,,,,,Auckland Region,Nil,2-way,Sealed,,0,0,,80,,None,0,0,,76,Auckland,Nil,,,,,0,0,Open,0,,,Fine,Null
1802440,5815075,23413,,530200,0,,0,2,,North,2006/2007,PEACHGROVE ROAD,CLYDE ST,,Non-Injury Crash,No,2006,,North,,0,,Flat,,,,,,Bright sun,893600,0,0,0,2,,,0,,,,,,Waikato Region,Nil,2-way,Sealed,,0,0,,50,,Off,0,0,,16,Hamilton City,Nil,,,,,0,0,Urban,0,,,Fine,Null
1772383,5911437,23414,,523202,0,0,0,0,1,South,2005/2006,WHITFORD ROAD,SOMERVILLE ROAD,,Non-Injury Crash,No,2006,0,North,0,0,0,Hill Road,0,,0,,0,Overcast,717502,0,0,0,2,0,0,0,0,0,,0,1,Auckland Region,Nil,2-way,Sealed,0,0,0,0,100,0,None,1,0,,76,Auckland,Nil,0,0,0,0,0,0,Open,0,0,0,Light rain,Null
1656297,6043850,23415,,504501,0,0,0,1,1,North,2006/2007,SH 12,MONTEITH ROAD W,,Minor Crash,Yes,2006,0,North,0,0,1,Hill Road,0,,0,,0,Overcast,119000,2,0,0,2,0,0,0,0,0,,0,0,Northland Region,Nil,2-way,Sealed,0,0,0,0,100,0,None,0,0,,3,Kaipara District,Nil,0,0,0,0,0,0,Open,0,0,0,Light rain,Null
1797472,5816203,23416,,528501,0,0,0,0,0,East,2006/2007,LIVINGSTONE AVENUE,WAIMARIE ST,,Minor Crash,No,2006,0,East,0,0,0,Flat,0,,0,,0,Overcast,905100,1,0,0,2,0,0,0,0,0,1,0,0,Waikato Region,Nil,2-way,Sealed,0,0,0,0,50,0,Null,0,0,,16,Hamilton City,School Patrol/warden,0,1,0,0,0,0,Urban,1,0,0,Fine,Null
1759768,5915679,23417,,519200,0,,0,2,,East,2006/2007,GREEN LANE WEST,TAWERA ROAD,,Non-Injury Crash,No,2006,,East,,0,,Flat,,,,,,Bright sun,616500,0,0,0,4,,,0,,,,,,Auckland Region,Nil,2-way,Sealed,,0,0,,50,,Off,0,0,,76,Auckland,Nil,,,,,0,0,Urban,0,,,Fine,Null
1755257,5875981,23418,,526104,0,,0,2,,Null,2006/2007,WAIUKU ROAD,COLOMBO ROAD,,Non-Injury Crash,No,2006,,West,,0,,Flat,,,,,,Bright sun,835601,0,0,0,2,,,0,,,,,,Auckland Region,Nil,2-way,Sealed,,0,0,,70,,Off,0,0,,76,Auckland,Nil,,,,,0,0,Urban,0,,,Fine,Null
1858075,5474832,23419,,578402,0,0,0,0,0,North,2006/2007,MANAWA ROAD,CHARLES ST,,Minor Crash,No,2006,0,South,0,0,1,Flat,0,,0,,0,Bright sun,2254900,1,0,0,2,0,0,0,0,0,,0,0,Wellington Region,Nil,2-way,Sealed,0,0,0,0,100,0,Null,0,0,,48,Masterton District,Nil,0,0,0,0,1,0,Open,0,0,0,Fine,Null
1767414,5904456,23420,,524604,0,,0,2,,West,2005/2006,Z CPK MANUKAU SC,LEYTON WAY,,Minor Crash,No,2006,,East,,0,,Flat,,,,,,Bright sun,780204,1,0,0,0,,,0,,,,,,Auckland Region,Nil,Off road,Sealed,,0,0,,50,,Off,0,0,,76,Auckland,Nil,,,,,0,0,Urban,0,,,Fine,Null
1833733,5461310,23421,,578402,0,0,0,0,1,East,2005/2006,MASTERTON-CASTLEPOINT ROA,MASTERTON-STRONVAR ROAD,,Serious Crash,No,2006,0,West,0,0,0,Hill Road,0,,0,,0,Dark,2255800,3,0,0,2,0,0,0,0,0,,0,0,Wellington Region,Nil,2-way,Sealed,0,0,1,0,100,0,None,1,0,,48,Masterton District,Nil,0,0,0,0,0,0,Open,1,0,0,Light rain,Null
1765230,5899901,23422,,524822,0,0,0,1,0,South,2005/2006,BELLVILLE DRIVE,BILL PHILLIP PLACE,,Non-Injury Crash,No,2006,0,South,0,0,0,Flat,0,,0,,0,Bright sun,774436,0,0,0,2,0,0,0,0,0,,0,1,Auckland Region,Nil,2-way,Sealed,0,0,0,0,50,0,Off,0,0,,76,Auckland,Nil,0,0,0,0,0,0,Urban,0,0,0,Fine,Null
1749170,5426423,23423,,573400,0,0,0,2,0,Null,2005/2006,ELLICE ST,HANIA ST,,Non-Injury Crash,No,2006,0,East,0,0,0,Flat,0,,0,,0,Overcast,2143600,0,0,0,2,0,0,0,0,1,,0,0,Wellington Region,Nil,2-way,Sealed,0,0,0,0,50,0,Null,0,0,,47,Wellington City,Nil,0,0,0,0,0,0,Urban,0,0,0,Fine,Null
1569445,5179158,23424,,591500,0,,0,2,,Null,2005/2006,MOORHOUSE AVENUE,SELWYN ST,,Minor Crash,No,2006,,East,,0,,Flat,,,,,,Dark,2647700,1,0,0,6,,,0,,,,,,Canterbury Region,Nil,2-way,Sealed,,0,0,,50,,On,0,0,,60,Christchurch City,Traffic Signals,,,,,0,0,Urban,0,,,Fine,Null
1893071,5812721,23425,,538502,0,,0,1,,North,2005/2006,Z CPK NEW WORLD,QUEEN ST,,Non-Injury Crash,No,2006,,South,,0,,Flat,,,,,,Bright sun,1215600,0,0,0,0,,,0,,,1,,,Bay of Plenty Region,Nil,Off road,Sealed,,0,0,,30,,Off,0,0,,22,Western Bay of Plenty District,Nil,,,,,0,0,Urban,0,,,Null,Null
1826098,5885898,23426,,533502,0,,0,2,,Null,2006/2007,SH 25,POLLEN ST,,Non-Injury Crash,Yes,2006,,East,,0,,Flat,,,,,,Bright sun,1055500,0,0,0,2,,,0,,,,,,Waikato Region,Nil,2-way,Sealed,,0,0,,50,,None,0,0,,11,Thames-Coromandel District,Stop,,,,,0,0,Urban,0,,,Fine,Null
1313000,4986905,23427,,608302,0,,0,1,,South,2006/2007,SH 8,MUTTON TOWN ROAD,,Serious Crash,Yes,2006,,South,,0,,Flat,,,,,,Bright sun,3021610,1,0,1,2,,,0,,,,,,Otago Region,Nil,2-way,Sealed,,0,1,,100,,Null,0,0,,69,Central Otago District,Nil,,,,,0,0,Open,0,,,Fine,Null
1373520,4898035,23428,,606700,0,,0,0,,Null,2005/2006,SH 1S,SURREY HEIGHTS,,Minor Crash,Yes,2006,,South,,0,,Flat,,,,,,Dark,2988200,1,0,0,2,,,0,,,,,,Otago Region,Nil,2-way,Sealed,,0,0,,100,,None,0,0,,72,Clutha District,Give way,,,,,2,0,Open,0,,,Fine,Null
1755276,5917688,23429,,517500,0,,0,2,,South,2006/2007,SANDRINGHAM ROAD,WALTERS ROAD,,Non-Injury Crash,No,2006,,North,,0,,Flat,,,,,,Overcast,532400,0,0,0,2,,,0,,,,,,Auckland Region,Nil,2-way,Sealed,,0,0,,50,,Off,0,0,,76,Auckland,Nil,,,,,0,0,Urban,0,,,Mist or Fog,Null
1819875,5485445,23430,,578401,0,0,0,1,1,North,2005/2006,SH 2,RUAMAHANGA BR,,Minor Crash,Yes,2006,0,South,0,0,0,Hill Road,0,,0,,0,Bright sun,2229002,2,0,0,2,0,0,0,0,0,,0,0,Wellington Region,Nil,2-way,Sealed,0,0,0,0,100,0,Null,0,0,,48,Masterton District,Nil,0,0,0,1,0,0,Open,0,0,0,Fine,Frost
1748526,5428533,23431,,573000,0,,0,4,,South,2005/2006,SH 1N,TINAKORI OFF NBD,,Minor Crash,Yes,2006,,North,,0,,Flat,,,,,,Dark,2124500,4,0,0,3,,,0,,,,,,Wellington Region,Nil,1-way,Sealed,,0,0,,100,,On,1,0,,47,Wellington City,Nil,,,,,0,0,Open,0,,,Fine,Null
1762340,5913409,23432,,520402,0,,0,2,,South,2006/2007,SH 1N,PENROSE OBR,,Non-Injury Crash,Yes,2006,,South,,0,,Flat,,,,,,Bright sun,642200,0,0,0,3,,,0,,,,,,Auckland Region,Nil,1-way,Sealed,,0,0,,100,,Off,0,0,,76,Auckland,Nil,,,,,0,0,Open,0,,,Fine,Null
1759765,5436299,23433,,569100,0,,0,0,,South,2005/2006,QUEENS DRIVE,WATERLOO ROAD,,Minor Crash,No,2006,,North,,0,,Flat,,,,,,Bright sun,1968100,1,0,0,2,,,0,,,1,,,Wellington Region,Nil,2-way,Sealed,,0,0,,50,,Null,1,0,,46,Lower Hutt City,Nil,,,,,0,0,Urban,0,,,Fine,Null
1600530,5431338,23434,,581836,0,,0,1,,North,2005/2006,MOUTERE HIGHWAY,SUPPLEJACK VALLEY ROAD,,Minor Crash,No,2006,,South,,0,,Flat,,,,,,Bright sun,2351400,2,0,0,2,,,0,,,,,,Tasman Region,Nil,2-way,Sealed,,0,0,,70,,Null,0,0,,51,Tasman District,Nil,,,,,0,0,Urban,1,,,Fine,Null
1745001,5920995,23435,,513632,0,0,0,1,0,South,2005/2006,TRIANGLE ROAD,WAIMUMU ROAD,,Minor Crash,No,2006,0,West,1,0,0,Hill Road,0,,0,,0,Dark,228702,1,0,0,2,0,0,0,0,0,,0,0,Auckland Region,Nil,2-way,Sealed,0,0,0,0,50,0,On,0,0,,76,Auckland,Nil,0,0,0,0,0,0,Urban,0,0,0,Fine,Null
1623944,6114446,23436,,500302,0,,0,2,,North,2005/2006,COMMERCE ST,TAAFFE ST,,Non-Injury Crash,No,2006,,North,,0,,Flat,,,,,,Dark,14000,0,0,0,2,,,0,,,,,,Northland Region,Nil,2-way,Sealed,,0,0,,50,,On,0,0,,1,Far North District,Nil,,,,,0,0,Urban,0,,,Fine,Null
1754584,5931605,23437,,508805,0,,0,2,,Null,2005/2006,CONSTELLATION DRIVE,VEGA PLACE,,Non-Injury Crash,No,2006,,East,,0,,Flat,,,,,,Bright sun,180813,0,0,0,2,,,0,,,,,,Auckland Region,Nil,2-way,Sealed,,0,0,,50,,Off,0,0,,76,Auckland,Nil,,,,,0,0,Urban,0,,,Fine,Null
1694425,5674562,23438,,552200,0,,0,1,,South,2006/2007,SH 3,CORONATION AVENUE,,Serious Crash,Yes,2006,,South,,0,,Hill Road,,,,,,Dark,1601803,0,0,0,2,,,0,,,1,,,Taranaki Region,Nil,2-way,Sealed,,0,1,,50,,On,0,0,,33,New Plymouth District,Nil,,,,,0,0,Urban,0,,,Fine,Null
1766335,5903424,23439,,524604,0,,0,1,,Null,2006/2007,WIRI STATION ROAD,PLUNKET AVENUE,,Non-Injury Crash,No,2006,,West,,0,,Flat,,,,,,Overcast,780403,0,0,0,4,,,0,,,,,,Auckland Region,Nil,2-way,Sealed,,0,0,,70,,Off,0,0,,76,Auckland,Give way,,,,,0,0,Urban,1,,,Fine,Null
1768301,5467453,23440,,566101,0,0,0,1,0,Null,2006/2007,SH 1N,RAUMATI ROAD,,Minor Crash,Yes,2006,0,South,0,0,0,Flat,0,,0,,0,Dark,2004103,2,0,0,4,0,0,0,1,0,,0,0,Wellington Region,Nil,2-way,Sealed,0,0,0,0,100,0,On,0,0,,43,Kapiti Coast District,Give way,0,0,0,0,0,0,Open,0,0,0,Fine,Null
1691995,6048246,23441,50,501802,0,,0,2,,North,2005/2006,SH 15,FRASER ROAD,,Serious Crash,Yes,2006,,South,,0,,Hill Road,,,,,,Bright sun,67300,1,0,0,2,,,0,,,,,,Northland Region,Nil,2-way,Sealed,,0,1,,100,,Off,0,0,,2,Whangarei District,Nil,,,,,0,0,Open,0,,,Light rain,Null
1949327,5790380,23442,,542430,0,0,0,1,0,West,2006/2007,KIRK ST,GARAWAY ST,,Non-Injury Crash,No,2006,0,North,0,0,1,Flat,0,,0,,0,Dark,1311500,0,0,0,2,0,0,0,0,0,,0,0,Bay of Plenty Region,Nil,2-way,Sealed,0,0,0,0,50,0,On,0,0,,25,Whakatane District,Nil,0,0,0,0,0,0,Urban,0,0,0,Fine,Null
1748469,5913986,23443,,511302,0,0,0,2,0,North,2006/2007,LYNWOOD ROAD,GREAT NORTH ROAD,,Non-Injury Crash,No,2006,0,North,0,0,0,Flat,0,,1,,0,Overcast,269200,0,0,0,2,0,0,0,0,1,,0,0,Auckland Region,Nil,2-way,Sealed,0,0,0,0,50,0,Off,0,0,,76,Auckland,Nil,0,0,0,0,0,0,Urban,0,0,0,Light rain,Null
1745724,5917405,23444,,510700,0,,0,1,,Null,2005/2006,ALDERMAN DRIVE,EDMONTON ROAD,,Non-Injury Crash,No,2006,,South,,0,,Flat,,,,,,Bright sun,240000,0,0,0,4,,,0,,,,,,Auckland Region,Nil,2-way,Sealed,,0,0,,50,,Null,0,0,,76,Auckland,Give way,,,,,1,0,Urban,0,,,Fine,Null
1772160,5893818,23445,,521201,0,,0,1,,South,2005/2006,SH 1N,PARK ESTATE OBR,,Minor Crash,Yes,2006,,North,,0,,Hill Road,,,,,,Bright sun,806800,1,0,0,2,,,0,,,,,,Auckland Region,Nil,1-way,Sealed,,0,0,,100,,Off,0,0,,76,Auckland,Nil,,,,,0,0,Open,1,,,Fine,Null
1410820,4934523,23446,,601603,0,,0,1,,Null,2006/2007,SH 1S,COAST ROAD S,,Minor Crash,Yes,2006,,North,,0,,Flat,,,,,,Dark,2858300,1,0,0,3,,,0,,,,,,Otago Region,Nil,2-way,Sealed,,0,0,,100,,On,1,0,,71,Dunedin City,Give way,,,,,0,0,Open,0,,,Light rain,Null
1800894,5812618,23447,,529200,0,,0,2,,Null,2006/2007,SH 3,SH3 ON RAMP,,Non-Injury Crash,Yes,2006,,North,,0,,Flat,,,,,,Overcast,928100,0,0,0,2,,,0,,,,,,Waikato Region,Nil,2-way,Sealed,,0,0,,50,,Null,0,0,,16,Hamilton City,Give way,,,,,0,0,Urban,0,,,Fine,Null
1797312,5814710,23448,,528601,0,0,0,1,0,South,2006/2007,DINSDALE ROAD,LACHLAN DRIVE,,Non-Injury Crash,No,2006,0,East,0,0,0,Hill Road,0,,0,,0,Dark,920105,0,0,0,2,0,0,0,0,0,,0,0,Waikato Region,Nil,2-way,Sealed,0,0,0,0,50,0,On,0,0,,16,Hamilton City,Unknown,0,0,0,1,0,0,Urban,0,0,0,Fine,Null
1790023,5427085,23449,,579803,0,,0,0,,South,2005/2006,KAHUTARA ROAD,EAST-WEST ACCESS ROAD,,Minor Crash,No,2006,,South,,0,,Flat,,,,,,Bright sun,2271100,2,0,1,2,,,0,,,,,,Wellington Region,Nil,2-way,Sealed,,0,0,,100,,Null,0,0,,50,South Wairarapa District,Nil,,,,,0,0,Open,0,,,Fine,Null
1820058,5532081,23450,,561811,0,0,0,1,0,Null,2006/2007,SH 3,FLYGERS LINE,,Minor Crash,Yes,2006,0,North,0,0,0,Flat,0,,0,,0,Dark,1794400,2,0,0,4,0,0,0,0,0,,0,1,Manawatū-Whanganui Region,Nil,2-way,Sealed,0,0,0,0,100,0,On,0,0,,40,Palmerston North City,Give way,0,0,0,0,0,0,Open,1,0,0,Fine,Null
1757754,5918222,23451,,515700,0,,0,2,,South,2006/2007,SH 1N,KHYBER PASS OFF NBD,,Non-Injury Crash,Yes,2006,,North,,0,,Flat,,,,,,Bright sun,443600,0,0,0,4,,,0,,,,,,Auckland Region,Nil,1-way,Sealed,,0,0,,80,,Off,0,0,,76,Auckland,Nil,,,,,0,0,Open,0,,,Fine,Null
1741346,5910200,23452,,512902,0,0,0,1,1,South,2006/2007,SCENIC DRIVE,SHAW ROAD,,Non-Injury Crash,No,2006,0,West,0,0,0,Flat,0,,0,,0,Dark,282102,0,0,0,2,0,0,0,0,0,,0,0,Auckland Region,Nil,2-way,Sealed,0,0,0,0,100,0,None,0,0,,76,Auckland,Unknown,0,0,0,0,0,0,Open,0,0,0,Fine,Null
1410687,4916438,23453,,604810,0,0,0,1,1,West,2005/2006,PORTOBELLO ROAD,WELLER ST,,Serious Crash,No,2006,0,East,0,0,0,Flat,0,Easter,0,,0,Overcast,2940700,0,0,0,2,0,0,0,0,0,,0,0,Otago Region,Nil,2-way,Sealed,0,0,1,1,70,0,Null,0,0,,71,Dunedin City,Unknown,0,0,0,0,0,0,Urban,0,0,0,Fine,Null
1720839,5945897,23454,,506642,0,,0,0,,South,2006/2007,SOUTH HEAD ROAD,SLATER ROAD,,Minor Crash,No,2006,,West,,0,,Hill Road,,,,,,Bright sun,210400,1,0,0,2,,,0,,,,,,Auckland Region,Nil,2-way,Sealed,,0,0,,100,,None,0,0,,76,Auckland,Nil,,,,,1,0,Open,0,,,Fine,Null
1245941,4850514,23455,,611002,0,,0,1,,Null,2005/2006,SH 1S,ROCKDALE ROAD,,Minor Crash,Yes,2006,,West,,0,,Flat,,,,,,Bright sun,3161301,1,0,0,3,,,0,,,,,,Southland Region,Nil,2-way,Sealed,,0,0,,50,,Null,1,0,,75,Invercargill City,Stop,,,,,0,0,Urban,0,,,Fine,Null
1753579,5911992,23456,,518901,0,,0,1,,Null,2006/2007,HILLSBOROUGH ROAD,THE AVENUE,,Non-Injury Crash,No,2006,,North,,0,,Flat,,,,,,Bright sun,586300,0,0,0,2,,,0,,,,,,Auckland Region,Nil,2-way,Sealed,,0,0,,50,,Off,1,0,,76,Auckland,Traffic Signals,,,,,0,0,Urban,0,,,Fine,Null
1752419,5927443,23457,,508210,0,,0,2,,North,2006/2007,SEAVIEW ROAD,REDFERN LANE,,Non-Injury Crash,No,2006,,North,,0,,Hill Road,,,,,,Bright sun,187404,0,0,0,2,,,0,,,,,,Auckland Region,Nil,2-way,Sealed,,0,0,,50,,Off,0,0,,76,Auckland,Nil,,,,,0,0,Urban,0,,,Fine,Null
1754883,5929977,23458,,508420,0,0,0,1,0,West,2006/2007,SUNNYNOOK ROAD,LINK DRIVE,,Minor Crash,No,2006,0,East,0,0,0,Flat,0,,0,,0,Dark,182500,1,0,0,2,0,0,0,0,0,,0,1,Auckland Region,Nil,2-way,Sealed,0,0,0,0,50,0,On,0,0,,76,Auckland,Unknown,0,0,0,0,0,0,Urban,0,0,0,Light rain,Null
1747045,5427709,23459,,575300,0,,0,0,,North,2005/2006,RAROA ROAD,NORNA CRESCENT,,Serious Crash,No,2006,,North,,0,,Hill Road,,,,,,Bright sun,2151800,0,1,0,2,,,0,,,,,,Wellington Region,Nil,2-way,Sealed,,0,1,,50,,Null,1,0,,47,Wellington City,Nil,,,,,0,0,Urban,0,,,Fine,Null
1823219,5800847,23460,,535241,0,,0,2,,Null,2005/2006,SH 1N,HYDRO ROAD,,Minor Crash,Yes,2006,,North,,0,,Flat,,,,,,Bright sun,1122700,2,0,0,3,,,0,,,,,,Waikato Region,Nil,2-way,Sealed,,0,0,,100,,Null,0,0,,17,Waipa District,Give way,,,,,0,0,Open,0,,,Fine,Null
1809468,5808458,23461,,527131,0,,0,1,,South,2006/2007,TAMAHERE DRIVE,PICKERING ROAD,,Non-Injury Crash,No,2006,,South,,0,,Flat,,,,,,Twilight,960800,0,0,0,2,,,0,,,,,,Waikato Region,Nil,2-way,Sealed,,0,0,,100,,On,1,0,,13,Waikato District,Nil,,,,,0,0,Open,0,,,Light rain,Null
1746779,5918357,23462,,512401,0,0,0,2,0,North,2006/2007,TE ATATU ROAD,STRID ROAD,,Non-Injury Crash,No,2006,0,South,0,0,0,Flat,0,,0,,0,Twilight,255600,0,0,0,2,0,0,0,0,1,,0,0,Auckland Region,Nil,2-way,Sealed,0,0,0,0,50,0,On,0,0,,76,Auckland,Nil,0,0,0,0,0,0,Urban,0,0,0,Fine,Null
1756448,5927103,23463,,507900,0,,0,1,,South,2006/2007,SH 1N,NORTHCOTE OBR,,Minor Crash,Yes,2006,,South,,0,,Flat,,,,,,Bright sun,303502,1,0,0,3,,,0,,,,,,Auckland Region,Nil,1-way,Sealed,,0,0,,100,,Null,2,0,,76,Auckland,Nil,,,,,0,0,Open,1,,,Fine,Null
1754566,5968119,23464,,506631,0,,0,2,,North,2006/2007,MAHURANGI EAST ROAD,SNELLS BEACH ROAD,,Non-Injury Crash,No,2006,,South,,0,,Flat,,,,,,Overcast,139507,0,0,0,2,,,0,,,,,,Auckland Region,Nil,2-way,Sealed,,0,0,,50,,Null,0,0,,76,Auckland,Unknown,,,,,0,0,Urban,0,,,Fine,Null
1723696,6042562,23465,,504000,0,0,0,3,0,North,2005/2006,ONERAHI ROAD,OLD ONERAHI ROAD S,,Non-Injury Crash,No,2006,0,South,0,0,1,Hill Road,0,,0,,0,Bright sun,110603,0,0,0,2,0,0,0,0,0,,0,0,Northland Region,Nil,2-way,Sealed,0,0,0,0,50,0,Off,0,0,,2,Whangarei District,Nil,0,0,0,0,0,0,Urban,0,0,0,Fine,Null
1710499,5656160,23466,,553003,0,0,0,0,0,East,2006/2007,CROYDON ROAD,SH 3,,Fatal Crash,No,2006,0,East,0,1,1,Hill Road,0,,0,,0,Dark,1621500,0,0,0,2,0,0,0,1,0,,0,0,Taranaki Region,Nil,2-way,Sealed,0,0,1,0,100,0,None,1,0,,34,Stratford District,Nil,0,0,0,0,0,0,Open,0,0,0,Fine,Null
1758926,5913207,23467,,519710,0,,0,2,,West,2006/2007,MOUNT SMART ROAD,ONEHUNGA MALL,,Non-Injury Crash,No,2006,,North,,0,,Flat,,,,,,Bright sun,595700,0,0,0,2,,,0,,,,,,Auckland Region,Nil,2-way,Sealed,,0,0,,50,,Off,0,0,,76,Auckland,Traffic Signals,,,,,0,0,Urban,0,,,Fine,Null
1798484,5823171,23468,55,527123,0,0,0,1,1,South,2006/2007,KAY ROAD,NORTH CITY ROAD,,Non-Injury Crash,No,2006,0,North,0,0,0,Hill Road,0,,0,,0,Overcast,951704,0,0,0,2,0,0,0,0,0,,0,0,Waikato Region,Nil,2-way,Sealed,0,0,0,0,100,0,Null,0,0,,13,Waikato District,Nil,0,0,0,0,0,0,Open,0,0,0,Fine,Null
1471921,5120955,23469,,598312,0,0,0,0,0,South,2005/2006,SH 1S,RANGITATA RIV BR N/S END,,Minor Crash,Yes,2006,0,North,0,0,0,Flat,0,,0,,0,Overcast,2760700,1,0,0,2,0,0,0,1,0,,0,0,Canterbury Region,Nil,2-way,Sealed,0,0,0,0,100,0,Null,0,0,,64,Timaru District,Unknown,0,0,0,1,0,0,Open,1,0,0,Heavy rain,Null
1744640,5919803,23470,,513301,0,,0,1,,Null,2006/2007,UNIVERSAL DRIVE,RATHGAR ROAD,,Non-Injury Crash,No,2006,,West,,0,,Flat,,,,,,Dark,233500,0,0,0,2,,,0,,,,,,Auckland Region,Nil,2-way,Sealed,,0,0,,50,,Off,0,0,,76,Auckland,Give way,,,,,0,0,Urban,1,,,Heavy rain,Null
1759193,5916747,23471,,516001,0,,0,1,,Null,2005/2006,SH 1N,MARKET OBR,,Non-Injury Crash,Yes,2006,,North,,0,,Flat,,,,,,Bright sun,491700,0,0,0,3,,,0,,,,,,Auckland Region,Nil,1-way,Sealed,,0,0,,100,,Off,1,0,,76,Auckland,Nil,,,,,0,0,Open,0,,,Fine,Null
1815351,5523653,23472,,561901,0,0,0,0,1,South,2006/2007,KARERE ROAD,SH 56,,Minor Crash,No,2006,0,South,0,0,1,Flat,0,,0,,0,Dark,1796100,1,0,0,1,0,0,0,0,0,,0,0,Manawatū-Whanganui Region,Nil,2-way,Sealed,0,0,0,0,100,0,None,0,0,,39,Manawatu District,Nil,0,0,0,0,0,0,Open,1,0,0,Fine,Null
1763950,5907683,23473,,521902,0,0,0,1,0,North,2006/2007,Z CPK MIDDLEMORE,MIDDLEMORE CRESCENT,,Non-Injury Crash,No,2006,0,North,0,0,0,Flat,0,,0,,0,Bright sun,786500,0,0,0,1,0,0,0,0,1,,0,0,Auckland Region,Nil,Off road,Sealed,0,0,0,0,20,0,None,0,0,,76,Auckland,Nil,0,0,0,0,1,0,Urban,0,0,0,Fine,Null
1851498,5806613,23474,,535231,0,0,0,1,0,West,2005/2006,SH 24,STOPFORD ROAD,,Non-Injury Crash,Yes,2006,0,East,0,0,1,Flat,0,,0,,0,Dark,1113700,0,0,0,2,0,0,0,0,0,,0,0,Waikato Region,Nil,2-way,Sealed,0,0,0,0,100,0,None,0,0,,15,Matamata-Piako District,Unknown,0,0,0,0,0,0,Open,0,0,0,Null,Frost
1745414,5912804,23475,,512906,0,0,0,1,0,East,2006/2007,GLENGARRY ROAD,AUTUMN AVENUE,,Non-Injury Crash,No,2006,0,West,0,0,1,Flat,0,,0,,0,Bright sun,278515,0,0,0,2,0,0,0,0,0,,0,0,Auckland Region,Nil,2-way,Sealed,0,0,0,0,50,0,Off,0,0,,76,Auckland,Nil,0,0,0,1,0,0,Urban,0,0,0,Fine,Null
1770339,5911317,23476,,523106,0,,0,1,,Null,2005/2006,BOTANY ROAD,TI RAKAU DRIVE,,Non-Injury Crash,No,2006,,South,,0,,Flat,,Queens Birthday,,,,Dark,711174,0,0,0,6,,,0,,,,,,Auckland Region,Nil,2-way,Sealed,,0,0,,70,,On,0,0,,76,Auckland,Traffic Signals,,,,,0,0,Urban,1,,,Fine,Null