X,Y,OBJECTID,advisorySpeed,areaUnitID,bicycle,bridge,bus,carStationWagon,cliffBank,crashDirectionDescription,crashFinancialYear,crashLocation1,crashLocation2,crashRoadSideRoad,crashSeverity,crashSHDescription,crashYear,debris,directionRoleDescription,ditch,fatalCount,fence,flatHill,guardRail,holiday,houseOrBuilding,intersection,kerb,light,meshblockId,minorInjuryCount,moped,motorcycle,NumberOfLanes,objectThrownOrDropped,otherObject,otherVehicleType,overBank,parkedVehicle,pedestrian,phoneBoxEtc,postOrPole,region,roadCharacter,roadLane,roadSurface,roadworks,schoolBus,seriousInjuryCount,slipOrFlood,speedLimit,strayAnimal,streetLight,suv,taxi,temporarySpeedLimit,tlaId,tlaName,trafficControl,trafficIsland,trafficSign,train,tree,truck,unknownVehicleType,urban,vanOrUtility,vehicle,waterRiver,weatherA,weatherB
1834099,5795713,23477,70,535250,0,0,0,1,0,East,2005/2006,HORAHORA ROAD,SH 1N,,Non-Injury Crash,No,2006,0,South,0,0,0,Hill Road,0,,0,,0,Overcast,1125301,0,0,0,2,0,0,0,0,0,,0,0,Waikato Region,Nil,2-way,Sealed,0,0,0,0,100,0,Null,0,0,,19,South Waikato District,Unknown,0,0,0,1,0,0,Open,0,0,0,Fine,Null
1757947,5918026,23478,,515700,0,0,0,2,0,Null,2006/2007,SH 1N,GILLIES ON NBD,,Non-Injury Crash,Yes,2006,0,North,0,0,0,Flat,1,,0,,0,Bright sun,443700,0,0,0,4,0,0,0,0,0,,0,0,Auckland Region,Nil,1-way,Sealed,0,0,0,0,100,0,Off,0,0,,76,Auckland,Nil,0,0,0,0,0,0,Open,0,0,0,Fine,Null
1757334,5918853,23479,,514302,0,,0,2,,South,2005/2006,SH 1N,GRAFTON OBR,,Non-Injury Crash,Yes,2006,,South,,0,,Flat,,,,,,Bright sun,441700,0,0,0,3,,,0,,,,,,Auckland Region,Nil,2-way,Sealed,,0,0,,100,,Off,0,0,,76,Auckland,Nil,,,,,0,0,Open,0,,,Fine,Null
1877493,5798267,23480,,536630,0,0,0,1,1,North,2005/2006,SH 36,MANGATOI ROAD,,Serious Crash,Yes,2006,0,North,0,0,0,Hill Road,0,,0,,0,Dark,1192702,0,0,0,2,0,0,0,0,0,,0,0,Bay of Plenty Region,Nil,2-way,Sealed,0,0,2,0,100,0,None,0,0,,22,Western Bay of Plenty District,Unknown,0,0,0,0,0,0,Open,0,0,0,Light rain,Null
1761972,5907335,23481,,524520,0,,0,2,,West,2006/2007,ROYTON AVENUE,CHALFONT ST,,Non-Injury Crash,No,2006,,East,,0,,Flat,,,,,,Overcast,734400,0,0,0,2,,,0,,,,,,Auckland Region,Nil,2-way,Sealed,,0,0,,50,,Off,0,0,,76,Auckland,Nil,,,,,0,0,Urban,0,,,Fine,Null
1755412,5922040,23482,,515202,0,,0,3,,South,2006/2007,SH 1N,TOP OF HARBOUR BRIDGE,,Minor Crash,Yes,2006,,North,,0,,Hill Road,,,,,,Bright sun,423600,1,0,0,2,,,0,,,,,,,Bridge,1-way,Sealed,,0,0,,80,,Off,0,0,,76,Auckland,Nil,,,,,0,0,Open,0,,,Fine,Null
1756367,5924447,23483,,509702,0,,0,1,,North,2006/2007,SH 1N,SEART OFF SBD,,Non-Injury Crash,Yes,2006,,South,,0,,Flat,,,,,,Overcast,366700,0,0,1,4,,,0,,,,,,Auckland Region,Nil,1-way,Sealed,,0,0,,100,,Off,0,0,,76,Auckland,Nil,,,,,0,0,Open,0,,,Fine,Null
1929441,5605616,23484,,547700,0,,0,1,,Null,2006/2007,QUEEN ST WEST,QUEEN ST,,Minor Crash,No,2006,,East,,0,,Flat,,,,,,Overcast,1488000,4,0,0,2,,,0,,,,,,Hawke's Bay Region,Nil,2-way,Sealed,,0,0,,50,,Null,1,0,,30,Hastings District,Give way,,,,,0,0,Urban,0,,,Fine,Null
1799736,5814510,23485,35,528900,0,0,0,1,0,West,2006/2007,KILLARNEY ROAD,LAKE DOMAIN DRIVE,,Fatal Crash,No,2006,0,East,0,2,1,Hill Road,0,,0,,1,Dark,915200,0,0,0,2,0,0,0,0,0,,0,0,Waikato Region,Nil,2-way,Sealed,0,0,1,0,50,0,On,0,0,,16,Hamilton City,Nil,0,0,0,0,0,0,Urban,0,0,0,Fine,Null
1903943,5683576,23486,,541503,0,0,0,1,1,East,2005/2006,SH 5,MATEA ROAD,,Non-Injury Crash,Yes,2006,0,East,0,0,0,Hill Road,0,,0,,0,Dark,1281005,0,0,0,2,0,0,0,0,0,,0,0,Hawke's Bay Region,Nil,2-way,Sealed,0,0,0,0,100,0,None,0,0,,21,Taupo District,Nil,0,0,0,0,0,0,Open,0,0,0,Light rain,Strong wind
1569445,5179158,23487,,591500,0,,0,2,,Null,2005/2006,MOORHOUSE AVENUE,SELWYN ST,,Minor Crash,No,2006,,South,,0,,Flat,,,,,,Dark,2647700,1,0,0,4,,,0,,,,,,Canterbury Region,Nil,2-way,Sealed,,0,0,,50,,On,0,0,,60,Christchurch City,Traffic Signals,,,,,0,0,Urban,0,,,Fine,Null
1771072,5903851,23488,,523819,0,0,0,1,1,Null,2005/2006,REDOUBT ROAD,MILL ROAD,,Non-Injury Crash,No,2006,0,East,0,0,0,Hill Road,0,,0,,0,Dark,760500,0,0,0,2,0,0,0,0,0,,0,0,Auckland Region,Nil,2-way,Sealed,0,0,0,0,80,0,None,0,0,,76,Auckland,Nil,0,0,0,0,0,0,Open,0,0,0,Heavy rain,Null
1769444,5907955,23489,,523711,0,,0,2,,Null,2006/2007,TE IRIRANGI DRIVE,BISHOP DUNN PLACE,,Minor Crash,No,2006,,North,,0,,Flat,,,,,,Dark,712305,1,0,0,2,,,0,,,,,,Auckland Region,Nil,2-way,Sealed,,0,0,,80,,On,0,0,,76,Auckland,Traffic Signals,,,,,0,0,Open,0,,,Fine,Null
1698308,6036268,23490,,504502,0,0,0,0,0,East,2005/2006,SH 14,BOB TAYLOR ROAD,,Serious Crash,Yes,2006,0,East,0,0,1,Flat,0,,0,,0,Dark,121000,0,0,0,2,0,0,0,0,0,,0,0,Northland Region,Nil,2-way,Sealed,0,0,1,0,100,0,None,0,0,,3,Kaipara District,Nil,0,0,0,0,1,0,Open,0,0,0,Fine,Null
1449624,5026484,23491,,600410,0,,0,1,,North,2006/2007,SH 1S,TE MAIHAROA ROAD,,Minor Crash,Yes,2006,,South,,0,,Flat,,,,,,Overcast,2823600,1,0,0,2,,,0,,,,,,Canterbury Region,Nil,2-way,Sealed,,0,0,,100,,Null,0,0,,66,Waimate District,Unknown,,,,,0,0,Open,1,,,Light rain,Null
1764021,5904761,23492,,522100,0,0,0,2,0,South,2005/2006,HILLSIDE ROAD,RAPLEY PLACE,,Non-Injury Crash,No,2006,0,North,0,0,0,Hill Road,0,,0,,0,Dark,781003,0,0,0,2,0,0,0,0,1,,0,0,Auckland Region,Nil,2-way,Sealed,0,0,0,0,50,0,On,0,0,,76,Auckland,Nil,0,0,0,1,0,0,Urban,0,0,0,Fine,Null
1877293,5821597,23493,,538102,1,,0,1,,Null,2005/2006,CAMERON ROAD,TWENTYFIRST AVENUE,,Serious Crash,No,2006,,South,,0,,Flat,,,,,,Bright sun,1170002,0,0,0,2,,,0,,,,,,Bay of Plenty Region,Nil,2-way,Sealed,,0,1,,50,,Null,0,0,,23,Tauranga City,School Patrol/warden,,,,,0,0,Urban,0,,,Fine,Null
1764475,5909641,23494,,521802,1,,0,1,,Null,2006/2007,HIGH ST,CHURCH ST,,Minor Crash,No,2006,,South,,0,,Flat,,,,,,Twilight,788602,1,0,0,2,,,0,,,,,,Auckland Region,Nil,2-way,Sealed,,0,0,,50,,On,0,0,,76,Auckland,Give way,,,,,0,0,Urban,0,,,Fine,Null
1867641,5713215,23495,,541720,0,,0,2,,Null,2005/2006,HEUHEU ST,KAIMANAWA ST,,Non-Injury Crash,No,2006,,North,,0,,Flat,,,,,,Overcast,1273400,0,0,0,2,,,0,,,,,,Waikato Region,Nil,2-way,Sealed,,0,0,,50,,Null,0,0,,21,Taupo District,Stop,,,,,0,0,Urban,0,,,Heavy rain,Strong wind
1750901,5915615,23496,,514802,0,,0,1,,East,2006/2007,ASH ST,ROSEBANK ROAD,,Minor Crash,No,2006,,East,,0,,Flat,,,,,,Bright sun,390200,1,0,0,4,,,0,,,1,,,Auckland Region,Nil,2-way,Sealed,,0,0,,50,,Null,0,0,,76,Auckland,Unknown,,,,,0,0,Urban,0,,,Fine,Null
1748086,5964780,23497,,506613,0,0,0,1,1,South,2006/2007,SH 1N,PERRY ROAD,,Minor Crash,Yes,2006,0,North,1,0,0,Hill Road,0,Labour Weekend,0,,0,Overcast,146104,1,0,0,2,0,0,0,0,0,,0,0,Auckland Region,Nil,2-way,Sealed,0,0,0,0,100,0,None,0,0,,76,Auckland,Nil,0,0,0,0,0,0,Open,0,0,0,Light rain,Null
1773165,5880965,23498,,521131,0,,0,2,,West,2005/2006,HARRISVILLE ROAD,JERICHO ROAD,,Serious Crash,No,2006,,East,,0,,Hill Road,,,,,,Overcast,827901,0,0,0,2,,,0,,,,,,Waikato Region,Nil,2-way,Sealed,,0,2,,100,,None,0,0,,13,Waikato District,Nil,,,,,0,0,Open,0,,,Fine,Null
1741818,5904031,23499,,513800,0,0,0,0,0,South,2005/2006,HUIA ROAD,PINE AVENUE,,Non-Injury Crash,No,2006,0,East,0,0,0,Hill Road,0,,0,,0,Dark,303101,0,0,0,2,0,0,0,0,0,,0,0,Auckland Region,Nil,2-way,Sealed,0,0,0,0,100,0,None,0,0,,76,Auckland,Nil,0,0,0,1,1,0,Open,0,0,0,Fine,Null
1801086,5815028,23500,,529700,0,,0,1,,North,2006/2007,ALEXANDRA ST,HOOD ST,,Minor Crash,No,2006,,North,,0,,Flat,,,,,,Dark,911800,1,0,0,2,,,0,,,1,,,Waikato Region,Nil,2-way,Sealed,,0,0,,50,,None,0,0,,16,Hamilton City,Nil,,,,,0,0,Urban,0,,,Fine,Null
1764175,5910131,23501,,521801,0,,0,1,,Null,2006/2007,ATKINSON AVENUE,PRINCES ST,,Non-Injury Crash,No,2006,,East,,0,,Flat,,,,,,Bright sun,786802,0,0,0,5,,,0,,,,,,Auckland Region,Nil,2-way,Sealed,,0,0,,50,,Off,0,0,,76,Auckland,Traffic Signals,,,,,0,0,Urban,1,,,Fine,Null
1798128,5818894,23502,,528403,0,,0,1,,Null,2006/2007,BRYANT ROAD,NORRIS AVENUE,,Minor Crash,No,2006,,West,,0,,Flat,,,,,,Bright sun,907800,1,0,0,2,,,0,,,,,,Waikato Region,Nil,2-way,Sealed,,0,0,,50,,Off,0,0,,16,Hamilton City,Give way,,,,,1,0,Urban,0,,,Fine,Null
1711714,5632919,23503,,553601,0,0,0,1,0,North,2006/2007,SH 3,MAATA ROAD,,Minor Crash,Yes,2006,0,South,0,0,0,Hill Road,0,,0,,0,Bright sun,1636102,1,0,0,2,0,0,0,1,0,,0,0,Taranaki Region,Nil,2-way,Sealed,0,0,0,0,100,0,Null,0,0,,35,South Taranaki District,Nil,0,0,0,1,0,0,Open,0,0,0,Fine,Null
1799992,5816420,23504,,529700,0,,0,2,,East,2006/2007,ULSTER ST,ABBOTSFORD ST,,Minor Crash,No,2006,,West,,0,,Flat,,,,,,Bright sun,909000,1,0,0,4,,,0,,,,,,Waikato Region,Nil,2-way,Sealed,,0,0,,60,,Null,0,0,,16,Hamilton City,Unknown,,,,,0,0,Urban,0,,,Fine,Null
1789481,5817799,23505,,527913,0,1,0,1,1,Null,2005/2006,SH 39,HOROTIU BRIDGE,,Non-Injury Crash,Yes,2006,0,North,1,0,0,Hill Road,0,,0,,0,Dark,977600,0,0,0,2,0,0,0,0,0,,0,0,Waikato Region,Bridge,2-way,Sealed,0,0,0,0,100,0,None,0,0,,13,Waikato District,Nil,0,0,0,0,0,0,Open,1,0,0,Heavy rain,Null
1770389,5911603,23506,,523105,0,,0,2,,Null,2005/2006,BOTANY ROAD,GOLFLAND DRIVE S,,Non-Injury Crash,No,2006,,North,,0,,Flat,,,,,,Twilight,711148,0,0,0,6,,,0,,,,,,Auckland Region,Nil,2-way,Sealed,,0,0,,70,,Off,0,0,,76,Auckland,Traffic Signals,,,,,0,0,Urban,0,,,Fine,Null
1753756,5926199,23507,,508610,0,0,0,0,0,North,2006/2007,GLENFIELD ROAD,ESKDALE ROAD,,Minor Crash,No,2006,0,North,0,0,1,Flat,0,,0,,0,Dark,206500,1,0,0,3,0,0,0,0,0,,0,0,Auckland Region,Nil,2-way,Sealed,0,0,0,0,50,0,On,0,0,,76,Auckland,Nil,0,0,0,0,0,0,Urban,1,0,0,Fine,Null
1756006,5923119,23508,,509800,0,,0,2,,South,2006/2007,SH 1N,STAFFORD OFF NBD,,Non-Injury Crash,Yes,2006,,North,,0,,Flat,,,,,,Bright sun,359300,0,0,0,2,,,0,,,,,,Auckland Region,Bridge,1-way,Sealed,,0,0,,80,,Off,0,0,,76,Auckland,Nil,,,,,0,0,Open,0,,,Fine,Null
1828756,5881274,23509,65,533603,0,,0,0,,North,2005/2006,SH 25A,SH 26,,Minor Crash,Yes,2006,,North,,0,,Flat,,,,,,Overcast,1057403,1,0,1,2,,,0,,,,,,Waikato Region,Nil,2-way,Sealed,,0,0,,100,,Null,1,0,,11,Thames-Coromandel District,Nil,,,,,0,0,Open,0,,,Fine,Null
1833118,5535846,23510,,560200,0,,0,0,,Null,2005/2006,ASHHURST ROAD,HARRISONS ROAD,,Non-Injury Crash,No,2006,,North,,0,,Hill Road,,,,,,Bright sun,1758402,0,0,0,2,,,0,,,,,,Manawatū-Whanganui Region,Nil,2-way,Sealed,,0,0,,100,,Null,0,0,,40,Palmerston North City,Give way,,,,,1,0,Open,0,,,Fine,Null
1882809,5774063,23511,,539600,0,,0,2,,Null,2006/2007,SUNSET ROAD,WRIGLEY ROAD,,Non-Injury Crash,No,2006,,West,,0,,Flat,,,,,,Bright sun,1227800,0,0,0,2,,,0,,,,,,Bay of Plenty Region,Nil,2-way,Sealed,,0,0,,50,,Null,0,0,,24,Rotorua District,Give way,,,,,0,0,Urban,0,,,Fine,Null
1757713,5434413,23512,,570000,0,,0,0,,North,2005/2006,JACKSON ST,BUICK ST,,Minor Crash,No,2006,,West,,0,,Flat,,,,,,Bright sun,2028400,1,0,0,2,,,0,,,1,,,Wellington Region,Nil,2-way,Sealed,,0,0,,50,,Null,0,0,,46,Lower Hutt City,Nil,,,,,0,0,Urban,1,,,Fine,Null
1823896,5889938,23513,,533501,0,,0,1,,South,2006/2007,SH 25,TARARU CREEK ROAD,,Non-Injury Crash,Yes,2006,,North,,0,,Flat,,,,,,Bright sun,1048800,0,0,0,2,,,0,,,,,,Waikato Region,Nil,2-way,Sealed,,0,0,,100,,Null,1,0,,11,Thames-Coromandel District,Unknown,,,,,0,0,Open,0,,,Fine,Null
1806238,5871612,23514,,533901,0,,0,0,,East,2006/2007,SH 2,STEEN ROAD,,Minor Crash,Yes,2006,,East,,0,,Flat,,,,,,Overcast,1068301,2,0,1,2,,,0,,,,,,Waikato Region,Nil,2-way,Sealed,,0,0,,100,,None,0,0,,12,Hauraki District,Nil,,,,,0,0,Open,0,,,Heavy rain,Null
1763837,5910187,23515,,521901,0,,0,1,,Null,2006/2007,GREAT SOUTH ROAD,HUIA ROAD,,Non-Injury Crash,No,2006,,North,,0,,Flat,,,,,,Bright sun,782600,0,0,0,3,,,0,,,,,,Auckland Region,Nil,2-way,Sealed,,0,0,,50,,Null,1,0,,76,Auckland,Traffic Signals,,,,,0,0,Urban,0,,,Fine,Null
1769259,5900690,23516,,524902,0,0,0,1,0,East,2006/2007,MCANNALLEY ST,GREAT SOUTH ROAD,,Non-Injury Crash,No,2006,0,East,0,0,1,Flat,0,,0,,0,Dark,758400,0,0,0,1,0,0,0,0,0,,0,0,Auckland Region,Nil,2-way,Sealed,0,0,0,0,50,0,On,0,0,,76,Auckland,Nil,0,0,0,0,0,0,Urban,0,0,0,Fine,Null
1406114,4916122,23517,,602900,0,,0,2,,Null,2006/2007,SH 1S,POLICE ST,,Minor Crash,Yes,2006,,East,,0,,Flat,,,,,,Overcast,2895500,1,0,0,2,,,0,,,,,,Otago Region,Nil,1-way,Sealed,,0,0,,50,,Null,0,0,,71,Dunedin City,Give way,,,,,0,0,Urban,0,,,Fine,Null
1931867,5616260,23518,,545631,0,,0,1,,East,2005/2006,MEEANEE ROAD,SH 50,,Non-Injury Crash,No,2006,,West,,0,,Flat,,,,,,Twilight,1402501,0,0,0,4,,,0,,,,,,Hawke's Bay Region,Nil,2-way,Sealed,,0,0,,50,,On,1,0,,31,Napier City,Traffic Signals,,,,,0,0,Urban,0,,,Mist or Fog,Null
1795157,5880590,23519,,521135,0,,0,0,,North,2005/2006,KAIAUA ROAD,MANGATANGI ROAD,,Non-Injury Crash,No,2006,,North,,0,,Flat,,,,,,Dark,841300,0,0,0,2,,,0,,,,,,Waikato Region,Nil,2-way,Sealed,,0,0,,100,,On,0,0,,13,Waikato District,Nil,,,,,0,0,Open,1,,,Fine,Null
1949237,5790149,23520,,542430,0,0,0,1,0,East,2005/2006,BRIDGE ST,HINEMOA ST,,Non-Injury Crash,No,2006,0,East,0,0,1,Flat,0,,0,,0,Overcast,1311400,0,0,0,2,0,1,0,0,0,,0,0,Bay of Plenty Region,Nil,2-way,Sealed,0,0,0,0,50,0,Null,0,0,,25,Whakatane District,Unknown,0,0,0,0,0,0,Urban,0,0,0,Light rain,Null
1769534,5906555,23521,,523712,0,,0,2,,Null,2005/2006,CHAPEL ROAD,FLAT BUSH SCHOOL ROAD,,Non-Injury Crash,No,2006,,South,,0,,Flat,,,,,,Dark,713009,0,0,0,2,,,0,,,,,,Auckland Region,Nil,2-way,Sealed,,0,0,,70,,Off,0,0,,76,Auckland,Give way,,,,,0,0,Urban,0,,,Light rain,Null
1748350,5427439,23522,,573000,0,,0,2,,North,2006/2007,SH 1N,WILLIS ST,,Minor Crash,Yes,2006,,South,,0,,Flat,,,,,,Bright sun,2130500,2,0,0,1,,,0,,,,,,Wellington Region,Nil,1-way,Sealed,,0,0,,100,,Null,0,0,,47,Wellington City,Nil,,,,,0,0,Open,1,,,Fine,Null
1676465,6024086,23523,,504501,0,,0,2,,South,2006/2007,WAIHUE ROAD,PARORE WEST ROAD,,Non-Injury Crash,No,2006,,South,,0,,Hill Road,,,,,,Overcast,119900,0,0,0,1,,,0,,,,,,Northland Region,Bridge,1-way,Sealed,,0,0,,100,,None,0,0,,3,Kaipara District,Nil,,,,,0,0,Open,0,,,Fine,Null
1615480,6107151,23524,55,500204,0,,0,0,,North,2005/2006,KAITAIA-AWAROA ROAD,ROMA ROAD,,Non-Injury Crash,No,2006,,North,,0,,Flat,,,,,,Dark,10900,0,0,0,2,,,0,,,,,,Northland Region,Nil,2-way,Sealed,,0,0,,100,,None,0,0,,1,Far North District,Nil,,,,,1,0,Open,0,,,Fine,Null
1768907,5881026,23525,,525910,0,,0,2,,West,2005/2006,WESLEY ST,EDINBURGH ST,,Minor Crash,No,2006,,East,,0,,Flat,,,,,,Overcast,818800,1,0,0,2,,,0,,,,,,Auckland Region,Nil,2-way,Sealed,,0,0,,50,,Off,0,0,,76,Auckland,Nil,,,,,0,0,Urban,0,,,Fine,Null
1803301,5548494,23526,,561422,0,,0,2,,North,2006/2007,SH 1N,TANGIMOANA ROAD,,Minor Crash,Yes,2006,,South,,0,,Flat,,,,,,Bright sun,1789900,1,0,0,2,,,0,,,,,,Manawatū-Whanganui Region,Nil,2-way,Sealed,,0,0,,100,,Null,0,0,,39,Manawatu District,Nil,,,,,0,0,Open,0,,,Fine,Null
1841213,5819672,23527,,534604,0,,0,1,,Null,2005/2006,SH 27,KUTIA ROAD,,Non-Injury Crash,Yes,2006,,South,,0,,Flat,,,,,,Bright sun,1098300,0,0,0,2,,,0,,,,,,Waikato Region,Nil,2-way,Sealed,,0,0,,100,,Null,0,0,,15,Matamata-Piako District,Nil,,,,,1,0,Open,0,,,Fine,Null
1837177,5885383,23528,,533603,0,,0,1,,South,2006/2007,SH 25A,PUKETUI ROAD,,Minor Crash,Yes,2006,,North,,0,,Hill Road,,,,,,Overcast,1059403,2,0,0,2,,,0,,,,,,Waikato Region,Nil,2-way,Sealed,,0,0,,100,,Null,0,0,,11,Thames-Coromandel District,Unknown,,,,,1,0,Open,0,,,Light rain,Null
1773535,5894424,23529,,521301,0,,0,2,,South,2006/2007,OPAHEKE ROAD,LORELEI PLACE,,Non-Injury Crash,No,2006,,South,,0,,Hill Road,,,,,,Bright sun,808301,0,0,0,2,,,0,,,,,,Auckland Region,Nil,2-way,Sealed,,0,0,,50,,None,0,0,,76,Auckland,Nil,,,,,0,0,Urban,0,,,Fine,Null
1432358,5000105,23530,,600826,0,,0,2,,North,2005/2006,SH 1S,WOOLSHED ROAD,,Minor Crash,Yes,2006,,North,,0,,Hill Road,,,,,,Overcast,2831200,2,0,0,2,,,0,,,,,,Otago Region,Nil,2-way,Sealed,,0,0,,100,,Null,0,0,,68,Waitaki District,Unknown,,,,,0,0,Open,0,,,Fine,Null
1767802,5906358,23531,,523601,0,,0,2,,Null,2005/2006,PRESTON ROAD,BAIRDS ROAD,,Non-Injury Crash,No,2006,,North,,0,,Flat,,,,,,Bright sun,706800,0,0,0,2,,,0,,,,,,Auckland Region,Nil,2-way,Sealed,,0,0,,50,,Off,0,0,,76,Auckland,Give way,,,,,0,0,Urban,0,,,Fine,Null
1885095,5771590,23532,,540700,0,,0,2,,North,2005/2006,FENTON ST,SH 30,,Non-Injury Crash,No,2006,,South,,0,,Flat,,,,,,Dark,1246000,0,0,0,2,,,0,,,,,,Bay of Plenty Region,Nil,2-way,Sealed,,0,0,,60,,On,0,0,,24,Rotorua District,Give way,,,,,0,0,Urban,0,,,Fine,Null
1673493,6082446,23533,,501700,0,0,0,1,0,West,2006/2007,SH 12,RESERVOIR ROAD,,Minor Crash,Yes,2006,0,West,0,0,0,Flat,0,,0,,1,Dark,42700,2,0,0,2,0,0,0,0,0,,0,0,Northland Region,Nil,2-way,Sealed,0,0,0,0,80,0,On,0,0,,1,Far North District,Nil,0,1,0,0,0,0,Open,0,0,0,Fine,Null
1748281,5913996,23534,,511700,0,,0,2,,South,2006/2007,GREAT NORTH ROAD,WEST COAST ROAD,,Non-Injury Crash,No,2006,,North,,0,,Flat,,,,,,Bright sun,270202,0,0,0,6,,,0,,,,,,Auckland Region,Nil,2-way,Sealed,,0,0,,50,,Off,0,0,,76,Auckland,Nil,,,,,0,0,Urban,0,,,Fine,Null
1440326,5004911,23535,,601020,1,,0,1,,South,2006/2007,REED ST,EXE ST,,Minor Crash,No,2006,,South,,0,,Hill Road,,,,,,Overcast,2840500,1,0,0,2,,,0,,,,,,Otago Region,Nil,2-way,Sealed,,0,0,,50,,Null,0,0,,68,Waitaki District,Unknown,,,,,0,0,Urban,0,,,Fine,Null
1757023,5916905,23536,,518202,1,0,0,0,0,South,2005/2006,MOUNT EDEN ROAD,VALLEY ROAD,,Non-Injury Crash,No,2006,0,North,0,0,0,Flat,0,,0,,0,Bright sun,550000,0,0,0,2,0,0,0,0,0,,0,0,Auckland Region,Nil,2-way,Sealed,0,0,0,0,50,0,Off,1,0,,76,Auckland,Stop,0,0,0,0,0,0,Urban,0,1,0,Fine,Null
1571756,5180165,23537,,591700,0,,1,1,,Null,2005/2006,FITZGERALD AVENUE,WORCESTER ST,,Minor Crash,No,2006,,East,,0,,Flat,,,,,,Overcast,2657600,1,0,0,6,,,0,,,,,,Canterbury Region,Nil,2-way,Sealed,,0,0,,50,,Null,0,0,,60,Christchurch City,Traffic Signals,,,,,0,0,Urban,0,,,Fine,Null
1797481,5443625,23538,,579803,0,,0,1,,Null,2005/2006,SH 53,SOUTH FEATHERSTON ROAD,,Minor Crash,Yes,2006,,East,,0,,Flat,,,,,,Bright sun,2272100,1,0,0,2,,,0,,,,,,Wellington Region,Nil,2-way,Sealed,,0,0,,100,,Null,0,0,,50,South Wairarapa District,Give way,,,,,1,0,Open,0,,,Fine,Null
1752428,5933633,23539,,508701,0,,0,2,,West,2006/2007,DON MCKINNON DRIVE,MERCARI WAY,,Non-Injury Crash,No,2006,,East,,0,,Flat,,,,,,Overcast,178900,0,0,0,2,,,0,,,,,,Auckland Region,Nil,2-way,Sealed,,0,0,,50,,Off,0,0,,76,Auckland,Nil,,,,,0,0,Urban,0,,,Light rain,Null
1523508,5157659,23540,,597506,0,,0,0,,South,2006/2007,NORTH RAKAIA ROAD,BREADINGS ROAD,,Serious Crash,No,2006,,East,,0,,Flat,,,,,,Overcast,2726900,1,0,0,2,,,0,,,,,,Canterbury Region,Nil,2-way,Sealed,,0,2,,100,,Null,1,0,,62,Selwyn District,Unknown,,,,,0,0,Open,0,,,Fine,Null
1754227,5916912,23541,,517600,0,,0,2,,Null,2005/2006,ST LUKES ROAD,LYON AVENUE,,Minor Crash,No,2006,,South,,0,,Flat,,,,,,Dark,535300,1,0,0,4,,,0,,,,,,Auckland Region,Nil,2-way,Sealed,,0,0,,50,,On,0,0,,76,Auckland,Stop,,,,,0,0,Urban,0,,,Light rain,Null
1773360,5446295,23542,,567400,0,0,0,0,0,West,2005/2006,SH 2,GIBBONS ST,,Minor Crash,Yes,2006,0,West,0,0,0,Flat,0,,0,,0,Dark,1885700,1,0,0,2,0,0,0,0,0,,0,1,Wellington Region,Nil,2-way,Sealed,0,0,0,0,100,0,On,1,0,,45,Upper Hutt City,Nil,0,0,0,0,0,0,Open,0,0,0,Fine,Null
1760801,5924287,23543,,509300,0,0,0,1,0,East,2005/2006,VAUXHALL ROAD,OLD LAKE ROAD,,Non-Injury Crash,No,2006,0,East,0,0,0,Hill Road,0,,0,,0,Dark,337000,0,0,0,2,0,0,0,0,0,,0,1,Auckland Region,Nil,2-way,Sealed,0,0,0,0,50,0,On,0,0,,76,Auckland,Nil,0,0,0,0,0,0,Urban,0,0,0,Fine,Null
1756193,5935135,23544,,507101,0,0,0,1,0,North,2006/2007,BEACHFRONT LANE,ANZAC ROAD,,Non-Injury Crash,No,2006,0,South,0,0,0,Flat,0,,0,,0,Bright sun,160900,0,0,0,2,0,0,0,0,0,,0,0,Auckland Region,Nil,2-way,Sealed,0,0,0,0,50,0,Off,1,0,,76,Auckland,Nil,0,0,0,0,0,0,Urban,0,1,0,Fine,Null
1755671,5922469,23545,,509800,0,0,0,2,0,Null,2006/2007,SH 1N,TOP OF HARBOUR BRIDGE,,Non-Injury Crash,Yes,2006,0,South,0,0,0,Hill Road,0,,0,,0,Bright sun,359300,0,0,0,3,0,0,0,0,0,,0,0,,Nil,1-way,Sealed,0,0,0,0,80,0,Off,0,0,,76,Auckland,Nil,0,0,0,0,0,0,Open,0,1,0,Fine,Null
1801157,5813098,23546,,530400,0,0,0,1,0,West,2006/2007,SH 1N,DOWDING ST,,Non-Injury Crash,Yes,2006,0,East,0,0,0,Flat,0,,0,,0,Twilight,922201,0,0,0,2,0,0,0,0,0,,0,0,Waikato Region,Nil,2-way,Sealed,0,0,0,0,50,0,Off,0,0,,16,Hamilton City,Unknown,0,0,0,1,0,0,Urban,0,0,0,Fine,Null
1755178,5914310,23547,,518500,0,,0,1,,North,2005/2006,DOMINION ROAD,MOUNT ALBERT ROAD,,Non-Injury Crash,No,2006,,North,,0,,Flat,,,,,,Overcast,560900,0,0,0,4,,,0,,,1,,,Auckland Region,Nil,2-way,Sealed,,0,0,,50,,Off,0,0,,76,Auckland,Traffic Signals,,,,,0,0,Urban,0,,,Fine,Null
1772894,5891709,23548,,521301,0,,0,5,,North,2006/2007,SH 1N,KARAKA OBR,,Non-Injury Crash,Yes,2006,,North,,0,,Flat,,,,,,Overcast,808702,0,0,0,2,,,0,,,,,,Auckland Region,Nil,1-way,Sealed,,0,0,,100,,Off,0,0,,76,Auckland,Nil,,,,,0,0,Open,0,,,Fine,Null