X,Y,OBJECTID,advisorySpeed,areaUnitID,bicycle,bridge,bus,carStationWagon,cliffBank,crashDirectionDescription,crashFinancialYear,crashLocation1,crashLocation2,crashRoadSideRoad,crashSeverity,crashSHDescription,crashYear,debris,directionRoleDescription,ditch,fatalCount,fence,flatHill,guardRail,holiday,houseOrBuilding,intersection,kerb,light,meshblockId,minorInjuryCount,moped,motorcycle,NumberOfLanes,objectThrownOrDropped,otherObject,otherVehicleType,overBank,parkedVehicle,pedestrian,phoneBoxEtc,postOrPole,region,roadCharacter,roadLane,roadSurface,roadworks,schoolBus,seriousInjuryCount,slipOrFlood,speedLimit,strayAnimal,streetLight,suv,taxi,temporarySpeedLimit,tlaId,tlaName,trafficControl,trafficIsland,trafficSign,train,tree,truck,unknownVehicleType,urban,vanOrUtility,vehicle,waterRiver,weatherA,weatherB
1757664,5927090,23549,,508010,0,0,0,0,0,West,2006/2007,ANZAC ST,AUBURN ST,,Non-Injury Crash,No,2006,0,North,0,0,0,Flat,0,,0,,0,Twilight,327500,0,0,0,2,0,0,0,0,0,,1,0,Auckland Region,Nil,2-way,Sealed,0,0,0,0,50,0,On,1,0,,76,Auckland,Nil,0,0,0,0,0,0,Urban,0,0,0,Fine,Null
1771345,5576871,23550,,556000,0,0,0,1,0,Null,2006/2007,PURIRI ST,KOWHAI ST,,Minor Crash,No,2006,0,West,0,0,0,Flat,0,,0,,0,Bright sun,1716300,1,0,0,2,0,0,0,0,0,,0,1,Manawatū-Whanganui Region,Nil,2-way,Sealed,0,0,0,0,50,0,Null,0,0,,37,Whanganui District,Nil,0,0,0,0,0,0,Urban,0,0,0,Fine,Null
1756019,5930281,23551,,508520,0,,0,2,,Null,2005/2006,BLAKEBOROUGH DRIVE,CATALINA CRESCENT,,Minor Crash,No,2006,,East,,0,,Flat,,,,,,Dark,193200,2,0,0,2,,,0,,,,,,Auckland Region,Nil,2-way,Sealed,,0,0,,50,,On,0,0,,76,Auckland,Nil,,,,,0,0,Urban,0,,,Fine,Null
1797357,5819344,23552,,528403,0,,0,1,,North,2006/2007,PUKETE ROAD,TE RAPA ROAD S,,Non-Injury Crash,No,2006,,South,,0,,Flat,,,,,,Overcast,907800,0,0,0,2,,,0,,,,,,Waikato Region,Nil,2-way,Sealed,,0,0,,50,,Off,0,0,,16,Hamilton City,Nil,,,,,0,0,Urban,1,,,Fine,Null
1800236,5817299,23553,,529600,0,,0,1,,Null,2005/2006,FAIRFIELD ROAD,ANSON AVENUE,,Minor Crash,No,2006,,West,,0,,Flat,,,,,,Bright sun,867900,1,0,0,2,,,0,,,,,,Waikato Region,Nil,2-way,Sealed,,0,0,,50,,Off,0,0,,16,Hamilton City,Give way,,,,,0,0,Urban,1,,,Fine,Null
1756566,5918430,23554,,515600,0,,0,2,,South,2005/2006,NEW NORTH ROAD,VIRGINIA AVENUE,,Non-Injury Crash,No,2006,,North,,0,,Flat,,,,,,Bright sun,419704,0,0,0,3,,,0,,,,,,Auckland Region,Nil,2-way,Sealed,,0,0,,50,,Null,0,0,,76,Auckland,Nil,,,,,0,0,Urban,0,,,Fine,Null
1834703,5586348,23555,,559220,0,0,0,1,0,North,2005/2006,SH 1N,OTARA ROAD,,Minor Crash,Yes,2006,0,South,0,0,0,Flat,0,,0,,0,Dark,1748400,1,0,0,2,0,0,0,0,0,,0,0,Manawatū-Whanganui Region,Nil,2-way,Sealed,0,0,0,0,100,0,None,0,0,,38,Rangitikei District,Nil,0,0,0,1,0,0,Open,0,0,0,Fine,Null
1566426,5186001,23556,,588402,0,,0,1,,Null,2005/2006,SAWYERS ARMS ROAD,GARDINERS ROAD,,Minor Crash,No,2006,,South,,0,,Flat,,,,,,Twilight,2528600,1,0,0,2,,,0,,,,,,Canterbury Region,Nil,2-way,Sealed,,0,0,,50,,Off,0,0,,60,Christchurch City,Stop,,,,,0,0,Urban,1,,,Fine,Null
1758565,5917568,23557,,516001,0,,0,3,,South,2006/2007,SH 1N,GILLIES OBR,,Non-Injury Crash,Yes,2006,,South,,0,,Flat,,,,,,Twilight,490701,0,0,0,3,,,0,,,,,,Auckland Region,Bridge,1-way,Sealed,,0,0,,100,,Off,0,0,,76,Auckland,Nil,,,,,0,0,Open,1,,,Fine,Null
1756051,5934037,23558,,507300,0,,0,1,,South,2005/2006,BEACH ROAD,LYONS AVENUE N,,Minor Crash,No,2006,,North,,0,,Flat,,,,,,Overcast,155100,1,0,0,2,,,0,,,1,,,Auckland Region,Nil,2-way,Sealed,,0,0,,50,,Off,0,0,,76,Auckland,Nil,,,,,0,0,Urban,0,,,Fine,Null
1756407,5932899,23559,35,507400,0,0,0,1,1,South,2005/2006,BEACH ROAD,BRIGHTON TERRACE,,Non-Injury Crash,No,2006,0,South,0,0,0,Hill Road,0,,0,,0,Overcast,152600,0,0,0,2,0,0,0,0,0,,0,0,Auckland Region,Nil,2-way,Sealed,0,0,0,0,50,0,Off,0,0,,76,Auckland,Give way,0,0,0,0,0,0,Urban,0,0,0,Heavy rain,Null
1821026,5532126,23560,,562100,0,0,0,1,0,Null,2006/2007,JOHN F KENNEDY DRIVE,APOLLO PARADE,,Minor Crash,No,2006,0,East,0,0,0,Flat,0,,1,,0,Dark,1837905,1,0,0,4,0,0,0,0,0,,0,0,Manawatū-Whanganui Region,Nil,2-way,Sealed,0,0,0,0,50,0,On,0,0,,40,Palmerston North City,Nil,0,0,0,0,0,0,Urban,0,0,0,Fine,Null
1742357,5926597,23561,,513410,0,,0,1,,Null,2005/2006,OLD SH 16,BRIGHAM CREEK ROAD,,Minor Crash,Yes,2006,,South,,0,,Flat,,,,,,Bright sun,223100,2,0,0,2,,,0,,,,,,Auckland Region,Nil,2-way,Sealed,,0,0,,80,,Off,0,0,,76,Auckland,Give way,,,,,0,0,Open,1,,,Fine,Null
1765053,5910362,23562,,521803,0,,0,3,,North,2006/2007,SH 1N,PRINCES OBR,,Non-Injury Crash,Yes,2006,,South,,0,,Flat,,,,,,Overcast,790000,0,0,0,3,,,0,,,,,,Auckland Region,Nil,1-way,Sealed,,0,0,,100,,Off,0,0,80,76,Auckland,Nil,,,,,0,0,Open,0,,,Fine,Null
1567918,5178161,23563,,590300,0,0,0,0,0,North,2006/2007,LINCOLN ROAD,WRIGHTS ROAD,,Minor Crash,No,2006,0,North,0,0,0,Flat,0,Labour Weekend,0,,0,Dark,2539002,2,1,0,4,0,0,0,0,0,,0,0,Canterbury Region,Nil,2-way,Sealed,0,0,0,0,50,0,On,0,0,,60,Christchurch City,Unknown,1,0,0,0,0,0,Urban,0,0,0,Fine,Null
1678240,5404526,23564,,581210,0,0,0,3,0,Null,2005/2006,COLEMANS ROAD,RUTHKEN CRESCENT,,Minor Crash,No,2006,0,South,0,0,0,Flat,0,,0,,0,Dark,2293300,2,0,0,2,0,0,0,0,1,,0,0,Marlborough Region,Nil,2-way,Sealed,0,0,0,0,50,0,On,0,0,,53,Marlborough District,Nil,0,0,0,0,0,0,Urban,0,0,0,Fine,Null
1879252,5819785,23565,,537900,0,0,0,1,0,Null,2005/2006,SH 29,WELCOME BAY ROAD,,Non-Injury Crash,Yes,2006,0,South,0,0,0,Flat,0,,0,,0,Overcast,1179506,0,0,0,4,0,0,0,0,0,,0,0,Bay of Plenty Region,Nil,2-way,Sealed,0,0,0,0,50,0,Null,0,0,,23,Tauranga City,Give way,1,0,0,0,0,0,Urban,0,0,0,Heavy rain,Null
1764851,5891794,23566,,521122,0,0,0,1,1,West,2005/2006,LINWOOD ROAD,URQUHART ROAD,,Minor Crash,No,2006,0,West,0,0,0,Flat,0,,0,,0,Dark,810000,1,0,0,2,0,0,0,0,0,,0,0,Auckland Region,Nil,2-way,Sealed,0,0,0,0,100,0,None,0,0,,76,Auckland,Nil,0,0,0,1,0,0,Open,0,0,0,Fine,Null
1800118,5816088,23567,,529700,0,,0,2,,East,2006/2007,WILLOUGHBY ST,MILL ST,,Non-Injury Crash,No,2006,,West,,0,,Flat,,,,,,Overcast,909500,0,0,0,2,,,0,,,,,,Waikato Region,Nil,2-way,Sealed,,0,0,,50,,Null,0,0,,16,Hamilton City,Unknown,,,,,0,0,Urban,0,,,Light rain,Null
1217858,4852165,23568,,612802,0,0,0,1,0,South,2006/2007,ROCKS HIGHWAY,EVELYN ST,,Minor Crash,No,2006,0,North,1,0,0,Hill Road,0,,0,,0,Dark,3187904,2,0,0,2,0,0,0,0,0,,0,0,Southland Region,Nil,2-way,Sealed,0,0,0,0,50,0,None,0,0,,73,Southland District,Unknown,0,0,0,0,0,0,Urban,0,0,0,Light rain,Null
1908671,5674668,23569,,545911,0,0,0,1,0,North,2005/2006,SH 5,TARAWERA TAV,,Non-Injury Crash,Yes,2006,0,East,0,0,0,Hill Road,0,,0,,0,Overcast,1281200,0,0,0,2,0,0,0,1,0,,0,0,Hawke's Bay Region,Nil,2-way,Sealed,0,0,0,0,100,0,Null,0,0,,30,Hastings District,Nil,0,0,0,0,0,0,Open,0,0,0,Heavy rain,Null
1259841,5002890,23570,,609022,0,0,0,3,0,Null,2005/2006,GROVE LANE,PENINSULA ROAD,,Minor Crash,No,2006,0,West,0,0,1,Hill Road,0,,0,,0,Twilight,3040104,1,0,0,2,0,0,0,0,1,,0,0,Otago Region,Nil,2-way,Sealed,0,0,0,0,50,0,Off,0,0,,70,Queenstown-Lakes District,Nil,0,0,0,0,0,0,Urban,0,1,0,Fine,Null
1930425,5604707,23571,,548200,0,,0,2,,Null,2005/2006,ST AUBYN ST EAST,MILLER ST,,Minor Crash,No,2006,,West,,0,,Flat,,,,,,Bright sun,1493502,1,0,0,2,,,0,,,,,,Hawke's Bay Region,Nil,2-way,Sealed,,0,0,,50,,Null,0,0,,30,Hastings District,Stop,,,,,0,0,Urban,0,,,Fine,Null
1879008,5823750,23572,,538201,0,0,0,3,0,South,2006/2007,CAMERON ROAD,FOURTH AVENUE,,Non-Injury Crash,No,2006,0,North,0,0,0,Flat,0,,0,,0,Overcast,1165500,0,0,0,4,0,0,0,0,1,,0,0,Bay of Plenty Region,Nil,2-way,Sealed,0,0,0,0,50,0,Off,0,0,,23,Tauranga City,Nil,0,0,0,0,0,0,Urban,0,0,0,Light rain,Null
1799377,5814531,23573,,528900,0,0,0,1,0,East,2005/2006,KILLARNEY ROAD,ELLIS ST,,Minor Crash,No,2006,0,West,0,0,0,Flat,0,,0,,0,Overcast,916200,1,0,0,2,0,0,0,0,0,,0,0,Waikato Region,Nil,2-way,Sealed,0,0,0,0,50,0,Null,0,0,,16,Hamilton City,Nil,0,1,0,0,0,0,Urban,0,0,0,Light rain,Null
1769249,5912912,23574,,522723,0,,0,2,,West,2005/2006,BEN LOMOND CRESCENT N,CASCADES ROAD,,Non-Injury Crash,No,2006,,West,,0,,Flat,,,,,,Dark,682900,0,0,0,2,,,0,,,,,,Auckland Region,Nil,2-way,Sealed,,0,0,,50,,On,0,0,,76,Auckland,Nil,,,,,0,0,Urban,0,,,Fine,Null
1769889,5899048,23575,,523920,0,0,0,1,0,North,2005/2006,SH 1N,WALTER STREVENS OBR,,Non-Injury Crash,Yes,2006,0,South,0,0,0,Flat,1,,0,,0,Twilight,768005,0,0,0,3,0,0,0,0,0,,0,0,Auckland Region,Nil,1-way,Sealed,0,0,0,0,100,0,On,0,0,,76,Auckland,Nil,0,0,0,0,0,0,Open,0,0,0,Fine,Null
1764279,5908979,23576,,521901,0,,0,2,,Null,2006/2007,GREAT SOUTH ROAD,MANGERE ROAD,,Non-Injury Crash,No,2006,,North,,0,,Flat,,,,,,Bright sun,785200,0,0,0,4,,,0,,,,,,Auckland Region,Nil,2-way,Sealed,,0,0,,50,,Null,0,0,,76,Auckland,Traffic Signals,,,,,0,0,Urban,0,,,Fine,Null
1699842,6093073,23577,,501100,0,0,0,2,0,North,2006/2007,Z CPK REST AREA,TE HAUMI DRIVE,,Non-Injury Crash,No,2006,0,North,0,0,0,Flat,0,Christmas New Year,0,,0,Dark,51406,0,0,0,1,0,0,0,0,0,,0,0,Northland Region,Nil,Off road,Sealed,0,0,0,0,10,0,None,0,0,,1,Far North District,Nil,0,0,0,0,0,0,Urban,0,1,0,Fine,Null
1741544,5928366,23578,,505604,0,,0,2,,West,2005/2006,COATESVILLE-RIVERHEAD HIG,MOONTIDE ROAD,,Non-Injury Crash,No,2006,,North,,0,,Hill Road,,,,,,Overcast,214502,0,0,0,2,,,0,,,,,,Auckland Region,Nil,2-way,Sealed,,0,0,,100,,None,0,0,,76,Auckland,Nil,,,,,0,0,Open,0,,,Fine,Null
1749796,5935144,23579,,509000,0,,0,1,,Null,2005/2006,DAIRY FLAT HIGHWAY,HOBSON ROAD,,Minor Crash,No,2006,,North,,0,,Hill Road,,,,,,Overcast,179301,1,0,0,2,,,0,,,,,,Auckland Region,Nil,2-way,Sealed,,0,0,,80,,None,0,0,,76,Auckland,Nil,,,,,1,0,Open,1,,,Light rain,Null
1682911,6097053,23580,55,501633,0,0,0,1,1,East,2005/2006,WIROA ROAD,WAIMATE NORTH ROAD,,Non-Injury Crash,No,2006,0,East,0,0,0,Hill Road,0,Queens Birthday,0,,0,Overcast,49801,0,0,0,2,0,0,0,0,0,,0,0,Northland Region,Nil,2-way,Sealed,0,0,0,0,100,0,Off,0,0,,1,Far North District,Nil,0,0,0,0,0,0,Open,0,0,0,Light rain,Null
1749368,5427051,23581,,573101,0,0,0,2,0,South,2005/2006,KENT TERRACE,COURTENAY PLACE,,Non-Injury Crash,No,2006,0,East,0,0,0,Flat,0,,0,,0,Dark,2135700,0,0,0,6,0,0,0,0,1,,0,0,Wellington Region,Nil,2-way,Sealed,0,0,0,0,50,0,On,0,0,,47,Wellington City,Traffic Signals,0,0,0,0,0,0,Urban,0,0,0,Heavy rain,Null
1743487,5919688,23582,35,513632,0,0,0,1,0,North,2005/2006,DON BUCK ROAD,GLEN ROAD,,Non-Injury Crash,No,2006,0,North,0,0,0,Hill Road,0,,0,,0,Overcast,229200,0,0,0,2,0,0,0,0,0,,0,1,Auckland Region,Nil,2-way,Sealed,0,0,0,0,50,0,Off,0,0,,76,Auckland,Nil,0,0,0,0,0,0,Urban,0,0,0,Light rain,Null
1763317,5920390,23583,,516500,0,,0,2,,Null,2006/2007,TAMAKI DRIVE,PATTESON AVENUE,,Non-Injury Crash,No,2006,,East,,0,,Flat,,,,,,Bright sun,500600,0,0,0,2,,,0,,,,,,Auckland Region,Nil,2-way,Sealed,,0,0,,50,,Off,0,0,,76,Auckland,Nil,,,,,0,0,Urban,0,,,Fine,Null
1764780,5905772,23584,,522202,0,,0,1,,East,2005/2006,ST GEORGE ST,SHIRLEY ROAD,,Non-Injury Crash,No,2006,,West,,0,,Flat,,,,,,Bright sun,663300,0,0,0,2,,,0,,,1,,,Auckland Region,Nil,2-way,Sealed,,0,0,,50,,None,0,0,,76,Auckland,Nil,,,,,0,0,Urban,0,,,Fine,Null
1765147,5907608,23585,,522301,0,,0,2,,Null,2005/2006,GREAT SOUTH ROAD,MOTATAU ROAD,,Non-Injury Crash,No,2006,,South,,0,,Flat,,,,,,Bright sun,665900,0,0,0,2,,,0,,,,,,Auckland Region,Nil,2-way,Sealed,,0,0,,50,,Off,0,0,,76,Auckland,Give way,,,,,0,0,Urban,0,,,Fine,Null
1753743,5876157,23586,,526104,0,,0,2,,Null,2006/2007,VIEW ROAD,KITCHENER ROAD,,Non-Injury Crash,No,2006,,South,,0,,Hill Road,,,,,,Overcast,835900,0,0,0,2,,,0,,,,,,Auckland Region,Nil,2-way,Sealed,,0,0,,50,,Off,0,0,,76,Auckland,Nil,,,,,0,0,Urban,0,,,Fine,Null
1815583,5802222,23587,80,527931,0,,0,0,,South,2005/2006,CAMBRIDGE ROAD,MATOS SEGEDIN DRIVE,,Minor Crash,No,2006,,North,,0,,Hill Road,,,,,,Overcast,987902,2,0,0,2,,,0,,,,,,Waikato Region,Nil,2-way,Sealed,,0,0,,100,,Null,1,0,,17,Waipa District,Unknown,,,,,0,0,Open,1,,,Light rain,Null
1570880,5180523,23588,,591700,0,,0,2,,Null,2005/2006,MANCHESTER ST,CAMBRIDGE TERRACE,,Minor Crash,No,2006,,South,,0,,Flat,,,,,,Bright sun,2656100,1,0,0,2,,,0,,,,,,Canterbury Region,Nil,2-way,Sealed,,0,0,,50,,Null,0,0,,60,Christchurch City,Stop,,,,,0,0,Urban,0,,,Fine,Null
1696932,6084280,23589,,501400,0,,0,2,,Null,2005/2006,SH 1N,WYNYARD ST,,Non-Injury Crash,Yes,2006,,West,,0,,Flat,,,,,,Bright sun,57300,0,0,0,2,,,0,,,,,,Northland Region,Nil,2-way,Sealed,,0,0,,50,,None,0,0,,1,Far North District,Nil,,,,,0,0,Urban,0,,,Fine,Null
1882248,5774918,23590,,539400,0,,0,2,,West,2005/2006,CLAYTON ROAD,BROOKLAND ROAD,,Non-Injury Crash,No,2006,,West,,0,,Flat,,,,,,Overcast,1224500,0,0,0,2,,,0,,,,,,Bay of Plenty Region,Nil,2-way,Sealed,,0,0,,50,,Null,0,0,,24,Rotorua District,Give way,,,,,0,0,Urban,0,,,Heavy rain,Null
1755277,5932022,23591,,508805,0,,0,1,,Null,2006/2007,EAST COAST ROAD,CONSTELLATION DRIVE,,Serious Crash,No,2006,,East,,0,,Hill Road,,,,,,Bright sun,151104,0,0,0,4,,,0,,,1,,,Auckland Region,Nil,2-way,Sealed,,0,1,,80,,Null,0,0,30,76,Auckland,Traffic Signals,,,,,0,0,Open,0,,,Fine,Null
1859030,5692445,23592,,541346,0,,0,1,,East,2005/2006,SH 1N,OHOUMAHANGA POINT,,Non-Injury Crash,Yes,2006,,East,,0,,Hill Road,,,,,,Dark,1281602,0,0,0,2,,,0,,,,,,Waikato Region,Nil,2-way,Sealed,,0,0,,100,,None,0,0,,21,Taupo District,Unknown,,,,,1,0,Open,0,,,Fine,Null
1771028,5889948,23593,,521203,0,,0,1,,South,2005/2006,SH 22,GREAT SOUTH ROAD,,Non-Injury Crash,Yes,2006,,South,,0,,Hill Road,,,,,,Bright sun,807400,0,0,0,3,,,0,,,,,,Auckland Region,Nil,2-way,Sealed,,0,0,,100,,Off,0,0,,76,Auckland,Nil,,,,,0,0,Open,0,,,Fine,Null
1764504,5912812,23594,,520500,0,,0,0,,South,2006/2007,CARBINE ROAD,SOUTH-EASTERN HIGHWAY,,Serious Crash,No,2006,,North,,0,,Flat,,,,,,Bright sun,639100,0,0,1,4,,,0,,,,,,Auckland Region,Nil,2-way,Sealed,,0,1,,50,,Off,0,0,,76,Auckland,Nil,,,,,0,0,Urban,1,,,Fine,Null
2064010,5791649,23595,,543301,0,,0,0,,North,2005/2006,SH 35,WHAREPONGA ROAD,,Serious Crash,Yes,2006,,North,,0,,Hill Road,,,,,,Bright sun,1346900,0,0,0,2,,,0,,,1,,,Gisborne Region,Nil,2-way,Sealed,,0,1,,100,,Null,1,0,,28,Gisborne District,Nil,,,,,0,0,Open,0,,,Fine,Null
1990600,5670647,23596,,545302,0,0,0,1,0,South,2006/2007,SH 2,IWITEA ROAD,,Minor Crash,Yes,2006,0,West,1,0,0,Flat,0,,0,,0,Dark,1398600,3,0,0,2,0,0,0,0,0,,0,0,Hawke's Bay Region,Nil,2-way,Sealed,0,0,0,0,100,0,None,0,0,,29,Wairoa District,Nil,0,0,0,0,0,0,Open,0,0,0,Fine,Null
1801457,5814746,23597,,529700,0,,0,2,,Null,2005/2006,BRIDGE ST,VICTORIA ST,,Serious Crash,No,2006,,North,,0,,Flat,,,,,,Dark,912300,0,0,0,3,,,0,,,,,,Waikato Region,Nil,2-way,Sealed,,0,2,,50,,On,0,0,,16,Hamilton City,Traffic Signals,,,,,0,0,Urban,0,,,Fine,Null
1745478,5920597,23598,,513301,0,,0,2,,Null,2005/2006,LINCOLN ROAD,LINCOLN OFF WBD N,,Non-Injury Crash,No,2006,,South,,0,,Flat,,,,,,Dark,230301,0,0,0,2,,,0,,,,,,Auckland Region,Motorway ramp,2-way,Sealed,,0,0,,50,,On,0,0,,76,Auckland,Give way,,,,,0,0,Urban,0,,,Fine,Null
1600950,5449380,23599,,584301,0,,0,0,,North,2005/2006,SH 60,INGLIS ST,,Minor Crash,Yes,2006,,North,,0,,Flat,,,,,,Bright sun,2377504,1,0,0,2,,,0,,,1,,,Tasman Region,Nil,2-way,Sealed,,0,0,,50,,Null,0,0,,51,Tasman District,Nil,,,,,0,0,Urban,1,,,Fine,Null
1769596,5901760,23600,,524901,0,0,0,0,0,South,2005/2006,SH 1N,HILL OBR,,Non-Injury Crash,Yes,2006,0,North,0,0,0,Hill Road,1,,0,,0,Bright sun,756901,0,0,0,3,0,0,0,0,0,,0,0,Auckland Region,Nil,1-way,Sealed,0,0,0,0,100,0,Off,1,0,,76,Auckland,Nil,0,0,0,0,2,0,Open,0,0,0,Fine,Null
1692136,5675478,23601,,551900,0,,0,1,,North,2005/2006,MORLEY ST,BARRETT ST,,Minor Crash,No,2006,,North,,0,,Hill Road,,,,,,Bright sun,1590000,2,2,0,2,,,0,,,,,,Taranaki Region,Nil,2-way,Sealed,,0,0,,50,,Null,0,0,,33,New Plymouth District,Nil,,,,,0,0,Urban,0,,,Fine,Null
1756908,5919155,23602,,514200,0,,0,2,,Null,2005/2006,ALEX EVANS ST,UPPER QUEEN ST,,Minor Crash,No,2006,,North,,0,,Hill Road,,,,,,Overcast,412900,3,0,0,4,,,0,,,,,,Auckland Region,Nil,2-way,Sealed,,0,0,,50,,Null,0,0,,76,Auckland,Traffic Signals,,,,,0,0,Urban,0,,,Heavy rain,Strong wind
1758062,5915481,23603,,515801,0,0,0,1,0,West,2006/2007,GREEN LANE WEST,MANUKAU ROAD,,Non-Injury Crash,No,2006,0,West,0,0,0,Flat,0,,0,,0,Dark,447400,0,0,0,4,0,0,0,0,0,,0,0,Auckland Region,Nil,2-way,Sealed,0,0,0,0,50,0,On,0,1,,76,Auckland,Nil,1,0,0,0,0,0,Urban,0,0,0,Fine,Null
1747435,5910675,23604,,512000,0,,0,1,,South,2005/2006,SOUTH TITIRANGI ROAD,TITIRANGI ROAD,,Minor Crash,No,2006,,North,,0,,Hill Road,,,,,,Dark,295300,1,0,0,2,,,0,,,1,,,Auckland Region,Nil,2-way,Sealed,,0,0,,50,,On,0,0,,76,Auckland,Nil,,,,,0,0,Urban,0,,,Fine,Null
1396351,4916020,23605,,602412,0,,0,0,,West,2005/2006,SMART ROAD,WINGATUI ROAD,,Serious Crash,No,2006,,West,,0,,Hill Road,,,,,,Overcast,2978300,2,0,0,2,,,0,,,,,,Otago Region,Nil,2-way,Sealed,,0,1,,70,,Null,1,0,,71,Dunedin City,Unknown,,,,,0,0,Urban,1,,,Fine,Frost
1771838,5446138,23606,,567400,0,,0,2,,Null,2005/2006,SH 2,WHAKATIKI ST,,Minor Crash,Yes,2006,,West,,0,,Flat,,,,,,Overcast,1886600,3,0,0,2,,,0,,,,,,Wellington Region,Nil,2-way,Sealed,,0,0,,100,,Null,0,0,,45,Upper Hutt City,Give way,,,,,0,0,Open,0,,,Light rain,Null
1755011,5913739,23607,,518803,0,,1,1,,Null,2005/2006,DOMINION ROAD,DENBIGH AVENUE,,Non-Injury Crash,No,2006,,North,,0,,Flat,,,,,,Overcast,581700,0,0,0,3,,,0,,,,,,Auckland Region,Nil,2-way,Sealed,,0,0,,50,,Null,0,0,,76,Auckland,Give way,,,,,0,0,Urban,0,,,Light rain,Null
1567549,5184424,23608,,588300,0,,0,0,,Null,2005/2006,HAREWOOD ROAD,WILMOT ST,,Minor Crash,No,2006,,West,,0,,Flat,,,,,,Bright sun,2511100,1,0,0,2,,,0,,,1,,,Canterbury Region,Nil,2-way,Sealed,,0,0,,50,,Null,0,0,,60,Christchurch City,Nil,,,,,0,0,Urban,1,,,Fine,Null
1754517,5870206,23609,,521153,0,0,0,1,0,North,2005/2006,WAIUKU-OTAUA ROAD,BOTHWELL PARK ROAD,,Non-Injury Crash,No,2006,0,North,1,0,0,Flat,0,,0,,0,Dark,832000,0,0,0,2,0,0,0,0,0,,0,0,Waikato Region,Nil,2-way,Sealed,0,0,0,0,100,0,None,0,0,,13,Waikato District,Nil,0,0,0,0,0,0,Open,0,0,0,Fine,Null
1755052,5443889,23610,,570900,0,0,0,1,0,North,2005/2006,AWATEA ST,ARAWHATA ST,,Minor Crash,No,2006,0,North,0,0,1,Hill Road,0,,0,,0,Bright sun,2054300,1,0,0,2,0,0,0,0,0,,0,0,Wellington Region,Nil,2-way,Sealed,0,0,0,0,50,0,Null,0,0,,44,Porirua City,Nil,0,0,0,0,0,0,Urban,0,0,0,Fine,Null
1758619,5917519,23611,,516001,0,,0,2,,North,2005/2006,SH 1N,ST MARKS ON SBD,,Non-Injury Crash,Yes,2006,,East,,0,,Flat,,,,,,Overcast,490900,0,0,0,3,,,0,,,,,,Auckland Region,Bridge,1-way,Sealed,,0,0,,100,,Off,0,0,,76,Auckland,Nil,,,,,1,0,Open,0,,,Fine,Null
1933571,5620537,23612,,546400,0,0,0,2,0,Null,2005/2006,AUSTIN ST,LIPTON PLACE,,Minor Crash,No,2006,0,South,0,0,0,Flat,0,,0,,0,Dark,1426900,1,0,0,2,0,0,0,0,0,,0,0,Hawke's Bay Region,Nil,2-way,Sealed,0,0,0,0,50,0,On,0,0,,31,Napier City,Give way,0,1,0,0,0,0,Urban,0,0,0,Light rain,Null
1797615,5814683,23613,,528601,0,,0,2,,West,2005/2006,DINSDALE ROAD,ROBYN PLACE,,Non-Injury Crash,No,2006,,West,,0,,Hill Road,,,,,,Dark,920800,0,0,0,2,,,0,,,,,,Waikato Region,Nil,2-way,Sealed,,0,0,,50,,On,0,0,,16,Hamilton City,Nil,,,,,0,0,Urban,0,,,Light rain,Null
1791883,5499822,23614,,564220,0,0,0,1,0,East,2005/2006,HOKIO BEACH ROAD,BRUCE ROAD,,Serious Crash,No,2006,0,West,0,0,0,Flat,0,,0,,0,Dark,1874000,0,0,0,2,0,0,0,0,1,,0,0,Manawatū-Whanganui Region,Nil,2-way,Sealed,0,0,1,0,50,0,On,0,0,,42,Horowhenua District,Nil,0,0,0,0,1,0,Urban,0,0,0,Light rain,Null
1606920,5436966,23615,,581833,0,0,0,0,0,North,2005/2006,STAFFORD DRIVE,MCKEE DOMAIN ROAD,,Minor Crash,No,2006,1,North,0,0,0,Hill Road,0,,0,,0,Dark,2374100,1,0,0,2,0,0,0,0,0,,0,0,Tasman Region,Nil,2-way,Sealed,0,0,0,0,100,0,None,1,0,,51,Tasman District,Nil,0,0,0,0,0,0,Open,0,0,0,Fine,Null
1884499,5824476,23616,,536831,0,,0,2,,Null,2005/2006,SH 29,SH 2,,Non-Injury Crash,Yes,2006,,North,,0,,Flat,,,,,,Bright sun,1205409,0,0,0,4,,,0,,,,,,Bay of Plenty Region,Nil,2-way,Sealed,,0,0,,70,,Off,0,0,,23,Tauranga City,Give way,,,,,0,0,Urban,0,,,Fine,Null
1766069,5907296,23617,,522302,0,,0,1,,Null,2006/2007,HUIA ROAD,EAST TAMAKI ROAD,,Non-Injury Crash,No,2006,,West,,0,,Flat,,,,,,Bright sun,667700,0,0,0,4,,,0,,,,,,Auckland Region,Nil,2-way,Sealed,,0,0,,50,,Off,0,0,,76,Auckland,Traffic Signals,,,,,0,0,Urban,1,,,Fine,Null
1573911,5180811,23618,,593600,0,,1,1,,West,2006/2007,WOODHAM ROAD,CARNARVON ST,,Minor Crash,No,2006,,East,,0,,Flat,,Christmas New Year,,,,Overcast,2613200,3,0,0,2,,,0,,,,,,Canterbury Region,Nil,2-way,Sealed,,0,0,,50,,Null,0,0,,60,Christchurch City,Unknown,,,,,0,0,Urban,0,,,Heavy rain,Null