X,Y,OBJECTID,advisorySpeed,areaUnitID,bicycle,bridge,bus,carStationWagon,cliffBank,crashDirectionDescription,crashFinancialYear,crashLocation1,crashLocation2,crashRoadSideRoad,crashSeverity,crashSHDescription,crashYear,debris,directionRoleDescription,ditch,fatalCount,fence,flatHill,guardRail,holiday,houseOrBuilding,intersection,kerb,light,meshblockId,minorInjuryCount,moped,motorcycle,NumberOfLanes,objectThrownOrDropped,otherObject,otherVehicleType,overBank,parkedVehicle,pedestrian,phoneBoxEtc,postOrPole,region,roadCharacter,roadLane,roadSurface,roadworks,schoolBus,seriousInjuryCount,slipOrFlood,speedLimit,strayAnimal,streetLight,suv,taxi,temporarySpeedLimit,tlaId,tlaName,trafficControl,trafficIsland,trafficSign,train,tree,truck,unknownVehicleType,urban,vanOrUtility,vehicle,waterRiver,weatherA,weatherB
1821214,5528675,23619,,563000,0,,0,1,,Null,2005/2006,FERGUSON ST,COOK ST,,Serious Crash,No,2006,,West,,0,,Flat,,,,,,Dark,1809300,1,0,0,2,,,0,,,,,,Manawatū-Whanganui Region,Nil,2-way,Sealed,,0,1,,50,,On,1,0,,40,Palmerston North City,Stop,,,,,0,0,Urban,0,,,Fine,Null
1844499,5787938,23620,,535232,0,,0,0,,North,2005/2006,SH 1N,SH 28,,Non-Injury Crash,Yes,2006,,North,,0,,Flat,,,,,,Bright sun,1127400,0,0,0,3,,,0,,,,,,Waikato Region,Nil,2-way,Sealed,,0,0,,100,,Null,0,0,,19,South Waikato District,Unknown,,,,,2,0,Open,1,,,Fine,Null
1569445,5179157,23621,,591500,0,,0,2,,Null,2006/2007,MOORHOUSE AVENUE,SELWYN ST,,Minor Crash,No,2006,,East,,0,,Flat,,,,,,Bright sun,2647700,1,0,0,6,,,0,,,,,,Canterbury Region,Nil,2-way,Sealed,,0,0,,50,,Null,0,0,,60,Christchurch City,Traffic Signals,,,,,0,0,Urban,0,,,Fine,Null
1755243,5917616,23622,,517500,0,,0,2,,Null,2005/2006,SANDRINGHAM ROAD,ROSSMAY TERRACE,,Non-Injury Crash,No,2006,,East,,0,,Flat,,Christmas New Year,,,,Overcast,532400,0,0,0,2,,,0,,,,,,Auckland Region,Nil,2-way,Sealed,,0,0,,50,,Off,0,0,,76,Auckland,Give way,,,,,0,0,Urban,0,,,Light rain,Null
1744218,5922552,23623,,513512,0,0,0,1,0,West,2005/2006,ROYAL ROAD,MAKORA ROAD,,Minor Crash,No,2006,0,East,0,0,0,Flat,0,,0,,0,Dark,225501,1,0,0,2,0,0,1,0,1,,0,0,Auckland Region,Nil,2-way,Sealed,0,0,0,0,50,0,On,0,0,,76,Auckland,Nil,0,0,0,0,0,0,Urban,0,0,0,Fine,Null
1767881,5913099,23624,,523000,1,,0,1,,Null,2005/2006,BEECHDALE CRESCENT,CARMEL AVENUE,,Non-Injury Crash,No,2006,,North,,0,,Flat,,,,,,Overcast,690100,0,0,0,2,,,0,,,,,,Auckland Region,Nil,2-way,Sealed,,0,0,,50,,None,0,0,,76,Auckland,Nil,,,,,0,0,Urban,0,,,Fine,Null
1869261,5711486,23625,,541750,0,,0,2,,Null,2006/2007,NAPIER ROAD,ARROWSMITH AVENUE,,Non-Injury Crash,No,2006,,North,,0,,Flat,,,,,,Bright sun,1267108,0,0,0,2,,,0,,,,,,Waikato Region,Nil,2-way,Sealed,,0,0,,100,,Null,0,0,,21,Taupo District,Stop,,,,,0,0,Open,0,,,Fine,Null
1763647,5908944,23626,,521901,0,,0,2,,North,2005/2006,WALMSLEY ROAD,MANGERE ROAD,,Minor Crash,No,2006,,North,,0,,Flat,,,,,,Dark,785000,1,0,0,4,,,0,,,,,,Auckland Region,Nil,2-way,Sealed,,0,0,,50,,On,0,0,,76,Auckland,Nil,,,,,0,0,Urban,0,,,Light rain,Null
1600945,5449238,23627,,584301,0,0,0,1,0,Null,2005/2006,SH 60,POOLE ST,,Minor Crash,Yes,2006,0,North,0,0,0,Flat,0,,0,,0,Bright sun,2377700,1,0,1,2,0,0,0,0,1,,0,0,Tasman Region,Nil,2-way,Sealed,0,0,0,0,50,0,Null,0,0,,51,Tasman District,Give way,0,0,0,0,0,0,Urban,1,0,0,Fine,Null
1750146,5430882,23628,,574500,0,,0,2,,North,2005/2006,SH 1N,AOTEA ON NBD,,Minor Crash,Yes,2006,,North,,0,,Flat,,,,,,Bright sun,2093400,2,0,0,3,,,0,,,,,,Wellington Region,Nil,2-way,Sealed,,0,0,,100,,Null,1,0,,47,Wellington City,Nil,,,,,0,0,Open,0,,,Fine,Null
1802139,5812902,23629,,530400,0,0,0,1,0,Null,2005/2006,BADER ST,NORRIE ST,,Non-Injury Crash,No,2006,0,East,0,0,1,Flat,0,,0,,0,Dark,922800,0,0,0,2,0,0,0,0,0,,0,0,Waikato Region,Nil,2-way,Sealed,0,0,0,0,50,0,On,0,0,,16,Hamilton City,Nil,0,0,0,0,0,0,Urban,0,0,0,Fine,Null
1567328,5180170,23630,,590800,0,,0,1,,Null,2005/2006,Z DWY WESTFIELD MALL,MATIPO ST,,Minor Crash,No,2006,,South,,0,,Flat,,,,,,Bright sun,2472800,1,0,1,3,,,0,,,,,,Canterbury Region,Nil,2-way,Sealed,,0,0,,50,,Null,0,0,,60,Christchurch City,Give way,,,,,0,0,Urban,0,,,Fine,Null
1704949,5675012,23631,,551111,0,0,0,1,0,Null,2005/2006,RICHMOND ROAD,WORTLEY ROAD,,Minor Crash,No,2006,0,North,0,0,1,Flat,0,,0,,0,Overcast,1564500,1,0,0,2,0,0,0,0,0,,0,0,Taranaki Region,Nil,2-way,Sealed,0,0,0,0,100,0,Null,0,0,,33,New Plymouth District,Give way,0,0,0,1,0,0,Open,0,0,0,Fine,Null
1752531,5425500,23632,,577301,0,,0,1,,South,2005/2006,PARK ROAD,REVANS ST,,Minor Crash,No,2006,,North,,0,,Flat,,,,,,Bright sun,2203700,1,0,0,2,,,0,,,,,,Wellington Region,Nil,2-way,Sealed,,0,0,,50,,Null,0,0,,47,Wellington City,Nil,,,,,0,0,Urban,1,,,Fine,Null
1823984,5898853,23633,,533603,0,0,0,1,1,South,2005/2006,SH 25,VALDER PLACE,,Non-Injury Crash,Yes,2006,0,South,0,0,0,Hill Road,0,,0,,0,Dark,1056505,0,0,0,2,0,0,0,0,0,,0,0,Waikato Region,Nil,2-way,Sealed,0,0,0,0,100,0,None,0,0,,11,Thames-Coromandel District,Unknown,0,0,0,0,0,0,Open,0,0,0,Light rain,Null
1745325,5920183,23634,,513301,0,,0,2,,North,2006/2007,LINCOLN ROAD,DAYTONA ROAD,,Non-Injury Crash,No,2006,,North,,0,,Flat,,,,,,Overcast,230302,0,0,0,4,,,0,,,,,,Auckland Region,Nil,2-way,Sealed,,0,0,,50,,Off,0,0,,76,Auckland,Nil,,,,,0,0,Urban,0,,,Fine,Null
1735676,5919680,23635,,513702,0,0,0,1,1,South,2005/2006,BETHELLS ROAD,DUFFY ROAD,,Non-Injury Crash,No,2006,0,South,0,0,0,Hill Road,0,Queens Birthday,0,,0,Dark,237206,0,0,0,2,0,0,0,0,0,,0,0,Auckland Region,Nil,2-way,Sealed,0,0,0,0,100,0,Off,0,0,,76,Auckland,Nil,0,0,0,0,0,0,Open,0,0,0,Fine,Null
1672545,5633513,23636,,553302,0,0,0,0,1,South,2006/2007,SH 45,NAMU ROAD,,Serious Crash,Yes,2006,0,North,0,0,0,Hill Road,0,,0,,0,Bright sun,1630500,0,0,1,2,0,0,0,0,0,,0,0,Taranaki Region,Nil,2-way,Sealed,0,0,2,0,100,0,Null,0,0,,35,South Taranaki District,Nil,0,0,0,0,0,0,Open,0,0,0,Fine,Null
1793657,5516945,23637,,561700,0,,0,1,,Null,2005/2006,SH 1N,COOK ST,,Minor Crash,Yes,2006,,East,,0,,Flat,,,,,,Twilight,1781700,2,0,1,2,,,0,,,,,,Manawatū-Whanganui Region,Nil,2-way,Sealed,,0,0,,50,,On,0,0,,42,Horowhenua District,Stop,,,,,0,0,Urban,0,,,Fine,Null
1799408,5816893,23638,,528700,0,,0,1,,Null,2006/2007,ULSTER ST,DARLEY ST,,Minor Crash,No,2006,,North,,0,,Flat,,,,,,Overcast,902100,1,0,1,4,,,0,,,,,,Waikato Region,Nil,2-way,Sealed,,0,0,,60,,Off,0,0,,16,Hamilton City,Give way,,,,,0,0,Urban,0,,,Light rain,Null
1800630,5817986,23639,,529800,0,,0,2,,Null,2005/2006,BANKWOOD ROAD,COLDWELL PLACE,,Non-Injury Crash,No,2006,,North,,0,,Flat,,,,,,Bright sun,871700,0,0,0,2,,,0,,,,,,Waikato Region,Nil,2-way,Sealed,,0,0,,50,,Null,0,0,,16,Hamilton City,Give way,,,,,0,0,Urban,0,,,Fine,Null
1792587,5835457,23640,,527111,0,0,0,1,0,North,2006/2007,SH 1N,SH 1B,,Non-Injury Crash,Yes,2006,0,North,0,0,1,Flat,0,,0,,0,Dark,941002,0,0,0,3,0,0,0,0,0,,0,0,Waikato Region,Nil,2-way,Sealed,0,0,0,0,100,0,None,0,0,,13,Waikato District,Unknown,0,0,0,0,0,0,Open,0,0,0,Light rain,Null
1877278,5823267,23641,,537400,0,,0,1,,North,2005/2006,WAIHI ROAD,LONDON PLACE,,Non-Injury Crash,No,2006,,West,,0,,Flat,,Easter,,,,Twilight,1162403,0,0,0,2,,,0,,,,,,Bay of Plenty Region,Nil,2-way,Sealed,,0,0,,50,,Off,1,0,,23,Tauranga City,Nil,,,,,0,0,Urban,0,,,Fine,Null
1754601,5931615,23642,,508805,0,,0,1,,East,2005/2006,CONSTELLATION DRIVE,VEGA PLACE,,Non-Injury Crash,No,2006,,West,,0,,Flat,,,,,,Bright sun,180813,0,0,0,2,,,0,,,,,,Auckland Region,Nil,2-way,Sealed,,0,0,,50,,Off,1,0,,76,Auckland,Nil,,,,,0,0,Urban,0,,,Fine,Null
1290324,5009437,23643,,608302,0,0,0,1,1,East,2005/2006,SH 6,ROARING MEG,,Serious Crash,Yes,2006,0,East,0,0,0,Hill Road,0,,0,,0,Overcast,3031200,0,0,0,2,0,0,0,0,0,,0,0,Otago Region,Nil,2-way,Sealed,0,0,1,0,100,0,Null,0,0,,69,Central Otago District,Unknown,0,0,0,0,0,0,Open,0,0,0,Mist or Fog,Null
1756150,5913255,23644,,518701,0,0,0,1,0,Null,2005/2006,CARR ROAD,CLINKER ST,,Non-Injury Crash,No,2006,0,East,0,0,0,Flat,0,,0,,0,Bright sun,569800,0,0,0,3,0,0,0,0,1,,0,0,Auckland Region,Nil,2-way,Sealed,0,0,0,0,50,0,Off,0,0,,76,Auckland,Nil,0,1,0,0,1,0,Urban,0,0,0,Fine,Null
1694410,5669321,23645,,551112,0,0,0,1,0,North,2009/2010,MANGOREI ROAD,BAKER ROAD,,Non-Injury Crash,No,2009,0,North,1,0,0,Hill Road,0,,0,,0,Overcast,1558200,0,0,0,2,0,0,0,0,0,,0,0,Taranaki Region,Nil,2-way,Sealed,0,0,0,0,100,0,Null,0,0,,33,New Plymouth District,Nil,0,0,0,0,0,0,Open,0,0,0,Fine,Null
1846653,5531057,23646,,550200,0,0,0,0,0,Null,2008/2009,SH 2,POWDRELL ROAD,,Non-Injury Crash,Yes,2009,0,East,0,0,1,Flat,0,Easter,0,,0,Overcast,1544000,0,0,0,2,0,0,0,0,0,,0,0,Manawatū-Whanganui Region,Nil,2-way,Sealed,0,0,0,0,100,0,Null,1,0,,41,Tararua District,Nil,0,0,0,0,0,0,Open,0,0,0,Fine,Null
1858318,5840118,23647,,535800,0,0,0,1,0,Null,2009/2010,PARK ROAD,POLLEY CRESCENT,,Non-Injury Crash,No,2009,0,South,0,0,0,Flat,0,,0,,1,Bright sun,1182900,0,0,0,2,0,0,0,0,0,,0,0,Bay of Plenty Region,Nil,2-way,Sealed,0,0,0,0,50,0,Off,0,0,,22,Western Bay of Plenty District,Nil,0,0,0,0,0,0,Urban,0,0,0,Fine,Null
1824879,5466270,23648,,578302,0,0,0,1,0,South,2008/2009,SH 2,LENNIE ROAD,,Non-Injury Crash,Yes,2009,0,South,1,0,0,Flat,0,Easter,0,,0,Bright sun,2253202,0,0,0,2,0,0,0,0,0,,0,0,Wellington Region,Nil,2-way,Sealed,0,0,0,0,100,0,Null,0,0,,48,Masterton District,Nil,0,0,0,0,0,0,Open,0,0,0,Fine,Null
1734904,5907958,23649,,513800,0,0,0,1,0,West,2009/2010,PIHA ROAD,ANAWHATA ROAD,,Non-Injury Crash,No,2009,0,West,1,0,0,Hill Road,0,,0,,0,Dark,282027,0,0,0,2,0,0,0,0,0,,0,0,Auckland Region,Nil,2-way,Sealed,0,0,0,0,100,0,None,0,0,,76,Auckland,Nil,0,0,0,0,0,0,Open,0,0,0,Light rain,Null
1822239,5529403,23650,,562800,0,,0,3,,South,2009/2010,PRINCESS ST,DAHLIA ST,,Non-Injury Crash,No,2009,,North,,0,,Flat,,,,,,Bright sun,1829900,0,0,0,2,,,0,,,,,,Manawatū-Whanganui Region,Nil,2-way,Sealed,,0,0,,50,,Null,0,0,,40,Palmerston North City,Nil,,,,,0,0,Urban,0,,,Fine,Null
1835903,5868085,23651,,534200,0,,0,2,,Null,2008/2009,SH 26,MARATOTO ROAD,,Non-Injury Crash,Yes,2009,,North,,0,,Flat,,,,,,Dark,1075100,0,0,0,2,,,0,,,,,,Waikato Region,Nil,2-way,Sealed,,0,0,,100,,On,0,0,,12,Hauraki District,Stop,,,,,0,0,Open,0,,,Null,Null
1762210,5437110,23652,,568501,0,0,1,1,0,South,2009/2010,DYER ST,ROBERTS ST,,Non-Injury Crash,No,2009,0,South,0,0,0,Flat,0,,0,,0,Bright sun,1947300,0,0,0,2,0,0,0,0,1,,0,0,Wellington Region,Nil,2-way,Sealed,0,0,0,0,50,0,Null,0,0,,46,Lower Hutt City,Nil,0,0,0,0,0,0,Urban,0,0,0,Fine,Null
1772148,5913470,23653,,523102,0,,0,2,,Null,2009/2010,ALICIA ROAD,NICHOLAS ROAD,,Non-Injury Crash,No,2009,,East,,0,,Flat,,,,,,Bright sun,711026,0,0,0,2,,,0,,,,,,Auckland Region,Nil,2-way,Sealed,,0,0,,50,,Off,0,0,,76,Auckland,Give way,,,,,0,0,Urban,0,,,Fine,Null
1754455,5927327,23654,,508620,0,,0,1,,West,2005/2006,ARCHERS ROAD,BEATRICE AVENUE,,Non-Injury Crash,No,2006,,East,,0,,Flat,,,,,,Bright sun,204800,0,0,0,2,,,0,,,,,,Auckland Region,Nil,2-way,Sealed,,0,0,,50,,Off,0,0,,76,Auckland,Nil,,,,,1,0,Urban,0,,,Fine,Null
1755306,5917250,23655,,517701,0,0,0,2,0,East,2006/2007,BURNLEY TERRACE,SANDRINGHAM ROAD,,Non-Injury Crash,No,2006,0,South,0,0,0,Flat,0,,0,,0,Dark,536500,0,0,0,2,0,0,0,0,1,,0,0,Auckland Region,Nil,2-way,Sealed,0,0,0,0,50,0,On,0,0,,76,Auckland,Nil,0,0,0,0,0,0,Urban,0,0,0,Light rain,Null
1757818,5920799,23656,,514101,0,0,1,1,0,East,2005/2006,CUSTOMS ST EAST,BRITOMART PLACE,,Non-Injury Crash,No,2006,0,West,0,0,0,Flat,0,,0,,0,Bright sun,438103,0,0,0,4,0,0,0,0,1,,0,0,Auckland Region,Nil,2-way,Sealed,0,0,0,0,50,0,Off,0,0,,76,Auckland,Traffic Signals,0,0,0,0,0,0,Urban,0,0,0,Fine,Null
1308974,5019505,23657,,608302,0,0,1,0,0,North,2005/2006,SH 8,BENDIGO STATION,,Minor Crash,Yes,2006,0,North,0,0,0,Flat,0,,0,,0,Overcast,3028800,3,0,0,2,0,1,0,0,0,,0,0,Otago Region,Nil,2-way,Sealed,0,0,0,0,100,0,Null,0,0,,69,Central Otago District,Nil,0,0,0,0,0,0,Open,0,0,0,Fine,Strong wind
1772382,5912460,23658,,523102,0,,0,2,,East,2006/2007,SOMERVILLE ROAD,CLYDESDALE AVENUE,,Minor Crash,No,2006,,South,,0,,Hill Road,,,,,,Twilight,711010,2,0,0,2,,,0,,,,,,Auckland Region,Nil,2-way,Sealed,,0,0,,50,,On,0,0,,76,Auckland,Nil,,,,,0,0,Urban,0,,,Light rain,Null
1766188,5812551,23659,,526602,0,0,0,1,0,North,2005/2006,SH 23,MAUNGATAWHIRI ROAD,,Non-Injury Crash,Yes,2006,0,North,0,0,1,Flat,0,,0,,0,Bright sun,861201,0,0,0,2,0,0,0,0,0,,0,0,Waikato Region,Nil,2-way,Sealed,0,0,0,0,100,0,Null,0,0,,13,Waikato District,Unknown,0,0,0,0,0,0,Open,0,0,0,Fine,Null
1749559,5916023,23660,,514801,0,,0,2,,Null,2006/2007,AVONDALE ROAD,MAPLE ST,,Non-Injury Crash,No,2006,,West,,0,,Flat,,,,,,Overcast,389004,0,0,0,2,,,0,,,,,,Auckland Region,Nil,2-way,Sealed,,0,0,,50,,Off,0,0,,76,Auckland,Stop,,,,,0,0,Urban,0,,,Fine,Null
1758385,5917736,23661,,515700,0,,0,1,,Null,2005/2006,BROADWAY,CLOVERNOOK ROAD,,Non-Injury Crash,No,2006,,North,,0,,Flat,,,,,,Bright sun,443300,0,0,0,4,,,0,,,,,,Auckland Region,Nil,2-way,Sealed,,0,0,,50,,Off,0,0,,76,Auckland,Stop,,,,,0,0,Urban,1,,,Fine,Null
1571371,5179799,23662,,591500,0,0,0,0,0,Null,2006/2007,LICHFIELD ST,BARBADOES ST,,Serious Crash,No,2006,0,South,0,0,0,Flat,0,,0,,0,Bright sun,2650200,1,0,0,2,0,0,0,0,1,,0,0,Canterbury Region,Nil,1-way,Sealed,0,0,1,0,50,0,Null,1,0,,60,Christchurch City,Traffic Signals,0,0,0,0,0,0,Urban,2,0,0,Fine,Null
1623860,6114546,23663,,500301,0,,0,0,,North,2005/2006,COMMERCE ST,BLENCOWE ST,,Minor Crash,No,2006,,North,,0,,Flat,,,,,,Dark,15700,1,0,0,2,,,0,,,1,,,Northland Region,Nil,2-way,Sealed,,0,0,,50,,On,1,0,,1,Far North District,Nil,,,,,0,0,Urban,0,,,Light rain,Null
1719992,6048593,23664,,502202,0,0,0,1,0,South,2006/2007,KIRIPAKA ROAD,PARANUI VALLEY ROAD,,Serious Crash,No,2006,0,South,0,0,0,Hill Road,0,,0,,0,Dark,88600,1,0,0,2,0,0,0,0,0,,0,1,Northland Region,Nil,2-way,Sealed,0,0,1,0,50,0,On,0,0,,2,Whangarei District,Unknown,0,0,0,0,0,0,Urban,0,0,0,Fine,Null
1765347,5900181,23665,,524822,0,,0,0,,South,2006/2007,FINLAYSON AVENUE,BELLVILLE DRIVE,,Minor Crash,No,2006,,North,,0,,Flat,,,,,,Overcast,774450,1,0,0,2,,,0,,,1,,,Auckland Region,Nil,2-way,Sealed,,0,0,,50,,Off,0,0,,76,Auckland,Nil,,,,,0,0,Urban,1,,,Light rain,Null
1763779,5913148,23666,,520500,0,,0,2,,South,2005/2006,MOUNT WELLINGTON HIGHWAY,LONGFORD ST,,Non-Injury Crash,No,2006,,North,,0,,Flat,,,,,,Bright sun,637500,0,0,0,2,,,0,,,,,,Auckland Region,Nil,2-way,Sealed,,0,0,,50,,Off,0,0,,76,Auckland,Traffic Signals,,,,,0,0,Urban,0,,,Fine,Null
1242651,4850283,23667,,610800,0,,0,2,,Null,2006/2007,KELVIN ST,GALA ST,,Serious Crash,No,2006,,East,,0,,Flat,,,,,,Dark,3117000,1,0,0,2,,,0,,,,,,Southland Region,Nil,2-way,Sealed,,0,2,,50,,On,0,1,,75,Invercargill City,Traffic Signals,,,,,0,0,Urban,0,,,Light rain,Null
1763994,5912054,23668,,520500,0,,0,2,,Null,2005/2006,MOUNT WELLINGTON HIGHWAY,VESTEY DRIVE,,Non-Injury Crash,No,2006,,North,,0,,Flat,,,,,,Twilight,637900,0,0,0,2,,,0,,,,,,Auckland Region,Nil,2-way,Sealed,,0,0,,50,,Off,0,0,,76,Auckland,Nil,,,,,0,0,Urban,0,,,Fine,Null
1690563,5676031,23669,,551400,0,0,0,1,0,East,2008/2009,OCEAN VIEW PARADE,BAYLY ROAD,,Non-Injury Crash,No,2009,0,East,0,0,0,Flat,1,,0,,0,Bright sun,1587000,0,0,0,2,0,0,0,0,0,,0,0,Taranaki Region,Nil,2-way,Sealed,0,0,0,0,30,0,Null,0,0,,33,New Plymouth District,Nil,0,0,0,0,0,0,Urban,0,0,0,Fine,Null
1930710,5604924,23670,,548200,0,,0,2,,Null,2008/2009,ALBERT ST,MILLER ST,,Non-Injury Crash,No,2009,,West,,0,,Flat,,Christmas New Year,,,,Dark,1495100,0,0,0,2,,,0,,,,,,Hawke's Bay Region,Nil,2-way,Sealed,,0,0,,50,,On,0,0,,30,Hastings District,Give way,,,,,0,0,Urban,0,,,Fine,Null
1930912,5607891,23671,,545710,0,,0,2,,Null,2009/2010,PAKOWHAI ROAD,RICHMOND ROAD,,Non-Injury Crash,No,2009,,West,,0,,Flat,,,,,,Overcast,1471100,0,0,0,2,,,0,,,,,,Hawke's Bay Region,Nil,2-way,Sealed,,0,0,,70,,Null,0,0,,30,Hastings District,Give way,,,,,0,0,Urban,0,,,Fine,Null
1837615,5513464,23672,,577900,0,0,0,0,0,North,2009/2010,SH 2,WARRENS BR,,Non-Injury Crash,Yes,2009,0,North,0,0,0,Flat,0,,0,,0,Dark,2222400,0,0,0,2,0,0,0,0,0,,0,0,Manawatū-Whanganui Region,Nil,2-way,Sealed,0,0,0,0,100,0,None,1,0,,41,Tararua District,Nil,0,0,0,1,0,0,Open,0,0,0,Fine,Null
1707618,5683051,23673,,551302,0,,0,2,,Null,2009/2010,PRINCESS ST,RICHMOND ST,,Non-Injury Crash,No,2009,,West,,0,,Flat,,,,,,Overcast,1549800,0,0,0,2,,,0,,,,,,Taranaki Region,Nil,2-way,Sealed,,0,0,,50,,Null,0,0,,33,New Plymouth District,Give way,,,,,0,0,Urban,0,,,Fine,Null
1869824,5720427,23674,,541312,0,0,0,0,0,East,2009/2010,SH 5,SH 1N,,Non-Injury Crash,Yes,2009,0,East,1,0,0,Flat,0,,0,,0,Bright sun,1277900,0,0,0,2,0,0,0,0,0,,0,0,Waikato Region,Nil,2-way,Sealed,0,0,0,0,100,0,Null,1,0,30,21,Taupo District,Traffic Signals,0,0,0,0,0,0,Open,0,0,0,Fine,Null
1754923,5916475,23675,,517701,0,,0,3,,East,2009/2010,SANDRINGHAM ROAD,BALMORAL ROAD,,Non-Injury Crash,No,2009,,West,,0,,Flat,,,,,,Dark,537500,0,0,0,5,,,0,,,,,,Auckland Region,Nil,2-way,Sealed,,0,0,,50,,On,0,0,,76,Auckland,Traffic Signals,,,,,0,0,Urban,0,,,Fine,Null
1710736,5644711,23676,,553101,0,,0,2,,North,2009/2010,SH 3,FENTON ST,,Non-Injury Crash,Yes,2009,,South,,0,,Flat,,,,,,Bright sun,1613000,0,0,0,2,,,0,,,,,,Taranaki Region,Nil,2-way,Sealed,,0,0,,50,,Null,0,0,,34,Stratford District,Nil,,,,,0,0,Urban,0,,,Fine,Null
1279757,5009962,23677,,609031,0,0,0,0,1,West,2008/2009,CROWN RANGE ROAD,CROWN RANGE SUMMIT,,Non-Injury Crash,No,2009,0,West,0,0,0,Hill Road,0,,0,,0,Overcast,3039900,0,0,0,2,0,0,0,0,0,,0,0,Otago Region,Nil,2-way,Sealed,0,0,0,0,100,0,Null,0,0,,70,Queenstown-Lakes District,Unknown,0,0,0,0,0,0,Open,1,0,0,Fine,Null
1766904,5907658,23678,,523501,0,,0,0,,Null,2009/2010,EAST TAMAKI ROAD,BAIRDS ROAD,,Non-Injury Crash,No,2009,,East,,0,,Flat,,,,,,Twilight,700602,0,0,0,4,,,0,,,,,,Auckland Region,Nil,2-way,Sealed,,0,0,,50,,On,1,0,,76,Auckland,Traffic Signals,,,,,1,0,Urban,0,,,Fine,Null
1823111,5529611,23679,,563101,0,,0,2,,South,2008/2009,ALBERT ST,FERGUSON ST,,Non-Injury Crash,No,2009,,South,,0,,Flat,,,,,,Bright sun,1811200,0,0,0,2,,,0,,,,,,Manawatū-Whanganui Region,Nil,2-way,Sealed,,0,0,,50,,Null,0,0,,40,Palmerston North City,Nil,,,,,0,0,Urban,0,,,Fine,Null
1824657,5463887,23680,,579200,0,,0,0,,South,2008/2009,SH 2,TE ORE ORE ROAD,,Non-Injury Crash,Yes,2009,,South,,0,,Flat,,,,,,Bright sun,2251800,0,0,0,2,,,0,,,,,,Wellington Region,Nil,2-way,Sealed,,0,0,,50,,Null,1,0,,48,Masterton District,Nil,,,,,0,0,Urban,1,,,Fine,Null
1582081,5480986,23681,,581601,1,,0,1,,South,2009/2010,SH 60,RANGIHAEATA ROAD,,Non-Injury Crash,Yes,2009,,South,,0,,Hill Road,,,,,,Overcast,2347900,0,0,0,2,,,0,,,,,,Tasman Region,Nil,2-way,Sealed,,0,0,,100,,Null,0,0,,51,Tasman District,Nil,,,,,0,0,Open,0,,,Fine,Null
1930543,5620144,23682,,545621,0,0,0,0,1,South,2008/2009,PUKETITIRI ROAD,FRYER ROAD,,Non-Injury Crash,No,2009,0,South,0,0,0,Hill Road,0,,0,,0,Dark,1411300,0,0,0,2,0,0,0,0,0,,0,0,Hawke's Bay Region,Nil,2-way,Sealed,0,0,0,0,100,0,None,1,0,,31,Napier City,Nil,0,0,0,0,0,0,Open,0,0,0,Light rain,Null
1752316,5978591,23683,,506661,0,0,0,1,1,North,2009/2010,MATAKANA VALLEY ROAD,SMITH ROAD,,Non-Injury Crash,No,2009,0,North,0,0,0,Hill Road,0,,0,,0,Dark,138101,0,0,0,2,0,0,0,0,0,,0,0,Auckland Region,Nil,2-way,Sealed,0,0,0,0,100,0,None,0,0,,76,Auckland,Nil,0,0,0,0,0,0,Open,0,0,0,Fine,Null
1574723,5181787,23684,,593000,1,0,0,0,0,North,2005/2006,WAINONI ROAD,BICKERTON ST,,Minor Crash,No,2006,0,West,0,0,0,Flat,0,,0,,0,Bright sun,2569500,1,0,0,2,0,0,0,0,1,,0,0,Canterbury Region,Nil,2-way,Sealed,0,0,0,0,50,0,Null,0,0,,60,Christchurch City,Unknown,0,0,0,0,0,0,Urban,1,0,0,Fine,Null
1798460,5813542,23685,,528900,0,,0,2,,Null,2005/2006,KAHIKATEA DRIVE,HIGGINS ROAD,,Minor Crash,No,2006,,North,,0,,Flat,,,,,,Overcast,916401,1,0,0,2,,,0,,,,,,Waikato Region,Nil,2-way,Sealed,,0,0,,50,,Null,0,0,,16,Hamilton City,Give way,,,,,0,0,Urban,0,,,Light rain,Null
1829477,5533564,23686,,560302,0,0,0,1,0,East,2005/2006,SH 3,TE MATAI ROAD,,Minor Crash,Yes,2006,0,East,0,0,0,Flat,0,,0,,0,Dark,1758000,1,0,0,3,0,0,0,0,0,,0,0,Manawatū-Whanganui Region,Nil,2-way,Sealed,0,0,0,0,100,0,None,0,0,,40,Palmerston North City,Nil,0,0,0,0,0,0,Open,0,0,0,Light rain,Null
1743489,5919589,23687,,513212,0,,0,2,,Null,2005/2006,DON BUCK ROAD,GLEN ROAD,,Non-Injury Crash,No,2006,,South,,0,,Flat,,,,,,Overcast,235400,0,0,0,2,,,0,,,,,,Auckland Region,Nil,2-way,Sealed,,0,0,,50,,Off,0,0,,76,Auckland,Give way,,,,,0,0,Urban,0,,,Light rain,Null
1751979,5917906,23688,,515001,0,,0,1,,Null,2005/2006,GREAT NORTH ROAD,WATERVIEW ON WBD N,,Non-Injury Crash,Yes,2006,,North,,0,,Flat,,,,,,Overcast,392400,0,0,0,6,,,0,,,,,,Auckland Region,Nil,2-way,Sealed,,0,0,,50,,Off,0,0,,76,Auckland,Traffic Signals,,,,,0,0,Urban,1,,,Light rain,Null