X,Y,OBJECTID,advisorySpeed,areaUnitID,bicycle,bridge,bus,carStationWagon,cliffBank,crashDirectionDescription,crashFinancialYear,crashLocation1,crashLocation2,crashRoadSideRoad,crashSeverity,crashSHDescription,crashYear,debris,directionRoleDescription,ditch,fatalCount,fence,flatHill,guardRail,holiday,houseOrBuilding,intersection,kerb,light,meshblockId,minorInjuryCount,moped,motorcycle,NumberOfLanes,objectThrownOrDropped,otherObject,otherVehicleType,overBank,parkedVehicle,pedestrian,phoneBoxEtc,postOrPole,region,roadCharacter,roadLane,roadSurface,roadworks,schoolBus,seriousInjuryCount,slipOrFlood,speedLimit,strayAnimal,streetLight,suv,taxi,temporarySpeedLimit,tlaId,tlaName,trafficControl,trafficIsland,trafficSign,train,tree,truck,unknownVehicleType,urban,vanOrUtility,vehicle,waterRiver,weatherA,weatherB
1415255,4922805,23689,,605200,0,0,0,1,0,South,2005/2006,PENINSULA BEACH ROAD,BEACH ST,,Minor Crash,No,2006,0,South,0,0,0,Flat,0,,0,,0,Bright sun,2861100,1,0,0,2,0,0,0,1,0,,0,0,Otago Region,Nil,2-way,Unsealed,0,0,0,0,50,0,Null,0,0,,71,Dunedin City,Unknown,0,0,0,1,0,0,Urban,0,0,0,Fine,Null
1800516,5815650,23690,,529700,0,,0,2,,Null,2005/2006,ANGLESEA ST,LONDON ST,,Non-Injury Crash,No,2006,,North,,0,,Flat,,,,,,Bright sun,910100,0,0,0,4,,,0,,,,,,Waikato Region,Nil,2-way,Sealed,,0,0,,50,,Null,0,0,,16,Hamilton City,Traffic Signals,,,,,0,0,Urban,0,,,Fine,Null
1869913,5822616,23691,,536620,0,,0,1,,West,2006/2007,MINDEN ROAD,CORBETT DRIVE,,Non-Injury Crash,No,2006,,North,,0,,Hill Road,,,,,,Overcast,1189601,0,0,0,2,,,0,,,,,,Bay of Plenty Region,Nil,2-way,Sealed,,0,0,,100,,Null,0,0,,22,Western Bay of Plenty District,Unknown,,,,,0,0,Open,1,,,Fine,Null
1761917,5438425,23692,,569500,0,,0,0,,North,2005/2006,SH 2,FAIRWAY DRIVE,,Minor Crash,Yes,2006,,South,,0,,Flat,,,,,,Overcast,1917500,1,0,0,2,,,0,,,,,,Wellington Region,Nil,1-way,Sealed,,0,0,,100,,Null,0,0,,46,Lower Hutt City,Nil,,,,,0,0,Open,2,,,Fine,Null
1572289,5180411,23693,,593501,0,,0,2,,Null,2006/2007,STANMORE ROAD,ARMAGH ST S,,Minor Crash,No,2006,,North,,0,,Flat,,,,,,Overcast,2609300,1,0,0,2,,,0,,,,,,Canterbury Region,Nil,2-way,Sealed,,0,0,,50,,Null,0,0,,60,Christchurch City,Give way,,,,,0,0,Urban,0,,,Fine,Null
1258551,5004251,23694,,609302,0,,0,2,,North,2006/2007,SH 6A,SYDNEY ST,,Minor Crash,Yes,2006,,North,,0,,Flat,,,,,,Bright sun,3033900,1,0,0,2,,,0,,,,,,Otago Region,Nil,2-way,Sealed,,0,0,,50,,Null,0,0,,70,Queenstown-Lakes District,Unknown,,,,,0,0,Urban,1,,,Fine,Null
1753173,5912365,23695,,518902,0,,0,2,,West,2006/2007,HILLSBOROUGH ROAD,COMMODORE DRIVE,,Non-Injury Crash,No,2006,,East,,0,,Flat,,,,,,Bright sun,586700,0,0,0,2,,,0,,,,,,Auckland Region,Nil,2-way,Sealed,,0,0,,50,,Off,0,0,,76,Auckland,Nil,,,,,0,0,Urban,0,,,Fine,Null
2032924,5710427,23696,,543901,0,,0,0,,Null,2006/2007,MAIN ROAD,TORU ST,,Minor Crash,No,2006,,West,,0,,Flat,,,,,,Twilight,1361100,1,0,0,2,,,0,,,,,,Gisborne Region,Nil,2-way,Sealed,,0,0,,70,,Off,0,0,,28,Gisborne District,Nil,,,,,0,0,Urban,2,,,Fine,Null
1794292,5500943,23697,,564240,0,,0,1,,Null,2005/2006,QUEENWOOD ROAD,ST ANNES ST,,Minor Crash,No,2006,,North,,0,,Flat,,,,,,Dark,1865100,1,0,1,2,,,0,,,,,,Manawatū-Whanganui Region,Nil,2-way,Sealed,,0,0,,50,,On,0,0,,42,Horowhenua District,Nil,,,,,0,0,Urban,0,,,Fine,Null
1756407,5924530,23698,,509702,0,0,0,1,0,North,2005/2006,SH 1N,OLD ONEWA OBR,,Non-Injury Crash,Yes,2006,0,North,0,0,0,Flat,0,,0,,0,Overcast,366700,0,0,0,3,0,0,0,0,0,,0,1,Auckland Region,Nil,1-way,Sealed,0,0,0,0,100,0,On,0,0,,76,Auckland,Nil,0,0,0,0,0,0,Open,0,0,0,Light rain,Null
2039156,5708472,23699,,544500,0,,0,1,,West,2008/2009,RIVERSIDE ROAD,ISLAND ROAD,,Non-Injury Crash,No,2009,,West,,0,,Flat,,,,,,Bright sun,1381900,0,0,0,2,,,1,,,,,,Gisborne Region,Nil,2-way,Sealed,,0,0,,50,,Null,0,0,,28,Gisborne District,Nil,,,,,0,0,Urban,0,,,Fine,Null
1761938,5906624,23700,,524302,0,,0,2,,South,2009/2010,HENWOOD ROAD,MASSEY ROAD,,Non-Injury Crash,No,2009,,South,,0,,Flat,,,,,,Bright sun,743500,0,0,0,3,,,0,,,,,,Auckland Region,Nil,2-way,Sealed,,0,0,,50,,Off,0,0,,76,Auckland,Nil,,,,,0,0,Urban,0,,,Fine,Null
1762509,5437542,23701,,568401,0,,0,1,,Null,2008/2009,FAIRWAY DRIVE,HIGH ST,,Non-Injury Crash,No,2009,,East,,0,,Flat,,,,,,Overcast,1943000,0,0,1,2,,,0,,,,,,Wellington Region,Nil,2-way,Sealed,,0,0,,50,,Null,0,0,,46,Lower Hutt City,Give way,,,,,0,0,Urban,0,,,Light rain,Null
1822646,5531801,23702,,562500,0,,0,2,,North,2008/2009,TREMAINE AVENUE,RUAHINE ST,,Non-Injury Crash,No,2009,,West,,0,,Flat,,,,,,Overcast,1840700,0,0,0,2,,,0,,,,,,Manawatū-Whanganui Region,Nil,2-way,Sealed,,0,0,,50,,Null,0,0,,40,Palmerston North City,Nil,,,,,0,0,Urban,0,,,Fine,Null
1661292,6087953,23703,,500802,0,0,0,1,0,East,2009/2010,HOREKE ROAD,MANGATARAIRE ROAD,,Non-Injury Crash,No,2009,0,North,0,0,0,Hill Road,1,,0,,0,Dark,21900,0,0,0,2,0,0,0,0,0,,0,0,Northland Region,Bridge,2-way,Unsealed,0,0,0,0,100,0,None,0,0,,1,Far North District,Nil,0,0,0,0,0,0,Open,0,0,0,Fine,Null
1262125,5004714,23704,,609022,0,0,0,0,0,West,2008/2009,PENINSULA ROAD,LOOP ROAD W,,Non-Injury Crash,No,2009,0,West,0,0,0,Hill Road,0,,0,,0,Bright sun,3040106,0,0,0,2,0,0,0,0,1,,0,0,Otago Region,Nil,2-way,Sealed,0,0,0,0,70,0,Null,0,0,,70,Queenstown-Lakes District,Unknown,0,0,0,0,1,0,Urban,1,0,0,Fine,Null
1600937,5449022,23705,,584303,0,,0,2,,Null,2008/2009,PAH ST,SH 60,,Non-Injury Crash,Yes,2009,,East,,0,,Flat,,,,,,Overcast,2377800,0,0,0,2,,,0,,,,,,Tasman Region,Nil,2-way,Sealed,,0,0,,50,,Null,0,0,,51,Tasman District,Give way,,,,,0,0,Urban,0,,,Fine,Null
1573455,5178615,23706,,594010,0,,0,2,,East,2008/2009,FERRY ROAD,SMITH ST,,Non-Injury Crash,No,2009,,West,,0,,Flat,,,,,,Overcast,2591605,0,0,0,2,,,0,,,,,,Canterbury Region,Nil,2-way,Sealed,,0,0,,50,,Null,0,0,,60,Christchurch City,Nil,,,,,0,0,Urban,0,,,Light rain,Null
1751437,5949427,23707,,505805,0,0,0,1,0,South,2009/2010,CENTREWAY ROAD,TAMARIKI AVENUE,,Non-Injury Crash,No,2009,0,South,0,0,0,Flat,0,,0,,0,Dark,171804,0,0,0,3,0,0,0,0,1,,0,0,Auckland Region,Nil,2-way,Sealed,0,0,0,0,50,0,On,0,0,,76,Auckland,Nil,0,0,0,0,0,0,Urban,1,0,0,Fine,Null
1805966,5433900,23708,,580100,0,,0,2,,Null,2009/2010,JELLICOE ST,VENICE ST,,Non-Injury Crash,No,2009,,North,,0,,Flat,,,,,,Dark,2275200,0,0,0,2,,,0,,,,,,Wellington Region,Nil,2-way,Sealed,,0,0,,50,,On,0,0,,50,South Wairarapa District,Give way,,,,,0,0,Urban,0,,,Fine,Null
1749161,5913905,23709,,511302,0,,0,2,,West,2009/2010,GREAT NORTH ROAD,NIKAU ST,,Non-Injury Crash,No,2009,,East,,0,,Flat,,,,,,Bright sun,268600,0,0,0,4,,,0,,,,,,Auckland Region,Nil,2-way,Sealed,,0,0,,50,,Off,1,0,,76,Auckland,Nil,,,,,0,0,Urban,0,,,Fine,Null
1756718,5927483,23710,,507900,0,,0,2,,Null,2009/2010,NORTHCOTE ROAD,TAHAROTO ROAD,,Non-Injury Crash,No,2009,,East,,0,,Flat,,,,,,Bright sun,303502,0,0,0,2,,,0,,,,,,Auckland Region,Nil,2-way,Sealed,,0,0,,50,,Off,0,0,,76,Auckland,Stop,,,,,0,0,Urban,0,,,Fine,Null
1575253,5391185,23711,,581842,0,0,0,0,1,South,2008/2009,SH 6,HOPE SDL,,Non-Injury Crash,Yes,2009,0,East,0,0,0,Flat,0,,0,,0,Overcast,2376202,0,0,0,2,0,0,0,0,0,,0,0,Tasman Region,Nil,2-way,Sealed,0,0,0,0,100,0,Null,0,0,,51,Tasman District,Nil,0,0,0,0,0,0,Open,1,0,0,Fine,Null
1773855,5444994,23712,,567200,0,,0,0,,South,2008/2009,RAILWAY AVENUE,GOODSHED ROAD,,Non-Injury Crash,No,2009,,South,,0,,Flat,,,,,,Bright sun,1905100,0,0,0,2,,,0,,,,,,Wellington Region,Nil,2-way,Sealed,,0,0,,50,,Null,1,0,,45,Upper Hutt City,Nil,,,,,0,0,Urban,1,,,Fine,Null
1776122,5868875,23713,,526701,0,,0,1,,Null,2009/2010,MURRAY ROAD,SMEEDS QUARRY ROAD,,Non-Injury Crash,No,2009,,South,,0,,Flat,,Christmas New Year,,,,Overcast,843900,0,0,0,2,,,0,,,,,,Waikato Region,Nil,2-way,Sealed,,0,0,,100,,None,0,0,,13,Waikato District,Give way,,,,,0,0,Open,1,,,Fine,Null
1772254,5873652,23714,,526200,0,,0,2,,Null,2006/2007,GEORGE ST,BUCKLAND ROAD,,Non-Injury Crash,No,2006,,North,,0,,Hill Road,,Labour Weekend,,,,Overcast,840000,0,0,0,2,,,0,,,,,,Waikato Region,Nil,2-way,Sealed,,0,0,,50,,On,0,0,,13,Waikato District,Give way,,,,,0,0,Urban,0,,,Fine,Null
1758049,5928713,23715,,507800,0,,0,1,,Null,2005/2006,KITCHENER ROAD,OCEAN VIEW ROAD,,Minor Crash,No,2006,,East,,0,,Flat,,,,,,Bright sun,309600,1,0,0,2,,,0,,,,,,Auckland Region,Nil,2-way,Sealed,,0,0,,50,,Off,0,0,,76,Auckland,Give way,,,,,0,0,Urban,1,,,Fine,Null
1821831,5529327,23716,,562800,0,,0,2,,East,2005/2006,THE SQUARE,FITZHERBERT AVENUE,,Minor Crash,No,2006,,East,,0,,Flat,,,,,,Overcast,1829400,1,0,0,3,,,0,,,,,,Manawatū-Whanganui Region,Nil,2-way,Sealed,,0,0,,50,,Null,0,0,,40,Palmerston North City,Nil,,,,,0,0,Urban,0,,,Fine,Null
1755328,5918261,23717,,515500,0,0,0,2,0,West,2005/2006,SH 16,NEWTON OFF EBD,,Non-Injury Crash,Yes,2006,0,East,0,0,0,Flat,1,,0,,0,Bright sun,418800,0,0,0,4,0,0,0,0,0,,0,0,Auckland Region,Nil,1-way,Sealed,0,0,0,0,80,0,Off,0,0,,76,Auckland,Nil,0,0,0,0,0,0,Open,0,0,0,Fine,Null
1733668,5907671,23718,,513800,0,0,0,1,1,West,2005/2006,PIHA ROAD,LONE KAURI ROAD,,Minor Crash,No,2006,0,West,0,0,0,Hill Road,0,Queens Birthday,0,,0,Overcast,282027,1,0,0,2,0,0,0,0,0,,0,0,Auckland Region,Nil,2-way,Sealed,0,0,0,0,100,0,None,0,0,,76,Auckland,Nil,0,0,0,0,0,0,Open,0,0,0,Heavy rain,Null
1586368,5478348,23719,,581601,0,,0,0,,Null,2005/2006,ABEL TASMAN DRIVE,ROTOTAI ROAD,,Non-Injury Crash,No,2006,,North,,0,,Flat,,,,,,Overcast,2345800,0,0,0,2,,,0,,,,,,Tasman Region,Nil,2-way,Sealed,,0,0,,100,,Null,0,0,,51,Tasman District,Nil,,,,,0,0,Open,1,,,Fine,Null
1747072,5969814,23720,,506661,0,,0,0,,North,2005/2006,FALLS ROAD,WOODCOCKS ROAD,,Serious Crash,No,2006,,South,,0,,Hill Road,,,,,,Bright sun,139107,0,0,1,2,,,0,,,,,,Auckland Region,Nil,2-way,Sealed,,0,1,,50,,Off,0,0,,76,Auckland,Nil,,,,,1,0,Urban,0,,,Fine,Null
1754243,5445949,23721,,570700,0,,0,1,,North,2005/2006,TITAHI BAY ROAD,TE HIKO ST,,Fatal Crash,No,2006,,North,,1,,Flat,,,,,,Dark,2038400,0,0,0,2,,,0,,,1,,,Wellington Region,Nil,2-way,Sealed,,0,0,,70,,On,0,0,,44,Porirua City,Nil,,,,,0,0,Urban,0,,,Fine,Null
1765052,5915074,23722,,520301,1,,0,1,,Null,2005/2006,GREEN ROAD,JELLICOE ROAD,,Minor Crash,No,2006,,South,,0,,Flat,,,,,,Bright sun,628002,1,0,0,2,,,0,,,,,,Auckland Region,Nil,2-way,Sealed,,0,0,,50,,Off,0,0,,76,Auckland,Nil,,,,,0,0,Urban,0,,,Fine,Null
1758892,5913793,23723,,519720,0,,0,1,,Null,2005/2006,ONEHUNGA MALL,CAMPBELL ROAD,,Non-Injury Crash,No,2006,,West,,0,,Flat,,,,,,Bright sun,593300,0,0,0,2,,,0,,,,,,Auckland Region,Nil,2-way,Sealed,,0,0,,50,,Off,1,0,,76,Auckland,Stop,,,,,0,0,Urban,0,,,Fine,Null
1888897,5774227,23724,,538741,0,,0,0,,South,2006/2007,Z CPK TE NGAE SC,OWHATA ROAD,,Non-Injury Crash,No,2006,,South,,0,,Flat,,,,,,Overcast,1254410,0,0,0,0,,,0,,,,,,Bay of Plenty Region,Nil,Off road,Sealed,,0,0,,30,,Null,0,0,,24,Rotorua District,Unknown,,,,,1,0,Urban,1,,,Fine,Null
1754141,5945175,23725,,505909,0,,0,2,,East,2006/2007,SLIP,BRIGHTSIDE ROAD,,Minor Crash,No,2006,,West,,0,,Flat,,,,,,Bright sun,173807,1,0,0,2,,,0,,,,,,Auckland Region,Nil,2-way,Sealed,,0,0,,50,,Off,0,0,,76,Auckland,Nil,,,,,0,0,Urban,0,,,Fine,Null
1768191,5903025,23726,,524602,0,0,0,2,0,Null,2006/2007,LAURELIA PLACE,RATA VINE DRIVE,,Non-Injury Crash,No,2006,0,East,0,0,1,Flat,0,,0,,0,Dark,780506,0,0,0,2,0,0,0,0,1,,0,0,Auckland Region,Nil,2-way,Sealed,0,0,0,0,50,0,On,1,0,,76,Auckland,Nil,0,0,0,1,0,0,Urban,0,0,0,Light rain,Null
1758275,5918055,23727,,517400,0,,0,2,,East,2006/2007,MORROW ST,GILLIES AVENUE,,Non-Injury Crash,No,2006,,West,,0,,Flat,,,,,,Bright sun,451300,0,0,0,2,,,0,,,,,,Auckland Region,Nil,1-way,Sealed,,0,0,,50,,Off,0,0,,76,Auckland,Nil,,,,,0,0,Urban,0,,,Fine,Null
1754940,5931820,23728,,508805,0,,0,3,,West,2005/2006,CONSTELLATION DRIVE,APOLLO DRIVE,,Minor Crash,No,2006,,East,,0,,Flat,,,,,,Bright sun,180813,1,0,0,2,,,0,,,,,,Auckland Region,Nil,2-way,Sealed,,0,0,,50,,Null,0,0,,76,Auckland,Unknown,,,,,0,0,Urban,0,,,Fine,Null
1760701,5434086,23729,,568702,0,,0,2,,South,2009/2010,WAINUI ROAD,RISHWORTH ST,,Non-Injury Crash,No,2009,,North,,0,,Hill Road,,,,,,Dark,1979001,0,0,0,2,,,0,,,,,,Wellington Region,Nil,2-way,Sealed,,0,0,,50,,On,0,0,,46,Lower Hutt City,Nil,,,,,0,0,Urban,0,,,Fine,Null
1406250,4917232,23730,,603100,0,0,0,0,0,Null,2008/2009,YORK PLACE,FILLEUL ST,,Non-Injury Crash,No,2009,0,East,0,0,0,Flat,0,,0,,0,Dark,2902800,0,0,0,2,0,0,0,0,0,,0,0,Otago Region,Nil,2-way,Sealed,0,0,0,0,50,0,On,0,0,,71,Dunedin City,Traffic Signals,0,1,0,0,0,0,Urban,1,0,0,Light rain,Null
1763656,5428743,23731,,565200,0,,0,2,,South,2009/2010,COAST ROAD,BURDEN ROAD,,Non-Injury Crash,No,2009,,North,,0,,Flat,,,,,,Twilight,2020702,0,0,0,3,,,0,,,,,,Wellington Region,Nil,2-way,Sealed,,0,0,,50,,On,0,0,,46,Lower Hutt City,Nil,,,,,0,0,Urban,0,,,Fine,Null
1745538,5913452,23732,,512906,0,,0,2,,South,2009/2010,SUNVUE ROAD,SEAKENS WAY,,Non-Injury Crash,No,2009,,South,,0,,Flat,,,,,,Bright sun,278506,0,0,0,2,,,0,,,,,,Auckland Region,Nil,2-way,Sealed,,0,0,,50,,Off,0,0,,76,Auckland,Nil,,,,,0,0,Urban,0,,,Fine,Null
1772420,5881554,23733,,521111,0,,0,2,,West,2009/2010,PUKEKOHE EAST ROAD,RUNCIMAN ROAD,,Non-Injury Crash,No,2009,,West,,0,,Flat,,,,,,Bright sun,827001,0,0,0,3,,,0,,,,,,Auckland Region,Nil,2-way,Sealed,,0,0,,100,,Off,0,0,,76,Auckland,Nil,,,,,0,0,Open,0,,,Fine,Null
1748574,5427559,23734,,573000,0,0,0,2,0,Null,2008/2009,WILLIS ST,FLAGSTAFF LANE,,Non-Injury Crash,No,2009,0,South,0,0,0,Flat,0,,0,,0,Dark,2128500,0,0,0,2,0,0,0,0,1,,0,0,Wellington Region,Nil,2-way,Sealed,0,0,0,0,50,0,On,0,0,,47,Wellington City,Nil,0,0,0,0,0,0,Urban,0,0,0,Fine,Null
1695124,5677078,23735,,552100,0,,0,2,,Null,2009/2010,HENUI ST,DEVON ST EAST,,Non-Injury Crash,No,2009,,East,,0,,Flat,,,,,,Bright sun,1597200,0,1,0,2,,,0,,,,,,Taranaki Region,Nil,2-way,Sealed,,0,0,,50,,Null,0,0,,33,New Plymouth District,Give way,,,,,0,0,Urban,0,,,Fine,Null
1754869,5916470,23736,,517702,0,,0,2,,West,2009/2010,ST LUKES ROAD,SANDRINGHAM ROAD,,Non-Injury Crash,No,2009,,East,,0,,Flat,,,,,,Bright sun,540300,0,0,0,4,,,0,,,,,,Auckland Region,Nil,2-way,Sealed,,0,0,,50,,Null,0,0,,76,Auckland,Unknown,,,,,0,0,Urban,0,,,Fine,Null
1932372,5602067,23737,,548831,0,,0,2,,Null,2008/2009,HAVELOCK ROAD,KARANEMA DRIVE,,Non-Injury Crash,No,2009,,South,,0,,Flat,,,,,,Overcast,1509100,0,0,0,2,,,0,,,,,,Hawke's Bay Region,Nil,2-way,Sealed,,0,0,,50,,Null,0,0,,30,Hastings District,Give way,,,,,0,0,Urban,0,,,Fine,Null
1762726,5436772,23738,,568303,0,,0,2,,Null,2009/2010,WADDINGTON DRIVE,HAMERTON ST,,Non-Injury Crash,No,2009,,West,,0,,Flat,,,,,,Bright sun,1957000,0,0,0,2,,,0,,,,,,Wellington Region,Nil,2-way,Sealed,,0,0,,50,,Null,0,0,,46,Lower Hutt City,Nil,,,,,0,0,Urban,0,,,Fine,Null
1759097,5920221,23739,,515902,0,,0,2,,South,2009/2010,BALFOUR ROAD,GLADSTONE ROAD,,Non-Injury Crash,No,2009,,North,,0,,Flat,,,,,,Bright sun,453200,0,0,0,2,,,0,,,,,,Auckland Region,Nil,2-way,Sealed,,0,0,,50,,Off,0,0,,76,Auckland,Nil,,,,,0,0,Urban,0,,,Fine,Null
1439188,5003626,23740,,601030,0,,0,1,,Null,2008/2009,AWAMOA ROAD,SH 1S,,Non-Injury Crash,Yes,2009,,North,,0,,Flat,,,,,,Bright sun,2840300,0,0,0,2,,,0,,,,,,Otago Region,Nil,2-way,Sealed,,0,0,,50,,Null,1,0,,68,Waitaki District,Traffic Signals,,,,,0,0,Urban,0,,,Fine,Null
1927234,5602249,23741,,545762,0,,1,1,,Null,2008/2009,RAILWAY ROAD SOUTH,LONGLANDS ROAD EAST,,Non-Injury Crash,No,2009,,East,,0,,Flat,,,,,,Dark,1468200,0,0,0,2,,,0,,,,,,Hawke's Bay Region,Nil,2-way,Sealed,,0,0,,100,,On,0,0,,30,Hastings District,Give way,,,,,0,0,Open,0,,,Fine,Null
1754986,5919840,23742,,515301,0,,0,2,,North,2009/2010,RICHMOND ROAD,LINCOLN ST,,Non-Injury Crash,No,2009,,South,,0,,Flat,,,,,,Overcast,428500,0,0,0,2,,,0,,,,,,Auckland Region,Nil,2-way,Sealed,,0,0,,50,,Off,0,0,,76,Auckland,Nil,,,,,0,0,Urban,0,,,Light rain,Null
1784093,5813797,23743,,526601,0,,0,1,,East,2009/2010,SH 23,GLENTUI LANE,,Non-Injury Crash,Yes,2009,,East,,0,,Flat,,,,,,Overcast,859500,0,0,0,2,,,0,,,,,,Waikato Region,Nil,2-way,Sealed,,0,0,,100,,Null,1,0,,13,Waikato District,Unknown,,,,,0,0,Open,0,,,Fine,Null
1753399,5912936,23744,,518901,0,0,0,2,0,East,2006/2007,WHITE SWAN ROAD,MARSHALL LAING AVENUE,,Non-Injury Crash,No,2006,0,West,0,0,0,Hill Road,0,,0,,0,Dark,585700,0,0,0,2,0,0,0,0,1,,0,0,Auckland Region,Nil,2-way,Sealed,0,0,0,0,50,0,On,0,0,,76,Auckland,Nil,0,0,0,0,0,0,Urban,0,0,0,Light rain,Null
1772872,5900619,23745,,523911,0,,0,1,,Null,2006/2007,MILL ROAD,POPES ROAD,,Non-Injury Crash,No,2006,,North,,0,,Flat,,,,,,Overcast,767203,0,0,0,2,,,0,,,,,,Auckland Region,Nil,2-way,Sealed,,0,0,,100,,Off,1,0,,76,Auckland,Stop,,,,,0,0,Open,0,,,Light rain,Null
1768693,5902975,23746,,523820,0,0,0,1,0,North,2006/2007,SH 1N,HILL OBR,,Non-Injury Crash,Yes,2006,0,South,0,0,0,Flat,1,,0,,0,Bright sun,760121,0,0,0,3,0,0,0,0,0,,0,0,Auckland Region,Nil,1-way,Sealed,0,0,0,0,100,0,None,0,0,,76,Auckland,Nil,0,0,0,0,1,0,Open,0,0,0,Fine,Null
1744834,5924288,23747,,513521,0,,0,0,,East,2005/2006,HOBSONVILLE ROAD,CYRIL CRESCENT,,Non-Injury Crash,No,2006,,West,,0,,Flat,,,,,,Bright sun,224226,0,0,0,2,,,0,,,,,,Auckland Region,Nil,2-way,Sealed,,0,0,,50,,Off,0,0,,76,Auckland,Nil,,,,,1,0,Urban,0,,,Light rain,Null
1566562,5158606,23748,,597512,0,,0,0,,West,2006/2007,SH 75,FIDDLERS ROAD,,Minor Crash,Yes,2006,,South,,0,,Flat,,,,,,Bright sun,2718600,1,0,1,2,,,0,,,,,,Canterbury Region,Nil,2-way,Sealed,,0,0,,100,,Null,0,0,,62,Selwyn District,Unknown,,,,,0,0,Open,0,,,Fine,Null
1818719,5878022,23749,,533901,0,0,0,1,0,East,2006/2007,SH 25,PIPIROA ROAD,,Non-Injury Crash,Yes,2006,0,East,0,0,0,Flat,0,Christmas New Year,0,,0,Bright sun,1067700,0,0,0,2,0,0,0,0,0,,0,0,Waikato Region,Nil,2-way,Sealed,0,0,0,0,100,0,Null,0,0,,12,Hauraki District,Unknown,0,0,0,1,0,0,Open,0,0,0,Fine,Null
1245229,4846800,23750,,611800,0,,0,2,,Null,2005/2006,SCOTT ST,SCOTT ST,,Minor Crash,No,2006,,North,,0,,Flat,,,,,,Overcast,3150800,1,0,0,2,,,0,,,,,,Southland Region,Nil,2-way,Sealed,,0,0,,100,,Null,0,0,,75,Invercargill City,Stop,,,,,0,0,Open,0,,,Light rain,Null
1764177,5913806,23751,,520602,0,0,0,1,0,North,2006/2007,IRELAND ROAD,WAIPUNA ROAD,,Minor Crash,No,2006,0,South,0,0,0,Flat,0,,0,,0,Dark,629201,1,0,0,2,0,0,0,0,0,,0,1,Auckland Region,Nil,2-way,Sealed,0,0,0,0,50,0,On,0,0,,76,Auckland,Unknown,0,0,0,0,0,0,Urban,0,0,0,Fine,Null
1928495,5613705,23752,,545831,0,0,0,1,0,South,2005/2006,SH 50,OMARUNUI ROAD,,Serious Crash,Yes,2006,0,North,0,0,1,Flat,0,,0,,0,Bright sun,1409400,0,0,0,2,0,0,0,0,0,,0,0,Hawke's Bay Region,Nil,2-way,Sealed,0,0,1,0,100,0,Null,0,0,,30,Hastings District,Nil,0,0,0,1,0,0,Open,0,0,0,Fine,Null
1804370,5815519,23753,,527124,0,0,0,1,0,North,2005/2006,SILVERDALE ROAD,HILLCREST ROAD,,Non-Injury Crash,No,2006,0,South,0,0,0,Hill Road,0,,0,,0,Dark,954903,0,0,0,2,0,0,0,0,0,,0,0,Waikato Region,Nil,2-way,Sealed,0,0,0,0,70,0,On,0,0,,16,Hamilton City,Unknown,0,0,0,1,0,0,Urban,0,0,0,Fine,Null
1798640,5814774,23754,,529000,0,0,0,1,0,South,2005/2006,PRIMROSE ST,BANDON ST,,Non-Injury Crash,No,2006,0,South,0,0,1,Flat,0,,0,,0,Overcast,918100,0,0,0,2,0,0,0,0,0,,0,0,Waikato Region,Nil,2-way,Sealed,0,0,0,0,50,0,Off,0,0,,16,Hamilton City,Nil,0,1,0,0,0,0,Urban,0,0,0,Light rain,Null
1567445,5181768,23755,,589200,0,,0,2,,East,2005/2006,GLANDOVEY ROAD,BRYNDWR ROAD,,Minor Crash,No,2006,,West,,0,,Flat,,,,,,Bright sun,2548400,1,0,0,2,,,0,,,,,,Canterbury Region,Nil,2-way,Sealed,,0,0,,50,,Null,0,0,,60,Christchurch City,Nil,,,,,0,0,Urban,0,,,Fine,Null
1620860,5427702,23756,,583700,0,,0,1,,East,2006/2007,WAIMEA ROAD,WATERHOUSE ST,,Minor Crash,No,2006,,South,,0,,Flat,,,,,,Bright sun,2338000,1,0,0,2,,,0,,,1,,,Nelson Region,Nil,2-way,Sealed,,0,0,,50,,Null,0,0,,52,Nelson City,Nil,,,,,0,0,Urban,0,,,Fine,Null
1768716,5900990,23757,,525001,0,0,0,2,0,South,2005/2006,Z CPK SOUTHMALL SC,STATION ROAD,,Non-Injury Crash,No,2006,0,South,0,0,0,Flat,0,,0,,0,Overcast,751600,0,0,0,1,0,0,0,0,1,,0,0,Auckland Region,Nil,Off road,Sealed,0,0,0,0,50,0,Off,0,0,,76,Auckland,Nil,0,0,0,0,0,0,Urban,0,0,0,Heavy rain,Null
1756059,5927915,23758,,507900,0,,0,2,,North,2006/2007,SH 1N,NORTHCOTE OBR,,Non-Injury Crash,Yes,2006,,South,,0,,Flat,,,,,,Overcast,305202,0,0,0,3,,,0,,,,,,Auckland Region,Nil,1-way,Sealed,,0,0,,80,,Off,0,0,,76,Auckland,Nil,,,,,0,0,Open,1,,,Fine,Null
1929743,5605193,23759,,548200,0,0,0,1,0,South,2008/2009,KING ST NORTH,QUEEN ST WEST,,Non-Injury Crash,No,2009,0,North,0,0,0,Flat,0,,0,,0,Dark,1491200,0,0,0,2,0,0,0,0,1,,0,0,Hawke's Bay Region,Nil,2-way,Sealed,0,0,0,0,50,0,On,0,0,,30,Hastings District,Nil,0,0,0,0,0,0,Urban,1,0,0,Fine,Null