X,Y,OBJECTID,advisorySpeed,areaUnitID,bicycle,bridge,bus,carStationWagon,cliffBank,crashDirectionDescription,crashFinancialYear,crashLocation1,crashLocation2,crashRoadSideRoad,crashSeverity,crashSHDescription,crashYear,debris,directionRoleDescription,ditch,fatalCount,fence,flatHill,guardRail,holiday,houseOrBuilding,intersection,kerb,light,meshblockId,minorInjuryCount,moped,motorcycle,NumberOfLanes,objectThrownOrDropped,otherObject,otherVehicleType,overBank,parkedVehicle,pedestrian,phoneBoxEtc,postOrPole,region,roadCharacter,roadLane,roadSurface,roadworks,schoolBus,seriousInjuryCount,slipOrFlood,speedLimit,strayAnimal,streetLight,suv,taxi,temporarySpeedLimit,tlaId,tlaName,trafficControl,trafficIsland,trafficSign,train,tree,truck,unknownVehicleType,urban,vanOrUtility,vehicle,waterRiver,weatherA,weatherB
1758795,5973646,23760,35,506661,0,,0,1,,East,2009/2010,TAKATU ROAD,BADDELEYS BEACH ROAD,,Non-Injury Crash,No,2009,,West,,0,,Hill Road,,,,,,Bright sun,138821,0,0,1,2,,,0,,,,,,Auckland Region,Nil,2-way,Sealed,,0,0,,100,,None,0,0,,76,Auckland,Nil,,,,,0,0,Open,0,,,Fine,Null
1757887,5446292,23761,,565604,0,0,0,1,0,North,2008/2009,OMAPERE ST,ADVENTURE DRIVE,,Non-Injury Crash,No,2009,0,South,0,0,1,Hill Road,0,,0,,0,Dark,2072504,0,0,0,2,0,0,0,0,0,,0,0,Wellington Region,Nil,2-way,Sealed,0,0,0,0,50,0,On,0,0,,44,Porirua City,Nil,0,0,0,0,0,0,Urban,0,0,0,Fine,Null
1440907,5005930,23762,,601020,0,,0,2,,Null,2008/2009,DON ST,CLYDE ST,,Non-Injury Crash,No,2009,,East,,0,,Hill Road,,,,,,Overcast,2844502,0,0,0,2,,,0,,,,,,Otago Region,Nil,2-way,Sealed,,0,0,,50,,Null,0,0,,68,Waitaki District,Give way,,,,,0,0,Urban,0,,,Fine,Null
1762132,5907990,23763,,524530,0,,0,1,,South,2009/2010,WICKMAN WAY,TENNESSEE AVENUE,,Non-Injury Crash,No,2009,,North,,0,,Flat,,,,,,Dark,734201,0,0,0,2,,,0,,,,,,Auckland Region,Nil,2-way,Sealed,,0,0,,50,,On,1,0,,76,Auckland,Nil,,,,,0,0,Urban,0,,,Fine,Null
1891952,5813312,23764,,538501,0,,0,2,,Null,2009/2010,JELLICOE ST,DUNLOP ROAD,,Non-Injury Crash,No,2009,,North,,0,,Flat,,Christmas New Year,,,,Bright sun,1213900,0,0,0,2,,,0,,,,,,Bay of Plenty Region,Nil,2-way,Sealed,,0,0,,50,,Off,0,0,,22,Western Bay of Plenty District,Stop,,,,,0,0,Urban,0,,,Fine,Null
1796964,5693790,23765,,532902,0,,0,1,,East,2008/2009,SH 4,TURAKI ST,,Non-Injury Crash,Yes,2009,,West,,0,,Flat,,,,,,Overcast,1035200,0,0,0,2,,,0,,,,,,Manawatū-Whanganui Region,Nil,2-way,Sealed,,0,0,,50,,Null,0,0,,36,Ruapehu District,Nil,,,,,1,0,Urban,0,,,Fine,Null
1818002,5543863,23766,,560720,1,,0,0,,Null,2008/2009,KIMBOLTON ROAD,WARWICK ST,,Non-Injury Crash,No,2009,,North,,0,,Flat,,,,,,Overcast,1765800,0,0,0,2,,,0,,,,,,Manawatū-Whanganui Region,Nil,2-way,Sealed,,0,0,,50,,Null,1,0,,39,Manawatu District,Give way,,,,,0,0,Urban,0,,,Light rain,Null
1771891,5898571,23767,,523912,0,0,0,1,0,North,2009/2010,PORCHESTER ROAD,WILLOW CAMP ROAD,,Non-Injury Crash,No,2009,0,South,0,0,0,Flat,1,,0,,0,Dark,767400,0,0,0,2,0,0,0,0,0,,0,0,Auckland Region,Nil,2-way,Sealed,0,0,0,0,80,0,On,0,0,,76,Auckland,Nil,0,0,0,0,0,0,Open,0,0,0,Heavy rain,Null
1621590,5430668,23768,,582401,0,0,0,1,0,West,2008/2009,THE CLIFFS,MALCOLM PLACE,,Non-Injury Crash,No,2009,0,North,0,0,1,Hill Road,0,,0,,0,Bright sun,2326103,0,0,0,2,0,0,0,0,0,,0,0,Nelson Region,Nil,2-way,Sealed,0,0,0,0,50,0,Null,0,0,,52,Nelson City,Nil,0,0,0,0,0,0,Urban,0,0,0,Fine,Null
1647719,6084147,23769,,500801,0,0,0,1,0,West,2009/2010,WEST COAST ROAD,KOHUKOHU ROAD,,Non-Injury Crash,No,2009,0,West,0,0,1,Hill Road,0,,0,,0,Dark,31800,0,0,0,2,0,0,0,0,0,,0,0,Northland Region,Nil,2-way,Sealed,0,0,0,0,100,0,None,0,0,,1,Far North District,Nil,0,0,0,0,0,0,Open,0,0,0,Mist or Fog,Null
1746949,5428030,23770,,575200,0,,0,2,,Null,2008/2009,RAROA CRESCENT,NORTHLAND TUNNEL ROAD,,Non-Injury Crash,No,2009,,South,,0,,Hill Road,,Easter,,,,Dark,2149800,0,0,0,2,,,0,,,,,,Wellington Region,Nil,2-way,Sealed,,0,0,,50,,Off,0,0,,47,Wellington City,Stop,,,,,0,0,Urban,0,,,Fine,Null
1790811,5497485,23771,,564012,0,,0,1,,South,2008/2009,SH 1N,BULLER ROAD,,Non-Injury Crash,Yes,2009,,South,,0,,Flat,,,,,,Bright sun,1858800,0,0,0,2,,,0,,,,,,Manawatū-Whanganui Region,Nil,2-way,Sealed,,0,0,,100,,Null,0,0,,42,Horowhenua District,Give way,,,,,1,0,Open,1,,,Fine,Null
2036058,5713606,23772,,543902,0,0,0,1,1,North,2009/2010,MATOKITOKI VALLEY ROAD,MARY ST,,Non-Injury Crash,No,2009,0,South,0,0,0,Flat,0,Christmas New Year,0,,0,Overcast,1359500,0,0,0,2,0,0,0,0,0,,0,0,Gisborne Region,Nil,2-way,Sealed,0,0,0,0,100,0,Null,0,0,,28,Gisborne District,Nil,0,0,0,0,0,0,Open,0,0,0,Fine,Null
1822039,5851025,23773,,534603,0,,0,0,,North,2005/2006,SH 27,PIONEER ROAD,,Non-Injury Crash,Yes,2006,,North,,0,,Flat,,Christmas New Year,,,,Dark,1094102,0,0,0,2,,,0,,,,,,Waikato Region,Nil,2-way,Sealed,,0,0,,100,,None,0,0,,15,Matamata-Piako District,Unknown,,,,,1,0,Open,0,,,Fine,Null
1763414,5436047,23774,,568303,0,0,0,1,0,North,2009/2010,JUDD CRESCENT,SAXBY GROVE,,Non-Injury Crash,No,2009,0,North,0,0,0,Hill Road,0,,1,,0,Dark,1961900,0,0,0,2,0,1,0,0,0,,0,0,Wellington Region,Nil,2-way,Sealed,0,0,0,0,50,0,On,0,0,,46,Lower Hutt City,Nil,0,0,0,0,0,0,Urban,0,0,0,Light rain,Null
1793271,5500792,23775,,564210,0,,0,1,,West,2008/2009,QUEEN ST WEST,CHAMBERLAIN ST,,Non-Injury Crash,No,2009,,West,,0,,Flat,,,,,,Bright sun,1864800,0,0,0,3,,,0,,,,,,Manawatū-Whanganui Region,Nil,2-way,Sealed,,0,0,,50,,Null,0,0,,42,Horowhenua District,Nil,,,,,0,0,Urban,1,,,Fine,Null
1272439,5010950,23776,,609032,0,,0,0,,West,2008/2009,SH 6,ARROW JUNCTION ROAD,,Non-Injury Crash,Yes,2009,,West,,0,,Flat,,,,,,Overcast,3039806,0,0,0,2,,,0,,,,,,Otago Region,Nil,2-way,Sealed,,0,0,,100,,Null,3,0,,70,Queenstown-Lakes District,Unknown,,,,,0,0,Open,0,,,Mist or Fog,Frost
1801145,5818850,23777,,529402,0,0,0,1,0,North,2009/2010,HUKANUI ROAD,CROSBY ROAD,,Non-Injury Crash,No,2009,0,South,0,0,1,Flat,0,,0,,0,Overcast,877100,0,0,0,2,0,0,0,0,0,,0,0,Waikato Region,Nil,2-way,Sealed,0,0,0,0,50,0,On,0,0,,16,Hamilton City,Nil,0,0,0,0,0,0,Urban,0,0,0,Light rain,Null
1793501,5704609,23778,,532700,0,0,0,0,0,North,2008/2009,SH 4,OKAHUKURA SADDLE ROAD,,Non-Injury Crash,Yes,2009,0,South,0,0,1,Hill Road,0,,0,,0,Dark,1042400,0,0,0,2,0,0,0,0,0,,0,0,Manawatū-Whanganui Region,Nil,2-way,Sealed,0,0,0,0,100,0,None,1,0,,36,Ruapehu District,Nil,0,0,0,0,0,0,Open,0,0,0,Fine,Null
1706506,5682793,23779,,551301,0,,0,2,,Null,2008/2009,HIGH ST WEST,BROWNE ST,,Non-Injury Crash,No,2009,,West,,0,,Flat,,,,,,Overcast,1548400,0,0,0,2,,,0,,,,,,Taranaki Region,Nil,2-way,Sealed,,0,0,,50,,Null,0,0,,33,New Plymouth District,Give way,,,,,0,0,Urban,0,,,Light rain,Null
1764246,5460672,23780,,566302,0,,0,1,,Null,2005/2006,SH 1N,BEACH ROAD,,Minor Crash,Yes,2006,,North,,0,,Flat,,,,,,Bright sun,2010000,1,0,1,2,,,0,,,,,,Wellington Region,Nil,2-way,Sealed,,0,0,,80,,Null,0,0,,43,Kapiti Coast District,Stop,,,,,0,0,Open,0,,,Fine,Null
1756253,5924283,23781,,509702,0,,0,2,,North,2005/2006,SH 1N,MT WGTN OFF SBD,,Non-Injury Crash,Yes,2006,,South,,0,,Flat,,,,,,Bright sun,366700,0,0,0,3,,,0,,,,,,Auckland Region,Nil,2-way,Sealed,,0,0,,100,,Off,0,0,,76,Auckland,Nil,,,,,0,0,Open,0,,,Fine,Null
1755778,5921173,23782,,515202,0,,0,2,,North,2006/2007,SH 1N,FANSHAWE OFF SBD,,Non-Injury Crash,Yes,2006,,South,,0,,Flat,,,,,,Dark,425600,0,0,0,4,,,0,,,,,,Auckland Region,Nil,1-way,Sealed,,0,0,,80,,On,0,0,,76,Auckland,Nil,,,,,0,0,Open,0,,,Fine,Null
1803514,5815135,23783,,530500,0,,0,1,,North,2005/2006,KNIGHTON ROAD,HELENA ROAD,,Non-Injury Crash,No,2006,,West,,0,,Flat,,,,,,Dark,890500,0,0,0,1,,,0,,,,,,Waikato Region,Nil,2-way,Sealed,,0,0,,50,,On,1,0,,16,Hamilton City,Give way,,,,,0,0,Urban,0,,,Light rain,Null
1407014,4917678,23784,,603602,0,,0,1,,North,2005/2006,Z CPK OTAGO UNIVERSITY,ALBANY ST,,Minor Crash,No,2006,,North,,0,,Flat,,,,,,Overcast,2867300,2,0,0,0,,,0,,,,,,Otago Region,Nil,Off road,Sealed,,0,0,,20,,Null,1,0,,71,Dunedin City,Unknown,,,,,0,0,Urban,0,,,Fine,Null
1423059,4961220,23785,,601301,0,,0,0,,East,2005/2006,SH 1S,PALMERSTON OBR,,Minor Crash,Yes,2006,,West,,0,,Flat,,,,,,Bright sun,2853800,1,0,0,2,,,0,,,,,,Otago Region,Nil,2-way,Sealed,,0,0,,100,,Null,0,0,,68,Waitaki District,Unknown,,,,,1,0,Open,0,,,Fine,Null
1458816,5075152,23786,,598313,0,,0,0,,South,2005/2006,SH 1S,PIG HUNTING CRK BR,,Minor Crash,Yes,2006,,North,,0,,Flat,,,,,,Overcast,2777300,1,0,1,2,,,0,,,,,,Canterbury Region,Nil,2-way,Sealed,,0,0,,100,,Null,0,0,,64,Timaru District,Unknown,,,,,0,0,Open,0,,,Mist or Fog,Null
1756158,5928094,23787,,507900,0,,0,2,,Null,2006/2007,FORREST HILL ROAD,WAIRAU ROAD,,Minor Crash,No,2006,,East,,0,,Flat,,,,,,Bright sun,307000,3,0,0,2,,,0,,,,,,Auckland Region,Nil,2-way,Sealed,,0,0,,50,,Off,0,0,,76,Auckland,Traffic Signals,,,,,0,0,Urban,0,,,Fine,Null
1746936,5913718,23788,,511100,0,0,0,2,0,Null,2005/2006,GLENDALE ROAD,OATES ROAD,,Non-Injury Crash,No,2006,0,South,0,0,0,Hill Road,0,,0,,0,Twilight,286200,0,0,0,2,0,0,0,0,0,,0,0,Auckland Region,Nil,2-way,Sealed,0,0,0,0,50,0,Off,0,0,,76,Auckland,Give way,0,0,0,0,0,0,Urban,0,1,0,Fine,Null
1760327,5915331,23789,,520202,0,,0,2,,Null,2006/2007,GREAT SOUTH ROAD,MAIN HIGHWAY,,Minor Crash,No,2006,,North,,0,,Flat,,,,,,Dark,613200,2,0,0,4,,,0,,,,,,Auckland Region,Nil,2-way,Sealed,,0,0,,50,,On,0,1,,76,Auckland,Traffic Signals,,,,,0,0,Urban,0,,,Fine,Null
1755706,5914084,23790,,518803,1,,0,1,,Null,2005/2006,MOUNT ALBERT ROAD,PARAU ST,,Minor Crash,No,2006,,East,,0,,Flat,,,,,,Overcast,580900,1,0,0,2,,,0,,,,,,Auckland Region,Nil,2-way,Sealed,,0,0,,50,,Off,0,0,,76,Auckland,Stop,,,,,0,0,Urban,0,,,Fine,Null
1755504,5912085,23791,35,518701,0,0,0,2,0,North,2005/2006,ROGAN ST,RICHARDSON ROAD,,Non-Injury Crash,No,2006,0,South,0,0,1,Hill Road,0,,0,,0,Dark,573200,0,0,0,2,0,0,0,0,1,,0,0,Auckland Region,Nil,2-way,Sealed,0,0,0,0,50,0,On,0,0,,76,Auckland,Nil,0,0,0,0,0,0,Urban,0,0,0,Fine,Null
1458150,5083280,23792,,599100,0,,0,2,,Null,2005/2006,OTIPUA ROAD,WAI-ITI ROAD,,Minor Crash,No,2006,,West,,0,,Flat,,,,,,Bright sun,2786601,2,0,1,2,,,0,,,,,,Canterbury Region,Nil,2-way,Sealed,,0,0,,50,,Null,0,0,,64,Timaru District,Give way,,,,,0,0,Urban,0,,,Fine,Null
1885162,5773376,23793,,540420,0,,0,1,,South,2006/2007,FENTON ST,VICTORIA ST,,Non-Injury Crash,No,2006,,South,,0,,Flat,,,,,,Overcast,1237300,0,0,0,4,,,0,,,,,,Bay of Plenty Region,Nil,2-way,Sealed,,0,0,,50,,Off,1,0,,24,Rotorua District,Give way,,,,,0,0,Urban,0,,,Light rain,Null
1394159,4909255,23794,,602000,0,,0,2,,East,2006/2007,BRIGHTON ROAD,EDNA ST,,Minor Crash,No,2006,,East,,0,,Flat,,,,,,Bright sun,2973200,1,0,0,2,,,0,,,,,,Otago Region,Nil,2-way,Sealed,,0,0,,50,,Null,0,0,,71,Dunedin City,Unknown,,,,,0,0,Urban,0,,,Fine,Null
1459725,5086742,23795,,598700,0,0,0,1,0,North,2008/2009,SH 1S,OLD NORTH ROAD,,Non-Injury Crash,Yes,2009,0,South,0,0,0,Flat,0,,0,,0,Dark,2774100,0,0,0,2,0,0,1,0,1,,0,0,Canterbury Region,Nil,2-way,Sealed,0,0,0,0,70,0,On,0,0,,64,Timaru District,Unknown,0,0,0,0,0,0,Urban,0,0,0,Light rain,Null
1758844,5911928,23796,,519820,0,,0,2,,Null,2009/2010,SELWYN ST,PRINCES ST,,Non-Injury Crash,No,2009,,South,,0,,Flat,,,,,,Overcast,602300,0,0,0,4,,,0,,,,,,Auckland Region,Nil,2-way,Sealed,,0,0,,50,,Off,0,0,,76,Auckland,Traffic Signals,,,,,0,0,Urban,0,,,Light rain,Null
1793425,5499921,23797,,564231,0,,0,2,,Null,2009/2010,WINCHESTER ST,WILTON ST,,Non-Injury Crash,No,2009,,North,,0,,Flat,,,,,,Overcast,1869000,0,0,0,2,,,0,,,,,,Manawatū-Whanganui Region,Nil,2-way,Sealed,,0,0,,50,,Null,0,0,,42,Horowhenua District,Give way,,,,,0,0,Urban,0,,,Light rain,Null
1930501,5604606,23798,,548200,0,,0,2,,North,2009/2010,ST AUBYN ST EAST,WILLOWPARK ROAD NORTH,,Non-Injury Crash,No,2009,,East,,0,,Flat,,,,,,Bright sun,1494800,0,0,0,2,,,0,,,,,,Hawke's Bay Region,Nil,2-way,Sealed,,0,0,,50,,Null,0,0,,30,Hastings District,Nil,,,,,0,0,Urban,0,,,Fine,Null
1758495,5926462,23799,,508020,0,,0,2,,South,2009/2010,LAKE ROAD,ESMONDE ROAD,,Non-Injury Crash,No,2009,,North,,0,,Flat,,,,,,Bright sun,325500,0,0,0,4,,,0,,,,,,Auckland Region,Nil,2-way,Sealed,,0,0,,50,,Off,0,0,,76,Auckland,Nil,,,,,0,0,Urban,0,,,Fine,Null
1747366,5911961,23800,,511901,0,0,0,1,0,North,2009/2010,ATKINSON ROAD,KAURILANDS ROAD,,Non-Injury Crash,No,2009,0,North,0,0,1,Flat,0,,0,,0,Bright sun,293702,0,0,0,2,0,0,0,0,0,,0,1,Auckland Region,Nil,2-way,Sealed,0,0,0,0,50,0,Null,0,0,,76,Auckland,Nil,0,0,0,0,0,0,Urban,0,0,0,Fine,Null
1750025,5425063,23801,,576903,0,,0,1,,West,2008/2009,SH 1N,KILBIRNIE CRESCENT,,Non-Injury Crash,Yes,2009,,West,,0,,Hill Road,,,,,,Bright sun,2180300,0,0,0,2,,,0,,,,,,Wellington Region,Nil,2-way,Sealed,,0,0,,50,,Null,2,0,,47,Wellington City,Nil,,,,,0,0,Urban,0,,,Fine,Null
1822216,5465968,23802,,578302,0,0,0,0,0,North,2009/2010,PAIERAU ROAD,AKURA ROAD,,Non-Injury Crash,No,2009,0,North,0,0,0,Flat,0,,0,,0,Dark,2252501,0,0,0,2,0,0,0,0,0,,0,0,Wellington Region,Nil,2-way,Sealed,0,0,0,0,100,0,None,0,0,,48,Masterton District,Nil,0,0,0,0,1,0,Open,0,0,0,Fine,Null
1623697,5430756,23803,,582500,0,0,0,1,0,Null,2008/2009,HARDY ST,CHURCH ST,,Non-Injury Crash,No,2009,0,East,0,0,0,Flat,0,,1,,0,Dark,2319700,0,0,0,2,0,0,0,0,0,,0,0,Nelson Region,Nil,2-way,Sealed,0,0,0,0,50,0,On,0,0,,52,Nelson City,Nil,0,0,0,0,0,0,Urban,0,0,0,Fine,Null
1570174,5177818,23804,,594600,0,,0,2,,Null,2008/2009,STRICKLAND ST,MILTON ST,,Non-Injury Crash,No,2009,,North,,0,,Flat,,,,,,Dark,2620600,0,0,0,2,,,0,,,,,,Canterbury Region,Nil,2-way,Sealed,,0,0,,50,,On,0,0,,60,Christchurch City,Traffic Signals,,,,,0,0,Urban,0,,,Fine,Null
1768079,5904371,23805,,523722,0,,0,1,,North,2009/2010,MANUKAU OFF SBD,REDOUBT ROAD,,Non-Injury Crash,Yes,2009,,South,,0,,Flat,,Christmas New Year,,,,Bright sun,715805,0,0,0,3,,,0,,,,,,Auckland Region,Motorway ramp,1-way,Sealed,,0,0,,50,,Off,0,0,,76,Auckland,Give way,,,,,0,0,Urban,1,,,Fine,Null
1244079,4850257,23806,,611100,0,,0,2,,Null,2008/2009,YARROW ST,LINDISFARNE ST,,Non-Injury Crash,No,2009,,North,,0,,Flat,,,,,,Bright sun,3136900,0,0,0,2,,,0,,,,,,Southland Region,Nil,2-way,Sealed,,0,0,,50,,Null,0,0,,75,Invercargill City,Stop,,,,,0,0,Urban,0,,,Fine,Null
1751970,5948550,23807,,505805,0,,0,0,,Null,2009/2010,HIBISCUS COAST HIGHWAY,CENTREWAY ROAD,,Non-Injury Crash,No,2009,,South,,0,,Flat,,,,,,Bright sun,172401,0,0,0,5,,,0,,,,,,Auckland Region,Nil,2-way,Sealed,,0,0,,50,,Off,2,0,,76,Auckland,Traffic Signals,,,,,0,0,Urban,0,,,Fine,Null
1814100,5445424,23808,,579502,0,0,0,1,0,South,2008/2009,PONATAHI ROAD,FOREMAN JURY ROAD,,Non-Injury Crash,No,2009,0,South,0,0,1,Flat,0,,0,,0,Overcast,2263500,0,0,0,2,0,0,0,0,0,,0,0,Wellington Region,Nil,2-way,Sealed,0,0,0,0,100,0,Null,0,0,,49,Carterton District,Nil,0,0,0,0,0,0,Open,0,0,0,Fine,Null
1890842,5808282,23809,,536642,0,0,0,1,0,South,2009/2010,NO 2 ROAD,DUDLEY VERCOE DRIVE,,Non-Injury Crash,No,2009,0,North,0,0,0,Flat,0,,0,,0,Dark,1207900,0,0,0,2,0,0,0,0,0,,0,0,Bay of Plenty Region,Nil,2-way,Sealed,0,0,0,0,100,0,None,0,0,,22,Western Bay of Plenty District,Unknown,0,0,0,0,0,0,Open,0,0,0,Heavy rain,Null
1770331,5471602,23810,,565902,0,,0,3,,East,2006/2007,OTAIHANGA ROAD,RATANUI ROAD,,Serious Crash,No,2006,,East,,0,,Flat,,,,,,Bright sun,1999602,1,0,0,2,,,0,,,,,,Wellington Region,Nil,2-way,Sealed,,0,1,,100,,Null,0,0,,43,Kapiti Coast District,Nil,,,,,0,0,Open,0,,,Fine,Null
1883474,5776043,23811,,539200,0,0,0,1,0,East,2006/2007,RUSSELL ROAD,NEIL ROAD,,Non-Injury Crash,No,2006,0,West,0,0,0,Flat,0,,0,,1,Dark,1221200,0,0,0,2,0,0,0,0,0,,0,0,Bay of Plenty Region,Nil,2-way,Sealed,0,0,0,0,50,0,On,0,0,,24,Rotorua District,Nil,0,0,0,0,0,0,Urban,0,0,0,Light rain,Null
1745554,5917036,23812,,510800,0,,0,2,,North,2006/2007,Z CPK WEST CITY,EDSEL ST,,Non-Injury Crash,No,2006,,North,,0,,Flat,,,,,,Bright sun,242800,0,0,0,1,,,0,,,,,,Auckland Region,Nil,Off road,Sealed,,0,0,,20,,Off,0,0,,76,Auckland,Nil,,,,,0,0,Urban,0,,,Fine,Null
1764789,5909992,23813,,521802,0,,0,2,,Null,2005/2006,AVENUE ROAD,WATER ST,,Non-Injury Crash,No,2006,,East,,0,,Flat,,,,,,Bright sun,788101,0,0,0,2,,,0,,,,,,Auckland Region,Nil,2-way,Sealed,,0,0,,50,,Null,0,0,,76,Auckland,Give way,,,,,0,0,Urban,0,,,Fine,Null
1551440,5181150,23814,,587904,0,,0,1,,Null,2006/2007,SH 73,HALKETT ROAD,,Minor Crash,Yes,2006,,East,,0,,Flat,,,,,,Bright sun,2492907,1,0,0,2,,,0,,,,,,Canterbury Region,Nil,2-way,Sealed,,0,0,,100,,Null,1,0,,62,Selwyn District,Stop,,,,,0,0,Open,0,,,Fine,Null
1757165,5928671,23815,,507800,0,,0,4,,South,2006/2007,SHAKESPEARE ROAD,STRATFORD AVENUE,,Minor Crash,No,2006,,South,,0,,Flat,,,,,,Bright sun,307300,2,0,0,2,,,0,,,,,,Auckland Region,Nil,2-way,Sealed,,0,0,,50,,Off,0,0,,76,Auckland,Traffic Signals,,,,,0,0,Urban,0,,,Fine,Null
1799153,5532761,23816,,561422,0,0,0,1,0,South,2005/2006,SH 1N,WHALE ROAD,,Non-Injury Crash,Yes,2006,0,South,1,0,1,Flat,0,,0,,0,Overcast,1785800,0,0,0,2,0,0,0,0,0,,0,0,Manawatū-Whanganui Region,Nil,2-way,Sealed,0,0,0,0,100,0,Null,0,0,,39,Manawatu District,Nil,0,0,0,0,0,0,Open,0,0,0,Fine,Null
1749949,5914046,23817,,511303,0,,0,3,,West,2006/2007,GREAT NORTH ROAD,MEMORIAL DRIVE W,,Non-Injury Crash,No,2006,,West,,0,,Flat,,,,,,Bright sun,266000,0,0,0,4,,,0,,,,,,Auckland Region,Nil,2-way,Sealed,,0,0,,50,,Off,0,0,,76,Auckland,Traffic Signals,,,,,0,0,Urban,0,,,Fine,Null
1766097,5913024,23818,,522920,0,,0,4,,Null,2006/2007,PAKURANGA HIGHWAY,PAKURANGA BR E,,Non-Injury Crash,No,2006,,East,,0,,Flat,,,,,,Bright sun,683300,0,0,0,4,,,0,,,,,,Auckland Region,Bridge,2-way,Sealed,,0,0,,80,,Null,0,0,,76,Auckland,Unknown,,,,,0,0,Open,0,,,Fine,Null
1712636,5615357,23819,,554111,0,,0,2,,South,2006/2007,SH 3,WHAREROA ROAD,,Non-Injury Crash,Yes,2006,,East,,0,,Flat,,,,,,Dark,1650500,0,0,0,2,,,0,,,,,,Taranaki Region,Nil,2-way,Sealed,,0,0,,100,,None,0,0,,35,South Taranaki District,Nil,,,,,0,0,Open,0,,,Fine,Null
1758224,5913433,23820,,519710,0,,0,2,,Null,2005/2006,MANUKAU ROAD,MOUNT ALBERT ROAD,,Non-Injury Crash,No,2006,,South,,0,,Flat,,,,,,Bright sun,594701,0,0,0,2,,,0,,,,,,Auckland Region,Nil,2-way,Sealed,,0,0,,50,,Off,0,0,,76,Auckland,Stop,,,,,0,0,Urban,0,,,Fine,Null
1755441,5922052,23821,,515202,0,,0,1,,North,2005/2006,SH 1N,SHELLY OFF SBD,,Non-Injury Crash,Yes,2006,,South,,0,,Hill Road,,,,,,Dark,423600,0,0,0,4,,,0,,,,,,,Bridge,1-way,Sealed,,0,0,,80,,On,1,0,,76,Auckland,Nil,,,,,0,0,Open,0,,,Fine,Null
1704366,5641785,23822,,553004,0,0,0,1,0,West,2006/2007,OPUNAKE ROAD,POTO ROAD,,Minor Crash,No,2006,0,West,1,0,1,Hill Road,0,,0,,0,Overcast,1617200,1,0,0,2,0,0,0,0,0,,0,0,Taranaki Region,Nil,2-way,Sealed,0,0,0,0,100,0,Null,0,0,,34,Stratford District,Nil,0,0,0,0,0,0,Open,0,0,0,Fine,Null
1754615,5935948,23823,,507000,0,0,0,2,0,Null,2006/2007,CARLISLE ROAD,NOR EAST DRIVE,,Non-Injury Crash,No,2006,0,East,0,0,0,Flat,0,,0,,0,Dark,164102,0,0,0,2,0,0,0,0,0,,0,0,Auckland Region,Nil,2-way,Sealed,0,0,0,0,50,0,On,0,0,,76,Auckland,Stop,0,0,0,0,0,0,Urban,1,1,0,Fine,Null
1798776,5907570,23824,,525202,0,0,0,2,0,West,2006/2007,HOWARD ROAD,THIRD AVENUE,,Non-Injury Crash,No,2006,0,East,0,0,0,Flat,0,,0,,0,Bright sun,765104,0,0,0,1,0,0,0,0,1,,0,0,Auckland Region,Nil,2-way,Sealed,0,0,0,0,50,0,None,0,0,,76,Auckland,Nil,0,0,0,0,0,0,Urban,0,0,0,Fine,Null
1567869,5179934,23825,,590800,0,0,0,5,0,Null,2008/2009,CLARENCE ST,PEVEREL ST,,Non-Injury Crash,No,2009,0,East,0,0,0,Flat,0,,0,,0,Overcast,2473800,0,0,0,2,0,0,0,0,2,,1,0,Canterbury Region,Nil,2-way,Sealed,0,0,0,0,50,0,Null,0,0,,60,Christchurch City,Stop,0,0,0,0,0,0,Urban,0,0,0,Mist or Fog,Null
1757879,5912100,23826,20,519810,0,,0,3,,South,2009/2010,SH 20,QUEENSTOWN OFF NBD,,Non-Injury Crash,Yes,2009,,North,,0,,Flat,,,,,,Bright sun,602501,0,0,0,2,,,0,,,,,,Auckland Region,Nil,1-way,Sealed,,0,0,,80,,Off,0,0,,76,Auckland,Nil,,,,,0,0,Open,0,,,Fine,Null
1873002,5823189,23827,,536514,0,,0,1,,West,2009/2010,SH 2,TANIWHA PLACE,,Non-Injury Crash,Yes,2009,,East,,0,,Flat,,Christmas New Year,,,,Bright sun,1190100,0,0,0,2,,,0,,,,,,Bay of Plenty Region,Bridge,2-way,Sealed,,0,0,,90,,Off,0,0,,23,Tauranga City,Nil,,,,,0,0,Open,1,,,Fine,Null
1759998,5913032,23828,,520000,0,0,0,1,0,West,2009/2010,MOUNT SMART ROAD,NAMATA ROAD,,Non-Injury Crash,No,2009,0,East,0,0,0,Flat,0,,0,,0,Bright sun,605500,0,0,0,2,0,0,0,0,0,,0,1,Auckland Region,Nil,2-way,Sealed,0,0,0,0,50,0,None,0,0,,76,Auckland,Give way,0,0,0,0,0,0,Urban,0,0,0,Fine,Null
1754917,5916456,23829,,517702,0,,0,2,,Null,2008/2009,SANDRINGHAM ROAD,BALMORAL ROAD,,Non-Injury Crash,No,2009,,West,,0,,Flat,,,,,,Dark,540300,0,0,0,4,,,0,,,,,,Auckland Region,Nil,2-way,Sealed,,0,0,,50,,Off,0,0,,76,Auckland,Traffic Signals,,,,,0,0,Urban,0,,,Fine,Null