X,Y,OBJECTID,advisorySpeed,areaUnitID,bicycle,bridge,bus,carStationWagon,cliffBank,crashDirectionDescription,crashFinancialYear,crashLocation1,crashLocation2,crashRoadSideRoad,crashSeverity,crashSHDescription,crashYear,debris,directionRoleDescription,ditch,fatalCount,fence,flatHill,guardRail,holiday,houseOrBuilding,intersection,kerb,light,meshblockId,minorInjuryCount,moped,motorcycle,NumberOfLanes,objectThrownOrDropped,otherObject,otherVehicleType,overBank,parkedVehicle,pedestrian,phoneBoxEtc,postOrPole,region,roadCharacter,roadLane,roadSurface,roadworks,schoolBus,seriousInjuryCount,slipOrFlood,speedLimit,strayAnimal,streetLight,suv,taxi,temporarySpeedLimit,tlaId,tlaName,trafficControl,trafficIsland,trafficSign,train,tree,truck,unknownVehicleType,urban,vanOrUtility,vehicle,waterRiver,weatherA,weatherB
1629700,6114130,23830,,500202,0,0,0,0,0,Null,2009/2010,CLOUGH ROAD,SNELGAR ROAD,,Non-Injury Crash,No,2009,0,North,0,0,1,Flat,0,,0,,0,Dark,5900,0,0,0,2,0,0,0,0,0,,0,0,Northland Region,Nil,2-way,Unsealed,0,0,0,0,100,0,None,1,0,,1,Far North District,Nil,0,0,0,0,0,0,Open,0,0,0,Fine,Null
1673241,5405184,23831,,580449,0,,0,1,,Null,2009/2010,OLD RENWICK ROAD,JACKSONS ROAD,,Non-Injury Crash,No,2009,,East,,0,,Flat,,,,,,Dark,2290502,0,0,0,2,,,0,,,,,,Marlborough Region,Nil,2-way,Sealed,,0,0,,100,,On,1,0,,53,Marlborough District,Stop,,,,,0,0,Open,0,,,Fine,Null
1749006,5428679,23832,,572900,1,,0,1,,East,2008/2009,BUNNY ST,FEATHERSTON ST,,Non-Injury Crash,No,2009,,East,,0,,Flat,,,,,,Bright sun,2122700,0,0,0,2,,,0,,,,,,Wellington Region,Nil,2-way,Sealed,,0,0,,50,,Null,0,0,,47,Wellington City,Nil,,,,,0,0,Urban,0,,,Fine,Null
1757154,5919548,23833,,514103,0,0,0,2,0,South,2009/2010,LIVERPOOL ST,CITY ROAD,,Non-Injury Crash,No,2009,0,North,0,0,0,Hill Road,0,,0,,0,Overcast,436402,0,0,0,2,0,0,0,0,1,,0,0,Auckland Region,Nil,2-way,Sealed,0,0,0,0,50,0,Off,0,0,,76,Auckland,Nil,0,0,0,0,0,0,Urban,0,0,0,Null,Null
1406124,4914260,23834,,604410,0,0,0,1,0,West,2009/2010,MELBOURNE ST,KING EDWARD ST,,Non-Injury Crash,No,2009,0,East,0,0,0,Flat,0,,0,,0,Overcast,2932400,0,0,0,2,0,0,0,0,1,,0,0,Otago Region,Nil,2-way,Sealed,0,0,0,0,50,0,Null,0,0,,71,Dunedin City,Unknown,0,0,0,0,0,0,Urban,0,0,0,Light rain,Null
1729435,6027022,23835,,501811,0,0,0,1,0,West,2009/2010,SH 1N,SH 15A,,Non-Injury Crash,Yes,2009,0,West,0,0,0,Flat,0,Christmas New Year,0,,0,Bright sun,78601,0,0,0,2,0,0,0,0,0,,0,0,Northland Region,Nil,2-way,Sealed,0,0,0,0,60,0,Off,1,0,,2,Whangarei District,Nil,0,0,0,0,0,0,Urban,0,1,0,Fine,Null
1405151,4915696,23836,,604110,0,0,0,1,0,South,2008/2009,EGLINTON ROAD,NEIDPATH ROAD,,Non-Injury Crash,No,2009,0,South,0,0,0,Hill Road,0,,0,,0,Twilight,2920700,0,0,0,2,0,1,0,0,0,,0,0,Otago Region,Nil,2-way,Sealed,0,0,0,0,50,0,Off,0,0,,71,Dunedin City,Unknown,0,0,0,0,0,0,Urban,0,0,0,Snow,Null
1692048,5675715,23837,,551900,0,,0,2,,Null,2008/2009,SH 45 VIVIAN,MORLEY ST,,Non-Injury Crash,Yes,2009,,South,,0,,Flat,,,,,,Bright sun,1589300,0,0,0,2,,,0,,,,,,Taranaki Region,Nil,2-way,Sealed,,0,0,,50,,Null,0,0,,33,New Plymouth District,Stop,,,,,0,0,Urban,0,,,Fine,Null
1934834,5621060,23838,,546801,0,,0,2,,Null,2008/2009,SH 2,PREBENSEN DRIVE,,Non-Injury Crash,Yes,2009,,East,,0,,Flat,,,,,,Overcast,1425500,0,0,0,2,,,0,,,,,,Hawke's Bay Region,Nil,2-way,Sealed,,0,0,,50,,Null,0,0,,31,Napier City,Give way,,,,,0,0,Urban,0,,,Fine,Null
1746356,5940017,23839,,506614,0,,0,1,,Null,2009/2010,DAIRY FLAT HIGHWAY,BLACKBRIDGE ROAD,,Non-Injury Crash,No,2009,,North,,0,,Flat,,,,,,Overcast,178003,0,0,0,2,,,0,,,,,,Auckland Region,Nil,2-way,Sealed,,0,0,,80,,Null,1,0,,76,Auckland,Stop,,,,,0,0,Open,0,,,Fine,Null
1800848,5812703,23840,,529200,0,,0,2,,South,2006/2007,SH 3,MAHOE ST,,Non-Injury Crash,Yes,2006,,South,,0,,Flat,,,,,,Bright sun,929001,0,0,0,2,,,0,,,,,,Waikato Region,Nil,2-way,Sealed,,0,0,,50,,Off,0,0,,16,Hamilton City,Nil,,,,,0,0,Urban,1,,,Fine,Null
1884211,5825231,23841,,536831,0,0,0,1,0,Null,2006/2007,SH 2,GIRVEN ROAD,,Non-Injury Crash,Yes,2006,0,South,0,0,1,Flat,0,,0,,1,Dark,1201300,0,0,0,4,0,0,0,0,0,,0,0,Bay of Plenty Region,Nil,2-way,Sealed,0,0,0,0,50,0,On,0,0,,23,Tauranga City,Give way,0,0,0,0,0,0,Urban,0,0,0,Fine,Null
1765106,5910054,23842,,521803,0,,0,2,,Null,2005/2006,SH 1N,OTAHUHU ON SBD,,Non-Injury Crash,Yes,2006,,South,,0,,Flat,,,,,,Overcast,788300,0,0,0,3,,,0,,,,,,Auckland Region,Motorway ramp,1-way,Sealed,,0,0,,100,,Off,0,0,,76,Auckland,Nil,,,,,0,0,Open,0,,,Fine,Null
1743739,5919391,23843,,513212,0,,0,2,,East,2005/2006,UNIVERSAL DRIVE,DON BUCK ROAD,,Non-Injury Crash,No,2006,,East,,0,,Flat,,Queens Birthday,,,,Dark,235600,0,0,0,2,,,0,,,,,,Auckland Region,Nil,2-way,Sealed,,0,0,,50,,On,0,0,,76,Auckland,Nil,,,,,0,0,Urban,0,,,Fine,Null
1746911,5919828,23844,,512402,0,,0,5,,West,2005/2006,SH 16,TE ATATU OBR,,Serious Crash,Yes,2006,,West,,0,,Flat,,,,,,Overcast,252300,1,0,0,3,,,0,,,,,,Auckland Region,Bridge,1-way,Sealed,,0,1,,100,,Off,0,0,,76,Auckland,Nil,,,,,0,0,Open,2,,,Light rain,Null
1801323,5816752,23845,,529900,0,,0,2,,East,2006/2007,BOUNDARY ROAD,HEAPHY TERRACE,,Non-Injury Crash,No,2006,,West,,0,,Flat,,,,,,Overcast,863500,0,0,0,4,,,0,,,,,,Waikato Region,Nil,2-way,Sealed,,0,0,,50,,Off,0,0,,16,Hamilton City,Nil,,,,,0,0,Urban,0,,,Fine,Null
1749301,5945742,23846,,505806,0,,0,1,,West,2006/2007,HIBISCUS COAST HIGHWAY,EAST COAST ROAD,,Non-Injury Crash,No,2006,,East,,0,,Flat,,,,,,Bright sun,176602,0,0,0,4,,,0,,,,,,Auckland Region,Nil,2-way,Sealed,,0,0,,80,,Off,1,0,,76,Auckland,Nil,,,,,0,0,Open,0,,,Fine,Null
1806936,5651183,23847,55,532601,0,0,0,1,1,North,2005/2006,SH 4,MAKATOTE BR,,Non-Injury Crash,Yes,2006,0,East,0,0,0,Hill Road,0,,0,,0,Overcast,1025400,0,0,0,2,0,0,0,0,0,,0,0,Manawatū-Whanganui Region,Nil,2-way,Sealed,0,0,0,0,100,0,Null,0,0,,36,Ruapehu District,Nil,0,1,0,0,0,0,Open,0,0,0,Light rain,Null
1744447,5922272,23848,,513530,0,,0,0,,Null,2005/2006,SH 16,ROYAL ON EBD,,Non-Injury Crash,Yes,2006,,South,,0,,Hill Road,,,,,,Overcast,225807,0,0,0,2,,,0,,,,,,Auckland Region,Motorway ramp,1-way,Sealed,,0,0,,100,,On,2,0,,76,Auckland,Nil,,,,,0,0,Open,0,,,Mist or Fog,Null
1768735,5900764,23849,,525002,0,,0,2,,East,2005/2006,WEYMOUTH ROAD,BEAUMONTS WAY,,Non-Injury Crash,No,2006,,West,,0,,Flat,,,,,,Dark,752801,0,0,0,1,,,0,,,,,,Auckland Region,Nil,2-way,Sealed,,0,0,,50,,On,0,0,,76,Auckland,Nil,,,,,0,0,Urban,0,,,Light rain,Null
1767236,5901306,23850,,524720,0,,0,2,,Null,2005/2006,RUSSELL ROAD,SWALLOW DRIVE,,Non-Injury Crash,No,2006,,West,,0,,Flat,,,,,,Overcast,777502,0,0,0,2,,,0,,,,,,Auckland Region,Nil,2-way,Sealed,,0,0,,50,,Off,0,0,,76,Auckland,Give way,,,,,0,0,Urban,0,,,Fine,Null
1752134,5932641,23851,,508807,0,,0,2,,North,2005/2006,BUSH ROAD,ROSEDALE ROAD,,Minor Crash,No,2006,,North,,0,,Flat,,,,,,Bright sun,180501,1,0,0,2,,,0,,,,,,Auckland Region,Nil,2-way,Sealed,,0,0,,50,,Off,0,0,,76,Auckland,Nil,,,,,0,0,Urban,0,,,Fine,Null
1871053,5826662,23852,,536503,0,,0,1,,Null,2006/2007,TANGITU ROAD,WAIKARAKA DRIVE EAST,,Non-Injury Crash,No,2006,,East,,0,,Flat,,,,,,Dark,1188200,0,0,0,2,,,0,,,,,,Bay of Plenty Region,Nil,2-way,Sealed,,0,0,,80,,None,0,0,,22,Western Bay of Plenty District,Nil,,,,,0,0,Open,0,,,Fine,Null
1834528,5851453,23853,,534603,0,,0,0,,North,2006/2007,SH 26,RAWHITI ROAD N,,Non-Injury Crash,Yes,2006,,South,,0,,Flat,,,,,,Overcast,1076900,0,0,0,2,,,0,,,,,,Waikato Region,Nil,2-way,Sealed,,0,0,,100,,Null,0,0,,15,Matamata-Piako District,Unknown,,,,,1,0,Open,0,,,Fine,Null
1745373,5917022,23854,,510800,0,,0,1,,North,2006/2007,RAILSIDE AVENUE,EDSEL ST,,Non-Injury Crash,No,2006,,South,,0,,Flat,,,,,,Bright sun,242700,0,0,0,2,,,0,,,,,,Auckland Region,Nil,2-way,Sealed,,0,0,,50,,None,1,0,,76,Auckland,Nil,,,,,0,0,Urban,0,,,Fine,Null
1840823,5517915,23855,,578000,0,,0,2,,Null,2008/2009,SH 2,KIWI ST,,Non-Injury Crash,Yes,2009,,South,,0,,Flat,,Easter,,,,Twilight,2218300,0,0,0,2,,,0,,,,,,Manawatū-Whanganui Region,Nil,2-way,Sealed,,0,0,,50,,Off,0,0,,41,Tararua District,Give way,,,,,0,0,Urban,0,,,Fine,Null
1622289,5428416,23856,,583300,0,,0,2,,South,2008/2009,WAIMEA ROAD,BOUNDARY ROAD,,Non-Injury Crash,No,2009,,South,,0,,Hill Road,,,,,,Dark,2331300,0,0,0,2,,,0,,,,,,Nelson Region,Nil,2-way,Sealed,,0,0,,50,,On,0,0,,52,Nelson City,Nil,,,,,0,0,Urban,0,,,Fine,Null
1408445,4919865,23857,,603300,0,0,0,1,0,East,2008/2009,BALDWIN ST,NORTH ROAD,,Non-Injury Crash,No,2009,0,West,0,0,1,Hill Road,0,,0,,0,Overcast,2872402,0,0,0,2,0,0,0,0,0,,0,0,Otago Region,Nil,2-way,Sealed,0,0,0,0,50,0,Null,0,0,,71,Dunedin City,Unknown,0,0,0,1,0,0,Urban,0,0,0,Heavy rain,Null
1671736,6125959,23858,,500402,0,0,0,1,0,West,2009/2010,TAURANGA BAY BEACH ROAD,TAURANGA BAY ROAD,,Non-Injury Crash,No,2009,0,South,0,0,0,Flat,0,,0,,0,Bright sun,19600,0,0,0,2,0,0,0,0,0,,0,0,Northland Region,Nil,2-way,Sealed,0,0,0,0,50,0,None,0,0,,1,Far North District,Nil,0,0,0,0,0,0,Urban,0,0,1,Fine,Null
1698933,6095198,23859,,501100,0,0,0,1,0,South,2009/2010,BAYVIEW ROAD,MOANA AVENUE,,Non-Injury Crash,No,2009,0,South,0,0,0,Hill Road,0,,0,,0,Bright sun,54200,0,0,0,2,0,0,0,0,1,,0,0,Northland Region,Nil,2-way,Sealed,0,0,0,0,50,0,Null,1,0,,1,Far North District,Unknown,0,0,0,0,0,0,Urban,0,0,0,Fine,Null
1866976,5713420,23860,,541720,0,0,0,1,0,Null,2009/2010,TONGARIRO ST,HEUHEU ST,,Non-Injury Crash,No,2009,0,South,0,0,0,Flat,0,Labour Weekend,0,,0,Bright sun,1274200,0,0,0,4,0,0,0,0,0,,0,0,Waikato Region,Nil,2-way,Sealed,0,0,0,0,50,0,Null,0,0,,21,Taupo District,Traffic Signals,0,1,0,0,0,0,Urban,0,0,0,Fine,Null
1772893,5891628,23861,,521301,0,,0,1,,South,2009/2010,DRURY ON NBD,SH 1N,,Non-Injury Crash,Yes,2009,,North,,0,,Hill Road,,,,,,Bright sun,808702,0,0,0,1,,,0,,,,,,Auckland Region,Nil,1-way,Sealed,,0,0,,100,,Off,0,0,,76,Auckland,Nil,,,,,0,0,Open,1,,,Fine,Null
1763693,5439305,23862,,568202,0,0,0,1,0,East,2008/2009,REYNOLDS ST,TAITA DRIVE,,Non-Injury Crash,No,2009,0,North,0,0,0,Flat,0,,0,,0,Dark,1938100,0,0,0,2,0,0,0,0,1,,0,0,Wellington Region,Nil,2-way,Sealed,0,0,0,0,50,0,On,1,0,,46,Lower Hutt City,Nil,0,0,0,0,0,0,Urban,0,0,0,Fine,Null
1756209,5443946,23863,,571200,0,0,0,2,0,West,2008/2009,MUNGAVIN AVENUE,HAMPSHIRE ST,,Non-Injury Crash,No,2009,0,East,0,0,0,Hill Road,0,,0,,0,Overcast,2049500,0,0,0,2,0,0,0,0,1,,0,1,Wellington Region,Nil,2-way,Sealed,0,0,0,0,50,0,Null,0,0,,44,Porirua City,Nil,0,0,0,0,0,0,Urban,0,0,0,Fine,Null
1764948,5441144,23864,,569600,0,0,0,1,0,South,2009/2010,SH 2,HAYWARDS ON SBD,,Non-Injury Crash,Yes,2009,0,South,0,0,0,Flat,1,,0,,0,Dark,1917000,0,0,0,2,0,0,0,0,0,,0,0,Wellington Region,Nil,2-way,Sealed,0,0,0,0,100,0,On,0,0,,46,Lower Hutt City,Nil,0,0,0,0,0,0,Open,0,0,0,Fine,Null
1936643,5621115,23865,,546901,0,,0,1,,South,2008/2009,MUNROE ST,STATION ST,,Non-Injury Crash,No,2009,,South,,0,,Flat,,,,,,Bright sun,1429800,0,0,0,2,,,0,,,,,,Hawke's Bay Region,Nil,2-way,Sealed,,0,0,,50,,Null,1,0,,31,Napier City,Nil,,,,,0,0,Urban,0,,,Fine,Null
1760777,5914111,23866,,519400,0,,0,1,,North,2009/2010,ROCKFIELD ROAD,ORANGA AVENUE,,Non-Injury Crash,No,2009,,North,,0,,Flat,,,,,,Overcast,620000,0,0,0,2,,,0,,,,,,Auckland Region,Nil,2-way,Sealed,,0,0,,50,,None,1,0,,76,Auckland,Nil,,,,,0,0,Urban,0,,,Fine,Null
1623286,5431341,23867,,582401,0,0,0,1,0,Null,2009/2010,HAVEN ROAD,MAORI ROAD,,Non-Injury Crash,No,2009,0,South,0,0,0,Flat,0,,0,,0,Overcast,2326700,0,0,0,2,0,0,0,0,0,,0,0,Nelson Region,Nil,2-way,Sealed,0,0,0,0,50,0,Null,0,0,,52,Nelson City,Give way,0,0,0,1,0,0,Urban,1,0,0,Light rain,Null
1763758,5913149,23868,,520402,0,0,0,2,0,West,2009/2010,LONGFORD ST,MOUNT WELLINGTON HIGHWAY,,Non-Injury Crash,No,2009,0,East,0,0,0,Flat,0,,0,,0,Dark,641501,0,0,0,2,0,0,0,0,1,,0,0,Auckland Region,Nil,2-way,Sealed,0,0,0,0,50,0,On,0,0,,76,Auckland,Nil,0,0,0,0,0,0,Urban,0,0,0,Fine,Null
1757433,5435240,23869,,569900,0,,0,2,,West,2008/2009,HECTOR ST,HUTT ROAD,,Non-Injury Crash,No,2009,,East,,0,,Flat,,,,,,Bright sun,2032300,0,0,0,2,,,0,,,,,,Wellington Region,Nil,2-way,Sealed,,0,0,,50,,Null,0,0,,46,Lower Hutt City,Nil,,,,,0,0,Urban,0,,,Fine,Null
1767315,5905100,23870,,524603,0,,0,2,,North,2005/2006,GREAT SOUTH ROAD,TE IRIRANGI DRIVE,,Non-Injury Crash,No,2006,,South,,0,,Flat,,,,,,Dark,780304,0,0,0,3,,,0,,,,,,Auckland Region,Nil,2-way,Sealed,,0,0,,50,,On,0,0,,76,Auckland,Nil,,,,,0,0,Urban,0,,,Fine,Null
1763273,5915010,23871,,520303,0,,0,2,,Null,2006/2007,ELLERSLIE-PANMURE HIGHWAY,HARRIS ROAD,,Non-Injury Crash,No,2006,,East,,0,,Flat,,,,,,Bright sun,626700,0,0,0,4,,,0,,,,,,Auckland Region,Nil,2-way,Sealed,,0,0,,50,,Off,0,0,,76,Auckland,Give way,,,,,0,0,Urban,0,,,Fine,Null
1801844,5814959,23872,,530200,0,,0,2,,Null,2005/2006,BRIDGE ST,GREY ST,,Non-Injury Crash,No,2006,,East,,0,,Flat,,,,,,Dark,892800,0,0,0,3,,,0,,,,,,Waikato Region,Nil,2-way,Sealed,,0,0,,50,,On,0,0,,16,Hamilton City,Traffic Signals,,,,,0,0,Urban,0,,,Fine,Null
1868959,5823170,23873,,536620,0,,0,1,,Null,2006/2007,MUNRO ROAD EAST,TE PUNA QUARRY ROAD,,Non-Injury Crash,No,2006,,South,,0,,Flat,,Labour Weekend,,,,Twilight,1189200,0,0,0,2,,,0,,,,,,Bay of Plenty Region,Nil,2-way,Sealed,,0,0,,100,,Off,0,0,,22,Western Bay of Plenty District,Nil,,,,,0,0,Open,0,,,Fine,Null
1748984,5935924,23874,,506300,0,,0,2,,Null,2006/2007,DAIRY FLAT HIGHWAY,COATESVILLE-RIVERHEAD HIG,,Minor Crash,No,2006,,North,,0,,Hill Road,,,,,,Dark,176003,1,0,0,2,,,0,,,,,,Auckland Region,Nil,2-way,Sealed,,0,0,,80,,On,1,0,,76,Auckland,Stop,,,,,0,0,Open,0,,,Fine,Null
1747557,5914651,23875,,511100,0,,0,3,,East,2006/2007,GREAT NORTH ROAD,GLENVIEW ROAD,,Non-Injury Crash,No,2006,,East,,0,,Hill Road,,,,,,Overcast,285202,0,0,0,2,,,0,,,,,,Auckland Region,Nil,2-way,Sealed,,0,0,,50,,Off,0,0,,76,Auckland,Nil,,,,,0,0,Urban,0,,,Fine,Null
1757158,5435528,23876,,569800,0,,0,2,,North,2005/2006,STANHOPE GROVE,LONDON ROAD,,Non-Injury Crash,No,2006,,South,,0,,Hill Road,,,,,,Bright sun,2035002,0,0,0,2,,,0,,,,,,Wellington Region,Nil,2-way,Sealed,,0,0,,50,,Null,0,0,,46,Lower Hutt City,Nil,,,,,0,0,Urban,0,,,Fine,Null
1766025,5900490,23877,,524821,0,,0,2,,Null,2006/2007,ROSCOMMON ROAD,ROSCOMMON ROAD,,Non-Injury Crash,No,2006,,East,,0,,Flat,,,,,,Overcast,774405,0,0,0,2,,,0,,,,,,Auckland Region,Nil,2-way,Sealed,,0,0,,50,,Off,0,0,,76,Auckland,Give way,,,,,0,0,Urban,0,,,Fine,Null
1858494,5743062,23878,,541334,0,0,0,1,1,South,2006/2007,TIROHANGA ROAD,TRAM ROAD,,Non-Injury Crash,No,2006,0,East,0,0,0,Hill Road,0,,0,,0,Bright sun,1276201,0,0,0,2,0,0,0,0,0,,0,0,Waikato Region,Nil,2-way,Sealed,0,0,0,0,100,0,Null,0,0,,21,Taupo District,Unknown,0,0,0,0,0,0,Open,0,0,0,Fine,Null
1877812,5822072,23879,,538102,0,,0,2,,Null,2005/2006,SEVENTEENTH AVENUE,CAMERON ROAD,,Non-Injury Crash,No,2006,,North,,0,,Flat,,,,,,Overcast,1170700,0,0,0,2,,,0,,,,,,Bay of Plenty Region,Nil,2-way,Sealed,,0,0,,50,,Null,0,0,,23,Tauranga City,Give way,,,,,0,0,Urban,0,,,Fine,Null
1755395,5929395,23880,,508510,0,,0,2,,North,2005/2006,SH 1N,TRISTRAM OBR,,Non-Injury Crash,Yes,2006,,South,,0,,Flat,,,,,,Bright sun,194300,0,0,0,2,,,0,,,,,,Auckland Region,Nil,1-way,Sealed,,0,0,,100,,Off,0,0,,76,Auckland,Nil,,,,,0,0,Open,0,,,Fine,Null
1804068,5543003,23881,,561422,0,0,0,0,0,West,2005/2006,SPEEDY ROAD,SH 1N,,Serious Crash,No,2006,0,East,0,0,1,Flat,0,,0,,0,Bright sun,1790500,0,0,0,2,0,0,0,0,0,,0,0,Manawatū-Whanganui Region,Nil,2-way,Sealed,0,0,1,0,100,0,Null,0,0,,39,Manawatu District,Nil,0,0,0,0,0,0,Open,1,0,0,Fine,Null
1797886,5814591,23882,,528601,0,,0,1,,Null,2006/2007,SH 23,DINSDALE ROAD,,Non-Injury Crash,No,2006,,East,,0,,Flat,,,,,,Bright sun,920800,0,0,0,2,,,0,,,,,,Waikato Region,Nil,2-way,Sealed,,0,0,,50,,Off,0,0,,16,Hamilton City,Give way,,,,,0,0,Urban,1,,,Fine,Null
1720079,6047470,23883,,502700,0,0,0,0,0,Null,2006/2007,NIXON ST,HATEA DRIVE,,Non-Injury Crash,No,2006,0,East,0,0,0,Flat,0,,0,,0,Overcast,92200,0,0,0,2,0,0,0,0,0,,0,1,Northland Region,Nil,2-way,Sealed,0,0,0,0,50,0,Off,0,0,,2,Whangarei District,Nil,0,0,0,0,0,0,Urban,1,0,0,Light rain,Null
1883241,5775403,23884,,539200,0,,0,2,,Null,2006/2007,SH 5,CLAYTON ROAD,,Non-Injury Crash,Yes,2006,,South,,0,,Flat,,,,,,Bright sun,1221600,0,0,0,6,,,0,,,,,,Bay of Plenty Region,Nil,2-way,Sealed,,0,0,,60,,Null,0,0,,24,Rotorua District,Traffic Signals,,,,,0,0,Urban,0,,,Fine,Null
1801274,5815014,23885,,529700,0,0,0,2,0,East,2009/2010,GRANTHAM ST,VICTORIA ST,,Non-Injury Crash,No,2009,0,East,0,0,0,Hill Road,0,,0,,0,Bright sun,912000,0,0,0,1,0,0,0,0,1,,0,0,Waikato Region,Nil,1-way,Sealed,0,0,0,0,50,0,Off,0,0,,16,Hamilton City,Nil,0,0,0,0,0,0,Urban,0,0,0,Fine,Null
1773130,5895228,23886,,525520,0,,0,2,,Null,2009/2010,OPAHEKE ROAD,SHORT ST,,Non-Injury Crash,No,2009,,North,,0,,Flat,,,,,,Bright sun,801800,0,0,0,2,,,0,,,,,,Auckland Region,Nil,2-way,Sealed,,0,0,,50,,Null,0,0,,76,Auckland,Give way,,,,,0,0,Urban,0,,,Fine,Null
1758721,5436405,23887,,569301,0,0,0,1,0,East,2008/2009,NORMANDALE ROAD,MIROMIRO ROAD,,Non-Injury Crash,No,2009,0,South,0,0,0,Hill Road,0,,0,,0,Overcast,1919900,0,0,0,2,0,0,0,0,0,,0,0,Wellington Region,Nil,2-way,Sealed,0,0,0,0,50,0,Null,0,0,,46,Lower Hutt City,Nil,0,1,0,0,0,0,Urban,0,0,0,Fine,Null
1769381,5889550,23888,,521122,0,0,0,1,0,East,2009/2010,SH 22,BLACKBRIDGE ROAD,,Non-Injury Crash,Yes,2009,0,West,0,0,0,Hill Road,1,,0,,0,Dark,812600,0,0,0,2,0,0,0,0,0,,0,0,Auckland Region,Nil,2-way,Sealed,0,0,0,0,100,0,None,0,0,,76,Auckland,Nil,0,0,0,0,0,0,Open,0,0,0,Fine,Null
1755656,5918323,23889,,515500,0,,0,2,,West,2009/2010,SH 16,NEWTON OBR,,Non-Injury Crash,Yes,2009,,East,,0,,Flat,,,,,,Overcast,419400,0,0,0,4,,,0,,,,,,Auckland Region,Nil,1-way,Sealed,,0,0,,100,,Off,0,0,,76,Auckland,Nil,,,,,0,0,Open,0,,,Light rain,Null
1753887,5915516,23890,,517702,0,,0,2,,Null,2009/2010,MOUNT ALBERT ROAD,OWAIRAKA AVENUE,,Non-Injury Crash,No,2009,,East,,0,,Flat,,,,,,Bright sun,542300,0,0,0,2,,,0,,,,,,Auckland Region,Nil,2-way,Sealed,,0,0,,50,,Null,0,0,,76,Auckland,Give way,,,,,0,0,Urban,0,,,Fine,Null
1762425,5918918,23891,,516400,0,,0,3,,East,2009/2010,KEPA ROAD,COATES AVENUE,,Non-Injury Crash,No,2009,,West,,0,,Hill Road,,,,,,Bright sun,497800,0,0,0,2,,,0,,,,,,Auckland Region,Nil,2-way,Sealed,,0,0,,50,,Off,1,0,,76,Auckland,Give way,,,,,0,0,Urban,0,,,Fine,Null
1763314,5920360,23892,,516500,0,,0,2,,South,2009/2010,PATTESON AVENUE,TAMAKI DRIVE,,Non-Injury Crash,No,2009,,North,,0,,Flat,,Labour Weekend,,,,Dark,500600,0,0,0,3,,,0,,,,,,Auckland Region,Nil,2-way,Sealed,,0,0,,50,,On,0,0,,76,Auckland,Nil,,,,,0,0,Urban,0,,,Fine,Null
1707291,5656562,23893,,552702,0,,0,2,,North,2009/2010,SH 3,SURREY ROAD,,Non-Injury Crash,Yes,2009,,North,,0,,Flat,,,,,,Overcast,1607400,0,0,0,2,,,0,,,,,,Taranaki Region,Nil,2-way,Sealed,,0,0,,100,,Null,0,0,30,33,New Plymouth District,Nil,,,,,0,0,Open,0,,,Fine,Null
1756030,5446265,23894,,571501,0,0,0,2,0,North,2009/2010,PAPAKOWHAI ROAD,WHITFORD BROWN AVENUE,,Non-Injury Crash,No,2009,0,North,0,0,1,Flat,0,,0,,0,Bright sun,2056601,0,0,0,2,0,0,0,0,0,,0,0,Wellington Region,Nil,2-way,Sealed,0,0,0,0,50,0,Null,0,0,,44,Porirua City,Nil,0,0,0,0,0,0,Urban,0,0,0,Fine,Null
1883452,5774525,23895,,539400,0,,0,1,,North,2009/2010,SH 5,PURURU ST,,Non-Injury Crash,Yes,2009,,North,,0,,Flat,,,,,,Overcast,1225100,0,0,0,5,,,0,,,,,,Bay of Plenty Region,Nil,2-way,Sealed,,0,0,,60,,Null,0,0,,24,Rotorua District,Give way,,,,,0,0,Urban,1,,,Fine,Null
1740831,5918862,23896,,513101,0,,0,3,,East,2009/2010,SWANSON ROAD,CHURCH ST,,Non-Injury Crash,No,2009,,East,,0,,Flat,,,,,,Bright sun,237901,0,0,0,2,,,0,,,,,,Auckland Region,Nil,2-way,Sealed,,0,0,,50,,Off,0,0,,76,Auckland,Nil,,,,,0,0,Urban,0,,,Fine,Null
1749006,5426284,23897,,573300,0,,0,1,,Null,2009/2010,SH 1N,ADELAIDE ROAD,,Non-Injury Crash,Yes,2009,,West,,0,,Flat,,,,,,Bright sun,2145602,0,0,0,2,,,0,,,,,,Wellington Region,Nil,2-way,Sealed,,0,0,,50,,Null,1,0,,47,Wellington City,Traffic Signals,,,,,0,0,Urban,0,,,Fine,Null
1498394,5138313,23898,,597820,0,0,0,1,0,Null,2009/2010,WATSON ST,RANGE ST,,Non-Injury Crash,No,2009,0,South,0,0,0,Flat,0,,0,,0,Twilight,2738500,0,0,0,2,0,0,0,0,0,,0,1,Canterbury Region,Nil,2-way,Sealed,0,0,0,0,50,0,Off,0,0,,63,Ashburton District,Nil,0,0,0,0,0,0,Urban,0,0,0,Fine,Null
1757514,5434529,23899,,570100,0,0,0,2,0,North,2009/2010,BRITANNIA ST,JACKSON ST,,Non-Injury Crash,No,2009,0,North,0,0,0,Flat,0,,0,,1,Bright sun,2031600,0,0,0,2,0,0,0,0,1,,0,1,Wellington Region,Nil,2-way,Sealed,0,0,0,0,50,0,Null,0,0,,46,Lower Hutt City,Nil,0,0,0,0,0,0,Urban,0,0,0,Fine,Null
1801033,5815635,23900,,529700,0,,0,2,,East,2006/2007,CLAUDELANDS ROAD,VICTORIA ST,,Non-Injury Crash,No,2006,,West,,0,,Flat,,,,,,Bright sun,911402,0,0,0,2,,,0,,,,,,Waikato Region,Bridge,2-way,Sealed,,0,0,,50,,Null,0,0,,16,Hamilton City,Unknown,,,,,0,0,Urban,0,,,Fine,Null