X,Y,OBJECTID,advisorySpeed,areaUnitID,bicycle,bridge,bus,carStationWagon,cliffBank,crashDirectionDescription,crashFinancialYear,crashLocation1,crashLocation2,crashRoadSideRoad,crashSeverity,crashSHDescription,crashYear,debris,directionRoleDescription,ditch,fatalCount,fence,flatHill,guardRail,holiday,houseOrBuilding,intersection,kerb,light,meshblockId,minorInjuryCount,moped,motorcycle,NumberOfLanes,objectThrownOrDropped,otherObject,otherVehicleType,overBank,parkedVehicle,pedestrian,phoneBoxEtc,postOrPole,region,roadCharacter,roadLane,roadSurface,roadworks,schoolBus,seriousInjuryCount,slipOrFlood,speedLimit,strayAnimal,streetLight,suv,taxi,temporarySpeedLimit,tlaId,tlaName,trafficControl,trafficIsland,trafficSign,train,tree,truck,unknownVehicleType,urban,vanOrUtility,vehicle,waterRiver,weatherA,weatherB
1751384,5947778,23901,,505807,0,,0,2,,West,2005/2006,HIBISCUS COAST HIGHWAY,RIVER ROAD,,Non-Injury Crash,No,2006,,East,,0,,Hill Road,,,,,,Overcast,172502,0,0,0,3,,,0,,,,,,Auckland Region,Nil,2-way,Sealed,,0,0,,50,,Null,0,0,,76,Auckland,Unknown,,,,,0,0,Urban,0,,,Fine,Null
1757624,5920843,23902,,514103,0,,0,2,,South,2006/2007,COMMERCE ST,CUSTOMS ST EAST,,Non-Injury Crash,No,2006,,North,,0,,Flat,,,,,,Twilight,438000,0,0,0,2,,,0,,,,,,Auckland Region,Nil,2-way,Sealed,,0,0,,50,,Off,0,0,,76,Auckland,Traffic Signals,,,,,0,0,Urban,0,,,Fine,Null
1892363,5782305,23903,,538820,0,,0,2,,North,2005/2006,SH 33,BANKSIA PLACE,,Minor Crash,Yes,2006,,South,,0,,Hill Road,,,,,,Twilight,1251606,1,0,0,2,,,0,,,,,,Bay of Plenty Region,Nil,2-way,Sealed,,0,0,,100,,None,0,0,,24,Rotorua District,Unknown,,,,,0,0,Open,0,,,Fine,Null
1746530,5916410,23904,,511601,0,,0,1,,North,2006/2007,GREAT NORTH ROAD,JAMES LAURIE ST,,Non-Injury Crash,No,2006,,North,,0,,Flat,,,,,,Bright sun,274505,0,0,0,4,,,0,,,,,,Auckland Region,Nil,2-way,Sealed,,0,0,,50,,Off,1,0,,76,Auckland,Nil,,,,,0,0,Urban,0,,,Fine,Null
1879226,5819760,23905,,537900,0,,0,1,,Null,2006/2007,SH 29,HAIRINI ST,,Non-Injury Crash,Yes,2006,,North,,0,,Flat,,,,,,Bright sun,1179506,0,0,0,2,,,0,,,,,,Bay of Plenty Region,Nil,2-way,Sealed,,0,0,,50,,Null,1,0,,23,Tauranga City,Give way,,,,,0,0,Urban,0,,,Fine,Null
1774630,5578246,23906,,557100,0,,0,2,,Null,2005/2006,DUBLIN ST,VICTORIA AVENUE,,Non-Injury Crash,No,2006,,East,,0,,Flat,,,,,,Bright sun,1699300,0,0,0,4,,,0,,,,,,Manawatū-Whanganui Region,Nil,2-way,Sealed,,0,0,,50,,Null,0,0,,37,Whanganui District,Traffic Signals,,,,,0,0,Urban,0,,,Fine,Null
1244440,4849120,23907,,611400,0,,0,1,,Null,2005/2006,TWEED ST,LINDISFARNE ST,,Minor Crash,No,2006,,South,,0,,Flat,,,,,,Dark,3143800,1,0,1,4,,,0,,,,,,Southland Region,Nil,2-way,Sealed,,0,0,,50,,On,0,0,,75,Invercargill City,Give way,,,,,0,0,Urban,0,,,Fine,Null
1884753,5773403,23908,,540420,0,,0,2,,West,2005/2006,VICTORIA ST,HEREWINI ST,,Non-Injury Crash,No,2006,,East,,0,,Flat,,,,,,Overcast,1236500,0,0,0,2,,,0,,,,,,Bay of Plenty Region,Nil,2-way,Sealed,,0,0,,50,,Null,0,0,,24,Rotorua District,Give way,,,,,0,0,Urban,0,,,Fine,Null
1755243,5920854,23909,,515202,0,,0,1,,Null,2005/2006,JERVOIS ROAD,SHELLY BEACH ROAD,,Minor Crash,No,2006,,East,,0,,Flat,,,,,,Dark,424500,1,0,0,5,,,0,,,,,,Auckland Region,Nil,2-way,Sealed,,0,0,,50,,On,1,0,,76,Auckland,Traffic Signals,,,,,0,0,Urban,0,,,Fine,Null
1749711,5430443,23910,,572900,0,,0,2,,North,2005/2006,SH 1N,AOTEA OFF SBD,,Non-Injury Crash,Yes,2006,,South,,0,,Flat,,,,,,Dark,2118400,0,0,0,3,,,0,,,,,,Wellington Region,Nil,2-way,Sealed,,0,0,,100,,On,0,0,,47,Wellington City,Nil,,,,,0,0,Open,0,,,Fine,Strong wind
1763002,5919017,23911,,516500,0,,0,2,,South,2006/2007,Z CPK EASTRIDGE SC,KEPA ROAD,,Non-Injury Crash,No,2006,,East,,0,,Flat,,,,,,Dark,502202,0,0,0,0,,,0,,,,,,Auckland Region,Nil,Off road,Sealed,,0,0,,30,,On,0,0,,76,Auckland,Nil,,,,,0,0,Urban,0,,,Fine,Null
1739959,5925719,23912,,505700,0,0,0,2,1,Null,2005/2006,TAUPAKI ROAD,BROOKVALE LANE,,Non-Injury Crash,No,2006,0,South,0,0,0,Hill Road,0,,0,,0,Bright sun,216300,0,0,0,2,0,0,0,0,0,,0,0,Auckland Region,Nil,2-way,Sealed,0,0,0,0,70,0,None,0,0,,76,Auckland,Nil,0,0,0,0,0,0,Urban,1,0,0,Fine,Null
1860345,5542035,23913,,549800,0,0,0,0,0,West,2006/2007,SH 2,WI DUNCAN ROAD,,Serious Crash,Yes,2006,0,North,0,0,0,Flat,1,,0,,0,Bright sun,1538500,0,0,0,2,0,0,0,0,0,,0,1,Manawatū-Whanganui Region,Rail xing,2-way,Sealed,0,0,2,0,100,0,Null,1,0,,41,Tararua District,Nil,0,1,0,0,0,0,Open,0,0,0,Fine,Strong wind
1755684,5921214,23914,,515202,0,,0,1,,North,2005/2006,SH 1N,FANSHAWE ON NBD,,Serious Crash,Yes,2006,,North,,0,,Flat,,,,,,Overcast,425600,0,0,1,4,,,0,,,,,,Auckland Region,Nil,1-way,Sealed,,0,1,,80,,Off,0,0,,76,Auckland,Nil,,,,,0,0,Open,0,,,Fine,Null
1755633,5922399,23915,,515202,0,,0,1,,North,2009/2010,SH 1N,TOP OF HARBOUR BRIDGE,,Non-Injury Crash,Yes,2009,,South,,0,,Hill Road,,,,,,Bright sun,423600,0,0,2,4,,,0,,,,,,,Bridge,1-way,Sealed,,0,0,,80,,Off,0,0,,76,Auckland,Nil,,,,,0,0,Open,0,,,Fine,Null
1793442,5500975,23916,,564210,0,,0,2,,Null,2009/2010,BRISTOL ST,EXETER ST,,Non-Injury Crash,No,2009,,South,,0,,Hill Road,,,,,,Dark,1864800,0,0,0,2,,,0,,,,,,Manawatū-Whanganui Region,Nil,2-way,Sealed,,0,0,,50,,On,0,0,,42,Horowhenua District,Give way,,,,,0,0,Urban,0,,,Fine,Null
1618083,5425139,23917,,581715,0,,0,2,,Null,2008/2009,MAIN ROAD STOKE,SAXTON ROAD,,Non-Injury Crash,No,2009,,North,,0,,Flat,,,,,,Overcast,2359404,0,0,0,2,,,0,,,,,,Nelson Region,Nil,2-way,Sealed,,0,0,,70,,Null,0,0,,52,Nelson City,Give way,,,,,0,0,Urban,0,,,Light rain,Null
1755418,5921287,23918,35,515202,0,0,0,1,0,Null,2009/2010,SHELLY BEACH ROAD,EMMETT ST,,Non-Injury Crash,No,2009,0,North,0,0,0,Hill Road,0,,0,,0,Dark,424400,0,0,0,2,0,0,0,0,0,,0,0,Auckland Region,Nil,2-way,Sealed,0,0,0,0,50,0,On,0,1,,76,Auckland,Stop,1,0,0,0,0,0,Urban,0,0,0,Light rain,Null
1298706,5004898,23919,,608600,0,0,0,2,0,North,2009/2010,SH 6,MCNULTY ROAD,,Non-Injury Crash,Yes,2009,0,South,1,0,0,Flat,0,,0,,0,Bright sun,3031304,0,0,0,2,0,0,0,0,0,,0,0,Otago Region,Nil,2-way,Sealed,0,0,0,0,100,0,Null,0,0,,69,Central Otago District,Unknown,0,0,0,0,0,0,Open,0,0,0,Fine,Null
1753560,5438589,23920,,573511,0,,0,2,,South,2008/2009,SH 1N,TAWA OFF NBD,,Non-Injury Crash,Yes,2009,,North,,0,,Flat,,,,,,Overcast,2086201,0,0,0,2,,,0,,,,,,Wellington Region,Nil,1-way,Sealed,,0,0,,100,,Null,0,0,,47,Wellington City,Nil,,,,,0,0,Open,0,,,Fine,Null
1723492,6041194,23921,,504100,0,0,0,2,0,West,2008/2009,HANDFORTH ST,CHURCH ST,,Non-Injury Crash,No,2009,0,East,0,0,1,Flat,0,,1,,0,Bright sun,112400,0,0,0,2,0,0,0,0,0,,0,0,Northland Region,Nil,2-way,Sealed,0,0,0,0,50,0,Off,0,0,,2,Whangarei District,Nil,0,0,0,0,0,0,Urban,0,0,0,Fine,Null
1768077,5881054,23922,,525921,0,0,0,1,0,Null,2005/2006,HELVETIA ROAD,VICTORIA ST,,Minor Crash,No,2006,0,West,0,0,1,Flat,0,,1,,0,Bright sun,821001,2,0,0,2,0,0,0,0,0,,0,0,Auckland Region,Nil,2-way,Sealed,0,0,0,0,50,0,Off,0,0,,76,Auckland,Stop,0,0,0,0,0,0,Urban,0,0,0,Fine,Null
1757308,5920451,23923,,514102,0,,1,0,,Null,2006/2007,VICTORIA ST WEST,ELLIOTT ST,,Minor Crash,No,2006,,East,,0,,Hill Road,,,,,,Overcast,434000,1,0,0,4,,,0,,,1,,,Auckland Region,Nil,2-way,Sealed,,0,0,,50,,Off,0,0,,76,Auckland,Nil,,,,,0,0,Urban,0,,,Fine,Null
1879104,5780875,23924,,538863,0,0,1,1,0,North,2006/2007,SH 5,DANSEY ROAD,,Fatal Crash,Yes,2006,0,South,0,2,0,Flat,0,,0,,0,Bright sun,1265308,1,0,0,2,0,0,0,0,0,,0,0,Bay of Plenty Region,Nil,2-way,Sealed,0,0,0,0,100,0,None,0,0,,24,Rotorua District,Nil,0,0,0,2,0,0,Open,0,0,0,Fine,Null
1930935,5613540,23925,,545831,0,,0,2,,Null,2006/2007,SH 50,SH 50A,,Serious Crash,Yes,2006,,North,,0,,Flat,,,,,,Overcast,1404600,1,0,0,2,,,0,,,,,,Hawke's Bay Region,Nil,2-way,Sealed,,0,1,,100,,Null,0,0,,30,Hastings District,Give way,,,,,0,0,Open,0,,,Fine,Null
1750135,5915193,23926,,514802,0,,0,1,,West,2006/2007,ASH ST,SANDY LANE,,Minor Crash,No,2006,,East,,0,,Flat,,,,,,Dark,386903,3,0,0,4,,,0,,,,,,Auckland Region,Nil,2-way,Sealed,,0,0,,50,,On,0,0,,76,Auckland,Nil,,,,,1,0,Urban,0,,,Fine,Null
1770780,5895233,23927,,521201,0,0,0,1,0,North,2005/2006,PARAREKAU ROAD,HINGAIA ROAD,,Minor Crash,No,2006,0,South,0,0,0,Flat,0,,0,,0,Dark,806604,1,0,0,2,0,0,0,0,0,,0,0,Auckland Region,Nil,2-way,Sealed,0,0,0,0,50,0,None,0,0,,76,Auckland,Nil,0,0,0,1,0,0,Urban,0,0,0,Fine,Null
1767909,5910760,23928,,523112,0,0,0,0,0,West,2005/2006,STONEDON DRIVE,CRYERS ROAD,,Minor Crash,No,2006,0,East,0,0,0,Flat,0,,0,,0,Overcast,711405,1,0,0,2,0,1,0,0,0,,0,0,Auckland Region,Nil,2-way,Sealed,0,0,0,0,50,0,Off,0,0,,76,Auckland,Nil,0,0,0,0,2,0,Urban,0,0,0,Heavy rain,Null
1761697,5909256,23929,,524404,1,,0,1,,East,2005/2006,FAVONA ROAD,NORANA AVENUE,,Minor Crash,No,2006,,East,,0,,Flat,,,,,,Dark,730602,1,0,0,2,,,0,,,,,,Auckland Region,Nil,2-way,Sealed,,0,0,,60,,On,0,0,,76,Auckland,Nil,,,,,0,0,Urban,0,,,Light rain,Null
1761364,5914259,23930,,520202,0,,0,1,,Null,2006/2007,GT SOUTH LINK,PENROSE INT,,Non-Injury Crash,Yes,2006,,West,,0,,Flat,,,,,,Bright sun,612300,0,0,0,2,,,0,,,,,,Auckland Region,Nil,1-way,Sealed,,0,0,,50,,Off,0,0,,76,Auckland,Give way,,,,,1,0,Urban,0,,,Fine,Null
1755002,5932976,23931,,508805,0,,0,1,,North,2006/2007,EAST COAST ROAD,SUNRISE AVENUE,,Non-Injury Crash,No,2006,,North,,0,,Flat,,,,,,Bright sun,180876,0,0,0,3,,,0,,,,,,Auckland Region,Nil,2-way,Sealed,,0,0,,50,,Off,0,0,,76,Auckland,Nil,,,,,0,0,Urban,1,,,Fine,Null
1757434,5920599,23932,,514102,0,,0,2,,Null,2006/2007,QUEEN ST,WYNDHAM ST,,Non-Injury Crash,No,2006,,North,,0,,Flat,,,,,,Dark,433503,0,0,0,4,,,0,,,,,,Auckland Region,Nil,2-way,Sealed,,0,0,,50,,On,0,0,,76,Auckland,Traffic Signals,,,,,0,0,Urban,0,,,Fine,Null
1766802,5912784,23933,,522910,0,,1,0,,South,2005/2006,TI RAKAU DRIVE,REEVES ROAD,,Non-Injury Crash,No,2006,,North,,0,,Flat,,,,,,Bright sun,684000,0,0,0,4,,,0,,,,,,Auckland Region,Nil,2-way,Sealed,,0,0,,60,,Off,0,0,,76,Auckland,Nil,,,,,1,0,Urban,0,,,Fine,Null
1935866,5790368,23934,,542200,0,0,0,1,0,West,2005/2006,PURIRI CRESCENT,TAWHARA PLACE,,Non-Injury Crash,No,2006,0,North,0,0,0,Flat,0,,0,,0,Twilight,1320403,0,0,0,2,0,0,0,0,0,,0,0,Bay of Plenty Region,Nil,2-way,Sealed,0,0,0,0,50,0,Off,0,0,,25,Whakatane District,Unknown,0,0,0,1,0,0,Urban,0,0,0,Fine,Null
1780568,5486174,23935,,564400,0,0,0,1,0,Null,2005/2006,AOTAKI ST,WAERENGA ROAD,,Minor Crash,No,2006,0,North,0,0,0,Flat,0,,0,,0,Dark,1881600,1,0,0,2,0,0,0,0,0,,0,1,Wellington Region,Nil,2-way,Sealed,0,0,0,0,50,0,On,0,0,,43,Kapiti Coast District,Nil,0,0,0,0,0,0,Urban,0,0,0,Fine,Null
1760076,5915999,23936,,516002,0,0,0,1,0,North,2006/2007,SH 1N,GREENLANE INT N,,Non-Injury Crash,Yes,2006,0,South,0,0,0,Flat,1,,0,,0,Bright sun,492100,0,0,0,3,0,0,0,0,0,,0,0,Auckland Region,Nil,1-way,Sealed,0,0,0,0,100,0,Off,0,0,,76,Auckland,Nil,0,0,0,0,0,0,Open,0,0,0,Fine,Null
1916976,5738083,23937,,542550,0,0,0,1,1,West,2005/2006,SH 38,KOPURIKI ROAD,,Non-Injury Crash,Yes,2006,0,West,0,0,0,Hill Road,0,,0,,0,Bright sun,1330101,0,0,0,2,0,0,0,0,0,,0,0,Bay of Plenty Region,Nil,2-way,Sealed,0,0,0,0,100,0,Null,0,0,,25,Whakatane District,Unknown,0,0,0,0,0,0,Open,0,0,0,Fine,Frost
1768710,5900997,23938,,525001,0,,0,2,,South,2006/2007,Z CPK SOUTHMALL SC,STATION ROAD,,Non-Injury Crash,No,2006,,East,,0,,Flat,,,,,,Dark,751600,0,0,0,1,,,0,,,,,,Auckland Region,Nil,Off road,Sealed,,0,0,,50,,On,0,0,,76,Auckland,Nil,,,,,0,0,Urban,0,,,Fine,Null
1730832,6019828,23939,,501815,0,,0,0,,North,2005/2006,SH 1N,NOVA SCOTIA DRIVE,,Non-Injury Crash,Yes,2006,,North,,0,,Flat,,,,,,Overcast,80200,0,0,0,2,,,0,,,,,,Northland Region,Nil,2-way,Sealed,,0,0,,100,,None,1,0,,2,Whangarei District,Nil,,,,,0,0,Open,1,,,Light rain,Strong wind
1474207,5266736,23940,,585315,0,0,0,1,1,East,2006/2007,SH 73,HARLEY CRK BR,,Minor Crash,Yes,2006,0,West,1,0,0,Flat,0,Christmas New Year,0,,0,Overcast,2422800,1,0,0,2,0,0,0,0,0,,0,0,West Coast Region,Nil,2-way,Sealed,0,0,0,0,100,0,Null,0,0,,57,Westland District,Unknown,0,0,0,0,0,0,Open,0,0,0,Light rain,Null
1743869,5926728,23941,,513410,0,0,0,1,0,South,2006/2007,MAMARI ROAD,BRIGHAM CREEK ROAD,,Minor Crash,No,2006,0,South,0,0,1,Flat,0,,0,,0,Dark,223200,1,0,0,2,0,0,0,0,0,,0,0,Auckland Region,Nil,2-way,Sealed,0,0,0,0,50,0,None,0,0,,76,Auckland,Nil,0,0,0,0,0,0,Urban,0,0,0,Fine,Null
1743793,5923815,23942,,513511,0,,0,0,,South,2005/2006,Z CPK WESTGATE SC,SH 16,,Non-Injury Crash,No,2006,,South,,0,,Flat,,,,,,Bright sun,224306,0,0,0,0,,,0,,,,,,Auckland Region,Nil,Off road,Sealed,,0,0,,50,,Off,1,0,,76,Auckland,Nil,,,,,0,0,Urban,1,,,Fine,Null
1799935,5813048,23943,,529100,0,,0,1,,Null,2005/2006,SH 1N,ALISON ST,,Non-Injury Crash,Yes,2006,,East,,0,,Flat,,,,,,Overcast,930401,0,0,0,2,,,0,,,,,,Waikato Region,Nil,2-way,Sealed,,0,0,,60,,Null,0,0,,16,Hamilton City,Stop,,,,,0,0,Urban,1,,,Fine,Null
1757600,5918569,23944,,514302,0,,0,2,,South,2006/2007,BOSTON ROAD,KHYBER PASS ROAD,,Non-Injury Crash,No,2006,,North,,0,,Flat,,Christmas New Year,,,,Overcast,442100,0,0,0,3,,,0,,,,,,Auckland Region,Nil,2-way,Sealed,,0,0,,50,,Off,0,0,,76,Auckland,Traffic Signals,,,,,0,0,Urban,0,,,Light rain,Null
1756176,5927631,23945,,507900,0,,0,3,,North,2006/2007,SH 1N,NORTHCOTE OBR,,Minor Crash,Yes,2006,,North,,0,,Flat,,,,,,Bright sun,305201,1,0,0,3,,,0,,,,,,Auckland Region,Nil,1-way,Sealed,,0,0,,100,,Off,0,0,,76,Auckland,Nil,,,,,0,0,Open,0,,,Fine,Null
1747882,5912507,23946,,511901,0,,0,2,,West,2005/2006,ATKINSON ROAD,NORMAN ROAD,,Serious Crash,No,2006,,East,,0,,Hill Road,,,,,,Dark,294401,2,0,0,2,,,0,,,,,,Auckland Region,Nil,2-way,Sealed,,0,1,,50,,On,0,0,,76,Auckland,Give way,,,,,0,0,Urban,0,,,Fine,Null
1689346,6084481,23947,,501633,0,,0,2,,Null,2006/2007,SH 1N,MARSHALL ROAD S,,Serious Crash,Yes,2006,,South,,0,,Flat,,,,,,Dark,36301,0,0,0,2,,,0,,,,,,Northland Region,Nil,2-way,Sealed,,0,2,,100,,None,0,0,,1,Far North District,Nil,,,,,0,0,Open,0,,,Fine,Null
1808631,5791829,23948,,527934,0,0,0,1,0,East,2006/2007,WOODSTOCK ROAD,COULTER ROAD,,Serious Crash,No,2006,0,South,0,0,1,Flat,1,,0,,0,Bright sun,986700,0,0,0,2,0,0,0,0,0,,0,0,Waikato Region,Nil,2-way,Sealed,0,0,1,0,100,0,Null,0,0,,17,Waipa District,Unknown,0,0,0,0,0,0,Open,0,0,1,Fine,Null
1767971,5904393,23949,,524604,0,0,0,3,0,North,2006/2007,SH 1N,MANUKAU OFF NBD,,Minor Crash,Yes,2006,0,North,0,0,0,Flat,1,,0,,0,Bright sun,780302,1,0,0,6,0,0,0,0,0,,0,0,Auckland Region,Nil,2-way,Sealed,0,0,0,0,100,0,Off,0,0,,76,Auckland,Nil,0,0,0,0,0,0,Open,0,0,0,Fine,Null
1243468,4850583,23950,,610800,0,,0,3,,South,2006/2007,QUEENS DRIVE,ST ANDREW ST,,Minor Crash,No,2006,,South,,0,,Flat,,,,,,Overcast,3117000,2,0,0,4,,,0,,,,,,Southland Region,Nil,2-way,Sealed,,0,0,,50,,Null,0,0,,75,Invercargill City,Unknown,,,,,0,0,Urban,0,,,Light rain,Null
1678754,6018803,23951,,504501,0,1,0,1,0,South,2006/2007,POUTO ROAD,ANZAC ST,,Minor Crash,No,2006,0,South,0,0,0,Flat,0,,0,,0,Dark,124300,1,0,0,2,0,0,0,0,0,,0,0,Northland Region,Nil,2-way,Sealed,0,0,0,0,100,0,None,0,0,,3,Kaipara District,Nil,0,0,0,0,0,0,Open,0,0,0,Fine,Null
1751453,5950300,23952,,505805,0,,0,0,,West,2006/2007,WEST HOE ROAD,HIBISCUS COAST HIGHWAY,,Serious Crash,No,2006,,West,,0,,Flat,,,,,,Overcast,171601,0,0,0,1,,,0,,,1,,,Auckland Region,Nil,2-way,Sealed,,0,1,,50,,Off,0,0,,76,Auckland,Traffic Signals,,,,,1,0,Urban,0,,,Light rain,Null
1755643,5930767,23953,,508510,0,0,0,1,0,Null,2005/2006,BLAKEBOROUGH DRIVE,SUNNYNOOK ROAD,,Minor Crash,No,2006,0,North,0,0,0,Hill Road,0,,1,,0,Dark,192900,1,0,0,2,0,0,0,0,1,,0,0,Auckland Region,Nil,2-way,Sealed,0,0,0,0,50,0,On,0,0,,76,Auckland,Give way,0,0,0,1,0,0,Urban,1,0,0,Fine,Null
1732453,5948655,23954,,506646,0,,0,2,,Null,2005/2006,SH 16,MCLACHLAN ROAD,,Minor Crash,Yes,2006,,North,,0,,Hill Road,,Christmas New Year,,,,Bright sun,212503,2,0,0,2,,,0,,,,,,Auckland Region,Nil,2-way,Sealed,,0,0,,100,,None,0,0,,76,Auckland,Give way,,,,,0,0,Open,0,,,Fine,Null
1753904,5915505,23955,,517702,0,,0,2,,South,2005/2006,MOUNT ALBERT ROAD,OWAIRAKA AVENUE,,Serious Crash,No,2006,,South,,0,,Flat,,,,,,Bright sun,542300,1,0,0,2,,,0,,,,,,Auckland Region,Nil,2-way,Sealed,,0,1,,50,,Off,0,0,,76,Auckland,Nil,,,,,0,0,Urban,1,,,Fine,Null
1796944,5810456,23956,85,527914,0,0,0,1,0,Null,2005/2006,COLLINS ROAD,OREGAN ROAD,,Serious Crash,No,2006,0,West,0,0,1,Flat,0,,0,,0,Bright sun,979804,0,0,0,2,0,0,0,0,0,,0,0,Waikato Region,Nil,2-way,Sealed,0,0,1,0,100,0,Null,0,0,,17,Waipa District,Nil,0,0,0,0,0,0,Open,0,0,0,Fine,Null
1767437,5904926,23957,,524604,0,,0,2,,Null,2006/2007,GREAT SOUTH ROAD,CAVENDISH DRIVE,,Minor Crash,No,2006,,North,,0,,Flat,,,,,,Overcast,780302,1,0,0,3,,,0,,,,,,Auckland Region,Nil,2-way,Sealed,,0,0,,50,,Off,0,0,,76,Auckland,Traffic Signals,,,,,0,0,Urban,0,,,Fine,Null
1743514,5923706,23958,,513511,0,,0,2,,Null,2005/2006,CELLAR COURT,ASTI LANE,,Minor Crash,No,2006,,East,,0,,Flat,,Easter,,,,Bright sun,224306,1,0,0,2,,,0,,,,,,Auckland Region,Nil,2-way,Sealed,,0,0,,50,,Off,0,0,,76,Auckland,Nil,,,,,0,0,Urban,0,,,Fine,Null
1681209,6097242,23959,,501633,0,0,0,1,0,East,2006/2007,WIROA ROAD,LODORE ROAD,,Minor Crash,No,2006,0,East,1,0,0,Flat,0,,0,,0,Bright sun,34101,4,0,0,2,0,0,0,0,0,,0,0,Northland Region,Nil,2-way,Sealed,0,0,0,0,100,0,None,0,0,,1,Far North District,Nil,0,0,0,0,0,0,Open,0,0,0,Fine,Null
1755123,5921239,23960,,515202,0,,0,5,,South,2005/2006,CURRAN ST,EMMETT ST,,Minor Crash,No,2006,,North,,0,,Hill Road,,,,,,Dark,424300,1,0,0,1,,,0,,,,,,Auckland Region,Nil,2-way,Sealed,,0,0,,50,,On,0,0,,76,Auckland,Nil,,,,,0,0,Urban,0,,,Light rain,Null
1755715,5922548,23961,,509800,0,,0,2,,North,2005/2006,SH 1N,SHELLY BEACH OBR,,Minor Crash,Yes,2006,,South,,0,,Flat,,,,,,Dark,359300,1,0,0,4,,,0,,,,,,,Nil,1-way,Sealed,,0,0,,80,,On,0,0,,76,Auckland,Nil,,,,,0,0,Open,0,,,Fine,Null
1755039,5911460,23962,,519002,0,,0,2,,East,2006/2007,HILLSBOROUGH ROAD,HIBISCUS PLACE,,Minor Crash,No,2006,,East,,0,,Hill Road,,,,,,Bright sun,592101,2,0,0,2,,,0,,,,,,Auckland Region,Nil,2-way,Sealed,,0,0,,50,,Off,0,0,,76,Auckland,Nil,,,,,0,0,Urban,0,,,Light rain,Null
1769107,5915468,23963,,522730,0,0,0,1,0,South,2005/2006,PRINCE REGENT DRIVE,IMOGENE WAY,,Minor Crash,No,2006,0,South,0,0,1,Flat,0,,0,,0,Bright sun,679809,1,0,0,2,0,0,0,0,0,,0,1,Auckland Region,Nil,2-way,Sealed,0,0,0,0,50,0,None,0,0,,76,Auckland,Nil,0,0,0,1,0,0,Urban,0,0,0,Fine,Null
1754702,5933177,23964,,508804,0,,0,2,,East,2005/2006,ROSEDALE ROAD,GRAHAM COLLINS DRIVE,,Minor Crash,No,2006,,East,,0,,Hill Road,,,,,,Twilight,156002,1,0,0,2,,,0,,,,,,Auckland Region,Nil,2-way,Sealed,,0,0,,50,,Off,0,0,,76,Auckland,Unknown,,,,,0,0,Urban,0,,,Fine,Null
1762058,5916072,23965,,516003,0,0,0,2,0,West,2005/2006,ABBOTTS WAY,GRAND DRIVE,,Minor Crash,No,2006,0,West,0,0,0,Flat,0,,0,,0,Overcast,494700,1,0,0,2,0,0,0,0,1,,0,0,Auckland Region,Nil,2-way,Sealed,0,0,0,0,50,0,Null,0,0,,76,Auckland,Unknown,0,0,0,0,0,0,Urban,0,0,0,Fine,Null
1766496,5901237,23966,,524711,0,,0,2,,West,2005/2006,BURBANK AVENUE,ROWANDALE AVENUE,,Minor Crash,No,2006,,East,,0,,Flat,,,,,,Twilight,774802,1,0,0,1,,,0,,,,,,Auckland Region,Nil,2-way,Sealed,,0,0,,50,,On,0,0,,76,Auckland,Give way,,,,,0,0,Urban,0,,,Fine,Null
1753875,5946549,23967,,505906,0,,0,2,,Null,2005/2006,VIPOND ROAD,DUNCANSBY ROAD,,Fatal Crash,No,2006,,East,,1,,Hill Road,,,,,,Bright sun,173201,0,0,0,2,,,0,,,,,,Auckland Region,Nil,2-way,Sealed,,0,1,,50,,Off,0,0,,76,Auckland,Nil,,,,,0,0,Urban,0,,,Fine,Null
1687488,6092884,23968,,501633,0,,0,1,,Null,2005/2006,SH 10,SH 11,,Minor Crash,Yes,2006,,South,,0,,Flat,,,,,,Bright sun,35800,3,0,0,2,,,0,,,,,,Northland Region,Nil,2-way,Sealed,,0,0,,100,,Off,0,0,,1,Far North District,Stop,,,,,0,0,Open,1,,,Fine,Null
1751319,5939339,23969,,506003,0,,0,1,,South,2006/2007,EAST COAST ROAD,BAWDEN ROAD,,Serious Crash,No,2006,,South,,0,,Flat,,,,,,Bright sun,175818,1,0,1,2,,,0,,,,,,Auckland Region,Nil,2-way,Sealed,,0,1,,100,,None,0,0,,76,Auckland,Nil,,,,,0,0,Open,0,,,Fine,Null
1751119,5913919,23970,,514402,0,,0,1,,Null,2006/2007,WOLVERTON ST,ST GEORGES ROAD,,Serious Crash,No,2006,,East,,0,,Flat,,,,,,Dark,379402,0,0,0,4,,,0,,,1,,,Auckland Region,Nil,2-way,Sealed,,0,1,,50,,On,0,0,,76,Auckland,Traffic Signals,,,,,0,0,Urban,0,,,Fine,Null
1732213,5959399,23971,,506613,0,0,0,0,0,East,2005/2006,WEST COAST ROAD,SH 16,,Serious Crash,No,2006,0,East,0,0,1,Hill Road,0,,0,,0,Overcast,146400,0,0,1,2,0,0,0,0,0,,0,0,Auckland Region,Nil,2-way,Sealed,0,0,1,0,100,0,None,0,0,,76,Auckland,Nil,0,0,0,0,0,0,Open,0,0,0,Fine,Null