X,Y,OBJECTID,advisorySpeed,areaUnitID,bicycle,bridge,bus,carStationWagon,cliffBank,crashDirectionDescription,crashFinancialYear,crashLocation1,crashLocation2,crashRoadSideRoad,crashSeverity,crashSHDescription,crashYear,debris,directionRoleDescription,ditch,fatalCount,fence,flatHill,guardRail,holiday,houseOrBuilding,intersection,kerb,light,meshblockId,minorInjuryCount,moped,motorcycle,NumberOfLanes,objectThrownOrDropped,otherObject,otherVehicleType,overBank,parkedVehicle,pedestrian,phoneBoxEtc,postOrPole,region,roadCharacter,roadLane,roadSurface,roadworks,schoolBus,seriousInjuryCount,slipOrFlood,speedLimit,strayAnimal,streetLight,suv,taxi,temporarySpeedLimit,tlaId,tlaName,trafficControl,trafficIsland,trafficSign,train,tree,truck,unknownVehicleType,urban,vanOrUtility,vehicle,waterRiver,weatherA,weatherB
1736800,5982082,23972,,505300,0,,0,1,,South,2006/2007,SH 1N,SH 16,,Fatal Crash,Yes,2006,,South,,1,,Flat,,,,,,Bright sun,143600,1,0,0,2,,,0,,,,,,Auckland Region,Nil,2-way,Sealed,,0,0,,50,,Off,0,0,,76,Auckland,Nil,,,,,1,0,Urban,0,,,Fine,Null
1748235,5914016,23973,,511700,0,0,0,0,0,Null,2006/2007,GREAT NORTH ROAD,WEST COAST ROAD,,Minor Crash,No,2006,0,North,0,0,1,Flat,0,,0,,0,Dark,270201,4,0,0,4,0,0,0,0,0,,0,0,Auckland Region,Nil,2-way,Sealed,0,0,0,0,50,0,On,1,0,,76,Auckland,Give way,0,0,0,0,0,0,Urban,0,0,0,Light rain,Null
1758857,5911497,23974,,519820,0,,0,2,,South,2005/2006,SH 20,ONEHUNGA ON SBD,,Minor Crash,Yes,2006,,South,,0,,Flat,,,,,,Bright sun,602402,1,0,0,2,,,0,,,,,,Auckland Region,Nil,1-way,Sealed,,0,0,,100,,Off,0,0,,76,Auckland,Nil,,,,,0,0,Open,0,,,Fine,Null
1882104,5827824,23975,,536821,0,0,0,1,0,Null,2005/2006,MAUNGANUI ROAD,HULL ROAD,,Serious Crash,No,2006,0,North,0,0,0,Flat,0,Queens Birthday,0,,1,Dark,1197400,0,0,0,2,0,0,0,0,0,,0,1,Bay of Plenty Region,Nil,2-way,Sealed,0,0,1,0,50,0,On,0,0,,23,Tauranga City,Traffic Signals,0,0,0,0,0,0,Urban,0,0,0,Fine,Null
1883379,5825165,23976,,536831,0,0,0,1,0,West,2006/2007,MATAPIHI ROAD,SH 29,,Fatal Crash,No,2006,0,East,0,1,0,Flat,0,,0,,0,Dark,1205102,0,0,0,2,0,0,0,0,0,,0,1,Bay of Plenty Region,Nil,2-way,Sealed,0,0,0,0,50,0,On,0,0,,23,Tauranga City,Nil,0,0,0,0,0,0,Urban,0,0,0,Fine,Null
1748300,5426947,23977,,573101,0,,0,2,,Null,2005/2006,WILLIS ST,ABEL SMITH ST,,Minor Crash,No,2006,,South,,0,,Flat,,,,,,Overcast,2131900,1,0,0,2,,,0,,,,,,Wellington Region,Nil,2-way,Sealed,,0,0,,50,,Null,0,0,,47,Wellington City,Stop,,,,,0,0,Urban,0,,,Fine,Null
1799284,5817379,23978,,528700,0,,0,2,,Null,2006/2007,TE RAPA ROAD,FOREST LAKE ROAD,,Minor Crash,No,2006,,South,,0,,Flat,,,,,,Dark,901000,1,0,0,4,,,0,,,,,,Waikato Region,Nil,2-way,Sealed,,0,0,,100,,On,0,0,,16,Hamilton City,Traffic Signals,,,,,0,0,Open,0,,,Fine,Null
1884896,5773020,23979,,540510,0,,0,2,,Null,2006/2007,SEDDON ST,LYTTON ST,,Minor Crash,No,2006,,East,,0,,Flat,,,,,,Bright sun,1241400,1,0,0,2,,,0,,,,,,Bay of Plenty Region,Nil,2-way,Sealed,,0,0,,50,,Off,0,0,,24,Rotorua District,Stop,,,,,0,0,Urban,0,,,Fine,Null
1757760,5434242,23980,,570000,0,,0,1,,Null,2005/2006,BOLTON ST,BOLTON ROAD,,Minor Crash,No,2006,,South,,0,,Flat,,,,,,Overcast,2027200,2,0,0,2,,,0,,,,,,Wellington Region,Nil,2-way,Sealed,,0,0,,50,,Null,0,0,,46,Lower Hutt City,Give way,,,,,0,0,Urban,1,,,Fine,Null
1741630,5911502,23981,,512902,0,0,0,1,0,Null,2005/2006,RAROA TERRACE,WEST COAST ROAD,,Minor Crash,No,2006,0,South,0,0,0,Hill Road,0,,0,,0,Overcast,279202,1,0,0,2,0,0,0,1,0,,0,0,Auckland Region,Nil,2-way,Sealed,0,0,0,0,50,0,Off,0,0,,76,Auckland,Nil,0,0,0,0,0,0,Urban,0,0,0,Fine,Null
1930935,5613540,23982,,545831,0,,0,2,,Null,2006/2007,SH 50,SH 50A,,Minor Crash,Yes,2006,,North,,0,,Flat,,,,,,Twilight,1404600,1,0,0,2,,,0,,,,,,Hawke's Bay Region,Nil,2-way,Sealed,,0,0,,100,,Off,0,0,,30,Hastings District,Give way,,,,,0,0,Open,0,,,Fine,Null
1748614,5969025,23983,,505500,0,,0,1,,Null,2005/2006,SH 1N,WECH DRIVE S,,Minor Crash,Yes,2006,,North,,0,,Hill Road,,,,,,Overcast,140500,1,0,1,2,,,0,,,,,,Auckland Region,Nil,2-way,Sealed,,0,0,,100,,Off,0,0,,76,Auckland,Nil,,,,,0,0,Open,0,,,Light rain,Null
1754906,5933094,23984,,507300,0,,1,3,,South,2006/2007,EAST COAST ROAD,ROSEDALE ROAD,,Minor Crash,No,2006,,South,,0,,Flat,,,,,,Bright sun,155901,1,0,0,2,,,0,,,,,,Auckland Region,Nil,2-way,Sealed,,0,0,,50,,Null,0,0,,76,Auckland,Unknown,,,,,0,0,Urban,0,,,Fine,Null
1746416,5921633,23985,,512300,0,0,0,1,0,East,2006/2007,TAIKATA ROAD,EDGERTON ROAD,,Serious Crash,No,2006,0,West,0,0,0,Flat,0,,0,,0,Overcast,249600,0,0,0,2,0,0,0,0,1,,0,0,Auckland Region,Nil,2-way,Sealed,0,0,1,0,50,0,Off,0,0,,76,Auckland,Nil,0,0,0,0,1,0,Urban,0,0,0,Light rain,Null
1722401,6017605,23986,,501815,0,0,0,1,1,East,2006/2007,MILLBROOK ROAD,HELMSDALE ROAD,,Minor Crash,No,2006,0,North,0,0,0,Hill Road,0,,0,,0,Overcast,80500,1,0,0,2,0,0,0,0,0,,0,0,Northland Region,Nil,2-way,Unsealed,0,0,0,0,100,0,Null,0,0,,2,Whangarei District,Unknown,0,0,0,0,0,0,Open,0,0,0,Fine,Null
1672601,6081440,23987,,501700,0,,0,3,,East,2005/2006,SH 12,DICKESON ST,,Minor Crash,Yes,2006,,East,,0,,Flat,,,,,,Overcast,42600,3,0,0,2,,,0,,,,,,Northland Region,Nil,2-way,Sealed,,0,0,,50,,Null,0,0,,1,Far North District,Unknown,,,,,0,0,Urban,0,,,Fine,Null
1703487,5665361,23988,,552800,0,,0,2,,Null,2006/2007,SH 3,KONINI ST,,Minor Crash,Yes,2006,,West,,0,,Flat,,,,,,Overcast,1606200,1,0,0,2,,,0,,,,,,Taranaki Region,Nil,2-way,Sealed,,0,0,,50,,Null,0,0,,33,New Plymouth District,Nil,,,,,0,0,Urban,0,,,Fine,Null
1751527,5916405,23989,,514401,0,,1,2,,Null,2006/2007,GREAT NORTH ROAD,BLOCKHOUSE BAY ROAD,,Minor Crash,No,2006,,North,,0,,Flat,,,,,,Twilight,383600,1,0,0,4,,,0,,,,,,Auckland Region,Nil,2-way,Sealed,,0,0,,50,,Off,0,0,,76,Auckland,Traffic Signals,,,,,0,0,Urban,0,,,Fine,Null
1550540,5305666,23990,55,585506,0,0,0,1,1,North,2005/2006,SH 7,GOINGS CRK BR,,Minor Crash,Yes,2006,0,East,0,0,0,Flat,0,,0,,0,Bright sun,2426601,1,0,0,2,0,0,0,0,0,,0,0,Canterbury Region,Nil,2-way,Sealed,0,0,0,0,100,0,Null,0,0,,58,Hurunui District,Unknown,0,0,0,0,0,0,Open,0,0,0,Fine,Null
1802047,5848553,23991,,527210,0,0,0,0,0,South,2006/2007,STOREY ROAD,WAIU ROAD,,Serious Crash,No,2006,0,South,0,0,0,Flat,0,,0,,0,Bright sun,939900,0,0,1,2,0,0,0,0,0,,0,0,Waikato Region,Nil,2-way,Sealed,0,0,1,0,100,0,None,0,0,,13,Waikato District,Nil,0,0,0,0,0,0,Open,0,0,0,Fine,Null
1977486,5760175,23992,55,542904,0,0,0,0,1,North,2006/2007,SH 2,WAIATA ROAD,,Fatal Crash,Yes,2006,0,North,0,1,0,Hill Road,0,,0,,0,Dark,1335700,0,0,0,2,0,0,0,0,0,,0,0,Bay of Plenty Region,Nil,2-way,Sealed,0,0,0,0,100,0,None,0,0,,27,Ōpōtiki District,Nil,0,0,0,0,1,0,Open,0,0,0,Fine,Null
1790770,5851582,23993,,527210,0,0,0,0,0,North,2005/2006,LUMSDEN ROAD,BALEMI ROAD,,Minor Crash,No,2006,0,North,0,0,0,Flat,0,,0,,0,Overcast,939200,1,0,0,2,0,0,0,0,0,,0,1,Waikato Region,Nil,2-way,Sealed,0,0,0,0,100,0,Null,1,0,,13,Waikato District,Unknown,0,0,0,0,0,0,Open,0,0,0,Fine,Null
1743379,5921012,23994,,513632,0,,0,1,,South,2005/2006,DON BUCK ROAD,DONOVAN AVENUE,,Minor Crash,No,2006,,South,,0,,Hill Road,,,,,,Dark,227900,1,0,0,2,,,0,,,1,,,Auckland Region,Nil,2-way,Sealed,,0,0,,50,,On,0,0,,76,Auckland,Nil,,,,,0,0,Urban,0,,,Fine,Null
1757815,5917154,23995,,515700,1,,0,0,,Null,2006/2007,MOUNTAIN ROAD,OWENS ROAD,,Minor Crash,No,2006,,East,,0,,Flat,,,,,,Bright sun,457600,1,0,0,2,,,0,,,,,,Auckland Region,Nil,2-way,Sealed,,0,0,,50,,Off,1,0,,76,Auckland,Stop,,,,,0,0,Urban,0,,,Fine,Null
1800676,5815468,23996,,529700,0,,0,1,,East,2005/2006,BRYCE ST,ANGLESEA ST,,Minor Crash,No,2006,,South,,0,,Flat,,,,,,Bright sun,911102,1,0,0,2,,,0,,,1,,,Waikato Region,Nil,2-way,Sealed,,0,0,,50,,Null,0,0,,16,Hamilton City,Unknown,,,,,0,0,Urban,0,,,Fine,Null
1815370,5776374,23997,,531304,0,0,0,0,1,North,2006/2007,BAYLEY ROAD,LETHBRIDGE ROAD,,Minor Crash,No,2006,0,North,0,0,0,Hill Road,0,,0,,0,Dark,999700,3,0,0,2,0,0,0,0,0,,0,0,Waikato Region,Nil,2-way,Sealed,0,0,0,0,100,0,None,0,0,,18,Ōtorohanga District,Nil,0,0,0,0,0,0,Open,1,0,0,Light rain,Null
1752402,5918061,23998,,515001,0,0,0,1,0,South,2005/2006,CARRINGTON ROAD,GREAT NORTH ROAD,,Minor Crash,No,2006,0,North,0,0,0,Flat,0,,0,,0,Twilight,391601,1,0,0,2,0,0,0,0,0,,1,0,Auckland Region,Nil,2-way,Sealed,0,0,0,0,50,0,On,0,0,,76,Auckland,Nil,0,0,0,0,0,0,Urban,0,0,0,Light rain,Null
1751791,5918295,23999,,515001,0,0,0,1,0,East,2005/2006,SMALE ST,BERRIDGE AVENUE,,Minor Crash,No,2006,0,East,0,0,0,Flat,0,,0,,0,Bright sun,393000,1,0,0,2,0,0,0,0,0,,0,1,Auckland Region,Nil,2-way,Sealed,0,0,0,0,50,0,Off,0,0,,76,Auckland,Nil,0,0,0,0,0,0,Urban,0,0,0,Fine,Null
1769336,5914890,24000,,522721,0,0,0,0,0,South,2005/2006,PIGEON MOUNTAIN ROAD,FORTUNES ROAD,,Minor Crash,No,2006,0,North,0,0,0,Flat,0,,0,,0,Overcast,680724,1,0,0,2,0,0,0,0,0,,0,0,Auckland Region,Nil,2-way,Sealed,0,0,0,0,50,0,Off,1,0,,76,Auckland,Nil,0,0,0,1,0,0,Urban,0,0,0,Fine,Null
1933761,5619673,24001,,546400,0,0,0,1,0,Null,2006/2007,Z CPK NZ POST,TARADALE/EXETER,,Minor Crash,No,2006,0,North,0,0,0,Flat,0,,1,,0,Bright sun,1427600,1,0,0,0,0,0,0,0,0,,0,0,Hawke's Bay Region,Nil,Off road,Sealed,0,0,0,0,50,0,Null,0,0,,31,Napier City,Nil,0,0,0,0,0,0,Urban,0,0,0,Fine,Null
1749005,5426284,24002,,576500,0,0,0,1,0,Null,2005/2006,SH 1N RUGBY,ADELAIDE ROAD,,Minor Crash,Yes,2006,0,North,0,0,1,Flat,0,,0,,0,Dark,2147900,1,0,0,4,0,0,0,0,0,,0,0,Wellington Region,Nil,2-way,Sealed,0,0,0,0,50,0,On,1,0,,47,Wellington City,Give way,1,1,0,0,0,0,Urban,0,0,0,Fine,Null
1757432,5926973,24003,,507900,0,,0,2,,West,2005/2006,ANZAC ST,BARRYS POINT ROAD,,Non-Injury Crash,No,2006,,East,,0,,Flat,,,,,,Bright sun,305000,0,0,0,4,,,0,,,,,,Auckland Region,Nil,2-way,Sealed,,0,0,,50,,Off,0,0,,76,Auckland,Nil,,,,,0,0,Urban,0,,,Fine,Null
1243028,4848015,24004,,611700,1,,0,1,,Null,2005/2006,CONON ST,GRACE ST,,Serious Crash,No,2006,,East,,0,,Flat,,,,,,Overcast,3112500,0,0,0,2,,,0,,,,,,Southland Region,Nil,2-way,Sealed,,0,1,,50,,Null,0,0,,75,Invercargill City,Give way,,,,,0,0,Urban,0,,,Fine,Null
1739586,5928652,24005,,505602,0,,0,2,,Null,2005/2006,SH 16,RIVERHEAD ROAD,,Minor Crash,Yes,2006,,East,,0,,Hill Road,,,,,,Bright sun,214104,1,0,0,2,,,0,,,,,,Auckland Region,Nil,2-way,Sealed,,0,0,,100,,Off,0,0,,76,Auckland,Give way,,,,,0,0,Open,0,,,Fine,Null
1768912,5810829,24006,65,526602,0,,0,0,,East,2005/2006,SH 23,TE MATA ROAD,,Serious Crash,Yes,2006,,East,,0,,Hill Road,,,,,,Bright sun,860500,0,0,0,2,,,0,,,1,,,Waikato Region,Nil,2-way,Sealed,,0,1,,100,,Null,1,0,,13,Waikato District,Unknown,,,,,0,0,Open,0,,,Fine,Null
1928915,5603978,24007,,547900,0,,0,1,,Null,2005/2006,RAILWAY ROAD,GARNETT ST,,Minor Crash,No,2006,,North,,0,,Flat,,,,,,Dark,1482500,1,0,1,2,,,0,,,,,,Hawke's Bay Region,Nil,2-way,Sealed,,0,0,,70,,On,0,0,,30,Hastings District,Give way,,,,,0,0,Urban,0,,,Light rain,Null
1702760,6097055,24008,,501000,0,,0,1,,Null,2006/2007,FLORANCE AVENUE,POMARE ROAD,,Non-Injury Crash,No,2006,,South,,0,,Flat,,,,,,Bright sun,57000,0,0,0,2,,,0,,,,,,Northland Region,Nil,2-way,Sealed,,0,0,,50,,None,0,0,,1,Far North District,Give way,,,,,0,0,Urban,0,,,Light rain,Null
1879364,5820079,24009,,538000,0,,0,1,,South,2005/2006,SH 2A,SH 29,,Non-Injury Crash,Yes,2006,,South,,0,,Flat,,,,,,Dark,1178700,0,0,0,2,,,0,,,,,,Bay of Plenty Region,Nil,2-way,Sealed,,0,0,,70,,None,1,0,,23,Tauranga City,Unknown,,,,,0,0,Urban,0,,,Light rain,Null
1235415,4846653,24010,,610052,0,,0,0,,West,2005/2006,DUNNS ROAD,SANDY POINT ROAD,,Minor Crash,No,2006,,West,,0,,Flat,,Queens Birthday,,,,Dark,3079401,2,0,0,2,,,0,,,,,,Southland Region,Nil,2-way,Sealed,,0,0,,70,,None,0,0,,75,Invercargill City,Unknown,,,,,0,0,Urban,1,,,Fine,Frost
1790962,5878858,24011,,521135,0,,0,2,,West,2005/2006,MANGATAWHIRI ROAD,MANGATANGI ROAD,,Minor Crash,No,2006,,East,,0,,Hill Road,,,,,,Overcast,841600,2,0,0,2,,,0,,,,,,Waikato Region,Nil,2-way,Sealed,,0,0,,100,,None,0,0,,13,Waikato District,Nil,,,,,1,0,Open,0,,,Mist or Fog,Null
1841310,5923321,24012,,533000,1,,0,0,,Null,2006/2007,SH 25,CENTENNIAL DRIVE W,,Minor Crash,Yes,2006,,East,,0,,Flat,,,,,,Bright sun,1046903,1,0,0,2,,,0,,,,,,Waikato Region,Nil,2-way,Sealed,,0,0,,50,,Off,1,0,,11,Thames-Coromandel District,Give way,,,,,0,0,Urban,0,,,Fine,Null
1881137,5826950,24013,,536821,0,,0,1,,North,2006/2007,TOTARA ST,MAUI ST,,Non-Injury Crash,No,2006,,North,,0,,Flat,,,,,,Bright sun,1203900,0,0,0,2,,,0,,,,,,Bay of Plenty Region,Nil,2-way,Sealed,,0,0,,50,,Null,0,0,,23,Tauranga City,Unknown,,,,,1,0,Urban,1,,,Fine,Null
1851123,5858385,24014,,534400,0,0,0,1,0,North,2005/2006,MORESBY AVENUE,SAVAGE ROAD,,Non-Injury Crash,No,2006,0,North,0,0,0,Hill Road,0,,0,,0,Overcast,1078300,0,0,0,2,0,0,0,0,0,,0,1,Waikato Region,Nil,2-way,Sealed,0,0,0,0,50,0,Off,1,0,,12,Hauraki District,Nil,0,0,0,0,0,0,Urban,0,0,0,Light rain,Null
1699258,5674876,24015,,551111,0,,0,0,,East,2006/2007,HENWOOD ROAD,EGMONT ROAD,,Serious Crash,No,2006,,West,,0,,Flat,,,,,,Bright sun,1560600,0,0,0,2,,,0,,,,,,Taranaki Region,Nil,2-way,Sealed,,0,1,,100,,Null,1,0,,33,New Plymouth District,Nil,,,,,1,0,Open,0,,,Fine,Null
1773839,5881320,24016,,521160,0,,0,2,,Null,2005/2006,PUKEKOHE EAST ROAD,HARRISVILLE ROAD,,Minor Crash,No,2006,,West,,0,,Hill Road,,,,,,Bright sun,827300,1,0,0,2,,,0,,,,,,Auckland Region,Nil,2-way,Sealed,,0,0,,100,,Off,0,0,,76,Auckland,Stop,,,,,0,0,Open,0,,,Fine,Null
1747481,5914715,24017,,511100,0,,0,2,,Null,2007/2008,GREAT NORTH ROAD,GLENVIEW ROAD,,Non-Injury Crash,No,2007,,South,,0,,Hill Road,,,,,,Dark,284800,0,0,0,4,,,0,,,,,,Auckland Region,Nil,2-way,Sealed,,0,0,,50,,On,0,0,,76,Auckland,Traffic Signals,,,,,0,0,Urban,0,,,Fine,Null
1756179,5928253,24018,,507900,0,0,0,3,0,North,2005/2006,FORREST HILL ROAD,NILE ROAD S,,Non-Injury Crash,No,2006,0,North,0,0,0,Hill Road,0,,0,,0,Dark,306900,0,0,0,2,0,0,0,0,2,,0,0,Auckland Region,Nil,2-way,Sealed,0,0,0,0,50,0,On,0,0,,76,Auckland,Nil,0,0,0,0,0,0,Urban,0,0,0,Fine,Null
1886375,5824666,24019,,536832,0,,0,1,,North,2005/2006,MARANUI ST,SANDHURST DRIVE,,Non-Injury Crash,No,2006,,North,,0,,Flat,,,,,,Bright sun,1204921,0,0,0,2,,,0,,,,,,Bay of Plenty Region,Nil,2-way,Sealed,,0,0,,70,,Null,0,0,,23,Tauranga City,Unknown,,,,,0,0,Urban,1,,,Fine,Null
1766335,5903424,24020,,524604,0,,0,2,,Null,2005/2006,WIRI STATION ROAD,PLUNKET AVENUE,,Non-Injury Crash,No,2006,,West,,0,,Flat,,,,,,Dark,780403,0,0,0,4,,,0,,,,,,Auckland Region,Nil,2-way,Sealed,,0,0,,70,,On,0,0,,76,Auckland,Give way,,,,,0,0,Urban,0,,,Fine,Null
1796392,5820315,24021,,528403,0,,0,2,,Null,2006/2007,TE RAPA ROAD,CHURCH ROAD,,Non-Injury Crash,No,2006,,North,,0,,Flat,,,,,,Dark,907500,0,0,0,2,,,0,,,,,,Waikato Region,Nil,2-way,Sealed,,0,0,,50,,On,0,0,,16,Hamilton City,Give way,,,,,0,0,Urban,0,,,Fine,Null
1760167,5915988,24022,,516002,0,,0,2,,Null,2005/2006,GREEN LANE EAST,GREENLANE INT,,Non-Injury Crash,No,2006,,North,,0,,Flat,,,,,,Twilight,492100,0,0,0,2,,,0,,,,,,Auckland Region,Nil,1-way,Sealed,,0,0,,50,,On,0,0,,76,Auckland,Give way,,,,,0,0,Urban,0,,,Fine,Null
1759425,5447846,24023,,565602,0,0,0,2,1,West,2006/2007,SH 58,JAMES COOK DRIVE,,Minor Crash,Yes,2006,0,East,0,0,0,Flat,0,,0,,0,Overcast,2072401,1,0,0,2,0,0,0,0,0,,0,0,Wellington Region,Nil,2-way,Sealed,0,0,0,0,80,0,Null,0,0,,44,Porirua City,Nil,0,0,0,0,0,0,Open,0,0,0,Fine,Null
1775259,5884529,24024,,521132,0,0,0,1,0,North,2005/2006,GREAT SOUTH ROAD,INGRAM ROAD,,Non-Injury Crash,No,2006,0,North,1,0,0,Flat,0,,0,,0,Bright sun,814701,0,0,0,2,0,0,0,0,0,,0,0,Auckland Region,Nil,2-way,Sealed,0,0,0,0,100,0,None,0,0,,76,Auckland,Nil,0,0,0,0,0,0,Open,0,0,0,Fine,Null
1746075,5918138,24025,,512500,0,0,0,1,1,Null,2005/2006,EDMONTON ROAD,CENTRAL PARK DRIVE,,Non-Injury Crash,No,2006,0,North,0,0,0,Flat,0,,0,,0,Dark,257201,0,0,0,5,0,0,0,1,0,,0,1,Auckland Region,Nil,2-way,Sealed,0,0,0,0,50,0,On,0,0,,76,Auckland,Give way,0,0,0,0,0,0,Urban,0,0,0,Fine,Null
1754177,5918293,24026,,515432,0,,0,2,,East,2006/2007,SH 16,ST LUKES OFF WBD,,Non-Injury Crash,Yes,2006,,West,,0,,Flat,,,,,,Bright sun,406202,0,0,0,3,,,0,,,,,,Auckland Region,Nil,1-way,Sealed,,0,0,,100,,Off,0,0,,76,Auckland,Nil,,,,,0,0,Open,0,,,Fine,Null
1800165,5816337,24027,,529700,0,,0,2,,Null,2006/2007,MILL ST,ULSTER ST,,Non-Injury Crash,No,2006,,South,,0,,Flat,,,,,,Dark,908800,0,0,0,5,,,0,,,,,,Waikato Region,Nil,2-way,Sealed,,0,0,,50,,On,0,0,,16,Hamilton City,Traffic Signals,,,,,0,0,Urban,0,,,Heavy rain,Null
1883798,5772355,24028,,539900,0,0,0,1,0,South,2005/2006,PURIRI CRESCENT E,MANUKA CRESCENT,,Non-Injury Crash,No,2006,0,North,0,0,1,Flat,0,,0,,0,Overcast,1238800,0,0,0,2,0,0,0,0,0,,0,0,Bay of Plenty Region,Nil,2-way,Sealed,0,0,0,0,50,0,Off,0,0,,24,Rotorua District,Nil,0,0,0,0,0,0,Urban,0,0,0,Fine,Null
1797303,5815276,24029,,528601,0,,0,2,,South,2006/2007,MAPLE AVENUE,ELLICOTT ROAD,,Minor Crash,No,2006,,North,,0,,Hill Road,,,,,,Overcast,919700,2,0,0,2,,,0,,,,,,Waikato Region,Nil,2-way,Sealed,,0,0,,50,,Null,0,0,,16,Hamilton City,Unknown,,,,,0,0,Urban,0,,,Fine,Null
1769187,5904696,24030,,523820,0,,0,2,,East,2006/2007,REDOUBT ROAD,SANTA MONICA PLACE,,Minor Crash,No,2006,,East,,0,,Hill Road,,,,,,Bright sun,759903,1,0,0,2,,,0,,,,,,Auckland Region,Nil,2-way,Sealed,,0,0,,50,,Null,0,0,,76,Auckland,Unknown,,,,,0,0,Urban,0,,,Fine,Null
1758555,5435537,24031,,569202,0,,0,1,,North,2005/2006,VICTORIA ST,VALENTINE ST,,Minor Crash,No,2006,,North,,0,,Flat,,,,,,Bright sun,1924700,1,0,0,2,,,0,,,,,,Wellington Region,Nil,2-way,Sealed,,0,0,,50,,Null,1,0,,46,Lower Hutt City,Nil,,,,,0,0,Urban,0,,,Fine,Null
1781721,5810734,24032,35,526601,0,,0,2,,North,2006/2007,SH 23,COGSWELL ROAD,,Non-Injury Crash,Yes,2006,,North,,0,,Hill Road,,,,,,Overcast,859703,0,0,0,3,,,0,,,,,,Waikato Region,Nil,2-way,Sealed,,0,0,,100,,Null,0,0,,13,Waikato District,Unknown,,,,,0,0,Open,0,,,Light rain,Null
1757941,5918033,24033,,515700,0,,0,3,,North,2006/2007,SH 1N,GILLIES OBR,,Non-Injury Crash,Yes,2006,,North,,0,,Flat,,,,,,Bright sun,443700,0,0,0,5,,,0,,,,,,Auckland Region,Nil,1-way,Sealed,,0,0,,100,,Off,0,0,80,76,Auckland,Nil,,,,,0,0,Open,0,,,Fine,Null
1754662,5929926,24034,,508420,0,0,0,1,0,North,2005/2006,TARGET ROAD,LAMBROWN DRIVE,,Non-Injury Crash,No,2006,0,North,0,0,0,Flat,0,,0,,0,Bright sun,182602,0,0,0,2,0,0,0,0,1,,0,0,Auckland Region,Nil,2-way,Sealed,0,0,0,0,50,0,Off,0,0,,76,Auckland,Nil,0,0,0,0,1,0,Urban,0,0,0,Fine,Null
1811482,5816016,24035,,527131,0,0,0,1,0,Null,2005/2006,SH 26,PLATT ROAD,,Minor Crash,Yes,2006,0,South,0,0,1,Flat,0,,0,,0,Bright sun,957600,1,0,0,2,0,0,0,0,0,,0,0,Waikato Region,Nil,2-way,Sealed,0,0,0,0,100,0,Null,1,0,,13,Waikato District,Give way,0,0,0,0,0,0,Open,0,0,0,Fine,Null
1835482,5802269,24036,,535242,0,0,0,1,0,West,2005/2006,TAOTAOROA ROAD,SH 29,,Non-Injury Crash,No,2006,0,South,0,0,1,Hill Road,0,,0,,0,Dark,1116500,0,0,0,2,0,0,0,0,0,,0,0,Waikato Region,Nil,2-way,Sealed,0,0,0,0,100,0,None,0,0,,15,Matamata-Piako District,Unknown,0,0,0,0,0,0,Open,0,0,0,Light rain,Null
1761802,5435780,24037,,568602,1,,0,0,,Null,2006/2007,WAIWHETU ROAD,WATERLOO ROAD,,Serious Crash,No,2006,,South,,0,,Flat,,,,,,Bright sun,1972700,0,0,0,2,,,0,,,,,,Wellington Region,Nil,2-way,Sealed,,0,1,,50,,Null,1,0,,46,Lower Hutt City,Give way,,,,,0,0,Urban,0,,,Fine,Null
1931935,5617825,24038,,547100,0,,0,1,,North,2005/2006,YORK AVENUE,GLOUCESTER ST,,Non-Injury Crash,No,2006,,South,,0,,Flat,,,,,,Overcast,1455100,0,0,0,2,,,0,,,,,,Hawke's Bay Region,Nil,2-way,Sealed,,0,0,,50,,Null,0,0,,31,Napier City,Nil,,,,,0,0,Urban,0,,,Light rain,Null
1755562,5922270,24039,,515202,0,,0,2,,North,2005/2006,SH 1N,SHELLY OFF SBD,,Non-Injury Crash,Yes,2006,,South,,0,,Hill Road,,,,,,Dark,423600,0,0,0,4,,,0,,,,,,,Bridge,1-way,Sealed,,0,0,,80,,On,0,0,,76,Auckland,Nil,,,,,0,0,Open,0,,,Fine,Null
1755431,5914158,24040,,518500,0,,0,2,,West,2005/2006,MOUNT ALBERT ROAD,AKARANA AVENUE,,Minor Crash,No,2006,,West,,0,,Flat,,,,,,Bright sun,561000,2,0,0,2,,,0,,,,,,Auckland Region,Nil,2-way,Sealed,,0,0,,50,,Off,0,0,,76,Auckland,Nil,,,,,0,0,Urban,1,,,Fine,Null
1754188,5918876,24041,,515431,0,,0,2,,Null,2005/2006,SURREY CRESCENT,BULLOCK TRACK,,Minor Crash,No,2006,,West,,0,,Flat,,,,,,Bright sun,403300,1,0,0,2,,,0,,,,,,Auckland Region,Nil,2-way,Sealed,,0,0,,50,,None,0,0,,76,Auckland,Give way,,,,,0,0,Urban,0,,,Fine,Null
1781687,5433147,24042,55,579803,0,0,0,0,0,South,2005/2006,WESTERN LAKE ROAD,CROSS CREEK ROAD,,Serious Crash,No,2006,0,North,0,0,0,Flat,0,,0,,0,Overcast,2272901,0,0,1,1,0,0,0,1,0,,0,0,Wellington Region,Nil,2-way,Sealed,0,0,1,0,100,0,Null,0,0,,50,South Wairarapa District,Nil,0,0,0,1,0,0,Open,0,0,0,Fine,Strong wind