X,Y,OBJECTID,advisorySpeed,areaUnitID,bicycle,bridge,bus,carStationWagon,cliffBank,crashDirectionDescription,crashFinancialYear,crashLocation1,crashLocation2,crashRoadSideRoad,crashSeverity,crashSHDescription,crashYear,debris,directionRoleDescription,ditch,fatalCount,fence,flatHill,guardRail,holiday,houseOrBuilding,intersection,kerb,light,meshblockId,minorInjuryCount,moped,motorcycle,NumberOfLanes,objectThrownOrDropped,otherObject,otherVehicleType,overBank,parkedVehicle,pedestrian,phoneBoxEtc,postOrPole,region,roadCharacter,roadLane,roadSurface,roadworks,schoolBus,seriousInjuryCount,slipOrFlood,speedLimit,strayAnimal,streetLight,suv,taxi,temporarySpeedLimit,tlaId,tlaName,trafficControl,trafficIsland,trafficSign,train,tree,truck,unknownVehicleType,urban,vanOrUtility,vehicle,waterRiver,weatherA,weatherB
2062313,5779451,24043,,543301,0,0,0,0,0,South,2005/2006,SH 35,IHUNGIA ROAD,,Non-Injury Crash,Yes,2006,0,North,1,0,1,Hill Road,0,,0,,0,Twilight,1348300,0,0,0,2,0,0,0,0,0,,0,0,Gisborne Region,Nil,2-way,Sealed,0,0,0,0,100,0,None,0,0,,28,Gisborne District,Nil,0,0,0,0,1,0,Open,0,0,0,Fine,Null
1755098,5930099,24044,,508420,0,0,0,1,1,East,2006/2007,SUNNYNOOK ROAD,TOTARAVALE DRIVE,,Non-Injury Crash,No,2006,0,West,0,0,1,Flat,0,,0,,1,Dark,183800,0,0,0,2,0,0,0,0,0,,0,0,Auckland Region,Bridge,2-way,Sealed,0,0,0,0,50,0,On,0,0,,76,Auckland,Nil,0,0,0,0,0,0,Urban,0,0,0,Fine,Null
1756886,5447829,24045,,572100,0,,0,1,,Null,2005/2006,SH 1N,SH 58,,Non-Injury Crash,Yes,2006,,South,,0,,Flat,,,,,,Dark,2070000,0,0,0,2,,,0,,,,,,Wellington Region,Nil,2-way,Sealed,,0,0,,50,,On,0,0,,44,Porirua City,Give way,,,,,0,0,Urban,1,,,Fine,Null
1803307,5815365,24046,,530500,0,,0,1,,North,2006/2007,CAMERON ROAD,FORD ST,,Non-Injury Crash,No,2006,,North,,0,,Flat,,,,,,Bright sun,890000,0,0,0,2,,,0,,,1,,,Waikato Region,Nil,2-way,Sealed,,0,0,,50,,Null,0,0,,16,Hamilton City,Unknown,,,,,0,0,Urban,0,,,Fine,Null
1755873,5921141,24047,,515202,0,,0,1,,North,2005/2006,SH 1N,FANSHAWE OFF SBD,,Minor Crash,Yes,2006,,South,,0,,Flat,,,,,,Bright sun,425600,1,0,0,4,,,0,,,,,,Auckland Region,Nil,1-way,Sealed,,0,0,,80,,Off,0,0,,76,Auckland,Nil,,,,,1,0,Open,0,,,Fine,Null
1878519,5822966,24048,,538101,0,,0,2,,West,2006/2007,ELEVENTH AVENUE,CAMERON ROAD,,Non-Injury Crash,No,2006,,East,,0,,Flat,,,,,,Overcast,1166903,0,0,0,5,,,0,,,,,,Bay of Plenty Region,Nil,2-way,Sealed,,0,0,,50,,Null,0,0,,23,Tauranga City,Unknown,,,,,0,0,Urban,0,,,Fine,Null
1719603,6051014,24049,25,502201,0,0,0,0,0,North,2006/2007,CORKS ROAD,VINEGAR HILL ROAD,,Non-Injury Crash,No,2006,0,East,0,0,0,Flat,0,,0,,1,Overcast,86103,0,0,0,2,0,0,0,0,0,,0,0,Northland Region,Nil,2-way,Sealed,0,0,0,0,50,0,Null,0,0,,2,Whangarei District,Unknown,0,0,0,0,1,0,Urban,0,0,0,Fine,Strong wind
1882006,5826464,24050,,536821,0,,0,2,,West,2005/2006,SH 2,MARU ST,,Non-Injury Crash,Yes,2006,,West,,0,,Flat,,,,,,Dark,1204300,0,0,0,4,,,0,,,,,,Bay of Plenty Region,Nil,2-way,Sealed,,0,0,,70,,On,0,0,,23,Tauranga City,Traffic Signals,,,,,0,0,Urban,0,,,Fine,Null
1769224,5900264,24051,,525002,0,0,0,1,0,South,2006/2007,GREAT SOUTH ROAD,MYERS ROAD,,Minor Crash,No,2006,0,North,0,0,0,Flat,1,Labour Weekend,0,,0,Dark,754000,2,0,0,2,0,0,0,0,0,,0,0,Auckland Region,Bridge,2-way,Sealed,0,0,0,0,50,0,On,0,0,,76,Auckland,Nil,0,0,0,0,0,0,Urban,0,0,0,Fine,Null
1895057,5753637,24052,,538841,0,,0,2,,South,2006/2007,SH 5,SH 38,,Non-Injury Crash,Yes,2006,,North,,0,,Flat,,,,,,Bright sun,1259106,0,0,0,2,,,0,,,,,,Waikato Region,Nil,2-way,Sealed,,0,0,,100,,None,1,0,70,24,Rotorua District,Nil,,,,,0,0,Open,0,,,Fine,Null
1760685,5916315,24053,,516003,0,,0,2,,South,2006/2007,PEACH PARADE,GREEN LANE EAST,,Non-Injury Crash,No,2006,,North,,0,,Flat,,,,,,Dark,494400,0,0,0,4,,,0,,,,,,Auckland Region,Nil,2-way,Sealed,,0,0,,50,,On,0,0,,76,Auckland,Nil,,,,,0,0,Urban,0,,,Fine,Null
1765866,5919122,24054,,516800,0,0,0,1,0,East,2005/2006,MASKELL ST,ST HELIERS BAY ROAD,,Non-Injury Crash,No,2006,0,North,0,0,0,Hill Road,0,,0,,0,Bright sun,513000,0,0,0,1,0,0,0,0,1,,0,0,Auckland Region,Nil,2-way,Sealed,0,0,0,0,50,0,Off,0,0,,76,Auckland,Nil,0,0,0,0,0,0,Urban,1,0,0,Fine,Null
1757614,5904328,24055,,524200,0,0,0,1,0,West,2005/2006,IHUMATAO ROAD,GEORGE BOLT MEMORIAL DRIV,,Serious Crash,No,2006,0,East,0,0,0,Flat,0,,0,,0,Overcast,727000,0,0,0,2,0,0,0,0,0,,0,0,Auckland Region,Nil,2-way,Sealed,0,0,1,0,80,0,None,0,0,,76,Auckland,Nil,0,0,0,1,0,0,Open,0,0,0,Fine,Null
1767104,5907654,24056,,523501,0,0,0,1,0,East,2005/2006,EAST TAMAKI ROAD,BAIRDS ROAD,,Non-Injury Crash,No,2006,0,East,0,0,0,Flat,0,,0,,0,Bright sun,700602,0,0,0,4,0,0,0,0,0,,0,0,Auckland Region,Nil,2-way,Sealed,0,0,0,0,60,0,Off,0,0,,76,Auckland,Nil,0,0,0,1,1,0,Urban,0,0,0,Fine,Null
1770732,5913240,24057,,523101,0,,0,2,,North,2005/2006,BOTANY ROAD,TE IRIRANGI DRIVE,,Non-Injury Crash,No,2006,,North,,0,,Flat,,,,,,Bright sun,710512,0,0,0,4,,,0,,,,,,Auckland Region,Nil,2-way,Sealed,,0,0,,70,,Off,0,0,,76,Auckland,Nil,,,,,0,0,Urban,0,,,Fine,Null
1764539,5912078,24058,,520500,0,,0,2,,South,2006/2007,SH 1N,MT WGTN ON SBD,,Non-Injury Crash,Yes,2006,,South,,0,,Flat,,,,,,Dark,639300,0,0,0,3,,,0,,,,,,Auckland Region,Nil,1-way,Sealed,,0,0,,100,,On,0,0,,76,Auckland,Nil,,,,,0,0,Open,0,,,Fine,Null
1752615,5912503,24059,,518901,0,0,0,2,0,North,2005/2006,BOUNDARY ROAD,WHITE SWAN ROAD,,Non-Injury Crash,No,2006,0,South,0,0,0,Hill Road,0,,0,,0,Bright sun,586600,0,0,0,2,0,0,0,0,1,,0,0,Auckland Region,Nil,2-way,Sealed,0,0,0,0,50,0,Null,0,0,,76,Auckland,Unknown,0,0,0,0,0,0,Urban,0,0,0,Fine,Null
1406859,4915107,24060,,602800,0,,0,2,,North,2005/2006,PORTSMOUTH DRIVE,MIDLAND ST,,Minor Crash,No,2006,,South,,0,,Flat,,,,,,Overcast,2895200,1,0,0,4,,,0,,,,,,Otago Region,Nil,2-way,Sealed,,0,0,,60,,Null,0,0,,71,Dunedin City,Unknown,,,,,0,0,Urban,0,,,Fine,Null
1696376,6095101,24061,,501200,0,0,0,0,0,South,2005/2006,SH 11,YORKE ROAD,,Non-Injury Crash,Yes,2006,0,South,1,0,0,Hill Road,0,,0,,0,Overcast,50400,0,0,0,3,0,0,0,0,0,,0,0,Northland Region,Nil,2-way,Sealed,0,0,0,0,100,0,Off,0,0,,1,Far North District,Nil,0,0,0,0,0,0,Open,1,0,0,Heavy rain,Strong wind
1406471,4916381,24062,,602800,0,,0,1,,South,2006/2007,THOMAS BURNS ST,FRYATT ST,,Minor Crash,No,2006,,North,,0,,Flat,,,,,,Bright sun,2894800,3,0,0,3,,,0,,,,,,Otago Region,Nil,2-way,Sealed,,0,0,,60,,Null,1,0,,71,Dunedin City,Unknown,,,,,0,0,Urban,0,,,Fine,Null
1872214,5715763,24063,,541312,0,0,0,1,0,East,2005/2006,OFF ROAD HIGHWAY,RAKAUNUI ROAD,,Minor Crash,No,2006,0,West,1,0,0,Flat,0,Christmas New Year,0,,0,Overcast,1279801,1,0,0,2,0,0,0,0,0,,0,0,Waikato Region,Nil,2-way,Sealed,0,0,0,0,100,0,Null,0,0,,21,Taupo District,Unknown,0,0,0,0,0,0,Open,0,0,0,Light rain,Null
1756774,5920184,24064,,514102,0,,0,2,,Null,2006/2007,COOK ST,NELSON ST,,Non-Injury Crash,No,2006,,West,,0,,Hill Road,,,,,,Bright sun,434500,0,0,0,5,,,0,,,,,,Auckland Region,Nil,2-way,Sealed,,0,0,,50,,Null,0,0,,76,Auckland,Traffic Signals,,,,,0,0,Urban,0,,,Fine,Null
1745307,5919782,24065,,513301,0,,0,1,,North,2005/2006,LINCOLN ROAD,UNIVERSAL DRIVE,,Minor Crash,No,2006,,North,,0,,Flat,,,,,,Bright sun,230401,1,0,0,4,,,0,,,,,,Auckland Region,Nil,2-way,Sealed,,0,0,,50,,Null,0,0,,76,Auckland,Unknown,,,,,0,0,Urban,1,,,Fine,Null
1623381,5431160,24066,,582500,1,,0,1,,Null,2006/2007,HAVEN ROAD,HALIFAX ST,,Minor Crash,No,2006,,South,,0,,Flat,,,,,,Overcast,2318900,1,0,0,2,,,0,,,,,,Nelson Region,Nil,2-way,Sealed,,0,0,,50,,Null,0,0,,52,Nelson City,Give way,,,,,0,0,Urban,0,,,Fine,Null
1764123,5918692,24067,,516601,0,,0,1,,Null,2006/2007,KOHIMARAMA ROAD,ALLUM ST,,Minor Crash,No,2006,,West,,0,,Flat,,,,,,Bright sun,506400,1,0,0,2,,,0,,,,,,Auckland Region,Nil,2-way,Sealed,,0,0,,50,,Off,1,0,,76,Auckland,Traffic Signals,,,,,0,0,Urban,0,,,Fine,Null
1765553,5906989,24068,,522301,0,,0,2,,Null,2005/2006,GREAT SOUTH ROAD,EAST TAMAKI ROAD,,Non-Injury Crash,No,2006,,South,,0,,Flat,,,,,,Bright sun,666200,0,0,0,5,,,0,,,,,,Auckland Region,Nil,2-way,Sealed,,0,0,,50,,Off,0,0,,76,Auckland,Traffic Signals,,,,,0,0,Urban,0,,,Fine,Null
1762176,5913661,24069,,520500,0,,0,2,,North,2006/2007,SH 1N,PENROSE OBR,,Minor Crash,Yes,2006,,North,,0,,Flat,,,,,,Bright sun,637000,1,0,0,3,,,0,,,,,,Auckland Region,Nil,1-way,Sealed,,0,0,,100,,Off,0,0,,76,Auckland,Nil,,,,,0,0,Open,0,,,Fine,Null
1758707,5917422,24070,,516001,0,0,0,1,0,Null,2006/2007,SH 1N,NEWMARKET VDT S,,Non-Injury Crash,Yes,2006,0,South,0,0,0,Flat,1,,0,,0,Overcast,491000,0,0,0,3,0,0,0,0,0,,0,0,Auckland Region,Nil,1-way,Sealed,0,0,0,0,100,0,Off,0,0,,76,Auckland,Nil,0,0,0,0,1,0,Open,0,0,0,Light rain,Null
1789464,5753733,24071,,532000,0,0,0,1,0,North,2006/2007,SH 3,TYNAN ROAD,,Minor Crash,Yes,2006,0,South,0,0,0,Hill Road,0,,0,,0,Bright sun,1009900,1,0,0,2,0,0,0,0,0,1,0,1,Waikato Region,Nil,2-way,Sealed,0,0,0,0,50,0,Null,1,0,,20,Waitomo District,Unknown,0,0,0,0,0,0,Urban,0,0,0,Fine,Null
1243511,4846940,24072,,611700,0,,0,1,,West,2006/2007,KEW ROAD,NESS ST,,Minor Crash,No,2006,,East,,0,,Flat,,,,,,Bright sun,3115000,1,0,0,2,,,0,,,,,,Southland Region,Nil,2-way,Sealed,,0,0,,50,,Null,0,0,,75,Invercargill City,Nil,,,,,0,0,Urban,1,,,Fine,Null
1778937,5481024,24073,,564023,0,,0,2,,Null,2006/2007,SH 1N,SCHOOL ROAD,,Minor Crash,Yes,2006,,South,,0,,Flat,,,,,,Overcast,1884100,2,0,0,2,,,0,,,,,,Wellington Region,Nil,2-way,Sealed,,0,0,,80,,Null,0,0,,43,Kapiti Coast District,Give way,,,,,0,0,Open,0,,,Fine,Null
1253322,4927618,24074,,610020,0,,0,0,,North,2006/2007,BIGGAR ROAD,LONGRIDGE ROAD,,Serious Crash,No,2006,,South,,0,,Flat,,,,,,Overcast,3044601,0,0,1,1,,,0,,,,,,Southland Region,Nil,2-way,Unsealed,,0,1,,100,,Null,0,0,,73,Southland District,Nil,,,,,0,0,Open,0,,,Fine,Null
1871174,5823476,24075,,536503,0,0,0,1,1,East,2005/2006,SH 2,TE PUNA ROAD,,Minor Crash,Yes,2006,0,East,0,0,0,Hill Road,0,,0,,0,Bright sun,1188103,1,0,0,2,0,0,0,0,0,,0,0,Bay of Plenty Region,Nil,2-way,Sealed,0,0,0,0,80,0,Off,0,0,,22,Western Bay of Plenty District,Nil,0,0,0,0,0,0,Open,0,0,0,Fine,Null
1803916,5813937,24076,,530700,0,,0,2,,North,2005/2006,CAMBRIDGE ROAD,MASTERS AVENUE,,Non-Injury Crash,No,2006,,North,,0,,Flat,,,,,,Dark,888800,0,0,0,2,,,0,,,,,,Waikato Region,Nil,2-way,Sealed,,0,0,,50,,On,0,0,,16,Hamilton City,Unknown,,,,,0,0,Urban,0,,,Fine,Null
1791252,5593579,24077,,558300,0,0,0,0,0,East,2006/2007,SH 4,PARIHAUHAU ROAD,,Minor Crash,Yes,2006,0,South,0,0,0,Hill Road,0,Labour Weekend,0,,0,Overcast,1683800,1,0,0,2,0,0,0,1,0,,0,0,Manawatū-Whanganui Region,Nil,2-way,Sealed,0,0,0,0,100,0,None,1,0,,37,Whanganui District,Nil,0,0,0,1,0,0,Open,0,0,0,Light rain,Null
1749585,5911519,24078,,512100,0,,0,2,,West,2005/2006,GODLEY ROAD,TAUPO ST,,Minor Crash,No,2006,,West,,0,,Flat,,,,,,Bright sun,290300,1,0,0,2,,,0,,,,,,Auckland Region,Nil,2-way,Sealed,,0,0,,50,,Off,0,0,,76,Auckland,Nil,,,,,0,0,Urban,0,,,Fine,Null
1769437,5914599,24079,,522721,0,,0,3,,West,2005/2006,PAKURANGA ROAD,PIGEON MOUNTAIN ROAD,,Minor Crash,No,2006,,West,,0,,Flat,,,,,,Bright sun,680727,1,0,0,2,,,0,,,,,,Auckland Region,Nil,2-way,Sealed,,0,0,,50,,Off,0,0,,76,Auckland,Nil,,,,,0,0,Urban,0,,,Fine,Null
1757580,5918825,24080,,517400,0,0,0,2,0,West,2005/2006,CARLTON GORE ROAD,CLAREMONT ST,,Non-Injury Crash,No,2006,0,West,0,0,0,Flat,0,,0,,0,Overcast,449800,0,0,0,2,0,0,0,0,1,,0,0,Auckland Region,Nil,2-way,Sealed,0,0,0,0,50,0,Off,0,0,,76,Auckland,Nil,0,0,0,0,0,0,Urban,0,0,0,Fine,Null
1735972,5985249,24081,,506660,0,0,0,1,0,North,2005/2006,SH 1N,BOSHER ROAD,,Fatal Crash,Yes,2006,0,North,0,1,0,Flat,0,,0,,0,Dark,143900,0,0,0,2,0,0,0,1,0,,0,0,Auckland Region,Nil,2-way,Sealed,0,0,0,0,100,0,None,0,0,50,76,Auckland,Nil,0,0,0,0,0,0,Open,0,0,0,Fine,Null
1283342,4860693,24082,,610080,0,0,0,0,0,West,2006/2007,WYNDHAM-MOKORETA ROAD,MIMIHAU SCHOOL ROAD,,Minor Crash,No,2006,0,East,1,0,0,Hill Road,0,,0,,0,Bright sun,3093300,1,0,0,2,0,0,0,0,0,,0,0,Southland Region,Nil,2-way,Sealed,0,0,0,0,100,0,Null,0,0,,73,Southland District,Unknown,0,0,0,0,0,0,Open,1,0,0,Fine,Null
1869032,5714466,24083,,541730,0,,0,0,,Null,2005/2006,SPA ROAD,A C BATHS AVENUE,,Minor Crash,No,2006,,North,,0,,Hill Road,,,,,,Overcast,1270800,1,0,0,2,,,0,,,,,,Waikato Region,Nil,2-way,Sealed,,0,0,,50,,Null,0,0,,21,Taupo District,Give way,,,,,1,0,Urban,1,,,Light rain,Null
1879576,5825712,24084,,538202,0,0,0,2,0,South,2005/2006,MIRRIELEES ROAD,CROSS ROAD,,Minor Crash,No,2006,0,South,0,0,0,Flat,0,Queens Birthday,0,,0,Dark,1162800,1,0,0,2,0,0,0,0,1,,0,0,Bay of Plenty Region,Nil,2-way,Sealed,0,0,0,0,50,0,On,0,0,,23,Tauranga City,Unknown,0,0,0,0,0,0,Urban,0,0,0,Fine,Null
1789878,5517844,24085,,561300,0,0,0,2,0,West,2005/2006,SEABURY AVENUE,QUEEN ST,,Serious Crash,No,2006,0,West,0,0,0,Flat,0,,0,,0,Overcast,1782903,0,0,0,2,0,0,0,0,1,,0,0,Manawatū-Whanganui Region,Nil,2-way,Sealed,0,0,1,0,50,0,Null,0,0,,42,Horowhenua District,Unknown,0,0,0,0,0,0,Urban,0,0,0,Fine,Null
1570390,5180882,24086,,591500,0,,0,2,,Null,2005/2006,DURHAM ST,SALISBURY ST,,Minor Crash,No,2006,,South,,0,,Flat,,,,,,Dark,2653100,1,0,0,3,,,0,,,,,,Canterbury Region,Nil,1-way,Sealed,,0,0,,50,,On,0,0,,60,Christchurch City,Traffic Signals,,,,,0,0,Urban,0,,,Fine,Null
1761952,5913920,24087,,520202,0,,0,0,,South,2006/2007,SH 1N,PENROSE OFF NBD,,Minor Crash,Yes,2006,,North,,0,,Flat,,,,,,Bright sun,612400,2,0,0,3,,,0,,,,,,Auckland Region,Nil,1-way,Sealed,,0,0,,100,,Off,3,0,,76,Auckland,Nil,,,,,0,0,Open,0,,,Fine,Null
1570905,5174582,24088,,591102,0,,0,2,,Null,2006/2007,LONGHURST TERRACE,ALLOM LANE,,Minor Crash,No,2006,,South,,0,,Hill Road,,,,,,Overcast,2552500,3,0,0,2,,,0,,,,,,Canterbury Region,Nil,2-way,Sealed,,0,0,,50,,Null,0,0,,60,Christchurch City,Nil,,,,,0,0,Urban,0,,,Fine,Null
1799641,5505100,24089,,564021,0,0,0,1,0,North,2006/2007,SH 57,POTTS ROAD,,Minor Crash,Yes,2006,0,South,0,0,1,Flat,0,,0,,0,Twilight,1857500,1,0,0,2,0,0,0,0,0,,0,0,Manawatū-Whanganui Region,Nil,2-way,Sealed,0,0,0,0,100,0,None,0,0,,42,Horowhenua District,Nil,0,0,0,1,0,0,Open,0,0,0,Fine,Null
1568761,5176517,24090,,594800,0,0,0,0,0,East,2005/2006,SPARKS ROAD,WAIMOKIHI PLACE,,Serious Crash,No,2006,0,South,0,0,0,Flat,0,,0,,1,Bright sun,2642200,0,0,1,2,0,0,0,0,0,,0,0,Canterbury Region,Nil,2-way,Sealed,0,0,1,0,50,0,Null,0,0,,60,Christchurch City,Unknown,0,0,0,0,0,0,Urban,0,0,0,Fine,Null
1754412,5929230,24091,,508320,0,,0,3,,Null,2006/2007,WAIRAU ROAD,VIEW ROAD W,,Minor Crash,No,2006,,North,,0,,Flat,,,,,,Overcast,196401,1,0,0,3,,,0,,,,,,Auckland Region,Nil,2-way,Sealed,,0,0,,50,,Off,0,0,,76,Auckland,Give way,,,,,0,0,Urban,0,,,Fine,Null
1729011,6003980,24092,,505010,0,0,0,0,0,South,2005/2006,SH 1N,SH 12,,Minor Crash,Yes,2006,0,South,1,0,0,Flat,0,,0,,0,Overcast,134700,1,0,0,2,0,0,0,0,0,,0,0,Northland Region,Nil,2-way,Sealed,0,0,0,0,100,0,None,1,0,,3,Kaipara District,Nil,0,0,0,0,0,0,Open,0,0,0,Light rain,Null
1936034,5618172,24093,,545631,0,0,0,1,0,South,2005/2006,WILLOWBANK AVENUE,GEDDIS AVENUE,,Minor Crash,No,2006,0,South,0,0,1,Flat,0,,0,,0,Overcast,1403100,1,0,0,2,0,0,0,0,0,,0,0,Hawke's Bay Region,Nil,2-way,Sealed,0,0,0,0,100,0,Null,0,0,,31,Napier City,Nil,0,0,0,0,0,0,Open,0,0,0,Light rain,Null
1571122,5180647,24094,,591700,0,,0,2,,Null,2006/2007,MADRAS ST,KILMORE ST,,Serious Crash,No,2006,,North,,0,,Flat,,,,,,Overcast,2655600,1,0,0,4,,,0,,,,,,Canterbury Region,Nil,1-way,Sealed,,0,1,,50,,Null,0,0,,60,Christchurch City,Traffic Signals,,,,,0,0,Urban,0,,,Fine,Null
1728488,5932719,24095,,506652,0,,0,1,,South,2006/2007,SH 16,KIWITAHI ROAD,,Fatal Crash,Yes,2006,,North,,1,,Hill Road,,,,,,Dark,218300,1,0,0,2,,,0,,,,,,Auckland Region,Nil,2-way,Sealed,,0,0,,100,,None,0,0,,76,Auckland,Nil,,,,,0,0,Open,1,,,Fine,Null
1738161,5693304,24096,25,550700,0,,0,1,,South,2005/2006,SH 3,MANGAONGA ROAD,,Minor Crash,Yes,2006,,West,,0,,Hill Road,,,,,,Overcast,1552000,2,0,0,2,,,0,,,,,,Taranaki Region,Nil,2-way,Sealed,,0,0,,100,,Null,0,0,,33,New Plymouth District,Nil,,,,,0,0,Open,1,,,Light rain,Null
1748345,5912944,24097,,511401,0,,0,3,,North,2006/2007,TITIRANGI ROAD,OLD TITIRANGI ROAD N,,Minor Crash,No,2006,,North,,0,,Hill Road,,,,,,Bright sun,262800,3,0,0,2,,,0,,,,,,Auckland Region,Nil,2-way,Sealed,,0,0,,50,,Off,0,0,,76,Auckland,Nil,,,,,0,0,Urban,0,,,Light rain,Null
1436856,5003275,24098,,600813,0,0,0,1,0,Null,2005/2006,SH 1S,MCLEODS ROAD,,Minor Crash,Yes,2006,0,East,0,0,1,Flat,0,,0,,0,Dark,2830900,2,0,0,2,0,0,0,0,0,,0,0,Otago Region,Nil,2-way,Sealed,0,0,0,0,100,0,On,0,0,,68,Waitaki District,Give way,0,0,0,0,0,0,Open,0,0,0,Light rain,Null
1623499,5430142,24099,,582800,1,,0,1,,Null,2006/2007,WAIMEA ROAD,WELLINGTON ST,,Minor Crash,No,2006,,North,,0,,Flat,,,,,,Bright sun,2322700,1,0,0,2,,,0,,,,,,Nelson Region,Nil,2-way,Sealed,,0,0,,50,,Null,0,0,,52,Nelson City,Nil,,,,,0,0,Urban,0,,,Fine,Null
1813484,5863790,24100,65,533901,0,0,0,1,0,South,2006/2007,SH 27,TOREHAPE ROAD EAST,,Serious Crash,Yes,2006,0,South,0,0,0,Hill Road,0,,0,,0,Dark,1069401,0,0,0,2,0,0,0,0,0,,0,0,Waikato Region,Nil,2-way,Sealed,0,0,1,0,100,0,None,0,0,,12,Hauraki District,Nil,0,0,0,1,0,0,Open,0,0,0,Fine,Null
1553164,5165563,24101,,597512,0,0,0,1,0,Null,2005/2006,LEESTON ROAD,COLLINS ROAD,,Fatal Crash,No,2006,0,North,0,1,0,Flat,0,,0,,0,Dark,2721100,0,0,0,2,0,0,0,0,0,,0,1,Canterbury Region,Nil,2-way,Sealed,0,0,0,0,100,0,None,0,0,,62,Selwyn District,Stop,0,0,0,0,0,0,Open,0,0,0,Fine,Null
1755120,5914104,24102,20,518803,0,,0,2,,Null,2006/2007,DOMINION ROAD,MEMORIAL AVENUE,,Non-Injury Crash,No,2006,,East,,0,,Flat,,,,,,Bright sun,581200,0,0,0,2,,,0,,,,,,Auckland Region,Nil,2-way,Sealed,,0,0,,50,,Off,0,0,,76,Auckland,Give way,,,,,0,0,Urban,0,,,Fine,Null
1600877,5447440,24103,,584303,0,,0,1,,Null,2005/2006,SH 60,OLD WHARF ROAD,,Minor Crash,Yes,2006,,South,,0,,Flat,,,,,,Bright sun,2380200,2,0,0,2,,,0,,,,,,Tasman Region,Nil,2-way,Sealed,,0,0,,50,,Null,0,0,,51,Tasman District,Give way,,,,,0,0,Urban,1,,,Fine,Null
1800873,5814744,24104,,529700,0,0,0,1,1,Null,2006/2007,PEMBROKE ST,TRISTRAM ST,,Non-Injury Crash,No,2006,0,North,0,0,0,Flat,0,,0,,0,Dark,912100,0,0,0,2,0,0,0,0,0,,0,0,Waikato Region,Nil,2-way,Sealed,0,0,0,0,50,0,On,0,0,,16,Hamilton City,Nil,0,0,0,0,0,0,Urban,0,0,0,Light rain,Null
1892335,5812953,24105,,538502,0,,0,2,,South,2005/2006,BEATTY AVENUE,JELLICOE ST,,Non-Injury Crash,No,2006,,North,,0,,Flat,,,,,,Overcast,1214900,0,0,0,2,,,0,,,,,,Bay of Plenty Region,Nil,2-way,Sealed,,0,0,,50,,Null,0,0,,22,Western Bay of Plenty District,Unknown,,,,,0,0,Urban,0,,,Fine,Null
1771216,5898119,24106,,523912,0,0,0,1,0,Null,2005/2006,GLENORA ROAD,GREAT SOUTH ROAD,,Non-Injury Crash,No,2006,0,East,0,0,0,Flat,0,,0,,1,Dark,767705,0,0,0,4,0,0,0,0,0,,1,0,Auckland Region,Nil,2-way,Sealed,0,0,0,0,50,0,On,0,0,,76,Auckland,Traffic Signals,0,0,0,0,0,0,Urban,0,0,0,Heavy rain,Null
1771088,5911754,24107,,523110,0,,0,3,,Null,2006/2007,CHAPEL ROAD,KILKENNY DRIVE N,,Non-Injury Crash,No,2006,,North,,0,,Flat,,Christmas New Year,,,,Dark,3205003,0,0,0,2,,,0,,,,,,Auckland Region,Nil,2-way,Sealed,,0,0,,70,,On,0,0,,76,Auckland,Traffic Signals,,,,,0,0,Urban,0,,,Fine,Null
1569436,5187958,24108,,588401,0,,0,0,,Null,2006/2007,SH 74 MAIN NORTH,SLIP ROAD,,Minor Crash,Yes,2006,,North,,0,,Flat,,,,,,Bright sun,2529005,1,0,0,4,,,0,,,,,,Canterbury Region,Nil,2-way,Sealed,,0,0,,60,,Null,0,0,,60,Christchurch City,Traffic Signals,,,,,1,0,Urban,1,,,Fine,Null
1756067,5921055,24109,,515202,0,,0,1,,North,2006/2007,SH 1N,FANSHAWE OBR,,Non-Injury Crash,Yes,2006,,South,,0,,Flat,,,,,,Overcast,425600,0,0,0,4,,,0,,,,,,Auckland Region,Nil,1-way,Sealed,,0,0,,100,,Off,1,0,,76,Auckland,Nil,,,,,0,0,Open,0,,,Fine,Null
1754049,5931364,24110,,508803,0,,0,2,,Null,2005/2006,SH 18,UPPER HWY OFF NBD E,,Non-Injury Crash,Yes,2006,,West,,0,,Flat,,Christmas New Year,,,,Bright sun,180818,0,0,0,4,,,0,,,,,,Auckland Region,Nil,2-way,Sealed,,0,0,,50,,Off,0,0,,76,Auckland,Traffic Signals,,,,,0,0,Urban,0,,,Fine,Null
1772779,5896448,24111,,525420,0,,0,2,,North,2006/2007,OSHANNESSEY ST,BROADWAY,,Non-Injury Crash,No,2006,,South,,0,,Hill Road,,,,,,Dark,792800,0,0,0,2,,,0,,,,,,Auckland Region,Nil,2-way,Sealed,,0,0,,50,,On,0,0,,76,Auckland,Nil,,,,,0,0,Urban,0,,,Fine,Null
1707569,6092865,24112,,501620,0,0,0,0,1,South,2006/2007,RUSSELL ROAD,AUCKS ROAD,,Non-Injury Crash,No,2006,0,North,0,0,0,Flat,0,,0,,0,Bright sun,48404,0,0,0,2,0,0,0,0,0,,0,0,Northland Region,Nil,2-way,Sealed,0,0,0,0,100,0,Null,1,0,,1,Far North District,Unknown,0,0,0,1,0,0,Open,0,0,0,Fine,Null
1876466,5819676,24113,,537601,0,0,0,0,0,Null,2005/2006,CHADWICK ROAD,MANSELS ROAD,,Non-Injury Crash,No,2006,0,South,0,0,0,Flat,0,,0,,0,Bright sun,1175702,0,0,0,2,0,1,0,0,0,,0,0,Bay of Plenty Region,Nil,2-way,Sealed,0,0,0,0,50,0,Null,0,0,,23,Tauranga City,Give way,0,0,0,0,1,0,Urban,0,0,0,Fine,Null