X,Y,OBJECTID,advisorySpeed,areaUnitID,bicycle,bridge,bus,carStationWagon,cliffBank,crashDirectionDescription,crashFinancialYear,crashLocation1,crashLocation2,crashRoadSideRoad,crashSeverity,crashSHDescription,crashYear,debris,directionRoleDescription,ditch,fatalCount,fence,flatHill,guardRail,holiday,houseOrBuilding,intersection,kerb,light,meshblockId,minorInjuryCount,moped,motorcycle,NumberOfLanes,objectThrownOrDropped,otherObject,otherVehicleType,overBank,parkedVehicle,pedestrian,phoneBoxEtc,postOrPole,region,roadCharacter,roadLane,roadSurface,roadworks,schoolBus,seriousInjuryCount,slipOrFlood,speedLimit,strayAnimal,streetLight,suv,taxi,temporarySpeedLimit,tlaId,tlaName,trafficControl,trafficIsland,trafficSign,train,tree,truck,unknownVehicleType,urban,vanOrUtility,vehicle,waterRiver,weatherA,weatherB
1856097,5803467,24114,65,535231,0,,0,1,,East,2006/2007,SH 29,SH 28,,Non-Injury Crash,Yes,2006,,East,,0,,Hill Road,,,,,,Overcast,1114500,0,0,1,3,,,0,,,,,,Waikato Region,Nil,2-way,Sealed,,0,0,,100,,Null,0,0,,15,Matamata-Piako District,Unknown,,,,,0,0,Open,0,,,Light rain,Null
1754343,5913498,24115,,518803,0,0,0,2,0,East,2005/2006,MAY ROAD,RICHARDSON ROAD,,Non-Injury Crash,No,2006,0,East,0,0,0,Flat,0,,0,,0,Overcast,581800,0,0,0,2,0,0,0,0,1,,0,0,Auckland Region,Nil,2-way,Sealed,0,0,0,0,50,0,Off,0,1,,76,Auckland,Nil,0,0,0,0,0,0,Urban,0,0,0,Light rain,Null
1802484,5800462,24116,,527600,0,0,0,1,0,Null,2006/2007,SANDES ST,GREAT COLLINS ST,,Non-Injury Crash,No,2006,0,West,0,0,0,Hill Road,0,,0,,0,Dark,985901,0,0,0,2,0,0,0,0,0,,0,0,Waikato Region,Nil,2-way,Sealed,0,0,0,0,50,0,None,0,0,,17,Waipa District,Nil,0,0,0,1,0,0,Urban,0,0,0,Fine,Null
1800965,5812536,24117,,529200,0,,0,1,,North,2006/2007,OHAUPO ROAD,STEWART PLACE,,Non-Injury Crash,No,2006,,South,,0,,Flat,,,,,,Overcast,928100,0,0,0,4,,,0,,,,,,Waikato Region,Nil,2-way,Sealed,,0,0,,60,,Null,0,0,,16,Hamilton City,Give way,,,,,0,0,Urban,1,,,Fine,Null
1802109,5733884,24118,,531800,0,0,0,0,1,North,2005/2006,SH 30,WAIMIHA ROAD,,Non-Injury Crash,Yes,2006,0,North,0,0,0,Flat,0,,0,,0,Bright sun,1013000,0,0,0,2,0,0,0,0,0,,0,0,Waikato Region,Nil,2-way,Sealed,0,0,0,0,100,0,Null,0,0,,20,Waitomo District,Unknown,0,0,0,1,1,0,Open,0,0,0,Fine,Null
1755568,5920119,24119,,515302,0,,0,2,,South,2006/2007,PONSONBY ROAD,SUMMER ST,,Non-Injury Crash,No,2006,,North,,0,,Flat,,,,,,Twilight,430800,0,0,0,4,,,0,,,,,,Auckland Region,Nil,2-way,Sealed,,0,0,,50,,On,0,0,,76,Auckland,Nil,,,,,0,0,Urban,0,,,Fine,Null
1756442,5927227,24120,,507900,0,,0,1,,Null,2005/2006,NORTHCOTE ROAD,NORTHCOTE ON SBD,,Non-Injury Crash,No,2006,,West,,0,,Flat,,,,,,Bright sun,303502,0,0,0,5,,,0,,,,,,Auckland Region,Nil,2-way,Sealed,,0,0,,50,,Off,0,0,,76,Auckland,Traffic Signals,,,,,1,0,Urban,0,,,Fine,Null
1752964,5947146,24121,,505808,0,0,0,0,0,South,2006/2007,MARELLEN DRIVE,UPPER CHELVERTON DRIVE,,Non-Injury Crash,No,2006,0,North,0,0,1,Hill Road,0,,0,,0,Overcast,173106,0,0,0,2,0,0,0,0,0,,0,0,Auckland Region,Nil,2-way,Sealed,0,0,0,0,50,0,Off,0,0,,76,Auckland,Nil,0,0,0,0,0,0,Urban,1,0,0,Light rain,Null
1241355,4829257,24122,,612100,0,0,0,1,0,West,2005/2006,SH 1S,MCGORLICK ST,,Minor Crash,Yes,2006,0,East,0,0,0,Flat,0,,0,,0,Overcast,3158200,1,0,0,2,0,0,0,0,0,,0,1,Southland Region,Nil,2-way,Sealed,0,0,0,0,100,0,Null,0,0,,75,Invercargill City,Unknown,0,0,0,0,0,0,Open,0,0,0,Fine,Strong wind
1402579,4913902,24123,,605920,0,,0,2,,Null,2006/2007,KAIKORAI VALLEY ROAD,BURNSIDE ON RAMP SBD,,Minor Crash,No,2006,,North,,0,,Hill Road,,,,,,Dark,2955600,1,0,0,2,,,0,,,,,,Otago Region,Motorway ramp,2-way,Sealed,,0,0,,50,,On,0,0,,71,Dunedin City,Nil,,,,,0,0,Urban,0,,,Light rain,Null
1841799,5818695,24124,,535220,0,,0,3,,North,2005/2006,SH 27,WARDVILLE ROAD,,Serious Crash,Yes,2006,,South,,0,,Flat,,Christmas New Year,,,,Overcast,1112202,1,0,0,2,,,0,,,,,,Waikato Region,Nil,2-way,Sealed,,0,3,,100,,Null,0,0,,15,Matamata-Piako District,Unknown,,,,,0,0,Open,0,,,Fine,Null
1565138,5179196,24125,,590300,0,,0,1,,Null,2005/2006,SH 73 CURLETTS ROAD,BLENHEIM ROAD,,Minor Crash,Yes,2006,,West,,0,,Flat,,,,,,Bright sun,2480302,2,0,0,6,,,0,,,,,,Canterbury Region,Nil,2-way,Sealed,,0,0,,60,,Null,0,0,,60,Christchurch City,Traffic Signals,,,,,1,0,Urban,0,,,Fine,Null
1754292,5915258,24126,,517702,0,,0,1,,West,2006/2007,MOUNT ALBERT ROAD,SANDRINGHAM ROAD,,Non-Injury Crash,No,2006,,East,,0,,Flat,,,,,,Overcast,541500,0,0,0,2,,,0,,,,,,Auckland Region,Nil,2-way,Sealed,,0,0,,50,,Off,1,0,,76,Auckland,Nil,,,,,0,0,Urban,0,,,Heavy rain,Null
1756467,5913479,24127,,518701,0,0,0,1,0,Null,2005/2006,WARREN AVENUE,HAYR ROAD,,Non-Injury Crash,No,2006,0,North,0,0,1,Hill Road,0,,0,,0,Twilight,568500,0,0,0,2,0,0,0,0,0,,0,0,Auckland Region,Nil,2-way,Sealed,0,0,0,0,50,0,Off,0,0,,76,Auckland,Nil,0,0,0,0,0,0,Urban,0,0,0,Heavy rain,Strong wind
1719612,6050421,24128,,502201,0,,0,2,,South,2005/2006,Z CPK COUNTDOWN,PARAMOUNT PARADE,,Non-Injury Crash,No,2006,,North,,0,,Flat,,Easter,,,,Bright sun,86500,0,0,0,0,,,0,,,,,,Northland Region,Nil,Off road,Sealed,,0,0,,20,,Off,0,0,,2,Whangarei District,Nil,,,,,0,0,Urban,0,,,Fine,Null
1739793,5930644,24129,,505604,0,,0,1,,Null,2005/2006,OLD NORTH ROAD,DEACON ROAD,,Serious Crash,No,2006,,South,,0,,Hill Road,,,,,,Bright sun,213800,2,0,0,2,,,0,,,,,,Auckland Region,Nil,2-way,Sealed,,0,3,,100,,Off,1,0,,76,Auckland,Give way,,,,,0,0,Open,0,,,Fine,Null
1821687,5463596,24130,,579100,0,0,0,1,0,North,2006/2007,NGAUMUTAWA ROAD,CORNWALL ST,,Minor Crash,No,2006,0,North,0,0,1,Flat,0,,0,,0,Overcast,2247800,1,0,0,2,0,0,0,0,0,,0,0,Wellington Region,Nil,2-way,Sealed,0,0,0,0,50,0,Null,0,0,,48,Masterton District,Nil,0,0,0,0,1,0,Urban,0,0,0,Fine,Null
1829435.5292,5536720.0717,24131,,560422,0,0,0,1,0,East,2006/2007,ASHHURST ROAD,WATERSHED ROAD,,Non-Injury Crash,No,2006,0,East,0,0,0,Hill Road,0,,0,,0,Dark,1758500,0,0,0,2,0,0,0,0,0,,0,0,Manawatū-Whanganui Region,Nil,2-way,Sealed,0,0,0,0,100,0,None,0,0,,39,Manawatu District,Nil,0,0,0,0,1,0,Open,0,0,0,Heavy rain,Null
1752284,5931187,24132,,508807,1,,0,1,,Null,2006/2007,BUSH ROAD,WILLIAM PICKERING DRIVE,,Non-Injury Crash,No,2006,,West,,0,,Flat,,,,,,Bright sun,180809,0,0,0,1,,,0,,,,,,Auckland Region,Nil,1-way,Sealed,,0,0,,50,,Off,0,0,,76,Auckland,Give way,,,,,0,0,Urban,0,,,Fine,Null
1882722,5774013,24133,,539600,0,,0,2,,West,2005/2006,SUNSET ROAD,WRIGLEY ROAD,,Non-Injury Crash,No,2006,,East,,0,,Flat,,,,,,Dark,1227800,0,0,0,2,,,0,,,,,,Bay of Plenty Region,Nil,2-way,Sealed,,0,0,,50,,On,0,0,,24,Rotorua District,Unknown,,,,,0,0,Urban,0,,,Fine,Null
1735809,5988600,24134,,506660,0,0,0,1,0,South,2005/2006,SH 1N,MANGAWHAI ROAD,,Non-Injury Crash,Yes,2006,0,South,0,0,0,Flat,0,,0,,0,Dark,135800,0,0,0,2,0,0,0,0,0,,0,0,Auckland Region,Nil,2-way,Sealed,0,0,0,0,100,0,None,0,0,,76,Auckland,Nil,0,0,0,0,0,0,Open,0,0,0,Light rain,Null
1933065,5605381,24135,,545721,0,0,0,1,0,South,2005/2006,ST GEORGES ROAD,FARMLET ROAD,,Minor Crash,No,2006,0,South,1,0,0,Flat,0,,0,,0,Overcast,1472600,1,0,0,2,0,0,0,0,0,,0,0,Hawke's Bay Region,Nil,2-way,Sealed,0,0,0,0,100,0,Null,0,0,,30,Hastings District,Nil,0,0,0,0,0,0,Open,0,0,0,Light rain,Null
1616758,5253506,24136,65,585601,0,0,0,1,0,South,2005/2006,SH 1S,DARROCHS ROAD,,Serious Crash,Yes,2006,0,South,0,0,0,Hill Road,0,,0,,0,Twilight,2433202,1,0,0,2,0,0,0,1,0,,0,0,Canterbury Region,Nil,2-way,Sealed,0,0,1,0,100,0,None,0,0,,58,Hurunui District,Unknown,0,0,0,0,0,0,Open,0,0,0,Fine,Null
1892341,5782748,24137,,538820,0,0,0,1,1,South,2005/2006,SH 33,OKAWA BAY ROAD,,Minor Crash,Yes,2006,0,North,0,0,0,Hill Road,0,,0,,0,Overcast,1251603,1,0,0,2,0,0,0,0,0,,0,0,Bay of Plenty Region,Nil,2-way,Sealed,0,0,0,0,100,0,Null,0,0,,24,Rotorua District,Unknown,0,0,0,0,0,0,Open,0,0,0,Fine,Null
1764636,5908922,24138,,521802,0,0,0,2,0,East,2005/2006,NGAIO ST,TAMAKI AVENUE,,Non-Injury Crash,No,2006,0,East,0,0,1,Flat,0,,0,,0,Dark,789501,0,0,0,2,0,0,0,0,0,,0,0,Auckland Region,Nil,2-way,Sealed,0,0,0,0,50,0,On,0,0,,76,Auckland,Unknown,0,0,0,0,0,0,Urban,0,0,0,Heavy rain,Null
1746173,5918709,24139,,512401,0,,0,2,,East,2005/2006,SCHOOL ROAD,MARIE CRESCENT,,Minor Crash,No,2006,,East,,0,,Hill Road,,,,,,Dark,255900,4,0,0,2,,,0,,,,,,Auckland Region,Nil,2-way,Sealed,,0,0,,50,,On,0,0,,76,Auckland,Nil,,,,,0,0,Urban,0,,,Light rain,Null
1498272,5137006,24140,,597860,0,,0,1,,North,2006/2007,SH 1S,CARTERS TERRACE,,Minor Crash,Yes,2006,,South,,0,,Flat,,,,,,Bright sun,2739400,1,0,0,2,,,0,,,,,,Canterbury Region,Nil,2-way,Sealed,,0,0,,50,,Null,0,0,,63,Ashburton District,Unknown,,,,,0,0,Urban,1,,,Fine,Null
1878072,5821554,24141,,538102,0,,0,2,,Null,2005/2006,FRASER ST,EIGHTEENTH AVENUE,,Non-Injury Crash,No,2006,,South,,0,,Hill Road,,,,,,Bright sun,1170600,0,0,0,2,,,0,,,,,,Bay of Plenty Region,Nil,2-way,Sealed,,0,0,,50,,Null,0,0,,23,Tauranga City,Give way,,,,,0,0,Urban,0,,,Fine,Null
1773033,5895621,24142,,525410,0,,0,1,,Null,2005/2006,SETTLEMENT ROAD,OPAHEKE ROAD,,Non-Injury Crash,No,2006,,East,,0,,Flat,,,,,,Bright sun,793400,0,0,0,2,,,0,,,,,,Auckland Region,Nil,2-way,Sealed,,0,0,,50,,Off,1,0,,76,Auckland,Stop,,,,,0,0,Urban,0,,,Fine,Null
1756692,5917586,24143,,518102,0,0,0,1,0,North,2006/2007,SHERBOURNE ROAD,BELLEVUE ROAD,,Non-Injury Crash,No,2006,0,South,0,0,0,Hill Road,0,Labour Weekend,0,,0,Overcast,545400,0,0,0,2,0,0,0,0,1,,0,0,Auckland Region,Nil,2-way,Sealed,0,0,0,0,50,0,Off,0,0,,76,Auckland,Nil,0,0,0,0,1,0,Urban,0,0,0,Fine,Null
1760199,5915911,24144,,516003,0,,0,0,,South,2005/2006,SH 1N,GREENLANE INT S,,Minor Crash,Yes,2006,,South,,0,,Flat,,,,,,Bright sun,494902,1,0,1,3,,,0,,,,,,Auckland Region,Nil,1-way,Sealed,,0,0,,100,,None,0,0,,76,Auckland,Nil,,,,,0,0,Open,1,,,Fine,Null
1766910,5907748,24145,,523501,0,,0,1,,Null,2005/2006,BAIRDS ROAD,THURSO LANE,,Minor Crash,No,2006,,North,,0,,Flat,,,,,,Bright sun,700602,1,0,0,2,,,0,,,,,,Auckland Region,Nil,2-way,Sealed,,0,0,,50,,Off,0,0,,76,Auckland,Give way,,,,,0,0,Urban,1,,,Fine,Null
1757329,5919514,24146,,514103,0,,0,2,,North,2005/2006,SYMONDS ST,CITY ROAD,,Minor Crash,No,2006,,North,,0,,Flat,,,,,,Overcast,436300,1,0,0,4,,,0,,,,,,Auckland Region,Nil,2-way,Sealed,,0,0,,50,,Off,0,0,,76,Auckland,Nil,,,,,0,0,Urban,0,,,Fine,Null
1749512,5427112,24147,,573400,0,0,0,1,0,North,2005/2006,ROXBURGH ST,MAJORIBANKS ST,,Non-Injury Crash,No,2006,0,South,0,0,0,Flat,0,,0,,0,Bright sun,2139900,0,0,0,2,0,0,0,0,1,,0,0,Wellington Region,Nil,2-way,Sealed,0,0,0,0,50,0,Null,0,0,,47,Wellington City,Nil,0,0,0,0,0,0,Urban,1,0,0,Fine,Null
1242454,4849786,24148,,611210,0,,0,1,,East,2005/2006,DON ST,SH 6,,Minor Crash,No,2006,,West,,0,,Flat,,,,,,Overcast,3108100,1,0,0,2,,,0,,,,,,Southland Region,Nil,1-way,Sealed,,0,0,,50,,Null,1,0,,75,Invercargill City,Unknown,,,,,0,0,Urban,0,,,Fine,Null
1291905,4877084,24149,,610033,0,0,0,0,0,East,2005/2006,SH 93,WAIKANA ROAD,,Minor Crash,Yes,2006,0,West,0,0,0,Hill Road,0,,0,,0,Overcast,3053900,1,0,0,2,0,0,1,0,0,,0,1,Southland Region,Nil,2-way,Sealed,0,0,0,0,100,0,Null,0,0,,74,Gore District,Unknown,0,0,0,0,0,0,Open,0,0,0,Fine,Null
1765081,5910217,24150,,521803,0,0,0,2,0,South,2006/2007,SH 1N,PRINCES OBR,,Serious Crash,Yes,2006,0,South,0,0,0,Flat,0,,0,,0,Bright sun,790500,0,0,0,6,0,0,0,0,0,,0,1,Auckland Region,Nil,2-way,Sealed,0,0,1,0,100,0,Off,0,0,80,76,Auckland,Nil,0,0,0,0,0,0,Open,0,0,0,Fine,Null
1795881,5811501,24151,40,527820,0,0,0,1,0,South,2006/2007,TUHIKARAMEA ROAD,FOSTER ROAD,,Non-Injury Crash,No,2006,0,North,0,0,0,Flat,0,,0,,0,Bright sun,979400,0,0,0,2,0,0,0,0,0,,0,0,Waikato Region,Nil,2-way,Sealed,0,0,0,0,50,0,Off,0,0,,16,Hamilton City,Nil,0,0,0,0,0,0,Urban,0,0,0,Fine,Null
1252724,4872537,24152,85,610040,0,0,0,0,0,North,2006/2007,SH 96,CHANNEL ROAD,,Minor Crash,Yes,2006,0,South,0,0,1,Flat,0,,0,,0,Dark,3076000,1,0,0,2,0,0,0,0,0,,0,0,Southland Region,Nil,2-way,Sealed,0,0,0,0,100,0,None,0,0,,73,Southland District,Unknown,0,0,0,0,0,0,Open,1,0,0,Fine,Null
1753981,5927131,24153,,508310,0,0,0,2,0,South,2005/2006,GREENVALLEY RISE,AGINCOURT ST,,Non-Injury Crash,No,2006,0,West,0,0,0,Flat,0,,0,,0,Overcast,202300,0,0,0,1,0,0,0,0,1,,0,0,Auckland Region,Nil,2-way,Sealed,0,0,0,0,50,0,Off,0,0,,76,Auckland,Nil,0,0,0,0,0,0,Urban,0,0,0,Fine,Null
1771684,5874029,24154,,526200,0,,0,2,,West,2006/2007,BUCKLAND ROAD,CHURCH ST,,Non-Injury Crash,No,2006,,East,,0,,Flat,,,,,,Twilight,839600,0,0,0,2,,,0,,,,,,Waikato Region,Nil,2-way,Sealed,,0,0,,70,,Off,0,0,,13,Waikato District,Nil,,,,,0,0,Urban,0,,,Heavy rain,Null
1746024,5995551,24155,,506660,0,,0,1,,South,2005/2006,OCEAN VIEW ROAD,LAKE ROAD,,Serious Crash,No,2006,,South,,0,,Hill Road,,,,,,Bright sun,135300,1,0,0,2,,,0,,,,,,Auckland Region,Nil,2-way,Unsealed,,0,1,,100,,Off,0,0,,76,Auckland,Nil,,,,,1,0,Open,0,,,Fine,Null
1764475,5912951,24156,,520500,0,,0,2,,Null,2006/2007,CARBINE ROAD,SOUTH-EASTERN HIGHWAY,,Non-Injury Crash,No,2006,,East,,0,,Flat,,,,,,Dark,639100,0,0,0,2,,,0,,,,,,Auckland Region,Nil,2-way,Sealed,,0,0,,80,,On,0,0,,76,Auckland,Traffic Signals,,,,,0,0,Open,0,,,Light rain,Null
1729768,6030808,24157,75,501811,0,0,0,1,0,North,2006/2007,ONE TREE POINT ROAD,SH 15A,,Non-Injury Crash,No,2006,0,South,1,0,0,Flat,0,Labour Weekend,0,,0,Dark,79201,0,0,0,2,0,0,0,0,0,,0,0,Northland Region,Nil,2-way,Sealed,0,0,0,0,100,0,None,0,0,,2,Whangarei District,Unknown,0,0,0,0,0,0,Open,0,0,0,Light rain,Null
1797077,5819568,24158,,528403,0,,0,1,,Null,2005/2006,TE RAPA ROAD,WAIRERE DRIVE,,Non-Injury Crash,No,2006,,South,,0,,Flat,,,,,,Bright sun,907401,0,1,0,3,,,0,,,,,,Waikato Region,Nil,2-way,Sealed,,0,0,,60,,Null,0,0,,16,Hamilton City,Give way,,,,,0,0,Urban,0,,,Fine,Null
1758565,5917568,24159,,516001,0,,0,1,,South,2005/2006,SH 1N,GILLIES OBR,,Non-Injury Crash,Yes,2006,,South,,0,,Flat,,,,,,Dark,490701,0,0,0,4,,,0,,,,,,Auckland Region,Nil,1-way,Sealed,,0,0,,100,,On,1,0,,76,Auckland,Nil,,,,,1,0,Open,0,,,Fine,Null
1756324,5919102,24160,,515500,0,,0,1,,West,2005/2006,NEWTON OFF EBD N,NEWTON ROAD,,Non-Injury Crash,Yes,2006,,East,,0,,Flat,,,,,,Overcast,417600,0,0,0,2,,,0,,,,,,Auckland Region,Motorway ramp,1-way,Sealed,,0,0,,50,,Off,1,0,,76,Auckland,Give way,,,,,0,0,Urban,0,,,Light rain,Null
1762914,5890918,24161,,521122,0,,0,1,,Null,2005/2006,LINWOOD ROAD,KIDD ROAD,,Serious Crash,No,2006,,East,,0,,Flat,,Easter,,,,Dark,809900,0,0,0,2,,,0,,,,,,Auckland Region,Nil,2-way,Sealed,,0,1,,70,,On,0,0,,76,Auckland,Give way,,,,,0,0,Urban,1,,,Light rain,Null
1756115,5442843,24162,,571200,0,0,0,1,0,West,2005/2006,SIEVERS GROVE,CARDIFF CRESCENT,,Non-Injury Crash,No,2006,0,South,0,0,0,Hill Road,0,,0,,0,Dark,2050300,0,0,0,2,0,0,0,0,0,,0,1,Wellington Region,Nil,2-way,Sealed,0,0,0,0,50,0,On,0,0,,44,Porirua City,Nil,0,0,0,0,0,0,Urban,0,0,0,Fine,Null
1619184,5426860,24163,,584000,0,0,0,0,0,South,2005/2006,NAYLAND ROAD,ANDREW ST,,Non-Injury Crash,No,2006,0,South,0,0,0,Flat,0,,0,,0,Bright sun,2341500,0,0,0,2,0,0,0,0,1,,0,0,Nelson Region,Nil,2-way,Sealed,0,0,0,0,50,0,Null,0,0,,52,Nelson City,Nil,0,0,0,0,0,0,Urban,2,0,0,Fine,Null
1926812,5604765,24164,,545761,0,,0,1,,Null,2006/2007,MARAEKAKAHO ROAD,HEATHCOTE ROAD,,Minor Crash,No,2006,,South,,0,,Flat,,,,,,Dark,1468801,2,0,1,2,,,0,,,,,,Hawke's Bay Region,Nil,2-way,Sealed,,0,0,,100,,On,0,0,,30,Hastings District,Stop,,,,,0,0,Open,0,,,Fine,Null
1239685,4872697,24165,55,610040,0,0,0,1,0,South,2005/2006,LOCHIEL-BRANXHOLME ROAD,SH 6,,Minor Crash,No,2006,0,South,0,0,1,Flat,0,,0,,0,Dark,3075000,2,0,0,2,0,0,0,0,0,,0,0,Southland Region,Nil,2-way,Sealed,0,0,0,0,100,0,None,0,0,,73,Southland District,Unknown,0,0,0,0,0,0,Open,0,0,0,Fine,Null
1755000,5929384,24166,,508420,0,,0,2,,Null,2006/2007,TARGET ROAD,LINK DRIVE,,Non-Injury Crash,No,2006,,South,,0,,Flat,,,,,,Bright sun,183800,0,0,0,2,,,0,,,,,,Auckland Region,Nil,2-way,Sealed,,0,0,,50,,Off,0,0,,76,Auckland,Traffic Signals,,,,,0,0,Urban,0,,,Fine,Null
1867165,5713246,24167,,541720,0,0,0,1,0,Null,2006/2007,RUAPEHU ST,TUWHARETOA ST,,Non-Injury Crash,No,2006,0,North,0,0,0,Flat,0,Labour Weekend,0,,0,Dark,1273900,0,0,0,2,0,0,0,0,0,,1,0,Waikato Region,Nil,2-way,Sealed,0,0,0,0,50,0,On,0,0,,21,Taupo District,Nil,0,0,0,1,0,0,Urban,0,0,0,Fine,Null
1933666,5632430,24168,,545611,0,0,0,1,0,North,2005/2006,SH 5,SH 2,,Non-Injury Crash,Yes,2006,0,South,0,0,0,Hill Road,1,,0,,0,Overcast,1413900,0,0,0,2,0,0,0,0,0,,0,0,Hawke's Bay Region,Nil,2-way,Sealed,0,0,0,0,100,0,Null,0,0,,31,Napier City,Nil,0,0,0,0,0,0,Open,0,0,0,Light rain,Null
1881296,5774760,24169,,539310,0,0,0,1,0,West,2006/2007,CLAYTON ROAD,THOMAS CRESCENT,,Non-Injury Crash,No,2006,0,East,0,0,0,Flat,0,,0,,0,Dark,1230801,0,0,0,2,0,0,0,0,1,,0,0,Bay of Plenty Region,Nil,2-way,Sealed,0,0,0,0,50,0,Off,0,0,,24,Rotorua District,Nil,0,0,0,0,0,0,Urban,1,0,0,Fine,Null
1310739,4985588,24170,,608302,0,0,0,1,0,West,2005/2006,STRODE ROAD,LAING ROAD,,Serious Crash,No,2006,0,East,1,0,0,Flat,0,,0,,0,Dark,3022201,0,0,0,2,0,0,0,0,0,,0,0,Otago Region,Nil,2-way,Sealed,0,0,1,0,100,0,None,0,0,,69,Central Otago District,Unknown,0,0,0,0,0,0,Open,0,0,0,Fine,Null
1816711,5803326,24171,,527502,0,,0,1,,Null,2006/2007,BRYCE ST,QUEEN ST,,Non-Injury Crash,No,2006,,South,,0,,Flat,,Christmas New Year,,,,Bright sun,964400,0,0,0,2,,,0,,,,,,Waikato Region,Nil,2-way,Sealed,,0,0,,50,,Null,0,0,,17,Waipa District,Stop,,,,,0,0,Urban,1,,,Fine,Null
1760316,5448611,24172,25,565601,0,0,0,1,0,West,2005/2006,GRAYS ROAD,PAEKAKARIKI HILL ROAD,,Non-Injury Crash,No,2006,0,West,0,0,0,Flat,0,Easter,0,,0,Bright sun,2072000,0,0,0,2,0,0,0,1,0,,0,0,Wellington Region,Nil,2-way,Sealed,0,0,0,0,80,0,Null,0,0,,44,Porirua City,Nil,0,1,0,1,0,0,Open,0,0,0,Fine,Null
1807034,5776757,24173,,531304,0,,1,1,,South,2006/2007,NGAHAPE ROAD,GALLAGHER ROAD EAST,,Non-Injury Crash,No,2006,,North,,0,,Flat,,,,,,Overcast,999300,0,0,0,2,,,0,,,,,,Waikato Region,Nil,2-way,Sealed,,0,0,,100,,None,0,0,,18,Ōtorohanga District,Nil,,,,,0,0,Open,0,,,Light rain,Null
2037722,5707834,24174,,544801,0,0,0,2,0,Null,2005/2006,Z CPK GORDON GECKOS,ESPLANADE/WAINUI,,Non-Injury Crash,No,2006,0,West,0,0,0,Flat,0,,0,,0,Overcast,1386000,0,0,0,1,0,0,0,0,1,,0,0,Gisborne Region,Nil,Off road,Sealed,0,0,0,0,50,0,Null,0,0,,28,Gisborne District,Nil,0,0,0,0,0,0,Urban,0,0,0,Fine,Null
1799130,5821527,24175,,527008,0,0,0,1,0,Null,2005/2006,THOMAS ROAD,RESOLUTION DRIVE,,Non-Injury Crash,No,2006,0,North,0,0,0,Flat,0,,0,,0,Dark,952018,0,0,0,2,0,0,0,0,0,,0,1,Waikato Region,Nil,2-way,Sealed,0,0,0,0,50,0,On,0,0,,16,Hamilton City,Nil,0,0,0,0,0,0,Urban,0,0,0,Light rain,Null
1871390,5823038,24176,75,536503,0,,0,2,,West,2005/2006,SH 2,CLARKE ROAD,,Serious Crash,Yes,2006,,West,,0,,Hill Road,,,,,,Overcast,1188103,0,0,0,2,,,0,,,,,,Bay of Plenty Region,Nil,2-way,Sealed,,0,2,,100,,Null,0,0,,22,Western Bay of Plenty District,Unknown,,,,,0,0,Open,0,,,Fine,Null
1719528,6062622,24177,,501814,0,0,0,1,1,West,2006/2007,MARUA ROAD,OTONGA-MARUA ROAD,,Minor Crash,No,2006,0,East,0,0,0,Hill Road,0,,0,,0,Twilight,61700,4,0,0,2,0,0,0,0,0,,0,0,Northland Region,Nil,2-way,Sealed,0,0,0,0,100,0,None,0,0,,2,Whangarei District,Nil,0,0,0,0,0,0,Open,0,0,0,Fine,Null
1764714,5911482,24178,,520500,0,,0,1,,South,2006/2007,SH 1N,PANAMA OBR,,Non-Injury Crash,Yes,2006,,North,,0,,Flat,,,,,,Bright sun,635800,0,0,0,3,,,0,,,,,,Auckland Region,Nil,1-way,Sealed,,0,0,,100,,Off,1,0,,76,Auckland,Nil,,,,,0,0,Open,0,,,Fine,Null
1748906,5428279,24179,,573000,0,,0,2,,Null,2005/2006,CUSTOMHOUSE QUAY,JOHNSTON ST,,Non-Injury Crash,No,2006,,North,,0,,Flat,,Queens Birthday,,,,Dark,2124300,0,0,0,6,,,0,,,,,,Wellington Region,Nil,2-way,Sealed,,0,0,,50,,On,0,0,,47,Wellington City,Traffic Signals,,,,,0,0,Urban,0,,,Fine,Null
1771015,5913167,24180,,523101,0,0,0,2,0,Null,2005/2006,MIRRABOOKA AVENUE,BILLABONG PLACE,,Non-Injury Crash,No,2006,0,East,0,0,1,Hill Road,0,,0,,0,Overcast,710528,0,0,0,2,0,0,0,0,0,,0,0,Auckland Region,Nil,2-way,Sealed,0,0,0,0,50,0,Off,0,0,,76,Auckland,Give way,0,0,0,0,0,0,Urban,0,0,0,Light rain,Null
1715885,6066031,24181,,501814,0,,0,1,,North,2005/2006,SH 1N,RUSSELL ROAD N,,Minor Crash,Yes,2006,,South,,0,,Flat,,,,,,Bright sun,60500,1,0,0,1,,,0,,,,,,Northland Region,Nil,2-way,Unsealed,,0,0,,100,,None,0,0,30,2,Whangarei District,Nil,,,,,0,0,Open,0,,,Fine,Null
1816220,5803576,24182,,527502,0,0,0,1,0,West,2006/2007,SH 1N,HALL ST,,Serious Crash,Yes,2006,0,West,0,0,0,Flat,0,,0,,0,Dark,964000,0,0,0,2,0,0,0,0,0,,0,0,Waikato Region,Nil,2-way,Sealed,0,0,1,0,50,0,On,0,0,,17,Waipa District,Nil,0,0,0,1,0,0,Urban,0,0,0,Fine,Null