X,Y,OBJECTID,advisorySpeed,areaUnitID,bicycle,bridge,bus,carStationWagon,cliffBank,crashDirectionDescription,crashFinancialYear,crashLocation1,crashLocation2,crashRoadSideRoad,crashSeverity,crashSHDescription,crashYear,debris,directionRoleDescription,ditch,fatalCount,fence,flatHill,guardRail,holiday,houseOrBuilding,intersection,kerb,light,meshblockId,minorInjuryCount,moped,motorcycle,NumberOfLanes,objectThrownOrDropped,otherObject,otherVehicleType,overBank,parkedVehicle,pedestrian,phoneBoxEtc,postOrPole,region,roadCharacter,roadLane,roadSurface,roadworks,schoolBus,seriousInjuryCount,slipOrFlood,speedLimit,strayAnimal,streetLight,suv,taxi,temporarySpeedLimit,tlaId,tlaName,trafficControl,trafficIsland,trafficSign,train,tree,truck,unknownVehicleType,urban,vanOrUtility,vehicle,waterRiver,weatherA,weatherB
1772485,5894643,24183,,525530,0,0,0,1,0,West,2006/2007,TAONUI ST,TATARIKI ST,,Non-Injury Crash,No,2006,0,West,0,0,0,Flat,0,Labour Weekend,0,,0,Dark,803703,0,0,0,2,0,0,0,0,0,,0,0,Auckland Region,Nil,2-way,Sealed,0,0,0,0,50,0,On,0,0,,76,Auckland,Nil,0,0,0,1,0,0,Urban,0,0,0,Fine,Null
1747481,5914715,24184,,511100,0,,0,3,,Null,2005/2006,GREAT NORTH ROAD,SABULITE ROAD,,Non-Injury Crash,No,2006,,East,,0,,Flat,,,,,,Bright sun,284800,0,0,0,5,,,0,,,,,,Auckland Region,Nil,2-way,Sealed,,0,0,,50,,Off,0,0,,76,Auckland,Traffic Signals,,,,,0,0,Urban,0,,,Fine,Null
1757222,5920533,24185,,514102,0,,0,2,,North,2005/2006,Z CPK ALBERT ST,VICTORIA ST WEST,,Non-Injury Crash,No,2006,,West,,0,,Flat,,,,,,Twilight,433401,0,0,0,0,,,0,,,,,,Auckland Region,Nil,Off road,Sealed,,0,0,,30,,On,0,0,,76,Auckland,Nil,,,,,0,0,Urban,0,,,Null,Null
1756237,5918085,24186,,518101,0,,0,3,,North,2005/2006,DOMINION ROAD,HOROPITO ST,,Minor Crash,No,2006,,South,,0,,Flat,,,,,,Dark,544200,3,0,0,4,,,0,,,,,,Auckland Region,Nil,2-way,Sealed,,0,0,,70,,On,0,0,,76,Auckland,Give way,,,,,0,0,Urban,0,,,Fine,Null
1746075,5918138,24187,,512500,0,,0,2,,Null,2006/2007,EDMONTON ROAD,CENTRAL PARK DRIVE,,Non-Injury Crash,No,2006,,West,,0,,Flat,,,,,,Twilight,257201,0,0,0,4,,,0,,,,,,Auckland Region,Nil,2-way,Sealed,,0,0,,50,,On,0,0,,76,Auckland,Traffic Signals,,,,,0,0,Urban,0,,,Fine,Null
1755407,5928922,24188,,508320,0,0,0,2,0,South,2005/2006,WAIRAU ROAD,HILLSIDE ROAD,,Non-Injury Crash,No,2006,0,North,0,0,0,Flat,0,,0,,0,Bright sun,198600,0,0,0,4,0,0,0,0,1,,0,0,Auckland Region,Nil,2-way,Sealed,0,0,0,0,50,0,Off,0,0,,76,Auckland,Nil,0,0,0,0,0,0,Urban,0,0,0,Fine,Null
1881571,5826493,24189,,536821,0,,0,1,,East,2005/2006,SH 2,TOTARA ST,,Non-Injury Crash,Yes,2006,,East,,0,,Flat,,,,,,Dark,1203900,0,0,0,2,,,0,,,,,,Bay of Plenty Region,Nil,2-way,Sealed,,0,0,,70,,On,1,0,,23,Tauranga City,Unknown,,,,,0,0,Urban,0,,,Fine,Null
1935523,5619359,24190,,546700,0,,0,1,,East,2005/2006,FLEMING CRESCENT,GEDDIS AVENUE,,Minor Crash,No,2006,,East,,0,,Flat,,,,,,Bright sun,1445100,1,0,0,1,,,0,,,1,,,Hawke's Bay Region,Nil,2-way,Sealed,,0,0,,50,,Null,0,0,,31,Napier City,Nil,,,,,0,0,Urban,0,,,Fine,Null
1574934,5185861,24191,,590501,0,,0,1,,West,2005/2006,MAIREHAU ROAD,PUTAKE DRIVE,,Minor Crash,No,2006,,West,,0,,Flat,,,,,,Bright sun,2505204,1,1,0,2,,,0,,,,,,Canterbury Region,Nil,2-way,Sealed,,0,0,,50,,Null,0,0,,60,Christchurch City,Unknown,,,,,0,0,Urban,0,,,Fine,Null
1710824,6049868,24192,,501802,0,0,0,0,0,West,2006/2007,GUMTOWN ROAD,THREE MILE BUSH ROAD,,Non-Injury Crash,No,2006,0,South,0,0,1,Hill Road,0,Labour Weekend,0,,0,Overcast,69300,0,0,0,2,0,0,0,1,0,,0,0,Northland Region,Nil,2-way,Unsealed,0,0,0,0,100,0,None,0,0,,2,Whangarei District,Nil,0,0,0,0,0,0,Open,1,0,0,Fine,Null
1748017,5427643,24193,,575300,0,,0,1,,North,2005/2006,KELBURN PARADE,GLASGOW ST,,Fatal Crash,No,2006,,South,,1,,Hill Road,,Christmas New Year,,,,Dark,2155300,0,0,0,2,,,0,,,1,,,Wellington Region,Nil,2-way,Sealed,,0,0,,50,,On,0,0,,47,Wellington City,Nil,,,,,0,0,Urban,0,,,Fine,Strong wind
1758364,5911786,24194,,519810,0,,0,2,,South,2005/2006,SH 20,ONEHUNGA OFF SBD,,Non-Injury Crash,Yes,2006,,South,,0,,Flat,,,,,,Bright sun,602501,0,0,0,2,,,0,,,,,,Auckland Region,Nil,1-way,Sealed,,0,0,,100,,Off,0,0,,76,Auckland,Nil,,,,,0,0,Open,0,,,Fine,Null
1843058,5792236,24195,55,535250,0,0,0,0,1,Null,2005/2006,SH 1N,SH 5,,Minor Crash,Yes,2006,0,North,0,0,0,Flat,0,,0,,0,Overcast,1127300,1,0,0,2,0,0,0,0,0,,0,0,Waikato Region,Nil,2-way,Sealed,0,0,0,0,100,0,None,0,0,,19,South Waikato District,Nil,0,0,0,0,1,0,Open,0,0,0,Fine,Null
1768593,5903108,24196,,524602,0,,0,1,,South,2006/2007,SH 1N,MANUKAU OFF NBD,,Non-Injury Crash,Yes,2006,,North,,0,,Flat,,,,,,Overcast,780508,0,0,0,6,,,0,,,,,,Auckland Region,Nil,2-way,Sealed,,0,0,,100,,Off,0,0,,76,Auckland,Nil,,,,,1,0,Open,0,,,Fine,Null
1776286,5581314,24197,,557300,0,0,0,1,0,East,2005/2006,MITCHELL ST,HYLTON ST,,Minor Crash,No,2006,0,South,0,0,0,Flat,0,,0,,0,Bright sun,1709500,1,0,0,2,0,0,0,0,0,,0,1,Manawatū-Whanganui Region,Nil,2-way,Sealed,0,0,0,0,50,0,Null,0,0,,37,Whanganui District,Nil,0,0,0,0,0,0,Urban,0,0,0,Fine,Null
1751119,5917224,24198,,514900,0,0,0,2,0,South,2005/2006,SAXON ST,ALVERSTON ST,,Non-Injury Crash,No,2006,0,West,0,0,0,Flat,0,,0,,0,Dark,383900,0,0,0,2,0,0,0,0,1,,0,0,Auckland Region,Nil,2-way,Sealed,0,0,0,0,50,0,On,0,0,,76,Auckland,Nil,0,0,0,0,0,0,Urban,0,0,0,Fine,Null
1821392,5530173,24199,,562800,1,,0,1,,East,2006/2007,FEATHERSTON ST,RANGITIKEI ST,,Minor Crash,No,2006,,West,,0,,Flat,,,,,,Overcast,1830800,1,0,0,4,,,0,,,,,,Manawatū-Whanganui Region,Nil,2-way,Sealed,,0,0,,50,,Null,0,0,,40,Palmerston North City,Nil,,,,,0,0,Urban,0,,,Fine,Null
1878339,5826300,24200,,537201,0,,0,2,,Null,2006/2007,NGATAI ROAD,CHAPEL ST,,Non-Injury Crash,No,2006,,South,,0,,Flat,,,,,,Bright sun,1155800,0,0,0,2,,,0,,,,,,Bay of Plenty Region,Nil,2-way,Sealed,,0,0,,50,,Off,0,0,,23,Tauranga City,Nil,,,,,0,0,Urban,0,,,Fine,Null
1624422,5430924,24201,,582900,0,0,0,1,0,Null,2005/2006,BRIDGE ST,TASMAN ST,,Minor Crash,No,2006,0,East,0,0,0,Flat,1,,0,,0,Dark,2323200,1,0,0,2,0,0,0,0,0,,0,0,Nelson Region,Nil,2-way,Sealed,0,0,0,0,50,0,On,0,0,,52,Nelson City,Give way,0,0,0,0,0,0,Urban,0,0,0,Light rain,Null
1799988,5817204,24202,,529600,0,,0,2,,North,2005/2006,RIVER ROAD,FAIRFIELD ROAD,,Non-Injury Crash,No,2006,,South,,0,,Flat,,,,,,Bright sun,867700,0,0,0,3,,,0,,,,,,Waikato Region,Nil,2-way,Sealed,,0,0,,50,,Null,0,0,,16,Hamilton City,Give way,,,,,0,0,Urban,0,,,Fine,Null
1801562,5815949,24203,,530100,0,,0,2,,Null,2005/2006,CLAUDELANDS ROAD,GREY ST,,Serious Crash,No,2006,,East,,0,,Flat,,,,,,Bright sun,895100,0,0,0,4,,,0,,,,,,Waikato Region,Nil,2-way,Sealed,,0,1,,50,,Null,0,0,,16,Hamilton City,Traffic Signals,,,,,0,0,Urban,0,,,Fine,Null
1750224,5946349,24204,,506001,0,,0,2,,Null,2006/2007,HIBISCUS COAST HIGHWAY,WAINUI ROAD,,Non-Injury Crash,No,2006,,East,,0,,Hill Road,,,,,,Bright sun,175501,0,0,0,4,,,0,,,,,,Auckland Region,Nil,2-way,Sealed,,0,0,,80,,Off,0,0,,76,Auckland,Give way,,,,,0,0,Open,0,,,Fine,Null
1754013,5927831,24205,,508310,0,,0,2,,Null,2006/2007,BENTLEY AVENUE,DOWNING ST,,Non-Injury Crash,No,2006,,West,,0,,Flat,,,,,,Bright sun,200401,0,0,0,2,,,0,,,,,,Auckland Region,Nil,2-way,Sealed,,0,0,,50,,Off,0,0,,76,Auckland,Give way,,,,,0,0,Urban,0,,,Fine,Null
1885614,5774048,24206,,540410,1,,0,0,,North,2005/2006,HATUPATU DRIVE,HINEMOA ST,,Non-Injury Crash,No,2006,,South,,0,,Flat,,,,,,Overcast,1234000,0,0,0,2,,,0,,,,,,Bay of Plenty Region,Nil,2-way,Sealed,,0,0,,50,,Null,1,0,,24,Rotorua District,Unknown,,,,,0,0,Urban,0,,,Fine,Null
1702198,6092705,24207,,501620,0,,0,2,,Null,2005/2006,AUCKS ROAD,DEEMING ROAD,,Minor Crash,No,2006,,West,,0,,Hill Road,,,,,,Overcast,48410,1,0,0,2,,,0,,,,,,Northland Region,Nil,2-way,Sealed,,0,0,,80,,Off,0,0,,1,Far North District,Give way,,,,,0,0,Open,0,,,Fine,Null
1852934,5895717,24208,,533603,0,0,0,1,1,South,2006/2007,HIKUAI SETTLEMENT ROAD,TANGITARORI LANE,,Non-Injury Crash,No,2006,0,East,0,0,0,Hill Road,0,,0,,0,Dark,1059612,0,0,0,2,0,0,0,0,0,,0,0,Waikato Region,Nil,2-way,Sealed,0,0,0,0,100,0,None,0,0,,11,Thames-Coromandel District,Nil,0,0,0,0,0,0,Open,0,0,0,Fine,Null
1463493,5099750,24209,,598600,0,0,0,1,0,North,2006/2007,HORNBROOK ST,ALEXANDRA ST,,Minor Crash,No,2006,0,North,0,0,1,Hill Road,0,,0,,0,Dark,2767500,2,0,0,2,0,0,0,0,0,,0,0,Canterbury Region,Nil,2-way,Sealed,0,0,0,0,50,0,None,0,0,,64,Timaru District,Unknown,0,0,0,1,0,0,Urban,0,0,0,Fine,Null
1758156,5919288,24210,,515902,0,,0,1,,Null,2005/2006,DOMAIN DRIVE,LOVERS LANE,,Serious Crash,No,2006,,West,,0,,Flat,,,,,,Bright sun,451400,0,0,1,2,,,0,,,,,,Auckland Region,Nil,2-way,Sealed,,0,1,,30,,None,0,0,,76,Auckland,Nil,,,,,0,0,Urban,0,,,Fine,Null
1763064,5914884,24211,,520401,0,,0,1,,Null,2005/2006,FERNDALE ROAD,MOTU PLACE,,Minor Crash,No,2006,,South,,0,,Flat,,Queens Birthday,,,,Twilight,644000,1,0,0,2,,,0,,,,,,Auckland Region,Nil,2-way,Sealed,,0,0,,50,,Off,0,0,,76,Auckland,Give way,,,,,0,0,Urban,1,,,Fine,Null
1763392,5905621,24212,,524303,0,0,0,1,0,North,2005/2006,FERNDOWN AVENUE,NARADA PLACE,,Non-Injury Crash,No,2006,0,North,0,0,1,Flat,0,,0,,0,Dark,746301,0,0,0,2,0,0,0,0,0,,0,0,Auckland Region,Nil,2-way,Sealed,0,0,0,0,50,0,On,0,0,,76,Auckland,Nil,0,0,0,0,0,0,Urban,0,0,0,Mist or Fog,Null
1733190,5947134,24213,50,506646,0,0,0,1,1,South,2005/2006,SH 16,MCLACHLAN ROAD,,Non-Injury Crash,Yes,2006,0,South,0,0,0,Hill Road,0,,0,,0,Dark,212503,0,0,0,2,0,0,0,0,0,,0,0,Auckland Region,Nil,2-way,Sealed,0,0,0,0,100,0,None,0,0,,76,Auckland,Nil,0,0,0,1,0,0,Open,0,0,0,Light rain,Null
1788848,5854998,24214,,527210,0,,0,2,,West,2005/2006,SH 1N,RANGIRIRI ROAD,,Minor Crash,Yes,2006,,East,,0,,Flat,,,,,,Bright sun,936002,1,0,0,3,,,0,,,,,,Waikato Region,Nil,2-way,Sealed,,0,0,,100,,Null,0,0,,13,Waikato District,Unknown,,,,,0,0,Open,0,,,Fine,Null
1750209,5914279,24215,,511303,0,,1,2,,Null,2005/2006,GREAT NORTH ROAD,VERONICA ST,,Minor Crash,No,2006,,West,,0,,Flat,,,,,,Bright sun,266200,1,0,0,5,,,0,,,,,,Auckland Region,Nil,2-way,Sealed,,0,0,,50,,Off,0,0,,76,Auckland,Traffic Signals,,,,,0,0,Urban,1,,,Fine,Null
1822878,5828672,24216,,534901,0,0,0,2,0,North,2006/2007,CRAIG CRESCENT,CURETON ST,,Non-Injury Crash,No,2006,0,South,0,0,1,Flat,0,,0,,0,Dark,1088400,0,0,0,2,0,0,0,0,0,,0,0,Waikato Region,Nil,2-way,Sealed,0,0,0,0,50,0,On,0,0,,15,Matamata-Piako District,Nil,0,0,0,0,0,0,Urban,0,1,0,Fine,Null
1757293,5920659,24217,,514102,0,,0,2,,North,2005/2006,ALBERT ST,WYNDHAM ST,,Non-Injury Crash,No,2006,,South,,0,,Flat,,,,,,Bright sun,433103,0,0,0,4,,,0,,,,,,Auckland Region,Nil,2-way,Sealed,,0,0,,50,,Null,0,0,,76,Auckland,Traffic Signals,,,,,0,0,Urban,0,,,Fine,Null
1750737,5913715,24218,,514600,0,,0,1,,South,2005/2006,WOLVERTON ST,ULSTER ROAD,,Serious Crash,No,2006,,East,,0,,Flat,,,,,,Dark,371700,0,0,0,2,,,0,,,1,,,Auckland Region,Nil,2-way,Sealed,,0,1,,50,,On,0,0,,76,Auckland,Nil,,,,,0,0,Urban,0,,,Fine,Null
1768775,5880765,24219,,525922,0,,0,5,,West,2006/2007,HARRIS ST,JOHN ST,,Minor Crash,No,2006,,West,,0,,Flat,,,,,,Overcast,823000,1,0,0,2,,,0,,,,,,Auckland Region,Nil,2-way,Sealed,,0,0,,50,,Null,0,0,,76,Auckland,Unknown,,,,,0,0,Urban,0,,,Fine,Null
1762497,5907360,24220,,524520,0,,0,1,,West,2006/2007,YATES ROAD,MASSEY ROAD,,Minor Crash,No,2006,,East,,0,,Flat,,,,,,Bright sun,734603,1,0,0,2,,,0,,,1,,,Auckland Region,Nil,2-way,Sealed,,0,0,,50,,Null,0,0,,76,Auckland,Unknown,,,,,0,0,Urban,0,,,Fine,Null
1800726,5819604,24221,,529402,0,0,0,1,0,North,2005/2006,HUKANUI ROAD,PICKERING CRESCENT,,Non-Injury Crash,No,2006,0,North,0,0,0,Flat,0,,0,,0,Bright sun,876201,0,0,0,2,0,0,0,0,0,,0,0,Waikato Region,Nil,2-way,Sealed,0,0,0,0,50,0,Null,0,0,,16,Hamilton City,Nil,0,0,0,1,0,0,Urban,0,0,0,Fine,Null
1569735,5181284,24222,,592200,0,0,0,0,1,West,2006/2007,CARLTON MILL ROAD,BEALEY AVENUE,,Minor Crash,No,2006,0,East,0,0,0,Flat,0,,0,,0,Overcast,2676500,1,0,0,3,0,0,0,0,0,,0,0,Canterbury Region,Nil,2-way,Sealed,0,0,0,0,50,0,Null,0,0,,60,Christchurch City,Unknown,0,0,0,0,0,0,Urban,1,0,0,Fine,Null
1761500,5907711,24223,,524510,0,,0,1,,West,2005/2006,GARUS AVENUE,WICKMAN WAY,,Minor Crash,No,2006,,South,,0,,Flat,,,,,,Dark,734102,2,0,0,2,,,0,,,,,,Auckland Region,Nil,2-way,Sealed,,0,0,,50,,On,0,0,,76,Auckland,Nil,,,,,0,0,Urban,0,,,Light rain,Null
1773908,5897853,24224,,523912,0,,0,1,,South,2005/2006,COSGRAVE ROAD,WALTERS ROAD,,Minor Crash,No,2006,,North,,0,,Flat,,,,,,Overcast,765500,1,0,0,2,,,0,,,,,,Auckland Region,Nil,2-way,Sealed,,0,0,,50,,Off,0,0,,76,Auckland,Nil,,,,,0,0,Urban,1,,,Fine,Null
1691208,5675616,24225,,551501,0,,0,2,,Null,2005/2006,SH 45,LORNA ST,,Minor Crash,Yes,2006,,East,,0,,Flat,,,,,,Overcast,1581200,1,0,0,2,,,0,,,,,,Taranaki Region,Nil,2-way,Sealed,,0,0,,50,,Null,0,0,,33,New Plymouth District,Nil,,,,,0,0,Urban,0,,,Fine,Null
1930752,5603757,24226,,548100,0,,0,3,,Null,2005/2006,HERETAUNGA ST EAST,LUMSDEN ROAD,,Non-Injury Crash,No,2006,,East,,0,,Flat,,,,,,Bright sun,1500300,0,0,0,2,,,0,,,,,,Hawke's Bay Region,Nil,2-way,Sealed,,0,0,,50,,Null,0,0,,30,Hastings District,Nil,,,,,0,0,Urban,0,,,Fine,Null
1357206,4869996,24227,,606900,0,,0,1,,Null,2006/2007,EDDYSTONE ST,BRANKSEA ST,,Minor Crash,No,2006,,South,,0,,Flat,,,,,,Overcast,2985300,1,0,1,2,,,0,,,,,,Otago Region,Nil,2-way,Sealed,,0,0,,50,,Null,0,0,,72,Clutha District,Give way,,,,,0,0,Urban,0,,,Fine,Null
1936707,5621778,24228,,546802,0,,0,2,,North,2005/2006,SHAKESPEARE ROAD,MADEIRA ROAD,,Non-Injury Crash,No,2006,,South,,0,,Flat,,,,,,Overcast,1423000,0,0,0,2,,,0,,,,,,Hawke's Bay Region,Nil,2-way,Sealed,,0,0,,50,,Null,0,0,,31,Napier City,Nil,,,,,0,0,Urban,0,,,Light rain,Null
1821196,5528666,24229,,563000,0,,0,2,,Null,2006/2007,FERGUSON ST,COOK ST,,Non-Injury Crash,No,2006,,East,,0,,Flat,,,,,,Dark,1805900,0,0,0,2,,,0,,,,,,Manawatū-Whanganui Region,Nil,2-way,Sealed,,0,0,,50,,On,0,1,,40,Palmerston North City,Stop,,,,,0,0,Urban,0,,,Fine,Null
1757868,5927104,24230,,508010,0,,0,2,,South,2005/2006,COMO ST,AUBURN ST,,Non-Injury Crash,No,2006,,West,,0,,Flat,,,,,,Bright sun,327800,0,0,0,2,,,0,,,,,,Auckland Region,Nil,2-way,Sealed,,0,0,,50,,Off,0,0,,76,Auckland,Nil,,,,,0,0,Urban,0,,,Fine,Null
1757022,5916915,24231,,518202,0,0,0,2,0,Null,2005/2006,MOUNT EDEN ROAD,OAKLANDS ROAD,,Minor Crash,No,2006,0,South,0,0,0,Flat,0,,0,,0,Overcast,550000,1,0,0,2,0,0,0,0,1,,0,0,Auckland Region,Nil,2-way,Sealed,0,0,0,0,50,0,Off,0,0,,76,Auckland,Stop,0,1,0,0,0,0,Urban,0,0,0,Fine,Null
1406020,4915276,24232,,604300,0,,0,1,,Null,2005/2006,SH 1S,ANDERSONS BAY ON,,Non-Injury Crash,Yes,2006,,West,,0,,Flat,,,,,,Dark,2932500,0,0,0,4,,,0,,,,,,Otago Region,Nil,2-way,Sealed,,0,0,,100,,On,0,0,,71,Dunedin City,Nil,,,,,0,0,Open,1,,,Fine,Null
1406285,4917070,24233,,603100,0,0,0,0,0,East,2005/2006,MORAY PLACE,FILLEUL ST,,Non-Injury Crash,No,2006,0,East,0,0,0,Flat,0,,0,,0,Bright sun,2903100,0,0,0,2,0,0,0,0,1,,0,0,Otago Region,Nil,2-way,Sealed,0,0,0,0,50,0,Null,1,0,,71,Dunedin City,Unknown,0,0,0,0,0,0,Urban,1,0,0,Fine,Null
1920389,5804832,24234,,542530,0,0,0,1,0,North,2005/2006,SH 2,HAUONE ROAD,,Non-Injury Crash,Yes,2006,0,North,1,0,0,Flat,0,,0,,0,Bright sun,1325300,0,0,0,2,0,0,0,0,0,,0,0,Bay of Plenty Region,Nil,2-way,Sealed,0,0,0,0,100,0,Null,0,0,,25,Whakatane District,Unknown,0,0,0,0,0,0,Open,0,0,0,Fine,Null
1799978,5693854,24235,,532902,0,0,0,1,0,East,2006/2007,TAUPO ROAD,RLY OBR,,Non-Injury Crash,No,2006,0,East,0,0,0,Flat,0,Labour Weekend,0,,0,Overcast,1035500,0,0,0,2,0,0,0,1,0,,0,0,Manawatū-Whanganui Region,Nil,2-way,Sealed,0,0,0,0,50,0,Null,0,0,,36,Ruapehu District,Nil,0,0,0,1,0,0,Urban,0,0,0,Fine,Null
1755998,5918610,24236,,515500,0,,0,2,,West,2006/2007,SH 16,NEWTON OFF EBD,,Non-Injury Crash,Yes,2006,,East,,0,,Flat,,Christmas New Year,,,,Overcast,418600,0,0,0,5,,,0,,,,,,Auckland Region,Nil,1-way,Sealed,,0,0,,100,,Off,1,0,,76,Auckland,Nil,,,,,0,0,Open,0,,,Fine,Null
1884973,5773697,24237,,540410,0,0,0,1,0,North,2005/2006,TUTANEKAI ST,SH 30A,,Non-Injury Crash,No,2006,0,North,0,0,0,Flat,0,,0,,0,Overcast,1236100,0,0,0,2,0,0,0,0,1,,0,0,Bay of Plenty Region,Nil,2-way,Sealed,0,0,0,0,50,0,Null,0,0,,24,Rotorua District,Unknown,0,0,0,0,0,0,Urban,1,0,0,Fine,Null
1821304,5530125,24238,,562310,0,,0,1,,West,2006/2007,FEATHERSTON ST,SH 3,,Non-Injury Crash,No,2006,,East,,0,,Flat,,,,,,Dark,1824200,0,0,0,3,,,0,,,,,,Manawatū-Whanganui Region,Nil,2-way,Sealed,,0,0,,50,,On,0,0,,40,Palmerston North City,Nil,,,,,0,0,Urban,1,,,Light rain,Null
1567090,5187741,24239,,588402,0,,0,1,,East,2006/2007,HUSSEY ROAD,GARDINERS ROAD,,Minor Crash,No,2006,,West,,0,,Flat,,,,,,Bright sun,2528901,1,0,0,2,,,0,,,,,,Canterbury Region,Nil,2-way,Sealed,,0,0,,50,,Null,1,0,,60,Christchurch City,Nil,,,,,0,0,Urban,0,,,Fine,Null
1794423,5833950,24240,65,527123,0,,0,2,,South,2005/2006,SH 1N,TE PUTU ST,,Serious Crash,Yes,2006,,North,,0,,Flat,,,,,,Overcast,951001,1,0,0,2,,,0,,,,,,Waikato Region,Nil,2-way,Sealed,,0,1,,100,,Null,0,0,,13,Waikato District,Unknown,,,,,0,0,Open,0,,,Fine,Null
1602753,5149217,24241,,596902,0,,0,1,,South,2005/2006,LONG BAY ROAD,SUMMIT ROAD,,Serious Crash,No,2006,,South,,0,,Hill Road,,,,,,Bright sun,2715400,0,0,1,2,,,0,,,,,,Canterbury Region,Nil,2-way,Sealed,,0,1,,100,,Null,0,0,,60,Christchurch City,Unknown,,,,,0,0,Open,0,,,Fine,Null
1755480,5928779,24242,,508320,0,,0,2,,South,2005/2006,WAIRAU ROAD,HILLSIDE ROAD,,Non-Injury Crash,No,2006,,North,,0,,Flat,,,,,,Bright sun,198600,0,0,0,5,,,0,,,,,,Auckland Region,Nil,2-way,Sealed,,0,0,,50,,Off,0,0,,76,Auckland,Nil,,,,,0,0,Urban,0,,,Fine,Null
1802981,5808770,24243,,527810,0,,0,1,,Null,2005/2006,SH 3,RAYNES ROAD,,Minor Crash,Yes,2006,,South,,0,,Flat,,,,,,Bright sun,984600,1,0,0,2,,,0,,,,,,Waikato Region,Nil,2-way,Sealed,,0,0,,100,,Null,0,0,,16,Hamilton City,Stop,,,,,1,0,Open,0,,,Fine,Null
1773889,5897487,24244,,525630,0,,0,2,,Null,2005/2006,OLD WAIROA ROAD,YANG PLACE,,Minor Crash,No,2006,,East,,0,,Flat,,,,,,Dark,795802,1,0,0,2,,,0,,,,,,Auckland Region,Nil,2-way,Sealed,,0,0,,50,,On,0,0,,76,Auckland,Nil,,,,,0,0,Urban,0,,,Fine,Null
1755338,5936584,24245,,506902,0,0,0,2,0,North,2005/2006,WEATHERLY ROAD,GERONTIUS GLADE,,Non-Injury Crash,No,2006,0,North,0,0,0,Hill Road,0,,0,,0,Overcast,165606,0,0,0,2,0,0,0,0,1,,0,0,Auckland Region,Nil,2-way,Sealed,0,0,0,0,50,0,Off,0,0,,76,Auckland,Give way,0,0,0,0,0,0,Urban,0,0,0,Fine,Null
1950679,5790968,24246,,542440,0,,0,1,,South,2006/2007,COMMERCE ST,SHORT ST,,Minor Crash,No,2006,,South,,0,,Flat,,,,,,Bright sun,1307900,1,0,1,2,,,0,,,,,,Bay of Plenty Region,Nil,2-way,Sealed,,0,0,,50,,Off,0,0,,25,Whakatane District,Nil,,,,,0,0,Urban,0,,,Fine,Null
1720054,6045867,24247,,503200,0,0,0,1,1,North,2006/2007,RIVERSIDE DRIVE,DUNDAS ROAD,,Minor Crash,No,2006,0,South,0,0,0,Flat,0,,0,,0,Dark,101303,1,0,0,4,0,0,0,0,0,,0,1,Northland Region,Nil,2-way,Sealed,0,0,0,0,50,0,On,0,0,,2,Whangarei District,Nil,0,0,0,0,0,0,Urban,0,0,0,Light rain,Null
1753456,5932889,24248,,508807,0,,0,2,,South,2005/2006,SH 1N,GREVILLE OBR,,Non-Injury Crash,Yes,2006,,North,,0,,Flat,,,,,,Overcast,180811,0,0,0,2,,,0,,,,,,Auckland Region,Nil,1-way,Sealed,,0,0,,100,,Off,0,0,,76,Auckland,Nil,,,,,1,0,Open,0,,,Fine,Null
1801634,5774770,24249,,531304,0,0,0,0,0,South,2006/2007,SH 3,BLACKETT ROAD,,Minor Crash,Yes,2006,0,North,0,0,1,Hill Road,0,,0,,0,Overcast,1000600,1,0,0,2,0,0,0,0,0,,0,0,Waikato Region,Nil,2-way,Sealed,0,0,0,0,100,0,Null,1,0,,18,Ōtorohanga District,Unknown,0,0,0,0,0,0,Open,0,0,0,Light rain,Null
1770619,5914630,24250,,521601,0,0,0,3,0,West,2005/2006,PAKURANGA ROAD,THE LINK,,Minor Crash,No,2006,0,East,0,0,0,Flat,0,,0,,0,Bright sun,645400,1,0,0,4,0,0,0,0,1,,0,0,Auckland Region,Nil,2-way,Sealed,0,0,0,0,60,0,Off,0,0,,76,Auckland,Nil,0,0,0,0,0,0,Urban,0,0,0,Fine,Null
1251751,5001221,24251,,609031,0,,0,2,,South,2006/2007,GLENORCHY-QUEENSTOWN ROAD,CLOSEBURN ROAD,,Minor Crash,No,2006,,South,,0,,Flat,,,,,,Bright sun,3039517,1,0,0,2,,,0,,,,,,Otago Region,Nil,2-way,Sealed,,0,0,,80,,Null,0,0,,70,Queenstown-Lakes District,Unknown,,,,,0,0,Open,0,,,Fine,Null
1572037,5184011,24252,,592701,0,,0,0,,Null,2005/2006,AKAROA ST,QUINNS ROAD,,Minor Crash,No,2006,,East,,0,,Flat,,,,,,Overcast,2594500,2,0,0,2,,,0,,,,,,Canterbury Region,Nil,2-way,Sealed,,0,0,,50,,Null,0,0,,60,Christchurch City,Nil,,,,,0,0,Urban,2,,,Fine,Null
1765691,5898750,24253,,524811,0,0,0,0,0,West,2006/2007,SETTLERS COVE,WOODLARK CLOSE,,Minor Crash,No,2006,0,West,0,0,0,Flat,0,,0,,0,Dark,773815,2,0,1,2,0,0,0,0,0,,0,0,Auckland Region,Nil,2-way,Sealed,0,0,0,0,50,0,On,0,0,,76,Auckland,Give way,0,0,0,1,0,0,Urban,0,0,0,Fine,Null