X,Y,OBJECTID,advisorySpeed,areaUnitID,bicycle,bridge,bus,carStationWagon,cliffBank,crashDirectionDescription,crashFinancialYear,crashLocation1,crashLocation2,crashRoadSideRoad,crashSeverity,crashSHDescription,crashYear,debris,directionRoleDescription,ditch,fatalCount,fence,flatHill,guardRail,holiday,houseOrBuilding,intersection,kerb,light,meshblockId,minorInjuryCount,moped,motorcycle,NumberOfLanes,objectThrownOrDropped,otherObject,otherVehicleType,overBank,parkedVehicle,pedestrian,phoneBoxEtc,postOrPole,region,roadCharacter,roadLane,roadSurface,roadworks,schoolBus,seriousInjuryCount,slipOrFlood,speedLimit,strayAnimal,streetLight,suv,taxi,temporarySpeedLimit,tlaId,tlaName,trafficControl,trafficIsland,trafficSign,train,tree,truck,unknownVehicleType,urban,vanOrUtility,vehicle,waterRiver,weatherA,weatherB
1796533,5819075,24254,,528405,0,,0,2,,South,2005/2006,WAIRERE DRIVE,GILCHRIST ST,,Non-Injury Crash,No,2006,,South,,0,,Flat,,,,,,Bright sun,976801,0,0,0,2,,,0,,,,,,Waikato Region,Nil,2-way,Sealed,,0,0,,80,,Null,0,0,,16,Hamilton City,Unknown,,,,,0,0,Open,1,,,Fine,Null
1800462,5815874,24255,,529700,0,0,0,1,0,South,2005/2006,HARWOOD ST,ROSTREVOR ST,,Non-Injury Crash,No,2006,0,North,0,0,0,Flat,0,,0,,0,Overcast,910100,0,0,0,2,0,0,0,0,1,,0,0,Waikato Region,Nil,2-way,Sealed,0,0,0,0,50,0,Null,0,0,,16,Hamilton City,Unknown,0,0,0,0,0,0,Urban,1,0,0,Fine,Null
1765682,5908373,24256,,523403,0,0,0,2,0,South,2006/2007,SH 1N,PRINCES OBR,,Serious Crash,Yes,2006,0,North,0,0,0,Flat,1,,0,,0,Dark,696400,0,0,0,6,0,0,0,0,0,,0,0,Auckland Region,Nil,2-way,Sealed,0,0,2,0,100,0,On,1,1,80,76,Auckland,Nil,0,0,0,0,1,0,Open,0,0,0,Fine,Null
1245229,4846800,24257,,611800,0,,0,2,,Null,2005/2006,SCOTT ST,SCOTT ST,,Serious Crash,No,2006,,South,,0,,Flat,,,,,,Dark,3150800,2,0,0,2,,,0,,,,,,Southland Region,Nil,2-way,Sealed,,0,2,,70,,On,0,0,,75,Invercargill City,Stop,,,,,0,0,Urban,0,,,Light rain,Null
1884727,5773686,24258,,540410,0,,1,2,,West,2005/2006,SH 30A,AMOHIA ST,,Non-Injury Crash,Yes,2006,,East,,0,,Flat,,,,,,Bright sun,1236000,0,0,0,2,,,0,,,,,,Bay of Plenty Region,Nil,2-way,Sealed,,0,0,,50,,Null,0,0,,24,Rotorua District,Traffic Signals,,,,,0,0,Urban,0,,,Fine,Null
1768253,5892911,24259,,521202,0,0,0,0,0,East,2006/2007,LINWOOD ROAD,KARAKA NORTH ROAD,,Minor Crash,No,2006,0,East,1,0,0,Flat,0,,0,,0,Bright sun,807000,1,0,1,2,0,0,0,0,0,,0,0,Auckland Region,Nil,2-way,Sealed,0,0,0,0,100,0,None,0,0,,76,Auckland,Nil,0,0,0,0,0,0,Open,0,0,0,Light rain,Null
1800264,5816019,24260,,529700,0,,0,1,,South,2005/2006,ANGLESEA ST,LIVERPOOL ST,,Non-Injury Crash,No,2006,,West,,0,,Flat,,,,,,Bright sun,910300,0,0,0,2,,,0,,,,,,Waikato Region,Nil,2-way,Sealed,,0,0,,50,,Off,1,0,,16,Hamilton City,Nil,,,,,0,0,Urban,0,,,Fine,Null
1574765,5183579,24261,,592820,1,,0,1,,Null,2005/2006,NEW BRIGHTON,BASSETT ST,,Minor Crash,No,2006,,West,,0,,Flat,,,,,,Bright sun,2604803,1,0,0,2,,,0,,,,,,Canterbury Region,Nil,2-way,Sealed,,0,0,,50,,Null,0,0,,60,Christchurch City,Give way,,,,,0,0,Urban,0,,,Fine,Null
1766046,5906975,24262,,522301,0,,0,2,,Null,2005/2006,HOTEO AVENUE,WINTERE ROAD,,Non-Injury Crash,No,2006,,North,,0,,Flat,,,,,,Overcast,667200,0,0,0,2,,,0,,,,,,Auckland Region,Nil,2-way,Sealed,,0,0,,50,,Off,0,0,,76,Auckland,Stop,,,,,0,0,Urban,0,,,Light rain,Null
1797824,5818663,24263,,528403,0,,0,2,,South,2005/2006,SUNSHINE AVENUE,TE RAPA ROAD,,Non-Injury Crash,No,2006,,South,,0,,Flat,,,,,,Bright sun,907700,0,0,0,2,,,0,,,,,,Waikato Region,Nil,2-way,Sealed,,0,0,,50,,Null,0,0,,16,Hamilton City,Unknown,,,,,0,0,Urban,0,,,Fine,Null
1744462,5921675,24264,,513631,0,,0,2,,Null,2006/2007,TRIANGLE ROAD,LINCOLN PARK AVENUE,,Minor Crash,No,2006,,West,,0,,Flat,,,,,,Overcast,227403,1,0,0,1,,,0,,,,,,Auckland Region,Nil,2-way,Sealed,,0,0,,50,,Off,0,0,,76,Auckland,Give way,,,,,0,0,Urban,0,,,Fine,Null
1786984,5843961,24265,,526601,0,0,0,1,0,North,2005/2006,HETHERINGTON ROAD,COMINS ROAD,,Non-Injury Crash,No,2006,0,North,1,0,1,Flat,0,,0,,0,Twilight,848100,0,0,0,2,0,0,0,0,0,,0,1,Waikato Region,Nil,2-way,Sealed,0,0,0,0,100,0,None,0,0,,13,Waikato District,Nil,0,0,0,0,0,0,Open,0,0,0,Fine,Null
1757491,5926983,24266,,508010,0,,0,1,,Null,2005/2006,ANZAC ST,PUPUKE ROAD,,Non-Injury Crash,No,2006,,East,,0,,Flat,,,,,,Bright sun,327500,0,0,0,5,,,0,,,,,,Auckland Region,Nil,2-way,Sealed,,0,0,,50,,Off,0,0,,76,Auckland,Traffic Signals,,,,,1,0,Urban,0,,,Fine,Null
1570400,5179151,24267,,594600,0,0,0,7,0,Null,2005/2006,MOORHOUSE AVENUE,DURHAM ST,,Serious Crash,No,2006,0,West,0,0,1,Flat,0,,0,,0,Dark,2616200,0,0,0,4,0,0,0,0,4,,0,1,Canterbury Region,Nil,2-way,Sealed,0,0,1,0,50,0,On,0,0,,60,Christchurch City,Traffic Signals,1,0,0,0,0,0,Urban,0,0,0,Light rain,Null
1878952,5821616,24268,,538102,0,,0,3,,East,2005/2006,SH 2A,BURROWS ST,,Non-Injury Crash,Yes,2006,,West,,0,,Flat,,,,,,Overcast,1169101,0,0,0,2,,,0,,,,,,Bay of Plenty Region,Nil,2-way,Sealed,,0,0,,50,,Null,0,0,,23,Tauranga City,Unknown,,,,,0,0,Urban,0,,,Mist or Fog,Null
1755325,5914837,24269,,518500,0,,0,2,,South,2006/2007,DOMINION ROAD,DUKE ST,,Non-Injury Crash,No,2006,,North,,0,,Flat,,,,,,Overcast,560200,0,0,0,4,,,0,,,,,,Auckland Region,Nil,2-way,Sealed,,0,0,,50,,Off,0,0,,76,Auckland,Nil,,,,,0,0,Urban,0,,,Fine,Null
1770500,5912624,24270,,523105,0,0,0,0,0,Null,2005/2006,BOTANY ROAD,VESCA PLACE,,Minor Crash,No,2006,0,South,0,0,1,Flat,0,,0,,0,Dark,711139,1,0,0,4,0,0,0,0,0,,0,0,Auckland Region,Nil,2-way,Sealed,0,0,0,0,60,0,On,0,0,,76,Auckland,Give way,0,1,0,0,0,0,Urban,1,0,0,Heavy rain,Null
1758037,5920447,24271,,514103,0,,0,1,,West,2006/2007,EDEN CRESCENT,PARLIAMENT ST,,Non-Injury Crash,No,2006,,West,,0,,Flat,,,,,,Dark,438414,0,0,0,2,,,0,,,,,,Auckland Region,Nil,2-way,Sealed,,0,0,,50,,On,1,0,,76,Auckland,Nil,,,,,0,0,Urban,0,,,Fine,Null
1753246,5877672,24272,,526103,0,0,0,1,0,Null,2006/2007,RANGIWHEA ROAD,SANDSPIT ROAD,,Non-Injury Crash,No,2006,0,North,0,0,1,Flat,1,,0,,0,Dark,836800,0,0,0,2,0,0,0,0,0,,0,0,Auckland Region,Nil,2-way,Sealed,0,0,0,0,50,0,None,0,0,,76,Auckland,Nil,0,0,0,0,0,0,Urban,0,0,0,Fine,Null
1752826,5924748,24273,,510402,0,0,0,1,0,West,2006/2007,MOKOIA ROAD,ROSEBERRY AVENUE,,Non-Injury Crash,No,2006,0,West,0,0,1,Hill Road,0,,1,,0,Dark,352400,0,0,0,2,0,0,0,0,0,,0,0,Auckland Region,Nil,2-way,Sealed,0,0,0,0,50,0,On,0,0,,76,Auckland,Nil,0,1,0,0,0,0,Urban,0,0,0,Fine,Null
1740703,5927553,24274,,513701,0,,0,2,,Null,2006/2007,SH 16,OLD NORTH ROAD,,Minor Crash,Yes,2006,,East,,0,,Flat,,,,,,Overcast,220200,2,0,0,2,,,0,,,,,,Auckland Region,Nil,2-way,Sealed,,0,0,,80,,Off,0,0,,76,Auckland,Give way,,,,,0,0,Open,0,,,Fine,Null
1718070,6043548,24275,,503800,0,,0,3,,West,2006/2007,MURDOCH CRESCENT,OTAIKA ROAD S,,Non-Injury Crash,No,2006,,East,,0,,Flat,,,,,,Dark,107802,0,0,0,2,,,0,,,,,,Northland Region,Nil,2-way,Sealed,,0,0,,50,,On,0,0,,2,Whangarei District,Give way,,,,,0,0,Urban,0,,,Fine,Null
1756430,5919491,24276,,514102,0,0,0,1,0,North,2005/2006,HOWE ST,HOPETOUN ST,,Non-Injury Crash,No,2006,0,South,0,0,0,Hill Road,0,,0,,0,Dark,436001,0,0,0,2,0,0,0,0,0,,0,0,Auckland Region,Nil,2-way,Sealed,0,0,0,0,50,0,On,0,0,,76,Auckland,Stop,1,0,0,0,0,0,Urban,0,0,0,Fine,Null
1570651,5178315,24277,,594600,0,0,0,3,0,Null,2005/2006,SH 76 BROUGHAM,COLOMBO ST,,Serious Crash,Yes,2006,0,North,0,0,0,Flat,0,,0,,0,Overcast,2621100,1,0,0,6,0,0,0,0,0,,0,1,Canterbury Region,Nil,2-way,Sealed,0,0,1,0,50,0,Null,0,0,,60,Christchurch City,Traffic Signals,0,0,0,0,0,0,Urban,0,0,0,Mist or Fog,Null
1826336,5886291,24278,,533502,0,0,0,3,0,South,2006/2007,ROLLESTON ST,WILLOUGHBY ST,,Non-Injury Crash,No,2006,0,North,0,0,0,Flat,0,,0,,0,Bright sun,1053400,0,0,0,2,0,0,0,0,1,,0,0,Waikato Region,Nil,2-way,Sealed,0,0,0,0,50,0,Off,0,0,,11,Thames-Coromandel District,Nil,0,0,0,0,0,0,Urban,0,0,0,Fine,Null
1755773,5922653,24279,,509800,0,,0,3,,South,2005/2006,SH 1N,ONEWA OBR,,Non-Injury Crash,Yes,2006,,South,,0,,Flat,,,,,,Bright sun,359300,0,0,0,3,,,0,,,,,,,Nil,1-way,Sealed,,0,0,,80,,Off,0,0,,76,Auckland,Nil,,,,,0,0,Open,0,,,Fine,Null
1766928,5902796,24280,,524602,0,,0,2,,Null,2005/2006,KERRS ROAD,HOBILL AVENUE,,Minor Crash,No,2006,,East,,0,,Flat,,,,,,Bright sun,780407,2,0,0,2,,,0,,,,,,Auckland Region,Nil,2-way,Sealed,,0,0,,70,,Off,0,0,,76,Auckland,Stop,,,,,0,0,Urban,0,,,Fine,Null
1788250,5854820,24281,35,526702,0,0,0,1,0,Null,2005/2006,GLEN MURRAY ROAD,HORAHORA ROAD,,Minor Crash,No,2006,0,North,0,0,0,Flat,0,Christmas New Year,0,,0,Overcast,846800,2,0,0,2,0,0,0,0,0,,0,1,Waikato Region,Nil,2-way,Sealed,0,0,0,0,100,0,Null,0,0,,13,Waikato District,Nil,0,1,0,0,0,0,Open,0,0,0,Light rain,Null
1758130,5917823,24282,,515700,0,,0,2,,South,2005/2006,SH 1N,GILLIES OFF SBD,,Non-Injury Crash,Yes,2006,,South,,0,,Hill Road,,,,,,Dark,443200,0,0,0,5,,,0,,,,,,Auckland Region,Nil,1-way,Sealed,,0,0,,80,,On,0,0,,76,Auckland,Nil,,,,,0,0,Open,0,,,Heavy rain,Null
1762490,5920709,24283,,516400,0,0,0,2,0,East,2006/2007,TAMAKI DRIVE,HAPIMANA ST,,Non-Injury Crash,No,2006,0,East,0,0,0,Flat,0,,0,,0,Dark,498700,0,0,0,2,0,0,0,0,1,,0,0,Auckland Region,Nil,2-way,Sealed,0,0,0,0,50,0,On,0,0,,76,Auckland,Nil,0,0,0,0,0,0,Urban,0,0,0,Light rain,Null
1882913,5776513,24284,,539200,0,0,0,2,0,East,2006/2007,COCHRANE ST,SH 5,,Minor Crash,No,2006,0,East,0,0,0,Flat,0,,0,,0,Overcast,1220700,1,0,0,2,0,0,0,0,1,,0,0,Bay of Plenty Region,Nil,2-way,Sealed,0,0,0,0,50,0,Off,0,0,,24,Rotorua District,Nil,0,0,0,0,0,0,Urban,0,0,0,Fine,Null
1756928,5920587,24285,,514102,0,,0,2,,Null,2006/2007,NELSON ST,VICTORIA ST WEST,,Non-Injury Crash,No,2006,,North,,0,,Hill Road,,,,,,Dark,432604,0,0,0,6,,,0,,,,,,Auckland Region,Nil,2-way,Sealed,,0,0,,50,,On,0,0,,76,Auckland,Traffic Signals,,,,,0,0,Urban,0,,,Fine,Null
1770127,5901341,24286,,523816,0,,0,2,,West,2005/2006,ALFRISTON ROAD,MAGIC WAY,,Non-Injury Crash,No,2006,,East,,0,,Hill Road,,,,,,Twilight,759740,0,0,0,2,,,0,,,,,,Auckland Region,Nil,2-way,Sealed,,0,0,,70,,Off,0,0,,76,Auckland,Nil,,,,,0,0,Urban,0,,,Fine,Null
1949762,5791314,24287,,542410,0,0,0,1,0,West,2006/2007,LANDING ROAD,EIVERS ROAD,,Minor Crash,No,2006,0,East,0,0,0,Flat,0,,0,,1,Overcast,1309702,1,0,0,2,0,1,0,0,0,1,0,0,Bay of Plenty Region,Nil,2-way,Sealed,0,0,0,0,50,0,Null,0,0,,25,Whakatane District,Unknown,0,0,0,1,0,0,Urban,0,0,0,Light rain,Null
1949870,5790829,24288,,542440,0,,0,1,,South,2006/2007,KING ST,GOULSTONE ROAD,,Non-Injury Crash,No,2006,,North,,0,,Flat,,,,,,Twilight,1308100,0,0,0,2,,,0,,,,,,Bay of Plenty Region,Nil,2-way,Sealed,,0,0,,50,,On,0,0,,25,Whakatane District,Give way,,,,,1,0,Urban,0,,,Fine,Null
1768944,5880676,24289,,525922,0,0,0,2,0,South,2006/2007,JOHN ST,HARRIS ST,,Non-Injury Crash,No,2006,0,North,0,0,0,Flat,0,,0,,0,Overcast,824100,0,0,0,2,0,0,0,0,1,,0,0,Auckland Region,Nil,2-way,Sealed,0,0,0,0,50,0,Off,0,0,,76,Auckland,Nil,0,0,0,0,0,0,Urban,0,0,0,Light rain,Null
1889566.4653,5819774.4309,24290,,536642,0,,0,2,,South,2005/2006,TE PUKE HIGHWAY,WELCOME BAY ROAD,,Non-Injury Crash,No,2006,,South,,0,,Flat,,,,,,Bright sun,1206807,0,0,0,2,,,0,,,,,,Bay of Plenty Region,Nil,2-way,Sealed,,0,0,,100,,Null,0,0,,22,Western Bay of Plenty District,Unknown,,,,,0,0,Open,0,,,Fine,Null
1756142,5920586,24291,,515202,0,,0,0,,North,2006/2007,BEAUMONT ST,VICTORIA ST WEST,,Minor Crash,No,2006,,North,,0,,Flat,,,,,,Bright sun,426108,2,0,1,3,,,0,,,1,,,Auckland Region,Nil,2-way,Sealed,,0,0,,50,,Off,0,0,,76,Auckland,Nil,,,,,0,0,Urban,0,,,Fine,Null
1766963,5900968,24292,,524720,0,0,0,1,0,West,2006/2007,WORDSWORTH ROAD,SWALLOW DRIVE,,Non-Injury Crash,No,2006,0,West,0,0,1,Flat,0,,0,,0,Dark,775901,0,0,0,2,0,0,0,0,0,,0,0,Auckland Region,Nil,2-way,Sealed,0,0,0,0,50,0,On,0,0,,76,Auckland,Nil,0,0,0,0,0,0,Urban,0,0,0,Fine,Null
1234852,4846446,24293,,610052,0,0,0,2,1,East,2006/2007,DUNNS ROAD,PIT ROAD,,Serious Crash,No,2006,0,West,0,0,0,Flat,0,,0,,0,Bright sun,3079401,3,0,0,2,0,0,0,0,0,,0,0,Southland Region,Nil,2-way,Sealed,0,0,5,0,70,0,Null,0,0,,75,Invercargill City,Unknown,0,0,0,0,0,0,Urban,0,0,0,Fine,Null
1744393,5924122,24294,,513521,0,0,0,1,0,East,2005/2006,HOBSONVILLE ROAD,OREIL AVENUE,,Non-Injury Crash,No,2006,0,South,0,0,0,Hill Road,0,,0,,0,Twilight,224213,0,0,0,2,0,0,0,0,0,,0,1,Auckland Region,Nil,2-way,Sealed,0,0,0,0,50,0,On,0,0,,76,Auckland,Nil,0,0,0,0,0,0,Urban,0,0,0,Fine,Null
1749179,5934033,24295,,509000,0,0,0,0,0,East,2006/2007,RIDGE ROAD,OBRIEN ROAD,,Serious Crash,No,2006,0,North,0,0,0,Flat,0,,0,,0,Bright sun,179306,0,0,1,2,0,0,0,0,0,,0,0,Auckland Region,Nil,2-way,Sealed,0,0,1,0,80,0,Off,0,0,,76,Auckland,Nil,0,0,0,1,0,0,Open,0,0,0,Fine,Null
1719660,6050283,24296,,502201,0,,0,2,,South,2005/2006,Z CPK COUNTDOWN,PARAMONT PARADE,,Non-Injury Crash,No,2006,,South,,0,,Flat,,,,,,Dark,86600,0,0,0,0,,,0,,,,,,Northland Region,Nil,Off road,Sealed,,0,0,,50,,On,0,0,,2,Whangarei District,Nil,,,,,0,0,Urban,0,,,Fine,Null
1802386,5813998,24297,,530300,0,,0,2,,East,2005/2006,NAYLOR ST,GREY ST,,Non-Injury Crash,No,2006,,West,,0,,Flat,,,,,,Dark,882200,0,0,0,2,,,0,,,,,,Waikato Region,Nil,2-way,Sealed,,0,0,,50,,On,0,0,,16,Hamilton City,Unknown,,,,,0,0,Urban,0,,,Fine,Null
1759337,5924518,24298,,508120,0,,0,2,,Null,2005/2006,ROBERTS AVENUE,PLYMOUTH CRESCENT E,,Non-Injury Crash,No,2006,,North,,0,,Flat,,,,,,Bright sun,317100,0,0,0,2,,,0,,,,,,Auckland Region,Nil,2-way,Sealed,,0,0,,50,,Off,0,1,,76,Auckland,Stop,,,,,0,0,Urban,0,,,Fine,Null
1832463,5616445,24299,,554900,0,0,0,1,0,South,2005/2006,SH 1N,DEACONS ROAD,,Minor Crash,Yes,2006,0,North,0,0,0,Flat,0,Easter,0,,0,Dark,1755701,2,0,0,2,0,0,0,0,0,,0,0,Manawatū-Whanganui Region,Nil,2-way,Unsealed,1,0,0,0,100,0,None,1,0,,36,Ruapehu District,Nil,0,1,0,0,0,0,Open,0,0,0,Fine,Null
1883546,5773146,24300,,539900,0,,0,2,,West,2006/2007,MALFROY ROAD WEST,SH 5,,Non-Injury Crash,No,2006,,West,,0,,Flat,,,,,,Bright sun,1238400,0,0,0,2,,,0,,,,,,Bay of Plenty Region,Nil,2-way,Sealed,,0,0,,50,,Off,0,0,,24,Rotorua District,School Patrol/warden,,,,,0,0,Urban,0,,,Fine,Null
1763898,5917399,24301,,516302,0,0,0,2,0,North,2005/2006,NORMAN LESSER DRIVE,PANAPA DRIVE,,Non-Injury Crash,No,2006,0,South,0,0,0,Flat,0,,0,,0,Dark,462818,0,0,0,2,0,0,0,0,1,,0,0,Auckland Region,Nil,2-way,Sealed,0,0,0,0,50,0,On,0,0,,76,Auckland,Nil,0,0,0,0,0,0,Urban,0,0,0,Fine,Null
1405997,4917003,24302,,603100,0,,0,0,,Null,2006/2007,SMITH ST,STUART ST,,Serious Crash,No,2006,,South,,0,,Hill Road,,Christmas New Year,,,,Overcast,2903600,0,0,0,2,,,0,,,1,,,Otago Region,Nil,2-way,Sealed,,0,1,,50,,Null,0,0,,71,Dunedin City,Traffic Signals,,,,,0,0,Urban,1,,,Light rain,Null
1744209,5917444,24303,,513011,0,,0,2,,Null,2005/2006,STURGES ROAD,FITZWATER PLACE,,Non-Injury Crash,No,2006,,West,,0,,Flat,,,,,,Bright sun,280401,0,0,0,2,,,0,,,,,,Auckland Region,Nil,2-way,Sealed,,0,0,,50,,Off,0,0,,76,Auckland,Give way,,,,,0,0,Urban,0,,,Fine,Null
1769256,5906463,24304,,523712,0,0,0,1,0,West,2005/2006,MEDVALE AVENUE,FARMDALE COURT,,Non-Injury Crash,No,2006,0,West,0,0,0,Hill Road,0,,1,,0,Dark,713009,0,0,0,2,0,0,0,0,0,,0,0,Auckland Region,Nil,2-way,Sealed,0,0,0,0,50,0,On,0,0,,76,Auckland,Nil,0,0,0,0,0,0,Urban,0,0,0,Fine,Null
1760648,5946143,24305,,505904,0,0,0,1,0,East,2005/2006,GULF HARBOUR DRIVE,PINECREST DRIVE,,Non-Injury Crash,No,2006,0,East,0,0,0,Flat,0,,0,,0,Dark,175111,0,0,0,2,0,0,0,0,0,,0,0,Auckland Region,Nil,2-way,Sealed,0,0,0,0,50,0,On,0,0,,76,Auckland,Nil,0,0,0,1,0,0,Urban,0,0,0,Light rain,Null
1926330,5606222,24306,,545761,0,,0,2,,South,2005/2006,YORK ROAD,FLAXMERE AVENUE,,Serious Crash,No,2006,,North,,0,,Flat,,,,,,Dark,1469905,3,0,0,2,,,0,,,,,,Hawke's Bay Region,Nil,2-way,Sealed,,0,1,,100,,On,0,0,,30,Hastings District,Nil,,,,,0,0,Open,0,,,Light rain,Null
1751905,5917939,24307,,515001,0,0,0,2,0,East,2006/2007,SH 16,PT CHEV ON EBD,,Minor Crash,Yes,2006,0,East,0,0,0,Flat,1,,0,,0,Bright sun,392200,1,0,0,3,0,0,0,0,0,,0,0,Auckland Region,Nil,1-way,Sealed,0,0,0,0,100,0,Off,1,0,,76,Auckland,Nil,0,0,0,0,1,0,Open,0,0,0,Fine,Null
1850909,5858589,24308,,534400,0,,0,1,,Null,2006/2007,HOBSON ST,ELLIOT ST,,Non-Injury Crash,No,2006,,North,,0,,Flat,,,,,,Bright sun,1079200,0,0,0,2,,,0,,,,,,Waikato Region,Nil,2-way,Sealed,,0,0,,50,,Null,0,0,,12,Hauraki District,Nil,,,,,0,0,Urban,1,,,Fine,Null
1754547,5927706,24309,,508310,0,,0,2,,Null,2005/2006,CHARTWELL AVENUE,LINGFIELD ST,,Non-Injury Crash,No,2006,,East,,0,,Flat,,,,,,Overcast,200800,0,0,0,2,,,0,,,,,,Auckland Region,Nil,2-way,Sealed,,0,0,,50,,Off,0,0,,76,Auckland,Give way,,,,,0,0,Urban,0,,,Fine,Null
1931533,5617408,24310,,547200,0,,0,1,,East,2006/2007,GLOUCESTER ST,UPHAM CRESCENT,,Minor Crash,No,2006,,South,,0,,Flat,,,,,,Overcast,1458100,1,0,0,2,,,0,,,,,,Hawke's Bay Region,Nil,2-way,Sealed,,0,0,,50,,Null,0,0,,31,Napier City,Nil,,,,,1,0,Urban,0,,,Fine,Null
1893280,5756547,24311,,538850,0,0,0,1,2,East,2005/2006,SH 5,WAIMANGU ROAD,,Minor Crash,Yes,2006,0,North,0,0,0,Hill Road,0,,0,,0,Dark,1258800,1,0,0,3,0,0,0,0,0,,0,0,Waikato Region,Nil,2-way,Sealed,0,0,0,0,100,0,None,0,0,,24,Rotorua District,Unknown,0,0,0,0,1,0,Open,0,0,0,Fine,Null
1797837,5818694,24312,,528403,0,,0,2,,Null,2006/2007,TE RAPA ROAD,SUNSHINE AVENUE,,Non-Injury Crash,No,2006,,North,,0,,Flat,,,,,,Bright sun,907700,0,0,0,2,,,0,,,,,,Waikato Region,Nil,2-way,Sealed,,0,0,,50,,Off,0,0,,16,Hamilton City,Give way,,,,,0,0,Urban,0,,,Fine,Null
1755639,5929808,24313,,508510,0,,0,2,,South,2006/2007,BECROFT DRIVE,TREVONE PLACE,,Non-Injury Crash,No,2006,,North,,0,,Hill Road,,,,,,Overcast,193802,0,0,0,2,,,0,,,,,,Auckland Region,Nil,2-way,Sealed,,0,0,,50,,Off,0,0,,76,Auckland,Nil,,,,,0,0,Urban,0,,,Fine,Null
1566426,5186001,24314,,588402,0,,0,1,,Null,2006/2007,GARDINERS ROAD,SAWYERS ARMS ROAD,,Minor Crash,No,2006,,North,,0,,Flat,,,,,,Bright sun,2528600,1,1,0,2,,,0,,,,,,Canterbury Region,Nil,2-way,Sealed,,0,0,,50,,Null,0,0,,60,Christchurch City,Stop,,,,,0,0,Urban,0,,,Fine,Null
1884826,5773023,24315,,540510,0,0,0,1,0,West,2006/2007,SEDDON ST,LYTTON ST,,Non-Injury Crash,No,2006,0,West,0,0,0,Flat,0,,0,,0,Dark,1241100,0,0,0,2,0,0,0,0,1,,0,0,Bay of Plenty Region,Nil,2-way,Sealed,0,0,0,0,50,0,On,0,0,,24,Rotorua District,Nil,0,0,0,0,0,0,Urban,1,0,0,Fine,Null
1763491,5908622,24316,,521901,0,,0,2,,South,2005/2006,MANGERE ROAD,CHELSEA AVENUE,,Minor Crash,No,2006,,South,,0,,Hill Road,,,,,,Overcast,786200,1,0,0,4,,,0,,,,,,Auckland Region,Nil,2-way,Sealed,,0,0,,50,,Off,0,0,,76,Auckland,Traffic Signals,,,,,0,0,Urban,0,,,Fine,Null
1626537,5434892,24317,,582100,0,0,0,1,0,West,2006/2007,ATAWHAI CRESCENT,DODSON VALLEY ROAD,,Minor Crash,No,2006,0,South,0,0,0,Flat,0,,0,,0,Dark,2316301,1,0,0,2,0,0,0,0,0,,0,1,Nelson Region,Nil,2-way,Sealed,0,0,0,0,50,0,On,0,0,,52,Nelson City,Nil,0,0,0,0,0,0,Urban,0,0,0,Fine,Null
1949162,5791062,24318,,542430,1,,0,0,,Null,2005/2006,HINEMOA ST,JAMES ST,,Serious Crash,No,2006,,West,,0,,Flat,,,,,,Bright sun,1309800,1,0,0,2,,,0,,,,,,Bay of Plenty Region,Nil,2-way,Sealed,,0,1,,50,,Null,0,0,,25,Whakatane District,Give way,,,,,0,0,Urban,1,,,Fine,Null
1773626,5898601,24319,,523912,0,0,0,1,0,Null,2006/2007,COSGRAVE ROAD,WALTERS ROAD,,Minor Crash,No,2006,0,East,1,0,1,Flat,0,,0,,0,Dark,765500,4,0,0,2,0,0,0,0,0,,0,0,Auckland Region,Nil,2-way,Sealed,0,0,0,0,70,0,On,0,0,,76,Auckland,Stop,0,0,0,0,0,0,Urban,0,0,0,Null,Strong wind
1823715,5463310,24320,,578600,0,,0,2,,Null,2005/2006,SH 2,JACKSON ST,,Minor Crash,Yes,2006,,North,,0,,Flat,,,,,,Bright sun,2242600,1,0,0,2,,,0,,,,,,Wellington Region,Nil,2-way,Sealed,,0,0,,50,,Null,0,0,,48,Masterton District,Nil,,,,,0,0,Urban,0,,,Fine,Null
1761461,5914299,24321,,520202,0,,0,2,,Null,2005/2006,MAIN LINK,PENROSE ON SBD,,Non-Injury Crash,Yes,2006,,South,,0,,Flat,,,,,,Overcast,612502,0,0,0,4,,,0,,,,,,Auckland Region,Nil,2-way,Sealed,,0,0,,50,,Null,0,0,,76,Auckland,Give way,,,,,0,0,Urban,0,,,Fine,Null
1935923,5620283,24322,,546901,0,0,0,1,0,Null,2005/2006,SH 2,SHAMROCK ST,,Minor Crash,Yes,2006,0,West,0,0,1,Flat,0,,0,,0,Dark,1430900,1,0,0,2,0,0,0,0,0,,0,0,Hawke's Bay Region,Nil,2-way,Sealed,0,0,0,0,50,0,On,0,0,,31,Napier City,Give way,0,0,0,0,0,0,Urban,0,0,0,Fine,Null
1406590,4917106,24323,,603100,0,,0,2,,Null,2005/2006,SH 1S,ST ANDREW ST,,Minor Crash,Yes,2006,,North,,0,,Flat,,,,,,Dark,2901400,3,0,0,2,,,0,,,,,,Otago Region,Nil,1-way,Sealed,,0,0,,50,,On,0,1,,71,Dunedin City,Traffic Signals,,,,,0,0,Urban,0,,,Fine,Null
1756981,5918578,24324,,515600,0,,0,1,,Null,2005/2006,MOUNT EDEN ROAD,NIKAU ST,,Minor Crash,No,2006,,North,,0,,Hill Road,,,,,,Bright sun,421200,1,0,1,3,,,0,,,,,,Auckland Region,Nil,2-way,Sealed,,0,0,,50,,Off,0,0,,76,Auckland,Give way,,,,,0,0,Urban,0,,,Fine,Null