X,Y,OBJECTID,advisorySpeed,areaUnitID,bicycle,bridge,bus,carStationWagon,cliffBank,crashDirectionDescription,crashFinancialYear,crashLocation1,crashLocation2,crashRoadSideRoad,crashSeverity,crashSHDescription,crashYear,debris,directionRoleDescription,ditch,fatalCount,fence,flatHill,guardRail,holiday,houseOrBuilding,intersection,kerb,light,meshblockId,minorInjuryCount,moped,motorcycle,NumberOfLanes,objectThrownOrDropped,otherObject,otherVehicleType,overBank,parkedVehicle,pedestrian,phoneBoxEtc,postOrPole,region,roadCharacter,roadLane,roadSurface,roadworks,schoolBus,seriousInjuryCount,slipOrFlood,speedLimit,strayAnimal,streetLight,suv,taxi,temporarySpeedLimit,tlaId,tlaName,trafficControl,trafficIsland,trafficSign,train,tree,truck,unknownVehicleType,urban,vanOrUtility,vehicle,waterRiver,weatherA,weatherB
1243808,4848597,24325,,611400,0,,0,2,,Null,2005/2006,PRINCES ST,ENWOOD LANE,,Minor Crash,No,2006,,South,,0,,Flat,,,,,,Overcast,3143400,1,0,0,2,,,0,,,,,,Southland Region,Nil,2-way,Sealed,,0,0,,50,,Null,0,0,,75,Invercargill City,Give way,,,,,0,0,Urban,0,,,Heavy rain,Null
1758619,5917573,24326,,516001,0,,0,2,,Null,2005/2006,ST MARKS ROAD,ST MARKS ON SBD,,Non-Injury Crash,Yes,2006,,West,,0,,Flat,,,,,,Bright sun,491000,0,0,0,3,,,0,,,,,,Auckland Region,Motorway ramp,2-way,Sealed,,0,0,,50,,Off,0,0,,76,Auckland,Give way,,,,,0,0,Urban,0,,,Fine,Null
1645556,6082583,24327,,500600,0,0,0,1,1,Null,2006/2007,MARINER ST,MANNING ST,,Minor Crash,No,2006,0,West,0,0,0,Hill Road,0,,0,,0,Dark,23800,1,0,0,2,0,0,0,0,0,,0,0,Northland Region,Nil,2-way,Sealed,0,0,0,0,80,0,On,0,0,,1,Far North District,Nil,0,0,0,0,0,0,Open,0,0,0,Fine,Null
1680493,5385500,24328,,580801,0,0,0,1,1,West,2006/2007,AWATERE VALLEY ROAD,SH 1S,,Minor Crash,No,2006,0,East,0,0,0,Hill Road,0,,0,,0,Bright sun,2307400,1,0,0,2,0,0,0,0,0,,0,0,Marlborough Region,Nil,2-way,Sealed,0,0,0,0,100,0,Null,0,0,,53,Marlborough District,Nil,0,0,0,0,0,0,Open,0,0,0,Fine,Null
1771212,5889979,24329,,521203,0,0,0,0,0,East,2005/2006,SH 22,OIRA ROAD,,Minor Crash,Yes,2006,0,West,1,0,0,Flat,0,,0,,0,Overcast,807200,1,0,0,2,0,0,0,0,0,,0,0,Auckland Region,Nil,2-way,Sealed,0,0,0,0,100,0,None,0,0,,76,Auckland,Nil,0,0,0,1,0,0,Open,1,0,0,Light rain,Null
1242324,4851557,24330,,610800,0,,0,1,,Null,2005/2006,SH 6,HERBERT ST,,Minor Crash,Yes,2006,,South,,0,,Flat,,,,,,Overcast,3118000,1,0,0,5,,,0,,,,,,Southland Region,Nil,2-way,Sealed,,0,0,,50,,Null,1,0,,75,Invercargill City,Traffic Signals,,,,,0,0,Urban,0,,,Fine,Null
1769343,5881027,24331,,525922,0,,0,2,,South,2005/2006,MANUKAU ROAD,STADIUM DRIVE,,Non-Injury Crash,No,2006,,South,,0,,Flat,,,,,,Bright sun,823800,0,0,0,2,,,0,,,,,,Auckland Region,Nil,2-way,Sealed,,0,0,,50,,Off,0,0,,76,Auckland,Nil,,,,,0,0,Urban,0,,,Fine,Null
1244176,4849092,24332,,611400,0,,0,2,,Null,2005/2006,TWEED ST,POMONA ST,,Minor Crash,No,2006,,West,,0,,Flat,,,,,,Overcast,3144400,2,0,0,4,,,0,,,,,,Southland Region,Nil,2-way,Sealed,,0,0,,50,,Null,0,0,,75,Invercargill City,Give way,,,,,0,0,Urban,0,,,Heavy rain,Null
1773496,5445329,24333,,567100,1,,0,1,,East,2005/2006,MAIN ST,GIBBONS ST,,Minor Crash,No,2006,,East,,0,,Flat,,,,,,Bright sun,1906100,1,0,0,2,,,0,,,,,,Wellington Region,Nil,2-way,Sealed,,0,0,,50,,Null,0,0,,45,Upper Hutt City,Nil,,,,,0,0,Urban,0,,,Fine,Null
1913175,5657656,24334,,545911,0,0,0,0,1,South,2005/2006,SH 5,MCVICAR ROAD,,Minor Crash,Yes,2006,0,South,0,0,0,Flat,0,,0,,0,Overcast,1414400,1,0,0,2,0,0,0,0,0,,0,0,Hawke's Bay Region,Nil,2-way,Sealed,0,0,0,0,100,0,Null,0,0,,30,Hastings District,Nil,0,0,0,0,0,0,Open,1,0,0,Light rain,Null
1590497,5407540,24335,,581836,0,0,0,1,0,East,2005/2006,SH 6,DOCTORS (SPOONERS) BR,,Serious Crash,Yes,2006,0,West,0,0,0,Flat,1,,0,,0,Twilight,2353900,0,0,0,2,0,0,0,0,0,,0,0,Tasman Region,Nil,2-way,Sealed,0,0,1,0,100,0,None,0,0,,51,Tasman District,Nil,0,0,0,0,0,0,Open,0,0,0,Heavy rain,Null
1756361,5920257,24336,,514000,0,,0,2,,North,2005/2006,SH 1N,WELLINGTON OBR,,Non-Injury Crash,Yes,2006,,North,,0,,Flat,,,,,,Bright sun,416800,0,0,0,3,,,0,,,,,,Auckland Region,Nil,1-way,Sealed,,0,0,,80,,Off,0,0,,76,Auckland,Nil,,,,,0,0,Open,0,,,Fine,Null
2025624,5712815,24337,,543800,0,0,0,1,0,North,2005/2006,WHAREKOPAE ROAD,PATUTAHI ROAD,,Minor Crash,No,2006,0,North,1,0,0,Flat,1,,0,,0,Dark,1363402,1,0,0,2,0,0,0,0,0,,0,0,Gisborne Region,Nil,2-way,Sealed,0,0,0,0,100,0,None,0,0,,28,Gisborne District,Nil,0,0,0,0,0,0,Open,0,0,0,Fine,Null
1761565,5914147,24338,,520202,0,,0,1,,South,2005/2006,SH 1N,PENROSE INT,,Non-Injury Crash,Yes,2006,,South,,0,,Flat,,,,,,Dark,612700,0,0,0,4,,,0,,,,,,Auckland Region,Nil,1-way,Sealed,,0,0,,100,,On,0,0,,76,Auckland,Nil,,,,,0,0,Open,0,,,Light rain,Null
1757387,5919582,24339,,514103,0,,0,2,,North,2005/2006,SYMONDS ST,CITY ROAD,,Minor Crash,No,2006,,North,,0,,Flat,,Queens Birthday,,,,Bright sun,436300,3,0,0,4,,,0,,,,,,Auckland Region,Nil,2-way,Sealed,,0,0,,50,,Off,0,0,,76,Auckland,Nil,,,,,0,0,Urban,0,,,Fine,Null
1567471,5180253,24340,,590800,1,,0,1,,Null,2005/2006,RICCARTON ROAD,KAURI ST,,Minor Crash,No,2006,,East,,0,,Flat,,,,,,Bright sun,2472800,1,0,0,2,,,0,,,,,,Canterbury Region,Nil,2-way,Sealed,,0,0,,50,,Null,0,0,,60,Christchurch City,Give way,,,,,0,0,Urban,0,,,Fine,Strong wind
1790699,5843170,24341,,527402,0,,0,2,,North,2005/2006,SH 1N,FLETCHER ST,,Non-Injury Crash,Yes,2006,,North,,0,,Flat,,,,,,Overcast,942900,0,0,0,2,,,0,,,,,,Waikato Region,Nil,2-way,Sealed,,0,0,,70,,Null,0,0,,13,Waikato District,Unknown,,,,,0,0,Urban,0,,,Fine,Null
1756136,5924527,24342,,509702,0,,0,1,,Null,2005/2006,ONEWA ROAD,SYLVAN AVENUE,,Minor Crash,No,2006,,East,,0,,Hill Road,,,,,,Dark,366700,1,0,1,2,,,0,,,,,,Auckland Region,Nil,2-way,Sealed,,0,0,,50,,On,0,0,,76,Auckland,Traffic Signals,,,,,0,0,Urban,0,,,Fine,Null
1743553,5923809,24343,,513511,0,,0,1,,Null,2005/2006,FRED TAYLOR DRIVE,FERNHILL DRIVE,,Non-Injury Crash,No,2006,,North,,0,,Flat,,,,,,Overcast,224306,0,0,0,4,,,0,,,,,,Auckland Region,Nil,2-way,Sealed,,0,0,,50,,Off,1,0,,76,Auckland,Traffic Signals,,,,,0,0,Urban,0,,,Fine,Null
1800046,5815912,24344,,529700,0,,0,2,,Null,2005/2006,TRISTRAM ST,LIVERPOOL ST,,Non-Injury Crash,No,2006,,North,,0,,Flat,,,,,,Overcast,910000,0,0,0,2,,,0,,,,,,Waikato Region,Nil,2-way,Sealed,,0,0,,50,,Null,0,0,,16,Hamilton City,Give way,,,,,0,0,Urban,0,,,Light rain,Null
1715052,6066497,24345,,501814,0,0,0,1,0,West,2006/2007,SH 1N,PUHIPUHI ROAD,,Non-Injury Crash,Yes,2007,0,East,1,0,0,Flat,0,,0,,0,Overcast,60300,0,0,0,2,0,0,0,0,0,,0,0,Northland Region,Nil,2-way,Sealed,0,0,0,0,100,0,None,0,0,,2,Whangarei District,Nil,0,0,0,0,0,0,Open,0,0,0,Fine,Null
1764944,5910688,24346,,521801,0,0,0,2,0,North,2005/2006,SH 1N,OTAHUHU ON NBD,,Non-Injury Crash,Yes,2006,0,North,0,0,0,Flat,1,,0,,0,Twilight,786700,0,0,0,4,0,0,0,0,0,,0,0,Auckland Region,Nil,1-way,Sealed,0,0,0,0,100,0,Off,0,0,,76,Auckland,Nil,0,0,0,0,0,0,Open,0,0,0,Fine,Null
1763325,5917669,24347,,516302,0,0,0,1,0,Null,2005/2006,ST JOHNS ROAD,DORCHESTER ST,,Non-Injury Crash,No,2006,0,East,0,0,0,Flat,0,,0,,0,Dark,462811,0,0,0,2,0,0,0,0,1,,0,0,Auckland Region,Nil,2-way,Sealed,0,0,0,0,50,0,On,1,0,,76,Auckland,Give way,0,0,0,0,0,0,Urban,0,0,0,Fine,Null
1760793,5917608,24348,,516202,0,0,0,2,0,North,2006/2007,ORAKEI ROAD,KOMARU ST,,Non-Injury Crash,No,2006,0,South,0,0,0,Hill Road,0,,0,,0,Overcast,488800,0,0,0,2,0,0,0,0,1,,0,0,Auckland Region,Nil,2-way,Sealed,0,0,0,0,50,0,Off,0,0,,76,Auckland,Nil,0,0,0,0,0,0,Urban,0,0,0,Null,Null
1565123,5175025,24349,,587846,0,,0,2,,Null,2006/2007,SH 75 HALSWELL,LILLIAN ST,,Non-Injury Crash,Yes,2006,,North,,0,,Flat,,,,,,Overcast,2484604,0,0,0,2,,,0,,,,,,Canterbury Region,Nil,2-way,Sealed,,0,0,,60,,Null,0,0,,60,Christchurch City,Stop,,,,,0,0,Urban,0,,,Fine,Null
1770226,5911323,24350,,523113,0,,0,1,,West,2005/2006,TI RAKAU DRIVE,TE IRIRANGI DRIVE,,Non-Injury Crash,No,2006,,East,,0,,Flat,,,,,,Bright sun,711716,0,0,0,6,,,0,,,,,,Auckland Region,Nil,2-way,Sealed,,0,0,,70,,Off,0,0,,76,Auckland,Nil,,,,,0,0,Urban,1,,,Fine,Null
1809437,5527675,24351,,561901,0,0,0,1,0,South,2005/2006,HOIHERE ROAD,LOCKWOOD ROAD,,Serious Crash,No,2006,0,South,1,0,1,Flat,0,,0,,0,Overcast,1796800,0,0,0,2,0,0,0,0,0,,0,0,Manawatū-Whanganui Region,Nil,2-way,Sealed,0,0,1,0,100,0,Null,0,0,,39,Manawatu District,Nil,0,0,0,0,0,0,Open,0,0,0,Fine,Null
1570889,5179168,24352,,591500,1,,0,1,,Null,2005/2006,MOORHOUSE AVENUE,MANCHESTER ST,,Minor Crash,No,2006,,East,,0,,Flat,,Queens Birthday,,,,Dark,2649800,1,0,0,5,,,0,,,,,,Canterbury Region,Nil,1-way,Sealed,,0,0,,50,,On,0,0,,60,Christchurch City,Traffic Signals,,,,,0,0,Urban,0,,,Fine,Null
1934919,5610138,24353,,545832,0,0,0,1,0,North,2007/2008,FARNDON ROAD,KOHUPATIKI ROAD N,,Serious Crash,No,2007,0,South,1,0,0,Flat,0,,0,,0,Overcast,1404200,2,0,0,2,0,0,0,0,0,,0,0,Hawke's Bay Region,Nil,2-way,Sealed,0,0,1,0,100,0,Null,0,0,,30,Hastings District,Nil,0,0,0,0,0,0,Open,0,0,0,Fine,Null
1937096,5621712,24354,,546802,0,0,1,1,0,South,2005/2006,MARINE PARADE,BROWNING ST,,Minor Crash,No,2006,0,North,0,0,0,Flat,0,,0,,0,Bright sun,1424500,1,0,0,2,0,0,0,0,1,,0,0,Hawke's Bay Region,Nil,2-way,Sealed,0,0,0,0,50,0,Null,0,0,,31,Napier City,Nil,0,0,0,0,0,0,Urban,0,0,0,Fine,Null
1767583,5905443,24355,,523722,0,,0,2,,North,2006/2007,SH 1N,TE IRIRANGI OFF SBD,,Non-Injury Crash,Yes,2006,,South,,0,,Flat,,,,,,Twilight,715701,0,0,0,3,,,0,,,,,,Auckland Region,Nil,1-way,Sealed,,0,0,,100,,On,0,0,,76,Auckland,Nil,,,,,0,0,Open,0,,,Fine,Null
1719988,6048867,24356,,502201,0,0,0,1,0,North,2005/2006,KIRIPAKA ROAD,PARANUI CRESCENT,,Minor Crash,No,2006,0,South,0,0,1,Hill Road,0,,0,,0,Dark,88200,1,0,0,2,0,0,0,0,0,,0,0,Northland Region,Nil,2-way,Sealed,0,0,0,0,50,0,On,0,0,,2,Whangarei District,Nil,0,0,0,1,0,0,Urban,0,0,0,Light rain,Null
1769820,5471741,24357,,565902,0,0,0,1,0,North,2007/2008,RATANUI ROAD,KILLALEA PLACE,,Minor Crash,No,2007,0,South,1,0,0,Flat,0,,0,,0,Bright sun,1999409,1,0,0,2,0,0,0,0,0,,0,0,Wellington Region,Nil,2-way,Sealed,0,0,0,0,80,0,Null,0,0,,43,Kapiti Coast District,Nil,0,0,0,0,0,0,Open,0,0,0,Fine,Null
1808007,5769341,24358,,531304,0,,0,1,,North,2005/2006,MAIHIIHI ROAD,PAEWHENUA ROAD,,Minor Crash,No,2006,,South,,0,,Flat,,,,,,Overcast,1001900,1,0,0,2,,,0,,,,,,Waikato Region,Nil,2-way,Sealed,,0,0,,100,,Null,0,0,,18,Ōtorohanga District,Unknown,,,,,0,0,Open,1,,,Heavy rain,Null
1894953,5753286,24359,,538841,0,0,0,1,0,North,2006/2007,SH 5,OLD WAIOTAPU ROAD,,Minor Crash,Yes,2006,0,South,0,0,1,Hill Road,0,,0,,0,Dark,1259106,2,0,0,2,0,0,0,0,0,,0,0,Waikato Region,Nil,2-way,Sealed,0,0,0,0,100,0,None,0,0,,24,Rotorua District,Nil,0,0,0,1,0,0,Open,0,0,0,Light rain,Null
1800548,5445806,24360,,579803,0,,0,1,,Null,2005/2006,SH 2,MANO ROAD,,Non-Injury Crash,Yes,2006,,South,,0,,Flat,,,,,,Dark,2270100,0,0,0,2,,,0,,,,,,Wellington Region,Nil,2-way,Sealed,,0,0,,100,,On,0,0,,50,South Wairarapa District,Give way,,,,,1,0,Open,0,,,Fine,Null
1650876,6098221,24361,,500801,0,,0,1,,Null,2005/2006,SH 1N,HOBSON ROAD,,Minor Crash,Yes,2006,,South,,0,,Flat,,,,,,Bright sun,20900,2,0,0,2,,,1,,,,,,Northland Region,Nil,2-way,Sealed,,0,0,,100,,None,0,0,,1,Far North District,Nil,,,,,0,0,Open,0,,,Fine,Null
1882167,5778779,24362,,538602,0,,0,1,,South,2006/2007,SH 5,HENDERSON ROAD,,Minor Crash,Yes,2007,,South,,0,,Flat,,,,,,Dark,1247800,1,0,0,2,,,0,,,,,,Bay of Plenty Region,Nil,2-way,Sealed,,0,0,,80,,On,1,0,,24,Rotorua District,Unknown,,,,,0,0,Open,0,,,Fine,Null
1752019,5915570,24363,,517902,0,,0,3,,South,2005/2006,HENDON AVENUE,NEW NORTH ROAD,,Minor Crash,No,2006,,North,,0,,Flat,,,,,,Overcast,519800,1,0,0,3,,,0,,,,,,Auckland Region,Nil,2-way,Sealed,,0,0,,50,,None,0,0,,76,Auckland,Traffic Signals,,,,,0,0,Urban,0,,,Light rain,Null
1758668,5879402,24364,,521152,0,0,0,1,0,West,2006/2007,WAIUKU ROAD,GLENBROOK STATION ROAD,,Non-Injury Crash,No,2006,0,South,0,0,1,Flat,0,,0,,0,Overcast,832800,0,0,0,2,0,0,0,0,0,,0,0,Auckland Region,Nil,2-way,Sealed,0,0,0,0,100,0,Null,0,0,,76,Auckland,Unknown,0,0,0,0,0,0,Open,0,0,0,Light rain,Strong wind
1411249,4940252,24365,,601603,0,0,0,0,0,North,2005/2006,SH 1S,CHURCH ROAD,,Minor Crash,Yes,2006,0,North,1,0,1,Hill Road,0,,0,,0,Bright sun,2858400,2,0,0,4,0,0,0,0,0,,0,1,Otago Region,Nil,2-way,Sealed,0,0,0,0,100,0,Null,1,0,,71,Dunedin City,Unknown,0,0,0,0,0,0,Open,0,0,0,Fine,Null
1700847,6091778,24366,,501612,0,0,0,1,1,North,2006/2007,SH 11,OROMAHOE ROAD,,Minor Crash,Yes,2007,0,South,0,0,0,Hill Road,1,,0,,0,Bright sun,51401,1,0,0,2,0,0,0,0,0,,0,0,Northland Region,Nil,2-way,Sealed,0,0,0,0,100,0,None,0,0,,1,Far North District,Nil,0,0,0,0,0,0,Open,0,0,0,Fine,Null
1778617,5877890,24367,,521131,0,0,0,2,0,Null,2006/2007,SH 1N,2 ON NBD,,Minor Crash,Yes,2006,0,North,0,0,0,Hill Road,1,,0,,0,Bright sun,842200,1,0,0,3,0,0,0,0,0,,0,0,Waikato Region,Nil,2-way,Sealed,0,0,0,0,100,0,Off,0,0,,13,Waikato District,Nil,0,0,0,0,0,0,Open,0,0,0,Fine,Null
1765680,5916633,24368,,517100,0,,0,2,,Null,2006/2007,POINT ENGLAND ROAD,PILKINGTON ROAD,,Non-Injury Crash,No,2006,,North,,0,,Flat,,,,,,Bright sun,477600,0,0,0,2,,,0,,,,,,Auckland Region,Nil,2-way,Sealed,,0,0,,50,,Off,0,0,,76,Auckland,Stop,,,,,0,0,Urban,0,,,Fine,Null
1764902,5910834,24369,,521801,0,0,0,2,1,South,2006/2007,SH 1N,MT WGTN OFF NBD,,Non-Injury Crash,Yes,2006,0,North,0,0,0,Flat,0,Labour Weekend,0,,0,Overcast,786700,0,0,0,3,0,0,0,0,0,,0,0,,Nil,1-way,Sealed,0,0,0,0,100,0,On,0,0,,76,Auckland,Nil,0,0,0,0,0,0,Open,0,0,0,Light rain,Null
1810202,5659948,24370,,532601,0,0,0,1,0,East,2006/2007,SH 47,SH 4,,Minor Crash,Yes,2007,0,East,1,0,0,Flat,0,,0,,0,Overcast,1024900,1,0,0,2,0,0,0,0,0,,0,0,Manawatū-Whanganui Region,Nil,2-way,Sealed,0,0,0,0,100,0,Null,0,0,,36,Ruapehu District,Nil,0,0,0,0,0,0,Open,0,0,0,Fine,Null
1867589,5709493,24371,,541760,1,,0,0,,Null,2005/2006,LAKE TERRACE,RAINBOW DRIVE S,,Minor Crash,No,2006,,North,,0,,Flat,,,,,,Overcast,1266610,1,0,0,2,,,0,,,,,,Waikato Region,Nil,2-way,Sealed,,0,0,,100,,Null,0,0,,21,Taupo District,Give way,,,,,1,0,Open,0,,,Fine,Null
1980115,5669567,24372,,545301,0,0,0,1,0,West,2006/2007,SH 2,MITCHELL ROAD W,,Minor Crash,Yes,2006,0,West,1,0,0,Flat,0,,0,,0,Dark,1391701,4,0,0,2,0,0,0,0,0,,0,0,Hawke's Bay Region,Nil,2-way,Sealed,0,0,0,0,100,0,None,0,0,,29,Wairoa District,Nil,0,0,0,0,0,0,Open,0,0,0,Fine,Null
1755786,5928200,24373,,507900,0,,0,3,,Null,2006/2007,PORANA ROAD,WAIRAU ROAD,,Non-Injury Crash,No,2006,,North,,0,,Flat,,,,,,Bright sun,305201,0,0,0,4,,,0,,,,,,Auckland Region,Nil,2-way,Sealed,,0,0,,50,,Off,0,0,,76,Auckland,Traffic Signals,,,,,0,0,Urban,0,,,Fine,Null
1756405,5920167,24374,,514000,0,,0,2,,North,2006/2007,SH 1N,WELLINGTON OBR,,Minor Crash,Yes,2007,,North,,0,,Flat,,,,,,Twilight,416800,1,0,0,2,,,0,,,,,,Auckland Region,Nil,1-way,Sealed,,0,0,,100,,On,0,0,,76,Auckland,Nil,,,,,0,0,Open,0,,,Heavy rain,Null
1239953,4847641,24375,,611300,0,0,0,1,0,East,2005/2006,STEAD ST,CURRAN ROAD,,Minor Crash,No,2006,0,West,1,0,0,Flat,0,,0,,0,Overcast,3105800,3,0,0,2,0,0,0,0,0,,0,0,,Nil,2-way,Sealed,0,0,0,0,100,0,Null,0,0,,75,Invercargill City,Unknown,0,0,0,0,0,0,Open,0,0,0,Light rain,Null
1752066,5928487,24376,,508411,0,0,0,2,0,North,2006/2007,LYNN ROAD,PEMBERTON AVENUE,,Non-Injury Crash,No,2006,0,North,0,0,0,Hill Road,0,,0,,0,Dark,185603,0,0,0,2,0,0,0,0,0,,0,0,Auckland Region,Nil,2-way,Sealed,0,0,0,0,50,0,On,0,0,,76,Auckland,Nil,0,0,0,0,0,0,Urban,0,1,0,Fine,Null
1681521,6022750,24377,,504502,0,,0,0,,East,2006/2007,HOANGA ROAD,SH 12,,Minor Crash,No,2007,,East,,0,,Flat,,,,,,Bright sun,121800,4,0,0,1,,,0,,,,,,Northland Region,Nil,2-way,Unsealed,,0,0,,100,,None,0,0,,3,Kaipara District,Nil,,,,,0,0,Open,1,,,Fine,Null
1756615,5912807,24378,,518701,0,,0,2,,Null,2005/2006,SH 20,HILLSBOROUGH ROAD,,Non-Injury Crash,Yes,2006,,North,,0,,Flat,,Easter,,,,Dark,572100,0,0,0,3,,,0,,,,,,Auckland Region,Nil,2-way,Sealed,,0,0,,50,,On,0,0,,76,Auckland,Traffic Signals,,,,,0,0,Urban,0,,,Fine,Null
1874503,5821342,24379,,536513,0,0,0,1,1,Null,2006/2007,CAMBRIDGE ROAD,MOFFAT ROAD,,Minor Crash,No,2006,0,South,0,0,0,Flat,0,,0,,0,Overcast,1190804,1,0,0,2,0,0,0,0,0,,0,0,Bay of Plenty Region,Nil,2-way,Sealed,0,0,0,0,70,0,Null,0,0,,23,Tauranga City,Stop,1,0,0,0,0,0,Urban,0,0,0,Fine,Null
1756906,5918623,24380,,515600,0,,0,2,,Null,2006/2007,NEW NORTH ROAD,BASQUE ROAD,,Non-Injury Crash,No,2007,,East,,0,,Hill Road,,,,,,Overcast,421200,0,0,0,4,,,0,,,,,,Auckland Region,Nil,2-way,Sealed,,0,0,,50,,Off,0,0,,76,Auckland,Stop,,,,,0,0,Urban,0,,,Fine,Null
1751829,5924999,24381,,510020,0,,0,1,,South,2006/2007,RANGATIRA ROAD,MONTE CASSINO PLACE,,Minor Crash,No,2006,,North,,0,,Hill Road,,,,,,Overcast,346100,1,0,1,2,,,0,,,,,,Auckland Region,Nil,2-way,Sealed,,0,0,,50,,Null,0,0,,76,Auckland,Unknown,,,,,0,0,Urban,0,,,Fine,Null
1777191,5906007,24382,,525201,0,0,0,1,0,North,2006/2007,BROOKBY ROAD,TWILIGHT ROAD,,Minor Crash,No,2006,0,South,1,0,1,Hill Road,0,,0,,0,Overcast,761900,1,0,0,2,0,0,0,0,0,,0,0,Auckland Region,Nil,2-way,Sealed,0,0,0,0,100,0,None,0,0,,76,Auckland,Nil,0,0,0,0,0,0,Open,0,0,0,Fine,Null
1772250,5911716,24383,35,523114,0,0,0,1,0,East,2006/2007,WHITFORD ROAD,SOMERVILLE ROAD,,Serious Crash,No,2006,0,East,0,0,1,Hill Road,0,,0,,0,Bright sun,718004,1,0,0,2,0,0,0,1,0,,0,0,Auckland Region,Nil,2-way,Sealed,0,0,1,0,80,0,Off,0,0,,76,Auckland,Nil,0,0,0,1,0,0,Open,0,0,0,Fine,Null
1742519,5918614,24384,,513214,0,,0,2,,Null,2007/2008,POOKS ROAD,RANUI AVENUE,,Non-Injury Crash,No,2007,,West,,0,,Flat,,,,,,Bright sun,236400,0,0,0,1,,,0,,,,,,Auckland Region,Nil,1-way,Sealed,,0,0,,50,,Off,0,1,,76,Auckland,Give way,,,,,0,0,Urban,0,,,Fine,Null
1573313,5182890,24385,,592811,1,,0,1,,Null,2005/2006,NEW BRIGHTON ROAD,CRESSWELL AVENUE W,,Minor Crash,No,2006,,West,,0,,Flat,,,,,,Twilight,2602400,1,0,0,2,,,0,,,,,,Canterbury Region,Nil,2-way,Sealed,,0,0,,50,,On,0,0,,60,Christchurch City,Give way,,,,,0,0,Urban,0,,,Fine,Null
1878490,5822004,24386,,538102,0,,0,1,,South,2006/2007,SH 2A,FRASER ST,,Non-Injury Crash,Yes,2006,,North,,0,,Flat,,,,,,Bright sun,1168700,0,0,0,5,,,0,,,,,,Bay of Plenty Region,Nil,2-way,Sealed,,0,0,,50,,Off,1,0,,23,Tauranga City,Nil,,,,,0,0,Urban,0,,,Fine,Null
1753655,5926956,24387,,508310,0,0,0,1,1,North,2006/2007,GLENFIELD ROAD,PARK ROAD E,,Minor Crash,No,2006,0,South,0,0,1,Hill Road,0,,1,,0,Bright sun,202400,1,0,0,2,0,0,0,0,0,,0,0,Auckland Region,Nil,2-way,Sealed,0,0,0,0,50,0,Off,0,0,,76,Auckland,Nil,0,0,0,0,0,0,Urban,1,0,0,Fine,Null
1826459,5935222,24388,,533200,0,0,0,1,1,South,2005/2006,KENNEDY BAY ROAD,MOANA CRESCENT,,Serious Crash,No,2006,0,North,1,0,1,Flat,0,,0,,0,Twilight,1043604,0,0,0,1,0,0,0,0,0,,0,0,Waikato Region,Nil,2-way,Unsealed,0,0,1,0,100,0,None,0,0,,11,Thames-Coromandel District,Unknown,0,0,0,0,0,0,Open,0,0,1,Fine,Null
1746833,5920524,24389,,512300,0,,0,1,,Null,2007/2008,KOTUKU ROAD,GLORIA AVENUE,,Non-Injury Crash,No,2007,,East,,0,,Flat,,,,,,Dark,251500,0,0,0,2,,,0,,,,,,Auckland Region,Nil,2-way,Sealed,,0,0,,50,,On,0,0,,76,Auckland,Give way,,,,,0,0,Urban,0,,,Fine,Null
1459893,5083658,24390,,599000,0,,0,2,,Null,2006/2007,SH 1S,TE WEKA ST,,Minor Crash,Yes,2006,,North,,0,,Flat,,,,,,Bright sun,2780500,3,0,0,2,,,0,,,,,,Canterbury Region,Nil,2-way,Sealed,,0,0,,50,,Null,1,0,,64,Timaru District,Stop,,,,,1,0,Urban,0,,,Fine,Null
1736472,5920600,24391,,505700,0,,0,1,,North,2006/2007,WAIRERE ROAD,BETHELLS ROAD,,Non-Injury Crash,No,2006,,East,,0,,Hill Road,,,,,,Overcast,216700,0,0,0,2,,,0,,,,,,Auckland Region,Nil,2-way,Sealed,,0,0,,100,,None,0,0,,76,Auckland,Nil,,,,,0,0,Open,0,,,Fine,Frost
1733606,5946603,24392,,506647,0,,0,1,,North,2006/2007,SH 16,OPOTO PLACE,,Non-Injury Crash,Yes,2007,,South,,0,,Flat,,,,,,Bright sun,212703,0,0,0,2,,,0,,,,,,Auckland Region,Nil,2-way,Sealed,,0,0,,50,,Off,1,0,,76,Auckland,Nil,,,,,0,0,Urban,0,,,Fine,Null
1570881,5180401,24393,,591500,0,,0,1,,Null,2006/2007,MANCHESTER ST,ARMAGH ST,,Minor Crash,No,2006,,North,,0,,Flat,,,,,,Overcast,2652600,1,1,0,2,,,0,,,,,,Canterbury Region,Nil,2-way,Sealed,,0,0,,50,,Null,0,1,,60,Christchurch City,Traffic Signals,,,,,0,0,Urban,0,,,Fine,Null
1744680,5960704,24394,,506613,0,,0,1,,South,2006/2007,AHUROA ROAD,WEST COAST ROAD,,Non-Injury Crash,No,2006,,East,,0,,Flat,,,,,,Bright sun,146800,0,0,0,2,,,0,,,,,,Auckland Region,Nil,2-way,Unsealed,,0,0,,100,,None,0,0,,76,Auckland,Nil,,,,,0,0,Open,0,,,Fine,Null
1936942,5609095,24395,,545722,0,,0,2,,Null,2005/2006,LAWN ROAD,MILL ROAD,,Serious Crash,No,2006,,North,,0,,Flat,,,,,,Bright sun,1406300,0,0,0,2,,,0,,,,,,Hawke's Bay Region,Nil,2-way,Sealed,,0,1,,100,,Null,0,0,,30,Hastings District,Give way,,,,,0,0,Open,0,,,Fine,Null