X,Y,OBJECTID,advisorySpeed,areaUnitID,bicycle,bridge,bus,carStationWagon,cliffBank,crashDirectionDescription,crashFinancialYear,crashLocation1,crashLocation2,crashRoadSideRoad,crashSeverity,crashSHDescription,crashYear,debris,directionRoleDescription,ditch,fatalCount,fence,flatHill,guardRail,holiday,houseOrBuilding,intersection,kerb,light,meshblockId,minorInjuryCount,moped,motorcycle,NumberOfLanes,objectThrownOrDropped,otherObject,otherVehicleType,overBank,parkedVehicle,pedestrian,phoneBoxEtc,postOrPole,region,roadCharacter,roadLane,roadSurface,roadworks,schoolBus,seriousInjuryCount,slipOrFlood,speedLimit,strayAnimal,streetLight,suv,taxi,temporarySpeedLimit,tlaId,tlaName,trafficControl,trafficIsland,trafficSign,train,tree,truck,unknownVehicleType,urban,vanOrUtility,vehicle,waterRiver,weatherA,weatherB
1849857,5764483,24396,,535360,0,,0,2,,North,2006/2007,BALMORAL DRIVE,TAINUI ST,,Non-Injury Crash,No,2007,,West,,0,,Flat,,,,,,Dark,1146500,0,0,0,2,,,0,,,,,,Waikato Region,Nil,2-way,Sealed,,0,0,,50,,On,0,0,,19,South Waikato District,Nil,,,,,0,0,Urban,0,,,Fine,Null
1771249,5914037,24397,,521602,0,,0,2,,East,2005/2006,UNION ROAD,PEGLER DRIVE,,Non-Injury Crash,No,2006,,South,,0,,Flat,,,,,,Bright sun,648701,0,0,0,2,,,0,,,,,,Auckland Region,Nil,2-way,Sealed,,0,0,,50,,None,0,0,,76,Auckland,Nil,,,,,0,0,Urban,0,,,Fine,Null
1751236,5927231,24398,,510010,0,0,0,2,0,North,2005/2006,LANCASTER ROAD,BEACH HAVEN ROAD,,Non-Injury Crash,No,2006,0,South,0,0,0,Flat,0,,0,,0,Dark,341400,0,0,0,2,0,0,0,0,1,,0,0,Auckland Region,Nil,2-way,Sealed,0,0,0,0,50,0,On,0,0,,76,Auckland,Nil,0,0,0,0,0,0,Urban,0,0,0,Fine,Null
1765064,5910314,24399,,521803,0,,0,4,,North,2006/2007,SH 1N,PRINCES OBR,,Non-Injury Crash,Yes,2006,,South,,0,,Flat,,,,,,Bright sun,790000,0,0,0,3,,,0,,,,,,Auckland Region,Nil,1-way,Sealed,,0,0,,100,,Off,1,0,,76,Auckland,Nil,,,,,0,0,Open,0,,,Null,Null
1760659,5916309,24400,,516003,0,,0,2,,West,2007/2008,GREEN LANE EAST,PEACH PARADE,,Non-Injury Crash,No,2007,,East,,0,,Flat,,,,,,Bright sun,494400,0,0,0,4,,,0,,,,,,Auckland Region,Nil,2-way,Sealed,,0,0,,50,,Off,1,0,,76,Auckland,Traffic Signals,,,,,0,0,Urban,0,,,Fine,Null
1769956,5909956,24401,,523113,0,,0,2,,Null,2005/2006,TE IRIRANGI DRIVE,KELLAWAY DRIVE S,,Non-Injury Crash,No,2006,,North,,0,,Flat,,,,,,Bright sun,711730,0,0,0,2,,,0,,,,,,Auckland Region,Nil,2-way,Sealed,,0,0,,80,,None,0,0,,76,Auckland,Nil,,,,,0,0,Open,0,,,Fine,Null
1754134,5931320,24402,,508805,0,,0,1,,North,2005/2006,SH 1N,SUNSET OBR,,Non-Injury Crash,Yes,2006,,South,,0,,Hill Road,,,,,,Bright sun,180826,0,0,0,2,,,0,,,,,,Auckland Region,Nil,1-way,Sealed,,0,0,,100,,Off,1,0,,76,Auckland,Nil,,,,,0,0,Open,0,,,Fine,Null
1759988,5916884,24403,,516002,0,,0,2,,East,2005/2006,REMUERA ROAD,ARMADALE ROAD,,Minor Crash,No,2006,,West,,0,,Flat,,,,,,Bright sun,492200,1,0,0,4,,,0,,,,,,Auckland Region,Nil,2-way,Sealed,,0,0,,50,,Null,0,0,,76,Auckland,Stop,,,,,0,0,Urban,0,,,Fine,Null
1764803,5911228,24404,,520500,0,,0,2,,North,2005/2006,SH 1N,PRINCES OBR,,Non-Injury Crash,Yes,2006,,South,,0,,Flat,,,,,,Overcast,635901,0,0,0,3,,,0,,,,,,Auckland Region,Nil,1-way,Sealed,,0,0,,100,,Off,0,0,,76,Auckland,Nil,,,,,0,0,Open,0,,,Fine,Null
1817177,5803947,24405,,527501,0,,0,1,,Null,2006/2007,GROSVENOR ST,PRINCES ST,,Non-Injury Crash,No,2006,,North,,0,,Flat,,,,,,Dark,962500,0,0,0,2,,,0,,,,,,Waikato Region,Nil,2-way,Sealed,,0,0,,50,,On,0,0,,17,Waipa District,Stop,,,,,0,0,Urban,0,,,Light rain,Null
1757612,5919830,24406,,514103,0,,1,1,,South,2006/2007,SYMONDS ST,ST PAUL ST,,Non-Injury Crash,No,2006,,South,,0,,Flat,,,,,,Bright sun,436901,0,0,0,2,,,0,,,,,,Auckland Region,Nil,2-way,Sealed,,0,0,,50,,Null,0,0,,76,Auckland,Unknown,,,,,0,0,Urban,0,,,Fine,Null
1758857,5436330,24407,,569301,0,0,0,2,1,East,2005/2006,SH 2,NORMANDALE OBR,,Non-Injury Crash,Yes,2006,0,East,0,0,0,Flat,1,,0,,0,Dark,1919900,0,0,0,2,0,0,0,0,0,,0,0,Wellington Region,Nil,1-way,Sealed,0,0,0,0,100,0,On,0,0,,46,Lower Hutt City,Nil,0,0,0,0,0,0,Open,0,0,0,Fine,Null
1781084,5485489,24408,,564400,0,0,0,2,0,West,2005/2006,BELL ST,WAERENGA ROAD,,Serious Crash,No,2006,0,South,0,0,0,Flat,0,,0,,0,Bright sun,1880600,0,0,0,2,0,0,0,0,1,,0,0,Wellington Region,Nil,2-way,Sealed,0,0,1,0,50,0,Null,0,0,,43,Kapiti Coast District,Nil,0,0,0,0,0,0,Urban,0,0,0,Fine,Null
1846191,5684421,24409,,541346,0,,0,1,,South,2005/2006,SH 1N,FRETHEY DRIVE,,Serious Crash,Yes,2006,,South,,0,,Flat,,,,,,Dark,1287900,0,0,0,2,,,0,,,,,,Waikato Region,Nil,2-way,Sealed,,0,1,,100,,None,0,0,,21,Taupo District,Nil,,,,,1,0,Open,0,,,Fine,Null
1697981,6095099,24410,,501100,0,,0,3,,West,2005/2006,SH 11,TE KARUWHA PARADE,,Non-Injury Crash,Yes,2006,,North,,0,,Hill Road,,,,,,Bright sun,53700,0,0,0,3,,,0,,,,,,Northland Region,Nil,2-way,Sealed,,0,0,,100,,None,0,0,,1,Far North District,Nil,,,,,0,0,Open,0,,,Fine,Null
1813726,5842115,24411,,534500,0,,0,0,,North,2006/2007,TAINUI ROAD,KIWI ROAD,,Minor Crash,No,2006,,North,,0,,Hill Road,,,,,,Overcast,1092800,3,0,0,2,,,0,,,,,,Waikato Region,Nil,2-way,Sealed,,0,0,,100,,None,1,0,,15,Matamata-Piako District,Nil,,,,,0,0,Open,0,,,Fine,Null
1764947,5908254,24412,,523404,0,,0,3,,Null,2005/2006,GREAT SOUTH ROAD,BAIRDS ROAD,,Non-Injury Crash,No,2006,,South,,0,,Flat,,,,,,Overcast,696801,0,0,0,2,,,0,,,,,,Auckland Region,Nil,2-way,Sealed,,0,0,,50,,Null,0,0,,76,Auckland,Traffic Signals,,,,,0,0,Urban,0,,,Heavy rain,Null
1753990,5927799,24413,,508310,0,0,0,1,0,South,2005/2006,DOWNING ST,BENTLEY AVENUE,,Non-Injury Crash,No,2006,0,East,0,0,1,Hill Road,0,Easter,0,,0,Bright sun,200401,0,0,0,2,0,0,0,0,0,,0,0,Auckland Region,Nil,2-way,Sealed,0,0,0,0,50,0,Null,0,0,,76,Auckland,Nil,0,0,0,0,0,0,Urban,0,0,0,Fine,Null
1771345,5576871,24414,,556000,0,0,0,0,0,Null,2005/2006,PURIRI ST,KOWHAI ST,,Non-Injury Crash,No,2006,0,West,0,0,0,Flat,0,,0,,0,Overcast,1716300,0,0,0,2,0,0,0,0,0,,0,1,Manawatū-Whanganui Region,Nil,2-way,Sealed,0,0,0,0,50,0,Null,0,0,,37,Whanganui District,Nil,0,0,0,0,0,0,Urban,1,0,0,Fine,Null
1822490,5528063,24415,,563000,0,,0,0,,Null,2006/2007,FITZHERBERT AVENUE,TE AWE AWE ST,,Minor Crash,No,2006,,North,,0,,Flat,,,,,,Overcast,1808300,1,1,0,6,,,0,,,,,,Manawatū-Whanganui Region,Nil,2-way,Sealed,,0,0,,50,,Null,0,0,,40,Palmerston North City,Traffic Signals,,,,,0,0,Urban,0,,,Light rain,Null
1754917,5916456,24416,,517702,0,,0,2,,Null,2006/2007,BALMORAL ROAD,SANDRINGHAM ROAD,,Non-Injury Crash,No,2006,,North,,0,,Flat,,Christmas New Year,,,,Overcast,540300,0,0,0,4,,,0,,,,,,Auckland Region,Nil,2-way,Sealed,,0,0,,50,,Off,0,0,,76,Auckland,Traffic Signals,,,,,0,0,Urban,0,,,Light rain,Null
1755394,5930435,24417,,508520,0,,0,2,,South,2005/2006,Z CPK FOODTOWN,SYCAMORE DRIVE,,Non-Injury Crash,No,2006,,North,,0,,Flat,,,,,,Overcast,192800,0,0,0,0,,,0,,,,,,Auckland Region,Nil,Off road,Sealed,,0,0,,50,,Off,0,0,,76,Auckland,Nil,,,,,0,0,Urban,0,,,Fine,Null
1936836,5619044,24418,,545632,0,,0,1,,South,2005/2006,SH 2,ELLISON ST,,Minor Crash,Yes,2006,,South,,0,,Flat,,,,,,Dark,1402700,1,0,1,2,,,0,,,,,,Hawke's Bay Region,Nil,2-way,Sealed,,0,0,,100,,None,0,0,,31,Napier City,Nil,,,,,0,0,Open,0,,,Fine,Null
1758964,5903171,24419,,524200,0,0,0,1,0,West,2005/2006,RAY EMERY DRIVE,TOM PEARCE DRIVE N,,Non-Injury Crash,No,2006,0,East,0,0,0,Flat,0,,0,,0,Overcast,727200,0,0,0,1,0,0,0,0,1,,0,0,Auckland Region,Nil,1-way,Sealed,0,0,0,0,50,0,Off,1,0,,76,Auckland,Nil,0,0,0,0,0,0,Urban,0,0,0,Fine,Null
1757041,5925437,24420,,509702,0,,0,2,,Null,2005/2006,SH 1N,AKORANGA OFF NBD,,Non-Injury Crash,Yes,2006,,North,,0,,Flat,,,,,,Dark,364601,0,0,0,2,,,0,,,,,,Auckland Region,Nil,2-way,Sealed,,0,0,,50,,On,0,0,,76,Auckland,Nil,,,,,0,0,Urban,0,,,Fine,Null
1664145,5422862,24421,,580446,0,0,0,1,0,South,2006/2007,SH 6,NEWMAN CREEK CULV,,Minor Crash,Yes,2006,0,West,1,0,1,Flat,0,,0,,0,Overcast,2286200,1,0,0,2,0,0,0,0,0,,0,0,Marlborough Region,Nil,2-way,Sealed,0,0,0,0,100,0,Null,0,0,,53,Marlborough District,Nil,0,0,0,0,0,0,Open,0,0,0,Fine,Null
1761227,5906136,24422,,524112,0,0,0,2,0,West,2006/2007,MASSEY ROAD,FRIESIAN DRIVE,,Non-Injury Crash,No,2007,0,East,0,0,0,Flat,0,,0,,0,Dark,742000,0,0,0,2,0,0,0,0,0,,0,0,Auckland Region,Nil,2-way,Sealed,0,0,0,0,50,0,On,0,0,,76,Auckland,Nil,0,0,0,0,0,0,Urban,0,1,0,Light rain,Null
1574775,5183584,24423,,592820,1,,0,1,,Null,2006/2007,NEW BRIGHTON ROAD,AVONDALE ROAD,,Minor Crash,No,2006,,West,,0,,Flat,,,,,,Overcast,2604803,1,0,0,2,,,0,,,,,,Canterbury Region,Nil,2-way,Sealed,,0,0,,50,,Null,0,0,,60,Christchurch City,Give way,,,,,0,0,Urban,0,,,Fine,Null
1745084,5917948,24424,,510700,0,,0,2,,North,2005/2006,LINCOLN ROAD,SEL PEACOCK DRIVE,,Minor Crash,No,2006,,South,,0,,Flat,,,,,,Dark,240200,1,0,0,4,,,0,,,,,,Auckland Region,Nil,2-way,Sealed,,0,0,,50,,On,0,0,,76,Auckland,Traffic Signals,,,,,0,0,Urban,0,,,Fine,Null
1573565,5179857,24425,,593502,0,,0,1,,South,2005/2006,ALDWINS ROAD,LINWOOD AVENUE,,Serious Crash,No,2006,,North,,0,,Flat,,,,,,Bright sun,2605800,0,0,0,4,,,0,,,1,,,Canterbury Region,Nil,2-way,Sealed,,0,1,,50,,Null,0,0,,60,Christchurch City,Unknown,,,,,0,0,Urban,0,,,Fine,Null
1747996,5426147,24426,,575600,0,,0,0,,East,2005/2006,BROOKLYN ROAD,WASHINGTON AVENUE,,Non-Injury Crash,No,2006,,West,,0,,Hill Road,,,,,,Bright sun,2162600,0,0,0,2,,,0,,,,,,Wellington Region,Nil,2-way,Sealed,,0,0,,50,,Null,1,0,,47,Wellington City,Nil,,,,,0,0,Urban,1,,,Fine,Null
1770154,5898407,24427,,523920,0,,0,1,,South,2005/2006,SH 1N,WALTER STREVENS OBR,,Non-Injury Crash,Yes,2006,,South,,0,,Flat,,,,,,Bright sun,768003,0,0,0,2,,,0,,,,,,Auckland Region,Nil,1-way,Sealed,,0,0,,100,,None,1,0,,76,Auckland,Nil,,,,,0,0,Open,0,,,Fine,Null
1542203,5153725,24428,,597506,0,0,0,1,0,East,2006/2007,HIGH ST,SOUTHBRIDGE LEESTON ROAD,,Minor Crash,No,2006,0,West,1,0,0,Flat,0,,0,,0,Dark,2723101,1,0,0,2,0,0,0,0,0,,0,0,Canterbury Region,Nil,2-way,Sealed,0,0,0,0,100,0,On,0,0,,62,Selwyn District,Stop,0,0,0,1,0,0,Open,0,0,0,Mist or Fog,Null
1570881,5180401,24429,,591500,0,,0,1,,Null,2006/2007,MANCHESTER ST,ARMAGH ST,,Serious Crash,No,2006,,West,,0,,Flat,,,,,,Overcast,2652600,0,0,0,4,,,0,,,1,,,Canterbury Region,Nil,2-way,Sealed,,0,1,,50,,Null,0,1,,60,Christchurch City,Traffic Signals,,,,,0,0,Urban,0,,,Light rain,Null
1746838,5913578,24430,,511100,0,0,0,1,0,North,2006/2007,GLENDALE ROAD,WOODVALE ROAD,,Minor Crash,No,2006,0,South,0,0,0,Hill Road,0,,0,,0,Dark,286400,1,0,0,2,0,0,0,0,0,,0,1,Auckland Region,Nil,2-way,Sealed,0,0,0,0,50,0,On,0,0,,76,Auckland,Unknown,0,0,0,0,0,0,Urban,0,0,0,Fine,Null
1686008,6106442,24431,,501614,0,0,0,1,1,South,2005/2006,PURERUA ROAD,SOMERVILLE ROAD,,Non-Injury Crash,No,2006,0,North,0,0,0,Hill Road,0,Christmas New Year,0,,0,Bright sun,44004,0,0,0,2,0,0,0,0,0,,0,0,Northland Region,Nil,2-way,Sealed,0,0,0,0,100,0,None,0,0,,1,Far North District,Nil,0,0,0,0,0,0,Open,0,0,0,Fine,Null
1570335,5180156,24432,,591600,0,,1,1,,Null,2006/2007,WORCESTER ST,CAMBRIDGE TERRACE,,Non-Injury Crash,No,2006,,South,,0,,Flat,,Christmas New Year,,,,Overcast,2678100,0,0,0,2,,,0,,,,,,Canterbury Region,Nil,2-way,Sealed,,0,0,,50,,Null,0,0,,60,Christchurch City,Traffic Signals,,,,,0,0,Urban,0,,,Fine,Null
1755958,5917097,24433,,518201,0,,0,1,,North,2005/2006,DOMINION ROAD,PROSPECT TERRACE,,Minor Crash,No,2006,,South,,0,,Flat,,,,,,Bright sun,548800,1,0,0,2,,,0,,,,,,Auckland Region,Nil,2-way,Sealed,,0,0,,50,,Null,1,0,,76,Auckland,Stop,,,,,0,0,Urban,1,,,Fine,Null
1763179,5459487,24434,,566200,0,,0,2,,South,2005/2006,SH 1N,FISHERMANS TABLE,,Non-Injury Crash,Yes,2006,,North,,0,,Flat,,,,,,Dark,2009702,0,0,0,2,,,0,,,,,,Wellington Region,Nil,2-way,Sealed,,0,0,,80,,None,0,0,,43,Kapiti Coast District,Nil,,,,,0,0,Open,0,,,Fine,Null
1753678,5931262,24435,,508807,0,,0,2,,Null,2005/2006,SH 18,CARIBBEAN DRIVE,,Non-Injury Crash,Yes,2006,,East,,0,,Flat,,,,,,Overcast,180810,0,0,0,2,,,0,,,,,,Auckland Region,Nil,2-way,Sealed,,0,0,,80,,Off,0,0,,76,Auckland,Traffic Signals,,,,,0,0,Open,0,,,Light rain,Null
1754030,5931358,24436,,508803,0,,0,2,,Null,2006/2007,SH 18,UPPER HWY OFF NBD W,,Minor Crash,Yes,2006,,North,,0,,Flat,,,,,,Bright sun,180818,1,0,0,2,,,0,,,,,,Auckland Region,Nil,1-way,Sealed,,0,0,,50,,Off,0,0,,76,Auckland,Give way,,,,,0,0,Urban,0,,,Fine,Null
1764034,5909918,24437,,521901,0,,0,2,,North,2005/2006,GREAT SOUTH ROAD,KING ST,,Non-Injury Crash,No,2006,,South,,0,,Flat,,Easter,,,,Overcast,783800,0,0,0,2,,,0,,,,,,Auckland Region,Nil,2-way,Sealed,,0,0,,50,,Null,0,0,,76,Auckland,Unknown,,,,,0,0,Urban,0,,,Fine,Null
1770635,5911227,24438,55,523109,0,0,0,1,0,Null,2006/2007,TI RAKAU DRIVE,CHAPEL ROAD,,Minor Crash,No,2007,0,West,0,0,1,Flat,0,,0,,1,Bright sun,712008,1,0,0,2,0,0,0,0,0,,0,0,Auckland Region,Nil,2-way,Sealed,0,0,0,0,70,0,Off,0,0,,76,Auckland,Traffic Signals,0,0,0,1,0,0,Urban,0,0,0,Fine,Null
1790663,5839399,24439,,527402,0,0,0,1,0,South,2006/2007,SH 1N,SPIERS ROAD,,Minor Crash,Yes,2006,0,North,0,0,1,Flat,0,,0,,0,Twilight,947300,1,0,0,2,0,0,0,0,0,,1,1,Waikato Region,Nil,2-way,Sealed,0,0,0,0,70,0,On,0,0,,13,Waikato District,Unknown,0,0,0,0,0,0,Urban,0,0,0,Light rain,Null
1761072,5914347,24440,,520202,1,,0,1,,Null,2005/2006,GREAT SOUTH ROAD,GT SOUTH LINK,,Minor Crash,No,2006,,South,,0,,Flat,,,,,,Bright sun,612300,1,0,0,4,,,0,,,,,,Auckland Region,Nil,2-way,Sealed,,0,0,,50,,Null,0,0,,76,Auckland,Give way,,,,,0,0,Urban,0,,,Fine,Null
1565646,5179215,24441,,590300,0,,0,2,,Null,2006/2007,BLENHEIM ROAD,HANSONS LANE,,Minor Crash,No,2006,,West,,0,,Flat,,,,,,Overcast,2480302,1,0,0,4,,,0,,,,,,Canterbury Region,Nil,2-way,Sealed,,0,0,,60,,Null,0,0,,60,Christchurch City,Traffic Signals,,,,,0,0,Urban,0,,,Fine,Null
1769960,5913202,24442,,522722,0,,0,0,,Null,2006/2007,AVIEMORE DRIVE,BRADBURY ROAD,,Minor Crash,No,2007,,West,,0,,Flat,,,,,,Bright sun,681338,1,0,0,2,,,0,,,,,,Auckland Region,Nil,2-way,Sealed,,0,0,,50,,None,0,0,,76,Auckland,Give way,,,,,1,0,Urban,1,,,Fine,Null
1789821,5821101,24443,,527912,0,0,0,0,0,North,2005/2006,HOROTIU ROAD,TE KOWHAI ROAD,,Minor Crash,No,2006,0,South,0,0,1,Flat,0,,0,,0,Dark,975500,1,0,0,2,0,0,0,0,0,,1,0,Waikato Region,Nil,2-way,Sealed,0,0,0,0,50,0,On,0,0,,13,Waikato District,Nil,0,0,0,0,1,0,Urban,0,0,0,Mist or Fog,Frost
1571378,5182697,24444,,592600,1,,0,1,,Null,2005/2006,WARRINGTON ST,BARBADOES ST,,Minor Crash,No,2006,,West,,0,,Flat,,,,,,Overcast,2695500,1,0,0,3,,,0,,,,,,Canterbury Region,Nil,2-way,Sealed,,0,0,,50,,Null,0,0,,60,Christchurch City,Give way,,,,,0,0,Urban,0,,,Fine,Null
1738126,5989323,24445,,506660,0,,0,5,,West,2005/2006,MANGAWHAI ROAD,LOWER SILVER HILL ROAD,,Minor Crash,No,2006,,East,,0,,Hill Road,,,,,,Overcast,135800,1,0,0,2,,,0,,,,,,Auckland Region,Nil,2-way,Sealed,,0,0,,100,,None,0,0,,76,Auckland,Nil,,,,,0,0,Open,0,,,Light rain,Null
1799627,5792796,24446,,527924,0,,0,0,,West,2006/2007,PIRONGIA ROAD,ALEXANDRA ST,,Minor Crash,No,2006,,South,,0,,Flat,,,,,,Bright sun,981600,1,0,0,2,,,0,,,,,,Waikato Region,Nil,2-way,Sealed,,0,0,,100,,Null,0,0,,17,Waipa District,Unknown,,,,,2,0,Open,0,,,Fine,Null
1767339,5904895,24447,,524603,0,,0,2,,West,2005/2006,CAVENDISH DRIVE,GREAT SOUTH ROAD,,Non-Injury Crash,No,2006,,East,,0,,Flat,,,,,,Bright sun,780205,0,0,0,4,,,0,,,,,,Auckland Region,Nil,2-way,Sealed,,0,0,,50,,Off,0,0,,76,Auckland,Nil,,,,,0,0,Urban,0,,,Fine,Null
1450097,5293786,24448,,584912,0,0,0,1,0,West,2006/2007,JACKS ROAD,SH 6,,Non-Injury Crash,No,2006,0,North,0,0,1,Flat,0,,0,,0,Overcast,2413600,0,0,0,1,0,0,0,0,0,,0,0,West Coast Region,Nil,2-way,Sealed,0,0,0,0,70,0,Null,0,0,,56,Grey District,Unknown,0,0,0,0,0,0,Urban,0,0,0,Heavy rain,Null
1762934,5455035,24449,,565700,0,,0,2,,North,2005/2006,PAEKAKARIKI HILL ROAD,GRAYS ROAD,,Minor Crash,No,2006,,North,,0,,Hill Road,,Easter,,,,Dark,2072101,4,0,0,2,,,0,,,,,,Wellington Region,Nil,2-way,Sealed,,0,0,,80,,None,0,0,,44,Porirua City,Nil,,,,,0,0,Open,0,,,Light rain,Null
1799211,5815524,24450,,528900,0,,0,0,,North,2005/2006,EMPIRE ST,KENT ST,,Minor Crash,No,2006,,South,,0,,Flat,,,,,,Overcast,912900,1,1,0,2,,,0,,,,,,Waikato Region,Nil,2-way,Sealed,,0,0,,50,,Null,0,0,,16,Hamilton City,Unknown,,,,,1,0,Urban,0,,,Light rain,Null
1752644,5954620,24451,,505803,0,,0,0,,North,2005/2006,HIBISCUS COAST HIGHWAY,WAIWERA ROAD,,Non-Injury Crash,No,2006,,South,,0,,Hill Road,,,,,,Bright sun,170601,0,0,1,2,,,0,,,,,,Auckland Region,Nil,2-way,Sealed,,0,0,,80,,Off,1,0,,76,Auckland,Nil,,,,,0,0,Open,0,,,Fine,Null
1773173,5897223,24452,,525630,0,0,0,1,0,West,2006/2007,OLD WAIROA ROAD,HALBERG ST,,Non-Injury Crash,No,2007,0,West,0,0,0,Flat,0,,0,,0,Overcast,793900,0,0,0,2,0,0,0,0,1,,0,0,Auckland Region,Nil,2-way,Sealed,0,0,0,0,50,0,Off,0,0,,76,Auckland,Nil,0,0,0,0,1,0,Urban,0,0,0,Mist or Fog,Null
1754512,5916964,24453,,517701,0,,0,1,,North,2006/2007,MORNINGSIDE DRIVE,EXETER ROAD,,Minor Crash,No,2006,,South,,0,,Flat,,,,,,Dark,536000,1,0,0,2,,,0,,,1,,,Auckland Region,Nil,2-way,Sealed,,0,0,,50,,On,0,0,,76,Auckland,Give way,,,,,0,0,Urban,0,,,Fine,Null
1888961,5821032,24454,,536517,0,0,0,1,1,North,2005/2006,SH 2,DOMAIN ROAD,,Non-Injury Crash,Yes,2006,0,South,0,0,0,Flat,0,,0,,0,Dark,1205060,0,0,0,2,0,0,0,0,0,,0,0,Bay of Plenty Region,Nil,2-way,Sealed,0,0,0,0,100,0,On,0,0,,23,Tauranga City,Unknown,0,0,0,0,0,0,Open,0,0,0,Light rain,Null
1763316,5920380,24455,,516500,0,,0,1,,South,2006/2007,PATTESON AVENUE,TAMAKI DRIVE,,Non-Injury Crash,No,2007,,East,,0,,Flat,,,,,,Bright sun,500600,0,0,0,2,,,0,,,,,,Auckland Region,Nil,2-way,Sealed,,0,0,,50,,Off,1,0,,76,Auckland,Traffic Signals,,,,,0,0,Urban,0,,,Fine,Null
1757329,5920641,24456,,514102,0,0,0,1,0,East,2005/2006,WYNDHAM ST,ALBERT ST,,Non-Injury Crash,No,2006,0,East,0,0,0,Hill Road,0,,0,,0,Dark,433501,0,0,0,2,0,0,0,0,1,,0,0,Auckland Region,Nil,2-way,Sealed,0,0,0,0,50,0,On,0,0,,76,Auckland,Nil,0,0,0,0,0,0,Urban,1,0,0,Light rain,Null
1746998,5926233,24457,,513431,0,,0,2,,South,2005/2006,HOBSONVILLE ROAD,BUCKLEY AVENUE,,Minor Crash,No,2006,,South,,0,,Hill Road,,,,,,Overcast,221802,1,0,0,2,,,0,,,,,,Auckland Region,Bridge,2-way,Sealed,,0,0,,70,,Off,0,0,,76,Auckland,Nil,,,,,0,0,Urban,0,,,Light rain,Null
1800616,5815718,24458,,529700,0,,0,2,,Null,2005/2006,LONDON ST,BARTON ST,,Non-Injury Crash,No,2006,,South,,0,,Flat,,,,,,Overcast,910100,0,0,0,2,,,0,,,,,,Waikato Region,Nil,2-way,Sealed,,0,0,,50,,Null,0,0,,16,Hamilton City,Give way,,,,,0,0,Urban,0,,,Light rain,Null
1882114,5786969,24459,55,538811,0,0,0,0,1,North,2005/2006,SH 36,HAMURANA ROAD,,Minor Crash,Yes,2006,0,North,0,0,0,Hill Road,0,,0,,0,Bright sun,1250004,1,0,1,2,0,0,0,0,0,,0,0,Bay of Plenty Region,Nil,2-way,Sealed,0,0,0,0,100,0,Null,0,0,,24,Rotorua District,Unknown,0,0,0,0,0,0,Open,0,0,0,Fine,Null
1752888,5933211,24460,,508807,0,0,0,1,0,North,2005/2006,ALBANY EXPRESSWAY,TAWA DRIVE,,Non-Injury Crash,No,2006,0,North,0,0,0,Hill Road,0,,0,,0,Dark,180405,0,0,0,2,0,0,0,0,0,,0,1,Auckland Region,Nil,2-way,Sealed,0,0,0,0,100,0,On,0,0,,76,Auckland,Nil,0,0,0,0,0,0,Open,0,0,0,Light rain,Null
1767421,5904932,24461,,524603,0,,0,2,,West,2006/2007,CAVENDISH DRIVE,GREAT SOUTH ROAD,,Non-Injury Crash,No,2007,,East,,0,,Flat,,,,,,Bright sun,780205,0,0,0,4,,,0,,,,,,Auckland Region,Nil,2-way,Sealed,,0,0,,50,,Off,0,0,,76,Auckland,Traffic Signals,,,,,0,0,Urban,0,,,Fine,Null
1761790,5906257,24462,,524200,0,,0,2,,Null,2005/2006,TIDAL ROAD,CINNAMON ROAD,,Non-Injury Crash,No,2006,,South,,0,,Flat,,,,,,Overcast,728700,0,0,0,2,,,0,,,,,,Auckland Region,Nil,2-way,Sealed,,0,0,,50,,On,0,0,,76,Auckland,Nil,,,,,0,0,Urban,0,,,Light rain,Null
1848861,5791144,24463,,535232,0,,0,1,,East,2005/2006,SH 5,WAIMAKARIRI ROAD,,Minor Crash,Yes,2006,,East,,0,,Hill Road,,,,,,Dark,1127200,1,0,0,2,,,0,,,,,,Waikato Region,Nil,2-way,Unsealed,,0,0,,100,,None,0,0,30,19,South Waikato District,Unknown,,,,,0,0,Open,1,,,Light rain,Null
1369918,4886211,24464,,606700,0,0,0,1,0,North,2006/2007,GLENLEDI ROAD,BIG BUSH ROAD,,Minor Crash,No,2006,0,South,0,0,1,Hill Road,0,Christmas New Year,0,,0,Twilight,2986901,1,0,0,2,0,0,0,1,0,,0,0,Otago Region,Nil,2-way,Unsealed,0,0,0,0,100,0,None,0,0,,72,Clutha District,Unknown,0,0,0,0,0,0,Open,0,0,0,Fine,Null
1755705,5918046,24465,,517500,0,,0,2,,North,2005/2006,BOND ST,SANDRINGHAM ROAD,,Non-Injury Crash,No,2006,,North,,0,,Hill Road,,,,,,Bright sun,529800,0,0,0,2,,,0,,,,,,Auckland Region,Bridge,2-way,Sealed,,0,0,,50,,Off,0,0,,76,Auckland,Nil,,,,,0,0,Urban,0,,,Fine,Null