X,Y,OBJECTID,advisorySpeed,areaUnitID,bicycle,bridge,bus,carStationWagon,cliffBank,crashDirectionDescription,crashFinancialYear,crashLocation1,crashLocation2,crashRoadSideRoad,crashSeverity,crashSHDescription,crashYear,debris,directionRoleDescription,ditch,fatalCount,fence,flatHill,guardRail,holiday,houseOrBuilding,intersection,kerb,light,meshblockId,minorInjuryCount,moped,motorcycle,NumberOfLanes,objectThrownOrDropped,otherObject,otherVehicleType,overBank,parkedVehicle,pedestrian,phoneBoxEtc,postOrPole,region,roadCharacter,roadLane,roadSurface,roadworks,schoolBus,seriousInjuryCount,slipOrFlood,speedLimit,strayAnimal,streetLight,suv,taxi,temporarySpeedLimit,tlaId,tlaName,trafficControl,trafficIsland,trafficSign,train,tree,truck,unknownVehicleType,urban,vanOrUtility,vehicle,waterRiver,weatherA,weatherB
1763128,5915006,24466,,520302,0,0,0,2,0,Null,2006/2007,ELLERSLIE-PANMURE HIGHWAY,FERNDALE ROAD,,Non-Injury Crash,No,2007,0,East,0,0,0,Flat,0,,0,,0,Bright sun,625703,0,0,0,2,0,0,0,0,0,,0,0,Auckland Region,Nil,2-way,Sealed,0,0,0,0,50,0,Off,0,0,,76,Auckland,Nil,0,0,0,0,0,0,Urban,0,1,0,Fine,Null
1718849,6048558,24467,,502300,0,0,0,1,0,Null,2005/2006,SH 1N,KAMO ROAD,,Non-Injury Crash,Yes,2006,0,North,0,0,0,Hill Road,0,,0,,1,Dark,90000,0,0,0,4,0,0,0,0,0,,0,0,Northland Region,Nil,2-way,Sealed,0,0,0,0,50,0,On,0,0,,2,Whangarei District,Traffic Signals,0,0,0,0,0,0,Urban,0,0,0,Fine,Null
1936458,5609908,24468,,545730,0,,0,1,,Null,2005/2006,MILL ROAD,RICHMOND ROAD,,Minor Crash,No,2006,,South,,0,,Flat,,,,,,Bright sun,1405403,1,0,0,2,,,0,,,,,,Hawke's Bay Region,Nil,2-way,Sealed,,0,0,,100,,Null,0,0,,30,Hastings District,Stop,,,,,0,0,Open,1,,,Fine,Null
1770480,5910432,24469,,523109,0,,0,2,,South,2005/2006,CHAPEL ROAD,ARMOY DRIVE,,Non-Injury Crash,No,2006,,North,,0,,Flat,,,,,,Bright sun,712012,0,0,0,4,,,0,,,,,,Auckland Region,Nil,2-way,Sealed,,0,0,,70,,Off,0,0,,76,Auckland,Stop,,,,,0,0,Urban,0,,,Fine,Null
1755926,5916977,24470,,518201,0,,0,2,,Null,2005/2006,DOMINION ROAD,KING EDWARD ST,,Non-Injury Crash,No,2006,,South,,0,,Flat,,,,,,Bright sun,548200,0,0,0,3,,,0,,,,,,Auckland Region,Nil,2-way,Sealed,,0,0,,50,,Off,0,0,,76,Auckland,Nil,,,,,0,0,Urban,0,,,Fine,Null
1769892,5899507,24471,,523911,0,,0,3,,North,2006/2007,SH 1N,TAKANINI OFF SBD,,Minor Crash,Yes,2007,,South,,0,,Flat,,,,,,Overcast,766500,1,0,0,2,,,0,,,,,,Auckland Region,Nil,1-way,Sealed,,0,0,,100,,Off,0,0,,76,Auckland,Nil,,,,,0,0,Open,0,,,Fine,Null
1768903,5905857,24472,,523721,0,,0,2,,South,2006/2007,TE IRIRANGI DRIVE,DAWSON ROAD,,Non-Injury Crash,No,2006,,North,,0,,Flat,,,,,,Overcast,715616,0,0,0,2,,,0,,,,,,Auckland Region,Nil,2-way,Sealed,,0,0,,50,,On,0,0,,76,Auckland,Traffic Signals,,,,,0,0,Urban,0,,,Fine,Null
1840082,5818122,24473,65,535220,0,0,0,1,0,North,2005/2006,LANDSDOWNE ROAD,SCHERER ROAD,,Serious Crash,No,2006,0,South,1,0,0,Hill Road,0,,0,,0,Overcast,1116800,0,0,0,2,0,0,0,0,0,,0,0,Waikato Region,Nil,2-way,Sealed,0,0,1,0,100,0,Null,0,0,,15,Matamata-Piako District,Unknown,0,0,0,1,0,0,Open,0,0,0,Fine,Null
1750256,5423713,24474,,577000,1,0,0,1,0,North,2005/2006,ONEPU ROAD,RESOLUTION ST,,Minor Crash,No,2006,0,South,0,0,0,Flat,0,,0,,0,Dark,2173900,1,0,0,2,0,0,0,0,0,,0,0,Wellington Region,Nil,2-way,Sealed,0,0,0,0,50,0,On,0,0,,47,Wellington City,Nil,0,0,0,0,0,0,Urban,0,1,0,Fine,Null
1799550,5819661,24475,,529401,1,,0,1,,Null,2006/2007,RIVER ROAD,GLEN LYNNE AVENUE,,Minor Crash,No,2006,,South,,0,,Flat,,,,,,Overcast,878900,1,0,0,2,,,0,,,,,,Waikato Region,Nil,2-way,Sealed,,0,0,,50,,Null,0,0,,16,Hamilton City,Give way,,,,,0,0,Urban,0,,,Heavy rain,Null
1880693,5819187,24476,,538302,0,,0,1,,West,2005/2006,MEANDER DRIVE,OSPREY DRIVE,,Minor Crash,No,2006,,North,,0,,Hill Road,,,,,,Bright sun,1180012,1,0,0,2,,,0,,,1,,,Bay of Plenty Region,Nil,2-way,Sealed,,0,0,,50,,Null,0,0,,23,Tauranga City,Unknown,,,,,0,0,Urban,0,,,Fine,Null
1784846,5803657,24477,,526603,0,0,0,0,0,West,2007/2008,LIMEWORKS LOOP ROAD,CLARK LANE,,Minor Crash,No,2007,0,West,0,0,1,Hill Road,0,,0,,0,Overcast,860000,1,0,0,2,0,0,0,0,0,,0,1,Waikato Region,Nil,2-way,Sealed,0,0,0,0,100,0,Null,0,0,,17,Waipa District,Unknown,0,0,0,0,0,0,Open,1,0,0,Fine,Null
1766154,5899792,24478,,524822,0,,0,2,,North,2006/2007,Z CPK CLENDON SC,PALMERS ROAD,,Non-Injury Crash,No,2006,,North,,0,,Flat,,,,,,Bright sun,774431,0,0,0,0,,,0,,,,,,Auckland Region,Nil,Off road,Sealed,,0,0,,20,,None,0,0,,76,Auckland,Nil,,,,,0,0,Urban,0,,,Fine,Null
1773626,5898601,24479,,523912,0,,0,1,,Null,2005/2006,COSGRAVE ROAD,WALTERS ROAD,,Serious Crash,No,2006,,North,,0,,Flat,,,,,,Dark,765500,0,0,0,2,,,0,,,,,,Auckland Region,Nil,2-way,Sealed,,0,3,,100,,On,1,0,,76,Auckland,Stop,,,,,0,0,Open,0,,,Fine,Null
1769875,5899282,24480,45,523920,0,0,0,0,0,South,2005/2006,TAKANINI ON NBD,SH 1N,,Minor Crash,Yes,2006,0,North,0,0,0,Flat,1,,0,,0,Bright sun,767922,1,0,0,1,0,0,0,0,0,,0,0,Auckland Region,Motorway ramp,1-way,Sealed,0,0,0,0,100,0,Off,0,0,,76,Auckland,Nil,0,0,0,0,1,0,Open,0,0,0,Fine,Null
1756993,5905348,24481,,524200,0,0,0,1,0,Null,2007/2008,ORUARANGI ROAD,WAIPOURI ROAD,,Minor Crash,No,2007,0,South,0,0,1,Flat,0,,0,,0,Dark,726900,1,0,0,2,0,0,0,0,0,,1,0,Auckland Region,Nil,2-way,Sealed,0,0,0,0,50,0,On,0,0,,76,Auckland,Nil,0,0,0,0,0,0,Urban,0,0,0,Fine,Null
1934324,5783009,24482,,542540,0,,0,1,,North,2006/2007,GALATEA ROAD,TAUHE TAREI ROAD,,Non-Injury Crash,No,2006,,West,,0,,Flat,,,,,,Bright sun,1301700,0,0,0,2,,,0,,,,,,Bay of Plenty Region,Nil,2-way,Sealed,,0,0,,70,,Off,0,0,,25,Whakatane District,Nil,,,,,0,0,Urban,1,,,Fine,Null
1686503,6095866,24483,55,501633,0,,0,2,,North,2006/2007,SH 10,WAKELIN ROAD,,Minor Crash,Yes,2006,,South,,0,,Hill Road,,,,,,Overcast,34302,3,0,0,2,,,0,,,,,,Northland Region,Nil,2-way,Sealed,,0,0,,100,,None,0,0,,1,Far North District,Nil,,,,,0,0,Open,0,,,Heavy rain,Null
1757798,5920490,24484,,514103,0,0,0,1,0,Null,2006/2007,WATERLOO QUADRANT,PRINCES ST,,Minor Crash,No,2007,0,South,0,0,0,Flat,0,,0,,0,Dark,437200,1,0,0,2,0,0,0,0,0,,0,0,Auckland Region,Nil,2-way,Sealed,0,0,0,0,50,0,On,0,0,,76,Auckland,Traffic Signals,0,0,0,1,0,0,Urban,0,0,0,Light rain,Null
1748702,5945769,24485,,505806,0,0,0,3,0,North,2006/2007,SH 1N,SILVERDALE OBR,,Non-Injury Crash,Yes,2006,0,South,0,0,0,Flat,1,,0,,0,Bright sun,176604,0,0,0,4,0,0,0,0,0,,0,0,Auckland Region,Nil,2-way,Sealed,0,0,0,0,100,0,Off,0,0,,76,Auckland,Nil,0,0,0,0,0,0,Open,2,0,0,Fine,Null
1763414,5919163,24486,,516500,0,,0,2,,Null,2005/2006,DUDLEY ROAD,GODDEN CRESCENT,,Serious Crash,No,2006,,South,,0,,Hill Road,,,,,,Bright sun,502000,0,0,0,1,,,0,,,,,,Auckland Region,Nil,2-way,Sealed,,0,1,,50,,Off,0,0,,76,Auckland,Stop,,,,,0,0,Urban,0,,,Fine,Null
1570531,5388730,24487,,581842,0,0,0,1,0,South,2006/2007,SH 6,LAMB VALLEY ROAD,,Minor Crash,Yes,2006,0,North,1,0,0,Flat,0,,0,,0,Overcast,2376102,1,0,0,2,0,0,0,0,0,,0,0,Tasman Region,Nil,2-way,Sealed,0,0,0,0,100,0,Null,0,0,,51,Tasman District,Nil,0,0,0,1,0,0,Open,0,0,0,Fine,Null
1801857,5814910,24488,,530200,0,,0,2,,South,2006/2007,GREY ST,BRIDGE ST,,Non-Injury Crash,No,2007,,North,,0,,Flat,,,,,,Dark,892800,0,0,0,4,,,0,,,,,,Waikato Region,Nil,2-way,Sealed,,0,0,,50,,On,0,0,,16,Hamilton City,Nil,,,,,0,0,Urban,0,,,Fine,Null
1755640,5922451,24489,,509800,0,0,0,1,0,South,2005/2006,SH 1N,TOP OF HARBOUR BRIDGE,,Non-Injury Crash,Yes,2006,0,North,0,0,0,Hill Road,1,,0,,0,Dark,359300,0,0,0,3,0,0,0,0,0,,0,0,,Bridge,1-way,Sealed,0,0,0,0,80,0,On,0,0,,76,Auckland,Nil,0,0,0,0,0,0,Open,0,0,0,Heavy rain,Null
1848513,5763225,24490,,535262,0,0,0,1,1,West,2006/2007,SH 32,OLD TAUPO ROAD,,Minor Crash,Yes,2006,0,South,0,0,0,Flat,0,,0,,0,Overcast,1151302,1,0,0,2,0,0,0,0,0,,0,0,Waikato Region,Nil,2-way,Sealed,0,0,0,0,100,0,Null,0,0,,19,South Waikato District,Unknown,0,0,0,0,0,0,Open,0,0,0,Fine,Null
1889211,5774452,24491,,538742,0,0,0,1,0,West,2006/2007,SH 30,WHARENUI ROAD,,Minor Crash,Yes,2006,0,South,0,0,0,Flat,0,,0,,0,Dark,1257300,1,0,0,2,0,0,0,0,0,,0,1,Bay of Plenty Region,Nil,2-way,Sealed,0,0,0,0,60,0,On,0,0,,24,Rotorua District,Nil,0,0,0,0,0,0,Urban,0,0,0,Fine,Null
1843058,5792236,24492,,535250,0,,0,2,,Null,2005/2006,SH 1N,SH 5,,Non-Injury Crash,Yes,2006,,South,,0,,Flat,,,,,,Bright sun,1127300,0,0,0,2,,,0,,,,,,Waikato Region,Nil,2-way,Sealed,,0,0,,100,,Null,0,0,,19,South Waikato District,Stop,,,,,0,0,Open,0,,,Fine,Null
1751281,5914097,24493,,514402,0,,0,2,,North,2007/2008,LANSFORD CRESCENT W,WOLVERTON ST,,Non-Injury Crash,No,2007,,North,,0,,Flat,,,,,,Overcast,379402,0,0,0,1,,,0,,,,,,Auckland Region,Nil,1-way,Sealed,,0,0,,50,,Off,0,0,,76,Auckland,Nil,,,,,0,0,Urban,0,,,Fine,Null
1752191,5928168,24494,,508411,0,0,0,0,0,Null,2006/2007,MANUKA ROAD,PEMBERTON AVENUE,,Non-Injury Crash,No,2006,0,North,1,0,0,Hill Road,0,,0,,0,Dark,185901,0,0,0,2,0,0,0,0,0,,0,0,Auckland Region,Nil,2-way,Sealed,0,0,0,0,50,0,On,1,0,,76,Auckland,Nil,0,0,0,1,0,0,Urban,0,0,0,Fine,Null
1529203,5162466,24495,,597506,0,0,0,0,0,South,2006/2007,SH 1S,SHARLANDS ROAD,,Minor Crash,Yes,2006,0,North,0,0,0,Flat,0,,0,,0,Overcast,2727100,1,0,0,2,0,0,0,0,0,,0,0,Canterbury Region,Nil,2-way,Sealed,0,0,0,0,100,0,Null,0,0,,62,Selwyn District,Unknown,0,1,0,0,1,0,Open,0,0,0,Fine,Null
1750318,5427372,24496,,576600,1,0,0,0,0,East,2006/2007,ORIENTAL PARADE,BARING ST,,Minor Crash,No,2006,0,West,0,0,0,Flat,0,,0,,0,Bright sun,2137700,1,0,0,2,0,0,0,0,1,,0,0,Wellington Region,Nil,2-way,Sealed,0,0,0,0,50,0,Null,0,0,,47,Wellington City,Nil,0,0,0,0,0,0,Urban,1,0,0,Fine,Null
1244261,4929053,24497,,610020,0,0,0,1,0,North,2006/2007,SH 6,MOSSBURN-LUMSDEN HIGHWAY,,Minor Crash,Yes,2006,0,South,0,0,1,Flat,0,,0,,0,Overcast,3044601,1,0,0,2,0,0,0,0,0,,0,0,Southland Region,Nil,2-way,Sealed,0,0,0,0,100,0,Null,0,0,,73,Southland District,Unknown,0,0,0,0,0,0,Open,0,0,0,Light rain,Null
1785159,5862645,24498,,527210,0,0,0,1,0,South,2005/2006,SH 1N,HAMPTON DOWNS OBR,,Non-Injury Crash,Yes,2006,0,South,0,0,0,Flat,1,Queens Birthday,0,,0,Overcast,935600,0,0,0,3,0,0,0,0,0,,0,0,Waikato Region,Nil,2-way,Sealed,0,0,0,0,100,0,Off,0,0,,13,Waikato District,Nil,0,0,0,0,0,0,Open,0,0,0,Light rain,Null
1754376,5945904,24499,,505907,0,0,0,2,0,South,2005/2006,VIPOND ROAD,COOPER ROAD,,Non-Injury Crash,No,2006,0,North,0,0,0,Hill Road,0,Easter,0,,0,Dark,173404,0,0,0,2,0,0,0,0,1,,0,0,Auckland Region,Nil,2-way,Sealed,0,0,0,0,50,0,On,0,0,,76,Auckland,Nil,0,0,0,0,0,0,Urban,0,0,0,Fine,Null
1758943,5916042,24500,25,519200,0,0,0,1,0,South,2006/2007,WHETURANGI ROAD,KORAU ROAD,,Non-Injury Crash,No,2007,0,North,0,0,0,Flat,0,,0,,0,Dark,616100,0,0,0,2,0,0,0,0,0,,0,0,Auckland Region,Nil,2-way,Sealed,0,0,0,0,50,0,On,0,0,,76,Auckland,Nil,0,0,0,1,0,0,Urban,0,0,0,Heavy rain,Null
1767380,5906734,24501,,523602,0,,0,2,,Null,2006/2007,BAIRDS ROAD,SANDBROOK AVENUE,,Non-Injury Crash,No,2006,,North,,0,,Flat,,,,,,Overcast,706000,0,0,0,2,,,0,,,,,,Auckland Region,Nil,2-way,Sealed,,0,0,,30,,Off,0,0,,76,Auckland,Nil,,,,,0,0,Urban,0,,,Fine,Null
1243617,4848050,24502,,611700,0,,0,2,,Null,2006/2007,ELLES ROAD,GRACE ST,,Minor Crash,No,2006,,South,,0,,Flat,,,,,,Bright sun,3112600,2,0,0,2,,,0,,,,,,Southland Region,Nil,2-way,Sealed,,0,0,,50,,Null,0,0,,75,Invercargill City,Give way,,,,,0,0,Urban,0,,,Fine,Null
1747796,5430736,24503,,574701,0,,0,2,,North,2006/2007,CHURCHILL DRIVE,BLACKBRIDGE ROAD,,Minor Crash,No,2006,,North,,0,,Hill Road,,,,,,Dark,2105100,2,0,0,2,,,0,,,,,,Wellington Region,Nil,2-way,Sealed,,0,0,,50,,On,0,1,,47,Wellington City,Nil,,,,,0,0,Urban,0,,,Light rain,Null
1773630,5897391,24504,,525630,0,0,0,1,0,Null,2005/2006,OLD WAIROA ROAD,HILL CRESCENT,,Non-Injury Crash,No,2006,0,North,0,0,0,Flat,0,,0,,1,Bright sun,795400,0,0,0,2,0,0,0,0,0,,0,0,Auckland Region,Nil,2-way,Sealed,0,0,0,0,50,0,Null,0,0,,76,Auckland,Nil,0,0,0,0,0,0,Urban,0,0,0,Fine,Null
1844255,5811623,24505,,535501,0,0,0,2,0,Null,2005/2006,SH 24,TAINUI ST,,Non-Injury Crash,Yes,2006,0,South,0,0,0,Flat,0,,0,,0,Overcast,1118102,0,0,0,2,0,0,0,0,0,,0,0,Waikato Region,Nil,2-way,Sealed,0,0,0,0,50,0,Null,0,0,,15,Matamata-Piako District,Give way,1,0,0,1,0,0,Urban,0,0,0,Light rain,Null
1745145,5920141,24506,,513301,0,0,0,1,0,Null,2005/2006,DAYTONA ROAD,TUDOR ROAD,,Non-Injury Crash,No,2006,0,North,0,0,1,Flat,0,,0,,0,Bright sun,231900,0,0,0,2,0,0,0,0,0,,0,0,Auckland Region,Nil,2-way,Sealed,0,0,0,0,50,0,Off,0,0,,76,Auckland,Give way,0,0,0,0,0,0,Urban,0,0,0,Fine,Null
1798376,5818012,24507,,528700,0,,0,4,,North,2006/2007,TE RAPA ROAD,VARDON ROAD,,Non-Injury Crash,No,2007,,South,,0,,Flat,,,,,,Dark,900100,0,0,0,2,,,0,,,,,,Waikato Region,Nil,2-way,Sealed,,0,0,,50,,On,0,0,,16,Hamilton City,Nil,,,,,0,0,Urban,0,,,Fine,Null
1884831,5774807,24508,,540300,0,0,0,0,0,East,2006/2007,LAKE ROAD,RANGIURU ST,,Non-Injury Crash,No,2006,0,West,0,0,0,Hill Road,0,,0,,0,Dark,1231700,0,0,0,2,0,0,0,0,0,,0,0,Bay of Plenty Region,Nil,2-way,Sealed,0,0,0,0,50,0,On,1,0,,24,Rotorua District,Nil,1,0,0,0,0,0,Urban,0,0,0,Fine,Null
1778970,5877733,24509,,521131,0,0,0,1,0,East,2005/2006,2 OFF SBD,SH 1N,,Non-Injury Crash,Yes,2006,0,South,0,0,0,Hill Road,0,,0,,0,Dark,842401,0,0,0,1,0,0,0,0,0,,0,1,Waikato Region,Motorway ramp,1-way,Sealed,0,0,0,0,100,0,On,0,0,,13,Waikato District,Nil,0,0,0,0,0,0,Open,0,0,0,Fine,Null
1749433,5913920,24510,,511302,0,,0,2,,North,2005/2006,RATA ST,GREAT NORTH ROAD,,Non-Injury Crash,No,2006,,South,,0,,Flat,,,,,,Dark,268800,0,0,0,5,,,0,,,,,,Auckland Region,Nil,2-way,Sealed,,0,0,,50,,On,0,0,,76,Auckland,Traffic Signals,,,,,0,0,Urban,0,,,Fine,Null
1799045,5773973,24511,,531304,0,0,0,1,0,West,2005/2006,SH 3,KIOKIO STATION ROAD,,Serious Crash,Yes,2006,0,West,0,0,0,Flat,0,,0,,0,Dark,1000500,0,0,0,2,0,0,0,0,0,,0,0,Waikato Region,Nil,2-way,Sealed,0,0,2,0,100,0,None,0,0,,18,Ōtorohanga District,Unknown,0,0,0,1,0,0,Open,0,0,0,Mist or Fog,Null
1747291,5919532,24512,,512402,0,,0,3,,Null,2005/2006,TE ATATU OFF WBD,TE ATATU ROAD,,Non-Injury Crash,Yes,2006,,West,,0,,Flat,,,,,,Dark,253700,0,0,0,1,,,0,,,,,,Auckland Region,Motorway ramp,1-way,Sealed,,0,0,,50,,On,0,1,,76,Auckland,Nil,,,,,0,0,Urban,0,,,Fine,Null
1745306,5919752,24513,,513301,0,,0,2,,Null,2006/2007,UNIVERSAL DRIVE,LINCOLN ROAD,,Non-Injury Crash,No,2006,,East,,0,,Flat,,,,,,Dark,232001,0,0,0,5,,,0,,,,,,Auckland Region,Nil,2-way,Sealed,,0,0,,50,,On,0,0,,76,Auckland,Traffic Signals,,,,,0,0,Urban,0,,,Fine,Null
1750034,5913832,24514,,511303,0,,0,2,,East,2005/2006,CLARK ST,RANKIN AVENUE,,Non-Injury Crash,No,2006,,East,,0,,Flat,,,,,,Overcast,265100,0,0,0,4,,,0,,,,,,Auckland Region,Nil,2-way,Sealed,,0,0,,50,,Off,0,0,,76,Auckland,Nil,,,,,0,0,Urban,0,,,Light rain,Null
1766087,5907673,24515,,522301,0,,0,1,,Null,2006/2007,SH 1N,OTARA ON NBD,,Non-Injury Crash,Yes,2007,,North,,0,,Flat,,,,,,Overcast,666700,0,0,0,3,,,0,,,,,,Auckland Region,Motorway ramp,1-way,Sealed,,0,0,,100,,Off,0,0,,76,Auckland,Nil,,,,,1,0,Open,0,,,Heavy rain,Null
1877618,5822574,24516,,538101,0,,0,2,,West,2006/2007,SH 2A,CAMERON ROAD,,Non-Injury Crash,Yes,2006,,East,,0,,Flat,,,,,,Dark,1169201,0,0,0,4,,,0,,,,,,Bay of Plenty Region,Nil,2-way,Sealed,,0,0,,80,,On,0,0,,23,Tauranga City,Unknown,,,,,0,0,Open,0,,,Fine,Null
1758390,5917468,24517,,519200,0,,0,1,,Null,2005/2006,MANUKAU ROAD,ALPERS AVENUE,,Non-Injury Crash,No,2006,,North,,0,,Flat,,,,,,Bright sun,613600,0,0,0,5,,,0,,,,,,Auckland Region,Nil,2-way,Sealed,,0,0,,50,,Off,0,0,,76,Auckland,Traffic Signals,,,,,1,0,Urban,0,,,Fine,Null
1752956,5924752,24518,,510401,0,,0,2,,West,2005/2006,MOKOIA ROAD,ROSEBERRY AVENUE,,Non-Injury Crash,No,2006,,West,,0,,Flat,,,,,,Bright sun,355300,0,0,0,2,,,0,,,,,,Auckland Region,Nil,2-way,Sealed,,0,0,,50,,Off,0,0,,76,Auckland,Traffic Signals,,,,,0,0,Urban,0,,,Fine,Null
1770394,5912129,24519,,523106,0,,0,2,,Null,2005/2006,BOTANY ROAD,GOLFLAND DRIVE N,,Minor Crash,No,2006,,North,,0,,Flat,,,,,,Bright sun,711186,2,0,0,5,,,0,,,,,,Auckland Region,Nil,2-way,Sealed,,0,0,,70,,Off,0,0,,76,Auckland,Give way,,,,,0,0,Urban,0,,,Fine,Null
1820407,5528705,24520,,562310,0,0,0,1,0,East,2006/2007,PIONEER HIGHWAY,BOTANICAL ROAD,,Serious Crash,No,2006,0,East,0,0,0,Flat,0,,0,,0,Bright sun,1825100,0,0,0,4,0,0,0,0,0,,0,0,Manawatū-Whanganui Region,Nil,2-way,Sealed,0,0,1,0,50,0,Null,0,0,,40,Palmerston North City,Nil,1,0,0,0,1,0,Urban,0,0,0,Fine,Null
1797885,5814571,24521,,528602,0,,0,2,,Null,2005/2006,SH 23,TUHIKARAMEA ROAD,,Non-Injury Crash,Yes,2006,,North,,0,,Flat,,,,,,Overcast,921100,0,0,0,4,,,0,,,,,,Waikato Region,Nil,2-way,Sealed,,0,0,,50,,Null,0,0,,16,Hamilton City,Give way,,,,,0,0,Urban,0,,,Fine,Null
1756439,5918814,24522,,515600,0,0,0,1,0,Null,2005/2006,IAN MCKINNON DRIVE,PIWAKAWAKA ST,,Non-Injury Crash,No,2006,0,South,0,0,0,Flat,0,,0,,0,Dark,420100,0,0,0,2,0,0,0,0,0,,0,0,Auckland Region,Nil,2-way,Sealed,0,0,0,0,70,0,On,0,0,,76,Auckland,Nil,0,0,0,1,0,0,Urban,0,0,0,Fine,Null
1765413,5916917,24523,,517001,0,0,0,2,0,West,2006/2007,Z CPK NZ POST,LINE ROAD,,Non-Injury Crash,No,2007,0,South,0,0,0,Flat,0,,0,,0,Bright sun,476100,0,0,0,,0,0,0,0,1,,0,0,Auckland Region,Nil,Off road,Sealed,0,0,0,0,20,0,Off,0,0,,76,Auckland,Nil,0,0,0,0,0,0,Urban,0,0,0,Fine,Null
1767135,5905480,24524,,524603,0,,0,2,,South,2006/2007,GREAT SOUTH ROAD,REAGAN ROAD,,Non-Injury Crash,No,2006,,North,,0,,Flat,,,,,,Overcast,780205,0,0,0,4,,,0,,,,,,Auckland Region,Nil,2-way,Sealed,,0,0,,70,,Off,0,0,,76,Auckland,Nil,,,,,0,0,Urban,0,,,Fine,Null
1871001,5823910,24525,,536503,0,,0,0,,South,2005/2006,ARMSTRONG ROAD,TE PUNA ROAD,,Non-Injury Crash,No,2006,,South,,0,,Flat,,,,,,Overcast,1188103,0,0,0,2,,,0,,,,,,Bay of Plenty Region,Nil,2-way,Sealed,,0,0,,80,,Null,0,0,,22,Western Bay of Plenty District,Give way,,,,,1,0,Open,0,,,Light rain,Null
1925528,5598867,24526,,545852,0,0,0,1,0,East,2005/2006,STOCK ROAD,SH 2,,Fatal Crash,No,2006,0,West,0,1,1,Flat,0,,0,,0,Dark,1465801,0,0,0,2,0,0,0,0,0,,0,0,Hawke's Bay Region,Nil,2-way,Sealed,0,0,1,0,100,0,None,0,0,,30,Hastings District,Nil,0,0,0,1,0,0,Open,0,0,0,Heavy rain,Null
1759396,5916492,24527,,516001,0,,0,1,,South,2006/2007,SH 1N,MARKET OFF NBD,,Non-Injury Crash,Yes,2006,,North,,0,,Flat,,,,,,Overcast,491700,0,0,0,4,,,0,,,,,,Auckland Region,Nil,2-way,Sealed,,0,0,,100,,Off,0,0,,76,Auckland,Nil,,,,,1,0,Open,0,,,Fine,Null
1759302,5907365,24528,,524122,0,0,0,1,0,Null,2005/2006,IDLEWILD AVENUE,CONVAIR CRESCENT E,,Non-Injury Crash,No,2006,0,South,0,0,1,Flat,0,,0,,0,Dark,739100,0,0,0,2,0,0,0,0,0,,0,0,Auckland Region,Nil,2-way,Sealed,0,0,0,0,50,0,On,0,0,,76,Auckland,Nil,0,0,0,0,0,0,Urban,0,0,0,Fine,Null
1759371,5910624,24529,,524002,0,,0,1,,North,2007/2008,SH 20,RIMU OBR,,Non-Injury Crash,Yes,2007,,South,,0,,Flat,,,,,,Overcast,722400,0,0,0,4,,,0,,,,,,Auckland Region,Nil,2-way,Sealed,,0,0,,100,,Off,0,0,,76,Auckland,Nil,,,,,1,0,Open,0,,,Fine,Strong wind
1878483,5822010,24530,,538102,0,,0,2,,Null,2006/2007,SH 2A,FRASER ST,,Non-Injury Crash,Yes,2006,,East,,0,,Flat,,,,,,Bright sun,1168700,0,0,0,3,,,0,,,,,,Bay of Plenty Region,Nil,2-way,Sealed,,0,0,,50,,None,0,0,,23,Tauranga City,Traffic Signals,,,,,0,0,Urban,0,,,Fine,Null
1766233,5904988,24531,,524603,0,,0,3,,South,2005/2006,NORMAN SPENCER DRIVE,LEITH COURT,,Non-Injury Crash,No,2006,,South,,0,,Flat,,,,,,Bright sun,780202,0,0,0,2,,,0,,,,,,Auckland Region,Nil,2-way,Sealed,,0,0,,50,,Off,0,0,,76,Auckland,Nil,,,,,0,0,Urban,0,,,Fine,Null
1706801,5681908,24532,,551301,0,,0,0,,Null,2005/2006,CRACROFT ST,PARRIS ST,,Minor Crash,No,2006,,West,,0,,Flat,,,,,,Dark,1546000,3,0,0,2,,,0,,,,,,Taranaki Region,Nil,2-way,Sealed,,0,0,,50,,On,0,0,,33,New Plymouth District,Give way,,,,,0,0,Urban,1,,,Fine,Null
1619836,5426812,24533,,583800,0,0,0,0,0,South,2005/2006,MAIN ROAD STOKE,MARSDEN ROAD,,Non-Injury Crash,No,2006,0,South,0,0,0,Flat,0,,0,,0,Dark,2339500,0,0,0,2,0,0,0,0,0,,0,0,Nelson Region,Nil,2-way,Sealed,0,0,0,0,50,0,On,0,0,,52,Nelson City,Nil,1,0,0,0,1,0,Urban,0,0,0,Fine,Null
1757026,5920816,24534,,514101,0,,0,2,,East,2006/2007,FANSHAWE ST,NELSON ST,,Non-Injury Crash,No,2006,,West,,0,,Flat,,,,,,Overcast,433003,0,0,0,3,,,0,,,,,,Auckland Region,Nil,2-way,Sealed,,0,0,,50,,Off,0,0,,76,Auckland,Nil,,,,,0,0,Urban,0,,,Fine,Null
1806286,5808080,24535,,527915,0,0,0,1,0,West,2006/2007,RAYNES ROAD,SH 21,,Non-Injury Crash,No,2007,0,East,1,0,0,Flat,0,Queens Birthday,0,,0,Overcast,984900,0,0,0,2,0,0,0,0,0,,0,0,Waikato Region,Nil,2-way,Sealed,0,0,0,0,100,0,Off,0,0,,17,Waipa District,Nil,0,0,0,0,0,0,Open,0,0,0,Mist or Fog,Null
1743697,5919354,24536,,513212,0,,0,2,,Null,2006/2007,SWANSON ROAD,UNIVERSAL DRIVE,,Non-Injury Crash,No,2006,,West,,0,,Flat,,,,,,Dark,235600,0,0,0,4,,,0,,,,,,Auckland Region,Nil,2-way,Sealed,,0,0,,50,,On,0,0,,76,Auckland,Give way,,,,,0,0,Urban,0,,,Fine,Null