X,Y,OBJECTID,advisorySpeed,areaUnitID,bicycle,bridge,bus,carStationWagon,cliffBank,crashDirectionDescription,crashFinancialYear,crashLocation1,crashLocation2,crashRoadSideRoad,crashSeverity,crashSHDescription,crashYear,debris,directionRoleDescription,ditch,fatalCount,fence,flatHill,guardRail,holiday,houseOrBuilding,intersection,kerb,light,meshblockId,minorInjuryCount,moped,motorcycle,NumberOfLanes,objectThrownOrDropped,otherObject,otherVehicleType,overBank,parkedVehicle,pedestrian,phoneBoxEtc,postOrPole,region,roadCharacter,roadLane,roadSurface,roadworks,schoolBus,seriousInjuryCount,slipOrFlood,speedLimit,strayAnimal,streetLight,suv,taxi,temporarySpeedLimit,tlaId,tlaName,trafficControl,trafficIsland,trafficSign,train,tree,truck,unknownVehicleType,urban,vanOrUtility,vehicle,waterRiver,weatherA,weatherB
1757517,5920371,24537,,514103,0,,1,1,,Null,2005/2006,VICTORIA ST EAST,KITCHENER ST,,Non-Injury Crash,No,2006,,East,,0,,Hill Road,,,,,,Overcast,437102,0,0,0,3,,,0,,,,,,Auckland Region,Nil,2-way,Sealed,,0,0,,50,,Off,0,0,,76,Auckland,Traffic Signals,,,,,0,0,Urban,0,,,Fine,Null
1729890,5939809,24538,,506800,0,0,0,1,0,West,2006/2007,RATA ST,GARFIELD ROAD,,Serious Crash,No,2006,0,West,0,0,0,Flat,0,,0,,0,Dark,208800,0,0,0,2,0,0,0,0,0,,0,1,Auckland Region,Nil,2-way,Sealed,0,0,2,0,50,0,On,0,0,,76,Auckland,Nil,0,0,0,0,0,0,Urban,0,0,0,Fine,Null
1747006,5421451,24539,,575902,0,0,0,1,0,West,2005/2006,OWHIRO BAY PARADE,HAPPY VALLEY ROAD,,Non-Injury Crash,No,2006,0,East,0,0,0,Flat,0,,0,,0,Dark,2187303,0,0,0,2,0,0,0,0,1,,0,0,Wellington Region,Nil,2-way,Sealed,0,0,0,0,50,0,On,0,0,,47,Wellington City,Nil,0,0,0,0,0,0,Urban,1,0,0,Fine,Null
1753931,5928804,24540,,508320,0,0,0,2,0,North,2005/2006,WELDENE AVENUE,ONDINE PLACE,,Non-Injury Crash,No,2006,0,South,0,0,0,Hill Road,0,,0,,0,Dark,197200,0,0,0,2,0,0,0,0,0,,0,0,Auckland Region,Nil,2-way,Sealed,0,0,0,0,50,0,On,0,0,,76,Auckland,Nil,0,0,0,0,0,0,Urban,0,1,0,Fine,Null
1757669,5883217,24541,,521152,0,0,0,0,0,West,2006/2007,GLENBROOK ROAD,CONROY ROAD,,Minor Crash,No,2007,0,East,1,0,0,Hill Road,0,,0,,0,Overcast,834503,1,0,1,3,0,0,0,0,0,,0,0,Auckland Region,Nil,2-way,Sealed,0,0,0,0,100,0,None,0,0,,76,Auckland,Nil,0,0,0,0,0,0,Open,0,0,0,Light rain,Null
1764834,5910282,24542,,521801,0,,0,1,,West,2006/2007,PRINCES ST,ALBERT ST,,Non-Injury Crash,No,2006,,East,,0,,Flat,,,,,,Overcast,787601,0,0,0,1,,,0,,,,,,Auckland Region,Nil,2-way,Sealed,,0,0,,50,,Off,1,0,,76,Auckland,Traffic Signals,,,,,0,0,Urban,0,,,Fine,Null
1574705,5176854,24543,,594100,0,0,0,1,0,Null,2006/2007,CUMNOR TERRACE,CHAPMANS ROAD,,Minor Crash,No,2006,0,North,0,0,0,Flat,0,,0,,0,Dark,2589102,1,0,0,2,0,1,0,0,0,,0,0,Canterbury Region,Nil,2-way,Sealed,0,0,0,0,50,0,None,0,0,,60,Christchurch City,Unknown,0,0,0,0,0,0,Urban,0,0,0,Fine,Null
1266618,5008257,24544,,609034,0,,0,1,,Null,2005/2006,SH 6,LOWER SHOTOVER ROAD,,Minor Crash,Yes,2006,,East,,0,,Hill Road,,,,,,Bright sun,3039712,1,0,0,3,,,0,,,,,,Otago Region,Nil,2-way,Sealed,,0,0,,100,,Null,0,0,,70,Queenstown-Lakes District,Give way,,,,,0,0,Open,1,,,Fine,Null
1926926,5734458,24545,,542550,0,1,0,1,0,Null,2006/2007,TROUTBECK ROAD,WHIRINAKI RIV BR,,Non-Injury Crash,No,2006,0,South,0,0,0,Flat,0,,0,,0,Overcast,1331401,0,0,0,2,0,0,0,0,0,,0,0,Bay of Plenty Region,Bridge,2-way,Sealed,0,0,0,0,100,0,Null,0,0,,25,Whakatane District,Unknown,0,0,0,0,0,0,Open,0,0,0,Fine,Null
1760103,5915942,24546,,516002,0,,0,1,,Null,2006/2007,GREENLANE INT,GREENLANE ON NBD,,Non-Injury Crash,No,2006,,North,,0,,Flat,,,,,,Bright sun,492100,0,0,0,2,,,0,,,,,,Auckland Region,Nil,2-way,Sealed,,0,0,,50,,None,0,0,,76,Auckland,Give way,,,,,1,0,Urban,0,,,Fine,Null
1764058,5910104,24547,,521901,0,,0,2,,West,2006/2007,PRINCES ST,ATKINSON AVENUE,,Minor Crash,No,2007,,East,,0,,Flat,,,,,,Overcast,782200,1,0,0,4,,,0,,,,,,Auckland Region,Nil,2-way,Sealed,,0,0,,50,,Off,0,0,,76,Auckland,Nil,,,,,0,0,Urban,0,,,Fine,Null
1883877,5825187,24548,,536831,0,,0,2,,Null,2006/2007,MATAPIHI ROAD,RUSSLEY DRIVE,,Non-Injury Crash,No,2006,,West,,0,,Flat,,,,,,Bright sun,1204404,0,0,0,2,,,0,,,,,,Bay of Plenty Region,Nil,2-way,Sealed,,0,0,,50,,Null,0,0,,23,Tauranga City,Give way,,,,,0,0,Urban,0,,,Fine,Null
1757630,5920862,24549,,514103,0,,0,2,,Null,2005/2006,CUSTOMS ST EAST,COMMERCE ST,,Non-Injury Crash,No,2006,,West,,0,,Flat,,,,,,Dark,438000,0,0,0,6,,,0,,,,,,Auckland Region,Nil,2-way,Sealed,,0,0,,50,,On,0,1,,76,Auckland,Traffic Signals,,,,,0,0,Urban,0,,,Light rain,Null
1568149,5202008,24550,,586129,0,0,0,1,0,North,2006/2007,SH 71 LINESIDE,YOUNGS ROAD,,Minor Crash,Yes,2006,0,North,0,0,0,Flat,0,,0,,0,Bright sun,2449302,1,0,0,2,0,0,0,0,0,,0,0,Canterbury Region,Nil,2-way,Sealed,0,0,0,0,100,0,Null,0,0,,59,Waimakariri District,Unknown,0,0,0,1,0,0,Open,0,0,0,Fine,Null
1533146,5183814,24551,,587010,0,0,0,1,0,East,2005/2006,SH 73,MILES ROAD,,Minor Crash,Yes,2006,0,East,0,0,0,Flat,0,,0,,0,Overcast,2466400,1,0,0,2,0,0,0,0,0,,0,0,Canterbury Region,Nil,2-way,Sealed,0,0,0,0,100,0,Null,0,0,,62,Selwyn District,Unknown,0,1,0,0,0,0,Open,0,0,0,Mist or Fog,Null
1850265,5772064,24552,,535261,0,,0,0,,South,2006/2007,SH 1N,PURIRI ROAD,,Non-Injury Crash,Yes,2006,,South,,0,,Flat,,,,,,Dark,1134203,0,0,0,3,,,0,,,,,,Waikato Region,Nil,2-way,Sealed,,0,0,,100,,None,0,0,,19,South Waikato District,Nil,,,,,0,0,Open,2,,,Fine,Null
1747172,5919371,24553,,512402,0,,0,1,,Null,2006/2007,TE ATATU ROAD,COVIL AVENUE,,Non-Injury Crash,No,2006,,South,,0,,Hill Road,,,,,,Dark,254100,0,0,0,4,,,0,,,,,,Auckland Region,Nil,2-way,Sealed,,0,0,,50,,On,1,0,,76,Auckland,Traffic Signals,,,,,0,0,Urban,0,,,Light rain,Null
1797348,5817149,24554,,528503,0,,0,1,,South,2007/2008,SH 1N,CRAWFORD ST,,Minor Crash,Yes,2007,,South,,0,,Flat,,,,,,Overcast,906501,2,0,0,2,,,0,,,,,,Waikato Region,Nil,2-way,Sealed,,0,0,,80,,Off,0,0,,16,Hamilton City,Nil,,,,,1,0,Open,0,,,Light rain,Null
1808016,5810835,24555,,527131,0,,0,2,,Null,2005/2006,TAUWHARE ROAD,WOODCOCK ROAD,,Non-Injury Crash,No,2006,,East,,0,,Hill Road,,,,,,Dark,956002,0,0,0,2,,,0,,,,,,Waikato Region,Nil,2-way,Sealed,,0,0,,100,,Off,0,0,,13,Waikato District,Stop,,,,,0,0,Open,0,,,Fine,Null
1758995,5912679,24556,,519820,0,,0,2,,East,2005/2006,GREY ST,ONEHUNGA MALL,,Non-Injury Crash,No,2006,,West,,0,,Hill Road,,,,,,Overcast,600500,0,0,0,2,,,0,,,,,,Auckland Region,Nil,2-way,Sealed,,0,0,,50,,Off,0,0,,76,Auckland,Nil,,,,,0,0,Urban,0,,,Light rain,Null
1749384,5915994,24557,,514801,0,0,0,1,0,South,2006/2007,CALVIN PLACE,AVONDALE ROAD,,Minor Crash,No,2006,0,South,0,0,0,Flat,0,,0,,0,Overcast,388301,3,0,0,2,0,0,0,0,0,,0,0,Auckland Region,Nil,2-way,Sealed,0,0,0,0,50,0,Off,0,0,,76,Auckland,Nil,0,0,0,1,0,0,Urban,0,0,0,Fine,Null
1864812,5722151,24558,,541335,0,0,0,1,0,South,2006/2007,ORUANUI ROAD,LINK ROAD,,Minor Crash,No,2006,0,South,0,0,1,Flat,0,,0,,0,Dark,1278102,2,0,0,2,0,0,0,0,0,,0,0,Waikato Region,Nil,2-way,Sealed,0,0,0,0,100,0,None,0,0,,21,Taupo District,Nil,0,0,0,0,0,0,Open,0,0,0,Fine,Null
1624679,5431111,24559,,582300,0,0,0,1,0,Null,2005/2006,HALIFAX ST,HALIFAX ST EAST,,Non-Injury Crash,No,2006,0,East,0,0,0,Flat,0,,0,,0,Dark,2318800,0,0,0,2,0,0,0,0,1,,0,0,Nelson Region,Nil,2-way,Sealed,0,0,0,0,50,0,On,1,0,,52,Nelson City,Nil,0,0,0,0,0,0,Urban,0,0,0,Fine,Null
1771447,5811309,24560,,526602,0,0,0,1,0,West,2005/2006,SH 23,OKETE ROAD E,,Non-Injury Crash,Yes,2006,0,East,0,0,1,Hill Road,0,,0,,0,Overcast,860800,0,0,0,2,0,0,0,0,0,,0,0,Waikato Region,Nil,2-way,Sealed,0,0,0,0,100,0,Null,0,0,30,13,Waikato District,Unknown,0,0,0,0,0,0,Open,0,0,0,Fine,Frost
1745150,5915691,24561,,510800,0,,0,1,,North,2006/2007,BRUCE MCLAREN ROAD,CORBAN AVENUE,,Minor Crash,No,2007,,West,,0,,Hill Road,,,,,,Bright sun,242501,1,0,1,2,,,0,,,,,,Auckland Region,Nil,2-way,Sealed,,0,0,,50,,Off,0,0,,76,Auckland,Nil,,,,,0,0,Urban,0,,,Fine,Null
1801226,5815064,24562,,529700,0,,0,2,,North,2005/2006,VICTORIA ST,HOOD ST,,Non-Injury Crash,No,2006,,South,,0,,Flat,,,,,,Overcast,911800,0,0,0,4,,,0,,,,,,Waikato Region,Nil,2-way,Sealed,,0,0,,50,,Null,0,0,,16,Hamilton City,Unknown,,,,,0,0,Urban,0,,,Light rain,Null
1797377,5819318,24563,,528403,0,,0,2,,South,2005/2006,TE RAPA ROAD,PUKETE ROAD S,,Non-Injury Crash,No,2006,,South,,0,,Flat,,,,,,Bright sun,907800,0,0,0,4,,,0,,,,,,Waikato Region,Nil,2-way,Sealed,,0,0,,60,,Null,0,0,,16,Hamilton City,Unknown,,,,,0,0,Urban,0,,,Fine,Null
1883266,5772684,24564,,539900,0,0,0,1,0,North,2005/2006,JERVIS ST,PUKEKO ST,,Non-Injury Crash,No,2006,0,South,0,0,0,Flat,0,,0,,1,Bright sun,1238700,0,0,0,2,0,0,0,0,0,,0,0,Bay of Plenty Region,Nil,2-way,Sealed,0,0,0,0,50,0,Null,0,0,,24,Rotorua District,Unknown,0,0,0,0,0,0,Urban,0,0,0,Fine,Null
1924159,5597103,24565,,545851,0,0,0,0,1,South,2006/2007,SH 2,STOCK ROAD,,Minor Crash,Yes,2006,0,North,1,0,0,Flat,0,,0,,0,Dark,1463900,1,0,0,2,0,0,0,0,0,,0,0,Hawke's Bay Region,Nil,2-way,Sealed,0,0,0,0,100,0,None,1,0,,30,Hastings District,Nil,0,0,0,0,0,0,Open,0,0,0,Fine,Null
1766226,5916621,24566,,517100,0,0,0,1,0,West,2006/2007,MAYBURY ST,ELSTREE AVENUE,,Non-Injury Crash,No,2006,0,West,0,0,0,Flat,0,,0,,0,Dark,477202,0,0,0,2,0,0,0,0,1,,0,0,Auckland Region,Nil,2-way,Sealed,0,0,0,0,50,0,On,1,0,,76,Auckland,Nil,0,0,0,0,0,0,Urban,0,0,0,Light rain,Null
1757740,5918235,24567,,515700,0,,0,1,,Null,2005/2006,SH 1N,MOUNTAIN OBR,,Non-Injury Crash,Yes,2006,,North,,0,,Flat,,,,,,Bright sun,443600,0,0,0,5,,,0,,,,,,Auckland Region,Nil,1-way,Sealed,,0,0,,80,,Off,1,0,,76,Auckland,Nil,,,,,0,0,Open,0,,,Fine,Null
1858645,5840926,24568,,535800,0,0,0,1,0,Null,2006/2007,PARK ROAD,LEVLEY LANE,,Non-Injury Crash,No,2006,0,North,0,0,0,Flat,0,,0,,1,Overcast,1183206,0,0,0,2,0,0,0,0,0,,0,1,Bay of Plenty Region,Nil,2-way,Sealed,0,0,0,0,50,0,Null,0,0,,22,Western Bay of Plenty District,Give way,0,0,0,0,0,0,Urban,0,0,0,Fine,Null
1758048,5913465,24569,,519710,0,,0,2,,Null,2006/2007,MOUNT ALBERT ROAD,ERSON AVENUE,,Non-Injury Crash,No,2006,,West,,0,,Flat,,,,,,Overcast,596100,0,0,0,4,,,0,,,,,,Auckland Region,Nil,2-way,Sealed,,0,0,,50,,Off,0,0,,76,Auckland,Nil,,,,,0,0,Urban,0,,,Fine,Null
1747080,5926247,24570,,513431,0,,0,2,,Null,2005/2006,HOBSONVILLE ROAD,WISELEY ROAD,,Non-Injury Crash,No,2006,,North,,0,,Flat,,,,,,Twilight,221802,0,0,0,2,,,0,,,,,,Auckland Region,Nil,1-way,Sealed,,0,0,,50,,Off,0,0,,76,Auckland,Stop,,,,,0,0,Urban,0,,,Fine,Null
1794970,5776163,24571,,531303,0,0,0,0,0,North,2006/2007,OURUWHERO ROAD,KIOKIO STATION ROAD,,Minor Crash,No,2006,0,South,0,0,1,Hill Road,0,,0,,0,Overcast,995501,1,0,0,2,0,0,0,0,0,,0,0,Waikato Region,Nil,2-way,Sealed,0,0,0,0,100,0,None,0,0,,18,Ōtorohanga District,Nil,0,0,0,0,0,0,Open,1,0,0,Light rain,Null
1929928,5605656,24572,,548200,1,,0,1,,North,2005/2006,WHITEHEAD ROAD,NELSON ST NORTH,,Minor Crash,No,2006,,South,,0,,Flat,,,,,,Overcast,1490500,1,0,0,2,,,0,,,,,,Hawke's Bay Region,Nil,2-way,Sealed,,0,0,,50,,Null,0,0,,30,Hastings District,Nil,,,,,0,0,Urban,0,,,Fine,Null
1802699,5814077,24573,,530300,0,,0,1,,East,2006/2007,NAYLOR ST,NIXON ST,,Non-Injury Crash,No,2006,,West,,0,,Flat,,,,,,Bright sun,882300,0,0,0,2,,,0,,,,,,Waikato Region,Nil,2-way,Sealed,,0,0,,50,,Off,0,0,,16,Hamilton City,Nil,,,,,0,0,Urban,1,,,Fine,Null
1878821,5705290,24574,,541344,0,,0,2,,North,2005/2006,SH 5,OPEPE MONUMENT,,Non-Injury Crash,Yes,2006,,North,,0,,Hill Road,,,,,,Twilight,1280708,0,0,0,2,,,0,,,,,,Waikato Region,Nil,2-way,Sealed,,0,0,,100,,None,0,0,,21,Taupo District,Unknown,,,,,0,0,Open,0,,,Light rain,Null
1751521,5912323,24575,,514700,0,,0,1,,West,2006/2007,KINROSS ST,BLOCKHOUSE BAY ROAD,,Non-Injury Crash,No,2006,,East,,0,,Flat,,,,,,Overcast,368300,0,0,0,2,,,0,,,,,,Auckland Region,Nil,2-way,Sealed,,0,0,,50,,Off,1,0,,76,Auckland,Nil,,,,,0,0,Urban,0,,,Fine,Null
1755044,5929206,24576,,508420,0,0,0,3,0,Null,2006/2007,TARGET ROAD,WAIRAU ROAD,,Non-Injury Crash,No,2006,0,West,0,0,0,Hill Road,0,,0,,0,Overcast,183800,0,0,0,4,0,0,0,0,0,,0,0,Auckland Region,Nil,2-way,Sealed,0,0,0,0,50,0,Off,0,0,,76,Auckland,Traffic Signals,0,0,0,0,0,0,Urban,0,1,0,Light rain,Null
1859605,5805482,24577,,536630,0,,0,2,,North,2005/2006,SH 29,OLD KAIMAI ROAD S,,Minor Crash,Yes,2006,,West,,0,,Hill Road,,Christmas New Year,,,,Bright sun,1114601,1,0,0,3,,,0,,,,,,Bay of Plenty Region,Nil,2-way,Sealed,,0,0,,100,,Null,0,0,,22,Western Bay of Plenty District,Unknown,,,,,0,0,Open,0,,,Fine,Null
1823715,5463310,24578,,578600,0,,0,0,,Null,2005/2006,SH 2,JACKSON ST,,Serious Crash,Yes,2006,,North,,0,,Flat,,,,,,Overcast,2242600,0,0,0,3,,,0,,,1,,,Wellington Region,Nil,2-way,Sealed,,0,1,,50,,Null,0,0,,48,Masterton District,Nil,,,,,0,0,Urban,1,,,Fine,Null
1767823,5881730,24579,,525910,0,0,0,2,0,South,2006/2007,TASMAN ST,ARNHEM PLACE,,Minor Crash,No,2006,0,North,0,0,1,Flat,0,,0,,0,Dark,819501,1,0,0,1,0,0,0,0,1,,0,0,Auckland Region,Nil,2-way,Sealed,0,0,0,0,50,0,On,0,0,,76,Auckland,Nil,0,0,0,0,0,0,Urban,1,0,0,Light rain,Null
1817376,5804582,24580,,527501,0,,0,1,,Null,2005/2006,TAYLOR ST,BOWEN ST,,Non-Injury Crash,No,2006,,South,,0,,Flat,,,,,,Overcast,961200,0,0,0,2,,,0,,,,,,Waikato Region,Nil,2-way,Sealed,,0,0,,50,,Null,0,0,,17,Waipa District,Stop,,,,,0,0,Urban,1,,,Mist or Fog,Null
1756708,5927494,24581,,507900,0,0,0,2,1,North,2006/2007,TAHAROTO ROAD,NORTHCOTE ROAD,,Non-Injury Crash,No,2006,0,South,0,0,0,Flat,0,,0,,0,Bright sun,305202,0,0,0,6,0,0,0,0,0,,0,0,Auckland Region,Nil,2-way,Sealed,0,0,0,0,50,0,Null,0,0,,76,Auckland,Traffic Signals,0,0,0,0,0,0,Urban,0,0,0,Fine,Null
1768783,5914121,24582,,522721,0,,0,2,,Null,2005/2006,PAKURANGA ROAD,CASCADES ROAD,,Non-Injury Crash,No,2006,,North,,0,,Flat,,,,,,Overcast,681215,0,0,0,6,,,0,,,,,,Auckland Region,Nil,2-way,Sealed,,0,0,,60,,Off,0,0,,76,Auckland,Traffic Signals,,,,,0,0,Urban,0,,,Light rain,Null
1833179,5535398,24583,,560302,0,0,0,0,0,East,2005/2006,SH 3,HILLCREST ROAD,,Minor Crash,Yes,2006,0,East,1,0,0,Flat,0,,0,,0,Overcast,1758000,1,0,0,2,0,0,0,0,0,,0,0,Manawatū-Whanganui Region,Nil,2-way,Sealed,0,0,0,0,100,0,Null,0,0,,40,Palmerston North City,Nil,0,0,0,0,0,0,Open,1,0,0,Fine,Strong wind
1749785,5913373,24584,,511401,1,,0,1,,Null,2006/2007,MARGAN AVENUE,HUTCHINSON AVENUE,,Minor Crash,No,2006,,West,,0,,Flat,,,,,,Overcast,264400,1,0,0,2,,,0,,,,,,Auckland Region,Nil,2-way,Sealed,,0,0,,50,,Off,0,0,,76,Auckland,Give way,,,,,0,0,Urban,0,,,Light rain,Null
1706781,5682540,24585,,551301,0,,0,2,,South,2005/2006,GREY ST,STAFFORD ST,,Minor Crash,No,2006,,South,,0,,Flat,,,,,,Bright sun,1547400,1,0,0,2,,,0,,,,,,Taranaki Region,Nil,2-way,Sealed,,0,0,,50,,Null,0,0,,33,New Plymouth District,Give way,,,,,0,0,Urban,0,,,Fine,Null
1747148,5912971,24586,,511100,0,0,0,1,0,Null,2006/2007,CAPTAIN SCOTT ROAD,OSMAN ST,,Non-Injury Crash,No,2006,0,South,0,0,1,Flat,0,,0,,0,Dark,287900,0,0,0,2,0,0,0,0,0,,0,0,Auckland Region,Nil,2-way,Sealed,0,0,0,0,50,0,On,0,0,,76,Auckland,Give way,0,0,0,0,0,0,Urban,0,0,0,Light rain,Null
1802528,5814289,24587,,530300,0,,0,2,,Null,2006/2007,ALBERT ST,NIXON ST,,Non-Injury Crash,No,2006,,West,,0,,Flat,,,,,,Bright sun,882100,0,0,0,2,,,0,,,,,,Waikato Region,Nil,2-way,Sealed,,0,0,,50,,Null,0,0,,16,Hamilton City,Give way,,,,,0,0,Urban,0,,,Fine,Null
1816959,5803369,24588,,527502,0,,0,2,,West,2006/2007,SH 1N,LAURENT ROAD,,Non-Injury Crash,Yes,2006,,West,,0,,Flat,,,,,,Overcast,964400,0,0,0,2,,,0,,,,,,Waikato Region,Nil,2-way,Sealed,,0,0,,50,,Null,0,0,,17,Waipa District,Give way,,,,,0,0,Urban,0,,,Heavy rain,Null
1472742,5311647,24589,65,584933,0,0,0,1,0,North,2005/2006,ATARAU ROAD,MAIN ROAD,,Minor Crash,No,2006,0,West,0,0,0,Hill Road,0,,0,,0,Bright sun,2401700,1,0,0,2,0,0,0,1,0,,0,0,West Coast Region,Nil,2-way,Sealed,0,0,0,0,100,0,Null,0,0,,56,Grey District,Unknown,0,0,0,0,0,0,Open,0,0,0,Fine,Null
1366235,5090489,24590,,600831,0,0,0,1,0,South,2005/2006,SH 8,MCAUGHTRIES ROAD,,Serious Crash,Yes,2006,0,North,0,0,0,Flat,0,,0,,0,Bright sun,2851600,3,0,0,2,0,0,0,0,0,,0,0,Canterbury Region,Nil,2-way,Sealed,0,0,1,0,100,0,Null,1,0,,68,Waitaki District,Unknown,0,0,0,0,0,0,Open,0,0,2,Fine,Null
1757837,5920097,24591,,514103,0,,0,2,,Null,2006/2007,SYMONDS ST,GRAFTON ROAD,,Minor Crash,No,2006,,North,,0,,Flat,,,,,,Dark,437300,1,0,0,2,,,0,,,,,,Auckland Region,Nil,2-way,Sealed,,0,0,,50,,On,0,0,,76,Auckland,Traffic Signals,,,,,0,0,Urban,0,,,Fine,Null
1755810,5919564,24592,,514000,0,0,0,1,0,South,2005/2006,PONSONBY ROAD,MACKELVIE ST,,Non-Injury Crash,No,2006,0,South,0,0,0,Flat,0,,0,,0,Dark,414500,0,0,0,4,0,0,0,0,1,,0,0,Auckland Region,Nil,2-way,Sealed,0,0,0,0,50,0,On,1,0,,76,Auckland,Nil,0,0,0,0,0,0,Urban,0,0,0,Fine,Null
1757681,5918289,24593,,518101,0,,0,2,,North,2006/2007,SH 1N,MOUNTAIN OBR,,Non-Injury Crash,Yes,2007,,North,,0,,Hill Road,,,,,,Bright sun,543000,0,0,0,5,,,0,,,,,,Auckland Region,Nil,1-way,Sealed,,0,0,,80,,Off,0,0,,76,Auckland,Nil,,,,,0,0,Open,0,,,Fine,Null
1757425,5912366,24594,,519810,0,,0,2,,Null,2005/2006,SH 20,QUEENSTOWN OBR,,Non-Injury Crash,Yes,2006,,East,,0,,Hill Road,,,,,,Bright sun,596700,0,0,0,2,,,0,,,,,,Auckland Region,Nil,1-way,Sealed,,0,0,,100,,Off,0,0,,76,Auckland,Nil,,,,,0,0,Open,0,,,Fine,Null
1727874,5923625,24595,,506654,0,0,0,1,0,Null,2005/2006,COAST ROAD,COAST ROAD,,Non-Injury Crash,No,2006,0,East,0,0,0,Hill Road,1,,0,,0,Bright sun,218902,0,0,0,2,0,0,0,1,0,,0,0,Auckland Region,Nil,2-way,Sealed,0,0,0,0,50,0,Off,0,0,,76,Auckland,Nil,0,0,0,0,0,0,Urban,0,0,0,Fine,Null
1755585,5881077,24596,,521152,0,0,0,1,0,South,2006/2007,GLENBROOK-WAIUKU ROAD,BROOKSIDE ROAD,,Minor Crash,No,2006,0,South,0,0,0,Flat,0,Christmas New Year,0,,0,Dark,834300,1,0,0,2,0,0,0,0,0,,0,1,Auckland Region,Nil,2-way,Sealed,0,0,0,0,100,0,None,0,0,,76,Auckland,Nil,0,0,0,0,0,0,Open,0,0,0,Fine,Null
1756044,5443980,24597,,571200,0,0,0,1,1,North,2005/2006,MUNGAVIN AVENUE,SIEVERS GROVE,,Minor Crash,No,2006,0,East,0,0,0,Hill Road,0,,0,,0,Dark,2049401,1,0,0,2,0,0,0,0,0,,0,0,Wellington Region,Nil,2-way,Sealed,0,0,0,0,50,0,On,0,0,,44,Porirua City,Nil,0,0,0,0,0,0,Urban,0,0,0,Light rain,Null
1761362,5906921,24598,,524520,0,0,0,2,0,North,2006/2007,CARVER PLACE,STEVEN ST,,Non-Injury Crash,No,2007,0,West,0,0,0,Flat,0,,0,,0,Twilight,736101,0,0,0,2,0,0,0,0,1,,0,0,Auckland Region,Nil,2-way,Sealed,0,0,0,0,50,0,Off,0,0,,76,Auckland,Nil,0,0,0,0,0,0,Urban,0,0,0,Fine,Null
1243155,4849949,24599,,611210,0,,0,1,,Null,2005/2006,JED ST,SPEY ST,,Minor Crash,No,2006,,South,,0,,Flat,,,,,,Bright sun,3107400,3,0,0,2,,,0,,,,,,Southland Region,Nil,2-way,Sealed,,0,0,,50,,Null,0,0,,75,Invercargill City,Give way,,,,,1,0,Urban,0,,,Fine,Null
1754684,5915139,24600,,517703,0,0,0,1,0,South,2005/2006,HUNTINGTREE AVENUE,VANCOUVER ST,,Non-Injury Crash,No,2006,0,North,0,0,0,Hill Road,0,,0,,0,Dark,539100,0,0,0,2,0,0,0,0,1,,0,0,Auckland Region,Nil,2-way,Sealed,0,0,0,0,50,0,On,0,0,,76,Auckland,Nil,0,0,0,0,0,0,Urban,1,0,0,Fine,Null
1796392,5820315,24601,,528403,0,,0,1,,Null,2006/2007,TE RAPA ROAD,CHURCH ROAD,,Minor Crash,No,2006,,North,,0,,Flat,,Christmas New Year,,,,Overcast,907500,1,0,1,4,,,0,,,,,,Waikato Region,Nil,2-way,Sealed,,0,0,,60,,Null,0,0,,16,Hamilton City,Give way,,,,,0,0,Urban,0,,,Fine,Null
1242365,4850380,24602,,610800,0,,0,0,,North,2006/2007,Z FCT AVENAL SHELL,VICTORIA AVENUE,,Serious Crash,No,2006,,North,,0,,Flat,,,,,,Dark,3115500,0,0,0,0,,,0,,,1,,,Southland Region,Nil,Off road,Sealed,,0,1,,20,,None,0,0,,75,Invercargill City,Unknown,,,,,1,0,Urban,0,,,Fine,Null
1763982,5912485,24603,,520500,0,0,0,0,0,South,2006/2007,SH 1N,MT WGTN OBR,,Non-Injury Crash,Yes,2006,0,North,0,0,0,Flat,1,,0,,0,Overcast,639500,0,0,0,3,0,0,0,0,0,,0,0,Auckland Region,Nil,1-way,Sealed,0,0,0,0,100,0,Off,1,0,,76,Auckland,Nil,0,0,0,0,1,0,Open,0,0,0,Fine,Null
1255451,5002716,24604,,609023,0,,0,2,,West,2007/2008,ARAWATA TERRACE,FERNHILL ROAD,,Minor Crash,No,2007,,North,,0,,Hill Road,,,,,,Bright sun,3039508,3,0,0,1,,,0,,,,,,Otago Region,Nil,2-way,Sealed,,0,0,,50,,Null,0,0,,70,Queenstown-Lakes District,Unknown,,,,,0,0,Urban,0,,,Fine,Null
1883653,5564611,24605,,549200,0,,0,0,,West,2005/2006,SH 2,SH 50,,Serious Crash,Yes,2006,,East,,0,,Flat,,,,,,Dark,1515600,2,0,0,2,,,0,,,,,,Hawke's Bay Region,Nil,2-way,Sealed,,0,2,,100,,None,1,0,,32,Central Hawke's Bay District,Nil,,,,,1,0,Open,0,,,Light rain,Null
1754977,5931844,24606,,508805,0,,0,2,,East,2005/2006,CONSTELLATION DRIVE,APOLLO DRIVE,,Non-Injury Crash,No,2006,,West,,0,,Flat,,,,,,Bright sun,180813,0,0,0,4,,,0,,,,,,Auckland Region,Nil,2-way,Sealed,,0,0,,50,,Off,0,0,,76,Auckland,Nil,,,,,0,0,Urban,0,,,Fine,Null