X,Y,OBJECTID,advisorySpeed,areaUnitID,bicycle,bridge,bus,carStationWagon,cliffBank,crashDirectionDescription,crashFinancialYear,crashLocation1,crashLocation2,crashRoadSideRoad,crashSeverity,crashSHDescription,crashYear,debris,directionRoleDescription,ditch,fatalCount,fence,flatHill,guardRail,holiday,houseOrBuilding,intersection,kerb,light,meshblockId,minorInjuryCount,moped,motorcycle,NumberOfLanes,objectThrownOrDropped,otherObject,otherVehicleType,overBank,parkedVehicle,pedestrian,phoneBoxEtc,postOrPole,region,roadCharacter,roadLane,roadSurface,roadworks,schoolBus,seriousInjuryCount,slipOrFlood,speedLimit,strayAnimal,streetLight,suv,taxi,temporarySpeedLimit,tlaId,tlaName,trafficControl,trafficIsland,trafficSign,train,tree,truck,unknownVehicleType,urban,vanOrUtility,vehicle,waterRiver,weatherA,weatherB
1719554,6045564,24607,,503100,0,,0,1,,West,2005/2006,WALTON ST,CAMERON ST,,Minor Crash,No,2006,,West,,0,,Flat,,,,,,Bright sun,100300,1,0,0,4,,,0,,,1,,,Northland Region,Nil,2-way,Sealed,,0,0,,50,,Null,0,0,,2,Whangarei District,Unknown,,,,,0,0,Urban,0,,,Fine,Null
1874775,5807773,24608,,536630,0,0,0,1,0,South,2006/2007,SH 36,WILLIAMS ROAD,,Minor Crash,Yes,2006,0,South,0,0,0,Hill Road,0,,0,,0,Twilight,1192603,1,0,0,2,0,0,0,0,0,,0,0,Bay of Plenty Region,Nil,2-way,Sealed,0,0,0,0,100,0,None,0,0,,22,Western Bay of Plenty District,Nil,0,0,0,1,0,0,Open,0,0,0,Fine,Null
1790642,5839963,24609,,527402,0,,0,3,,South,2006/2007,SH 1N,TAINUI BRIDGE ROAD,,Non-Injury Crash,Yes,2006,,North,,0,,Flat,,Christmas New Year,,,,Overcast,947100,0,0,0,2,,,0,,,,,,Waikato Region,Nil,2-way,Sealed,,0,0,,70,,Null,0,0,,13,Waikato District,Unknown,,,,,0,0,Urban,0,,,Light rain,Null
1755601,5919986,24610,,514000,0,,0,2,,North,2006/2007,PONSONBY ROAD,FRANKLIN ROAD,,Non-Injury Crash,No,2007,,South,,0,,Flat,,,,,,Bright sun,415700,0,0,0,4,,,0,,,,,,Auckland Region,Nil,2-way,Sealed,,0,0,,50,,Off,0,0,,76,Auckland,Nil,,,,,0,0,Urban,0,,,Fine,Null
1719097,6037627,24611,,502005,0,0,0,1,0,Null,2005/2006,PORTLAND ROAD,PORTLAND QUARRY ROAD,,Minor Crash,No,2006,0,West,1,0,1,Hill Road,0,,0,,0,Dark,76200,1,0,0,2,0,0,0,0,0,,0,0,Northland Region,Nil,2-way,Sealed,0,0,0,0,100,0,None,0,0,,2,Whangarei District,Nil,0,0,0,0,0,0,Open,0,0,0,Mist or Fog,Null
1755656,5918323,24612,,515500,0,,0,3,,West,2005/2006,SH 16,NEWTON OBR,,Non-Injury Crash,Yes,2006,,East,,0,,Flat,,,,,,Bright sun,419400,0,0,0,4,,,0,,,,,,Auckland Region,Nil,1-way,Sealed,,0,0,,80,,Off,0,0,,76,Auckland,Nil,,,,,0,0,Open,0,,,Fine,Null
1928842,5603900,24613,,547900,0,,0,2,,Null,2006/2007,RAILWAY ROAD,MURDOCH ROAD WEST,,Minor Crash,No,2006,,West,,0,,Flat,,,,,,Bright sun,1482600,1,0,0,2,,,0,,,,,,Hawke's Bay Region,Nil,2-way,Sealed,,0,0,,70,,Null,0,0,,30,Hastings District,Stop,,,,,0,0,Urban,0,,,Fine,Null
1565359,5182187,24614,,589700,0,,0,3,,North,2005/2006,WAIMAIRI ROAD,GREERS ROAD,,Minor Crash,No,2006,,North,,0,,Flat,,,,,,Overcast,2536100,1,0,0,2,,,0,,,,,,Canterbury Region,Nil,2-way,Sealed,,0,0,,50,,Null,0,0,,60,Christchurch City,Unknown,,,,,0,0,Urban,0,,,Fine,Null
1764289,5909598,24615,,521901,0,,0,1,,West,2006/2007,GREAT SOUTH ROAD,ATKINSON AVENUE,,Non-Injury Crash,No,2006,,East,,0,,Flat,,,,,,Bright sun,784100,0,0,0,3,,,0,,,,,,Auckland Region,Nil,2-way,Sealed,,0,0,,50,,Null,0,0,,76,Auckland,Traffic Signals,,,,,0,0,Urban,1,,,Fine,Null
2037071,5708307,24616,,544600,0,,0,2,,Null,2005/2006,GREY ST,CHILDERS ROAD,,Non-Injury Crash,No,2006,,North,,0,,Flat,,,,,,Bright sun,1370800,0,0,0,2,,,0,,,,,,Gisborne Region,Nil,2-way,Sealed,,0,0,,50,,Null,0,0,,28,Gisborne District,Traffic Signals,,,,,0,0,Urban,0,,,Fine,Null
1755375,5932228,24617,,508805,1,,0,1,,Null,2006/2007,EAST COAST ROAD,MAXWELTON DRIVE,,Minor Crash,No,2006,,West,,0,,Flat,,,,,,Dark,151103,1,0,0,3,,,0,,,,,,Auckland Region,Nil,2-way,Sealed,,0,0,,50,,On,0,0,,76,Auckland,Give way,,,,,0,0,Urban,0,,,Fine,Null
1755048,5945058,24618,,505908,0,,0,2,,Null,2005/2006,LANGTON ROAD,BRIGHTSIDE ROAD,,Non-Injury Crash,No,2006,,South,,0,,Flat,,,,,,Bright sun,173502,0,0,0,2,,,0,,,,,,Auckland Region,Nil,2-way,Sealed,,0,0,,50,,Off,0,0,,76,Auckland,Stop,,,,,0,0,Urban,0,,,Fine,Null
1882195,5819569,24619,,538303,0,0,0,2,0,Null,2006/2007,WELCOME BAY ROAD,WAIKITE ROAD,,Minor Crash,No,2006,0,East,0,0,0,Hill Road,0,,0,,0,Bright sun,1180404,1,0,0,2,0,0,0,0,1,,0,1,Bay of Plenty Region,Nil,2-way,Sealed,0,0,0,0,60,0,Null,0,0,,23,Tauranga City,Give way,0,0,0,0,0,0,Urban,0,0,0,Fine,Null
1756718,5927483,24620,,507900,0,,0,2,,Null,2006/2007,TAHAROTO ROAD,NORTHCOTE ROAD,,Minor Crash,No,2006,,East,,0,,Flat,,,,,,Overcast,303502,1,0,0,4,,,0,,,,,,Auckland Region,Nil,2-way,Sealed,,0,0,,50,,Off,0,0,,76,Auckland,Traffic Signals,,,,,0,0,Urban,0,,,Fine,Null
1768683,5901954,24621,,524901,0,0,0,2,0,South,2006/2007,SCENIC DRIVE,GRANDE VUE ROAD,,Non-Injury Crash,No,2006,0,East,0,0,0,Flat,0,Labour Weekend,0,,0,Dark,755900,0,0,0,1,0,0,0,0,1,,0,0,Auckland Region,Nil,Off road,Sealed,0,0,0,0,50,0,None,0,0,,76,Auckland,Nil,0,0,0,0,0,0,Urban,0,0,0,Fine,Frost
1750077,5918002,24622,,514801,0,,0,2,,East,2006/2007,SH 16,ROSEBANK OBR,,Non-Injury Crash,Yes,2006,,West,,0,,Flat,,,,,,Bright sun,390401,0,0,0,3,,,0,,,,,,Auckland Region,Nil,1-way,Sealed,,0,0,,100,,Off,1,0,,76,Auckland,Nil,,,,,0,0,Open,0,,,Fine,Null
1756740,5919861,24623,,514102,0,0,0,2,0,South,2006/2007,UNION ON WBD,UNION ST,,Minor Crash,Yes,2006,0,North,0,0,0,Flat,0,,0,,0,Dark,435500,3,0,0,5,0,0,0,0,0,,0,0,Auckland Region,Nil,2-way,Sealed,0,0,0,0,50,0,On,0,0,,76,Auckland,Traffic Signals,1,0,0,0,0,0,Urban,0,0,0,Fine,Null
1330082,4946359,24624,,607501,0,0,0,1,0,East,2005/2006,LAKE ONSLOW ROAD,TIMA BURN ROAD,,Minor Crash,No,2006,0,East,0,0,0,Flat,0,,0,,0,Bright sun,3006400,2,0,0,2,0,0,0,1,0,,0,0,Otago Region,Nil,2-way,Unsealed,0,0,0,0,100,0,Null,0,0,,69,Central Otago District,Unknown,0,0,0,0,0,0,Open,0,0,0,Fine,Null
1690331,5674232,24625,,551503,0,0,0,1,0,West,2006/2007,OMATA ROAD,COOK ST,,Non-Injury Crash,No,2006,0,East,0,0,0,Hill Road,0,,0,,0,Overcast,1578700,0,0,0,2,0,0,0,0,0,,0,0,Taranaki Region,Nil,2-way,Sealed,0,0,0,0,50,0,Null,0,0,,33,New Plymouth District,Nil,0,1,0,0,0,0,Urban,0,0,0,Light rain,Null
1748713,5426736,24626,,573101,0,,0,3,,South,2005/2006,TARANAKI ST,ABEL SMITH ST,,Minor Crash,No,2006,,North,,0,,Flat,,,,,,Twilight,2134800,1,0,0,2,,,0,,,,,,Wellington Region,Nil,2-way,Sealed,,0,0,,50,,Off,0,0,,47,Wellington City,Nil,,,,,0,0,Urban,0,,,Fine,Null
1802969,5551047,24627,,559230,0,,0,1,,North,2005/2006,SH 3,EDWARD ST,,Non-Injury Crash,Yes,2006,,North,,0,,Flat,,,,,,Dark,1741800,0,0,0,2,,,0,,,,,,Manawatū-Whanganui Region,Nil,2-way,Sealed,,0,0,,100,,On,0,0,,38,Rangitikei District,Nil,,,,,0,0,Open,0,,,Light rain,Null
1762914,5890918,24628,,521122,0,,0,2,,Null,2005/2006,LINWOOD ROAD,BATTY ROAD,,Serious Crash,No,2006,,North,,0,,Flat,,,,,,Bright sun,809900,2,0,0,2,,,0,,,,,,Auckland Region,Nil,2-way,Sealed,,0,1,,100,,None,0,0,,76,Auckland,Give way,,,,,0,0,Open,0,,,Fine,Null
1786032,5906933,24629,,525201,0,0,0,1,0,North,2006/2007,CLEVEDON-KAWAKAWA ROAD,NESS VALLEY ROAD,,Minor Crash,No,2006,0,North,0,0,0,Hill Road,0,,0,,0,Bright sun,764700,1,0,0,2,0,0,0,0,0,,0,1,Auckland Region,Nil,2-way,Sealed,0,0,0,0,100,0,None,0,0,,76,Auckland,Nil,0,0,0,0,0,0,Open,0,0,0,Fine,Null
1765046,5919663,24630,,516700,0,,0,2,,Null,2006/2007,LONG DRIVE,MELANESIA ROAD,,Non-Injury Crash,No,2007,,South,,0,,Hill Road,,,,,,Bright sun,508700,0,0,0,2,,,0,,,,,,Auckland Region,Nil,2-way,Sealed,,0,0,,50,,Off,1,0,,76,Auckland,Nil,,,,,0,0,Urban,0,,,Fine,Null
1767907,5905649,24631,,523722,0,,0,2,,Null,2005/2006,BOUNDARY ROAD,ISRAEL AVENUE,,Serious Crash,No,2006,,East,,0,,Flat,,,,,,Overcast,715701,0,0,0,2,,,0,,,,,,Auckland Region,Nil,2-way,Sealed,,0,2,,50,,Off,0,0,,76,Auckland,Give way,,,,,0,0,Urban,0,,,Fine,Null
1859712,5721443,24632,,541335,0,,0,1,,North,2005/2006,WHANGAMATA ROAD,KINLOCH ROAD,,Minor Crash,No,2006,,North,,0,,Flat,,,,,,Bright sun,1278404,3,0,0,2,,,0,,,,,,Waikato Region,Nil,2-way,Sealed,,0,0,,100,,Null,0,0,,21,Taupo District,Unknown,,,,,0,0,Open,0,,,Fine,Null
1796561,5818865,24633,,528406,0,,0,2,,East,2006/2007,TASMAN ROAD,SH 1N,,Non-Injury Crash,No,2007,,West,,0,,Flat,,,,,,Dark,907601,0,0,0,2,,,0,,,,,,Waikato Region,Nil,2-way,Sealed,,0,0,,50,,On,0,0,,16,Hamilton City,Give way,,,,,0,0,Urban,0,,,Fine,Null
1769983,5877845,24634,,525922,0,0,0,1,0,North,2005/2006,TUAKAU ROAD,RAY WRIGHT ROAD,,Non-Injury Crash,No,2006,0,South,1,0,0,Hill Road,0,,0,,0,Overcast,824302,0,0,0,2,0,0,0,0,0,,0,0,Auckland Region,Nil,2-way,Sealed,0,0,0,0,100,0,None,0,0,,76,Auckland,Nil,0,0,0,1,0,0,Open,0,0,0,Fine,Null
1797201,5819461,24635,,528403,0,,0,2,,North,2006/2007,TE RAPA ROAD,PUKETE ROAD S,,Non-Injury Crash,No,2006,,South,,0,,Flat,,,,,,Bright sun,907401,0,0,0,2,,,0,,,,,,Waikato Region,Nil,2-way,Sealed,,0,0,,50,,Off,0,0,,16,Hamilton City,Nil,,,,,0,0,Urban,0,,,Fine,Null
1393371,4995007,24636,,608000,0,0,0,1,0,East,2005/2006,SH 85,SH 87,,Serious Crash,Yes,2006,0,West,1,0,0,Hill Road,0,,0,,0,Overcast,3015500,1,0,0,2,0,0,0,0,0,,0,0,Otago Region,Nil,2-way,Sealed,0,0,1,0,100,0,Null,0,0,,69,Central Otago District,Unknown,0,0,0,0,0,0,Open,0,0,0,Light rain,Null
1768937,5910664,24637,,523113,0,0,0,1,0,East,2005/2006,GREENMOUNT DRIVE,HARRIS ROAD,,Non-Injury Crash,No,2006,0,East,0,0,0,Flat,0,,0,,0,Bright sun,711703,0,0,0,2,0,0,0,0,1,,0,0,Auckland Region,Nil,2-way,Sealed,0,0,0,0,50,0,Off,0,0,,76,Auckland,Nil,0,0,0,0,0,0,Urban,1,0,0,Fine,Null
1568197,5186118,24638,35,588300,0,0,0,1,0,Null,2007/2008,GRAMPIAN ST,CAVENDISH ROAD,,Minor Crash,No,2007,0,South,0,0,0,Flat,0,,0,,0,Overcast,2511300,1,0,0,2,0,0,0,0,0,,0,1,Canterbury Region,Nil,2-way,Sealed,0,0,0,0,50,0,Null,0,0,,60,Christchurch City,Give way,0,0,0,0,0,0,Urban,0,0,0,Light rain,Null
1763365,5905572,24639,,524303,0,0,0,1,0,West,2006/2007,NARADA PLACE,FERNDOWN AVENUE,,Non-Injury Crash,No,2006,0,East,0,0,0,Flat,0,,0,,0,Dark,746301,0,0,0,2,0,0,0,0,1,,0,0,Auckland Region,Nil,2-way,Sealed,0,0,0,0,50,0,None,1,0,,76,Auckland,Nil,0,0,0,0,0,0,Urban,0,0,0,Fine,Null
1757253,5920238,24640,,514102,0,,0,1,,East,2006/2007,WELLESLEY ST WEST,ELLIOTT ST,,Non-Injury Crash,No,2006,,East,,0,,Hill Road,,,,,,Dark,434000,0,0,0,4,,,0,,,,,,Auckland Region,Nil,2-way,Sealed,,0,0,,50,,On,0,0,,76,Auckland,Traffic Signals,,,,,0,0,Urban,1,,,Fine,Null
1772354,5914996,24641,,521501,0,,0,0,,West,2005/2006,SELWYN ROAD,THE GLEBE,,Minor Crash,No,2006,,South,,0,,Flat,,,,,,Bright sun,652500,1,0,0,2,,,0,,,1,,,Auckland Region,Nil,2-way,Sealed,,0,0,,50,,Off,0,0,,76,Auckland,Nil,,,,,0,0,Urban,1,,,Fine,Null
1814160,5815989,24642,,527131,0,0,0,1,0,East,2005/2006,TAUWHARE ROAD,RINGER ROAD,,Non-Injury Crash,No,2006,0,North,0,0,0,Flat,0,,0,,0,Dark,957600,0,0,0,2,0,1,0,0,0,,0,0,Waikato Region,Nil,2-way,Sealed,0,0,0,0,100,0,Off,0,0,,13,Waikato District,Unknown,0,0,0,0,0,0,Open,0,0,0,Heavy rain,Strong wind
1753564,5927937,24643,,508210,0,,0,2,,North,2006/2007,GLENFIELD ROAD,KAIPATIKI ROAD,,Non-Injury Crash,No,2007,,North,,0,,Flat,,,,,,Dark,186500,0,0,0,4,,,0,,,,,,Auckland Region,Nil,2-way,Sealed,,0,0,,50,,On,0,0,,76,Auckland,Nil,,,,,0,0,Urban,0,,,Fine,Null
1797077,5819568,24644,,528403,0,,0,0,,Null,2006/2007,TE RAPA ROAD,WAIRERE DRIVE,,Non-Injury Crash,No,2006,,South,,0,,Flat,,,,,,Bright sun,907401,0,0,0,2,,,0,,,,,,Waikato Region,Nil,2-way,Sealed,,0,0,,50,,Null,0,0,,16,Hamilton City,Give way,,,,,0,0,Urban,2,,,Fine,Null
1755845,5944540,24645,,505908,0,0,0,1,0,Null,2006/2007,RATA ROAD,RIMU ROAD,,Non-Injury Crash,No,2006,0,South,0,0,1,Flat,0,,0,,0,Dark,173601,0,0,0,2,0,0,0,0,0,,0,0,Auckland Region,Nil,2-way,Sealed,0,0,0,0,50,0,On,0,0,,76,Auckland,Nil,0,0,0,0,0,0,Urban,0,0,0,Light rain,Null
1758356,5918605,24646,,517400,0,,0,1,,Null,2006/2007,CARLTON GORE ROAD,MORGAN ST,,Minor Crash,No,2006,,East,,0,,Flat,,,,,,Bright sun,450400,1,1,0,2,,,0,,,,,,Auckland Region,Nil,2-way,Sealed,,0,0,,50,,Off,0,0,,76,Auckland,Nil,,,,,0,0,Urban,0,,,Fine,Null
1763904,5912490,24647,,520500,0,,0,2,,Null,2005/2006,MOUNT WELLINGTON HIGHWAY,MT WGTN OFF NBD,,Non-Injury Crash,Yes,2006,,West,,0,,Flat,,,,,,Dark,637300,0,0,0,2,,,0,,,,,,Auckland Region,Nil,2-way,Sealed,,0,0,,50,,On,0,0,,76,Auckland,Traffic Signals,,,,,0,0,Urban,0,,,Light rain,Null
1755645,5915976,24648,,518301,0,0,0,2,0,Null,2006/2007,TENNYSON ST,DOMINION ROAD,,Non-Injury Crash,No,2007,0,North,0,0,0,Flat,0,,0,,0,Bright sun,553900,0,0,0,2,0,0,0,0,1,,0,0,Auckland Region,Nil,2-way,Sealed,0,0,0,0,50,0,Off,1,0,,76,Auckland,Nil,0,0,0,0,0,0,Urban,0,0,0,Fine,Null
1848160,5742184,24649,,535262,0,0,0,0,1,East,2005/2006,SH 30,SH 32,,Non-Injury Crash,Yes,2006,0,East,0,0,0,Hill Road,0,,0,,0,Twilight,1151800,0,0,0,2,0,0,0,0,0,,0,0,Waikato Region,Nil,2-way,Sealed,0,0,0,0,100,0,None,0,0,,19,South Waikato District,Nil,0,0,0,0,0,0,Open,1,0,0,Fine,Null
1790577,5840077,24650,,527402,0,,0,1,,Null,2006/2007,TAINUI BRIDGE ROAD,GEORGE DRIVE,,Non-Injury Crash,No,2006,,West,,0,,Flat,,,,,,Bright sun,946700,0,0,0,2,,,0,,,,,,Waikato Region,Nil,2-way,Sealed,,0,0,,50,,Null,0,0,,13,Waikato District,Give way,,,,,1,0,Urban,0,,,Fine,Null
1404963,4915940,24651,,602900,0,0,0,1,1,Null,2006/2007,HIGH ST,QUEENS DRIVE,,Minor Crash,No,2006,0,East,0,0,0,Hill Road,0,,0,,0,Bright sun,2896100,3,0,0,2,0,0,0,0,0,,0,0,Otago Region,Nil,2-way,Sealed,0,0,0,0,50,0,Null,1,0,,71,Dunedin City,Give way,0,0,0,0,0,0,Urban,0,0,0,Fine,Null
1892824,5785013,24652,,538820,0,0,0,0,0,North,2005/2006,SH 33,HAMURANA ROAD,,Non-Injury Crash,Yes,2006,0,North,0,0,0,Flat,0,,0,,0,Bright sun,1250500,0,0,0,2,0,0,0,0,0,,0,0,Bay of Plenty Region,Nil,2-way,Sealed,0,0,0,0,100,0,Null,1,0,,24,Rotorua District,Unknown,0,0,0,0,0,0,Open,0,0,0,Fine,Null
1758863,5920295,24653,,514101,0,0,0,0,0,Null,2006/2007,SH 16,ST GEORGES BAY ROAD,,Non-Injury Crash,Yes,2007,0,East,0,0,0,Flat,0,,0,,0,Dark,438221,0,0,0,2,0,0,0,0,0,,0,0,Auckland Region,Nil,2-way,Sealed,0,0,0,0,50,0,On,0,0,,76,Auckland,Give way,1,0,0,0,1,0,Urban,0,0,0,Heavy rain,Null
1771447,5811309,24654,,526602,0,0,0,1,0,West,2005/2006,SH 23,OKETE ROAD E,,Non-Injury Crash,Yes,2006,0,East,0,0,1,Hill Road,0,,0,,0,Overcast,860800,0,0,0,2,0,0,0,0,0,,0,0,Waikato Region,Nil,2-way,Sealed,0,0,0,0,100,0,Null,0,0,30,13,Waikato District,Unknown,0,0,0,0,0,0,Open,0,0,0,Fine,Frost
1758151,5915729,24655,,519300,0,,0,1,,Null,2006/2007,MANUKAU ROAD,KING EDWARD AVENUE,,Non-Injury Crash,No,2006,,North,,0,,Flat,,,,,,Bright sun,622900,0,0,1,4,,,0,,,,,,Auckland Region,Nil,2-way,Sealed,,0,0,,50,,Off,0,0,,76,Auckland,Nil,,,,,0,0,Urban,0,,,Fine,Null
1346704,5176824,24656,,585323,0,0,0,1,1,North,2005/2006,SH 6,HAVELOCK CRK BR,,Minor Crash,Yes,2006,0,North,0,0,0,Flat,0,,0,,0,Overcast,2417000,1,0,0,2,0,0,0,0,0,,0,0,West Coast Region,Nil,2-way,Sealed,0,0,0,0,100,0,Null,0,0,,57,Westland District,Unknown,0,0,0,0,0,0,Open,0,0,0,Light rain,Null
1758920,5926091,24657,,508020,0,,0,0,,West,2006/2007,LAKE ROAD,ONEPOTO ROAD,,Non-Injury Crash,No,2006,,East,,0,,Flat,,,,,,Overcast,321400,0,0,0,2,,,0,,,,,,Auckland Region,Nil,2-way,Sealed,,0,0,,50,,Off,0,0,,76,Auckland,Nil,,,,,1,0,Urban,1,,,Fine,Null
1767572,5905842,24658,,523601,0,0,0,1,0,Null,2007/2008,WAIMATE ST,PIAKO ST,,Non-Injury Crash,No,2007,0,South,0,0,0,Flat,0,,0,,0,Dark,707200,0,0,0,2,0,0,0,0,1,,0,0,Auckland Region,Nil,2-way,Sealed,0,0,0,0,50,0,On,0,0,,76,Auckland,Give way,0,0,0,0,1,0,Urban,0,0,0,Fine,Null
1750114,5914540,24659,,511303,0,,0,1,,Null,2006/2007,DELTA AVENUE,BENTINCK ST,,Non-Injury Crash,No,2006,,North,,0,,Flat,,,,,,Overcast,265800,0,0,0,1,,,0,,,,,,Auckland Region,Nil,2-way,Sealed,,0,0,,50,,Off,0,0,,76,Auckland,Give way,,,,,0,0,Urban,1,,,Mist or Fog,Null
1688446,6085533,24660,,501633,0,0,0,1,0,North,2006/2007,SH 1N,SMITH ROAD,,Non-Injury Crash,Yes,2006,0,South,0,0,0,Flat,0,,0,,0,Bright sun,36301,0,0,0,2,0,0,0,0,0,,0,0,Northland Region,Nil,2-way,Sealed,0,0,0,0,100,0,None,0,0,,1,Far North District,Nil,0,0,0,1,0,0,Open,0,0,0,Fine,Null
1806200,5812063,24661,,527131,0,0,0,2,0,South,2006/2007,SH 1N,ANNEBROOK ROAD,,Serious Crash,Yes,2006,0,South,0,0,1,Flat,0,,0,,0,Overcast,960601,3,0,0,2,0,0,0,0,0,,0,0,Waikato Region,Nil,2-way,Sealed,0,0,1,0,100,0,Null,1,0,,13,Waikato District,Unknown,0,0,0,0,0,0,Open,0,0,0,Light rain,Null
1755826,5918852,24662,,515500,0,0,0,2,0,West,2006/2007,GREAT NORTH ROAD,SUSSEX ST,,Non-Injury Crash,No,2006,0,East,0,0,0,Flat,0,,0,,0,Bright sun,418700,0,0,0,2,0,0,0,0,0,,0,0,Auckland Region,Nil,2-way,Sealed,0,0,0,0,50,0,Off,0,0,,76,Auckland,Nil,0,0,0,0,0,0,Urban,0,1,0,Fine,Null
1766619,5912885,24663,,522920,0,0,0,1,0,West,2005/2006,PAKURANGA HIGHWAY,TI RAKAU DRIVE,,Minor Crash,No,2006,0,North,0,0,0,Flat,0,,0,,0,Dark,683800,1,0,1,4,0,0,0,0,0,,0,0,Auckland Region,Nil,2-way,Sealed,0,0,0,0,80,0,On,0,0,,76,Auckland,Unknown,1,0,0,0,0,0,Open,0,0,0,Fine,Null
1758879,5906739,24664,,524200,0,,0,2,,Null,2005/2006,ASCOT ROAD,RICHARD PEARSE DRIVE,,Non-Injury Crash,No,2006,,East,,0,,Flat,,,,,,Bright sun,726300,0,0,0,2,,,0,,,,,,Auckland Region,Nil,2-way,Sealed,,0,0,,50,,Off,0,0,,76,Auckland,Nil,,,,,0,0,Urban,0,,,Fine,Null
1747429,5427249,24665,,575500,0,,0,2,,Null,2005/2006,RAROA ROAD,ENTRANCE ST,,Minor Crash,No,2006,,North,,0,,Hill Road,,,,,,Bright sun,2156500,1,0,0,2,,,0,,,,,,Wellington Region,Nil,2-way,Sealed,,0,0,,50,,Null,0,0,,47,Wellington City,Nil,,,,,0,0,Urban,0,,,Fine,Null
1824393,5458833,24666,,578301,0,0,0,1,0,Null,2005/2006,MANAIA ROAD,TE WHITI ROAD,,Minor Crash,No,2006,0,South,1,0,0,Flat,0,,0,,0,Dark,2257000,2,0,0,2,0,0,0,0,0,,0,0,Wellington Region,Nil,2-way,Sealed,0,0,0,0,100,0,None,0,0,,48,Masterton District,Give way,0,0,0,0,0,0,Open,0,0,0,Light rain,Null
1748679,5426647,24667,,573101,0,,0,1,,Null,2005/2006,OLD BUCKLE ST,TARANAKI ST,,Minor Crash,No,2006,,West,,0,,Flat,,,,,,Overcast,2134800,1,0,1,4,,,0,,,,,,Wellington Region,Nil,2-way,Sealed,,0,0,,50,,Null,0,0,,47,Wellington City,Traffic Signals,,,,,0,0,Urban,0,,,Fine,Null
1765693,5908348,24668,,523403,0,,0,2,,North,2006/2007,SH 1N,BAIRDS OBR,,Non-Injury Crash,Yes,2006,,North,,0,,Flat,,,,,,Twilight,696400,0,0,0,3,,,0,,,,,,Auckland Region,Nil,1-way,Sealed,,0,0,,100,,On,0,0,80,76,Auckland,Nil,,,,,0,0,Open,0,,,Heavy rain,Null
1755959,5928082,24669,,507900,0,0,0,1,0,North,2006/2007,SH 1N,NORTHCOTE OBR,,Serious Crash,Yes,2006,0,North,1,0,0,Flat,1,,0,,0,Dark,305201,3,0,0,3,0,0,0,1,0,,0,0,Auckland Region,Nil,1-way,Sealed,0,0,1,0,80,0,On,0,0,,76,Auckland,Nil,0,0,0,0,0,0,Open,0,0,0,Fine,Null
1847395,5892487,24670,25,533603,0,,0,2,,South,2006/2007,SH 25,MCBETH ROAD,,Minor Crash,Yes,2006,,South,,0,,Hill Road,,,,,,Overcast,1059504,1,0,0,2,,,0,,,,,,Waikato Region,Nil,2-way,Sealed,,0,0,,100,,Off,0,0,,11,Thames-Coromandel District,Nil,,,,,0,0,Open,0,,,Light rain,Null
1750085,5423056,24671,,577000,1,,0,0,,East,2006/2007,LYALL PARADE,QUEENS DRIVE,,Minor Crash,No,2006,,East,,0,,Flat,,,,,,Bright sun,2174700,1,0,0,2,,,0,,,,,,Wellington Region,Nil,2-way,Sealed,,0,0,,50,,Null,0,0,,47,Wellington City,Nil,,,,,1,0,Urban,0,,,Fine,Null
1757674,5919095,24672,,514302,0,0,0,1,0,West,2005/2006,PARK ROAD,PARK AVENUE,,Non-Injury Crash,No,2006,0,East,0,0,0,Flat,0,,0,,0,Bright sun,443000,0,0,0,2,0,0,0,0,0,,0,0,Auckland Region,Nil,2-way,Sealed,0,0,0,0,50,0,Off,0,1,,76,Auckland,Nil,0,0,0,0,0,0,Urban,1,1,0,Fine,Null
1878042,5822376,24673,,538101,0,,0,0,,West,2006/2007,SH 2A,CAMERON ROAD,,Minor Crash,Yes,2006,,West,,0,,Flat,,,,,,Bright sun,1168001,1,0,0,2,,,0,,,1,,,Bay of Plenty Region,Nil,2-way,Sealed,,0,0,,50,,Null,1,0,,23,Tauranga City,Traffic Signals,,,,,0,0,Urban,0,,,Fine,Null
1820306,5528642,24674,,562910,0,,0,0,,Null,2005/2006,PIONEER HIGHWAY,BOTANICAL ROAD,,Minor Crash,No,2006,,North,,0,,Flat,,,,,,Overcast,1801400,1,0,0,4,,,0,,,1,,,Manawatū-Whanganui Region,Nil,2-way,Sealed,,0,0,,50,,Null,0,0,,40,Palmerston North City,Traffic Signals,,,,,1,0,Urban,0,,,Fine,Null
1756987,5919350,24675,,514200,0,0,0,2,0,South,2005/2006,UPPER QUEEN ST,KARANGAHAPE ROAD,,Non-Injury Crash,No,2006,0,South,0,0,0,Hill Road,0,,0,,0,Dark,412200,0,0,0,2,0,0,0,0,1,,0,0,Auckland Region,Nil,2-way,Sealed,0,0,0,0,50,0,On,0,0,,76,Auckland,Nil,0,0,0,0,0,0,Urban,0,0,0,Fine,Null
1768236,5902449,24676,,524602,0,,0,0,,East,2006/2007,ORAMS ROAD,GREAT SOUTH ROAD,,Non-Injury Crash,No,2006,,West,,0,,Hill Road,,,,,,Bright sun,780700,0,0,0,4,,,0,,,,,,Auckland Region,Nil,2-way,Sealed,,0,0,,50,,Off,0,0,,76,Auckland,Nil,,,,,1,0,Urban,1,,,Fine,Null
1769822,5907688,24677,,523713,0,0,0,1,0,North,2006/2007,CHAPEL ROAD,ORMISTON ROAD,,Minor Crash,No,2006,0,North,1,0,0,Hill Road,0,,0,,0,Dark,712401,1,0,0,2,0,0,0,0,0,,0,0,Auckland Region,Nil,2-way,Sealed,0,0,0,0,70,0,None,0,0,,76,Auckland,Unknown,0,0,0,0,0,0,Urban,0,0,0,Fine,Null