X,Y,OBJECTID,advisorySpeed,areaUnitID,bicycle,bridge,bus,carStationWagon,cliffBank,crashDirectionDescription,crashFinancialYear,crashLocation1,crashLocation2,crashRoadSideRoad,crashSeverity,crashSHDescription,crashYear,debris,directionRoleDescription,ditch,fatalCount,fence,flatHill,guardRail,holiday,houseOrBuilding,intersection,kerb,light,meshblockId,minorInjuryCount,moped,motorcycle,NumberOfLanes,objectThrownOrDropped,otherObject,otherVehicleType,overBank,parkedVehicle,pedestrian,phoneBoxEtc,postOrPole,region,roadCharacter,roadLane,roadSurface,roadworks,schoolBus,seriousInjuryCount,slipOrFlood,speedLimit,strayAnimal,streetLight,suv,taxi,temporarySpeedLimit,tlaId,tlaName,trafficControl,trafficIsland,trafficSign,train,tree,truck,unknownVehicleType,urban,vanOrUtility,vehicle,waterRiver,weatherA,weatherB
1754011,5929358,24678,,508420,1,,0,1,,East,2005/2006,WAIRAU ROAD,ELLICE ROAD,,Non-Injury Crash,No,2006,,West,,0,,Flat,,,,,,Bright sun,183300,0,0,0,2,,,0,,,,,,Auckland Region,Nil,2-way,Sealed,,0,0,,50,,Off,0,0,,76,Auckland,Nil,,,,,0,0,Urban,0,,,Fine,Null
1744019,5924039,24679,,513521,0,,0,2,,Null,2005/2006,OLD SH 18,SH 16,,Non-Injury Crash,Yes,2006,,West,,0,,Flat,,,,,,Bright sun,224240,0,0,0,4,,,0,,,,,,Auckland Region,Nil,2-way,Sealed,,0,0,,50,,Off,0,0,,76,Auckland,Traffic Signals,,,,,0,0,Urban,0,,,Fine,Null
1768769,5899186,24680,,525102,0,0,0,1,0,South,2006/2007,ROSEANNE ROAD,CLAYTON ROAD,,Non-Injury Crash,No,2006,0,South,0,0,0,Flat,0,,0,,0,Dark,768700,0,0,0,2,0,0,0,0,1,,0,0,Auckland Region,Nil,2-way,Sealed,0,0,0,0,50,0,On,0,0,,76,Auckland,Nil,0,0,0,0,1,0,Urban,0,0,0,Fine,Null
1638575,6073151,24681,,500802,0,,0,0,,North,2006/2007,KOUTU LOOP ROAD W,SH 12,,Minor Crash,No,2006,,West,,0,,Hill Road,,Labour Weekend,,,,Dark,25200,1,0,0,2,,,0,,,,,,Northland Region,Nil,2-way,Sealed,,0,0,,80,,None,1,0,,1,Far North District,Nil,,,,,0,0,Open,0,,,Fine,Null
1678344,6022212,24682,,504600,0,0,0,2,0,Null,2005/2006,SH 12,HOKIANGA ROAD,,Minor Crash,Yes,2006,0,West,0,0,0,Flat,0,,0,,0,Bright sun,115700,1,0,0,2,0,0,0,0,1,,0,0,Northland Region,Nil,2-way,Sealed,0,0,0,0,50,0,Off,0,0,,3,Kaipara District,Stop,0,0,0,0,0,0,Urban,1,0,0,Fine,Null
1748881,5427984,24683,,573000,1,,0,2,,Null,2005/2006,JERVOIS QUAY,HUNTER ST,,Serious Crash,No,2006,,North,,0,,Flat,,,,,,Bright sun,2125900,0,0,0,6,,,0,,,,,,Wellington Region,Nil,2-way,Sealed,,0,1,,50,,Null,0,0,,47,Wellington City,Traffic Signals,,,,,0,0,Urban,0,,,Fine,Null
1754972,5918304,24684,,515500,0,,0,2,,East,2005/2006,SH 16,MOTAT ON EBD,,Non-Injury Crash,Yes,2006,,East,,0,,Flat,,,,,,Bright sun,418800,0,0,0,4,,,0,,,,,,Auckland Region,Nil,1-way,Sealed,,0,0,,100,,Off,0,0,,76,Auckland,Nil,,,,,0,0,Open,0,,,Fine,Null
1765644,5892342,24685,,521122,0,1,0,1,0,Null,2006/2007,LINWOOD ROAD,GLASSONS BR,,Serious Crash,No,2006,0,West,0,0,0,Flat,0,,0,,0,Dark,810200,0,0,0,2,0,0,0,0,0,,0,0,,Bridge,2-way,Sealed,0,0,1,0,100,0,None,1,0,,76,Auckland,Unknown,0,0,0,0,0,0,Open,0,0,0,Fine,Null
1770625,5916291,24686,,522712,0,,0,1,,Null,2006/2007,MACLEANS ROAD,PRIESTLEY DRIVE,,Minor Crash,No,2006,,North,,0,,Flat,,,,,,Twilight,680200,1,0,0,2,,,0,,,1,,,Auckland Region,Nil,2-way,Sealed,,0,0,,50,,Off,0,0,,76,Auckland,Nil,,,,,0,0,Urban,0,,,Fine,Null
1764185,5912956,24687,,520500,0,0,0,1,0,East,2006/2007,SOUTH-EASTERN HIGHWAY,SEART OFF SBD,,Non-Injury Crash,No,2006,0,West,0,0,0,Hill Road,1,,0,,0,Overcast,639100,0,0,0,3,0,0,0,0,0,,0,0,Auckland Region,Nil,1-way,Sealed,0,0,0,0,80,0,Off,0,0,,76,Auckland,Nil,0,0,0,0,0,0,Open,0,0,0,Heavy rain,Null
1798614,5820301,24688,,528310,0,,0,1,,West,2006/2007,WAIRERE DRIVE,RIVER ROAD,,Minor Crash,No,2006,,West,,0,,Flat,,,,,,Bright sun,897503,1,0,1,2,,,0,,,,,,Waikato Region,Nil,2-way,Sealed,,0,0,,80,,Off,0,0,,16,Hamilton City,Nil,,,,,0,0,Open,0,,,Fine,Null
1754734,5913827,24689,,518803,0,,0,1,,Null,2005/2006,DENBIGH AVENUE,MOUNT ROSKILL ROAD,,Serious Crash,No,2006,,West,,0,,Flat,,,,,,Bright sun,580500,0,0,0,2,,,0,,,,,,Auckland Region,Nil,2-way,Sealed,,0,1,,50,,Off,0,0,,76,Auckland,Stop,,,,,1,0,Urban,0,,,Fine,Null
1751508,5949810,24690,,505805,1,,0,1,,Null,2005/2006,FLORENCE AVENUE,ALICE AVENUE,,Minor Crash,No,2006,,East,,0,,Flat,,,,,,Overcast,171500,1,0,0,2,,,0,,,,,,Auckland Region,Nil,2-way,Sealed,,0,0,,50,,Off,0,0,,76,Auckland,Nil,,,,,0,0,Urban,0,,,Fine,Null
1751918,5933777,24691,,508701,0,,0,2,,Null,2005/2006,ALBANY EXPRESSWAY,COLISEUM DRIVE,,Minor Crash,No,2006,,West,,0,,Flat,,,,,,Bright sun,178900,1,0,0,3,,,0,,,,,,Auckland Region,Nil,1-way,Sealed,,0,0,,50,,Off,0,0,,76,Auckland,Give way,,,,,0,0,Urban,0,,,Fine,Null
1679880,5421620,24692,,580446,0,,1,1,,North,2005/2006,SH 1S,SPEEDS ROAD,,Minor Crash,Yes,2006,,South,,0,,Flat,,,,,,Overcast,2279400,1,0,0,3,,,0,,,,,,Marlborough Region,Nil,2-way,Sealed,,0,0,,100,,Null,0,0,,53,Marlborough District,Nil,,,,,0,0,Open,0,,,Fine,Null
1243424,4851345,24693,,610900,0,0,0,0,0,North,2006/2007,QUEENS DRIVE,BOURKE ST,,Serious Crash,No,2006,0,South,0,0,0,Flat,0,,0,,0,Overcast,3125000,0,0,0,4,0,0,0,0,0,,0,0,Southland Region,Nil,2-way,Sealed,0,0,1,0,50,0,Null,0,0,,75,Invercargill City,Unknown,0,0,0,1,1,0,Urban,0,0,0,Fine,Null
1740581,5911291,24694,,512902,0,,0,2,,Null,2005/2006,WEST COAST ROAD,SCENIC DRIVE,,Minor Crash,No,2006,,South,,0,,Hill Road,,,,,,Overcast,282102,1,0,0,2,,,0,,,,,,Auckland Region,Nil,2-way,Sealed,,0,0,,80,,None,0,0,,76,Auckland,Stop,,,,,0,0,Open,0,,,Light rain,Null
1757241,5919425,24695,,514301,0,,0,0,,North,2006/2007,SYMONDS ST,KARANGAHAPE ROAD,,Minor Crash,No,2006,,South,,0,,Flat,,,,,,Bright sun,440904,1,0,0,4,,,0,,,1,,,Auckland Region,Nil,2-way,Sealed,,0,0,,50,,Null,1,0,,76,Auckland,Unknown,,,,,0,0,Urban,0,,,Fine,Null
1403994,4916332,24696,,604120,0,0,0,1,0,West,2005/2006,STONE ST,KENMURE ROAD,,Minor Crash,No,2006,0,West,0,0,0,Hill Road,0,,0,,0,Dark,2923100,3,0,0,2,0,0,0,1,0,,0,0,Otago Region,Nil,2-way,Sealed,0,0,0,0,50,0,On,0,0,,71,Dunedin City,Unknown,0,0,0,1,0,0,Urban,0,0,0,Fine,Null
1763123,5437340,24697,,568303,0,,0,2,,South,2005/2006,CAMBRIDGE TERRACE,VOGEL ST,,Minor Crash,No,2006,,South,,0,,Flat,,,,,,Overcast,1953400,1,0,0,2,,,0,,,,,,Wellington Region,Nil,2-way,Sealed,,0,0,,50,,Null,0,0,,46,Lower Hutt City,Nil,,,,,0,0,Urban,0,,,Fine,Null
1745360,5924479,24698,,513522,0,0,0,1,0,East,2006/2007,HOBSONVILLE ROAD,LUCKENS ROAD,,Minor Crash,No,2006,0,West,0,0,1,Flat,0,,0,,0,Dark,224132,1,0,0,2,0,0,0,0,0,,0,0,Auckland Region,Nil,2-way,Sealed,0,0,0,0,50,0,On,0,0,,76,Auckland,Nil,0,0,0,0,0,0,Urban,0,0,0,Fine,Null
1749171,5424791,24699,,576400,0,,0,1,,West,2005/2006,NORMANBY ST,DANIELL ST,,Minor Crash,No,2006,,West,,0,,Hill Road,,,,,,Twilight,2168600,1,0,0,2,,,0,,,1,,,Wellington Region,Nil,2-way,Sealed,,0,0,,50,,Off,0,0,,47,Wellington City,Nil,,,,,0,0,Urban,0,,,Fine,Null
1764710,5906464,24700,,522201,1,,0,1,,Null,2005/2006,CORONATION ROAD,SHIRLEY ROAD,,Serious Crash,No,2006,,North,,0,,Flat,,,,,,Bright sun,662000,0,0,0,2,,,0,,,,,,Auckland Region,Nil,2-way,Sealed,,0,1,,50,,Null,0,0,,76,Auckland,Give way,,,,,0,0,Urban,0,,,Fine,Null
1763587,5437955,24701,,568301,0,0,0,2,0,South,2005/2006,OXFORD TERRACE,GUINESS ST,,Serious Crash,No,2006,0,North,0,0,1,Flat,0,,1,,0,Dark,1949900,0,0,0,2,0,0,0,0,1,,0,1,Wellington Region,Nil,2-way,Sealed,0,0,1,0,50,0,On,0,0,,46,Lower Hutt City,Nil,0,0,0,1,0,0,Urban,0,0,0,Light rain,Null
1574370,5181359,24702,,593000,0,0,0,2,0,East,2006/2007,WAINONI ROAD,PANNELL AVENUE,,Minor Crash,No,2006,0,East,0,0,1,Flat,0,,0,,0,Overcast,2568401,1,0,0,2,0,0,0,0,1,,0,0,Canterbury Region,Nil,2-way,Sealed,0,0,0,0,50,0,Null,0,0,,60,Christchurch City,Nil,0,0,0,0,0,0,Urban,1,0,0,Fine,Null
1699780,5678971,24703,,550901,0,,0,1,,Null,2006/2007,MANGATI ROAD,SUNNYVALE ST,,Minor Crash,No,2006,,West,,0,,Flat,,,,,,Twilight,1561900,1,0,1,2,,,0,,,,,,Taranaki Region,Nil,2-way,Sealed,,0,0,,50,,On,0,0,,33,New Plymouth District,Give way,,,,,0,0,Urban,0,,,Fine,Null
1755730,5881184,24704,,521152,0,0,0,1,0,Null,2005/2006,GLENBROOK ROAD,BROOKSIDE ROAD,,Minor Crash,No,2006,0,North,1,0,0,Flat,0,,0,,0,Dark,834200,1,0,0,4,0,0,0,0,0,,0,0,Auckland Region,Nil,2-way,Sealed,0,0,0,0,80,0,On,0,0,,76,Auckland,Give way,1,0,0,0,0,0,Open,0,0,0,Fine,Null
1751642,5912763,24705,,514700,1,,0,1,,Null,2005/2006,BLOCKHOUSE BAY ROAD,BOLTON ST,,Minor Crash,No,2006,,North,,0,,Hill Road,,,,,,Overcast,370300,1,0,0,2,,,0,,,,,,Auckland Region,Nil,2-way,Sealed,,0,0,,50,,Off,0,0,,76,Auckland,Stop,,,,,0,0,Urban,0,,,Fine,Null
1572210,5189558,24706,,590604,0,0,0,1,0,Null,2005/2006,MARSHLAND ROAD,TURNERS ROAD,,Serious Crash,No,2006,0,North,0,0,0,Flat,0,,0,,0,Bright sun,2503304,0,0,0,2,0,0,0,0,0,,0,1,Canterbury Region,Nil,2-way,Sealed,0,0,2,0,80,0,Null,0,0,,60,Christchurch City,Stop,0,0,0,0,1,0,Open,0,0,0,Fine,Null
1767947,5908626,24707,,523502,0,,0,1,,Null,2005/2006,JOHNSTONES ROAD,HAMILL ROAD,,Minor Crash,No,2006,,West,,0,,Flat,,,,,,Bright sun,702700,3,0,0,2,,,1,,,,,,Auckland Region,Nil,2-way,Sealed,,0,0,,50,,Off,0,0,,76,Auckland,Give way,,,,,0,0,Urban,0,,,Fine,Null
1755196,5434483,24708,,569800,0,,0,3,,Null,2006/2007,SH 2,HOROKIWI ROAD,,Minor Crash,Yes,2006,,East,,0,,Flat,,,,,,Dark,1922202,1,0,0,4,,,0,,,,,,Wellington Region,Nil,2-way,Sealed,,0,0,,100,,On,0,0,,46,Lower Hutt City,Give way,,,,,0,0,Open,0,,,Heavy rain,Strong wind
1787544,5491482,24709,,564021,0,,0,2,,North,2005/2006,SH 1N,WAIKAWA BEACH ROAD,,Minor Crash,Yes,2006,,South,,0,,Flat,,,,,,Overcast,1882200,1,0,0,2,,,0,,,,,,Manawatū-Whanganui Region,Nil,2-way,Sealed,,0,0,,100,,Null,0,0,,42,Horowhenua District,Nil,,,,,0,0,Open,0,,,Light rain,Null
1891409,5814012,24710,,538501,0,,0,2,,Null,2006/2007,JELLICOE ST,TE PUKE QUARRY ROAD,,Minor Crash,No,2006,,South,,0,,Flat,,,,,,Dark,1207400,1,0,0,2,,,0,,,,,,Bay of Plenty Region,Nil,2-way,Sealed,,0,0,,70,,On,0,0,,22,Western Bay of Plenty District,Stop,,,,,0,0,Urban,0,,,Light rain,Null
1763128,5915006,24711,,520302,0,,0,2,,Null,2006/2007,ELLERSLIE-PANMURE HIGHWAY,FERNDALE ROAD,,Minor Crash,No,2006,,West,,0,,Flat,,,,,,Bright sun,625703,1,0,0,4,,,0,,,,,,Auckland Region,Nil,2-way,Sealed,,0,0,,50,,Off,0,0,,76,Auckland,Give way,,,,,0,0,Urban,0,,,Fine,Null
1755028,5879998,24712,,521152,0,,0,2,,East,2005/2006,GLENBROOK-WAIUKU ROAD,MISSION BUSH ROAD,,Fatal Crash,No,2006,,West,,1,,Flat,,,,,,Dark,834200,1,0,0,2,,,0,,,,,,Auckland Region,Nil,2-way,Sealed,,0,1,,100,,None,0,0,,76,Auckland,Nil,,,,,0,0,Open,0,,,Fine,Null
1820906,5527682,24713,,563000,0,,0,1,,North,2005/2006,BOTANICAL ROAD,PARK ROAD,,Minor Crash,No,2006,,North,,0,,Flat,,,,,,Bright sun,1807700,1,0,0,2,,,0,,,1,,,Manawatū-Whanganui Region,Nil,2-way,Sealed,,0,0,,50,,Null,0,0,,40,Palmerston North City,Nil,,,,,0,0,Urban,0,,,Fine,Null
1764428,5914898,24714,,520303,0,,0,1,,Null,2006/2007,MOUNT WELLINGTON HIGHWAY,ELLERSLIE-PANMURE HIGHWAY,,Non-Injury Crash,No,2006,,North,,0,,Flat,,,,,,Bright sun,627400,0,0,0,2,,,0,,,,,,Auckland Region,Nil,2-way,Sealed,,0,0,,50,,Null,0,0,,76,Auckland,Give way,,,,,0,0,Urban,1,,,Fine,Null
1623542,5430657,24715,,582500,0,,0,1,,West,2006/2007,SELWYN PLACE,RUTHERFORD ST,,Minor Crash,No,2006,,East,,0,,Flat,,,,,,Bright sun,2319800,1,0,1,2,,,0,,,,,,Nelson Region,Nil,2-way,Sealed,,0,0,,50,,Null,0,0,,52,Nelson City,Nil,,,,,0,0,Urban,0,,,Fine,Null
1881698,5819585,24716,,538303,0,,0,1,,West,2006/2007,WELCOME BAY ROAD,ARAWATA AVENUE,,Minor Crash,No,2006,,North,,0,,Hill Road,,,,,,Bright sun,1180307,1,0,1,2,,,0,,,,,,Bay of Plenty Region,Nil,2-way,Sealed,,0,0,,50,,Null,0,0,,23,Tauranga City,Unknown,,,,,0,0,Urban,0,,,Fine,Null
1679008,5404465,24717,,581220,0,0,0,2,0,West,2006/2007,PARKER ST,CURRY ST,,Minor Crash,No,2006,0,West,0,0,0,Flat,0,,0,,0,Bright sun,2293800,1,0,0,2,0,0,0,0,1,,0,0,Marlborough Region,Nil,2-way,Sealed,0,0,0,0,50,0,Null,0,0,,53,Marlborough District,Nil,0,0,0,0,0,0,Urban,0,0,0,Fine,Null
1781172,5925995,24718,,520801,0,,0,2,,West,2006/2007,NELSON AVENUE,KENNEDY ROAD,,Non-Injury Crash,No,2006,,East,,0,,Hill Road,,,,,,Bright sun,516703,0,0,0,2,,,0,,,,,,Auckland Region,Nil,2-way,Unsealed,,0,0,,50,,None,0,0,,76,Auckland,Nil,,,,,0,0,Urban,0,,,Fine,Null
1925264,5598936,24719,,545852,0,0,0,1,0,North,2005/2006,SH 2,OLD MAIN ROAD,,Minor Crash,Yes,2006,0,South,0,0,1,Flat,0,,0,,0,Dark,1465801,1,0,0,2,0,0,0,0,0,,0,0,Hawke's Bay Region,Nil,2-way,Sealed,0,0,0,0,100,0,None,0,0,,30,Hastings District,Nil,0,0,0,0,0,0,Open,0,0,0,Fine,Null
1772390,5914958,24720,,521501,0,0,0,1,0,South,2006/2007,THE GLEBE,SELWYN ROAD,,Minor Crash,No,2006,0,West,0,0,0,Flat,0,,0,,0,Overcast,652500,1,0,0,2,0,0,0,0,1,,0,0,Auckland Region,Nil,2-way,Sealed,0,0,0,0,50,0,Off,0,0,,76,Auckland,Nil,0,0,0,0,0,0,Urban,1,0,0,Fine,Null
1866427,5717354,24721,,541335,0,0,0,0,1,North,2005/2006,POIHIPI ROAD,WATENE LANE,,Non-Injury Crash,No,2006,0,North,0,0,0,Hill Road,0,,0,,0,Dark,1279012,0,0,0,2,0,0,0,0,0,,0,0,Waikato Region,Nil,2-way,Sealed,0,0,0,0,100,0,None,0,0,,21,Taupo District,Unknown,0,0,0,0,0,0,Open,1,0,0,Fine,Null
1774146,5896529,24722,,525620,0,,0,2,,Null,2006/2007,KELVIN ROAD,SHEEHAN AVENUE,,Non-Injury Crash,No,2006,,South,,0,,Flat,,,,,,Overcast,798200,0,0,0,2,,,0,,,,,,Auckland Region,Nil,2-way,Sealed,,0,0,,50,,Null,0,0,,76,Auckland,Stop,,,,,0,0,Urban,0,,,Fine,Null
1716215,6044490,24723,,503400,0,,0,1,,East,2005/2006,SH 14,TUI CRESCENT,,Minor Crash,Yes,2006,,East,,0,,Hill Road,,,,,,Dark,106500,1,0,0,2,,,0,,,,,,Northland Region,Nil,2-way,Sealed,,0,0,,70,,On,0,0,,2,Whangarei District,Nil,,,,,0,0,Urban,1,,,Fine,Null
1768619,5914040,24724,,522810,0,,0,2,,Null,2006/2007,PAKURANGA ROAD,STANNILAND ST,,Minor Crash,No,2006,,East,,0,,Hill Road,,,,,,Overcast,691300,2,0,0,5,,,0,,,,,,Auckland Region,Nil,2-way,Sealed,,0,0,,60,,Off,0,0,,76,Auckland,Give way,,,,,0,0,Urban,0,,,Light rain,Null
1800299,5816430,24725,,529700,0,,0,2,,Null,2006/2007,VICTORIA ST,MILL ST,,Non-Injury Crash,No,2006,,East,,0,,Flat,,,,,,Overcast,909302,0,0,0,4,,,0,,,,,,Waikato Region,Nil,2-way,Sealed,,0,0,,50,,Off,0,0,,16,Hamilton City,Traffic Signals,,,,,0,0,Urban,0,,,Fine,Null
1757412,5912373,24726,,519810,0,0,0,0,0,West,2006/2007,SH 20,QUEENSTOWN OBR,,Non-Injury Crash,Yes,2006,0,East,0,0,0,Flat,1,,0,,0,Overcast,596700,0,0,0,4,0,0,0,0,0,,0,0,Auckland Region,Nil,2-way,Sealed,0,0,0,0,100,0,Off,1,0,,76,Auckland,Nil,0,0,0,0,0,0,Open,0,0,0,Fine,Null
1753368,5970216,24727,,506631,0,0,0,3,1,South,2006/2007,MAHURANGI EAST ROAD,SANDSPIT ROAD,,Minor Crash,No,2006,0,North,0,0,1,Hill Road,0,,0,,0,Overcast,139501,1,0,0,2,0,0,0,0,0,,0,0,Auckland Region,Nil,2-way,Sealed,0,0,0,0,100,0,Off,0,0,,76,Auckland,Nil,0,0,0,0,0,0,Open,0,0,0,Light rain,Null
1757276,5920123,24728,,514103,0,,0,1,,South,2005/2006,QUEEN ST,WELLESLEY ST WEST,,Minor Crash,No,2006,,North,,0,,Flat,,,,,,Bright sun,436600,1,0,0,4,,,0,,,1,,,Auckland Region,Nil,2-way,Sealed,,0,0,,50,,Off,0,0,,76,Auckland,Nil,,,,,0,0,Urban,0,,,Fine,Null
1742866,5922147,24729,,513610,0,0,0,1,0,South,2006/2007,DON BUCK ROAD,TRIANGLE ROAD,,Non-Injury Crash,No,2006,0,North,0,0,1,Hill Road,0,,0,,0,Overcast,226505,0,0,0,2,0,0,0,0,1,,0,0,Auckland Region,Nil,2-way,Sealed,0,0,0,0,50,0,Off,0,0,,76,Auckland,Nil,0,0,0,0,1,0,Urban,0,0,0,Light rain,Null
1750941,5913777,24730,,514600,0,0,0,2,0,South,2006/2007,TAYLOR ST,WOLVERTON ST,,Non-Injury Crash,No,2006,0,South,0,0,0,Flat,0,,0,,0,Dark,372101,0,0,0,2,0,0,0,0,1,,0,0,Auckland Region,Nil,2-way,Sealed,0,0,0,0,50,0,On,0,0,,76,Auckland,Nil,0,0,0,0,0,0,Urban,0,0,0,Light rain,Null
1768535,5909336,24731,,523113,0,,0,2,,North,2005/2006,SPRINGS ROAD,LADY RUBY DRIVE,,Non-Injury Crash,No,2006,,South,,0,,Flat,,,,,,Bright sun,711809,0,0,0,5,,,0,,,,,,Auckland Region,Nil,2-way,Sealed,,0,0,,70,,Off,0,0,,76,Auckland,Nil,,,,,0,0,Urban,0,,,Fine,Null
1754365,5925649,24732,,508610,0,0,1,0,0,Null,2005/2006,PUPUKE ROAD,TILDEN AVENUE,,Non-Injury Crash,No,2006,0,South,0,0,0,Flat,0,,0,,0,Bright sun,207701,0,0,0,2,0,0,0,0,0,,1,1,Auckland Region,Nil,2-way,Sealed,0,0,0,0,50,0,Off,0,0,,76,Auckland,Nil,0,0,0,0,0,0,Urban,0,0,0,Fine,Null
1808158,5518819,24733,,563802,0,0,0,1,0,North,2005/2006,SH 56,ASHLEA ROAD,,Minor Crash,Yes,2006,0,South,1,0,1,Flat,0,,0,,0,Bright sun,1852300,1,0,0,2,0,0,0,0,0,,0,0,Manawatū-Whanganui Region,Nil,2-way,Sealed,0,0,0,0,100,0,Null,0,0,,42,Horowhenua District,Nil,0,0,0,0,0,0,Open,0,0,0,Fine,Null
1686927,6093776,24734,,501633,0,0,0,0,0,North,2006/2007,SH 10,TE AHU AHU ROAD,,Non-Injury Crash,Yes,2006,0,South,1,0,0,Flat,0,,0,,0,Bright sun,50004,0,0,0,2,0,0,0,0,0,,0,0,Northland Region,Nil,2-way,Sealed,0,0,0,0,100,0,None,1,0,,1,Far North District,Nil,0,0,0,0,0,0,Open,0,0,0,Fine,Null
1766520,5913270,24735,,522920,0,0,0,0,0,Null,2006/2007,PAKURANGA ROAD,TI RAKAU DRIVE,,Non-Injury Crash,No,2006,0,North,0,0,1,Flat,0,,0,,0,Overcast,683900,0,0,0,6,0,0,0,0,0,,0,0,Auckland Region,Nil,2-way,Sealed,0,0,0,0,60,0,Off,1,0,,76,Auckland,Traffic Signals,0,0,0,0,0,0,Urban,0,0,0,Fine,Null
1822244,5801485,24736,,535241,0,,0,2,,Null,2005/2006,SH 1N,HICKEY ROAD,,Minor Crash,Yes,2006,,East,,0,,Flat,,Christmas New Year,,,,Overcast,1122700,3,0,0,2,,,0,,,,,,Waikato Region,Nil,2-way,Sealed,,0,0,,100,,Null,1,0,,17,Waipa District,Nil,,,,,0,0,Open,1,,,Fine,Null
1750919,5925636,24737,,510020,0,,0,2,,Null,2006/2007,RANGATIRA ROAD,TAURUS CRESCENT,,Non-Injury Crash,No,2006,,South,,0,,Flat,,,,,,Bright sun,344902,0,0,0,2,,,0,,,,,,Auckland Region,Nil,2-way,Sealed,,0,0,,50,,Off,0,0,,76,Auckland,Nil,,,,,0,0,Urban,0,,,Null,Null
1868369,5550602,24738,,549800,0,0,0,1,0,North,2005/2006,SH 2,TATARAMOA ROAD,,Minor Crash,Yes,2006,0,South,1,0,0,Flat,0,,0,,0,Overcast,1536300,1,0,0,2,0,0,0,0,0,,0,0,Manawatū-Whanganui Region,Nil,2-way,Sealed,0,0,0,0,100,0,Null,0,0,,41,Tararua District,Nil,0,0,0,0,0,0,Open,0,0,0,Light rain,Null
1745039,5914087,24739,,512905,0,,0,1,,Null,2005/2006,WEST COAST ROAD,PARRS CROSS ROAD,,Non-Injury Crash,No,2006,,East,,0,,Flat,,,,,,Dark,278904,0,0,0,2,,,0,,,,,,Auckland Region,Nil,2-way,Sealed,,0,0,,50,,On,0,0,,76,Auckland,Give way,,,,,0,0,Urban,1,,,Fine,Null
1750093,5914511,24740,,511303,0,,0,2,,Null,2006/2007,DELTA AVENUE,BINSTED ROAD,,Minor Crash,No,2006,,North,,0,,Flat,,,,,,Bright sun,265800,1,0,0,2,,,0,,,,,,Auckland Region,Nil,2-way,Sealed,,0,0,,50,,Off,0,0,,76,Auckland,Give way,,,,,0,0,Urban,0,,,Fine,Null
1753417,5876222,24741,,526103,0,,0,1,,Null,2005/2006,BAY VIEW DRIVE,KING ST,,Serious Crash,No,2006,,North,,0,,Flat,,,,,,Dark,837300,3,0,0,2,,,0,,,,,,,Nil,2-way,Sealed,,0,1,,50,,On,0,0,,76,Auckland,Give way,,,,,0,0,Urban,1,,,Fine,Null
1931039,5605564,24742,,548000,0,,0,2,,Null,2005/2006,KARAMU ROAD NORTH,FREDERICK ST,,Minor Crash,No,2006,,South,,0,,Flat,,,,,,Bright sun,1497100,1,0,0,4,,,0,,,,,,Hawke's Bay Region,Nil,2-way,Sealed,,0,0,,50,,Null,0,0,,30,Hastings District,Traffic Signals,,,,,0,0,Urban,0,,,Fine,Null
1773541,5898834,24743,,523912,0,,0,2,,Null,2005/2006,MILL ROAD,HAMLIN ROAD,,Non-Injury Crash,No,2006,,South,,0,,Flat,,Easter,,,,Dark,765401,0,0,0,2,,,0,,,,,,Auckland Region,Nil,2-way,Sealed,,0,0,,100,,None,0,0,,76,Auckland,Give way,,,,,0,0,Open,0,,,Fine,Null
1856646,5803515,24744,,535231,0,,0,2,,East,2005/2006,SH 29,SH 28,,Serious Crash,Yes,2006,,West,,0,,Hill Road,,,,,,Overcast,1114500,1,0,0,3,,,0,,,,,,Waikato Region,Nil,2-way,Sealed,,0,2,,100,,Null,0,0,,15,Matamata-Piako District,Unknown,,,,,0,0,Open,0,,,Light rain,Null
1767167,5905988,24745,,522302,0,0,0,1,0,North,2005/2006,ESPERANTO ROAD,CASPAR ROAD,,Minor Crash,No,2006,0,East,0,0,0,Flat,0,,0,,0,Bright sun,670400,1,0,0,2,0,0,0,0,0,,0,1,Auckland Region,Nil,2-way,Sealed,0,0,0,0,50,0,Off,0,0,,76,Auckland,Nil,0,0,0,0,0,0,Urban,0,0,0,Fine,Null
1758206,5927389,24746,,508010,0,,0,2,,South,2005/2006,HURSTMERE ROAD,ANZAC ST,,Non-Injury Crash,No,2006,,South,,0,,Flat,,,,,,Dark,326300,0,0,0,2,,,0,,,,,,Auckland Region,Nil,2-way,Sealed,,0,0,,50,,On,0,1,,76,Auckland,Nil,,,,,0,0,Urban,0,,,Fine,Null
1799989,5815586,24747,,528900,0,,0,2,,Null,2005/2006,NORTON ROAD,KING ST,,Non-Injury Crash,No,2006,,East,,0,,Flat,,,,,,Overcast,913200,0,0,0,2,,,0,,,,,,Waikato Region,Nil,2-way,Sealed,,0,0,,50,,None,0,0,,16,Hamilton City,Give way,,,,,0,0,Urban,0,,,Fine,Null
1755345,5924713,24748,,509800,0,,0,0,,Null,2005/2006,ONEWA ROAD,NUTSEY AVENUE,,Minor Crash,No,2006,,East,,0,,Flat,,,,,,Bright sun,360200,1,0,1,3,,,0,,,,,,Auckland Region,Nil,2-way,Sealed,,0,0,,50,,Off,1,0,,76,Auckland,Give way,,,,,0,0,Urban,0,,,Fine,Null