X,Y,OBJECTID,advisorySpeed,areaUnitID,bicycle,bridge,bus,carStationWagon,cliffBank,crashDirectionDescription,crashFinancialYear,crashLocation1,crashLocation2,crashRoadSideRoad,crashSeverity,crashSHDescription,crashYear,debris,directionRoleDescription,ditch,fatalCount,fence,flatHill,guardRail,holiday,houseOrBuilding,intersection,kerb,light,meshblockId,minorInjuryCount,moped,motorcycle,NumberOfLanes,objectThrownOrDropped,otherObject,otherVehicleType,overBank,parkedVehicle,pedestrian,phoneBoxEtc,postOrPole,region,roadCharacter,roadLane,roadSurface,roadworks,schoolBus,seriousInjuryCount,slipOrFlood,speedLimit,strayAnimal,streetLight,suv,taxi,temporarySpeedLimit,tlaId,tlaName,trafficControl,trafficIsland,trafficSign,train,tree,truck,unknownVehicleType,urban,vanOrUtility,vehicle,waterRiver,weatherA,weatherB
1800377,5815848,24749,20,529700,0,,0,2,,Null,2005/2006,ANGLESEA ST,ROSTREVOR ST,,Non-Injury Crash,No,2006,,North,,0,,Flat,,,,,,Overcast,910000,0,0,0,4,,,0,,,,,,Waikato Region,Nil,2-way,Sealed,,0,0,,50,,Off,0,0,,16,Hamilton City,Traffic Signals,,,,,0,0,Urban,0,,,Light rain,Null
1839920,5835183,24750,,534604,0,0,0,0,0,East,2006/2007,WAIHEKAU ROAD,ODONOGHUE ROAD,,Minor Crash,No,2006,0,East,0,0,1,Flat,0,,0,,0,Bright sun,1109100,1,0,0,2,0,0,0,0,0,,0,0,Waikato Region,Nil,2-way,Sealed,0,0,0,0,100,0,None,0,0,,15,Matamata-Piako District,Nil,0,0,0,0,0,0,Open,1,0,0,Fine,Null
1811205,5806615,24751,,527131,0,0,0,1,1,North,2005/2006,CAMBRIDGE ROAD,OLD DISCOMBE ROAD,,Non-Injury Crash,No,2006,0,North,1,0,0,Flat,0,,0,,0,Dark,960800,0,0,0,2,0,0,0,0,0,,0,0,Waikato Region,Nil,2-way,Sealed,0,0,0,0,100,0,None,0,0,,13,Waikato District,Unknown,0,0,0,0,0,0,Open,0,0,0,Fine,Null
1757092,5926046,24752,,509702,0,0,0,0,0,North,2006/2007,SH 1N,ESMONDE ON NBD,,Minor Crash,Yes,2006,0,North,0,0,0,Flat,1,,0,,0,Twilight,364602,1,0,0,3,0,0,0,0,0,,0,0,Auckland Region,Nil,1-way,Sealed,0,0,0,0,100,0,Off,1,0,,76,Auckland,Nil,0,0,0,0,0,0,Open,0,0,0,Mist or Fog,Null
1568976,5185299,24753,,588102,0,0,0,1,0,Null,2005/2006,SH 74 MAIN NORTH,QUEEN ELIZABETH II DRIVE,,Serious Crash,Yes,2006,0,South,0,0,0,Flat,0,,0,,0,Overcast,2508400,0,0,0,6,0,0,0,0,0,,0,1,Canterbury Region,Nil,2-way,Sealed,0,0,2,0,50,0,Null,0,0,,60,Christchurch City,Traffic Signals,0,0,0,0,0,0,Urban,1,0,0,Fine,Null
1719552,6047611,24754,,502700,0,,0,2,,Null,2006/2007,KAMO ROAD,NIXON ST,,Non-Injury Crash,No,2006,,South,,0,,Flat,,,,,,Dark,91400,0,0,0,2,,,0,,,,,,Northland Region,Nil,2-way,Sealed,,0,0,,50,,On,0,0,,2,Whangarei District,Give way,,,,,0,0,Urban,0,,,Fine,Null
1790979,5730766,24755,,531800,0,0,0,1,1,South,2005/2006,SH 4,MANGAITI ROAD,,Non-Injury Crash,Yes,2006,0,North,0,0,0,Flat,0,,0,,0,Dark,1014001,0,0,0,2,0,0,0,0,0,,0,0,Waikato Region,Nil,2-way,Unsealed,0,0,0,0,100,0,None,0,0,30,20,Waitomo District,Unknown,0,0,0,0,0,0,Open,0,0,0,Fine,Null
1654609,6126472,24756,,500202,0,0,1,0,1,West,2006/2007,SH 10,ORUAITI ROAD,,Minor Crash,Yes,2006,0,West,0,0,1,Flat,0,,0,,0,Bright sun,5600,2,0,0,2,0,0,0,0,0,,0,0,Northland Region,Nil,2-way,Sealed,0,0,0,0,100,0,None,0,0,30,1,Far North District,Nil,0,0,0,0,0,0,Open,0,0,0,Fine,Null
1383631,4916511,24757,,602500,0,,0,2,,Null,2005/2006,HUNTLY ROAD,CHURCH ROAD WEST,,Minor Crash,No,2006,,South,,0,,Flat,,,,,,Bright sun,2974000,1,0,0,2,,,0,,,,,,Otago Region,Nil,2-way,Sealed,,0,0,,100,,Null,0,0,,71,Dunedin City,Stop,,,,,0,0,Open,0,,,Fine,Null
1747540,5919521,24758,,512402,0,,0,2,,East,2005/2006,SH 16,TE ATATU OBR,,Minor Crash,Yes,2006,,West,,0,,Flat,,,,,,Bright sun,253700,1,0,0,3,,,0,,,,,,Auckland Region,Nil,1-way,Sealed,,0,0,,100,,Off,0,0,,76,Auckland,Nil,,,,,0,0,Open,0,,,Fine,Null
1884990,5774223,24759,,540410,0,,0,2,,Null,2005/2006,ARAWA ST,TUTANEKAI ST,,Non-Injury Crash,No,2006,,West,,0,,Flat,,,,,,Overcast,1235100,0,0,0,2,,,0,,,,,,Bay of Plenty Region,Nil,2-way,Sealed,,0,0,,50,,Null,0,0,,24,Rotorua District,Give way,,,,,0,0,Urban,0,,,Fine,Null
1764903,5814618,24760,,526500,0,0,0,3,0,North,2006/2007,LONG ST,ROBERT ST,,Non-Injury Crash,No,2006,0,North,0,0,0,Hill Road,0,,0,,0,Dark,854400,0,0,0,2,0,0,0,0,1,,0,0,Waikato Region,Nil,2-way,Sealed,0,0,0,0,50,0,None,0,0,,13,Waikato District,Nil,0,0,0,0,0,0,Urban,0,0,0,Heavy rain,Null
1756273,5924653,24761,,509702,0,0,0,2,0,North,2005/2006,SYLVAN AVENUE,TARAHANGA ST,,Non-Injury Crash,No,2006,0,East,0,0,0,Hill Road,0,,0,,0,Overcast,366700,0,0,0,2,0,0,0,0,1,,0,0,Auckland Region,Nil,2-way,Sealed,0,0,0,0,50,0,Off,0,0,,76,Auckland,Nil,0,0,0,0,0,0,Urban,0,0,0,Fine,Null
1792652,5502348,24762,,564011,1,,0,1,,West,2006/2007,KAWIU ROAD,TIRO TIRO ROAD,,Minor Crash,No,2006,,South,,0,,Hill Road,,Christmas New Year,,,,Bright sun,1855800,1,0,0,2,,,0,,,,,,Manawatū-Whanganui Region,Nil,2-way,Sealed,,0,0,,70,,Null,0,0,,42,Horowhenua District,Nil,,,,,0,0,Urban,0,,,Fine,Null
1769373,5900057,24763,,525002,0,0,0,1,0,North,2006/2007,GREAT SOUTH ROAD,MAHIA ROAD,,Minor Crash,No,2006,0,North,0,0,0,Flat,0,,0,,1,Overcast,753900,1,0,0,2,0,0,0,0,1,,0,0,Auckland Region,Nil,2-way,Sealed,0,0,0,0,50,0,Null,0,0,,76,Auckland,Unknown,0,0,0,1,1,0,Urban,0,0,0,Light rain,Null
1851302,5689001,24764,35,541346,0,0,0,1,0,North,2005/2006,SH 1N,HEUHEU PARADE,,Minor Crash,Yes,2006,0,South,0,0,0,Flat,0,,0,,0,Overcast,1281504,2,0,0,2,0,0,0,0,0,,0,0,Waikato Region,Bridge,2-way,Sealed,0,0,0,0,70,0,Null,0,0,,21,Taupo District,Unknown,0,0,0,1,0,0,Urban,0,0,0,Heavy rain,Null
1576384,5210377,24765,,585805,0,0,0,1,0,South,2005/2006,SH 1S,BROAD ROAD,,Minor Crash,Yes,2006,0,North,0,0,0,Flat,0,,0,,0,Dark,2440400,1,0,0,2,0,0,0,0,0,,0,0,Canterbury Region,Nil,2-way,Sealed,0,0,0,0,100,0,None,0,0,,59,Waimakariri District,Unknown,0,0,0,0,0,0,Open,0,0,0,Fine,Null
1753242,5914962,24766,,518801,0,0,0,1,0,East,2006/2007,ODONNELL AVENUE,RICHARDSON ROAD,,Non-Injury Crash,No,2006,0,East,0,0,0,Flat,0,,0,,0,Bright sun,575900,0,0,0,2,0,0,0,0,0,,0,1,Auckland Region,Nil,2-way,Sealed,0,0,0,0,50,0,Off,0,0,,76,Auckland,Nil,0,0,0,0,0,0,Urban,0,0,0,Fine,Null
1754118,5931401,24767,,508805,0,,0,1,,Null,2005/2006,SH 18,UPPER HWY OFF SBD W,,Non-Injury Crash,Yes,2006,,East,,0,,Flat,,,,,,Overcast,180813,0,0,0,3,,,0,,,,,,Auckland Region,Motorway ramp,1-way,Sealed,,0,0,,50,,Off,1,0,,76,Auckland,Traffic Signals,,,,,0,0,Urban,0,,,Fine,Null
1869483,5712545,24768,,541740,0,0,0,0,1,Null,2006/2007,KIDDLE DRIVE,TAHAREPA ROAD,,Minor Crash,No,2006,0,South,0,0,1,Flat,0,,0,,0,Dark,1268210,1,0,0,2,0,0,0,0,0,,0,0,Waikato Region,Nil,2-way,Sealed,0,0,0,0,50,0,On,0,0,,21,Taupo District,Give way,1,1,0,0,0,0,Urban,1,0,0,Fine,Null
1757491,5926983,24769,,508010,0,0,0,2,0,Null,2006/2007,ANZAC ST,BARRYS POINT ROAD,,Minor Crash,No,2006,0,West,0,0,0,Flat,0,,0,,0,Bright sun,327500,1,0,0,4,0,0,0,0,0,,0,0,Auckland Region,Nil,2-way,Sealed,0,0,0,0,50,0,Off,0,0,,76,Auckland,Traffic Signals,1,1,0,0,0,0,Urban,0,0,0,Fine,Null
1764992,5461301,24770,,566200,0,,0,2,,North,2005/2006,SH 1N,BEACH ROAD,,Minor Crash,Yes,2006,,North,,0,,Flat,,,,,,Overcast,2009100,1,0,0,2,,,0,,,,,,Wellington Region,Nil,2-way,Sealed,,0,0,,80,,Null,0,0,50,43,Kapiti Coast District,Nil,,,,,0,0,Open,0,,,Fine,Null
1764918,5885635,24771,80,521122,0,0,0,1,0,North,2005/2006,OSTRICH ROAD,OSTRICH FARM ROAD,,Non-Injury Crash,No,2006,0,South,0,0,0,Flat,0,Easter,0,,0,Dark,813200,0,0,0,2,0,0,0,0,0,,0,0,Auckland Region,Nil,2-way,Sealed,0,0,0,0,100,0,None,0,0,,76,Auckland,Nil,0,0,0,1,0,0,Open,0,0,0,Light rain,Null
2039358,5707400,24772,,544702,0,,0,1,,East,2005/2006,HUXLEY ROAD,DAPHNE ST,,Serious Crash,No,2006,,East,,0,,Flat,,,,,,Dark,1383100,0,0,0,2,,,0,,,1,,,Gisborne Region,Nil,2-way,Sealed,,0,1,,50,,On,0,0,,28,Gisborne District,Nil,,,,,0,0,Urban,0,,,Fine,Null
1765455,5907125,24773,,522201,0,,0,1,,Null,2005/2006,GREAT SOUTH ROAD,SHIRLEY ROAD,,Non-Injury Crash,No,2006,,North,,0,,Flat,,,,,,Overcast,662300,0,0,0,4,,,0,,,,,,Auckland Region,Nil,2-way,Sealed,,0,0,,50,,Off,0,0,,76,Auckland,Traffic Signals,,,,,1,0,Urban,0,,,Light rain,Null
1867589,5709493,24774,,541760,1,,0,1,,Null,2005/2006,LAKE TERRACE,RAINBOW DRIVE S,,Serious Crash,No,2006,,North,,0,,Flat,,,,,,Twilight,1266610,0,0,0,2,,,0,,,,,,Waikato Region,Nil,2-way,Sealed,,0,1,,70,,Off,0,0,,21,Taupo District,Give way,,,,,0,0,Urban,0,,,Fine,Null
1744908,5929834,24775,,506400,1,,0,1,,West,2005/2006,LLOYD ROAD,EDWARD JONKERS DRIVE,,Minor Crash,No,2006,,East,,0,,Flat,,,,,,Bright sun,216904,1,0,0,1,,,0,,,,,,Auckland Region,Nil,2-way,Sealed,,0,0,,100,,None,0,0,,76,Auckland,Nil,,,,,0,0,Open,0,,,Fine,Null
1743515,5919768,24776,,513632,0,0,0,0,0,North,2005/2006,DON BUCK ROAD,GLEN ROAD,,Minor Crash,No,2006,0,South,0,0,0,Hill Road,0,,0,,1,Overcast,229200,1,0,0,2,0,0,0,0,0,,0,1,Auckland Region,Nil,2-way,Sealed,0,0,0,0,50,0,Null,0,0,,76,Auckland,Unknown,0,0,0,0,1,0,Urban,0,0,0,Heavy rain,Null
1755165,5914298,24777,,518803,0,,0,2,,North,2005/2006,MOUNT ALBERT ROAD,DOMINION ROAD,,Non-Injury Crash,No,2006,,South,,0,,Flat,,,,,,Bright sun,580100,0,0,0,5,,,0,,,,,,Auckland Region,Nil,2-way,Sealed,,0,0,,50,,Null,0,0,,76,Auckland,Traffic Signals,,,,,0,0,Urban,0,,,Fine,Null
1768760,5905069,24778,,523722,0,,0,2,,North,2006/2007,HOLLYFORD DRIVE,ASPIRING AVENUE,,Serious Crash,No,2006,,South,,0,,Hill Road,,,,,,Overcast,716008,1,0,0,2,,,0,,,,,,Auckland Region,Nil,2-way,Sealed,,0,1,,50,,Off,0,0,,76,Auckland,Nil,,,,,0,0,Urban,0,,,Fine,Null
1765418,5916797,24779,,517100,0,0,0,0,0,South,2005/2006,LINE ROAD,MAYBURY ST,,Non-Injury Crash,No,2006,0,West,0,0,0,Flat,0,,0,,0,Twilight,477000,0,0,0,2,0,0,0,0,1,,0,0,Auckland Region,Nil,2-way,Sealed,0,0,0,0,50,0,Off,1,0,,76,Auckland,Nil,0,0,0,0,0,0,Urban,1,0,0,Fine,Null
1864014,5745976,24780,,541334,0,,0,2,,South,2005/2006,SH 1N,TIROHANGA ROAD,,Non-Injury Crash,Yes,2006,,South,,0,,Flat,,,,,,Overcast,1276201,0,0,0,2,,,0,,,,,,Waikato Region,Nil,2-way,Sealed,,0,0,,100,,Null,0,0,,21,Taupo District,Unknown,,,,,0,0,Open,0,,,Fine,Null
1757774,5927158,24781,,508010,0,,0,1,,Null,2005/2006,ANZAC ST,AUBURN ST,,Minor Crash,No,2006,,West,,0,,Flat,,,,,,Bright sun,327500,1,0,0,5,,,0,,,,,,Auckland Region,Nil,2-way,Sealed,,0,0,,50,,Off,0,0,,76,Auckland,Traffic Signals,,,,,0,0,Urban,1,,,Fine,Null
1750074,5946461,24782,,505806,0,,0,1,,Null,2005/2006,WAINUI ROAD,SILVERDALE ST,,Non-Injury Crash,No,2006,,West,,0,,Flat,,,,,,Bright sun,176504,0,0,0,2,,,0,,,,,,Auckland Region,Nil,2-way,Sealed,,0,0,,50,,Off,1,0,,76,Auckland,Stop,,,,,0,0,Urban,0,,,Fine,Null
1719511,6045849,24783,,503100,0,,0,1,,Null,2005/2006,ROBERT ST,RATHBONE ST,,Minor Crash,No,2006,,North,,0,,Flat,,,,,,Bright sun,99700,1,0,0,3,,,0,,,1,,,Northland Region,Nil,2-way,Sealed,,0,0,,50,,Off,0,0,,2,Whangarei District,Traffic Signals,,,,,0,0,Urban,0,,,Fine,Null
1743000,5921526,24784,,513631,0,,0,1,,Null,2005/2006,GARTON DRIVE,GALLONY AVENUE,,Minor Crash,No,2006,,West,,0,,Hill Road,,,,,,Overcast,227206,2,0,0,2,,,0,,,1,,,Auckland Region,Nil,2-way,Sealed,,0,0,,50,,Null,0,0,,76,Auckland,Give way,,,,,0,0,Urban,0,,,Fine,Null
1819983,5462100,24785,,578902,0,,0,0,,East,2006/2007,SH 2,NGAUMUTAWA ROAD,,Fatal Crash,Yes,2006,,East,,1,,Flat,,,,,,Bright sun,2230800,0,0,0,2,,,0,,,,,,Wellington Region,Nil,2-way,Sealed,,0,0,,70,,Null,0,0,,48,Masterton District,Nil,,,,,2,0,Urban,0,,,Fine,Null
1754494,5935786,24786,,507101,0,0,0,2,0,South,2006/2007,DEVERELL PLACE,CARLISLE ROAD,,Minor Crash,No,2006,0,North,0,0,0,Hill Road,0,,0,,0,Bright sun,160401,1,0,0,2,0,0,0,0,1,,0,0,Auckland Region,Nil,2-way,Sealed,0,0,0,0,50,0,Off,0,0,,76,Auckland,Nil,0,0,0,0,0,0,Urban,0,0,0,Fine,Null
1929464,5605185,24787,,548200,0,,0,2,,Null,2005/2006,NELSON ST SOUTH,EASTBOURNE ST WEST,,Minor Crash,No,2006,,North,,0,,Flat,,Easter,,,,Overcast,1488900,1,0,0,2,,,0,,,,,,Hawke's Bay Region,Nil,2-way,Sealed,,0,0,,50,,Null,0,0,,30,Hastings District,Give way,,,,,0,0,Urban,0,,,Fine,Null
1748769,5427126,24788,,573101,0,0,0,1,0,Null,2006/2007,GHUZNEE ST,MARION ST,,Serious Crash,No,2006,0,East,0,0,0,Flat,0,,1,,0,Dark,2133700,0,0,1,2,0,0,0,0,0,,0,0,Wellington Region,Nil,2-way,Sealed,0,0,1,0,50,0,On,0,0,,47,Wellington City,Give way,0,0,0,0,0,0,Urban,0,0,0,Fine,Null
1769218,5893226,24789,,521202,0,,0,1,,Null,2005/2006,LINWOOD ROAD,WALTERS ROAD,,Minor Crash,No,2006,,West,,0,,Flat,,,,,,Bright sun,806900,3,0,0,2,,,0,,,,,,Auckland Region,Nil,2-way,Sealed,,0,0,,100,,Off,1,0,,76,Auckland,Give way,,,,,0,0,Open,0,,,Fine,Null
1929997,5785135,24790,,542540,0,0,0,0,0,North,2005/2006,SH 34,HALLETT ROAD,,Minor Crash,Yes,2006,0,North,1,0,0,Flat,0,,0,,0,Bright sun,1323205,1,0,0,2,0,0,0,0,0,,0,0,Bay of Plenty Region,Nil,2-way,Sealed,0,0,0,0,100,0,Null,0,0,,25,Whakatane District,Unknown,0,0,0,0,0,0,Open,1,0,0,Fine,Null
1823655,5463108,24791,,578600,0,,0,0,,Null,2006/2007,QUEEN ST,RENALL ST,,Minor Crash,No,2006,,South,,0,,Flat,,,,,,Overcast,2243600,1,0,1,2,,,0,,,,,,Wellington Region,Nil,2-way,Sealed,,0,0,,50,,Null,0,0,,48,Masterton District,Give way,,,,,0,0,Urban,0,,,Fine,Null
1757431,5920585,24792,,514103,1,0,0,1,0,South,2005/2006,QUEEN ST,WYNDHAM ST,,Minor Crash,No,2006,0,North,0,0,0,Flat,0,,0,,0,Bright sun,437600,1,0,0,4,0,0,0,0,0,,0,0,Auckland Region,Nil,2-way,Sealed,0,0,0,0,50,0,Off,0,0,,76,Auckland,Traffic Signals,0,0,0,0,0,0,Urban,0,1,0,Fine,Null
1802430,5809997,24793,,527810,0,,0,2,,North,2006/2007,SH 3,HALL ROAD,,Minor Crash,Yes,2006,,North,,0,,Hill Road,,,,,,Overcast,984506,1,0,0,2,,,0,,,,,,Waikato Region,Nil,2-way,Sealed,,0,0,,100,,Off,0,0,50,16,Hamilton City,Nil,,,,,0,0,Open,0,,,Fine,Null
1733303,6055889,24794,,501814,0,0,0,1,1,East,2006/2007,NGUNGURU ROAD,KAIATEA ROAD,,Minor Crash,No,2006,0,East,0,0,0,Flat,0,,0,,0,Overcast,62600,2,0,0,2,0,0,0,0,0,,0,0,Northland Region,Nil,2-way,Sealed,0,0,0,0,100,0,None,0,0,,2,Whangarei District,Nil,0,0,0,0,0,0,Open,0,0,0,Light rain,Null
1564256,5182672,24795,,589602,0,0,0,1,0,South,2005/2006,WITHELLS ROAD,SWITHLAND PLACE,,Minor Crash,No,2006,0,South,0,0,0,Flat,0,,0,,0,Twilight,2530101,1,1,0,2,0,0,0,0,1,,0,0,Canterbury Region,Nil,2-way,Sealed,0,0,0,0,50,0,On,0,0,,60,Christchurch City,Nil,0,0,0,0,0,0,Urban,0,0,0,Fine,Frost
1759846,5924454,24796,,509300,0,,0,2,,Null,2006/2007,LAKE ROAD,REGENT ST,,Minor Crash,No,2006,,South,,0,,Flat,,,,,,Bright sun,340200,1,0,0,2,,,0,,,,,,Auckland Region,Nil,2-way,Sealed,,0,0,,50,,Off,0,0,,76,Auckland,Nil,,,,,0,0,Urban,0,,,Fine,Null
1797774,5816705,24797,,528501,0,,0,2,,South,2006/2007,AVALON DRIVE,GRANDVIEW ROAD,,Non-Injury Crash,No,2006,,North,,0,,Flat,,,,,,Bright sun,907200,0,0,0,2,,,0,,,,,,Waikato Region,Nil,2-way,Sealed,,0,0,,50,,Off,0,0,,16,Hamilton City,Nil,,,,,0,0,Urban,0,,,Fine,Null
1767012,5901954,24798,,524720,0,0,0,1,0,Null,2005/2006,BROWNS ROAD,DALGETY DRIVE,,Non-Injury Crash,No,2006,0,South,0,0,0,Flat,0,,0,,0,Overcast,779500,0,0,0,2,0,1,0,0,0,,0,0,Auckland Region,Nil,2-way,Sealed,0,0,0,0,50,0,Off,0,0,,76,Auckland,Nil,0,0,0,0,0,0,Urban,0,0,0,Heavy rain,Null
1609211,5431466,24799,,581834,0,,0,0,,East,2006/2007,HEATH ROAD WEST,TIC TOC ROAD WEST,,Minor Crash,No,2006,,East,,0,,Flat,,,,,,Bright sun,2357701,1,0,0,2,,,0,,,,,,Tasman Region,Nil,2-way,Unsealed,,0,0,,70,,Null,1,0,,51,Tasman District,Nil,,,,,0,0,Urban,0,,,Fine,Null
1846114,5787394,24800,,535232,0,0,0,1,0,East,2005/2006,SH 28,SH 1N,,Non-Injury Crash,Yes,2006,0,West,0,0,1,Hill Road,0,,0,,0,Dark,1127800,0,0,0,2,0,0,0,0,0,,0,0,Waikato Region,Nil,2-way,Sealed,0,0,0,0,100,0,None,0,0,,19,South Waikato District,Nil,0,0,0,1,0,0,Open,0,0,0,Light rain,Null
1867532,5713646,24801,,541720,0,,0,1,,Null,2005/2006,TITIRAUPENGA ST,PAORA HAPI ST,,Non-Injury Crash,No,2006,,East,,0,,Flat,,,,,,Bright sun,1273500,0,0,0,2,,,0,,,,,,Waikato Region,Nil,2-way,Sealed,,0,0,,50,,Null,0,0,,21,Taupo District,Give way,,,,,0,0,Urban,1,,,Fine,Null
1766928,5902796,24802,,524602,0,,0,2,,Null,2006/2007,KERRS ROAD,HOBILL AVENUE,,Non-Injury Crash,No,2006,,East,,0,,Flat,,,,,,Bright sun,780407,0,0,0,4,,,0,,,,,,Auckland Region,Nil,2-way,Sealed,,0,0,,70,,Off,0,0,,76,Auckland,Give way,,,,,0,0,Urban,0,,,Fine,Null
1758206,5909630,24803,,524002,0,,0,2,,Null,2005/2006,WALLACE ROAD,MUIR AVENUE,,Non-Injury Crash,No,2006,,North,,0,,Flat,,,,,,Overcast,723000,0,0,0,2,,,0,,,,,,Auckland Region,Nil,2-way,Sealed,,0,0,,50,,Off,0,0,,76,Auckland,Nil,,,,,0,0,Urban,0,,,Heavy rain,Null
1764207,5904824,24804,,522100,0,0,0,2,0,North,2005/2006,MARGARET ROAD,GIFFORD ROAD,,Non-Injury Crash,No,2006,0,East,0,0,0,Flat,0,,0,,0,Dark,659000,0,0,0,2,0,0,0,0,1,,0,0,Auckland Region,Nil,2-way,Sealed,0,0,0,0,50,0,None,0,0,,76,Auckland,Nil,0,0,0,0,0,0,Urban,0,0,0,Light rain,Null
1756442,5919379,24805,,514102,0,,0,2,,Null,2006/2007,KARANGAHAPE ROAD,HOWE ST,,Non-Injury Crash,No,2006,,East,,0,,Flat,,,,,,Twilight,436001,0,0,0,4,,,0,,,,,,Auckland Region,Nil,2-way,Sealed,,0,0,,50,,On,0,0,,76,Auckland,Traffic Signals,,,,,0,0,Urban,0,,,Light rain,Null
1745322,5920143,24806,,513301,0,,0,2,,North,2005/2006,LINCOLN ROAD,DAYTONA ROAD,,Non-Injury Crash,No,2006,,North,,0,,Flat,,,,,,Bright sun,230302,0,0,0,4,,,0,,,,,,Auckland Region,Nil,2-way,Sealed,,0,0,,50,,Off,0,0,,76,Auckland,Nil,,,,,1,0,Urban,0,,,Fine,Null
1758818,5905572,24807,,524200,0,0,0,2,0,Null,2006/2007,SH 20A,MONTGOMERIE ROAD,,Non-Injury Crash,Yes,2006,0,South,0,0,1,Flat,0,,0,,0,Dark,727600,0,0,0,4,0,0,0,0,0,,0,0,Auckland Region,Nil,2-way,Sealed,0,0,0,0,100,0,On,0,0,,76,Auckland,Traffic Signals,1,0,0,0,0,0,Open,0,0,0,Fine,Null
1570885,5179857,24808,,591500,0,,0,1,,Null,2006/2007,MANCHESTER ST,BEDFORD ROW,,Minor Crash,No,2006,,South,,0,,Flat,,,,,,Bright sun,2651800,1,0,1,3,,,0,,,,,,Canterbury Region,Nil,2-way,Sealed,,0,0,,50,,Null,0,0,,60,Christchurch City,Nil,,,,,0,0,Urban,0,,,Fine,Null
1786731,5879224,24809,75,521135,0,0,0,1,0,Null,2006/2007,MANGATAWHIRI ROAD,LYONS ROAD,,Non-Injury Crash,No,2006,0,West,0,0,1,Flat,0,,0,,0,Overcast,843300,0,0,0,2,0,0,0,0,0,,0,0,Waikato Region,Nil,2-way,Sealed,0,0,0,0,100,0,None,0,0,,13,Waikato District,Nil,0,0,0,0,0,0,Open,0,0,0,Light rain,Null
1834326,5854009,24810,,534200,0,0,0,1,0,North,2005/2006,SH 26,QUARRY ROAD,,Non-Injury Crash,Yes,2006,0,South,0,0,0,Flat,0,,0,,0,Overcast,1076601,0,0,0,2,0,0,0,0,0,,0,0,Waikato Region,Nil,2-way,Sealed,0,0,0,0,100,0,Null,0,0,,12,Hauraki District,Unknown,0,1,0,1,0,0,Open,0,0,0,Fine,Null
1796725,5781173,24811,,531303,0,0,0,1,0,East,2006/2007,KAWA ROAD,OURUWHERO ROAD,,Serious Crash,No,2006,0,West,1,0,0,Flat,0,Christmas New Year,0,,0,Overcast,995100,0,0,0,2,0,0,0,0,0,,0,0,Waikato Region,Nil,2-way,Sealed,0,0,1,0,100,0,Null,0,0,,18,Ōtorohanga District,Unknown,0,0,0,0,0,0,Open,0,0,0,Fine,Null
1950380,5791286,24812,,542440,0,,0,1,,East,2005/2006,DOMAIN ROAD,MCGARVEY ROAD,,Non-Injury Crash,No,2006,,West,,0,,Flat,,,,,,Bright sun,1307900,0,0,0,2,,,0,,,,,,Bay of Plenty Region,Nil,2-way,Sealed,,0,0,,50,,Null,0,0,,25,Whakatane District,Unknown,,,,,0,0,Urban,1,,,Fine,Null
1570984,5180038,24813,,591500,1,0,0,1,0,East,2005/2006,HEREFORD ST,LIVERPOOL ST,,Minor Crash,No,2006,0,East,0,0,0,Flat,0,,0,,0,Overcast,2651500,1,0,0,2,0,0,0,0,1,,0,0,Canterbury Region,Nil,2-way,Sealed,0,0,0,0,50,0,Null,0,0,,60,Christchurch City,Unknown,0,0,0,0,0,0,Urban,0,0,0,Fine,Null
1936987,5789288,24814,,542530,0,0,0,1,0,East,2005/2006,SH 2,EAST BANK ROAD,,Non-Injury Crash,Yes,2006,0,East,0,0,1,Flat,0,,0,,0,Overcast,1300100,0,0,0,2,0,0,0,1,0,,0,0,Bay of Plenty Region,Bridge,2-way,Sealed,0,0,0,0,100,0,None,0,0,,25,Whakatane District,Nil,0,0,0,0,0,0,Open,0,0,0,Fine,Null
1930100,5605661,24815,,548200,0,,0,2,,Null,2005/2006,NELSON ST NORTH,FITZROY AVENUE,,Minor Crash,No,2006,,North,,0,,Flat,,,,,,Overcast,1491100,1,0,0,2,,,0,,,,,,Hawke's Bay Region,Nil,2-way,Sealed,,0,0,,50,,Null,0,0,,30,Hastings District,Give way,,,,,0,0,Urban,0,,,Light rain,Null
1747227,5913479,24816,,511100,0,0,0,0,0,East,2005/2006,EVANS ROAD,CAPTAIN SCOTT ROAD,,Non-Injury Crash,No,2006,0,South,0,0,0,Flat,0,,1,,0,Dark,286600,0,0,0,2,0,0,0,0,0,,0,0,Auckland Region,Nil,2-way,Sealed,0,0,0,0,50,0,On,0,0,,76,Auckland,Nil,0,0,0,1,0,0,Urban,1,0,0,Fine,Null
1765922,5905621,24817,,522400,0,0,0,1,0,Null,2006/2007,CARRUTH ROAD,VICTORIA ROAD,,Minor Crash,No,2006,0,South,0,0,1,Flat,0,,1,,0,Dark,671801,2,0,0,2,0,0,0,0,0,,0,0,Auckland Region,Nil,2-way,Sealed,0,0,0,0,50,0,On,0,0,,76,Auckland,Stop,0,0,0,1,0,0,Urban,0,0,0,Fine,Null
1884209,5825177,24818,,536831,0,0,0,1,0,South,2005/2006,SH 2,GIRVEN ROAD,,Non-Injury Crash,Yes,2006,0,North,0,0,0,Flat,0,,0,,0,Overcast,1204403,0,0,0,4,0,0,0,0,0,,0,0,Bay of Plenty Region,Nil,2-way,Sealed,0,0,0,0,70,0,Null,0,0,,23,Tauranga City,Give way,1,1,0,0,0,0,Urban,0,0,0,Fine,Null