X,Y,OBJECTID,advisorySpeed,areaUnitID,bicycle,bridge,bus,carStationWagon,cliffBank,crashDirectionDescription,crashFinancialYear,crashLocation1,crashLocation2,crashRoadSideRoad,crashSeverity,crashSHDescription,crashYear,debris,directionRoleDescription,ditch,fatalCount,fence,flatHill,guardRail,holiday,houseOrBuilding,intersection,kerb,light,meshblockId,minorInjuryCount,moped,motorcycle,NumberOfLanes,objectThrownOrDropped,otherObject,otherVehicleType,overBank,parkedVehicle,pedestrian,phoneBoxEtc,postOrPole,region,roadCharacter,roadLane,roadSurface,roadworks,schoolBus,seriousInjuryCount,slipOrFlood,speedLimit,strayAnimal,streetLight,suv,taxi,temporarySpeedLimit,tlaId,tlaName,trafficControl,trafficIsland,trafficSign,train,tree,truck,unknownVehicleType,urban,vanOrUtility,vehicle,waterRiver,weatherA,weatherB
1763600,5920433,24819,,516500,0,0,0,1,1,West,2006/2007,TAMAKI DRIVE,KOHIMARAMA ROAD,,Minor Crash,No,2006,0,East,0,0,0,Flat,0,,0,,0,Dark,501301,1,0,0,2,0,0,0,0,0,,0,0,Auckland Region,Nil,2-way,Sealed,0,0,0,0,50,0,On,0,0,,76,Auckland,Nil,0,0,0,0,0,0,Urban,0,0,0,Heavy rain,Null
1884602,5774022,24820,,540410,0,0,0,0,0,Null,2006/2007,PUKUATUA ST,RANOLF ST,,Non-Injury Crash,No,2006,0,North,0,0,0,Flat,0,,0,,1,Bright sun,1233600,0,0,0,2,0,0,0,0,0,,1,0,Bay of Plenty Region,Nil,2-way,Sealed,0,0,0,0,50,0,Null,0,0,,24,Rotorua District,Give way,0,0,0,0,0,0,Urban,1,0,0,Fine,Null
1740523,5712116,24821,,550700,0,0,0,0,0,North,2006/2007,SH 3,MOHAKATINO ROAD,,Minor Crash,Yes,2006,0,South,0,0,1,Hill Road,0,,0,,0,Dark,1552401,1,0,0,2,0,0,0,0,0,,0,0,Taranaki Region,Nil,2-way,Sealed,0,0,0,0,100,0,None,0,0,,33,New Plymouth District,Nil,0,1,0,0,1,0,Open,0,0,0,Fine,Null
1757389,5920420,24822,,514102,0,0,0,1,0,Null,2005/2006,VICTORIA ST WEST,QUEEN ST,,Minor Crash,No,2006,0,North,0,0,0,Flat,0,,0,,0,Dark,433600,1,0,0,5,0,0,0,0,1,,0,0,Auckland Region,Nil,2-way,Sealed,0,0,0,0,50,0,On,1,0,,76,Auckland,Traffic Signals,0,0,0,0,0,0,Urban,0,0,0,Light rain,Null
1765038,5910359,24823,,521801,0,,0,2,,North,2006/2007,SH 1N,PRINCES OBR,,Non-Injury Crash,Yes,2006,,North,,0,,Flat,,,,,,Overcast,787200,0,0,0,3,,,0,,,,,,Auckland Region,Nil,1-way,Sealed,,0,0,,100,,Off,0,0,80,76,Auckland,Nil,,,,,0,0,Open,1,,,Fine,Null
1744033,5919097,24824,,513302,0,0,0,0,0,East,2006/2007,LARNOCH ROAD,MAWNEY ROAD,,Non-Injury Crash,No,2006,0,East,0,0,0,Flat,0,,0,,0,Bright sun,232900,0,0,0,2,0,0,0,0,1,,0,0,Auckland Region,Nil,2-way,Sealed,0,0,0,0,50,0,Off,0,0,,76,Auckland,Nil,0,0,0,0,1,0,Urban,1,0,0,Fine,Null
1333510,5057299,24825,,600831,0,,0,0,,Null,2005/2006,SH 8,LINDIS PASS SUMMIT,,Fatal Crash,Yes,2006,,East,,1,,Hill Road,,,,,,Bright sun,2851800,0,0,1,2,,,0,,,,,,Canterbury Region,Nil,2-way,Sealed,,0,0,,100,,Null,0,0,,68,Waitaki District,Unknown,,,,,1,0,Open,0,,,Fine,Null
1764220,5909937,24826,,521901,0,,0,2,,South,2006/2007,ATKINSON AVENUE,KING ST,,Non-Injury Crash,No,2006,,South,,0,,Flat,,,,,,Bright sun,783900,0,0,0,4,,,0,,,,,,Auckland Region,Nil,2-way,Sealed,,0,0,,50,,Null,0,0,,76,Auckland,Stop,,,,,0,0,Urban,0,,,Fine,Null
1765079,5910149,24827,,521801,0,0,0,1,0,North,2005/2006,SH 1N,OTAHUHU OFF NBD,,Non-Injury Crash,Yes,2006,0,North,0,0,0,Flat,1,,0,,0,Dark,787700,0,0,0,3,0,0,0,0,0,,0,0,Auckland Region,Nil,1-way,Sealed,0,0,0,0,100,0,On,0,0,80,76,Auckland,Nil,0,0,0,0,0,0,Open,0,0,0,Light rain,Null
1747255,5428026,24828,,575300,0,0,0,3,0,South,2005/2006,GLENMORE ST,THE RIGI N,,Non-Injury Crash,No,2006,0,North,0,0,0,Hill Road,0,,0,,0,Dark,2152501,0,0,0,2,0,0,0,0,1,,0,0,Wellington Region,Nil,2-way,Sealed,0,0,0,0,50,0,On,0,0,,47,Wellington City,Nil,0,0,0,0,0,0,Urban,0,0,0,Fine,Frost
1935048,5620036,24829,,546600,0,,0,2,,Null,2006/2007,RIVERBEND ROAD,KENNEDY ROAD,,Minor Crash,No,2006,,South,,0,,Flat,,,,,,Twilight,1438100,2,0,0,3,,,0,,,,,,Hawke's Bay Region,Nil,2-way,Sealed,,0,0,,50,,On,0,0,,31,Napier City,Traffic Signals,,,,,0,0,Urban,0,,,Fine,Null
1748964,5426124,24830,,576500,0,,0,1,,South,2005/2006,ADELAIDE ROAD,GIRTON TERRACE,,Minor Crash,No,2006,,North,,0,,Flat,,,,,,Bright sun,2148100,1,0,1,4,,,0,,,,,,Wellington Region,Nil,2-way,Sealed,,0,0,,50,,Null,0,0,,47,Wellington City,Nil,,,,,0,0,Urban,0,,,Fine,Null
1751474,5434664,24831,,573700,0,,0,2,,Null,2006/2007,JOHNSONVILLE ROAD,DISRAELI ST,,Minor Crash,No,2006,,South,,0,,Flat,,,,,,Dark,2082900,3,0,0,3,,,0,,,,,,Wellington Region,Nil,2-way,Sealed,,0,0,,50,,On,0,0,,47,Wellington City,Nil,,,,,0,0,Urban,0,,,Heavy rain,Strong wind
1753890,5444821,24832,,570800,0,0,0,2,0,West,2005/2006,PROSSER ST,MOHUIA CRESCENT,,Minor Crash,No,2006,0,East,0,0,0,Flat,0,,1,,0,Bright sun,2052300,1,0,0,2,0,0,0,0,1,,0,0,Wellington Region,Nil,2-way,Sealed,0,0,0,0,50,0,Null,0,0,,44,Porirua City,Nil,0,0,0,0,0,0,Urban,0,0,0,Fine,Null
1545228,5307869,24833,,584703,0,0,0,0,1,East,2006/2007,SH 7,MARUIA SPRINGS HOTEL,,Minor Crash,Yes,2006,0,West,0,0,0,Hill Road,0,,0,,0,Overcast,2398300,1,0,1,2,0,0,0,0,0,,0,0,West Coast Region,Nil,2-way,Sealed,0,0,0,0,100,0,Null,0,0,,55,Buller District,Unknown,0,0,0,0,0,0,Open,0,0,0,Fine,Null
1760299,5903500,24834,,524200,0,,0,1,,North,2006/2007,TOM PEARCE DRIVE,PUHINUI ROAD,,Non-Injury Crash,No,2006,,South,,0,,Flat,,,,,,Bright sun,727200,0,0,0,2,,,0,,,,,,Auckland Region,Nil,2-way,Sealed,,0,0,,50,,None,0,0,,76,Auckland,Nil,,,,,1,0,Urban,0,,,Fine,Null
1794457,5501735,24835,,564240,0,0,0,1,0,Null,2006/2007,HIGHFIELD PLACE,CAMBRIDGE ST,,Minor Crash,No,2006,0,North,0,0,0,Flat,0,,0,,0,Overcast,1862800,1,0,0,2,0,0,0,0,0,,0,1,Manawatū-Whanganui Region,Nil,2-way,Sealed,0,0,0,0,50,0,Null,0,0,,42,Horowhenua District,Nil,0,0,0,0,0,0,Urban,0,0,0,Light rain,Null
1776369,5581197,24836,,557300,0,0,0,1,0,North,2005/2006,MITCHELL ST,SOMME PARADE,,Minor Crash,No,2006,0,South,0,0,0,Flat,0,,0,,0,Bright sun,1709500,1,0,0,2,0,0,0,0,0,,0,1,Manawatū-Whanganui Region,Nil,2-way,Sealed,0,0,0,0,50,0,Null,0,0,,37,Whanganui District,Nil,0,0,0,0,0,0,Urban,0,0,0,Fine,Null
1760116,5908830,24837,,524403,0,,0,2,,Null,2006/2007,WALMSLEY ROAD,MAHUNGA DRIVE,,Minor Crash,No,2006,,East,,0,,Flat,,,,,,Dark,729500,1,0,0,4,,,0,,,,,,Auckland Region,Nil,2-way,Sealed,,0,0,,50,,On,0,0,,76,Auckland,Traffic Signals,,,,,0,0,Urban,0,,,Heavy rain,Null
1928541,5606511,24838,,547800,1,,0,1,,South,2005/2006,OMAHU ROAD,HAPUKA ST,,Serious Crash,No,2006,,South,,0,,Flat,,,,,,Dark,1477700,0,0,0,2,,,0,,,,,,Hawke's Bay Region,Nil,2-way,Sealed,,0,1,,50,,On,0,0,,30,Hastings District,Nil,,,,,0,0,Urban,0,,,Fine,Null
1800858,5821593,24839,,527009,0,,0,1,,West,2005/2006,THOMAS ROAD,SEXTON ROAD,,Minor Crash,No,2006,,West,,0,,Flat,,,,,,Bright sun,952314,1,0,0,2,,,0,,,1,,,Waikato Region,Nil,2-way,Sealed,,0,0,,60,,Off,0,0,,16,Hamilton City,Nil,,,,,0,0,Urban,0,,,Fine,Null
1754030,5931358,24840,,508803,0,,0,0,,Null,2006/2007,UPPER HWY OFF NBD W,SH 18,,Minor Crash,Yes,2006,,North,,0,,Flat,,,,,,Bright sun,180818,1,0,0,1,,,0,,,1,,,Auckland Region,Motorway ramp,1-way,Sealed,,0,0,,50,,Off,0,0,,76,Auckland,Give way,,,,,0,0,Urban,1,,,Fine,Null
1755592,5920380,24841,,514000,0,,0,2,,North,2005/2006,ARTHUR ST,PEMBER REEVES ST,,Non-Injury Crash,No,2006,,South,,0,,Flat,,,,,,Dark,415600,0,0,0,2,,,0,,,,,,Auckland Region,Nil,2-way,Sealed,,0,0,,50,,On,0,0,,76,Auckland,Nil,,,,,0,0,Urban,0,,,Fine,Null
1752099,5432249,24842,,574002,0,0,0,1,0,South,2005/2006,SH 2,NGAURANGA ON NBD,,Non-Injury Crash,Yes,2006,0,South,0,0,0,Flat,1,,0,,0,Overcast,2078302,0,0,0,2,0,0,0,0,0,,0,0,Wellington Region,Nil,1-way,Sealed,0,0,0,0,100,0,Null,0,0,,47,Wellington City,Nil,0,0,0,0,0,0,Open,0,0,0,Light rain,Strong wind
1768159,5907854,24843,,523502,0,,0,0,,North,2005/2006,EAST TAMAKI ROAD,PRESTON ROAD,,Non-Injury Crash,No,2006,,North,,0,,Flat,,,,,,Bright sun,703800,0,0,0,4,,,0,,,,,,Auckland Region,Nil,2-way,Sealed,,0,0,,60,,Off,0,0,,76,Auckland,Nil,,,,,0,0,Urban,2,,,Fine,Null
1756822,5913458,24844,,518702,0,,0,1,,South,2006/2007,HILLSBOROUGH ROAD,MOUNT ALBERT ROAD,,Non-Injury Crash,No,2006,,North,,0,,Flat,,,,,,Bright sun,567500,0,0,0,2,,,0,,,,,,Auckland Region,Nil,2-way,Sealed,,0,0,,50,,Off,0,0,,76,Auckland,Nil,,,,,1,0,Urban,0,,,Fine,Null
1742721,5997431,24845,45,506660,0,0,0,1,0,South,2005/2006,MANGAWHAI ROAD,CARTER ROAD,,Minor Crash,No,2006,0,North,1,0,0,Hill Road,0,,0,,0,Bright sun,135201,3,0,0,2,0,0,0,0,0,,0,0,Auckland Region,Nil,2-way,Sealed,0,0,0,0,100,0,None,0,0,,76,Auckland,Nil,0,0,0,0,0,0,Open,0,0,0,Light rain,Null
1772926,5444661,24846,,567300,1,,0,1,,North,2005/2006,SEDDON ST,WARD ST,,Minor Crash,No,2006,,North,,0,,Flat,,,,,,Overcast,1893200,1,0,0,2,,,0,,,,,,Wellington Region,Nil,2-way,Unsealed,,0,0,,50,,Null,0,1,,45,Upper Hutt City,Nil,,,,,0,0,Urban,0,,,Fine,Null
1757143,5920513,24847,,514102,0,,0,2,,West,2005/2006,VICTORIA ST WEST,FEDERAL ST,,Non-Injury Crash,No,2006,,West,,0,,Flat,,Queens Birthday,,,,Overcast,433404,0,0,0,2,,,0,,,,,,Auckland Region,Nil,2-way,Sealed,,0,0,,50,,Off,0,1,,76,Auckland,Nil,,,,,1,0,Urban,0,,,Null,Null
1885189,5774205,24848,,540410,0,,0,2,,Null,2005/2006,FENTON ST,ARAWA ST,,Non-Injury Crash,No,2006,,North,,0,,Flat,,,,,,Dark,1233400,0,0,0,4,,,0,,,,,,Bay of Plenty Region,Nil,2-way,Sealed,,0,0,,50,,On,0,0,,24,Rotorua District,Give way,,,,,0,0,Urban,0,,,Fine,Null
1762216,5916286,24849,,516302,0,0,0,2,0,North,2006/2007,GRAND DRIVE,ABBOTTS WAY,,Non-Injury Crash,No,2006,0,South,0,0,0,Flat,0,,0,,0,Bright sun,463703,0,0,0,2,0,0,0,0,1,,0,0,Auckland Region,Nil,2-way,Sealed,0,0,0,0,50,0,Null,0,0,,76,Auckland,Unknown,0,0,0,0,0,0,Urban,0,0,0,Fine,Null
1821699,5529224,24850,,562800,0,0,0,2,0,South,2005/2006,Z CPK THE PLAZA,FITZHERBERT/THE SQUARE,,Non-Injury Crash,No,2006,0,North,0,0,0,Flat,0,,0,,0,Overcast,1828700,0,0,0,0,0,0,0,0,1,,0,0,Manawatū-Whanganui Region,Nil,Off road,Sealed,0,0,0,0,50,0,Null,0,0,,40,Palmerston North City,Nil,0,0,0,0,0,0,Urban,0,0,0,Fine,Null
2070018,5795773,24851,,543302,0,0,0,0,0,North,2005/2006,WAIOMATATINI ROAD,WALKER ROAD,,Non-Injury Crash,No,2006,0,South,0,0,0,Flat,0,,0,,0,Bright sun,1345900,0,0,0,2,0,0,0,0,0,,0,0,Gisborne Region,Nil,2-way,Unsealed,0,0,0,0,100,0,Null,0,0,,28,Gisborne District,Nil,0,0,0,1,0,0,Open,1,0,0,Fine,Null
1754254,5918542,24852,,515431,0,,0,2,,Null,2005/2006,BULLOCK TRACK,GREAT NORTH ROAD,,Non-Injury Crash,No,2006,,East,,0,,Flat,,,,,,Bright sun,405000,0,0,0,4,,,0,,,,,,Auckland Region,Nil,2-way,Sealed,,0,0,,50,,Off,0,0,,76,Auckland,Stop,,,,,0,0,Urban,0,,,Fine,Null
1570333,5388223,24853,,581842,0,0,0,0,1,South,2005/2006,SH 6,LAMB VALLEY ROAD,,Serious Crash,Yes,2006,0,South,0,0,0,Flat,0,,0,,0,Bright sun,2375302,0,0,0,2,0,0,0,0,0,,0,0,Tasman Region,Nil,2-way,Sealed,0,0,2,0,100,0,Null,0,0,,51,Tasman District,Nil,0,0,0,0,1,0,Open,0,0,0,Fine,Null
1237431,4881332,24854,,610040,0,0,0,2,0,Null,2005/2006,SH 96,WINTON SUBSTATION ROAD,,Serious Crash,Yes,2006,0,East,0,0,1,Flat,0,,0,,0,Bright sun,3074703,1,0,0,2,0,0,0,0,0,,0,0,Southland Region,Nil,2-way,Sealed,0,0,1,0,100,0,Null,0,0,,73,Southland District,Stop,0,0,0,1,0,0,Open,0,0,0,Fine,Null
1771159,5445609,24855,75,567500,0,,0,2,,Null,2006/2007,SH 2,MOONSHINE ROAD,,Minor Crash,Yes,2006,,West,,0,,Flat,,,,,,Bright sun,1888200,1,0,0,3,,,0,,,,,,Wellington Region,Nil,2-way,Sealed,,0,0,,100,,Null,0,0,,45,Upper Hutt City,Stop,,,,,0,0,Open,0,,,Fine,Null
1801457,5815457,24856,,530100,0,,0,2,,West,2005/2006,RIRO ST,RIVER ROAD,,Non-Injury Crash,No,2006,,East,,0,,Hill Road,,,,,,Dark,894300,0,0,0,2,,,0,,,,,,Waikato Region,Nil,2-way,Sealed,,0,0,,50,,On,0,1,,16,Hamilton City,Give way,,,,,0,0,Urban,0,,,Mist or Fog,Null
2036949,5708674,24857,,544600,0,,0,2,,Null,2005/2006,GLADSTONE ROAD,COBDEN ST,,Non-Injury Crash,No,2006,,West,,0,,Flat,,,,,,Bright sun,1373900,0,0,0,2,,,0,,,,,,Gisborne Region,Nil,2-way,Sealed,,0,0,,50,,Null,0,0,,28,Gisborne District,Give way,,,,,0,0,Urban,0,,,Fine,Null
1763795,5913064,24858,,520402,0,,0,2,,South,2006/2007,MOUNT WELLINGTON HIGHWAY,LONGFORD ST,,Minor Crash,No,2006,,North,,0,,Flat,,,,,,Dark,641502,2,0,0,4,,,0,,,,,,Auckland Region,Nil,2-way,Sealed,,0,0,,50,,On,0,0,,76,Auckland,Nil,,,,,0,0,Urban,0,,,Fine,Null
1824277,5897055,24859,,533604,0,0,0,0,0,North,2006/2007,SH 25,FIRTH VIEW ROAD,,Non-Injury Crash,Yes,2006,0,North,0,0,0,Hill Road,0,,0,,0,Overcast,1056801,0,0,0,2,0,0,0,1,0,,0,0,Waikato Region,Nil,2-way,Sealed,0,0,0,0,50,0,Null,1,0,,11,Thames-Coromandel District,Nil,0,0,0,1,0,0,Urban,0,0,0,Fine,Null
1789147,5764368,24860,,531731,0,0,0,1,0,West,2006/2007,SH 37,HAURUA ROAD,,Minor Crash,Yes,2006,0,East,1,0,1,Flat,0,,0,,0,Bright sun,1020002,1,0,0,2,0,0,0,0,0,,0,0,Waikato Region,Nil,2-way,Sealed,0,0,0,0,100,0,Null,0,0,,20,Waitomo District,Unknown,0,0,0,0,0,0,Open,0,0,0,Fine,Null
1762038,5906018,24861,,524200,0,0,0,0,0,West,2006/2007,TIDAL ROAD,WAOKAURI PLACE,,Minor Crash,No,2006,0,North,0,0,1,Flat,0,,0,,0,Bright sun,728900,3,0,0,2,0,0,0,0,1,,0,0,Auckland Region,Nil,2-way,Sealed,0,0,0,0,50,0,Off,1,0,,76,Auckland,Nil,0,0,0,0,0,0,Urban,1,0,0,Fine,Strong wind
1923072,5611687,24862,,545822,0,,0,1,,South,2005/2006,Z PVT PROPERTY,SH 50/TAIHAPE ROAD,,Minor Crash,No,2006,,East,,0,,Flat,,,,,,Overcast,1409300,1,0,0,0,,,0,,,1,,,Hawke's Bay Region,Nil,Off road,Sealed,,0,0,,100,,Null,0,0,,30,Hastings District,Nil,,,,,0,0,Open,0,,,Fine,Null
1772439,5575961,24863,,556000,0,0,0,1,0,West,2006/2007,HEADS ROAD,BEACH ROAD,,Minor Crash,No,2006,0,West,0,0,0,Flat,0,,0,,0,Bright sun,1716601,1,0,0,2,0,0,0,0,1,,0,0,Manawatū-Whanganui Region,Nil,2-way,Sealed,0,0,0,0,50,0,Null,1,0,,37,Whanganui District,Nil,0,0,0,0,0,0,Urban,0,0,0,Fine,Null
1405818,4917143,24864,,603100,1,,0,1,,Null,2005/2006,STUART ST,CARGILL ST,,Minor Crash,No,2006,,South,,0,,Hill Road,,,,,,Overcast,2902500,2,0,0,4,,,0,,,,,,Otago Region,Nil,2-way,Sealed,,0,0,,50,,Null,0,0,,71,Dunedin City,Stop,,,,,0,0,Urban,0,,,Heavy rain,Null
1756644,5912795,24865,,518702,0,,0,1,,East,2006/2007,SH 20,HILLSBOROUGH OBR,,Non-Injury Crash,Yes,2006,,West,,0,,Flat,,,,,,Bright sun,570100,0,0,0,3,,,0,,,,,,Auckland Region,Nil,2-way,Sealed,,0,0,,100,,None,1,0,,76,Auckland,Nil,,,,,0,0,Open,0,,,Fine,Null
1655382,5304287,24866,,581400,0,,0,1,,East,2005/2006,SH 1S,SOUTH BAY PARADE,,Minor Crash,Yes,2006,,West,,0,,Hill Road,,Queens Birthday,,,,Dark,2313500,1,0,0,2,,,0,,,1,,,Canterbury Region,Nil,2-way,Sealed,,0,0,,100,,None,0,0,,54,Kaikoura District,Nil,,,,,0,0,Open,0,,,Fine,Null
1757575,5919779,24867,,514103,0,,0,1,,Null,2005/2006,SYMONDS ST,MOUNT ST,,Serious Crash,No,2006,,North,,0,,Hill Road,,,,,,Overcast,436904,0,0,0,4,,,0,,,1,,,Auckland Region,Nil,2-way,Sealed,,0,1,,50,,Off,0,0,,76,Auckland,Give way,,,,,0,0,Urban,0,,,Fine,Null
1756371,5920235,24868,,514000,0,,0,1,,North,2005/2006,SH 1N,WELLINGTON ON NBD,,Non-Injury Crash,Yes,2006,,North,,0,,Flat,,,,,,Bright sun,416800,0,0,0,2,,,0,,,,,,Auckland Region,Nil,1-way,Sealed,,0,0,,80,,Off,0,0,,76,Auckland,Nil,,,,,1,0,Open,0,,,Light rain,Null
1567093,5177485,24869,,595300,0,0,0,1,0,South,2005/2006,SH 75 HALSWELL,CURLETTS ROAD,,Minor Crash,Yes,2006,0,North,0,0,1,Flat,0,,0,,1,Twilight,2629302,1,0,0,2,0,0,0,0,0,,0,0,Canterbury Region,Nil,2-way,Sealed,0,0,0,0,50,0,Off,0,0,,60,Christchurch City,Traffic Signals,1,1,0,0,0,0,Urban,0,0,0,Fine,Null
1871441,5782978,24870,,538863,0,0,0,1,1,North,2005/2006,SH 5,DALBETH ROAD,,Non-Injury Crash,Yes,2006,0,North,0,0,0,Hill Road,0,,0,,0,Overcast,1265501,0,0,0,2,0,0,0,0,0,,0,0,Bay of Plenty Region,Nil,2-way,Sealed,0,0,0,0,100,0,Null,0,0,30,24,Rotorua District,Unknown,0,0,0,0,1,0,Open,0,0,0,Light rain,Null
1819504,5528202,24871,,562910,1,,0,1,,Null,2005/2006,PIONEER HIGHWAY,MONRAD ST,,Minor Crash,No,2006,,East,,0,,Flat,,,,,,Bright sun,1800900,1,0,0,2,,,0,,,,,,Manawatū-Whanganui Region,Nil,2-way,Sealed,,0,0,,50,,Null,0,0,,40,Palmerston North City,Nil,,,,,0,0,Urban,0,,,Fine,Null
1757777,5444691,24872,,571400,0,,0,1,,North,2006/2007,WARSPITE AVENUE,CORINNA ST S,,Minor Crash,No,2006,,North,,0,,Hill Road,,,,,,Overcast,2060600,1,0,0,2,,,0,,,1,,,Wellington Region,Nil,2-way,Sealed,,0,0,,50,,Null,0,0,,44,Porirua City,Nil,,,,,0,0,Urban,0,,,Light rain,Null
1762799,5918934,24873,,516400,0,0,0,1,0,East,2005/2006,KEPA ROAD,KURAHAUPO ST,,Non-Injury Crash,No,2006,0,South,0,0,1,Hill Road,0,,0,,0,Dark,497800,0,0,0,2,0,0,0,0,0,,0,0,Auckland Region,Nil,2-way,Sealed,0,0,0,0,50,0,On,0,0,,76,Auckland,Nil,0,0,0,0,0,0,Urban,0,0,0,Fine,Null
1757271,5930612,24874,,507710,0,0,0,0,0,East,2006/2007,BRAEMAR ROAD,STRATHMOOR DRIVE,,Minor Crash,No,2006,0,East,0,0,1,Hill Road,0,Christmas New Year,0,,0,Overcast,314300,1,0,0,2,0,0,0,0,0,,0,1,Auckland Region,Nil,2-way,Sealed,0,0,0,0,50,0,Off,0,0,,76,Auckland,Nil,0,0,0,0,0,0,Urban,1,0,0,Heavy rain,Null
1761756,5906573,24875,,524520,0,,0,2,,East,2005/2006,MASSEY ROAD,MASSEY ON SBD,,Non-Injury Crash,No,2006,,West,,0,,Flat,,,,,,Bright sun,736300,0,0,0,2,,,0,,,,,,Auckland Region,Nil,2-way,Sealed,,0,0,,50,,Off,0,0,,76,Auckland,Traffic Signals,,,,,0,0,Urban,0,,,Null,Null
1926767,5605847,24876,,545761,0,0,0,1,0,North,2005/2006,YORK ROAD,MARAEKAKAHO ROAD,,Minor Crash,No,2006,0,South,1,0,0,Flat,0,,0,,0,Dark,1469905,1,0,0,2,0,0,0,0,0,,0,0,Hawke's Bay Region,Nil,2-way,Sealed,0,0,0,0,100,0,None,0,0,,30,Hastings District,Nil,0,0,0,0,0,0,Open,0,0,0,Fine,Null
1570779,5179215,24877,,591500,0,,0,1,,North,2005/2006,Z CPK PAK N SAVE,MOORHOUSE AVENUE,,Minor Crash,No,2006,,East,,0,,Flat,,,,,,Overcast,2649700,1,0,0,0,,,0,,,1,,,Canterbury Region,Nil,Off road,Sealed,,0,0,,30,,Null,0,0,,60,Christchurch City,Unknown,,,,,0,0,Urban,0,,,Fine,Null
1840752,5820613,24878,,534604,0,0,0,1,1,South,2005/2006,SH 27,WALTON ROAD,,Non-Injury Crash,Yes,2006,0,North,1,0,0,Flat,0,,0,,0,Dark,1098300,0,0,0,2,0,0,0,0,0,,0,0,Waikato Region,Nil,2-way,Sealed,0,0,0,0,100,0,None,0,0,,15,Matamata-Piako District,Unknown,0,0,0,0,0,0,Open,0,0,0,Fine,Null
1763688,5912640,24879,,520500,0,,0,1,,South,2006/2007,MT WGTN ON NBD,SH 1N,,Non-Injury Crash,Yes,2006,,West,,0,,Hill Road,,,,,,Overcast,637300,0,0,0,1,,,0,,,,,,Auckland Region,Motorway ramp,1-way,Sealed,,0,0,,100,,Off,0,0,,76,Auckland,Nil,,,,,1,0,Open,0,,,Fine,Null
1755486,5929109,24880,,508420,0,0,0,1,1,North,2006/2007,SH 1N,TRISTRAM OBR,,Minor Crash,Yes,2006,0,North,0,0,0,Flat,1,,0,,0,Dark,183800,1,0,0,3,0,0,0,0,0,,0,0,Auckland Region,Nil,1-way,Sealed,0,0,0,0,100,0,On,0,0,,76,Auckland,Nil,0,0,0,1,0,0,Open,0,0,0,Fine,Null
1756987,5926217,24881,,509702,0,,0,1,,South,2005/2006,SH 1N,NORTHCOTE OFF NBD,,Non-Injury Crash,Yes,2006,,North,,0,,Flat,,,,,,Bright sun,364602,0,0,0,3,,,0,,,,,,Auckland Region,Nil,1-way,Sealed,,0,0,,80,,Off,1,0,,76,Auckland,Nil,,,,,0,0,Open,0,,,Fine,Null
1755422,5935924,24882,,507000,0,,0,2,,Null,2006/2007,CARLISLE ROAD,FIRTH ROAD,,Non-Injury Crash,No,2006,,North,,0,,Hill Road,,,,,,Bright sun,163300,0,0,0,2,,,0,,,,,,Auckland Region,Nil,2-way,Sealed,,0,0,,50,,Off,0,0,,76,Auckland,Give way,,,,,0,0,Urban,0,,,Fine,Null
1751892,5930874,24883,,508807,0,0,0,2,0,Null,2005/2006,ALBANY HIGHWAY,BUSH ROAD,,Non-Injury Crash,No,2006,0,West,0,0,0,Hill Road,0,,0,,0,Bright sun,180809,0,0,0,3,0,0,0,0,0,,0,0,Auckland Region,Nil,2-way,Sealed,0,0,0,0,50,0,Off,0,0,,76,Auckland,Give way,1,0,0,0,0,0,Urban,0,0,0,Light rain,Null
1405997,4917003,24884,,603100,0,,0,1,,Null,2006/2007,SMITH ST,STUART ST,,Serious Crash,No,2006,,East,,0,,Hill Road,,,,,,Bright sun,2903600,0,0,0,4,,,0,,,1,,,Otago Region,Nil,2-way,Sealed,,0,1,,50,,Null,0,0,,71,Dunedin City,Traffic Signals,,,,,0,0,Urban,0,,,Fine,Null
1750938,5944231,24885,45,506003,0,0,0,0,2,East,2005/2006,DUCK CREEK ROAD,SPUR ROAD,,Minor Crash,No,2006,0,East,0,0,0,Flat,0,,0,,0,Twilight,175702,1,0,0,2,0,0,0,0,0,,0,0,Auckland Region,Nil,2-way,Sealed,0,0,0,0,80,0,None,2,0,,76,Auckland,Nil,0,0,0,0,0,0,Open,0,0,0,Fine,Frost
1800064,5816114,24886,,529700,0,,0,2,,Null,2005/2006,MILL ST,WILLOUGHBY ST,,Non-Injury Crash,No,2006,,East,,0,,Flat,,,,,,Dark,909500,0,0,0,4,,,0,,,,,,Waikato Region,Nil,2-way,Sealed,,0,0,,50,,On,0,0,,16,Hamilton City,Traffic Signals,,,,,0,0,Urban,0,,,Fine,Null
1974534,5785352,24887,,542906,0,0,0,1,1,North,2005/2006,SH 2,BAIRDS ROAD,,Non-Injury Crash,Yes,2006,0,North,0,0,0,Flat,0,,0,,0,Dark,1337401,0,0,0,2,0,0,0,0,0,,0,0,Bay of Plenty Region,Nil,2-way,Sealed,0,0,0,0,100,0,None,0,0,,27,Ōpōtiki District,Unknown,0,0,0,0,0,0,Open,0,0,0,Light rain,Null
1568822,5177937,24888,,595000,0,0,0,1,0,West,2005/2006,HOWARD ST,LIMBURG LANE,,Minor Crash,No,2006,0,West,0,0,0,Flat,0,,0,,0,Dark,2642800,1,0,0,2,0,0,0,0,1,,0,0,Canterbury Region,Nil,2-way,Sealed,0,0,0,0,50,0,On,0,0,,60,Christchurch City,Unknown,0,0,0,0,1,0,Urban,0,0,0,Light rain,Null