X,Y,OBJECTID,advisorySpeed,areaUnitID,bicycle,bridge,bus,carStationWagon,cliffBank,crashDirectionDescription,crashFinancialYear,crashLocation1,crashLocation2,crashRoadSideRoad,crashSeverity,crashSHDescription,crashYear,debris,directionRoleDescription,ditch,fatalCount,fence,flatHill,guardRail,holiday,houseOrBuilding,intersection,kerb,light,meshblockId,minorInjuryCount,moped,motorcycle,NumberOfLanes,objectThrownOrDropped,otherObject,otherVehicleType,overBank,parkedVehicle,pedestrian,phoneBoxEtc,postOrPole,region,roadCharacter,roadLane,roadSurface,roadworks,schoolBus,seriousInjuryCount,slipOrFlood,speedLimit,strayAnimal,streetLight,suv,taxi,temporarySpeedLimit,tlaId,tlaName,trafficControl,trafficIsland,trafficSign,train,tree,truck,unknownVehicleType,urban,vanOrUtility,vehicle,waterRiver,weatherA,weatherB
1764102,5910446,24889,,521801,0,,0,2,,North,2005/2006,ATKINSON AVENUE,LUKE ST,,Non-Injury Crash,No,2006,,North,,0,,Flat,,,,,,Overcast,786600,0,0,0,2,,,0,,,,,,Auckland Region,Nil,2-way,Sealed,,0,0,,50,,Null,0,0,,76,Auckland,Unknown,,,,,0,0,Urban,0,,,Fine,Null
1590489,5459168,24890,,581833,0,,0,1,,North,2005/2006,SH 60,BATES ROAD,,Serious Crash,Yes,2006,,North,,0,,Flat,,,,,,Bright sun,2367001,0,0,1,2,,,0,,,,,,Tasman Region,Nil,2-way,Sealed,,0,1,,100,,Null,0,0,,51,Tasman District,Nil,,,,,0,0,Open,0,,,Fine,Null
1747966,5944758,24891,,506201,0,0,0,0,0,North,2005/2006,DAIRY FLAT HIGHWAY,STEVENSONS CRESCENT,,Non-Injury Crash,No,2006,0,East,1,0,0,Hill Road,0,,0,,0,Bright sun,176801,0,0,0,3,0,0,0,0,0,,0,0,Auckland Region,Nil,2-way,Sealed,0,0,0,0,70,0,Off,0,0,,76,Auckland,Nil,0,0,0,0,0,0,Urban,1,0,0,Fine,Null
1764992,5461301,24892,,566200,0,,0,2,,North,2006/2007,SH 1N,BEACH ROAD,,Minor Crash,Yes,2006,,North,,0,,Flat,,Labour Weekend,,,,Overcast,2009100,1,0,0,2,,,0,,,,,,Wellington Region,Nil,2-way,Sealed,,0,0,,80,,Null,0,0,,43,Kapiti Coast District,Nil,,,,,0,0,Open,1,,,Light rain,Null
1751748,5926849,24893,,510210,0,,0,2,,North,2006/2007,BIRKDALE ROAD,LEVESQUE ST,,Non-Injury Crash,No,2006,,South,,0,,Flat,,,,,,Dark,347300,0,0,0,2,,,0,,,,,,Auckland Region,Nil,2-way,Sealed,,0,0,,50,,On,0,0,,76,Auckland,Unknown,,,,,0,0,Urban,0,,,Fine,Null
1743534,5919030,24894,,513213,0,0,0,1,0,Null,2005/2006,METCALFE ROAD,ALI PLACE,,Non-Injury Crash,No,2006,0,East,0,0,1,Flat,0,,0,,0,Dark,236004,0,0,0,2,0,0,0,0,0,,0,0,Auckland Region,Nil,2-way,Sealed,0,0,0,0,50,0,On,0,0,,76,Auckland,Stop,0,0,0,0,1,0,Urban,0,0,0,Light rain,Null
1573395,5204514,24895,,586124,0,,1,1,,North,2006/2007,SH 1S,WAIHORA CRK CV,,Fatal Crash,Yes,2006,,South,,1,,Flat,,,,,,Bright sun,2446805,0,0,0,2,,,0,,,,,,Canterbury Region,Nil,2-way,Sealed,,0,0,,100,,Null,0,0,,59,Waimakariri District,Unknown,,,,,0,0,Open,0,,,Fine,Null
1784405,5863799,24896,,527210,0,0,0,1,1,North,2006/2007,SH 1N,HAMPTON DOWNS OBR,,Non-Injury Crash,Yes,2006,0,North,0,0,0,Flat,0,,0,,0,Bright sun,935600,0,0,0,4,0,0,0,0,0,,0,0,Waikato Region,Nil,2-way,Sealed,0,0,0,0,100,0,Null,0,0,,13,Waikato District,Unknown,0,0,0,0,0,0,Open,0,0,0,Fine,Null
1822914,5928825,24897,,533100,0,,0,1,,Null,2006/2007,WHARF ROAD,TIKI ROAD,,Non-Injury Crash,No,2006,,North,,0,,Flat,,,,,,Bright sun,1044500,0,0,0,3,,,0,,,,,,Waikato Region,Nil,2-way,Sealed,,0,0,,50,,Off,0,0,,11,Thames-Coromandel District,Stop,,,,,1,0,Urban,0,,,Fine,Null
1757387,5444755,24898,,571300,1,,0,1,,North,2006/2007,CASTOR CRESCENT,WARSPITE AVENUE,,Minor Crash,No,2006,,West,,0,,Flat,,,,,,Bright sun,2062100,1,0,0,2,,,0,,,,,,Wellington Region,Nil,2-way,Sealed,,0,0,,50,,Null,0,0,,44,Porirua City,Nil,,,,,0,0,Urban,0,,,Fine,Null
1818557,5805777,24899,,527133,0,,0,2,,West,2005/2006,WATKINS ROAD,ZIG ZAG ROAD,,Minor Crash,No,2006,,North,,0,,Flat,,,,,,Bright sun,959109,2,0,0,2,,,0,,,,,,Waikato Region,Nil,2-way,Sealed,,0,0,,100,,Null,0,0,,17,Waipa District,Unknown,,,,,0,0,Open,0,,,Fine,Null
1752095,5925233,24900,,510220,0,,0,1,,Null,2005/2006,RANGATIRA ROAD,BIRKDALE ROAD,,Non-Injury Crash,No,2006,,South,,0,,Hill Road,,,,,,Twilight,349905,0,0,1,4,,,0,,,,,,Auckland Region,Nil,2-way,Sealed,,0,0,,50,,Off,0,0,,76,Auckland,Give way,,,,,0,0,Urban,0,,,Fine,Null
1751840,5424666,24901,,577302,0,0,0,2,0,East,2006/2007,Z FCT SHELL,MIRAMAR/TAHINU,,Minor Crash,No,2006,0,South,0,0,0,Flat,0,,0,,0,Overcast,2206004,1,0,0,0,0,0,0,0,1,1,0,0,Wellington Region,Nil,Off road,Sealed,0,0,0,0,50,0,Null,0,0,,47,Wellington City,Nil,0,0,0,0,0,0,Urban,0,0,0,Fine,Null
1493050,5179743,24902,,587100,0,,0,1,,East,2005/2006,SH 77,RAKAIA GORGE NO1 BR,,Minor Crash,Yes,2006,,East,,0,,Hill Road,,,,,,Bright sun,2460800,2,0,0,2,,,0,,,,,,Canterbury Region,Nil,2-way,Sealed,,0,0,,100,,Null,0,0,,62,Selwyn District,Unknown,,,,,0,0,Open,1,,,Fine,Null
1820306,5528642,24903,,562910,0,,0,2,,Null,2006/2007,BOTANICAL ROAD,PIONEER HIGHWAY,,Minor Crash,No,2006,,West,,0,,Flat,,,,,,Bright sun,1801400,2,0,0,2,,,0,,,,,,Manawatū-Whanganui Region,Nil,2-way,Sealed,,0,0,,50,,Null,0,0,,40,Palmerston North City,Traffic Signals,,,,,0,0,Urban,0,,,Fine,Null
1560767,5214308,24904,,585807,0,0,0,0,0,East,2005/2006,STATION ROAD,LOBURN WHITEROCK ROAD,,Serious Crash,No,2006,0,South,1,0,0,Flat,0,,0,,0,Dark,2438603,1,0,0,2,0,0,0,0,0,,0,0,Canterbury Region,Nil,2-way,Sealed,0,0,1,0,100,0,None,1,0,50,59,Waimakariri District,Unknown,0,0,0,0,0,0,Open,0,0,0,Fine,Null
1754748,5933602,24905,,508804,0,,0,2,,North,2006/2007,EAST COAST ROAD,BROWNS BAY ROAD,,Non-Injury Crash,No,2006,,South,,0,,Flat,,,,,,Dark,156502,0,0,0,2,,,0,,,,,,Auckland Region,Nil,2-way,Sealed,,0,0,,50,,On,0,0,,76,Auckland,Nil,,,,,0,0,Urban,0,,,Fine,Null
1756182,5917891,24906,,518101,0,,0,1,,North,2005/2006,DOMINION ROAD,VIEW ROAD,,Non-Injury Crash,No,2006,,North,,0,,Flat,,,,,,Bright sun,544900,0,0,0,4,,,0,,,,,,Auckland Region,Nil,2-way,Sealed,,0,0,,50,,Null,0,0,,76,Auckland,Nil,,,,,1,0,Urban,0,,,Fine,Null
1751198,5915037,24907,,514402,0,,0,2,,Null,2006/2007,ST JUDE ST,GREAT NORTH ROAD,,Non-Injury Crash,No,2006,,West,,0,,Flat,,,,,,Bright sun,381000,0,0,0,2,,,0,,,,,,Auckland Region,Nil,2-way,Sealed,,0,0,,50,,None,0,0,,76,Auckland,Give way,,,,,0,0,Urban,0,,,Fine,Null
1843529,5804934,24908,,535242,0,,0,0,,North,2005/2006,SH 27,TAIHOA SOUTH ROAD,,Non-Injury Crash,Yes,2006,,East,,0,,Flat,,,,,,Bright sun,1115700,0,0,0,2,,,0,,,,,,Waikato Region,Bridge,2-way,Sealed,,0,0,,100,,Off,0,0,,15,Matamata-Piako District,Nil,,,,,2,0,Open,0,,,Fine,Null
1767683,5905048,24909,,524603,0,0,0,2,0,Null,2006/2007,TE IRIRANGI DRIVE,TE IRIRANGI ON NBD,,Minor Crash,No,2006,0,East,0,0,0,Flat,1,,0,,0,Overcast,780304,1,0,0,2,0,0,0,0,0,,0,0,Auckland Region,Bridge,2-way,Sealed,0,0,0,0,50,0,Off,0,0,,76,Auckland,Traffic Signals,0,0,0,0,0,0,Urban,0,0,0,Fine,Null
1753876,5918276,24910,,515432,0,,0,2,,East,2006/2007,SH 16,ST LUKES OBR,,Minor Crash,Yes,2006,,West,,0,,Flat,,,,,,Bright sun,405500,1,0,0,4,,,0,,,,,,Auckland Region,Nil,1-way,Sealed,,0,0,,100,,Off,0,0,,76,Auckland,Nil,,,,,0,0,Open,0,,,Fine,Null
1566657,5179334,24911,,590200,0,,0,1,,Null,2006/2007,WHARENUI ROAD,BLENHEIM ROAD,,Minor Crash,No,2006,,South,,0,,Flat,,,,,,Overcast,2539601,1,0,0,2,,,0,,,,,,Canterbury Region,Nil,2-way,Sealed,,0,0,,50,,Null,1,0,,60,Christchurch City,Traffic Signals,,,,,0,0,Urban,0,,,Light rain,Null
1782170,5888813,24912,,521132,0,0,0,1,0,North,2006/2007,ARARIMU ROAD,STEEL ROAD,,Minor Crash,No,2006,0,South,1,0,0,Hill Road,0,,0,,0,Twilight,815301,1,0,0,2,0,0,0,0,0,,0,0,Auckland Region,Nil,2-way,Sealed,0,0,0,0,100,0,None,0,0,,76,Auckland,Nil,0,0,0,0,0,0,Open,0,0,0,Light rain,Null
1733225,5946827,24913,,506647,0,,0,0,,South,2005/2006,SH 16,NORTH CRESCENT N,,Serious Crash,Yes,2006,,South,,0,,Flat,,,,,,Dark,212506,0,0,0,2,,,0,,,,,,Auckland Region,Nil,2-way,Sealed,,0,1,,50,,None,0,0,,76,Auckland,Nil,,,,,1,0,Urban,1,,,Light rain,Null
1756350,5944007,24914,,505909,0,,0,2,,Null,2005/2006,WHANGAPARAOA ROAD,WADE RIVER ROAD N,,Non-Injury Crash,No,2006,,North,,0,,Hill Road,,,,,,Twilight,174013,0,0,0,2,,,0,,,,,,Auckland Region,Nil,2-way,Sealed,,0,0,,50,,Off,0,0,,76,Auckland,Traffic Signals,,,,,0,0,Urban,0,,,Fine,Null
1755388,5928957,24915,,508320,0,,0,2,,Null,2006/2007,WAIRAU ROAD,TRISTRAM AVENUE,,Non-Injury Crash,No,2006,,West,,0,,Flat,,,,,,Bright sun,196700,0,0,0,5,,,0,,,,,,Auckland Region,Nil,2-way,Sealed,,0,0,,50,,Null,0,0,,76,Auckland,Traffic Signals,,,,,0,0,Urban,0,,,Fine,Null
1793437,5500693,24916,,564210,0,,0,1,,West,2005/2006,QUEEN ST EAST,SH 1N,,Minor Crash,No,2006,,West,,0,,Flat,,,,,,Bright sun,1865500,1,0,0,2,,,0,,,1,,,Manawatū-Whanganui Region,Nil,2-way,Sealed,,0,0,,50,,Null,0,0,,42,Horowhenua District,Nil,,,,,0,0,Urban,0,,,Fine,Null
1759338,5976878,24917,,506658,0,0,0,2,0,East,2006/2007,BROADLANDS DRIVE,OMAHA DRIVE,,Non-Injury Crash,No,2006,0,East,0,0,0,Flat,0,Labour Weekend,0,,0,Bright sun,138819,0,0,0,2,0,0,0,0,1,,0,0,Auckland Region,Nil,2-way,Sealed,0,0,0,0,50,0,Null,0,0,,76,Auckland,Unknown,0,0,0,0,0,0,Urban,0,0,0,Fine,Null
1757049,5444272,24918,,571300,0,,0,1,,Null,2005/2006,WARSPITE AVENUE,FLORA ST,,Minor Crash,No,2006,,East,,0,,Hill Road,,,,,,Bright sun,2063400,1,0,0,2,,,0,,,1,,,Wellington Region,Nil,2-way,Sealed,,0,0,,50,,Null,0,0,,44,Porirua City,Give way,,,,,0,0,Urban,0,,,Fine,Null
1760396,5916829,24919,,516202,0,,0,2,,Null,2005/2006,REMUERA ROAD,ST VINCENT AVENUE,,Non-Injury Crash,No,2006,,East,,0,,Flat,,,,,,Overcast,490500,0,0,0,4,,,0,,,,,,Auckland Region,Nil,2-way,Sealed,,0,0,,50,,Off,0,0,,76,Auckland,Nil,,,,,0,0,Urban,0,,,Fine,Null
1755755,5916373,24920,,518201,0,,0,3,,North,2005/2006,DOMINION ROAD,BALMORAL ROAD,,Minor Crash,No,2006,,North,,0,,Flat,,,,,,Bright sun,553200,1,0,0,2,,,0,,,,,,Auckland Region,Nil,2-way,Sealed,,0,0,,50,,Off,0,0,,76,Auckland,Nil,,,,,0,0,Urban,0,,,Fine,Null
1759832,5916129,24921,,516002,0,0,0,0,0,South,2005/2006,SH 1N,MARKET OFF NBD,,Minor Crash,Yes,2006,0,North,0,0,0,Hill Road,1,,0,,0,Dark,492000,1,0,0,4,0,0,0,0,0,,0,0,Auckland Region,Nil,1-way,Sealed,0,0,0,0,100,0,On,0,0,,76,Auckland,Nil,0,0,0,0,0,0,Open,1,0,0,Light rain,Null
1763347,5920390,24922,,516500,0,,0,2,,East,2005/2006,TAMAKI DRIVE,PATTESON AVENUE,,Non-Injury Crash,No,2006,,East,,0,,Flat,,,,,,Bright sun,500700,0,0,0,2,,,0,,,,,,Auckland Region,Nil,2-way,Sealed,,0,0,,50,,Off,0,0,,76,Auckland,Nil,,,,,0,0,Urban,0,,,Fine,Null
1708284,5682356,24923,,550700,0,,0,2,,Null,2005/2006,SH 3,PRINCESS ST,,Minor Crash,Yes,2006,,East,,0,,Flat,,,,,,Bright sun,1550800,1,0,0,2,,,0,,,,,,Taranaki Region,Nil,2-way,Sealed,,0,0,,100,,Null,0,0,,33,New Plymouth District,Stop,,,,,0,0,Open,0,,,Fine,Null
1765496,5908837,24924,,523403,0,0,0,1,0,South,2006/2007,SH 1N,PRINCES OBR,,Minor Crash,Yes,2006,0,North,0,0,0,Flat,1,,0,,0,Dark,700100,2,0,0,3,0,0,0,0,0,,0,0,Auckland Region,Nil,1-way,Sealed,0,0,0,0,80,0,On,0,0,,76,Auckland,Nil,0,0,0,0,0,0,Open,0,0,0,Null,Null
1756125,5935102,24925,,507101,0,0,0,1,0,South,2006/2007,Z CPK FOODTOWN,ANZAC ROAD,,Non-Injury Crash,No,2006,0,South,0,0,0,Flat,0,,0,,0,Bright sun,161200,0,0,0,2,0,0,0,0,1,,0,0,Auckland Region,Nil,Off road,Sealed,0,0,0,0,30,0,None,1,0,,76,Auckland,Nil,0,0,0,0,0,0,Urban,0,0,0,Fine,Null
1738347,5979120,24926,,506660,0,0,0,1,1,North,2006/2007,SH 1N,WAYBY STATION ROAD,,Minor Crash,Yes,2006,0,North,0,0,0,Hill Road,0,,0,,0,Bright sun,136400,1,0,0,2,0,0,0,0,0,,0,0,Auckland Region,Nil,2-way,Sealed,0,0,0,0,100,0,None,0,0,,76,Auckland,Nil,0,0,0,0,0,0,Open,0,0,0,Fine,Null
1864439,5723029,24927,,541335,0,0,0,1,0,North,2006/2007,ORUANUI ROAD,LINK ROAD,,Minor Crash,No,2006,0,North,0,0,1,Hill Road,0,,0,,0,Dark,1278102,1,0,0,2,0,0,0,0,0,,0,0,Waikato Region,Nil,2-way,Sealed,0,0,0,0,100,0,None,0,0,,21,Taupo District,Nil,0,0,0,1,0,0,Open,0,0,0,Fine,Strong wind
1754993,5927832,24928,,508620,0,0,0,1,0,Null,2005/2006,SUNNYBRAE ROAD,ARCHERS ROAD,,Non-Injury Crash,No,2006,0,West,0,0,0,Hill Road,0,,0,,1,Bright sun,202600,0,0,0,2,0,0,0,0,0,,0,1,Auckland Region,Nil,2-way,Sealed,0,0,0,0,50,0,Off,0,0,,76,Auckland,Traffic Signals,0,0,0,0,0,0,Urban,0,0,0,Fine,Null
1243350,4851587,24929,,610800,0,0,0,2,0,South,2006/2007,Z CPK NEW WORLD WINDSOR,HERBERT ST,,Minor Crash,No,2006,0,South,0,0,0,Flat,0,,1,,0,Bright sun,3119200,1,0,0,0,0,0,0,0,1,,0,0,Southland Region,Nil,Off road,Sealed,0,0,0,0,20,0,Null,0,0,,75,Invercargill City,Unknown,0,0,0,0,0,0,Urban,0,0,0,Fine,Null
1931910,5793156,24930,,542530,0,1,0,1,0,West,2006/2007,SH 2,SH 34,,Non-Injury Crash,Yes,2006,0,West,0,0,0,Flat,0,,0,,0,Bright sun,1322101,0,0,0,2,0,0,0,0,0,,0,0,Bay of Plenty Region,Bridge,2-way,Sealed,0,0,0,0,100,0,Null,0,0,30,25,Whakatane District,Unknown,0,0,0,0,0,0,Open,0,0,0,Fine,Null
1638324,5437773,24931,,581812,0,0,0,1,0,South,2005/2006,SH 6,WHANGAMOA BR,,Serious Crash,Yes,2006,0,South,1,0,0,Hill Road,0,,0,,0,Bright sun,2360800,0,0,0,2,0,0,0,0,0,,0,0,Nelson Region,Nil,2-way,Sealed,0,0,1,0,100,0,Null,0,0,50,52,Nelson City,Nil,0,0,0,0,0,0,Open,0,0,0,Fine,Null
1820709,5528870,24932,,563000,0,,0,1,,Null,2006/2007,MAIN ST,LYNDHURST ST,,Minor Crash,No,2006,,West,,0,,Flat,,,,,,Overcast,1805700,1,1,0,4,,,0,,,,,,Manawatū-Whanganui Region,Nil,2-way,Sealed,,0,0,,50,,Null,0,0,,40,Palmerston North City,Give way,,,,,0,0,Urban,0,,,Heavy rain,Null
1775121,5579565,24933,,556800,0,,0,2,,Null,2006/2007,GLASGOW ST,ARGYLE ST,,Minor Crash,No,2006,,South,,0,,Flat,,,,,,Dark,1705200,2,0,0,2,,,0,,,,,,Manawatū-Whanganui Region,Nil,2-way,Sealed,,0,0,,50,,On,0,0,,37,Whanganui District,Give way,,,,,0,0,Urban,0,,,Heavy rain,Null
1760153,5915988,24934,,516002,0,,0,2,,Null,2006/2007,GREENLANE OFF SBD,GREENLANE INT,,Non-Injury Crash,Yes,2006,,South,,0,,Hill Road,,,,,,Bright sun,492100,0,0,0,2,,,0,,,,,,Auckland Region,Nil,1-way,Sealed,,0,0,,50,,Off,0,0,,76,Auckland,Give way,,,,,0,0,Urban,0,,,Fine,Null
1206946,5004833,24935,75,609011,0,0,0,1,0,South,2005/2006,SH 94,DEER FLAT CRK BR,,Minor Crash,Yes,2006,0,North,0,0,0,Flat,0,,0,,0,Overcast,3175100,3,0,0,2,0,0,0,0,0,,0,0,Southland Region,Nil,2-way,Sealed,0,0,0,0,100,0,Null,0,0,,73,Southland District,Unknown,0,0,0,1,0,0,Open,0,0,0,Light rain,Null
1755345,5933524,24936,,507300,0,0,0,2,0,West,2006/2007,PENGUIN DRIVE,STITCHBIRD CLOSE,,Non-Injury Crash,No,2006,0,West,0,0,0,Hill Road,0,,0,,0,Dark,155708,0,0,0,2,0,0,0,0,1,,0,0,Auckland Region,Nil,2-way,Sealed,0,0,0,0,50,0,On,0,0,,76,Auckland,Nil,0,0,0,0,0,0,Urban,0,0,0,Fine,Null
1672902,6104399,24937,,500402,0,0,0,0,0,North,2005/2006,WAIARE ROAD,PUNGAERE ROAD,,Non-Injury Crash,No,2006,0,North,0,0,0,Flat,0,,0,,0,Bright sun,19400,0,0,0,2,0,0,0,0,0,,0,0,Northland Region,Nil,2-way,Unsealed,0,0,0,0,100,0,None,1,0,,1,Far North District,Nil,0,0,0,1,0,0,Open,0,0,0,Fine,Null
1571769,5180043,24938,,593501,0,,0,2,,Null,2005/2006,FITZGERALD AVENUE,HEREFORD ST,,Minor Crash,No,2006,,South,,0,,Flat,,,,,,Overcast,2608800,2,0,0,6,,,0,,,,,,Canterbury Region,Nil,2-way,Sealed,,0,0,,50,,Null,0,0,,60,Christchurch City,Traffic Signals,,,,,0,0,Urban,0,,,Fine,Null
1747211,5935684,24939,55,506653,0,0,0,1,1,West,2005/2006,COATESVILLE-RIVERHEAD HIG,SCREEN ROAD,,Non-Injury Crash,No,2006,0,West,0,0,0,Hill Road,0,,0,,0,Overcast,217209,0,0,0,2,0,0,0,0,0,,0,0,Auckland Region,Nil,2-way,Sealed,0,0,0,0,100,0,None,0,0,,76,Auckland,Nil,0,0,0,0,0,0,Open,0,0,0,Heavy rain,Null
1766936,5897584,24940,,525102,0,0,0,2,0,East,2006/2007,SUNNINGDALE ST,CARNOUSTIE DRIVE,,Non-Injury Crash,No,2006,0,North,0,0,0,Flat,0,,0,,0,Dark,769051,0,0,0,2,0,0,0,0,1,,0,0,Auckland Region,Nil,2-way,Sealed,0,0,0,0,50,0,On,0,0,,76,Auckland,Nil,0,0,0,0,0,0,Urban,0,0,0,Fine,Null
1755014,5444260,24941,,571000,1,,0,1,,Null,2006/2007,MUNGAVIN AVENUE,CHAMPION ST,,Minor Crash,No,2006,,East,,0,,Flat,,,,,,Bright sun,2051100,1,0,0,2,,,0,,,,,,Wellington Region,Nil,2-way,Sealed,,0,0,,50,,Null,0,0,,44,Porirua City,Give way,,,,,0,0,Urban,0,,,Fine,Null
1773414,5445304,24942,,567100,0,,0,1,,Null,2006/2007,MAIN ST,FERGUSSON DRIVE,,Non-Injury Crash,No,2006,,West,,0,,Flat,,,,,,Overcast,1906100,0,0,0,2,,,0,,,,,,Wellington Region,Nil,2-way,Sealed,,0,0,,50,,Null,0,0,,45,Upper Hutt City,Give way,,,,,1,0,Urban,0,,,Light rain,Null
1750352,5914514,24943,,511303,0,,0,2,,Null,2006/2007,STOCK ST,DRURY ST,,Minor Crash,No,2006,,South,,0,,Flat,,Christmas New Year,,,,Bright sun,265700,1,0,0,3,,,0,,,,,,Auckland Region,Nil,2-way,Sealed,,0,0,,50,,Off,0,0,,76,Auckland,Give way,,,,,0,0,Urban,0,,,Fine,Null
1756124,5913270,24944,,518701,0,,0,2,,West,2005/2006,CARR ROAD,CLINKER ST,,Minor Crash,No,2006,,West,,0,,Flat,,,,,,Overcast,569800,1,0,0,2,,,0,,,,,,Auckland Region,Nil,2-way,Sealed,,0,0,,50,,Off,0,0,,76,Auckland,Nil,,,,,0,0,Urban,0,,,Light rain,Strong wind
1755066,5945354,24945,,505908,0,0,0,1,0,North,2005/2006,VIPOND ROAD,LANGTON ROAD,,Minor Crash,No,2006,0,East,0,0,0,Flat,0,,0,,0,Dark,173501,1,0,0,2,0,0,0,0,0,,0,0,Auckland Region,Nil,2-way,Sealed,0,0,0,0,50,0,On,0,0,,76,Auckland,Nil,0,0,0,1,0,0,Urban,0,0,0,Fine,Null
1759771,5917207,24946,,516102,0,0,0,2,0,North,2006/2007,PORTLAND ROAD,WESTBURY CRESCENT,,Non-Injury Crash,No,2006,0,South,0,0,0,Hill Road,0,,0,,0,Bright sun,485000,0,0,0,2,0,0,0,0,1,,0,0,Auckland Region,Nil,2-way,Sealed,0,0,0,0,50,0,Off,0,0,,76,Auckland,Nil,0,0,0,0,0,0,Urban,1,0,0,Fine,Null
1764982,5914724,24947,,520602,0,,0,2,,East,2006/2007,QUEENS ROAD,LAGOON DRIVE,,Non-Injury Crash,No,2006,,West,,0,,Flat,,,,,,Bright sun,628700,0,0,0,4,,,0,,,,,,Auckland Region,Nil,2-way,Sealed,,0,0,,50,,None,0,0,,76,Auckland,Nil,,,,,0,0,Urban,0,,,Fine,Null
1569996,5203404,24948,,586129,0,0,0,1,0,Null,2006/2007,CAMSIDE ROAD,MARSH ROAD,,Minor Crash,No,2006,0,West,0,0,0,Flat,0,,0,,0,Bright sun,2449302,1,0,0,2,0,0,0,0,0,,0,1,Canterbury Region,Nil,2-way,Unsealed,0,0,0,0,100,0,Null,0,0,,59,Waimakariri District,Give way,0,0,0,0,0,0,Open,0,0,0,Fine,Null
1764965,5914705,24949,,520602,0,,0,2,,East,2006/2007,LAGOON DRIVE,QUEENS ROAD,,Non-Injury Crash,No,2006,,West,,0,,Flat,,,,,,Bright sun,628700,0,0,0,2,,,0,,,,,,Auckland Region,Nil,2-way,Sealed,,0,0,,50,,Off,0,0,,76,Auckland,Give way,,,,,0,0,Urban,0,,,Fine,Null
1772576,5896587,24950,,525420,0,,0,2,,Null,2006/2007,QUEEN ST,GREAT SOUTH ROAD,,Non-Injury Crash,No,2006,,North,,0,,Flat,,,,,,Overcast,791400,0,0,0,2,,,0,,,,,,Auckland Region,Nil,2-way,Sealed,,0,0,,50,,Off,0,0,,76,Auckland,Traffic Signals,,,,,0,0,Urban,0,,,Light rain,Null
1440272,5017552,24951,,600826,0,0,0,0,0,West,2005/2006,LUDEMANN ROAD,PAPAKAIO ROAD,,Serious Crash,No,2006,0,East,1,0,0,Flat,0,,0,,0,Bright sun,2827400,0,0,1,2,0,0,0,0,0,,0,0,Otago Region,Nil,2-way,Unsealed,0,0,1,0,100,0,Null,0,0,,68,Waitaki District,Unknown,0,0,0,0,0,0,Open,0,0,0,Fine,Null
1766609,5908350,24952,,523501,0,,1,1,,Null,2005/2006,OTARA ROAD,LAPPINGTON ROAD,,Non-Injury Crash,No,2006,,North,,0,,Flat,,,,,,Bright sun,700500,0,0,0,2,,,0,,,,,,Auckland Region,Nil,2-way,Sealed,,0,0,,50,,Off,0,0,,76,Auckland,Give way,,,,,0,0,Urban,0,,,Fine,Null
1751899,5925795,24953,,510220,0,0,0,3,0,West,2006/2007,STOTT AVENUE,BIRKDALE ROAD,,Minor Crash,No,2006,0,East,0,0,1,Hill Road,0,Labour Weekend,0,,0,Dark,349500,1,0,0,2,0,0,0,0,2,,0,0,Auckland Region,Nil,2-way,Sealed,0,0,0,0,50,0,On,0,0,,76,Auckland,Nil,0,0,0,1,0,0,Urban,0,0,0,Light rain,Null
1800733,5813037,24954,,529100,0,,0,0,,North,2006/2007,OHAUPO ROAD,SH 1N,,Non-Injury Crash,No,2006,,South,,0,,Flat,,,,,,Bright sun,930500,0,0,0,3,,,0,,,,,,Waikato Region,Nil,2-way,Sealed,,0,0,,50,,Null,1,0,,16,Hamilton City,Unknown,,,,,0,0,Urban,1,,,Fine,Null
1763740,5913565,24955,,520402,0,,0,2,,South,2005/2006,MOUNT WELLINGTON HIGHWAY,ROSLYN ROAD,,Non-Injury Crash,No,2006,,South,,0,,Flat,,,,,,Overcast,640300,0,0,0,4,,,0,,,,,,Auckland Region,Nil,2-way,Sealed,,0,0,,50,,Off,0,0,,76,Auckland,Nil,,,,,0,0,Urban,0,,,Fine,Null
1764893,5439848,24956,,568201,0,0,0,1,0,South,2006/2007,EASTERN HUTT ROAD,ELDON GROVE,,Minor Crash,No,2006,0,North,0,0,1,Flat,0,,0,,0,Dark,1937700,1,0,0,2,0,0,0,0,0,,0,0,Wellington Region,Nil,2-way,Sealed,0,0,0,0,50,0,On,0,0,,46,Lower Hutt City,Nil,0,0,0,0,0,0,Urban,0,0,0,Light rain,Null
1523118,5156806,24957,,597506,0,,0,4,,Null,2005/2006,SH 1S,RAKAIA RIV BR N ABT,,Non-Injury Crash,Yes,2006,,South,,0,,Flat,,,,,,Bright sun,2724700,0,0,0,2,,,0,,,,,,Canterbury Region,Bridge,2-way,Sealed,,0,0,,100,,Null,0,0,,62,Selwyn District,Unknown,,,,,0,0,Open,0,,,Fine,Null
1761420,5914328,24958,,520202,0,0,0,1,0,Null,2006/2007,PENROSE OFF SBD,PENROSE INT,,Non-Injury Crash,Yes,2006,0,South,0,0,0,Flat,1,,0,,0,Dark,612501,0,0,0,2,0,0,0,0,0,,0,0,Auckland Region,Motorway ramp,1-way,Sealed,0,0,0,0,50,0,On,0,0,,76,Auckland,Give way,0,0,0,0,0,0,Urban,0,0,0,Fine,Null