X,Y,OBJECTID,advisorySpeed,areaUnitID,bicycle,bridge,bus,carStationWagon,cliffBank,crashDirectionDescription,crashFinancialYear,crashLocation1,crashLocation2,crashRoadSideRoad,crashSeverity,crashSHDescription,crashYear,debris,directionRoleDescription,ditch,fatalCount,fence,flatHill,guardRail,holiday,houseOrBuilding,intersection,kerb,light,meshblockId,minorInjuryCount,moped,motorcycle,NumberOfLanes,objectThrownOrDropped,otherObject,otherVehicleType,overBank,parkedVehicle,pedestrian,phoneBoxEtc,postOrPole,region,roadCharacter,roadLane,roadSurface,roadworks,schoolBus,seriousInjuryCount,slipOrFlood,speedLimit,strayAnimal,streetLight,suv,taxi,temporarySpeedLimit,tlaId,tlaName,trafficControl,trafficIsland,trafficSign,train,tree,truck,unknownVehicleType,urban,vanOrUtility,vehicle,waterRiver,weatherA,weatherB
1761038,5432923,24959,,568800,0,0,0,1,0,North,2006/2007,WAINUIOMATA HILL ROAD,PURIRI ST,,Minor Crash,No,2006,0,North,0,0,0,Hill Road,1,,0,,0,Bright sun,1980800,1,0,0,4,0,0,0,0,0,,0,0,Wellington Region,Nil,1-way,Sealed,0,0,0,0,80,0,Null,0,0,,46,Lower Hutt City,Nil,0,0,0,0,0,0,Open,0,0,0,Fine,Null
1738351,5919987,24960,,513702,0,0,0,0,1,North,2006/2007,NORTHFIELD ROAD,BURNHAM ROAD,,Serious Crash,No,2006,0,North,1,0,0,Hill Road,0,,0,,0,Dark,230100,0,0,1,2,0,0,0,0,0,,0,0,Auckland Region,Nil,2-way,Sealed,0,0,1,0,50,0,Off,0,0,,76,Auckland,Nil,0,0,0,1,0,0,Urban,0,0,0,Fine,Null
1357355,4865202,24961,,606700,0,,0,2,,South,2006/2007,SUMMERHILL ROAD,PRAWL ST,,Minor Crash,No,2006,,South,,0,,Hill Road,,,,,,Dark,2986200,2,0,0,2,,,0,,,,,,Otago Region,Nil,2-way,Unsealed,,0,0,,100,,None,0,0,,72,Clutha District,Unknown,,,,,0,0,Open,0,,,Fine,Null
1657566,6049968,24962,,504501,0,,0,0,,West,2006/2007,MANGATU ROAD,MCLEAN ROAD,,Non-Injury Crash,No,2006,,North,,0,,Flat,,,,,,Bright sun,119200,0,0,0,0,,,0,,,,,,Northland Region,Nil,2-way,Unsealed,,0,0,,100,,None,0,0,,3,Kaipara District,Nil,,,,,1,0,Open,0,,,Fine,Null
1765438,5441673,24963,,569500,0,,0,2,,Null,2005/2006,SH 2,SH 58,,Minor Crash,Yes,2006,,North,,0,,Flat,,,,,,Bright sun,1917200,2,0,0,2,,,0,,,,,,Wellington Region,Nil,2-way,Sealed,,0,0,,100,,Null,0,0,,46,Lower Hutt City,Traffic Signals,,,,,0,0,Open,0,,,Fine,Null
1796923,5819424,24964,,528403,0,,0,2,,South,2006/2007,WAIRERE DRIVE,TE RAPA ROAD,,Non-Injury Crash,No,2006,,East,,0,,Flat,,,,,,Overcast,907500,0,0,0,2,,,0,,,,,,Waikato Region,Bridge,2-way,Sealed,,0,0,,80,,Null,0,0,,16,Hamilton City,Unknown,,,,,0,0,Open,0,,,Fine,Null
1778960,5894522,24965,50,521301,0,0,0,0,0,West,2005/2006,HUNUA ROAD,MIDDLETON ROAD,,Minor Crash,No,2006,0,West,0,0,0,Hill Road,0,,0,,0,Overcast,816403,1,0,0,2,0,0,0,1,0,,0,0,Auckland Region,Nil,2-way,Sealed,0,0,0,0,100,0,Null,0,0,,76,Auckland,Unknown,0,0,0,0,0,0,Open,1,0,1,Light rain,Null
1755754,5924582,24966,,509800,0,,0,2,,Null,2006/2007,ONEWA ROAD,BRUCE ST,,Minor Crash,No,2006,,West,,0,,Flat,,,,,,Bright sun,360500,3,0,0,2,,,0,,,,,,Auckland Region,Nil,2-way,Sealed,,0,0,,50,,Null,0,0,,76,Auckland,Nil,,,,,0,0,Urban,0,,,Fine,Null
1895211,5782009,24967,,538820,0,0,0,1,1,North,2005/2006,SH 30,LAKE ROTOKAWAU ROAD,,Non-Injury Crash,Yes,2006,0,North,0,0,0,Hill Road,0,,0,,0,Bright sun,1251604,0,0,0,3,0,0,0,0,0,,0,0,Bay of Plenty Region,Nil,2-way,Sealed,0,0,0,0,100,0,Null,0,0,50,24,Rotorua District,Unknown,0,0,0,0,0,0,Open,0,0,0,Fine,Null
1754934,5434349,24968,,573526,0,,0,1,,West,2005/2006,SH 2,HOROKIWI ROAD,,Minor Crash,Yes,2006,,West,,0,,Flat,,,,,,Bright sun,2086403,1,0,0,2,,,0,,,,,,Wellington Region,Nil,1-way,Sealed,,0,0,,100,,Null,0,0,,47,Wellington City,Nil,,,,,1,0,Open,0,,,Fine,Null
1770449,5909587,24969,,523114,1,,0,1,,Null,2005/2006,MIDDLEFIELD DRIVE,KASENG PLACE,,Non-Injury Crash,No,2006,,South,,0,,Flat,,,,,,Bright sun,712033,0,0,0,0,,,0,,,,,,Auckland Region,Nil,2-way,Sealed,,0,0,,50,,Off,0,0,,76,Auckland,Give way,,,,,0,0,Urban,0,,,Fine,Null
1402748,5016887,24970,,600831,0,,0,1,,Null,2005/2006,DANSEYS PASS ROAD,DUTHIE ROAD,,Non-Injury Crash,No,2006,,East,,0,,Hill Road,,,,,,Bright sun,2849700,0,0,0,2,,,0,,,,,,Canterbury Region,Nil,2-way,Unsealed,,0,0,,100,,Null,0,0,,68,Waitaki District,Nil,,,,,0,0,Open,1,,,Fine,Null
1821368,5528346,24971,,563000,0,,0,2,,Null,2005/2006,COLLEGE ST,COOK ST,,Non-Injury Crash,No,2006,,East,,0,,Flat,,,,,,Bright sun,1807000,0,0,0,2,,,0,,,,,,Manawatū-Whanganui Region,Nil,2-way,Sealed,,0,0,,50,,Null,0,0,,40,Palmerston North City,Give way,,,,,0,0,Urban,0,,,Fine,Null
1770042,5917194,24972,,522601,1,,0,1,,West,2006/2007,LAINGS ROAD,BUCKLANDS BEACH ROAD,,Minor Crash,No,2006,,West,,0,,Flat,,,,,,Dark,676900,1,0,0,2,,,0,,,,,,Auckland Region,Nil,2-way,Sealed,,0,0,,50,,On,0,0,,76,Auckland,Nil,,,,,0,0,Urban,0,,,Fine,Null
1767269,5906465,24973,,522302,0,,0,1,,South,2006/2007,SH 1N,EAST TAMAKI OBR,,Non-Injury Crash,Yes,2006,,North,,0,,Flat,,,,,,Dark,670200,0,0,0,3,,,0,,,,,,Auckland Region,Nil,1-way,Sealed,,0,0,,100,,On,0,0,,76,Auckland,Nil,,,,,0,0,Open,0,,,Fine,Null
1568288,5185345,24974,,591800,0,,0,3,,Null,2006/2007,NORTHCOTE ROAD,UXBRIDGE ST,,Minor Crash,No,2006,,West,,0,,Flat,,,,,,Overcast,2665600,1,0,0,2,,,0,,,,,,Canterbury Region,Nil,2-way,Sealed,,0,0,,50,,Null,0,0,,60,Christchurch City,Give way,,,,,0,0,Urban,0,,,Fine,Null
1765038,5910359,24975,,521801,0,0,0,2,0,North,2005/2006,SH 1N,PRINCES OBR,,Non-Injury Crash,Yes,2006,0,North,0,0,0,Flat,0,Easter,0,,0,Dark,787200,0,0,0,3,0,0,0,0,0,,0,0,Auckland Region,Nil,1-way,Sealed,0,0,0,0,100,0,On,0,0,,76,Auckland,Nil,0,0,0,0,0,0,Open,0,1,0,Fine,Null
1884189,5825235,24976,,536831,0,,0,0,,Null,2005/2006,SH 2,GIRVEN ROAD,,Non-Injury Crash,Yes,2006,,South,,0,,Flat,,,,,,Bright sun,1201300,0,0,0,2,,,0,,,,,,Bay of Plenty Region,Nil,1-way,Sealed,,0,0,,70,,Off,0,0,,23,Tauranga City,Give way,,,,,1,0,Urban,1,,,Fine,Null
1779921,5875482,24977,,521131,0,0,0,0,0,Null,2005/2006,SH 1N,POKENO OFF NBD,,Minor Crash,Yes,2006,0,North,0,0,0,Hill Road,0,,0,,0,Dark,842102,2,0,0,2,0,0,0,0,0,,0,1,Waikato Region,Motorway ramp,1-way,Sealed,0,0,0,0,100,0,On,0,0,,13,Waikato District,Nil,0,0,0,1,1,0,Open,0,0,0,Light rain,Null
1752600,5933572,24978,,508701,0,0,0,2,0,South,2006/2007,Z CPK NOEL LEEMING,DON MCKINNON DRIVE,,Non-Injury Crash,No,2006,0,North,0,0,0,Flat,0,,0,,0,Bright sun,178900,0,0,0,0,0,0,0,0,0,,0,0,Auckland Region,Nil,Off road,Sealed,0,0,0,0,30,0,Off,0,0,,76,Auckland,Nil,0,0,0,0,0,0,Urban,0,1,0,Fine,Null
1769496,5914637,24979,,522723,0,,0,2,,Null,2005/2006,PAKURANGA ROAD,PIGEON MOUNTAIN ROAD,,Non-Injury Crash,No,2006,,West,,0,,Flat,,,,,,Bright sun,681304,0,0,0,2,,,0,,,,,,Auckland Region,Nil,2-way,Sealed,,0,0,,50,,Off,0,0,,76,Auckland,Traffic Signals,,,,,0,0,Urban,0,,,Fine,Null
1797333,5814719,24980,,528601,0,0,0,1,0,East,2006/2007,DINSDALE ROAD,CAERNARVON ST,,Non-Injury Crash,No,2006,0,East,0,0,1,Hill Road,0,,0,,0,Dark,920105,0,0,0,2,0,0,0,0,0,,1,0,Waikato Region,Nil,2-way,Sealed,0,0,0,0,50,0,On,0,0,,16,Hamilton City,Nil,0,0,0,0,0,0,Urban,0,0,0,Light rain,Null
1404544,4915646,24981,,604110,0,,0,1,,Null,2005/2006,GLENPARK AVENUE,GLEN ROAD,,Minor Crash,No,2006,,North,,0,,Hill Road,,,,,,Dark,2921800,1,0,0,2,,,0,,,,,,Otago Region,Nil,2-way,Sealed,,0,0,,50,,On,0,0,,71,Dunedin City,Stop,,,,,0,0,Urban,1,,,Fine,Null
1756326,5918973,24982,,515500,0,,0,1,,West,2006/2007,SH 16,NEWTON OBR,,Non-Injury Crash,Yes,2006,,East,,0,,Flat,,,,,,Bright sun,417600,0,0,0,3,,,0,,,,,,Auckland Region,Nil,1-way,Sealed,,0,0,,80,,Off,1,0,,76,Auckland,Nil,,,,,0,0,Open,0,,,Fine,Null
1880877,5779545,24983,,538602,0,,0,1,,Null,2005/2006,SH 5,PARADISE VALLEY ROAD,,Minor Crash,Yes,2006,,West,,0,,Flat,,,,,,Dark,1247200,1,0,0,2,,,0,,,,,,Bay of Plenty Region,Nil,2-way,Sealed,,0,0,,100,,On,1,0,,24,Rotorua District,Give way,,,,,0,0,Open,0,,,Fine,Null
1764660,5911674,24984,,520500,0,,0,2,,Null,2006/2007,SH 1N,PANAMA OBR,,Minor Crash,Yes,2006,,North,,0,,Flat,,,,,,Overcast,636400,1,0,0,3,,,0,,,,,,Auckland Region,Nil,1-way,Sealed,,0,0,,100,,Off,0,0,,76,Auckland,Nil,,,,,1,0,Open,0,,,Light rain,Null
1678980,5402924,24985,,581240,0,0,0,1,0,West,2005/2006,STRATFORD ST,ELTHAM ROAD,,Non-Injury Crash,No,2006,0,North,0,0,0,Flat,0,,0,,0,Twilight,2301500,0,0,0,2,0,0,0,0,1,,0,0,Marlborough Region,Nil,2-way,Sealed,0,0,0,0,50,0,On,0,0,,53,Marlborough District,Nil,0,0,0,0,0,0,Urban,1,0,0,Fine,Null
1768686,5911162,24986,,523112,0,0,0,3,0,Null,2006/2007,TRUGOOD DRIVE,CRYERS ROAD,,Non-Injury Crash,No,2006,0,East,0,0,0,Flat,0,,0,,0,Dark,711404,0,0,0,2,0,0,0,0,0,,0,0,Auckland Region,Nil,2-way,Sealed,0,0,0,0,50,0,On,0,0,,76,Auckland,Give way,0,0,0,0,0,0,Urban,0,1,0,Fine,Null
1689578,6102415,24987,35,500900,0,,0,1,,East,2005/2006,KERIKERI INLET ROAD,HERON HILL,,Minor Crash,No,2006,,East,,0,,Hill Road,,,,,,Overcast,50100,2,0,0,2,,,0,,,,,,Northland Region,Nil,2-way,Sealed,,0,0,,100,,None,0,0,,1,Far North District,Nil,,,,,0,0,Open,1,,,Light rain,Null
1751615,5424002,24988,,577200,0,0,0,1,0,East,2006/2007,CALEDONIA ST,SH 1N,,Minor Crash,No,2006,0,East,0,0,0,Flat,0,Labour Weekend,1,,0,Dark,2206900,1,0,0,2,0,0,0,0,1,,0,0,Wellington Region,Nil,2-way,Sealed,0,0,0,0,50,0,On,1,0,,47,Wellington City,Nil,0,0,0,0,0,0,Urban,1,0,0,Fine,Null
1768906,5905871,24989,,523711,0,,0,2,,Null,2005/2006,TE IRIRANGI DRIVE,DAWSON ROAD,,Minor Crash,No,2006,,North,,0,,Flat,,,,,,Bright sun,713005,1,0,0,2,,,0,,,,,,Auckland Region,Nil,2-way,Sealed,,0,0,,50,,Off,0,0,,76,Auckland,Traffic Signals,,,,,0,0,Urban,0,,,Fine,Null
1760249,5436799,24990,,568402,0,,0,2,,Null,2006/2007,MELLING ROAD,CONNOLLY ST,,Non-Injury Crash,No,2006,,East,,0,,Flat,,,,,,Dark,1941000,0,0,0,2,,,0,,,,,,Wellington Region,Nil,2-way,Sealed,,0,0,,50,,On,0,0,,46,Lower Hutt City,Give way,,,,,0,0,Urban,0,,,Light rain,Null
1879551,5824592,24991,,538201,0,,0,0,,North,2005/2006,THE STRAND,WHARF ST,,Minor Crash,No,2006,,North,,0,,Flat,,,,,,Dark,1164000,1,0,0,2,,,0,,,1,,,Bay of Plenty Region,Nil,2-way,Sealed,,0,0,,50,,On,0,0,,23,Tauranga City,Give way,,,,,0,0,Urban,1,,,Fine,Null
1763329,5909543,24992,,521901,0,,0,0,,Null,2005/2006,SALEYARDS ROAD,STATION ROAD,,Non-Injury Crash,No,2006,,South,,0,,Flat,,,,,,Bright sun,783000,0,0,0,2,,,0,,,,,,Auckland Region,Nil,2-way,Sealed,,0,0,,50,,Off,1,0,,76,Auckland,Give way,,,,,1,0,Urban,0,,,Fine,Null
1884055,5825408,24993,,536831,0,0,1,1,0,North,2005/2006,SH 2,GIRVEN ROAD,,Non-Injury Crash,Yes,2006,0,South,0,0,0,Flat,0,,0,,0,Dark,1204403,0,0,0,2,0,0,0,0,1,,0,0,Bay of Plenty Region,Nil,2-way,Sealed,0,0,0,0,70,0,On,0,0,,23,Tauranga City,Nil,0,0,0,0,0,0,Urban,0,0,0,Fine,Null
1707931,6064506,24994,35,501802,0,0,0,1,1,North,2006/2007,HUKERENUI ROAD,RIPONUI ROAD,,Non-Injury Crash,No,2006,0,North,0,0,0,Hill Road,0,,0,,0,Bright sun,65600,0,0,0,2,0,0,0,0,0,,0,0,Northland Region,Nil,2-way,Sealed,0,0,0,0,100,0,None,0,0,,2,Whangarei District,Nil,0,0,0,0,0,0,Open,0,0,0,Fine,Null
1759990,5915659,24995,,519400,0,,0,3,,South,2006/2007,GREAT SOUTH ROAD,GREEN LANE WEST,,Non-Injury Crash,No,2006,,South,,0,,Flat,,,,,,Dark,617000,0,0,0,4,,,0,,,,,,Auckland Region,Nil,2-way,Sealed,,0,0,,50,,On,0,0,,76,Auckland,Nil,,,,,0,0,Urban,1,,,Fine,Null
1757681,5918290,24996,,518101,0,,0,2,,Null,2006/2007,SH 1N,KHYBER PASS OFF NBD,,Non-Injury Crash,Yes,2006,,North,,0,,Flat,,,,,,Overcast,543000,0,0,0,3,,,0,,,,,,Auckland Region,Nil,2-way,Sealed,,0,0,,100,,Off,0,1,,76,Auckland,Nil,,,,,0,0,Open,0,,,Fine,Null
1882545,5775728,24997,,539100,0,,0,1,,West,2006/2007,FAIRVIEW ROAD,STEELES LANE,,Minor Crash,No,2006,,East,,0,,Flat,,,,,,Bright sun,1219201,1,0,0,2,,,0,,,1,,,Bay of Plenty Region,Nil,2-way,Sealed,,0,0,,50,,Off,0,0,,24,Rotorua District,Nil,,,,,0,0,Urban,0,,,Fine,Null
1800737,5813023,24998,,529100,0,,0,0,,Null,2005/2006,SH 3,KAHIKATEA DRIVE,,Non-Injury Crash,Yes,2006,,North,,0,,Flat,,,,,,Overcast,930500,0,0,0,6,,,0,,,,,,Waikato Region,Nil,2-way,Sealed,,0,0,,50,,Null,0,0,,16,Hamilton City,Traffic Signals,,,,,0,0,Urban,2,,,Heavy rain,Strong wind
1753262,5933350,24999,,508701,0,0,0,1,0,North,2006/2007,SH 1N,GREVILLE OBR,,Minor Crash,Yes,2006,0,North,0,0,0,Flat,2,,0,,0,Overcast,178900,1,0,0,3,0,0,0,0,0,,0,0,Auckland Region,Nil,1-way,Sealed,0,0,0,0,100,0,Null,0,0,,76,Auckland,Unknown,0,0,0,0,0,0,Open,1,0,0,Light rain,Null
1748521,5428219,25000,,573000,0,,0,0,,North,2005/2006,SH 1N,NORTH PORTAL SBD,,Serious Crash,Yes,2006,,South,,0,,Flat,,,,,,Overcast,2124803,0,0,0,2,,,0,,,1,,,Wellington Region,Nil,1-way,Sealed,,0,1,,100,,Null,0,0,,47,Wellington City,Nil,,,,,1,0,Open,0,,,Fine,Null
1755997,5931315,25001,,507500,0,,0,1,,South,2005/2006,EAST COAST ROAD,SUNNYNOOK ROAD,,Non-Injury Crash,No,2006,,South,,0,,Flat,,,,,,Bright sun,148701,0,0,0,2,,,0,,,,,,Auckland Region,Nil,2-way,Sealed,,0,0,,50,,Off,0,0,,76,Auckland,Nil,,,,,1,0,Urban,0,,,Fine,Null
1685034,5634374,25002,,553302,0,1,0,1,0,West,2006/2007,ELTHAM ROAD,PATIKI ROAD,,Minor Crash,No,2006,0,West,0,0,0,Flat,0,,0,,0,Dark,1630800,1,0,0,2,0,0,0,0,0,,0,0,Taranaki Region,Bridge,2-way,Sealed,0,0,0,0,100,0,None,0,0,,35,South Taranaki District,Nil,0,0,0,0,0,0,Open,0,0,0,Fine,Null
1763667,5912662,25003,,520500,0,,0,1,,South,2006/2007,SH 1N,MT WGTN ON NBD,,Non-Injury Crash,Yes,2006,,North,,0,,Flat,,,,,,Overcast,637300,0,0,0,2,,,0,,,,,,Auckland Region,Nil,1-way,Sealed,,0,0,,100,,Off,0,0,,76,Auckland,Nil,,,,,0,0,Open,1,,,Fine,Null
1630689,6096040,25004,,500801,0,0,0,0,1,East,2005/2006,AWAROA ROAD,HICKS ROAD,,Non-Injury Crash,No,2006,0,West,0,0,0,Flat,0,,0,,0,Overcast,28500,0,0,0,2,0,0,0,0,0,,0,0,Northland Region,Nil,2-way,Sealed,0,0,0,0,100,0,Off,1,0,,1,Far North District,Nil,0,0,0,0,0,0,Open,0,0,0,Fine,Null
1393554,4917834,25005,,602411,0,,0,1,,Null,2005/2006,SH 87,DUKES ROAD N,,Serious Crash,Yes,2006,,West,,0,,Flat,,,,,,Dark,2978900,1,0,0,2,,,0,,,,,,Otago Region,Nil,2-way,Sealed,,0,1,,80,,None,1,0,,71,Dunedin City,Give way,,,,,0,0,Open,0,,,Mist or Fog,Null
1881142,5827080,25006,,536821,0,,0,1,,North,2006/2007,TOTARA ST,MAUI ST,,Non-Injury Crash,No,2006,,South,,0,,Flat,,,,,,Bright sun,1203900,0,0,0,2,,,0,,,,,,Bay of Plenty Region,Nil,2-way,Sealed,,0,0,,70,,Off,1,0,,23,Tauranga City,Nil,,,,,0,0,Urban,0,,,Fine,Null
1369762,5004735,25007,,608000,0,0,0,1,0,South,2005/2006,SH 85,GIMMERBURN-NASEBY ROAD,,Minor Crash,Yes,2006,0,North,1,0,0,Flat,0,,0,,0,Dark,3014900,2,0,0,2,0,0,0,0,0,,0,0,Otago Region,Nil,2-way,Sealed,0,0,0,0,100,0,None,0,0,,69,Central Otago District,Unknown,0,0,0,0,0,0,Open,0,0,0,Heavy rain,Null
1773376,5761644,25008,,531720,0,,0,1,,West,2005/2006,TE ANGA ROAD,WAITOMO VALLEY ROAD,,Minor Crash,No,2006,,West,,0,,Hill Road,,,,,,Bright sun,1019700,2,0,0,2,,,0,,,,,,Waikato Region,Nil,2-way,Sealed,,0,0,,100,,None,0,0,,20,Waitomo District,Nil,,,,,0,0,Open,0,,,Fine,Null
1763168,5878264,25009,,521121,0,0,0,1,0,West,2005/2006,WAIUKU ROAD,WILY ROAD,,Minor Crash,No,2006,0,West,1,0,0,Flat,0,,0,,0,Bright sun,824200,1,0,0,2,0,0,0,0,0,,0,0,Auckland Region,Nil,2-way,Sealed,0,0,0,0,100,0,Off,0,0,,76,Auckland,Nil,0,0,0,0,0,0,Open,0,0,0,Fine,Null
1755729,5928602,25010,,508510,0,,0,2,,South,2006/2007,SH 1N,TRISTRAM ON SBD,,Non-Injury Crash,Yes,2006,,South,,0,,Flat,,,,,,Overcast,195700,0,0,0,3,,,0,,,,,,Auckland Region,Nil,2-way,Sealed,,0,0,,80,,Off,0,0,,76,Auckland,Nil,,,,,0,0,Open,0,,,Light rain,Null
1821129,5833985,25011,,534500,0,0,0,0,0,North,2005/2006,MORRINSVILLE TAHUNA ROAD,TAUHEI ROAD,,Non-Injury Crash,No,2006,0,North,0,0,0,Flat,0,Easter,0,,0,Dark,1092200,0,0,1,2,0,0,0,0,1,,0,0,Waikato Region,Nil,2-way,Sealed,0,0,0,0,100,0,None,0,0,,15,Matamata-Piako District,Nil,0,0,0,0,1,0,Open,0,0,0,Light rain,Null
1378467,4903644,25012,,602500,0,0,0,1,0,South,2005/2006,SH 1S,HENLEY-BERWICK ROAD,,Serious Crash,Yes,2006,0,South,0,0,1,Flat,0,,0,,0,Bright sun,2975500,0,0,0,2,0,0,0,1,0,,0,0,Otago Region,Nil,2-way,Sealed,0,0,1,0,100,0,Null,0,0,,71,Dunedin City,Unknown,0,0,0,0,0,0,Open,0,0,0,Fine,Null
1752402,5916052,25013,,517901,0,,0,1,,Null,2005/2006,NEW NORTH ROAD,RICHARDSON ROAD,,Minor Crash,No,2006,,West,,0,,Flat,,,,,,Overcast,523700,1,0,0,4,,,0,,,1,,,Auckland Region,Nil,2-way,Sealed,,0,0,,50,,Off,0,0,,76,Auckland,Stop,,,,,0,0,Urban,0,,,Fine,Null
1570656,5179795,25014,,591500,0,,0,1,,East,2006/2007,LICHFIELD ST,COLOMBO ST,,Minor Crash,No,2006,,East,,0,,Flat,,,,,,Overcast,2651700,1,0,0,2,,,0,,,1,,,Canterbury Region,Nil,1-way,Sealed,,0,0,,50,,Null,0,0,,60,Christchurch City,Traffic Signals,,,,,0,0,Urban,0,,,Fine,Null
1680486,5410647,25015,,580449,0,0,0,1,0,North,2006/2007,SH 1S,RAPAURA ROAD,,Minor Crash,Yes,2006,0,North,1,0,0,Flat,0,,0,,0,Dark,2277801,1,0,0,2,0,0,0,0,0,,0,0,Marlborough Region,Nil,2-way,Sealed,0,0,0,0,100,0,None,0,0,,53,Marlborough District,Nil,0,0,0,0,0,0,Open,0,0,0,Fine,Null
1869162,5714079,25016,,541730,0,0,0,1,0,East,2006/2007,TAUHARA ROAD,A C BATHS AVENUE,,Minor Crash,No,2006,0,East,0,0,0,Flat,0,,0,,0,Dark,1271000,1,0,0,2,0,0,0,0,1,,0,0,Waikato Region,Nil,2-way,Sealed,0,0,0,0,50,0,On,0,0,,21,Taupo District,Unknown,0,0,0,0,1,0,Urban,0,0,0,Fine,Null
1619162,5426698,25017,,584000,1,,0,1,,North,2005/2006,SONGER ST,MARLOWE ST,,Minor Crash,No,2006,,South,,0,,Flat,,,,,,Dark,2341600,1,0,0,2,,,0,,,,,,Nelson Region,Nil,2-way,Sealed,,0,0,,50,,On,0,0,,52,Nelson City,Nil,,,,,0,0,Urban,0,,,Light rain,Null
1760128,5916863,25018,,516002,0,0,1,0,0,East,2006/2007,REMUERA ROAD,NORANA AVENUE,,Non-Injury Crash,No,2006,0,West,0,0,0,Flat,0,,0,,0,Overcast,492300,0,0,0,4,0,0,0,0,1,,0,0,Auckland Region,Nil,2-way,Sealed,0,0,0,0,50,0,Off,1,0,,76,Auckland,Nil,0,0,0,0,0,0,Urban,0,0,0,Fine,Null
1814819,5570379,25019,,559220,0,0,0,1,0,North,2005/2006,SH 1N,PUTORINO ROAD,,Non-Injury Crash,Yes,2006,0,North,0,0,0,Flat,1,,0,,0,Bright sun,1729400,0,0,0,2,0,0,0,0,0,,0,0,Manawatū-Whanganui Region,Nil,2-way,Sealed,0,0,0,0,100,0,Null,0,0,,38,Rangitikei District,Nil,0,0,0,0,0,0,Open,0,0,0,Fine,Null
1564141,5182412,25020,,589601,1,,0,0,,Null,2006/2007,MERRIN ST,WITHELLS ROAD,,Minor Crash,No,2006,,East,,0,,Flat,,,,,,Overcast,2529900,1,0,0,2,,,0,,,1,,,Canterbury Region,Nil,2-way,Sealed,,0,0,,50,,Null,0,0,,60,Christchurch City,Give way,,,,,0,0,Urban,0,,,Fine,Null
1769392,5881145,25021,,525910,0,,0,2,,Null,2005/2006,STADIUM DRIVE,EAST ST,,Non-Injury Crash,No,2006,,South,,0,,Flat,,,,,,Twilight,817300,0,0,0,2,,,0,,,,,,Auckland Region,Nil,2-way,Sealed,,0,0,,50,,On,0,0,,76,Auckland,Give way,,,,,0,0,Urban,0,,,Light rain,Null
1764326,5910887,25022,,520500,0,0,0,0,0,East,2006/2007,PARRY ROAD,MEADOW ST,,Non-Injury Crash,No,2006,0,East,0,0,0,Flat,0,,0,,0,Bright sun,638300,0,0,0,2,0,0,0,0,0,,0,1,Auckland Region,Nil,2-way,Sealed,0,0,0,0,50,0,Off,0,0,,76,Auckland,Nil,0,0,0,0,0,0,Urban,1,0,0,Fine,Null
1455576,5084556,25023,,598202,1,,0,0,,East,2005/2006,GLENITI ROAD,SNOWDON ROAD,,Minor Crash,No,2006,,East,,0,,Flat,,,,,,Overcast,2778401,1,0,0,2,,,0,,,,,,Canterbury Region,Nil,2-way,Sealed,,0,0,,50,,Null,0,0,,64,Timaru District,Nil,,,,,0,0,Urban,1,,,Fine,Null
1756102,5921001,25024,,515202,0,,0,2,,North,2006/2007,SH 1N,FANSHAWE OBR,,Non-Injury Crash,Yes,2006,,North,,0,,Flat,,,,,,Bright sun,425600,0,0,0,4,,,0,,,,,,Auckland Region,Nil,1-way,Sealed,,0,0,,80,,Off,0,0,,76,Auckland,Nil,,,,,1,0,Open,0,,,Fine,Null
1620037,6124473,25025,,500208,0,0,0,1,0,South,2005/2006,SH 1N,WEST COAST ROAD,,Minor Crash,Yes,2006,0,South,0,0,1,Hill Road,0,,0,,0,Overcast,2303,2,0,0,2,0,0,0,0,0,,0,0,Northland Region,Nil,2-way,Sealed,0,0,0,0,100,0,None,0,0,,1,Far North District,Nil,0,0,0,0,0,0,Open,0,0,0,Light rain,Null
1596761,5447687,25026,,584301,0,0,0,1,0,South,2005/2006,MOTUEKA VALLEY HIGHWAY,COLLEGE ST,,Non-Injury Crash,No,2006,0,South,0,0,1,Flat,0,,0,,0,Twilight,2370800,0,0,0,2,0,0,0,1,0,,0,0,Tasman Region,Nil,2-way,Sealed,0,0,0,0,100,0,None,0,0,,51,Tasman District,Nil,0,0,0,0,0,0,Open,0,0,0,Fine,Null
1897014,5767942,25027,,538832,0,0,0,1,0,South,2006/2007,SPENCER ROAD,WAITANGI ROAD,,Minor Crash,No,2006,0,North,0,0,1,Hill Road,0,Labour Weekend,0,,0,Dark,1258602,5,0,0,2,0,0,0,1,0,,0,0,Bay of Plenty Region,Nil,2-way,Sealed,0,0,0,0,50,0,None,0,0,,24,Rotorua District,Unknown,0,0,0,1,0,0,Urban,0,0,0,Fine,Null
1870262,5813656,25028,,536630,0,,0,1,,South,2005/2006,OMANAWA ROAD,SH 29,,Non-Injury Crash,No,2006,,North,,0,,Flat,,,,,,Dark,1191600,0,0,0,2,,,0,,,,,,Bay of Plenty Region,Nil,2-way,Sealed,,0,0,,100,,None,0,0,,22,Western Bay of Plenty District,Unknown,,,,,0,0,Open,0,,,Light rain,Null
1816488,5803316,25029,,527502,0,,0,2,,Null,2005/2006,QUEEN ST,GREY ST,,Non-Injury Crash,No,2006,,East,,0,,Flat,,,,,,Bright sun,964700,0,0,0,2,,,0,,,,,,Waikato Region,Nil,2-way,Sealed,,0,0,,50,,Null,0,0,,17,Waipa District,Give way,,,,,0,0,Urban,0,,,Fine,Null