X,Y,OBJECTID,advisorySpeed,areaUnitID,bicycle,bridge,bus,carStationWagon,cliffBank,crashDirectionDescription,crashFinancialYear,crashLocation1,crashLocation2,crashRoadSideRoad,crashSeverity,crashSHDescription,crashYear,debris,directionRoleDescription,ditch,fatalCount,fence,flatHill,guardRail,holiday,houseOrBuilding,intersection,kerb,light,meshblockId,minorInjuryCount,moped,motorcycle,NumberOfLanes,objectThrownOrDropped,otherObject,otherVehicleType,overBank,parkedVehicle,pedestrian,phoneBoxEtc,postOrPole,region,roadCharacter,roadLane,roadSurface,roadworks,schoolBus,seriousInjuryCount,slipOrFlood,speedLimit,strayAnimal,streetLight,suv,taxi,temporarySpeedLimit,tlaId,tlaName,trafficControl,trafficIsland,trafficSign,train,tree,truck,unknownVehicleType,urban,vanOrUtility,vehicle,waterRiver,weatherA,weatherB
1759622,5980355,25030,,506661,0,,0,1,,West,2005/2006,LEIGH ROAD,COXHEAD CREEK ROAD,,Minor Crash,No,2006,,East,,0,,Flat,,,,,,Bright sun,137601,1,0,0,1,,,0,,,,,,Auckland Region,Bridge,1-way,Sealed,,0,0,,100,,Off,1,0,,76,Auckland,Give way,,,,,0,0,Open,0,,,Fine,Null
1774730,5896076,25031,,525610,1,,0,1,,North,2006/2007,DOMINION ROAD,SETTLEMENT ROAD,,Minor Crash,No,2006,,South,,0,,Hill Road,,,,,,Bright sun,798902,1,0,0,2,,,0,,,,,,Auckland Region,Nil,2-way,Sealed,,0,0,,50,,Off,0,0,,76,Auckland,Nil,,,,,0,0,Urban,0,,,Fine,Null
1718349,6048896,25032,,502300,0,0,0,1,0,East,2005/2006,WHAU VALLEY ROAD,FAIRWAY DRIVE,,Non-Injury Crash,No,2006,0,West,0,0,1,Hill Road,0,,0,,0,Dark,89201,0,0,0,2,0,0,0,0,0,,0,1,Northland Region,Nil,2-way,Sealed,0,0,0,0,50,0,On,0,0,,2,Whangarei District,Nil,0,0,0,0,0,0,Urban,0,0,0,Fine,Null
1760431,5908916,25033,,524403,0,,0,1,,West,2005/2006,WALMSLEY ROAD,ROBERTSON ROAD,,Serious Crash,No,2006,,East,,0,,Flat,,,,,,Dark,729901,0,0,0,3,,,0,,,1,,,Auckland Region,Nil,2-way,Sealed,,0,1,,60,,On,0,0,,76,Auckland,Nil,,,,,0,0,Urban,0,,,Fine,Null
1760173,5449183,25034,,565601,0,,0,1,,East,2006/2007,GRAYS ROAD,MOTUKARAKA POINT E,,Serious Crash,No,2006,,West,,0,,Flat,,,,,,Overcast,2072000,1,0,0,2,,,0,,,,,,Wellington Region,Nil,2-way,Sealed,,0,1,,80,,Null,0,0,,44,Porirua City,Nil,,,,,0,0,Open,1,,,Fine,Null
1584652,5462977,25035,,581601,0,0,0,0,0,North,2005/2006,SH 60,URUWHENUA ROAD,,Minor Crash,Yes,2006,0,South,0,0,0,Flat,0,Easter,0,,0,Overcast,2347100,1,0,0,2,0,0,0,0,0,,0,1,Tasman Region,Nil,2-way,Sealed,0,0,0,0,100,0,Null,0,0,60,51,Tasman District,Nil,0,0,0,0,0,0,Open,1,0,0,Light rain,Null
1768750,5881497,25036,,525921,0,,0,2,,Null,2006/2007,SEDDON ST,VICTORIA ST,,Non-Injury Crash,No,2006,,North,,0,,Flat,,,,,,Twilight,821400,0,0,0,2,,,0,,,,,,Auckland Region,Nil,2-way,Sealed,,0,0,,50,,Off,0,0,,76,Auckland,Give way,,,,,0,0,Urban,0,,,Fine,Null
1756398,5932912,25037,,507400,0,,0,2,,Null,2006/2007,BEACH ROAD,BRIGHTON TERRACE,,Non-Injury Crash,No,2006,,South,,0,,Flat,,,,,,Dark,152600,0,0,0,2,,,0,,,,,,Auckland Region,Nil,2-way,Sealed,,0,0,,50,,On,0,0,,76,Auckland,Nil,,,,,0,0,Urban,0,,,Fine,Null
1723441,6043362,25038,,504000,0,,0,2,,Null,2006/2007,OLD ONERAHI ROAD,NOTTINGHAM ROAD,,Non-Injury Crash,No,2006,,North,,0,,Flat,,,,,,Overcast,110101,0,0,0,2,,,0,,,,,,Northland Region,Nil,2-way,Sealed,,0,0,,50,,Null,0,0,,2,Whangarei District,Nil,,,,,0,0,Urban,0,,,Fine,Null
1690625,5675396,25039,,551501,0,,0,1,,East,2005/2006,SH 45,SEAVIEW ROAD,,Non-Injury Crash,Yes,2006,,East,,0,,Hill Road,,,,,,Bright sun,1582400,0,0,0,2,,,0,,,,,,Taranaki Region,Nil,2-way,Sealed,,0,0,,50,,Null,0,0,,33,New Plymouth District,Nil,,,,,0,0,Urban,1,,,Fine,Null
1854418,5899232,25040,,533602,0,0,0,1,0,Null,2006/2007,KENNEDY PARK DRIVE,VISTA PAKU,,Non-Injury Crash,No,2006,0,South,0,0,0,Flat,0,,0,,0,Overcast,1060007,0,0,0,2,0,0,0,0,0,,0,0,Waikato Region,Nil,2-way,Sealed,0,0,0,0,50,0,Null,0,0,,11,Thames-Coromandel District,Nil,1,0,0,1,0,0,Urban,0,0,0,Fine,Null
1678645,6022542,25041,,504600,1,,0,1,,East,2006/2007,SH 12,GLADSTONE ST,,Minor Crash,Yes,2006,,East,,0,,Flat,,,,,,Overcast,116500,1,0,0,2,,,0,,,,,,Northland Region,Nil,2-way,Sealed,,0,0,,50,,Null,0,0,,3,Kaipara District,Nil,,,,,0,0,Urban,0,,,Fine,Null
1758071,5917541,25042,,515700,0,,0,3,,Null,2006/2007,ALPERS AVENUE,GILLIES AVENUE,,Minor Crash,No,2006,,North,,0,,Flat,,,,,,Bright sun,443700,3,0,0,4,,,0,,,,,,Auckland Region,Nil,1-way,Sealed,,0,0,,50,,Off,0,0,,76,Auckland,Traffic Signals,,,,,0,0,Urban,0,,,Fine,Null
1757008,5917508,25043,,518102,0,0,0,3,0,South,2005/2006,MOUNT EDEN ROAD,HILLSIDE CRESCENT,,Non-Injury Crash,No,2006,0,South,0,0,0,Hill Road,0,,0,,0,Dark,546300,0,0,0,2,0,0,0,0,1,,0,0,Auckland Region,Nil,2-way,Sealed,0,0,0,0,50,0,On,0,0,,76,Auckland,Nil,0,0,0,0,0,0,Urban,0,0,0,Fine,Null
1624112,6114169,25044,,500301,0,0,0,0,0,Null,2005/2006,COMMERCE ST,BANK ST,,Non-Injury Crash,No,2006,0,East,0,0,0,Flat,0,,0,,0,Dark,14600,0,0,0,2,0,0,0,0,0,,1,1,Northland Region,Nil,2-way,Sealed,0,0,0,0,50,0,On,0,0,,1,Far North District,Give way,0,0,0,1,0,0,Urban,1,0,0,Fine,Null
1826408,5867644,25045,,533903,0,,0,2,,West,2005/2006,KAIKAHU ROAD,SH 2,,Non-Injury Crash,No,2006,,South,,0,,Flat,,,,,,Bright sun,1065200,0,0,0,2,,,0,,,,,,Waikato Region,Nil,2-way,Sealed,,0,0,,100,,Null,0,0,,12,Hauraki District,Unknown,,,,,0,0,Open,0,,,Fine,Null
1748330,5427015,25046,,573000,0,0,0,1,0,South,2006/2007,WILLIS ST,VIVIAN ST,,Minor Crash,No,2006,0,North,0,0,0,Flat,0,,0,,0,Dark,2130200,1,0,1,2,0,0,0,0,1,,0,0,Wellington Region,Nil,2-way,Sealed,0,0,0,0,50,0,On,0,0,,47,Wellington City,Nil,0,0,0,0,0,0,Urban,0,0,0,Light rain,Null
1977045,5755780,25047,,542904,0,0,0,0,1,South,2006/2007,SH 2,WAIATA ROAD,,Minor Crash,Yes,2006,0,South,1,0,0,Flat,0,,0,,0,Overcast,1335700,2,0,0,2,0,0,0,0,0,,0,0,Bay of Plenty Region,Nil,2-way,Sealed,0,0,0,0,100,0,None,1,0,,27,Ōpōtiki District,Nil,0,0,0,0,0,0,Open,0,0,0,Light rain,Null
1763884,5912598,25048,,520500,0,,0,1,,Null,2005/2006,MOUNT WELLINGTON HIGHWAY,MT WGTN OFF SBD,,Serious Crash,No,2006,,North,,0,,Hill Road,,,,,,Dark,637400,0,0,0,5,,,0,,,,,,Auckland Region,Motorway ramp,2-way,Sealed,,0,2,,50,,On,0,0,,76,Auckland,Traffic Signals,,,,,0,0,Urban,1,,,Light rain,Null
1822133,5529804,25049,,562800,0,,0,1,,East,2005/2006,BROADWAY AVENUE,SH 3,,Non-Injury Crash,No,2006,,West,,0,,Flat,,,,,,Dark,1831300,0,0,0,2,,,0,,,,,,Manawatū-Whanganui Region,Nil,2-way,Sealed,,0,0,,50,,On,0,0,,40,Palmerston North City,Nil,,,,,0,0,Urban,1,,,Light rain,Null
1877842,5823049,25050,,538101,0,,0,1,,Null,2005/2006,WAIHI ROAD,WAIHI ON NBD,,Non-Injury Crash,No,2006,,East,,0,,Flat,,,,,,Bright sun,1167601,0,0,0,4,,,0,,,,,,Bay of Plenty Region,Motorway ramp,2-way,Sealed,,0,0,,50,,Null,1,0,,23,Tauranga City,Traffic Signals,,,,,0,0,Urban,0,,,Fine,Null
1765458,5917051,25051,,517001,0,0,0,2,0,West,2006/2007,Z CPK GLEN INNES SC,BRADLEY LANE,,Non-Injury Crash,No,2006,0,South,0,0,0,Flat,0,,0,,0,Bright sun,476000,0,0,0,1,0,0,0,0,1,,0,0,Auckland Region,Nil,Off road,Sealed,0,0,0,0,20,0,Off,0,0,,76,Auckland,Nil,0,0,0,0,0,0,Urban,0,0,0,Fine,Null
1813370,5815570,25052,,527131,0,0,0,1,0,North,2006/2007,TAI PATENA PLACE,TAUWHARE ROAD,,Minor Crash,No,2006,0,South,0,0,1,Flat,0,,0,,0,Dark,957600,1,0,0,2,0,0,0,0,0,,0,0,Waikato Region,Nil,2-way,Sealed,0,0,0,0,100,0,Off,0,0,,13,Waikato District,Nil,0,0,0,1,0,0,Open,0,0,0,Fine,Null
1748998,5428685,25053,,572900,0,,0,2,,Null,2005/2006,FEATHERSTON ST,BUNNY ST,,Non-Injury Crash,No,2006,,South,,0,,Flat,,,,,,Dark,2122800,0,0,0,5,,,0,,,,,,Wellington Region,Nil,2-way,Sealed,,0,0,,50,,On,0,0,,47,Wellington City,Traffic Signals,,,,,0,0,Urban,0,,,Light rain,Null
1462705,5337239,25054,,584411,0,,0,1,,North,2006/2007,SH 6,PORORARI RIV BR,,Minor Crash,Yes,2006,,North,,0,,Flat,,,,,,Overcast,2388300,2,0,0,2,,,0,,,,,,West Coast Region,Nil,2-way,Sealed,,0,0,,80,,Null,0,0,,55,Buller District,Nil,,,,,1,0,Open,0,,,Fine,Null
1804121,5814895,25055,,530700,0,,0,2,,Null,2005/2006,HILLCREST ROAD,ODONOGHUE ST,,Non-Injury Crash,No,2006,,South,,0,,Flat,,,,,,Dark,887800,0,0,0,2,,,0,,,,,,Waikato Region,Nil,2-way,Sealed,,0,0,,50,,On,0,0,,16,Hamilton City,Give way,,,,,0,0,Urban,0,,,Fine,Null
1771058,5903866,25056,,523819,0,0,0,1,0,West,2006/2007,REDOUBT ROAD,MILL ROAD,,Non-Injury Crash,No,2006,0,West,0,0,0,Flat,0,Christmas New Year,0,,0,Overcast,760500,0,0,0,2,0,0,0,0,0,,0,0,Auckland Region,Nil,2-way,Sealed,0,0,0,0,70,0,None,0,0,,76,Auckland,Nil,1,0,0,0,0,0,Urban,0,0,0,Light rain,Null
1710235,5617642,25057,,554010,1,0,0,2,0,South,2005/2006,VICTORIA ST,GLOVER ROAD,,Serious Crash,No,2006,0,North,0,0,0,Flat,0,,0,,0,Dark,1647400,0,0,0,2,0,0,0,0,1,,0,0,Taranaki Region,Nil,2-way,Sealed,0,0,1,0,50,0,On,0,0,,35,South Taranaki District,Nil,0,0,0,0,0,0,Urban,0,0,0,Light rain,Null
1843117,5597066,25058,,559220,0,,0,0,,South,2006/2007,SH 1N,UTIKU SOUTH ROAD,,Minor Crash,Yes,2006,,South,,0,,Flat,,,,,,Dark,1746400,2,0,0,2,,,0,,,,,,Manawatū-Whanganui Region,Nil,2-way,Sealed,,0,0,,100,,None,0,0,,38,Rangitikei District,Nil,,,,,0,0,Open,1,,,Snow,Strong wind
1750210,5916152,25059,,514802,0,,0,2,,Null,2006/2007,ROSEBANK ROAD,ORCHARD ST,,Non-Injury Crash,No,2006,,North,,0,,Flat,,Labour Weekend,,,,Overcast,389800,0,0,0,2,,,0,,,,,,Auckland Region,Nil,2-way,Sealed,,0,0,,50,,Off,0,0,,76,Auckland,Give way,,,,,0,0,Urban,0,,,Fine,Null
1876985,5819084,25060,45,537601,0,0,0,1,0,East,2006/2007,OROPI ROAD,GLENLYON AVENUE,,Non-Injury Crash,No,2006,0,South,0,0,0,Hill Road,0,,0,,0,Bright sun,1177400,0,0,0,2,0,0,0,0,0,,0,1,Bay of Plenty Region,Nil,2-way,Sealed,0,0,0,0,70,0,Off,0,0,,23,Tauranga City,Nil,0,0,0,0,0,0,Urban,0,0,0,Fine,Null
1817196,5802950,25061,,527503,0,,0,1,,South,2005/2006,VICTORIA ST,DUKE ST,,Non-Injury Crash,No,2006,,North,,0,,Flat,,,,,,Bright sun,965200,0,0,0,2,,,0,,,,,,Waikato Region,Nil,2-way,Sealed,,0,0,,50,,Off,1,0,,17,Waipa District,Nil,,,,,0,0,Urban,0,,,Fine,Null
1751672,5432833,25062,,574303,0,0,0,1,1,West,2005/2006,SH 1N,TYERS ROAD,,Minor Crash,Yes,2006,0,West,0,0,0,Hill Road,0,,0,,0,Overcast,2088705,1,0,0,3,0,0,0,0,0,,0,0,Wellington Region,Nil,1-way,Sealed,0,0,0,0,80,0,Null,0,0,,47,Wellington City,Nil,0,0,0,0,0,0,Open,0,0,0,Heavy rain,Strong wind
1767930,5906873,25063,,523711,0,0,0,1,0,Null,2005/2006,PRESTON ROAD,DAWSON ROAD,,Non-Injury Crash,No,2006,0,West,0,0,1,Flat,0,Easter,0,,0,Dark,714400,0,0,0,2,0,0,0,0,0,,0,0,Auckland Region,Nil,2-way,Sealed,0,0,0,0,50,0,On,0,0,,76,Auckland,Traffic Signals,0,0,0,0,0,0,Urban,0,0,0,Fine,Null
1704741,5680521,25064,,551111,0,0,0,0,0,South,2006/2007,RICHMOND ROAD,SH 3,,Minor Crash,No,2006,0,South,0,0,1,Flat,0,,0,,0,Bright sun,1565400,1,0,0,2,0,0,0,0,0,,0,0,Taranaki Region,Nil,2-way,Sealed,0,0,0,0,100,0,Null,1,0,,33,New Plymouth District,Nil,0,0,0,0,0,0,Open,1,0,0,Fine,Null
1750749,5950097,25065,,505805,0,0,0,1,0,South,2006/2007,AMBASSADOR GLADE,WEST HOE HEIGHTS,,Non-Injury Crash,No,2006,0,West,0,0,0,Hill Road,0,,0,,0,Bright sun,171706,0,0,0,2,0,0,0,0,0,,0,1,Auckland Region,Nil,2-way,Sealed,0,0,0,0,50,0,Off,0,0,,76,Auckland,Nil,0,0,0,0,0,0,Urban,0,0,0,Fine,Null
1572453,5186474,25066,,590506,0,,0,3,,Null,2005/2006,MARSHLAND ROAD,PRESTONS ROAD,,Minor Crash,No,2006,,South,,0,,Flat,,,,,,Bright sun,2503600,1,0,0,2,,,0,,,,,,Canterbury Region,Nil,2-way,Sealed,,0,0,,80,,Null,1,0,,60,Christchurch City,Give way,,,,,0,0,Open,0,,,Fine,Null
1771146,5896384,25067,,525540,0,,0,1,,North,2006/2007,SH 1N,BEACH OBR,,Minor Crash,Yes,2006,,South,,0,,Flat,,,,,,Overcast,806204,2,0,0,2,,,0,,,,,,Auckland Region,Nil,1-way,Sealed,,0,0,,100,,Off,1,0,,76,Auckland,Nil,,,,,0,0,Open,0,,,Fine,Null
1751975,5432163,25068,,574002,0,,0,2,,East,2006/2007,SH 2,SH 1N,,Non-Injury Crash,Yes,2006,,North,,0,,Flat,,,,,,Overcast,2078302,0,0,0,2,,,0,,,,,,Wellington Region,Nil,1-way,Sealed,,0,0,,100,,Null,0,0,,47,Wellington City,Nil,,,,,0,0,Open,0,,,Fine,Null
1949969,5790833,25069,,542440,0,,0,0,,West,2006/2007,GOULSTONE ROAD,KING ST,,Non-Injury Crash,No,2006,,West,,0,,Flat,,,,,,Dark,1308100,0,0,0,2,,,0,,,,,,Bay of Plenty Region,Nil,2-way,Sealed,,0,0,,50,,On,1,0,,25,Whakatane District,Unknown,,,,,0,0,Urban,1,,,Fine,Null
1752199,5913545,25070,,514500,0,,0,2,,Null,2006/2007,WHITNEY ST,MARGATE ROAD,,Minor Crash,No,2006,,North,,0,,Flat,,,,,,Bright sun,374500,1,0,0,2,,,0,,,,,,Auckland Region,Nil,2-way,Sealed,,0,0,,50,,Null,0,0,,76,Auckland,Stop,,,,,0,0,Urban,0,,,Fine,Null
1731707,6025135,25071,,501806,1,,0,1,,South,2006/2007,BREAM BAY DRIVE,RUAKAKA BEACH ROAD E,,Non-Injury Crash,No,2006,,North,,0,,Flat,,,,,,Overcast,79813,0,0,0,2,,,0,,,,,,Northland Region,Nil,2-way,Sealed,,0,0,,50,,Null,0,0,,2,Whangarei District,Unknown,,,,,0,0,Urban,0,,,Fine,Null
1794847,5816735,25072,,527913,0,0,0,0,0,South,2006/2007,BAGUST ROAD,HILLVIEW ROAD,,Non-Injury Crash,No,2006,0,West,0,0,1,Hill Road,0,,0,,0,Overcast,978117,0,0,0,2,0,0,0,0,0,,0,1,Waikato Region,Nil,2-way,Sealed,0,0,0,0,100,0,Null,0,0,,13,Waikato District,Nil,0,0,0,0,1,0,Open,0,0,0,Light rain,Null
1757392,5920430,25073,,514103,0,,0,2,,North,2005/2006,QUEEN ST,VICTORIA ST WEST,,Non-Injury Crash,No,2006,,North,,0,,Flat,,,,,,Dark,437600,0,0,0,2,,,0,,,,,,Auckland Region,Nil,2-way,Sealed,,0,0,,50,,On,0,1,,76,Auckland,Traffic Signals,,,,,0,0,Urban,0,,,Fine,Null
1879329,5825424,25074,,538201,0,,0,1,,East,2006/2007,SH 2A,CHAPEL ST,,Non-Injury Crash,Yes,2006,,West,,0,,Hill Road,,,,,,Overcast,1163001,0,0,0,3,,,0,,,,,,Bay of Plenty Region,Nil,2-way,Sealed,,0,0,,50,,Null,0,0,,23,Tauranga City,Unknown,,,,,1,0,Urban,0,,,Fine,Strong wind
1694004,5673500,25075,,552500,1,,0,1,,Null,2005/2006,CARRINGTON ST,SALTASH ST,,Minor Crash,No,2006,,South,,0,,Flat,,,,,,Bright sun,1569400,1,0,0,2,,,0,,,,,,Taranaki Region,Nil,2-way,Sealed,,0,0,,50,,Null,0,0,,33,New Plymouth District,Give way,,,,,0,0,Urban,0,,,Fine,Null
1243170,4849708,25076,,611210,0,0,0,4,0,Null,2005/2006,ESK ST,JED ST,,Minor Crash,No,2006,0,East,0,0,0,Flat,0,,0,,0,Overcast,3109000,3,0,0,2,0,0,0,0,1,,0,0,Southland Region,Nil,2-way,Sealed,0,0,0,0,50,0,Null,0,0,,75,Invercargill City,Give way,0,0,0,0,0,0,Urban,0,0,0,Fine,Null
1753966,5914354,25077,,518801,0,,0,2,,Null,2006/2007,STODDARD ROAD,SANDRINGHAM ROAD,,Minor Crash,No,2006,,East,,0,,Flat,,,,,,Dark,578500,2,0,0,1,,,0,,,,,,Auckland Region,Nil,2-way,Sealed,,0,0,,50,,On,0,0,,76,Auckland,Nil,,,,,0,0,Urban,0,,,Fine,Null
1930349,5604200,25078,,548300,0,,0,2,,West,2005/2006,HERETAUNGA ST EAST,RIVERSLEA ROAD NORTH,,Minor Crash,No,2006,,East,,0,,Flat,,,,,,Bright sun,1501600,1,0,0,2,,,0,,,,,,Hawke's Bay Region,Nil,2-way,Sealed,,0,0,,50,,Null,0,0,,30,Hastings District,Give way,,,,,0,0,Urban,0,,,Fine,Null
1769615,5908511,25079,,523115,0,,0,2,,Null,2005/2006,TE IRIRANGI DRIVE,ACCENT DRIVE,,Minor Crash,No,2006,,West,,0,,Flat,,,,,,Bright sun,711912,2,0,0,2,,,0,,,,,,Auckland Region,Nil,2-way,Sealed,,0,0,,80,,Off,0,0,,76,Auckland,Traffic Signals,,,,,0,0,Open,0,,,Fine,Null
1742197,5915375,25080,,513020,0,0,1,0,0,North,2006/2007,CANDIA ROAD,HENDERSON VALLEY ROAD,,Minor Crash,No,2006,0,North,0,0,0,Flat,0,,0,,0,Overcast,280000,1,0,0,2,0,1,0,0,0,,0,0,Auckland Region,Nil,2-way,Sealed,0,0,0,0,70,0,Null,0,0,,76,Auckland,Nil,0,0,0,0,0,0,Urban,0,0,0,Heavy rain,Strong wind
1860904,5718851,25081,,541335,0,0,0,1,0,South,2006/2007,MAPARA ROAD,POIHIPI ROAD,,Non-Injury Crash,No,2006,0,North,0,0,0,Hill Road,0,,0,,0,Overcast,1278402,0,0,0,2,0,0,0,0,0,,0,0,Waikato Region,Nil,2-way,Sealed,0,0,0,0,100,0,None,0,0,,21,Taupo District,Nil,0,0,0,0,0,0,Open,0,0,0,Light rain,Null
1794232,5504212,25082,,564021,0,0,0,1,0,West,2005/2006,SH 1N,KOPUTAROA ROAD,,Non-Injury Crash,Yes,2006,0,West,0,0,1,Flat,0,,0,,0,Dark,1855200,0,0,0,2,0,0,0,0,0,,0,0,Manawatū-Whanganui Region,Nil,2-way,Sealed,0,0,0,0,100,0,Off,0,0,,42,Horowhenua District,Nil,0,0,0,1,0,0,Open,0,0,0,Fine,Null
1791974,5832665,25083,,527123,0,0,0,0,0,South,2005/2006,GREAT SOUTH ROAD,OLD TAUPIRI ROAD N,,Serious Crash,No,2006,0,North,0,0,0,Flat,1,,0,,0,Dark,951201,1,0,0,2,0,0,0,0,0,,0,0,Waikato Region,Bridge,2-way,Sealed,0,0,2,0,100,0,None,1,0,,13,Waikato District,Unknown,0,0,0,0,0,0,Open,1,0,0,Fine,Null
1802409,5814608,25084,,530200,0,0,0,1,0,West,2005/2006,COATES ST,NIXON ST,,Non-Injury Crash,No,2006,0,South,0,0,0,Flat,0,Christmas New Year,0,,0,Twilight,891801,0,0,0,2,0,0,0,0,1,,0,0,Waikato Region,Nil,2-way,Sealed,0,0,0,0,50,0,On,0,0,,16,Hamilton City,Nil,0,0,0,0,0,0,Urban,1,0,0,Fine,Null
1769916,5908094,25085,,523713,0,,0,2,,South,2005/2006,CHAPEL ROAD,STANCOMBE ROAD,,Non-Injury Crash,No,2006,,South,,0,,Flat,,,,,,Dark,712302,0,0,0,2,,,0,,,,,,Auckland Region,Nil,2-way,Sealed,,0,0,,70,,None,0,0,,76,Auckland,Nil,,,,,0,0,Urban,0,,,Light rain,Null
1763416,5908501,25086,,521901,0,,0,2,,South,2005/2006,MANGERE ROAD,MCDONALD PLACE,,Minor Crash,No,2006,,North,,0,,Flat,,,,,,Overcast,783700,1,0,0,4,,,0,,,,,,Auckland Region,Bridge,2-way,Sealed,,0,0,,50,,Off,0,0,,76,Auckland,Nil,,,,,0,0,Urban,0,,,Light rain,Null
1933106,5601629,25087,,548832,0,,0,2,,Null,2006/2007,DUART ROAD,CAMPBELL ST,,Serious Crash,No,2006,,South,,0,,Hill Road,,,,,,Dark,1508600,0,0,0,2,,,0,,,,,,Hawke's Bay Region,Nil,2-way,Sealed,,0,1,,50,,On,0,0,,30,Hastings District,Give way,,,,,0,0,Urban,0,,,Fine,Null
1763497,5912749,25088,,520500,0,,0,1,,East,2005/2006,SH 1N,MT WGTN OFF SBD,,Non-Injury Crash,Yes,2006,,South,,0,,Flat,,,,,,Bright sun,637400,0,0,0,3,,,0,,,,,,Auckland Region,Nil,1-way,Sealed,,0,0,,100,,Off,0,0,,76,Auckland,Nil,,,,,0,0,Open,1,,,Fine,Null
1572095,5190172,25089,,590604,0,,0,2,,Null,2005/2006,MARSHLAND ROAD,GUTHRIES ROAD,,Minor Crash,No,2006,,South,,0,,Flat,,,,,,Overcast,2503102,1,0,0,2,,,0,,,,,,Canterbury Region,Nil,2-way,Sealed,,0,0,,80,,Null,0,0,,60,Christchurch City,Give way,,,,,0,0,Open,0,,,Fine,Null
1755051,5918599,25090,,515420,0,,0,0,,Null,2005/2006,CRUMMER ROAD,COLERIDGE ST,,Minor Crash,No,2006,,South,,0,,Flat,,,,,,Overcast,404800,1,0,1,2,,,0,,,,,,Auckland Region,Nil,2-way,Sealed,,0,0,,50,,Off,1,0,,76,Auckland,Stop,,,,,0,0,Urban,0,,,Mist or Fog,Null
1569458,5177480,25091,,595000,0,,0,1,,North,2005/2006,SIMEON ST,MEADOWVILLE AVENUE,,Fatal Crash,No,2006,,North,,1,,Flat,,,,,,Bright sun,2643200,0,0,1,2,,,0,,,,,,Canterbury Region,Nil,2-way,Sealed,,0,0,,50,,Null,0,0,,60,Christchurch City,Nil,,,,,0,0,Urban,0,,,Fine,Null
1766655,5913203,25092,,522910,0,,0,2,,South,2005/2006,Z CPK PAKURANGA SC,PAKURANGA ROAD,,Non-Injury Crash,No,2006,,South,,0,,Flat,,,,,,Bright sun,684000,0,0,0,0,,,0,,,,,,Auckland Region,Nil,Off road,Sealed,,0,0,,50,,None,0,0,,76,Auckland,Nil,,,,,0,0,Urban,0,,,Fine,Null
1820921,5529745,25093,,562800,0,0,0,1,0,South,2005/2006,WALDEGRAVE ST,FEATHERSTON ST,,Non-Injury Crash,No,2006,0,South,0,0,0,Flat,0,,0,,0,Overcast,1827500,0,0,0,2,0,0,0,0,1,,0,0,Manawatū-Whanganui Region,Nil,2-way,Sealed,0,0,0,0,50,0,Null,0,0,,40,Palmerston North City,Nil,0,0,0,0,0,0,Urban,1,0,0,Fine,Null
1885123,5772310,25094,,540600,0,,0,1,,Null,2005/2006,FENTON ST,PEACE ST,,Non-Injury Crash,No,2006,,South,,0,,Flat,,,,,,Overcast,1243200,0,0,0,4,,,0,,,,,,Bay of Plenty Region,Nil,2-way,Sealed,,0,0,,60,,Null,1,0,,24,Rotorua District,Give way,,,,,0,0,Urban,0,,,Fine,Null
1746530,5916440,25095,,511601,0,0,0,2,0,North,2005/2006,GREAT NORTH ROAD,JAMES LAURIE ST,,Serious Crash,No,2006,0,South,0,0,0,Flat,0,,0,,0,Bright sun,274505,1,0,0,2,0,0,0,0,0,1,0,1,Auckland Region,Nil,1-way,Sealed,0,0,1,0,50,0,Off,0,0,,76,Auckland,Nil,1,0,0,1,0,0,Urban,0,0,0,Fine,Null
1769236,5913202,25096,,522723,0,0,0,1,0,South,2005/2006,REELICK AVENUE,HOPE FARM AVENUE,,Non-Injury Crash,No,2006,0,North,0,0,0,Flat,0,,0,,0,Dark,682800,0,0,0,2,0,0,0,0,0,,0,0,Auckland Region,Nil,2-way,Sealed,0,0,0,0,50,0,On,0,0,,76,Auckland,Nil,0,0,0,1,0,0,Urban,0,0,0,Fine,Null
1889239,5820850,25097,,536517,0,,0,2,,Null,2005/2006,SH 2,DOMAIN ROAD,,Minor Crash,Yes,2006,,South,,0,,Flat,,,,,,Overcast,1205060,2,0,0,2,,,0,,,,,,Bay of Plenty Region,Nil,2-way,Sealed,,0,0,,100,,Null,0,0,50,23,Tauranga City,Stop,,,,,0,0,Open,1,,,Fine,Null
1759030,5916625,25098,,519200,0,,0,2,,Null,2006/2007,MARKET ROAD,MOUNT ST JOHN AVENUE,,Non-Injury Crash,No,2006,,East,,0,,Flat,,,,,,Bright sun,614200,0,0,0,2,,,0,,,,,,Auckland Region,Nil,2-way,Sealed,,0,0,,50,,Off,0,0,,76,Auckland,Give way,,,,,0,0,Urban,0,,,Fine,Null
1753070,5916794,25099,,517800,0,,0,1,,East,2005/2006,NEW NORTH ROAD,ASQUITH AVENUE,,Non-Injury Crash,No,2006,,West,,0,,Hill Road,,,,,,Overcast,527600,0,0,0,3,,,0,,,,,,Auckland Region,Nil,2-way,Sealed,,0,0,,50,,Off,1,0,,76,Auckland,Nil,,,,,0,0,Urban,0,,,Light rain,Null