X,Y,OBJECTID,advisorySpeed,areaUnitID,bicycle,bridge,bus,carStationWagon,cliffBank,crashDirectionDescription,crashFinancialYear,crashLocation1,crashLocation2,crashRoadSideRoad,crashSeverity,crashSHDescription,crashYear,debris,directionRoleDescription,ditch,fatalCount,fence,flatHill,guardRail,holiday,houseOrBuilding,intersection,kerb,light,meshblockId,minorInjuryCount,moped,motorcycle,NumberOfLanes,objectThrownOrDropped,otherObject,otherVehicleType,overBank,parkedVehicle,pedestrian,phoneBoxEtc,postOrPole,region,roadCharacter,roadLane,roadSurface,roadworks,schoolBus,seriousInjuryCount,slipOrFlood,speedLimit,strayAnimal,streetLight,suv,taxi,temporarySpeedLimit,tlaId,tlaName,trafficControl,trafficIsland,trafficSign,train,tree,truck,unknownVehicleType,urban,vanOrUtility,vehicle,waterRiver,weatherA,weatherB
1749394,5427061,25100,,573400,0,,0,1,,East,2006/2007,MAJORIBANKS ST,KENT TERRACE,,Minor Crash,No,2006,,West,,0,,Flat,,,,,,Dark,2139000,1,0,0,2,,,0,,,1,,,Wellington Region,Nil,2-way,Sealed,,0,0,,50,,On,0,0,,47,Wellington City,Traffic Signals,,,,,0,0,Urban,0,,,Fine,Null
1750004,5916560,25101,,514801,0,,0,2,,North,2006/2007,ROSEBANK ROAD,EASTDALE ROAD,,Non-Injury Crash,No,2006,,North,,0,,Flat,,,,,,Bright sun,389101,0,0,0,2,,,0,,,,,,Auckland Region,Nil,2-way,Sealed,,0,0,,50,,Off,0,0,,76,Auckland,Nil,,,,,0,0,Urban,0,,,Fine,Null
1728628,6006155,25102,,505010,0,0,0,1,0,Null,2005/2006,SH 1N,PIROA STM BR,,Non-Injury Crash,Yes,2006,0,South,1,0,0,Hill Road,0,,0,,0,Overcast,134700,0,0,0,3,0,0,0,0,0,,0,0,Northland Region,Nil,2-way,Sealed,0,0,0,0,100,0,None,0,0,,3,Kaipara District,Nil,0,0,0,0,0,0,Open,0,0,0,Heavy rain,Null
1823806,5463022,25103,,578600,0,,0,2,,South,2006/2007,WORKSOP ROAD,DIXON ST,,Non-Injury Crash,No,2006,,North,,0,,Flat,,,,,,Bright sun,2244000,0,0,0,2,,,0,,,,,,Wellington Region,Nil,2-way,Sealed,,0,0,,50,,Null,0,0,,48,Masterton District,Nil,,,,,0,0,Urban,0,,,Fine,Null
1766994,5913379,25104,,522910,1,,0,0,,Null,2005/2006,PAKURANGA ROAD,WILLIAM ROBERTS ROAD,,Minor Crash,No,2006,,West,,0,,Flat,,,,,,Twilight,685000,1,0,0,2,,,0,,,,,,Auckland Region,Nil,2-way,Sealed,,0,0,,60,,On,1,0,,76,Auckland,Give way,,,,,0,0,Urban,0,,,Fine,Null
1757025,5919442,25105,,514103,0,,1,0,,Null,2005/2006,QUEEN ST,KARANGAHAPE ROAD,,Non-Injury Crash,No,2006,,West,,0,,Flat,,Queens Birthday,,,,Dark,436401,0,0,0,2,,,0,,,1,,,Auckland Region,Nil,2-way,Sealed,,0,0,,50,,On,0,0,,76,Auckland,Traffic Signals,,,,,0,0,Urban,0,,,Fine,Null
1766463,5908739,25106,,523402,0,0,0,2,0,Null,2005/2006,GILBERT ROAD,FRANICH ST,,Minor Crash,No,2006,0,South,0,0,0,Flat,0,,0,,0,Bright sun,697800,1,0,0,2,0,0,0,0,1,,0,0,Auckland Region,Nil,2-way,Sealed,0,0,0,0,50,0,Null,1,0,,76,Auckland,Nil,0,0,0,0,0,0,Urban,0,0,0,Fine,Null
1800511,5817013,25107,40,529600,0,0,0,1,0,South,2006/2007,CASEY AVENUE,MOULE PLACE,,Minor Crash,No,2006,0,North,0,0,0,Flat,0,,0,,0,Twilight,868100,2,0,0,2,0,0,0,1,0,2,0,0,Waikato Region,Nil,2-way,Sealed,0,0,0,0,50,0,On,0,0,,16,Hamilton City,Nil,0,0,0,0,0,0,Urban,0,0,0,Fine,Null
1744874,5922330,25108,,513530,0,,0,2,,Null,2005/2006,ROYAL ROAD,COLWILL ROAD,,Minor Crash,No,2006,,South,,0,,Flat,,,,,,Overcast,225802,1,0,0,2,,,0,,,,,,Auckland Region,Nil,2-way,Sealed,,0,0,,50,,Off,0,0,,76,Auckland,Stop,,,,,0,0,Urban,0,,,Light rain,Null
1678885,5403346,25109,,581240,0,,0,0,,Null,2005/2006,DILLON ST,LEE ST,,Minor Crash,No,2006,,West,,0,,Flat,,,,,,Overcast,2300800,1,1,0,2,,,0,,,,,,Marlborough Region,Nil,2-way,Sealed,,0,0,,50,,Null,0,0,,53,Marlborough District,Give way,,,,,0,0,Urban,0,,,Fine,Null
1807399,5784705,25110,,527937,0,0,0,1,1,Null,2006/2007,ALLEN ROAD,BROTHERHOOD ROAD,,Non-Injury Crash,No,2006,0,South,0,0,0,Hill Road,0,,0,,0,Dark,989500,0,0,0,2,0,0,0,0,0,,0,0,Waikato Region,Nil,2-way,Sealed,0,0,0,0,100,0,None,0,0,,17,Waipa District,Nil,0,0,0,0,0,0,Open,0,0,0,Fine,Null
1754633,5918345,25111,,515431,0,,0,2,,West,2005/2006,SH 16,NEWTON OFF EBD,,Non-Injury Crash,Yes,2006,,East,,0,,Flat,,,,,,Bright sun,406700,0,0,0,4,,,0,,,,,,Auckland Region,Nil,1-way,Sealed,,0,0,,80,,Off,0,0,,76,Auckland,Nil,,,,,0,0,Open,0,,,Fine,Null
1763884,5912598,25112,,520500,0,,0,1,,Null,2005/2006,MOUNT WELLINGTON HIGHWAY,MT WGTN OFF SBD S,,Non-Injury Crash,No,2006,,North,,0,,Flat,,,,,,Bright sun,637400,0,0,0,6,,,0,,,,,,Auckland Region,Motorway ramp,2-way,Sealed,,0,0,,50,,Off,0,0,,76,Auckland,Traffic Signals,,,,,0,0,Urban,1,,,Fine,Null
1756804,5912739,25113,,518702,0,0,0,1,0,East,2005/2006,SH 20,HILLSBOROUGH OBR,,Non-Injury Crash,Yes,2006,0,West,0,0,0,Hill Road,1,,0,,0,Dark,570100,0,0,0,4,0,0,0,0,0,,0,0,Auckland Region,Nil,1-way,Sealed,0,0,0,0,100,0,On,0,0,,76,Auckland,Nil,0,0,0,0,0,0,Open,0,0,0,Fine,Null
1800900,5816641,25114,,529900,0,,0,2,,East,2005/2006,BOUNDARY ROAD,OAKLEY AVENUE,,Non-Injury Crash,No,2006,,West,,0,,Flat,,,,,,Bright sun,863700,0,0,0,2,,,0,,,,,,Waikato Region,Nil,2-way,Sealed,,0,0,,50,,Null,1,0,,16,Hamilton City,Give way,,,,,0,0,Urban,0,,,Fine,Null
1406180,4916098,25115,,602900,0,,0,2,,Null,2006/2007,VOGEL ST,POLICE ST,,Minor Crash,No,2006,,East,,0,,Flat,,,,,,Bright sun,2895700,2,0,0,2,,,0,,,,,,Otago Region,Nil,2-way,Sealed,,0,0,,50,,Null,0,0,,71,Dunedin City,Give way,,,,,0,0,Urban,0,,,Fine,Null
1763330,5907600,25116,,524301,0,0,0,1,0,South,2005/2006,GRAY AVENUE,MASSEY ROAD,,Non-Injury Crash,No,2006,0,South,0,0,1,Flat,0,,0,,0,Dark,749002,0,0,0,2,0,0,0,0,0,,0,1,Auckland Region,Nil,2-way,Sealed,0,0,0,0,50,0,On,0,0,,76,Auckland,Nil,0,0,0,1,0,0,Urban,0,0,0,Fine,Null
1570155,5179713,25117,,591500,0,,0,1,,Null,2005/2006,MONTREAL ST,OXFORD TERRACE,,Minor Crash,No,2006,,East,,0,,Flat,,,,,,Dark,2648300,1,0,0,2,,,0,,,,,,Canterbury Region,Nil,1-way,Sealed,,0,0,,50,,On,1,0,,60,Christchurch City,Traffic Signals,,,,,0,0,Urban,0,,,Fine,Null
1827514,5675902,25118,,532601,0,0,0,1,0,North,2005/2006,SH 47,SH 46,,Minor Crash,Yes,2006,0,North,0,0,0,Flat,0,,0,,0,Dark,1029001,1,0,0,2,0,0,0,0,0,,0,0,Manawatū-Whanganui Region,Nil,2-way,Sealed,0,0,0,0,100,0,None,0,0,,36,Ruapehu District,Unknown,0,0,0,0,0,0,Open,0,0,0,Mist or Fog,Null
1757595,5920760,25119,,514103,0,0,1,0,0,South,2006/2007,COMMERCE ST,FORT ST,,Non-Injury Crash,No,2006,0,North,0,0,0,Flat,0,,0,,0,Overcast,438000,0,0,0,2,0,0,0,0,1,,0,0,Auckland Region,Nil,2-way,Sealed,0,0,0,0,50,0,Off,0,0,,76,Auckland,Nil,0,0,0,0,0,0,Urban,1,0,0,Fine,Null
1747100,5972142,25120,,506661,0,,0,2,,Null,2006/2007,SH 1N,KAIPARA FLATS ROAD,,Non-Injury Crash,Yes,2006,,South,,0,,Flat,,,,,,Bright sun,139106,0,0,0,2,,,0,,,,,,Auckland Region,Nil,2-way,Sealed,,0,0,,100,,Off,0,0,,76,Auckland,Nil,,,,,0,0,Open,0,,,Fine,Null
1768189,5902430,25121,,524602,0,,0,2,,Null,2006/2007,GREAT SOUTH ROAD,BROWNS ROAD,,Non-Injury Crash,No,2006,,East,,0,,Hill Road,,,,,,Dark,780700,0,0,0,3,,,0,,,,,,Auckland Region,Nil,2-way,Sealed,,0,0,,50,,On,0,0,,76,Auckland,Traffic Signals,,,,,0,0,Urban,0,,,Light rain,Null
1800737,5813023,25122,,529100,0,,0,2,,Null,2005/2006,SH 1N,SH 3 ON RAMP,,Non-Injury Crash,Yes,2006,,North,,0,,Flat,,,,,,Overcast,930500,0,0,0,4,,,0,,,,,,Waikato Region,Nil,2-way,Sealed,,0,0,,60,,Null,0,0,,16,Hamilton City,Traffic Signals,,,,,0,0,Urban,0,,,Light rain,Null
1760418,5915697,25123,,516003,0,,0,1,,South,2006/2007,SH 1N,GREENLANE OFF NBD,,Minor Crash,Yes,2006,,North,,0,,Flat,,,,,,Bright sun,494902,1,0,0,6,,,0,,,,,,Auckland Region,Nil,2-way,Sealed,,0,0,,100,,Off,0,0,,76,Auckland,Nil,,,,,1,0,Open,0,,,Fine,Null
1752009,5930729,25124,,509100,0,,0,1,,Null,2005/2006,SH 18,CHESTER AVENUE,,Minor Crash,Yes,2006,,West,,0,,Hill Road,,,,,,Overcast,181002,1,0,1,3,,,0,,,,,,Auckland Region,Nil,2-way,Sealed,,0,0,,50,,Off,0,0,,76,Auckland,Nil,,,,,0,0,Urban,0,,,Light rain,Null
1564881,5175714,25125,,587304,1,,0,1,,West,2005/2006,COBRA ST,BALKWELL ST,,Minor Crash,No,2006,,West,,0,,Flat,,,,,,Overcast,2481700,1,0,0,2,,,0,,,,,,Canterbury Region,Nil,2-way,Sealed,,0,0,,50,,Null,0,0,,60,Christchurch City,Nil,,,,,0,0,Urban,0,,,Fine,Null
2033607,5707365,25126,,544002,0,,0,2,,West,2006/2007,CENTENNIAL MARINE DRIVE,PACIFIC ST,,Fatal Crash,No,2006,,North,,1,,Flat,,,,,,Dark,1361400,1,0,0,2,,,0,,,,,,Gisborne Region,Nil,2-way,Sealed,,0,0,,100,,None,0,0,,28,Gisborne District,Nil,,,,,0,0,Open,0,,,Fine,Null
1683763,6103265,25127,,500900,0,,0,0,,South,2005/2006,SH 10,WAIPAPA ROAD,,Serious Crash,Yes,2006,,North,,0,,Flat,,,,,,Overcast,44603,0,0,0,2,,,0,,,1,,,Northland Region,Nil,2-way,Sealed,,0,1,,100,,Off,0,0,,1,Far North District,Nil,,,,,0,0,Open,1,,,Fine,Null
1708777,5622188,25128,,554114,0,,0,1,,Null,2005/2006,KETEMARAE ROAD,OHANGAI ROAD,,Non-Injury Crash,No,2006,,South,,0,,Flat,,,,,,Overcast,1654400,0,0,0,2,,,0,,,,,,Taranaki Region,Nil,2-way,Sealed,,0,0,,100,,Null,0,0,,35,South Taranaki District,Nil,,,,,1,0,Open,0,,,Fine,Null
1789245,5754842,25129,,532000,0,0,0,1,0,South,2005/2006,RORA ST,KING ST,,Non-Injury Crash,No,2006,0,South,0,0,0,Flat,0,,0,,0,Bright sun,1005500,0,0,0,2,0,0,0,0,1,,0,0,Waikato Region,Nil,2-way,Sealed,0,0,0,0,50,0,Null,1,0,,20,Waitomo District,Unknown,0,0,0,0,0,0,Urban,0,0,0,Fine,Null
1764711,5814674,25130,,526500,0,,0,1,,North,2005/2006,BOW ST,JAMES ST,,Non-Injury Crash,No,2006,,South,,0,,Hill Road,,,,,,Dark,854400,0,0,0,2,,,0,,,,,,Waikato Region,Nil,2-way,Sealed,,0,0,,50,,On,0,0,30,13,Waikato District,Nil,,,,,0,0,Urban,0,,,Fine,Null
1757571,5918596,25131,,514302,0,,0,1,,Null,2006/2007,KHYBER PASS ROAD,KHYBER PASS ON SBD,,Non-Injury Crash,No,2006,,East,,0,,Flat,,,,,,Overcast,442100,0,0,0,2,,,0,,,,,,Auckland Region,Motorway ramp,1-way,Sealed,,0,0,,50,,Off,1,0,,76,Auckland,Nil,,,,,0,0,Urban,0,,,Fine,Null
1810437,5869728,25132,,533901,0,0,0,1,0,South,2005/2006,SH 27,SH 2,,Non-Injury Crash,Yes,2006,0,North,0,0,0,Flat,0,,0,,0,Dark,1069100,0,0,0,2,0,0,0,1,0,,0,0,Waikato Region,Nil,2-way,Sealed,0,0,0,0,100,0,None,0,0,,12,Hauraki District,Unknown,0,0,0,1,0,0,Open,0,0,0,Fine,Null
1767587,5904632,25133,,524604,0,,0,2,,Null,2005/2006,GREAT SOUTH ROAD,RONWOOD AVENUE,,Non-Injury Crash,No,2006,,North,,0,,Flat,,,,,,Dark,780302,0,0,0,5,,,0,,,,,,Auckland Region,Nil,2-way,Sealed,,0,0,,70,,On,0,0,,76,Auckland,Give way,,,,,0,0,Urban,0,,,Heavy rain,Null
1706734,5683694,25134,,551302,0,0,0,1,0,North,2006/2007,LESLIE ST,ATKINSON ST,,Minor Crash,No,2006,0,North,0,0,1,Flat,1,,0,,0,Bright sun,1548900,1,0,0,2,0,0,0,0,0,,0,0,Taranaki Region,Bridge,2-way,Sealed,0,0,0,0,50,0,Null,0,0,,33,New Plymouth District,Nil,0,0,0,0,0,0,Urban,0,0,0,Fine,Null
1800907,5811468,25135,,529300,0,0,0,1,0,Null,2006/2007,SAXBYS ROAD,MACDONALD ROAD,,Non-Injury Crash,No,2006,0,South,0,0,1,Flat,0,,0,,0,Dark,926700,0,0,0,2,0,0,0,0,0,,0,0,Waikato Region,Nil,2-way,Sealed,0,0,0,0,50,0,On,0,0,,16,Hamilton City,Nil,0,0,0,0,0,0,Urban,0,0,0,Fine,Null
1615257,5422918,25136,,584202,0,,0,1,,Null,2005/2006,SURREY ROAD,WENSLEY ROAD,,Non-Injury Crash,No,2006,,East,,0,,Flat,,,,,,Dark,2365800,0,0,0,2,,,0,,,,,,Tasman Region,Nil,2-way,Sealed,,0,0,,50,,On,0,0,,51,Tasman District,Give way,,,,,0,0,Urban,0,,,Fine,Null
1750224,5946349,25137,,506001,0,,0,1,,Null,2006/2007,HIBISCUS COAST HIGHWAY,WAINUI ROAD,,Minor Crash,No,2006,,East,,0,,Hill Road,,,,,,Overcast,175501,1,0,0,4,,,0,,,,,,Auckland Region,Nil,2-way,Sealed,,0,0,,80,,None,0,0,,76,Auckland,Give way,,,,,0,0,Open,1,,,Fine,Null
1752546,5954176,25138,,506201,0,0,0,0,0,South,2005/2006,HIBISCUS COAST HIGHWAY,WAIWERA ROAD,,Minor Crash,No,2006,0,North,1,0,0,Hill Road,0,,0,,0,Bright sun,176204,1,0,0,2,0,0,0,0,0,,0,0,Auckland Region,Nil,2-way,Sealed,0,0,0,0,80,0,None,1,0,,76,Auckland,Nil,0,1,0,0,0,0,Open,0,0,0,Fine,Null
1731713,6028769,25139,,501806,0,0,0,1,0,Null,2006/2007,PETER SNELL ROAD,TIKI PLACE,,Non-Injury Crash,No,2006,0,South,0,0,0,Flat,0,,0,,0,Dark,79603,0,0,0,3,0,0,0,0,0,,0,0,Northland Region,Nil,2-way,Sealed,0,0,0,0,100,0,On,0,0,50,2,Whangarei District,Nil,0,1,0,1,0,0,Open,0,0,0,Fine,Null
1759264,5919962,25140,,515902,0,0,0,1,0,South,2005/2006,GLADSTONE ROAD,AVON ST,,Non-Injury Crash,No,2006,0,North,0,0,0,Flat,0,,0,,0,Bright sun,454100,0,0,0,2,0,0,0,0,1,,0,0,Auckland Region,Nil,2-way,Sealed,0,0,0,0,50,0,Null,1,0,,76,Auckland,Stop,0,0,0,0,0,0,Urban,0,0,0,Fine,Null
1835833,5650138,25141,,541501,0,0,0,1,0,South,2005/2006,SH 1N,WAIPAKIHI ROAD,,Non-Injury Crash,Yes,2006,0,North,0,0,0,Hill Road,0,,0,,0,Dark,1289001,0,0,0,2,0,0,0,1,0,,0,0,Waikato Region,Nil,2-way,Sealed,0,0,0,0,100,0,None,0,0,50,21,Taupo District,Nil,0,0,0,0,0,0,Open,0,0,0,Fine,Null
1570167,5179162,25142,,591500,0,,0,1,,East,2005/2006,MOORHOUSE AVENUE,MONTREAL ST,,Minor Crash,No,2006,,East,,0,,Flat,,,,,,Bright sun,2648900,2,0,0,6,,,0,,,,,,Canterbury Region,Nil,2-way,Sealed,,0,0,,50,,Null,1,0,,60,Christchurch City,Traffic Signals,,,,,0,0,Urban,0,,,Fine,Null
1748676,5946414,25143,,505806,0,0,0,0,0,North,2006/2007,SH 1N,SILVERDALE OBR,,Non-Injury Crash,Yes,2006,0,South,0,0,0,Hill Road,0,,0,,0,Dark,176604,0,0,0,4,0,0,0,1,0,,0,0,Auckland Region,Nil,2-way,Sealed,0,0,0,0,100,0,None,1,0,,76,Auckland,Nil,0,0,0,1,0,0,Open,0,0,0,Mist or Fog,Null
1755243,5917616,25144,,517500,0,0,0,2,0,Null,2005/2006,ROSSMAY TERRACE,SANDRINGHAM ROAD,,Non-Injury Crash,No,2006,0,North,0,0,0,Flat,0,,0,,0,Bright sun,532400,0,0,0,2,0,0,0,0,1,,0,0,Auckland Region,Nil,2-way,Sealed,0,0,0,0,50,0,Off,0,0,,76,Auckland,Give way,0,0,0,0,0,0,Urban,0,0,0,Fine,Null
1773033,5895621,25145,,525410,0,,0,2,,Null,2006/2007,SETTLEMENT ROAD,OPAHEKE ROAD,,Non-Injury Crash,No,2006,,South,,0,,Flat,,,,,,Overcast,793400,0,0,0,2,,,0,,,,,,Auckland Region,Nil,2-way,Sealed,,0,0,,50,,Off,0,0,,76,Auckland,Nil,,,,,0,0,Urban,0,,,Fine,Null
1756068,5863314,25146,,526701,0,,0,1,,West,2006/2007,TUAKAU BRIDGE-PORT WAIKAT,KLONDYKE ROAD,,Minor Crash,No,2006,,East,,0,,Flat,,,,,,Dark,845900,1,0,0,2,,,0,,,,,,Waikato Region,Nil,2-way,Sealed,,0,0,,100,,None,0,0,,13,Waikato District,Nil,,,,,1,0,Open,0,,,Fine,Null
1766322,5916942,25147,,517001,0,0,0,1,0,South,2005/2006,ELSTREE AVENUE,TANIWHA ST,,Non-Injury Crash,No,2006,0,South,0,0,1,Flat,0,,0,,0,Dark,476500,0,0,0,2,0,0,0,0,0,,0,0,Auckland Region,Nil,2-way,Sealed,0,0,0,0,50,0,On,0,0,,76,Auckland,Unknown,0,0,0,0,0,0,Urban,0,0,0,Fine,Null
1768894,5880751,25148,,525922,0,,0,2,,Null,2005/2006,JOHN ST,HARRIS ST,,Non-Injury Crash,No,2006,,East,,0,,Flat,,,,,,Bright sun,824100,0,0,0,2,,,0,,,,,,Auckland Region,Nil,2-way,Sealed,,0,0,,50,,Off,0,0,,76,Auckland,Give way,,,,,0,0,Urban,0,,,Fine,Null
1768914,5909732,25149,,523113,0,,0,2,,Null,2006/2007,SMALES ROAD,SIR WILLIAM AVENUE,,Serious Crash,No,2006,,West,,0,,Flat,,,,,,Overcast,711809,1,0,0,2,,,0,,,,,,Auckland Region,Nil,2-way,Sealed,,0,1,,50,,Off,0,0,,76,Auckland,Give way,,,,,0,0,Urban,0,,,Heavy rain,Strong wind
1792603,5796556,25150,,527921,0,0,0,1,0,North,2005/2006,SH 39,BELL ROAD,,Non-Injury Crash,Yes,2006,0,South,0,0,0,Flat,0,,0,,0,Overcast,981300,0,0,0,2,0,0,0,0,0,,0,0,Waikato Region,Nil,2-way,Sealed,0,0,0,0,100,0,Null,0,0,,17,Waipa District,Unknown,0,0,0,1,0,0,Open,0,0,0,Fine,Null
1784530,5863683,25151,,527210,0,0,0,1,0,South,2006/2007,HAMPTON ON SBD,HAMPTON DOWNS ROAD,,Non-Injury Crash,Yes,2006,0,South,0,0,1,Hill Road,0,,0,,1,Dark,935600,0,0,0,1,0,0,0,0,0,,0,0,Waikato Region,Motorway ramp,1-way,Sealed,0,0,0,0,100,0,On,0,0,,13,Waikato District,Unknown,0,0,0,1,0,0,Open,0,0,0,Fine,Null
1348469,4874257,25152,,607400,0,,0,1,,West,2005/2006,SH 1S,GEORGE ST,,Serious Crash,Yes,2006,,East,,0,,Flat,,,,,,Dark,2993800,0,0,0,2,,,0,,,1,,,Otago Region,Nil,2-way,Sealed,,0,1,,50,,On,0,0,,72,Clutha District,Unknown,,,,,0,0,Urban,0,,,Fine,Null
1754327,5913189,25153,,518803,0,,0,2,,North,2006/2007,FREELAND AVENUE,VERCOE ST,,Non-Injury Crash,No,2006,,South,,0,,Hill Road,,,,,,Overcast,582400,0,0,0,2,,,0,,,,,,Auckland Region,Nil,2-way,Sealed,,0,0,,50,,Off,0,0,,76,Auckland,Nil,,,,,0,0,Urban,0,,,Light rain,Null
1752274,5915317,25154,,517902,1,,0,1,,Null,2005/2006,HENDON AVENUE,HARLSTON ROAD,,Minor Crash,No,2006,,East,,0,,Flat,,,,,,Dark,519500,1,0,0,2,,,0,,,,,,Auckland Region,Nil,2-way,Sealed,,0,0,,50,,On,0,0,,76,Auckland,Give way,,,,,0,0,Urban,0,,,Heavy rain,Null
1719224,6047499,25155,,502600,0,,0,2,,Null,2005/2006,KENSINGTON AVENUE,PARK AVENUE,,Non-Injury Crash,No,2006,,East,,0,,Flat,,,,,,Dark,94700,0,0,0,2,,,0,,,,,,Northland Region,Nil,2-way,Sealed,,0,0,,50,,On,0,0,,2,Whangarei District,Nil,,,,,0,0,Urban,0,,,Fine,Null
1755792,5434728,25156,55,569800,0,0,0,1,0,West,2005/2006,SH 2,CORNISH ST,,Non-Injury Crash,Yes,2006,0,West,0,0,0,Flat,1,,0,,0,Overcast,2035800,0,0,0,2,0,0,0,0,0,,0,0,Wellington Region,Nil,1-way,Sealed,0,0,0,0,100,0,Null,0,0,,46,Lower Hutt City,Nil,0,0,0,0,0,0,Open,0,0,0,Light rain,Null
1779184,5877209,25157,,521131,0,,0,1,,South,2005/2006,SH 1N,SH 2 OBR,,Non-Injury Crash,Yes,2006,,North,,0,,Flat,,,,,,Dark,842200,0,0,0,2,,,0,,,,,,Waikato Region,Nil,2-way,Sealed,,0,0,,100,,None,0,0,,13,Waikato District,Nil,,,,,0,0,Open,0,,,Light rain,Null
1759809,5915832,25158,,519200,0,,0,1,,North,2006/2007,GREAT SOUTH ROAD,GREEN LANE EAST,,Serious Crash,No,2006,,South,,0,,Flat,,,,,,Overcast,616000,0,0,1,3,,,0,,,,,,Auckland Region,Nil,2-way,Sealed,,0,1,,50,,Null,0,0,,76,Auckland,Unknown,,,,,0,0,Urban,0,,,Fine,Null
1761021,5437977,25159,,569402,0,1,0,1,1,Null,2006/2007,PARK ROAD,NATUSCH ROAD,,Minor Crash,No,2006,0,South,0,0,0,Hill Road,0,,0,,0,Bright sun,1918902,1,0,0,2,0,0,0,0,0,,0,0,Wellington Region,Nil,2-way,Sealed,0,0,0,0,50,0,Null,0,0,,46,Lower Hutt City,Nil,0,0,0,0,0,0,Urban,0,0,0,Fine,Null
1823181,5527624,25160,,563102,0,0,0,1,0,North,2005/2006,JICKELL ST,CENTENNIAL DRIVE,,Minor Crash,No,2006,0,North,0,0,0,Flat,0,,0,,0,Overcast,1813200,1,0,0,2,0,0,0,0,1,,0,0,Manawatū-Whanganui Region,Nil,2-way,Sealed,0,0,0,0,50,0,Null,0,0,,40,Palmerston North City,Nil,0,0,0,0,0,0,Urban,1,0,0,Fine,Null
1819211,5544132,25161,,560740,0,0,0,3,0,Null,2005/2006,CAMPBELL ST,EAST ST,,Non-Injury Crash,No,2006,0,East,0,0,0,Flat,0,,0,,0,Dark,1763600,0,0,0,2,0,0,0,0,1,,0,0,Manawatū-Whanganui Region,Nil,2-way,Sealed,0,0,0,0,50,0,On,0,0,,39,Manawatu District,Nil,0,0,0,1,0,0,Urban,0,0,0,Fine,Null
1763987,5912088,25162,,520500,0,,0,1,,Null,2005/2006,MOUNT WELLINGTON HIGHWAY,MONAHAN ROAD,,Non-Injury Crash,No,2006,,South,,0,,Flat,,,,,,Bright sun,637701,0,0,0,2,,,0,,,,,,Auckland Region,Nil,1-way,Sealed,,0,0,,50,,None,0,0,,76,Auckland,Give way,,,,,1,0,Urban,0,,,Fine,Null
1577094,5183897,25163,,595600,0,0,0,1,0,East,2006/2007,BOWHILL ROAD,KEYES ROAD,,Minor Crash,No,2006,0,East,0,0,0,Flat,0,,0,,0,Dark,2563200,1,0,0,2,0,0,0,0,0,,0,1,Canterbury Region,Nil,2-way,Sealed,0,0,0,0,50,0,On,0,0,,60,Christchurch City,Give way,0,0,0,0,0,0,Urban,0,0,0,Fine,Null
1800892,5815541,25164,,529700,0,,0,2,,Null,2006/2007,VICTORIA ST,CLAUDELANDS ROAD,,Non-Injury Crash,No,2006,,South,,0,,Flat,,Labour Weekend,,,,Overcast,911402,0,0,0,4,,,0,,,,,,Waikato Region,Nil,2-way,Sealed,,0,0,,50,,Null,0,0,,16,Hamilton City,Traffic Signals,,,,,0,0,Urban,0,,,Light rain,Null
1879709,5815495,25165,,536641,0,0,0,0,1,North,2005/2006,OHAUITI ROAD,NEEWOOD ROAD,,Non-Injury Crash,No,2006,0,North,0,0,0,Hill Road,0,,0,,0,Overcast,1193404,0,0,0,2,0,0,0,0,0,,0,0,Bay of Plenty Region,Nil,2-way,Sealed,0,0,0,0,100,0,Null,0,0,,22,Western Bay of Plenty District,Unknown,0,0,0,0,0,0,Open,1,0,0,Light rain,Null
1569802,5179703,25166,,591500,0,,1,1,,Null,2006/2007,RICCARTON AVENUE,HAGLEY AVENUE,,Minor Crash,No,2006,,West,,0,,Flat,,,,,,Bright sun,2647800,2,0,0,6,,,0,,,,,,Canterbury Region,Nil,2-way,Sealed,,0,0,,50,,Null,0,0,,60,Christchurch City,Traffic Signals,,,,,0,0,Urban,0,,,Fine,Null
1758011,5913709,25167,,518600,0,0,0,1,0,North,2005/2006,CROWN ST,OAK ST,,Non-Injury Crash,No,2006,0,North,0,0,1,Flat,0,,0,,1,Dark,567000,0,0,0,1,0,0,0,0,0,,0,0,Auckland Region,Nil,2-way,Sealed,0,0,0,0,50,0,On,0,0,,76,Auckland,Nil,0,0,0,0,0,0,Urban,0,0,0,Fine,Null
1755171,5918280,25168,,515500,0,,0,1,,East,2006/2007,SH 16,MOTAT ON EBD,,Non-Injury Crash,Yes,2006,,East,,0,,Flat,,,,,,Bright sun,418800,0,0,1,4,,,0,,,,,,Auckland Region,Nil,1-way,Sealed,,0,0,,100,,Off,0,0,70,76,Auckland,Nil,,,,,0,0,Open,0,,,Fine,Null
1753573,5917565,25169,,517800,0,0,0,2,0,East,2006/2007,NORRIE AVENUE,ROSSGROVE TERRACE,,Non-Injury Crash,No,2006,0,East,0,0,1,Flat,0,,0,,0,Dark,526200,0,0,0,1,0,0,0,0,0,,0,0,Auckland Region,Nil,2-way,Sealed,0,0,0,0,50,0,On,0,0,,76,Auckland,Nil,0,0,0,0,0,0,Urban,0,0,0,Mist or Fog,Null
2009180,5730920,25170,55,543601,0,0,0,0,0,West,2005/2006,SH 2,HIHIROROA ROAD,,Minor Crash,Yes,2006,0,West,0,0,1,Hill Road,0,,0,,0,Dark,1352401,1,0,0,2,0,0,0,0,0,,0,0,Gisborne Region,Nil,2-way,Sealed,0,0,0,0,100,0,None,0,0,,28,Gisborne District,Nil,0,0,0,0,1,0,Open,0,0,0,Fine,Null