X,Y,OBJECTID,advisorySpeed,areaUnitID,bicycle,bridge,bus,carStationWagon,cliffBank,crashDirectionDescription,crashFinancialYear,crashLocation1,crashLocation2,crashRoadSideRoad,crashSeverity,crashSHDescription,crashYear,debris,directionRoleDescription,ditch,fatalCount,fence,flatHill,guardRail,holiday,houseOrBuilding,intersection,kerb,light,meshblockId,minorInjuryCount,moped,motorcycle,NumberOfLanes,objectThrownOrDropped,otherObject,otherVehicleType,overBank,parkedVehicle,pedestrian,phoneBoxEtc,postOrPole,region,roadCharacter,roadLane,roadSurface,roadworks,schoolBus,seriousInjuryCount,slipOrFlood,speedLimit,strayAnimal,streetLight,suv,taxi,temporarySpeedLimit,tlaId,tlaName,trafficControl,trafficIsland,trafficSign,train,tree,truck,unknownVehicleType,urban,vanOrUtility,vehicle,waterRiver,weatherA,weatherB
1686742,6100910,25171,,500900,0,,0,2,,West,2006/2007,COBHAM ROAD,HONE HEKE ROAD,,Non-Injury Crash,No,2006,,East,,0,,Flat,,,,,,Dark,53502,0,0,0,2,,,0,,,,,,Northland Region,Nil,2-way,Sealed,,0,0,,50,,On,0,0,,1,Far North District,Nil,,,,,0,0,Urban,0,,,Fine,Null
1752606,5927894,25172,,508210,0,0,0,2,0,West,2006/2007,KAIPATIKI ROAD,STANLEY ROAD,,Minor Crash,No,2006,0,East,0,0,0,Flat,0,,0,,0,Dark,187405,2,0,0,2,0,0,0,0,0,,0,1,Auckland Region,Nil,2-way,Sealed,0,0,0,0,50,0,On,0,0,,76,Auckland,Nil,0,0,0,0,0,0,Urban,0,0,0,Fine,Null
1758119,5918671,25173,,517400,0,,0,0,,Null,2005/2006,CARLTON GORE ROAD,GEORGE ST,,Minor Crash,No,2006,,East,,0,,Hill Road,,,,,,Dark,450100,1,0,0,1,,,0,,,,,,Auckland Region,Nil,2-way,Sealed,,0,0,,50,,On,1,0,,76,Auckland,Give way,,,,,0,0,Urban,1,,,Heavy rain,Null
1770464,5914198,25174,,522722,0,,0,2,,Null,2006/2007,HIGHLAND PARK DRIVE,DALWHINNIE PARADE,,Non-Injury Crash,No,2006,,North,,0,,Hill Road,,,,,,Overcast,681303,0,0,0,2,,,0,,,,,,Auckland Region,Nil,2-way,Sealed,,0,0,,50,,Off,0,0,,76,Auckland,Give way,,,,,0,0,Urban,0,,,Fine,Null
1935332,5609375,25175,,545722,0,,0,1,,South,2006/2007,SH 2,RICHMOND ROAD,,Minor Crash,Yes,2006,,North,,0,,Flat,,,,,,Dark,1406000,1,0,0,2,,,0,,,,,,Hawke's Bay Region,Nil,2-way,Sealed,,0,0,,100,,None,1,0,,30,Hastings District,Nil,,,,,0,0,Open,0,,,Fine,Null
1459885,5083664,25176,,599000,0,,0,3,,North,2005/2006,SH 1S,TE WEKA ST,,Minor Crash,Yes,2006,,South,,0,,Flat,,,,,,Bright sun,2780200,1,0,0,2,,,0,,,,,,Canterbury Region,Nil,2-way,Sealed,,0,0,,50,,Null,0,0,,64,Timaru District,Nil,,,,,0,0,Urban,0,,,Fine,Null
1754354,5929214,25177,,508320,0,0,0,2,0,West,2006/2007,WAIRAU ROAD,KATHLEEN ST,,Non-Injury Crash,No,2006,0,East,0,0,0,Flat,0,,0,,0,Bright sun,196401,0,0,0,2,0,0,0,0,1,,0,0,Auckland Region,Nil,2-way,Sealed,0,0,0,0,50,0,Off,0,0,,76,Auckland,Nil,0,0,0,0,0,0,Urban,0,0,0,Fine,Null
1759183,5912695,25178,,519820,0,,0,2,,Null,2005/2006,GREY ST,GALWAY ST,,Non-Injury Crash,No,2006,,West,,0,,Flat,,,,,,Bright sun,600600,0,0,0,2,,,0,,,,,,Auckland Region,Nil,2-way,Sealed,,0,0,,50,,Off,0,0,,76,Auckland,Stop,,,,,0,0,Urban,0,,,Fine,Null
1769867,5907900,25179,,523713,0,,0,1,,South,2006/2007,CHAPEL ROAD,STANCOMBE ROAD,,Serious Crash,No,2006,,North,,0,,Hill Road,,,,,,Dark,712302,1,0,0,2,,,0,,,,,,Auckland Region,Nil,2-way,Sealed,,0,1,,70,,On,1,0,,76,Auckland,Nil,,,,,0,0,Urban,0,,,Light rain,Null
1800878,5814777,25180,,529700,0,,1,1,,Null,2006/2007,TRISTRAM ST,THACKERAY ST,,Non-Injury Crash,No,2006,,South,,0,,Flat,,,,,,Overcast,911600,0,0,0,2,,,0,,,,,,Waikato Region,Nil,2-way,Sealed,,0,0,,50,,Null,0,0,,16,Hamilton City,Give way,,,,,0,0,Urban,0,,,Fine,Null
1258682,5004132,25181,,609302,0,0,1,2,0,Null,2006/2007,SH 6A,FRANKTON ROAD,,Minor Crash,Yes,2006,0,West,0,0,0,Flat,0,,0,,0,Overcast,3034202,1,0,0,2,0,0,0,0,2,,0,0,Otago Region,Nil,2-way,Sealed,0,0,0,0,50,0,Null,0,0,,70,Queenstown-Lakes District,Give way,0,0,0,0,0,0,Urban,0,0,0,Heavy rain,Null
1768705,5881002,25182,,525922,0,,0,1,,South,2006/2007,QUEEN ST,WESLEY ST,,Non-Injury Crash,No,2006,,North,,0,,Flat,,,,,,Bright sun,823000,0,0,0,2,,,0,,,,,,Auckland Region,Nil,2-way,Sealed,,0,0,,50,,Off,0,0,,76,Auckland,Nil,,,,,0,0,Urban,1,,,Fine,Null
1747465,5922003,25183,,512202,0,0,0,1,0,Null,2005/2006,DURHAM ST,ROBY ST,,Non-Injury Crash,No,2006,0,North,0,0,0,Flat,0,,0,,0,Dark,248600,0,0,0,2,0,0,0,0,0,,0,1,Auckland Region,Nil,2-way,Sealed,0,0,0,0,50,0,On,0,0,,76,Auckland,Give way,0,0,0,0,0,0,Urban,0,0,0,Fine,Null
1498830,5204952,25184,,587100,0,0,0,0,1,East,2005/2006,SH 73,PORTERS PASS,,Minor Crash,Yes,2006,0,East,0,0,0,Hill Road,0,,0,,0,Overcast,2461400,1,0,0,2,0,0,0,0,0,,0,0,Canterbury Region,Nil,2-way,Sealed,0,0,0,0,100,0,Null,1,0,,62,Selwyn District,Unknown,0,0,0,0,0,0,Open,0,0,0,Light rain,Null
1769380,5911448,25185,,523107,0,,0,2,,East,2006/2007,TI RAKAU DRIVE,BURSWOOD DRIVE E,,Non-Injury Crash,No,2006,,East,,0,,Flat,,,,,,Dark,711702,0,0,0,6,,,0,,,,,,Auckland Region,Nil,2-way,Sealed,,0,0,,60,,On,0,0,,76,Auckland,Nil,,,,,0,0,Urban,0,,,Fine,Null
1747533,5426394,25186,,575600,0,,0,1,,Null,2005/2006,LAURA AVENUE,MORTIMER TERRACE,,Serious Crash,No,2006,,West,,0,,Hill Road,,,,,,Bright sun,2160303,0,0,1,2,,,0,,,,,,Wellington Region,Nil,2-way,Unsealed,,0,1,,50,,Null,0,0,20,47,Wellington City,Nil,,,,,0,0,Urban,0,,,Fine,Null
1766825,5901878,25187,,524604,1,,0,1,,Null,2005/2006,BROWNS ROAD,GLOUCESTER ROAD,,Non-Injury Crash,No,2006,,West,,0,,Flat,,,,,,Overcast,781400,0,0,0,4,,,0,,,,,,Auckland Region,Bridge,2-way,Sealed,,0,0,,50,,Off,0,0,,76,Auckland,Nil,,,,,0,0,Urban,0,,,Fine,Null
1748153,5914121,25188,,511700,0,,0,0,,Null,2005/2006,ARCHIBALD ROAD,GREAT NORTH ROAD,,Non-Injury Crash,No,2006,,South,,0,,Flat,,,,,,Bright sun,270201,0,0,0,2,,,0,,,,,,Auckland Region,Nil,2-way,Sealed,,0,0,,50,,Off,0,0,,76,Auckland,Traffic Signals,,,,,0,0,Urban,2,,,Fine,Null
1880985,5564804,25189,,549200,0,0,0,1,0,Null,2005/2006,SH 2,BYRNE ROAD,,Non-Injury Crash,Yes,2006,0,East,0,0,0,Flat,0,,0,,0,Dark,1515600,0,0,0,2,0,0,0,0,0,,0,0,Hawke's Bay Region,Nil,2-way,Sealed,0,0,0,0,100,0,Off,0,0,,32,Central Hawke's Bay District,Nil,0,0,0,0,0,0,Open,0,0,0,Light rain,Null
1659352,6122933,25190,,500402,0,,0,1,,North,2005/2006,SH 10,SALVATION ROAD,,Non-Injury Crash,Yes,2006,,North,,0,,Flat,,,,,,Overcast,17500,0,0,0,2,,,0,,,,,,Northland Region,Nil,2-way,Sealed,,0,0,,100,,None,0,0,,1,Far North District,Nil,,,,,0,0,Open,0,,,Fine,Null
1768917,5905863,25191,,523712,0,,0,3,,Null,2005/2006,TE IRIRANGI DRIVE,DAWSON ROAD,,Non-Injury Crash,No,2006,,South,,0,,Flat,,,,,,Dark,713013,0,0,0,4,,,0,,,,,,Auckland Region,Nil,2-way,Sealed,,0,0,,70,,On,0,0,,76,Auckland,Traffic Signals,,,,,0,0,Urban,0,,,Fine,Null
1767587,5904632,25192,,524604,0,0,0,1,0,Null,2006/2007,GREAT SOUTH ROAD,RONWOOD AVENUE,,Non-Injury Crash,No,2006,0,East,0,0,0,Flat,0,,0,,0,Bright sun,780302,0,0,0,4,0,0,0,0,0,,0,1,Auckland Region,Nil,2-way,Sealed,0,0,0,0,70,0,Off,0,0,,76,Auckland,Traffic Signals,0,0,0,0,0,0,Urban,0,0,0,Fine,Null
1571638,5178177,25193,,594500,1,,0,1,,West,2006/2007,HASTINGS ST,VIENNA ST,,Minor Crash,No,2006,,West,,0,,Flat,,,,,,Bright sun,2624700,1,0,0,2,,,0,,,,,,Canterbury Region,Nil,2-way,Sealed,,0,0,,50,,Null,0,0,,60,Christchurch City,Give way,,,,,0,0,Urban,0,,,Fine,Null
1753629,5928075,25194,,508310,0,0,0,2,0,Null,2006/2007,GLENFIELD ROAD,BENTLEY AVENUE,,Non-Injury Crash,No,2006,0,North,0,0,0,Flat,0,,0,,0,Bright sun,200000,0,0,0,2,0,0,0,0,1,,0,0,Auckland Region,Nil,2-way,Sealed,0,0,0,0,50,0,Off,0,0,,76,Auckland,Nil,0,0,0,0,0,0,Urban,0,0,0,Fine,Null
1754552,5928528,25195,,508320,0,,0,2,,Null,2005/2006,WELDENE AVENUE,DIANA DRIVE,,Non-Injury Crash,No,2006,,East,,0,,Flat,,,,,,Bright sun,198401,0,0,0,2,,,0,,,,,,Auckland Region,Nil,2-way,Sealed,,0,0,,50,,Off,0,0,,76,Auckland,Give way,,,,,0,0,Urban,0,,,Fine,Null
1757255,5920471,25196,,514102,0,,0,2,,East,2006/2007,VICTORIA ST WEST,ALBERT ST,,Non-Injury Crash,No,2006,,West,,0,,Hill Road,,,,,,Bright sun,433900,0,0,0,4,,,0,,,,,,Auckland Region,Nil,2-way,Sealed,,0,0,,50,,Off,0,0,,76,Auckland,Nil,,,,,0,0,Urban,0,,,Fine,Null
1755359,5925655,25197,,509701,0,,0,0,,West,2005/2006,RALEIGH ROAD,POTTER AVENUE,,Non-Injury Crash,No,2006,,West,,0,,Hill Road,,,,,,Overcast,367000,0,0,0,2,,,0,,,,,,Auckland Region,Nil,2-way,Sealed,,0,0,,50,,Off,1,0,,76,Auckland,Nil,,,,,1,0,Urban,0,,,Fine,Null
1567157,5183904,25198,,592000,0,,0,0,,North,2006/2007,CONDELL AVENUE,BLANCH ST,,Serious Crash,No,2006,,West,,0,,Flat,,,,,,Bright sun,2667300,0,0,0,2,,,0,,,1,,,Canterbury Region,Nil,2-way,Sealed,,0,1,,50,,Null,1,0,,60,Christchurch City,Unknown,,,,,0,0,Urban,0,,,Fine,Null
1762358,5913338,25199,,520500,0,,0,1,,North,2006/2007,SH 1N,SEART ON NBD,,Non-Injury Crash,Yes,2006,,North,,0,,Flat,,,,,,Dark,637200,0,0,0,3,,,0,,,,,,Auckland Region,Nil,1-way,Sealed,,0,0,,100,,On,0,0,,76,Auckland,Nil,,,,,1,0,Open,0,,,Fine,Null
1746571,5915650,25200,,511800,0,,0,2,,Null,2006/2007,GREAT NORTH ROAD,FELGROVE ST,,Non-Injury Crash,No,2006,,South,,0,,Flat,,,,,,Overcast,276300,0,0,0,5,,,0,,,,,,Auckland Region,Nil,2-way,Sealed,,0,0,,50,,Off,0,0,,76,Auckland,Traffic Signals,,,,,0,0,Urban,1,,,Fine,Null
1755963,5935123,25201,,507101,0,,0,1,,West,2006/2007,ANZAC ROAD,CLYDE ROAD,,Non-Injury Crash,No,2006,,East,,0,,Flat,,,,,,Overcast,161200,0,0,0,2,,,0,,,,,,Auckland Region,Nil,2-way,Sealed,,0,0,,50,,Off,1,0,,76,Auckland,Nil,,,,,0,0,Urban,0,,,Light rain,Null
1560302,5182141,25202,,587811,0,,0,3,,Null,2005/2006,SH 73,POUND ROAD,,Minor Crash,Yes,2006,,East,,0,,Flat,,,,,,Bright sun,2495000,1,0,0,2,,,0,,,,,,Canterbury Region,Nil,2-way,Sealed,,0,0,,70,,Null,0,0,,60,Christchurch City,Stop,,,,,0,0,Urban,0,,,Fine,Null
1936336,5621043,25203,,546901,1,,0,1,,East,2006/2007,WELLESLEY ROAD,KENNEDY ROAD,,Serious Crash,No,2006,,East,,0,,Flat,,,,,,Bright sun,1430800,0,0,0,2,,,0,,,,,,Hawke's Bay Region,Nil,2-way,Sealed,,0,1,,50,,Null,0,0,,31,Napier City,Nil,,,,,0,0,Urban,0,,,Fine,Null
1927070,5605436,25204,,545761,0,0,0,1,0,South,2005/2006,YORK ROAD,MARAEKAKAHO ROAD,,Minor Crash,No,2006,0,North,1,0,1,Flat,0,,0,,0,Overcast,1470102,1,0,0,2,0,0,0,0,0,,0,0,Hawke's Bay Region,Nil,2-way,Sealed,0,0,0,0,100,0,Null,0,0,,30,Hastings District,Nil,0,0,0,0,0,0,Open,0,0,0,Fine,Null
1758068,5917891,25205,,515700,0,0,0,1,0,North,2005/2006,SH 1N,GILLIES OBR,,Non-Injury Crash,Yes,2006,0,South,0,0,0,Flat,1,,0,,0,Overcast,443200,0,0,0,3,0,0,0,0,0,,0,0,Auckland Region,Nil,1-way,Sealed,0,0,0,0,80,0,Off,1,0,,76,Auckland,Nil,0,0,0,0,0,0,Open,0,0,0,Fine,Null
1755651,5919678,25206,,515302,0,0,0,2,0,West,2005/2006,BROWN ST,PONSONBY ROAD,,Non-Injury Crash,No,2006,0,West,0,0,0,Flat,0,,0,,0,Dark,432300,0,0,0,2,0,0,0,0,1,,0,0,Auckland Region,Nil,2-way,Sealed,0,0,0,0,50,0,On,0,0,,76,Auckland,Nil,0,0,0,0,0,0,Urban,0,0,0,Fine,Null
1764022,5915311,25207,,520301,0,0,0,2,0,East,2006/2007,HARDING AVENUE,TIDEY ROAD,,Non-Injury Crash,No,2006,0,North,0,0,0,Hill Road,0,,0,,0,Overcast,626600,0,0,0,2,0,0,0,0,1,,0,0,Auckland Region,Nil,2-way,Sealed,0,0,0,0,50,0,Off,0,0,,76,Auckland,Nil,0,0,0,0,0,0,Urban,0,0,0,Fine,Null
1230978,4933156,25208,,610020,0,0,0,1,1,East,2005/2006,SH 97,GALLAGHER ROAD,,Minor Crash,Yes,2006,0,West,0,0,0,Flat,0,,0,,0,Bright sun,3041600,1,0,0,2,0,0,0,0,0,,0,1,Southland Region,Nil,2-way,Sealed,0,0,0,0,100,0,Null,0,0,,73,Southland District,Unknown,0,0,0,0,0,0,Open,0,0,0,Fine,Null
1826481,5879676,25209,,533902,0,0,0,1,1,South,2006/2007,HAURAKI ROAD,OLD FERRY ROAD,,Non-Injury Crash,No,2006,0,South,1,0,0,Flat,0,,0,,0,Dark,1061800,0,0,0,2,0,0,0,0,0,,0,0,Waikato Region,Nil,2-way,Sealed,0,0,0,0,100,0,None,0,0,,12,Hauraki District,Nil,0,0,0,0,0,0,Open,0,0,0,Fine,Null
1767512,5904820,25210,,524604,0,,0,2,,South,2005/2006,GREAT SOUTH ROAD,TE IRIRANGI DRIVE,,Non-Injury Crash,No,2006,,South,,0,,Flat,,,,,,Bright sun,780209,0,0,0,2,,,0,,,,,,Auckland Region,Nil,2-way,Sealed,,0,0,,50,,Off,0,0,,76,Auckland,Nil,,,,,0,0,Urban,0,,,Fine,Null
1840304,5803622,25211,,535242,0,,0,1,,Null,2006/2007,HOPKINS ROAD,PUKETUTU ROAD,,Non-Injury Crash,No,2006,,South,,0,,Flat,,,,,,Bright sun,1116400,0,0,0,2,,,0,,,,,,Waikato Region,Nil,2-way,Sealed,,0,0,,100,,None,0,0,,15,Matamata-Piako District,Give way,,,,,0,0,Open,1,,,Fine,Null
1754850,5933195,25212,,507300,0,,0,2,,North,2005/2006,EAST COAST ROAD,ROSEDALE ROAD,,Non-Injury Crash,No,2006,,South,,0,,Hill Road,,,,,,Bright sun,155901,0,0,0,3,,,0,,,,,,Auckland Region,Nil,2-way,Sealed,,0,0,,50,,Off,0,0,,76,Auckland,Traffic Signals,,,,,0,0,Urban,0,,,Fine,Null
1692716,5676406,25213,,551800,0,,0,2,,East,2006/2007,SH 44,EGMONT ST,,Non-Injury Crash,Yes,2006,,West,,0,,Flat,,,,,,Overcast,1591800,0,0,0,4,,,0,,,,,,Taranaki Region,Nil,2-way,Sealed,,0,0,,50,,Null,0,0,,33,New Plymouth District,Nil,,,,,0,0,Urban,0,,,Fine,Null
1302535,5005750,25214,,608302,0,,0,1,,Null,2005/2006,SH 8,SH 8B,,Serious Crash,Yes,2006,,North,,0,,Flat,,Easter,,,,Dark,3029000,0,0,0,2,,,0,,,,,,Otago Region,Nil,2-way,Sealed,,0,1,,100,,On,0,0,,69,Central Otago District,Give way,,,,,0,0,Open,1,,,Fine,Null
1570664,5177780,25215,,594600,0,,0,1,,South,2005/2006,COLOMBO ST,SOUTHAMPTON ST,,Serious Crash,No,2006,,South,,0,,Flat,,,,,,Dark,2621701,0,0,1,2,,,0,,,,,,Canterbury Region,Nil,2-way,Sealed,,0,1,,50,,On,0,0,,60,Christchurch City,Give way,,,,,0,0,Urban,0,,,Fine,Null
1800836,5814215,25216,,529100,0,,0,2,,East,2005/2006,PALMERSTON ST,PEMBROKE ST,,Non-Injury Crash,No,2006,,West,,0,,Flat,,,,,,Overcast,931400,0,0,0,2,,,0,,,,,,Waikato Region,Nil,2-way,Sealed,,0,0,,50,,Null,0,0,,16,Hamilton City,Stop,,,,,0,0,Urban,0,,,Fine,Null
1672528,6081394,25217,,501700,0,,0,1,,East,2005/2006,SH 12,STATION ROAD,,Non-Injury Crash,Yes,2006,,West,,0,,Flat,,,,,,Bright sun,42600,0,0,0,2,,,0,,,,,,Northland Region,Nil,2-way,Sealed,,0,0,,50,,Off,0,0,,1,Far North District,Nil,,,,,0,0,Urban,1,,,Fine,Null
1764041,5910714,25218,,520500,0,0,0,1,0,North,2005/2006,MOUNT WELLINGTON HIGHWAY,PORTAGE ROAD,,Non-Injury Crash,No,2006,0,North,0,0,0,Hill Road,1,,0,,0,Dark,638200,0,0,0,2,0,0,0,0,0,,0,0,Auckland Region,Nil,2-way,Sealed,0,0,0,0,50,0,On,0,0,,76,Auckland,Nil,0,0,0,0,0,0,Urban,0,0,0,Fine,Null
1813836,5456792,25219,,579501,0,,0,2,,North,2005/2006,SH 2,SOMERSET ROAD,,Non-Injury Crash,Yes,2006,,North,,0,,Flat,,,,,,Overcast,2265200,0,0,0,2,,,0,,,,,,Wellington Region,Nil,2-way,Sealed,,0,0,,100,,Null,0,0,,49,Carterton District,Nil,,,,,0,0,Open,0,,,Fine,Null
1768916,5905910,25220,,523711,0,,0,4,,North,2005/2006,TE IRIRANGI DRIVE,DAWSON ROAD,,Non-Injury Crash,No,2006,,North,,0,,Flat,,,,,,Bright sun,713005,0,0,0,4,,,0,,,,,,Auckland Region,Nil,2-way,Sealed,,0,0,,50,,Null,0,0,,76,Auckland,Unknown,,,,,0,0,Urban,0,,,Fine,Null
1756112,5923352,25221,,509800,0,,0,2,,South,2005/2006,SH 1N,ONEWA ON SBD,,Non-Injury Crash,Yes,2006,,South,,0,,Hill Road,,,,,,Overcast,359200,0,0,0,5,,,0,,,,,,Auckland Region,Bridge,1-way,Sealed,,0,0,,80,,Off,0,0,,76,Auckland,Nil,,,,,0,0,Open,0,,,Fine,Null
1757431,5920144,25222,,514103,0,,0,2,,Null,2005/2006,MAYORAL DRIVE,WELLESLEY ST EAST,,Non-Injury Crash,No,2006,,North,,0,,Flat,,,,,,Dark,436700,0,0,0,5,,,0,,,,,,Auckland Region,Nil,2-way,Sealed,,0,0,,50,,On,0,0,,76,Auckland,Traffic Signals,,,,,0,0,Urban,0,,,Fine,Null
1757153,5912459,25223,,518702,0,0,0,0,0,Null,2005/2006,HENDRY AVENUE,STEPHEN LYSNAR PLACE,,Non-Injury Crash,No,2006,0,North,0,0,1,Hill Road,0,,0,,0,Overcast,570702,0,0,0,1,0,0,0,0,0,,0,0,Auckland Region,Nil,1-way,Sealed,0,0,0,0,50,0,Off,1,0,,76,Auckland,Give way,0,0,0,0,0,0,Urban,0,0,0,Fine,Null
1745166,5921000,25224,,513632,0,0,0,1,0,West,2005/2006,SH 16,LINCOLN OBR,,Non-Injury Crash,Yes,2006,0,West,0,0,0,Flat,1,,0,,0,Dark,228701,0,0,0,2,0,0,0,0,0,,0,0,,Bridge,1-way,Sealed,0,0,0,0,100,0,On,0,0,,76,Auckland,Nil,0,0,0,0,0,0,Open,0,0,0,Fine,Null
1770636,5904226,25225,,523820,0,,0,2,,South,2005/2006,REDOUBT ROAD,MURPHYS ROAD,,Non-Injury Crash,No,2006,,North,,0,,Flat,,,,,,Dark,760000,0,0,0,2,,,0,,,,,,Auckland Region,Nil,2-way,Sealed,,0,0,,70,,On,0,0,,76,Auckland,Nil,,,,,0,0,Urban,0,,,Fine,Null
1798984,5816812,25226,,528800,0,,0,1,,South,2005/2006,MAEROA ROAD,ROSE ST,,Minor Crash,No,2006,,South,,0,,Flat,,,,,,Bright sun,902800,1,0,1,2,,,0,,,,,,Waikato Region,Nil,2-way,Sealed,,0,0,,50,,Null,0,0,,16,Hamilton City,Unknown,,,,,0,0,Urban,0,,,Fine,Null
1744623,5922542,25227,,513521,0,,0,2,,Null,2005/2006,MOIRE ROAD,WIDMORE DRIVE,,Non-Injury Crash,No,2006,,South,,0,,Hill Road,,,,,,Overcast,224237,0,0,0,3,,,0,,,,,,Auckland Region,Nil,2-way,Sealed,,0,0,,50,,Off,0,0,,76,Auckland,Stop,,,,,0,0,Urban,0,,,Light rain,Null
1749030,5422251,25228,,576100,0,,0,2,,Null,2005/2006,MELROSE ROAD,SOUTHGATE ROAD,,Non-Injury Crash,No,2006,,South,,0,,Hill Road,,,,,,Dark,2194203,0,0,0,2,,,0,,,,,,Wellington Region,Nil,2-way,Sealed,,0,0,,50,,On,0,0,,47,Wellington City,Stop,,,,,0,0,Urban,0,,,Fine,Null
1752701,5953674,25229,,506201,0,0,0,1,1,South,2006/2007,HIBISCUS COAST HIGHWAY,WAIWERA ROAD,,Non-Injury Crash,No,2006,0,North,0,0,0,Hill Road,0,,0,,0,Overcast,176204,0,0,0,2,0,0,0,0,0,,0,0,Auckland Region,Nil,2-way,Sealed,0,0,0,0,70,0,None,0,0,,76,Auckland,Nil,0,0,0,0,0,0,Urban,0,0,0,Fine,Null
1734171,5946263,25230,,506647,0,,0,1,,North,2006/2007,SH 16,STONEY CREEK ROAD,,Non-Injury Crash,Yes,2006,,South,,0,,Flat,,,,,,Bright sun,212704,0,0,0,2,,,0,,,,,,Auckland Region,Nil,2-way,Sealed,,0,0,,100,,Off,0,0,,76,Auckland,Nil,,,,,0,0,Open,0,,,Fine,Null
1750158,5915715,25231,,514802,0,,0,1,,South,2005/2006,WAIRAU AVENUE,RIVERSDALE ROAD,,Minor Crash,No,2006,,South,,0,,Flat,,,,,,Overcast,387100,1,0,0,2,,,0,,,1,,,Auckland Region,Nil,2-way,Sealed,,0,0,,50,,Null,0,0,,76,Auckland,Nil,,,,,0,0,Urban,0,,,Light rain,Null
1765152,5909757,25232,,521803,0,0,0,2,0,South,2006/2007,SH 1N,OTAHUHU ON SBD,,Minor Crash,Yes,2006,0,South,0,0,0,Hill Road,2,,0,,0,Overcast,788300,2,0,0,3,0,0,0,0,0,,0,0,Auckland Region,Nil,1-way,Sealed,0,0,0,0,100,0,Off,0,0,80,76,Auckland,Nil,0,0,0,0,0,0,Open,0,0,0,Fine,Null
1761322,5915237,25233,,520201,0,0,0,4,0,South,2005/2006,LADIES MILE,PUKERANGI CRESCENT,,Non-Injury Crash,No,2006,0,North,0,0,0,Hill Road,0,,0,,0,Overcast,611000,0,0,0,2,0,0,0,0,1,,0,0,Auckland Region,Nil,2-way,Sealed,0,0,0,0,50,0,Off,0,0,,76,Auckland,Nil,0,0,0,0,0,0,Urban,0,0,0,Fine,Null
1759687,5908603,25234,,524121,0,0,0,1,0,South,2005/2006,HALL AVENUE,WALMSLEY ROAD,,Non-Injury Crash,No,2006,0,North,0,0,0,Flat,0,,0,,0,Dark,737106,0,0,0,2,0,0,0,0,0,,0,1,Auckland Region,Nil,2-way,Sealed,0,0,0,0,50,0,On,0,0,,76,Auckland,Nil,0,0,0,0,0,0,Urban,0,0,0,Fine,Null
1745373,5920812,25235,,513301,0,,0,2,,Null,2005/2006,SH 16,LINCOLN ON WBD,,Non-Injury Crash,Yes,2006,,West,,0,,Hill Road,,,,,,Bright sun,231700,0,0,0,2,,,0,,,,,,Auckland Region,Motorway ramp,1-way,Sealed,,0,0,,100,,Off,0,0,,76,Auckland,Nil,,,,,0,0,Open,0,,,Fine,Null
1750477,5913742,25236,,511303,0,,0,2,,Null,2005/2006,PORTAGE ROAD,CLARK ST,,Non-Injury Crash,No,2006,,North,,0,,Flat,,,,,,Dark,265100,0,0,0,2,,,0,,,,,,Auckland Region,Nil,1-way,Sealed,,0,0,,50,,On,0,0,,76,Auckland,Give way,,,,,0,0,Urban,0,,,Fine,Null
1186954,4956390,25237,,612400,1,,0,0,,Null,2005/2006,SH 95,LAKEFRONT DRIVE,,Serious Crash,Yes,2006,,West,,0,,Flat,,,,,,Bright sun,3169600,0,0,0,2,,,0,,,,,,Southland Region,Nil,2-way,Sealed,,0,1,,50,,Null,0,0,,73,Southland District,Give way,,,,,0,0,Urban,1,,,Fine,Null
1767458,5905815,25238,,523601,0,0,0,1,0,North,2005/2006,SH 1N,TE IRIRANGI OBR,,Non-Injury Crash,Yes,2006,0,South,0,0,1,Flat,0,,0,,0,Dark,707200,0,0,0,3,0,0,0,1,0,,0,0,Auckland Region,Nil,1-way,Sealed,0,0,0,0,100,0,On,0,0,,76,Auckland,Nil,0,1,0,0,0,0,Open,0,0,0,Fine,Null
1569411,5178316,25239,,595000,0,0,0,1,0,West,2005/2006,SH 76 BROUGHAM,SELWYN ST,,Minor Crash,Yes,2006,0,West,0,0,0,Flat,0,,0,,0,Overcast,2643400,2,0,0,2,0,0,0,0,1,,1,0,Canterbury Region,Nil,1-way,Sealed,0,0,0,0,60,0,Null,0,0,,60,Christchurch City,Unknown,0,0,0,0,0,0,Urban,1,0,0,Fine,Strong wind
1790632,5839914,25240,,527402,0,,0,2,,South,2005/2006,SH 1N,TAINUI BRIDGE ROAD,,Non-Injury Crash,Yes,2006,,North,,0,,Flat,,,,,,Bright sun,947100,0,0,0,2,,,0,,,,,,Waikato Region,Nil,2-way,Sealed,,0,0,,50,,Null,0,0,,13,Waikato District,Unknown,,,,,0,0,Urban,0,,,Fine,Null
1570300,5181486,25241,,592402,0,,0,1,,Null,2006/2007,SPRINGFIELD ROAD,DERBY ST,,Minor Crash,No,2006,,North,,0,,Flat,,,,,,Overcast,2686800,1,0,0,2,,,0,,,,,,Canterbury Region,Nil,2-way,Sealed,,0,0,,50,,Null,1,0,,60,Christchurch City,Nil,,,,,0,0,Urban,0,,,Fine,Null
1878609,5822155,25242,,538102,0,,0,2,,Null,2005/2006,FRASER ST,FOURTEENTH AVENUE,,Minor Crash,No,2006,,West,,0,,Flat,,,,,,Overcast,1168600,3,0,0,2,,,0,,,,,,Bay of Plenty Region,Nil,2-way,Sealed,,0,0,,50,,Off,0,0,,23,Tauranga City,Give way,,,,,0,0,Urban,0,,,Fine,Null