X,Y,OBJECTID,advisorySpeed,areaUnitID,bicycle,bridge,bus,carStationWagon,cliffBank,crashDirectionDescription,crashFinancialYear,crashLocation1,crashLocation2,crashRoadSideRoad,crashSeverity,crashSHDescription,crashYear,debris,directionRoleDescription,ditch,fatalCount,fence,flatHill,guardRail,holiday,houseOrBuilding,intersection,kerb,light,meshblockId,minorInjuryCount,moped,motorcycle,NumberOfLanes,objectThrownOrDropped,otherObject,otherVehicleType,overBank,parkedVehicle,pedestrian,phoneBoxEtc,postOrPole,region,roadCharacter,roadLane,roadSurface,roadworks,schoolBus,seriousInjuryCount,slipOrFlood,speedLimit,strayAnimal,streetLight,suv,taxi,temporarySpeedLimit,tlaId,tlaName,trafficControl,trafficIsland,trafficSign,train,tree,truck,unknownVehicleType,urban,vanOrUtility,vehicle,waterRiver,weatherA,weatherB
1729784,5940238,25243,,506800,0,0,0,1,0,South,2006/2007,GARFIELD ROAD,NELSON ST,,Non-Injury Crash,No,2006,0,South,0,0,0,Hill Road,0,,0,,0,Bright sun,208800,0,0,0,2,0,0,0,0,1,,0,0,Auckland Region,Nil,2-way,Sealed,0,0,0,0,50,0,Off,0,0,,76,Auckland,Nil,0,0,0,0,0,0,Urban,2,0,0,Fine,Null
1744689,5917890,25244,,510700,0,,0,2,,West,2006/2007,STURGES ROAD,SWANSON ROAD,,Minor Crash,No,2006,,East,,0,,Flat,,,,,,Dark,239200,1,0,0,2,,,0,,,,,,Auckland Region,Nil,2-way,Sealed,,0,0,,50,,On,0,0,,76,Auckland,Nil,,,,,0,0,Urban,0,,,Fine,Null
1884015,5772189,25245,,540520,0,,0,1,,East,2006/2007,DEVON ST,SH 5,,Non-Injury Crash,No,2006,,West,,0,,Flat,,,,,,Overcast,1240700,0,0,0,2,,,0,,,,,,Bay of Plenty Region,Nil,2-way,Sealed,,0,0,,50,,Off,1,0,,24,Rotorua District,Nil,,,,,0,0,Urban,0,,,Fine,Null
1793564,5771152,25246,,531200,0,0,0,1,0,South,2006/2007,LAWRENCE ST,TUHORO ST,,Minor Crash,No,2006,0,North,0,0,0,Flat,0,,0,,0,Dark,998300,1,0,0,2,0,0,1,0,1,,0,0,Waikato Region,Nil,2-way,Sealed,0,0,0,0,50,0,On,0,0,,18,Ōtorohanga District,Nil,0,0,0,0,0,0,Urban,0,0,0,Light rain,Null
1760472,5915653,25247,,516003,0,,0,2,,South,2006/2007,SH 1N,GREENLANE OFF NBD,,Non-Injury Crash,Yes,2006,,North,,0,,Flat,,,,,,Dark,494902,0,0,0,4,,,0,,,,,,Auckland Region,Nil,1-way,Sealed,,0,0,,100,,On,0,0,,76,Auckland,Nil,,,,,0,0,Open,0,,,Fine,Null
1764482,5918188,25248,,516602,0,,0,2,,North,2005/2006,KOHIMARAMA ROAD,ST HELIERS BAY ROAD,,Non-Injury Crash,No,2006,,North,,0,,Flat,,,,,,Overcast,508200,0,0,0,2,,,0,,,,,,Auckland Region,Nil,2-way,Sealed,,0,0,,50,,Off,0,0,,76,Auckland,Nil,,,,,0,0,Urban,0,,,Fine,Null
1752473,5914247,25249,,514500,0,,0,2,,West,2005/2006,TIVERTON ROAD,NEW WINDSOR ROAD,,Non-Injury Crash,No,2006,,East,,0,,Hill Road,,,,,,Overcast,375100,0,0,0,2,,,0,,,,,,Auckland Region,Nil,2-way,Sealed,,0,0,,50,,Off,0,0,,76,Auckland,Nil,,,,,0,0,Urban,0,,,Fine,Null
1756355,5933305,25250,,507300,0,0,0,1,0,West,2006/2007,BEACH ROAD,LYONS AVENUE S,,Non-Injury Crash,No,2006,0,East,0,0,1,Hill Road,0,,0,,1,Twilight,153500,0,0,0,2,0,0,0,0,0,,0,0,Auckland Region,Nil,2-way,Sealed,0,0,0,0,50,0,On,0,0,,76,Auckland,Unknown,0,0,0,1,0,0,Urban,0,0,0,Fine,Null
1756900,5449375,25251,,572000,0,,0,1,,Null,2005/2006,SH 1N,ACHERON ROAD,,Serious Crash,Yes,2006,,North,,0,,Flat,,,,,,Bright sun,2069802,0,0,1,4,,,0,,,,,,Wellington Region,Nil,2-way,Sealed,,0,1,,50,,Null,0,0,,44,Porirua City,Traffic Signals,,,,,0,0,Urban,0,,,Fine,Null
1757584,5927040,25252,,508010,0,0,0,1,0,East,2005/2006,ANZAC ST,BARRYS POINT ROAD,,Non-Injury Crash,No,2006,0,West,0,0,1,Flat,0,,0,,0,Dark,327500,0,0,0,2,0,0,0,0,0,,0,0,Auckland Region,Nil,2-way,Sealed,0,0,0,0,50,0,On,0,0,,76,Auckland,Nil,0,0,0,0,0,0,Urban,0,0,0,Light rain,Null
1744424,5920893,25253,,513632,0,0,0,2,0,West,2005/2006,WAIMUMU ROAD,CHORLEY AVENUE,,Non-Injury Crash,No,2006,0,East,0,0,1,Hill Road,0,,0,,0,Overcast,228206,0,0,0,2,0,0,0,0,1,,0,0,Auckland Region,Nil,2-way,Sealed,0,0,0,0,50,0,Off,0,0,,76,Auckland,Nil,0,0,0,0,0,0,Urban,0,0,0,Fine,Null
1771594,5899369,25254,,523911,0,,0,2,,Null,2006/2007,PORCHESTER ROAD,MANUROA ROAD,,Non-Injury Crash,No,2006,,South,,0,,Flat,,,,,,Dark,767301,0,0,0,2,,,0,,,,,,Auckland Region,Nil,2-way,Sealed,,0,0,,50,,On,0,0,,76,Auckland,Give way,,,,,0,0,Urban,0,,,Fine,Null
1755955,5921095,25255,,515202,0,,0,1,,North,2005/2006,SH 1N,FANSHAWE ON NBD,,Non-Injury Crash,Yes,2006,,North,,0,,Flat,,,,,,Bright sun,425600,0,0,0,4,,,0,,,,,,Auckland Region,Nil,1-way,Sealed,,0,0,,80,,Off,1,0,,76,Auckland,Nil,,,,,0,0,Open,1,,,Fine,Null
1758140,5887067,25256,45,521122,0,,0,0,,East,2005/2006,WAIAU PA ROAD,WHITECLIFFS DRIVE,,Minor Crash,No,2006,,East,,0,,Flat,,,,,,Overcast,810700,1,0,0,2,,,0,,,,,,Auckland Region,Nil,2-way,Sealed,,0,0,,100,,None,0,0,,76,Auckland,Nil,,,,,1,0,Open,0,,,Light rain,Null
1769736,5914290,25257,,522722,0,,0,1,,South,2006/2007,AVIEMORE DRIVE,HIGHLAND PARK DRIVE,,Non-Injury Crash,No,2006,,North,,0,,Flat,,,,,,Dark,681324,0,0,0,2,,,0,,,,,,Auckland Region,Nil,2-way,Sealed,,0,0,,60,,On,1,0,,76,Auckland,Nil,,,,,0,0,Urban,0,,,Light rain,Null
1409040,4913691,25258,,604611,0,0,0,1,1,East,2005/2006,TOMAHAWK ROAD,TAHUNA ROAD,,Fatal Crash,No,2006,0,East,0,1,0,Hill Road,0,,0,,0,Dark,2941500,2,0,0,2,0,0,0,0,0,,0,1,Otago Region,Nil,2-way,Sealed,0,0,0,0,50,0,None,0,0,,71,Dunedin City,Unknown,0,0,0,0,0,0,Urban,0,0,0,Fine,Null
1400974,4919098,25259,,602500,0,0,0,1,1,West,2006/2007,THREE MILE HILL ROAD,HALFWAY BUSH ROAD,,Minor Crash,No,2006,0,West,0,0,0,Hill Road,0,,0,,0,Dark,2978800,1,0,0,2,0,0,0,0,0,,0,0,Otago Region,Nil,2-way,Sealed,0,0,0,0,100,0,None,0,0,,71,Dunedin City,Unknown,0,0,0,0,0,0,Open,0,0,0,Fine,Null
1494638,5328804,25260,,584702,0,2,0,2,0,Null,2006/2007,SH 7,STONEY CRK BR,,Minor Crash,Yes,2006,0,South,0,0,0,Flat,0,,0,,0,Overcast,2398400,3,0,0,1,0,0,0,0,0,,0,0,West Coast Region,Bridge,2-way,Sealed,0,0,0,0,100,0,Null,0,0,,55,Buller District,Give way,0,0,0,0,0,0,Open,0,0,0,Heavy rain,Null
1816876,5803603,25261,,527502,0,,0,2,,West,2005/2006,SH 1N,SH 1B,,Non-Injury Crash,Yes,2006,,East,,0,,Flat,,,,,,Bright sun,964400,0,0,0,3,,,0,,,,,,Waikato Region,Nil,2-way,Sealed,,0,0,,50,,Null,0,0,,17,Waipa District,Give way,,,,,0,0,Urban,0,,,Fine,Null
1732903,6055796,25262,,501814,0,0,0,1,0,West,2006/2007,NGUNGURU ROAD,TONGATU ROAD,,Non-Injury Crash,No,2006,0,West,0,0,0,Flat,0,,0,,0,Bright sun,62600,0,0,0,2,0,0,0,0,0,,0,0,Northland Region,Nil,2-way,Sealed,0,0,0,0,100,0,None,0,0,,2,Whangarei District,Nil,0,0,0,1,0,0,Open,0,0,0,Fine,Null
1751167,5915482,25263,,514401,0,,0,0,,Null,2006/2007,ROSEBANK ROAD,GREAT NORTH ROAD,,Non-Injury Crash,No,2006,,East,,0,,Flat,,,,,,Bright sun,381802,0,0,0,2,,,0,,,,,,Auckland Region,Nil,2-way,Sealed,,0,0,,50,,Off,0,0,,76,Auckland,Traffic Signals,,,,,2,0,Urban,0,,,Null,Null
1678813,5405461,25264,,581210,0,,0,2,,Null,2005/2006,OLD RENWICK ROAD,MCLAUCHLAN ST,,Minor Crash,No,2006,,West,,0,,Flat,,,,,,Bright sun,2292800,1,0,0,2,,,0,,,,,,Marlborough Region,Nil,2-way,Sealed,,0,0,,50,,Null,0,0,,53,Marlborough District,Give way,,,,,0,0,Urban,0,,,Fine,Null
1762306,5916103,25265,,516302,0,0,0,1,0,East,2005/2006,ABBOTTS WAY,GRAND DRIVE,,Minor Crash,No,2006,0,West,0,0,0,Flat,0,,0,,0,Bright sun,463601,1,0,0,2,0,0,0,0,1,,0,0,Auckland Region,Nil,2-way,Sealed,0,0,0,0,50,0,Off,0,0,,76,Auckland,Nil,0,0,0,0,1,0,Urban,0,0,0,Fine,Null
1797774,5816705,25266,,528501,0,,0,0,,South,2006/2007,AVALON DRIVE,GRANDVIEW ROAD,,Non-Injury Crash,No,2006,,South,,0,,Flat,,,,,,Dark,907200,0,0,0,2,,,0,,,,,,Waikato Region,Nil,1-way,Sealed,,0,0,,60,,On,1,0,,16,Hamilton City,Nil,,,,,0,0,Urban,1,,,Fine,Null
1816675,5528540,25267,,561811,0,,0,2,,Null,2005/2006,LONGBURN RONGOTEA ROAD,NO 1 LINE LONGBURN,,Non-Injury Crash,No,2006,,South,,0,,Flat,,,,,,Overcast,1794601,0,0,0,2,,,0,,,,,,Manawatū-Whanganui Region,Nil,2-way,Sealed,,0,0,,100,,Null,0,0,,40,Palmerston North City,Stop,,,,,0,0,Open,0,,,Fine,Null
1877029,5821361,25268,,537500,0,0,0,1,0,Null,2006/2007,TWENTYTHIRD AVENUE,CAMERON ROAD,,Non-Injury Crash,No,2006,0,South,0,0,1,Flat,0,,1,,0,Dark,1171500,0,0,0,2,0,0,0,0,0,,0,0,Bay of Plenty Region,Nil,2-way,Sealed,0,0,0,0,50,0,On,0,0,,23,Tauranga City,Give way,0,0,0,0,0,0,Urban,0,0,0,Fine,Null
1771169,5916013,25269,,522603,0,0,0,0,0,West,2005/2006,MACLEANS ROAD,BLEAKHOUSE ROAD,,Minor Crash,No,2006,0,West,0,0,0,Flat,0,,0,,0,Bright sun,678502,1,1,0,2,0,0,0,0,0,,0,0,Auckland Region,Nil,2-way,Sealed,0,0,0,0,50,0,Off,0,0,,76,Auckland,Nil,0,0,0,1,0,0,Urban,0,0,0,Fine,Null
1797117,5815832,25270,,528501,0,0,0,1,0,North,2005/2006,HYDE AVENUE,MILLAR PLACE,,Non-Injury Crash,No,2006,0,South,0,0,0,Flat,0,,0,,0,Dark,905901,0,0,0,2,0,0,0,0,0,,0,1,Waikato Region,Nil,2-way,Sealed,0,0,0,0,50,0,On,0,0,,16,Hamilton City,Unknown,0,1,0,0,0,0,Urban,0,0,0,Light rain,Null
1754541,5931579,25271,,508805,0,,0,2,,West,2005/2006,CONSTELLATION DRIVE,VEGA PLACE,,Non-Injury Crash,No,2006,,West,,0,,Flat,,,,,,Dark,180813,0,0,0,2,,,0,,,,,,Auckland Region,Nil,2-way,Sealed,,0,0,,50,,On,0,0,,76,Auckland,Nil,,,,,0,0,Urban,0,,,Fine,Null
1890629,5818839,25272,,536642,0,,0,2,,North,2005/2006,TE PUKE HIGHWAY,BELL ROAD,,Non-Injury Crash,No,2006,,North,,0,,Flat,,,,,,Overcast,1206501,0,0,0,3,,,0,,,,,,Bay of Plenty Region,Nil,2-way,Sealed,,0,0,,100,,Null,0,0,,22,Western Bay of Plenty District,Unknown,,,,,0,0,Open,0,,,Fine,Null
1406135,4919865,25273,,603500,0,0,0,1,0,South,2006/2007,TANNER ROAD,LEITHTON CLOSE,,Minor Crash,No,2006,0,South,0,0,0,Hill Road,0,,0,,0,Overcast,2890700,2,0,0,1,0,0,0,1,0,,0,0,Otago Region,Nil,1-way,Sealed,0,0,0,0,50,0,Null,0,0,,71,Dunedin City,Unknown,0,0,0,1,0,0,Urban,0,0,0,Light rain,Null
1882768,5776640,25274,,539000,0,0,1,1,0,Null,2006/2007,SH 5,KEA ST,,Minor Crash,Yes,2006,0,South,0,0,0,Flat,0,,0,,0,Bright sun,1220300,1,0,0,2,0,0,0,0,0,,0,0,Bay of Plenty Region,Nil,2-way,Sealed,0,0,0,0,60,0,Off,0,0,,24,Rotorua District,Nil,0,0,0,0,0,0,Urban,0,1,0,Fine,Null
1718213,6044814,25275,,502900,1,,0,1,,Null,2005/2006,SH 14,TE MAI ROAD,,Minor Crash,Yes,2006,,West,,0,,Flat,,,,,,Bright sun,103200,1,0,0,2,,,0,,,,,,Northland Region,Nil,2-way,Sealed,,0,0,,50,,Off,0,0,,2,Whangarei District,Nil,,,,,0,0,Urban,0,,,Fine,Null
1751661,5927208,25276,,510210,0,0,0,2,0,South,2006/2007,BIRKDALE ROAD,BEACH HAVEN ROAD,,Non-Injury Crash,No,2006,0,North,0,0,0,Flat,0,,0,,0,Dark,346900,0,0,0,2,0,0,0,0,0,,0,1,Auckland Region,Nil,2-way,Sealed,0,0,0,0,50,0,On,0,0,,76,Auckland,Nil,0,0,0,0,0,0,Urban,0,0,0,Fine,Null
1824566,5800362,25277,,535241,0,,0,2,,Null,2005/2006,SH 1N,KARAPIRO ROAD,,Non-Injury Crash,Yes,2006,,South,,0,,Flat,,,,,,Bright sun,1123000,0,0,0,2,,,0,,,,,,Waikato Region,Nil,2-way,Sealed,,0,0,,100,,Null,0,0,,17,Waipa District,Give way,,,,,0,0,Open,0,,,Fine,Null
1749107,5912993,25278,,511401,0,,0,2,,Null,2006/2007,SEABROOK AVENUE,WILLERTON AVENUE,,Non-Injury Crash,No,2006,,West,,0,,Flat,,Labour Weekend,,,,Bright sun,264300,0,0,0,2,,,0,,,,,,Auckland Region,Nil,2-way,Sealed,,0,0,,50,,Off,0,0,,76,Auckland,Stop,,,,,0,0,Urban,0,,,Fine,Null
1889863,5743063,25279,,538842,0,0,0,1,1,North,2005/2006,SH 5,REPOROA ROAD,,Minor Crash,Yes,2006,0,North,0,0,0,Flat,0,,0,,0,Dark,1260401,1,0,0,2,0,0,0,0,0,,0,0,Waikato Region,Nil,2-way,Sealed,0,0,0,0,100,0,None,0,0,,24,Rotorua District,Unknown,0,0,0,0,0,0,Open,0,0,0,Light rain,Null
1753727,5924609,25280,,510402,0,0,0,3,0,East,2005/2006,MOKOIA ROAD,HUKA ROAD,,Non-Injury Crash,No,2006,0,West,0,0,0,Flat,0,,0,,0,Dark,351000,0,0,0,2,0,0,0,0,1,,0,0,Auckland Region,Nil,2-way,Sealed,0,0,0,0,50,0,On,1,0,,76,Auckland,Unknown,0,0,0,0,0,0,Urban,0,0,0,Fine,Null
1756439,5918814,25281,,515600,0,,0,2,,Null,2005/2006,IAN MCKINNON DRIVE,PIWAKAWAKA ST,,Non-Injury Crash,No,2006,,South,,0,,Flat,,,,,,Twilight,420100,0,0,0,4,,,0,,,,,,Auckland Region,Nil,2-way,Sealed,,0,0,,70,,On,0,0,,76,Auckland,Give way,,,,,0,0,Urban,0,,,Light rain,Null
1698871,5678606,25282,,550902,0,0,0,0,0,Null,2005/2006,Z CPK WAREHOUSE,SH 3,,Minor Crash,No,2006,0,West,0,0,0,Flat,0,,0,,0,Bright sun,1563100,1,0,0,1,0,0,0,0,0,1,0,1,Taranaki Region,Nil,Off road,Sealed,0,0,0,0,50,0,Null,0,0,,33,New Plymouth District,Nil,0,0,0,0,0,0,Urban,1,0,0,Fine,Null
1767547,5899058,25283,,525101,0,0,0,1,0,East,2006/2007,MAHIA ROAD,SOUTHVIEW PLACE,,Minor Crash,No,2006,0,West,0,0,1,Hill Road,0,,0,,0,Dark,772909,1,0,0,2,0,0,0,0,0,,1,0,Auckland Region,Nil,2-way,Sealed,0,0,0,0,50,0,On,0,0,,76,Auckland,Unknown,0,0,0,0,0,0,Urban,0,0,0,Fine,Null
1755685,5926251,25284,,509702,0,,0,2,,Null,2006/2007,LAKE ROAD,FRASER AVENUE,,Minor Crash,No,2006,,South,,0,,Flat,,,,,,Bright sun,364900,1,0,0,2,,,0,,,,,,Auckland Region,Nil,2-way,Sealed,,0,0,,50,,Null,0,0,,76,Auckland,Give way,,,,,0,0,Urban,0,,,Fine,Null
1759882,5915763,25285,,516002,0,,0,2,,Null,2005/2006,GREAT SOUTH ROAD,GREEN LANE EAST,,Non-Injury Crash,No,2006,,South,,0,,Flat,,,,,,Bright sun,494100,0,0,0,4,,,0,,,,,,Auckland Region,Nil,2-way,Sealed,,0,0,,50,,Off,0,0,,76,Auckland,Nil,,,,,0,0,Urban,0,,,Fine,Null
1756445,5920309,25286,,514102,0,,0,1,,West,2006/2007,COOK ST,UNION ST,,Non-Injury Crash,No,2006,,East,,0,,Flat,,,,,,Bright sun,432700,0,0,0,1,,,0,,,,,,Auckland Region,Nil,1-way,Sealed,,0,0,,50,,Off,0,0,,76,Auckland,Nil,,,,,1,0,Urban,0,,,Fine,Null
1876091,5822876,25287,,537302,0,,0,2,,Null,2006/2007,CAMBRIDGE OFF WBD,CAMBRIDGE ROAD,,Non-Injury Crash,Yes,2006,,West,,0,,Hill Road,,,,,,Bright sun,1161512,0,0,0,2,,,0,,,,,,Bay of Plenty Region,Motorway ramp,1-way,Sealed,,0,0,,50,,Null,0,0,,23,Tauranga City,Give way,,,,,0,0,Urban,0,,,Fine,Null
1879383,5820073,25288,,538000,0,,0,1,,East,2005/2006,SH 2A,MAUNGATAPU ROAD,,Non-Injury Crash,Yes,2006,,East,,0,,Flat,,,,,,Bright sun,1178700,0,0,0,2,,,0,,,,,,Bay of Plenty Region,Nil,2-way,Sealed,,0,0,,50,,Null,0,0,,23,Tauranga City,Unknown,,,,,0,0,Urban,1,,,Fine,Null
1769870,5901234,25289,,523814,0,,0,4,,Null,2006/2007,SH 1N,ALFRISTON OBR,,Non-Injury Crash,Yes,2006,,South,,0,,Flat,,Christmas New Year,,,,Overcast,759515,0,0,0,2,,,0,,,,,,Auckland Region,Nil,1-way,Sealed,,0,0,,100,,Off,0,0,,76,Auckland,Nil,,,,,0,0,Open,0,,,Light rain,Null
1758909,5912425,25290,,519820,0,,1,1,,West,2006/2007,ARTHUR ST,GERARD BEESON PLACE,,Non-Injury Crash,No,2006,,West,,0,,Flat,,,,,,Bright sun,600800,0,0,0,2,,,0,,,,,,Auckland Region,Nil,2-way,Sealed,,0,0,,50,,None,0,0,,76,Auckland,Nil,,,,,0,0,Urban,0,,,Fine,Null
1785044,5569092,25291,,559230,0,,0,1,,Null,2005/2006,SH 3,WHANGAEHU VILLAGE ROAD N,,Minor Crash,Yes,2006,,South,,0,,Flat,,,,,,Overcast,1733500,2,0,0,2,,,0,,,,,,Manawatū-Whanganui Region,Nil,2-way,Sealed,,0,0,,100,,Null,0,0,,38,Rangitikei District,Give way,,,,,0,0,Open,1,,,Fine,Null
1242418,4850047,25292,,611210,0,,0,3,,North,2006/2007,SH 6,YARROW ST,,Minor Crash,Yes,2006,,South,,0,,Flat,,,,,,Dark,3106400,1,0,0,2,,,0,,,,,,Southland Region,Nil,2-way,Sealed,,0,0,,50,,On,0,0,,75,Invercargill City,Unknown,,,,,0,0,Urban,0,,,Fine,Null
1739631,6000417,25293,,505021,0,,0,1,,West,2005/2006,KAIWAKA MANGAWHAI ROAD,DEVICH ROAD,,Non-Injury Crash,No,2006,,North,,0,,Hill Road,,Christmas New Year,,,,Dark,133802,0,0,0,2,,,0,,,,,,Northland Region,Nil,2-way,Sealed,,0,0,,100,,None,0,0,,3,Kaipara District,Nil,,,,,0,0,Open,0,,,Fine,Null
1756431,5927790,25294,,507900,0,,0,2,,Null,2005/2006,SHAKESPEARE ROAD,TAHAROTO ROAD,,Minor Crash,No,2006,,West,,0,,Flat,,,,,,Bright sun,305202,1,0,0,5,,,0,,,,,,Auckland Region,Nil,2-way,Sealed,,0,0,,50,,Off,0,0,,76,Auckland,Give way,,,,,0,0,Urban,0,,,Fine,Null
1215319,4897071,25295,,612200,0,0,0,0,0,Null,2005/2006,MOFFAT ST,DRYFE ST,,Minor Crash,No,2006,0,East,0,0,0,Flat,0,,0,,0,Overcast,3180200,1,0,0,2,0,0,0,0,0,,0,1,Southland Region,Nil,2-way,Sealed,0,0,0,0,50,0,Null,0,0,,73,Southland District,Nil,0,0,0,0,0,0,Urban,1,0,0,Light rain,Null
1749482,5918063,25296,,514801,0,,0,2,,East,2006/2007,SH 16,ROSEBANK OBR,,Non-Injury Crash,Yes,2006,,West,,0,,Flat,,,,,,Bright sun,390401,0,0,0,3,,,0,,,,,,Auckland Region,Nil,1-way,Sealed,,0,0,,100,,Off,0,0,,76,Auckland,Nil,,,,,0,0,Open,0,,,Fine,Null
1936449,5621307,25297,,546901,0,,0,2,,South,2006/2007,TENNYSON ST,CARLYLE ST,,Minor Crash,No,2006,,South,,0,,Flat,,,,,,Overcast,1428100,1,0,0,3,,,0,,,,,,Hawke's Bay Region,Nil,2-way,Sealed,,0,0,,50,,Null,0,0,,31,Napier City,Nil,,,,,0,0,Urban,0,,,Fine,Null
1763809,5912583,25298,,520500,0,,0,2,,North,2005/2006,SH 1N,MT WGTN OBR,,Non-Injury Crash,Yes,2006,,North,,0,,Flat,,,,,,Overcast,637300,0,0,1,2,,,0,,,,,,Auckland Region,Nil,1-way,Sealed,,0,0,,100,,Off,0,0,,76,Auckland,Nil,,,,,0,0,Open,0,,,Heavy rain,Null
1764977,5914726,25299,,520602,0,,0,2,,Null,2006/2007,PANMURE ROUNDABOUT,QUEENS ROAD,,Non-Injury Crash,No,2006,,South,,0,,Flat,,Christmas New Year,,,,Overcast,628700,0,0,0,3,,,0,,,,,,Auckland Region,Nil,2-way,Sealed,,0,0,,50,,Off,0,0,,76,Auckland,Nil,,,,,0,0,Urban,0,,,Fine,Null
1754192,5915889,25300,,517702,0,0,0,1,0,Null,2006/2007,EUSTON ROAD,HAVERSTOCK ROAD,,Non-Injury Crash,No,2006,0,West,0,0,0,Flat,0,,0,,0,Bright sun,542000,0,0,0,2,0,0,0,0,0,,0,0,Auckland Region,Nil,2-way,Sealed,0,0,0,0,50,0,Off,1,0,,76,Auckland,Give way,0,0,0,0,0,0,Urban,0,1,0,Fine,Null
1950268,5791292,25301,,542410,0,,0,1,,East,2006/2007,DOMAIN ROAD,RUSSELL ST,,Non-Injury Crash,No,2006,,West,,0,,Flat,,,,,,Bright sun,1307300,0,0,0,2,,,0,,,,,,Bay of Plenty Region,Nil,2-way,Sealed,,0,0,,50,,Off,0,0,,25,Whakatane District,Nil,,,,,0,0,Urban,1,,,Fine,Null
1747869,5427136,25302,,573200,0,,0,1,,East,2006/2007,DEVON ST,LANDCROSS ST,,Serious Crash,No,2006,,South,,0,,Hill Road,,,,,,Overcast,2157500,0,1,0,2,,,0,,,,,,Wellington Region,Nil,2-way,Sealed,,0,1,,50,,Null,0,0,,47,Wellington City,Nil,,,,,0,0,Urban,0,,,Mist or Fog,Null
1879233,5825456,25303,,538202,0,0,0,1,0,North,2005/2006,CHAPEL ST,MARSH ST,,Non-Injury Crash,No,2006,0,North,0,0,0,Flat,1,,0,,0,Dark,1163002,0,0,0,2,0,0,0,0,0,,0,0,Bay of Plenty Region,Bridge,2-way,Sealed,0,0,0,0,70,0,On,0,0,,23,Tauranga City,Unknown,0,0,0,0,0,0,Urban,0,0,0,Light rain,Null
1575629,5182675,25304,,593100,0,,0,2,,Null,2006/2007,WAINONI ROAD,PORTSMOUTH ST,,Minor Crash,No,2006,,West,,0,,Flat,,,,,,Bright sun,2574000,2,0,0,2,,,0,,,,,,Canterbury Region,Nil,2-way,Sealed,,0,0,,50,,Null,0,1,,60,Christchurch City,Nil,,,,,0,0,Urban,0,,,Fine,Null
1678808,6022820,25305,,504600,0,,0,1,,Null,2005/2006,AWAKINO ROAD,CRANLEY ST,,Minor Crash,No,2006,,North,,0,,Flat,,,,,,Dark,116500,1,0,1,2,,,0,,,,,,Northland Region,Nil,2-way,Sealed,,0,0,,50,,On,0,0,,3,Kaipara District,Give way,,,,,0,0,Urban,0,,,Fine,Null
1851302,5689001,25306,35,541346,0,0,0,1,0,North,2006/2007,SH 1N,HEUHEU PARADE,,Minor Crash,Yes,2006,0,North,0,0,0,Flat,1,,0,,0,Dark,1281504,1,0,0,2,0,0,0,0,0,,0,0,Waikato Region,Bridge,2-way,Sealed,0,0,0,0,70,0,On,0,0,,21,Taupo District,Nil,0,0,0,0,0,0,Urban,0,0,0,Fine,Null
1748555,5945371,25307,,506201,0,,0,1,,West,2006/2007,DAIRY FLAT HIGHWAY,SILVERDALE OFF NBD,,Minor Crash,No,2006,,East,,0,,Flat,,,,,,Bright sun,176801,1,0,1,2,,,0,,,,,,Auckland Region,Nil,2-way,Sealed,,0,0,,80,,Null,1,0,,76,Auckland,Give way,,,,,0,0,Open,0,,,Fine,Null
1758948,5911402,25308,,519820,0,0,0,1,0,West,2006/2007,ONEHUNGA OFF NBD,SH 20,,Non-Injury Crash,Yes,2006,0,West,0,0,0,Flat,0,,0,,0,Overcast,602402,0,0,0,2,0,0,0,1,0,,0,0,Auckland Region,Nil,2-way,Sealed,0,0,0,0,50,0,Off,0,0,,76,Auckland,Nil,0,0,0,0,0,0,Urban,0,0,1,Light rain,Null
1885470,5767570,25309,,538863,0,0,0,0,0,South,2005/2006,SH 5,SH 30,,Non-Injury Crash,Yes,2006,0,North,1,0,0,Flat,0,,0,,0,Bright sun,1263801,0,0,0,2,0,0,0,0,0,,0,0,Bay of Plenty Region,Nil,2-way,Sealed,0,0,0,0,100,0,Null,0,0,,24,Rotorua District,Unknown,0,0,0,0,0,0,Open,1,0,0,Fine,Null
1747407,5913690,25310,,511100,0,,0,1,,East,2006/2007,WEST COAST ROAD,BOWERS ROAD,,Non-Injury Crash,No,2006,,East,,0,,Hill Road,,Christmas New Year,,,,Bright sun,286701,0,0,0,2,,,0,,,,,,Auckland Region,Nil,2-way,Sealed,,0,0,,50,,Off,0,0,,76,Auckland,Nil,,,,,0,0,Urban,1,,,Fine,Null
1771740,5894483,25311,,521201,0,,0,1,,South,2005/2006,SH 1N,PAPAKURA OFF NBD,,Non-Injury Crash,Yes,2006,,North,,0,,Flat,,,,,,Overcast,806700,0,0,0,2,,,0,,,,,,Auckland Region,Nil,1-way,Sealed,,0,0,,100,,Off,0,0,,76,Auckland,Nil,,,,,1,0,Open,1,,,Light rain,Null
1435302,5267839,25312,,585317,0,0,0,0,1,East,2005/2006,HAU HAU ROAD,TOWN BELT EAST,,Minor Crash,No,2006,0,East,0,0,0,Flat,0,,0,,0,Twilight,2421800,1,0,0,2,0,0,0,0,0,,0,0,West Coast Region,Nil,2-way,Sealed,0,0,0,0,100,0,None,0,0,,57,Westland District,Unknown,0,0,0,0,0,0,Open,1,0,0,Fine,Frost