X,Y,OBJECTID,advisorySpeed,areaUnitID,bicycle,bridge,bus,carStationWagon,cliffBank,crashDirectionDescription,crashFinancialYear,crashLocation1,crashLocation2,crashRoadSideRoad,crashSeverity,crashSHDescription,crashYear,debris,directionRoleDescription,ditch,fatalCount,fence,flatHill,guardRail,holiday,houseOrBuilding,intersection,kerb,light,meshblockId,minorInjuryCount,moped,motorcycle,NumberOfLanes,objectThrownOrDropped,otherObject,otherVehicleType,overBank,parkedVehicle,pedestrian,phoneBoxEtc,postOrPole,region,roadCharacter,roadLane,roadSurface,roadworks,schoolBus,seriousInjuryCount,slipOrFlood,speedLimit,strayAnimal,streetLight,suv,taxi,temporarySpeedLimit,tlaId,tlaName,trafficControl,trafficIsland,trafficSign,train,tree,truck,unknownVehicleType,urban,vanOrUtility,vehicle,waterRiver,weatherA,weatherB
1719080,6047003,25313,70,502500,0,0,0,0,0,South,2005/2006,SH 1N,MANSE ST,,Non-Injury Crash,Yes,2006,0,South,0,0,0,Hill Road,0,,0,,0,Dark,95601,0,0,0,4,0,0,0,0,0,,0,1,Northland Region,Nil,2-way,Sealed,0,0,0,0,100,0,On,0,0,,2,Whangarei District,Nil,0,0,0,0,0,0,Open,1,0,0,Fine,Null
1822914,5928825,25314,,533100,0,,0,1,,Null,2005/2006,WHARF ROAD,TIKI ROAD,,Minor Crash,No,2006,,West,,0,,Flat,,,,,,Bright sun,1044500,1,0,0,2,,,0,,,1,,,Waikato Region,Nil,2-way,Sealed,,0,0,,50,,Null,0,0,,11,Thames-Coromandel District,Stop,,,,,0,0,Urban,0,,,Fine,Null
1745419,5920755,25315,,513301,0,,0,1,,West,2006/2007,LINCOLN ON WBD,LINCOLN ROAD S,,Non-Injury Crash,No,2006,,North,,0,,Hill Road,,,,,,Overcast,231700,0,0,0,1,,,0,,,,,,Auckland Region,Motorway ramp,1-way,Sealed,,0,0,,100,,Off,0,0,,76,Auckland,Nil,,,,,0,0,Open,0,,,Fine,Null
1752494,5933313,25316,,508807,0,,0,2,,Null,2006/2007,ALBANY EXPRESSWAY,BUSH ROAD,,Non-Injury Crash,No,2006,,West,,0,,Hill Road,,,,,,Dark,180404,0,0,0,8,,,0,,,,,,Auckland Region,Nil,2-way,Sealed,,0,0,,80,,On,0,0,,76,Auckland,Traffic Signals,,,,,0,0,Open,0,,,Light rain,Null
1718785,6046112,25317,,503000,0,0,0,1,0,Null,2006/2007,SELWYN AVENUE,FIFTH AVENUE,,Non-Injury Crash,No,2006,0,North,0,0,0,Flat,0,,0,,0,Dark,97800,0,0,0,2,0,0,0,0,0,,0,1,Northland Region,Nil,2-way,Sealed,0,0,0,0,50,0,On,0,0,,2,Whangarei District,Nil,0,0,0,0,0,0,Urban,0,0,0,Fine,Null
1717716,6050405,25318,,502102,0,,0,1,,North,2006/2007,KAMO ROAD,GRANT ST,,Minor Crash,No,2006,,South,,0,,Flat,,,,,,Bright sun,84600,1,0,0,3,,,0,,,1,,,Northland Region,Nil,2-way,Sealed,,0,0,,50,,Off,0,0,,2,Whangarei District,Nil,,,,,0,0,Urban,0,,,Fine,Null
1797108,5862047,25319,,527210,0,0,0,1,1,North,2005/2006,FALLS ROAD,WAERENGA ROAD,,Non-Injury Crash,No,2006,0,North,0,0,0,Hill Road,0,,0,,0,Bright sun,937800,0,0,0,2,0,0,0,0,0,,0,0,Waikato Region,Nil,2-way,Sealed,0,0,0,0,100,0,Null,0,0,,13,Waikato District,Unknown,0,0,0,0,0,0,Open,0,0,0,Fine,Null
1801844,5814959,25320,,530200,0,,0,2,,Null,2006/2007,GREY ST,BRIDGE ST,,Non-Injury Crash,No,2006,,North,,0,,Flat,,Christmas New Year,,,,Bright sun,892800,0,0,0,2,,,0,,,,,,Waikato Region,Nil,1-way,Sealed,,0,0,,50,,Off,0,0,,16,Hamilton City,Traffic Signals,,,,,0,0,Urban,0,,,Fine,Null
1797355,5819339,25321,,528403,0,,0,3,,Null,2005/2006,PUKETE ROAD,TE RAPA ROAD S,,Minor Crash,No,2006,,South,,0,,Flat,,,,,,Bright sun,907800,1,0,0,4,,,0,,,,,,Waikato Region,Nil,2-way,Sealed,,0,0,,60,,Null,0,0,,16,Hamilton City,Traffic Signals,,,,,0,0,Urban,0,,,Fine,Null
1804667,5813027,25322,,530800,1,,0,1,,Null,2006/2007,HUDSON ST,BALFOUR CRESCENT,,Serious Crash,No,2006,,West,,0,,Hill Road,,,,,,Bright sun,884201,0,0,0,2,,,0,,,,,,Waikato Region,Nil,2-way,Sealed,,0,1,,50,,Null,0,0,,16,Hamilton City,Give way,,,,,0,0,Urban,0,,,Fine,Null
1563826,5204800,25323,,586121,0,0,0,1,0,Null,2005/2006,OXFORD ROAD,PLASKETT ROAD,,Serious Crash,No,2006,0,East,0,0,0,Flat,0,,0,,0,Overcast,2450201,0,0,0,2,0,0,0,0,0,,0,1,Canterbury Region,Nil,2-way,Sealed,0,0,3,0,100,0,Null,0,0,,59,Waimakariri District,Give way,0,0,0,0,1,0,Open,0,0,0,Fine,Null
1802828,5814112,25324,,530300,0,,0,2,,Null,2005/2006,GALLOWAY ST,NAYLOR ST,,Minor Crash,No,2006,,West,,0,,Flat,,,,,,Overcast,882300,1,0,0,2,,,0,,,,,,Waikato Region,Nil,2-way,Sealed,,0,0,,50,,Null,0,0,,16,Hamilton City,Traffic Signals,,,,,0,0,Urban,0,,,Fine,Null
1811522,5809590,25325,,527131,0,,0,1,,West,2005/2006,BRUNTWOOD ROAD,LEE MARTIN ROAD,,Non-Injury Crash,No,2006,,West,,0,,Flat,,,,,,Bright sun,957401,0,0,0,2,,,0,,,,,,Waikato Region,Nil,2-way,Sealed,,0,0,,100,,Null,0,0,,13,Waikato District,Unknown,,,,,1,0,Open,0,,,Fine,Null
1803848,5508488,25326,,563500,0,0,0,1,0,Null,2005/2006,GRAHAM ST,PLIMMER TERRACE,,Non-Injury Crash,No,2006,0,South,0,0,1,Flat,0,,0,,0,Dark,1861100,0,0,0,2,0,0,0,0,0,,0,0,Manawatū-Whanganui Region,Nil,2-way,Sealed,0,0,0,0,50,0,None,0,0,,42,Horowhenua District,Nil,0,0,0,0,0,0,Urban,0,0,0,Fine,Null
1758189,5915938,25327,,519300,0,,0,1,,East,2005/2006,CAMPBELL CRESCENT S,MANUKAU ROAD,,Non-Injury Crash,No,2006,,West,,0,,Flat,,,,,,Bright sun,622900,0,0,0,2,,,0,,,,,,Auckland Region,Nil,2-way,Sealed,,0,0,,50,,Off,0,0,,76,Auckland,Give way,,,,,1,0,Urban,0,,,Fine,Null
1802518,5814328,25328,,530200,0,,0,1,,North,2005/2006,NIXON ST,ALBERT ST,,Non-Injury Crash,No,2006,,North,,0,,Flat,,,,,,Bright sun,892200,0,0,0,2,,,0,,,,,,Waikato Region,Nil,2-way,Sealed,,0,0,,50,,Off,1,0,,16,Hamilton City,Nil,,,,,0,0,Urban,0,,,Null,Frost
1749560,5430245,25329,,572900,0,0,0,1,0,South,2006/2007,SH 1N,AOTEA OFF SBD,,Minor Crash,Yes,2006,0,South,0,0,0,Flat,1,,0,,0,Dark,2118400,3,0,0,3,0,0,0,0,0,,0,0,Wellington Region,Nil,2-way,Sealed,0,0,0,0,100,0,On,0,0,,47,Wellington City,Nil,0,0,0,0,0,0,Open,0,0,0,Fine,Null
1762499,5437541,25330,,568401,0,,0,0,,Null,2005/2006,FAIRWAY DRIVE,HIGH ST,,Minor Crash,No,2006,,South,,0,,Flat,,,,,,Dark,1943000,2,0,0,2,,,0,,,,,,Wellington Region,Nil,2-way,Sealed,,0,0,,50,,On,2,0,,46,Lower Hutt City,Give way,,,,,0,0,Urban,0,,,Fine,Null
1361044,5082537,25331,,600831,0,0,0,1,0,South,2005/2006,SH 8,LAKE OHAU ROAD,,Serious Crash,Yes,2006,0,North,1,0,0,Flat,0,,0,,0,Overcast,2851600,1,0,0,2,0,0,0,0,0,,0,0,Canterbury Region,Nil,2-way,Sealed,0,0,1,0,100,0,Null,0,0,,68,Waitaki District,Unknown,0,0,0,0,0,0,Open,0,0,0,Fine,Null
1759296,5906525,25332,,524111,0,,0,1,,East,2005/2006,KIRKBRIDE ROAD,SH 20A,,Serious Crash,No,2006,,East,,0,,Flat,,,,,,Dark,740200,0,0,0,2,,,0,,,1,,,Auckland Region,Nil,2-way,Sealed,,0,1,,60,,On,0,0,,76,Auckland,Nil,,,,,0,0,Urban,0,,,Light rain,Null
1799048,5814429,25333,,529000,0,0,0,2,0,South,2005/2006,SH 1N,KILLARNEY ROAD,,Non-Injury Crash,Yes,2006,0,North,0,0,1,Flat,0,,0,,0,Dark,918500,0,0,0,2,0,0,0,0,0,,0,0,Waikato Region,Nil,2-way,Sealed,0,0,0,0,50,0,None,0,0,,16,Hamilton City,Unknown,0,0,0,1,0,0,Urban,0,0,0,Fine,Null
1892119,5781757,25334,,538820,0,0,0,1,0,Null,2006/2007,SH 33,BANKSIA PLACE,,Non-Injury Crash,Yes,2006,0,South,0,0,0,Flat,0,,0,,0,Overcast,1251605,0,0,0,2,0,0,0,0,0,,0,1,Bay of Plenty Region,Nil,2-way,Sealed,0,0,0,0,100,0,Off,0,0,,24,Rotorua District,Nil,0,0,0,0,0,0,Open,0,0,0,Heavy rain,Null
1754929,5929469,25335,,508420,0,,0,2,,North,2005/2006,TARGET ROAD,LINK DRIVE,,Non-Injury Crash,No,2006,,South,,0,,Flat,,,,,,Bright sun,183800,0,0,0,2,,,0,,,,,,Auckland Region,Nil,2-way,Sealed,,0,0,,50,,Off,0,0,,76,Auckland,Nil,,,,,0,0,Urban,0,,,Fine,Null
1562849,5177388,25336,,587702,0,,0,2,,Null,2006/2007,AWATEA ROAD,WILMERS ROAD,,Minor Crash,No,2006,,West,,0,,Flat,,,,,,Bright sun,2481605,3,0,0,2,,,0,,,,,,Canterbury Region,Nil,2-way,Sealed,,0,0,,80,,Null,0,1,,60,Christchurch City,Give way,,,,,0,0,Open,0,,,Fine,Null
1769862,5914774,25337,,522722,0,,0,2,,Null,2006/2007,PAKURANGA ROAD,BUCKLANDS BEACH ROAD,,Non-Injury Crash,No,2006,,East,,0,,Flat,,,,,,Dark,681324,0,0,0,2,,,0,,,,,,Auckland Region,Nil,2-way,Sealed,,0,0,,50,,On,0,0,,76,Auckland,Traffic Signals,,,,,0,0,Urban,0,,,Null,Null
1767776,5904283,25338,,524602,0,0,0,1,0,Null,2006/2007,GREAT SOUTH ROAD,REDOUBT ROAD S,,Non-Injury Crash,No,2006,0,North,0,0,0,Hill Road,0,,0,,0,Dark,780501,0,0,0,5,0,0,0,0,0,,0,0,Auckland Region,Nil,2-way,Sealed,0,0,0,0,50,0,On,1,0,,76,Auckland,Traffic Signals,0,0,0,0,0,0,Urban,0,1,0,Fine,Null
1770399,5912328,25339,,523105,0,,0,2,,Null,2005/2006,BOTANY ROAD,MILLHOUSE DRIVE,,Non-Injury Crash,No,2006,,South,,0,,Flat,,,,,,Dark,711139,0,0,0,4,,,0,,,,,,Auckland Region,Nil,2-way,Sealed,,0,0,,50,,On,0,0,,76,Auckland,Traffic Signals,,,,,0,0,Urban,0,,,Fine,Null
1765093,5910050,25340,,521802,0,,0,1,,North,2005/2006,SH 1N,OTAHUHU OFF NBD,,Minor Crash,Yes,2006,,North,,0,,Flat,,,,,,Bright sun,788201,1,0,1,3,,,0,,,,,,Auckland Region,Nil,1-way,Sealed,,0,0,,100,,Off,0,0,,76,Auckland,Nil,,,,,0,0,Open,0,,,Fine,Null
1881134,5826501,25341,,536821,0,,0,2,,East,2005/2006,SH 2,TOTARA ST,,Non-Injury Crash,Yes,2006,,West,,0,,Flat,,,,,,Bright sun,1204200,0,0,0,4,,,0,,,,,,Bay of Plenty Region,Nil,2-way,Sealed,,0,0,,70,,Null,0,0,,23,Tauranga City,Give way,,,,,0,0,Urban,0,,,Fine,Null
1764570,5911976,25342,,520500,0,,0,2,,South,2005/2006,SH 1N,MT WGTN OBR,,Non-Injury Crash,Yes,2006,,North,,0,,Flat,,,,,,Overcast,639500,0,0,0,3,,,0,,,,,,Auckland Region,Nil,1-way,Sealed,,0,0,,100,,On,0,0,,76,Auckland,Nil,,,,,0,0,Open,0,,,Heavy rain,Null
1760123,5915992,25343,,516002,0,,0,2,,North,2005/2006,GREENLANE OFF SBD,GREENLANE INT,,Minor Crash,Yes,2006,,South,,0,,Flat,,,,,,Overcast,492100,1,0,0,3,,,0,,,,,,Auckland Region,Motorway ramp,2-way,Sealed,,0,0,,100,,Off,0,0,,76,Auckland,Nil,,,,,0,0,Open,0,,,Light rain,Null
1747546,5914246,25344,,511100,0,0,0,1,0,East,2006/2007,MEILLAND PLACE,SARONA AVENUE,,Non-Injury Crash,No,2006,0,North,0,0,1,Flat,0,,0,,0,Bright sun,285002,0,0,0,2,0,0,0,0,0,,0,0,Auckland Region,Nil,2-way,Sealed,0,0,0,0,50,0,Off,0,0,,76,Auckland,Nil,0,0,0,0,0,0,Urban,0,0,0,Fine,Null
1892371,5782486,25345,,538820,0,0,0,1,1,North,2005/2006,SH 33,SH 30,,Minor Crash,Yes,2006,0,North,0,0,0,Hill Road,0,,0,,0,Bright sun,1251603,1,0,0,2,0,0,0,0,0,,0,0,Bay of Plenty Region,Nil,2-way,Sealed,0,0,0,0,100,0,Null,0,0,,24,Rotorua District,Unknown,0,0,0,0,0,0,Open,0,0,0,Fine,Null
1766473,5899484,25346,,524812,0,,0,0,,South,2005/2006,MAHIA ROAD,DAMIAN WAY,,Non-Injury Crash,No,2006,,South,,0,,Flat,,,,,,Dark,774214,0,0,0,2,,,0,,,,,,Auckland Region,Nil,2-way,Sealed,,0,0,,50,,On,0,0,,76,Auckland,Nil,,,,,1,0,Urban,1,,,Fine,Null
1778922,5877622,25347,,521131,0,0,0,1,0,West,2006/2007,2 ON NBD,2 ON SBD,,Non-Injury Crash,Yes,2006,0,West,0,0,0,Flat,1,,0,,0,Overcast,842200,0,0,0,2,0,0,0,0,0,,0,0,Waikato Region,Motorway ramp,1-way,Sealed,0,0,0,0,100,0,None,0,0,,13,Waikato District,Nil,0,0,0,0,0,0,Open,0,0,0,Light rain,Null
1761077,5437809,25348,,569402,0,0,0,1,0,Null,2005/2006,SH 2,GROUNSELL CRESCENT,,Minor Crash,Yes,2006,0,West,0,0,0,Flat,0,,0,,0,Dark,1918804,1,0,0,4,0,0,0,0,0,,0,1,Wellington Region,Nil,2-way,Sealed,0,0,0,0,100,0,On,0,0,,46,Lower Hutt City,Traffic Signals,0,0,0,0,0,0,Open,1,0,0,Light rain,Null
1229175,4794378,25349,,613000,0,0,0,1,0,West,2005/2006,ELGIN TERRACE,PETERSONS HILL ROAD,,Minor Crash,No,2006,0,East,1,0,0,Flat,0,,0,,0,Dark,3154800,1,0,0,2,0,0,0,1,0,,0,0,Southland Region,Nil,2-way,Sealed,0,0,0,0,50,0,None,0,0,,73,Southland District,Unknown,0,0,0,0,0,0,Urban,0,0,1,Heavy rain,Strong wind
1789971,5495878,25350,,564021,0,,0,4,,South,2005/2006,SH 1N,MUHUNOA WEST ROAD,,Serious Crash,Yes,2006,,North,,0,,Flat,,,,,,Overcast,1859100,2,0,0,3,,,0,,,,,,Manawatū-Whanganui Region,Nil,2-way,Sealed,,0,1,,100,,Null,1,0,,42,Horowhenua District,Nil,,,,,0,0,Open,0,,,Heavy rain,Null
1799785,5815637,25351,,528800,0,,0,3,,Null,2005/2006,MILL ST,COMMERCE ST,,Minor Crash,No,2006,,North,,0,,Flat,,,,,,Bright sun,904700,2,0,0,4,,,0,,,,,,Waikato Region,Nil,2-way,Sealed,,0,0,,50,,Null,0,0,,16,Hamilton City,Traffic Signals,,,,,0,0,Urban,0,,,Fine,Null
1797940,5814567,25352,,529000,0,,0,2,,Null,2005/2006,SH 23,KILLARNEY ROAD,,Non-Injury Crash,Yes,2006,,South,,0,,Flat,,,,,,Overcast,919000,0,0,0,2,,,0,,,,,,Waikato Region,Nil,2-way,Sealed,,0,0,,50,,Null,0,0,,16,Hamilton City,Give way,,,,,0,0,Urban,0,,,Light rain,Null
1766364,5899760,25353,,524812,0,0,0,1,0,Null,2006/2007,WEYMOUTH ROAD,MAHIA ROAD,,Non-Injury Crash,No,2006,0,West,0,0,0,Flat,1,,0,,0,Dark,774201,0,0,0,2,0,0,0,0,0,,0,0,Auckland Region,Nil,2-way,Sealed,0,0,0,0,50,0,On,0,0,,76,Auckland,Give way,1,0,0,0,0,0,Urban,0,0,0,Fine,Null
1779320,5914681,25354,,523300,0,,0,2,,South,2005/2006,WHITFORD-MARAETAI ROAD,JACK LACHLAN DRIVE,,Minor Crash,No,2006,,North,,0,,Flat,,,,,,Overcast,718900,1,0,0,2,,,0,,,,,,Auckland Region,Nil,2-way,Sealed,,0,0,,80,,Off,0,0,,76,Auckland,Nil,,,,,0,0,Open,0,,,Fine,Null
1355830,4874490,25355,,606700,0,0,0,1,0,North,2006/2007,LAKESIDE ROAD,STORER ROAD,,Serious Crash,No,2006,0,South,0,0,0,Flat,0,,0,,0,Bright sun,2986002,0,0,1,2,0,0,0,1,0,,0,0,Otago Region,Nil,2-way,Sealed,0,0,1,0,100,0,Null,0,0,,72,Clutha District,Unknown,0,0,0,0,0,0,Open,0,0,0,Fine,Null
1756088,5923300,25356,,509800,0,,0,1,,South,2006/2007,SH 1N,STAFFORD OFF NBD,,Non-Injury Crash,Yes,2006,,North,,0,,Hill Road,,Labour Weekend,,,,Bright sun,359200,0,0,0,5,,,0,,,,,,,Bridge,1-way,Sealed,,0,0,,80,,Off,1,0,,76,Auckland,Nil,,,,,0,0,Open,0,,,Fine,Null
2038756,5707812,25357,,544701,0,0,0,1,0,West,2006/2007,IRANUI ROAD,GRAHAM ROAD,,Non-Injury Crash,No,2006,0,South,0,0,0,Flat,0,,0,,0,Dark,1382400,0,0,0,2,0,1,0,0,0,,0,0,Gisborne Region,Nil,2-way,Sealed,0,0,0,0,50,0,On,0,0,,28,Gisborne District,Nil,0,0,0,0,0,0,Urban,0,0,0,Fine,Null
1767796,5876157,25358,,521117,0,,0,1,,South,2006/2007,CAMERON TOWN ROAD,UPPER QUEEN ST,,Non-Injury Crash,No,2006,,North,,0,,Flat,,,,,,Overcast,824801,0,0,0,2,,,0,,,,,,Waikato Region,Nil,2-way,Sealed,,0,0,,100,,None,1,0,,13,Waikato District,Nil,,,,,0,0,Open,0,,,Fine,Null
1889298,5740048,25359,,538842,0,0,0,1,1,South,2006/2007,SH 5,JAY ROAD,,Non-Injury Crash,Yes,2006,0,South,0,0,0,Flat,0,,0,,0,Dark,1261800,0,0,0,2,0,0,0,0,0,,0,0,Waikato Region,Nil,2-way,Sealed,0,0,0,0,100,0,On,0,0,,24,Rotorua District,Nil,0,0,0,0,0,0,Open,0,0,0,Mist or Fog,Frost
1882593,5772882,25360,,539600,0,0,0,2,0,North,2006/2007,FORD ROAD,MALFROY ROAD WEST,,Non-Injury Crash,No,2006,0,South,0,0,0,Flat,0,,0,,0,Overcast,1228500,0,0,0,2,0,0,0,0,1,,0,0,Bay of Plenty Region,Nil,2-way,Sealed,0,0,0,0,50,0,Null,0,0,,24,Rotorua District,Unknown,0,0,0,0,0,0,Urban,0,0,0,Fine,Null
1738357,5704394,25361,,550700,0,0,0,1,0,North,2005/2006,SH 3,PILOT ROAD,,Minor Crash,Yes,2006,0,North,0,0,0,Flat,0,,0,,0,Dark,1552500,1,0,0,2,0,0,0,0,0,,0,0,Taranaki Region,Nil,2-way,Sealed,0,0,0,0,100,0,None,0,0,,33,New Plymouth District,Nil,0,0,0,1,0,0,Open,0,0,0,Fine,Null
1794918,5772020,25362,,531304,0,0,0,1,0,South,2006/2007,SUNSET CLOSE,THOMSON AVENUE,,Minor Crash,No,2006,0,South,0,0,0,Hill Road,0,,0,,0,Dark,1001101,1,0,0,1,0,1,0,0,0,,0,0,Waikato Region,Nil,2-way,Sealed,0,0,0,0,50,0,On,0,0,,18,Ōtorohanga District,Give way,0,0,0,0,0,0,Urban,0,0,0,Fine,Null
1752429,5917604,25363,,515003,0,,0,2,,Null,2006/2007,CARRINGTON ROAD,SEGAR AVENUE,,Minor Crash,No,2006,,South,,0,,Flat,,,,,,Dark,391602,2,0,0,2,,,0,,,,,,Auckland Region,Nil,2-way,Sealed,,0,0,,50,,On,0,0,,76,Auckland,Stop,,,,,0,0,Urban,0,,,Fine,Null
1748500,5961371,25364,55,506613,0,0,0,1,0,South,2005/2006,SH 1N,SCHOLLUM ACCESS ROAD,,Fatal Crash,Yes,2006,0,South,0,1,1,Hill Road,0,,0,,0,Overcast,147107,1,0,0,2,0,0,0,1,0,,0,0,Auckland Region,Nil,2-way,Sealed,0,0,2,0,100,0,None,0,0,,76,Auckland,Nil,0,0,0,0,1,0,Open,0,0,0,Light rain,Null
1768612,5900696,25365,,525002,0,,0,1,,South,2005/2006,ROGERS ROAD,WEYMOUTH ROAD,,Non-Injury Crash,No,2006,,North,,0,,Flat,,,,,,Bright sun,752900,0,0,0,2,,,0,,,,,,Auckland Region,Nil,2-way,Sealed,,0,0,,50,,Off,0,0,,76,Auckland,Stop,,,,,0,0,Urban,0,,,Fine,Null
1857144,5838248,25366,,536615,0,,0,2,,Null,2006/2007,SH 2,WHARAWHARA ROAD,,Minor Crash,Yes,2006,,South,,0,,Flat,,,,,,Bright sun,1182704,1,0,0,2,,,0,,,,,,Bay of Plenty Region,Nil,2-way,Sealed,,0,0,,100,,Null,0,0,,22,Western Bay of Plenty District,Stop,,,,,0,0,Open,0,,,Fine,Null
1868252,5712075,25367,,541740,0,,0,1,,South,2005/2006,LAKE TERRACE,TAHAREPA ROAD,,Minor Crash,No,2006,,South,,0,,Flat,,,,,,Bright sun,1267400,1,0,0,2,,,0,,,,,,Waikato Region,Nil,2-way,Sealed,,0,0,,50,,Off,0,0,,21,Taupo District,Nil,,,,,1,0,Urban,0,,,Fine,Null
1566337,5178695,25368,,590300,0,,0,0,,Null,2006/2007,BIRMINGHAM DRIVE,ANNEX ROAD,,Minor Crash,No,2006,,South,,0,,Flat,,,,,,Overcast,2538601,1,0,0,2,,,0,,,,,,Canterbury Region,Nil,2-way,Sealed,,0,0,,50,,Null,0,0,,60,Christchurch City,Give way,,,,,1,0,Urban,0,,,Heavy rain,Null
1623385,6113266,25369,,500301,0,0,0,1,1,Null,2006/2007,PUKEPOTO ROAD,REDAN ROAD,,Non-Injury Crash,No,2006,0,South,0,0,0,Flat,0,,0,,0,Dark,15300,0,0,0,2,0,0,0,0,0,,0,0,Northland Region,Nil,2-way,Sealed,0,0,0,0,50,0,On,0,0,,1,Far North District,Give way,0,0,0,0,0,0,Urban,0,0,0,Fine,Null
1745508,5916872,25370,,510800,0,0,0,0,0,West,2006/2007,Z CPK DOLLAR DEALERS,CATHERINE ST,,Non-Injury Crash,No,2006,0,South,0,0,0,Flat,0,,1,,0,Bright sun,243100,0,0,0,0,0,0,0,0,0,,0,0,Auckland Region,Nil,Off road,Sealed,0,0,0,0,30,0,None,1,0,,76,Auckland,Nil,0,0,0,0,0,0,Urban,0,0,0,Fine,Null
1757501,5445973,25371,,571600,0,0,0,1,0,Null,2005/2006,WARSPITE AVENUE,BEAUZAMI CRESCENT,,Non-Injury Crash,No,2006,0,West,0,0,1,Flat,0,,0,,0,Overcast,2058101,0,0,0,2,0,0,0,0,0,,0,0,Wellington Region,Nil,2-way,Sealed,0,0,0,0,50,0,Null,0,0,,44,Porirua City,Nil,0,0,0,0,0,0,Urban,0,0,0,Fine,Null
1764654,5911693,25372,,520500,0,,0,1,,North,2005/2006,SH 1N,PANAMA OBR,,Non-Injury Crash,Yes,2006,,North,,0,,Hill Road,,,,,,Overcast,636400,0,0,0,3,,,0,,,,,,Auckland Region,Nil,1-way,Sealed,,0,0,,100,,Off,1,0,,76,Auckland,Nil,,,,,0,0,Open,0,,,Fine,Null
1724084,6042876,25373,,504000,0,0,0,0,0,North,2005/2006,CARTWRIGHT ROAD,BELLBIRD AVENUE,,Non-Injury Crash,No,2006,0,South,0,0,0,Flat,0,,0,,0,Dark,111200,0,0,0,2,0,0,0,0,1,,0,0,Northland Region,Nil,2-way,Sealed,0,0,0,0,50,0,On,2,0,,2,Whangarei District,Nil,0,0,0,0,0,0,Urban,0,0,0,Fine,Null
1718313,5682564,25374,85,550700,0,0,0,1,1,South,2005/2006,SH 3,ONAERO BR,,Non-Injury Crash,Yes,2006,0,North,0,0,0,Hill Road,0,,0,,0,Dark,1551700,0,0,0,2,0,0,0,0,0,,0,0,Taranaki Region,Nil,2-way,Sealed,0,0,0,0,100,0,None,0,0,,33,New Plymouth District,Nil,0,0,0,0,0,0,Open,0,0,0,Fine,Null
1754809,5912376,25375,,518803,0,,0,1,,Null,2006/2007,RICHARDSON ROAD,NASH ROAD,,Minor Crash,No,2006,,South,,0,,Hill Road,,,,,,Bright sun,583600,1,0,0,2,,,0,,,,,,Auckland Region,Nil,2-way,Sealed,,0,0,,50,,Null,1,0,,76,Auckland,Nil,,,,,0,0,Urban,0,,,Fine,Null
1753455,5914713,25376,,518801,0,,0,1,,North,2005/2006,STODDARD ROAD,DENIZE ROAD,,Non-Injury Crash,No,2006,,South,,0,,Flat,,,,,,Overcast,578400,0,0,0,2,,,0,,,,,,Auckland Region,Nil,2-way,Sealed,,0,0,,50,,Off,0,0,,76,Auckland,Nil,,,,,0,0,Urban,1,,,Fine,Null
1459640,5089335,25377,,598202,0,,0,2,,Null,2005/2006,SH 1S,KENNELS ROAD,,Minor Crash,Yes,2006,,South,,0,,Flat,,,,,,Bright sun,2771800,2,0,0,2,,,0,,,,,,Canterbury Region,Nil,2-way,Sealed,,0,0,,100,,Null,0,0,,64,Timaru District,Give way,,,,,0,0,Open,0,,,Fine,Null
1799726,5816540,25378,,529700,0,,0,1,,South,2006/2007,RICHMOND ST,ULSTER ST,,Non-Injury Crash,No,2006,,North,,0,,Flat,,,,,,Dark,908501,0,0,0,2,,,0,,,1,,,Waikato Region,Nil,2-way,Sealed,,0,0,,50,,On,0,1,,16,Hamilton City,Nil,,,,,0,0,Urban,0,,,Light rain,Null
1850569,5765981,25379,,535340,1,,0,1,,Null,2006/2007,PAPANUI ST,NOEL ST,,Non-Injury Crash,No,2006,,North,,0,,Flat,,,,,,Overcast,1138400,0,0,0,2,,,0,,,,,,Waikato Region,Nil,2-way,Sealed,,0,0,,50,,Off,0,0,,19,South Waikato District,Nil,,,,,0,0,Urban,0,,,Fine,Null
1858820,5692481,25380,,541346,0,,0,2,,East,2006/2007,SH 1N,WAITAPU ROAD,,Non-Injury Crash,Yes,2006,,North,,0,,Hill Road,,,,,,Bright sun,1281602,0,0,0,2,,,0,,,,,,Waikato Region,Nil,2-way,Sealed,,0,0,,100,,Null,0,0,30,21,Taupo District,Traffic Signals,,,,,0,0,Open,0,,,Fine,Null
1755132,5927164,25381,,508620,0,,0,1,,Null,2006/2007,CORONATION ROAD,HILLCREST AVENUE,,Minor Crash,No,2006,,East,,0,,Flat,,,,,,Overcast,203801,1,1,0,2,,,0,,,,,,Auckland Region,Nil,2-way,Sealed,,0,0,,50,,Off,0,0,,76,Auckland,Stop,,,,,0,0,Urban,0,,,Heavy rain,Null
1766627,5913303,25382,,522820,0,,0,2,,East,2005/2006,PAKURANGA ROAD,TI RAKAU DRIVE,,Non-Injury Crash,No,2006,,East,,0,,Flat,,,,,,Bright sun,694800,0,0,0,6,,,0,,,,,,Auckland Region,Nil,2-way,Sealed,,0,0,,60,,Off,0,0,,76,Auckland,Nil,,,,,0,0,Urban,0,,,Fine,Null
1820193,5802878,25383,,535241,0,0,0,1,0,East,2006/2007,TIRAU ROAD,SHAKESPEARE ST,,Minor Crash,No,2006,0,West,1,0,1,Flat,0,,0,,0,Dark,1122700,1,0,0,3,0,0,0,0,0,,0,0,Waikato Region,Nil,2-way,Sealed,0,0,0,0,100,0,On,0,0,,17,Waipa District,Nil,0,0,0,0,0,0,Open,0,0,0,Fine,Null