X,Y,OBJECTID,advisorySpeed,areaUnitID,bicycle,bridge,bus,carStationWagon,cliffBank,crashDirectionDescription,crashFinancialYear,crashLocation1,crashLocation2,crashRoadSideRoad,crashSeverity,crashSHDescription,crashYear,debris,directionRoleDescription,ditch,fatalCount,fence,flatHill,guardRail,holiday,houseOrBuilding,intersection,kerb,light,meshblockId,minorInjuryCount,moped,motorcycle,NumberOfLanes,objectThrownOrDropped,otherObject,otherVehicleType,overBank,parkedVehicle,pedestrian,phoneBoxEtc,postOrPole,region,roadCharacter,roadLane,roadSurface,roadworks,schoolBus,seriousInjuryCount,slipOrFlood,speedLimit,strayAnimal,streetLight,suv,taxi,temporarySpeedLimit,tlaId,tlaName,trafficControl,trafficIsland,trafficSign,train,tree,truck,unknownVehicleType,urban,vanOrUtility,vehicle,waterRiver,weatherA,weatherB
1748288,5912031,25384,,511902,0,0,0,1,0,West,2006/2007,GOLF ROAD,HILLING ST,,Non-Injury Crash,No,2006,0,East,0,0,0,Hill Road,0,,0,,0,Overcast,293001,0,0,0,2,0,0,0,0,1,,0,0,Auckland Region,Nil,2-way,Sealed,0,0,0,0,50,0,Off,1,0,,76,Auckland,Nil,0,0,0,0,0,0,Urban,1,0,0,Fine,Null
1751424,5424061,25385,,577200,0,,1,1,,Null,2005/2006,SH 1N CALABAR,CALEDONIA ST,,Non-Injury Crash,Yes,2006,,North,,0,,Hill Road,,,,,,Bright sun,2206500,0,0,0,4,,,0,,,,,,Wellington Region,Nil,2-way,Sealed,,0,0,,70,,Null,0,0,,47,Wellington City,Give way,,,,,0,0,Urban,0,,,Fine,Null
1763447,5431089,25386,,564800,0,,0,0,,East,2005/2006,NELSON CRESCENT,FREDERICK ST,,Serious Crash,No,2006,,East,,0,,Flat,,,,,,Dark,2015000,0,0,0,2,,,0,,,1,,,Wellington Region,Nil,2-way,Sealed,,0,1,,50,,On,0,0,,46,Lower Hutt City,Nil,,,,,0,0,Urban,1,,,Fine,Null
1755344,5928917,25387,,508320,0,,0,2,,West,2006/2007,HILLSIDE ROAD,WAIRAU ROAD,,Minor Crash,No,2006,,West,,0,,Flat,,,,,,Bright sun,196700,2,0,0,2,,,0,,,,,,Auckland Region,Nil,2-way,Sealed,,0,0,,50,,Off,0,0,,76,Auckland,Nil,,,,,0,0,Urban,1,,,Fine,Null
1845934,5681880,25388,,541346,0,0,0,0,0,West,2006/2007,WAIOTAKA ROAD,RIHIA ROAD,,Non-Injury Crash,No,2006,0,East,1,0,0,Flat,0,,0,,0,Dark,1287900,0,0,0,2,0,0,0,0,0,,0,0,Waikato Region,Nil,2-way,Unsealed,0,0,0,0,100,0,None,0,0,,21,Taupo District,Nil,0,0,0,0,0,0,Open,1,0,0,Fine,Null
1761322,5914874,25389,,520201,0,0,0,1,0,West,2006/2007,MAIN HIGHWAY,RAMSGATE ST,,Non-Injury Crash,No,2006,0,West,0,0,0,Flat,0,,0,,0,Dark,611200,0,0,0,4,0,0,0,0,1,,0,0,Auckland Region,Nil,2-way,Sealed,0,0,0,0,50,0,On,1,0,,76,Auckland,Nil,0,0,0,0,0,0,Urban,0,0,0,Light rain,Null
1756430,5936640,25390,,507000,0,0,0,2,0,West,2005/2006,ELLANGOWAN ROAD,BEACH ROAD,,Non-Injury Crash,No,2006,0,East,0,0,0,Hill Road,0,,0,,0,Bright sun,162600,0,0,0,2,0,0,0,0,1,,0,0,Auckland Region,Nil,2-way,Sealed,0,0,0,0,50,0,Off,0,0,,76,Auckland,Nil,0,0,0,0,0,0,Urban,0,0,0,Fine,Null
1747217,5920605,25391,,512300,0,,0,0,,North,2005/2006,TE ATATU ROAD,GLORIA AVENUE,,Minor Crash,No,2006,,North,,0,,Flat,,,,,,Bright sun,252000,1,0,1,2,,,0,,,,,,Auckland Region,Nil,2-way,Sealed,,0,0,,50,,Null,0,0,,76,Auckland,Unknown,,,,,0,0,Urban,1,,,Fine,Null
1877042,5821372,25392,,537500,0,,0,2,,South,2005/2006,CAMERON ROAD,TWENTYSECOND AVENUE,,Non-Injury Crash,No,2006,,South,,0,,Flat,,,,,,Bright sun,1171500,0,0,0,2,,,0,,,,,,Bay of Plenty Region,Nil,2-way,Sealed,,0,0,,50,,Null,0,1,,23,Tauranga City,Nil,,,,,0,0,Urban,1,,,Fine,Null
1807294,5449909,25393,,579900,0,0,0,2,0,South,2006/2007,EAST ST,NORTH ST,,Minor Crash,No,2006,0,North,0,0,0,Flat,0,,0,,0,Overcast,2266700,1,0,0,2,0,0,0,0,1,,0,0,Wellington Region,Nil,2-way,Sealed,0,0,0,0,50,0,Null,0,0,,50,South Wairarapa District,Nil,0,0,0,0,0,0,Urban,0,0,0,Fine,Null
1868986,5814342,25394,,536630,0,,1,0,,South,2005/2006,RUAHIHI ROAD,SH 29,,Non-Injury Crash,No,2006,,North,,0,,Hill Road,,,,,,Overcast,1191600,0,0,0,2,,,0,,,,,,Bay of Plenty Region,Nil,2-way,Sealed,,1,0,,50,,Null,1,0,,22,Western Bay of Plenty District,Unknown,,,,,0,0,Urban,0,,,Fine,Null
1613652,6107931,25395,,500205,0,0,0,0,0,Null,2006/2007,FORESHORE ROAD,ROMA ROAD,,Non-Injury Crash,No,2006,0,East,0,0,1,Hill Road,0,Christmas New Year,0,,0,Bright sun,10101,0,0,0,2,0,0,0,0,0,,0,0,Northland Region,Nil,2-way,Sealed,0,0,0,0,50,0,None,0,0,,1,Far North District,Nil,0,0,0,0,0,0,Urban,1,0,0,Fine,Null
1756341,5920314,25396,,514000,0,0,0,1,0,North,2005/2006,SH 1N,WELLINGTON ON NBD,,Non-Injury Crash,Yes,2006,0,North,0,0,0,Flat,1,,0,,0,Bright sun,416800,0,0,0,2,0,0,0,0,0,,0,0,Auckland Region,Nil,1-way,Sealed,0,0,0,0,80,0,Off,0,0,,76,Auckland,Nil,0,0,0,0,0,0,Open,0,0,0,Fine,Null
1746023,5917669,25397,,510700,0,,0,0,,East,2006/2007,EDMONTON ROAD,MATUHI RISE,,Minor Crash,No,2006,,North,,0,,Flat,,,,,,Overcast,240303,1,0,0,2,,,0,,,1,,,Auckland Region,Nil,2-way,Sealed,,0,0,,50,,Off,0,0,,76,Auckland,Nil,,,,,1,0,Urban,0,,,Fine,Null
1765945,5900462,25398,,524822,0,0,0,2,0,East,2006/2007,BURUNDI AVENUE,FROBISHER WAY,,Non-Injury Crash,No,2006,0,East,0,0,0,Flat,0,,0,,0,Bright sun,774432,0,0,0,2,0,0,0,0,1,,0,0,Auckland Region,Nil,2-way,Sealed,0,0,0,0,50,0,Off,0,0,,76,Auckland,Nil,0,0,0,0,0,0,Urban,0,0,0,Fine,Null
1749603,5918031,25399,,514801,0,0,0,0,0,East,2006/2007,SH 16,ROSEBANK OFF WBD,,Non-Injury Crash,Yes,2006,0,West,0,0,0,Flat,0,,0,,0,Dark,390401,0,0,0,3,0,0,0,0,0,,0,1,Auckland Region,Nil,1-way,Sealed,0,0,0,0,100,0,On,1,0,,76,Auckland,Nil,0,0,0,0,0,0,Open,0,0,0,Mist or Fog,Null
1857295,5841466,25400,,536614,0,,0,1,,South,2005/2006,SH 2,WILLOUGHBY ROAD,,Minor Crash,Yes,2006,,South,,0,,Flat,,,,,,Bright sun,1182100,2,0,1,2,,,0,,,,,,Bay of Plenty Region,Nil,2-way,Sealed,,0,0,,100,,Null,0,0,,22,Western Bay of Plenty District,Unknown,,,,,0,0,Open,0,,,Fine,Null
1751597,5914211,25401,,514402,0,,0,1,,North,2006/2007,BLOCKHOUSE BAY ROAD,TIVERTON ROAD,,Minor Crash,No,2006,,North,,0,,Flat,,,,,,Bright sun,380600,1,0,0,4,,,0,,,1,,,Auckland Region,Nil,2-way,Sealed,,0,0,,50,,Off,0,0,,76,Auckland,Give way,,,,,0,0,Urban,0,,,Fine,Null
1719358,6047896,25402,,502600,0,,0,2,,South,2006/2007,KAMO ROAD,KING ST,,Non-Injury Crash,No,2006,,South,,0,,Flat,,,,,,Twilight,95100,0,0,0,2,,,0,,,,,,Northland Region,Nil,2-way,Sealed,,0,0,,50,,Off,0,0,,2,Whangarei District,Unknown,,,,,0,0,Urban,0,,,Fine,Null
1993757,5690931,25403,,545204,0,1,0,0,0,South,2005/2006,TINIROTO ROAD,RUAKITURI ROAD,,Non-Injury Crash,No,2006,0,North,0,0,0,Flat,0,,0,,0,Twilight,1396901,0,0,0,2,0,0,0,0,0,,0,0,Hawke's Bay Region,Bridge,2-way,Sealed,0,0,0,0,100,0,None,0,0,70,29,Wairoa District,Nil,0,0,0,0,0,0,Open,1,0,0,Mist or Fog,Null
1765210,5908158,25404,,523404,0,,0,2,,East,2005/2006,BAIRDS ROAD,GREAT SOUTH ROAD,,Serious Crash,No,2006,,West,,0,,Hill Road,,,,,,Bright sun,696701,1,0,0,2,,,0,,,,,,Auckland Region,Nil,2-way,Sealed,,0,1,,50,,Null,0,0,,76,Auckland,Nil,,,,,0,0,Urban,0,,,Fine,Null
1405818,4917143,25405,,603100,0,,0,3,,North,2005/2006,STUART ST,YORK PLACE,,Serious Crash,No,2006,,South,,0,,Hill Road,,,,,,Bright sun,2902500,2,0,0,4,,,0,,,,,,Otago Region,Nil,2-way,Sealed,,0,1,,50,,Null,0,0,,71,Dunedin City,Unknown,,,,,0,0,Urban,0,,,Fine,Null
1635635,6070939,25406,,500700,0,,0,1,,South,2006/2007,SH 12,PAKANAE CEMETERY ROAD,,Non-Injury Crash,Yes,2006,,North,,0,,Flat,,,,,,Dark,26202,0,0,0,2,,,0,,,,,,Northland Region,Nil,2-way,Sealed,,0,0,,50,,None,0,0,,1,Far North District,Unknown,,,,,0,0,Urban,0,,,Fine,Null
1752856,5913237,25407,,518901,0,,0,2,,West,2005/2006,BOUNDARY ROAD,DUNDALE AVENUE,,Non-Injury Crash,No,2006,,South,,0,,Hill Road,,,,,,Overcast,584501,0,0,0,2,,,0,,,,,,Auckland Region,Nil,2-way,Sealed,,0,0,,50,,Null,0,0,,76,Auckland,Unknown,,,,,0,0,Urban,0,,,Light rain,Null
1867808,5713752,25408,,541720,0,,0,2,,Null,2005/2006,KAIMANAWA ST,SCANNELL ST,,Minor Crash,No,2006,,West,,0,,Flat,,,,,,Bright sun,1272700,2,0,0,2,,,0,,,,,,Waikato Region,Nil,2-way,Sealed,,0,0,,50,,Null,0,0,,21,Taupo District,Give way,,,,,0,0,Urban,0,,,Fine,Null
1773449,5895847,25409,,525410,0,,0,2,,Null,2005/2006,SETTLEMENT ROAD,MARNE ROAD,,Non-Injury Crash,No,2006,,East,,0,,Flat,,,,,,Bright sun,793602,0,0,0,2,,,0,,,,,,Auckland Region,Nil,2-way,Sealed,,0,0,,50,,Off,0,0,,76,Auckland,Give way,,,,,0,0,Urban,0,,,Fine,Null
1563354,5179438,25410,,587701,0,0,0,1,0,West,2006/2007,WATERLOO ROAD,RACECOURSE ROAD,,Minor Crash,No,2006,0,East,0,0,1,Flat,0,,0,,0,Dark,2479602,1,0,0,2,0,0,0,0,0,,0,1,Canterbury Region,Nil,2-way,Sealed,0,0,0,0,50,0,On,0,0,,60,Christchurch City,Unknown,0,0,0,0,0,0,Urban,0,0,0,Fine,Null
1878770,5823154,25411,,538201,0,0,0,2,0,North,2005/2006,Z CPK PAK N SAVE,TENTH AVENUE,,Non-Injury Crash,No,2006,0,East,0,0,0,Flat,0,,0,,0,Bright sun,1166600,0,0,0,0,0,0,0,0,0,,0,0,Bay of Plenty Region,Nil,Off road,Sealed,0,0,0,0,50,0,Off,0,0,,23,Tauranga City,Nil,0,0,0,0,0,0,Urban,0,1,0,Fine,Null
1752557,5912402,25412,,514700,0,,0,2,,West,2005/2006,DONOVAN ST,LYNBROOKE AVENUE,,Non-Injury Crash,No,2006,,East,,0,,Flat,,,,,,Bright sun,369200,0,0,0,2,,,0,,,,,,Auckland Region,Nil,2-way,Sealed,,0,0,,50,,Null,1,0,,76,Auckland,Nil,,,,,0,0,Urban,0,,,Fine,Null
1874949,5821541,25413,45,536513,0,0,0,1,0,East,2005/2006,CAMBRIDGE ROAD,RICHARDS WAY,,Non-Injury Crash,No,2006,0,South,0,0,0,Hill Road,0,,0,,0,Overcast,1190806,0,0,0,2,0,0,0,1,0,,0,0,Bay of Plenty Region,Nil,2-way,Sealed,0,0,0,0,70,0,Null,0,0,,23,Tauranga City,Unknown,0,0,0,0,0,0,Urban,0,0,0,Heavy rain,Null
1801085,5811770,25414,,529300,0,,0,0,,North,2006/2007,GLENVIEW TERRACE,BRUCE AVENUE,,Non-Injury Crash,No,2006,,South,,0,,Flat,,Christmas New Year,,,,Bright sun,926100,0,0,1,2,,,0,,,,,,Waikato Region,Nil,2-way,Sealed,,0,0,,50,,None,0,0,,16,Hamilton City,Nil,,,,,0,0,Urban,1,,,Fine,Null
1758387,5917677,25415,,515700,0,,0,1,,Null,2006/2007,MAHURU ST,BROADWAY,,Serious Crash,No,2006,,West,,0,,Flat,,,,,,Bright sun,443402,0,0,0,4,,,0,,,1,,,Auckland Region,Nil,2-way,Sealed,,0,1,,50,,Null,0,0,,76,Auckland,Stop,,,,,0,0,Urban,0,,,Fine,Null
1744274,5915784,25416,,513012,0,,0,0,,North,2006/2007,BORDER ROAD,HENDERSON VALLEY ROAD,,Non-Injury Crash,No,2006,,North,,0,,Flat,,,,,,Dark,280904,0,0,0,2,,,0,,,,,,Auckland Region,Nil,2-way,Sealed,,0,0,,50,,On,0,0,,76,Auckland,Nil,,,,,0,0,Urban,2,,,Fine,Null
1804889,5552507,25417,,559230,0,0,0,0,0,North,2006/2007,SH 1N,HIGH ST,,Minor Crash,Yes,2006,0,South,1,0,1,Flat,0,,0,,0,Overcast,1741800,2,0,0,2,0,0,0,0,0,,0,0,Manawatū-Whanganui Region,Nil,2-way,Sealed,0,0,0,0,100,0,Null,0,0,,38,Rangitikei District,Nil,0,0,0,0,1,0,Open,0,0,0,Fine,Null
1749087,5426785,25418,,573101,1,,0,1,,West,2005/2006,SH 1N,LYNN ROAD,,Minor Crash,Yes,2006,,East,,0,,Hill Road,,,,,,Overcast,2136500,1,0,0,2,,,0,,,,,,Wellington Region,Nil,2-way,Sealed,,0,0,,50,,Null,0,0,,47,Wellington City,Nil,,,,,0,0,Urban,0,,,Light rain,Null
1740865,5718270,25419,,531710,0,0,0,0,1,North,2005/2006,SH 3,YE OLD MILL ROAD,,Minor Crash,Yes,2006,0,North,0,0,0,Flat,0,Christmas New Year,0,,0,Overcast,1016900,2,0,1,2,0,0,0,0,0,,0,0,Waikato Region,Nil,2-way,Sealed,0,0,0,1,100,0,Null,0,0,,20,Waitomo District,Unknown,0,0,0,0,0,0,Open,0,0,0,Heavy rain,Null
1755698,5917864,25420,,517500,0,,0,2,,Null,2006/2007,SANDRINGHAM ROAD,ONSLOW ROAD,,Non-Injury Crash,No,2006,,South,,0,,Hill Road,,,,,,Overcast,531200,0,0,0,2,,,0,,,,,,Auckland Region,Nil,2-way,Sealed,,0,0,,50,,Off,0,0,,76,Auckland,Nil,,,,,0,0,Urban,0,,,Fine,Null
1753738,5441849,25421,,572701,0,0,0,2,0,South,2005/2006,HINAU ST,KOWHAI ST,,Non-Injury Crash,No,2006,0,North,0,0,0,Flat,0,,0,,0,Bright sun,1993501,0,0,0,2,0,0,0,0,1,,0,0,Wellington Region,Nil,2-way,Sealed,0,0,0,0,50,0,Null,0,0,,47,Wellington City,Nil,0,0,0,0,0,0,Urban,0,0,0,Fine,Null
1760024,5916014,25422,,516002,0,,0,2,,North,2005/2006,SH 1N,GREENLANE INT N,,Non-Injury Crash,Yes,2006,,North,,0,,Flat,,,,,,Overcast,492100,0,0,0,4,,,0,,,,,,Auckland Region,Nil,1-way,Sealed,,0,0,,100,,Off,0,0,,76,Auckland,Unknown,,,,,0,0,Open,0,,,Fine,Null
1802891,5815344,25423,,530200,0,,0,2,,Null,2005/2006,OLD FARM ROAD,DEY ST,,Non-Injury Crash,No,2006,,South,,0,,Flat,,,,,,Twilight,894100,0,0,0,2,,,0,,,,,,Waikato Region,Nil,2-way,Sealed,,0,0,,50,,Off,0,0,,16,Hamilton City,Nil,,,,,0,0,Urban,0,,,Fine,Null
1400103,4913596,25424,,605800,0,,0,2,,Null,2006/2007,SH 1S,ABBOTSFORD OBR,,Minor Crash,Yes,2006,,East,,0,,Flat,,,,,,Overcast,2959701,1,0,0,4,,,0,,,,,,Otago Region,Bridge,2-way,Sealed,,0,0,,100,,Null,0,0,,71,Dunedin City,Unknown,,,,,0,0,Open,0,,,Fine,Null
1761474,5907525,25425,,524510,0,,0,2,,North,2006/2007,WICKMAN WAY,BUCKLAND ROAD,,Non-Injury Crash,No,2006,,South,,0,,Flat,,,,,,Bright sun,736702,0,0,0,2,,,0,,,,,,Auckland Region,Nil,2-way,Sealed,,0,0,,50,,Null,0,0,,76,Auckland,Give way,,,,,0,0,Urban,0,,,Fine,Null
1243210,4849040,25426,,611220,0,,0,1,,Null,2006/2007,TWEED ST,YTHAN ST,,Minor Crash,No,2006,,East,,0,,Flat,,,,,,Bright sun,3110100,2,0,0,2,,,0,,,,,,Southland Region,Nil,2-way,Sealed,,0,0,,50,,Null,1,0,,75,Invercargill City,Give way,,,,,0,0,Urban,0,,,Fine,Null
1876447,5823284,25427,,537400,0,0,0,1,0,Null,2005/2006,WAIHI ROAD,BELL ST,,Non-Injury Crash,No,2006,0,South,0,0,1,Flat,0,,0,,0,Bright sun,1162300,0,0,0,2,0,0,0,0,0,,0,0,Bay of Plenty Region,Nil,2-way,Sealed,0,0,0,0,50,0,Null,0,0,,23,Tauranga City,Nil,0,0,0,0,0,0,Urban,0,0,0,Fine,Null
1751872,5947496,25428,,505808,0,,0,2,,South,2006/2007,Z CPK RED BEACH SC,BAY ST,,Non-Injury Crash,No,2006,,South,,0,,Flat,,,,,,Bright sun,173119,0,0,0,0,,,0,,,,,,Auckland Region,Nil,Off road,Sealed,,0,0,,30,,None,0,0,,76,Auckland,Nil,,,,,0,0,Urban,0,,,Fine,Null
1622796,5429138,25429,,583300,0,,0,2,,Null,2005/2006,WAIMEA ROAD,MOTUEKA ST,,Minor Crash,No,2006,,South,,0,,Flat,,,,,,Bright sun,2330600,2,0,0,2,,,0,,,,,,Nelson Region,Nil,2-way,Sealed,,0,0,,50,,Null,0,0,,52,Nelson City,Nil,,,,,0,0,Urban,0,,,Fine,Null
1880835,5829573,25430,,536810,0,0,0,0,0,West,2006/2007,PRINCE AVENUE,MAUNGANUI ROAD,,Non-Injury Crash,No,2006,0,North,0,0,0,Flat,0,,1,,0,Bright sun,1195100,0,0,0,2,0,0,0,0,0,,0,0,Bay of Plenty Region,Nil,2-way,Sealed,0,0,0,0,50,0,Off,1,0,,23,Tauranga City,Nil,0,0,0,0,0,0,Urban,0,0,0,Fine,Null
1756448,5927103,25431,,507900,0,,0,2,,South,2006/2007,SH 1N,NORTHCOTE OBR,,Non-Injury Crash,Yes,2006,,South,,0,,Flat,,,,,,Overcast,303502,0,0,0,3,,,0,,,,,,Auckland Region,Nil,2-way,Sealed,,0,0,,100,,None,0,0,,76,Auckland,Nil,,,,,0,0,Open,0,,,Fine,Null
1756593,5920535,25432,,514102,0,,0,0,,Null,2005/2006,VICTORIA ST WEST,WELLESLEY ST WEST,,Minor Crash,No,2006,,East,,0,,Flat,,,,,,Bright sun,432601,1,0,1,4,,,0,,,,,,Auckland Region,Nil,2-way,Sealed,,0,0,,50,,Off,0,0,,76,Auckland,Traffic Signals,,,,,1,0,Urban,0,,,Fine,Null
1569199,5177254,25433,,594800,1,,0,1,,Null,2006/2007,BARRINGTON ST,STOURBRIDGE ST,,Minor Crash,No,2006,,South,,0,,Flat,,,,,,Bright sun,2641300,1,0,0,2,,,0,,,,,,Canterbury Region,Nil,2-way,Sealed,,0,0,,50,,Null,0,0,,60,Christchurch City,Give way,,,,,0,0,Urban,0,,,Fine,Null
1768598,5900709,25434,,525001,0,,0,2,,Null,2005/2006,WEYMOUTH ROAD,ROGERS ROAD,,Non-Injury Crash,No,2006,,East,,0,,Flat,,,,,,Overcast,752100,0,0,0,2,,,0,,,,,,Auckland Region,Nil,2-way,Sealed,,0,0,,50,,Off,0,0,,76,Auckland,Give way,,,,,0,0,Urban,0,,,Fine,Null
1789929,5827809,25435,,528200,0,,0,1,,South,2006/2007,NGARUAWAHIA ROAD,HAVELOCK ROAD,,Non-Injury Crash,No,2006,,South,,0,,Flat,,,,,,Twilight,857000,0,0,0,2,,,0,,,1,,,Waikato Region,Nil,2-way,Sealed,,0,0,,50,,On,0,0,,13,Waikato District,Unknown,,,,,0,0,Urban,0,,,Fine,Null
1769892,5899455,25436,,523911,0,,0,4,,North,2005/2006,SH 1N,GT SOUTH OBR,,Fatal Crash,Yes,2006,,South,,1,,Hill Road,,Easter,,,,Bright sun,766500,2,0,0,2,,,0,,,,,,Auckland Region,Nil,1-way,Sealed,,0,0,,100,,Off,2,0,,76,Auckland,Nil,,,,,0,0,Open,0,,,Fine,Null
1736794,5982117,25437,,505300,0,0,0,1,0,South,2006/2007,SH 1N,WORKER ROAD,,Non-Injury Crash,Yes,2006,0,North,0,0,0,Flat,0,,0,,0,Overcast,143300,0,0,0,2,0,0,0,0,1,,0,0,Auckland Region,Nil,2-way,Sealed,0,0,0,0,50,0,Off,0,0,,76,Auckland,Nil,0,0,0,0,0,0,Urban,1,0,0,Fine,Null
1550543,5305676,25438,55,585506,0,0,0,1,1,North,2006/2007,SH 7,GOINGS CRK BR,,Serious Crash,Yes,2006,1,North,0,0,0,Hill Road,0,,0,,0,Twilight,2426601,1,0,0,2,0,0,0,0,0,,0,0,Canterbury Region,Nil,2-way,Sealed,0,0,2,0,100,0,None,0,0,,58,Hurunui District,Unknown,0,1,0,0,0,0,Open,0,0,0,Fine,Null
1759314,5916594,25439,,516001,0,,0,1,,North,2005/2006,SH 1N,MARKET OFF NBD,,Minor Crash,Yes,2006,,North,,0,,Flat,,,,,,Overcast,491700,1,0,0,3,,,0,,,,,,Auckland Region,Nil,1-way,Sealed,,0,0,,100,,Off,1,0,,76,Auckland,Nil,,,,,0,0,Open,0,,,Fine,Null
1570153,5179912,25440,,591600,0,,0,1,,Null,2006/2007,MONTREAL ST,CASHEL ST,,Minor Crash,No,2006,,North,,0,,Flat,,,,,,Bright sun,2678602,1,0,0,2,,,0,,,,,,Canterbury Region,Nil,1-way,Sealed,,0,0,,50,,Null,1,0,,60,Christchurch City,Traffic Signals,,,,,0,0,Urban,0,,,Fine,Null
1563976,5179217,25441,,587701,0,,0,2,,Null,2006/2007,MAIN SOUTH ROAD,BLENHEIM ROAD,,Minor Crash,No,2006,,East,,0,,Flat,,,,,,Bright sun,2479800,1,0,0,4,,,0,,,,,,Canterbury Region,Nil,2-way,Sealed,,0,0,,60,,Null,0,0,,60,Christchurch City,Give way,,,,,0,0,Urban,0,,,Fine,Null
1876960,5826634,25442,,537201,1,,0,1,,Null,2005/2006,OTUMOETAI ROAD,NGATAI ROAD,,Non-Injury Crash,No,2006,,East,,0,,Flat,,,,,,Overcast,1154601,0,0,0,2,,,0,,,,,,Bay of Plenty Region,Nil,2-way,Sealed,,0,0,,50,,Null,0,0,,23,Tauranga City,Give way,,,,,0,0,Urban,0,,,Fine,Null
1754262,5926886,25443,,508620,0,,0,1,,East,2005/2006,CORONATION ROAD,ARCHERS ROAD,,Non-Injury Crash,No,2006,,West,,0,,Flat,,,,,,Overcast,205100,0,0,0,2,,,0,,,,,,Auckland Region,Nil,2-way,Sealed,,0,0,,50,,Off,0,0,,76,Auckland,Nil,,,,,1,0,Urban,0,,,Fine,Null
1749297,5970675,25444,,505500,0,,0,0,,East,2006/2007,QUEEN ST,KAPANUI ST,,Minor Crash,No,2006,,East,,0,,Flat,,,,,,Bright sun,140400,1,0,0,2,,,0,,,1,,,Auckland Region,Nil,2-way,Sealed,,0,0,,50,,Off,0,0,,76,Auckland,Nil,,,,,0,0,Urban,1,,,Fine,Null
1802242,5816044,25445,,530100,1,,0,1,,Null,2005/2006,TE AROHA ST,ST OLPHERTS AVENUE,,Non-Injury Crash,No,2006,,East,,0,,Flat,,,,,,Dark,895400,0,0,0,2,,,0,,,,,,Waikato Region,Nil,2-way,Sealed,,0,0,,50,,On,0,0,,16,Hamilton City,Give way,,,,,0,0,Urban,0,,,Fine,Null
1731613,5992386,25446,,505010,0,0,0,0,1,North,2005/2006,SH 1N,ORUAWHARO ROAD,,Minor Crash,Yes,2006,0,North,0,0,1,Flat,0,,0,,0,Bright sun,132900,1,0,0,2,0,0,0,0,0,,0,0,Northland Region,Nil,2-way,Sealed,0,0,0,0,100,0,None,1,0,,3,Kaipara District,Nil,0,0,0,0,0,0,Open,0,0,0,Fine,Null
1823655,5463108,25447,,578600,0,,0,1,,Null,2005/2006,QUEEN ST,RENALL ST,,Non-Injury Crash,No,2006,,North,,0,,Flat,,,,,,Bright sun,2243600,0,0,0,2,,,0,,,,,,Wellington Region,Nil,2-way,Sealed,,0,0,,50,,Null,0,0,,48,Masterton District,Give way,,,,,1,0,Urban,0,,,Fine,Null
1793454,5500682,25448,,564210,0,0,0,1,0,West,2006/2007,QUEEN ST EAST,SALISBURY ST,,Minor Crash,No,2006,0,West,0,0,0,Flat,0,,0,,0,Dark,1865500,1,0,0,1,0,0,0,0,0,,0,1,Manawatū-Whanganui Region,Nil,2-way,Sealed,0,0,0,0,50,0,On,0,0,,42,Horowhenua District,Nil,0,0,0,1,0,0,Urban,0,0,0,Heavy rain,Null
1567404,5179423,25449,,590800,0,,0,1,,Null,2006/2007,BLENHEIM ROAD,MATIPO ST,,Minor Crash,No,2006,,South,,0,,Flat,,,,,,Dark,2473901,1,0,0,4,,,0,,,1,,,Canterbury Region,Nil,2-way,Sealed,,0,0,,50,,On,0,0,,60,Christchurch City,Traffic Signals,,,,,0,0,Urban,0,,,Fine,Null
2038701,5708092,25450,,544701,0,0,0,0,0,Null,2005/2006,GRAHAM ROAD,MARIAN DRIVE,,Non-Injury Crash,No,2006,0,South,0,0,0,Flat,0,,0,,0,Overcast,1382500,0,0,0,2,0,0,0,0,1,,0,0,Gisborne Region,Nil,2-way,Sealed,0,0,0,0,50,0,Null,0,0,,28,Gisborne District,Nil,0,0,0,0,0,0,Urban,2,0,0,Fine,Null
1934505,5599385,25451,,548833,0,0,0,1,0,South,2005/2006,TE MATA PEAK ROAD,PARK GATE,,Non-Injury Crash,No,2006,0,North,0,0,0,Hill Road,0,,0,,0,Dark,1467003,0,0,0,2,0,0,0,1,0,,0,0,Hawke's Bay Region,Nil,2-way,Sealed,0,0,0,0,50,0,None,0,0,,30,Hastings District,Nil,0,0,0,1,0,0,Urban,0,0,0,Fine,Null
1771730,5912382,25452,,523106,0,,0,1,,Null,2006/2007,CHAPEL ROAD,ORANGEWOOD DRIVE,,Non-Injury Crash,No,2006,,North,,0,,Hill Road,,,,,,Overcast,711158,0,0,0,2,,,0,,,,,,Auckland Region,Nil,1-way,Sealed,,0,0,,50,,Off,0,0,,76,Auckland,Give way,,,,,1,0,Urban,0,,,Fine,Null
1933120,5621002,25453,,545621,0,0,0,1,0,Null,2005/2006,SH 2B,TAMATEA DRIVE,,Serious Crash,Yes,2006,0,East,0,0,0,Flat,0,Easter,0,,0,Bright sun,1427801,0,0,0,4,0,0,0,0,0,,0,0,Hawke's Bay Region,Nil,2-way,Sealed,0,0,1,0,70,0,Null,0,0,,31,Napier City,Give way,0,0,0,1,0,0,Urban,0,0,0,Fine,Null
1752657,5946862,25454,,506001,0,,0,2,,East,2005/2006,WHANGAPARAOA ROAD,VISTA MOTU,,Non-Injury Crash,No,2006,,East,,0,,Flat,,,,,,Dark,175501,0,0,0,4,,,0,,,,,,Auckland Region,Nil,2-way,Sealed,,0,0,,50,,On,0,0,,76,Auckland,Nil,,,,,0,0,Urban,0,,,Fine,Null