X,Y,OBJECTID,advisorySpeed,areaUnitID,bicycle,bridge,bus,carStationWagon,cliffBank,crashDirectionDescription,crashFinancialYear,crashLocation1,crashLocation2,crashRoadSideRoad,crashSeverity,crashSHDescription,crashYear,debris,directionRoleDescription,ditch,fatalCount,fence,flatHill,guardRail,holiday,houseOrBuilding,intersection,kerb,light,meshblockId,minorInjuryCount,moped,motorcycle,NumberOfLanes,objectThrownOrDropped,otherObject,otherVehicleType,overBank,parkedVehicle,pedestrian,phoneBoxEtc,postOrPole,region,roadCharacter,roadLane,roadSurface,roadworks,schoolBus,seriousInjuryCount,slipOrFlood,speedLimit,strayAnimal,streetLight,suv,taxi,temporarySpeedLimit,tlaId,tlaName,trafficControl,trafficIsland,trafficSign,train,tree,truck,unknownVehicleType,urban,vanOrUtility,vehicle,waterRiver,weatherA,weatherB
1242190,4853736,25455,,610602,0,,0,1,,Null,2006/2007,SH 6,DURHAM ST,,Minor Crash,Yes,2006,,North,,0,,Flat,,,,,,Bright sun,3099400,1,0,0,4,,,0,,,,,,Southland Region,Nil,2-way,Sealed,,0,0,,50,,Null,0,0,,75,Invercargill City,Stop,,,,,1,0,Urban,0,,,Fine,Null
1761637,5906457,25456,,524200,0,,0,1,,West,2005/2006,MASSEY ROAD,SH 20,,Non-Injury Crash,No,2006,,East,,0,,Flat,,,,,,Bright sun,728700,0,0,0,2,,,0,,,,,,Auckland Region,Nil,2-way,Sealed,,0,0,,50,,Off,0,0,,76,Auckland,Nil,,,,,0,0,Urban,1,,,Null,Null
1719306,6045810,25457,,503100,0,,0,1,,West,2005/2006,RUST AVENUE,BANK ST,,Minor Crash,No,2006,,East,,0,,Flat,,,,,,Bright sun,99300,1,0,0,2,,,0,,,1,,,Northland Region,Nil,2-way,Sealed,,0,0,,50,,None,0,0,,2,Whangarei District,Nil,,,,,0,0,Urban,0,,,Fine,Null
1765066,5902862,25458,,524604,0,0,0,1,0,Null,2005/2006,ROSCOMMON ROAD,WIRI STATION ROAD N,,Minor Crash,No,2006,0,South,0,0,0,Flat,0,,0,,0,Overcast,781302,2,0,0,5,0,0,0,0,0,,0,1,Auckland Region,Nil,2-way,Sealed,0,0,0,0,80,0,Off,0,0,,76,Auckland,Traffic Signals,0,0,0,0,0,0,Open,1,0,0,Light rain,Null
1556910,5171567,25459,,587904,0,,0,1,,South,2005/2006,SHANDS ROAD,ROBINSONS ROAD,,Serious Crash,No,2006,,South,,0,,Flat,,,,,,Dark,2500600,0,0,0,2,,,0,,,,,,Canterbury Region,Nil,2-way,Sealed,,0,1,,100,,None,0,0,,62,Selwyn District,Unknown,,,,,1,0,Open,0,,,Mist or Fog,Null
1921410,5802167,25460,,542530,0,0,0,0,0,South,2005/2006,PIKOWAI ROAD,SH 2,,Non-Injury Crash,No,2006,0,North,0,0,1,Hill Road,0,,0,,0,Dark,1325300,0,0,0,2,0,0,0,0,0,,0,0,Bay of Plenty Region,Nil,2-way,Sealed,0,0,0,0,100,0,None,0,0,,25,Whakatane District,Unknown,0,0,0,0,0,0,Open,1,0,0,Mist or Fog,Null
1769037,5468683,25461,,566000,0,0,0,1,0,Null,2006/2007,SH 1N,KAPITI ROAD,,Serious Crash,Yes,2006,0,West,0,0,0,Flat,0,,0,,0,Overcast,2003709,0,0,0,5,0,0,0,0,0,,0,1,Wellington Region,Nil,2-way,Sealed,0,0,1,0,50,0,Null,0,0,,43,Kapiti Coast District,Traffic Signals,0,0,0,0,0,0,Urban,0,0,0,Fine,Null
1766904,5907658,25462,,523501,0,,0,1,,Null,2006/2007,BAIRDS ROAD,EAST TAMAKI ROAD,,Non-Injury Crash,No,2006,,South,,0,,Flat,,,,,,Bright sun,700602,0,0,0,4,,,0,,,,,,Auckland Region,Nil,2-way,Sealed,,0,0,,50,,Off,1,0,,76,Auckland,Give way,,,,,0,0,Urban,0,,,Fine,Null
1755816,5928380,25463,,507900,0,,0,2,,South,2006/2007,SH 1N,TRISTRAM OBR,,Non-Injury Crash,Yes,2006,,North,,0,,Hill Road,,,,,,Bright sun,305201,0,0,0,3,,,0,,,,,,Auckland Region,Nil,1-way,Sealed,,0,0,,100,,Off,0,0,,76,Auckland,Nil,,,,,0,0,Open,0,,,Fine,Null
1760575,5919884,25464,,516400,0,0,0,1,0,West,2006/2007,TAMAKI DRIVE,NGAPIPI ROAD,,Minor Crash,No,2006,0,East,0,0,0,Flat,0,,0,,0,Dark,496500,1,0,0,4,0,0,0,0,0,,0,0,Auckland Region,Nil,2-way,Sealed,0,0,0,0,50,0,On,1,0,,76,Auckland,Nil,0,0,0,0,0,0,Urban,0,1,0,Fine,Null
1756249,5919253,25465,,514200,0,,0,1,,South,2005/2006,NEWTON ROAD,KARANGAHAPE ROAD,,Non-Injury Crash,No,2006,,North,,0,,Hill Road,,,,,,Bright sun,411700,0,0,0,2,,,0,,,,,,Auckland Region,Nil,2-way,Sealed,,0,0,,50,,Off,1,0,,76,Auckland,Traffic Signals,,,,,0,0,Urban,0,,,Fine,Null
1755012,5913716,25466,,518803,0,,0,2,,South,2005/2006,DOMINION ROAD,DENBIGH AVENUE,,Non-Injury Crash,No,2006,,North,,0,,Flat,,,,,,Overcast,582500,0,0,0,2,,,0,,,,,,Auckland Region,Nil,2-way,Sealed,,0,0,,50,,Off,0,1,,76,Auckland,Nil,,,,,0,0,Urban,0,,,Light rain,Null
1257508,4846241,25467,,610072,0,0,0,1,0,Null,2006/2007,GORGE ROAD-INVERCARGILL H,RIMU SOUTH ROAD,,Serious Crash,No,2006,0,East,0,0,0,Flat,0,,0,,0,Dark,3162200,0,0,0,2,0,0,0,0,0,,0,0,Southland Region,Nil,2-way,Sealed,0,0,1,0,100,0,None,0,0,,73,Southland District,Unknown,0,0,0,0,0,0,Open,0,0,0,Fine,Null
1760249,5915844,25468,,516003,0,0,0,1,0,South,2006/2007,SH 1N,GREENLANE INT,,Non-Injury Crash,Yes,2006,0,North,0,0,0,Flat,0,,0,,1,Bright sun,494902,0,0,0,4,0,0,0,0,0,,0,0,Auckland Region,Nil,1-way,Sealed,0,0,0,0,100,0,Off,0,0,,76,Auckland,Nil,0,0,0,0,0,0,Open,0,0,0,Fine,Null
1763533,5906424,25469,,524302,0,0,0,1,0,Null,2005/2006,BUCKLAND ROAD,PORTAGE ROAD,,Non-Injury Crash,No,2006,0,North,0,0,1,Flat,0,,0,,0,Dark,745500,0,0,0,2,0,0,0,0,0,,0,0,Auckland Region,Nil,2-way,Sealed,0,0,0,0,50,0,On,0,0,,76,Auckland,Give way,0,0,0,1,0,0,Urban,0,0,0,Fine,Null
1817078,5803117,25470,,527503,0,,0,2,,South,2005/2006,VICTORIA ST,ALPHA ST,,Non-Injury Crash,No,2006,,North,,0,,Flat,,,,,,Bright sun,964900,0,0,0,2,,,0,,,,,,Waikato Region,Nil,2-way,Sealed,,0,0,,50,,Null,0,0,,17,Waipa District,Unknown,,,,,0,0,Urban,0,,,Fine,Null
1571123,5180403,25471,,591500,0,,0,0,,Null,2005/2006,MADRAS ST,ARMAGH ST,,Minor Crash,No,2006,,North,,0,,Flat,,,,,,Dark,2652600,1,1,0,4,,,0,,,,,,Canterbury Region,Nil,2-way,Sealed,,0,0,,50,,On,0,0,,60,Christchurch City,Traffic Signals,,,,,0,0,Urban,0,,,Light rain,Null
1758025,5914144,25472,,518600,0,0,0,1,0,Null,2006/2007,GOODLAND ST,GOLDSTINE PLACE,,Serious Crash,No,2006,0,West,0,0,0,Flat,0,,1,,0,Bright sun,566800,0,0,0,2,0,0,0,0,0,,0,0,Auckland Region,Nil,2-way,Sealed,0,0,1,0,50,0,Off,0,0,,76,Auckland,Nil,0,0,0,1,0,0,Urban,0,0,0,Fine,Null
1869864,5712853,25473,,541730,0,0,0,1,0,North,2005/2006,MIRO ST,CROWN ROAD,,Non-Injury Crash,No,2006,0,South,0,0,1,Flat,0,,0,,0,Dark,1270600,0,0,0,2,0,0,0,0,0,,0,0,Waikato Region,Nil,2-way,Sealed,0,0,0,0,50,0,On,0,0,,21,Taupo District,Give way,0,0,0,0,0,0,Urban,0,0,0,Fine,Null
1983089,5669903,25474,,545500,0,,0,0,,Null,2005/2006,KABUL ST,LUCKNOW ST,,Minor Crash,No,2006,,South,,0,,Flat,,,,,,Bright sun,1390500,2,0,0,2,,,0,,,,,,Hawke's Bay Region,Nil,2-way,Sealed,,0,0,,50,,Null,1,0,,29,Wairoa District,Give way,,,,,0,0,Urban,1,,,Fine,Null
1762228,5913570,25475,,520500,0,,0,0,,South,2006/2007,SH 1N,PENROSE OBR,,Minor Crash,Yes,2006,,North,,0,,Flat,,,,,,Bright sun,637100,1,0,0,3,,,0,,,,,,Auckland Region,Nil,1-way,Sealed,,0,0,,100,,Off,3,0,,76,Auckland,Nil,,,,,0,0,Open,0,,,Fine,Null
1666583,5409740,25476,,580447,0,0,0,0,1,North,2005/2006,SH 6,LAMBERTS ROAD,,Minor Crash,Yes,2006,0,South,1,0,0,Hill Road,0,,0,,0,Overcast,2286700,1,0,0,2,0,0,0,0,0,,0,0,Marlborough Region,Nil,2-way,Sealed,0,0,0,0,100,0,Null,0,0,,53,Marlborough District,Nil,0,1,0,0,1,0,Open,0,0,0,Fine,Null
1775321,5895681,25477,,525700,0,,0,1,,West,2006/2007,REDCREST AVENUE,BALMERINO AVENUE,,Non-Injury Crash,No,2006,,East,,0,,Flat,,Christmas New Year,,,,Bright sun,800315,0,0,0,2,,,0,,,,,,Auckland Region,Nil,2-way,Sealed,,0,0,,50,,Off,1,0,,76,Auckland,Nil,,,,,0,0,Urban,0,,,Fine,Null
1748932,5426317,25478,,573300,0,,0,1,,Null,2005/2006,SH 1N,SUSSEX ST,,Serious Crash,Yes,2006,,North,,0,,Hill Road,,,,,,Bright sun,2145700,0,0,1,3,,,0,,,,,,Wellington Region,Nil,2-way,Sealed,,0,1,,50,,Null,0,0,,47,Wellington City,Give way,,,,,0,0,Urban,0,,,Fine,Null
1765200,5461361,25479,,566200,0,,0,0,,North,2006/2007,SH 1N,BEACH ROAD,,Serious Crash,Yes,2006,,North,,0,,Flat,,Christmas New Year,,,,Bright sun,2007900,0,0,0,2,,,0,,,,,,Wellington Region,Nil,2-way,Sealed,,0,6,,80,,Null,0,0,,43,Kapiti Coast District,Nil,,,,,0,0,Open,2,,,Fine,Null
1569673,5188048,25480,,590400,0,,0,2,,East,2005/2006,Z CPK NORTHWOOD,SH 74 MAIN NORTH,,Minor Crash,No,2006,,East,,0,,Flat,,,,,,Bright sun,2513800,1,0,0,0,,,0,,,1,,,Canterbury Region,Nil,Off road,Sealed,,0,0,,20,,Null,0,0,,60,Christchurch City,Unknown,,,,,0,0,Urban,0,,,Fine,Null
1765990,5900577,25481,,524821,0,,0,1,,Null,2006/2007,ROSCOMMON ROAD,WORDSWORTH ROAD,,Non-Injury Crash,No,2006,,North,,0,,Flat,,,,,,Bright sun,774405,0,0,0,4,,,0,,,,,,Auckland Region,Nil,2-way,Sealed,,0,0,,50,,Off,0,0,,76,Auckland,Give way,,,,,0,0,Urban,1,,,Fine,Null
1799940,5815599,25482,,528900,0,,0,2,,East,2006/2007,NORTON ROAD,MILL ST,,Non-Injury Crash,No,2006,,West,,0,,Flat,,,,,,Bright sun,913200,0,0,0,2,,,0,,,,,,Waikato Region,Nil,2-way,Sealed,,0,0,,50,,Off,0,0,,16,Hamilton City,Nil,,,,,0,0,Urban,0,,,Fine,Null
1756465,5919997,25483,,514000,0,0,0,1,0,Null,2006/2007,WELLINGTON ST,WELLINGTON ON NBD,,Non-Injury Crash,No,2006,0,West,0,0,0,Hill Road,0,,0,,0,Dark,417400,0,0,0,3,0,0,0,0,0,,0,0,Auckland Region,Motorway ramp,2-way,Sealed,0,0,0,0,50,0,On,0,0,,76,Auckland,Give way,1,1,0,0,0,0,Urban,0,0,0,Fine,Null
1885337,5771301,25484,,540700,0,0,0,1,0,South,2005/2006,TRYON ST,FROUDE ST,,Non-Injury Crash,No,2006,0,North,0,0,0,Flat,0,,0,,0,Dark,1246200,0,0,0,2,0,0,0,0,1,,0,0,Bay of Plenty Region,Nil,2-way,Sealed,0,0,0,0,50,0,On,0,0,,24,Rotorua District,Unknown,0,0,0,0,0,0,Urban,1,0,0,Fine,Null
1244072,4827784,25485,,612100,0,0,0,1,0,South,2006/2007,GUNPIT ROAD,WALKER ST,,Minor Crash,No,2006,0,North,0,0,0,Hill Road,0,,0,,0,Dark,3155900,1,0,0,2,0,0,0,0,0,,0,0,Southland Region,Nil,2-way,Unsealed,0,0,0,0,50,0,None,0,0,,75,Invercargill City,Unknown,0,0,0,1,0,0,Urban,0,0,0,Heavy rain,Null
1885113,5772075,25486,,540510,0,0,0,1,0,North,2005/2006,FENTON ST,WYLIE ST,,Non-Injury Crash,No,2006,0,South,0,0,0,Flat,0,Easter,0,,0,Dark,1242600,0,0,0,4,0,0,0,0,0,,0,0,Bay of Plenty Region,Nil,2-way,Sealed,0,0,0,0,60,0,On,0,0,,24,Rotorua District,Unknown,1,0,0,1,0,0,Urban,0,0,0,Fine,Null
1778503,5878113,25487,,521131,0,0,0,0,0,North,2005/2006,RAZORBACK ROAD,RAZORBACK OFF SBD,,Non-Injury Crash,No,2006,0,South,1,0,0,Hill Road,0,,0,,0,Overcast,842401,0,0,0,2,0,0,0,0,0,,0,0,Waikato Region,Nil,2-way,Sealed,0,0,0,0,100,0,Off,0,0,,13,Waikato District,Nil,0,0,0,0,1,0,Open,0,0,0,Fine,Null
1759666,5912996,25488,,520000,0,,0,2,,Null,2005/2006,MOUNT SMART ROAD,MAYS ROAD,,Minor Crash,No,2006,,West,,0,,Flat,,,,,,Dark,605500,1,0,0,2,,,0,,,,,,Auckland Region,Nil,2-way,Sealed,,0,0,,50,,On,0,0,,76,Auckland,Give way,,,,,0,0,Urban,0,,,Fine,Null
1768003,5891169,25489,,521122,0,0,0,1,0,South,2005/2006,BLACKBRIDGE ROAD,WALTERS ROAD,,Non-Injury Crash,No,2006,0,South,1,0,0,Hill Road,0,,0,,0,Dark,810100,0,0,0,1,0,0,0,0,0,,0,0,Auckland Region,Nil,2-way,Sealed,0,0,0,0,100,0,None,0,0,,76,Auckland,Nil,0,0,0,0,0,0,Open,0,0,0,Fine,Null
1561079,5179561,25490,,587400,0,0,0,1,0,North,2005/2006,GILBERTHORPES ROAD,ROBERTS ROAD,,Minor Crash,No,2006,0,North,0,0,0,Flat,0,,0,,1,Dark,2487500,1,0,0,2,0,0,0,0,0,,0,1,Canterbury Region,Nil,2-way,Sealed,0,0,0,0,50,0,On,0,0,,60,Christchurch City,Unknown,0,0,0,0,0,0,Urban,0,0,0,Fine,Null
2014607,5733143,25491,,543601,0,0,0,0,0,West,2005/2006,SH 2,WHAKARAU ROAD,,Minor Crash,Yes,2006,0,South,1,0,0,Hill Road,0,,0,,0,Dark,1352300,1,0,0,2,0,0,0,0,0,,0,0,Gisborne Region,Nil,2-way,Sealed,0,0,0,0,100,0,None,0,0,,28,Gisborne District,Nil,0,0,0,0,0,0,Open,1,0,0,Light rain,Null
1769597,5880426,25492,,525922,0,,0,2,,East,2005/2006,SUBWAY ROAD,MANUKAU ROAD,,Non-Injury Crash,No,2006,,West,,0,,Flat,,,,,,Overcast,823600,0,0,0,2,,,0,,,,,,Auckland Region,Nil,2-way,Sealed,,0,0,,50,,Off,0,0,,76,Auckland,Nil,,,,,0,0,Urban,0,,,Fine,Null
1757664,5918308,25493,,518101,0,,0,2,,North,2006/2007,SH 1N,GILLIES ON NBD,,Non-Injury Crash,Yes,2006,,North,,0,,Flat,,,,,,Bright sun,543000,0,0,0,3,,,0,,,,,,Auckland Region,Nil,1-way,Sealed,,0,0,,100,,Off,0,0,,76,Auckland,Nil,,,,,0,0,Open,1,,,Fine,Null
1783041,5916161,25494,,523300,0,0,0,1,1,West,2005/2006,MARAETAI COAST ROAD,NORTH ROAD,,Minor Crash,No,2006,0,East,0,0,0,Flat,0,,0,,0,Bright sun,720200,2,0,0,2,0,0,0,0,0,,0,0,Auckland Region,Nil,2-way,Sealed,0,0,0,0,50,0,Null,0,0,,76,Auckland,Unknown,0,0,0,0,0,0,Urban,0,0,0,Fine,Null
1758686,5917814,25495,,516101,0,,1,1,,Null,2005/2006,REMUERA ROAD,BELMONT TERRACE,,Non-Injury Crash,No,2006,,East,,0,,Flat,,,,,,Overcast,480800,0,0,0,2,,,0,,,,,,Auckland Region,Nil,2-way,Sealed,,0,0,,50,,Off,0,0,,76,Auckland,Nil,,,,,0,0,Urban,0,,,Fine,Null
1749648,5429628,25496,,572900,0,,0,1,,North,2006/2007,AOTEA QUAY,WATERLOO QUAY,,Minor Crash,No,2006,,South,,0,,Flat,,,,,,Bright sun,2118400,1,0,0,4,,,0,,,,,,Wellington Region,Nil,2-way,Sealed,,0,0,,70,,Null,0,0,,47,Wellington City,Nil,,,,,1,0,Urban,0,,,Light rain,Null
1756220,5918293,25497,,517500,0,,0,1,,Null,2006/2007,NEW NORTH ROAD,ACE PLACE,,Minor Crash,No,2006,,West,,0,,Flat,,,,,,Bright sun,531700,1,0,1,2,,,0,,,,,,Auckland Region,Nil,2-way,Sealed,,0,0,,50,,Off,0,0,,76,Auckland,Stop,,,,,0,0,Urban,0,,,Fine,Null
1803071,5692819,25498,,532501,0,0,0,0,0,East,2006/2007,SH 41,KIRTON ROAD,,Minor Crash,Yes,2006,0,West,1,0,0,Flat,0,,0,,0,Dark,1021800,1,0,0,2,0,0,0,1,0,,0,0,Manawatū-Whanganui Region,Nil,2-way,Sealed,0,0,0,0,100,0,None,0,0,,36,Ruapehu District,Nil,0,0,0,1,0,0,Open,1,0,0,Light rain,Null
1819752,5527830,25499,,562910,0,,0,1,,Null,2005/2006,RUGBY ST,ROCHESTER ST,,Minor Crash,No,2006,,East,,0,,Flat,,,,,,Bright sun,1802800,1,1,0,2,,,0,,,,,,Manawatū-Whanganui Region,Nil,2-way,Sealed,,0,0,,50,,Null,0,1,,40,Palmerston North City,Nil,,,,,0,0,Urban,0,,,Fine,Null
1719869,6006535,25500,,505010,0,0,0,0,0,East,2006/2007,GOLDEN STAIRS ROAD,CAUSER ROAD,,Non-Injury Crash,No,2006,0,West,0,0,0,Flat,0,,0,,0,Dark,132201,0,0,0,2,0,0,0,0,0,,0,1,Northland Region,Nil,2-way,Unsealed,0,0,0,0,100,0,None,1,0,,3,Kaipara District,Nil,0,0,0,0,0,0,Open,0,0,0,Fine,Null
1803332,5548348,25501,,561422,0,,0,3,,North,2005/2006,SH 1N,TANGIMOANA ROAD,,Non-Injury Crash,Yes,2006,,North,,0,,Flat,,Easter,,,,Bright sun,1789900,0,0,0,2,,,0,,,,,,Manawatū-Whanganui Region,Nil,2-way,Sealed,,0,0,,100,,Null,0,0,,39,Manawatu District,Nil,,,,,0,0,Open,0,,,Fine,Null
1807052,5789866,25502,,527936,0,0,0,0,1,Null,2005/2006,GOLF ROAD,CAMBRIDGE ROAD,,Non-Injury Crash,No,2006,0,West,0,0,1,Hill Road,0,,0,,0,Bright sun,987000,0,0,0,2,0,0,0,0,0,,0,0,Waikato Region,Nil,2-way,Sealed,0,0,0,0,100,0,Null,0,0,,17,Waipa District,Give way,0,0,0,0,1,0,Open,0,0,0,Fine,Null
1680188,5404919,25503,,581220,0,,0,0,,East,2006/2007,BUDGE ST,SH 1S,,Serious Crash,No,2006,,West,,0,,Flat,,,,,,Bright sun,2294700,0,1,0,2,,,0,,,,,,Marlborough Region,Nil,2-way,Sealed,,0,1,,50,,Null,0,0,,53,Marlborough District,Nil,,,,,0,0,Urban,1,,,Fine,Null
1756172,5924059,25504,,509800,0,,0,2,,South,2006/2007,SH 1N,ONEWA OBR,,Non-Injury Crash,Yes,2006,,South,,0,,Flat,,,,,,Dark,361100,0,0,0,4,,,0,,,,,,Auckland Region,Nil,1-way,Sealed,,0,0,,80,,On,0,0,,76,Auckland,Nil,,,,,0,0,Open,0,,,Fine,Null
1817064,5823893,25505,,534500,0,,0,0,,South,2005/2006,SH 26,HARBOTTLE ROAD,,Non-Injury Crash,Yes,2006,,North,,0,,Flat,,,,,,Overcast,1091200,0,0,0,2,,,0,,,,,,Waikato Region,Nil,2-way,Sealed,,0,0,,100,,Null,0,0,,15,Matamata-Piako District,Unknown,,,,,0,0,Open,1,,,Light rain,Null
1773507,5897346,25506,,525630,0,,0,1,,Null,2005/2006,GROVE ROAD,OLD WAIROA ROAD,,Non-Injury Crash,No,2006,,North,,0,,Flat,,,,,,Overcast,795200,0,0,0,2,,,0,,,,,,Auckland Region,Nil,2-way,Sealed,,0,0,,50,,Off,0,0,,76,Auckland,Stop,,,,,1,0,Urban,0,,,Light rain,Null
1793153,5725575,25507,65,531800,0,0,0,1,0,South,2006/2007,SH 4,WAITATAURA ROAD,,Minor Crash,Yes,2006,0,North,0,0,0,Flat,0,Labour Weekend,0,,0,Overcast,1013801,1,0,0,2,0,0,0,1,0,,0,0,Waikato Region,Nil,2-way,Sealed,0,0,0,0,100,0,Null,0,0,,20,Waitomo District,Unknown,0,0,0,0,0,0,Open,0,0,0,Light rain,Null
1800526,5815213,25508,,529700,0,,0,2,,Null,2005/2006,TRISTRAM ST,WARD ST,,Non-Injury Crash,No,2006,,West,,0,,Flat,,,,,,Bright sun,910900,0,0,0,1,,,0,,,,,,Waikato Region,Nil,1-way,Sealed,,0,0,,50,,Null,0,0,,16,Hamilton City,Give way,,,,,0,0,Urban,0,,,Fine,Null
1572164,5178214,25509,,594300,0,0,0,1,0,Null,2006/2007,SH 76 BROUGHAM,OPAWA ROAD,,Minor Crash,Yes,2006,0,East,0,0,0,Flat,0,,0,,0,Dark,2583801,2,0,0,4,0,0,0,0,0,,0,0,Canterbury Region,Nil,2-way,Sealed,0,0,0,0,60,0,On,0,0,,60,Christchurch City,Traffic Signals,0,0,0,1,0,0,Urban,0,0,0,Fine,Null
1752402,5916052,25510,,517901,0,,0,2,,Null,2006/2007,NEW NORTH ROAD,RICHARDSON ROAD,,Minor Crash,No,2006,,West,,0,,Hill Road,,,,,,Dark,523700,1,0,0,4,,,0,,,,,,Auckland Region,Nil,2-way,Sealed,,0,0,,50,,On,0,0,,76,Auckland,Traffic Signals,,,,,0,0,Urban,0,,,Fine,Null
1667020,5429615,25511,,580446,0,0,0,1,0,East,2006/2007,QUEEN CHARLOTTE DRIVE,MOENUI ROAD,,Serious Crash,No,2006,0,East,0,0,0,Hill Road,0,Christmas New Year,0,,0,Bright sun,2286502,0,0,0,2,0,0,0,0,0,,0,0,Marlborough Region,Nil,2-way,Sealed,0,0,1,0,100,0,Null,0,0,,53,Marlborough District,Nil,0,0,0,1,0,0,Open,0,0,0,Fine,Null
1823865,5525530,25512,,561902,0,,0,0,,Null,2005/2006,SH 57,TURITEA ROAD,,Minor Crash,Yes,2006,,East,,0,,Flat,,,,,,Bright sun,1799501,1,0,1,2,,,0,,,,,,Manawatū-Whanganui Region,Nil,2-way,Sealed,,0,0,,100,,Null,0,0,,40,Palmerston North City,Give way,,,,,0,0,Open,0,,,Fine,Null
1759032,5879721,25513,,521152,0,0,0,1,0,West,2005/2006,WAIUKU ROAD,GLENBROOK STATION ROAD,,Minor Crash,No,2006,0,West,0,0,1,Flat,0,,0,,0,Bright sun,832800,1,0,0,2,0,0,0,0,0,,0,1,Auckland Region,Nil,2-way,Sealed,0,0,0,0,100,0,Off,0,0,,76,Auckland,Nil,0,0,0,0,0,0,Open,0,0,0,Light rain,Null
1744504,5922538,25514,,513530,1,,0,0,,Null,2005/2006,ROYAL ROAD,ROYAL ON EBD W,,Serious Crash,No,2006,,West,,0,,Flat,,,,,,Dark,225802,0,0,0,2,,,0,,,,,,Auckland Region,Nil,2-way,Sealed,,0,1,,50,,On,0,0,,76,Auckland,Nil,,,,,0,0,Urban,1,,,Fine,Null
1767198,5905561,25515,,522302,0,,0,2,,Null,2005/2006,REAGAN ROAD,ALBERT ROAD,,Non-Injury Crash,No,2006,,East,,0,,Flat,,,,,,Bright sun,670700,0,0,0,4,,,0,,,,,,Auckland Region,Nil,2-way,Sealed,,0,0,,50,,Off,0,0,,76,Auckland,Traffic Signals,,,,,0,0,Urban,0,,,Fine,Null
1883681,5773391,25516,,539700,0,0,1,1,0,West,2005/2006,KONENE ST,SH 5,,Non-Injury Crash,No,2006,0,East,0,0,0,Flat,0,,0,,0,Bright sun,1227100,0,0,0,2,0,0,0,0,1,,0,0,Bay of Plenty Region,Nil,2-way,Sealed,0,0,0,0,50,0,Null,0,0,,24,Rotorua District,Nil,0,0,0,0,0,0,Urban,0,0,0,Fine,Null
1935595,5618561,25517,,546700,0,0,0,1,0,North,2005/2006,BLEDISLOE ROAD,BARNARD AVENUE,,Minor Crash,No,2006,0,South,0,0,1,Flat,0,,0,,0,Overcast,1444100,1,0,0,2,0,0,0,0,0,,0,0,Hawke's Bay Region,Nil,2-way,Sealed,0,0,0,0,50,0,Null,0,0,,31,Napier City,Nil,0,0,0,1,0,0,Urban,0,0,0,Light rain,Null
1236510,4847062,25518,,610052,0,,0,2,,East,2006/2007,DUNNS ROAD,SANDY POINT ROAD,,Minor Crash,No,2006,,East,,0,,Flat,,,,,,Overcast,3079401,2,0,0,2,,,0,,,,,,Southland Region,Nil,2-way,Sealed,,0,0,,70,,Null,0,0,,75,Invercargill City,Nil,,,,,0,0,Urban,0,,,Fine,Null
1792797,5722939,25519,,531800,0,0,0,1,1,South,2005/2006,SH 4,TAKIRI ROAD,,Minor Crash,Yes,2006,0,North,0,0,0,Flat,0,,0,,0,Dark,1013801,1,0,0,2,0,0,0,0,0,,0,0,Waikato Region,Nil,2-way,Sealed,0,0,0,0,100,0,None,0,0,,20,Waitomo District,Unknown,0,0,0,0,0,0,Open,0,0,0,Fine,Null
1745603,5918565,25520,,513302,0,0,0,1,0,West,2005/2006,WOODFORD AVENUE,PENDERS PLACE,,Non-Injury Crash,No,2006,0,West,0,0,0,Hill Road,0,,0,,0,Bright sun,230900,0,0,0,2,0,0,0,0,1,,0,0,Auckland Region,Nil,2-way,Sealed,0,0,0,0,50,0,Off,1,0,,76,Auckland,Nil,0,0,0,0,0,0,Urban,0,0,0,Fine,Null
1762911,5912220,25521,,519500,0,,0,1,,North,2005/2006,GREAT SOUTH ROAD,SOUTHDOWN LANE,,Non-Injury Crash,No,2006,,South,,0,,Flat,,,,,,Bright sun,622700,0,0,0,4,,,0,,,,,,Auckland Region,Nil,2-way,Sealed,,0,0,,50,,Off,0,0,,76,Auckland,Nil,,,,,1,0,Urban,0,,,Fine,Null
1949858,5790980,25522,,542430,0,0,0,2,0,West,2005/2006,JAMES ST,KING ST,,Non-Injury Crash,No,2006,0,East,0,0,0,Flat,0,,0,,0,Bright sun,1310500,0,0,0,2,0,0,0,0,1,,0,0,Bay of Plenty Region,Nil,2-way,Sealed,0,0,0,0,50,0,Null,0,0,,25,Whakatane District,Stop,0,0,0,0,0,0,Urban,0,0,0,Fine,Null
1934455,5786821,25523,60,542530,0,0,0,1,1,North,2006/2007,TE TEKO ROAD,POWELL ROAD,,Non-Injury Crash,No,2006,0,South,0,0,0,Flat,0,Christmas New Year,0,,0,Bright sun,1323402,0,0,0,2,0,0,0,0,0,,0,0,Bay of Plenty Region,Nil,2-way,Sealed,0,0,0,0,100,0,Null,0,0,,25,Whakatane District,Unknown,0,0,0,0,0,0,Open,0,0,0,Fine,Null
1764002,5909960,25524,,521901,0,,0,2,,Null,2005/2006,STATION ROAD,GREAT SOUTH ROAD,,Minor Crash,No,2006,,West,,0,,Flat,,,,,,Overcast,784200,1,0,0,2,,,0,,,,,,Auckland Region,Nil,2-way,Sealed,,0,0,,50,,Off,1,0,,76,Auckland,Stop,,,,,0,0,Urban,0,,,Fine,Null