X,Y,OBJECTID,advisorySpeed,areaUnitID,bicycle,bridge,bus,carStationWagon,cliffBank,crashDirectionDescription,crashFinancialYear,crashLocation1,crashLocation2,crashRoadSideRoad,crashSeverity,crashSHDescription,crashYear,debris,directionRoleDescription,ditch,fatalCount,fence,flatHill,guardRail,holiday,houseOrBuilding,intersection,kerb,light,meshblockId,minorInjuryCount,moped,motorcycle,NumberOfLanes,objectThrownOrDropped,otherObject,otherVehicleType,overBank,parkedVehicle,pedestrian,phoneBoxEtc,postOrPole,region,roadCharacter,roadLane,roadSurface,roadworks,schoolBus,seriousInjuryCount,slipOrFlood,speedLimit,strayAnimal,streetLight,suv,taxi,temporarySpeedLimit,tlaId,tlaName,trafficControl,trafficIsland,trafficSign,train,tree,truck,unknownVehicleType,urban,vanOrUtility,vehicle,waterRiver,weatherA,weatherB
1752928,5927072,25525,,508210,0,0,0,2,0,East,2005/2006,SEAVIEW ROAD,VALLEY VIEW ROAD,,Non-Injury Crash,No,2006,0,West,0,0,0,Hill Road,0,,0,,0,Dark,188002,0,0,0,1,0,0,0,0,1,,0,0,Auckland Region,Nil,2-way,Sealed,0,0,0,0,50,0,On,0,0,,76,Auckland,Nil,0,0,0,0,0,0,Urban,0,0,0,Fine,Null
1847430,5891687,25526,,533603,0,0,0,0,0,East,2006/2007,SH 25,SH 25A,,Minor Crash,Yes,2006,0,East,0,0,0,Hill Road,0,,0,,0,Overcast,1059504,2,0,0,2,0,0,0,1,0,,0,0,Waikato Region,Nil,2-way,Sealed,0,0,0,0,100,0,None,1,0,,11,Thames-Coromandel District,Nil,0,0,0,1,0,0,Open,0,0,0,Light rain,Null
1605650,5433454,25527,75,581836,0,,0,2,,North,2005/2006,SH 60,DOMINION ROAD,,Serious Crash,Yes,2006,,South,,0,,Hill Road,,,,,,Dark,2351200,0,0,0,3,,,0,,,,,,Tasman Region,Nil,2-way,Sealed,,0,2,,100,,None,0,0,,51,Tasman District,Nil,,,,,0,0,Open,0,,,Light rain,Null
1750079,5912299,25528,,511402,0,0,0,1,0,East,2005/2006,GOLF ROAD,ASTLEY AVENUE,,Minor Crash,No,2006,0,East,0,0,0,Flat,0,,0,,0,Bright sun,260400,1,0,0,2,0,0,0,0,1,,0,0,Auckland Region,Nil,2-way,Sealed,0,0,0,0,50,0,Off,0,0,30,76,Auckland,Nil,0,0,0,0,0,0,Urban,1,0,0,Fine,Null
1758378,5911776,25529,,519810,0,0,0,3,0,North,2005/2006,SH 20,RIMU OBR,,Non-Injury Crash,Yes,2006,0,South,0,0,0,Flat,2,Christmas New Year,0,,0,Bright sun,602501,0,0,0,4,0,0,0,0,0,,0,0,Auckland Region,Bridge,2-way,Sealed,0,0,0,0,100,0,Off,0,0,,76,Auckland,Nil,0,0,0,0,0,0,Open,0,0,0,Fine,Null
1745379,5923514,25530,,513521,0,0,0,2,0,West,2006/2007,WEST HARBOUR DRIVE,LORENA PLACE,,Non-Injury Crash,No,2006,0,West,0,0,0,Hill Road,0,,0,,0,Bright sun,224218,0,0,0,2,0,0,0,0,1,,0,0,Auckland Region,Nil,2-way,Sealed,0,0,0,0,50,0,Off,0,0,,76,Auckland,Nil,0,0,0,0,0,0,Urban,0,0,0,Fine,Null
2036197,5708902,25531,,544600,0,,0,2,,Null,2005/2006,CHILDERS ROAD,ROEBUCK ROAD,,Non-Injury Crash,No,2006,,North,,0,,Flat,,,,,,Bright sun,1372600,0,0,0,2,,,0,,,,,,Gisborne Region,Nil,2-way,Sealed,,0,0,,50,,Null,0,0,,28,Gisborne District,Stop,,,,,0,0,Urban,0,,,Fine,Null
1755251,5924720,25532,,509800,0,,0,1,,Null,2005/2006,ONEWA ROAD,WOODSIDE AVENUE,,Non-Injury Crash,No,2006,,East,,0,,Hill Road,,,,,,Bright sun,360200,0,0,0,3,,,0,,,,,,Auckland Region,Nil,2-way,Sealed,,0,0,,50,,Off,1,0,,76,Auckland,Give way,,,,,0,0,Urban,0,,,Fine,Null
1760129,5915912,25533,,516003,0,,0,0,,Null,2005/2006,GREENLANE OFF NBD,GREENLANE INT,,Non-Injury Crash,Yes,2006,,North,,0,,Hill Road,,Easter,,,,Bright sun,494902,0,0,0,2,,,0,,,,,,Auckland Region,Motorway ramp,1-way,Sealed,,0,0,,50,,Off,1,0,,76,Auckland,Give way,,,,,0,0,Urban,1,,,Fine,Null
1747005,5915121,25534,,511800,0,,0,2,,East,2006/2007,GREAT NORTH ROAD,HEPBURN ROAD,,Non-Injury Crash,No,2006,,East,,0,,Hill Road,,,,,,Bright sun,277902,0,0,0,4,,,0,,,,,,Auckland Region,Nil,2-way,Sealed,,0,0,,50,,Off,0,0,,76,Auckland,Nil,,,,,0,0,Urban,0,,,Fine,Null
1769218,5881772,25535,,525910,0,,0,2,,South,2005/2006,FRANKLIN ROAD,REYNOLDS ROAD,,Minor Crash,No,2006,,North,,0,,Hill Road,,,,,,Overcast,816600,1,0,0,2,,,0,,,,,,Auckland Region,Nil,2-way,Sealed,,0,0,,50,,Off,0,0,,76,Auckland,Nil,,,,,0,0,Urban,0,,,Fine,Null
1727666,5938619,25536,,506642,0,0,0,1,0,South,2006/2007,SH 16,RIMMER ROAD,,Non-Injury Crash,Yes,2006,0,North,0,0,0,Flat,1,,0,,0,Overcast,211100,0,0,0,2,0,0,0,0,0,,0,0,Auckland Region,Nil,2-way,Sealed,0,0,0,0,100,0,Null,0,0,,76,Auckland,Unknown,0,0,0,0,0,0,Open,0,0,0,Light rain,Null
1768987,5913763,25537,,522723,0,0,0,3,0,South,2005/2006,CASCADES ROAD,WALWORTH AVENUE,,Non-Injury Crash,No,2006,0,South,0,0,0,Flat,0,,0,,0,Dark,682301,0,0,0,2,0,0,0,0,1,,0,0,Auckland Region,Nil,2-way,Sealed,0,0,0,0,50,0,On,0,0,,76,Auckland,Nil,0,0,0,0,0,0,Urban,0,0,0,Fine,Null
1759027,5886247,25538,55,521122,0,0,0,1,1,West,2005/2006,WAIAU PA ROAD,KINGSEAT ROAD,,Non-Injury Crash,No,2006,0,West,0,0,0,Flat,0,,0,,0,Overcast,810800,0,0,0,2,0,0,0,0,0,,0,0,Auckland Region,Nil,2-way,Sealed,0,0,0,0,100,0,None,0,0,,76,Auckland,Nil,0,0,0,0,0,0,Open,0,0,0,Light rain,Null
1690666,5671289,25539,,551021,0,0,0,1,0,North,2005/2006,COWLING ROAD,RATAPIHIPIHI ROAD,,Serious Crash,No,2006,0,South,0,0,1,Flat,0,,0,,0,Bright sun,1556401,2,0,0,2,0,0,0,0,0,,0,0,Taranaki Region,Nil,2-way,Sealed,0,0,1,0,100,0,Null,0,0,,33,New Plymouth District,Nil,0,0,0,1,0,0,Open,0,0,0,Fine,Null
1757489,5926540,25540,,507900,0,0,0,3,0,South,2005/2006,BARRYS POINT ROAD,DES SWANN DRIVE,,Non-Injury Crash,No,2006,0,South,0,0,0,Flat,0,,0,,0,Bright sun,304200,0,0,0,2,0,0,0,0,2,,0,0,Auckland Region,Nil,2-way,Sealed,0,0,0,0,50,0,Off,0,0,,76,Auckland,Nil,0,0,0,0,0,0,Urban,0,0,0,Fine,Null
1758140,5917844,25541,,515700,0,,0,2,,Null,2006/2007,GILLIES AVENUE,GILLIES OFF SBD S,,Non-Injury Crash,Yes,2006,,South,,0,,Flat,,,,,,Bright sun,443200,0,0,0,4,,,0,,,,,,Auckland Region,Motorway ramp,2-way,Sealed,,0,0,,50,,Off,0,1,,76,Auckland,Traffic Signals,,,,,0,0,Urban,0,,,Fine,Null
1758477,5918237,25542,,517400,0,,0,2,,South,2006/2007,BROADWAY,KHYBER PASS ROAD,,Non-Injury Crash,No,2006,,North,,0,,Flat,,,,,,Bright sun,451300,0,0,0,2,,,0,,,,,,Auckland Region,Nil,2-way,Sealed,,0,0,,50,,Off,0,0,,76,Auckland,Nil,,,,,0,0,Urban,0,,,Fine,Null
1842818,5679320,25543,,541000,0,,0,1,,Null,2006/2007,SH 1N,TAUPAHI ROAD S,,Non-Injury Crash,Yes,2006,,South,,0,,Flat,,,,,,Overcast,1283300,0,0,0,2,,,0,,,,,,Waikato Region,Nil,2-way,Sealed,,0,0,,100,,Off,1,0,,21,Taupo District,Nil,,,,,0,0,Open,0,,,Fine,Null
1762190,5913669,25544,,520401,0,1,0,2,0,Null,2005/2006,SH 1N,PENROSE OBR,,Non-Injury Crash,Yes,2006,2,South,0,0,0,Flat,0,,0,,0,Bright sun,644300,0,0,0,3,0,0,0,0,0,,0,0,Auckland Region,Nil,1-way,Sealed,0,0,0,0,100,0,Off,0,0,,76,Auckland,Nil,0,0,0,0,1,0,Open,0,0,0,Fine,Null
1771786,5897740,25545,,523912,0,,0,1,,South,2005/2006,TIRONUI ROAD,WALTERS ROAD,,Non-Injury Crash,No,2006,,North,,0,,Flat,,,,,,Bright sun,766200,0,0,0,2,,,0,,,,,,Auckland Region,Nil,2-way,Sealed,,0,0,,50,,Off,0,0,,76,Auckland,Nil,,,,,1,0,Urban,0,,,Fine,Null
1762525,5907383,25546,,524530,0,,0,2,,North,2005/2006,Z CPK COUNTDOWN,MASSEY ROAD,,Non-Injury Crash,No,2006,,West,,0,,Flat,,,,,,Bright sun,733000,0,0,0,2,,,0,,,,,,Auckland Region,Nil,Off road,Sealed,,0,0,,50,,Off,0,0,,76,Auckland,Nil,,,,,0,0,Urban,0,,,Fine,Null
1765342,5907290,25547,,522301,0,,0,1,,North,2005/2006,GREAT SOUTH ROAD,SHIRLEY ROAD,,Minor Crash,No,2006,,East,,0,,Flat,,,,,,Dark,665800,1,0,0,2,,,0,,,,,,Auckland Region,Nil,2-way,Sealed,,0,0,,50,,On,0,0,,76,Auckland,Nil,,,,,1,0,Urban,0,,,Mist or Fog,Null
1885062,5771289,25548,,540700,0,,0,3,,South,2005/2006,SH 30,MEADE ST,,Minor Crash,Yes,2006,,North,,0,,Flat,,,,,,Overcast,1246000,2,0,0,2,,,0,,,,,,Bay of Plenty Region,Nil,2-way,Sealed,,0,0,,60,,Null,1,0,,24,Rotorua District,Unknown,,,,,0,0,Urban,0,,,Fine,Null
1769823,5889637,25549,,521202,0,,0,2,,Null,2006/2007,SH 22,WHANGAPOURI ROAD,,Non-Injury Crash,Yes,2006,,East,,0,,Flat,,,,,,Dark,807100,0,0,0,2,,,0,,,,,,Auckland Region,Nil,2-way,Sealed,,0,0,,100,,On,0,0,,76,Auckland,Give way,,,,,0,0,Open,0,,,Fine,Null
1755196,5434483,25550,,569800,0,,0,1,,Null,2006/2007,SH 2,HOROKIWI ROAD,,Minor Crash,Yes,2006,,East,,0,,Flat,,,,,,Overcast,1922202,1,1,0,4,,,0,,,,,,Wellington Region,Nil,2-way,Sealed,,0,0,,100,,Null,0,0,,46,Lower Hutt City,Stop,,,,,1,0,Open,0,,,Fine,Null
1755572,5918670,25551,,515500,0,,0,3,,West,2005/2006,GREAT NORTH ROAD,BEACONSFIELD ST,,Minor Crash,No,2006,,East,,0,,Flat,,,,,,Bright sun,418100,1,0,0,4,,,0,,,,,,Auckland Region,Nil,2-way,Sealed,,0,0,,50,,Null,0,0,,76,Auckland,Nil,,,,,0,0,Urban,0,,,Fine,Null
1746853,5915250,25552,,511800,0,,0,2,,South,2006/2007,GREAT NORTH ROAD,AWAROA ROAD,,Non-Injury Crash,No,2006,,West,,0,,Hill Road,,,,,,Overcast,277902,0,0,0,4,,,0,,,,,,Auckland Region,Nil,2-way,Sealed,,0,0,,50,,Off,0,0,,76,Auckland,Nil,,,,,0,0,Urban,1,,,Fine,Null
1771037,5912008,25553,,523106,0,0,0,1,0,Null,2006/2007,TARNICA ROAD,KILIMANJARO DRIVE,,Minor Crash,No,2006,0,East,0,0,0,Flat,0,,0,,0,Bright sun,711131,1,0,0,2,0,0,0,0,0,,0,0,Auckland Region,Nil,2-way,Sealed,0,0,0,0,50,0,Off,0,0,,76,Auckland,Give way,0,0,0,1,0,0,Urban,0,0,0,Fine,Null
1698925,6087210,25554,,501620,0,,0,2,,North,2005/2006,SH 11,WAIKARE ROAD,,Minor Crash,Yes,2006,,South,,0,,Hill Road,,,,,,Overcast,47601,2,0,0,2,,,0,,,,,,Northland Region,Nil,2-way,Sealed,,0,0,,100,,None,0,0,,1,Far North District,Nil,,,,,0,0,Open,0,,,Light rain,Null
1797964,5814656,25555,,529000,0,,0,1,,North,2005/2006,RIFLE RANGE ROAD,SH 23,,Non-Injury Crash,No,2006,,South,,0,,Flat,,,,,,Overcast,917100,0,0,0,2,,,0,,,,,,Waikato Region,Nil,2-way,Sealed,,0,0,,50,,Null,1,0,,16,Hamilton City,Give way,,,,,0,0,Urban,0,,,Fine,Null
1774427,5832617,25556,,526702,0,0,0,1,0,East,2006/2007,OTOROHAEA TRIG ROAD,HIGHWAY 22,,Serious Crash,No,2006,0,West,0,0,0,Hill Road,0,,0,,0,Bright sun,852600,0,0,0,2,0,0,0,1,0,,0,0,Waikato Region,Nil,2-way,Unsealed,0,0,1,0,100,0,None,0,0,,13,Waikato District,Nil,0,0,0,0,0,0,Open,0,0,0,Fine,Null
1749175,5424925,25557,,576400,0,0,0,1,0,East,2005/2006,CONSTABLE ST,RIDDIFORD ST,,Non-Injury Crash,No,2006,0,West,0,0,0,Flat,0,,0,,0,Dark,2167300,0,0,0,2,0,0,0,0,1,,0,0,Wellington Region,Nil,2-way,Sealed,0,0,0,0,50,0,On,0,0,,47,Wellington City,Nil,0,0,0,0,0,0,Urban,1,0,0,Fine,Null
1763130,5905914,25558,,524303,0,,0,1,,Null,2005/2006,PORTAGE ROAD,CLAUDE AVENUE,,Non-Injury Crash,No,2006,,South,,0,,Flat,,,,,,Overcast,656200,0,0,0,2,,,0,,,,,,Auckland Region,Nil,2-way,Sealed,,0,0,,50,,Off,0,0,,76,Auckland,Give way,,,,,0,0,Urban,1,,,Light rain,Null
1802411,5814726,25559,,530200,0,,0,1,,Null,2006/2007,NIXON ST,COOK ST,,Non-Injury Crash,No,2006,,South,,0,,Flat,,,,,,Overcast,893300,0,0,1,2,,,0,,,,,,Waikato Region,Nil,2-way,Sealed,,0,0,,50,,Null,0,0,,16,Hamilton City,Give way,,,,,0,0,Urban,0,,,Light rain,Null
1597383,5376098,25560,,580450,0,,0,1,,Null,2006/2007,SH 63,MIDDLE SIX MILE BR,,Minor Crash,Yes,2006,,East,,0,,Flat,,,,,,Bright sun,2375202,4,0,0,1,,,0,,,,,,Marlborough Region,Bridge,2-way,Sealed,,0,0,,100,,Null,0,0,,53,Marlborough District,Give way,,,,,1,0,Open,0,,,Fine,Null
1761412,5917856,25561,,516201,0,0,0,1,0,Null,2006/2007,UPLAND ROAD,DARWIN LANE,,Non-Injury Crash,No,2006,0,North,0,0,1,Hill Road,0,Labour Weekend,1,,0,Dark,486700,0,0,0,2,0,0,0,1,0,,0,0,Auckland Region,Nil,2-way,Sealed,0,0,0,0,50,0,On,0,0,,76,Auckland,Nil,0,0,0,0,0,0,Urban,0,0,0,Light rain,Null
1818799,5779336,25562,,528000,2,,0,0,,West,2006/2007,OWAIRAKA VALLEY ROAD,GRIFFITH ACCESS ROAD,,Serious Crash,No,2006,,West,,0,,Flat,,,,,,Bright sun,991301,1,0,0,2,,,0,,,,,,Waikato Region,Nil,2-way,Sealed,,0,1,,100,,None,0,0,,17,Waipa District,Nil,,,,,0,0,Open,1,,,Fine,Null
1817457,5801881,25563,,527504,0,,0,1,,North,2005/2006,BURNS ST,RALEIGH ST,,Minor Crash,No,2006,,North,,0,,Flat,,,,,,Dark,966104,1,0,0,2,,,0,,,1,,,Waikato Region,Nil,2-way,Sealed,,0,0,,50,,On,0,0,,17,Waipa District,Nil,,,,,0,0,Urban,0,,,Light rain,Null
1877819,5822051,25564,,538102,0,,0,2,,East,2005/2006,Z CPK KOOPS CYCLES,CAMERON ROAD,,Non-Injury Crash,No,2006,,West,,0,,Hill Road,,,,,,Bright sun,1170900,0,0,0,0,,,0,,,,,,Bay of Plenty Region,Nil,Off road,Sealed,,0,0,,50,,Null,0,0,,23,Tauranga City,Unknown,,,,,0,0,Urban,0,,,Fine,Null
1719081,6048175,25565,,502300,0,,0,2,,Null,2006/2007,KAMO ROAD,PARK AVENUE,,Minor Crash,No,2006,,East,,0,,Flat,,,,,,Dark,90500,1,0,0,2,,,0,,,,,,Northland Region,Nil,2-way,Sealed,,0,0,,50,,On,0,0,,2,Whangarei District,Stop,,,,,0,0,Urban,0,,,Fine,Null
1750837,5915590,25566,,514802,0,0,0,1,0,Null,2006/2007,ASH ST,ROSEBANK ROAD,,Minor Crash,No,2006,0,North,0,0,1,Flat,0,,0,,0,Dark,386600,4,0,0,5,0,0,0,0,0,,0,1,Auckland Region,Nil,2-way,Sealed,0,0,0,0,50,0,On,1,0,,76,Auckland,Traffic Signals,0,0,0,0,0,0,Urban,0,0,0,Fine,Null
1761888,5913469,25567,,519500,0,,0,2,,North,2006/2007,GREAT SOUTH ROAD,PENROSE ROAD,,Minor Crash,No,2006,,North,,0,,Flat,,,,,,Bright sun,621500,2,0,0,4,,,0,,,,,,Auckland Region,Nil,2-way,Sealed,,0,0,,50,,Off,0,0,,76,Auckland,Nil,,,,,0,0,Urban,0,,,Fine,Null
1759493,5916414,25568,,516002,0,,0,3,,North,2006/2007,SH 1N,GREENLANE INT,,Non-Injury Crash,Yes,2006,,South,,0,,Flat,,,,,,Dark,492000,0,0,0,3,,,0,,,,,,Auckland Region,Nil,1-way,Sealed,,0,0,,100,,On,0,0,,76,Auckland,Nil,,,,,0,0,Open,0,,,Fine,Null
1757837,5912127,25569,,519810,0,0,0,2,0,Null,2005/2006,SH 20,QUEENSTOWN OFF NBD,,Non-Injury Crash,Yes,2006,0,North,0,0,0,Flat,0,,0,,0,Dark,602501,0,0,0,3,0,0,0,0,0,,0,0,Auckland Region,Motorway ramp,1-way,Sealed,0,0,0,0,100,0,On,0,0,,76,Auckland,Nil,0,1,0,0,0,0,Open,0,0,0,Light rain,Null
1647210,5438618,25570,,580446,0,,0,2,,North,2006/2007,SH 6,RONGA ROAD,,Serious Crash,Yes,2006,,North,,0,,Hill Road,,,,,,Bright sun,2284200,1,0,0,3,,,0,,,,,,Marlborough Region,Nil,2-way,Sealed,,0,1,,100,,Null,0,0,,53,Marlborough District,Nil,,,,,0,0,Open,0,,,Fine,Null
1755737,5933997,25571,,507300,0,0,0,1,0,East,2005/2006,KNIGHTS ROAD,KNIGHTS CLOSE,,Non-Injury Crash,No,2006,0,East,0,0,0,Flat,0,,0,,0,Bright sun,155000,0,0,0,2,0,0,0,0,1,,0,0,Auckland Region,Nil,2-way,Sealed,0,0,0,0,50,0,Off,0,0,,76,Auckland,Nil,0,0,0,0,0,0,Urban,1,0,0,Fine,Null
1755339,5918260,25572,,515500,0,,0,0,,West,2006/2007,SH 16,BOND OBR,,Non-Injury Crash,Yes,2006,,East,,0,,Hill Road,,,,,,Bright sun,418800,0,0,0,4,,,0,,,,,,Auckland Region,Nil,1-way,Sealed,,0,0,,100,,Off,1,0,80,76,Auckland,Nil,,,,,0,0,Open,1,,,Fine,Null
1683679,6103503,25573,,500900,0,0,0,2,2,South,2005/2006,SH 10,WAIPAPA ROAD,,Serious Crash,Yes,2006,0,South,0,0,0,Flat,0,,0,,0,Bright sun,44603,1,0,0,2,0,0,0,0,0,,0,0,Northland Region,Nil,2-way,Sealed,0,0,1,0,100,0,Off,0,0,,1,Far North District,Nil,0,0,0,0,0,0,Open,0,0,0,Fine,Null
1824608,5462675,25574,,578800,0,,0,2,,Null,2006/2007,COLOMBO ROAD,CHURCH ST,,Minor Crash,No,2006,,North,,0,,Flat,,,,,,Bright sun,2239500,1,0,0,2,,,0,,,,,,Wellington Region,Nil,2-way,Sealed,,0,0,,50,,Null,0,0,,48,Masterton District,Give way,,,,,0,0,Urban,0,,,Fine,Null
1766338,5907570,25575,,523601,0,0,0,1,0,Null,2005/2006,OTARA OFF SBD,EAST TAMAKI ROAD,,Non-Injury Crash,No,2006,0,South,0,0,0,Flat,1,,0,,0,Dark,708500,0,0,0,2,0,0,0,0,0,,0,0,Auckland Region,Motorway ramp,1-way,Sealed,0,0,0,0,100,0,On,0,0,,76,Auckland,Traffic Signals,0,0,0,0,0,0,Open,0,0,0,Fine,Null
1876848,5826052,25576,,537201,0,,0,3,,South,2006/2007,OTUMOETAI ROAD,HINEWA ROAD,,Non-Injury Crash,No,2006,,South,,0,,Flat,,,,,,Bright sun,1154701,0,0,0,2,,,0,,,,,,Bay of Plenty Region,Nil,2-way,Sealed,,0,0,,50,,Off,0,0,,23,Tauranga City,Nil,,,,,0,0,Urban,0,,,Fine,Null
1403328,4914353,25577,,604210,0,,0,2,,Null,2006/2007,SH 1S,SOUTH ROAD,,Serious Crash,Yes,2006,,East,,0,,Hill Road,,,,,,Bright sun,2916400,0,0,0,4,,,0,,,,,,Otago Region,Nil,2-way,Sealed,,0,1,,50,,Null,0,0,,71,Dunedin City,Give way,,,,,0,0,Urban,0,,,Fine,Null
1953398,5790402,25578,,542514,0,,0,2,,South,2005/2006,OHOPE ROAD,OTARAWAIRERE ROAD,,Minor Crash,No,2006,,South,,0,,Hill Road,,,,,,Overcast,1294103,2,0,0,2,,,0,,,,,,Bay of Plenty Region,Nil,2-way,Sealed,,0,0,,100,,Null,0,0,,25,Whakatane District,Unknown,,,,,0,0,Open,0,,,Light rain,Null
1758860,5905376,25579,,524200,0,0,0,1,0,South,2006/2007,SH 20A,MONTGOMERIE ROAD,,Non-Injury Crash,Yes,2006,0,South,0,0,1,Flat,0,,0,,0,Overcast,727600,0,0,0,4,0,0,0,0,0,,0,0,Auckland Region,Nil,2-way,Sealed,0,0,0,0,100,0,Off,0,0,,76,Auckland,Nil,0,0,0,0,0,0,Open,0,0,0,Fine,Null
1817546,5802460,25580,25,527504,0,1,0,1,0,North,2006/2007,VICTORIA ST,COOK ST,,Minor Crash,No,2006,0,South,0,0,0,Flat,0,,0,,0,Bright sun,965800,1,0,0,2,0,0,0,0,0,,0,0,Waikato Region,Bridge,2-way,Sealed,0,0,0,0,50,0,Null,0,0,,17,Waipa District,Unknown,0,0,0,0,0,0,Urban,0,0,0,Fine,Null
1828019,5881921,25581,,533603,0,0,0,1,0,North,2006/2007,SH 25,ON KOPU BRIDGE,,Non-Injury Crash,Yes,2006,0,North,1,0,0,Flat,0,,0,,0,Overcast,1057502,0,0,0,2,0,0,0,0,0,,0,0,Waikato Region,Nil,2-way,Sealed,0,0,0,0,100,0,Null,0,0,,11,Thames-Coromandel District,Unknown,0,0,0,0,0,0,Open,0,0,0,Light rain,Null
1823595,5533784,25582,,562100,0,,0,2,,Null,2006/2007,RAILWAY ROAD,EL PRADO DRIVE,,Minor Crash,No,2006,,North,,0,,Flat,,,,,,Overcast,1792202,2,0,0,2,,,0,,,,,,Manawatū-Whanganui Region,Nil,2-way,Sealed,,0,0,,100,,Null,0,0,,40,Palmerston North City,Give way,,,,,0,0,Open,0,,,Fine,Null
1750747,5928466,25583,,509100,0,,0,1,,South,2006/2007,UPPER HARBOUR DRIVE,GREENHITHE ROAD,,Minor Crash,No,2006,,East,,0,,Flat,,,,,,Dark,181400,2,0,0,2,,,0,,,,,,Auckland Region,Nil,2-way,Sealed,,0,0,,70,,On,0,0,,76,Auckland,Nil,,,,,0,0,Urban,1,,,Fine,Null
1768737,5881342,25584,,525910,0,,0,2,,Null,2005/2006,SEDDON ST,TOBIN ST,,Non-Injury Crash,No,2006,,East,,0,,Flat,,,,,,Bright sun,818500,0,0,0,2,,,0,,,,,,Auckland Region,Nil,2-way,Sealed,,0,0,,50,,Off,0,0,,76,Auckland,Nil,,,,,0,0,Urban,0,,,Fine,Null
1623381,5431160,25585,,582500,1,,0,1,,Null,2006/2007,HAVEN ROAD,HALIFAX ST,,Minor Crash,No,2006,,South,,0,,Flat,,,,,,Overcast,2318900,1,0,0,2,,,0,,,,,,Nelson Region,Nil,2-way,Sealed,,0,0,,50,,Null,0,0,,52,Nelson City,Give way,,,,,0,0,Urban,0,,,Fine,Null
1823785,5490226,25586,,578200,0,0,0,1,0,Null,2006/2007,SH 2,KAIPARORO ROAD,,Serious Crash,Yes,2006,0,North,0,0,0,Flat,0,,0,,0,Overcast,2229001,0,0,0,2,0,0,0,0,0,,0,0,Manawatū-Whanganui Region,Nil,2-way,Sealed,0,0,1,0,100,0,Null,0,0,,41,Tararua District,Nil,0,0,0,1,0,0,Open,0,0,0,Fine,Null
1768920,5468765,25587,,566000,0,,0,3,,Null,2005/2006,KAPITI ROAD,KAPITI LIGHTS,,Non-Injury Crash,No,2006,,West,,0,,Flat,,,,,,Overcast,2003709,0,0,0,4,,,0,,,,,,Wellington Region,Nil,2-way,Sealed,,0,0,,50,,Null,0,0,,43,Kapiti Coast District,Nil,,,,,0,0,Urban,0,,,Fine,Null
1755630,5921297,25588,,515202,0,,0,2,,North,2006/2007,SH 1N,FANSHAWE ON NBD,,Non-Injury Crash,Yes,2006,,North,,0,,Flat,,,,,,Twilight,425600,0,0,0,4,,,0,,,,,,Auckland Region,Nil,1-way,Sealed,,0,0,,80,,On,0,0,,76,Auckland,Nil,,,,,0,0,Open,0,,,Fine,Null
1749536,5914134,25589,,511302,0,,0,0,,South,2006/2007,RATA ST,RIMU ST,,Serious Crash,No,2006,,South,,0,,Flat,,,,,,Bright sun,268800,0,0,0,4,,,0,,,1,,,Auckland Region,Nil,2-way,Sealed,,0,2,,50,,Off,1,0,,76,Auckland,Give way,,,,,0,0,Urban,0,,,Fine,Null
1755359,5913654,25590,,518803,0,,0,2,,East,2005/2006,DENBIGH AVENUE,SOMERSET ROAD,,Non-Injury Crash,No,2006,,East,,0,,Flat,,,,,,Overcast,581600,0,0,0,2,,,0,,,,,,Auckland Region,Nil,2-way,Sealed,,0,0,,50,,Off,0,0,,76,Auckland,Nil,,,,,0,0,Urban,0,,,Fine,Null
1754875,5915252,25591,,517703,0,,0,1,,South,2006/2007,KIWITEA ST,PARRY ST,,Serious Crash,No,2006,,South,,0,,Hill Road,,,,,,Overcast,539300,0,0,0,2,,,0,,,1,,,Auckland Region,Nil,2-way,Sealed,,0,1,,50,,Off,0,0,,76,Auckland,Stop,,,,,0,0,Urban,0,,,Fine,Null
1765059,5909692,25592,,521802,0,0,0,1,0,Null,2005/2006,WATER ST,HARMONY AVENUE,,Non-Injury Crash,No,2006,0,West,0,0,1,Flat,0,,0,,0,Bright sun,788203,0,0,0,2,0,0,0,0,0,,0,0,Auckland Region,Nil,2-way,Sealed,0,0,0,0,50,0,Off,0,0,,76,Auckland,Give way,0,0,0,0,0,0,Urban,0,0,0,Fine,Null
1767094,5901018,25593,,524720,0,,0,2,,West,2006/2007,WORDSWORTH ROAD,SWALLOW DRIVE,,Minor Crash,No,2006,,West,,0,,Flat,,,,,,Bright sun,775901,3,0,0,2,,,0,,,,,,Auckland Region,Nil,2-way,Sealed,,0,0,,50,,Null,0,0,,76,Auckland,Nil,,,,,0,0,Urban,0,,,Fine,Null
1930195,5617344,25594,20,547200,0,,0,0,,Null,2005/2006,HARPHAM ST,NICHOLAS ST,,Non-Injury Crash,No,2006,,South,,0,,Flat,,Christmas New Year,,,,Bright sun,1457202,0,0,0,2,,,0,,,,,,Hawke's Bay Region,Nil,2-way,Sealed,,0,0,,50,,Null,0,0,,31,Napier City,Nil,,,,,1,0,Urban,0,,,Fine,Null
1757627,5918579,25595,,514302,0,,0,2,,East,2005/2006,KHYBER PASS ROAD,BOSTON ROAD,,Non-Injury Crash,No,2006,,West,,0,,Flat,,,,,,Bright sun,442100,0,0,0,4,,,0,,,,,,Auckland Region,Nil,2-way,Sealed,,0,0,,50,,Off,0,0,,76,Auckland,Nil,,,,,0,0,Urban,0,,,Fine,Null