X,Y,OBJECTID,advisorySpeed,areaUnitID,bicycle,bridge,bus,carStationWagon,cliffBank,crashDirectionDescription,crashFinancialYear,crashLocation1,crashLocation2,crashRoadSideRoad,crashSeverity,crashSHDescription,crashYear,debris,directionRoleDescription,ditch,fatalCount,fence,flatHill,guardRail,holiday,houseOrBuilding,intersection,kerb,light,meshblockId,minorInjuryCount,moped,motorcycle,NumberOfLanes,objectThrownOrDropped,otherObject,otherVehicleType,overBank,parkedVehicle,pedestrian,phoneBoxEtc,postOrPole,region,roadCharacter,roadLane,roadSurface,roadworks,schoolBus,seriousInjuryCount,slipOrFlood,speedLimit,strayAnimal,streetLight,suv,taxi,temporarySpeedLimit,tlaId,tlaName,trafficControl,trafficIsland,trafficSign,train,tree,truck,unknownVehicleType,urban,vanOrUtility,vehicle,waterRiver,weatherA,weatherB
1764351,5910170,25596,,521801,0,,0,1,,Null,2006/2007,PRINCES ST,CHURCH ST,,Non-Injury Crash,No,2006,,East,,0,,Flat,,,,,,Overcast,787400,0,0,0,4,,,0,,,,,,Auckland Region,Nil,2-way,Sealed,,0,0,,50,,Off,1,0,,76,Auckland,Traffic Signals,,,,,0,0,Urban,0,,,Light rain,Null
1805689,5817388,25597,,527125,0,0,0,0,0,North,2006/2007,HOLLAND ROAD,RUAKURA ROAD,,Non-Injury Crash,No,2006,0,South,1,0,0,Flat,0,,0,,0,Overcast,954904,0,0,0,2,0,0,0,0,0,,0,0,Waikato Region,Nil,2-way,Sealed,0,0,0,0,100,0,Off,1,0,,13,Waikato District,Nil,0,0,0,0,0,0,Open,0,0,0,Heavy rain,Null
1768532,5883553,25598,,521111,0,0,0,1,0,Null,2005/2006,SH 22,BUTCHER ROAD,,Minor Crash,Yes,2006,0,South,1,0,0,Flat,0,,0,,0,Dark,826602,1,0,0,2,0,0,0,0,0,,0,0,Auckland Region,Nil,2-way,Sealed,0,0,0,0,70,0,None,0,0,,76,Auckland,Nil,0,0,0,0,0,0,Urban,0,0,0,Fine,Null
1728381,5934605,25599,,506652,0,,0,1,,North,2006/2007,SH 16,JAMES MACKIE ROAD,,Non-Injury Crash,Yes,2006,,South,,0,,Flat,,,,,,Overcast,218300,0,0,0,2,,,0,,,,,,Auckland Region,Nil,2-way,Sealed,,0,0,,100,,None,0,0,,76,Auckland,Nil,,,,,1,0,Open,0,,,Fine,Null
1764930,5909466,25600,,521802,0,0,0,2,0,East,2005/2006,FAIRBURN ROAD,MONTEREY AVENUE,,Non-Injury Crash,No,2006,0,East,0,0,0,Flat,0,,0,,0,Dark,788902,0,0,0,2,0,0,0,0,1,,0,0,Auckland Region,Nil,2-way,Sealed,0,0,0,0,50,0,Off,0,0,,76,Auckland,Nil,0,0,0,0,0,0,Urban,0,0,0,Fine,Null
1749674,5913882,25601,,511303,0,,0,3,,Null,2005/2006,GREAT NORTH ROAD,TOTARA AVENUE,,Minor Crash,No,2006,,East,,0,,Hill Road,,Queens Birthday,,,,Bright sun,264901,1,0,0,5,,,0,,,,,,Auckland Region,Nil,2-way,Sealed,,0,0,,50,,Off,0,0,,76,Auckland,Traffic Signals,,,,,0,0,Urban,0,,,Fine,Null
1764145,5910263,25602,,521801,0,,0,2,,Null,2006/2007,ATKINSON AVENUE,ALBION ROAD,,Non-Injury Crash,No,2006,,North,,0,,Flat,,,,,,Bright sun,786802,0,0,0,2,,,0,,,,,,Auckland Region,Nil,2-way,Sealed,,0,0,,50,,Off,0,0,,76,Auckland,Stop,,,,,0,0,Urban,0,,,Fine,Null
1748135,5426123,25603,,573200,0,0,0,1,0,North,2005/2006,BROOKLYN ROAD,BIDWILL ST,,Minor Crash,No,2006,0,North,0,0,0,Hill Road,0,,0,,0,Bright sun,2159300,1,0,0,3,0,0,0,0,0,,0,1,Wellington Region,Nil,2-way,Sealed,0,0,0,0,50,0,Null,0,0,,47,Wellington City,Nil,0,0,0,0,0,0,Urban,0,0,0,Fine,Null
1755328,5914847,25604,,518500,0,,0,3,,Null,2006/2007,DOMINION ROAD,DUKE ST,,Minor Crash,No,2006,,South,,0,,Flat,,,,,,Dark,560200,1,0,0,2,,,0,,,,,,Auckland Region,Nil,2-way,Sealed,,0,0,,50,,On,0,0,,76,Auckland,Give way,,,,,0,0,Urban,0,,,Fine,Null
1759744,5916975,25605,,516102,0,,0,2,,West,2006/2007,REMUERA ROAD,OMAHU ROAD,,Minor Crash,No,2006,,West,,0,,Flat,,,,,,Bright sun,485000,1,0,0,4,,,0,,,,,,Auckland Region,Nil,2-way,Sealed,,0,0,,50,,Off,0,0,,76,Auckland,Nil,,,,,0,0,Urban,0,,,Fine,Null
1769857,5914775,25606,,522722,0,,0,2,,West,2006/2007,PAKURANGA ROAD,BUCKLANDS BEACH ROAD,,Non-Injury Crash,No,2006,,East,,0,,Flat,,,,,,Overcast,681324,0,0,0,4,,,0,,,,,,Auckland Region,Nil,2-way,Sealed,,0,0,,60,,Off,0,0,,76,Auckland,Give way,,,,,0,0,Urban,0,,,Heavy rain,Null
1789533,5828888,25607,,528200,0,0,0,2,0,South,2006/2007,GREAT SOUTH ROAD,PRINCESS ST,,Minor Crash,No,2006,0,North,0,0,0,Flat,0,,0,,0,Overcast,857700,2,0,0,2,0,0,0,0,0,,0,0,Waikato Region,Nil,2-way,Sealed,0,0,0,0,50,0,None,0,0,,13,Waikato District,Nil,0,0,0,0,0,0,Urban,0,1,0,Fine,Null
1880917,5821411,25608,,538000,0,,0,1,,Null,2005/2006,SH 29,MAUNGATAPU ON EBD,,Non-Injury Crash,Yes,2006,,North,,0,,Flat,,,,,,Dark,1179001,0,0,0,2,,,0,,,,,,Bay of Plenty Region,Nil,2-way,Sealed,,0,0,,100,,On,0,0,,23,Tauranga City,Nil,,,,,0,0,Open,0,,,Fine,Null
1835254,5843653,25609,,534603,0,0,0,1,0,East,2006/2007,BOWLER ROAD,CLOTHIER ROAD,,Minor Crash,No,2006,0,East,0,0,0,Flat,0,,0,,0,Dark,1105700,1,0,0,2,0,0,0,0,0,,0,0,Waikato Region,Nil,2-way,Sealed,0,0,0,0,100,0,None,0,0,,15,Matamata-Piako District,Nil,0,0,0,0,0,0,Open,0,0,0,Fine,Null
1575070,5182240,25610,,592900,0,0,0,1,0,North,2005/2006,WAINONI ROAD,SHORTLAND ST,,Serious Crash,No,2006,0,North,0,0,0,Flat,0,,0,,0,Dark,2578100,0,0,0,2,0,0,0,0,1,,0,0,Canterbury Region,Nil,2-way,Sealed,0,0,1,0,50,0,On,1,0,,60,Christchurch City,Unknown,0,0,0,0,0,0,Urban,0,0,0,Fine,Null
1755277,5932021,25611,,508805,0,0,0,1,1,Null,2005/2006,EAST COAST ROAD,CONSTELLATION DRIVE,,Non-Injury Crash,No,2006,0,East,0,0,0,Hill Road,0,,0,,0,Dark,151104,0,0,0,2,0,0,0,0,0,,0,0,Auckland Region,Nil,2-way,Sealed,0,0,0,0,50,0,On,0,0,,76,Auckland,Traffic Signals,0,0,0,0,0,0,Urban,0,0,0,Light rain,Null
1858990,5850210,25612,45,536614,0,0,0,1,0,West,2006/2007,SH 2,ATHENREE ROAD,,Minor Crash,Yes,2006,0,East,0,0,0,Hill Road,0,,0,,0,Twilight,1181001,1,0,0,2,0,0,0,0,0,,0,1,Bay of Plenty Region,Nil,2-way,Sealed,0,0,0,0,100,0,Off,0,0,,22,Western Bay of Plenty District,Unknown,0,0,0,0,0,0,Open,0,0,0,Fine,Null
1745552,5916242,25613,,510800,0,,0,2,,South,2005/2006,MILLBROOK ROAD,VIEW ROAD,,Non-Injury Crash,No,2006,,North,,0,,Flat,,,,,,Bright sun,244500,0,0,0,2,,,0,,,,,,Auckland Region,Nil,2-way,Sealed,,0,0,,50,,Off,0,0,,76,Auckland,Nil,,,,,0,0,Urban,0,,,Fine,Null
1757640,5913578,25614,,518600,0,,0,2,,Null,2005/2006,MOUNT ALBERT ROAD,PAH ROAD,,Minor Crash,No,2006,,East,,0,,Flat,,,,,,Bright sun,567200,2,0,0,4,,,0,,,,,,Auckland Region,Nil,2-way,Sealed,,0,0,,50,,Off,0,0,,76,Auckland,Traffic Signals,,,,,0,0,Urban,0,,,Fine,Null
1748707,5914318,25615,,511302,0,,0,2,,South,2005/2006,LYNWOOD ROAD,RIVERVIEW ROAD,,Non-Injury Crash,No,2006,,North,,0,,Flat,,,,,,Bright sun,268200,0,0,0,2,,,0,,,,,,Auckland Region,Nil,2-way,Sealed,,0,0,,50,,Off,0,0,,76,Auckland,Nil,,,,,0,0,Urban,0,,,Fine,Null
1773977,5895990,25616,,525620,0,,0,1,,Null,2006/2007,HUNUA ROAD,SETTLEMENT ROAD,,Non-Injury Crash,No,2006,,North,,0,,Flat,,,,,,Bright sun,798102,0,0,0,2,,,0,,,,,,Auckland Region,Nil,2-way,Sealed,,0,0,,50,,Off,0,0,,76,Auckland,Give way,,,,,1,0,Urban,0,,,Fine,Null
1746675,5937139,25617,45,506614,0,0,0,0,0,West,2006/2007,SUNNYSIDE ROAD,GREEN ROAD,,Minor Crash,No,2006,0,East,0,0,0,Flat,0,,0,,0,Dark,178101,1,0,1,2,0,0,0,0,0,,0,0,Auckland Region,Nil,2-way,Sealed,0,0,0,0,100,0,None,0,0,,76,Auckland,Nil,0,0,0,1,0,0,Open,0,0,0,Fine,Null
1827764,5881462,25618,,533603,0,,0,1,,Null,2005/2006,KOPU ROAD,QUAY ST,,Non-Injury Crash,No,2006,,South,,0,,Flat,,,,,,Overcast,1057502,0,0,0,2,,,0,,,,,,Waikato Region,Nil,2-way,Sealed,,0,0,,50,,Null,1,0,,11,Thames-Coromandel District,Give way,,,,,0,0,Urban,0,,,Light rain,Null
1744862,5921290,25619,,513631,0,0,0,1,0,West,2005/2006,SH 16,LINCOLN ON WBD,,Non-Injury Crash,Yes,2006,0,West,0,0,0,Flat,1,,0,,0,Dark,227801,0,0,0,2,0,0,0,0,0,,0,0,Auckland Region,Nil,1-way,Sealed,0,0,0,0,100,0,On,0,0,,76,Auckland,Nil,0,0,0,0,0,0,Open,0,0,0,Fine,Null
1824439,5463842,25620,,578600,0,0,0,1,0,Null,2006/2007,SH 2,VILLA ST,,Minor Crash,Yes,2006,0,North,0,0,0,Flat,0,,0,,0,Dark,2244900,1,0,0,2,0,0,0,0,0,,0,0,Wellington Region,Nil,2-way,Sealed,0,0,0,0,50,0,On,0,0,,48,Masterton District,Give way,1,0,0,0,0,0,Urban,0,0,0,Light rain,Null
1740326,5929501,25621,,505604,0,,0,1,,Null,2005/2006,RIVERHEAD ROAD,OLD NORTH ROAD,,Non-Injury Crash,No,2006,,East,,0,,Flat,,,,,,Bright sun,214204,0,0,0,2,,,0,,,,,,Auckland Region,Nil,2-way,Sealed,,0,0,,100,,None,0,0,,76,Auckland,Stop,,,,,0,0,Open,1,,,Fine,Null
1938925,5594401,25622,,545860,0,,0,1,,East,2006/2007,WAIMARAMA ROAD,MARAETOTARA ROAD,,Minor Crash,No,2006,,South,,0,,Flat,,,,,,Bright sun,1467500,1,0,0,2,,,0,,,,,,Hawke's Bay Region,Nil,2-way,Sealed,,0,0,,100,,Null,0,0,,30,Hastings District,Nil,,,,,0,0,Open,1,,,Fine,Null
1760153,5915988,25623,,516002,0,,0,2,,Null,2005/2006,GREENLANE OFF SBD,GREENLANE INT,,Non-Injury Crash,Yes,2006,,South,,0,,Hill Road,,,,,,Bright sun,492100,0,0,0,2,,,0,,,,,,Auckland Region,Motorway ramp,1-way,Sealed,,0,0,,50,,None,0,0,,76,Auckland,Give way,,,,,0,0,Urban,0,,,Fine,Null
1784371,5913740,25624,,525201,0,0,0,1,0,Null,2005/2006,NORTH ROAD,MARAETAI COAST ROAD,,Non-Injury Crash,No,2006,0,North,0,0,0,Flat,0,Easter,0,,0,Dark,762600,0,0,0,2,0,0,0,1,0,,0,0,Auckland Region,Nil,2-way,Sealed,0,0,0,0,100,0,On,0,0,,76,Auckland,Nil,0,0,0,0,0,0,Open,0,0,1,Fine,Null
1242280,4852731,25625,,610602,0,,0,1,,East,2006/2007,BENMORE ST,SH 6,,Minor Crash,No,2006,,West,,0,,Flat,,,,,,Bright sun,3103800,3,0,0,2,,,0,,,,,,Southland Region,Nil,2-way,Sealed,,0,0,,50,,Null,1,0,,75,Invercargill City,Nil,,,,,0,0,Urban,0,,,Fine,Null
1754991,5928874,25626,,508320,0,0,0,2,0,West,2006/2007,DIANA DRIVE,WAIRAU ROAD,,Non-Injury Crash,No,2006,0,West,0,0,0,Hill Road,0,,0,,0,Bright sun,196700,0,0,0,2,0,0,0,0,1,,0,0,Auckland Region,Nil,2-way,Sealed,0,0,0,0,50,0,Off,0,0,,76,Auckland,Nil,0,0,0,0,0,0,Urban,0,0,0,Fine,Null
1757025,5919442,25627,,514103,0,,0,2,,Null,2005/2006,KARANGAHAPE ROAD,UPPER QUEEN ST,,Non-Injury Crash,No,2006,,West,,0,,Flat,,,,,,Dark,436401,0,0,0,4,,,0,,,,,,Auckland Region,Nil,2-way,Sealed,,0,0,,50,,On,0,1,,76,Auckland,Traffic Signals,,,,,0,0,Urban,0,,,Fine,Null
1631376,6126751,25628,,500202,0,0,0,1,1,East,2005/2006,SH 10,PUKEWHAI ROAD,,Non-Injury Crash,Yes,2006,0,East,0,0,0,Hill Road,1,,0,,0,Bright sun,2900,0,0,0,2,0,0,0,0,0,,0,0,Northland Region,Nil,2-way,Sealed,0,0,0,0,100,0,None,0,0,,1,Far North District,Nil,0,0,0,0,0,0,Open,0,0,0,Fine,Frost
1799068,5774082,25629,,531304,0,,0,1,,Null,2006/2007,KIOKIO STATION ROAD,TELFER ROAD,,Minor Crash,No,2006,,South,,0,,Flat,,,,,,Bright sun,1000600,3,0,0,2,,,1,,,,,,Waikato Region,Nil,2-way,Sealed,,0,0,,100,,Null,0,0,,18,Ōtorohanga District,Give way,,,,,0,0,Open,0,,,Fine,Null
1740407,5926254,25630,,513701,0,,0,0,,North,2006/2007,TAUPAKI ROAD,NIXON ROAD,,Serious Crash,No,2006,,South,,0,,Flat,,,,,,Bright sun,220300,0,0,1,2,,,0,,,,,,Auckland Region,Nil,2-way,Sealed,,0,1,,70,,None,1,0,,76,Auckland,Nil,,,,,0,0,Urban,0,,,Fine,Null
1746990,5915134,25631,,511800,0,,0,2,,Null,2006/2007,GREAT NORTH ROAD,HEPBURN ROAD,,Non-Injury Crash,No,2006,,South,,0,,Hill Road,,,,,,Overcast,277902,0,0,0,5,,,0,,,,,,Auckland Region,Nil,2-way,Sealed,,0,0,,50,,Null,0,0,,76,Auckland,Traffic Signals,,,,,0,0,Urban,0,,,Fine,Null
1757972,5918016,25632,,515700,0,,0,6,,South,2006/2007,SH 1N,GILLIES OFF SBD,,Non-Injury Crash,Yes,2006,,South,,0,,Flat,,,,,,Overcast,443200,0,0,0,3,,,0,,,,,,Auckland Region,Nil,1-way,Sealed,,0,0,,80,,Off,0,0,,76,Auckland,Nil,,,,,0,0,Open,0,,,Heavy rain,Null
1878441,5826186,25633,,537201,0,,0,1,,Null,2005/2006,CHAPEL ST,VALE ST N,,Serious Crash,No,2006,,North,,0,,Flat,,,,,,Dark,1155800,0,1,0,3,,,0,,,,,,Bay of Plenty Region,Nil,2-way,Sealed,,0,1,,50,,On,0,0,,23,Tauranga City,Give way,,,,,0,0,Urban,0,,,Fine,Null
1766638,5918990,25634,,516900,0,,0,1,,Null,2006/2007,RIDDELL ROAD,CROSSFIELD ROAD,,Non-Injury Crash,No,2006,,West,,0,,Flat,,,,,,Bright sun,468500,0,0,0,2,,,0,,,,,,Auckland Region,Nil,2-way,Sealed,,0,0,,50,,Off,0,0,,76,Auckland,Nil,,,,,1,0,Urban,0,,,Fine,Null
1750942,5925595,25635,,510020,0,,0,2,,Null,2006/2007,RANGATIRA ROAD,HADFIELD ST,,Non-Injury Crash,No,2006,,North,,0,,Flat,,,,,,Overcast,345700,0,0,0,2,,,0,,,,,,Auckland Region,Nil,2-way,Sealed,,0,0,,50,,Off,0,0,,76,Auckland,Nil,,,,,0,0,Urban,0,,,Mist or Fog,Null
1746546,5914023,25636,,511002,0,0,0,1,0,East,2006/2007,WEST COAST ROAD,WOODGLEN ROAD,,Minor Crash,No,2006,0,West,0,0,1,Hill Road,0,,0,,0,Bright sun,283301,1,0,0,2,0,0,0,0,1,,0,0,Auckland Region,Nil,2-way,Sealed,0,0,0,0,50,0,Off,0,0,,76,Auckland,Nil,0,0,0,0,0,0,Urban,1,0,0,Fine,Null
1569809,5181524,25637,,592200,0,,0,2,,Null,2005/2006,PAPANUI ROAD,CLARE ROAD,,Minor Crash,No,2006,,South,,0,,Flat,,,,,,Overcast,2676200,2,0,0,2,,,0,,,,,,Canterbury Region,Nil,2-way,Sealed,,0,0,,50,,Null,0,0,,60,Christchurch City,Nil,,,,,0,0,Urban,0,,,Light rain,Null
1770390,5916856,25638,,522601,0,,0,3,,North,2005/2006,OLIVER ROAD,BUCKLANDS BEACH ROAD,,Non-Injury Crash,No,2006,,South,,0,,Flat,,,,,,Bright sun,678004,0,0,0,2,,,0,,,,,,Auckland Region,Nil,2-way,Sealed,,0,0,,50,,Off,0,0,,76,Auckland,Nil,,,,,0,0,Urban,0,,,Fine,Null
1767780,5903864,25639,,524602,0,,0,2,,Null,2006/2007,GREAT SOUTH ROAD,MANUKAU OFF NBD,,Non-Injury Crash,No,2006,,North,,0,,Flat,,,,,,Bright sun,780417,0,0,0,4,,,0,,,,,,Auckland Region,Nil,2-way,Sealed,,0,0,,50,,Off,0,0,,76,Auckland,Traffic Signals,,,,,0,0,Urban,0,,,Fine,Null
1764113,5910397,25640,,521901,0,,0,2,,Null,2005/2006,ATKINSON AVENUE,LUKE ST,,Non-Injury Crash,No,2006,,West,,0,,Flat,,,,,,Bright sun,782000,0,0,0,2,,,0,,,,,,Auckland Region,Nil,2-way,Sealed,,0,0,,50,,Off,0,1,,76,Auckland,Stop,,,,,0,0,Urban,0,,,Fine,Null
1755960,5934894,25641,,507200,0,,0,2,,Null,2005/2006,ARGYLE ROAD,BROWNS BAY ROAD,,Non-Injury Crash,No,2006,,North,,0,,Hill Road,,,,,,Bright sun,157600,0,0,0,2,,,0,,,,,,Auckland Region,Nil,2-way,Sealed,,0,0,,50,,Off,0,0,,76,Auckland,Give way,,,,,0,0,Urban,0,,,Fine,Null
1842504,5817215,25642,,535000,0,0,0,0,0,North,2005/2006,SH 27,MOWBRAY ROAD,,Non-Injury Crash,Yes,2006,0,South,0,0,0,Flat,0,,0,,0,Overcast,1111500,0,0,0,2,0,0,0,0,0,,0,1,Waikato Region,Nil,2-way,Sealed,0,0,0,0,50,0,Null,0,0,,15,Matamata-Piako District,Unknown,0,0,0,0,1,0,Urban,0,0,0,Fine,Null
1574648,5206972,25643,,586127,0,0,0,1,0,East,2005/2006,WAIKUKU BEACH ROAD,SH 1S,,Minor Crash,No,2006,0,West,0,0,0,Flat,0,,0,,0,Overcast,2446401,1,0,0,2,0,0,0,1,0,,0,0,Canterbury Region,Nil,2-way,Sealed,0,0,0,0,80,0,Null,0,0,,59,Waimakariri District,Unknown,0,0,0,0,0,0,Open,0,0,0,Snow,Null
1867256,5713544,25644,,541720,0,,0,2,,South,2005/2006,RUAPEHU ST,TAMAMUTU ST,,Non-Injury Crash,No,2006,,North,,0,,Flat,,,,,,Overcast,1274000,0,0,0,2,,,0,,,,,,Waikato Region,Nil,2-way,Sealed,,0,0,,50,,Null,0,0,,21,Taupo District,Give way,,,,,0,0,Urban,0,,,Fine,Null
1821337,5531085,25645,,562401,0,,0,1,,East,2006/2007,TREMAINE AVENUE,NORTH ST,,Minor Crash,No,2006,,East,,0,,Flat,,,,,,Bright sun,1833900,1,0,0,2,,,0,,,1,,,Manawatū-Whanganui Region,Nil,2-way,Sealed,,0,0,,50,,Null,0,0,,40,Palmerston North City,Nil,,,,,0,0,Urban,0,,,Fine,Null
1756250,5447166,25646,,571501,0,0,0,0,1,North,2006/2007,SH 1N,WHITFORD ON NBD,,Minor Crash,Yes,2006,0,North,0,0,0,Flat,0,,0,,0,Dark,2057002,1,0,0,4,0,0,0,0,0,,0,0,Wellington Region,Nil,2-way,Sealed,0,0,0,0,100,0,None,0,0,,44,Porirua City,Nil,0,0,0,0,0,0,Open,1,0,0,Fine,Null
1803930,5791906,25647,,531003,0,0,0,0,0,West,2006/2007,RACECOURSE ROAD,TAYLOR AVENUE,,Non-Injury Crash,No,2006,0,East,0,0,0,Flat,0,Labour Weekend,0,,0,Overcast,987801,0,0,0,2,0,0,0,0,0,,0,0,Waikato Region,Nil,2-way,Sealed,0,0,0,0,50,0,Off,0,0,,17,Waipa District,Nil,0,0,0,1,0,0,Urban,1,0,0,Light rain,Null
1758354,5925587,25648,,508020,0,,0,2,,West,2005/2006,JUTLAND ROAD,SYDNEY ST,,Non-Injury Crash,No,2006,,South,,0,,Flat,,,,,,Bright sun,323100,0,0,0,2,,,0,,,,,,Auckland Region,Nil,2-way,Sealed,,0,0,,50,,Off,0,0,,76,Auckland,Nil,,,,,0,0,Urban,0,,,Fine,Null
1758103,5914109,25649,,518600,0,,0,1,,South,2006/2007,MANUKAU ROAD,LEWIN ROAD,,Non-Injury Crash,No,2006,,North,,0,,Flat,,,,,,Overcast,566800,0,0,0,2,,,0,,,,,,Auckland Region,Nil,2-way,Sealed,,0,0,,50,,Off,1,0,,76,Auckland,Nil,,,,,0,0,Urban,0,,,Fine,Null
1753832,5931780,25650,,508807,0,,0,2,,South,2005/2006,SH 1N,UPPER HWY ON NBD,,Non-Injury Crash,Yes,2006,,North,,0,,Flat,,,,,,Dark,180810,0,0,0,3,,,0,,,,,,Auckland Region,Motorway ramp,1-way,Sealed,,0,0,,100,,On,0,0,,76,Auckland,Nil,,,,,0,0,Open,0,,,Light rain,Null
1773714,5896870,25651,,525630,0,,0,1,,Null,2006/2007,CLEVEDON ROAD,GROVE ROAD,,Non-Injury Crash,No,2006,,East,,0,,Flat,,,,,,Bright sun,795400,0,0,0,2,,,0,,,,,,Auckland Region,Nil,2-way,Sealed,,0,0,,50,,Off,1,0,,76,Auckland,Stop,,,,,0,0,Urban,0,,,Fine,Null
1883695,5825931,25652,,536831,0,0,0,2,0,North,2005/2006,ASCOT ROAD,LINKS AVENUE S,,Non-Injury Crash,No,2006,0,North,0,0,0,Flat,0,,0,,0,Dark,1200402,0,0,0,2,0,0,0,0,1,,0,0,Bay of Plenty Region,Nil,2-way,Sealed,0,0,0,0,50,0,On,0,0,,23,Tauranga City,Nil,0,0,0,0,0,0,Urban,0,0,0,Fine,Null
1812754,5818941,25653,,527125,0,0,0,1,0,North,2005/2006,SH 26,HINTON ROAD,,Non-Injury Crash,Yes,2006,0,South,1,0,1,Flat,0,,0,,0,Overcast,955700,0,0,0,2,0,0,0,0,0,,0,0,Waikato Region,Nil,2-way,Sealed,0,0,0,0,100,0,Null,0,0,,13,Waikato District,Unknown,0,0,0,0,0,0,Open,0,0,0,Fine,Null
1936864,5620940,25654,,546901,0,0,0,2,0,Null,2006/2007,Z CPK WAREHOUSE,HASTINGS/BOWER,,Minor Crash,No,2006,0,South,0,0,0,Flat,0,,0,,0,Bright sun,1430200,1,0,0,1,0,0,0,0,1,,0,0,Hawke's Bay Region,Nil,Off road,Sealed,0,0,0,0,50,0,Null,0,0,,31,Napier City,Nil,0,0,0,0,0,0,Urban,0,0,0,Fine,Null
1263456,5006405,25655,,608700,1,,0,1,,West,2006/2007,SH 6A,SH 6,,Minor Crash,Yes,2006,,West,,0,,Hill Road,,,,,,Overcast,3037200,1,0,0,2,,,0,,,,,,Otago Region,Nil,2-way,Sealed,,0,0,,60,,Null,0,0,,70,Queenstown-Lakes District,Nil,,,,,0,0,Urban,0,,,Fine,Null
1837053,5784967,25656,,535250,0,0,0,1,0,West,2005/2006,ARAPUNI ROAD,HILDRETH ROAD,,Minor Crash,No,2006,0,South,0,0,0,Flat,0,,0,,0,Dark,1125500,1,0,0,2,0,0,0,0,0,,0,0,Waikato Region,Nil,2-way,Sealed,0,0,0,0,100,0,None,0,0,,19,South Waikato District,Unknown,0,0,0,0,0,0,Open,0,0,0,Fine,Null
1936189,5611038,25657,,545730,0,,0,1,,West,2005/2006,SH 2,FERRY ROAD,,Minor Crash,Yes,2006,,East,,0,,Flat,,,,,,Bright sun,1405500,1,0,0,2,,,0,,,1,,,Hawke's Bay Region,Nil,2-way,Sealed,,0,0,,50,,Null,0,0,,30,Hastings District,Nil,,,,,0,0,Urban,0,,,Fine,Null
1756782,5919749,25658,,514102,0,0,0,2,0,Null,2006/2007,PITT ST,VINCENT ST,,Non-Injury Crash,No,2006,0,North,0,0,0,Hill Road,0,,0,,0,Dark,435500,0,0,0,6,0,0,0,0,0,,0,0,Auckland Region,Nil,2-way,Sealed,0,0,0,0,50,0,On,0,0,,76,Auckland,Traffic Signals,0,0,0,0,0,0,Urban,0,1,0,Fine,Null
1752129,5421686,25659,,577000,0,,0,0,,West,2005/2006,MOA POINT ROAD,BREAKER BAY ROAD,,Minor Crash,No,2006,,West,,0,,Flat,,,,,,Bright sun,2175700,1,0,0,2,,,0,,,1,,,Wellington Region,Nil,2-way,Sealed,,0,0,,50,,Null,1,0,,47,Wellington City,Nil,,,,,0,0,Urban,0,,,Fine,Null
1703417,5680183,25660,,551013,0,0,0,1,0,Null,2005/2006,SH 3,SH 3A,,Minor Crash,Yes,2006,0,West,0,0,0,Flat,0,,0,,0,Bright sun,1562602,1,0,0,2,0,0,0,0,0,,0,1,Taranaki Region,Nil,2-way,Sealed,0,0,0,0,100,0,Null,0,0,,33,New Plymouth District,Give way,0,0,0,0,1,0,Open,0,0,0,Fine,Null
1572717,5493414,25661,,581601,0,0,0,1,0,North,2005/2006,SH 60,MILNTHORPE QUAY,,Non-Injury Crash,Yes,2006,0,North,0,0,0,Hill Road,0,,0,,0,Dark,2348603,0,0,0,2,0,0,0,0,0,,0,0,Tasman Region,Nil,2-way,Sealed,0,0,0,0,100,0,None,0,0,,51,Tasman District,Nil,0,0,0,1,0,0,Open,0,0,0,Fine,Null
1759213,5911380,25662,,519820,0,,0,2,,South,2006/2007,ONEHUNGA HARBOUR ROAD,ONEHUNGA MALL,,Non-Injury Crash,No,2006,,North,,0,,Hill Road,,,,,,Dark,602402,0,0,0,2,,,0,,,,,,Auckland Region,Nil,2-way,Sealed,,0,0,,50,,On,0,0,,76,Auckland,Nil,,,,,0,0,Urban,0,,,Fine,Null
1805378,5814203,25663,,527124,0,,0,2,,Null,2006/2007,SH 26,SILVERDALE ROAD,,Non-Injury Crash,Yes,2006,,West,,0,,Hill Road,,,,,,Bright sun,955204,0,0,0,2,,,0,,,,,,Waikato Region,Nil,2-way,Sealed,,0,0,,80,,Off,0,0,,16,Hamilton City,Give way,,,,,0,0,Open,0,,,Fine,Null
1770061,5898558,25664,,523920,0,,0,1,,South,2006/2007,SH 1N,TAKANINI OFF NBD,,Non-Injury Crash,Yes,2006,,North,,0,,Flat,,,,,,Bright sun,767911,0,0,0,2,,,0,,,,,,Auckland Region,Nil,2-way,Sealed,,0,0,,100,,Off,0,0,,76,Auckland,Nil,,,,,0,0,Open,1,,,Fine,Null
1755649,5925756,25665,,509702,0,,0,1,,East,2006/2007,Z CPK NORTHCOTE SC,LAKE ROAD,,Non-Injury Crash,No,2006,,West,,0,,Flat,,,,,,Bright sun,365700,0,0,0,0,,,0,,,,,,Auckland Region,Nil,Off road,Sealed,,0,0,,30,,Off,1,0,,76,Auckland,Nil,,,,,0,0,Urban,0,,,Fine,Null
1580282,5175894,25666,,596102,0,,0,2,,South,2005/2006,RICHMOND HILL ROAD,NAYLAND ST,,Minor Crash,No,2006,,South,,0,,Hill Road,,,,,,Dark,2703102,4,0,0,2,,,0,,,,,,Canterbury Region,Nil,2-way,Sealed,,0,0,,50,,On,0,0,,60,Christchurch City,Unknown,,,,,0,0,Urban,0,,,Fine,Null