X,Y,OBJECTID,advisorySpeed,areaUnitID,bicycle,bridge,bus,carStationWagon,cliffBank,crashDirectionDescription,crashFinancialYear,crashLocation1,crashLocation2,crashRoadSideRoad,crashSeverity,crashSHDescription,crashYear,debris,directionRoleDescription,ditch,fatalCount,fence,flatHill,guardRail,holiday,houseOrBuilding,intersection,kerb,light,meshblockId,minorInjuryCount,moped,motorcycle,NumberOfLanes,objectThrownOrDropped,otherObject,otherVehicleType,overBank,parkedVehicle,pedestrian,phoneBoxEtc,postOrPole,region,roadCharacter,roadLane,roadSurface,roadworks,schoolBus,seriousInjuryCount,slipOrFlood,speedLimit,strayAnimal,streetLight,suv,taxi,temporarySpeedLimit,tlaId,tlaName,trafficControl,trafficIsland,trafficSign,train,tree,truck,unknownVehicleType,urban,vanOrUtility,vehicle,waterRiver,weatherA,weatherB
1758287,5916970,25667,,515700,0,,0,2,,Null,2005/2006,MANUKAU ROAD,KIPLING AVENUE,,Non-Injury Crash,No,2006,,North,,0,,Flat,,,,,,Dark,457900,0,0,0,4,,,0,,,,,,Auckland Region,Nil,2-way,Sealed,,0,0,,50,,On,0,0,,76,Auckland,Give way,,,,,0,0,Urban,0,,,Fine,Null
1878703,5818808,25668,,537900,0,,0,1,,East,2006/2007,LOCHINVAR PLACE,OHAUITI ROAD,,Non-Injury Crash,No,2006,,West,,0,,Flat,,,,,,Dark,1179605,0,0,0,2,,,0,,,,,,Bay of Plenty Region,Nil,2-way,Sealed,,0,0,,50,,On,1,0,,23,Tauranga City,Unknown,,,,,0,0,Urban,0,,,Fine,Null
1757333,5919932,25669,,514103,0,,0,2,,Null,2006/2007,WAKEFIELD ST,MAYORAL DRIVE,,Non-Injury Crash,No,2006,,South,,0,,Hill Road,,,,,,Dark,436600,0,0,0,2,,,0,,,,,,Auckland Region,Nil,2-way,Sealed,,0,0,,50,,On,0,0,,76,Auckland,Traffic Signals,,,,,0,0,Urban,0,,,Fine,Null
1884566,5773411,25670,,540420,0,,0,3,,Null,2005/2006,RANOLF ST,VICTORIA ST,,Non-Injury Crash,No,2006,,South,,0,,Flat,,,,,,Bright sun,1236500,0,0,0,2,,,0,,,,,,Bay of Plenty Region,Nil,2-way,Sealed,,0,0,,50,,Null,0,0,,24,Rotorua District,Give way,,,,,0,0,Urban,0,,,Fine,Null
1503655,5365297,25671,,584412,0,0,0,1,0,East,2005/2006,SH 6,BERLINS HOTEL,,Minor Crash,Yes,2006,0,West,1,0,0,Hill Road,0,,0,,0,Overcast,2386300,1,0,0,2,0,0,0,0,0,,0,0,West Coast Region,Nil,2-way,Sealed,0,0,0,0,100,0,Null,0,0,,55,Buller District,Unknown,0,0,0,0,0,0,Open,0,0,0,Light rain,Null
1756538,5914805,25672,,518500,0,,0,2,,South,2005/2006,MOUNT EDEN ROAD,REWA ROAD,,Minor Crash,No,2006,,South,,0,,Hill Road,,,,,,Bright sun,562700,2,0,0,2,,,0,,,,,,Auckland Region,Nil,2-way,Sealed,,0,0,,50,,Null,0,0,,76,Auckland,Unknown,,,,,0,0,Urban,0,,,Fine,Null
1574076,5178357,25673,,594200,0,,0,1,,Null,2006/2007,FERRY ROAD,RADLEY ST,,Serious Crash,No,2006,,North,,0,,Flat,,,,,,Bright sun,2583100,0,0,0,2,,,0,,,1,,,Canterbury Region,Nil,2-way,Sealed,,0,1,,50,,Null,0,0,,60,Christchurch City,Traffic Signals,,,,,0,0,Urban,0,,,Fine,Null
1878224,5822579,25674,,538101,0,,0,3,,North,2006/2007,CAMERON ROAD,FOURTEENTH AVENUE,,Non-Injury Crash,No,2006,,South,,0,,Flat,,,,,,Twilight,1167602,0,0,0,4,,,0,,,,,,Bay of Plenty Region,Nil,2-way,Sealed,,0,0,,50,,On,0,0,,23,Tauranga City,Nil,,,,,0,0,Urban,0,,,Fine,Null
1788111,5592224,25675,,558300,0,0,0,1,1,North,2005/2006,SH 4,PARIHAUHAU ROAD,,Serious Crash,Yes,2006,0,South,0,0,0,Hill Road,0,Christmas New Year,0,,0,Overcast,1683500,2,0,0,2,0,0,0,0,0,,0,0,Manawatū-Whanganui Region,Nil,2-way,Sealed,0,0,1,0,100,0,Null,0,0,,37,Whanganui District,Nil,0,0,0,0,0,0,Open,1,0,0,Light rain,Null
1765968,5903278,25676,,524604,0,,0,2,,Null,2005/2006,WIRI STATION ROAD,ASH ROAD,,Non-Injury Crash,No,2006,,West,,0,,Flat,,,,,,Bright sun,780403,0,0,0,4,,,0,,,,,,Auckland Region,Nil,2-way,Sealed,,0,0,,50,,Off,0,0,,76,Auckland,Traffic Signals,,,,,0,0,Urban,0,,,Fine,Null
1751557,5915525,25677,,514401,0,,0,2,,Null,2006/2007,BLOCKHOUSE BAY ROAD,ROSEBANK ROAD,,Non-Injury Crash,No,2006,,East,,0,,Flat,,,,,,Twilight,382104,0,0,0,2,,,0,,,,,,Auckland Region,Nil,2-way,Sealed,,0,0,,50,,On,0,0,,76,Auckland,Stop,,,,,0,0,Urban,0,,,Fine,Null
1854345,5717397,25678,,541333,0,,0,1,,Null,2006/2007,LISLAND DRIVE,FLAXEN WAY,,Minor Crash,No,2006,,East,,0,,Flat,,,,,,Bright sun,1278311,1,0,0,2,,,0,,,,,,Waikato Region,Nil,2-way,Sealed,,0,0,,50,,Off,0,0,,21,Taupo District,Nil,,,,,0,0,Urban,0,,,Fine,Null
1744260,5915853,25679,,510800,0,0,0,2,0,East,2006/2007,LENDIC AVENUE,BORDER ROAD,,Non-Injury Crash,No,2006,0,East,0,0,0,Flat,0,,0,,0,Bright sun,242400,0,0,0,2,0,0,0,0,0,,0,0,Auckland Region,Nil,2-way,Sealed,0,0,0,0,50,0,Off,0,0,,76,Auckland,Nil,0,0,0,0,0,0,Urban,0,1,0,Fine,Null
1794222,5822640,25680,,527916,0,0,0,1,0,East,2006/2007,ONION ROAD,HOROTIU ROAD,,Non-Injury Crash,No,2006,0,East,0,0,1,Flat,0,,0,,0,Bright sun,975900,0,0,0,2,0,0,0,0,0,,0,0,Waikato Region,Nil,2-way,Sealed,0,0,0,0,100,0,None,0,0,,13,Waikato District,Nil,0,0,0,0,1,0,Open,0,0,0,Fine,Null
1878788,5822810,25681,,538201,1,,0,1,,Null,2005/2006,DEVONPORT ROAD,ELEVENTH AVENUE,,Serious Crash,No,2006,,East,,0,,Hill Road,,,,,,Bright sun,1166703,0,0,0,2,,,0,,,,,,Bay of Plenty Region,Nil,2-way,Sealed,,0,1,,50,,Null,0,0,,23,Tauranga City,Give way,,,,,0,0,Urban,0,,,Fine,Null
1748533,5427232,25682,,573101,0,,0,0,,Null,2006/2007,GHUZNEE ST,VICTORIA ST,,Minor Crash,No,2006,,East,,0,,Flat,,Christmas New Year,,,,Bright sun,2131700,1,0,0,3,,,0,,,1,,,Wellington Region,Nil,2-way,Sealed,,0,0,,50,,Null,0,0,,47,Wellington City,Traffic Signals,,,,,0,0,Urban,1,,,Fine,Null
1706491,5646428,25683,,553004,0,,0,0,,East,2005/2006,PEMBROKE ROAD,MONMOUTH ROAD,,Minor Crash,No,2006,,West,,0,,Flat,,,,,,Dark,1618701,1,0,0,2,,,0,,,,,,Taranaki Region,Nil,2-way,Sealed,,0,0,,100,,None,0,0,,34,Stratford District,Nil,,,,,0,0,Open,1,,,Fine,Null
1769309,5914518,25684,,522721,0,,0,1,,East,2006/2007,PAKURANGA ROAD,FORTUNES ROAD,,Non-Injury Crash,No,2006,,East,,0,,Flat,,,,,,Dark,680727,0,0,0,4,,,0,,,,,,Auckland Region,Nil,2-way,Sealed,,0,0,,60,,On,1,0,,76,Auckland,Nil,,,,,0,0,Urban,0,,,Fine,Null
1890036,5822315,25685,,536201,0,,0,2,,Null,2006/2007,DICKSON ROAD,ALLAN PLACE,,Non-Injury Crash,No,2006,,West,,0,,Flat,,,,,,Bright sun,1204708,0,0,0,2,,,0,,,,,,Bay of Plenty Region,Nil,2-way,Sealed,,0,0,,50,,Off,0,0,,23,Tauranga City,Nil,,,,,0,0,Urban,0,,,Fine,Null
1930935,5613540,25686,,545831,0,,0,2,,Null,2006/2007,SH 50,SH 50A,,Minor Crash,Yes,2006,,North,,0,,Flat,,,,,,Overcast,1404600,1,0,0,4,,,0,,,,,,Hawke's Bay Region,Nil,2-way,Sealed,,0,0,,100,,Null,0,0,,30,Hastings District,Give way,,,,,0,0,Open,1,,,Fine,Null
1723006,5944991,25687,,506642,0,,0,0,,West,2006/2007,SOUTH HEAD ROAD,TARAWERA ROAD,,Serious Crash,No,2006,,West,,0,,Hill Road,,,,,,Bright sun,210400,0,0,1,2,,,0,,,,,,Auckland Region,Nil,2-way,Sealed,,0,1,,100,,Off,0,0,,76,Auckland,Nil,,,,,0,0,Open,0,,,Fine,Null
1718799,6047396,25688,,502600,0,,0,2,,East,2005/2006,KENSINGTON AVENUE,SH 1N,,Non-Injury Crash,No,2006,,West,,0,,Hill Road,,Easter,,,,Bright sun,94700,0,0,0,2,,,0,,,,,,Northland Region,Nil,2-way,Sealed,,0,0,,50,,Off,0,0,,2,Whangarei District,Stop,,,,,0,0,Urban,0,,,Fine,Null
1766663,5912929,25689,,522910,0,,0,2,,Null,2006/2007,TI RAKAU DRIVE,REEVES ROAD,,Non-Injury Crash,No,2006,,West,,0,,Flat,,,,,,Dark,684000,0,0,0,4,,,0,,,,,,Auckland Region,Nil,2-way,Sealed,,0,0,,50,,On,0,0,,76,Auckland,Traffic Signals,,,,,0,0,Urban,0,,,Fine,Null
1728420,6009006,25690,65,501815,0,0,0,1,1,South,2005/2006,SH 1N,WAIPU GORGE ROAD,,Minor Crash,Yes,2006,0,South,1,0,0,Hill Road,0,,0,,0,Overcast,81300,1,0,0,3,0,0,0,0,0,,0,0,Northland Region,Nil,2-way,Sealed,0,0,0,0,100,0,None,0,0,,2,Whangarei District,Nil,0,0,0,0,0,0,Open,0,0,0,Light rain,Null
1884379,5770782,25691,,540700,0,,0,1,,Null,2005/2006,SH 5,SH 30,,Non-Injury Crash,Yes,2006,,North,,0,,Flat,,,,,,Dark,1246500,0,0,0,2,,,0,,,,,,Bay of Plenty Region,Nil,2-way,Sealed,,0,0,,50,,On,1,0,,24,Rotorua District,Give way,,,,,0,0,Urban,0,,,Fine,Null
1799839,5815858,25692,,529700,0,,0,1,,Null,2006/2007,MILL ST,SEDDON ROAD,,Non-Injury Crash,No,2006,,South,,0,,Flat,,,,,,Bright sun,909100,0,0,0,4,,,0,,,,,,Waikato Region,Nil,2-way,Sealed,,0,0,,50,,Null,1,0,,16,Hamilton City,Give way,,,,,0,0,Urban,0,,,Fine,Null
1765324,5902233,25693,,524604,0,,0,2,,South,2005/2006,ROSCOMMON ROAD,LANGLEY ROAD,,Minor Crash,No,2006,,South,,0,,Flat,,,,,,Dark,781302,1,0,0,4,,,0,,,,,,Auckland Region,Nil,2-way,Sealed,,0,0,,80,,On,0,0,,76,Auckland,Nil,,,,,0,0,Open,0,,,Fine,Null
1755284,5921755,25694,,515202,0,,0,1,,South,2005/2006,SH 1N,CURRAN ON NBD,,Non-Injury Crash,Yes,2006,,North,,0,,Flat,,,,,,Bright sun,423600,0,0,0,5,,,0,,,,,,Auckland Region,Nil,1-way,Sealed,,0,0,,80,,Off,0,0,,76,Auckland,Nil,,,,,1,0,Open,0,,,Fine,Null
1696478,5677680,25695,,551012,0,0,0,1,0,East,2005/2006,RIFLE RANGE ROAD,VICKERS ROAD,,Minor Crash,No,2006,0,East,0,0,0,Flat,0,,0,,0,Twilight,1558900,1,0,0,2,0,0,0,0,0,,0,1,Taranaki Region,Nil,2-way,Sealed,0,0,0,0,50,0,Off,0,0,,33,New Plymouth District,Nil,0,0,0,0,0,0,Urban,0,0,0,Fine,Null
1879172,5751117,25696,,538850,0,0,0,0,1,South,2005/2006,MANGATETE ROAD,WAIKITE VALLEY ROAD,,Serious Crash,No,2006,0,North,0,0,1,Flat,0,,0,,0,Bright sun,1262400,0,0,1,2,0,0,0,0,0,,0,0,Waikato Region,Nil,2-way,Sealed,0,0,1,0,100,0,Null,0,0,,24,Rotorua District,Unknown,0,0,0,0,0,0,Open,0,0,0,Fine,Null
1371318,4896566,25697,,606700,0,0,0,1,0,North,2006/2007,SH 1S,LAKE ROAD,,Minor Crash,Yes,2006,0,North,1,0,0,Flat,0,,0,,0,Dark,2988200,1,0,0,2,0,0,0,0,0,,0,0,Otago Region,Nil,2-way,Sealed,0,0,0,0,100,0,None,0,0,,72,Clutha District,Unknown,0,0,0,1,0,0,Open,0,0,0,Mist or Fog,Null
1695633,6102129,25698,50,501615,0,,0,1,,East,2005/2006,WHARAU ROAD,KERIKERI INLET ROAD,,Non-Injury Crash,No,2006,,West,,0,,Hill Road,,,,,,Bright sun,49206,0,0,0,2,,,0,,,,,,Northland Region,Nil,2-way,Unsealed,,0,0,,100,,None,0,0,,1,Far North District,Nil,,,,,0,0,Open,1,,,Fine,Null
1861707,5829074,25699,,536620,0,0,0,1,0,West,2006/2007,WAINUI SOUTH ROAD,SH 2,,Non-Injury Crash,No,2006,0,East,1,0,0,Hill Road,0,,0,,0,Bright sun,1186703,0,0,0,2,0,0,0,0,0,,0,0,Bay of Plenty Region,Nil,2-way,Sealed,0,0,0,0,70,0,Off,0,0,,22,Western Bay of Plenty District,Nil,0,0,0,0,0,0,Urban,0,0,0,Fine,Null
1768675,5902971,25700,,524602,0,,0,1,,South,2005/2006,SH 1N,MANUKAU OFF NBD,,Non-Injury Crash,Yes,2006,,North,,0,,Flat,,,,,,Bright sun,780509,0,0,0,3,,,0,,,,,,Auckland Region,Nil,1-way,Sealed,,0,0,,100,,Off,1,0,,76,Auckland,Nil,,,,,0,0,Open,0,,,Fine,Null
1687007,6100246,25701,30,500900,0,,0,0,,North,2005/2006,SHEPHERDS ROAD,KERIKERI INLET ROAD,,Non-Injury Crash,No,2006,,South,,0,,Flat,,,,,,Bright sun,50100,0,0,0,2,,,0,,,,,,Northland Region,Nil,2-way,Unsealed,,0,0,,50,,None,0,0,,1,Far North District,Nil,,,,,0,0,Urban,1,,,Fine,Null
1823324,5530140,25702,,562600,0,,0,2,,Null,2005/2006,RUAHINE ST,CHURCH ST,,Non-Injury Crash,No,2006,,North,,0,,Flat,,,,,,Overcast,1846900,0,0,0,2,,,0,,,,,,Manawatū-Whanganui Region,Nil,2-way,Sealed,,0,0,,50,,Null,0,0,,40,Palmerston North City,Give way,,,,,0,0,Urban,0,,,Light rain,Null
1866830,5715083,25703,,541710,0,,0,0,,South,2005/2006,POIHIPI ROAD,ACACIA BAY ROAD,,Minor Crash,No,2006,,South,,0,,Hill Road,,,,,,Bright sun,1275110,1,0,0,2,,,0,,,,,,Waikato Region,Nil,2-way,Sealed,,0,0,,100,,Null,1,0,,21,Taupo District,Unknown,,,,,0,0,Open,1,,,Fine,Null
1748688,5428693,25704,,573000,0,,0,2,,Null,2006/2007,THE TERRACE,BOLTON ST,,Minor Crash,No,2006,,South,,0,,Flat,,,,,,Bright sun,2123700,1,0,0,2,,,0,,,,,,Wellington Region,Nil,2-way,Sealed,,0,0,,50,,Null,0,1,,47,Wellington City,Nil,,,,,0,0,Urban,0,,,Fine,Null
1758752,5911768,25705,,519810,0,,0,0,,East,2005/2006,ONEHUNGA OFF SBD,ONEHUNGA ON SBD,,Non-Injury Crash,Yes,2006,,West,,0,,Flat,,,,,,Bright sun,602501,0,0,0,4,,,0,,,,,,Auckland Region,Nil,2-way,Sealed,,0,0,,50,,Off,0,0,,76,Auckland,Traffic Signals,,,,,3,0,Urban,0,,,Fine,Null
1756842,5919463,25706,,514102,0,,0,1,,East,2006/2007,KARANGAHAPE ROAD,PITT ST,,Non-Injury Crash,No,2006,,West,,0,,Flat,,,,,,Dark,435700,0,0,0,4,,,0,,,,,,Auckland Region,Nil,2-way,Sealed,,0,0,,50,,On,1,0,,76,Auckland,Nil,,,,,0,0,Urban,0,,,Light rain,Null
1760289,5905919,25707,,524200,0,,0,1,,Null,2006/2007,PENINSULA ROAD,CYCLAMEN ROAD,,Non-Injury Crash,No,2006,,South,,0,,Flat,,,,,,Bright sun,728623,0,0,0,2,,,0,,,,,,Auckland Region,Nil,2-way,Sealed,,0,0,,50,,Off,0,0,,76,Auckland,Give way,,,,,0,0,Urban,1,,,Fine,Null
1796666,5814334,25708,,528602,0,,0,0,,Null,2005/2006,SH 23,NEWCASTLE ROAD,,Non-Injury Crash,Yes,2006,,East,,0,,Flat,,,,,,Bright sun,920901,0,0,0,2,,,0,,,,,,Waikato Region,Nil,2-way,Sealed,,0,0,,50,,Null,0,0,,16,Hamilton City,Give way,,,,,1,0,Urban,1,,,Fine,Null
1767423,5907636,25709,,523602,0,,0,1,,West,2006/2007,EAST TAMAKI ROAD,FERGUSON ROAD,,Serious Crash,No,2006,,Null,,0,,Flat,,,,,,Bright sun,709900,0,0,0,4,,,0,,,1,,,Auckland Region,Nil,2-way,Sealed,,0,1,,60,,Off,0,0,,76,Auckland,Nil,,,,,0,0,Urban,0,,,Fine,Null
1822176,5529516,25710,,562800,0,,0,0,,Null,2006/2007,CHURCH ST,PRINCESS ST,,Minor Crash,No,2006,,East,,0,,Flat,,,,,,Bright sun,1829300,1,0,0,2,,,0,,,1,,,Manawatū-Whanganui Region,Nil,2-way,Sealed,,0,0,,50,,Null,0,0,,40,Palmerston North City,Traffic Signals,,,,,0,0,Urban,1,,,Fine,Null
1760907,5907121,25711,,524112,0,0,0,1,0,North,2006/2007,SH 20,MASSEY OBR,,Non-Injury Crash,Yes,2006,0,North,0,0,0,Flat,0,,0,,0,Dark,742102,0,0,0,2,0,0,0,0,0,,0,1,Auckland Region,Nil,1-way,Sealed,0,0,0,0,100,0,On,0,0,,76,Auckland,Nil,0,0,0,0,0,0,Open,0,0,0,Fine,Null
1761269,5914540,25712,,520202,0,0,0,0,0,North,2006/2007,SH 1N,PENROSE INT,,Minor Crash,Yes,2006,0,South,0,0,0,Flat,1,,0,,0,Overcast,612100,1,0,0,3,0,0,0,0,0,,0,0,Auckland Region,Nil,1-way,Sealed,0,0,0,0,100,0,Off,0,0,,76,Auckland,Nil,0,0,0,0,0,0,Open,1,0,0,Fine,Null
1394732,4915237,25713,,606210,0,,0,2,,Null,2005/2006,SH 87,GLADSTONE ROAD SOUTH,,Minor Crash,Yes,2006,,South,,0,,Flat,,,,,,Dark,2968900,2,0,0,6,,,0,,,,,,Otago Region,Nil,2-way,Sealed,,0,0,,50,,On,0,0,,71,Dunedin City,Traffic Signals,,,,,0,0,Urban,0,,,Fine,Null
1756635,5927572,25714,,507900,0,,0,1,,Null,2005/2006,TAHAROTO ROAD,SHEA TERRACE,,Non-Injury Crash,No,2006,,South,,0,,Flat,,,,,,Bright sun,304400,0,0,0,3,,,0,,,,,,Auckland Region,Nil,2-way,Sealed,,0,0,,50,,Off,0,0,,76,Auckland,Traffic Signals,,,,,0,0,Urban,1,,,Fine,Null
1568288,5180345,25715,,590800,0,0,0,2,0,East,2006/2007,RICCARTON ROAD,MANDEVILLE ST,,Minor Crash,No,2006,0,East,0,0,0,Flat,0,,1,,1,Bright sun,2474700,2,0,0,2,0,0,0,0,0,,1,0,Canterbury Region,Nil,2-way,Sealed,0,0,0,0,50,0,Null,0,0,,60,Christchurch City,Unknown,0,0,0,0,0,0,Urban,0,0,0,Fine,Null
1722617,6052012,25716,65,501814,0,0,0,0,0,Null,2006/2007,NGUNGURU ROAD,MARUATA ROAD,,Non-Injury Crash,No,2006,0,West,0,0,1,Flat,0,,0,,0,Overcast,62800,0,0,0,2,0,0,0,0,0,,0,0,Northland Region,Nil,2-way,Sealed,0,0,0,0,100,0,Null,0,0,,2,Whangarei District,Stop,0,0,0,0,1,0,Open,0,0,0,Light rain,Null
1752666,5947660,25717,,505808,0,0,0,1,0,Null,2005/2006,BAY ST,WILLIAM BAYES PLACE,,Non-Injury Crash,No,2006,0,East,0,0,0,Flat,0,,0,,0,Overcast,173106,0,0,0,2,0,0,0,0,0,,0,1,Auckland Region,Nil,2-way,Sealed,0,0,0,0,50,0,Off,0,0,,76,Auckland,Stop,0,0,0,0,0,0,Urban,0,0,0,Light rain,Null
1887002,5824270,25718,,536515,0,0,0,1,0,North,2006/2007,PAPAMOA BEACH ROAD,PACIFIC VIEW ROAD,,Non-Injury Crash,No,2006,0,South,0,0,0,Flat,0,,0,,0,Dark,1205009,0,0,0,2,0,0,0,0,0,,0,1,Bay of Plenty Region,Nil,2-way,Sealed,0,0,0,0,70,0,On,0,0,,23,Tauranga City,Unknown,0,0,0,0,0,0,Urban,0,0,0,Fine,Null
1772570,5911114,25719,,523202,0,0,0,1,0,North,2005/2006,WHITFORD ROAD,BROOMFIELDS ROAD,,Minor Crash,No,2006,0,South,0,0,1,Flat,0,,0,,0,Dark,717502,1,0,0,2,0,0,0,0,0,,0,1,Auckland Region,Nil,2-way,Sealed,0,0,0,0,80,0,None,0,0,30,76,Auckland,Nil,0,0,0,0,0,0,Open,0,0,0,Fine,Null
1573695,5181765,25720,,592812,0,,0,2,,South,2005/2006,GAYHURST ROAD,CLAYDON PLACE,,Minor Crash,No,2006,,North,,0,,Flat,,,,,,Overcast,2599200,2,0,0,2,,,0,,,,,,Canterbury Region,Nil,2-way,Sealed,,0,0,,50,,Null,0,0,,60,Christchurch City,Nil,,,,,0,0,Urban,0,,,Fine,Null
1788248,5856885,25721,,527210,0,,0,2,,Null,2005/2006,SH 1N,TE KAUWHATA ROAD,,Non-Injury Crash,Yes,2006,,South,,0,,Flat,,,,,,Dark,936001,0,0,0,2,,,0,,,,,,Waikato Region,Nil,2-way,Sealed,,0,0,,100,,None,0,0,,13,Waikato District,Nil,,,,,0,0,Open,0,,,Fine,Null
1751669,5952063,25722,,505804,0,,0,2,,North,2005/2006,HIBISCUS COAST HIGHWAY,OTANERUA ROAD,,Non-Injury Crash,No,2006,,South,,0,,Flat,,,,,,Bright sun,170806,0,0,0,2,,,0,,,,,,Auckland Region,Nil,1-way,Sealed,,0,0,,70,,Off,0,0,,76,Auckland,Nil,,,,,0,0,Urban,0,,,Fine,Null
1782451,5811147,25723,35,526601,0,,0,1,,South,2005/2006,SH 23,GLENTUI LANE,,Non-Injury Crash,Yes,2006,,North,,0,,Flat,,,,,,Bright sun,859300,0,0,0,2,,,0,,,,,,Waikato Region,Nil,2-way,Sealed,,0,0,,100,,Null,0,0,,13,Waikato District,Unknown,,,,,0,0,Open,0,,,Fine,Null
1753405,5933030,25724,,508807,0,,0,2,,South,2006/2007,SH 1N,GREVILLE OBR,,Non-Injury Crash,Yes,2006,,North,,0,,Hill Road,,,,,,Bright sun,180811,0,0,0,2,,,0,,,,,,Auckland Region,Nil,1-way,Sealed,,0,0,,100,,Off,0,0,,76,Auckland,Nil,,,,,0,0,Open,0,,,Fine,Null
1766213,5900027,25725,,524822,0,,0,2,,South,2005/2006,ROSCOMMON ROAD,ROBERT ROSS PLACE,,Non-Injury Crash,No,2006,,North,,0,,Flat,,,,,,Bright sun,774431,0,0,0,4,,,0,,,,,,Auckland Region,Nil,2-way,Sealed,,0,0,,50,,Off,0,0,,76,Auckland,Give way,,,,,0,0,Urban,0,,,Fine,Null
1770850,5912420,25726,,523106,0,,0,0,,East,2006/2007,KILIMANJARO DRIVE,MILLHOUSE DRIVE,,Minor Crash,No,2006,,West,,0,,Flat,,,,,,Overcast,711188,1,0,0,2,,,0,,,1,,,Auckland Region,Nil,2-way,Sealed,,0,0,,50,,Off,1,0,,76,Auckland,Give way,,,,,0,0,Urban,0,,,Fine,Null
1693434,5673923,25727,,552500,1,,0,1,,Null,2006/2007,CARRINGTON ST,HUATOKI ST,,Minor Crash,No,2006,,North,,0,,Flat,,,,,,Overcast,1566000,2,0,0,2,,,0,,,,,,Taranaki Region,Nil,2-way,Sealed,,0,0,,50,,Null,0,0,,33,New Plymouth District,Give way,,,,,0,0,Urban,1,,,Fine,Null
1762779,5918933,25728,,516400,0,,0,1,,Null,2006/2007,KEPA ROAD,KURAHAUPO ST,,Minor Crash,No,2006,,East,,0,,Flat,,,,,,Bright sun,497800,1,0,1,4,,,0,,,,,,Auckland Region,Nil,2-way,Sealed,,0,0,,50,,Off,0,0,,76,Auckland,Nil,,,,,0,0,Urban,0,,,Fine,Null
1236813,4881371,25729,,610040,0,1,0,0,0,Null,2006/2007,SH 96,ORETI RIV BR,,Minor Crash,Yes,2006,0,West,0,0,0,Flat,0,,0,,0,Overcast,3074300,1,0,0,2,0,0,0,0,0,,0,0,Southland Region,Bridge,2-way,Sealed,0,0,0,0,100,0,Null,0,0,,73,Southland District,Unknown,0,0,0,0,0,0,Open,1,0,0,Snow,Frost
1386048,5105264,25730,,600323,0,0,0,0,0,North,2006/2007,SH 8,MARY BURN BR,,Minor Crash,Yes,2006,0,South,1,0,0,Flat,0,,0,,0,Bright sun,2814500,1,0,0,2,0,0,0,0,0,,0,0,Canterbury Region,Nil,2-way,Sealed,0,0,0,0,100,0,Null,1,0,,65,Mackenzie District,Unknown,0,0,0,0,0,0,Open,0,0,0,Fine,Strong wind
1771721,5899054,25731,,523911,0,,0,2,,Null,2005/2006,PORCHESTER ROAD,AIRFIELD ROAD,,Non-Injury Crash,No,2006,,West,,0,,Flat,,,,,,Twilight,767302,0,0,0,1,,,0,,,,,,Auckland Region,Nil,2-way,Sealed,,0,0,,50,,On,0,0,,76,Auckland,Give way,,,,,0,0,Urban,0,,,Fine,Null
1755655,5446166,25732,,571501,0,,0,2,,Null,2005/2006,SH 1N,WHITFORD BROWN AVENUE,,Non-Injury Crash,Yes,2006,,South,,0,,Flat,,,,,,Overcast,2056601,0,0,0,2,,,0,,,,,,Wellington Region,Nil,2-way,Sealed,,0,0,,100,,Null,0,0,,44,Porirua City,Traffic Signals,,,,,0,0,Open,0,,,Fine,Null
1885100,5771734,25733,,540510,0,,0,0,,North,2006/2007,FENTON ST,SH 30,,Non-Injury Crash,No,2006,,South,,0,,Flat,,,,,,Overcast,1243000,0,0,0,2,,,0,,,,,,Bay of Plenty Region,Nil,2-way,Sealed,,0,0,,80,,Null,2,0,,24,Rotorua District,Unknown,,,,,0,0,Open,0,,,Light rain,Null
1817586,5534881,25734,,561901,0,0,0,1,0,East,2006/2007,SH 3,NEWBURY LINE,,Minor Crash,Yes,2006,0,East,1,0,0,Flat,0,,0,,0,Dark,1795100,1,0,0,2,0,0,0,0,0,,0,1,Manawatū-Whanganui Region,Nil,2-way,Unsealed,0,0,0,0,100,0,None,0,0,30,39,Manawatu District,Nil,0,0,0,0,0,0,Open,0,0,0,Fine,Null
1774210,5579315,25735,,557200,0,,0,1,,Null,2005/2006,SH 3,ST LEONARD ST,,Serious Crash,Yes,2006,,West,,0,,Flat,,,,,,Bright sun,1706600,0,0,1,2,,,0,,,,,,Manawatū-Whanganui Region,Nil,2-way,Sealed,,0,1,,50,,Null,0,0,,37,Whanganui District,Give way,,,,,0,0,Urban,0,,,Fine,Null
1757542,5926215,25736,,507900,0,0,0,1,0,Null,2005/2006,ESMONDE OFF NBD,BARRYS POINT ROAD,,Non-Injury Crash,Yes,2006,0,East,0,0,0,Flat,0,,0,,1,Dark,304200,0,0,0,1,0,1,0,0,0,,0,0,,Nil,1-way,Sealed,0,0,0,0,50,0,On,0,0,,76,Auckland,Give way,0,0,0,0,0,0,Urban,0,0,0,Fine,Null
1576783,5172047,25737,,596400,0,0,0,1,0,East,2006/2007,GODLEY QUAY,VOELAS ROAD,,Minor Crash,No,2006,0,South,0,0,1,Hill Road,1,,0,,0,Twilight,2710600,2,0,0,2,0,0,0,1,0,,0,0,Canterbury Region,Nil,2-way,Sealed,0,0,0,0,50,0,Off,0,0,,60,Christchurch City,Give way,0,0,0,0,0,0,Urban,0,0,0,Fine,Null