X,Y,OBJECTID,advisorySpeed,areaUnitID,bicycle,bridge,bus,carStationWagon,cliffBank,crashDirectionDescription,crashFinancialYear,crashLocation1,crashLocation2,crashRoadSideRoad,crashSeverity,crashSHDescription,crashYear,debris,directionRoleDescription,ditch,fatalCount,fence,flatHill,guardRail,holiday,houseOrBuilding,intersection,kerb,light,meshblockId,minorInjuryCount,moped,motorcycle,NumberOfLanes,objectThrownOrDropped,otherObject,otherVehicleType,overBank,parkedVehicle,pedestrian,phoneBoxEtc,postOrPole,region,roadCharacter,roadLane,roadSurface,roadworks,schoolBus,seriousInjuryCount,slipOrFlood,speedLimit,strayAnimal,streetLight,suv,taxi,temporarySpeedLimit,tlaId,tlaName,trafficControl,trafficIsland,trafficSign,train,tree,truck,unknownVehicleType,urban,vanOrUtility,vehicle,waterRiver,weatherA,weatherB
1566732,5184844,25738,,588700,0,,0,2,,South,2006/2007,FARRINGTON AVENUE,HAREWOOD ROAD,,Minor Crash,No,2006,,North,,0,,Flat,,,,,,Bright sun,2523100,2,0,0,2,,,0,,,,,,Canterbury Region,Nil,2-way,Sealed,,0,0,,50,,Null,0,0,,60,Christchurch City,Nil,,,,,0,0,Urban,0,,,Fine,Null
1759852,5916116,25739,,516002,0,,0,8,,North,2005/2006,SH 1N,GREENLANE INT N,,Minor Crash,Yes,2006,,North,,0,,Flat,,,,,,Bright sun,492000,3,0,0,4,,,0,,,,,,Auckland Region,Nil,1-way,Sealed,,0,0,,100,,Off,0,0,,76,Auckland,Nil,,,,,0,0,Open,0,,,Fine,Null
1760143,5923682,25740,,509300,0,,0,3,,South,2006/2007,LAKE ROAD,SEABREEZE ROAD,,Serious Crash,No,2006,,South,,0,,Flat,,,,,,Dark,336900,5,0,0,2,,,0,,,,,,Auckland Region,Nil,2-way,Sealed,,0,1,,50,,On,0,1,,76,Auckland,Nil,,,,,0,0,Urban,0,,,Fine,Null
1788000,5811908,25741,,526603,0,,0,0,,West,2006/2007,TE PAHU ROAD,FERGUSON ROAD,,Serious Crash,No,2006,,West,,0,,Flat,,,,,,Overcast,859702,0,0,0,2,,,0,,,,,,Waikato Region,Nil,2-way,Sealed,,0,1,,100,,None,0,0,,17,Waipa District,Nil,,,,,0,0,Open,1,,,Fine,Null
1793560,5704686,25742,,532700,0,0,0,0,0,North,2005/2006,SH 4,KURA ROAD,,Minor Crash,Yes,2006,0,North,1,0,0,Flat,0,,0,,0,Bright sun,1042400,4,0,0,2,0,0,0,0,0,,0,0,Manawatū-Whanganui Region,Nil,2-way,Sealed,0,0,0,0,100,0,Null,0,0,,36,Ruapehu District,Nil,0,0,0,0,0,0,Open,1,0,0,Fine,Frost
1843866,5784785,25743,,535600,0,,0,2,,North,2006/2007,PRINCES ST,DUKE ST,,Non-Injury Crash,No,2006,,South,,0,,Flat,,,,,,Bright sun,1132300,0,0,0,2,,,0,,,,,,Waikato Region,Nil,2-way,Sealed,,0,0,,50,,Null,0,0,,19,South Waikato District,Nil,,,,,0,0,Urban,0,,,Fine,Null
1796024,5427070,25744,,579803,0,0,0,1,1,West,2005/2006,LAKE FERRY ROAD,DRY RIVER ROAD,,Serious Crash,No,2006,0,North,0,0,0,Hill Road,0,,0,,0,Overcast,2276500,0,0,0,2,0,0,0,0,0,,0,0,Wellington Region,Nil,2-way,Sealed,0,0,1,0,100,0,Null,0,0,,50,South Wairarapa District,Nil,0,0,0,0,0,0,Open,0,0,0,Fine,Null
1752729,5432784,25745,,574002,0,,0,3,,Null,2005/2006,SH 2,HUTT ON NBD,,Non-Injury Crash,Yes,2006,,East,,0,,Flat,,,,,,Bright sun,2078302,0,0,0,3,,,0,,,,,,Wellington Region,Nil,1-way,Sealed,,0,0,,100,,Null,0,0,,47,Wellington City,Nil,,,,,0,0,Open,0,,,Fine,Null
1806664,5811510,25746,,527131,0,0,0,1,0,North,2005/2006,SH 1N,BOLLARD ROAD,,Non-Injury Crash,Yes,2006,0,North,1,0,0,Flat,0,,0,,0,Overcast,960603,0,0,0,2,0,0,0,0,0,,0,0,Waikato Region,Nil,2-way,Sealed,0,0,0,0,100,0,Null,0,0,,13,Waikato District,Unknown,0,0,0,0,0,0,Open,0,0,0,Light rain,Null
1765014,5904769,25747,,522100,0,,0,2,,Null,2006/2007,MILAN ROAD,KENDERDINE ROAD,,Non-Injury Crash,No,2006,,North,,0,,Flat,,,,,,Twilight,659500,0,0,0,2,,,0,,,,,,Auckland Region,Nil,2-way,Sealed,,0,0,,50,,On,0,0,,76,Auckland,Give way,,,,,0,0,Urban,0,,,Fine,Null
1494916,5329526,25748,,584702,0,1,0,0,0,North,2006/2007,SH 7,STONEY CRK BR,,Serious Crash,Yes,2006,0,South,0,0,0,Flat,0,,0,,0,Overcast,2398400,1,0,0,2,0,0,0,0,0,,0,0,West Coast Region,Bridge,2-way,Sealed,0,0,1,0,100,0,Null,0,0,,55,Buller District,Unknown,0,0,0,0,1,0,Open,1,0,0,Fine,Null
1757215,5919382,25749,,514301,0,,0,2,,Null,2005/2006,SYMONDS ST,KARANGAHAPE ROAD,,Non-Injury Crash,No,2006,,North,,0,,Hill Road,,Christmas New Year,,,,Bright sun,440904,0,0,0,6,,,0,,,,,,Auckland Region,Nil,2-way,Sealed,,0,0,,50,,Off,0,0,,76,Auckland,Traffic Signals,,,,,0,0,Urban,0,,,Fine,Null
1761708,5906528,25750,,524112,0,0,0,1,0,Null,2006/2007,MASSEY OFF NBD,MASSEY ROAD,,Non-Injury Crash,Yes,2006,0,North,0,0,0,Flat,0,,0,,0,Bright sun,742300,0,0,0,1,0,0,0,0,0,,0,1,Auckland Region,Motorway ramp,1-way,Sealed,0,0,0,0,50,0,Off,0,0,,76,Auckland,Give way,0,0,0,0,0,0,Urban,0,0,0,Fine,Null
1763494,5912848,25751,,520500,0,,0,3,,West,2006/2007,SOUTH-EASTERN HIGHWAY,CARBINE ROAD,,Minor Crash,No,2006,,East,,0,,Flat,,,,,,Bright sun,637400,2,0,0,4,,,0,,,,,,Auckland Region,Nil,2-way,Sealed,,0,0,,80,,Off,0,0,,76,Auckland,Nil,,,,,0,0,Open,0,,,Fine,Null
1751418,5912763,25752,,514600,0,,0,1,,Null,2005/2006,BOLTON ST,TAYLOR ST,,Non-Injury Crash,No,2006,,South,,0,,Flat,,,,,,Dark,371502,0,0,0,2,,,0,,,,,,Auckland Region,Nil,2-way,Sealed,,0,0,,50,,On,0,0,,76,Auckland,Give way,,,,,0,0,Urban,1,,,Fine,Null
1766520,5913270,25753,,522920,0,,0,2,,Null,2005/2006,TI RAKAU DRIVE,PAKURANGA ROAD,,Non-Injury Crash,No,2006,,North,,0,,Flat,,,,,,Bright sun,683900,0,0,0,2,,,0,,,,,,Auckland Region,Nil,2-way,Sealed,,0,0,,60,,Off,0,0,,76,Auckland,Traffic Signals,,,,,0,0,Urban,0,,,Fine,Null
1570700,5190583,25754,,590604,0,,0,1,,North,2006/2007,SH 1S,DICKEYS ROAD,,Minor Crash,Yes,2006,,South,,0,,Flat,,,,,,Twilight,2502800,1,0,0,2,,,0,,,,,,Canterbury Region,Nil,2-way,Sealed,,0,0,,100,,On,2,0,,60,Christchurch City,Unknown,,,,,0,0,Open,0,,,Heavy rain,Null
1791830,5809357,25755,,527914,0,0,0,1,0,East,2006/2007,SH 39,GOILE ROAD E,,Minor Crash,Yes,2006,0,West,0,0,1,Hill Road,0,,0,,0,Dark,979900,1,0,0,2,0,0,0,0,0,,0,0,Waikato Region,Nil,2-way,Sealed,0,0,0,0,100,0,None,0,0,,17,Waipa District,Nil,0,1,0,1,0,0,Open,0,0,0,Light rain,Null
1717366,6055750,25756,,502001,0,,0,2,,North,2006/2007,SH 1N,SALEYARDS ROAD N,,Fatal Crash,Yes,2006,,South,,1,,Hill Road,,,,,,Overcast,64200,0,0,0,3,,,0,,,,,,Northland Region,Nil,2-way,Sealed,,0,2,,100,,None,0,0,,2,Whangarei District,Nil,,,,,0,0,Open,0,,,Fine,Null
1752569,5954241,25757,,505803,0,0,0,1,1,South,2006/2007,HIBISCUS COAST HIGHWAY,WAIWERA ROAD,,Non-Injury Crash,No,2006,0,North,0,0,0,Hill Road,0,Labour Weekend,0,,0,Dark,170603,0,0,0,2,0,0,0,0,0,,0,0,Auckland Region,Nil,2-way,Sealed,0,0,0,0,80,0,Off,0,0,,76,Auckland,Nil,0,0,0,0,0,0,Open,0,0,0,Light rain,Null
1527184,5431841,25758,,584402,0,1,0,1,0,Null,2005/2006,KARAMEA HIGHWAY,KARAMEA RIV BR,,Minor Crash,No,2006,0,North,0,0,0,Flat,0,,0,,0,Overcast,2383805,1,0,0,2,0,0,0,0,0,,0,0,West Coast Region,Bridge,2-way,Sealed,0,0,0,0,100,0,Null,0,0,,55,Buller District,Unknown,0,0,0,0,0,0,Open,0,0,0,Fine,Null
1771241,5900319,25759,,523813,0,1,0,1,0,North,2005/2006,PORCHESTER ROAD,POPES ROAD,,Serious Crash,No,2006,0,South,0,0,0,Flat,0,,0,,0,Overcast,759800,0,0,0,2,0,0,0,0,0,,0,0,Auckland Region,Bridge,2-way,Sealed,0,0,1,0,70,0,Null,0,0,,76,Auckland,Unknown,0,0,0,0,0,0,Urban,0,0,0,Light rain,Null
1818713,5544272,25760,,560730,0,0,0,1,0,Null,2006/2007,SH 54,DENBIGH ST,,Minor Crash,Yes,2006,0,North,0,0,0,Flat,0,,0,,0,Overcast,1764800,1,0,0,4,0,0,0,0,0,,0,0,Manawatū-Whanganui Region,Nil,2-way,Sealed,0,0,0,0,50,0,Null,1,0,,39,Manawatu District,Give way,0,1,0,0,0,0,Urban,0,0,0,Light rain,Null
1879634,5820198,25761,,538000,0,0,0,1,0,North,2005/2006,MAUNGATAPU ROAD,SUNSET CRESCENT,,Minor Crash,No,2006,0,South,0,0,1,Flat,0,,0,,0,Dark,1178800,1,0,0,2,0,0,0,0,0,,0,0,Bay of Plenty Region,Nil,2-way,Sealed,0,0,0,0,50,0,On,0,0,,23,Tauranga City,Unknown,0,0,0,0,0,0,Urban,0,0,0,Fine,Null
2036179,5708053,25762,,544600,0,0,0,0,0,West,2005/2006,SH 35,ROBERTS ROAD,,Non-Injury Crash,Yes,2006,0,West,0,0,0,Flat,0,,0,,0,Overcast,1370100,0,0,0,2,0,0,0,0,0,,0,1,Gisborne Region,Nil,2-way,Sealed,0,0,0,0,50,0,Null,1,0,,28,Gisborne District,Nil,0,0,0,1,0,0,Urban,0,0,0,Fine,Null
1704876,5635401,25763,,553500,2,,0,0,,West,2005/2006,ELTHAM ROAD,HASTINGS ROAD,,Fatal Crash,No,2006,,East,,1,,Flat,,,,,,Bright sun,1638500,0,0,0,2,,,0,,,,,,Taranaki Region,Bridge,2-way,Sealed,,0,0,,100,,Null,1,0,,35,South Taranaki District,Nil,,,,,0,0,Open,0,,,Fine,Null
1758685,5919770,25764,,515902,0,,0,2,,North,2006/2007,PARNELL ROAD,DENBY ST,,Non-Injury Crash,No,2006,,South,,0,,Hill Road,,,,,,Overcast,452600,0,0,0,2,,,0,,,,,,Auckland Region,Nil,2-way,Sealed,,0,0,,50,,Off,0,0,,76,Auckland,Nil,,,,,0,0,Urban,1,,,Fine,Null
1753682,5931251,25765,,508803,0,,0,1,,Null,2005/2006,SH 18,CARIBBEAN DRIVE,,Serious Crash,Yes,2006,,West,,0,,Flat,,,,,,Bright sun,180815,0,0,0,4,,,0,,,,,,Auckland Region,Nil,2-way,Sealed,,0,1,,80,,Off,1,0,,76,Auckland,Traffic Signals,,,,,0,0,Open,0,,,Fine,Null
1569606,5183429,25766,,592300,0,,0,1,,Null,2005/2006,RUTLAND ST,MAYS ROAD,,Minor Crash,No,2006,,East,,0,,Flat,,,,,,Bright sun,2684700,1,0,0,2,,,0,,,,,,Canterbury Region,Nil,2-way,Sealed,,0,0,,50,,Null,1,0,,60,Christchurch City,Stop,,,,,0,0,Urban,0,,,Fine,Null
1751459,5950313,25767,,505805,0,,0,2,,North,2005/2006,HIBISCUS COAST HIGHWAY,WEST HOE ROAD,,Non-Injury Crash,No,2006,,North,,0,,Flat,,,,,,Bright sun,171205,0,0,0,2,,,0,,,,,,Auckland Region,Nil,2-way,Sealed,,0,0,,50,,Off,0,0,,76,Auckland,Traffic Signals,,,,,0,0,Urban,0,,,Null,Null
1799860,5819370,25768,,529401,0,0,0,1,0,South,2005/2006,QUEENWOOD AVENUE,COLMAN ST,,Non-Injury Crash,No,2006,0,North,0,0,0,Flat,0,,0,,0,Overcast,879200,0,0,0,2,0,0,0,0,1,,0,0,Waikato Region,Nil,2-way,Sealed,0,0,0,0,50,0,Null,0,0,,16,Hamilton City,Unknown,0,0,0,0,0,0,Urban,1,0,0,Fine,Null
1831562,5860894,25769,,533901,0,0,0,1,0,East,2006/2007,PUKAHU ROAD,AWAITI ROAD,,Serious Crash,No,2006,0,West,0,0,1,Flat,0,,0,,0,Overcast,1066200,0,0,0,2,0,0,0,0,0,,0,0,Waikato Region,Nil,2-way,Sealed,0,0,1,0,100,0,None,0,0,,12,Hauraki District,Nil,0,0,0,0,0,0,Open,0,0,0,Fine,Null
1783868,5909828,25770,,525201,0,0,0,0,1,North,2006/2007,NORTH ROAD,MARK WILLIAMS PLACE,,Minor Crash,No,2006,0,North,1,0,0,Hill Road,0,,0,,0,Dark,762700,1,0,0,2,0,0,0,0,0,,0,0,Auckland Region,Nil,2-way,Sealed,0,0,0,0,100,0,None,1,0,,76,Auckland,Nil,0,0,0,0,0,0,Open,0,0,0,Heavy rain,Null
1756422,5919558,25771,,514000,0,,0,2,,South,2006/2007,HOWE ST,WHITSON TERRACE S,,Non-Injury Crash,No,2006,,North,,0,,Hill Road,,,,,,Overcast,413500,0,0,0,2,,,0,,,,,,Auckland Region,Nil,2-way,Sealed,,0,0,,50,,Null,0,0,,76,Auckland,School Patrol/warden,,,,,0,0,Urban,0,,,Light rain,Strong wind
1756080,5923518,25772,,509800,0,,0,3,,South,2005/2006,SH 1N,STAFFORD OFF NBD,,Non-Injury Crash,Yes,2006,,North,,0,,Hill Road,,Queens Birthday,,,,Dark,359100,0,0,0,4,,,0,,,,,,Auckland Region,Bridge,2-way,Sealed,,0,0,,80,,On,0,0,,76,Auckland,Nil,,,,,0,0,Open,0,,,Fine,Null
1781119,5871436,25773,,526701,0,,0,1,,West,2005/2006,MERCER FERRY ROAD,KOHEROA OVERBRIDGE,,Minor Crash,No,2006,,East,,0,,Hill Road,,,,,,Dark,844000,1,0,0,2,,,0,,,,,,Waikato Region,Nil,2-way,Sealed,,0,0,,100,,None,1,0,,13,Waikato District,Nil,,,,,0,0,Open,0,,,Mist or Fog,Null
1759454,5879817,25774,,521152,0,0,0,0,1,North,2005/2006,GLENBROOK STATION ROAD,WAIUKU ROAD,,Non-Injury Crash,No,2006,0,South,0,0,1,Flat,0,,0,,0,Bright sun,832800,0,0,0,2,0,0,0,0,0,,0,0,Auckland Region,Nil,2-way,Sealed,0,0,0,0,100,0,None,0,0,,76,Auckland,Nil,0,0,0,1,0,0,Open,1,0,0,Mist or Fog,Null
1793428,5791107,25775,,531301,0,,0,0,,North,2006/2007,SH 39,HANNING ROAD,,Serious Crash,Yes,2006,,South,,0,,Flat,,,,,,Overcast,994200,0,0,0,2,,,0,,,,,,Waikato Region,Nil,2-way,Sealed,,0,1,,100,,None,0,0,,18,Ōtorohanga District,Nil,,,,,1,0,Open,0,,,Fine,Null
1664207,5430081,25776,,580200,1,,0,0,,South,2006/2007,SH 6,NEIL ST,,Serious Crash,Yes,2006,,North,,0,,Flat,,Labour Weekend,,,,Overcast,2283102,1,0,0,2,,,0,,,1,,,Marlborough Region,Nil,2-way,Sealed,,0,1,,50,,Null,0,0,,53,Marlborough District,Nil,,,,,0,0,Urban,0,,,Light rain,Null
1759827,5922467,25777,,509400,0,0,0,2,0,North,2005/2006,HUIA ST,QUEENS PARADE,,Non-Injury Crash,No,2006,0,South,0,0,1,Hill Road,0,,0,,0,Dark,330500,0,0,0,1,0,0,0,0,1,,0,0,Auckland Region,Nil,1-way,Sealed,0,0,0,0,50,0,On,0,0,,76,Auckland,Nil,0,0,0,0,0,0,Urban,0,0,0,Fine,Null
1763329,5917699,25778,,516301,0,,0,2,,North,2005/2006,DORCHESTER ST,ST JOHNS ROAD,,Minor Crash,No,2006,,North,,0,,Hill Road,,,,,,Overcast,461200,1,0,0,2,,,0,,,,,,Auckland Region,Nil,2-way,Sealed,,0,0,,50,,Off,0,0,,76,Auckland,Nil,,,,,0,0,Urban,0,,,Fine,Null
1760425,5915691,25779,,516003,0,,0,2,,South,2006/2007,SH 1N,GREENLANE INT S,,Non-Injury Crash,Yes,2006,,North,,0,,Flat,,,,,,Bright sun,494902,0,0,0,4,,,0,,,,,,Auckland Region,Nil,1-way,Sealed,,0,0,,100,,Off,0,0,,76,Auckland,Nil,,,,,0,0,Open,1,,,Fine,Null
1823286,5529285,25780,,563200,0,,0,2,,East,2006/2007,ALBERT ST,COLLEGE ST,,Non-Injury Crash,No,2006,,South,,0,,Flat,,,,,,Overcast,1848200,0,0,0,2,,,0,,,,,,Manawatū-Whanganui Region,Nil,2-way,Sealed,,0,0,,50,,Null,0,0,,40,Palmerston North City,School Patrol/warden,,,,,0,0,Urban,0,,,Fine,Null
1572188,5180775,25781,,593501,0,0,0,1,0,West,2006/2007,AVONSIDE DRIVE,STANMORE ROAD,,Minor Crash,No,2006,0,East,0,0,0,Flat,0,,0,,0,Dark,2611000,1,0,0,2,0,0,0,0,0,,0,0,Canterbury Region,Nil,2-way,Sealed,0,0,0,0,50,0,On,0,0,,60,Christchurch City,Unknown,0,0,0,1,0,0,Urban,0,0,0,Fine,Null
1768686,5911162,25782,,523112,0,0,0,3,0,Null,2006/2007,CRYERS ROAD,TRUGOOD DRIVE,,Non-Injury Crash,No,2006,0,East,0,0,0,Flat,0,,0,,0,Dark,711404,0,0,0,2,0,0,0,0,0,,0,0,Auckland Region,Nil,2-way,Sealed,0,0,0,0,50,0,On,0,0,,76,Auckland,Traffic Signals,0,0,0,0,0,0,Urban,0,1,0,Fine,Null
1272714,5011151,25783,,609032,0,,0,3,,Null,2005/2006,SH 6,MCDONNELL ROAD,,Minor Crash,Yes,2006,,East,,0,,Flat,,,,,,Bright sun,3039808,2,0,0,3,,,0,,,,,,Otago Region,Nil,2-way,Sealed,,0,0,,100,,Null,0,0,,70,Queenstown-Lakes District,Give way,,,,,0,0,Open,0,,,Fine,Null
1743050,5918508,25784,,513214,0,0,0,1,0,Null,2005/2006,MUNROE ROAD,METCALFE ROAD,,Non-Injury Crash,No,2006,0,East,1,0,0,Flat,0,,0,,0,Dark,236400,0,0,0,2,0,0,0,0,0,,0,0,Auckland Region,Nil,2-way,Sealed,0,0,0,0,50,0,On,0,0,,76,Auckland,Give way,0,0,0,0,0,0,Urban,0,0,0,Light rain,Null
1288473,5028197,25785,,609029,0,0,0,0,0,South,2005/2006,CARDRONA VALLEY ROAD,BRANCH BURN BR,,Minor Crash,No,2006,0,South,1,0,1,Flat,0,,0,,0,Overcast,3039000,4,0,0,2,0,0,0,0,0,,0,0,Otago Region,Nil,2-way,Sealed,0,0,0,0,100,0,Null,1,0,,70,Queenstown-Lakes District,Unknown,0,0,0,0,0,0,Open,0,0,0,Mist or Fog,Frost
1756426,5927148,25786,80,507900,0,,0,2,,South,2006/2007,SH 1N,NORTHCOTE OBR,,Non-Injury Crash,Yes,2006,,South,,0,,Flat,,,,,,Bright sun,303502,0,0,0,3,,,0,,,,,,Auckland Region,Nil,1-way,Sealed,,0,0,,100,,Off,0,1,,76,Auckland,Nil,,,,,0,0,Open,0,,,Fine,Null
1762273,5913761,25787,,520401,0,,0,1,,Null,2005/2006,PENROSE ROAD,GAVIN ST,,Minor Crash,No,2006,,East,,0,,Flat,,,,,,Twilight,644300,1,0,0,1,,,0,,,1,,,Auckland Region,Nil,2-way,Sealed,,0,0,,50,,Off,0,0,,76,Auckland,Give way,,,,,0,0,Urban,0,,,Fine,Null
1769671,5914743,25788,,522711,0,,0,2,,Null,2005/2006,PAKURANGA ROAD,DUNROBIN PLACE,,Non-Injury Crash,No,2006,,East,,0,,Flat,,,,,,Dark,680709,0,0,0,2,,,0,,,,,,Auckland Region,Nil,2-way,Sealed,,0,0,,50,,On,0,0,,76,Auckland,Traffic Signals,,,,,0,0,Urban,0,,,Fine,Null
1719629,6047050,25789,,502800,1,,0,0,,Null,2006/2007,KAMO ROAD,DEVERON ST,,Minor Crash,No,2006,,South,,0,,Flat,,,,,,Bright sun,96000,1,0,0,2,,,0,,,,,,Northland Region,Nil,2-way,Sealed,,0,0,,50,,Off,1,0,,2,Whangarei District,Give way,,,,,0,0,Urban,0,,,Fine,Null
1863513,5786277,25790,,535232,0,0,0,0,1,North,2006/2007,SH 5,GALAXY ROAD,,Non-Injury Crash,Yes,2006,0,North,1,0,0,Hill Road,0,,0,,0,Dark,1127602,0,0,0,2,0,0,0,0,0,,0,0,Waikato Region,Nil,2-way,Sealed,0,0,0,0,100,0,None,0,0,,19,South Waikato District,Nil,0,0,0,0,1,0,Open,0,0,0,Heavy rain,Null
1719934,6045653,25791,,503100,0,,0,1,,Null,2005/2006,DENT ST,CARRUTH ST,,Minor Crash,No,2006,,North,,0,,Flat,,,,,,Overcast,99904,1,0,1,2,,,0,,,,,,Northland Region,Nil,2-way,Sealed,,0,0,,50,,Off,0,0,,2,Whangarei District,Give way,,,,,0,0,Urban,0,,,Fine,Null
1757846,5912242,25792,,519810,0,,0,2,,South,2005/2006,BEACHCROFT AVENUE,ARTHUR ST,,Serious Crash,No,2006,,South,,0,,Flat,,,,,,Dark,602501,2,0,0,2,,,0,,,,,,Auckland Region,Nil,2-way,Sealed,,0,1,,50,,On,0,0,,76,Auckland,Nil,,,,,0,0,Urban,0,,,Fine,Null
1753891,5925652,25793,,508610,0,,0,1,,South,2006/2007,GLENFIELD ROAD,COROGLEN AVENUE,,Non-Injury Crash,No,2006,,North,,0,,Hill Road,,,,,,Bright sun,207200,0,0,0,2,,,0,,,,,,Auckland Region,Nil,2-way,Sealed,,0,0,,50,,Null,1,0,,76,Auckland,Unknown,,,,,0,0,Urban,0,,,Fine,Null
1752317,5930356,25794,,508803,0,0,0,1,0,Null,2006/2007,UPPER HARBOUR DRIVE,ALBANY HIGHWAY,,Minor Crash,No,2006,0,South,0,0,0,Hill Road,0,,0,,0,Bright sun,180858,1,0,0,3,0,0,0,0,0,,0,1,Auckland Region,Nil,2-way,Sealed,0,0,0,0,50,0,Null,0,0,,76,Auckland,Traffic Signals,0,0,0,0,0,0,Urban,0,0,0,Fine,Null
1901352,5805669,25795,,536654,0,0,0,1,1,South,2005/2006,OLD COACH ROAD,MILFORD PARK DRIVE,,Minor Crash,No,2006,0,North,0,0,0,Hill Road,0,,0,,0,Dark,1211702,1,0,0,2,0,0,0,0,0,,0,0,Bay of Plenty Region,Nil,2-way,Sealed,0,0,0,0,100,0,None,0,0,,22,Western Bay of Plenty District,Unknown,0,0,0,0,0,0,Open,0,0,0,Fine,Null
1680633,5640294,25796,,553302,0,0,0,1,0,South,2006/2007,IHAIA ROAD,WIREMU ROAD,,Minor Crash,No,2006,0,North,1,0,1,Flat,0,Christmas New Year,0,,0,Dark,1629500,1,0,0,2,0,0,0,0,0,,0,0,Taranaki Region,Nil,2-way,Sealed,0,0,0,0,100,0,None,0,0,,35,South Taranaki District,Nil,0,0,0,0,0,0,Open,0,0,0,Fine,Null
1759215,5920337,25797,,515902,0,0,1,1,0,East,2006/2007,GLADSTONE ROAD,BALFOUR ROAD,,Non-Injury Crash,No,2006,0,South,0,0,0,Hill Road,0,,0,,0,Dark,454800,0,0,0,2,0,0,0,0,1,,0,0,Auckland Region,Nil,2-way,Sealed,0,0,0,0,50,0,On,0,0,,76,Auckland,Nil,0,0,0,0,0,0,Urban,0,0,0,Null,Null
1798398,5815900,25798,,528900,0,,0,1,,East,2006/2007,NORTON ROAD,SH 1N,,Serious Crash,No,2006,,West,,0,,Flat,,,,,,Dark,915400,0,1,0,3,,,0,,,,,,Waikato Region,Nil,2-way,Sealed,,0,1,,50,,On,0,0,,16,Hamilton City,Traffic Signals,,,,,0,0,Urban,0,,,Fine,Null
1752325,5934212,25799,,508701,0,0,0,1,0,Null,2006/2007,DON MCKINNON DRIVE,APPIAN WAY,,Non-Injury Crash,No,2006,0,East,0,0,0,Flat,0,,0,,0,Bright sun,178900,0,0,0,2,0,0,0,0,0,,0,1,Auckland Region,Nil,1-way,Sealed,0,0,0,0,50,0,Off,0,0,,76,Auckland,Nil,0,0,0,0,0,0,Urban,0,0,0,Fine,Null
1797487,5814457,25800,,528601,0,,0,1,,West,2005/2006,SH 23,POAKA AVENUE,,Non-Injury Crash,Yes,2006,,West,,0,,Flat,,,,,,Dark,920702,0,0,0,2,,,0,,,,,,Waikato Region,Nil,2-way,Sealed,,0,0,,50,,On,1,0,,16,Hamilton City,Unknown,,,,,0,0,Urban,0,,,Fine,Null
1718954,6046312,25801,,503000,0,,0,2,,North,2005/2006,SH 1N,SELWYN AVENUE,,Non-Injury Crash,Yes,2006,,South,,0,,Flat,,,,,,Overcast,97600,0,0,0,4,,,0,,,,,,Northland Region,Nil,2-way,Sealed,,0,0,,70,,Off,0,0,,2,Whangarei District,Nil,,,,,0,0,Urban,0,,,Fine,Null
1754707,5917487,25802,,517600,0,0,0,2,0,West,2005/2006,TAYLORS ROAD,MORNINGSIDE DRIVE,,Non-Injury Crash,No,2006,0,West,0,0,0,Flat,0,,0,,0,Bright sun,534700,0,0,0,2,0,0,0,0,1,,0,0,Auckland Region,Nil,2-way,Sealed,0,0,0,0,50,0,Null,0,0,,76,Auckland,Stop,0,0,0,0,0,0,Urban,0,0,0,Fine,Null
1756296,5912980,25803,,518701,0,,0,1,,East,2006/2007,SH 20,HAYR AVENUE,,Minor Crash,Yes,2006,,East,,0,,Flat,,,,,,Bright sun,569000,2,0,0,2,,,0,,,,,,Auckland Region,Nil,1-way,Sealed,,0,0,,50,,None,0,0,,76,Auckland,Nil,,,,,0,0,Urban,2,,,Fine,Null
1772882,5896386,25804,,525410,0,,0,2,,South,2006/2007,RAILWAY ST WEST,BROADWAY,,Non-Injury Crash,No,2006,,North,,0,,Flat,,,,,,Dark,793000,0,0,0,2,,,0,,,,,,Auckland Region,Nil,2-way,Sealed,,0,0,,50,,On,0,0,,76,Auckland,Give way,,,,,0,0,Urban,0,,,Fine,Null
1766733,5912838,25805,,522920,0,,0,1,,Null,2006/2007,TI RAKAU DRIVE,TIRAUMEA DRIVE,,Non-Injury Crash,No,2006,,North,,0,,Flat,,,,,,Overcast,683800,0,0,0,6,,,0,,,,,,Auckland Region,Nil,2-way,Sealed,,0,0,,60,,Off,1,0,,76,Auckland,Give way,,,,,0,0,Urban,0,,,Fine,Null
1752006,5432132,25806,25,574002,0,1,0,1,0,South,2006/2007,NGAURANGA ON NBD,CENTENNIAL SBD,,Minor Crash,Yes,2006,0,South,0,0,0,Flat,0,,0,,0,Dark,2078302,1,0,0,1,0,0,0,0,0,,0,0,Wellington Region,Bridge,1-way,Sealed,0,0,0,0,100,0,On,0,0,,47,Wellington City,Nil,0,0,0,0,0,0,Open,0,0,0,Fine,Null
1776010,5446280,25807,,566700,0,0,0,1,1,East,2006/2007,MANGAROA HILL ROAD,HILLSIDE DRIVE,,Minor Crash,No,2006,0,West,0,0,0,Hill Road,0,,0,,0,Twilight,1914000,1,0,0,2,0,0,0,0,0,,0,0,Wellington Region,Nil,2-way,Sealed,0,0,0,0,100,0,Off,0,0,,45,Upper Hutt City,Nil,0,0,0,0,0,0,Open,0,0,0,Fine,Null