X,Y,OBJECTID,advisorySpeed,areaUnitID,bicycle,bridge,bus,carStationWagon,cliffBank,crashDirectionDescription,crashFinancialYear,crashLocation1,crashLocation2,crashRoadSideRoad,crashSeverity,crashSHDescription,crashYear,debris,directionRoleDescription,ditch,fatalCount,fence,flatHill,guardRail,holiday,houseOrBuilding,intersection,kerb,light,meshblockId,minorInjuryCount,moped,motorcycle,NumberOfLanes,objectThrownOrDropped,otherObject,otherVehicleType,overBank,parkedVehicle,pedestrian,phoneBoxEtc,postOrPole,region,roadCharacter,roadLane,roadSurface,roadworks,schoolBus,seriousInjuryCount,slipOrFlood,speedLimit,strayAnimal,streetLight,suv,taxi,temporarySpeedLimit,tlaId,tlaName,trafficControl,trafficIsland,trafficSign,train,tree,truck,unknownVehicleType,urban,vanOrUtility,vehicle,waterRiver,weatherA,weatherB
1890618,5818888,25808,,536642,0,0,0,1,1,North,2005/2006,TE PUKE HIGHWAY,BELL ROAD,,Non-Injury Crash,No,2006,0,East,0,0,0,Flat,0,,0,,0,Dark,1206501,0,0,0,3,0,0,0,0,0,,0,0,Bay of Plenty Region,Nil,2-way,Sealed,0,0,0,0,100,0,None,0,0,,22,Western Bay of Plenty District,Unknown,0,0,0,0,0,0,Open,0,0,0,Fine,Null
1928597,5608169,25809,,545710,0,,0,3,,West,2006/2007,SH 50A,EVENDEN ROAD,,Fatal Crash,Yes,2006,,West,,1,,Flat,,,,,,Dark,1471201,0,0,0,2,,,0,,,1,,,Hawke's Bay Region,Nil,2-way,Sealed,,0,0,,100,,None,0,0,,30,Hastings District,Nil,,,,,0,0,Open,0,,,Fine,Null
1769945,5909854,25810,,523109,0,,0,2,,North,2006/2007,TE IRIRANGI DRIVE,SMALES ROAD,,Non-Injury Crash,No,2006,,South,,0,,Flat,,,,,,Overcast,711737,0,0,0,4,,,0,,,,,,Auckland Region,Nil,2-way,Sealed,,0,0,,50,,Off,0,0,,76,Auckland,Traffic Signals,,,,,0,0,Urban,0,,,Fine,Null
1758217,5927680,25811,,508010,0,,0,2,,East,2006/2007,THE PROMENADE,KILLARNEY ST,,Non-Injury Crash,No,2006,,South,,0,,Hill Road,,,,,,Dark,326700,0,0,0,1,,,0,,,,,,Auckland Region,Nil,1-way,Sealed,,0,0,,50,,On,0,0,,76,Auckland,Nil,,,,,0,0,Urban,0,,,Fine,Null
2039235,5707057,25812,,544802,0,,0,1,,Null,2005/2006,RUTENE ROAD,TYNDALL ROAD,,Minor Crash,No,2006,,East,,0,,Flat,,Queens Birthday,,,,Twilight,1384901,1,0,0,2,,,0,,,,,,Gisborne Region,Nil,2-way,Sealed,,0,0,,50,,Off,1,0,,28,Gisborne District,Give way,,,,,0,0,Urban,0,,,Fine,Null
1867112,5713783,25813,,541720,0,0,0,1,0,East,2006/2007,SPA ROAD,TONGARIRO ST,,Non-Injury Crash,No,2006,0,East,0,0,0,Flat,1,,0,,0,Dark,1273500,0,0,0,3,0,0,0,0,0,,0,0,Waikato Region,Nil,2-way,Sealed,0,0,0,0,50,0,On,0,0,,21,Taupo District,Unknown,1,0,0,0,0,0,Urban,0,0,0,Fine,Null
1571127,5179918,25814,,591500,0,,0,2,,Null,2006/2007,MADRAS ST,CASHEL ST,,Minor Crash,No,2006,,East,,0,,Flat,,,,,,Dark,2651800,1,0,0,4,,,0,,,,,,Canterbury Region,Nil,1-way,Sealed,,0,0,,50,,On,0,0,,60,Christchurch City,Traffic Signals,,,,,0,0,Urban,0,,,Fine,Null
1567897,5183763,25815,,591900,0,0,0,1,0,West,2006/2007,ST JAMES AVENUE,HAREWOOD ROAD,,Serious Crash,No,2006,0,East,0,0,0,Flat,0,,0,,0,Dark,2662900,0,0,0,2,0,0,0,0,0,,0,0,Canterbury Region,Nil,2-way,Sealed,0,0,2,0,50,0,On,0,0,,60,Christchurch City,Unknown,0,0,0,1,0,0,Urban,0,0,0,Fine,Null
1750472,5911727,25816,,512100,0,0,0,1,0,East,2005/2006,CONNAUGHT ST,GODLEY ROAD,,Fatal Crash,No,2006,0,West,0,2,1,Flat,0,,0,,0,Dark,289200,0,0,0,2,0,0,0,0,0,,0,0,Auckland Region,Nil,2-way,Sealed,0,0,2,0,50,0,On,0,0,,76,Auckland,Nil,0,0,0,1,0,0,Urban,0,0,0,Fine,Null
1716254,6064070,25817,,501814,0,,0,1,,Null,2005/2006,SH 1N,CORBETT ROAD,,Minor Crash,Yes,2006,,South,,0,,Hill Road,,,,,,Overcast,60700,2,0,0,2,,,0,,,,,,Northland Region,Nil,2-way,Sealed,,0,0,,100,,None,1,0,,2,Whangarei District,Nil,,,,,0,0,Open,0,,,Light rain,Null
1560730,5171490,25818,65,587849,0,,0,1,,South,2005/2006,BIRCHS ROAD,LEADLEYS ROAD,,Fatal Crash,No,2006,,North,,1,,Flat,,,,,,Overcast,2500500,0,0,1,2,,,0,,,,,,Canterbury Region,Nil,2-way,Sealed,,0,0,,100,,Null,0,0,,62,Selwyn District,Nil,,,,,0,0,Open,0,,,Fine,Null
1753045,5924144,25819,,510402,0,0,0,2,0,East,2006/2007,MAKEPIECE PLACE,PORRITT AVENUE,,Non-Injury Crash,No,2006,0,West,0,0,0,Hill Road,0,,0,,0,Bright sun,352000,0,0,0,2,0,0,0,0,1,,0,0,Auckland Region,Nil,2-way,Sealed,0,0,0,0,50,0,Off,0,0,,76,Auckland,Nil,0,0,0,0,0,0,Urban,0,0,0,Fine,Null
1751150,5915868,25820,,514401,0,,0,2,,Null,2006/2007,GREAT NORTH ROAD,HENRY ST,,Non-Injury Crash,No,2006,,South,,0,,Flat,,,,,,Bright sun,381801,0,0,0,4,,,0,,,,,,Auckland Region,Nil,2-way,Sealed,,0,0,,50,,Off,0,0,,76,Auckland,Give way,,,,,0,0,Urban,0,,,Fine,Null
1768578,5905891,25821,,523721,0,,0,2,,South,2006/2007,OTHELLO DRIVE,DAWSON ROAD,,Non-Injury Crash,No,2006,,South,,0,,Flat,,,,,,Dark,715610,0,0,0,2,,,0,,,,,,Auckland Region,Nil,2-way,Sealed,,0,0,,50,,On,0,0,,76,Auckland,Nil,,,,,0,0,Urban,0,,,Fine,Null
1917795,5648998,25822,,545912,0,0,0,0,0,North,2006/2007,SH 5,TE POHUE HOTEL,,Minor Crash,Yes,2006,0,South,0,0,0,Hill Road,0,,0,,0,Bright sun,1414504,1,0,2,2,0,0,0,1,0,,0,0,Hawke's Bay Region,Nil,2-way,Sealed,0,0,0,0,100,0,Null,1,0,,30,Hastings District,Nil,0,0,0,0,1,0,Open,0,0,0,Fine,Null
1673013,5401313,25823,,580452,0,0,0,1,0,North,2006/2007,MARLBOROUGH RIDGE DRIVE,LAKE VIEW PLACE,,Minor Crash,No,2006,0,North,0,0,0,Hill Road,0,,0,,0,Bright sun,2288303,2,0,0,2,0,0,0,1,0,,0,0,Marlborough Region,Nil,2-way,Sealed,0,0,0,0,100,0,Null,0,0,,53,Marlborough District,Nil,0,0,0,1,0,0,Open,0,0,0,Fine,Null
1782345,5925864,25824,,520801,0,,0,0,,Null,2005/2006,WHARF ROAD,BELGIUM ST,,Serious Crash,No,2006,,West,,0,,Flat,,Christmas New Year,,,,Dark,515314,1,0,0,2,,,0,,,,,,Auckland Region,Nil,2-way,Sealed,,0,1,,50,,On,1,0,,76,Auckland,Nil,,,,,0,0,Urban,0,,,Fine,Null
1823865,5774815,25825,,528000,0,,0,0,,West,2005/2006,WAIPAPA ROAD,AOTEAROA ROAD,,Minor Crash,No,2006,,East,,0,,Hill Road,,,,,,Overcast,991800,1,0,1,2,,,0,,,,,,Waikato Region,Nil,2-way,Sealed,,0,0,,100,,Null,0,0,,17,Waipa District,Unknown,,,,,0,0,Open,0,,,Fine,Null
1821056,5462133,25826,,578902,0,,0,1,,West,2006/2007,SH 2,JUDDS ROAD,,Minor Crash,Yes,2006,,East,,0,,Flat,,,,,,Overcast,2230200,1,0,0,2,,,0,,,,,,Wellington Region,Nil,2-way,Sealed,,0,0,,50,,Null,1,0,,48,Masterton District,Nil,,,,,0,0,Urban,0,,,Fine,Null
1843277,5800069,25827,85,535250,0,0,0,0,0,North,2006/2007,SH 27,LAKE ROAD,,Minor Crash,Yes,2006,0,North,0,0,0,Hill Road,0,,0,,0,Overcast,1116702,1,0,0,2,0,0,0,0,0,,0,0,Waikato Region,Nil,2-way,Sealed,0,0,0,0,100,0,None,0,0,,19,South Waikato District,Nil,0,0,0,1,1,0,Open,0,0,0,Light rain,Null
1765925,5900767,25828,,524711,0,,0,1,,North,2005/2006,ROSCOMMON ROAD,WORDSWORTH ROAD,,Serious Crash,No,2006,,South,,0,,Flat,,,,,,Dark,774505,0,0,0,2,,,0,,,1,,,Auckland Region,Nil,2-way,Sealed,,0,1,,50,,On,0,0,,76,Auckland,Unknown,,,,,0,0,Urban,0,,,Light rain,Null
1758119,5926574,25829,,508010,0,,0,3,,North,2005/2006,BURNS AVENUE,TENNYSON AVENUE,,Minor Crash,No,2006,,North,,0,,Hill Road,,,,,,Overcast,325200,1,0,0,2,,,0,,,,,,Auckland Region,Nil,2-way,Sealed,,0,0,,50,,Off,0,0,,76,Auckland,Stop,,,,,0,0,Urban,0,,,Fine,Null
1756512,5928421,25830,,507900,0,0,0,1,0,South,2005/2006,NILE ROAD,BELMONT TERRACE,,Minor Crash,No,2006,0,North,0,0,1,Flat,0,Queens Birthday,0,,1,Dark,305300,1,0,0,2,0,0,0,0,0,,0,0,Auckland Region,Nil,2-way,Sealed,0,0,0,0,50,0,On,0,0,,76,Auckland,Nil,0,0,0,0,0,0,Urban,0,0,0,Fine,Null
1769004,5915992,25831,,522730,0,,0,2,,Null,2005/2006,PRINCE REGENT DRIVE,HIMALAYA DRIVE,,Non-Injury Crash,No,2006,,East,,0,,Flat,,,,,,Overcast,679400,0,0,0,2,,,0,,,,,,Auckland Region,Nil,2-way,Sealed,,0,0,,50,,Off,0,0,,76,Auckland,Stop,,,,,0,0,Urban,0,,,Heavy rain,Null
1757975,5914782,25832,,518600,0,,0,0,,South,2005/2006,MANUKAU ROAD,PAH ROAD,,Minor Crash,No,2006,,North,,0,,Flat,,,,,,Bright sun,566400,1,0,0,4,,,0,,,1,,,Auckland Region,Nil,2-way,Sealed,,0,0,,50,,Off,0,0,,76,Auckland,Nil,,,,,0,0,Urban,1,,,Fine,Null
1747617,5915040,25833,,511602,0,0,0,2,0,South,2005/2006,BUTTERWORTH DRIVE,ROSEWARNE CRESCENT S,,Non-Injury Crash,No,2006,0,North,0,0,0,Flat,0,,0,,0,Overcast,273300,0,0,0,2,0,0,0,0,2,,0,0,Auckland Region,Nil,2-way,Sealed,0,0,0,0,50,0,Null,0,0,,76,Auckland,Unknown,0,0,0,0,0,0,Urban,1,0,0,Fine,Null
1881621,5828315,25834,,536810,0,,0,1,,Null,2006/2007,HINAU ST,MAUNGANUI ROAD,,Non-Injury Crash,No,2006,,North,,0,,Flat,,,,,,Bright sun,1203206,0,0,0,2,,,0,,,,,,Bay of Plenty Region,Nil,2-way,Sealed,,0,0,,50,,Off,0,0,,23,Tauranga City,Give way,,,,,1,0,Urban,0,,,Fine,Null
1800806,5819303,25835,,529402,0,0,0,2,0,North,2005/2006,Z CPK CHARTWELL,COMRIES ROAD,,Non-Injury Crash,No,2006,0,West,0,0,0,Flat,0,,0,,0,Bright sun,877800,0,0,0,0,0,0,0,0,1,,0,0,Waikato Region,Nil,Off road,Sealed,0,0,0,0,30,0,Off,0,0,,16,Hamilton City,Nil,0,0,0,0,0,0,Urban,0,0,0,Null,Null
1786011,5748775,25836,,531731,0,0,0,1,0,South,2006/2007,SH 3,MARAETAUA ROAD,,Non-Injury Crash,Yes,2006,0,North,1,0,0,Flat,0,,0,,0,Overcast,1011000,0,0,0,2,0,0,0,0,0,,0,0,Waikato Region,Nil,2-way,Sealed,0,0,0,0,100,0,Null,0,0,,20,Waitomo District,Unknown,0,0,0,0,0,0,Open,0,0,0,Heavy rain,Null
1751407,5934283,25837,,508701,0,,0,1,,South,2006/2007,DAIRY FLAT HIGHWAY,OTEHA VALLEY ROAD EXTENSI,,Non-Injury Crash,No,2006,,North,,0,,Flat,,,,,,Overcast,178800,0,0,0,3,,,0,,,,,,Auckland Region,Nil,2-way,Sealed,,0,0,,50,,Off,0,0,,76,Auckland,Nil,,,,,1,0,Urban,0,,,Fine,Null
1816865,5803661,25838,,527502,0,,0,1,,Null,2005/2006,SH 1B,THORNTON ROAD,,Minor Crash,Yes,2006,,South,,0,,Flat,,,,,,Bright sun,963900,1,0,0,2,,,0,,,,,,Waikato Region,Nil,2-way,Sealed,,0,0,,50,,Null,0,0,,17,Waipa District,Give way,,,,,1,0,Urban,0,,,Fine,Null
1745619,5428224,25839,,574800,0,,0,1,,Null,2006/2007,KARORI ROAD,CAMPBELL ST,,Minor Crash,No,2006,,East,,0,,Flat,,,,,,Bright sun,2107700,1,0,0,3,,,0,,,,,,Wellington Region,Nil,2-way,Sealed,,0,0,,50,,Null,1,0,,47,Wellington City,Give way,,,,,0,0,Urban,1,,,Fine,Null
1764055,5909905,25840,,521901,0,0,0,2,0,East,2006/2007,KING ST,GREAT SOUTH ROAD,,Non-Injury Crash,No,2006,0,East,0,0,0,Flat,0,,0,,0,Bright sun,783800,0,0,0,2,0,0,0,0,1,,0,0,Auckland Region,Nil,2-way,Sealed,0,0,0,0,50,0,Off,0,0,,76,Auckland,Nil,0,0,0,0,0,0,Urban,0,0,0,Fine,Null
1930796,5616522,25841,,547200,0,,0,2,,Null,2005/2006,LEE ROAD,MEEANEE ROAD,,Minor Crash,No,2006,,North,,0,,Flat,,,,,,Bright sun,1459400,3,0,0,4,,,0,,,,,,Hawke's Bay Region,Nil,2-way,Sealed,,0,0,,50,,Null,0,0,,31,Napier City,Traffic Signals,,,,,0,0,Urban,0,,,Fine,Null
1756448,5927103,25842,,507900,0,,0,2,,South,2006/2007,SH 1N,NORTHCOTE OBR,,Non-Injury Crash,Yes,2006,,South,,0,,Flat,,,,,,Overcast,303502,0,0,0,3,,,0,,,,,,Auckland Region,Nil,1-way,Sealed,,0,0,,100,,Off,0,0,,76,Auckland,Nil,,,,,0,0,Open,0,,,Light rain,Null
1838965,5910903,25843,,533200,0,,0,0,,West,2005/2006,SH 25,TAPU COROGLEN ROAD E,,Serious Crash,Yes,2006,,South,,0,,Hill Road,,,,,,Overcast,1047701,0,0,1,2,,,0,,,,,,Waikato Region,Nil,2-way,Sealed,,0,1,,100,,Null,0,0,,11,Thames-Coromandel District,Unknown,,,,,0,0,Open,0,,,Fine,Null
1737878,6057850,25844,,501807,0,0,0,0,0,South,2005/2006,MATAPOURI ROAD,MARINA ROAD,,Minor Crash,No,2006,0,North,0,0,0,Hill Road,0,,0,,0,Bright sun,62402,1,0,0,2,0,0,0,1,0,,0,0,Northland Region,Nil,2-way,Sealed,0,0,0,0,100,0,Null,0,0,,2,Whangarei District,Unknown,0,0,0,0,0,0,Open,1,0,0,Fine,Null
1766338,5907570,25845,,523601,0,,0,2,,Null,2005/2006,EAST TAMAKI ROAD,OTARA OFF SBD,,Non-Injury Crash,No,2006,,East,,0,,Flat,,,,,,Twilight,708500,0,0,0,4,,,0,,,,,,Auckland Region,Nil,2-way,Sealed,,0,0,,50,,On,0,0,,76,Auckland,Traffic Signals,,,,,0,0,Urban,0,,,Fine,Null
1759070,5435871,25846,,569202,0,0,0,0,0,East,2006/2007,RAILWAY AVENUE,RAILWAY OBR,,Minor Crash,No,2006,0,West,0,0,0,Flat,1,,0,,0,Twilight,1924500,2,0,1,2,0,0,0,0,0,,0,0,Wellington Region,Bridge,2-way,Sealed,0,0,0,0,50,0,On,0,0,,46,Lower Hutt City,Nil,0,0,0,0,0,0,Urban,0,0,0,Fine,Null
1571727,5180043,25847,,591700,0,,0,2,,West,2005/2006,HEREFORD ST,FITZGERALD AVENUE,,Minor Crash,No,2006,,West,,0,,Flat,,Easter,,,,Twilight,2658100,1,0,0,2,,,0,,,,,,Canterbury Region,Nil,2-way,Sealed,,0,0,,50,,Off,0,0,,60,Christchurch City,Nil,,,,,0,0,Urban,0,,,Fine,Null
1627041,6112930,25848,,500204,0,0,0,1,0,East,2006/2007,SH 1N,FRYER ROAD,,Non-Injury Crash,Yes,2006,0,South,1,0,0,Hill Road,0,,0,,0,Dark,9400,0,0,0,2,0,0,0,0,0,,0,0,Northland Region,Nil,2-way,Sealed,0,0,0,0,100,0,None,0,0,,1,Far North District,Nil,0,0,0,0,0,0,Open,0,0,0,Null,Null
1877065,5826647,25849,,537201,0,,0,1,,East,2006/2007,NGATAI ROAD,OTUMOETAI ROAD,,Serious Crash,No,2006,,East,,0,,Hill Road,,,,,,Bright sun,1154801,0,0,0,2,,,0,,,1,,,Bay of Plenty Region,Nil,2-way,Sealed,,0,1,,50,,Off,0,0,,23,Tauranga City,Nil,,,,,0,0,Urban,0,,,Fine,Null
1753259,5935203,25850,,508704,0,,0,2,,West,2006/2007,OTEHA VALLEY ROAD,MEDALLION DRIVE,,Non-Injury Crash,No,2006,,West,,0,,Flat,,,,,,Twilight,179111,0,0,0,4,,,0,,,,,,Auckland Region,Nil,2-way,Sealed,,0,0,,50,,Off,0,1,,76,Auckland,Nil,,,,,0,0,Urban,0,,,Fine,Null
1758965,5920527,25851,,514101,0,0,0,2,0,East,2006/2007,QUAY ST,TANGIHUA ST,,Serious Crash,No,2006,0,East,0,0,0,Flat,0,,0,,0,Dark,438214,2,0,0,4,0,0,0,0,0,,0,0,Auckland Region,Nil,2-way,Sealed,0,0,1,0,50,0,On,0,0,,76,Auckland,Nil,1,0,0,0,0,0,Urban,0,0,0,Fine,Null
1744220,5917545,25852,,513220,0,,0,1,,North,2005/2006,HARVEST DRIVE,STURGES ROAD,,Non-Injury Crash,No,2006,,South,,0,,Hill Road,,Christmas New Year,,,,Dark,236705,0,0,0,2,,,0,,,,,,Auckland Region,Nil,2-way,Sealed,,0,0,,50,,Off,0,0,,76,Auckland,Nil,,,,,0,0,Urban,0,,,Fine,Null
1805137,5826631,25853,,527122,0,0,0,1,0,North,2006/2007,SH 1B,GORDONTON ROAD,,Non-Injury Crash,Yes,2006,0,North,0,0,0,Flat,0,,0,,0,Dark,953800,0,0,0,2,0,0,0,1,0,,0,0,Waikato Region,Nil,2-way,Sealed,0,0,0,0,70,0,On,0,0,,13,Waikato District,Unknown,0,0,0,1,0,0,Urban,0,0,0,Light rain,Null
1767493,5904609,25854,,524604,0,,0,2,,Null,2005/2006,RONWOOD AVENUE,LEYTON WAY,,Non-Injury Crash,No,2006,,West,,0,,Flat,,,,,,Bright sun,780204,0,0,0,0,,,0,,,,,,Auckland Region,Nil,2-way,Sealed,,0,0,,50,,Off,0,0,,76,Auckland,Give way,,,,,0,0,Urban,0,,,Fine,Null
1813558,5864343,25855,,533901,0,0,0,0,0,South,2005/2006,SH 27,TOREHAPE ROAD EAST,,Minor Crash,Yes,2006,0,South,0,0,1,Hill Road,0,,0,,0,Dark,1069500,1,0,0,2,0,0,0,0,0,,0,0,Waikato Region,Nil,2-way,Sealed,0,0,0,0,100,0,None,1,0,,12,Hauraki District,Nil,0,0,0,0,0,0,Open,0,0,0,Fine,Null
1768364,5906307,25856,,523711,0,,0,0,,North,2006/2007,DAWSON ROAD,HAUMIA WAY S,,Non-Injury Crash,No,2006,,North,,0,,Flat,,,,,,Bright sun,714805,0,0,0,2,,,0,,,,,,Auckland Region,Nil,2-way,Sealed,,0,0,,50,,Off,0,0,,76,Auckland,Nil,,,,,1,0,Urban,1,,,Fine,Null
1751177,5434767,25857,,573700,0,,0,1,,Null,2006/2007,MOOREFIELD ROAD,BRODERICK ROAD,,Minor Crash,No,2006,,South,,0,,Flat,,,,,,Twilight,2082700,1,0,0,2,,,0,,,,,,Wellington Region,Nil,2-way,Sealed,,0,0,,50,,On,0,0,,47,Wellington City,Traffic Signals,,,,,1,0,Urban,0,,,Fine,Null
1882866,5826725,25858,,536821,0,,0,1,,North,2006/2007,MAUNGANUI ROAD,GOLF ROAD,,Serious Crash,No,2006,,North,,0,,Flat,,Christmas New Year,,,,Bright sun,1198601,2,0,0,2,,,0,,,,,,Bay of Plenty Region,Nil,2-way,Sealed,,0,2,,70,,Off,1,0,,23,Tauranga City,Nil,,,,,0,0,Urban,0,,,Fine,Null
1574460,5179717,25859,,593700,0,,0,0,,Null,2006/2007,MCGREGORS ROAD,KEIGHLEYS ROAD,,Minor Crash,No,2006,,East,,0,,Flat,,,,,,Dark,2567200,1,0,1,2,,,0,,,,,,Canterbury Region,Nil,2-way,Sealed,,0,0,,50,,On,0,0,,60,Christchurch City,Stop,,,,,0,0,Urban,0,,,Fine,Null
1802080,5816002,25860,,530100,0,,0,1,,East,2005/2006,TE AROHA ST,BOND ST,,Minor Crash,No,2006,,East,,0,,Flat,,,,,,Bright sun,895800,1,0,1,2,,,0,,,,,,Waikato Region,Nil,2-way,Sealed,,0,0,,50,,Null,0,0,,16,Hamilton City,Nil,,,,,0,0,Urban,0,,,Fine,Null
1754126,5931391,25861,,508805,0,,0,0,,Null,2005/2006,SH 18,UPPER HWY ON SBD W,,Non-Injury Crash,Yes,2006,,West,,0,,Flat,,,,,,Bright sun,180826,0,0,0,6,,,0,,,,,,Auckland Region,Nil,2-way,Sealed,,0,0,,50,,Off,2,0,,76,Auckland,Traffic Signals,,,,,0,0,Urban,0,,,Fine,Null
1766670,5735331,25862,,531720,0,0,0,1,1,West,2005/2006,SH 3,PAEKAKA ROAD,,Minor Crash,Yes,2006,0,South,1,0,0,Hill Road,0,,0,,0,Overcast,1018500,1,0,0,2,0,0,0,0,0,,0,0,Waikato Region,Nil,2-way,Sealed,0,0,0,0,100,0,Null,0,0,,20,Waitomo District,Unknown,0,0,0,0,0,0,Open,0,0,0,Heavy rain,Null
1758140,5917844,25863,,515700,0,0,0,1,0,Null,2005/2006,GILLIES AVENUE,GILLIES OFF SBD S,,Serious Crash,Yes,2006,0,East,0,0,1,Hill Road,0,,0,,0,Overcast,443200,4,0,0,2,0,0,0,0,0,,0,0,Auckland Region,Motorway ramp,1-way,Sealed,0,0,2,0,50,0,Off,0,0,,76,Auckland,Traffic Signals,0,0,0,0,0,0,Urban,0,0,0,Light rain,Null
1754134,5924817,25864,,510500,0,0,0,3,0,West,2005/2006,ONEWA ROAD,AORANGI PLACE,,Non-Injury Crash,No,2006,0,East,0,0,0,Hill Road,0,,0,,0,Dark,355800,0,0,0,3,0,0,0,0,2,,0,0,Auckland Region,Nil,2-way,Sealed,0,0,0,0,50,0,On,0,0,,76,Auckland,Nil,0,0,0,0,0,0,Urban,0,0,0,Fine,Null
1798926,5816317,25865,,528800,0,0,0,1,0,Null,2005/2006,MATAI ROAD,MAEROA ROAD,,Minor Crash,No,2006,0,South,0,0,0,Flat,0,,0,,0,Dark,903300,1,0,0,2,0,0,0,0,0,,0,0,Waikato Region,Nil,2-way,Sealed,0,0,0,0,50,0,On,0,0,,16,Hamilton City,Give way,0,0,0,1,0,0,Urban,0,0,0,Fine,Null
1669736,6090924,25866,,501631,0,,0,1,,West,2005/2006,SETTLERS WAY,SH 1N,,Minor Crash,No,2006,,East,,0,,Flat,,,,,,Bright sun,33100,1,0,0,2,,,0,,,,,,Northland Region,Nil,2-way,Sealed,,0,0,,80,,Off,0,0,,1,Far North District,Nil,,,,,1,0,Open,0,,,Fine,Null
1898767,5811574,25867,,536651,0,,0,2,,Null,2006/2007,TE PUKE HIGHWAY,MAKETU ROAD,,Non-Injury Crash,No,2006,,South,,0,,Flat,,,,,,Dark,1211000,0,0,0,2,,,0,,,,,,Bay of Plenty Region,Nil,2-way,Sealed,,0,0,,100,,On,0,0,,22,Western Bay of Plenty District,Nil,,,,,0,0,Open,0,,,Fine,Null
1775436,5863446,25868,,526701,0,0,0,0,0,South,2006/2007,HIGHWAY 22,LOGAN ROAD,,Non-Injury Crash,No,2006,0,South,0,0,0,Hill Road,0,,0,,0,Dark,844300,0,0,0,2,0,0,0,0,0,,0,1,Waikato Region,Nil,2-way,Sealed,0,0,0,0,100,0,None,1,0,,13,Waikato District,Unknown,0,0,0,0,0,0,Open,0,0,0,Fine,Null
1758058,5915122,25869,,519300,1,,0,1,,Null,2006/2007,MANUKAU ROAD,ONSLOW AVENUE,,Minor Crash,No,2006,,North,,0,,Flat,,,,,,Dark,623600,1,0,0,3,,,0,,,,,,Auckland Region,Nil,2-way,Sealed,,0,0,,50,,On,0,0,,76,Auckland,Give way,,,,,0,0,Urban,0,,,Snow,Null
1695945,6097650,25870,,501615,0,0,0,0,0,West,2005/2006,HARURU FALLS ROAD,BAYLY ROAD,,Non-Injury Crash,No,2006,0,West,0,0,0,Flat,0,,0,,0,Bright sun,50603,0,0,0,2,0,0,0,1,0,,0,0,Northland Region,Nil,2-way,Unsealed,0,0,0,0,100,0,Off,0,0,,1,Far North District,Nil,0,0,0,1,0,0,Open,1,0,0,Fine,Null
1756554,5926887,25871,,507900,0,,0,1,,Null,2006/2007,SH 1N,NORTHCOTE ON SBD,,Minor Crash,Yes,2006,,South,,0,,Flat,,,,,,Overcast,303502,1,0,1,1,,,0,,,,,,Auckland Region,Motorway ramp,1-way,Sealed,,0,0,,80,,Off,0,0,,76,Auckland,Nil,,,,,0,0,Open,0,,,Fine,Null
1755606,5925590,25872,,509701,0,,0,2,,Null,2005/2006,RALEIGH ROAD,LAKE ROAD,,Non-Injury Crash,No,2006,,South,,0,,Flat,,,,,,Overcast,362501,0,0,0,1,,,0,,,,,,Auckland Region,Nil,2-way,Sealed,,0,0,,50,,Off,0,0,,76,Auckland,Give way,,,,,0,0,Urban,0,,,Fine,Null
1936402,5619716,25873,,546600,0,0,0,1,0,East,2006/2007,SH 2,ASHRIDGE ROAD,,Minor Crash,Yes,2006,0,East,0,0,0,Flat,0,,0,,0,Dark,1435200,1,0,0,2,0,0,0,0,1,,0,0,Hawke's Bay Region,Nil,2-way,Sealed,0,0,0,0,50,0,On,0,0,,31,Napier City,Nil,0,0,0,0,0,0,Urban,1,0,0,Light rain,Null
1801167,5811736,25874,,529300,0,0,0,1,0,North,2005/2006,BRUCE AVENUE,GLENVIEW TERRACE,,Minor Crash,No,2006,0,South,0,0,0,Flat,0,Easter,0,,0,Dark,926100,1,0,0,2,0,0,0,0,0,,0,0,Waikato Region,Nil,2-way,Unsealed,0,0,0,0,50,0,On,0,0,30,16,Hamilton City,Unknown,0,0,0,1,0,0,Urban,0,0,0,Fine,Null
1836653,5859466,25875,,534300,0,1,0,0,0,East,2005/2006,SH 26,SH 2,,Non-Injury Crash,Yes,2006,0,West,0,0,0,Flat,0,,0,,0,Twilight,1070800,0,0,0,2,0,0,0,0,0,,0,0,Waikato Region,Bridge,2-way,Sealed,0,0,0,0,50,0,None,0,0,,12,Hauraki District,Nil,0,0,0,0,0,0,Urban,1,0,0,Fine,Null
1843579,5785485,25876,,535600,0,0,0,2,0,West,2006/2007,CHARLES CRESCENT,CLOTHIER ST,,Non-Injury Crash,No,2006,0,West,0,0,0,Flat,0,Labour Weekend,0,,0,Dark,1128900,0,0,0,2,0,0,0,0,1,,0,1,Waikato Region,Nil,2-way,Sealed,0,0,0,0,50,0,On,0,0,,19,South Waikato District,Unknown,0,0,0,0,0,0,Urban,0,0,0,Fine,Null
1807114,5550440,25877,,561422,0,1,0,1,0,North,2006/2007,MINGAROA ROAD,NGAIO ROAD,,Minor Crash,No,2006,0,North,0,0,0,Hill Road,0,,0,,0,Dark,1789900,4,0,0,2,0,0,0,0,0,,0,0,Manawatū-Whanganui Region,Nil,2-way,Sealed,0,0,0,0,100,0,None,0,0,,39,Manawatu District,Nil,0,0,0,0,0,0,Open,0,0,1,Light rain,Null