X,Y,OBJECTID,advisorySpeed,areaUnitID,bicycle,bridge,bus,carStationWagon,cliffBank,crashDirectionDescription,crashFinancialYear,crashLocation1,crashLocation2,crashRoadSideRoad,crashSeverity,crashSHDescription,crashYear,debris,directionRoleDescription,ditch,fatalCount,fence,flatHill,guardRail,holiday,houseOrBuilding,intersection,kerb,light,meshblockId,minorInjuryCount,moped,motorcycle,NumberOfLanes,objectThrownOrDropped,otherObject,otherVehicleType,overBank,parkedVehicle,pedestrian,phoneBoxEtc,postOrPole,region,roadCharacter,roadLane,roadSurface,roadworks,schoolBus,seriousInjuryCount,slipOrFlood,speedLimit,strayAnimal,streetLight,suv,taxi,temporarySpeedLimit,tlaId,tlaName,trafficControl,trafficIsland,trafficSign,train,tree,truck,unknownVehicleType,urban,vanOrUtility,vehicle,waterRiver,weatherA,weatherB
1770903,5898689,25878,,523911,0,0,0,1,0,Null,2005/2006,TAKA ST,RAIL XING,,Non-Injury Crash,No,2006,0,East,0,0,0,Flat,0,,0,,0,Dark,766904,0,0,0,2,0,0,0,0,0,,0,0,Auckland Region,Rail xing,2-way,Sealed,0,0,0,0,50,0,On,0,0,,76,Auckland,Traffic Signals,0,0,1,0,0,0,Urban,0,0,0,Fine,Null
1756774,5920184,25879,,514102,0,,0,2,,Null,2006/2007,COOK ST,NELSON ST,,Non-Injury Crash,No,2006,,East,,0,,Hill Road,,,,,,Dark,434500,0,0,0,3,,,0,,,,,,Auckland Region,Motorway ramp,2-way,Sealed,,0,0,,50,,On,0,0,,76,Auckland,Traffic Signals,,,,,0,0,Urban,0,,,Fine,Null
1764868,5903313,25880,,524604,0,,0,2,,South,2005/2006,ROSCOMMON ROAD,VOGLER DRIVE,,Non-Injury Crash,No,2006,,North,,0,,Flat,,,,,,Dark,781200,0,0,0,2,,,0,,,,,,Auckland Region,Nil,1-way,Sealed,,0,0,,80,,On,0,0,,76,Auckland,Nil,,,,,0,0,Open,0,,,Fine,Null
1754957,5935066,25881,,507101,0,,0,2,,Null,2005/2006,GLENCOE ROAD,JOHN DOWNS DRIVE,,Minor Crash,No,2006,,North,,0,,Flat,,,,,,Twilight,161701,1,0,0,2,,,0,,,,,,Auckland Region,Nil,2-way,Sealed,,0,0,,50,,On,0,0,,76,Auckland,Nil,,,,,0,0,Urban,0,,,Light rain,Null
1798670,5532057,25882,,561422,0,,0,1,,North,2006/2007,SH 1N,TAIKOREA ROAD,,Minor Crash,Yes,2006,,North,,0,,Flat,,,,,,Bright sun,1785800,1,0,0,2,,,0,,,,,,Manawatū-Whanganui Region,Nil,2-way,Sealed,,0,0,,100,,Null,0,0,,39,Manawatu District,Nil,,,,,0,0,Open,0,,,Fine,Null
1796770,5833335,25883,,527123,0,0,0,0,1,South,2005/2006,SH 1B,KERIE ROAD,,Non-Injury Crash,Yes,2006,0,South,0,0,0,Flat,0,,0,,0,Bright sun,950900,0,0,0,2,0,0,0,0,0,,0,0,Waikato Region,Nil,2-way,Sealed,0,0,0,0,100,0,Null,1,0,,13,Waikato District,Unknown,0,0,0,0,0,0,Open,0,0,0,Fine,Null
1402874,4914426,25884,,605920,0,0,0,1,0,South,2006/2007,KAIKORAI VALLEY ROAD,TOWNLEYS ROAD,,Minor Crash,No,2006,0,South,0,0,0,Flat,0,,0,,0,Overcast,2954600,2,0,0,2,0,0,0,0,0,,0,1,Otago Region,Nil,2-way,Sealed,0,0,0,0,70,0,Null,0,0,,71,Dunedin City,Unknown,0,0,0,0,0,0,Urban,0,0,0,Light rain,Null
1768570,5888907,25885,,521122,0,,0,1,,East,2005/2006,SH 22,GELLERT ROAD,,Serious Crash,Yes,2006,,East,,0,,Hill Road,,,,,,Bright sun,812700,0,0,1,3,,,0,,,,,,Auckland Region,Nil,2-way,Sealed,,0,2,,100,,Off,0,0,,76,Auckland,Nil,,,,,0,0,Open,0,,,Fine,Null
2034889,5708189,25886,,544400,0,,0,1,,Null,2005/2006,SOLANDER ST,PARKINSON ST,,Minor Crash,No,2006,,West,,0,,Flat,,,,,,Dark,1375803,2,0,0,2,,,0,,,,,,Gisborne Region,Nil,2-way,Sealed,,0,0,,50,,On,0,0,,28,Gisborne District,Give way,,,,,0,0,Urban,1,,,Fine,Null
1570682,5176697,25887,,591101,0,,0,1,,South,2006/2007,COLOMBO ST,HUNTER TERRACE,,Serious Crash,No,2006,,South,,0,,Flat,,Christmas New Year,,,,Bright sun,2549300,0,0,0,2,,,0,,,1,,,Canterbury Region,Nil,2-way,Sealed,,0,1,,50,,Null,0,0,,60,Christchurch City,Nil,,,,,0,0,Urban,0,,,Fine,Null
1798325,5816420,25888,,528800,0,0,0,2,0,East,2005/2006,RATA ST,FOREST LAKE ROAD,,Non-Injury Crash,No,2006,0,East,0,0,0,Flat,0,,0,,0,Bright sun,903600,0,0,0,2,0,0,0,0,1,,0,0,Waikato Region,Nil,2-way,Sealed,0,0,0,0,50,0,Null,0,0,,16,Hamilton City,Nil,0,0,0,0,0,0,Urban,0,0,0,Fine,Null
1702252,5665657,25889,,552702,0,0,0,2,0,Null,2006/2007,SH 3,LEPPER ROAD UPPER,,Minor Crash,Yes,2006,0,East,1,0,0,Flat,1,,0,,0,Dark,1609000,1,0,0,2,0,0,0,0,0,,0,0,Taranaki Region,Nil,2-way,Sealed,0,0,0,0,100,0,Off,0,0,,33,New Plymouth District,Nil,0,0,0,0,0,0,Open,0,0,0,Fine,Null
1760520,5916211,25890,,516003,0,,0,2,,Null,2005/2006,GREEN LANE EAST,ASCOT AVENUE,,Non-Injury Crash,No,2006,,East,,0,,Flat,,,,,,Overcast,494902,0,0,0,2,,,0,,,,,,Auckland Region,Nil,2-way,Sealed,,0,0,,50,,Off,0,0,,76,Auckland,Traffic Signals,,,,,0,0,Urban,0,,,Light rain,Null
1771242,5445365,25891,,567600,0,,0,2,,Null,2005/2006,MOONSHINE ROAD,SHAKESPEARE AVENUE,,Minor Crash,No,2006,,South,,0,,Flat,,,,,,Bright sun,1890701,2,0,0,2,,,0,,,,,,Wellington Region,Nil,2-way,Sealed,,0,0,,50,,Null,0,0,,45,Upper Hutt City,Give way,,,,,0,0,Urban,0,,,Fine,Null
1748509,5427042,25892,,573101,0,,0,0,,West,2006/2007,SH 1N VIVIAN,BUTE ST,,Fatal Crash,Yes,2006,,West,,1,,Flat,,,,,,Dark,2132100,2,0,1,2,,,0,,,1,,,Wellington Region,Nil,2-way,Sealed,,0,0,,50,,On,0,0,,47,Wellington City,Nil,,,,,0,0,Urban,0,,,Fine,Null
1876294,5819800,25893,,537601,0,,0,1,,Null,2005/2006,GREERTON ROAD,CHADWICK ROAD,,Non-Injury Crash,No,2006,,South,,0,,Flat,,,,,,Overcast,1175600,0,0,0,2,,,0,,,,,,Bay of Plenty Region,Nil,2-way,Sealed,,0,0,,50,,Null,0,0,,23,Tauranga City,Give way,,,,,0,0,Urban,1,,,Light rain,Null
1738031,5924766,25894,,505700,0,0,0,1,0,South,2005/2006,WAITAKERE ROAD,HANHAM ROAD,,Minor Crash,No,2006,0,North,1,0,0,Hill Road,0,,0,,0,Dark,216402,1,0,0,2,0,0,0,0,0,,0,0,Auckland Region,Nil,2-way,Sealed,0,0,0,0,70,0,None,0,0,,76,Auckland,Nil,0,0,0,0,0,0,Urban,0,0,0,Light rain,Null
1761225,5916666,25895,,516003,0,,0,2,,Null,2006/2007,REMUERA ROAD,LADIES MILE,,Non-Injury Crash,No,2006,,West,,0,,Flat,,,,,,Overcast,495900,0,0,0,5,,,0,,,,,,Auckland Region,Nil,2-way,Sealed,,0,0,,50,,Off,0,0,,76,Auckland,Traffic Signals,,,,,0,0,Urban,0,,,Heavy rain,Null
1436231,5003097,25896,,600812,0,0,0,1,0,North,2006/2007,WHITEROCKS ROAD,SH 1S,,Minor Crash,No,2006,0,South,0,0,0,Hill Road,0,,0,,0,Dark,2831000,1,0,0,2,0,0,0,0,0,,0,0,Otago Region,Nil,2-way,Sealed,0,0,0,0,100,0,None,0,0,,68,Waitaki District,Unknown,0,0,0,1,0,0,Open,0,0,0,Fine,Null
1768148,5907750,25897,,523711,0,,0,2,,Null,2006/2007,PRESTON ROAD,ORMISTON ROAD,,Serious Crash,No,2006,,South,,0,,Flat,,,,,,Dark,713600,0,0,0,3,,,0,,,,,,Auckland Region,Nil,2-way,Sealed,,0,1,,50,,On,0,0,,76,Auckland,Traffic Signals,,,,,0,0,Urban,0,,,Light rain,Null
1935641,5650769,25898,,545911,0,,0,2,,South,2005/2006,SH 2,WAIKOAU ROAD,,Minor Crash,Yes,2006,,North,,0,,Flat,,,,,,Overcast,1415200,1,0,0,2,,,0,,,,,,Hawke's Bay Region,Nil,2-way,Sealed,,0,0,,100,,Null,0,0,,30,Hastings District,Nil,,,,,0,0,Open,0,,,Light rain,Null
1746930,5908245,25899,,512000,0,0,0,2,0,East,2006/2007,ARAMA AVENUE,SOUTH TITIRANGI ROAD,,Non-Injury Crash,No,2006,0,West,0,0,0,Flat,0,,0,,0,Bright sun,298100,0,0,0,2,0,0,0,0,1,,0,0,Auckland Region,Nil,2-way,Sealed,0,0,0,0,50,0,Off,0,0,,76,Auckland,Nil,0,0,0,0,0,0,Urban,0,0,0,Fine,Null
1867403,5713669,25900,,541720,0,,0,2,,West,2005/2006,Z CPK THE WAREHOUSE,TANIWHA ST,,Non-Injury Crash,No,2006,,North,,0,,Flat,,,,,,Overcast,1273500,0,0,0,0,,,0,,,,,,Waikato Region,Nil,Off road,Sealed,,0,0,,50,,Off,0,0,,21,Taupo District,Nil,,,,,0,0,Urban,0,,,Light rain,Null
1355024,4893317,25901,,606700,0,0,0,1,1,West,2006/2007,SH 8,PERRY ROAD,,Minor Crash,Yes,2006,0,West,0,0,0,Flat,1,,0,,0,Twilight,2982200,1,0,0,2,0,0,0,0,0,,0,0,Otago Region,Nil,2-way,Sealed,0,0,0,0,100,0,None,0,0,,72,Clutha District,Unknown,0,0,0,0,0,0,Open,0,0,0,Fine,Frost
1764037,5439080,25902,,568202,0,0,0,1,0,Null,2005/2006,HUNTER ST,HUGHS CRESCENT,,Non-Injury Crash,No,2006,0,South,0,0,0,Flat,0,,0,,0,Dark,1936900,0,0,0,2,0,0,0,0,0,,0,1,Wellington Region,Nil,2-way,Sealed,0,0,0,0,50,0,On,0,0,,46,Lower Hutt City,Nil,0,0,0,0,0,0,Urban,0,0,0,Heavy rain,Null
1983670,5669704,25903,,545500,0,,0,0,,South,2005/2006,APATU ST,OUTRAM ST,,Minor Crash,No,2006,,North,,0,,Flat,,,,,,Dark,1390700,2,0,0,2,,,0,,,,,,Hawke's Bay Region,Nil,2-way,Sealed,,0,0,,50,,On,2,0,,29,Wairoa District,Nil,,,,,0,0,Urban,0,,,Fine,Null
1831320,5531172,25904,,561902,0,0,0,1,0,East,2006/2007,SH 57,ORRS ROAD,,Fatal Crash,Yes,2006,0,East,1,1,0,Flat,0,,0,,0,Overcast,1759000,0,0,0,2,0,0,0,0,0,,0,0,Manawatū-Whanganui Region,Nil,2-way,Sealed,0,0,0,0,100,0,Null,0,0,,40,Palmerston North City,Nil,0,0,0,0,0,0,Open,0,0,1,Heavy rain,Strong wind
1769149,5914878,25905,,522730,0,,0,1,,Null,2005/2006,FORTUNES ROAD,HAYES PLACE,,Non-Injury Crash,No,2006,,North,,0,,Flat,,,,,,Bright sun,679811,0,0,0,2,,,0,,,1,,,Auckland Region,Nil,2-way,Sealed,,0,0,,50,,Off,0,0,,76,Auckland,Nil,,,,,0,0,Urban,0,,,Fine,Null
1936881,5612945,25906,,545832,0,0,0,1,0,North,2005/2006,SH 2,FARNDON ROAD,,Minor Crash,Yes,2006,1,South,0,0,0,Flat,0,,0,,0,Overcast,1404000,1,0,0,2,0,0,0,0,0,,0,0,Hawke's Bay Region,Bridge,2-way,Sealed,0,0,0,0,100,0,Null,0,0,,30,Hastings District,Nil,0,0,0,0,1,0,Open,0,0,0,Fine,Null
1268242,5005664,25907,,609035,0,0,0,1,0,East,2006/2007,REMARKABLES SKI FIELD ACC,SH 6,,Minor Crash,No,2006,0,West,0,0,0,Hill Road,0,,0,,0,Bright sun,3040001,1,0,0,2,0,0,0,1,0,,0,0,Otago Region,Nil,2-way,Unsealed,0,0,0,0,100,0,Null,0,0,,70,Queenstown-Lakes District,Unknown,0,0,0,0,0,0,Open,0,0,0,Fine,Null
1566565,5183610,25908,,592000,0,,0,1,,East,2005/2006,WAIRAKEI ROAD,GREERS ROAD,,Minor Crash,No,2006,,West,,0,,Flat,,,,,,Overcast,2668501,1,1,0,2,,,0,,,,,,Canterbury Region,Nil,2-way,Sealed,,0,0,,50,,Null,0,0,,60,Christchurch City,Unknown,,,,,0,0,Urban,0,,,Light rain,Null
1748650,5947818,25909,,506201,0,,0,2,,Null,2005/2006,SH 1N,WAINUI OBR,,Non-Injury Crash,Yes,2006,,North,,0,,Flat,,,,,,Bright sun,176603,0,0,0,2,,,0,,,,,,Auckland Region,Nil,2-way,Sealed,,0,0,,100,,Off,0,0,,76,Auckland,Nil,,,,,0,0,Open,0,,,Fine,Null
1763414,5919163,25910,,516500,0,,0,2,,Null,2005/2006,DUDLEY ROAD,GODDEN CRESCENT,,Minor Crash,No,2006,,West,,0,,Hill Road,,,,,,Overcast,502000,1,0,0,2,,,0,,,,,,Auckland Region,Nil,2-way,Sealed,,0,0,,50,,Off,0,0,,76,Auckland,Stop,,,,,0,0,Urban,0,,,Fine,Null
1889688,5771002,25911,,538832,0,,0,1,,North,2005/2006,TARAWERA ROAD,OKAREKA LOOP ROAD N,,Non-Injury Crash,No,2006,,North,,0,,Flat,,,,,,Overcast,1258401,0,0,0,2,,,0,,,,,,Bay of Plenty Region,Nil,2-way,Sealed,,0,0,,100,,Null,1,0,,24,Rotorua District,Unknown,,,,,0,0,Open,0,,,Fine,Null
1748581,5968977,25912,,505500,0,,0,2,,Null,2006/2007,SH 1N,MCKINNEY ROAD,,Serious Crash,Yes,2006,,North,,0,,Hill Road,,,,,,Overcast,140500,2,0,0,2,,,0,,,,,,Auckland Region,Nil,2-way,Sealed,,0,2,,80,,None,0,0,,76,Auckland,Nil,,,,,0,0,Open,1,,,Light rain,Null
1933622,5619564,25913,,546400,0,0,1,2,0,North,2005/2006,SH 50,TRINITY CRESCENT,,Minor Crash,Yes,2006,0,North,0,0,0,Flat,0,,0,,0,Dark,1427700,1,0,0,4,0,0,0,0,2,,0,0,Hawke's Bay Region,Nil,2-way,Sealed,0,0,0,0,50,0,On,0,0,,31,Napier City,Nil,0,0,0,0,0,0,Urban,0,0,0,Fine,Null
1719326,6045671,25914,,503100,0,,0,1,,East,2005/2006,VINE ST,BANK ST,,Non-Injury Crash,No,2006,,East,,0,,Flat,,,,,,Dark,100300,0,0,0,2,,,0,,,,,,Northland Region,Nil,2-way,Sealed,,0,0,,50,,On,1,0,,2,Whangarei District,Nil,,,,,0,0,Urban,0,,,Light rain,Null
1772098,5898035,25915,,523912,0,0,0,1,0,Null,2006/2007,PORCHESTER ROAD,WALTERS ROAD,,Non-Injury Crash,No,2006,0,South,0,0,0,Flat,0,,0,,0,Dark,765405,0,0,0,2,0,0,0,0,0,,0,1,Auckland Region,Nil,2-way,Sealed,0,0,0,0,50,0,On,0,0,,76,Auckland,Give way,0,0,0,0,0,0,Urban,0,0,0,Light rain,Null
1765149,5918473,25916,,516900,0,0,0,1,0,East,2006/2007,ST HELIERS BAY ROAD,LAMMERMOOR DRIVE,,Minor Crash,No,2006,0,West,0,0,0,Flat,0,,0,,0,Dark,465503,1,0,0,2,0,0,0,0,0,,0,1,Auckland Region,Nil,2-way,Sealed,0,0,0,0,50,0,On,0,0,,76,Auckland,Nil,0,0,0,0,0,0,Urban,0,0,0,Fine,Null
1572647,5184011,25917,,592702,0,0,0,2,0,South,2005/2006,MARSHLAND ROAD,BRIGGS ROAD,,Minor Crash,No,2006,0,North,0,0,0,Flat,0,,0,,0,Dark,2598000,2,0,0,2,0,0,0,0,1,,0,0,Canterbury Region,Nil,2-way,Sealed,0,0,0,0,50,0,On,0,0,,60,Christchurch City,Unknown,0,0,0,0,0,0,Urban,0,0,0,Fine,Null
1790931,5848610,25918,,527111,0,,0,0,,Null,2006/2007,TAHUNA ROAD,TAHUNA ON NBD,,Minor Crash,No,2006,,West,,0,,Flat,,,,,,Dark,941700,1,0,0,1,,,0,,,,,,Waikato Region,Motorway ramp,1-way,Sealed,,0,0,,50,,On,0,0,,13,Waikato District,Give way,,,,,1,0,Urban,0,,,Fine,Null
1800170,5816327,25919,,529700,0,0,0,2,0,East,2005/2006,Z CPK PAK N SAVE,MILL ST,,Non-Injury Crash,No,2006,0,East,0,0,0,Flat,0,Christmas New Year,0,,0,Bright sun,909500,0,0,0,1,0,0,0,0,1,,0,0,Waikato Region,Nil,Off road,Sealed,0,0,0,0,50,0,Off,0,0,,16,Hamilton City,Nil,0,0,0,0,0,0,Urban,0,0,0,Fine,Null
1247944,4851462,25920,,609914,0,0,0,1,0,Null,2005/2006,SH 1S,MILL ROAD N,,Minor Crash,Yes,2006,0,South,0,0,1,Flat,0,,0,,0,Dark,3091900,1,0,0,2,0,0,0,0,0,,0,0,Southland Region,Nil,2-way,Sealed,0,0,0,0,100,0,None,0,0,,75,Invercargill City,Give way,0,0,0,0,0,0,Open,0,0,0,Mist or Fog,Null
1767373,5907376,25921,,523602,0,0,0,1,0,Null,2005/2006,COBHAM CRESCENT,CROWN CRESCENT N,,Non-Injury Crash,No,2006,0,North,0,0,0,Flat,0,,0,,0,Twilight,709600,0,0,0,2,0,0,0,0,0,,0,1,Auckland Region,Nil,2-way,Sealed,0,0,0,0,50,0,Off,0,0,,76,Auckland,Nil,0,0,0,0,0,0,Urban,0,0,0,Fine,Null
1802498,5814993,25922,,530200,0,,0,2,,Null,2005/2006,GALLOWAY ST,CLYDE ST,,Non-Injury Crash,No,2006,,North,,0,,Flat,,,,,,Overcast,893300,0,0,0,2,,,0,,,,,,Waikato Region,Nil,2-way,Sealed,,0,0,,50,,Null,0,0,,16,Hamilton City,Traffic Signals,,,,,0,0,Urban,0,,,Fine,Null
1754344,5912869,25923,,518901,0,,0,2,,Null,2006/2007,RICHARDSON ROAD,PLAYFAIR ROAD,,Non-Injury Crash,No,2006,,South,,0,,Flat,,,,,,Bright sun,586000,0,0,0,4,,,0,,,,,,Auckland Region,Nil,2-way,Sealed,,0,0,,50,,Off,0,0,,76,Auckland,Stop,,,,,0,0,Urban,0,,,Fine,Null
1761770,5914034,25924,,520202,0,,0,2,,South,2005/2006,SH 1N,PENROSE INT S,,Non-Injury Crash,Yes,2006,,South,,0,,Flat,,,,,,Overcast,612800,0,0,0,3,,,0,,,,,,Auckland Region,Nil,1-way,Sealed,,0,0,,100,,Off,0,0,,76,Auckland,Nil,,,,,0,0,Open,0,,,Fine,Null
1851288,5766583,25925,,535320,0,,0,1,,North,2005/2006,SH 1N,CHAMBERS ST,,Serious Crash,Yes,2006,,South,,0,,Flat,,,,,,Dark,1138909,0,0,0,2,,,0,,,,,,Waikato Region,Bridge,2-way,Sealed,,0,1,,100,,On,0,0,,19,South Waikato District,Unknown,,,,,1,0,Open,0,,,Fine,Null
1762180,5436666,25926,,568502,0,,0,1,,Null,2006/2007,CAMBRIDGE TERRACE,NAENAE ROAD,,Minor Crash,No,2006,,North,,0,,Flat,,,,,,Bright sun,1951800,3,0,0,2,,,0,,,,,,Wellington Region,Nil,2-way,Sealed,,0,0,,50,,Null,0,0,,46,Lower Hutt City,Nil,,,,,0,0,Urban,2,,,Fine,Null
1758199,5912163,25927,,519810,1,,0,1,,Null,2005/2006,BEACHCROFT AVENUE,NORMANS HILL ROAD,,Non-Injury Crash,No,2006,,East,,0,,Flat,,,,,,Bright sun,602501,0,0,0,2,,,0,,,,,,Auckland Region,Nil,2-way,Sealed,,0,0,,50,,Off,0,0,,76,Auckland,Nil,,,,,0,0,Urban,0,,,Null,Null
1884523,5774466,25928,,540410,0,,0,0,,South,2005/2006,RANOLF ST,LAKE ROAD,,Non-Injury Crash,No,2006,,North,,0,,Flat,,,,,,Twilight,1232000,0,0,0,2,,,0,,,,,,Bay of Plenty Region,Nil,2-way,Sealed,,0,0,,50,,On,1,0,,24,Rotorua District,Unknown,,,,,0,0,Urban,1,,,Fine,Null
1891413,5813992,25929,,538501,0,,0,1,,North,2005/2006,JELLICOE ST,TE PUKE QUARRY ROAD,,Non-Injury Crash,No,2006,,South,,0,,Flat,,,,,,Overcast,1207400,0,0,0,2,,,0,,,,,,Bay of Plenty Region,Nil,2-way,Sealed,,0,0,,70,,Null,0,0,,22,Western Bay of Plenty District,Unknown,,,,,1,0,Urban,0,,,Light rain,Null
1768276,5469738,25930,,566000,0,0,0,0,0,North,2006/2007,TE ROTO DRIVE,KAPITI ROAD,,Non-Injury Crash,No,2006,0,South,0,0,0,Flat,0,,0,,0,Overcast,1999731,0,0,0,2,0,0,0,0,0,,0,0,Wellington Region,Nil,2-way,Sealed,0,0,0,0,50,0,Null,0,0,,43,Kapiti Coast District,Nil,1,1,0,0,0,0,Urban,1,0,0,Fine,Null
1834197,5884541,25931,,533603,0,1,0,0,0,North,2005/2006,SH 25A,KIRIKIRI STM BR NO2,,Minor Crash,Yes,2006,0,West,0,0,1,Hill Road,0,,0,,0,Overcast,1057304,1,0,0,2,0,0,0,0,0,,0,0,Waikato Region,Nil,2-way,Sealed,0,0,0,0,100,0,Null,1,0,,11,Thames-Coromandel District,Unknown,0,0,0,0,0,0,Open,0,0,0,Light rain,Null
1813862,5863221,25932,,533901,0,0,0,1,1,South,2005/2006,SH 27,TOREHAPE ROAD WEST,,Minor Crash,Yes,2006,0,South,0,0,0,Hill Road,0,,0,,0,Bright sun,1069401,1,0,0,2,0,0,0,0,0,,0,0,Waikato Region,Nil,2-way,Sealed,0,0,0,0,100,0,Null,0,0,,12,Hauraki District,Unknown,0,0,0,0,0,0,Open,0,0,0,Fine,Null
1287425,5003632,25933,,609031,0,0,0,1,1,North,2005/2006,SH 6,VICTORIA BR,,Minor Crash,Yes,2006,0,South,1,0,0,Hill Road,0,,0,,0,Dark,3039900,1,0,0,3,0,0,0,0,0,,0,0,Otago Region,Nil,2-way,Sealed,0,0,0,0,100,0,None,0,0,,70,Queenstown-Lakes District,Unknown,0,0,0,0,0,0,Open,0,0,0,Fine,Null
1799642,5814528,25934,,528900,0,,0,2,,Null,2006/2007,KILLARNEY ROAD,QUEENS AVENUE,,Non-Injury Crash,No,2006,,South,,0,,Flat,,,,,,Bright sun,915300,0,0,0,2,,,0,,,,,,Waikato Region,Nil,2-way,Sealed,,0,0,,50,,Null,0,0,,16,Hamilton City,Give way,,,,,0,0,Urban,0,,,Fine,Null
1440070,5003766,25935,,601030,1,,0,1,,Null,2006/2007,ITCHEN ST,WHARFE ST,,Minor Crash,No,2006,,West,,0,,Flat,,,,,,Bright sun,2838700,1,0,0,2,,,0,,,,,,Otago Region,Nil,2-way,Sealed,,0,0,,50,,Null,0,0,,68,Waitaki District,Give way,,,,,0,0,Urban,0,,,Fine,Null
1770508,5911133,25936,,523109,0,,0,2,,South,2005/2006,Z CPK BOTANY SC,TI RAKAU DRIVE,,Non-Injury Crash,No,2006,,East,,0,,Flat,,,,,,Dark,711709,0,0,0,1,,,0,,,,,,Auckland Region,Nil,Off road,Sealed,,0,0,,50,,On,0,0,,76,Auckland,Nil,,,,,0,0,Urban,0,,,Fine,Null
1751194,5915369,25937,,514401,0,,0,1,,Null,2006/2007,GREAT NORTH ROAD,RACECOURSE PARADE,,Non-Injury Crash,No,2006,,North,,0,,Flat,,,,,,Dark,382400,0,0,0,2,,,0,,,,,,Auckland Region,Nil,2-way,Sealed,,0,0,,50,,On,0,0,,76,Auckland,Give way,,,,,0,0,Urban,1,,,Fine,Null
1755499,5928305,25938,,507900,0,,0,1,,Null,2006/2007,ARCHERS ROAD,POLAND ROAD,,Minor Crash,No,2006,,East,,0,,Flat,,,,,,Overcast,305100,1,0,0,2,,,0,,,,,,Auckland Region,Nil,2-way,Sealed,,0,0,,50,,Off,1,0,,76,Auckland,Give way,,,,,0,0,Urban,0,,,Fine,Null
1203562,5030938,25939,,609011,0,,0,2,,East,2006/2007,SH 94,HOMER TUNNEL SOUTH,,Serious Crash,Yes,2006,,East,,0,,Hill Road,,,,,,Overcast,3175100,3,0,0,2,,,0,,,,,,Southland Region,Nil,2-way,Sealed,,0,1,,100,,Null,0,0,,73,Southland District,Unknown,,,,,0,0,Open,0,,,Fine,Null
1752946,5916656,25940,,517800,0,,0,1,,East,2006/2007,NEW NORTH ROAD,MOUNT ALBERT ROAD,,Serious Crash,No,2006,,South,,0,,Hill Road,,Christmas New Year,,,,Dark,527800,0,0,0,4,,,0,,,1,,,Auckland Region,Nil,2-way,Sealed,,0,1,,50,,On,0,0,,76,Auckland,Nil,,,,,0,0,Urban,0,,,Fine,Null
1768631,5901121,25941,,524901,0,,0,2,,Null,2006/2007,GREAT SOUTH ROAD,HILL ROAD,,Non-Injury Crash,No,2006,,South,,0,,Flat,,,,,,Twilight,756600,0,0,0,6,,,0,,,,,,Auckland Region,Nil,2-way,Sealed,,0,0,,50,,None,0,0,,76,Auckland,Traffic Signals,,,,,0,0,Urban,0,,,Fine,Null
1824284,5462423,25942,,578800,0,0,0,1,0,North,2006/2007,COLOMBO ROAD,WORKSOP ROAD,,Minor Crash,No,2006,0,North,0,0,1,Flat,0,,0,,0,Bright sun,2240900,1,0,0,2,0,0,0,0,0,1,0,0,Wellington Region,Nil,2-way,Sealed,0,0,0,0,50,0,Null,0,0,,48,Masterton District,Give way,0,0,0,0,0,0,Urban,0,0,0,Fine,Frost
1778092,5915726,25943,,523300,0,0,0,0,0,West,2006/2007,KARAKA ROAD,SHELLY BAY ROAD,,Non-Injury Crash,No,2006,0,East,1,0,0,Hill Road,0,,0,,0,Overcast,718800,0,0,0,2,0,0,0,0,0,,0,0,Auckland Region,Nil,2-way,Sealed,0,0,0,0,50,0,Off,1,0,,76,Auckland,Nil,0,0,0,0,0,0,Urban,0,0,0,Fine,Null
1763158,5903920,25944,,524604,0,,0,3,,West,2006/2007,SH 20B,PUHINUI OFF SBD,,Serious Crash,Yes,2006,,East,,0,,Flat,,,,,,Bright sun,780902,2,0,0,2,,,0,,,,,,Auckland Region,Nil,2-way,Sealed,,0,1,,100,,Off,0,0,,76,Auckland,Nil,,,,,0,0,Open,0,,,Fine,Null
1757107,5928966,25945,,507800,0,,0,2,,West,2006/2007,WOLSLEY AVENUE,EAST COAST ROAD,,Serious Crash,No,2006,,East,,0,,Flat,,,,,,Bright sun,307200,0,0,0,1,,,0,,,,,,Auckland Region,Nil,2-way,Sealed,,0,1,,50,,Null,0,0,,76,Auckland,Nil,,,,,0,0,Urban,0,,,Fine,Null
1764447,5918474,25946,,516602,0,,0,1,,North,2006/2007,KOHIMARAMA ROAD,HAMPTON DRIVE,,Non-Injury Crash,No,2006,,North,,0,,Hill Road,,,,,,Bright sun,508200,0,0,0,2,,,0,,,,,,Auckland Region,Nil,2-way,Sealed,,0,0,,50,,Off,1,0,,76,Auckland,Nil,,,,,0,0,Urban,0,,,Fine,Null
1572671,5199961,25947,,586129,0,,0,2,,Null,2005/2006,SH 1S,WILLIAMS ST,,Minor Crash,Yes,2006,,South,,0,,Flat,,,,,,Overcast,2447900,1,0,0,3,,,0,,,,,,Canterbury Region,Nil,2-way,Sealed,,0,0,,100,,Null,0,0,,59,Waimakariri District,Give way,,,,,0,0,Open,0,,,Fine,Null
1802988,5813633,25948,,530300,0,,0,2,,East,2005/2006,SH 1N,GALLOWAY ST,,Non-Injury Crash,Yes,2006,,West,,0,,Flat,,,,,,Overcast,883200,0,0,0,4,,,0,,,,,,Waikato Region,Nil,2-way,Sealed,,0,0,,80,,Null,0,0,,16,Hamilton City,Give way,,,,,0,0,Open,0,,,Fine,Null