X,Y,OBJECTID,advisorySpeed,areaUnitID,bicycle,bridge,bus,carStationWagon,cliffBank,crashDirectionDescription,crashFinancialYear,crashLocation1,crashLocation2,crashRoadSideRoad,crashSeverity,crashSHDescription,crashYear,debris,directionRoleDescription,ditch,fatalCount,fence,flatHill,guardRail,holiday,houseOrBuilding,intersection,kerb,light,meshblockId,minorInjuryCount,moped,motorcycle,NumberOfLanes,objectThrownOrDropped,otherObject,otherVehicleType,overBank,parkedVehicle,pedestrian,phoneBoxEtc,postOrPole,region,roadCharacter,roadLane,roadSurface,roadworks,schoolBus,seriousInjuryCount,slipOrFlood,speedLimit,strayAnimal,streetLight,suv,taxi,temporarySpeedLimit,tlaId,tlaName,trafficControl,trafficIsland,trafficSign,train,tree,truck,unknownVehicleType,urban,vanOrUtility,vehicle,waterRiver,weatherA,weatherB
2037858,5707835,25949,,544801,1,,0,1,,Null,2005/2006,SH 35,HIRINI ST,,Minor Crash,Yes,2006,,East,,0,,Flat,,,,,,Dark,1387500,1,0,0,2,,,0,,,,,,Gisborne Region,Nil,2-way,Sealed,,0,0,,50,,On,0,0,,28,Gisborne District,Give way,,,,,0,0,Urban,0,,,Fine,Null
1618758,6094991,25950,,500204,0,1,0,0,0,South,2005/2006,WHANGAPE ROAD,KAITAIA-AWAROA ROAD,,Minor Crash,No,2006,0,South,0,0,0,Flat,0,,0,,0,Dark,12102,1,0,0,1,0,0,0,0,0,,0,0,Northland Region,Bridge,2-way,Unsealed,0,0,0,0,100,0,None,0,0,,1,Far North District,Nil,0,0,0,0,0,0,Open,1,0,0,Fine,Null
1767493,5904609,25951,,524604,0,,0,2,,Null,2006/2007,LEYTON WAY,RONWOOD AVENUE,,Non-Injury Crash,No,2006,,North,,0,,Flat,,,,,,Bright sun,780204,0,0,0,2,,,0,,,,,,Auckland Region,Nil,2-way,Sealed,,0,0,,50,,Off,0,0,,76,Auckland,Give way,,,,,0,0,Urban,0,,,Fine,Null
1459221,5082117,25952,,599400,0,,0,2,,East,2005/2006,NORTH ST,REGENT ST,,Minor Crash,No,2006,,West,,0,,Flat,,,,,,Overcast,2790200,1,0,0,2,,,0,,,,,,Canterbury Region,Nil,2-way,Sealed,,0,0,,50,,Null,0,0,,64,Timaru District,Stop,,,,,0,0,Urban,0,,,Heavy rain,Null
1763163,5911877,25953,,519500,0,,0,2,,North,2006/2007,GREAT SOUTH ROAD,SYLVIA PARK ROAD,,Minor Crash,No,2006,,South,,0,,Flat,,,,,,Bright sun,622800,1,0,0,3,,,0,,,,,,Auckland Region,Nil,2-way,Sealed,,0,0,,50,,Off,0,0,,76,Auckland,Nil,,,,,0,0,Urban,0,,,Fine,Null
1619525,6124383,25954,,500208,0,0,0,1,0,West,2005/2006,WEST COAST ROAD,SH 1N,,Non-Injury Crash,No,2006,0,East,0,0,0,Flat,0,,0,,0,Overcast,2302,0,0,0,2,0,0,0,0,0,,0,1,Northland Region,Nil,2-way,Sealed,0,0,0,0,100,0,None,1,0,,1,Far North District,Nil,0,0,0,0,0,0,Open,0,0,0,Heavy rain,Strong wind
1533501,5355068,25955,,581842,0,,0,2,,South,2005/2006,SH 65,MOONLIGHT LODGE,,Minor Crash,Yes,2006,,South,,0,,Flat,,Christmas New Year,,,,Overcast,2380900,1,0,0,2,,,0,,,,,,Tasman Region,Nil,2-way,Sealed,,0,0,,100,,Null,0,0,,51,Tasman District,Nil,,,,,0,0,Open,0,,,Heavy rain,Null
1762656,5912575,25956,,519500,0,0,0,3,0,West,2006/2007,CHURCH ST,GREAT SOUTH ROAD,,Minor Crash,No,2006,0,East,0,0,0,Hill Road,0,,0,,0,Overcast,622200,1,0,0,6,0,0,0,1,0,,0,0,Auckland Region,Bridge,2-way,Sealed,0,0,0,0,50,0,Off,0,0,,76,Auckland,Nil,0,0,0,0,2,0,Urban,0,0,0,Fine,Null
1688104,5674726,25957,,551400,0,0,0,1,0,South,2006/2007,CENTENNIAL DRIVE,RANGITAKE DRIVE,,Minor Crash,No,2006,0,North,0,0,1,Flat,0,,0,,0,Dark,1556002,1,0,0,2,0,0,0,1,0,,0,0,Taranaki Region,Nil,2-way,Sealed,0,0,0,0,50,0,None,0,0,,33,New Plymouth District,Nil,0,0,0,0,0,0,Urban,0,0,0,Fine,Null
1752492,5925745,25958,,510220,0,0,0,1,0,South,2006/2007,VERBENA ROAD,CASTLETON ST,,Non-Injury Crash,No,2006,0,East,0,0,0,Hill Road,0,,0,,0,Dark,350502,0,0,0,2,0,0,0,0,0,,0,0,Auckland Region,Nil,2-way,Sealed,0,0,0,0,50,0,On,0,0,,76,Auckland,Nil,0,0,0,1,0,0,Urban,0,0,0,Heavy rain,Null
1878541,5822953,25959,,538102,0,,0,1,,Null,2006/2007,ELEVENTH AVENUE,CAMERON ROAD,,Minor Crash,No,2006,,West,,0,,Flat,,,,,,Dark,1167101,1,0,0,4,,,0,,,,,,Bay of Plenty Region,Nil,2-way,Sealed,,0,0,,50,,On,0,0,,23,Tauranga City,Traffic Signals,,,,,0,0,Urban,1,,,Fine,Null
1747237,5919867,25960,,512300,0,,0,2,,Null,2005/2006,TE ATATU OFF EBD,TE ATATU ROAD,,Non-Injury Crash,Yes,2006,,East,,0,,Flat,,,,,,Overcast,251700,0,0,0,1,,,0,,,,,,Auckland Region,Motorway ramp,1-way,Sealed,,0,0,,50,,Off,0,0,,76,Auckland,Give way,,,,,0,0,Urban,0,,,Fine,Null
1245134,4848631,25961,,611500,0,0,1,0,0,West,2005/2006,CENTRE ST,LIME ST,,Minor Crash,No,2006,0,West,0,0,0,Flat,0,,0,,0,Overcast,3140300,2,0,0,2,0,0,0,0,1,,0,0,Southland Region,Nil,2-way,Sealed,0,0,0,0,50,0,Null,1,0,,75,Invercargill City,Unknown,0,0,0,0,0,0,Urban,0,0,0,Fine,Null
1766982,5906810,25962,,523601,0,,0,1,,South,2006/2007,SH 1N,EAST TAMAKI OBR,,Minor Crash,Yes,2006,,South,,0,,Flat,,,,,,Bright sun,707400,2,0,0,3,,,0,,,,,,Auckland Region,Nil,1-way,Sealed,,0,0,,100,,Off,0,0,,76,Auckland,Nil,,,,,2,0,Open,1,,,Fine,Null
1772821,5893213,25963,,521301,0,0,0,2,0,South,2006/2007,GREAT SOUTH ROAD,GATLAND ROAD,,Non-Injury Crash,No,2006,0,North,0,0,1,Hill Road,0,,0,,0,Overcast,808608,0,0,0,2,0,0,0,0,0,,0,0,Auckland Region,Nil,2-way,Sealed,0,0,0,0,70,0,Null,0,0,,76,Auckland,Unknown,0,0,0,0,1,0,Urban,0,0,0,Fine,Strong wind
1825959,5886623,25964,,533502,0,,0,1,,Null,2006/2007,MACKAY ST,SEALEY ST,,Minor Crash,No,2006,,South,,0,,Flat,,,,,,Dark,1052600,1,0,0,2,,,0,,,,,,Waikato Region,Nil,2-way,Sealed,,0,0,,50,,On,1,0,,11,Thames-Coromandel District,Give way,,,,,0,0,Urban,0,,,Light rain,Strong wind
1636885,6110360,25965,,500202,0,0,0,1,0,West,2006/2007,SH 1N,VICTORIA VALLEY ROAD,,Serious Crash,Yes,2006,0,West,1,0,0,Flat,0,,0,,0,Overcast,6800,0,0,0,2,0,0,0,0,0,,0,0,Northland Region,Nil,2-way,Sealed,0,0,1,0,100,0,Off,0,0,,1,Far North District,Nil,0,0,0,1,0,0,Open,0,0,0,Fine,Null
1719821,6045707,25966,,503100,0,0,0,2,0,West,2005/2006,Z CPK PAK N SAVE,CARRUTH ST,,Non-Injury Crash,No,2006,0,North,0,0,0,Flat,0,,0,,0,Bright sun,99904,0,0,0,0,0,0,0,0,1,,0,0,Northland Region,Nil,Off road,Sealed,0,0,0,0,30,0,Off,0,0,,2,Whangarei District,Nil,0,0,0,0,0,0,Urban,0,0,0,Fine,Null
1879444,5824706,25967,,538201,0,0,0,1,0,Null,2005/2006,WILLOW ST,HAMILTON ST,,Minor Crash,No,2006,0,West,0,0,0,Flat,0,,0,,0,Dark,1163500,1,0,0,2,0,0,0,0,1,,0,0,Bay of Plenty Region,Nil,2-way,Sealed,0,0,0,0,50,0,On,0,0,,23,Tauranga City,Give way,0,0,0,0,0,0,Urban,1,0,0,Fine,Null
1800360,5817222,25968,,529600,0,0,0,1,0,South,2005/2006,RANFURLY AVENUE,FAIRFIELD ROAD,,Non-Injury Crash,No,2006,0,North,0,0,0,Hill Road,0,,0,,0,Bright sun,868000,0,0,0,2,0,0,0,0,1,,0,0,Waikato Region,Nil,2-way,Sealed,0,0,0,0,50,0,Null,0,0,,16,Hamilton City,Unknown,0,0,0,0,0,0,Urban,1,0,0,Fine,Null
1909606,5577720,25969,,549200,0,0,0,1,0,South,2006/2007,SH 2,HIGGINSON ST,,Minor Crash,Yes,2006,0,South,0,0,1,Flat,0,,0,,0,Twilight,1511200,2,0,0,2,0,0,0,0,0,,0,0,Hawke's Bay Region,Nil,2-way,Sealed,0,0,0,0,100,0,None,0,0,,32,Central Hawke's Bay District,Nil,0,0,0,1,0,0,Open,0,0,0,Fine,Null
1755852,5937408,25970,,506901,0,0,0,1,0,North,2005/2006,TAINUI ST,STREDWICK DRIVE,,Minor Crash,No,2006,0,North,0,0,0,Hill Road,0,,0,,0,Overcast,167700,1,0,0,2,0,0,0,0,1,1,0,1,Auckland Region,Nil,2-way,Sealed,0,0,0,0,50,0,Off,1,0,,76,Auckland,Nil,0,0,0,0,0,0,Urban,0,0,0,Light rain,Null
1776176,5580840,25971,,557300,0,,0,2,,Null,2005/2006,SOMME PARADE,BRUNSWICK ROAD,,Non-Injury Crash,No,2006,,North,,0,,Flat,,,,,,Bright sun,1709000,0,0,0,2,,,0,,,,,,Manawatū-Whanganui Region,Nil,2-way,Sealed,,0,0,,50,,Null,0,0,,37,Whanganui District,Stop,,,,,0,0,Urban,0,,,Fine,Null
1884981,5773952,25972,,540410,0,,0,2,,South,2005/2006,TUTANEKAI ST,PUKUATUA ST,,Non-Injury Crash,No,2006,,North,,0,,Flat,,,,,,Bright sun,1234200,0,0,0,2,,,0,,,,,,Bay of Plenty Region,Nil,2-way,Sealed,,0,0,,50,,Null,0,0,,24,Rotorua District,Unknown,,,,,0,0,Urban,0,,,Fine,Null
1242899,4850177,25973,,611210,1,,0,0,,Null,2005/2006,DEVERON ST,LEET ST,,Serious Crash,No,2006,,South,,0,,Flat,,,,,,Bright sun,3106300,0,0,0,2,,,0,,,,,,Southland Region,Nil,2-way,Sealed,,0,1,,50,,Null,0,0,,75,Invercargill City,Give way,,,,,0,0,Urban,1,,,Fine,Null
1824110,5463311,25974,,578600,0,,0,1,,Null,2005/2006,CHURCH ST,DIXON ST,,Minor Crash,No,2006,,West,,0,,Flat,,,,,,Bright sun,2245000,1,1,0,2,,,0,,,,,,Wellington Region,Nil,2-way,Sealed,,0,0,,50,,Null,0,0,,48,Masterton District,Give way,,,,,0,0,Urban,0,,,Fine,Null
1765426,5911615,25975,,520500,0,0,0,1,0,Null,2005/2006,BERNARD ST,KEALY ROAD,,Minor Crash,No,2006,0,West,0,0,1,Flat,0,,0,,0,Dark,635200,1,0,0,2,0,0,0,0,0,,0,1,Auckland Region,Nil,2-way,Sealed,0,0,0,0,50,0,On,0,0,,76,Auckland,Nil,0,0,0,0,0,0,Urban,0,0,0,Fine,Null
1756349,5933337,25976,,507300,0,,0,2,,North,2005/2006,LYONS AVENUE,BEACH ROAD,,Non-Injury Crash,No,2006,,North,,0,,Hill Road,,,,,,Overcast,153600,0,0,0,1,,,0,,,,,,Auckland Region,Nil,2-way,Sealed,,0,0,,50,,Off,0,0,,76,Auckland,Nil,,,,,0,0,Urban,0,,,Light rain,Null
1783524,5924322,25977,,520801,0,0,0,1,0,South,2006/2007,OBRIEN ROAD,MARGARET REEVE LANE,,Non-Injury Crash,No,2006,0,North,1,0,0,Hill Road,0,,0,,0,Dark,515603,0,0,0,2,0,0,0,0,0,,0,0,Auckland Region,Nil,2-way,Sealed,0,0,0,0,50,0,None,0,0,,76,Auckland,Nil,0,0,0,1,0,0,Urban,0,0,0,Fine,Null
1930935,5613540,25978,,545831,0,,0,2,,Null,2005/2006,SH 50,SH 50A,,Serious Crash,Yes,2006,,North,,0,,Flat,,,,,,Bright sun,1404600,2,0,0,4,,,0,,,,,,Hawke's Bay Region,Nil,2-way,Sealed,,0,1,,100,,Null,0,0,,30,Hastings District,Give way,,,,,0,0,Open,0,,,Fine,Null
1762326,5913395,25979,,520500,0,,0,2,,South,2006/2007,SH 1N,PENROSE OBR,,Non-Injury Crash,Yes,2006,,North,,0,,Flat,,,,,,Bright sun,637100,0,0,0,3,,,0,,,,,,Auckland Region,Nil,1-way,Sealed,,0,0,,100,,Off,0,0,,76,Auckland,Nil,,,,,0,0,Open,0,,,Fine,Null
1760341,5448598,25980,,565601,0,,0,1,,West,2005/2006,GRAYS ROAD,PAEKAKARIKI HILL ROAD,,Non-Injury Crash,No,2006,,East,,0,,Flat,,,,,,Bright sun,2072000,0,0,0,2,,,0,,,,,,Wellington Region,Nil,2-way,Sealed,,0,0,,80,,Null,0,0,,44,Porirua City,Nil,,,,,1,0,Open,0,,,Fine,Null
1794559,5825983,25981,,527123,0,0,0,0,0,Null,2005/2006,RIVER ROAD,LAKE ROAD,,Minor Crash,No,2006,0,West,0,0,0,Hill Road,0,,0,,0,Bright sun,952400,1,0,0,2,0,0,0,0,0,,0,0,Waikato Region,Nil,2-way,Sealed,0,0,0,0,100,0,Off,0,0,,13,Waikato District,Give way,0,1,0,1,2,0,Open,0,0,0,Fine,Null
1769910,5899366,25982,,523911,0,,0,2,,Null,2005/2006,GREAT SOUTH ROAD,SPARTAN ROAD,,Non-Injury Crash,No,2006,,South,,0,,Flat,,,,,,Bright sun,766500,0,0,0,4,,,0,,,,,,Auckland Region,Nil,2-way,Sealed,,0,0,,60,,Null,0,0,,76,Auckland,Nil,,,,,0,0,Urban,0,,,Fine,Null
1719086,6047052,25983,,502800,0,1,0,1,0,South,2006/2007,SH 1N,MANSE ST,,Minor Crash,Yes,2006,0,North,0,0,0,Flat,0,,0,,0,Dark,95700,1,0,0,4,0,0,0,0,0,,0,1,Northland Region,Nil,2-way,Sealed,0,0,0,0,50,0,On,0,0,,2,Whangarei District,Nil,1,0,0,0,0,0,Urban,0,0,0,Fine,Null
1768917,5905863,25984,,523712,0,,0,1,,Null,2006/2007,TE IRIRANGI DRIVE,DAWSON ROAD,,Serious Crash,No,2006,,East,,0,,Flat,,,,,,Dark,713013,0,0,0,6,,,0,,,,,,Auckland Region,Nil,2-way,Sealed,,0,2,,50,,On,0,0,,76,Auckland,Traffic Signals,,,,,0,0,Urban,1,,,Fine,Strong wind
1772226,5913233,25985,,523102,0,,0,1,,North,2006/2007,NICHOLAS ROAD,SANDALWOOD PLACE,,Non-Injury Crash,No,2006,,North,,0,,Flat,,,,,,Dark,711024,0,0,0,2,,,0,,,,,,Auckland Region,Nil,2-way,Sealed,,0,0,,50,,On,0,0,,76,Auckland,Nil,,,,,0,0,Urban,1,,,Fine,Null
1891633,5820760,25986,,536202,0,0,0,2,0,North,2005/2006,PARTON ROAD,TARA ROAD,,Non-Injury Crash,No,2006,0,North,0,0,0,Flat,0,,0,,0,Dark,1206806,0,0,0,2,0,0,0,0,1,,0,0,Bay of Plenty Region,Nil,2-way,Unsealed,0,0,0,0,50,0,On,0,0,30,23,Tauranga City,Unknown,0,0,0,0,0,0,Urban,0,0,0,Fine,Null
1754254,5918542,25987,,515431,0,,0,2,,Null,2005/2006,GREAT NORTH ROAD,BULLOCK TRACK,,Non-Injury Crash,No,2006,,East,,0,,Flat,,,,,,Bright sun,405000,0,0,0,2,,,0,,,,,,Auckland Region,Nil,2-way,Sealed,,0,0,,50,,Off,0,0,,76,Auckland,Give way,,,,,0,0,Urban,0,,,Fine,Null
1763099,5786584,25988,,531301,0,0,0,0,0,North,2006/2007,SH 31,BRAINE ROAD,,Serious Crash,Yes,2006,0,West,0,0,0,Flat,0,,0,,0,Bright sun,993104,1,0,0,2,0,0,0,1,0,,0,0,Waikato Region,Nil,2-way,Sealed,0,0,1,0,100,0,None,1,0,,18,Ōtorohanga District,Nil,0,0,0,1,0,0,Open,0,0,0,Fine,Frost
1758805,5919408,25989,,515902,0,,0,2,,West,2006/2007,BIRDWOOD CRESCENT,PARNELL ROAD,,Non-Injury Crash,No,2006,,West,,0,,Flat,,,,,,Bright sun,452000,0,0,0,2,,,0,,,,,,Auckland Region,Nil,2-way,Sealed,,0,0,,50,,Off,0,0,,76,Auckland,Nil,,,,,0,0,Urban,0,,,Fine,Null
1756642,5932510,25990,,507400,0,,0,2,,South,2005/2006,BEACH ROAD,WHITBY CRESCENT,,Non-Injury Crash,No,2006,,South,,0,,Hill Road,,,,,,Bright sun,149500,0,0,0,2,,,0,,,,,,Auckland Region,Nil,2-way,Sealed,,0,0,,50,,Off,0,0,,76,Auckland,Nil,,,,,0,0,Urban,0,,,Fine,Null
1752494,5933313,25991,,508807,0,,0,2,,Null,2005/2006,BUSH ROAD,ALBANY EXPRESSWAY,,Non-Injury Crash,No,2006,,North,,0,,Flat,,,,,,Bright sun,180404,0,0,0,1,,,0,,,,,,Auckland Region,Nil,1-way,Sealed,,0,0,,50,,Off,0,0,,76,Auckland,Stop,,,,,0,0,Urban,0,,,Fine,Null
1879040,5823683,25992,,538201,0,,0,2,,East,2006/2007,ARUNDEL ST,CAMERON ROAD,,Non-Injury Crash,No,2006,,West,,0,,Flat,,,,,,Bright sun,1165600,0,0,0,2,,,0,,,,,,Bay of Plenty Region,Nil,2-way,Sealed,,0,0,,50,,Null,0,0,,23,Tauranga City,Unknown,,,,,0,0,Urban,0,,,Fine,Null
1755717,5917946,25993,,517500,0,,0,2,,Null,2005/2006,NEW NORTH ROAD,SANDRINGHAM ROAD,,Minor Crash,No,2006,,West,,0,,Flat,,,,,,Dark,531300,1,0,0,4,,,0,,,,,,Auckland Region,Nil,2-way,Sealed,,0,0,,50,,On,0,1,,76,Auckland,Traffic Signals,,,,,0,0,Urban,0,,,Light rain,Null
1792527,5774647,25994,,531301,0,,0,1,,North,2005/2006,SH 31,MANGAMAHOE ROAD,,Non-Injury Crash,Yes,2006,,North,,0,,Hill Road,,,,,,Overcast,995902,0,0,0,2,,,0,,,,,,Waikato Region,Nil,2-way,Sealed,,0,0,,100,,Null,0,0,,18,Ōtorohanga District,Nil,,,,,0,0,Open,1,,,Fine,Null
1766179,5907416,25995,,522301,0,,0,1,,West,2005/2006,EAST TAMAKI ROAD,OTARA ON NBD,,Non-Injury Crash,No,2006,,East,,0,,Flat,,,,,,Bright sun,666700,0,0,0,3,,,0,,,,,,Auckland Region,Nil,2-way,Sealed,,0,0,,50,,Off,0,0,,76,Auckland,Nil,,,,,0,0,Urban,1,,,Fine,Null
1753534,5929436,25996,,508411,1,,0,1,,Null,2005/2006,GLENFIELD ROAD,JAMES ST,,Serious Crash,No,2006,,North,,0,,Hill Road,,,,,,Bright sun,184000,1,0,0,2,,,0,,,,,,Auckland Region,Nil,2-way,Sealed,,0,1,,50,,Off,0,0,,76,Auckland,Stop,,,,,0,0,Urban,0,,,Fine,Null
1757634,5915240,25997,,515802,0,,0,0,,Null,2006/2007,THE DRIVE,ONSLOW AVENUE,,Non-Injury Crash,No,2006,,South,,0,,Flat,,,,,,Overcast,448200,0,0,0,2,,,0,,,,,,Auckland Region,Nil,2-way,Sealed,,0,0,,50,,Off,1,0,,76,Auckland,Stop,,,,,0,0,Urban,1,,,Fine,Null
1242292,4851859,25998,,610800,0,0,0,1,0,South,2005/2006,SH 6,DUKE ST,,Minor Crash,Yes,2006,0,North,0,0,1,Flat,0,,0,,0,Dark,3117400,1,0,0,4,0,0,0,0,0,,0,0,Southland Region,Nil,2-way,Sealed,0,0,0,0,50,0,On,0,0,,75,Invercargill City,Unknown,1,0,0,0,0,0,Urban,0,0,0,Fine,Frost
1757308,5920451,25999,,514102,0,0,0,1,0,Null,2005/2006,VICTORIA ST WEST,ELLIOTT ST,,Non-Injury Crash,No,2006,0,East,0,0,0,Hill Road,0,,0,,0,Overcast,434000,0,0,0,5,0,0,0,0,0,,0,1,Auckland Region,Nil,2-way,Sealed,0,0,0,0,50,0,Off,0,0,,76,Auckland,Nil,0,1,0,0,0,0,Urban,0,0,0,Fine,Null
1452090,5297566,26000,,585140,0,,0,2,,Null,2005/2006,SH 6,BUCCLEUGH ST,,Minor Crash,Yes,2006,,North,,0,,Flat,,,,,,Overcast,2409100,1,0,0,2,,,0,,,,,,West Coast Region,Nil,2-way,Sealed,,0,0,,50,,Null,0,0,,56,Grey District,Give way,,,,,0,0,Urban,0,,,Fine,Null
1262736,5010736,26001,,609032,0,,0,2,,West,2005/2006,LITTLES ROAD,DOMAIN ROAD,,Minor Crash,No,2006,,West,,0,,Hill Road,,,,,,Dark,3038106,1,0,0,2,,,0,,,,,,Otago Region,Nil,2-way,Sealed,,0,0,,80,,None,0,0,,70,Queenstown-Lakes District,Nil,,,,,0,0,Open,0,,,Fine,Null
1747260,5921591,26002,,512202,0,0,0,1,0,North,2006/2007,TE ATATU ROAD,TAIKATA ROAD,,Non-Injury Crash,No,2006,0,South,0,0,0,Flat,0,,0,,0,Dark,248800,0,0,0,2,0,0,0,0,0,,0,0,Auckland Region,Nil,2-way,Sealed,0,0,0,0,50,0,On,0,0,,76,Auckland,Nil,1,0,0,0,0,0,Urban,0,0,0,Light rain,Null
1767034,5462936,26003,,566200,0,,0,2,,North,2005/2006,SH 1N,MCKAYS XING,,Serious Crash,Yes,2006,,North,,0,,Flat,,,,,,Dark,2007800,4,0,0,2,,,0,,,,,,Wellington Region,Nil,2-way,Sealed,,0,1,,100,,None,0,0,70,43,Kapiti Coast District,Nil,,,,,0,0,Open,0,,,Fine,Null
1757030,5916694,26004,,518202,0,,0,2,,South,2006/2007,MOUNT EDEN ROAD,NGAURUHOE ST,,Non-Injury Crash,No,2006,,North,,0,,Flat,,,,,,Overcast,550200,0,0,0,2,,,0,,,,,,Auckland Region,Nil,2-way,Sealed,,0,0,,50,,Off,0,0,,76,Auckland,Nil,,,,,0,0,Urban,0,,,Fine,Null
1575895,5181700,26005,,593100,0,,0,1,,Null,2005/2006,PAGES ROAD,BREEZES ROAD,,Minor Crash,No,2006,,West,,0,,Flat,,,,,,Dark,2575900,1,0,0,4,,,0,,,,,,Canterbury Region,Nil,2-way,Sealed,,0,0,,50,,On,1,0,,60,Christchurch City,Traffic Signals,,,,,0,0,Urban,0,,,Fine,Null
1751510,5914154,26006,,514402,0,0,0,0,0,West,2005/2006,WOLVERTON ST,TIVERTON ROAD,,Non-Injury Crash,No,2006,0,West,0,0,0,Flat,0,,0,,0,Bright sun,379500,0,0,0,2,0,0,0,0,0,,1,0,Auckland Region,Nil,2-way,Sealed,0,0,0,0,50,0,Off,0,0,,76,Auckland,Nil,0,0,0,0,0,0,Urban,1,0,0,Fine,Null
1756041,5927911,26007,,507900,0,,0,1,,North,2005/2006,SH 1N,NORTHCOTE ON NBD,,Non-Injury Crash,Yes,2006,,North,,0,,Flat,,,,,,Overcast,305201,0,0,0,3,,,0,,,,,,Auckland Region,Nil,1-way,Sealed,,0,0,,100,,On,1,0,,76,Auckland,Nil,,,,,0,0,Open,0,,,Fine,Null
1250452,4852694,26008,,610074,0,0,0,1,0,Null,2005/2006,KENNINGTON ROAD,WAIHOPAI RIV BR,,Minor Crash,No,2006,0,South,0,0,0,Flat,0,,0,,0,Dark,3093100,2,0,0,2,0,0,0,0,0,,0,0,Southland Region,Bridge,2-way,Sealed,0,0,0,0,70,0,None,0,0,,75,Invercargill City,Unknown,0,0,0,1,0,0,Urban,0,0,1,Light rain,Null
1757229,5435021,26009,,569900,0,0,0,2,0,Null,2005/2006,REGENT ST,HUTT ROAD,,Non-Injury Crash,No,2006,0,South,0,0,0,Flat,0,,0,,0,Overcast,2032200,0,0,0,2,0,0,0,0,1,,0,0,Wellington Region,Nil,2-way,Sealed,0,0,0,0,50,0,Null,0,0,,46,Lower Hutt City,Nil,0,0,0,0,0,0,Urban,0,0,0,Fine,Null
1332407,5058342,26010,,608302,0,0,0,1,1,North,2005/2006,SH 8,LINDIS (MORVEN) RIV BR,,Minor Crash,Yes,2006,0,South,0,0,0,Hill Road,0,,0,,0,Overcast,3028500,1,0,0,2,0,0,0,0,0,,0,0,Otago Region,Nil,2-way,Sealed,0,0,0,0,100,0,Null,0,0,,69,Central Otago District,Unknown,0,0,0,0,0,0,Open,1,0,0,Light rain,Null
1759659,5908699,26011,,524121,0,,0,1,,Null,2006/2007,WALMSLEY ROAD,HALL AVENUE,,Non-Injury Crash,No,2006,,West,,0,,Flat,,,,,,Overcast,737000,0,0,0,2,,,0,,,,,,Auckland Region,Nil,2-way,Sealed,,0,0,,50,,Off,1,0,,76,Auckland,Give way,,,,,0,0,Urban,0,,,Fine,Null
1570331,5181851,26012,,592402,0,0,0,2,0,East,2005/2006,HOLLY ROAD,SPRINGFIELD ROAD,,Minor Crash,No,2006,0,East,0,0,0,Flat,0,,0,,0,Dark,2686600,1,0,0,2,0,0,0,0,1,,0,0,Canterbury Region,Nil,2-way,Sealed,0,0,0,0,50,0,On,0,0,,60,Christchurch City,Unknown,0,0,0,0,0,0,Urban,0,0,0,Fine,Null
1874311,5820766,26013,,536514,0,,0,1,,North,2005/2006,CAMBRIDGE ROAD,WESTRIDGE DRIVE,,Non-Injury Crash,No,2006,,North,,0,,Flat,,,,,,Bright sun,1190906,0,0,0,2,,,0,,,,,,Bay of Plenty Region,Nil,2-way,Sealed,,0,0,,80,,Null,1,0,,23,Tauranga City,Unknown,,,,,0,0,Open,0,,,Fine,Null
1798782,5818194,26014,,528310,0,0,0,0,0,Null,2005/2006,FORSYTH ROAD,VARDON ROAD,,Non-Injury Crash,No,2006,0,North,0,0,0,Flat,0,,0,,1,Dark,899200,0,0,0,2,0,0,0,0,0,,0,0,Waikato Region,Nil,2-way,Sealed,0,0,0,0,50,0,On,0,0,,16,Hamilton City,Give way,0,0,0,1,0,0,Urban,1,0,0,Fine,Null
1747184,5912781,26015,,511100,0,,0,2,,Null,2005/2006,CAPTAIN SCOTT ROAD,TERRA NOVA ST,,Non-Injury Crash,No,2006,,North,,0,,Flat,,,,,,Bright sun,287900,0,0,0,2,,,0,,,,,,Auckland Region,Nil,2-way,Sealed,,0,0,,50,,Off,0,0,,76,Auckland,Give way,,,,,0,0,Urban,0,,,Fine,Null
1750230,5940533,26016,,506003,0,,0,1,,North,2006/2007,EAST COAST ROAD,BAWDEN ROAD,,Minor Crash,No,2006,,South,,0,,Flat,,,,,,Overcast,175817,1,0,0,2,,,0,,,,,,Auckland Region,Nil,2-way,Sealed,,0,0,,100,,None,0,0,,76,Auckland,Nil,,,,,0,0,Open,0,,,Heavy rain,Null
1758771,5436280,26017,,569302,0,0,0,1,0,Null,2005/2006,SH 2,NORMANDALE OBR,,Non-Injury Crash,Yes,2006,0,East,0,0,0,Flat,1,,0,,0,Bright sun,1922002,0,0,0,2,0,0,0,0,0,,0,0,Wellington Region,Nil,1-way,Sealed,0,0,0,0,100,0,Null,0,0,,46,Lower Hutt City,Nil,0,0,0,0,0,0,Open,0,0,0,Fine,Null
1751305,5433482,26018,,574303,0,0,0,0,0,South,2006/2007,SH 1N,NEWLANDS OFF NBD,,Minor Crash,Yes,2006,0,North,0,0,0,Hill Road,1,,0,,0,Bright sun,2084302,1,0,0,2,0,0,0,0,0,,0,1,Wellington Region,Nil,2-way,Sealed,0,0,0,0,80,0,Null,1,0,,47,Wellington City,Nil,0,0,0,0,0,0,Open,0,0,0,Fine,Null
1828196,5881565,26019,,533603,0,,0,3,,South,2005/2006,SH 25,KOPU ROAD,,Non-Injury Crash,Yes,2006,,South,,0,,Flat,,,,,,Overcast,1057302,0,0,0,2,,,0,,,,,,Waikato Region,Nil,2-way,Sealed,,0,0,,70,,Null,0,0,,11,Thames-Coromandel District,Unknown,,,,,0,0,Urban,0,,,Fine,Null