X,Y,OBJECTID,advisorySpeed,areaUnitID,bicycle,bridge,bus,carStationWagon,cliffBank,crashDirectionDescription,crashFinancialYear,crashLocation1,crashLocation2,crashRoadSideRoad,crashSeverity,crashSHDescription,crashYear,debris,directionRoleDescription,ditch,fatalCount,fence,flatHill,guardRail,holiday,houseOrBuilding,intersection,kerb,light,meshblockId,minorInjuryCount,moped,motorcycle,NumberOfLanes,objectThrownOrDropped,otherObject,otherVehicleType,overBank,parkedVehicle,pedestrian,phoneBoxEtc,postOrPole,region,roadCharacter,roadLane,roadSurface,roadworks,schoolBus,seriousInjuryCount,slipOrFlood,speedLimit,strayAnimal,streetLight,suv,taxi,temporarySpeedLimit,tlaId,tlaName,trafficControl,trafficIsland,trafficSign,train,tree,truck,unknownVehicleType,urban,vanOrUtility,vehicle,waterRiver,weatherA,weatherB
1810973,5827190,26020,,527111,0,,0,1,,North,2005/2006,PIAKO ROAD,WAVERLEY ROAD,,Non-Injury Crash,No,2006,,East,,0,,Flat,,,,,,Overcast,954600,0,0,0,2,,,0,,,,,,Waikato Region,Nil,2-way,Sealed,,0,0,,100,,Null,0,0,,13,Waikato District,Unknown,,,,,0,0,Open,1,,,Light rain,Null
1756834,5915899,26021,,518301,0,,0,2,,East,2006/2007,BALMORAL ROAD,MOUNT EDEN ROAD,,Non-Injury Crash,No,2006,,West,,0,,Hill Road,,,,,,Overcast,557000,0,0,0,6,,,0,,,,,,Auckland Region,Nil,2-way,Sealed,,0,0,,50,,Off,0,0,,76,Auckland,Traffic Signals,,,,,0,0,Urban,0,,,Light rain,Null
1394501,5048920,26022,85,600831,0,1,0,1,0,East,2006/2007,SH 83,AWAHOKOMO CRK BR,,Serious Crash,Yes,2006,0,East,0,0,0,Flat,0,,0,,0,Dark,2850000,0,0,0,2,0,0,0,0,0,,0,0,Canterbury Region,Nil,2-way,Sealed,0,0,1,0,100,0,None,0,0,,68,Waitaki District,Unknown,0,0,0,0,0,0,Open,0,0,0,Fine,Null
1772734,5893518,26023,,521301,0,,0,1,,South,2006/2007,GREAT SOUTH ROAD,GATLAND ROAD,,Minor Crash,No,2006,,South,,0,,Flat,,,,,,Dark,808608,1,0,0,2,,,0,,,1,,,Auckland Region,Nil,2-way,Sealed,,0,0,,70,,None,0,0,,76,Auckland,Nil,,,,,0,0,Urban,0,,,Fine,Null
1802412,5816086,26024,,530100,0,,0,2,,Null,2006/2007,TE AROHA ST,PEACHGROVE ROAD,,Non-Injury Crash,No,2006,,East,,0,,Flat,,Christmas New Year,,,,Overcast,895400,0,0,0,2,,,0,,,,,,Waikato Region,Nil,2-way,Sealed,,0,0,,50,,Null,0,0,,16,Hamilton City,Traffic Signals,,,,,0,0,Urban,0,,,Light rain,Null
1812491,5783561,26025,,527934,0,0,0,1,0,East,2006/2007,ARAPUNI ROAD,TIKI ROAD,,Minor Crash,No,2006,0,East,0,0,0,Flat,0,,0,,0,Dark,989700,1,0,0,2,0,0,0,1,0,,0,0,Waikato Region,Nil,2-way,Sealed,0,0,0,0,100,0,None,0,0,,17,Waipa District,Nil,0,0,0,1,0,0,Open,0,0,0,Fine,Null
1815076,5803647,26026,,527133,0,0,0,0,0,East,2005/2006,SH 1N,PEAKE ROAD,,Non-Injury Crash,Yes,2006,0,South,0,0,1,Flat,0,Queens Birthday,0,,0,Dark,960006,0,0,0,2,0,0,0,0,0,,0,0,Waikato Region,Nil,2-way,Sealed,0,0,0,0,100,0,None,0,0,,17,Waipa District,Unknown,0,0,0,0,0,0,Open,1,0,0,Heavy rain,Null
1755044,5929206,26027,,508420,0,,0,2,,Null,2005/2006,WAIRAU ROAD,TARGET ROAD,,Non-Injury Crash,No,2006,,South,,0,,Hill Road,,,,,,Overcast,183800,0,0,0,4,,,0,,,,,,Auckland Region,Nil,2-way,Sealed,,0,0,,50,,Off,0,0,,76,Auckland,Traffic Signals,,,,,0,0,Urban,0,,,Light rain,Null
1711138,6029142,26028,70,501811,0,0,0,1,1,South,2005/2006,WAIOTIRA ROAD,TAURAROA ROAD,,Non-Injury Crash,No,2006,0,North,1,0,0,Hill Road,0,,0,,0,Bright sun,78100,0,0,0,2,0,0,0,0,0,,0,0,Northland Region,Nil,2-way,Sealed,0,0,0,0,100,0,None,0,0,,2,Whangarei District,Nil,0,0,0,0,0,0,Open,0,0,0,Fine,Null
1754139,5931314,26029,,508805,0,,0,2,,South,2005/2006,SH 1N,CONSTELLATION OBR,,Non-Injury Crash,Yes,2006,,South,,0,,Hill Road,,,,,,Bright sun,180826,0,0,0,2,,,0,,,,,,Auckland Region,Nil,1-way,Sealed,,0,0,,100,,Off,0,0,,76,Auckland,Nil,,,,,0,0,Open,0,,,Fine,Null
1755203,5914584,26030,,518500,0,0,0,4,0,West,2005/2006,CAMBRAI AVENUE,DOMINION ROAD,,Non-Injury Crash,No,2006,0,East,0,0,0,Hill Road,0,,0,,0,Bright sun,560400,0,0,0,2,0,0,0,0,2,,0,0,Auckland Region,Nil,2-way,Sealed,0,0,0,0,50,0,Off,0,0,,76,Auckland,Nil,0,0,0,0,0,0,Urban,0,0,0,Fine,Null
1755113,5918487,26031,,515500,0,,0,1,,Null,2006/2007,GREAT NORTH ROAD,COLERIDGE ST,,Non-Injury Crash,No,2006,,East,,0,,Flat,,,,,,Bright sun,418800,0,1,0,2,,,0,,,,,,Auckland Region,Nil,2-way,Sealed,,0,0,,50,,Off,0,0,,76,Auckland,Stop,,,,,0,0,Urban,0,,,Fine,Null
1801086,5815028,26032,,529700,0,,0,2,,North,2005/2006,ALEXANDRA ST,HOOD ST,,Non-Injury Crash,No,2006,,North,,0,,Flat,,,,,,Overcast,911800,0,0,0,2,,,0,,,,,,Waikato Region,Nil,2-way,Sealed,,0,0,,50,,Null,0,0,,16,Hamilton City,Unknown,,,,,0,0,Urban,0,,,Fine,Null
1757953,5909769,26033,,524001,0,,0,1,,West,2005/2006,MUIR AVENUE,LINDIS PLACE,,Non-Injury Crash,No,2006,,West,,0,,Flat,,,,,,Dark,721100,0,0,0,2,,,0,,,,,,Auckland Region,Nil,2-way,Sealed,,0,0,,50,,On,1,0,,76,Auckland,Nil,,,,,0,0,Urban,0,,,Fine,Null
1755106,5930170,26034,,508520,0,0,0,1,0,North,2006/2007,SH 1N,SUNNYNOOK OBR,,Non-Injury Crash,Yes,2006,0,South,0,0,0,Flat,1,,0,,0,Dark,192800,0,0,0,2,0,0,0,0,0,,0,0,Auckland Region,Nil,1-way,Sealed,0,0,0,0,100,0,On,0,0,80,76,Auckland,Nil,0,0,0,0,0,0,Open,0,0,0,Fine,Null
1755143,5929111,26035,,508420,0,,0,2,,North,2005/2006,WAIRAU ROAD,DIANA DRIVE,,Non-Injury Crash,No,2006,,North,,0,,Flat,,,,,,Dark,183800,0,0,0,6,,,0,,,,,,Auckland Region,Nil,2-way,Sealed,,0,0,,50,,On,0,0,,76,Auckland,Nil,,,,,0,0,Urban,0,,,Fine,Null
1883096,5775431,26036,,539200,0,0,0,1,0,West,2005/2006,CLAYTON ROAD,SH 5,,Non-Injury Crash,No,2006,0,North,0,0,1,Flat,0,,0,,0,Dark,1221600,0,0,0,2,0,0,0,0,0,,0,1,Bay of Plenty Region,Nil,2-way,Sealed,0,0,0,0,50,0,On,0,0,,24,Rotorua District,Unknown,0,0,0,0,0,0,Urban,0,0,0,Light rain,Null
1758174,5913701,26037,,518600,0,,0,2,,North,2006/2007,MANUKAU ROAD,RAURENGA AVENUE,,Non-Injury Crash,No,2006,,South,,0,,Flat,,,,,,Bright sun,567300,0,0,0,2,,,0,,,,,,Auckland Region,Nil,2-way,Sealed,,0,0,,50,,Off,1,0,,76,Auckland,Nil,,,,,0,0,Urban,0,,,Fine,Null
1757703,5918270,26038,,518101,0,,0,2,,South,2005/2006,SH 1N,KHYBER PASS OFF NBD,,Non-Injury Crash,Yes,2006,,North,,0,,Flat,,,,,,Overcast,543000,0,0,0,5,,,0,,,,,,Auckland Region,Nil,2-way,Sealed,,0,0,,100,,Off,1,0,,76,Auckland,Nil,,,,,0,0,Open,1,,,Fine,Null
1856787,5803423,26039,,535231,0,,0,1,,East,2005/2006,SH 29,SH 28,,Non-Injury Crash,Yes,2006,,West,,0,,Hill Road,,,,,,Bright sun,1113900,0,0,0,4,,,0,,,,,,Waikato Region,Nil,2-way,Sealed,,0,0,,100,,Null,1,0,,15,Matamata-Piako District,Unknown,,,,,0,0,Open,0,,,Fine,Null
1879705,5755632,26040,55,538850,0,,0,1,,South,2006/2007,WHIRINAKI VALLEY ROAD,NICHOLSON ROAD,,Non-Injury Crash,No,2006,,North,,0,,Hill Road,,,,,,Overcast,1264000,0,0,0,2,,,0,,,,,,Waikato Region,Nil,2-way,Sealed,,0,0,,100,,None,0,0,,24,Rotorua District,Nil,,,,,0,0,Open,0,,,Heavy rain,Null
1755709,5918351,26041,,515500,0,,0,1,,West,2005/2006,SH 16,NEWTON OFF EBD,,Non-Injury Crash,Yes,2006,,East,,0,,Flat,,,,,,Bright sun,419400,0,0,0,4,,,0,,,,,,Auckland Region,Nil,1-way,Sealed,,0,0,,100,,Off,1,0,,76,Auckland,Nil,,,,,0,0,Open,0,,,Fine,Null
1785363,5925983,26042,,520801,0,0,0,0,0,Null,2005/2006,ONETANGI ROAD,TRIG HILL ROAD,,Non-Injury Crash,No,2006,0,West,0,0,0,Flat,0,,0,,1,Dark,515715,0,0,0,2,0,0,0,0,0,,0,1,Auckland Region,Nil,2-way,Sealed,0,0,0,0,50,0,On,0,0,,76,Auckland,Stop,0,0,0,1,1,0,Urban,0,0,0,Fine,Null
1750743,5915618,26043,,514802,0,,0,2,,Null,2006/2007,ROSEBANK ROAD,ASPEN ST,,Non-Injury Crash,No,2006,,East,,0,,Flat,,,,,,Bright sun,390200,0,0,0,2,,,0,,,,,,Auckland Region,Nil,2-way,Sealed,,0,0,,50,,Null,0,0,,76,Auckland,Give way,,,,,0,0,Urban,0,,,Fine,Null
1769910,5899366,26044,,523911,0,,0,1,,Null,2005/2006,GREAT SOUTH ROAD,SPARTAN ROAD,,Non-Injury Crash,No,2006,,South,,0,,Flat,,,,,,Bright sun,766500,0,0,0,4,,,0,,,,,,Auckland Region,Nil,2-way,Sealed,,0,0,,50,,Off,1,0,,76,Auckland,Stop,,,,,0,0,Urban,0,,,Fine,Null
1764478,5912940,26045,,520500,0,,0,2,,Null,2006/2007,CARBINE ROAD,SOUTH-EASTERN HIGHWAY,,Non-Injury Crash,No,2006,,West,,0,,Flat,,,,,,Bright sun,639100,0,0,0,4,,,0,,,,,,Auckland Region,Nil,1-way,Sealed,,0,0,,50,,Off,0,0,,76,Auckland,Traffic Signals,,,,,0,0,Urban,0,,,Fine,Null
1879241,5824821,26046,,538201,0,,0,1,,South,2006/2007,CAMERON ROAD,MCLEAN ST,,Non-Injury Crash,No,2006,,South,,0,,Flat,,,,,,Overcast,1163200,0,0,0,2,,,0,,,,,,Bay of Plenty Region,Nil,2-way,Sealed,,0,0,,50,,Off,1,0,,23,Tauranga City,Nil,,,,,0,0,Urban,0,,,Fine,Null
1801996,5816926,26047,,530000,0,,0,1,,Null,2005/2006,BROOKLYN ROAD,FIFTH AVENUE,,Non-Injury Crash,No,2006,,North,,0,,Flat,,,,,,Overcast,865400,0,0,0,2,,,0,,,,,,Waikato Region,Nil,2-way,Sealed,,0,0,,50,,Null,0,0,,16,Hamilton City,Give way,,,,,1,0,Urban,0,,,Light rain,Null
1762266,5918907,26048,,516400,0,,0,1,,Null,2005/2006,KEPA ROAD,NEHU ST,,Non-Injury Crash,No,2006,,East,,0,,Hill Road,,,,,,Bright sun,497700,0,0,0,2,,,0,,,,,,Auckland Region,Nil,2-way,Unsealed,,0,0,,50,,Off,1,0,,76,Auckland,Stop,,,,,0,0,Urban,0,,,Fine,Null
1755071,5917004,26049,,517701,0,0,0,2,0,North,2006/2007,SANDRINGHAM ROAD,PARRISH ROAD,,Non-Injury Crash,No,2006,0,North,0,0,0,Flat,0,,0,,0,Twilight,536900,0,0,0,2,0,0,0,0,1,,0,1,Auckland Region,Nil,2-way,Sealed,0,0,0,0,50,0,On,0,0,,76,Auckland,Nil,0,0,0,0,0,0,Urban,0,0,0,Light rain,Null
1775913,5885314,26050,,521132,0,,0,2,,South,2005/2006,SH 1N,RAMARAMA OFF NBD,,Non-Injury Crash,Yes,2006,,North,,0,,Flat,,Easter,,,,Overcast,814100,0,0,0,2,,,0,,,,,,Auckland Region,Nil,2-way,Sealed,,0,0,,100,,Off,0,0,,76,Auckland,Nil,,,,,0,0,Open,0,,,Fine,Null
1753616,5928048,26051,,508310,0,,0,2,,South,2005/2006,GLENFIELD ROAD,BENTLEY AVENUE,,Non-Injury Crash,No,2006,,North,,0,,Flat,,,,,,Bright sun,200000,0,0,0,4,,,0,,,,,,Auckland Region,Nil,Null,Sealed,,0,0,,50,,Off,0,0,,76,Auckland,Give way,,,,,0,0,Urban,0,,,Fine,Null
1844309,5820494,26052,,534604,0,0,0,1,0,South,2006/2007,WARDVILLE ROAD,ALEXANDRA ROAD,,Non-Injury Crash,No,2006,0,South,0,0,0,Flat,0,,0,,0,Dark,1110700,0,0,0,2,0,0,0,0,0,,0,0,Waikato Region,Bridge,2-way,Sealed,0,0,0,0,100,0,None,0,0,,15,Matamata-Piako District,Unknown,0,0,0,0,0,0,Open,0,0,0,Fine,Null
1754623,5911922,26053,,519001,0,0,0,2,0,North,2005/2006,DOMINION ROAD,GLASS ROAD,,Non-Injury Crash,No,2006,0,East,0,0,0,Hill Road,0,,0,,0,Dark,589300,0,0,0,2,0,0,0,0,1,,0,0,Auckland Region,Nil,2-way,Sealed,0,0,0,0,50,0,On,0,0,,76,Auckland,Nil,0,0,0,0,0,0,Urban,0,0,0,Fine,Null
1765576,5905867,26054,,522202,0,,0,2,,Null,2006/2007,ST GEORGE ST,CARRUTH ROAD,,Non-Injury Crash,No,2006,,East,,0,,Flat,,,,,,Bright sun,665000,0,0,0,2,,,0,,,,,,Auckland Region,Nil,2-way,Sealed,,0,0,,50,,Null,0,0,,76,Auckland,Give way,,,,,0,0,Urban,0,,,Fine,Null
1765947,5906437,26055,,522202,0,,0,2,,North,2006/2007,GREAT SOUTH ROAD,ST GEORGE ST,,Non-Injury Crash,No,2006,,South,,0,,Flat,,,,,,Bright sun,663900,0,0,0,4,,,0,,,,,,Auckland Region,Nil,2-way,Sealed,,0,0,,50,,Null,0,0,,76,Auckland,Traffic Signals,,,,,0,0,Urban,1,,,Fine,Null
1790623,5840656,26056,,527402,0,,0,2,,Null,2005/2006,VENNA FRY LANE,TUMATE MAHUTA DRIVE,,Non-Injury Crash,No,2006,,North,,0,,Flat,,,,,,Bright sun,946700,0,0,0,2,,,0,,,,,,Waikato Region,Nil,2-way,Sealed,,0,0,,50,,Null,0,0,,13,Waikato District,Give way,,,,,0,0,Urban,0,,,Fine,Null
1766547,5812103,26057,,526602,0,,0,2,,East,2005/2006,SH 23,MAUNGATAWHIRI ROAD,,Non-Injury Crash,Yes,2006,,East,,0,,Hill Road,,,,,,Overcast,861202,0,0,0,2,,,0,,,,,,Waikato Region,Nil,2-way,Sealed,,0,0,,100,,Null,0,0,,13,Waikato District,Unknown,,,,,0,0,Open,0,,,Light rain,Null
1767756,5891623,26058,80,521122,0,,0,1,,North,2005/2006,BLACKBRIDGE ROAD,WALTERS ROAD,,Non-Injury Crash,No,2006,,North,,0,,Flat,,,,,,Bright sun,810100,0,0,0,2,,,0,,,,,,Auckland Region,Nil,2-way,Sealed,,0,0,,100,,Off,1,0,,76,Auckland,Nil,,,,,0,0,Open,0,,,Fine,Null
1761308,5947544,26059,,505904,0,0,0,1,0,West,2005/2006,WHANGAPARAOA ROAD,EVERARD AVENUE,,Non-Injury Crash,No,2006,0,East,0,0,1,Flat,0,,0,,1,Dark,175121,0,0,0,2,0,0,0,0,0,,0,0,Auckland Region,Nil,2-way,Sealed,0,0,0,0,50,0,On,0,0,,76,Auckland,Nil,0,0,0,0,0,0,Urban,0,0,0,Fine,Null
1401655,4923289,26060,,602500,0,,0,1,,West,2006/2007,FLAGSTAFF-WHARE FLAT ROAD,ROLLINSONS ROAD,,Minor Crash,No,2006,,East,,0,,Hill Road,,,,,,Bright sun,2978800,1,0,0,2,,,0,,,,,,Otago Region,Nil,2-way,Unsealed,,0,0,,100,,Null,1,0,,71,Dunedin City,Unknown,,,,,0,0,Open,0,,,Fine,Null
1757868,5916665,26061,,515801,0,,0,2,,Null,2005/2006,GILLIES AVENUE,EPSOM AVENUE,,Non-Injury Crash,No,2006,,North,,0,,Flat,,,,,,Bright sun,445200,0,0,0,4,,,0,,,,,,Auckland Region,Nil,2-way,Sealed,,0,0,,50,,Off,0,0,,76,Auckland,Traffic Signals,,,,,0,0,Urban,0,,,Fine,Null
1756406,5918969,26062,,514200,0,,0,1,,East,2006/2007,SH 16,NEWTON OBR,,Non-Injury Crash,Yes,2006,,West,,0,,Flat,,,,,,Overcast,412800,0,0,0,3,,,0,,,,,,Auckland Region,Nil,1-way,Sealed,,0,0,,100,,Off,0,0,80,76,Auckland,Nil,,,,,1,0,Open,0,,,Fine,Null
1766730,5900874,26063,,524720,0,,0,1,,Null,2005/2006,ROWANDALE AVENUE,WORDSWORTH ROAD,,Non-Injury Crash,No,2006,,East,,0,,Flat,,,,,,Dark,775901,0,0,0,2,,,0,,,,,,Auckland Region,Nil,2-way,Sealed,,0,0,,50,,On,0,0,,76,Auckland,Give way,,,,,0,0,Urban,1,,,Fine,Null
1773000,5879581,26064,,521117,0,0,0,1,0,South,2005/2006,HARRISVILLE ROAD,LOGAN ROAD,,Non-Injury Crash,No,2006,0,South,1,0,0,Hill Road,0,,0,,0,Dark,827902,0,0,0,2,0,0,0,0,0,,0,0,Waikato Region,Nil,2-way,Sealed,0,0,0,0,100,0,None,0,0,,13,Waikato District,Nil,0,0,0,0,0,0,Open,0,0,0,Fine,Null
1908395,5753777,26065,65,538832,0,,0,0,,East,2005/2006,ASH PIT ROAD,REPUBLICAN ROAD,,Non-Injury Crash,No,2006,,West,,0,,Flat,,,,,,Overcast,1259300,0,0,0,2,,,0,,,,,,Bay of Plenty Region,Nil,2-way,Sealed,,0,0,,100,,Null,0,0,,24,Rotorua District,Unknown,,,,,1,0,Open,1,,,Mist or Fog,Null
1788598,5761204,26066,,531720,0,,0,1,,South,2005/2006,SH 3,LEE BLOCK ROAD,,Non-Injury Crash,Yes,2006,,North,,0,,Flat,,Christmas New Year,,,,Dark,1020202,0,0,0,2,,,0,,,,,,Waikato Region,Nil,2-way,Sealed,,0,0,,100,,None,0,0,,20,Waitomo District,Unknown,,,,,0,0,Open,0,,,Fine,Null
1759236,5977060,26067,,506658,0,,0,2,,South,2006/2007,OMAHA DRIVE,PIONEER CRESCENT N,,Non-Injury Crash,No,2006,,North,,0,,Flat,,,,,,Dark,138810,0,0,0,2,,,0,,,,,,Auckland Region,Nil,2-way,Sealed,,0,0,,50,,None,0,0,,76,Auckland,Nil,,,,,0,0,Urban,0,,,Fine,Null
1762271,5907061,26068,,524520,0,,0,2,,Null,2006/2007,MASSEY ROAD,BUCKLAND ROAD,,Non-Injury Crash,No,2006,,West,,0,,Flat,,,,,,Bright sun,735200,0,0,0,4,,,0,,,,,,Auckland Region,Nil,2-way,Sealed,,0,0,,50,,Off,0,0,,76,Auckland,Traffic Signals,,,,,0,0,Urban,0,,,Fine,Null
1281360,4862034,26069,85,610080,0,0,0,0,0,North,2006/2007,WYNDHAM ROAD,MIMIHAU STM BR,,Serious Crash,No,2006,0,South,0,0,1,Flat,0,,0,,0,Overcast,3054601,0,0,0,2,0,0,0,1,0,,0,0,Southland Region,Nil,2-way,Sealed,0,0,1,0,100,0,Null,0,0,,73,Southland District,Unknown,0,0,0,1,0,0,Open,1,0,1,Fine,Null
1772648,5895999,26070,,525410,0,,0,2,,West,2005/2006,WELLINGTON ST,EAST ST,,Non-Injury Crash,No,2006,,West,,0,,Flat,,,,,,Overcast,792202,0,0,0,2,,,0,,,,,,Auckland Region,Nil,2-way,Sealed,,0,0,,50,,Off,0,0,,76,Auckland,Nil,,,,,0,0,Urban,0,,,Fine,Null
1763987,5912088,26071,,520500,0,,0,2,,Null,2005/2006,MOUNT WELLINGTON HIGHWAY,CLEMOW DRIVE,,Non-Injury Crash,No,2006,,South,,0,,Flat,,,,,,Bright sun,637701,0,0,0,3,,,0,,,,,,Auckland Region,Nil,2-way,Sealed,,0,0,,50,,Null,0,0,,76,Auckland,Give way,,,,,0,0,Urban,0,,,Fine,Null
1764319,5908844,26072,,521901,0,0,0,1,0,Null,2005/2006,NGAIO ST,NGAIO ROAD,,Non-Injury Crash,No,2006,0,West,0,0,1,Hill Road,1,,0,,0,Dark,785200,0,0,0,4,0,0,0,0,0,,0,0,Auckland Region,Nil,2-way,Sealed,0,0,0,0,50,0,On,0,0,,76,Auckland,Give way,0,0,0,0,0,0,Urban,0,0,0,Fine,Null
1679567,6023279,26073,,504600,0,0,0,1,0,Null,2006/2007,GORDON ST,BOWEN ST,,Non-Injury Crash,No,2006,0,East,0,0,1,Flat,0,,0,,0,Dark,113300,0,0,0,2,0,0,0,0,0,,0,0,Northland Region,Nil,2-way,Sealed,0,0,0,0,50,0,On,0,0,,3,Kaipara District,Nil,0,0,0,0,0,0,Urban,0,0,0,Fine,Null
1744414,5919137,26074,,513302,0,0,0,0,0,Null,2006/2007,LARNOCH ROAD,POWELL PLACE,,Minor Crash,No,2006,0,East,0,0,0,Flat,0,,0,,1,Twilight,232800,2,0,1,2,0,0,0,0,0,1,0,0,Auckland Region,Nil,2-way,Sealed,0,0,0,0,50,0,On,0,0,,76,Auckland,Give way,0,0,0,0,0,0,Urban,0,0,0,Fine,Null
1803952,5813903,26075,,530700,0,,0,2,,Null,2005/2006,CAMBRIDGE ROAD,MASTERS AVENUE,,Non-Injury Crash,No,2006,,South,,0,,Flat,,,,,,Bright sun,889201,0,0,0,2,,,0,,,,,,Waikato Region,Nil,2-way,Sealed,,0,0,,50,,Null,0,0,,16,Hamilton City,Give way,,,,,0,0,Urban,0,,,Fine,Null
1769931,5909847,26076,,523113,0,,0,1,,Null,2005/2006,SMALES ROAD,TE IRIRANGI DRIVE,,Non-Injury Crash,No,2006,,East,,0,,Flat,,,,,,Bright sun,711813,0,0,0,2,,,0,,,,,,Auckland Region,Nil,2-way,Sealed,,0,0,,50,,Null,0,0,,76,Auckland,Give way,,,,,0,0,Urban,1,,,Fine,Null
1570641,5179925,26077,,591500,0,,1,0,,North,2005/2006,COLOMBO ST,CASHEL ST,,Minor Crash,No,2006,,North,,0,,Flat,,Easter,,,,Bright sun,2651400,1,0,0,2,,,0,,,1,,,Canterbury Region,Nil,2-way,Sealed,,0,0,,50,,Null,0,0,,60,Christchurch City,Traffic Signals,,,,,0,0,Urban,0,,,Fine,Null
1811001,5566530,26078,,559220,0,,0,0,,North,2006/2007,SH 1N,POREWA ROAD,,Minor Crash,Yes,2006,,South,,0,,Flat,,,,,,Dark,1730300,2,0,0,2,,,0,,,,,,Manawatū-Whanganui Region,Nil,2-way,Sealed,,0,0,,100,,None,0,0,,38,Rangitikei District,Nil,,,,,1,0,Open,0,,,Fine,Null
1769408,5900797,26079,,524902,0,,0,2,,South,2006/2007,FLEMING ST,ALFRISTON ROAD,,Minor Crash,No,2006,,South,,0,,Flat,,,,,,Dark,758300,1,0,0,2,,,0,,,,,,Auckland Region,Nil,2-way,Sealed,,0,0,,50,,On,0,1,,76,Auckland,Nil,,,,,0,0,Urban,0,,,Light rain,Null
1401442,4919393,26080,,602500,0,0,0,1,1,West,2005/2006,THREE MILE HILL ROAD,HALFWAY BUSH ROAD,,Minor Crash,No,2006,0,West,0,0,0,Hill Road,0,,0,,0,Overcast,2980800,1,0,0,2,0,0,0,0,0,,0,0,Otago Region,Nil,2-way,Sealed,0,0,0,0,100,0,Null,0,0,,71,Dunedin City,Unknown,0,0,0,0,0,0,Open,0,0,0,Light rain,Null
1771694,5894839,26081,,525530,0,0,0,1,1,East,2005/2006,GYPSY MOTH PLACE,CHICHESTER DRIVE,,Non-Injury Crash,No,2006,0,North,0,0,0,Flat,0,Christmas New Year,0,,0,Overcast,804902,0,0,0,2,0,0,0,0,0,,0,0,Auckland Region,Nil,2-way,Sealed,0,0,0,0,50,0,Off,0,0,,76,Auckland,Nil,0,0,0,0,0,0,Urban,0,0,0,Heavy rain,Null
1753579,5924748,26082,,510401,0,,0,2,,West,2005/2006,HIGHBURY BYPASS,BIRKENHEAD AVENUE,,Non-Injury Crash,No,2006,,West,,0,,Hill Road,,,,,,Dark,351201,0,0,0,3,,,0,,,,,,Auckland Region,Nil,2-way,Sealed,,0,0,,50,,On,0,0,,76,Auckland,Nil,,,,,0,0,Urban,0,,,Mist or Fog,Null
1719805,6045816,26083,,503100,0,,0,2,,Null,2006/2007,DENT ST,WALTON ST,,Non-Injury Crash,No,2006,,South,,0,,Flat,,,,,,Bright sun,99904,0,0,0,3,,,0,,,,,,Northland Region,Nil,2-way,Sealed,,0,0,,50,,Off,0,0,,2,Whangarei District,Traffic Signals,,,,,0,0,Urban,0,,,Fine,Null
1885187,5774125,26084,,540410,0,,0,2,,North,2005/2006,FENTON ST,HAUPAPA ST,,Non-Injury Crash,No,2006,,North,,0,,Flat,,,,,,Bright sun,1233500,0,0,0,2,,,0,,,,,,Bay of Plenty Region,Nil,2-way,Sealed,,0,0,,50,,Null,0,0,,24,Rotorua District,Unknown,,,,,0,0,Urban,0,,,Fine,Null
1770913,5907901,26085,,523713,0,,0,1,,West,2006/2007,STANCOMBE ROAD,BAVERSTOCK ROAD,,Serious Crash,No,2006,,East,,0,,Flat,,,,,,Bright sun,712401,0,0,1,2,,,0,,,,,,Auckland Region,Nil,2-way,Sealed,,0,1,,70,,Off,0,0,,76,Auckland,Nil,,,,,0,0,Urban,0,,,Fine,Null
1936183,5611652,26086,,545832,0,,0,2,,Null,2005/2006,SH 2,FARNDON ROAD,,Minor Crash,Yes,2006,,East,,0,,Flat,,,,,,Bright sun,1404200,2,0,0,2,,,0,,,,,,Hawke's Bay Region,Nil,2-way,Sealed,,0,0,,50,,Null,0,0,,30,Hastings District,Give way,,,,,0,0,Urban,0,,,Fine,Null
1762179,5913657,26087,,520500,0,1,0,0,0,Null,2005/2006,SH 1N,PENROSE OBR,,Non-Injury Crash,Yes,2006,0,North,0,0,0,Flat,0,,0,,0,Overcast,637100,0,0,0,2,0,0,0,0,0,,0,0,Auckland Region,Nil,1-way,Sealed,0,0,0,0,80,0,Off,0,0,,76,Auckland,Nil,0,0,0,0,1,0,Open,0,0,0,Light rain,Null
1754296,5935979,26088,,508704,0,,0,2,,East,2005/2006,OTEHA VALLEY ROAD,EAST COAST ROAD,,Non-Injury Crash,No,2006,,East,,0,,Hill Road,,,,,,Dark,178602,0,0,0,5,,,0,,,,,,Auckland Region,Nil,2-way,Sealed,,0,0,,50,,On,0,0,,76,Auckland,Nil,,,,,0,0,Urban,0,,,Heavy rain,Null
1752250,5937348,26089,,506300,0,0,0,1,0,North,2005/2006,SH 1N,OTEHA VALLEY OFF SBD,,Non-Injury Crash,Yes,2006,0,South,0,0,0,Flat,0,,0,,0,Dark,176105,0,0,0,2,0,0,0,0,0,,0,0,Auckland Region,Nil,1-way,Sealed,0,0,0,0,100,0,None,0,0,,76,Auckland,Nil,0,0,0,0,0,0,Open,0,0,0,Fine,Null
1873675,5755635,26090,,538850,0,0,0,1,1,South,2005/2006,SH 30,NICHOLSON ROAD,,Non-Injury Crash,Yes,2006,0,South,0,0,0,Hill Road,0,,0,,0,Twilight,1263100,0,0,0,2,0,0,0,0,0,,0,0,Waikato Region,Nil,2-way,Sealed,0,0,0,0,100,0,None,0,0,,24,Rotorua District,Unknown,0,0,0,0,0,0,Open,0,0,0,Heavy rain,Null