X,Y,OBJECTID,advisorySpeed,areaUnitID,bicycle,bridge,bus,carStationWagon,cliffBank,crashDirectionDescription,crashFinancialYear,crashLocation1,crashLocation2,crashRoadSideRoad,crashSeverity,crashSHDescription,crashYear,debris,directionRoleDescription,ditch,fatalCount,fence,flatHill,guardRail,holiday,houseOrBuilding,intersection,kerb,light,meshblockId,minorInjuryCount,moped,motorcycle,NumberOfLanes,objectThrownOrDropped,otherObject,otherVehicleType,overBank,parkedVehicle,pedestrian,phoneBoxEtc,postOrPole,region,roadCharacter,roadLane,roadSurface,roadworks,schoolBus,seriousInjuryCount,slipOrFlood,speedLimit,strayAnimal,streetLight,suv,taxi,temporarySpeedLimit,tlaId,tlaName,trafficControl,trafficIsland,trafficSign,train,tree,truck,unknownVehicleType,urban,vanOrUtility,vehicle,waterRiver,weatherA,weatherB
1703947,5617373,26091,35,554111,0,0,0,0,0,Null,2005/2006,OHAWE ROAD,WAIMATE ST,,Minor Crash,No,2006,0,South,1,0,0,Flat,0,Easter,0,,0,Dark,1649900,1,0,0,2,0,0,0,0,0,,0,0,Taranaki Region,Nil,2-way,Sealed,0,0,0,0,100,0,None,0,0,,35,South Taranaki District,Nil,0,0,0,0,0,0,Open,1,0,0,Fine,Null
1804103,5814113,26092,,530700,1,,0,1,,South,2006/2007,MASTERS AVENUE,MANSEL AVENUE,,Minor Crash,No,2006,,South,,0,,Hill Road,,,,,,Overcast,888900,1,0,0,2,,,0,,,,,,Waikato Region,Nil,2-way,Sealed,,0,0,,50,,Off,0,0,,16,Hamilton City,Nil,,,,,0,0,Urban,0,,,Fine,Null
1767198,5888087,26093,,521122,0,,0,1,,West,2005/2006,GLENBROOK ROAD,SH 22,,Non-Injury Crash,No,2006,,East,,0,,Hill Road,,,,,,Dark,810000,0,0,0,2,,,0,,,,,,Auckland Region,Nil,2-way,Sealed,,0,0,,100,,On,0,0,,76,Auckland,Nil,,,,,0,0,Open,1,,,Fine,Null
1754405,5917528,26094,,517600,0,,0,2,,North,2006/2007,NEW NORTH ROAD,ROCKY NOOK AVENUE,,Non-Injury Crash,No,2006,,North,,0,,Hill Road,,,,,,Bright sun,534500,0,0,0,4,,,0,,,,,,Auckland Region,Nil,2-way,Sealed,,0,0,,50,,Off,0,0,,76,Auckland,Nil,,,,,0,0,Urban,0,,,Fine,Null
1755863,5911893,26095,,519002,0,,0,1,,Null,2005/2006,RICHARDSON ROAD,ALEX BOYD LINK,,Non-Injury Crash,No,2006,,East,,0,,Flat,,,,,,Bright sun,591302,0,0,0,2,,,0,,,,,,Auckland Region,Nil,2-way,Sealed,,0,0,,50,,None,0,0,,76,Auckland,Give way,,,,,0,0,Urban,1,,,Fine,Null
1800752,5815521,26096,,529700,0,,0,2,,Null,2006/2007,BRYCE ST,BARTON ST,,Non-Injury Crash,No,2006,,East,,0,,Flat,,,,,,Bright sun,910600,0,0,0,2,,,0,,,,,,Waikato Region,Nil,2-way,Sealed,,0,0,,50,,Off,0,0,,16,Hamilton City,Nil,,,,,0,0,Urban,0,,,Fine,Null
1745278,5919499,26097,,513301,0,,0,1,,North,2005/2006,LINCOLN ROAD,POINSETTIA PLACE,,Non-Injury Crash,No,2006,,South,,0,,Flat,,,,,,Bright sun,232001,0,0,0,4,,,0,,,,,,Auckland Region,Nil,2-way,Sealed,,0,0,,50,,Off,1,0,,76,Auckland,Nil,,,,,0,0,Urban,0,,,Fine,Null
1719632,6047587,26098,,502700,0,,0,2,,Null,2006/2007,NIXON ST,PRINCES ST,,Non-Injury Crash,No,2006,,East,,0,,Flat,,,,,,Overcast,91800,0,0,0,2,,,0,,,,,,Northland Region,Nil,2-way,Sealed,,0,0,,50,,Off,0,0,,2,Whangarei District,Give way,,,,,0,0,Urban,0,,,Fine,Null
1798389,5815896,26099,,528900,0,,0,2,,Null,2005/2006,SH 1N,RIFLE RANGE ROAD,,Non-Injury Crash,Yes,2006,,North,,0,,Flat,,,,,,Dark,915400,0,0,0,2,,,0,,,,,,Waikato Region,Nil,2-way,Sealed,,0,0,,50,,On,0,0,,16,Hamilton City,Traffic Signals,,,,,0,0,Urban,0,,,Light rain,Null
1753984,5927790,26100,,508310,0,,0,1,,South,2006/2007,DOWNING ST,BENTLEY AVENUE,,Non-Injury Crash,No,2006,,West,,0,,Flat,,,,,,Bright sun,200401,0,0,0,2,,,0,,,,,,Auckland Region,Nil,2-way,Sealed,,0,0,,50,,Off,0,0,,76,Auckland,Nil,,,,,0,0,Urban,1,,,Fine,Null
1800842,5814090,26101,,529100,0,,0,2,,South,2005/2006,PEMBROKE ST,RUAKIWI ROAD,,Non-Injury Crash,No,2006,,North,,0,,Flat,,,,,,Overcast,929502,0,0,0,2,,,0,,,,,,Waikato Region,Nil,2-way,Sealed,,0,0,,50,,Null,0,0,,16,Hamilton City,Unknown,,,,,0,0,Urban,0,,,Fine,Null
1802498,5814993,26102,,530200,0,,0,2,,Null,2005/2006,CLYDE ST,GALLOWAY ST,,Non-Injury Crash,No,2006,,East,,0,,Flat,,,,,,Dark,893300,0,0,0,4,,,0,,,,,,Waikato Region,Nil,2-way,Sealed,,0,0,,50,,On,0,0,,16,Hamilton City,Traffic Signals,,,,,0,0,Urban,0,,,Light rain,Null
1879455,5824137,26103,,538201,0,0,0,1,0,Null,2005/2006,ELIZABETH ST,DEVONPORT ROAD,,Non-Injury Crash,No,2006,0,North,0,0,0,Hill Road,0,,0,,0,Overcast,1164900,0,0,0,2,0,0,0,0,0,,0,1,Bay of Plenty Region,Nil,2-way,Sealed,0,0,0,0,50,0,Null,0,0,,23,Tauranga City,Traffic Signals,1,0,0,0,0,0,Urban,0,0,0,Fine,Null
1754991,5930304,26104,,508420,0,0,0,1,0,South,2005/2006,SH 1N,UPPER HWY OFF NBD,,Non-Injury Crash,Yes,2006,0,North,1,0,0,Hill Road,0,,0,,0,Bright sun,182100,0,0,0,3,0,0,0,0,0,,0,0,Auckland Region,Nil,1-way,Sealed,0,0,0,0,100,0,Off,0,0,,76,Auckland,Nil,0,0,0,0,0,0,Open,0,0,0,Fine,Null
1738688,5693670,26105,45,550700,0,0,0,1,1,Null,2005/2006,SH 3,MT MESSENGER SUM,,Minor Crash,Yes,2006,0,South,0,0,0,Hill Road,0,,0,,0,Dark,1552000,1,0,0,2,0,0,0,0,0,,0,0,Taranaki Region,Nil,2-way,Sealed,0,0,0,0,100,0,None,0,0,,33,New Plymouth District,Nil,0,0,0,0,1,0,Open,0,0,0,Fine,Strong wind
1765385,5916767,26106,,517001,0,0,0,1,0,North,2006/2007,Z CPK MCDONALDS,APIRANA AVENUE,,Non-Injury Crash,No,2006,0,North,0,0,0,Flat,0,,0,,0,Bright sun,476100,0,0,0,1,0,0,0,0,0,,0,0,Auckland Region,Nil,Off road,Sealed,0,0,0,0,20,0,None,1,0,,76,Auckland,Nil,0,0,0,0,0,0,Urban,0,1,0,Fine,Null
1753678,5931262,26107,,508807,0,,0,1,,Null,2005/2006,SH 18,CARIBBEAN DRIVE,,Non-Injury Crash,Yes,2006,,East,,0,,Flat,,,,,,Dark,180810,0,0,0,4,,,0,,,,,,Auckland Region,Nil,2-way,Sealed,,0,0,,80,,On,1,0,,76,Auckland,Traffic Signals,,,,,0,0,Open,0,,,Fine,Null
1693239,5676593,26108,,551800,0,,0,0,,South,2006/2007,SH 44,GOVER ST,,Minor Crash,Yes,2006,,East,,0,,Flat,,,,,,Overcast,1593100,1,1,0,2,,,0,,,,,,Taranaki Region,Nil,2-way,Sealed,,0,0,,50,,Null,0,0,,33,New Plymouth District,Nil,,,,,0,0,Urban,0,,,Light rain,Null
1745611,5917601,26109,,510700,0,,0,2,,North,2005/2006,Z CPK WESTWAVE POOLS,EDMONTON ROAD,,Non-Injury Crash,No,2006,,North,,0,,Flat,,,,,,Twilight,239900,0,0,0,0,,,0,,,,,,Auckland Region,Nil,Off road,Sealed,,0,0,,30,,None,0,0,,76,Auckland,Nil,,,,,0,0,Urban,0,,,Fine,Null
1735269,5908815,26110,45,513800,0,0,0,1,0,East,2005/2006,PIHA ROAD,LONE KAURI ROAD,,Non-Injury Crash,No,2006,0,West,0,0,0,Hill Road,0,,0,,0,Twilight,282007,0,0,0,2,0,0,0,0,0,,0,1,Auckland Region,Nil,2-way,Sealed,0,0,0,0,100,0,None,0,0,,76,Auckland,Nil,0,1,0,0,0,0,Open,0,0,0,Fine,Null
1801261,5814583,26111,,529700,0,,0,2,,Null,2005/2006,ANGLESEA ST,BRIDGE ST,,Non-Injury Crash,No,2006,,North,,0,,Flat,,,,,,Dark,912400,0,0,0,2,,,0,,,,,,Waikato Region,Nil,2-way,Sealed,,0,0,,50,,On,0,0,,16,Hamilton City,Give way,,,,,0,0,Urban,0,,,Light rain,Null
1769456,5907952,26112,,523711,0,,0,2,,Null,2006/2007,TE IRIRANGI DRIVE,BISHOP DUNN PLACE,,Non-Injury Crash,No,2006,,South,,0,,Flat,,,,,,Bright sun,712305,0,0,0,5,,,0,,,,,,Auckland Region,Nil,2-way,Sealed,,0,0,,50,,Off,0,0,,76,Auckland,Traffic Signals,,,,,0,0,Urban,0,,,Fine,Null
1772513,5896817,26113,,525420,0,,0,2,,Null,2005/2006,GREAT SOUTH ROAD,SUBWAY ROAD,,Non-Injury Crash,No,2006,,South,,0,,Hill Road,,,,,,Dark,792800,0,0,0,4,,,0,,,,,,Auckland Region,Nil,2-way,Sealed,,0,0,,50,,On,0,0,,76,Auckland,Nil,,,,,0,0,Urban,0,,,Light rain,Null
1867032,5715010,26114,,541317,0,,0,2,,Null,2005/2006,WAIRAKEI DRIVE,POIHIPI ROAD,,Non-Injury Crash,No,2006,,North,,0,,Hill Road,,,,,,Bright sun,1279014,0,0,0,4,,,0,,,,,,Waikato Region,Nil,2-way,Sealed,,0,0,,80,,Null,0,0,,21,Taupo District,Give way,,,,,0,0,Open,0,,,Fine,Null
1867125,5701536,26115,,541345,0,,0,2,,South,2005/2006,SH 1N,BLAKE ROAD,,Non-Injury Crash,Yes,2006,,South,,0,,Flat,,,,,,Bright sun,1280201,0,0,0,2,,,0,,,,,,Waikato Region,Nil,2-way,Sealed,,0,0,,70,,Null,0,0,,21,Taupo District,Nil,,,,,0,0,Urban,0,,,Fine,Null
1790709,5841491,26116,,527402,0,,0,1,,Null,2005/2006,SH 1N,BELL CROSSING ST,,Non-Injury Crash,Yes,2006,,South,,0,,Flat,,,,,,Overcast,944500,0,0,0,3,,,0,,,,,,Waikato Region,Nil,2-way,Sealed,,0,0,,50,,Null,0,0,,13,Waikato District,Give way,,,,,1,0,Urban,0,,,Heavy rain,Null
1570157,5179162,26117,,591500,0,,0,1,,Null,2005/2006,MOORHOUSE AVENUE,MONTREAL ST,,Minor Crash,No,2006,,East,,0,,Flat,,,,,,Bright sun,2648900,1,0,0,4,,,0,,,,,,Canterbury Region,Nil,2-way,Sealed,,0,0,,50,,Null,1,0,,60,Christchurch City,Traffic Signals,,,,,0,0,Urban,0,,,Fine,Null
1772387,5911486,26118,35,523202,0,0,0,0,0,South,2006/2007,WHITFORD ROAD,SOMERVILLE ROAD,,Non-Injury Crash,No,2006,0,South,0,0,0,Hill Road,0,,0,,0,Overcast,717502,0,0,0,2,0,0,0,1,0,,0,0,Auckland Region,Nil,2-way,Sealed,0,0,0,0,50,0,None,1,0,,76,Auckland,Nil,0,0,0,0,0,0,Urban,0,0,0,Light rain,Null
1802023,5816905,26119,,530000,0,,0,2,,South,2005/2006,PEACHGROVE ROAD,FIFTH AVENUE,,Non-Injury Crash,No,2006,,North,,0,,Flat,,,,,,Twilight,867400,0,0,0,2,,,0,,,,,,Waikato Region,Nil,2-way,Sealed,,0,0,,50,,On,0,0,,16,Hamilton City,Unknown,,,,,0,0,Urban,0,,,Fine,Null
1562184,5180059,26120,,587812,0,,0,2,,Null,2006/2007,SH 1S CARMEN,BUCHANANS ROAD,,Minor Crash,Yes,2006,,South,,0,,Flat,,,,,,Overcast,2495112,2,0,0,4,,,0,,,,,,Canterbury Region,Nil,2-way,Sealed,,0,0,,50,,Null,0,0,,60,Christchurch City,Traffic Signals,,,,,0,0,Urban,0,,,Fine,Null
1727779,6010832,26121,,501815,0,0,0,0,1,South,2005/2006,SH 1N,WAIPU GORGE ROAD,,Non-Injury Crash,Yes,2006,0,South,0,0,0,Hill Road,0,,0,,0,Overcast,81300,0,0,0,3,0,0,0,0,0,,0,0,Northland Region,Nil,2-way,Sealed,0,0,0,0,100,0,None,1,0,,2,Whangarei District,Nil,0,0,0,0,0,0,Open,0,0,0,Light rain,Null
1767892,5899761,26122,,525101,0,0,0,0,0,North,2006/2007,FRIEDLANDERS ROAD,CLAYMORE ST,,Non-Injury Crash,No,2006,0,South,0,0,1,Flat,0,,0,,0,Dark,772000,0,0,0,2,0,0,0,0,0,,0,1,Auckland Region,Nil,2-way,Sealed,0,0,0,0,50,0,On,0,0,,76,Auckland,Nil,0,0,0,0,0,0,Urban,1,0,0,Fine,Null
1794536,5801021,26123,,527914,0,0,0,1,0,North,2005/2006,SH 39,MEADWAY ROAD,,Non-Injury Crash,Yes,2006,0,North,0,0,0,Flat,0,,0,,0,Overcast,980900,0,0,0,2,0,1,0,0,0,,0,0,Waikato Region,Nil,2-way,Sealed,0,0,0,0,100,0,Null,0,0,,17,Waipa District,Unknown,0,0,0,0,1,0,Open,0,0,0,Fine,Null
1798192,5819608,26124,,528310,0,0,0,1,0,South,2006/2007,CECIL ST,ENGLISH ST,,Non-Injury Crash,No,2006,0,South,0,0,0,Flat,0,,0,,0,Dark,897802,0,0,0,2,0,0,0,0,0,,0,1,Waikato Region,Nil,2-way,Sealed,0,0,0,0,50,0,On,0,0,,16,Hamilton City,Nil,0,0,0,0,0,0,Urban,0,0,0,Fine,Null
1758850,5918968,26125,,515901,0,,0,2,,Null,2005/2006,PARNELL ROAD,AYR ST,,Non-Injury Crash,No,2006,,South,,0,,Flat,,,,,,Bright sun,451800,0,0,0,4,,,0,,,,,,Auckland Region,Nil,2-way,Sealed,,0,0,,50,,Off,0,0,,76,Auckland,Traffic Signals,,,,,0,0,Urban,0,,,Fine,Null
1744216,5921922,26126,,513512,0,,0,2,,Null,2005/2006,MAKORA ROAD,TRIANGLE ROAD,,Non-Injury Crash,No,2006,,South,,0,,Hill Road,,,,,,Bright sun,225702,0,0,0,2,,,0,,,,,,Auckland Region,Nil,2-way,Sealed,,0,0,,50,,Off,0,0,,76,Auckland,Traffic Signals,,,,,0,0,Urban,0,,,Fine,Null
1767422,5906240,26127,,523601,0,0,0,1,0,Null,2005/2006,OCONNOR ST,FLAT BUSH ROAD,,Non-Injury Crash,No,2006,0,East,0,0,1,Flat,0,,0,,0,Bright sun,707200,0,0,0,2,0,0,0,0,0,,0,0,Auckland Region,Nil,2-way,Sealed,0,0,0,0,50,0,Off,0,0,,76,Auckland,Stop,0,0,0,0,0,0,Urban,0,0,0,Fine,Null
1773182,5895567,26128,,525410,0,,0,2,,Null,2005/2006,KING EDWARD AVENUE,ALEXANDER ST,,Non-Injury Crash,No,2006,,West,,0,,Flat,,,,,,Overcast,793501,0,0,0,2,,,0,,,,,,Auckland Region,Nil,2-way,Sealed,,0,0,,50,,Off,0,0,,76,Auckland,Give way,,,,,0,0,Urban,0,,,Light rain,Null
1765740,5917006,26129,,517001,0,,0,2,,Null,2005/2006,TANIWHA ST,HEATHERBANK ST,,Non-Injury Crash,No,2006,,East,,0,,Flat,,,,,,Bright sun,476200,0,0,0,2,,,0,,,,,,Auckland Region,Nil,2-way,Sealed,,0,0,,50,,Off,0,0,,76,Auckland,Nil,,,,,0,0,Urban,0,,,Fine,Null
1756100,5933690,26130,,507300,0,,0,2,,Null,2006/2007,LYONS AVENUE,MONTANA AVENUE,,Non-Injury Crash,No,2006,,South,,0,,Hill Road,,,,,,Bright sun,155400,0,0,0,2,,,0,,,,,,Auckland Region,Nil,2-way,Sealed,,0,0,,50,,Null,0,0,,76,Auckland,Nil,,,,,0,0,Urban,0,,,Fine,Null
1469391,5307508,26131,,584922,0,0,0,1,0,South,2006/2007,MAIN ROAD,STAFFORD ST,,Minor Crash,No,2006,0,South,1,0,0,Flat,0,Labour Weekend,0,,0,Overcast,2402702,1,0,0,2,0,0,0,0,0,,0,0,West Coast Region,Nil,2-way,Sealed,0,0,0,0,50,0,Null,1,0,,56,Grey District,Unknown,0,0,0,0,0,0,Urban,0,0,0,Fine,Null
1764242,5912337,26132,,520500,0,,0,1,,South,2005/2006,SH 1N,MT WGTN OBR,,Non-Injury Crash,Yes,2006,,North,,0,,Hill Road,,,,,,Overcast,639500,0,0,0,3,,,0,,,,,,Auckland Region,Nil,2-way,Sealed,,0,0,,100,,Off,1,0,,76,Auckland,Nil,,,,,0,0,Open,0,,,Fine,Null
1505110,5391561,26133,,584404,0,0,0,3,0,North,2006/2007,SH 67,MILLERTON ROAD,,Serious Crash,Yes,2006,0,North,0,0,0,Flat,0,,0,,0,Dark,2385400,0,0,0,2,0,0,0,0,1,,0,0,West Coast Region,Nil,2-way,Sealed,0,0,1,0,70,0,On,0,0,,55,Buller District,Unknown,0,0,0,0,0,0,Urban,0,0,0,Light rain,Null
1828635,5880905,26134,,533603,0,,0,1,,Null,2006/2007,SH 26,SH 25A,,Non-Injury Crash,Yes,2006,,South,,0,,Flat,,,,,,Overcast,1057502,0,0,0,2,,,0,,,,,,Waikato Region,Nil,2-way,Sealed,,0,0,,70,,Null,1,0,,11,Thames-Coromandel District,Give way,,,,,0,0,Urban,0,,,Fine,Null
1269154,5004977,26135,,609035,0,,0,1,,North,2006/2007,REMARKABLES SKI FIELD ACC,SH 6,,Minor Crash,No,2006,,South,,0,,Hill Road,,,,,,Bright sun,3040001,1,0,0,2,,,0,,,,,,Otago Region,Nil,2-way,Unsealed,,0,0,,100,,Null,0,0,,70,Queenstown-Lakes District,Unknown,,,,,0,0,Open,0,,,Fine,Null
1631109,6107992,26136,,500202,0,,0,1,,West,2006/2007,DIGGERS VALLEY ROAD,RUAROA ROAD,,Non-Injury Crash,No,2006,,East,,0,,Flat,,,,,,Bright sun,6600,0,0,0,2,,,0,,,,,,Northland Region,Nil,2-way,Unsealed,,0,0,,100,,Null,0,0,,1,Far North District,Unknown,,,,,0,0,Open,1,,,Fine,Null
1800895,5816640,26137,,529900,1,,0,1,,Null,2005/2006,BOUNDARY ROAD,OAKLEY AVENUE,,Non-Injury Crash,No,2006,,West,,0,,Flat,,,,,,Overcast,863700,0,0,0,2,,,0,,,,,,Waikato Region,Nil,2-way,Sealed,,0,0,,50,,Null,0,0,,16,Hamilton City,Give way,,,,,0,0,Urban,0,,,Fine,Null
1764802,5903685,26138,,524604,0,,0,1,,Null,2005/2006,ROSCOMMON ROAD,SH 20,,Non-Injury Crash,No,2006,,North,,0,,Flat,,,,,,Bright sun,781200,0,0,0,4,,,0,,,,,,Auckland Region,Nil,2-way,Sealed,,0,0,,80,,Off,0,0,,76,Auckland,Traffic Signals,,,,,1,0,Open,0,,,Fine,Null
1485976,5376884,26139,,584410,0,0,0,1,0,Null,2005/2006,SH 67,SNODGRASS ROAD,,Serious Crash,Yes,2006,0,East,0,0,0,Flat,0,,0,,0,Dark,2387601,0,0,0,2,0,0,0,0,0,,0,0,West Coast Region,Nil,2-way,Sealed,0,0,1,0,100,0,None,0,0,,55,Buller District,Give way,0,0,0,1,0,0,Open,0,0,0,Fine,Null
1769291,5882240,26140,,525910,0,0,0,1,0,West,2005/2006,REYNOLDS ROAD,BROWNLEE PLACE,,Non-Injury Crash,No,2006,0,West,0,0,0,Flat,0,,0,,0,Overcast,816512,0,0,0,2,0,0,0,0,0,,0,1,Auckland Region,Nil,2-way,Sealed,0,0,0,0,50,0,Off,0,0,,76,Auckland,Nil,0,0,0,0,0,0,Urban,0,0,0,Fine,Null
1547296,5172857,26141,,587904,0,,0,2,,Null,2006/2007,TWO CHAIN ROAD,WALKERS ROAD,,Minor Crash,No,2006,,East,,0,,Flat,,,,,,Overcast,2493802,3,0,0,2,,,0,,,,,,Canterbury Region,Nil,2-way,Sealed,,0,0,,100,,Null,0,0,,62,Selwyn District,Give way,,,,,0,0,Open,0,,,Fine,Null
1755606,5922390,26142,,515202,0,,0,2,,South,2006/2007,SH 1N,TOP OF HARBOUR BRIDGE,,Non-Injury Crash,Yes,2006,,North,,0,,Hill Road,,,,,,Dark,423600,0,0,0,2,,,0,,,,,,,Bridge,2-way,Sealed,,0,0,,100,,On,0,0,,76,Auckland,Nil,,,,,0,0,Open,0,,,Heavy rain,Null
1753051,5974385,26143,70,506661,0,,0,1,,West,2005/2006,WRIGHT ROAD,MATAKANA ROAD,,Non-Injury Crash,No,2006,,East,,0,,Hill Road,,,,,,Bright sun,139700,0,0,0,2,,,0,,,,,,Auckland Region,Nil,2-way,Unsealed,,0,0,,100,,None,0,0,,76,Auckland,Nil,,,,,0,0,Open,0,,,Fine,Null
1823571,5929454,26144,,533100,0,,0,2,,Null,2005/2006,ALBERT ST,PAGITT ST,,Non-Injury Crash,No,2006,,North,,0,,Flat,,,,,,Overcast,1044300,0,0,0,2,,,0,,,,,,Waikato Region,Nil,2-way,Sealed,,0,0,,50,,Null,0,0,,11,Thames-Coromandel District,Nil,,,,,0,0,Urban,0,,,Fine,Null
1817115,5526920,26145,,561812,0,0,0,0,1,West,2005/2006,SH 56,LONGBURN RONGOTEA ROAD,,Minor Crash,Yes,2006,0,West,1,0,0,Flat,0,,0,,0,Dark,1796500,1,0,0,2,0,0,0,0,0,,0,0,Manawatū-Whanganui Region,Nil,2-way,Sealed,0,0,0,0,100,0,None,0,0,,40,Palmerston North City,Nil,0,0,0,1,0,0,Open,1,0,0,Fine,Null
1931896,5605061,26146,,548000,0,,0,2,,Null,2005/2006,COLLINGE ROAD,JUBILEE ST,,Minor Crash,No,2006,,South,,0,,Flat,,,,,,Dark,1472500,1,0,0,2,,,0,,,,,,Hawke's Bay Region,Nil,2-way,Sealed,,0,0,,50,,On,0,0,,30,Hastings District,Give way,,,,,0,0,Urban,0,,,Heavy rain,Null
1854559,5879028,26147,,533300,0,,0,3,,North,2005/2006,HETHERINGTON ROAD,MARTYN ROAD,,Non-Injury Crash,No,2006,,North,,0,,Flat,,Christmas New Year,,,,Bright sun,1060801,0,0,0,2,,,0,,,,,,Waikato Region,Nil,2-way,Sealed,,0,0,,50,,Null,0,0,,11,Thames-Coromandel District,Unknown,,,,,0,0,Urban,0,,,Fine,Null
1800266,5814858,26148,,529100,0,,0,2,,Null,2006/2007,LAKE ROAD,TAINUI ST,,Non-Injury Crash,No,2006,,East,,0,,Hill Road,,,,,,Overcast,929502,0,0,0,2,,,0,,,,,,Waikato Region,Nil,2-way,Sealed,,0,0,,50,,Off,0,0,,16,Hamilton City,Stop,,,,,0,0,Urban,0,,,Light rain,Null
1743935,5914970,26149,,513013,0,0,0,1,0,Null,2005/2006,PINE AVENUE,FOREST HILL ROAD,,Non-Injury Crash,No,2006,0,West,0,0,1,Hill Road,0,,0,,0,Twilight,281300,0,0,0,2,0,0,0,0,0,,0,0,Auckland Region,Nil,2-way,Sealed,0,0,0,0,50,0,Off,0,0,,76,Auckland,Give way,0,0,0,0,0,0,Urban,0,0,0,Fine,Null
1765680,5916634,26150,,517100,0,,0,1,,Null,2005/2006,POINT ENGLAND ROAD,PILKINGTON ROAD,,Non-Injury Crash,No,2006,,West,,0,,Flat,,,,,,Dark,477100,0,0,0,2,,,0,,,,,,Auckland Region,Nil,2-way,Sealed,,0,0,,50,,On,0,0,,76,Auckland,Stop,,,,,0,0,Urban,1,,,Fine,Null
1752415,5927786,26151,,508412,0,0,0,2,0,North,2005/2006,WITHEFORD DRIVE,FERNLEA RISE,,Non-Injury Crash,No,2006,0,South,0,0,0,Flat,0,,0,,0,Overcast,186004,0,0,0,2,0,0,0,0,1,,0,0,Auckland Region,Nil,2-way,Sealed,0,0,0,0,50,0,Off,0,0,,76,Auckland,Nil,0,0,0,0,0,0,Urban,0,0,0,Fine,Null
1747217,5421455,26152,,575902,0,,0,1,,East,2006/2007,OWHIRO BAY PARADE,HAPPY VALLEY ROAD,,Minor Crash,No,2006,,East,,0,,Flat,,,,,,Dark,2187600,1,0,0,2,,,0,,,1,,,Wellington Region,Nil,2-way,Sealed,,0,0,,50,,On,0,0,,47,Wellington City,Nil,,,,,0,0,Urban,0,,,Fine,Null
1878914,5821648,26153,,538102,1,,0,0,,Null,2005/2006,SH 2A,BURROWS ST,,Non-Injury Crash,Yes,2006,,South,,0,,Flat,,,,,,Twilight,1168501,0,0,0,2,,,0,,,,,,Bay of Plenty Region,Nil,2-way,Sealed,,0,0,,50,,On,0,0,,23,Tauranga City,Give way,,,,,0,0,Urban,1,,,Fine,Null
1760533,5916811,26154,,516002,0,0,0,2,0,East,2005/2006,REMUERA ROAD,COTTER AVENUE,,Non-Injury Crash,No,2006,0,West,0,0,0,Hill Road,0,,0,,0,Bright sun,493300,0,0,0,4,0,0,0,0,1,,0,0,Auckland Region,Nil,2-way,Sealed,0,0,0,0,50,0,Null,0,0,,76,Auckland,Give way,0,0,0,0,0,0,Urban,0,0,0,Fine,Null
1758843,5912157,26155,,519820,0,,0,2,,South,2006/2007,Z CPK FOODTOWN,CHURCH ST,,Non-Injury Crash,No,2006,,East,,0,,Flat,,,,,,Bright sun,601700,0,0,0,0,,,0,,,,,,Auckland Region,Nil,Off road,Sealed,,0,0,,30,,Off,0,0,,76,Auckland,Nil,,,,,0,0,Urban,0,,,Fine,Null
1757124,5919152,26156,,514301,0,,0,2,,South,2005/2006,SH 1N,SYMONDS OBR,,Non-Injury Crash,Yes,2006,,South,,0,,Flat,,,,,,Overcast,441200,0,0,0,5,,,0,,,,,,Auckland Region,Nil,2-way,Sealed,,0,0,,80,,Off,0,0,,76,Auckland,Nil,,,,,0,0,Open,0,,,Fine,Null
1797787,5816678,26157,,528501,0,,0,1,,South,2005/2006,AVALON DRIVE,GRANDVIEW ROAD,,Non-Injury Crash,No,2006,,North,,0,,Flat,,,,,,Bright sun,907200,0,0,0,2,,,0,,,,,,Waikato Region,Nil,2-way,Sealed,,0,0,,60,,Null,0,0,,16,Hamilton City,Unknown,,,,,1,0,Urban,0,,,Fine,Null
1755090,5932930,26158,,508805,0,,0,2,,Null,2005/2006,EAST COAST ROAD,SUNRISE AVENUE S,,Non-Injury Crash,No,2006,,South,,0,,Hill Road,,,,,,Overcast,180876,0,0,0,4,,,0,,,,,,Auckland Region,Nil,2-way,Sealed,,0,0,,50,,Null,0,0,,76,Auckland,Traffic Signals,,,,,0,0,Urban,0,,,Light rain,Null
1572729,5182709,26159,,593200,0,,0,1,,West,2006/2007,SHIRLEY ROAD,NORTH PARADE,,Minor Crash,No,2006,,East,,0,,Flat,,,,,,Bright sun,2698400,1,0,0,2,,,0,,,1,,,Canterbury Region,Nil,2-way,Sealed,,0,0,,50,,Null,0,0,,60,Christchurch City,Unknown,,,,,0,0,Urban,0,,,Fine,Null
1801279,5814620,26160,,529700,0,,0,2,,West,2005/2006,BRIDGE ST,ANGLESEA ST,,Non-Injury Crash,No,2006,,East,,0,,Flat,,,,,,Overcast,912400,0,0,0,2,,,0,,,,,,Waikato Region,Nil,2-way,Sealed,,0,0,,50,,Null,0,0,,16,Hamilton City,Unknown,,,,,0,0,Urban,0,,,Fine,Null