X,Y,OBJECTID,advisorySpeed,areaUnitID,bicycle,bridge,bus,carStationWagon,cliffBank,crashDirectionDescription,crashFinancialYear,crashLocation1,crashLocation2,crashRoadSideRoad,crashSeverity,crashSHDescription,crashYear,debris,directionRoleDescription,ditch,fatalCount,fence,flatHill,guardRail,holiday,houseOrBuilding,intersection,kerb,light,meshblockId,minorInjuryCount,moped,motorcycle,NumberOfLanes,objectThrownOrDropped,otherObject,otherVehicleType,overBank,parkedVehicle,pedestrian,phoneBoxEtc,postOrPole,region,roadCharacter,roadLane,roadSurface,roadworks,schoolBus,seriousInjuryCount,slipOrFlood,speedLimit,strayAnimal,streetLight,suv,taxi,temporarySpeedLimit,tlaId,tlaName,trafficControl,trafficIsland,trafficSign,train,tree,truck,unknownVehicleType,urban,vanOrUtility,vehicle,waterRiver,weatherA,weatherB
1766006,5899634,26161,,524822,0,,0,2,,West,2005/2006,PALMERS ROAD,ROSCOMMON ROAD,,Non-Injury Crash,No,2006,,West,,0,,Hill Road,,,,,,Dark,774431,0,0,0,2,,,0,,,,,,Auckland Region,Nil,2-way,Sealed,,0,0,,50,,On,0,0,,76,Auckland,Unknown,,,,,0,0,Urban,0,,,Fine,Null
1749180,5913906,26162,,511302,0,,0,2,,Null,2006/2007,GREAT NORTH ROAD,NIKAU ST,,Non-Injury Crash,No,2006,,East,,0,,Hill Road,,,,,,Bright sun,268900,0,0,0,4,,,0,,,,,,Auckland Region,Nil,2-way,Sealed,,0,0,,50,,Off,1,0,,76,Auckland,Stop,,,,,0,0,Urban,0,,,Fine,Null
1756465,5924577,26163,,509702,0,,0,2,,North,2005/2006,SH 1N,OLD ONEWA OBR,,Non-Injury Crash,Yes,2006,,South,,0,,Flat,,,,,,Overcast,366700,0,0,0,3,,,0,,,,,,Auckland Region,Nil,1-way,Sealed,,0,0,,100,,On,0,0,,76,Auckland,Nil,,,,,0,0,Open,1,,,Fine,Null
1792751,5814822,26164,,527913,0,0,0,1,0,East,2005/2006,SH 23,BOWMAN ROAD,,Non-Injury Crash,Yes,2006,0,West,1,0,0,Hill Road,0,,0,,0,Overcast,978400,0,0,0,2,0,0,0,0,0,,0,0,Waikato Region,Nil,2-way,Sealed,0,0,0,0,100,0,Null,0,0,,13,Waikato District,Unknown,0,0,0,0,0,0,Open,0,0,0,Light rain,Null
1747431,5919384,26165,,512402,0,0,0,1,0,West,2006/2007,BRIDGE AVENUE,BRAEBANK LANE,,Non-Injury Crash,No,2006,0,East,0,0,0,Hill Road,0,,0,,0,Dark,254100,0,0,0,2,0,0,0,0,1,,0,0,Auckland Region,Nil,2-way,Sealed,0,0,0,0,50,0,On,1,0,,76,Auckland,Nil,0,0,0,0,0,0,Urban,0,0,0,Fine,Null
1777091,5582019,26166,,557400,0,0,0,1,0,South,2006/2007,KELLS AVENUE,PATERSON ST,,Minor Crash,No,2006,0,North,0,0,1,Flat,0,,0,,0,Dark,1710600,1,0,0,2,0,0,0,0,0,,0,0,Manawatū-Whanganui Region,Nil,2-way,Sealed,0,0,0,0,50,0,On,0,0,,37,Whanganui District,Nil,0,0,0,0,0,0,Urban,0,0,0,Fine,Null
1931440,5612922,26167,,545832,0,0,0,1,1,West,2006/2007,PAKOWHAI ROAD,BROOKFIELDS ROAD,,Minor Crash,No,2006,0,South,0,0,0,Flat,0,,0,,0,Dark,1403900,1,0,0,2,0,0,0,0,0,,0,0,Hawke's Bay Region,Nil,2-way,Sealed,0,0,0,0,100,0,None,0,0,,30,Hastings District,Nil,0,0,0,0,0,0,Open,0,0,0,Fine,Null
1515341,5178811,26168,,587100,0,0,0,1,0,West,2005/2006,CORDYS ROAD,BEALEY ROAD,,Minor Crash,No,2006,0,East,0,0,0,Flat,0,,0,,0,Overcast,2464900,1,0,0,2,0,0,0,0,0,,0,0,Canterbury Region,Nil,2-way,Sealed,0,0,0,0,100,0,Null,0,0,,62,Selwyn District,Unknown,0,0,0,1,0,0,Open,0,0,1,Fine,Null
1718111,6049603,26169,,502102,0,0,0,0,0,Null,2006/2007,KAMO ROAD,SUMMIT LANE,,Non-Injury Crash,No,2006,0,South,0,0,0,Hill Road,0,,0,,1,Bright sun,85100,0,0,0,3,0,0,0,0,0,,0,0,Northland Region,Nil,2-way,Sealed,0,0,0,0,50,0,Off,1,0,,2,Whangarei District,Nil,0,0,0,0,0,0,Urban,0,0,0,Fine,Null
1760431,5913064,26170,,519900,0,,0,2,,Null,2005/2006,WAITANGI ROAD,MOUNT SMART ROAD,,Non-Injury Crash,No,2006,,South,,0,,Flat,,,,,,Overcast,604000,0,0,0,2,,,0,,,,,,Auckland Region,Nil,2-way,Sealed,,0,0,,50,,Off,0,0,,76,Auckland,Stop,,,,,0,0,Urban,0,,,Fine,Null
1619865,5426853,26171,,583800,1,,0,1,,Null,2006/2007,MAIN ROAD STOKE,MARSDEN ROAD,,Minor Crash,No,2006,,South,,0,,Flat,,,,,,Overcast,2339500,1,0,0,2,,,0,,,,,,Nelson Region,Nil,2-way,Sealed,,0,0,,50,,Null,0,0,,52,Nelson City,Give way,,,,,0,0,Urban,0,,,Fine,Null
1754472,5917550,26172,,517600,0,0,0,1,1,West,2005/2006,NEW NORTH ROAD,WOLSELEY ST,,Non-Injury Crash,No,2006,0,East,0,0,0,Flat,0,,0,,0,Dark,534500,0,0,0,4,0,0,0,0,0,,0,0,Auckland Region,Nil,2-way,Sealed,0,0,0,0,50,0,On,0,0,,76,Auckland,Nil,0,0,0,0,0,0,Urban,0,0,0,Fine,Null
1186944,4921433,26173,75,612720,0,0,0,0,0,North,2005/2006,BLACKMOUNT-REDCLIFF ROAD,MCKERCHAR CRK BR,,Serious Crash,No,2006,0,South,0,0,0,Hill Road,0,,0,,0,Bright sun,3181900,0,0,1,2,0,0,0,0,0,,0,0,Southland Region,Nil,2-way,Sealed,0,0,1,0,100,0,Null,0,0,,73,Southland District,Unknown,0,0,0,1,0,0,Open,0,0,0,Fine,Null
1823470,5528602,26174,,563101,1,,0,0,,West,2006/2007,TE AWE AWE ST,CHILTON GROVE,,Minor Crash,No,2006,,West,,0,,Flat,,,,,,Bright sun,1811900,1,0,0,2,,,0,,,,,,Manawatū-Whanganui Region,Nil,2-way,Sealed,,0,0,,50,,Null,1,0,,40,Palmerston North City,Nil,,,,,0,0,Urban,0,,,Fine,Null
1572173,5178203,26175,,594300,0,0,0,1,0,Null,2006/2007,SH 76 BROUGHAM,OPAWA ROAD W,,Minor Crash,Yes,2006,0,West,0,0,0,Flat,0,,0,,0,Twilight,2583801,2,0,0,3,0,0,0,0,0,,0,0,Canterbury Region,Nil,2-way,Sealed,0,0,0,0,60,0,On,0,0,,60,Christchurch City,Traffic Signals,0,1,0,0,0,0,Urban,0,0,0,Fine,Null
1753807,5928866,26176,,508320,0,0,0,2,0,East,2005/2006,WELDENE AVENUE,HOGANS ROAD,,Non-Injury Crash,No,2006,0,East,0,0,0,Flat,0,,0,,0,Bright sun,197200,0,0,0,2,0,0,0,0,1,,0,0,Auckland Region,Nil,2-way,Sealed,0,0,0,0,50,0,Off,0,0,,76,Auckland,Nil,0,0,0,0,0,0,Urban,0,0,0,Fine,Null
1755390,5929408,26177,,508510,0,,0,4,,Null,2005/2006,SH 1N,TRISTRAM OFF SBD,,Non-Injury Crash,Yes,2006,,South,,0,,Flat,,,,,,Overcast,194300,0,0,0,2,,,0,,,,,,Auckland Region,Nil,1-way,Sealed,,0,0,,100,,Off,0,0,,76,Auckland,Nil,,,,,0,0,Open,0,,,Fine,Null
1760712,5916934,26178,,516202,0,,0,1,,North,2005/2006,ORAKEI ROAD,REMUERA ROAD,,Non-Injury Crash,No,2006,,South,,0,,Flat,,,,,,Bright sun,490600,0,0,0,2,,,1,,,,,,Auckland Region,Nil,2-way,Sealed,,0,0,,50,,Off,0,0,,76,Auckland,Nil,,,,,0,0,Urban,0,,,Fine,Null
1914353,5656227,26179,,545911,0,,0,2,,South,2005/2006,SH 5,MOHAKA BR,,Non-Injury Crash,Yes,2006,,North,,0,,Hill Road,,,,,,Overcast,1415900,0,0,0,2,,,0,,,,,,Hawke's Bay Region,Nil,2-way,Sealed,,0,0,,100,,Null,0,0,,30,Hastings District,Unknown,,,,,0,0,Open,0,,,Fine,Null
1936080,5790131,26180,,542200,1,,1,0,,North,2005/2006,RATA AVENUE,PURIRI CRESCENT,,Serious Crash,No,2006,,South,,0,,Flat,,,,,,Bright sun,1320502,0,0,0,2,,,0,,,,,,Bay of Plenty Region,Nil,2-way,Sealed,,0,1,,50,,None,0,0,,25,Whakatane District,Nil,,,,,0,0,Urban,0,,,Fine,Null
1764978,5914784,26181,,520301,0,,0,1,,North,2006/2007,JELLICOE ROAD,DUNLOP LANE,,Non-Injury Crash,No,2006,,South,,0,,Flat,,,,,,Overcast,628300,0,0,0,2,,,0,,,,,,Auckland Region,Nil,2-way,Sealed,,0,0,,50,,Null,0,0,,76,Auckland,Unknown,,,,,0,0,Urban,1,,,Fine,Null
1765299,5916873,26182,,517001,0,,0,2,,North,2005/2006,APIRANA AVENUE,POINT ENGLAND ROAD,,Non-Injury Crash,No,2006,,West,,0,,Flat,,,,,,Bright sun,463902,0,0,0,3,,,0,,,,,,Auckland Region,Nil,2-way,Sealed,,0,0,,50,,Off,0,0,,76,Auckland,Stop,,,,,0,0,Urban,0,,,Fine,Null
1755500,5929129,26183,,508510,0,,0,3,,South,2005/2006,SH 1N,TRISTRAM OFF SBD,,Non-Injury Crash,Yes,2006,,South,,0,,Flat,,,,,,Bright sun,195200,0,0,0,2,,,0,,,,,,Auckland Region,Nil,2-way,Sealed,,0,0,,100,,Off,0,0,,76,Auckland,Nil,,,,,0,0,Open,0,,,Light rain,Null
1835934,5860408,26184,,534300,0,,0,2,,South,2005/2006,SH 2,SHOALHAVEN ST,,Minor Crash,Yes,2006,,North,,0,,Flat,,,,,,Overcast,1071401,1,0,0,2,,,0,,,,,,Waikato Region,Nil,2-way,Sealed,,0,0,,50,,Null,0,0,,12,Hauraki District,Unknown,,,,,0,0,Urban,0,,,Fine,Null
1753568,5932458,26185,,508805,0,,0,2,,South,2006/2007,SH 1N,GREVILLE ON SBD,,Non-Injury Crash,Yes,2006,,South,,0,,Flat,,,,,,Overcast,180866,0,0,0,2,,,0,,,,,,Auckland Region,Nil,1-way,Sealed,,0,0,,100,,Off,0,0,,76,Auckland,Nil,,,,,0,0,Open,0,,,Fine,Null
1731271,5926766,26186,55,506652,0,0,0,1,1,North,2005/2006,MURIWAI ROAD,HAMILTON ROAD,,Minor Crash,No,2006,0,North,0,0,0,Hill Road,0,,0,,0,Overcast,218102,2,0,0,2,0,0,0,0,0,,1,0,Auckland Region,Nil,2-way,Sealed,0,0,0,0,100,0,None,0,0,,76,Auckland,Nil,0,0,0,0,0,0,Open,0,0,0,Fine,Null
1764958,5910640,26187,,521801,0,,0,3,,North,2005/2006,SH 1N,OTAHUHU ON NBD,,Non-Injury Crash,Yes,2006,,North,,0,,Flat,,,,,,Overcast,786700,0,0,0,3,,,0,,,,,,Auckland Region,Nil,1-way,Sealed,,0,0,,100,,Off,0,0,,76,Auckland,Nil,,,,,0,0,Open,0,,,Light rain,Null
1756626,5926756,26188,,507900,0,,0,1,,South,2005/2006,SH 1N,NORTHCOTE ON SBD,,Non-Injury Crash,Yes,2006,,South,,0,,Flat,,,,,,Overcast,303902,0,0,0,3,,,0,,,,,,Auckland Region,Nil,1-way,Sealed,,0,0,,80,,Off,0,0,,76,Auckland,Nil,,,,,1,0,Open,0,,,Light rain,Null
1565418,5180023,26189,,590100,0,,0,1,,Null,2006/2007,YALDHURST ROAD,MAIN SOUTH ROAD,,Minor Crash,No,2006,,West,,0,,Flat,,,,,,Bright sun,2542500,1,0,0,1,,,0,,,1,,,Canterbury Region,Nil,1-way,Sealed,,0,0,,50,,Null,0,0,,60,Christchurch City,Give way,,,,,0,0,Urban,0,,,Fine,Null
1809059,5827865,26190,,527125,0,0,0,0,0,West,2005/2006,PIAKO ROAD,MIDDLE ROAD,,Serious Crash,No,2006,0,West,0,0,0,Flat,0,,0,,0,Overcast,953500,0,0,0,2,0,0,0,0,0,,0,1,Waikato Region,Nil,2-way,Sealed,0,0,1,0,100,0,Null,0,0,,13,Waikato District,Unknown,0,0,0,0,0,0,Open,1,0,0,Fine,Null
1869786,5820439,26191,,536620,0,0,0,1,1,North,2006/2007,JUNCTION ROAD,CRAWFORD ROAD,,Non-Injury Crash,No,2006,0,South,0,0,0,Flat,0,,0,,0,Dark,1189703,0,0,0,0,0,0,0,0,0,,0,0,Bay of Plenty Region,Nil,2-way,Unsealed,0,0,0,0,100,0,None,0,0,,22,Western Bay of Plenty District,Nil,0,0,0,0,0,0,Open,1,1,0,Fine,Null
1670903,5325706,26192,,581500,0,,0,1,,South,2005/2006,SH 1S,MORORIMU BR,,Minor Crash,Yes,2006,,South,,0,,Flat,,,,,,Overcast,2314600,1,0,0,2,,,0,,,,,,Canterbury Region,Nil,2-way,Sealed,,0,0,,100,,Null,0,0,,54,Kaikoura District,Nil,,,,,0,0,Open,0,,,Fine,Null
1771984,5895473,26193,,525540,0,0,0,1,0,West,2005/2006,CLARK ROAD,JOYCE ST,,Non-Injury Crash,No,2006,0,East,0,0,1,Flat,0,,0,,0,Bright sun,805701,0,0,0,2,0,0,0,0,0,,0,0,Auckland Region,Nil,2-way,Sealed,0,0,0,0,50,0,Off,0,0,,76,Auckland,Nil,0,0,0,0,0,0,Urban,0,0,0,Fine,Null
1569876,5174996,26194,,591101,0,,0,1,,East,2006/2007,HACKTHORNE ROAD,STAMBRIDGE PLACE,,Serious Crash,No,2006,,West,,0,,Hill Road,,,,,,Bright sun,2551704,0,0,1,2,,,0,,,,,,Canterbury Region,Nil,2-way,Sealed,,0,1,,50,,Null,0,0,,60,Christchurch City,Unknown,,,,,0,0,Urban,0,,,Fine,Null
1803101,5790783,26195,,531002,0,0,1,1,0,South,2005/2006,GOODFELLOW ST,ALEXANDRA ST,,Non-Injury Crash,No,2006,0,South,0,0,0,Flat,0,,0,,0,Dark,969602,0,0,0,2,0,0,0,0,1,,0,0,Waikato Region,Nil,2-way,Sealed,0,0,0,0,50,0,None,0,0,,17,Waipa District,Unknown,0,0,0,0,0,0,Urban,0,0,0,Fine,Null
1717584,6050783,26196,,502102,0,0,0,2,0,South,2005/2006,KAMO ROAD,PURIRI ST,,Non-Injury Crash,No,2006,0,South,0,0,1,Flat,0,,0,,0,Overcast,83701,0,0,0,2,0,0,0,0,0,,0,0,Northland Region,Nil,2-way,Sealed,0,0,0,0,50,0,Off,0,0,,2,Whangarei District,Nil,0,0,0,0,0,0,Urban,0,0,0,Light rain,Null
1762290,5913496,26197,,520402,0,,0,3,,South,2005/2006,SH 1N,PENROSE OBR,,Minor Crash,Yes,2006,,South,,0,,Flat,,,,,,Dark,642200,1,0,0,3,,,0,,,,,,Auckland Region,Nil,2-way,Sealed,,0,0,,100,,On,0,0,,76,Auckland,Nil,,,,,0,0,Open,0,,,Fine,Null
1763974,5912068,26198,,520500,0,,0,1,,Null,2005/2006,MOUNT WELLINGTON HIGHWAY,MONAHAN ROAD,,Non-Injury Crash,No,2006,,West,,0,,Flat,,,,,,Bright sun,637900,0,0,0,3,,,0,,,,,,Auckland Region,Nil,2-way,Sealed,,0,0,,50,,Off,1,0,,76,Auckland,Give way,,,,,0,0,Urban,0,,,Fine,Null
1805763,5781281,26199,,531304,0,,0,0,,North,2005/2006,SH 3,KAWA ROAD,,Non-Injury Crash,Yes,2006,,South,,0,,Hill Road,,,,,,Overcast,999000,0,0,0,2,,,0,,,,,,Waikato Region,Nil,2-way,Sealed,,0,0,,100,,Null,0,0,,18,Ōtorohanga District,Unknown,,,,,2,0,Open,0,,,Light rain,Null
1286366,4886842,26200,,610230,0,,0,0,,Null,2006/2007,IRK ST,FAIRFIELD ST,,Minor Crash,No,2006,,East,,0,,Flat,,,,,,Overcast,3061100,1,0,0,2,,,0,,,,,,Southland Region,Nil,2-way,Sealed,,0,0,,50,,Null,2,0,,74,Gore District,Stop,,,,,0,0,Urban,0,,,Fine,Null
1750066,5914441,26201,,511303,0,,0,2,,Null,2005/2006,DELTA AVENUE,VERONICA ST,,Minor Crash,No,2006,,South,,0,,Flat,,,,,,Dark,265900,2,0,0,2,,,0,,,,,,Auckland Region,Nil,2-way,Sealed,,0,0,,50,,On,0,0,,76,Auckland,Give way,,,,,0,0,Urban,0,,,Fine,Null
1753340,5914253,26202,,514500,0,,0,2,,Null,2006/2007,RICHARDSON ROAD,MAIORO ST,,Non-Injury Crash,No,2006,,North,,0,,Flat,,,,,,Overcast,376800,0,0,0,2,,,0,,,,,,Auckland Region,Nil,2-way,Sealed,,0,0,,50,,Off,0,0,,76,Auckland,Traffic Signals,,,,,0,0,Urban,0,,,Light rain,Null
1757580,5913245,26203,,518702,0,,0,4,,North,2005/2006,PAH ROAD,TRAFALGAR ST,,Minor Crash,No,2006,,South,,0,,Flat,,,,,,Dark,567800,1,0,0,2,,,0,,,,,,Auckland Region,Nil,2-way,Sealed,,0,0,,50,,On,0,0,,76,Auckland,Nil,,,,,0,0,Urban,0,,,Light rain,Null
1752837,5434948,26204,,573901,0,,0,1,,Null,2005/2006,BRACKEN ROAD,STEWART DRIVE,,Minor Crash,No,2006,,South,,0,,Flat,,,,,,Bright sun,2073400,1,0,1,2,,,0,,,,,,Wellington Region,Nil,2-way,Sealed,,0,0,,50,,Null,0,0,,47,Wellington City,Give way,,,,,0,0,Urban,0,,,Fine,Null
1761599,5914108,26205,,520202,0,,0,1,,North,2005/2006,SH 1N,PENROSE OFF NBD,,Non-Injury Crash,Yes,2006,,North,,0,,Flat,,,,,,Bright sun,612300,0,0,0,3,,,0,,,,,,Auckland Region,Nil,1-way,Sealed,,0,0,,100,,Off,0,0,,76,Auckland,Nil,,,,,1,0,Open,0,,,Fine,Null
1802412,5816086,26206,,530100,0,,0,2,,Null,2006/2007,TE AROHA ST,PEACHGROVE ROAD,,Non-Injury Crash,No,2006,,East,,0,,Flat,,,,,,Bright sun,895400,0,0,0,3,,,0,,,,,,Waikato Region,Nil,2-way,Sealed,,0,0,,50,,Null,0,0,,16,Hamilton City,Traffic Signals,,,,,0,0,Urban,0,,,Fine,Null
1770000,5914246,26207,,522722,0,0,0,0,0,North,2006/2007,ABERFELDY AVENUE,PALMCREST GROVE,,Minor Crash,No,2006,0,South,0,0,0,Flat,0,,0,,0,Dark,681329,1,0,0,2,0,0,0,0,0,,0,0,Auckland Region,Nil,2-way,Sealed,0,0,0,0,50,0,On,1,0,,76,Auckland,Nil,0,0,0,1,0,0,Urban,0,0,0,Fine,Null
1758391,5917650,26208,,516001,0,,0,2,,North,2005/2006,SH 1N,NEWMARKET VDT,,Non-Injury Crash,Yes,2006,,North,,0,,Flat,,,,,,Bright sun,490800,0,0,0,6,,,0,,,,,,Auckland Region,Bridge,2-way,Sealed,,0,0,,80,,Off,0,0,,76,Auckland,Nil,,,,,0,0,Open,0,,,Fine,Null
1757038,5915403,26209,,515802,0,0,0,2,0,West,2005/2006,WATLING ST,FERRYHILL ROAD,,Non-Injury Crash,No,2006,0,West,0,0,0,Flat,0,,0,,0,Unknown,447801,0,0,0,2,0,0,0,0,1,,0,0,Auckland Region,Nil,2-way,Sealed,0,0,0,0,50,0,Off,0,0,,76,Auckland,Nil,0,0,0,0,0,0,Urban,0,0,0,Fine,Null
1406964,4918149,26210,,603602,1,,0,1,,Null,2006/2007,SH 1S,ST DAVID ST,,Minor Crash,Yes,2006,,South,,0,,Flat,,,,,,Overcast,2866700,1,0,0,2,,,0,,,,,,Otago Region,Nil,1-way,Sealed,,0,0,,50,,Null,0,0,,71,Dunedin City,Give way,,,,,0,0,Urban,0,,,Heavy rain,Null
1755024,5913735,26211,,518803,0,,0,1,,Null,2005/2006,DENBIGH AVENUE,DOMINION ROAD,,Non-Injury Crash,No,2006,,North,,0,,Flat,,,,,,Bright sun,582500,0,0,0,4,,,0,,,,,,Auckland Region,Nil,2-way,Sealed,,0,0,,50,,Off,0,0,,76,Auckland,Give way,,,,,1,0,Urban,0,,,Fine,Null
1261035,4850890,26212,75,610072,0,0,0,0,0,West,2006/2007,RIMU-SEAWARD DOWNS ROAD,MOKOTUA ROAD,,Serious Crash,No,2006,0,East,1,0,0,Hill Road,0,Labour Weekend,0,,0,Dark,3163300,0,0,0,2,0,0,0,0,0,,0,0,Southland Region,Nil,2-way,Sealed,0,0,1,0,100,0,None,1,0,,73,Southland District,Unknown,0,0,0,0,0,0,Open,0,0,0,Heavy rain,Strong wind
1876501,5824363,26213,,537301,0,,0,2,,North,2006/2007,OTUMOETAI ROAD,DARRAGHS ROAD,,Non-Injury Crash,No,2006,,South,,0,,Flat,,,,,,Bright sun,1160803,0,0,0,2,,,0,,,,,,Bay of Plenty Region,Nil,2-way,Sealed,,0,0,,50,,Off,0,0,,23,Tauranga City,Nil,,,,,0,0,Urban,0,,,Fine,Null
1704956,5678851,26214,,551111,0,0,0,0,0,South,2006/2007,RICHMOND ROAD,KAIRAU ROAD EAST,,Minor Crash,No,2006,0,North,1,0,0,Flat,0,,0,,0,Dark,1565500,1,0,0,2,0,0,0,0,0,,0,0,Taranaki Region,Nil,2-way,Sealed,0,0,0,0,100,0,None,1,0,,33,New Plymouth District,Nil,0,0,0,0,0,0,Open,0,0,0,Fine,Null
1757016,5925371,26215,,509702,0,,0,2,,South,2005/2006,SH 1N,ESMONDE OFF NBD,,Non-Injury Crash,Yes,2006,,North,,0,,Flat,,,,,,Dark,364601,0,0,0,2,,,0,,,,,,Auckland Region,Nil,1-way,Sealed,,0,0,,100,,Off,0,0,80,76,Auckland,Nil,,,,,0,0,Open,0,,,Fine,Null
1797308,5816895,26216,,528503,0,,0,2,,Null,2005/2006,DOMINION ROAD,WALL ST,,Non-Injury Crash,No,2006,,East,,0,,Flat,,,,,,Bright sun,906502,0,0,0,2,,,0,,,,,,Waikato Region,Nil,2-way,Sealed,,0,0,,50,,Null,0,0,,16,Hamilton City,Give way,,,,,0,0,Urban,0,,,Fine,Null
1770024,5899251,26217,,523920,0,,0,2,,Null,2005/2006,GREAT SOUTH ROAD,TAKANINI ON SBD,,Minor Crash,No,2006,,North,,0,,Flat,,,,,,Overcast,768005,2,0,0,5,,,0,,,,,,Auckland Region,Motorway ramp,2-way,Sealed,,0,0,,70,,Null,0,0,,76,Auckland,Traffic Signals,,,,,0,0,Urban,0,,,Fine,Null
1763628,5459597,26218,,566302,0,0,0,1,1,South,2005/2006,PAEKAKARIKI HILL ROAD,SH 1N,,Minor Crash,No,2006,0,North,0,0,0,Hill Road,0,,0,,0,Dark,2009902,1,0,0,2,0,0,0,0,0,,0,0,Wellington Region,Nil,2-way,Sealed,0,0,0,0,100,0,None,0,0,,43,Kapiti Coast District,Nil,0,0,0,0,0,0,Open,0,0,0,Fine,Strong wind
1892404,5821202,26219,,536202,0,0,0,1,0,South,2005/2006,SIMPSON ROAD,PARTON ROAD,,Non-Injury Crash,No,2006,0,North,0,0,0,Flat,0,,0,,1,Dark,1204714,0,0,0,2,0,0,0,0,0,,0,0,Bay of Plenty Region,Nil,2-way,Sealed,0,0,0,0,50,0,On,0,0,,23,Tauranga City,Unknown,0,1,0,0,0,0,Urban,0,0,0,Fine,Null
1757460,5435357,26220,,569800,0,,0,2,,North,2005/2006,SH 2,KOROKORO ROAD N,,Non-Injury Crash,Yes,2006,,North,,0,,Flat,,,,,,Bright sun,2035002,0,0,0,2,,,0,,,,,,Wellington Region,Nil,1-way,Sealed,,0,0,,100,,Null,0,0,,46,Lower Hutt City,Nil,,,,,0,0,Open,1,,,Fine,Null
1821162,5833532,26221,,534500,0,0,0,1,0,Null,2006/2007,MORRINSVILLE TAHUNA ROAD,TE MIMI ROAD,,Serious Crash,No,2006,0,South,0,0,1,Flat,0,,0,,0,Overcast,1092300,1,0,0,2,0,0,0,0,0,,0,1,Waikato Region,Nil,2-way,Sealed,0,0,1,0,100,0,Null,0,0,,15,Matamata-Piako District,Nil,0,1,0,0,0,0,Open,0,0,0,Light rain,Null
1774643,5447259,26222,,566900,1,,0,1,,West,2006/2007,TULSA GROVE,HARTFORD CRESCENT,,Minor Crash,No,2006,,North,,0,,Flat,,,,,,Overcast,1911305,1,0,0,2,,,0,,,,,,Wellington Region,Nil,2-way,Sealed,,0,0,,50,,Null,0,0,,45,Upper Hutt City,Nil,,,,,0,0,Urban,0,,,Fine,Null
1765375,5915448,26223,,520301,0,,0,2,,Null,2005/2006,PILKINGTON ROAD,JELLICOE ROAD,,Non-Injury Crash,No,2006,,North,,0,,Flat,,Easter,,,,Bright sun,627900,0,0,0,4,,,0,,,,,,Auckland Region,Nil,2-way,Sealed,,0,0,,50,,Off,0,0,,76,Auckland,Give way,,,,,0,0,Urban,0,,,Fine,Null
1827677,5862907,26224,,533901,0,,0,2,,South,2006/2007,AWAITI CANAL ROAD,BURTON ROAD,,Minor Crash,No,2006,,North,,0,,Flat,,,,,,Dark,1065600,1,0,0,2,,,0,,,,,,Waikato Region,Nil,2-way,Sealed,,0,0,,100,,None,0,0,,12,Hauraki District,Nil,,,,,0,0,Open,0,,,Fine,Null
1582987,5401365,26225,,581841,0,,0,2,,Null,2005/2006,SH 6,KORERE-TOPHOUSE ROAD,,Minor Crash,Yes,2006,,South,,0,,Flat,,,,,,Bright sun,2375400,1,0,0,2,,,0,,,,,,Tasman Region,Nil,2-way,Sealed,,0,0,,100,,Null,0,0,,51,Tasman District,Give way,,,,,0,0,Open,0,,,Fine,Null
1767579,5907326,26226,,523602,0,,0,2,,Null,2005/2006,FERGUSON ROAD,CAPSTICK ROAD,,Non-Injury Crash,No,2006,,West,,0,,Flat,,,,,,Overcast,705800,0,0,0,2,,,0,,,,,,Auckland Region,Nil,2-way,Sealed,,0,0,,50,,Off,0,0,,76,Auckland,Stop,,,,,0,0,Urban,0,,,Fine,Null
1757768,5918539,26227,,514302,0,,0,3,,West,2006/2007,KHYBER PASS ROAD,MOUNTAIN ROAD,,Non-Injury Crash,No,2006,,West,,0,,Hill Road,,,,,,Overcast,442100,0,0,0,4,,,0,,,,,,Auckland Region,Nil,2-way,Sealed,,0,0,,50,,Off,0,0,,76,Auckland,Nil,,,,,0,0,Urban,0,,,Fine,Null
1240514,4906720,26228,65,610040,0,0,0,1,0,West,2005/2006,SH 6,DIPTON-CASTLEROCK ROAD,,Minor Crash,Yes,2006,0,East,0,0,0,Hill Road,1,,0,,0,Overcast,3070700,1,0,0,2,0,0,0,0,0,,0,0,Southland Region,Nil,2-way,Sealed,0,0,0,0,100,0,Null,0,0,30,73,Southland District,Unknown,0,0,0,0,0,0,Open,0,0,0,Mist or Fog,Null
1431359,4992185,26229,,600826,0,,0,0,,East,2006/2007,FALCONERS ROAD,ROBERTSONS ROAD,,Serious Crash,No,2006,,West,,0,,Flat,,,,,,Bright sun,2833600,0,0,0,2,,,1,,,,,,Otago Region,Nil,2-way,Unsealed,,0,1,,100,,Null,0,0,,68,Waitaki District,Unknown,,,,,0,0,Open,0,,,Fine,Null
1804329,5814591,26230,,530700,0,0,0,1,0,North,2006/2007,CARRINGTON AVENUE,MASTERS AVENUE,,Non-Injury Crash,No,2006,0,South,0,0,1,Flat,0,,0,,0,Dark,888200,0,0,0,2,0,0,0,0,0,,0,1,Waikato Region,Nil,2-way,Sealed,0,0,0,0,50,0,On,0,0,,16,Hamilton City,Nil,0,0,0,1,0,0,Urban,0,0,0,Fine,Null
1934354,5619476,26231,,546300,1,,0,1,,Null,2005/2006,KENNEDY ROAD,MAADI ROAD,,Minor Crash,No,2006,,East,,0,,Flat,,,,,,Bright sun,1438800,1,0,0,5,,,0,,,,,,Hawke's Bay Region,Nil,2-way,Sealed,,0,0,,50,,Null,0,0,,31,Napier City,Stop,,,,,0,0,Urban,0,,,Fine,Null