X,Y,OBJECTID,advisorySpeed,areaUnitID,bicycle,bridge,bus,carStationWagon,cliffBank,crashDirectionDescription,crashFinancialYear,crashLocation1,crashLocation2,crashRoadSideRoad,crashSeverity,crashSHDescription,crashYear,debris,directionRoleDescription,ditch,fatalCount,fence,flatHill,guardRail,holiday,houseOrBuilding,intersection,kerb,light,meshblockId,minorInjuryCount,moped,motorcycle,NumberOfLanes,objectThrownOrDropped,otherObject,otherVehicleType,overBank,parkedVehicle,pedestrian,phoneBoxEtc,postOrPole,region,roadCharacter,roadLane,roadSurface,roadworks,schoolBus,seriousInjuryCount,slipOrFlood,speedLimit,strayAnimal,streetLight,suv,taxi,temporarySpeedLimit,tlaId,tlaName,trafficControl,trafficIsland,trafficSign,train,tree,truck,unknownVehicleType,urban,vanOrUtility,vehicle,waterRiver,weatherA,weatherB
1574986,5179330,26232,,593900,0,,0,2,,South,2006/2007,BROMLEY ROAD,RAYMOND ROAD,,Minor Crash,No,2006,,South,,0,,Flat,,,,,,Bright sun,2579501,1,0,0,2,,,0,,,,,,Canterbury Region,Nil,2-way,Sealed,,0,0,,50,,Null,0,0,,60,Christchurch City,Unknown,,,,,0,0,Urban,0,,,Fine,Null
1638608,5291060,26233,,581500,0,0,0,0,1,North,2005/2006,SH 1S,OKARAHIA STM CV,,Minor Crash,Yes,2006,0,South,0,0,0,Flat,0,,0,,0,Overcast,2310701,1,0,0,2,0,0,0,0,0,,0,1,Canterbury Region,Nil,2-way,Sealed,0,0,0,0,100,0,Null,0,0,,54,Kaikoura District,Nil,0,0,0,0,1,0,Open,0,0,0,Fine,Null
1758208,5920420,26234,,514103,0,,0,2,,Null,2005/2006,BEACH ROAD,TE TAOU CRESCENT,,Non-Injury Crash,No,2006,,North,,0,,Flat,,,,,,Bright sun,438306,0,0,0,5,,,0,,,,,,Auckland Region,Nil,2-way,Sealed,,0,0,,50,,Off,0,0,,76,Auckland,Give way,,,,,0,0,Urban,0,,,Fine,Null
1717658,6043409,26235,,503800,0,,0,1,,Null,2005/2006,TAUROA ST,ISOLA ST,,Non-Injury Crash,No,2006,,North,,0,,Flat,,,,,,Bright sun,107803,0,0,0,2,,,0,,,,,,Northland Region,Nil,2-way,Sealed,,0,0,,50,,Off,0,0,,2,Whangarei District,Nil,,,,,0,0,Urban,1,,,Null,Null
1769928,5879177,26236,,525922,0,,0,0,,South,2005/2006,BUCKLAND ROAD,KITCHENER ROAD,,Non-Injury Crash,No,2006,,North,,0,,Hill Road,,,,,,Overcast,823600,0,0,0,2,,,0,,,,,,Auckland Region,Nil,2-way,Sealed,,0,0,,100,,None,1,0,,76,Auckland,Nil,,,,,0,0,Open,0,,,Light rain,Null
1748957,5427242,26237,,573101,1,,0,1,,East,2005/2006,COURTENAY PLACE,TARANAKI ST,,Minor Crash,No,2006,,East,,0,,Flat,,,,,,Bright sun,2135600,1,0,0,2,,,0,,,,,,Wellington Region,Nil,2-way,Sealed,,0,0,,50,,Null,0,0,,47,Wellington City,Traffic Signals,,,,,0,0,Urban,0,,,Fine,Null
1756396,5916034,26238,,518201,0,,0,2,,Null,2005/2006,BALMORAL ROAD,HENLEY ROAD,,Non-Injury Crash,No,2006,,East,,0,,Flat,,,,,,Overcast,553400,0,0,0,4,,,0,,,,,,Auckland Region,Nil,2-way,Sealed,,0,0,,50,,Off,0,0,,76,Auckland,Traffic Signals,,,,,0,0,Urban,0,,,Light rain,Null
1817699,5825392,26239,,534500,0,,0,1,,South,2006/2007,SH 26,NORFOLK ROAD,,Minor Crash,Yes,2006,,North,,0,,Flat,,,,,,Bright sun,1091000,1,0,0,2,,,0,,,,,,Waikato Region,Nil,2-way,Sealed,,0,0,,100,,None,0,0,,15,Matamata-Piako District,Nil,,,,,0,0,Open,1,,,Fine,Null
1767572,5881833,26240,,525921,0,,0,2,,Null,2005/2006,HELVETIA ROAD,KAURI ROAD,,Non-Injury Crash,No,2006,,East,,0,,Flat,,,,,,Bright sun,820506,0,0,0,2,,,0,,,,,,Auckland Region,Nil,2-way,Sealed,,0,0,,50,,Off,0,0,,76,Auckland,Give way,,,,,0,0,Urban,0,,,Fine,Null
1763751,5909805,26241,,521901,0,,0,2,,Null,2006/2007,STATION ROAD,MASON AVENUE,,Non-Injury Crash,No,2006,,West,,0,,Flat,,,,,,Overcast,782600,0,0,0,2,,,0,,,,,,Auckland Region,Nil,2-way,Sealed,,0,0,,50,,Off,0,0,,76,Auckland,Stop,,,,,0,0,Urban,0,,,Light rain,Null
1788104,5857358,26242,,527210,0,0,0,1,0,North,2005/2006,SH 1N,TE KAUWHATA ROAD,,Non-Injury Crash,Yes,2006,0,North,0,0,1,Flat,0,,0,,1,Bright sun,936001,0,0,0,3,0,0,0,0,0,,0,0,Waikato Region,Nil,2-way,Sealed,0,0,0,0,100,0,Null,0,0,,13,Waikato District,Unknown,0,0,0,0,0,0,Open,0,0,0,Fine,Null
1757400,5920943,26243,,514101,0,,1,1,,Null,2005/2006,CUSTOMS ST WEST,ALBERT ST,,Non-Injury Crash,No,2006,,West,,0,,Flat,,,,,,Overcast,432800,0,0,0,4,,,0,,,,,,Auckland Region,Nil,2-way,Sealed,,0,0,,50,,Off,0,0,,76,Auckland,Traffic Signals,,,,,0,0,Urban,0,,,Fine,Null
1751969,5888649,26244,,521122,0,0,0,0,0,East,2006/2007,CLARKS BEACH ROAD,STEVENSON ROAD,,Minor Crash,No,2006,0,West,0,0,1,Flat,0,,0,,0,Dark,810607,1,0,0,2,0,0,0,0,0,,0,0,Auckland Region,Nil,2-way,Sealed,0,0,0,0,70,0,None,0,0,,76,Auckland,Nil,0,0,0,1,0,0,Urban,1,0,0,Fine,Null
1773719,5892845,26245,,521301,0,0,0,1,0,East,2006/2007,SUTTON ROAD,MURRAY ST,,Non-Injury Crash,No,2006,0,South,0,0,0,Flat,0,,0,,0,Dark,808502,0,0,0,2,0,0,0,0,0,,1,0,Auckland Region,Nil,2-way,Sealed,0,0,0,0,100,0,None,0,0,,76,Auckland,Nil,0,0,0,0,0,0,Open,0,0,0,Light rain,Null
1739537,5918944,26246,,513102,0,0,0,1,0,West,2005/2006,SCENIC DRIVE,WAITAKERE ROAD,,Serious Crash,No,2006,0,West,1,0,0,Hill Road,0,,0,,0,Dark,237402,0,0,0,2,0,0,0,0,0,,0,0,Auckland Region,Nil,2-way,Sealed,0,0,1,0,80,0,On,0,0,,76,Auckland,Nil,0,0,0,0,0,0,Open,0,0,0,Light rain,Null
1738551,5701648,26247,65,550700,0,0,0,1,0,South,2005/2006,SH 3,HILLS ROAD,,Minor Crash,Yes,2006,0,East,1,0,0,Flat,0,,0,,0,Overcast,1552600,1,0,0,2,0,0,0,0,0,,0,0,Taranaki Region,Nil,2-way,Sealed,0,0,0,0,100,0,Null,0,0,,33,New Plymouth District,Nil,0,0,0,0,0,0,Open,0,0,0,Light rain,Null
1748500,5913065,26248,,511401,0,,0,2,,Null,2006/2007,TITIRANGI ROAD,CROYDON ROAD,,Non-Injury Crash,No,2006,,East,,0,,Flat,,,,,,Dark,262705,0,0,0,2,,,0,,,,,,Auckland Region,Nil,2-way,Sealed,,0,0,,50,,On,0,0,,76,Auckland,Give way,,,,,0,0,Urban,0,,,Light rain,Null
1763139,5437351,26249,,568303,1,,0,1,,Null,2006/2007,CAMBRIDGE TERRACE,VOGEL ST,,Minor Crash,No,2006,,North,,0,,Flat,,,,,,Bright sun,1953400,1,0,0,2,,,0,,,,,,Wellington Region,Nil,2-way,Sealed,,0,0,,50,,Null,0,0,,46,Lower Hutt City,Give way,,,,,0,0,Urban,0,,,Fine,Null
1847586,5776005,26250,,535261,0,0,0,0,1,North,2005/2006,SH 1N,WILTSDOWN EAST,,Non-Injury Crash,Yes,2006,0,North,0,0,0,Hill Road,0,,0,,0,Dark,1133900,0,0,0,2,0,0,0,0,0,,0,0,Waikato Region,Nil,2-way,Sealed,0,0,0,0,100,0,None,0,0,,19,South Waikato District,Unknown,0,0,0,0,1,0,Open,0,0,0,Light rain,Null
1718780,6048656,26251,,502300,0,,0,1,,Null,2005/2006,KAMO ROAD,BEDLINGTON ST,,Minor Crash,No,2006,,South,,0,,Flat,,,,,,Bright sun,89400,1,0,0,4,,,0,,,1,,,Northland Region,Nil,2-way,Sealed,,0,0,,50,,Off,0,0,,2,Whangarei District,Nil,,,,,0,0,Urban,0,,,Fine,Null
1748878,5914434,26252,,511302,0,0,0,0,0,West,2006/2007,RIMU ST,HINEKOHU ST,,Non-Injury Crash,No,2006,0,West,0,0,0,Flat,0,,0,,0,Dark,268200,0,0,0,2,0,0,0,0,0,,0,0,Auckland Region,Nil,2-way,Sealed,0,0,0,0,50,0,On,0,0,,76,Auckland,Nil,1,0,0,1,0,0,Urban,1,0,0,Fine,Null
1569617,5175813,26253,,591101,0,0,0,2,0,South,2005/2006,HACKTHORNE ROAD,CASHMERE ROAD,,Minor Crash,No,2006,0,North,0,0,0,Hill Road,0,,0,,0,Overcast,2550400,1,0,0,2,0,0,0,0,1,,0,0,Canterbury Region,Nil,2-way,Sealed,0,0,0,0,50,0,Null,0,0,,60,Christchurch City,Unknown,0,0,0,0,0,0,Urban,0,0,0,Fine,Null
1883923,5772304,26254,,540520,0,0,0,1,0,North,2006/2007,SH 5,DEVON ST WEST,,Minor Crash,Yes,2006,0,North,0,0,0,Flat,0,,0,,1,Dark,1240400,1,0,0,2,0,0,0,0,0,,0,0,Bay of Plenty Region,Nil,2-way,Sealed,0,0,0,0,50,0,On,0,0,,24,Rotorua District,Nil,0,1,0,0,0,0,Urban,0,0,0,Fine,Null
1789723,5825365,26255,,527912,0,0,0,1,0,South,2006/2007,NGARUAWAHIA ROAD,SAULBREY ROAD,,Non-Injury Crash,No,2006,0,South,0,0,0,Flat,1,,0,,0,Overcast,976200,0,0,0,2,0,0,0,0,0,,0,0,Waikato Region,Nil,2-way,Sealed,0,0,0,0,100,0,Null,0,0,,13,Waikato District,Unknown,0,0,0,0,0,0,Open,0,0,0,Heavy rain,Null
1831334,5522566,26256,25,561902,0,,0,1,,Null,2006/2007,PAHIATUA TRACK,SUMMIT,,Serious Crash,No,2006,,North,,0,,Hill Road,,Labour Weekend,,,,Overcast,1799402,0,0,1,2,,,0,,,,,,Manawatū-Whanganui Region,Nil,2-way,Sealed,,0,1,,100,,Null,0,0,,40,Palmerston North City,Nil,,,,,0,0,Open,0,,,Fine,Null
1852061,5894948,26257,,533603,0,0,0,0,0,North,2005/2006,HIKUAI SETTLEMENT ROAD,DUCK CRK BR,,Non-Injury Crash,No,2006,0,South,0,0,0,Hill Road,0,,0,,0,Dark,1059612,0,0,0,2,0,0,0,1,0,,0,0,Waikato Region,Nil,2-way,Sealed,0,0,0,0,100,0,None,0,0,,11,Thames-Coromandel District,Unknown,0,0,0,1,0,0,Open,1,0,0,Fine,Null
1758731,5911333,26258,,519810,0,,0,1,,South,2005/2006,ONEHUNGA HARBOUR ROAD,ONEHUNGA OFF NBD,,Minor Crash,No,2006,,North,,0,,Flat,,,,,,Dark,602501,1,0,0,2,,,0,,,,,,Auckland Region,Nil,2-way,Sealed,,0,0,,50,,On,1,0,,76,Auckland,Nil,,,,,0,0,Urban,0,,,Fine,Null
1765964,5906413,26259,,522202,0,0,0,2,0,Null,2006/2007,TUI ROAD,GREAT SOUTH ROAD,,Non-Injury Crash,No,2006,0,North,0,0,0,Flat,0,,0,,0,Dark,665101,0,0,0,2,0,0,0,0,2,,0,0,Auckland Region,Nil,2-way,Sealed,0,0,0,0,50,0,On,0,0,,76,Auckland,Traffic Signals,0,0,0,0,0,0,Urban,1,0,0,Fine,Null
1574734,5177887,26260,,594020,0,,0,2,,Null,2006/2007,FERRY ROAD,RUTHERFORD ST,,Minor Crash,Yes,2006,,North,,0,,Flat,,,,,,Dark,2589203,2,0,0,2,,,0,,,,,,Canterbury Region,Nil,2-way,Sealed,,0,0,,50,,On,0,0,,60,Christchurch City,Traffic Signals,,,,,0,0,Urban,0,,,Fine,Null
1756942,5919170,26261,,514200,0,,0,1,,Null,2006/2007,SH 1N,1 LINK 16,,Non-Injury Crash,Yes,2006,,West,,0,,Flat,,,,,,Bright sun,412302,0,0,0,6,,,0,,,,,,Auckland Region,Motorway ramp,2-way,Sealed,,0,0,,80,,None,0,0,,76,Auckland,Nil,,,,,0,0,Open,1,,,Fine,Null
1718560,6044587,26262,,503600,0,,0,1,,Null,2005/2006,SH 1N,OTAIKA ROAD,,Non-Injury Crash,Yes,2006,,South,,0,,Flat,,,,,,Overcast,104200,0,0,0,2,,,0,,,,,,Northland Region,Nil,2-way,Sealed,,0,0,,50,,Off,1,0,,2,Whangarei District,Stop,,,,,0,0,Urban,0,,,Light rain,Null
1758420,5912918,26263,,519810,0,,0,1,,Null,2006/2007,TRAFALGAR ST,MANUKAU ROAD,,Minor Crash,No,2006,,West,,0,,Flat,,,,,,Overcast,598300,1,0,0,3,,,0,,,1,,,Auckland Region,Nil,2-way,Sealed,,0,0,,50,,Off,0,0,,76,Auckland,Traffic Signals,,,,,0,0,Urban,0,,,Fine,Null
1767725,5912932,26264,,522910,0,,0,2,,West,2005/2006,REEVES ROAD,UDYS ROAD,,Non-Injury Crash,No,2006,,East,,0,,Flat,,,,,,Bright sun,685800,0,0,0,2,,,0,,,,,,Auckland Region,Nil,2-way,Sealed,,0,0,,50,,Off,0,0,,76,Auckland,Give way,,,,,0,0,Urban,0,,,Null,Null
1583713,5477283,26265,,581602,0,0,0,0,0,Null,2006/2007,SH 60,ROSE ROAD,,Serious Crash,Yes,2006,0,North,0,0,0,Flat,0,Christmas New Year,0,,0,Dark,2345300,0,0,0,2,0,0,0,0,0,1,1,0,Tasman Region,Nil,2-way,Sealed,0,0,1,0,50,0,On,0,0,,51,Tasman District,Nil,0,1,0,0,0,0,Urban,1,0,0,Fine,Null
1756175,5929042,26266,,508510,0,,0,2,,Null,2006/2007,FORREST HILL ROAD,NILE ROAD,,Non-Injury Crash,No,2006,,South,,0,,Flat,,,,,,Dark,195900,0,0,0,2,,,0,,,,,,Auckland Region,Nil,2-way,Sealed,,0,0,,50,,On,0,0,,76,Auckland,Give way,,,,,0,0,Urban,0,,,Light rain,Null
1756284,5936934,26267,,506903,0,,0,2,,South,2005/2006,DEEP CREEK ROAD,GLAMORGAN DRIVE,,Non-Injury Crash,No,2006,,North,,0,,Hill Road,,,,,,Bright sun,165200,0,0,0,1,,,0,,,,,,Auckland Region,Nil,2-way,Sealed,,0,0,,50,,Off,0,0,,76,Auckland,Nil,,,,,0,0,Urban,0,,,Fine,Null
1765251,5900782,26268,,524821,0,0,0,2,0,North,2006/2007,FINLAYSON AVENUE,BURUNDI AVENUE,,Minor Crash,No,2006,0,North,0,0,0,Flat,0,,0,,0,Bright sun,774411,1,0,0,2,0,0,0,0,1,,0,0,Auckland Region,Nil,2-way,Sealed,0,0,0,0,50,0,Null,0,0,,76,Auckland,Unknown,0,0,0,0,0,0,Urban,0,0,0,Fine,Null
1754415,5924794,26269,,510500,0,0,0,2,0,West,2005/2006,ONEWA ROAD,PARK AVENUE,,Non-Injury Crash,No,2006,0,East,0,0,0,Hill Road,0,,0,,0,Dark,356100,0,0,0,4,0,0,0,0,0,,0,0,Auckland Region,Nil,2-way,Sealed,0,0,0,0,50,0,On,0,2,,76,Auckland,Nil,0,1,0,0,0,0,Urban,0,0,0,Heavy rain,Null
1752229,5432374,26270,,574002,0,,0,4,,West,2005/2006,SH 2,NGAURANGA ON NBD,,Minor Crash,Yes,2006,,West,,0,,Flat,,,,,,Overcast,2078302,2,0,0,2,,,0,,,,,,Wellington Region,Nil,1-way,Sealed,,0,0,,100,,Null,0,0,,47,Wellington City,Nil,,,,,0,0,Open,0,,,Fine,Null
1765929,5906462,26271,,522202,0,,0,3,,North,2006/2007,GREAT SOUTH ROAD,ST GEORGE ST,,Non-Injury Crash,No,2006,,South,,0,,Flat,,,,,,Bright sun,663900,0,0,0,4,,,0,,,,,,Auckland Region,Nil,2-way,Sealed,,0,0,,50,,Off,0,0,,76,Auckland,Nil,,,,,0,0,Urban,0,,,Fine,Null
1758939,5904315,26272,,524200,0,,1,1,,North,2005/2006,GEORGE BOLT MEMORIAL DRIV,IHUMATAO ROAD,,Non-Injury Crash,No,2006,,North,,0,,Flat,,,,,,Bright sun,727000,0,0,0,2,,,0,,,,,,Auckland Region,Nil,2-way,Sealed,,0,0,,100,,Null,0,0,,76,Auckland,Nil,,,,,0,0,Open,0,,,Fine,Null
1767457,5812341,26273,,526602,0,0,0,2,0,Null,2006/2007,SH 23,OKETE ROAD W,,Minor Crash,Yes,2006,0,South,0,0,0,Hill Road,0,,0,,0,Overcast,860500,4,0,0,2,0,0,0,0,0,,0,1,Waikato Region,Nil,2-way,Sealed,0,0,0,0,100,0,Null,0,0,,13,Waikato District,Give way,0,0,0,0,0,0,Open,0,0,0,Fine,Null
1757531,5912952,26274,,519810,0,,0,2,,Null,2005/2006,QUEENSTOWN ROAD,HERD ROAD,,Non-Injury Crash,No,2006,,South,,0,,Flat,,,,,,Dark,596700,0,0,0,4,,,0,,,,,,Auckland Region,Nil,2-way,Sealed,,0,0,,50,,On,0,0,,76,Auckland,Traffic Signals,,,,,0,0,Urban,0,,,Light rain,Null
1411404,4929149,26275,,601603,0,0,0,0,1,North,2005/2006,MOUNT CARGILL ROAD,BLUESKIN ROAD,,Minor Crash,No,2006,0,South,0,0,0,Hill Road,0,,0,,0,Twilight,2859000,2,0,0,2,0,0,0,0,0,,0,0,Otago Region,Nil,2-way,Sealed,0,0,0,0,100,0,None,1,0,,71,Dunedin City,Unknown,0,0,0,0,0,0,Open,0,0,0,Light rain,Null
1766904,5907658,26276,,523501,0,,0,2,,Null,2006/2007,BAIRDS ROAD,EAST TAMAKI ROAD,,Non-Injury Crash,No,2006,,South,,0,,Flat,,,,,,Overcast,700602,0,0,0,2,,,0,,,,,,Auckland Region,Nil,2-way,Sealed,,0,0,,50,,Off,0,0,,76,Auckland,Give way,,,,,0,0,Urban,0,,,Fine,Null
1875115,5724260,26277,,541335,0,0,0,1,0,North,2005/2006,SH 5,PALMER MILL ROAD,,Non-Injury Crash,Yes,2006,0,South,0,0,1,Flat,0,,0,,0,Dark,1277402,0,0,0,2,0,0,0,0,0,,0,0,Waikato Region,Nil,2-way,Sealed,0,0,0,0,100,0,None,0,0,,21,Taupo District,Unknown,0,0,0,1,0,0,Open,0,0,0,Fine,Null
1749107,5912993,26278,,511401,0,,0,1,,Null,2006/2007,SEABROOK AVENUE,WILLERTON AVENUE,,Serious Crash,No,2006,,East,,0,,Hill Road,,,,,,Overcast,264300,0,0,0,2,,,0,,,,,,Auckland Region,Nil,2-way,Sealed,,0,1,,50,,None,1,0,,76,Auckland,Stop,,,,,0,0,Urban,0,,,Fine,Null
1718684,6045773,26279,,503000,0,,0,1,,Null,2005/2006,SH 1N,CENTRAL AVENUE,,Non-Injury Crash,Yes,2006,,North,,0,,Hill Road,,,,,,Overcast,97800,0,0,0,4,,,0,,,,,,Northland Region,Nil,2-way,Sealed,,0,0,,50,,Off,0,0,,2,Whangarei District,Traffic Signals,,,,,0,0,Urban,1,,,Light rain,Null
1758892,5913793,26280,,519720,0,,0,1,,Null,2006/2007,CAMPBELL ROAD,ONEHUNGA MALL,,Minor Crash,No,2006,,West,,0,,Flat,,,,,,Twilight,593300,1,0,0,2,,,0,,,,,,Auckland Region,Nil,2-way,Sealed,,0,0,,50,,Off,0,0,,76,Auckland,Stop,,,,,0,0,Urban,1,,,Fine,Null
1760435,5912675,26281,,520000,0,0,0,1,0,Null,2005/2006,MAYS ROAD,FELIX ST,,Non-Injury Crash,No,2006,0,East,0,0,0,Flat,0,,0,,1,Dark,606300,0,0,0,2,0,0,0,0,0,,0,0,Auckland Region,Nil,2-way,Sealed,0,0,0,0,50,0,On,0,0,,76,Auckland,Stop,0,0,0,1,0,0,Urban,0,0,0,Fine,Null
1931613,5608421,26282,,545710,0,,0,2,,Null,2005/2006,PAKOWHAI ROAD,ELWOOD ROAD,,Non-Injury Crash,No,2006,,South,,0,,Flat,,,,,,Overcast,1471100,0,0,0,2,,,0,,,,,,Hawke's Bay Region,Nil,2-way,Sealed,,0,0,,100,,Null,0,0,,30,Hastings District,Give way,,,,,0,0,Open,0,,,Light rain,Null
1670706,6091286,26283,,501631,0,,0,2,,North,2005/2006,SH 1N,SETTLERS WAY,,Non-Injury Crash,Yes,2006,,North,,0,,Flat,,,,,,Dark,32501,0,0,0,2,,,0,,,,,,Northland Region,Nil,2-way,Sealed,,0,0,,100,,None,0,0,,1,Far North District,Nil,,,,,0,0,Open,1,,,Heavy rain,Null
1797789,5818769,26284,,528403,0,0,0,2,1,North,2005/2006,TE RAPA ROAD,SUNSHINE AVENUE,,Minor Crash,No,2006,0,North,0,0,0,Flat,0,,0,,0,Dark,907700,1,0,0,4,0,0,0,0,0,,0,0,Waikato Region,Nil,2-way,Sealed,0,0,0,0,60,0,On,0,0,,16,Hamilton City,Unknown,0,0,0,0,0,0,Urban,0,0,0,Fine,Null
1756254,5927469,26285,,507900,0,,0,3,,North,2005/2006,SH 1N,NORTHCOTE OBR,,Non-Injury Crash,Yes,2006,,North,,0,,Flat,,,,,,Dark,305201,0,0,0,3,,,0,,,,,,Auckland Region,Motorway ramp,1-way,Sealed,,0,0,,100,,On,0,0,,76,Auckland,Nil,,,,,0,0,Open,0,,,Light rain,Null
2011129,5731412,26286,,543601,0,0,0,0,1,East,2006/2007,SH 2,HIHIROROA ROAD,,Minor Crash,Yes,2006,0,East,0,0,0,Hill Road,0,Labour Weekend,0,,0,Dark,1352300,1,0,0,2,0,0,0,0,0,,0,0,Gisborne Region,Nil,2-way,Sealed,0,0,0,0,100,0,None,1,0,,28,Gisborne District,Nil,0,0,0,0,0,0,Open,0,0,0,Fine,Null
1743989,5887279,26287,,521151,0,0,0,1,0,Null,2005/2006,CEMETERY ROAD,GIVEN ROAD,,Non-Injury Crash,No,2006,0,West,0,0,1,Flat,0,,0,,0,Dark,830200,0,0,0,0,0,0,0,0,0,,0,0,Auckland Region,Nil,2-way,Sealed,0,0,0,0,100,0,None,0,0,,76,Auckland,Nil,0,0,0,0,0,0,Open,0,0,0,Fine,Null
1768421,5900632,26288,,525101,0,,0,1,,South,2006/2007,WEYMOUTH ROAD,RUSSELL ROAD,,Non-Injury Crash,No,2006,,North,,0,,Flat,,,,,,Dark,771100,0,0,0,2,,,0,,,,,,Auckland Region,Nil,2-way,Sealed,,0,0,,50,,On,1,0,,76,Auckland,Nil,,,,,0,0,Urban,0,,,Fine,Null
1773409,5445295,26289,,567300,1,,0,1,,Null,2006/2007,FERGUSSON DRIVE,MAIN ST,,Minor Crash,No,2006,,West,,0,,Flat,,,,,,Bright sun,1892500,1,0,0,2,,,0,,,,,,Wellington Region,Nil,2-way,Sealed,,0,0,,50,,Null,0,0,,45,Upper Hutt City,Give way,,,,,0,0,Urban,0,,,Fine,Null
1770582,5445409,26290,,564601,0,0,0,3,0,Null,2005/2006,SH 2,MOONSHINE HILL ROAD,,Minor Crash,Yes,2006,0,East,0,0,0,Flat,0,,0,,0,Overcast,1903802,1,0,0,3,0,0,0,0,0,,0,0,Wellington Region,Nil,2-way,Sealed,0,0,0,0,100,0,Null,0,0,,45,Upper Hutt City,Give way,0,0,0,1,0,0,Open,0,0,0,Fine,Null
1876713,5819503,26291,,537601,0,,0,1,,Null,2005/2006,FRASER ST,CHADWICK ROAD,,Non-Injury Crash,No,2006,,North,,0,,Flat,,,,,,Bright sun,1176400,0,0,0,2,,,0,,,,,,Bay of Plenty Region,Nil,2-way,Sealed,,0,0,,50,,Off,0,0,,23,Tauranga City,Nil,,,,,0,0,Urban,1,,,Fine,Null
1822463,5462395,26292,,578902,0,,0,2,,Null,2005/2006,SH 2,INTERMEDIATE ST,,Minor Crash,Yes,2006,,East,,0,,Flat,,,,,,Bright sun,2231900,1,0,0,2,,,0,,,,,,Wellington Region,Nil,2-way,Sealed,,0,0,,50,,Null,0,0,,48,Masterton District,Give way,,,,,0,0,Urban,0,,,Fine,Null
1801168,5815848,26293,,529900,0,,0,1,,North,2005/2006,RIVER ROAD,ONEILL ST,,Non-Injury Crash,No,2006,,North,,0,,Flat,,,,,,Overcast,862800,0,0,0,2,,,0,,,,,,Waikato Region,Bridge,2-way,Sealed,,0,0,,50,,Off,0,0,,16,Hamilton City,Nil,,,,,1,0,Urban,0,,,Fine,Null
1807727,5871926,26294,,533901,0,,0,1,,East,2006/2007,SH 25,SH 2,,Non-Injury Crash,Yes,2006,,West,,0,,Flat,,Labour Weekend,,,,Overcast,1069200,0,0,0,2,,,0,,,,,,Waikato Region,Nil,2-way,Sealed,,0,0,,100,,Null,0,0,,12,Hauraki District,Stop,,,,,0,0,Open,1,,,Fine,Null
1888089,5773444,26295,,538721,0,0,0,1,0,South,2005/2006,SH 30,BASLEY ROAD,,Non-Injury Crash,Yes,2006,0,South,0,0,1,Flat,0,,0,,0,Overcast,1254404,0,0,0,2,0,1,0,0,0,,0,0,Bay of Plenty Region,Nil,2-way,Sealed,0,0,0,0,60,0,Null,0,0,,24,Rotorua District,Give way,0,0,0,0,0,0,Urban,0,0,0,Light rain,Null
1757292,5920655,26296,,514102,0,,0,0,,Null,2005/2006,ALBERT ST,WYNDHAM ST,,Minor Crash,No,2006,,East,,0,,Hill Road,,,,,,Bright sun,433501,1,0,0,6,,,0,,,1,,,Auckland Region,Nil,2-way,Sealed,,0,0,,50,,Null,0,0,,76,Auckland,Traffic Signals,,,,,0,0,Urban,1,,,Light rain,Null
1759205,5916731,26297,,516001,0,,0,2,,South,2006/2007,SH 1N,MARKET OBR,,Non-Injury Crash,Yes,2006,,North,,0,,Flat,,,,,,Bright sun,491700,0,0,0,3,,,0,,,,,,Auckland Region,Nil,1-way,Sealed,,0,0,,100,,Off,0,0,,76,Auckland,Nil,,,,,0,0,Open,0,,,Light rain,Null
1799038,5814569,26298,,529000,0,,0,1,,North,2005/2006,SH 1N,KILLARNEY ROAD,,Minor Crash,Yes,2006,,South,,0,,Flat,,,,,,Overcast,918400,1,0,0,4,,,0,,,,,,Waikato Region,Nil,2-way,Sealed,,0,0,,60,,Null,1,0,,16,Hamilton City,Unknown,,,,,0,0,Urban,0,,,Fine,Null
1757333,5919932,26299,20,514103,0,,0,0,,Null,2005/2006,WAKEFIELD ST,MAYORAL DRIVE,,Non-Injury Crash,No,2006,,North,,0,,Hill Road,,,,,,Overcast,436600,0,0,0,2,,,0,,,1,,,Auckland Region,Nil,2-way,Sealed,,0,0,,50,,Off,0,0,,76,Auckland,Traffic Signals,,,,,0,0,Urban,1,,,Null,Null
1754302,5928180,26300,,508320,0,,0,2,,North,2006/2007,DIANA DRIVE,CHIVALRY ROAD,,Non-Injury Crash,No,2006,,North,,0,,Flat,,,,,,Bright sun,198200,0,0,0,2,,,0,,,,,,Auckland Region,Nil,2-way,Sealed,,0,0,,50,,Off,0,0,,76,Auckland,Traffic Signals,,,,,0,0,Urban,0,,,Fine,Null
1745088,5916417,26301,,510800,0,0,0,1,0,Null,2005/2006,HENDERSON VALLEY ROAD,WOODRUFFE AVENUE,,Non-Injury Crash,No,2006,0,North,0,0,0,Flat,0,,0,,0,Bright sun,241900,0,0,0,2,0,0,0,0,1,,0,0,Auckland Region,Nil,2-way,Sealed,0,0,0,0,50,0,Off,0,0,,76,Auckland,Give way,0,0,0,0,0,0,Urban,1,0,0,Null,Null
1757717,5930490,26302,,507710,0,,0,2,,Null,2006/2007,BEACH ROAD,CASTOR BAY ROAD,,Minor Crash,No,2006,,North,,0,,Flat,,,,,,Bright sun,314500,1,0,0,2,,,0,,,,,,Auckland Region,Nil,2-way,Sealed,,0,0,,50,,Off,0,0,,76,Auckland,Stop,,,,,0,0,Urban,0,,,Fine,Null