X,Y,OBJECTID,advisorySpeed,areaUnitID,bicycle,bridge,bus,carStationWagon,cliffBank,crashDirectionDescription,crashFinancialYear,crashLocation1,crashLocation2,crashRoadSideRoad,crashSeverity,crashSHDescription,crashYear,debris,directionRoleDescription,ditch,fatalCount,fence,flatHill,guardRail,holiday,houseOrBuilding,intersection,kerb,light,meshblockId,minorInjuryCount,moped,motorcycle,NumberOfLanes,objectThrownOrDropped,otherObject,otherVehicleType,overBank,parkedVehicle,pedestrian,phoneBoxEtc,postOrPole,region,roadCharacter,roadLane,roadSurface,roadworks,schoolBus,seriousInjuryCount,slipOrFlood,speedLimit,strayAnimal,streetLight,suv,taxi,temporarySpeedLimit,tlaId,tlaName,trafficControl,trafficIsland,trafficSign,train,tree,truck,unknownVehicleType,urban,vanOrUtility,vehicle,waterRiver,weatherA,weatherB
1741613,5918114,26303,,513214,0,0,0,1,0,North,2006/2007,CANDIA ROAD,COULTER ROAD N,,Minor Crash,No,2006,0,South,1,0,1,Flat,0,,0,,0,Overcast,238403,2,0,0,2,0,0,0,0,0,,0,0,Auckland Region,Nil,2-way,Sealed,0,0,0,0,70,0,Off,0,0,,76,Auckland,Nil,0,0,0,0,0,0,Urban,0,0,0,Fine,Null
1764316,5905629,26304,,524303,0,,0,2,,Null,2006/2007,HILL ROAD,HILLCREST ROAD,,Non-Injury Crash,No,2006,,North,,0,,Flat,,,,,,Dark,657601,0,0,0,2,,,0,,,,,,Auckland Region,Nil,2-way,Sealed,,0,0,,50,,On,0,0,,76,Auckland,Nil,,,,,1,0,Urban,0,,,Fine,Null
1812606,5455543,26305,,579700,0,,0,2,,Null,2005/2006,SH 2,MEMORIAL SQUARE,,Minor Crash,Yes,2006,,South,,0,,Flat,,,,,,Bright sun,2258900,1,0,0,2,,,0,,,,,,Wellington Region,Nil,2-way,Sealed,,0,0,,50,,Null,0,0,,49,Carterton District,Give way,,,,,0,0,Urban,1,,,Fine,Null
1745378,5920378,26306,,513301,0,,0,2,,Null,2005/2006,CENTRAL PARK DRIVE,LINCOLN ROAD,,Minor Crash,No,2006,,South,,0,,Flat,,,,,,Dark,230302,3,0,0,4,,,0,,,,,,Auckland Region,Nil,2-way,Sealed,,0,0,,50,,On,0,0,,76,Auckland,Traffic Signals,,,,,0,0,Urban,1,,,Fine,Null
1804907,5791017,26307,,531003,0,0,0,1,0,North,2006/2007,TE RAHU ROAD,CAMBRIDGE ROAD,,Non-Injury Crash,No,2006,0,North,0,0,1,Flat,0,,0,,0,Dark,968501,0,0,0,2,0,0,0,0,0,,0,0,Waikato Region,Nil,2-way,Sealed,0,0,0,0,50,0,On,0,0,,17,Waipa District,Nil,0,0,0,1,0,0,Urban,0,0,0,Fine,Null
1713302,6051826,26308,,501802,0,,0,2,,West,2006/2007,PIPIWAI ROAD,OLD LOOP ROAD,,Minor Crash,No,2006,,West,,0,,Flat,,,,,,Overcast,69300,3,0,0,2,,,0,,,,,,Northland Region,Nil,2-way,Sealed,,0,0,,100,,None,0,0,,2,Whangarei District,Nil,,,,,0,0,Open,0,,,Heavy rain,Null
1572371,5286520,26309,55,585506,0,,0,1,,West,2005/2006,SH 7,SH 7A,,Minor Crash,Yes,2006,,West,,0,,Hill Road,,,,,,Overcast,2428001,1,0,0,2,,,0,,,,,,Canterbury Region,Nil,2-way,Sealed,,0,0,,100,,Null,0,0,,58,Hurunui District,Unknown,,,,,1,0,Open,0,,,Light rain,Null
1755234,5929899,26310,,508510,0,0,0,1,0,South,2006/2007,SH 1N,SUNNYNOOK OBR,,Non-Injury Crash,Yes,2006,0,South,0,0,0,Hill Road,1,,0,,0,Dark,194409,0,0,0,2,0,0,0,0,0,,0,0,Auckland Region,Nil,2-way,Sealed,0,0,0,0,100,0,On,0,0,80,76,Auckland,Nil,0,0,0,0,0,0,Open,0,0,0,Fine,Null
1792962,5560378,26311,,559230,0,0,0,1,0,East,2005/2006,SH 3,MAKIRIKIRI ROAD,,Minor Crash,Yes,2006,0,West,1,0,0,Flat,0,,0,,0,Bright sun,1733000,2,0,0,2,0,0,0,0,0,,0,0,Manawatū-Whanganui Region,Nil,2-way,Sealed,0,0,0,0,100,0,Null,0,0,,38,Rangitikei District,Nil,0,0,0,0,0,0,Open,0,0,0,Fine,Null
1765475,5440899,26312,,568201,0,0,0,0,0,Null,2005/2006,HIGH ST,EASTERN HUTT ROAD,,Serious Crash,No,2006,0,South,0,0,0,Flat,0,,0,,1,Overcast,1935000,0,0,1,2,0,0,0,0,0,,0,0,Wellington Region,Nil,2-way,Sealed,0,0,1,0,70,0,Null,0,0,,46,Lower Hutt City,Give way,0,0,0,0,0,0,Urban,0,0,0,Light rain,Null
1745083,5917939,26313,,510700,0,,0,1,,Null,2006/2007,LINCOLN ROAD,SEL PEACOCK DRIVE,,Non-Injury Crash,No,2006,,South,,0,,Flat,,,,,,Overcast,240200,0,0,0,2,,,0,,,,,,Auckland Region,Nil,2-way,Sealed,,0,0,,50,,Off,1,0,,76,Auckland,Traffic Signals,,,,,0,0,Urban,0,,,Light rain,Null
1243710,4850104,26314,,611100,1,,0,1,,Null,2005/2006,YARROW ST,MARY ST,,Serious Crash,No,2006,,South,,0,,Flat,,Queens Birthday,,,,Overcast,3135300,0,0,0,2,,,0,,,,,,Southland Region,Nil,2-way,Sealed,,0,1,,50,,Null,0,0,,75,Invercargill City,Give way,,,,,0,0,Urban,0,,,Fine,Null
1245416,4851751,26315,,611001,0,,0,1,,Null,2006/2007,RACECOURSE ROAD,HERBERT ST,,Minor Crash,No,2006,,South,,0,,Flat,,,,,,Bright sun,3129100,1,0,0,2,,,0,,,,,,Southland Region,Nil,2-way,Sealed,,0,0,,50,,Null,1,0,,75,Invercargill City,Give way,,,,,0,0,Urban,0,,,Fine,Null
1459464,5083250,26316,,599400,0,,0,2,,East,2006/2007,WAI-ITI ROAD,NILE ST,,Minor Crash,No,2006,,West,,0,,Flat,,,,,,Bright sun,2789100,2,0,0,2,,,0,,,,,,Canterbury Region,Nil,2-way,Sealed,,0,0,,50,,Null,0,0,,64,Timaru District,Nil,,,,,0,0,Urban,0,,,Fine,Strong wind
1566698,5179327,26317,,590300,0,,0,0,,East,2005/2006,BLENHEIM ROAD,WHARENUI ROAD,,Minor Crash,No,2006,,West,,0,,Flat,,,,,,Bright sun,2538800,1,0,0,4,,,0,,,,,,Canterbury Region,Nil,2-way,Sealed,,0,0,,60,,Null,1,0,,60,Christchurch City,Unknown,,,,,0,0,Urban,1,,,Fine,Null
1751775,5432014,26318,,574303,0,0,0,5,0,Null,2006/2007,SH 2,HUTT ROAD,,Minor Crash,Yes,2006,0,South,0,0,0,Flat,1,Labour Weekend,0,,0,Overcast,2090402,1,0,0,2,0,0,0,0,0,,0,0,Wellington Region,Nil,1-way,Sealed,0,0,0,0,100,0,Null,0,0,,47,Wellington City,Nil,0,0,0,0,0,0,Open,0,0,0,Heavy rain,Strong wind
1441592,5007999,26319,,601010,0,,0,0,,North,2005/2006,KENILWORTH ROAD,FERNBROOK ROAD,,Minor Crash,No,2006,,South,,0,,Flat,,,,,,Bright sun,2848100,1,0,0,2,,,0,,,1,,,Otago Region,Nil,2-way,Sealed,,0,0,,50,,Null,0,0,,68,Waitaki District,Nil,,,,,0,0,Urban,1,,,Fine,Null
1801006,5571236,26320,,559220,0,0,0,0,0,East,2006/2007,MAKUHOU ROAD,TURAKINA VALLEY ROAD,,Serious Crash,No,2006,0,West,0,0,0,Flat,0,Labour Weekend,0,,0,Overcast,1728000,0,0,0,2,0,0,0,1,0,,0,0,Manawatū-Whanganui Region,Nil,2-way,Sealed,0,0,1,0,100,0,Null,1,0,,38,Rangitikei District,Nil,0,0,0,0,0,0,Open,0,0,0,Fine,Null
1565017,5183102,26321,,588900,0,0,0,2,0,West,2005/2006,MEMORIAL AVENUE,GRAHAMS ROAD,,Minor Crash,No,2006,0,West,0,0,0,Flat,0,,0,,1,Bright sun,2518400,1,0,0,4,0,0,0,0,1,,0,0,Canterbury Region,Nil,2-way,Sealed,0,0,0,0,60,0,Null,0,0,,60,Christchurch City,Unknown,0,0,0,1,0,0,Urban,0,0,0,Fine,Null
1335100,4843913,26322,,607300,0,,0,2,,West,2006/2007,WAIKOATO VALLEY ROAD,PUAHO ROAD,,Minor Crash,No,2006,,East,,0,,Hill Road,,,,,,Overcast,3000500,3,0,0,2,,,0,,,,,,Otago Region,Nil,2-way,Unsealed,,0,0,,100,,Null,0,0,,72,Clutha District,Unknown,,,,,0,0,Open,0,,,Light rain,Null
1679864,5403171,26323,,581240,0,,0,1,,Null,2006/2007,SCOTT ST,STEPHENSON ST,,Minor Crash,No,2006,,East,,0,,Flat,,,,,,Bright sun,2299200,1,0,0,2,,,0,,,1,,,Marlborough Region,Nil,2-way,Sealed,,0,0,,50,,Null,0,0,,53,Marlborough District,Give way,,,,,0,0,Urban,0,,,Fine,Null
1765994,5908257,26324,,523402,0,,0,2,,Null,2005/2006,BAIRDS ROAD,ASHTON AVENUE,,Serious Crash,No,2006,,East,,0,,Flat,,,,,,Dark,698300,2,0,0,2,,,0,,,,,,Auckland Region,Nil,2-way,Sealed,,0,2,,50,,On,0,0,,76,Auckland,Give way,,,,,0,0,Urban,0,,,Fine,Null
1824616,5530828,26325,,562200,0,,0,1,,Null,2006/2007,SH 3,KEITH ST,,Minor Crash,Yes,2006,,East,,0,,Flat,,,,,,Overcast,1839702,1,0,0,4,,,0,,,,,,Manawatū-Whanganui Region,Nil,2-way,Sealed,,0,0,,50,,Null,0,0,,40,Palmerston North City,Stop,,,,,0,0,Urban,1,,,Fine,Null
1851089,5766478,26326,,535350,0,,0,1,,East,2005/2006,CHAMBERS ST,CAMPBELL ST,,Non-Injury Crash,No,2006,,West,,0,,Flat,,,,,,Overcast,1139200,0,0,0,2,,,0,,,,,,Waikato Region,Nil,2-way,Sealed,,0,0,,50,,Null,1,0,,19,South Waikato District,Unknown,,,,,0,0,Urban,0,,,Heavy rain,Null
1774990,5579048,26327,,556800,0,,0,1,,Null,2005/2006,PITT ST,LIVERPOOL ST,,Minor Crash,No,2006,,East,,0,,Flat,,,,,,Dark,1704300,1,0,0,2,,,0,,,,,,Manawatū-Whanganui Region,Nil,2-way,Sealed,,0,0,,50,,On,0,0,,37,Whanganui District,Give way,,,,,0,0,Urban,1,,,Heavy rain,Null
1800109,5816093,26328,,529700,0,,0,2,,East,2005/2006,WILLOUGHBY ST,MILL ST,,Non-Injury Crash,No,2006,,West,,0,,Flat,,,,,,Bright sun,909500,0,0,0,4,,,0,,,,,,Waikato Region,Nil,2-way,Sealed,,0,0,,50,,Null,0,0,,16,Hamilton City,Unknown,,,,,0,0,Urban,0,,,Fine,Null
1761869,5906695,26329,,524520,0,0,0,1,0,East,2005/2006,ROBERTSON ROAD,MASSEY ROAD,,Non-Injury Crash,No,2006,0,West,0,0,0,Flat,0,,0,,0,Overcast,735400,0,0,0,4,0,0,0,0,1,,0,0,Auckland Region,Nil,2-way,Sealed,0,0,0,0,50,0,Off,0,0,,76,Auckland,Nil,0,0,0,0,0,0,Urban,2,0,0,Fine,Null
1903322,5599328,26330,45,545841,0,0,0,0,0,South,2005/2006,SH 50,SALISBURY ROAD,,Minor Crash,Yes,2006,0,North,0,0,1,Hill Road,0,,0,,0,Bright sun,1462500,1,0,0,2,0,0,0,1,0,,0,0,Hawke's Bay Region,Nil,2-way,Sealed,0,0,0,0,100,0,Null,0,0,,30,Hastings District,Nil,0,0,0,0,1,0,Open,0,0,0,Fine,Null
1685555,6012088,26331,,504502,0,0,0,1,0,North,2006/2007,SH 12,WHAKAHARA ROAD,,Serious Crash,Yes,2006,0,North,0,0,0,Flat,1,,0,,0,Dark,122600,0,0,0,2,0,0,0,0,0,,0,0,Northland Region,Nil,2-way,Sealed,0,0,2,0,100,0,None,0,0,,3,Kaipara District,Nil,0,0,0,0,0,0,Open,0,0,0,Fine,Null
1757025,5920432,26332,,514102,0,,0,2,,North,2005/2006,HOBSON ST,WELLESLEY ST WEST,,Non-Injury Crash,No,2006,,North,,0,,Hill Road,,,,,,Overcast,433801,0,0,0,4,,,0,,,,,,Auckland Region,Nil,1-way,Sealed,,0,0,,50,,Off,0,0,,76,Auckland,Nil,,,,,0,0,Urban,0,,,Light rain,Null
1688590,6085381,26333,,501633,0,0,0,0,0,South,2005/2006,SH 1N,SMITH ROAD,,Non-Injury Crash,Yes,2006,0,North,1,0,0,Hill Road,0,,0,,0,Dark,36301,0,0,0,2,0,0,0,0,0,,0,0,Northland Region,Nil,2-way,Sealed,0,0,0,0,100,0,None,0,0,,1,Far North District,Nil,0,1,0,0,0,0,Open,1,0,0,Mist or Fog,Null
1600662,5451228,26334,45,581850,0,,0,1,,Null,2006/2007,SH 60,MOTUEKA BR N,,Serious Crash,Yes,2006,,West,,0,,Flat,,,,,,Bright sun,2369500,1,0,0,2,,,0,,,,,,Tasman Region,Nil,2-way,Sealed,,0,1,,80,,Null,1,0,,51,Tasman District,Nil,,,,,0,0,Open,0,,,Fine,Null
1802051,5814169,26335,,530300,0,0,0,1,0,North,2006/2007,GREY ST,ALBERT ST,,Minor Crash,No,2006,0,North,0,0,0,Flat,0,Labour Weekend,0,,0,Twilight,879900,1,0,0,2,0,0,0,0,0,,0,1,Waikato Region,Nil,2-way,Sealed,0,0,0,0,50,0,Off,1,0,,16,Hamilton City,Nil,0,0,0,0,0,0,Urban,0,0,0,Fine,Null
1870940,5783373,26336,,538863,0,0,0,2,1,South,2005/2006,SH 5,MARAEROA ROAD,,Non-Injury Crash,Yes,2006,0,North,0,0,0,Flat,0,,0,,0,Overcast,1265501,0,0,0,2,0,0,0,0,0,,0,0,Bay of Plenty Region,Nil,2-way,Sealed,0,0,0,0,100,0,Null,0,0,,24,Rotorua District,Unknown,0,0,0,0,0,0,Open,0,0,0,Light rain,Null
1809010,5871407,26337,,533901,0,0,0,0,1,West,2006/2007,SH 2,COXHEAD ROAD,,Non-Injury Crash,Yes,2006,0,East,0,0,0,Flat,0,,0,,0,Overcast,1069200,0,0,0,2,0,0,0,0,0,,0,0,Waikato Region,Nil,2-way,Sealed,0,0,0,0,100,0,None,0,0,,12,Hauraki District,Nil,0,0,0,0,0,0,Open,1,0,0,Fine,Null
1756760,5919874,26338,,514102,0,,0,1,,Null,2006/2007,HOBSON ST,PITT ST,,Non-Injury Crash,Yes,2006,,West,,0,,Flat,,,,,,Overcast,434802,0,0,0,5,,,0,,,,,,Auckland Region,Nil,1-way,Sealed,,0,0,,50,,Off,0,0,,76,Auckland,Traffic Signals,,,,,0,0,Urban,1,,,Fine,Null
1792204,5720014,26339,,532700,0,,0,1,,North,2005/2006,SH 4,TAPUIWAHINE ROAD,,Fatal Crash,Yes,2006,,North,,1,,Hill Road,,,,,,Overcast,1041800,2,0,0,2,,,0,,,,,,Manawatū-Whanganui Region,Nil,2-way,Sealed,,0,2,,100,,Null,0,0,,36,Ruapehu District,Nil,,,,,0,0,Open,1,,,Light rain,Null
1878441,5826186,26340,,537201,0,0,0,2,0,Null,2005/2006,CHAPEL ST,VALE ST N,,Serious Crash,No,2006,0,North,0,0,0,Flat,0,,1,,0,Bright sun,1155800,0,0,0,3,0,0,0,0,0,,0,0,Bay of Plenty Region,Nil,2-way,Sealed,0,0,1,0,50,0,Off,0,0,,23,Tauranga City,Give way,0,0,0,0,0,0,Urban,0,0,0,Fine,Null
1760515,5915616,26341,,520201,0,,0,2,,South,2005/2006,SH 1N,GREENLANE INT,,Non-Injury Crash,Yes,2006,,North,,0,,Flat,,,,,,Bright sun,613000,0,0,0,4,,,0,,,,,,Auckland Region,Nil,1-way,Sealed,,0,0,,100,,Off,0,0,,76,Auckland,Nil,,,,,0,0,Open,0,,,Fine,Null
1718744,6047588,26342,,502600,0,0,0,4,0,North,2005/2006,SH 1N,KENSINGTON AVENUE,,Non-Injury Crash,Yes,2006,0,South,0,0,0,Flat,0,,0,,0,Overcast,94700,0,0,0,2,0,0,0,0,3,,0,0,Northland Region,Nil,2-way,Sealed,0,0,0,0,50,0,Off,0,0,,2,Whangarei District,Nil,0,0,0,0,0,0,Urban,0,0,0,Fine,Null
1809594,5811968,26343,,527131,0,,0,0,,West,2006/2007,TAUWHARE ROAD,LEE MARTIN ROAD,,Non-Injury Crash,No,2006,,South,,0,,Flat,,,,,,Overcast,956001,0,0,0,2,,,0,,,,,,Waikato Region,Nil,2-way,Sealed,,0,0,,100,,Off,1,0,,13,Waikato District,Nil,,,,,1,0,Open,0,,,Fine,Null
1786296,5826940,26344,,526601,0,,0,0,,West,2005/2006,WAINGARO ROAD,TE PUROA ROAD,,Minor Crash,No,2006,,West,,0,,Flat,,,,,,Dark,853700,1,0,1,2,,,0,,,,,,Waikato Region,Nil,2-way,Sealed,,0,0,,100,,None,0,0,,13,Waikato District,Unknown,,,,,0,0,Open,0,,,Fine,Null
1826916,5883905,26345,,533502,0,,0,2,,Null,2006/2007,SH 25,TONY AVENUE,,Minor Crash,Yes,2006,,North,,0,,Flat,,,,,,Overcast,1055900,2,0,0,2,,,0,,,,,,Waikato Region,Nil,2-way,Sealed,,0,0,,70,,Null,0,0,,11,Thames-Coromandel District,Nil,,,,,0,0,Urban,1,,,Light rain,Null
1881553,5773599,26346,,539320,0,0,0,1,0,North,2005/2006,HINAU ST,TAWAVALE ST,,Non-Injury Crash,No,2006,0,South,0,0,0,Flat,0,,0,,0,Overcast,1231011,0,0,0,2,0,0,0,0,0,,0,1,Bay of Plenty Region,Nil,2-way,Sealed,0,0,0,0,50,0,Null,0,0,,24,Rotorua District,Give way,0,1,0,0,0,0,Urban,0,0,0,Fine,Null
1767943,5902329,26347,,525001,0,0,0,1,0,West,2005/2006,BROWNS ROAD,MAICH ROAD,,Non-Injury Crash,No,2006,0,East,0,0,0,Flat,0,,0,,0,Bright sun,750300,0,0,0,2,0,0,0,0,1,,0,0,Auckland Region,Nil,2-way,Sealed,0,0,0,0,50,0,Off,0,0,,76,Auckland,Nil,0,0,0,0,1,0,Urban,0,0,0,Fine,Null
1871531.2958,5817155.0758,26348,,536630,0,0,0,1,0,West,2006/2007,SH 29,GARGAN ROAD,,Minor Crash,Yes,2006,0,West,0,0,0,Hill Road,0,,0,,0,Dark,1191301,1,0,0,3,0,0,0,1,0,,0,0,Bay of Plenty Region,Nil,2-way,Sealed,0,0,0,0,100,0,None,0,0,,23,Tauranga City,Nil,0,0,0,0,0,0,Open,0,0,0,Fine,Null
1770584,5894862,26349,,521201,0,,0,2,,West,2006/2007,HINGAIA ROAD,PARAREKAU ROAD,,Serious Crash,No,2006,,East,,0,,Flat,,,,,,Bright sun,806603,0,0,0,2,,,0,,,,,,Auckland Region,Nil,2-way,Sealed,,0,2,,70,,Off,0,0,,76,Auckland,Nil,,,,,0,0,Urban,0,,,Fine,Null
1767774,5904295,26350,,524604,0,,0,1,,Null,2006/2007,GREAT SOUTH ROAD,REDOUBT ROAD N,,Non-Injury Crash,No,2006,,South,,0,,Flat,,,,,,Dark,780302,0,0,0,2,,,0,,,,,,Auckland Region,Nil,2-way,Sealed,,0,0,,50,,On,0,0,,76,Auckland,Traffic Signals,,,,,0,0,Urban,1,,,Fine,Null
1800890,5814759,26351,,529700,0,,1,1,,Null,2006/2007,TRISTRAM ST,THACKERAY ST,,Non-Injury Crash,No,2006,,East,,0,,Flat,,,,,,Bright sun,912100,0,0,0,2,,,0,,,,,,Waikato Region,Nil,2-way,Sealed,,0,0,,50,,Off,0,0,,16,Hamilton City,Give way,,,,,0,0,Urban,0,,,Fine,Null
1797146,5849237,26352,,527210,0,0,0,1,1,West,2005/2006,TAHUNA ROAD,JOHNSON ROAD W,,Serious Crash,No,2006,0,West,1,0,1,Flat,0,,0,,0,Bright sun,939400,0,0,0,2,0,0,0,0,0,,0,1,Waikato Region,Nil,2-way,Sealed,0,0,1,0,100,0,Null,0,0,,13,Waikato District,Unknown,0,0,0,0,0,0,Open,0,0,0,Fine,Null
1800950,5814265,26353,,529100,0,,0,2,,Null,2006/2007,PALMERSTON ST,FOW ST,,Minor Crash,No,2006,,West,,0,,Flat,,,,,,Overcast,931800,2,0,0,2,,,0,,,,,,Waikato Region,Nil,2-way,Sealed,,0,0,,50,,Off,0,0,,16,Hamilton City,Nil,,,,,0,0,Urban,0,,,Fine,Null
1742965,5924054,26354,,513410,0,,0,2,,North,2005/2006,FRED TAYLOR DRIVE,DON BUCK ROAD,,Non-Injury Crash,No,2006,,South,,0,,Flat,,,,,,Bright sun,224000,0,0,0,2,,,0,,,,,,Auckland Region,Nil,2-way,Sealed,,0,0,,50,,Off,0,0,,76,Auckland,Nil,,,,,0,0,Urban,0,,,Fine,Null
1817154,5804572,26355,,527501,0,,0,1,,Null,2005/2006,TAYLOR ST,GROSVENOR ST,,Non-Injury Crash,No,2006,,West,,0,,Flat,,,,,,Overcast,961100,0,0,0,2,,,0,,,,,,Waikato Region,Nil,2-way,Sealed,,0,0,,50,,Null,1,0,,17,Waipa District,Nil,,,,,0,0,Urban,0,,,Heavy rain,Null
1963560,5783731,26356,,542906,0,,0,0,,North,2005/2006,OHIWA LOOP ROAD,RUATUNA ROAD,,Serious Crash,No,2006,,North,,0,,Hill Road,,,,,,Bright sun,1338106,0,0,1,2,,,0,,,,,,Bay of Plenty Region,Nil,2-way,Sealed,,0,1,,100,,Null,0,0,,27,Ōpōtiki District,Unknown,,,,,0,0,Open,0,,,Fine,Null
1759058,5911796,26357,,519820,0,,0,1,,Null,2005/2006,NEILSON ST,ONEHUNGA MALL,,Non-Injury Crash,No,2006,,East,,0,,Flat,,,,,,Overcast,602401,0,0,0,4,,,0,,,,,,Auckland Region,Nil,2-way,Sealed,,0,0,,50,,Off,0,0,,76,Auckland,Traffic Signals,,,,,1,0,Urban,0,,,Heavy rain,Null
1771285,5900198,26358,,523911,0,0,0,2,0,South,2006/2007,PORCHESTER ROAD,SHERIFF PLACE,,Fatal Crash,No,2006,0,South,1,1,1,Flat,0,,0,,0,Overcast,767100,2,0,0,2,0,0,0,0,0,,0,0,Auckland Region,Nil,2-way,Sealed,0,0,0,0,80,0,None,0,0,,76,Auckland,Nil,0,0,0,1,0,0,Open,0,0,0,Fine,Null
1573589,5179867,26359,,594010,0,0,0,1,0,Null,2006/2007,LINWOOD AVENUE,ALDWINS ROAD,,Minor Crash,No,2006,0,West,0,0,0,Flat,0,,0,,0,Dark,2591800,1,0,0,3,0,0,0,0,0,,0,0,Canterbury Region,Nil,2-way,Sealed,0,0,0,0,60,0,On,0,0,,60,Christchurch City,Traffic Signals,0,1,0,0,0,0,Urban,0,0,0,Light rain,Null
1767535,5905524,26360,,524603,0,0,0,3,0,North,2005/2006,SH 1N,TE IRIRANGI OBR,,Minor Crash,Yes,2006,0,North,0,0,0,Flat,1,Easter,0,,0,Dark,780303,1,0,0,3,0,0,0,0,0,,0,0,Auckland Region,Nil,1-way,Sealed,0,0,0,0,100,0,On,0,0,,76,Auckland,Nil,0,0,0,0,0,0,Open,0,0,0,Fine,Null
1823616,5891054,26361,,533604,0,,0,2,,North,2005/2006,SH 25,TARARU CREEK ROAD,,Non-Injury Crash,Yes,2006,,North,,0,,Flat,,,,,,Twilight,1057201,0,0,0,2,,,0,,,,,,Waikato Region,Nil,2-way,Sealed,,0,0,,100,,None,0,0,,11,Thames-Coromandel District,Unknown,,,,,0,0,Open,0,,,Fine,Null
1758912,5919328,26362,,515902,0,0,0,1,0,North,2006/2007,PARNELL ROAD,ST STEPHENS AVENUE,,Non-Injury Crash,No,2006,0,North,0,0,0,Hill Road,0,,1,,0,Overcast,451500,0,0,0,2,0,0,0,0,0,,0,0,Auckland Region,Nil,2-way,Sealed,0,0,0,0,50,0,On,0,0,,76,Auckland,Nil,0,0,0,0,0,0,Urban,0,0,0,Fine,Null
1745798,5920531,26363,,513301,0,,0,1,,East,2005/2006,SH 16,LINCOLN ON EBD,,Minor Crash,Yes,2006,,East,,0,,Flat,,Easter,,,,Overcast,230200,1,0,0,2,,,0,,,,,,Auckland Region,Nil,1-way,Sealed,,0,0,,100,,Off,0,0,,76,Auckland,Nil,,,,,0,0,Open,1,,,Fine,Null
1751826,5917916,26364,,515001,0,,0,1,,West,2005/2006,SH 16,GT NORTH OBR,,Non-Injury Crash,Yes,2006,,West,,0,,Flat,,,,,,Bright sun,392200,0,0,0,3,,,0,,,,,,Auckland Region,Nil,1-way,Sealed,,0,0,,100,,Off,1,0,,76,Auckland,Nil,,,,,0,0,Open,0,,,Fine,Null
1923311,5596655,26365,,545851,0,0,0,1,0,South,2005/2006,SH 2,OLD MAIN ROAD,,Minor Crash,Yes,2006,0,North,0,0,0,Flat,0,,0,,0,Overcast,1463900,1,0,0,2,0,0,0,1,0,,0,0,Hawke's Bay Region,Nil,2-way,Sealed,0,0,0,0,100,0,Null,0,0,,30,Hastings District,Nil,0,0,0,0,0,0,Open,0,0,1,Light rain,Null
1800760,5830646,26366,,527123,0,,0,1,,Null,2006/2007,SH 1B,BANKIER ROAD,,Serious Crash,Yes,2006,,West,,0,,Flat,,,,,,Bright sun,949700,0,0,0,2,,,0,,,,,,Waikato Region,Nil,2-way,Sealed,,0,2,,100,,None,1,0,,13,Waikato District,Give way,,,,,0,0,Open,0,,,Fine,Null
1752545,5928877,26367,,508411,0,,0,1,,Null,2006/2007,SIMON ELLICE DRIVE,BAYVIEW ROAD,,Non-Injury Crash,No,2006,,North,,0,,Flat,,,,,,Overcast,184903,0,0,0,2,,,0,,,,,,Auckland Region,Nil,2-way,Sealed,,0,0,,50,,Off,0,0,,76,Auckland,Give way,,,,,0,0,Urban,1,,,Light rain,Null
1784154,5864188,26368,,527210,0,,0,4,,North,2005/2006,SH 1N,HAMPTON ON NBD,,Minor Crash,Yes,2006,,North,,0,,Flat,,,,,,Bright sun,935600,1,0,0,2,,,0,,,,,,Waikato Region,Nil,2-way,Sealed,,0,0,,100,,Null,0,0,50,13,Waikato District,Unknown,,,,,0,0,Open,0,,,Fine,Null
1755584,5928571,26369,,508320,0,,0,2,,North,2005/2006,WAIRAU ROAD,ARCHERS ROAD,,Non-Injury Crash,No,2006,,North,,0,,Flat,,,,,,Dark,198500,0,0,0,4,,,0,,,,,,Auckland Region,Nil,2-way,Sealed,,0,0,,50,,On,0,0,,76,Auckland,Nil,,,,,0,0,Urban,0,,,Light rain,Null
1772760,5907375,26370,,523713,0,0,0,1,1,North,2005/2006,ORMISTON ROAD,SHEPHERDS LANE,,Minor Crash,No,2006,0,South,0,0,0,Hill Road,0,,0,,0,Overcast,712600,1,0,0,3,0,0,0,0,0,,0,0,Auckland Region,Nil,2-way,Sealed,0,0,0,0,100,0,None,0,0,,76,Auckland,Nil,0,0,0,0,0,0,Open,0,0,0,Light rain,Null
1303597,5053392,26371,,608304,0,,0,1,,Null,2006/2007,LAKEVIEW TERRACE,CAPELL AVENUE,,Minor Crash,No,2006,,West,,0,,Flat,,,,,,Bright sun,3028003,2,0,0,2,,,0,,,,,,Otago Region,Nil,2-way,Sealed,,0,0,,50,,Null,0,0,,70,Queenstown-Lakes District,Give way,,,,,1,0,Urban,0,,,Fine,Null
1802273,5814936,26372,,530200,0,,0,3,,West,2006/2007,CLYDE ST,NIXON ST,,Non-Injury Crash,No,2006,,East,,0,,Hill Road,,,,,,Overcast,892900,0,0,0,2,,,0,,,,,,Waikato Region,Nil,2-way,Sealed,,0,0,,50,,Off,0,0,,16,Hamilton City,Nil,,,,,0,0,Urban,0,,,Fine,Null