X,Y,OBJECTID,advisorySpeed,areaUnitID,bicycle,bridge,bus,carStationWagon,cliffBank,crashDirectionDescription,crashFinancialYear,crashLocation1,crashLocation2,crashRoadSideRoad,crashSeverity,crashSHDescription,crashYear,debris,directionRoleDescription,ditch,fatalCount,fence,flatHill,guardRail,holiday,houseOrBuilding,intersection,kerb,light,meshblockId,minorInjuryCount,moped,motorcycle,NumberOfLanes,objectThrownOrDropped,otherObject,otherVehicleType,overBank,parkedVehicle,pedestrian,phoneBoxEtc,postOrPole,region,roadCharacter,roadLane,roadSurface,roadworks,schoolBus,seriousInjuryCount,slipOrFlood,speedLimit,strayAnimal,streetLight,suv,taxi,temporarySpeedLimit,tlaId,tlaName,trafficControl,trafficIsland,trafficSign,train,tree,truck,unknownVehicleType,urban,vanOrUtility,vehicle,waterRiver,weatherA,weatherB
1796734,5817447,26373,,528503,0,,0,1,,South,2005/2006,ODLIN CRESCENT,ROTOKAURI ROAD,,Non-Injury Crash,No,2006,,North,,0,,Flat,,,,,,Bright sun,906410,0,0,0,2,,,0,,,,,,Waikato Region,Nil,2-way,Sealed,,0,0,,50,,Null,0,0,,16,Hamilton City,Unknown,,,,,0,0,Urban,1,,,Fine,Null
1769602,5442744,26374,,567800,0,,0,2,,Null,2006/2007,CHATSWORTH ROAD,TINIROA GROVE,,Minor Crash,No,2006,,South,,0,,Hill Road,,,,,,Overcast,1897600,1,0,0,2,,,0,,,,,,Wellington Region,Nil,2-way,Sealed,,0,0,,50,,Null,0,0,,45,Upper Hutt City,Give way,,,,,0,0,Urban,0,,,Fine,Null
1620473,5430091,26375,,583000,0,,0,1,,West,2005/2006,BISLEY WALK,SH 6,,Minor Crash,No,2006,,East,,0,,Flat,,,,,,Dark,2333100,1,0,0,2,,,0,,,1,,,Nelson Region,Nil,2-way,Sealed,,0,0,,50,,On,0,0,,52,Nelson City,Nil,,,,,0,0,Urban,0,,,Fine,Null
1764771,5915073,26376,,520301,0,,0,1,,West,2006/2007,MOUNTAIN ROAD,FORGE WAY,,Non-Injury Crash,No,2006,,East,,0,,Hill Road,,,,,,Bright sun,628203,0,0,0,2,,,0,,,,,,Auckland Region,Nil,2-way,Sealed,,0,0,,50,,Off,1,0,,76,Auckland,Nil,,,,,0,0,Urban,0,,,Fine,Null
1774027,5897539,26377,,525630,0,,0,2,,Null,2005/2006,COSGRAVE ROAD,OLD WAIROA ROAD,,Minor Crash,No,2006,,East,,0,,Flat,,,,,,Dark,795802,1,0,0,2,,,0,,,,,,Auckland Region,Nil,2-way,Sealed,,0,0,,50,,On,0,0,,76,Auckland,Stop,,,,,0,0,Urban,0,,,Fine,Null
1767699,5870306,26378,,526701,0,0,0,1,0,East,2005/2006,TUAKAU BRIDGE-PORT WAIKAT,FROST ROAD,,Non-Injury Crash,No,2006,0,North,1,0,0,Flat,0,,0,,0,Overcast,845500,0,0,0,2,0,0,0,0,0,,0,0,Waikato Region,Nil,2-way,Sealed,0,0,0,0,100,0,Off,0,0,,13,Waikato District,Nil,0,0,0,0,0,0,Open,0,0,0,Fine,Null
1683029,5634402,26379,,553302,0,0,0,1,0,West,2005/2006,ELTHAM ROAD,WATINO ROAD,,Serious Crash,No,2006,0,West,0,0,1,Flat,0,,0,,0,Dark,1630700,0,0,0,2,0,0,0,1,0,,0,0,Taranaki Region,Nil,2-way,Sealed,0,0,1,0,100,0,None,0,0,,35,South Taranaki District,Nil,0,0,0,0,0,0,Open,0,0,1,Light rain,Strong wind
1748992,5424824,26380,,576400,0,,0,1,,Null,2006/2007,RIDDIFORD ST,NEWTOWN AVENUE,,Minor Crash,No,2006,,North,,0,,Flat,,,,,,Overcast,2168400,1,0,0,2,,,0,,,1,,,Wellington Region,Nil,2-way,Sealed,,0,0,,50,,Null,0,0,,47,Wellington City,Nil,,,,,0,0,Urban,0,,,Fine,Null
1748679,5426647,26381,,573101,0,,0,1,,Null,2005/2006,OLD BUCKLE ST,TARANAKI ST,,Minor Crash,No,2006,,North,,0,,Flat,,,,,,Dark,2134800,1,0,0,4,,,0,,,,,,Wellington Region,Nil,2-way,Sealed,,0,0,,50,,On,1,0,,47,Wellington City,Traffic Signals,,,,,0,0,Urban,0,,,Fine,Null
1777417,5879538,26382,,521131,0,0,0,1,0,East,2005/2006,NIKAU OFF SBD,SH 1N,,Non-Injury Crash,Yes,2006,0,East,0,0,0,Hill Road,1,,0,,0,Bright sun,842601,0,0,0,1,0,0,0,0,0,,0,0,Waikato Region,Nil,1-way,Sealed,0,0,0,0,100,0,Off,0,0,,13,Waikato District,Nil,0,0,0,0,0,0,Open,0,0,0,Fine,Null
1692922,6094377,26383,,501633,0,0,0,1,1,West,2006/2007,SH 11,YORKE ROAD,,Non-Injury Crash,Yes,2006,0,West,0,0,0,Hill Road,0,,0,,0,Dark,50804,0,0,0,2,0,0,0,0,0,,0,0,Northland Region,Nil,2-way,Sealed,0,0,0,0,100,0,None,0,0,50,1,Far North District,Nil,0,0,0,0,0,0,Open,0,0,0,Mist or Fog,Null
1575309,5175590,26384,,591300,0,0,0,1,0,North,2006/2007,SH 74,HOROTANE VALLEY ROAD,,Minor Crash,Yes,2006,0,North,0,0,0,Hill Road,1,,0,,0,Dark,2555100,1,0,0,4,0,0,0,0,0,,0,0,Canterbury Region,Nil,2-way,Sealed,0,0,0,0,100,0,On,0,0,,60,Christchurch City,Unknown,0,0,0,0,0,0,Open,0,0,0,Fine,Null
1935007,5776732,26385,,542540,0,0,0,1,1,South,2006/2007,GALATEA ROAD,MACDONALD ROAD,,Minor Crash,No,2006,0,North,0,0,0,Hill Road,0,,0,,0,Bright sun,1301502,3,0,0,2,0,0,0,0,0,,0,0,Bay of Plenty Region,Nil,2-way,Sealed,0,0,0,0,100,0,Null,0,0,,25,Whakatane District,Unknown,0,0,0,0,0,0,Open,0,0,0,Fine,Null
1866971,5713406,26386,,541720,0,,0,1,,South,2005/2006,TONGARIRO ST,HEUHEU ST,,Minor Crash,No,2006,,North,,0,,Flat,,,,,,Bright sun,1275600,1,0,0,5,,,0,,,1,,,Waikato Region,Nil,2-way,Sealed,,0,0,,50,,Null,0,0,,21,Taupo District,Traffic Signals,,,,,0,0,Urban,0,,,Fine,Null
1755691,5919714,26387,,515302,0,0,0,3,0,North,2005/2006,PONSONBY ROAD,BROWN ST,,Non-Injury Crash,No,2006,0,South,0,0,0,Flat,0,,0,,0,Overcast,432100,0,0,0,4,0,0,0,0,1,,0,0,Auckland Region,Nil,2-way,Sealed,0,0,0,0,50,0,Off,0,0,,76,Auckland,Nil,0,0,0,0,0,0,Urban,0,0,0,Fine,Null
1794082,5796205,26388,,527921,0,0,0,0,1,Null,2006/2007,BELL ROAD,PATTERSON ROAD,,Minor Crash,No,2006,0,East,0,0,0,Hill Road,0,,0,,0,Dark,981300,1,0,0,1,0,0,0,0,0,,0,0,Waikato Region,Nil,2-way,Sealed,0,0,0,0,100,0,None,0,0,,17,Waipa District,Nil,0,0,0,0,0,0,Open,1,0,0,Fine,Null
1757231,5926963,26389,,507900,0,,1,3,,East,2005/2006,ANZAC ST,KILLARNEY ST,,Minor Crash,No,2006,,East,,0,,Flat,,,,,,Bright sun,305000,1,0,0,4,,,0,,,,,,Auckland Region,Nil,2-way,Sealed,,0,0,,50,,Off,0,0,,76,Auckland,Traffic Signals,,,,,0,0,Urban,0,,,Fine,Null
1750600,5915671,26390,,514802,0,,0,1,,Null,2005/2006,ROSEBANK ROAD,CANAL ROAD,,Serious Crash,No,2006,,North,,0,,Flat,,,,,,Twilight,390200,1,0,0,2,,,0,,,2,,,Auckland Region,Nil,2-way,Sealed,,0,1,,50,,Off,0,0,,76,Auckland,Nil,,,,,0,0,Urban,0,,,Fine,Null
1764714,5911482,26391,,520500,0,0,0,1,0,South,2006/2007,SH 1N,PANAMA OBR,,Minor Crash,Yes,2006,0,North,0,0,0,Hill Road,1,Christmas New Year,0,,0,Overcast,635800,1,0,0,3,0,0,0,0,0,,0,1,Auckland Region,Nil,1-way,Sealed,0,0,0,0,100,0,On,0,0,,76,Auckland,Nil,0,0,0,0,1,0,Open,0,0,0,Light rain,Null
1936264,5789870,26392,,542200,0,,0,0,,Null,2005/2006,SH 2,COLLEGE ROAD,,Minor Crash,Yes,2006,,North,,0,,Flat,,,,,,Dark,1320502,1,0,0,2,,,0,,,1,,,Bay of Plenty Region,Nil,2-way,Sealed,,0,0,,50,,On,0,0,,25,Whakatane District,Stop,,,,,0,0,Urban,1,,,Light rain,Null
1756715,5912783,26393,,518702,0,,0,1,,East,2005/2006,SH 20,HILLSBOROUGH OBR,,Minor Crash,Yes,2006,,East,,0,,Hill Road,,,,,,Bright sun,570100,1,0,0,2,,,0,,,,,,Auckland Region,Nil,1-way,Sealed,,0,0,,100,,Off,0,0,,76,Auckland,Nil,,,,,0,0,Open,2,,,Fine,Null
1354331,4893823,26394,,606700,0,,1,0,,North,2005/2006,SH 8,RHODES ROAD,,Minor Crash,Yes,2006,,South,,0,,Flat,,,,,,Bright sun,2982200,1,0,0,2,,,0,,,,,,Otago Region,Nil,2-way,Sealed,,1,0,,100,,Null,0,0,,72,Clutha District,Give way,,,,,0,0,Open,1,,,Fine,Null
1732418,5944422,26395,,506646,1,,0,1,,North,2006/2007,SH 16,INLAND ROAD,,Minor Crash,Yes,2006,,West,,0,,Flat,,,,,,Bright sun,211403,1,0,0,2,,,0,,,,,,Auckland Region,Bridge,2-way,Sealed,,0,0,,100,,None,0,0,,76,Auckland,Nil,,,,,0,0,Open,0,,,Fine,Null
1766558,5908139,26396,,523501,0,,0,1,,North,2005/2006,OTARA ROAD,BAIRDS ROAD,,Non-Injury Crash,No,2006,,South,,0,,Flat,,,,,,Bright sun,700601,0,0,0,2,,,0,,,,,,Auckland Region,Nil,2-way,Sealed,,0,0,,50,,Off,0,0,,76,Auckland,Nil,,,,,0,0,Urban,1,,,Fine,Null
1825584,5886955,26397,,533501,0,0,0,2,0,Null,2005/2006,SH 25,PAHAU ST,,Non-Injury Crash,Yes,2006,0,North,0,0,0,Flat,0,,0,,0,Bright sun,1050200,0,0,0,2,0,0,0,0,0,,0,1,Waikato Region,Nil,2-way,Sealed,0,0,0,0,50,0,Null,0,0,,11,Thames-Coromandel District,Give way,0,0,0,0,0,0,Urban,0,0,0,Fine,Null
1764022,5910822,26398,30,520500,0,0,0,1,0,North,2005/2006,MOUNT WELLINGTON HIGHWAY,ATKINSON AVENUE,,Non-Injury Crash,No,2006,0,North,0,0,0,Flat,1,,0,,0,Dark,638100,0,0,0,2,0,0,0,0,0,,0,0,Auckland Region,Nil,2-way,Sealed,0,0,0,0,50,0,On,0,0,,76,Auckland,Nil,0,0,0,0,0,0,Urban,0,0,0,Fine,Null
1653728,6072144,26399,,500802,0,0,1,1,0,East,2005/2006,SH 12,WAIMA SCHOOL ROAD,,Minor Crash,Yes,2006,0,East,0,0,0,Flat,0,,0,,0,Bright sun,24500,1,0,0,2,0,0,0,0,0,,0,0,Northland Region,Nil,2-way,Sealed,0,1,0,0,100,0,None,0,0,,1,Far North District,Nil,0,0,0,0,0,0,Open,0,1,0,Fine,Null
1711231,6067348,26400,,501802,0,,0,1,,North,2006/2007,SH 1N,WAIOTU BLOCK ROAD,,Fatal Crash,Yes,2006,,South,,1,,Flat,,,,,,Bright sun,65600,0,0,0,2,,,0,,,,,,Northland Region,Nil,2-way,Sealed,,0,0,,100,,None,0,0,,2,Whangarei District,Nil,,,,,1,0,Open,0,,,Fine,Null
1756679,5919909,26401,,514102,0,,0,1,,Null,2005/2006,NELSON ST,UNION ST,,Minor Crash,No,2006,,North,,0,,Flat,,,,,,Overcast,435500,1,0,0,5,,,0,,,1,,,Auckland Region,Nil,1-way,Sealed,,0,0,,50,,Off,0,0,,76,Auckland,Traffic Signals,,,,,0,0,Urban,0,,,Light rain,Null
1406544,4917337,26402,,603100,0,,0,1,,South,2006/2007,GREAT KING ST,HANOVER ST,,Minor Crash,No,2006,,West,,0,,Flat,,,,,,Overcast,2901100,1,0,0,2,,,0,,,1,,,Otago Region,Nil,2-way,Sealed,,0,0,,50,,Null,0,0,,71,Dunedin City,Nil,,,,,0,0,Urban,0,,,Heavy rain,Null
1774836,5887639,26403,,521302,0,0,0,1,0,South,2005/2006,RAMARAMA OFF SBD,SH 1N,,Non-Injury Crash,Yes,2006,0,South,1,0,0,Flat,0,,0,,0,Dark,809104,0,0,0,2,0,0,0,0,0,,0,0,Auckland Region,Motorway ramp,1-way,Sealed,0,0,0,0,100,0,On,0,0,,76,Auckland,Nil,0,0,0,0,0,0,Open,0,0,0,Fine,Null
1763099,5437322,26404,,568303,0,0,0,1,0,South,2005/2006,CAMBRIDGE TERRACE,VOGEL ST,,Minor Crash,No,2006,0,North,0,0,1,Flat,0,,0,,0,Dark,1953400,1,0,0,2,0,0,0,0,0,,0,0,Wellington Region,Nil,2-way,Sealed,0,0,0,0,50,0,On,0,0,,46,Lower Hutt City,Nil,0,0,0,1,0,0,Urban,0,0,0,Heavy rain,Null
1883742,5773188,26405,,539700,0,,0,2,,Null,2006/2007,SH 5,MALFROY ROAD WEST,,Non-Injury Crash,Yes,2006,,North,,0,,Flat,,,,,,Dark,1227300,0,0,0,4,,,0,,,,,,Bay of Plenty Region,Nil,2-way,Sealed,,0,0,,60,,On,0,0,,24,Rotorua District,Traffic Signals,,,,,0,0,Urban,0,,,Fine,Null
1750563,5913400,26406,,511303,0,0,0,1,0,North,2006/2007,PORTAGE ROAD,MCWHIRTER PLACE,,Non-Injury Crash,No,2006,0,North,0,0,0,Flat,0,,0,,0,Dark,265300,0,0,0,2,0,0,0,0,0,,0,1,Auckland Region,Nil,2-way,Sealed,0,0,0,0,50,0,On,0,0,,76,Auckland,Nil,0,0,0,0,0,0,Urban,0,0,0,Fine,Null
1760104,5915982,26407,,516002,0,,0,2,,North,2006/2007,SH 1N,GREENLANE INT,,Non-Injury Crash,Yes,2006,,South,,0,,Flat,,,,,,Bright sun,492100,0,0,0,3,,,0,,,,,,Auckland Region,Nil,1-way,Sealed,,0,0,,100,,Off,0,0,,76,Auckland,Nil,,,,,0,0,Open,0,,,Fine,Null
1877037,5820007,26408,,537700,0,0,0,1,0,Null,2006/2007,ROYS ROAD,FRASER ST,,Non-Injury Crash,No,2006,0,South,0,0,0,Flat,0,,0,,0,Dark,1173700,0,0,0,2,0,0,0,0,0,,0,1,Bay of Plenty Region,Nil,2-way,Sealed,0,0,0,0,50,0,On,0,0,,23,Tauranga City,Nil,0,0,0,0,0,0,Urban,0,0,0,Fine,Null
1761155,5915104,26409,,520201,0,,0,2,,Null,2005/2006,ROBERT ST,MAIN HIGHWAY,,Non-Injury Crash,No,2006,,South,,0,,Flat,,,,,,Overcast,613500,0,0,0,2,,,0,,,,,,Auckland Region,Nil,2-way,Sealed,,0,0,,50,,Off,0,1,,76,Auckland,Give way,,,,,0,0,Urban,0,,,Fine,Null
1755619,5913859,26410,,518803,0,0,0,1,0,South,2006/2007,BREMNER AVENUE,BAXTER ST,,Non-Injury Crash,No,2006,0,South,0,0,0,Hill Road,0,,0,,0,Bright sun,581000,0,0,0,2,0,0,0,0,0,,0,0,Auckland Region,Nil,2-way,Unsealed,0,0,0,0,50,0,Off,0,0,,76,Auckland,Nil,0,0,0,1,0,0,Urban,0,0,0,Fine,Null
1441230,5006493,26411,,601010,0,,0,1,,Null,2006/2007,RAGLAN ST,PEMBROKE ST,,Serious Crash,No,2006,,South,,0,,Flat,,,,,,Dark,2846300,0,0,1,2,,,0,,,,,,Otago Region,Nil,2-way,Sealed,,0,2,,50,,On,0,0,,68,Waitaki District,Give way,,,,,0,0,Urban,0,,,Fine,Null
1752494,5933313,26412,,508807,0,0,0,2,0,Null,2005/2006,ALBANY EXPRESSWAY,BUSH ROAD,,Non-Injury Crash,No,2006,0,North,0,0,0,Flat,0,,0,,0,Overcast,180404,0,0,0,4,0,0,0,0,0,,0,0,Auckland Region,Nil,2-way,Sealed,0,0,0,0,80,0,Off,0,0,,76,Auckland,Give way,1,0,0,0,0,0,Open,0,0,0,Light rain,Null
1767978,5910690,26413,,523112,0,,0,1,,Null,2007/2008,CRYERS ROAD,STONEDON DRIVE,,Non-Injury Crash,No,2007,,North,,0,,Flat,,,,,,Bright sun,711405,0,0,0,2,,,0,,,,,,Auckland Region,Nil,2-way,Sealed,,0,0,,50,,Off,0,0,,76,Auckland,Give way,,,,,0,0,Urban,1,,,Fine,Null
1750995,5431398,26414,,574302,0,,0,1,,South,2005/2006,SH 1N,SH 2,,Minor Crash,Yes,2006,,North,,0,,Flat,,,,,,Overcast,2090601,2,0,0,3,,,0,,,,,,Wellington Region,Nil,2-way,Sealed,,0,0,,100,,Null,1,0,,47,Wellington City,Nil,,,,,0,0,Open,0,,,Heavy rain,Null
1768852,5905935,26415,,523711,0,0,0,2,0,West,2005/2006,Z CPK DAWSON SC,TE IRIRANGI ROAD,,Non-Injury Crash,No,2006,0,West,0,0,0,Flat,0,,0,,0,Bright sun,713005,0,0,0,0,0,0,0,0,1,,0,0,Auckland Region,Nil,Off road,Sealed,0,0,0,0,30,0,Off,0,0,,76,Auckland,Nil,0,0,0,0,0,0,Urban,0,0,0,Null,Null
1831158,5866309,26416,,533901,0,,0,0,,North,2005/2006,SH 2,FISHER ROAD,,Minor Crash,Yes,2006,,North,,0,,Flat,,,,,,Bright sun,1065800,1,0,0,2,,,0,,,,,,Waikato Region,Nil,2-way,Sealed,,0,0,,100,,Null,1,0,,12,Hauraki District,Unknown,,,,,0,0,Open,0,,,Fine,Null
1731218,6028461,26417,,501806,0,0,0,1,0,South,2005/2006,MARSDEN POINT ROAD,MCCATHIE ROAD,,Minor Crash,No,2006,0,South,0,0,0,Flat,0,,0,,0,Dark,78401,2,0,0,2,0,0,0,0,0,,0,1,Northland Region,Nil,2-way,Sealed,0,0,0,0,50,0,On,0,0,,2,Whangarei District,Nil,0,0,0,0,0,0,Urban,0,0,0,Fine,Null
1764175,5910131,26418,,521801,0,,0,2,,Null,2005/2006,ATKINSON AVENUE,PRINCES ST,,Non-Injury Crash,No,2006,,South,,0,,Flat,,,,,,Dark,786802,0,0,0,4,,,0,,,,,,Auckland Region,Nil,2-way,Sealed,,0,0,,50,,On,0,1,,76,Auckland,Traffic Signals,,,,,0,0,Urban,0,,,Fine,Null
1764515,5814528,26419,,526500,0,,0,0,,Null,2005/2006,WAINUI ROAD,STEWART ST,,Minor Crash,No,2006,,South,,0,,Flat,,,,,,Bright sun,854501,2,1,0,2,,,0,,,1,,,Waikato Region,Nil,2-way,Sealed,,0,0,,50,,Null,0,0,,13,Waikato District,Nil,,,,,0,0,Urban,0,,,Fine,Null
1760839,5913358,26420,,519500,0,0,0,1,0,South,2005/2006,ROCKFIELD ROAD,EDMONTON AVENUE,,Non-Injury Crash,No,2006,0,North,0,0,0,Flat,0,,0,,0,Dark,621100,0,0,0,2,0,0,0,0,0,,0,1,Auckland Region,Nil,2-way,Sealed,0,0,0,0,50,0,On,0,0,,76,Auckland,Nil,0,0,0,0,0,0,Urban,0,0,0,Fine,Null
1758446,5435329,26421,,569202,0,,0,3,,Null,2006/2007,CUBA ST,CENTRAL TERRACE,,Minor Crash,No,2006,,South,,0,,Flat,,,,,,Bright sun,1923400,2,0,0,2,,,0,,,,,,Wellington Region,Nil,2-way,Sealed,,0,0,,50,,Null,0,0,,46,Lower Hutt City,Give way,,,,,0,0,Urban,0,,,Fine,Null
1745378,5916814,26422,,510800,0,,0,1,,North,2005/2006,RAILSIDE AVENUE,DORA ST,,Non-Injury Crash,No,2006,,South,,0,,Flat,,,,,,Overcast,243100,0,0,0,2,,,0,,,,,,Auckland Region,Nil,2-way,Sealed,,0,0,,50,,Off,1,0,,76,Auckland,Nil,,,,,0,0,Urban,0,,,Fine,Null
1800299,5816430,26423,,529700,0,,0,2,,Null,2005/2006,BOUNDARY ROAD,VICTORIA ST,,Non-Injury Crash,No,2006,,West,,0,,Flat,,,,,,Overcast,909302,0,0,0,2,,,0,,,,,,Waikato Region,Nil,2-way,Sealed,,0,0,,50,,Off,0,0,,16,Hamilton City,Traffic Signals,,,,,0,0,Urban,0,,,Fine,Null
1755561,5928977,26424,,508510,0,,0,2,,South,2006/2007,SH 1N,TRISTRAM OBR,,Non-Injury Crash,Yes,2006,,South,,0,,Flat,,,,,,Overcast,195200,0,0,0,3,,,0,,,,,,Auckland Region,Nil,1-way,Sealed,,0,0,,100,,Off,0,0,80,76,Auckland,Nil,,,,,0,0,Open,0,,,Fine,Null
1754932,5931815,26425,,508805,0,,0,3,,West,2005/2006,CONSTELLATION DRIVE,APOLLO DRIVE,,Non-Injury Crash,No,2006,,East,,0,,Flat,,,,,,Bright sun,180813,0,0,0,4,,,0,,,,,,Auckland Region,Nil,2-way,Sealed,,0,0,,50,,Off,0,0,,76,Auckland,Traffic Signals,,,,,0,0,Urban,0,,,Fine,Null
1885105,5771580,26426,,540600,0,0,0,1,0,Null,2005/2006,SH 30,FENTON ST,,Non-Injury Crash,Yes,2006,0,South,0,0,0,Flat,0,,0,,0,Dark,1243601,0,0,0,2,0,0,0,0,0,,0,0,Bay of Plenty Region,Nil,2-way,Sealed,0,0,0,0,60,0,On,0,0,,24,Rotorua District,Give way,1,0,0,1,0,0,Urban,0,0,0,Fine,Null
1800808,5813747,26427,,529100,0,,0,2,,Null,2005/2006,PEMBROKE ST,TIDD ST,,Non-Injury Crash,No,2006,,North,,0,,Hill Road,,,,,,Bright sun,929700,0,0,0,2,,,0,,,,,,Waikato Region,Nil,2-way,Sealed,,0,0,,50,,Off,0,0,,16,Hamilton City,Nil,,,,,0,0,Urban,0,,,Fine,Null
1765618,5916384,26428,,517100,0,,0,2,,Null,2005/2006,PILKINGTON ROAD,ANDERSON AVENUE,,Non-Injury Crash,No,2006,,North,,0,,Flat,,,,,,Dark,477900,0,0,0,2,,,0,,,,,,Auckland Region,Nil,2-way,Sealed,,0,0,,50,,On,0,1,,76,Auckland,Stop,,,,,0,0,Urban,0,,,Fine,Null
1623699,6111647,26429,,500204,0,0,0,0,1,South,2006/2007,OKAHU ROAD,NORMAN SENN ST,,Non-Injury Crash,No,2006,0,South,0,0,0,Hill Road,0,,0,,0,Overcast,9101,0,0,0,2,0,0,0,0,0,,0,0,Northland Region,Nil,2-way,Unsealed,0,0,0,0,100,0,None,1,0,,1,Far North District,Nil,0,0,0,0,0,0,Open,0,0,0,Fine,Null
1624109,6115265,26430,,500302,0,0,0,1,0,West,2007/2008,PARKDALE CRESCENT,ALLEN BELL DRIVE,,Non-Injury Crash,No,2007,0,South,0,0,1,Flat,0,,0,,0,Overcast,13203,0,0,0,2,0,0,0,0,0,,0,1,Northland Region,Nil,2-way,Sealed,0,0,0,0,50,0,Off,0,0,,1,Far North District,Nil,0,0,0,0,0,0,Urban,0,0,0,Heavy rain,Null
1763496,5908630,26431,,521901,0,0,0,1,0,North,2006/2007,MANGERE ROAD,CHELSEA AVENUE,,Non-Injury Crash,No,2006,0,South,0,0,1,Flat,0,,0,,0,Dark,786200,0,0,0,4,0,0,0,0,0,,0,0,Auckland Region,Nil,2-way,Sealed,0,0,0,0,50,0,On,0,0,,76,Auckland,Traffic Signals,0,0,0,0,0,0,Urban,1,0,0,Fine,Null
1572552,5181941,26432,,593200,1,,0,0,,North,2005/2006,MEDWAY ST,MEDWAY AVENUE,,Serious Crash,No,2006,,North,,0,,Flat,,,,,,Bright sun,2697600,0,0,0,2,,,0,,,,,,Canterbury Region,Nil,2-way,Sealed,,0,1,,50,,Null,0,0,,60,Christchurch City,Unknown,,,,,0,0,Urban,1,,,Fine,Null
1857773,5839923,26433,,535800,0,,0,1,,Null,2005/2006,SH 2,BEACH ROAD,,Serious Crash,Yes,2006,,South,,0,,Flat,,,,,,Bright sun,1182900,0,0,1,3,,,0,,,,,,Bay of Plenty Region,Nil,2-way,Sealed,,0,1,,50,,Null,0,0,,22,Western Bay of Plenty District,Give way,,,,,0,0,Urban,0,,,Fine,Null
1754167,5918291,26434,,515432,0,0,0,1,0,Null,2006/2007,SH 16,ST LUKES OFF WBD,,Fatal Crash,Yes,2006,0,West,0,3,1,Hill Road,1,Christmas New Year,0,,0,Dark,406202,0,0,0,1,0,0,0,0,0,,0,0,Auckland Region,Motorway ramp,1-way,Sealed,0,0,0,0,100,0,On,0,0,,76,Auckland,Nil,0,1,0,0,0,0,Open,0,0,0,Fine,Null
1756970,5932385,26435,,507400,0,0,0,1,0,South,2005/2006,WHITBY CRESCENT,KOWHAI ROAD,,Non-Injury Crash,No,2006,0,East,0,0,0,Flat,0,,0,,0,Overcast,149600,0,0,0,1,0,0,0,0,1,,0,0,Auckland Region,Nil,2-way,Sealed,0,0,0,0,50,0,Off,0,0,,76,Auckland,Nil,0,0,0,0,1,0,Urban,0,0,0,Fine,Null
1562785,5181113,26436,,587812,1,,0,1,,East,2006/2007,SH 73 YALDHURST,STEADMAN ROAD,,Minor Crash,Yes,2006,,East,,0,,Flat,,,,,,Bright sun,2495401,1,0,0,2,,,0,,,,,,Canterbury Region,Nil,2-way,Sealed,,0,0,,60,,Null,0,0,,60,Christchurch City,Nil,,,,,0,0,Urban,0,,,Fine,Null
1763451,5919863,26437,,516500,0,0,0,2,0,North,2005/2006,NIHILL CRESCENT,SELWYN AVENUE,,Non-Injury Crash,No,2006,0,North,0,0,0,Hill Road,0,,0,,0,Overcast,502300,0,0,0,2,0,0,0,0,1,,0,0,Auckland Region,Nil,2-way,Sealed,0,0,0,0,50,0,Null,0,0,,76,Auckland,Unknown,0,0,0,0,0,0,Urban,0,0,0,Light rain,Null
1756981,5918578,26438,,515600,0,,0,2,,Null,2006/2007,NIKAU ST,MOUNT EDEN ROAD,,Non-Injury Crash,No,2006,,East,,0,,Flat,,,,,,Overcast,421200,0,0,0,2,,,0,,,,,,Auckland Region,Nil,2-way,Sealed,,0,0,,50,,Off,0,0,,76,Auckland,Nil,,,,,0,0,Urban,0,,,Fine,Null
1744568,5917804,26439,,510700,0,,0,2,,West,2005/2006,STURGES ROAD,SWANSON ROAD,,Minor Crash,No,2006,,West,,0,,Flat,,,,,,Bright sun,239300,4,0,0,2,,,0,,,,,,Auckland Region,Nil,2-way,Sealed,,0,0,,50,,Off,0,0,,76,Auckland,Nil,,,,,0,0,Urban,0,,,Fine,Null
1637632,6085915,26440,,500801,0,0,0,1,1,East,2006/2007,WEST COAST ROAD,RUNARUNA ROAD,,Serious Crash,No,2006,0,West,0,0,0,Hill Road,0,,0,,0,Dark,30300,0,0,0,2,0,0,0,0,0,,0,0,Northland Region,Nil,2-way,Sealed,0,0,1,0,100,0,None,0,0,,1,Far North District,Nil,0,0,0,0,0,0,Open,0,0,0,Fine,Null
1763140,5919370,26441,,516500,0,0,0,2,0,Null,2005/2006,PATTESON AVENUE,ATKIN AVENUE,,Non-Injury Crash,No,2006,0,East,0,0,0,Hill Road,0,,0,,0,Overcast,501903,0,0,0,2,0,0,0,0,0,,0,0,Auckland Region,Nil,2-way,Sealed,0,0,0,0,50,0,None,0,0,,76,Auckland,Stop,0,0,0,1,0,0,Urban,0,0,0,Light rain,Null
1578949,5176709,26442,,596102,1,,0,0,,East,2005/2006,MAIN ROAD,AUGUSTA ST,,Minor Crash,No,2006,,West,,0,,Flat,,,,,,Bright sun,2701900,1,0,0,2,,,0,,,,,,Canterbury Region,Nil,2-way,Sealed,,0,0,,50,,Null,0,0,,60,Christchurch City,Unknown,,,,,0,0,Urban,0,,,Fine,Null
1731406,5954086,26443,,506646,0,0,0,1,1,South,2006/2007,SH 16,MAKARAU ROAD,,Non-Injury Crash,Yes,2006,0,North,0,0,0,Flat,0,,0,,0,Dark,212401,0,0,0,2,0,0,0,0,0,,0,0,Auckland Region,Nil,2-way,Sealed,0,0,0,0,100,0,None,0,0,,76,Auckland,Nil,0,0,0,0,0,0,Open,0,0,0,Light rain,Null