X,Y,OBJECTID,advisorySpeed,areaUnitID,bicycle,bridge,bus,carStationWagon,cliffBank,crashDirectionDescription,crashFinancialYear,crashLocation1,crashLocation2,crashRoadSideRoad,crashSeverity,crashSHDescription,crashYear,debris,directionRoleDescription,ditch,fatalCount,fence,flatHill,guardRail,holiday,houseOrBuilding,intersection,kerb,light,meshblockId,minorInjuryCount,moped,motorcycle,NumberOfLanes,objectThrownOrDropped,otherObject,otherVehicleType,overBank,parkedVehicle,pedestrian,phoneBoxEtc,postOrPole,region,roadCharacter,roadLane,roadSurface,roadworks,schoolBus,seriousInjuryCount,slipOrFlood,speedLimit,strayAnimal,streetLight,suv,taxi,temporarySpeedLimit,tlaId,tlaName,trafficControl,trafficIsland,trafficSign,train,tree,truck,unknownVehicleType,urban,vanOrUtility,vehicle,waterRiver,weatherA,weatherB
1756709,5912769,26444,,518702,0,,0,2,,East,2006/2007,SH 20,HILLSBOROUGH OBR,,Non-Injury Crash,Yes,2006,,West,,0,,Hill Road,,,,,,Overcast,570100,0,0,0,2,,,0,,,,,,Auckland Region,Nil,1-way,Sealed,,0,0,,100,,Off,0,0,,76,Auckland,Nil,,,,,0,0,Open,0,,,Null,Null
1627636,6106526,26445,,500202,0,,0,0,,West,2007/2008,DIGGERS VALLEY ROAD,RUAROA ROAD,,Non-Injury Crash,No,2007,,East,,0,,Hill Road,,,,,,Bright sun,6600,0,0,0,2,,,0,,,,,,Northland Region,Nil,2-way,Unsealed,,0,0,,100,,None,1,0,,1,Far North District,Nil,,,,,0,0,Open,0,,,Fine,Null
1776786,5882179,26446,,521160,0,0,0,1,0,West,2006/2007,MILL ROAD,BOMBAY ROAD,,Non-Injury Crash,No,2006,0,West,1,0,0,Hill Road,0,,0,,0,Dark,827800,0,0,0,2,0,0,0,0,0,,0,0,Auckland Region,Nil,2-way,Sealed,0,0,0,0,50,0,On,0,0,,76,Auckland,Nil,0,0,0,0,0,0,Urban,0,0,0,Light rain,Null
1803430,5814131,26447,,530700,0,,0,2,,West,2005/2006,CAMBRIDGE ROAD,PRESCOTT PLACE,,Non-Injury Crash,No,2006,,East,,0,,Flat,,,,,,Overcast,887300,0,0,0,2,,,0,,,,,,Waikato Region,Nil,2-way,Sealed,,0,0,,50,,Null,0,0,,16,Hamilton City,Unknown,,,,,0,0,Urban,0,,,Fine,Null
1839221,5547946,26448,,560000,0,0,0,1,0,South,2005/2006,POHANGINA VALLEY EAST ROA,NO 2 LINE,,Non-Injury Crash,No,2006,0,South,0,0,0,Flat,0,,0,,0,Overcast,1772800,0,0,0,2,0,0,0,1,0,,0,0,Manawatū-Whanganui Region,Nil,2-way,Sealed,0,0,0,0,100,0,Null,0,0,,39,Manawatu District,Nil,0,0,0,0,0,0,Open,0,0,0,Heavy rain,Null
1799918,5816057,26449,,529700,0,,0,2,,North,2005/2006,TRISTRAM ST,MILL ST,,Minor Crash,No,2006,,North,,0,,Flat,,,,,,Bright sun,909100,1,0,0,2,,,0,,,,,,Waikato Region,Nil,2-way,Sealed,,0,0,,50,,Null,0,0,,16,Hamilton City,Unknown,,,,,0,0,Urban,0,,,Fine,Null
1758206,5920333,26450,,514103,0,0,0,1,0,North,2006/2007,BEACH ROAD,CHURCHILL ST,,Non-Injury Crash,No,2006,0,South,0,0,1,Flat,0,,0,,0,Dark,438309,0,0,0,3,0,0,0,0,0,,0,0,Auckland Region,Nil,2-way,Sealed,0,0,0,0,50,0,On,0,0,,76,Auckland,Nil,0,0,0,0,0,0,Urban,0,0,0,Fine,Null
1758734,5918091,26451,,516101,0,0,0,1,0,Null,2005/2006,MIDDLETON ROAD,MAMIE ST,,Non-Injury Crash,No,2006,0,East,0,0,1,Flat,0,,0,,0,Bright sun,480603,0,0,0,2,0,0,0,0,0,,0,0,Auckland Region,Nil,2-way,Sealed,0,0,0,0,50,0,Off,0,0,,76,Auckland,Nil,0,0,0,0,0,0,Urban,0,0,0,Fine,Null
1931501,5616350,26452,,547200,0,,0,2,,Null,2006/2007,MEEANEE ROAD,PEMBROKE ST,,Minor Crash,No,2006,,East,,0,,Flat,,,,,,Bright sun,1458600,1,0,0,2,,,0,,,,,,Hawke's Bay Region,Nil,2-way,Sealed,,0,0,,50,,Null,0,0,,31,Napier City,Give way,,,,,0,0,Urban,0,,,Fine,Null
1773010,5879580,26453,70,521117,0,0,0,1,1,South,2005/2006,HARRISVILLE ROAD,LOGAN ROAD,,Non-Injury Crash,No,2006,0,North,0,0,0,Hill Road,0,,0,,0,Dark,827902,0,0,0,2,0,0,0,0,0,,0,0,Waikato Region,Nil,2-way,Sealed,0,0,0,0,100,0,None,0,0,,13,Waikato District,Nil,0,0,0,0,0,0,Open,0,0,0,Fine,Null
1784294,5587432,26454,,558300,0,0,0,0,1,South,2006/2007,SH 4,OLD PARAPARA ROAD,,Fatal Crash,Yes,2006,0,South,0,1,0,Flat,0,,0,,0,Dark,1684900,0,0,0,2,0,0,0,0,0,,0,0,Manawatū-Whanganui Region,Nil,2-way,Sealed,0,0,0,0,100,0,None,0,0,,37,Whanganui District,Nil,0,0,0,0,1,0,Open,0,0,0,Fine,Null
1758385,5917736,26455,,515700,1,,0,1,,Null,2006/2007,BROADWAY,CLOVERNOOK ROAD,,Minor Crash,No,2006,,North,,0,,Flat,,,,,,Overcast,443300,1,0,0,4,,,0,,,,,,Auckland Region,Nil,2-way,Sealed,,0,0,,50,,Off,0,0,,76,Auckland,Nil,,,,,0,0,Urban,0,,,Light rain,Null
1823829,5463245,26456,,578600,0,,0,2,,North,2005/2006,QUEEN ST,JACKSON ST,,Non-Injury Crash,No,2006,,North,,0,,Flat,,,,,,Overcast,2242800,0,0,0,2,,,0,,,,,,Wellington Region,Nil,2-way,Sealed,,0,0,,50,,Null,0,0,,48,Masterton District,Nil,,,,,0,0,Urban,0,,,Light rain,Null
1800044,5815551,26457,,528900,0,,0,1,,Null,2005/2006,SEDDON ROAD,NORTON ROAD,,Minor Crash,No,2006,,North,,0,,Flat,,,,,,Bright sun,914000,1,0,0,2,,,0,,,1,,,Waikato Region,Nil,2-way,Sealed,,0,0,,50,,Null,0,0,,16,Hamilton City,Give way,,,,,0,0,Urban,0,,,Fine,Null
1430852,4970748,26458,,600826,0,,0,0,,Null,2005/2006,SH 1S,KATIKI OBR,,Serious Crash,Yes,2006,,South,,0,,Hill Road,,,,,,Overcast,2835500,1,0,0,2,,,0,,,,,,Otago Region,Bridge,2-way,Sealed,,0,1,,100,,Null,2,0,,68,Waitaki District,Unknown,,,,,0,0,Open,0,,,Light rain,Null
1790782,5841499,26459,,527402,0,,0,1,,Null,2006/2007,HAKANOA ST,BELL CROSSING ST,,Minor Crash,No,2006,,South,,0,,Flat,,,,,,Bright sun,944400,1,0,1,2,,,0,,,,,,Waikato Region,Nil,2-way,Sealed,,0,0,,50,,Null,0,0,,13,Waikato District,Give way,,,,,0,0,Urban,0,,,Fine,Null
1885327,5773768,26460,,540410,0,,0,2,,Null,2006/2007,HINEMARU ST,ERUERA ST,,Non-Injury Crash,No,2006,,South,,0,,Flat,,,,,,Dark,1234900,0,0,0,2,,,0,,,,,,Bay of Plenty Region,Nil,2-way,Sealed,,0,0,,50,,On,0,0,,24,Rotorua District,Give way,,,,,0,0,Urban,0,,,Fine,Null
1687061,6009392,26461,,505010,0,0,0,1,0,North,2006/2007,SH 12,TOKATOKA ROAD,,Minor Crash,Yes,2006,0,South,1,0,0,Flat,0,,0,,0,Overcast,125900,1,0,0,2,0,0,0,0,0,,0,0,Northland Region,Nil,2-way,Sealed,0,0,0,0,100,0,None,0,0,,3,Kaipara District,Nil,0,0,0,0,0,0,Open,0,0,0,Light rain,Null
1750837,5915590,26462,,514802,0,,0,1,,Null,2005/2006,ROSEBANK ROAD,ASH ST,,Minor Crash,No,2006,,East,,0,,Flat,,,,,,Dark,386600,2,0,0,4,,,0,,,,,,Auckland Region,Nil,2-way,Sealed,,0,0,,50,,On,1,0,,76,Auckland,Traffic Signals,,,,,0,0,Urban,0,,,Fine,Null
1800916,5811698,26463,,529300,0,,0,2,,Null,2006/2007,SH 3,SAXBYS ROAD,,Non-Injury Crash,Yes,2006,,South,,0,,Flat,,Labour Weekend,,,,Bright sun,926700,0,0,0,2,,,0,,,,,,Waikato Region,Nil,2-way,Sealed,,0,0,,50,,Null,0,0,,16,Hamilton City,Give way,,,,,0,0,Urban,0,,,Fine,Null
1754367,5911344,26464,,519001,0,0,0,1,1,East,2006/2007,HILLSBOROUGH ROAD,CAPE HORN ROAD,,Non-Injury Crash,No,2006,0,East,0,0,1,Flat,0,,0,,0,Dark,589205,0,0,0,2,0,0,0,0,0,,0,0,Auckland Region,Nil,2-way,Sealed,0,0,0,0,50,0,On,0,0,,76,Auckland,Nil,0,0,0,1,0,0,Urban,0,0,0,Heavy rain,Null
1769438,5901890,26465,,524901,0,,0,2,,Null,2005/2006,GRANDE VUE ROAD,MANUREWA ON NBD,,Non-Injury Crash,Yes,2006,,South,,0,,Hill Road,,,,,,Dark,756000,0,0,0,2,,,0,,,,,,Auckland Region,Motorway ramp,2-way,Sealed,,0,0,,50,,On,0,0,,76,Auckland,Give way,,,,,0,0,Urban,0,,,Fine,Null
1770399,5912328,26466,,523105,0,,0,2,,Null,2005/2006,MILLHOUSE DRIVE,BOTANY ROAD,,Non-Injury Crash,No,2006,,South,,0,,Flat,,,,,,Bright sun,711139,0,0,0,2,,,0,,,,,,Auckland Region,Nil,2-way,Sealed,,0,0,,50,,Off,0,0,,76,Auckland,Give way,,,,,0,0,Urban,0,,,Fine,Null
1768489,5909142,26467,,523113,0,,0,1,,Null,2006/2007,SPRINGS ROAD,KERWYN AVENUE,,Non-Injury Crash,No,2006,,North,,0,,Flat,,,,,,Bright sun,711809,0,0,0,4,,,0,,,,,,Auckland Region,Nil,2-way,Sealed,,0,0,,60,,Off,0,0,,76,Auckland,Traffic Signals,,,,,0,0,Urban,1,,,Fine,Null
1663327,6120313,26468,,500402,0,0,0,0,0,East,2006/2007,SH 10,OTANGAROA ROAD,,Non-Injury Crash,Yes,2006,0,West,1,0,0,Hill Road,0,,0,,0,Dark,17600,0,0,0,3,0,0,0,0,0,,0,0,Northland Region,Nil,2-way,Sealed,0,0,0,0,100,0,None,0,0,,1,Far North District,Nil,0,0,0,0,1,0,Open,0,0,0,Fine,Null
1950688,5791825,26469,,542410,0,,0,1,,Null,2007/2008,MCALISTER ST,THE STRAND,,Non-Injury Crash,No,2007,,North,,0,,Flat,,,,,,Bright sun,1305300,0,0,0,2,,,0,,,,,,Bay of Plenty Region,Nil,2-way,Sealed,,0,0,,50,,Off,1,0,,25,Whakatane District,Give way,,,,,0,0,Urban,0,,,Fine,Null
1762269,5882766,26470,,521121,0,,0,1,,Null,2005/2006,PATUMAHOE ROAD,MAUKU ROAD,,Non-Injury Crash,No,2006,,North,,0,,Flat,,,,,,Dark,811300,0,0,0,2,,,0,,,,,,Auckland Region,Nil,2-way,Sealed,,0,0,,50,,None,0,0,,76,Auckland,Nil,,,,,0,0,Urban,1,,,Null,Null
1761240,5909318,26471,,524404,0,,0,1,,Null,2006/2007,FAVONA ROAD,FORBES ROAD,,Non-Injury Crash,No,2006,,West,,0,,Flat,,,,,,Bright sun,729400,0,0,0,2,,,0,,,,,,Auckland Region,Nil,2-way,Sealed,,0,0,,50,,Off,0,0,,76,Auckland,Nil,,,,,0,0,Urban,1,,,Fine,Null
1822520,5923533,26472,50,533200,0,0,0,0,1,South,2005/2006,SH 25,TE KOUMA ROAD,,Minor Crash,Yes,2006,0,South,0,0,0,Hill Road,0,,0,,0,Overcast,1046401,1,0,0,2,0,0,0,0,0,,0,0,Waikato Region,Nil,2-way,Sealed,0,0,0,0,100,0,Null,1,0,,11,Thames-Coromandel District,Unknown,0,0,0,0,0,0,Open,0,0,0,Heavy rain,Strong wind
1404091,4915649,26473,,604130,0,0,0,0,0,Null,2005/2006,ELGIN ROAD,ENGLISH AVENUE,,Minor Crash,No,2006,0,South,0,0,0,Flat,0,,0,,0,Dark,2916600,1,0,0,2,0,0,0,0,0,,0,1,Otago Region,Nil,2-way,Sealed,0,0,0,0,50,0,On,1,0,,71,Dunedin City,Stop,0,0,0,0,0,0,Urban,0,0,0,Fine,Null
1867165,5713246,26474,,541720,0,0,0,1,0,Null,2005/2006,RUAPEHU ST,TUWHARETOA ST,,Non-Injury Crash,No,2006,0,West,0,0,0,Flat,0,,0,,0,Overcast,1273900,0,0,0,2,0,0,0,0,0,,0,0,Waikato Region,Nil,2-way,Sealed,0,0,0,0,50,0,Null,0,0,,21,Taupo District,Stop,1,0,0,0,0,0,Urban,0,0,0,Fine,Null
1869261,5711486,26475,,541750,0,,0,2,,Null,2006/2007,NAPIER ROAD,KIDDLE DRIVE,,Non-Injury Crash,No,2006,,East,,0,,Hill Road,,,,,,Bright sun,1267108,0,0,0,2,,,0,,,,,,Waikato Region,Nil,2-way,Sealed,,0,0,,80,,Off,0,0,,21,Taupo District,Stop,,,,,0,0,Open,0,,,Fine,Null
1759467,5910237,26476,,524002,0,,0,4,,Null,2006/2007,SH 20,RIMU OBR,,Minor Crash,Yes,2006,,South,,0,,Flat,,,,,,Bright sun,722400,2,0,0,4,,,0,,,,,,Auckland Region,Nil,2-way,Sealed,,0,0,,100,,Off,1,0,,76,Auckland,Nil,,,,,0,0,Open,0,,,Fine,Null
1761417,5915915,26477,,516003,0,,0,2,,Null,2007/2008,ABBOTTS WAY,LADIES MILE,,Non-Injury Crash,No,2007,,South,,0,,Flat,,,,,,Bright sun,494902,0,0,0,4,,,0,,,,,,Auckland Region,Nil,2-way,Sealed,,0,0,,50,,Off,0,1,,76,Auckland,Give way,,,,,0,0,Urban,0,,,Fine,Null
1799463,5786115,26478,,527923,0,0,0,1,0,South,2005/2006,TE MAWHAI ROAD,POKURU ROAD,,Minor Crash,No,2006,0,South,0,0,1,Flat,0,,0,,0,Dark,983600,1,0,0,2,0,0,0,0,0,,0,0,Waikato Region,Nil,2-way,Sealed,0,0,0,0,100,0,On,0,0,,17,Waipa District,Unknown,0,0,0,0,0,0,Open,0,0,0,Mist or Fog,Null
1801457,5814746,26479,,529700,0,,0,2,,Null,2006/2007,VICTORIA ST,BRIDGE ST,,Non-Injury Crash,No,2006,,South,,0,,Hill Road,,,,,,Dark,912300,0,0,0,4,,,0,,,,,,Waikato Region,Nil,2-way,Sealed,,0,0,,50,,On,0,0,,16,Hamilton City,Give way,,,,,0,0,Urban,0,,,Fine,Null
1885332,5773879,26480,,540410,0,,0,2,,Null,2006/2007,HINEMARU ST,HINEMOA ST,,Minor Crash,No,2006,,North,,0,,Flat,,,,,,Overcast,1234000,1,0,0,2,,,0,,,,,,Bay of Plenty Region,Nil,2-way,Sealed,,0,0,,50,,Null,0,0,,24,Rotorua District,Stop,,,,,0,0,Urban,0,,,Fine,Null
1600912,5448413,26481,,584301,0,,0,1,,Null,2006/2007,SH 60,WOODLANDS AVENUE,,Minor Crash,Yes,2006,,West,,0,,Flat,,,,,,Bright sun,2379300,1,0,0,2,,,0,,,,,,Tasman Region,Nil,2-way,Sealed,,0,0,,50,,Null,1,0,,51,Tasman District,Give way,,,,,0,0,Urban,0,,,Fine,Null
1852838,5903662,26482,,533603,0,,0,0,,North,2005/2006,SH 25,OCEAN BEACH ROAD,,Serious Crash,Yes,2006,,North,,0,,Hill Road,,,,,,Bright sun,1059209,0,0,1,2,,,0,,,,,,Waikato Region,Nil,2-way,Sealed,,0,1,,100,,Null,1,0,,11,Thames-Coromandel District,Unknown,,,,,0,0,Open,0,,,Fine,Null
1601067,5430711,26483,,581836,1,,0,0,,Null,2006/2007,MOUTERE HIGHWAY,SUNRISE ROAD,,Serious Crash,No,2006,,West,,0,,Hill Road,,,,,,Overcast,2351400,0,0,0,2,,,0,,,,,,Tasman Region,Nil,2-way,Sealed,,0,1,,100,,Null,1,0,,51,Tasman District,Stop,,,,,0,0,Open,0,,,Light rain,Null
1927917,5601772,26484,,545762,0,0,0,1,0,Null,2005/2006,LONGLANDS ROAD,RIVERSLEA ROAD SOUTH,,Non-Injury Crash,No,2006,0,South,0,0,1,Flat,0,,0,,0,Dark,1468400,0,0,0,2,0,0,0,0,0,,0,0,Hawke's Bay Region,Nil,2-way,Sealed,0,0,0,0,100,0,None,0,0,,30,Hastings District,Give way,0,0,0,1,0,0,Open,0,0,0,Fine,Null
1751325,5434953,26485,,573700,1,,0,1,,South,2006/2007,MOOREFIELD ROAD,JOHNSONVILLE ROAD,,Minor Crash,No,2006,,South,,0,,Flat,,,,,,Dark,2082400,1,0,0,2,,,0,,,,,,Wellington Region,Nil,2-way,Sealed,,0,0,,50,,On,0,0,,47,Wellington City,Nil,,,,,0,0,Urban,0,,,Light rain,Null
1400051,4914030,26486,,605910,0,0,0,2,0,South,2006/2007,NORTH TAIERI ROAD,EXMOUTH ST,,Minor Crash,No,2006,0,North,0,0,0,Hill Road,0,,0,,0,Overcast,2953300,1,0,0,2,0,0,0,0,1,,0,0,Otago Region,Nil,2-way,Sealed,0,0,0,0,50,0,Null,0,0,,71,Dunedin City,Unknown,0,0,0,0,0,0,Urban,0,0,0,Fine,Null
1755786,5928200,26487,,507900,0,,0,2,,Null,2005/2006,WAIRAU ROAD,PORANA ROAD,,Non-Injury Crash,No,2006,,North,,0,,Flat,,,,,,Bright sun,305201,0,0,0,5,,,0,,,,,,Auckland Region,Nil,2-way,Sealed,,0,0,,50,,Off,0,0,,76,Auckland,Traffic Signals,,,,,0,0,Urban,0,,,Fine,Null
1572252,5181296,26488,,593300,0,,0,1,,East,2005/2006,Z CPK NEW WORLD WARWICK,STANMORE ROAD,,Fatal Crash,No,2006,,East,,1,,Flat,,,,,,Overcast,2693100,0,0,0,0,,,0,,,1,,,Canterbury Region,Nil,Off road,Sealed,,0,0,,20,,Null,0,0,,60,Christchurch City,Unknown,,,,,0,0,Urban,0,,,Heavy rain,Null
1763628,5914753,26489,,520303,0,0,0,0,0,East,2005/2006,BANKS ROAD,BOAKES ROAD,,Minor Crash,No,2006,0,West,0,0,0,Flat,0,,1,,0,Twilight,626802,1,1,0,2,0,0,0,0,0,,0,0,Auckland Region,Nil,2-way,Sealed,0,0,0,0,50,0,Off,0,0,,76,Auckland,Unknown,0,0,0,0,0,0,Urban,0,0,0,Fine,Null
1778700,5903937,26490,,525201,0,0,0,1,0,West,2006/2007,WEST ROAD,TYLDENS ROAD,,Minor Crash,No,2006,0,South,0,0,0,Hill Road,0,,0,,0,Overcast,763202,1,0,0,2,0,1,0,0,0,,0,0,Auckland Region,Nil,2-way,Sealed,0,0,0,0,100,0,Off,0,0,,76,Auckland,Nil,0,0,0,0,0,0,Open,0,0,0,Fine,Null
1753414,5929778,26491,,508411,0,,0,1,,South,2005/2006,GLENFIELD ROAD,SUNSET ROAD,,Non-Injury Crash,No,2006,,South,,0,,Flat,,,,,,Bright sun,183902,0,0,0,4,,,0,,,,,,Auckland Region,Nil,2-way,Sealed,,0,0,,50,,Off,0,0,,76,Auckland,Nil,,,,,1,0,Urban,0,,,Fine,Null
1763189,5914445,26492,,520401,0,,0,1,,Null,2005/2006,PANORAMA ROAD,ALCOCK ST,,Non-Injury Crash,No,2006,,North,,0,,Hill Road,,,,,,Twilight,643802,0,0,0,2,,,0,,,,,,Auckland Region,Nil,2-way,Sealed,,0,0,,50,,Off,1,0,,76,Auckland,Nil,,,,,0,0,Urban,0,,,Fine,Null
1925557,5603150,26493,,545842,0,,0,2,,Null,2005/2006,SH 50A,MARAEKAKAHO ROAD,,Minor Crash,Yes,2006,,North,,0,,Flat,,,,,,Bright sun,1470213,3,0,0,2,,,0,,,,,,Hawke's Bay Region,Nil,2-way,Sealed,,0,0,,70,,Null,0,0,,30,Hastings District,Give way,,,,,0,0,Urban,0,,,Fine,Null
1771497,5895137,26494,,521201,0,,0,2,,North,2006/2007,SH 1N,PAPAKURA OFF NBD,,Non-Injury Crash,Yes,2006,,North,,0,,Flat,,,,,,Bright sun,806700,0,0,0,2,,,0,,,,,,Auckland Region,Nil,1-way,Sealed,,0,0,,100,,None,0,0,,76,Auckland,Nil,,,,,0,0,Open,0,,,Fine,Null
1769120,5911523,26495,,523107,0,,0,1,,East,2005/2006,TI RAKAU DRIVE,HARRIS ROAD,,Non-Injury Crash,No,2006,,East,,0,,Flat,,,,,,Dark,711702,0,0,0,4,,,0,,,,,,Auckland Region,Nil,2-way,Sealed,,0,0,,80,,On,1,0,,76,Auckland,Nil,,,,,0,0,Open,0,,,Fine,Null
1764258,5446391,26496,,565601,0,0,0,1,1,East,2005/2006,SH 58,MOONSHINE ROAD,,Fatal Crash,Yes,2006,0,West,0,1,0,Hill Road,0,,0,,0,Dark,2072600,1,0,0,3,0,0,0,1,0,,0,0,Wellington Region,Nil,2-way,Sealed,0,0,0,0,100,0,None,0,0,,44,Porirua City,Nil,0,0,0,1,0,0,Open,0,0,0,Fine,Null
1754482,5912231,26497,,519002,0,,0,2,,North,2005/2006,DOMINION ROAD,BUDGEN ST,,Non-Injury Crash,No,2006,,South,,0,,Flat,,,,,,Dark,589501,0,0,0,2,,,0,,,,,,Auckland Region,Nil,2-way,Sealed,,0,0,,50,,On,0,0,,76,Auckland,Stop,,,,,0,0,Urban,0,,,Fine,Null
1859096,5850158,26498,,536614,0,,0,1,,West,2006/2007,SH 2,ATHENREE ROAD,,Minor Crash,Yes,2007,,West,,0,,Hill Road,,,,,,Overcast,1181001,1,0,0,2,,,0,,,,,,Bay of Plenty Region,Nil,2-way,Sealed,,0,0,,100,,Null,1,0,,22,Western Bay of Plenty District,Unknown,,,,,0,0,Open,0,,,Light rain,Null
1756002,5935961,26499,,507000,0,,0,2,,Null,2006/2007,BEACH ROAD,MIZPAH ROAD,,Non-Injury Crash,No,2006,,South,,0,,Flat,,,,,,Overcast,163200,0,0,0,2,,,0,,,,,,Auckland Region,Nil,2-way,Sealed,,0,0,,50,,Off,0,0,,76,Auckland,Nil,,,,,0,0,Urban,0,,,Fine,Null
1746663,5918006,26500,,512500,0,0,0,3,0,South,2005/2006,TE ATATU ROAD,CONISTON AVENUE,,Non-Injury Crash,No,2006,0,South,0,0,0,Flat,0,,0,,0,Dark,258400,0,0,0,2,0,0,0,0,1,,0,0,Auckland Region,Nil,2-way,Sealed,0,0,0,0,50,0,On,0,0,,76,Auckland,Nil,0,0,0,0,0,0,Urban,0,0,0,Fine,Null
1871130,5823499,26501,,536620,0,0,0,1,1,East,2005/2006,SH 2,TE PUNA ROAD,,Non-Injury Crash,Yes,2006,0,East,1,0,0,Flat,0,,0,,0,Bright sun,1189602,0,0,0,2,0,0,0,0,0,,0,0,Bay of Plenty Region,Nil,2-way,Sealed,0,0,0,0,100,0,Null,0,0,,22,Western Bay of Plenty District,Unknown,0,0,0,0,0,0,Open,0,0,0,Fine,Null
1764320,5908844,26502,,521901,0,0,0,1,0,Null,2005/2006,NGAIO ST,GREAT SOUTH ROAD,,Minor Crash,No,2006,0,North,0,0,0,Hill Road,0,,0,,0,Overcast,785200,1,0,0,4,0,0,0,0,0,,0,1,Auckland Region,Nil,2-way,Sealed,0,0,0,0,50,0,Off,0,0,,76,Auckland,Stop,1,0,0,0,0,0,Urban,0,0,0,Fine,Null
1405892,4914753,26503,,604210,0,,0,3,,West,2005/2006,HILLSIDE ROAD,KING EDWARD ST,,Minor Crash,No,2006,,East,,0,,Flat,,,,,,Bright sun,2914400,1,0,0,2,,,0,,,,,,Otago Region,Nil,2-way,Sealed,,0,0,,50,,Null,0,0,,71,Dunedin City,Unknown,,,,,0,0,Urban,0,,,Fine,Null
1765937,5898981,26504,,524812,0,,0,2,,Null,2006/2007,WEYMOUTH ROAD,ETHERTON DRIVE,,Non-Injury Crash,No,2006,,East,,0,,Flat,,,,,,Overcast,774001,0,0,0,2,,,0,,,,,,Auckland Region,Nil,2-way,Sealed,,0,0,,50,,Off,0,0,,76,Auckland,Give way,,,,,0,0,Urban,0,,,Fine,Null
1976710,5782336,26505,,542906,0,,0,1,,South,2006/2007,SH 2,FACTORY ROAD,,Fatal Crash,Yes,2006,,North,,1,,Flat,,,,,,Overcast,1337100,2,0,0,2,,,0,,,,,,Bay of Plenty Region,Nil,2-way,Sealed,,0,1,,70,,None,1,0,,27,Ōpōtiki District,Nil,,,,,0,0,Urban,0,,,Fine,Null
1760327,5915331,26506,,520202,0,,0,2,,Null,2006/2007,GREAT SOUTH ROAD,MAIN HIGHWAY,,Minor Crash,No,2006,,North,,0,,Flat,,,,,,Dark,613200,2,0,0,4,,,0,,,,,,Auckland Region,Nil,2-way,Sealed,,0,0,,50,,On,0,0,,76,Auckland,Traffic Signals,,,,,0,0,Urban,0,,,Fine,Null
1771190,5911887,26507,,523106,0,,0,3,,Null,2005/2006,CHAPEL ROAD,KILIMANJARO DRIVE,,Non-Injury Crash,No,2006,,North,,0,,Hill Road,,,,,,Dark,711131,0,0,0,2,,,0,,,,,,Auckland Region,Nil,2-way,Sealed,,0,0,,50,,On,0,0,70,76,Auckland,Give way,,,,,0,0,Urban,0,,,Heavy rain,Null
1765467,5907109,26508,,522201,0,,0,1,,South,2006/2007,GREAT SOUTH ROAD,SHIRLEY ROAD,,Minor Crash,No,2006,,North,,0,,Flat,,,,,,Dark,662300,1,0,0,4,,,0,,,,,,Auckland Region,Nil,2-way,Sealed,,0,0,,50,,On,1,0,,76,Auckland,Nil,,,,,0,0,Urban,1,,,Mist or Fog,Null
1758462,5920099,26509,,515902,1,,0,1,,Null,2005/2006,PARNELL RISE,BEDFORD ST,,Minor Crash,No,2006,,West,,0,,Hill Road,,,,,,Bright sun,452200,1,0,0,4,,,0,,,,,,Auckland Region,Nil,2-way,Sealed,,0,0,,50,,Off,0,0,,76,Auckland,Stop,,,,,0,0,Urban,0,,,Fine,Null
1770335,5898946,26510,,523911,0,,0,2,,Null,2005/2006,GREAT SOUTH ROAD,MANUROA ROAD,,Non-Injury Crash,No,2006,,West,,0,,Flat,,,,,,Bright sun,768200,0,0,0,3,,,0,,,,,,Auckland Region,Nil,2-way,Sealed,,0,0,,50,,Off,0,0,,76,Auckland,Traffic Signals,,,,,0,0,Urban,0,,,Fine,Null
1879993,5820672,26511,,538000,0,0,0,1,0,South,2006/2007,MAUNGATAPU ROAD,MERSEA PLACE,,Non-Injury Crash,No,2006,0,North,0,0,0,Flat,0,,0,,0,Bright sun,1179301,0,0,0,2,0,0,0,0,1,,0,0,Bay of Plenty Region,Nil,2-way,Sealed,0,0,0,0,50,0,Null,1,0,,23,Tauranga City,Unknown,0,0,0,1,0,0,Urban,0,0,0,Fine,Null
1759364,5925802,26512,,508020,0,,0,3,,North,2005/2006,LAKE ROAD,ST LEONARDS ROAD,,Non-Injury Crash,No,2006,,South,,0,,Hill Road,,,,,,Bright sun,321900,0,0,0,2,,,0,,,,,,Auckland Region,Nil,2-way,Sealed,,0,0,,50,,Null,1,0,,76,Auckland,Unknown,,,,,0,0,Urban,0,,,Fine,Null
1459745,5081687,26513,,599700,0,0,0,1,0,West,2006/2007,HASSALL ST,RHODES ST,,Non-Injury Crash,No,2006,0,East,0,0,1,Hill Road,0,,0,,0,Bright sun,2798500,0,0,0,2,0,0,0,0,0,,0,0,Canterbury Region,Nil,2-way,Sealed,0,0,0,0,50,0,Null,0,0,,64,Timaru District,Unknown,0,0,0,0,0,0,Urban,0,0,0,Fine,Null
1761913,5913960,26514,,520202,0,0,0,1,0,South,2005/2006,SH 1N,PENROSE ON SBD,,Non-Injury Crash,Yes,2006,0,South,0,0,0,Flat,1,,0,,0,Dark,612800,0,0,0,3,0,0,0,0,0,,0,1,Auckland Region,Nil,1-way,Sealed,0,0,0,0,100,0,On,0,0,,76,Auckland,Nil,0,0,0,0,0,0,Open,0,0,0,Fine,Null