X,Y,OBJECTID,advisorySpeed,areaUnitID,bicycle,bridge,bus,carStationWagon,cliffBank,crashDirectionDescription,crashFinancialYear,crashLocation1,crashLocation2,crashRoadSideRoad,crashSeverity,crashSHDescription,crashYear,debris,directionRoleDescription,ditch,fatalCount,fence,flatHill,guardRail,holiday,houseOrBuilding,intersection,kerb,light,meshblockId,minorInjuryCount,moped,motorcycle,NumberOfLanes,objectThrownOrDropped,otherObject,otherVehicleType,overBank,parkedVehicle,pedestrian,phoneBoxEtc,postOrPole,region,roadCharacter,roadLane,roadSurface,roadworks,schoolBus,seriousInjuryCount,slipOrFlood,speedLimit,strayAnimal,streetLight,suv,taxi,temporarySpeedLimit,tlaId,tlaName,trafficControl,trafficIsland,trafficSign,train,tree,truck,unknownVehicleType,urban,vanOrUtility,vehicle,waterRiver,weatherA,weatherB
1756906,5918623,26515,,515600,0,,0,2,,Null,2005/2006,NEW NORTH ROAD,BASQUE ROAD,,Non-Injury Crash,No,2006,,East,,0,,Hill Road,,,,,,Overcast,421200,0,0,0,4,,,0,,,,,,Auckland Region,Nil,2-way,Sealed,,0,0,,50,,Off,0,0,,76,Auckland,Stop,,,,,0,0,Urban,0,,,Heavy rain,Null
1878880,5824255,26516,,538201,0,,0,2,,Null,2005/2006,SH 2,ELIZABETH ST,,Non-Injury Crash,Yes,2006,,South,,0,,Flat,,,,,,Bright sun,1164600,0,0,0,2,,,0,,,,,,Bay of Plenty Region,Nil,2-way,Sealed,,0,0,,50,,Null,0,0,,23,Tauranga City,Give way,,,,,0,0,Urban,0,,,Fine,Null
1631881,6138310,26517,,500202,0,0,0,1,0,North,2006/2007,INLAND ROAD,RANGIPUTA ROAD,,Minor Crash,No,2006,0,South,1,0,1,Flat,0,Christmas New Year,0,,0,Bright sun,2608,1,0,0,2,0,0,0,0,0,,0,0,Northland Region,Nil,2-way,Sealed,0,0,0,0,100,0,None,0,0,,1,Far North District,Nil,0,0,0,0,0,0,Open,0,0,0,Fine,Null
1758203,5434817,26518,,570100,0,,0,1,,Null,2005/2006,CUBA ST,UDY ST,,Minor Crash,No,2006,,North,,0,,Flat,,,,,,Bright sun,2030100,1,0,1,2,,,0,,,,,,Wellington Region,Nil,2-way,Sealed,,0,0,,50,,Null,0,0,,46,Lower Hutt City,Give way,,,,,0,0,Urban,0,,,Fine,Null
1875618,5709246,26519,,541344,0,0,0,1,0,East,2006/2007,SH 5,CAROLINE DRIVE,,Non-Injury Crash,Yes,2006,0,East,0,0,0,Flat,0,,0,,0,Dark,1280708,0,0,0,2,0,0,0,0,0,,0,0,Waikato Region,Nil,2-way,Sealed,0,0,0,0,100,0,None,0,0,,21,Taupo District,Nil,0,0,0,0,0,0,Open,0,0,0,Light rain,Null
1790262,5496613,26520,,564012,0,0,0,0,1,North,2006/2007,SH 1N,VICTORIA TERRACE,,Minor Crash,Yes,2006,0,South,0,0,0,Hill Road,0,,0,,0,Overcast,1859002,1,0,0,2,0,0,0,0,0,,0,0,Manawatū-Whanganui Region,Nil,2-way,Sealed,0,0,0,0,100,0,Null,0,0,,42,Horowhenua District,Nil,0,0,0,0,1,0,Open,1,0,0,Light rain,Null
1769983,5900818,26521,,523816,0,0,0,1,0,North,2005/2006,SHIFNAL DRIVE,RIVERTON DRIVE,,Non-Injury Crash,No,2006,0,South,0,0,0,Flat,0,,0,,0,Overcast,759725,0,0,0,2,0,0,0,0,1,,0,0,Auckland Region,Nil,2-way,Sealed,0,0,0,0,50,0,Off,1,0,,76,Auckland,Nil,0,0,0,0,0,0,Urban,0,0,0,Fine,Null
1568888,5178953,26522,,590900,1,,0,1,,Null,2005/2006,LINCOLN ROAD,HARMAN ST,,Minor Crash,No,2006,,South,,0,,Flat,,,,,,Twilight,2476200,1,0,0,2,,,0,,,,,,Canterbury Region,Nil,2-way,Sealed,,0,0,,50,,On,0,0,,60,Christchurch City,Nil,,,,,0,0,Urban,0,,,Fine,Null
1572379,5179665,26523,,593502,0,,0,2,,Null,2006/2007,TUAM ST,NURSERY ROAD,,Minor Crash,No,2006,,West,,0,,Flat,,,,,,Overcast,2606600,1,0,0,2,,,0,,,,,,Canterbury Region,Nil,2-way,Sealed,,0,0,,50,,Null,0,0,,60,Christchurch City,Give way,,,,,0,0,Urban,0,,,Fine,Null
1758592,5917545,26524,,516001,0,,0,3,,North,2006/2007,SH 1N,MARKET OBR,,Non-Injury Crash,Yes,2006,,South,,0,,Flat,,,,,,Dark,490900,0,0,0,6,,,0,,,,,,Auckland Region,Bridge,2-way,Sealed,,0,0,,100,,On,0,0,,76,Auckland,Nil,,,,,0,0,Open,0,,,Fine,Null
1746959,5945488,26525,,506201,0,0,0,0,0,North,2006/2007,YOUNG ACCESS,PINE VALLEY ROAD,,Non-Injury Crash,No,2006,0,South,0,0,0,Flat,0,,0,,0,Overcast,176603,0,0,0,2,0,0,0,0,0,,0,1,Auckland Region,Nil,2-way,Sealed,0,0,0,0,100,0,None,0,0,,76,Auckland,Nil,0,0,0,0,0,0,Open,1,0,0,Fine,Null
1757500,5918695,26526,,514302,0,0,0,3,0,South,2005/2006,SH 1N,HOBSON ON SBD,,Minor Crash,Yes,2006,0,South,0,0,0,Flat,1,,0,,0,Twilight,442500,1,0,0,4,0,0,0,0,0,,0,0,Auckland Region,Nil,1-way,Sealed,0,0,0,0,100,0,On,0,0,,76,Auckland,Nil,0,0,0,0,0,0,Open,0,0,0,Fine,Null
1776504,5468548,26527,,566302,0,,0,1,,East,2005/2006,AKATARAWA ROAD,RATADALE ROAD,,Minor Crash,No,2006,,North,,0,,Hill Road,,,,,,Overcast,1998502,1,0,0,2,,,0,,,,,,Wellington Region,Nil,2-way,Sealed,,0,0,,100,,Null,1,0,,43,Kapiti Coast District,Nil,,,,,0,0,Open,0,,,Heavy rain,Null
1858863,5850357,26528,45,534100,0,,0,0,,North,2005/2006,SH 2,ATHENREE ROAD,,Minor Crash,Yes,2006,,South,,0,,Hill Road,,,,,,Bright sun,1181100,1,0,0,2,,,0,,,,,,Bay of Plenty Region,Nil,2-way,Sealed,,0,0,,100,,Null,0,0,,22,Western Bay of Plenty District,Unknown,,,,,1,0,Open,0,,,Fine,Null
1759044,5911961,26529,,519820,0,0,0,1,0,North,2006/2007,ONEHUNGA MALL,PRINCES ST,,Non-Injury Crash,No,2006,0,South,0,0,0,Flat,0,,0,,0,Bright sun,601901,0,0,0,2,0,0,0,0,0,,0,0,Auckland Region,Nil,2-way,Sealed,0,0,0,0,50,0,Off,1,0,,76,Auckland,Nil,0,0,0,0,0,0,Urban,0,1,0,Fine,Null
1623300,5431095,26530,,582402,0,0,0,1,0,South,2006/2007,Z CPK COUNTDOWN,ST VINCENT/HASTINGS,,Non-Injury Crash,No,2006,0,East,0,0,0,Flat,0,,0,,0,Overcast,2327002,0,0,0,1,0,0,0,0,1,,0,0,Nelson Region,Nil,Off road,Sealed,0,0,0,0,50,0,Null,1,0,,52,Nelson City,Nil,0,0,0,0,0,0,Urban,0,0,0,Fine,Null
1884990,5774223,26531,,540410,0,,0,1,,Null,2005/2006,ARAWA ST,TUTANEKAI ST,,Non-Injury Crash,No,2006,,West,,0,,Flat,,,,,,Overcast,1235100,0,0,0,2,,,0,,,,,,Bay of Plenty Region,Nil,2-way,Sealed,,0,0,,50,,Null,0,0,,24,Rotorua District,Stop,,,,,0,0,Urban,1,,,Fine,Null
1867190,5713803,26532,,541720,0,0,0,2,0,Null,2006/2007,GASCOIGNE ST,SPA ROAD,,Non-Injury Crash,No,2006,0,East,0,0,0,Flat,0,,0,,0,Dark,1273500,0,0,0,2,0,0,0,0,0,,0,1,Waikato Region,Nil,2-way,Sealed,0,0,0,0,50,0,On,0,0,,21,Taupo District,Stop,0,0,0,0,0,0,Urban,0,0,0,Light rain,Null
1764737,5911690,26533,,520500,0,0,0,1,0,Null,2006/2007,MCLENNAN ROAD,PANAMA ROAD,,Non-Injury Crash,No,2006,0,East,0,0,1,Flat,0,,1,,0,Dark,639602,0,0,0,2,0,0,0,0,0,,0,0,Auckland Region,Nil,2-way,Sealed,0,0,0,0,50,0,On,0,0,,76,Auckland,Stop,0,0,0,0,0,0,Urban,0,0,0,Mist or Fog,Frost
1756692,5436060,26534,,569800,0,0,0,1,0,South,2005/2006,MAUNGARAKI ROAD,JASMINE GROVE,,Minor Crash,No,2006,0,South,0,0,0,Hill Road,0,,0,,0,Bright sun,2035001,1,0,0,2,0,0,0,1,0,,0,0,Wellington Region,Nil,2-way,Sealed,0,0,0,0,50,0,Null,0,0,,46,Lower Hutt City,Nil,0,0,0,1,0,0,Urban,0,0,0,Fine,Null
1571550,5194822,26535,,586501,1,0,0,1,0,South,2005/2006,MAIN NORTH ROAD,HOLLAND DRIVE,,Serious Crash,No,2006,0,North,0,0,0,Flat,0,,0,,0,Overcast,2455505,1,0,0,2,0,0,0,0,0,,0,0,Canterbury Region,Nil,2-way,Sealed,0,0,1,0,80,0,Null,0,0,,59,Waimakariri District,Unknown,0,0,0,1,0,0,Open,0,0,0,Fine,Null
1800299,5816430,26536,,529700,0,,0,2,,Null,2006/2007,VICTORIA ST,BOUNDARY ROAD,,Minor Crash,No,2006,,South,,0,,Flat,,,,,,Bright sun,909302,1,0,0,5,,,0,,,,,,Waikato Region,Nil,2-way,Sealed,,0,0,,50,,Off,0,0,,16,Hamilton City,Traffic Signals,,,,,0,0,Urban,0,,,Fine,Null
1570157,5189489,26537,,590400,0,0,0,2,0,South,2006/2007,SH 1S MAIN NORTH ROAD,DONEGAL ST,,Non-Injury Crash,Yes,2006,0,North,0,0,0,Flat,0,,0,,0,Bright sun,2514602,0,0,0,2,0,0,0,0,1,,0,0,Canterbury Region,Nil,2-way,Sealed,0,0,0,0,50,0,Null,0,0,,60,Christchurch City,Unknown,0,0,0,0,0,0,Urban,0,0,0,Fine,Null
1883939,5772174,26538,,540000,1,,0,1,,Null,2006/2007,SH 5,DEVON ST,,Minor Crash,Yes,2006,,South,,0,,Flat,,,,,,Dark,1244300,1,0,0,2,,,0,,,,,,Bay of Plenty Region,Nil,2-way,Sealed,,0,0,,50,,On,0,0,,24,Rotorua District,Give way,,,,,0,0,Urban,0,,,Fine,Null
1417132,4921233,26539,45,604830,0,0,0,1,0,North,2005/2006,PORTOBELLO ROAD,NICHOLAS ST,,Minor Crash,No,2006,0,South,0,0,0,Flat,0,,0,,0,Overcast,2944300,1,0,0,2,0,0,0,1,0,,0,0,Otago Region,Nil,2-way,Sealed,0,0,0,0,70,0,Null,0,0,,71,Dunedin City,Unknown,0,0,0,0,0,0,Urban,0,0,1,Fine,Null
1755173,5914291,26540,,518803,0,,0,2,,Null,2006/2007,MOUNT ALBERT ROAD,DOMINION ROAD,,Non-Injury Crash,No,2006,,West,,0,,Flat,,,,,,Dark,580100,0,0,0,3,,,0,,,,,,Auckland Region,Nil,2-way,Sealed,,0,0,,50,,On,0,0,,76,Auckland,Traffic Signals,,,,,0,0,Urban,0,,,Light rain,Null
1759637,5907653,26541,,524122,0,0,0,1,0,North,2005/2006,CARAVELLE CLOSE,PROCTOR PLACE,,Non-Injury Crash,No,2006,0,South,0,0,0,Flat,0,,0,,0,Twilight,738101,0,0,0,2,0,0,0,0,0,,0,1,Auckland Region,Nil,2-way,Sealed,0,0,0,0,50,0,Off,0,0,,76,Auckland,Nil,0,0,0,0,0,0,Urban,0,0,0,Fine,Null
1749245,5913590,26542,,511401,0,0,0,2,0,Null,2006/2007,TITIRANGI ROAD,MARGAN AVENUE,,Non-Injury Crash,No,2006,0,West,0,0,0,Flat,0,,0,,0,Dark,263304,0,0,0,2,0,0,0,0,0,,0,0,Auckland Region,Nil,2-way,Sealed,0,0,0,0,50,0,On,0,0,,76,Auckland,Traffic Signals,0,0,0,0,0,0,Urban,0,1,0,Fine,Null
1648568,6128091,26543,,500203,0,0,0,1,0,East,2007/2008,BEACH ROAD,MABEL THORBURN PLACE,,Non-Injury Crash,No,2007,0,East,0,0,0,Flat,0,Labour Weekend,0,,0,Bright sun,4900,0,0,0,2,0,0,0,0,1,,0,0,Northland Region,Nil,2-way,Sealed,0,0,0,0,80,0,Off,0,0,,1,Far North District,Nil,0,0,0,0,0,0,Open,1,0,0,Fine,Null
1747558,5427650,26544,,575300,1,,0,1,,East,2005/2006,UPLAND ROAD,PLUNKET ST,,Minor Crash,No,2006,,North,,0,,Flat,,,,,,Bright sun,2152201,1,0,0,2,,,0,,,,,,Wellington Region,Nil,2-way,Sealed,,0,0,,50,,Null,0,0,,47,Wellington City,Nil,,,,,0,0,Urban,0,,,Fine,Null
1884128,5825325,26545,,536831,0,,0,1,,North,2006/2007,SH 2,GIRVEN ROAD,,Non-Injury Crash,Yes,2006,,South,,0,,Flat,,,,,,Bright sun,1204403,0,0,1,2,,,0,,,,,,Bay of Plenty Region,Nil,2-way,Sealed,,0,0,,50,,Off,0,0,,23,Tauranga City,Nil,,,,,0,0,Urban,0,,,Fine,Null
1766904,5907645,26546,,523602,0,,0,2,,Null,2005/2006,BAIRDS ROAD,EAST TAMAKI ROAD,,Non-Injury Crash,No,2006,,North,,0,,Flat,,,,,,Bright sun,709300,0,0,0,2,,,0,,,,,,Auckland Region,Nil,2-way,Sealed,,0,0,,50,,Off,0,0,,76,Auckland,Traffic Signals,,,,,0,0,Urban,0,,,Fine,Null
1767439,5907609,26547,,523602,0,0,0,3,0,South,2005/2006,FERGUSON ROAD,EAST TAMAKI ROAD,,Minor Crash,No,2006,0,South,0,0,0,Flat,0,,1,,0,Dark,709900,1,0,0,2,0,0,0,0,1,,0,0,Auckland Region,Nil,2-way,Sealed,0,0,0,0,50,0,On,0,0,,76,Auckland,Nil,0,0,0,0,0,0,Urban,1,0,0,Fine,Null
1745732,5917403,26548,,510700,0,,0,2,,Null,2006/2007,EDMONTON ROAD,ALDERMAN DRIVE,,Non-Injury Crash,No,2006,,East,,0,,Flat,,,,,,Overcast,240401,0,0,0,4,,,0,,,,,,Auckland Region,Nil,2-way,Sealed,,0,0,,50,,Off,0,0,,76,Auckland,Give way,,,,,0,0,Urban,0,,,Fine,Null
1758142,5915679,26549,,515801,0,,0,2,,South,2005/2006,MANUKAU ROAD,KING EDWARD AVENUE,,Non-Injury Crash,No,2006,,South,,0,,Flat,,,,,,Bright sun,447200,0,0,0,2,,,0,,,,,,Auckland Region,Nil,2-way,Sealed,,0,0,,50,,Off,0,0,,76,Auckland,Nil,,,,,0,0,Urban,0,,,Fine,Null
1222848,4867536,26550,,612740,0,,0,1,,East,2006/2007,BAXTER ROAD,LIMESTONE PLAINS ROAD,,Minor Crash,No,2006,,West,,0,,Hill Road,,,,,,Overcast,3184602,2,0,0,2,,,0,,,,,,Southland Region,Nil,2-way,Unsealed,,0,0,,100,,Null,1,0,,73,Southland District,Unknown,,,,,0,0,Open,0,,,Fine,Null
1764028,5916898,26551,,516302,0,,0,2,,South,2006/2007,COLLEGE ROAD,MERTON ROAD,,Non-Injury Crash,No,2006,,North,,0,,Flat,,,,,,Bright sun,463706,0,0,0,4,,,0,,,,,,Auckland Region,Nil,2-way,Sealed,,0,0,,50,,Off,1,0,,76,Auckland,Nil,,,,,0,0,Urban,0,,,Fine,Null
1769327,5907459,26552,,523712,0,,0,2,,Null,2007/2008,TE IRIRANGI DRIVE,ORMISTON ROAD,,Non-Injury Crash,No,2007,,West,,0,,Flat,,,,,,Bright sun,712803,0,0,0,6,,,0,,,,,,Auckland Region,Nil,2-way,Sealed,,0,0,,80,,Off,0,0,,76,Auckland,Give way,,,,,0,0,Open,0,,,Fine,Null
1751882,5917935,26553,,515001,0,0,0,1,0,Null,2005/2006,SH 16,PT CHEV ON EBD,,Non-Injury Crash,Yes,2006,0,East,0,0,0,Hill Road,1,,0,,0,Overcast,392200,0,0,0,4,0,0,0,0,0,,0,0,Auckland Region,Nil,1-way,Sealed,0,0,0,0,100,0,Off,0,0,,76,Auckland,Nil,0,0,0,0,0,0,Open,0,0,0,Heavy rain,Null
1858930,5724168,26554,,541335,0,0,0,1,1,North,2005/2006,POIHIPI ROAD,TUHINGAMATA ROAD,,Minor Crash,No,2006,0,South,0,0,0,Flat,0,,0,,0,Overcast,1278103,1,0,0,2,0,0,0,0,0,,0,0,Waikato Region,Nil,2-way,Sealed,0,0,0,0,100,0,Null,0,0,,21,Taupo District,Unknown,0,0,0,0,0,0,Open,0,0,0,Fine,Null
1765493,5917069,26555,,517001,0,0,0,1,0,Null,2006/2007,TANIWHA ST,LINE ROAD,,Non-Injury Crash,No,2006,0,South,0,0,0,Flat,0,,0,,0,Bright sun,475701,0,0,0,2,0,0,0,0,0,,0,0,Auckland Region,Nil,2-way,Sealed,0,0,0,0,50,0,Off,0,0,,76,Auckland,Give way,0,0,0,1,0,0,Urban,0,0,0,Fine,Null
1755765,5921156,26556,,515202,0,,0,3,,North,2005/2006,SH 1N,FANSHAWE ON NBD,,Non-Injury Crash,Yes,2006,,North,,0,,Flat,,,,,,Overcast,425600,0,0,0,4,,,0,,,,,,Auckland Region,Nil,1-way,Sealed,,0,0,,80,,Off,0,0,,76,Auckland,Nil,,,,,0,0,Open,0,,,Fine,Null
1886203,5772473,26557,,540600,0,,0,2,,Null,2005/2006,SH 30,SALA ST,,Minor Crash,Yes,2006,,West,,0,,Flat,,Queens Birthday,,,,Bright sun,1243500,3,0,0,4,,,0,,,,,,Bay of Plenty Region,Nil,2-way,Sealed,,0,0,,70,,Null,0,0,,24,Rotorua District,Traffic Signals,,,,,0,0,Urban,0,,,Fine,Null
1765817,5908077,26558,,523402,0,0,0,1,0,South,2006/2007,SH 1N,BAIRDS OBR,,Non-Injury Crash,Yes,2006,0,South,0,0,0,Flat,1,,0,,0,Twilight,699000,0,0,0,3,0,0,0,0,0,,0,0,Auckland Region,Nil,1-way,Sealed,0,0,0,0,100,0,On,0,0,,76,Auckland,Nil,0,0,0,0,1,0,Open,0,0,0,Fine,Null
1755042,5927892,26559,,508320,0,,0,3,,North,2005/2006,CHIVALRY ROAD,ARCHERS ROAD,,Minor Crash,No,2006,,South,,0,,Hill Road,,,,,,Twilight,199500,1,0,0,3,,,0,,,,,,Auckland Region,Nil,2-way,Sealed,,0,0,,50,,On,0,0,,76,Auckland,Nil,,,,,0,0,Urban,0,,,Light rain,Null
1681923,5402764,26560,,580432,0,,0,0,,South,2006/2007,Z DWAY ABATTOIR,ALABAMA/SH 1S,,Minor Crash,No,2006,,South,,0,,Flat,,,,,,Dark,2292220,3,0,0,2,,,0,,,,,,Marlborough Region,Nil,Off road,Unsealed,,0,0,,100,,On,1,0,,53,Marlborough District,Nil,,,,,0,0,Open,0,,,Fine,Null
1799149,5515612,26561,,561500,0,0,0,1,0,Null,2006/2007,FOXTON SHANNON ROAD,KERE KERE ROAD,,Fatal Crash,No,2006,0,East,1,1,1,Flat,0,,0,,0,Dark,1785401,1,0,0,2,0,0,0,0,0,,0,1,Manawatū-Whanganui Region,Nil,2-way,Sealed,0,0,1,0,100,0,None,0,0,,42,Horowhenua District,Nil,0,0,0,0,0,0,Open,0,0,0,Fine,Null
1758966,5916827,26562,,519200,0,,0,1,,North,2005/2006,GREAT SOUTH ROAD,MARKET ROAD,,Non-Injury Crash,No,2006,,North,,0,,Flat,,,,,,Bright sun,614100,0,0,0,2,,,0,,,,,,Auckland Region,Nil,2-way,Sealed,,0,0,,50,,Null,0,0,,76,Auckland,Unknown,,,,,0,0,Urban,1,,,Fine,Null
1759624,5436797,26563,,569201,0,,0,1,,South,2006/2007,PHARAZYN ST,BLOCK ROAD,,Minor Crash,No,2006,,South,,0,,Flat,,,,,,Bright sun,1925700,1,0,0,2,,,0,,,1,,,Wellington Region,Nil,2-way,Sealed,,0,0,,50,,Null,0,0,,46,Lower Hutt City,Nil,,,,,0,0,Urban,0,,,Fine,Null
1673248,6080974,26564,,501700,0,0,0,1,0,South,2007/2008,SH 15,PENNEY CRESCENT,,Non-Injury Crash,Yes,2007,0,North,0,0,1,Flat,0,,0,,0,Dark,43600,0,0,0,2,0,0,0,0,0,,0,1,Northland Region,Nil,2-way,Sealed,0,0,0,0,50,0,On,0,0,,1,Far North District,Nil,0,0,0,1,0,0,Urban,0,0,0,Light rain,Null
1753355,5933181,26565,,508804,0,,0,0,,Null,2005/2006,SH 1N,GREVILLE OBR,,Non-Injury Crash,Yes,2006,,South,,0,,Flat,,,,,,Overcast,180605,0,0,0,2,,,0,,,,,,Auckland Region,Bridge,1-way,Sealed,,0,0,,100,,Off,1,0,,76,Auckland,Nil,,,,,0,0,Open,0,,,Light rain,Null
1877805,5822562,26566,,538101,0,,0,2,,West,2006/2007,SH 2A,CAMERON ROAD,,Non-Injury Crash,Yes,2006,,East,,0,,Hill Road,,,,,,Bright sun,1167803,0,0,0,4,,,0,,,,,,Bay of Plenty Region,Nil,1-way,Sealed,,0,0,,80,,Off,0,0,,23,Tauranga City,Nil,,,,,0,0,Open,0,,,Fine,Null
1863610,5544617,26567,,550102,0,0,0,2,0,South,2005/2006,QUEEN ST,PRINCESS ST,,Minor Crash,No,2006,0,North,0,0,0,Flat,0,Easter,0,,0,Dark,1528200,1,0,0,2,0,0,0,0,1,,0,0,Manawatū-Whanganui Region,Nil,2-way,Sealed,0,0,0,0,50,0,On,0,0,,41,Tararua District,Nil,0,0,0,0,0,0,Urban,1,0,0,Fine,Null
1802044,5813295,26568,,530300,0,,0,3,,Null,2006/2007,SH 1N,COBHAM BR,,Non-Injury Crash,Yes,2006,,South,,0,,Flat,,,,,,Bright sun,882500,0,0,0,2,,,0,,,,,,Waikato Region,Bridge,2-way,Sealed,,0,0,,60,,Off,0,0,,16,Hamilton City,Nil,,,,,0,0,Urban,0,,,Fine,Null
1749063,5931567,26569,,509000,0,,0,2,,South,2005/2006,PAREMOREMO ROAD,ELMORE ROAD,,Minor Crash,No,2006,,North,,0,,Flat,,,,,,Dark,179703,1,0,0,2,,,0,,,,,,Auckland Region,Nil,2-way,Sealed,,0,0,,80,,None,0,0,30,76,Auckland,Traffic Signals,,,,,0,0,Open,0,,,Light rain,Null
1743788,5919227,26570,,513213,0,,0,0,,Null,2006/2007,SWANSON ROAD,METCALFE ROAD,,Non-Injury Crash,No,2006,,North,,0,,Flat,,,,,,Overcast,235803,0,0,1,2,,,0,,,,,,Auckland Region,Nil,2-way,Sealed,,0,0,,50,,Off,0,0,,76,Auckland,Give way,,,,,0,0,Urban,1,,,Light rain,Null
1702583,6072535,26571,,501620,0,,0,2,,Null,2005/2006,SH 1N,RUAPEKAPEKA ROAD,,Non-Injury Crash,Yes,2006,,South,,0,,Flat,,,,,,Overcast,45000,0,0,0,2,,,0,,,,,,Northland Region,Nil,2-way,Sealed,,0,0,,100,,None,0,0,,1,Far North District,Nil,,,,,0,0,Open,0,,,Light rain,Null
1754028,5935074,26572,,508704,0,0,0,1,0,South,2006/2007,EAST COAST ROAD,JOHN DOWNS DRIVE,,Non-Injury Crash,No,2006,0,South,0,0,0,Flat,0,,0,,0,Dark,179121,0,0,0,2,0,0,0,0,0,,0,0,Auckland Region,Nil,2-way,Sealed,0,0,0,0,50,0,On,0,0,,76,Auckland,Nil,0,0,0,1,0,0,Urban,0,0,0,Heavy rain,Null
1561485,5184993,26573,,587811,0,0,0,0,0,North,2006/2007,POUND ROAD,SAVILLS ROAD,,Minor Crash,No,2006,0,North,0,0,1,Flat,0,,0,,0,Bright sun,2494000,1,0,1,2,0,0,0,0,0,,0,0,Canterbury Region,Nil,2-way,Sealed,0,0,0,0,100,0,Null,0,0,,60,Christchurch City,Unknown,0,0,0,0,0,0,Open,0,0,0,Fine,Null
1694887,5676288,26574,,552100,0,,0,2,,Null,2005/2006,MANGOREI ROAD,RIMU ST,,Minor Crash,No,2006,,North,,0,,Hill Road,,,,,,Bright sun,1598200,1,0,0,2,,,0,,,,,,Taranaki Region,Nil,2-way,Sealed,,0,0,,50,,Null,0,0,,33,New Plymouth District,Give way,,,,,0,0,Urban,0,,,Fine,Null
1766658,5912917,26575,,522920,0,,0,1,,Null,2005/2006,TI RAKAU DRIVE,PAKURANGA HIGHWAY,,Non-Injury Crash,No,2006,,North,,0,,Flat,,,,,,Overcast,683800,0,0,0,4,,,0,,,,,,Auckland Region,Nil,2-way,Sealed,,0,0,,50,,Off,0,0,,76,Auckland,Traffic Signals,,,,,0,0,Urban,1,,,Light rain,Strong wind
1393052,4908058,26576,,602000,0,,0,1,,South,2005/2006,BRIGHTON ROAD,BATH ST,,Minor Crash,No,2006,,North,,0,,Flat,,,,,,Twilight,2972600,1,0,0,2,,,0,,,1,,,Otago Region,Nil,2-way,Sealed,,0,0,,50,,On,0,0,,71,Dunedin City,Unknown,,,,,0,0,Urban,0,,,Fine,Null
1793897,5827855,26577,,527123,0,,0,2,,East,2006/2007,ORMSBY ROAD,SPEEDY ROAD,,Minor Crash,No,2006,,West,,0,,Hill Road,,,,,,Bright sun,952800,3,0,0,2,,,0,,,,,,Waikato Region,Nil,2-way,Unsealed,,0,0,,50,,None,0,0,,13,Waikato District,Nil,,,,,0,0,Urban,0,,,Fine,Null
1791494,5832011,26578,,527123,0,0,0,1,0,South,2005/2006,GREAT SOUTH ROAD,FOX ROAD,,Non-Injury Crash,No,2006,0,South,0,0,1,Flat,0,,0,,0,Bright sun,950500,0,0,0,3,0,0,0,0,0,,0,1,Waikato Region,Nil,2-way,Sealed,0,0,0,0,100,0,Null,0,0,,13,Waikato District,Unknown,0,0,0,0,0,0,Open,0,0,0,Fine,Null
1759191,5915523,26579,,519300,0,0,0,2,0,West,2006/2007,GREEN LANE WEST,PURIRI DRIVE,,Non-Injury Crash,No,2006,0,West,0,0,0,Flat,0,,0,,0,Overcast,623000,0,0,0,4,0,0,0,0,0,,0,0,Auckland Region,Nil,2-way,Sealed,0,0,0,0,50,0,Off,0,0,,76,Auckland,Nil,0,0,0,0,0,0,Urban,0,1,0,Fine,Null
1569745,5181646,26580,,592401,0,,0,3,,South,2005/2006,PAPANUI ROAD,HOLLY ROAD,,Minor Crash,No,2006,,North,,0,,Flat,,,,,,Bright sun,2689900,1,0,0,2,,,0,,,,,,Canterbury Region,Nil,2-way,Sealed,,0,0,,50,,Null,0,0,,60,Christchurch City,Unknown,,,,,0,0,Urban,0,,,Fine,Null
1679028,6113180,26581,,500402,0,,0,2,,East,2006/2007,SH 10,MATAURI BAY ROAD,,Non-Injury Crash,Yes,2006,,West,,0,,Flat,,,,,,Bright sun,20401,0,0,0,2,,,0,,,,,,Northland Region,Nil,2-way,Sealed,,0,0,,100,,None,0,0,,1,Far North District,Nil,,,,,0,0,Open,0,,,Fine,Null
1561433,5203525,26582,,586121,0,0,0,0,0,Null,2005/2006,JOHNS ROAD,SWANNANOA ROAD,,Minor Crash,No,2006,0,North,0,0,1,Hill Road,0,Christmas New Year,0,,0,Dark,2450104,1,0,0,2,0,0,0,0,0,,0,0,Canterbury Region,Nil,2-way,Sealed,0,0,0,0,100,0,None,0,0,,59,Waimakariri District,Stop,0,0,0,0,0,0,Open,1,0,0,Fine,Null
1766040,5892276,26583,,521122,0,0,0,1,0,West,2006/2007,LINWOOD ROAD,BLACKBRIDGE ROAD,,Non-Injury Crash,No,2006,0,West,0,0,1,Flat,0,,0,,0,Twilight,810200,0,0,0,2,0,0,0,0,0,,0,0,Auckland Region,Nil,2-way,Sealed,0,0,0,0,100,0,None,0,0,,76,Auckland,Unknown,0,0,0,0,0,0,Open,0,0,0,Light rain,Null
1816746,5809675,26584,35,527133,0,0,0,1,0,East,2006/2007,FENCOURT ROAD,SH 1B,,Minor Crash,No,2006,0,North,1,0,0,Flat,0,,0,,0,Dark,958800,3,0,0,2,0,0,0,0,0,,0,0,Waikato Region,Nil,2-way,Sealed,0,0,0,0,100,0,None,0,0,,17,Waipa District,Unknown,0,0,0,0,0,0,Open,0,0,0,Light rain,Null