X,Y,OBJECTID,advisorySpeed,areaUnitID,bicycle,bridge,bus,carStationWagon,cliffBank,crashDirectionDescription,crashFinancialYear,crashLocation1,crashLocation2,crashRoadSideRoad,crashSeverity,crashSHDescription,crashYear,debris,directionRoleDescription,ditch,fatalCount,fence,flatHill,guardRail,holiday,houseOrBuilding,intersection,kerb,light,meshblockId,minorInjuryCount,moped,motorcycle,NumberOfLanes,objectThrownOrDropped,otherObject,otherVehicleType,overBank,parkedVehicle,pedestrian,phoneBoxEtc,postOrPole,region,roadCharacter,roadLane,roadSurface,roadworks,schoolBus,seriousInjuryCount,slipOrFlood,speedLimit,strayAnimal,streetLight,suv,taxi,temporarySpeedLimit,tlaId,tlaName,trafficControl,trafficIsland,trafficSign,train,tree,truck,unknownVehicleType,urban,vanOrUtility,vehicle,waterRiver,weatherA,weatherB
1698204,6097037,26585,,501615,0,0,0,1,0,North,2006/2007,TAU HENARE DRIVE,TE KEMARA AVENUE,,Non-Injury Crash,No,2006,0,South,0,0,0,Hill Road,0,Christmas New Year,0,,0,Dark,51101,0,0,0,2,0,0,0,0,0,,0,0,Northland Region,Nil,2-way,Sealed,0,0,0,0,50,0,On,0,0,,1,Far North District,Nil,0,0,0,1,0,0,Urban,0,0,0,Fine,Null
1755763,5916399,26586,,518201,0,,0,2,,North,2006/2007,DOMINION ROAD,BRIXTON ROAD,,Non-Injury Crash,No,2007,,South,,0,,Flat,,,,,,Dark,553200,0,0,0,4,,,0,,,,,,Auckland Region,Nil,2-way,Sealed,,0,0,,50,,On,1,0,,76,Auckland,Nil,,,,,0,0,Urban,0,,,Fine,Null
1679766,6023163,26587,,504600,0,,0,2,,Null,2005/2006,SH 14,FINLAYSON PARK AVENUE,,Non-Injury Crash,Yes,2006,,East,,0,,Flat,,,,,,Dark,114000,0,0,0,2,,,0,,,,,,Northland Region,Nil,2-way,Sealed,,0,0,,50,,On,0,0,,3,Kaipara District,Nil,,,,,0,0,Urban,0,,,Light rain,Null
1790852,5844530,26588,,527111,0,0,0,0,0,North,2006/2007,SH 1N,EAST MINE ROAD,,Non-Injury Crash,Yes,2006,0,South,1,0,0,Flat,0,,0,,0,Overcast,940702,0,0,0,2,0,0,0,0,0,,0,1,Waikato Region,Nil,2-way,Sealed,0,0,0,0,100,0,Null,0,0,,13,Waikato District,Unknown,0,0,0,0,0,0,Open,1,0,0,Fine,Null
1765243,5907598,26589,20,522301,0,,0,2,,East,2005/2006,MOTATAU ROAD,GREAT SOUTH ROAD,,Non-Injury Crash,No,2006,,West,,0,,Flat,,,,,,Bright sun,665900,0,0,0,2,,,0,,,,,,Auckland Region,Nil,2-way,Sealed,,0,0,,50,,Off,0,0,,76,Auckland,Nil,,,,,0,0,Urban,0,,,Fine,Null
1827050,5885325,26590,,533502,0,,0,2,,North,2005/2006,PARAWAI ROAD,HEREWAKA ST,,Non-Injury Crash,No,2006,,South,,0,,Flat,,,,,,Overcast,1054800,0,0,0,2,,,0,,,,,,Waikato Region,Nil,2-way,Sealed,,0,0,,50,,Null,0,0,,11,Thames-Coromandel District,Unknown,,,,,0,0,Urban,0,,,Fine,Null
1571373,5179557,26591,,591500,0,0,0,1,0,Null,2006/2007,ST ASAPH ST,BARBADOES ST,,Serious Crash,No,2006,0,South,0,0,0,Flat,0,,0,,0,Dark,2650600,0,0,0,2,0,0,0,0,1,,0,0,Canterbury Region,Nil,2-way,Sealed,0,0,1,0,50,0,On,0,0,,60,Christchurch City,Traffic Signals,0,0,0,0,0,0,Urban,1,0,0,Fine,Null
2038281,5707628,26592,,544801,0,0,0,1,0,East,2006/2007,SH 35,MAUDE ST,,Serious Crash,Yes,2006,0,East,0,0,0,Flat,0,,0,,0,Dark,1387700,0,0,0,2,0,0,0,0,1,1,0,0,Gisborne Region,Nil,2-way,Sealed,0,0,1,0,50,0,On,0,0,,28,Gisborne District,Nil,0,0,0,0,0,0,Urban,0,0,0,Fine,Null
1854677,5758630,26593,,535262,0,0,0,1,1,South,2005/2006,SH 1N,MATARAWA ROAD,,Non-Injury Crash,Yes,2006,0,North,0,0,0,Flat,0,,0,,0,Twilight,1152800,0,0,0,2,0,0,0,0,0,,0,0,Waikato Region,Nil,2-way,Sealed,0,0,0,0,100,0,None,0,0,,19,South Waikato District,Unknown,0,0,0,0,0,0,Open,0,0,0,Heavy rain,Strong wind
1749807,5931504,26594,45,508806,0,,0,2,,North,2005/2006,SCHNAPPER ROCK ROAD,ABERLEY ROAD,,Minor Crash,No,2006,,North,,0,,Hill Road,,,,,,Overcast,180003,1,0,0,2,,,0,,,,,,Auckland Region,Nil,2-way,Sealed,,0,0,,70,,Off,0,0,,76,Auckland,Nil,,,,,0,0,Urban,0,,,Fine,Null
1743014,5944075,26595,,506614,0,0,0,1,0,East,2005/2006,KAHIKATEA FLAT ROAD,FROST ROAD,,Non-Injury Crash,No,2006,0,West,0,0,0,Hill Road,0,Easter,0,,0,Dark,177500,0,0,0,2,0,0,0,0,0,,0,0,Auckland Region,Nil,2-way,Sealed,0,0,0,0,100,0,None,0,0,,76,Auckland,Nil,0,0,0,0,0,0,Open,0,0,0,Mist or Fog,Null
1257812,5004081,26596,,609304,0,,0,1,,Null,2006/2007,LAKE ESPLANADE,BRUNSWICK ST,,Non-Injury Crash,No,2006,,North,,0,,Flat,,,,,,Bright sun,3032800,0,0,0,2,,,0,,,,,,Otago Region,Nil,2-way,Sealed,,0,0,,50,,Null,1,0,,70,Queenstown-Lakes District,Nil,,,,,0,0,Urban,0,,,Fine,Null
1754974,5944803,26597,,505909,0,0,0,2,0,North,2005/2006,WHANGAPARAOA ROAD,SCOTT ROAD,,Non-Injury Crash,No,2006,0,North,0,0,0,Hill Road,0,,0,,0,Overcast,173811,0,0,0,1,0,0,0,0,0,,0,0,Auckland Region,Nil,2-way,Sealed,0,0,0,0,50,0,Off,0,0,,76,Auckland,Nil,0,0,0,0,0,0,Urban,0,1,0,Light rain,Null
1752935,5912474,26598,,518901,0,,0,1,,West,2006/2007,WHITE SWAN ROAD,HILLSBOROUGH ROAD,,Minor Crash,No,2006,,East,,0,,Hill Road,,,,,,Overcast,586400,1,0,0,2,,,0,,,,,,Auckland Region,Nil,2-way,Sealed,,0,0,,50,,Null,0,0,,76,Auckland,Unknown,,,,,0,0,Urban,1,,,Light rain,Null
1563601,5179904,26599,,587812,0,,0,2,,Null,2006/2007,RACECOURSE ROAD,EPSOM ROAD,,Minor Crash,No,2006,,East,,0,,Flat,,,,,,Bright sun,2495401,2,0,0,2,,,0,,,,,,Canterbury Region,Nil,2-way,Sealed,,0,0,,50,,Null,0,0,,60,Christchurch City,Give way,,,,,0,0,Urban,0,,,Fine,Null
1757126,5919714,26600,,514103,0,,0,1,,South,2005/2006,QUEEN ST,TURNER ST,,Serious Crash,No,2006,,North,,0,,Hill Road,,,,,,Dark,436201,0,0,0,4,,,0,,,1,,,Auckland Region,Nil,2-way,Sealed,,0,1,,50,,On,0,0,,76,Auckland,Nil,,,,,0,0,Urban,0,,,Fine,Null
1760795,5913905,26601,,519400,0,0,0,1,0,West,2006/2007,ORANGA AVENUE,ROCKFIELD ROAD,,Non-Injury Crash,No,2006,0,West,0,0,0,Flat,0,,0,,0,Bright sun,620300,0,0,0,2,0,0,0,0,1,,0,0,Auckland Region,Nil,2-way,Sealed,0,0,0,0,50,0,Off,1,0,,76,Auckland,Give way,0,0,0,0,0,0,Urban,0,0,0,Fine,Null
1732062,5991485,26602,,505010,0,1,0,0,0,East,2006/2007,SH 1N,ORUAWHARO ROAD,,Non-Injury Crash,Yes,2006,0,West,0,0,0,Flat,0,Labour Weekend,0,,0,Dark,133200,0,0,0,2,0,0,0,0,0,,0,0,Northland Region,Nil,2-way,Sealed,0,0,0,0,100,0,None,1,0,,3,Kaipara District,Nil,0,0,0,0,0,0,Open,0,0,0,Light rain,Null
1866397,5477249,26603,,578402,0,0,0,0,0,North,2006/2007,TINUI VALLEY ROAD,MASTERTON-CASTLEPOINT ROA,,Minor Crash,No,2006,0,South,1,0,1,Hill Road,0,,0,,0,Dark,2255000,1,0,0,2,0,0,0,0,0,,0,0,Wellington Region,Nil,2-way,Sealed,0,0,0,0,100,0,None,1,0,,48,Masterton District,Nil,0,0,0,0,0,0,Open,0,0,0,Fine,Null
1768161,5902505,26604,,524602,0,,0,2,,North,2005/2006,GREAT SOUTH ROAD,BROWNS ROAD,,Non-Injury Crash,No,2006,,North,,0,,Flat,,,,,,Bright sun,780700,0,0,0,4,,,0,,,,,,Auckland Region,Nil,2-way,Sealed,,0,0,,70,,Off,0,0,,76,Auckland,Nil,,,,,0,0,Urban,0,,,Fine,Null
1844890,5681725,26605,,541000,0,,0,0,,South,2006/2007,SH 1N,WAIOTAKA ROAD,,Non-Injury Crash,Yes,2006,,North,,0,,Flat,,,,,,Bright sun,1281900,0,0,0,2,,,0,,,,,,Waikato Region,Nil,2-way,Sealed,,0,0,,100,,None,0,0,,21,Taupo District,Nil,,,,,1,0,Open,0,,,Fine,Null
1564717,5174765,26606,,587304,0,,0,2,,Null,2005/2006,WALES ST,OAKRIDGE ST,,Minor Crash,No,2006,,West,,0,,Flat,,,,,,Bright sun,2483500,1,0,0,2,,,0,,,,,,Canterbury Region,Nil,2-way,Sealed,,0,0,,50,,Null,0,0,,60,Christchurch City,Nil,,,,,0,0,Urban,0,,,Fine,Null
1772963,5576940,26607,,556300,1,,0,0,,Null,2005/2006,YORK ST,ALMA ROAD,,Minor Crash,No,2006,,West,,0,,Flat,,,,,,Bright sun,1723500,1,0,0,2,,,0,,,,,,Manawatū-Whanganui Region,Nil,2-way,Sealed,,0,0,,50,,Null,0,0,,37,Whanganui District,Nil,,,,,0,0,Urban,1,,,Fine,Null
1878624,5781274,26608,,538811,0,0,0,1,1,North,2005/2006,SH 5,WESTERN ROAD,,Minor Crash,Yes,2006,0,South,0,0,0,Hill Road,0,Christmas New Year,0,,0,Twilight,1249901,1,0,0,3,0,0,0,0,0,,0,0,Bay of Plenty Region,Nil,2-way,Sealed,0,0,0,0,100,0,None,0,0,,24,Rotorua District,Unknown,0,0,0,0,0,0,Open,0,0,0,Fine,Null
1749878,5914633,26609,,511303,0,,0,0,,Null,2005/2006,RATA ST,BINSTED ROAD,,Non-Injury Crash,No,2006,,South,,0,,Flat,,,,,,Bright sun,266600,0,0,0,2,,,0,,,,,,Auckland Region,Nil,2-way,Sealed,,0,0,,50,,Null,0,0,,76,Auckland,Traffic Signals,,,,,1,0,Urban,1,,,Fine,Null
1803887,5813977,26610,,530700,0,,0,2,,North,2006/2007,CAMBRIDGE ROAD,MASTERS AVENUE,,Minor Crash,No,2007,,South,,0,,Flat,,,,,,Twilight,888800,1,0,0,2,,,0,,,,,,Waikato Region,Nil,2-way,Sealed,,0,0,,50,,On,0,0,,16,Hamilton City,Unknown,,,,,0,0,Urban,0,,,Fine,Null
1744170,5919371,26611,,513302,0,0,0,1,0,West,2006/2007,VANDEN PLACE,LARISSA AVENUE,,Non-Injury Crash,No,2006,0,West,0,0,1,Flat,0,,0,,0,Overcast,234102,0,0,0,1,0,0,0,0,0,,0,0,Auckland Region,Nil,2-way,Sealed,0,0,0,0,50,0,None,0,0,,76,Auckland,Nil,0,0,0,0,0,0,Urban,0,0,0,Fine,Null
1800031,5599816,26612,35,558300,0,0,0,1,0,North,2006/2007,SH 4,BURRELL ROAD,,Minor Crash,Yes,2006,0,South,0,0,0,Hill Road,0,Christmas New Year,0,,0,Overcast,1683600,1,0,0,2,0,0,0,1,0,,0,0,Manawatū-Whanganui Region,Nil,2-way,Unsealed,0,0,0,0,100,0,Null,0,0,,37,Whanganui District,Nil,0,0,0,0,0,0,Open,0,0,0,Light rain,Null
1265997,4876064,26613,,610061,0,1,0,0,0,Null,2005/2006,SH 96,RANCES CRK BR,,Serious Crash,Yes,2006,0,East,0,0,0,Flat,0,,0,,0,Dark,3087202,2,0,0,2,0,0,0,0,0,,0,0,Southland Region,Bridge,2-way,Sealed,0,0,1,0,100,0,None,0,0,,73,Southland District,Unknown,0,0,0,1,0,0,Open,1,0,0,Fine,Null
1692666,5676402,26614,,551800,0,,0,1,,East,2005/2006,SH 44,EGMONT ST,,Minor Crash,Yes,2006,,West,,0,,Flat,,,,,,Overcast,1591800,1,0,0,2,,,0,,,1,,,Taranaki Region,Nil,2-way,Sealed,,0,0,,50,,Null,0,0,,33,New Plymouth District,Nil,,,,,0,0,Urban,0,,,Fine,Null
1851318,5766083,26615,,535350,0,,0,2,,Null,2006/2007,BRIDGE ST,MANNERING ST,,Non-Injury Crash,No,2006,,North,,0,,Flat,,,,,,Dark,1139700,0,0,0,2,,,0,,,,,,Waikato Region,Nil,2-way,Sealed,,0,0,,50,,On,0,0,,19,South Waikato District,Give way,,,,,0,0,Urban,0,,,Light rain,Null
1772165,5895739,26616,,525540,0,,0,1,,South,2006/2007,RAY SMALL DRIVE,SOUTH ST,,Non-Injury Crash,No,2006,,North,,0,,Flat,,,,,,Overcast,806304,0,1,0,2,,,0,,,,,,Auckland Region,Nil,2-way,Sealed,,0,0,,50,,Null,0,0,,76,Auckland,Nil,,,,,0,0,Urban,0,,,Fine,Null
1748781,5428015,26617,,573000,0,,0,1,,Null,2005/2006,CUSTOMHOUSE QUAY,HUNTER ST,,Minor Crash,No,2006,,East,,0,,Flat,,,,,,Bright sun,2125800,1,0,0,3,,,0,,,1,,,Wellington Region,Nil,1-way,Sealed,,0,0,,50,,Null,0,0,,47,Wellington City,Traffic Signals,,,,,0,0,Urban,0,,,Fine,Null
1748444,5427073,26618,,573101,0,0,0,1,0,Null,2005/2006,SH 1N VIVIAN,VICTORIA ST N,,Minor Crash,Yes,2006,0,West,0,0,0,Hill Road,0,,0,,0,Overcast,2131600,1,0,0,3,0,0,0,0,0,,0,1,Wellington Region,Nil,2-way,Sealed,0,0,0,0,50,0,Null,1,0,,47,Wellington City,Traffic Signals,0,0,0,0,0,0,Urban,0,0,0,Heavy rain,Null
1798520,5820226,26619,,528310,0,,0,4,,West,2005/2006,WAIRERE DRIVE,RIVER ROAD,,Minor Crash,No,2006,,East,,0,,Hill Road,,,,,,Dark,897503,2,0,0,2,,,0,,,,,,Waikato Region,Nil,2-way,Sealed,,0,0,,80,,On,0,0,,16,Hamilton City,Unknown,,,,,0,0,Open,0,,,Fine,Null
1817505,5829814,26620,,534500,0,0,0,0,0,North,2005/2006,MATUKU ROAD,PIAKO ROAD,,Non-Injury Crash,No,2006,0,North,1,0,0,Flat,0,,0,,0,Overcast,1090600,0,0,0,2,0,0,0,0,0,,0,0,Waikato Region,Nil,2-way,Sealed,0,0,0,0,100,0,Null,1,0,,15,Matamata-Piako District,Unknown,0,0,0,0,0,0,Open,0,0,0,Heavy rain,Strong wind
1569941,5179161,26621,,591500,0,,0,1,,Null,2005/2006,MOORHOUSE AVENUE,ANTIGUA ST,,Non-Injury Crash,No,2006,,South,,0,,Flat,,,,,,Bright sun,2648600,0,0,0,6,,,0,,,,,,Canterbury Region,Nil,2-way,Sealed,,0,0,,50,,Null,1,0,,60,Christchurch City,Traffic Signals,,,,,0,0,Urban,0,,,Fine,Null
1241726,4852775,26622,,610601,0,,0,2,,Null,2006/2007,HEYWOOD ST,STOBO ST,,Serious Crash,No,2006,,West,,0,,Flat,,,,,,Dark,3101100,1,0,0,2,,,0,,,,,,Southland Region,Nil,2-way,Sealed,,0,1,,50,,On,0,0,,75,Invercargill City,Give way,,,,,0,0,Urban,0,,,Fine,Null
1801164,5816854,26623,,529900,0,,0,2,,Null,2005/2006,HEAPHY TERRACE,CLAUDE ST,,Non-Injury Crash,No,2006,,South,,0,,Flat,,,,,,Bright sun,863300,0,0,0,2,,,0,,,,,,Waikato Region,Nil,2-way,Sealed,,0,0,,50,,Null,0,0,,16,Hamilton City,Give way,,,,,0,0,Urban,0,,,Fine,Null
1747719,5430650,26624,,574701,0,,0,2,,North,2005/2006,CHURCHILL DRIVE,WILTON BUSH ROAD,,Minor Crash,No,2006,,North,,0,,Hill Road,,,,,,Twilight,2105100,2,0,0,2,,,0,,,,,,Wellington Region,Nil,2-way,Sealed,,0,0,,50,,Off,0,0,,47,Wellington City,Nil,,,,,0,0,Urban,0,,,Light rain,Null
1759358,5925821,26625,,508020,0,,0,2,,North,2005/2006,LAKE ROAD,ST LEONARDS ROAD,,Minor Crash,No,2006,,South,,0,,Hill Road,,,,,,Bright sun,321900,1,0,0,2,,,0,,,,,,Auckland Region,Nil,2-way,Sealed,,0,0,,50,,Off,0,0,,76,Auckland,Nil,,,,,0,0,Urban,0,,,Fine,Null
1764693,5906459,26626,,522201,0,,0,2,,Null,2006/2007,SHIRLEY ROAD,CORONATION ROAD,,Non-Injury Crash,No,2006,,West,,0,,Flat,,,,,,Bright sun,662000,0,0,0,2,,,0,,,,,,Auckland Region,Nil,2-way,Sealed,,0,0,,50,,Off,0,0,,76,Auckland,Give way,,,,,0,0,Urban,0,,,Fine,Null
1762426,5913222,26627,,520500,0,,0,1,,South,2005/2006,SH 1N,PENROSE OBR,,Non-Injury Crash,Yes,2006,,North,,0,,Hill Road,,,,,,Overcast,637200,0,0,0,3,,,0,,,,,,Auckland Region,Nil,2-way,Sealed,,0,0,,100,,Off,0,0,,76,Auckland,Nil,,,,,0,0,Open,1,,,Fine,Null
1842921,5678761,26628,,541000,0,,0,1,,South,2005/2006,SH 1N,SH 41,,Non-Injury Crash,Yes,2006,,North,,0,,Flat,,,,,,Bright sun,1283300,0,0,0,2,,,0,,,,,,Waikato Region,Nil,2-way,Sealed,,0,0,,100,,Null,0,0,,21,Taupo District,Unknown,,,,,1,0,Open,0,,,Fine,Null
1767398,5906004,26629,,522302,0,,0,2,,North,2006/2007,SH 1N,TE IRIRANGI OBR,,Non-Injury Crash,Yes,2006,,North,,0,,Flat,,,,,,Overcast,670901,0,0,0,3,,,0,,,,,,Auckland Region,Nil,1-way,Sealed,,0,0,,100,,Off,0,0,,76,Auckland,Nil,,,,,0,0,Open,0,,,Fine,Null
1767252,5901294,26630,,524720,0,0,0,1,0,South,2006/2007,RUSSELL ROAD,SWALLOW DRIVE,,Minor Crash,No,2006,0,South,0,0,1,Flat,0,,1,,0,Bright sun,777502,1,0,0,2,0,0,0,0,0,,0,0,Auckland Region,Nil,2-way,Sealed,0,0,0,0,50,0,Off,0,0,,76,Auckland,Stop,0,0,0,0,0,0,Urban,1,0,0,Fine,Null
1762271,5907061,26631,,524520,0,,0,2,,Null,2005/2006,MASSEY ROAD,BUCKLAND ROAD,,Minor Crash,No,2006,,East,,0,,Flat,,Easter,,,,Overcast,735200,1,0,0,4,,,0,,,,,,Auckland Region,Nil,2-way,Sealed,,0,0,,50,,Off,0,0,,76,Auckland,Traffic Signals,,,,,0,0,Urban,0,,,Fine,Null
1753286,5915357,26632,,517903,0,0,0,1,0,Null,2006/2007,OWAIRAKA AVENUE,HALLAM ST,,Minor Crash,No,2007,0,East,0,0,0,Flat,0,,0,,0,Dark,518000,1,0,0,2,0,0,0,0,0,,0,0,Auckland Region,Nil,2-way,Sealed,0,0,0,0,50,0,On,0,0,,76,Auckland,Give way,0,1,0,0,0,0,Urban,0,0,0,Heavy rain,Null
1757624,5920843,26633,,514103,0,,0,1,,South,2006/2007,COMMERCE ST,CUSTOMS ST EAST,,Minor Crash,No,2006,,South,,0,,Flat,,,,,,Bright sun,438000,1,0,0,2,,,0,,,1,,,Auckland Region,Nil,2-way,Sealed,,0,0,,50,,Null,0,1,,76,Auckland,Unknown,,,,,0,0,Urban,0,,,Fine,Null
1623166,5430776,26634,,582500,0,,0,2,,East,2006/2007,GLOUCESTER ST,ST VINCENT ST,,Minor Crash,No,2006,,East,,0,,Flat,,,,,,Bright sun,2319300,1,0,0,2,,,0,,,,,,Nelson Region,Nil,2-way,Sealed,,0,0,,50,,Null,0,0,,52,Nelson City,Nil,,,,,0,0,Urban,0,,,Fine,Null
1694860,5673568,26635,,551021,0,0,0,0,1,South,2005/2006,SH 3,JUNCTION ST,,Minor Crash,Yes,2006,0,South,0,0,0,Hill Road,0,,0,,0,Overcast,1557902,1,0,0,3,0,0,0,0,0,,0,0,Taranaki Region,Nil,2-way,Sealed,0,0,0,0,100,0,Null,1,0,,33,New Plymouth District,Nil,0,0,0,0,0,0,Open,0,0,0,Fine,Null
1289112,4904530,26636,,610032,0,0,0,0,0,South,2006/2007,WAIKAKA ROAD,NORTH CHATTON ROAD,,Serious Crash,No,2006,0,North,0,0,0,Flat,0,,0,,0,Bright sun,3050600,2,0,0,2,0,0,0,0,0,,0,0,Southland Region,Nil,2-way,Sealed,0,0,3,0,100,0,Null,0,0,,74,Gore District,Unknown,0,0,0,1,0,0,Open,1,0,0,Fine,Frost
1797927,5813725,26637,,528602,0,,0,2,,South,2006/2007,KAHIKATEA DRIVE,KAREN CRESCENT,,Non-Injury Crash,No,2006,,East,,0,,Flat,,,,,,Bright sun,921605,0,0,0,2,,,0,,,,,,Waikato Region,Nil,2-way,Sealed,,0,0,,50,,Off,0,0,,16,Hamilton City,Give way,,,,,0,0,Urban,1,,,Fine,Null
1743486,5919648,26638,,513632,0,0,0,1,0,North,2005/2006,DON BUCK ROAD,GLEN ROAD,,Non-Injury Crash,No,2006,0,South,0,0,1,Hill Road,0,,0,,0,Twilight,229200,0,0,0,2,0,0,0,0,0,,0,0,Auckland Region,Nil,2-way,Sealed,0,0,0,0,50,0,Off,0,0,,76,Auckland,Nil,0,0,0,0,0,0,Urban,0,0,0,Heavy rain,Null
1721649,6002736,26639,,504700,0,,0,1,,Null,2006/2007,SH 12,WHAKA ST,,Non-Injury Crash,Yes,2006,,West,,0,,Flat,,,,,,Bright sun,131700,0,0,0,2,,,0,,,,,,Northland Region,Nil,2-way,Sealed,,0,0,,50,,Off,0,0,,3,Kaipara District,Give way,,,,,1,0,Urban,0,,,Mist or Fog,Null
1774318,5897348,26640,,525610,0,0,0,1,0,West,2006/2007,CLEVEDON ROAD,BRIGHTWELL ST,,Serious Crash,No,2006,0,West,0,0,1,Flat,0,,0,,0,Twilight,796300,1,0,0,2,0,0,0,0,0,,0,0,Auckland Region,Nil,2-way,Sealed,0,0,1,0,50,0,On,0,0,,76,Auckland,Nil,0,0,0,1,0,0,Urban,0,0,0,Light rain,Null
1823587,5800693,26641,,535241,0,0,0,1,1,East,2006/2007,SH 1N,HYDRO ROAD,,Non-Injury Crash,Yes,2006,0,West,0,0,0,Flat,0,,0,,0,Dark,1123200,0,0,0,3,0,0,0,0,0,,0,0,Waikato Region,Nil,2-way,Sealed,0,0,0,0,100,0,None,0,0,,17,Waipa District,Unknown,0,0,0,0,0,0,Open,0,0,0,Fine,Null
1571125,5180302,26642,,591500,0,0,0,2,0,North,2006/2007,MADRAS ST,GLOUCESTER ST,,Non-Injury Crash,No,2006,0,North,0,0,0,Flat,0,Christmas New Year,1,,0,Bright sun,2652600,0,0,0,2,0,0,0,0,0,,0,0,Canterbury Region,Nil,1-way,Sealed,0,0,0,0,50,0,Null,0,0,,60,Christchurch City,Nil,0,0,0,0,0,0,Urban,0,0,0,Fine,Null
1837442,5841929,26643,,534603,0,,0,3,,West,2006/2007,TE KAWANA ROAD,STANLEY ROAD NORTH,,Non-Injury Crash,No,2006,,East,,0,,Flat,,,,,,Bright sun,1105900,0,0,0,2,,,0,,,,,,Waikato Region,Nil,2-way,Sealed,,0,0,,100,,None,0,0,,15,Matamata-Piako District,Nil,,,,,0,0,Open,0,,,Mist or Fog,Null
1770028,5914702,26644,,522722,0,,0,2,,East,2006/2007,PAKURANGA ROAD,BUCKLANDS BEACH ROAD,,Minor Crash,No,2006,,West,,0,,Hill Road,,,,,,Bright sun,681308,1,0,0,4,,,0,,,,,,Auckland Region,Nil,2-way,Sealed,,0,0,,60,,Off,0,0,,76,Auckland,Nil,,,,,0,0,Urban,0,,,Fine,Null
1614079,5421828,26645,45,581720,0,,0,2,,North,2006/2007,PATON ROAD,WHITE ROAD,,Fatal Crash,No,2006,,North,,1,,Hill Road,,,,,,Dark,2359202,2,0,0,2,,,0,,,,,,Tasman Region,Nil,2-way,Sealed,,0,1,,60,,None,0,0,,51,Tasman District,Nil,,,,,0,0,Urban,0,,,Fine,Null
1794645,5808226,26646,,527914,1,,0,0,,South,2006/2007,GILLARD ROAD,TUHIKARAMEA ROAD,,Minor Crash,No,2006,,South,,0,,Flat,,,,,,Overcast,980400,1,0,0,2,,,0,,,,,,Waikato Region,Nil,2-way,Sealed,,0,0,,100,,None,0,0,,17,Waipa District,Nil,,,,,1,0,Open,0,,,Fine,Null
1767712,5900166,26647,,525101,0,0,0,2,0,South,2005/2006,FRIEDLANDERS ROAD,EDDOWES ST,,Non-Injury Crash,No,2006,0,North,0,0,0,Flat,0,,0,,0,Overcast,771800,0,0,0,2,0,0,0,0,1,,0,0,Auckland Region,Nil,2-way,Sealed,0,0,0,0,50,0,Off,0,0,,76,Auckland,Nil,0,0,0,0,0,0,Urban,0,0,0,Fine,Null
1800892,5815541,26648,,529700,0,,0,1,,Null,2006/2007,VICTORIA ST,CLAUDELANDS ROAD,,Non-Injury Crash,No,2006,,North,,0,,Flat,,,,,,Bright sun,911402,0,0,0,2,,,0,,,,,,Waikato Region,Nil,2-way,Sealed,,0,0,,50,,Off,0,0,,16,Hamilton City,Traffic Signals,,,,,1,0,Urban,0,,,Fine,Null
1568169,5180332,26649,,590701,1,,0,1,,Null,2006/2007,RICCARTON ROAD,MANDEVILLE ST,,Minor Crash,No,2006,,West,,0,,Flat,,,,,,Bright sun,2472304,1,0,0,2,,,0,,,,,,Canterbury Region,Nil,2-way,Sealed,,0,0,,50,,Null,0,0,,60,Christchurch City,Give way,,,,,0,0,Urban,0,,,Fine,Null
1801832,5812928,26650,,530400,0,,0,1,,East,2005/2006,BADER ST,PINE AVENUE,,Minor Crash,No,2006,,East,,0,,Flat,,,,,,Overcast,922800,1,0,0,2,,,0,,,1,,,Waikato Region,Nil,2-way,Sealed,,0,0,,50,,Null,0,0,,16,Hamilton City,Nil,,,,,0,0,Urban,0,,,Fine,Null
1744286,5974631,26651,65,506661,0,0,0,1,0,South,2005/2006,SH 1N,FALLS BR,,Non-Injury Crash,Yes,2006,0,North,0,0,0,Hill Road,1,,0,,0,Twilight,138900,0,0,0,2,0,0,0,0,0,,0,0,Auckland Region,Nil,2-way,Sealed,0,0,0,0,100,0,None,0,0,,76,Auckland,Nil,0,0,0,0,0,0,Open,0,0,0,Light rain,Null
1765556,5918681,26652,,516900,0,,0,2,,South,2007/2008,ASHBY AVENUE,ST HELIERS BAY ROAD,,Minor Crash,No,2007,,South,,0,,Hill Road,,,,,,Dark,465400,2,0,0,2,,,0,,,,,,Auckland Region,Nil,2-way,Sealed,,0,0,,50,,On,0,0,,76,Auckland,Nil,,,,,0,0,Urban,0,,,Fine,Null
1753377,5916181,26653,,517903,0,0,0,2,0,South,2005/2006,MOUNT ALBERT ROAD,ALBERTON AVENUE,,Non-Injury Crash,No,2006,0,East,0,0,0,Flat,0,,0,,0,Dark,522600,0,0,0,2,0,0,0,0,1,,0,0,Auckland Region,Nil,2-way,Sealed,0,0,0,0,50,0,On,0,0,,76,Auckland,Nil,0,0,0,0,0,0,Urban,0,0,0,Fine,Null
1421612,4925433,26654,45,604901,0,0,0,1,0,East,2005/2006,HARINGTON POINT ROAD,TIDEWATER DRIVE,,Serious Crash,No,2006,0,East,0,0,0,Flat,0,,0,,0,Dark,2944600,1,0,0,2,0,0,0,1,0,,0,0,Otago Region,Nil,2-way,Sealed,0,0,1,0,50,0,None,0,0,,71,Dunedin City,Unknown,0,0,0,0,0,0,Urban,0,0,1,Light rain,Null
1757381,5912389,26655,,518702,0,,0,2,,North,2005/2006,SH 20,QUEENSTOWN OBR,,Non-Injury Crash,Yes,2006,,South,,0,,Flat,,,,,,Bright sun,570300,0,0,0,2,,,0,,,,,,Auckland Region,Nil,1-way,Sealed,,0,0,,100,,Off,0,0,,76,Auckland,Nil,,,,,0,0,Open,0,,,Fine,Null