X,Y,OBJECTID,advisorySpeed,areaUnitID,bicycle,bridge,bus,carStationWagon,cliffBank,crashDirectionDescription,crashFinancialYear,crashLocation1,crashLocation2,crashRoadSideRoad,crashSeverity,crashSHDescription,crashYear,debris,directionRoleDescription,ditch,fatalCount,fence,flatHill,guardRail,holiday,houseOrBuilding,intersection,kerb,light,meshblockId,minorInjuryCount,moped,motorcycle,NumberOfLanes,objectThrownOrDropped,otherObject,otherVehicleType,overBank,parkedVehicle,pedestrian,phoneBoxEtc,postOrPole,region,roadCharacter,roadLane,roadSurface,roadworks,schoolBus,seriousInjuryCount,slipOrFlood,speedLimit,strayAnimal,streetLight,suv,taxi,temporarySpeedLimit,tlaId,tlaName,trafficControl,trafficIsland,trafficSign,train,tree,truck,unknownVehicleType,urban,vanOrUtility,vehicle,waterRiver,weatherA,weatherB
1818419,5578136,26656,,559220,0,0,0,0,0,North,2006/2007,ONGO ROAD,POTAKA ROAD,,Minor Crash,No,2006,0,North,1,0,1,Hill Road,0,,0,,0,Bright sun,1747800,1,0,0,2,0,0,0,0,0,,0,0,Manawatū-Whanganui Region,Nil,2-way,Sealed,0,0,0,0,100,0,None,0,0,,38,Rangitikei District,Nil,0,0,0,1,1,0,Open,0,0,0,Fine,Null
1711961,5638609,26657,,553004,0,,0,1,,Null,2006/2007,SH 3,CHEAL ROAD,,Serious Crash,Yes,2006,,South,,0,,Flat,,Christmas New Year,,,,Bright sun,1619600,1,0,0,2,,,0,,,,,,Taranaki Region,Nil,2-way,Sealed,,0,1,,100,,Null,0,0,,34,Stratford District,Give way,,,,,0,0,Open,1,,,Fine,Null
1578481,5177207,26658,,596102,1,0,0,1,0,East,2006/2007,MAIN ROAD,MCCORMACKS BAY ROAD,,Minor Crash,No,2006,0,West,0,0,0,Flat,0,,0,,0,Bright sun,2701300,1,0,0,2,0,0,0,0,1,,0,0,Canterbury Region,Nil,2-way,Sealed,0,0,0,0,50,0,Null,0,0,,60,Christchurch City,Unknown,0,0,0,0,0,0,Urban,0,0,0,Fine,Null
1599608,5448467,26659,,584301,0,,0,1,,Null,2005/2006,QUEEN VICTORIA ST,WHAKAREWA ST,,Minor Crash,No,2006,,South,,0,,Flat,,,,,,Bright sun,2378600,1,0,0,2,,,0,,,,,,Tasman Region,Nil,2-way,Sealed,,0,0,,50,,Null,1,0,,51,Tasman District,Give way,,,,,0,0,Urban,0,,,Fine,Null
1816882,5803603,26660,,527503,0,,0,2,,Null,2006/2007,SH 1N,SH 1B,,Minor Crash,Yes,2007,,North,,0,,Flat,,,,,,Overcast,962602,1,0,0,2,,,0,,,,,,Waikato Region,Nil,2-way,Sealed,,0,0,,50,,Null,0,0,,17,Waipa District,Give way,,,,,0,0,Urban,0,,,Fine,Null
1769274,5881140,26661,,525910,0,0,0,0,0,Null,2006/2007,KING ST,HALL LANE,,Minor Crash,No,2006,0,North,0,0,1,Flat,0,,0,,0,Overcast,818700,1,0,0,2,0,0,0,0,0,,0,0,Auckland Region,Nil,2-way,Sealed,0,0,0,0,50,0,Off,0,0,,76,Auckland,Nil,0,0,0,0,0,0,Urban,1,0,0,Fine,Null
1769012,5905113,26662,,523722,0,,0,1,,West,2005/2006,ASPIRING AVENUE,MATAURA PLACE,,Non-Injury Crash,No,2006,,West,,0,,Flat,,,,,,Dark,716015,0,0,0,2,,,0,,,,,,Auckland Region,Nil,2-way,Sealed,,0,0,,50,,On,1,0,,76,Auckland,Nil,,,,,0,0,Urban,0,,,Fine,Null
1751829,5918128,26663,,515001,0,0,0,1,0,East,2006/2007,PT CHEV OFF EBD,SH 16,,Minor Crash,Yes,2006,0,East,0,0,0,Flat,1,,0,,0,Overcast,392200,2,0,0,2,0,0,0,0,0,,0,0,Auckland Region,Nil,1-way,Sealed,0,0,0,0,80,0,Off,0,0,,76,Auckland,Nil,0,0,0,0,0,0,Open,0,0,0,Fine,Null
1843029,5785825,26664,,535250,0,0,0,1,0,North,2005/2006,OVERDALE ROAD,SCOTT ROAD,,Non-Injury Crash,No,2006,0,South,0,0,1,Flat,0,,0,,0,Dark,1128101,0,0,0,2,0,0,0,0,0,,0,1,Waikato Region,Nil,2-way,Sealed,0,0,0,0,100,0,On,0,0,,19,South Waikato District,Unknown,0,0,0,0,0,0,Open,0,0,0,Fine,Null
1757745,5918253,26665,,515700,0,,0,2,,Null,2005/2006,SH 1N,MOUNTAIN OBR,,Minor Crash,Yes,2006,,South,,0,,Flat,,,,,,Bright sun,443200,1,0,0,5,,,0,,,,,,Auckland Region,Nil,1-way,Sealed,,0,0,,80,,Off,1,0,,76,Auckland,Nil,,,,,0,0,Open,0,,,Fine,Null
1358565,4884903,26666,,606700,0,0,0,1,0,West,2006/2007,SH 1S,MONEYMORE ROAD,,Non-Injury Crash,Yes,2006,0,East,1,0,0,Hill Road,0,,0,,0,Overcast,2982600,0,0,0,2,0,0,0,0,0,,0,0,Otago Region,Nil,2-way,Sealed,0,0,0,0,100,0,Null,0,0,,72,Clutha District,Unknown,0,0,0,0,0,0,Open,0,0,0,Fine,Null
1807343,5810749,26667,,527131,0,,0,2,,North,2006/2007,TAMAHERE ON NBD,SH 21,,Non-Injury Crash,Yes,2006,,North,,0,,Flat,,,,,,Dark,960300,0,0,0,4,,,0,,,,,,Waikato Region,Nil,2-way,Sealed,,0,0,,100,,On,0,0,,13,Waikato District,Unknown,,,,,0,0,Open,0,,,Fine,Null
1755485,5922132,26668,,515202,0,,0,2,,North,2005/2006,SH 1N,FANSHAWE OFF SBD,,Non-Injury Crash,Yes,2006,,South,,0,,Hill Road,,,,,,Bright sun,423600,0,0,0,4,,,0,,,,,,,Bridge,2-way,Sealed,,0,0,,80,,Off,0,0,,76,Auckland,Nil,,,,,0,0,Open,0,,,Fine,Null
1799730,5816549,26669,,529700,1,,0,1,,Null,2005/2006,ULSTER ST,RICHMOND ST,,Minor Crash,No,2006,,North,,0,,Flat,,,,,,Overcast,908501,1,0,0,4,,,0,,,,,,Waikato Region,Nil,2-way,Sealed,,0,0,,60,,Null,0,0,,16,Hamilton City,Give way,,,,,0,0,Urban,0,,,Fine,Null
1750928,5913804,26670,,514600,0,,0,1,,Null,2005/2006,TAYLOR ST,WOLVERTON ST,,Minor Crash,No,2006,,North,,0,,Flat,,,,,,Overcast,372101,1,0,0,2,,,0,,,,,,Auckland Region,Nil,2-way,Sealed,,0,0,,50,,Off,1,0,30,76,Auckland,Give way,,,,,0,0,Urban,0,,,Fine,Null
1755370,5924711,26671,,509800,0,,0,0,,Null,2006/2007,CHURCH ST,ONEWA ROAD,,Non-Injury Crash,No,2006,,West,,0,,Flat,,,,,,Dark,360200,0,0,1,2,,,0,,,,,,Auckland Region,Nil,2-way,Sealed,,0,0,,50,,On,0,0,,76,Auckland,Give way,,,,,0,0,Urban,0,,,Light rain,Null
1764651,5911754,26672,,520500,0,,0,3,,North,2005/2006,SH 1N,PANAMA OBR,,Non-Injury Crash,Yes,2006,,South,,0,,Flat,,,,,,Dark,639602,0,0,0,3,,,0,,,,,,Auckland Region,Nil,1-way,Sealed,,0,0,,100,,On,0,0,,76,Auckland,Nil,,,,,0,0,Open,0,,,Fine,Null
1762651,5868023,26673,,526701,0,0,0,0,0,East,2005/2006,TUAKAU BRIDGE-PORT WAIKAT,HULL ROAD,,Serious Crash,No,2006,0,East,0,0,1,Flat,0,,0,,0,Overcast,845700,0,0,0,2,0,0,0,1,0,,0,0,Waikato Region,Nil,2-way,Sealed,0,0,1,0,100,0,Null,0,0,,13,Waikato District,Unknown,0,0,0,0,1,0,Open,0,0,0,Light rain,Null
1771679,5912978,26674,,523102,0,,0,2,,Null,2006/2007,WHITFORD ROAD,MEADOWLAND DRIVE,,Non-Injury Crash,No,2007,,West,,0,,Flat,,Queens Birthday,,,,Dark,711005,0,0,0,2,,,0,,,,,,Auckland Region,Nil,2-way,Sealed,,0,0,,50,,On,0,0,,76,Auckland,Give way,,,,,0,0,Urban,0,,,Light rain,Null
1747900,5425664,26675,,575600,0,,0,1,,South,2006/2007,WASHINGTON AVENUE,DORKING ROAD,,Minor Crash,No,2006,,South,,0,,Hill Road,,,,,,Dark,2162200,1,0,0,2,,,0,,,1,,,Wellington Region,Nil,2-way,Sealed,,0,0,,50,,On,0,0,,47,Wellington City,Nil,,,,,0,0,Urban,0,,,Light rain,Strong wind
1754467,5928369,26676,,508320,0,,0,2,,South,2005/2006,DIANA DRIVE,HILLSIDE ROAD,,Minor Crash,No,2006,,South,,0,,Hill Road,,,,,,Bright sun,198100,1,0,0,2,,,0,,,,,,Auckland Region,Nil,2-way,Sealed,,0,0,,50,,Off,0,0,,76,Auckland,Nil,,,,,0,0,Urban,0,,,Fine,Null
1763811,5912978,26677,,520402,0,,0,1,,Null,2006/2007,MOUNT WELLINGTON HIGHWAY,ARANUI ROAD,,Serious Crash,No,2006,,East,,0,,Flat,,,,,,Bright sun,641502,0,0,0,5,,,0,,,,,,Auckland Region,Nil,2-way,Sealed,,0,1,,50,,Off,0,0,,76,Auckland,Traffic Signals,,,,,1,0,Urban,0,,,Fine,Null
1756469,5924609,26678,,509702,0,0,0,2,0,North,2005/2006,SH 1N,OLD ONEWA OBR,,Non-Injury Crash,Yes,2006,0,North,0,0,0,Flat,1,,0,,0,Dark,366700,0,0,0,4,0,0,0,0,0,,0,0,Auckland Region,Nil,1-way,Sealed,0,0,0,0,100,0,On,0,0,,76,Auckland,Nil,0,0,0,0,0,0,Open,0,0,0,Fine,Null
1757482,5920278,26679,,514103,0,0,1,1,0,West,2005/2006,KITCHENER ST,VICTORIA ST EAST,,Serious Crash,No,2006,0,East,0,0,0,Hill Road,0,,0,,0,Overcast,437200,0,0,0,2,0,0,0,0,1,,0,0,Auckland Region,Nil,1-way,Sealed,0,0,1,0,50,0,Off,0,0,,76,Auckland,Nil,0,0,0,0,0,0,Urban,0,0,0,Fine,Null
1768156,5907851,26680,,523502,0,0,0,2,0,Null,2006/2007,EAST TAMAKI ROAD,PRESTON ROAD,,Minor Crash,No,2006,0,North,0,0,0,Flat,0,,0,,0,Bright sun,703800,1,0,0,4,0,0,0,0,1,,0,0,Auckland Region,Nil,2-way,Sealed,0,0,0,0,50,0,Null,0,0,,76,Auckland,Traffic Signals,0,0,0,0,0,0,Urban,0,0,0,Fine,Null
1749137,5937359,26681,,506300,0,0,0,1,0,North,2006/2007,DAIRY FLAT HIGHWAY,POTTER ROAD,,Non-Injury Crash,No,2006,0,North,1,0,0,Flat,0,,0,,0,Dark,176004,0,0,0,3,0,0,0,0,0,,0,0,Auckland Region,Nil,2-way,Sealed,0,0,0,0,100,0,On,0,0,,76,Auckland,Nil,0,0,0,0,0,0,Open,0,0,0,Light rain,Null
1758643,5455205,26682,,571800,0,0,0,1,0,North,2005/2006,SEA VISTA DRIVE,MURI ROAD,,Minor Crash,No,2006,0,North,0,0,0,Hill Road,0,,0,,0,Dark,2066401,2,0,0,2,0,0,0,0,1,,0,0,Wellington Region,Nil,2-way,Sealed,0,0,0,0,50,0,On,0,0,,44,Porirua City,Nil,0,0,0,0,0,0,Urban,1,0,0,Fine,Null
1764919,5914744,26683,,520602,0,,0,1,,Null,2006/2007,ELLERSLIE-PANMURE HIGHWAY,PANMURE ROUNDABOUT,,Non-Injury Crash,No,2006,,North,,0,,Flat,,,,,,Overcast,628400,0,0,0,3,,,0,,,,,,Auckland Region,Nil,1-way,Sealed,,0,0,,50,,Off,0,0,,76,Auckland,Nil,,,,,1,0,Urban,0,,,Light rain,Null
1767121,5905528,26684,,524603,0,,0,2,,East,2006/2007,REAGAN ROAD,GREAT SOUTH ROAD,,Non-Injury Crash,No,2007,,East,,0,,Flat,,,,,,Bright sun,671000,0,0,0,3,,,0,,,,,,Auckland Region,Nil,2-way,Sealed,,0,0,,50,,Off,0,0,,76,Auckland,Give way,,,,,0,0,Urban,0,,,Fine,Null
1753617,5925893,26685,,508220,0,,0,1,,West,2006/2007,PARK HILL ROAD,GLENFIELD ROAD,,Non-Injury Crash,No,2006,,East,,0,,Hill Road,,,,,,Twilight,189600,0,0,0,2,,,0,,,,,,Auckland Region,Nil,2-way,Sealed,,0,0,,50,,Off,0,0,,76,Auckland,Nil,,,,,0,0,Urban,0,,,Fine,Null
1750031,5913955,26686,,511303,0,,0,1,,North,2005/2006,MEMORIAL DRIVE,MCCRAE WAY,,Minor Crash,No,2006,,North,,0,,Flat,,,,,,Bright sun,266000,1,0,0,2,,,0,,,1,,,Auckland Region,Nil,2-way,Sealed,,0,0,,50,,Off,0,0,,76,Auckland,Give way,,,,,0,0,Urban,0,,,Fine,Null
1560098,5180028,26687,,587830,0,0,0,1,0,East,2006/2007,ROBERTS ROAD,POUND ROAD,,Minor Crash,No,2006,0,East,0,0,1,Flat,0,,0,,0,Dark,2497200,1,0,0,2,0,0,0,0,0,,0,1,Canterbury Region,Nil,2-way,Sealed,0,0,0,0,100,0,None,0,0,,60,Christchurch City,Unknown,0,0,0,0,0,0,Open,0,0,0,Mist or Fog,Null
1752564,5954562,26688,,505803,0,,0,1,,Null,2005/2006,HIBISCUS COAST HIGHWAY,WAIWERA ROAD,,Minor Crash,No,2006,,South,,0,,Flat,,,,,,Bright sun,170601,1,0,0,2,,,0,,,,,,Auckland Region,Nil,2-way,Sealed,,0,0,,80,,Off,1,0,,76,Auckland,Give way,,,,,0,0,Open,0,,,Fine,Null
1761967,5906079,26689,,524200,0,0,0,2,0,East,2006/2007,TIDAL ROAD,MASSEY ROAD,,Minor Crash,No,2006,0,East,0,0,0,Flat,0,,0,,0,Overcast,728900,1,0,0,2,0,0,0,0,1,,0,0,Auckland Region,Nil,2-way,Sealed,0,0,0,0,50,0,Off,1,0,,76,Auckland,Nil,0,0,0,0,0,0,Urban,0,0,0,Fine,Null
1764807,5906012,26690,,522201,0,,0,1,,South,2005/2006,DETRO ST,CORONATION ROAD,,Non-Injury Crash,No,2006,,North,,0,,Flat,,,,,,Bright sun,663100,0,0,0,2,,,0,,,,,,Auckland Region,Nil,2-way,Sealed,,0,0,,50,,Off,1,0,,76,Auckland,Nil,,,,,0,0,Urban,0,,,Fine,Null
1764475,5912951,26691,,520500,0,,0,2,,Null,2006/2007,SOUTH-EASTERN HIGHWAY,CARBINE ROAD,,Non-Injury Crash,No,2006,,East,,0,,Flat,,,,,,Twilight,639100,0,0,0,5,,,0,,,,,,Auckland Region,Nil,2-way,Sealed,,0,0,,80,,On,0,0,,76,Auckland,Traffic Signals,,,,,0,0,Open,0,,,Fine,Null
1761384,5917884,26692,,516201,1,,0,1,,South,2005/2006,UPLAND ROAD,DELL AVENUE,,Non-Injury Crash,No,2006,,North,,0,,Hill Road,,,,,,Overcast,486700,0,0,0,2,,,0,,,,,,Auckland Region,Nil,2-way,Sealed,,0,0,,50,,Null,0,0,,76,Auckland,Unknown,,,,,0,0,Urban,0,,,Light rain,Null
1771760,5895206,26693,,525540,0,,0,1,,Null,2006/2007,ELLIOTT ST,BEACH ROAD,,Minor Crash,No,2006,,North,,0,,Hill Road,,,,,,Dark,806402,3,0,0,2,,,0,,,,,,Auckland Region,Nil,2-way,Sealed,,0,0,,50,,On,1,0,,76,Auckland,Give way,,,,,0,0,Urban,0,,,Light rain,Null
1875331,5809323,26694,,536630,0,,0,2,,Null,2005/2006,SH 36,OROPI GORGE ROAD,,Non-Injury Crash,Yes,2006,,South,,0,,Hill Road,,,,,,Bright sun,1192500,0,0,0,2,,,0,,,,,,Bay of Plenty Region,Nil,2-way,Sealed,,0,0,,100,,Null,0,0,,22,Western Bay of Plenty District,Stop,,,,,0,0,Open,0,,,Fine,Null
1755121,5930101,26695,,508420,0,,0,2,,South,2005/2006,SH 1N,SUNNYNOOK OBR,,Minor Crash,Yes,2006,,North,,0,,Flat,,,,,,Dark,183800,1,0,0,3,,,0,,,,,,Auckland Region,Nil,1-way,Sealed,,0,0,,100,,On,1,0,,76,Auckland,Nil,,,,,0,0,Open,0,,,Light rain,Null
1652570,5401803,26696,,580450,0,0,0,0,0,East,2006/2007,SH 63,CENTRE CREEK ROAD,,Minor Crash,Yes,2006,0,East,0,0,0,Flat,0,,0,,0,Dark,2287200,5,0,0,2,0,0,0,0,0,,0,0,Marlborough Region,Nil,2-way,Sealed,0,0,0,0,100,0,None,1,0,,53,Marlborough District,Nil,0,0,0,0,0,0,Open,0,0,0,Fine,Null
1753884,5914411,26697,,518801,0,,0,1,,West,2006/2007,STODDARD ROAD,SANDRINGHAM ROAD,,Minor Crash,No,2006,,East,,0,,Flat,,,,,,Overcast,578500,2,0,0,2,,,0,,,,,,Auckland Region,Nil,2-way,Sealed,,0,0,,50,,Off,0,0,,76,Auckland,Nil,,,,,1,0,Urban,0,,,Fine,Null
1756741,5919842,26698,,514102,0,,0,2,,West,2007/2008,HOBSON ON SBD,PITT ST,,Non-Injury Crash,Yes,2007,,South,,0,,Hill Road,,,,,,Overcast,435500,0,0,0,2,,,0,,,,,,Auckland Region,Motorway ramp,1-way,Sealed,,0,0,,80,,On,0,0,,76,Auckland,Nil,,,,,0,0,Open,0,,,Fine,Null
1769910,5899366,26699,,523911,0,,0,2,,Null,2005/2006,GREAT SOUTH ROAD,SPARTAN ROAD,,Minor Crash,No,2006,,South,,0,,Flat,,,,,,Bright sun,766500,1,0,0,5,,,0,,,,,,Auckland Region,Nil,2-way,Sealed,,0,0,,70,,Off,0,0,,76,Auckland,Stop,,,,,0,0,Urban,0,,,Fine,Null
1747108,5926262,26700,,513431,0,0,0,1,0,South,2005/2006,HOBSONVILLE ROAD,OCKLESTON ROAD,,Non-Injury Crash,No,2006,0,North,0,0,0,Flat,0,,0,,0,Dark,221802,0,0,0,3,0,0,0,0,0,,0,1,Auckland Region,Nil,2-way,Sealed,0,0,0,0,50,0,On,0,0,,76,Auckland,Nil,0,0,0,0,0,0,Urban,0,0,0,Fine,Null
1800931,5813070,26701,,530400,0,,0,1,,East,2005/2006,SH 1N,OHAUPO ROAD,,Non-Injury Crash,Yes,2006,,West,,0,,Flat,,,,,,Bright sun,922101,0,0,0,2,,,0,,,,,,Waikato Region,Nil,2-way,Sealed,,0,0,,50,,Null,0,0,,16,Hamilton City,Unknown,,,,,0,0,Urban,1,,,Fine,Null
1931438,5605808,26702,,548000,0,,0,2,,Null,2006/2007,KARAMU ROAD NORTH,COLLINGE ROAD,,Minor Crash,No,2006,,North,,0,,Flat,,,,,,Bright sun,1496700,2,0,0,2,,,0,,,,,,Hawke's Bay Region,Nil,2-way,Sealed,,0,0,,50,,Null,0,0,,30,Hastings District,Give way,,,,,0,0,Urban,0,,,Fine,Null
1879311,5824473,26703,,538201,0,,0,2,,Null,2005/2006,SPRING ST,DURHAM ST,,Non-Injury Crash,No,2006,,North,,0,,Flat,,,,,,Overcast,1164200,0,0,0,2,,,0,,,,,,Bay of Plenty Region,Nil,2-way,Sealed,,0,0,,50,,Null,0,0,,23,Tauranga City,Stop,,,,,0,0,Urban,0,,,Fine,Null
1757252,5916828,26704,,515700,0,,0,2,,Null,2006/2007,OWENS ROAD,STOKES ROAD,,Minor Crash,No,2006,,East,,0,,Flat,,,,,,Overcast,444502,1,0,0,2,,,0,,,,,,Auckland Region,Nil,2-way,Sealed,,0,0,,50,,Off,0,0,,76,Auckland,Nil,,,,,0,0,Urban,0,,,Light rain,Null
1757952,5913492,26705,,518600,0,,0,1,,Null,2006/2007,MOUNT ALBERT ROAD,CROWN ST,,Non-Injury Crash,No,2006,,East,,0,,Flat,,,,,,Overcast,567300,0,0,0,4,,,0,,,,,,Auckland Region,Nil,2-way,Sealed,,0,0,,50,,Off,0,0,,76,Auckland,Nil,,,,,0,0,Urban,1,,,Light rain,Null
1567404,5179423,26706,,590800,0,,0,2,,Null,2006/2007,BLENHEIM ROAD,MATIPO ST,,Minor Crash,No,2006,,South,,0,,Flat,,,,,,Overcast,2473901,1,0,0,6,,,0,,,,,,Canterbury Region,Nil,2-way,Sealed,,0,0,,60,,Null,0,0,,60,Christchurch City,Traffic Signals,,,,,0,0,Urban,0,,,Fine,Null
1745422,5920771,26707,,513301,0,,0,0,,West,2005/2006,SH 16,LINCOLN OBR,,Minor Crash,Yes,2006,,West,,0,,Hill Road,,,,,,Dark,231700,1,0,1,2,,,0,,,,,,Auckland Region,Nil,2-way,Sealed,,0,0,,100,,On,0,0,,76,Auckland,Nil,,,,,0,0,Open,1,,,Light rain,Null
1756694,5915416,26708,,518301,0,0,0,1,0,North,2005/2006,MOUNT EDEN ROAD,MARSDEN AVENUE,,Non-Injury Crash,No,2006,0,North,0,0,0,Flat,0,,0,,0,Bright sun,557800,0,0,0,2,0,0,0,0,1,,0,0,Auckland Region,Nil,2-way,Sealed,0,0,0,0,50,0,Null,0,0,,76,Auckland,Stop,0,0,0,0,0,0,Urban,1,0,0,Fine,Null
1568655,5187220,26709,,588401,0,0,0,1,0,North,2005/2006,Z STYX MILL REFUGE STN,STYX MILL ROAD,,Minor Crash,No,2006,0,East,0,0,0,Flat,0,,0,,0,Bright sun,2529014,1,0,0,0,0,0,0,0,0,,1,0,Canterbury Region,Nil,Off road,Sealed,0,0,0,0,20,0,Null,0,0,,60,Christchurch City,Unknown,0,0,0,0,0,0,Urban,0,0,0,Fine,Null
1768341,5900719,26710,,525001,0,0,0,1,0,Null,2005/2006,RUSSELL ROAD,LUPTON ROAD,,Non-Injury Crash,No,2006,0,South,0,0,1,Flat,0,,1,,0,Overcast,752400,0,0,0,2,0,0,0,0,0,,0,0,Auckland Region,Nil,2-way,Sealed,0,0,0,0,50,0,Off,0,0,,76,Auckland,Stop,0,0,0,0,0,0,Urban,0,0,0,Light rain,Null
1860531,5852310,26711,45,534100,0,0,0,1,0,Null,2005/2006,EMERTON ROAD,STEELE ROAD,,Minor Crash,No,2006,0,West,0,0,1,Flat,1,,0,,0,Dark,1181100,1,0,0,2,0,0,0,0,0,,0,0,Bay of Plenty Region,Nil,2-way,Sealed,0,0,0,0,100,0,On,0,0,,22,Western Bay of Plenty District,Nil,0,0,0,0,0,0,Open,0,0,0,Fine,Null
1816882,5803603,26712,,527503,0,,0,2,,Null,2006/2007,SH 1N VICTORIA,SH 1N HAMILTON,,Non-Injury Crash,Yes,2007,,North,,0,,Flat,,,,,,Bright sun,962602,0,0,0,2,,,0,,,,,,Waikato Region,Nil,2-way,Sealed,,0,0,,50,,Off,0,0,,17,Waipa District,Give way,,,,,0,0,Urban,0,,,Fine,Null
1769956,5914737,26713,,522722,0,,0,2,,East,2005/2006,PAKURANGA ROAD,AVIEMORE DRIVE,,Non-Injury Crash,No,2006,,East,,0,,Hill Road,,,,,,Bright sun,681308,0,0,0,4,,,0,,,,,,Auckland Region,Nil,2-way,Sealed,,0,0,,60,,Off,0,0,,76,Auckland,Nil,,,,,0,0,Urban,0,,,Fine,Null
1577969,5182690,26714,,595800,0,,0,3,,Null,2006/2007,BERESFORD ST,UNION ST,,Minor Crash,No,2006,,West,,0,,Flat,,,,,,Bright sun,2559200,1,0,0,2,,,0,,,,,,Canterbury Region,Nil,2-way,Sealed,,0,0,,50,,Null,0,0,,60,Christchurch City,Give way,,,,,0,0,Urban,0,,,Fine,Null
1884322,5826004,26715,,536831,0,,0,1,,Null,2005/2006,CONCORD AVENUE,CRANE ST,,Serious Crash,No,2006,,West,,0,,Flat,,,,,,Dark,1200500,0,0,1,2,,,0,,,,,,Bay of Plenty Region,Nil,2-way,Sealed,,0,1,,50,,On,0,0,,23,Tauranga City,Nil,,,,,0,0,Urban,0,,,Fine,Null
1755485,5920469,26716,,514000,0,,0,1,,North,2005/2006,PONSONBY ROAD,RUSSELL ST,,Minor Crash,No,2006,,South,,0,,Flat,,,,,,Dark,415500,1,0,0,2,,,0,,,1,,,Auckland Region,Nil,2-way,Sealed,,0,0,,50,,On,0,0,,76,Auckland,Nil,,,,,0,0,Urban,0,,,Fine,Null
1763734,5919267,26717,,516500,0,0,0,1,0,Null,2005/2006,HAWERA ROAD,KOHIMARAMA ROAD,,Non-Injury Crash,No,2006,0,North,0,0,0,Flat,0,,0,,0,Overcast,502900,0,0,0,2,0,0,0,0,0,,0,1,Auckland Region,Nil,2-way,Sealed,0,0,0,0,50,0,Off,0,0,,76,Auckland,Nil,0,0,0,0,0,0,Urban,0,0,0,Light rain,Null
1756941,5926870,26718,,507900,0,,0,2,,West,2006/2007,DOMINION ST,TAHAROTO ROAD,,Minor Crash,No,2006,,West,,0,,Flat,,,,,,Overcast,303800,1,0,0,2,,,0,,,,,,Auckland Region,Nil,2-way,Sealed,,0,0,,50,,Off,0,0,,76,Auckland,Nil,,,,,0,0,Urban,0,,,Fine,Null
1762179,5913657,26719,,520500,0,,0,2,,Null,2006/2007,SH 1N,PENROSE OBR,,Non-Injury Crash,Yes,2006,,North,,0,,Flat,,,,,,Bright sun,637100,0,0,0,3,,,0,,,,,,Auckland Region,Nil,1-way,Sealed,,0,0,,100,,Off,1,0,,76,Auckland,Nil,,,,,0,0,Open,0,,,Fine,Null
1800753,5812521,26720,,529200,0,,0,2,,South,2005/2006,MOUNT VIEW ROAD,HEATHER PLACE,,Non-Injury Crash,No,2006,,South,,0,,Flat,,Easter,,,,Bright sun,929400,0,0,0,2,,,0,,,,,,Waikato Region,Nil,2-way,Sealed,,0,0,,50,,Null,0,0,,16,Hamilton City,Unknown,,,,,0,0,Urban,0,,,Fine,Null
1762152,5913699,26721,,520500,0,,0,3,,North,2005/2006,SH 1N,PENROSE OBR,,Minor Crash,Yes,2006,,North,,0,,Flat,,,,,,Bright sun,637000,1,0,0,3,,,0,,,,,,Auckland Region,Nil,1-way,Sealed,,0,0,,100,,Off,0,0,,76,Auckland,Nil,,,,,0,0,Open,0,,,Fine,Null
1754200,5927899,26722,,508310,0,,0,2,,East,2005/2006,BENTLEY AVENUE,BATTLE PLACE,,Non-Injury Crash,No,2006,,East,,0,,Flat,,,,,,Dark,200500,0,0,0,2,,,0,,,,,,Auckland Region,Nil,2-way,Sealed,,0,0,,50,,On,0,0,,76,Auckland,Nil,,,,,0,0,Urban,0,,,Fine,Null
1718797,6051108,26723,,502102,0,0,0,1,0,Null,2005/2006,CORKS ROAD,STATION ROAD,,Non-Injury Crash,No,2006,0,East,0,0,0,Flat,0,,0,,0,Dark,84200,0,0,0,2,0,0,0,0,0,,0,0,Northland Region,Nil,2-way,Sealed,0,0,0,0,50,0,On,0,0,,2,Whangarei District,Nil,0,1,0,0,0,0,Urban,0,0,0,Light rain,Null
1756134,5929162,26724,,508510,0,,0,2,,South,2006/2007,FORREST HILL ROAD,TRISTRAM AVENUE,,Non-Injury Crash,No,2006,,South,,0,,Flat,,,,,,Overcast,195600,0,0,0,2,,,0,,,,,,Auckland Region,Nil,2-way,Sealed,,0,0,,50,,Null,0,0,,76,Auckland,Unknown,,,,,0,0,Urban,0,,,Fine,Null
1757639,5929927,26725,,507710,1,,0,1,,South,2005/2006,BEACH ROAD,RAHOPARA ST,,Minor Crash,No,2006,,South,,0,,Hill Road,,,,,,Bright sun,313600,1,0,0,2,,,0,,,,,,Auckland Region,Nil,2-way,Sealed,,0,0,,50,,Off,0,0,,76,Auckland,Nil,,,,,0,0,Urban,0,,,Fine,Null
1749812,5918018,26726,,514801,0,,0,1,,East,2007/2008,SH 16,ROSEBANK OFF WBD,,Non-Injury Crash,Yes,2007,,West,,0,,Flat,,,,,,Overcast,390401,0,0,0,3,,,0,,,,,,Auckland Region,Nil,1-way,Sealed,,0,0,,100,,Off,1,0,,76,Auckland,Nil,,,,,0,0,Open,0,,,Fine,Null