X,Y,OBJECTID,advisorySpeed,areaUnitID,bicycle,bridge,bus,carStationWagon,cliffBank,crashDirectionDescription,crashFinancialYear,crashLocation1,crashLocation2,crashRoadSideRoad,crashSeverity,crashSHDescription,crashYear,debris,directionRoleDescription,ditch,fatalCount,fence,flatHill,guardRail,holiday,houseOrBuilding,intersection,kerb,light,meshblockId,minorInjuryCount,moped,motorcycle,NumberOfLanes,objectThrownOrDropped,otherObject,otherVehicleType,overBank,parkedVehicle,pedestrian,phoneBoxEtc,postOrPole,region,roadCharacter,roadLane,roadSurface,roadworks,schoolBus,seriousInjuryCount,slipOrFlood,speedLimit,strayAnimal,streetLight,suv,taxi,temporarySpeedLimit,tlaId,tlaName,trafficControl,trafficIsland,trafficSign,train,tree,truck,unknownVehicleType,urban,vanOrUtility,vehicle,waterRiver,weatherA,weatherB
1764805,5911175,26727,,520500,0,,0,5,,South,2005/2006,SH 1N,PANAMA OBR,,Non-Injury Crash,Yes,2006,,North,,0,,Hill Road,,,,,,Overcast,636200,0,0,0,3,,,0,,,,,,Auckland Region,Nil,1-way,Sealed,,0,0,,100,,Off,0,0,,76,Auckland,Nil,,,,,1,0,Open,1,,,Heavy rain,Null
1742316,5976315,26728,75,506661,0,0,0,1,0,South,2005/2006,SH 1N,FALLS BR,,Non-Injury Crash,Yes,2006,0,South,0,0,0,Flat,0,,0,,0,Overcast,139000,0,0,0,2,0,0,0,0,0,,0,0,Auckland Region,Nil,2-way,Sealed,0,0,0,0,100,0,Off,0,0,,76,Auckland,Nil,0,0,0,1,0,0,Open,0,0,0,Fine,Null
1935616,5620459,26729,,546600,0,,0,1,,South,2006/2007,KENNEDY ROAD,DOUGLAS MCLEAN AVENUE,,Serious Crash,No,2006,,South,,0,,Flat,,,,,,Overcast,1435800,0,1,0,2,,,0,,,,,,Hawke's Bay Region,Nil,2-way,Sealed,,0,1,,50,,Null,0,0,,31,Napier City,Nil,,,,,0,0,Urban,0,,,Fine,Null
1797821,5821330,26730,,527005,0,0,0,1,0,North,2005/2006,RIVER ROAD,SYLVESTER ROAD,,Minor Crash,No,2006,0,North,0,0,1,Hill Road,0,,0,,1,Dark,951710,1,0,0,2,0,0,0,0,0,,0,0,Waikato Region,Nil,2-way,Sealed,0,0,0,0,50,0,None,0,0,,16,Hamilton City,Unknown,0,0,0,0,0,0,Urban,0,0,0,Fine,Null
1847328,5824202,26731,,534604,0,,0,2,,Null,2005/2006,TOWER ROAD,WARDVILLE ROAD,,Non-Injury Crash,No,2006,,East,,0,,Flat,,,,,,Bright sun,1110400,0,0,0,2,,,0,,,,,,Waikato Region,Nil,2-way,Sealed,,0,0,,100,,Null,0,0,,15,Matamata-Piako District,Give way,,,,,0,0,Open,0,,,Fine,Null
1749102,5428604,26732,,572900,0,,0,2,,Null,2005/2006,WATERLOO QUAY,BUNNY ST,,Minor Crash,No,2006,,North,,0,,Flat,,,,,,Bright sun,2122700,1,0,0,6,,,0,,,,,,Wellington Region,Nil,2-way,Sealed,,0,0,,50,,Null,1,0,,47,Wellington City,Traffic Signals,,,,,0,0,Urban,0,,,Fine,Null
1770392,5911184,26733,,523109,0,,0,1,,South,2005/2006,Z CPK PAK N SAVE,TI RAKAU DRIVE,,Minor Crash,No,2006,,North,,0,,Flat,,,,,,Bright sun,711709,1,0,0,1,,,0,,,1,,,Auckland Region,Nil,Off road,Sealed,,0,0,,50,,Off,0,0,,76,Auckland,Nil,,,,,0,0,Urban,0,,,Fine,Null
1745103,5909955,26734,,512700,0,0,0,1,0,North,2006/2007,WOODLANDS PARK ROAD,JAYS ROAD,,Serious Crash,No,2006,0,West,0,0,0,Hill Road,0,,0,,0,Dark,301500,0,0,0,2,0,0,0,0,0,,0,0,Auckland Region,Nil,2-way,Sealed,0,0,1,0,60,0,On,0,0,,76,Auckland,Nil,0,0,0,1,0,0,Urban,0,0,0,Fine,Null
1692673,5676054,26735,,551800,0,,0,1,,West,2006/2007,SH 45 POWDERHAM,ROBE ST,,Minor Crash,Yes,2006,,East,,0,,Flat,,,,,,Overcast,1591600,1,0,0,2,,,0,,,1,,,Taranaki Region,Nil,2-way,Sealed,,0,0,,50,,Null,0,0,,33,New Plymouth District,Nil,,,,,0,0,Urban,0,,,Mist or Fog,Null
1635366,6067985,26736,,500700,0,0,0,1,0,North,2006/2007,SH 12,WHARF ROAD,,Non-Injury Crash,Yes,2006,0,North,0,0,1,Flat,0,,0,,0,Dark,25900,0,0,0,2,0,0,0,0,0,,0,0,Northland Region,Nil,2-way,Sealed,0,0,0,0,50,0,On,0,0,,1,Far North District,Nil,0,0,0,1,0,0,Urban,0,0,0,Fine,Null
1832249,5796753,26737,,535241,0,,0,1,,West,2006/2007,SH 1N,MAUNGATAUTARI ROAD,,Minor Crash,Yes,2006,,West,,0,,Flat,,,,,,Twilight,1123100,1,0,0,3,,,0,,,,,,Waikato Region,Nil,2-way,Sealed,,0,0,,100,,None,0,0,,17,Waipa District,Unknown,,,,,0,0,Open,0,,,Fine,Null
1717320,6038305,26738,,502005,0,,0,2,,South,2006/2007,SH 1N,LOOP ROAD S,,Serious Crash,Yes,2006,,North,,0,,Flat,,,,,,Dark,74601,1,0,0,2,,,0,,,,,,Northland Region,Nil,2-way,Sealed,,0,1,,100,,None,0,0,,2,Whangarei District,Nil,,,,,0,0,Open,0,,,Fine,Null
1792385,5777566,26739,65,531301,0,,0,0,,North,2005/2006,SH 31,OWAIKURA ROAD,,Fatal Crash,Yes,2006,,South,,1,,Hill Road,,,,,,Overcast,994800,0,0,1,2,,,0,,,,,,Waikato Region,Nil,2-way,Sealed,,0,1,,100,,None,0,0,,18,Ōtorohanga District,Nil,,,,,1,0,Open,0,,,Light rain,Null
1568018,5181992,26740,,592100,0,0,0,2,0,Null,2006/2007,IDRIS ROAD,GLANDOVEY ROAD,,Minor Crash,No,2006,0,West,0,0,0,Flat,0,,0,,0,Bright sun,2671500,1,0,0,2,0,0,0,0,0,,0,0,Canterbury Region,Nil,2-way,Sealed,0,0,0,0,50,0,Null,1,0,,60,Christchurch City,Give way,1,0,0,0,0,0,Urban,0,0,0,Fine,Null
1836489,5512445,26741,,577900,0,0,0,1,0,South,2005/2006,SH 2,BRIDGE ROAD,,Serious Crash,Yes,2006,0,North,0,0,1,Flat,0,,0,,0,Bright sun,2222300,1,0,0,2,0,0,0,0,0,,0,0,Manawatū-Whanganui Region,Nil,2-way,Sealed,0,0,1,0,100,0,Null,0,0,,41,Tararua District,Nil,0,0,0,0,0,0,Open,0,0,0,Fine,Null
1910217,5579409,26742,,549200,0,,0,1,,South,2006/2007,SH 2,DRUMPEEL ROAD,,Minor Crash,Yes,2006,,North,,0,,Flat,,,,,,Dark,1511200,1,0,0,2,,,0,,,,,,Hawke's Bay Region,Nil,2-way,Sealed,,0,0,,100,,None,1,0,,32,Central Hawke's Bay District,Nil,,,,,0,0,Open,0,,,Heavy rain,Null
1286607,4886835,26743,,610230,0,0,0,1,0,South,2006/2007,SH 1S,IRK ST,,Minor Crash,Yes,2006,0,South,0,0,0,Flat,1,,1,,0,Bright sun,3061200,1,0,0,2,0,0,0,0,0,,0,1,Southland Region,Nil,2-way,Sealed,0,0,0,0,50,0,Null,1,0,,74,Gore District,Unknown,1,0,0,0,0,0,Urban,1,0,0,Fine,Null
1768764,5904550,26744,,523722,0,,0,1,,East,2007/2008,REDOUBT ROAD,EVERGLADE DRIVE,,Non-Injury Crash,No,2007,,East,,0,,Hill Road,,,,,,Dark,715909,0,0,0,4,,,0,,,,,,Auckland Region,Nil,2-way,Sealed,,0,0,,50,,On,0,0,,76,Auckland,Nil,,,,,1,0,Urban,0,,,Light rain,Strong wind
1817633,5803649,26745,,527503,1,,0,0,,Null,2005/2006,ALBERT ST,CARTERS CRESCENT,,Minor Crash,No,2006,,South,,0,,Hill Road,,,,,,Bright sun,963100,1,0,0,2,,,0,,,,,,Waikato Region,Nil,2-way,Sealed,,0,0,,50,,Null,0,0,,17,Waipa District,Nil,,,,,0,0,Urban,1,,,Fine,Null
1803152,5817800,26746,,529503,0,,0,2,,West,2006/2007,POWELLS ROAD,RAYMOND ST,,Non-Injury Crash,No,2006,,East,,0,,Flat,,,,,,Overcast,872900,0,0,0,2,,,0,,,,,,Waikato Region,Nil,2-way,Sealed,,0,0,,50,,Null,0,0,,16,Hamilton City,Unknown,,,,,0,0,Urban,0,,,Fine,Null
1719557,6047580,26747,,502700,0,,0,2,,Null,2006/2007,KAMO ROAD,KENSINGTON AVENUE,,Minor Crash,No,2006,,East,,0,,Flat,,,,,,Bright sun,91800,1,0,0,2,,,0,,,,,,Northland Region,Nil,2-way,Sealed,,0,0,,50,,Null,0,0,,2,Whangarei District,Traffic Signals,,,,,0,0,Urban,0,,,Light rain,Null
1290778,5034883,26748,,609029,0,0,0,0,0,North,2006/2007,CARDRONA VALLEY ROAD,SPOTTS CRK BR,,Serious Crash,No,2006,0,North,0,0,1,Flat,0,,0,,0,Overcast,3038903,0,0,0,2,0,0,0,0,0,,0,0,Otago Region,Nil,2-way,Sealed,0,0,2,0,100,0,Null,0,0,,70,Queenstown-Lakes District,Unknown,0,0,0,0,0,0,Open,1,0,0,Heavy rain,Null
1881320,5564778,26749,,549200,0,,0,1,,West,2005/2006,SH 2,SH 50,,Serious Crash,Yes,2006,,South,,0,,Flat,,,,,,Bright sun,1515600,0,0,0,2,,,0,,,,,,Hawke's Bay Region,Nil,2-way,Sealed,,0,3,,100,,Null,0,0,,32,Central Hawke's Bay District,Nil,,,,,0,0,Open,1,,,Fine,Null
1560971,5175070,26750,,587849,0,0,0,1,0,South,2006/2007,SPRINGS ROAD,HODGENS ROAD,,Minor Crash,No,2006,0,South,0,0,0,Flat,0,,0,,0,Twilight,2499301,1,0,0,2,0,0,0,0,0,,0,1,Canterbury Region,Nil,2-way,Sealed,0,0,0,0,80,0,Off,0,0,,62,Selwyn District,Unknown,0,0,0,0,0,0,Open,0,0,0,Heavy rain,Null
1948865,5791834,26751,,542511,0,,0,2,,Null,2006/2007,SH 30,KEEPA ROAD,,Minor Crash,Yes,2006,,South,,0,,Flat,,,,,,Bright sun,1297902,1,0,0,4,,,0,,,,,,Bay of Plenty Region,Nil,2-way,Sealed,,0,0,,80,,Off,0,0,,25,Whakatane District,Give way,,,,,0,0,Open,0,,,Fine,Null
1402770,4913970,26752,,605920,0,0,0,2,0,South,2006/2007,SH 1S,SHORT ST,,Minor Crash,Yes,2006,0,North,0,0,1,Hill Road,1,,0,,0,Dark,2954803,3,0,0,4,0,0,0,0,0,,0,0,Otago Region,Nil,2-way,Sealed,0,0,0,0,100,0,On,0,0,,71,Dunedin City,Unknown,0,0,0,0,0,0,Open,0,0,0,Heavy rain,Null
1745083,5917939,26753,,510700,0,,0,2,,Null,2005/2006,SEL PEACOCK DRIVE,LINCOLN ROAD,,Non-Injury Crash,No,2006,,South,,0,,Flat,,,,,,Overcast,240200,0,0,0,4,,,0,,,,,,Auckland Region,Nil,2-way,Sealed,,0,0,,50,,Off,0,0,,76,Auckland,Traffic Signals,,,,,0,0,Urban,0,,,Fine,Null
1764011,5905055,26754,,522100,0,,0,2,,West,2006/2007,PAH ROAD,HILLSIDE ROAD,,Non-Injury Crash,No,2007,,North,,0,,Flat,,,,,,Overcast,658600,0,0,0,2,,,0,,,,,,Auckland Region,Nil,2-way,Sealed,,0,0,,50,,Off,0,0,,76,Auckland,Nil,,,,,0,0,Urban,0,,,Fine,Null
1789740,5829858,26755,,528200,0,,1,1,,Null,2006/2007,GREAT SOUTH ROAD,EDWARD ST,,Non-Injury Crash,No,2006,,North,,0,,Flat,,,,,,Dark,858401,0,0,0,2,,,0,,,,,,Waikato Region,Nil,2-way,Sealed,,0,0,,50,,On,0,0,,13,Waikato District,Stop,,,,,0,0,Urban,0,,,Light rain,Null
1766816,5880197,26756,,521112,0,,0,1,,Null,2005/2006,POLLOCK ROAD,DOMAIN ROAD,,Non-Injury Crash,No,2006,,West,,0,,Flat,,,,,,Dark,825800,0,0,0,2,,,0,,,,,,Auckland Region,Nil,2-way,Sealed,,0,0,,100,,None,0,0,,76,Auckland,Nil,,,,,0,0,Open,0,,,Fine,Null
1758416,5918014,26757,,517400,0,,1,0,,Null,2006/2007,BROADWAY,MORROW ST,,Serious Crash,No,2006,,North,,0,,Flat,,,,,,Bright sun,451300,0,0,0,4,,,0,,,1,,,Auckland Region,Nil,2-way,Sealed,,0,1,,50,,Off,0,0,,76,Auckland,Nil,,,,,0,0,Urban,0,,,Fine,Null
1846627,5891098,26758,,533603,0,0,0,0,0,East,2006/2007,SH 25A,SH 25,,Minor Crash,Yes,2006,0,West,0,0,1,Flat,0,,0,,0,Twilight,1059504,1,0,0,2,0,0,0,0,0,,0,0,Waikato Region,Nil,2-way,Sealed,0,0,0,0,100,0,None,1,0,,11,Thames-Coromandel District,Nil,0,0,0,0,0,0,Open,0,0,0,Light rain,Null
1763116,5912905,26759,,520402,0,0,0,1,0,West,2006/2007,ARANUI ROAD,RUAWAI ROAD,,Minor Crash,No,2006,0,West,0,0,0,Flat,0,,1,,1,Dark,641200,1,0,0,2,0,0,0,0,0,,0,0,Auckland Region,Nil,2-way,Sealed,0,0,0,0,50,0,On,0,0,,76,Auckland,Unknown,0,0,0,0,0,0,Urban,0,0,0,Fine,Null
1751574,5914943,26760,,514401,0,0,0,2,0,South,2006/2007,BLOCKHOUSE BAY ROAD,METHUEN ROAD,,Minor Crash,No,2006,0,North,0,0,0,Flat,0,,0,,0,Dark,380300,1,0,0,2,0,0,0,0,1,,0,0,Auckland Region,Nil,2-way,Sealed,0,0,0,0,50,0,On,0,0,,76,Auckland,Nil,0,0,0,0,0,0,Urban,0,0,0,Fine,Null
1748734,5425630,26761,,576301,1,,0,1,,Null,2005/2006,JOHN ST,HANSON ST,,Serious Crash,No,2006,,East,,0,,Flat,,,,,,Overcast,2163300,0,0,0,2,,,0,,,,,,Wellington Region,Nil,2-way,Sealed,,0,1,,50,,Null,0,0,,47,Wellington City,Give way,,,,,0,0,Urban,0,,,Fine,Null
1749248,5913593,26762,,511401,0,,0,2,,North,2005/2006,TITIRANGI ROAD,MARGAN AVENUE,,Minor Crash,No,2006,,North,,0,,Flat,,,,,,Dark,263304,2,0,0,2,,,0,,,,,,Auckland Region,Nil,2-way,Sealed,,0,0,,50,,On,0,0,,76,Auckland,Traffic Signals,,,,,0,0,Urban,0,,,Fine,Null
1868610,5718313,26763,,541312,0,,0,2,,Null,2005/2006,WAIRAKEI DRIVE,HUKA FALLS ROAD N,,Non-Injury Crash,No,2006,,North,,0,,Flat,,,,,,Overcast,1279300,0,0,0,2,,,0,,,,,,Waikato Region,Nil,2-way,Sealed,,0,0,,100,,Null,0,0,,21,Taupo District,Give way,,,,,0,0,Open,0,,,Fine,Null
1770394,5912129,26764,,523106,0,,0,1,,Null,2006/2007,BOTANY ROAD,GOLFLAND DRIVE N,,Minor Crash,No,2006,,North,,0,,Flat,,,,,,Bright sun,711186,1,0,1,2,,,0,,,,,,Auckland Region,Nil,2-way,Sealed,,0,0,,60,,Off,0,0,,76,Auckland,Give way,,,,,0,0,Urban,0,,,Fine,Null
1738042,5979940,26765,,506660,0,,0,0,,South,2006/2007,SH 1N,CENTENNIAL PARK ROAD,,Non-Injury Crash,Yes,2006,,North,,0,,Flat,,,,,,Dark,136400,0,0,0,2,,,0,,,,,,Auckland Region,Nil,2-way,Sealed,,0,0,,100,,None,0,0,,76,Auckland,Nil,,,,,0,0,Open,2,,,Fine,Null
1576683,5175203,26766,,591300,0,,0,2,,Null,2006/2007,BRIDLE PATH ROAD,FLAVELL ST,,Minor Crash,No,2006,,South,,0,,Flat,,,,,,Dark,2554800,1,0,0,2,,,0,,,,,,Canterbury Region,Nil,2-way,Sealed,,0,0,,50,,On,0,0,,60,Christchurch City,Give way,,,,,0,0,Urban,0,,,Fine,Null
1750715,5934108,26767,,508701,0,0,0,2,0,South,2006/2007,THE AVENUE,TWIN COURT,,Non-Injury Crash,No,2006,0,North,0,0,0,Hill Road,0,,0,,0,Bright sun,178713,0,0,0,2,0,0,0,0,1,,0,0,Auckland Region,Nil,2-way,Sealed,0,0,0,0,50,0,Off,0,0,,76,Auckland,Nil,0,0,0,0,0,0,Urban,0,0,0,Null,Null
1745958,5920403,26768,,513301,0,,0,0,,East,2007/2008,SH 16,LINCOLN OBR,,Non-Injury Crash,Yes,2007,,West,,0,,Flat,,,,,,Bright sun,230301,0,0,0,2,,,0,,,,,,Auckland Region,Nil,1-way,Sealed,,0,0,,100,,Off,1,0,,76,Auckland,Nil,,,,,0,0,Open,1,,,Fine,Null
1798704,5817327,26769,,528700,0,,0,2,,Null,2005/2006,STOREY AVENUE,GARNETT AVENUE,,Non-Injury Crash,No,2006,,East,,0,,Flat,,,,,,Dark,901302,0,0,0,,,,0,,,,,,Waikato Region,Nil,2-way,Sealed,,0,0,,50,,On,0,0,,16,Hamilton City,Give way,,,,,0,0,Urban,0,,,Fine,Null
1743793,5922478,26770,,513512,0,0,0,0,0,East,2005/2006,GLENBERVIE CRESCENT,KEMP ROAD,,Non-Injury Crash,No,2006,0,South,0,0,1,Hill Road,0,,0,,0,Overcast,225305,0,0,0,1,0,0,0,0,0,,0,0,Auckland Region,Nil,1-way,Sealed,0,0,0,0,50,0,Off,1,0,,76,Auckland,Nil,0,0,0,0,0,0,Urban,0,0,0,Fine,Null
1876518,5824640,26771,,537301,0,,0,2,,North,2005/2006,OTUMOETAI ROAD,BROOKFIELD TERRACE,,Non-Injury Crash,No,2006,,South,,0,,Flat,,,,,,Dark,1159700,0,0,0,2,,,0,,,,,,Bay of Plenty Region,Nil,2-way,Sealed,,0,0,,50,,On,0,0,,23,Tauranga City,Unknown,,,,,0,0,Urban,0,,,Light rain,Null
1765066,5902862,26772,,524604,0,0,0,4,0,Null,2006/2007,WIRI STATION ROAD,ROSCOMMON ROAD,,Minor Crash,No,2006,0,South,0,0,0,Flat,0,,0,,1,Twilight,781302,2,0,0,2,0,0,0,0,0,,0,0,Auckland Region,Nil,2-way,Sealed,0,0,0,0,80,0,On,0,0,,76,Auckland,Traffic Signals,0,0,0,0,0,0,Open,0,0,0,Fine,Null
1401843,4919003,26773,,602500,0,0,0,1,0,Null,2006/2007,THREE MILE HILL ROAD,HALFWAY BUSH ROAD,,Minor Crash,No,2006,0,East,1,0,0,Hill Road,0,,0,,0,Overcast,2978800,1,0,0,2,0,0,0,0,0,,0,0,Otago Region,Nil,2-way,Sealed,0,0,0,0,100,0,Null,1,0,,71,Dunedin City,Give way,0,0,0,0,0,0,Open,0,0,0,Light rain,Null
1901596,5810300,26774,,536653,0,,0,2,,East,2005/2006,SH 2,WILSON ROAD NORTH,,Non-Injury Crash,Yes,2006,,West,,0,,Flat,,,,,,Bright sun,1209802,0,0,0,2,,,0,,,,,,Bay of Plenty Region,Nil,2-way,Sealed,,0,0,,100,,Null,0,0,,22,Western Bay of Plenty District,Unknown,,,,,0,0,Open,1,,,Fine,Null
1773868,5445249,26775,,567100,0,,0,2,,Null,2005/2006,FERGUSSON DRIVE,STATION CRESCENT,,Minor Crash,No,2006,,West,,0,,Flat,,,,,,Bright sun,1906400,1,0,0,3,,,0,,,,,,Wellington Region,Nil,2-way,Sealed,,0,0,,50,,Null,0,0,,45,Upper Hutt City,Give way,,,,,0,0,Urban,0,,,Fine,Null
1759687,5914022,26776,,519720,0,0,0,2,0,Null,2005/2006,RAWHITI ROAD,TAWA ROAD,,Minor Crash,No,2006,0,North,0,0,0,Flat,0,,0,,0,Overcast,592500,1,0,0,2,0,0,0,0,0,1,1,0,Auckland Region,Nil,2-way,Sealed,0,0,0,0,50,0,Off,0,0,,76,Auckland,Stop,0,0,0,0,0,0,Urban,0,0,0,Fine,Null
1883460,5774441,26777,,539400,0,,0,1,,West,2005/2006,SUNSET ROAD,SH 5,,Non-Injury Crash,No,2006,,East,,0,,Flat,,,,,,Bright sun,1225100,0,0,0,2,,,0,,,,,,Bay of Plenty Region,Nil,2-way,Sealed,,0,0,,50,,Null,0,0,,24,Rotorua District,Traffic Signals,,,,,0,0,Urban,1,,,Fine,Null
1766900,5913362,26778,,522910,0,,0,2,,East,2005/2006,PAKURANGA ROAD,TI RAKAU DRIVE,,Minor Crash,No,2006,,East,,0,,Hill Road,,,,,,Bright sun,684000,2,0,0,6,,,0,,,,,,Auckland Region,Nil,2-way,Sealed,,0,0,,60,,Off,0,0,,76,Auckland,Nil,,,,,0,0,Urban,0,,,Fine,Null
1561761,5382693,26779,,581842,0,0,0,1,0,West,2005/2006,SH 6,GOWAN VALLEY ROAD,,Serious Crash,Yes,2006,0,North,0,0,0,Flat,0,,0,,0,Bright sun,2382400,1,0,0,2,0,0,0,1,0,,0,0,Tasman Region,Nil,2-way,Sealed,0,0,1,0,100,0,Null,0,0,,51,Tasman District,Nil,0,0,0,0,0,0,Open,0,0,0,Fine,Null
1795879,5524108,26780,,561500,0,1,0,0,0,North,2006/2007,SH 1N,PARANUI ROAD,,Serious Crash,Yes,2006,0,North,0,0,0,Flat,0,,0,,0,Bright sun,1784700,1,0,0,2,0,0,0,0,0,,0,0,Manawatū-Whanganui Region,Nil,2-way,Sealed,0,0,1,0,100,0,Null,0,0,,42,Horowhenua District,Nil,0,0,0,1,1,0,Open,0,0,0,Fine,Null
1708951,5618093,26781,,554115,0,,0,2,,Null,2006/2007,MAIRE ST,EDNA WILLS PLACE,,Minor Crash,No,2006,,West,,0,,Flat,,,,,,Dark,1653806,1,0,0,2,,,0,,,,,,Taranaki Region,Nil,2-way,Sealed,,0,0,,50,,On,0,0,,35,South Taranaki District,Nil,,,,,0,0,Urban,0,,,Fine,Null
1798980,5815175,26782,,528900,0,,0,2,,South,2006/2007,SH 1N,MASSEY HALL OVERBRIDGE,,Non-Injury Crash,Yes,2007,,South,,0,,Flat,,,,,,Bright sun,915700,0,0,0,2,,,0,,,,,,Waikato Region,Nil,2-way,Sealed,,0,0,,60,,Off,0,0,,16,Hamilton City,Give way,,,,,0,0,Urban,0,,,Fine,Null
1802360,5505904,26783,,564021,0,0,0,1,0,South,2005/2006,SH 57,BUCKLEY ROAD,,Minor Crash,Yes,2006,0,South,0,0,1,Flat,0,,0,,0,Bright sun,1858300,2,0,0,2,0,0,0,0,0,,0,0,Manawatū-Whanganui Region,Nil,2-way,Sealed,0,0,0,0,100,0,Null,0,0,,42,Horowhenua District,Nil,0,0,0,1,0,0,Open,0,0,0,Fine,Null
1786747,5859374,26784,,527210,0,0,0,1,0,South,2005/2006,SH 1N,PADDY ROAD,,Non-Injury Crash,Yes,2006,0,North,0,0,0,Flat,1,,0,,0,Overcast,935700,0,0,0,2,0,0,0,0,0,,0,0,Waikato Region,Nil,2-way,Sealed,0,0,0,0,100,0,Null,0,0,,13,Waikato District,Unknown,0,0,0,0,0,0,Open,0,0,0,Fine,Null
1768185,5902428,26785,,524602,0,0,0,2,0,West,2005/2006,BROWNS ROAD,GREAT SOUTH ROAD,,Non-Injury Crash,No,2006,0,East,0,0,0,Hill Road,0,,0,,0,Overcast,780600,0,0,0,4,0,0,0,0,0,,0,0,Auckland Region,Nil,2-way,Sealed,0,0,0,0,50,0,Off,0,0,,76,Auckland,Traffic Signals,0,0,0,0,0,0,Urban,0,1,0,Fine,Null
1753622,5917161,26786,,517800,0,,0,1,,North,2005/2006,WAIRERE AVENUE,NEW NORTH ROAD,,Minor Crash,No,2006,,South,,0,,Flat,,,,,,Overcast,526700,1,1,0,2,,,0,,,,,,Auckland Region,Nil,2-way,Sealed,,0,0,,50,,Off,0,0,,76,Auckland,Nil,,,,,0,0,Urban,0,,,Fine,Null
1929169,5722153,26787,,542550,0,0,0,0,1,South,2006/2007,MINGINUI ROAD,ROTORUA-WAIKAREMOANA ROAD,,Minor Crash,No,2006,0,North,0,0,0,Hill Road,0,,0,,0,Overcast,1332800,2,0,0,2,0,0,0,0,0,,0,0,Bay of Plenty Region,Nil,2-way,Sealed,0,0,0,0,100,0,None,1,0,,25,Whakatane District,Nil,0,0,0,0,0,0,Open,0,0,1,Fine,Null
1760789,5914716,26788,,520202,0,,0,2,,South,2005/2006,GREAT SOUTH ROAD,KALMIA ST,,Non-Injury Crash,No,2006,,North,,0,,Hill Road,,,,,,Bright sun,611800,0,0,0,2,,,0,,,,,,Auckland Region,Nil,2-way,Sealed,,0,0,,50,,Off,0,0,,76,Auckland,Nil,,,,,0,0,Urban,0,,,Fine,Null
1572341,5188208,26789,,590604,0,,0,3,,North,2005/2006,MARSHLAND ROAD,HAWKINS ROAD,,Minor Crash,No,2006,,North,,0,,Flat,,,,,,Bright sun,2503304,1,0,0,2,,,0,,,,,,Canterbury Region,Nil,2-way,Sealed,,0,0,,70,,Null,0,0,,60,Christchurch City,Nil,,,,,1,0,Urban,0,,,Fine,Frost
1764802,5903685,26790,,524604,0,,0,1,,Null,2005/2006,ROSCOMMON ROAD,SH 20,,Non-Injury Crash,No,2006,,North,,0,,Flat,,,,,,Dark,781200,0,0,0,6,,,0,,,,,,Auckland Region,Nil,2-way,Sealed,,0,0,,80,,On,0,0,,76,Auckland,Traffic Signals,,,,,0,0,Open,1,,,Light rain,Null
1750899,5947115,26791,,505807,1,,0,1,,Null,2006/2007,HIBISCUS COAST HIGHWAY,JELAS ROAD,,Minor Crash,No,2006,,North,,0,,Flat,,,,,,Overcast,172605,1,0,0,2,,,0,,,,,,Auckland Region,Nil,2-way,Sealed,,0,0,,80,,Off,0,0,50,76,Auckland,Stop,,,,,0,0,Open,0,,,Fine,Null
1810222,5870180,26792,,533901,0,,0,2,,Null,2007/2008,SH 2,SH 27,,Non-Injury Crash,Yes,2007,,South,,0,,Flat,,,,,,Overcast,1068700,0,0,0,3,,,0,,,,,,Waikato Region,Nil,2-way,Sealed,,0,0,,100,,Off,0,0,,12,Hauraki District,Give way,,,,,0,0,Open,0,,,Heavy rain,Null
1693286,5676611,26793,,551800,0,0,0,2,0,Null,2006/2007,SH 44,GOVER ST,,Non-Injury Crash,Yes,2006,0,East,0,0,0,Flat,0,,0,,0,Dark,1593100,0,0,0,2,0,0,0,0,1,,0,0,Taranaki Region,Nil,2-way,Sealed,0,0,0,0,50,0,On,0,0,,33,New Plymouth District,Nil,0,0,0,0,0,0,Urban,0,0,0,Fine,Null
1821502,5906616,26794,,533603,0,,0,1,,North,2005/2006,SH 25,TE MATA CREEK ROAD,,Non-Injury Crash,Yes,2006,,South,,0,,Flat,,,,,,Overcast,1056201,0,0,0,2,,,0,,,,,,Waikato Region,Nil,2-way,Sealed,,0,0,,100,,Null,1,0,,11,Thames-Coromandel District,Nil,,,,,0,0,Open,0,,,Fine,Null
1759556,5924038,26795,,509300,0,0,0,1,0,Null,2005/2006,WESLEY ST,ARAMOANA AVENUE,,Minor Crash,No,2006,0,East,0,0,0,Flat,0,,0,,0,Bright sun,339500,1,0,0,2,0,0,0,0,0,,0,1,Auckland Region,Nil,2-way,Sealed,0,0,0,0,50,0,Off,0,0,,76,Auckland,Give way,0,0,0,0,0,0,Urban,0,0,0,Fine,Null
1761225,5916666,26796,,516003,0,,0,2,,Null,2006/2007,REMUERA ROAD,LADIES MILE,,Non-Injury Crash,No,2007,,West,,0,,Flat,,,,,,Overcast,495900,0,0,0,2,,,0,,,,,,Auckland Region,Nil,2-way,Sealed,,0,0,,50,,Off,0,0,,76,Auckland,Traffic Signals,,,,,0,0,Urban,0,,,Light rain,Null
1817091,5802910,26797,,527503,0,,0,2,,South,2006/2007,WILSON ST,DUKE ST,,Non-Injury Crash,No,2006,,North,,0,,Flat,,,,,,Bright sun,965100,0,0,0,2,,,0,,,,,,Waikato Region,Nil,2-way,Sealed,,0,0,,50,,None,0,0,,17,Waipa District,Nil,,,,,0,0,Urban,0,,,Fine,Null