X,Y,OBJECTID,advisorySpeed,areaUnitID,bicycle,bridge,bus,carStationWagon,cliffBank,crashDirectionDescription,crashFinancialYear,crashLocation1,crashLocation2,crashRoadSideRoad,crashSeverity,crashSHDescription,crashYear,debris,directionRoleDescription,ditch,fatalCount,fence,flatHill,guardRail,holiday,houseOrBuilding,intersection,kerb,light,meshblockId,minorInjuryCount,moped,motorcycle,NumberOfLanes,objectThrownOrDropped,otherObject,otherVehicleType,overBank,parkedVehicle,pedestrian,phoneBoxEtc,postOrPole,region,roadCharacter,roadLane,roadSurface,roadworks,schoolBus,seriousInjuryCount,slipOrFlood,speedLimit,strayAnimal,streetLight,suv,taxi,temporarySpeedLimit,tlaId,tlaName,trafficControl,trafficIsland,trafficSign,train,tree,truck,unknownVehicleType,urban,vanOrUtility,vehicle,waterRiver,weatherA,weatherB
1755757,5916380,26798,,518201,0,,0,3,,South,2006/2007,DOMINION ROAD,BRIXTON ROAD,,Minor Crash,No,2006,,South,,0,,Flat,,,,,,Bright sun,553200,1,0,0,2,,,0,,,,,,Auckland Region,Nil,2-way,Sealed,,0,0,,50,,Off,0,0,,76,Auckland,Nil,,,,,0,0,Urban,0,,,Fine,Null
1767558,5907395,26799,,523602,0,,0,2,,Null,2006/2007,FERGUSON ROAD,BOND ST,,Non-Injury Crash,No,2006,,East,,0,,Hill Road,,,,,,Bright sun,709900,0,0,0,2,,,0,,,,,,Auckland Region,Nil,2-way,Sealed,,0,0,,50,,Off,0,0,,76,Auckland,Nil,,,,,0,0,Urban,0,,,Null,Null
1764557,5912541,26800,,520500,0,,0,2,,Null,2006/2007,CARBINE ROAD,CLEMOW DRIVE,,Minor Crash,No,2006,,North,,0,,Flat,,,,,,Bright sun,639100,1,0,0,5,,,0,,,,,,Auckland Region,Nil,2-way,Sealed,,0,0,,50,,Off,0,0,,76,Auckland,Traffic Signals,,,,,0,0,Urban,0,,,Fine,Null
1748350,5919040,26801,,514801,0,,0,2,,East,2005/2006,SH 16,TE ATATU OFF WBD,,Non-Injury Crash,Yes,2006,,West,,0,,Flat,,,,,,Dark,389300,0,0,0,6,,,0,,,,,,Auckland Region,Nil,2-way,Sealed,,0,0,,100,,On,0,0,,76,Auckland,Nil,,,,,0,0,Open,0,,,Fine,Null
1728426,6008867,26802,,501815,0,,0,1,,South,2006/2007,SH 1N,WAIPU GORGE ROAD,,Non-Injury Crash,Yes,2006,,North,,0,,Hill Road,,Christmas New Year,,,,Overcast,81300,0,0,0,2,,,0,,,,,,Northland Region,Nil,2-way,Sealed,,0,0,,100,,None,1,0,,2,Whangarei District,Nil,,,,,0,0,Open,0,,,Light rain,Null
1756796,5919252,26803,,514200,0,,0,1,,West,2006/2007,16 LINK 1,SH 1N,,Non-Injury Crash,Yes,2007,,East,,0,,Flat,,,,,,Dark,412900,0,0,0,4,,,0,,,,,,Auckland Region,Nil,1-way,Sealed,,0,0,,100,,On,0,0,,76,Auckland,Nil,,,,,1,0,Open,0,,,Heavy rain,Null
1824581,5530980,26804,,562500,0,,0,1,,South,2005/2006,KEITH ST,CESSNA ROAD,,Non-Injury Crash,No,2006,,North,,0,,Hill Road,,,,,,Dark,1845100,0,0,0,2,,,0,,,,,,Manawatū-Whanganui Region,Nil,2-way,Sealed,,0,0,,50,,On,0,0,,40,Palmerston North City,Nil,,,,,0,0,Urban,1,,,Fine,Null
1643942,6127936,26805,70,500203,0,0,0,0,0,East,2005/2006,SH 10,STRATFORD DRIVE,,Minor Crash,Yes,2006,0,East,0,0,0,Flat,0,,0,,0,Dark,4101,1,0,0,2,0,0,0,0,0,,0,0,Northland Region,Nil,2-way,Sealed,0,0,0,0,100,0,None,0,0,,1,Far North District,Nil,0,0,0,1,0,0,Open,1,0,0,Fine,Null
1622337,6111201,26806,,500204,0,,0,2,,Null,2005/2006,KAITAIA-AWAROA ROAD,OKAHU ROAD,,Minor Crash,No,2006,,North,,0,,Flat,,,,,,Bright sun,9001,4,0,0,2,,,0,,,,,,Northland Region,Nil,2-way,Sealed,,0,0,,100,,None,0,0,,1,Far North District,Nil,,,,,0,0,Open,0,,,Fine,Null
1810191,5816079,26807,,527004,0,,0,2,,Null,2006/2007,SH 26,SH 1B,,Non-Injury Crash,Yes,2006,,West,,0,,Flat,,,,,,Overcast,956100,0,0,1,2,,,0,,,,,,Waikato Region,Nil,2-way,Sealed,,0,0,,100,,Null,0,0,,13,Waikato District,Give way,,,,,0,0,Open,0,,,Fine,Null
1756718,5927483,26808,,507900,0,,0,2,,Null,2005/2006,TAHAROTO ROAD,NORTHCOTE ROAD,,Non-Injury Crash,No,2006,,East,,0,,Flat,,,,,,Bright sun,303502,0,0,0,5,,,0,,,,,,Auckland Region,Nil,2-way,Sealed,,0,0,,50,,Off,0,0,,76,Auckland,Give way,,,,,0,0,Urban,0,,,Fine,Null
1882547,5826449,26809,,536821,0,,0,1,,Null,2005/2006,SH 2,AERODROME ROAD,,Non-Injury Crash,Yes,2006,,East,,0,,Flat,,,,,,Bright sun,1204100,0,0,0,4,,,0,,,,,,Bay of Plenty Region,Nil,2-way,Sealed,,0,0,,50,,Null,0,0,,23,Tauranga City,Traffic Signals,,,,,1,0,Urban,0,,,Fine,Null
1571813,5181540,26810,,593200,0,0,0,1,0,Null,2006/2007,HILLS ROAD,AVALON ST,,Non-Injury Crash,No,2006,0,North,0,0,0,Flat,0,,0,,0,Dark,2697400,0,0,0,2,0,0,0,0,0,,0,0,Canterbury Region,Nil,2-way,Sealed,0,0,0,0,50,0,On,0,0,,60,Christchurch City,Give way,1,1,0,1,0,0,Urban,0,0,0,Fine,Null
1856355,5738868,26811,,541320,0,,1,0,,South,2005/2006,PAERATA ROAD,TIROHANGA ROAD,,Non-Injury Crash,No,2006,,South,,0,,Hill Road,,,,,,Bright sun,1293600,0,0,1,2,,,0,,,,,,Waikato Region,Nil,2-way,Sealed,,0,0,,100,,Null,0,0,,21,Taupo District,Unknown,,,,,0,0,Open,0,,,Fine,Null
1764428,5914898,26812,,520303,0,0,0,1,0,Null,2005/2006,ELLERSLIE-PANMURE HIGHWAY,MOUNT WELLINGTON HIGHWAY,,Minor Crash,No,2006,0,North,0,0,0,Flat,0,,1,,0,Dark,627400,1,0,0,4,0,0,0,0,0,,0,0,Auckland Region,Nil,2-way,Sealed,0,0,0,0,50,0,On,0,0,,76,Auckland,Traffic Signals,0,0,0,0,0,0,Urban,0,0,0,Light rain,Null
1729012,6003820,26813,35,505010,0,0,0,1,1,South,2006/2007,SH 1N,SH 12,,Serious Crash,Yes,2006,0,South,1,0,0,Hill Road,0,,0,,0,Dark,134700,3,0,0,2,0,0,0,0,0,,0,0,Northland Region,Nil,2-way,Sealed,0,0,1,0,100,0,None,0,0,,3,Kaipara District,Nil,0,1,0,0,0,0,Open,0,0,0,Light rain,Null
1749431,5913916,26814,,511302,0,,0,1,,Null,2006/2007,GREAT NORTH ROAD,RATA ST,,Minor Crash,No,2006,,South,,0,,Hill Road,,,,,,Dark,268900,1,0,0,7,,,0,,,1,,,Auckland Region,Nil,2-way,Sealed,,0,0,,50,,On,0,0,,76,Auckland,Traffic Signals,,,,,0,0,Urban,0,,,Fine,Null
1571621,5171121,26815,,596503,0,0,0,1,0,South,2006/2007,DYERS PASS ROAD,SUMMIT ROAD,,Minor Crash,No,2006,0,North,0,0,0,Hill Road,0,,0,,0,Dark,2711501,3,0,0,2,0,1,0,0,0,,0,0,Canterbury Region,Nil,2-way,Sealed,0,0,0,0,100,0,None,0,0,,60,Christchurch City,Unknown,0,0,0,0,0,0,Open,0,0,0,Fine,Null
1525546,5428014,26816,,584407,0,1,0,1,0,East,2005/2006,GRANITE CREEK ROAD,BACK ROAD,,Non-Injury Crash,No,2006,0,East,0,0,0,Flat,0,,0,,0,Twilight,2383900,0,0,0,1,0,0,0,0,0,,0,0,West Coast Region,Nil,2-way,Unsealed,0,0,0,0,100,0,None,0,0,,55,Buller District,Unknown,0,0,0,0,0,0,Open,0,0,0,Light rain,Null
1748890,5423293,26817,,576400,0,,0,1,,North,2006/2007,MOUNT ALBERT ROAD,VOLGA ST,,Minor Crash,No,2006,,South,,0,,Hill Road,,,,,,Bright sun,2170901,1,0,0,2,,,0,,,,,,Wellington Region,Nil,2-way,Sealed,,0,0,,50,,Null,1,0,,47,Wellington City,Nil,,,,,0,0,Urban,0,,,Fine,Null
1794232,5516954,26818,,561700,0,,0,2,,Null,2005/2006,COLEY ST,FUTTER ST,,Non-Injury Crash,No,2006,,West,,0,,Flat,,,,,,Overcast,1780600,0,0,0,2,,,0,,,,,,Manawatū-Whanganui Region,Nil,2-way,Sealed,,0,0,,50,,Null,0,0,,42,Horowhenua District,Give way,,,,,0,0,Urban,0,,,Fine,Null
1822335,5845273,26819,,534603,0,0,0,0,0,Null,2006/2007,PAEROA TAHUNA ROAD,NO 8 ROAD EXTENSION,,Serious Crash,No,2006,0,East,1,0,0,Flat,0,,0,,0,Overcast,1094400,0,0,0,2,0,0,0,0,0,,0,0,Waikato Region,Nil,2-way,Sealed,0,0,1,0,100,0,Off,1,0,,15,Matamata-Piako District,Give way,0,0,0,0,1,0,Open,0,0,0,Light rain,Null
1874418,5806526,26820,,536630,0,0,0,0,0,Null,2006/2007,SH 36,TAUMATA ROAD,,Non-Injury Crash,Yes,2006,0,North,0,0,1,Flat,0,,0,,0,Bright sun,1192604,0,0,1,2,0,0,0,0,0,,0,0,Bay of Plenty Region,Nil,2-way,Sealed,0,0,0,0,100,0,Null,0,0,,22,Western Bay of Plenty District,Nil,0,0,0,0,0,0,Open,0,0,0,Fine,Null
1243210,4849040,26821,,611220,0,,0,1,,Null,2005/2006,TWEED ST,YTHAN ST,,Non-Injury Crash,No,2006,,East,,0,,Flat,,,,,,Bright sun,3110100,0,0,0,4,,,0,,,,,,Southland Region,Nil,2-way,Sealed,,0,0,,50,,Null,0,0,,75,Invercargill City,Give way,,,,,0,0,Urban,1,,,Fine,Null
1672195,6081422,26822,,501700,0,,0,0,,North,2006/2007,TAWANUI ROAD,SH 12,,Minor Crash,No,2006,,South,,0,,Flat,,,,,,Dark,41000,1,0,1,1,,,0,,,,,,Northland Region,Nil,2-way,Sealed,,0,0,,50,,On,0,0,,1,Far North District,Nil,,,,,0,0,Urban,0,,,Fine,Null
1757998,5879276,26823,65,521152,0,0,0,1,1,Null,2006/2007,WAIUKU ROAD,MORLEY ROAD,,Minor Crash,No,2006,0,East,0,0,0,Hill Road,0,,0,,0,Overcast,832800,1,0,0,2,0,0,0,0,0,,0,0,Auckland Region,Nil,2-way,Sealed,0,0,0,0,100,0,None,0,0,,76,Auckland,Nil,0,0,0,0,0,0,Open,0,0,0,Light rain,Null
1746876,5913435,26824,,511100,0,,0,1,,South,2006/2007,GLENDALE ROAD,WEST COAST ROAD,,Non-Injury Crash,No,2006,,South,,0,,Flat,,,,,,Bright sun,286400,0,0,0,2,,,0,,,,,,Auckland Region,Nil,2-way,Sealed,,0,0,,50,,Null,1,0,,76,Auckland,Unknown,,,,,0,0,Urban,0,,,Fine,Null
1776928,5898853,26825,,523813,0,,0,1,,Null,2006/2007,PAPAKURA-CLEVEDON ROAD,PETERSONS ROAD,,Non-Injury Crash,No,2006,,East,,0,,Flat,,,,,,Bright sun,761400,0,0,0,2,,,0,,,,,,Auckland Region,Nil,2-way,Sealed,,0,0,,100,,Off,1,0,,76,Auckland,Nil,,,,,0,0,Open,1,,,Fine,Null
1758318,5919604,26826,30,515902,0,,0,1,,South,2006/2007,LOWER DOMAIN DRIVE,LOVERS LANE,,Non-Injury Crash,No,2006,,North,,0,,Hill Road,,,,,,Bright sun,451400,0,0,0,2,,,0,,,,,,Auckland Region,Nil,2-way,Sealed,,0,0,,50,,Off,0,0,,76,Auckland,Nil,,,,,0,0,Urban,0,,,Fine,Null
1763701,5914412,26827,,520401,0,,0,2,,North,2006/2007,BARRACK ROAD,BERTRAND ROAD,,Non-Injury Crash,No,2006,,North,,0,,Hill Road,,,,,,Dark,643200,0,0,0,2,,,0,,,,,,Auckland Region,Nil,2-way,Sealed,,0,0,,50,,On,0,0,,76,Auckland,Nil,,,,,0,0,Urban,0,,,Fine,Null
1886398,5823181,26828,,536832,0,0,0,1,0,South,2005/2006,SH 2,MANGATAWA LANE,,Minor Crash,Yes,2006,0,South,0,0,0,Flat,0,,0,,0,Dark,1206701,1,0,0,2,0,0,0,0,0,,0,1,Bay of Plenty Region,Nil,2-way,Sealed,0,0,0,0,100,0,On,0,0,,23,Tauranga City,Nil,0,0,0,0,0,0,Open,0,0,0,Light rain,Null
1839285,5803346,26829,,535242,0,0,0,1,0,West,2005/2006,SH 29,POND ROAD,,Serious Crash,Yes,2006,0,East,1,0,0,Flat,0,,0,,0,Bright sun,1116601,2,0,0,2,0,0,0,0,0,,0,0,Waikato Region,Nil,2-way,Sealed,0,0,1,0,100,0,Null,0,0,,15,Matamata-Piako District,Unknown,0,0,0,0,0,0,Open,0,0,0,Fine,Null
1754639,5912510,26830,,519002,0,0,0,0,0,South,2005/2006,DOMINION ROAD,RICHARDSON ROAD,,Minor Crash,No,2006,0,North,0,0,0,Flat,0,,0,,0,Overcast,589400,1,0,0,2,0,0,0,0,0,,0,0,Auckland Region,Nil,2-way,Sealed,0,0,0,0,50,0,Off,1,0,,76,Auckland,Nil,0,0,0,0,0,0,Urban,1,1,0,Fine,Null
1758032,5915009,26831,,519300,0,,0,2,,North,2006/2007,MANUKAU ROAD,BANFF AVENUE,,Non-Injury Crash,No,2006,,North,,0,,Flat,,,,,,Bright sun,623800,0,0,0,2,,,0,,,,,,Auckland Region,Nil,2-way,Sealed,,0,0,,50,,Off,0,0,,76,Auckland,Nil,,,,,0,0,Urban,0,,,Fine,Null
2037073,5708507,26832,,544600,0,0,0,2,0,West,2005/2006,Z CPK BRIX CLUB,DERBY/GLADSTONE,,Non-Injury Crash,No,2006,0,South,0,0,0,Flat,0,,0,,0,Overcast,1372800,0,0,0,1,0,0,0,0,1,,0,0,Gisborne Region,Nil,Off road,Sealed,0,0,0,0,50,0,Null,0,0,,28,Gisborne District,Nil,0,0,0,0,0,0,Urban,0,0,0,Fine,Null
1911511,5663566,26833,,545911,0,1,0,1,0,South,2006/2007,SH 5,TE HAROTO PO,,Minor Crash,Yes,2006,0,South,0,0,0,Hill Road,0,,0,,0,Overcast,1414400,3,0,0,2,0,0,0,0,0,,0,0,Hawke's Bay Region,Nil,2-way,Sealed,0,0,0,0,100,0,Null,0,0,30,30,Hastings District,Nil,0,0,0,0,0,0,Open,0,0,0,Heavy rain,Strong wind
1929648,5604741,26834,,548200,0,,0,1,,Null,2006/2007,LYNDON ROAD WEST,LYNDON ROAD,,Minor Crash,No,2006,,West,,0,,Flat,,,,,,Overcast,1491900,2,0,0,2,,,0,,,,,,Hawke's Bay Region,Nil,2-way,Sealed,,0,0,,50,,Null,0,1,,30,Hastings District,Stop,,,,,0,0,Urban,1,,,Fine,Null
1808628,5819850,26835,,527125,0,,0,1,,Null,2006/2007,SH 1B TELEPHONE,HOLLAND ROAD,,Minor Crash,Yes,2006,,South,,0,,Flat,,,,,,Bright sun,955500,1,0,1,2,,,0,,,,,,Waikato Region,Nil,2-way,Sealed,,0,0,,100,,Null,0,0,,13,Waikato District,Stop,,,,,0,0,Open,0,,,Fine,Null
1782851,5923569,26836,,520801,0,0,0,1,1,Null,2006/2007,TE WHAU DRIVE,VINTAGE LANE,,Non-Injury Crash,No,2006,0,West,0,0,0,Hill Road,0,,0,,0,Dark,515610,0,0,0,2,0,0,0,0,0,,0,0,Auckland Region,Nil,2-way,Sealed,0,0,0,0,80,0,Off,0,0,,76,Auckland,Nil,0,0,0,0,0,0,Open,0,0,0,Fine,Null
1769636,5443462,26837,,567800,0,,0,2,,South,2006/2007,FERGUSSON DRIVE,GOLF ROAD,,Non-Injury Crash,No,2006,,North,,0,,Flat,,,,,,Dark,1896600,0,0,0,2,,,0,,,,,,Wellington Region,Nil,2-way,Sealed,,0,0,,50,,On,0,0,,45,Upper Hutt City,Nil,,,,,0,0,Urban,0,,,Fine,Null
1755410,5944451,26838,,505909,0,,0,2,,North,2005/2006,WHANGAPARAOA ROAD,MATAI ROAD,,Minor Crash,No,2006,,North,,0,,Hill Road,,,,,,Bright sun,174007,1,0,0,2,,,0,,,,,,Auckland Region,Nil,2-way,Sealed,,0,0,,50,,Off,0,0,,76,Auckland,Nil,,,,,0,0,Urban,0,,,Fine,Null
1756991,5918871,26839,,514200,0,,0,1,,North,2006/2007,SYMONDS ST,HOHIPERE ST,,Minor Crash,No,2006,,North,,0,,Flat,,,,,,Bright sun,412302,1,0,0,4,,,0,,,1,,,Auckland Region,Nil,2-way,Sealed,,0,0,,50,,Off,0,0,,76,Auckland,Nil,,,,,0,0,Urban,0,,,Fine,Null
1746986,5919808,26840,55,512300,0,0,0,1,0,Null,2006/2007,SH 16,TE ATATU OFF EBD,,Non-Injury Crash,Yes,2006,0,East,0,0,0,Flat,1,,0,,0,Dark,251700,0,0,0,1,0,0,0,0,0,,0,0,Auckland Region,Nil,1-way,Sealed,0,0,0,0,100,0,On,0,0,,76,Auckland,Nil,0,0,0,0,0,0,Open,0,0,0,Fine,Null
1767717,5908683,26841,,523502,0,,0,1,,Null,2006/2007,JOHNSTONES ROAD,HILLS ROAD,,Non-Injury Crash,No,2006,,East,,0,,Flat,,,,,,Dark,701300,0,0,0,2,,,0,,,,,,Auckland Region,Nil,2-way,Sealed,,0,0,,50,,On,0,0,,76,Auckland,Give way,,,,,0,0,Urban,1,,,Fine,Null
1806961,5514462,26842,,563802,0,0,0,1,0,North,2006/2007,SH 56,TE REWA ROAD,,Minor Crash,Yes,2006,0,North,1,0,0,Flat,0,,0,,0,Overcast,1852600,1,0,0,2,0,0,0,0,0,,0,0,Manawatū-Whanganui Region,Nil,2-way,Sealed,0,0,0,0,100,0,None,0,0,,42,Horowhenua District,Nil,0,0,0,0,0,0,Open,0,0,0,Light rain,Null
1793044,5500583,26843,,564220,0,,0,0,,South,2005/2006,SALISBURY ST,BATH ST,,Non-Injury Crash,No,2006,,South,,0,,Flat,,,,,,Overcast,1869402,0,0,0,2,,,0,,,,,,Manawatū-Whanganui Region,Nil,2-way,Sealed,,0,0,,50,,Null,1,0,,42,Horowhenua District,Nil,,,,,1,0,Urban,0,,,Heavy rain,Null
1461167,5298945,26844,,584930,0,,0,1,,East,2005/2006,SH 7,HERALD ST,,Minor Crash,Yes,2006,,West,,0,,Flat,,,,,,Overcast,2403700,1,0,0,2,,,0,,,,,,West Coast Region,Nil,2-way,Sealed,,0,0,,70,,Null,0,0,,56,Grey District,Unknown,,,,,0,0,Urban,1,,,Fine,Null
1799185,5874616,26845,85,527221,0,0,0,0,0,East,2006/2007,SH 2,MONUMENT ROAD,,Non-Injury Crash,Yes,2006,0,West,0,0,1,Flat,0,,0,,0,Dark,933600,0,0,0,2,0,0,0,0,0,,0,0,Waikato Region,Nil,2-way,Sealed,0,0,0,0,100,0,None,1,0,,13,Waikato District,Nil,0,0,0,0,0,0,Open,0,0,0,Null,Null
1756231,5935821,26846,,507101,0,0,0,2,0,South,2006/2007,OBAN ROAD,ORCHARD ROAD,,Non-Injury Crash,No,2007,0,East,0,0,0,Flat,0,,0,,0,Dark,162100,0,0,0,2,0,0,0,0,1,,0,0,Auckland Region,Nil,2-way,Sealed,0,0,0,0,50,0,On,0,0,,76,Auckland,Nil,0,0,0,0,0,0,Urban,0,0,0,Light rain,Null
1764570,5905946,26847,,524303,0,,0,1,,North,2005/2006,STATION ROAD,HILLCREST ROAD,,Minor Crash,No,2006,,North,,0,,Flat,,,,,,Bright sun,657500,1,0,0,2,,,0,,,1,,,Auckland Region,Nil,2-way,Sealed,,0,0,,50,,Off,0,0,,76,Auckland,Nil,,,,,0,0,Urban,0,,,Fine,Null
1574124,5180485,26848,,593600,0,,0,1,,Null,2006/2007,BUCKLEYS ROAD,CARNARVON ST,,Minor Crash,No,2006,,North,,0,,Flat,,,,,,Bright sun,2613300,1,0,1,4,,,0,,,,,,Canterbury Region,Nil,2-way,Sealed,,0,0,,60,,Null,0,0,,60,Christchurch City,Give way,,,,,0,0,Urban,0,,,Fine,Null
1776004,5446347,26849,,566700,0,0,0,1,1,East,2005/2006,MANGAROA HILL ROAD,HILLSIDE DRIVE,,Non-Injury Crash,No,2006,0,South,0,0,0,Hill Road,0,,0,,0,Overcast,1913100,0,0,0,2,0,0,0,0,0,,0,0,Wellington Region,Nil,2-way,Sealed,0,0,0,0,100,0,Null,0,0,,45,Upper Hutt City,Nil,0,0,0,0,0,0,Open,0,0,0,Light rain,Null
1757575,5920746,26850,,514103,0,,0,1,,West,2006/2007,FORT ST,COMMERCE ST,,Non-Injury Crash,No,2006,,West,,0,,Flat,,,,,,Bright sun,438106,0,0,0,2,,,0,,,,,,Auckland Region,Nil,2-way,Sealed,,0,0,,50,,Off,1,0,,76,Auckland,Nil,,,,,0,0,Urban,0,,,Fine,Null
1763598,5914210,26851,,520401,0,,0,2,,Null,2006/2007,BARRACK ROAD,BOAKES ROAD,,Non-Injury Crash,No,2006,,East,,0,,Flat,,,,,,Overcast,642600,0,0,0,2,,,0,,,,,,Auckland Region,Nil,2-way,Sealed,,0,0,,50,,Off,0,0,,76,Auckland,Give way,,,,,0,0,Urban,0,,,Fine,Null
1936815,5618705,26852,,545632,0,0,0,1,0,South,2006/2007,SH 2,ELLISON ST,,Fatal Crash,Yes,2006,0,South,0,1,0,Flat,0,,0,,0,Dark,1402700,2,0,0,2,0,0,0,0,0,,0,0,Hawke's Bay Region,Nil,2-way,Sealed,0,0,2,0,100,0,None,0,0,,31,Napier City,Nil,0,0,0,1,0,0,Open,0,0,0,Fine,Null
1753125,5930320,26853,,508803,0,0,0,4,0,North,2005/2006,UNSWORTH DRIVE,SANDPIPER GROVE,,Non-Injury Crash,No,2006,0,North,0,0,0,Hill Road,0,,0,,0,Overcast,180854,0,0,0,2,0,0,0,0,3,,0,0,Auckland Region,Nil,2-way,Sealed,0,0,0,0,50,0,Off,0,0,,76,Auckland,Nil,0,0,0,0,0,0,Urban,0,0,0,Light rain,Null
1879195,5823591,26854,,538201,0,0,0,1,0,West,2007/2008,ARUNDEL ST,DEVONPORT ROAD,,Non-Injury Crash,No,2007,0,West,0,0,0,Flat,0,,0,,0,Dark,1165600,0,0,0,2,0,0,0,0,1,,0,0,Bay of Plenty Region,Nil,2-way,Sealed,0,0,0,0,50,0,On,0,0,,23,Tauranga City,Nil,0,0,0,0,0,0,Urban,1,0,0,Light rain,Null
1768082,5900493,26855,,525101,0,,0,2,,Null,2006/2007,WEYMOUTH ROAD,COXHEAD ROAD,,Non-Injury Crash,No,2006,,West,,0,,Flat,,,,,,Bright sun,771200,0,0,0,2,,,0,,,,,,Auckland Region,Nil,2-way,Sealed,,0,0,,50,,Null,0,0,,76,Auckland,Give way,,,,,0,0,Urban,0,,,Fine,Null
1881078,5781783,26856,,538811,0,0,0,0,0,North,2005/2006,SH 36,WAITETI ROAD,,Non-Injury Crash,Yes,2006,0,South,0,0,1,Hill Road,0,,0,,0,Dark,1249901,0,0,0,2,0,0,0,0,0,,0,0,Bay of Plenty Region,Nil,2-way,Sealed,0,0,0,0,100,0,None,0,0,,24,Rotorua District,Unknown,0,0,0,0,0,0,Open,1,0,0,Mist or Fog,Null
1769327,5907459,26857,,523712,0,,0,2,,Null,2006/2007,ORMISTON ROAD,TE IRIRANGI DRIVE,,Non-Injury Crash,No,2006,,West,,0,,Flat,,,,,,Bright sun,712803,0,0,0,2,,,0,,,,,,Auckland Region,Nil,2-way,Sealed,,0,0,,50,,Off,0,0,,76,Auckland,Traffic Signals,,,,,0,0,Urban,0,,,Fine,Null
1705392,6071171,26858,65,501620,0,0,0,1,0,East,2006/2007,SH 1N,BARNES ROAD,,Non-Injury Crash,Yes,2006,0,West,0,0,0,Flat,0,,0,,0,Overcast,46002,0,0,0,2,0,0,0,0,0,,0,0,Northland Region,Nil,2-way,Sealed,0,0,0,0,70,0,Null,0,0,,1,Far North District,Unknown,0,0,0,1,0,0,Urban,0,0,0,Fine,Null
1758046,5920418,26859,,514103,0,,0,1,,West,2005/2006,EDEN CRESCENT,PARLIAMENT ST,,Minor Crash,No,2006,,South,,0,,Hill Road,,,,,,Bright sun,438600,1,0,0,2,,,0,,,1,,,Auckland Region,Nil,2-way,Sealed,,0,0,,50,,Off,0,0,,76,Auckland,Nil,,,,,0,0,Urban,0,,,Fine,Null
1747168,5913625,26860,,511100,0,,0,1,,East,2005/2006,OATES ROAD,GLENDALE ROAD,,Minor Crash,No,2006,,East,,0,,Flat,,,,,,Bright sun,286200,1,0,0,1,,,0,,,,,,Auckland Region,Nil,2-way,Sealed,,0,0,,50,,Off,0,0,,76,Auckland,Nil,,,,,0,0,Urban,1,,,Fine,Null
1242645,4848162,26861,,611220,0,0,0,1,0,East,2005/2006,SH 1S,BALMORAL DRIVE,,Non-Injury Crash,Yes,2006,0,South,0,0,0,Flat,0,Christmas New Year,0,,0,Overcast,3111000,0,0,0,4,0,0,0,0,0,,0,0,Southland Region,Nil,2-way,Sealed,0,0,0,0,70,0,Null,0,0,,75,Invercargill City,Unknown,1,0,0,0,0,0,Urban,0,0,0,Fine,Null
1788576,5855242,26862,,527210,0,,0,0,,Null,2006/2007,SH 1N,GLEN MURRAY ROAD,,Non-Injury Crash,Yes,2006,,North,,0,,Flat,,,,,,Dark,938602,0,0,0,3,,,0,,,,,,Waikato Region,Nil,2-way,Sealed,,0,0,,100,,On,1,0,,13,Waikato District,Stop,,,,,1,0,Open,0,,,Heavy rain,Null
1879099,5820001,26863,,538000,0,,0,1,,North,2006/2007,HAIRINI ST,HAUKORE ST,,Non-Injury Crash,No,2007,,North,,0,,Flat,,Queens Birthday,,,,Overcast,1178700,0,0,0,2,,,0,,,,,,Bay of Plenty Region,Nil,2-way,Sealed,,0,0,,50,,Off,0,0,,23,Tauranga City,Nil,,,,,0,0,Urban,0,,,Fine,Null
1691833,5674725,26864,,551700,0,,0,1,,South,2005/2006,TUKAPA ST,SANDERS AVENUE,,Minor Crash,No,2006,,North,,0,,Flat,,,,,,Overcast,1575200,1,1,0,2,,,0,,,,,,Taranaki Region,Nil,2-way,Sealed,,0,0,,50,,Null,0,0,,33,New Plymouth District,Nil,,,,,0,0,Urban,0,,,Fine,Null
1767446,5904930,26865,,524604,0,,0,2,,East,2006/2007,TE IRIRANGI DRIVE,GREAT SOUTH ROAD,,Non-Injury Crash,No,2006,,West,,0,,Flat,,,,,,Overcast,780302,0,0,0,3,,,0,,,,,,Auckland Region,Nil,2-way,Sealed,,0,0,,50,,Off,0,0,,76,Auckland,Nil,,,,,0,0,Urban,0,,,Fine,Null
1930226,5604367,26866,,548300,1,,0,1,,Null,2006/2007,HERETAUNGA ST EAST,WILLOWPARK ROAD NORTH,,Minor Crash,No,2006,,West,,0,,Flat,,,,,,Bright sun,1501500,1,0,0,2,,,0,,,,,,Hawke's Bay Region,Nil,2-way,Sealed,,0,0,,50,,Null,0,0,,30,Hastings District,Give way,,,,,0,0,Urban,0,,,Fine,Null
1763405,5908482,26867,,524402,0,,0,1,,South,2006/2007,MANGERE ROAD,HOSPITAL ROAD,,Non-Injury Crash,No,2006,,North,,0,,Flat,,,,,,Bright sun,749900,0,0,0,4,,,0,,,,,,Auckland Region,Bridge,2-way,Sealed,,0,0,,50,,Off,0,0,,76,Auckland,Nil,,,,,0,0,Urban,0,,,Fine,Null
1774107,5897331,26868,,525630,0,,0,1,,North,2006/2007,COSGRAVE ROAD,CLEVEDON ROAD,,Minor Crash,No,2006,,North,,0,,Flat,,,,,,Bright sun,795802,1,0,0,2,,,0,,,1,,,Auckland Region,Nil,2-way,Sealed,,0,0,,50,,Off,0,0,,76,Auckland,School Patrol/warden,,,,,0,0,Urban,0,,,Fine,Null