X,Y,OBJECTID,advisorySpeed,areaUnitID,bicycle,bridge,bus,carStationWagon,cliffBank,crashDirectionDescription,crashFinancialYear,crashLocation1,crashLocation2,crashRoadSideRoad,crashSeverity,crashSHDescription,crashYear,debris,directionRoleDescription,ditch,fatalCount,fence,flatHill,guardRail,holiday,houseOrBuilding,intersection,kerb,light,meshblockId,minorInjuryCount,moped,motorcycle,NumberOfLanes,objectThrownOrDropped,otherObject,otherVehicleType,overBank,parkedVehicle,pedestrian,phoneBoxEtc,postOrPole,region,roadCharacter,roadLane,roadSurface,roadworks,schoolBus,seriousInjuryCount,slipOrFlood,speedLimit,strayAnimal,streetLight,suv,taxi,temporarySpeedLimit,tlaId,tlaName,trafficControl,trafficIsland,trafficSign,train,tree,truck,unknownVehicleType,urban,vanOrUtility,vehicle,waterRiver,weatherA,weatherB
1756265,5912326,26869,,518702,0,,0,3,,East,2005/2006,HILLSBOROUGH ROAD,OLSEN AVENUE,,Non-Injury Crash,No,2006,,West,,0,,Flat,,,,,,Bright sun,571400,0,0,0,4,,,0,,,,,,Auckland Region,Nil,2-way,Sealed,,0,0,,50,,Off,0,0,,76,Auckland,Nil,,,,,0,0,Urban,0,,,Fine,Null
1863997,5542656,26870,,549800,0,0,0,0,0,South,2005/2006,WEBER ROAD,COWPER ROAD,,Serious Crash,No,2006,0,North,0,0,0,Hill Road,0,,0,,0,Bright sun,1538700,0,0,0,2,0,0,0,0,0,,0,0,Manawatū-Whanganui Region,Nil,2-way,Sealed,0,0,1,0,100,0,Null,1,0,,41,Tararua District,Nil,0,0,0,1,0,0,Open,0,0,0,Fine,Null
1750795,5667463,26871,,553001,0,,0,2,,North,2005/2006,SH 43,VERA ROAD,,Minor Crash,Yes,2006,,South,,0,,Flat,,Christmas New Year,,,,Overcast,1624002,1,0,0,2,,,0,,,,,,Manawatū-Whanganui Region,Nil,2-way,Sealed,,0,0,,100,,Null,0,0,,34,Stratford District,Nil,,,,,0,0,Open,0,,,Heavy rain,Null
1822807,5530487,26872,,562402,0,,0,1,,Null,2006/2007,GREY ST,MARTIN ST,,Minor Crash,No,2006,,West,,0,,Flat,,,,,,Overcast,1835000,1,0,0,2,,,0,,,,,,Manawatū-Whanganui Region,Nil,2-way,Sealed,,0,0,,50,,Null,0,0,,40,Palmerston North City,Nil,,,,,1,0,Urban,0,,,Fine,Null
1746822,5918596,26873,,512401,0,,0,2,,South,2005/2006,TE ATATU ROAD,WAKELING AVENUE,,Minor Crash,No,2006,,South,,0,,Flat,,Queens Birthday,,,,Overcast,255600,3,0,0,2,,,0,,,,,,Auckland Region,Nil,2-way,Sealed,,0,0,,50,,Null,0,0,,76,Auckland,Unknown,,,,,0,0,Urban,0,,,Fine,Null
1622755,5429929,26874,,583202,0,0,0,2,0,Null,2006/2007,VANGUARD ST,TOI TOI ST,,Non-Injury Crash,No,2006,0,South,0,0,1,Flat,0,,0,,0,Dark,2330500,0,0,0,2,0,0,0,0,1,,0,0,Nelson Region,Nil,2-way,Sealed,0,0,0,0,50,0,On,0,0,,52,Nelson City,Give way,0,0,0,0,0,0,Urban,0,0,0,Fine,Null
1744504,5922538,26875,,513530,0,,0,2,,Null,2007/2008,ROYAL ROAD,ROYAL ON EBD W,,Non-Injury Crash,No,2007,,East,,0,,Flat,,,,,,Bright sun,225802,0,0,0,3,,,0,,,,,,Auckland Region,Motorway ramp,2-way,Sealed,,0,0,,50,,Off,0,0,,76,Auckland,Nil,,,,,0,0,Urban,0,,,Fine,Null
1757642,5920648,26876,,514103,0,0,0,1,1,Null,2006/2007,FIELDS LANE,SHORTLAND ST,,Non-Injury Crash,No,2006,0,East,0,0,0,Flat,0,,0,,0,Dark,437800,0,0,0,2,0,0,0,0,0,,0,0,Auckland Region,Nil,2-way,Sealed,0,0,0,0,50,0,On,0,0,,76,Auckland,Give way,0,0,0,0,0,0,Urban,0,0,0,Fine,Null
1766710,5902703,26877,,524602,0,,0,2,,South,2006/2007,DALGETY DRIVE,KERRS ROAD,,Non-Injury Crash,No,2006,,North,,0,,Flat,,,,,,Dark,780407,0,0,0,2,,,0,,,,,,Auckland Region,Nil,2-way,Sealed,,0,0,,50,,On,0,1,,76,Auckland,Traffic Signals,,,,,0,0,Urban,0,,,Fine,Null
1778457,5574707,26878,,558300,0,0,0,1,0,West,2005/2006,SH 3,MORGANS ROAD,,Non-Injury Crash,Yes,2006,0,West,1,0,0,Hill Road,0,,0,,0,Bright sun,1687500,0,0,0,2,0,0,0,0,0,,0,0,Manawatū-Whanganui Region,Nil,2-way,Sealed,0,0,0,0,100,0,None,0,0,,37,Whanganui District,Nil,0,0,0,0,1,0,Open,0,0,0,Fine,Null
1756537,5912553,26879,,518702,0,,0,1,,Null,2006/2007,HILLSBOROUGH ROAD,CARLTON ST,,Non-Injury Crash,No,2006,,West,,0,,Hill Road,,,,,,Bright sun,570600,0,0,0,2,,,0,,,,,,Auckland Region,Nil,2-way,Sealed,,0,0,,50,,Off,0,0,,76,Auckland,Stop,,,,,1,0,Urban,0,,,Fine,Null
1763337,5906760,26880,,524301,0,0,0,1,0,North,2006/2007,GRAEME AVENUE,HALLBERRY ROAD,,Non-Injury Crash,No,2006,0,South,0,0,1,Flat,0,,0,,0,Dark,747100,0,0,0,2,0,0,0,0,0,,0,0,Auckland Region,Nil,2-way,Sealed,0,0,0,0,50,0,None,0,0,,76,Auckland,Nil,0,0,0,0,0,0,Urban,0,0,0,Fine,Null
1765410,5907186,26881,,522301,0,0,0,0,0,Null,2005/2006,MAXWELL AVENUE,GREAT SOUTH ROAD,,Non-Injury Crash,No,2006,0,North,0,0,1,Flat,0,,0,,0,Overcast,665800,0,0,0,4,0,0,0,0,0,,0,0,Auckland Region,Nil,2-way,Sealed,0,0,0,0,50,0,Off,0,0,,76,Auckland,Nil,0,0,0,1,0,0,Urban,1,0,0,Fine,Frost
1763161,5912841,26882,,520500,0,,0,2,,North,2006/2007,SH 1N,MT WGTN OBR,,Non-Injury Crash,Yes,2006,,North,,0,,Hill Road,,,,,,Bright sun,637300,0,0,0,3,,,0,,,,,,Auckland Region,Nil,1-way,Sealed,,0,0,,100,,Off,0,0,,76,Auckland,Nil,,,,,0,0,Open,0,,,Fine,Null
1745320,5920104,26883,,513301,0,,0,2,,South,2006/2007,LINCOLN ROAD,DAYTONA ROAD,,Minor Crash,No,2007,,North,,0,,Flat,,,,,,Dark,230401,1,0,0,4,,,0,,,,,,Auckland Region,Nil,2-way,Sealed,,0,0,,50,,On,1,0,,76,Auckland,Nil,,,,,0,0,Urban,0,,,Fine,Null
1642714,5295087,26884,,581500,0,,0,0,,South,2006/2007,SH 1S,OMIHI STREAM CULV,,Minor Crash,Yes,2006,,North,,0,,Flat,,Christmas New Year,,,,Dark,2310900,1,0,0,2,,,0,,,,,,Canterbury Region,Nil,2-way,Sealed,,0,0,,80,,None,0,0,,54,Kaikoura District,Nil,,,,,1,0,Open,1,,,Light rain,Null
1757131,5927047,26885,,507900,0,,0,1,,Null,2005/2006,TAHAROTO ROAD,DOMINION ST,,Minor Crash,No,2006,,North,,0,,Flat,,,,,,Overcast,304800,1,0,0,5,,,0,,,,,,Auckland Region,Nil,2-way,Sealed,,0,0,,50,,Off,0,0,,76,Auckland,Traffic Signals,,,,,0,0,Urban,1,,,Light rain,Null
1663622,5414190,26886,,580446,0,,0,0,,North,2006/2007,SH 6,LESLIES ROAD,,Serious Crash,Yes,2006,,South,,0,,Flat,,,,,,Bright sun,2286601,0,0,1,2,,,0,,,,,,Marlborough Region,Nil,2-way,Sealed,,0,1,,100,,Null,1,0,,53,Marlborough District,Nil,,,,,0,0,Open,0,,,Fine,Null
1761217,5431934,26887,,565000,0,0,0,1,0,North,2005/2006,WAINUIOMATA HILL ROAD,PARKWAY,,Non-Injury Crash,No,2006,0,North,0,0,0,Hill Road,1,,0,,0,Dark,2017002,0,0,0,2,0,0,0,0,0,,0,0,Wellington Region,Nil,1-way,Sealed,0,0,0,0,80,0,On,0,0,,46,Lower Hutt City,Nil,0,0,0,0,0,0,Open,0,0,0,Light rain,Null
1757881,5918125,26888,,515700,0,,0,2,,North,2005/2006,SH 1N,GILLIES OBR,,Non-Injury Crash,Yes,2006,,South,,0,,Flat,,,,,,Overcast,443200,0,0,0,3,,,0,,,,,,Auckland Region,Nil,2-way,Sealed,,0,0,,80,,Off,1,0,,76,Auckland,Nil,,,,,0,0,Open,0,,,Light rain,Null
1571844,5182113,26889,,592600,0,,0,0,,Null,2005/2006,HILLS ROAD,EDGEWARE ROAD,,Serious Crash,No,2006,,North,,0,,Flat,,,,,,Twilight,2696400,0,1,0,2,,,0,,,,,,Canterbury Region,Nil,2-way,Sealed,,0,1,,50,,On,1,0,,60,Christchurch City,Stop,,,,,0,0,Urban,0,,,Fine,Null
1860699,5754674,26890,,535262,0,,0,0,,North,2006/2007,SH 1N,SH 30,,Non-Injury Crash,Yes,2006,,South,,0,,Hill Road,,,,,,Overcast,1152900,0,0,0,2,,,0,,,,,,Waikato Region,Nil,2-way,Sealed,,0,0,,100,,Null,0,0,,19,South Waikato District,Unknown,,,,,1,0,Open,0,,,Fine,Null
1758140,5917844,26891,,515700,0,0,0,1,0,Null,2006/2007,GILLIES AVENUE,GILLIES OFF SBD,,Minor Crash,Yes,2006,0,South,0,0,1,Flat,0,,0,,0,Dark,443200,1,0,0,2,0,0,0,0,0,,0,0,Auckland Region,Motorway ramp,2-way,Sealed,0,0,0,0,50,0,On,0,0,,76,Auckland,Traffic Signals,0,0,0,0,0,0,Urban,0,0,0,Fine,Null
1243535,4849433,26892,,611210,1,,0,1,,Null,2005/2006,ELLES ROAD,FORTH ST,,Minor Crash,No,2006,,West,,0,,Flat,,,,,,Overcast,3109500,1,0,0,4,,,0,,,,,,Southland Region,Nil,2-way,Sealed,,0,0,,50,,Null,0,0,,75,Invercargill City,Traffic Signals,,,,,0,0,Urban,0,,,Fine,Null
1745232,5919109,26893,,513302,0,,0,2,,South,2006/2007,LINCOLN ROAD,POMARIA ROAD,,Non-Injury Crash,No,2006,,North,,0,,Flat,,,,,,Dark,230701,0,0,0,4,,,0,,,,,,Auckland Region,Nil,2-way,Sealed,,0,0,,50,,On,0,0,,76,Auckland,Nil,,,,,0,0,Urban,0,,,Fine,Null
1782587,5870333,26894,,527221,0,,0,1,,Null,2005/2006,SH 1N,ORAM ROAD,,Minor Crash,Yes,2006,,South,,0,,Flat,,,,,,Overcast,934700,1,0,0,3,,,0,,,,,,Waikato Region,Nil,1-way,Sealed,,0,0,,100,,None,0,0,30,13,Waikato District,Nil,,,,,1,0,Open,0,,,Fine,Null
1577441,5182579,26895,,593800,0,,0,1,,Null,2005/2006,PAGES ROAD,WAIROA ST,,Non-Injury Crash,No,2006,,West,,0,,Flat,,,,,,Bright sun,2572401,0,0,0,2,,,0,,,,,,Canterbury Region,Nil,2-way,Sealed,,0,0,,50,,Null,0,0,,60,Christchurch City,Nil,,,,,0,0,Urban,1,,,Fine,Null
1806168,5683968,26896,,532501,0,,0,1,,North,2005/2006,SH 4,ONEPU ROAD,,Non-Injury Crash,Yes,2006,,North,,0,,Flat,,,,,,Bright sun,1030800,0,0,0,2,,,0,,,,,,Manawatū-Whanganui Region,Nil,2-way,Sealed,,0,0,,100,,Null,0,0,,36,Ruapehu District,Nil,,,,,0,0,Open,0,,,Fine,Null
1754172,5917341,26897,,517600,0,,0,2,,Null,2006/2007,NEW NORTH ROAD,SAINSBURY ROAD,,Non-Injury Crash,No,2006,,South,,0,,Flat,,,,,,Bright sun,534400,0,0,0,4,,,0,,,,,,Auckland Region,Nil,2-way,Sealed,,0,0,,50,,Off,0,1,,76,Auckland,Stop,,,,,0,0,Urban,0,,,Fine,Null
1404308,4918303,26898,,603910,0,,0,2,,South,2005/2006,TAIERI ROAD,CROMWELL ST,,Minor Crash,No,2006,,North,,0,,Hill Road,,,,,,Bright sun,2884800,1,0,0,2,,,0,,,,,,Otago Region,Nil,2-way,Sealed,,0,0,,50,,Null,0,0,,71,Dunedin City,Unknown,,,,,0,0,Urban,0,,,Fine,Null
1748516,5428632,26899,,572900,0,0,0,1,0,South,2005/2006,SH 1N,TINAKORI OFF NBD,,Non-Injury Crash,Yes,2006,1,North,0,0,0,Flat,0,,0,,0,Overcast,2122000,0,0,0,2,0,0,0,0,0,,0,0,Wellington Region,Nil,2-way,Sealed,0,0,0,0,100,0,Null,0,0,,47,Wellington City,Nil,0,0,0,0,0,0,Open,0,0,0,Fine,Null
1759068,5903826,26900,,524200,0,0,0,1,0,Null,2005/2006,GEORGE BOLT MEMORIAL DRIV,MANU TAPU DRIVE,,Non-Injury Crash,No,2006,0,South,0,0,0,Flat,0,,0,,1,Dark,727200,0,0,0,4,0,0,0,0,0,,0,0,Auckland Region,Nil,2-way,Sealed,0,0,0,0,50,0,On,0,0,,76,Auckland,Give way,1,0,0,1,0,0,Urban,0,0,0,Fine,Null
1709203,6042570,26901,,501810,0,,1,1,,North,2006/2007,SH 14,OTAIKA VALLEY ROAD,,Non-Injury Crash,Yes,2006,,North,,0,,Flat,,,,,,Dark,72102,0,0,0,2,,,0,,,,,,Northland Region,Nil,2-way,Sealed,,0,0,,70,,On,0,0,,2,Whangarei District,Give way,,,,,0,0,Urban,0,,,Fine,Null
1883529.9285,5820362.0177,26902,,536641,0,0,0,1,1,South,2005/2006,WELCOME BAY ROAD,NGAPEKE ROAD,,Non-Injury Crash,No,2006,0,North,0,0,0,Hill Road,0,,0,,0,Overcast,1206305,0,0,0,2,0,0,0,0,0,,0,0,Bay of Plenty Region,Nil,2-way,Sealed,0,0,0,0,100,0,Null,0,0,,22,Western Bay of Plenty District,Unknown,0,0,0,0,0,0,Open,0,0,0,Light rain,Null
1800869,5811921,26903,,529200,1,,0,0,,South,2006/2007,SH 3,COLLINS ROAD,,Non-Injury Crash,Yes,2006,,North,,0,,Flat,,,,,,Overcast,927402,0,0,0,2,,,0,,,,,,Waikato Region,Nil,2-way,Sealed,,0,0,,50,,Off,0,0,,16,Hamilton City,Nil,,,,,0,0,Urban,1,,,Light rain,Null
1756146,5917333,26904,,518201,0,0,0,1,0,East,2006/2007,Z CPK FOODTOWN,DOMINION ROAD,,Non-Injury Crash,No,2006,0,West,0,0,0,Flat,0,,0,,0,Overcast,547800,0,0,0,0,0,0,0,0,1,,0,0,Auckland Region,Nil,Off road,Sealed,0,0,0,0,30,0,Off,1,0,,76,Auckland,Nil,0,0,0,0,0,0,Urban,0,0,0,Fine,Null
1754008,5930144,26905,,508420,0,,0,1,,West,2005/2006,TARGET ROAD,CHEVAL DRIVE,,Non-Injury Crash,No,2006,,East,,0,,Hill Road,,,,,,Bright sun,182026,0,0,0,2,,,0,,,,,,Auckland Region,Nil,2-way,Sealed,,0,0,,50,,Null,0,0,,76,Auckland,Unknown,,,,,0,0,Urban,1,,,Fine,Null
1877345,5820746,26906,,537700,0,0,0,1,0,Null,2005/2006,COURTNEY ROAD,FRASER ST,,Non-Injury Crash,No,2006,0,South,0,0,0,Hill Road,0,,0,,1,Bright sun,1173900,0,0,0,2,0,0,0,0,0,,0,0,Bay of Plenty Region,Nil,2-way,Sealed,0,0,0,0,50,0,Null,0,0,,23,Tauranga City,Give way,0,0,0,0,0,0,Urban,0,0,0,Fine,Null
1242704,4849385,26907,,611210,0,,0,2,,Null,2005/2006,FORTH ST,NITH ST,,Minor Crash,No,2006,,East,,0,,Flat,,,,,,Overcast,3108700,2,0,0,2,,,0,,,,,,Southland Region,Nil,2-way,Sealed,,0,0,,50,,Null,0,0,,75,Invercargill City,Give way,,,,,0,0,Urban,0,,,Fine,Null
1815026,5803651,26908,,527133,0,0,0,1,0,East,2005/2006,SH 1N,PEAKE ROAD,,Minor Crash,Yes,2006,0,East,1,0,1,Flat,0,,0,,0,Overcast,960006,2,0,0,3,0,0,0,0,0,,0,0,Waikato Region,Nil,2-way,Sealed,0,0,0,0,100,0,None,0,0,,17,Waipa District,Nil,0,0,0,0,0,0,Open,0,0,0,Mist or Fog,Null
1819378,5828139,26909,,534500,0,0,0,1,1,East,2005/2006,SH 26,PIAKO ROAD,,Minor Crash,Yes,2006,0,East,0,0,0,Flat,0,,0,,0,Bright sun,1090700,1,0,0,2,0,0,0,0,0,,0,0,Waikato Region,Nil,2-way,Sealed,0,0,0,0,100,0,Null,0,0,,15,Matamata-Piako District,Unknown,0,0,0,0,0,0,Open,0,0,0,Fine,Null
1445493,5044560,26910,,600500,0,0,0,1,0,Null,2006/2007,WILKIN ST,PAUL ST,,Minor Crash,No,2006,0,North,0,0,1,Flat,0,,0,,0,Bright sun,2821200,1,0,0,2,0,0,0,0,0,,0,0,Canterbury Region,Nil,2-way,Sealed,0,0,0,0,50,0,Null,0,0,,66,Waimate District,Give way,0,0,0,0,0,0,Urban,0,0,0,Fine,Null
1761413,5915438,26911,,520201,0,0,0,3,0,North,2005/2006,LADIES MILE,MORRIN ST,,Non-Injury Crash,No,2006,0,North,0,0,0,Flat,0,,0,,0,Bright sun,610000,0,0,0,2,0,0,0,0,1,,0,0,Auckland Region,Nil,2-way,Sealed,0,0,0,0,50,0,Off,0,0,,76,Auckland,Nil,0,0,0,0,0,0,Urban,0,0,0,Fine,Null
1739661,5928604,26912,,505602,0,0,0,1,0,South,2005/2006,SH 16,RIVERHEAD ROAD,,Serious Crash,Yes,2006,0,East,0,0,0,Flat,0,,0,,0,Dark,214104,0,0,0,2,0,0,0,0,0,,0,1,Auckland Region,Nil,2-way,Sealed,0,0,1,0,60,0,On,0,0,,76,Auckland,Nil,0,0,0,0,0,0,Urban,0,0,0,Fine,Null
1747172,5919371,26913,,512402,0,,0,2,,Null,2006/2007,TE ATATU ROAD,COVIL AVENUE,,Non-Injury Crash,No,2006,,North,,0,,Flat,,Christmas New Year,,,,Overcast,254100,0,0,0,2,,,0,,,,,,Auckland Region,Nil,2-way,Sealed,,0,0,,50,,None,1,0,,76,Auckland,Traffic Signals,,,,,0,0,Urban,0,,,Fine,Null
1760853,5913095,26914,,519500,0,,0,1,,Null,2006/2007,MOUNT SMART ROAD,ROCKFIELD ROAD,,Non-Injury Crash,No,2006,,East,,0,,Flat,,,,,,Bright sun,621100,0,0,0,2,,,0,,,,,,Auckland Region,Nil,2-way,Sealed,,0,0,,50,,Off,0,0,,76,Auckland,Stop,,,,,1,0,Urban,0,,,Fine,Null
1565904,5183979,26915,,588700,0,0,0,1,0,North,2005/2006,WAIRAKEI ROAD,KENDAL AVENUE,,Non-Injury Crash,No,2006,0,West,0,0,0,Flat,0,,0,,0,Twilight,2521900,0,0,0,2,0,0,0,0,0,,0,0,Canterbury Region,Nil,2-way,Sealed,0,0,0,0,50,0,On,1,0,,60,Christchurch City,Unknown,1,0,0,0,0,0,Urban,0,0,0,Light rain,Null
1841641,5748923,26916,,541320,0,,0,0,,West,2006/2007,RANGATIRA DRIVE,HUAMAI ST W,,Non-Injury Crash,No,2006,,West,,0,,Flat,,,,,,Overcast,1292000,0,0,0,2,,,0,,,,,,Waikato Region,Nil,2-way,Sealed,,0,0,,100,,Null,1,0,,21,Taupo District,Unknown,,,,,0,0,Open,1,,,Fine,Null
1801451,5813444,26917,,530400,0,0,0,1,0,East,2006/2007,SH 1N NORMANDY,COBHAM DRIVE,,Non-Injury Crash,Yes,2006,0,East,0,0,0,Flat,0,,0,,0,Overcast,922300,0,0,0,4,0,0,0,0,0,,0,1,Waikato Region,Nil,2-way,Sealed,0,0,0,0,80,0,Off,0,0,,16,Hamilton City,Nil,0,0,0,0,0,0,Open,0,0,0,Fine,Null
1798946,5815222,26918,,529000,0,,0,2,,North,2005/2006,SH 1N,MASSEY ST,,Non-Injury Crash,Yes,2006,,South,,0,,Flat,,,,,,Bright sun,917400,0,0,0,2,,,0,,,,,,Waikato Region,Nil,2-way,Sealed,,0,0,,50,,Null,0,0,,16,Hamilton City,Nil,,,,,0,0,Urban,0,,,Fine,Null
1762883,5919722,26919,,516400,0,,0,2,,Null,2005/2006,RUKUTAI ST,AOTEA ST,,Minor Crash,No,2006,,North,,0,,Flat,,,,,,Dark,499804,1,0,0,2,,,0,,,,,,Auckland Region,Nil,2-way,Sealed,,0,0,,50,,On,0,0,,76,Auckland,Nil,,,,,0,0,Urban,0,,,Fine,Null
1879496,5824332,26920,,538201,0,,0,2,,North,2005/2006,DEVONPORT ROAD,ELIZABETH ST,,Minor Crash,No,2006,,North,,0,,Flat,,,,,,Bright sun,1165000,1,0,0,2,,,0,,,,,,Bay of Plenty Region,Nil,2-way,Sealed,,0,0,,50,,Null,0,0,,23,Tauranga City,Unknown,,,,,0,0,Urban,0,,,Fine,Null
1929458,5606659,26921,,547600,0,0,0,1,0,North,2006/2007,ELLIS ST,DENNETT ST,,Non-Injury Crash,No,2006,0,North,0,0,1,Flat,0,,0,,0,Dark,1485000,0,0,0,2,0,0,0,0,0,,0,0,Hawke's Bay Region,Nil,2-way,Sealed,0,0,0,0,50,0,On,0,0,,30,Hastings District,Nil,0,0,0,0,0,0,Urban,0,0,0,Fine,Null
1746052,5918483,26922,,512500,0,0,0,1,0,North,2005/2006,VODANOVICH ROAD,GRIFFITHS PLACE,,Non-Injury Crash,No,2006,0,South,0,0,0,Flat,0,,0,,0,Dark,257001,0,0,0,2,0,0,0,0,0,,0,1,Auckland Region,Nil,2-way,Sealed,0,0,0,0,50,0,On,0,0,,76,Auckland,Nil,0,0,0,0,0,0,Urban,0,0,0,Light rain,Null
1754577,5911451,26923,,519001,0,,0,1,,Null,2005/2006,DOMINION ROAD,HILLSBOROUGH ROAD,,Minor Crash,No,2006,,East,,0,,Flat,,,,,,Overcast,591800,1,0,0,2,,,0,,,1,,,Auckland Region,Nil,2-way,Sealed,,0,0,,50,,Off,0,0,,76,Auckland,Nil,,,,,0,0,Urban,0,,,Fine,Null
1570392,5180641,26924,,591500,0,,0,2,,Null,2005/2006,DURHAM ST,KILMORE ST,,Non-Injury Crash,No,2006,,South,,0,,Flat,,Queens Birthday,,,,Overcast,2653200,0,0,0,2,,,0,,,,,,Canterbury Region,Nil,1-way,Sealed,,0,0,,50,,Null,0,0,,60,Christchurch City,Traffic Signals,,,,,0,0,Urban,0,,,Fine,Null
1762986,5912841,26925,,520500,0,0,0,1,0,East,2006/2007,SOUTH-EASTERN HIGHWAY,GREAT SOUTH ROAD,,Minor Crash,No,2006,0,West,0,0,0,Hill Road,1,,0,,0,Dark,637300,1,0,0,6,0,0,0,0,0,,0,0,Auckland Region,Nil,2-way,Sealed,0,0,0,0,80,0,On,0,0,,76,Auckland,Nil,0,0,0,0,0,0,Open,0,0,0,Fine,Null
1572101,5178292,26926,,594300,0,,0,1,,West,2006/2007,OPAWA ROAD,BROUGHAM ST,,Minor Crash,No,2006,,East,,0,,Flat,,,,,,Bright sun,2583600,1,0,1,2,,,0,,,,,,Canterbury Region,Nil,2-way,Sealed,,0,0,,50,,Null,0,0,,60,Christchurch City,Nil,,,,,0,0,Urban,0,,,Fine,Null
1843863,5812164,26927,,535501,0,0,0,1,0,Null,2006/2007,SH 27,GEORGE ST,,Non-Injury Crash,Yes,2006,0,North,0,0,0,Flat,0,,0,,0,Dark,1121700,0,0,0,2,0,0,0,0,0,,0,1,Waikato Region,Nil,2-way,Sealed,0,0,0,0,70,0,On,0,0,,15,Matamata-Piako District,Give way,0,0,0,0,0,0,Urban,0,0,0,Fine,Null
1807722,5871912,26928,,533901,0,,0,2,,Null,2006/2007,SH 2,SH 25,,Non-Injury Crash,Yes,2006,,East,,0,,Flat,,,,,,Overcast,1069200,0,0,0,2,,,0,,,,,,Waikato Region,Nil,2-way,Sealed,,0,0,,100,,Null,0,0,,12,Hauraki District,Give way,,,,,0,0,Open,0,,,Fine,Null
1413335,4916331,26929,,604902,0,0,0,1,1,East,2005/2006,HIGHCLIFF ROAD,KARETAI ROAD,,Minor Crash,No,2006,0,West,0,0,0,Hill Road,0,,0,,0,Dark,2945400,3,0,0,2,0,0,0,0,0,,0,0,Otago Region,Nil,2-way,Sealed,0,0,0,0,100,0,None,0,0,,71,Dunedin City,Unknown,0,0,0,0,0,0,Open,0,0,0,Light rain,Null
1763760,5908894,26930,,521901,0,,0,2,,Null,2005/2006,MANGERE ROAD,AWA ST,,Non-Injury Crash,No,2006,,South,,0,,Flat,,,,,,Bright sun,785100,0,0,0,2,,,0,,,,,,Auckland Region,Nil,2-way,Sealed,,0,0,,50,,Off,0,0,,76,Auckland,Traffic Signals,,,,,0,0,Urban,0,,,Fine,Null
1758971,5912038,26931,,519820,0,,0,2,,Null,2005/2006,UPPER MUNICIPAL PLACE,PEARCE ST,,Non-Injury Crash,No,2006,,South,,0,,Flat,,Easter,,,,Bright sun,601800,0,0,0,2,,,0,,,,,,Auckland Region,Nil,2-way,Sealed,,0,0,,50,,Off,0,0,,76,Auckland,Stop,,,,,0,0,Urban,0,,,Fine,Null
1745698,5917195,26932,,510800,0,,0,1,,South,2005/2006,Z CPK WEST CITY,GREAT NORTH ROAD,,Serious Crash,No,2006,,North,,0,,Flat,,,,,,Dark,243300,0,0,0,2,,,0,,,1,,,Auckland Region,Nil,Off road,Sealed,,0,1,,20,,On,0,0,,76,Auckland,Nil,,,,,0,0,Urban,0,,,Fine,Null
1826180,5886034,26933,,533502,0,,0,2,,Null,2006/2007,MACKAY ST,GREY ST,,Non-Injury Crash,No,2006,,South,,0,,Flat,,,,,,Bright sun,1055500,0,0,0,2,,,0,,,,,,Waikato Region,Nil,2-way,Sealed,,0,0,,50,,None,0,0,,11,Thames-Coromandel District,Give way,,,,,0,0,Urban,0,,,Fine,Null
1759330,5910208,26934,,524002,0,,0,2,,West,2005/2006,RIMU ROAD,CRAWFORD AVENUE,,Non-Injury Crash,No,2006,,East,,0,,Flat,,,,,,Bright sun,722100,0,0,0,2,,,0,,,,,,Auckland Region,Nil,2-way,Sealed,,0,0,,50,,Off,0,0,,76,Auckland,Nil,,,,,0,0,Urban,0,,,Fine,Null
1761249,5915408,26935,,520201,0,0,0,2,0,East,2006/2007,MORRIN ST,ROBERT ST,,Non-Injury Crash,No,2006,0,West,0,0,0,Flat,0,,0,,0,Dark,612903,0,0,0,2,0,0,0,0,1,,0,0,Auckland Region,Nil,2-way,Sealed,0,0,0,0,50,0,On,0,0,,76,Auckland,Nil,0,0,0,0,0,0,Urban,0,0,0,Fine,Null
1682032,6120398,26936,55,500402,0,,0,1,,North,2006/2007,MATAURI BAY ROAD,TEPENE TABLELANDS ROAD,,Fatal Crash,No,2006,,South,,1,,Hill Road,,,,,,Overcast,20402,2,0,0,2,,,0,,,,,,Northland Region,Nil,2-way,Sealed,,0,0,,100,,None,1,0,,1,Far North District,Nil,,,,,0,0,Open,0,,,Light rain,Null
1756781,5919759,26937,,514102,0,,0,1,,North,2005/2006,PITT ST,VINCENT ST,,Non-Injury Crash,No,2006,,North,,0,,Flat,,,,,,Bright sun,435500,0,0,0,4,,,0,,,1,,,Auckland Region,Nil,2-way,Sealed,,0,0,,50,,Off,0,0,,76,Auckland,Nil,,,,,0,0,Urban,0,,,Fine,Null
1406142,4914633,26938,,604410,0,,0,2,,Null,2006/2007,MCBRIDE ST,BROUGHTON ST,,Minor Crash,No,2006,,East,,0,,Flat,,,,,,Overcast,2931500,2,0,0,2,,,0,,,,,,Otago Region,Nil,2-way,Sealed,,0,0,,50,,Null,0,0,,71,Dunedin City,Give way,,,,,0,0,Urban,0,,,Fine,Null
1768060,5902164,26939,,525001,0,0,0,2,0,South,2005/2006,MAICH ROAD,BROWNS ROAD,,Non-Injury Crash,No,2006,0,South,0,0,0,Flat,0,,0,,0,Bright sun,750700,0,0,0,2,0,0,0,0,1,,0,0,Auckland Region,Nil,2-way,Sealed,0,0,0,0,50,0,Off,0,0,,76,Auckland,Nil,0,0,0,0,0,0,Urban,0,0,0,Fine,Null