X,Y,OBJECTID,advisorySpeed,areaUnitID,bicycle,bridge,bus,carStationWagon,cliffBank,crashDirectionDescription,crashFinancialYear,crashLocation1,crashLocation2,crashRoadSideRoad,crashSeverity,crashSHDescription,crashYear,debris,directionRoleDescription,ditch,fatalCount,fence,flatHill,guardRail,holiday,houseOrBuilding,intersection,kerb,light,meshblockId,minorInjuryCount,moped,motorcycle,NumberOfLanes,objectThrownOrDropped,otherObject,otherVehicleType,overBank,parkedVehicle,pedestrian,phoneBoxEtc,postOrPole,region,roadCharacter,roadLane,roadSurface,roadworks,schoolBus,seriousInjuryCount,slipOrFlood,speedLimit,strayAnimal,streetLight,suv,taxi,temporarySpeedLimit,tlaId,tlaName,trafficControl,trafficIsland,trafficSign,train,tree,truck,unknownVehicleType,urban,vanOrUtility,vehicle,waterRiver,weatherA,weatherB
1761072,5914347,26940,,520202,0,,0,1,,Null,2006/2007,GREAT SOUTH ROAD,GT SOUTH LINK,,Minor Crash,No,2007,,North,,0,,Flat,,,,,,Overcast,612300,1,0,1,4,,,0,,,,,,Auckland Region,Nil,2-way,Sealed,,0,0,,50,,Off,0,0,,76,Auckland,Give way,,,,,0,0,Urban,0,,,Fine,Null
1752431,5918007,26941,,515003,0,0,0,1,0,Null,2006/2007,SH 16,WATERVIEW OFF WBD,,Minor Crash,Yes,2006,0,West,0,0,0,Flat,1,,0,,0,Overcast,390702,1,0,0,3,0,0,0,0,0,,0,0,Auckland Region,Motorway ramp,1-way,Sealed,0,0,0,0,100,0,None,0,0,,76,Auckland,Nil,0,0,0,0,0,0,Open,0,0,0,Fine,Null
1758935,5913204,26942,,519820,1,,0,1,,Null,2006/2007,ONEHUNGA MALL,MOUNT SMART ROAD,,Non-Injury Crash,No,2006,,North,,0,,Flat,,,,,,Bright sun,599100,0,0,0,4,,,0,,,,,,Auckland Region,Nil,2-way,Sealed,,0,0,,50,,Off,0,0,,76,Auckland,Traffic Signals,,,,,0,0,Urban,0,,,Fine,Null
1817964,5827875,26943,,534500,0,0,0,0,0,West,2006/2007,PIAKO ROAD,MATUKU ROAD,,Non-Injury Crash,No,2006,0,East,0,0,0,Flat,0,,0,,0,Bright sun,1090600,0,0,0,2,0,0,0,0,0,,0,1,Waikato Region,Nil,2-way,Sealed,0,0,0,0,100,0,Null,0,0,,15,Matamata-Piako District,Unknown,0,0,0,0,1,0,Open,0,0,0,Fine,Null
1406512,4917605,26944,,603602,0,,0,1,,Null,2005/2006,GEORGE ST,FREDERICK ST,,Serious Crash,No,2006,,North,,0,,Flat,,,,,,Bright sun,2868200,0,0,0,2,,,0,,,1,,,Otago Region,Nil,2-way,Sealed,,0,1,,50,,Null,0,1,,71,Dunedin City,Traffic Signals,,,,,0,0,Urban,0,,,Fine,Null
1753868,5930194,26945,,508420,0,,0,2,,East,2006/2007,TARGET ROAD,SUNSET ROAD,,Non-Injury Crash,No,2006,,West,,0,,Flat,,,,,,Overcast,182026,0,0,0,2,,,0,,,,,,Auckland Region,Nil,2-way,Sealed,,0,0,,50,,Off,0,0,,76,Auckland,Nil,,,,,0,0,Urban,0,,,Fine,Null
1796128,5558284,26946,,559230,0,0,0,1,0,West,2005/2006,SH 3,UNION LINE,,Minor Crash,Yes,2006,0,West,0,0,1,Flat,0,,0,,0,Overcast,1733000,1,0,0,2,0,0,0,0,0,,0,0,Manawatū-Whanganui Region,Nil,2-way,Sealed,0,0,0,0,100,0,Null,0,0,,38,Rangitikei District,Nil,0,0,0,0,0,0,Open,0,0,0,Fine,Null
1695808,6095373,26947,,501200,0,,0,1,,Null,2005/2006,SH 11,OLD WHARF ROAD,,Minor Crash,Yes,2006,,East,,0,,Hill Road,,,,,,Bright sun,50304,1,0,0,2,,,0,,,,,,Northland Region,Nil,2-way,Sealed,,0,0,,100,,Off,0,0,,1,Far North District,Nil,,,,,0,0,Open,1,,,Fine,Null
1756159,5913250,26948,,518701,0,,0,2,,South,2005/2006,CARR ROAD,CLINKER ST,,Non-Injury Crash,No,2006,,South,,0,,Flat,,,,,,Twilight,569800,0,0,0,3,,,0,,,,,,Auckland Region,Nil,2-way,Sealed,,0,0,,50,,Off,0,0,,76,Auckland,Unknown,,,,,0,0,Urban,0,,,Fine,Null
1881188,5773136,26949,,539320,0,0,0,1,1,East,2005/2006,SUNSET ROAD,PUKEHANGI ROAD,,Minor Crash,No,2006,0,West,0,0,0,Flat,0,,0,,0,Dark,1231300,2,0,0,2,0,0,0,0,0,,0,0,Bay of Plenty Region,Nil,2-way,Sealed,0,0,0,0,50,0,On,0,0,,24,Rotorua District,Unknown,0,0,0,1,0,0,Urban,0,0,0,Light rain,Null
1570155,5179713,26950,,591500,0,,0,1,,Null,2005/2006,OXFORD TERRACE,MONTREAL ST,,Non-Injury Crash,No,2006,,East,,0,,Flat,,,,,,Dark,2648300,0,0,0,3,,,0,,,,,,Canterbury Region,Nil,1-way,Sealed,,0,0,,50,,On,1,0,,60,Christchurch City,Traffic Signals,,,,,0,0,Urban,0,,,Light rain,Null
1885823,5825058,26951,,536832,0,0,0,2,0,West,2006/2007,MARANUI ST,SUNBRAE GROVE,,Non-Injury Crash,No,2006,0,West,0,0,0,Flat,0,,0,,0,Dark,1204925,0,0,0,2,0,0,0,0,1,,0,0,Bay of Plenty Region,Nil,2-way,Sealed,0,0,0,0,50,0,On,0,0,,23,Tauranga City,Unknown,0,0,0,0,0,0,Urban,0,0,0,Fine,Null
1877482,5821770,26952,,538101,0,,0,3,,South,2005/2006,CAMERON ROAD,NINETEENTH AVENUE,,Minor Crash,No,2006,,North,,0,,Flat,,,,,,Bright sun,1170400,1,0,0,2,,,0,,,,,,Bay of Plenty Region,Nil,2-way,Sealed,,0,0,,50,,Null,0,0,,23,Tauranga City,Unknown,,,,,0,0,Urban,0,,,Fine,Null
1807898,5879257,26953,,533901,0,,0,2,,South,2006/2007,FRONT MIRANDA ROAD,BACK MIRANDA ROAD,,Minor Crash,No,2006,,South,,0,,Flat,,,,,,Overcast,1068400,3,0,0,2,,,0,,,,,,Waikato Region,Nil,2-way,Sealed,,0,0,,100,,None,0,0,,12,Hauraki District,Nil,,,,,0,0,Open,0,,,Fine,Null
1683444,6103750,26954,,501633,0,,0,2,,North,2006/2007,SH 10,WAIPAPA ROAD,,Non-Injury Crash,Yes,2006,,South,,0,,Hill Road,,,,,,Overcast,44702,0,0,0,2,,,0,,,,,,Northland Region,Nil,2-way,Sealed,,0,0,,70,,Off,0,0,,1,Far North District,Nil,,,,,0,0,Urban,0,,,Fine,Null
1758305,5905845,26955,,524200,0,,0,1,,West,2006/2007,MONTGOMERIE ROAD,RENNIE DRIVE,,Non-Injury Crash,No,2006,,West,,0,,Flat,,,,,,Bright sun,726400,0,0,0,2,,,0,,,,,,Auckland Region,Nil,2-way,Sealed,,0,0,,50,,Off,0,0,,76,Auckland,Nil,,,,,0,0,Urban,1,,,Fine,Null
1568457,5184221,26956,,591800,0,,0,2,,Null,2005/2006,MAIN NORTH ROAD,PROCTOR ST,,Minor Crash,No,2006,,South,,0,,Flat,,,,,,Bright sun,2665000,1,0,0,2,,,0,,,,,,Canterbury Region,Nil,2-way,Sealed,,0,0,,50,,Null,0,0,,60,Christchurch City,Give way,,,,,0,0,Urban,1,,,Fine,Null
1823455,5529900,26957,,562600,0,0,0,3,0,Null,2005/2006,RUAHINE ST,FERGUSON ST,,Serious Crash,No,2006,0,East,0,0,0,Flat,0,,0,,0,Dark,1847000,1,0,0,2,0,0,0,0,0,,0,1,Manawatū-Whanganui Region,Nil,2-way,Sealed,0,0,3,0,50,0,On,0,0,,40,Palmerston North City,Stop,0,0,0,1,0,0,Urban,0,0,0,Light rain,Null
1769315,5907462,26958,,523711,0,,0,2,,Null,2005/2006,TE IRIRANGI DRIVE,ORMISTON ROAD,,Non-Injury Crash,No,2006,,North,,0,,Flat,,,,,,Dark,712801,0,0,0,5,,,0,,,,,,Auckland Region,Nil,2-way,Sealed,,0,0,,50,,None,0,0,,76,Auckland,Traffic Signals,,,,,0,0,Urban,0,,,Fine,Null
1751159,5915887,26959,,514401,0,,0,3,,Null,2006/2007,GREAT NORTH ROAD,VICTOR ST,,Non-Injury Crash,No,2006,,South,,0,,Flat,,Labour Weekend,,,,Overcast,383400,0,0,0,2,,,0,,,,,,Auckland Region,Nil,2-way,Sealed,,0,0,,50,,On,0,0,,76,Auckland,Give way,,,,,0,0,Urban,0,,,Heavy rain,Null
1757120,5918721,26960,,514301,0,,0,1,,Null,2005/2006,KHYBER PASS ROAD,BURLEIGH ST,,Non-Injury Crash,No,2006,,West,,0,,Flat,,,,,,Overcast,441506,0,0,0,4,,,0,,,,,,Auckland Region,Nil,2-way,Sealed,,0,0,,50,,Off,1,0,30,76,Auckland,Stop,,,,,0,0,Urban,0,,,Fine,Null
1797309,5433876,26961,,579803,0,0,0,1,0,South,2005/2006,KAHUTARA ROAD,PAHAUTEA ROAD,,Minor Crash,No,2006,0,East,1,0,1,Flat,0,,0,,0,Dark,2270900,1,0,0,2,0,0,0,0,0,,0,0,Wellington Region,Nil,2-way,Sealed,0,0,0,0,100,0,None,0,0,,50,South Wairarapa District,Nil,0,0,0,0,0,0,Open,0,0,0,Fine,Null
1757978,5914778,26962,,518600,0,,0,1,,East,2005/2006,MANUKAU ROAD,PAH ROAD,,Serious Crash,No,2006,,East,,0,,Flat,,,,,,Dark,566400,0,0,1,2,,,0,,,,,,Auckland Region,Nil,2-way,Sealed,,0,1,,50,,On,0,0,,76,Auckland,Nil,,,,,0,0,Urban,0,,,Fine,Null
1878876,5823532,26963,,538201,0,0,0,1,0,Null,2006/2007,CAMERON ROAD,SIXTH AVENUE,,Non-Injury Crash,No,2006,0,North,0,0,0,Flat,0,,0,,0,Dark,1166000,0,0,0,4,0,0,0,0,0,,0,0,Bay of Plenty Region,Nil,2-way,Sealed,0,0,0,0,50,0,On,0,0,,23,Tauranga City,Give way,1,0,0,1,0,0,Urban,0,0,0,Fine,Null
1732127,5937469,26964,65,506648,0,0,0,1,0,East,2006/2007,OLD NORTH ROAD,INLAND ROAD,,Minor Crash,No,2006,0,East,0,0,0,Flat,0,,0,,0,Bright sun,212200,2,0,0,2,0,0,0,0,0,,0,1,Auckland Region,Nil,2-way,Sealed,0,0,0,0,100,0,None,0,0,,76,Auckland,Nil,0,0,0,0,0,0,Open,0,0,0,Fine,Null
1787737,5446115,26965,,579803,0,0,0,1,0,South,2006/2007,SH 2,RIMUTAKA SUM,,Minor Crash,Yes,2006,0,East,0,0,0,Hill Road,1,,0,,0,Twilight,2272601,1,0,0,2,0,0,0,0,0,,0,0,Wellington Region,Nil,2-way,Sealed,0,0,0,0,100,0,None,0,0,,50,South Wairarapa District,Nil,0,0,0,0,0,0,Open,0,0,0,Heavy rain,Null
1658344,6042983,26966,,504501,0,0,0,0,0,South,2005/2006,SH 12,ARANGA COAST ROAD,,Non-Injury Crash,Yes,2006,0,North,1,0,1,Hill Road,0,,0,,0,Dark,119000,0,0,0,2,0,0,0,1,0,,0,0,Northland Region,Nil,2-way,Sealed,0,0,0,0,100,0,None,1,0,,3,Kaipara District,Nil,0,0,0,0,0,0,Open,0,0,0,Mist or Fog,Null
1758292,5927784,26967,,508010,1,,0,0,,Null,2005/2006,HURSTMERE ROAD,KILLARNEY ST,,Minor Crash,No,2006,,North,,0,,Flat,,,,,,Bright sun,326700,1,0,0,2,,,0,,,,,,Auckland Region,Nil,2-way,Sealed,,0,0,,50,,Off,0,0,,76,Auckland,Give way,,,,,0,0,Urban,1,,,Fine,Null
1244660,4851701,26968,,611001,0,0,0,1,0,East,2005/2006,HERBERT ST,ABBOT ST,,Non-Injury Crash,No,2006,0,West,0,0,1,Flat,0,,0,,0,Dark,3128600,0,0,0,2,0,0,0,0,0,,1,0,Southland Region,Nil,2-way,Sealed,0,0,0,0,50,0,On,0,0,,75,Invercargill City,Unknown,0,0,0,0,0,0,Urban,0,0,0,Fine,Null
1759002,5912446,26969,,519820,0,,1,1,,North,2006/2007,ONEHUNGA MALL,ARTHUR ST,,Non-Injury Crash,No,2006,,North,,0,,Flat,,,,,,Bright sun,600500,0,0,0,2,,,0,,,,,,Auckland Region,Nil,2-way,Sealed,,0,0,,50,,Null,0,0,,76,Auckland,Give way,,,,,0,0,Urban,0,,,Fine,Null
1756244,5927531,26970,,507900,0,,0,3,,East,2006/2007,NORTHCOTE OFF SBD,SH 1N,,Non-Injury Crash,Yes,2006,,South,,0,,Flat,,,,,,Overcast,305202,0,0,0,2,,,0,,,,,,Auckland Region,Motorway ramp,1-way,Sealed,,0,0,,80,,Off,0,0,,76,Auckland,Nil,,,,,0,0,Open,0,,,Light rain,Null
1760644,5916790,26971,,516002,0,,0,2,,Null,2006/2007,REMUERA ROAD,ORAKEI ROAD,,Non-Injury Crash,No,2006,,East,,0,,Flat,,,,,,Twilight,493600,0,0,0,4,,,0,,,,,,Auckland Region,Nil,2-way,Sealed,,0,0,,50,,On,0,0,,76,Auckland,Traffic Signals,,,,,0,0,Urban,0,,,Fine,Null
1790677,5838195,26972,,527402,0,,0,2,,South,2005/2006,SH 1N,SPIERS ROAD,,Minor Crash,Yes,2006,,North,,0,,Flat,,,,,,Bright sun,947200,2,0,0,3,,,0,,,,,,Waikato Region,Nil,2-way,Sealed,,0,0,,100,,Null,0,0,,13,Waikato District,Unknown,,,,,1,0,Open,0,,,Fine,Null
1720063,6049987,26973,,502202,0,,0,2,,South,2005/2006,KIRIPAKA ROAD,PARAMOUNT PARADE,,Non-Injury Crash,No,2006,,South,,0,,Hill Road,,,,,,Bright sun,87000,0,0,0,2,,,0,,,,,,Northland Region,Nil,2-way,Sealed,,0,0,,50,,Off,0,0,,2,Whangarei District,Nil,,,,,0,0,Urban,0,,,Fine,Null
1669005,5400540,26974,,580450,0,0,0,1,0,South,2005/2006,BROOKBY ROAD,DOG POINT ROAD,,Minor Crash,No,2006,0,East,0,0,0,Flat,0,,0,,0,Dark,2288501,1,0,0,2,0,0,0,0,0,,0,1,Marlborough Region,Nil,2-way,Sealed,0,0,0,0,100,0,None,0,0,,53,Marlborough District,Nil,0,0,0,0,0,0,Open,0,0,0,Light rain,Null
1823869,5463430,26975,,578600,0,0,0,1,0,Null,2006/2007,PERRY ST,SH 2,,Non-Injury Crash,Yes,2006,0,East,0,0,0,Flat,0,,0,,0,Bright sun,2244100,0,0,0,2,0,0,0,0,1,,0,0,Wellington Region,Nil,2-way,Sealed,0,0,0,0,50,0,Null,0,0,,48,Masterton District,Nil,0,0,0,0,1,0,Urban,0,0,0,Fine,Null
1883638,5776312,26976,,540200,0,0,0,1,0,Null,2005/2006,FRANK ST,WESTLOCK ROAD,,Minor Crash,No,2006,0,West,1,0,0,Flat,0,,0,,0,Bright sun,1222500,1,0,0,2,0,0,0,0,0,,0,0,Bay of Plenty Region,Nil,2-way,Sealed,0,0,0,0,50,0,Null,0,0,,24,Rotorua District,Nil,0,0,0,0,0,0,Urban,0,0,0,Fine,Null
1758351,5917477,26977,,515700,0,,0,0,,West,2005/2006,ALPERS AVENUE,MANUKAU ROAD,,Serious Crash,No,2006,,West,,0,,Flat,,,,,,Bright sun,443402,0,0,0,3,,,0,,,1,,,Auckland Region,Nil,1-way,Sealed,,0,1,,50,,Off,1,0,,76,Auckland,Nil,,,,,0,0,Urban,0,,,Fine,Null
1768154,5914627,26978,,522810,0,,0,4,,South,2005/2006,GLENMORE ROAD,WHITEACRES DRIVE,,Non-Injury Crash,No,2006,,South,,0,,Hill Road,,,,,,Bright sun,692900,0,0,0,2,,,0,,,,,,Auckland Region,Nil,2-way,Sealed,,0,0,,50,,Off,0,0,,76,Auckland,Nil,,,,,0,0,Urban,0,,,Fine,Null
1755035,5444281,26979,,570900,0,,0,2,,North,2005/2006,CHAMPION ST,MUNGAVIN AVENUE,,Non-Injury Crash,No,2006,,West,,0,,Flat,,,,,,Bright sun,2055700,0,0,0,2,,,0,,,,,,Wellington Region,Nil,2-way,Sealed,,0,0,,50,,Null,0,0,,44,Porirua City,Nil,,,,,0,0,Urban,0,,,Fine,Null
1766044,5900443,26980,,524822,0,,0,2,,South,2005/2006,ROSCOMMON ROAD,BURUNDI AVENUE,,Non-Injury Crash,No,2006,,North,,0,,Flat,,,,,,Dark,774434,0,0,0,2,,,0,,,,,,Auckland Region,Nil,2-way,Sealed,,0,0,,50,,On,0,0,,76,Auckland,Nil,,,,,0,0,Urban,0,,,Fine,Null
1756532,5920278,26981,,514102,0,,0,0,,Null,2005/2006,COOK ST,SAM WRIGLEY ST W,,Serious Crash,No,2006,,East,,0,,Flat,,,,,,Overcast,432700,0,0,1,3,,,0,,,,,,Auckland Region,Nil,1-way,Sealed,,0,1,,50,,Off,0,0,,76,Auckland,Nil,,,,,0,0,Urban,1,,,Heavy rain,Null
1755251,5924720,26982,,509800,0,,0,2,,Null,2006/2007,ONEWA ROAD,WOODSIDE AVENUE,,Minor Crash,No,2006,,East,,0,,Hill Road,,,,,,Overcast,360200,1,0,0,3,,,0,,,,,,Auckland Region,Nil,2-way,Sealed,,0,0,,50,,Off,0,0,,76,Auckland,Nil,,,,,0,0,Urban,0,,,Light rain,Null
1759819,5906070,26983,,524200,0,0,0,1,0,West,2006/2007,MANSTON ROAD,PLUMLEY CRESCENT,,Non-Injury Crash,No,2006,0,West,0,0,0,Flat,0,,0,,0,Dark,727902,0,0,0,2,0,0,0,0,0,,0,1,Auckland Region,Nil,2-way,Sealed,0,0,0,0,50,0,On,0,0,,76,Auckland,Nil,0,0,0,0,0,0,Urban,0,0,0,Fine,Null
1869914,5715333,26984,,541312,0,0,0,1,0,East,2005/2006,CENTENNIAL DRIVE,DELANY DRIVE,,Non-Injury Crash,No,2006,0,North,0,0,1,Flat,0,,0,,0,Dark,1279905,0,0,0,2,0,0,0,0,0,,0,0,Waikato Region,Nil,2-way,Sealed,0,0,0,0,100,0,None,0,0,,21,Taupo District,Unknown,0,0,0,0,0,0,Open,0,0,0,Mist or Fog,Frost
1872819,5823079,26985,,536620,0,,0,2,,Null,2006/2007,SH 2,WAIROA BR,,Minor Crash,Yes,2007,,East,,0,,Flat,,,,,,Bright sun,1189602,1,0,0,2,,,0,,,,,,Bay of Plenty Region,Bridge,2-way,Sealed,,0,0,,100,,Null,1,0,,22,Western Bay of Plenty District,Unknown,,,,,0,0,Open,0,,,Fine,Null
1876353,5823234,26986,,537301,0,0,0,1,0,Null,2006/2007,OTUMOETAI ROAD,WAIHI ROAD,,Non-Injury Crash,No,2006,0,South,0,0,0,Flat,0,,0,,0,Dark,1161304,0,0,0,3,0,0,0,0,0,,0,1,Bay of Plenty Region,Nil,2-way,Sealed,0,0,0,0,50,0,On,0,0,,23,Tauranga City,Give way,0,0,0,0,0,0,Urban,0,0,0,Fine,Null
1286821,4886989,26987,,610230,0,,0,2,,Null,2006/2007,SH 1S,RIVER ST,,Minor Crash,Yes,2006,,East,,0,,Flat,,,,,,Twilight,3064200,1,0,0,2,,,0,,,,,,Southland Region,Nil,2-way,Sealed,,0,0,,50,,Off,0,0,,74,Gore District,Give way,,,,,0,0,Urban,0,,,Light rain,Null
1742686,5915491,26988,,513020,0,,0,1,,East,2006/2007,HENDERSON VALLEY ROAD,CANDIA ROAD,,Non-Injury Crash,No,2006,,West,,0,,Flat,,,,,,Dark,281000,0,0,0,2,,,0,,,,,,Auckland Region,Nil,2-way,Sealed,,0,0,,50,,On,0,0,,76,Auckland,Nil,,,,,0,0,Urban,1,,,Null,Null
1757234,5920501,26989,,514102,0,,0,2,,North,2006/2007,ALBERT ST,VICTORIA ST WEST,,Non-Injury Crash,No,2006,,South,,0,,Flat,,,,,,Bright sun,433401,0,0,0,4,,,0,,,,,,Auckland Region,Nil,2-way,Sealed,,0,0,,50,,Off,0,0,,76,Auckland,Traffic Signals,,,,,0,0,Urban,0,,,Fine,Null
1882030,5775605,26990,,539100,0,0,0,1,0,South,2005/2006,FAIRVIEW ROAD,GORDON ROAD,,Non-Injury Crash,No,2006,0,West,0,0,0,Flat,0,Queens Birthday,0,,1,Bright sun,1219000,0,0,0,2,0,0,0,0,0,,0,0,Bay of Plenty Region,Nil,2-way,Sealed,0,0,0,0,50,0,Null,0,0,,24,Rotorua District,Unknown,0,1,0,0,0,0,Urban,0,0,0,Fine,Null
1699827,5678846,26991,,550901,0,,0,1,,Null,2006/2007,SH 3,MANGATI ROAD,,Minor Crash,Yes,2006,,East,,0,,Flat,,,,,,Bright sun,1561900,2,0,0,3,,,0,,,,,,Taranaki Region,Nil,2-way,Sealed,,0,0,,100,,Null,0,0,,33,New Plymouth District,Stop,,,,,1,0,Open,0,,,Fine,Null
1773974,5914281,26992,20,521502,0,,0,1,,East,2005/2006,SHELLY BEACH PARADE,PAH ROAD,,Serious Crash,No,2006,,East,,0,,Flat,,,,,,Dark,655400,0,0,0,2,,,0,,,1,,,Auckland Region,Nil,2-way,Sealed,,0,1,,50,,On,0,0,,76,Auckland,Nil,,,,,0,0,Urban,0,,,Fine,Null
1771859,5850312,26993,,526701,0,0,0,0,0,South,2006/2007,HIGHWAY 22,MATAKITAKI ROAD,,Minor Crash,No,2006,0,South,0,0,1,Hill Road,0,,0,,0,Overcast,847000,1,0,0,2,0,0,0,0,0,,0,0,Waikato Region,Nil,2-way,Sealed,0,0,0,0,100,0,None,1,0,,13,Waikato District,Nil,0,0,0,1,0,0,Open,0,0,0,Fine,Null
1765714,5733129,26994,,531710,0,0,0,1,1,West,2006/2007,SH 3,PAEKAKA ROAD,,Minor Crash,Yes,2006,0,South,1,0,0,Hill Road,0,,0,,0,Dark,1016102,1,0,0,2,0,0,0,0,0,,0,0,Waikato Region,Nil,2-way,Sealed,0,0,0,0,100,0,None,0,0,,20,Waitomo District,Unknown,0,0,0,0,0,0,Open,0,0,0,Mist or Fog,Frost
1756434,5920966,26995,,514101,0,,0,2,,Null,2006/2007,GAUNT ST,DALDY ST,,Minor Crash,No,2006,,South,,0,,Flat,,,,,,Bright sun,432400,1,0,0,2,,,0,,,,,,Auckland Region,Nil,2-way,Sealed,,0,0,,50,,Off,0,0,,76,Auckland,Stop,,,,,0,0,Urban,0,,,Fine,Null
1719456,6044999,26996,,503600,0,0,0,1,1,Null,2005/2006,KAKA ST,POROWINI AVENUE,,Non-Injury Crash,No,2006,0,East,0,0,0,Flat,0,,0,,1,Dark,104700,0,0,0,2,0,0,0,0,0,,0,0,Northland Region,Nil,2-way,Sealed,0,0,0,0,50,0,On,0,0,,2,Whangarei District,Nil,0,0,0,1,0,0,Urban,0,0,0,Null,Null
1749275,5913792,26997,,511302,0,,0,2,,West,2005/2006,ARAWA ST,TITIRANGI ROAD,,Non-Injury Crash,No,2006,,North,,0,,Flat,,,,,,Bright sun,269600,0,0,0,2,,,0,,,,,,Auckland Region,Nil,2-way,Sealed,,0,0,,50,,Off,0,0,,76,Auckland,Nil,,,,,0,0,Urban,0,,,Fine,Null
1803304,5790883,26998,,531002,0,0,0,1,0,West,2005/2006,ALEXANDRA ST,COLLEGE ST,,Minor Crash,No,2006,0,West,0,0,0,Flat,0,,0,,0,Dark,969601,1,0,0,2,0,0,0,0,0,,0,1,Waikato Region,Nil,2-way,Sealed,0,0,0,0,50,0,On,0,0,,17,Waipa District,Unknown,1,1,0,0,0,0,Urban,0,0,0,Fine,Null
1761225,5916666,26999,,516003,0,,0,2,,Null,2005/2006,REMUERA ROAD,LADIES MILE,,Minor Crash,No,2006,,West,,0,,Flat,,,,,,Dark,495900,3,0,0,4,,,0,,,,,,Auckland Region,Nil,2-way,Sealed,,0,0,,50,,On,0,0,,76,Auckland,Traffic Signals,,,,,0,0,Urban,0,,,Fine,Null
1760773,5919901,27000,,516400,1,0,0,3,0,West,2005/2006,TAMAKI DRIVE,NGAPIPI ROAD,,Minor Crash,No,2006,0,West,0,0,0,Flat,0,,0,,0,Bright sun,496500,1,0,0,4,0,0,0,0,2,,0,0,Auckland Region,Nil,2-way,Sealed,0,0,0,0,50,0,Off,0,0,,76,Auckland,Nil,0,0,0,0,0,0,Urban,0,0,0,Fine,Null
1761077,5437809,27001,,569402,0,,0,2,,Null,2005/2006,SH 2,GROUNSELL CRESCENT,,Non-Injury Crash,Yes,2006,,West,,0,,Flat,,,,,,Overcast,1918804,0,0,0,3,,,0,,,,,,Wellington Region,Nil,1-way,Sealed,,0,0,,100,,Null,0,0,,46,Lower Hutt City,Traffic Signals,,,,,0,0,Open,0,,,Light rain,Null
1809078,5785784,27002,,527937,0,0,0,1,0,East,2006/2007,ARAPUNI ROAD,BROTHERHOOD ROAD,,Non-Injury Crash,No,2006,0,East,0,0,0,Hill Road,0,,0,,0,Dark,989400,0,0,0,2,0,0,0,1,0,,0,0,Waikato Region,Nil,2-way,Sealed,0,0,0,0,100,0,None,0,0,,17,Waipa District,Unknown,0,0,0,0,0,0,Open,0,0,0,Fine,Null
1570903,5180159,27003,,591500,0,,0,1,,East,2005/2006,WORCESTER ST,MANCHESTER ST,,Non-Injury Crash,No,2006,,East,,0,,Flat,,,,,,Bright sun,2652900,0,0,0,2,,,0,,,,,,Canterbury Region,Nil,2-way,Sealed,,0,0,,50,,Null,0,0,,60,Christchurch City,Unknown,,,,,0,0,Urban,1,,,Fine,Null
1623379,6121781,27004,,500100,0,0,0,1,1,Null,2005/2006,SH 1N,SH 10 N,,Non-Injury Crash,Yes,2006,0,West,0,0,0,Flat,0,,0,,0,Bright sun,7202,0,0,0,2,0,0,0,0,0,,0,0,Northland Region,Nil,2-way,Sealed,0,0,0,0,50,0,Off,0,0,,1,Far North District,Give way,1,0,0,0,0,0,Urban,0,0,0,Fine,Null
1748159,5914112,27005,,511700,0,,0,2,,South,2006/2007,GREAT NORTH ROAD,ARCHIBALD ROAD,,Non-Injury Crash,No,2006,,North,,0,,Hill Road,,,,,,Bright sun,270201,0,0,0,4,,,0,,,,,,Auckland Region,Nil,2-way,Sealed,,0,0,,50,,Null,0,0,,76,Auckland,Traffic Signals,,,,,0,0,Urban,0,,,Fine,Null
1769885,5900097,27006,,524902,0,0,0,1,0,North,2005/2006,SH 1N,GT SOUTH OBR,,Non-Injury Crash,Yes,2006,0,North,1,0,1,Hill Road,0,,0,,0,Dark,759200,0,0,0,2,0,0,0,0,0,,0,0,Auckland Region,Nil,1-way,Sealed,0,0,0,0,100,0,On,0,0,,76,Auckland,Nil,0,0,0,1,0,0,Open,0,0,0,Fine,Null
1836240,5819918,27007,,534604,0,0,0,0,0,North,2006/2007,HUTCHINSON ROAD,MORRINSVILLE WALTON ROAD,,Non-Injury Crash,No,2006,0,South,0,0,0,Hill Road,0,,0,,0,Overcast,1099300,0,0,0,2,0,1,0,0,0,,0,0,Waikato Region,Nil,2-way,Sealed,0,0,0,0,100,0,Null,0,0,,15,Matamata-Piako District,Unknown,0,0,0,0,0,0,Open,1,0,0,Fine,Null
1766639,5907631,27008,,523601,0,,0,2,,East,2006/2007,EAST TAMAKI ROAD,NEWBURY ST,,Non-Injury Crash,No,2006,,West,,0,,Flat,,,,,,Bright sun,708500,0,0,0,3,,,0,,,,,,Auckland Region,Nil,1-way,Sealed,,0,0,,50,,Off,0,0,,76,Auckland,Nil,,,,,0,0,Urban,0,,,Fine,Null
1749006,5426284,27009,,573300,0,,0,1,,Null,2005/2006,SH 1N RUGBY,ADELAIDE ROAD,,Minor Crash,Yes,2006,,West,,0,,Flat,,,,,,Bright sun,2145602,1,0,0,4,,,0,,,1,,,Wellington Region,Nil,2-way,Sealed,,0,0,,50,,Null,0,0,,47,Wellington City,Give way,,,,,0,0,Urban,0,,,Fine,Null