X,Y,OBJECTID,advisorySpeed,areaUnitID,bicycle,bridge,bus,carStationWagon,cliffBank,crashDirectionDescription,crashFinancialYear,crashLocation1,crashLocation2,crashRoadSideRoad,crashSeverity,crashSHDescription,crashYear,debris,directionRoleDescription,ditch,fatalCount,fence,flatHill,guardRail,holiday,houseOrBuilding,intersection,kerb,light,meshblockId,minorInjuryCount,moped,motorcycle,NumberOfLanes,objectThrownOrDropped,otherObject,otherVehicleType,overBank,parkedVehicle,pedestrian,phoneBoxEtc,postOrPole,region,roadCharacter,roadLane,roadSurface,roadworks,schoolBus,seriousInjuryCount,slipOrFlood,speedLimit,strayAnimal,streetLight,suv,taxi,temporarySpeedLimit,tlaId,tlaName,trafficControl,trafficIsland,trafficSign,train,tree,truck,unknownVehicleType,urban,vanOrUtility,vehicle,waterRiver,weatherA,weatherB
1872509,5721509,27010,,541335,0,0,0,1,1,South,2006/2007,ARATIATIA ROAD,SH 5,,Minor Crash,No,2006,0,East,0,0,0,Hill Road,0,,0,,0,Bright sun,1277402,2,0,0,2,0,0,0,0,0,,0,0,Waikato Region,Nil,2-way,Sealed,0,0,0,0,100,0,Null,0,0,,21,Taupo District,Unknown,0,0,0,0,0,0,Open,0,0,0,Fine,Null
1754378,5916806,27011,,517701,0,,0,1,,East,2006/2007,MORNINGSIDE DRIVE,ST LUKES ROAD,,Minor Crash,No,2006,,West,,0,,Flat,,,,,,Bright sun,536100,1,0,0,3,,,0,,,,,,Auckland Region,Nil,2-way,Sealed,,0,0,,50,,Off,1,0,,76,Auckland,Nil,,,,,0,0,Urban,0,,,Fine,Null
1755914,5935256,27012,,507101,0,0,0,1,0,East,2005/2006,INVERNESS ROAD,GLEN ROAD,,Non-Injury Crash,No,2006,1,West,0,0,0,Flat,0,,0,,0,Bright sun,161100,0,0,0,2,0,0,0,0,1,,0,0,Auckland Region,Nil,2-way,Sealed,0,0,0,0,50,0,Off,0,0,,76,Auckland,Nil,0,0,0,0,1,0,Urban,1,0,0,Fine,Null
1755123,5930096,27013,,508420,0,0,0,2,0,South,2005/2006,SH 1N,SUNNYNOOK OBR,,Non-Injury Crash,Yes,2006,0,North,0,0,0,Hill Road,1,,0,,0,Overcast,183800,0,0,0,3,0,0,0,0,0,,0,0,Auckland Region,Nil,1-way,Sealed,0,0,0,0,100,0,Off,0,0,,76,Auckland,Nil,0,0,0,0,0,0,Open,0,0,0,Light rain,Null
1936007,5620183,27014,,546901,0,,0,2,,Null,2005/2006,SH 2,ROSE ST,,Non-Injury Crash,Yes,2006,,South,,0,,Flat,,,,,,Bright sun,1431000,0,0,0,2,,,0,,,,,,Hawke's Bay Region,Nil,2-way,Sealed,,0,0,,50,,Null,0,0,,31,Napier City,Give way,,,,,0,0,Urban,0,,,Fine,Null
1708249,5682320,27015,,550700,0,,0,2,,South,2005/2006,SH 3,PRINCESS ST,,Minor Crash,Yes,2006,,South,,0,,Flat,,,,,,Dark,1550800,2,0,0,2,,,0,,,,,,Taranaki Region,Nil,2-way,Sealed,,0,0,,100,,On,0,0,,33,New Plymouth District,Nil,,,,,0,0,Open,0,,,Fine,Null
1681933,6093629,27016,,501633,0,0,0,0,0,South,2006/2007,WAIMATE NORTH ROAD,WIROA ROAD,,Minor Crash,No,2006,0,South,0,0,1,Hill Road,0,,0,,0,Dark,34400,1,0,0,2,0,0,0,0,0,,0,0,Northland Region,Nil,2-way,Unsealed,0,0,0,0,100,0,None,0,0,,1,Far North District,Nil,0,0,0,0,0,0,Open,1,0,0,Light rain,Null
1800526,5815213,27017,,529700,0,,0,2,,Null,2006/2007,WARD ST,TRISTRAM ST,,Non-Injury Crash,No,2006,,East,,0,,Flat,,Labour Weekend,,,,Bright sun,910900,0,0,0,2,,,0,,,,,,Waikato Region,Nil,2-way,Sealed,,0,0,,50,,Null,0,0,,16,Hamilton City,Traffic Signals,,,,,0,0,Urban,0,,,Fine,Null
1884972,5773677,27018,,540410,0,,0,1,,Null,2005/2006,SH 30A,TUTANEKAI ST,,Serious Crash,Yes,2006,,East,,0,,Flat,,,,,,Overcast,1236100,0,0,0,4,,,0,,,1,,,Bay of Plenty Region,Nil,2-way,Sealed,,0,1,,50,,Null,0,0,,24,Rotorua District,Stop,,,,,0,0,Urban,0,,,Fine,Null
1790090,5839414,27019,,527401,1,,0,0,,Null,2006/2007,RIVERVIEW ROAD,PORRITT AVENUE,,Minor Crash,No,2006,,North,,0,,Flat,,,,,,Bright sun,946500,1,0,0,2,,,0,,,,,,Waikato Region,Nil,2-way,Sealed,,0,0,,50,,Null,1,0,,13,Waikato District,Give way,,,,,0,0,Urban,0,,,Fine,Null
1763329,5909543,27020,,521901,0,,0,0,,Null,2006/2007,SALEYARDS ROAD,STATION ROAD,,Serious Crash,No,2006,,North,,0,,Flat,,,,,,Bright sun,783000,0,0,0,4,,,0,,,1,,,Auckland Region,Nil,2-way,Sealed,,0,1,,50,,Off,0,0,,76,Auckland,Traffic Signals,,,,,0,0,Urban,1,,,Fine,Null
1573323,5179533,27021,,593502,0,,0,2,,North,2006/2007,ALDWINS ROAD,NEWCASTLE ST,,Minor Crash,No,2006,,South,,0,,Flat,,,,,,Bright sun,2606003,1,0,0,4,,,0,,,,,,Canterbury Region,Nil,2-way,Sealed,,0,0,,60,,Null,0,0,,60,Christchurch City,Nil,,,,,0,0,Urban,0,,,Fine,Null
1907171,5677156,27022,,545911,0,0,0,0,0,North,2005/2006,SH 5,POHOKURA ROAD,,Minor Crash,Yes,2006,0,East,1,0,0,Hill Road,0,,0,,0,Overcast,1281200,1,0,0,2,0,0,0,1,0,,0,0,Hawke's Bay Region,Nil,2-way,Sealed,0,0,0,0,100,0,Null,1,0,,30,Hastings District,Unknown,0,0,0,0,0,0,Open,0,0,0,Fine,Null
1982876,5669387,27023,,545500,0,,0,0,,Null,2005/2006,LAHORE ST,CLYDE ROAD,,Non-Injury Crash,No,2006,,South,,0,,Flat,,,,,,Overcast,1391500,0,0,0,2,,,0,,,,,,Hawke's Bay Region,Nil,2-way,Sealed,,0,0,,50,,Off,2,0,,29,Wairoa District,Give way,,,,,0,0,Urban,0,,,Fine,Null
1758578,5920389,27024,,514101,0,,0,0,,East,2005/2006,SH 16,NGAOHO PLACE,,Serious Crash,Yes,2006,,North,,0,,Flat,,,,,,Bright sun,438220,0,0,0,4,,,0,,,,,,Auckland Region,Nil,2-way,Sealed,,0,1,,50,,Off,0,0,,76,Auckland,Nil,,,,,1,0,Urban,0,,,Fine,Null
1242920,4850169,27025,,611210,0,0,0,1,0,South,2005/2006,Z CPK LEET ST,LEET ST,,Non-Injury Crash,No,2006,0,North,0,0,0,Flat,0,,0,,0,Overcast,3106600,0,0,0,0,0,0,0,0,0,,0,0,Southland Region,Nil,Off road,Sealed,0,0,0,0,20,0,Null,0,0,,75,Invercargill City,Unknown,0,0,0,0,0,0,Urban,1,1,0,Fine,Null
1802460,5816474,27026,,530000,0,,0,3,,North,2006/2007,PEACHGROVE ROAD,EAST ST,,Non-Injury Crash,No,2006,,South,,0,,Flat,,,,,,Overcast,866100,0,0,0,2,,,0,,,,,,Waikato Region,Nil,2-way,Sealed,,0,0,,50,,Off,0,0,,16,Hamilton City,Nil,,,,,0,0,Urban,0,,,Heavy rain,Null
1746856,5919258,27027,,512402,0,0,0,1,0,Null,2005/2006,GRAINGER ROAD,VERA ROAD,,Non-Injury Crash,No,2006,0,North,0,0,0,Flat,0,,0,,0,Bright sun,254500,0,0,0,2,0,0,0,0,0,,0,1,Auckland Region,Nil,2-way,Sealed,0,0,0,0,50,0,Off,0,0,,76,Auckland,Give way,0,0,0,0,0,0,Urban,0,0,0,Fine,Null
1755350,5933060,27028,,507400,0,0,0,2,0,West,2006/2007,SUNRISE AVENUE,WISTERIA WAY,,Non-Injury Crash,No,2006,0,South,0,0,0,Hill Road,0,,0,,0,Bright sun,153100,0,0,0,2,0,0,0,0,1,,0,0,Auckland Region,Nil,2-way,Sealed,0,0,0,0,50,0,Off,0,0,,76,Auckland,Nil,0,0,0,0,0,0,Urban,0,0,0,Fine,Null
1728565,6004309,27029,,505010,0,,0,2,,West,2006/2007,SH 12,SH 1N,,Minor Crash,Yes,2006,,East,,0,,Hill Road,,,,,,Twilight,132600,1,0,0,2,,,0,,,,,,Northland Region,Nil,2-way,Sealed,,0,0,,100,,None,0,0,,3,Kaipara District,Nil,,,,,0,0,Open,0,,,Fine,Null
1760520,5916211,27030,,516003,0,,0,1,,Null,2006/2007,GREEN LANE EAST,ASCOT AVENUE,,Non-Injury Crash,No,2006,,East,,0,,Flat,,Christmas New Year,,,,Bright sun,494902,0,0,0,5,,,0,,,,,,Auckland Region,Nil,2-way,Sealed,,0,0,,50,,Off,0,0,,76,Auckland,Traffic Signals,,,,,0,0,Urban,1,,,Fine,Null
1752783,5916498,27031,,517901,0,,0,2,,South,2005/2006,NEW NORTH ROAD,MOUNT ALBERT ROAD,,Non-Injury Crash,No,2006,,South,,0,,Flat,,,,,,Dark,524800,0,0,0,4,,,0,,,,,,Auckland Region,Nil,2-way,Sealed,,0,0,,50,,On,0,0,,76,Auckland,Nil,,,,,0,0,Urban,0,,,Fine,Null
1711904,5639273,27032,,553004,0,0,0,1,0,North,2005/2006,SH 3,CHEAL ROAD,,Minor Crash,Yes,2006,0,North,0,0,0,Flat,0,,0,,0,Dark,1619500,1,0,0,1,0,0,0,0,0,,0,1,Taranaki Region,Nil,2-way,Sealed,0,0,0,0,100,0,None,0,0,,34,Stratford District,Nil,0,0,0,0,0,0,Open,0,0,0,Fine,Null
1441470,5006537,27033,,601010,0,,0,1,,North,2006/2007,SH 1S,REGINA LANE,,Minor Crash,Yes,2006,,South,,0,,Flat,,,,,,Bright sun,2844900,1,0,0,2,,,0,,,1,,,Otago Region,Nil,2-way,Sealed,,0,0,,50,,Null,0,0,,68,Waitaki District,Unknown,,,,,0,0,Urban,0,,,Fine,Null
1619720,5427016,27034,,583800,0,,0,1,,Null,2005/2006,KEA ST,NEALE AVENUE,,Serious Crash,No,2006,,North,,0,,Flat,,,,,,Overcast,2338800,0,1,0,2,,,0,,,,,,Nelson Region,Nil,2-way,Sealed,,0,1,,50,,Null,0,0,,52,Nelson City,Nil,,,,,0,0,Urban,0,,,Fine,Null
1655863,5306805,27035,,581400,0,0,0,1,0,West,2005/2006,HAWTHORNE ROAD,SH 1S,,Non-Injury Crash,No,2006,0,West,0,0,0,Flat,0,,0,,0,Twilight,2312801,0,0,0,2,0,0,0,0,1,,0,0,Canterbury Region,Nil,2-way,Sealed,0,0,0,0,50,0,None,0,0,,54,Kaikoura District,Nil,0,0,0,0,0,0,Urban,1,0,0,Fine,Null
1706269,5679535,27036,,551111,0,0,0,0,0,South,2005/2006,WAITARA ROAD,PENNINGTON ROAD,,Non-Injury Crash,No,2006,0,South,1,0,0,Flat,0,,0,,0,Overcast,1565600,0,0,0,2,0,0,0,0,0,,0,0,Taranaki Region,Nil,2-way,Sealed,0,0,0,0,100,0,Null,1,0,,33,New Plymouth District,Nil,0,0,0,0,0,0,Open,0,0,0,Fine,Null
1748912,5428538,27037,,573000,0,0,0,2,0,West,2006/2007,WHITMORE ST,FEATHERSTON ST,,Non-Injury Crash,No,2006,0,North,0,0,0,Flat,0,,0,,0,Overcast,2125000,0,0,0,2,0,0,0,0,1,,0,0,Wellington Region,Nil,1-way,Sealed,0,0,0,0,50,0,Null,0,0,,47,Wellington City,Nil,0,0,0,0,0,0,Urban,0,0,0,Fine,Null
1717479,6035371,27038,,501809,0,0,0,1,1,North,2006/2007,SH 1N,MANGAPAI ROAD,,Minor Crash,Yes,2006,0,North,1,0,0,Hill Road,0,,0,,0,Bright sun,74900,1,0,0,3,0,0,0,0,0,,0,0,Northland Region,Nil,2-way,Sealed,0,0,0,0,100,0,None,0,0,,2,Whangarei District,Nil,0,0,0,0,0,0,Open,0,0,0,Fine,Null
1757200,5918699,27039,,514301,0,,0,1,,Null,2006/2007,KHYBER PASS ROAD,MADEIRA PLACE,,Non-Injury Crash,No,2006,,East,,0,,Flat,,,,,,Bright sun,441900,0,0,0,2,,,0,,,,,,Auckland Region,Nil,2-way,Sealed,,0,0,,50,,Off,1,0,,76,Auckland,Give way,,,,,0,0,Urban,0,,,Fine,Null
1712083,5634727,27040,,553601,0,,0,2,,East,2006/2007,KING EDWARD ST,BEDFORD ST,,Serious Crash,No,2006,,East,,0,,Flat,,,,,,Bright sun,1636304,0,0,0,2,,,0,,,,,,Taranaki Region,Nil,2-way,Sealed,,0,1,,50,,Null,0,0,,35,South Taranaki District,Nil,,,,,0,0,Urban,0,,,Fine,Null
1749197,5426734,27041,,573101,0,,0,2,,Null,2006/2007,SH 1N VIVIAN,CAMBRIDGE TERRACE,,Minor Crash,Yes,2006,,East,,0,,Flat,,,,,,Dark,2136700,2,0,0,3,,,0,,,,,,Wellington Region,Nil,1-way,Sealed,,0,0,,50,,On,0,0,,47,Wellington City,Traffic Signals,,,,,0,0,Urban,0,,,Fine,Null
1710694,5644852,27042,,553101,0,,0,2,,North,2006/2007,SH 3,PROSPERO PLACE,,Non-Injury Crash,Yes,2006,,North,,0,,Flat,,,,,,Bright sun,1613000,0,0,0,2,,,0,,,,,,Taranaki Region,Nil,2-way,Sealed,,0,0,,50,,Null,0,0,,34,Stratford District,Nil,,,,,0,0,Urban,0,,,Fine,Null
1754621,5912486,27043,,519002,0,,0,1,,South,2005/2006,DOMINION ROAD,RICHARDSON ROAD,,Minor Crash,No,2006,,North,,0,,Flat,,,,,,Bright sun,589400,1,0,0,2,,,0,,,,,,Auckland Region,Nil,2-way,Sealed,,0,0,,50,,Off,1,0,,76,Auckland,Nil,,,,,0,0,Urban,0,,,Fine,Null
1935297,5617251,27044,,545631,0,0,0,1,0,Null,2006/2007,RIVERBEND ROAD,THE LOOP,,Minor Crash,No,2006,0,North,0,0,1,Flat,0,,0,,0,Bright sun,1403201,1,0,0,2,0,0,0,0,0,,0,1,Hawke's Bay Region,Nil,2-way,Sealed,0,0,0,0,70,0,Null,0,0,,31,Napier City,Nil,0,0,0,0,0,0,Urban,0,0,0,Fine,Null
1750827,5915593,27045,,514802,0,,0,3,,West,2005/2006,ROSEBANK ROAD,ASH ST,,Minor Crash,No,2006,,West,,0,,Flat,,,,,,Overcast,390200,1,0,0,2,,,0,,,,,,Auckland Region,Nil,2-way,Sealed,,0,0,,50,,Off,0,0,,76,Auckland,Nil,,,,,0,0,Urban,0,,,Fine,Null
1766968,5907895,27046,,523501,0,,0,2,,Null,2006/2007,LOVEGROVE CRESCENT,HAYMAN ST,,Minor Crash,No,2006,,North,,0,,Flat,,,,,,Bright sun,700602,1,0,0,2,,,0,,,,,,Auckland Region,Nil,2-way,Sealed,,0,0,,50,,Off,0,0,,76,Auckland,Nil,,,,,0,0,Urban,0,,,Fine,Null
1591157,5376454,27047,45,581841,0,0,0,1,0,South,2005/2006,KORERE-TOPHOUSE ROAD,TOPHOUSE ROAD,,Minor Crash,No,2006,0,North,0,0,1,Hill Road,0,,0,,0,Bright sun,2375204,1,0,0,2,0,0,0,1,0,,0,0,Tasman Region,Nil,2-way,Sealed,0,0,0,0,100,0,Null,0,0,,51,Tasman District,Nil,0,0,0,0,0,0,Open,0,0,0,Fine,Null
1564756,5184789,27048,,588600,1,,0,1,,Null,2006/2007,WAIRAKEI ROAD,SHEFFIELD CRESCENT E,,Minor Crash,No,2006,,West,,0,,Flat,,,,,,Dark,2524800,1,0,0,2,,,0,,,,,,Canterbury Region,Nil,2-way,Sealed,,0,0,,50,,On,0,0,,60,Christchurch City,Give way,,,,,0,0,Urban,0,,,Fine,Null
1749620,5427316,27049,,573400,0,,0,2,,East,2006/2007,ORIENTAL PARADE,HERD ST,,Non-Injury Crash,No,2006,,East,,0,,Flat,,,,,,Overcast,2138800,0,0,0,2,,,0,,,,,,Wellington Region,Nil,2-way,Sealed,,0,0,,50,,Null,0,0,,47,Wellington City,Nil,,,,,0,0,Urban,0,,,Light rain,Null
1765532,5917053,27050,,517001,0,,0,1,,East,2006/2007,TANIWHA ST,LINE ROAD,,Minor Crash,No,2006,,East,,0,,Flat,,,,,,Bright sun,476200,1,0,0,2,,,0,,,1,,,Auckland Region,Nil,2-way,Sealed,,0,0,,50,,Off,0,0,,76,Auckland,Nil,,,,,0,0,Urban,0,,,Fine,Null
1767116,5901135,27051,,524712,0,,0,2,,Null,2005/2006,SWALLOW DRIVE,SUNLANDS DRIVE,,Non-Injury Crash,No,2006,,East,,0,,Flat,,,,,,Overcast,777402,0,0,0,2,,,0,,,,,,Auckland Region,Nil,2-way,Sealed,,0,0,,50,,Null,1,0,,76,Auckland,Give way,,,,,0,0,Urban,0,,,Light rain,Null
1237568,4847152,27052,,609922,0,0,0,0,0,Null,2006/2007,DUNNS ROAD,RURU AVENUE,,Minor Crash,No,2006,0,North,1,0,0,Flat,0,,0,,0,Overcast,3083202,1,0,0,2,0,0,0,0,0,,0,0,Southland Region,Nil,2-way,Sealed,0,0,0,0,50,0,Null,1,0,,75,Invercargill City,Give way,0,0,0,0,0,0,Urban,0,0,0,Fine,Null
1459626,5081955,27053,,599700,0,0,0,2,0,North,2005/2006,WOODLANDS ROAD,ARCHER ST,,Non-Injury Crash,No,2006,0,South,0,0,0,Hill Road,0,,0,,0,Dark,2798300,0,0,0,2,0,0,0,0,1,,0,0,Canterbury Region,Nil,2-way,Sealed,0,0,0,0,50,0,On,0,0,,64,Timaru District,Unknown,0,0,0,0,0,0,Urban,0,0,0,Fine,Null
1761316,5906833,27054,,524112,0,0,0,1,0,North,2006/2007,SH 20,MASSEY OBR,,Minor Crash,Yes,2006,0,North,0,0,0,Hill Road,1,,0,,0,Overcast,742201,1,0,0,2,0,0,0,0,0,,0,0,Auckland Region,Nil,1-way,Sealed,0,0,0,0,100,0,Null,0,0,,76,Auckland,Nil,0,0,0,0,0,0,Open,0,0,0,Light rain,Null
1883944,5772206,27055,,540520,0,,0,2,,Null,2006/2007,SH 5,DEVON ST WEST,,Non-Injury Crash,Yes,2006,,South,,0,,Flat,,,,,,Overcast,1240400,0,0,0,2,,,0,,,,,,Bay of Plenty Region,Nil,2-way,Sealed,,0,0,,50,,Null,0,0,,24,Rotorua District,Give way,,,,,0,0,Urban,0,,,Light rain,Null
1755685,5924139,27056,,509800,0,0,0,1,1,Null,2006/2007,QUEEN ST,RODNEY ROAD,,Minor Crash,No,2006,0,East,0,0,0,Hill Road,0,,0,,0,Dark,359600,1,0,0,2,0,0,0,0,0,,0,0,Auckland Region,Nil,2-way,Sealed,0,0,0,0,50,0,On,0,0,,76,Auckland,Nil,0,0,0,0,0,0,Urban,0,0,0,Fine,Null
1765694,5917936,27057,,517001,0,0,0,2,0,South,2005/2006,LINE ROAD,WEST TAMAKI ROAD,,Non-Injury Crash,No,2006,0,North,0,0,0,Hill Road,0,,0,,0,Dark,470800,0,0,0,2,0,0,0,0,1,,0,0,Auckland Region,Nil,2-way,Sealed,0,0,0,0,50,0,On,0,0,,76,Auckland,Nil,0,0,0,0,0,0,Urban,0,0,0,Fine,Null
1757230,5920247,27058,,514102,0,0,0,1,0,Null,2006/2007,WELLESLEY ST WEST,ELLIOTT ST,,Non-Injury Crash,No,2006,0,West,0,0,0,Flat,0,,0,,0,Bright sun,434000,0,0,0,2,0,0,0,0,1,,0,0,Auckland Region,Nil,2-way,Sealed,0,0,0,0,50,0,Off,1,0,,76,Auckland,Nil,0,0,0,0,0,0,Urban,0,0,0,Fine,Null
1801416,5813364,27059,,530400,0,,0,3,,South,2006/2007,SH 1N,COBHAM DRIVE,,Minor Crash,Yes,2006,,South,,0,,Flat,,,,,,Bright sun,922300,3,0,0,4,,,0,,,,,,Waikato Region,Nil,2-way,Sealed,,0,0,,60,,Null,0,0,,16,Hamilton City,Unknown,,,,,0,0,Urban,0,,,Fine,Null
1314345,4881616,27060,,607300,0,0,0,2,0,Null,2005/2006,SH 1S,GAWS ROAD,,Minor Crash,Yes,2006,0,West,1,0,0,Flat,0,,0,,0,Bright sun,3002400,1,0,0,2,0,0,0,0,0,,0,0,Otago Region,Nil,2-way,Sealed,0,0,0,0,100,0,Null,0,0,,72,Clutha District,Give way,0,0,0,0,0,0,Open,0,0,0,Fine,Null
1680178,5402818,27061,,581240,1,,0,0,,Null,2006/2007,REDWOOD ST,MULLER ROAD,,Minor Crash,No,2006,,South,,0,,Flat,,,,,,Bright sun,2302900,1,0,0,2,,,0,,,,,,Marlborough Region,Nil,2-way,Sealed,,0,0,,50,,Null,1,0,,53,Marlborough District,Stop,,,,,0,0,Urban,0,,,Fine,Null
1759685,5924899,27062,,508110,0,,0,2,,Null,2006/2007,LAKE ROAD,BAYSWATER AVENUE,,Minor Crash,No,2006,,North,,0,,Flat,,,,,,Dark,317900,1,0,0,4,,,0,,,,,,Auckland Region,Nil,2-way,Sealed,,0,0,,50,,On,0,0,,76,Auckland,Traffic Signals,,,,,0,0,Urban,0,,,Fine,Null
1752480,5918017,27063,,515003,0,,0,3,,East,2005/2006,SH 16,WATERVIEW OFF WBD,,Minor Crash,Yes,2006,,North,,0,,Flat,,,,,,Dark,390702,1,0,0,4,,,0,,,,,,Auckland Region,Nil,1-way,Sealed,,0,0,,100,,On,1,0,,76,Auckland,Nil,,,,,0,0,Open,0,,,Fine,Null
1754545,5915662,27064,,517702,0,0,0,2,0,East,2006/2007,HAVERSTOCK ROAD,DUNCAN AVENUE,,Non-Injury Crash,No,2006,0,West,0,0,0,Flat,0,,0,,0,Overcast,541300,0,0,0,2,0,0,0,0,1,,0,0,Auckland Region,Nil,2-way,Sealed,0,0,0,0,50,0,On,0,0,,76,Auckland,Nil,0,0,0,0,0,0,Urban,0,0,0,Fine,Null
1453337,5298947,27065,,585130,0,,0,1,,Null,2005/2006,MAWHERA QUAY,WAREHOUSE EXIT,,Minor Crash,No,2006,,East,,0,,Flat,,,,,,Dark,2406000,1,0,0,1,,,0,,,,,,West Coast Region,Nil,2-way,Sealed,,0,0,,50,,On,0,0,,56,Grey District,Nil,,,,,0,0,Urban,1,,,Fine,Null
1765939,5916572,27066,,517100,0,0,0,1,0,East,2005/2006,POINT ENGLAND ROAD,HOLLAND AVENUE,,Serious Crash,No,2006,0,East,0,0,0,Hill Road,0,,0,,0,Dark,478100,2,0,0,1,0,0,0,0,1,,0,0,Auckland Region,Nil,2-way,Sealed,0,0,3,0,50,0,On,0,0,,76,Auckland,Nil,0,0,0,0,1,0,Urban,0,0,0,Fine,Null
1751925,5915485,27067,,517901,0,,0,1,,Null,2006/2007,NEW NORTH ROAD,BOLLARD AVENUE,,Minor Crash,No,2006,,West,,0,,Flat,,,,,,Bright sun,523800,2,0,0,4,,,0,,,,,,Auckland Region,Nil,2-way,Sealed,,0,0,,50,,Off,1,0,,76,Auckland,Give way,,,,,0,0,Urban,0,,,Fine,Null
1866822,5825248,27068,,536503,0,,0,1,,South,2005/2006,SH 2,PLUMMERS POINT ROAD,,Non-Injury Crash,Yes,2006,,South,,0,,Flat,,,,,,Bright sun,1187903,0,0,0,2,,,0,,,,,,Bay of Plenty Region,Nil,2-way,Sealed,,0,0,,100,,Null,0,0,,22,Western Bay of Plenty District,Unknown,,,,,1,0,Open,0,,,Fine,Null
1748999,5428462,27069,,573000,0,,0,0,,South,2006/2007,WATERLOO QUAY,WHITMORE ST,,Non-Injury Crash,No,2006,,North,,0,,Flat,,,,,,Twilight,2124300,0,1,0,3,,,0,,,,,,Wellington Region,Nil,2-way,Sealed,,0,0,,50,,Off,1,0,,47,Wellington City,Nil,,,,,0,0,Urban,0,,,Fine,Null
1557317,5177350,27070,,587849,0,,0,3,,West,2006/2007,SH 1S,KIRK ROAD,,Minor Crash,Yes,2006,,East,,0,,Flat,,,,,,Bright sun,2496800,1,0,0,2,,,0,,,,,,Canterbury Region,Nil,2-way,Sealed,,0,0,,100,,Null,0,0,,62,Selwyn District,Unknown,,,,,0,0,Open,0,,,Fine,Null
1805703,5779071,27071,,531304,0,0,0,1,0,South,2005/2006,SH 3,KAWA ROAD,,Minor Crash,Yes,2006,0,South,0,0,0,Hill Road,0,,0,,0,Bright sun,999300,1,0,0,2,0,0,0,0,0,,0,0,Waikato Region,Nil,2-way,Sealed,0,0,0,0,100,0,Null,0,0,,18,Ōtorohanga District,Unknown,0,0,0,1,0,0,Open,0,0,0,Fine,Null
1904825,5808835,27072,,536654,0,,0,1,,Null,2006/2007,SH 2,TAINUI ROAD,,Non-Injury Crash,Yes,2006,,South,,0,,Flat,,,,,,Overcast,1209900,0,0,0,2,,,0,,,,,,Bay of Plenty Region,Nil,2-way,Sealed,,0,0,,100,,None,0,0,,22,Western Bay of Plenty District,Give way,,,,,1,0,Open,0,,,Fine,Null
1493244,5140663,27073,,597730,0,,0,1,,South,2005/2006,TINWALD WESTERFIELD MAYFI,TIMARU TRACK ROAD,,Minor Crash,No,2006,,North,,0,,Flat,,,,,,Dark,2748401,1,0,0,2,,,0,,,,,,Canterbury Region,Nil,2-way,Sealed,,0,0,,100,,None,0,0,,63,Ashburton District,Unknown,,,,,0,0,Open,0,,,Snow,Frost
1802091,5813366,27074,,530300,0,,0,1,,West,2006/2007,SH 1N,GREY ST,,Minor Crash,Yes,2006,,West,,0,,Flat,,,,,,Twilight,881700,1,0,0,2,,,0,,,,,,Waikato Region,Nil,2-way,Sealed,,0,0,,60,,Off,0,0,,16,Hamilton City,Nil,,,,,0,0,Urban,0,,,Fine,Null
1574138,5181085,27075,,593400,0,,0,1,,South,2005/2006,ROWCLIFFE CRESCENT,DUNARNAN ST,,Minor Crash,No,2006,,South,,0,,Flat,,,,,,Overcast,2614100,1,0,0,2,,,0,,,1,,,Canterbury Region,Nil,2-way,Sealed,,0,0,,50,,Null,0,0,,60,Christchurch City,Nil,,,,,0,0,Urban,0,,,Fine,Null
1751291,5433957,27076,,574100,0,0,0,1,0,South,2005/2006,TARAWERA ROAD,DOMINION PARK ST,,Minor Crash,No,2006,0,North,0,0,0,Flat,0,,0,,0,Dark,2084500,2,0,0,2,0,0,0,0,0,,0,0,Wellington Region,Nil,2-way,Sealed,0,0,0,0,50,0,On,0,0,,47,Wellington City,Nil,0,0,0,1,0,0,Urban,0,0,0,Fine,Null
2025573,5687728,27077,35,544002,0,,0,0,,South,2006/2007,SH 2,MARAETAHA ROAD,,Minor Crash,Yes,2006,,South,,0,,Hill Road,,,,,,Overcast,1365800,5,0,0,2,,,0,,,,,,Gisborne Region,Nil,2-way,Sealed,,0,0,,100,,Null,2,0,,28,Gisborne District,Nil,,,,,0,0,Open,0,,,Light rain,Null
1680204,6026843,27078,,504502,0,,0,2,,North,2006/2007,SH 14,TE WHARAU ROAD,,Fatal Crash,Yes,2006,,North,,1,,Flat,,,,,,Bright sun,119800,2,0,0,2,,,0,,,,,,Northland Region,Nil,2-way,Sealed,,0,3,,100,,None,0,0,,3,Kaipara District,Nil,,,,,0,0,Open,0,,,Fine,Null
1765049,5902871,27079,,524604,0,0,0,1,0,North,2006/2007,ROSCOMMON ROAD,WIRI STATION ROAD,,Non-Injury Crash,No,2006,0,North,0,0,0,Flat,0,,0,,1,Overcast,781200,0,0,0,4,0,1,0,0,0,,0,0,Auckland Region,Nil,2-way,Sealed,0,0,0,0,80,0,Null,0,0,,76,Auckland,Traffic Signals,0,0,0,0,0,0,Open,0,0,0,Light rain,Null
1751426,5424454,27080,,577000,0,,0,0,,Null,2006/2007,SH 1N CALABAR,COBHAM DRIVE,,Non-Injury Crash,Yes,2006,,East,,0,,Flat,,Christmas New Year,,,,Dark,2175700,0,0,0,2,,,0,,,,,,Wellington Region,Nil,1-way,Sealed,,0,0,,70,,On,1,0,,47,Wellington City,Give way,,,,,0,0,Urban,1,,,Fine,Strong wind