X,Y,OBJECTID,advisorySpeed,areaUnitID,bicycle,bridge,bus,carStationWagon,cliffBank,crashDirectionDescription,crashFinancialYear,crashLocation1,crashLocation2,crashRoadSideRoad,crashSeverity,crashSHDescription,crashYear,debris,directionRoleDescription,ditch,fatalCount,fence,flatHill,guardRail,holiday,houseOrBuilding,intersection,kerb,light,meshblockId,minorInjuryCount,moped,motorcycle,NumberOfLanes,objectThrownOrDropped,otherObject,otherVehicleType,overBank,parkedVehicle,pedestrian,phoneBoxEtc,postOrPole,region,roadCharacter,roadLane,roadSurface,roadworks,schoolBus,seriousInjuryCount,slipOrFlood,speedLimit,strayAnimal,streetLight,suv,taxi,temporarySpeedLimit,tlaId,tlaName,trafficControl,trafficIsland,trafficSign,train,tree,truck,unknownVehicleType,urban,vanOrUtility,vehicle,waterRiver,weatherA,weatherB
1772013,5575023,27081,,558200,0,,0,1,,West,2006/2007,Z SOUTH GROYNE ROAD,LANDGUARD/AIRPORT,,Minor Crash,No,2006,,North,,0,,Flat,,,,,,Bright sun,1687208,1,0,0,2,,,0,,,,,,Manawatū-Whanganui Region,Nil,Off road,Unsealed,,0,0,,100,,Null,0,0,,37,Whanganui District,Nil,,,,,0,0,Open,0,,,Fine,Null
1758740,5884189,27082,,521152,0,0,0,1,0,West,2006/2007,GLENBROOK ROAD,GLENVALE WAY,,Serious Crash,No,2006,0,North,1,0,0,Flat,0,,0,,1,Twilight,812500,0,0,0,2,0,0,0,0,0,,0,0,Auckland Region,Nil,2-way,Sealed,0,0,1,0,100,0,None,0,0,,76,Auckland,Nil,0,0,0,0,0,0,Open,0,0,0,Light rain,Null
1883891,5775027,27083,,540200,1,,0,1,,West,2006/2007,LAKE ROAD,KARAKA ST,,Non-Injury Crash,No,2006,,East,,0,,Flat,,,,,,Bright sun,1223900,0,0,0,2,,,0,,,,,,Bay of Plenty Region,Nil,2-way,Sealed,,0,0,,50,,Off,0,0,,24,Rotorua District,Nil,,,,,0,0,Urban,0,,,Fine,Null
1840516,5518402,27084,,578000,1,,0,0,,South,2005/2006,CREWE ST,TUI ST,,Minor Crash,No,2006,,North,,0,,Flat,,,,,,Bright sun,2217100,1,0,0,2,,,0,,,,,,Manawatū-Whanganui Region,Nil,2-way,Sealed,,0,0,,50,,Null,1,0,,41,Tararua District,Nil,,,,,0,0,Urban,0,,,Fine,Null
1887165,5772704,27085,,538732,0,,0,2,,Null,2006/2007,SH 30,TARAWERA ROAD,,Non-Injury Crash,Yes,2006,,South,,0,,Flat,,,,,,Dark,1255600,0,0,0,2,,,0,,,,,,Bay of Plenty Region,Nil,2-way,Sealed,,0,0,,50,,On,0,0,,24,Rotorua District,Give way,,,,,0,0,Urban,0,,,Light rain,Null
1571755,5180286,27086,,591700,0,,0,1,,Null,2005/2006,FITZGERALD AVENUE,GLOUCESTER ST,,Minor Crash,No,2006,,East,,0,,Flat,,,,,,Bright sun,2657500,2,0,0,5,,,0,,,,,,Canterbury Region,Nil,2-way,Sealed,,0,0,,50,,Null,0,0,,60,Christchurch City,Traffic Signals,,,,,0,0,Urban,1,,,Fine,Null
1883608,5773781,27087,,539700,0,,0,1,,North,2006/2007,SH 5,UTA ST,,Non-Injury Crash,Yes,2006,,North,,0,,Flat,,,,,,Overcast,1226500,0,0,0,4,,,0,,,,,,Bay of Plenty Region,Nil,2-way,Sealed,,0,0,,50,,Off,0,0,,24,Rotorua District,Nil,,,,,0,0,Urban,1,,,Fine,Null
1799663,5819539,27088,,529401,0,,0,2,,Null,2006/2007,RIVER ROAD,QUEENWOOD AVENUE,,Non-Injury Crash,No,2006,,South,,0,,Flat,,,,,,Bright sun,879000,0,0,0,2,,,0,,,,,,Waikato Region,Nil,2-way,Sealed,,0,0,,50,,Null,0,0,,16,Hamilton City,Give way,,,,,0,0,Urban,0,,,Fine,Null
1800993,5790047,27089,,527924,0,,0,1,,West,2005/2006,FRONTIER ROAD,REWI ST,,Non-Injury Crash,No,2006,,East,,0,,Flat,,,,,,Overcast,982700,0,0,0,2,,,0,,,,,,Waikato Region,Nil,2-way,Sealed,,0,0,,70,,Null,0,0,,17,Waipa District,Unknown,,,,,0,0,Urban,1,,,Heavy rain,Null
1769615,5908511,27090,,523115,0,,0,2,,Null,2006/2007,TE IRIRANGI DRIVE,ACCENT DRIVE,,Serious Crash,No,2006,,West,,0,,Flat,,,,,,Bright sun,711912,0,0,0,4,,,0,,,,,,Auckland Region,Nil,2-way,Sealed,,0,1,,50,,Null,0,0,,76,Auckland,Traffic Signals,,,,,0,0,Urban,0,,,Fine,Null
1747182,5916606,27091,,512500,0,0,0,2,0,East,2006/2007,CRYSTAL AVENUE,TIRIMOANA ROAD,,Minor Crash,No,2006,0,North,0,0,0,Flat,0,,0,,0,Overcast,259900,1,0,0,2,0,0,0,0,1,,0,0,Auckland Region,Nil,2-way,Sealed,0,0,0,0,50,0,Null,0,0,,76,Auckland,Unknown,0,0,0,0,0,0,Urban,0,0,0,Fine,Null
1770669,5898615,27092,,523920,0,,0,3,,Null,2005/2006,GREAT SOUTH ROAD,WALTER STREVENS DRIVE,,Minor Crash,No,2006,,East,,0,,Flat,,,,,,Bright sun,768001,1,0,0,3,,,0,,,,,,Auckland Region,Nil,2-way,Sealed,,0,0,,50,,Off,0,0,,76,Auckland,Traffic Signals,,,,,0,0,Urban,0,,,Fine,Null
1753346,5439999,27093,,572500,0,0,0,3,0,South,2005/2006,TAYLOR TERRACE,DUNCAN ST,,Minor Crash,No,2006,0,South,0,0,0,Flat,0,,0,,0,Overcast,1986400,1,0,0,2,0,0,0,0,1,,0,0,Wellington Region,Nil,2-way,Sealed,0,0,0,0,50,0,Null,0,0,,47,Wellington City,Nil,0,0,0,0,0,0,Urban,0,0,0,Heavy rain,Strong wind
1753867,5915075,27094,,518801,0,,0,1,,Null,2005/2006,ODONNELL AVENUE,BEAGLE AVENUE,,Minor Crash,No,2006,,West,,0,,Flat,,,,,,Bright sun,575400,1,0,0,2,,,0,,,1,,,Auckland Region,Nil,2-way,Sealed,,0,0,,50,,Off,0,0,,76,Auckland,Give way,,,,,0,0,Urban,0,,,Fine,Null
1770012,5915681,27095,,522711,0,0,0,1,0,Null,2006/2007,GILLS ROAD,BUCKLANDS BEACH ROAD,,Non-Injury Crash,No,2006,0,West,0,0,0,Flat,0,,0,,1,Bright sun,679311,0,0,0,2,0,0,0,0,0,,1,1,Auckland Region,Nil,2-way,Sealed,0,0,0,0,50,0,Off,0,0,,76,Auckland,Give way,0,0,0,0,0,0,Urban,0,0,0,Light rain,Null
1879447,5824477,27096,,538201,0,0,0,2,0,West,2005/2006,SPRING ST,WILLOW ST,,Non-Injury Crash,No,2006,0,West,0,0,0,Flat,0,,0,,0,Bright sun,1164200,0,0,0,2,0,0,0,0,1,,0,0,Bay of Plenty Region,Nil,2-way,Sealed,0,0,0,0,50,0,Null,0,0,,23,Tauranga City,Nil,0,0,0,0,0,0,Urban,0,0,0,Fine,Null
1407439,4917195,27097,,602800,0,0,0,2,0,West,2005/2006,WICKLIFFE ST,JUTLAND ST,,Non-Injury Crash,No,2006,0,East,0,0,0,Flat,0,,0,,0,Overcast,2894500,0,0,0,2,0,0,0,0,1,,0,0,Otago Region,Nil,2-way,Sealed,0,0,0,0,50,0,Null,0,0,,71,Dunedin City,Unknown,0,0,0,0,0,0,Urban,0,0,0,Fine,Null
1934568,5599067,27098,,548833,0,0,0,1,0,South,2006/2007,TE MATA PEAK ROAD,GREENWOOD ROAD,,Minor Crash,No,2006,0,South,0,0,0,Hill Road,0,,0,,0,Dark,1467003,2,0,0,2,0,0,0,0,0,,0,0,Hawke's Bay Region,Nil,2-way,Sealed,0,0,0,0,100,0,None,0,0,,30,Hastings District,Nil,0,1,0,0,0,0,Open,0,0,0,Fine,Null
1622503,5429568,27099,,583202,0,,0,2,,South,2006/2007,VANGUARD ST,FRANKLYN ST,,Minor Crash,No,2006,,South,,0,,Flat,,,,,,Bright sun,2329900,1,0,0,2,,,0,,,,,,Nelson Region,Nil,2-way,Sealed,,0,0,,50,,Null,0,0,,52,Nelson City,Nil,,,,,0,0,Urban,0,,,Fine,Null
1756609,5920747,27100,,514102,0,,0,1,,South,2006/2007,HALSEY ST,FANSHAWE ST,,Non-Injury Crash,No,2006,,North,,0,,Flat,,,,,,Bright sun,432500,0,0,0,2,,,0,,,,,,Auckland Region,Nil,2-way,Sealed,,0,0,,50,,Off,1,0,,76,Auckland,Stop,,,,,0,0,Urban,0,,,Fine,Null
1801125,5814501,27101,,529700,0,,0,2,,Null,2005/2006,TRISTRAM ST,BRIDGE ST,,Non-Injury Crash,No,2006,,South,,0,,Flat,,,,,,Bright sun,912500,0,0,0,2,,,0,,,,,,Waikato Region,Nil,2-way,Sealed,,0,0,,50,,Null,0,0,,16,Hamilton City,Give way,,,,,0,0,Urban,0,,,Fine,Null
1885170,5773885,27102,,540410,0,,0,2,,West,2005/2006,HINEMOA ST,FENTON ST,,Non-Injury Crash,No,2006,,East,,0,,Flat,,,,,,Bright sun,1234300,0,0,0,2,,,0,,,,,,Bay of Plenty Region,Nil,2-way,Sealed,,0,0,,50,,Null,0,0,,24,Rotorua District,Nil,,,,,0,0,Urban,0,,,Fine,Null
1747707,5914519,27103,,511100,0,,0,1,,South,2006/2007,GREAT NORTH ROAD,SABULITE ROAD,,Non-Injury Crash,No,2006,,East,,0,,Hill Road,,,,,,Bright sun,285100,0,0,0,4,,,0,,,,,,Auckland Region,Nil,2-way,Sealed,,0,0,,50,,Off,1,0,,76,Auckland,Nil,,,,,0,0,Urban,0,,,Fine,Null
1677818,6021118,27104,,504600,0,,0,1,,Null,2005/2006,LOGAN ST,SH 12 S,,Minor Crash,Yes,2006,,East,,0,,Flat,,Easter,,,,Bright sun,116900,4,0,0,2,,,0,,,,,,Northland Region,Nil,2-way,Sealed,,0,0,,50,,Off,1,0,,3,Kaipara District,Stop,,,,,0,0,Urban,0,,,Fine,Null
1763451,5907537,27105,,524301,0,,0,2,,Null,2005/2006,GRAY AVENUE,ROSELLA ROAD,,Non-Injury Crash,No,2006,,East,,0,,Flat,,,,,,Overcast,748000,0,0,0,2,,,0,,,,,,Auckland Region,Nil,2-way,Sealed,,0,0,,50,,Off,0,0,,76,Auckland,Give way,,,,,0,0,Urban,0,,,Fine,Null
1756931,5920596,27106,,514102,0,0,0,2,0,North,2006/2007,NELSON ST,VICTORIA ST WEST,,Non-Injury Crash,No,2006,0,North,0,0,0,Flat,0,,0,,0,Overcast,432604,0,0,0,4,0,0,0,0,1,,0,0,Auckland Region,Nil,1-way,Sealed,0,0,0,0,50,0,Off,0,0,,76,Auckland,Traffic Signals,0,0,0,0,0,0,Urban,0,0,0,Fine,Null
1704332,6094788,27107,,501620,0,0,0,1,0,North,2006/2007,RUSSELL ROAD,AUCKS ROAD,,Non-Injury Crash,No,2006,0,North,0,0,0,Flat,0,,0,,0,Dark,48404,0,0,0,2,0,0,0,0,0,,0,1,Northland Region,Nil,2-way,Sealed,0,0,0,0,100,0,None,0,0,,1,Far North District,Unknown,0,0,0,0,0,0,Open,0,0,0,Light rain,Null
1717287,6038274,27108,,502005,0,0,0,0,0,North,2006/2007,SH 1N,MAUNGAKARAMEA ROAD,,Minor Crash,Yes,2006,0,North,1,0,0,Flat,0,,0,,0,Overcast,74601,1,0,0,2,0,0,0,0,0,,0,0,Northland Region,Nil,2-way,Sealed,0,0,0,0,100,0,Null,1,0,,2,Whangarei District,Unknown,0,0,0,0,1,0,Open,0,0,0,Fine,Null
1753781,5936736,27109,,508703,0,,0,1,,Null,2006/2007,GLENVAR ROAD,EAST COAST ROAD,,Non-Injury Crash,No,2006,,South,,0,,Flat,,,,,,Dark,179213,0,0,0,2,,,0,,,,,,Auckland Region,Nil,2-way,Sealed,,0,0,,50,,On,0,0,,76,Auckland,Give way,,,,,0,0,Urban,0,,,Light rain,Null
1842819,5679410,27110,,541000,0,0,0,1,0,South,2006/2007,SH 1N,SH 41,,Minor Crash,Yes,2006,0,South,0,0,0,Flat,0,,0,,0,Overcast,1283300,2,0,0,2,0,0,0,0,0,,0,0,Waikato Region,Nil,2-way,Sealed,0,0,0,0,100,0,None,0,0,,21,Taupo District,Nil,0,0,0,1,0,0,Open,0,0,0,Fine,Null
1821348,5530149,27111,,562310,0,,0,2,,Null,2005/2006,SH 3,FEATHERSTON ST,,Non-Injury Crash,Yes,2006,,North,,0,,Flat,,,,,,Bright sun,1824200,0,0,0,4,,,0,,,,,,Manawatū-Whanganui Region,Nil,2-way,Sealed,,0,0,,50,,Null,0,0,,40,Palmerston North City,Traffic Signals,,,,,0,0,Urban,0,,,Fine,Null
1780205,5926987,27112,,520801,0,0,0,1,1,East,2006/2007,OCEAN VIEW ROAD,GOODWIN AVENUE,,Fatal Crash,No,2006,0,East,0,1,0,Hill Road,0,,0,,0,Dark,516405,1,0,0,2,0,0,0,0,0,,0,0,Auckland Region,Nil,2-way,Sealed,0,0,0,0,50,0,On,0,0,,76,Auckland,Nil,0,0,0,0,0,0,Urban,0,0,0,Fine,Null
1748209,5919180,27113,,514801,0,,0,4,,East,2005/2006,SH 16,TE ATATU OFF WBD,,Serious Crash,Yes,2006,,West,,0,,Flat,,,,,,Bright sun,389300,2,0,0,3,,,0,,,,,,Auckland Region,Nil,1-way,Sealed,,0,1,,100,,None,0,0,,76,Auckland,Nil,,,,,0,0,Open,0,,,Fine,Null
1750266,5424487,27114,,576903,0,,0,2,,Null,2006/2007,EVANS BAY PARADE,KILBIRNIE CRESCENT,,Non-Injury Crash,No,2006,,West,,0,,Flat,,Christmas New Year,,,,Bright sun,2177900,0,0,0,3,,,0,,,,,,Wellington Region,Nil,2-way,Sealed,,0,0,,50,,Null,0,0,,47,Wellington City,Traffic Signals,,,,,0,0,Urban,0,,,Fine,Null
1814929,5451220,27115,,579502,0,1,0,1,0,West,2005/2006,KOKOTAU ROAD,WOODLANDS ROAD,,Minor Crash,No,2006,0,East,0,0,0,Flat,0,Queens Birthday,0,,0,Dark,2263200,1,0,0,2,0,0,0,0,0,,0,0,Wellington Region,Bridge,2-way,Sealed,0,0,0,0,100,0,None,0,0,,49,Carterton District,Nil,0,0,0,0,0,0,Open,0,0,0,Fine,Null
1850099,5916259,27116,,533200,0,0,0,0,0,North,2005/2006,LINK ROAD,HOT WATER BEACH ROAD,,Minor Crash,No,2006,0,South,1,0,0,Hill Road,0,,0,,0,Dark,1047904,1,0,0,2,0,0,0,0,0,,0,0,Waikato Region,Nil,2-way,Sealed,0,0,0,0,100,0,None,0,0,,11,Thames-Coromandel District,Unknown,0,0,0,0,0,0,Open,1,0,0,Fine,Null
1760449,5433493,27117,,568800,0,0,0,1,0,Null,2005/2006,BELL ROAD,PARKSIDE ROAD,,Minor Crash,No,2006,0,East,0,0,1,Flat,0,,0,,0,Dark,1980700,1,0,0,2,0,0,0,0,0,,0,0,Wellington Region,Nil,2-way,Sealed,0,0,0,0,50,0,On,0,0,,46,Lower Hutt City,Give way,0,0,0,0,0,0,Urban,0,0,0,Fine,Null
1768862,5472169,27118,,565901,1,,0,1,,North,2005/2006,THE DRIVE,THE AVENUE,,Minor Crash,No,2006,,South,,0,,Flat,,,,,,Overcast,2001105,1,0,0,2,,,0,,,,,,Wellington Region,Nil,2-way,Sealed,,0,0,,50,,Null,0,0,,43,Kapiti Coast District,Nil,,,,,0,0,Urban,0,,,Light rain,Null
1306327,5000744,27119,,608302,0,,0,1,,South,2005/2006,SH 8,SH 8B,,Minor Crash,Yes,2006,,South,,0,,Flat,,,,,,Overcast,3021201,3,0,1,2,,,0,,,,,,Otago Region,Nil,2-way,Sealed,,0,0,,100,,Null,0,0,,69,Central Otago District,Nil,,,,,0,0,Open,0,,,Fine,Null
1812507,5783545,27120,,527934,0,0,0,0,0,West,2006/2007,ARAPUNI ROAD,MONCKTON ROAD,,Non-Injury Crash,No,2006,0,East,1,0,0,Flat,0,Labour Weekend,0,,0,Overcast,989700,0,0,0,2,0,0,0,0,0,,0,0,Waikato Region,Nil,2-way,Sealed,0,0,0,0,100,0,Null,0,0,,17,Waipa District,Unknown,0,0,0,0,0,0,Open,1,0,0,Fine,Null
1770191,5901248,27121,,523816,0,,0,1,,Null,2006/2007,MAGIC WAY,VILLINO PLACE,,Minor Crash,No,2006,,North,,0,,Flat,,,,,,Bright sun,759740,1,0,0,2,,,0,,,,,,Auckland Region,Nil,2-way,Sealed,,0,0,,50,,Off,1,0,,76,Auckland,Give way,,,,,0,0,Urban,0,,,Fine,Null
1801261,5813097,27122,,530400,0,,0,1,,North,2005/2006,SH 1N,SH 1N LORNE,,Non-Injury Crash,Yes,2006,,South,,0,,Flat,,,,,,Overcast,922300,0,0,0,6,,,0,,,,,,Waikato Region,Nil,2-way,Sealed,,0,0,,50,,Null,0,0,,16,Hamilton City,Traffic Signals,,,,,0,0,Urban,1,,,Mist or Fog,Null
1934624,5619252,27123,,546500,0,,0,2,,Null,2005/2006,WYCLIFFE ST,MORRIS SPENCE AVENUE,,Minor Crash,No,2006,,South,,0,,Flat,,,,,,Dark,1443100,1,0,0,2,,,0,,,,,,Hawke's Bay Region,Nil,2-way,Sealed,,0,0,,50,,On,0,0,,31,Napier City,Stop,,,,,0,0,Urban,0,,,Fine,Null
1765574,5911471,27124,,520500,0,0,0,1,0,South,2006/2007,PANAMA ROAD,KEALY ROAD,,Serious Crash,No,2006,0,South,0,0,1,Flat,0,Christmas New Year,0,,0,Dark,635400,1,0,0,2,0,0,0,0,0,,0,0,Auckland Region,Nil,2-way,Sealed,0,0,4,0,50,0,On,0,0,,76,Auckland,Nil,0,0,0,1,0,0,Urban,0,0,0,Fine,Null
1761966,5913931,27125,,520202,0,,0,1,,South,2006/2007,SH 1N,PENROSE ON SBD,,Minor Crash,Yes,2006,,South,,0,,Flat,,,,,,Overcast,612800,2,0,0,3,,,0,,,,,,Auckland Region,Nil,1-way,Sealed,,0,0,,100,,Off,0,0,,76,Auckland,Nil,,,,,1,0,Open,0,,,Fine,Null
1879232,5820149,27126,,538000,0,,0,0,,South,2005/2006,SH 2A,SH 29,,Non-Injury Crash,Yes,2006,,South,,0,,Flat,,,,,,Bright sun,1178700,0,0,0,4,,,0,,,,,,Bay of Plenty Region,Nil,2-way,Sealed,,0,0,,100,,Null,1,0,,23,Tauranga City,Unknown,,,,,0,0,Open,1,,,Fine,Null
1745242,5919189,27127,,513301,0,,0,2,,Null,2005/2006,LINCOLN ROAD,TE PAI PLACE,,Serious Crash,No,2006,,West,,0,,Flat,,Easter,,,,Bright sun,230601,2,0,0,4,,,0,,,,,,Auckland Region,Nil,2-way,Sealed,,0,3,,50,,Off,0,0,,76,Auckland,Traffic Signals,,,,,0,0,Urban,0,,,Fine,Null
1693543,5676381,27128,,551800,0,,0,3,,Null,2005/2006,SH 45,STATE LANE,,Non-Injury Crash,Yes,2006,,East,,0,,Flat,,,,,,Bright sun,1594000,0,0,0,2,,,0,,,,,,Taranaki Region,Nil,1-way,Sealed,,0,0,,50,,Null,0,1,,33,New Plymouth District,Nil,,,,,0,0,Urban,0,,,Fine,Null
1770978,5914591,27129,,521602,0,,0,3,,South,2006/2007,BOTANY ROAD,PAKURANGA ROAD,,Non-Injury Crash,No,2006,,North,,0,,Flat,,,,,,Bright sun,647702,0,0,0,2,,,0,,,,,,Auckland Region,Nil,2-way,Sealed,,0,0,,50,,Off,0,0,,76,Auckland,Nil,,,,,0,0,Urban,0,,,Fine,Null
1770115,5914669,27130,,522712,0,,0,2,,Null,2006/2007,PAKURANGA ROAD,HUTCHINSON ROAD,,Non-Injury Crash,No,2006,,East,,0,,Flat,,,,,,Twilight,644800,0,0,0,5,,,0,,,,,,Auckland Region,Nil,2-way,Sealed,,0,0,,60,,On,0,0,,76,Auckland,Give way,,,,,0,0,Urban,0,,,Fine,Null
1683390,6100525,27131,,501615,0,1,0,1,0,North,2006/2007,SH 10,WAIMATE NORTH ROAD,,Minor Crash,Yes,2006,0,South,0,0,0,Flat,0,,0,,0,Dark,34102,1,0,0,2,0,0,0,0,0,,0,0,Northland Region,Nil,2-way,Sealed,0,0,0,0,100,0,None,0,0,,1,Far North District,Nil,0,0,0,0,0,0,Open,0,0,0,Fine,Null
1792101,5718835,27132,55,532700,0,0,0,0,0,South,2006/2007,SH 4,TAPUIWAHINE ROAD,,Non-Injury Crash,Yes,2006,0,South,0,0,0,Flat,0,,0,,0,Bright sun,1041800,0,0,0,2,0,0,0,0,0,,0,0,Manawatū-Whanganui Region,Nil,2-way,Sealed,0,0,0,0,100,0,Null,0,0,,36,Ruapehu District,Nil,0,1,0,0,1,0,Open,0,0,0,Fine,Null
1823058,5530624,27133,,562500,0,,0,2,,Null,2005/2006,RUAHINE ST,GREY ST,,Minor Crash,No,2006,,North,,0,,Flat,,,,,,Overcast,1842600,1,0,0,2,,,0,,,,,,Manawatū-Whanganui Region,Nil,2-way,Sealed,,0,0,,50,,Null,0,0,,40,Palmerston North City,Stop,,,,,0,0,Urban,0,,,Fine,Null
1800694,5813315,27134,,529100,0,,0,1,,Null,2005/2006,OHAUPO ROAD,SANDLEIGH ROAD,,Non-Injury Crash,No,2006,,North,,0,,Flat,,,,,,Overcast,930102,0,0,0,2,,,0,,,,,,Waikato Region,Nil,2-way,Sealed,,0,0,,50,,Null,0,0,,16,Hamilton City,Nil,,,,,0,0,Urban,1,,,Light rain,Null
1763928,5907660,27135,,521902,0,,0,2,,North,2006/2007,Z CPK MIDDLEMORE,MIDDLEMORE CRESCENT,,Non-Injury Crash,No,2006,,East,,0,,Flat,,,,,,Bright sun,786500,0,0,0,0,,,0,,,,,,Auckland Region,Nil,Off road,Sealed,,0,0,,20,,Off,0,0,,76,Auckland,Nil,,,,,0,0,Urban,0,,,Fine,Null
1643765,6064829,27136,,500802,0,,0,1,,South,2006/2007,SH 12,TAITA ROAD,,Serious Crash,Yes,2006,,West,,0,,Flat,,,,,,Bright sun,27300,1,0,0,2,,,0,,,,,,Northland Region,Nil,2-way,Sealed,,0,1,,100,,Off,1,0,,1,Far North District,Nil,,,,,0,0,Open,0,,,Fine,Null
1689603,6084175,27137,,501634,0,0,0,1,0,South,2005/2006,SH 1N,MARSHALL ROAD S,,Minor Crash,Yes,2006,0,North,1,0,0,Flat,0,,0,,0,Dark,36203,1,0,0,2,0,0,0,0,0,,0,0,Northland Region,Nil,2-way,Sealed,0,0,0,0,100,0,None,0,0,,1,Far North District,Nil,0,0,0,0,0,0,Open,0,0,0,Fine,Null
1752817,5434953,27138,,573901,0,,0,0,,West,2006/2007,STEWART DRIVE,BRACKEN ROAD,,Minor Crash,No,2006,,West,,0,,Hill Road,,,,,,Bright sun,2073400,1,0,0,2,,,0,,,1,,,Wellington Region,Nil,2-way,Sealed,,0,0,,50,,Null,1,0,,47,Wellington City,Nil,,,,,0,0,Urban,0,,,Fine,Null
1751630,5913142,27139,,514600,0,,0,2,,Null,2006/2007,BLOCKHOUSE BAY ROAD,PUKETEA ST,,Non-Injury Crash,No,2006,,North,,0,,Hill Road,,,,,,Dark,372900,0,0,0,2,,,0,,,,,,Auckland Region,Nil,2-way,Sealed,,0,0,,50,,On,0,0,,76,Auckland,Nil,,,,,0,0,Urban,0,,,Fine,Null
1785901,5748396,27140,,531731,0,0,0,0,0,South,2005/2006,SH 3,MARAETAUA ROAD,,Serious Crash,Yes,2006,0,North,0,0,1,Hill Road,0,,0,,0,Overcast,1011000,0,0,0,3,0,0,0,0,0,,0,0,Waikato Region,Nil,2-way,Sealed,0,0,1,0,100,0,None,0,0,,20,Waitomo District,Nil,0,0,0,0,1,0,Open,0,0,0,Light rain,Null
1635426,6110696,27141,,500202,0,0,0,1,0,North,2006/2007,SH 1N,TE RORE ROAD,,Minor Crash,Yes,2006,0,South,0,0,1,Flat,0,Christmas New Year,0,,0,Overcast,6700,1,0,0,2,0,0,0,0,0,,0,0,Northland Region,Nil,2-way,Sealed,0,0,0,0,100,0,None,0,0,,1,Far North District,Nil,0,0,0,1,0,0,Open,0,0,0,Fine,Null
1773629,5895946,27142,,525510,0,,0,2,,Null,2006/2007,SETTLEMENT ROAD,SMITHS AVENUE,,Minor Crash,No,2006,,East,,0,,Flat,,,,,,Dark,801101,1,0,0,2,,,0,,,,,,Auckland Region,Nil,2-way,Sealed,,0,0,,50,,On,0,0,,76,Auckland,Stop,,,,,0,0,Urban,0,,,Fine,Null
1696491,5638760,27143,,553004,0,,0,1,,West,2005/2006,OPUNAKE ROAD,MANAIA ROAD,,Minor Crash,No,2006,,West,,0,,Flat,,,,,,Overcast,1616700,1,0,0,2,,,0,,,,,,Taranaki Region,Nil,2-way,Sealed,,0,0,,100,,Null,1,0,,34,Stratford District,Nil,,,,,0,0,Open,0,,,Light rain,Null
1818435,5544114,27144,,560720,0,,0,2,,Null,2005/2006,SH 54,CHURCH ST,,Non-Injury Crash,Yes,2006,,South,,0,,Flat,,,,,,Overcast,1766000,0,0,0,4,,,0,,,,,,Manawatū-Whanganui Region,Nil,2-way,Sealed,,0,0,,50,,Null,0,0,,39,Manawatu District,Give way,,,,,0,0,Urban,0,,,Fine,Null
1772202,5911861,27145,55,523102,0,,0,1,,East,2005/2006,WHITFORD ROAD,SOMERVILLE ROAD,,Minor Crash,No,2006,,North,,0,,Hill Road,,,,,,Dark,718003,1,0,0,2,,,0,,,,,,Auckland Region,Nil,2-way,Sealed,,0,0,,100,,None,1,0,,76,Auckland,Nil,,,,,0,0,Open,0,,,Fine,Null
1756822,5918835,27146,,514200,0,,0,1,,Null,2006/2007,NEWTON ROAD,EXMOUTH ST,,Non-Injury Crash,No,2006,,East,,0,,Hill Road,,,,,,Overcast,412401,0,0,0,4,,,0,,,,,,Auckland Region,Nil,2-way,Sealed,,0,0,,50,,Off,1,0,,76,Auckland,Nil,,,,,0,0,Urban,0,,,Light rain,Null
1781399,5878483,27147,,521135,0,0,0,0,0,West,2005/2006,SH 2,MCPHERSON ROAD,,Minor Crash,Yes,2006,0,South,0,0,0,Hill Road,1,,0,,0,Bright sun,841900,1,0,0,3,0,0,0,0,0,,0,0,Waikato Region,Nil,2-way,Sealed,0,0,0,0,100,0,None,0,0,,13,Waikato District,Nil,0,0,0,0,1,0,Open,0,0,0,Fine,Null
1757073,5446101,27148,,571600,0,,0,2,,Null,2006/2007,WARSPITE AVENUE,DESERT GOLD ST,,Minor Crash,No,2006,,East,,0,,Hill Road,,,,,,Overcast,2057901,1,0,0,2,,,0,,,,,,Wellington Region,Nil,2-way,Sealed,,0,0,,50,,Null,0,0,,44,Porirua City,Give way,,,,,0,0,Urban,0,,,Fine,Null
1763177,5912836,27149,,520500,0,,0,3,,North,2006/2007,SH 1N,MT WGTN ON NBD,,Minor Crash,Yes,2006,,North,,0,,Flat,,,,,,Bright sun,637300,1,0,0,3,,,0,,,,,,Auckland Region,Nil,2-way,Sealed,,0,0,,100,,Null,0,0,,76,Auckland,Unknown,,,,,0,0,Open,0,,,Fine,Null
1759039,5436318,27150,,569201,0,0,0,2,0,South,2006/2007,PHARAZYN ST,MARSDEN ST,,Non-Injury Crash,No,2006,0,North,0,0,0,Flat,0,,0,,0,Dark,1925500,0,0,0,2,0,0,0,0,1,,0,0,Wellington Region,Nil,2-way,Sealed,0,0,0,0,50,0,Off,0,0,,46,Lower Hutt City,Nil,0,0,0,0,0,0,Urban,0,0,0,Fine,Null
1806102,5779983,27151,,531304,0,,0,2,,Null,2005/2006,SH 3,KAWA ROAD,,Minor Crash,Yes,2006,,South,,0,,Flat,,,,,,Overcast,999000,1,0,0,2,,,0,,,,,,Waikato Region,Nil,2-way,Sealed,,0,0,,100,,Null,0,0,,18,Ōtorohanga District,Stop,,,,,0,0,Open,0,,,Light rain,Null