X,Y,OBJECTID,advisorySpeed,areaUnitID,bicycle,bridge,bus,carStationWagon,cliffBank,crashDirectionDescription,crashFinancialYear,crashLocation1,crashLocation2,crashRoadSideRoad,crashSeverity,crashSHDescription,crashYear,debris,directionRoleDescription,ditch,fatalCount,fence,flatHill,guardRail,holiday,houseOrBuilding,intersection,kerb,light,meshblockId,minorInjuryCount,moped,motorcycle,NumberOfLanes,objectThrownOrDropped,otherObject,otherVehicleType,overBank,parkedVehicle,pedestrian,phoneBoxEtc,postOrPole,region,roadCharacter,roadLane,roadSurface,roadworks,schoolBus,seriousInjuryCount,slipOrFlood,speedLimit,strayAnimal,streetLight,suv,taxi,temporarySpeedLimit,tlaId,tlaName,trafficControl,trafficIsland,trafficSign,train,tree,truck,unknownVehicleType,urban,vanOrUtility,vehicle,waterRiver,weatherA,weatherB
1746124,5917006,27152,,510800,0,,0,2,,Null,2006/2007,GREAT NORTH ROAD,MCLEOD ROAD,,Non-Injury Crash,No,2006,,East,,0,,Hill Road,,,,,,Bright sun,243400,0,0,0,4,,,0,,,,,,Auckland Region,Nil,2-way,Sealed,,0,0,,50,,Off,0,0,,76,Auckland,Give way,,,,,0,0,Urban,0,,,Fine,Null
1756281,5924325,27153,,509702,0,0,0,1,0,North,2005/2006,SH 1N,SEART OFF SBD,,Minor Crash,Yes,2006,0,South,0,0,0,Flat,1,,0,,0,Overcast,366700,1,0,0,4,0,0,0,0,0,,0,0,Auckland Region,Nil,1-way,Sealed,0,0,0,0,100,0,Off,0,0,,76,Auckland,Nil,0,0,0,0,0,0,Open,0,0,0,Fine,Null
1757296,5920222,27154,,514102,0,,0,0,,West,2006/2007,WELLESLEY ST WEST,QUEEN ST,,Non-Injury Crash,No,2006,,West,,0,,Flat,,,,,,Dark,434000,0,0,1,5,,,0,,,,,,Auckland Region,Nil,2-way,Sealed,,0,0,,50,,On,0,0,,76,Auckland,Traffic Signals,,,,,0,0,Urban,0,,,Light rain,Null
1764125,5911368,27155,,520500,0,,0,2,,South,2006/2007,MOUNT WELLINGTON HIGHWAY,RYBURN ROAD,,Non-Injury Crash,No,2006,,North,,0,,Flat,,,,,,Dark,637900,0,0,0,2,,,0,,,,,,Auckland Region,Nil,2-way,Sealed,,0,0,,50,,On,0,0,,76,Auckland,Nil,,,,,0,0,Urban,0,,,Fine,Null
1760685,5908163,27156,,524403,0,0,0,1,0,South,2006/2007,ROBERTSON ROAD,GADSBY ROAD,,Non-Injury Crash,No,2006,0,South,0,0,0,Flat,0,,0,,0,Overcast,731103,0,0,0,2,0,0,0,0,1,,0,0,Auckland Region,Nil,2-way,Sealed,0,0,0,0,50,0,Off,0,0,,76,Auckland,Nil,0,0,0,0,0,0,Urban,1,0,0,Fine,Null
1801562,5815949,27157,,530100,0,,0,2,,Null,2006/2007,GREY ST,CLAUDELANDS ROAD,,Non-Injury Crash,No,2006,,North,,0,,Flat,,,,,,Bright sun,895100,0,0,0,4,,,0,,,,,,Waikato Region,Nil,2-way,Sealed,,0,0,,50,,Null,0,0,,16,Hamilton City,Traffic Signals,,,,,0,0,Urban,0,,,Fine,Null
1757233,5921006,27158,,514101,0,,0,2,,Null,2005/2006,LOWER HOBSON ST,CUSTOMS ST WEST,,Non-Injury Crash,No,2006,,North,,0,,Flat,,,,,,Twilight,433001,0,0,0,2,,,0,,,,,,Auckland Region,Nil,2-way,Sealed,,0,0,,50,,On,0,0,,76,Auckland,Traffic Signals,,,,,0,0,Urban,0,,,Fine,Null
1678112,6021901,27159,,504600,0,,0,1,,Null,2005/2006,SH 12,BEACH ROAD,,Non-Injury Crash,Yes,2006,,South,,0,,Flat,,,,,,Overcast,115700,0,0,0,2,,,0,,,,,,Northland Region,Nil,2-way,Sealed,,0,0,,50,,Off,1,0,,3,Kaipara District,Stop,,,,,0,0,Urban,0,,,Fine,Null
1758822,5912172,27160,,519820,0,,1,1,,Null,2006/2007,CHURCH ST,SELWYN ST,,Minor Crash,No,2006,,East,,0,,Flat,,,,,,Overcast,601700,1,0,0,4,,,0,,,,,,Auckland Region,Nil,2-way,Sealed,,0,0,,50,,Off,0,0,,76,Auckland,Traffic Signals,,,,,0,0,Urban,0,,,Fine,Null
1800727,5819279,27161,,529402,0,0,0,2,0,North,2006/2007,Z CPK CHARTWELL SQUARE,COMRIES ROAD,,Non-Injury Crash,No,2006,0,North,0,0,0,Flat,0,,0,,0,Bright sun,877800,0,0,0,0,0,0,0,0,1,,0,0,Waikato Region,Nil,Off road,Sealed,0,0,0,0,50,0,None,0,0,,16,Hamilton City,Nil,0,0,0,0,0,0,Urban,0,0,0,Fine,Null
1758323,5917151,27162,,519200,0,,0,1,,North,2005/2006,MANUKAU ROAD,CLYDE ST,,Minor Crash,No,2006,,South,,0,,Flat,,,,,,Overcast,613600,1,0,0,4,,,0,,,1,,,Auckland Region,Nil,2-way,Sealed,,0,0,,50,,Null,0,0,,76,Auckland,Give way,,,,,0,0,Urban,0,,,Fine,Null
1660985,6094287,27163,,500801,0,0,0,1,1,North,2005/2006,SH 1N,RAHIRI ROAD,,Non-Injury Crash,Yes,2006,0,South,0,0,0,Flat,0,,0,,0,Bright sun,21400,0,0,0,2,0,0,0,0,0,,0,0,Northland Region,Nil,2-way,Sealed,0,0,0,0,100,0,None,0,0,,1,Far North District,Nil,0,0,0,0,0,0,Open,0,0,0,Fine,Null
1762530,5920722,27164,,516400,0,,0,2,,West,2006/2007,TAMAKI DRIVE,ATKIN AVENUE,,Minor Crash,No,2006,,East,,0,,Flat,,,,,,Overcast,498801,1,0,0,2,,,0,,,,,,Auckland Region,Nil,2-way,Sealed,,0,0,,50,,Off,0,0,,76,Auckland,Nil,,,,,0,0,Urban,0,,,Light rain,Null
1464843,5113951,27165,,598312,0,0,0,1,0,South,2005/2006,SH 1S,ARUNDEL BELFIELD ROAD,,Serious Crash,Yes,2006,0,South,1,0,0,Flat,0,,0,,0,Dark,2762000,0,0,0,2,0,0,0,0,0,,0,0,Canterbury Region,Nil,2-way,Sealed,0,0,1,0,100,0,None,0,0,,64,Timaru District,Unknown,0,0,0,0,0,0,Open,0,0,0,Fine,Null
1876844,5823417,27166,,537400,0,,0,2,,Null,2005/2006,WAIHI ROAD,TEKOAH PLACE,,Non-Injury Crash,No,2006,,East,,0,,Hill Road,,,,,,Dark,1161804,0,0,0,4,,,0,,,,,,Bay of Plenty Region,Nil,2-way,Sealed,,0,0,,50,,On,0,0,,23,Tauranga City,Give way,,,,,0,0,Urban,0,,,Fine,Null
1746473,5920090,27167,,512300,0,,0,1,,West,2006/2007,SH 16,TE ATATU OBR,,Non-Injury Crash,Yes,2006,,East,,0,,Flat,,,,,,Dark,251700,0,0,0,2,,,0,,,,,,Auckland Region,Nil,1-way,Sealed,,0,0,,100,,On,0,0,,76,Auckland,Nil,,,,,1,0,Open,0,,,Light rain,Null
1345833,4873469,27168,,607300,0,,0,1,,West,2005/2006,SH 1S,MCKAY ROAD,,Minor Crash,Yes,2006,,East,,0,,Flat,,,,,,Bright sun,3002100,1,0,0,2,,,0,,,,,,Otago Region,Nil,2-way,Sealed,,0,0,,100,,Null,0,0,,72,Clutha District,Unknown,,,,,0,0,Open,0,,,Fine,Null
1783077,5867066,27169,,527222,0,0,0,0,0,North,2005/2006,SH 1N,SPRINGHILL ROAD,,Minor Crash,Yes,2006,0,North,0,0,0,Flat,0,,0,,0,Dark,935300,1,0,0,4,0,0,0,0,0,,0,0,Waikato Region,Nil,2-way,Sealed,0,0,0,0,100,0,On,0,0,50,13,Waikato District,Nil,1,0,0,0,1,0,Open,0,0,0,Fine,Null
1939380,5788104,27170,,542530,0,,0,2,,Null,2006/2007,SH 2,MELVILLE ROAD,,Serious Crash,Yes,2007,,East,,0,,Flat,,,,,,Bright sun,1300901,0,0,0,2,,,0,,,,,,Bay of Plenty Region,Nil,2-way,Sealed,,0,1,,100,,Null,0,0,,25,Whakatane District,Stop,,,,,0,0,Open,0,,,Fine,Null
1753020,5916772,27171,,517800,0,0,0,2,0,North,2006/2007,LLOYD AVENUE,NEW NORTH ROAD,,Non-Injury Crash,No,2006,0,South,0,0,0,Flat,0,,0,,0,Bright sun,527200,0,0,0,2,0,0,0,0,1,,0,0,Auckland Region,Nil,2-way,Sealed,0,0,0,0,50,0,Off,0,0,,76,Auckland,Nil,0,0,0,0,0,0,Urban,0,0,0,Fine,Null
1768444,5903398,27172,,523820,0,0,0,1,0,North,2006/2007,SH 1N,MANUREWA OFF SBD,,Serious Crash,Yes,2006,0,South,1,0,0,Flat,0,,0,,1,Overcast,760120,0,0,0,0,0,0,0,0,0,,0,0,Auckland Region,Nil,1-way,Unsealed,0,0,1,0,100,0,Off,0,0,,76,Auckland,Nil,0,0,0,1,0,0,Open,0,0,0,Fine,Null
1623258,5430652,27173,,582700,0,,0,0,,South,2006/2007,VANGUARD ST,GLOUCESTER ST,,Minor Crash,No,2006,,North,,0,,Flat,,,,,,Twilight,2331600,1,0,1,2,,,0,,,,,,Nelson Region,Nil,2-way,Sealed,,0,0,,50,,Off,0,0,,52,Nelson City,Nil,,,,,0,0,Urban,0,,,Fine,Null
1571387,5171806,27174,,596503,0,0,0,1,0,Null,2006/2007,SUMMIT ROAD,DYERS PASS ROAD,,Fatal Crash,No,2006,0,North,0,1,0,Hill Road,0,Labour Weekend,0,,0,Bright sun,2711501,0,0,0,1,0,0,0,1,0,,0,0,Canterbury Region,Nil,2-way,Sealed,0,0,0,0,70,0,Null,0,0,,60,Christchurch City,Stop,0,0,0,0,0,0,Urban,0,0,0,Fine,Strong wind
1822525,5462412,27175,,578902,0,0,0,0,0,East,2006/2007,SH 2,SHORT ST,,Minor Crash,Yes,2006,0,East,0,0,0,Flat,0,,0,,0,Dark,2235400,1,1,0,2,0,0,0,0,0,,0,0,Wellington Region,Nil,2-way,Sealed,0,0,0,0,50,0,On,0,0,,48,Masterton District,Nil,0,0,0,0,0,0,Urban,0,0,0,Fine,Null
1763001,5905379,27176,,524303,0,0,0,1,0,South,2005/2006,SH 20,PORTAGE OBR,,Non-Injury Crash,Yes,2006,0,South,0,0,0,Flat,1,,0,,0,Dark,746301,0,0,0,2,0,0,0,0,0,,0,0,Auckland Region,Nil,1-way,Sealed,0,0,0,0,100,0,On,0,0,,76,Auckland,Nil,0,0,0,0,0,0,Open,0,0,0,Fine,Null
1765701,5907076,27177,,522301,0,,0,2,,Null,2005/2006,EAST TAMAKI ROAD,SIMON LANE,,Non-Injury Crash,No,2006,,West,,0,,Flat,,,,,,Overcast,666200,0,0,0,4,,,0,,,,,,Auckland Region,Nil,2-way,Sealed,,0,0,,50,,Off,0,0,,76,Auckland,Nil,,,,,0,0,Urban,0,,,Fine,Null
1760387,5915723,27178,,516003,0,,0,1,,South,2005/2006,SH 1N,GREENLANE INT S,,Non-Injury Crash,Yes,2006,,North,,0,,Hill Road,,,,,,Bright sun,494902,0,0,0,4,,,0,,,,,,Auckland Region,Nil,1-way,Sealed,,0,0,,100,,Off,0,0,,76,Auckland,Nil,,,,,2,0,Open,0,,,Fine,Null
1760735,5883854,27179,80,521121,0,0,0,1,1,South,2005/2006,KINGSEAT ROAD,PEARSON ROAD,,Minor Crash,No,2006,0,South,0,0,0,Flat,0,,0,,0,Overcast,811300,1,0,0,2,0,0,0,0,0,,0,0,Auckland Region,Nil,2-way,Sealed,0,0,0,0,100,0,None,0,0,,76,Auckland,Nil,0,0,0,0,0,0,Open,0,0,0,Fine,Null
1883995,5773061,27180,,540520,0,,0,2,,Null,2006/2007,JAMES ST,YORK ST,,Non-Injury Crash,No,2006,,East,,0,,Flat,,,,,,Bright sun,1239401,0,0,0,2,,,0,,,,,,Bay of Plenty Region,Nil,2-way,Sealed,,0,0,,50,,Off,0,0,,24,Rotorua District,Give way,,,,,0,0,Urban,0,,,Fine,Null
1756357,5927148,27181,,507900,0,,0,2,,Null,2005/2006,NORTHCOTE ROAD,NORTHCOTE ON NBD,,Minor Crash,No,2006,,East,,0,,Flat,,,,,,Dark,303501,1,0,0,5,,,0,,,,,,Auckland Region,Nil,2-way,Sealed,,0,0,,50,,On,0,0,,76,Auckland,Traffic Signals,,,,,0,0,Urban,0,,,Fine,Null
1744424,5922505,27182,,513530,0,,0,2,,East,2005/2006,SH 16,ROYAL OBR,,Non-Injury Crash,Yes,2006,,East,,0,,Flat,,,,,,Bright sun,225802,0,0,0,2,,,0,,,,,,Auckland Region,Nil,1-way,Sealed,,0,0,,100,,Off,0,0,,76,Auckland,Nil,,,,,0,0,Open,0,,,Fine,Null
1766930,5913119,27183,,522910,0,,0,2,,Null,2006/2007,REEVES ROAD,WILLIAM ROBERTS ROAD,,Minor Crash,No,2006,,East,,0,,Flat,,,,,,Overcast,684000,1,0,0,2,,,0,,,,,,Auckland Region,Nil,2-way,Sealed,,0,0,,50,,Off,0,0,,76,Auckland,Give way,,,,,0,0,Urban,0,,,Fine,Null
1768841,5902762,27184,,523820,0,0,0,1,0,North,2006/2007,SH 1N,ORAMS OBR,,Non-Injury Crash,Yes,2006,0,South,0,0,0,Flat,1,,0,,0,Bright sun,760122,0,0,0,3,0,0,0,0,0,,0,0,Auckland Region,Nil,1-way,Sealed,0,0,0,0,100,0,Off,0,0,,76,Auckland,Nil,0,0,0,0,0,0,Open,0,0,0,Fine,Null
1755196,5929498,27185,,508420,0,,0,2,,Null,2006/2007,LINK DRIVE,CROFTFIELD LANE,,Minor Crash,No,2006,,East,,0,,Flat,,,,,,Overcast,183800,1,0,0,2,,,0,,,,,,Auckland Region,Nil,2-way,Sealed,,0,0,,50,,Off,0,0,,76,Auckland,Give way,,,,,0,0,Urban,0,,,Light rain,Null
1909645,5577790,27186,,549200,0,0,0,2,0,Null,2005/2006,SH 2,HIGGINSON ST,,Minor Crash,Yes,2006,0,South,0,0,0,Flat,0,,2,,0,Overcast,1511200,1,0,0,2,0,0,0,0,0,,0,0,Hawke's Bay Region,Nil,2-way,Sealed,0,0,0,0,100,0,Null,0,0,,32,Central Hawke's Bay District,Give way,0,0,0,0,0,0,Open,0,0,0,Fine,Null
1765424,5911705,27187,,520500,0,0,0,1,0,North,2006/2007,BERNARD ST,PEACE AVENUE,,Non-Injury Crash,No,2006,0,North,0,0,0,Flat,0,,0,,0,Bright sun,635700,0,0,0,2,0,0,0,0,1,,0,0,Auckland Region,Nil,2-way,Sealed,0,0,0,0,50,0,None,1,0,,76,Auckland,Nil,0,0,0,0,0,0,Urban,0,0,0,Fine,Null
1747614,5425844,27188,,575600,0,,0,2,,Null,2007/2008,OHIRO ROAD,TODMAN ST,,Minor Crash,No,2007,,North,,0,,Hill Road,,,,,,Bright sun,2161700,2,0,0,3,,,0,,,,,,Wellington Region,Nil,2-way,Sealed,,0,0,,50,,Null,0,0,,47,Wellington City,Traffic Signals,,,,,0,0,Urban,0,,,Fine,Null
1880136,5819834,27189,,538301,0,,0,2,,South,2005/2006,WELCOME BAY ROAD,MEADOWVIEWS DRIVE,,Non-Injury Crash,No,2006,,South,,0,,Flat,,,,,,Overcast,1180301,0,0,0,2,,,0,,,,,,Bay of Plenty Region,Nil,2-way,Sealed,,0,0,,60,,Null,0,0,,23,Tauranga City,Nil,,,,,0,0,Urban,0,,,Fine,Null
1678257,6022658,27190,,504600,0,,0,1,,Null,2005/2006,PARORE ST,TIRARAU ST,,Fatal Crash,No,2006,,North,,1,,Flat,,,,,,Dark,116100,0,0,0,2,,,0,,,1,,,Northland Region,Nil,2-way,Sealed,,0,0,,50,,On,0,0,,3,Kaipara District,Give way,,,,,0,0,Urban,0,,,Fine,Null
1759685,5924899,27191,,508110,0,,0,1,,Null,2006/2007,LAKE ROAD,BAYSWATER AVENUE,,Minor Crash,No,2006,,North,,0,,Flat,,,,,,Dark,317900,2,0,0,2,,,0,,,,,,Auckland Region,Nil,2-way,Sealed,,0,0,,50,,On,0,0,,76,Auckland,Traffic Signals,,,,,0,0,Urban,1,,,Fine,Null
1242297,4852110,27192,,610602,0,0,0,3,0,Null,2005/2006,SH 6,WAIHOPAI RIV BR,,Minor Crash,Yes,2006,0,South,0,0,0,Flat,0,,0,,0,Twilight,3103900,2,0,0,4,0,0,0,0,0,,0,0,Southland Region,Nil,2-way,Sealed,0,0,0,0,50,0,On,0,0,,75,Invercargill City,Unknown,1,0,0,0,0,0,Urban,0,0,0,Fine,Frost
1768402,5901213,27193,,525001,0,0,0,2,0,South,2006/2007,MAICH ROAD,BEATTY AVENUE,,Non-Injury Crash,No,2006,0,North,0,0,0,Flat,0,,0,,0,Bright sun,751400,0,0,0,2,0,0,0,0,1,,0,0,Auckland Region,Nil,2-way,Sealed,0,0,0,0,50,0,Off,0,0,,76,Auckland,Nil,0,0,0,0,0,0,Urban,0,0,0,Fine,Null
1802493,5814992,27194,,530200,0,,0,2,,West,2005/2006,CLYDE ST,GALLOWAY ST,,Non-Injury Crash,No,2006,,East,,0,,Flat,,,,,,Overcast,893300,0,0,0,1,,,0,,,,,,Waikato Region,Nil,1-way,Sealed,,0,0,,50,,Null,0,0,,16,Hamilton City,Give way,,,,,0,0,Urban,0,,,Fine,Null
1762628,5912903,27195,,520500,0,,0,2,,West,2005/2006,SEART ON NBD,SOUTH-EASTERN HIGHWAY,,Non-Injury Crash,Yes,2006,,West,,0,,Flat,,,,,,Dark,637300,0,0,0,3,,,0,,,,,,Auckland Region,Motorway ramp,1-way,Sealed,,0,0,,50,,On,0,0,,76,Auckland,Traffic Signals,,,,,0,0,Urban,0,,,Fine,Null
1756627,5930509,27196,,507710,0,,0,2,,Null,2006/2007,EAST COAST ROAD,ABERDEEN ROAD,,Non-Injury Crash,No,2006,,East,,0,,Flat,,,,,,Bright sun,314700,0,0,0,2,,,0,,,,,,Auckland Region,Nil,2-way,Sealed,,0,0,,50,,Off,0,0,,76,Auckland,Give way,,,,,0,0,Urban,0,,,Fine,Null
1752197,5946930,27197,,506001,0,,0,2,,Null,2005/2006,WHANGAPARAOA ROAD,RED BEACH ROAD,,Minor Crash,No,2006,,East,,0,,Hill Road,,,,,,Bright sun,175501,2,0,0,4,,,0,,,,,,Auckland Region,Nil,2-way,Sealed,,0,0,,50,,Off,0,0,,76,Auckland,Traffic Signals,,,,,0,0,Urban,0,,,Fine,Null
1822000,5529839,27198,,562800,0,0,0,1,0,Null,2005/2006,SH 3,KING ST,,Minor Crash,Yes,2006,0,North,0,0,0,Flat,0,,1,,0,Dark,1831300,1,0,0,4,0,0,0,0,0,,0,0,Manawatū-Whanganui Region,Nil,2-way,Sealed,0,0,0,0,50,0,On,0,0,,40,Palmerston North City,Nil,0,0,0,0,0,0,Urban,0,0,0,Fine,Null
1792794,5512116,27199,,564021,0,0,0,0,0,North,2005/2006,SH 1N,OTUROA ROAD,,Non-Injury Crash,Yes,2006,0,South,1,0,1,Flat,0,,0,,0,Overcast,1854700,0,0,0,2,0,0,0,0,0,,0,0,Manawatū-Whanganui Region,Nil,2-way,Sealed,0,0,0,0,100,0,Null,1,0,,42,Horowhenua District,Nil,0,0,0,0,0,0,Open,0,0,0,Light rain,Null
1570764,5182527,27200,,592402,0,,0,2,,South,2005/2006,CRANFORD ST,BERWICK ST,,Minor Crash,No,2006,,North,,0,,Flat,,,,,,Overcast,2691700,1,0,0,2,,,0,,,,,,Canterbury Region,Nil,2-way,Sealed,,0,0,,50,,Null,0,0,,60,Christchurch City,Unknown,,,,,0,0,Urban,0,,,Fine,Null
1881124,5826501,27201,,536821,0,0,0,1,0,Null,2005/2006,TOTARA ST,SH 2,,Non-Injury Crash,Yes,2006,0,South,0,0,0,Flat,0,,0,,0,Bright sun,1204200,0,0,0,4,0,0,0,0,0,,0,1,Bay of Plenty Region,Nil,2-way,Sealed,0,0,0,0,70,0,Off,0,0,,23,Tauranga City,Give way,0,0,0,0,0,0,Urban,0,0,0,Fine,Null
1764794,5914632,27202,,520602,0,,0,1,,Null,2005/2006,IRELAND ROAD,CLEARY ROAD,,Serious Crash,No,2006,,South,,0,,Flat,,,,,,Overcast,628602,0,0,0,2,,,0,,,,,,Auckland Region,Nil,2-way,Sealed,,0,2,,50,,Off,0,0,,76,Auckland,Give way,,,,,1,0,Urban,0,,,Light rain,Null
1717669,6050513,27203,,502102,0,,0,1,,South,2006/2007,KAMO ROAD,STATION ROAD,,Non-Injury Crash,No,2006,,North,,0,,Hill Road,,,,,,Twilight,84600,0,0,0,3,,,0,,,,,,Northland Region,Nil,1-way,Sealed,,0,0,,50,,None,0,0,,2,Whangarei District,Nil,,,,,1,0,Urban,0,,,Fine,Null
1749711,5913183,27204,,511401,0,0,0,1,0,South,2006/2007,HUTCHINSON AVENUE,ISLINGTON AVENUE,,Minor Crash,No,2006,0,North,0,0,1,Hill Road,0,Labour Weekend,0,,0,Overcast,264400,1,0,0,2,0,0,0,0,0,,0,1,Auckland Region,Nil,2-way,Sealed,0,0,0,0,50,0,Off,0,0,,76,Auckland,Nil,0,0,0,0,0,0,Urban,0,0,0,Fine,Null
1882829,5775434,27205,,539100,0,,0,1,,North,2006/2007,STEELES LANE,TANIA CRESCENT S,,Serious Crash,No,2006,,South,,0,,Flat,,,,,,Bright sun,1219202,0,0,1,2,,,0,,,,,,Bay of Plenty Region,Nil,2-way,Sealed,,0,1,,50,,Off,0,0,,24,Rotorua District,Nil,,,,,0,0,Urban,0,,,Fine,Null
1800857,5815590,27206,,529700,0,,0,2,,Null,2006/2007,VICTORIA ST,BRYCE ST,,Non-Injury Crash,No,2006,,East,,0,,Flat,,,,,,Bright sun,911102,0,0,0,2,,,0,,,,,,Waikato Region,Nil,2-way,Sealed,,0,0,,50,,Off,0,0,,16,Hamilton City,Traffic Signals,,,,,0,0,Urban,0,,,Fine,Null
1889086,5774339,27207,,538742,0,,0,1,,East,2006/2007,SH 30,OWHATA ROAD,,Non-Injury Crash,Yes,2006,,West,,0,,Flat,,,,,,Bright sun,1254700,0,0,0,2,,,0,,,,,,Bay of Plenty Region,Nil,2-way,Sealed,,0,0,,50,,Off,1,0,,24,Rotorua District,Nil,,,,,0,0,Urban,0,,,Fine,Null
1772799,5895481,27208,,525520,0,,0,1,,South,2005/2006,SETTLEMENT ROAD,LIVERPOOL ST,,Non-Injury Crash,No,2006,,West,,0,,Flat,,,,,,Twilight,801700,0,0,0,3,,,0,,,,,,Auckland Region,Nil,2-way,Sealed,,0,0,,50,,None,1,0,,76,Auckland,Stop,,,,,0,0,Urban,0,,,Fine,Null
1457754,5083605,27209,,599100,0,0,0,1,0,North,2006/2007,GLENWOOD AVENUE,PUKAKI ST,,Non-Injury Crash,No,2006,0,North,0,0,0,Flat,0,Christmas New Year,0,,0,Dark,2785902,0,0,0,2,0,0,0,0,1,,0,0,Canterbury Region,Nil,2-way,Sealed,0,0,0,0,50,0,On,1,0,,64,Timaru District,Unknown,0,0,0,0,0,0,Urban,0,0,0,Heavy rain,Null
1800806,5814503,27210,,529100,0,,0,2,,North,2005/2006,PEMBROKE ST,CLARENCE ST,,Non-Injury Crash,No,2006,,North,,0,,Flat,,,,,,Bright sun,931200,0,0,0,2,,,0,,,,,,Waikato Region,Nil,2-way,Sealed,,0,0,,50,,Null,0,0,,16,Hamilton City,Unknown,,,,,0,0,Urban,0,,,Fine,Null
1757286,5435263,27211,,569800,0,,0,4,,North,2005/2006,SH 2,KOROKORO ROAD N,,Serious Crash,Yes,2006,,South,,0,,Flat,,,,,,Overcast,2035002,0,0,0,2,,,0,,,,,,Wellington Region,Nil,1-way,Sealed,,0,1,,100,,Null,0,0,,46,Lower Hutt City,Nil,,,,,0,0,Open,0,,,Heavy rain,Null
1879554,5824491,27212,,538201,0,0,0,1,0,Null,2005/2006,THE STRAND,DEVONPORT ROAD,,Non-Injury Crash,No,2006,0,South,0,0,0,Flat,0,,0,,1,Dark,1164300,0,0,0,2,0,1,0,0,0,,0,0,Bay of Plenty Region,Nil,2-way,Sealed,0,0,0,0,50,0,On,0,0,,23,Tauranga City,Give way,0,0,0,0,0,0,Urban,0,0,0,Fine,Null
1748246,5426821,27213,,573101,0,,0,2,,South,2005/2006,WILLIS ST,ARO ST,,Minor Crash,No,2006,,North,,0,,Flat,,,,,,Bright sun,2132900,1,0,0,3,,,0,,,,,,Wellington Region,Nil,2-way,Sealed,,0,0,,50,,Null,0,0,,47,Wellington City,Nil,,,,,0,0,Urban,1,,,Fine,Null
1745814,5931857,27214,,506400,0,,0,0,,South,2006/2007,RIDGE ROAD,COATESVILLE-RIVERHEAD HIG,,Minor Crash,No,2006,,South,,0,,Hill Road,,,,,,Bright sun,216800,1,0,1,2,,,0,,,,,,Auckland Region,Nil,2-way,Sealed,,0,0,,80,,Off,0,0,,76,Auckland,Nil,,,,,0,0,Open,0,,,Fine,Null
1758321,5919653,27215,,515902,0,,0,2,,Null,2005/2006,LOWER DOMAIN DRIVE,LOVERS LANE,,Minor Crash,No,2006,,North,,0,,Hill Road,,,,,,Overcast,451400,1,0,0,1,,,0,,,,,,Auckland Region,Nil,2-way,Sealed,,0,0,,30,,None,0,0,,76,Auckland,Nil,,,,,0,0,Urban,0,,,Fine,Null
1766124,5900277,27216,,524713,0,0,0,2,0,North,2006/2007,ROSCOMMON ROAD,SHARLAND AVENUE,,Minor Crash,No,2006,0,South,0,0,0,Flat,0,,0,,0,Overcast,775819,3,0,0,2,0,0,0,0,1,,0,0,Auckland Region,Nil,2-way,Sealed,0,0,0,0,50,0,Off,0,0,,76,Auckland,Nil,0,0,0,0,0,0,Urban,0,0,0,Fine,Null
1765711,5918300,27217,,516900,0,,0,1,,Null,2005/2006,ASHBY AVENUE,MOUNT TAYLOR DRIVE,,Non-Injury Crash,No,2006,,South,,0,,Hill Road,,,,,,Dark,466300,0,0,0,2,,,0,,,,,,Auckland Region,Nil,2-way,Sealed,,0,0,,50,,On,0,0,,76,Auckland,Give way,,,,,0,0,Urban,1,,,Fine,Null
1819870,5485465,27218,,578401,0,0,0,1,1,South,2005/2006,SH 2,MT BRUCE SUM,,Minor Crash,Yes,2006,0,South,0,0,0,Hill Road,0,Queens Birthday,0,,0,Dark,2229002,1,0,0,2,0,0,0,0,0,,0,0,Wellington Region,Nil,2-way,Sealed,0,0,0,0,100,0,None,0,0,,48,Masterton District,Nil,0,0,0,0,0,0,Open,0,0,0,Fine,Frost
1755730,5928561,27219,,508320,0,,0,2,,South,2005/2006,SH 1N,TRISTRAM OBR,,Non-Injury Crash,Yes,2006,,North,,0,,Flat,,,,,,Dark,198500,0,0,0,3,,,0,,,,,,Auckland Region,Nil,1-way,Sealed,,0,0,,100,,On,0,0,,76,Auckland,Nil,,,,,0,0,Open,0,,,Light rain,Null
1768080,5904367,27220,,523722,0,,0,0,,Null,2006/2007,REDOUBT ROAD,MANUKAU OFF SBD,,Serious Crash,No,2006,,East,,0,,Flat,,Christmas New Year,,,,Overcast,715805,1,0,1,4,,,0,,,,,,Auckland Region,Motorway ramp,2-way,Sealed,,0,1,,50,,Off,0,0,70,76,Auckland,Traffic Signals,,,,,0,0,Urban,0,,,Fine,Null
1762277,5913483,27221,,520500,0,,0,3,,South,2005/2006,SH 1N,PENROSE OBR,,Minor Crash,Yes,2006,,North,,0,,Flat,,,,,,Bright sun,637100,1,0,0,3,,,0,,,,,,Auckland Region,Nil,1-way,Sealed,,0,0,,100,,Off,0,0,,76,Auckland,Nil,,,,,0,0,Open,0,,,Fine,Null
1717916,6042965,27222,,503800,0,0,0,2,0,West,2006/2007,CAMPBELL PLACE,FAIRBURN ST,,Non-Injury Crash,No,2006,0,South,0,0,0,Flat,0,,0,,0,Dark,107906,0,0,0,2,0,0,0,0,0,,0,0,Northland Region,Nil,2-way,Sealed,0,0,0,0,50,0,On,0,0,,2,Whangarei District,Nil,0,0,0,0,0,0,Urban,0,1,0,Fine,Null