X,Y,OBJECTID,advisorySpeed,areaUnitID,bicycle,bridge,bus,carStationWagon,cliffBank,crashDirectionDescription,crashFinancialYear,crashLocation1,crashLocation2,crashRoadSideRoad,crashSeverity,crashSHDescription,crashYear,debris,directionRoleDescription,ditch,fatalCount,fence,flatHill,guardRail,holiday,houseOrBuilding,intersection,kerb,light,meshblockId,minorInjuryCount,moped,motorcycle,NumberOfLanes,objectThrownOrDropped,otherObject,otherVehicleType,overBank,parkedVehicle,pedestrian,phoneBoxEtc,postOrPole,region,roadCharacter,roadLane,roadSurface,roadworks,schoolBus,seriousInjuryCount,slipOrFlood,speedLimit,strayAnimal,streetLight,suv,taxi,temporarySpeedLimit,tlaId,tlaName,trafficControl,trafficIsland,trafficSign,train,tree,truck,unknownVehicleType,urban,vanOrUtility,vehicle,waterRiver,weatherA,weatherB
1760940,5918140,27223,,516201,0,,0,2,,Null,2005/2006,ORAKEI ROAD,MANAWA ROAD,,Non-Injury Crash,No,2006,,North,,0,,Hill Road,,,,,,Bright sun,486500,0,0,0,2,,,0,,,,,,Auckland Region,Nil,2-way,Sealed,,0,0,,50,,Off,0,0,,76,Auckland,Stop,,,,,0,0,Urban,0,,,Fine,Null
1760064,5786971,27224,,531301,0,,0,0,,South,2005/2006,SH 31,LAKE ROAD,,Minor Crash,Yes,2006,,South,,0,,Hill Road,,,,,,Bright sun,992801,1,0,0,2,,,0,,,,,,Waikato Region,Nil,2-way,Sealed,,0,0,,100,,Null,0,0,,18,Ōtorohanga District,Unknown,,,,,1,0,Open,0,,,Fine,Null
1756969,5918791,27225,,515600,0,,0,3,,Null,2006/2007,NEWTON ROAD,SYMONDS ST,,Minor Crash,No,2006,,East,,0,,Flat,,,,,,Overcast,420600,2,0,0,3,,,0,,,,,,Auckland Region,Nil,2-way,Sealed,,0,0,,50,,Off,0,0,,76,Auckland,Traffic Signals,,,,,0,0,Urban,0,,,Fine,Null
1759925,5886299,27226,,521122,0,,0,1,,Null,2006/2007,KINGSEAT ROAD,WAIAU PA ROAD,,Fatal Crash,No,2007,,North,,1,,Hill Road,,Queens Birthday,,,,Overcast,810800,3,0,0,2,,,0,,,,,,Auckland Region,Nil,2-way,Sealed,,0,1,,100,,None,1,0,,76,Auckland,Stop,,,,,0,0,Open,1,,,Light rain,Null
1750422,5915879,27227,,514802,0,0,0,1,0,Null,2006/2007,RIVERSDALE ROAD,ROSEBANK ROAD,,Non-Injury Crash,No,2006,0,South,0,0,0,Flat,0,,0,,0,Bright sun,386200,0,0,0,2,0,0,1,0,1,,0,0,Auckland Region,Nil,2-way,Sealed,0,0,0,0,50,0,Off,0,0,,76,Auckland,Nil,0,0,0,0,0,0,Urban,0,0,0,Fine,Null
1558556,5167982,27228,,597200,1,,0,1,,Null,2005/2006,GERALD ST,LEINSTER TERRACE,,Minor Crash,No,2006,,East,,0,,Flat,,,,,,Overcast,2718800,1,0,0,2,,,0,,,,,,Canterbury Region,Nil,2-way,Sealed,,0,0,,50,,Null,0,0,,62,Selwyn District,Give way,,,,,0,0,Urban,0,,,Fine,Null
1761681,5913768,27229,,520202,0,,0,1,,Null,2006/2007,GREAT SOUTH ROAD,MCNAB ST,,Minor Crash,No,2006,,South,,0,,Flat,,,,,,Bright sun,612400,1,0,0,4,,,0,,,,,,Auckland Region,Nil,2-way,Sealed,,0,0,,50,,Off,0,0,,76,Auckland,Stop,,,,,0,0,Urban,1,,,Fine,Null
1905252,5744980,27230,,538841,0,0,0,1,0,North,2006/2007,SH 38,GOUDIES ROAD,,Minor Crash,Yes,2006,0,North,0,0,0,Flat,0,,0,,0,Bright sun,1260201,1,0,0,2,0,0,0,0,0,,0,0,Waikato Region,Nil,2-way,Sealed,0,0,0,0,100,0,None,0,0,,24,Rotorua District,Nil,0,0,0,1,0,0,Open,0,0,0,Fine,Null
1877323,5820680,27231,,537700,0,,0,1,,East,2006/2007,OXFORD ST,FRASER ST,,Non-Injury Crash,No,2006,,West,,0,,Hill Road,,,,,,Bright sun,1174000,0,0,0,2,,,0,,,,,,Bay of Plenty Region,Nil,2-way,Sealed,,0,0,,50,,Null,0,0,,23,Tauranga City,Give way,,,,,0,0,Urban,1,,,Fine,Null
1770899,5905230,27232,,523713,0,,0,2,,North,2006/2007,MURPHYS ROAD,THOMAS ROAD,,Non-Injury Crash,No,2006,,North,,0,,Flat,,,,,,Bright sun,713501,0,0,0,2,,,0,,,,,,Auckland Region,Nil,2-way,Sealed,,0,0,,70,,None,0,0,,76,Auckland,Nil,,,,,0,0,Urban,0,,,Fine,Null
1308452,5037547,27233,,608304,0,0,0,1,1,East,2006/2007,SH 6,HOPKINS ST,,Minor Crash,Yes,2006,0,East,0,0,0,Flat,0,,0,,0,Bright sun,3031001,1,0,0,2,0,0,0,0,0,,0,0,Otago Region,Nil,2-way,Sealed,0,0,0,0,100,0,Null,0,0,,70,Queenstown-Lakes District,Unknown,0,0,0,0,0,0,Open,0,0,0,Fine,Null
1678393,5400966,27234,,581260,0,,0,1,,Null,2006/2007,TAYLOR PASS ROAD,WITHER ROAD,,Minor Crash,No,2006,,South,,0,,Flat,,,,,,Overcast,2304700,1,0,0,2,,,0,,,,,,Marlborough Region,Nil,2-way,Sealed,,0,0,,50,,Null,0,0,,53,Marlborough District,Give way,,,,,1,0,Urban,0,,,Heavy rain,Null
1791292,5827172,27235,,528200,0,,0,4,,North,2005/2006,GREAT SOUTH ROAD,SAULBREY ROAD,,Minor Crash,No,2006,,North,,0,,Flat,,,,,,Bright sun,976400,4,0,0,2,,,0,,,,,,Waikato Region,Nil,2-way,Sealed,,0,0,,100,,Null,0,0,,13,Waikato District,Unknown,,,,,0,0,Open,0,,,Fine,Null
1756558,5927651,27236,,507900,0,,0,2,,Null,2005/2006,THE BOULEVARD,TAHAROTO ROAD,,Non-Injury Crash,No,2006,,East,,0,,Flat,,Christmas New Year,,,,Bright sun,305202,0,0,0,2,,,0,,,,,,Auckland Region,Nil,1-way,Sealed,,0,0,,50,,Off,0,0,,76,Auckland,Give way,,,,,0,0,Urban,0,,,Fine,Null
1905577,5566905,27237,,549602,0,0,0,1,0,West,2005/2006,MOUNT HERBERT ROAD,MANGATARATA ROAD,,Serious Crash,No,2006,0,East,0,0,1,Flat,0,,0,,0,Dark,1523403,0,0,0,2,0,1,0,0,0,,0,0,Hawke's Bay Region,Nil,2-way,Sealed,0,0,1,0,70,0,None,0,0,,32,Central Hawke's Bay District,Nil,0,0,0,0,0,0,Urban,0,0,0,Fine,Null
1755542,5918260,27238,,517500,0,0,0,1,0,West,2005/2006,SH 16,BOND OBR,,Minor Crash,Yes,2006,0,West,0,0,0,Flat,0,,0,,0,Dark,529700,1,0,0,3,0,0,0,0,0,,0,0,Auckland Region,Nil,1-way,Sealed,1,0,0,0,100,0,On,0,0,80,76,Auckland,Nil,0,0,0,0,0,0,Open,0,0,0,Fine,Null
1748656,5943978,27239,,505806,0,0,0,1,0,South,2005/2006,SH 1N,SILVERDALE OBR,,Minor Crash,Yes,2006,0,South,0,0,1,Flat,0,Queens Birthday,0,,0,Dark,176802,3,0,0,4,0,0,0,0,0,,0,0,Auckland Region,Nil,2-way,Sealed,0,0,0,0,100,0,None,0,0,,76,Auckland,Nil,0,0,0,0,0,0,Open,0,0,0,Fine,Null
1443355,5009582,27240,,600811,0,0,0,1,0,North,2005/2006,SH 1S,T Y DUNCAN ROAD,,Minor Crash,Yes,2006,0,North,1,0,1,Flat,0,,0,,0,Dark,2828002,1,0,0,2,0,0,0,0,0,,0,0,Otago Region,Nil,2-way,Sealed,0,0,0,0,100,0,None,0,0,,68,Waitaki District,Unknown,0,0,0,1,0,0,Open,0,0,0,Fine,Frost
1761001,5947642,27241,,505904,0,0,0,2,0,West,2006/2007,WHANGAPARAOA ROAD,SHAKESPEAR ROAD,,Non-Injury Crash,No,2006,0,East,0,0,0,Flat,0,,0,,1,Dark,175008,0,0,0,2,0,0,0,0,1,,0,0,Auckland Region,Nil,2-way,Sealed,0,0,0,0,50,0,On,0,0,,76,Auckland,Nil,0,0,0,0,0,0,Urban,0,0,0,Fine,Null
1740409,5930443,27242,,505604,0,,0,1,,West,2006/2007,DEACON ROAD,FORESTRY ROAD,,Non-Injury Crash,No,2006,,East,,0,,Hill Road,,,,,,Overcast,214202,0,0,0,2,,,0,,,,,,Auckland Region,Nil,2-way,Sealed,,0,0,,70,,None,0,0,,76,Auckland,Nil,,,,,0,0,Urban,0,,,Light rain,Null
1360245,5077083,27243,,600831,0,,0,1,,South,2005/2006,SH 8,LAKE OHAU ROAD,,Non-Injury Crash,Yes,2006,,North,,0,,Flat,,,,,,Bright sun,2851600,0,0,0,2,,,0,,,,,,Canterbury Region,Nil,2-way,Sealed,,0,0,,100,,Null,0,0,,68,Waitaki District,Nil,,,,,1,0,Open,0,,,Fine,Null
1753951,5934166,27244,,508804,0,0,0,1,0,Null,2006/2007,EAST COAST ROAD,OAKTREE AVENUE,,Minor Crash,No,2006,0,South,0,0,0,Hill Road,0,,0,,0,Dark,180613,1,0,0,2,0,0,0,1,0,,0,1,Auckland Region,Nil,2-way,Sealed,0,0,0,0,50,0,On,0,0,,76,Auckland,Nil,0,0,0,0,0,0,Urban,0,0,0,Fine,Null
1800888,5814770,27245,,529700,0,,0,1,,Null,2005/2006,TRISTRAM ST,THACKERAY ST,,Non-Injury Crash,No,2006,,West,,0,,Flat,,,,,,Overcast,911600,0,0,0,2,,,0,,,,,,Waikato Region,Nil,2-way,Sealed,,0,0,,50,,Null,1,0,,16,Hamilton City,Give way,,,,,0,0,Urban,0,,,Light rain,Null
1759807,5436941,27246,,569401,0,,0,2,,Null,2005/2006,SH 2,MELLING LINK,,Serious Crash,Yes,2006,,West,,0,,Flat,,,,,,Dark,1920100,0,0,0,4,,,0,,,,,,Wellington Region,Nil,2-way,Sealed,,0,1,,100,,On,1,0,,46,Lower Hutt City,Traffic Signals,,,,,0,0,Open,0,,,Fine,Null
1885858,5772670,27247,,540600,0,,0,2,,Null,2006/2007,SH 30A,MARGUERITA ST,,Minor Crash,Yes,2006,,North,,0,,Flat,,,,,,Overcast,1243500,1,0,0,4,,,0,,,,,,Bay of Plenty Region,Nil,2-way,Sealed,,0,0,,70,,Null,0,0,,24,Rotorua District,Give way,,,,,0,0,Urban,0,,,Light rain,Null
1821368,5528346,27248,,563000,0,,0,1,,Null,2005/2006,COOK ST,COLLEGE ST,,Minor Crash,No,2006,,East,,0,,Flat,,,,,,Overcast,1807000,1,0,0,2,,,0,,,,,,Manawatū-Whanganui Region,Nil,2-way,Sealed,,0,0,,50,,Null,1,0,,40,Palmerston North City,Give way,,,,,0,0,Urban,0,,,Heavy rain,Null
1754238,5934374,27249,,507102,0,0,0,1,0,West,2006/2007,OAKTREE AVENUE,EASTWOOD RISE,,Non-Injury Crash,No,2006,0,East,0,0,0,Hill Road,0,,0,,1,Dark,159002,0,0,0,2,0,0,0,0,0,,0,0,Auckland Region,Nil,2-way,Sealed,0,0,0,0,50,0,On,0,0,,76,Auckland,Unknown,0,1,0,0,0,0,Urban,0,0,0,Fine,Null
1403627,4914436,27250,,604210,0,,0,1,,West,2006/2007,SH 1S,BURNETT ST,,Minor Crash,Yes,2006,,West,,0,,Hill Road,,,,,,Overcast,2916400,1,0,0,4,,,0,,,,,,Otago Region,Nil,2-way,Sealed,,0,0,,50,,Null,0,0,,71,Dunedin City,Unknown,,,,,1,0,Urban,0,,,Heavy rain,Null
1748879,5426552,27251,,573101,0,,0,2,,Null,2005/2006,OLD BUCKLE ST,TASMAN ST,,Minor Crash,No,2006,,North,,0,,Flat,,,,,,Overcast,2135000,3,0,0,2,,,0,,,,,,Wellington Region,Nil,2-way,Sealed,,0,0,,50,,Null,0,0,,47,Wellington City,Traffic Signals,,,,,0,0,Urban,0,,,Light rain,Null
1682638,5670050,27252,,550800,0,0,0,0,0,Null,2006/2007,DIXON ST,MACE TERRACE,,Serious Crash,No,2006,0,West,0,0,1,Flat,0,Christmas New Year,0,,0,Dark,1555500,0,0,0,2,0,0,0,0,0,,0,0,Taranaki Region,Nil,2-way,Sealed,0,0,1,0,50,0,On,0,0,,33,New Plymouth District,Stop,0,0,0,0,0,0,Urban,1,0,0,Fine,Null
1731607,6025226,27253,,501806,0,0,0,2,0,East,2005/2006,RUAKAKA BEACH ROAD,SLAKO CRESCENT,,Serious Crash,No,2006,0,East,0,0,0,Hill Road,0,,0,,0,Dark,79803,1,0,0,2,0,0,0,0,0,,0,0,Northland Region,Nil,2-way,Sealed,0,0,1,0,50,0,On,0,0,,2,Whangarei District,Nil,0,0,0,0,1,0,Urban,0,2,0,Light rain,Null
1755422,5919654,27254,,515302,0,0,0,2,0,West,2006/2007,BROWN ST,FITZROY ST,,Non-Injury Crash,No,2006,0,North,0,0,0,Flat,0,,0,,0,Dark,432000,0,0,0,2,0,0,0,0,1,,0,0,Auckland Region,Nil,2-way,Sealed,0,0,0,0,50,0,On,0,0,,76,Auckland,Stop,0,0,0,0,0,0,Urban,0,0,0,Fine,Null
1923281,5596653,27255,,545851,0,0,0,0,1,South,2006/2007,SH 2,OLD MAIN ROAD,,Minor Crash,Yes,2006,0,East,0,0,0,Flat,0,,0,,0,Dark,1463900,1,0,0,2,0,0,0,0,0,,0,0,Hawke's Bay Region,Nil,2-way,Sealed,0,0,0,0,100,0,None,0,0,,30,Hastings District,Nil,0,1,0,1,1,0,Open,0,0,0,Light rain,Null
1754463,5912740,27256,,519001,0,0,0,1,0,Null,2006/2007,RICHARDSON ROAD,FREER ST,,Minor Crash,No,2006,0,East,0,0,0,Flat,0,,0,,0,Overcast,588600,1,0,0,2,0,0,0,0,0,,0,1,Auckland Region,Nil,2-way,Sealed,0,0,0,0,50,0,Off,0,0,,76,Auckland,Stop,0,0,0,0,0,0,Urban,0,0,0,Fine,Null
1772819,5900764,27257,,523911,0,,0,1,,North,2005/2006,MILL ROAD,PHILLIP ROAD,,Non-Injury Crash,No,2006,,North,,0,,Flat,,,,,,Dark,767201,0,0,0,2,,,0,,,,,,Auckland Region,Nil,2-way,Sealed,,0,0,,100,,None,1,0,,76,Auckland,Nil,,,,,0,0,Open,0,,,Fine,Null
1755712,5934540,27258,,507200,0,,0,1,,Null,2006/2007,MASTERTON ROAD,BROWNS BAY ROAD,,Minor Crash,No,2006,,North,,0,,Flat,,,,,,Bright sun,157800,1,0,0,2,,,0,,,1,,,Auckland Region,Nil,2-way,Sealed,,0,0,,50,,Off,0,0,,76,Auckland,Give way,,,,,0,0,Urban,0,,,Fine,Null
1753544,5927067,27259,,508310,0,,0,2,,Null,2006/2007,GLENFIELD ROAD,ROBERTS ROAD,,Minor Crash,No,2006,,North,,0,,Hill Road,,,,,,Bright sun,202400,1,0,0,3,,,0,,,,,,Auckland Region,Nil,2-way,Sealed,,0,0,,50,,Off,0,0,,76,Auckland,Give way,,,,,0,0,Urban,0,,,Fine,Null
1929961,5605160,27260,,548200,0,0,0,2,0,Null,2006/2007,Z CPK WAREHOUSE,MARKET/AVENUE,,Non-Injury Crash,No,2006,0,North,0,0,0,Flat,0,,0,,0,Overcast,1491400,0,0,0,1,0,0,0,0,1,,0,0,Hawke's Bay Region,Nil,Off road,Sealed,0,0,0,0,50,0,Null,0,0,,30,Hastings District,Nil,0,0,0,0,0,0,Urban,0,0,0,Light rain,Null
1768346,5906128,27261,,523721,0,,0,2,,Null,2006/2007,FLAT BUSH ROAD,RAVENNA WAY,,Non-Injury Crash,No,2006,,West,,0,,Flat,,,,,,Dark,715504,0,0,0,2,,,0,,,,,,Auckland Region,Nil,2-way,Sealed,,0,0,,50,,On,0,0,,76,Auckland,Nil,,,,,0,0,Urban,0,,,Fine,Null
1393078,4914504,27262,,602411,0,,0,2,,Null,2006/2007,GLADSTONE ROAD SOUTH S,RICCARTON ROAD W,,Minor Crash,No,2006,,South,,0,,Flat,,,,,,Bright sun,2979100,4,0,0,2,,,0,,,,,,Otago Region,Nil,2-way,Sealed,,0,0,,50,,Null,0,0,,71,Dunedin City,Give way,,,,,0,0,Urban,0,,,Fine,Null
1242329,4851463,27263,,610800,0,,0,2,,North,2006/2007,SH 6,ALICE ST,,Minor Crash,Yes,2006,,South,,0,,Flat,,,,,,Overcast,3118000,2,0,0,4,,,0,,,,,,Southland Region,Nil,2-way,Sealed,,0,0,,50,,Null,0,0,,75,Invercargill City,Unknown,,,,,0,0,Urban,1,,,Fine,Null
1614975,6138995,27264,,500208,0,0,0,0,0,North,2006/2007,SH 1N,TURK VALLEY ROAD,,Non-Injury Crash,Yes,2006,0,South,0,0,1,Hill Road,1,,0,,0,Bright sun,1500,0,0,0,2,0,0,0,0,0,,0,1,Northland Region,Nil,2-way,Sealed,0,0,0,0,100,0,Null,0,0,,1,Far North District,Unknown,0,0,0,0,1,0,Open,0,0,0,Fine,Null
1884452,5824833,27265,,536831,0,0,0,2,0,Null,2006/2007,EVERSHAM ROAD,LAMBETH TERRACE,,Non-Injury Crash,No,2006,0,West,0,0,0,Flat,0,,0,,0,Bright sun,1201604,0,0,0,2,0,0,0,0,0,,0,0,Bay of Plenty Region,Nil,2-way,Sealed,0,0,0,0,50,0,Null,0,0,,23,Tauranga City,Give way,0,1,0,0,0,0,Urban,0,0,0,Fine,Null
1747965,5912510,27266,,511902,0,,0,2,,Null,2005/2006,TITIRANGI ROAD,PLEASANT ROAD,,Non-Injury Crash,No,2006,,North,,0,,Flat,,,,,,Bright sun,292103,0,0,0,2,,,0,,,,,,Auckland Region,Nil,2-way,Sealed,,0,0,,50,,None,0,0,,76,Auckland,Traffic Signals,,,,,0,0,Urban,0,,,Fine,Null
1728870,6016715,27267,,501816,0,0,0,1,0,Null,2005/2006,SH 1N,MILLBROOK ROAD,,Minor Crash,Yes,2006,0,North,1,0,0,Flat,0,,0,,0,Bright sun,80600,1,0,0,2,0,0,0,0,0,,0,1,Northland Region,Nil,2-way,Sealed,0,0,0,0,100,0,Off,0,0,,2,Whangarei District,Stop,0,1,0,0,0,0,Open,0,0,0,Fine,Null
1824168,5469845,27268,75,578302,0,0,0,1,0,South,2005/2006,SH 2,LOOP LINE,,Minor Crash,Yes,2006,0,North,0,0,1,Hill Road,0,,0,,0,Dark,2253502,1,0,0,2,0,0,0,1,0,,0,0,Wellington Region,Nil,2-way,Sealed,0,0,0,0,100,0,None,0,0,,48,Masterton District,Nil,0,0,0,0,0,0,Open,0,0,0,Fine,Frost
1765659,5917991,27269,,516900,0,0,0,2,0,West,2005/2006,WEST TAMAKI ROAD,LINE ROAD,,Non-Injury Crash,No,2006,0,North,0,0,0,Flat,0,,0,,0,Dark,466003,0,0,0,2,0,0,0,0,1,,0,0,Auckland Region,Nil,2-way,Sealed,0,0,0,0,50,0,On,0,0,,76,Auckland,Nil,0,0,0,0,0,0,Urban,0,0,0,Fine,Null
1754857,5918760,27270,,515431,0,,0,2,,Null,2006/2007,GREAT NORTH ROAD,SURREY CRESCENT,,Non-Injury Crash,No,2006,,East,,0,,Hill Road,,,,,,Overcast,405800,0,0,0,4,,,0,,,,,,Auckland Region,Nil,2-way,Sealed,,0,0,,50,,Off,0,0,,76,Auckland,Traffic Signals,,,,,0,0,Urban,0,,,Fine,Null
1753157,5933794,27271,,508804,0,0,0,1,0,South,2005/2006,SH 1N,OTEHA VALLEY ON SBD,,Non-Injury Crash,Yes,2006,0,South,0,0,0,Hill Road,0,,0,,0,Overcast,180605,0,0,0,3,0,0,0,0,0,,0,1,Auckland Region,Motorway ramp,1-way,Sealed,0,0,0,0,100,0,Off,0,0,,76,Auckland,Nil,0,0,0,0,0,0,Open,0,0,0,Fine,Null
1750172,5914246,27272,,511303,0,,0,1,,West,2005/2006,GREAT NORTH ROAD,VERONICA ST,,Non-Injury Crash,No,2006,,West,,0,,Flat,,,,,,Bright sun,266100,0,0,0,5,,,0,,,,,,Auckland Region,Nil,2-way,Sealed,,0,0,,50,,Off,1,0,,76,Auckland,Nil,,,,,0,0,Urban,0,,,Fine,Null
1756154,5929101,27273,,508510,0,,0,2,,North,2005/2006,FORREST HILL ROAD,BOND CRESCENT,,Non-Injury Crash,No,2006,,South,,0,,Flat,,,,,,Overcast,195600,0,0,0,2,,,0,,,,,,Auckland Region,Nil,2-way,Sealed,,0,0,,50,,Null,0,0,,76,Auckland,Nil,,,,,0,0,Urban,0,,,Light rain,Null
2046024,5709517,27274,,544001,0,0,0,1,0,South,2005/2006,SH 35,MAKORORI BEACH ROAD,,Minor Crash,Yes,2006,0,South,1,0,0,Flat,0,,0,,0,Bright sun,1359400,1,0,0,2,0,0,0,0,0,,0,0,Gisborne Region,Nil,2-way,Sealed,0,0,0,0,100,0,Null,0,0,,28,Gisborne District,Nil,0,0,0,0,0,0,Open,0,0,0,Fine,Null
1763659,5920487,27275,,516500,1,,0,1,,East,2006/2007,TAMAKI DRIVE,SELWYN AVENUE,,Minor Crash,No,2006,,East,,0,,Flat,,,,,,Bright sun,501301,1,0,0,2,,,0,,,,,,Auckland Region,Nil,2-way,Sealed,,0,0,,50,,Off,0,0,,76,Auckland,Nil,,,,,0,0,Urban,0,,,Fine,Null
1805885,5807329,27276,,527915,0,0,0,0,0,South,2005/2006,SH 21,LOCHIEL ROAD,,Minor Crash,Yes,2006,0,North,0,0,1,Flat,1,,0,,0,Dark,984900,1,0,0,2,0,0,0,0,0,,0,0,Waikato Region,Nil,2-way,Sealed,0,0,0,0,100,0,On,0,0,,17,Waipa District,Unknown,0,0,0,1,0,0,Open,1,0,0,Fine,Null
1782362,5839622,27277,,526601,0,,0,0,,North,2006/2007,WAIKOKOWAI ROAD,GINN ROAD,,Serious Crash,No,2006,,South,,0,,Hill Road,,,,,,Bright sun,851900,0,0,1,2,,,1,,,,,,Waikato Region,Nil,2-way,Sealed,,0,1,,100,,Null,0,0,,13,Waikato District,Unknown,,,,,0,0,Open,0,,,Fine,Null
1679696,5667521,27278,,551112,0,0,0,1,1,North,2006/2007,WELD ROAD LOWER,SH 45,,Serious Crash,No,2006,0,South,0,0,0,Flat,0,,0,,0,Overcast,1554202,0,0,0,2,0,0,0,0,0,,0,0,Taranaki Region,Nil,2-way,Sealed,0,0,1,0,100,0,Null,0,0,,33,New Plymouth District,Nil,0,0,0,0,0,0,Open,0,0,0,Fine,Null
1755873,5916789,27279,,518201,0,,0,2,,Null,2006/2007,DOMINION ROAD,ELIZABETH ST,,Minor Crash,No,2006,,North,,0,,Flat,,,,,,Twilight,549200,1,0,0,2,,,0,,,,,,Auckland Region,Nil,2-way,Sealed,,0,0,,50,,Off,0,0,,76,Auckland,Stop,,,,,0,0,Urban,0,,,Fine,Null
1753190,5918251,27280,,515003,0,,0,1,,East,2005/2006,SH 16,WATERVIEW OFF WBD,,Non-Injury Crash,Yes,2006,,West,,0,,Flat,,,,,,Bright sun,390502,0,0,0,3,,,0,,,,,,Auckland Region,Nil,1-way,Sealed,,0,0,,100,,Off,1,0,,76,Auckland,Nil,,,,,0,0,Open,0,,,Fine,Null
1763684,5437364,27281,,568302,0,0,0,1,0,Null,2006/2007,Z CPK,HEWER/DEMPSEY,,Non-Injury Crash,No,2006,0,East,0,0,0,Flat,0,,0,,0,Dark,1955800,0,0,0,0,0,0,0,0,1,,0,0,Wellington Region,Nil,Off road,Sealed,0,0,0,0,50,0,On,1,0,,46,Lower Hutt City,Nil,0,0,0,0,0,0,Urban,0,0,0,Light rain,Null
1766663,5912929,27282,,522910,0,,0,2,,Null,2006/2007,TI RAKAU DRIVE,REEVES ROAD,,Non-Injury Crash,No,2006,,West,,0,,Flat,,,,,,Twilight,684000,0,0,0,5,,,0,,,,,,Auckland Region,Nil,2-way,Sealed,,0,0,,60,,On,0,0,,76,Auckland,Traffic Signals,,,,,0,0,Urban,0,,,Mist or Fog,Null
1918172,5780245,27283,,542540,0,0,0,1,1,West,2005/2006,SH 30,SH 34,,Non-Injury Crash,Yes,2006,0,North,0,0,0,Hill Road,0,,0,,0,Bright sun,1326002,0,0,0,2,0,0,0,0,0,,0,0,Bay of Plenty Region,Nil,2-way,Sealed,0,0,0,0,100,0,Null,0,0,,25,Whakatane District,Unknown,0,0,0,0,0,0,Open,0,0,0,Light rain,Null
1752339,5972029,27284,,506661,0,,0,2,,Null,2005/2006,SHARP ROAD,MONARCH DOWNS WAY,,Non-Injury Crash,No,2006,,South,,0,,Hill Road,,,,,,Bright sun,139302,0,0,0,2,,,0,,,,,,Auckland Region,Nil,2-way,Sealed,,0,0,,100,,None,0,0,,76,Auckland,Nil,,,,,0,0,Open,0,,,Fine,Null
1768329,5900594,27285,,525101,0,,0,0,,Null,2006/2007,BOWATER PLACE,WEYMOUTH ROAD,,Minor Crash,No,2006,,East,,0,,Flat,,,,,,Overcast,771200,2,0,0,2,,,0,,,,,,Auckland Region,Nil,2-way,Sealed,,0,0,,50,,Off,1,0,,76,Auckland,Give way,,,,,0,0,Urban,0,,,Fine,Null
1885003,5774619,27286,,540410,0,0,0,2,0,Null,2006/2007,TUTANEKAI ST,LAKE ROAD,,Non-Injury Crash,No,2006,0,East,0,0,0,Flat,0,Christmas New Year,0,,0,Dark,1232700,0,0,0,2,0,0,0,0,1,,0,0,Bay of Plenty Region,Nil,2-way,Sealed,0,0,0,0,50,0,On,0,0,,24,Rotorua District,Nil,0,0,0,0,0,0,Urban,0,0,0,Fine,Null
1842470,5812585,27287,,535220,0,0,0,2,0,West,2005/2006,PERIA ROAD,MANUKA ST,,Minor Crash,No,2006,0,West,0,0,1,Flat,0,,0,,0,Overcast,1117300,2,0,0,2,0,0,0,0,0,,0,0,Waikato Region,Nil,2-way,Sealed,0,0,0,0,100,0,Null,0,0,,15,Matamata-Piako District,Unknown,0,0,0,0,0,0,Open,0,0,0,Light rain,Null
1568401,5178552,27288,,590900,0,,0,1,,Null,2005/2006,LINCOLN ROAD,WHITELEIGH AVENUE,,Minor Crash,No,2006,,South,,0,,Flat,,,,,,Overcast,2476400,1,0,0,4,,,0,,,,,,Canterbury Region,Nil,2-way,Sealed,,0,0,,50,,Null,0,0,,60,Christchurch City,Traffic Signals,,,,,0,0,Urban,1,,,Fine,Null
1757085,5919440,27289,,514200,0,,0,2,,West,2005/2006,KARANGAHAPE ROAD,LIVERPOOL ST,,Non-Injury Crash,No,2006,,East,,0,,Flat,,,,,,Dark,412301,0,0,0,4,,,0,,,,,,Auckland Region,Nil,2-way,Sealed,,0,0,,50,,On,0,0,,76,Auckland,Nil,,,,,0,0,Urban,0,,,Fine,Null
1719859,6045307,27290,,503100,0,0,0,1,0,Null,2006/2007,CAMERON ST,REYBURN ST,,Non-Injury Crash,No,2006,0,South,0,0,0,Flat,0,,0,,1,Dark,99904,0,0,0,2,0,1,0,0,0,,0,0,Northland Region,Nil,2-way,Sealed,0,0,0,0,50,0,On,0,0,,2,Whangarei District,Nil,0,0,0,0,0,0,Urban,0,0,0,Light rain,Null
1244033,4846330,27291,,611800,0,,0,2,,Null,2005/2006,DIPTON ST,LOCK ST,,Minor Crash,No,2006,,West,,0,,Flat,,,,,,Bright sun,3151103,2,0,0,2,,,0,,,,,,Southland Region,Nil,2-way,Sealed,,0,0,,50,,Null,0,0,,75,Invercargill City,Give way,,,,,0,0,Urban,0,,,Fine,Null
1760265,5434716,27292,,568702,0,0,0,1,0,East,2005/2006,WHITES LINE EAST,LEIGHTON AVENUE,,Minor Crash,No,2006,0,North,0,0,0,Flat,0,,0,,0,Dark,1977400,1,0,0,2,0,0,0,0,2,,0,0,Wellington Region,Nil,2-way,Sealed,0,0,0,0,50,0,On,0,0,,46,Lower Hutt City,Nil,0,0,0,0,0,0,Urban,2,0,0,Fine,Null
1929439,5606032,27293,,547700,1,,0,1,,Null,2005/2006,ST AUBYN ST WEST,GRAYS ROAD,,Minor Crash,No,2006,,North,,0,,Flat,,,,,,Overcast,1488300,1,0,0,2,,,0,,,,,,Hawke's Bay Region,Nil,2-way,Sealed,,0,0,,50,,Null,0,0,,30,Hastings District,Give way,,,,,0,0,Urban,0,,,Heavy rain,Null