X,Y,OBJECTID,advisorySpeed,areaUnitID,bicycle,bridge,bus,carStationWagon,cliffBank,crashDirectionDescription,crashFinancialYear,crashLocation1,crashLocation2,crashRoadSideRoad,crashSeverity,crashSHDescription,crashYear,debris,directionRoleDescription,ditch,fatalCount,fence,flatHill,guardRail,holiday,houseOrBuilding,intersection,kerb,light,meshblockId,minorInjuryCount,moped,motorcycle,NumberOfLanes,objectThrownOrDropped,otherObject,otherVehicleType,overBank,parkedVehicle,pedestrian,phoneBoxEtc,postOrPole,region,roadCharacter,roadLane,roadSurface,roadworks,schoolBus,seriousInjuryCount,slipOrFlood,speedLimit,strayAnimal,streetLight,suv,taxi,temporarySpeedLimit,tlaId,tlaName,trafficControl,trafficIsland,trafficSign,train,tree,truck,unknownVehicleType,urban,vanOrUtility,vehicle,waterRiver,weatherA,weatherB
1752912,5935090,27294,,508703,0,,0,2,,North,2005/2006,SH 1N,OTEHA VALLEY OBR,,Non-Injury Crash,Yes,2006,,South,,0,,Flat,,,,,,Overcast,178511,0,0,0,2,,,0,,,,,,Auckland Region,Nil,1-way,Sealed,,0,0,,100,,Off,0,0,,76,Auckland,Nil,,,,,0,0,Open,0,,,Fine,Null
1762668,5917417,27295,,516301,0,,0,2,,North,2006/2007,MEADOWBANK ROAD,REMUERA ROAD,,Minor Crash,No,2006,,North,,0,,Hill Road,,,,,,Overcast,458700,1,0,0,2,,,0,,,,,,Auckland Region,Nil,2-way,Sealed,,0,0,,50,,Off,0,0,,76,Auckland,Nil,,,,,0,0,Urban,0,,,Light rain,Null
1750754,5932727,27296,,508806,0,0,0,3,0,South,2005/2006,BASS ROAD,VINEWOOD DRIVE,,Non-Injury Crash,No,2006,0,South,0,0,0,Flat,0,,0,,0,Dark,179902,0,0,0,2,0,0,0,0,1,,0,0,Auckland Region,Nil,2-way,Sealed,0,0,0,0,50,0,On,1,0,,76,Auckland,Nil,0,0,0,1,0,0,Urban,0,0,0,Fine,Null
1756431,5927790,27297,,507900,0,,0,1,,Null,2006/2007,TAHAROTO ROAD,SHAKESPEARE ROAD,,Minor Crash,No,2006,,South,,0,,Flat,,,,,,Dark,305202,2,0,0,5,,,0,,,,,,Auckland Region,Nil,2-way,Sealed,,0,0,,50,,On,0,0,,76,Auckland,Traffic Signals,,,,,0,0,Urban,1,,,Heavy rain,Null
1719647,6046923,27298,,502800,0,0,0,2,0,North,2005/2006,KAMO ROAD,MILL ROAD,,Minor Crash,No,2006,0,North,0,0,0,Flat,0,,0,,0,Dark,96400,1,0,0,2,0,0,0,0,1,,0,0,Northland Region,Nil,2-way,Sealed,0,0,0,0,50,0,On,0,0,,2,Whangarei District,Nil,0,0,0,0,0,0,Urban,0,0,0,Fine,Null
1857300,5841116,27299,,536614,0,,0,0,,South,2005/2006,SH 2,LINDEMANN ROAD,,Serious Crash,Yes,2006,,North,,0,,Flat,,,,,,Overcast,1182100,0,0,0,2,,,0,,,,,,Bay of Plenty Region,Nil,2-way,Sealed,,0,1,,100,,Null,0,0,,22,Western Bay of Plenty District,Unknown,,,,,1,0,Open,1,,,Fine,Null
1405721,4915383,27300,,602900,0,,0,1,,Null,2005/2006,PRINCES ST,SOUTH ROAD,,Minor Crash,No,2006,,South,,0,,Flat,,,,,,Dark,2896600,1,0,0,4,,,0,,,1,,,Otago Region,Nil,2-way,Sealed,,0,0,,50,,On,0,0,,71,Dunedin City,Give way,,,,,0,0,Urban,0,,,Light rain,Null
1595233,5430846,27301,,581836,0,0,0,0,0,West,2005/2006,NEUDORF ROAD,BLACKBIRD VALLEY ROAD,,Non-Injury Crash,No,2006,0,North,0,0,1,Hill Road,0,,0,,0,Bright sun,2351600,0,0,0,2,0,0,0,0,0,,0,0,Tasman Region,Nil,2-way,Sealed,0,0,0,0,100,0,None,1,0,,51,Tasman District,Nil,0,0,0,0,0,0,Open,0,0,0,Fine,Null
1879122,5821475,27302,35,538102,0,0,0,1,0,Null,2006/2007,SH 2A,TURRET ROAD,,Minor Crash,Yes,2006,0,South,0,0,0,Flat,0,,0,,0,Dark,1168501,1,0,0,2,0,0,0,1,0,,0,0,Bay of Plenty Region,Nil,2-way,Sealed,0,0,0,0,50,0,On,0,0,,23,Tauranga City,Nil,0,0,0,1,0,0,Urban,0,0,0,Fine,Null
1571769,5180043,27303,,593501,0,,0,3,,Null,2005/2006,FITZGERALD AVENUE,HEREFORD ST,,Minor Crash,No,2006,,South,,0,,Flat,,,,,,Overcast,2608800,2,0,0,5,,,0,,,,,,Canterbury Region,Nil,2-way,Sealed,,0,0,,50,,Null,0,0,,60,Christchurch City,Traffic Signals,,,,,0,0,Urban,0,,,Fine,Null
1747073,5427838,27304,,575300,0,,0,0,,North,2006/2007,GLENMORE ST,KARORI TUNNEL,,Minor Crash,No,2006,,North,,0,,Flat,,,,,,Overcast,2152600,1,1,0,2,,,0,,,,,,Wellington Region,Nil,2-way,Sealed,,0,0,,50,,Off,0,0,,47,Wellington City,Nil,,,,,0,0,Urban,0,,,Light rain,Null
1879304,5764601,27305,,538850,0,,0,1,,North,2005/2006,SH 30,APIRANA ROAD N,,Non-Injury Crash,Yes,2006,,North,,0,,Hill Road,,Christmas New Year,,,,Bright sun,1264201,0,0,0,2,,,1,,,,,,Waikato Region,Nil,2-way,Sealed,,0,0,,100,,Null,0,0,,24,Rotorua District,Unknown,,,,,0,0,Open,0,,,Fine,Null
1727840,6019287,27306,,501815,0,,0,2,,North,2006/2007,SHOEMAKER ROAD,MILLBRIDGE ROAD,,Minor Crash,No,2006,,East,,0,,Hill Road,,,,,,Twilight,80500,1,0,0,2,,,0,,,,,,Northland Region,Nil,2-way,Sealed,,0,0,,100,,None,0,0,,2,Whangarei District,Nil,,,,,0,0,Open,0,,,Light rain,Null
1757017,5920824,27307,,514101,0,,0,2,,Null,2005/2006,FANSHAWE ST,STURDEE ST,,Non-Injury Crash,No,2006,,East,,0,,Flat,,,,,,Overcast,433003,0,0,0,2,,,0,,,,,,Auckland Region,Nil,2-way,Sealed,,0,0,,50,,Off,0,0,,76,Auckland,Nil,,,,,0,0,Urban,0,,,Fine,Null
1783103,5812734,27308,,526601,0,0,0,1,0,West,2005/2006,SH 23,GLENTUI LANE,,Fatal Crash,Yes,2006,0,East,0,1,0,Hill Road,0,,0,,0,Overcast,859500,0,0,0,2,0,0,0,0,0,,0,0,Waikato Region,Nil,2-way,Sealed,0,0,3,0,100,0,Off,0,0,,13,Waikato District,Nil,0,0,0,1,0,0,Open,0,0,0,Fine,Null
1745913,5943325,27309,,506614,1,,0,1,,South,2005/2006,KAHIKATEA FLAT ROAD,SELMAN ROAD,,Serious Crash,No,2006,,South,,0,,Hill Road,,,,,,Bright sun,177803,0,0,0,1,,,0,,,,,,Auckland Region,Nil,2-way,Sealed,,0,1,,100,,Off,0,0,,76,Auckland,Nil,,,,,0,0,Open,0,,,Fine,Null
1807686,5517421,27310,,563802,0,,0,1,,Null,2006/2007,SH 56,CAMPBELLS ROAD,,Non-Injury Crash,Yes,2006,,South,,0,,Flat,,,,,,Overcast,1852600,0,0,0,2,,,0,,,,,,Manawatū-Whanganui Region,Nil,2-way,Sealed,,0,0,,100,,Null,0,0,,42,Horowhenua District,Nil,,,,,0,0,Open,0,,,Light rain,Null
1753595,5927257,27311,,508210,0,0,1,0,0,Null,2006/2007,GLENFIELD ROAD,HIGH ROAD S,,Minor Crash,No,2006,0,West,0,0,0,Hill Road,0,,0,,0,Overcast,187300,1,0,0,2,0,0,0,0,0,,0,0,Auckland Region,Nil,2-way,Sealed,0,0,0,0,50,0,Null,0,0,,76,Auckland,Give way,0,0,0,1,0,0,Urban,0,0,0,Fine,Null
1617053,5424310,27312,,581715,0,0,0,1,0,Null,2006/2007,SALISBURY ROAD,LINK ROAD,,Minor Crash,No,2006,0,North,0,0,0,Flat,0,,0,,0,Dark,2359404,1,0,0,3,0,0,0,0,0,,0,0,Nelson Region,Nil,2-way,Sealed,0,0,0,0,80,0,On,0,0,,52,Nelson City,Give way,1,0,0,0,0,0,Open,0,0,0,Light rain,Null
1630344,5392274,27313,,580450,0,0,0,1,0,West,2006/2007,SH 63,LARKINS ROAD,,Serious Crash,Yes,2006,0,East,1,0,0,Flat,0,,0,,0,Overcast,2287400,0,0,0,2,0,0,0,0,0,,0,1,Marlborough Region,Nil,2-way,Sealed,0,0,1,0,100,0,Null,0,0,,53,Marlborough District,Nil,0,0,0,0,0,0,Open,0,0,0,Fine,Null
1868710,5712314,27314,,541740,0,,0,2,,Null,2006/2007,TAHAREPA ROAD,ROKINO ROAD,,Non-Injury Crash,No,2006,,East,,0,,Hill Road,,,,,,Bright sun,1267900,0,0,0,2,,,0,,,,,,Waikato Region,Nil,2-way,Sealed,,0,0,,50,,Null,0,0,,21,Taupo District,Give way,,,,,0,0,Urban,0,,,Fine,Null
1786731,5879224,27315,,521135,0,0,0,1,0,Null,2006/2007,MANGATAWHIRI ROAD,LYONS ROAD,,Non-Injury Crash,No,2006,0,West,0,0,1,Flat,0,,0,,0,Bright sun,843300,0,0,0,2,0,0,0,0,0,,0,1,Waikato Region,Nil,2-way,Sealed,0,0,0,0,100,0,None,0,0,,13,Waikato District,Nil,0,0,0,0,0,0,Open,0,0,0,Light rain,Null
1767111,5905525,27316,,524603,0,0,0,1,0,Null,2006/2007,REAGAN ROAD,GREAT SOUTH ROAD,,Non-Injury Crash,No,2006,0,West,0,0,0,Flat,0,,0,,0,Dark,780205,0,0,0,3,0,0,0,0,0,,0,0,Auckland Region,Nil,2-way,Sealed,0,0,0,0,50,0,On,0,0,,76,Auckland,Traffic Signals,0,1,0,0,0,0,Urban,0,0,0,Light rain,Null
1883414,5827205,27317,,536821,1,,0,1,,North,2006/2007,OCEANBEACH ROAD,GOLF ROAD,,Minor Crash,No,2006,,South,,0,,Flat,,,,,,Bright sun,1199000,1,0,0,2,,,0,,,,,,Bay of Plenty Region,Nil,2-way,Sealed,,0,0,,50,,Null,0,0,,23,Tauranga City,Unknown,,,,,0,0,Urban,0,,,Fine,Null
1573606,5182960,27318,,592811,0,0,0,2,0,West,2006/2007,NEW BRIGHTON ROAD,CRESSWELL AVENUE E,,Minor Crash,No,2006,0,West,0,0,0,Flat,0,,0,,0,Dark,2602400,1,0,0,2,0,0,0,0,2,,0,0,Canterbury Region,Nil,2-way,Sealed,0,0,0,0,50,0,On,0,0,,60,Christchurch City,Unknown,0,0,0,0,0,0,Urban,1,0,0,Fine,Null
1933433,5783811,27319,,542300,0,0,0,1,0,North,2006/2007,TE TEKO ROAD,SH 30,,Fatal Crash,No,2006,0,South,0,1,0,Flat,0,,0,,0,Dark,1324201,0,0,0,2,0,0,0,0,0,,0,0,Bay of Plenty Region,Nil,2-way,Sealed,0,0,0,0,50,0,On,0,0,,25,Whakatane District,Nil,0,0,0,0,0,0,Urban,0,0,0,Fine,Null
1569135,5178878,27320,,594700,0,,0,2,,Null,2006/2007,HARMAN ST,GROVE ROAD,,Minor Crash,No,2006,,East,,0,,Flat,,,,,,Overcast,2659302,1,0,0,2,,,0,,,,,,Canterbury Region,Nil,2-way,Sealed,,0,0,,50,,Null,0,0,,60,Christchurch City,Stop,,,,,0,0,Urban,0,,,Heavy rain,Null
1842578,5816644,27321,,535220,0,0,0,0,0,South,2005/2006,SH 27,LINK ROAD,,Non-Injury Crash,Yes,2006,0,South,1,0,0,Flat,0,,0,,0,Dark,1117000,0,0,0,2,0,0,0,0,0,,0,0,Waikato Region,Nil,2-way,Sealed,0,0,0,0,50,0,On,0,0,,15,Matamata-Piako District,Unknown,0,0,0,0,1,0,Urban,0,0,0,Fine,Null
1932524,5618030,27322,,547100,1,0,0,1,0,North,2005/2006,KENNEDY ROAD,LAMASON ST,,Minor Crash,No,2006,0,North,0,0,0,Flat,0,,0,,0,Bright sun,1454900,1,0,0,2,0,0,0,0,1,,0,0,Hawke's Bay Region,Nil,2-way,Sealed,0,0,0,0,50,0,Null,0,0,,31,Napier City,Nil,0,0,0,0,0,0,Urban,0,0,0,Fine,Null
1797132,5816490,27323,,528504,0,,0,1,,South,2006/2007,KARAKA ST,BRIGHTWELL PLACE,,Serious Crash,No,2006,,North,,0,,Flat,,,,,,Bright sun,976713,0,0,0,2,,,0,,,1,,,Waikato Region,Nil,2-way,Sealed,,0,1,,50,,Off,0,0,,16,Hamilton City,Nil,,,,,0,0,Urban,0,,,Fine,Null
1805899,5679092,27324,,532601,0,0,0,2,0,North,2006/2007,SH 4,OIO ROAD,,Minor Crash,Yes,2006,0,North,1,0,0,Flat,0,,0,,0,Overcast,1022500,1,0,0,2,0,0,0,0,0,,0,0,Manawatū-Whanganui Region,Nil,2-way,Sealed,0,0,0,0,100,0,Null,0,0,,36,Ruapehu District,Nil,0,0,0,0,0,0,Open,0,0,0,Fine,Null
1760968,5917240,27325,,516202,0,,0,1,,Null,2006/2007,RANGITOTO AVENUE,RAKAU ST,,Serious Crash,No,2006,,East,,0,,Flat,,,,,,Twilight,489400,0,0,0,2,,,0,,,,,,Auckland Region,Nil,2-way,Sealed,,0,1,,50,,Off,0,0,,76,Auckland,Nil,,,,,1,0,Urban,0,,,Fine,Null
1909334,5577453,27326,,549200,0,0,0,2,0,Null,2005/2006,SH 2,ARGYLL ROAD,,Minor Crash,Yes,2006,0,North,1,0,0,Flat,0,,0,,0,Bright sun,1511101,2,0,0,2,0,0,0,0,0,,0,0,Hawke's Bay Region,Nil,2-way,Sealed,0,0,0,0,100,0,Null,0,0,,32,Central Hawke's Bay District,Give way,0,1,0,0,0,0,Open,0,0,0,Fine,Null
1767446,5904930,27327,,524604,0,,0,2,,East,2005/2006,TE IRIRANGI DRIVE,GREAT SOUTH ROAD,,Non-Injury Crash,No,2006,,West,,0,,Flat,,,,,,Bright sun,780302,0,0,0,2,,,0,,,,,,Auckland Region,Bridge,2-way,Sealed,,0,0,,50,,Off,1,0,,76,Auckland,Nil,,,,,0,0,Urban,0,,,Fine,Null
1775788,5882928,27328,,521160,0,0,0,1,0,North,2005/2006,SH 1N,MILL OBR,,Non-Injury Crash,Yes,2006,0,North,0,0,0,Hill Road,0,Christmas New Year,0,,0,Overcast,827603,0,0,0,2,0,0,0,0,0,,0,1,Auckland Region,Nil,1-way,Sealed,0,0,0,0,100,0,Off,0,0,,76,Auckland,Nil,0,0,0,0,0,0,Open,0,0,0,Heavy rain,Null
1807082,5809949,27329,,527131,0,,0,3,,Null,2005/2006,SH 21,NEWELL ROAD,,Minor Crash,Yes,2006,,South,,0,,Flat,,,,,,Twilight,960300,1,0,0,2,,,0,,,,,,Waikato Region,Nil,2-way,Sealed,,0,0,,100,,On,0,0,,13,Waikato District,Stop,,,,,0,0,Open,1,,,Fine,Null
1756706,5920767,27330,,514101,0,,0,1,,East,2005/2006,FANSHAWE ST,HALSEY ST,,Minor Crash,No,2006,,East,,0,,Flat,,,,,,Overcast,440114,1,0,0,6,,,0,,,1,,,Auckland Region,Nil,2-way,Sealed,,0,0,,50,,Off,0,0,,76,Auckland,Nil,,,,,0,0,Urban,0,,,Fine,Null
1745790,5920513,27331,,513301,0,,0,1,,East,2005/2006,SH 16,LINCOLN OBR,,Non-Injury Crash,Yes,2006,,West,,0,,Flat,,,,,,Bright sun,230301,0,0,0,2,,,0,,,,,,Auckland Region,Nil,1-way,Sealed,,0,0,,100,,Off,0,0,,76,Auckland,Nil,,,,,1,0,Open,2,,,Fine,Null
1765660,5901411,27332,,524604,0,,0,2,,North,2006/2007,ROSCOMMON ROAD,BROWNS ROAD,,Non-Injury Crash,No,2006,,South,,0,,Flat,,,,,,Dark,781302,0,0,0,4,,,0,,,,,,Auckland Region,Nil,2-way,Sealed,,0,0,,50,,On,0,0,,76,Auckland,Traffic Signals,,,,,0,0,Urban,0,,,Fine,Null
1568313,5184004,27333,,591900,0,,0,2,,North,2005/2006,MAIN NORTH ROAD,PAPANUI ROAD,,Minor Crash,No,2006,,North,,0,,Flat,,,,,,Dark,2661900,1,0,0,2,,,0,,,,,,Canterbury Region,Nil,2-way,Sealed,,0,0,,50,,On,0,0,,60,Christchurch City,Nil,,,,,0,0,Urban,0,,,Fine,Null
1760756,5914758,27334,,519500,0,,0,1,,Null,2005/2006,GREAT SOUTH ROAD,ROCKFIELD ROAD,,Minor Crash,No,2006,,North,,0,,Flat,,Easter,,,,Overcast,620400,1,0,0,4,,,0,,,,,,Auckland Region,Nil,2-way,Sealed,,0,0,,50,,Off,0,0,,76,Auckland,Give way,,,,,1,0,Urban,0,,,Fine,Null
1928497,5604364,27335,,547900,0,0,0,0,0,North,2005/2006,MONTGOMERY ST,MONTGOMERY PLACE,,Non-Injury Crash,No,2006,0,South,0,0,0,Flat,0,,0,,0,Bright sun,1482300,0,0,0,2,0,0,0,0,0,,0,1,Hawke's Bay Region,Nil,2-way,Sealed,0,0,0,0,50,0,Null,1,0,,30,Hastings District,Nil,0,0,0,0,0,0,Urban,0,0,0,Fine,Null
1806928,5845508,27336,,527111,0,0,0,1,1,East,2006/2007,TAHUNA ROAD,TE HOE ROAD,,Minor Crash,No,2006,0,West,1,0,0,Flat,0,,0,,0,Overcast,941300,1,0,0,2,0,0,0,0,0,,0,0,Waikato Region,Nil,2-way,Sealed,0,0,0,0,100,0,None,0,0,,13,Waikato District,Nil,0,0,0,0,0,0,Open,0,0,0,Mist or Fog,Null
1763371,5911320,27337,,520500,0,,0,1,,North,2005/2006,GREAT SOUTH ROAD,MOUNT RICHMOND DRIVE,,Non-Injury Crash,No,2006,,North,,0,,Flat,,,,,,Overcast,637702,0,0,0,2,,,0,,,,,,Auckland Region,Nil,2-way,Sealed,,0,0,,50,,Off,0,0,,76,Auckland,Nil,,,,,0,0,Urban,1,,,Fine,Null
1950891,5791933,27338,,542410,0,0,0,2,0,East,2006/2007,Z CPK NEW WORLD,BUDDLE ST,,Non-Injury Crash,No,2006,0,South,0,0,0,Flat,0,,0,,0,Overcast,1305300,0,0,0,0,0,0,0,0,1,,0,0,Bay of Plenty Region,Nil,Off road,Sealed,0,0,0,0,30,0,Null,0,0,,25,Whakatane District,Unknown,0,0,0,0,0,0,Urban,0,0,0,Fine,Null
1876515,5826099,27339,,537100,0,0,0,1,0,South,2006/2007,CARLTON ST,EMILY PLACE,,Minor Crash,No,2007,0,South,0,0,0,Flat,0,,0,,1,Bright sun,1158401,1,0,0,2,0,0,0,0,0,1,0,1,Bay of Plenty Region,Nil,2-way,Sealed,0,0,0,0,50,0,Null,0,0,,23,Tauranga City,Unknown,0,0,0,0,0,0,Urban,0,0,0,Fine,Null
1754487,5927017,27340,,508610,0,0,1,0,0,Null,2006/2007,CORONATION ROAD,LYNDEN AVENUE,,Serious Crash,No,2006,0,East,0,0,0,Flat,0,,0,,0,Bright sun,205700,0,0,1,2,0,0,0,0,0,,0,1,Auckland Region,Nil,2-way,Sealed,0,0,1,0,50,0,Off,0,0,,76,Auckland,Nil,0,0,0,0,0,0,Urban,0,0,0,Fine,Null
1777263,5448237,27341,,566620,1,,0,1,,South,2005/2006,SH 2,TOPAZ ST,,Minor Crash,Yes,2006,,South,,0,,Flat,,,,,,Dark,1912112,1,0,0,2,,,0,,,,,,Wellington Region,Nil,2-way,Sealed,,0,0,,80,,None,0,0,,45,Upper Hutt City,Nil,,,,,0,0,Open,0,,,Fine,Null
1572671,5199961,27342,,586129,0,,0,1,,Null,2005/2006,SH 1S,WILLIAMS ST,,Serious Crash,Yes,2006,,North,,0,,Flat,,,,,,Bright sun,2447900,3,0,0,3,,,0,,,,,,Canterbury Region,Nil,2-way,Sealed,,0,1,,100,,Null,1,0,,59,Waimakariri District,Give way,,,,,0,0,Open,0,,,Fine,Null
1747262,5428484,27343,,575200,0,,0,0,,East,2006/2007,NORTHLAND ROAD,WOBURN ROAD,,Minor Crash,No,2006,,South,,0,,Hill Road,,,,,,Overcast,2150700,1,0,0,2,,,0,,,,,,Wellington Region,Nil,2-way,Sealed,,0,0,,50,,Null,0,0,,47,Wellington City,Nil,,,,,1,0,Urban,1,,,Light rain,Null
1755901,5922882,27344,,509800,0,,0,1,,North,2006/2007,SH 1N,SHELLY OFF SBD,,Minor Crash,Yes,2006,,South,,0,,Hill Road,,,,,,Bright sun,359300,1,0,0,4,,,0,,,,,,,Bridge,1-way,Sealed,,0,0,,80,,Off,1,0,,76,Auckland,Nil,,,,,0,0,Open,0,,,Fine,Null
1805029,5814627,27345,,530600,0,,0,2,,Null,2006/2007,SILVERDALE ROAD,MASTERS AVENUE,,Minor Crash,No,2006,,South,,0,,Flat,,,,,,Overcast,885000,4,0,0,2,,,0,,,,,,Waikato Region,Nil,2-way,Sealed,,0,0,,50,,Null,0,0,,16,Hamilton City,Give way,,,,,0,0,Urban,1,,,Fine,Null
1759884,5906059,27346,,524200,0,0,0,1,0,West,2006/2007,PLUMLEY CRESCENT,FARNBOROUGH CRESCENT W,,Non-Injury Crash,No,2006,0,East,0,0,1,Flat,0,,0,,0,Overcast,727903,0,0,0,2,0,0,0,0,0,,0,0,Auckland Region,Nil,2-way,Sealed,0,0,0,0,50,0,Off,0,0,,76,Auckland,Nil,0,0,0,0,0,0,Urban,0,0,0,Light rain,Null
1867655,5824902,27347,,536620,0,0,0,1,0,Null,2006/2007,SH 2,TE PUNA STM BR,,Non-Injury Crash,Yes,2006,0,East,0,0,0,Hill Road,0,,0,,0,Bright sun,1188900,0,0,0,2,0,0,0,1,0,,0,0,Bay of Plenty Region,Bridge,2-way,Sealed,0,0,0,0,100,0,Null,0,0,,22,Western Bay of Plenty District,Unknown,0,0,0,0,0,0,Open,0,0,1,Fine,Null
1776688,5446026,27348,,567902,0,,0,2,,South,2005/2006,MANGAROA HILL ROAD,HILLSIDE DRIVE,,Minor Crash,No,2006,,North,,0,,Flat,,,,,,Dark,1915400,1,0,0,1,,,0,,,,,,Wellington Region,Nil,2-way,Sealed,,0,0,,100,,On,0,0,,45,Upper Hutt City,Nil,,,,,0,0,Open,0,,,Fine,Null
1783211,5603157,27349,,558300,0,,0,1,,North,2006/2007,WHANGANUI RIVER ROAD,SH 4,,Minor Crash,No,2006,,South,,0,,Flat,,,,,,Overcast,1688200,1,0,0,2,,,0,,,,,,Manawatū-Whanganui Region,Nil,2-way,Sealed,,0,0,,100,,Null,1,0,,37,Whanganui District,Nil,,,,,0,0,Open,0,,,Mist or Fog,Null
1754881,5915261,27350,,517703,0,,0,2,,Null,2006/2007,KIWITEA ST,PARRY ST,,Minor Crash,No,2006,,East,,0,,Flat,,,,,,Overcast,538700,1,0,0,1,,,0,,,,,,Auckland Region,Nil,2-way,Sealed,,0,0,,50,,Off,0,0,,76,Auckland,Stop,,,,,0,0,Urban,0,,,Light rain,Null
1758003,5920615,27351,,514103,0,,0,2,,Null,2005/2006,SHORT ST,ANZAC AVENUE,,Non-Injury Crash,No,2006,,North,,0,,Flat,,,,,,Overcast,438402,0,0,0,4,,,0,,,,,,Auckland Region,Nil,2-way,Sealed,,0,0,,50,,Off,0,0,,76,Auckland,Give way,,,,,0,0,Urban,0,,,Fine,Null
1803659,5777224,27352,,531304,0,,0,1,,North,2005/2006,SH 3,PUKETARATA ROAD,,Minor Crash,Yes,2006,,South,,0,,Flat,,,,,,Bright sun,999300,1,0,0,2,,,0,,,,,,Waikato Region,Nil,2-way,Sealed,,0,0,,100,,Null,0,0,,18,Ōtorohanga District,Unknown,,,,,0,0,Open,0,,,Fine,Strong wind
1746736,5918227,27353,,512401,0,,0,1,,North,2006/2007,TE ATATU ROAD,TIROROA AVENUE,,Serious Crash,No,2006,,North,,0,,Flat,,,,,,Twilight,256600,0,0,0,2,,,0,,,1,,,Auckland Region,Nil,2-way,Sealed,,0,1,,50,,On,0,0,,76,Auckland,Unknown,,,,,0,0,Urban,0,,,Fine,Null
1764853,5440734,27354,35,568201,0,0,0,1,0,South,2006/2007,HIGH ST,FARMER CRESCENT,,Minor Crash,No,2006,0,North,0,0,0,Flat,0,,0,,0,Dark,1934800,1,0,0,2,0,0,0,0,0,,0,1,Wellington Region,Nil,2-way,Sealed,0,0,0,0,50,0,On,0,0,,46,Lower Hutt City,Nil,0,0,0,0,0,0,Urban,0,0,0,Light rain,Strong wind
1777834,5875935,27355,,521131,0,0,0,1,0,West,2006/2007,POKENO ROAD,MUNRO ROAD,,Minor Crash,No,2006,0,West,0,0,1,Flat,0,,0,,0,Dark,842300,1,0,0,2,0,0,0,1,0,,0,0,Waikato Region,Nil,2-way,Sealed,0,0,0,0,100,0,None,0,0,,13,Waikato District,Nil,0,0,0,0,0,0,Open,0,0,0,Heavy rain,Null
1851354,5765981,27356,,535350,0,,0,2,,Null,2005/2006,MANNERING ST,DREGHORN PLACE,,Non-Injury Crash,No,2006,,North,,0,,Flat,,,,,,Bright sun,1143100,0,0,0,2,,,0,,,,,,Waikato Region,Nil,2-way,Sealed,,0,0,,50,,Null,0,1,,19,South Waikato District,Nil,,,,,0,0,Urban,0,,,Fine,Null
1570627,5182033,27357,,592402,0,,0,1,,South,2005/2006,COLOMBO ST,EDGEWARE ROAD,,Minor Crash,No,2006,,North,,0,,Flat,,,,,,Dark,2688400,1,0,0,2,,,0,,,1,,,Canterbury Region,Nil,2-way,Sealed,,0,0,,50,,On,0,0,,60,Christchurch City,Unknown,,,,,0,0,Urban,0,,,Fine,Null
1748920,5425181,27358,,576400,0,,0,1,,South,2006/2007,RIDDIFORD ST,MEIN ST,,Serious Crash,No,2006,,North,,0,,Flat,,,,,,Overcast,2166900,0,0,0,2,,,0,,,1,,,Wellington Region,Nil,2-way,Sealed,,0,1,,50,,Null,0,0,,47,Wellington City,Nil,,,,,0,0,Urban,0,,,Fine,Null
1708284,5682356,27359,,550700,0,,0,1,,Null,2005/2006,SH 3,PRINCESS ST,,Minor Crash,Yes,2006,,East,,0,,Flat,,,,,,Overcast,1550800,1,0,0,2,,,0,,,,,,Taranaki Region,Nil,2-way,Sealed,,0,0,,100,,Null,0,0,,33,New Plymouth District,Stop,,,,,1,0,Open,0,,,Fine,Null
1754915,5888784,27360,,521122,0,0,0,1,0,West,2005/2006,CLARKS BEACH ROAD,DELL ROAD,,Minor Crash,No,2006,0,East,0,0,1,Flat,0,,0,,0,Twilight,811100,1,0,0,2,0,0,0,0,0,,0,1,Auckland Region,Nil,2-way,Sealed,0,0,0,0,100,0,None,0,0,,76,Auckland,Nil,0,0,0,0,0,0,Open,0,0,0,Fine,Null
1768001,5904355,27361,,523722,0,0,0,1,0,North,2006/2007,SH 1N,REDOUBT OBR,,Minor Crash,Yes,2007,0,South,0,0,0,Flat,1,,0,,0,Dark,715805,1,0,0,2,0,0,0,0,0,,0,0,Auckland Region,Nil,1-way,Sealed,0,0,0,0,100,0,On,0,0,,76,Auckland,Nil,0,0,0,0,0,0,Open,0,0,0,Fine,Null
1756442,5927024,27362,,507900,0,,0,4,,South,2005/2006,NORTHCOTE OFF NBD,NORTHCOTE ROAD E,,Minor Crash,Yes,2006,,North,,0,,Hill Road,,,,,,Overcast,303501,2,0,0,1,,,0,,,,,,Auckland Region,Motorway ramp,1-way,Sealed,,0,0,,50,,None,0,1,,76,Auckland,Nil,,,,,0,0,Urban,0,,,Light rain,Null
1756528,5914832,27363,,518302,0,,0,2,,South,2005/2006,MOUNT EDEN ROAD,REWA ROAD,,Minor Crash,No,2006,,North,,0,,Flat,,,,,,Dark,558900,2,0,0,2,,,0,,,,,,Auckland Region,Nil,2-way,Sealed,,0,0,,50,,On,0,0,,76,Auckland,Give way,,,,,0,0,Urban,0,,,Heavy rain,Null