X,Y,OBJECTID,advisorySpeed,areaUnitID,bicycle,bridge,bus,carStationWagon,cliffBank,crashDirectionDescription,crashFinancialYear,crashLocation1,crashLocation2,crashRoadSideRoad,crashSeverity,crashSHDescription,crashYear,debris,directionRoleDescription,ditch,fatalCount,fence,flatHill,guardRail,holiday,houseOrBuilding,intersection,kerb,light,meshblockId,minorInjuryCount,moped,motorcycle,NumberOfLanes,objectThrownOrDropped,otherObject,otherVehicleType,overBank,parkedVehicle,pedestrian,phoneBoxEtc,postOrPole,region,roadCharacter,roadLane,roadSurface,roadworks,schoolBus,seriousInjuryCount,slipOrFlood,speedLimit,strayAnimal,streetLight,suv,taxi,temporarySpeedLimit,tlaId,tlaName,trafficControl,trafficIsland,trafficSign,train,tree,truck,unknownVehicleType,urban,vanOrUtility,vehicle,waterRiver,weatherA,weatherB
1716826,6057378,27364,,502001,0,0,0,1,0,North,2006/2007,SH 1N,PIANO HILL ROAD,,Serious Crash,Yes,2006,0,South,1,0,1,Flat,0,,0,,0,Bright sun,64402,1,0,0,2,0,0,0,0,0,,0,0,Northland Region,Nil,2-way,Sealed,0,0,1,0,100,0,Null,0,0,,2,Whangarei District,Unknown,0,0,0,0,0,0,Open,0,0,0,Fine,Null
1763073,5907946,27365,,524530,0,,0,1,,Null,2006/2007,MASSEY ROAD,VINE ST,,Serious Crash,No,2006,,North,,0,,Flat,,,,,,Bright sun,733300,1,0,1,2,,,0,,,,,,Auckland Region,Nil,2-way,Sealed,,0,1,,50,,Off,0,0,,76,Auckland,Give way,,,,,0,0,Urban,0,,,Fine,Null
1887166,5772727,27366,,538732,0,,0,2,,Null,2005/2006,SH 30,TARAWERA ROAD,,Non-Injury Crash,Yes,2006,,West,,0,,Flat,,,,,,Bright sun,1255600,0,0,0,2,,,0,,,,,,Bay of Plenty Region,Nil,2-way,Sealed,,0,0,,60,,Null,0,0,,24,Rotorua District,Give way,,,,,0,0,Urban,0,,,Fine,Null
1869432,5713016,27367,,541730,0,0,0,1,0,South,2006/2007,HINEMOA AVENUE,GILLIES AVENUE,,Non-Injury Crash,No,2006,0,East,0,0,0,Hill Road,0,,0,,0,Overcast,1269701,0,0,0,2,0,0,0,0,1,,0,0,Waikato Region,Nil,2-way,Sealed,0,0,0,0,50,0,Off,1,0,,21,Taupo District,Nil,0,0,0,0,0,0,Urban,0,0,0,Light rain,Null
1834484,5836745,27368,,534604,0,0,0,1,0,Null,2005/2006,SH 26,SEDDON ROAD,,Minor Crash,Yes,2006,0,North,0,0,0,Flat,0,,0,,0,Dark,1108100,1,0,0,2,0,0,0,0,0,,0,0,Waikato Region,Nil,2-way,Sealed,0,0,0,0,100,0,None,0,0,,15,Matamata-Piako District,Stop,0,1,0,0,0,0,Open,0,0,0,Fine,Null
1670816,5660074,27369,,553302,0,0,0,1,0,South,2006/2007,SH 45,PUNIHO PA ROAD,,Minor Crash,Yes,2006,0,South,1,0,1,Flat,0,,0,,0,Dark,1625900,1,0,0,2,0,0,0,0,0,,0,0,Taranaki Region,Nil,2-way,Sealed,0,0,0,0,100,0,None,0,0,,35,South Taranaki District,Nil,0,0,0,0,0,0,Open,0,0,0,Fine,Null
1760195,5907815,27370,,524403,0,,0,2,,South,2006/2007,SH 20,WALMSLEY OBR,,Minor Crash,Yes,2006,,North,,0,,Flat,,,,,,Bright sun,731105,1,0,0,2,,,0,,,,,,Auckland Region,Bridge,1-way,Sealed,,0,0,,100,,Off,0,0,,76,Auckland,Nil,,,,,0,0,Open,0,,,Fine,Null
1751135,5434773,27371,,573700,0,,0,1,,Null,2006/2007,BRODERICK ROAD,DOCTOR TAYLOR TERRACE,,Non-Injury Crash,No,2006,,West,,0,,Flat,,,,,,Bright sun,2082700,0,0,0,2,,,0,,,,,,Wellington Region,Nil,2-way,Sealed,,0,0,,50,,Null,1,0,,47,Wellington City,Nil,,,,,0,0,Urban,0,,,Fine,Null
1800809,5813544,27372,,529100,0,,0,2,,Null,2005/2006,PEMBROKE ST,SELWYN ST,,Non-Injury Crash,No,2006,,South,,0,,Hill Road,,,,,,Overcast,932300,0,0,0,2,,,0,,,,,,Waikato Region,Nil,2-way,Sealed,,0,0,,50,,Null,0,0,,16,Hamilton City,Traffic Signals,,,,,0,0,Urban,0,,,Heavy rain,Null
1414813,4916639,27373,,604902,0,0,0,1,1,West,2005/2006,HIGHCLIFF ROAD,CAMP ROAD,,Minor Crash,No,2006,0,West,0,0,0,Hill Road,0,,0,,0,Bright sun,2945400,1,0,0,2,0,0,0,0,0,,0,0,Otago Region,Nil,2-way,Sealed,0,0,0,0,100,0,Null,0,0,,71,Dunedin City,Unknown,0,0,0,0,0,0,Open,0,0,0,Fine,Null
1805842,5787247,27374,,527700,0,,0,1,,East,2005/2006,WHITMORE ST,SH 3,,Minor Crash,No,2006,,East,,0,,Flat,,Queens Birthday,,,,Dark,990400,1,0,0,2,,,0,,,1,,,Waikato Region,Nil,2-way,Sealed,,0,0,,50,,On,0,0,,17,Waipa District,Nil,,,,,0,0,Urban,0,,,Fine,Null
1752442,5916766,27375,,517901,0,0,0,2,0,North,2006/2007,WOODWARD ROAD,SPRINGLEIGH AVENUE,,Minor Crash,No,2006,0,South,0,0,1,Hill Road,0,,0,,1,Dark,524300,1,0,0,2,0,0,0,0,1,,0,0,Auckland Region,Nil,2-way,Sealed,0,0,0,0,50,0,On,0,0,,76,Auckland,Nil,0,0,0,1,0,0,Urban,0,0,0,Fine,Null
1754344,5912869,27376,,518901,0,,0,2,,Null,2006/2007,RICHARDSON ROAD,PLAYFAIR ROAD,,Minor Crash,No,2006,,North,,0,,Hill Road,,,,,,Bright sun,586000,2,0,0,2,,,0,,,,,,Auckland Region,Nil,2-way,Sealed,,0,0,,50,,Off,0,0,,76,Auckland,Stop,,,,,0,0,Urban,0,,,Fine,Null
1243948,4932716,27377,85,610020,0,0,0,0,1,South,2005/2006,SH 6,NOKOMAI ROAD,,Serious Crash,Yes,2006,0,South,0,0,0,Flat,0,,0,,0,Overcast,3041800,0,0,0,2,0,0,0,0,0,,0,0,Southland Region,Nil,2-way,Sealed,0,0,1,0,100,0,Null,1,0,,73,Southland District,Unknown,0,0,0,0,0,0,Open,0,0,0,Light rain,Null
1874915,5732943,27378,,541335,0,0,0,1,0,East,2006/2007,TUTUKAU ROAD,SH 1N,,Serious Crash,No,2006,0,East,0,0,0,Hill Road,0,,0,,0,Twilight,1277000,1,0,0,2,0,0,0,1,0,,0,0,Waikato Region,Nil,2-way,Sealed,0,0,1,0,100,0,None,0,0,,21,Taupo District,Unknown,0,0,0,1,0,0,Open,0,0,0,Light rain,Null
1756943,5447854,27379,,572100,0,0,0,1,0,East,2006/2007,SH 58,SH 1N,,Minor Crash,Yes,2006,0,East,0,0,0,Flat,0,,1,,1,Dark,2070000,1,0,0,2,0,0,0,1,0,,0,0,Wellington Region,Nil,2-way,Sealed,0,0,0,0,50,0,On,0,0,,44,Porirua City,Nil,0,0,0,0,0,0,Urban,0,0,1,Fine,Null
1568241,5183941,27380,,591900,0,,0,1,,West,2006/2007,HAREWOOD ROAD,PAPANUI ROAD,,Minor Crash,No,2006,,East,,0,,Flat,,,,,,Bright sun,2663000,1,0,0,2,,,0,,,1,,,Canterbury Region,Nil,2-way,Sealed,,0,0,,50,,Null,0,0,,60,Christchurch City,Unknown,,,,,0,0,Urban,0,,,Fine,Null
1698873,5678536,27381,,550902,0,,0,2,,South,2005/2006,HENWOOD ROAD,POHUTUKAWA PLACE,,Non-Injury Crash,No,2006,,North,,0,,Flat,,,,,,Dark,1563100,0,0,0,2,,,0,,,,,,Taranaki Region,Nil,2-way,Sealed,,0,0,,50,,On,0,0,,33,New Plymouth District,Nil,,,,,0,0,Urban,0,,,Fine,Null
1693880,5676026,27382,,552200,1,,0,0,,South,2005/2006,SH 3,PENDARVES ST,,Minor Crash,Yes,2006,,South,,0,,Hill Road,,,,,,Bright sun,1600600,1,1,0,2,,,0,,,,,,Taranaki Region,Nil,2-way,Sealed,,0,0,,50,,Null,0,0,,33,New Plymouth District,Nil,,,,,0,0,Urban,0,,,Fine,Null
1802828,5814112,27383,,530300,0,,0,1,,Null,2006/2007,GALLOWAY ST,NAYLOR ST,,Minor Crash,No,2006,,East,,0,,Flat,,,,,,Overcast,882300,1,0,0,2,,,0,,,,,,Waikato Region,Nil,2-way,Sealed,,0,0,,50,,Null,0,0,,16,Hamilton City,Traffic Signals,,,,,0,0,Urban,2,,,Light rain,Null
1783231,5926290,27384,,520801,0,,0,2,,West,2007/2008,SEA VIEW ROAD,EURA ROAD,,Minor Crash,No,2007,,East,,0,,Flat,,,,,,Dark,515203,2,0,0,2,,,0,,,,,,Auckland Region,Nil,2-way,Sealed,,0,0,,50,,On,0,0,,76,Auckland,Nil,,,,,0,0,Urban,0,,,Fine,Null
1859972,5541877,27385,,549800,0,,0,2,,South,2005/2006,SH 2,TAMAKI RIVER ROAD,,Serious Crash,Yes,2006,,West,,0,,Flat,,,,,,Bright sun,1538400,0,0,1,3,,,0,,,,,,Manawatū-Whanganui Region,Nil,2-way,Sealed,,0,1,,100,,Null,0,0,,41,Tararua District,Nil,,,,,0,0,Open,1,,,Fine,Null
1635147,6066342,27386,,500802,0,0,0,1,0,South,2005/2006,SH 12,NEWTON ROAD,,Minor Crash,Yes,2006,0,North,0,0,1,Hill Road,0,,0,,0,Overcast,26600,1,0,0,2,0,0,0,0,0,,0,1,Northland Region,Nil,2-way,Sealed,0,0,0,0,100,0,None,0,0,,1,Far North District,Nil,0,0,0,0,0,0,Open,0,0,0,Light rain,Null
1766025,5900490,27387,,524821,0,0,0,1,0,Null,2006/2007,ROSCOMMON ROAD,BURUNDI AVENUE,,Minor Crash,No,2006,0,North,0,0,1,Flat,0,,0,,0,Dark,774405,1,0,0,2,0,0,0,0,0,,0,0,Auckland Region,Nil,2-way,Sealed,0,0,0,0,50,0,On,0,0,,76,Auckland,Give way,0,1,0,0,0,0,Urban,0,0,0,Fine,Null
1754663,5912548,27388,,518803,0,,0,2,,Null,2005/2006,DOMINION ROAD,RICHARDSON ROAD,,Non-Injury Crash,No,2006,,South,,0,,Flat,,,,,,Dark,583600,0,0,0,2,,,0,,,,,,Auckland Region,Nil,2-way,Sealed,,0,0,,50,,On,0,0,,76,Auckland,Nil,,,,,0,0,Urban,0,,,Fine,Null
1756632,5924816,27389,,509702,0,,0,2,,North,2006/2007,SH 1N,ONEWA OBR,,Minor Crash,Yes,2006,,North,,0,,Flat,,,,,,Bright sun,366602,1,0,0,3,,,0,,,,,,Auckland Region,Nil,1-way,Sealed,,0,0,,100,,Off,0,0,,76,Auckland,Nil,,,,,0,0,Open,0,,,Fine,Null
1787177,5491091,27390,,564021,0,0,0,1,0,West,2005/2006,WAIKAWA BEACH ROAD,SH 1N,,Minor Crash,No,2006,0,East,0,0,0,Flat,0,,0,,0,Bright sun,1882200,1,0,0,2,0,0,0,0,0,,0,1,Manawatū-Whanganui Region,Nil,2-way,Sealed,0,0,0,0,100,0,Null,0,0,,42,Horowhenua District,Nil,0,0,0,0,0,0,Open,0,0,0,Fine,Null
1776238,5449006,27391,,566620,0,0,0,1,0,Null,2005/2006,AKATARAWA ROAD,GEMSTONE DRIVE,,Minor Crash,No,2006,0,West,0,0,1,Flat,0,,0,,0,Bright sun,1912002,1,0,0,2,0,0,0,1,0,,0,0,Wellington Region,Nil,2-way,Sealed,0,0,0,0,50,0,Null,0,0,,45,Upper Hutt City,Give way,0,0,0,0,0,0,Urban,0,0,0,Fine,Null
1222838,4867536,27392,,612740,0,,1,1,,East,2005/2006,BAXTER ROAD,LIMESTONE PLAINS ROAD,,Serious Crash,No,2006,,West,,0,,Hill Road,,,,,,Overcast,3184602,9,0,0,1,,,0,,,,,,Southland Region,Nil,2-way,Unsealed,,1,1,,100,,Null,0,0,,73,Southland District,Unknown,,,,,0,0,Open,0,,,Fine,Null
1351229,4855632,27393,60,607300,0,0,0,1,0,West,2005/2006,KARORO CREEK ROAD,THE NUGGETS ROAD,,Minor Crash,No,2006,0,East,0,0,1,Flat,0,,0,,0,Twilight,2997702,2,0,0,2,0,0,0,0,0,,0,0,Otago Region,Nil,2-way,Unsealed,0,0,0,0,100,0,None,0,0,,72,Clutha District,Unknown,0,0,0,0,0,0,Open,0,0,0,Fine,Null
1928503,5606043,27394,,548500,0,,0,2,,Null,2005/2006,MARAEKAKAHO ROAD,SOUTHAMPTON ST WEST,,Minor Crash,No,2006,,South,,0,,Flat,,,,,,Bright sun,1479600,1,0,0,3,,,0,,,,,,Hawke's Bay Region,Nil,2-way,Sealed,,0,0,,50,,Null,0,0,,30,Hastings District,Traffic Signals,,,,,0,0,Urban,0,,,Fine,Null
1771685,5899124,27395,,523911,0,0,0,2,0,South,2005/2006,PORCHESTER ROAD,CLARICE PLACE,,Non-Injury Crash,No,2006,0,North,0,0,0,Flat,0,,0,,0,Dark,767302,0,0,0,2,0,0,0,0,1,,0,0,Auckland Region,Nil,2-way,Sealed,0,0,0,0,50,0,On,0,0,,76,Auckland,Nil,0,0,0,0,0,0,Urban,0,0,0,Fine,Null
1769204,5901593,27396,,524901,0,0,0,1,0,East,2006/2007,HILL ROAD,CLAUDE ROAD,,Minor Crash,No,2006,0,East,0,0,0,Hill Road,0,,0,,0,Bright sun,756800,1,0,0,2,0,0,0,0,0,,0,1,Auckland Region,Nil,2-way,Sealed,0,0,0,0,50,0,Off,0,0,,76,Auckland,Nil,0,0,0,0,0,0,Urban,0,0,0,Fine,Null
1933768,5619670,27397,,546400,0,,0,1,,Null,2005/2006,SH 50,EXETER CRESCENT,,Minor Crash,Yes,2006,,North,,0,,Flat,,,,,,Overcast,1427600,1,1,0,4,,,0,,,,,,Hawke's Bay Region,Nil,2-way,Sealed,,0,0,,50,,Null,0,0,,31,Napier City,Give way,,,,,0,0,Urban,0,,,Fine,Null
1583719,5476912,27398,,581602,0,0,0,1,0,East,2005/2006,Z CPK BUXTON LANE,COMMERCIAL ST,,Minor Crash,No,2006,0,East,0,0,0,Flat,0,,0,,0,Overcast,2345200,1,0,0,0,0,0,0,0,1,,0,0,Tasman Region,Nil,Off road,Sealed,0,0,0,0,50,0,Null,1,0,,51,Tasman District,Nil,0,1,0,0,0,0,Urban,1,0,0,Fine,Null
1758595,5435980,27399,,569201,0,,0,2,,East,2006/2007,RAILWAY AVENUE,HUTT ROAD,,Minor Crash,No,2006,,West,,0,,Flat,,,,,,Overcast,1925100,1,0,0,2,,,0,,,,,,Wellington Region,Nil,2-way,Sealed,,0,0,,50,,Null,0,0,,46,Lower Hutt City,Nil,,,,,0,0,Urban,0,,,Light rain,Null
1766487,5912827,27400,,522920,0,,0,3,,West,2005/2006,PAKURANGA HIGHWAY,TI RAKAU DRIVE,,Minor Crash,No,2006,,West,,0,,Flat,,,,,,Overcast,683800,1,0,0,4,,,0,,,,,,Auckland Region,Nil,2-way,Sealed,,0,0,,80,,On,0,0,,76,Auckland,Nil,,,,,0,0,Open,0,,,Light rain,Null
1818519,5877962,27401,,533901,0,0,0,0,0,West,2005/2006,SH 25,ARAWA ST,,Serious Crash,Yes,2006,0,West,0,0,0,Flat,0,,0,,0,Dark,1067700,0,0,1,2,0,0,0,0,0,,0,0,Waikato Region,Nil,2-way,Sealed,0,0,1,0,100,0,None,0,0,,12,Hauraki District,Unknown,0,0,0,0,0,0,Open,0,0,0,Mist or Fog,Null
1694857,5673728,27402,,551022,0,,0,2,,Null,2007/2008,SH 3,JUNCTION ST,,Minor Crash,Yes,2007,,South,,0,,Hill Road,,,,,,Overcast,1557904,1,0,0,4,,,0,,,,,,Taranaki Region,Nil,2-way,Sealed,,0,0,,100,,Null,0,0,,33,New Plymouth District,Stop,,,,,0,0,Open,0,,,Fine,Null
1709109,5682989,27403,,550700,0,,0,2,,West,2006/2007,BAYLY ST,SH 3,,Minor Crash,No,2006,,East,,0,,Flat,,,,,,Bright sun,1550503,1,0,0,2,,,0,,,,,,Taranaki Region,Nil,2-way,Sealed,,0,0,,100,,Null,0,0,,33,New Plymouth District,Nil,,,,,0,0,Open,0,,,Fine,Null
1769306,5899716,27404,,525002,0,,0,0,,Null,2005/2006,MAHIA ROAD,HOLMES ROAD,,Serious Crash,No,2006,,West,,0,,Flat,,,,,,Dark,754100,1,0,0,2,,,0,,,,,,Auckland Region,Nil,2-way,Sealed,,0,1,,50,,On,0,0,,76,Auckland,Nil,,,,,1,0,Urban,1,,,Heavy rain,Null
1755301,5912142,27405,20,518701,0,,0,2,,East,2005/2006,RICHARDSON ROAD,MCKINNON ST,,Non-Injury Crash,No,2006,,East,,0,,Flat,,,,,,Bright sun,573200,0,0,0,2,,,0,,,,,,Auckland Region,Nil,2-way,Sealed,,0,0,,50,,Off,0,0,,76,Auckland,Nil,,,,,0,0,Urban,0,,,Fine,Null
1839873,5822410,27406,,534604,0,0,0,1,0,Null,2005/2006,SH 27,WALTON ROAD,,Serious Crash,Yes,2006,0,East,1,0,1,Flat,0,,0,,0,Dark,1098200,1,0,0,2,0,0,0,0,0,,0,0,Waikato Region,Nil,2-way,Sealed,0,0,1,0,100,0,On,0,0,,15,Matamata-Piako District,Stop,0,1,0,1,1,0,Open,0,0,0,Fine,Null
1793246,5513327,27407,,561500,0,1,0,1,0,Null,2005/2006,SH 1N,WHIROKINO TRESTLE,,Minor Crash,Yes,2006,1,South,0,0,0,Flat,0,,0,,0,Bright sun,1785600,2,0,0,2,0,0,0,0,0,,0,0,Manawatū-Whanganui Region,Bridge,2-way,Sealed,0,0,0,0,100,0,Null,0,0,,42,Horowhenua District,Nil,0,0,0,0,2,0,Open,0,0,0,Fine,Null
1244375,4851910,27408,,610700,0,,0,2,,North,2005/2006,SALFORD ST,CHELMSFORD ST,,Minor Crash,No,2006,,South,,0,,Flat,,,,,,Bright sun,3123700,1,0,0,2,,,0,,,,,,Southland Region,Nil,2-way,Sealed,,0,0,,50,,Null,0,0,,75,Invercargill City,Nil,,,,,0,0,Urban,0,,,Fine,Null
1765552,5879038,27409,,521121,0,,0,2,,Null,2006/2007,PATUMAHOE ROAD,POLLOCK ROAD,,Serious Crash,No,2006,,South,,0,,Hill Road,,,,,,Overcast,825000,0,0,0,2,,,0,,,,,,Auckland Region,Nil,2-way,Sealed,,0,2,,100,,None,0,0,,76,Auckland,Stop,,,,,0,0,Open,0,,,Fine,Null
1899263,5687686,27410,,541342,0,,0,0,,West,2006/2007,SH 5,MATEA ROAD,,Minor Crash,Yes,2006,,South,,0,,Hill Road,,,,,,Bright sun,1281002,1,0,1,2,,,0,,,,,,Bay of Plenty Region,Nil,2-way,Sealed,,0,0,,100,,Null,0,0,,21,Taupo District,Unknown,,,,,0,0,Open,0,,,Fine,Strong wind
1755381,5921984,27411,,515202,0,,0,2,,North,2005/2006,SH 1N,CURRAN ON NBD,,Non-Injury Crash,Yes,2006,,North,,0,,Hill Road,,,,,,Overcast,423600,0,0,0,4,,,0,,,,,,Auckland Region,Nil,1-way,Sealed,,0,0,,80,,Off,1,0,,76,Auckland,Nil,,,,,0,0,Open,0,,,Fine,Null
1866999,5714285,27412,,541710,0,,0,1,,Null,2006/2007,WAIRAKEI DRIVE,NORMAN SMITH ST,,Minor Crash,No,2006,,South,,0,,Hill Road,,,,,,Overcast,1275301,1,0,0,3,,,0,,,,,,Waikato Region,Nil,2-way,Sealed,,0,0,,50,,Off,1,0,,21,Taupo District,Give way,,,,,0,0,Urban,0,,,Fine,Null
1799849,5818943,27413,,529401,0,0,0,2,0,East,2005/2006,WYMER TERRACE,RIVER ROAD,,Non-Injury Crash,No,2006,0,South,0,0,0,Flat,0,,0,,0,Dark,879500,0,0,0,2,0,0,0,0,1,,0,0,Waikato Region,Nil,2-way,Sealed,0,0,0,0,50,0,On,0,0,,16,Hamilton City,Unknown,0,0,0,0,0,0,Urban,0,0,0,Fine,Null
1763780,5919827,27414,,516500,0,,0,0,,East,2005/2006,KOHIMARAMA ROAD,SELWYN AVENUE,,Non-Injury Crash,No,2006,,West,,0,,Flat,,,,,,Bright sun,501500,0,0,0,2,,,0,,,1,,,Auckland Region,Nil,2-way,Sealed,,0,0,,50,,Off,1,0,,76,Auckland,Nil,,,,,0,0,Urban,0,,,Fine,Null
1749478,5957492,27415,,506613,0,,0,1,,Null,2005/2006,SH 1N,PUHOI ROAD,,Minor Crash,Yes,2006,,North,,0,,Flat,,,,,,Twilight,147000,2,0,0,3,,,0,,,,,,Auckland Region,Nil,2-way,Sealed,,0,0,,100,,Off,0,0,,76,Auckland,Stop,,,,,1,0,Open,0,,,Fine,Null
1797395,5819833,27416,,528402,0,,0,2,,Null,2006/2007,PUKETE ROAD,WAIRERE DRIVE,,Minor Crash,No,2006,,South,,0,,Flat,,,,,,Dark,907402,1,0,0,2,,,0,,,,,,Waikato Region,Nil,2-way,Sealed,,0,0,,50,,On,0,0,,16,Hamilton City,Give way,,,,,0,0,Urban,0,,,Fine,Null
1808124,5786072,27417,75,527937,0,0,0,1,1,West,2005/2006,ARAPUNI ROAD,BROTHERHOOD ROAD,,Minor Crash,No,2006,0,North,0,0,0,Flat,0,,0,,0,Dark,989400,1,0,0,2,0,0,0,0,0,,0,0,Waikato Region,Nil,2-way,Sealed,0,0,0,0,100,0,Off,0,0,,17,Waipa District,Unknown,0,0,0,0,0,0,Open,0,0,0,Light rain,Null
1678007,5400921,27418,,581260,0,,0,0,,West,2006/2007,Z TAYLOR RESERVE,WITHERTAYLOR PASS,,Serious Crash,No,2006,,North,,0,,Flat,,Christmas New Year,,,,Overcast,2304700,0,0,1,0,,,0,,,,,,Marlborough Region,Nil,Off road,Unsealed,,0,1,,50,,Null,0,0,,53,Marlborough District,Nil,,,,,0,0,Urban,0,,,Fine,Null
1807496,5660350,27419,,532601,0,0,0,1,0,South,2005/2006,SH 4,SH 47,,Minor Crash,Yes,2006,0,South,1,0,0,Flat,0,,0,,0,Bright sun,1025400,2,0,0,2,0,0,0,0,0,,0,0,Manawatū-Whanganui Region,Nil,2-way,Sealed,0,0,0,0,100,0,Null,0,0,,36,Ruapehu District,Nil,0,0,0,0,0,0,Open,0,0,0,Fine,Null
1762335,5787910,27420,,531301,0,,0,2,,East,2005/2006,SH 31,LAKE ROAD,,Minor Crash,Yes,2006,,West,,0,,Flat,,,,,,Overcast,992900,1,0,0,2,,,0,,,,,,Waikato Region,Nil,2-way,Sealed,,0,0,,50,,Off,0,0,,18,Ōtorohanga District,Nil,,,,,0,0,Urban,0,,,Fine,Null
1771232,5576241,27421,,556000,0,0,0,1,0,Null,2006/2007,HEADS ROAD,GILBERD ST,,Serious Crash,No,2006,0,East,0,0,1,Flat,0,,0,,0,Dark,1716500,0,0,0,2,0,0,0,0,0,,0,1,Manawatū-Whanganui Region,Nil,2-way,Sealed,0,0,1,0,50,0,On,0,0,,37,Whanganui District,Nil,0,0,0,0,0,0,Urban,0,0,0,Fine,Null
1583916,5467192,27422,,581601,0,,0,0,,South,2005/2006,SH 60,WASHAWAY CREEK BR,,Non-Injury Crash,Yes,2006,,North,,0,,Flat,,,,,,Bright sun,2347100,0,0,0,2,,,0,,,,,,Tasman Region,Nil,2-way,Sealed,,0,0,,100,,Null,1,0,,51,Tasman District,Nil,,,,,0,0,Open,1,,,Fine,Null
1884379,5770782,27423,,540700,0,0,0,1,0,Null,2006/2007,SH 5,SH 30,,Non-Injury Crash,Yes,2006,0,North,0,0,0,Hill Road,0,,0,,0,Overcast,1246500,0,0,0,2,0,0,0,0,0,,0,1,Bay of Plenty Region,Nil,2-way,Sealed,0,0,0,0,50,0,Null,0,0,,24,Rotorua District,Give way,0,1,0,0,0,0,Urban,0,0,0,Heavy rain,Null
1719661,6046824,27424,,502800,0,,0,1,,Null,2006/2007,MANSE ST,MILL ST,,Non-Injury Crash,No,2006,,East,,0,,Flat,,,,,,Overcast,97000,0,0,0,2,,,0,,,,,,Northland Region,Nil,2-way,Sealed,,0,0,,50,,Off,0,0,,2,Whangarei District,Traffic Signals,,,,,0,0,Urban,1,,,Fine,Null
1767780,5903864,27425,30,524602,0,,0,1,,Null,2005/2006,GREAT SOUTH ROAD,MANUKAU OFF NBD,,Non-Injury Crash,No,2006,,North,,0,,Flat,,,,,,Bright sun,780417,0,0,0,2,,,0,,,,,,Auckland Region,Nil,2-way,Sealed,,0,0,,70,,Off,0,0,,76,Auckland,Traffic Signals,,,,,1,0,Urban,1,,,Light rain,Null
1744922,5923491,27426,,513521,0,,0,3,,Null,2005/2006,MOIRE ROAD,WEST HARBOUR DRIVE,,Non-Injury Crash,No,2006,,South,,0,,Flat,,,,,,Overcast,224218,0,0,0,2,,,0,,,,,,Auckland Region,Nil,2-way,Sealed,,0,0,,50,,Off,0,0,,76,Auckland,Give way,,,,,0,0,Urban,0,,,Fine,Null
1747520,5427696,27427,,575300,0,,0,1,,Null,2005/2006,PLUNKET ST,UPLAND ROAD,,Non-Injury Crash,No,2006,,North,,0,,Flat,,,,,,Overcast,2152900,0,0,0,2,,,0,,,,,,Wellington Region,Nil,2-way,Sealed,,0,0,,50,,Null,1,1,,47,Wellington City,Give way,,,,,0,0,Urban,0,,,Heavy rain,Null
1735271,5909533,27428,,513800,0,0,0,1,0,West,2005/2006,PIHA ROAD,ANAWHATA ROAD,,Serious Crash,No,2006,0,South,0,0,0,Hill Road,0,,0,,0,Dark,282007,1,0,0,2,0,0,0,1,0,,0,0,Auckland Region,Nil,2-way,Sealed,0,0,2,0,100,0,None,0,0,,76,Auckland,Unknown,0,0,0,0,0,0,Open,0,0,0,Fine,Null
1770343,5916657,27429,,522604,0,,0,1,,North,2006/2007,BUCKLANDS BEACH ROAD,WELLS ROAD,,Serious Crash,No,2006,,South,,0,,Flat,,,,,,Bright sun,677501,0,0,0,2,,,0,,,1,,,Auckland Region,Nil,2-way,Sealed,,0,1,,50,,Off,0,0,,76,Auckland,Nil,,,,,0,0,Urban,0,,,Fine,Null
1932139,5611571,27430,,545832,0,,0,0,,Null,2005/2006,BROOKFIELDS ROAD,PAKOWHAI ROAD,,Minor Crash,No,2006,,North,,0,,Flat,,,,,,Twilight,1403900,1,0,0,2,,,0,,,,,,Hawke's Bay Region,Nil,2-way,Sealed,,0,0,,70,,Off,1,0,,30,Hastings District,Give way,,,,,0,0,Urban,0,,,Fine,Null
1802184,5813945,27431,,530300,0,,0,2,,Null,2006/2007,NAYLOR ST,GREY ST,,Minor Crash,No,2006,,West,,0,,Flat,,Christmas New Year,,,,Overcast,881200,2,0,0,2,,,0,,,,,,Waikato Region,Nil,2-way,Sealed,,0,0,,50,,Null,0,0,,16,Hamilton City,Give way,,,,,0,0,Urban,0,,,Light rain,Null
1759858,5436973,27432,,569401,0,,0,0,,East,2006/2007,SH 2,MELLING LINK,,Minor Crash,Yes,2006,,West,,0,,Flat,,,,,,Overcast,1920100,1,0,1,3,,,0,,,,,,Wellington Region,Nil,2-way,Sealed,,0,0,,100,,Null,0,0,,46,Lower Hutt City,Nil,,,,,0,0,Open,1,,,Light rain,Null
1761214,5914924,27433,,520201,0,,0,1,,East,2006/2007,MAIN HIGHWAY,LADIES MILE,,Minor Crash,No,2006,,West,,0,,Flat,,,,,,Bright sun,611200,1,0,0,2,,,0,,,1,,,Auckland Region,Nil,2-way,Sealed,,0,0,,50,,Off,0,0,,76,Auckland,Nil,,,,,0,0,Urban,0,,,Fine,Null
1745963,5920014,27434,,513301,0,,0,2,,North,2005/2006,CENTRAL PARK DRIVE,PARAMOUNT DRIVE,,Fatal Crash,No,2006,,South,,1,,Flat,,,,,,Overcast,230401,0,0,0,2,,,0,,,,,,Auckland Region,Nil,2-way,Sealed,,0,0,,50,,Off,0,0,,76,Auckland,Give way,,,,,0,0,Urban,0,,,Light rain,Null