X,Y,OBJECTID,advisorySpeed,areaUnitID,bicycle,bridge,bus,carStationWagon,cliffBank,crashDirectionDescription,crashFinancialYear,crashLocation1,crashLocation2,crashRoadSideRoad,crashSeverity,crashSHDescription,crashYear,debris,directionRoleDescription,ditch,fatalCount,fence,flatHill,guardRail,holiday,houseOrBuilding,intersection,kerb,light,meshblockId,minorInjuryCount,moped,motorcycle,NumberOfLanes,objectThrownOrDropped,otherObject,otherVehicleType,overBank,parkedVehicle,pedestrian,phoneBoxEtc,postOrPole,region,roadCharacter,roadLane,roadSurface,roadworks,schoolBus,seriousInjuryCount,slipOrFlood,speedLimit,strayAnimal,streetLight,suv,taxi,temporarySpeedLimit,tlaId,tlaName,trafficControl,trafficIsland,trafficSign,train,tree,truck,unknownVehicleType,urban,vanOrUtility,vehicle,waterRiver,weatherA,weatherB
1769893,5899547,27435,,523911,0,,0,2,,North,2006/2007,SH 1N,TAKANINI OFF SBD,,Minor Crash,Yes,2006,,South,,0,,Flat,,,,,,Overcast,766500,1,0,0,2,,,0,,,,,,Auckland Region,Nil,1-way,Sealed,,0,0,,100,,Off,0,0,,76,Auckland,Nil,,,,,0,0,Open,1,,,Fine,Null
1929179,5605159,27436,,548200,1,,0,1,,Null,2006/2007,SOUTHAMPTON ST WEST,SOUTHAMPTON ROAD,,Minor Crash,No,2006,,North,,0,,Flat,,,,,,Dark,1488600,1,0,0,2,,,0,,,,,,Hawke's Bay Region,Nil,2-way,Sealed,,0,0,,50,,On,0,0,,30,Hastings District,Give way,,,,,0,0,Urban,0,,,Fine,Null
1729494,5997998,27437,,504900,0,,0,2,,South,2006/2007,SH 1N,SH 12,,Minor Crash,Yes,2006,,North,,0,,Hill Road,,,,,,Overcast,134201,2,0,0,2,,,0,,,,,,Northland Region,Nil,2-way,Sealed,,0,0,,100,,Off,0,0,,3,Kaipara District,Nil,,,,,0,0,Open,0,,,Heavy rain,Null
1768430,5900636,27438,,525101,0,0,0,2,0,Null,2005/2006,WEYMOUTH ROAD,RUSSELL ROAD,,Non-Injury Crash,No,2006,0,South,0,0,0,Flat,0,Queens Birthday,0,,1,Dark,771100,0,0,0,1,0,0,0,0,0,,0,0,Auckland Region,Nil,2-way,Sealed,0,0,0,0,50,0,On,0,0,,76,Auckland,Give way,0,0,0,1,0,0,Urban,0,0,0,Fine,Null
1756252,5927979,27439,,507900,0,,0,1,,South,2005/2006,WAIRAU ROAD,FORREST HILL ROAD,,Non-Injury Crash,No,2006,,North,,0,,Flat,,,,,,Bright sun,305202,0,0,0,4,,,0,,,,,,Auckland Region,Nil,2-way,Sealed,,0,0,,50,,Off,1,0,,76,Auckland,Nil,,,,,0,0,Urban,0,,,Fine,Null
1709389,5618597,27440,,554010,0,0,0,1,0,Null,2005/2006,GLOVER ROAD,KOROMIKO AVENUE,,Non-Injury Crash,No,2006,0,North,0,0,0,Flat,0,,0,,0,Bright sun,1641100,0,0,0,2,0,0,0,0,1,,0,0,Taranaki Region,Nil,2-way,Sealed,0,0,0,0,50,0,Null,0,0,,35,South Taranaki District,Give way,1,0,0,0,0,0,Urban,1,0,0,Fine,Null
1762340,5913409,27441,,520402,0,,0,1,,South,2005/2006,SH 1N,PENROSE OBR,,Non-Injury Crash,Yes,2006,,South,,0,,Flat,,Easter,,,,Bright sun,642200,0,0,0,3,,,0,,,,,,Auckland Region,Nil,1-way,Sealed,,0,0,,100,,Off,0,0,,76,Auckland,Nil,,,,,0,0,Open,1,,,Fine,Null
1768262,5905268,27442,,523722,0,0,0,1,0,East,2005/2006,TE IRIRANGI DRIVE,SHALIMAR PLACE,,Serious Crash,No,2006,0,West,0,0,1,Flat,0,,0,,0,Dark,715904,0,0,0,4,0,0,0,0,0,,0,0,Auckland Region,Nil,2-way,Sealed,0,0,1,0,50,0,On,0,0,,76,Auckland,Nil,1,0,0,1,0,0,Urban,0,0,0,Heavy rain,Null
1625535,5430849,27443,,582600,0,,0,1,,North,2005/2006,MAITAI VALLEY ROAD,NILE ST,,Serious Crash,No,2006,,West,,0,,Flat,,,,,,Bright sun,2321200,0,0,1,2,,,0,,,,,,Nelson Region,Nil,2-way,Sealed,,0,1,,50,,Null,0,0,,52,Nelson City,Nil,,,,,0,0,Urban,0,,,Fine,Null
1843110,5680830,27444,,541000,0,,0,1,,North,2006/2007,TAUTAHANGA ROAD,PATIKURA PLACE,,Minor Crash,No,2006,,North,,0,,Flat,,,,,,Bright sun,1285000,1,0,0,2,,,0,,,1,,,Waikato Region,Nil,2-way,Sealed,,0,0,,50,,Null,0,0,,21,Taupo District,Unknown,,,,,0,0,Urban,0,,,Fine,Null
1717029,6056931,27445,,502001,0,,0,1,,Null,2005/2006,SH 1N,PIANO HILL ROAD,,Fatal Crash,Yes,2006,,North,,1,,Flat,,,,,,Bright sun,64300,0,0,1,2,,,0,,,,,,Northland Region,Nil,2-way,Sealed,,0,0,,100,,None,0,0,,2,Whangarei District,Give way,,,,,0,0,Open,0,,,Fine,Null
1756628,5918484,27446,,515600,0,,0,2,,Null,2005/2006,NEW NORTH ROAD,CHARLOTTE ST,,Minor Crash,No,2006,,East,,0,,Flat,,,,,,Bright sun,421000,1,0,0,2,,,0,,,,,,Auckland Region,Nil,2-way,Sealed,,0,0,,50,,Off,0,0,,76,Auckland,Stop,,,,,0,0,Urban,0,,,Fine,Null
1931151,5613498,27447,,545831,0,,0,2,,Null,2005/2006,PAKOWHAI ROAD,ALLEN ROAD,,Non-Injury Crash,No,2006,,North,,0,,Flat,,,,,,Overcast,1404600,0,0,0,4,,,0,,,,,,Hawke's Bay Region,Nil,2-way,Sealed,,0,0,,100,,Null,0,0,,30,Hastings District,Give way,,,,,0,0,Open,1,,,Light rain,Null
1768783,5914121,27448,,522721,0,0,0,0,0,Null,2006/2007,CASCADES ROAD,PAKURANGA ROAD,,Non-Injury Crash,No,2006,0,West,0,0,1,Flat,0,,0,,0,Dark,681215,0,0,0,4,0,1,0,0,0,,0,0,Auckland Region,Nil,2-way,Sealed,0,0,0,0,60,0,On,1,0,,76,Auckland,Traffic Signals,1,1,0,0,0,0,Urban,0,0,0,Fine,Null
1670961,5407342,27449,,580449,0,,0,2,,East,2005/2006,SH 62,JEFFRIES ROAD,,Minor Crash,Yes,2006,,East,,0,,Flat,,,,,,Bright sun,2278200,2,0,0,2,,,0,,,,,,Marlborough Region,Nil,2-way,Sealed,,0,0,,100,,Null,0,0,,53,Marlborough District,Nil,,,,,0,0,Open,0,,,Fine,Null
1569233,5183177,27450,,591900,1,,0,0,,Null,2005/2006,MAYS ROAD,SCOTSTON AVENUE,,Serious Crash,No,2006,,East,,0,,Flat,,,,,,Dark,2661300,0,0,0,2,,,0,,,,,,Canterbury Region,Nil,2-way,Sealed,,0,1,,50,,On,1,0,,60,Christchurch City,Give way,,,,,0,0,Urban,0,,,Light rain,Null
1689080,6102333,27451,,500900,0,0,0,1,1,West,2006/2007,KERIKERI INLET ROAD,REINGA ROAD,,Minor Crash,No,2006,0,South,0,0,0,Hill Road,0,Labour Weekend,0,,0,Twilight,49302,2,0,0,2,0,0,0,0,0,,0,0,Northland Region,Nil,2-way,Sealed,0,0,0,0,100,0,None,0,0,,1,Far North District,Nil,0,0,0,0,0,0,Open,0,0,0,Fine,Null
1802184,5813945,27452,,530300,1,,0,1,,Null,2005/2006,GREY ST,NAYLOR ST,,Non-Injury Crash,No,2006,,South,,0,,Flat,,,,,,Twilight,881200,0,0,0,2,,,0,,,,,,Waikato Region,Nil,2-way,Sealed,,0,0,,50,,Off,0,0,,16,Hamilton City,Give way,,,,,0,0,Urban,0,,,Fine,Null
1767962,5901206,27453,,525001,0,0,0,2,0,North,2005/2006,JUTLAND ROAD,GLOUCESTER ROAD,,Non-Injury Crash,No,2006,0,East,0,0,0,Flat,0,,0,,0,Overcast,751800,0,0,0,2,0,0,0,0,1,,0,0,Auckland Region,Nil,2-way,Sealed,0,0,0,0,50,0,None,0,0,,76,Auckland,Nil,0,0,0,0,0,0,Urban,0,0,0,Fine,Null
1768746,5904566,27454,,523722,0,,0,2,,North,2006/2007,HOLLYFORD DRIVE,REDOUBT ROAD,,Non-Injury Crash,No,2006,,North,,0,,Flat,,,,,,Overcast,715909,0,0,0,4,,,0,,,,,,Auckland Region,Nil,2-way,Sealed,,0,0,,50,,Off,0,0,,76,Auckland,Traffic Signals,,,,,0,0,Urban,0,,,Fine,Null
1745690,5993776,27455,,506660,0,0,0,1,0,South,2006/2007,OCEAN VIEW ROAD,LAKE ROAD,,Non-Injury Crash,No,2006,0,North,0,0,0,Hill Road,1,Christmas New Year,0,,0,Bright sun,135300,0,0,0,2,0,0,0,1,0,,0,0,Auckland Region,Nil,2-way,Unsealed,0,0,0,0,100,0,None,0,0,,76,Auckland,Nil,0,0,0,0,0,0,Open,0,0,0,Fine,Null
1769631,5900272,27456,,524902,0,0,0,1,0,South,2006/2007,GREENMEADOWS AVENUE,MYERS ROAD,,Serious Crash,No,2006,0,North,0,0,1,Flat,0,,0,,1,Dark,759000,0,0,0,2,0,0,0,0,0,,0,0,Auckland Region,Nil,2-way,Sealed,0,0,1,0,50,0,On,0,0,,76,Auckland,Unknown,0,0,0,0,0,0,Urban,0,0,0,Fine,Null
1765767,5908163,27457,,523404,0,0,0,1,0,South,2005/2006,SH 1N,BAIRDS OBR,,Minor Crash,Yes,2006,0,North,0,0,0,Flat,1,,0,,0,Dark,696801,1,0,0,3,0,0,0,0,0,,0,0,Auckland Region,Nil,1-way,Sealed,0,0,0,0,100,0,On,1,0,,76,Auckland,Nil,0,0,0,0,0,0,Open,0,0,0,Light rain,Null
1571116,5182106,27458,,592600,0,,0,2,,Null,2005/2006,EDGEWARE ROAD,MADRAS ST,,Non-Injury Crash,No,2006,,North,,0,,Flat,,,,,,Bright sun,2694501,0,0,0,3,,,0,,,,,,Canterbury Region,Nil,2-way,Sealed,,0,0,,50,,Null,0,0,,60,Christchurch City,Traffic Signals,,,,,0,0,Urban,0,,,Fine,Null
1764326,5912301,27459,,520500,0,,0,2,,South,2005/2006,SH 1N,MT WGTN OBR,,Non-Injury Crash,Yes,2006,,South,,0,,Flat,,,,,,Overcast,639300,0,0,0,2,,,0,,,,,,Auckland Region,Nil,1-way,Sealed,,0,0,,100,,Off,0,0,,76,Auckland,Nil,,,,,0,0,Open,0,,,Fine,Null
1748349,5427449,27460,,573000,0,,0,1,,North,2005/2006,SH 1N,SOUTH PORTAL,,Minor Crash,Yes,2006,,North,,0,,Flat,,,,,,Overcast,2130500,1,0,1,3,,,0,,,,,,Wellington Region,Nil,1-way,Sealed,,0,0,,100,,Null,0,0,,47,Wellington City,Nil,,,,,0,0,Open,0,,,Fine,Null
1767896,5443529,27461,,564601,0,,0,2,,North,2006/2007,SH 2,WESTERN HUTT ON NBD,,Fatal Crash,Yes,2006,,East,,1,,Flat,,,,,,Bright sun,1903802,1,0,1,3,,,0,,,,,,Wellington Region,Nil,2-way,Sealed,,0,0,,100,,Null,0,0,,45,Upper Hutt City,Nil,,,,,0,0,Open,0,,,Fine,Null
1572430,5186768,27462,,590507,0,,0,3,,North,2006/2007,MARSHLAND ROAD,PRESTONS ROAD,,Minor Crash,No,2006,,South,,0,,Flat,,,,,,Bright sun,2503701,1,0,0,2,,,0,,,,,,Canterbury Region,Nil,2-way,Sealed,,0,0,,80,,Null,0,0,,60,Christchurch City,Unknown,,,,,0,0,Open,0,,,Fine,Null
1748500,5918819,27463,,514801,0,0,0,1,0,West,2006/2007,SH 16,PATIKI OBR,,Non-Injury Crash,Yes,2006,0,East,0,0,0,Flat,1,,0,,0,Bright sun,389300,0,0,0,3,0,0,0,0,0,,0,0,Auckland Region,Nil,1-way,Sealed,0,0,0,0,100,0,Off,0,0,,76,Auckland,Nil,0,0,0,0,0,0,Open,0,0,0,Light rain,Null
1743142,6005827,27464,,505022,0,,0,1,,Null,2006/2007,WINTLE ST,PEARL ST,,Non-Injury Crash,No,2006,,East,,0,,Hill Road,,Christmas New Year,,,,Bright sun,133411,0,0,1,2,,,0,,,,,,Northland Region,Nil,2-way,Sealed,,0,0,,50,,Off,0,0,,3,Kaipara District,Nil,,,,,0,0,Urban,0,,,Fine,Null
1883103,5826364,27465,,536821,0,,0,2,,South,2006/2007,MAUNGANUI ROAD,GOLF ROAD,,Non-Injury Crash,No,2006,,South,,0,,Flat,,,,,,Dark,1200200,0,0,0,4,,,0,,,,,,Bay of Plenty Region,Nil,2-way,Sealed,,0,0,,70,,On,0,1,,23,Tauranga City,Unknown,,,,,0,0,Urban,0,,,Fine,Null
1765059,5902846,27466,,524604,0,,0,1,,Null,2005/2006,ROSCOMMON ROAD,WIRI STATION ROAD S,,Minor Crash,No,2006,,North,,0,,Flat,,,,,,Overcast,781200,2,0,0,4,,,0,,,,,,Auckland Region,Nil,2-way,Sealed,,0,0,,80,,Off,1,0,,76,Auckland,Traffic Signals,,,,,0,0,Open,0,,,Light rain,Null
1753866,5918247,27467,,515432,0,,0,2,,East,2005/2006,ST LUKES OFF WBD,ST LUKES ROAD N,,Non-Injury Crash,Yes,2006,,West,,0,,Flat,,,,,,Dark,405500,0,0,0,2,,,0,,,,,,Auckland Region,Motorway ramp,1-way,Sealed,,0,0,,100,,On,0,0,,76,Auckland,Nil,,,,,0,0,Open,0,,,Fine,Null
1765988,5430012,27468,,565400,0,0,0,1,0,East,2005/2006,MOORES VALLEY ROAD,WHITCHER GROVE,,Minor Crash,No,2006,0,South,1,0,0,Flat,0,,0,,0,Overcast,2025802,1,0,0,2,0,0,0,0,0,,0,0,Wellington Region,Nil,2-way,Sealed,0,0,0,0,70,0,Null,0,0,,46,Lower Hutt City,Nil,0,0,0,0,0,0,Urban,0,0,0,Light rain,Null
1799947,5816441,27469,,529700,0,,0,2,,Null,2006/2007,ULSTER ST,ABBOTSFORD ST,,Non-Injury Crash,No,2006,,North,,0,,Flat,,,,,,Bright sun,909000,0,0,0,5,,,0,,,,,,Waikato Region,Nil,2-way,Sealed,,0,0,,60,,Off,0,0,,16,Hamilton City,Give way,,,,,0,0,Urban,0,,,Fine,Null
1729756,5940375,27470,,506800,0,,0,1,,Null,2006/2007,SH 16,AWAROA ROAD,,Minor Crash,Yes,2006,,East,,0,,Flat,,,,,,Dark,208500,1,0,0,2,,,0,,,1,,,Auckland Region,Nil,2-way,Sealed,,0,0,,50,,On,0,0,,76,Auckland,Nil,,,,,0,0,Urban,0,,,Fine,Null
1798092,5816153,27471,,528501,1,,0,1,,North,2006/2007,FOREST LAKE ROAD,AVALON DRIVE,,Minor Crash,No,2006,,South,,0,,Flat,,,,,,Bright sun,905300,1,0,0,3,,,0,,,,,,Waikato Region,Nil,2-way,Sealed,,0,0,,50,,Null,0,0,,16,Hamilton City,Traffic Signals,,,,,0,0,Urban,0,,,Fine,Null
1754951,5924746,27472,,509800,0,0,0,2,0,Null,2005/2006,ONEWA ROAD,GLADSTONE ROAD,,Minor Crash,No,2006,0,East,0,0,0,Flat,0,,0,,0,Overcast,361703,1,0,0,3,0,0,0,0,0,,0,0,Auckland Region,Nil,2-way,Sealed,0,0,0,0,50,0,Off,0,0,,76,Auckland,Stop,0,1,0,0,0,0,Urban,0,0,0,Fine,Null
1770676,5901871,27473,,523814,1,,0,1,,Null,2005/2006,RATHMAR DRIVE,STRATFORD ROAD,,Minor Crash,No,2006,,South,,0,,Hill Road,,,,,,Bright sun,759523,1,0,0,2,,,0,,,,,,Auckland Region,Nil,2-way,Sealed,,0,0,,50,,Null,0,0,,76,Auckland,Give way,,,,,0,0,Urban,0,,,Fine,Null
1770182,5914416,27474,,522722,0,0,0,0,0,East,2006/2007,HIGHLAND PARK DRIVE,ABERFELDY AVENUE,,Non-Injury Crash,No,2006,0,West,0,0,0,Flat,0,,0,,0,Dark,681309,0,0,0,2,0,0,0,0,0,,0,1,Auckland Region,Nil,2-way,Sealed,0,0,0,0,50,0,On,0,0,,76,Auckland,Nil,0,0,0,0,0,0,Urban,1,0,0,Light rain,Null
1801844,5814959,27475,,530200,0,,0,1,,Null,2005/2006,GREY ST,BRIDGE ST,,Minor Crash,No,2006,,North,,0,,Flat,,,,,,Dark,892800,1,0,0,4,,,0,,,,,,Waikato Region,Nil,2-way,Sealed,,0,0,,50,,On,0,0,,16,Hamilton City,Traffic Signals,,,,,0,0,Urban,1,,,Fine,Null
1755730,5928561,27476,,508320,0,,0,2,,South,2005/2006,SH 1N,TRISTRAM OBR,,Non-Injury Crash,Yes,2006,,North,,0,,Flat,,,,,,Twilight,198500,0,0,0,3,,,0,,,,,,Auckland Region,Nil,1-way,Sealed,,0,0,,100,,On,0,0,,76,Auckland,Nil,,,,,0,0,Open,0,,,Fine,Null
1632457,5437732,27477,,581812,0,,0,0,,West,2005/2006,SH 6,CABLE BAY ROAD,,Fatal Crash,Yes,2006,,West,,1,,Hill Road,,,,,,Overcast,2360902,1,0,0,3,,,0,,,1,,,Nelson Region,Nil,2-way,Sealed,,0,0,,100,,Null,0,0,,52,Nelson City,Nil,,,,,0,0,Open,3,,,Fine,Null
1754295,5931092,27478,,508420,0,,0,3,,North,2006/2007,SH 1N,SUNSET OBR,,Minor Crash,Yes,2006,,North,,0,,Flat,,,,,,Bright sun,182001,1,0,0,2,,,0,,,,,,Auckland Region,Nil,2-way,Sealed,,0,0,,100,,Off,0,0,,76,Auckland,Nil,,,,,0,0,Open,0,,,Fine,Null
1820062,5486012,27479,,578401,0,0,0,1,1,South,2005/2006,SH 2,MT BRUCE SUM,,Minor Crash,Yes,2006,0,South,0,0,0,Hill Road,0,,0,,0,Overcast,2229002,1,0,0,2,0,0,0,0,0,,0,0,Wellington Region,Nil,2-way,Sealed,0,0,0,0,100,0,Null,0,0,,48,Masterton District,Nil,0,0,0,0,0,0,Open,0,0,0,Fine,Null
1788805,5752935,27480,,531731,0,0,0,2,1,South,2005/2006,SH 3,JOHNSTON ROAD,,Minor Crash,Yes,2006,0,South,0,0,0,Hill Road,0,,0,,0,Bright sun,1011100,3,0,0,4,0,0,0,0,0,,0,0,Waikato Region,Nil,2-way,Sealed,0,0,0,0,50,0,Null,0,0,,20,Waitomo District,Unknown,0,0,0,0,0,0,Urban,0,0,0,Fine,Frost
1747787,5911113,27481,,512000,0,,0,2,,Null,2006/2007,TITIRANGI ROAD,PARK ROAD,,Minor Crash,No,2006,,South,,0,,Hill Road,,,,,,Overcast,295200,1,0,0,2,,,0,,,,,,Auckland Region,Nil,2-way,Sealed,,0,0,,50,,Null,0,0,,76,Auckland,Give way,,,,,0,0,Urban,0,,,Fine,Null
1843058,5792236,27482,50,535250,0,,0,0,,Null,2005/2006,SH 1N,SH 5,,Serious Crash,Yes,2006,,North,,0,,Flat,,,,,,Overcast,1127300,0,0,0,2,,,0,,,,,,Waikato Region,Nil,2-way,Sealed,,0,1,,100,,Null,0,0,,19,South Waikato District,Stop,,,,,1,0,Open,0,,,Fine,Null
1822458,5466570,27483,,578302,0,1,0,1,1,North,2006/2007,PAIERAU ROAD,KIBBLEWHITE ROAD,,Minor Crash,No,2006,0,South,0,0,0,Flat,0,,0,,0,Dark,2253501,2,0,0,2,0,0,0,0,0,,0,0,Wellington Region,Bridge,2-way,Sealed,0,0,0,0,100,0,None,0,0,,48,Masterton District,Nil,0,0,0,0,0,0,Open,0,0,0,Heavy rain,Null
1570147,5180760,27484,,591600,0,,0,2,,Null,2006/2007,MONTREAL ST,PETERBOROUGH ST,,Minor Crash,No,2006,,West,,0,,Flat,,,,,,Bright sun,2677100,1,0,0,2,,,0,,,,,,Canterbury Region,Nil,1-way,Sealed,,0,0,,50,,Null,0,0,,60,Christchurch City,Stop,,,,,0,0,Urban,0,,,Fine,Null
1567867,5184375,27485,,591900,0,,0,2,,Null,2005/2006,HOANI ST,SAILS ST,,Minor Crash,No,2006,,West,,0,,Flat,,,,,,Overcast,2663400,1,0,0,2,,,0,,,,,,Canterbury Region,Nil,2-way,Sealed,,0,0,,50,,Null,0,0,,60,Christchurch City,Stop,,,,,0,0,Urban,0,,,Fine,Null
1759997,5908337,27486,,524121,0,0,0,3,1,South,2005/2006,SH 20,CORONATION OFF NBD,,Minor Crash,Yes,2006,1,North,0,0,0,Flat,0,,0,,0,Dark,737000,1,0,0,3,0,0,0,0,0,,0,0,Auckland Region,Nil,2-way,Sealed,0,0,0,0,100,0,On,0,0,,76,Auckland,Nil,0,0,0,0,0,0,Open,0,0,0,Fine,Null
1718966,6045348,27487,,503000,0,,0,2,,Null,2005/2006,MAUNU ROAD,POROWINI AVENUE,,Non-Injury Crash,No,2006,,South,,0,,Flat,,,,,,Bright sun,99000,0,0,0,2,,,0,,,,,,Northland Region,Nil,2-way,Sealed,,0,0,,50,,Off,0,0,,2,Whangarei District,Stop,,,,,0,0,Urban,0,,,Fine,Null
1761619,5914112,27488,,520202,0,,0,3,,South,2005/2006,SH 1N,PENROSE INT S,,Non-Injury Crash,Yes,2006,,South,,0,,Flat,,,,,,Bright sun,612700,0,0,0,3,,,0,,,,,,Auckland Region,Nil,1-way,Sealed,,0,0,,100,,Off,1,0,,76,Auckland,Nil,,,,,0,0,Open,1,,,Fine,Null
1800234,5814796,27489,,529100,0,0,0,1,0,South,2005/2006,LAKE DOMAIN DRIVE,RUAKIWI ROAD,,Serious Crash,No,2006,0,South,0,0,0,Hill Road,0,,0,,1,Dark,929502,1,0,0,2,0,0,0,0,0,,0,0,Waikato Region,Nil,2-way,Sealed,0,0,1,0,50,0,On,0,0,,16,Hamilton City,Unknown,0,0,0,1,0,0,Urban,0,0,0,Fine,Null
1706111,5682043,27490,,551301,0,0,0,1,0,West,2006/2007,PUKEKOHATU ST,KAPUI PLACE,,Minor Crash,No,2006,0,West,0,0,0,Flat,0,,0,,0,Overcast,1546800,1,0,0,2,0,0,0,0,0,,0,0,Taranaki Region,Nil,2-way,Sealed,0,0,0,0,50,0,Null,0,0,,33,New Plymouth District,Nil,0,0,0,1,0,0,Urban,0,0,0,Fine,Null
1768181,5899975,27491,,525101,0,0,0,1,0,Null,2005/2006,MOUNTFORT ST,THOMPSON TERRACE,,Non-Injury Crash,No,2006,0,South,0,0,1,Flat,0,,0,,0,Bright sun,772400,0,0,0,2,0,0,0,0,0,,0,1,Auckland Region,Nil,2-way,Sealed,0,0,0,0,50,0,Off,0,0,,76,Auckland,Nil,0,0,0,0,0,0,Urban,0,0,0,Light rain,Null
1906683,5551467,27492,,549602,0,,0,1,,South,2005/2006,HIRANUI ROAD,TE AWA ROAD,,Minor Crash,No,2006,,East,,0,,Hill Road,,,,,,Dark,1526500,1,0,0,2,,,0,,,,,,Hawke's Bay Region,Nil,2-way,Unsealed,,0,0,,100,,None,0,0,,32,Central Hawke's Bay District,Nil,,,,,1,0,Open,0,,,Fine,Null
1758975,5904401,27493,,524200,0,0,0,1,0,North,2005/2006,GEORGE BOLT MEMORIAL DRIV,IHUMATAO ROAD,,Non-Injury Crash,No,2006,0,South,0,0,0,Flat,1,,0,,0,Overcast,727200,0,0,0,4,0,0,0,0,0,,0,0,Auckland Region,Nil,2-way,Sealed,0,0,0,0,100,0,Off,0,0,,76,Auckland,Nil,0,0,0,0,0,0,Open,0,0,0,Fine,Null
1757373,5887029,27494,,521122,0,,0,2,,Null,2005/2006,WAIAU PA ROAD,ANDERSON WAY,,Minor Crash,No,2006,,West,,0,,Flat,,,,,,Twilight,810700,1,0,0,2,,,0,,,,,,Auckland Region,Nil,2-way,Sealed,,0,0,,100,,On,0,0,,76,Auckland,Give way,,,,,0,0,Open,0,,,Fine,Null
1756813,5447260,27495,,571501,0,,0,2,,North,2005/2006,Z DWY ESKDALE ROAD,MORAY PLACE,,Minor Crash,No,2006,,East,,0,,Hill Road,,,,,,Overcast,2056502,1,0,0,1,,,0,,,,,,Wellington Region,Nil,Off road,Sealed,,0,0,,50,,Null,0,0,,44,Porirua City,Nil,,,,,0,0,Urban,0,,,Fine,Null
1767946,5466398,27496,,566102,0,0,0,1,0,South,2006/2007,SH 1N,LEINSTER AVENUE,,Minor Crash,Yes,2006,0,South,0,0,0,Flat,0,,0,,0,Overcast,2007600,1,0,0,3,0,0,0,1,0,,0,0,Wellington Region,Nil,2-way,Sealed,0,0,0,0,100,0,Null,0,0,,43,Kapiti Coast District,Nil,0,0,0,0,0,0,Open,0,0,0,Fine,Null
1763810,5915385,27497,,520302,0,,0,3,,North,2006/2007,LUNN AVENUE,MARUA ROAD,,Minor Crash,No,2006,,North,,0,,Flat,,,,,,Overcast,625900,1,0,0,2,,,0,,,,,,Auckland Region,Nil,2-way,Sealed,,0,0,,50,,Off,0,0,,76,Auckland,Nil,,,,,0,0,Urban,0,,,Fine,Null
1878518,5822481,27498,,538102,0,,0,1,,Null,2005/2006,DEVONPORT ROAD,THIRTEENTH AVENUE,,Non-Injury Crash,No,2006,,South,,0,,Flat,,,,,,Overcast,1167200,0,0,0,2,,,0,,,,,,Bay of Plenty Region,Nil,2-way,Sealed,,0,0,,50,,Null,0,0,,23,Tauranga City,Give way,,,,,0,0,Urban,1,,,Light rain,Null
1563720,5175956,27499,45,587303,0,,0,1,,Null,2006/2007,WIGRAM ROAD,EDGEWATER LANE,,Minor Crash,No,2006,,East,,0,,Flat,,,,,,Dark,2481606,2,0,0,2,,,0,,,,,,Canterbury Region,Nil,2-way,Sealed,,0,0,,80,,On,0,0,,60,Christchurch City,Give way,,,,,1,0,Open,0,,,Fine,Null
1748747,5970137,27500,,505500,0,,0,2,,Null,2006/2007,SH 1N,WHITAKER ROAD,,Non-Injury Crash,Yes,2006,,South,,0,,Flat,,,,,,Bright sun,140500,0,0,0,3,,,0,,,,,,Auckland Region,Nil,2-way,Sealed,,0,0,,50,,Null,0,0,,76,Auckland,Give way,,,,,0,0,Urban,0,,,Fine,Null
1842513,5855024,27501,,534200,0,0,0,0,1,East,2006/2007,SH 2,SCHOOL ROAD,,Non-Injury Crash,Yes,2006,0,East,0,0,0,Flat,0,,0,,0,Overcast,1084800,0,0,0,2,0,0,0,0,0,,0,0,Waikato Region,Nil,2-way,Sealed,0,0,0,0,80,0,None,0,0,,12,Hauraki District,Nil,0,0,0,0,1,0,Open,0,0,0,Fine,Null
1885344,5773625,27502,,540420,0,0,0,1,0,East,2005/2006,Z CPK PAK N SAVE,FENTON ST,,Non-Injury Crash,No,2006,0,West,0,0,0,Flat,0,,0,,0,Bright sun,1236600,0,0,0,0,0,0,0,0,1,,0,0,Bay of Plenty Region,Nil,Off road,Sealed,0,0,0,0,30,0,Null,1,0,,24,Rotorua District,Unknown,0,0,0,0,0,0,Urban,0,0,0,Fine,Null
1675874,5408681,27503,,580449,0,0,0,1,1,West,2006/2007,SH 62,ODWYERS ROAD,,Minor Crash,Yes,2006,0,West,0,0,1,Flat,0,,0,,0,Bright sun,2278000,1,0,0,2,0,0,0,0,0,,0,0,Marlborough Region,Nil,2-way,Sealed,0,0,0,0,100,0,Null,0,0,,53,Marlborough District,Nil,0,0,0,1,0,0,Open,0,0,0,Fine,Null
1757942,5918056,27504,,515700,0,,0,3,,Null,2006/2007,SH 1N,GILLIES OFF SBD,,Non-Injury Crash,Yes,2006,,South,,0,,Flat,,,,,,Bright sun,443200,0,0,0,6,,,0,,,,,,Auckland Region,Nil,2-way,Sealed,,0,0,,80,,Off,0,0,,76,Auckland,Nil,,,,,0,0,Open,0,,,Fine,Null
1576476,5181480,27505,30,593800,1,,0,1,,Null,2005/2006,GUERNSEY ST,CARTERET PLACE,,Minor Crash,No,2006,,East,,0,,Flat,,,,,,Overcast,2572102,1,0,0,0,,,0,,,,,,Canterbury Region,Nil,2-way,Sealed,,0,0,,50,,Null,0,0,,60,Christchurch City,Nil,,,,,0,0,Urban,0,,,Fine,Null