X,Y,OBJECTID,advisorySpeed,areaUnitID,bicycle,bridge,bus,carStationWagon,cliffBank,crashDirectionDescription,crashFinancialYear,crashLocation1,crashLocation2,crashRoadSideRoad,crashSeverity,crashSHDescription,crashYear,debris,directionRoleDescription,ditch,fatalCount,fence,flatHill,guardRail,holiday,houseOrBuilding,intersection,kerb,light,meshblockId,minorInjuryCount,moped,motorcycle,NumberOfLanes,objectThrownOrDropped,otherObject,otherVehicleType,overBank,parkedVehicle,pedestrian,phoneBoxEtc,postOrPole,region,roadCharacter,roadLane,roadSurface,roadworks,schoolBus,seriousInjuryCount,slipOrFlood,speedLimit,strayAnimal,streetLight,suv,taxi,temporarySpeedLimit,tlaId,tlaName,trafficControl,trafficIsland,trafficSign,train,tree,truck,unknownVehicleType,urban,vanOrUtility,vehicle,waterRiver,weatherA,weatherB
1756804,5435000,27506,,569800,0,,0,2,,South,2005/2006,SH 2,KOROKORO ROAD N,,Non-Injury Crash,Yes,2006,,South,,0,,Hill Road,,,,,,Overcast,2036100,0,0,0,4,,,0,,,,,,Wellington Region,Nil,2-way,Sealed,,0,0,,70,,Null,1,0,,46,Lower Hutt City,Nil,,,,,0,0,Urban,0,,,Light rain,Null
1775033,5887213,27507,,521132,0,0,0,1,0,South,2006/2007,SH 1N,ARARIMU OBR,,Non-Injury Crash,Yes,2006,0,South,0,0,0,Flat,0,,0,,0,Dark,814200,0,0,0,4,0,0,0,1,0,,0,0,Auckland Region,Nil,2-way,Sealed,0,0,0,0,100,0,On,0,0,,76,Auckland,Nil,0,0,0,0,0,0,Open,0,0,0,Light rain,Null
1755501,5912424,27508,,518701,1,,0,1,,Null,2006/2007,ROGAN ST,RAVEN AVENUE,,Minor Crash,No,2006,,South,,0,,Flat,,,,,,Overcast,572900,1,0,0,2,,,0,,,,,,Auckland Region,Nil,2-way,Sealed,,0,0,,50,,Off,0,0,,76,Auckland,Nil,,,,,0,0,Urban,0,,,Fine,Null
1766331,5461735,27509,,566302,0,,0,3,,South,2006/2007,SH 1N,MCKAYS XING,,Minor Crash,Yes,2006,,North,,0,,Flat,,,,,,Bright sun,2010100,2,0,0,2,,,0,,,,,,Wellington Region,Nil,2-way,Sealed,,0,0,,80,,Null,0,0,50,43,Kapiti Coast District,Nil,,,,,0,0,Open,0,,,Fine,Null
1804802,5790134,27510,,531004,0,0,0,2,0,East,2006/2007,HAZELMERE CRESCENT,SPINLEY ST,,Non-Injury Crash,No,2006,0,South,0,0,0,Hill Road,0,,0,,0,Overcast,975100,0,0,0,2,0,0,0,0,1,,0,0,Waikato Region,Nil,2-way,Sealed,0,0,0,0,50,0,Off,0,0,,17,Waipa District,Nil,0,0,0,0,0,0,Urban,0,0,0,Fine,Null
1800735,5815546,27511,,529700,0,,0,2,,North,2005/2006,BARTON ST,BRYCE ST,,Non-Injury Crash,No,2006,,South,,0,,Flat,,,,,,Bright sun,910600,0,0,0,2,,,0,,,,,,Waikato Region,Nil,2-way,Sealed,,0,0,,50,,Off,0,0,,16,Hamilton City,Nil,,,,,0,0,Urban,0,,,Fine,Null
1762045,5920495,27512,,516400,0,0,0,1,0,North,2006/2007,TAMAKI DRIVE,KITEMOANA ST,,Minor Crash,No,2006,0,North,0,0,0,Flat,1,Christmas New Year,0,,0,Dark,498700,1,0,0,2,0,0,0,0,0,,0,0,Auckland Region,Nil,2-way,Sealed,0,0,0,0,50,0,On,0,0,,76,Auckland,Nil,1,0,0,0,0,0,Urban,0,0,0,Fine,Null
1731409,6028899,27513,,501806,0,0,0,2,0,East,2005/2006,Z CPK RUAKAKA,MARSDEN POINT ROAD,,Non-Injury Crash,No,2006,0,North,0,0,0,Flat,0,,0,,0,Bright sun,79603,0,0,0,0,0,0,0,0,1,,0,0,Northland Region,Nil,Off road,Sealed,0,0,0,0,30,0,Off,0,0,,2,Whangarei District,Nil,0,0,0,0,0,0,Urban,0,0,0,Fine,Null
1799363,5817058,27514,,528700,0,,0,1,,Null,2005/2006,ULSTER ST,MAEROA ROAD,,Non-Injury Crash,No,2006,,North,,0,,Flat,,,,,,Overcast,902100,0,0,0,4,,,0,,,,,,Waikato Region,Nil,2-way,Sealed,,0,0,,60,,Null,1,0,,16,Hamilton City,Give way,,,,,0,0,Urban,0,,,Fine,Null
1693323,6007122,27515,,505010,0,,0,0,,Null,2006/2007,WHITCOMBE ROAD,ROBERTSON ROAD,,Minor Crash,No,2006,,North,,0,,Flat,,,,,,Bright sun,125800,1,0,1,2,,,0,,,,,,Northland Region,Nil,2-way,Sealed,,0,0,,100,,None,0,0,,3,Kaipara District,Nil,,,,,0,0,Open,0,,,Fine,Null
1747915,5912516,27516,,511901,0,,0,2,,Null,2005/2006,PLEASANT ROAD,ATKINSON ROAD,,Non-Injury Crash,No,2006,,West,,0,,Hill Road,,,,,,Overcast,294401,0,0,0,4,,,0,,,,,,Auckland Region,Nil,2-way,Sealed,,0,0,,50,,Off,0,0,,76,Auckland,Give way,,,,,0,0,Urban,0,,,Light rain,Null
1756351,5927162,27517,,507900,0,,0,1,,North,2005/2006,NORTHCOTE ON NBD,NORTHCOTE ROAD,,Non-Injury Crash,Yes,2006,,North,,0,,Flat,,,,,,Bright sun,305201,0,0,0,1,,,0,,,,,,Auckland Region,Nil,1-way,Sealed,,0,0,,100,,Off,0,0,,76,Auckland,Nil,,,,,0,0,Open,2,,,Fine,Null
1721374,6045075,27518,,503700,0,,0,1,,South,2006/2007,RIVERSIDE DRIVE,TANEKAHA DRIVE,,Non-Injury Crash,No,2006,,North,,0,,Flat,,,,,,Overcast,102203,0,0,0,2,,,0,,,,,,Northland Region,Nil,2-way,Sealed,,0,0,,70,,Off,1,0,,2,Whangarei District,Nil,,,,,0,0,Urban,0,,,Light rain,Null
1868739,5785021,27519,,538811,0,,0,1,,West,2006/2007,SH 5,MARAEROA ROAD,,Fatal Crash,Yes,2006,,East,,1,,Flat,,,,,,Bright sun,1114602,0,0,0,2,,,0,,,,,,Bay of Plenty Region,Nil,2-way,Sealed,,0,1,,100,,None,0,0,,24,Rotorua District,Nil,,,,,1,0,Open,0,,,Fine,Null
1751639,5912667,27520,,514700,0,0,0,1,0,South,2005/2006,BLOCKHOUSE BAY ROAD,RATHLIN ST,,Non-Injury Crash,No,2006,0,South,0,0,0,Hill Road,0,,0,,0,Dark,370000,0,0,0,2,0,0,0,0,0,,0,1,Auckland Region,Nil,2-way,Sealed,0,0,0,0,50,0,On,0,0,,76,Auckland,Nil,0,0,0,0,0,0,Urban,0,0,0,Light rain,Null
1757492,5926490,27521,,507900,0,,0,2,,South,2006/2007,BARRYS POINT ROAD,DES SWANN DRIVE,,Non-Injury Crash,No,2006,,West,,0,,Flat,,,,,,Overcast,304200,0,0,0,2,,,0,,,,,,Auckland Region,Nil,2-way,Sealed,,0,0,,50,,Off,0,0,,76,Auckland,Nil,,,,,0,0,Urban,0,,,Fine,Null
1826499,5797788,27522,,535241,0,0,0,1,0,Null,2005/2006,SH 1N,FERGUSSON GULLY ROAD,,Serious Crash,Yes,2006,0,North,0,0,1,Flat,0,,0,,0,Bright sun,1123100,0,0,0,3,0,0,0,0,0,,0,0,Waikato Region,Nil,2-way,Sealed,0,0,1,0,100,0,Null,0,0,,17,Waipa District,Nil,0,1,0,0,0,0,Open,0,0,0,Fine,Null
1751161,5434719,27523,,573700,0,0,0,1,1,South,2005/2006,MOOREFIELD ROAD,BRODERICK ROAD,,Minor Crash,No,2006,0,North,0,0,0,Hill Road,0,,0,,0,Bright sun,2082700,1,0,0,2,0,0,0,1,0,,0,0,Wellington Region,Nil,2-way,Sealed,0,0,0,0,50,0,Null,0,0,,47,Wellington City,Nil,0,0,0,1,0,0,Urban,0,0,0,Fine,Null
1717878,6044725,27524,,502900,0,,0,1,,West,2006/2007,SH 14,HOSPITAL ROAD,,Minor Crash,Yes,2006,,East,,0,,Flat,,,,,,Bright sun,103100,1,0,0,2,,,0,,,,,,Northland Region,Nil,2-way,Sealed,,0,0,,50,,Off,0,0,,2,Whangarei District,Nil,,,,,1,0,Urban,0,,,Fine,Null
1866368,5735941,27525,,541334,0,0,0,2,0,South,2005/2006,SH 1N,MAROA ROAD,,Minor Crash,Yes,2006,0,North,0,0,0,Flat,0,Christmas New Year,0,,0,Overcast,1276603,1,0,0,2,0,0,0,0,0,,0,0,Waikato Region,Nil,2-way,Sealed,0,0,0,0,100,0,Null,0,0,,21,Taupo District,Unknown,0,0,0,1,0,0,Open,0,0,0,Fine,Null
1755151,5929105,27526,,508420,0,,0,2,,West,2006/2007,WAIRAU ROAD,DIANA DRIVE,,Non-Injury Crash,No,2006,,West,,0,,Flat,,,,,,Dark,183800,0,0,0,5,,,0,,,,,,Auckland Region,Nil,2-way,Sealed,,0,0,,50,,On,0,0,,76,Auckland,Nil,,,,,0,0,Urban,1,,,Fine,Null
1754049,5931364,27527,,508803,0,0,0,1,1,Null,2006/2007,SH 18,UPPER HWY OFF NBD E,,Non-Injury Crash,Yes,2006,0,North,0,0,0,Flat,0,,0,,0,Dark,180818,0,0,0,6,0,0,0,0,0,,0,0,Auckland Region,Nil,2-way,Sealed,0,0,0,0,50,0,On,0,0,,76,Auckland,Traffic Signals,0,0,0,0,0,0,Urban,0,0,0,Fine,Null
1752436,5925285,27528,,510220,0,0,0,1,0,East,2006/2007,VERRAN ROAD,WAIPA ST,,Non-Injury Crash,No,2006,0,East,0,0,1,Hill Road,0,,1,,0,Dark,350800,0,0,0,2,0,0,0,0,0,,1,0,Auckland Region,Nil,2-way,Sealed,0,0,0,0,50,0,On,0,0,,76,Auckland,Nil,0,0,0,0,0,0,Urban,0,0,0,Fine,Null
1757065,5920542,27529,,514102,0,,0,2,,Null,2005/2006,HOBSON ST,VICTORIA ST WEST,,Non-Injury Crash,No,2006,,South,,0,,Flat,,,,,,Dark,433700,0,0,0,4,,,0,,,,,,Auckland Region,Nil,1-way,Sealed,,0,0,,50,,On,0,0,,76,Auckland,Traffic Signals,,,,,0,0,Urban,0,,,Fine,Null
1570988,5172752,27530,,591102,1,0,0,1,0,North,2006/2007,DYERS PASS ROAD,SUMMIT ROAD,,Minor Crash,No,2006,0,South,0,0,0,Hill Road,1,,0,,0,Overcast,2552500,1,0,0,2,0,0,0,0,0,,0,0,Canterbury Region,Nil,2-way,Sealed,0,0,0,0,70,0,Null,0,0,,60,Christchurch City,Unknown,0,0,0,0,0,0,Urban,0,0,0,Fine,Null
1804937,5790822,27531,,531003,0,0,0,1,0,East,2006/2007,CAMBRIDGE ROAD,TE RAHU ROAD,,Non-Injury Crash,No,2006,0,East,0,0,1,Flat,0,,0,,1,Dark,968501,0,0,0,2,0,0,0,0,0,,0,0,Waikato Region,Nil,2-way,Sealed,0,0,0,0,50,0,On,0,0,,17,Waipa District,Unknown,0,0,0,0,0,0,Urban,0,0,0,Fine,Null
1536991,5324290,27532,,584703,0,0,0,0,0,South,2006/2007,SH 65,WEST BANK ROAD N,,Serious Crash,Yes,2006,0,South,1,0,0,Flat,0,,0,,0,Overcast,2398200,0,0,0,2,0,0,0,0,0,,0,0,West Coast Region,Nil,2-way,Sealed,0,0,2,0,100,0,Null,1,0,,55,Buller District,Unknown,0,0,0,0,0,0,Open,0,0,0,Fine,Null
1879455,5824137,27533,,538201,0,0,0,1,0,Null,2006/2007,DEVONPORT ROAD,ELIZABETH ST,,Non-Injury Crash,No,2006,0,South,0,0,0,Flat,0,,0,,0,Overcast,1164900,0,0,0,4,0,0,0,0,0,,0,0,Bay of Plenty Region,Nil,2-way,Sealed,0,0,0,0,50,0,Null,0,0,,23,Tauranga City,Traffic Signals,1,0,0,0,0,0,Urban,0,0,0,Fine,Null
1851036,5764992,27534,,535340,0,0,0,1,0,Null,2005/2006,SH 32,PAPANUI ST,,Non-Injury Crash,Yes,2006,0,East,0,0,0,Hill Road,0,,0,,0,Bright sun,1142500,0,0,0,2,0,0,0,0,0,,0,1,Waikato Region,Nil,2-way,Sealed,0,0,0,0,50,0,Null,0,0,,19,South Waikato District,Nil,0,0,0,0,0,0,Urban,0,0,0,Fine,Null
1808988,5805051,27535,,527932,0,,0,2,,East,2005/2006,MYSTERY CREEK ROAD,MELLOW ROAD,,Non-Injury Crash,No,2006,,East,,0,,Flat,,,,,,Dark,985200,0,0,0,2,,,0,,,,,,Waikato Region,Nil,2-way,Sealed,,0,0,,100,,None,0,0,,17,Waipa District,Unknown,,,,,0,0,Open,0,,,Fine,Null
1801129,5840173,27536,,527111,0,1,0,1,0,West,2005/2006,ORINI ROAD,PIRI ROAD W,,Fatal Crash,No,2006,0,South,0,1,0,Flat,0,,0,,0,Dark,947400,2,0,0,2,0,0,0,0,0,,0,0,Waikato Region,Bridge,2-way,Sealed,0,0,1,0,100,0,None,0,0,,13,Waikato District,Nil,0,0,0,0,0,0,Open,0,0,0,Fine,Null
1803088,5818143,27537,,529503,0,0,0,1,0,South,2005/2006,RAYMOND ST,SARINDAH PLACE,,Non-Injury Crash,No,2006,0,North,0,0,0,Flat,0,,0,,0,Bright sun,872702,0,0,0,1,0,0,0,0,0,,0,0,Waikato Region,Nil,2-way,Sealed,0,0,0,0,50,0,Off,0,0,,16,Hamilton City,Nil,0,0,0,1,0,0,Urban,0,0,0,Fine,Null
1371958,5194481,27538,,585312,0,1,0,0,0,Null,2006/2007,SH 6,TATARE RIV BR,,Minor Crash,Yes,2006,0,North,0,0,0,Flat,0,,0,,0,Dark,2418202,1,0,0,1,0,0,0,0,0,,0,0,West Coast Region,Nil,1-way,Sealed,0,0,0,0,100,0,None,1,0,,57,Westland District,Unknown,0,0,0,0,0,0,Open,0,0,1,Heavy rain,Null
1755453,5936394,27539,,507000,0,0,0,1,0,West,2005/2006,ALEXANDER AVENUE,DEEP CREEK ROAD,,Non-Injury Crash,No,2006,0,East,0,0,0,Flat,0,,0,,0,Bright sun,163400,0,0,0,2,0,0,0,0,1,,0,0,Auckland Region,Nil,2-way,Sealed,0,0,0,0,50,0,Off,0,0,,76,Auckland,Nil,0,0,0,0,1,0,Urban,0,0,0,Fine,Null
1869579,5713670,27540,,541730,0,0,0,1,0,South,2005/2006,JOHN ST,ELIZABETH ST,,Non-Injury Crash,No,2006,0,South,0,0,0,Flat,0,,0,,0,Dark,1271300,0,0,0,2,0,0,0,0,0,,0,1,Waikato Region,Nil,2-way,Sealed,0,0,0,0,50,0,On,0,0,,21,Taupo District,Unknown,0,0,0,0,0,0,Urban,0,0,0,Fine,Null
1752025,5930648,27541,,509100,0,,0,1,,South,2006/2007,SH 18,ALBANY HWAY OBR,,Minor Crash,Yes,2006,,East,,0,,Flat,,,,,,Bright sun,181004,2,0,0,2,,,0,,,,,,Auckland Region,Nil,2-way,Sealed,,0,0,,50,,Off,0,0,,76,Auckland,Unknown,,,,,0,0,Urban,1,,,Fine,Null
1689869,6082069,27542,,501634,0,,0,2,,East,2006/2007,NGAPIPITO ROAD,POKAPU ROAD,,Non-Injury Crash,No,2006,,East,,0,,Flat,,,,,,Bright sun,36204,0,0,0,2,,,0,,,,,,Northland Region,Nil,2-way,Sealed,,0,0,,100,,None,0,0,,1,Far North District,Give way,,,,,0,0,Open,0,,,Fine,Null
2032202,5710429,27543,,543901,0,,0,1,,Null,2005/2006,SH 2,MAIN ROAD,,Serious Crash,Yes,2006,,North,,0,,Flat,,,,,,Dark,1361003,2,0,0,2,,,0,,,,,,Gisborne Region,Nil,2-way,Sealed,,0,1,,50,,On,0,0,,28,Gisborne District,Give way,,,,,1,0,Urban,0,,,Light rain,Null
1753529,5932654,27544,,508805,0,0,0,1,0,South,2005/2006,SH 1N,GREVILLE ON SBD,,Minor Crash,Yes,2006,0,South,0,0,0,Hill Road,1,,0,,0,Dark,180866,1,0,0,5,0,0,0,0,0,,0,0,Auckland Region,Nil,2-way,Sealed,0,0,0,0,100,0,On,0,0,,76,Auckland,Unknown,0,0,0,0,0,0,Open,0,0,0,Light rain,Null
1763494,5910651,27545,,520500,0,,0,1,,Null,2005/2006,GREAT SOUTH ROAD,PORTAGE ROAD,,Non-Injury Crash,No,2006,,West,,0,,Flat,,,,,,Twilight,637801,0,0,0,4,,,0,,,,,,Auckland Region,Nil,2-way,Sealed,,0,0,,50,,Off,0,0,,76,Auckland,Traffic Signals,,,,,0,0,Urban,1,,,Light rain,Null
1756825,5915901,27546,,518301,0,,0,1,,Null,2006/2007,BALMORAL ROAD,MOUNT EDEN ROAD,,Non-Injury Crash,No,2006,,West,,0,,Flat,,,,,,Bright sun,557000,0,0,0,5,,,0,,,,,,Auckland Region,Nil,2-way,Sealed,,0,0,,50,,Off,0,0,,76,Auckland,Traffic Signals,,,,,0,0,Urban,1,,,Fine,Null
1950279,5791292,27547,,542410,0,,0,2,,Null,2006/2007,DOMAIN ROAD,MCGARVEY ROAD,,Minor Crash,No,2006,,East,,0,,Flat,,,,,,Overcast,1307300,1,0,0,2,,,0,,,,,,Bay of Plenty Region,Nil,2-way,Sealed,,0,0,,50,,Off,0,0,,25,Whakatane District,Stop,,,,,0,0,Urban,0,,,Light rain,Null
1768906,5905871,27548,,523711,0,,0,2,,Null,2005/2006,TE IRIRANGI DRIVE,DAWSON ROAD,,Non-Injury Crash,No,2006,,North,,0,,Flat,,,,,,Dark,713005,0,0,0,2,,,0,,,,,,Auckland Region,Nil,2-way,Sealed,,0,0,,50,,On,0,0,,76,Auckland,Traffic Signals,,,,,0,0,Urban,0,,,Fine,Null
1395481,4914155,27549,,602412,0,,0,2,,South,2005/2006,SH 1S,MOSGIEL OFF SBD,,Minor Crash,Yes,2006,,North,,0,,Hill Road,,,,,,Bright sun,2977702,1,0,0,6,,,0,,,,,,Otago Region,Nil,2-way,Sealed,,0,0,,100,,Null,0,0,,71,Dunedin City,Unknown,,,,,0,0,Open,0,,,Fine,Null
1925031,5637526,27550,55,545811,0,0,0,1,0,West,2005/2006,SH 5,DILLONS HILL CUL,,Non-Injury Crash,Yes,2006,0,North,0,0,0,Hill Road,0,,0,,0,Overcast,1414800,0,0,0,3,0,0,0,1,0,,0,0,Hawke's Bay Region,Nil,2-way,Sealed,0,0,0,0,100,0,Null,0,0,,30,Hastings District,Nil,0,0,0,1,0,0,Open,0,0,0,Light rain,Null
1757340,5921144,27551,,514101,0,0,0,2,0,East,2006/2007,Z CPK PRINCESS WHARF,LOWER HOBSON ST,,Minor Crash,No,2006,0,North,0,0,0,Flat,0,,0,,0,Dark,438209,1,0,0,1,0,0,0,0,0,,0,0,Auckland Region,Nil,Off road,Sealed,0,0,0,0,10,0,On,0,0,,76,Auckland,Nil,0,0,0,0,0,0,Urban,0,1,0,Light rain,Null
1756792,5919652,27552,,514102,0,,0,2,,Null,2005/2006,PITT ST,GREYS AVENUE,,Minor Crash,No,2006,,South,,0,,Hill Road,,,,,,Dark,435500,1,0,0,3,,,0,,,,,,Auckland Region,Nil,2-way,Sealed,,0,0,,50,,On,0,0,,76,Auckland,Nil,,,,,0,0,Urban,0,,,Light rain,Null
1747207,5920458,27553,,512300,0,0,0,1,0,South,2005/2006,TE ATATU ROAD,GLORIA AVENUE,,Non-Injury Crash,No,2006,0,North,0,0,0,Flat,0,,0,,0,Dark,252000,0,0,0,2,0,0,0,0,0,,0,0,Auckland Region,Nil,2-way,Sealed,0,0,0,0,50,0,On,0,0,,76,Auckland,Nil,0,0,0,0,0,0,Urban,0,0,0,Fine,Null
1822600,5531482,27554,,562500,0,0,0,2,0,East,2005/2006,PURIRI TERRACE,RUAHINE ST,,Non-Injury Crash,No,2006,0,West,0,0,0,Flat,0,,0,,0,Bright sun,1840502,0,0,0,2,0,0,0,0,1,,0,0,Manawatū-Whanganui Region,Nil,2-way,Sealed,0,0,0,0,50,0,Null,0,0,,40,Palmerston North City,Nil,0,0,0,0,0,0,Urban,0,0,0,Fine,Null
1770436,5911293,27555,,523106,0,,0,2,,East,2005/2006,TI RAKAU DRIVE,BOTANY ROAD,,Serious Crash,No,2006,,West,,0,,Flat,,,,,,Dark,711174,0,0,0,6,,,0,,,,,,Auckland Region,Nil,2-way,Sealed,,0,1,,60,,On,0,0,,76,Auckland,Unknown,,,,,0,0,Urban,0,,,Fine,Null
1752562,5954139,27556,,505803,0,0,0,1,1,South,2005/2006,HIBISCUS COAST HIGHWAY,WAIWERA OBR,,Non-Injury Crash,No,2006,0,North,0,0,0,Hill Road,0,Christmas New Year,0,,0,Dark,170603,0,0,0,2,0,0,0,0,0,,0,0,Auckland Region,Nil,2-way,Sealed,0,0,0,0,80,0,None,0,0,,76,Auckland,Nil,0,0,0,0,0,0,Open,0,0,0,Fine,Null
1320226,5032584,27557,,608302,0,0,0,1,1,East,2006/2007,SH 8,PHILLIPS ROAD S,,Serious Crash,Yes,2006,0,West,1,0,1,Flat,0,,0,,0,Bright sun,3028800,1,0,0,2,0,0,0,0,0,,0,0,Otago Region,Nil,2-way,Sealed,0,0,1,0,100,0,Null,0,0,,69,Central Otago District,Unknown,0,0,0,1,0,0,Open,1,0,0,Fine,Null
1754863,5931771,27558,,508805,0,0,0,1,0,Null,2005/2006,CONSTELLATION DRIVE,PARKWAY DRIVE E,,Minor Crash,No,2006,0,East,0,0,0,Flat,0,,0,,0,Bright sun,180826,1,0,0,3,0,0,0,0,0,,1,0,Auckland Region,Nil,2-way,Sealed,0,0,0,0,50,0,Off,0,0,,76,Auckland,Nil,0,0,0,0,1,0,Urban,0,0,0,Fine,Null
1765748,5908210,27559,,523404,0,0,0,1,0,South,2005/2006,SH 1N,BAIRDS OBR,,Non-Injury Crash,Yes,2006,0,North,0,0,0,Flat,1,,0,,0,Dark,696801,0,0,0,3,0,0,0,0,0,,0,0,Auckland Region,Nil,1-way,Sealed,0,0,0,0,100,0,Off,0,0,,76,Auckland,Nil,0,0,0,0,0,0,Open,0,0,0,Fine,Null
1797044,5816369,27560,,528504,1,,0,1,,East,2006/2007,KARAKA ST,GRANGE AVENUE,,Minor Crash,No,2006,,West,,0,,Flat,,,,,,Overcast,905402,1,0,0,2,,,0,,,,,,Waikato Region,Nil,2-way,Sealed,,0,0,,50,,Null,0,0,,16,Hamilton City,Unknown,,,,,0,0,Urban,0,,,Fine,Null
1794491,5833987,27561,65,527123,0,0,0,1,1,South,2005/2006,SH 1N,TE PUTU ST,,Serious Crash,Yes,2006,0,South,0,0,1,Flat,0,,0,,0,Overcast,951001,0,0,0,2,0,0,0,0,0,,0,0,Waikato Region,Nil,2-way,Sealed,0,0,1,0,100,0,Null,0,0,,13,Waikato District,Unknown,0,0,0,0,0,0,Open,0,0,0,Heavy rain,Null
1718345,6042888,27562,,503800,0,0,0,1,0,Null,2005/2006,SH 1N,TAUROA ST,,Non-Injury Crash,Yes,2006,0,East,0,0,0,Flat,0,,0,,0,Overcast,107905,0,0,0,2,0,0,0,0,0,,0,1,Northland Region,Nil,2-way,Sealed,0,0,0,0,80,0,Off,0,0,,2,Whangarei District,Stop,0,0,0,0,0,0,Open,0,0,0,Fine,Null
1767695,5907722,27563,,523502,0,,0,3,,Null,2006/2007,EAST TAMAKI ROAD,HILLS ROAD,,Non-Injury Crash,No,2006,,East,,0,,Flat,,,,,,Overcast,704000,0,0,0,4,,,0,,,,,,Auckland Region,Nil,2-way,Sealed,,0,0,,60,,Off,0,0,,76,Auckland,Traffic Signals,,,,,0,0,Urban,0,,,Heavy rain,Null
1887176,5772731,27564,,538732,0,,0,2,,East,2006/2007,SH 30,TARAWERA ROAD,,Non-Injury Crash,Yes,2006,,West,,0,,Flat,,,,,,Bright sun,1255600,0,0,0,4,,,0,,,,,,Bay of Plenty Region,Nil,2-way,Sealed,,0,0,,50,,Off,0,0,,24,Rotorua District,Stop,,,,,0,0,Urban,0,,,Fine,Null
1790992,5849456,27565,,527210,0,0,0,0,0,North,2005/2006,SH 1N,TAHUNA ON NBD,,Non-Injury Crash,Yes,2006,0,North,0,0,0,Flat,1,,0,,0,Bright sun,939100,0,0,0,4,0,0,0,0,0,,0,0,Waikato Region,Nil,2-way,Sealed,0,0,0,0,100,0,Null,1,0,,13,Waikato District,Unknown,0,0,0,0,0,0,Open,0,0,0,Fine,Null
1754646,5912533,27566,,519001,0,0,0,1,0,Null,2006/2007,DOMINION ROAD,RICHARDSON ROAD,,Non-Injury Crash,No,2006,0,North,0,0,1,Flat,0,Labour Weekend,0,,0,Dark,588600,0,0,0,2,0,0,0,0,0,,0,0,Auckland Region,Nil,2-way,Sealed,0,0,0,0,50,0,On,0,0,,76,Auckland,Give way,0,0,0,0,0,0,Urban,0,0,0,Light rain,Null
1753118,5434623,27567,,574001,0,,0,2,,North,2006/2007,KENMORE ST,LINK ROAD,,Minor Crash,No,2006,,North,,0,,Hill Road,,,,,,Bright sun,2076400,1,0,0,2,,,0,,,,,,Wellington Region,Nil,2-way,Sealed,,0,0,,50,,Null,0,0,,47,Wellington City,School Patrol/warden,,,,,0,0,Urban,0,,,Fine,Null
1884058,5771424,27568,,540700,0,,0,1,,Null,2006/2007,SH 5,SPRINGFIELD ROAD,,Non-Injury Crash,Yes,2006,,North,,0,,Flat,,,,,,Overcast,1246000,0,0,0,2,,,0,,,,,,Bay of Plenty Region,Nil,2-way,Sealed,,0,0,,50,,Off,0,0,,24,Rotorua District,Stop,,,,,0,0,Urban,1,,,Light rain,Null
1570883,5196241,27569,,586501,0,,0,2,,Null,2006/2007,OHOKA ROAD OVERPASS,OHOKA OFF RAMP NBD,,Minor Crash,No,2006,,West,,0,,Hill Road,,,,,,Overcast,2455301,1,0,0,2,,,0,,,,,,Canterbury Region,Bridge,2-way,Sealed,,0,0,,50,,Null,0,0,,59,Waimakariri District,Stop,,,,,0,0,Urban,0,,,Light rain,Null
1771680,5914566,27570,,521602,0,0,0,2,0,South,2005/2006,WELLINGTON ST,NELSON ST,,Minor Crash,No,2006,0,North,0,0,0,Flat,0,,0,,0,Bright sun,647200,1,0,0,2,0,0,0,0,1,,0,0,Auckland Region,Nil,2-way,Sealed,0,0,0,0,50,0,Off,0,0,,76,Auckland,Nil,0,0,0,0,0,0,Urban,0,0,0,Fine,Null
1767876,5904898,27571,,523722,0,0,0,1,0,West,2006/2007,SETON PLACE,SIKKIM CRESCENT,,Non-Injury Crash,No,2006,0,West,0,0,1,Flat,0,,0,,0,Dark,715801,0,0,0,2,0,0,0,0,0,,0,0,Auckland Region,Nil,2-way,Sealed,0,0,0,0,50,0,On,0,0,,76,Auckland,Nil,0,0,0,1,0,0,Urban,0,0,0,Fine,Null
1755377,5921545,27572,,515202,0,,0,1,,South,2005/2006,SH 1N,SHELLY BEACH OBR,,Non-Injury Crash,Yes,2006,,North,,0,,Flat,,,,,,Dark,423600,0,0,0,2,,,0,,,,,,Auckland Region,Nil,1-way,Sealed,,0,0,,80,,On,1,0,,76,Auckland,Nil,,,,,0,0,Open,0,,,Fine,Null
1824110,5463311,27573,,578600,0,,0,2,,Null,2006/2007,CHURCH ST,DIXON ST,,Minor Crash,No,2006,,East,,0,,Flat,,,,,,Bright sun,2245000,1,0,0,1,,,0,,,,,,Wellington Region,Nil,2-way,Sealed,,0,0,,50,,Null,0,0,,48,Masterton District,Give way,,,,,0,0,Urban,0,,,Fine,Null
1824374,5463918,27574,,578600,1,,0,1,,West,2006/2007,VILLA ST,SH 2,,Minor Crash,No,2006,,West,,0,,Flat,,,,,,Bright sun,2244900,1,0,0,2,,,0,,,,,,Wellington Region,Nil,2-way,Sealed,,0,0,,50,,Null,0,0,,48,Masterton District,Nil,,,,,0,0,Urban,0,,,Fine,Null
1755456,5921509,27575,,515202,0,,0,1,,South,2005/2006,SH 1N,SHELLY BEACH OBR,,Non-Injury Crash,Yes,2006,,South,,0,,Flat,,,,,,Dark,425600,0,0,0,4,,,0,,,,,,Auckland Region,Nil,1-way,Sealed,,0,0,,80,,On,1,0,,76,Auckland,Nil,,,,,0,0,Open,0,,,Heavy rain,Null
1745456,5920912,27576,,513301,0,,0,1,,South,2005/2006,SELWOOD ROAD,LINCOLN ON EBD,,Non-Injury Crash,No,2006,,North,,0,,Hill Road,,,,,,Bright sun,230200,0,0,0,2,,,0,,,,,,Auckland Region,Bridge,2-way,Sealed,,0,0,,50,,Off,0,0,,76,Auckland,Traffic Signals,,,,,0,0,Urban,2,,,Fine,Null