X,Y,OBJECTID,advisorySpeed,areaUnitID,bicycle,bridge,bus,carStationWagon,cliffBank,crashDirectionDescription,crashFinancialYear,crashLocation1,crashLocation2,crashRoadSideRoad,crashSeverity,crashSHDescription,crashYear,debris,directionRoleDescription,ditch,fatalCount,fence,flatHill,guardRail,holiday,houseOrBuilding,intersection,kerb,light,meshblockId,minorInjuryCount,moped,motorcycle,NumberOfLanes,objectThrownOrDropped,otherObject,otherVehicleType,overBank,parkedVehicle,pedestrian,phoneBoxEtc,postOrPole,region,roadCharacter,roadLane,roadSurface,roadworks,schoolBus,seriousInjuryCount,slipOrFlood,speedLimit,strayAnimal,streetLight,suv,taxi,temporarySpeedLimit,tlaId,tlaName,trafficControl,trafficIsland,trafficSign,train,tree,truck,unknownVehicleType,urban,vanOrUtility,vehicle,waterRiver,weatherA,weatherB
1672930,6081639,27577,,501700,0,,0,0,,Null,2006/2007,SH 12,MANGAKAHIA ROAD,,Minor Crash,Yes,2006,,West,,0,,Flat,,,,,,Bright sun,41800,1,0,0,2,,,0,,,1,,,Northland Region,Nil,2-way,Sealed,,0,0,,50,,Off,0,0,,1,Far North District,Stop,,,,,0,0,Urban,1,,,Fine,Null
1795395,5816744,27578,,528406,0,,0,1,,Null,2005/2006,BRYMER ROAD,BAGUST ROAD,,Minor Crash,No,2006,,North,,0,,Flat,,,,,,Bright sun,976702,1,0,0,2,,,0,,,,,,Waikato Region,Nil,2-way,Sealed,,0,0,,100,,Null,0,0,,16,Hamilton City,Give way,,,,,0,0,Open,1,,,Fine,Null
1772561,5896382,27579,,525420,0,,0,2,,Null,2005/2006,EAST ST,ELLIOT ST,,Non-Injury Crash,No,2006,,North,,0,,Flat,,,,,,Overcast,791600,0,0,0,4,,,0,,,,,,Auckland Region,Nil,2-way,Sealed,,0,0,,50,,Off,0,0,,76,Auckland,Traffic Signals,,,,,0,0,Urban,0,,,Mist or Fog,Null
1936183,5611652,27580,,545832,0,,0,1,,Null,2006/2007,SH 2,FARNDON ROAD,,Minor Crash,Yes,2006,,North,,0,,Flat,,,,,,Overcast,1404200,1,0,0,2,,,0,,,,,,Hawke's Bay Region,Nil,2-way,Sealed,,0,0,,100,,Null,0,0,,30,Hastings District,Give way,,,,,0,0,Open,1,,,Fine,Null
1747762,5915870,27581,,511602,0,0,0,2,0,West,2006/2007,HARMEL ROAD,PRIOR PLACE,,Non-Injury Crash,No,2006,0,East,0,0,0,Hill Road,0,Labour Weekend,0,,0,Dark,273000,0,0,0,2,0,0,0,0,1,,0,0,Auckland Region,Nil,2-way,Sealed,0,0,0,0,50,0,On,0,0,,76,Auckland,Nil,0,0,0,0,0,0,Urban,0,0,0,Fine,Null
1771726,5895459,27582,,525540,0,0,0,1,0,North,2006/2007,ELLIOTT ST,RAY SMALL DRIVE,,Minor Crash,No,2006,0,South,0,0,0,Flat,0,,0,,0,Dark,806401,1,0,0,2,0,0,0,0,1,,0,0,Auckland Region,Nil,2-way,Sealed,0,0,0,0,50,0,On,0,0,,76,Auckland,Nil,0,0,0,0,1,0,Urban,0,0,0,Fine,Null
1755623,5922382,27583,,515202,0,,0,2,,South,2005/2006,SH 1N,TOP OF HARBOUR BRIDGE,,Minor Crash,Yes,2006,,South,,0,,Hill Road,,,,,,Bright sun,423600,2,0,0,4,,,0,,,,,,,Bridge,1-way,Sealed,,0,0,,80,,Off,0,0,,76,Auckland,Nil,,,,,1,0,Open,0,,,Fine,Null
1756772,5918850,27584,,514200,0,,0,2,,East,2005/2006,NEWTON ROAD,UPPER QUEEN ST,,Non-Injury Crash,No,2006,,West,,0,,Flat,,,,,,Bright sun,412500,0,0,0,2,,,0,,,,,,Auckland Region,Nil,2-way,Sealed,,0,0,,50,,Off,0,0,,76,Auckland,Nil,,,,,0,0,Urban,0,,,Fine,Null
1762375,5913308,27585,,520500,0,,0,2,,South,2005/2006,SH 1N,PENROSE OBR,,Non-Injury Crash,Yes,2006,,North,,0,,Flat,,,,,,Overcast,637200,0,0,0,3,,,0,,,,,,Auckland Region,Nil,1-way,Sealed,,0,0,,100,,Off,0,0,,76,Auckland,Nil,,,,,0,0,Open,0,,,Light rain,Null
1754793,5444252,27586,,570800,0,,0,0,,Null,2006/2007,TITAHI BAY ROAD,MUNGAVIN OFF NBD,,Non-Injury Crash,No,2007,,West,,0,,Flat,,,,,,Bright sun,2051001,0,0,0,4,,,0,,,,,,Wellington Region,Nil,2-way,Sealed,,0,0,,50,,Null,0,0,,44,Porirua City,Give way,,,,,1,0,Urban,1,,,Fine,Null
1691181,6082358,27587,,501500,0,0,0,1,0,West,2006/2007,OTIRIA ROAD,KINGI ROAD,,Minor Crash,No,2006,0,West,0,0,1,Flat,0,,0,,0,Dark,52400,1,0,0,2,0,0,0,0,0,,0,0,Northland Region,Nil,2-way,Sealed,0,0,0,0,100,0,None,0,0,,1,Far North District,Nil,0,0,0,0,0,0,Open,0,0,0,Fine,Null
1763893,5868345,27588,,526701,0,0,0,0,0,South,2006/2007,KOHANGA ROAD,TUAKAU BRIDGE-PORT WAIKAT,,Non-Injury Crash,No,2006,0,North,0,0,0,Hill Road,0,,0,,0,Overcast,845600,0,0,0,2,0,0,0,0,0,,0,0,Waikato Region,Nil,2-way,Sealed,0,0,0,0,100,0,Null,0,0,,13,Waikato District,Unknown,0,0,0,0,0,0,Open,1,0,0,Light rain,Null
1800300,5812958,27589,,529100,0,,0,2,,West,2005/2006,SH 1N,TAWA ST W,,Minor Crash,Yes,2006,,West,,0,,Flat,,,,,,Dark,930601,1,0,0,2,,,0,,,,,,Waikato Region,Nil,2-way,Sealed,,0,0,,60,,On,0,0,,16,Hamilton City,Unknown,,,,,0,0,Urban,0,,,Fine,Null
1843338,5805235,27590,,535242,0,0,0,1,0,South,2005/2006,SH 27,PUKETUTU ROAD,,Non-Injury Crash,Yes,2006,0,South,0,0,1,Hill Road,0,,0,,0,Bright sun,1115901,0,0,0,2,0,0,0,0,0,,0,1,Waikato Region,Nil,2-way,Sealed,0,0,0,0,100,0,Null,0,0,,15,Matamata-Piako District,Unknown,0,1,0,0,0,0,Open,0,0,0,Fine,Null
1755336,5914183,27591,,518500,0,,0,2,,East,2005/2006,MOUNT ALBERT ROAD,DOMINION ROAD,,Non-Injury Crash,No,2006,,West,,0,,Flat,,,,,,Bright sun,561000,0,0,0,2,,,0,,,,,,Auckland Region,Nil,2-way,Sealed,,0,0,,50,,Off,0,0,,76,Auckland,Nil,,,,,0,0,Urban,0,,,Fine,Null
2067836,5793011,27592,,543302,0,0,0,1,0,South,2005/2006,WAIOMATATINI ROAD,TUPAROA ROAD,,Non-Injury Crash,No,2006,0,South,0,0,0,Flat,0,,0,,0,Bright sun,1346402,0,0,0,2,0,0,0,0,1,,0,0,Gisborne Region,Nil,2-way,Sealed,0,0,0,0,50,0,Null,0,0,,28,Gisborne District,Nil,0,0,0,0,0,0,Urban,1,0,0,Fine,Null
1929715,5604651,27593,,548200,0,,0,2,,East,2005/2006,LYNDON ROAD EAST,KARAMU ROAD SOUTH,,Minor Crash,No,2006,,East,,0,,Flat,,,,,,Bright sun,1492500,2,0,0,2,,,0,,,,,,Hawke's Bay Region,Nil,2-way,Sealed,,0,0,,50,,Null,0,0,,30,Hastings District,Nil,,,,,0,0,Urban,0,,,Fine,Null
1332675,4845171,27594,,607300,0,0,0,1,0,East,2006/2007,PAPATOWAI HIGHWAY,PUKETIRO ROAD,,Minor Crash,No,2006,0,North,0,0,0,Hill Road,0,,0,,0,Twilight,3000300,1,0,0,2,0,0,0,1,0,,0,0,Otago Region,Nil,2-way,Sealed,0,0,0,0,100,0,None,0,0,,72,Clutha District,Unknown,0,0,0,0,0,0,Open,0,0,0,Light rain,Null
1750974,5878217,27595,,521151,0,0,0,0,0,North,2005/2006,AWHITU ROAD,TAHUNA PA ROAD,,Serious Crash,No,2006,0,North,1,0,0,Flat,0,,0,,0,Bright sun,831000,1,0,1,2,0,0,0,0,0,,0,0,Auckland Region,Nil,2-way,Sealed,0,0,1,0,100,0,Null,0,0,,76,Auckland,Unknown,0,0,0,0,0,0,Open,0,0,0,Fine,Null
1789900,5755906,27596,,532000,0,0,0,1,1,East,2006/2007,MANGARINO ROAD,TAWA ST,,Non-Injury Crash,No,2006,0,East,0,0,0,Hill Road,0,,0,,0,Bright sun,1007002,0,0,0,2,0,0,0,0,0,,0,0,Waikato Region,Nil,2-way,Sealed,0,0,0,0,50,0,None,0,0,,20,Waitomo District,Nil,0,0,0,0,0,0,Urban,0,0,0,Fine,Null
1794133,5770148,27597,,531304,0,,0,0,,West,2006/2007,OTEWA ROAD,MANGAWHERO ROAD,,Fatal Crash,No,2006,,West,,1,,Flat,,,,,,Overcast,1002701,0,0,0,2,,,0,,,1,,,Waikato Region,Nil,2-way,Sealed,,0,0,,70,,Null,0,0,,18,Ōtorohanga District,Nil,,,,,0,0,Urban,1,,,Light rain,Null
1265681,5008146,27598,,609033,0,1,0,0,0,Null,2006/2007,SH 6,SHOTOVER RIV BR,,Minor Crash,Yes,2006,0,East,0,0,0,Hill Road,0,,0,,0,Dark,3038309,3,0,0,2,0,0,0,0,0,,0,0,Otago Region,Bridge,2-way,Sealed,0,0,0,0,100,0,None,1,0,,70,Queenstown-Lakes District,Unknown,0,0,0,0,1,0,Open,0,0,0,Fine,Null
1792992,5834163,27599,,527112,0,0,0,1,0,North,2005/2006,GREAT SOUTH ROAD,LOVELL AVENUE,,Non-Injury Crash,No,2006,0,South,0,0,0,Flat,0,,0,,0,Overcast,951300,0,0,0,2,0,0,0,0,0,,0,0,Waikato Region,Nil,2-way,Sealed,0,0,0,0,70,0,Off,0,0,,13,Waikato District,Nil,0,1,0,0,0,0,Urban,0,0,0,Fine,Null
1498906,5364950,27600,,584410,0,,0,2,,North,2005/2006,SH 6,HAWKS CRAG,,Serious Crash,Yes,2006,,North,,0,,Hill Road,,,,,,Bright sun,2388800,2,0,0,2,,,0,,,,,,West Coast Region,Nil,2-way,Sealed,,0,1,,100,,Null,0,0,,55,Buller District,Unknown,,,,,0,0,Open,0,,,Fine,Null
1767363,5910511,27601,,523112,0,,0,2,,North,2007/2008,MAURICE PAYKEL PLACE,HIGHBROOK ROAD,,Non-Injury Crash,No,2007,,South,,0,,Flat,,,,,,Overcast,711200,0,0,0,1,,,0,,,,,,Auckland Region,Nil,1-way,Sealed,,0,0,,50,,None,0,0,,76,Auckland,Nil,,,,,0,0,Urban,0,,,Light rain,Null
1797077,5819568,27602,,528403,0,,0,2,,Null,2006/2007,TE RAPA ROAD,WAIRERE DRIVE,,Non-Injury Crash,No,2006,,South,,0,,Flat,,,,,,Dark,907401,0,0,0,2,,,0,,,,,,Waikato Region,Nil,2-way,Sealed,,0,0,,60,,On,0,0,,16,Hamilton City,Give way,,,,,0,0,Urban,0,,,Fine,Null
1763950,5912271,27603,,520500,0,,0,2,,Null,2005/2006,MOUNT WELLINGTON HIGHWAY,SYLVIA PARK ROAD,,Non-Injury Crash,No,2006,,North,,0,,Hill Road,,,,,,Bright sun,639500,0,0,0,5,,,0,,,,,,Auckland Region,Nil,2-way,Sealed,,0,0,,50,,Off,0,0,,76,Auckland,Traffic Signals,,,,,0,0,Urban,0,,,Fine,Null
1820076,5828270,27604,,534500,1,,0,1,,East,2005/2006,SH 26,PIAKO ROAD,,Serious Crash,Yes,2006,,West,,0,,Flat,,,,,,Bright sun,1090700,0,0,0,2,,,0,,,,,,Waikato Region,Nil,2-way,Sealed,,0,1,,100,,Null,0,0,,15,Matamata-Piako District,Unknown,,,,,0,0,Open,0,,,Fine,Null
1763438,5910622,27605,,521901,0,,0,1,,Null,2006/2007,PORTAGE ROAD,SALEYARDS ROAD,,Non-Injury Crash,No,2006,,West,,0,,Flat,,,,,,Overcast,781900,0,0,0,4,,,0,,,,,,Auckland Region,Nil,2-way,Sealed,,0,0,,50,,Off,0,0,,76,Auckland,Stop,,,,,1,0,Urban,0,,,Fine,Null
1770972,5878109,27606,,521116,0,,0,1,,North,2005/2006,BUCKLAND ROAD,GEORGE CRESCENT,,Non-Injury Crash,No,2006,,South,,0,,Flat,,,,,,Dark,824406,0,0,0,2,,,0,,,,,,Auckland Region,Nil,2-way,Sealed,,0,0,,70,,On,0,0,,76,Auckland,Nil,,,,,0,0,Urban,0,,,Fine,Null
1821047,5533469,27607,,562100,0,,0,1,,Null,2006/2007,MILSON LNE,RICHARDSONS LINE,,Minor Crash,No,2006,,West,,0,,Flat,,,,,,Dark,1792302,2,0,0,2,,,0,,,,,,Manawatū-Whanganui Region,Nil,2-way,Sealed,,0,0,,100,,None,1,0,,40,Palmerston North City,Give way,,,,,0,0,Open,0,,,Heavy rain,Null
1745696,5917017,27608,,510800,0,,0,1,,North,2005/2006,EDSEL ST,VITASOVICH AVENUE,,Non-Injury Crash,No,2006,,North,,0,,Flat,,,,,,Overcast,243300,0,0,0,4,,,0,,,1,,,Auckland Region,Nil,2-way,Sealed,,0,0,,50,,Off,0,0,,76,Auckland,Give way,,,,,0,0,Urban,0,,,Light rain,Null
1756403,5924495,27609,,509702,0,,0,1,,East,2005/2006,ONEWA ROAD,ONEWA OBR,,Non-Injury Crash,No,2006,,East,,0,,Flat,,,,,,Bright sun,366700,0,0,0,2,,,0,,,,,,Auckland Region,Nil,2-way,Sealed,,0,0,,50,,Off,1,0,,76,Auckland,Nil,,,,,0,0,Urban,0,,,Fine,Null
1857478,5804202,27610,,535231,0,0,0,0,0,Null,2006/2007,SH 29,SUMMIT LOOKOUT,,Non-Injury Crash,Yes,2006,0,West,0,0,1,Hill Road,0,,0,,0,Overcast,1113900,0,0,0,3,0,0,0,0,0,,0,0,Waikato Region,Nil,2-way,Sealed,0,0,0,0,100,0,None,1,0,,15,Matamata-Piako District,Nil,0,0,0,0,0,0,Open,0,0,0,Fine,Null
1879235,5819777,27611,,537900,0,,0,2,,Null,2005/2006,SH 29,WELCOME BAY ROAD,,Non-Injury Crash,Yes,2006,,North,,0,,Flat,,,,,,Bright sun,1179506,0,0,0,2,,,0,,,,,,Bay of Plenty Region,Nil,2-way,Sealed,,0,0,,50,,Null,0,0,,23,Tauranga City,Give way,,,,,0,0,Urban,0,,,Light rain,Null
1844102,5802912,27612,,535242,0,,0,2,,Null,2005/2006,SH 27,SH 29 E,,Non-Injury Crash,Yes,2006,,North,,0,,Flat,,,,,,Bright sun,1116100,0,0,0,2,,,0,,,,,,Waikato Region,Nil,2-way,Sealed,,0,0,,100,,Null,0,0,,15,Matamata-Piako District,Stop,,,,,0,0,Open,0,,,Fine,Null
1818898,5527114,27613,,562921,0,0,0,1,0,Null,2006/2007,RACECOURSE ROAD,KENTUCKY WAY,,Minor Crash,No,2006,0,East,0,0,0,Flat,0,,0,,0,Dark,1800506,1,0,0,2,0,0,0,0,0,,0,0,Manawatū-Whanganui Region,Nil,2-way,Sealed,0,0,0,0,50,0,On,0,0,,40,Palmerston North City,Give way,0,1,0,1,0,0,Urban,0,0,0,Fine,Null
1744450,5922071,27614,,513512,0,0,0,1,0,South,2005/2006,SH 16,ROYAL OFF WBD,,Minor Crash,Yes,2006,0,North,0,0,0,Hill Road,1,,0,,0,Dark,225702,1,0,0,2,0,0,0,0,0,,0,0,Auckland Region,Nil,1-way,Sealed,0,0,0,0,100,0,On,0,0,,76,Auckland,Nil,0,0,0,0,0,0,Open,0,0,0,Light rain,Null
1769862,5914774,27615,,522722,0,,0,2,,Null,2006/2007,AVIEMORE DRIVE,PAKURANGA ROAD,,Minor Crash,No,2006,,North,,0,,Flat,,,,,,Twilight,681324,1,0,0,4,,,0,,,,,,Auckland Region,Nil,2-way,Sealed,,0,0,,60,,Off,0,0,,76,Auckland,Traffic Signals,,,,,0,0,Urban,0,,,Fine,Null
2037973,5707798,27616,,544801,0,,0,1,,Null,2005/2006,SH 35,HARRIS ST,,Minor Crash,Yes,2006,,East,,0,,Flat,,,,,,Bright sun,1387600,1,0,0,2,,,0,,,1,,,Gisborne Region,Nil,2-way,Sealed,,0,0,,50,,Null,0,0,,28,Gisborne District,Stop,,,,,0,0,Urban,0,,,Fine,Null
1764214,5437202,27617,,568302,0,,0,0,,Null,2005/2006,RATA ST,FLEET ST,,Serious Crash,No,2006,,West,,0,,Flat,,,,,,Overcast,1956400,0,0,0,2,,,0,,,1,,,Wellington Region,Nil,2-way,Sealed,,0,1,,50,,Null,0,0,,46,Lower Hutt City,Nil,,,,,0,0,Urban,1,,,Light rain,Null
1748600,5425659,27618,,573300,0,,0,3,,North,2006/2007,WALLACE ST,WALLACE ST SLIP,,Non-Injury Crash,No,2007,,South,,0,,Hill Road,,,,,,Overcast,2147300,0,0,0,2,,,0,,,,,,Wellington Region,Nil,2-way,Sealed,,0,0,,50,,Null,0,0,,47,Wellington City,Nil,,,,,0,0,Urban,0,,,Light rain,Null
1798455,5817902,27619,,528403,0,,0,1,,North,2006/2007,TE RAPA ROAD,GARNETT AVENUE,,Non-Injury Crash,No,2006,,North,,0,,Flat,,,,,,Dark,908100,0,0,0,4,,,0,,,,,,Waikato Region,Nil,2-way,Sealed,,0,0,,60,,On,0,0,,16,Hamilton City,Unknown,,,,,0,0,Urban,1,,,Fine,Null
1768337,5908517,27620,,523502,0,,0,1,,South,2006/2007,EAST TAMAKI ROAD,JOHNSTONES ROAD,,Minor Crash,No,2006,,North,,0,,Flat,,,,,,Bright sun,703400,2,0,0,4,,,0,,,,,,Auckland Region,Nil,2-way,Sealed,,0,0,,60,,Null,0,0,,76,Auckland,Unknown,,,,,0,0,Urban,1,,,Fine,Null
1407843,4914494,27621,,604611,0,,0,3,,West,2006/2007,SHORE ST,MUSSELBURGH RISE,,Minor Crash,No,2006,,West,,0,,Flat,,,,,,Overcast,2933500,2,0,0,2,,,0,,,,,,Otago Region,Nil,2-way,Sealed,,0,0,,50,,Null,1,0,,71,Dunedin City,Unknown,,,,,0,0,Urban,0,,,Fine,Null
1775239,5579024,27622,,556800,0,,0,1,,Null,2006/2007,DUBLIN ST,SOMME PARADE,,Minor Crash,No,2006,,South,,0,,Hill Road,,,,,,Bright sun,1704600,1,0,1,2,,,0,,,,,,Manawatū-Whanganui Region,Nil,2-way,Sealed,,0,0,,50,,Null,0,0,,37,Whanganui District,Give way,,,,,0,0,Urban,0,,,Fine,Null
1748707,5910838,27623,,512100,0,0,0,1,0,Null,2006/2007,CASTLEFORD ST,AVONLEIGH ROAD,,Non-Injury Crash,No,2006,0,West,0,0,0,Hill Road,0,,0,,1,Bright sun,293402,0,0,0,2,0,0,0,0,0,,0,0,Auckland Region,Nil,2-way,Sealed,0,0,0,0,50,0,Off,0,0,,76,Auckland,Give way,0,0,0,0,0,0,Urban,0,0,0,Fine,Null
1925203,5606850,27624,,548620,0,0,0,2,0,South,2005/2006,SWANSEA ROAD,HENDERSON ROAD,,Non-Injury Crash,No,2006,0,North,0,0,0,Flat,0,,0,,0,Bright sun,1473700,0,0,0,2,0,0,0,0,1,,0,0,Hawke's Bay Region,Nil,2-way,Sealed,0,0,0,0,50,0,Null,0,0,,30,Hastings District,Nil,0,0,0,0,0,0,Urban,1,0,0,Fine,Null
1612285,6144986,27625,,500207,0,0,0,1,1,North,2005/2006,SH 1N,HOUHORA HEADS ROAD,,Minor Crash,Yes,2006,0,South,0,0,0,Flat,0,,0,,0,Bright sun,1204,1,0,0,1,0,0,0,0,0,,0,0,Northland Region,Nil,2-way,Sealed,0,0,0,0,100,0,None,0,0,,1,Far North District,Nil,0,0,0,0,0,0,Open,0,0,0,Fine,Null
1559454,5182270,27626,,587811,0,,0,1,,Null,2005/2006,SH 73,HASKETTS ROAD,,Minor Crash,Yes,2006,,East,,0,,Flat,,,,,,Overcast,2494100,1,0,0,2,,,0,,,,,,Canterbury Region,Nil,2-way,Sealed,,0,0,,100,,Null,1,0,,60,Christchurch City,Stop,,,,,0,0,Open,0,,,Mist or Fog,Null
1711641,6066982,27627,,501814,0,,0,0,,Null,2006/2007,SH 1N,WAIOTU BLOCK ROAD,,Non-Injury Crash,Yes,2006,,West,,0,,Flat,,,,,,Bright sun,60200,0,0,0,2,,,0,,,,,,Northland Region,Nil,2-way,Sealed,,0,0,,100,,None,0,0,,2,Whangarei District,Nil,,,,,1,0,Open,0,,,Fine,Null
1745717,5917401,27628,,510700,0,,0,1,,Null,2005/2006,EDMONTON ROAD,ALDERMAN DRIVE,,Minor Crash,No,2006,,North,,0,,Flat,,,,,,Overcast,240000,1,0,0,4,,,0,,,,,,Auckland Region,Nil,2-way,Sealed,,0,0,,50,,Null,0,0,,76,Auckland,Give way,,,,,1,0,Urban,0,,,Fine,Null
1801082,5817050,27629,,529800,0,,0,2,,South,2005/2006,HEAPHY TERRACE,OXFORD ST,,Non-Injury Crash,No,2006,,North,,0,,Flat,,Christmas New Year,,,,Overcast,871100,0,0,1,2,,,0,,,,,,Waikato Region,Nil,2-way,Sealed,,0,0,,50,,Null,0,0,,16,Hamilton City,Nil,,,,,0,0,Urban,0,,,Fine,Null
1761972,5913415,27630,,519500,0,,0,2,,Null,2005/2006,GREAT SOUTH ROAD,PENROSE ROAD,,Non-Injury Crash,No,2006,,South,,0,,Flat,,,,,,Dark,621500,0,0,0,4,,,0,,,,,,Auckland Region,Nil,2-way,Sealed,,0,0,,50,,On,0,0,,76,Auckland,Traffic Signals,,,,,0,0,Urban,0,,,Fine,Null
1756220,5918293,27631,,517500,0,,0,2,,Null,2005/2006,NEW NORTH ROAD,DOMINION ROAD,,Non-Injury Crash,No,2006,,West,,0,,Flat,,,,,,Overcast,531700,0,0,0,1,,,0,,,,,,Auckland Region,Nil,1-way,Sealed,,0,0,,50,,Off,0,0,,76,Auckland,Give way,,,,,0,0,Urban,0,,,Fine,Null
1702617,6097040,27632,,501000,0,0,0,1,1,North,2006/2007,FLORANCE AVENUE,HOPE AVENUE,,Minor Crash,No,2006,0,North,0,0,0,Flat,0,,0,,0,Dark,57000,1,0,0,2,0,0,0,0,0,,0,0,Northland Region,Nil,2-way,Sealed,0,0,0,0,50,0,On,0,0,,1,Far North District,Unknown,0,0,0,0,0,0,Urban,0,0,0,Fine,Null
1757148,5450052,27633,,571900,0,0,0,0,1,East,2005/2006,GRAYS ROAD,SH 1N,,Serious Crash,No,2006,0,West,0,0,0,Flat,0,,0,,0,Bright sun,2068700,0,0,0,2,0,0,0,0,0,,0,0,Wellington Region,Nil,2-way,Sealed,0,0,1,0,50,0,Null,1,0,,44,Porirua City,Nil,0,0,0,0,0,0,Urban,0,0,1,Fine,Null
1800526,5815213,27634,,529700,0,,0,1,,Null,2005/2006,WARD ST,TRISTRAM ST,,Non-Injury Crash,No,2006,,West,,0,,Flat,,,,,,Dark,910900,0,0,0,4,,,0,,,,,,Waikato Region,Nil,2-way,Sealed,,0,0,,50,,On,1,0,,16,Hamilton City,Traffic Signals,,,,,0,0,Urban,0,,,Fine,Null
1404639,4914425,27635,,604210,0,,0,3,,Null,2007/2008,SOUTH ROAD,DAVID ST,,Minor Crash,No,2007,,West,,0,,Flat,,,,,,Dark,2912600,4,0,0,2,,,0,,,,,,Otago Region,Nil,2-way,Sealed,,0,0,,50,,On,0,0,,71,Dunedin City,Give way,,,,,0,0,Urban,0,,,Fine,Null
1764803,5911228,27636,,520500,0,0,0,2,0,North,2006/2007,SH 1N,PRINCES OBR,,Non-Injury Crash,Yes,2006,0,South,0,0,0,Flat,0,,0,,0,Bright sun,635901,0,0,0,3,0,0,0,0,0,,0,0,Auckland Region,Nil,1-way,Sealed,0,0,0,0,100,0,Off,0,0,,76,Auckland,Nil,0,0,0,1,0,0,Open,0,0,0,Fine,Null
1797498,5621152,27637,70,554900,0,,0,1,,South,2005/2006,SH 4,SEDDON ST,,Non-Injury Crash,Yes,2006,,South,,0,,Hill Road,,,,,,Bright sun,1674600,0,0,0,2,,,0,,,,,,Manawatū-Whanganui Region,Nil,2-way,Sealed,,0,0,,100,,Null,0,0,,36,Ruapehu District,Nil,,,,,0,0,Open,0,,,Fine,Null
1857659,5839429,27638,,535800,0,0,0,1,0,North,2006/2007,SH 2,FAIRVIEW ROAD,,Minor Crash,Yes,2006,0,North,0,0,0,Flat,0,,1,,0,Overcast,1183501,1,0,0,2,0,0,0,0,0,,0,0,Bay of Plenty Region,Nil,2-way,Sealed,0,0,0,0,50,0,Off,0,0,,22,Western Bay of Plenty District,Nil,0,0,0,0,0,0,Urban,0,0,0,Fine,Null
1768639,5901023,27639,,525001,0,0,0,2,0,South,2005/2006,Z CPK SOUTHMALL SC,STATION ROAD,,Non-Injury Crash,No,2006,0,South,0,0,0,Flat,0,,0,,0,Bright sun,751600,0,0,0,1,0,0,0,0,1,,0,0,Auckland Region,Nil,Off road,Sealed,0,0,0,0,50,0,Off,0,0,,76,Auckland,Nil,0,0,0,0,0,0,Urban,0,0,0,Fine,Null
1869013,5722187,27640,,541335,0,0,0,1,0,North,2006/2007,SH 1N,SH 5,,Non-Injury Crash,Yes,2006,0,North,0,0,1,Flat,0,Labour Weekend,0,,0,Overcast,1278202,0,0,0,2,0,0,0,0,0,,0,0,Waikato Region,Nil,2-way,Sealed,0,0,0,0,100,0,Null,0,0,,21,Taupo District,Unknown,0,0,0,0,0,0,Open,0,0,0,Light rain,Null
1770394,5912129,27641,,523106,0,,0,2,,Null,2006/2007,BOTANY ROAD,GOLFLAND DRIVE N,,Non-Injury Crash,No,2006,,North,,0,,Flat,,,,,,Overcast,711186,0,0,0,4,,,0,,,,,,Auckland Region,Nil,2-way,Sealed,,0,0,,70,,Off,0,0,,76,Auckland,Nil,,,,,0,0,Urban,0,,,Light rain,Null
1780460,5903000,27642,40,525201,0,,0,1,,South,2005/2006,PAPAKURA-CLEVEDON ROAD,WEST ROAD,,Non-Injury Crash,No,2006,,South,,0,,Flat,,,,,,Overcast,763201,0,0,0,2,,,0,,,,,,Auckland Region,Nil,2-way,Sealed,,0,0,,70,,None,1,0,,76,Auckland,Nil,,,,,0,0,Urban,0,,,Light rain,Null
1767444,5912104,27643,,522910,0,,0,2,,Null,2005/2006,TI RAKAU DRIVE,EDGEWATER DRIVE S,,Non-Injury Crash,No,2006,,South,,0,,Flat,,,,,,Dark,686502,0,0,0,4,,,0,,,,,,Auckland Region,Nil,2-way,Sealed,,0,0,,60,,On,0,0,,76,Auckland,Give way,,,,,0,0,Urban,0,,,Heavy rain,Null
1754057,5936391,27644,,506902,0,0,0,1,0,Null,2005/2006,EAST COAST ROAD,GLAMORGAN DRIVE,,Non-Injury Crash,No,2006,0,South,0,0,0,Flat,0,,0,,0,Bright sun,166600,0,0,0,2,0,0,0,0,0,,0,1,Auckland Region,Nil,2-way,Sealed,0,0,0,0,50,0,Off,0,0,,76,Auckland,Give way,1,0,0,0,0,0,Urban,0,0,0,Fine,Null
1743275,5719180,27645,,531710,0,0,0,1,0,North,2006/2007,SH 3,MANGANUI ROAD,,Minor Crash,Yes,2006,0,South,0,0,0,Flat,0,,0,,0,Overcast,1016500,1,0,0,2,0,0,0,1,0,,0,0,Waikato Region,Nil,2-way,Sealed,0,0,0,0,100,0,None,0,0,50,20,Waitomo District,Nil,0,0,0,0,0,0,Open,0,0,0,Light rain,Strong wind
1478802,5146752,27646,,597720,0,,0,2,,East,2005/2006,TINWALD WESTERFIELD MAYFI,ORCHARDS ROAD,,Fatal Crash,No,2006,,East,,1,,Flat,,,,,,Bright sun,2757200,1,0,0,2,,,0,,,,,,Canterbury Region,Nil,2-way,Sealed,,0,0,,100,,Null,0,0,,63,Ashburton District,Unknown,,,,,0,0,Open,0,,,Fine,Null