X,Y,OBJECTID,advisorySpeed,areaUnitID,bicycle,bridge,bus,carStationWagon,cliffBank,crashDirectionDescription,crashFinancialYear,crashLocation1,crashLocation2,crashRoadSideRoad,crashSeverity,crashSHDescription,crashYear,debris,directionRoleDescription,ditch,fatalCount,fence,flatHill,guardRail,holiday,houseOrBuilding,intersection,kerb,light,meshblockId,minorInjuryCount,moped,motorcycle,NumberOfLanes,objectThrownOrDropped,otherObject,otherVehicleType,overBank,parkedVehicle,pedestrian,phoneBoxEtc,postOrPole,region,roadCharacter,roadLane,roadSurface,roadworks,schoolBus,seriousInjuryCount,slipOrFlood,speedLimit,strayAnimal,streetLight,suv,taxi,temporarySpeedLimit,tlaId,tlaName,trafficControl,trafficIsland,trafficSign,train,tree,truck,unknownVehicleType,urban,vanOrUtility,vehicle,waterRiver,weatherA,weatherB
1580336,5176233,27647,,596200,1,,0,1,,Null,2006/2007,MAIN ROAD,NAYLAND ST,,Serious Crash,No,2006,,West,,0,,Flat,,,,,,Bright sun,2703400,0,0,0,2,,,0,,,,,,Canterbury Region,Nil,2-way,Sealed,,0,1,,50,,Null,0,0,,60,Christchurch City,Give way,,,,,0,0,Urban,0,,,Fine,Null
1757175,5919858,27648,,514102,0,,0,1,,West,2005/2006,MAYORAL DRIVE,QUEEN ST,,Non-Injury Crash,No,2006,,West,,0,,Flat,,,,,,Dark,435201,0,0,0,4,,,0,,,,,,Auckland Region,Nil,2-way,Sealed,,0,0,,50,,On,1,0,,76,Auckland,Give way,,,,,0,0,Urban,0,,,Fine,Null
1752310,5926635,27649,,510220,0,,0,1,,South,2006/2007,SALISBURY ROAD,ESKDALE ROAD,,Serious Crash,No,2006,,South,,0,,Flat,,,,,,Twilight,348900,0,0,1,2,,,0,,,,,,Auckland Region,Nil,2-way,Sealed,,0,2,,50,,Off,0,0,,76,Auckland,Nil,,,,,0,0,Urban,0,,,Light rain,Null
1754043,5931375,27650,,508807,0,,0,2,,Null,2006/2007,SH 18,UPPER HWY ON NBD E,,Minor Crash,Yes,2006,,East,,0,,Flat,,,,,,Bright sun,180810,2,0,0,3,,,0,,,,,,Auckland Region,Motorway ramp,2-way,Sealed,,0,0,,50,,Off,0,0,,76,Auckland,Traffic Signals,,,,,0,0,Urban,0,,,Fine,Null
1750861,5930226,27651,,509100,0,0,0,0,0,West,2005/2006,KYLE ROAD,WICKLAM LANE,,Minor Crash,No,2006,0,East,1,0,0,Hill Road,0,,0,,0,Twilight,181110,1,0,0,2,0,0,0,0,0,,0,0,Auckland Region,Nil,2-way,Sealed,0,0,0,0,50,0,On,0,0,,76,Auckland,Nil,0,0,0,1,0,0,Urban,1,0,0,Mist or Fog,Null
1756269,5913196,27652,,518701,0,,0,1,,Null,2006/2007,CARR ROAD,HAYR ROAD,,Non-Injury Crash,No,2006,,East,,0,,Flat,,,,,,Bright sun,569600,0,0,0,2,,,0,,,,,,Auckland Region,Nil,2-way,Sealed,,0,0,,50,,Off,0,0,,76,Auckland,Give way,,,,,1,0,Urban,0,,,Fine,Null
1764068,5915017,27653,,520302,0,,0,2,,Null,2005/2006,LUNN AVENUE,ELLERSLIE-PANMURE HIGHWAY,,Non-Injury Crash,No,2006,,South,,0,,Flat,,,,,,Dark,626500,0,0,0,3,,,0,,,,,,Auckland Region,Nil,2-way,Sealed,,0,0,,50,,On,0,0,,76,Auckland,Give way,,,,,0,0,Urban,0,,,Fine,Null
1757939,5919045,27654,,515902,0,0,0,1,0,South,2005/2006,GRANDSTAND ROAD NORTH,KIOSK ROAD,,Non-Injury Crash,No,2006,0,North,0,0,0,Flat,0,,0,,0,Overcast,451400,0,0,0,2,0,0,0,0,1,,0,0,Auckland Region,Nil,2-way,Sealed,0,0,0,0,30,0,Null,1,0,,76,Auckland,Unknown,0,0,0,0,0,0,Urban,0,0,0,Light rain,Null
1758011,5914933,27655,,519300,0,,0,2,,Null,2006/2007,MANUKAU ROAD,GOLF ROAD,,Non-Injury Crash,No,2006,,South,,0,,Flat,,,,,,Bright sun,623800,0,0,0,2,,,0,,,,,,Auckland Region,Nil,2-way,Sealed,,0,0,,50,,Off,0,0,,76,Auckland,Nil,,,,,0,0,Urban,0,,,Null,Null
1747751,5939084,27656,,506300,0,0,0,1,1,East,2006/2007,DAIRY FLAT HIGHWAY,BAWDEN ROAD,,Non-Injury Crash,No,2006,0,West,0,0,1,Flat,0,,0,,0,Twilight,176006,0,0,0,2,0,0,0,0,0,,0,1,Auckland Region,Nil,2-way,Sealed,0,0,0,0,100,0,On,0,0,,76,Auckland,Nil,0,0,0,0,0,0,Open,0,0,0,Fine,Null
1796947,5814860,27657,40,528601,0,,0,2,,Null,2006/2007,DINSDALE ROAD,ABERDEEN DRIVE,,Non-Injury Crash,No,2007,,East,,0,,Hill Road,,,,,,Overcast,920401,0,0,0,2,,,0,,,,,,Waikato Region,Nil,2-way,Sealed,,0,0,,50,,Off,0,0,,16,Hamilton City,Nil,,,,,0,0,Urban,0,,,Fine,Null
1769508,5899789,27658,,525002,0,,0,2,,Null,2006/2007,GREAT SOUTH ROAD,MAHIA ROAD,,Non-Injury Crash,No,2006,,East,,0,,Flat,,,,,,Bright sun,753900,0,0,0,4,,,0,,,,,,Auckland Region,Nil,2-way,Sealed,,0,0,,50,,Null,0,0,,76,Auckland,Traffic Signals,,,,,0,0,Urban,0,,,Fine,Null
1801114,5815222,27659,,529700,0,,0,1,,Null,2006/2007,COLLINGWOOD ST,VICTORIA ST,,Minor Crash,No,2006,,South,,0,,Flat,,,,,,Dark,911401,1,0,0,2,,,0,,,1,,,Waikato Region,Nil,2-way,Sealed,,0,0,,50,,On,0,0,,16,Hamilton City,Traffic Signals,,,,,0,0,Urban,0,,,Light rain,Null
1824566,5800362,27660,,535241,0,,0,2,,Null,2006/2007,SH 1N,KARAPIRO ROAD,,Non-Injury Crash,Yes,2006,,South,,0,,Flat,,,,,,Bright sun,1123000,0,0,0,2,,,0,,,,,,Waikato Region,Nil,2-way,Sealed,,0,0,,100,,Off,0,0,,17,Waipa District,Nil,,,,,0,0,Open,0,,,Fine,Null
1928874,5603934,27661,,547900,0,0,0,1,0,South,2006/2007,RAILWAY ROAD,GARNETT ST,,Minor Crash,No,2006,0,North,0,0,0,Flat,0,,0,,0,Dark,1482600,1,0,0,2,0,0,0,0,1,,0,0,Hawke's Bay Region,Nil,2-way,Sealed,0,0,0,0,70,0,On,1,0,,30,Hastings District,Nil,0,0,0,0,0,0,Urban,0,0,0,Fine,Null
1884001,5773179,27662,,540420,0,0,0,1,0,Null,2006/2007,JAMES ST,MALFROY ROAD,,Serious Crash,No,2006,0,West,0,0,0,Flat,0,,0,,0,Dark,1235700,0,0,0,1,0,0,0,0,0,,0,0,Bay of Plenty Region,Nil,2-way,Sealed,0,0,2,0,50,0,On,0,0,,24,Rotorua District,Nil,0,0,0,1,0,0,Urban,0,0,0,Fine,Null
1767772,5904299,27663,,524604,0,,0,2,,North,2005/2006,GREAT SOUTH ROAD,REDOUBT ROAD,,Non-Injury Crash,No,2006,,North,,0,,Flat,,,,,,Overcast,780302,0,0,0,2,,,0,,,,,,Auckland Region,Nil,2-way,Sealed,,0,0,,50,,Off,0,0,,76,Auckland,Give way,,,,,0,0,Urban,0,,,Light rain,Null
1799452,5814532,27664,,528900,0,,0,0,,East,2006/2007,KILLARNEY ROAD,ELLIS ST,,Minor Crash,No,2006,,East,,0,,Flat,,,,,,Bright sun,916200,1,0,0,2,,,0,,,,,,Waikato Region,Nil,2-way,Sealed,,0,0,,50,,Null,0,0,,16,Hamilton City,Unknown,,,,,0,0,Urban,2,,,Fine,Null
1742583,5921989,27665,,513610,0,0,0,1,0,South,2005/2006,RED HILLS ROAD,DON BUCK ROAD,,Non-Injury Crash,No,2006,0,South,0,0,0,Flat,0,,0,,0,Overcast,226503,0,0,0,2,0,0,0,0,0,,0,1,Auckland Region,Nil,2-way,Sealed,0,0,0,0,50,0,Null,0,0,,76,Auckland,Unknown,0,0,0,0,0,0,Urban,0,0,0,Mist or Fog,Null
1719295,6045457,27666,,503100,0,,0,1,,Null,2005/2006,TAREWA ROAD,WALTON ST,,Non-Injury Crash,No,2006,,North,,0,,Flat,,,,,,Bright sun,100400,0,0,0,2,,,0,,,,,,Northland Region,Nil,1-way,Sealed,,0,0,,50,,Off,0,0,,2,Whangarei District,Give way,,,,,0,0,Urban,1,,,Fine,Null
1718586,6044461,27667,,503600,0,0,0,0,0,Null,2006/2007,SH 1N,TAREWA ROAD,,Non-Injury Crash,Yes,2006,0,West,0,0,0,Flat,0,,0,,1,Overcast,104200,0,0,0,2,0,0,0,0,0,,0,0,Northland Region,Nil,2-way,Sealed,0,0,0,0,50,0,Off,0,0,,2,Whangarei District,Nil,0,0,0,0,0,0,Urban,1,0,0,Light rain,Null
1708284,5682356,27668,,550700,0,,0,3,,Null,2006/2007,SH 3,PRINCESS ST,,Minor Crash,Yes,2006,,West,,0,,Flat,,,,,,Bright sun,1550800,3,0,0,2,,,0,,,,,,Taranaki Region,Nil,2-way,Sealed,,0,0,,100,,Null,0,0,,33,New Plymouth District,Give way,,,,,0,0,Open,0,,,Fine,Null
1728346,6009140,27669,,501815,0,,0,1,,South,2006/2007,SH 1N,WAIPU GORGE ROAD,,Fatal Crash,Yes,2006,,North,,1,,Hill Road,,,,,,Overcast,81300,0,0,0,3,,,0,,,,,,Northland Region,Nil,2-way,Sealed,,0,0,,100,,None,0,0,,2,Whangarei District,Nil,,,,,1,0,Open,0,,,Light rain,Null
1751479,5917989,27670,,515001,0,,0,2,,West,2006/2007,SH 16,GT NORTH OBR,,Non-Injury Crash,Yes,2007,,East,,0,,Flat,,,,,,Bright sun,392200,0,0,0,3,,,0,,,,,,Auckland Region,Nil,1-way,Sealed,,0,0,,100,,Off,0,0,,76,Auckland,Nil,,,,,0,0,Open,0,,,Fine,Null
1755731,5919620,27671,,514000,0,0,0,2,0,South,2005/2006,PONSONBY ROAD,RICHMOND ROAD,,Non-Injury Crash,No,2006,0,North,0,0,0,Flat,0,,0,,0,Dark,414500,0,0,0,4,0,0,0,0,1,,0,0,Auckland Region,Nil,2-way,Sealed,0,0,0,0,50,0,On,0,1,,76,Auckland,Unknown,0,0,0,0,0,0,Urban,0,0,0,Fine,Null
1766663,5912929,27672,,522910,0,,0,2,,Null,2005/2006,TI RAKAU DRIVE,REEVES ROAD,,Non-Injury Crash,No,2006,,North,,0,,Flat,,,,,,Overcast,684000,0,0,0,6,,,0,,,,,,Auckland Region,Nil,2-way,Sealed,,0,0,,60,,Off,0,0,,76,Auckland,Traffic Signals,,,,,0,0,Urban,0,,,Fine,Null
1761124,5914753,27673,,520202,0,0,0,1,1,South,2006/2007,SULTAN ST,SULTAN LANE,,Minor Crash,No,2006,0,North,0,0,0,Flat,0,,0,,0,Dark,612200,1,0,0,2,0,0,0,0,0,,0,0,Auckland Region,Nil,2-way,Sealed,0,0,0,0,50,0,On,0,0,,76,Auckland,Unknown,0,0,0,0,0,0,Urban,0,0,0,Fine,Null
1754472,5917550,27674,,517600,0,0,0,2,0,West,2005/2006,NEW NORTH ROAD,WOLSELEY ST,,Non-Injury Crash,No,2006,0,East,0,0,0,Flat,0,,0,,0,Dark,534500,0,0,0,2,0,0,0,0,1,,0,0,Auckland Region,Nil,2-way,Sealed,0,0,0,0,50,0,On,0,0,,76,Auckland,Nil,0,0,0,0,0,0,Urban,0,0,0,Light rain,Null
1756210,5920714,27675,,514102,0,0,0,2,0,North,2006/2007,BEAUMONT ST,FISHER-POINT DRIVE S,,Non-Injury Crash,No,2006,0,North,0,0,0,Flat,0,,0,,0,Bright sun,432500,0,0,0,2,0,0,0,0,1,,0,0,Auckland Region,Nil,2-way,Sealed,0,0,0,0,50,0,Off,0,0,,76,Auckland,Nil,0,0,0,0,0,0,Urban,0,0,0,Fine,Null
1758099,5920169,27676,,514103,0,,0,2,,South,2005/2006,ALTEN ROAD,WYNYARD ST,,Non-Injury Crash,No,2006,,South,,0,,Hill Road,,,,,,Dark,438203,0,0,0,2,,,0,,,,,,Auckland Region,Nil,2-way,Sealed,,0,0,,50,,On,0,1,,76,Auckland,Nil,,,,,0,0,Urban,0,,,Null,Null
1759634,5920503,27677,,515902,0,0,0,2,0,East,2005/2006,TAMAKI DRIVE,SOLENT ST,,Minor Crash,No,2006,0,East,0,0,0,Flat,0,,0,,0,Dark,454800,2,0,0,4,0,0,0,0,0,,0,0,Auckland Region,Nil,2-way,Sealed,0,0,0,0,50,0,On,0,0,,76,Auckland,Nil,0,0,0,0,0,0,Urban,0,1,0,Fine,Null
1825044,5564290,27678,,559700,0,0,0,1,0,Null,2005/2006,SH 54,WAITUNA TAPUAE ROAD,,Minor Crash,Yes,2006,0,North,0,0,0,Flat,0,,0,,0,Dark,1777200,1,0,0,2,0,0,0,0,0,,0,0,Manawatū-Whanganui Region,Nil,2-way,Sealed,0,0,0,0,100,0,None,0,0,,39,Manawatu District,Nil,0,0,0,1,0,0,Open,0,0,0,Fine,Null
1731477,5907995,27679,25,513800,0,0,0,2,0,North,2006/2007,PIHA ROAD,TE AHUAHU ROAD,,Non-Injury Crash,No,2006,0,North,0,0,0,Hill Road,0,Christmas New Year,0,,0,Dark,282027,0,0,0,2,0,0,0,0,1,,0,0,Auckland Region,Nil,2-way,Sealed,0,0,0,0,70,0,None,0,0,,76,Auckland,Nil,0,0,0,0,0,0,Urban,0,0,0,Fine,Null
1800923,5814253,27680,,529100,0,0,0,2,0,West,2005/2006,PALMERSTON ST,FOW ST,,Non-Injury Crash,No,2006,0,East,0,0,0,Flat,0,,0,,0,Overcast,931701,0,0,0,2,0,0,0,0,1,,0,0,Waikato Region,Nil,2-way,Sealed,0,0,0,0,50,0,Off,0,0,,16,Hamilton City,Nil,0,0,0,0,0,0,Urban,0,0,0,Fine,Null
1757189,5919093,27681,,514301,0,,0,2,,Null,2005/2006,SH 1N,SYMONDS ON SBD,,Non-Injury Crash,Yes,2006,,South,,0,,Flat,,Christmas New Year,,,,Dark,441200,0,0,0,5,,,0,,,,,,Auckland Region,Motorway ramp,1-way,Sealed,,0,0,,80,,On,0,0,,76,Auckland,Nil,,,,,0,0,Open,0,,,Fine,Null
1260370,4846265,27682,65,610072,0,,0,1,,Null,2006/2007,GORGE ROAD-INVERCARGILL H,MOKOTUA ROAD,,Minor Crash,No,2006,,East,,0,,Flat,,,,,,Overcast,3163300,2,0,0,2,,,0,,,,,,Southland Region,Nil,2-way,Sealed,,0,0,,100,,Null,1,0,,73,Southland District,Give way,,,,,0,0,Open,0,,,Fine,Null
1658808,6046991,27683,,504501,0,0,0,1,0,West,2006/2007,TROUNSON PARK ROAD,MANGATU ROAD,,Non-Injury Crash,No,2006,0,East,0,0,0,Flat,0,,0,,0,Bright sun,119300,0,0,0,2,0,0,0,0,0,,0,1,Northland Region,Nil,2-way,Unsealed,0,0,0,0,100,0,Null,0,0,,3,Kaipara District,Unknown,0,0,0,0,0,0,Open,0,0,0,Fine,Null
1823487,5829462,27684,,534902,0,0,0,1,0,West,2005/2006,VICTORIA AVENUE,THAMES ST,,Minor Crash,No,2006,0,North,0,0,0,Flat,0,,0,,0,Overcast,1090400,1,0,0,2,0,0,0,0,0,,1,0,Waikato Region,Nil,2-way,Sealed,0,0,0,0,50,0,Null,0,0,,15,Matamata-Piako District,Unknown,0,0,0,0,0,0,Urban,0,0,0,Light rain,Null
1881876,5779404,27685,,538602,0,0,0,1,1,Null,2006/2007,SH 5,SH 36,,Minor Crash,Yes,2006,0,East,0,0,0,Flat,0,,0,,0,Dark,1247200,2,0,0,3,0,0,0,0,0,,0,1,Bay of Plenty Region,Nil,2-way,Sealed,0,0,0,0,80,0,On,0,0,,24,Rotorua District,Give way,0,1,0,0,0,0,Open,0,0,0,Fine,Null
1622293,5428422,27686,,583300,0,,0,2,,Null,2005/2006,WAIMEA ROAD,MARKET ROAD,,Minor Crash,No,2006,,South,,0,,Flat,,,,,,Overcast,2331300,1,0,0,4,,,0,,,,,,Nelson Region,Nil,2-way,Sealed,,0,0,,50,,Null,0,0,,52,Nelson City,Give way,,,,,1,0,Urban,0,,,Light rain,Null
1243587,4848564,27687,,611400,1,,0,1,,Null,2006/2007,ELLES ROAD,CRINAN ST,,Serious Crash,No,2006,,North,,0,,Flat,,,,,,Overcast,3143300,0,0,0,2,,,0,,,,,,Southland Region,Nil,2-way,Sealed,,0,1,,50,,Null,0,0,,75,Invercargill City,Give way,,,,,0,0,Urban,0,,,Fine,Strong wind
1806655,5809202,27688,45,527131,0,1,0,1,0,South,2005/2006,SH 21,NARROWS LANE,,Non-Injury Crash,Yes,2006,0,South,0,0,0,Flat,0,,0,,0,Dark,960400,0,0,0,2,0,0,0,0,0,,0,0,Waikato Region,Bridge,2-way,Sealed,0,0,0,0,100,0,None,0,0,,13,Waikato District,Unknown,0,0,0,0,0,0,Open,0,0,0,Mist or Fog,Null
1768714,5881202,27689,,525921,1,,0,1,,West,2006/2007,WEST ST,SEDDON ST,,Minor Crash,No,2006,,West,,0,,Flat,,,,,,Bright sun,821600,1,0,0,2,,,0,,,,,,Auckland Region,Nil,2-way,Sealed,,0,0,,50,,Null,0,0,,76,Auckland,Unknown,,,,,0,0,Urban,0,,,Fine,Null
1803462,5815039,27690,,530500,0,,0,2,,Null,2005/2006,KNIGHTON ROAD,HELENA ROAD,,Non-Injury Crash,No,2006,,South,,0,,Flat,,,,,,Dark,891500,0,0,0,2,,,0,,,,,,Waikato Region,Nil,2-way,Sealed,,0,0,,50,,On,0,0,,16,Hamilton City,Give way,,,,,0,0,Urban,0,,,Fine,Null
1756472,5925200,27691,,509702,0,0,0,1,0,Null,2006/2007,SYLVAN AVENUE,EXMOUTH ROAD,,Non-Injury Crash,No,2007,0,East,0,0,0,Flat,1,,0,,1,Overcast,366501,0,0,0,2,0,0,0,0,0,,1,0,Auckland Region,Nil,2-way,Sealed,0,0,0,0,50,0,Off,0,0,,76,Auckland,Nil,0,0,0,1,0,0,Urban,0,0,0,Light rain,Null
1885111,5772150,27692,,540510,0,,0,0,,West,2006/2007,DEVON ST,FENTON ST,,Non-Injury Crash,No,2006,,East,,0,,Flat,,,,,,Bright sun,1242600,0,0,0,2,,,0,,,,,,Bay of Plenty Region,Nil,2-way,Sealed,,0,0,,50,,Off,2,0,,24,Rotorua District,Stop,,,,,0,0,Urban,0,,,Fine,Null
1757738,5918260,27693,,514302,0,,0,2,,North,2005/2006,SH 1N,MOUNTAIN OBR,,Non-Injury Crash,Yes,2006,,South,,0,,Flat,,,,,,Overcast,442100,0,0,0,5,,,0,,,,,,Auckland Region,Nil,1-way,Sealed,,0,0,,80,,Off,0,0,,76,Auckland,Nil,,,,,0,0,Open,0,,,Fine,Null
1757461,5912442,27694,,519810,0,,0,2,,Null,2006/2007,BEACHCROFT AVENUE,QUEENSTOWN ROAD,,Non-Injury Crash,No,2006,,West,,0,,Hill Road,,,,,,Overcast,596700,0,0,0,2,,,0,,,,,,Auckland Region,Nil,1-way,Sealed,,0,0,,50,,Off,0,0,,76,Auckland,Give way,,,,,0,0,Urban,0,,,Fine,Null
1744912,5923494,27695,,513521,0,0,0,1,0,West,2006/2007,OREIL AVENUE,MOIRE ROAD,,Minor Crash,No,2006,0,East,0,0,0,Hill Road,0,,0,,1,Dark,224221,1,0,0,2,0,0,0,0,0,,0,0,Auckland Region,Nil,2-way,Sealed,0,0,0,0,50,0,None,0,0,,76,Auckland,Give way,0,0,0,1,0,0,Urban,0,0,0,Light rain,Null
1772336,5896253,27696,,525410,0,,0,1,,Null,2006/2007,ELLIOTT ST,GREEN ST,,Serious Crash,No,2006,,East,,0,,Flat,,,,,,Bright sun,791802,1,0,1,2,,,0,,,,,,Auckland Region,Nil,2-way,Sealed,,0,2,,50,,Off,0,0,,76,Auckland,Stop,,,,,0,0,Urban,0,,,Fine,Null
1762179,5913657,27697,,520500,0,,0,3,,Null,2005/2006,SH 1N,PENROSE OBR,,Non-Injury Crash,Yes,2006,,North,,0,,Flat,,,,,,Overcast,637100,0,0,0,3,,,0,,,,,,Auckland Region,Nil,1-way,Sealed,,0,0,,100,,Off,0,0,,76,Auckland,Nil,,,,,0,0,Open,0,,,Fine,Null
1800062,5816110,27698,,529700,0,,0,2,,South,2005/2006,MILL ST,WILLOUGHBY ST,,Non-Injury Crash,No,2006,,North,,0,,Flat,,,,,,Dark,909700,0,0,0,2,,,0,,,,,,Waikato Region,Nil,2-way,Sealed,,0,0,,50,,On,0,0,,16,Hamilton City,Traffic Signals,,,,,0,0,Urban,0,,,Fine,Null
1759718,5909160,27699,,524002,0,,0,2,,South,2005/2006,SH 20,CORONATION ON NBD,,Minor Crash,Yes,2006,,North,,0,,Flat,,,,,,Bright sun,724101,1,0,0,2,,,0,,,,,,Auckland Region,Nil,1-way,Sealed,,0,0,,100,,Off,0,0,,76,Auckland,Nil,,,,,0,0,Open,0,,,Fine,Null
1878518,5822947,27700,,538101,0,,0,2,,West,2005/2006,Z CPK MCDONALDS,CAMERON ROAD,,Non-Injury Crash,No,2006,,East,,0,,Flat,,,,,,Bright sun,1166903,0,0,0,0,,,0,,,,,,Bay of Plenty Region,Nil,Off road,Sealed,,0,0,,30,,Off,0,0,,23,Tauranga City,Nil,,,,,0,0,Urban,0,,,Fine,Null
1800700,5819397,27701,,529402,1,,0,1,,South,2005/2006,LYNDEN COURT,WAKE ST,,Minor Crash,No,2006,,North,,0,,Flat,,,,,,Bright sun,877700,1,0,0,2,,,0,,,,,,Waikato Region,Nil,2-way,Sealed,,0,0,,50,,Off,0,0,,16,Hamilton City,Nil,,,,,0,0,Urban,0,,,Fine,Null
1840912,5820288,27702,,534604,0,0,0,1,0,North,2006/2007,SH 27,JAGGER ROAD,,Non-Injury Crash,Yes,2006,0,South,0,0,1,Flat,0,,0,,0,Overcast,1098300,0,0,0,2,0,0,0,0,0,,0,0,Waikato Region,Nil,2-way,Sealed,0,0,0,0,100,0,Null,0,0,,15,Matamata-Piako District,Unknown,0,0,0,0,0,0,Open,0,0,0,Mist or Fog,Null
1764177,5910121,27703,,521901,0,,0,2,,South,2006/2007,ATKINSON AVENUE,PRINCES ST,,Non-Injury Crash,No,2006,,North,,0,,Flat,,,,,,Bright sun,782400,0,0,0,4,,,0,,,,,,Auckland Region,Nil,2-way,Sealed,,0,0,,50,,Off,0,0,,76,Auckland,Traffic Signals,,,,,0,0,Urban,0,,,Fine,Null
1695068,5677057,27704,,552100,0,,0,1,,West,2006/2007,DEVON ST EAST,PAYNTERS AVENUE,,Minor Crash,No,2006,,East,,0,,Flat,,,,,,Dark,1597200,1,0,0,2,,,0,,,,,,Taranaki Region,Nil,2-way,Sealed,,0,0,,50,,On,0,0,,33,New Plymouth District,Nil,,,,,1,0,Urban,0,,,Fine,Null
1877605,5823124,27705,,537400,0,,0,1,,Null,2005/2006,WAIHI ROAD,MONTGOMERY ROAD,,Non-Injury Crash,No,2006,,West,,0,,Hill Road,,,,,,Bright sun,1162600,0,0,1,2,,,0,,,,,,Bay of Plenty Region,Nil,2-way,Sealed,,0,0,,50,,Null,0,0,,23,Tauranga City,Give way,,,,,0,0,Urban,0,,,Fine,Null
1755037,5928039,27706,,508320,0,0,0,2,0,East,2005/2006,BRUCE ROAD E,CHIVALRY ROAD,,Non-Injury Crash,No,2006,0,West,0,0,0,Flat,0,,0,,0,Twilight,199400,0,0,0,2,0,0,0,0,1,,0,0,Auckland Region,Nil,2-way,Sealed,0,0,0,0,50,0,Off,0,0,,76,Auckland,Nil,0,0,0,0,0,0,Urban,0,0,0,Fine,Null
1867350,5713843,27707,,541720,0,,1,1,,Null,2006/2007,RUAPEHU ST,SPA ROAD,,Non-Injury Crash,No,2006,,North,,0,,Hill Road,,,,,,Dark,1273500,0,0,0,2,,,0,,,,,,Waikato Region,Nil,2-way,Sealed,,0,0,,50,,On,0,0,,21,Taupo District,Give way,,,,,0,0,Urban,0,,,Fine,Null
1847633,5772767,27708,,535261,0,,0,1,,South,2006/2007,PARAONUI ROAD,WILTSDOWN ROAD,,Serious Crash,No,2006,,South,,0,,Hill Road,,,,,,Overcast,1133206,0,0,0,2,,,0,,,,,,Waikato Region,Nil,2-way,Sealed,,0,1,,100,,None,1,0,,19,South Waikato District,Nil,,,,,0,0,Open,0,,,Light rain,Null
1810222,5870180,27709,,533901,0,0,0,1,0,Null,2007/2008,SH 2,SH 27,,Non-Injury Crash,Yes,2007,0,South,0,0,1,Flat,0,,0,,0,Overcast,1068700,0,0,0,2,0,0,0,1,0,,0,0,Waikato Region,Nil,2-way,Sealed,0,0,0,0,100,0,Off,0,0,,12,Hauraki District,Nil,0,0,0,0,0,0,Open,0,0,0,Fine,Null
1773839,5881320,27710,,521160,0,,0,2,,Null,2005/2006,MILL ROAD,HARRISVILLE ROAD,,Minor Crash,No,2006,,West,,0,,Flat,,,,,,Dark,827300,1,0,0,4,,,0,,,,,,Auckland Region,Nil,2-way,Sealed,,0,0,,100,,None,0,0,,76,Auckland,Stop,,,,,0,0,Open,0,,,Fine,Null
1930340,5604821,27711,,548200,1,,0,1,,Null,2005/2006,ST AUBYN ST EAST,HASTINGS ST NORTH,,Minor Crash,No,2006,,East,,0,,Flat,,,,,,Dark,1493501,1,0,0,2,,,0,,,,,,Hawke's Bay Region,Nil,2-way,Sealed,,0,0,,50,,On,0,0,,30,Hastings District,Give way,,,,,0,0,Urban,0,,,Fine,Null
1730380,5994952,27712,,505010,0,0,0,0,1,South,2005/2006,SH 1N,SETTLEMENT ROAD,,Minor Crash,Yes,2006,0,South,0,0,0,Flat,0,Easter,0,,0,Dark,135003,1,0,0,2,0,0,0,0,0,,0,0,Northland Region,Nil,2-way,Sealed,0,0,0,0,100,0,None,0,0,,3,Kaipara District,Nil,0,0,0,0,0,0,Open,1,0,0,Fine,Null
1622410,5429031,27713,,583202,1,,0,1,,Null,2005/2006,TIPAHI ST,TUKUKA ST,,Minor Crash,No,2006,,North,,0,,Flat,,,,,,Bright sun,2329600,1,0,0,2,,,0,,,,,,Nelson Region,Nil,2-way,Sealed,,0,0,,50,,Null,0,0,,52,Nelson City,Give way,,,,,0,0,Urban,0,,,Fine,Null
1929764,5604384,27714,,548200,1,,0,1,,Null,2006/2007,HASTINGS ST SOUTH,SOUTHAMPTON ST EAST,,Serious Crash,No,2006,,West,,0,,Flat,,,,,,Bright sun,1493000,0,0,0,2,,,0,,,,,,Hawke's Bay Region,Nil,2-way,Sealed,,0,1,,50,,Null,0,0,,30,Hastings District,Give way,,,,,0,0,Urban,0,,,Fine,Null
1298480,5047120,27715,,608304,0,,0,0,,West,2005/2006,DUBLIN BAY ROAD,SH 6,,Minor Crash,No,2006,,East,,0,,Flat,,,,,,Bright sun,3027700,1,0,0,2,,,0,,,,,,Otago Region,Nil,2-way,Unsealed,,0,0,,100,,Null,1,0,,70,Queenstown-Lakes District,Unknown,,,,,0,0,Open,0,,,Fine,Null
1572889,5203398,27716,,586120,0,,0,0,,North,2005/2006,SH 1S,EDERS ROAD,,Minor Crash,Yes,2006,,South,,0,,Flat,,,,,,Dark,2447606,1,0,0,2,,,0,,,1,,,Canterbury Region,Nil,2-way,Sealed,,0,0,,50,,On,0,0,,59,Waimakariri District,Unknown,,,,,0,0,Urban,1,,,Light rain,Null
1771685,5914131,27717,,521602,0,,0,1,,Null,2005/2006,MOORE ST,VINCENT ST,,Non-Injury Crash,No,2006,,North,,0,,Flat,,,,,,Twilight,648500,0,0,0,2,,,0,,,,,,Auckland Region,Nil,2-way,Sealed,,0,0,,50,,Off,1,0,,76,Auckland,Stop,,,,,0,0,Urban,0,,,Fine,Null