X,Y,OBJECTID,advisorySpeed,areaUnitID,bicycle,bridge,bus,carStationWagon,cliffBank,crashDirectionDescription,crashFinancialYear,crashLocation1,crashLocation2,crashRoadSideRoad,crashSeverity,crashSHDescription,crashYear,debris,directionRoleDescription,ditch,fatalCount,fence,flatHill,guardRail,holiday,houseOrBuilding,intersection,kerb,light,meshblockId,minorInjuryCount,moped,motorcycle,NumberOfLanes,objectThrownOrDropped,otherObject,otherVehicleType,overBank,parkedVehicle,pedestrian,phoneBoxEtc,postOrPole,region,roadCharacter,roadLane,roadSurface,roadworks,schoolBus,seriousInjuryCount,slipOrFlood,speedLimit,strayAnimal,streetLight,suv,taxi,temporarySpeedLimit,tlaId,tlaName,trafficControl,trafficIsland,trafficSign,train,tree,truck,unknownVehicleType,urban,vanOrUtility,vehicle,waterRiver,weatherA,weatherB
1950312,5791948,27718,,542410,0,0,0,1,0,Null,2005/2006,POHUTU ST,MCGARVEY ROAD,,Non-Injury Crash,No,2006,0,North,0,0,1,Flat,0,,0,,0,Bright sun,1307000,0,0,0,2,0,0,0,0,0,,0,0,Bay of Plenty Region,Nil,2-way,Sealed,0,0,0,0,50,0,Null,0,0,,25,Whakatane District,Stop,0,0,0,0,0,0,Urban,0,0,0,Fine,Null
1800458,5815336,27719,,529700,0,,0,2,,North,2007/2008,Z CPK FOODTOWN,BRYCE ST,,Non-Injury Crash,No,2007,,West,,0,,Flat,,,,,,Bright sun,910700,0,0,0,0,,,0,,,,,,Waikato Region,Nil,Off road,Sealed,,0,0,,50,,Off,0,0,,16,Hamilton City,Nil,,,,,0,0,Urban,0,,,Fine,Null
1764740,5918184,27720,,517001,0,,0,1,,Null,2006/2007,ST HELIERS BAY ROAD,APIRANA AVENUE,,Minor Crash,No,2006,,West,,0,,Flat,,,,,,Dark,469700,2,0,0,4,,,0,,,,,,Auckland Region,Nil,2-way,Sealed,,0,0,,50,,On,1,0,,76,Auckland,Traffic Signals,,,,,0,0,Urban,0,,,Fine,Strong wind
1749069,5426793,27721,,573101,0,,0,1,,East,2006/2007,SH 1N,VIVIAN/TORY,,Minor Crash,Yes,2006,,East,,0,,Flat,,,,,,Dark,2136500,1,0,1,2,,,0,,,,,,Wellington Region,Nil,1-way,Sealed,,0,0,,50,,On,0,0,,47,Wellington City,Nil,,,,,0,0,Urban,0,,,Fine,Null
1800994,5814958,27722,,529700,0,,0,2,,North,2005/2006,ANGLESEA ST,HOOD ST,,Non-Injury Crash,No,2006,,South,,0,,Flat,,,,,,Dark,911700,0,0,0,4,,,0,,,,,,Waikato Region,Nil,2-way,Sealed,,0,0,,50,,On,0,0,,16,Hamilton City,Unknown,,,,,0,0,Urban,0,,,Fine,Null
1930799,5615996,27723,,547300,0,0,0,2,0,South,2006/2007,MURPHY ROAD,JEFFARES PLACE,,Serious Crash,No,2006,0,South,0,0,0,Flat,0,,0,,0,Bright sun,1460600,0,0,0,2,0,0,0,0,1,,0,0,Hawke's Bay Region,Nil,2-way,Sealed,0,0,1,0,50,0,Null,0,0,,31,Napier City,Nil,0,0,0,0,0,0,Urban,0,0,0,Fine,Null
1746966,5937243,27724,,506653,0,0,0,1,0,West,2006/2007,SUNNYSIDE ROAD,GREEN ROAD,,Non-Injury Crash,No,2006,0,East,0,0,1,Flat,0,,0,,0,Overcast,217206,0,0,0,2,0,0,0,0,0,,0,0,Auckland Region,Nil,2-way,Sealed,0,0,0,0,80,0,None,1,0,,76,Auckland,Nil,0,0,0,0,0,0,Open,0,0,0,Fine,Null
1765052,5918009,27725,,517001,0,0,0,2,0,East,2005/2006,MELLING ST,CASTLEDINE CRESCENT,,Non-Injury Crash,No,2006,0,West,0,0,0,Flat,0,,0,,0,Dark,470100,0,0,0,2,0,0,0,0,1,,0,0,Auckland Region,Nil,2-way,Sealed,0,0,0,0,50,0,Off,0,0,,76,Auckland,Nil,0,0,0,0,0,0,Urban,0,0,0,Fine,Null
1737688,5982385,27726,,505300,0,0,0,0,1,South,2005/2006,MATHESON ROAD,WORTHINGTON ROAD,,Non-Injury Crash,No,2006,0,East,1,0,0,Hill Road,0,,0,,0,Overcast,143700,0,0,0,2,0,0,0,0,0,,0,0,Auckland Region,Nil,2-way,Sealed,0,0,0,0,100,0,None,0,0,,76,Auckland,Nil,0,0,0,0,1,0,Open,0,0,0,Light rain,Null
1766844,5901886,27727,,524604,0,,0,2,,East,2005/2006,BROWNS ROAD,GLOUCESTER ROAD,,Non-Injury Crash,No,2006,,West,,0,,Flat,,,,,,Bright sun,781400,0,0,0,2,,,0,,,,,,Auckland Region,Nil,2-way,Sealed,,0,0,,50,,Off,0,0,,76,Auckland,Nil,,,,,0,0,Urban,0,,,Fine,Null
1903892,5815313,27728,,535900,0,0,0,1,0,West,2005/2006,MAKETU ROAD,WILSON ROAD NORTH,,Non-Injury Crash,No,2006,0,North,0,0,1,Flat,0,,0,,1,Bright sun,1208700,0,0,0,2,0,0,0,0,0,,0,1,Bay of Plenty Region,Nil,2-way,Sealed,0,0,0,0,50,0,Null,0,0,,22,Western Bay of Plenty District,Unknown,0,0,0,0,0,0,Urban,0,0,0,Fine,Null
1750194,5914265,27729,,511303,0,,0,2,,West,2006/2007,GREAT NORTH ROAD,VERONICA ST,,Non-Injury Crash,No,2006,,West,,0,,Flat,,,,,,Overcast,266100,0,0,0,4,,,0,,,,,,Auckland Region,Nil,2-way,Sealed,,0,0,,50,,Off,0,0,,76,Auckland,Nil,,,,,0,0,Urban,0,,,Fine,Null
1753768,5931925,27730,,508805,0,,0,2,,North,2006/2007,SH 1N,UPPER HWY OFF SBD,,Minor Crash,Yes,2006,,South,,0,,Flat,,,,,,Dark,180813,1,0,0,2,,,0,,,,,,Auckland Region,Nil,1-way,Sealed,,0,0,,100,,On,1,0,,76,Auckland,Nil,,,,,0,0,Open,0,,,Light rain,Null
1761248,5916685,27731,,516003,0,,0,3,,East,2006/2007,REMUERA ROAD,LADIES MILE,,Non-Injury Crash,No,2006,,East,,0,,Flat,,,,,,Dark,495900,0,0,0,2,,,0,,,,,,Auckland Region,Nil,2-way,Sealed,,0,0,,50,,On,0,0,,76,Auckland,Nil,,,,,0,0,Urban,0,,,Fine,Null
1765670,5919937,27732,,516700,0,,0,2,,Null,2005/2006,ST HELIERS BAY ROAD,DEVORE ST,,Non-Injury Crash,No,2006,,North,,0,,Hill Road,,,,,,Dark,509500,0,0,0,2,,,0,,,,,,Auckland Region,Nil,2-way,Sealed,,0,0,,50,,On,0,0,,76,Auckland,Give way,,,,,0,0,Urban,0,,,Fine,Null
1805976,5560904,27733,,559230,0,0,0,0,0,North,2006/2007,SH 1N,ONEPUHI ROAD,,Minor Crash,Yes,2006,0,South,1,0,1,Flat,0,,0,,0,Overcast,1732200,1,0,0,2,0,0,0,0,0,,0,1,Manawatū-Whanganui Region,Nil,2-way,Sealed,0,0,0,0,100,0,Null,0,0,,38,Rangitikei District,Nil,0,0,0,0,1,0,Open,0,0,0,Fine,Null
1769566,5906683,27734,,523712,0,,0,2,,Null,2007/2008,CHAPEL ROAD,MICHAEL JONES DRIVE,,Non-Injury Crash,No,2007,,North,,0,,Flat,,,,,,Bright sun,712808,0,0,0,2,,,0,,,,,,Auckland Region,Nil,2-way,Sealed,,0,0,,70,,Off,0,0,,76,Auckland,Give way,,,,,0,0,Urban,0,,,Fine,Null
1569462,5182178,27735,,592200,1,0,0,1,0,North,2005/2006,PAPANUI ROAD,OFFICE ROAD,,Minor Crash,No,2006,0,South,0,0,0,Flat,0,,0,,0,Overcast,2674101,1,0,0,2,0,0,0,0,1,,0,0,Canterbury Region,Nil,2-way,Sealed,0,0,0,0,50,0,Null,0,0,,60,Christchurch City,Unknown,0,0,0,0,0,0,Urban,0,0,0,Fine,Null
1768191,5880884,27736,,525921,0,,0,1,,East,2005/2006,HELVETIA ROAD,WEST ST,,Minor Crash,No,2006,,North,,0,,Flat,,,,,,Twilight,821800,1,0,0,2,,,0,,,1,,,Auckland Region,Nil,2-way,Sealed,,0,0,,50,,Off,0,0,,76,Auckland,Nil,,,,,0,0,Urban,0,,,Fine,Null
1758451,5918140,27737,,517400,0,,0,0,,South,2005/2006,BROADWAY,KHYBER PASS ROAD,,Minor Crash,No,2006,,South,,0,,Flat,,,,,,Bright sun,451300,1,1,0,2,,,0,,,1,,,Auckland Region,Nil,2-way,Sealed,,0,0,,50,,Off,0,0,,76,Auckland,Nil,,,,,0,0,Urban,0,,,Fine,Null
1776990,5899064,27738,,523813,0,0,0,1,0,North,2005/2006,MULLINS ROAD,PAPAKURA-CLEVEDON ROAD,,Non-Injury Crash,No,2006,0,North,0,0,1,Flat,0,,0,,0,Dark,761400,0,0,0,2,0,0,0,0,0,,0,0,Auckland Region,Nil,2-way,Sealed,0,0,0,0,100,0,None,0,0,,76,Auckland,Nil,0,0,0,0,0,0,Open,0,0,0,Fine,Null
1749444,5913943,27739,,511302,0,,0,0,,North,2006/2007,RATA ST,GREAT NORTH ROAD,,Minor Crash,No,2006,,South,,0,,Flat,,,,,,Bright sun,268800,1,0,0,4,,,0,,,1,,,Auckland Region,Nil,2-way,Sealed,,0,0,,50,,Off,0,0,,76,Auckland,Nil,,,,,0,0,Urban,1,,,Fine,Null
1347981,4873944,27740,,607400,0,,0,2,,Null,2005/2006,SH 1S,HIGH ST,,Minor Crash,Yes,2006,,West,,0,,Flat,,,,,,Overcast,2993100,1,0,0,2,,,0,,,,,,Otago Region,Nil,2-way,Sealed,,0,0,,50,,Null,0,0,,72,Clutha District,Give way,,,,,0,0,Urban,1,,,Fine,Null
1765619,5920059,27741,,516700,0,,0,2,,North,2005/2006,ST HELIERS BAY ROAD,POLYGON ROAD,,Non-Injury Crash,No,2006,,North,,0,,Flat,,,,,,Bright sun,509300,0,0,0,2,,,0,,,,,,Auckland Region,Nil,2-way,Sealed,,0,0,,50,,Off,0,0,,76,Auckland,Nil,,,,,0,0,Urban,0,,,Fine,Null
1455765,5127451,27742,,598312,0,,0,1,,North,2005/2006,CLARK ROAD,YATES ROAD,,Minor Crash,No,2006,,North,,0,,Hill Road,,,,,,Bright sun,2758200,1,0,0,2,,,0,,,,,,Canterbury Region,Nil,2-way,Unsealed,,0,0,,100,,Null,0,0,,64,Timaru District,Unknown,,,,,0,0,Open,0,,,Fine,Null
1497031,5332567,27743,,584702,0,0,0,1,1,East,2006/2007,SH 7,MAIMAI ROAD,,Serious Crash,Yes,2006,0,East,1,0,0,Flat,0,,0,,0,Bright sun,2398600,0,0,0,2,0,0,0,0,0,,0,0,West Coast Region,Nil,2-way,Sealed,0,0,1,0,100,0,Null,0,0,,55,Buller District,Unknown,0,0,0,0,0,0,Open,0,0,0,Fine,Null
1830578,5837993,27744,,534603,0,,0,2,,North,2006/2007,NO 1 ROAD,NO 2 ROAD,,Serious Crash,No,2006,,North,,0,,Flat,,,,,,Dark,1095500,3,0,0,2,,,0,,,,,,Waikato Region,Nil,2-way,Sealed,,0,1,,100,,None,0,0,,15,Matamata-Piako District,Unknown,,,,,0,0,Open,0,,,Fine,Null
1754139,5931314,27745,,508805,0,,0,2,,South,2005/2006,SH 1N,CONSTELLATION OBR,,Non-Injury Crash,Yes,2006,,South,,0,,Flat,,,,,,Bright sun,180826,0,0,0,2,,,0,,,,,,Auckland Region,Nil,1-way,Sealed,,0,0,,100,,Off,0,0,80,76,Auckland,Nil,,,,,1,0,Open,0,,,Fine,Null
1743485,5919626,27746,,513622,0,,0,1,,North,2005/2006,DON BUCK ROAD,WOODSIDE ROAD,,Non-Injury Crash,No,2006,,North,,0,,Flat,,,,,,Overcast,226903,0,0,0,2,,,0,,,,,,Auckland Region,Nil,2-way,Sealed,,0,0,,50,,Off,0,0,,76,Auckland,Nil,,,,,1,0,Urban,0,,,Light rain,Null
1762010,5906546,27747,,524302,0,0,0,1,0,Null,2007/2008,GEOFFREY PLACE,HENWOOD ROAD,,Non-Injury Crash,No,2007,0,South,0,0,0,Flat,0,,0,,0,Bright sun,743500,0,0,0,2,0,0,0,0,0,,0,1,Auckland Region,Nil,2-way,Sealed,0,0,0,0,50,0,Off,0,0,,76,Auckland,Nil,0,0,0,0,0,0,Urban,0,0,0,Fine,Null
1799422,5814532,27748,,528900,0,,0,0,,East,2006/2007,KILLARNEY ROAD,ELLIS ST,,Non-Injury Crash,No,2006,,East,,0,,Flat,,,,,,Bright sun,916200,0,0,0,2,,,0,,,,,,Waikato Region,Nil,2-way,Sealed,,0,0,,50,,Off,0,0,,16,Hamilton City,Nil,,,,,0,0,Urban,2,,,Fine,Null
1842361,5749459,27749,,540900,0,0,0,1,0,South,2005/2006,RANGATIRA DRIVE,MOANA CRESCENT S,,Non-Injury Crash,No,2006,0,North,0,0,0,Flat,0,,0,,0,Dark,1289300,0,0,0,2,0,0,0,0,1,,0,0,Waikato Region,Nil,2-way,Sealed,0,0,0,0,50,0,On,0,0,,21,Taupo District,Unknown,0,0,0,0,0,0,Urban,1,0,0,Fine,Null
1765586,5905875,27750,,522202,0,,0,1,,Null,2005/2006,ST GEORGE ST,CARRUTH ROAD,,Non-Injury Crash,No,2006,,South,,0,,Flat,,,,,,Overcast,664400,0,0,0,2,,,0,,,,,,Auckland Region,Nil,2-way,Sealed,,0,0,,50,,Off,0,0,,76,Auckland,Give way,,,,,1,0,Urban,0,,,Fine,Null
1877598,5822251,27751,,538101,0,,0,1,,North,2005/2006,SEVENTEENTH AVENUE,CLARKE ST,,Non-Injury Crash,No,2006,,North,,0,,Flat,,,,,,Bright sun,1169202,0,0,0,2,,,0,,,,,,Bay of Plenty Region,Nil,2-way,Sealed,,0,0,,50,,Null,0,0,,23,Tauranga City,Unknown,,,,,0,0,Urban,1,,,Fine,Null
1760431,5908916,27752,,524403,0,,0,1,,West,2005/2006,WALMSLEY ROAD,ROBERTSON ROAD,,Non-Injury Crash,No,2006,,West,,0,,Flat,,,,,,Bright sun,729901,0,0,0,3,,,0,,,,,,Auckland Region,Nil,2-way,Sealed,,0,0,,50,,Off,0,0,,76,Auckland,Nil,,,,,1,0,Urban,0,,,Fine,Null
1748916,5914808,27753,,511301,0,0,0,2,0,South,2006/2007,LYNWOOD ROAD,NIKAU ST,,Non-Injury Crash,No,2006,0,West,0,0,0,Hill Road,0,,0,,0,Overcast,267800,0,0,0,2,0,0,0,0,1,,0,0,Auckland Region,Nil,2-way,Sealed,0,0,0,0,50,0,Off,0,0,,76,Auckland,Nil,0,0,0,0,0,0,Urban,0,0,0,Fine,Null
1569950,5180638,27754,,591600,0,,0,2,,Null,2005/2006,PARK TERRACE,KILMORE ST,,Minor Crash,No,2006,,South,,0,,Flat,,,,,,Dark,2677000,1,0,0,4,,,0,,,,,,Canterbury Region,Nil,2-way,Sealed,,0,0,,50,,On,0,0,,60,Christchurch City,Traffic Signals,,,,,0,0,Urban,0,,,Light rain,Null
1876901,5818744,27755,,537601,0,,0,2,,Null,2006/2007,OROPI ROAD,MALEME ST,,Non-Injury Crash,No,2006,,North,,0,,Flat,,,,,,Overcast,1177400,0,0,0,2,,,0,,,,,,Bay of Plenty Region,Nil,2-way,Sealed,,0,0,,70,,Off,0,0,,23,Tauranga City,Stop,,,,,0,0,Urban,0,,,Fine,Null
1745749,5919373,27756,,513301,0,,0,1,,Null,2006/2007,CENTRAL PARK DRIVE,CLEMWAY PLACE,,Minor Crash,No,2006,,South,,0,,Flat,,,,,,Bright sun,230601,2,0,1,2,,,0,,,,,,Auckland Region,Nil,2-way,Sealed,,0,0,,50,,Null,0,0,,76,Auckland,Stop,,,,,0,0,Urban,0,,,Fine,Null
1570506,5176093,27757,,591101,0,,1,3,,Null,2005/2006,DYERS PASS ROAD,COLOMBO ST,,Minor Crash,No,2006,,North,,0,,Hill Road,,,,,,Bright sun,2549700,1,0,0,2,,,0,,,,,,Canterbury Region,Nil,2-way,Sealed,,0,0,,50,,Null,0,0,,60,Christchurch City,Give way,,,,,0,0,Urban,0,,,Fine,Null
1693579,5676828,27758,,552001,0,,0,1,,Null,2006/2007,BULLER ST,ELIOT ST,,Minor Crash,No,2006,,North,,0,,Flat,,,,,,Bright sun,1595800,2,0,0,2,,,0,,,,,,Taranaki Region,Nil,2-way,Sealed,,0,0,,50,,Null,0,0,,33,New Plymouth District,Give way,,,,,0,0,Urban,1,,,Fine,Null
1838271,5785303,27759,,535250,0,0,0,1,0,East,2005/2006,ARAPUNI ROAD,HILDRETH ROAD,,Non-Injury Crash,No,2006,0,East,0,0,1,Flat,0,Queens Birthday,0,,0,Overcast,1125500,0,0,0,2,0,0,0,0,0,,0,0,Waikato Region,Nil,2-way,Sealed,0,0,0,0,100,0,Null,0,0,,19,South Waikato District,Unknown,0,0,0,0,0,0,Open,0,0,0,Heavy rain,Null
1743113,5918554,27760,,513213,0,,0,2,,Null,2005/2006,METCALFE ROAD,RANUI STATION ROAD,,Non-Injury Crash,No,2006,,North,,0,,Hill Road,,,,,,Dark,236005,0,0,0,1,,,0,,,,,,Auckland Region,Rail xing,1-way,Sealed,,0,0,,50,,On,0,0,,76,Auckland,Give way,,,,,0,0,Urban,0,,,Light rain,Null
1767425,5907648,27761,,523502,0,,0,1,,Null,2006/2007,EAST TAMAKI ROAD,FERGUSON ROAD,,Minor Crash,No,2006,,East,,0,,Hill Road,,,,,,Bright sun,701900,1,0,0,4,,,0,,,,,,Auckland Region,Nil,2-way,Sealed,,0,0,,60,,Off,1,0,,76,Auckland,Give way,,,,,0,0,Urban,1,,,Fine,Null
1767001,5908581,27762,,523501,0,,0,2,,Null,2006/2007,ALEXANDER CRESCENT S,FRANKLYNE ROAD,,Non-Injury Crash,No,2007,,South,,0,,Flat,,,,,,Dark,700500,0,0,0,2,,,0,,,,,,Auckland Region,Nil,2-way,Sealed,,0,0,,50,,On,0,0,,76,Auckland,Nil,,,,,0,0,Urban,0,,,Fine,Null
1820565,5878262,27763,,533901,0,,0,1,,Null,2006/2007,SH 25,BUCHANAN ROAD,,Minor Crash,Yes,2006,,East,,0,,Flat,,,,,,Dark,1067700,1,0,0,2,,,0,,,,,,Waikato Region,Nil,2-way,Sealed,,0,0,,100,,None,0,0,,12,Hauraki District,Give way,,,,,0,0,Open,0,,,Fine,Null
1804206,5789693,27764,45,531004,0,0,0,1,0,North,2006/2007,SH 3,RAIKES AVENUE,,Non-Injury Crash,Yes,2006,0,North,0,0,1,Flat,0,Labour Weekend,0,,0,Twilight,972700,0,0,0,2,0,0,0,0,0,,0,0,Waikato Region,Nil,2-way,Sealed,0,0,0,0,50,0,On,0,0,,17,Waipa District,Nil,0,0,0,0,0,0,Urban,0,0,0,Light rain,Null
1877427,5821787,27765,,538101,0,0,0,2,0,West,2005/2006,TWENTIETH AVENUE,CAMERON ROAD,,Non-Injury Crash,No,2006,0,East,0,0,0,Flat,0,,0,,0,Dark,1169400,0,0,0,2,0,0,0,0,1,,0,0,Bay of Plenty Region,Nil,2-way,Sealed,0,0,0,0,50,0,On,0,0,,23,Tauranga City,Unknown,0,0,0,0,0,0,Urban,0,0,0,Fine,Null
1769011,5906252,27766,,523712,0,0,0,1,0,North,2006/2007,TE IRIRANGI DRIVE,DAWSON ROAD,,Non-Injury Crash,No,2006,0,South,0,0,0,Hill Road,0,,0,,0,Twilight,713013,0,0,0,4,0,0,0,0,0,,0,0,Auckland Region,Nil,2-way,Sealed,0,0,0,1,50,0,Off,0,0,,76,Auckland,Nil,0,0,0,1,0,0,Urban,0,0,0,Heavy rain,Null
1884784,5774010,27767,,540410,1,,0,0,,East,2006/2007,PUKUATUA ST,AMOHIA ST,,Minor Crash,No,2006,,East,,0,,Flat,,,,,,Overcast,1233700,1,0,0,2,,,0,,,,,,Bay of Plenty Region,Nil,2-way,Sealed,,0,0,,50,,Null,0,0,,24,Rotorua District,Unknown,,,,,0,0,Urban,1,,,Fine,Null
1749265,5917056,27768,,514801,0,,0,3,,East,2005/2006,ROSEBANK ROAD,CHARANN PLACE,,Minor Crash,No,2006,,West,,0,,Flat,,,,,,Twilight,389400,2,0,0,2,,,0,,,,,,Auckland Region,Nil,2-way,Sealed,,0,0,,50,,On,1,0,,76,Auckland,Nil,,,,,1,0,Urban,0,,,Fine,Null
1754340,5926449,27769,,508610,0,0,1,1,0,North,2005/2006,HUME DRIVE,MONARCH AVENUE,,Non-Injury Crash,No,2006,0,North,0,0,0,Hill Road,0,,0,,0,Bright sun,206001,0,0,0,2,0,0,0,0,1,,0,0,Auckland Region,Nil,2-way,Sealed,0,0,0,0,50,0,Off,0,0,,76,Auckland,Nil,0,0,0,0,0,0,Urban,0,0,0,Fine,Null
1765611,5920077,27770,,516700,0,0,0,2,0,South,2006/2007,ST HELIERS BAY ROAD,TAMAKI DRIVE,,Non-Injury Crash,No,2006,0,North,0,0,0,Flat,0,,0,,0,Bright sun,509300,0,0,0,2,0,0,0,0,1,,0,0,Auckland Region,Nil,2-way,Sealed,0,0,0,0,50,0,Null,0,0,,76,Auckland,Unknown,0,0,0,0,0,0,Urban,0,0,0,Fine,Null
1672579,6081426,27771,,501700,0,,0,2,,East,2005/2006,SH 12,STATION ROAD,,Non-Injury Crash,Yes,2006,,West,,0,,Hill Road,,,,,,Dark,42600,0,0,0,2,,,0,,,,,,Northland Region,Nil,2-way,Sealed,,0,0,,50,,On,0,0,,1,Far North District,Nil,,,,,0,0,Urban,0,,,Null,Null
1759764,5915676,27772,,519200,1,,0,1,,Null,2006/2007,GREEN LANE WEST,TAWERA ROAD,,Minor Crash,No,2006,,East,,0,,Flat,,,,,,Overcast,616500,1,0,0,4,,,0,,,,,,Auckland Region,Nil,2-way,Sealed,,0,0,,50,,Off,0,0,,76,Auckland,Stop,,,,,0,0,Urban,0,,,Fine,Null
1839946,5855858,27773,65,534200,0,0,0,1,1,South,2006/2007,SH 2,ALBERT ST,,Minor Crash,Yes,2006,0,South,1,0,0,Flat,0,,0,,0,Overcast,1076300,2,0,0,2,0,0,0,0,0,,0,0,Waikato Region,Nil,2-way,Sealed,0,0,0,0,80,0,None,0,0,,12,Hauraki District,Nil,0,1,0,0,0,0,Open,0,0,0,Light rain,Null
1820018,5534701,27774,,561901,0,0,0,1,0,Null,2005/2006,SH 54,MILSON LINE,,Non-Injury Crash,Yes,2006,0,East,0,0,0,Flat,0,,0,,0,Dark,1793500,0,0,0,2,0,0,0,0,0,,0,0,Manawatū-Whanganui Region,Nil,2-way,Sealed,0,0,0,0,100,0,None,0,0,,39,Manawatu District,Stop,0,1,0,0,0,0,Open,0,0,0,Fine,Null
1768782,5904794,27775,,523722,0,0,0,1,0,South,2005/2006,HOLLYFORD DRIVE,ASPIRING AVENUE,,Non-Injury Crash,No,2006,0,South,0,0,0,Hill Road,0,,0,,0,Overcast,715907,0,0,0,2,0,0,0,0,0,,0,0,Auckland Region,Nil,2-way,Sealed,0,0,0,0,50,0,Off,0,0,,76,Auckland,Nil,0,0,0,1,0,0,Urban,0,0,0,Light rain,Null
1748678,5958123,27776,,506613,0,0,0,1,0,North,2006/2007,AHUROA ROAD,SALEYARDS ROAD,,Serious Crash,No,2006,0,North,0,0,1,Flat,0,,0,,0,Dark,146901,0,0,0,2,0,0,0,0,0,,0,1,Auckland Region,Nil,2-way,Sealed,0,0,1,0,50,0,None,0,0,,76,Auckland,Nil,0,0,0,0,0,0,Urban,0,0,0,Fine,Null
1801037,5866139,27777,,527210,0,,0,0,,West,2006/2007,KOPUKU ROAD,OKAERIA ROAD,,Minor Crash,No,2006,,West,,0,,Hill Road,,,,,,Bright sun,936800,1,0,0,2,,,0,,,,,,Waikato Region,Nil,2-way,Sealed,,0,0,,100,,None,0,0,,13,Waikato District,Unknown,,,,,2,0,Open,0,,,Fine,Null
1748865,5945482,27778,,505806,0,,0,1,,Null,2006/2007,HIBISCUS COAST HIGHWAY,SILVERDALE ON SBD,,Non-Injury Crash,No,2006,,West,,0,,Flat,,,,,,Dark,176604,0,0,0,4,,,0,,,,,,Auckland Region,Motorway ramp,2-way,Sealed,,0,0,,80,,On,0,0,,76,Auckland,Nil,,,,,1,0,Open,0,,,Fine,Null
1796813,5819855,27779,,528403,0,,0,2,,West,2005/2006,TE RAPA ROAD,WAIRERE DRIVE,,Non-Injury Crash,No,2006,,East,,0,,Flat,,Easter,,,,Bright sun,907401,0,0,0,2,,,0,,,,,,Waikato Region,Bridge,2-way,Sealed,,0,0,,80,,Null,0,0,,16,Hamilton City,Unknown,,,,,0,0,Open,0,,,Fine,Null
1572879,5176663,27780,,594300,1,,0,1,,Null,2005/2006,CENTAURUS ROAD,AYNSLEY TERRACE,,Minor Crash,No,2006,,South,,0,,Flat,,,,,,Dark,2585200,1,0,0,2,,,0,,,,,,Canterbury Region,Nil,2-way,Sealed,,0,0,,50,,On,0,0,,60,Christchurch City,Stop,,,,,0,0,Urban,0,,,Fine,Null
1399836,4911236,27781,,602422,0,,0,2,,East,2005/2006,BLACKHEAD ROAD,GREEN ISLAND BUSH ROAD W,,Serious Crash,No,2006,,East,,0,,Hill Road,,,,,,Overcast,2979802,1,0,0,2,,,0,,,,,,Otago Region,Nil,2-way,Sealed,,0,1,,80,,Null,0,0,,71,Dunedin City,Unknown,,,,,0,0,Open,0,,,Fine,Null
1821342,5529209,27782,,562800,0,,0,2,,Null,2005/2006,MAIN ST,MAIN ST WEST,,Minor Crash,No,2006,,North,,0,,Flat,,,,,,Overcast,1828600,1,0,0,2,,,0,,,,,,Manawatū-Whanganui Region,Nil,2-way,Sealed,,0,0,,50,,Null,0,0,,40,Palmerston North City,Traffic Signals,,,,,0,0,Urban,0,,,Fine,Strong wind
1758390,5917468,27783,,519200,0,,0,1,,Null,2005/2006,BROADWAY,ALPERS AVENUE,,Non-Injury Crash,No,2006,,South,,0,,Flat,,,,,,Bright sun,613600,0,0,0,6,,,0,,,,,,Auckland Region,Nil,2-way,Sealed,,0,0,,50,,Off,1,0,,76,Auckland,Traffic Signals,,,,,0,0,Urban,0,,,Fine,Null
1745477,5914244,27784,,512904,0,0,0,0,0,North,2006/2007,ALBIONVALE ROAD,WEST COAST ROAD,,Non-Injury Crash,No,2006,0,North,0,0,0,Hill Road,0,,1,,0,Twilight,278209,0,0,0,2,0,0,0,0,0,,0,0,Auckland Region,Nil,2-way,Sealed,0,0,0,0,50,0,On,0,0,,76,Auckland,Nil,0,0,0,0,0,0,Urban,1,0,0,Fine,Null
1753222,5918394,27785,,515002,0,,0,2,,Null,2005/2006,MOTIONS ROAD,GREAT NORTH ROAD,,Non-Injury Crash,No,2006,,West,,0,,Flat,,Christmas New Year,,,,Overcast,390501,0,0,0,4,,,0,,,,,,Auckland Region,Nil,2-way,Sealed,,0,0,,50,,Off,0,1,,76,Auckland,Give way,,,,,0,0,Urban,0,,,Fine,Null
1824462,5463819,27786,,578600,0,,0,2,,North,2005/2006,SH 2,DIXON ST,,Non-Injury Crash,Yes,2006,,South,,0,,Flat,,,,,,Overcast,2245400,0,0,0,2,,,0,,,,,,Wellington Region,Nil,2-way,Sealed,,0,0,,50,,Null,0,0,,48,Masterton District,Nil,,,,,0,0,Urban,0,,,Fine,Null
1769306,5899716,27787,,525002,0,,0,2,,Null,2006/2007,MAHIA ROAD,HOLMES ROAD,,Non-Injury Crash,No,2006,,North,,0,,Flat,,,,,,Dark,754100,0,0,0,2,,,0,,,,,,Auckland Region,Nil,2-way,Sealed,,0,0,,50,,On,0,0,,76,Auckland,Give way,,,,,0,0,Urban,0,,,Fine,Null
1770001,5912888,27788,,523101,0,,0,2,,East,2005/2006,CASCADES ROAD,AVIEMORE DRIVE,,Non-Injury Crash,No,2006,,West,,0,,Flat,,,,,,Dark,710515,0,0,0,2,,,0,,,,,,Auckland Region,Nil,2-way,Sealed,,0,0,,60,,On,0,0,,76,Auckland,Nil,,,,,0,0,Urban,0,,,Fine,Null
1755148,5929752,27789,,508420,0,,0,2,,South,2005/2006,Z CPK HOYTS CINEMA,SUNNYNOOK ROAD,,Non-Injury Crash,No,2006,,South,,0,,Flat,,,,,,Dark,183800,0,0,0,0,,,0,,,,,,Auckland Region,Nil,Off road,Sealed,,0,0,,50,,On,0,0,,76,Auckland,Unknown,,,,,0,0,Urban,0,,,Fine,Null