X,Y,OBJECTID,advisorySpeed,areaUnitID,bicycle,bridge,bus,carStationWagon,cliffBank,crashDirectionDescription,crashFinancialYear,crashLocation1,crashLocation2,crashRoadSideRoad,crashSeverity,crashSHDescription,crashYear,debris,directionRoleDescription,ditch,fatalCount,fence,flatHill,guardRail,holiday,houseOrBuilding,intersection,kerb,light,meshblockId,minorInjuryCount,moped,motorcycle,NumberOfLanes,objectThrownOrDropped,otherObject,otherVehicleType,overBank,parkedVehicle,pedestrian,phoneBoxEtc,postOrPole,region,roadCharacter,roadLane,roadSurface,roadworks,schoolBus,seriousInjuryCount,slipOrFlood,speedLimit,strayAnimal,streetLight,suv,taxi,temporarySpeedLimit,tlaId,tlaName,trafficControl,trafficIsland,trafficSign,train,tree,truck,unknownVehicleType,urban,vanOrUtility,vehicle,waterRiver,weatherA,weatherB
1763379,5909235,27790,,521901,0,0,0,0,0,Null,2005/2006,KAKA ST,WALMSLEY ROAD,,Non-Injury Crash,No,2006,0,North,0,0,0,Flat,0,,0,,0,Dark,783300,0,0,0,4,0,0,0,0,0,,0,1,Auckland Region,Nil,2-way,Sealed,0,0,0,0,50,0,On,0,0,,76,Auckland,Traffic Signals,0,0,0,0,0,0,Urban,1,0,0,Light rain,Null
1755310,5929586,27791,,508420,0,,0,2,,North,2005/2006,SH 1N,TRISTRAM OFF NBD,,Non-Injury Crash,Yes,2006,,North,,0,,Flat,,,,,,Dark,183800,0,0,0,2,,,0,,,,,,Auckland Region,Nil,1-way,Sealed,,0,0,,100,,On,0,0,,76,Auckland,Nil,,,,,0,0,Open,0,,,Fine,Null
1767860,5903861,27792,,524602,0,,0,2,,East,2006/2007,MANUKAU OFF NBD,GREAT SOUTH ROAD,,Non-Injury Crash,Yes,2007,,West,,0,,Hill Road,,,,,,Bright sun,780506,0,0,0,1,,,0,,,,,,Auckland Region,Motorway ramp,1-way,Sealed,,0,0,,100,,Off,0,0,,76,Auckland,Nil,,,,,0,0,Open,0,,,Fine,Null
1885190,5774225,27793,,540410,0,,0,2,,Null,2006/2007,FENTON ST,ARAWA ST,,Non-Injury Crash,No,2006,,South,,0,,Flat,,,,,,Dark,1235200,0,0,0,4,,,0,,,,,,Bay of Plenty Region,Nil,2-way,Sealed,,0,0,,50,,On,0,0,,24,Rotorua District,Give way,,,,,0,0,Urban,0,,,Light rain,Null
1755528,5924671,27794,,509800,0,,0,2,,Null,2005/2006,ONEWA ROAD,LAKE ROAD,,Non-Injury Crash,No,2006,,West,,0,,Flat,,,,,,Bright sun,360200,0,0,0,4,,,0,,,,,,Auckland Region,Nil,2-way,Sealed,,0,0,,50,,Null,0,0,,76,Auckland,Traffic Signals,,,,,0,0,Urban,0,,,Fine,Null
1193770,4982575,27795,,612714,0,0,0,1,1,North,2006/2007,SH 94,TE ANAU DOWNS,,Minor Crash,Yes,2006,0,North,0,0,0,Flat,0,,0,,0,Overcast,3173401,1,0,0,2,0,0,0,0,0,,0,0,Southland Region,Nil,2-way,Sealed,0,0,0,0,100,0,Null,0,0,,73,Southland District,Unknown,0,0,0,0,0,0,Open,0,0,0,Fine,Null
1797603,5816472,27796,,528501,0,0,0,1,0,North,2005/2006,ROY ST,NORMAN ST,,Non-Injury Crash,No,2006,0,South,0,0,0,Flat,0,,0,,0,Dark,904800,0,0,0,2,0,0,0,0,0,,0,1,Waikato Region,Nil,2-way,Sealed,0,0,0,0,50,0,On,0,0,,16,Hamilton City,Give way,0,0,0,0,0,0,Urban,1,0,0,Fine,Null
1781628,5871912,27797,,521135,0,,0,1,,Null,2005/2006,SH 1N,KOHEROA OFF NBD,,Minor Crash,Yes,2006,,North,,0,,Flat,,,,,,Bright sun,843100,1,0,0,2,,,0,,,,,,Waikato Region,Nil,2-way,Sealed,,0,0,,100,,Off,0,0,,13,Waikato District,Give way,,,,,1,0,Open,0,,,Fine,Null
1748988,5913410,27798,,511401,0,0,0,2,0,East,2006/2007,TITIRANGI ROAD,SKILGATE AVENUE,,Non-Injury Crash,No,2006,0,West,0,0,0,Flat,0,,0,,0,Dark,263700,0,0,0,2,0,0,0,0,1,,0,0,Auckland Region,Nil,2-way,Sealed,0,0,0,0,50,0,On,0,0,,76,Auckland,Nil,0,0,0,0,0,0,Urban,0,0,0,Fine,Null
1748932,5959506,27799,,506613,0,0,0,1,1,South,2005/2006,SH 1N,MAHURANGI WEST ROAD,,Non-Injury Crash,Yes,2006,0,South,0,0,0,Flat,0,,0,,0,Bright sun,146800,0,0,0,3,0,0,0,0,0,,0,0,Auckland Region,Nil,2-way,Sealed,0,0,0,0,100,0,None,0,0,,76,Auckland,Nil,0,0,0,0,0,0,Open,0,0,0,Fine,Null
1753494,5913053,27800,,518901,0,,0,2,,Null,2005/2006,WHITE SWAN ROAD,ELLIS AVENUE,,Non-Injury Crash,No,2006,,East,,0,,Hill Road,,,,,,Bright sun,584800,0,0,0,2,,,0,,,,,,Auckland Region,Nil,2-way,Sealed,,0,0,,50,,Off,0,0,,76,Auckland,Stop,,,,,0,0,Urban,0,,,Fine,Null
1748446,5427272,27801,,573000,0,0,0,1,0,Null,2005/2006,GHUZNEE ST,WILLIS ST,,Minor Crash,No,2006,0,South,0,0,1,Flat,0,Queens Birthday,1,,0,Dark,2130700,1,0,0,2,0,0,0,0,0,,0,0,Wellington Region,Nil,2-way,Sealed,0,0,0,0,50,0,On,0,0,,47,Wellington City,Give way,0,0,0,0,0,0,Urban,0,0,0,Fine,Null
1827481,5797039,27802,,535241,0,0,0,1,0,West,2006/2007,SH 1N,KENTUCKY ROAD,,Minor Crash,Yes,2006,0,West,0,0,0,Flat,0,,0,,0,Overcast,1123100,1,0,0,2,0,0,0,0,0,,0,0,Waikato Region,Nil,2-way,Sealed,0,0,0,0,100,0,Null,0,0,,17,Waipa District,Unknown,0,0,0,1,0,0,Open,0,0,0,Light rain,Null
1881122,5826519,27803,,536821,0,,0,2,,Null,2005/2006,SH 2,TOTARA ST,,Non-Injury Crash,Yes,2006,,East,,0,,Flat,,,,,,Bright sun,1203900,0,0,0,4,,,0,,,,,,Bay of Plenty Region,Nil,2-way,Sealed,,0,0,,70,,Null,0,0,,23,Tauranga City,Give way,,,,,0,0,Urban,0,,,Fine,Null
1748991,5918387,27804,,514801,0,0,0,1,0,West,2005/2006,SH 16,ROSEBANK OBR,,Non-Injury Crash,Yes,2006,0,East,0,0,0,Hill Road,1,,0,,0,Dark,389200,0,0,0,3,0,0,0,0,0,,0,0,Auckland Region,Nil,1-way,Sealed,0,0,0,0,100,0,On,0,0,,76,Auckland,Nil,0,0,0,0,0,0,Open,0,0,0,Fine,Null
1763478,5908602,27805,,521901,0,,0,2,,South,2005/2006,MANGERE ROAD,HOSPITAL ROAD,,Non-Injury Crash,No,2006,,North,,0,,Hill Road,,,,,,Bright sun,786200,0,0,0,2,,,0,,,,,,Auckland Region,Nil,2-way,Sealed,,0,0,,50,,Off,0,0,,76,Auckland,Nil,,,,,0,0,Urban,0,,,Fine,Null
1756524,5917774,27806,,518102,0,,0,2,,South,2006/2007,HOROEKA AVENUE,VIEW ROAD,,Non-Injury Crash,No,2006,,North,,0,,Hill Road,,,,,,Overcast,545200,0,0,0,2,,,0,,,,,,Auckland Region,Nil,2-way,Sealed,,0,0,,50,,None,0,0,,76,Auckland,Give way,,,,,0,0,Urban,0,,,Fine,Null
1772767,5895674,27807,,525410,0,,0,2,,Null,2006/2007,SOUTH ST,GREAT SOUTH ROAD,,Non-Injury Crash,No,2007,,North,,0,,Flat,,,,,,Bright sun,792504,0,0,0,2,,,0,,,,,,Auckland Region,Nil,2-way,Sealed,,0,0,,50,,None,0,0,,76,Auckland,Stop,,,,,0,0,Urban,0,,,Fine,Null
1819833,5528906,27808,,562710,0,,0,0,,West,2006/2007,HIGHBURY AVENUE,RADNOR PLACE,,Minor Crash,No,2006,,East,,0,,Flat,,,,,,Dark,1820000,1,0,0,2,,,0,,,1,,,Manawatū-Whanganui Region,Nil,2-way,Sealed,,0,0,,50,,On,0,0,,40,Palmerston North City,Nil,,,,,0,0,Urban,1,,,Fine,Null
1759458,5916447,27809,,516002,0,,0,2,,South,2006/2007,SH 1N,MARKET OBR,,Non-Injury Crash,Yes,2006,,South,,0,,Flat,,,,,,Twilight,492000,0,0,0,4,,,0,,,,,,Auckland Region,Nil,1-way,Sealed,,0,0,,100,,On,0,1,,76,Auckland,Nil,,,,,0,0,Open,0,,,Fine,Null
1759411,5925670,27810,,508110,0,,0,1,,South,2005/2006,LAKE ROAD,ST LEONARDS ROAD,,Non-Injury Crash,No,2006,,South,,0,,Flat,,,,,,Bright sun,319200,0,0,0,2,,,0,,,1,,,Auckland Region,Nil,2-way,Sealed,,0,0,,50,,Off,0,0,,76,Auckland,Traffic Signals,,,,,0,0,Urban,0,,,Fine,Null
1759946,5908469,27811,,524121,0,0,0,1,0,South,2005/2006,SH 20,WALMSLEY OBR,,Non-Injury Crash,Yes,2006,0,North,0,0,0,Flat,0,,0,,0,Overcast,737000,0,0,0,3,0,0,0,0,0,,0,0,Auckland Region,Nil,1-way,Sealed,0,0,0,0,100,0,Off,0,0,,76,Auckland,Nil,0,0,0,0,0,0,Open,0,0,1,Heavy rain,Null
1814147,5862487,27812,,533901,0,,0,1,,North,2005/2006,SH 27,KAIHERE ROAD,,Non-Injury Crash,Yes,2006,,North,,0,,Hill Road,,,,,,Overcast,1069401,0,0,0,2,,,0,,,,,,Waikato Region,Nil,2-way,Sealed,,0,0,,100,,Null,0,0,,12,Hauraki District,Unknown,,,,,1,0,Open,0,,,Fine,Null
1769889,5899186,27813,,523920,0,,0,2,,South,2005/2006,SH 1N,GT SOUTH OBR,,Non-Injury Crash,Yes,2006,,South,,0,,Hill Road,,Easter,,,,Bright sun,768005,0,0,0,2,,,0,,,,,,Auckland Region,Nil,1-way,Sealed,,0,0,,100,,Off,0,0,,76,Auckland,Nil,,,,,0,0,Open,0,,,Fine,Null
1569416,5182259,27814,,592200,1,0,0,1,0,South,2006/2007,PAPANUI ROAD,MANSFIELD AVENUE,,Minor Crash,No,2006,0,South,0,0,0,Flat,0,,0,,0,Bright sun,2674101,1,0,0,2,0,0,0,0,1,,0,0,Canterbury Region,Nil,2-way,Sealed,0,0,0,0,50,0,Null,0,0,,60,Christchurch City,Unknown,0,0,0,0,0,0,Urban,0,0,0,Fine,Null
1748002,5913597,27815,45,511100,0,0,0,1,0,South,2006/2007,RUA ROAD,WEST COAST ROAD,,Non-Injury Crash,No,2006,0,South,0,0,0,Hill Road,0,,0,,0,Dark,286900,0,0,0,2,0,0,0,0,0,,0,1,Auckland Region,Nil,2-way,Sealed,0,0,0,0,50,0,On,0,0,,76,Auckland,Nil,0,0,0,0,0,0,Urban,0,0,0,Light rain,Null
1800919,5815062,27816,,529700,0,,0,3,,South,2005/2006,ANGLESEA ST,COLLINGWOOD ST,,Non-Injury Crash,No,2006,,North,,0,,Flat,,,,,,Bright sun,911600,0,0,0,4,,,0,,,,,,Waikato Region,Nil,2-way,Sealed,,0,0,,50,,Null,0,0,,16,Hamilton City,Unknown,,,,,0,0,Urban,0,,,Fine,Null
1717622,6050495,27817,,502101,0,,0,3,,West,2006/2007,THREE MILE BUSH ROAD,KAMO ROAD,,Non-Injury Crash,No,2006,,East,,0,,Flat,,,,,,Overcast,83600,0,0,0,2,,,0,,,,,,Northland Region,Nil,2-way,Sealed,,0,0,,50,,Off,0,0,,2,Whangarei District,Nil,,,,,0,0,Urban,0,,,Heavy rain,Null
1764452,5908698,27818,,521901,0,0,0,1,0,South,2005/2006,GREAT SOUTH ROAD,BEATTY ST,,Non-Injury Crash,No,2006,0,South,0,0,0,Flat,0,,0,,0,Dark,785600,0,0,0,4,0,0,0,0,0,,0,0,Auckland Region,Nil,2-way,Sealed,0,0,0,0,50,0,On,1,0,,76,Auckland,Nil,0,0,0,0,0,0,Urban,0,1,0,Fine,Null
1751567,5912351,27819,,514700,0,,0,1,,Null,2006/2007,DONOVAN ST,BLOCKHOUSE BAY ROAD,,Non-Injury Crash,No,2006,,West,,0,,Flat,,,,,,Bright sun,368900,0,0,0,2,,,0,,,,,,Auckland Region,Nil,2-way,Sealed,,0,0,,50,,None,1,0,,76,Auckland,Give way,,,,,1,0,Urban,0,,,Fine,Null
1751999,5928453,27820,,508411,0,0,0,1,0,Null,2007/2008,HALE CRESCENT,HOUSTON PLACE,,Non-Injury Crash,No,2007,0,West,0,0,0,Hill Road,0,,1,,0,Overcast,185102,0,0,0,1,0,0,0,0,0,,0,0,Auckland Region,Nil,2-way,Sealed,0,0,0,0,50,0,Off,0,0,,76,Auckland,Nil,0,0,0,1,0,0,Urban,0,0,0,Light rain,Null
1763699,5920512,27821,,516500,0,0,0,1,0,West,2005/2006,TAMAKI DRIVE,KOHIMARAMA ROAD,,Minor Crash,No,2006,0,North,0,0,0,Flat,1,,0,,0,Dark,501301,1,0,0,2,0,0,0,0,0,,0,0,Auckland Region,Nil,2-way,Sealed,0,0,0,0,50,0,On,0,0,,76,Auckland,Nil,0,0,0,0,0,0,Urban,0,0,0,Fine,Null
1816250,5803577,27822,,527502,0,,0,2,,Null,2005/2006,SH 1N,HALL ST,,Non-Injury Crash,Yes,2006,,West,,0,,Flat,,,,,,Dark,964200,0,0,0,2,,,0,,,,,,Waikato Region,Nil,2-way,Sealed,,0,0,,50,,On,0,0,,17,Waipa District,Give way,,,,,0,0,Urban,0,,,Light rain,Null
1797870,5818656,27823,,528403,0,,0,2,,South,2005/2006,TE RAPA ROAD,SUNSHINE AVENUE,,Non-Injury Crash,No,2006,,North,,0,,Flat,,,,,,Overcast,908100,0,0,0,4,,,0,,,,,,Waikato Region,Nil,2-way,Sealed,,0,0,,60,,Null,0,0,,16,Hamilton City,Unknown,,,,,0,0,Urban,0,,,Fine,Null
1753558,5927879,27824,,508310,0,0,0,1,0,South,2005/2006,GLENFIELD ROAD,KAIPATIKI ROAD,,Non-Injury Crash,No,2006,0,North,0,0,0,Flat,0,,0,,0,Bright sun,200000,0,0,0,4,0,0,0,0,1,,0,0,Auckland Region,Nil,2-way,Sealed,0,0,0,0,50,0,Off,0,0,,76,Auckland,Nil,0,0,0,0,0,0,Urban,1,0,0,Fine,Null
1867418,5713283,27825,,541720,0,,0,2,,Null,2006/2007,HEUHEU ST,TITIRAUPENGA ST,,Non-Injury Crash,No,2006,,West,,0,,Flat,,,,,,Overcast,1273700,0,0,0,2,,,0,,,,,,Waikato Region,Nil,2-way,Sealed,,0,0,,50,,Off,0,0,,21,Taupo District,Stop,,,,,0,0,Urban,1,,,Fine,Null
1760632,5437521,27826,,569402,0,,0,2,,Null,2005/2006,SH 2,POMARE ROAD,,Fatal Crash,Yes,2006,,East,,4,,Flat,,,,,,Dark,1919300,0,0,0,4,,,0,,,,,,Wellington Region,Nil,2-way,Sealed,,0,1,,100,,On,0,0,,46,Lower Hutt City,Stop,,,,,0,0,Open,0,,,Heavy rain,Null
1571122,5180524,27827,,591500,0,0,0,3,0,Null,2006/2007,CHESTER ST EAST,CHESTER ST,,Minor Crash,No,2006,0,East,0,0,0,Flat,0,,0,,0,Overcast,2652300,1,0,0,2,0,0,0,0,1,,0,0,Canterbury Region,Nil,1-way,Sealed,0,0,0,0,50,0,Null,0,0,,60,Christchurch City,Stop,0,0,0,0,0,0,Urban,0,0,0,Fine,Null
1765608,5903070,27828,,524604,0,,0,2,,North,2005/2006,WIRI STATION ROAD,LANGLEY ROAD,,Non-Injury Crash,No,2006,,West,,0,,Flat,,,,,,Dark,781302,0,0,0,4,,,0,,,,,,Auckland Region,Nil,2-way,Sealed,,0,0,,80,,On,1,0,,76,Auckland,Stop,,,,,0,0,Open,0,,,Fine,Null
1405767,4914673,27829,,604410,0,0,0,1,0,East,2006/2007,HILLSIDE ROAD,REID ROAD,,Serious Crash,No,2006,0,West,0,0,0,Flat,0,,0,,0,Bright sun,2932100,0,0,0,2,0,0,0,0,0,,0,1,Otago Region,Nil,2-way,Sealed,0,0,2,0,50,0,Null,0,0,,71,Dunedin City,Unknown,0,0,0,0,0,0,Urban,0,0,0,Fine,Null
1765347,5916729,27830,,517001,0,,0,1,,Null,2005/2006,APIRANA AVENUE,MERTON ROAD,,Non-Injury Crash,No,2006,,North,,0,,Flat,,,,,,Dark,463902,0,0,0,4,,,0,,,,,,Auckland Region,Nil,2-way,Sealed,,0,0,,50,,On,0,0,,76,Auckland,Give way,,,,,0,0,Urban,1,,,Light rain,Null
1805674,5812711,27831,,527004,0,0,0,1,0,South,2005/2006,SH 1N,ANNEBROOK ROAD,,Non-Injury Crash,Yes,2006,0,North,1,0,0,Flat,0,,0,,0,Dark,956402,0,0,0,2,0,0,0,0,0,,0,0,Waikato Region,Nil,2-way,Sealed,0,0,0,0,80,0,On,0,0,,13,Waikato District,Nil,0,0,0,1,0,0,Open,0,0,0,Fine,Null
1761267,5914544,27832,,520202,0,,0,1,,Null,2006/2007,PENROSE OFF SBD,SH 1N,,Non-Injury Crash,Yes,2006,,South,,0,,Flat,,,,,,Bright sun,612100,0,0,0,2,,,0,,,,,,Auckland Region,Motorway ramp,1-way,Sealed,,0,0,,50,,Off,0,0,,76,Auckland,Give way,,,,,1,0,Urban,0,,,Fine,Null
1761470,5907516,27833,,524510,0,,0,2,,Null,2005/2006,WICKMAN WAY,BUCKLAND ROAD,,Non-Injury Crash,No,2006,,East,,0,,Flat,,,,,,Bright sun,736702,0,0,0,2,,,0,,,,,,Auckland Region,Nil,2-way,Sealed,,0,0,,50,,Off,0,0,,76,Auckland,Stop,,,,,0,0,Urban,0,,,Fine,Null
1769952,5912909,27834,,522722,0,,0,2,,West,2005/2006,CASCADES ROAD,AVIEMORE DRIVE,,Non-Injury Crash,No,2006,,East,,0,,Flat,,,,,,Overcast,681334,0,0,0,2,,,0,,,,,,Auckland Region,Nil,2-way,Sealed,,0,0,,50,,Off,0,0,,76,Auckland,Give way,,,,,0,0,Urban,0,,,Fine,Null
1758437,5918093,27835,,517400,0,,0,2,,Null,2007/2008,REMUERA ROAD,BROADWAY,,Non-Injury Crash,No,2007,,South,,0,,Flat,,,,,,Bright sun,451300,0,0,0,3,,,0,,,,,,Auckland Region,Nil,2-way,Sealed,,0,0,,50,,Off,0,0,,76,Auckland,Traffic Signals,,,,,0,0,Urban,0,,,Fine,Null
1929464,5605185,27836,,548200,0,,0,2,,Null,2006/2007,NELSON ST SOUTH,EASTBOURNE ST WEST,,Minor Crash,No,2006,,North,,0,,Flat,,,,,,Bright sun,1488900,1,0,0,2,,,0,,,,,,Hawke's Bay Region,Nil,2-way,Sealed,,0,0,,50,,Null,0,0,,30,Hastings District,Give way,,,,,0,0,Urban,0,,,Fine,Null
1753040,5934876,27837,,508704,0,0,0,1,1,South,2006/2007,OTEHA VALLEY ON SBD,SH 1N,,Minor Crash,Yes,2006,0,South,1,0,0,Hill Road,0,Christmas New Year,0,,0,Overcast,179113,1,0,0,1,0,0,0,0,0,,0,0,Auckland Region,Motorway ramp,1-way,Sealed,0,0,0,0,100,0,Off,0,0,,76,Auckland,Nil,0,0,0,0,0,0,Open,0,0,0,Light rain,Null
1877134,5821280,27838,,538102,0,,0,2,,Null,2005/2006,TWENTYSECOND AVENUE,COURTNEY ROAD,,Non-Injury Crash,No,2006,,North,,0,,Flat,,,,,,Dark,1170002,0,0,0,2,,,0,,,,,,Bay of Plenty Region,Nil,2-way,Sealed,,0,0,,50,,On,0,0,,23,Tauranga City,Give way,,,,,0,0,Urban,0,,,Fine,Null
1758423,5926577,27839,,508020,0,,0,2,,South,2006/2007,LAKE ROAD,ESMONDE ROAD,,Non-Injury Crash,No,2006,,North,,0,,Flat,,,,,,Overcast,325402,0,0,0,2,,,0,,,,,,Auckland Region,Nil,2-way,Sealed,,0,0,,50,,Off,0,0,,76,Auckland,Give way,,,,,0,0,Urban,0,,,Fine,Null
1752212,5926854,27840,,510210,0,0,0,1,0,North,2005/2006,LAUDERDALE ROAD,ESKDALE ROAD,,Non-Injury Crash,No,2006,0,North,0,0,0,Flat,0,,0,,0,Bright sun,348500,0,0,0,2,0,0,0,0,0,,0,1,Auckland Region,Nil,2-way,Sealed,0,0,0,0,50,0,Off,0,0,,76,Auckland,Nil,0,0,0,0,0,0,Urban,0,0,0,Fine,Null
1770024,5899250,27841,,523920,0,,0,2,,Null,2005/2006,GREAT SOUTH ROAD,TAKANINI ON SBD N,,Non-Injury Crash,No,2006,,North,,0,,Flat,,,,,,Bright sun,768005,0,0,0,4,,,0,,,,,,Auckland Region,Motorway ramp,2-way,Sealed,,0,0,,50,,Null,0,0,,76,Auckland,Traffic Signals,,,,,0,0,Urban,0,,,Fine,Null
1751813,5919540,27842,,515002,0,0,0,1,1,Null,2005/2006,EDITH ST,POINT CHEVALIER ROAD,,Non-Injury Crash,No,2006,0,North,0,0,0,Flat,0,,0,,0,Dark,395000,0,0,0,2,0,0,0,0,0,,0,0,Auckland Region,Nil,1-way,Sealed,0,0,0,0,50,0,On,0,0,,76,Auckland,Nil,0,0,0,0,0,0,Urban,0,0,0,Fine,Null
1678518,5663828,27843,,551112,0,,0,1,,Null,2006/2007,SH 45,UPPER PITONE ROAD,,Minor Crash,Yes,2006,,East,,0,,Flat,,,,,,Overcast,1554300,1,0,0,2,,,0,,,,,,Taranaki Region,Nil,2-way,Sealed,,0,0,,100,,Null,0,0,,33,New Plymouth District,Give way,,,,,0,0,Open,1,,,Heavy rain,Null
1754646,5916534,27844,,517702,0,,0,2,,Null,2006/2007,ST LUKES ROAD,KINGSWAY AVENUE,,Minor Crash,No,2006,,West,,0,,Flat,,,,,,Bright sun,540300,1,0,0,6,,,0,,,,,,Auckland Region,Nil,2-way,Sealed,,0,0,,50,,Off,0,0,,76,Auckland,Traffic Signals,,,,,0,0,Urban,0,,,Fine,Null
1800151,5815404,27845,,529700,0,,0,2,,Null,2005/2006,SEDDON ROAD,SOMERSET ST,,Non-Injury Crash,No,2006,,North,,0,,Flat,,,,,,Overcast,910700,0,0,0,2,,,0,,,,,,Waikato Region,Nil,2-way,Sealed,,0,0,,50,,Off,1,0,,16,Hamilton City,Give way,,,,,0,0,Urban,0,,,Fine,Null
1759837,5922600,27846,,509400,0,0,0,2,0,West,2005/2006,CALLIOPE ROAD,HUIA ST,,Non-Injury Crash,No,2006,0,East,0,0,0,Flat,0,,0,,0,Bright sun,330400,0,0,0,2,0,0,0,0,1,,0,0,Auckland Region,Nil,2-way,Sealed,0,0,0,0,50,0,Off,0,0,,76,Auckland,Nil,0,0,0,0,0,0,Urban,1,0,0,Fine,Null
1752259,5937279,27847,,506300,0,0,0,1,1,North,2006/2007,SH 1N,LONELY TRACK OBR,,Non-Injury Crash,Yes,2006,0,South,0,0,0,Hill Road,0,,0,,0,Bright sun,176105,0,0,0,3,0,0,0,0,0,,0,0,Auckland Region,Nil,1-way,Sealed,0,0,0,0,100,0,Off,0,0,,76,Auckland,Nil,0,0,0,0,0,0,Open,0,0,0,Fine,Null
1761539,5431312,27848,,565000,0,0,0,1,0,Null,2006/2007,WAINUIOMATA HILL ROAD,PURIRI ST,,Non-Injury Crash,No,2007,0,North,0,0,0,Flat,0,,0,,0,Dark,2017100,0,0,0,2,0,0,0,0,0,,1,1,Wellington Region,Nil,2-way,Sealed,0,0,0,0,50,0,On,0,0,,46,Lower Hutt City,Nil,0,0,0,0,0,0,Urban,0,0,0,Fine,Null
1759605,5925273,27849,,508110,0,,0,1,,West,2005/2006,WINSCOMBE ST,LAKE ROAD,,Non-Injury Crash,No,2006,,East,,0,,Flat,,,,,,Bright sun,319200,0,0,0,2,,,0,,,1,,,Auckland Region,Nil,2-way,Sealed,,0,0,,50,,Off,0,0,,76,Auckland,Nil,,,,,0,0,Urban,0,,,Fine,Null
1758443,5918085,27850,,517400,0,,0,1,,East,2006/2007,REMUERA ROAD,BROADWAY,,Non-Injury Crash,No,2006,,East,,0,,Flat,,,,,,Bright sun,451300,0,0,0,2,,,0,,,,,,Auckland Region,Nil,2-way,Sealed,,0,0,,50,,Off,0,0,,76,Auckland,Nil,,,,,0,0,Urban,1,,,Fine,Null
1800260,5811852,27851,,529200,0,,0,2,,South,2005/2006,DEANWELL AVENUE,COLLINS ROAD,,Non-Injury Crash,No,2006,,North,,0,,Flat,,,,,,Dark,927201,0,0,0,2,,,0,,,,,,Waikato Region,Nil,2-way,Sealed,,0,0,,50,,None,0,0,,16,Hamilton City,Nil,,,,,0,0,Urban,0,,,Fine,Null
1859349,5756476,27852,,535262,0,,0,1,,South,2005/2006,SH 1N,MATARAWA ROAD,,Fatal Crash,Yes,2006,,North,,1,,Flat,,,,,,Bright sun,1151902,1,0,0,3,,,0,,,,,,Waikato Region,Nil,2-way,Sealed,,0,0,,100,,None,0,0,,19,South Waikato District,Nil,,,,,0,0,Open,0,,,Fine,Null
1754204,5917302,27853,,517600,0,0,0,2,0,South,2005/2006,SAINSBURY ROAD,NEW NORTH ROAD,,Non-Injury Crash,No,2006,0,South,0,0,0,Flat,0,,0,,0,Overcast,534800,0,0,0,2,0,0,0,0,1,,0,0,Auckland Region,Nil,2-way,Sealed,0,0,0,0,50,0,Off,0,0,,76,Auckland,Nil,0,0,0,0,0,0,Urban,0,0,0,Light rain,Null
1571770,5179923,27854,,593501,1,,0,1,,Null,2005/2006,FITZGERALD AVENUE,CASHEL ST,,Minor Crash,No,2006,,West,,0,,Flat,,,,,,Dark,2608800,1,0,0,4,,,0,,,,,,Canterbury Region,Nil,2-way,Sealed,,0,0,,50,,On,0,0,,60,Christchurch City,Traffic Signals,,,,,0,0,Urban,0,,,Fine,Null
1757464,5920716,27855,,514102,0,,0,0,,Null,2005/2006,QUEEN ST,SHORTLAND ST,,Non-Injury Crash,No,2006,,North,,0,,Flat,,,,,,Overcast,433200,0,0,0,2,,,0,,,,,,Auckland Region,Nil,2-way,Sealed,,0,0,,50,,Off,0,0,,76,Auckland,Traffic Signals,,,,,0,0,Urban,2,,,Fine,Null
1796969,5819668,27856,,528403,0,,0,2,,North,2006/2007,TE RAPA ROAD,WAIRERE DRIVE,,Non-Injury Crash,No,2006,,North,,0,,Flat,,Christmas New Year,,,,Bright sun,907500,0,0,0,4,,,0,,,,,,Waikato Region,Nil,2-way,Sealed,,0,0,,60,,Off,0,0,,16,Hamilton City,Nil,,,,,0,0,Urban,0,,,Fine,Null
1869205,5710753,27857,,541750,0,0,0,1,0,South,2005/2006,ARROWSMITH AVENUE,CHESHAM AVENUE,,Non-Injury Crash,No,2006,0,South,0,0,1,Flat,0,,0,,0,Dark,1267302,0,0,0,2,0,0,0,0,0,,0,0,Waikato Region,Nil,2-way,Sealed,0,0,0,0,50,0,On,0,0,,21,Taupo District,Unknown,0,0,0,0,0,0,Urban,0,0,0,Light rain,Null
1719335,6045478,27858,,503100,0,,0,1,,Null,2005/2006,WALTON ST,BANK ST,,Non-Injury Crash,No,2006,,West,,0,,Flat,,Queens Birthday,,,,Overcast,100400,0,0,0,4,,,0,,,,,,Northland Region,Nil,2-way,Sealed,,0,0,,50,,Off,0,0,,2,Whangarei District,Give way,,,,,0,0,Urban,1,,,Fine,Null
1678112,6021901,27859,,504600,0,,0,1,,Null,2006/2007,SH 12,VICTORIA ST W,,Non-Injury Crash,Yes,2006,,South,,0,,Flat,,,,,,Dark,115700,0,0,0,3,,,0,,,,,,Northland Region,Nil,2-way,Sealed,,0,0,,50,,On,0,0,,3,Kaipara District,Nil,,,,,1,0,Urban,0,,,Fine,Null
1773263,5894871,27860,,525520,0,,0,2,,Null,2006/2007,OPAHEKE ROAD,BOUNDARY ROAD,,Non-Injury Crash,No,2006,,South,,0,,Flat,,,,,,Bright sun,802300,0,0,0,2,,,0,,,,,,Auckland Region,Nil,2-way,Sealed,,0,0,,50,,Null,0,0,,76,Auckland,Nil,,,,,0,0,Urban,0,,,Fine,Null