X,Y,OBJECTID,advisorySpeed,areaUnitID,bicycle,bridge,bus,carStationWagon,cliffBank,crashDirectionDescription,crashFinancialYear,crashLocation1,crashLocation2,crashRoadSideRoad,crashSeverity,crashSHDescription,crashYear,debris,directionRoleDescription,ditch,fatalCount,fence,flatHill,guardRail,holiday,houseOrBuilding,intersection,kerb,light,meshblockId,minorInjuryCount,moped,motorcycle,NumberOfLanes,objectThrownOrDropped,otherObject,otherVehicleType,overBank,parkedVehicle,pedestrian,phoneBoxEtc,postOrPole,region,roadCharacter,roadLane,roadSurface,roadworks,schoolBus,seriousInjuryCount,slipOrFlood,speedLimit,strayAnimal,streetLight,suv,taxi,temporarySpeedLimit,tlaId,tlaName,trafficControl,trafficIsland,trafficSign,train,tree,truck,unknownVehicleType,urban,vanOrUtility,vehicle,waterRiver,weatherA,weatherB
1764357,5912281,27861,,520500,0,,0,4,,North,2006/2007,SH 1N,MT WGTN ON SBD,,Non-Injury Crash,Yes,2006,,South,,0,,Flat,,,,,,Bright sun,639300,0,0,0,2,,,0,,,,,,Auckland Region,Nil,1-way,Sealed,,0,0,,100,,Off,0,0,,76,Auckland,Nil,,,,,0,0,Open,0,,,Fine,Null
1728766,6005711,27862,75,505010,0,0,0,0,0,North,2007/2008,SH 1N,SH 12,,Non-Injury Crash,Yes,2007,0,North,0,0,0,Hill Road,1,,0,,0,Dark,134700,0,0,0,2,0,0,0,0,0,,0,0,Northland Region,Nil,2-way,Sealed,0,0,0,0,100,0,None,0,0,,3,Kaipara District,Nil,0,0,0,0,1,0,Open,0,0,0,Fine,Null
1793135,5834645,27863,,527112,0,0,0,1,0,Null,2006/2007,TE PUTU ST,GLEESON PLACE,,Non-Injury Crash,No,2006,0,East,0,0,0,Hill Road,1,,0,,0,Dark,951300,0,0,0,2,0,0,0,0,0,,0,0,Waikato Region,Bridge,2-way,Sealed,0,0,0,0,50,0,On,0,0,,13,Waikato District,Nil,0,0,0,0,0,0,Urban,0,0,0,Fine,Null
1884737,5773894,27864,,540410,0,0,0,1,0,Null,2006/2007,AMOHIA ST,HINEMOA ST,,Minor Crash,No,2006,0,North,0,0,0,Flat,0,,0,,0,Dark,1234500,1,0,0,2,0,1,0,0,0,,0,0,Bay of Plenty Region,Nil,2-way,Sealed,0,0,0,0,50,0,On,0,0,,24,Rotorua District,Give way,1,0,0,0,0,0,Urban,0,0,0,Fine,Null
1754338,5927965,27865,,508310,0,,0,2,,Null,2005/2006,CHARTWELL AVENUE,BENTLEY AVENUE,,Non-Injury Crash,No,2006,,North,,0,,Hill Road,,,,,,Bright sun,200600,0,0,0,2,,,0,,,,,,Auckland Region,Nil,2-way,Sealed,,0,0,,50,,Off,0,0,,76,Auckland,Give way,,,,,0,0,Urban,0,,,Fine,Null
1760844,5913245,27866,,519900,1,0,0,1,0,North,2005/2006,ROCKFIELD ROAD,STATION ROAD,,Minor Crash,No,2006,0,South,0,0,0,Flat,0,,0,,0,Bright sun,605200,1,0,0,2,0,0,0,0,1,,0,0,Auckland Region,Nil,2-way,Sealed,0,0,0,0,50,0,Off,0,0,,76,Auckland,Nil,0,0,0,0,0,0,Urban,0,0,0,Fine,Null
1781084,5878326,27867,,521135,0,,0,1,,East,2006/2007,SH 2,IRISH ROAD,,Non-Injury Crash,Yes,2006,,East,,0,,Flat,,Christmas New Year,,,,Overcast,842000,0,0,0,2,,,0,,,,,,Waikato Region,Nil,2-way,Sealed,,0,0,,100,,None,1,0,,13,Waikato District,Nil,,,,,0,0,Open,0,,,Light rain,Null
1822811,5530162,27868,,562402,0,,0,1,,Null,2005/2006,ALBERT ST,BROADWAY AVENUE,,Serious Crash,No,2006,,North,,0,,Flat,,,,,,Twilight,1835100,0,0,1,2,,,0,,,,,,Manawatū-Whanganui Region,Nil,2-way,Sealed,,0,1,,50,,Off,0,0,,40,Palmerston North City,Give way,,,,,0,0,Urban,0,,,Fine,Null
1804191,5814577,27869,,530700,0,0,0,1,0,South,2005/2006,AURORA TERRACE,DOROTHY PLACE,,Non-Injury Crash,No,2006,0,South,0,0,0,Flat,0,,0,,0,Bright sun,888000,0,0,0,2,0,0,0,0,1,,0,0,Waikato Region,Nil,2-way,Sealed,0,0,0,0,50,0,Off,0,0,,16,Hamilton City,Nil,0,0,0,0,1,0,Urban,0,0,0,Fine,Null
1879383,5820073,27870,,538000,0,,0,1,,East,2006/2007,SH 2A,MAUNGATAPU ROAD,,Non-Injury Crash,Yes,2006,,East,,0,,Flat,,,,,,Bright sun,1178700,0,0,0,2,,,0,,,,,,Bay of Plenty Region,Nil,1-way,Sealed,,0,0,,50,,Null,0,0,,23,Tauranga City,Unknown,,,,,1,0,Urban,0,,,Fine,Null
1754742,5915823,27871,,517703,0,,0,2,,North,2006/2007,SANDRINGHAM ROAD,HALESOWEN AVENUE,,Non-Injury Crash,No,2006,,South,,0,,Flat,,,,,,Dark,538200,0,0,0,2,,,0,,,,,,Auckland Region,Nil,2-way,Sealed,,0,0,,50,,On,1,0,,76,Auckland,Nil,,,,,0,0,Urban,0,,,Fine,Null
1748661,5427745,27872,,573000,0,,0,0,,North,2005/2006,WILLIS ST,MERCER ST,,Minor Crash,No,2006,,North,,0,,Flat,,,,,,Overcast,2127400,1,0,0,2,,,0,,,1,,,Wellington Region,Nil,2-way,Sealed,,0,0,,50,,Null,1,0,,47,Wellington City,Nil,,,,,0,0,Urban,0,,,Fine,Null
1765492,5899137,27873,,524811,0,0,0,1,0,North,2005/2006,ETHERTON DRIVE,HAROBED PLACE,,Non-Injury Crash,No,2006,0,North,0,0,1,Flat,0,,0,,0,Dark,773801,0,0,0,2,0,0,0,0,0,,0,0,Auckland Region,Nil,2-way,Sealed,0,0,0,0,50,0,On,0,0,,76,Auckland,Nil,0,0,0,0,0,0,Urban,0,0,0,Fine,Null
1243543,4845824,27874,,611800,0,,0,2,,Null,2005/2006,SH 1S BLUFF HIGHWAY,ELLES ROAD,,Minor Crash,Yes,2006,,South,,0,,Flat,,,,,,Dark,3152500,2,0,0,4,,,0,,,,,,Southland Region,Nil,2-way,Sealed,,0,0,,100,,On,0,0,,75,Invercargill City,Give way,,,,,0,0,Open,0,,,Light rain,Null
1754734,5917711,27875,,517600,0,0,0,0,0,East,2006/2007,NEW NORTH ROAD,INWOOD ST,,Non-Injury Crash,No,2006,0,East,0,0,0,Flat,0,,0,,0,Bright sun,534602,0,0,0,2,0,0,0,0,1,,0,1,Auckland Region,Nil,2-way,Sealed,0,0,0,0,50,0,Off,1,0,,76,Auckland,Nil,0,0,0,0,0,0,Urban,1,0,0,Fine,Null
1759003,5918839,27876,,515901,0,0,0,1,0,South,2006/2007,AYR ST,LAURIE AVENUE,,Non-Injury Crash,No,2006,0,North,0,0,0,Hill Road,0,Christmas New Year,0,,0,Dark,451800,0,0,0,2,0,0,0,0,0,,0,1,Auckland Region,Nil,2-way,Sealed,0,0,0,0,50,0,On,0,0,,76,Auckland,Nil,0,1,0,1,0,0,Urban,0,0,0,Light rain,Null
1883260,5775382,27877,,539400,0,,0,2,,Null,2005/2006,SH 5,LAKE ROAD,,Non-Injury Crash,Yes,2006,,South,,0,,Flat,,,,,,Overcast,1224900,0,0,0,2,,,0,,,,,,Bay of Plenty Region,Nil,2-way,Sealed,,0,0,,50,,Null,0,0,,24,Rotorua District,Traffic Signals,,,,,0,0,Urban,0,,,Fine,Null
1293909,5043786,27878,,608800,0,,0,1,,East,2006/2007,ARDMORE ST,LAKESIDE ROAD,,Minor Crash,No,2006,,West,,0,,Hill Road,,,,,,Bright sun,3036000,2,0,0,2,,,0,,,,,,Otago Region,Nil,2-way,Sealed,,0,0,,50,,Null,0,0,,70,Queenstown-Lakes District,Unknown,,,,,0,0,Urban,1,,,Fine,Null
1838266,5684243,27879,,541348,0,0,0,1,0,West,2006/2007,SH 41,MATARIKI ST,,Non-Injury Crash,Yes,2006,0,East,0,0,0,Flat,0,,0,,0,Dark,1288701,0,0,0,2,0,0,0,0,0,,0,1,Waikato Region,Nil,2-way,Sealed,0,0,0,0,80,0,On,0,0,,21,Taupo District,Nil,0,0,0,0,0,0,Open,0,0,0,Light rain,Null
1889098,5822332,27880,,536517,0,,0,2,,East,2005/2006,GRAVATT ROAD,BEACHWATER DRIVE,,Non-Injury Crash,No,2006,,East,,0,,Flat,,,,,,Bright sun,1205072,0,0,0,2,,,0,,,,,,Bay of Plenty Region,Nil,2-way,Sealed,,0,0,,50,,Null,0,0,,23,Tauranga City,Unknown,,,,,0,0,Urban,0,,,Fine,Null
1762272,5813450,27881,55,526500,0,0,0,1,0,Null,2005/2006,WAINUI ROAD,RIRIA KEREOPA MEMORIAL DR,,Non-Injury Crash,No,2006,0,North,0,0,0,Flat,0,,0,,0,Bright sun,854201,0,0,0,2,0,0,0,0,0,,1,1,Waikato Region,Nil,2-way,Sealed,0,0,0,0,100,0,Null,0,0,,13,Waikato District,Give way,0,0,0,0,0,0,Open,0,0,0,Heavy rain,Null
1884593,5769424,27882,,538722,0,,0,0,,South,2006/2007,SH 5,WAIPA MILL ROAD,,Non-Injury Crash,Yes,2006,,North,,0,,Flat,,,,,,Overcast,1258000,0,0,0,2,,,0,,,,,,Bay of Plenty Region,Nil,2-way,Sealed,,0,0,,100,,None,0,0,,24,Rotorua District,Nil,,,,,1,0,Open,1,,,Fine,Null
1740351,5929493,27883,,505604,0,,0,1,,Null,2005/2006,OLD NORTH ROAD,RIVERHEAD ROAD,,Minor Crash,No,2006,,North,,0,,Flat,,,,,,Overcast,214204,1,0,0,2,,,0,,,,,,Auckland Region,Nil,2-way,Sealed,,0,0,,100,,Off,0,0,30,76,Auckland,Stop,,,,,0,0,Open,1,,,Fine,Null
1756918,5943605,27884,30,505902,0,0,0,1,0,South,2006/2007,WHANGAPARAOA ROAD,RAKINO AVENUE,,Non-Injury Crash,No,2006,0,South,0,0,0,Hill Road,0,,0,,1,Dark,174608,0,0,0,2,0,0,0,0,0,,0,1,Auckland Region,Nil,2-way,Sealed,0,0,0,0,50,0,On,0,0,,76,Auckland,Nil,0,0,0,1,0,0,Urban,0,0,0,Light rain,Null
1767445,5905809,27885,,522302,0,0,0,1,0,North,2006/2007,SH 1N,TE IRIRANGI OBR,,Non-Injury Crash,Yes,2006,0,North,0,0,0,Hill Road,0,,0,,0,Bright sun,670902,0,0,0,3,0,0,0,0,0,,0,1,Auckland Region,Nil,1-way,Sealed,0,0,0,0,100,0,Off,0,0,,76,Auckland,Nil,0,0,0,0,0,0,Open,0,0,0,Fine,Null
1798987,5815095,27886,,529000,0,,0,2,,South,2006/2007,SH 1N,MASSEY ST,,Non-Injury Crash,Yes,2006,,North,,0,,Flat,,,,,,Bright sun,917800,0,0,0,4,,,0,,,,,,Waikato Region,Nil,2-way,Sealed,,0,0,,60,,Null,0,0,,16,Hamilton City,Unknown,,,,,0,0,Urban,0,,,Fine,Null
1757829,5914651,27887,,518600,0,0,0,1,0,West,2005/2006,PUKEHANA AVENUE,PAH ROAD,,Non-Injury Crash,No,2006,0,North,0,0,0,Flat,0,,0,,0,Dark,565600,0,0,0,2,0,0,0,0,1,,0,0,Auckland Region,Nil,2-way,Sealed,0,0,0,0,50,0,On,0,0,,76,Auckland,Nil,0,0,0,0,0,0,Urban,1,0,0,Fine,Null
1742407,5920674,27888,,513622,0,0,0,1,0,East,2005/2006,CHAMBERLAIN ROAD,BIRDWOOD ROAD,,Non-Injury Crash,No,2006,0,East,0,0,0,Hill Road,0,,0,,0,Dark,226700,0,0,0,1,0,0,0,1,0,,0,1,Auckland Region,Nil,2-way,Sealed,0,0,0,0,50,0,None,0,0,,76,Auckland,Nil,0,0,0,0,0,0,Urban,0,0,0,Fine,Null
1819632,5461935,27889,,578902,0,,0,0,,South,2005/2006,SH 2,NGAUMUTAWA ROAD,,Serious Crash,Yes,2006,,North,,0,,Flat,,,,,,Bright sun,2230800,0,0,1,2,,,1,,,,,,Wellington Region,Bridge,2-way,Sealed,,0,1,,100,,Null,0,0,,48,Masterton District,Nil,,,,,0,0,Open,0,,,Fine,Null
1876508,5823906,27890,,537301,1,,0,1,,North,2005/2006,OTUMOETAI ROAD,BELLEVUE ROAD,,Non-Injury Crash,No,2006,,South,,0,,Flat,,,,,,Bright sun,1160108,0,0,0,3,,,0,,,,,,Bay of Plenty Region,Nil,2-way,Sealed,,0,0,,50,,Null,0,0,,23,Tauranga City,Unknown,,,,,0,0,Urban,0,,,Fine,Null
1746062,5920334,27891,,513301,0,,0,2,,East,2006/2007,SH 16,LINCOLN OFF WBD,,Non-Injury Crash,Yes,2006,,West,,0,,Flat,,,,,,Overcast,230301,0,0,0,2,,,0,,,,,,Auckland Region,Nil,1-way,Sealed,,0,0,,100,,Off,0,0,,76,Auckland,Nil,,,,,0,0,Open,0,,,Fine,Null
1760486,5911824,27892,,520000,0,,0,2,,East,2006/2007,NEILSON ST,CAPTAIN SPRINGS ROAD,,Non-Injury Crash,No,2006,,West,,0,,Flat,,,,,,Overcast,607900,0,0,0,2,,,0,,,,,,Auckland Region,Nil,2-way,Sealed,,0,0,,50,,Off,0,0,,76,Auckland,Nil,,,,,0,0,Urban,0,,,Fine,Null
1795395,5816744,27893,,528406,0,,0,1,,Null,2005/2006,BRYMER ROAD,BAGUST ROAD,,Non-Injury Crash,No,2006,,North,,0,,Flat,,,,,,Overcast,976702,0,0,0,2,,,0,,,,,,Waikato Region,Nil,2-way,Sealed,,0,0,,70,,Null,0,0,,16,Hamilton City,Give way,,,,,0,0,Urban,1,,,Mist or Fog,Null
1789669,5829729,27894,,528200,0,,0,1,,Null,2005/2006,GREAT SOUTH ROAD,RIVER ROAD,,Non-Injury Crash,No,2006,,South,,0,,Flat,,,,,,Overcast,859100,0,0,0,2,,,0,,,,,,Waikato Region,Nil,2-way,Sealed,,0,0,,50,,Null,0,0,,13,Waikato District,Give way,,,,,1,0,Urban,0,,,Light rain,Null
1812516,5526275,27895,,561901,0,0,0,1,0,South,2005/2006,NO 1 LINE,KARERE ROAD,,Minor Crash,No,2006,0,East,1,0,0,Flat,0,,0,,0,Overcast,1797000,1,0,0,2,0,0,0,0,0,,0,0,Manawatū-Whanganui Region,Nil,2-way,Sealed,0,0,0,0,100,0,Null,0,0,,39,Manawatu District,Nil,0,0,0,0,0,0,Open,0,0,0,Heavy rain,Null
1755782,5924571,27896,,509800,0,,1,1,,East,2005/2006,ONEWA ROAD,BRUCE ST,,Non-Injury Crash,No,2006,,East,,0,,Hill Road,,,,,,Overcast,360500,0,0,0,2,,,0,,,,,,Auckland Region,Nil,2-way,Sealed,,0,0,,50,,Off,0,0,,76,Auckland,Nil,,,,,0,0,Urban,0,,,Fine,Null
1691208,5675616,27897,,551501,0,,0,2,,Null,2006/2007,SH 45,LORNA ST,,Minor Crash,Yes,2006,,East,,0,,Hill Road,,,,,,Bright sun,1581200,1,0,0,2,,,0,,,,,,Taranaki Region,Nil,2-way,Sealed,,0,0,,50,,Null,0,0,,33,New Plymouth District,Give way,,,,,0,0,Urban,0,,,Fine,Null
1406512,4917605,27898,,603602,0,,0,1,,Null,2005/2006,LONDON ST,GEORGE ST,,Minor Crash,No,2006,,East,,0,,Hill Road,,,,,,Overcast,2868200,1,0,1,2,,,0,,,,,,Otago Region,Nil,2-way,Sealed,,0,0,,50,,Null,0,0,,71,Dunedin City,Traffic Signals,,,,,0,0,Urban,0,,,Fine,Null
1752174,5915559,27899,,517902,0,0,0,1,0,South,2006/2007,ENNISMORE ROAD,NEW NORTH ROAD,,Non-Injury Crash,No,2006,0,North,0,0,0,Flat,0,,0,,0,Dark,519800,0,0,0,2,0,0,0,0,2,,0,0,Auckland Region,Nil,2-way,Sealed,0,0,0,0,50,0,On,1,0,,76,Auckland,Nil,0,0,0,0,0,0,Urban,1,0,0,Fine,Null
1829004,5460318,27900,,578402,1,,0,1,,Null,2006/2007,MASTERTON-STRONVAR ROAD,LEES PAKARAKA ROAD,,Minor Crash,No,2006,,North,,0,,Flat,,Christmas New Year,,,,Bright sun,2257402,1,0,0,2,,,0,,,,,,Wellington Region,Nil,2-way,Sealed,,0,0,,100,,Null,0,0,,48,Masterton District,Give way,,,,,0,0,Open,0,,,Fine,Null
1763355,5909100,27901,,521901,0,0,0,1,0,South,2005/2006,MCGEE ST,HANS ST,,Non-Injury Crash,No,2006,0,East,0,0,0,Flat,0,,0,,0,Dark,783500,0,0,0,2,0,0,0,0,1,,0,0,Auckland Region,Nil,2-way,Sealed,0,0,0,0,50,0,On,1,0,,76,Auckland,Nil,0,0,0,0,0,0,Urban,0,0,0,Fine,Null
1735646,6036845,27902,,501819,0,,0,1,,North,2006/2007,WHANGAREI HEADS ROAD,STUART ROAD,,Non-Injury Crash,No,2006,,South,,0,,Hill Road,,,,,,Overcast,74204,0,0,0,2,,,0,,,,,,Northland Region,Nil,2-way,Sealed,,0,0,,100,,Off,0,0,,2,Whangarei District,Nil,,,,,0,0,Open,1,,,Fine,Null
1754721,5443216,27903,,571000,0,0,0,1,0,South,2006/2007,SH 1N,MUNGAVIN ON SBD,,Minor Crash,Yes,2006,0,South,1,0,0,Flat,0,,0,,0,Bright sun,2052000,2,0,0,2,0,0,0,0,0,,0,0,Wellington Region,Nil,1-way,Sealed,0,0,0,0,100,0,Null,0,0,,44,Porirua City,Nil,0,0,0,1,0,0,Open,0,0,0,Fine,Null
1399990,5119321,27904,,600323,0,0,0,1,0,West,2006/2007,SH 8,EDWARD STM BR,,Minor Crash,Yes,2006,0,North,1,0,0,Flat,0,,0,,0,Twilight,2813008,1,0,0,2,0,0,0,0,0,,0,0,Canterbury Region,Nil,2-way,Sealed,0,0,0,0,100,0,None,0,0,,65,Mackenzie District,Unknown,0,0,0,0,0,0,Open,0,0,0,Fine,Null
1931284,5605205,27905,,548000,0,,0,1,,West,2005/2006,GROVE ROAD,WILLOWPARK ROAD NORTH,,Non-Injury Crash,No,2006,,West,,0,,Flat,,,,,,Overcast,1497100,0,0,0,2,,,0,,,,,,Hawke's Bay Region,Nil,2-way,Sealed,,0,0,,50,,Null,1,0,,30,Hastings District,Nil,,,,,0,0,Urban,0,,,Fine,Null
1754343,5931474,27906,,508805,0,0,0,2,0,Null,2005/2006,CONSTELLATION DRIVE,HOME PLACE,,Non-Injury Crash,No,2006,0,West,0,0,0,Flat,0,,0,,0,Bright sun,180826,0,0,0,5,0,0,0,0,0,,0,1,Auckland Region,Nil,2-way,Sealed,0,0,0,0,50,0,Off,0,0,,76,Auckland,Traffic Signals,0,1,0,0,0,0,Urban,0,0,0,Fine,Null
1244412,4850187,27907,,611100,0,0,0,1,0,North,2005/2006,BAMBOROUGH ST,ROBERTSON ST,,Serious Crash,No,2006,0,South,0,0,0,Flat,0,,0,,0,Overcast,3137900,1,0,0,2,0,0,0,0,0,,0,0,Southland Region,Nil,2-way,Sealed,0,0,2,0,50,0,Null,0,0,,75,Invercargill City,Unknown,0,0,0,1,0,0,Urban,0,0,0,Light rain,Null
1767902,5900417,27908,,525001,0,,0,2,,East,2005/2006,WEYMOUTH ROAD,MCKEAN AVENUE,,Non-Injury Crash,No,2006,,East,,0,,Flat,,,,,,Overcast,752500,0,0,0,2,,,0,,,,,,Auckland Region,Nil,2-way,Sealed,,0,0,,50,,Off,0,0,,76,Auckland,Nil,,,,,0,0,Urban,0,,,Fine,Null
1790663,5840061,27909,,527402,0,,0,1,,Null,2005/2006,SH 1N,TAINUI BRIDGE ROAD,,Non-Injury Crash,Yes,2006,,South,,0,,Flat,,,,,,Bright sun,947100,0,0,0,2,,,0,,,,,,Waikato Region,Nil,2-way,Sealed,,0,0,,50,,Null,0,0,,13,Waikato District,Traffic Signals,,,,,0,0,Urban,1,,,Fine,Null
1767428,5907636,27910,,523602,0,,0,2,,Null,2006/2007,EAST TAMAKI ROAD,FERGUSON ROAD,,Non-Injury Crash,No,2006,,West,,0,,Hill Road,,,,,,Overcast,709900,0,0,0,2,,,0,,,,,,Auckland Region,Nil,1-way,Sealed,,0,0,,50,,Off,0,0,,76,Auckland,Nil,,,,,0,0,Urban,0,,,Fine,Null
1800868,5815573,27911,,529700,0,,0,1,,South,2006/2007,VICTORIA ST,BRYCE ST,,Minor Crash,No,2006,,North,,0,,Flat,,,,,,Overcast,911102,1,0,0,4,,,0,,,1,,,Waikato Region,Nil,2-way,Sealed,,0,0,,50,,Off,0,0,,16,Hamilton City,Unknown,,,,,0,0,Urban,0,,,Light rain,Null
1718411,6045187,27912,,502900,0,,0,4,,North,2005/2006,SH 1N,CHEVIOT ST,,Non-Injury Crash,Yes,2006,,South,,0,,Hill Road,,,,,,Overcast,103000,0,0,0,4,,,0,,,,,,Northland Region,Nil,2-way,Sealed,,0,0,,50,,Off,0,0,,2,Whangarei District,Nil,,,,,0,0,Urban,0,,,Fine,Null
1924568,5607266,27913,,548612,0,,0,1,,Null,2005/2006,CHATHAM ROAD,SCOTT DRIVE,,Non-Injury Crash,No,2006,,East,,0,,Flat,,,,,,Twilight,1474116,0,0,0,2,,,0,,,,,,Hawke's Bay Region,Nil,2-way,Sealed,,0,0,,50,,Off,0,0,,30,Hastings District,Give way,,,,,0,0,Urban,1,,,Fine,Null
1769677,5901632,27914,,523814,0,,0,1,,South,2005/2006,SH 1N,HILL OBR,,Non-Injury Crash,Yes,2006,,South,,0,,Flat,,,,,,Bright sun,759507,0,0,0,4,,,0,,,,,,Auckland Region,Nil,2-way,Sealed,,0,0,,100,,Off,0,0,,76,Auckland,Nil,,,,,1,0,Open,0,,,Fine,Null
1768273,5901366,27915,,525001,0,0,0,2,0,Null,2006/2007,MAICH ROAD,BEATTY AVENUE,,Non-Injury Crash,No,2006,0,South,0,0,0,Flat,0,,0,,0,Overcast,751200,0,0,0,2,0,0,0,0,0,,0,0,Auckland Region,Nil,2-way,Sealed,0,0,0,0,50,0,Off,1,0,,76,Auckland,Give way,0,0,0,0,0,0,Urban,0,1,0,Light rain,Null
1747840,5966635,27916,,506613,0,0,0,2,0,Null,2006/2007,SH 1N,TWIN STREAM ROAD,,Serious Crash,Yes,2006,0,South,0,0,1,Hill Road,0,,0,,0,Bright sun,146004,1,0,0,2,0,0,0,0,0,,0,0,Auckland Region,Nil,2-way,Sealed,0,0,1,0,100,0,Off,0,0,,76,Auckland,Stop,0,0,0,0,0,0,Open,0,0,0,Fine,Null
1617968,5425044,27917,,581715,0,0,0,1,0,South,2005/2006,MAIN ROAD STOKE,SAXTON ROAD,,Minor Crash,No,2006,0,South,1,0,0,Flat,0,,0,,0,Dark,2359404,1,0,0,2,0,0,0,0,0,,0,0,Nelson Region,Nil,2-way,Sealed,0,0,0,0,80,0,On,0,0,,52,Nelson City,Nil,0,0,0,0,0,0,Open,0,0,0,Light rain,Null
1763460,5912762,27918,,520500,0,,0,2,,South,2006/2007,SH 1N,MT WGTN OFF SBD,,Non-Injury Crash,Yes,2006,,South,,0,,Flat,,,,,,Bright sun,637400,0,0,0,4,,,0,,,,,,Auckland Region,Nil,2-way,Sealed,,0,0,,100,,Off,0,0,,76,Auckland,Nil,,,,,0,0,Open,0,,,Fine,Null
1616281,5422565,27919,,584201,0,,0,1,,Null,2005/2006,HILL ST,QUEEN ST,,Non-Injury Crash,No,2006,,North,,0,,Hill Road,,,,,,Bright sun,2362900,0,0,0,2,,,0,,,,,,Tasman Region,Nil,2-way,Sealed,,0,0,,50,,Null,0,0,,51,Tasman District,Give way,,,,,0,0,Urban,1,,,Fine,Null
1406908,4924910,27920,,601603,0,0,0,1,1,South,2006/2007,SH 1S,LEITH VALLEY ROAD,,Minor Crash,Yes,2006,0,South,1,0,0,Hill Road,0,,0,,0,Dark,2863400,1,0,0,2,0,0,0,0,0,,0,0,Otago Region,Nil,2-way,Sealed,0,0,0,0,100,0,None,0,0,,71,Dunedin City,Unknown,0,1,0,1,0,0,Open,0,0,0,Snow,Frost
1748747,5970137,27921,,505500,0,,0,2,,Null,2005/2006,WHITAKER ROAD,SH 1N,,Non-Injury Crash,No,2006,,West,,0,,Flat,,,,,,Bright sun,140500,0,0,0,2,,,0,,,,,,Auckland Region,Nil,2-way,Sealed,,0,0,,50,,Off,0,0,,76,Auckland,Give way,,,,,0,0,Urban,0,,,Fine,Null
1755560,5928932,27922,,508320,0,,0,2,,North,2005/2006,SH 1N,TRISTRAM OFF NBD,,Minor Crash,Yes,2006,,North,,0,,Flat,,,,,,Overcast,198500,1,0,0,2,,,0,,,,,,Auckland Region,Nil,2-way,Sealed,,0,0,,100,,Off,0,0,,76,Auckland,Nil,,,,,0,0,Open,0,,,Light rain,Null
1746752,5920603,27923,,512300,0,0,0,1,0,South,2006/2007,GLORIA AVENUE,THOMAS AVENUE,,Serious Crash,No,2006,0,South,0,0,1,Flat,0,,0,,1,Dark,251300,0,0,0,2,0,0,0,0,0,1,0,0,Auckland Region,Nil,2-way,Sealed,0,0,2,0,50,0,On,0,0,,76,Auckland,Nil,0,0,0,1,0,0,Urban,0,0,0,Fine,Null
1747291,5919532,27924,,512402,0,,0,1,,Null,2005/2006,TE ATATU OFF WBD,TE ATATU ROAD,,Non-Injury Crash,Yes,2006,,West,,0,,Hill Road,,,,,,Overcast,253700,0,0,0,2,,,0,,,,,,Auckland Region,Motorway ramp,1-way,Sealed,,0,0,,50,,None,0,0,,76,Auckland,Give way,,,,,0,0,Urban,1,,,Fine,Null
1747983,5913247,27925,,511100,0,,0,1,,South,2006/2007,EASTGLEN ROAD,PLEASANT ROAD,,Non-Injury Crash,No,2006,,West,,0,,Hill Road,,,,,,Bright sun,287101,0,0,0,2,,,0,,,,,,Auckland Region,Nil,2-way,Sealed,,0,0,,50,,Off,0,0,,76,Auckland,Nil,,,,,0,0,Urban,1,,,Fine,Null
1768512,5900918,27926,,525001,0,,0,2,,North,2006/2007,STATION ROAD,ROSEMARY LANE,,Minor Crash,No,2006,,North,,0,,Flat,,,,,,Overcast,752000,1,0,0,1,,,0,,,,,,Auckland Region,Nil,1-way,Sealed,,0,0,,50,,Off,0,0,,76,Auckland,Give way,,,,,0,0,Urban,0,,,Fine,Null
1770520,5897670,27927,,523920,0,0,0,1,0,South,2005/2006,SH 1N,TAKANINI OFF NBD,,Non-Injury Crash,Yes,2006,0,North,0,0,0,Flat,1,,0,,0,Dark,767919,0,0,0,2,0,0,0,0,0,,0,0,,Nil,1-way,Sealed,0,0,0,0,100,0,On,0,0,,76,Auckland,Nil,0,0,0,1,0,0,Open,0,0,0,Heavy rain,Null
1766136,5907624,27928,,522301,0,,0,3,,North,2005/2006,SH 1N,OTARA OFF NBD,,Non-Injury Crash,Yes,2006,,North,,0,,Flat,,,,,,Overcast,666700,0,0,0,3,,,0,,,,,,Auckland Region,Nil,2-way,Sealed,,0,0,,100,,Off,0,0,,76,Auckland,Nil,,,,,0,0,Open,1,,,Light rain,Null
1768917,5905863,27929,,523712,0,,0,2,,Null,2005/2006,TE IRIRANGI DRIVE,DAWSON ROAD,,Non-Injury Crash,No,2006,,South,,0,,Flat,,,,,,Dark,713013,0,0,0,6,,,0,,,,,,Auckland Region,Nil,2-way,Sealed,,0,0,,50,,On,0,0,,76,Auckland,Traffic Signals,,,,,0,0,Urban,0,,,Fine,Null
1962757,5774403,27930,,542562,0,,0,1,,Null,2005/2006,SH 2,TUITE ROAD,,Non-Injury Crash,Yes,2006,,North,,0,,Flat,,Queens Birthday,,,,Bright sun,1338500,0,0,0,2,,,0,,,,,,Bay of Plenty Region,Nil,2-way,Sealed,,0,0,,100,,Null,0,0,,25,Whakatane District,Nil,,,,,0,0,Open,1,,,Fine,Null