X,Y,OBJECTID,advisorySpeed,areaUnitID,bicycle,bridge,bus,carStationWagon,cliffBank,crashDirectionDescription,crashFinancialYear,crashLocation1,crashLocation2,crashRoadSideRoad,crashSeverity,crashSHDescription,crashYear,debris,directionRoleDescription,ditch,fatalCount,fence,flatHill,guardRail,holiday,houseOrBuilding,intersection,kerb,light,meshblockId,minorInjuryCount,moped,motorcycle,NumberOfLanes,objectThrownOrDropped,otherObject,otherVehicleType,overBank,parkedVehicle,pedestrian,phoneBoxEtc,postOrPole,region,roadCharacter,roadLane,roadSurface,roadworks,schoolBus,seriousInjuryCount,slipOrFlood,speedLimit,strayAnimal,streetLight,suv,taxi,temporarySpeedLimit,tlaId,tlaName,trafficControl,trafficIsland,trafficSign,train,tree,truck,unknownVehicleType,urban,vanOrUtility,vehicle,waterRiver,weatherA,weatherB
1930332,5616634,27931,,547200,1,,0,0,,Null,2005/2006,PUKETAPU ROAD,CHURCH ROAD,,Minor Crash,No,2006,,East,,0,,Flat,,,,,,Bright sun,1456705,1,0,0,2,,,0,,,,,,Hawke's Bay Region,Nil,2-way,Sealed,,0,0,,50,,Null,1,0,,31,Napier City,Give way,,,,,0,0,Urban,0,,,Fine,Null
1881722,5822925,27932,,536505,0,0,0,1,0,East,2006/2007,MATAPIHI ROAD,HUNGAHUNGATOROA ROAD,,Minor Crash,No,2006,0,West,0,0,0,Flat,0,,0,,0,Dark,1205401,1,0,0,2,0,0,0,0,0,,0,0,Bay of Plenty Region,Nil,2-way,Sealed,0,0,0,0,100,0,On,0,0,,23,Tauranga City,Nil,0,0,0,1,0,0,Open,0,0,0,Fine,Null
1759817,5906914,27933,,524111,0,0,0,1,0,Null,2006/2007,ORLY AVENUE,KILLINGTON CRESCENT,,Minor Crash,No,2006,0,East,0,0,1,Flat,0,,0,,0,Overcast,740600,1,0,0,2,0,0,0,0,0,,0,0,Auckland Region,Nil,2-way,Sealed,0,0,0,0,50,0,Off,0,0,,76,Auckland,Nil,0,0,0,1,0,0,Urban,0,0,0,Fine,Null
1753078,5934536,27934,,508701,0,0,0,0,0,North,2006/2007,SH 1N,OTEHA VALLEY OFF NBD,,Non-Injury Crash,Yes,2006,0,North,0,0,0,Hill Road,0,,0,,0,Dark,179000,0,0,0,4,0,0,0,0,0,,0,1,Auckland Region,Nil,1-way,Sealed,0,0,0,0,100,0,On,0,0,,76,Auckland,Nil,0,0,0,0,0,0,Open,1,0,0,Fine,Null
1950333,5790742,27935,,542440,0,0,0,1,0,Null,2006/2007,GOULSTONE ROAD,CRETE ST,,Non-Injury Crash,No,2006,0,West,0,0,1,Flat,0,,0,,0,Overcast,1308200,0,0,0,2,0,0,0,0,0,,1,0,Bay of Plenty Region,Nil,2-way,Sealed,0,0,0,0,50,0,None,0,0,,25,Whakatane District,Nil,0,0,0,0,0,0,Urban,0,0,0,Fine,Null
1945180,5791491,27936,,542520,0,,0,2,,South,2005/2006,SH 30,FORTUNE ROAD,,Non-Injury Crash,Yes,2006,,North,,0,,Flat,,,,,,Bright sun,1297701,0,0,0,2,,,0,,,,,,Bay of Plenty Region,Nil,2-way,Sealed,,0,0,,100,,Null,0,0,,25,Whakatane District,Unknown,,,,,0,0,Open,0,,,Fine,Null
1800336,5815526,27937,,529700,0,,0,2,,North,2005/2006,LONDON ST,TRISTRAM ST,,Non-Injury Crash,No,2006,,North,,0,,Flat,,,,,,Overcast,910700,0,0,0,2,,,0,,,,,,Waikato Region,Nil,2-way,Sealed,,0,0,,50,,Null,0,0,,16,Hamilton City,Unknown,,,,,0,0,Urban,0,,,Fine,Null
1566121,5208593,27938,,585807,0,,0,1,,Null,2005/2006,CONES ROAD,FAWCETTS ROAD,,Minor Crash,No,2006,,South,,0,,Flat,,,,,,Bright sun,2438805,2,0,0,2,,,0,,,,,,Canterbury Region,Nil,2-way,Sealed,,0,0,,100,,Null,1,0,,59,Waimakariri District,Give way,,,,,0,0,Open,0,,,Fine,Null
1765743,5907101,27939,,522301,0,,0,2,,East,2006/2007,EAST TAMAKI ROAD,KONINI AVENUE,,Minor Crash,No,2006,,East,,0,,Flat,,,,,,Dark,666800,3,0,0,4,,,0,,,,,,Auckland Region,Nil,2-way,Sealed,,0,0,,50,,On,0,0,,76,Auckland,Unknown,,,,,0,0,Urban,0,,,Light rain,Null
1770669,5898615,27940,,523920,0,,1,1,,Null,2006/2007,TAKA ST,GREAT SOUTH ROAD,,Non-Injury Crash,No,2006,,East,,0,,Flat,,,,,,Overcast,768001,0,0,0,4,,,0,,,,,,Auckland Region,Nil,2-way,Sealed,,0,0,,50,,Off,0,0,,76,Auckland,Traffic Signals,,,,,0,0,Urban,0,,,Fine,Null
1868733,5551155,27941,,549800,0,,0,2,,South,2005/2006,SH 2,SCHOOL ROAD,,Serious Crash,Yes,2006,,North,,0,,Hill Road,,,,,,Bright sun,1536300,1,0,0,2,,,0,,,,,,Manawatū-Whanganui Region,Nil,2-way,Sealed,,0,1,,100,,Null,0,0,,41,Tararua District,Nil,,,,,0,0,Open,0,,,Fine,Null
1823632,5534463,27942,,562100,0,,0,2,,Null,2006/2007,RAILWAY ROAD,ROBERTS LINE NORTH,,Serious Crash,No,2006,,South,,0,,Flat,,,,,,Overcast,1792202,0,0,0,2,,,0,,,,,,Manawatū-Whanganui Region,Nil,2-way,Sealed,,0,1,,100,,Null,0,0,,40,Palmerston North City,Give way,,,,,0,0,Open,0,,,Light rain,Null
1500637,5138136,27943,,597830,1,,0,1,,Null,2006/2007,BRIDGE ST,WALNUT AVENUE,,Minor Crash,No,2006,,South,,0,,Flat,,,,,,Bright sun,2732900,1,0,0,2,,,0,,,,,,Canterbury Region,Nil,2-way,Sealed,,0,0,,50,,Null,0,0,,63,Ashburton District,Give way,,,,,0,0,Urban,0,,,Fine,Null
1732112,5991492,27944,,505010,0,,0,1,,South,2005/2006,SH 1N,ORUAWHARO ROAD,,Non-Injury Crash,Yes,2006,,South,,0,,Flat,,,,,,Dark,133200,0,0,0,2,,,0,,,,,,Northland Region,Nil,2-way,Unsealed,,0,0,,100,,None,0,0,50,3,Kaipara District,Nil,,,,,0,0,Open,0,,,Heavy rain,Null
1823865,5758786,27945,,531304,0,0,0,1,0,North,2006/2007,NGAROMA ROAD,TOLLEY ROAD,,Minor Crash,No,2006,0,North,0,0,1,Flat,0,,0,,0,Overcast,1004500,4,0,0,2,0,0,0,0,0,,0,0,Waikato Region,Nil,2-way,Sealed,0,0,0,0,100,0,None,0,0,,18,Ōtorohanga District,Nil,0,0,0,1,0,0,Open,0,0,0,Light rain,Null
1757044,5450385,27946,,571900,0,0,0,1,0,Null,2006/2007,SH 1N,JAMES ST,,Serious Crash,Yes,2006,0,South,0,0,1,Flat,0,,0,,0,Bright sun,2069001,0,0,0,4,0,0,0,0,0,,1,0,Wellington Region,Nil,2-way,Sealed,0,0,1,0,100,0,Null,0,0,,44,Porirua City,Give way,1,0,0,0,0,0,Open,0,0,0,Fine,Null
1764645,5903767,27947,,524604,0,,0,2,,North,2006/2007,SH 20,WIRI STATION ROAD,,Non-Injury Crash,Yes,2006,,South,,0,,Flat,,,,,,Bright sun,781200,0,0,0,4,,,0,,,,,,Auckland Region,Nil,2-way,Sealed,,0,0,,80,,Off,0,0,,76,Auckland,Nil,,,,,0,0,Open,0,,,Fine,Null
1738544,6001144,27948,,505021,0,0,0,1,1,North,2006/2007,GARBOLINO ROAD,KAIWAKA MANGAWHAI ROAD,,Minor Crash,No,2006,0,South,0,0,0,Flat,0,,0,,0,Bright sun,133706,2,0,0,2,0,0,0,0,0,,0,0,Northland Region,Nil,2-way,Unsealed,0,0,0,0,100,0,Off,0,0,,3,Kaipara District,Nil,0,0,0,0,0,0,Open,0,0,0,Fine,Null
1757491,5926983,27949,,508010,0,,0,1,,Null,2006/2007,ANZAC ST,BARRYS POINT ROAD,,Minor Crash,No,2006,,West,,0,,Flat,,,,,,Dark,327500,1,0,1,4,,,0,,,,,,Auckland Region,Nil,2-way,Sealed,,0,0,,50,,On,0,0,,76,Auckland,Traffic Signals,,,,,0,0,Urban,0,,,Fine,Null
1792043,5753112,27950,50,531731,0,0,0,0,1,West,2005/2006,RANGITOTO ROAD,TATE ROAD,,Non-Injury Crash,No,2006,0,West,0,0,0,Hill Road,0,,0,,0,Bright sun,1020500,0,0,0,2,0,0,0,0,0,,0,0,Waikato Region,Nil,2-way,Sealed,0,0,0,0,100,0,Null,0,0,,20,Waitomo District,Unknown,0,0,0,0,0,0,Open,1,0,0,Fine,Null
1753764,5917023,27951,,517800,1,,0,1,,Null,2006/2007,NEW NORTH ROAD,KITENUI AVENUE,,Non-Injury Crash,No,2006,,East,,0,,Flat,,,,,,Bright sun,526600,0,0,0,4,,,0,,,,,,Auckland Region,Nil,2-way,Sealed,,0,0,,50,,Off,0,0,,76,Auckland,Stop,,,,,0,0,Urban,0,,,Fine,Null
1800918,5811718,27952,,529300,0,,0,1,,Null,2006/2007,SH 3,TOMIN ROAD,,Minor Crash,Yes,2006,,South,,0,,Flat,,,,,,Overcast,926000,1,0,1,2,,,0,,,,,,Waikato Region,Nil,2-way,Sealed,,0,0,,60,,Off,0,0,,16,Hamilton City,Give way,,,,,0,0,Urban,0,,,Light rain,Null
1751906,5432091,27953,,574002,0,,0,2,,North,2005/2006,SH 2,SH 1N,,Minor Crash,Yes,2006,,West,,0,,Flat,,,,,,Overcast,2078302,1,0,0,2,,,0,,,,,,Wellington Region,Nil,2-way,Sealed,,0,0,,100,,Null,0,0,,47,Wellington City,Nil,,,,,0,0,Open,0,,,Fine,Null
1790534,5754385,27954,,531731,0,0,0,1,0,South,2006/2007,RANGITOTO ROAD,WILLIAM ST,,Non-Injury Crash,No,2006,0,South,0,0,1,Flat,0,,0,,0,Bright sun,1020400,0,0,0,2,0,0,0,0,0,,0,1,Waikato Region,Nil,2-way,Sealed,0,0,0,0,100,0,None,0,0,,20,Waitomo District,Nil,0,0,0,0,0,0,Open,0,0,0,Fine,Null
1571726,5179904,27955,,591500,0,0,0,2,0,Null,2005/2006,Z SHELL FORECOURT,CASHEL ST,,Serious Crash,No,2006,0,West,0,0,0,Flat,0,,0,,0,Overcast,2650100,0,0,0,0,0,0,0,0,1,,0,0,Canterbury Region,Nil,Off road,Sealed,0,0,1,0,30,0,Null,0,0,,60,Christchurch City,Unknown,0,0,0,0,0,0,Urban,0,0,0,Fine,Null
1793949,5802305,27956,,527914,0,0,0,1,0,North,2005/2006,SH 39,COCHRANE ROAD,,Minor Crash,Yes,2006,0,North,0,0,0,Hill Road,0,,0,,1,Overcast,980600,3,0,0,2,0,0,0,0,0,,0,0,Waikato Region,Nil,2-way,Sealed,0,0,0,0,100,0,Null,0,0,,17,Waipa District,Unknown,0,0,0,1,0,0,Open,0,0,0,Light rain,Null
1797363,5819363,27957,,528403,0,,0,1,,North,2005/2006,PUKETE ROAD,TE RAPA ROAD S,,Non-Injury Crash,No,2006,,South,,0,,Flat,,,,,,Overcast,907800,0,0,0,3,,,0,,,,,,Waikato Region,Nil,2-way,Sealed,,0,0,,50,,Null,0,0,,16,Hamilton City,Unknown,,,,,0,0,Urban,1,,,Fine,Null
1769607,5905403,27958,,523712,0,,0,1,,Null,2005/2006,THOMAS ROAD,ASPIRING AVENUE,,Non-Injury Crash,No,2006,,North,,0,,Flat,,,,,,Bright sun,713209,0,0,0,2,,,0,,,,,,Auckland Region,Nil,2-way,Sealed,,0,0,,50,,Off,0,0,,76,Auckland,Stop,,,,,0,0,Urban,1,,,Fine,Null
1756133,5934042,27959,,507300,0,,0,2,,Null,2005/2006,BEACH ROAD,MONTGOMERY AVENUE,,Minor Crash,No,2006,,East,,0,,Hill Road,,,,,,Bright sun,155100,2,0,0,2,,,0,,,,,,Auckland Region,Nil,2-way,Sealed,,0,0,,50,,Off,0,0,,76,Auckland,Give way,,,,,0,0,Urban,0,,,Fine,Null
1755543,5929023,27960,,508510,0,,0,3,,Null,2005/2006,SH 1N,TRISTRAM OBR,,Non-Injury Crash,Yes,2006,,South,,0,,Hill Road,,,,,,Dark,195200,0,0,0,2,,,0,,,,,,Auckland Region,Nil,1-way,Sealed,,0,0,,100,,On,0,0,,76,Auckland,Nil,,,,,1,0,Open,0,,,Fine,Null
1764350,5913591,27961,,520500,0,,0,0,,Null,2005/2006,WAIPUNA ROAD,CARBINE ROAD,,Non-Injury Crash,No,2006,,East,,0,,Flat,,,,,,Overcast,638700,0,0,0,6,,,0,,,,,,Auckland Region,Nil,2-way,Sealed,,0,0,,50,,Off,0,0,,76,Auckland,Traffic Signals,,,,,1,0,Urban,1,,,Fine,Null
1754800,5918899,27962,,515410,0,0,0,1,0,West,2005/2006,SURREY CRESCENT,SELBOURNE ST,,Minor Crash,No,2006,0,West,0,0,0,Flat,0,,0,,0,Bright sun,404400,1,0,0,2,0,0,0,0,0,,0,0,Auckland Region,Nil,2-way,Sealed,0,0,0,0,50,0,Off,0,0,,76,Auckland,School Patrol/warden,1,0,0,0,0,0,Urban,0,0,0,Fine,Null
1880969,5826514,27963,,536821,0,,0,3,,South,2005/2006,SH 2,TASMAN QUAY,,Non-Injury Crash,Yes,2006,,West,,0,,Flat,,,,,,Bright sun,1203700,0,0,0,2,,,0,,,,,,Bay of Plenty Region,Nil,2-way,Sealed,,0,0,,50,,Null,0,0,,23,Tauranga City,Unknown,,,,,0,0,Urban,0,,,Fine,Null
1877154,5820263,27964,,537700,0,,0,1,,South,2006/2007,FRASER ST,ESK ST,,Non-Injury Crash,No,2006,,North,,0,,Hill Road,,,,,,Overcast,1173400,0,0,0,2,,,0,,,,,,Bay of Plenty Region,Nil,2-way,Sealed,,0,0,,50,,Null,0,0,,23,Tauranga City,Unknown,,,,,0,0,Urban,1,,,Light rain,Null
1760386,5906976,27965,,524111,0,,0,2,,South,2006/2007,MASCOT AVENUE,BADER DRIVE,,Serious Crash,No,2006,,South,,0,,Flat,,,,,,Bright sun,740500,0,0,0,2,,,0,,,,,,Auckland Region,Nil,2-way,Sealed,,0,1,,50,,Off,0,0,,76,Auckland,Unknown,,,,,0,0,Urban,0,,,Fine,Null
1758224,5913433,27966,,519710,0,,0,4,,Null,2005/2006,MOUNT SMART ROAD,MANUKAU ROAD,,Non-Injury Crash,No,2006,,East,,0,,Flat,,,,,,Bright sun,594701,0,0,0,2,,,0,,,,,,Auckland Region,Nil,2-way,Sealed,,0,0,,50,,Off,0,0,,76,Auckland,Nil,,,,,0,0,Urban,0,,,Fine,Null
1798280,5882146,27967,,521135,0,0,0,0,0,East,2005/2006,MIRANDA ROAD,MONUMENT ROAD,,Non-Injury Crash,No,2006,0,West,1,0,0,Flat,0,,0,,0,Bright sun,841300,0,0,0,2,0,0,0,0,0,,0,0,Waikato Region,Nil,2-way,Sealed,0,0,0,0,100,0,None,0,0,,13,Waikato District,Nil,0,1,0,0,0,0,Open,1,0,0,Fine,Null
1748784,5935735,27968,,509000,0,0,0,1,0,South,2005/2006,OBRIEN ROAD,COATESVILLE-RIVERHEAD HIG,,Non-Injury Crash,No,2006,0,North,1,0,0,Flat,0,,0,,0,Overcast,179301,0,0,0,2,0,0,0,0,0,,0,0,Auckland Region,Nil,2-way,Sealed,0,0,0,0,80,0,Off,0,0,,76,Auckland,Nil,0,0,0,0,0,0,Open,0,0,0,Fine,Null
1770818,5898470,27969,,523912,0,,0,2,,Null,2005/2006,GREAT SOUTH ROAD,GRAHAM ROAD,,Non-Injury Crash,No,2006,,North,,0,,Flat,,,,,,Bright sun,767600,0,0,0,2,,,0,,,,,,Auckland Region,Nil,2-way,Sealed,,0,0,,50,,Off,0,0,,76,Auckland,Nil,,,,,0,0,Urban,0,,,Fine,Null
1680030,5422176,27970,,580446,0,0,0,1,0,North,2005/2006,SH 1S,FACTORY ROAD,,Minor Crash,Yes,2006,0,South,1,0,0,Flat,0,,0,,0,Bright sun,2279500,1,0,0,2,0,0,0,0,0,,0,0,Marlborough Region,Nil,2-way,Sealed,0,0,0,0,100,0,Null,0,0,,53,Marlborough District,Nil,0,0,0,0,0,0,Open,0,0,0,Fine,Null
1755929,5917813,27971,,517500,0,0,0,2,0,Null,2006/2007,KOWHAI ST,ONSLOW ROAD,,Non-Injury Crash,No,2006,0,West,0,0,0,Flat,0,,0,,0,Overcast,531100,0,0,0,2,0,0,0,0,1,,0,0,Auckland Region,Nil,2-way,Sealed,0,0,0,0,50,0,None,0,0,,76,Auckland,Nil,0,0,0,0,0,0,Urban,0,0,0,Fine,Null
1751034,5914475,27972,,514402,0,0,0,1,0,Null,2005/2006,KELVINSIDE TERRACE,ARRAN ST,,Non-Injury Crash,No,2006,0,North,0,0,0,Flat,0,,0,,0,Dark,381500,0,0,0,2,0,0,0,0,0,,0,1,Auckland Region,Nil,2-way,Sealed,0,0,0,0,50,0,On,0,0,,76,Auckland,Nil,0,0,0,0,0,0,Urban,0,0,0,Fine,Null
1571465,5178334,27973,,594600,0,,0,2,,Null,2005/2006,SH 76,WALTHAM ROAD,,Minor Crash,Yes,2006,,East,,0,,Flat,,Easter,,,,Bright sun,2618700,1,0,0,4,,,0,,,,,,Canterbury Region,Nil,2-way,Sealed,,0,0,,60,,Null,0,0,,60,Christchurch City,Traffic Signals,,,,,0,0,Urban,0,,,Fine,Null
1822665,5866635,27974,,533901,0,,0,2,,West,2005/2006,KAIHERE ROAD,FERRY ROAD,,Non-Injury Crash,No,2006,,South,,0,,Flat,,,,,,Dark,1069600,0,0,0,2,,,0,,,,,,Waikato Region,Nil,2-way,Sealed,,0,0,,100,,On,0,0,,12,Hauraki District,Give way,,,,,0,0,Open,0,,,Fine,Null
1377160,4901376,27975,,606700,0,,0,2,,South,2005/2006,SH 1S,WAIPORI RIV BR,,Serious Crash,Yes,2006,,South,,0,,Flat,,,,,,Overcast,2988000,1,0,0,2,,,0,,,,,,Otago Region,Nil,2-way,Sealed,,0,1,,100,,Null,0,0,,72,Clutha District,Unknown,,,,,0,0,Open,0,,,Fine,Null
1772939,5580466,27976,,555200,0,0,0,1,0,Null,2005/2006,SH 3,VIRGINIA ROAD,,Non-Injury Crash,Yes,2006,0,South,0,0,0,Flat,0,,0,,0,Dark,1682600,0,0,0,2,0,0,0,0,0,,0,0,Manawatū-Whanganui Region,Nil,2-way,Sealed,0,0,0,0,70,0,On,0,0,,37,Whanganui District,Stop,0,1,0,1,0,0,Urban,0,0,0,Fine,Null
1801553,5821420,27977,,527009,0,,0,2,,Null,2005/2006,GORDONTON ROAD,THOMAS ROAD,,Non-Injury Crash,No,2006,,North,,0,,Flat,,,,,,Bright sun,952322,0,0,0,3,,,0,,,,,,Waikato Region,Nil,2-way,Sealed,,0,0,,80,,Null,0,0,,16,Hamilton City,Give way,,,,,0,0,Open,0,,,Fine,Null
1411270,5032889,27978,,600831,0,0,0,1,0,West,2006/2007,SH 83,WAIKAURA CRK BR,,Minor Crash,Yes,2006,0,North,0,0,1,Hill Road,0,,0,,0,Overcast,2849200,1,0,0,2,0,0,0,0,0,,0,1,Canterbury Region,Nil,2-way,Sealed,0,0,0,0,100,0,Null,0,0,,68,Waitaki District,Unknown,0,0,0,0,0,0,Open,0,0,0,Fine,Null
1772705,5896112,27979,,525410,0,,0,2,,Null,2005/2006,EAST ST,WOOD ST,,Non-Injury Crash,No,2006,,North,,0,,Flat,,,,,,Bright sun,792202,0,0,0,2,,,0,,,,,,Auckland Region,Nil,2-way,Sealed,,0,0,,50,,Off,0,0,,76,Auckland,Stop,,,,,0,0,Urban,0,,,Null,Null
1798632,5862047,27980,,527210,0,0,0,1,0,North,2005/2006,KEITH ROAD,WAERENGA ROAD W,,Fatal Crash,No,2006,0,North,1,2,0,Hill Road,0,,0,,0,Dark,936900,0,0,0,2,0,0,0,0,0,,0,0,Waikato Region,Nil,2-way,Sealed,0,0,2,0,100,0,None,0,0,,13,Waikato District,Nil,0,0,0,0,0,0,Open,0,0,0,Fine,Null
1756036,5926847,27981,,508620,0,,0,1,,East,2005/2006,NORTHCOTE ROAD,SUNNYBRAE ROAD,,Non-Injury Crash,No,2006,,East,,0,,Flat,,,,,,Bright sun,204500,0,0,0,3,,,0,,,,,,Auckland Region,Nil,2-way,Sealed,,0,0,,50,,Off,0,0,,76,Auckland,Nil,,,,,1,0,Urban,0,,,Fine,Null
1756796,5920783,27982,,514101,0,,0,3,,West,2006/2007,FANSHAWE ST,CUSTOMS ST WEST W,,Non-Injury Crash,No,2006,,West,,0,,Flat,,,,,,Dark,440114,0,0,0,4,,,0,,,,,,Auckland Region,Nil,2-way,Sealed,,0,0,,50,,On,0,0,,76,Auckland,Nil,,,,,0,0,Urban,0,,,Fine,Null
1576878,5235454,27983,,585700,0,,0,0,,North,2006/2007,SH 7,BAIN ROAD,,Serious Crash,Yes,2006,,South,,0,,Flat,,,,,,Bright sun,2435602,0,0,1,2,,,0,,,,,,Canterbury Region,Nil,2-way,Sealed,,0,1,,100,,Null,0,0,,58,Hurunui District,Unknown,,,,,0,0,Open,0,,,Fine,Strong wind
1753754,5928426,27984,,508210,0,,0,1,,South,2005/2006,GLENFIELD ROAD,CHIVALRY ROAD,,Non-Injury Crash,No,2006,,South,,0,,Hill Road,,,,,,Dark,186301,0,0,0,2,,,0,,,,,,Auckland Region,Nil,2-way,Sealed,,0,0,,50,,On,1,0,,76,Auckland,Unknown,,,,,0,0,Urban,0,,,Fine,Null
1801844,5814959,27985,,530200,0,,0,2,,Null,2005/2006,GREY ST,BRIDGE ST,,Minor Crash,No,2006,,North,,0,,Flat,,,,,,Dark,892800,1,0,0,3,,,0,,,,,,Waikato Region,Nil,2-way,Sealed,,0,0,,50,,On,0,0,,16,Hamilton City,Traffic Signals,,,,,0,0,Urban,0,,,Fine,Null
1243706,4850706,27986,,610900,0,,0,2,,Null,2005/2006,ST ANDREW ST,SYDNEY ST,,Minor Crash,No,2006,,South,,0,,Flat,,,,,,Dark,3127500,2,0,0,2,,,0,,,,,,Southland Region,Nil,2-way,Sealed,,0,0,,50,,On,0,0,,75,Invercargill City,Give way,,,,,0,0,Urban,0,,,Light rain,Null
1568313,5183889,27987,,591900,0,,0,4,,South,2005/2006,PAPANUI ROAD,HAREWOOD ROAD,,Minor Crash,No,2006,,North,,0,,Flat,,,,,,Overcast,2663000,1,0,0,3,,,0,,,,,,Canterbury Region,Nil,2-way,Sealed,,0,0,,50,,Null,0,0,,60,Christchurch City,Unknown,,,,,0,0,Urban,0,,,Fine,Null
1571374,5179479,27988,,591500,0,,0,1,,Null,2005/2006,BARBADOES ST,FERRY ROAD,,Minor Crash,No,2006,,West,,0,,Flat,,,,,,Twilight,2650900,1,0,1,2,,,0,,,,,,Canterbury Region,Nil,2-way,Sealed,,0,0,,50,,Off,0,0,,60,Christchurch City,Traffic Signals,,,,,0,0,Urban,0,,,Fine,Null
1769932,5914649,27989,,522722,0,0,0,2,0,North,2005/2006,Z CPK HIGHLAND PARK SC,HIGHLAND PARK DRIVE,,Non-Injury Crash,No,2006,0,South,0,0,0,Flat,0,,0,,0,Overcast,681308,0,0,0,0,0,0,0,0,1,,0,0,Auckland Region,Nil,Off road,Sealed,0,0,0,0,30,0,Off,0,0,,76,Auckland,Nil,0,0,0,0,0,0,Urban,0,0,0,Fine,Null
1777135,5740920,27990,,531720,0,0,0,0,1,South,2005/2006,SH 3,MANGAKOWHAI ROAD,,Minor Crash,Yes,2006,0,North,0,0,0,Flat,0,,0,,0,Overcast,1017600,1,0,0,2,0,0,0,0,0,,0,0,Waikato Region,Nil,2-way,Sealed,0,0,0,0,100,0,Null,0,0,,20,Waitomo District,Unknown,0,0,0,0,0,0,Open,1,0,0,Fine,Null
1746661,5428566,27991,,574800,0,0,0,1,0,South,2006/2007,CHAYTOR ST,KARORI ROAD,,Serious Crash,No,2006,0,East,0,0,1,Hill Road,0,,0,,0,Overcast,2106000,0,0,0,2,0,0,0,0,0,1,0,0,Wellington Region,Nil,2-way,Sealed,0,0,2,0,50,0,Null,0,0,,47,Wellington City,Nil,0,0,0,0,0,0,Urban,0,0,0,Light rain,Null
1754515,5924786,27992,,510500,0,,0,2,,Null,2006/2007,ONEWA ROAD,PARK AVENUE,,Minor Crash,No,2006,,East,,0,,Flat,,,,,,Bright sun,356002,2,0,0,2,,,0,,,,,,Auckland Region,Nil,2-way,Sealed,,0,0,,50,,Null,0,0,,76,Auckland,Stop,,,,,0,0,Urban,0,,,Fine,Null
1813475,5798388,27993,75,527934,0,0,0,1,0,South,2006/2007,CAMBRIDGE ROAD,MCLARNON ROAD,,Minor Crash,No,2006,0,North,1,0,1,Flat,0,,0,,0,Bright sun,988100,2,0,0,2,0,0,0,0,0,,0,0,Waikato Region,Nil,2-way,Sealed,0,0,0,0,100,0,None,0,0,,17,Waipa District,Nil,0,0,0,0,0,0,Open,0,0,0,Fine,Null
1838198,5684198,27994,,541348,0,0,0,0,0,West,2005/2006,SH 41,WAIHI ROAD,,Non-Injury Crash,Yes,2006,0,West,0,0,0,Hill Road,0,,0,,0,Overcast,1288701,0,0,0,2,0,0,0,0,0,,0,0,Waikato Region,Nil,2-way,Sealed,0,0,0,0,100,0,Null,0,0,,21,Taupo District,Nil,0,0,0,1,0,0,Open,1,0,0,Light rain,Null
1558543,5177943,27995,,587830,0,,0,0,,Null,2006/2007,SH 1S,BARTERS ROAD,,Minor Crash,Yes,2006,,North,,0,,Flat,,,,,,Bright sun,2498400,1,0,0,2,,,0,,,,,,Canterbury Region,Nil,2-way,Sealed,,0,0,,100,,Null,1,0,,60,Christchurch City,Stop,,,,,0,0,Open,1,,,Fine,Null
1600942,5449158,27996,,584303,0,,0,1,,South,2006/2007,SH 60,POOLE ST,,Serious Crash,Yes,2006,,South,,0,,Flat,,,,,,Bright sun,2376600,2,0,0,2,,,0,,,,,,Tasman Region,Nil,2-way,Sealed,,0,1,,50,,Null,1,0,,51,Tasman District,Nil,,,,,0,0,Urban,0,,,Fine,Null
1729572,6054609,27997,55,501814,0,0,0,0,0,East,2006/2007,NGUNGURU ROAD,WAIPOKA ROAD,,Minor Crash,No,2006,0,South,1,0,0,Flat,0,,0,,0,Dark,62600,1,0,0,2,0,0,0,0,0,,0,0,Northland Region,Nil,2-way,Sealed,0,0,0,0,100,0,None,0,0,,2,Whangarei District,Nil,0,0,0,1,0,0,Open,1,0,0,Fine,Null
1749299,5432360,27998,,574200,0,,0,2,,Null,2005/2006,KHANDALLAH ROAD,NGATOTO ST,,Minor Crash,No,2006,,West,,0,,Flat,,,,,,Overcast,2088300,1,0,0,2,,,0,,,,,,Wellington Region,Nil,2-way,Sealed,,0,0,,50,,Null,0,0,,47,Wellington City,Give way,,,,,0,0,Urban,1,,,Fine,Null
1843659.8292,5801211.6675,27999,,535242,0,0,0,1,0,South,2005/2006,SH 27,SH 29,,Minor Crash,Yes,2006,0,South,0,0,1,Flat,0,,0,,0,Overcast,1116701,2,0,0,2,0,0,0,0,0,,0,0,Waikato Region,Nil,2-way,Sealed,0,0,0,0,100,0,Null,0,0,,15,Matamata-Piako District,Unknown,0,0,0,0,0,0,Open,1,0,0,Fine,Null
1693019,5665712,28000,,551112,0,,0,0,,South,2005/2006,MANGOREI ROAD,BAKER ROAD,,Minor Crash,No,2006,,South,,0,,Flat,,,,,,Twilight,1558100,1,0,1,2,,,0,,,,,,Taranaki Region,Nil,2-way,Sealed,,0,0,,100,,None,0,0,,33,New Plymouth District,Nil,,,,,1,0,Open,0,,,Fine,Null
1750477,5913742,28001,,511303,0,,0,2,,Null,2005/2006,PORTAGE ROAD,CLARK ST,,Non-Injury Crash,No,2006,,North,,0,,Flat,,,,,,Bright sun,265100,0,0,0,2,,,0,,,,,,Auckland Region,Nil,2-way,Sealed,,0,0,,50,,Off,0,0,,76,Auckland,Give way,,,,,0,0,Urban,0,,,Fine,Null