X,Y,OBJECTID,advisorySpeed,areaUnitID,bicycle,bridge,bus,carStationWagon,cliffBank,crashDirectionDescription,crashFinancialYear,crashLocation1,crashLocation2,crashRoadSideRoad,crashSeverity,crashSHDescription,crashYear,debris,directionRoleDescription,ditch,fatalCount,fence,flatHill,guardRail,holiday,houseOrBuilding,intersection,kerb,light,meshblockId,minorInjuryCount,moped,motorcycle,NumberOfLanes,objectThrownOrDropped,otherObject,otherVehicleType,overBank,parkedVehicle,pedestrian,phoneBoxEtc,postOrPole,region,roadCharacter,roadLane,roadSurface,roadworks,schoolBus,seriousInjuryCount,slipOrFlood,speedLimit,strayAnimal,streetLight,suv,taxi,temporarySpeedLimit,tlaId,tlaName,trafficControl,trafficIsland,trafficSign,train,tree,truck,unknownVehicleType,urban,vanOrUtility,vehicle,waterRiver,weatherA,weatherB
1759231,5884249,28002,75,521152,0,,0,1,,West,2006/2007,GLENBROOK ROAD,KINGSEAT ROAD,,Minor Crash,No,2006,,East,,0,,Flat,,,,,,Overcast,812500,3,0,0,2,,,0,,,,,,Auckland Region,Nil,2-way,Sealed,,0,0,,100,,None,1,0,,76,Auckland,Nil,,,,,0,0,Open,0,,,Heavy rain,Null
1830894,5504337,28003,,578200,0,0,0,1,0,Null,2006/2007,SH 2,TE AWE AWE ROAD,,Minor Crash,Yes,2006,0,South,1,0,0,Flat,0,,0,,0,Overcast,2226700,1,0,0,2,0,0,0,0,0,,0,0,Manawatū-Whanganui Region,Nil,2-way,Sealed,0,0,0,0,100,0,Null,0,0,,41,Tararua District,Nil,0,0,0,0,0,0,Open,0,0,0,Fine,Null
1459761,5087732,28004,,598700,0,0,0,1,0,Null,2005/2006,SEADOWN ROAD,HOLMGLEN ST,,Minor Crash,No,2006,0,North,0,0,0,Flat,0,,0,,0,Twilight,2773700,1,0,0,2,0,0,0,0,0,,0,1,Canterbury Region,Nil,2-way,Sealed,0,0,0,0,50,0,Off,0,0,,64,Timaru District,Nil,0,0,0,0,0,0,Urban,0,0,0,Fine,Null
1406207,4916756,28005,,603000,0,,0,1,,Null,2006/2007,PRINCES ST,MORAY PLACE,,Serious Crash,No,2006,,North,,0,,Flat,,,,,,Overcast,2899300,0,0,0,3,,,0,,,1,,,Otago Region,Nil,2-way,Sealed,,0,1,,50,,Null,0,0,,71,Dunedin City,Traffic Signals,,,,,0,0,Urban,0,,,Light rain,Null
1705796,6039898,28006,,501809,0,0,0,1,0,North,2005/2006,SH 14,WHATITIRI ROAD,,Non-Injury Crash,Yes,2006,0,West,0,0,1,Flat,0,,0,,0,Bright sun,72300,0,0,0,2,0,0,0,0,0,,0,1,Northland Region,Nil,2-way,Sealed,0,0,0,0,100,0,None,0,0,,2,Whangarei District,Nil,0,0,0,0,0,0,Open,0,0,0,Fine,Null
1754043,5931375,28007,,508807,0,,0,2,,Null,2005/2006,SH 18,UPPER HWY ON NBD E,,Minor Crash,Yes,2006,,East,,0,,Flat,,,,,,Bright sun,180810,1,0,0,4,,,0,,,,,,Auckland Region,Motorway ramp,2-way,Sealed,,0,0,,60,,Off,0,0,,76,Auckland,Traffic Signals,,,,,0,0,Urban,0,,,Fine,Null
1757263,5918165,28008,,518101,0,,0,0,,Null,2006/2007,NORMANBY ROAD,ENFIELD ST,,Non-Injury Crash,No,2006,,South,,0,,Flat,,,,,,Dark,542600,0,0,0,2,,,0,,,,,,Auckland Region,Nil,2-way,Sealed,,0,0,,50,,On,0,0,,76,Auckland,Nil,,,,,0,0,Urban,1,,,Light rain,Null
1406437,4917397,28009,,603100,0,,0,1,,Null,2006/2007,GEORGE ST,HANOVER ST,,Minor Crash,No,2006,,East,,0,,Flat,,,,,,Bright sun,2902300,1,0,0,2,,,0,,,1,,,Otago Region,Nil,2-way,Sealed,,0,0,,30,,Null,0,0,,71,Dunedin City,Traffic Signals,,,,,0,0,Urban,0,,,Fine,Null
1746394,5924454,28010,,513522,0,,0,2,,Null,2006/2007,MARINA VIEW DRIVE,MANSION COURT,,Non-Injury Crash,No,2006,,North,,0,,Flat,,,,,,Overcast,224230,0,0,0,2,,,0,,,,,,Auckland Region,Nil,2-way,Sealed,,0,0,,50,,Off,0,0,,76,Auckland,Nil,,,,,0,0,Urban,0,,,Heavy rain,Null
1820549,5577130,28011,85,559220,0,0,0,1,0,North,2005/2006,SH 1N,KOTUKUTUKU ROAD,,Minor Crash,Yes,2006,0,North,0,0,1,Flat,0,,0,,0,Dark,1747800,2,0,0,2,0,0,0,0,0,,0,0,Manawatū-Whanganui Region,Nil,2-way,Sealed,0,0,0,0,100,0,None,0,0,,38,Rangitikei District,Nil,0,1,0,0,0,0,Open,0,0,0,Fine,Frost
1730107,6029499,28012,,501811,0,0,0,1,0,East,2005/2006,MCCATHIE ROAD,PORT MARSDEN HIGHWAY,,Minor Crash,No,2006,0,West,1,0,1,Flat,0,,0,,0,Overcast,79202,1,0,0,2,0,0,0,0,0,,0,1,Northland Region,Nil,2-way,Sealed,0,0,0,0,100,0,Off,0,0,,2,Whangarei District,Nil,0,0,0,0,0,0,Open,0,0,0,Fine,Null
1770433,5911281,28013,,523109,0,,0,1,,East,2005/2006,TI RAKAU DRIVE,TE IRIRANGI DRIVE,,Non-Injury Crash,No,2006,,West,,0,,Flat,,,,,,Overcast,711709,0,0,0,8,,,0,,,,,,Auckland Region,Nil,2-way,Sealed,,0,0,,50,,Off,1,0,,76,Auckland,Nil,,,,,0,0,Urban,0,,,Fine,Null
1772006,5894059,28014,,521201,0,0,0,1,0,South,2006/2007,SH 1N,PAPAKURA OFF NBD,,Non-Injury Crash,Yes,2006,0,North,0,0,1,Flat,0,,0,,0,Overcast,806800,0,0,0,2,0,0,0,0,0,,0,0,Auckland Region,Nil,1-way,Sealed,0,0,0,0,100,0,Off,0,0,,76,Auckland,Nil,0,0,0,0,0,0,Open,0,0,0,Light rain,Null
1803924,5803937,28015,,527932,0,,0,2,,South,2005/2006,SH 3,SH 21,,Minor Crash,Yes,2006,,South,,0,,Flat,,,,,,Twilight,985100,1,0,0,4,,,0,,,,,,Waikato Region,Nil,2-way,Sealed,,0,0,,100,,None,0,0,,17,Waipa District,Unknown,,,,,0,0,Open,1,,,Fine,Null
1757794,5912152,28016,,519810,0,,0,3,,North,2006/2007,SH 20,QUEENSTOWN OFF NBD,,Minor Crash,Yes,2006,,North,,0,,Hill Road,,Christmas New Year,,,,Overcast,602501,1,0,0,2,,,0,,,,,,Auckland Region,Nil,1-way,Sealed,,0,0,,100,,Off,0,0,,76,Auckland,Nil,,,,,0,0,Open,0,,,Light rain,Null
1748792,5426917,28017,,573101,0,,1,1,,Null,2006/2007,TARANAKI ST,VIVIAN ST,,Non-Injury Crash,Yes,2006,,North,,0,,Flat,,,,,,Overcast,2133800,0,0,0,5,,,0,,,,,,Wellington Region,Nil,2-way,Sealed,,0,0,,50,,Null,0,0,,47,Wellington City,Traffic Signals,,,,,0,0,Urban,0,,,Fine,Null
1871067,5784536,28018,,538811,0,,0,0,,East,2006/2007,OTUROA ROAD,SH 5,,Serious Crash,No,2006,,East,,0,,Flat,,,,,,Overcast,1249901,0,0,1,2,,,0,,,,,,Bay of Plenty Region,Nil,2-way,Sealed,,0,1,,100,,Null,0,0,,24,Rotorua District,Unknown,,,,,0,0,Open,0,,,Fine,Null
1761097,5914304,28019,,520202,0,0,0,1,0,South,2005/2006,GREAT SOUTH ROAD,GT SOUTH LINK,,Minor Crash,No,2006,0,North,0,0,0,Flat,0,,0,,0,Dark,612300,1,0,0,4,0,0,0,0,0,,0,0,Auckland Region,Nil,2-way,Sealed,0,0,0,0,50,0,On,0,0,,76,Auckland,Nil,0,1,0,0,0,0,Urban,0,0,0,Fine,Null
1765887,5907895,28020,,522301,0,,0,2,,North,2005/2006,SH 1N,OTARA ON NBD,,Non-Injury Crash,Yes,2006,,North,,0,,Flat,,,,,,Twilight,666700,0,0,0,3,,,0,,,,,,Auckland Region,Nil,2-way,Sealed,,0,0,,100,,On,0,0,,76,Auckland,Nil,,,,,0,0,Open,0,,,Fine,Null
1718806,6033817,28021,,501809,0,0,0,0,0,North,2006/2007,SH 1N,OAKLEIGH WHARF ROAD,,Non-Injury Crash,Yes,2006,0,South,0,0,0,Hill Road,0,,0,,0,Bright sun,74900,0,0,0,3,0,0,0,0,0,,0,0,Northland Region,Nil,2-way,Sealed,0,0,0,0,100,0,Off,1,0,,2,Whangarei District,Nil,0,1,0,0,0,0,Open,0,0,0,Fine,Null
1820953,5530873,28022,,562401,0,,0,2,,Null,2006/2007,SH 3,TREMAINE AVENUE,,Minor Crash,Yes,2006,,West,,0,,Flat,,,,,,Overcast,1832600,1,0,0,2,,,0,,,,,,Manawatū-Whanganui Region,Nil,2-way,Sealed,,0,0,,50,,Null,0,0,,40,Palmerston North City,Traffic Signals,,,,,0,0,Urban,0,,,Fine,Null
1823777,5463550,28023,,578600,0,0,0,3,0,South,2005/2006,PERRY ST,MILLER PLACE,,Non-Injury Crash,No,2006,0,North,0,0,0,Flat,0,,0,,0,Bright sun,2244100,0,0,0,2,0,0,0,0,1,,0,0,Wellington Region,Nil,2-way,Sealed,0,0,0,0,50,0,Null,0,0,,48,Masterton District,Nil,0,0,0,0,0,0,Urban,0,0,0,Fine,Null
1883390,5826002,28024,,536821,0,,0,1,,West,2006/2007,SH 2,SPUR AVENUE,,Minor Crash,Yes,2006,,South,,0,,Flat,,,,,,Bright sun,1204401,1,0,0,4,,,0,,,,,,Bay of Plenty Region,Nil,2-way,Sealed,,0,0,,70,,Null,0,0,,23,Tauranga City,Unknown,,,,,1,0,Urban,0,,,Fine,Null
1797422,5819605,28025,,528403,0,,0,1,,North,2005/2006,PUKETE ROAD,PERCLO PLACE,,Minor Crash,No,2006,,North,,0,,Flat,,,,,,Overcast,907401,1,0,0,2,,,0,,,,,,Waikato Region,Nil,2-way,Sealed,,0,0,,50,,Null,1,0,,16,Hamilton City,Unknown,,,,,0,0,Urban,0,,,Fine,Null
1405075,4912810,28026,,604500,0,0,0,1,0,South,2006/2007,BEACH ST,SANDRINGHAM ST,,Minor Crash,No,2006,0,North,0,0,0,Flat,0,,0,,0,Overcast,2927400,1,0,0,2,0,0,0,0,1,,0,0,Otago Region,Nil,2-way,Sealed,0,0,0,0,50,0,Null,0,0,,71,Dunedin City,Unknown,0,0,0,0,0,0,Urban,1,0,0,Light rain,Null
1884544,5825466,28027,,536831,0,,0,2,,Null,2005/2006,TAUPO AVENUE,MARLIN ST,,Non-Injury Crash,No,2006,,South,,0,,Flat,,Easter,,,,Dark,1202500,0,0,0,2,,,0,,,,,,Bay of Plenty Region,Nil,2-way,Sealed,,0,0,,50,,On,0,0,,23,Tauranga City,Give way,,,,,0,0,Urban,0,,,Fine,Null
1768577,5899896,28028,,525101,0,0,0,1,0,West,2006/2007,TAWA CRESCENT,TOTARA ROAD,,Non-Injury Crash,No,2006,0,North,0,0,1,Flat,0,,0,,0,Dark,770000,0,0,0,2,0,0,0,0,0,,0,0,Auckland Region,Nil,2-way,Sealed,0,0,0,0,50,0,On,0,0,,76,Auckland,Nil,0,0,0,0,0,0,Urban,0,0,0,Fine,Null
1646473,5439940,28029,,580446,0,0,0,1,1,Null,2005/2006,SH 6,RAI SDL,,Minor Crash,Yes,2006,0,North,0,0,0,Hill Road,0,,0,,0,Overcast,2284200,1,0,0,2,0,0,0,0,0,,0,0,Marlborough Region,Nil,2-way,Sealed,0,0,0,0,100,0,Null,0,0,,53,Marlborough District,Nil,0,0,0,0,0,0,Open,0,0,0,Fine,Null
1769399,5902224,28030,,524901,0,,0,1,,North,2005/2006,SH 1N,MANUREWA ON NBD,,Minor Crash,Yes,2006,,North,,0,,Hill Road,,,,,,Bright sun,755600,1,0,0,3,,,0,,,,,,Auckland Region,Nil,1-way,Sealed,,0,0,,100,,Off,1,0,,76,Auckland,Nil,,,,,0,0,Open,0,,,Fine,Null
1765561,5440967,28031,,568201,0,,0,2,,North,2005/2006,EASTERN HUTT ROAD,HIGH ST,,Non-Injury Crash,No,2006,,North,,0,,Flat,,,,,,Bright sun,1935000,0,0,0,2,,,0,,,,,,Wellington Region,Nil,2-way,Sealed,,0,0,,80,,Null,0,0,,46,Lower Hutt City,Nil,,,,,0,0,Open,0,,,Fine,Null
1760272,5923392,28032,,509400,1,,0,1,,Null,2006/2007,LAKE ROAD,ARIHO TERRACE,,Minor Crash,No,2006,,South,,0,,Hill Road,,,,,,Twilight,331500,1,0,0,2,,,0,,,,,,Auckland Region,Nil,2-way,Sealed,,0,0,,50,,Off,0,0,,76,Auckland,Give way,,,,,0,0,Urban,0,,,Fine,Null
1715399,6066411,28033,,501814,0,,0,3,,South,2005/2006,SH 1N,PUHIPUHI ROAD,,Minor Crash,Yes,2006,,North,,0,,Flat,,,,,,Dark,60500,4,0,0,2,,,0,,,,,,Northland Region,Bridge,2-way,Sealed,,0,0,,100,,None,0,0,,2,Whangarei District,Nil,,,,,0,0,Open,0,,,Fine,Null
1569912,5179668,28034,,591500,0,,0,0,,Null,2006/2007,ANTIGUA ST,TUAM ST,,Serious Crash,No,2006,,North,,0,,Flat,,,,,,Bright sun,2648400,0,0,0,3,,,0,,,1,,,Canterbury Region,Nil,2-way,Sealed,,0,1,,50,,Null,1,0,,60,Christchurch City,Traffic Signals,,,,,0,0,Urban,0,,,Fine,Null
1851507,5765092,28035,,535350,0,,0,0,,Null,2005/2006,SH 32,BABERTON ST,,Non-Injury Crash,Yes,2006,,East,,0,,Flat,,,,,,Bright sun,1144100,0,0,0,2,,,0,,,,,,Waikato Region,Nil,2-way,Sealed,,0,0,,50,,Null,0,0,,19,South Waikato District,Give way,,,,,0,0,Urban,2,,,Fine,Null
1763026,5915001,28036,,520401,0,,0,3,,East,2006/2007,ELLERSLIE-PANMURE HIGHWAY,STANHOPE ROAD,,Non-Injury Crash,No,2006,,East,,0,,Flat,,,,,,Twilight,644000,0,0,0,4,,,0,,,,,,Auckland Region,Nil,2-way,Sealed,,0,0,,50,,On,0,0,,76,Auckland,Nil,,,,,0,0,Urban,0,,,Light rain,Null
1568956,5182939,28037,,592100,0,,0,2,,Null,2005/2006,PAPANUI ROAD,NORMANS ROAD,,Minor Crash,No,2006,,North,,0,,Flat,,,,,,Overcast,2672700,1,0,0,3,,,0,,,,,,Canterbury Region,Nil,2-way,Sealed,,0,0,,50,,Null,0,0,,60,Christchurch City,Give way,,,,,0,0,Urban,0,,,Mist or Fog,Null
1747712,5435770,28038,,577700,0,0,0,1,1,South,2006/2007,TAKARAU GORGE ROAD,RIFLE RANGE ROAD,,Minor Crash,No,2006,0,South,0,0,1,Flat,0,,0,,0,Twilight,2116900,1,0,0,2,0,0,0,0,0,,0,0,Wellington Region,Nil,2-way,Unsealed,0,0,0,0,100,0,None,1,0,,47,Wellington City,Nil,0,0,0,0,0,0,Open,0,0,0,Fine,Null
1771474,5915270,28039,,521601,0,,0,2,,Null,2006/2007,BLEAKHOUSE PLACE,RIDGE ROAD,,Non-Injury Crash,No,2006,,East,,0,,Flat,,,,,,Bright sun,646000,0,0,0,2,,,0,,,,,,Auckland Region,Nil,2-way,Sealed,,0,0,,50,,Off,0,0,,76,Auckland,Traffic Signals,,,,,0,0,Urban,0,,,Fine,Null
1798089,5816148,28040,,528501,0,0,0,1,0,Null,2005/2006,AVALON DRIVE,ELLICOTT ROAD,,Non-Injury Crash,No,2006,0,North,0,0,0,Flat,0,,0,,0,Overcast,905300,0,0,0,3,0,0,0,0,0,,0,0,Waikato Region,Nil,2-way,Sealed,0,0,0,0,50,0,Null,0,0,,16,Hamilton City,Traffic Signals,0,0,0,1,0,0,Urban,0,0,0,Light rain,Null
1696735,5677629,28041,,551012,0,0,0,1,1,East,2005/2006,SH 3,VICKERS ROAD,,Non-Injury Crash,Yes,2006,0,East,0,0,0,Hill Road,0,,0,,0,Dark,1559400,0,0,0,2,0,0,0,0,0,,0,0,Taranaki Region,Nil,2-way,Sealed,0,0,0,0,80,0,None,0,0,,33,New Plymouth District,Nil,0,0,0,0,0,0,Open,0,0,0,Light rain,Null
1930367,5604176,28042,,548300,0,,0,2,,Null,2005/2006,HERETAUNGA ST EAST,RIVERSLEA ROAD,,Minor Crash,No,2006,,North,,0,,Flat,,,,,,Dark,1501600,3,0,0,2,,,0,,,,,,Hawke's Bay Region,Nil,2-way,Sealed,,0,0,,50,,On,0,0,,30,Hastings District,Stop,,,,,0,0,Urban,0,,,Fine,Null
1751373,5433137,28043,,574303,0,0,0,2,0,South,2006/2007,SH 1N,ABATTOIRS ROAD,,Minor Crash,Yes,2006,0,North,0,0,0,Hill Road,1,Christmas New Year,0,,0,Overcast,2088705,1,0,0,3,0,0,0,0,0,,0,0,Wellington Region,Nil,1-way,Sealed,0,0,0,0,80,0,Null,0,0,,47,Wellington City,Nil,1,1,0,0,0,0,Open,0,0,0,Fine,Null
1757425,5918760,28044,,514302,0,,0,2,,South,2005/2006,SH 1N,WELLESLEY OFF NBD,,Non-Injury Crash,Yes,2006,,North,,0,,Flat,,,,,,Twilight,442500,0,0,0,2,,,0,,,,,,Auckland Region,Nil,2-way,Sealed,,0,0,,80,,On,0,0,,76,Auckland,Nil,,,,,0,0,Open,0,,,Fine,Null
1756813,5919469,28045,,514102,0,,0,2,,Null,2005/2006,KARANGAHAPE ROAD,PITT ST,,Non-Injury Crash,No,2006,,West,,0,,Flat,,,,,,Dark,435700,0,0,0,6,,,0,,,,,,Auckland Region,Nil,2-way,Sealed,,0,0,,50,,On,0,0,,76,Auckland,Traffic Signals,,,,,0,0,Urban,0,,,Fine,Null
1723591,6041333,28046,,504100,0,,0,0,,Null,2005/2006,CHURCH ST,RAURIMU AVENUE,,Non-Injury Crash,No,2006,,East,,0,,Flat,,,,,,Dark,111700,0,0,0,2,,,0,,,,,,Northland Region,Nil,2-way,Sealed,,0,0,,50,,On,1,0,,2,Whangarei District,Nil,,,,,0,0,Urban,0,,,Light rain,Null
1757030,5916813,28047,,518202,0,0,0,2,0,Null,2006/2007,MOUNT EDEN ROAD,ESSEX ROAD,,Non-Injury Crash,No,2006,0,South,0,0,0,Flat,0,,0,,0,Bright sun,550200,0,0,0,4,0,0,0,0,0,,0,0,Auckland Region,Nil,2-way,Sealed,0,0,0,0,50,0,Off,0,0,,76,Auckland,Traffic Signals,0,0,0,0,0,0,Urban,0,1,0,Fine,Null
1286543,4886727,28048,,610230,0,,0,0,,Null,2005/2006,SH 1S,MERSEY ST,,Minor Crash,Yes,2006,,North,,0,,Flat,,,,,,Bright sun,3061300,1,0,0,2,,,0,,,,,,Southland Region,Nil,2-way,Sealed,,0,0,,50,,Null,1,0,,74,Gore District,Give way,,,,,0,0,Urban,1,,,Fine,Null
1756121,5919387,28049,,514000,0,,0,1,,East,2006/2007,HOPETOUN ST,PONSONBY ROAD,,Minor Crash,No,2006,,East,,0,,Flat,,,,,,Overcast,413800,1,0,0,4,,,0,,,1,,,Auckland Region,Nil,2-way,Sealed,,0,0,,50,,On,0,0,,76,Auckland,Nil,,,,,0,0,Urban,0,,,Light rain,Null
1754254,5918542,28050,,515431,0,0,0,2,0,Null,2005/2006,GREAT NORTH ROAD,BULLOCK TRACK,,Non-Injury Crash,No,2006,0,North,0,0,0,Flat,0,,0,,0,Bright sun,405000,0,0,0,3,0,0,0,0,0,,0,1,Auckland Region,Nil,2-way,Sealed,0,0,0,0,50,0,Null,0,0,,76,Auckland,Stop,0,0,0,0,0,0,Urban,0,0,0,Fine,Null
1838450,5792312,28051,,535250,0,0,0,1,0,South,2006/2007,SH 1N,PUKETIRAU ROAD,,Non-Injury Crash,Yes,2006,0,East,0,0,1,Hill Road,0,,0,,0,Dark,1125200,0,0,0,2,0,0,0,0,0,,0,0,Waikato Region,Nil,2-way,Sealed,0,0,0,0,100,0,None,0,0,,19,South Waikato District,Nil,0,0,0,0,0,0,Open,0,0,0,Mist or Fog,Frost
1759265,5906548,28052,,524200,0,,0,1,,Null,2005/2006,SH 20A,KIRKBRIDE ROAD,,Non-Injury Crash,Yes,2006,,North,,0,,Flat,,,,,,Dark,726400,0,0,0,6,,,0,,,,,,Auckland Region,Nil,2-way,Sealed,,0,0,,80,,On,1,0,,76,Auckland,Traffic Signals,,,,,0,0,Open,0,,,Fine,Null
1425362,4961301,28053,,601301,0,,0,1,,Null,2006/2007,SH 1S,BUSHEY PARK ROAD,,Fatal Crash,Yes,2006,,East,,1,,Flat,,,,,,Dark,2853800,2,0,0,2,,,0,,,,,,Otago Region,Nil,2-way,Sealed,,0,1,,100,,None,0,0,,68,Waitaki District,Give way,,,,,1,0,Open,0,,,Fine,Null
1613183,6143016,28054,,500207,0,0,0,0,0,South,2005/2006,SH 1N,HOUHORA HEADS ROAD,,Non-Injury Crash,Yes,2006,0,South,0,0,1,Flat,0,,0,,0,Bright sun,1302,0,0,0,2,0,0,0,0,0,,0,0,Northland Region,Nil,2-way,Sealed,0,0,0,0,100,0,None,0,0,,1,Far North District,Nil,0,0,0,0,1,0,Open,0,0,0,Fine,Null
1836714,5510809,28055,,577900,0,0,0,1,1,South,2005/2006,ALGIES ROAD,ROCK ROAD,,Minor Crash,No,2006,0,North,0,0,0,Flat,0,,0,,0,Overcast,2222400,1,0,0,2,0,0,0,0,0,,0,0,Manawatū-Whanganui Region,Nil,2-way,Unsealed,0,0,0,0,100,0,Null,0,0,,41,Tararua District,Nil,0,0,0,0,1,0,Open,0,0,0,Fine,Null
1933285,5624653,28056,,545611,0,,0,1,,North,2005/2006,SH 2,HAWKES BAY AIRPORT,,Serious Crash,Yes,2006,,South,,0,,Flat,,,,,,Dark,1413802,0,0,0,2,,,0,,,,,,Hawke's Bay Region,Nil,2-way,Sealed,,0,1,,100,,None,0,0,,31,Napier City,Nil,,,,,1,0,Open,0,,,Fine,Null
1753522,5932607,28057,,508807,0,,0,3,,South,2005/2006,SH 1N,GREVILLE OFF NBD,,Minor Crash,Yes,2006,,North,,0,,Hill Road,,,,,,Overcast,180811,1,0,0,3,,,0,,,,,,Auckland Region,Nil,2-way,Sealed,,0,0,,100,,Off,0,0,,76,Auckland,Nil,,,,,0,0,Open,0,,,Light rain,Null
1930254,5607390,28058,,545710,0,,0,1,,Null,2005/2006,PAKOWHAI ROAD,WILLIAMS ST,,Minor Crash,No,2006,,North,,0,,Flat,,,,,,Overcast,1471300,1,0,0,2,,,0,,,,,,Hawke's Bay Region,Nil,2-way,Sealed,,0,0,,50,,Null,0,0,,30,Hastings District,Give way,,,,,0,0,Urban,1,,,Light rain,Null
1571970,5179924,28059,,593501,0,0,0,2,0,East,2006/2007,CASHEL ST,FITZGERALD AVENUE,,Minor Crash,No,2006,0,East,0,0,0,Flat,0,,0,,0,Overcast,2608800,1,0,1,2,0,0,0,0,1,,0,0,Canterbury Region,Nil,2-way,Sealed,0,0,0,0,50,0,Null,0,0,,60,Christchurch City,Nil,0,0,0,0,0,0,Urban,0,0,0,Light rain,Null
1755807,5928440,28060,,507900,0,,0,3,,South,2005/2006,SH 1N,TRISTRAM ON SBD,,Serious Crash,Yes,2006,,South,,0,,Flat,,,,,,Bright sun,307000,0,0,0,2,,,0,,,,,,Auckland Region,Nil,2-way,Sealed,,0,1,,100,,Off,2,0,,76,Auckland,Nil,,,,,0,0,Open,0,,,Fine,Null
1574710,5180987,28061,,593000,0,0,0,2,0,East,2005/2006,PAGES ROAD,CUFFS ROAD,,Minor Crash,No,2006,0,East,0,0,0,Flat,0,,0,,0,Dark,2569300,1,0,0,4,0,0,0,0,1,,0,0,Canterbury Region,Nil,2-way,Sealed,0,0,0,0,60,0,On,0,0,,60,Christchurch City,Unknown,0,0,0,0,0,0,Urban,0,0,0,Fine,Null
1929851,5605477,28062,,548200,0,,0,1,,Null,2005/2006,ST AUBYN ST WEST,NELSON ST NORTH,,Minor Crash,No,2006,,South,,0,,Flat,,,,,,Bright sun,1491000,1,0,0,4,,,0,,,,,,Hawke's Bay Region,Nil,2-way,Sealed,,0,0,,50,,Null,0,0,,30,Hastings District,Traffic Signals,,,,,1,0,Urban,0,,,Fine,Null
1823734,5529995,28063,,562600,0,,0,1,,South,2005/2006,FITZROY ST,FERGUSON ST,,Minor Crash,No,2006,,East,,0,,Flat,,,,,,Bright sun,1847500,1,0,0,2,,,0,,,1,,,Manawatū-Whanganui Region,Nil,2-way,Sealed,,0,0,,50,,Null,0,0,,40,Palmerston North City,Nil,,,,,0,0,Urban,0,,,Fine,Null
1751912,5919881,28064,,515002,0,,0,0,,North,2006/2007,POINT CHEVALIER ROAD,JOHNSTONE ST,,Minor Crash,No,2006,,South,,0,,Flat,,,,,,Overcast,394300,1,0,0,2,,,0,,,1,,,Auckland Region,Nil,2-way,Sealed,,0,0,,50,,Null,1,0,,76,Auckland,Give way,,,,,0,0,Urban,0,,,Fine,Null
1758139,5927034,28065,,508010,0,,0,1,,Null,2005/2006,LAKE ROAD,THE STRAND,,Non-Injury Crash,No,2006,,South,,0,,Flat,,,,,,Bright sun,324902,0,0,0,2,,,0,,,,,,Auckland Region,Nil,2-way,Sealed,,0,0,,50,,Off,0,0,,76,Auckland,Traffic Signals,,,,,1,0,Urban,0,,,Fine,Null
1744468,5918445,28066,,513302,0,0,0,2,0,South,2005/2006,RATHGAR ROAD,EDWARDS AVENUE,,Non-Injury Crash,No,2006,0,North,0,0,0,Flat,0,,0,,0,Overcast,231402,0,0,0,2,0,0,0,0,1,,0,0,Auckland Region,Nil,2-way,Sealed,0,0,0,0,50,0,Off,0,0,,76,Auckland,Nil,0,0,0,0,0,0,Urban,0,0,0,Light rain,Null
1757873,5918740,28067,,517400,0,,0,2,,Null,2005/2006,PARK ROAD,CARLTON GORE ROAD,,Non-Injury Crash,No,2006,,North,,0,,Flat,,,,,,Bright sun,450000,0,0,0,4,,,0,,,,,,Auckland Region,Nil,2-way,Sealed,,0,0,,50,,Off,0,0,,76,Auckland,Traffic Signals,,,,,0,0,Urban,0,,,Fine,Null
1572327,5196719,28068,,586408,1,,0,0,,Null,2005/2006,CHARLES ST,WILLIAMS ST,,Minor Crash,No,2006,,North,,0,,Flat,,,,,,Overcast,2451400,1,0,0,2,,,0,,,,,,Canterbury Region,Nil,2-way,Sealed,,0,0,,50,,Null,0,0,,59,Waimakariri District,Give way,,,,,1,0,Urban,0,,,Fine,Null
1854906,5878443,28069,,533300,0,,0,2,,South,2005/2006,PORT ROAD,AICKIN ROAD,,Non-Injury Crash,No,2006,,North,,0,,Flat,,,,,,Bright sun,1061005,0,0,0,2,,,0,,,1,,,Waikato Region,Nil,2-way,Sealed,,0,0,,50,,Null,0,0,,11,Thames-Coromandel District,Unknown,,,,,0,0,Urban,0,,,Fine,Null
1747463,5914691,28070,,511800,0,,0,2,,South,2005/2006,GLENVIEW ROAD,GREAT NORTH ROAD,,Non-Injury Crash,No,2006,,South,,0,,Flat,,,,,,Dark,277902,0,0,0,3,,,0,,,,,,Auckland Region,Nil,2-way,Sealed,,0,0,,50,,On,0,0,,76,Auckland,Nil,,,,,0,0,Urban,0,,,Light rain,Null
1759345,5914053,28071,,519300,0,0,0,1,0,East,2006/2007,CAMPBELL ROAD,MOANA AVENUE,,Non-Injury Crash,No,2006,0,West,0,0,0,Flat,1,,0,,0,Overcast,624900,0,0,0,2,0,0,0,0,0,,0,0,Auckland Region,Nil,2-way,Sealed,0,0,0,0,50,0,Off,0,0,,76,Auckland,Nil,0,0,0,0,0,0,Urban,0,0,0,Heavy rain,Null
1907158,5573815,28072,,549100,0,0,0,2,0,South,2005/2006,SH 2,RACECOURSE ROAD,,Serious Crash,Yes,2006,0,South,0,0,0,Flat,0,Christmas New Year,0,,0,Bright sun,1516201,0,0,0,2,0,0,0,0,1,,0,0,Hawke's Bay Region,Nil,2-way,Sealed,0,0,1,0,70,0,Null,0,0,,32,Central Hawke's Bay District,Nil,0,0,0,0,0,0,Urban,0,0,0,Fine,Null