X,Y,OBJECTID,advisorySpeed,areaUnitID,bicycle,bridge,bus,carStationWagon,cliffBank,crashDirectionDescription,crashFinancialYear,crashLocation1,crashLocation2,crashRoadSideRoad,crashSeverity,crashSHDescription,crashYear,debris,directionRoleDescription,ditch,fatalCount,fence,flatHill,guardRail,holiday,houseOrBuilding,intersection,kerb,light,meshblockId,minorInjuryCount,moped,motorcycle,NumberOfLanes,objectThrownOrDropped,otherObject,otherVehicleType,overBank,parkedVehicle,pedestrian,phoneBoxEtc,postOrPole,region,roadCharacter,roadLane,roadSurface,roadworks,schoolBus,seriousInjuryCount,slipOrFlood,speedLimit,strayAnimal,streetLight,suv,taxi,temporarySpeedLimit,tlaId,tlaName,trafficControl,trafficIsland,trafficSign,train,tree,truck,unknownVehicleType,urban,vanOrUtility,vehicle,waterRiver,weatherA,weatherB
1893074,5778562,28073,,538820,0,0,0,0,0,East,2005/2006,HAWTHORNDEN DRIVE,COOKSON ROAD,,Serious Crash,No,2006,0,North,0,0,0,Flat,0,,0,,0,Overcast,1252000,0,0,1,2,0,0,0,0,0,,0,0,Bay of Plenty Region,Nil,2-way,Sealed,0,0,1,0,100,0,Null,0,0,,24,Rotorua District,Unknown,0,0,0,0,0,0,Open,0,0,0,Fine,Null
1766778,5907981,28074,30,523501,0,,0,2,,Null,2005/2006,BAIRDS ROAD,NEWBURY ST,,Non-Injury Crash,No,2006,,West,,0,,Flat,,,,,,Bright sun,700602,0,0,0,2,,,0,,,,,,Auckland Region,Nil,2-way,Sealed,,0,0,,50,,Off,0,0,,76,Auckland,Give way,,,,,0,0,Urban,0,,,Fine,Null
1838466,5680256,28075,,541348,0,,0,0,,South,2006/2007,SH 47,SH 41,,Minor Crash,Yes,2006,,North,,0,,Hill Road,,,,,,Bright sun,1288701,1,0,0,2,,,0,,,,,,Waikato Region,Nil,2-way,Sealed,,0,0,,100,,None,0,0,,21,Taupo District,Nil,,,,,0,0,Open,1,,,Fine,Null
1757202,5920689,28076,,514102,0,,0,2,,West,2005/2006,WYNDHAM ST,FEDERAL ST,,Non-Injury Crash,No,2006,,West,,0,,Hill Road,,,,,,Bright sun,433103,0,0,0,2,,,0,,,,,,Auckland Region,Nil,2-way,Sealed,,0,0,,50,,Off,0,0,,76,Auckland,Nil,,,,,0,0,Urban,0,,,Fine,Null
1770652,5877772,28077,65,525922,0,0,0,1,0,South,2006/2007,BUCKLAND ROAD,LOGAN ROAD,,Non-Injury Crash,No,2006,0,North,1,0,0,Flat,0,,0,,0,Overcast,824302,0,0,0,2,0,0,0,0,0,,0,0,Auckland Region,Nil,2-way,Sealed,0,0,0,0,100,0,None,0,0,,76,Auckland,Nil,0,0,0,0,0,0,Open,0,0,0,Fine,Null
1706605,5678633,28078,,551111,1,,0,0,,Null,2006/2007,WAITARA ROAD,MATARIKORIKO ROAD,,Serious Crash,No,2006,,North,,0,,Flat,,,,,,Bright sun,1565600,0,0,0,2,,,0,,,,,,Taranaki Region,Nil,2-way,Sealed,,0,1,,100,,Null,0,0,,33,New Plymouth District,Give way,,,,,0,0,Open,1,,,Fine,Null
1770959,5737276,28079,,531720,0,0,0,0,0,South,2006/2007,SH 3,TUI ST W,,Serious Crash,Yes,2006,0,North,1,0,0,Hill Road,0,,0,,0,Bright sun,1018500,3,0,0,2,0,0,0,0,0,,0,0,Waikato Region,Nil,2-way,Sealed,0,0,1,0,100,0,None,0,0,,20,Waitomo District,Nil,0,0,0,1,0,0,Open,1,0,0,Fine,Frost
1757257,5912436,28080,,518702,0,,0,2,,East,2005/2006,SH 20,HILLSBOROUGH OBR,,Non-Injury Crash,Yes,2006,,North,,0,,Hill Road,,,,,,Dark,570900,0,0,0,2,,,0,,,,,,Auckland Region,Nil,1-way,Sealed,,0,0,,100,,On,0,0,,76,Auckland,Nil,,,,,0,0,Open,0,,,Fine,Null
1571120,5181275,28081,,591700,0,,0,1,,Null,2005/2006,BEALEY AVENUE,MADRAS ST,,Minor Crash,No,2006,,North,,0,,Flat,,,,,,Bright sun,2655000,2,0,0,6,,,0,,,2,,,Canterbury Region,Nil,2-way,Sealed,,0,0,,50,,Null,0,0,,60,Christchurch City,Traffic Signals,,,,,0,0,Urban,0,,,Fine,Null
1796100,5823280,28082,,527123,0,0,0,0,0,North,2005/2006,RIVER ROAD,KAY ROAD,,Non-Injury Crash,No,2006,0,North,0,0,1,Flat,0,,0,,0,Bright sun,952400,0,0,0,2,0,0,0,0,0,,0,0,Waikato Region,Nil,2-way,Sealed,0,0,0,0,80,0,Null,0,0,,13,Waikato District,Unknown,0,0,0,1,1,0,Open,0,0,0,Fine,Null
1823919,5530030,28083,,562600,0,,0,2,,East,2005/2006,MANSON ST,FITZROY ST,,Non-Injury Crash,No,2006,,East,,0,,Flat,,,,,,Dark,1847500,0,0,0,2,,,0,,,,,,Manawatū-Whanganui Region,Nil,2-way,Sealed,,0,0,,50,,On,0,0,,40,Palmerston North City,Nil,,,,,0,0,Urban,0,,,Fine,Null
1754131,5920424,28084,,515301,0,,1,1,,South,2006/2007,WEST END ROAD,JERVOIS ROAD,,Minor Crash,No,2006,,West,,0,,Flat,,,,,,Bright sun,426200,1,0,0,2,,,0,,,,,,Auckland Region,Nil,2-way,Sealed,,1,0,,50,,Null,0,0,,76,Auckland,Unknown,,,,,0,0,Urban,0,,,Fine,Null
1757692,5921011,28085,,514101,0,,0,1,,Null,2005/2006,QUAY ST,COMMERCE ST,,Non-Injury Crash,No,2006,,West,,0,,Flat,,Easter,,,,Dark,438103,0,0,0,4,,,0,,,,,,Auckland Region,Nil,2-way,Sealed,,0,0,,50,,On,1,0,,76,Auckland,Traffic Signals,,,,,0,0,Urban,0,,,Fine,Null
1617561,5424709,28086,,581715,1,,0,1,,Null,2005/2006,MAIN ROAD,ELMS ST,,Minor Crash,No,2006,,East,,0,,Flat,,,,,,Overcast,2359404,1,0,0,2,,,0,,,,,,Nelson Region,Nil,2-way,Sealed,,0,0,,50,,Null,0,0,,52,Nelson City,Give way,,,,,0,0,Urban,0,,,Fine,Null
1759015,5920539,28087,,514101,0,,0,2,,Null,2005/2006,QUAY ST,SH 16,,Non-Injury Crash,Yes,2006,,East,,0,,Flat,,,,,,Dark,438204,0,0,0,6,,,0,,,,,,Auckland Region,Nil,2-way,Sealed,,0,0,,50,,On,0,0,,76,Auckland,Traffic Signals,,,,,0,0,Urban,0,,,Fine,Null
1755862,5434759,28088,45,569800,0,1,0,1,0,East,2005/2006,PETONE OFFRAMP NORTHBOUND,PETONE OFF NBD,,Non-Injury Crash,No,2006,0,North,0,0,0,Hill Road,0,Queens Birthday,0,,0,Dark,2035800,0,0,0,2,0,0,0,0,0,,0,0,Wellington Region,Nil,2-way,Sealed,0,0,0,0,100,0,On,0,0,,46,Lower Hutt City,Nil,0,0,0,0,0,0,Open,0,0,0,Heavy rain,Strong wind
1790591,5839712,28089,,527402,0,0,0,0,0,North,2006/2007,SH 1N,TREGOWETH LANE,,Minor Crash,Yes,2006,0,North,0,0,0,Flat,0,,0,,0,Overcast,947100,1,0,0,2,0,0,0,1,0,,0,0,Waikato Region,Nil,2-way,Sealed,0,0,0,0,100,0,None,0,0,,13,Waikato District,Nil,0,0,0,0,1,0,Open,0,0,1,Fine,Null
1763645,5764318,28090,,531720,0,0,0,1,0,West,2006/2007,TE ANGA ROAD,MARAE ROAD,,Serious Crash,No,2006,0,North,1,0,0,Flat,0,,0,,0,Dark,1019601,0,0,0,2,0,0,0,0,0,,0,0,Waikato Region,Nil,2-way,Sealed,0,0,2,0,100,0,None,0,0,,20,Waitomo District,Nil,0,0,0,0,0,0,Open,0,0,0,Fine,Null
1764968,5916690,28091,,520301,0,,0,2,,South,2005/2006,MORRIN ROAD,MERTON ROAD,,Non-Injury Crash,No,2006,,North,,0,,Flat,,,,,,Dark,465302,0,0,0,2,,,0,,,,,,Auckland Region,Nil,2-way,Sealed,,0,0,,50,,On,0,0,,76,Auckland,Nil,,,,,0,0,Urban,0,,,Fine,Null
1709956,6068242,28092,,501802,0,,0,2,,Null,2006/2007,SH 1N,HUKERENUI ROAD,,Minor Crash,Yes,2006,,South,,0,,Flat,,Christmas New Year,,,,Bright sun,65600,3,0,0,2,,,0,,,,,,Northland Region,Nil,2-way,Sealed,,0,0,,100,,None,1,0,,2,Whangarei District,Stop,,,,,0,0,Open,1,,,Fine,Null
1883915,5772190,28093,,539900,0,,0,2,,West,2005/2006,DEVON ST WEST,SH 5,,Non-Injury Crash,No,2006,,East,,0,,Flat,,,,,,Bright sun,1238800,0,0,0,2,,,0,,,,,,Bay of Plenty Region,Nil,2-way,Sealed,,0,0,,50,,Null,0,0,,24,Rotorua District,Give way,,,,,0,0,Urban,0,,,Fine,Null
1829610,5880024,28094,,533603,0,0,0,1,0,North,2005/2006,SH 26,WARAHOE ROAD,,Non-Injury Crash,Yes,2006,0,North,1,0,0,Flat,0,,0,,0,Twilight,1057600,0,0,0,2,0,0,0,0,0,,0,0,Waikato Region,Nil,2-way,Sealed,0,0,0,0,100,0,None,0,0,,11,Thames-Coromandel District,Nil,0,0,0,0,0,0,Open,0,0,0,Fine,Null
1242189,4853756,28095,,610602,0,,0,2,,North,2006/2007,SH 6,DURHAM ST,,Serious Crash,Yes,2006,,North,,0,,Flat,,,,,,Overcast,3099400,2,0,0,4,,,0,,,,,,Southland Region,Nil,2-way,Sealed,,0,1,,50,,Null,0,0,,75,Invercargill City,Nil,,,,,0,0,Urban,0,,,Fine,Null
1697412,5677918,28096,,551012,0,,0,2,,East,2005/2006,SH 3,EGMONT ROAD N,,Minor Crash,Yes,2006,,West,,0,,Hill Road,,,,,,Overcast,1558900,2,0,0,3,,,0,,,,,,Taranaki Region,Nil,2-way,Sealed,,0,0,,80,,Null,0,0,,33,New Plymouth District,Nil,,,,,0,0,Open,0,,,Light rain,Null
1569636,5204412,28097,,586129,0,,0,1,,Null,2006/2007,BOYS ROAD,NORTHBROOK ROAD,,Minor Crash,No,2006,,East,,0,,Flat,,,,,,Bright sun,2448800,1,0,0,2,,,0,,,,,,Canterbury Region,Nil,2-way,Sealed,,0,0,,100,,Null,0,0,,59,Waimakariri District,Give way,,,,,0,0,Open,1,,,Fine,Null
1885332,5773879,28098,,540410,0,,0,2,,Null,2006/2007,HINEMARU ST,HINEMOA ST,,Non-Injury Crash,No,2006,,South,,0,,Flat,,,,,,Bright sun,1234000,0,0,0,2,,,0,,,,,,Bay of Plenty Region,Nil,2-way,Sealed,,0,0,,50,,Null,0,0,,24,Rotorua District,Stop,,,,,0,0,Urban,0,,,Fine,Null
1765058,5902880,28099,40,524604,0,,0,1,,North,2005/2006,ROSCOMMON ROAD,WIRI STATION ROAD,,Non-Injury Crash,No,2006,,South,,0,,Flat,,,,,,Overcast,781302,0,0,0,4,,,0,,,,,,Auckland Region,Nil,2-way,Sealed,,0,0,,80,,Off,0,0,,76,Auckland,Nil,,,,,0,0,Open,1,,,Fine,Null
1759752,5909036,28100,,524002,0,0,0,1,0,North,2006/2007,SH 20,WALMSLEY OBR,,Non-Injury Crash,Yes,2006,0,North,0,0,1,Flat,0,,0,,0,Dark,724101,0,0,0,2,0,0,0,0,0,,0,0,Auckland Region,Nil,1-way,Sealed,0,0,0,0,100,0,On,0,0,,76,Auckland,Nil,0,0,0,1,0,0,Open,0,0,0,Fine,Null
1763074,5912886,28101,,520402,0,,0,2,,Null,2006/2007,SEART OFF SBD,SH 1N,,Non-Injury Crash,Yes,2006,,East,,0,,Flat,,,,,,Dark,642500,0,0,0,1,,,0,,,,,,Auckland Region,Nil,1-way,Sealed,,0,0,,100,,On,0,0,,76,Auckland,Nil,,,,,0,0,Open,0,,,Fine,Null
1746560,5919433,28102,,512401,0,,0,2,,Null,2006/2007,FLANSHAW ROAD,SYLVAN CRESCENT S,,Minor Crash,No,2006,,North,,0,,Hill Road,,,,,,Dark,253000,2,0,0,2,,,0,,,,,,Auckland Region,Nil,2-way,Sealed,,0,0,,50,,On,0,0,,76,Auckland,Give way,,,,,0,0,Urban,0,,,Fine,Null
1758767,5911767,28103,,519810,0,,0,1,,Null,2005/2006,GLOUCESTER PARK ROAD,NEILSON ST,,Minor Crash,No,2006,,South,,0,,Flat,,,,,,Bright sun,602200,1,0,0,4,,,0,,,,,,Auckland Region,Nil,2-way,Sealed,,0,0,,50,,Off,0,0,,76,Auckland,Traffic Signals,,,,,0,0,Urban,1,,,Fine,Null
1764455,5881132,28104,,521121,0,,0,1,,East,2005/2006,GUN CLUB ROAD,PATUMAHOE ROAD,,Non-Injury Crash,No,2006,,East,,0,,Flat,,,,,,Bright sun,825500,0,0,0,2,,,0,,,,,,Auckland Region,Nil,2-way,Sealed,,0,0,,100,,None,0,0,,76,Auckland,Nil,,,,,0,0,Open,0,,,Fine,Null
1764274,5878684,28105,,521121,0,0,0,1,0,North,2006/2007,ROGERS ROAD,WAIUKU ROAD,,Non-Injury Crash,No,2006,0,South,0,0,1,Flat,0,,0,,0,Dark,824200,0,0,0,2,0,0,0,0,0,,0,0,Auckland Region,Nil,2-way,Sealed,0,0,0,0,100,0,None,0,0,,76,Auckland,Nil,0,0,0,0,0,0,Open,0,0,0,Light rain,Null
1837249,5859842,28106,,534300,0,0,0,1,0,West,2005/2006,AORANGI ROAD,SHAW AVENUE,,Non-Injury Crash,No,2006,0,East,0,0,0,Flat,0,,0,,0,Bright sun,1073300,0,0,0,2,0,0,0,0,1,,0,0,Waikato Region,Nil,2-way,Sealed,0,0,0,0,50,0,Off,1,0,,12,Hauraki District,Nil,0,0,0,0,0,0,Urban,0,0,0,Fine,Null
1760456,5915665,28107,,516003,0,,0,2,,South,2005/2006,SH 1N,GREENLANE OFF NBD,,Non-Injury Crash,Yes,2006,,North,,0,,Flat,,,,,,Bright sun,494902,0,0,0,4,,,0,,,,,,Auckland Region,Nil,1-way,Sealed,,0,0,,100,,Off,0,0,,76,Auckland,Nil,,,,,0,0,Open,0,,,Fine,Null
1617253,6132134,28108,,500208,0,,0,2,,East,2005/2006,CAMP ROAD,SH 1N,,Non-Injury Crash,No,2006,,East,,0,,Hill Road,,,,,,Overcast,1800,0,0,0,2,,,0,,,,,,Northland Region,Nil,2-way,Unsealed,,0,0,,100,,None,0,0,,1,Far North District,Nil,,,,,0,0,Open,0,,,Fine,Null
1679743,5402156,28109,,581250,1,,0,1,,East,2005/2006,ALABAMA ROAD,WELD ST,,Minor Crash,No,2006,,East,,0,,Flat,,,,,,Overcast,2303800,1,0,0,2,,,0,,,,,,Marlborough Region,Nil,2-way,Sealed,,0,0,,50,,Null,0,0,,53,Marlborough District,Nil,,,,,0,0,Urban,0,,,Fine,Null
1749497,5880479,28110,65,521151,0,,0,0,,North,2005/2006,AWHITU ROAD,CREAMERY ROAD,,Serious Crash,No,2006,,North,,0,,Hill Road,,,,,,Dark,830800,0,0,1,2,,,0,,,,,,Auckland Region,Nil,2-way,Sealed,,0,1,,100,,On,0,0,,76,Auckland,Nil,,,,,0,0,Open,0,,,Fine,Null
1877578,5821858,28111,,538101,0,,0,2,,North,2006/2007,CAMERON ROAD,NINETEENTH AVENUE,,Minor Crash,No,2006,,South,,0,,Flat,,,,,,Overcast,1170400,1,0,0,2,,,0,,,,,,Bay of Plenty Region,Nil,2-way,Sealed,,0,0,,50,,Null,0,0,,23,Tauranga City,Unknown,,,,,0,0,Urban,0,,,Fine,Null
1769170,5907499,28112,,523711,0,,0,1,,West,2006/2007,ORMISTON ROAD,TE IRIRANGI DRIVE,,Non-Injury Crash,No,2006,,West,,0,,Flat,,,,,,Bright sun,712304,0,0,0,5,,,0,,,,,,Auckland Region,Nil,2-way,Sealed,,0,0,,80,,Off,1,0,,76,Auckland,Nil,,,,,0,0,Open,0,,,Light rain,Null
1758860,5903291,28113,,524200,0,0,0,2,0,South,2005/2006,Z CPK INTL AIRPORT,RAY EMERY DRIVE,,Non-Injury Crash,No,2006,0,South,0,0,0,Flat,0,,0,,0,Dark,727200,0,0,0,0,0,0,0,0,0,,0,0,Auckland Region,Nil,Off road,Sealed,0,0,0,0,50,0,On,0,0,,76,Auckland,Nil,0,0,0,0,0,0,Urban,0,1,0,Fine,Null
1868723,5714258,28114,,541730,0,0,0,2,0,East,2005/2006,Z CPK SKATE PARK,SPA ROAD,,Minor Crash,No,2006,0,North,0,0,0,Flat,0,,0,,0,Twilight,1270800,2,0,0,0,0,0,0,0,1,,0,0,Waikato Region,Nil,Off road,Sealed,0,0,0,0,30,0,On,0,0,,21,Taupo District,Unknown,0,0,0,0,0,0,Urban,0,0,0,Fine,Null
1748307,5935632,28115,,506653,1,,0,0,,West,2005/2006,COATESVILLE-RIVERHEAD HIG,OBRIEN ROAD,,Serious Crash,No,2006,,East,,0,,Flat,,,,,,Bright sun,217210,0,0,0,2,,,0,,,,,,Auckland Region,Nil,2-way,Sealed,,0,1,,50,,None,0,0,,76,Auckland,Nil,,,,,1,0,Urban,0,,,Fine,Null
1770339,5911317,28116,,523106,0,,0,2,,Null,2005/2006,BOTANY ROAD,TI RAKAU DRIVE,,Non-Injury Crash,No,2006,,South,,0,,Flat,,,,,,Bright sun,711174,0,0,0,3,,,0,,,,,,Auckland Region,Nil,2-way,Sealed,,0,0,,50,,Null,0,0,,76,Auckland,Give way,,,,,0,0,Urban,0,,,Fine,Null
1835737,5859977,28117,,534300,0,,0,0,,Null,2006/2007,MENZIES PLACE,JUNCTION ROAD,,Minor Crash,No,2006,,West,,0,,Flat,,,,,,Overcast,1071600,1,0,1,2,,,0,,,,,,Waikato Region,Nil,2-way,Sealed,,0,0,,50,,Off,0,0,,12,Hauraki District,Nil,,,,,0,0,Urban,0,,,Light rain,Null
1907411,5805395,28118,,536654,0,,0,0,,Null,2006/2007,PONGAKAWA STATION ROAD,OLD COACH ROAD,,Minor Crash,No,2006,,East,,0,,Flat,,,,,,Overcast,1213000,1,0,0,2,,,0,,,,,,Bay of Plenty Region,Nil,2-way,Sealed,,0,0,,100,,None,1,0,,22,Western Bay of Plenty District,Give way,,,,,1,0,Open,0,,,Fine,Null
1754254,5918542,28119,,515431,1,,0,0,,Null,2006/2007,GREAT NORTH ROAD,BULLOCK TRACK,,Minor Crash,No,2006,,North,,0,,Hill Road,,,,,,Overcast,405000,1,0,0,2,,,0,,,,,,Auckland Region,Nil,2-way,Sealed,,0,0,,50,,Off,1,0,,76,Auckland,Stop,,,,,0,0,Urban,0,,,Fine,Null
1753432,5876064,28120,,526103,0,,0,1,,West,2005/2006,BOWEN ST,QUEEN ST,,Non-Injury Crash,No,2006,,West,,0,,Flat,,,,,,Overcast,837400,0,0,0,2,,,0,,,,,,Auckland Region,Nil,2-way,Sealed,,0,0,,50,,Off,1,0,,76,Auckland,Nil,,,,,0,0,Urban,0,,,Fine,Null
1752994,5916514,28121,,517903,0,,0,2,,South,2005/2006,MOUNT ALBERT ROAD,NEW NORTH ROAD,,Non-Injury Crash,No,2006,,North,,0,,Flat,,,,,,Dark,520000,0,0,0,2,,,0,,,,,,Auckland Region,Nil,2-way,Sealed,,0,0,,50,,On,0,0,,76,Auckland,Nil,,,,,0,0,Urban,0,,,Fine,Null
1754732,5912456,28122,,518803,0,,0,1,,South,2006/2007,RICHARDSON ROAD,DOMINION ROAD,,Minor Crash,No,2006,,North,,0,,Hill Road,,,,,,Bright sun,583600,1,0,0,4,,,0,,,1,,,Auckland Region,Nil,2-way,Sealed,,0,0,,50,,Off,0,0,,76,Auckland,Nil,,,,,0,0,Urban,0,,,Fine,Null
1569023,5186353,28123,,588200,0,,0,3,,North,2005/2006,SH 74 MAIN NORTH,STURROCKS ROAD,,Minor Crash,Yes,2006,,North,,0,,Flat,,,,,,Bright sun,2513100,1,0,0,4,,,0,,,,,,Canterbury Region,Nil,2-way,Sealed,,0,0,,60,,Null,1,0,,60,Christchurch City,Unknown,,,,,0,0,Urban,0,,,Fine,Null
1755809,5928437,28124,,507900,0,,0,2,,North,2006/2007,SH 1N,NORTHCOTE OFF SBD,,Non-Injury Crash,Yes,2006,,South,,0,,Flat,,,,,,Bright sun,307000,0,0,0,3,,,0,,,,,,Auckland Region,Nil,1-way,Sealed,,0,0,,100,,Off,0,0,,76,Auckland,Nil,,,,,0,0,Open,0,,,Fine,Null
1283937,4899506,28125,,610032,0,0,0,0,1,West,2005/2006,OTAMA ROAD,KNAPDALE ROAD,,Serious Crash,No,2006,0,West,1,0,0,Hill Road,0,,0,,0,Dark,3050500,2,0,0,2,0,0,0,0,0,,0,0,Southland Region,Nil,2-way,Sealed,0,0,1,0,100,0,None,1,0,,74,Gore District,Unknown,0,0,0,0,0,0,Open,0,0,0,Fine,Frost
1760199,5915911,28126,,516003,0,0,0,1,0,South,2006/2007,SH 1N,GREENLANE INT S,,Serious Crash,Yes,2006,0,South,0,0,0,Flat,1,,0,,0,Dark,494902,1,0,0,3,0,0,0,0,0,,0,0,Auckland Region,Nil,1-way,Sealed,0,0,2,0,100,0,On,0,0,,76,Auckland,Nil,0,0,0,0,0,0,Open,0,0,0,Fine,Null
1891146,5818678,28127,,536642,0,0,0,1,0,West,2005/2006,BELL ROAD,PARTON ROAD,,Non-Injury Crash,No,2006,0,North,0,0,0,Flat,0,,0,,0,Dark,1206807,0,0,0,2,0,0,0,0,0,,0,1,Bay of Plenty Region,Nil,2-way,Sealed,0,0,0,0,100,0,None,0,0,,22,Western Bay of Plenty District,Nil,0,0,0,0,0,0,Open,0,0,0,Fine,Null
1743375,5921042,28128,,513632,0,,0,2,,North,2005/2006,DON BUCK ROAD,DONOVAN AVENUE,,Non-Injury Crash,No,2006,,South,,0,,Hill Road,,,,,,Overcast,227900,0,0,0,2,,,0,,,,,,Auckland Region,Nil,2-way,Sealed,,0,0,,50,,Off,1,0,,76,Auckland,Give way,,,,,0,0,Urban,0,,,Fine,Null
1769091,5911531,28129,,523107,0,,0,3,,East,2006/2007,TI RAKAU DRIVE,HARRIS ROAD,,Non-Injury Crash,No,2006,,East,,0,,Flat,,,,,,Overcast,711702,0,0,0,6,,,0,,,,,,Auckland Region,Nil,2-way,Sealed,,0,0,,60,,Off,0,0,,76,Auckland,Nil,,,,,0,0,Urban,0,,,Light rain,Null
1719945,6045408,28130,,503100,0,,0,1,,Null,2006/2007,REYBURN ST,HEREKINO ST,,Minor Crash,No,2006,,South,,0,,Flat,,,,,,Overcast,99904,1,0,0,2,,,0,,,,,,Northland Region,Nil,1-way,Sealed,,0,0,,50,,Off,0,0,,2,Whangarei District,Give way,,,,,0,0,Urban,1,,,Fine,Null
1769484,5903533,28131,,523820,0,0,0,1,0,South,2005/2006,EUGENIA RISE,SILKWOOD GROVE,,Minor Crash,No,2006,0,North,0,0,0,Flat,0,,0,,0,Dark,760128,1,0,0,2,0,1,0,0,0,,0,0,Auckland Region,Nil,2-way,Sealed,0,0,0,0,50,0,On,0,0,,76,Auckland,Nil,0,0,0,0,0,0,Urban,0,0,0,Fine,Null
1802828,5814112,28132,,530300,0,,0,1,,Null,2006/2007,GALLOWAY ST,NAYLOR ST,,Non-Injury Crash,No,2006,,North,,0,,Flat,,,,,,Bright sun,882300,0,0,0,2,,,0,,,,,,Waikato Region,Nil,2-way,Sealed,,0,0,,50,,Off,0,0,,16,Hamilton City,Traffic Signals,,,,,0,0,Urban,1,,,Fine,Null
1717786,5622956,28133,,554120,0,,0,1,,East,2005/2006,TANGAHOE VALLEY ROAD,ARARATA ROAD,,Minor Crash,No,2006,,East,,0,,Hill Road,,,,,,Overcast,1652200,1,0,0,2,,,0,,,,,,Taranaki Region,Nil,2-way,Unsealed,,0,0,,100,,Null,1,0,,35,South Taranaki District,Nil,,,,,0,0,Open,0,,,Fine,Null
1744358,5936030,28134,,506653,0,0,0,1,1,East,2005/2006,ROBINSON ROAD,SERGEANT ROAD,,Minor Crash,No,2006,0,East,0,0,0,Hill Road,0,,0,,0,Bright sun,217201,1,0,0,1,0,0,0,0,0,,0,0,Auckland Region,Nil,2-way,Unsealed,0,0,0,0,100,0,Null,0,0,,76,Auckland,Nil,0,0,0,0,1,0,Open,0,0,0,Fine,Null
1672747,6081980,28135,,501700,0,0,0,1,0,West,2005/2006,DE MERLE ST,RIPI ST,,Non-Injury Crash,No,2006,0,East,0,0,1,Flat,0,,0,,0,Bright sun,42103,0,0,0,2,0,0,0,0,0,,0,0,Northland Region,Nil,2-way,Sealed,0,0,0,0,50,0,Off,0,0,,1,Far North District,Nil,0,0,0,0,0,0,Urban,0,0,0,Fine,Null
1742877,5970207,28136,,506613,0,,0,1,,West,2006/2007,KAIPARA FLATS ROAD,STREAMLANDS SWAMP ROAD,,Non-Injury Crash,No,2006,,West,,0,,Flat,,,,,,Bright sun,145600,0,0,0,2,,,0,,,,,,Auckland Region,Nil,2-way,Sealed,,0,0,,100,,None,0,0,,76,Auckland,Nil,,,,,0,0,Open,0,,,Fine,Null
1720071,6044501,28137,,503600,0,,0,2,,Null,2005/2006,LIMEBURNERS ST,MORNINGSIDE ROAD,,Non-Injury Crash,No,2006,,South,,0,,Hill Road,,,,,,Overcast,105300,0,0,0,2,,,0,,,,,,Northland Region,Nil,2-way,Sealed,,0,0,,50,,Off,0,0,,2,Whangarei District,Nil,,,,,0,0,Urban,0,,,Light rain,Null
1763695,5908892,28138,,521901,0,,0,2,,Null,2005/2006,MANGERE ROAD,GOLF AVENUE,,Minor Crash,No,2006,,West,,0,,Flat,,,,,,Dark,785400,1,0,0,2,,,0,,,,,,Auckland Region,Nil,2-way,Sealed,,0,0,,50,,On,0,0,,76,Auckland,Traffic Signals,,,,,0,0,Urban,0,,,Light rain,Null
1761708,5906528,28139,,524112,0,0,0,1,0,Null,2006/2007,MASSEY ROAD,MASSEY OFF NBD,,Minor Crash,Yes,2006,0,North,0,0,0,Flat,1,,0,,0,Bright sun,742300,1,0,0,4,0,0,0,0,0,,0,0,Auckland Region,Bridge,2-way,Sealed,0,0,0,0,50,0,Off,0,0,,76,Auckland,Traffic Signals,0,0,0,0,0,0,Urban,0,0,0,Fine,Null
1751668,5434148,28140,,574100,0,0,0,0,0,South,2005/2006,SH 1N,JOHNSONVILLE OFF NBD,,Non-Injury Crash,Yes,2006,0,North,0,0,0,Hill Road,1,,0,,0,Overcast,2084600,0,0,0,3,0,0,0,0,0,,0,0,Wellington Region,Nil,2-way,Sealed,0,0,0,0,80,0,Null,1,0,,47,Wellington City,Nil,0,1,0,0,0,0,Open,0,0,0,Heavy rain,Null
1882294,5825964,28141,,536821,0,,0,1,,East,2006/2007,AERODROME ROAD,JEAN BATTEN DRIVE,,Serious Crash,No,2006,,West,,0,,Flat,,,,,,Bright sun,1204300,0,0,1,2,,,0,,,,,,Bay of Plenty Region,Nil,2-way,Sealed,,0,1,,50,,Off,0,0,,23,Tauranga City,Nil,,,,,0,0,Urban,0,,,Fine,Null
1766598,5907167,28142,,522302,0,,0,2,,South,2005/2006,SH 1N,OTARA OFF NBD,,Minor Crash,Yes,2006,,North,,0,,Flat,,,,,,Overcast,668000,1,0,0,3,,,0,,,,,,Auckland Region,Nil,1-way,Sealed,,0,0,,100,,Off,2,0,,76,Auckland,Nil,,,,,1,0,Open,0,,,Light rain,Null
1774456,5446213,28143,,567000,0,,0,2,,West,2005/2006,CLOUSTON PARK ROAD,TOTARA PARK ROAD,,Non-Injury Crash,No,2006,,East,,0,,Flat,,,,,,Bright sun,1908300,0,0,0,2,,,0,,,,,,Wellington Region,Nil,2-way,Sealed,,0,0,,50,,Null,0,0,,45,Upper Hutt City,Nil,,,,,0,0,Urban,0,,,Fine,Null