X,Y,OBJECTID,advisorySpeed,areaUnitID,bicycle,bridge,bus,carStationWagon,cliffBank,crashDirectionDescription,crashFinancialYear,crashLocation1,crashLocation2,crashRoadSideRoad,crashSeverity,crashSHDescription,crashYear,debris,directionRoleDescription,ditch,fatalCount,fence,flatHill,guardRail,holiday,houseOrBuilding,intersection,kerb,light,meshblockId,minorInjuryCount,moped,motorcycle,NumberOfLanes,objectThrownOrDropped,otherObject,otherVehicleType,overBank,parkedVehicle,pedestrian,phoneBoxEtc,postOrPole,region,roadCharacter,roadLane,roadSurface,roadworks,schoolBus,seriousInjuryCount,slipOrFlood,speedLimit,strayAnimal,streetLight,suv,taxi,temporarySpeedLimit,tlaId,tlaName,trafficControl,trafficIsland,trafficSign,train,tree,truck,unknownVehicleType,urban,vanOrUtility,vehicle,waterRiver,weatherA,weatherB
1797933,5814607,28144,,529000,1,,0,1,,North,2005/2006,SH 23,KILLARNEY ROAD,,Non-Injury Crash,Yes,2006,,South,,0,,Flat,,,,,,Dark,917100,0,0,0,2,,,0,,,,,,Waikato Region,Nil,2-way,Sealed,,0,0,,50,,On,0,0,,16,Hamilton City,Give way,,,,,0,0,Urban,0,,,Fine,Null
1747407,5919586,28145,,512402,0,0,0,1,0,West,2006/2007,SH 16,TE ATATU OFF WBD,,Non-Injury Crash,Yes,2006,0,West,0,0,0,Flat,1,,0,,0,Overcast,253700,0,0,0,2,0,0,0,0,0,,0,0,Auckland Region,Nil,1-way,Sealed,0,0,0,0,100,0,Off,0,0,,76,Auckland,Nil,0,0,0,0,0,0,Open,0,0,0,Light rain,Null
1757261,5915340,28146,,515802,0,,0,2,,Null,2005/2006,ST ANDREWS ROAD,WATLING ST,,Non-Injury Crash,No,2006,,East,,0,,Hill Road,,,,,,Overcast,447700,0,0,0,2,,,0,,,,,,Auckland Region,Nil,2-way,Sealed,,0,0,,50,,Null,0,0,,76,Auckland,Stop,,,,,0,0,Urban,0,,,Fine,Null
1759382,5916533,28147,,516001,0,,0,2,,North,2006/2007,SH 1N,OMAHU OBR,,Non-Injury Crash,Yes,2006,,South,,0,,Flat,,,,,,Dark,491700,0,0,0,3,,,0,,,,,,Auckland Region,Nil,1-way,Sealed,,0,0,,80,,On,0,0,,76,Auckland,Nil,,,,,0,0,Open,0,,,Fine,Null
1753739,5439120,28148,,573522,0,0,0,1,0,Null,2005/2006,TAWA ON SBD,TAKAPU ROAD,,Minor Crash,Yes,2006,0,West,0,0,0,Hill Road,0,,0,,0,Overcast,2053703,1,0,0,1,0,0,0,0,0,,0,1,Wellington Region,Motorway ramp,1-way,Sealed,0,0,0,0,50,0,Null,0,0,,47,Wellington City,Stop,0,0,0,0,0,0,Urban,0,0,0,Light rain,Null
1717073,6053002,28149,,502001,0,0,0,0,0,North,2005/2006,SH 1N,SNAKE HILL ROAD,,Minor Crash,Yes,2006,0,North,0,0,0,Hill Road,0,,0,,0,Bright sun,63703,1,0,0,2,0,0,0,0,1,,0,0,Northland Region,Nil,2-way,Sealed,0,0,0,0,100,0,None,0,0,,2,Whangarei District,Nil,0,0,0,0,2,0,Open,0,0,0,Fine,Null
1768643,5904522,28150,,523722,0,,0,0,,West,2006/2007,REDOUBT ROAD,HOLLYFORD DRIVE,,Non-Injury Crash,No,2006,,East,,0,,Hill Road,,,,,,Bright sun,715917,0,0,0,4,,,0,,,,,,Auckland Region,Nil,2-way,Sealed,,0,0,,50,,Off,0,0,,76,Auckland,Nil,,,,,0,0,Urban,2,,,Fine,Null
1757491,5926983,28151,,508010,0,,0,2,,Null,2005/2006,ANZAC ST,BARRYS POINT ROAD,,Non-Injury Crash,No,2006,,West,,0,,Flat,,,,,,Dark,327500,0,0,0,4,,,0,,,,,,Auckland Region,Nil,2-way,Sealed,,0,0,,50,,On,0,0,,76,Auckland,Traffic Signals,,,,,0,0,Urban,0,,,Light rain,Null
1755765,5921156,28152,,515202,0,,0,2,,North,2006/2007,SH 1N,FANSHAWE ON NBD,,Non-Injury Crash,Yes,2006,,North,,0,,Flat,,,,,,Dark,425600,0,0,0,4,,,0,,,,,,Auckland Region,Nil,1-way,Sealed,,0,0,,80,,On,1,0,,76,Auckland,Nil,,,,,0,0,Open,0,,,Fine,Null
1798890,5815138,28153,,529000,0,,0,1,,North,2005/2006,SH 23,SH 1N,,Non-Injury Crash,Yes,2006,,North,,0,,Flat,,,,,,Overcast,917400,0,0,0,4,,,0,,,,,,Waikato Region,Bridge,2-way,Sealed,,0,0,,50,,Null,1,0,,16,Hamilton City,Unknown,,,,,0,0,Urban,0,,,Light rain,Null
1772792,5896260,28154,,525410,0,0,0,2,0,South,2006/2007,Z CPK COUNTDOWN,AVERILL ST,,Non-Injury Crash,No,2006,0,East,0,0,0,Flat,0,,0,,0,Dark,793000,0,0,0,2,0,0,0,0,1,,0,0,Auckland Region,Nil,Off road,Sealed,0,0,0,0,20,0,On,0,0,,76,Auckland,Nil,0,0,0,0,0,0,Urban,0,0,0,Fine,Null
1766965,5912555,28155,,522910,0,0,0,1,0,North,2006/2007,TI RAKAU DRIVE,ROSEBURN PLACE,,Minor Crash,No,2006,0,South,0,0,0,Flat,0,,0,,0,Bright sun,686000,1,0,0,4,0,0,0,0,0,,0,0,Auckland Region,Nil,2-way,Sealed,0,0,0,0,60,0,Null,0,0,,76,Auckland,Nil,0,0,0,1,0,0,Urban,0,0,0,Fine,Null
1773281,5577729,28156,,556300,0,,0,1,,Null,2005/2006,FITZHERBERT AVENUE,CARLTON AVENUE,,Minor Crash,No,2006,,West,,0,,Flat,,,,,,Bright sun,1723000,1,0,0,2,,,0,,,1,,,Manawatū-Whanganui Region,Nil,2-way,Sealed,,0,0,,50,,Null,0,0,,37,Whanganui District,Give way,,,,,0,0,Urban,0,,,Fine,Null
1982471,5670046,28157,,545500,0,,0,1,,North,2006/2007,SH 2,LUCKNOW ST,,Minor Crash,Yes,2006,,South,,0,,Flat,,,,,,Bright sun,1391100,1,0,0,2,,,0,,,,,,Hawke's Bay Region,Nil,2-way,Sealed,,0,0,,50,,Null,1,0,,29,Wairoa District,Nil,,,,,0,0,Urban,0,,,Fine,Null
1795959,5693627,28158,,532902,0,,0,2,,Null,2005/2006,MIRIAMA ST,KATARINA ST,,Non-Injury Crash,No,2006,,East,,0,,Flat,,,,,,Bright sun,1036800,0,0,0,2,,,0,,,,,,Manawatū-Whanganui Region,Nil,2-way,Sealed,,0,0,,50,,Null,0,0,,36,Ruapehu District,Stop,,,,,0,0,Urban,0,,,Fine,Null
1802178,5814661,28159,,530200,0,,0,2,,Null,2005/2006,FIRTH ST,COOK ST,,Non-Injury Crash,No,2006,,South,,0,,Flat,,Easter,,,,Dark,893200,0,0,0,2,,,0,,,,,,Waikato Region,Nil,2-way,Sealed,,0,0,,50,,On,0,0,,16,Hamilton City,Give way,,,,,0,0,Urban,0,,,Fine,Null
1756357,5928173,28160,,507900,0,0,0,2,0,North,2006/2007,BROOK ST,SHAKESPEARE ROAD,,Non-Injury Crash,No,2006,0,South,0,0,0,Flat,0,,0,,0,Dark,305600,0,0,0,2,0,0,0,0,1,,0,0,Auckland Region,Nil,2-way,Sealed,0,0,0,0,50,0,On,0,0,,76,Auckland,Nil,0,0,0,0,0,0,Urban,0,0,0,Fine,Null
2063361,5742143,28161,,544001,0,,0,1,,Null,2006/2007,SH 35,KAIAUA ROAD,,Minor Crash,Yes,2006,,South,,0,,Flat,,,,,,Overcast,1355400,4,0,0,2,,,0,,,,,,Gisborne Region,Nil,2-way,Sealed,,0,0,,100,,Null,1,0,,28,Gisborne District,Give way,,,,,0,0,Open,0,,,Fine,Null
1761888,5907253,28162,,524520,0,,0,1,,Null,2006/2007,BUCKLAND ROAD,ROYTON AVENUE,,Minor Crash,No,2006,,West,,0,,Flat,,,,,,Bright sun,735100,1,0,0,2,,,0,,,1,,,Auckland Region,Nil,2-way,Sealed,,0,0,,50,,Null,0,0,,76,Auckland,Nil,,,,,0,0,Urban,0,,,Fine,Null
1758043,5914444,28163,,519300,0,0,0,3,0,North,2005/2006,MANUKAU ROAD,GLADWIN ROAD,,Non-Injury Crash,No,2006,0,North,0,0,0,Flat,0,,0,,0,Overcast,624400,0,0,0,2,0,0,0,0,1,,0,0,Auckland Region,Nil,2-way,Sealed,0,0,0,0,50,0,Off,0,0,,76,Auckland,Nil,0,0,0,0,0,0,Urban,1,0,0,Light rain,Null
1769161,5889432,28164,,521202,0,0,0,0,0,East,2006/2007,SH 22,BLACKBRIDGE ROAD,,Non-Injury Crash,Yes,2006,0,East,0,0,0,Flat,0,,0,,0,Dark,807100,0,0,0,2,0,0,0,0,0,,0,1,Auckland Region,Nil,2-way,Sealed,0,0,0,0,100,0,None,0,0,,76,Auckland,Nil,0,0,0,0,0,0,Open,1,0,0,Fine,Null
1680248,6021493,28165,,504502,0,,0,1,,North,2005/2006,SH 12,TURIWIRI WEST ROAD,,Minor Crash,Yes,2006,,South,,0,,Flat,,,,,,Bright sun,121800,1,0,0,2,,,0,,,,,,Northland Region,Nil,2-way,Sealed,,0,0,,100,,None,0,0,,3,Kaipara District,Nil,,,,,0,0,Open,0,,,Fine,Null
1393280,4913801,28166,,606220,0,0,0,1,0,West,2006/2007,SH 1S,RICCARTON ROAD EAST,,Minor Crash,Yes,2006,0,East,1,0,1,Hill Road,0,Christmas New Year,0,,0,Overcast,2969500,1,0,0,2,0,0,0,0,0,,0,0,Otago Region,Nil,2-way,Sealed,0,0,0,0,70,0,Null,0,0,,71,Dunedin City,Unknown,0,0,0,0,0,0,Urban,0,0,0,Fine,Null
1882082,5776360,28167,,539000,0,0,0,1,1,North,2005/2006,MALLARD DRIVE,ROBIN ST,,Non-Injury Crash,No,2006,0,South,0,0,1,Flat,0,,0,,0,Overcast,1219700,0,0,0,2,0,0,0,0,0,,0,0,Bay of Plenty Region,Nil,2-way,Sealed,0,0,0,0,50,0,Off,0,0,,24,Rotorua District,Nil,0,0,0,0,0,0,Urban,0,0,0,Fine,Null
1762986,5437892,28168,,568401,0,,0,1,,Null,2005/2006,HIGH ST,TENNYSON AVENUE,,Minor Crash,No,2006,,North,,0,,Flat,,,,,,Bright sun,1943902,1,0,0,2,,,0,,,,,,Wellington Region,Nil,2-way,Sealed,,0,0,,50,,Null,0,0,,46,Lower Hutt City,Give way,,,,,0,0,Urban,1,,,Fine,Null
1804992,5870845,28169,,527221,0,0,0,1,0,West,2005/2006,SH 2,STEEN ROAD,,Non-Injury Crash,Yes,2006,0,East,0,0,0,Hill Road,0,,0,,0,Overcast,932600,0,0,0,3,0,0,0,0,0,,0,1,Waikato Region,Nil,2-way,Sealed,0,0,0,0,100,0,Null,0,0,,13,Waikato District,Give way,0,0,0,0,0,0,Open,0,0,0,Light rain,Null
1572719,5182709,28170,,593200,0,,0,1,,West,2005/2006,SHIRLEY ROAD,MARSHLAND ROAD,,Minor Crash,No,2006,,East,,0,,Flat,,,,,,Bright sun,2698400,1,0,1,3,,,0,,,,,,Canterbury Region,Nil,2-way,Sealed,,0,0,,50,,Null,0,0,,60,Christchurch City,Nil,,,,,0,0,Urban,0,,,Fine,Null
1798926,5816317,28171,,528800,0,,1,1,,Null,2006/2007,MAEROA ROAD,MATAI ST,,Non-Injury Crash,No,2006,,East,,0,,Flat,,,,,,Bright sun,903300,0,0,0,2,,,0,,,,,,Waikato Region,Nil,2-way,Sealed,,0,0,,50,,Off,0,0,,16,Hamilton City,Give way,,,,,0,0,Urban,0,,,Fine,Null
1751167,5915482,28172,,514401,0,0,1,2,0,Null,2006/2007,ROSEBANK ROAD,GREAT NORTH ROAD,,Minor Crash,No,2006,0,East,0,0,0,Flat,0,,0,,0,Bright sun,381802,1,0,0,3,0,0,0,0,0,,1,0,Auckland Region,Nil,2-way,Sealed,0,0,0,0,50,0,Off,0,0,,76,Auckland,Traffic Signals,0,0,0,0,0,0,Urban,0,0,0,Fine,Null
1800885,5814749,28173,,529700,0,,0,1,,Null,2005/2006,THACKERAY ST,TRISTRAM ST,,Non-Injury Crash,No,2006,,South,,0,,Flat,,Queens Birthday,,,,Dark,912100,0,0,0,2,,,0,,,,,,Waikato Region,Nil,2-way,Sealed,,0,0,,50,,On,1,0,,16,Hamilton City,Give way,,,,,0,0,Urban,0,,,Fine,Null
1751149,5426846,28174,,576700,1,,0,1,,South,2006/2007,EVANS BAY PARADE,PAHIA ST,,Minor Crash,No,2006,,North,,0,,Flat,,,,,,Overcast,2186100,1,0,0,2,,,0,,,,,,Wellington Region,Nil,2-way,Sealed,,0,0,,50,,Null,0,0,,47,Wellington City,Nil,,,,,0,0,Urban,0,,,Fine,Null
1757005,5919442,28175,,514102,0,,0,1,,West,2005/2006,KARANGAHAPE ROAD,QUEEN ST,,Non-Injury Crash,No,2006,,East,,0,,Flat,,,,,,Dark,435802,0,0,0,2,,,0,,,1,,,Auckland Region,Nil,2-way,Sealed,,0,0,,50,,On,0,0,,76,Auckland,Nil,,,,,0,0,Urban,0,,,Fine,Null
1243824,4850776,28176,,610900,0,,0,1,,North,2006/2007,ANTRIM ST,ST ANDREW ST,,Minor Crash,No,2006,,North,,0,,Flat,,,,,,Bright sun,3126800,1,0,0,2,,,0,,,1,,,Southland Region,Nil,2-way,Sealed,,0,0,,50,,Null,0,0,,75,Invercargill City,Unknown,,,,,0,0,Urban,0,,,Fine,Null
1719534,6047587,28177,,502600,0,,0,2,,West,2006/2007,Z CPK WOOLWORTHS,KAMO ROAD,,Non-Injury Crash,No,2006,,North,,0,,Flat,,,,,,Overcast,95100,0,0,0,0,,,0,,,,,,Northland Region,Nil,Off road,Sealed,,0,0,,50,,Off,0,0,,2,Whangarei District,Nil,,,,,0,0,Urban,0,,,Light rain,Null
1756173,5933056,28178,,507300,0,,0,1,,Null,2005/2006,BEACH ROAD,SUNRISE AVENUE,,Minor Crash,No,2006,,North,,0,,Hill Road,,,,,,Dark,153700,1,0,0,2,,,0,,,,,,Auckland Region,Nil,2-way,Sealed,,0,0,,50,,On,0,0,,76,Auckland,Give way,,,,,0,0,Urban,0,,,Fine,Null
1736944,5981433,28179,,505300,0,,0,0,,Null,2005/2006,SH 1N,DAVIES ROAD,,Serious Crash,Yes,2006,,West,,0,,Flat,,,,,,Bright sun,143600,0,0,0,1,,,0,,,1,,,Auckland Region,Nil,1-way,Sealed,,0,1,,50,,Null,0,0,,76,Auckland,Nil,,,,,1,0,Urban,0,,,Fine,Null
1801229,5813992,28180,,529100,0,0,0,1,1,North,2006/2007,COBHAM DRIVE,SH 1N,,Non-Injury Crash,No,2006,0,North,0,0,0,Flat,0,,0,,1,Dark,931900,0,0,0,2,0,0,0,0,0,,0,0,Waikato Region,Nil,2-way,Sealed,0,0,0,0,80,0,On,0,0,,16,Hamilton City,Unknown,0,0,0,0,0,0,Open,0,0,0,Light rain,Null
1803607,5777021,28181,,531304,0,0,0,1,0,Null,2005/2006,SH 3,PUKETARATA ROAD,,Minor Crash,Yes,2006,0,North,0,0,1,Hill Road,0,,0,,0,Bright sun,999300,1,0,0,2,0,0,0,0,0,,0,0,Waikato Region,Nil,2-way,Sealed,0,0,0,0,100,0,Off,0,0,,18,Ōtorohanga District,Nil,0,0,0,0,0,0,Open,0,0,0,Light rain,Null
1702682,6062103,28182,,501802,0,,0,0,,Null,2006/2007,RIPONUI ROAD,OTAKAIRANGI ROAD,,Serious Crash,No,2006,,North,,0,,Flat,,Christmas New Year,,,,Dark,65700,0,0,0,2,,,0,,,,,,Northland Region,Nil,2-way,Unsealed,,0,1,,100,,None,0,0,,2,Whangarei District,Nil,,,,,0,0,Open,1,,,Fine,Null
1759090,5916633,28183,,519200,0,,0,2,,South,2005/2006,GREAT SOUTH ROAD,MARKET ROAD,,Non-Injury Crash,No,2006,,North,,0,,Flat,,,,,,Overcast,615000,0,0,0,4,,,0,,,,,,Auckland Region,Nil,2-way,Sealed,,0,0,,50,,Off,0,0,,76,Auckland,Nil,,,,,0,0,Urban,0,,,Light rain,Null
1759025,5916996,28184,,516001,0,,0,2,,North,2006/2007,SH 1N,MARKET OBR,,Non-Injury Crash,Yes,2006,,South,,0,,Flat,,,,,,Bright sun,491200,0,0,0,4,,,0,,,,,,Auckland Region,Nil,1-way,Sealed,,0,0,,80,,Off,0,0,,76,Auckland,Nil,,,,,0,0,Open,0,,,Fine,Null
1867032,5715005,28185,,541317,0,0,0,0,0,South,2005/2006,WAIRAKEI DRIVE,POIHIPI ROAD,,Serious Crash,No,2006,0,South,0,0,0,Flat,0,,0,,0,Bright sun,1279014,0,0,0,2,0,0,0,0,0,1,0,0,Waikato Region,Nil,2-way,Unsealed,0,0,1,0,100,0,Null,0,0,30,21,Taupo District,Nil,0,0,0,0,2,0,Open,0,1,0,Fine,Null
1877376,5794313,28186,,536630,0,0,0,0,0,North,2006/2007,SH 36,TE MATAI ROAD,,Fatal Crash,Yes,2006,0,East,0,1,0,Flat,1,,0,,0,Bright sun,1192702,0,0,0,2,0,0,0,0,0,,0,0,Bay of Plenty Region,Nil,2-way,Sealed,0,0,0,0,100,0,None,0,0,,22,Western Bay of Plenty District,Nil,0,0,0,0,1,0,Open,0,0,0,Fine,Null
1756824,5928291,28187,,507900,0,0,0,3,0,Null,2006/2007,SHAKESPEARE ROAD,WATERLOO ROAD,,Non-Injury Crash,No,2006,0,North,0,0,0,Flat,0,,0,,0,Bright sun,304300,0,0,0,2,0,0,0,0,1,,0,0,Auckland Region,Nil,2-way,Sealed,0,0,0,0,50,0,Off,0,0,,76,Auckland,Give way,0,0,0,0,0,0,Urban,1,0,0,Fine,Null
1829052,5833022,28188,,534604,0,0,0,1,1,Null,2005/2006,SH 27,SH 26,,Minor Crash,Yes,2006,0,North,0,0,0,Flat,0,,0,,0,Bright sun,1097200,1,0,0,2,0,0,0,0,0,,0,0,Waikato Region,Nil,2-way,Sealed,0,0,0,0,70,0,Null,0,0,,15,Matamata-Piako District,Stop,0,0,0,0,0,0,Urban,0,0,0,Fine,Null
1755249,5929057,28189,,508420,0,,0,3,,South,2006/2007,WAIRAU ROAD,DIANA DRIVE,,Minor Crash,No,2006,,South,,0,,Flat,,,,,,Bright sun,183800,1,0,0,4,,,0,,,,,,Auckland Region,Nil,2-way,Sealed,,0,0,,50,,Off,0,0,,76,Auckland,Nil,,,,,0,0,Urban,0,,,Fine,Null
1771525,5897808,28190,,523912,0,,0,3,,South,2005/2006,GREAT SOUTH ROAD,WALTERS ROAD,,Non-Injury Crash,No,2006,,North,,0,,Flat,,,,,,Bright sun,766200,0,0,0,2,,,0,,,,,,Auckland Region,Nil,1-way,Sealed,,0,0,,50,,None,0,0,,76,Auckland,Traffic Signals,,,,,0,0,Urban,0,,,Fine,Null
1764845,5908363,28191,,523404,0,,0,1,,North,2005/2006,GREAT SOUTH ROAD,BAIRDS ROAD,,Non-Injury Crash,No,2006,,North,,0,,Flat,,,,,,Dark,696701,0,0,0,4,,,0,,,,,,Auckland Region,Nil,2-way,Sealed,,0,0,,50,,On,1,0,,76,Auckland,Nil,,,,,0,0,Urban,0,,,Fine,Null
1749263,5913613,28192,,511303,0,,0,1,,North,2006/2007,TITIRANGI ROAD,MARGAN AVENUE,,Minor Crash,No,2006,,North,,0,,Flat,,,,,,Twilight,264913,1,0,0,2,,,0,,,1,,,Auckland Region,Nil,2-way,Sealed,,0,0,,50,,Off,0,0,,76,Auckland,Nil,,,,,0,0,Urban,0,,,Fine,Null
1851294,5857711,28193,,534400,0,,0,1,,Null,2005/2006,KENNY ST,DEVON ST,,Minor Crash,No,2006,,West,,0,,Flat,,,,,,Bright sun,1078700,1,0,0,3,,,0,,,,,,Waikato Region,Nil,2-way,Sealed,,0,0,,50,,Null,1,0,,12,Hauraki District,Give way,,,,,0,0,Urban,0,,,Fine,Null
1887089,5772758,28194,,538722,0,,0,0,,North,2005/2006,MARINO ROAD,SH 30,,Non-Injury Crash,No,2006,,South,,0,,Flat,,,,,,Overcast,1257600,0,0,0,2,,,0,,,,,,Bay of Plenty Region,Nil,2-way,Sealed,,0,0,,50,,Null,0,0,,24,Rotorua District,Unknown,,,,,2,0,Urban,0,,,Heavy rain,Null
1292939,4894559,28195,,610033,0,0,0,0,0,East,2005/2006,SH 90,WAIKAKA ROAD,,Serious Crash,Yes,2006,0,West,0,0,0,Flat,0,,0,,0,Dark,3051400,0,0,0,2,0,0,0,0,0,,0,0,Southland Region,Nil,2-way,Sealed,0,0,1,0,100,0,None,0,0,,74,Gore District,Unknown,0,1,0,0,0,0,Open,1,0,0,Fine,Null
1765787,5901109,28196,,524711,0,,0,2,,Null,2006/2007,ROSCOMMON ROAD,BURBANK AVENUE,,Minor Crash,No,2006,,South,,0,,Flat,,,,,,Bright sun,774503,1,0,0,2,,,0,,,,,,Auckland Region,Nil,2-way,Sealed,,0,0,,50,,Off,0,0,,76,Auckland,Give way,,,,,0,0,Urban,0,,,Fine,Null
1881992,5826477,28197,,536821,0,,0,1,,West,2005/2006,SH 2,MARU ST,,Non-Injury Crash,Yes,2006,,East,,0,,Flat,,,,,,Bright sun,1203900,0,0,0,5,,,0,,,,,,Bay of Plenty Region,Nil,2-way,Sealed,,0,0,,70,,Null,0,0,,23,Tauranga City,Unknown,,,,,1,0,Urban,0,,,Fine,Null
1800686,5814281,28198,,529100,0,0,0,3,0,South,2006/2007,RUAKIWI ROAD,CLARENCE ST,,Non-Injury Crash,No,2006,0,South,0,0,0,Hill Road,0,,0,,0,Dark,929502,0,0,0,2,0,0,0,0,2,,0,0,Waikato Region,Nil,2-way,Sealed,0,0,0,0,50,0,On,0,0,,16,Hamilton City,Nil,0,0,0,0,0,0,Urban,0,0,0,Light rain,Null
1882836,5826066,28199,,536821,0,,0,1,,East,2005/2006,AVIATION AVENUE,CESSNA PLACE,,Minor Crash,No,2006,,East,,0,,Flat,,,,,,Bright sun,1204401,1,0,0,2,,,0,,,,,,Bay of Plenty Region,Nil,2-way,Sealed,,0,0,,50,,Null,0,0,,23,Tauranga City,Unknown,,,,,1,0,Urban,0,,,Fine,Null
1756104,5923749,28200,,509800,0,,0,1,,South,2006/2007,SH 1N,ONEWA ON SBD,,Non-Injury Crash,Yes,2006,,South,,0,,Flat,,,,,,Dark,358800,0,0,0,3,,,0,,,,,,Auckland Region,Nil,1-way,Sealed,,0,0,,80,,On,1,0,,76,Auckland,Nil,,,,,0,0,Open,0,,,Fine,Null
1818927,5827816,28201,,534500,0,,0,2,,South,2005/2006,SH 26,PIAKO ROAD,,Non-Injury Crash,Yes,2006,,South,,0,,Flat,,,,,,Overcast,1091100,0,0,0,2,,,0,,,,,,Waikato Region,Nil,2-way,Sealed,,0,0,,100,,Null,0,0,,15,Matamata-Piako District,Unknown,,,,,0,0,Open,1,,,Heavy rain,Null
1754878,5918679,28202,,515410,0,,0,2,,Null,2006/2007,GREAT NORTH ROAD,WILLIAMSON AVENUE,,Minor Crash,No,2006,,North,,0,,Flat,,,,,,Bright sun,404500,1,0,0,4,,,0,,,,,,Auckland Region,Nil,2-way,Sealed,,0,0,,50,,Off,0,0,,76,Auckland,Traffic Signals,,,,,0,0,Urban,0,,,Fine,Null
1763155,5430809,28203,,564900,0,,0,1,,Null,2006/2007,FITZHERBERT ROAD,THE STRAND,,Minor Crash,No,2006,,North,,0,,Flat,,,,,,Dark,2016900,1,0,0,2,,,0,,,,,,Wellington Region,Nil,2-way,Sealed,,0,0,,50,,On,1,0,,46,Lower Hutt City,Give way,,,,,0,0,Urban,0,,,Fine,Null
1967307,5783549,28204,,542906,0,0,0,1,0,South,2007/2008,SH 2,WAIOTAHI VALLEY ROAD,,Non-Injury Crash,Yes,2007,0,South,1,0,1,Flat,0,,0,,0,Twilight,1337700,0,0,0,2,0,0,0,0,0,,0,0,Bay of Plenty Region,Nil,2-way,Sealed,0,0,0,0,100,0,None,0,0,,27,Ōpōtiki District,Nil,0,0,0,0,0,0,Open,0,0,0,Fine,Null
1770200,5880845,28205,,525922,0,,0,2,,Null,2005/2006,BIRCH ROAD,NGAHERE ROAD,,Non-Injury Crash,No,2006,,West,,0,,Hill Road,,,,,,Overcast,817001,0,0,0,2,,,0,,,,,,Auckland Region,Nil,2-way,Sealed,,0,0,,50,,Off,0,0,,76,Auckland,Stop,,,,,0,0,Urban,0,,,Fine,Null
1884344,5825154,28206,,536831,0,0,0,1,0,East,2006/2007,EVERSHAM ROAD,PALLISER PLACE,,Non-Injury Crash,No,2006,0,East,0,0,1,Flat,0,,0,,0,Dark,1201606,0,0,0,2,0,0,0,0,0,,0,0,Bay of Plenty Region,Nil,2-way,Sealed,0,0,0,0,50,0,On,0,0,,23,Tauranga City,Nil,0,0,0,0,0,0,Urban,0,0,0,Fine,Null
1757497,5919794,28207,,514103,0,,0,2,,East,2005/2006,MOUNT ST,WAKEFIELD ST,,Non-Injury Crash,No,2006,,East,,0,,Flat,,,,,,Overcast,436902,0,0,0,2,,,0,,,,,,Auckland Region,Nil,2-way,Sealed,,0,0,,50,,Null,0,0,,76,Auckland,Unknown,,,,,0,0,Urban,0,,,Light rain,Null
1773454,5445223,28208,,567100,0,0,0,1,0,Null,2005/2006,FERGUSSON DRIVE,BLENHEIM ST,,Non-Injury Crash,No,2006,0,South,0,0,0,Flat,0,,0,,0,Bright sun,1906100,0,0,0,3,0,0,0,0,0,,0,0,Wellington Region,Nil,2-way,Sealed,0,0,0,0,50,0,Null,0,0,,45,Upper Hutt City,Give way,1,1,0,0,0,0,Urban,0,0,0,Fine,Null
1754546,5924783,28209,,510500,0,0,0,1,0,West,2005/2006,ONEWA ROAD,WERNHAM PLACE,,Non-Injury Crash,No,2006,0,West,0,0,0,Hill Road,0,,0,,0,Dark,356201,0,0,0,2,0,0,0,0,1,,0,0,Auckland Region,Nil,2-way,Sealed,0,0,0,0,50,0,On,0,0,,76,Auckland,Unknown,0,0,0,0,0,0,Urban,1,0,0,Fine,Null
1620179,5427303,28210,,583800,1,,0,1,,South,2005/2006,MAIN ROAD STOKE,ARAPIKI ROAD,,Minor Crash,No,2006,,North,,0,,Flat,,,,,,Bright sun,2338600,1,0,0,3,,,0,,,,,,Nelson Region,Nil,2-way,Sealed,,0,0,,50,,Null,0,0,,52,Nelson City,Nil,,,,,0,0,Urban,0,,,Fine,Null
1756631,5926748,28211,,507900,0,,0,3,,South,2005/2006,SH 1N,NORTHCOTE OBR,,Non-Injury Crash,Yes,2006,,South,,0,,Flat,,,,,,Overcast,303902,0,0,0,3,,,0,,,,,,Auckland Region,Nil,1-way,Sealed,,0,0,,100,,None,0,0,,76,Auckland,Nil,,,,,0,0,Open,0,,,Light rain,Null
1622796,5429138,28212,,583300,1,,0,1,,Null,2005/2006,WAIMEA ROAD,MOTUEKA ST,,Minor Crash,No,2006,,South,,0,,Flat,,,,,,Dark,2330600,1,0,0,2,,,0,,,,,,Nelson Region,Nil,2-way,Sealed,,0,0,,50,,On,0,0,,52,Nelson City,Give way,,,,,0,0,Urban,0,,,Fine,Null
1405223,4914908,28213,,604210,0,,0,2,,Null,2005/2006,SOUTH ROAD,GLEN ROAD,,Minor Crash,No,2006,,East,,0,,Flat,,,,,,Bright sun,2914300,1,0,1,2,,,0,,,,,,Otago Region,Nil,2-way,Sealed,,0,0,,50,,Null,0,0,,71,Dunedin City,Give way,,,,,0,0,Urban,0,,,Fine,Null
1729005,6003351,28214,,505010,0,0,0,1,0,South,2005/2006,SH 1N,SH 12,,Non-Injury Crash,Yes,2006,0,South,0,0,0,Hill Road,0,,0,,0,Overcast,134700,0,0,0,2,0,0,0,0,0,,0,0,Northland Region,Nil,2-way,Sealed,0,0,0,0,100,0,None,0,0,,3,Kaipara District,Nil,0,0,0,0,1,0,Open,0,1,0,Light rain,Null
1756713,5913070,28215,,518702,0,,0,2,,Null,2005/2006,HILLSBOROUGH ROAD,CARR ROAD,,Non-Injury Crash,No,2006,,South,,0,,Flat,,,,,,Bright sun,568000,0,0,0,4,,,0,,,,,,Auckland Region,Nil,2-way,Sealed,,0,0,,50,,Off,0,1,,76,Auckland,Traffic Signals,,,,,0,0,Urban,0,,,Fine,Null