X,Y,OBJECTID,advisorySpeed,areaUnitID,bicycle,bridge,bus,carStationWagon,cliffBank,crashDirectionDescription,crashFinancialYear,crashLocation1,crashLocation2,crashRoadSideRoad,crashSeverity,crashSHDescription,crashYear,debris,directionRoleDescription,ditch,fatalCount,fence,flatHill,guardRail,holiday,houseOrBuilding,intersection,kerb,light,meshblockId,minorInjuryCount,moped,motorcycle,NumberOfLanes,objectThrownOrDropped,otherObject,otherVehicleType,overBank,parkedVehicle,pedestrian,phoneBoxEtc,postOrPole,region,roadCharacter,roadLane,roadSurface,roadworks,schoolBus,seriousInjuryCount,slipOrFlood,speedLimit,strayAnimal,streetLight,suv,taxi,temporarySpeedLimit,tlaId,tlaName,trafficControl,trafficIsland,trafficSign,train,tree,truck,unknownVehicleType,urban,vanOrUtility,vehicle,waterRiver,weatherA,weatherB
1719313,5948108,28216,,506642,0,,0,0,,South,2005/2006,SOUTH HEAD ROAD,CROSLAND ROAD,,Minor Crash,No,2006,,North,,0,,Hill Road,,Easter,,,,Overcast,210301,1,0,1,2,,,0,,,,,,Auckland Region,Nil,2-way,Sealed,,0,0,,100,,None,0,0,,76,Auckland,Nil,,,,,0,0,Open,0,,,Fine,Null
1374197,5198941,28217,,585322,0,,0,1,,Null,2006/2007,SH 6,LAKE MAPOURIKA CAR PARK,,Minor Crash,Yes,2006,,North,,0,,Flat,,,,,,Overcast,2418203,2,0,0,2,,,0,,,,,,West Coast Region,Nil,2-way,Sealed,,0,0,,100,,Null,0,0,,57,Westland District,Nil,,,,,0,0,Open,1,,,Light rain,Null
1764636,5905682,28218,,522100,0,,0,2,,Null,2005/2006,WYLLIE ROAD,KENDERDINE ROAD,,Non-Injury Crash,No,2006,,East,,0,,Flat,,,,,,Bright sun,659600,0,0,0,2,,,0,,,,,,Auckland Region,Nil,2-way,Sealed,,0,0,,50,,Off,0,0,,76,Auckland,Nil,,,,,0,0,Urban,0,,,Fine,Null
1758041,5917402,28219,,515700,0,,0,2,,Null,2005/2006,GILLIES AVENUE,SILVER ROAD,,Non-Injury Crash,No,2006,,South,,0,,Flat,,,,,,Bright sun,443500,0,0,0,4,,,0,,,,,,Auckland Region,Nil,2-way,Sealed,,0,0,,50,,Off,0,0,,76,Auckland,Give way,,,,,0,0,Urban,0,,,Fine,Null
1765461,5916981,28220,,517001,0,,0,2,,Null,2006/2007,LINE ROAD,BRADLEY LANE,,Non-Injury Crash,No,2006,,North,,0,,Flat,,,,,,Overcast,476200,0,0,0,2,,,0,,,,,,Auckland Region,Nil,2-way,Sealed,,0,0,,50,,Off,0,0,,76,Auckland,Nil,,,,,0,0,Urban,0,,,Fine,Null
1814565,5871261,28221,,533901,0,,0,2,,Null,2005/2006,SH 2,CANAL WEST ROAD,,Non-Injury Crash,Yes,2006,,West,,0,,Flat,,,,,,Overcast,1069100,0,0,0,2,,,0,,,,,,Waikato Region,Nil,2-way,Sealed,,0,0,,100,,Null,0,0,,12,Hauraki District,Give way,,,,,0,0,Open,0,,,Fine,Null
1800274,5812056,28222,,529200,0,,0,1,,South,2006/2007,PRISK ST,MOUNT VIEW ROAD,,Minor Crash,No,2006,,South,,0,,Flat,,,,,,Bright sun,928000,1,0,1,2,,,0,,,,,,Waikato Region,Nil,2-way,Sealed,,0,0,,50,,Off,0,0,,16,Hamilton City,Nil,,,,,0,0,Urban,0,,,Fine,Null
1754460,5919898,28223,,515301,0,,0,2,,East,2005/2006,RICHMOND ROAD,WESTMORELAND ST WEST W,,Minor Crash,No,2006,,West,,0,,Flat,,,,,,Dark,426900,1,0,0,2,,,0,,,,,,Auckland Region,Nil,2-way,Sealed,,0,0,,50,,On,0,0,,76,Auckland,Nil,,,,,0,0,Urban,0,,,Fine,Null
1766858,5912701,28224,,522920,0,,0,2,,South,2005/2006,TI RAKAU DRIVE,MATTSON ROAD,,Non-Injury Crash,No,2006,,North,,0,,Flat,,,,,,Bright sun,686800,0,0,0,6,,,0,,,,,,Auckland Region,Nil,2-way,Sealed,,0,0,,50,,Off,1,0,,76,Auckland,Nil,,,,,0,0,Urban,0,,,Fine,Null
1409017,4916428,28225,,604810,0,,0,2,,East,2006/2007,PORTOBELLO ROAD,IVANHOE ROAD,,Minor Crash,No,2006,,East,,0,,Flat,,,,,,Overcast,2940601,1,0,0,2,,,0,,,,,,Otago Region,Nil,2-way,Sealed,,0,0,,70,,Null,0,0,,71,Dunedin City,Unknown,,,,,0,0,Urban,0,,,Fine,Null
1560908,5178594,28226,,587400,0,,0,1,,Null,2005/2006,SH 1S MAIN SOUTH,PARKER ST,,Minor Crash,Yes,2006,,East,,0,,Flat,,,,,,Bright sun,2488201,2,0,3,2,,,0,,,,,,Canterbury Region,Nil,2-way,Sealed,,0,0,,50,,Null,1,0,,60,Christchurch City,Traffic Signals,,,,,0,0,Urban,0,,,Fine,Null
1929624,5782573,28227,,542540,0,,0,2,,East,2006/2007,SH 34,PARK ROAD,,Non-Injury Crash,Yes,2006,,East,,0,,Flat,,,,,,Dark,1324602,0,0,0,2,,,0,,,,,,Bay of Plenty Region,Nil,2-way,Sealed,,0,0,,100,,None,0,0,,25,Whakatane District,Nil,,,,,0,0,Open,0,,,Fine,Null
1750388,5915284,28228,,514802,0,,0,2,,North,2005/2006,NACTON LANE N,SANDY LANE,,Non-Injury Crash,No,2006,,North,,0,,Flat,,Christmas New Year,,,,Overcast,387007,0,0,0,2,,,0,,,,,,Auckland Region,Nil,2-way,Sealed,,0,0,,50,,Null,0,0,,76,Auckland,Unknown,,,,,0,0,Urban,0,,,Light rain,Null
1569251,5178316,28229,,595000,1,0,0,1,0,West,2005/2006,SH 76,SELWYN ST,,Minor Crash,Yes,2006,0,West,0,0,0,Flat,0,,0,,0,Dark,2643400,1,0,0,2,0,0,0,0,1,,0,0,Canterbury Region,Nil,2-way,Sealed,0,0,0,0,60,0,On,0,0,,60,Christchurch City,Unknown,0,0,0,0,1,0,Urban,0,0,0,Light rain,Null
1476200,5372430,28230,,584410,0,0,0,0,1,South,2005/2006,WILSONS LEAD ROAD,BULLS ROAD,,Minor Crash,No,2006,0,North,0,0,0,Hill Road,0,,0,,0,Dark,2388705,2,0,0,1,0,0,0,0,0,,0,0,West Coast Region,Nil,2-way,Sealed,0,0,0,0,100,0,None,1,0,,55,Buller District,Unknown,0,0,0,0,0,0,Open,0,0,0,Fine,Null
1806054,5554134,28231,,559230,0,,0,0,,Null,2006/2007,SH 1N,WELLINGTON ROAD,,Serious Crash,Yes,2006,,South,,0,,Flat,,,,,,Twilight,1740700,0,0,0,2,,,0,,,,,,Manawatū-Whanganui Region,Nil,2-way,Sealed,,0,1,,100,,Off,1,0,,38,Rangitikei District,Stop,,,,,1,0,Open,0,,,Fine,Null
1803065,5813528,28232,,530300,0,,0,1,,South,2005/2006,HUNGERFORD CRESCENT,SH 1N,,Non-Injury Crash,No,2006,,South,,0,,Hill Road,,Easter,,,,Dark,883200,0,0,0,2,,,0,,,,,,Waikato Region,Nil,2-way,Sealed,,0,0,,50,,On,0,0,,16,Hamilton City,Unknown,,,,,0,0,Urban,0,,,Fine,Null
1754798,5925769,28233,,508610,0,,0,3,,East,2005/2006,PUPUKE ROAD,LYDIA AVENUE,,Non-Injury Crash,No,2006,,East,,0,,Flat,,,,,,Bright sun,207900,0,0,0,2,,,0,,,,,,Auckland Region,Nil,2-way,Sealed,,0,0,,50,,Null,0,0,,76,Auckland,Unknown,,,,,0,0,Urban,0,,,Fine,Null
1630683,6113294,28234,,500202,0,0,0,0,0,North,2006/2007,SH 1N,FAIRBURN ROAD,,Serious Crash,Yes,2006,0,North,1,0,0,Flat,0,Christmas New Year,0,,0,Bright sun,6300,0,0,0,2,0,0,0,0,0,,0,0,Northland Region,Nil,2-way,Sealed,0,0,1,0,100,0,None,1,0,,1,Far North District,Nil,0,0,0,0,0,0,Open,0,0,0,Fine,Null
1766779,5901859,28235,,524720,0,,0,2,,Null,2006/2007,BROWNS ROAD,RUSSELL ROAD,,Non-Injury Crash,No,2006,,West,,0,,Flat,,,,,,Dark,777800,0,0,0,3,,,0,,,,,,Auckland Region,Nil,2-way,Sealed,,0,0,,50,,On,0,0,,76,Auckland,Traffic Signals,,,,,0,0,Urban,0,,,Fine,Null
1755331,5929584,28236,,508510,0,,0,2,,North,2005/2006,SH 1N,TRISTRAM OBR,,Non-Injury Crash,Yes,2006,,South,,0,,Flat,,,,,,Bright sun,194405,0,0,0,2,,,0,,,,,,Auckland Region,Nil,1-way,Sealed,,0,0,,100,,Off,0,0,,76,Auckland,Nil,,,,,0,0,Open,1,,,Fine,Null
1751596,5432950,28237,,574002,0,,0,3,,South,2005/2006,SH 1N,NEWLANDS ON SBD,,Minor Crash,Yes,2006,,South,,0,,Hill Road,,,,,,Overcast,2078304,2,0,0,2,,,0,,,,,,Wellington Region,Nil,2-way,Sealed,,0,0,,100,,Null,1,0,,47,Wellington City,Nil,,,,,0,0,Open,0,,,Heavy rain,Null
1402318,4985067,28238,,601301,0,0,0,1,0,South,2005/2006,SH 85,SHINGLY CREEK ROAD,,Minor Crash,Yes,2006,0,South,1,0,1,Flat,0,,0,,0,Bright sun,2854500,1,0,0,2,0,0,0,0,0,,0,0,Otago Region,Nil,2-way,Sealed,0,0,0,0,100,0,Null,0,0,,68,Waitaki District,Unknown,0,0,0,0,0,0,Open,0,0,0,Fine,Null
1757146,5915820,28239,,515802,0,,0,2,,West,2005/2006,BALMORAL ROAD,FERRYHILL ROAD,,Non-Injury Crash,No,2006,,West,,0,,Flat,,,,,,Twilight,447500,0,0,0,2,,,0,,,,,,Auckland Region,Nil,2-way,Sealed,,0,0,,50,,On,0,0,,76,Auckland,Nil,,,,,0,0,Urban,0,,,Fine,Null
1799363,5817058,28240,,528700,0,,0,2,,Null,2006/2007,ULSTER ST,MAEROA ROAD,,Minor Crash,No,2006,,North,,0,,Flat,,Christmas New Year,,,,Overcast,902100,1,0,0,4,,,0,,,,,,Waikato Region,Nil,2-way,Sealed,,0,0,,60,,Off,1,0,,16,Hamilton City,Nil,,,,,0,0,Urban,0,,,Fine,Null
1801597,5817393,28241,,530000,0,0,0,2,0,West,2005/2006,YEATS CRESCENT,BUTLER PLACE,,Non-Injury Crash,No,2006,0,West,0,0,0,Flat,0,,0,,0,Bright sun,864400,0,0,0,2,0,0,0,0,1,,0,0,Waikato Region,Nil,2-way,Sealed,0,0,0,0,50,0,Null,0,0,,16,Hamilton City,Unknown,0,0,0,0,0,0,Urban,0,0,0,Fine,Null
1289724,4889096,28242,,610032,0,,0,1,,West,2006/2007,SH 1S,BALLAST ROAD,,Minor Crash,Yes,2006,,East,,0,,Flat,,,,,,Overcast,3051701,1,0,0,2,,,0,,,,,,Southland Region,Nil,2-way,Sealed,,0,0,,100,,Null,1,0,,74,Gore District,Unknown,,,,,0,0,Open,0,,,Light rain,Null
1751565,5915247,28243,,514401,0,,0,2,,Null,2006/2007,BLOCKHOUSE BAY ROAD,NEW NORTH ROAD,,Minor Crash,No,2006,,South,,0,,Flat,,,,,,Bright sun,382600,2,0,0,5,,,0,,,,,,Auckland Region,Nil,2-way,Sealed,,0,0,,50,,Null,0,0,,76,Auckland,Traffic Signals,,,,,0,0,Urban,0,,,Fine,Null
1569893,5180925,28244,,591600,0,0,0,1,0,North,2006/2007,PARK TERRACE,SALISBURY ST,,Minor Crash,No,2006,0,North,0,0,0,Flat,0,,0,,0,Dark,2676800,1,0,0,2,0,0,0,0,0,,0,0,Canterbury Region,Nil,2-way,Sealed,0,0,0,0,50,0,On,0,0,,60,Christchurch City,Unknown,0,0,0,1,0,0,Urban,0,0,0,Light rain,Null
1751685,5939089,28245,,506003,0,,0,1,,South,2005/2006,EAST COAST ROAD,HAIGH ACCESS ROAD,,Non-Injury Crash,No,2006,,North,,0,,Flat,,,,,,Bright sun,175818,0,0,0,2,,,0,,,,,,Auckland Region,Nil,2-way,Sealed,,0,0,,100,,None,0,0,,76,Auckland,Nil,,,,,0,0,Open,0,,,Fine,Null
1800344,5820765,28246,,527009,0,,0,2,,Null,2005/2006,HUKANUI ROAD,CALLUM BRAE DRIVE,,Minor Crash,No,2006,,South,,0,,Flat,,,,,,Bright sun,952316,1,0,0,2,,,0,,,,,,Waikato Region,Nil,2-way,Sealed,,0,0,,50,,Null,0,0,,16,Hamilton City,Give way,,,,,0,0,Urban,0,,,Fine,Null
1883272,5826534,28247,,536821,0,0,0,2,0,South,2005/2006,LODGE AVENUE,GOLF ROAD,,Non-Injury Crash,No,2006,0,North,0,0,0,Flat,0,,0,,0,Dark,1200100,0,0,0,2,0,0,0,0,1,,0,0,Bay of Plenty Region,Nil,2-way,Sealed,0,0,0,0,50,0,On,0,0,,23,Tauranga City,Unknown,0,0,0,0,0,0,Urban,0,0,0,Fine,Null
1769910,5899366,28248,,523911,0,,0,1,,Null,2005/2006,GREAT SOUTH ROAD,SPARTAN ROAD,,Non-Injury Crash,No,2006,,South,,0,,Flat,,,,,,Bright sun,766500,0,0,0,4,,,0,,,,,,Auckland Region,Nil,2-way,Sealed,,0,0,,50,,Null,0,0,,76,Auckland,Stop,,,,,0,0,Urban,1,,,Fine,Null
1821805,5529313,28249,,562800,0,,0,1,,Null,2005/2006,THE SQUARE,FITZHERBERT AVENUE,,Minor Crash,No,2006,,North,,0,,Flat,,,,,,Dark,1828700,1,0,0,4,,,0,,,1,,,Manawatū-Whanganui Region,Nil,2-way,Sealed,,0,0,,50,,On,0,0,,40,Palmerston North City,Traffic Signals,,,,,0,0,Urban,0,,,Fine,Null
1772757,5895599,28250,,525540,0,,0,2,,Null,2005/2006,GREAT SOUTH ROAD,CLARK ROAD,,Non-Injury Crash,No,2006,,South,,0,,Flat,,,,,,Bright sun,806001,0,0,0,2,,,0,,,,,,Auckland Region,Nil,2-way,Sealed,,0,0,,50,,Off,0,0,,76,Auckland,Stop,,,,,0,0,Urban,0,,,Fine,Null
1756942,5919170,28251,,514200,0,,0,2,,Null,2005/2006,SH 1N,1 LINK 16,,Non-Injury Crash,Yes,2006,,West,,0,,Flat,,,,,,Dark,412302,0,0,0,4,,,0,,,,,,Auckland Region,Nil,1-way,Sealed,,0,0,,80,,On,0,0,,76,Auckland,Nil,,,,,0,0,Open,0,,,Fine,Null
1763327,5909563,28252,,521901,0,,0,0,,North,2006/2007,SALEYARDS ROAD,STATION ROAD,,Non-Injury Crash,No,2006,,South,,0,,Flat,,,,,,Bright sun,782700,0,0,0,4,,,0,,,,,,Auckland Region,Nil,2-way,Sealed,,0,0,,50,,Null,0,0,,76,Auckland,Unknown,,,,,0,0,Urban,2,,,Fine,Null
1759191,5916491,28253,,516001,0,,0,1,,Null,2006/2007,GREAT SOUTH ROAD,PATEY ST,,Non-Injury Crash,No,2006,,South,,0,,Flat,,,,,,Bright sun,493800,0,0,0,4,,,0,,,,,,Auckland Region,Nil,2-way,Sealed,,0,0,,50,,Off,1,0,,76,Auckland,Traffic Signals,,,,,0,0,Urban,0,,,Fine,Null
1792634,5797173,28254,,527921,0,,0,2,,Null,2005/2006,SH 39,TE RORE BRIDGE ROAD,,Non-Injury Crash,Yes,2006,,South,,0,,Flat,,Christmas New Year,,,,Bright sun,980800,0,0,0,2,,,0,,,,,,Waikato Region,Nil,2-way,Sealed,,0,0,,100,,Null,0,0,,17,Waipa District,Nil,,,,,0,0,Open,0,,,Fine,Null
1744727,5974121,28255,,506661,0,,0,2,,North,2006/2007,SH 1N,L PHILLIPS ROAD,,Minor Crash,Yes,2006,,North,,0,,Hill Road,,,,,,Overcast,138900,1,0,0,2,,,0,,,,,,Auckland Region,Nil,2-way,Sealed,,0,0,,100,,Off,0,0,,76,Auckland,Nil,,,,,0,0,Open,0,,,Fine,Null
1311380,4974837,28256,,608302,0,0,0,0,1,South,2006/2007,SH 8,LYE BOW ROAD,,Serious Crash,Yes,2006,0,South,0,0,0,Hill Road,0,,0,,0,Overcast,3023002,0,0,0,2,0,0,0,0,0,,0,0,Otago Region,Nil,2-way,Sealed,0,0,1,0,100,0,Null,1,0,,69,Central Otago District,Unknown,0,0,0,0,0,0,Open,0,0,0,Fine,Null
1762511,5907291,28257,,524520,0,,0,3,,West,2005/2006,MASSEY ROAD,YATES ROAD,,Non-Injury Crash,No,2006,,West,,0,,Flat,,,,,,Dark,734603,0,0,0,2,,,0,,,,,,Auckland Region,Nil,2-way,Sealed,,0,0,,50,,On,0,0,,76,Auckland,Nil,,,,,0,0,Urban,0,,,Fine,Null
1797206,5814753,28258,,528601,0,,0,2,,Null,2005/2006,DINSDALE ROAD,LACHLAN DRIVE,,Non-Injury Crash,No,2006,,North,,0,,Flat,,,,,,Overcast,920401,0,0,0,2,,,0,,,,,,Waikato Region,Nil,2-way,Sealed,,0,0,,50,,Null,0,0,,16,Hamilton City,Stop,,,,,0,0,Urban,0,,,Fine,Null
1763005,5915507,28259,,520302,0,,0,2,,West,2005/2006,MARUA ROAD,STANHOPE ROAD,,Non-Injury Crash,No,2006,,West,,0,,Flat,,,,,,Overcast,625400,0,0,0,2,,,0,,,,,,Auckland Region,Nil,2-way,Sealed,,0,0,,50,,Off,0,0,,76,Auckland,Nil,,,,,0,0,Urban,0,,,Fine,Null
1790421,5836614,28260,25,526601,0,0,0,1,0,Null,2005/2006,HAKARIMATA ROAD,WAIOTEATUA STM BR,,Non-Injury Crash,No,2006,0,South,0,0,0,Flat,1,,0,,0,Dark,852200,0,0,0,2,0,0,0,0,0,,0,0,Waikato Region,Bridge,2-way,Sealed,0,0,0,0,100,0,On,0,0,,13,Waikato District,Unknown,0,0,0,0,0,0,Open,0,0,0,Fine,Null
1884168,5825203,28261,,536831,1,,0,1,,Null,2006/2007,SH 2,MATAPIHI ROAD,,Non-Injury Crash,Yes,2006,,North,,0,,Flat,,,,,,Twilight,1204403,0,0,0,2,,,0,,,,,,Bay of Plenty Region,Nil,2-way,Sealed,,0,0,,50,,Off,0,0,,23,Tauranga City,Give way,,,,,0,0,Urban,0,,,Fine,Null
1755945,5926790,28262,,508620,0,,0,2,,South,2006/2007,SUNNYBRAE ROAD,NORTHCOTE ROAD,,Non-Injury Crash,No,2006,,North,,0,,Flat,,,,,,Bright sun,204500,0,0,0,4,,,0,,,,,,Auckland Region,Nil,2-way,Sealed,,0,0,,50,,Off,0,0,,76,Auckland,Nil,,,,,0,0,Urban,0,,,Fine,Null
1884595,5825373,28263,,536831,0,,0,2,,Null,2005/2006,MARLIN ST,GIRVEN ROAD,,Non-Injury Crash,No,2006,,South,,0,,Flat,,,,,,Overcast,1202500,0,0,0,2,,,0,,,,,,Bay of Plenty Region,Nil,2-way,Sealed,,0,0,,50,,Null,0,0,,23,Tauranga City,Stop,,,,,0,0,Urban,0,,,Fine,Null
1884653,5773904,28264,,540410,0,,0,2,,West,2006/2007,HINEMOA ST,AMOHIA ST,,Non-Injury Crash,No,2006,,West,,0,,Flat,,,,,,Bright sun,1234500,0,0,0,2,,,0,,,,,,Bay of Plenty Region,Nil,2-way,Sealed,,0,0,,50,,Null,0,0,,24,Rotorua District,Unknown,,,,,0,0,Urban,0,,,Fine,Null
1758593,5926305,28265,,508020,0,,0,1,,Null,2005/2006,LAKE ROAD,EWEN ST,,Non-Injury Crash,No,2006,,North,,0,,Flat,,,,,,Bright sun,323500,0,0,0,4,,,0,,,,,,Auckland Region,Nil,2-way,Sealed,,0,0,,50,,Off,0,0,,76,Auckland,Give way,,,,,0,0,Urban,1,,,Fine,Null
1800064,5816114,28266,,529700,0,,0,2,,Null,2006/2007,MILL ST,WILLOUGHBY ST,,Non-Injury Crash,No,2006,,East,,0,,Flat,,,,,,Bright sun,909500,0,0,0,2,,,0,,,,,,Waikato Region,Nil,2-way,Sealed,,0,0,,50,,Null,0,0,,16,Hamilton City,Traffic Signals,,,,,0,0,Urban,0,,,Fine,Null
1745238,5920931,28267,,513301,0,1,0,1,0,West,2005/2006,SH 16,LINCOLN OBR,,Non-Injury Crash,Yes,2006,0,West,0,0,0,Flat,0,,0,,0,Dark,231700,0,0,0,2,0,0,0,0,0,,0,0,,Bridge,1-way,Sealed,0,0,0,0,100,0,On,0,0,,76,Auckland,Nil,0,0,0,0,0,0,Open,0,0,0,Fine,Null
1800035,5817150,28268,,529600,0,0,0,1,0,Null,2006/2007,RIVER ROAD,FAIRFIELD BRIDGE,,Non-Injury Crash,No,2006,0,East,0,0,0,Flat,0,,0,,0,Dark,868000,0,0,0,2,0,0,0,0,0,,0,0,Waikato Region,Nil,2-way,Sealed,0,0,0,0,50,0,On,0,0,,16,Hamilton City,Give way,1,0,0,0,0,0,Urban,0,0,0,Fine,Null
1775491,5867146,28269,,526701,0,0,0,1,0,East,2006/2007,HIGHWAY 22,HUNT ROAD,,Non-Injury Crash,No,2006,0,East,1,0,0,Hill Road,0,,0,,0,Dark,843700,0,0,0,2,0,0,0,0,0,,0,0,Waikato Region,Nil,2-way,Sealed,0,0,0,0,100,0,None,0,0,,13,Waikato District,Unknown,0,0,0,0,0,0,Open,0,0,0,Fine,Null
1820895,5837678,28270,,534500,0,0,0,0,0,North,2005/2006,MORRINSVILLE TAHUNA ROAD,CAMERON ROAD,,Non-Injury Crash,No,2006,0,South,0,0,1,Flat,0,,0,,0,Dark,1091800,0,0,0,2,0,0,0,0,0,,0,0,Waikato Region,Nil,2-way,Sealed,0,0,0,0,100,0,None,0,0,,15,Matamata-Piako District,Unknown,0,0,0,0,1,0,Open,0,0,0,Fine,Frost
1798880,5816129,28271,,528800,0,,0,2,,Null,2006/2007,MAEROA ROAD,RIMU ST,,Non-Injury Crash,No,2006,,East,,0,,Flat,,,,,,Overcast,903700,0,0,0,2,,,0,,,,,,Waikato Region,Nil,2-way,Sealed,,0,0,,50,,None,0,0,,16,Hamilton City,Stop,,,,,0,0,Urban,0,,,Fine,Null
1765258,5907426,28272,,522301,0,,0,2,,South,2005/2006,GREAT SOUTH ROAD,KAUTAMI AVENUE,,Non-Injury Crash,No,2006,,North,,0,,Flat,,,,,,Overcast,666100,0,0,0,2,,,0,,,,,,Auckland Region,Nil,2-way,Sealed,,0,0,,50,,Off,0,0,,76,Auckland,Nil,,,,,0,0,Urban,0,,,Heavy rain,Null
1770348,5881572,28273,,525922,0,0,0,0,0,East,2005/2006,EAST ST,NGAHERE ROAD,,Minor Crash,No,2006,0,West,0,0,1,Hill Road,0,,0,,0,Overcast,816900,1,0,0,2,0,0,0,0,0,,0,0,Auckland Region,Nil,2-way,Sealed,0,0,0,0,70,0,Null,0,0,,76,Auckland,Nil,0,0,0,0,1,0,Urban,0,0,0,Heavy rain,Null
1883638,5773084,28274,,539900,0,,0,2,,South,2005/2006,MIRO ST,MALFROY ROAD WEST,,Non-Injury Crash,No,2006,,North,,0,,Flat,,,,,,Bright sun,1238400,0,0,0,2,,,0,,,,,,Bay of Plenty Region,Nil,2-way,Sealed,,0,0,,50,,Null,0,0,,24,Rotorua District,Unknown,,,,,0,0,Urban,0,,,Fine,Null
1754924,5916480,28275,,517701,0,,0,1,,North,2005/2006,SANDRINGHAM ROAD,BALMORAL ROAD,,Non-Injury Crash,No,2006,,South,,0,,Flat,,,,,,Dark,536300,0,0,0,4,,,0,,,,,,Auckland Region,Nil,2-way,Sealed,,0,0,,50,,On,0,0,,76,Auckland,Nil,,,,,0,0,Urban,1,,,Light rain,Null
1767228,5888089,28276,,521122,0,,0,2,,Null,2005/2006,SH 22,GLENBROOK ROAD,,Non-Injury Crash,Yes,2006,,North,,0,,Flat,,,,,,Dark,812800,0,0,0,2,,,0,,,,,,Auckland Region,Nil,2-way,Sealed,,0,0,,100,,On,0,0,,76,Auckland,Give way,,,,,0,0,Open,0,,,Fine,Null
1742136,5916157,28277,,513020,0,0,0,1,1,South,2006/2007,CANDIA ROAD,STURGES ROAD,,Non-Injury Crash,No,2006,0,South,0,0,0,Hill Road,0,,0,,0,Dark,280809,0,0,0,2,0,0,0,0,0,,0,0,Auckland Region,Nil,2-way,Sealed,0,0,0,0,70,0,Off,0,0,,76,Auckland,Nil,0,0,0,0,0,0,Urban,0,0,0,Fine,Null
1872540,5823939,28278,,536503,0,0,0,1,0,North,2005/2006,TE PUNA STATION ROAD,SH 2,,Non-Injury Crash,No,2006,0,South,0,0,0,Hill Road,0,,0,,0,Overcast,1188104,0,0,0,2,0,0,0,1,0,,0,0,Bay of Plenty Region,Nil,2-way,Sealed,0,0,0,0,100,0,Null,0,0,,22,Western Bay of Plenty District,Unknown,0,0,0,1,0,0,Open,0,0,0,Fine,Null
1756823,5919467,28279,,514102,0,,0,1,,East,2006/2007,KARANGAHAPE ROAD,PITT ST,,Minor Crash,No,2006,,East,,0,,Flat,,,,,,Bright sun,435700,3,0,0,2,,,0,,,,,,Auckland Region,Nil,2-way,Sealed,,0,0,,50,,Off,0,0,,76,Auckland,Traffic Signals,,,,,0,0,Urban,2,,,Fine,Null
1756610,5920757,28280,,514102,0,,0,2,,Null,2005/2006,FANSHAWE ST,HALSEY ST,,Non-Injury Crash,No,2006,,West,,0,,Flat,,,,,,Overcast,432500,0,0,0,5,,,0,,,,,,Auckland Region,Nil,2-way,Sealed,,0,0,,50,,Off,0,0,,76,Auckland,Traffic Signals,,,,,0,0,Urban,0,,,Light rain,Null
1773563,5896748,28281,,525620,0,0,0,1,0,East,2006/2007,CLEVEDON ROAD,SHIRLEY AVENUE,,Non-Injury Crash,No,2006,0,East,0,0,0,Flat,0,,0,,0,Dark,797100,0,0,0,2,0,0,0,0,0,,0,1,Auckland Region,Nil,2-way,Sealed,0,0,0,0,50,0,On,0,0,,76,Auckland,Nil,0,0,0,0,0,0,Urban,0,0,0,Fine,Null
1745520,5916996,28282,,510800,0,,0,1,,East,2006/2007,EDSEL ST,CATHERINE ST,,Non-Injury Crash,No,2006,,East,,0,,Flat,,,,,,Overcast,242800,0,0,0,5,,,0,,,,,,Auckland Region,Nil,2-way,Sealed,,0,0,,50,,Off,0,0,,76,Auckland,Traffic Signals,,,,,1,0,Urban,0,,,Light rain,Null
1751077,5939359,28283,,506300,0,0,0,3,0,South,2005/2006,SH 1N,BAWDEN OBR,,Non-Injury Crash,Yes,2006,0,North,0,0,0,Flat,1,,0,,0,Dark,176008,0,0,0,4,0,0,0,0,0,,0,0,Auckland Region,Nil,2-way,Sealed,0,0,0,0,100,0,None,0,0,,76,Auckland,Nil,0,0,0,0,0,0,Open,0,0,0,Fine,Null
1895575,5754285,28284,,538832,0,0,0,0,0,East,2005/2006,SH 38,SH 5,,Minor Crash,Yes,2006,0,North,0,0,1,Flat,0,,0,,0,Bright sun,1259105,1,0,0,2,0,0,0,0,0,,0,0,Bay of Plenty Region,Nil,2-way,Sealed,0,0,0,0,100,0,None,0,0,30,24,Rotorua District,Nil,0,0,0,1,0,0,Open,1,0,0,Fine,Null
1753607,5927757,28285,,508310,0,,0,2,,Null,2006/2007,GLENFIELD ROAD,DOWNING ST,,Non-Injury Crash,No,2006,,South,,0,,Flat,,,,,,Overcast,200300,0,0,0,2,,,0,,,,,,Auckland Region,Nil,2-way,Sealed,,0,0,,50,,Off,0,0,,76,Auckland,Traffic Signals,,,,,0,0,Urban,0,,,Light rain,Null
1796368,5820319,28286,,528403,0,,0,1,,Null,2005/2006,TE RAPA ROAD,TE KOWHAI ROAD EAST,,Non-Injury Crash,No,2006,,North,,0,,Flat,,,,,,Overcast,976500,0,0,0,4,,,0,,,,,,Waikato Region,Nil,2-way,Sealed,,0,0,,50,,Null,0,0,,16,Hamilton City,Give way,,,,,1,0,Urban,0,,,Fine,Null