X,Y,OBJECTID,advisorySpeed,areaUnitID,bicycle,bridge,bus,carStationWagon,cliffBank,crashDirectionDescription,crashFinancialYear,crashLocation1,crashLocation2,crashRoadSideRoad,crashSeverity,crashSHDescription,crashYear,debris,directionRoleDescription,ditch,fatalCount,fence,flatHill,guardRail,holiday,houseOrBuilding,intersection,kerb,light,meshblockId,minorInjuryCount,moped,motorcycle,NumberOfLanes,objectThrownOrDropped,otherObject,otherVehicleType,overBank,parkedVehicle,pedestrian,phoneBoxEtc,postOrPole,region,roadCharacter,roadLane,roadSurface,roadworks,schoolBus,seriousInjuryCount,slipOrFlood,speedLimit,strayAnimal,streetLight,suv,taxi,temporarySpeedLimit,tlaId,tlaName,trafficControl,trafficIsland,trafficSign,train,tree,truck,unknownVehicleType,urban,vanOrUtility,vehicle,waterRiver,weatherA,weatherB
1757681,5918290,28287,,518101,0,,0,1,,Null,2006/2007,SH 1N,KHYBER PASS OFF NBD,,Non-Injury Crash,Yes,2006,,North,,0,,Flat,,,,,,Bright sun,543000,0,0,0,3,,,0,,,,,,Auckland Region,Nil,1-way,Sealed,,0,0,,100,,Off,0,0,,76,Auckland,Nil,,,,,1,0,Open,0,,,Fine,Null
1745631,5926297,28288,,513410,0,0,0,1,0,West,2005/2006,BRIGHAM CREEK ROAD,KAURI ROAD,,Non-Injury Crash,No,2006,0,East,0,0,1,Flat,0,,0,,0,Twilight,223701,0,0,0,2,0,0,0,0,0,,0,0,Auckland Region,Nil,2-way,Sealed,0,0,0,0,80,0,None,0,0,,76,Auckland,Nil,0,0,0,0,0,0,Open,0,0,0,Fine,Null
1730945,5974945,28289,,506613,0,,0,1,,North,2005/2006,SH 16,WHAREHINE ROAD,,Minor Crash,Yes,2006,,South,,0,,Hill Road,,,,,,Bright sun,145100,2,0,0,2,,,0,,,,,,Auckland Region,Nil,2-way,Sealed,,0,0,,100,,Off,0,0,,76,Auckland,Nil,,,,,1,0,Open,0,,,Fine,Null
1756482,5927907,28290,,507900,0,,0,2,,East,2006/2007,SHAKESPEARE ROAD,THORNTON ROAD,,Non-Injury Crash,No,2006,,East,,0,,Flat,,,,,,Bright sun,305500,0,0,0,2,,,0,,,,,,Auckland Region,Nil,2-way,Sealed,,0,0,,50,,Off,0,0,,76,Auckland,Nil,,,,,0,0,Urban,0,,,Fine,Null
1877515,5826526,28291,,537201,0,,0,2,,Null,2005/2006,NGATAI ROAD,SHORT ST,,Non-Injury Crash,No,2006,,West,,0,,Flat,,,,,,Bright sun,1154901,0,0,0,2,,,0,,,,,,Bay of Plenty Region,Nil,2-way,Sealed,,0,0,,50,,Null,0,0,,23,Tauranga City,Stop,,,,,0,0,Urban,0,,,Fine,Null
1748775,5914479,28292,,511302,0,,0,2,,Null,2005/2006,RIMU ST,LYNWOOD ROAD,,Non-Injury Crash,No,2006,,South,,0,,Flat,,,,,,Dark,268200,0,0,0,2,,,0,,,,,,Auckland Region,Nil,2-way,Sealed,,0,0,,50,,On,0,0,,76,Auckland,Stop,,,,,0,0,Urban,0,,,Fine,Null
1764386,5912261,28293,,520500,0,0,0,3,0,South,2005/2006,SH 1N,MT WGTN ON SBD,,Non-Injury Crash,Yes,2006,0,South,0,0,0,Flat,1,Queens Birthday,0,,0,Dark,639300,0,0,0,2,0,0,0,0,0,,0,0,Auckland Region,Nil,1-way,Sealed,0,0,0,0,100,0,On,0,0,,76,Auckland,Nil,0,0,0,0,0,0,Open,0,0,0,Fine,Null
1806356,5539478,28294,,561422,0,0,0,1,1,South,2006/2007,ROWE ROAD,HAMMOND ROAD,,Minor Crash,No,2006,0,North,0,0,1,Flat,0,,0,,0,Bright sun,1788000,1,0,0,2,0,0,0,0,0,,0,0,Manawatū-Whanganui Region,Nil,2-way,Sealed,0,0,0,0,100,0,Null,0,0,,39,Manawatu District,Nil,0,0,0,0,0,0,Open,0,0,0,Fine,Null
1241868,4849872,28295,,611300,0,,0,1,,Null,2005/2006,SPEY ST,BOND ST,,Serious Crash,No,2006,,West,,0,,Flat,,,,,,Overcast,3104400,0,0,0,2,,,0,,,,,,Southland Region,Nil,2-way,Sealed,,0,1,,50,,Null,0,0,,75,Invercargill City,Give way,,,,,1,0,Urban,0,,,Fine,Null
1801393,5818856,28296,,529402,0,,0,1,,West,2006/2007,CROSBY ROAD,WINSTONE AVENUE,,Non-Injury Crash,No,2006,,East,,0,,Flat,,,,,,Twilight,876900,0,0,0,2,,,0,,,,,,Waikato Region,Nil,2-way,Sealed,,0,0,,50,,On,1,0,,16,Hamilton City,Give way,,,,,0,0,Urban,0,,,Fine,Null
1805826,5785927,28297,,527936,0,,0,1,,South,2005/2006,SH 3,MCANDREW ST,,Non-Injury Crash,Yes,2006,,South,,0,,Hill Road,,Easter,,,,Bright sun,989311,0,0,0,2,,,0,,,,,,Waikato Region,Nil,2-way,Sealed,,0,0,,100,,None,0,0,,17,Waipa District,Nil,,,,,0,0,Open,1,,,Fine,Null
1678321,6020147,28298,,504501,0,,0,1,,Null,2005/2006,POUTO ROAD,MOUNT WESLEY COAST ROAD,,Non-Injury Crash,No,2006,,North,,0,,Flat,,,,,,Dark,124300,0,0,0,2,,,0,,,,,,Northland Region,Nil,2-way,Unsealed,,0,0,,50,,None,0,0,,3,Kaipara District,Nil,,,,,0,0,Urban,0,,,Mist or Fog,Null
1757754,5918222,28299,,515700,0,,0,2,,South,2006/2007,SH 1N,KHYBER PASS OFF NBD,,Non-Injury Crash,Yes,2006,,North,,0,,Flat,,,,,,Dark,443600,0,0,0,5,,,0,,,,,,Auckland Region,Nil,1-way,Sealed,,0,0,,80,,On,0,0,,76,Auckland,Nil,,,,,0,0,Open,0,,,Light rain,Null
1679681,5403598,28300,,581230,1,,0,1,,Null,2005/2006,MAXWELL ROAD,SEYMOUR ST,,Minor Crash,No,2006,,West,,0,,Flat,,,,,,Bright sun,2298900,1,0,0,2,,,0,,,,,,Marlborough Region,Nil,2-way,Sealed,,0,0,,50,,Null,0,0,,53,Marlborough District,Give way,,,,,0,0,Urban,0,,,Fine,Null
1865443,5745783,28301,,541334,0,0,0,0,0,North,2005/2006,SH 1N,OHAKURI ROAD,,Non-Injury Crash,Yes,2006,0,North,0,0,0,Hill Road,1,,0,,0,Dark,1276201,0,0,0,3,0,0,0,0,0,,0,0,Waikato Region,Nil,2-way,Sealed,0,0,0,0,100,0,None,0,0,,21,Taupo District,Unknown,0,0,0,0,1,0,Open,0,0,0,Light rain,Null
1793208,5807685,28302,,527914,0,0,0,1,0,East,2006/2007,TUHIKARAMEA ROAD,SH 39,,Non-Injury Crash,No,2006,0,South,0,0,1,Flat,0,,0,,0,Overcast,980400,0,0,0,2,0,0,0,0,0,,0,0,Waikato Region,Nil,2-way,Sealed,0,0,0,0,100,0,Null,0,0,,17,Waipa District,Unknown,0,0,0,0,0,0,Open,0,0,0,Fine,Null
1249092,4848204,28303,,610074,0,,0,1,,Null,2006/2007,MASON ROAD,MILL ROAD SOUTH,,Minor Crash,No,2006,,South,,0,,Flat,,,,,,Twilight,3161600,5,0,0,2,,,0,,,,,,Southland Region,Nil,2-way,Unsealed,,0,0,,100,,None,0,0,,75,Invercargill City,Nil,,,,,0,0,Open,0,,,Fine,Null
1244470,4918228,28304,,610020,0,0,0,1,0,South,2005/2006,SH 6,JOSEPHVILLE-ST PATRICKS R,,Serious Crash,Yes,2006,0,South,0,0,0,Flat,0,,0,,0,Bright sun,3044801,1,0,0,2,0,0,0,0,0,,0,1,Southland Region,Nil,2-way,Sealed,0,0,1,0,100,0,Null,0,0,,73,Southland District,Unknown,0,0,0,0,0,0,Open,0,0,0,Fine,Strong wind
1795645,5824642,28305,,527123,0,,0,2,,South,2005/2006,RIVER ROAD,PATERSON ROAD,,Non-Injury Crash,No,2006,,North,,0,,Flat,,Easter,,,,Overcast,952400,0,0,0,2,,,0,,,,,,Waikato Region,Nil,2-way,Sealed,,0,0,,100,,Null,0,0,,13,Waikato District,Unknown,,,,,0,0,Open,0,,,Fine,Null
1769203,5914205,28306,,522723,0,,0,2,,South,2006/2007,BELLS ROAD,PAKURANGA ROAD,,Minor Crash,No,2006,,North,,0,,Hill Road,,,,,,Dark,681304,1,0,0,2,,,0,,,,,,Auckland Region,Nil,2-way,Sealed,,0,0,,50,,On,0,0,,76,Auckland,Nil,,,,,0,0,Urban,0,,,Fine,Frost
1751920,5948356,28307,,505805,0,0,0,1,0,South,2005/2006,HIBISCUS COAST HIGHWAY,CENTREWAY ROAD,,Non-Injury Crash,No,2006,0,North,0,0,0,Flat,0,,0,,0,Bright sun,172300,0,0,0,2,0,0,0,0,0,,0,0,Auckland Region,Nil,2-way,Sealed,0,0,0,0,50,0,Off,0,0,,76,Auckland,Nil,0,0,0,0,0,0,Urban,0,0,0,Fine,Null
1757162,5919274,28308,,514301,0,,0,2,,South,2006/2007,SYMONDS ST,GRAFTON BRIDGE,,Non-Injury Crash,No,2006,,North,,0,,Flat,,,,,,Bright sun,441200,0,0,0,5,,,0,,,,,,Auckland Region,Nil,2-way,Sealed,,0,0,,50,,Off,0,0,,76,Auckland,Nil,,,,,0,0,Urban,0,,,Fine,Null
1766904,5907645,28309,,523602,0,,0,1,,Null,2005/2006,BAIRDS ROAD,EAST TAMAKI ROAD,,Non-Injury Crash,No,2006,,North,,0,,Flat,,,,,,Bright sun,709300,0,0,0,4,,,0,,,,,,Auckland Region,Nil,2-way,Sealed,,0,0,,50,,Off,0,0,,76,Auckland,Traffic Signals,,,,,1,0,Urban,0,,,Fine,Null
1751802,5952401,28310,,505804,0,,0,2,,North,2005/2006,HIBISCUS COAST HIGHWAY,HATFIELDS BR,,Non-Injury Crash,No,2006,,North,,0,,Hill Road,,,,,,Bright sun,170806,0,0,0,3,,,0,,,,,,Auckland Region,Nil,2-way,Sealed,,0,0,,80,,None,0,0,,76,Auckland,Nil,,,,,0,0,Open,0,,,Fine,Null
1769891,5899405,28311,,523911,0,,0,2,,North,2005/2006,SH 1N,GT SOUTH OBR,,Non-Injury Crash,Yes,2006,,South,,0,,Hill Road,,,,,,Bright sun,766500,0,0,0,2,,,0,,,,,,Auckland Region,Bridge,1-way,Sealed,,0,0,,100,,Off,0,0,,76,Auckland,Nil,,,,,0,0,Open,0,,,Fine,Null
1757424,5915942,28312,,515801,0,0,0,1,0,South,2006/2007,ST ANDREWS ROAD,KING GEORGE AVENUE,,Serious Crash,No,2006,0,South,0,0,0,Flat,0,,0,,0,Bright sun,445800,0,1,0,2,0,0,0,0,1,,0,0,Auckland Region,Nil,2-way,Sealed,0,0,1,0,50,0,Null,0,0,,76,Auckland,Unknown,0,0,0,0,0,0,Urban,0,0,0,Fine,Null
1767430,5904936,28313,,524603,0,,0,2,,Null,2005/2006,GREAT SOUTH ROAD,CAVENDISH DRIVE,,Non-Injury Crash,No,2006,,South,,0,,Flat,,,,,,Bright sun,780304,0,0,0,2,,,0,,,,,,Auckland Region,Nil,2-way,Sealed,,0,0,,50,,Off,0,0,,76,Auckland,Traffic Signals,,,,,0,0,Urban,0,,,Fine,Null
1813902,5797301,28314,,527934,0,0,1,0,0,South,2005/2006,CAMBRIDGE ROAD,MCLARNON ROAD,,Minor Crash,No,2006,0,North,1,0,0,Flat,0,,0,,0,Bright sun,988300,1,0,0,2,0,0,0,0,0,,0,0,Waikato Region,Nil,2-way,Sealed,0,0,0,0,100,0,Null,0,0,,17,Waipa District,Unknown,0,0,0,0,0,0,Open,0,0,0,Fine,Null
1763487,5920301,28315,,516500,0,0,0,1,0,East,2006/2007,MARAU CRESCENT,RONAKI ROAD,,Non-Injury Crash,No,2006,0,West,0,0,0,Flat,0,,0,,0,Overcast,500900,0,0,0,2,0,0,0,0,1,,0,0,Auckland Region,Nil,2-way,Sealed,0,0,0,0,50,0,Off,1,0,,76,Auckland,Nil,0,0,0,0,0,0,Urban,0,0,0,Fine,Null
1228089,4861300,28316,,610051,0,,0,1,,East,2005/2006,SH 99,THORNBURY-WAIMATUKU ROAD,,Minor Crash,Yes,2006,,East,,0,,Flat,,,,,,Overcast,3185200,1,0,0,2,,,0,,,,,,Southland Region,Nil,2-way,Sealed,,0,0,,100,,Null,0,0,,73,Southland District,Unknown,,,,,0,0,Open,0,,,Light rain,Null
1759898,5915775,28317,,516002,0,,0,1,,East,2005/2006,GREEN LANE EAST,GREAT SOUTH ROAD,,Non-Injury Crash,No,2006,,West,,0,,Flat,,,,,,Bright sun,494100,0,0,0,5,,,0,,,,,,Auckland Region,Nil,2-way,Sealed,,0,0,,50,,Off,0,0,,76,Auckland,Traffic Signals,,,,,0,0,Urban,1,,,Fine,Null
1760452,5918688,28318,,516102,0,,0,2,,Null,2005/2006,SHORE ROAD,VICTORIA AVENUE,,Non-Injury Crash,No,2006,,East,,0,,Flat,,,,,,Bright sun,483000,0,0,0,1,,,0,,,,,,Auckland Region,Nil,2-way,Sealed,,0,0,,50,,Off,0,0,,76,Auckland,Give way,,,,,0,0,Urban,0,,,Fine,Null
1766693,5919745,28319,,516800,0,,0,2,,South,2006/2007,KESTEVEN AVENUE,KINSALE AVENUE,,Non-Injury Crash,No,2006,,South,,0,,Flat,,,,,,Dark,512600,0,0,0,2,,,0,,,,,,Auckland Region,Nil,2-way,Sealed,,0,0,,50,,None,0,0,,76,Auckland,Nil,,,,,0,0,Urban,0,,,Fine,Null
1741498,5918937,28320,,513101,0,0,0,2,0,Null,2005/2006,NORTH CANDIA ROAD,SWANSON ROAD,,Non-Injury Crash,No,2006,0,West,0,0,0,Flat,0,,0,,0,Dark,238200,0,0,0,3,0,0,0,0,0,,0,0,Auckland Region,Nil,2-way,Sealed,0,0,0,0,50,0,On,0,0,,76,Auckland,Give way,0,0,0,0,0,0,Urban,0,1,0,Fine,Null
1763813,5913698,28321,,520303,0,,0,2,,Null,2006/2007,MOUNT WELLINGTON HIGHWAY,WAIPUNA ROAD,,Non-Injury Crash,No,2006,,South,,0,,Flat,,,,,,Twilight,627300,0,0,0,5,,,0,,,,,,Auckland Region,Nil,2-way,Sealed,,0,0,,50,,On,0,0,,76,Auckland,Traffic Signals,,,,,0,0,Urban,0,,,Fine,Null
1759193,5916747,28322,,516001,0,,0,2,,Null,2006/2007,SH 1N,MARKET OBR,,Non-Injury Crash,Yes,2006,,North,,0,,Flat,,,,,,Overcast,491700,0,0,0,3,,,0,,,,,,Auckland Region,Nil,1-way,Sealed,,0,0,,100,,Off,0,0,,76,Auckland,Nil,,,,,0,0,Open,0,,,Light rain,Null
1702360,6096697,28323,,501000,0,0,0,0,0,South,2005/2006,MATAUWHI ROAD,HOPE AVENUE,,Non-Injury Crash,No,2006,0,North,1,0,0,Flat,0,,0,,0,Twilight,57100,0,0,0,2,0,0,0,0,0,,0,0,Northland Region,Nil,2-way,Unsealed,0,0,0,0,50,0,On,1,0,,1,Far North District,Nil,0,0,0,0,0,0,Urban,0,0,0,Fine,Null
1798467,5817907,28324,,528700,0,,0,3,,North,2005/2006,TE RAPA ROAD,VARDON ROAD,,Non-Injury Crash,No,2006,,South,,0,,Flat,,,,,,Bright sun,900100,0,0,0,4,,,0,,,,,,Waikato Region,Nil,2-way,Sealed,,0,0,,50,,Null,0,0,,16,Hamilton City,Traffic Signals,,,,,0,0,Urban,0,,,Fine,Null
1884755,5774201,28325,,540410,0,,0,2,,South,2005/2006,AMOHIA ST,ARAWA ST,,Non-Injury Crash,No,2006,,North,,0,,Flat,,,,,,Bright sun,1233300,0,0,0,2,,,0,,,,,,Bay of Plenty Region,Nil,2-way,Sealed,,0,0,,50,,Null,0,0,,24,Rotorua District,Unknown,,,,,0,0,Urban,0,,,Fine,Null
1882719,5776767,28326,,539200,0,,0,2,,Null,2006/2007,SH 5,KAWAHA POINT ROAD,,Non-Injury Crash,Yes,2006,,South,,0,,Flat,,,,,,Bright sun,1220600,0,0,0,3,,,0,,,,,,Bay of Plenty Region,Nil,2-way,Sealed,,0,0,,60,,Off,0,0,,24,Rotorua District,Stop,,,,,0,0,Urban,0,,,Fine,Null
1798962,5818625,28327,,528310,0,,0,1,,Null,2005/2006,TAYLOR TERRACE,BRAID ROAD,,Non-Injury Crash,No,2006,,South,,0,,Flat,,,,,,Bright sun,898700,0,0,0,2,,,0,,,,,,Waikato Region,Nil,2-way,Sealed,,0,0,,50,,Null,0,0,,16,Hamilton City,Give way,,,,,0,0,Urban,1,,,Fine,Null
1716315,6058772,28328,,504300,0,0,0,1,0,North,2005/2006,SH 1N,JORDAN VALLEY ROAD,,Minor Crash,Yes,2006,0,North,0,0,0,Flat,0,,0,,1,Dark,63400,1,0,0,2,0,0,0,0,0,,0,0,Northland Region,Nil,2-way,Sealed,0,0,0,0,100,0,On,0,0,,2,Whangarei District,Unknown,0,1,0,0,0,0,Open,0,0,0,Fine,Null
1883266,5826119,28329,,536821,0,,0,1,,North,2005/2006,SH 2,SPUR AVENUE,,Non-Injury Crash,Yes,2006,,South,,0,,Flat,,,,,,Dark,1204401,0,0,0,4,,,0,,,,,,Bay of Plenty Region,Nil,2-way,Sealed,,0,0,,50,,On,0,0,50,23,Tauranga City,Nil,,,,,0,0,Urban,1,,,Fine,Null
1718877,6050947,28330,,502102,0,,0,2,,South,2005/2006,CORKS ROAD,GILLINGHAM ROAD,,Non-Injury Crash,No,2006,,East,,0,,Flat,,,,,,Unknown,84400,0,0,0,2,,,0,,,,,,Northland Region,Nil,2-way,Sealed,,0,0,,50,,Off,0,0,,2,Whangarei District,Nil,,,,,0,0,Urban,0,,,Light rain,Null
1767971,5904324,28331,,524602,0,,0,3,,East,2006/2007,REDOUBT ROAD,GREAT SOUTH ROAD,,Non-Injury Crash,No,2006,,West,,0,,Flat,,,,,,Overcast,780501,0,0,0,4,,,0,,,,,,Auckland Region,Bridge,2-way,Sealed,,0,0,,50,,None,0,0,,76,Auckland,Nil,,,,,0,0,Urban,0,,,Fine,Null
1760145,5915954,28332,,516002,0,1,0,0,0,Null,2005/2006,SH 1N,GREENLANE INT,,Non-Injury Crash,Yes,2006,0,South,0,0,0,Flat,0,,0,,0,Bright sun,492100,0,0,0,3,0,0,0,0,0,,0,0,Auckland Region,Bridge,1-way,Sealed,0,0,0,0,100,0,Off,0,0,,76,Auckland,Nil,0,0,0,0,1,0,Open,0,0,0,Fine,Null
1876089,5820362,28333,,537601,0,,0,1,,South,2006/2007,HYNDS ROAD,SHERWIN ST,,Non-Injury Crash,No,2006,,South,,0,,Flat,,,,,,Overcast,1174900,0,0,0,2,,,0,,,,,,Bay of Plenty Region,Nil,2-way,Sealed,,0,0,,50,,Null,0,0,,23,Tauranga City,Nil,,,,,1,0,Urban,0,,,Fine,Null
1759895,5915808,28334,,516002,0,,0,2,,East,2005/2006,Z CPK FOODTOWN,GREAT SOUTH ROAD,,Non-Injury Crash,No,2006,,North,,0,,Flat,,,,,,Bright sun,494100,0,0,0,0,,,0,,,,,,Auckland Region,Nil,Off road,Sealed,,0,0,,30,,Off,0,0,,76,Auckland,Nil,,,,,0,0,Urban,0,,,Fine,Null
1798111,5820057,28335,,528320,0,,0,3,,East,2005/2006,WAIRERE DRIVE,PUKETE ROAD,,Non-Injury Crash,No,2006,,East,,0,,Hill Road,,,,,,Dark,897511,0,0,0,2,,,0,,,,,,Waikato Region,Nil,2-way,Sealed,,0,0,,80,,On,0,0,,16,Hamilton City,Unknown,,,,,0,0,Open,0,,,Fine,Null
1759352,5913895,28336,,519720,0,,0,2,,Null,2005/2006,AMARU ROAD,MOANA AVENUE,,Non-Injury Crash,No,2006,,West,,0,,Flat,,,,,,Overcast,592700,0,0,0,2,,,0,,,,,,Auckland Region,Nil,2-way,Sealed,,0,0,,50,,Null,0,0,,76,Auckland,Stop,,,,,0,0,Urban,0,,,Fine,Null
1762706,5914943,28337,,520302,0,,0,2,,Null,2006/2007,ELLERSLIE-PANMURE HIGHWAY,HARRISON ROAD,,Non-Injury Crash,No,2006,,West,,0,,Flat,,,,,,Overcast,625104,0,0,0,2,,,0,,,,,,Auckland Region,Nil,2-way,Sealed,,0,0,,50,,Off,0,0,,76,Auckland,Nil,,,,,0,0,Urban,0,,,Fine,Null
1622691,5429212,28338,,583202,1,,0,0,,Null,2006/2007,MOTUEKA ST,KAWAI ST SOUTH,,Minor Crash,No,2006,,West,,0,,Flat,,,,,,Bright sun,2329700,1,0,0,2,,,0,,,,,,Nelson Region,Nil,2-way,Sealed,,0,0,,50,,Null,0,0,,52,Nelson City,Nil,,,,,1,0,Urban,0,,,Fine,Null
1758009,5914637,28339,,519300,0,,0,1,,North,2005/2006,MANUKAU ROAD,PUKENUI ROAD,,Serious Crash,No,2006,,North,,0,,Flat,,,,,,Dark,624200,0,0,0,2,,,0,,,1,,,Auckland Region,Nil,2-way,Sealed,,0,1,,50,,On,0,0,,76,Auckland,Nil,,,,,0,0,Urban,0,,,Fine,Null
1826577,5869050,28340,,533901,0,,0,2,,Null,2006/2007,SH 2,WHAREPOA ROAD WEST,,Non-Injury Crash,Yes,2006,,West,,0,,Flat,,,,,,Bright sun,1064800,0,0,0,2,,,0,,,,,,Waikato Region,Nil,2-way,Sealed,,0,0,,100,,Off,0,0,,12,Hauraki District,Give way,,,,,0,0,Open,0,,,Null,Null
1753915,5445259,28341,,570700,0,0,0,0,0,East,2006/2007,AWARUA ST,KAHIKA GROVE,,Minor Crash,No,2006,0,West,0,0,1,Flat,0,,0,,0,Overcast,2037400,2,0,0,2,0,0,0,0,0,,0,0,Wellington Region,Nil,2-way,Sealed,0,0,0,0,50,0,Null,0,0,,44,Porirua City,Nil,0,0,0,0,0,0,Urban,1,0,0,Mist or Fog,Null
1393253,5090529,28342,,600323,0,,0,0,,East,2005/2006,HALDON ROAD,STONY RIVER ROAD,,Minor Crash,No,2006,,South,,0,,Flat,,,,,,Bright sun,2813202,3,0,0,2,,,0,,,,,,Canterbury Region,Nil,2-way,Unsealed,,0,0,,100,,Null,1,0,,65,Mackenzie District,Unknown,,,,,0,0,Open,0,,,Fine,Null
1403562,5098662,28343,,600323,0,,0,0,,East,2005/2006,HAKATARAMEA PASS ROAD,HALDON ROAD,,Minor Crash,No,2006,,North,,0,,Hill Road,,,,,,Bright sun,2813202,1,0,0,1,,,0,,,,,,Canterbury Region,Nil,2-way,Unsealed,,0,0,,100,,Null,1,0,,65,Mackenzie District,Unknown,,,,,0,0,Open,0,,,Fine,Null
1764318,5912290,28344,,520500,0,,0,1,,North,2005/2006,SH 1N,MT WGTN OFF NBD,,Non-Injury Crash,Yes,2006,,North,,0,,Hill Road,,,,,,Bright sun,639500,0,0,0,2,,,0,,,,,,Auckland Region,Nil,1-way,Sealed,,0,0,,100,,Off,0,0,,76,Auckland,Nil,,,,,1,0,Open,0,,,Fine,Null
1848617,5686405,28345,,541347,0,0,0,1,1,West,2006/2007,SH 1N,PAREKARANGARANGA ST,,Minor Crash,Yes,2006,0,West,0,0,0,Flat,0,,0,,0,Bright sun,1281404,1,0,0,2,0,1,0,0,0,,0,0,Waikato Region,Nil,2-way,Sealed,0,0,0,0,100,0,Null,0,0,,21,Taupo District,Unknown,0,0,0,1,0,0,Open,0,0,0,Fine,Null
1570884,5180038,28346,,591500,0,,0,2,,Null,2005/2006,MANCHESTER ST,HEREFORD ST,,Minor Crash,No,2006,,South,,0,,Flat,,,,,,Twilight,2651500,1,0,0,6,,,0,,,,,,Canterbury Region,Nil,2-way,Sealed,,0,0,,50,,On,0,0,,60,Christchurch City,Traffic Signals,,,,,0,0,Urban,0,,,Fine,Null
1801220,5814640,28347,,529700,1,0,0,1,0,South,2005/2006,ANGLESEA ST,CLARENCE ST,,Minor Crash,No,2006,0,North,0,0,0,Flat,0,,0,,0,Bright sun,912200,1,0,0,4,0,0,0,0,0,,0,0,Waikato Region,Nil,2-way,Sealed,0,0,0,0,50,0,Off,0,0,,16,Hamilton City,Nil,0,0,0,0,0,0,Urban,0,1,0,Fine,Null
1757754,5918221,28348,,515700,0,,0,3,,South,2006/2007,SH 1N,MOUNTAIN OBR,,Minor Crash,Yes,2006,,North,,0,,Flat,,,,,,Dark,443600,1,0,0,5,,,0,,,,,,Auckland Region,Nil,1-way,Sealed,,0,0,,80,,On,0,0,,76,Auckland,Nil,,,,,0,0,Open,0,,,Fine,Null
1764919,5914744,28349,,520602,0,,0,1,,Null,2005/2006,PANMURE ROUNDABOUT,ELLERSLIE-PANMURE HIGHWAY,,Non-Injury Crash,No,2006,,North,,0,,Flat,,,,,,Bright sun,628400,0,0,0,6,,,0,,,,,,Auckland Region,Nil,2-way,Sealed,,0,0,,50,,Off,0,0,,76,Auckland,Give way,,,,,1,0,Urban,0,,,Fine,Null
1743777,5916856,28350,,513011,0,,0,0,,West,2006/2007,STURGES ROAD,PALOMINO DRIVE,,Fatal Crash,No,2006,,East,,1,,Hill Road,,,,,,Bright sun,280705,0,0,0,2,,,0,,,1,,,Auckland Region,Nil,2-way,Sealed,,0,0,,50,,Off,0,0,,76,Auckland,Nil,,,,,0,0,Urban,1,,,Fine,Null
1795188,5810475,28351,,527820,0,,0,2,,Null,2006/2007,TUHIKARAMEA ROAD,KOROMATUA ROAD,,Minor Crash,No,2006,,South,,0,,Hill Road,,,,,,Bright sun,979500,2,0,0,2,,,0,,,,,,Waikato Region,Nil,2-way,Sealed,,0,0,,100,,Null,0,0,,16,Hamilton City,Stop,,,,,0,0,Open,0,,,Fine,Null
1766456,5907308,28352,,522302,0,,0,2,,South,2005/2006,SH 1N,OTARA OFF NBD,,Minor Crash,Yes,2006,,North,,0,,Flat,,,,,,Overcast,667700,1,0,0,3,,,0,,,,,,Auckland Region,Nil,1-way,Sealed,,0,0,,100,,Off,0,0,,76,Auckland,Nil,,,,,0,0,Open,0,,,Light rain,Null
1755104,5914353,28353,,518500,0,,0,2,,West,2006/2007,MOUNT ALBERT ROAD,MOUNT ROSKILL ROAD,,Minor Crash,No,2006,,East,,0,,Flat,,,,,,Twilight,560900,1,0,0,2,,,0,,,,,,Auckland Region,Nil,2-way,Sealed,,0,0,,50,,Off,0,0,,76,Auckland,Nil,,,,,0,0,Urban,0,,,Fine,Null
1757052,5920505,28354,,514102,0,,0,1,,South,2005/2006,HOBSON ST,VICTORIA ST WEST,,Minor Crash,No,2006,,South,,0,,Flat,,,,,,Dark,433801,1,0,0,4,,,0,,,1,,,Auckland Region,Nil,1-way,Sealed,,0,0,,50,,On,0,0,,76,Auckland,Nil,,,,,0,0,Urban,0,,,Fine,Null
1933527,5606722,28355,,545721,0,,0,1,,North,2006/2007,SH 2,RUAHAPIA ROAD,,Minor Crash,Yes,2006,,South,,0,,Flat,,,,,,Bright sun,1472200,1,0,0,2,,,0,,,,,,Hawke's Bay Region,Nil,2-way,Sealed,,0,0,,100,,Null,1,0,,30,Hastings District,Nil,,,,,0,0,Open,0,,,Fine,Null
1765603,5903068,28356,,524604,0,,0,2,,Null,2005/2006,WIRI STATION ROAD,LANGLEY ROAD,,Non-Injury Crash,No,2006,,West,,0,,Flat,,,,,,Bright sun,781302,0,0,0,4,,,0,,,,,,Auckland Region,Nil,2-way,Sealed,,0,0,,80,,Off,0,0,,76,Auckland,Stop,,,,,0,0,Open,0,,,Fine,Null
1822670,5530415,28357,,562402,0,,0,2,,Null,2006/2007,GREY ST,ALBERT ST,,Minor Crash,No,2006,,West,,0,,Flat,,,,,,Overcast,1835800,1,0,0,2,,,0,,,,,,Manawatū-Whanganui Region,Nil,2-way,Sealed,,0,0,,50,,Null,0,0,,40,Palmerston North City,Stop,,,,,0,0,Urban,0,,,Fine,Null
1826389,5886143,28358,,533502,0,,0,1,,North,2005/2006,ROLLESTON ST,GREY ST,,Serious Crash,No,2006,,North,,0,,Flat,,,,,,Dark,1053400,1,0,0,2,,,0,,,2,,,Waikato Region,Nil,2-way,Sealed,,0,1,,50,,On,0,0,,11,Thames-Coromandel District,Unknown,,,,,0,0,Urban,0,,,Fine,Null