X,Y,OBJECTID,advisorySpeed,areaUnitID,bicycle,bridge,bus,carStationWagon,cliffBank,crashDirectionDescription,crashFinancialYear,crashLocation1,crashLocation2,crashRoadSideRoad,crashSeverity,crashSHDescription,crashYear,debris,directionRoleDescription,ditch,fatalCount,fence,flatHill,guardRail,holiday,houseOrBuilding,intersection,kerb,light,meshblockId,minorInjuryCount,moped,motorcycle,NumberOfLanes,objectThrownOrDropped,otherObject,otherVehicleType,overBank,parkedVehicle,pedestrian,phoneBoxEtc,postOrPole,region,roadCharacter,roadLane,roadSurface,roadworks,schoolBus,seriousInjuryCount,slipOrFlood,speedLimit,strayAnimal,streetLight,suv,taxi,temporarySpeedLimit,tlaId,tlaName,trafficControl,trafficIsland,trafficSign,train,tree,truck,unknownVehicleType,urban,vanOrUtility,vehicle,waterRiver,weatherA,weatherB
1771669,5913854,28359,,521602,0,0,0,2,0,East,2005/2006,UNION ROAD,MOORE ST,,Non-Injury Crash,No,2006,0,West,0,0,0,Flat,0,,0,,0,Dark,649001,0,0,0,2,0,0,0,0,1,,0,0,Auckland Region,Nil,2-way,Sealed,0,0,0,0,50,0,On,0,0,,76,Auckland,Nil,0,0,0,0,0,0,Urban,0,0,0,Light rain,Null
1568160,5181351,28360,,589300,0,,1,1,,West,2006/2007,FENDALTON ROAD,CLIFFORD AVENUE,,Minor Crash,No,2006,,East,,0,,Flat,,,,,,Bright sun,2547500,1,0,0,2,,,0,,,,,,Canterbury Region,Rail xing,2-way,Sealed,,0,0,,50,,Null,0,0,,60,Christchurch City,Unknown,,,,,0,0,Urban,0,,,Fine,Null
1584370,5373842,28361,,581842,0,,0,1,,Null,2005/2006,SH 63,UPPER BULLER BR W,,Minor Crash,Yes,2006,,North,,0,,Hill Road,,,,,,Overcast,2383000,3,0,0,1,,,0,,,,,,Tasman Region,Bridge,2-way,Sealed,,0,0,,100,,Null,0,0,,51,Tasman District,Give way,,,,,0,0,Open,1,,,Light rain,Null
1765711,5908301,28362,,523403,0,0,0,1,0,North,2006/2007,SH 1N,BAIRDS OBR,,Minor Crash,Yes,2006,0,North,0,0,0,Flat,1,,0,,0,Dark,696600,2,0,0,3,0,0,0,0,0,,0,0,Auckland Region,Nil,1-way,Sealed,0,0,0,0,100,0,On,0,0,,76,Auckland,Nil,0,0,0,0,0,0,Open,0,0,0,Fine,Null
1647225,5441628,28363,,581812,0,,0,2,,North,2005/2006,SH 6,RAI SDL,,Serious Crash,Yes,2006,,West,,0,,Flat,,,,,,Overcast,2360800,1,0,0,2,,,0,,,,,,Nelson Region,Nil,2-way,Sealed,,0,1,,100,,Null,0,0,,52,Nelson City,Nil,,,,,0,0,Open,0,,,Light rain,Null
1851276,5688948,28364,,541346,0,,0,2,,Null,2006/2007,SH 1N,HEUHEU PARADE,,Minor Crash,Yes,2006,,South,,0,,Flat,,,,,,Overcast,1281403,2,0,0,2,,,0,,,,,,Waikato Region,Bridge,2-way,Sealed,,0,0,,100,,Null,0,0,,21,Taupo District,Give way,,,,,0,0,Open,0,,,Fine,Null
1879366,5826664,28365,,538202,0,,0,2,,North,2006/2007,Z CPK BOAT RAMP,CROSS ROAD,,Non-Injury Crash,No,2006,,West,,0,,Flat,,,,,,Dark,1188808,0,0,0,0,,,0,,,,,,Bay of Plenty Region,Nil,Off road,Sealed,,0,0,,50,,On,0,0,,23,Tauranga City,Unknown,,,,,0,0,Urban,0,,,Fine,Null
1756616,5912806,28366,,518702,0,,0,2,,Null,2005/2006,SH 20,HILLSBOROUGH OBR,,Non-Injury Crash,Yes,2006,,West,,0,,Flat,,,,,,Bright sun,570100,0,0,0,4,,,0,,,,,,Auckland Region,Nil,2-way,Sealed,,0,0,,50,,Off,0,0,,76,Auckland,Traffic Signals,,,,,0,0,Urban,0,,,Fine,Null
1716338,6044647,28367,,503300,0,,0,2,,Null,2006/2007,SH 14,NGAHERE DRIVE,,Minor Crash,Yes,2006,,West,,0,,Hill Road,,,,,,Overcast,70203,2,0,0,2,,,0,,,,,,Northland Region,Nil,2-way,Sealed,,0,0,,70,,Off,0,0,,2,Whangarei District,Stop,,,,,0,0,Urban,0,,,Light rain,Null
1243480,4848547,28368,,611220,0,,0,2,,Null,2005/2006,NESS ST,CRINAN ST,,Minor Crash,No,2006,,North,,0,,Flat,,,,,,Overcast,3112300,2,0,0,2,,,0,,,,,,Southland Region,Nil,2-way,Sealed,,0,0,,50,,Null,0,0,,75,Invercargill City,Give way,,,,,0,0,Urban,0,,,Fine,Null
1885130,5773887,28369,,540410,0,0,0,1,0,West,2006/2007,HINEMOA ST,FENTON ST,,Non-Injury Crash,No,2006,0,South,0,0,0,Flat,0,,0,,0,Overcast,1234300,0,0,0,2,0,0,0,0,1,,0,0,Bay of Plenty Region,Nil,2-way,Sealed,0,0,0,0,50,0,Off,0,0,,24,Rotorua District,Nil,0,0,0,0,0,0,Urban,1,0,0,Fine,Null
1750639,5913011,28370,,511303,0,,0,1,,Null,2006/2007,PORTAGE ROAD,LINKS ROAD,,Serious Crash,No,2006,,North,,0,,Flat,,,,,,Dark,265600,1,0,0,2,,,0,,,,,,Auckland Region,Nil,2-way,Sealed,,0,2,,50,,On,1,0,,76,Auckland,Stop,,,,,0,0,Urban,0,,,Fine,Null
1763721,5907678,28371,,521902,0,0,0,1,0,North,2005/2006,HOSPITAL ROAD,MIDDLEMORE CRESCENT,,Non-Injury Crash,No,2006,0,North,0,0,0,Flat,0,,0,,0,Bright sun,786500,0,0,0,2,0,0,0,0,1,,0,0,Auckland Region,Nil,2-way,Sealed,0,0,0,0,50,0,Off,0,0,,76,Auckland,Nil,0,0,0,0,0,0,Urban,1,0,0,Fine,Null
1457018,5072600,28372,,598313,0,,0,1,,Null,2005/2006,SH 1S,PAREORA AVENUE,,Minor Crash,Yes,2006,,South,,0,,Flat,,,,,,Bright sun,2777500,1,0,0,3,,,0,,,,,,Canterbury Region,Nil,2-way,Sealed,,0,0,,100,,Null,0,0,,64,Timaru District,Stop,,,,,1,0,Open,0,,,Fine,Null
1619556,5426419,28373,,583900,0,,0,1,,Null,2005/2006,MAIN ROAD STOKE,SONGER ST,,Minor Crash,No,2006,,South,,0,,Flat,,,,,,Dark,2342800,1,1,0,2,,,0,,,,,,Nelson Region,Nil,2-way,Sealed,,0,0,,50,,On,0,0,,52,Nelson City,Traffic Signals,,,,,0,0,Urban,0,,,Fine,Null
1892111,5812842,28374,,538501,0,,0,1,,North,2005/2006,CAMERON ROAD,MUIR PLACE,,Non-Injury Crash,No,2006,,South,,0,,Flat,,,,,,Twilight,1214605,0,0,0,2,,,0,,,,,,Bay of Plenty Region,Nil,2-way,Sealed,,0,0,,50,,Off,0,0,,22,Western Bay of Plenty District,Unknown,,,,,1,0,Urban,0,,,Fine,Null
1767428,5912101,28375,,522920,0,0,0,1,0,North,2005/2006,TI RAKAU DRIVE,EDGEWATER DRIVE S,,Minor Crash,No,2006,0,North,0,0,0,Flat,0,Easter,0,,1,Dark,687004,1,0,0,2,0,0,0,0,0,,0,0,Auckland Region,Nil,2-way,Sealed,0,0,0,0,60,0,On,0,0,,76,Auckland,Nil,0,0,0,1,0,0,Urban,0,0,0,Fine,Null
1764620,5909818,28376,,521802,0,0,0,1,0,North,2005/2006,HUTTON ST,HIGH ST,,Non-Injury Crash,No,2006,0,North,0,0,0,Flat,0,Queens Birthday,0,,0,Dark,787900,0,0,0,2,0,0,0,0,0,,0,0,Auckland Region,Nil,2-way,Sealed,0,0,0,0,50,0,On,0,0,,76,Auckland,Nil,0,0,0,1,0,0,Urban,0,0,0,Fine,Null
1768226,5909826,28377,,523112,0,,0,1,,West,2005/2006,ALLENS ROAD,ZELANIAN DRIVE,,Non-Injury Crash,No,2006,,East,,0,,Flat,,,,,,Bright sun,711500,0,0,0,2,,,0,,,,,,Auckland Region,Nil,2-way,Sealed,,0,0,,50,,Off,0,0,,76,Auckland,Nil,,,,,1,0,Urban,0,,,Fine,Null
1741232,5719093,28378,,531710,0,0,1,1,1,North,2006/2007,SH 3,AWAKINO HEADS ROAD S,,Serious Crash,Yes,2006,0,South,0,0,0,Hill Road,0,,0,,0,Twilight,1016900,1,0,0,2,0,0,0,1,0,,0,0,Waikato Region,Nil,2-way,Sealed,0,1,2,0,100,0,None,0,0,,20,Waitomo District,Nil,0,0,0,0,0,0,Open,0,0,0,Fine,Null
1747670,5914552,28379,,511100,0,,0,2,,South,2005/2006,GREAT NORTH ROAD,SABULITE ROAD,,Non-Injury Crash,No,2006,,North,,0,,Hill Road,,,,,,Bright sun,285202,0,0,0,4,,,0,,,,,,Auckland Region,Nil,2-way,Sealed,,0,0,,50,,Null,0,0,,76,Auckland,Unknown,,,,,0,0,Urban,0,,,Fine,Null
1760289,5917245,28380,,516202,0,,0,1,,North,2005/2006,VICTORIA AVENUE,REMUERA ROAD,,Non-Injury Crash,No,2006,,North,,0,,Flat,,,,,,Dark,490200,0,0,0,2,,,0,,,,,,Auckland Region,Nil,2-way,Sealed,,0,0,,50,,On,0,0,,76,Auckland,Nil,,,,,0,0,Urban,0,,,Fine,Null
1740368,5927628,28381,,505604,0,,0,0,,West,2005/2006,SH 16,TAUPAKI ROAD,,Non-Injury Crash,Yes,2006,,North,,0,,Flat,,,,,,Dark,214501,0,0,0,2,,,0,,,,,,Auckland Region,Nil,2-way,Sealed,,0,0,,80,,None,1,0,,76,Auckland,Nil,,,,,0,0,Open,1,,,Light rain,Null
1690670,6083216,28382,,501500,0,,0,1,,South,2006/2007,SH 1N,HAUTAPU ROAD,,Minor Crash,Yes,2006,,South,,0,,Hill Road,,Christmas New Year,,,,Dark,52001,1,0,0,3,,,0,,,1,,,Northland Region,Nil,2-way,Sealed,,0,0,,100,,None,0,0,,1,Far North District,Nil,,,,,0,0,Open,0,,,Fine,Null
1575066,5177618,28383,,594020,0,0,0,0,0,Null,2005/2006,FERRY ROAD,SH 74 DYERS,,Serious Crash,Yes,2006,0,West,0,0,0,Flat,0,,0,,1,Bright sun,2589500,0,0,1,4,0,0,0,0,0,,0,0,Canterbury Region,Nil,2-way,Sealed,0,0,1,0,50,0,Null,0,0,,60,Christchurch City,Give way,0,0,0,0,0,0,Urban,0,0,0,Fine,Null
1764547,5905567,28384,,522100,0,0,0,2,0,West,2005/2006,HILL ROAD,WYLLIE ROAD,,Non-Injury Crash,No,2006,0,West,0,0,0,Hill Road,0,,0,,0,Bright sun,657900,0,0,0,2,0,0,0,0,1,,0,0,Auckland Region,Nil,2-way,Sealed,0,0,0,0,50,0,Off,0,0,,76,Auckland,Nil,0,0,0,0,0,0,Urban,0,0,0,Fine,Null
1758264,5920203,28385,,514103,0,0,0,0,0,Null,2005/2006,SH 16,PARNELL RISE,,Minor Crash,Yes,2006,0,North,0,0,0,Flat,0,,0,,0,Bright sun,438203,1,0,0,4,0,0,0,0,0,1,0,0,Auckland Region,Nil,2-way,Sealed,0,0,0,0,50,0,Off,0,0,,76,Auckland,Traffic Signals,1,1,0,0,1,0,Urban,0,0,0,Fine,Null
1764195,5910046,28386,,521801,0,,0,2,,Null,2006/2007,ATKINSON AVENUE,GORDON ROAD,,Non-Injury Crash,No,2006,,North,,0,,Flat,,,,,,Overcast,787300,0,0,0,4,,,0,,,,,,Auckland Region,Nil,2-way,Sealed,,0,0,,50,,Off,0,0,,76,Auckland,Nil,,,,,0,0,Urban,0,,,Light rain,Null
1746314,5428305,28387,,575000,0,0,0,1,0,Null,2005/2006,LANCASTER ST,FLERS ST,,Minor Crash,No,2006,0,North,0,0,1,Flat,0,,0,,0,Dark,2111500,1,0,0,2,0,0,0,0,0,,0,0,Wellington Region,Nil,2-way,Sealed,0,0,0,0,50,0,On,0,0,,47,Wellington City,Give way,0,0,0,0,0,0,Urban,0,0,0,Fine,Null
1767116,5905516,28388,,524603,0,,0,2,,South,2005/2006,GREAT SOUTH ROAD,REAGAN ROAD,,Non-Injury Crash,No,2006,,South,,0,,Flat,,,,,,Bright sun,780205,0,0,0,4,,,0,,,,,,Auckland Region,Nil,2-way,Sealed,,0,0,,50,,Off,0,0,,76,Auckland,Nil,,,,,0,0,Urban,0,,,Fine,Null
1677974,6020597,28389,,504600,0,0,0,1,0,South,2005/2006,LOGAN ST,LIVERPOOL ST,,Non-Injury Crash,No,2006,0,South,0,0,1,Flat,0,,0,,0,Dark,117100,0,0,0,2,0,0,0,0,0,,0,0,Northland Region,Nil,2-way,Sealed,0,0,0,0,50,0,On,0,0,,3,Kaipara District,Nil,0,0,0,0,0,0,Urban,0,0,0,Fine,Null
1774772,5896192,28390,,525610,0,0,0,1,0,Null,2006/2007,DOMINION ROAD,EASTBURN ST,,Minor Crash,No,2006,0,East,0,0,0,Flat,0,,0,,0,Overcast,799000,1,0,0,2,0,0,0,0,0,,0,1,Auckland Region,Nil,2-way,Sealed,0,0,0,0,50,0,Off,0,0,,76,Auckland,Give way,0,0,0,0,0,0,Urban,0,0,0,Fine,Null
1756967,5927221,28391,,507900,0,,0,1,,Null,2006/2007,TAHAROTO ROAD,KARAKA ST,,Non-Injury Crash,No,2006,,North,,0,,Flat,,,,,,Overcast,304800,0,0,0,4,,,0,,,,,,Auckland Region,Nil,2-way,Sealed,,0,0,,50,,Off,0,0,,76,Auckland,Nil,,,,,1,0,Urban,0,,,Heavy rain,Null
1312310,4948991,28392,,607800,0,0,0,1,0,South,2006/2007,SH 8,SMITH ST,,Minor Crash,Yes,2006,0,North,1,0,0,Flat,0,,0,,1,Overcast,3010100,1,0,0,2,0,0,0,0,0,,0,1,Otago Region,Nil,2-way,Sealed,0,0,0,0,80,0,Null,0,0,,69,Central Otago District,Unknown,0,0,0,0,0,0,Open,0,0,0,Fine,Null
1825634,5827290,28393,,534604,0,0,0,1,0,Null,2005/2006,ROACHE ROAD,KEREONE ROAD,,Non-Injury Crash,No,2006,0,North,0,0,0,Flat,1,,0,,0,Dark,1098500,0,0,0,2,0,0,0,0,0,,0,1,Waikato Region,Nil,2-way,Sealed,0,0,0,0,100,0,None,0,0,,15,Matamata-Piako District,Give way,0,0,0,0,0,0,Open,0,0,0,Fine,Null
1743911,5916895,28394,,513011,0,,0,2,,East,2005/2006,Z CPK PALOMINO SHOPS,PALOMINO DRIVE,,Non-Injury Crash,No,2006,,North,,0,,Flat,,,,,,Bright sun,280701,0,0,0,1,,,0,,,,,,Auckland Region,Nil,Off road,Sealed,,0,0,,50,,Off,0,0,,76,Auckland,Nil,,,,,0,0,Urban,0,,,Fine,Null
1928695,5605757,28395,,547700,0,0,0,1,0,South,2005/2006,SOUTHAMPTON ST WEST,DAVIS ST,,Serious Crash,No,2006,0,North,0,0,0,Flat,0,,0,,0,Dark,1486500,0,0,0,2,0,0,0,0,0,,0,0,Hawke's Bay Region,Nil,2-way,Sealed,0,0,1,0,50,0,On,0,0,,30,Hastings District,Nil,0,0,0,1,0,0,Urban,0,0,0,Light rain,Null
1776224,5900869,28396,,525201,0,0,0,1,0,East,2005/2006,CLEVEDON-TAKANINI ROAD,ALFRISTON-ARDMORE ROAD,,Non-Injury Crash,No,2006,0,East,1,0,0,Flat,0,,0,,0,Dark,761100,0,0,0,2,0,0,0,0,0,,0,0,Auckland Region,Nil,2-way,Sealed,0,0,0,0,100,0,None,0,0,,76,Auckland,Unknown,0,0,0,0,0,0,Open,0,0,0,Fine,Null
1758911,5910125,28397,,524002,0,,0,1,,East,2005/2006,CHURCH ROAD,WOODWARD AVENUE,,Minor Crash,No,2006,,East,,0,,Flat,,,,,,Overcast,721800,2,0,0,2,,,0,,,,,,Auckland Region,Nil,2-way,Sealed,,0,0,,50,,Null,0,0,,76,Auckland,Unknown,,,,,1,0,Urban,0,,,Light rain,Null
1743231,5428818,28398,,577700,0,0,0,0,1,West,2005/2006,MAKARA ROAD,KHOURI AVENUE,,Minor Crash,No,2006,0,South,0,0,0,Hill Road,0,,0,,0,Dark,2116801,1,0,0,2,0,0,0,0,0,,0,0,Wellington Region,Nil,2-way,Sealed,0,0,0,0,100,0,None,1,0,,47,Wellington City,Nil,0,0,0,0,0,0,Open,0,0,0,Mist or Fog,Null
1800714,5815343,28399,,529700,0,,0,1,,West,2006/2007,WARD ST,ANGLESEA ST,,Non-Injury Crash,No,2006,,East,,0,,Flat,,,,,,Overcast,910900,0,0,0,3,,,0,,,,,,Waikato Region,Nil,2-way,Sealed,,0,0,,50,,Null,1,0,,16,Hamilton City,Traffic Signals,,,,,0,0,Urban,0,,,Mist or Fog,Null
1496953,5332551,28400,,584702,0,,0,0,,Null,2006/2007,SH 7,MAIMAI ROAD,,Minor Crash,Yes,2006,,North,,0,,Flat,,,,,,Overcast,2398600,1,0,0,2,,,0,,,,,,West Coast Region,Nil,2-way,Sealed,,0,0,,100,,Null,1,0,,55,Buller District,Give way,,,,,0,0,Open,0,,,Fine,Null
1757585,5451568,28401,,571900,0,,0,0,,North,2006/2007,SH 1N,PLIMMERTON WEIGH STN,,Minor Crash,Yes,2006,,North,,0,,Flat,,,,,,Dark,2069001,1,0,0,4,,,0,,,,,,Wellington Region,Nil,2-way,Sealed,,0,0,,100,,None,0,0,,44,Porirua City,Nil,,,,,0,0,Open,1,,,Fine,Null
1747786,5939066,28402,,506300,0,0,0,0,0,East,2005/2006,DAIRY FLAT HIGHWAY,BAWDEN ROAD,,Non-Injury Crash,No,2006,0,West,1,0,0,Hill Road,0,,0,,0,Bright sun,176006,0,0,0,2,0,0,0,0,0,,0,0,Auckland Region,Nil,2-way,Sealed,0,0,0,0,100,0,Off,0,0,,76,Auckland,Nil,0,0,0,0,1,0,Open,0,0,0,Fine,Null
1788554,5813713,28403,65,526601,0,0,0,1,1,West,2005/2006,SH 23,TE PAHU ROAD,,Minor Crash,Yes,2006,0,East,0,0,0,Flat,0,,0,,0,Dark,859600,1,0,0,2,0,0,0,0,0,,0,0,Waikato Region,Nil,2-way,Sealed,0,0,0,0,100,0,None,0,0,,13,Waikato District,Unknown,0,0,0,0,0,0,Open,0,0,0,Fine,Null
1982737,5669182,28404,,545500,0,0,0,1,0,East,2005/2006,BLACK ST,CLYDE ROAD,,Minor Crash,No,2006,0,North,0,0,1,Flat,0,,0,,0,Dark,1389200,1,0,0,2,0,0,0,0,0,,0,0,Hawke's Bay Region,Nil,2-way,Sealed,0,0,0,0,50,0,On,0,0,,29,Wairoa District,Nil,0,0,0,1,0,0,Urban,0,0,0,Fine,Strong wind
1760410,5879303,28405,,521121,0,,0,1,,East,2005/2006,WAIUKU ROAD,TITI ROAD,,Non-Injury Crash,No,2006,,East,,0,,Flat,,,,,,Overcast,812301,0,0,0,2,,,0,,,,,,Auckland Region,Nil,2-way,Sealed,,0,0,,100,,None,0,0,,76,Auckland,Nil,,,,,0,0,Open,1,,,Light rain,Null
1702061,6097438,28406,,501000,0,0,0,2,0,North,2005/2006,YORK ST,CHAPEL ST,,Non-Injury Crash,No,2006,0,North,0,0,0,Flat,0,,0,,0,Bright sun,56500,0,0,0,2,0,0,0,0,1,,0,0,Northland Region,Nil,2-way,Sealed,0,0,0,0,50,0,Off,0,0,,1,Far North District,Nil,0,0,0,0,0,0,Urban,0,0,0,Fine,Null
1755972,5918580,28407,,515500,0,,0,2,,West,2005/2006,SH 16,NEWTON OFF EBD,,Non-Injury Crash,Yes,2006,,East,,0,,Flat,,,,,,Overcast,418600,0,0,0,3,,,0,,,,,,Auckland Region,Nil,1-way,Sealed,,0,0,,80,,Off,0,0,,76,Auckland,Nil,,,,,0,0,Open,0,,,Light rain,Null
1802223,5814921,28408,,530200,0,0,0,2,0,East,2006/2007,CLYDE ST,FIRTH ST,,Non-Injury Crash,No,2006,0,West,0,0,0,Flat,0,,0,,0,Dark,893200,0,0,0,2,0,0,0,0,1,,0,0,Waikato Region,Nil,2-way,Sealed,0,0,0,0,50,0,On,0,0,,16,Hamilton City,Nil,0,0,0,0,0,0,Urban,0,0,0,Fine,Null
1769575,5906721,28409,,523712,0,0,0,1,0,North,2006/2007,CHAPEL ROAD,MICHAEL JONES DRIVE,,Minor Crash,No,2006,0,North,0,0,0,Flat,0,,0,,0,Dark,712808,1,0,0,2,0,0,0,0,1,,0,0,Auckland Region,Nil,2-way,Sealed,0,0,0,0,70,0,On,0,0,,76,Auckland,Nil,0,0,0,0,1,0,Urban,0,0,0,Fine,Null
1756164,5928086,28410,,507900,0,,0,2,,South,2006/2007,WAIRAU ROAD,FORREST HILL ROAD,,Non-Injury Crash,No,2006,,North,,0,,Flat,,,,,,Overcast,305202,0,0,0,3,,,0,,,,,,Auckland Region,Nil,2-way,Sealed,,0,0,,50,,Off,1,0,,76,Auckland,Nil,,,,,0,0,Urban,0,,,Fine,Null
1770676,5901871,28411,,523814,0,,0,2,,Null,2005/2006,STRATFORD ROAD,RATHMAR DRIVE,,Non-Injury Crash,No,2006,,South,,0,,Hill Road,,,,,,Bright sun,759523,0,0,0,2,,,0,,,,,,Auckland Region,Nil,2-way,Sealed,,0,0,,50,,Null,0,0,,76,Auckland,Nil,,,,,0,0,Urban,0,,,Fine,Null
1756853,5920390,28412,,514102,0,,0,2,,Null,2005/2006,NELSON ST,WELLESLEY ST WEST,,Non-Injury Crash,No,2006,,East,,0,,Flat,,,,,,Bright sun,432700,0,0,0,4,,,0,,,,,,Auckland Region,Nil,2-way,Sealed,,0,0,,50,,Off,0,0,,76,Auckland,Traffic Signals,,,,,0,0,Urban,0,,,Fine,Null
1926520,5635856,28413,,545811,0,,0,1,,North,2005/2006,SH 5,BEATTIE ROAD,,Minor Crash,Yes,2006,,North,,0,,Flat,,Easter,,,,Bright sun,1414700,4,0,0,2,,,0,,,,,,Hawke's Bay Region,Nil,2-way,Sealed,,0,0,,100,,Null,1,0,,30,Hastings District,Nil,,,,,0,0,Open,0,,,Fine,Null
1695591,5677031,28414,,552100,0,,0,3,,Null,2005/2006,DEVON ST EAST,NORMANBY ST,,Minor Crash,No,2006,,East,,0,,Flat,,,,,,Overcast,1600500,1,0,0,2,,,0,,,,,,Taranaki Region,Nil,2-way,Sealed,,0,0,,50,,Null,0,0,,33,New Plymouth District,Give way,,,,,0,0,Urban,0,,,Fine,Null
1804452,5870983,28415,,527221,0,0,0,2,0,East,2005/2006,SH 2,MCWATT ROAD,,Serious Crash,Yes,2006,3,West,0,0,0,Flat,0,,0,,0,Dark,932600,3,0,0,2,0,0,0,0,0,,0,0,Waikato Region,Nil,2-way,Sealed,0,0,1,0,100,0,None,3,0,,13,Waikato District,Nil,0,0,0,0,0,0,Open,0,0,0,Fine,Null
1735250,5945445,28416,65,506646,0,0,0,1,0,East,2006/2007,KAHIKATEA FLAT ROAD,SH 16,,Non-Injury Crash,No,2006,0,North,1,0,1,Flat,0,,0,,0,Dark,213000,0,0,0,2,0,0,0,0,0,,0,1,Auckland Region,Nil,2-way,Sealed,0,0,0,0,100,0,On,0,0,,76,Auckland,Nil,0,0,0,0,0,0,Open,0,0,0,Fine,Null
1764246,5909867,28417,,521802,0,,0,1,,East,2005/2006,AVENUE ROAD,ATKINSON AVENUE,,Non-Injury Crash,No,2006,,West,,0,,Flat,,,,,,Bright sun,787800,0,0,0,4,,,0,,,,,,Auckland Region,Nil,2-way,Sealed,,0,0,,50,,Off,0,0,,76,Auckland,Traffic Signals,,,,,1,0,Urban,0,,,Fine,Null
1242006,4849881,28418,,611300,0,,0,1,,Null,2006/2007,SPEY ST,MERSEY ST,,Minor Crash,No,2006,,East,,0,,Flat,,,,,,Overcast,3104300,1,0,0,2,,,0,,,,,,Southland Region,Nil,2-way,Sealed,,0,0,,50,,Null,1,0,,75,Invercargill City,Give way,,,,,0,0,Urban,0,,,Light rain,Null
1883341,5776889,28419,,540100,0,0,0,2,0,Null,2005/2006,MATTHEW PLACE,KAWAHA POINT ROAD,,Non-Injury Crash,No,2006,0,West,0,0,1,Flat,0,,0,,0,Dark,1222200,0,0,0,2,0,0,0,0,1,,0,0,Bay of Plenty Region,Nil,2-way,Sealed,0,0,0,0,50,0,On,0,0,,24,Rotorua District,Give way,0,0,0,0,0,0,Urban,0,0,0,Fine,Null
1567871,5182318,28420,,592100,0,,0,1,,Null,2005/2006,IDRIS ROAD,JEFFREYS ROAD,,Minor Crash,No,2006,,North,,0,,Flat,,,,,,Dark,2671400,1,0,0,2,,,0,,,,,,Canterbury Region,Nil,2-way,Sealed,,0,0,,50,,On,0,0,,60,Christchurch City,Stop,,,,,0,0,Urban,1,,,Fine,Null
1754840,5944917,28421,,505909,0,,0,1,,North,2005/2006,WHANGAPARAOA ROAD,CEDAR TERRACE,,Serious Crash,No,2006,,North,,0,,Hill Road,,,,,,Bright sun,173809,0,0,0,2,,,0,,,,,,Auckland Region,Nil,2-way,Sealed,,0,2,,50,,Off,0,0,,76,Auckland,Nil,,,,,0,0,Urban,1,,,Fine,Null
1764977,5914725,28422,,520602,0,,0,2,,Null,2006/2007,QUEENS ROAD,LAGOON DRIVE,,Non-Injury Crash,No,2006,,West,,0,,Flat,,,,,,Overcast,628700,0,0,0,2,,,0,,,,,,Auckland Region,Nil,2-way,Sealed,,0,0,,50,,Off,0,0,,76,Auckland,Give way,,,,,0,0,Urban,0,,,Fine,Null
1748451,5918870,28423,,514801,0,,0,1,,Null,2006/2007,SH 16,PATIKI ON WBD,,Non-Injury Crash,Yes,2006,,West,,0,,Hill Road,,,,,,Bright sun,389300,0,0,0,1,,,0,,,,,,Auckland Region,Motorway ramp,1-way,Sealed,,0,0,,100,,Off,0,0,,76,Auckland,Nil,,,,,1,0,Open,0,,,Fine,Null
1773428,5891863,28424,,521301,0,,0,2,,West,2005/2006,NORRIE ROAD,GREAT SOUTH ROAD,,Non-Injury Crash,No,2006,,East,,0,,Hill Road,,,,,,Overcast,808701,0,0,0,2,,,0,,,,,,Auckland Region,Nil,2-way,Sealed,,0,0,,50,,None,0,0,,76,Auckland,Nil,,,,,0,0,Urban,0,,,Fine,Null
1774708,5896651,28425,,525610,0,0,0,1,0,East,2005/2006,BELGRAVE PLACE,PRESIDENT AVENUE,,Non-Injury Crash,No,2006,0,South,0,0,0,Hill Road,0,,0,,0,Dark,799800,0,0,0,2,0,0,0,0,1,,0,0,Auckland Region,Nil,2-way,Sealed,0,0,0,0,50,0,On,0,0,,76,Auckland,Nil,0,0,0,0,1,0,Urban,0,0,0,Heavy rain,Null
1768921,5900841,28426,,524902,0,,0,2,,East,2005/2006,ALFRISTON ROAD,GREAT SOUTH ROAD,,Non-Injury Crash,No,2006,,West,,0,,Flat,,,,,,Bright sun,758200,0,0,0,2,,,0,,,,,,Auckland Region,Nil,2-way,Sealed,,0,0,,50,,Off,0,0,,76,Auckland,Traffic Signals,,,,,0,0,Urban,0,,,Fine,Null
1843449,5680511,28427,,541000,0,,0,1,,Null,2005/2006,SH 1N,PIHANGA ROAD,,Non-Injury Crash,Yes,2006,,South,,0,,Flat,,,,,,Bright sun,1282702,0,0,0,2,,,0,,,,,,Waikato Region,Nil,2-way,Sealed,,0,0,,80,,Null,1,0,,21,Taupo District,Stop,,,,,0,0,Open,0,,,Fine,Null
1879439,5820075,28428,,538000,0,,0,1,,Null,2005/2006,SH 2A,SH 29,,Non-Injury Crash,Yes,2006,,West,,0,,Flat,,,,,,Bright sun,1178700,0,0,0,2,,,0,,,,,,Bay of Plenty Region,Nil,2-way,Sealed,,0,0,,50,,Null,1,0,,23,Tauranga City,Give way,,,,,0,0,Urban,0,,,Fine,Null
1747791,5911173,28429,,511902,0,0,0,0,0,North,2006/2007,TITIRANGI ROAD,PARK ROAD,,Minor Crash,No,2006,0,South,0,0,0,Flat,0,,0,,1,Dark,293200,1,0,0,2,0,0,0,0,0,,0,1,Auckland Region,Nil,2-way,Sealed,0,0,0,0,50,0,On,0,0,,76,Auckland,Nil,0,0,0,0,0,0,Urban,1,0,0,Light rain,Null