X,Y,OBJECTID,advisorySpeed,areaUnitID,bicycle,bridge,bus,carStationWagon,cliffBank,crashDirectionDescription,crashFinancialYear,crashLocation1,crashLocation2,crashRoadSideRoad,crashSeverity,crashSHDescription,crashYear,debris,directionRoleDescription,ditch,fatalCount,fence,flatHill,guardRail,holiday,houseOrBuilding,intersection,kerb,light,meshblockId,minorInjuryCount,moped,motorcycle,NumberOfLanes,objectThrownOrDropped,otherObject,otherVehicleType,overBank,parkedVehicle,pedestrian,phoneBoxEtc,postOrPole,region,roadCharacter,roadLane,roadSurface,roadworks,schoolBus,seriousInjuryCount,slipOrFlood,speedLimit,strayAnimal,streetLight,suv,taxi,temporarySpeedLimit,tlaId,tlaName,trafficControl,trafficIsland,trafficSign,train,tree,truck,unknownVehicleType,urban,vanOrUtility,vehicle,waterRiver,weatherA,weatherB
1758119,5918671,28430,,517400,0,,0,1,,Null,2006/2007,CARLTON GORE ROAD,GEORGE ST,,Non-Injury Crash,No,2006,,East,,0,,Hill Road,,,,,,Overcast,450100,0,0,0,2,,,0,,,1,,,Auckland Region,Nil,2-way,Sealed,,0,0,,50,,Null,0,0,,76,Auckland,Nil,,,,,0,0,Urban,0,,,Fine,Null
1752299,5936856,28431,,506300,0,0,0,1,0,North,2005/2006,SH 1N,OTEHA VALLEY OBR,,Non-Injury Crash,Yes,2006,0,North,0,0,0,Hill Road,1,,0,,0,Dark,176101,0,0,0,4,0,0,0,0,0,,0,0,Auckland Region,Nil,2-way,Sealed,0,0,0,0,100,0,None,0,0,,76,Auckland,Nil,0,0,0,0,0,0,Open,0,0,0,Fine,Null
1688748,5673461,28432,,551030,0,0,0,1,1,North,2005/2006,SH 45,BEACH ROAD,,Serious Crash,Yes,2006,0,South,0,0,0,Hill Road,0,,0,,0,Dark,1556100,1,0,0,3,0,0,0,0,0,,0,0,Taranaki Region,Nil,2-way,Sealed,0,0,1,0,100,0,None,0,0,,33,New Plymouth District,Nil,0,0,0,0,0,0,Open,0,0,0,Mist or Fog,Null
1533128,5315212,28433,65,584703,0,0,0,1,1,Null,2006/2007,SH 65,WEST BANK ROAD S,,Minor Crash,Yes,2006,0,North,0,0,0,Flat,0,,0,,0,Dark,2398300,1,0,0,2,0,0,0,0,0,,0,0,West Coast Region,Nil,2-way,Sealed,0,0,0,0,100,0,None,0,0,,55,Buller District,Give way,0,0,0,0,0,0,Open,0,0,0,Heavy rain,Null
1753625,5927765,28434,,508310,0,,0,1,,East,2005/2006,DOWNING ST,GLENFIELD ROAD,,Non-Injury Crash,No,2006,,West,,0,,Hill Road,,,,,,Overcast,200300,0,0,0,2,,,0,,,,,,Auckland Region,Nil,2-way,Sealed,,0,0,,50,,Off,0,0,,76,Auckland,Nil,,,,,0,0,Urban,1,,,Heavy rain,Strong wind
1708775,6041365,28435,,501810,0,,0,1,,West,2005/2006,SH 14,PUKEATUA ROAD,,Minor Crash,Yes,2006,,East,,0,,Flat,,,,,,Dark,72000,1,0,0,2,,,0,,,,,,Northland Region,Nil,2-way,Sealed,,0,0,,100,,None,0,0,,2,Whangarei District,Nil,,,,,0,0,Open,0,,,Fine,Null
1799167,5814900,28436,,528900,0,0,0,1,0,North,2005/2006,COLOMBO ST,BANDON ST,,Non-Injury Crash,No,2006,0,South,0,0,0,Flat,0,,0,,1,Dark,915700,0,0,0,2,0,0,0,0,0,,0,1,Waikato Region,Nil,2-way,Sealed,0,0,0,0,50,0,On,0,0,,16,Hamilton City,Unknown,0,0,0,0,0,0,Urban,0,0,0,Fine,Null
1829988,5796531,28437,,535241,0,0,0,0,0,East,2006/2007,SH 1N,KENTUCKY ROAD W,,Non-Injury Crash,Yes,2006,0,East,0,0,1,Flat,0,,0,,0,Dark,1123100,0,0,0,3,0,0,0,0,0,,0,0,Waikato Region,Nil,2-way,Sealed,0,0,0,0,100,0,None,0,0,,17,Waipa District,Nil,0,0,0,0,0,0,Open,1,0,0,Fine,Null
1756889,5932300,28438,,507500,0,0,1,1,0,South,2005/2006,BEACH ROAD,VIEW ROAD N,,Non-Injury Crash,No,2006,0,South,0,0,0,Hill Road,0,,0,,0,Overcast,149200,0,0,0,2,0,0,0,0,1,,0,0,Auckland Region,Nil,2-way,Sealed,0,0,0,0,50,0,On,0,0,,76,Auckland,Nil,0,0,0,0,0,0,Urban,0,0,0,Heavy rain,Null
1843857,5794349,28439,,535250,0,0,0,1,0,South,2005/2006,OKOROIRE ROAD,HETHERINGTON ROAD,,Non-Injury Crash,No,2006,0,North,0,0,1,Hill Road,0,,0,,0,Overcast,1127001,0,0,0,2,0,0,0,0,0,,0,0,Waikato Region,Nil,2-way,Sealed,0,0,0,0,100,0,Null,0,0,,19,South Waikato District,Unknown,0,0,0,0,0,0,Open,0,0,0,Light rain,Null
1763262,5908247,28440,,524301,0,,0,2,,Null,2005/2006,MASSEY ROAD,SAVILL DRIVE,,Minor Crash,No,2006,,East,,0,,Flat,,Queens Birthday,,,,Dark,748600,2,0,0,5,,,0,,,,,,Auckland Region,Nil,2-way,Sealed,,0,0,,50,,On,0,0,,76,Auckland,Traffic Signals,,,,,0,0,Urban,1,,,Light rain,Null
1769874,5899401,28441,,523920,0,,0,2,,North,2005/2006,GREAT SOUTH ROAD,SPARTAN ROAD,,Non-Injury Crash,No,2006,,North,,0,,Flat,,,,,,Overcast,767922,0,0,0,5,,,0,,,,,,Auckland Region,Nil,2-way,Sealed,,0,0,,50,,Off,0,0,,76,Auckland,Nil,,,,,0,0,Urban,0,,,Fine,Null
1754779,5929881,28442,,508420,0,,0,2,,East,2005/2006,SUNNYNOOK ROAD,TARGET ROAD,,Non-Injury Crash,No,2006,,West,,0,,Hill Road,,Queens Birthday,,,,Twilight,182400,0,0,0,2,,,0,,,,,,Auckland Region,Nil,2-way,Sealed,,0,0,,50,,Off,0,0,,76,Auckland,Nil,,,,,0,0,Urban,0,,,Fine,Null
1763707,5913752,28443,,520402,0,,0,2,,Null,2005/2006,PENROSE ROAD,SERVICE LANE,,Non-Injury Crash,No,2006,,West,,0,,Flat,,,,,,Bright sun,640002,0,0,0,4,,,0,,,,,,Auckland Region,Nil,2-way,Sealed,,0,0,,50,,Off,0,0,,76,Auckland,Nil,,,,,0,0,Urban,0,,,Fine,Null
1567767,5181251,28444,,589300,0,0,0,1,0,South,2005/2006,STRAVEN ROAD,FENDALTON ROAD,,Minor Crash,No,2006,0,North,0,0,0,Flat,0,,0,,0,Overcast,2545500,1,1,0,2,0,0,0,0,1,,0,0,Canterbury Region,Nil,2-way,Sealed,0,0,0,0,50,0,Null,0,0,,60,Christchurch City,Unknown,0,0,0,0,0,0,Urban,0,0,0,Fine,Null
1879755,5578031,28445,,549200,0,0,0,0,0,West,2006/2007,PLEASANT VALLEY ROAD,TUKITUKI MAKARETU ROAD,,Serious Crash,No,2006,0,East,1,0,1,Hill Road,0,,0,,0,Bright sun,1514500,0,0,0,2,0,0,0,0,0,,0,0,Hawke's Bay Region,Nil,2-way,Unsealed,0,0,1,0,100,0,Null,0,0,,32,Central Hawke's Bay District,Nil,0,0,0,0,0,0,Open,1,0,0,Fine,Null
1877438,5821730,28446,,538101,0,0,0,2,0,South,2006/2007,CAMERON ROAD,TWENTIETH AVENUE,,Non-Injury Crash,No,2006,0,South,0,0,0,Flat,0,,0,,0,Bright sun,1169400,0,0,0,2,0,0,0,0,1,,0,0,Bay of Plenty Region,Nil,2-way,Sealed,0,0,0,0,50,0,Null,1,0,,23,Tauranga City,Unknown,0,0,0,0,0,0,Urban,1,0,0,Fine,Null
1879220,5825490,28447,,538202,0,,0,3,,North,2005/2006,CHAPEL ST,OLD SH 2A,,Non-Injury Crash,No,2006,,South,,0,,Flat,,,,,,Overcast,1163002,0,0,0,5,,,0,,,,,,Bay of Plenty Region,Nil,2-way,Sealed,,0,0,,50,,Null,0,0,,23,Tauranga City,Unknown,,,,,0,0,Urban,0,,,Light rain,Null
1762536,5907371,28448,,524530,0,0,0,2,0,North,2005/2006,Z CPK COUNTDOWN,MASSEY ROAD,,Non-Injury Crash,No,2006,0,North,0,0,0,Flat,0,,0,,0,Bright sun,733000,0,0,0,0,0,0,0,0,0,,0,0,Auckland Region,Nil,Off road,Sealed,0,0,0,0,50,0,Off,0,0,,76,Auckland,Nil,0,0,0,0,0,0,Urban,0,1,0,Fine,Null
1755436,5919095,28449,,515420,1,,0,1,,Null,2006/2007,WILLIAMSON AVENUE,ARIKI ST,,Non-Injury Crash,No,2006,,West,,0,,Hill Road,,,,,,Dark,409600,0,0,0,2,,,0,,,,,,Auckland Region,Nil,2-way,Sealed,,0,0,,50,,On,0,0,,76,Auckland,Stop,,,,,0,0,Urban,0,,,Fine,Null
1752421,5918105,28450,,515002,0,,0,1,,East,2006/2007,GREAT NORTH ROAD,CARRINGTON ROAD,,Serious Crash,No,2006,,West,,0,,Flat,,,,,,Bright sun,392500,0,0,0,4,,,0,,,1,,,Auckland Region,Nil,2-way,Sealed,,0,1,,50,,Null,0,0,,76,Auckland,Unknown,,,,,0,0,Urban,0,,,Fine,Null
1772187,5894676,28451,,525530,0,,0,2,,North,2005/2006,EDINBURGH AVENUE,JUPITER ST,,Non-Injury Crash,No,2006,,South,,0,,Flat,,,,,,Dark,803701,0,0,0,2,,,0,,,,,,Auckland Region,Nil,2-way,Sealed,,0,0,,50,,On,0,0,,76,Auckland,Nil,,,,,0,0,Urban,0,,,Mist or Fog,Null
1690643,6083229,28452,65,501500,0,0,0,0,1,South,2005/2006,SH 1N,HAUTAPU ROAD,,Minor Crash,Yes,2006,0,North,0,0,0,Hill Road,0,,0,,0,Overcast,52001,1,0,0,3,0,0,0,0,0,,0,0,Northland Region,Nil,2-way,Sealed,0,0,0,0,100,0,None,1,0,,1,Far North District,Nil,0,0,0,0,0,0,Open,0,0,0,Heavy rain,Null
1575827,5181773,28453,,593000,1,,0,1,,North,2005/2006,BREEZES ROAD,PAGES ROAD,,Minor Crash,No,2006,,North,,0,,Flat,,,,,,Bright sun,2569800,1,0,0,2,,,0,,,,,,Canterbury Region,Nil,2-way,Sealed,,0,0,,50,,Null,0,0,,60,Christchurch City,Unknown,,,,,0,0,Urban,0,,,Fine,Null
1752304,5918022,28454,,515001,0,0,0,2,0,East,2006/2007,SH 16,GT NORTH OBR,,Non-Injury Crash,Yes,2006,0,East,0,0,0,Flat,1,,0,,0,Twilight,391601,0,0,0,3,0,0,0,0,0,,0,0,Auckland Region,Nil,1-way,Sealed,0,0,0,0,100,0,Off,0,0,,76,Auckland,Nil,0,0,0,0,0,0,Open,0,0,0,Fine,Null
1754552,5928528,28455,,508320,0,,0,2,,Null,2005/2006,DIANA DRIVE,WELDENE AVENUE,,Minor Crash,No,2006,,West,,0,,Hill Road,,,,,,Twilight,198401,1,0,0,2,,,0,,,,,,Auckland Region,Nil,2-way,Sealed,,0,0,,50,,On,0,0,,76,Auckland,Nil,,,,,0,0,Urban,0,,,Fine,Null
1771605,5890073,28456,,521203,0,0,0,1,0,West,2005/2006,SH 22,JESMOND ROAD,,Non-Injury Crash,Yes,2006,0,East,1,0,0,Flat,0,,0,,0,Overcast,807400,0,0,0,3,0,0,0,0,0,,0,0,Auckland Region,Nil,2-way,Sealed,0,0,0,0,100,0,None,0,0,,76,Auckland,Nil,0,0,0,0,0,0,Open,0,0,0,Fine,Null
1564798,5491208,28457,,581601,0,0,0,1,1,West,2005/2006,COLLINGWOOD-BAINHAM MAIN ,CARTER ROAD,,Fatal Crash,No,2006,0,East,1,1,0,Hill Road,0,,0,,0,Dark,2349200,0,0,0,2,0,0,0,0,0,,0,0,Tasman Region,Nil,2-way,Sealed,0,0,0,0,100,0,On,0,0,,51,Tasman District,Nil,0,0,0,0,0,0,Open,0,0,0,Light rain,Null
1406228,4916081,28458,,602900,0,,0,2,,Null,2006/2007,SH 1S,POLICE ST,,Minor Crash,Yes,2006,,South,,0,,Flat,,,,,,Bright sun,2895900,1,0,0,3,,,0,,,,,,Otago Region,Nil,1-way,Sealed,,0,0,,60,,Null,1,0,,71,Dunedin City,Give way,,,,,0,0,Urban,0,,,Fine,Null
1792373,5561005,28459,,559230,0,0,0,1,0,East,2005/2006,MAKIRIKIRI ROAD,SH 3,,Minor Crash,No,2006,0,East,0,0,1,Hill Road,0,Queens Birthday,0,,0,Dark,1732800,3,0,0,2,0,0,0,0,0,,0,0,Manawatū-Whanganui Region,Nil,2-way,Sealed,0,0,0,0,100,0,None,0,0,,38,Rangitikei District,Nil,0,0,0,0,0,0,Open,0,0,0,Fine,Null
1566052,5182227,28460,,589100,0,,0,2,,North,2006/2007,MEMORIAL AVENUE,ILAM ROAD,,Minor Crash,No,2006,,South,,0,,Flat,,,,,,Bright sun,2516601,1,0,0,2,,,0,,,,,,Canterbury Region,Nil,2-way,Sealed,,0,0,,50,,Null,0,0,,60,Christchurch City,Unknown,,,,,0,0,Urban,1,,,Fine,Null
1759863,5434819,28461,,569002,0,,0,1,,Null,2006/2007,WHITES LINE EAST,LUDLAM CRESCENT,,Minor Crash,No,2006,,West,,0,,Hill Road,,,,,,Overcast,1964200,1,0,0,2,,,0,,,1,,,Wellington Region,Nil,2-way,Sealed,,0,0,,50,,Null,0,0,,46,Lower Hutt City,Give way,,,,,0,0,Urban,0,,,Fine,Null
1816457,5803587,28462,,527502,0,,0,0,,West,2005/2006,SH 1N,GREY ST,,Non-Injury Crash,Yes,2006,,West,,0,,Flat,,,,,,Overcast,964200,0,0,0,2,,,0,,,,,,Waikato Region,Nil,2-way,Sealed,,0,0,,50,,Null,1,0,,17,Waipa District,Nil,,,,,1,0,Urban,0,,,Fine,Null
1752225,5925250,28463,,510220,0,,0,2,,Null,2006/2007,VERRAN ROAD,VERBENA ROAD,,Minor Crash,No,2006,,West,,0,,Hill Road,,,,,,Overcast,350600,1,0,0,2,,,0,,,,,,Auckland Region,Nil,2-way,Sealed,,0,0,,50,,Off,0,0,,76,Auckland,Give way,,,,,0,0,Urban,0,,,Heavy rain,Null
1768375,5908669,28464,,523113,0,,0,1,,Null,2005/2006,SPRINGS ROAD,VALDER AVENUE,,Non-Injury Crash,No,2006,,North,,0,,Flat,,,,,,Overcast,711801,0,0,0,4,,,0,,,,,,Auckland Region,Nil,2-way,Sealed,,0,0,,70,,Off,0,0,,76,Auckland,Give way,,,,,0,0,Urban,1,,,Light rain,Null
1795065,5499715,28465,,564231,0,,0,2,,Null,2005/2006,SH 57,QUEEN ST EAST,,Minor Crash,Yes,2006,,South,,0,,Flat,,,,,,Bright sun,1867301,1,0,0,2,,,0,,,,,,Manawatū-Whanganui Region,Nil,2-way,Sealed,,0,0,,100,,Null,0,0,,42,Horowhenua District,Stop,,,,,0,0,Open,0,,,Fine,Null
1718768,6048699,28466,,502300,0,,0,2,,Null,2005/2006,KAMO ROAD,WHAU VALLEY ROAD,,Non-Injury Crash,No,2006,,South,,0,,Flat,,,,,,Bright sun,89400,0,0,0,2,,,0,,,,,,Northland Region,Nil,2-way,Sealed,,0,0,,50,,Off,0,0,,2,Whangarei District,Traffic Signals,,,,,0,0,Urban,0,,,Fine,Null
1762753,5437716,28467,,568401,1,,0,0,,Null,2006/2007,HIGH ST,WALTERS ST,,Minor Crash,No,2006,,South,,0,,Flat,,,,,,Bright sun,1942900,1,0,0,2,,,0,,,,,,Wellington Region,Nil,2-way,Sealed,,0,0,,50,,Null,1,0,,46,Lower Hutt City,Nil,,,,,0,0,Urban,0,,,Fine,Null
1769859,5901262,28468,,523814,0,,0,0,,North,2005/2006,SH 1N,ALFRISTON OBR,,Non-Injury Crash,Yes,2006,,South,,0,,Hill Road,,,,,,Bright sun,759510,0,0,0,4,,,0,,,,,,Auckland Region,Nil,2-way,Sealed,,0,0,,100,,Off,1,0,,76,Auckland,Nil,,,,,0,0,Open,0,,,Fine,Null
1811676,5542491,28469,,561422,0,0,0,1,0,Null,2006/2007,SH 3,MOUNT STEWART HALCOMBE RO,,Serious Crash,Yes,2006,0,South,0,0,0,Hill Road,0,,0,,0,Bright sun,1787900,0,0,0,3,0,0,0,0,0,,0,1,Manawatū-Whanganui Region,Nil,2-way,Sealed,0,0,1,0,100,0,Null,0,0,,39,Manawatu District,Give way,0,0,0,0,0,0,Open,0,0,0,Fine,Null
1803211,5814150,28470,,530300,0,,0,1,,Null,2005/2006,CAMBRIDGE ROAD,DEY ST,,Non-Injury Crash,No,2006,,North,,0,,Flat,,,,,,Overcast,883000,0,0,0,2,,,0,,,,,,Waikato Region,Nil,2-way,Sealed,,0,0,,50,,Null,0,0,,16,Hamilton City,Give way,,,,,1,0,Urban,0,,,Light rain,Null
1753976,5918271,28471,,515432,0,,0,1,,East,2005/2006,SH 16,ST LUKES OBR,,Non-Injury Crash,Yes,2006,,West,,0,,Flat,,,,,,Twilight,405400,0,0,0,4,,,0,,,,,,Auckland Region,Nil,1-way,Sealed,,0,0,,100,,On,0,0,,76,Auckland,Nil,,,,,0,0,Open,1,,,Light rain,Null
1749868,5432353,28472,,574302,0,0,1,1,0,West,2005/2006,COCKAYNE ROAD,NICHOLSON ROAD,,Minor Crash,No,2006,0,East,0,0,0,Flat,0,,0,,0,Overcast,2092600,2,0,0,2,0,0,0,0,0,,0,0,Wellington Region,Nil,2-way,Sealed,0,0,0,0,50,0,Null,0,0,,47,Wellington City,Nil,0,0,0,0,0,0,Urban,0,1,0,Mist or Fog,Null
1753358,5929831,28473,,508411,0,,0,2,,West,2005/2006,ALBANY HIGHWAY,SUNSET ROAD,,Minor Crash,No,2006,,South,,0,,Hill Road,,,,,,Overcast,183903,2,0,0,4,,,0,,,,,,Auckland Region,Nil,2-way,Sealed,,0,0,,70,,Off,0,0,,76,Auckland,Nil,,,,,0,0,Urban,0,,,Light rain,Null
1764029,5916908,28474,,516302,0,,0,1,,Null,2005/2006,MERTON ROAD,COLLEGE ROAD,,Non-Injury Crash,No,2006,,South,,0,,Hill Road,,,,,,Overcast,463706,0,0,0,2,,,0,,,,,,Auckland Region,Nil,2-way,Sealed,,0,0,,50,,Off,1,0,,76,Auckland,Give way,,,,,0,0,Urban,0,,,Fine,Null
1744731,5921414,28475,,513631,0,0,0,1,0,West,2006/2007,SH 16,LINCOLN OBR,,Minor Crash,Yes,2006,0,West,0,0,0,Flat,0,,0,,0,Bright sun,227601,1,0,0,2,0,0,0,0,0,,0,1,Auckland Region,Nil,2-way,Sealed,0,0,0,0,100,0,Off,0,0,,76,Auckland,Nil,0,0,0,0,0,0,Open,1,0,0,Fine,Null
1823079,5529688,28476,,563200,0,0,0,2,0,Null,2005/2006,FERGUSON ST,ALBERT ST,,Minor Crash,No,2006,0,West,0,0,0,Flat,0,,0,,0,Dark,1848000,1,0,0,2,0,0,0,0,1,,0,0,Manawatū-Whanganui Region,Nil,2-way,Sealed,0,0,0,0,50,0,On,0,0,,40,Palmerston North City,Give way,0,0,0,0,0,0,Urban,0,0,0,Fine,Null
1876557,5759182,28477,,538850,0,,0,0,,South,2006/2007,SH 30,WHIRINAKI VALLEY ROAD,,Non-Injury Crash,Yes,2006,,South,,0,,Hill Road,,,,,,Dark,1264000,0,0,0,2,,,0,,,,,,Waikato Region,Nil,2-way,Sealed,,0,0,,100,,None,0,0,,24,Rotorua District,Nil,,,,,1,0,Open,0,,,Heavy rain,Null
1772655,5914994,28478,,521502,0,0,0,1,0,South,2006/2007,SALE ST,MASEFIELD ST,,Serious Crash,No,2006,0,North,0,0,0,Hill Road,0,,0,,0,Dark,652801,0,0,0,2,0,0,0,0,1,,0,0,Auckland Region,Nil,2-way,Sealed,0,0,1,0,50,0,On,0,0,,76,Auckland,Nil,0,0,0,0,1,0,Urban,0,0,0,Fine,Null
1842081,5796060,28479,,535250,0,0,0,1,0,South,2005/2006,SH 27,LANGLANDS ROAD,,Minor Crash,Yes,2006,0,South,1,0,0,Flat,0,,0,,0,Bright sun,1125100,1,0,0,2,0,0,0,0,0,,0,0,Waikato Region,Nil,2-way,Sealed,0,0,0,0,100,0,Null,0,0,,19,South Waikato District,Unknown,0,0,0,0,0,0,Open,0,0,0,Fine,Null
1760350,5885015,28480,,521121,0,,0,1,,Null,2005/2006,GLENBROOK ROAD,KINGSEAT ROAD,,Serious Crash,No,2006,,North,,0,,Flat,,,,,,Overcast,811200,0,0,0,4,,,0,,,,,,Auckland Region,Nil,2-way,Sealed,,0,2,,100,,Off,0,0,,76,Auckland,Stop,,,,,0,0,Open,1,,,Fine,Null
1745099,5916476,28481,,510800,0,0,0,1,0,Null,2006/2007,HENDERSON VALLEY ROAD,KEELING ROAD,,Non-Injury Crash,No,2006,0,South,0,0,1,Flat,0,,0,,0,Twilight,242000,0,0,0,2,0,0,0,0,0,,0,0,Auckland Region,Nil,2-way,Sealed,0,0,0,0,50,0,On,0,0,,76,Auckland,Give way,0,0,0,0,0,0,Urban,0,0,0,Fine,Null
1571133,5179169,28482,,591500,0,0,0,1,0,Null,2006/2007,MADRAS ST,MOORHOUSE AVENUE,,Minor Crash,No,2006,0,West,0,0,0,Flat,0,,1,,0,Dark,2650800,2,0,0,2,0,0,0,0,0,,0,0,Canterbury Region,Nil,1-way,Sealed,0,0,0,0,50,0,On,0,0,,60,Christchurch City,Traffic Signals,0,0,0,0,0,0,Urban,0,0,0,Fine,Null
1669415,5403861,28483,,580300,0,,0,1,,West,2005/2006,SH 63,BRYDON ST,,Serious Crash,Yes,2006,,East,,0,,Flat,,,,,,Dark,2289601,2,0,0,2,,,0,,,,,,Marlborough Region,Nil,2-way,Sealed,,0,2,,100,,None,1,0,,53,Marlborough District,Nil,,,,,0,0,Open,0,,,Light rain,Null
1827151,5868059,28484,,533903,0,0,0,1,0,North,2005/2006,SH 2,KAIKAHU ROAD,,Non-Injury Crash,Yes,2006,0,South,1,0,0,Flat,0,,0,,0,Dark,1064700,0,0,0,2,0,0,0,0,0,,0,0,Waikato Region,Nil,2-way,Sealed,0,0,0,0,100,0,None,0,0,,12,Hauraki District,Unknown,0,0,0,0,0,0,Open,0,0,0,Fine,Null
1538432,5208005,28485,,586801,0,1,0,1,0,West,2005/2006,MCJARROWS ROAD,CARLETON ROAD,,Minor Crash,No,2006,0,East,0,0,0,Flat,0,,0,,0,Overcast,2457900,3,0,0,2,0,0,0,0,0,,0,0,Canterbury Region,Nil,2-way,Sealed,0,0,0,0,100,0,Null,0,0,,59,Waimakariri District,Unknown,0,0,0,0,0,0,Open,0,0,0,Fine,Null
1818884,5527067,28486,,562921,0,,0,0,,North,2006/2007,RACECOURSE ROAD,THE OAKS,,Minor Crash,No,2006,,South,,0,,Flat,,,,,,Dark,1794100,1,0,1,2,,,0,,,,,,Manawatū-Whanganui Region,Nil,2-way,Sealed,,0,0,,50,,On,0,0,,40,Palmerston North City,Nil,,,,,0,0,Urban,0,,,Fine,Null
1750096,5915166,28487,,514802,0,0,0,1,0,West,2005/2006,ASH ST,WAIRAU AVENUE,,Serious Crash,No,2006,0,East,0,0,1,Flat,0,,0,,0,Overcast,386902,4,0,0,4,0,0,0,0,0,,0,1,Auckland Region,Nil,2-way,Sealed,0,0,1,0,50,0,Off,0,0,,76,Auckland,Nil,0,0,0,0,0,0,Urban,0,0,0,Light rain,Null
2440701.7788,5088634.8733,28488,,597000,0,0,0,0,0,North,2005/2006,NORTH ROAD,WAITANGI WHARF OWENGA ROAD,,Serious Crash,No,2006,0,North,0,0,1,Hill Road,0,,0,,0,Bright sun,2716700,1,0,0,2,0,0,0,0,0,,0,0,Manawatū-Whanganui Region,Nil,2-way,Unsealed,0,0,1,0,80,0,Null,0,0,,67,Chatham Islands Territory,Nil,0,0,0,0,0,0,Open,1,0,0,Fine,Null
1755015,5913753,28489,,518803,0,,0,1,,Null,2006/2007,DENBIGH AVENUE,DOMINION ROAD,,Non-Injury Crash,No,2006,,East,,0,,Flat,,,,,,Bright sun,580600,0,0,0,2,,,0,,,,,,Auckland Region,Nil,2-way,Sealed,,0,0,,50,,Off,0,0,,76,Auckland,Give way,,,,,0,0,Urban,1,,,Fine,Null
1570257,5178326,28490,,594600,0,,0,3,,West,2005/2006,SH 76 BROUGHAM,ORBELL ST,,Minor Crash,Yes,2006,,East,,0,,Flat,,,,,,Bright sun,2617300,1,0,0,4,,,0,,,,,,Canterbury Region,Nil,2-way,Sealed,,0,0,,60,,Null,1,0,,60,Christchurch City,Unknown,,,,,0,0,Urban,0,,,Fine,Null
1757308,5929010,28491,,507800,1,,0,0,,South,2005/2006,EAST COAST ROAD,WOLSLEY AVENUE,,Minor Crash,No,2006,,South,,0,,Hill Road,,,,,,Overcast,310700,1,0,0,2,,,0,,,,,,Auckland Region,Nil,2-way,Sealed,,0,0,,50,,Off,0,0,,76,Auckland,Nil,,,,,0,0,Urban,0,,,Fine,Null
1753307,5932457,28492,,508807,0,,0,2,,West,2006/2007,ROSEDALE ROAD,TAWA AVENUE,,Minor Crash,No,2006,,West,,0,,Flat,,,,,,Bright sun,180811,1,0,0,2,,,0,,,,,,Auckland Region,Nil,2-way,Sealed,,0,0,,50,,Null,0,0,,76,Auckland,Unknown,,,,,0,0,Urban,0,,,Fine,Null
1766213,5907452,28493,,522301,0,,0,1,,Null,2005/2006,EAST TAMAKI ROAD,OTARA ON NBD,,Non-Injury Crash,Yes,2006,,East,,0,,Flat,,,,,,Bright sun,666700,0,0,0,4,,,0,,,,,,Auckland Region,Nil,2-way,Sealed,,0,0,,50,,Off,0,0,,76,Auckland,Traffic Signals,,,,,0,0,Urban,1,,,Fine,Null
1769315,5907462,28494,,523711,0,,0,2,,Null,2005/2006,TE IRIRANGI DRIVE,ORMISTON ROAD,,Non-Injury Crash,No,2006,,North,,0,,Flat,,,,,,Dark,712801,0,0,0,4,,,0,,,,,,Auckland Region,Nil,2-way,Sealed,,0,0,,80,,On,0,0,,76,Auckland,Traffic Signals,,,,,0,0,Open,0,,,Fine,Null
1622562,5428581,28495,,583300,0,0,0,1,0,South,2006/2007,CAMPBELL ST,TUKUKA ST,,Serious Crash,No,2006,0,South,0,0,1,Flat,1,,1,,0,Dark,2331100,0,0,0,1,0,0,0,0,0,,0,0,Nelson Region,Nil,2-way,Sealed,0,0,1,0,50,0,On,0,0,,52,Nelson City,Nil,0,0,0,0,0,0,Urban,0,0,0,Fine,Null
1473425,5121932,28496,,597730,0,0,0,1,0,North,2006/2007,SH 1S,WITHELLS ROAD,,Minor Crash,Yes,2006,0,South,0,0,0,Flat,0,,0,,0,Bright sun,2743200,1,0,0,2,0,0,0,0,0,,0,1,Canterbury Region,Nil,2-way,Sealed,0,0,0,0,100,0,Null,0,0,,63,Ashburton District,Unknown,0,0,0,0,0,0,Open,0,0,0,Fine,Null
1769888,5900397,28497,,524902,0,,0,2,,North,2005/2006,SH 1N,GT SOUTH OBR,,Minor Crash,Yes,2006,,North,,0,,Flat,,,,,,Overcast,759100,1,0,0,3,,,0,,,,,,Auckland Region,Nil,1-way,Sealed,,0,0,,100,,Off,0,0,,76,Auckland,Nil,,,,,0,0,Open,0,,,Light rain,Null
1772555,5896705,28498,,525420,1,,0,1,,East,2005/2006,OSHANNESSEY ST,GREAT SOUTH ROAD,,Non-Injury Crash,No,2006,,West,,0,,Flat,,,,,,Bright sun,792800,0,0,0,3,,,0,,,,,,Auckland Region,Nil,2-way,Sealed,,0,0,,50,,Off,0,0,,76,Auckland,Traffic Signals,,,,,0,0,Urban,0,,,Fine,Null
1850003,5854757,28499,,534200,0,0,0,1,0,East,2006/2007,OLD TAURANGA ROAD,FRANKTON ROAD,,Non-Injury Crash,No,2006,0,West,0,0,0,Hill Road,0,,0,,0,Dark,1083400,0,0,0,2,0,0,0,0,0,,0,0,Waikato Region,Bridge,2-way,Sealed,0,0,0,0,100,0,None,0,0,,12,Hauraki District,Nil,0,0,0,0,0,0,Open,0,0,0,Light rain,Null