X,Y,OBJECTID,advisorySpeed,areaUnitID,bicycle,bridge,bus,carStationWagon,cliffBank,crashDirectionDescription,crashFinancialYear,crashLocation1,crashLocation2,crashRoadSideRoad,crashSeverity,crashSHDescription,crashYear,debris,directionRoleDescription,ditch,fatalCount,fence,flatHill,guardRail,holiday,houseOrBuilding,intersection,kerb,light,meshblockId,minorInjuryCount,moped,motorcycle,NumberOfLanes,objectThrownOrDropped,otherObject,otherVehicleType,overBank,parkedVehicle,pedestrian,phoneBoxEtc,postOrPole,region,roadCharacter,roadLane,roadSurface,roadworks,schoolBus,seriousInjuryCount,slipOrFlood,speedLimit,strayAnimal,streetLight,suv,taxi,temporarySpeedLimit,tlaId,tlaName,trafficControl,trafficIsland,trafficSign,train,tree,truck,unknownVehicleType,urban,vanOrUtility,vehicle,waterRiver,weatherA,weatherB
1620095,5427926,28500,,583500,0,0,0,1,0,Null,2006/2007,SH 6,QUARANTINE ROAD,,Minor Crash,Yes,2006,0,North,0,0,0,Flat,0,,0,,0,Overcast,2340301,1,0,0,2,0,0,0,0,0,,0,1,Nelson Region,Nil,2-way,Sealed,0,0,0,0,70,0,Null,0,0,,52,Nelson City,Give way,0,0,0,0,0,0,Urban,0,0,0,Light rain,Null
1841183,5920109,28501,,533000,0,0,0,1,0,South,2005/2006,ALBERT ST,MONK ST,,Non-Injury Crash,No,2006,0,North,0,0,0,Flat,0,,0,,1,Dark,1047200,0,0,0,2,0,0,0,0,0,,0,1,Waikato Region,Nil,2-way,Sealed,0,0,0,0,50,0,On,0,0,,11,Thames-Coromandel District,Unknown,0,0,0,0,0,0,Urban,0,0,0,Fine,Null
1853805,5879675,28502,,533300,0,,0,1,,Null,2006/2007,HARRY WATT DRIVE,NGATI POROU PLACE,,Minor Crash,No,2006,,East,,0,,Flat,,,,,,Bright sun,1060701,2,0,0,2,,,0,,,,,,Waikato Region,Nil,2-way,Sealed,,0,0,,50,,Null,1,0,,11,Thames-Coromandel District,Nil,,,,,0,0,Urban,0,,,Fine,Null
1935688,5620450,28503,,546600,0,,0,1,,North,2005/2006,DOUGLAS MCLEAN AVENUE,BEDFORD ROAD,,Minor Crash,No,2006,,South,,0,,Flat,,,,,,Bright sun,1435900,1,1,0,2,,,0,,,,,,Hawke's Bay Region,Nil,2-way,Sealed,,0,0,,50,,Null,0,0,,31,Napier City,Nil,,,,,0,0,Urban,0,,,Fine,Null
1753924,5913433,28504,,518802,0,,0,1,,Null,2005/2006,WHITE SWAN ROAD,RICHARDSON ROAD,,Minor Crash,No,2006,,East,,0,,Flat,,,,,,Twilight,579400,1,0,0,2,,,0,,,1,,,Auckland Region,Nil,2-way,Sealed,,0,0,,50,,On,0,0,,76,Auckland,Give way,,,,,0,0,Urban,0,,,Light rain,Null
1859911,5692675,28505,,541346,0,0,0,1,0,East,2005/2006,SH 1N,TE TOKI POINT,,Non-Injury Crash,Yes,2006,0,East,0,0,0,Flat,0,,0,,0,Bright sun,1281602,0,0,0,2,0,1,0,0,0,,0,0,Waikato Region,Nil,2-way,Sealed,0,0,0,0,100,0,Null,0,0,,21,Taupo District,Unknown,0,0,0,0,0,0,Open,0,0,1,Fine,Null
1730565,6023749,28506,,501811,0,1,0,1,0,West,2005/2006,DOCTORS HILL ROAD,SH 1N,,Minor Crash,No,2006,0,South,0,0,0,Flat,0,,0,,0,Bright sun,78700,1,0,0,1,0,0,0,0,0,,0,0,Northland Region,Bridge,1-way,Sealed,0,0,0,0,100,0,None,0,0,,2,Whangarei District,Nil,0,0,0,0,0,0,Open,0,0,1,Fine,Null
1190824,4865498,28507,75,612730,0,0,0,1,0,East,2006/2007,SH 99,MCINERNEY ROAD,,Minor Crash,Yes,2006,0,East,0,0,1,Hill Road,0,,0,,0,Dark,3188900,1,0,0,2,0,0,0,1,0,,0,0,Southland Region,Nil,2-way,Sealed,0,0,0,0,100,0,None,0,0,,73,Southland District,Unknown,0,0,0,0,0,0,Open,0,0,0,Fine,Frost
1760149,5915935,28508,,516003,0,0,0,1,0,South,2005/2006,SH 1N,GREENLANE INT,,Minor Crash,Yes,2006,0,North,0,0,0,Flat,1,,0,,0,Bright sun,494902,2,0,0,3,0,0,0,0,0,,0,0,Auckland Region,Nil,1-way,Sealed,0,0,0,0,100,0,Off,0,0,,76,Auckland,Nil,0,0,0,0,1,0,Open,0,0,0,Fine,Null
1757242,5921034,28509,,514101,0,,0,1,,North,2005/2006,LOWER HOBSON ST,CUSTOMS ST WEST,,Minor Crash,No,2006,,North,,0,,Flat,,,,,,Dark,433001,1,0,0,2,,,0,,,1,,,Auckland Region,Nil,1-way,Sealed,,0,0,,50,,On,0,0,,76,Auckland,Nil,,,,,0,0,Urban,0,,,Fine,Null
1754423,5924793,28510,,510500,0,,0,2,,East,2005/2006,ONEWA ROAD,AORANGI PLACE,,Non-Injury Crash,No,2006,,East,,0,,Hill Road,,,,,,Overcast,356100,0,0,0,3,,,0,,,,,,Auckland Region,Nil,2-way,Sealed,,0,0,,50,,Off,0,0,,76,Auckland,Nil,,,,,0,0,Urban,0,,,Fine,Null
1744207,5924095,28511,,513521,0,,0,2,,East,2006/2007,HOBSONVILLE ROAD,OREIL AVENUE,,Minor Crash,No,2006,,East,,0,,Hill Road,,,,,,Bright sun,224241,1,0,0,2,,,0,,,,,,Auckland Region,Nil,2-way,Sealed,,0,0,,50,,Off,0,0,,76,Auckland,Give way,,,,,0,0,Urban,1,,,Fine,Null
1793420,5772186,28512,,531200,0,0,0,1,0,East,2006/2007,MOUNTAIN VIEW ROAD,OURUWHERO ROAD,,Minor Crash,No,2006,0,West,0,0,1,Hill Road,0,,0,,1,Dark,996200,1,0,0,2,0,0,0,0,0,,0,0,Waikato Region,Nil,2-way,Sealed,0,0,0,0,50,0,On,0,0,,18,Ōtorohanga District,Unknown,0,0,0,0,0,0,Urban,0,0,0,Fine,Null
1752480,5925729,28513,,510220,0,0,0,1,0,South,2005/2006,VERBENA ROAD,CASTLETON ST,,Minor Crash,No,2006,0,North,0,0,0,Hill Road,0,,0,,1,Dark,350502,6,0,0,2,0,0,0,0,0,,0,0,Auckland Region,Nil,2-way,Sealed,0,0,0,0,50,0,On,0,0,,76,Auckland,Nil,0,0,0,0,0,0,Urban,0,0,0,Light rain,Null
1745286,5919750,28514,,513301,0,,0,2,,West,2005/2006,UNIVERSAL DRIVE,LINCOLN ROAD,,Non-Injury Crash,No,2006,,East,,0,,Flat,,,,,,Dark,232001,0,0,0,2,,,0,,,,,,Auckland Region,Nil,2-way,Sealed,,0,0,,50,,On,0,0,,76,Auckland,Unknown,,,,,0,0,Urban,0,,,Fine,Null
1767124,5905530,28515,,524603,0,,0,1,,West,2006/2007,REAGAN ROAD,ALBERT ROAD,,Non-Injury Crash,No,2006,,West,,0,,Flat,,,,,,Overcast,671000,0,0,0,2,,,0,,,,,,Auckland Region,Nil,2-way,Sealed,,0,0,,50,,Null,1,0,,76,Auckland,Unknown,,,,,0,0,Urban,0,,,Light rain,Null
1756113,5935116,28516,,507101,0,,0,1,,West,2006/2007,ANZAC ROAD,CLYDE ROAD,,Minor Crash,No,2006,,West,,0,,Flat,,,,,,Dark,161200,1,0,0,2,,,0,,,1,,,Auckland Region,Nil,2-way,Sealed,,0,0,,50,,On,0,0,,76,Auckland,Nil,,,,,0,0,Urban,0,,,Heavy rain,Null
1746000,5943262,28517,,506614,0,0,0,1,0,East,2005/2006,KAHIKATEA FLAT ROAD,SELMAN ROAD,,Minor Crash,No,2006,0,East,0,0,1,Hill Road,0,,0,,0,Dark,177802,1,0,0,2,0,0,0,0,0,,0,1,Auckland Region,Nil,2-way,Sealed,0,0,0,0,100,0,None,0,0,,76,Auckland,Nil,0,0,0,0,0,0,Open,0,0,0,Fine,Null
1757166,5920315,28518,,514102,0,,0,1,,North,2006/2007,ALBERT ST,WELLESLEY ST WEST,,Minor Crash,No,2006,,South,,0,,Flat,,,,,,Overcast,433900,1,0,0,4,,,0,,,1,,,Auckland Region,Nil,2-way,Sealed,,0,0,,50,,Null,0,0,,76,Auckland,Traffic Signals,,,,,0,0,Urban,0,,,Heavy rain,Null
1796806,5818245,28519,,528406,0,,0,1,,East,2006/2007,FOREMAN ROAD,SH 1N,,Non-Injury Crash,No,2006,,West,,0,,Flat,,,,,,Overcast,907601,0,0,0,2,,,0,,,,,,Waikato Region,Nil,2-way,Sealed,,0,0,,50,,Null,1,0,,16,Hamilton City,Nil,,,,,0,0,Urban,0,,,Fine,Null
1751979,5917906,28520,,515001,0,0,0,1,0,Null,2005/2006,GREAT NORTH ROAD,WATERVIEW ON WBD N,,Non-Injury Crash,No,2006,0,South,0,0,1,Flat,0,,0,,0,Dark,392400,0,0,0,4,0,0,0,0,0,,0,0,Auckland Region,Nil,2-way,Sealed,0,0,0,0,50,0,On,0,0,,76,Auckland,Traffic Signals,0,0,0,0,0,0,Urban,0,0,0,Fine,Null
1769244,5901395,28521,,524901,1,,0,0,,North,2006/2007,CLAUDE ROAD,HALVER ROAD,,Non-Injury Crash,No,2006,,North,,0,,Flat,,,,,,Bright sun,756700,0,0,0,2,,,0,,,,,,Auckland Region,Nil,2-way,Sealed,,0,0,,50,,Off,0,0,,76,Auckland,Nil,,,,,0,0,Urban,1,,,Fine,Null
1743327,5923725,28522,,513410,0,,0,1,,West,2005/2006,FRED TAYLOR DRIVE,DON BUCK ROAD,,Non-Injury Crash,No,2006,,West,,0,,Flat,,,,,,Overcast,224000,0,0,0,4,,,0,,,,,,Auckland Region,Nil,2-way,Sealed,,0,0,,80,,Off,0,0,,76,Auckland,Give way,,,,,1,0,Open,0,,,Fine,Null
1745295,5917447,28523,,510700,0,0,0,2,0,North,2006/2007,GREAT NORTH ROAD,ALDERMAN DRIVE,,Non-Injury Crash,No,2006,0,North,0,0,0,Flat,1,,0,,0,Dark,239805,0,0,0,5,0,0,0,0,0,,0,0,Auckland Region,Bridge,2-way,Sealed,0,0,0,0,50,0,On,0,0,,76,Auckland,Nil,0,0,0,0,0,0,Urban,0,0,0,Light rain,Null
1393079,4914504,28524,,602411,0,,0,2,,Null,2006/2007,GLADSTONE ROAD SOUTH,GLADSTONE ROAD S,,Minor Crash,No,2006,,East,,0,,Flat,,,,,,Overcast,2979100,2,0,0,2,,,0,,,,,,Otago Region,Nil,2-way,Sealed,,0,0,,50,,Null,0,0,,71,Dunedin City,Give way,,,,,0,0,Urban,0,,,Fine,Null
1755602,5928535,28525,,508320,0,,0,0,,North,2006/2007,WAIRAU ROAD,ARCHERS ROAD,,Non-Injury Crash,No,2006,,South,,0,,Flat,,,,,,Twilight,198500,0,0,0,5,,,0,,,,,,Auckland Region,Nil,2-way,Sealed,,0,0,,50,,On,2,0,,76,Auckland,Nil,,,,,0,0,Urban,0,,,Fine,Null
1762597,5908140,28526,,524530,0,0,0,0,0,West,2005/2006,VINE ST,CLEEK ROAD,,Non-Injury Crash,No,2006,0,East,0,0,0,Flat,0,,0,,0,Overcast,732500,0,0,0,2,0,0,0,0,0,,0,1,Auckland Region,Nil,2-way,Sealed,0,0,0,0,50,0,Off,1,0,,76,Auckland,Nil,0,0,0,1,0,0,Urban,0,0,0,Fine,Null
1753201,5970518,28527,,506631,0,,0,2,,South,2006/2007,MAHURANGI EAST ROAD,SANDSPIT ROAD,,Non-Injury Crash,No,2006,,South,,0,,Hill Road,,,,,,Overcast,139501,0,0,0,2,,,0,,,,,,Auckland Region,Nil,2-way,Sealed,,0,0,,80,,None,0,0,,76,Auckland,Nil,,,,,0,0,Open,0,,,Light rain,Null
1750160,5913614,28528,,511303,0,,0,1,,South,2006/2007,CROWN LYNN PLACE,CLARK ST,,Non-Injury Crash,No,2006,,South,,0,,Flat,,,,,,Dark,265002,0,0,0,2,,,0,,,,,,Auckland Region,Nil,2-way,Sealed,,0,0,,50,,On,1,0,,76,Auckland,Nil,,,,,0,0,Urban,0,,,Fine,Null
1750967,5949066,28529,,505805,0,,0,2,,East,2005/2006,RIVERSIDE ROAD,CRAMPTON COURT,,Minor Crash,No,2006,,West,,0,,Flat,,,,,,Overcast,171904,1,0,0,2,,,0,,,,,,Auckland Region,Nil,2-way,Sealed,,0,0,,50,,Off,0,0,,76,Auckland,Nil,,,,,0,0,Urban,0,,,Fine,Null
1834091,5692774,28530,65,532502,0,0,0,1,0,East,2006/2007,SH 41,SH 32,,Minor Crash,Yes,2006,0,West,0,0,0,Hill Road,0,,0,,0,Overcast,1026509,1,0,0,2,0,0,0,0,0,,0,0,Waikato Region,Nil,2-way,Sealed,0,0,0,0,100,0,None,0,0,,21,Taupo District,Nil,0,0,0,1,0,0,Open,0,0,0,Light rain,Null
1768904,5880761,28531,,525922,0,,0,2,,Null,2005/2006,HARRIS ST,EDINBURGH ST,,Non-Injury Crash,No,2006,,South,,0,,Flat,,,,,,Bright sun,823000,0,0,0,2,,,0,,,,,,Auckland Region,Nil,2-way,Sealed,,0,0,,50,,Off,0,0,,76,Auckland,Give way,,,,,0,0,Urban,0,,,Fine,Null
1754420,5918337,28532,,517600,0,,0,1,,East,2005/2006,SH 16,ST LUKES OBR,,Non-Injury Crash,Yes,2006,,West,,0,,Flat,,,,,,Overcast,533000,0,0,0,6,,,0,,,,,,Auckland Region,Nil,2-way,Sealed,,0,0,,100,,Off,0,0,,76,Auckland,Nil,,,,,0,0,Open,1,,,Fine,Null
1757475,5920756,28533,,514103,0,0,0,2,0,South,2005/2006,QUEEN ST,FORT ST,,Non-Injury Crash,No,2006,0,North,0,0,0,Hill Road,0,,0,,0,Dark,438102,0,0,0,4,0,0,0,0,1,,0,0,Auckland Region,Nil,2-way,Sealed,0,0,0,0,50,0,On,0,0,,76,Auckland,Nil,0,0,0,0,0,0,Urban,0,0,0,Fine,Null
1726112,6004424,28534,,505010,0,0,0,0,0,East,2006/2007,SH 12,BRYNDERWYN BR NO 161,,Non-Injury Crash,Yes,2006,0,West,0,0,0,Flat,0,,0,,0,Dark,132600,0,0,0,2,0,0,0,0,0,,0,0,Northland Region,Bridge,2-way,Sealed,0,0,0,0,100,0,None,0,0,,3,Kaipara District,Nil,0,0,0,0,0,0,Open,1,0,0,Fine,Null
1796103,5822242,28535,,528403,0,0,0,0,0,East,2006/2007,PUKETE ROAD,MEADOW VIEW LANE,,Minor Crash,No,2006,0,East,0,0,0,Flat,0,,0,,0,Dark,977202,1,0,0,2,0,0,0,0,0,,0,1,Waikato Region,Nil,2-way,Sealed,0,0,0,0,80,0,None,0,0,,16,Hamilton City,Nil,0,0,0,0,0,0,Open,1,0,0,Fine,Null
1863629,5829299,28536,,536620,0,,0,2,,Null,2005/2006,SH 2,APATA STATION ROAD E,,Minor Crash,Yes,2006,,North,,0,,Hill Road,,,,,,Bright sun,1186000,1,0,0,2,,,0,,,,,,Bay of Plenty Region,Nil,2-way,Sealed,,0,0,,100,,Null,0,0,,22,Western Bay of Plenty District,Stop,,,,,0,0,Open,0,,,Fine,Null
1572832,5176643,28537,,594300,0,0,0,1,0,West,2006/2007,CENTAURUS ROAD,AYNSLEY TERRACE,,Minor Crash,No,2006,0,West,0,0,0,Flat,0,,0,,0,Overcast,2585600,1,0,0,2,0,0,0,0,0,,0,1,Canterbury Region,Nil,2-way,Sealed,0,0,0,0,50,0,Null,0,0,,60,Christchurch City,Unknown,0,0,0,0,0,0,Urban,0,0,0,Light rain,Null
1885162,5773386,28538,,540420,0,,0,1,,Null,2005/2006,FENTON ST,VICTORIA ST,,Non-Injury Crash,No,2006,,North,,0,,Flat,,,,,,Bright sun,1237200,0,0,1,4,,,0,,,,,,Bay of Plenty Region,Nil,2-way,Sealed,,0,0,,60,,Null,0,0,,24,Rotorua District,Give way,,,,,0,0,Urban,0,,,Fine,Null
1804464,5813564,28539,,530800,0,0,0,2,0,West,2005/2006,MCCRACKEN AVENUE,SH 1N,,Non-Injury Crash,No,2006,0,West,0,0,0,Flat,0,,0,,0,Bright sun,883600,0,0,0,2,0,0,0,0,1,,0,0,Waikato Region,Nil,2-way,Sealed,0,0,0,0,50,0,Null,0,0,,16,Hamilton City,Unknown,0,0,0,0,0,0,Urban,0,0,0,Fine,Null
1840900,5518033,28540,,578000,0,,0,2,,Null,2005/2006,SH 2,PRINCESS ST,,Non-Injury Crash,Yes,2006,,South,,0,,Flat,,,,,,Overcast,2218000,0,0,0,2,,,0,,,,,,Manawatū-Whanganui Region,Nil,2-way,Sealed,,0,0,,50,,Null,0,0,,41,Tararua District,Give way,,,,,0,0,Urban,0,,,Light rain,Null
1748356,5421629,28541,,576002,0,0,0,1,0,West,2006/2007,THE ESPLANADE,BRIGHTON ST,,Fatal Crash,No,2006,0,East,0,1,1,Flat,0,,0,,0,Dark,2189600,1,0,0,2,0,0,0,0,0,,0,1,Wellington Region,Nil,2-way,Sealed,0,0,0,0,50,0,Off,0,0,,47,Wellington City,Nil,0,0,0,0,0,0,Urban,0,0,0,Fine,Null
1753784,5935623,28542,,508703,0,0,0,1,0,Null,2005/2006,RISING PARADE,OTEHA VALLEY ROAD,,Non-Injury Crash,No,2006,0,South,0,0,1,Flat,0,,0,,0,Dark,179211,0,0,0,4,0,0,0,0,0,,0,0,Auckland Region,Nil,2-way,Sealed,0,0,0,0,50,0,On,0,0,,76,Auckland,Give way,0,0,0,0,0,0,Urban,0,0,0,Light rain,Null
1930332,5616634,28543,,547200,0,0,0,3,0,Null,2006/2007,PUKETAPU ROAD,CHURCH ROAD,,Serious Crash,No,2006,0,South,0,0,0,Flat,0,,1,,0,Dark,1456705,0,0,0,2,0,0,0,0,2,,1,0,Hawke's Bay Region,Nil,2-way,Sealed,0,0,1,0,50,0,On,0,0,,31,Napier City,Stop,0,0,0,0,0,0,Urban,0,0,0,Fine,Null
1756951,5913759,28544,20,518701,1,,0,0,,Null,2005/2006,MOUNT ALBERT ROAD,ROWAN ROAD,,Serious Crash,No,2006,,East,,0,,Hill Road,,,,,,Bright sun,569100,0,0,0,4,,,0,,,,,,Auckland Region,Nil,2-way,Sealed,,0,1,,50,,Off,0,0,,76,Auckland,Traffic Signals,,,,,0,0,Urban,0,,,Fine,Null
1760652,5909035,28545,,524404,0,0,0,2,0,West,2005/2006,FAVONA ROAD,DEWHURST PLACE,,Non-Injury Crash,No,2006,0,East,0,0,0,Flat,0,,0,,0,Dark,730001,0,0,0,2,0,0,0,0,1,,0,0,Auckland Region,Nil,2-way,Sealed,0,0,0,0,70,0,On,0,0,,76,Auckland,Nil,0,0,0,0,0,0,Urban,0,0,0,Fine,Null
1751489,5433882,28546,,574100,0,,0,0,,West,2006/2007,NEWLANDS OFF NBD,NEWLANDS ON NBD,,Minor Crash,Yes,2006,,North,,0,,Hill Road,,,,,,Overcast,2084600,1,0,0,2,,,0,,,,,,Wellington Region,Nil,1-way,Sealed,,0,0,,80,,Null,1,0,,47,Wellington City,Nil,,,,,0,0,Open,0,,,Light rain,Null
1789506,5818752,28547,,527913,0,,0,0,,South,2006/2007,SH 39,FULLERTON ROAD,,Minor Crash,Yes,2006,,North,,0,,Hill Road,,,,,,Overcast,977500,1,0,1,2,,,0,,,,,,Waikato Region,Nil,2-way,Sealed,,0,0,,100,,None,0,0,,13,Waikato District,Nil,,,,,0,0,Open,0,,,Heavy rain,Null
1757215,5919382,28548,,514301,0,,0,1,,Null,2005/2006,SYMONDS ST,GRAFTON BRIDGE,,Minor Crash,No,2006,,West,,0,,Flat,,,,,,Dark,440904,1,0,0,5,,,0,,,1,,,Auckland Region,Nil,2-way,Sealed,,0,0,,50,,On,0,0,,76,Auckland,Traffic Signals,,,,,0,0,Urban,0,,,Heavy rain,Null
1755763,5916399,28549,,518201,0,,0,2,,North,2006/2007,DOMINION ROAD,BRIXTON ROAD,,Non-Injury Crash,No,2006,,South,,0,,Flat,,,,,,Dark,553200,0,0,0,4,,,0,,,,,,Auckland Region,Nil,2-way,Sealed,,0,0,,50,,On,0,0,,76,Auckland,Traffic Signals,,,,,0,0,Urban,0,,,Fine,Null
1693341,5674169,28550,,552500,0,,0,2,,South,2005/2006,CARRINGTON ST,ESSEX ST,,Minor Crash,No,2006,,South,,0,,Flat,,,,,,Overcast,1568200,3,0,0,2,,,0,,,,,,Taranaki Region,Nil,2-way,Sealed,,0,0,,50,,Null,0,0,,33,New Plymouth District,Nil,,,,,0,0,Urban,0,,,Fine,Null
1795065,5499715,28551,,564231,0,,0,1,,Null,2005/2006,SH 57,QUEEN ST EAST,,Minor Crash,Yes,2006,,North,,0,,Flat,,,,,,Bright sun,1867301,3,0,0,3,,,0,,,,,,Manawatū-Whanganui Region,Nil,2-way,Sealed,,0,0,,100,,Null,0,0,,42,Horowhenua District,Stop,,,,,0,0,Open,1,,,Fine,Null
1215741,4889086,28552,,612720,0,0,0,0,1,East,2006/2007,Z DWY FARM LANE,OTAUTAU-NIGHTCAPS ROAD,,Serious Crash,No,2006,0,East,0,0,0,Flat,0,,0,,0,Overcast,3179000,2,0,0,0,0,0,0,0,0,,0,0,Southland Region,Nil,Off road,Unsealed,0,0,1,0,100,0,Null,1,0,,73,Southland District,Nil,0,0,0,0,0,0,Open,0,0,0,Fine,Null
1874916,5810794,28553,65,536630,0,,0,0,,North,2005/2006,SH 36,OROPI GORGE ROAD,,Non-Injury Crash,Yes,2006,,North,,0,,Flat,,,,,,Bright sun,1192900,0,0,1,2,,,0,,,,,,Bay of Plenty Region,Nil,2-way,Sealed,,0,0,,100,,Null,0,0,,22,Western Bay of Plenty District,Unknown,,,,,0,0,Open,0,,,Fine,Null
1844728,5785332,28554,,535600,0,0,0,0,0,East,2005/2006,FREYBERG CRESCENT,BLEDISLOE AVENUE,,Non-Injury Crash,No,2006,0,West,0,0,0,Hill Road,0,Easter,0,,0,Twilight,1129600,0,0,0,2,0,0,0,0,0,,0,1,Waikato Region,Nil,2-way,Sealed,0,0,0,0,50,0,On,0,0,,19,South Waikato District,Unknown,0,0,0,0,0,0,Urban,1,0,0,Fine,Null
1744480,5974606,28555,65,506661,0,0,0,1,0,North,2006/2007,SH 1N,KRAACK ROAD,,Minor Crash,Yes,2006,0,North,0,0,1,Hill Road,0,,0,,0,Dark,138900,1,0,0,2,0,0,0,0,0,,0,1,Auckland Region,Nil,2-way,Sealed,0,0,0,0,100,0,None,0,0,,76,Auckland,Unknown,0,0,0,1,0,0,Open,0,0,0,Fine,Null
1767785,5906637,28556,,523602,0,0,0,1,0,South,2005/2006,BIRCH PLACE,KUDU ROAD,,Non-Injury Crash,No,2006,0,South,0,0,0,Flat,0,,0,,0,Dark,706400,0,0,0,1,0,0,0,0,0,,0,0,Auckland Region,Nil,2-way,Sealed,0,0,0,0,50,0,On,0,0,,76,Auckland,Nil,0,0,0,0,1,0,Urban,0,1,0,Fine,Null
1876091,5822876,28557,,537302,0,0,0,1,0,Null,2005/2006,CAMBRIDGE ROAD,CAMBRIDGE OFF WBD,,Non-Injury Crash,Yes,2006,0,West,0,0,1,Hill Road,0,,0,,1,Dark,1161512,0,0,0,1,0,0,0,0,0,,0,0,Bay of Plenty Region,Motorway ramp,1-way,Sealed,0,0,0,0,50,0,On,0,0,,23,Tauranga City,Stop,0,1,0,0,0,0,Urban,0,0,0,Fine,Null
1757003,5913746,28558,,518702,0,,0,1,,South,2005/2006,HILLSBOROUGH ROAD,MOUNT ALBERT ROAD,,Non-Injury Crash,No,2006,,North,,0,,Flat,,,,,,Twilight,567401,0,0,1,5,,,0,,,,,,Auckland Region,Nil,2-way,Sealed,,0,0,,50,,Off,0,0,,76,Auckland,Traffic Signals,,,,,0,0,Urban,0,,,Fine,Null
1443081,5279499,28559,,585316,0,0,0,2,0,South,2006/2007,SH 6,CHESTERFIELD ROAD,,Minor Crash,Yes,2006,0,North,1,0,0,Flat,0,,0,,0,Dark,2421500,3,0,0,2,0,0,0,0,0,,0,0,West Coast Region,Nil,2-way,Sealed,0,0,0,0,100,0,None,0,0,,57,Westland District,Unknown,0,0,0,0,0,0,Open,0,0,0,Fine,Null
1766520,5913270,28560,,522920,0,,0,2,,Null,2005/2006,TI RAKAU DRIVE,PAKURANGA ROAD,,Non-Injury Crash,No,2006,,North,,0,,Flat,,,,,,Bright sun,683900,0,0,0,6,,,0,,,,,,Auckland Region,Nil,2-way,Sealed,,0,0,,60,,Null,0,0,,76,Auckland,Give way,,,,,0,0,Urban,0,,,Fine,Null
1758109,5915476,28561,,519300,0,,0,2,,South,2005/2006,MANUKAU ROAD,GREEN LANE WEST,,Non-Injury Crash,No,2006,,North,,0,,Flat,,,,,,Dark,623100,0,0,0,2,,,0,,,,,,Auckland Region,Nil,2-way,Sealed,,0,0,,50,,On,0,0,,76,Auckland,Traffic Signals,,,,,0,0,Urban,0,,,Fine,Null
1771696,5913066,28562,,523102,0,0,0,2,0,North,2006/2007,Z CPK SOMERVILLE SC,MEADOWLAND DRIVE,,Non-Injury Crash,No,2006,0,South,0,0,0,Flat,0,,1,,0,Dark,711023,0,0,0,0,0,0,0,0,1,,0,0,Auckland Region,Nil,Off road,Sealed,0,0,0,0,30,0,On,0,0,,76,Auckland,Nil,0,0,0,0,0,0,Urban,0,0,0,Fine,Null
1571378,5182697,28563,,592600,1,,0,1,,Null,2005/2006,WARRINGTON ST,BARBADOES ST,,Minor Crash,No,2006,,West,,0,,Flat,,,,,,Bright sun,2695500,1,0,0,2,,,0,,,,,,Canterbury Region,Nil,2-way,Sealed,,0,0,,50,,Null,0,0,,60,Christchurch City,Give way,,,,,0,0,Urban,0,,,Fine,Null
1758609,5915503,28564,,519300,0,,0,2,,Null,2005/2006,GREEN LANE WEST,GREENLANE HPTL GT3,,Non-Injury Crash,No,2006,,West,,0,,Flat,,,,,,Bright sun,623200,0,0,0,4,,,0,,,,,,Auckland Region,Nil,2-way,Sealed,,0,0,,50,,Off,0,0,,76,Auckland,Traffic Signals,,,,,0,0,Urban,0,,,Fine,Null
1763393,5911222,28565,,520500,0,,0,2,,Null,2005/2006,GREAT SOUTH ROAD,BELL AVENUE,,Minor Crash,No,2006,,North,,0,,Flat,,,,,,Overcast,637702,1,0,0,4,,,0,,,,,,Auckland Region,Nil,2-way,Sealed,,0,0,,50,,Off,0,0,,76,Auckland,Stop,,,,,0,0,Urban,0,,,Light rain,Null
1485184,5236609,28566,,587100,0,,0,0,,West,2006/2007,SH 73,WAIMAKARIRI RIV BR,,Serious Crash,Yes,2006,,South,,0,,Flat,,,,,,Overcast,2461100,0,0,1,2,,,0,,,,,,Canterbury Region,Nil,2-way,Sealed,,0,1,,100,,Null,0,0,,62,Selwyn District,Unknown,,,,,0,0,Open,0,,,Fine,Null
1755595,5944238,28567,,505908,0,0,0,1,0,Null,2005/2006,KAREPIRO DRIVE,WHANGAPARAOA ROAD,,Non-Injury Crash,No,2006,0,North,0,0,0,Flat,0,,0,,0,Bright sun,173605,0,0,0,2,0,0,0,0,0,,0,1,Auckland Region,Nil,2-way,Sealed,0,0,0,0,50,0,Off,0,0,,76,Auckland,Give way,0,0,0,0,0,0,Urban,0,0,0,Fine,Null
1762706,5914943,28568,,520302,0,0,0,1,1,Null,2005/2006,ELLERSLIE-PANMURE HWY,HARRISON ROAD,,Non-Injury Crash,No,2006,0,North,0,0,0,Flat,0,,0,,0,Dark,625104,0,0,0,2,0,0,0,0,0,,1,0,Auckland Region,Nil,2-way,Sealed,0,0,0,0,50,0,On,0,0,,76,Auckland,Give way,0,0,0,0,0,0,Urban,0,0,0,Fine,Null
1765499,5901805,28569,,524604,0,,0,2,,South,2005/2006,ROSCOMMON ROAD,BOLDERWOOD PLACE,,Non-Injury Crash,No,2006,,South,,0,,Flat,,,,,,Overcast,781302,0,0,0,4,,,0,,,,,,Auckland Region,Nil,2-way,Sealed,,0,0,,50,,Off,0,0,,76,Auckland,Nil,,,,,0,0,Urban,0,,,Fine,Null