X,Y,OBJECTID,advisorySpeed,areaUnitID,bicycle,bridge,bus,carStationWagon,cliffBank,crashDirectionDescription,crashFinancialYear,crashLocation1,crashLocation2,crashRoadSideRoad,crashSeverity,crashSHDescription,crashYear,debris,directionRoleDescription,ditch,fatalCount,fence,flatHill,guardRail,holiday,houseOrBuilding,intersection,kerb,light,meshblockId,minorInjuryCount,moped,motorcycle,NumberOfLanes,objectThrownOrDropped,otherObject,otherVehicleType,overBank,parkedVehicle,pedestrian,phoneBoxEtc,postOrPole,region,roadCharacter,roadLane,roadSurface,roadworks,schoolBus,seriousInjuryCount,slipOrFlood,speedLimit,strayAnimal,streetLight,suv,taxi,temporarySpeedLimit,tlaId,tlaName,trafficControl,trafficIsland,trafficSign,train,tree,truck,unknownVehicleType,urban,vanOrUtility,vehicle,waterRiver,weatherA,weatherB
1503233,5141593,28570,,597730,0,,0,1,,South,2006/2007,SH 1S,WORKS ROAD,,Minor Crash,Yes,2006,,South,,0,,Flat,,,,,,Dark,2747501,1,0,0,2,,,0,,,,,,Canterbury Region,Nil,2-way,Sealed,,0,0,,100,,None,0,0,,63,Ashburton District,Unknown,,,,,1,0,Open,0,,,Fine,Null
1762717,5906836,28571,,524302,0,,0,2,,East,2005/2006,BUCKLAND ROAD,MASSEY ROAD,,Non-Injury Crash,No,2006,,East,,0,,Flat,,,,,,Bright sun,745200,0,0,0,2,,,0,,,,,,Auckland Region,Nil,2-way,Sealed,,0,0,,50,,Off,0,0,,76,Auckland,Nil,,,,,0,0,Urban,0,,,Fine,Null
1612044,5280644,28572,55,585506,0,,0,1,,East,2006/2007,LEADER ROAD WEST,LOWER STANTON BR,,Minor Crash,No,2006,,West,,0,,Hill Road,,Christmas New Year,,,,Bright sun,2428600,2,0,0,2,,,0,,,,,,Canterbury Region,Nil,2-way,Sealed,,0,0,,100,,Null,1,0,,58,Hurunui District,Unknown,,,,,0,0,Open,0,,,Fine,Null
1755275,5918168,28573,30,517500,0,0,0,2,0,East,2005/2006,FOURTH AVENUE,KINGSLAND AVENUE,,Non-Injury Crash,No,2006,0,West,0,0,0,Flat,0,,0,,0,Bright sun,529900,0,0,0,2,0,0,0,0,1,,0,0,Auckland Region,Nil,2-way,Sealed,0,0,0,0,50,0,Off,0,0,,76,Auckland,Nil,0,0,0,0,0,0,Urban,0,0,0,Fine,Null
1570648,5178587,28574,,594600,0,,0,2,,South,2005/2006,COLOMBO ST,WORDSWORTH ST,,Minor Crash,No,2006,,North,,0,,Flat,,,,,,Twilight,2618300,1,0,0,2,,,0,,,,,,Canterbury Region,Nil,2-way,Sealed,,0,0,,50,,Off,0,0,,60,Christchurch City,Unknown,,,,,0,0,Urban,0,,,Fine,Null
1748383,5427134,28575,,573000,0,,0,1,,North,2005/2006,WILLIS ST,VIVIAN ST,,Minor Crash,No,2006,,North,,0,,Flat,,,,,,Dark,2129700,1,0,0,2,,,0,,,1,,,Wellington Region,Nil,2-way,Sealed,,0,0,,50,,On,0,0,,47,Wellington City,Nil,,,,,0,0,Urban,0,,,Fine,Null
1770409,5911188,28576,,523109,0,,0,1,,South,2006/2007,Z CPK BOTANY SC,TI RAKAU DRIVE,,Non-Injury Crash,No,2006,,East,,0,,Flat,,,,,,Bright sun,711709,0,0,0,0,,,0,,,,,,Auckland Region,Nil,Off road,Sealed,,0,0,,30,,Off,0,0,,76,Auckland,Nil,,,,,0,0,Urban,1,,,Fine,Null
1221942,4869458,28577,75,612740,0,0,0,0,1,South,2006/2007,LIMESTONE PLAINS ROAD,FAIRFAX-ISLA BANK ROAD,,Serious Crash,No,2006,0,North,0,0,0,Flat,0,,0,,0,Dark,3184601,2,0,0,2,0,0,0,0,0,,0,0,Southland Region,Nil,2-way,Sealed,0,0,3,0,100,0,None,1,0,,73,Southland District,Unknown,0,0,0,0,0,0,Open,0,0,0,Light rain,Strong wind
1405835,4914904,28578,,604300,0,0,0,0,0,South,2005/2006,KING EDWARD ST,BRIDGMAN ST,,Minor Crash,No,2006,0,South,0,0,0,Flat,0,,0,,0,Dark,2932700,1,0,0,2,0,0,0,0,0,,0,1,Otago Region,Nil,2-way,Sealed,0,0,0,0,50,0,On,1,0,,71,Dunedin City,Unknown,0,0,0,0,0,0,Urban,0,0,0,Fine,Null
1755659,5915992,28579,,518301,0,,0,2,,East,2006/2007,HALSTON ROAD,DOMINION ROAD,,Non-Injury Crash,No,2006,,West,,0,,Flat,,Christmas New Year,,,,Bright sun,555300,0,0,0,2,,,0,,,,,,Auckland Region,Nil,2-way,Sealed,,0,0,,50,,Off,0,1,,76,Auckland,Nil,,,,,0,0,Urban,0,,,Fine,Null
1759825,5436917,28580,,569401,0,,0,1,,East,2005/2006,MELLING LINK,SH 2,,Minor Crash,No,2006,,West,,0,,Flat,,,,,,Dark,1925800,1,0,0,3,,,0,,,1,,,Wellington Region,Nil,2-way,Sealed,,0,0,,50,,On,1,0,,46,Lower Hutt City,Nil,,,,,0,0,Urban,0,,,Fine,Null
1757515,5920902,28581,,514101,1,,0,1,,Null,2006/2007,CUSTOMS ST WEST,QUEEN ST,,Minor Crash,No,2006,,East,,0,,Hill Road,,,,,,Bright sun,432900,1,0,0,6,,,0,,,,,,Auckland Region,Nil,2-way,Sealed,,0,0,,50,,Off,0,0,,76,Auckland,Traffic Signals,,,,,0,0,Urban,0,,,Fine,Null
1796850,5823242,28582,55,527123,0,0,0,0,0,West,2006/2007,KAY ROAD,OSBORNE ROAD,,Serious Crash,No,2006,0,West,0,0,1,Flat,0,,0,,0,Overcast,952400,0,0,0,2,0,0,0,0,0,,0,0,Waikato Region,Nil,2-way,Sealed,0,0,1,0,100,0,None,0,0,,13,Waikato District,Nil,0,0,0,0,1,0,Open,0,0,0,Light rain,Null
1755247,5920851,28583,,515202,0,,0,2,,East,2006/2007,JERVOIS ROAD,SHELLY BEACH ROAD,,Non-Injury Crash,No,2006,,East,,0,,Flat,,,,,,Overcast,425000,0,0,0,2,,,0,,,,,,Auckland Region,Nil,2-way,Sealed,,0,0,,50,,Off,0,0,,76,Auckland,Traffic Signals,,,,,0,0,Urban,0,,,Light rain,Null
1743463,5970867,28584,,506613,0,,0,2,,North,2005/2006,SMYTH ROAD,KAIPARA FLATS ROAD,,Non-Injury Crash,No,2006,,South,,0,,Hill Road,,,,,,Bright sun,145800,0,0,0,1,,,0,,,,,,Auckland Region,Nil,2-way,Unsealed,,0,0,,100,,None,0,0,,76,Auckland,Nil,,,,,0,0,Open,0,,,Fine,Null
1537409,5360851,28585,,581842,0,0,0,1,0,North,2006/2007,SH 65,PEA SOUP ROAD,,Serious Crash,Yes,2006,0,North,1,0,0,Hill Road,0,,0,,0,Overcast,2380900,0,0,0,2,0,0,0,0,0,,0,0,Tasman Region,Nil,2-way,Sealed,0,0,1,0,100,0,Null,0,0,,51,Tasman District,Nil,0,1,0,0,0,0,Open,0,0,0,Light rain,Null
1763742,5913329,28586,,520402,0,,0,2,,Null,2006/2007,MOUNT WELLINGTON HIGHWAY,HAMLIN ROAD,,Non-Injury Crash,No,2006,,North,,0,,Flat,,,,,,Bright sun,640300,0,0,0,4,,,0,,,,,,Auckland Region,Nil,2-way,Sealed,,0,0,,50,,Off,0,1,,76,Auckland,Nil,,,,,0,0,Urban,0,,,Fine,Null
1929851,5605477,28587,,548200,0,,0,2,,Null,2005/2006,ST AUBYN ST WEST,NELSON ST NORTH,,Minor Crash,No,2006,,South,,0,,Flat,,,,,,Dark,1491000,1,0,0,6,,,0,,,,,,Hawke's Bay Region,Nil,2-way,Sealed,,0,0,,50,,On,0,0,,30,Hastings District,Traffic Signals,,,,,0,0,Urban,0,,,Fine,Null
1719337,6047923,28588,,502700,0,,0,1,,South,2006/2007,KAMO ROAD,KEYTE ST,,Minor Crash,No,2006,,South,,0,,Hill Road,,,,,,Bright sun,90800,2,0,0,2,,,0,,,,,,Northland Region,Rail xing,2-way,Sealed,,0,0,,50,,Off,0,0,,2,Whangarei District,Nil,,,,,1,0,Urban,0,,,Fine,Null
1842997,5855247,28589,,534200,0,0,0,1,1,West,2006/2007,SH 2,WAITAWHETA ROAD,,Minor Crash,Yes,2006,0,North,0,0,0,Flat,0,,0,,0,Overcast,1084800,1,0,0,2,0,0,0,0,0,,0,0,Waikato Region,Nil,2-way,Sealed,0,0,0,0,80,0,None,0,0,,12,Hauraki District,Nil,0,0,0,0,0,0,Open,0,0,0,Fine,Null
1879548,5782756,28590,,538811,0,0,0,1,0,West,2006/2007,DALBETH ROAD,HAMPSON PLACE,,Non-Injury Crash,No,2006,0,West,0,0,1,Hill Road,0,,0,,0,Overcast,1249700,0,0,0,2,0,0,0,0,0,,0,0,Bay of Plenty Region,Nil,2-way,Sealed,0,0,0,0,100,0,None,0,0,,24,Rotorua District,Nil,0,0,0,0,0,0,Open,0,0,0,Fine,Null
1751143,5918017,28591,,514801,0,0,0,1,0,West,2006/2007,SH 16,PT CHEV OFF EBD,,Minor Crash,Yes,2006,0,East,0,0,0,Flat,1,,0,,0,Twilight,390402,1,0,0,3,0,0,0,0,0,,0,0,Auckland Region,Nil,1-way,Sealed,0,0,0,0,100,0,On,0,0,,76,Auckland,Nil,0,0,0,0,0,0,Open,0,0,0,Fine,Null
1243450,4849056,28592,,611220,0,,0,2,,Null,2006/2007,TWEED ST,NESS ST,,Minor Crash,No,2006,,East,,0,,Flat,,,,,,Bright sun,3110100,2,0,0,4,,,0,,,,,,Southland Region,Nil,2-way,Sealed,,0,0,,50,,Null,0,0,,75,Invercargill City,Give way,,,,,0,0,Urban,0,,,Fine,Null
2059021,5728861,28593,,544001,0,,0,0,,West,2006/2007,SH 35,WAIHAU ROAD,,Minor Crash,Yes,2006,,West,,0,,Hill Road,,,,,,Dark,1355902,2,0,0,2,,,0,,,,,,Gisborne Region,Nil,2-way,Sealed,,0,0,,100,,None,1,0,,28,Gisborne District,Nil,,,,,0,0,Open,0,,,Fine,Null
1519392,5317449,28594,,584701,0,0,0,1,0,West,2006/2007,SH 7,HESLOPS CRK BR,,Minor Crash,Yes,2006,0,East,0,0,0,Hill Road,0,,0,,0,Dark,2398000,1,0,0,2,0,0,0,0,0,,0,0,West Coast Region,Nil,2-way,Sealed,0,0,0,0,100,0,None,0,0,,55,Buller District,Unknown,0,0,0,1,0,0,Open,0,0,0,Fine,Frost
1802825,5814122,28595,,530300,0,,0,2,,North,2006/2007,GALLOWAY ST,NAYLOR ST,,Non-Injury Crash,No,2006,,South,,0,,Flat,,,,,,Dark,882100,0,0,0,2,,,0,,,,,,Waikato Region,Nil,2-way,Sealed,,0,0,,50,,On,0,0,,16,Hamilton City,Traffic Signals,,,,,0,0,Urban,0,,,Light rain,Null
1759871,5924385,28596,,509300,0,,0,2,,South,2005/2006,LAKE ROAD,OLD LAKE ROAD,,Non-Injury Crash,No,2006,,South,,0,,Hill Road,,,,,,Dark,340200,0,0,0,2,,,0,,,,,,Auckland Region,Nil,2-way,Sealed,,0,0,,50,,On,0,0,,76,Auckland,Nil,,,,,0,0,Urban,0,,,Fine,Null
1451585,5297201,28597,,585140,0,,0,2,,Null,2006/2007,SH 6,MORICE ST,,Minor Crash,Yes,2006,,North,,0,,Flat,,,,,,Overcast,2411000,1,0,0,2,,,0,,,,,,West Coast Region,Nil,2-way,Sealed,,0,0,,50,,Null,0,0,,56,Grey District,Give way,,,,,0,0,Urban,0,,,Heavy rain,Null
1661833,6075429,28598,55,500802,0,0,0,0,0,East,2005/2006,SH 12,PUNAKITERE LOOP ROAD,,Minor Crash,Yes,2006,0,West,0,0,1,Flat,0,,0,,0,Bright sun,23300,1,0,1,2,0,0,0,0,0,,0,0,Northland Region,Nil,2-way,Sealed,0,0,0,0,100,0,None,0,0,,1,Far North District,Nil,0,0,0,0,0,0,Open,0,0,0,Fine,Null
1773616,5445221,28599,,567100,1,,0,1,,Null,2005/2006,FERGUSSON DRIVE,WILSON ST,,Minor Crash,No,2006,,West,,0,,Flat,,,,,,Overcast,1906100,1,0,0,2,,,0,,,,,,Wellington Region,Nil,2-way,Sealed,,0,0,,50,,Null,0,0,,45,Upper Hutt City,Nil,,,,,0,0,Urban,0,,,Fine,Null
1772088,5898031,28600,,523912,0,0,0,1,0,Null,2005/2006,WALTERS ROAD,PORCHESTER ROAD,,Minor Crash,No,2006,0,East,0,0,0,Flat,0,,0,,0,Overcast,767400,1,0,0,2,0,0,0,0,0,,0,1,Auckland Region,Nil,2-way,Sealed,0,0,0,0,50,0,Off,0,0,,76,Auckland,Give way,0,0,0,1,0,0,Urban,0,0,0,Fine,Null
1760164,5447502,28601,,565602,0,0,0,0,0,West,2006/2007,JOSEPH BANKS DRIVE,THE MASTHEAD,,Minor Crash,No,2006,0,West,0,0,0,Hill Road,0,,1,,0,Bright sun,2072411,1,0,0,2,0,0,0,0,0,,1,0,Wellington Region,Nil,2-way,Sealed,0,0,0,0,50,0,Null,1,0,,44,Porirua City,Nil,0,1,0,1,0,0,Urban,0,0,0,Fine,Null
1746690,5917792,28602,,512500,0,,0,1,,Null,2005/2006,TE ATATU ROAD,ROBERTS ROAD,,Non-Injury Crash,No,2006,,South,,0,,Flat,,,,,,Bright sun,257300,0,0,0,2,,,0,,,,,,Auckland Region,Nil,2-way,Sealed,,0,0,,50,,Off,0,0,,76,Auckland,Give way,,,,,0,0,Urban,1,,,Fine,Null
1876178,5819886,28603,,537601,0,,0,2,,South,2005/2006,CHADWICK ROAD,CAMERON ROAD,,Non-Injury Crash,No,2006,,South,,0,,Flat,,,,,,Bright sun,1176500,0,0,0,2,,,0,,,,,,Bay of Plenty Region,Nil,2-way,Sealed,,0,0,,50,,Null,0,0,,23,Tauranga City,Unknown,,,,,0,0,Urban,0,,,Fine,Null
1242334,4852505,28604,,610602,0,,0,1,,East,2006/2007,PRESTON ST,SH 6,,Minor Crash,No,2006,,East,,0,,Flat,,,,,,Bright sun,3103800,1,0,0,2,,,0,,,1,,,Southland Region,Nil,2-way,Sealed,,0,0,,50,,Null,0,0,,75,Invercargill City,Nil,,,,,0,0,Urban,0,,,Fine,Null
1686875,6030999,28605,,504502,0,0,0,1,1,East,2005/2006,SH 14,TANGOWAHINE VALLEY ROAD,,Minor Crash,Yes,2006,0,West,0,0,0,Hill Road,0,,0,,0,Dark,120800,1,0,0,2,0,0,0,0,0,,0,0,Northland Region,Nil,2-way,Sealed,0,0,0,0,100,0,None,0,1,,3,Kaipara District,Nil,0,0,0,0,0,0,Open,0,0,0,Fine,Null
1243604,4850097,28606,,611100,0,,0,1,,Null,2005/2006,MACMASTER ST,YARROW ST,,Minor Crash,No,2006,,West,,0,,Flat,,,,,,Bright sun,3135200,1,0,1,2,,,0,,,,,,Southland Region,Nil,2-way,Sealed,,0,0,,50,,Null,0,0,,75,Invercargill City,Give way,,,,,0,0,Urban,0,,,Fine,Null
1710790,6043849,28607,,501810,0,0,0,1,1,East,2005/2006,SH 14,KARA ROAD,,Serious Crash,Yes,2006,0,West,0,0,0,Flat,0,,0,,0,Bright sun,70801,0,0,0,2,0,0,0,0,0,,0,0,Northland Region,Nil,2-way,Sealed,0,0,1,0,100,0,Off,0,0,,2,Whangarei District,Nil,0,0,0,0,0,0,Open,0,0,0,Fine,Null
1756853,5920390,28608,,514102,0,,0,0,,Null,2006/2007,WELLESLEY ST WEST,NELSON ST,,Minor Crash,No,2006,,East,,0,,Hill Road,,,,,,Bright sun,432700,1,0,1,4,,,0,,,,,,Auckland Region,Nil,2-way,Sealed,,0,0,,50,,Off,1,0,,76,Auckland,Traffic Signals,,,,,1,0,Urban,0,,,Fine,Null
1759470,5908204,28609,,524121,0,0,0,2,0,South,2006/2007,BADER DRIVE,VENTURA ST,,Non-Injury Crash,No,2006,0,South,0,0,0,Flat,0,,0,,0,Overcast,737301,0,0,0,2,0,0,0,0,0,,0,0,Auckland Region,Nil,2-way,Sealed,0,0,0,0,50,0,Off,0,0,,76,Auckland,Nil,0,0,0,0,0,0,Urban,0,1,0,Fine,Null
1799056,5814529,28610,,528900,0,0,0,1,0,East,2005/2006,KILLARNEY ROAD,SH 1N,,Non-Injury Crash,No,2006,0,West,0,0,0,Flat,0,,0,,0,Overcast,915900,0,0,0,2,0,0,0,0,1,,0,0,Waikato Region,Nil,2-way,Sealed,0,0,0,0,50,0,Null,0,0,,16,Hamilton City,Unknown,0,0,0,0,0,0,Urban,1,0,0,Fine,Null
1368531,4919832,28611,,607502,0,,0,0,,West,2006/2007,MAHINERANGI ROAD,SH 87,,Serious Crash,No,2006,,East,,0,,Hill Road,,,,,,Bright sun,3008201,6,0,0,2,,,0,,,,,,Otago Region,Nil,2-way,Unsealed,,0,1,,100,,Null,1,0,,72,Clutha District,Unknown,,,,,0,0,Open,1,,,Snow,Frost
1754125,5918284,28612,,515432,0,,0,3,,East,2005/2006,SH 16,ST LUKES OBR,,Non-Injury Crash,Yes,2006,,West,,0,,Flat,,,,,,Dark,406202,0,0,0,3,,,0,,,,,,Auckland Region,Nil,1-way,Sealed,,0,0,,100,,On,0,0,,76,Auckland,Nil,,,,,0,0,Open,0,,,Light rain,Null
1767582,5904651,28613,,524604,0,,0,2,,North,2005/2006,GREAT SOUTH ROAD,RONWOOD AVENUE,,Non-Injury Crash,No,2006,,South,,0,,Flat,,,,,,Bright sun,780302,0,0,0,4,,,0,,,,,,Auckland Region,Nil,2-way,Sealed,,0,0,,50,,Off,0,0,,76,Auckland,Nil,,,,,0,0,Urban,0,,,Fine,Null
1840563,5518270,28614,,578000,0,,0,2,,East,2005/2006,MANGAHAO ROAD,CREWE ST,,Minor Crash,No,2006,,West,,0,,Flat,,,,,,Dark,2217200,1,0,0,2,,,0,,,,,,Manawatū-Whanganui Region,Nil,2-way,Sealed,,0,0,,50,,On,0,0,,41,Tararua District,Nil,,,,,0,0,Urban,0,,,Fine,Null
1754126,5917305,28615,,517600,0,,0,1,,East,2005/2006,NEW NORTH ROAD,ST LUKES ROAD,,Minor Crash,No,2006,,West,,0,,Hill Road,,,,,,Overcast,534400,1,0,0,6,,,0,,,1,,,Auckland Region,Nil,2-way,Sealed,,0,0,,50,,Off,0,0,,76,Auckland,Nil,,,,,0,0,Urban,0,,,Fine,Null
1764133,5908950,28616,,521901,0,,0,2,,West,2006/2007,MANGERE ROAD,GREAT SOUTH ROAD,,Non-Injury Crash,No,2006,,East,,0,,Flat,,,,,,Bright sun,785300,0,0,0,2,,,0,,,,,,Auckland Region,Nil,2-way,Sealed,,0,0,,50,,Off,0,0,,76,Auckland,Nil,,,,,0,0,Urban,0,,,Fine,Null
1772629,5894946,28617,,525530,0,,0,2,,West,2005/2006,ROSEHILL DRIVE,GREAT SOUTH ROAD,,Non-Injury Crash,No,2006,,West,,0,,Flat,,,,,,Overcast,803400,0,0,0,2,,,0,,,,,,Auckland Region,Nil,2-way,Sealed,,0,0,,50,,Null,0,0,,76,Auckland,Unknown,,,,,0,0,Urban,0,,,Fine,Null
1883723,5773294,28618,,540420,0,,0,1,,North,2005/2006,SH 5,RUTLAND ST,,Non-Injury Crash,Yes,2006,,South,,0,,Flat,,,,,,Overcast,1235304,0,0,0,4,,,0,,,,,,Bay of Plenty Region,Nil,2-way,Sealed,,0,0,,50,,Null,1,0,,24,Rotorua District,Nil,,,,,0,0,Urban,0,,,Light rain,Null
1775239,5579024,28619,,556800,0,,0,2,,Null,2005/2006,SOMME PARADE,DUBLIN ST,,Minor Crash,No,2006,,South,,0,,Hill Road,,,,,,Overcast,1704600,1,0,0,2,,,0,,,,,,Manawatū-Whanganui Region,Nil,2-way,Sealed,,0,0,,50,,Null,0,0,,37,Whanganui District,Give way,,,,,0,0,Urban,0,,,Fine,Null
1756363,5927863,28620,,507900,0,,0,3,,North,2006/2007,WAIRAU ROAD,SHAKESPEARE ROAD,,Non-Injury Crash,No,2006,,South,,0,,Flat,,,,,,Bright sun,305202,0,0,0,4,,,0,,,,,,Auckland Region,Nil,2-way,Sealed,,0,0,,50,,Off,0,0,,76,Auckland,Nil,,,,,0,0,Urban,0,,,Fine,Null
1572721,5286515,28621,45,585506,0,0,0,1,1,Null,2006/2007,SH 7,HANDYSIDE STM BR,,Minor Crash,Yes,2006,0,East,0,0,0,Hill Road,0,,0,,0,Dark,2428001,2,0,0,2,0,0,0,0,0,,0,0,Canterbury Region,Bridge,2-way,Sealed,0,0,0,0,100,0,None,0,0,,58,Hurunui District,Unknown,0,0,0,0,0,0,Open,0,0,0,Fine,Null
1596604,5455797,28622,,581832,0,,0,0,,West,2005/2006,SH 60,RIWAKA VALLEY ROAD,,Minor Crash,Yes,2006,,East,,0,,Hill Road,,,,,,Overcast,2366600,1,0,0,2,,,0,,,,,,Tasman Region,Nil,2-way,Sealed,,0,0,,100,,Null,0,0,,51,Tasman District,Nil,,,,,1,0,Open,0,,,Light rain,Null
1767736,5901607,28623,,525001,0,0,0,2,0,East,2006/2007,HALSEY ROAD,JELLICOE ROAD,,Non-Injury Crash,No,2006,0,East,0,0,1,Flat,0,,0,,0,Dark,750900,0,0,0,2,0,0,0,0,0,,0,0,Auckland Region,Nil,2-way,Sealed,0,0,0,0,50,0,On,0,0,,76,Auckland,Nil,0,0,0,0,0,0,Urban,0,0,0,Fine,Null
1876602,5813784,28624,,536630,0,0,0,1,1,South,2006/2007,OROPI ROAD,WARNER ROAD,,Non-Injury Crash,No,2006,0,South,0,0,0,Hill Road,0,,0,,0,Dark,1193601,0,0,0,2,0,0,0,0,0,,0,0,Bay of Plenty Region,Nil,2-way,Sealed,0,0,0,0,100,0,None,0,0,,22,Western Bay of Plenty District,Unknown,0,0,0,0,0,0,Open,0,0,0,Fine,Null
1755182,5924727,28625,,509800,0,,0,3,,West,2005/2006,ONEWA ROAD,WOODSIDE AVENUE,,Minor Crash,No,2006,,West,,0,,Hill Road,,,,,,Bright sun,361600,2,0,0,2,,,0,,,,,,Auckland Region,Nil,2-way,Sealed,,0,0,,50,,Off,0,0,,76,Auckland,Nil,,,,,0,0,Urban,0,,,Light rain,Null
1757011,5916815,28626,,518202,0,,0,5,,West,2005/2006,ESSEX ROAD,MOUNT EDEN ROAD,,Non-Injury Crash,No,2006,,West,,0,,Flat,,,,,,Bright sun,549802,0,0,0,1,,,0,,,,,,Auckland Region,Nil,2-way,Sealed,,0,0,,50,,Off,0,0,,76,Auckland,Traffic Signals,,,,,0,0,Urban,0,,,Fine,Null
1755575,5929035,28627,,508510,0,,0,2,,Null,2005/2006,TRISTRAM AVENUE,TRISTRAM ON SBD W,,Non-Injury Crash,No,2006,,East,,0,,Flat,,,,,,Dark,195200,0,0,0,6,,,0,,,,,,Auckland Region,Nil,2-way,Sealed,,0,0,,50,,On,0,0,,76,Auckland,Traffic Signals,,,,,0,0,Urban,0,,,Heavy rain,Null
1757816,5918526,28628,,517400,0,,0,1,,Null,2006/2007,KHYBER PASS ROAD,MOUNTAIN ROAD,,Minor Crash,No,2006,,West,,0,,Hill Road,,,,,,Overcast,450000,1,0,1,4,,,0,,,,,,Auckland Region,Nil,2-way,Sealed,,0,0,,50,,Off,0,0,,76,Auckland,Traffic Signals,,,,,0,0,Urban,0,,,Heavy rain,Null
1571125,5180282,28629,,591500,0,,0,2,,Null,2005/2006,MADRAS ST,GLOUCESTER ST,,Minor Crash,No,2006,,North,,0,,Flat,,,,,,Dark,2652900,1,0,0,3,,,0,,,,,,Canterbury Region,Nil,1-way,Sealed,,0,0,,50,,On,0,0,,60,Christchurch City,Traffic Signals,,,,,0,0,Urban,0,,,Snow,Null
1878728,5823306,28630,,538201,0,0,0,1,0,West,2005/2006,Z CPK PAK N SAVE,CAMERON ROAD,,Non-Injury Crash,No,2006,0,West,0,0,0,Flat,0,,0,,0,Bright sun,1166200,0,0,0,0,0,0,0,0,1,,0,0,Bay of Plenty Region,Nil,Off road,Sealed,0,0,0,0,50,0,Off,1,0,,23,Tauranga City,Nil,0,0,0,0,0,0,Urban,0,0,0,Fine,Null
1753668,5924618,28631,,510402,0,,0,1,,East,2005/2006,MOKOIA ROAD,HUKA ROAD,,Non-Injury Crash,No,2006,,West,,0,,Flat,,,,,,Twilight,351000,0,0,0,2,,,0,,,,,,Auckland Region,Nil,2-way,Sealed,,0,0,,50,,Off,1,0,,76,Auckland,Nil,,,,,0,0,Urban,0,,,Fine,Null
1878906,5819197,28632,,537900,0,0,0,1,0,South,2005/2006,OHAUITI ROAD,HARRISFIELD DRIVE,,Non-Injury Crash,No,2006,0,South,0,0,1,Flat,0,,0,,0,Twilight,1179502,0,0,0,2,0,0,0,0,0,,0,0,Bay of Plenty Region,Nil,2-way,Sealed,0,0,0,0,50,0,On,0,0,,23,Tauranga City,Give way,0,0,0,0,0,0,Urban,0,0,0,Fine,Null
1331954,4919214,28633,,607502,0,0,0,1,1,East,2005/2006,SH 8,CHINAMAN FLAT ROAD,,Serious Crash,Yes,2006,0,West,0,0,0,Flat,0,,0,,0,Bright sun,3007401,0,0,0,2,0,0,0,0,0,,0,0,Otago Region,Nil,2-way,Sealed,0,0,1,0,100,0,Null,0,0,,72,Clutha District,Unknown,0,0,0,0,0,0,Open,0,0,0,Fine,Null
1764440,5908708,28634,,521901,0,,0,1,,South,2005/2006,GREAT SOUTH ROAD,BEATTY ST,,Non-Injury Crash,No,2006,,North,,0,,Flat,,,,,,Overcast,785600,0,0,0,2,,,0,,,,,,Auckland Region,Nil,2-way,Sealed,,0,0,,50,,Off,1,0,,76,Auckland,Nil,,,,,0,0,Urban,0,,,Null,Null
1757442,5918741,28635,,514302,0,,0,2,,South,2005/2006,SH 1N,WELLESLEY OFF NBD,,Non-Injury Crash,Yes,2006,,North,,0,,Flat,,,,,,Overcast,442500,0,0,0,3,,,0,,,,,,Auckland Region,Nil,1-way,Sealed,,0,0,,100,,Off,0,0,,76,Auckland,Nil,,,,,0,0,Open,0,,,Fine,Null
1401470,4919404,28636,,602500,0,0,0,1,1,West,2006/2007,THREE MILE HILL ROAD,HALFWAY BUSH ROAD,,Minor Crash,No,2006,0,West,0,0,0,Hill Road,0,,0,,0,Overcast,2980800,1,0,0,2,0,0,0,0,0,,0,0,Otago Region,Nil,2-way,Sealed,0,0,0,0,100,0,Null,0,0,,71,Dunedin City,Unknown,0,0,0,0,0,0,Open,0,0,0,Light rain,Null
1688812,6109753,28637,,501614,0,0,0,1,1,North,2005/2006,PURERUA ROAD,SOMERVILLE ROAD,,Minor Crash,No,2006,0,North,0,0,0,Flat,0,Christmas New Year,0,,0,Bright sun,44102,1,0,0,2,0,0,0,0,0,,0,0,Northland Region,Nil,2-way,Sealed,0,0,0,0,100,0,None,0,0,,1,Far North District,Nil,0,0,0,0,0,0,Open,0,0,0,Fine,Null
1748469,5913986,28638,,511302,0,0,0,2,0,North,2005/2006,LYNWOOD ROAD,GREAT NORTH ROAD,,Minor Crash,No,2006,0,South,0,0,0,Flat,0,,0,,0,Bright sun,269200,1,0,0,2,0,0,0,0,1,,0,0,Auckland Region,Nil,2-way,Sealed,0,0,0,0,50,0,Off,0,0,,76,Auckland,Nil,0,0,0,0,0,0,Urban,0,0,0,Fine,Null
1393449,4966897,28639,,601301,0,,0,0,,North,2005/2006,NENTHORN ROAD,WILKINSON ROAD,,Serious Crash,No,2006,,South,,0,,Hill Road,,,,,,Bright sun,2855202,0,0,0,2,,,0,,,,,,Otago Region,Nil,2-way,Unsealed,,0,1,,100,,Null,0,0,,68,Waitaki District,Unknown,,,,,1,0,Open,1,,,Fine,Null
1755928,5916985,28640,,518201,0,,0,1,,North,2006/2007,DOMINION ROAD,GRANGE ROAD,,Non-Injury Crash,No,2006,,South,,0,,Flat,,,,,,Bright sun,548200,0,0,0,4,,,0,,,,,,Auckland Region,Nil,2-way,Sealed,,0,0,,50,,Off,1,0,,76,Auckland,Nil,,,,,0,0,Urban,0,,,Fine,Null