X,Y,OBJECTID,advisorySpeed,areaUnitID,bicycle,bridge,bus,carStationWagon,cliffBank,crashDirectionDescription,crashFinancialYear,crashLocation1,crashLocation2,crashRoadSideRoad,crashSeverity,crashSHDescription,crashYear,debris,directionRoleDescription,ditch,fatalCount,fence,flatHill,guardRail,holiday,houseOrBuilding,intersection,kerb,light,meshblockId,minorInjuryCount,moped,motorcycle,NumberOfLanes,objectThrownOrDropped,otherObject,otherVehicleType,overBank,parkedVehicle,pedestrian,phoneBoxEtc,postOrPole,region,roadCharacter,roadLane,roadSurface,roadworks,schoolBus,seriousInjuryCount,slipOrFlood,speedLimit,strayAnimal,streetLight,suv,taxi,temporarySpeedLimit,tlaId,tlaName,trafficControl,trafficIsland,trafficSign,train,tree,truck,unknownVehicleType,urban,vanOrUtility,vehicle,waterRiver,weatherA,weatherB
1765591,5920123,28641,,516700,0,,0,2,,Null,2006/2007,TAMAKI DRIVE,ST HELIERS BAY ROAD,,Non-Injury Crash,No,2006,,West,,0,,Flat,,,,,,Bright sun,509300,0,0,0,2,,,0,,,,,,Auckland Region,Nil,2-way,Sealed,,0,0,,50,,Off,0,0,,76,Auckland,Give way,,,,,0,0,Urban,0,,,Fine,Null
1830261,5879610,28642,,533603,0,0,0,0,0,North,2005/2006,SH 26,BOND ROAD,,Minor Crash,Yes,2006,0,South,1,0,1,Flat,0,,0,,0,Overcast,1057402,1,0,0,2,0,0,0,0,0,,0,0,Waikato Region,Nil,2-way,Sealed,0,0,0,0,100,0,Null,0,0,,11,Thames-Coromandel District,Give way,0,0,0,0,0,0,Open,1,0,0,Fine,Null
1811484,5806201,28643,,527131,0,0,0,1,0,North,2006/2007,CAMBRIDGE ROAD,OLD DISCOMBE ROAD,,Non-Injury Crash,No,2006,1,South,0,0,0,Flat,0,,0,,0,Bright sun,960800,0,0,0,2,0,0,0,0,0,,0,0,Waikato Region,Nil,2-way,Sealed,0,0,0,0,100,0,Null,1,0,,13,Waikato District,Unknown,0,0,0,0,0,0,Open,0,0,0,Fine,Null
1803883,5790817,28644,,531002,0,,0,2,,Null,2005/2006,MUTU ST,MAHOE ST,,Minor Crash,No,2006,,North,,0,,Flat,,,,,,Overcast,970300,2,0,0,2,,,0,,,,,,Waikato Region,Nil,2-way,Sealed,,0,0,,50,,Null,0,0,,17,Waipa District,Stop,,,,,0,0,Urban,0,,,Fine,Null
1752782,5913010,28645,,518901,0,,0,2,,Null,2006/2007,BOUNDARY ROAD,TERRY ST,,Non-Injury Crash,No,2006,,South,,0,,Flat,,,,,,Bright sun,586400,0,0,0,2,,,0,,,,,,Auckland Region,Nil,2-way,Sealed,,0,0,,50,,Off,0,0,,76,Auckland,Nil,,,,,0,0,Urban,0,,,Fine,Null
1753255,5914856,28646,,518801,0,,0,1,,East,2005/2006,STODDARD ROAD,RICHARDSON ROAD,,Minor Crash,No,2006,,East,,0,,Flat,,,,,,Bright sun,578400,1,0,0,4,,,0,,,1,,,Auckland Region,Nil,2-way,Sealed,,0,0,,50,,Off,0,0,,76,Auckland,Nil,,,,,0,0,Urban,0,,,Fine,Null
1769004,5915992,28647,,522730,0,,0,2,,Null,2006/2007,PRINCE REGENT DRIVE,HIMALAYA DRIVE,,Non-Injury Crash,No,2006,,South,,0,,Flat,,Labour Weekend,,,,Overcast,679400,0,0,0,2,,,0,,,,,,Auckland Region,Nil,2-way,Sealed,,0,0,,50,,Off,0,0,,76,Auckland,Stop,,,,,0,0,Urban,0,,,Light rain,Null
1854121,5728421,28648,,541320,0,,0,2,,South,2005/2006,POIHIPI ROAD,TIROHANGA ROAD,,Minor Crash,No,2006,,South,,0,,Hill Road,,,,,,Overcast,1294001,1,0,0,2,,,0,,,,,,Waikato Region,Nil,2-way,Sealed,,0,0,,100,,Null,0,0,,21,Taupo District,Unknown,,,,,0,0,Open,0,,,Light rain,Null
1756062,5916132,28649,,518301,0,0,0,1,0,West,2006/2007,BALMORAL ROAD,MATIPO ST,,Non-Injury Crash,No,2006,0,West,0,0,0,Flat,0,,0,,0,Dark,555200,0,0,0,4,0,0,0,0,0,,0,0,Auckland Region,Nil,2-way,Sealed,0,0,0,0,50,0,On,0,0,,76,Auckland,Nil,0,0,0,1,0,0,Urban,0,0,0,Light rain,Null
1767776,5904283,28650,,524602,0,,0,1,,Null,2006/2007,MANUKAU STATION ROAD,GREAT SOUTH ROAD S,,Non-Injury Crash,No,2006,,North,,0,,Flat,,,,,,Dark,780501,0,0,0,5,,,0,,,,,,Auckland Region,Nil,2-way,Sealed,,0,0,,50,,On,0,0,,76,Auckland,Give way,,,,,0,0,Urban,1,,,Fine,Null
1767701,5909438,28651,,523112,0,,0,1,,West,2005/2006,KERWYN AVENUE,ARWEN PLACE,,Minor Crash,No,2006,,West,,0,,Flat,,,,,,Dark,711600,1,0,0,2,,,0,,,,,,Auckland Region,Nil,2-way,Sealed,,0,0,,50,,On,1,0,,76,Auckland,Nil,,,,,0,0,Urban,0,,,Fine,Null
1766088,5915957,28652,,517100,0,0,0,1,0,Null,2006/2007,ERIMA AVENUE,TRIPOLI ROAD,,Non-Injury Crash,No,2006,0,West,0,0,0,Flat,0,,0,,0,Bright sun,478800,0,0,0,2,0,0,0,0,0,,0,1,Auckland Region,Nil,2-way,Sealed,0,0,0,0,50,0,Off,0,0,,76,Auckland,Give way,0,0,0,1,0,0,Urban,0,0,0,Fine,Null
1756985,5918779,28653,,514301,0,,0,2,,East,2005/2006,KHYBER PASS ROAD,SYMONDS ST,,Minor Crash,No,2006,,East,,0,,Flat,,,,,,Dark,441505,1,0,0,4,,,0,,,,,,Auckland Region,Nil,2-way,Sealed,,0,0,,50,,On,0,0,,76,Auckland,Nil,,,,,0,0,Urban,0,,,Fine,Null
1711959,5615784,28654,,554113,0,0,0,1,1,West,2005/2006,SH 3,WHAREROA ROAD,,Non-Injury Crash,Yes,2006,0,West,0,0,0,Hill Road,0,,0,,0,Bright sun,1651100,0,0,0,2,0,0,0,0,0,,0,0,Taranaki Region,Nil,2-way,Sealed,0,0,0,0,100,0,Null,0,0,,35,South Taranaki District,Nil,0,0,0,0,0,0,Open,0,0,0,Fine,Null
1772547,5874463,28655,,526200,0,0,0,1,0,South,2006/2007,GEORGE ST,HALL ST,,Non-Injury Crash,No,2006,0,North,0,0,0,Flat,0,,0,,0,Bright sun,839200,0,0,0,2,0,0,0,0,0,,0,1,Waikato Region,Nil,2-way,Sealed,0,0,0,0,50,0,Off,0,0,,13,Waikato District,Nil,0,0,0,0,0,0,Urban,0,0,0,Fine,Null
1753957,5914360,28656,,518801,0,,0,1,,West,2005/2006,STODDARD ROAD,SANDRINGHAM ROAD,,Serious Crash,No,2006,,West,,0,,Hill Road,,,,,,Dark,578500,0,0,0,2,,,0,,,1,,,Auckland Region,Nil,2-way,Sealed,,0,1,,50,,On,0,0,,76,Auckland,Nil,,,,,0,0,Urban,0,,,Fine,Strong wind
1756253,5924283,28657,,509702,0,,0,1,,North,2006/2007,SH 1N,MT WGTN OFF SBD,,Non-Injury Crash,Yes,2006,,South,,0,,Flat,,,,,,Bright sun,366700,0,0,0,3,,,0,,,,,,Auckland Region,Nil,2-way,Sealed,,0,0,,100,,Off,1,0,,76,Auckland,Nil,,,,,0,0,Open,0,,,Fine,Null
1745331,5917412,28658,,510800,0,0,0,1,0,North,2006/2007,GREAT NORTH ROAD,HENDERSON VALLEY ROAD,,Non-Injury Crash,No,2006,0,South,0,0,0,Hill Road,0,,0,,0,Bright sun,241500,0,0,0,6,0,0,0,0,0,,0,0,Auckland Region,Nil,2-way,Sealed,0,0,0,0,50,0,Off,0,0,,76,Auckland,Nil,0,0,0,0,1,0,Urban,0,1,0,Fine,Null
1719072,6047101,28659,,502800,0,,0,1,,Null,2006/2007,SH 1N,MANSE ST,,Non-Injury Crash,Yes,2006,,West,,0,,Flat,,,,,,Overcast,95700,0,0,0,4,,,0,,,,,,Northland Region,Nil,2-way,Sealed,,0,0,,50,,Off,0,0,,2,Whangarei District,Stop,,,,,1,0,Urban,0,,,Fine,Null
1880386,5830316,28660,,536810,0,,0,1,,South,2005/2006,MARINE PARADE,ADAMS AVENUE,,Minor Crash,No,2006,,North,,0,,Flat,,,,,,Bright sun,1194501,1,0,0,2,,,0,,,1,,,Bay of Plenty Region,Nil,2-way,Sealed,,0,0,,50,,Null,0,0,,23,Tauranga City,Unknown,,,,,0,0,Urban,0,,,Fine,Null
1884595,5825373,28661,,536831,0,,0,2,,Null,2006/2007,GIRVEN ROAD,MARLIN ST,,Non-Injury Crash,No,2006,,East,,0,,Flat,,,,,,Dark,1202500,0,0,0,2,,,0,,,,,,Bay of Plenty Region,Nil,2-way,Sealed,,0,0,,50,,On,0,0,,23,Tauranga City,Give way,,,,,0,0,Urban,0,,,Fine,Null
1894299,5810578,28662,,536653,0,,0,2,,North,2005/2006,TE MATAI ROAD,JOHN BIRD ROAD,,Minor Crash,No,2006,,South,,0,,Hill Road,,,,,,Bright sun,1210000,1,0,0,2,,,0,,,,,,Bay of Plenty Region,Nil,2-way,Sealed,,0,0,,100,,Null,0,0,,22,Western Bay of Plenty District,Unknown,,,,,0,0,Open,0,,,Fine,Null
1577424,5180759,28663,,593900,0,,0,2,,Null,2005/2006,SH 74 DYERS,BRIDGE ST,,Non-Injury Crash,Yes,2006,,North,,0,,Flat,,,,,,Overcast,2580100,0,0,0,2,,,0,,,,,,Canterbury Region,Nil,2-way,Sealed,,0,0,,70,,Null,1,0,,60,Christchurch City,Give way,,,,,0,0,Urban,0,,,Fine,Null
1567381,5175224,28664,,587847,0,0,0,1,0,East,2006/2007,HENDERSONS ROAD,SPARKS ROAD,,Non-Injury Crash,No,2006,0,North,0,0,0,Flat,0,,0,,0,Dark,2485200,0,0,0,2,0,0,0,0,0,,0,0,Canterbury Region,Nil,2-way,Sealed,0,0,0,0,70,0,None,0,0,,60,Christchurch City,Unknown,0,0,0,1,0,0,Urban,0,0,0,Fine,Null
1507744,5335668,28665,55,584701,0,0,0,1,0,East,2005/2006,SH 7,SHIEL ST,,Fatal Crash,Yes,2006,0,East,0,1,0,Flat,0,,0,,0,Dark,2395502,2,0,0,2,0,0,0,1,0,,0,0,West Coast Region,Nil,2-way,Sealed,0,0,0,0,100,0,None,0,0,,55,Buller District,Unknown,0,0,0,0,0,0,Open,0,0,1,Mist or Fog,Null
1801538,5818112,28666,,529501,0,,0,1,,Null,2005/2006,HUKANUI ROAD,SNELL DRIVE,,Non-Injury Crash,No,2006,,South,,0,,Flat,,,,,,Dark,875600,0,0,0,2,,,0,,,,,,Waikato Region,Nil,2-way,Sealed,,0,0,,50,,On,1,0,,16,Hamilton City,Give way,,,,,0,0,Urban,0,,,Fine,Null
1406762,4919316,28667,,603400,0,,0,2,,Null,2006/2007,SH 1S,FEA ST,,Non-Injury Crash,Yes,2006,,South,,0,,Hill Road,,,,,,Overcast,2874900,0,0,0,2,,,0,,,,,,Otago Region,Nil,2-way,Sealed,,0,0,,50,,Null,0,0,,71,Dunedin City,Give way,,,,,0,0,Urban,0,,,Fine,Null
1823310,5800807,28668,,535241,0,,0,1,,East,2006/2007,SH 1N,HYDRO ROAD,,Serious Crash,Yes,2006,,North,,0,,Flat,,,,,,Bright sun,1123200,4,0,0,2,,,0,,,,,,Waikato Region,Nil,2-way,Sealed,,0,1,,100,,Null,0,0,,17,Waipa District,Unknown,,,,,0,0,Open,1,,,Fine,Null
1757114,5943539,28669,,505902,0,,0,2,,South,2005/2006,WHANGAPARAOA ROAD,RAKINO AVENUE,,Non-Injury Crash,No,2006,,North,,0,,Flat,,,,,,Dark,174605,0,0,0,2,,,0,,,,,,Auckland Region,Nil,2-way,Sealed,,0,0,,50,,On,0,0,,76,Auckland,Nil,,,,,0,0,Urban,0,,,Light rain,Null
1753611,5929752,28670,,508420,0,0,0,2,0,South,2005/2006,GIRRAHWEEN DRIVE,SUNSET ROAD,,Non-Injury Crash,No,2006,0,North,0,0,0,Flat,0,,0,,0,Twilight,182902,0,0,0,2,0,0,0,0,1,,0,0,Auckland Region,Nil,2-way,Sealed,0,0,0,0,50,0,Off,0,0,,76,Auckland,Nil,0,0,0,0,0,0,Urban,0,0,0,Fine,Null
1793408,5514399,28671,,561500,0,,0,0,,South,2006/2007,SH 1N,NEWTH ROAD,,Non-Injury Crash,Yes,2006,,South,,0,,Flat,,,,,,Twilight,1785600,0,0,0,2,,,0,,,,,,Manawatū-Whanganui Region,Nil,2-way,Sealed,,0,0,,100,,None,0,0,,42,Horowhenua District,Nil,,,,,0,0,Open,1,,,Fine,Strong wind
1748522,5423488,28672,,576302,0,0,0,3,1,North,2005/2006,ADELAIDE ROAD,DOVER ST,,Minor Crash,No,2006,0,South,0,0,0,Hill Road,0,,0,,1,Dark,2166000,1,0,0,2,0,0,0,0,1,,0,0,Wellington Region,Nil,2-way,Sealed,0,0,0,0,50,0,On,0,1,,47,Wellington City,Nil,0,0,0,0,0,0,Urban,0,0,0,Fine,Null
1755645,5935393,28673,,507101,0,0,0,0,0,West,2006/2007,WOODLANDS CRESCENT,BEACH ROAD,,Non-Injury Crash,No,2006,0,West,0,0,0,Flat,0,,0,,0,Dark,161600,0,0,0,2,0,0,0,0,1,,0,0,Auckland Region,Nil,2-way,Sealed,0,0,0,0,50,0,On,1,0,,76,Auckland,Nil,0,0,0,0,0,0,Urban,1,0,0,Fine,Null
1876310,5819789,28674,,537601,1,,0,1,,South,2005/2006,CHADWICK ROAD,GREERTON ROAD,,Minor Crash,No,2006,,North,,0,,Flat,,,,,,Bright sun,1175600,1,0,0,2,,,0,,,,,,Bay of Plenty Region,Nil,2-way,Sealed,,0,0,,50,,Null,0,0,,23,Tauranga City,Unknown,,,,,0,0,Urban,0,,,Fine,Null
1744230,5921908,28675,,513631,0,,0,2,,East,2005/2006,TRIANGLE ROAD,MAKORA ROAD,,Non-Injury Crash,No,2006,,West,,0,,Flat,,,,,,Dark,227403,0,0,0,2,,,0,,,,,,Auckland Region,Nil,2-way,Sealed,,0,0,,50,,On,0,0,,76,Auckland,Nil,,,,,0,0,Urban,0,,,Fine,Null
1747765,5425884,28676,,575600,0,,0,1,,West,2006/2007,CLEVELAND ST,HARRISON ST,,Non-Injury Crash,No,2006,,West,,0,,Hill Road,,,,,,Twilight,2162000,0,0,0,2,,,0,,,,,,Wellington Region,Nil,2-way,Sealed,,0,0,,50,,On,0,0,,47,Wellington City,Nil,,,,,0,0,Urban,1,,,Light rain,Null
1820986,5524080,28677,,561813,0,0,0,1,1,North,2005/2006,TENNENT DRIVE,KAHUTERAWA ROAD,,Minor Crash,No,2006,0,South,0,0,0,Flat,0,,0,,0,Dark,1799000,2,0,0,2,0,0,0,0,0,,0,0,Manawatū-Whanganui Region,Nil,2-way,Sealed,0,0,0,0,100,0,None,0,0,,40,Palmerston North City,Nil,0,0,0,0,0,0,Open,0,0,0,Fine,Null
1879238,5825401,28678,,538202,0,,0,2,,West,2005/2006,SH 2A,CHAPEL ST,,Non-Injury Crash,Yes,2006,,East,,0,,Flat,,,,,,Bright sun,1163002,0,0,0,2,,,0,,,,,,Bay of Plenty Region,Nil,2-way,Sealed,,0,0,,50,,Null,0,0,,23,Tauranga City,Traffic Signals,,,,,0,0,Urban,0,,,Fine,Null
1885222,5773656,28679,,540420,0,,0,2,,East,2006/2007,SH 30A,FENTON ST,,Non-Injury Crash,Yes,2006,,West,,0,,Flat,,,,,,Bright sun,1236600,0,0,0,6,,,0,,,,,,Bay of Plenty Region,Nil,2-way,Sealed,,0,0,,50,,Off,0,0,,24,Rotorua District,Nil,,,,,0,0,Urban,0,,,Fine,Null
1364435,4886185,28680,,606700,0,0,0,1,0,West,2006/2007,ELLIOTVALE ROAD,ONE TREE ROAD,,Non-Injury Crash,No,2006,0,West,1,0,0,Flat,0,,0,,0,Dark,2987100,0,0,0,2,0,0,0,0,0,,0,0,Otago Region,Nil,2-way,Unsealed,0,0,0,0,100,0,None,0,0,,72,Clutha District,Unknown,0,0,0,0,0,0,Open,0,0,0,Fine,Frost
1751344,5435350,28681,,573600,0,,0,1,,Null,2005/2006,Z CPK JOHNSONVILLE SCHOOL,OHARIU ROAD,,Minor Crash,No,2006,,South,,0,,Flat,,,,,,Bright sun,2080400,1,0,0,0,,,0,,,,,,Wellington Region,Nil,Off road,Sealed,,0,0,,50,,Null,0,0,,47,Wellington City,Nil,,,,,0,0,Urban,0,,,Fine,Null
1746572,5915624,28682,,511800,0,,0,2,,Null,2005/2006,GREAT NORTH ROAD,VIEW ROAD,,Non-Injury Crash,No,2006,,East,,0,,Flat,,,,,,Bright sun,276300,0,0,0,4,,,0,,,,,,Auckland Region,Nil,2-way,Sealed,,0,0,,50,,Off,0,0,,76,Auckland,Traffic Signals,,,,,0,0,Urban,0,,,Light rain,Null
1769986,5901061,28683,,523816,0,0,0,1,0,North,2006/2007,SHIFNAL DRIVE,SECRETARIAT PLACE,,Non-Injury Crash,No,2006,0,North,0,0,0,Flat,0,,0,,0,Overcast,759745,0,0,0,2,0,0,0,0,1,,0,0,Auckland Region,Nil,2-way,Sealed,0,0,0,0,50,0,None,0,0,,76,Auckland,Nil,0,0,0,0,1,0,Urban,0,0,0,Fine,Null
1572749,5182739,28684,,592702,0,,0,2,,North,2005/2006,MARSHLAND ROAD,SHIRLEY ROAD,,Non-Injury Crash,No,2006,,North,,0,,Flat,,,,,,Twilight,2598900,0,0,0,3,,,0,,,,,,Canterbury Region,Nil,2-way,Sealed,,0,0,,50,,On,0,0,,60,Christchurch City,Nil,,,,,0,0,Urban,0,,,Light rain,Null
1765182,5904851,28685,,522400,0,,0,2,,Null,2006/2007,CAMBRIDGE TERRACE,BRIDGE ST,,Serious Crash,No,2006,,North,,0,,Flat,,Christmas New Year,,,,Bright sun,673302,0,0,0,2,,,0,,,,,,Auckland Region,Nil,2-way,Sealed,,0,1,,50,,None,0,0,,76,Auckland,Give way,,,,,0,0,Urban,0,,,Fine,Null
1753627,5913848,28686,,518901,0,0,0,2,0,South,2006/2007,RICHARDSON ROAD,JOHN DAVIS ROAD,,Non-Injury Crash,No,2006,0,North,0,0,0,Flat,0,,0,,0,Dark,583702,0,0,0,2,0,0,0,0,1,,0,0,Auckland Region,Nil,2-way,Sealed,0,0,0,0,50,0,On,0,0,,76,Auckland,Nil,0,0,0,0,0,0,Urban,1,0,0,Fine,Null
1817441,5543732,28687,,560720,1,,0,1,,Null,2006/2007,AWAHURI ROAD,SOUTH ST,,Minor Crash,No,2006,,South,,0,,Flat,,,,,,Bright sun,1767200,1,0,0,2,,,0,,,,,,Manawatū-Whanganui Region,Nil,2-way,Sealed,,0,0,,50,,Null,0,0,,39,Manawatu District,Give way,,,,,0,0,Urban,0,,,Fine,Null
1757291,5929046,28688,,507800,0,0,0,1,0,Null,2006/2007,EAST COAST ROAD,WOLSLEY AVENUE,,Non-Injury Crash,No,2006,0,North,0,0,1,Hill Road,0,,0,,0,Overcast,310700,0,0,0,2,0,0,0,0,0,,0,0,Auckland Region,Nil,2-way,Sealed,0,0,0,0,50,0,Off,0,0,,76,Auckland,Nil,0,0,0,0,1,0,Urban,0,0,0,Fine,Null
1403217,4914191,28689,,604221,0,0,0,1,0,East,2006/2007,COLUMBA AVENUE,PLADDA ST,,Non-Injury Crash,No,2006,0,East,0,0,1,Hill Road,0,,0,,0,Dark,2910400,0,0,0,1,0,0,0,0,0,,0,1,Otago Region,Nil,1-way,Sealed,0,0,0,0,50,0,On,0,0,,71,Dunedin City,Unknown,0,0,0,0,0,0,Urban,0,0,0,Fine,Null
1753088,5925632,28690,,510401,0,0,0,1,0,North,2005/2006,ROSEBERRY AVENUE,BERNE PLACE,,Non-Injury Crash,No,2006,0,South,0,0,1,Hill Road,0,,0,,0,Bright sun,354202,0,0,0,2,0,0,0,0,0,,0,0,Auckland Region,Nil,2-way,Sealed,0,0,0,0,50,0,Null,0,0,,76,Auckland,Unknown,0,0,0,0,0,0,Urban,0,0,0,Fine,Null
1764020,5916930,28691,,516302,0,,0,1,,Null,2005/2006,COLLEGE ROAD,MERTON ROAD,,Non-Injury Crash,No,2006,,North,,0,,Hill Road,,,,,,Bright sun,463706,0,0,0,2,,,0,,,,,,Auckland Region,Nil,2-way,Sealed,,0,0,,50,,Off,0,0,,76,Auckland,Nil,,,,,0,0,Urban,1,,,Fine,Null
1950589,5792058,28692,,542410,0,0,0,2,0,West,2005/2006,BRACKEN ST,MCALISTER ST,,Non-Injury Crash,No,2006,0,West,0,0,0,Flat,0,,0,,0,Twilight,1306900,0,0,0,2,0,0,0,0,1,,0,0,Bay of Plenty Region,Nil,2-way,Sealed,0,0,0,0,50,0,Off,0,0,,25,Whakatane District,Unknown,0,0,0,0,0,0,Urban,0,0,0,Fine,Null
1756610,5920757,28693,,514102,0,,0,1,,Null,2006/2007,FANSHAWE ST,HALSEY ST,,Non-Injury Crash,No,2006,,West,,0,,Flat,,,,,,Dark,432500,0,0,0,4,,,0,,,,,,Auckland Region,Nil,2-way,Sealed,,0,0,,50,,On,1,0,,76,Auckland,Traffic Signals,,,,,0,0,Urban,0,,,Fine,Null
1565522,5180752,28694,,590000,0,,0,1,,Null,2006/2007,WAIMAIRI ROAD,HOMESTEAD LANE,,Non-Injury Crash,No,2006,,West,,0,,Flat,,,,,,Dark,2537800,0,0,0,2,,,0,,,,,,Canterbury Region,Nil,2-way,Sealed,,0,0,,50,,On,1,0,,60,Christchurch City,Give way,,,,,0,0,Urban,0,,,Light rain,Null
1792462,5501001,28695,,564220,0,,0,0,,East,2006/2007,DUNBAR ST,CLYDE ST,,Minor Crash,No,2006,,East,,0,,Flat,,Labour Weekend,,,,Twilight,1871700,1,0,0,2,,,0,,,1,,,Manawatū-Whanganui Region,Nil,2-way,Sealed,,0,0,,50,,Off,0,0,,42,Horowhenua District,Nil,,,,,0,0,Urban,1,,,Fine,Null
1773117,5898403,28696,,523912,0,,0,2,,Null,2005/2006,WALTERS ROAD,GROVE ROAD,,Non-Injury Crash,No,2006,,North,,0,,Flat,,,,,,Bright sun,765500,0,0,0,2,,,0,,,,,,Auckland Region,Nil,2-way,Sealed,,0,0,,70,,Off,0,0,,76,Auckland,Stop,,,,,0,0,Urban,0,,,Fine,Null
1748045,5914229,28697,,511100,0,,0,1,,East,2005/2006,GREAT NORTH ROAD,WESTECH PLACE,,Non-Injury Crash,No,2006,,West,,0,,Flat,,,,,,Bright sun,285800,0,0,0,2,,,0,,,,,,Auckland Region,Nil,2-way,Sealed,,0,0,,50,,Off,0,0,,76,Auckland,Give way,,,,,0,0,Urban,1,,,Fine,Null
1754990,5915306,28698,,517703,0,0,0,1,0,West,2006/2007,RENFREW AVENUE,INVERMAY AVENUE,,Non-Injury Crash,No,2006,0,North,0,0,1,Flat,0,,0,,0,Dark,538802,0,0,0,2,0,0,0,0,0,,0,0,Auckland Region,Nil,2-way,Sealed,0,0,0,0,50,0,On,0,0,,76,Auckland,Nil,0,0,0,0,0,0,Urban,0,0,0,Fine,Null
1410915,4915822,28699,,604810,0,,0,1,,East,2006/2007,HIGHCLIFF ROAD,HILTON ROAD,,Non-Injury Crash,No,2006,,East,,0,,Hill Road,,,,,,Bright sun,2941001,0,0,0,2,,,0,,,,,,Otago Region,Nil,2-way,Sealed,,0,0,,100,,Null,0,0,,71,Dunedin City,Unknown,,,,,0,0,Open,1,,,Fine,Null
1227849,4861318,28700,,610051,0,0,0,2,0,East,2005/2006,SH 99,THORNBURY-WAIMATUKU ROAD,,Minor Crash,Yes,2006,0,West,0,0,1,Flat,0,,0,,0,Overcast,3185200,1,0,0,2,0,0,0,0,0,,0,0,Southland Region,Nil,2-way,Sealed,0,0,0,0,100,0,Null,0,0,,73,Southland District,Unknown,0,0,0,0,0,0,Open,0,0,0,Heavy rain,Null
1749299,5914256,28701,,511302,0,,0,2,,Null,2006/2007,NIKAU ST,RIMU ST,,Non-Injury Crash,No,2006,,West,,0,,Flat,,,,,,Dark,268700,0,0,0,2,,,0,,,,,,Auckland Region,Nil,2-way,Sealed,,0,0,,50,,On,0,0,,76,Auckland,Stop,,,,,0,0,Urban,0,,,Fine,Null
1717590,6039006,28702,,502005,0,0,0,0,0,North,2005/2006,LOOP ROAD,VALLEY VIEW ROAD,,Non-Injury Crash,No,2006,0,South,0,0,0,Flat,1,,0,,0,Overcast,74601,0,0,0,1,0,0,0,0,0,,0,0,Northland Region,Bridge,1-way,Sealed,0,0,0,0,100,0,None,2,0,,2,Whangarei District,Nil,0,0,0,0,0,0,Open,0,0,0,Light rain,Null
1755224,5914469,28703,,518500,0,0,0,1,0,Null,2005/2006,KEYSTONE AVENUE,DOMINION ROAD,,Non-Injury Crash,No,2006,0,North,0,0,0,Flat,0,,0,,0,Dark,560800,0,0,0,4,0,0,0,0,0,,0,1,Auckland Region,Nil,2-way,Sealed,0,0,0,0,50,0,On,0,0,,76,Auckland,Nil,0,0,0,0,0,0,Urban,0,0,0,Fine,Null
1756900,5449375,28704,,572000,0,,0,2,,Null,2005/2006,SH 1N,ACHERON ROAD,,Non-Injury Crash,Yes,2006,,North,,0,,Flat,,,,,,Dark,2069802,0,0,0,4,,,0,,,,,,Wellington Region,Nil,2-way,Sealed,,0,0,,50,,On,0,0,,44,Porirua City,Traffic Signals,,,,,0,0,Urban,0,,,Fine,Null
1756088,5923300,28705,,509800,0,,0,3,,South,2005/2006,SH 1N,STAFFORD OFF NBD,,Non-Injury Crash,Yes,2006,,North,,0,,Hill Road,,,,,,Twilight,359200,0,0,0,5,,,0,,,,,,,Bridge,2-way,Sealed,,0,0,,80,,None,0,0,,76,Auckland,Nil,,,,,0,0,Open,0,,,Fine,Null
1772616,5881585,28706,,521111,0,,0,1,,West,2005/2006,PUKEKOHE EAST ROAD,RUNCIMAN ROAD,,Non-Injury Crash,No,2006,,East,,0,,Hill Road,,,,,,Twilight,826909,0,0,0,2,,,0,,,,,,Auckland Region,Nil,2-way,Sealed,,0,0,,100,,None,1,0,,76,Auckland,Nil,,,,,0,0,Open,0,,,Light rain,Null
1753625,5915946,28707,,517800,0,,0,1,,Null,2005/2006,MOUNT ALBERT ROAD,KERR-TAYLOR AVENUE,,Non-Injury Crash,No,2006,,North,,0,,Flat,,,,,,Bright sun,528700,0,0,0,2,,,0,,,,,,Auckland Region,Nil,2-way,Sealed,,0,0,,50,,Null,0,0,,76,Auckland,Give way,,,,,1,0,Urban,0,,,Fine,Null
1762206,5916097,28708,,516302,0,,0,2,,Null,2005/2006,ABBOTTS WAY,GRAND DRIVE,,Non-Injury Crash,No,2006,,East,,0,,Flat,,,,,,Bright sun,463601,0,0,0,2,,,0,,,,,,Auckland Region,Nil,2-way,Sealed,,0,0,,50,,Off,0,0,,76,Auckland,Give way,,,,,0,0,Urban,0,,,Fine,Null
1753818,5441209,28709,,572702,0,0,0,0,0,North,2005/2006,SH 1N,TAWA OFF SBD,,Non-Injury Crash,Yes,2006,0,South,0,0,0,Flat,1,Easter,0,,0,Overcast,1996400,0,0,0,4,0,0,0,0,0,,0,0,Wellington Region,Nil,2-way,Sealed,0,0,0,0,100,0,Null,0,0,,47,Wellington City,Nil,0,0,0,0,0,0,Open,1,0,0,Fine,Null
1749339,5427050,28710,,573101,0,,0,0,,South,2005/2006,CAMBRIDGE TERRACE,COURTENAY PLACE,,Serious Crash,No,2006,,North,,0,,Flat,,,,,,Overcast,2136000,0,0,1,3,,,0,,,,,,Wellington Region,Nil,2-way,Sealed,,0,1,,50,,Null,1,0,,47,Wellington City,Nil,,,,,0,0,Urban,0,,,Fine,Null
1756043,5919341,28711,,515420,0,0,0,3,0,West,2005/2006,CRUMMER ROAD,PONSONBY ROAD,,Non-Injury Crash,No,2006,0,East,0,0,0,Flat,0,,0,,0,Dark,411600,0,0,0,1,0,0,0,0,2,,0,0,Auckland Region,Nil,1-way,Sealed,0,0,0,0,50,0,On,0,0,,76,Auckland,Nil,0,0,0,0,0,0,Urban,0,0,0,Fine,Null