X,Y,OBJECTID,advisorySpeed,areaUnitID,bicycle,bridge,bus,carStationWagon,cliffBank,crashDirectionDescription,crashFinancialYear,crashLocation1,crashLocation2,crashRoadSideRoad,crashSeverity,crashSHDescription,crashYear,debris,directionRoleDescription,ditch,fatalCount,fence,flatHill,guardRail,holiday,houseOrBuilding,intersection,kerb,light,meshblockId,minorInjuryCount,moped,motorcycle,NumberOfLanes,objectThrownOrDropped,otherObject,otherVehicleType,overBank,parkedVehicle,pedestrian,phoneBoxEtc,postOrPole,region,roadCharacter,roadLane,roadSurface,roadworks,schoolBus,seriousInjuryCount,slipOrFlood,speedLimit,strayAnimal,streetLight,suv,taxi,temporarySpeedLimit,tlaId,tlaName,trafficControl,trafficIsland,trafficSign,train,tree,truck,unknownVehicleType,urban,vanOrUtility,vehicle,waterRiver,weatherA,weatherB
1881721,5774157,28712,,539320,0,0,0,2,0,West,2005/2006,HOMEDALE ST,EDMUND ROAD,,Non-Injury Crash,No,2006,0,West,0,0,0,Flat,0,,0,,0,Overcast,1230723,0,0,0,2,0,0,0,0,1,,0,0,Bay of Plenty Region,Nil,2-way,Sealed,0,0,0,0,50,0,Null,0,0,,24,Rotorua District,Unknown,0,0,0,0,0,0,Urban,0,0,0,Light rain,Null
1879118,5821478,28713,,538102,0,,0,2,,East,2006/2007,SH 2A,MAYFAIR ST,,Non-Injury Crash,Yes,2006,,North,,0,,Flat,,,,,,Dark,1168501,0,0,0,2,,,0,,,,,,Bay of Plenty Region,Nil,2-way,Sealed,,0,0,,50,,On,0,0,,23,Tauranga City,Nil,,,,,0,0,Urban,0,,,Light rain,Null
1748578,5426066,28714,,573300,0,,0,2,,North,2005/2006,WALLACE ST,HARGREAVES ST,,Non-Injury Crash,No,2006,,South,,0,,Hill Road,,,,,,Twilight,2146800,0,0,0,2,,,0,,,,,,Wellington Region,Nil,2-way,Sealed,,0,0,,50,,On,0,0,,47,Wellington City,Nil,,,,,0,0,Urban,0,,,Light rain,Null
1927641,5607417,28715,,547800,0,,0,2,,Null,2005/2006,SH 50A,OMAHU ROAD,,Minor Crash,Yes,2006,,South,,0,,Flat,,,,,,Bright sun,1476600,1,0,0,4,,,0,,,,,,Hawke's Bay Region,Nil,2-way,Sealed,,0,0,,100,,Null,0,0,,30,Hastings District,Give way,,,,,0,0,Open,0,,,Fine,Null
1735210,5909363,28716,70,513800,0,0,0,0,0,West,2005/2006,PIHA ROAD,ANAWHATA ROAD,,Non-Injury Crash,No,2006,0,North,0,0,0,Hill Road,0,,0,,0,Dark,281902,0,0,0,2,0,0,0,0,0,,0,0,Auckland Region,Nil,2-way,Sealed,0,0,0,0,100,0,None,0,0,,76,Auckland,Nil,0,0,0,1,0,0,Open,1,0,0,Fine,Null
1800523,5818349,28717,,529800,0,0,0,0,0,South,2005/2006,BANKWOOD ROAD,OPAL PLACE,,Non-Injury Crash,No,2006,0,North,0,0,0,Flat,0,,0,,0,Overcast,871300,0,0,0,2,0,0,0,0,0,,0,1,Waikato Region,Nil,2-way,Sealed,0,0,0,0,50,0,Null,0,0,,16,Hamilton City,Unknown,0,0,0,0,0,0,Urban,1,0,0,Light rain,Null
1769596,5879532,28718,,525922,0,,0,2,,Null,2005/2006,MANUKAU ROAD,KITCHENER ROAD,,Non-Injury Crash,No,2006,,North,,0,,Flat,,,,,,Overcast,823500,0,0,0,2,,,0,,,,,,Auckland Region,Nil,2-way,Sealed,,0,0,,70,,None,0,0,,76,Auckland,Give way,,,,,0,0,Urban,0,,,Light rain,Null
1747222,5919429,28719,,512402,0,,0,2,,Null,2007/2008,TE ATATU ROAD,ROYAL VIEW ROAD,,Minor Crash,No,2007,,North,,0,,Flat,,,,,,Bright sun,254100,1,0,0,4,,,0,,,,,,Auckland Region,Nil,2-way,Sealed,,0,0,,50,,Off,0,0,,76,Auckland,Give way,,,,,0,0,Urban,0,,,Fine,Null
1401357,4919311,28720,,602500,0,0,0,1,1,West,2006/2007,THREE MILE HILL ROAD,HALFWAY BUSH ROAD,,Minor Crash,No,2006,0,West,1,0,0,Hill Road,0,,0,,0,Dark,2980800,2,0,0,2,0,0,0,0,0,,0,0,Otago Region,Nil,2-way,Sealed,0,0,0,0,100,0,None,0,0,,71,Dunedin City,Unknown,0,0,0,0,0,0,Open,0,0,0,Fine,Null
1878728,5823281,28721,,538201,0,,0,2,,Null,2005/2006,CAMERON ROAD,NINTH AVENUE,,Non-Injury Crash,No,2006,,North,,0,,Flat,,,,,,Overcast,1166500,0,0,0,4,,,0,,,,,,Bay of Plenty Region,Nil,2-way,Sealed,,0,0,,50,,Null,0,0,,23,Tauranga City,Give way,,,,,0,0,Urban,0,,,Fine,Null
1756594,5912683,28722,,518702,0,,0,2,,North,2006/2007,HILLSBOROUGH ROAD,KELSEY CRESCENT,,Non-Injury Crash,No,2006,,South,,0,,Hill Road,,,,,,Bright sun,570600,0,0,0,4,,,0,,,,,,Auckland Region,Nil,2-way,Sealed,,0,0,,50,,Off,0,0,,76,Auckland,Nil,,,,,0,0,Urban,0,,,Fine,Null
1884737,5773894,28723,,540410,0,0,0,1,0,Null,2006/2007,AMOHIA ST,HINEMOA ST,,Minor Crash,No,2006,0,North,0,0,0,Flat,0,,0,,0,Dark,1234500,1,0,0,2,0,1,0,0,0,,0,0,Bay of Plenty Region,Nil,2-way,Sealed,0,0,0,0,50,0,On,0,0,,24,Rotorua District,Give way,1,0,0,0,0,0,Urban,0,0,0,Fine,Null
1567794,5180211,28724,,590800,0,0,0,1,0,West,2005/2006,Z CPK WESTFIELD,CLARENCE ST,,Non-Injury Crash,No,2006,0,West,0,0,1,Flat,0,Easter,0,,0,Overcast,2473000,0,0,0,0,0,0,0,0,0,,0,0,Canterbury Region,Nil,Off road,Sealed,0,0,0,0,30,0,Null,0,0,,60,Christchurch City,Unknown,0,0,0,0,0,0,Urban,0,0,0,Fine,Null
1759252,5920020,28725,,515902,0,,0,2,,South,2005/2006,GLADSTONE ROAD,STANWELL ST,,Non-Injury Crash,No,2006,,North,,0,,Flat,,,,,,Bright sun,453900,0,0,0,2,,,0,,,,,,Auckland Region,Nil,2-way,Sealed,,0,0,,50,,None,0,0,,76,Auckland,Nil,,,,,0,0,Urban,0,,,Fine,Null
1805580,5781812,28726,,531304,0,0,0,1,0,North,2005/2006,SH 3,KAWA ROAD,,Non-Injury Crash,Yes,2006,0,North,0,0,1,Hill Road,0,,0,,0,Bright sun,999000,0,0,0,3,0,0,0,0,0,,0,0,Waikato Region,Nil,2-way,Sealed,0,0,0,0,100,0,Null,0,0,,18,Ōtorohanga District,Unknown,0,0,0,0,0,0,Open,0,0,0,Fine,Null
1756246,5927526,28727,,507900,0,0,0,3,0,South,2005/2006,SH 1N,NORTHCOTE OFF SBD,,Minor Crash,Yes,2006,0,South,0,0,0,Flat,1,,0,,0,Bright sun,305202,1,0,0,3,0,0,0,0,0,,0,0,Auckland Region,Nil,2-way,Sealed,0,0,0,0,80,0,Off,1,0,,76,Auckland,Nil,0,0,0,0,0,0,Open,0,0,0,Fine,Null
1766679,5913202,28728,,522910,0,,0,2,,East,2005/2006,Z CPK PAKURANGA PLAZA,TI RAKAU DRIVE,,Non-Injury Crash,No,2006,,West,,0,,Flat,,,,,,Overcast,684000,0,0,0,0,,,0,,,,,,Auckland Region,Nil,Off road,Sealed,,0,0,,30,,Off,0,1,,76,Auckland,Nil,,,,,0,0,Urban,0,,,Light rain,Null
1763576,5906410,28729,,524303,0,,0,0,,Null,2005/2006,PORTAGE ROAD,PARK AVENUE,,Non-Injury Crash,No,2006,,West,,0,,Flat,,,,,,Bright sun,655702,0,0,0,2,,,0,,,,,,Auckland Region,Nil,2-way,Sealed,,0,0,,50,,Off,2,0,,76,Auckland,Stop,,,,,0,0,Urban,0,,,Fine,Null
1867095,5713088,28730,,541720,0,,0,1,,West,2006/2007,LAKE TERRACE,RUAPEHU ST,,Minor Crash,No,2007,,East,,0,,Flat,,,,,,Overcast,1274300,1,0,0,2,,,0,,,1,,,Waikato Region,Nil,2-way,Sealed,,0,0,,50,,Null,0,0,,21,Taupo District,Unknown,,,,,0,0,Urban,0,,,Fine,Null
1748741,5425246,28731,,576301,0,,0,1,,Null,2006/2007,ADELAIDE ROAD,HALL ST,,Serious Crash,No,2006,,South,,0,,Hill Road,,,,,,Dark,2163900,0,0,0,2,,,0,,,,,,Wellington Region,Nil,2-way,Sealed,,0,1,,50,,On,1,0,,47,Wellington City,Traffic Signals,,,,,0,0,Urban,0,,,Fine,Null
1761425,5912273,28732,50,519500,0,,0,0,,West,2005/2006,NEILSON ST,CHURCH ST,,Non-Injury Crash,No,2006,,West,,0,,Flat,,,,,,Overcast,622400,0,0,0,2,,,0,,,,,,Auckland Region,Nil,2-way,Sealed,,0,0,,40,,Off,0,0,,76,Auckland,Nil,,,,,2,0,Urban,0,,,Fine,Null
1756008,5929536,28733,,508510,0,,0,1,,Null,2005/2006,FORREST HILL ROAD,HAVELOCK AVENUE,,Non-Injury Crash,No,2006,,South,,0,,Flat,,,,,,Overcast,194700,0,0,0,2,,,0,,,,,,Auckland Region,Nil,2-way,Sealed,,0,0,,50,,Off,0,0,,76,Auckland,Give way,,,,,1,0,Urban,0,,,Light rain,Null
1756559,5927338,28734,,507900,0,,1,0,,West,2006/2007,NORTHCOTE ROAD,THE AVENUE,,Minor Crash,No,2006,,West,,0,,Flat,,,,,,Bright sun,303502,1,0,0,4,,,0,,,1,,,Auckland Region,Nil,2-way,Sealed,,1,0,,50,,Off,0,0,,76,Auckland,Nil,,,,,0,0,Urban,0,,,Fine,Null
1753224,5929154,28735,,508411,0,,1,1,,South,2007/2008,SPINELLA DRIVE,FERNWOOD GROVE,,Minor Crash,No,2007,,North,,0,,Flat,,,,,,Bright sun,183907,1,0,0,2,,,0,,,,,,Auckland Region,Nil,2-way,Sealed,,0,0,,50,,Off,0,0,,76,Auckland,Nil,,,,,0,0,Urban,0,,,Fine,Null
1712946,5682991,28736,,550700,0,,0,0,,East,2005/2006,SH 3,EPIHA ROAD,,Minor Crash,Yes,2006,,East,,0,,Hill Road,,,,,,Overcast,1551300,1,0,0,2,,,0,,,,,,Taranaki Region,Nil,2-way,Sealed,,0,0,,100,,Null,1,0,,33,New Plymouth District,Nil,,,,,0,0,Open,0,,,Fine,Null
1923028,5783037,28737,,542540,0,0,0,1,0,East,2006/2007,SH 30,SH 34,,Non-Injury Crash,Yes,2006,0,North,1,0,0,Hill Road,0,,0,,0,Overcast,1326002,0,0,0,2,0,0,0,0,0,,0,0,Bay of Plenty Region,Nil,2-way,Sealed,0,0,0,0,100,0,Null,0,0,,25,Whakatane District,Unknown,0,0,0,0,0,0,Open,0,0,0,Fine,Null
1755381,5921984,28738,,515202,0,,0,2,,North,2005/2006,SH 1N,CURRAN ON NBD,,Non-Injury Crash,Yes,2006,,North,,0,,Hill Road,,,,,,Overcast,423600,0,0,0,4,,,0,,,,,,Auckland Region,Bridge,1-way,Sealed,,0,0,,80,,Off,0,0,,76,Auckland,Nil,,,,,0,0,Open,0,,,Fine,Null
1755377,5921545,28739,,515202,0,,0,2,,South,2005/2006,SH 1N,SHELLY BEACH OBR,,Non-Injury Crash,Yes,2006,,North,,0,,Flat,,,,,,Overcast,423600,0,0,0,4,,,0,,,,,,Auckland Region,Nil,1-way,Sealed,,0,0,,80,,Off,0,0,,76,Auckland,Nil,,,,,0,0,Open,0,,,Fine,Null
1750845,5427671,28740,,576700,0,0,0,2,0,Null,2005/2006,MAIDA VALE ROAD,CARLTON GORE ROAD,,Non-Injury Crash,No,2006,0,South,0,0,0,Hill Road,0,,0,,0,Overcast,2186600,0,0,0,2,0,0,0,0,1,,0,0,Wellington Region,Nil,2-way,Sealed,0,0,0,0,50,0,Null,0,0,,47,Wellington City,Nil,0,0,0,0,0,0,Urban,0,0,0,Fine,Null
1285215,4885223,28741,,610240,0,0,0,1,0,North,2006/2007,ROBERTSON ST,CHARLTON ROAD,,Minor Crash,No,2006,0,South,0,0,1,Flat,0,,0,,1,Dark,3056400,1,0,0,2,0,0,0,0,0,,0,0,Southland Region,Nil,2-way,Sealed,0,0,0,0,50,0,On,0,0,,74,Gore District,Unknown,0,0,0,0,0,0,Urban,0,0,0,Fine,Null
1751979,5917906,28742,,515001,0,,1,0,,Null,2006/2007,GREAT NORTH ROAD,WATERVIEW ON WBD N,,Non-Injury Crash,No,2006,,South,,0,,Flat,,,,,,Bright sun,392400,0,0,0,5,,,0,,,,,,Auckland Region,Nil,2-way,Sealed,,0,0,,50,,Off,0,0,,76,Auckland,Traffic Signals,,,,,1,0,Urban,0,,,Fine,Null
1757965,5918002,28743,,515700,0,,0,2,,South,2005/2006,SH 1N,GILLIES ON NBD,,Non-Injury Crash,Yes,2006,,North,,0,,Flat,,,,,,Twilight,443700,0,0,0,3,,,0,,,,,,Auckland Region,Nil,2-way,Sealed,,0,0,,100,,On,0,0,,76,Auckland,Unknown,,,,,0,0,Open,0,,,Light rain,Null
1568820,5183140,28744,,592100,0,,0,3,,Null,2005/2006,PAPANUI ROAD,TOMES ROAD,,Serious Crash,No,2006,,North,,0,,Flat,,,,,,Bright sun,2672300,0,0,0,2,,,0,,,,,,Canterbury Region,Nil,2-way,Sealed,,0,1,,50,,Null,0,0,,60,Christchurch City,Give way,,,,,0,0,Urban,0,,,Fine,Null
1902998,5566847,28745,,549500,0,,0,0,,Null,2005/2006,SH 2,COOK ST,,Non-Injury Crash,Yes,2006,,North,,0,,Flat,,,,,,Bright sun,1520700,0,0,0,2,,,0,,,,,,Hawke's Bay Region,Nil,2-way,Sealed,,0,0,,50,,Null,0,0,,32,Central Hawke's Bay District,Give way,,,,,1,0,Urban,1,,,Fine,Null
1709225,6068547,28746,,501802,0,0,0,1,1,East,2005/2006,SH 1N,KOPETI ROAD,,Serious Crash,Yes,2006,0,West,1,0,0,Flat,0,Christmas New Year,0,,0,Bright sun,65600,2,0,0,2,0,0,0,0,0,,0,0,Northland Region,Nil,2-way,Sealed,0,0,1,0,100,0,Null,0,0,,2,Whangarei District,Unknown,0,0,0,0,0,0,Open,0,0,0,Fine,Null
1750686,5433362,28747,,574200,0,,0,2,,Null,2006/2007,FRASER AVENUE,BURMA ROAD,,Minor Crash,No,2006,,North,,0,,Flat,,,,,,Overcast,2087900,1,0,0,2,,,0,,,,,,Wellington Region,Nil,2-way,Sealed,,0,0,,50,,Null,0,0,,47,Wellington City,Stop,,,,,0,0,Urban,0,,,Fine,Null
1788271,5854766,28748,35,526702,0,0,0,1,0,South,2005/2006,GLEN MURRAY ROAD,HORAHORA ROAD,,Non-Injury Crash,No,2006,0,North,0,0,0,Flat,0,,0,,0,Dark,846800,0,0,0,2,0,0,0,1,0,,0,0,Waikato Region,Nil,2-way,Sealed,0,0,0,0,100,0,None,0,0,,13,Waikato District,Unknown,0,1,0,0,0,0,Open,0,0,0,Heavy rain,Null
1514077,5323119,28749,,584701,0,0,0,1,0,South,2005/2006,SH 7,BRANCH CRK BR,,Minor Crash,Yes,2006,0,North,0,0,0,Flat,0,,0,,0,Overcast,2398000,2,0,0,2,0,0,0,0,0,,0,0,West Coast Region,Nil,2-way,Sealed,0,0,0,0,100,0,Null,0,0,,55,Buller District,Unknown,0,0,0,1,0,0,Open,0,0,0,Fine,Null
1748518,5426802,28750,,573101,0,0,0,1,0,South,2006/2007,CUBA ST,ABEL SMITH ST,,Non-Injury Crash,No,2006,0,North,0,0,0,Flat,0,,0,,0,Bright sun,2134600,0,0,0,2,0,0,0,0,1,,0,0,Wellington Region,Nil,2-way,Sealed,0,0,0,0,50,0,Null,0,0,,47,Wellington City,Nil,0,0,0,0,1,0,Urban,0,0,0,Fine,Null
1753362,5946503,28751,,505906,0,0,0,0,0,East,2006/2007,VIPOND ROAD,WHANGAPARAOA ROAD,,Serious Crash,No,2006,0,West,0,0,0,Flat,0,,0,,0,Twilight,173201,0,0,0,2,0,0,0,0,1,,0,0,Auckland Region,Nil,2-way,Sealed,0,0,1,0,50,0,Off,1,0,,76,Auckland,Nil,0,0,0,0,1,0,Urban,0,0,0,Fine,Null
1755734,5916294,28752,,518201,0,,0,1,,Null,2005/2006,DOMINION ROAD,DUNBAR ROAD,,Non-Injury Crash,No,2006,,South,,0,,Flat,,,,,,Dark,553200,0,0,1,4,,,0,,,,,,Auckland Region,Nil,2-way,Sealed,,0,0,,50,,On,0,0,,76,Auckland,Nil,,,,,0,0,Urban,0,,,Fine,Null
1756813,5919469,28753,,514102,0,,0,2,,Null,2006/2007,KARANGAHAPE ROAD,PITT ST,,Non-Injury Crash,No,2006,,West,,0,,Flat,,,,,,Overcast,435700,0,0,0,5,,,0,,,,,,Auckland Region,Nil,2-way,Sealed,,0,0,,50,,Off,0,0,,76,Auckland,Traffic Signals,,,,,0,0,Urban,0,,,Light rain,Null
1441308,5006278,28754,,601010,0,0,0,2,0,South,2006/2007,SH 1S,TEVIOT ST,,Minor Crash,Yes,2006,0,South,0,0,0,Flat,0,,0,,0,Bright sun,2845100,2,0,0,2,0,0,0,0,1,,0,0,Otago Region,Nil,2-way,Sealed,0,0,0,0,50,0,Null,0,0,,68,Waitaki District,Unknown,0,0,0,0,0,0,Urban,0,0,0,Fine,Null
1395679,4913956,28755,,602500,0,0,0,1,0,South,2006/2007,SH 1S,MORRIS OBR,,Non-Injury Crash,Yes,2006,0,South,0,0,0,Hill Road,1,,0,,0,Bright sun,2977508,0,0,0,4,0,0,0,0,0,,0,0,Otago Region,Nil,2-way,Sealed,0,0,0,0,100,0,Null,0,0,,71,Dunedin City,Unknown,0,0,0,0,1,0,Open,0,0,0,Fine,Null
1570279,5189721,28756,,590400,0,,0,2,,Null,2006/2007,SH 1S,RICHILL ST,,Minor Crash,Yes,2006,,South,,0,,Flat,,Christmas New Year,,,,Overcast,2514200,1,0,0,4,,,0,,,,,,Canterbury Region,Nil,2-way,Sealed,,0,0,,60,,Null,0,0,,60,Christchurch City,Traffic Signals,,,,,0,0,Urban,0,,,Light rain,Null
1756238,5924293,28757,,509702,0,,0,3,,North,2005/2006,SH 1N,ONEWA OFF NBD,,Non-Injury Crash,Yes,2006,,North,,0,,Flat,,,,,,Overcast,366700,0,0,0,4,,,0,,,,,,Auckland Region,Nil,1-way,Sealed,,0,0,,100,,Off,0,0,,76,Auckland,Nil,,,,,0,0,Open,0,,,Fine,Null
1878736,5823295,28758,,538201,0,,0,1,,Null,2005/2006,CAMERON ROAD,NINTH AVENUE,,Non-Injury Crash,No,2006,,North,,0,,Flat,,,,,,Bright sun,1166200,0,0,0,4,,,0,,,,,,Bay of Plenty Region,Nil,2-way,Sealed,,0,0,,50,,Null,0,0,,23,Tauranga City,Give way,,,,,0,0,Urban,1,,,Fine,Null
1754822,5444669,28759,,570800,0,,0,1,,North,2005/2006,SH 1N,MUNGAVIN ON NBD,,Non-Injury Crash,Yes,2006,,North,,0,,Flat,,,,,,Dark,2051001,0,0,0,2,,,0,,,,,,Wellington Region,Nil,1-way,Sealed,,0,0,,100,,On,0,0,,44,Porirua City,Nil,,,,,1,0,Open,0,,,Fine,Null
1718993,6048282,28760,,502300,0,0,0,1,1,North,2005/2006,KAMO ROAD,PERCY ST,,Serious Crash,No,2006,0,North,0,0,1,Flat,0,,0,,0,Dark,90300,0,0,0,2,0,0,0,0,0,,0,0,Northland Region,Nil,2-way,Sealed,0,0,1,0,50,0,On,0,0,,2,Whangarei District,Nil,0,0,0,0,0,0,Urban,0,0,0,Light rain,Null
1718230,6039635,28761,,502005,0,,0,2,,Null,2005/2006,SH 1N,LOOP ROAD N,,Non-Injury Crash,Yes,2006,,North,,0,,Flat,,,,,,Overcast,74601,0,0,0,2,,,0,,,,,,Northland Region,Nil,2-way,Sealed,,0,0,,100,,Off,0,0,,2,Whangarei District,Stop,,,,,0,0,Open,0,,,Fine,Null
1759383,5912712,28762,,519820,0,0,0,1,0,Null,2006/2007,GREY ST,SPRING ST,,Non-Injury Crash,No,2006,0,North,0,0,0,Flat,0,,0,,0,Dark,600600,0,0,0,2,0,0,0,0,1,,0,0,Auckland Region,Nil,2-way,Sealed,0,0,0,0,50,0,On,1,0,,76,Auckland,Give way,0,0,0,0,0,0,Urban,0,0,0,Fine,Null
2459263.2144,5100458.5432,28763,,597000,0,,0,0,,North,2006/2007,NORTH ROAD,KAINGAROA ROAD,,Serious Crash,No,2006,,West,,0,,Flat,,,,,,Bright sun,2716603,0,0,1,2,,,0,,,,,,Manawatū-Whanganui Region,Nil,2-way,Unsealed,,0,2,,80,,Null,1,0,,67,Chatham Islands Territory,Nil,,,,,0,0,Open,0,,,Fine,Null
1458835,5083737,28764,,599100,0,0,0,2,0,West,2006/2007,DOUGLAS ST,ATHOL PLACE,,Non-Injury Crash,No,2006,0,East,0,0,0,Flat,0,,0,,0,Bright sun,2785802,0,0,0,2,0,0,0,0,1,,0,0,Canterbury Region,Nil,2-way,Sealed,0,0,0,0,50,0,Null,0,0,,64,Timaru District,Unknown,0,0,0,0,0,0,Urban,0,0,0,Fine,Null
1655987,6072904,28765,,500802,0,,0,0,,East,2006/2007,SH 12,WAOKU ROAD,,Minor Crash,Yes,2006,,East,,0,,Hill Road,,Labour Weekend,,,,Overcast,22700,2,0,0,2,,,0,,,,,,Northland Region,Nil,2-way,Sealed,,0,0,,100,,None,1,0,,1,Far North District,Nil,,,,,0,0,Open,0,,,Light rain,Null
1800089,5816169,28766,,529700,0,,0,2,,North,2005/2006,MILL ST,WILLOUGHBY ST,,Non-Injury Crash,No,2006,,South,,0,,Flat,,,,,,Overcast,909000,0,0,0,2,,,0,,,,,,Waikato Region,Nil,2-way,Sealed,,0,0,,50,,Null,0,0,,16,Hamilton City,Unknown,,,,,0,0,Urban,0,,,Light rain,Null
1758201,5918084,28767,,517400,0,,0,1,,North,2005/2006,GILLIES AVENUE,MORROW ST,,Minor Crash,No,2006,,North,,0,,Flat,,,,,,Dark,451300,1,0,1,4,,,0,,,,,,Auckland Region,Nil,2-way,Sealed,,0,0,,50,,On,0,0,,76,Auckland,Nil,,,,,0,0,Urban,0,,,Fine,Null
1681048,6021144,28768,,504502,0,0,0,1,0,East,2005/2006,ARAPOHUE ROAD,SH 12,,Minor Crash,No,2006,0,West,0,0,1,Hill Road,0,,0,,0,Bright sun,122100,1,0,0,2,0,0,0,0,0,,0,0,Northland Region,Nil,2-way,Sealed,0,0,0,0,100,0,None,0,0,,3,Kaipara District,Nil,0,0,0,1,0,0,Open,0,0,0,Fine,Null
1687159,5395053,28769,,580451,0,0,0,1,1,North,2006/2007,SH 1S,WELD PASS OBR,,Non-Injury Crash,Yes,2006,0,North,0,0,0,Hill Road,0,,0,,0,Dark,2292214,0,0,0,2,0,0,0,0,0,,0,0,Marlborough Region,Nil,2-way,Sealed,0,0,0,0,100,0,None,0,0,,53,Marlborough District,Nil,0,0,0,0,0,0,Open,0,0,0,Fine,Null
1878091,5762693,28770,70,538850,0,0,0,0,0,South,2005/2006,SH 30,APIRANA ROAD N,,Serious Crash,Yes,2006,0,North,0,0,0,Flat,0,,0,,0,Bright sun,1263700,4,0,0,2,0,0,0,1,0,,0,0,Waikato Region,Nil,2-way,Sealed,0,0,1,0,100,0,Null,0,0,,24,Rotorua District,Unknown,0,0,0,0,0,0,Open,1,0,0,Fine,Null
1760399,5915234,28771,,520202,0,,0,2,,South,2005/2006,GREAT SOUTH ROAD,MAIN HIGHWAY,,Non-Injury Crash,No,2006,,North,,0,,Flat,,,,,,Bright sun,611500,0,0,0,2,,,0,,,,,,Auckland Region,Nil,2-way,Sealed,,0,0,,50,,Off,0,0,,76,Auckland,Nil,,,,,0,0,Urban,0,,,Fine,Null
1770422,5900723,28772,,523816,0,0,0,1,0,Null,2006/2007,RIVERTON DRIVE,ROSEMEAD PLACE,,Minor Crash,No,2006,0,East,0,0,0,Flat,0,,0,,0,Dark,759736,1,0,0,2,0,0,0,0,0,,0,0,Auckland Region,Nil,2-way,Sealed,0,0,0,0,50,0,On,0,0,,76,Auckland,Nil,0,0,0,0,0,0,Urban,1,1,0,Fine,Null
1786008,5446685,28773,,567902,0,0,0,1,1,North,2005/2006,SH 2,JIMS CORNER,,Non-Injury Crash,Yes,2006,0,South,0,0,0,Hill Road,0,,0,,0,Twilight,1916300,0,0,0,2,0,0,0,0,0,,0,0,Wellington Region,Nil,2-way,Sealed,0,0,0,0,100,0,None,0,0,,45,Upper Hutt City,Nil,0,0,0,0,0,0,Open,0,0,0,Light rain,Null
1799258,5817398,28774,,528700,0,0,0,1,0,North,2005/2006,TE RAPA ROAD,FOREST LAKE ROAD,,Minor Crash,No,2006,0,North,0,0,1,Flat,0,,0,,1,Dark,901500,1,0,0,4,0,0,0,0,0,,0,1,Waikato Region,Nil,2-way,Sealed,0,0,0,0,60,0,On,0,0,,16,Hamilton City,Unknown,0,0,0,0,0,0,Urban,0,0,0,Fine,Null
1764906,5910870,28775,,520500,0,,0,1,,North,2006/2007,SH 1N,OTAHUHU OFF SBD,,Non-Injury Crash,Yes,2006,,South,,0,,Flat,,,,,,Twilight,635902,0,0,0,3,,,0,,,,,,,Nil,1-way,Sealed,,0,0,,100,,Off,1,0,,76,Auckland,Nil,,,,,0,0,Open,0,,,Fine,Null
1745954,5920068,28776,,513301,0,0,0,1,0,North,2005/2006,CENTRAL PARK DRIVE,PARAMOUNT DRIVE,,Minor Crash,No,2006,0,North,0,0,0,Flat,0,,0,,1,Twilight,230401,3,0,0,2,0,0,0,0,0,,0,0,Auckland Region,Nil,2-way,Sealed,0,0,0,0,50,0,On,0,0,,76,Auckland,Unknown,0,0,0,1,0,0,Urban,0,0,0,Fine,Null
1767715,5909432,28777,,523112,0,0,0,1,0,East,2006/2007,KERWYN AVENUE,ARWEN PLACE,,Minor Crash,No,2006,0,West,0,0,0,Flat,0,,0,,0,Bright sun,711600,1,0,0,2,0,0,1,0,1,,0,0,Auckland Region,Nil,2-way,Sealed,0,0,0,0,50,0,Off,0,0,,76,Auckland,Nil,0,0,0,0,0,0,Urban,0,0,0,Fine,Null
1935688,5620450,28778,,546600,0,,0,2,,East,2006/2007,DOUGLAS MCLEAN AVENUE,KENNEDY ROAD,,Non-Injury Crash,No,2006,,East,,0,,Flat,,,,,,Bright sun,1435900,0,0,0,2,,,0,,,,,,Hawke's Bay Region,Nil,2-way,Sealed,,0,0,,50,,Null,0,0,,31,Napier City,Nil,,,,,0,0,Urban,0,,,Fine,Null
1773048,5895493,28779,,525410,0,,0,1,,Null,2005/2006,OPAHEKE ROAD,ALEXANDER ST,,Minor Crash,No,2006,,North,,0,,Flat,,,,,,Overcast,793504,3,0,0,2,,,0,,,,,,Auckland Region,Nil,2-way,Sealed,,0,0,,50,,Off,1,0,,76,Auckland,Stop,,,,,0,0,Urban,0,,,Fine,Null
1748093,5919272,28780,,514801,0,0,0,0,0,West,2005/2006,SH 16,PATIKI OFF EBD,,Non-Injury Crash,Yes,2006,1,East,0,0,0,Flat,0,,0,,0,Bright sun,389300,0,0,0,3,0,0,0,0,0,,0,0,,Nil,2-way,Sealed,0,0,0,0,100,0,Off,1,0,,76,Auckland,Nil,0,0,0,0,0,0,Open,0,0,0,Fine,Null
1757743,5920350,28781,,514103,0,,0,1,,South,2005/2006,PRINCES ST,WATERLOO QUADRANT,,Minor Crash,No,2006,,North,,0,,Flat,,,,,,Overcast,437300,1,0,1,2,,,0,,,,,,Auckland Region,Nil,2-way,Sealed,,0,0,,50,,Off,0,0,,76,Auckland,Nil,,,,,0,0,Urban,0,,,Fine,Null
1804341,5791776,28782,,531003,0,,0,2,,Null,2006/2007,SH 3,RACECOURSE ROAD,,Minor Crash,Yes,2006,,North,,0,,Flat,,,,,,Overcast,968301,1,0,0,3,,,0,,,,,,Waikato Region,Nil,2-way,Sealed,,0,0,,50,,Off,0,0,,17,Waipa District,Stop,,,,,0,0,Urban,0,,,Fine,Null