X,Y,OBJECTID,advisorySpeed,areaUnitID,bicycle,bridge,bus,carStationWagon,cliffBank,crashDirectionDescription,crashFinancialYear,crashLocation1,crashLocation2,crashRoadSideRoad,crashSeverity,crashSHDescription,crashYear,debris,directionRoleDescription,ditch,fatalCount,fence,flatHill,guardRail,holiday,houseOrBuilding,intersection,kerb,light,meshblockId,minorInjuryCount,moped,motorcycle,NumberOfLanes,objectThrownOrDropped,otherObject,otherVehicleType,overBank,parkedVehicle,pedestrian,phoneBoxEtc,postOrPole,region,roadCharacter,roadLane,roadSurface,roadworks,schoolBus,seriousInjuryCount,slipOrFlood,speedLimit,strayAnimal,streetLight,suv,taxi,temporarySpeedLimit,tlaId,tlaName,trafficControl,trafficIsland,trafficSign,train,tree,truck,unknownVehicleType,urban,vanOrUtility,vehicle,waterRiver,weatherA,weatherB
1573955,5178427,28783,,594010,1,,0,1,,Null,2005/2006,FERRY ROAD,RICHARDSON TERRACE,,Minor Crash,No,2006,,West,,0,,Flat,,,,,,Dark,2591000,1,0,0,2,,,0,,,,,,Canterbury Region,Nil,2-way,Sealed,,0,0,,50,,On,0,0,,60,Christchurch City,Stop,,,,,0,0,Urban,0,,,Mist or Fog,Null
1883713,5564606,28784,,549200,0,,0,3,,Null,2006/2007,SH 50,SH 2,,Non-Injury Crash,Yes,2006,,South,,0,,Flat,,,,,,Bright sun,1515600,0,0,0,2,,,0,,,,,,Hawke's Bay Region,Nil,2-way,Sealed,,0,0,,100,,Null,0,0,,32,Central Hawke's Bay District,Stop,,,,,0,0,Open,0,,,Fine,Null
1769427,5901052,28785,,524902,0,0,0,4,0,East,2006/2007,ALFRISTON ROAD,CLAUDE ROAD,,Non-Injury Crash,No,2006,0,East,0,0,0,Flat,0,,0,,0,Twilight,757700,0,0,0,2,0,0,0,0,1,,0,0,Auckland Region,Nil,2-way,Sealed,0,0,0,0,50,0,On,0,0,,76,Auckland,Nil,0,0,0,0,0,0,Urban,0,0,0,Fine,Null
1733317,5944936,28786,65,506646,0,,0,1,,Null,2005/2006,SH 16,ANDERSON ROAD,,Minor Crash,Yes,2006,,North,,0,,Hill Road,,Christmas New Year,,,,Overcast,211503,2,0,0,2,,,0,,,,,,Auckland Region,Nil,2-way,Sealed,,0,0,,100,,None,1,0,,76,Auckland,Stop,,,,,0,0,Open,0,,,Light rain,Null
1756593,5920535,28787,,514102,0,,0,0,,Null,2005/2006,HALSEY ST,VICTORIA ST WEST,,Minor Crash,No,2006,,North,,0,,Flat,,,,,,Dark,432601,1,0,1,2,,,0,,,1,,,Auckland Region,Nil,2-way,Sealed,,0,0,,50,,On,0,0,,76,Auckland,Traffic Signals,,,,,0,0,Urban,0,,,Fine,Null
1934346,5601780,28788,,548831,0,,0,0,,West,2006/2007,TE MATA ROAD,DURHAM DRIVE,,Minor Crash,No,2006,,East,,0,,Flat,,,,,,Overcast,1510100,2,0,0,2,,,0,,,1,,,Hawke's Bay Region,Nil,2-way,Sealed,,0,0,,50,,Null,0,0,,30,Hastings District,Nil,,,,,0,0,Urban,1,,,Fine,Null
1564769,5184215,28789,,588800,0,0,0,0,0,South,2006/2007,ROYDVALE AVENUE,TEESDALE ST,,Non-Injury Crash,No,2006,0,South,0,0,1,Flat,0,,0,,0,Dark,2520900,0,0,0,2,0,0,0,0,0,,1,1,Canterbury Region,Nil,2-way,Sealed,0,0,0,0,50,0,On,1,0,,60,Christchurch City,Unknown,0,0,0,1,0,0,Urban,0,0,0,Fine,Null
1697528,5628932,28790,,553700,0,0,0,0,0,Null,2005/2006,SKEET ROAD,MANAIA ROAD,,Minor Crash,No,2006,0,East,0,0,0,Flat,1,,0,,0,Bright sun,1658400,1,0,0,2,0,0,0,0,0,,0,0,Taranaki Region,Nil,2-way,Sealed,0,0,0,0,70,0,Null,0,0,,35,South Taranaki District,Stop,0,0,0,0,0,0,Urban,2,0,0,Fine,Null
1756898,5912705,28791,,518702,0,,0,1,,East,2005/2006,SH 20,HILLSBOROUGH OBR,,Non-Injury Crash,Yes,2006,,West,,0,,Hill Road,,,,,,Overcast,570100,0,0,0,2,,,0,,,,,,Auckland Region,Nil,1-way,Sealed,,0,0,,100,,Off,0,0,,76,Auckland,Nil,,,,,1,0,Open,0,,,Fine,Null
1687488,6092884,28792,,501633,0,,0,2,,Null,2005/2006,SH 10,SH 11,,Fatal Crash,Yes,2006,,South,,1,,Flat,,,,,,Bright sun,35800,1,0,0,2,,,0,,,,,,Northland Region,Nil,2-way,Sealed,,0,0,,100,,Off,0,0,,1,Far North District,Stop,,,,,0,0,Open,0,,,Fine,Null
1623570,6115052,28793,,500302,0,,0,3,,South,2005/2006,NORTH ROAD,WATTS ST,,Non-Injury Crash,No,2006,,South,,0,,Flat,,,,,,Overcast,13400,0,0,0,2,,,0,,,,,,Northland Region,Nil,2-way,Sealed,,0,0,,50,,Off,0,0,,1,Far North District,Nil,,,,,0,0,Urban,0,,,Light rain,Null
1459964,5090524,28794,,598313,0,0,0,1,0,North,2006/2007,SH 1S,DIVAN ROAD,,Non-Injury Crash,Yes,2006,0,South,0,0,0,Flat,0,,0,,0,Bright sun,2772700,0,0,0,4,0,0,0,0,0,,0,0,Canterbury Region,Nil,2-way,Sealed,0,0,0,0,100,0,Null,0,0,,64,Timaru District,Unknown,0,1,0,0,0,0,Open,0,0,0,Fine,Null
1799721,5816276,28795,,529700,0,0,0,2,0,West,2005/2006,WILLOUGHBY ST,ABBOTSFORD ST,,Non-Injury Crash,No,2006,0,East,0,0,0,Flat,0,,0,,0,Overcast,909100,0,0,0,2,0,0,0,0,1,,0,0,Waikato Region,Nil,2-way,Sealed,0,0,0,0,50,0,Off,0,0,,16,Hamilton City,Nil,0,0,0,0,0,0,Urban,0,0,0,Fine,Null
1440337,5004189,28796,,601030,0,,0,1,,Null,2006/2007,SH 1S,THAMES ST,,Minor Crash,Yes,2006,,South,,0,,Flat,,,,,,Bright sun,2841500,1,0,0,4,,,0,,,,,,Otago Region,Nil,2-way,Sealed,,0,0,,50,,Null,1,0,,68,Waitaki District,Stop,,,,,0,0,Urban,0,,,Fine,Null
1765427,5913860,28797,,520602,0,,0,3,,Null,2007/2008,LAGOON DRIVE,CHURCH CRESCENT,,Non-Injury Crash,No,2007,,East,,0,,Flat,,,,,,Twilight,629600,0,0,0,2,,,0,,,,,,Auckland Region,Bridge,2-way,Sealed,,0,0,,50,,On,0,0,,76,Auckland,Traffic Signals,,,,,0,0,Urban,0,,,Light rain,Null
1811457,5806253,28798,,527131,0,0,0,1,0,North,2005/2006,CAMBRIDGE ROAD,OLD DISCOMBE ROAD,,Minor Crash,No,2006,0,North,0,0,0,Flat,0,Christmas New Year,0,,0,Bright sun,960800,2,0,0,2,0,0,0,0,0,,0,1,Waikato Region,Nil,2-way,Sealed,0,0,0,0,100,0,Null,0,0,,13,Waikato District,Unknown,0,0,0,0,0,0,Open,0,0,0,Fine,Null
1766038,5905537,28799,,522202,0,,0,2,,Null,2005/2006,CARRUTH ROAD,ELIZABETH AVENUE,,Non-Injury Crash,No,2006,,South,,0,,Flat,,Easter,,,,Bright sun,665700,0,0,0,2,,,0,,,,,,Auckland Region,Nil,2-way,Sealed,,0,0,,50,,Off,0,0,,76,Auckland,Give way,,,,,0,0,Urban,0,,,Fine,Null
1623306,5430678,28800,,582500,1,0,0,1,0,South,2006/2007,GLOUCESTER ST,VANGUARD ST,,Minor Crash,No,2006,0,West,0,0,0,Hill Road,0,,0,,0,Bright sun,2319400,1,0,0,2,0,0,0,0,0,,0,0,Nelson Region,Nil,2-way,Sealed,0,0,0,0,50,0,Null,0,0,,52,Nelson City,Nil,0,0,0,0,0,0,Urban,0,1,0,Fine,Null
1620568,5430117,28801,,583000,0,0,0,1,0,West,2006/2007,BISLEY WALK,SH 6,,Non-Injury Crash,No,2007,0,West,0,0,1,Flat,0,,0,,0,Dark,2333100,0,0,0,2,0,0,0,0,0,,0,0,Nelson Region,Nil,2-way,Sealed,0,0,0,0,50,0,None,0,0,,52,Nelson City,Nil,0,0,0,0,0,0,Urban,0,0,0,Fine,Null
1755680,5926212,28802,,509701,0,0,0,2,0,South,2006/2007,LAKE ROAD,FRASER AVENUE,,Non-Injury Crash,No,2006,0,South,0,0,0,Flat,0,,0,,0,Overcast,362000,0,0,0,2,0,0,0,0,0,,0,0,Auckland Region,Nil,2-way,Sealed,0,0,0,0,50,0,Off,0,0,,76,Auckland,Nil,0,0,0,0,0,0,Urban,0,1,0,Fine,Null
1393167,4917937,28803,,602411,0,0,0,0,1,West,2005/2006,SH 87,DUKES ROAD SOUTH,,Minor Crash,Yes,2006,0,East,1,0,0,Flat,0,,0,,0,Overcast,2978900,1,0,0,2,0,0,0,0,0,,0,0,Otago Region,Nil,2-way,Sealed,0,0,0,0,100,0,Null,0,0,,71,Dunedin City,Unknown,0,0,0,0,0,0,Open,1,0,0,Fine,Frost
1513462,5131633,28804,,597741,0,0,0,1,0,North,2005/2006,COLLISONS ROAD,BUCKLEYS ROAD,,Serious Crash,No,2006,0,East,0,0,0,Flat,0,,0,,0,Dark,2745600,0,0,0,1,0,1,0,0,0,,0,0,Canterbury Region,Nil,2-way,Unsealed,0,0,1,0,100,0,None,0,0,,63,Ashburton District,Unknown,0,0,0,0,0,0,Open,0,0,0,Mist or Fog,Null
1749813,5918018,28805,,514801,0,0,0,2,0,East,2007/2008,SH 16,ROSEBANK OFF WBD,,Non-Injury Crash,Yes,2007,1,West,0,0,0,Flat,0,,0,,0,Bright sun,390401,0,0,0,3,0,0,0,0,0,,0,0,Auckland Region,Nil,1-way,Sealed,0,0,0,0,100,0,Off,0,0,,76,Auckland,Nil,0,0,0,0,0,0,Open,0,0,0,Fine,Null
1751162,5915016,28806,,514402,0,,0,3,,West,2005/2006,GREAT NORTH ROAD,ST GEORGES ROAD,,Non-Injury Crash,No,2006,,East,,0,,Flat,,,,,,Bright sun,381200,0,0,0,2,,,0,,,,,,Auckland Region,Nil,2-way,Sealed,,0,0,,50,,Off,0,0,,76,Auckland,Nil,,,,,0,0,Urban,0,,,Fine,Null
1401304,4919204,28807,,602500,0,,0,1,,West,2006/2007,THREE MILE HILL ROAD,HALFWAY BUSH ROAD,,Serious Crash,No,2006,,East,,0,,Hill Road,,,,,,Overcast,2980800,1,0,0,2,,,0,,,2,,,Otago Region,Nil,2-way,Sealed,,0,1,,100,,Null,0,0,,71,Dunedin City,Unknown,,,,,0,0,Open,0,,,Mist or Fog,Null
1406121,4916141,28808,,602900,0,,0,1,,North,2006/2007,SH 1S,POLICE ST,,Minor Crash,Yes,2006,,North,,0,,Flat,,,,,,Overcast,2895500,1,0,0,2,,,0,,,,,,Otago Region,Nil,1-way,Sealed,,0,0,,50,,Null,0,0,,71,Dunedin City,Unknown,,,,,0,0,Urban,1,,,Fine,Null
1747563,5919528,28809,,512300,0,,0,1,,Null,2006/2007,SH 16,TE ATATU ON EBD EAST E,,Non-Injury Crash,Yes,2006,,East,,0,,Flat,,,,,,Overcast,252000,0,0,0,2,,,0,,,,,,Auckland Region,Motorway ramp,1-way,Sealed,,0,0,,100,,Off,0,0,,76,Auckland,Nil,,,,,1,0,Open,0,,,Fine,Null
1714055,6008062,28810,,505010,0,0,0,1,0,North,2006/2007,PAPAROA OAKLEIGH ROAD,WAIRERE ROAD,,Non-Injury Crash,No,2006,0,South,1,0,0,Hill Road,0,,0,,0,Overcast,130300,0,0,0,2,0,0,0,0,0,,0,0,Northland Region,Nil,2-way,Sealed,0,0,0,0,100,0,None,0,0,,3,Kaipara District,Nil,0,0,0,0,0,0,Open,0,0,0,Fine,Null
1756492,5927013,28811,,507900,0,,0,0,,South,2006/2007,SH 1N,NORTHCOTE OBR,,Non-Injury Crash,Yes,2006,,South,,0,,Flat,,,,,,Bright sun,303502,0,0,0,2,,,0,,,,,,Auckland Region,Nil,1-way,Sealed,,0,0,,80,,Off,1,0,,76,Auckland,Nil,,,,,0,0,Open,1,,,Fine,Null
1821348,5530149,28812,,562310,0,0,0,2,0,Null,2005/2006,SH 3,FEATHERSTON ST,,Non-Injury Crash,Yes,2006,0,North,0,0,0,Flat,0,,0,,0,Dark,1824200,0,0,0,4,0,0,0,0,0,,0,1,Manawatū-Whanganui Region,Nil,2-way,Sealed,0,0,0,0,50,0,On,0,0,,40,Palmerston North City,Traffic Signals,0,0,0,0,0,0,Urban,0,0,0,Fine,Null
1754292,5918054,28813,,515432,1,0,0,1,0,East,2005/2006,BANNERMAN ROAD,DERWENT ST,,Serious Crash,No,2006,0,West,0,0,0,Hill Road,0,,0,,0,Overcast,405400,0,0,0,2,0,0,0,0,1,,0,0,Auckland Region,Nil,2-way,Sealed,0,0,1,0,50,0,On,0,0,,76,Auckland,Nil,0,0,0,0,0,0,Urban,0,0,0,Fine,Null
1402541,4913986,28814,,605920,0,0,0,1,0,North,2006/2007,KAIKORAI VALLEY ROAD,MAIN SOUTH ROAD,,Minor Crash,No,2006,0,North,0,0,0,Flat,1,,0,,0,Overcast,2954803,1,0,0,2,0,0,0,0,0,,0,0,Otago Region,Nil,2-way,Sealed,0,0,0,0,50,0,Null,0,0,,71,Dunedin City,Unknown,0,0,0,0,0,0,Urban,0,0,0,Heavy rain,Null
1801647,5774808,28815,,531304,0,,0,1,,South,2006/2007,SH 3,BLACKETT ROAD,,Serious Crash,Yes,2006,,North,,0,,Hill Road,,,,,,Dark,1000600,0,0,1,3,,,0,,,,,,Waikato Region,Nil,2-way,Sealed,,0,1,,100,,None,0,0,,18,Ōtorohanga District,Unknown,,,,,0,0,Open,0,,,Fine,Null
1948767,5791079,28816,,542422,0,0,0,1,0,West,2006/2007,JAMES ST,ARMSTRONG AVENUE,,Non-Injury Crash,No,2006,0,East,0,0,0,Flat,0,,0,,1,Dark,1312900,0,0,0,2,0,0,0,0,0,,0,0,Bay of Plenty Region,Nil,2-way,Sealed,0,0,0,0,50,0,On,0,0,,25,Whakatane District,Unknown,0,1,0,0,0,0,Urban,0,0,0,Fine,Null
1758971,5920416,28817,,515902,0,,0,2,,Null,2006/2007,SH 16,GLADSTONE ROAD,,Minor Crash,Yes,2006,,South,,0,,Hill Road,,,,,,Bright sun,453200,1,0,0,3,,,0,,,,,,Auckland Region,Nil,2-way,Sealed,,0,0,,50,,Null,0,0,,76,Auckland,Give way,,,,,0,0,Urban,0,,,Fine,Null
1759002,5911383,28818,,519820,0,0,0,1,0,South,2006/2007,SH 20,ONEHUNGA ON SBD,,Non-Injury Crash,Yes,2006,0,South,0,0,0,Hill Road,0,,0,,0,Bright sun,602402,0,0,0,2,0,0,0,0,0,,0,0,Auckland Region,Bridge,1-way,Sealed,0,0,0,0,100,0,Off,0,0,,76,Auckland,Nil,0,0,0,0,1,0,Open,0,1,0,Fine,Null
1849884,5765207,28819,,535330,0,0,0,1,0,Null,2006/2007,FERGUSSON ST,THOMPSON ST,,Non-Injury Crash,No,2006,0,North,0,0,1,Flat,0,,0,,0,Dark,1135300,0,0,0,2,0,0,0,0,0,,0,0,Waikato Region,Nil,2-way,Sealed,0,0,0,0,50,0,On,0,0,,19,South Waikato District,Give way,0,0,0,0,0,0,Urban,0,0,0,Fine,Null
1758146,5917879,28820,,515700,0,,0,2,,West,2005/2006,GILLIES OFF SBD N,GILLIES AVENUE,,Non-Injury Crash,Yes,2006,,East,,0,,Hill Road,,,,,,Bright sun,443200,0,0,0,2,,,0,,,,,,Auckland Region,Motorway ramp,1-way,Sealed,,0,0,,50,,Off,0,0,,76,Auckland,Traffic Signals,,,,,0,0,Urban,0,,,Fine,Null
1684068,5634387,28821,,553302,0,0,0,1,0,West,2005/2006,ELTHAM ROAD,PATIKI ROAD,,Non-Injury Crash,No,2006,0,East,0,0,0,Flat,0,,0,,0,Dark,1631200,0,0,0,2,0,0,0,0,0,,0,0,Taranaki Region,Nil,2-way,Sealed,0,0,0,0,100,0,None,0,0,,35,South Taranaki District,Nil,0,0,0,1,0,0,Open,0,0,0,Light rain,Null
1756713,5913070,28822,,518702,0,,0,1,,Null,2005/2006,HERD ROAD,HILLSBOROUGH ROAD,,Non-Injury Crash,No,2006,,West,,0,,Flat,,,,,,Dark,568000,0,0,0,2,,,0,,,,,,Auckland Region,Nil,2-way,Sealed,,0,0,,50,,On,0,0,,76,Auckland,Traffic Signals,,,,,0,0,Urban,1,,,Fine,Null
1881635,5774785,28823,,539400,0,,0,2,,Null,2005/2006,EDMUND ROAD,CLAYTON ROAD,,Minor Crash,No,2006,,West,,0,,Flat,,,,,,Dark,1224100,1,0,0,2,,,0,,,,,,Bay of Plenty Region,Nil,2-way,Sealed,,0,0,,50,,On,0,0,,24,Rotorua District,Stop,,,,,0,0,Urban,0,,,Fine,Null
1757909,5928762,28824,,507800,0,0,0,1,0,East,2006/2007,KITCHENER ROAD,SYLVAN PARK AVENUE,,Minor Crash,No,2006,0,West,0,0,0,Flat,0,,0,,0,Dark,310300,1,0,0,2,0,0,0,0,0,,0,1,Auckland Region,Nil,2-way,Sealed,0,0,0,0,50,0,On,0,0,,76,Auckland,Nil,0,0,0,0,0,0,Urban,0,0,0,Light rain,Null
1243465,4848315,28825,,611220,0,0,0,1,0,West,2006/2007,BALMORAL DRIVE,NESS ST,,Non-Injury Crash,No,2006,0,West,0,0,1,Flat,0,,0,,0,Dark,3111300,0,0,0,2,0,0,0,0,0,,0,0,Southland Region,Nil,2-way,Sealed,0,0,0,0,50,0,On,0,0,,75,Invercargill City,Unknown,0,0,0,1,0,0,Urban,0,0,0,Fine,Strong wind
1760078,5889417,28826,,521122,0,,0,3,,South,2005/2006,KINGSEAT ROAD,LINWOOD ROAD,,Non-Injury Crash,No,2006,,South,,0,,Hill Road,,,,,,Dark,810901,0,0,0,2,,,0,,,,,,Auckland Region,Nil,2-way,Sealed,,0,0,,100,,None,0,0,,76,Auckland,Nil,,,,,0,0,Open,0,,,Fine,Null
1753618,5913860,28827,,518901,0,,0,2,,Null,2005/2006,RICHARDSON ROAD,JOHN DAVIS ROAD,,Non-Injury Crash,No,2006,,North,,0,,Flat,,,,,,Dark,583704,0,0,0,2,,,0,,,,,,Auckland Region,Nil,2-way,Sealed,,0,0,,50,,On,0,0,,76,Auckland,Stop,,,,,0,0,Urban,0,,,Fine,Null
1758679,5918043,28828,,516101,0,0,0,2,0,North,2005/2006,MIDDLETON ROAD,JOSEPH BANKS TERRACE,,Non-Injury Crash,No,2006,0,South,0,0,0,Flat,0,,0,,0,Bright sun,480608,0,0,0,4,0,0,0,0,0,,0,0,Auckland Region,Nil,2-way,Sealed,0,0,0,0,50,0,Off,0,0,,76,Auckland,Stop,0,0,0,0,0,0,Urban,0,1,0,Fine,Null
1765480,5918745,28829,,516900,0,,0,2,,Null,2005/2006,ASHBY AVENUE,ST HELIERS BAY ROAD,,Non-Injury Crash,No,2006,,North,,0,,Flat,,,,,,Dark,465400,0,0,0,2,,,0,,,,,,Auckland Region,Nil,2-way,Sealed,,0,0,,50,,On,0,0,,76,Auckland,Traffic Signals,,,,,0,0,Urban,0,,,Fine,Null
1772881,5896391,28830,,525410,0,0,0,1,0,Null,2006/2007,BROADWAY,RAILWAY ST WEST,,Minor Crash,No,2006,0,West,0,0,0,Flat,0,,0,,0,Dark,793000,1,0,0,2,0,0,0,0,0,,0,0,Auckland Region,Bridge,2-way,Sealed,0,0,0,0,50,0,On,0,0,,76,Auckland,Give way,1,0,0,0,0,0,Urban,0,0,0,Fine,Null
1720818,6045387,28831,,503700,0,0,0,1,0,East,2005/2006,RIVERSIDE DRIVE,MEMORIAL DRIVE,,Non-Injury Crash,No,2006,0,East,0,0,0,Flat,0,,0,,0,Twilight,102201,0,0,0,4,0,0,0,0,0,,0,1,Northland Region,Nil,2-way,Sealed,0,0,0,0,50,0,On,0,0,,2,Whangarei District,Nil,1,0,0,0,0,0,Urban,0,0,0,Fine,Null
1816477,5803589,28832,,527502,0,,0,2,,Null,2006/2007,SH 1N,GREY ST,,Non-Injury Crash,Yes,2006,,East,,0,,Flat,,,,,,Bright sun,963700,0,0,0,2,,,0,,,,,,Waikato Region,Nil,2-way,Sealed,,0,0,,50,,Null,0,0,,17,Waipa District,Nil,,,,,0,0,Urban,0,,,Fine,Null
1884816,5773412,28833,,540420,0,0,0,1,0,North,2005/2006,Z CPK CENTRAL MALL,VICTORIA ST,,Non-Injury Crash,No,2006,0,North,0,0,0,Flat,0,,0,,0,Bright sun,1236500,0,0,0,0,0,0,0,0,1,,0,0,Bay of Plenty Region,Nil,Off road,Sealed,0,0,0,0,30,0,Null,1,0,,24,Rotorua District,Unknown,0,0,0,0,0,0,Urban,0,0,0,Fine,Null
1769855,5901228,28834,,524901,0,0,0,1,0,Null,2005/2006,SH 1N,ALFRISTON OBR,,Non-Injury Crash,Yes,2006,0,North,0,0,0,Hill Road,0,,0,,0,Bright sun,757602,0,0,0,3,1,0,0,0,0,,0,0,Auckland Region,Nil,1-way,Sealed,0,0,0,0,100,0,Off,0,0,,76,Auckland,Nil,0,0,0,0,0,0,Open,0,0,0,Fine,Null
1881966,5773573,28835,,539500,0,,0,1,,Null,2005/2006,SUNSET ROAD,PANDORA AVENUE,,Non-Injury Crash,No,2006,,West,,0,,Hill Road,,,,,,Overcast,1229901,0,0,0,2,,,0,,,,,,Bay of Plenty Region,Nil,2-way,Sealed,,0,0,,50,,Null,0,0,,24,Rotorua District,Give way,,,,,0,0,Urban,1,,,Fine,Null
1752899,5915418,28836,,517902,0,,0,2,,South,2006/2007,RICHARDSON ROAD,OWAIRAKA AVENUE,,Non-Injury Crash,No,2006,,South,,0,,Flat,,,,,,Bright sun,519200,0,0,0,2,,,0,,,,,,Auckland Region,Nil,2-way,Sealed,,0,0,,50,,Off,0,0,,76,Auckland,Nil,,,,,0,0,Urban,0,,,Fine,Null
1759954,5915694,28837,,516003,0,0,0,0,0,South,2006/2007,GREAT SOUTH ROAD,GREEN LANE WEST,,Non-Injury Crash,No,2006,0,South,0,0,1,Flat,0,,0,,0,Twilight,495200,0,0,0,2,0,0,0,0,0,,0,1,Auckland Region,Nil,2-way,Sealed,0,0,0,0,50,0,On,1,0,,76,Auckland,Nil,0,0,0,0,0,0,Urban,0,0,0,Fine,Null
1769438,5901890,28838,,524901,0,,0,2,,Null,2005/2006,GRANDE VUE ROAD,MANUREWA ON NBD,,Non-Injury Crash,Yes,2006,,North,,0,,Flat,,Easter,,,,Bright sun,756000,0,0,0,2,,,0,,,,,,Auckland Region,Motorway ramp,2-way,Sealed,,0,0,,50,,Off,0,0,,76,Auckland,Give way,,,,,0,0,Urban,0,,,Fine,Null
1752064,5425068,28839,,577302,0,0,0,2,0,South,2005/2006,TAUHINU ROAD,BOOTH ST,,Minor Crash,No,2006,0,North,0,0,0,Flat,0,,0,,0,Overcast,2205701,1,0,0,2,0,0,0,0,1,,0,0,Wellington Region,Nil,2-way,Sealed,0,0,0,0,50,0,Null,0,0,,47,Wellington City,Nil,0,0,0,0,0,0,Urban,0,0,0,Fine,Null
1759174,5906370,28840,,524200,0,,0,6,,South,2006/2007,SH 20A,KIRKBRIDE ROAD,,Minor Crash,Yes,2006,,North,,0,,Flat,,,,,,Bright sun,726400,1,0,0,4,,,0,,,,,,Auckland Region,Nil,2-way,Sealed,,0,0,,100,,Null,0,2,,76,Auckland,Unknown,,,,,0,0,Open,0,,,Fine,Null
1753551,5913109,28841,,518901,0,0,0,3,0,East,2005/2006,WHITE SWAN ROAD,PASCOE ST,,Minor Crash,No,2006,0,East,0,0,1,Hill Road,0,,0,,0,Bright sun,585200,2,0,0,2,0,0,0,0,1,,0,0,Auckland Region,Nil,2-way,Sealed,0,0,0,0,50,0,Off,0,0,,76,Auckland,Nil,0,0,0,0,1,0,Urban,0,0,0,Fine,Null
1764153,5914989,28842,,520303,0,,0,0,,Null,2006/2007,ELLERSLIE-PANMURE HIGHWAY,HARDING AVENUE,,Non-Injury Crash,No,2006,,West,,0,,Hill Road,,,,,,Bright sun,626901,0,0,0,4,,,0,,,,,,Auckland Region,Nil,2-way,Sealed,,0,0,,50,,Off,1,0,,76,Auckland,Nil,,,,,0,0,Urban,1,,,Fine,Null
1748824,5428679,28843,,573000,0,,0,1,,South,2005/2006,WHITMORE ST,LAMBTON QUAY,,Minor Crash,No,2006,,North,,0,,Flat,,,,,,Overcast,2123800,1,0,0,3,,,0,,,1,,,Wellington Region,Nil,2-way,Sealed,,0,0,,50,,Null,0,0,,47,Wellington City,Nil,,,,,0,0,Urban,0,,,Fine,Null
1763211,5919806,28844,,516500,0,,0,1,,South,2006/2007,PATTESON AVENUE,CODRINGTON CRESCENT,,Non-Injury Crash,No,2006,,South,,0,,Hill Road,,,,,,Overcast,502500,0,0,0,2,,,0,,,,,,Auckland Region,Nil,2-way,Sealed,,0,0,,50,,Off,0,0,,76,Auckland,Nil,,,,,1,0,Urban,0,,,Fine,Null
1800727,5815778,28845,,529700,0,0,0,1,0,South,2005/2006,VICTORIA ST,LONDON ST,,Non-Injury Crash,No,2006,0,South,0,0,0,Flat,0,,0,,0,Overcast,910500,0,0,0,2,0,0,0,0,1,,0,0,Waikato Region,Nil,2-way,Sealed,0,0,0,0,50,0,Null,0,0,,16,Hamilton City,Unknown,0,0,0,0,0,0,Urban,1,0,0,Fine,Null
1756651,5926678,28846,,507900,0,,0,2,,South,2006/2007,SH 1N,NORTHCOTE OFF NBD,,Minor Crash,Yes,2006,,North,,0,,Flat,,,,,,Overcast,303501,2,0,0,3,,,0,,,,,,Auckland Region,Motorway ramp,1-way,Sealed,,0,0,,80,,Off,0,0,,76,Auckland,Nil,,,,,0,0,Open,0,,,Light rain,Null
1624068,6114568,28847,,500302,1,,0,0,,Null,2005/2006,SH 1N,EMPIRE ST,,Minor Crash,Yes,2006,,South,,0,,Flat,,,,,,Bright sun,13900,1,0,0,2,,,0,,,,,,Northland Region,Nil,2-way,Sealed,,0,0,,50,,None,0,0,,1,Far North District,Stop,,,,,0,0,Urban,1,,,Fine,Null
1770055,5577210,28848,,555800,0,0,0,2,0,North,2006/2007,POLSON ST,CARSON ST,,Minor Crash,No,2006,0,North,0,0,0,Flat,0,,0,,0,Dark,1714000,1,0,0,2,0,0,0,0,1,,0,0,Manawatū-Whanganui Region,Nil,2-way,Sealed,0,0,0,0,50,0,On,0,0,,37,Whanganui District,Nil,0,0,0,0,0,0,Urban,0,0,0,Light rain,Null
1791216,5730767,28849,,531800,0,0,0,1,0,South,2006/2007,SH 4,MANGAITI ROAD,,Non-Injury Crash,Yes,2006,0,South,1,0,0,Flat,0,,0,,0,Twilight,1014002,0,0,0,2,0,0,0,0,0,,0,0,Waikato Region,Nil,2-way,Sealed,0,0,0,0,100,0,None,0,0,30,20,Waitomo District,Nil,0,0,0,0,0,0,Open,0,0,0,Mist or Fog,Frost
1765053,5910362,28850,,521803,0,,0,2,,North,2005/2006,SH 1N,PRINCES OBR,,Non-Injury Crash,Yes,2006,,South,,0,,Flat,,,,,,Overcast,790000,0,0,0,3,,,0,,,,,,Auckland Region,Nil,1-way,Sealed,,0,0,,100,,Off,0,0,,76,Auckland,Nil,,,,,0,0,Open,0,,,Fine,Null
1635304,6128671,28851,,500202,0,0,0,0,0,East,2007/2008,SH 10,INLAND ROAD,,Minor Crash,Yes,2007,0,East,1,0,0,Flat,0,,0,,0,Dark,3000,1,0,0,2,0,0,0,0,0,,0,0,Northland Region,Nil,2-way,Sealed,0,0,0,0,100,0,None,1,0,,1,Far North District,Nil,0,0,0,0,0,0,Open,0,0,0,Fine,Null
1790653,5838355,28852,,527402,0,,0,2,,South,2005/2006,SH 1N,TREGOWETH LANE,,Non-Injury Crash,Yes,2006,,North,,0,,Flat,,,,,,Dark,947200,0,0,0,2,,,0,,,,,,Waikato Region,Nil,2-way,Sealed,,0,0,,100,,On,0,0,,13,Waikato District,Unknown,,,,,0,0,Open,0,,,Fine,Null