X,Y,OBJECTID,advisorySpeed,areaUnitID,bicycle,bridge,bus,carStationWagon,cliffBank,crashDirectionDescription,crashFinancialYear,crashLocation1,crashLocation2,crashRoadSideRoad,crashSeverity,crashSHDescription,crashYear,debris,directionRoleDescription,ditch,fatalCount,fence,flatHill,guardRail,holiday,houseOrBuilding,intersection,kerb,light,meshblockId,minorInjuryCount,moped,motorcycle,NumberOfLanes,objectThrownOrDropped,otherObject,otherVehicleType,overBank,parkedVehicle,pedestrian,phoneBoxEtc,postOrPole,region,roadCharacter,roadLane,roadSurface,roadworks,schoolBus,seriousInjuryCount,slipOrFlood,speedLimit,strayAnimal,streetLight,suv,taxi,temporarySpeedLimit,tlaId,tlaName,trafficControl,trafficIsland,trafficSign,train,tree,truck,unknownVehicleType,urban,vanOrUtility,vehicle,waterRiver,weatherA,weatherB
1576414,5182874,28853,,593100,0,,0,2,,Null,2006/2007,BROCKENHURST ST,EUREKA ST,,Minor Crash,No,2006,,North,,0,,Flat,,,,,,Bright sun,2573900,2,0,0,2,,,0,,,,,,Canterbury Region,Nil,2-way,Sealed,,0,0,,50,,Null,0,0,,60,Christchurch City,Give way,,,,,0,0,Urban,0,,,Fine,Null
1749195,5938186,28854,,506300,1,,0,1,,South,2006/2007,DAIRY FLAT HIGHWAY,DUREY ROAD,,Minor Crash,No,2006,,South,,0,,Flat,,,,,,Dark,176004,1,0,0,2,,,0,,,,,,Auckland Region,Nil,2-way,Sealed,,0,0,,100,,None,0,0,,76,Auckland,Nil,,,,,0,0,Open,0,,,Light rain,Null
1761132,5914856,28855,,520202,0,,0,2,,South,2006/2007,SH 1N,GREENLANE INT,,Non-Injury Crash,Yes,2006,,North,,0,,Flat,,,,,,Twilight,611900,0,0,0,3,,,0,,,,,,Auckland Region,Nil,1-way,Sealed,,0,0,,100,,On,0,0,,76,Auckland,Nil,,,,,0,0,Open,0,,,Fine,Null
1814078,5803711,28856,,527133,0,0,0,1,0,East,2005/2006,SH 1N,HANLIN ROAD,,Non-Injury Crash,Yes,2006,0,West,1,0,0,Flat,0,,0,,0,Bright sun,960006,0,0,0,2,0,0,0,0,0,,0,0,Waikato Region,Nil,2-way,Sealed,0,0,0,0,100,0,Null,0,0,,17,Waipa District,Unknown,0,0,0,0,0,0,Open,0,0,0,Fine,Null
1755564,5928925,28857,,508320,0,,0,1,,South,2006/2007,SH 1N,TRISTRAM OBR,,Minor Crash,Yes,2006,,North,,0,,Flat,,,,,,Dark,198500,1,0,1,3,,,0,,,,,,Auckland Region,Nil,1-way,Sealed,,0,0,,100,,On,0,0,,76,Auckland,Nil,,,,,0,0,Open,0,,,Fine,Null
1769224,5914464,28858,,522721,0,,0,1,,Null,2005/2006,PAKURANGA ROAD,FORTUNES ROAD,,Minor Crash,No,2006,,East,,0,,Flat,,,,,,Dark,680727,1,0,0,2,,,0,,,1,,,Auckland Region,Nil,2-way,Sealed,,0,0,,60,,On,0,0,,76,Auckland,Traffic Signals,,,,,0,0,Urban,0,,,Light rain,Null
1572918,5182718,28859,,592811,0,,0,1,,West,2005/2006,NEW BRIGHTON ROAD,AJAX ST,,Serious Crash,No,2006,,West,,0,,Flat,,,,,,Dark,2601500,0,0,0,2,,,0,,,1,,,Canterbury Region,Nil,2-way,Sealed,,0,1,,50,,On,0,0,,60,Christchurch City,Give way,,,,,0,0,Urban,0,,,Fine,Null
1884739,5774768,28860,,540410,0,0,0,1,0,South,2006/2007,Z DWY ROTORUA HOSPITAL,LAKE ROAD,,Minor Crash,No,2006,0,North,0,0,1,Hill Road,0,,0,,0,Bright sun,1232000,1,0,0,2,0,0,0,0,0,,0,0,Bay of Plenty Region,Nil,Off road,Sealed,0,0,0,0,30,0,Null,0,0,,24,Rotorua District,Unknown,0,0,0,0,0,0,Urban,0,0,0,Fine,Null
1816633,5804548,28861,,527501,0,,0,2,,Null,2005/2006,VICTORIA ST EAST,TAYLOR ST,,Non-Injury Crash,No,2006,,North,,0,,Flat,,,,,,Overcast,962200,0,0,0,2,,,0,,,,,,Waikato Region,Nil,2-way,Sealed,,0,0,,50,,Off,0,0,,17,Waipa District,Give way,,,,,0,0,Urban,0,,,Fine,Null
1795065,5499715,28862,,564231,0,,0,1,,Null,2005/2006,SH 57,QUEEN ST EAST,,Minor Crash,Yes,2006,,East,,0,,Flat,,,,,,Overcast,1867301,1,0,0,2,,,0,,,,,,Manawatū-Whanganui Region,Nil,2-way,Sealed,,0,0,,50,,Null,0,0,,42,Horowhenua District,Stop,,,,,1,0,Urban,0,,,Light rain,Null
1828387,5903060,28863,,533603,0,,0,2,,East,2006/2007,TAPU COROGLEN ROAD,SH 25,,Minor Crash,No,2006,,East,,0,,Hill Road,,Christmas New Year,,,,Overcast,1056201,2,0,0,2,,,0,,,,,,Waikato Region,Nil,2-way,Unsealed,,0,0,,100,,Null,0,0,,11,Thames-Coromandel District,Unknown,,,,,0,0,Open,0,,,Fine,Null
1802184,5813945,28864,,530300,0,,0,2,,Null,2006/2007,GREY ST,NAYLOR ST,,Non-Injury Crash,No,2006,,West,,0,,Flat,,,,,,Overcast,881200,0,0,0,2,,,0,,,,,,Waikato Region,Nil,2-way,Sealed,,0,0,,50,,Off,0,0,,16,Hamilton City,Give way,,,,,0,0,Urban,0,,,Fine,Null
1755922,5913713,28865,,518701,0,0,0,1,0,North,2005/2006,FROST ROAD,BRITTON AVENUE,,Non-Injury Crash,No,2006,0,South,0,0,0,Flat,0,,0,,0,Bright sun,569200,0,0,0,2,0,0,0,0,1,,0,0,Auckland Region,Nil,2-way,Sealed,0,0,0,0,50,0,Off,0,0,,76,Auckland,Nil,0,0,0,0,1,0,Urban,0,0,0,Fine,Null
1772406,5873218,28866,,526200,0,1,0,0,0,Null,2005/2006,GEORGE ST,COLES ROAD,,Non-Injury Crash,No,2006,0,South,0,0,1,Flat,0,,0,,0,Twilight,840300,0,0,0,2,0,0,0,0,0,,0,0,Waikato Region,Bridge,2-way,Sealed,0,0,0,0,70,0,Off,0,0,,13,Waikato District,Nil,0,0,0,0,0,0,Urban,1,0,0,Mist or Fog,Null
1757063,5917595,28867,,518102,0,,0,2,,East,2005/2006,HILLSIDE CRESCENT N,MOUNT EDEN ROAD,,Non-Injury Crash,No,2006,,West,,0,,Hill Road,,,,,,Overcast,546700,0,0,0,2,,,0,,,,,,Auckland Region,Nil,2-way,Sealed,,0,0,,50,,Null,0,0,,76,Auckland,Give way,,,,,0,0,Urban,0,,,Fine,Null
1565316,5178783,28868,,587702,0,,0,2,,Null,2006/2007,SH 73 CURLETTS,PARKHOUSE ROAD,,Serious Crash,Yes,2006,,North,,0,,Flat,,,,,,Dark,2480400,1,0,0,2,,,0,,,,,,Canterbury Region,Nil,2-way,Sealed,,0,2,,70,,On,0,0,,60,Christchurch City,Traffic Signals,,,,,0,0,Urban,2,,,Fine,Null
1753710,5932010,28869,,508807,0,,0,2,,North,2006/2007,SH 1N,UPPER HWY ON NBD,,Non-Injury Crash,Yes,2006,,North,,0,,Flat,,,,,,Dark,180810,0,0,0,2,,,0,,,,,,Auckland Region,Nil,1-way,Sealed,,0,0,,100,,On,1,0,,76,Auckland,Nil,,,,,0,0,Open,0,,,Fine,Null
1729805,5940389,28870,,506800,0,0,0,1,0,East,2006/2007,AWAROA ROAD,SH 16,,Minor Crash,No,2006,0,East,0,0,0,Flat,0,,0,,0,Dark,208300,1,0,0,2,0,0,0,0,0,,0,1,Auckland Region,Nil,2-way,Sealed,0,0,0,0,50,0,On,0,0,,76,Auckland,Nil,0,0,0,0,0,0,Urban,0,0,0,Light rain,Null
1402865,4914413,28871,,605920,1,,0,1,,North,2005/2006,KAIKORAI VALLEY ROAD,ENSOR ST,,Minor Crash,No,2006,,South,,0,,Flat,,,,,,Bright sun,2954600,1,0,0,4,,,0,,,,,,Otago Region,Nil,2-way,Sealed,,0,0,,30,,Null,0,0,,71,Dunedin City,Nil,,,,,0,0,Urban,0,,,Fine,Null
1932403,5606228,28872,,545721,0,0,0,1,0,North,2005/2006,BENNETT ROAD,SH 2,,Minor Crash,No,2006,0,South,0,0,0,Flat,0,,0,,0,Bright sun,1472000,1,0,1,2,0,0,0,0,1,,0,0,Hawke's Bay Region,Nil,2-way,Sealed,0,0,0,0,70,0,Null,0,0,,30,Hastings District,Nil,0,0,0,0,0,0,Urban,0,0,0,Fine,Null
1747003,5926113,28873,,513432,0,,0,2,,South,2006/2007,WISELEY ROAD,LIMEBURNERS CLOSE,,Minor Crash,No,2007,,South,,0,,Hill Road,,,,,,Dark,222901,1,0,0,2,,,0,,,,,,Auckland Region,Nil,2-way,Sealed,,0,0,,50,,On,0,0,,76,Auckland,Nil,,,,,0,0,Urban,0,,,Light rain,Null
1810419,5870203,28874,,533901,0,,0,1,,East,2005/2006,SH 2,SH 27,,Non-Injury Crash,Yes,2006,,West,,0,,Flat,,,,,,Bright sun,1069100,0,0,0,2,,,0,,,,,,Waikato Region,Nil,2-way,Sealed,,0,0,,100,,Null,0,0,,12,Hauraki District,Unknown,,,,,0,0,Open,1,,,Fine,Null
1745831,5428298,28875,,575000,0,,0,2,,Null,2005/2006,KARORI ROAD,NEWCOMBE CRESCENT,,Minor Crash,No,2006,,West,,0,,Flat,,,,,,Bright sun,2112300,2,0,0,2,,,0,,,,,,Wellington Region,Nil,2-way,Sealed,,0,0,,50,,Null,1,0,,47,Wellington City,Nil,,,,,0,0,Urban,0,,,Fine,Null
1747258,5919799,28876,,512300,0,,0,1,,Null,2005/2006,TE ATATU ROAD,TE ATATU OFF EBD S,,Serious Crash,No,2006,,North,,0,,Hill Road,,,,,,Dark,252000,1,0,1,2,,,0,,,,,,Auckland Region,Bridge,2-way,Sealed,,0,1,,50,,On,0,0,,76,Auckland,Give way,,,,,0,0,Urban,0,,,Fine,Null
1496857,5221322,28877,,587100,0,0,0,1,0,West,2005/2006,SH 73,BROKEN RIVER SKIFIELD,,Minor Crash,Yes,2006,0,South,0,0,0,Hill Road,0,,0,,0,Overcast,2461300,3,0,0,2,0,0,0,0,0,,0,0,Canterbury Region,Nil,2-way,Sealed,0,0,0,0,100,0,Null,0,0,,62,Selwyn District,Unknown,0,0,0,0,0,0,Open,0,0,1,Fine,Null
1752454,5927893,28878,,508412,0,0,0,3,0,North,2005/2006,WITHEFORD DRIVE,FERNLEA RISE,,Non-Injury Crash,No,2006,0,South,0,0,0,Hill Road,0,,0,,0,Dark,186004,0,0,0,2,0,0,0,0,1,,0,0,Auckland Region,Nil,2-way,Sealed,0,0,0,0,50,0,On,0,0,,76,Auckland,Nil,0,0,0,0,0,0,Urban,0,0,0,Fine,Null
1746297,5920181,28879,,512402,0,,0,3,,East,2005/2006,SH 16,LINCOLN OBR,,Non-Injury Crash,Yes,2006,,West,,0,,Flat,,,,,,Overcast,252100,0,0,0,3,,,0,,,,,,,Nil,1-way,Sealed,,0,0,,100,,Off,1,0,,76,Auckland,Unknown,,,,,0,0,Open,0,,,Heavy rain,Null
1770112,5910696,28880,,523113,0,,0,1,,Null,2006/2007,TE IRIRANGI DRIVE,HAVEN DRIVE,,Non-Injury Crash,No,2006,,North,,0,,Flat,,,,,,Dark,711718,0,0,0,3,,,0,,,,,,Auckland Region,Nil,2-way,Sealed,,0,0,,80,,On,1,0,,76,Auckland,Traffic Signals,,,,,0,0,Open,0,,,Fine,Null
1754462,5445013,28881,,570700,1,,0,1,,Null,2006/2007,PARUMOANA ST,NORRIE ST,,Minor Crash,No,2006,,North,,0,,Flat,,,,,,Bright sun,2037500,1,0,0,2,,,0,,,,,,Wellington Region,Nil,2-way,Sealed,,0,0,,50,,Null,0,0,,44,Porirua City,Give way,,,,,0,0,Urban,0,,,Fine,Null
1751418,5912763,28882,,514600,0,,0,2,,Null,2006/2007,BOLTON ST,TAYLOR ST,,Non-Injury Crash,No,2006,,South,,0,,Flat,,,,,,Overcast,371502,0,0,0,2,,,0,,,,,,Auckland Region,Nil,2-way,Sealed,,0,0,,50,,Off,0,0,,76,Auckland,Give way,,,,,0,0,Urban,0,,,Fine,Null
1892219,5783816,28883,,538820,0,,0,2,,North,2005/2006,SH 33,TAKINGA ST,,Non-Injury Crash,Yes,2006,,North,,0,,Flat,,,,,,Dark,1252400,0,0,0,2,,,0,,,,,,Bay of Plenty Region,Nil,2-way,Sealed,,0,0,,70,,On,0,0,,24,Rotorua District,Unknown,,,,,0,0,Urban,0,,,Fine,Null
1758266,5927665,28884,,508010,1,,0,1,,North,2006/2007,HURSTMERE ROAD,THE PROMENADE,,Non-Injury Crash,No,2006,,North,,0,,Flat,,,,,,Bright sun,326100,0,0,0,2,,,0,,,,,,Auckland Region,Nil,2-way,Sealed,,0,0,,50,,Off,0,0,,76,Auckland,Nil,,,,,0,0,Urban,0,,,Fine,Null
1804487,5814763,28885,,530600,0,,0,2,,North,2006/2007,CARRINGTON AVENUE,VESTY AVENUE,,Non-Injury Crash,No,2006,,South,,0,,Flat,,,,,,Bright sun,885000,0,0,0,2,,,0,,,,,,Waikato Region,Nil,2-way,Sealed,,0,0,,50,,Null,0,0,,16,Hamilton City,Unknown,,,,,0,0,Urban,0,,,Fine,Null
1295161,4828498,28886,,610080,0,0,0,1,0,East,2005/2006,HALDANE-CURIO BAY ROAD,WAIPOHATU ROAD,,Minor Crash,No,2006,0,West,1,0,0,Flat,0,,0,,0,Overcast,3097300,4,0,0,2,0,0,0,0,0,,0,0,Southland Region,Nil,2-way,Unsealed,0,0,0,0,100,0,Null,0,0,,73,Southland District,Unknown,0,0,0,0,0,0,Open,0,0,0,Fine,Null
1759376,5925769,28887,,508020,0,,0,1,,South,2005/2006,LAKE ROAD,ST LEONARDS ROAD,,Non-Injury Crash,No,2006,,South,,0,,Hill Road,,,,,,Bright sun,321900,0,0,0,1,,,0,,,,,,Auckland Region,Nil,2-way,Sealed,,0,0,,50,,Off,0,0,,76,Auckland,Nil,,,,,1,0,Urban,0,,,Fine,Null
1758930,5908591,28888,,524002,0,,0,2,,Null,2006/2007,MOUNTAIN ROAD,MILLER ROAD,,Minor Crash,No,2006,,South,,0,,Flat,,,,,,Dark,725400,1,0,0,2,,,0,,,,,,Auckland Region,Nil,2-way,Sealed,,0,0,,50,,On,0,0,,76,Auckland,Stop,,,,,0,0,Urban,0,,,Fine,Null
1774480,5576750,28889,,557000,0,,0,2,,Null,2005/2006,SH 3,HEADS ROAD,,Non-Injury Crash,Yes,2006,,West,,0,,Flat,,,,,,Bright sun,1727100,0,0,0,2,,,0,,,,,,Manawatū-Whanganui Region,Nil,2-way,Sealed,,0,0,,50,,Null,0,0,,37,Whanganui District,Give way,,,,,0,0,Urban,0,,,Fine,Null
1752926,5917551,28890,40,515003,0,,0,2,,Null,2006/2007,FONTENOY ST,PARKDALE ROAD,,Non-Injury Crash,No,2006,,West,,0,,Flat,,,,,,Bright sun,391300,0,0,0,2,,,0,,,,,,Auckland Region,Nil,2-way,Sealed,,0,0,,50,,Off,0,0,,76,Auckland,Stop,,,,,0,0,Urban,0,,,Fine,Null
1753678,5931262,28891,,508807,0,,0,2,,Null,2006/2007,SH 18,CARIBBEAN DRIVE,,Minor Crash,Yes,2006,,East,,0,,Flat,,,,,,Dark,180810,1,0,0,5,,,0,,,,,,Auckland Region,Nil,2-way,Sealed,,0,0,,80,,On,0,0,,76,Auckland,Traffic Signals,,,,,0,0,Open,0,,,Fine,Null
1569939,5181279,28892,,592401,0,,0,2,,Null,2006/2007,BEALEY AVENUE,PAPANUI ROAD,,Minor Crash,No,2006,,West,,0,,Flat,,,,,,Dark,2686403,1,0,0,4,,,0,,,,,,Canterbury Region,Nil,2-way,Sealed,,0,0,,50,,On,0,0,,60,Christchurch City,Traffic Signals,,,,,0,0,Urban,0,,,Fine,Null
1756310,5924366,28893,,509702,0,,0,2,,North,2005/2006,SH 1N,MT WGTN OFF SBD,,Non-Injury Crash,Yes,2006,,South,,0,,Flat,,,,,,Bright sun,366700,0,0,0,3,,,0,,,,,,Auckland Region,Nil,1-way,Sealed,,0,0,,100,,Off,0,0,,76,Auckland,Nil,,,,,0,0,Open,0,,,Fine,Null
1757695,5913775,28894,,518600,0,,0,2,,Null,2005/2006,PAH ROAD,OAK ST,,Non-Injury Crash,No,2006,,North,,0,,Flat,,,,,,Bright sun,567000,0,0,0,2,,,0,,,,,,Auckland Region,Nil,2-way,Sealed,,0,0,,50,,Off,0,0,,76,Auckland,Give way,,,,,0,0,Urban,0,,,Fine,Null
1736841,5929521,28895,,505602,0,,0,2,,West,2005/2006,SH 16,TRIGG ROAD,,Non-Injury Crash,Yes,2006,,East,,0,,Flat,,,,,,Dark,215908,0,0,0,2,,,0,,,,,,Auckland Region,Nil,2-way,Sealed,,0,0,,100,,None,0,0,,76,Auckland,Nil,,,,,0,0,Open,0,,,Light rain,Null
1768981,5881610,28896,,525910,0,,0,2,,South,2005/2006,EDINBURGH ST,STEMBRIDGE AVENUE,,Non-Injury Crash,No,2006,,North,,0,,Flat,,Easter,,,,Overcast,818400,0,0,0,2,,,0,,,,,,Auckland Region,Nil,2-way,Sealed,,0,0,,50,,Off,0,0,,76,Auckland,Nil,,,,,0,0,Urban,1,,,Fine,Null
1752041,5436947,28897,,573511,1,0,0,0,0,North,2006/2007,MIDDLETON ROAD,GLENSIDE ROAD,,Serious Crash,No,2006,0,North,0,0,0,Hill Road,0,,0,,0,Bright sun,2086203,0,0,0,2,0,0,0,0,1,,0,0,Wellington Region,Nil,2-way,Sealed,0,0,1,0,50,0,Null,1,0,,47,Wellington City,Nil,0,0,0,0,0,0,Urban,0,0,0,Fine,Strong wind
1813582,5454803,28898,,579502,0,0,0,1,0,East,2005/2006,CARTERTON GLADSTONE ROAD,RUTLAND ROAD,,Non-Injury Crash,No,2006,0,West,0,0,1,Flat,0,,0,,0,Overcast,2262000,0,0,0,1,0,0,0,0,0,,0,0,Wellington Region,Nil,2-way,Sealed,0,0,0,0,100,0,Null,0,0,,49,Carterton District,Unknown,0,0,0,0,0,0,Open,0,0,0,Heavy rain,Null
1769907,5909750,28899,,523113,0,,0,1,,South,2005/2006,TE IRIRANGI DRIVE,SMALES ROAD,,Minor Crash,No,2006,,North,,0,,Flat,,,,,,Bright sun,711813,1,0,0,2,,,0,,,,,,Auckland Region,Nil,1-way,Sealed,,0,0,,80,,Off,0,0,,76,Auckland,Nil,,,,,0,0,Open,1,,,Fine,Null
1756969,5918791,28900,,515600,0,,0,0,,Null,2006/2007,SYMONDS ST,KHYBER PASS ROAD,,Minor Crash,No,2006,,South,,0,,Flat,,,,,,Overcast,420600,2,0,1,3,,,0,,,,,,Auckland Region,Nil,2-way,Sealed,,0,0,,50,,Null,1,0,,76,Auckland,Give way,,,,,0,0,Urban,0,,,Fine,Null
1802413,5816086,28901,,530100,0,,0,2,,Null,2006/2007,PEACHGROVE ROAD,RUAKURA ROAD,,Non-Injury Crash,No,2006,,South,,0,,Flat,,,,,,Overcast,896001,0,0,0,3,,,0,,,,,,Waikato Region,Nil,2-way,Sealed,,0,0,,50,,Off,0,0,,16,Hamilton City,Traffic Signals,,,,,0,0,Urban,0,,,Heavy rain,Null
1705678,6071120,28902,,501620,0,0,0,1,0,East,2006/2007,SH 1N,BARNES ROAD,,Minor Crash,Yes,2007,0,West,1,0,0,Flat,0,Easter,0,,0,Overcast,46002,2,0,0,2,0,0,0,0,0,,0,0,Northland Region,Nil,2-way,Sealed,0,0,0,0,100,0,None,0,0,,1,Far North District,Nil,0,0,0,0,0,0,Open,0,0,0,Fine,Null
1754899,5930451,28903,,508520,0,,0,0,,North,2005/2006,SH 1N,SUNNYNOOK OBR,,Non-Injury Crash,Yes,2006,,South,,0,,Flat,,,,,,Overcast,192700,0,0,0,2,,,0,,,,,,Auckland Region,Nil,2-way,Sealed,,0,0,,100,,Off,0,0,,76,Auckland,Nil,,,,,1,0,Open,0,,,Light rain,Null
1760575,5433272,28904,,568800,0,,0,2,,Null,2006/2007,GRACEFIELD ROAD,BELL ROAD SOUTH,,Minor Crash,No,2006,,South,,0,,Flat,,,,,,Overcast,1980500,1,0,0,2,,,0,,,,,,Wellington Region,Nil,2-way,Sealed,,0,0,,50,,Null,0,0,,46,Lower Hutt City,Give way,,,,,0,0,Urban,0,,,Fine,Null
1843605,5671794,28905,,541501,0,0,0,0,0,North,2005/2006,SH 1N,SH 46,,Non-Injury Crash,Yes,2006,0,North,1,0,0,Flat,0,Easter,0,,0,Overcast,1288804,0,0,0,2,0,0,0,0,0,,0,0,Waikato Region,Nil,2-way,Sealed,0,0,0,0,100,0,Null,0,0,,21,Taupo District,Unknown,0,0,0,0,0,0,Open,1,0,0,Fine,Null
1763987,5912088,28906,,520500,0,,0,1,,Null,2006/2007,MOUNT WELLINGTON HIGHWAY,VESTEY DRIVE,,Non-Injury Crash,No,2006,,South,,0,,Flat,,,,,,Dark,637701,0,0,0,3,,,0,,,,,,Auckland Region,Nil,1-way,Sealed,,0,0,,50,,On,1,0,,76,Auckland,Nil,,,,,0,0,Urban,0,,,Light rain,Null
1765426,5913860,28907,,520602,0,,0,2,,Null,2005/2006,LAGOON DRIVE,CHURCH CRESCENT,,Non-Injury Crash,No,2006,,North,,0,,Flat,,,,,,Bright sun,629600,0,0,0,6,,,0,,,,,,Auckland Region,Nil,2-way,Sealed,,0,0,,60,,Off,0,0,,76,Auckland,Traffic Signals,,,,,0,0,Urban,0,,,Fine,Null
1763200,5911864,28908,,520500,0,,0,4,,East,2005/2006,SYLVIA PARK ROAD,GREAT SOUTH ROAD,,Non-Injury Crash,No,2006,,East,,0,,Flat,,,,,,Dark,637300,0,0,0,2,,,0,,,,,,Auckland Region,Nil,2-way,Sealed,,0,0,,50,,On,0,0,,76,Auckland,Nil,,,,,0,0,Urban,0,,,Fine,Null
1755381,5915033,28909,,518500,0,,0,2,,Null,2006/2007,DOMINION ROAD,KINGS ROAD,,Non-Injury Crash,No,2006,,North,,0,,Flat,,,,,,Overcast,560100,0,0,0,2,,,0,,,,,,Auckland Region,Nil,2-way,Sealed,,0,0,,50,,Off,0,0,,76,Auckland,Nil,,,,,0,0,Urban,0,,,Light rain,Null
1754004,5442448,28910,,572701,0,0,0,2,0,North,2005/2006,BELL ST,MEXTED TERRACE,,Non-Injury Crash,No,2006,0,South,0,0,0,Hill Road,0,,0,,0,Bright sun,1995900,0,0,0,2,0,0,0,0,1,,0,0,Wellington Region,Nil,2-way,Sealed,0,0,0,0,50,0,Null,0,0,,47,Wellington City,Nil,0,0,0,0,0,0,Urban,0,0,0,Fine,Null
1754520,5918358,28911,,515431,0,,0,3,,East,2005/2006,SH 16,ST LUKES OBR,,Non-Injury Crash,Yes,2006,,East,,0,,Flat,,,,,,Bright sun,406700,0,0,0,4,,,0,,,,,,Auckland Region,Nil,1-way,Sealed,,0,0,,80,,Off,0,0,,76,Auckland,Nil,,,,,0,0,Open,0,,,Fine,Null
1789776,5826029,28912,65,527916,0,,0,1,,South,2006/2007,NGARUAWAHIA ROAD,SAULBREY ROAD,,Non-Injury Crash,No,2006,,South,,0,,Flat,,,,,,Overcast,976102,0,0,0,2,,,0,,,,,,Waikato Region,Nil,2-way,Sealed,,0,0,,100,,None,0,0,,13,Waikato District,Nil,,,,,0,0,Open,0,,,Light rain,Null
1758678,5917627,28913,,516001,0,,0,2,,West,2006/2007,ST MARKS ROAD,MACMURRAY ROAD,,Non-Injury Crash,No,2006,,West,,0,,Flat,,,,,,Bright sun,491000,0,0,0,2,,,0,,,,,,Auckland Region,Nil,2-way,Sealed,,0,0,,50,,Off,0,0,,76,Auckland,Nil,,,,,0,0,Urban,0,,,Fine,Null
1751805,5917418,28914,,514900,0,,0,0,,South,2006/2007,GREAT NORTH ROAD,HERDMAN ST,,Minor Crash,No,2006,,South,,0,,Flat,,,,,,Overcast,386003,1,0,1,4,,,0,,,,,,Auckland Region,Nil,2-way,Sealed,,0,0,,50,,Off,1,0,,76,Auckland,Traffic Signals,,,,,0,0,Urban,0,,,Fine,Null
1866917,5713232,28915,,541720,0,,0,1,,Null,2005/2006,TONGARIRO ST,FERRY ROAD,,Non-Injury Crash,No,2006,,North,,0,,Flat,,,,,,Bright sun,1274300,0,0,0,4,,,0,,,,,,Waikato Region,Nil,2-way,Sealed,,0,0,,50,,Null,0,0,,21,Taupo District,Give way,,,,,0,0,Urban,1,,,Fine,Null
1801984,5820828,28916,,527122,0,,0,2,,East,2005/2006,PUKETAHA ROAD,GORDONTON ROAD,,Non-Injury Crash,No,2006,,West,,0,,Flat,,,,,,Twilight,953100,0,0,0,2,,,0,,,,,,Waikato Region,Nil,2-way,Sealed,,0,0,,100,,None,0,0,,13,Waikato District,Unknown,,,,,0,0,Open,0,,,Fine,Null
1757798,5920490,28917,,514103,0,0,0,1,0,Null,2006/2007,WATERLOO QUADRANT,PRINCES ST,,Minor Crash,No,2006,0,North,0,0,0,Flat,0,,1,,0,Dark,437200,1,0,0,2,0,0,0,0,0,1,0,0,Auckland Region,Nil,2-way,Sealed,0,0,0,0,50,0,On,0,0,,76,Auckland,Traffic Signals,0,0,0,0,0,0,Urban,0,0,0,Fine,Null
1776160,5881569,28918,,521160,0,,0,2,,West,2005/2006,MILL OFF NBD,SH 1N,,Non-Injury Crash,Yes,2006,,West,,0,,Flat,,,,,,Dark,827700,0,0,0,2,,,0,,,,,,Auckland Region,Nil,2-way,Sealed,,0,0,,70,,On,0,0,,76,Auckland,Nil,,,,,0,0,Urban,0,,,Light rain,Null
1839273,5841679,28919,,534800,0,0,0,1,1,South,2006/2007,MILLAR ST,EMA ST,,Non-Injury Crash,No,2006,0,North,0,0,0,Flat,0,,0,,0,Dark,1102600,0,0,0,2,0,0,0,0,0,,0,0,Waikato Region,Nil,2-way,Sealed,0,0,0,0,50,0,On,0,0,,15,Matamata-Piako District,Nil,0,0,0,1,0,0,Urban,0,0,0,Fine,Null
1874364,5823408,28920,,536513,0,0,0,0,0,Null,2005/2006,SH 2,MOFFAT ROAD,,Non-Injury Crash,Yes,2006,0,West,0,0,0,Flat,0,,0,,1,Dark,1190701,0,0,0,4,0,0,0,0,0,,0,0,Bay of Plenty Region,Nil,2-way,Sealed,0,0,0,0,50,0,On,0,0,,23,Tauranga City,Give way,0,0,0,0,0,0,Urban,1,0,0,Fine,Null
1598414,5451219,28921,,581833,0,0,0,1,0,Null,2005/2006,SWAMP ROAD,UMUKURI ROAD,,Non-Injury Crash,No,2006,0,South,0,0,1,Flat,0,Christmas New Year,0,,0,Bright sun,2368800,0,0,0,2,0,0,0,0,0,,0,0,Tasman Region,Nil,2-way,Sealed,0,0,0,0,100,0,Null,0,0,,51,Tasman District,Give way,0,0,0,0,0,0,Open,0,0,0,Fine,Null
1623373,5431153,28922,,582500,1,,0,1,,Null,2005/2006,HALIFAX ST,HAVEN ROAD,,Minor Crash,No,2006,,South,,0,,Flat,,,,,,Dark,2318900,1,0,0,2,,,0,,,,,,Nelson Region,Nil,2-way,Sealed,,0,0,,50,,On,0,0,,52,Nelson City,Give way,,,,,0,0,Urban,0,,,Light rain,Null
1881903,5772277,28923,,539800,0,,0,1,,Null,2006/2007,PUKEHANGI ROAD,HATHOR ST,,Minor Crash,No,2007,,North,,0,,Flat,,,,,,Overcast,1264512,1,0,0,2,,,0,,,1,,,Bay of Plenty Region,Nil,2-way,Sealed,,0,0,,50,,None,0,0,,24,Rotorua District,Give way,,,,,0,0,Urban,0,,,Fine,Null
1695662,5676963,28924,,552100,0,,0,2,,West,2005/2006,SH 3,DEVON ST EAST,,Minor Crash,Yes,2006,,East,,0,,Flat,,,,,,Bright sun,1599700,1,0,0,4,,,0,,,,,,Taranaki Region,Nil,2-way,Sealed,,0,0,,50,,Null,0,0,,33,New Plymouth District,Nil,,,,,0,0,Urban,0,,,Fine,Null