X,Y,OBJECTID,advisorySpeed,areaUnitID,bicycle,bridge,bus,carStationWagon,cliffBank,crashDirectionDescription,crashFinancialYear,crashLocation1,crashLocation2,crashRoadSideRoad,crashSeverity,crashSHDescription,crashYear,debris,directionRoleDescription,ditch,fatalCount,fence,flatHill,guardRail,holiday,houseOrBuilding,intersection,kerb,light,meshblockId,minorInjuryCount,moped,motorcycle,NumberOfLanes,objectThrownOrDropped,otherObject,otherVehicleType,overBank,parkedVehicle,pedestrian,phoneBoxEtc,postOrPole,region,roadCharacter,roadLane,roadSurface,roadworks,schoolBus,seriousInjuryCount,slipOrFlood,speedLimit,strayAnimal,streetLight,suv,taxi,temporarySpeedLimit,tlaId,tlaName,trafficControl,trafficIsland,trafficSign,train,tree,truck,unknownVehicleType,urban,vanOrUtility,vehicle,waterRiver,weatherA,weatherB
1764475,5912951,28925,,520500,0,0,0,2,0,Null,2006/2007,CARBINE ROAD,SOUTH-EASTERN HIGHWAY,,Minor Crash,No,2006,0,East,0,0,0,Flat,0,,0,,0,Dark,639100,2,0,0,5,0,0,0,0,0,,0,0,Auckland Region,Nil,2-way,Sealed,0,0,0,0,80,0,On,0,0,,76,Auckland,Traffic Signals,0,1,0,0,0,0,Open,0,0,0,Fine,Null
1764199,5438500,28926,,568202,0,,0,1,,Null,2006/2007,EASTERN HUTT ROAD,PETERKIN ST,,Minor Crash,No,2006,,North,,0,,Flat,,,,,,Twilight,1925900,1,0,1,2,,,0,,,,,,Wellington Region,Nil,2-way,Sealed,,0,0,,50,,Off,0,0,,46,Lower Hutt City,Give way,,,,,0,0,Urban,0,,,Fine,Null
1804172,5790696,28927,,531003,0,0,0,2,0,East,2005/2006,MAHOE ST,SELWYN LANE,,Non-Injury Crash,No,2006,0,South,0,0,0,Flat,0,,0,,0,Overcast,968302,0,0,0,2,0,0,0,0,1,,0,0,Waikato Region,Nil,2-way,Sealed,0,0,0,0,50,0,Null,0,0,,17,Waipa District,Unknown,0,0,0,0,0,0,Urban,1,0,0,Fine,Null
1882070,5775170,28928,,539100,0,0,0,1,0,West,2005/2006,ROSS ROAD,BROOKLAND ROAD,,Non-Injury Crash,No,2006,0,South,0,0,1,Flat,0,,0,,0,Bright sun,1218300,0,0,0,2,0,1,0,0,0,,0,0,Bay of Plenty Region,Nil,2-way,Sealed,0,0,0,0,50,0,Null,0,0,,24,Rotorua District,Unknown,0,0,0,0,0,0,Urban,0,0,0,Fine,Null
1753277,5935213,28929,,508704,1,,0,0,,Null,2005/2006,MEDALLION DRIVE,OTEHA VALLEY ROAD,,Non-Injury Crash,No,2006,,East,,0,,Flat,,,,,,Bright sun,179111,0,0,0,4,,,0,,,,,,Auckland Region,Nil,2-way,Sealed,,0,0,,50,,Off,0,0,,76,Auckland,Give way,,,,,0,0,Urban,1,,,Fine,Null
1789044,5829483,28930,,528200,0,0,0,1,0,North,2006/2007,HAKARIMATA ROAD,VIEW TERRACE,,Non-Injury Crash,No,2006,0,North,0,0,0,Flat,0,,0,,0,Bright sun,855400,0,0,0,2,0,0,0,0,0,,0,1,Waikato Region,Nil,2-way,Sealed,0,0,0,0,50,0,Null,0,0,,13,Waikato District,Nil,0,0,0,0,0,0,Urban,0,0,0,Fine,Null
1797070,5819557,28931,,528403,0,,0,2,,Null,2005/2006,TE RAPA ROAD,WAIRERE DRIVE,,Non-Injury Crash,No,2006,,North,,0,,Flat,,,,,,Overcast,907500,0,0,0,2,,,0,,,,,,Waikato Region,Nil,2-way,Sealed,,0,0,,60,,Null,0,0,,16,Hamilton City,Give way,,,,,0,0,Urban,0,,,Fine,Null
1768190,5880866,28932,,525921,0,,0,0,,Null,2006/2007,HELVETIA ROAD,WEST STREET,,Non-Injury Crash,No,2006,,East,,0,,Flat,,,,,,Bright sun,821001,0,0,0,2,,,0,,,,,,Auckland Region,Nil,2-way,Sealed,,0,0,,50,,Off,0,0,,76,Auckland,Give way,,,,,0,0,Urban,2,,,Fine,Null
1728364,5939617,28933,,506644,0,,0,0,,North,2005/2006,SH 16,RIMMER ROAD,,Non-Injury Crash,Yes,2006,,North,,0,,Flat,,,,,,Twilight,211002,0,0,0,2,,,0,,,,,,Auckland Region,Nil,2-way,Sealed,,0,0,,100,,Off,1,0,,76,Auckland,Nil,,,,,1,0,Open,0,,,Fine,Null
1884816,5773413,28934,,540420,0,,0,1,,East,2005/2006,Z CPK THE WARHOUSE,RANOLF ST,,Minor Crash,No,2006,,West,,0,,Flat,,,,,,Dark,1236500,1,0,0,2,,,0,,,,,,Bay of Plenty Region,Nil,Off road,Sealed,,0,0,,50,,On,0,0,,24,Rotorua District,Nil,,,,,0,0,Urban,1,,,Fine,Null
1755835,5875769,28935,,526106,0,0,0,1,0,East,2006/2007,MASTERS ROAD,WAIUKU ROAD,,Minor Crash,No,2006,0,West,0,0,1,Flat,0,,0,,0,Dark,833102,1,0,0,2,0,0,0,1,0,,0,0,Waikato Region,Nil,2-way,Sealed,0,0,0,0,50,0,None,0,0,,13,Waikato District,Unknown,0,0,0,0,0,0,Urban,0,0,0,Heavy rain,Null
1768433,5901491,28936,,524901,0,,0,1,,North,2005/2006,GREAT SOUTH ROAD,CORIN AVENUE,,Non-Injury Crash,No,2006,,North,,0,,Flat,,,,,,Dark,756100,0,0,0,2,,,0,,,,,,Auckland Region,Nil,2-way,Sealed,,0,0,,50,,On,0,0,,76,Auckland,Nil,,,,,0,0,Urban,1,,,Light rain,Null
1798962,5818625,28937,,528310,0,,0,1,,Null,2007/2008,BRAID ROAD,TAYLOR TERRACE,,Minor Crash,No,2007,,West,,0,,Flat,,,,,,Bright sun,898700,1,0,0,2,,,0,,,,,,Waikato Region,Nil,2-way,Sealed,,0,0,,50,,Null,0,0,,16,Hamilton City,Give way,,,,,0,0,Urban,1,,,Fine,Null
1407502,4919185,28938,,603300,0,,0,1,,North,2006/2007,NORTH ROAD,CHACOMBE AVENUE,,Minor Crash,No,2006,,North,,0,,Flat,,,,,,Bright sun,2873602,1,0,1,2,,,0,,,,,,Otago Region,Nil,2-way,Sealed,,0,0,,50,,Null,0,0,,71,Dunedin City,School Patrol/warden,,,,,0,0,Urban,0,,,Fine,Null
1884395,5774867,28939,,540300,0,0,0,1,0,West,2006/2007,LAKE ROAD,RANOLF ST,,Non-Injury Crash,No,2006,0,West,0,0,0,Flat,0,,0,,1,Dark,1231500,0,0,0,2,0,0,0,0,0,,0,0,Bay of Plenty Region,Nil,2-way,Sealed,0,0,0,0,50,0,On,0,0,,24,Rotorua District,Unknown,0,0,0,0,0,0,Urban,0,0,0,Fine,Null
1939398,5788094,28940,,542530,0,0,0,2,0,South,2005/2006,SH 2,MELVILLE ROAD,,Non-Injury Crash,Yes,2006,0,North,0,0,0,Flat,0,,0,,0,Overcast,1300901,0,0,0,2,0,0,0,0,0,,0,1,Bay of Plenty Region,Nil,2-way,Sealed,0,0,0,0,100,0,Null,0,0,,25,Whakatane District,Unknown,0,0,0,0,0,0,Open,0,0,0,Light rain,Null
1677843,6113236,28941,,500402,0,,0,0,,East,2005/2006,SH 10,MATAURI BAY ROAD,,Non-Injury Crash,Yes,2006,,East,,0,,Flat,,,,,,Bright sun,20401,0,0,0,2,,,0,,,,,,Northland Region,Nil,2-way,Sealed,,0,0,,100,,Off,0,0,,1,Far North District,Nil,,,,,1,0,Open,1,,,Fine,Null
1750199,5929450,28942,,509100,0,0,1,1,0,Null,2006/2007,ORWELL ROAD,KYLE ROAD,,Non-Injury Crash,No,2006,0,West,0,0,0,Flat,0,,0,,0,Overcast,181104,0,0,0,2,0,0,0,0,1,,0,0,Auckland Region,Nil,2-way,Sealed,0,0,0,0,50,0,Off,0,0,,76,Auckland,Nil,0,0,0,0,0,0,Urban,0,0,0,Light rain,Null
1756173,5933056,28943,,507300,0,,0,2,,Null,2005/2006,BEACH ROAD,SUNRISE AVENUE,,Non-Injury Crash,No,2006,,North,,0,,Flat,,,,,,Bright sun,153700,0,0,0,2,,,0,,,,,,Auckland Region,Nil,2-way,Sealed,,0,0,,50,,Null,0,0,,76,Auckland,Give way,,,,,0,0,Urban,0,,,Fine,Null
1759330,5916600,28944,,516001,0,,0,2,,South,2005/2006,SH 1N,MARKET OBR,,Non-Injury Crash,Yes,2006,,South,,0,,Flat,,,,,,Bright sun,491700,0,0,0,6,,,0,,,,,,Auckland Region,Nil,2-way,Sealed,,0,0,,100,,Off,1,0,,76,Auckland,Nil,,,,,0,0,Open,0,,,Fine,Null
1845322,5855741,28945,,534200,0,,0,1,,Null,2005/2006,SH 2,OLD WAITEKAURI ROAD,,Non-Injury Crash,Yes,2006,,South,,0,,Flat,,,,,,Overcast,1085000,0,0,0,2,,,0,,,,,,Waikato Region,Nil,2-way,Sealed,,0,0,,80,,Null,0,0,,12,Hauraki District,Stop,,,,,0,0,Open,1,,,Mist or Fog,Null
1860022,5712765,28946,,541335,0,0,0,0,1,South,2006/2007,MAPARA ROAD,TUKAIRANGI ROAD,,Minor Crash,No,2006,0,North,0,0,0,Hill Road,0,,0,,0,Dark,1279108,1,0,0,2,0,0,0,0,0,,0,0,Waikato Region,Nil,2-way,Sealed,0,0,0,0,100,0,None,1,0,,21,Taupo District,Unknown,0,0,0,0,0,0,Open,0,0,0,Fine,Null
1763915,5886624,28947,,521122,0,,0,2,,East,2005/2006,GLENBROOK ROAD,BATTY ROAD,,Minor Crash,No,2006,,West,,0,,Hill Road,,Easter,,,,Dark,809900,1,0,0,1,,,0,,,,,,Auckland Region,Nil,2-way,Sealed,,0,0,,100,,None,0,0,,76,Auckland,Nil,,,,,0,0,Open,0,,,Light rain,Null
1856280,5803468,28948,,535231,0,0,0,1,0,South,2005/2006,SH 29,RAPURAPU ROAD,,Non-Injury Crash,Yes,2006,0,West,0,0,1,Hill Road,0,,0,,0,Dark,1114500,0,0,0,3,0,0,0,0,0,,0,0,Waikato Region,Nil,2-way,Sealed,0,0,0,0,100,0,None,0,0,,15,Matamata-Piako District,Unknown,0,0,0,0,0,0,Open,0,0,0,Fine,Null
1755590,5918276,28949,,517500,0,,0,2,,West,2006/2007,SH 16,BOND OBR,,Minor Crash,Yes,2007,,West,,0,,Flat,,,,,,Bright sun,529700,3,0,0,4,,,0,,,,,,Auckland Region,Nil,1-way,Sealed,,0,0,,100,,Off,0,0,,76,Auckland,Nil,,,,,0,0,Open,0,,,Fine,Null
1744015,5919608,28950,,513302,0,,0,2,,East,2005/2006,UNIVERSAL DRIVE,SWANSON ROAD,,Minor Crash,No,2006,,East,,0,,Flat,,,,,,Dark,234000,2,0,0,2,,,0,,,,,,Auckland Region,Nil,1-way,Sealed,,0,0,,50,,On,0,0,,76,Auckland,Nil,,,,,0,0,Urban,0,,,Fine,Null
1801654,5812976,28951,,530400,0,,0,1,,East,2006/2007,BADER ST,MONTGOMERY CRESCENT,,Non-Injury Crash,No,2006,,West,,0,,Flat,,,,,,Overcast,922600,0,0,1,2,,,0,,,,,,Waikato Region,Nil,2-way,Sealed,,0,0,,50,,Off,0,0,,16,Hamilton City,Nil,,,,,0,0,Urban,0,,,Fine,Null
1757552,5918500,28952,,518101,0,,0,2,,North,2005/2006,SH 1N,KHYBER PASS OFF NBD,,Non-Injury Crash,Yes,2006,,North,,0,,Flat,,,,,,Overcast,542700,0,0,0,4,,,0,,,,,,Auckland Region,Nil,1-way,Sealed,,0,0,,80,,Off,1,0,,76,Auckland,Nil,,,,,1,0,Open,0,,,Fine,Null
1558452,5182426,28953,,587902,0,,0,2,,West,2006/2007,OLD WEST COAST ROAD,SH 73,,Minor Crash,No,2006,,East,,0,,Flat,,,,,,Bright sun,2494300,2,0,0,2,,,0,,,,,,Canterbury Region,Nil,2-way,Sealed,,0,0,,100,,Null,0,0,,60,Christchurch City,Nil,,,,,0,0,Open,0,,,Fine,Null
1570749,5181852,28954,,592402,0,,0,1,,Null,2006/2007,CANON ST,CANON,,Serious Crash,No,2006,,West,,0,,Flat,,,,,,Overcast,2688400,0,0,0,2,,,0,,,,,,Canterbury Region,Nil,2-way,Sealed,,0,1,,50,,Null,0,0,,60,Christchurch City,Stop,,,,,1,0,Urban,0,,,Fine,Null
1763987,5912088,28955,,520500,0,,0,2,,Null,2006/2007,MOUNT WELLINGTON HIGHWAY,CLEMOW DRIVE,,Non-Injury Crash,No,2006,,South,,0,,Flat,,,,,,Twilight,637701,0,0,0,4,,,0,,,,,,Auckland Region,Nil,2-way,Sealed,,0,0,,50,,Off,0,0,,76,Auckland,Give way,,,,,0,0,Urban,0,,,Fine,Null
1798780,5820445,28956,,529401,0,,0,2,,Null,2005/2006,WAIRERE DRIVE,RIVER ROAD,,Non-Injury Crash,No,2006,,East,,0,,Flat,,,,,,Bright sun,952107,0,0,0,2,,,0,,,,,,Waikato Region,Nil,2-way,Sealed,,0,0,,50,,Null,0,0,,16,Hamilton City,Give way,,,,,0,0,Urban,0,,,Fine,Null
1847224,5911878,28957,,533200,0,1,0,2,0,North,2005/2006,HOT WATER BEACH ROAD,SH 25,,Minor Crash,No,2006,0,South,0,0,0,Flat,0,,0,,0,Bright sun,1048001,2,0,0,1,0,0,0,0,0,,0,0,Waikato Region,Bridge,1-way,Sealed,0,0,0,0,100,0,Null,0,0,,11,Thames-Coromandel District,Give way,0,0,0,0,0,0,Open,0,0,0,Fine,Null
1406241,4916469,28958,,602900,0,,0,4,,North,2006/2007,SH 1S CRAWFORD,QUEENS GARDENS S,,Minor Crash,Yes,2006,,North,,0,,Flat,,,,,,Bright sun,2895400,2,0,0,3,,,0,,,,,,Otago Region,Nil,1-way,Sealed,,0,0,,50,,Null,0,0,,71,Dunedin City,Unknown,,,,,0,0,Urban,0,,,Fine,Null
1297911,4999950,28959,,608302,0,,0,2,,North,2006/2007,BANNOCKBURN ROAD,LAWRENCE ST,,Minor Crash,No,2006,,North,,0,,Hill Road,,,,,,Overcast,3031800,2,0,0,2,,,0,,,,,,Otago Region,Nil,2-way,Sealed,,0,0,,50,,Null,0,0,,69,Central Otago District,Nil,,,,,0,0,Urban,0,,,Light rain,Null
1976311,5778225,28960,,542906,0,0,0,1,0,South,2005/2006,SH 2,OMOKO BR,,Non-Injury Crash,Yes,2006,0,South,1,0,0,Flat,0,,0,,0,Dark,1337000,0,0,0,2,0,0,0,0,0,,0,0,Bay of Plenty Region,Nil,2-way,Sealed,0,0,0,0,100,0,None,0,0,,27,Ōpōtiki District,Unknown,0,0,0,0,0,0,Open,0,0,0,Fine,Null
1755512,5944322,28961,,505908,0,,0,1,,North,2005/2006,WHANGAPARAOA ROAD,KAREPIRO DRIVE,,Non-Injury Crash,No,2006,,North,,0,,Hill Road,,,,,,Dark,173605,0,0,0,2,,,0,,,,,,Auckland Region,Nil,2-way,Sealed,,0,0,,50,,On,1,0,,76,Auckland,Nil,,,,,0,0,Urban,0,,,Fine,Null
1755747,5928567,28962,,508510,0,,0,3,,South,2006/2007,SH 1N,TRISTRAM OBR,,Minor Crash,Yes,2006,,South,,0,,Flat,,,,,,Overcast,195700,2,0,0,3,,,0,,,,,,Auckland Region,Nil,1-way,Sealed,,0,0,,100,,Off,0,0,,76,Auckland,Nil,,,,,0,0,Open,0,,,Heavy rain,Null
1741888,5918378,28963,,513214,0,0,0,1,0,North,2006/2007,HETHERINGTON ROAD,KELLETT ROAD,,Non-Injury Crash,No,2006,0,North,1,0,0,Flat,0,,0,,0,Dark,238502,0,0,0,2,0,0,0,0,0,,0,0,Auckland Region,Nil,2-way,Sealed,0,0,0,0,50,0,On,0,0,,76,Auckland,Nil,0,0,0,0,0,0,Urban,0,0,0,Light rain,Null
1948003,5790748,28964,,542422,0,,0,1,,South,2006/2007,AWATAPU DRIVE,RIVERSIDE DRIVE,,Minor Crash,No,2006,,North,,0,,Flat,,,,,,Bright sun,1313601,1,0,0,2,,,0,,,,,,Bay of Plenty Region,Nil,2-way,Sealed,,0,0,,50,,Off,0,0,,25,Whakatane District,Nil,,,,,0,0,Urban,0,,,Fine,Null
1765555,5913251,28965,,522920,0,0,0,2,0,West,2005/2006,PAKURANGA HIGHWAY,TI RAKAU DRIVE,,Minor Crash,No,2006,0,West,0,0,0,Flat,1,,0,,0,Overcast,683000,1,0,0,2,0,0,0,0,0,,0,0,,Bridge,2-way,Sealed,0,0,0,0,80,0,Off,0,0,,76,Auckland,Nil,0,0,0,0,0,0,Open,0,0,0,Fine,Null
1875747,5823848,28966,,537301,0,0,0,0,0,West,2005/2006,MILLERS ROAD,WARWICK PLACE,,Non-Injury Crash,No,2006,0,West,0,0,1,Hill Road,0,,0,,0,Overcast,1160700,0,0,0,2,0,0,0,0,0,,0,0,Bay of Plenty Region,Nil,2-way,Sealed,0,0,0,0,50,0,Null,0,0,,23,Tauranga City,Unknown,0,0,0,0,1,0,Urban,0,0,0,Fine,Null
1750543,5914562,28967,,514402,0,,0,0,,East,2006/2007,GREAT NORTH ROAD,PORTAGE ROAD,,Minor Crash,No,2006,,South,,0,,Flat,,,,,,Dark,381301,1,1,0,2,,,0,,,,,,,Nil,2-way,Sealed,,0,0,,50,,On,1,0,,76,Auckland,Unknown,,,,,0,0,Urban,0,,,Fine,Null
1766192,5906649,28968,,522302,0,0,0,2,0,North,2005/2006,HUIA ROAD,TUI ROAD,,Minor Crash,No,2006,0,South,0,0,0,Flat,0,,0,,0,Bright sun,668400,1,0,0,2,0,0,0,0,1,,0,1,Auckland Region,Nil,2-way,Sealed,0,0,0,0,50,0,Off,0,0,,76,Auckland,Nil,0,0,0,0,0,0,Urban,0,0,0,Fine,Null
1927228,5607609,28969,,548400,0,0,0,2,0,South,2006/2007,WILSON ROAD,OMAHU ROAD,,Minor Crash,No,2006,0,North,0,0,0,Flat,0,,0,,0,Overcast,1473400,1,0,0,2,0,0,0,0,1,,0,0,Hawke's Bay Region,Nil,2-way,Sealed,0,0,0,0,50,0,Null,0,0,,30,Hastings District,Nil,0,0,0,0,0,0,Urban,0,0,0,Fine,Null
1884891,5825519,28970,,536831,0,,0,1,,Null,2006/2007,GIRVEN ROAD,HAWEA ST,,Non-Injury Crash,No,2006,,East,,0,,Flat,,,,,,Bright sun,1202500,0,0,0,2,,,0,,,,,,Bay of Plenty Region,Nil,2-way,Sealed,,0,0,,50,,Off,0,0,,23,Tauranga City,Traffic Signals,,,,,0,0,Urban,1,,,Fine,Null
1743168,5913018,28971,,512902,0,,0,1,,North,2005/2006,KELLYS ROAD,WEST COAST ROAD,,Serious Crash,No,2006,,North,,0,,Hill Road,,,,,,Overcast,278902,0,0,1,1,,,0,,,,,,Auckland Region,Nil,2-way,Sealed,,0,1,,70,,Off,0,0,,76,Auckland,Nil,,,,,0,0,Urban,0,,,Fine,Null
1457390,5083386,28972,,599200,0,,0,1,,Null,2005/2006,WAI-ITI ROAD,MORGANS ROAD,,Serious Crash,No,2006,,East,,0,,Flat,,,,,,Dark,2775600,0,0,1,2,,,0,,,,,,Canterbury Region,Nil,2-way,Sealed,,0,1,,50,,On,0,0,,64,Timaru District,Give way,,,,,0,0,Urban,0,,,Fine,Null
1755621,5937192,28973,,506903,0,0,0,1,0,South,2005/2006,MARINA ROAD,STREDWICK DRIVE,,Non-Injury Crash,No,2006,0,South,0,0,1,Hill Road,0,,0,,0,Dark,168100,0,0,0,2,0,0,0,0,0,,0,0,Auckland Region,Nil,2-way,Sealed,0,0,0,0,50,0,On,0,0,,76,Auckland,Nil,0,0,0,0,0,0,Urban,0,0,0,Fine,Null
1754148,5919833,28974,,515100,0,,0,0,,Null,2005/2006,LIVINGSTONE ST,KINGSLEY ST,,Minor Crash,No,2006,,West,,0,,Flat,,Easter,,,,Dark,401000,1,1,0,2,,,0,,,,,,Auckland Region,Nil,2-way,Sealed,,0,0,,50,,On,0,0,,76,Auckland,Stop,,,,,0,0,Urban,1,,,Fine,Null
1753635,5929098,28975,,508411,0,,0,2,,North,2005/2006,GLENFIELD ROAD,JAMES ST S,,Non-Injury Crash,No,2006,,North,,0,,Flat,,,,,,Bright sun,184000,0,0,0,2,,,0,,,,,,Auckland Region,Nil,2-way,Sealed,,0,0,,50,,Null,0,0,,76,Auckland,Unknown,,,,,0,0,Urban,0,,,Fine,Null
2009201,5668137,28976,,545303,0,0,0,0,0,West,2006/2007,SH 2,CHRISTIES LANE,,Serious Crash,Yes,2007,0,East,1,0,1,Flat,0,,0,,0,Dark,1399000,0,0,0,2,0,0,0,0,0,,0,0,Hawke's Bay Region,Nil,2-way,Sealed,0,0,1,0,100,0,None,0,0,,29,Wairoa District,Nil,0,0,0,0,1,0,Open,0,0,0,Light rain,Null
1766903,5908191,28977,,523501,0,,0,1,,North,2006/2007,ALEXANDER CRESCENT,BLAIR PLACE,,Minor Crash,No,2006,,North,,0,,Flat,,Christmas New Year,,,,Overcast,700601,1,0,0,2,,,0,,,,,,Auckland Region,Nil,2-way,Sealed,,0,0,,50,,Off,0,0,,76,Auckland,Nil,,,,,0,0,Urban,1,,,Fine,Null
1753220,5914724,28978,,514500,0,,0,3,,South,2005/2006,RICHARDSON ROAD,STODDARD ROAD,,Non-Injury Crash,No,2006,,South,,0,,Hill Road,,,,,,Bright sun,377302,0,0,0,2,,,0,,,,,,Auckland Region,Nil,2-way,Sealed,,0,0,,50,,Off,0,0,,76,Auckland,Nil,,,,,0,0,Urban,0,,,Fine,Null
1802498,5814993,28979,,530200,0,,0,2,,Null,2006/2007,CLYDE ST,PEACHGROVE ROAD,,Non-Injury Crash,No,2006,,South,,0,,Flat,,,,,,Bright sun,893300,0,0,0,2,,,0,,,,,,Waikato Region,Nil,2-way,Sealed,,0,0,,50,,Off,0,0,,16,Hamilton City,Traffic Signals,,,,,0,0,Urban,0,,,Fine,Null
1766106,5904549,28980,,524603,0,0,0,3,0,East,2005/2006,CAVENDISH DRIVE,GRAYSON AVENUE,,Non-Injury Crash,No,2006,0,East,0,0,0,Flat,0,,0,,0,Bright sun,674500,0,0,0,2,0,0,0,0,0,,0,0,Auckland Region,Nil,2-way,Sealed,0,0,0,0,50,0,Off,0,0,,76,Auckland,Nil,0,0,0,0,0,0,Urban,0,1,0,Fine,Null
1721560,6002725,28981,,504700,0,,0,1,,West,2005/2006,SH 12,WHAKA ST,,Fatal Crash,Yes,2006,,East,,1,,Flat,,,,,,Dark,131700,0,0,0,2,,,0,,,1,,,Northland Region,Nil,2-way,Sealed,,0,0,,100,,None,0,0,,3,Kaipara District,Nil,,,,,0,0,Open,0,,,Fine,Null
1776933,5733603,28982,,531800,0,0,0,1,0,East,2005/2006,KAITARINGA ROAD,WAITAHI ROAD,,Non-Injury Crash,No,2006,0,South,0,0,1,Flat,0,,0,,0,Dark,1018402,0,0,0,2,0,0,0,0,0,,0,0,Waikato Region,Nil,2-way,Unsealed,0,0,0,0,100,0,None,0,0,,20,Waitomo District,Unknown,0,0,0,0,0,0,Open,0,0,0,Fine,Null
1751945,5913885,28983,,514402,0,0,0,2,0,East,2005/2006,HOLBROOK ST,HERTFORD ST,,Non-Injury Crash,No,2006,0,South,0,0,0,Flat,0,,0,,0,Bright sun,378902,0,0,0,2,0,0,0,0,1,,0,0,Auckland Region,Nil,2-way,Sealed,0,0,0,0,50,0,None,0,0,,76,Auckland,Nil,0,0,0,0,0,0,Urban,0,0,0,Fine,Null
1772844,5892091,28984,,521301,0,0,0,1,0,North,2006/2007,SH 1N,DRURY OFF NBD,,Minor Crash,Yes,2006,0,North,1,0,0,Flat,0,,0,,0,Dark,808702,2,0,0,2,0,0,0,0,0,,0,0,Auckland Region,Nil,1-way,Sealed,0,0,0,0,100,0,On,0,0,,76,Auckland,Nil,0,0,0,0,0,0,Open,0,0,0,Fine,Null
1623385,6113266,28985,,500301,0,,0,2,,Null,2005/2006,PUKEPOTO ROAD,REDAN ROAD,,Minor Crash,No,2006,,North,,0,,Flat,,,,,,Bright sun,15300,1,0,0,2,,,0,,,,,,Northland Region,Nil,2-way,Sealed,,0,0,,50,,Off,0,0,,1,Far North District,Nil,,,,,0,0,Urban,0,,,Fine,Null
1762203,5913613,28986,,520500,0,,0,4,,South,2006/2007,SH 1N,PENROSE OBR,,Non-Injury Crash,Yes,2007,,North,,0,,Flat,,,,,,Bright sun,637100,0,0,0,3,,,0,,,,,,Auckland Region,Nil,1-way,Sealed,,0,0,,100,,Off,0,0,,76,Auckland,Nil,,,,,0,0,Open,0,,,Fine,Null
1899077,5811704,28987,50,536653,0,0,0,0,0,Null,2006/2007,MAKETU ROAD,TE TUMU ROAD,,Non-Injury Crash,No,2006,0,South,0,0,0,Flat,0,,0,,0,Bright sun,1209502,0,0,0,2,0,0,0,0,0,,0,1,Bay of Plenty Region,Rail xing,2-way,Sealed,0,0,0,0,100,0,Off,1,0,,22,Western Bay of Plenty District,Nil,0,0,0,0,0,0,Open,0,0,0,Fine,Null
1797077,5819568,28988,,528403,0,0,0,1,0,Null,2006/2007,TE RAPA ROAD,WAIRERE DRIVE,,Non-Injury Crash,No,2006,0,East,0,0,0,Flat,0,,0,,0,Bright sun,907401,0,0,0,2,0,0,0,0,0,,0,0,Waikato Region,Nil,2-way,Sealed,0,0,0,0,60,0,Null,0,0,,16,Hamilton City,Give way,1,1,0,0,0,0,Urban,0,0,0,Fine,Null
1861947,5807969,28989,,536630,0,0,0,1,0,South,2006/2007,SH 29,OLD KAIMAI ROAD N,,Non-Injury Crash,Yes,2006,0,East,0,0,1,Hill Road,0,,0,,0,Bright sun,1191900,0,0,0,4,0,0,0,1,0,,0,0,Bay of Plenty Region,Nil,2-way,Sealed,0,0,0,0,100,0,None,0,0,,22,Western Bay of Plenty District,Nil,0,0,0,0,0,0,Open,0,0,0,Fine,Null
1793025,5505240,28990,,564021,0,0,0,1,0,North,2006/2007,SH 1N,KAWIU ROAD,,Minor Crash,Yes,2006,0,North,1,0,1,Flat,0,,0,,0,Overcast,1854901,2,0,0,2,0,0,0,0,0,,0,0,Manawatū-Whanganui Region,Nil,2-way,Sealed,0,0,0,0,100,0,Null,0,0,,42,Horowhenua District,Nil,0,0,0,0,0,0,Open,0,0,0,Fine,Null
1793582,5825352,28991,,527916,0,,0,2,,South,2005/2006,GREAT SOUTH ROAD,HOROTIU ROAD,,Non-Injury Crash,No,2006,,South,,0,,Flat,,,,,,Dark,975801,0,0,0,2,,,0,,,,,,Waikato Region,Nil,2-way,Sealed,,0,0,,80,,On,0,0,,13,Waikato District,Give way,,,,,0,0,Open,0,,,Fine,Null
1747720,5919433,28992,,512402,0,0,0,1,0,East,2006/2007,SH 16,TE ATATU OBR,,Non-Injury Crash,Yes,2006,1,West,0,0,0,Flat,0,,0,,0,Bright sun,253700,0,0,0,3,0,0,0,0,0,,0,0,,Nil,1-way,Sealed,0,0,0,0,100,0,None,0,0,,76,Auckland,Nil,0,0,0,0,0,0,Open,0,0,0,Fine,Null
1565465,5183787,28993,,588800,0,,0,2,,Null,2005/2006,KENDAL AVENUE,CRANBROOK AVENUE,,Minor Crash,No,2006,,North,,0,,Flat,,,,,,Overcast,2519800,1,0,0,2,,,0,,,,,,Canterbury Region,Nil,2-way,Sealed,,0,0,,50,,Null,0,0,,60,Christchurch City,Give way,,,,,0,0,Urban,0,,,Fine,Null
1798673,5814005,28994,,528900,0,,0,2,,Null,2006/2007,HIGGINS ROAD,CHARLIES WAY,,Non-Injury Crash,No,2006,,South,,0,,Flat,,,,,,Bright sun,916401,0,0,0,2,,,0,,,,,,Waikato Region,Nil,2-way,Sealed,,0,0,,50,,Off,0,0,,16,Hamilton City,Give way,,,,,0,0,Urban,0,,,Fine,Null
1748915,5936324,28995,,506300,0,0,0,0,0,East,2005/2006,FOLEY QUARRY ROAD,DAIRY FLAT HIGHWAY,,Serious Crash,No,2006,0,West,0,0,0,Hill Road,0,Easter,0,,0,Dark,176003,0,0,0,2,0,0,0,0,0,,0,1,Auckland Region,Nil,2-way,Sealed,0,0,1,0,100,0,None,0,0,,76,Auckland,Nil,0,0,0,0,0,0,Open,1,0,0,Fine,Null