X,Y,OBJECTID,advisorySpeed,areaUnitID,bicycle,bridge,bus,carStationWagon,cliffBank,crashDirectionDescription,crashFinancialYear,crashLocation1,crashLocation2,crashRoadSideRoad,crashSeverity,crashSHDescription,crashYear,debris,directionRoleDescription,ditch,fatalCount,fence,flatHill,guardRail,holiday,houseOrBuilding,intersection,kerb,light,meshblockId,minorInjuryCount,moped,motorcycle,NumberOfLanes,objectThrownOrDropped,otherObject,otherVehicleType,overBank,parkedVehicle,pedestrian,phoneBoxEtc,postOrPole,region,roadCharacter,roadLane,roadSurface,roadworks,schoolBus,seriousInjuryCount,slipOrFlood,speedLimit,strayAnimal,streetLight,suv,taxi,temporarySpeedLimit,tlaId,tlaName,trafficControl,trafficIsland,trafficSign,train,tree,truck,unknownVehicleType,urban,vanOrUtility,vehicle,waterRiver,weatherA,weatherB
1568476,5178449,28996,,594800,0,,0,3,,South,2005/2006,BARRINGTON ST,LINCOLN ROAD,,Serious Crash,No,2006,,North,,0,,Flat,,,,,,Bright sun,2642300,1,0,0,4,,,0,,,,,,Canterbury Region,Nil,2-way,Sealed,,0,1,,50,,Null,0,0,,60,Christchurch City,Unknown,,,,,0,0,Urban,0,,,Fine,Null
1755129,5918285,28997,,515500,0,,0,2,,West,2005/2006,SH 16,NEWTON OFF EBD,,Non-Injury Crash,Yes,2006,,East,,0,,Flat,,,,,,Bright sun,418800,0,0,0,4,,,0,,,,,,Auckland Region,Nil,1-way,Sealed,,0,0,,80,,Off,0,0,,76,Auckland,Nil,,,,,0,0,Open,0,,,Fine,Null
1751809,5917427,28998,,514900,0,,0,1,,Null,2005/2006,GREAT NORTH ROAD,HERDMAN ST,,Minor Crash,No,2006,,North,,0,,Hill Road,,,,,,Dark,385802,1,0,0,4,,,0,,,,,,Auckland Region,Nil,2-way,Sealed,,0,0,,50,,On,1,0,,76,Auckland,Traffic Signals,,,,,0,0,Urban,0,,,Fine,Null
1750904,5970650,28999,,506661,0,,0,2,,North,2006/2007,SANDSPIT ROAD,SH 1N,,Non-Injury Crash,No,2006,,East,,0,,Flat,,,,,,Bright sun,139400,0,0,0,2,,,0,,,,,,Auckland Region,Nil,2-way,Sealed,,0,0,,100,,Null,0,0,,76,Auckland,Unknown,,,,,0,0,Open,1,,,Fine,Null
1871457,5822979,29000,,536503,0,0,0,1,0,North,2005/2006,SH 2,CLARKE ROAD,,Non-Injury Crash,Yes,2006,0,North,0,0,0,Hill Road,0,,0,,0,Overcast,1188103,0,0,0,2,0,0,0,0,0,,0,0,Bay of Plenty Region,Nil,2-way,Sealed,0,0,0,0,90,0,Null,0,0,,22,Western Bay of Plenty District,Unknown,0,1,0,0,0,0,Open,0,0,0,Heavy rain,Null
1647574,6076541,29001,50,500802,0,,0,2,,West,2006/2007,OMANAIA ROAD,SH 12 E,,Non-Injury Crash,No,2006,,East,,0,,Flat,,Labour Weekend,,,,Overcast,24600,0,0,0,0,,,0,,,,,,Northland Region,Nil,2-way,Unsealed,,0,0,,100,,None,0,0,,1,Far North District,Nil,,,,,0,0,Open,0,,,Fine,Null
1795203,5875571,29002,,527221,0,,0,2,,West,2005/2006,SH 2,COALFIELDS ROAD,,Non-Injury Crash,Yes,2006,,West,,0,,Hill Road,,,,,,Overcast,933200,0,0,0,2,,,0,,,,,,Waikato Region,Nil,2-way,Sealed,,0,0,,100,,Null,0,0,,13,Waikato District,Unknown,,,,,0,0,Open,0,,,Fine,Null
1823260,5530253,29003,,562600,0,,0,2,,Null,2005/2006,SH 3,RUAHINE ST,,Serious Crash,Yes,2006,,West,,0,,Flat,,,,,,Dark,1846801,3,0,0,6,,,0,,,,,,Manawatū-Whanganui Region,Nil,2-way,Sealed,,0,1,,50,,On,0,0,,40,Palmerston North City,Traffic Signals,,,,,0,0,Urban,0,,,Light rain,Null
1894027,5690809,29004,,541342,0,,0,0,,East,2006/2007,SH 5,RANGITAIKI SCHOOL ROAD,,Fatal Crash,Yes,2006,,West,,1,,Flat,,,,,,Dark,1280900,0,0,0,2,,,0,,,,,,Bay of Plenty Region,Nil,2-way,Sealed,,0,0,,100,,None,1,0,,21,Taupo District,Nil,,,,,1,0,Open,0,,,Fine,Null
1936545,5621440,29005,,546802,0,0,0,1,0,Null,2005/2006,TENNYSON ST,MILTON ROAD,,Serious Crash,No,2006,0,West,0,0,1,Hill Road,0,,0,,0,Dark,1423600,0,0,0,2,0,0,0,0,0,,0,0,Hawke's Bay Region,Nil,2-way,Sealed,0,0,1,0,50,0,On,0,0,,31,Napier City,Traffic Signals,0,0,0,0,0,0,Urban,0,0,0,Fine,Null
1757729,5918245,29006,,518101,0,,0,2,,West,2006/2007,SH 1N,GILLIES OBR,,Non-Injury Crash,Yes,2006,,North,,0,,Flat,,,,,,Bright sun,543000,0,0,0,4,,,0,,,,,,Auckland Region,Nil,1-way,Sealed,,0,0,,100,,Off,0,0,,76,Auckland,Nil,,,,,0,0,Open,0,,,Fine,Null
1751816,5917915,29007,,515001,0,,0,5,,West,2006/2007,SH 16,CARRINGTON OBR,,Minor Crash,Yes,2006,,West,,0,,Hill Road,,,,,,Dark,392200,1,0,0,3,,,0,,,,,,Auckland Region,Nil,1-way,Sealed,,0,0,,100,,On,0,0,,76,Auckland,Nil,,,,,0,0,Open,0,,,Fine,Null
1596278,5446866,29008,,581833,0,0,0,1,0,South,2006/2007,MOTUEKA VALLEY HIGHWAY,COLLEGE ST,,Minor Crash,No,2006,0,North,0,0,1,Flat,0,,0,,0,Dark,2371800,1,0,0,2,0,0,0,0,0,,0,0,Tasman Region,Nil,2-way,Sealed,0,0,0,0,100,0,None,0,0,,51,Tasman District,Nil,0,0,0,0,0,0,Open,0,0,0,Fine,Null
1874343,5820816,29009,65,536514,0,,0,1,,North,2006/2007,CAMBRIDGE ROAD,WESTRIDGE DRIVE,,Non-Injury Crash,No,2006,,South,,0,,Flat,,,,,,Dark,1190906,0,0,0,2,,,0,,,,,,Bay of Plenty Region,Nil,2-way,Sealed,,0,0,,80,,None,0,0,,23,Tauranga City,Nil,,,,,0,0,Open,0,,,Light rain,Null
1768207,5469783,29010,,566000,0,,0,1,,West,2005/2006,KAPITI ROAD,TE ROTO DRIVE,,Minor Crash,No,2006,,West,,0,,Flat,,,,,,Overcast,2003709,1,1,0,2,,,0,,,,,,Wellington Region,Nil,2-way,Sealed,,0,0,,50,,Null,0,0,,43,Kapiti Coast District,Nil,,,,,0,0,Urban,0,,,Fine,Null
1935322,5621829,29011,,546801,0,0,0,1,0,Null,2007/2008,Z DWAY 8A GOLDSMITH,GOLDSMITH TERRACE,,Minor Crash,No,2007,0,West,0,0,0,Hill Road,0,,0,,0,Bright sun,1419600,1,0,0,1,0,0,0,1,0,,0,0,Hawke's Bay Region,Nil,Off road,Sealed,0,0,0,0,50,0,Null,0,0,,31,Napier City,Nil,0,0,0,0,0,0,Urban,0,0,0,Fine,Null
1766469,5916184,29012,,517100,0,0,0,2,0,West,2006/2007,ANDERSON AVENUE,RIVERSIDE AVENUE,,Non-Injury Crash,No,2006,0,West,0,0,0,Flat,0,,0,,0,Twilight,480200,0,0,0,2,0,0,0,0,1,,0,0,Auckland Region,Nil,2-way,Sealed,0,0,0,0,50,0,On,0,0,,76,Auckland,Stop,0,0,0,0,0,0,Urban,0,0,0,Fine,Null
1751076,5934604,29013,,508701,0,,0,0,,Null,2005/2006,DAIRY FLAT HIGHWAY,THE AVENUE,,Minor Crash,No,2006,,North,,0,,Hill Road,,,,,,Overcast,178402,3,0,0,2,,,0,,,,,,Auckland Region,Nil,2-way,Sealed,,0,0,,50,,Off,1,0,,76,Auckland,Stop,,,,,0,0,Urban,1,,,Heavy rain,Null
1748578,5429226,29014,,572900,0,,0,1,,Null,2006/2007,TINAKORI ROAD,HAWKESTONE ST,,Minor Crash,No,2006,,South,,0,,Flat,,,,,,Bright sun,2121000,1,0,0,2,,,0,,,1,,,Wellington Region,Nil,2-way,Sealed,,0,0,,50,,Null,0,0,,47,Wellington City,Give way,,,,,0,0,Urban,0,,,Fine,Null
1753607,5927757,29015,,508310,0,,1,1,,Null,2005/2006,GLENFIELD ROAD,DOWNING ST,,Non-Injury Crash,No,2006,,South,,0,,Hill Road,,,,,,Bright sun,200300,0,0,0,6,,,0,,,,,,Auckland Region,Nil,2-way,Sealed,,0,0,,50,,Off,0,0,,76,Auckland,Traffic Signals,,,,,0,0,Urban,0,,,Fine,Null
1773982,5896546,29016,,525620,0,,0,2,,Null,2006/2007,WILLIS ROAD,CAMERON ST,,Non-Injury Crash,No,2006,,East,,0,,Flat,,,,,,Bright sun,798200,0,0,0,2,,,0,,,,,,Auckland Region,Nil,2-way,Sealed,,0,0,,50,,Null,0,0,,76,Auckland,Stop,,,,,0,0,Urban,0,,,Fine,Null
1770437,5443975,29017,,564510,0,,1,0,,Null,2006/2007,FERGUSSON DRIVE,SUTHERLAND AVENUE,,Minor Crash,No,2006,,West,,0,,Flat,,,,,,Bright sun,1904900,3,0,0,2,,,0,,,,,,Wellington Region,Nil,2-way,Sealed,,1,0,,50,,Null,0,0,,45,Upper Hutt City,Traffic Signals,,,,,1,0,Urban,0,,,Fine,Null
1886203,5772473,29018,,540600,0,,0,1,,Null,2005/2006,SH 30A,SH 30,,Non-Injury Crash,Yes,2006,,West,,0,,Flat,,,,,,Bright sun,1243500,0,0,0,4,,,0,,,,,,Bay of Plenty Region,Nil,2-way,Sealed,,0,0,,70,,Null,0,0,,24,Rotorua District,Traffic Signals,,,,,1,0,Urban,0,,,Fine,Null
1825653,5886744,29019,,533501,0,0,0,1,0,Null,2006/2007,SH 25,MARY ST,,Non-Injury Crash,Yes,2006,0,North,0,0,0,Flat,0,Labour Weekend,0,,0,Dark,1052200,0,0,0,2,0,0,0,0,0,,0,0,Waikato Region,Nil,2-way,Sealed,0,0,0,0,50,0,On,0,0,,11,Thames-Coromandel District,Give way,1,0,0,0,0,0,Urban,0,0,0,Fine,Null
1755369,5918256,29020,80,515500,0,,0,3,,East,2006/2007,SH 16,MOTAT ON EBD,,Minor Crash,Yes,2006,,East,,0,,Flat,,,,,,Dark,418800,1,0,0,4,,,0,,,,,,Auckland Region,Nil,1-way,Sealed,,0,0,,100,,On,0,0,,76,Auckland,Nil,,,,,0,0,Open,0,,,Mist or Fog,Null
1765097,5902754,29021,,524604,0,,0,3,,South,2006/2007,ROSCOMMON ROAD,WIRI STATION ROAD,,Non-Injury Crash,No,2006,,North,,0,,Flat,,,,,,Overcast,781200,0,0,0,4,,,0,,,,,,Auckland Region,Nil,2-way,Sealed,,0,0,,80,,Off,0,0,,76,Auckland,Nil,,,,,0,0,Open,0,,,Light rain,Null
1757676,5918565,29022,,514302,0,,1,0,,Null,2006/2007,KHYBER PASS ROAD,HUNTLY AVENUE,,Serious Crash,No,2006,,East,,0,,Flat,,,,,,Bright sun,442100,0,0,0,4,,,0,,,1,,,Auckland Region,Nil,2-way,Sealed,,0,1,,50,,Off,0,0,,76,Auckland,Nil,,,,,0,0,Urban,0,,,Fine,Null
1745302,5917440,29023,,510700,0,,0,2,,North,2005/2006,GREAT NORTH ROAD,HENDERSON VALLEY ROAD,,Non-Injury Crash,No,2006,,South,,0,,Flat,,,,,,Bright sun,239805,0,0,0,5,,,0,,,,,,Auckland Region,Nil,2-way,Sealed,,0,0,,50,,Off,0,0,,76,Auckland,Nil,,,,,0,0,Urban,0,,,Fine,Null
1775830,5883260,29024,,521160,0,0,0,0,0,North,2005/2006,SH 1N,MILL OBR,,Non-Injury Crash,Yes,2006,0,South,0,0,0,Flat,1,,0,,0,Twilight,827604,0,0,0,2,0,0,0,0,0,,0,0,Auckland Region,Nil,1-way,Sealed,0,0,0,0,100,0,On,1,0,,76,Auckland,Nil,0,0,0,0,0,0,Open,0,0,0,Mist or Fog,Null
1243155,4849949,29025,,611210,0,0,0,2,0,Null,2005/2006,JED ST,SPEY ST,,Minor Crash,No,2006,0,West,0,0,0,Flat,0,,0,,0,Overcast,3107400,1,0,0,2,0,0,0,0,0,,1,0,Southland Region,Nil,2-way,Sealed,0,0,0,0,50,0,Null,0,0,,75,Invercargill City,Give way,0,0,0,0,0,0,Urban,0,0,0,Light rain,Null
1755294,5921800,29026,,515202,0,,0,1,,South,2006/2007,SH 1N,STAFFORD OFF NBD,,Non-Injury Crash,Yes,2006,,North,,0,,Hill Road,,,,,,Bright sun,423600,0,0,0,3,,,0,,,,,,Auckland Region,Nil,2-way,Sealed,,0,0,,80,,Off,1,0,,76,Auckland,Nil,,,,,0,0,Open,1,,,Fine,Null
1574222,5203244,29027,,586124,0,0,0,1,0,East,2006/2007,GLADSTONE ROAD,EDERS ROAD,,Serious Crash,No,2006,0,West,0,0,0,Flat,0,,0,,0,Overcast,2446807,0,0,0,2,0,0,0,0,0,,0,0,Canterbury Region,Nil,2-way,Sealed,0,0,1,0,100,0,Null,0,0,,59,Waimakariri District,Unknown,0,0,0,1,0,0,Open,0,0,0,Fine,Null
1977473,5782721,29028,,542906,0,0,0,1,0,South,2006/2007,OTARA ROAD,TE RERE PA ROAD,,Non-Injury Crash,No,2006,0,North,0,0,1,Flat,0,,0,,0,Dark,1336400,0,0,0,2,0,0,0,0,0,,0,0,Bay of Plenty Region,Nil,2-way,Sealed,0,0,0,0,70,0,None,0,0,,27,Ōpōtiki District,Nil,0,0,0,0,0,0,Urban,0,0,0,Fine,Null
1871109.7083,5817031.0121,29029,,536630,0,,0,0,,North,2005/2006,SH 29,REDWOOD LANE,,Minor Crash,Yes,2006,,South,,0,,Hill Road,,,,,,Overcast,1191301,2,0,0,2,,,0,,,,,,Bay of Plenty Region,Nil,2-way,Sealed,,0,0,,100,,Null,0,0,,23,Tauranga City,Unknown,,,,,2,0,Open,0,,,Fine,Null
1772151,5897878,29030,,523912,0,,0,2,,Null,2006/2007,PORCHESTER ROAD,GLENBURN PLACE,,Fatal Crash,No,2006,,North,,1,,Flat,,,,,,Overcast,765900,2,0,0,2,,,0,,,,,,Auckland Region,Nil,2-way,Sealed,,0,0,,50,,Off,0,0,,76,Auckland,Give way,,,,,0,0,Urban,0,,,Fine,Strong wind
1800823,5815398,29031,,529700,0,0,0,2,0,South,2005/2006,WORLEY PLACE,WARD ST,,Non-Injury Crash,No,2006,0,North,0,0,0,Flat,0,,0,,0,Dark,911101,0,0,0,2,0,0,0,0,1,,0,0,Waikato Region,Nil,2-way,Sealed,0,0,0,0,50,0,On,0,0,,16,Hamilton City,Unknown,0,0,0,0,0,0,Urban,0,0,0,Fine,Null
1564127,5185929,29032,,588500,0,0,0,1,0,Null,2006/2007,SH 1S JOHNS,HAREWOOD ROAD,,Minor Crash,Yes,2006,0,South,0,0,0,Flat,0,,0,,0,Dark,2527000,1,0,0,2,0,0,0,0,0,,0,0,Canterbury Region,Nil,2-way,Sealed,0,0,0,0,80,0,On,0,0,,60,Christchurch City,Give way,1,0,0,0,0,0,Open,0,0,0,Light rain,Null
1745063,5917750,29033,,510700,0,,0,2,,Null,2005/2006,GREAT NORTH ROAD,SWANSON ROAD,,Non-Injury Crash,No,2006,,South,,0,,Flat,,,,,,Dark,239501,0,0,0,2,,,0,,,,,,Auckland Region,Nil,2-way,Sealed,,0,0,,50,,On,0,0,,76,Auckland,Traffic Signals,,,,,0,0,Urban,0,,,Fine,Null
1933926,5619109,29034,,547400,0,,0,2,,Null,2007/2008,KENNEDY ROAD,BILL HERCOCK ST,,Minor Crash,No,2007,,South,,0,,Flat,,,,,,Overcast,1447500,1,0,0,4,,,0,,,,,,Hawke's Bay Region,Nil,2-way,Sealed,,0,0,,50,,Null,0,0,,31,Napier City,Stop,,,,,0,0,Urban,0,,,Light rain,Null
1794653,5817007,29035,,527913,0,,0,0,,North,2006/2007,BAGUST ROAD,HOCKLY ROAD,,Non-Injury Crash,No,2006,,North,,0,,Hill Road,,,,,,Bright sun,978117,0,0,0,2,,,0,,,,,,Waikato Region,Nil,2-way,Sealed,,0,0,,100,,None,1,0,,13,Waikato District,Nil,,,,,0,0,Open,0,,,Fine,Null
1755007,5930281,29036,,508420,0,,0,2,,North,2005/2006,SH 1N,SUNNYNOOK OBR,,Minor Crash,Yes,2006,,North,,0,,Hill Road,,,,,,Overcast,182100,1,0,0,3,,,0,,,,,,Auckland Region,Nil,1-way,Sealed,,0,0,,100,,Off,0,0,,76,Auckland,Nil,,,,,0,0,Open,0,,,Heavy rain,Null
1766544,5900378,29037,,524713,0,0,0,1,0,East,2005/2006,SHARLAND AVENUE,JOHN WALKER DRIVE,,Non-Injury Crash,No,2006,0,West,0,0,1,Flat,0,,0,,0,Bright sun,775806,0,0,0,2,0,0,0,0,0,,0,0,Auckland Region,Nil,2-way,Sealed,0,0,0,0,50,0,Off,0,0,,76,Auckland,Nil,0,0,0,0,0,0,Urban,0,0,0,Fine,Null
1841192,5804580,29038,,535242,0,,0,2,,West,2005/2006,HOPKINS ROAD,HINUERA ROAD,,Non-Injury Crash,No,2006,,South,,0,,Flat,,,,,,Bright sun,1116400,0,0,0,2,,,0,,,,,,Waikato Region,Nil,2-way,Sealed,,0,0,,100,,Null,0,0,,15,Matamata-Piako District,Unknown,,,,,0,0,Open,0,,,Fine,Null
1949140,5791385,29039,,542410,0,,0,2,,North,2005/2006,HINEMOA ST,LANDING ROAD,,Non-Injury Crash,No,2006,,North,,0,,Flat,,,,,,Overcast,1309601,0,0,0,2,,,0,,,,,,Bay of Plenty Region,Bridge,2-way,Sealed,,0,0,,50,,Null,0,0,,25,Whakatane District,Give way,,,,,0,0,Urban,0,,,Fine,Null
1701360,5679414,29040,,550902,0,,0,1,,West,2005/2006,SH 3,DE HAVILLAND DRIVE,,Minor Crash,Yes,2006,,East,,0,,Hill Road,,,,,,Overcast,1562801,1,0,0,3,,,0,,,,,,Taranaki Region,Nil,2-way,Sealed,,0,0,,100,,Null,0,0,50,33,New Plymouth District,Traffic Signals,,,,,0,0,Open,1,,,Fine,Null
1796756,5814839,29041,,528601,0,,0,1,,Null,2006/2007,NEWCASTLE ROAD,DINSDALE ROAD,,Minor Crash,No,2006,,South,,0,,Flat,,,,,,Bright sun,920401,1,0,1,2,,,0,,,,,,Waikato Region,Nil,2-way,Sealed,,0,0,,50,,Off,0,0,,16,Hamilton City,Give way,,,,,0,0,Urban,0,,,Fine,Null
1766036,5900494,29042,,524713,0,,0,2,,Null,2005/2006,ROSCOMMON ROAD,BURUNDI AVENUE,,Non-Injury Crash,No,2006,,South,,0,,Flat,,,,,,Bright sun,775819,0,0,0,1,,,0,,,,,,Auckland Region,Nil,2-way,Sealed,,0,0,,50,,Off,0,0,,76,Auckland,Give way,,,,,0,0,Urban,0,,,Fine,Null
1877541,5822299,29043,,538101,0,0,0,4,0,North,2006/2007,SEVENTEENTH AVENUE,CLARKE ST,,Non-Injury Crash,No,2006,0,South,0,0,0,Flat,0,,0,,0,Bright sun,1169202,0,0,0,2,0,0,0,0,3,,0,0,Bay of Plenty Region,Nil,2-way,Sealed,0,0,0,0,50,0,Null,0,0,,23,Tauranga City,Unknown,0,0,0,0,0,0,Urban,0,0,0,Fine,Null
1824474,5757608,29044,,531304,0,0,0,0,1,South,2006/2007,MANGAWHIO ROAD,NGAROMA ROAD,,Non-Injury Crash,No,2006,0,North,0,0,0,Flat,0,,0,,0,Bright sun,1004901,0,0,0,2,0,0,0,0,0,,0,0,Waikato Region,Nil,2-way,Unsealed,0,0,0,0,100,0,Null,1,0,,18,Ōtorohanga District,Unknown,0,0,0,0,0,0,Open,1,0,0,Fine,Null
1771664,5899180,29045,,523911,1,,0,1,,North,2005/2006,PORCHESTER ROAD,CLARICE PLACE,,Minor Crash,No,2006,,South,,0,,Flat,,,,,,Bright sun,767302,1,0,0,2,,,0,,,,,,Auckland Region,Nil,2-way,Sealed,,0,0,,50,,Off,0,0,,76,Auckland,Nil,,,,,0,0,Urban,0,,,Fine,Null
1764360,5909335,29046,,521901,0,,0,1,,Null,2005/2006,GREAT SOUTH ROAD,FAIRBURN ROAD,,Non-Injury Crash,No,2006,,South,,0,,Flat,,,,,,Bright sun,784900,0,0,0,4,,,0,,,,,,Auckland Region,Nil,2-way,Sealed,,0,0,,50,,Off,0,0,,76,Auckland,Stop,,,,,1,0,Urban,0,,,Fine,Null
1678536,6022299,29047,,504600,0,,0,0,,East,2006/2007,VICTORIA ST,POTO ST,,Non-Injury Crash,No,2006,,West,,0,,Flat,,,,,,Bright sun,116400,0,0,0,2,,,0,,,,,,Northland Region,Nil,2-way,Sealed,,0,0,,50,,Null,1,0,,3,Kaipara District,Nil,,,,,0,0,Urban,1,,,Fine,Null
1761601,5919004,29048,,516400,0,,0,1,,Null,2005/2006,KEPA ROAD,ORAKEI ROAD,,Non-Injury Crash,No,2006,,West,,0,,Flat,,,,,,Overcast,497700,0,0,0,3,,,0,,,,,,Auckland Region,Nil,2-way,Sealed,,0,0,,50,,Off,0,0,,76,Auckland,Give way,,,,,1,0,Urban,0,,,Fine,Null
1756324,5919107,29049,,514200,0,,0,2,,Null,2005/2006,NEWTON ROAD,NEWTON OFF EBD N,,Non-Injury Crash,Yes,2006,,North,,0,,Hill Road,,,,,,Dark,411800,0,0,0,2,,,0,,,,,,Auckland Region,Nil,2-way,Sealed,,0,0,,50,,On,0,0,,76,Auckland,Stop,,,,,0,0,Urban,0,,,Fine,Null
1829916,5692612,29050,75,532502,0,0,0,1,0,West,2005/2006,SH 41,SH 32,,Non-Injury Crash,Yes,2006,0,East,0,0,0,Hill Road,0,,0,,0,Overcast,1026302,0,0,0,2,0,0,0,1,0,,0,0,Waikato Region,Nil,2-way,Sealed,0,0,0,0,100,0,Null,0,0,,21,Taupo District,Unknown,0,0,0,0,0,0,Open,0,0,0,Fine,Null
1950990,5772802,29051,65,542562,0,,0,0,,North,2006/2007,REID ROAD,AWAHOU ROAD,,Fatal Crash,No,2006,,South,,1,,Flat,,,,,,Overcast,1299500,0,0,1,2,,,0,,,,,,Bay of Plenty Region,Nil,2-way,Sealed,,0,0,,100,,None,0,0,,25,Whakatane District,Nil,,,,,0,0,Open,0,,,Fine,Null
1800278,5815782,29052,,529700,0,,0,2,,Null,2006/2007,ROSTREVOR ST,VIALOU ST,,Non-Injury Crash,No,2006,,East,,0,,Flat,,,,,,Dark,910000,0,0,0,2,,,0,,,,,,Waikato Region,Nil,2-way,Sealed,,0,0,,50,,On,0,0,,16,Hamilton City,Give way,,,,,0,0,Urban,0,,,Fine,Null
1753405,5929790,29053,,508420,0,,0,2,,South,2005/2006,GLENFIELD ROAD,SUNSET ROAD,,Non-Injury Crash,No,2006,,South,,0,,Hill Road,,,,,,Twilight,182903,0,0,0,4,,,0,,,,,,Auckland Region,Nil,2-way,Sealed,,0,0,,50,,Off,0,0,,76,Auckland,Traffic Signals,,,,,0,0,Urban,0,,,Fine,Null
1763914,5912288,29054,,520500,0,0,0,2,0,North,2006/2007,Z CPK SYLVIA PARK,SYLVIA PARK ROAD,,Non-Injury Crash,No,2006,0,South,0,0,0,Flat,0,,0,,0,Bright sun,637300,0,0,0,1,0,0,0,0,1,,0,0,Auckland Region,Nil,Off road,Sealed,0,0,0,0,10,0,Off,0,0,,76,Auckland,Nil,0,0,0,0,0,0,Urban,0,0,0,Fine,Null
1443623,5010015,29055,,600811,0,,0,2,,Null,2006/2007,SH 1S,ORBELL ROAD,,Minor Crash,Yes,2007,,North,,0,,Flat,,,,,,Bright sun,2827900,1,0,0,2,,,0,,,,,,Otago Region,Nil,2-way,Sealed,,0,0,,100,,Null,0,0,,68,Waitaki District,Nil,,,,,0,0,Open,0,,,Fine,Null
1970855,5686054,29056,,545204,0,1,0,1,0,Null,2005/2006,SH 38,MAKAPUA STM BR,,Fatal Crash,Yes,2006,0,East,0,3,0,Flat,0,,0,,0,Overcast,1394600,2,0,0,1,0,0,0,1,0,,0,0,Hawke's Bay Region,Bridge,2-way,Sealed,0,0,0,0,100,0,Null,0,0,,29,Wairoa District,Give way,0,0,0,0,0,0,Open,0,0,1,Fine,Null
1754257,5913378,29057,,518802,0,0,0,3,0,Null,2006/2007,MAY ROAD,GLYNN ST,,Minor Crash,No,2006,0,South,0,0,0,Flat,0,,0,,0,Overcast,579300,1,0,0,2,0,0,0,0,0,,0,0,Auckland Region,Nil,2-way,Sealed,0,0,0,0,50,0,Null,0,0,,76,Auckland,Stop,1,0,0,0,0,0,Urban,0,0,0,Fine,Null
1393203,4911829,29058,,602500,0,0,0,2,0,South,2005/2006,SCURR ROAD,SCROGGS HILL ROAD,,Minor Crash,No,2006,0,South,0,0,1,Hill Road,0,,0,,0,Dark,2977600,1,0,0,2,0,0,0,0,0,,0,0,Otago Region,Nil,2-way,Unsealed,0,0,0,0,100,0,None,0,0,,71,Dunedin City,Unknown,0,0,0,0,0,0,Open,0,1,0,Fine,Frost
1763695,5908892,29059,,521901,0,0,0,0,0,Null,2006/2007,MANGERE ROAD,WALMSLEY ROAD,,Non-Injury Crash,No,2006,0,South,0,0,0,Flat,0,,0,,0,Bright sun,785400,0,0,0,5,0,0,0,0,0,,0,1,Auckland Region,Nil,2-way,Sealed,0,0,0,0,50,0,Null,0,0,,76,Auckland,Traffic Signals,0,0,0,0,0,0,Urban,1,0,0,Fine,Null
1751558,5912353,29060,,514700,0,0,0,1,0,Null,2006/2007,KINROSS ST,BLOCKHOUSE BAY ROAD,,Non-Injury Crash,No,2006,0,South,0,0,0,Flat,1,,0,,0,Dark,368700,0,0,0,2,0,0,0,0,0,,0,0,Auckland Region,Nil,2-way,Sealed,0,0,0,0,50,0,On,0,0,,76,Auckland,Give way,0,0,0,0,0,0,Urban,0,0,0,Fine,Null
1841047,5924074,29061,,533000,0,,0,1,,West,2005/2006,CENTENNIAL DRIVE,PUNGA PLACE,,Non-Injury Crash,No,2006,,North,,0,,Hill Road,,,,,,Dark,1045510,0,0,0,2,,,0,,,,,,Waikato Region,Nil,2-way,Sealed,,0,0,,50,,On,0,0,,11,Thames-Coromandel District,Nil,,,,,0,0,Urban,0,,,Heavy rain,Null
1858992,5541245,29062,,549800,0,0,0,1,0,North,2006/2007,SH 2,MAHARAHARA ROAD,,Minor Crash,Yes,2006,0,South,0,0,1,Flat,0,,0,,0,Dark,1538400,2,0,0,2,0,0,0,0,0,,0,0,Manawatū-Whanganui Region,Nil,2-way,Sealed,0,0,0,0,100,0,None,0,0,,41,Tararua District,Nil,0,0,0,0,0,0,Open,0,0,0,Light rain,Null
1769943,5909844,29063,,523114,0,,0,2,,Null,2005/2006,TE IRIRANGI DRIVE,SMALES ROAD,,Non-Injury Crash,No,2006,,West,,0,,Flat,,,,,,Overcast,711804,0,0,0,2,,,0,,,,,,Auckland Region,Nil,2-way,Sealed,,0,0,,50,,Off,0,0,,76,Auckland,Traffic Signals,,,,,0,0,Urban,0,,,Fine,Null
1931949,5617934,29064,,547100,0,,0,1,,Null,2007/2008,YORK AVENUE,AUCKLAND ROAD,,Minor Crash,No,2007,,North,,0,,Flat,,,,,,Twilight,1454900,1,1,0,2,,,0,,,,,,Hawke's Bay Region,Nil,2-way,Sealed,,0,0,,50,,Off,0,0,,31,Napier City,Stop,,,,,0,0,Urban,0,,,Fine,Null
1490547,5165220,29065,,597720,0,0,0,1,0,South,2006/2007,SH 77,DOLMA ST,,Serious Crash,Yes,2006,0,North,1,0,1,Flat,0,,0,,0,Dark,2753603,1,0,0,2,0,0,0,0,0,,0,0,Canterbury Region,Nil,2-way,Sealed,0,0,1,0,100,0,None,0,0,,63,Ashburton District,Unknown,0,0,0,0,0,0,Open,0,0,0,Fine,Null