X,Y,OBJECTID,advisorySpeed,areaUnitID,bicycle,bridge,bus,carStationWagon,cliffBank,crashDirectionDescription,crashFinancialYear,crashLocation1,crashLocation2,crashRoadSideRoad,crashSeverity,crashSHDescription,crashYear,debris,directionRoleDescription,ditch,fatalCount,fence,flatHill,guardRail,holiday,houseOrBuilding,intersection,kerb,light,meshblockId,minorInjuryCount,moped,motorcycle,NumberOfLanes,objectThrownOrDropped,otherObject,otherVehicleType,overBank,parkedVehicle,pedestrian,phoneBoxEtc,postOrPole,region,roadCharacter,roadLane,roadSurface,roadworks,schoolBus,seriousInjuryCount,slipOrFlood,speedLimit,strayAnimal,streetLight,suv,taxi,temporarySpeedLimit,tlaId,tlaName,trafficControl,trafficIsland,trafficSign,train,tree,truck,unknownVehicleType,urban,vanOrUtility,vehicle,waterRiver,weatherA,weatherB
1746857,5922536,29066,,512201,0,,0,1,,Null,2005/2006,TE ATATU ROAD,WHARF ROAD,,Non-Injury Crash,No,2006,,South,,0,,Flat,,,,,,Twilight,246500,0,0,0,2,,,0,,,,,,Auckland Region,Nil,2-way,Sealed,,0,0,,50,,On,1,0,,76,Auckland,Give way,,,,,0,0,Urban,0,,,Fine,Null
1771447,5811309,29067,,526602,0,0,0,1,0,West,2005/2006,SH 23,OKETE ROAD E,,Non-Injury Crash,Yes,2006,0,East,0,0,1,Hill Road,0,,0,,0,Twilight,860800,0,0,0,2,0,0,0,0,0,,0,0,Waikato Region,Nil,2-way,Sealed,0,0,0,0,100,0,None,0,0,30,13,Waikato District,Unknown,0,0,0,0,0,0,Open,0,0,0,Fine,Frost
1740784,5921321,29068,,513621,0,,0,2,,South,2006/2007,SUNNYVALE ROAD,RED HILLS ROAD,,Minor Crash,No,2006,,South,,0,,Flat,,,,,,Overcast,226602,1,0,0,2,,,0,,,,,,Auckland Region,Nil,2-way,Sealed,,0,0,,70,,None,0,0,,76,Auckland,Nil,,,,,0,0,Urban,0,,,Light rain,Null
1755727,5928607,29069,,508510,0,,0,1,,South,2005/2006,SH 1N,TRISTRAM ON SBD,,Non-Injury Crash,Yes,2006,,South,,0,,Flat,,,,,,Overcast,195700,0,0,0,2,,,0,,,,,,Auckland Region,Nil,2-way,Sealed,,0,0,,100,,Off,0,0,,76,Auckland,Nil,,,,,1,0,Open,0,,,Fine,Null
1765882,5900875,29070,,524711,0,,0,1,,South,2006/2007,ROSCOMMON ROAD,MONCRIEFF AVENUE,,Non-Injury Crash,No,2006,,South,,0,,Flat,,,,,,Dark,774503,0,0,0,2,,,0,,,,,,Auckland Region,Nil,2-way,Sealed,,0,0,,50,,On,1,0,,76,Auckland,Nil,,,,,0,0,Urban,0,,,Fine,Null
1751193,5932684,29071,,508807,0,,0,2,,North,2005/2006,STANFORD ST,PRINCETON PARADE,,Non-Injury Crash,No,2006,,North,,0,,Flat,,,,,,Dark,180202,0,0,0,2,,,0,,,,,,Auckland Region,Nil,2-way,Sealed,,0,0,,50,,On,0,0,,76,Auckland,Nil,,,,,0,0,Urban,0,,,Fine,Null
1743714,5920049,29072,,513632,0,0,0,1,0,South,2006/2007,DON BUCK ROAD,HELENA ST,,Non-Injury Crash,No,2006,0,North,0,0,0,Hill Road,0,,1,,0,Dark,229200,0,0,0,2,0,0,0,1,0,,0,0,Auckland Region,Nil,2-way,Sealed,0,0,0,0,50,0,On,0,0,,76,Auckland,Nil,0,0,0,0,0,0,Urban,0,0,0,Fine,Null
1765259,5917067,29073,,517001,0,,0,1,,South,2005/2006,APIRANA AVENUE,TANIWHA ST,,Minor Crash,No,2006,,South,,0,,Flat,,,,,,Bright sun,475600,1,0,0,2,,,0,,,1,,,Auckland Region,Nil,2-way,Sealed,,0,0,,50,,Off,0,0,,76,Auckland,Give way,,,,,0,0,Urban,0,,,Fine,Null
1756743,5930385,29074,,507710,0,0,0,1,0,North,2006/2007,EAST COAST ROAD,KENMURE AVENUE,,Minor Crash,No,2006,0,South,0,0,1,Flat,0,,0,,0,Bright sun,314002,2,0,0,2,0,0,0,0,0,,0,0,Auckland Region,Nil,2-way,Sealed,0,0,0,0,50,0,Off,0,0,,76,Auckland,Nil,0,0,0,0,0,0,Urban,1,0,0,Fine,Null
1771730,5912382,29075,,523106,0,,0,1,,Null,2006/2007,CHAPEL ROAD,WHITFORD ROAD,,Non-Injury Crash,No,2006,,East,,0,,Flat,,,,,,Bright sun,711158,0,0,0,4,,,0,,,,,,Auckland Region,Nil,2-way,Sealed,,0,0,,50,,Off,0,0,,76,Auckland,Give way,,,,,1,0,Urban,0,,,Fine,Null
1658543,6075516,29076,,500802,0,0,0,0,0,West,2006/2007,SH 12,RAMSEY ROAD,,Non-Injury Crash,Yes,2006,0,East,0,0,0,Hill Road,0,,0,,0,Dark,22700,0,0,0,2,0,0,0,0,0,,0,0,Northland Region,Nil,2-way,Sealed,0,0,0,0,100,0,None,1,0,,1,Far North District,Unknown,0,0,0,0,0,0,Open,0,0,0,Fine,Null
1757373,5919838,29077,,514103,0,,0,0,,South,2005/2006,WAKEFIELD ST,ST PAUL ST,,Minor Crash,No,2006,,South,,0,,Hill Road,,,,,,Bright sun,436803,1,0,1,4,,,0,,,,,,Auckland Region,Nil,2-way,Sealed,,0,0,,50,,Off,0,0,,76,Auckland,Nil,,,,,0,0,Urban,1,,,Fine,Null
1806821,5871750,29078,,533901,0,0,0,1,0,North,2005/2006,SH 2,STEEN ROAD,,Non-Injury Crash,Yes,2006,0,West,0,0,0,Flat,0,,0,,0,Overcast,1069200,0,0,0,2,0,0,0,1,0,,0,0,Waikato Region,Nil,2-way,Sealed,0,0,0,0,100,0,Null,0,0,,12,Hauraki District,Unknown,0,0,0,0,0,0,Open,0,0,0,Fine,Null
1745396,5916880,29079,,510800,0,,0,1,,East,2005/2006,PIONEER ST,RAILSIDE AVENUE,,Minor Crash,No,2006,,North,,0,,Flat,,,,,,Dark,242900,1,0,0,2,,,0,,,1,,,Auckland Region,Nil,2-way,Sealed,,0,0,,50,,On,0,0,,76,Auckland,Nil,,,,,0,0,Urban,0,,,Fine,Null
1850003,5854757,29080,,534200,0,0,0,2,0,East,2006/2007,OLD TAURANGA ROAD,FRANKTON ROAD,,Minor Crash,No,2006,0,East,0,0,0,Hill Road,0,,0,,0,Dark,1083400,1,0,0,2,0,0,0,0,0,,0,0,Waikato Region,Bridge,2-way,Sealed,0,0,0,0,100,0,None,0,0,,12,Hauraki District,Nil,0,0,0,0,0,0,Open,0,1,0,Light rain,Null
1764212,5909552,29081,,521901,0,0,0,2,0,East,2006/2007,PARK AVENUE,QUEEN ST,,Non-Injury Crash,No,2006,0,West,0,0,0,Flat,0,,0,,0,Bright sun,784600,0,0,0,2,0,0,0,0,1,,0,0,Auckland Region,Nil,2-way,Sealed,0,0,0,0,50,0,Off,0,0,,76,Auckland,Give way,0,0,0,0,0,0,Urban,0,0,0,Fine,Null
1875302,5818976,29082,,537601,0,,0,0,,East,2006/2007,SH 29,CAMERON ROAD,,Serious Crash,Yes,2007,,West,,0,,Hill Road,,,,,,Dark,1192800,0,0,1,4,,,0,,,,,,Bay of Plenty Region,Nil,2-way,Sealed,,0,1,,100,,On,0,0,,23,Tauranga City,Unknown,,,,,0,0,Open,0,,,Fine,Null
1747252,5919660,29083,,512402,0,,0,1,,West,2005/2006,SH 16,TE ATATU OBR,,Non-Injury Crash,Yes,2006,,West,,0,,Hill Road,,,,,,Overcast,253600,0,0,0,2,,,0,,,,,,Auckland Region,Nil,1-way,Sealed,,0,0,,100,,Off,0,0,,76,Auckland,Nil,,,,,0,0,Open,1,,,Fine,Null
1796836,5818171,29084,,528406,0,,0,1,,South,2006/2007,SH 1N,FOREMAN ROAD,,Non-Injury Crash,Yes,2006,,South,,0,,Flat,,,,,,Overcast,907601,0,0,0,2,,,0,,,,,,Waikato Region,Nil,2-way,Sealed,,0,0,,80,,None,0,0,,16,Hamilton City,Nil,,,,,1,0,Open,0,,,Heavy rain,Null
1331676,4919233,29085,75,607502,0,0,0,0,0,West,2005/2006,SH 8,ATHENAEUM ROAD,,Minor Crash,Yes,2006,0,East,0,0,1,Flat,0,,0,,0,Overcast,3007401,7,0,0,2,0,0,0,0,0,,0,0,Otago Region,Nil,2-way,Sealed,0,0,0,0,100,0,Null,0,0,,72,Clutha District,Unknown,0,0,0,0,0,0,Open,1,0,0,Light rain,Null
1857478,5838876,29086,,535800,0,,0,2,,North,2005/2006,SH 2,HENRY ROAD,,Non-Injury Crash,Yes,2006,,South,,0,,Flat,,,,,,Bright sun,1183501,0,0,0,2,,,0,,,,,,Bay of Plenty Region,Nil,2-way,Sealed,,0,0,,50,,Null,0,0,,22,Western Bay of Plenty District,Nil,,,,,0,0,Urban,0,,,Fine,Null
1757291,5920655,29087,,514102,0,,0,1,,Null,2005/2006,ALBERT ST,WYNDHAM ST,,Non-Injury Crash,No,2006,,East,,0,,Flat,,Queens Birthday,,,,Dark,433401,0,0,0,3,,,0,,,,,,Auckland Region,Nil,2-way,Sealed,,0,0,,50,,On,0,0,,76,Auckland,Traffic Signals,,,,,0,0,Urban,1,,,Fine,Null
1783112,5868012,29088,,527222,0,0,0,1,0,North,2005/2006,SH 1N,HAMPTON OFF SBD,,Non-Injury Crash,Yes,2006,0,South,0,0,0,Flat,1,,0,,0,Dark,935000,0,0,0,3,0,0,0,0,0,,0,0,Waikato Region,Nil,2-way,Sealed,0,0,0,0,100,0,None,0,0,,13,Waikato District,Unknown,0,0,0,0,0,0,Open,0,0,0,Fine,Null
1879391,5824786,29089,,538201,0,,0,1,,West,2006/2007,HARINGTON ST,WILLOW ST,,Non-Injury Crash,No,2006,,West,,0,,Hill Road,,,,,,Overcast,1163300,0,0,0,2,,,0,,,,,,Bay of Plenty Region,Nil,2-way,Sealed,,0,0,,50,,Null,1,0,,23,Tauranga City,Unknown,,,,,0,0,Urban,0,,,Light rain,Null
1755575,5922333,29090,,515202,0,,0,2,,North,2005/2006,SH 1N,CURRAN ON NBD,,Non-Injury Crash,Yes,2006,,North,,0,,Hill Road,,,,,,Bright sun,423600,0,0,0,3,,,0,,,,,,,Nil,1-way,Sealed,,0,0,,80,,Off,0,0,,76,Auckland,Nil,,,,,0,0,Open,0,,,Fine,Null
1867127,5715263,29091,,541317,0,,0,2,,Null,2005/2006,WAIRAKEI DRIVE,HUKA FALLS ROAD S,,Non-Injury Crash,No,2006,,South,,0,,Flat,,,,,,Overcast,1279014,0,0,0,4,,,0,,,,,,Waikato Region,Nil,2-way,Sealed,,0,0,,80,,Null,0,0,,21,Taupo District,Give way,,,,,0,0,Open,0,,,Light rain,Null
1883348,5773105,29092,,539700,0,,0,2,,East,2005/2006,MALFROY ROAD WEST,JERVIS ST,,Non-Injury Crash,No,2006,,West,,0,,Flat,,,,,,Overcast,1227300,0,0,0,2,,,0,,,,,,Bay of Plenty Region,Nil,2-way,Sealed,,0,0,,50,,Off,0,0,,24,Rotorua District,Nil,,,,,0,0,Urban,0,,,Fine,Null
1814484,5801830,29093,,527931,0,0,0,2,0,West,2006/2007,KAIPAKI ROAD,CAMBRIDGE ROAD,,Non-Injury Crash,No,2006,0,West,0,0,1,Flat,0,,0,,0,Overcast,987902,0,0,0,2,0,0,0,0,0,,0,0,Waikato Region,Nil,2-way,Sealed,0,0,0,0,100,0,Null,0,0,,17,Waipa District,Unknown,0,0,0,0,0,0,Open,0,0,0,Mist or Fog,Null
1882847,5773632,29094,,539600,0,,0,1,,Null,2006/2007,HAROLD CRESCENT,WING PLACE,,Minor Crash,No,2007,,East,,0,,Flat,,,,,,Twilight,1228002,7,0,0,2,,,0,,,,,,Bay of Plenty Region,Nil,2-way,Sealed,,0,0,,50,,Off,0,0,,24,Rotorua District,Nil,,,,,0,0,Urban,1,,,Fine,Null
1766846,5912717,29095,,522920,0,,0,1,,Null,2005/2006,TI RAKAU DRIVE,MATTSON ROAD,,Minor Crash,No,2006,,North,,0,,Flat,,,,,,Overcast,686800,1,0,0,4,,,0,,,,,,Auckland Region,Nil,2-way,Sealed,,0,0,,60,,Off,0,0,,76,Auckland,Traffic Signals,,,,,1,0,Urban,0,,,Light rain,Null
1719494,6045534,29096,,503100,0,,0,1,,Null,2006/2007,WALTON ST,CLYDE ST,,Non-Injury Crash,No,2006,,West,,0,,Flat,,,,,,Bright sun,100300,0,0,0,4,,,0,,,,,,Northland Region,Nil,2-way,Sealed,,0,0,,50,,Off,1,0,,2,Whangarei District,Give way,,,,,0,0,Urban,0,,,Fine,Null
1883607,5775228,29097,,539200,0,0,0,1,0,East,2006/2007,RAILWAY ROAD,LAKE ROAD,,Non-Injury Crash,No,2006,0,East,1,0,0,Flat,0,,0,,0,Overcast,1221700,0,0,0,2,0,0,0,0,0,,0,0,Bay of Plenty Region,Nil,2-way,Sealed,0,0,0,0,50,0,Off,0,0,,24,Rotorua District,Nil,0,0,0,0,0,0,Urban,0,0,0,Light rain,Null
1868959,5713575,29098,,541730,0,0,0,2,0,North,2006/2007,RIFLE RANGE ROAD,KARAMU ST,,Serious Crash,No,2006,0,North,0,0,0,Flat,0,,0,,0,Bright sun,1271700,0,0,0,2,0,0,0,0,1,,0,0,Waikato Region,Nil,2-way,Sealed,0,0,1,0,50,0,Null,0,0,,21,Taupo District,Unknown,0,0,0,0,0,0,Urban,0,0,0,Fine,Frost
1834412,5860521,29099,,534200,0,1,0,0,0,North,2006/2007,GERRAND ROAD,WAIKOATA ROAD,,Serious Crash,No,2006,0,South,1,0,0,Flat,0,,0,,0,Bright sun,1076501,0,0,0,2,0,0,1,1,0,,0,0,Waikato Region,Bridge,2-way,Sealed,0,0,1,0,100,0,None,0,0,,12,Hauraki District,Nil,0,0,0,0,0,0,Open,0,0,0,Fine,Null
1771607,5895229,29100,,525530,0,,0,2,,Null,2006/2007,PAPAKURA OFF SBD,BEACH ROAD,,Minor Crash,Yes,2006,,South,,0,,Flat,,,,,,Bright sun,804901,1,0,0,2,,,0,,,,,,Auckland Region,Motorway ramp,2-way,Sealed,,0,0,,50,,Off,0,0,,76,Auckland,Give way,,,,,0,0,Urban,0,,,Fine,Null
1718554,6050982,29101,,502102,0,,0,2,,East,2006/2007,STATION ROAD,EDEN TERRACE,,Non-Injury Crash,No,2006,,East,,0,,Flat,,,,,,Dark,84400,0,0,0,2,,,0,,,,,,Northland Region,Nil,2-way,Sealed,,0,0,,50,,None,0,0,,2,Whangarei District,Unknown,,,,,0,0,Urban,0,,,Fine,Null
1755606,5925590,29102,,509701,0,,0,2,,Null,2006/2007,LAKE ROAD,EXMOUTH ROAD,,Non-Injury Crash,No,2006,,South,,0,,Hill Road,,,,,,Bright sun,362501,0,0,0,2,,,0,,,,,,Auckland Region,Nil,2-way,Sealed,,0,0,,50,,Off,0,0,,76,Auckland,Give way,,,,,0,0,Urban,0,,,Fine,Null
1811425,5534859,29103,,561422,0,,0,1,,Null,2006/2007,RONGOTEA ROAD,GREEN ROAD,,Minor Crash,No,2006,,East,,0,,Flat,,,,,,Dark,1787700,2,0,0,2,,,0,,,,,,Manawatū-Whanganui Region,Nil,2-way,Sealed,,0,0,,100,,On,0,0,,39,Manawatu District,Give way,,,,,0,0,Open,1,,,Fine,Null
1769828,5889637,29104,,521122,0,0,0,2,0,East,2005/2006,SH 22,BYCROFT ROAD,,Minor Crash,Yes,2006,0,West,0,0,0,Hill Road,0,,0,,0,Overcast,812600,1,0,0,2,0,0,0,0,0,,0,0,Auckland Region,Nil,2-way,Sealed,0,0,0,0,100,0,Off,0,0,,76,Auckland,Stop,0,0,0,0,0,0,Open,0,1,0,Light rain,Null
1764832,5911410,29105,,520500,0,,0,1,,Null,2005/2006,PANAMA ROAD,MCLENNAN ROAD,,Non-Injury Crash,No,2006,,West,,0,,Hill Road,,,,,,Overcast,635800,0,0,0,2,,,0,,,,,,Auckland Region,Nil,2-way,Sealed,,0,0,,50,,On,1,0,,76,Auckland,Nil,,,,,0,0,Urban,0,,,Light rain,Null
1350944,4875929,29106,,606700,0,0,0,1,0,North,2005/2006,SH 1S,BENHAR ROAD,,Minor Crash,Yes,2006,0,South,1,0,0,Hill Road,0,Easter,0,,0,Dark,2983900,2,0,0,2,0,0,0,0,0,,0,0,Otago Region,Nil,2-way,Sealed,0,0,0,0,100,0,None,0,0,,72,Clutha District,Unknown,0,0,0,1,0,0,Open,0,0,0,Mist or Fog,Null
1795750,5821299,29107,,528403,0,,0,1,,Null,2006/2007,TE RAPA ROAD,KAPUNI ST,,Non-Injury Crash,No,2006,,North,,0,,Flat,,,,,,Bright sun,977301,0,0,0,3,,,0,,,,,,Waikato Region,Nil,2-way,Sealed,,0,0,,80,,Off,0,0,,16,Hamilton City,Give way,,,,,1,0,Open,0,,,Fine,Null
1244932,4852121,29108,,610700,0,,0,1,,East,2005/2006,LAYARD ST,WARD ST,,Serious Crash,No,2006,,East,,0,,Flat,,,,,,Bright sun,3122300,0,1,0,2,,,0,,,,,,Southland Region,Nil,2-way,Sealed,,0,1,,50,,Null,0,0,,75,Invercargill City,Nil,,,,,0,0,Urban,0,,,Fine,Frost
1763719,5912648,29109,,520500,0,0,0,1,0,North,2005/2006,SH 1N,MT WGTN OBR,,Non-Injury Crash,Yes,2006,0,South,0,0,0,Hill Road,1,,0,,0,Dark,637400,0,0,0,3,0,0,0,0,0,,0,0,Auckland Region,Nil,1-way,Sealed,0,0,0,0,100,0,On,0,0,,76,Auckland,Nil,0,0,0,0,0,0,Open,0,0,0,Heavy rain,Null
1748348,5427708,29110,,573000,0,1,0,0,0,South,2005/2006,SH 1N,NORTH PORTAL SBD,,Non-Injury Crash,Yes,2006,0,South,0,0,0,Flat,0,,0,,0,Dark,2126900,0,0,0,3,0,0,0,0,0,,0,0,Wellington Region,Nil,2-way,Sealed,0,0,0,0,100,0,On,1,0,,47,Wellington City,Nil,0,0,0,0,0,0,Open,0,0,0,Fine,Null
1751946,5912425,29111,,514700,0,,0,2,,Null,2007/2008,DONOVAN ST,RATHLIN ST,,Minor Crash,No,2007,,West,,0,,Flat,,,,,,Dark,368900,3,0,0,2,,,0,,,,,,Auckland Region,Nil,2-way,Sealed,,0,0,,50,,On,0,0,,76,Auckland,Nil,,,,,0,0,Urban,0,,,Fine,Null
1771190,5911887,29112,,523106,0,,0,2,,Null,2005/2006,CHAPEL ROAD,KILIMANJARO DRIVE,,Non-Injury Crash,No,2006,,North,,0,,Hill Road,,,,,,Bright sun,711131,0,0,0,3,,,0,,,,,,Auckland Region,Nil,2-way,Sealed,,0,0,,70,,Null,0,0,,76,Auckland,Give way,,,,,0,0,Urban,0,,,Fine,Null
1754386,5934974,29113,,507102,0,0,0,1,0,West,2006/2007,VALDESE RISE,JOHN DOWNS DRIVE,,Non-Injury Crash,No,2006,0,West,0,0,0,Hill Road,0,,0,,0,Dark,158702,0,0,0,2,0,0,0,0,2,,0,0,Auckland Region,Nil,2-way,Sealed,0,0,0,0,50,0,On,1,0,,76,Auckland,Nil,0,0,0,0,1,0,Urban,0,0,0,Fine,Null
1720405,6048317,29114,,502202,0,,0,1,,East,2005/2006,WHAREORA ROAD,MILL ROAD,,Non-Injury Crash,No,2006,,East,,0,,Flat,,,,,,Overcast,72605,0,0,0,2,,,0,,,,,,Northland Region,Nil,2-way,Sealed,,0,0,,50,,Off,0,0,,2,Whangarei District,Nil,,,,,0,0,Urban,0,,,Light rain,Null
1779157,5877804,29115,75,521131,0,,0,0,,East,2006/2007,2 OFF SBD,SH 1N,,Non-Injury Crash,Yes,2006,,East,,0,,Hill Road,,,,,,Bright sun,842401,0,0,0,3,,,0,,,,,,Waikato Region,Motorway ramp,2-way,Sealed,,0,0,,100,,Null,0,0,,13,Waikato District,Unknown,,,,,1,0,Open,0,,,Fine,Null
1747178,5913383,29116,,511100,0,0,0,1,0,North,2006/2007,CAPTAIN SCOTT ROAD,SAVOY ROAD,,Minor Crash,No,2006,0,North,0,0,1,Hill Road,0,,0,,0,Bright sun,286600,2,0,0,2,0,0,0,0,0,,0,1,Auckland Region,Nil,2-way,Sealed,0,0,0,0,50,0,Off,0,0,,76,Auckland,Nil,0,0,0,0,0,0,Urban,0,0,0,Fine,Null
1772171,5894944,29117,,525530,0,,0,2,,Null,2006/2007,EDINBURGH AVENUE,ROSEHILL DRIVE,,Non-Injury Crash,No,2006,,North,,0,,Flat,,,,,,Bright sun,805100,0,0,0,2,,,0,,,,,,Auckland Region,Nil,2-way,Sealed,,0,0,,50,,Off,0,0,,76,Auckland,Give way,,,,,0,0,Urban,0,,,Fine,Null
1771087,5914686,29118,,521601,0,,0,2,,Null,2005/2006,RIDGE ROAD,VINCENT ST,,Non-Injury Crash,No,2006,,South,,0,,Flat,,,,,,Overcast,646500,0,0,0,2,,,0,,,,,,Auckland Region,Nil,2-way,Sealed,,0,0,,50,,Off,0,0,,76,Auckland,Nil,,,,,0,0,Urban,0,,,Fine,Null
1623933,5430874,29119,,582500,0,0,0,2,0,West,2005/2006,Z CPK BUXTON,ALMA/BUXTON,,Non-Injury Crash,No,2006,0,South,0,0,0,Flat,0,,0,,0,Dark,2320300,0,0,0,0,0,0,0,0,1,,0,0,Nelson Region,Nil,Off road,Sealed,0,0,0,0,50,0,On,0,0,,52,Nelson City,Nil,0,0,0,0,0,0,Urban,0,0,0,Fine,Null
1885193,5774325,29120,,540410,0,,0,2,,Null,2005/2006,FENTON ST,PUKAKI ST,,Non-Injury Crash,No,2006,,South,,0,,Flat,,,,,,Bright sun,1235200,0,0,0,2,,,0,,,,,,Bay of Plenty Region,Nil,2-way,Sealed,,0,0,,50,,Null,0,0,,24,Rotorua District,Give way,,,,,0,0,Urban,0,,,Fine,Null
1682619,6097102,29121,,501633,0,0,0,2,0,East,2006/2007,WIROA ROAD,WAIMATE NORTH ROAD,,Non-Injury Crash,No,2006,0,West,0,0,0,Flat,0,,0,,0,Dark,49801,0,0,0,2,0,0,0,0,0,,0,0,Northland Region,Nil,2-way,Sealed,0,0,0,0,100,0,None,0,0,,1,Far North District,Nil,0,0,0,1,0,0,Open,0,0,0,Fine,Null
1764607,5437420,29122,,568302,0,,0,1,,South,2006/2007,RIMU ST,PREBBLE GROVE,,Serious Crash,No,2006,,North,,0,,Flat,,,,,,Overcast,1960600,0,0,0,2,,,0,,,1,,,Wellington Region,Nil,2-way,Sealed,,0,1,,50,,Null,0,0,,46,Lower Hutt City,Nil,,,,,0,0,Urban,0,,,Light rain,Null
1877123,5826639,29123,,537201,0,,0,2,,East,2005/2006,NGATAI ROAD,OTUMOETAI ROAD,,Minor Crash,No,2006,,West,,0,,Flat,,,,,,Overcast,1154601,1,0,0,2,,,0,,,,,,Bay of Plenty Region,Nil,2-way,Sealed,,0,0,,50,,Off,0,0,,23,Tauranga City,Nil,,,,,0,0,Urban,0,,,Fine,Null
1823712,5464096,29124,,578700,0,,0,2,,Null,2005/2006,LINCOLN ROAD,VILLA ST,,Non-Injury Crash,No,2006,,South,,0,,Flat,,,,,,Overcast,2238600,0,0,0,2,,,0,,,,,,Wellington Region,Nil,2-way,Sealed,,0,0,,50,,Null,1,0,,48,Masterton District,Stop,,,,,0,0,Urban,0,,,Mist or Fog,Null
1718490,6045572,29125,,503000,0,,0,1,,East,2005/2006,SH 1N,KAUIKA ROAD,,Non-Injury Crash,Yes,2006,,East,,0,,Hill Road,,,,,,Bright sun,98400,0,0,0,2,,,0,,,,,,Northland Region,Nil,2-way,Sealed,,0,0,,50,,Off,0,0,,2,Whangarei District,Nil,,,,,0,0,Urban,0,,,Fine,Null
1771269,5444513,29126,,567600,0,,0,1,,Null,2006/2007,FERGUSSON DRIVE,MERTON ST,,Minor Crash,No,2006,,South,,0,,Flat,,,,,,Dark,1891100,1,0,0,2,,,0,,,1,,,Wellington Region,Nil,2-way,Sealed,,0,0,,50,,On,0,0,,45,Upper Hutt City,Nil,,,,,0,0,Urban,0,,,Heavy rain,Null
1756948,5913669,29127,,518702,0,,0,2,,South,2006/2007,HILLSBOROUGH ROAD,MOUNT ALBERT ROAD,,Non-Injury Crash,No,2006,,North,,0,,Flat,,,,,,Dark,567401,0,0,0,2,,,0,,,,,,Auckland Region,Nil,2-way,Sealed,,0,0,,50,,On,0,0,,76,Auckland,Nil,,,,,0,0,Urban,0,,,Fine,Null
1748457,5913937,29128,,511302,0,,0,2,,East,2006/2007,GREAT NORTH ROAD,LYNWOOD ROAD,,Minor Crash,No,2006,,West,,0,,Flat,,,,,,Bright sun,269300,1,0,1,4,,,0,,,,,,Auckland Region,Nil,2-way,Sealed,,0,0,,50,,Null,0,0,,76,Auckland,Give way,,,,,0,0,Urban,0,,,Fine,Null
1773947,5472654,29129,,563703,0,,0,2,,Null,2005/2006,SH 1N,TE MOANA ROAD,,Non-Injury Crash,Yes,2006,,South,,0,,Flat,,,,,,Bright sun,1876400,0,0,0,4,,,0,,,,,,Wellington Region,Nil,2-way,Sealed,,0,0,,50,,Null,0,0,,43,Kapiti Coast District,Traffic Signals,,,,,0,0,Urban,0,,,Fine,Null
1771544,5901396,29130,,523813,0,,0,1,,West,2005/2006,ALFRISTON ROAD,WASTNEY ROAD,,Non-Injury Crash,No,2006,,South,,0,,Flat,,,,,,Dark,759800,0,0,0,2,,,0,,,,,,Auckland Region,Nil,2-way,Sealed,,0,0,,100,,None,0,0,,76,Auckland,Nil,,,,,0,0,Open,0,,,Fine,Null
1790823,5836231,29131,,526601,0,,0,1,,Null,2005/2006,HAKARIMATA ROAD,PARKER ROAD,,Minor Crash,No,2006,,South,,0,,Flat,,,,,,Bright sun,852200,1,0,0,2,,,0,,,,,,Waikato Region,Nil,2-way,Sealed,,0,0,,100,,Null,1,0,,13,Waikato District,Nil,,,,,0,0,Open,0,,,Fine,Null
1766722,5904676,29132,,524604,0,,0,1,,Null,2006/2007,LAMBIE DRIVE,CAVENDISH DRIVE,,Non-Injury Crash,No,2006,,North,,0,,Flat,,,,,,Bright sun,780209,0,0,0,2,,,0,,,,,,Auckland Region,Nil,2-way,Sealed,,0,0,,50,,Off,0,0,,76,Auckland,Give way,,,,,0,0,Urban,1,,,Fine,Null
1750123,5425048,29133,,576903,0,,0,2,,Null,2006/2007,SH 1N WELLINGTON,HAMILTON ROAD,,Non-Injury Crash,Yes,2006,,West,,0,,Hill Road,,,,,,Overcast,2180300,0,0,0,4,,,0,,,,,,Wellington Region,Nil,2-way,Sealed,,0,0,,50,,Null,0,1,,47,Wellington City,Traffic Signals,,,,,0,0,Urban,0,,,Heavy rain,Strong wind
1743167,5921341,29134,,513631,0,,0,1,,Null,2006/2007,DON BUCK ROAD,MALMO PLACE,,Non-Injury Crash,No,2006,,East,,0,,Flat,,,,,,Overcast,227206,0,0,0,2,,,0,,,,,,Auckland Region,Nil,2-way,Sealed,,0,0,,50,,Off,0,0,,76,Auckland,Give way,,,,,0,0,Urban,1,,,Fine,Null
1756228,5918822,29135,,515500,0,,0,2,,East,2005/2006,SH 16,BOND OBR,,Non-Injury Crash,Yes,2006,,West,,0,,Flat,,,,,,Dark,417600,0,0,0,2,,,0,,,,,,Auckland Region,Nil,2-way,Sealed,,0,0,,80,,On,0,0,,76,Auckland,Nil,,,,,0,0,Open,0,,,Fine,Null
1566855,5184144,29136,,588700,0,,0,2,,Null,2005/2006,GREERS ROAD,CONDELL AVENUE,,Minor Crash,No,2006,,South,,0,,Flat,,,,,,Overcast,2521600,2,0,0,2,,,0,,,,,,Canterbury Region,Nil,2-way,Sealed,,0,0,,50,,Null,0,0,,60,Christchurch City,Give way,,,,,0,0,Urban,0,,,Fine,Null
1682573,6002707,29137,,504501,0,0,0,1,0,Null,2005/2006,KOREMOA ROAD,TE MAIRE ROAD,,Non-Injury Crash,No,2006,0,South,0,0,0,Hill Road,0,,0,,0,Overcast,124100,0,0,0,2,0,0,0,0,0,,0,0,Northland Region,Nil,2-way,Sealed,0,0,0,0,100,0,None,0,0,,3,Kaipara District,Nil,0,0,0,0,0,0,Open,0,0,0,Fine,Null