X,Y,OBJECTID,advisorySpeed,areaUnitID,bicycle,bridge,bus,carStationWagon,cliffBank,crashDirectionDescription,crashFinancialYear,crashLocation1,crashLocation2,crashRoadSideRoad,crashSeverity,crashSHDescription,crashYear,debris,directionRoleDescription,ditch,fatalCount,fence,flatHill,guardRail,holiday,houseOrBuilding,intersection,kerb,light,meshblockId,minorInjuryCount,moped,motorcycle,NumberOfLanes,objectThrownOrDropped,otherObject,otherVehicleType,overBank,parkedVehicle,pedestrian,phoneBoxEtc,postOrPole,region,roadCharacter,roadLane,roadSurface,roadworks,schoolBus,seriousInjuryCount,slipOrFlood,speedLimit,strayAnimal,streetLight,suv,taxi,temporarySpeedLimit,tlaId,tlaName,trafficControl,trafficIsland,trafficSign,train,tree,truck,unknownVehicleType,urban,vanOrUtility,vehicle,waterRiver,weatherA,weatherB
1745761,5920555,29138,,513301,0,,0,3,,East,2005/2006,SH 16,LINCOLN ON EBD,,Minor Crash,Yes,2006,,East,,0,,Flat,,,,,,Overcast,230200,1,0,0,2,,,0,,,,,,Auckland Region,Nil,2-way,Sealed,,0,0,,100,,Off,0,0,,76,Auckland,Nil,,,,,0,0,Open,0,,,Light rain,Null
1836224,5794558,29139,,535250,0,0,0,0,1,South,2005/2006,SH 1N,PAPARAMU ROAD N,,Non-Injury Crash,Yes,2006,0,South,0,0,1,Flat,0,,0,,0,Overcast,1125301,0,0,0,2,0,0,0,0,0,,0,0,Waikato Region,Nil,2-way,Sealed,0,0,0,0,100,0,Null,0,0,,19,South Waikato District,Unknown,0,0,0,0,0,0,Open,1,0,0,Heavy rain,Null
1739216,5697403,29140,,550700,0,0,0,1,0,Null,2007/2008,SH 3,OKAU ROAD,,Minor Crash,Yes,2007,0,South,0,0,0,Flat,1,,0,,0,Overcast,1552600,1,0,0,2,0,0,0,0,0,,0,0,Taranaki Region,Nil,2-way,Sealed,0,0,0,0,100,0,Null,1,0,,33,New Plymouth District,Give way,0,0,0,0,0,0,Open,0,0,0,Light rain,Null
1756124,5915665,29141,,518301,0,0,0,1,0,West,2006/2007,KENSINGTON AVENUE,KINGSFORD ROAD,,Non-Injury Crash,No,2006,0,East,0,0,0,Flat,0,,0,,0,Dark,556100,0,0,0,2,0,0,0,0,1,,0,0,Auckland Region,Nil,2-way,Sealed,0,0,0,0,50,0,On,0,0,,76,Auckland,Nil,0,0,0,0,0,0,Urban,2,0,0,Fine,Null
1876117,5819994,29142,,537601,0,,0,1,,South,2005/2006,PARALLEL ACCESS,CHADWICK ROAD,,Non-Injury Crash,No,2006,,South,,0,,Flat,,,,,,Bright sun,1175000,0,0,0,2,,,0,,,,,,Bay of Plenty Region,Nil,2-way,Sealed,,0,0,,50,,Null,0,0,,23,Tauranga City,Unknown,,,,,1,0,Urban,0,,,Fine,Null
1404568,4918045,29143,,603910,0,0,0,1,0,East,2005/2006,TAIERI ROAD,PENNANT ST,,Minor Crash,No,2006,0,West,0,0,0,Hill Road,0,,0,,0,Overcast,2884100,1,0,0,2,0,0,0,0,0,,0,1,Otago Region,Nil,2-way,Sealed,0,0,0,0,50,0,Null,0,0,,71,Dunedin City,Unknown,0,0,0,0,0,0,Urban,0,0,0,Heavy rain,Null
1747825,5912444,29144,,511901,0,0,0,0,0,South,2006/2007,NORMAN ROAD,ATKINSON ROAD,,Non-Injury Crash,No,2006,0,South,0,0,0,Hill Road,0,,0,,0,Bright sun,292500,0,0,0,2,0,0,0,0,0,,0,0,Auckland Region,Nil,2-way,Sealed,1,0,0,0,50,0,Off,1,0,,76,Auckland,Nil,0,0,0,0,0,0,Urban,0,0,0,Fine,Null
1753684,5918292,29145,,515003,0,,0,2,,East,2005/2006,SH 16,ST LUKES ON WBD,,Non-Injury Crash,Yes,2006,,West,,0,,Flat,,,,,,Bright sun,390502,0,0,0,3,,,0,,,,,,Auckland Region,Nil,1-way,Sealed,,0,0,,100,,Off,1,0,,76,Auckland,Nil,,,,,0,0,Open,0,,,Fine,Null
1756527,5914842,29146,,518302,0,,0,2,,Null,2006/2007,MOUNT EDEN ROAD,DUKE ST,,Non-Injury Crash,No,2006,,South,,0,,Flat,,,,,,Overcast,558900,0,0,0,2,,,0,,,,,,Auckland Region,Nil,2-way,Sealed,,0,0,,50,,Off,0,0,,76,Auckland,Nil,,,,,0,0,Urban,0,,,Light rain,Null
1754327,5935982,29147,,508704,0,0,0,0,1,South,2005/2006,EAST COAST ROAD,CARLISLE ROAD,,Non-Injury Crash,No,2006,0,North,0,0,0,Flat,0,,0,,0,Dark,178602,0,0,0,4,0,0,0,0,0,,0,0,Auckland Region,Nil,2-way,Sealed,0,0,0,0,50,0,On,0,0,,76,Auckland,Nil,0,0,0,0,0,0,Urban,1,0,0,Fine,Null
1766686,5882493,29148,,521112,0,0,0,1,0,West,2006/2007,GUN CLUB ROAD,HELVETIA ROAD,,Non-Injury Crash,No,2006,0,East,1,0,1,Hill Road,0,,0,,0,Dark,826500,0,0,0,2,0,0,0,0,0,,0,0,Auckland Region,Nil,2-way,Sealed,0,0,0,0,100,0,None,0,0,,76,Auckland,Unknown,0,0,0,0,0,0,Open,0,0,0,Fine,Null
1949802,5791312,29149,,542410,0,,0,2,,West,2005/2006,LANDING ROAD,EIVERS ROAD,,Non-Injury Crash,No,2006,,East,,0,,Flat,,,,,,Bright sun,1309702,0,0,0,2,,,0,,,,,,Bay of Plenty Region,Nil,2-way,Sealed,,0,0,,50,,Null,0,0,,25,Whakatane District,Give way,,,,,0,0,Urban,0,,,Fine,Null
1767326,5907648,29150,,523502,0,0,0,2,0,West,2006/2007,EAST TAMAKI ROAD,FERGUSON ROAD,,Non-Injury Crash,No,2006,0,East,0,0,0,Flat,0,,0,,0,Overcast,701900,0,0,0,4,0,0,0,0,0,,0,0,Auckland Region,Nil,2-way,Sealed,0,0,0,0,60,0,Off,0,0,,76,Auckland,Nil,0,0,0,1,0,0,Urban,0,0,0,Fine,Null
1832094,5522428,29151,,577900,0,0,0,1,0,East,2005/2006,PAHIATUA TRACK,SOUTH RANGE ROAD,,Non-Injury Crash,No,2006,0,West,0,0,1,Hill Road,0,,0,,0,Overcast,2219900,0,0,0,2,0,0,0,1,0,,0,0,Manawatū-Whanganui Region,Nil,2-way,Sealed,0,0,0,0,100,0,Null,0,0,,41,Tararua District,Nil,0,0,0,1,0,0,Open,0,0,0,Fine,Null
1760846,5915337,29152,,520201,0,,0,0,,South,2006/2007,SH 1N,GREENLANE INT S,,Non-Injury Crash,Yes,2007,,North,,0,,Flat,,,,,,Overcast,613000,0,0,0,3,,,0,,,,,,Auckland Region,Nil,1-way,Sealed,,0,0,,100,,Off,0,0,,76,Auckland,Nil,,,,,2,0,Open,0,,,Fine,Null
1760725,5919892,29153,,516400,0,,0,2,,West,2006/2007,TAMAKI DRIVE,NGAPIPI ROAD,,Non-Injury Crash,No,2006,,West,,0,,Flat,,,,,,Dark,496500,0,0,0,4,,,0,,,,,,Auckland Region,Nil,2-way,Sealed,,0,0,,50,,On,0,0,,76,Auckland,Nil,,,,,0,0,Urban,0,,,Fine,Null
1758850,5918968,29154,,515901,0,,0,2,,Null,2005/2006,PARNELL ROAD,AYR ST,,Non-Injury Crash,No,2006,,South,,0,,Flat,,,,,,Dark,451800,0,0,0,4,,,0,,,,,,Auckland Region,Nil,2-way,Sealed,,0,0,,50,,On,0,0,,76,Auckland,Traffic Signals,,,,,0,0,Urban,0,,,Mist or Fog,Null
1758711,5926127,29155,,508020,0,,0,1,,North,2005/2006,JUTLAND ROAD,LAKE ROAD,,Non-Injury Crash,No,2006,,North,,0,,Hill Road,,,,,,Overcast,324000,0,0,1,2,,,0,,,,,,Auckland Region,Nil,2-way,Sealed,,0,0,,50,,Off,0,0,,76,Auckland,Stop,,,,,0,0,Urban,0,,,Fine,Null
1752262,5928457,29156,,508411,0,,0,1,,East,2005/2006,RANDAL PLACE,ANNE MCLEAN DRIVE,,Serious Crash,No,2006,,,,0,,Hill Road,,Christmas New Year,,,,Overcast,185902,0,0,0,2,,,0,,,1,,,Auckland Region,Nil,2-way,Sealed,,0,1,,50,,Off,0,0,,76,Auckland,Nil,,,,,0,0,Urban,0,,,Heavy rain,Null
1755173,5914291,29157,,518803,0,,0,2,,Null,2006/2007,DOMINION ROAD,MOUNT ALBERT ROAD,,Minor Crash,No,2006,,South,,0,,Hill Road,,,,,,Overcast,580100,1,0,0,4,,,0,,,,,,Auckland Region,Nil,2-way,Sealed,,0,0,,50,,Off,0,0,,76,Auckland,Traffic Signals,,,,,0,0,Urban,0,,,Light rain,Null
1744891,5914406,29158,,512905,0,0,0,1,0,North,2005/2006,PARRS CROSS ROAD,SEYMOUR ROAD,,Non-Injury Crash,No,2006,0,North,0,0,1,Flat,0,,0,,0,Overcast,278903,0,0,0,2,0,0,0,0,0,,0,0,Auckland Region,Nil,2-way,Sealed,0,0,0,0,50,0,Off,0,0,,76,Auckland,Nil,0,0,0,0,0,0,Urban,0,0,0,Fine,Null
1750165,5914175,29159,,511303,0,,0,2,,West,2005/2006,Z CPK PIZZA HUT,VERONICA ST,,Non-Injury Crash,No,2006,,East,,0,,Flat,,,,,,Dark,266100,0,0,0,2,,,0,,,,,,Auckland Region,Nil,Off road,Sealed,,0,0,,30,,On,0,0,,76,Auckland,Nil,,,,,0,0,Urban,0,,,Fine,Null
1717950,6048794,29160,,502300,0,0,0,1,0,East,2006/2007,WHAU VALLEY ROAD,HUIA ST,,Non-Injury Crash,No,2006,0,West,0,0,1,Flat,0,,0,,0,Dark,89100,0,0,0,2,0,0,0,0,0,,0,1,Northland Region,Nil,2-way,Sealed,0,0,0,0,50,0,On,0,0,,2,Whangarei District,Nil,0,0,0,0,0,0,Urban,0,0,0,Fine,Null
1772130,5898042,29161,,523912,0,0,0,1,0,East,2006/2007,WALTERS ROAD,PORCHESTER ROAD,,Non-Injury Crash,No,2006,0,West,1,0,0,Flat,0,,0,,0,Dark,765405,0,0,0,2,0,0,0,0,0,,0,0,Auckland Region,Nil,2-way,Sealed,0,0,0,0,50,0,On,0,0,,76,Auckland,Nil,0,0,0,0,0,0,Urban,0,0,0,Fine,Null
1684207,5428487,29162,,581100,0,,0,2,,Null,2005/2006,SH 1S,DUBLIN ST,,Non-Injury Crash,Yes,2006,,East,,0,,Flat,,,,,,Bright sun,2281100,0,0,0,2,,,0,,,,,,Marlborough Region,Nil,2-way,Sealed,,0,0,,50,,Null,0,0,,53,Marlborough District,Stop,,,,,0,0,Urban,0,,,Fine,Null
1769378,5915388,29163,,522730,0,,0,2,,Null,2006/2007,PIGEON MOUNTAIN ROAD,BLANCHE WAY,,Non-Injury Crash,No,2006,,North,,0,,Hill Road,,,,,,Dark,679810,0,0,0,2,,,0,,,,,,Auckland Region,Nil,2-way,Sealed,,0,0,,50,,On,0,0,,76,Auckland,Nil,,,,,0,0,Urban,0,,,Fine,Null
1751604,5913976,29164,,514402,0,,0,1,,North,2005/2006,BLOCKHOUSE BAY ROAD,HOLBROOK ST,,Minor Crash,No,2006,,North,,0,,Hill Road,,,,,,Overcast,378303,1,0,0,2,,,0,,,1,,,Auckland Region,Nil,2-way,Sealed,,0,0,,50,,Off,0,0,,76,Auckland,Nil,,,,,0,0,Urban,0,,,Fine,Null
1853373,5875266,29165,45,533603,0,0,0,1,0,South,2006/2007,SH 25,HILTON DRIVE,,Minor Crash,Yes,2006,0,South,0,0,0,Hill Road,0,Labour Weekend,0,,0,Dark,1060501,1,0,0,2,0,1,0,1,0,,0,0,Waikato Region,Nil,2-way,Sealed,0,0,0,0,100,0,None,0,0,,11,Thames-Coromandel District,Unknown,0,0,0,0,0,0,Open,0,0,0,Fine,Null
1763262,5908247,29166,,524301,0,0,0,1,0,Null,2006/2007,SAVILL DRIVE,MASSEY ROAD,,Non-Injury Crash,No,2006,0,East,0,0,0,Flat,0,,0,,0,Dark,748600,0,0,0,2,0,0,0,0,0,,0,0,Auckland Region,Nil,2-way,Sealed,0,0,0,0,50,0,On,1,0,,76,Auckland,Traffic Signals,0,0,0,0,0,0,Urban,1,1,0,Fine,Null
1765703,5906779,29167,,522301,0,,0,2,,North,2005/2006,GREAT SOUTH ROAD,HOTEO AVENUE,,Non-Injury Crash,No,2006,,South,,0,,Flat,,,,,,Bright sun,666900,0,0,0,2,,,0,,,,,,Auckland Region,Nil,2-way,Sealed,,0,0,,50,,Off,0,0,,76,Auckland,Nil,,,,,0,0,Urban,0,,,Fine,Null
1756276,5924319,29168,,509702,0,,0,2,,South,2006/2007,SH 1N,OLD ONEWA OBR,,Non-Injury Crash,Yes,2006,,South,,0,,Flat,,,,,,Bright sun,366700,0,0,0,4,,,0,,,,,,Auckland Region,Nil,1-way,Sealed,,0,0,,80,,Off,0,0,,76,Auckland,Nil,,,,,0,0,Open,0,,,Fine,Null
1764919,5914744,29169,,520602,0,,0,2,,Null,2006/2007,ELLERSLIE-PANMURE HIGHWAY,PANMURE ROUNDABOUT,,Non-Injury Crash,No,2006,,North,,0,,Flat,,,,,,Overcast,628400,0,0,0,3,,,0,,,,,,Auckland Region,Nil,1-way,Sealed,,0,0,,50,,Off,0,0,,76,Auckland,Give way,,,,,0,0,Urban,0,,,Fine,Null
1800809,5813544,29170,,529100,0,,0,2,,Null,2006/2007,PEMBROKE ST,LAKE CRESCENT,,Non-Injury Crash,No,2006,,South,,0,,Flat,,,,,,Bright sun,932300,0,0,0,2,,,0,,,,,,Waikato Region,Nil,2-way,Sealed,,0,0,,50,,Null,0,0,,16,Hamilton City,Traffic Signals,,,,,0,0,Urban,0,,,Fine,Null
1790642,5839963,29171,,527402,0,,0,1,,South,2006/2007,SH 1N,TAINUI BRIDGE ROAD,,Non-Injury Crash,Yes,2006,,North,,0,,Flat,,,,,,Twilight,947100,0,0,0,2,,,0,,,,,,Waikato Region,Nil,2-way,Sealed,,0,0,,70,,On,2,0,,13,Waikato District,Nil,,,,,0,0,Urban,0,,,Light rain,Null
1761833,5914002,29172,,520202,0,,0,2,,South,2006/2007,SH 1N,PENROSE ON SBD,,Non-Injury Crash,Yes,2006,,South,,0,,Flat,,,,,,Bright sun,612800,0,0,0,3,,,0,,,,,,Auckland Region,Nil,1-way,Sealed,,0,0,,100,,Off,0,0,,76,Auckland,Nil,,,,,0,0,Open,0,,,Fine,Null
1410820,4934523,29173,,601603,0,,0,2,,Null,2006/2007,SH 1S,COAST ROAD S,,Minor Crash,Yes,2006,,South,,0,,Flat,,,,,,Overcast,2858300,1,0,0,2,,,0,,,,,,Otago Region,Nil,2-way,Sealed,,0,0,,100,,Null,0,0,,71,Dunedin City,Give way,,,,,0,0,Open,0,,,Fine,Null
1759420,5908278,29174,,524121,0,,0,2,,North,2006/2007,BADER DRIVE,CESSNA PLACE,,Non-Injury Crash,No,2006,,North,,0,,Flat,,,,,,Bright sun,737200,0,0,0,2,,,0,,,,,,Auckland Region,Nil,2-way,Sealed,,0,0,,50,,Off,0,0,,76,Auckland,Nil,,,,,0,0,Urban,0,,,Fine,Null
1706630,5658545,29175,,552702,0,1,0,0,0,South,2005/2006,SH 3,JOHNS ROAD,,Serious Crash,Yes,2006,0,South,1,0,0,Hill Road,0,,0,,0,Dark,1607300,0,0,0,2,0,0,0,0,0,,0,0,Taranaki Region,Nil,2-way,Sealed,0,0,1,0,100,0,None,0,0,,33,New Plymouth District,Nil,0,0,0,0,2,0,Open,0,0,0,Fine,Null
1759423,5908631,29176,,524002,0,,0,2,,West,2006/2007,MILLER ROAD,MCKENZIE ROAD,,Non-Injury Crash,No,2006,,East,,0,,Flat,,,,,,Dark,724700,0,0,0,2,,,0,,,,,,Auckland Region,Nil,2-way,Sealed,,0,0,,50,,On,0,0,,76,Auckland,Traffic Signals,,,,,0,0,Urban,0,,,Light rain,Null
1759554,5910256,29177,,524002,0,,0,4,,East,2005/2006,MAHUNGA DRIVE,RIMU OFF SBD,,Non-Injury Crash,No,2006,,West,,0,,Flat,,,,,,Dark,722400,0,0,0,2,,,0,,,,,,Auckland Region,Bridge,2-way,Sealed,,0,0,,60,,On,0,0,,76,Auckland,Traffic Signals,,,,,0,0,Urban,0,,,Light rain,Null
1745384,5915984,29178,,510800,0,,0,2,,West,2006/2007,BRUCE MCLAREN ROAD,RAILSIDE AVENUE,,Non-Injury Crash,No,2006,,East,,0,,Flat,,,,,,Bright sun,244600,0,0,0,2,,,0,,,,,,Auckland Region,Nil,2-way,Sealed,,0,0,,50,,Off,0,0,,76,Auckland,Traffic Signals,,,,,0,0,Urban,0,,,Fine,Null
1763734,5919267,29179,,516500,0,0,0,2,0,Null,2005/2006,KOHIMARAMA ROAD,HAWERA ROAD,,Non-Injury Crash,No,2006,0,West,0,0,0,Flat,0,,0,,0,Dark,502900,0,0,0,2,0,0,0,0,1,,0,0,Auckland Region,Nil,2-way,Sealed,0,0,0,0,50,0,On,0,0,,76,Auckland,Nil,0,0,0,0,0,0,Urban,0,0,0,Heavy rain,Null
1768189,5902430,29180,,524602,0,,0,2,,Null,2006/2007,GREAT SOUTH ROAD,ORAMS ROAD,,Non-Injury Crash,No,2006,,South,,0,,Flat,,,,,,Overcast,780700,0,0,0,2,,,0,,,,,,Auckland Region,Nil,2-way,Sealed,,0,0,,50,,On,0,0,,76,Auckland,Traffic Signals,,,,,0,0,Urban,0,,,Light rain,Null
1867367,5708079,29181,,541316,0,0,0,1,1,North,2006/2007,SH 1N,REREAHU AVENUE,,Non-Injury Crash,Yes,2006,0,North,0,0,0,Hill Road,0,,0,,0,Bright sun,1280003,0,0,0,3,0,0,0,0,0,,0,0,Waikato Region,Nil,2-way,Sealed,0,0,0,0,100,0,None,0,0,,21,Taupo District,Nil,0,0,0,0,0,0,Open,0,0,0,Fine,Frost
1802221,5816038,29182,,530100,0,,0,1,,East,2005/2006,TE AROHA ST,BOND ST,,Non-Injury Crash,No,2006,,West,,0,,Flat,,,,,,Bright sun,895300,0,0,0,2,,,0,,,,,,Waikato Region,Nil,2-way,Sealed,,0,0,,50,,Null,1,0,,16,Hamilton City,Unknown,,,,,0,0,Urban,0,,,Fine,Null
1766673,5904669,29183,,524603,0,,0,2,,West,2005/2006,CAVENDISH DRIVE,LAMBIE DRIVE,,Non-Injury Crash,No,2006,,West,,0,,Flat,,,,,,Bright sun,780202,0,0,0,2,,,0,,,,,,Auckland Region,Nil,2-way,Sealed,,0,0,,50,,Off,0,0,,76,Auckland,Nil,,,,,0,0,Urban,0,,,Fine,Null
1622796,5429138,29184,,583300,0,,0,2,,Null,2005/2006,WAIMEA ROAD,MOTUEKA ST,,Non-Injury Crash,No,2006,,North,,0,,Flat,,,,,,Bright sun,2330600,0,0,0,2,,,0,,,,,,Nelson Region,Nil,2-way,Sealed,,0,0,,50,,Null,0,0,,52,Nelson City,Give way,,,,,0,0,Urban,0,,,Fine,Null
1751198,5915037,29185,,514402,0,,0,2,,Null,2006/2007,GREAT NORTH ROAD,ST JUDE ST,,Minor Crash,No,2006,,South,,0,,Flat,,,,,,Bright sun,381000,1,0,0,4,,,0,,,,,,Auckland Region,Nil,2-way,Sealed,,0,0,,50,,Null,0,1,,76,Auckland,Give way,,,,,0,0,Urban,0,,,Fine,Null
1957412,5789182,29186,,541900,0,,0,2,,Null,2006/2007,POHUTUKAWA AVENUE,WAINUI ROAD,,Non-Injury Crash,No,2006,,East,,0,,Flat,,,,,,Bright sun,1294602,0,0,0,3,,,0,,,,,,Bay of Plenty Region,Nil,2-way,Sealed,,0,0,,70,,Null,1,0,,25,Whakatane District,Nil,,,,,0,0,Urban,0,,,Fine,Null
1297994,5002860,29187,,608302,0,0,0,1,1,North,2006/2007,SANDFLAT ROAD,PEARSON ROAD,,Minor Crash,No,2007,0,South,0,0,0,Flat,0,,0,,0,Overcast,3031301,1,0,0,2,0,0,0,0,0,,0,0,Otago Region,Nil,2-way,Unsealed,0,0,0,0,100,0,Null,0,0,,69,Central Otago District,Unknown,0,0,0,0,0,0,Open,0,0,0,Fine,Null
1765266,5583267,29188,,555400,0,0,0,1,0,West,2005/2006,RAPANUI ROAD,WATT LIVINGSTONE ROAD,,Serious Crash,No,2006,0,West,0,0,0,Flat,0,,0,,0,Dark,1681300,3,0,0,2,0,0,0,0,0,,0,1,Manawatū-Whanganui Region,Nil,2-way,Sealed,0,0,1,0,100,0,None,0,0,,37,Whanganui District,Nil,0,1,0,0,0,0,Open,0,0,0,Fine,Null
1767868,5911933,29189,,522910,0,0,0,1,0,North,2006/2007,TI RAKAU DRIVE,GOSSAMER DRIVE,,Non-Injury Crash,No,2006,0,South,0,0,0,Flat,0,,0,,1,Bright sun,687700,0,0,0,4,0,1,0,0,0,,0,0,Auckland Region,Nil,2-way,Sealed,0,0,0,0,60,0,Null,0,0,,76,Auckland,Unknown,0,1,0,0,0,0,Urban,0,0,0,Fine,Null
1819097,5828075,29190,45,534500,0,,0,1,,Null,2005/2006,SH 26,PIAKO ROAD,,Non-Injury Crash,Yes,2006,,West,,0,,Flat,,,,,,Overcast,1090700,0,0,0,3,,,0,,,,,,Waikato Region,Nil,2-way,Sealed,,0,0,,100,,Null,0,0,,15,Matamata-Piako District,Give way,,,,,1,0,Open,0,,,Mist or Fog,Null
1755087,5929157,29191,,508320,0,,0,2,,Null,2005/2006,WAIRAU ROAD,VIEW ROAD E,,Non-Injury Crash,No,2006,,West,,0,,Flat,,,,,,Overcast,196600,0,0,0,6,,,0,,,,,,Auckland Region,Nil,2-way,Sealed,,0,0,,50,,Off,0,0,,76,Auckland,Give way,,,,,0,0,Urban,0,,,Fine,Null
1883730,5772195,29192,,540000,0,0,0,0,0,West,2006/2007,DEVON ST WEST,SH 5,,Non-Injury Crash,No,2006,0,West,0,0,0,Flat,0,,0,,0,Overcast,1244200,0,0,0,2,0,0,0,0,1,,0,0,Bay of Plenty Region,Nil,2-way,Sealed,0,0,0,0,50,0,Null,0,0,,24,Rotorua District,Unknown,0,0,0,0,0,0,Urban,2,0,0,Fine,Null
1570225,5189634,29193,,590400,0,,0,0,,North,2005/2006,SH 1S MAIN NORTH,THIRD ST,,Minor Crash,Yes,2006,,North,,0,,Flat,,,,,,Bright sun,2514602,1,0,0,4,,,0,,,1,,,Canterbury Region,Nil,2-way,Sealed,,0,0,,60,,Null,1,0,,60,Christchurch City,Unknown,,,,,0,0,Urban,0,,,Fine,Null
1751925,5915485,29194,,517901,0,,0,1,,Null,2005/2006,NEW NORTH ROAD,BOLLARD AVENUE,,Non-Injury Crash,No,2006,,West,,0,,Flat,,,,,,Overcast,523800,0,0,0,4,,,0,,,,,,Auckland Region,Nil,2-way,Sealed,,0,0,,50,,Off,0,0,,76,Auckland,Stop,,,,,0,0,Urban,1,,,Heavy rain,Null
1854762,5758577,29195,,535262,0,0,0,1,0,South,2006/2007,SH 1N,MATARAWA ROAD,,Non-Injury Crash,Yes,2006,0,South,0,0,0,Flat,0,,0,,1,Overcast,1152800,0,0,0,2,0,0,0,0,0,,0,0,Waikato Region,Nil,2-way,Sealed,0,0,0,0,100,0,None,0,0,,19,South Waikato District,Nil,0,1,0,0,0,0,Open,0,0,0,Fine,Null
1748585,5945414,29196,,506201,0,,0,2,,Null,2005/2006,DAIRY FLAT HIGHWAY,SILVERDALE OFF NBD,,Non-Injury Crash,No,2006,,West,,0,,Flat,,,,,,Overcast,176700,0,0,0,2,,,0,,,,,,Auckland Region,Motorway ramp,2-way,Sealed,,0,0,,80,,Off,0,0,,76,Auckland,Give way,,,,,0,0,Open,0,,,Light rain,Null
1263555,4968232,29197,,610020,0,0,0,1,0,North,2005/2006,SH 6,ALLANDALE ROAD,,Minor Crash,Yes,2006,0,South,1,0,0,Flat,0,,0,,0,Bright sun,3040602,1,0,0,2,0,0,0,0,0,,0,0,Southland Region,Nil,2-way,Sealed,0,0,0,0,100,0,Null,0,0,,73,Southland District,Unknown,0,0,0,0,0,0,Open,0,0,0,Fine,Strong wind
1771927,5912257,29198,,523102,0,,0,2,,East,2006/2007,WHITFORD ROAD,CHAPEL ROAD,,Non-Injury Crash,No,2006,,East,,0,,Hill Road,,,,,,Overcast,711032,0,0,0,2,,,0,,,,,,Auckland Region,Nil,2-way,Sealed,,0,0,,50,,Off,0,0,,76,Auckland,Nil,,,,,0,0,Urban,0,,,Light rain,Null
1826097,5885898,29199,,533502,0,,0,2,,Null,2006/2007,POLLEN ST,SH 25,,Non-Injury Crash,Yes,2007,,South,,0,,Flat,,,,,,Bright sun,1055500,0,0,0,2,,,0,,,,,,Waikato Region,Nil,2-way,Sealed,,0,0,,50,,Off,0,0,,11,Thames-Coromandel District,Stop,,,,,0,0,Urban,0,,,Fine,Null
1877057,5823346,29200,,537400,0,,0,1,,East,2006/2007,WAIHI ROAD,PAINE ST,,Non-Injury Crash,No,2006,,West,,0,,Hill Road,,,,,,Bright sun,1161903,0,0,0,3,,,0,,,,,,Bay of Plenty Region,Nil,2-way,Sealed,,0,0,,50,,Off,0,0,,23,Tauranga City,Nil,,,,,0,0,Urban,1,,,Fine,Null
1879134,5824205,29201,,538201,0,,0,2,,Null,2005/2006,CAMERON ROAD,ELIZABETH ST,,Non-Injury Crash,No,2006,,South,,0,,Flat,,,,,,Dark,1164700,0,0,0,4,,,0,,,,,,Bay of Plenty Region,Nil,2-way,Sealed,,0,0,,50,,On,0,0,,23,Tauranga City,Traffic Signals,,,,,0,0,Urban,0,,,Fine,Null
1754857,5933182,29202,,507300,0,,0,2,,Null,2006/2007,ROSEDALE ROAD,EAST COAST ROAD,,Non-Injury Crash,No,2006,,East,,0,,Hill Road,,,,,,Bright sun,155901,0,0,0,2,,,0,,,,,,Auckland Region,Nil,2-way,Sealed,,0,0,,50,,Off,0,0,,76,Auckland,Traffic Signals,,,,,0,0,Urban,0,,,Fine,Null
1915639,5807456,29203,,536654,0,,0,0,,North,2006/2007,SH 2,OLD COACH ROAD,,Non-Injury Crash,Yes,2006,,South,,0,,Flat,,,,,,Bright sun,1213200,0,0,0,2,,,0,,,,,,Bay of Plenty Region,Nil,2-way,Sealed,,0,0,,100,,Null,2,0,,22,Western Bay of Plenty District,Unknown,,,,,0,0,Open,0,,,Fine,Null
1822125,5877812,29204,,533902,0,0,0,1,0,West,2005/2006,SH 25,BUSH ROAD,,Non-Injury Crash,Yes,2006,0,West,1,0,0,Flat,0,,0,,0,Overcast,1062000,0,0,0,2,0,0,0,0,0,,0,0,Waikato Region,Nil,2-way,Sealed,0,0,0,0,100,0,Null,0,0,,12,Hauraki District,Unknown,0,0,0,0,0,0,Open,0,0,0,Fine,Null
1718293,6043797,29205,,503500,0,,0,1,,South,2006/2007,OTAIKA LOOP ROAD,SH 1N,,Non-Injury Crash,No,2006,,South,,0,,Flat,,,,,,Bright sun,108600,0,0,0,2,,,0,,,,,,Northland Region,Nil,2-way,Sealed,,0,0,,50,,Off,0,0,,2,Whangarei District,Nil,,,,,1,0,Urban,0,,,Fine,Null
1570882,5180281,29206,,591500,0,,0,2,,Null,2005/2006,MANCHESTER ST,GLOUCESTER ST,,Minor Crash,No,2006,,South,,0,,Flat,,,,,,Dark,2652600,1,0,0,2,,,0,,,,,,Canterbury Region,Nil,2-way,Sealed,,0,0,,50,,On,0,0,,60,Christchurch City,Traffic Signals,,,,,0,0,Urban,0,,,Mist or Fog,Null
1758463,5945596,29207,,505902,0,,0,2,,Null,2006/2007,WHANGAPARAOA ROAD,CAPITOL ROAD,,Non-Injury Crash,No,2006,,North,,0,,Flat,,,,,,Overcast,174802,0,0,0,2,,,0,,,,,,Auckland Region,Nil,2-way,Sealed,,0,0,,50,,Null,0,0,,76,Auckland,Give way,,,,,0,0,Urban,0,,,Fine,Null