X,Y,OBJECTID,advisorySpeed,areaUnitID,bicycle,bridge,bus,carStationWagon,cliffBank,crashDirectionDescription,crashFinancialYear,crashLocation1,crashLocation2,crashRoadSideRoad,crashSeverity,crashSHDescription,crashYear,debris,directionRoleDescription,ditch,fatalCount,fence,flatHill,guardRail,holiday,houseOrBuilding,intersection,kerb,light,meshblockId,minorInjuryCount,moped,motorcycle,NumberOfLanes,objectThrownOrDropped,otherObject,otherVehicleType,overBank,parkedVehicle,pedestrian,phoneBoxEtc,postOrPole,region,roadCharacter,roadLane,roadSurface,roadworks,schoolBus,seriousInjuryCount,slipOrFlood,speedLimit,strayAnimal,streetLight,suv,taxi,temporarySpeedLimit,tlaId,tlaName,trafficControl,trafficIsland,trafficSign,train,tree,truck,unknownVehicleType,urban,vanOrUtility,vehicle,waterRiver,weatherA,weatherB
1752189,5955319,29208,,506613,0,0,0,0,0,West,2005/2006,HIBISCUS COAST HIGHWAY,SCHISCHKA ROAD,,Non-Injury Crash,No,2006,0,South,0,0,1,Flat,0,,0,,0,Dark,147000,0,0,0,3,0,0,0,0,0,,0,0,Auckland Region,Nil,2-way,Sealed,0,0,0,0,80,0,None,1,0,,76,Auckland,Nil,0,0,0,0,0,0,Open,0,0,0,Mist or Fog,Null
1882895,5775316,29209,,539400,0,,1,1,,Null,2005/2006,CLAYTON ROAD,STEELES LANE,,Non-Injury Crash,No,2006,,South,,0,,Flat,,,,,,Bright sun,1224800,0,0,0,2,,,0,,,,,,Bay of Plenty Region,Nil,2-way,Sealed,,0,0,,50,,Null,0,0,,24,Rotorua District,Give way,,,,,0,0,Urban,0,,,Fine,Null
1883550,5776930,29210,,540100,0,0,0,1,0,East,2006/2007,KAWAHA POINT ROAD,AQUARIUS DRIVE,,Non-Injury Crash,No,2006,0,East,1,0,0,Flat,0,,0,,0,Bright sun,1222105,0,0,0,2,0,0,0,0,0,,0,0,Bay of Plenty Region,Nil,2-way,Sealed,0,0,0,0,50,0,Off,0,0,,24,Rotorua District,Nil,0,0,0,0,0,0,Urban,0,0,0,Fine,Null
1769167,5902461,29211,,524901,0,0,0,1,0,South,2005/2006,SH 1N,ORAMS OBR,,Minor Crash,Yes,2006,0,North,0,0,0,Flat,1,,0,,0,Bright sun,755000,1,0,0,2,0,0,0,0,0,,0,0,Auckland Region,Nil,2-way,Sealed,0,0,0,0,100,0,Null,0,0,,76,Auckland,Unknown,0,0,0,0,0,0,Open,0,0,0,Fine,Null
1756718,5927483,29212,,507900,0,,0,1,,Null,2006/2007,NORTHCOTE ROAD,TAHAROTO ROAD,,Non-Injury Crash,No,2006,,North,,0,,Flat,,,,,,Dark,303502,0,0,0,3,,,0,,,,,,Auckland Region,Nil,2-way,Sealed,,0,0,,50,,On,1,0,,76,Auckland,Give way,,,,,0,0,Urban,0,,,Fine,Null
1763073,5907946,29213,,524530,0,,0,2,,Null,2005/2006,MASSEY ROAD,VINE ST,,Non-Injury Crash,No,2006,,East,,0,,Flat,,,,,,Dark,733300,0,0,0,2,,,0,,,,,,Auckland Region,Nil,2-way,Sealed,,0,0,,50,,On,0,0,,76,Auckland,Give way,,,,,0,0,Urban,0,,,Fine,Null
1756537,5932713,29214,,507400,0,,0,0,,North,2005/2006,BEACH ROAD,HASTINGS ROAD,,Non-Injury Crash,No,2006,,South,,0,,Flat,,,,,,Bright sun,151800,0,0,0,2,,,0,,,,,,Auckland Region,Nil,2-way,Sealed,,0,0,,50,,Null,1,0,,76,Auckland,Unknown,,,,,0,0,Urban,1,,,Fine,Null
1807606,5450434,29215,,579803,0,,0,1,,North,2005/2006,SH 2,NORTH ST,,Minor Crash,Yes,2006,,South,,0,,Flat,,,,,,Dark,2270400,1,0,0,2,,,0,,,,,,Wellington Region,Nil,2-way,Sealed,,0,0,,70,,None,0,0,,50,South Wairarapa District,Nil,,,,,0,0,Urban,1,,,Heavy rain,Null
1755328,5921637,29216,,515202,0,,0,2,,South,2006/2007,SH 1N,SHELLY OFF SBD,,Non-Injury Crash,Yes,2006,,South,,0,,Flat,,,,,,Overcast,423600,0,0,0,4,,,0,,,,,,Auckland Region,Nil,1-way,Sealed,,0,0,,80,,Off,0,0,,76,Auckland,Nil,,,,,0,0,Open,0,,,Light rain,Null
1762722,5912511,29217,,519500,0,,0,4,,South,2005/2006,GREAT SOUTH ROAD,CHURCH ST,,Minor Crash,No,2006,,South,,0,,Flat,,,,,,Bright sun,622700,1,0,0,4,,,0,,,,,,Auckland Region,Nil,2-way,Sealed,,0,0,,50,,Null,0,0,,76,Auckland,Unknown,,,,,1,0,Urban,0,,,Fine,Null
1757400,5920943,29218,,514101,0,,0,2,,Null,2005/2006,ALBERT ST,CUSTOMS ST WEST,,Non-Injury Crash,No,2006,,North,,0,,Hill Road,,Queens Birthday,,,,Dark,432800,0,0,0,4,,,0,,,,,,Auckland Region,Nil,2-way,Sealed,,0,0,,50,,On,0,0,,76,Auckland,Traffic Signals,,,,,0,0,Urban,0,,,Fine,Null
1885127,5772411,29219,,540600,0,,0,1,,Null,2005/2006,FENTON ST,MARGUERITA ST,,Non-Injury Crash,No,2006,,North,,0,,Flat,,,,,,Overcast,1243100,0,0,0,4,,,0,,,,,,Bay of Plenty Region,Nil,2-way,Sealed,,0,0,,50,,Null,0,0,,24,Rotorua District,Give way,,,,,1,0,Urban,0,,,Fine,Null
1812619,5552504,29220,,560421,0,0,0,1,0,North,2006/2007,HALCOMBE ROAD,FERGUSSON ROAD N,,Minor Crash,No,2006,0,South,0,0,1,Hill Road,0,,0,,0,Dark,1763100,2,0,0,2,0,0,0,1,0,,0,0,Manawatū-Whanganui Region,Nil,2-way,Sealed,0,0,0,0,100,0,None,0,0,,39,Manawatu District,Nil,0,0,0,0,0,0,Open,0,0,0,Light rain,Null
1268890.0,4877248.6092,29221,65,610032,0,0,0,1,0,East,2005/2006,SH 96,LAWRENCE ROAD,,Serious Crash,Yes,2006,0,East,1,0,0,Flat,0,,0,,0,Overcast,3052700,1,0,0,2,0,0,0,0,0,,0,0,Southland Region,Nil,2-way,Sealed,0,0,1,0,100,0,Null,0,0,,74,Gore District,Unknown,0,0,0,0,0,0,Open,0,0,0,Light rain,Null
1856949,5837429,29222,,536615,0,,0,1,,Null,2005/2006,SH 2,REA ROAD,,Minor Crash,Yes,2006,,North,,0,,Flat,,,,,,Dark,1182300,2,0,0,4,,,0,,,,,,Bay of Plenty Region,Nil,2-way,Sealed,,0,0,,100,,On,1,0,,22,Western Bay of Plenty District,Stop,,,,,0,0,Open,1,,,Fine,Null
1851507,5765092,29223,,535350,0,0,0,2,0,Null,2006/2007,BABERTON ST,SH 32,,Non-Injury Crash,Yes,2006,0,East,0,0,0,Flat,0,,0,,0,Twilight,1144100,0,0,0,2,0,0,0,0,0,,0,0,Waikato Region,Nil,2-way,Sealed,0,0,0,0,50,0,On,0,0,,19,South Waikato District,Give way,0,0,0,0,0,0,Urban,0,1,0,Fine,Null
1938260,5608259,29224,,545740,0,,0,2,,Null,2007/2008,HAUMOANA ROAD,PARKHILL ROAD,,Minor Crash,No,2007,,North,,0,,Flat,,,,,,Dark,1407300,3,0,0,2,,,0,,,,,,Hawke's Bay Region,Nil,2-way,Sealed,,0,0,,100,,On,0,0,,30,Hastings District,Give way,,,,,0,0,Open,0,,,Light rain,Null
1744617,5919621,29225,,513301,0,0,0,2,0,South,2006/2007,RATHGAR ROAD,NEWLAND GROVE,,Non-Injury Crash,No,2006,0,South,0,0,0,Flat,0,,0,,0,Bright sun,234302,0,0,0,2,0,0,0,0,1,,0,0,Auckland Region,Nil,2-way,Sealed,0,0,0,0,50,0,Off,0,0,,76,Auckland,Nil,0,0,0,0,0,0,Urban,0,0,0,Fine,Null
1867877,5713978,29226,,541720,0,,0,2,,Null,2006/2007,SPA ROAD,KAIMANAWA ST,,Non-Injury Crash,No,2006,,East,,0,,Flat,,,,,,Dark,1274900,0,0,0,2,,,0,,,,,,Waikato Region,Nil,2-way,Sealed,,0,0,,50,,On,0,0,,21,Taupo District,Give way,,,,,0,0,Urban,0,,,Fine,Null
1754075,5931386,29227,,508807,0,0,0,1,0,Null,2006/2007,SH 1N,CONSTELLATION OBR,,Minor Crash,Yes,2006,0,North,0,0,0,Flat,1,,0,,0,Bright sun,180810,1,0,0,2,0,0,0,0,0,,0,0,Auckland Region,Bridge,1-way,Sealed,0,0,0,0,100,0,Off,0,0,,76,Auckland,Nil,0,0,0,0,0,0,Open,0,0,0,Fine,Null
1884928,5825233,29228,,536832,0,,0,0,,South,2005/2006,GRENADA ST,KAIMANAWA ST,,Serious Crash,No,2006,,North,,0,,Flat,,,,,,Dark,1202409,0,0,0,2,,,0,,,1,,,Bay of Plenty Region,Nil,2-way,Sealed,,0,1,,50,,On,1,0,,23,Tauranga City,Unknown,,,,,0,0,Urban,0,,,Fine,Null
1760588,5914981,29229,,519400,0,,0,1,,South,2006/2007,GREAT SOUTH ROAD,CAMPBELL ROAD,,Non-Injury Crash,No,2006,,North,,0,,Flat,,,,,,Bright sun,619300,0,0,0,4,,,0,,,,,,Auckland Region,Nil,2-way,Sealed,,0,0,,50,,Off,0,0,,76,Auckland,Nil,,,,,0,0,Urban,1,,,Fine,Null
1768681,5880765,29230,,525921,0,,0,0,,Null,2005/2006,QUEEN ST,HARRIS ST,,Non-Injury Crash,No,2006,,North,,0,,Flat,,,,,,Bright sun,821900,0,0,0,2,,,0,,,,,,Auckland Region,Nil,2-way,Sealed,,0,0,,50,,Off,1,0,,76,Auckland,Give way,,,,,0,0,Urban,0,,,Fine,Null
1781242,5894043,29231,,521132,0,,0,1,,East,2005/2006,HUNUA ROAD,PONGA ROAD,,Serious Crash,No,2006,,West,,0,,Hill Road,,,,,,Overcast,816305,2,0,0,2,,,0,,,,,,Auckland Region,Nil,2-way,Sealed,,0,1,,100,,None,1,0,,76,Auckland,Nil,,,,,0,0,Open,0,,,Heavy rain,Strong wind
1765245,5917143,29232,,517001,0,,0,2,,North,2005/2006,APIRANA AVENUE,OMARU LANE,,Non-Injury Crash,No,2006,,North,,0,,Flat,,,,,,Overcast,475600,0,0,0,2,,,0,,,,,,Auckland Region,Nil,2-way,Sealed,,0,0,,50,,Off,0,0,,76,Auckland,Nil,,,,,0,0,Urban,0,,,Heavy rain,Null
1749560,5945448,29233,,505806,0,,0,2,,Null,2005/2006,EAST COAST ROAD,TAVERN ROAD,,Non-Injury Crash,No,2006,,South,,0,,Hill Road,,,,,,Twilight,176802,0,0,0,4,,,0,,,,,,Auckland Region,Nil,2-way,Sealed,,0,0,,100,,Off,0,0,,76,Auckland,Stop,,,,,0,0,Open,0,,,Fine,Null
1756053,5923207,29234,,509800,0,,0,2,,South,2005/2006,SH 1N,STAFFORD OFF NBD,,Minor Crash,Yes,2006,,North,,0,,Hill Road,,,,,,Dark,359200,1,0,0,2,,,0,,,,,,Auckland Region,Bridge,1-way,Sealed,,0,0,,80,,On,0,0,,76,Auckland,Nil,,,,,0,0,Open,0,,,Fine,Null
1405945,4914727,29235,,604410,1,0,0,1,0,South,2005/2006,KING EDWARD ST,HILLSIDE ROAD,,Serious Crash,No,2006,0,South,0,0,0,Flat,0,,0,,0,Overcast,2931600,0,0,0,2,0,0,0,0,1,,0,0,Otago Region,Nil,2-way,Sealed,0,0,1,0,50,0,Null,0,0,,71,Dunedin City,Unknown,0,0,0,0,0,0,Urban,0,0,0,Fine,Null
1756906,5918623,29236,,515600,0,,0,2,,Null,2005/2006,BASQUE ROAD,NEW NORTH ROAD,,Non-Injury Crash,No,2006,,North,,0,,Flat,,,,,,Overcast,421200,0,0,0,2,,,0,,,,,,Auckland Region,Nil,2-way,Sealed,,0,0,,50,,Null,0,0,,76,Auckland,Stop,,,,,0,0,Urban,0,,,Light rain,Null
1769320,5901189,29237,,524901,0,0,0,1,0,South,2006/2007,CLAUDE ROAD,HALVER ROAD,,Non-Injury Crash,No,2006,0,North,0,0,0,Hill Road,0,,0,,0,Twilight,757400,0,0,0,2,0,0,0,0,1,,0,0,Auckland Region,Nil,2-way,Sealed,0,0,0,0,50,0,Off,1,0,,76,Auckland,Nil,0,0,0,0,0,0,Urban,0,0,0,Fine,Null
1756488,5924424,29238,,509702,0,0,0,1,1,North,2006/2007,ONEWA ROAD,ONEWA ON SBD,,Minor Crash,No,2006,0,South,0,0,0,Flat,0,Christmas New Year,0,,0,Dark,366700,1,0,0,1,0,0,0,0,0,,0,0,Auckland Region,Motorway ramp,1-way,Sealed,0,0,0,0,80,0,On,0,0,,76,Auckland,Nil,0,0,0,1,0,0,Open,0,0,0,Fine,Null
1748077,5971339,29239,,505500,0,,0,2,,Null,2005/2006,SH 1N,HUDSON ROAD,,Non-Injury Crash,Yes,2006,,West,,0,,Flat,,,,,,Overcast,139102,0,0,0,2,,,0,,,,,,Auckland Region,Nil,2-way,Sealed,,0,0,,100,,None,0,0,,76,Auckland,Nil,,,,,0,0,Open,0,,,Light rain,Null
1751304,5929233,29240,,509100,0,,0,2,,Null,2006/2007,UPPER HARBOUR DRIVE,GREENHITHE ROAD,,Non-Injury Crash,No,2006,,North,,0,,Flat,,,,,,Dark,181400,0,0,0,2,,,0,,,,,,Auckland Region,Nil,2-way,Sealed,,0,0,,70,,None,0,0,,76,Auckland,Give way,,,,,0,0,Urban,0,,,Fine,Null
1801770,5814936,29241,,530200,0,,0,2,,Null,2005/2006,BRIDGE ST,VON TEMPSKY ST,,Non-Injury Crash,No,2006,,East,,0,,Flat,,,,,,Dark,892700,0,0,0,2,,,0,,,,,,Waikato Region,Nil,2-way,Sealed,,0,0,,50,,On,0,0,,16,Hamilton City,Nil,,,,,0,0,Urban,0,,,Light rain,Null
1767590,5904622,29242,,524604,0,,0,1,,South,2006/2007,GREAT SOUTH ROAD,RONWOOD AVENUE,,Non-Injury Crash,No,2006,,North,,0,,Flat,,,,,,Bright sun,780302,0,0,0,2,,,0,,,,,,Auckland Region,Nil,2-way,Sealed,,0,0,,50,,Null,0,0,,76,Auckland,Traffic Signals,,,,,0,0,Urban,1,,,Fine,Null
1794968,5818150,29243,,528406,1,,0,1,,Null,2006/2007,EXELBY ROAD,LEE ROAD,,Minor Crash,No,2006,,East,,0,,Hill Road,,,,,,Bright sun,976802,1,0,0,2,,,0,,,,,,Waikato Region,Nil,2-way,Sealed,,0,0,,50,,Null,0,0,,16,Hamilton City,Give way,,,,,0,0,Urban,0,,,Fine,Null
1761736,5882219,29244,,521121,0,0,0,2,0,Null,2005/2006,MAUKU ROAD,DAY ROAD,,Minor Crash,No,2006,0,South,1,0,0,Flat,0,,0,,0,Bright sun,811700,1,0,0,2,0,0,0,0,0,,0,0,Auckland Region,Nil,2-way,Sealed,0,0,0,0,100,0,Null,0,0,,76,Auckland,Nil,0,0,0,0,0,0,Open,0,0,0,Fine,Null
1875154,5818146,29245,,537602,0,0,0,1,0,South,2005/2006,PYES PA ROAD,KOPU DRIVE,,Minor Crash,No,2006,0,North,0,0,0,Flat,0,,0,,1,Bright sun,1192108,1,0,0,3,0,0,0,0,0,,0,1,Bay of Plenty Region,Nil,2-way,Sealed,0,0,0,0,60,0,Null,0,0,,23,Tauranga City,Unknown,0,0,0,0,0,0,Urban,0,0,0,Fine,Null
1769643,5910671,29246,,523113,0,0,0,1,0,Null,2006/2007,RIPLINGTON ROAD,MORESTEAD AVENUE,,Non-Injury Crash,No,2006,0,West,0,0,0,Flat,0,,0,,0,Dark,711705,0,0,0,2,0,0,0,0,0,,0,0,Auckland Region,Nil,2-way,Sealed,0,0,0,0,50,0,On,0,0,,76,Auckland,Nil,0,0,0,1,0,0,Urban,0,0,0,Fine,Null
1781542,5878852,29247,,521135,0,0,0,1,0,Null,2005/2006,SH 2,MCPHERSON ROAD,,Non-Injury Crash,Yes,2006,0,East,1,0,0,Hill Road,0,,0,,0,Bright sun,842000,0,0,0,2,0,0,0,0,0,,0,0,Waikato Region,Nil,2-way,Sealed,0,0,0,0,100,0,None,0,0,,13,Waikato District,Give way,0,0,0,0,1,0,Open,0,0,0,Fine,Null
1837438,5859954,29248,,534300,0,,0,1,,Null,2005/2006,PORRITT ST,AINSLIE ROAD,,Non-Injury Crash,No,2006,,North,,0,,Flat,,,,,,Bright sun,1073000,0,0,0,2,,,0,,,,,,Waikato Region,Nil,2-way,Sealed,,0,0,,50,,Off,0,0,,12,Hauraki District,Nil,,,,,0,0,Urban,1,,,Fine,Null
1573433,5179698,29249,,593502,0,0,0,5,0,South,2006/2007,ALDWINS ROAD,MARLBOROUGH ST,,Minor Crash,No,2007,0,North,0,0,0,Flat,0,,0,,0,Twilight,2606003,2,0,0,4,0,0,0,0,0,,0,0,Canterbury Region,Nil,2-way,Sealed,0,0,0,0,50,0,On,0,0,,60,Christchurch City,Unknown,1,0,0,0,0,0,Urban,0,0,0,Fine,Null
1795413,5822582,29250,,527917,0,0,0,2,0,Null,2006/2007,TE RAPA ROAD,PUKETE ROAD N,,Non-Injury Crash,No,2006,0,North,1,0,1,Flat,0,,0,,0,Dark,977201,0,0,0,2,0,0,0,0,0,,0,0,Waikato Region,Nil,2-way,Sealed,0,0,0,0,100,0,None,0,0,,16,Hamilton City,Give way,0,0,0,0,0,0,Open,0,0,0,Light rain,Null
1759936,5920290,29251,,516400,0,0,0,1,0,East,2006/2007,TAMAKI DRIVE,SH 16,,Non-Injury Crash,No,2006,0,West,0,0,0,Flat,0,,0,,0,Dark,455000,0,0,0,4,0,0,0,0,0,,0,0,Auckland Region,Nil,2-way,Sealed,0,0,0,0,50,0,On,0,0,,76,Auckland,Nil,0,0,0,1,0,0,Urban,0,0,0,Fine,Null
1718482,6045012,29252,,502900,0,,0,2,,Null,2006/2007,MAUNU ROAD,NORTH ST,,Non-Injury Crash,No,2006,,West,,0,,Flat,,,,,,Bright sun,103500,0,0,0,2,,,0,,,,,,Northland Region,Nil,2-way,Sealed,,0,0,,50,,Off,0,0,,2,Whangarei District,Give way,,,,,0,0,Urban,0,,,Fine,Null
1769419,5880565,29253,,525922,0,,0,2,,North,2005/2006,MANUKAU ROAD,GLASGOW ROAD,,Non-Injury Crash,No,2006,,South,,0,,Flat,,,,,,Bright sun,823300,0,0,0,2,,,0,,,,,,Auckland Region,Nil,2-way,Sealed,,0,0,,50,,Off,0,0,,76,Auckland,Nil,,,,,0,0,Urban,0,,,Fine,Null
1751528,5912527,29254,,514700,0,,0,0,,Null,2005/2006,BLOCKHOUSE BAY ROAD,TAYLOR ST,,Non-Injury Crash,No,2006,,North,,0,,Flat,,,,,,Overcast,370000,0,0,0,2,,,0,,,,,,Auckland Region,Nil,2-way,Sealed,,0,0,,50,,Off,1,0,,76,Auckland,Give way,,,,,1,0,Urban,0,,,Heavy rain,Null
1745604,5915317,29255,,511800,0,,0,2,,West,2005/2006,SEYMOUR ROAD,SUNNYSIDE ROAD,,Non-Injury Crash,No,2006,,West,,0,,Flat,,,,,,Bright sun,277801,0,0,0,2,,,0,,,,,,Auckland Region,Nil,2-way,Sealed,,0,0,,50,,Off,0,0,,76,Auckland,Nil,,,,,0,0,Urban,0,,,Fine,Null
1757059,5919536,29256,,514102,0,0,0,2,0,North,2005/2006,QUEEN ST,KARANGAHAPE ROAD,,Non-Injury Crash,No,2006,0,South,0,0,0,Hill Road,0,,0,,0,Dark,435802,0,0,0,4,0,0,0,0,1,,0,0,Auckland Region,Nil,2-way,Sealed,0,0,0,0,50,0,On,0,0,,76,Auckland,Nil,0,0,0,0,0,0,Urban,0,0,0,Fine,Null
1800645,5815036,29257,,529700,0,,0,2,,North,2006/2007,TRISTRAM ST,COLLINGWOOD ST,,Minor Crash,No,2006,,South,,0,,Hill Road,,,,,,Twilight,910900,2,0,0,2,,,0,,,,,,Waikato Region,Nil,2-way,Sealed,,0,0,,50,,Off,0,0,,16,Hamilton City,Nil,,,,,0,0,Urban,0,,,Fine,Null
1402460,4913851,29258,,605920,0,0,0,1,0,South,2006/2007,SH 1S,BURNSIDE OBR,,Serious Crash,Yes,2006,0,South,0,0,0,Hill Road,1,,0,,0,Bright sun,2955600,2,0,0,4,0,0,0,0,0,,0,1,Otago Region,Nil,2-way,Sealed,0,0,2,0,100,0,Null,0,0,,71,Dunedin City,Unknown,0,0,0,1,0,0,Open,0,0,0,Fine,Null
1352349,4859655,29259,,607300,0,0,0,1,0,East,2006/2007,KAKA POINT ROAD,BROOKDALE ROAD,,Minor Crash,No,2007,0,East,1,0,1,Flat,0,,0,,0,Bright sun,2997600,2,0,0,2,0,0,0,0,0,,0,0,Otago Region,Nil,2-way,Sealed,0,0,0,0,100,0,Null,0,0,,72,Clutha District,Unknown,0,0,0,1,0,0,Open,0,0,0,Fine,Null
1760452,5918688,29260,,516102,0,0,0,2,0,Null,2006/2007,VICTORIA AVENUE,SHORE ROAD,,Non-Injury Crash,No,2006,0,West,0,0,1,Hill Road,0,,0,,0,Bright sun,483000,0,0,0,2,0,0,0,0,0,,0,0,Auckland Region,Nil,2-way,Sealed,0,0,0,0,50,0,Off,0,0,,76,Auckland,Stop,0,0,0,0,0,0,Urban,0,0,0,Fine,Null
1882910,5773960,29261,,539600,0,0,0,2,0,North,2006/2007,WRIGLEY ROAD,HAROLD CRESCENT N,,Non-Injury Crash,No,2006,0,North,0,0,0,Flat,0,,0,,0,Dark,1227800,0,0,0,2,0,0,0,0,1,,0,0,Bay of Plenty Region,Nil,2-way,Sealed,0,0,0,0,50,0,On,0,0,,24,Rotorua District,Nil,0,0,0,0,0,0,Urban,0,0,0,Fine,Null
1618145,6125905,29262,55,500208,0,0,0,0,0,North,2006/2007,SH 1N,HEADQUARTERS ROAD,,Non-Injury Crash,Yes,2006,0,South,1,0,1,Flat,0,,0,,0,Bright sun,2200,0,0,0,2,0,0,0,0,0,,0,0,Northland Region,Nil,2-way,Sealed,0,0,0,0,100,0,Null,0,0,,1,Far North District,Unknown,0,1,0,0,1,0,Open,0,0,0,Fine,Null
1750164,5915448,29263,,514802,0,0,0,1,0,West,2005/2006,CANAL ROAD,WAIRAU AVENUE,,Minor Crash,No,2006,0,West,0,0,0,Flat,0,,0,,0,Dark,387100,1,0,0,2,0,0,0,0,1,,0,0,Auckland Region,Nil,2-way,Sealed,0,0,0,0,50,0,On,0,0,,76,Auckland,Nil,0,0,0,0,0,0,Urban,1,0,0,Fine,Null
1754322,5916751,29264,,517600,0,,0,2,,West,2005/2006,ST LUKES ROAD,MORNINGSIDE DRIVE,,Non-Injury Crash,No,2006,,East,,0,,Flat,,,,,,Dark,535202,0,0,0,4,,,0,,,,,,Auckland Region,Nil,2-way,Sealed,,0,0,,50,,On,0,0,,76,Auckland,Traffic Signals,,,,,0,0,Urban,0,,,Fine,Null
1756327,5920544,29265,,514102,0,,0,2,,Null,2006/2007,VICTORIA ST WEST,UNION ST,,Non-Injury Crash,No,2006,,West,,0,,Flat,,,,,,Dark,432700,0,0,0,4,,,0,,,,,,Auckland Region,Nil,2-way,Sealed,,0,0,,50,,On,0,0,,76,Auckland,Traffic Signals,,,,,0,0,Urban,0,,,Fine,Null
1842881,5522026,29266,,577900,0,,0,2,,Null,2005/2006,SH 2,MAKURI ST,,Minor Crash,Yes,2006,,North,,0,,Flat,,,,,,Overcast,2220500,1,0,0,2,,,0,,,,,,Manawatū-Whanganui Region,Nil,2-way,Sealed,,0,0,,70,,Null,0,0,,41,Tararua District,Nil,,,,,0,0,Urban,0,,,Fine,Null
1568401,5178552,29267,,590900,0,,0,1,,Null,2006/2007,LINCOLN ROAD,BARRINGTON ST,,Serious Crash,No,2006,,South,,0,,Flat,,,,,,Dark,2476400,1,0,0,2,,,0,,,,,,Canterbury Region,Nil,2-way,Sealed,,0,1,,50,,On,1,0,,60,Christchurch City,Traffic Signals,,,,,0,0,Urban,0,,,Fine,Null
1766820,5902430,29268,,524602,0,,0,2,,South,2006/2007,DALGETY DRIVE,KERRS ROAD,,Non-Injury Crash,No,2006,,North,,0,,Flat,,,,,,Bright sun,780407,0,0,0,2,,,0,,,,,,Auckland Region,Nil,2-way,Sealed,,0,0,,50,,Off,0,0,,76,Auckland,Nil,,,,,0,0,Urban,0,,,Fine,Null
1759740,5924752,29269,,508110,0,,0,2,,North,2006/2007,LAKE ROAD,ROBERTS AVENUE,,Non-Injury Crash,No,2006,,South,,0,,Hill Road,,,,,,Overcast,317900,0,0,0,2,,,0,,,,,,Auckland Region,Nil,2-way,Sealed,,0,0,,50,,Null,0,0,,76,Auckland,Give way,,,,,0,0,Urban,1,,,Light rain,Null
1764435,5912196,29270,,520500,0,0,0,1,1,South,2005/2006,SH 1N,MT WGTN OFF NBD,,Minor Crash,Yes,2006,0,North,0,0,0,Flat,0,,0,,0,Twilight,639500,1,0,0,3,0,0,0,0,0,,0,0,Auckland Region,Nil,1-way,Sealed,0,0,0,0,100,0,On,0,0,,76,Auckland,Nil,0,0,0,0,0,0,Open,0,0,0,Fine,Null
1409597,4917993,29271,,604720,0,0,0,1,1,West,2005/2006,HINAU ST,SHORT ST,,Minor Crash,No,2006,0,West,0,0,0,Hill Road,0,,0,,0,Dark,2879900,1,0,0,2,0,0,0,0,0,,0,0,Otago Region,Nil,2-way,Sealed,0,0,0,0,50,0,On,0,0,,71,Dunedin City,Unknown,0,0,0,0,0,0,Urban,0,0,0,Null,Frost
1768867,5905045,29272,,523722,0,,0,2,,Null,2006/2007,ASPIRING AVENUE,RAKAIA RISE,,Non-Injury Crash,No,2006,,West,,0,,Hill Road,,,,,,Bright sun,716012,0,0,0,2,,,0,,,,,,Auckland Region,Nil,2-way,Sealed,,0,0,,50,,Off,0,0,,76,Auckland,Give way,,,,,0,0,Urban,0,,,Fine,Null
1846159,5530795,29273,,550200,0,0,0,1,0,North,2007/2008,SH 2,DAVEY ROAD,,Minor Crash,Yes,2007,0,South,0,0,1,Flat,0,,0,,0,Overcast,1544000,1,0,0,2,0,0,0,0,0,,0,0,Manawatū-Whanganui Region,Nil,2-way,Sealed,0,0,0,0,100,0,Null,0,0,,41,Tararua District,Nil,0,0,0,0,0,0,Open,0,0,0,Light rain,Null
1717278,6053773,29274,,502001,0,,0,1,,North,2006/2007,SH 1N,SNAKE HILL ROAD,,Non-Injury Crash,Yes,2006,,North,,0,,Hill Road,,,,,,Bright sun,63804,0,0,0,2,,,0,,,,,,Northland Region,Nil,2-way,Sealed,,0,0,,100,,None,0,0,,2,Whangarei District,Nil,,,,,0,0,Open,1,,,Fine,Null
1765154,5915348,29275,,520301,0,0,0,1,0,North,2005/2006,JELLICOE ROAD,MORRIN ROAD,,Non-Injury Crash,No,2006,0,North,0,0,1,Flat,0,,0,,0,Dark,627900,0,0,0,2,0,0,0,0,0,,0,0,Auckland Region,Nil,2-way,Sealed,0,0,0,0,50,0,On,0,0,,76,Auckland,Nil,0,0,0,0,0,0,Urban,0,0,0,Fine,Null
1755251,5924720,29276,,509800,0,,0,2,,Null,2005/2006,ONEWA ROAD,WOODSIDE AVENUE,,Non-Injury Crash,No,2006,,East,,0,,Hill Road,,,,,,Twilight,360200,0,0,0,3,,,0,,,,,,Auckland Region,Nil,2-way,Sealed,,0,0,,50,,Off,0,0,,76,Auckland,Give way,,,,,0,0,Urban,0,,,Fine,Null
1570399,5178867,29277,,594600,0,,0,2,,Null,2006/2007,DURHAM ST,SANDYFORD ST,,Minor Crash,No,2006,,West,,0,,Flat,,,,,,Overcast,2616900,1,0,0,4,,,0,,,,,,Canterbury Region,Nil,2-way,Sealed,,0,0,,50,,Null,0,0,,60,Christchurch City,Stop,,,,,0,0,Urban,0,,,Fine,Null
1743939,5924022,29278,,513410,0,,0,2,,West,2006/2007,OLD SH 16,SH 18,,Non-Injury Crash,Yes,2006,,East,,0,,Flat,,,,,,Bright sun,224000,0,0,0,3,,,0,,,,,,Auckland Region,Nil,1-way,Sealed,,0,0,,50,,Off,0,0,,76,Auckland,Traffic Signals,,,,,0,0,Urban,0,,,Fine,Null