X,Y,OBJECTID,advisorySpeed,areaUnitID,bicycle,bridge,bus,carStationWagon,cliffBank,crashDirectionDescription,crashFinancialYear,crashLocation1,crashLocation2,crashRoadSideRoad,crashSeverity,crashSHDescription,crashYear,debris,directionRoleDescription,ditch,fatalCount,fence,flatHill,guardRail,holiday,houseOrBuilding,intersection,kerb,light,meshblockId,minorInjuryCount,moped,motorcycle,NumberOfLanes,objectThrownOrDropped,otherObject,otherVehicleType,overBank,parkedVehicle,pedestrian,phoneBoxEtc,postOrPole,region,roadCharacter,roadLane,roadSurface,roadworks,schoolBus,seriousInjuryCount,slipOrFlood,speedLimit,strayAnimal,streetLight,suv,taxi,temporarySpeedLimit,tlaId,tlaName,trafficControl,trafficIsland,trafficSign,train,tree,truck,unknownVehicleType,urban,vanOrUtility,vehicle,waterRiver,weatherA,weatherB
1769524,5899764,29279,,525002,0,,0,2,,South,2005/2006,GREAT SOUTH ROAD,MAHIA ROAD,,Non-Injury Crash,No,2006,,North,,0,,Flat,,,,,,Bright sun,754100,0,0,0,2,,,0,,,,,,Auckland Region,Nil,2-way,Sealed,,0,0,,50,,Off,0,0,,76,Auckland,Traffic Signals,,,,,0,0,Urban,0,,,Fine,Null
1755148,5933640,29280,,507300,0,0,0,1,0,South,2005/2006,BROWNS BAY ROAD,GANNET POINT,,Non-Injury Crash,No,2006,0,North,0,0,1,Hill Road,0,,0,,0,Dark,155701,0,0,0,2,0,0,0,0,0,,0,0,Auckland Region,Nil,2-way,Sealed,0,0,0,0,50,0,On,0,0,,76,Auckland,Nil,0,0,0,1,0,0,Urban,0,0,0,Heavy rain,Null
1758754,5919624,29281,,515902,1,,0,1,,North,2006/2007,PARNELL ROAD,GIBRALTAR CRESCENT,,Minor Crash,No,2006,,North,,0,,Hill Road,,,,,,Bright sun,452800,1,0,0,2,,,0,,,,,,Auckland Region,Nil,2-way,Sealed,,0,0,,50,,Off,0,0,,76,Auckland,Nil,,,,,0,0,Urban,0,,,Fine,Null
1738675,5934590,29282,,506653,0,0,0,0,0,North,2005/2006,ARARIMU VALLEY ROAD,OLD NORTH ROAD,,Minor Crash,No,2006,0,North,1,0,0,Flat,0,,0,,0,Twilight,217605,1,0,1,2,0,0,0,0,0,,0,0,Auckland Region,Nil,2-way,Sealed,0,0,0,0,100,0,None,0,0,,76,Auckland,Nil,0,0,0,0,0,0,Open,0,0,0,Fine,Null
1764063,5910616,29283,35,521801,0,,0,2,,North,2006/2007,ATKINSON AVENUE,NEW BRIGHTON ROAD,,Non-Injury Crash,No,2006,,North,,0,,Hill Road,,,,,,Overcast,786600,0,0,0,2,,,0,,,,,,Auckland Region,Nil,2-way,Sealed,,0,0,,50,,Off,0,0,,76,Auckland,Nil,,,,,0,0,Urban,0,,,Heavy rain,Null
1791894,5497479,29284,,564012,0,,0,0,,Null,2006/2007,SH 57,TUI GLEN DRIVE,,Minor Crash,Yes,2007,,West,,0,,Flat,,,,,,Overcast,1858700,1,0,1,2,,,0,,,,,,Manawatū-Whanganui Region,Nil,2-way,Sealed,,0,0,,100,,Null,0,0,,42,Horowhenua District,Give way,,,,,0,0,Open,0,,,Fine,Null
1799729,5813198,29285,,529100,0,,0,1,,North,2005/2006,QUENTIN DRIVE,SH 1N,,Non-Injury Crash,No,2006,,South,,0,,Flat,,,,,,Dark,927503,0,0,0,2,,,0,,,,,,Waikato Region,Nil,2-way,Sealed,,0,0,,50,,On,0,0,,16,Hamilton City,Unknown,,,,,0,0,Urban,1,,,Fine,Null
1843896,5811464,29286,,535502,0,,0,2,,Null,2005/2006,SH 27,ELIZABETH ST,,Non-Injury Crash,Yes,2006,,North,,0,,Flat,,,,,,Overcast,1120400,0,0,0,2,,,0,,,,,,Waikato Region,Nil,2-way,Sealed,,0,0,,50,,Null,0,0,,15,Matamata-Piako District,Give way,,,,,0,0,Urban,0,,,Fine,Null
1882053,5773631,29287,,539400,0,,0,1,,North,2006/2007,EDMUND ROAD,SUNSET ROAD,,Non-Injury Crash,No,2006,,South,,0,,Flat,,,,,,Overcast,1226300,0,0,0,2,,,0,,,,,,Bay of Plenty Region,Nil,2-way,Sealed,,0,0,,50,,Off,1,0,,24,Rotorua District,Stop,,,,,0,0,Urban,0,,,Fine,Null
1887573,5823886,29288,,536515,0,,0,3,,North,2005/2006,PAPAMOA BEACH ROAD,HARTFORD AVENUE,,Minor Crash,No,2006,,North,,0,,Flat,,,,,,Bright sun,1205011,1,0,0,2,,,0,,,,,,Bay of Plenty Region,Nil,2-way,Sealed,,0,0,,70,,Null,0,0,,23,Tauranga City,Unknown,,,,,0,0,Urban,0,,,Fine,Null
1675551,6025555,29289,60,504501,0,0,0,1,0,East,2006/2007,PARORE WEST ROAD,OPANAKE ROAD,,Serious Crash,No,2006,0,East,1,0,0,Flat,0,,0,,0,Bright sun,119700,0,0,0,2,0,0,0,0,0,,0,0,Northland Region,Nil,2-way,Sealed,0,0,1,0,100,0,None,0,0,,3,Kaipara District,Nil,0,0,0,0,0,0,Open,0,0,0,Fine,Null
1756120,5935226,29290,,507101,0,0,0,2,0,West,2005/2006,Z CPK BUTE LIBRARY,CLYDE ROAD,,Non-Injury Crash,No,2006,0,North,0,0,0,Flat,0,,0,,0,Overcast,161100,0,0,0,1,0,0,0,0,1,,0,0,Auckland Region,Nil,Off road,Sealed,0,0,0,0,30,0,Off,0,0,,76,Auckland,Nil,0,0,0,0,0,0,Urban,0,0,0,Fine,Null
1762901,5919831,29291,,516400,0,0,0,2,0,North,2006/2007,AOTEA ST,RUKUTAI ST,,Non-Injury Crash,No,2006,0,South,0,0,0,Flat,0,Christmas New Year,0,,0,Bright sun,499900,0,0,0,2,0,0,0,0,1,,0,0,Auckland Region,Nil,2-way,Sealed,0,0,0,0,50,0,Off,0,0,,76,Auckland,Nil,0,0,0,0,0,0,Urban,0,0,0,Fine,Null
1733837,5934433,29292,,506653,0,,0,1,,Null,2005/2006,PEAK ROAD,OLD NORTH ROAD,,Non-Injury Crash,No,2006,,South,,0,,Hill Road,,,,,,Bright sun,217704,0,0,0,2,,,0,,,,,,Auckland Region,Nil,2-way,Sealed,,0,0,,100,,None,1,0,,76,Auckland,Give way,,,,,0,0,Open,0,,,Fine,Null
1869172,5712507,29293,,541740,0,0,0,0,0,Null,2006/2007,TAHAREPA ROAD,KOTARE ST,,Non-Injury Crash,No,2006,0,East,0,0,0,Hill Road,0,,1,,0,Dark,1268801,0,0,0,2,0,0,0,0,0,,0,0,Waikato Region,Nil,2-way,Sealed,0,0,0,0,50,0,On,0,0,,21,Taupo District,Give way,0,0,0,0,0,0,Urban,1,0,0,Fine,Null
1206943,4883507,29294,65,612740,0,0,0,0,0,West,2005/2006,OTAUTAU-TUATAPERE ROAD,LOWER SCOTTS GAP ROAD,,Minor Crash,No,2006,0,East,0,0,1,Hill Road,0,,0,,0,Overcast,3177602,1,0,0,2,0,0,0,0,0,,0,0,Southland Region,Nil,2-way,Sealed,0,0,0,0,100,0,Null,0,0,,73,Southland District,Unknown,0,0,0,0,1,0,Open,0,0,0,Fine,Null
1931775,5618804,29295,,547002,0,,0,1,,Null,2005/2006,WHARERANGI ROAD,WESTMINSTER AVENUE,,Serious Crash,No,2006,,South,,0,,Flat,,,,,,Bright sun,1452800,0,0,0,2,,,0,,,,,,Hawke's Bay Region,Nil,2-way,Sealed,,0,1,,50,,Null,0,0,,31,Napier City,Give way,,,,,0,0,Urban,0,,,Fine,Null
1800761,5816604,29296,,529900,0,,0,1,,East,2005/2006,BOUNDARY ROAD,CASEY AVENUE,,Non-Injury Crash,No,2006,,West,,0,,Flat,,,,,,Bright sun,864000,0,0,0,2,,,0,,,,,,Waikato Region,Nil,2-way,Sealed,,0,0,,50,,Off,0,0,,16,Hamilton City,Nil,,,,,0,0,Urban,1,,,Fine,Null
1245207,4847163,29297,,611601,0,0,0,1,0,Null,2007/2008,CHESNEY ST,MCQUARRIE ST,,Minor Crash,No,2007,0,East,0,0,0,Flat,0,,0,,0,Dark,3150401,1,0,0,2,0,0,0,0,0,,0,0,Southland Region,Nil,2-way,Sealed,0,0,0,0,50,0,None,0,0,,75,Invercargill City,Give way,1,0,0,0,0,0,Urban,1,0,0,Fine,Null
1762645,5913022,29298,,520500,0,,0,0,,South,2005/2006,SH 1N,PENROSE OBR,,Non-Injury Crash,Yes,2006,,North,,0,,Flat,,,,,,Overcast,637200,0,0,0,3,,,0,,,,,,Auckland Region,Nil,1-way,Sealed,,0,0,,100,,Off,0,0,,76,Auckland,Nil,,,,,1,0,Open,1,,,Fine,Null
1848966,5856745,29299,,534200,0,0,0,1,1,North,2005/2006,SH 2,SAMSON ROAD,,Serious Crash,Yes,2006,0,South,0,0,0,Hill Road,0,,0,,0,Dark,1085302,0,0,0,2,0,0,0,0,0,,0,0,Waikato Region,Nil,2-way,Sealed,0,0,1,0,100,0,None,0,0,,12,Hauraki District,Nil,0,0,0,0,0,0,Open,0,0,0,Light rain,Null
1775508,5580432,29300,,557300,0,0,0,1,0,Null,2005/2006,SEDDON ST,KAIKOKOPU ROAD,,Minor Crash,No,2006,0,East,0,0,1,Flat,0,Christmas New Year,0,,0,Dark,1708600,1,0,0,2,0,0,0,0,0,,0,0,Manawatū-Whanganui Region,Nil,2-way,Sealed,0,0,0,0,50,0,On,0,0,,37,Whanganui District,Nil,0,1,0,0,0,0,Urban,0,0,0,Fine,Null
1758500,5912146,29301,,519810,0,0,0,1,0,East,2006/2007,CHURCH ST,QUADRANT ROAD,,Non-Injury Crash,No,2006,0,South,0,0,0,Flat,0,,0,,0,Bright sun,598800,0,0,0,2,0,0,0,0,1,,0,0,Auckland Region,Nil,2-way,Sealed,0,0,0,0,50,0,Off,0,0,,76,Auckland,Nil,0,0,0,0,0,0,Urban,1,0,0,Fine,Null
1804114,5814876,29302,,530700,0,0,0,2,0,South,2006/2007,HILLCREST ROAD,ODONOGHUE ST,,Non-Injury Crash,No,2006,0,North,0,0,0,Flat,0,,0,,0,Overcast,888000,0,0,0,2,0,0,0,0,1,,0,0,Waikato Region,Nil,2-way,Sealed,0,0,0,0,50,0,Off,0,0,,16,Hamilton City,Nil,0,0,0,0,0,0,Urban,0,0,0,Light rain,Null
1759954,5909287,29303,,524002,0,,0,1,,South,2005/2006,MAHUNGA DRIVE,RYMER PLACE,,Non-Injury Crash,No,2006,,South,,0,,Flat,,,,,,Overcast,724102,0,0,0,0,,,0,,,,,,Auckland Region,Nil,2-way,Sealed,,0,0,,50,,Off,0,0,,76,Auckland,Nil,,,,,0,0,Urban,1,,,Fine,Null
1755952,5917072,29304,,518201,0,,0,1,,Null,2005/2006,DOMINION ROAD,BURNLEY TERRACE,,Minor Crash,No,2006,,North,,0,,Flat,,,,,,Bright sun,548200,1,0,1,2,,,0,,,,,,Auckland Region,Nil,2-way,Sealed,,0,0,,50,,Off,0,0,,76,Auckland,Stop,,,,,0,0,Urban,0,,,Fine,Null
1885116,5772150,29305,,540510,0,,0,2,,Null,2006/2007,FENTON ST,DEVON ST,,Non-Injury Crash,No,2006,,North,,0,,Flat,,,,,,Bright sun,1242600,0,0,0,4,,,0,,,,,,Bay of Plenty Region,Nil,2-way,Sealed,,0,0,,60,,Off,0,0,,24,Rotorua District,Stop,,,,,0,0,Urban,0,,,Fine,Null
1678559,5404120,29306,,581210,0,,0,0,,North,2006/2007,BOYCE ST,LAKINGS ROAD,,Minor Crash,No,2006,,North,,0,,Flat,,,,,,Bright sun,2296800,1,0,1,2,,,0,,,,,,Marlborough Region,Nil,2-way,Sealed,,0,0,,50,,Null,1,0,,53,Marlborough District,Nil,,,,,0,0,Urban,0,,,Fine,Null
1719456,6044999,29307,,503600,1,,0,0,,Null,2006/2007,POROWINI AVENUE,KAKA ST,,Minor Crash,No,2006,,West,,0,,Flat,,,,,,Overcast,104700,1,0,0,2,,,0,,,,,,Northland Region,Nil,2-way,Sealed,,0,0,,50,,Off,1,0,,2,Whangarei District,Give way,,,,,0,0,Urban,0,,,Light rain,Null
1763399,5906235,29308,,524303,0,,0,2,,North,2006/2007,PORTAGE ROAD,MCDONALD ROAD,,Non-Injury Crash,No,2006,,South,,0,,Flat,,,,,,Dark,655800,0,0,0,2,,,0,,,,,,Auckland Region,Nil,2-way,Sealed,,0,0,,50,,On,0,0,,76,Auckland,Nil,,,,,0,0,Urban,0,,,Fine,Null
1763868,5914743,29309,,520303,0,0,0,2,0,North,2006/2007,BARRACK ROAD,BANKS ROAD,,Minor Crash,No,2006,0,North,0,0,0,Hill Road,0,,0,,0,Bright sun,626901,1,0,0,2,0,0,0,0,1,,0,0,Auckland Region,Nil,2-way,Sealed,0,0,0,0,50,0,Off,0,0,,76,Auckland,Nil,0,0,0,0,0,0,Urban,0,0,0,Fine,Null
1750375,5913768,29310,,511303,0,,0,0,,West,2005/2006,CLARK ST,WARD ST,,Serious Crash,No,2006,,West,,0,,Flat,,,,,,Bright sun,265100,0,0,0,4,,,0,,,1,,,Auckland Region,Nil,2-way,Sealed,,0,1,,50,,Null,0,0,,76,Auckland,Give way,,,,,0,0,Urban,1,,,Fine,Null
1757102,5913725,29311,,518600,0,,0,2,,Null,2006/2007,MOUNT ALBERT ROAD,BUCKLEY ROAD,,Non-Injury Crash,No,2006,,East,,0,,Flat,,,,,,Dark,565100,0,0,0,4,,,0,,,,,,Auckland Region,Nil,2-way,Sealed,,0,0,,50,,On,0,0,,76,Auckland,Nil,,,,,0,0,Urban,0,,,Fine,Null
1760253,5915840,29312,,516003,0,,0,0,,North,2005/2006,SH 1N,PENROSE OBR,,Serious Crash,Yes,2006,,North,,0,,Flat,,,,,,Dark,494902,0,0,0,3,,,0,,,1,,,Auckland Region,Nil,1-way,Sealed,,0,1,,100,,On,0,0,,76,Auckland,Nil,,,,,0,0,Open,2,,,Fine,Null
1751159,5915887,29313,,514401,0,,0,1,,Null,2006/2007,GREAT NORTH ROAD,VICTOR ST,,Non-Injury Crash,No,2006,,North,,0,,Flat,,,,,,Bright sun,383400,0,0,0,2,,,0,,,,,,Auckland Region,Nil,2-way,Sealed,,0,0,,50,,Off,0,0,,76,Auckland,Give way,,,,,1,0,Urban,0,,,Fine,Null
1764506,5919809,29314,,516601,1,,0,0,,West,2005/2006,MELANESIA ROAD,ALLUM ST,,Minor Crash,No,2006,,West,,0,,Hill Road,,,,,,Bright sun,504300,1,0,0,2,,,0,,,,,,Auckland Region,Nil,2-way,Sealed,,0,0,,50,,Off,0,0,,76,Auckland,Nil,,,,,0,0,Urban,1,,,Fine,Null
1756070,5917432,29315,,518201,0,,0,1,,South,2005/2006,Z CPK FOODTOWN,VALLEY ROAD,,Non-Injury Crash,No,2006,,West,,0,,Flat,,,,,,Bright sun,547800,0,0,0,0,,,0,,,,,,Auckland Region,Nil,Off road,Sealed,,0,0,,30,,Null,0,0,,76,Auckland,Unknown,,,,,0,0,Urban,1,,,Fine,Null
1567348,5179936,29316,,590702,0,,0,2,,South,2006/2007,MATIPO ST,MAXWELL ST,,Minor Crash,No,2006,,South,,0,,Flat,,,,,,Overcast,2471100,1,0,0,2,,,0,,,,,,Canterbury Region,Nil,2-way,Sealed,,0,0,,50,,Null,0,0,,60,Christchurch City,Nil,,,,,0,0,Urban,0,,,Heavy rain,Null
1769224,5914464,29317,,522721,0,,0,2,,Null,2005/2006,PAKURANGA ROAD,FORTUNES ROAD,,Minor Crash,No,2006,,South,,0,,Flat,,,,,,Bright sun,680727,1,0,0,4,,,0,,,,,,Auckland Region,Nil,2-way,Sealed,,0,0,,50,,Off,0,0,,76,Auckland,Traffic Signals,,,,,0,0,Urban,0,,,Fine,Null
1761193,5449710,29318,55,565601,0,0,0,1,1,North,2005/2006,PAEKAKARIKI HILL ROAD,JONES DEVIATION,,Non-Injury Crash,No,2006,0,South,0,0,0,Hill Road,0,,0,,0,Bright sun,2072000,0,0,0,2,0,0,0,0,0,,0,0,Wellington Region,Nil,2-way,Sealed,0,0,0,0,100,0,Null,0,0,,44,Porirua City,Nil,0,0,0,0,0,0,Open,0,0,0,Fine,Null
1685403,6100006,29319,,500900,0,,0,2,,North,2006/2007,KERIKERI ROAD,ACCESS ROAD,,Minor Crash,No,2006,,North,,0,,Flat,,,,,,Twilight,49600,1,0,0,2,,,0,,,,,,Northland Region,Nil,2-way,Sealed,,0,0,,80,,None,0,0,,1,Far North District,Nil,,,,,0,0,Open,0,,,Light rain,Null
1242497,4848740,29320,,611300,0,,0,1,,Null,2006/2007,SH 1S,ETTRICK ST,,Minor Crash,Yes,2006,,South,,0,,Flat,,,,,,Dark,3105200,1,0,0,4,,,0,,,,,,Southland Region,Nil,2-way,Sealed,,0,0,,50,,On,0,0,,75,Invercargill City,Give way,,,,,0,0,Urban,1,,,Fine,Null
1760973,5907307,29321,,524520,0,,0,2,,Null,2006/2007,BADER DRIVE,ROBERTSON ROAD,,Non-Injury Crash,No,2006,,East,,0,,Flat,,,,,,Bright sun,736101,0,0,0,2,,,0,,,,,,Auckland Region,Nil,2-way,Sealed,,0,0,,50,,Off,0,0,,76,Auckland,Nil,,,,,0,0,Urban,0,,,Fine,Null
1933197,5616767,29322,,545631,0,0,0,3,0,Null,2005/2006,TANNERY ROAD,BURNESS ROAD,,Minor Crash,No,2006,0,South,0,0,0,Flat,0,,0,,0,Bright sun,1403400,1,0,0,2,0,0,0,0,0,,0,1,Hawke's Bay Region,Nil,2-way,Sealed,0,0,0,0,100,0,Null,0,0,,31,Napier City,Stop,0,0,0,0,0,0,Open,0,0,0,Fine,Null
1396873,5124756,29323,,600320,0,0,0,0,0,West,2005/2006,SH 8,LAKESIDE DRIVE,,Minor Crash,Yes,2006,0,East,0,0,0,Hill Road,0,,0,,0,Bright sun,2812901,1,0,0,2,0,1,0,0,0,,0,1,Canterbury Region,Nil,2-way,Sealed,0,0,0,0,100,0,Null,1,0,,65,Mackenzie District,Unknown,0,0,0,0,1,0,Open,0,0,0,Fine,Strong wind
1749512,5941094,29324,,506300,0,0,0,3,0,North,2005/2006,SH 1N,BAWDEN OBR,,Non-Injury Crash,Yes,2006,0,North,0,0,0,Flat,1,,0,,0,Dark,175906,0,0,0,4,0,0,0,0,0,,0,0,Auckland Region,Nil,2-way,Sealed,0,0,0,0,100,0,None,0,0,,76,Auckland,Nil,0,0,0,0,0,0,Open,0,0,0,Fine,Null
1743975,5924036,29325,,513410,0,,0,0,,Null,2005/2006,OLD SH 16,SH 18,,Minor Crash,Yes,2006,,East,,0,,Flat,,,,,,Bright sun,223901,1,0,0,2,,,0,,,,,,Auckland Region,Nil,2-way,Sealed,,0,0,,50,,Off,0,0,,76,Auckland,Traffic Signals,,,,,1,0,Urban,0,,,Fine,Null
1768080,5904367,29326,,523722,0,,0,1,,Null,2006/2007,REDOUBT ROAD,MANUKAU ON SBD,,Non-Injury Crash,No,2006,,East,,0,,Flat,,,,,,Dark,715805,0,0,0,2,,,0,,,,,,Auckland Region,Motorway ramp,2-way,Sealed,,0,0,,50,,On,1,0,,76,Auckland,Give way,,,,,0,0,Urban,0,,,Light rain,Null
1929905,5796803,29327,,542530,0,,0,0,,East,2006/2007,MANAWAHE ROAD,CAVERHILL ROAD,,Minor Crash,No,2006,,South,,0,,Hill Road,,,,,,Bright sun,1325500,1,0,1,2,,,0,,,,,,Bay of Plenty Region,Nil,2-way,Sealed,,0,0,,100,,Null,1,0,,25,Whakatane District,Unknown,,,,,0,0,Open,0,,,Fine,Null
1245416,4851751,29328,,611001,0,,0,1,,Null,2005/2006,RACECOURSE ROAD,HERBERT ST,,Minor Crash,No,2006,,North,,0,,Flat,,,,,,Overcast,3129100,2,0,0,2,,,0,,,,,,Southland Region,Nil,2-way,Sealed,,0,0,,50,,Null,1,0,,75,Invercargill City,Give way,,,,,0,0,Urban,0,,,Light rain,Null
1746135,5925554,29329,,513431,0,0,0,1,0,West,2005/2006,HOBSONVILLE ROAD,SUNCREST DRIVE,,Non-Injury Crash,No,2006,0,East,0,0,0,Flat,0,,0,,0,Bright sun,223802,0,0,0,2,0,0,0,0,1,,0,0,Auckland Region,Nil,2-way,Sealed,0,0,0,0,50,0,Off,0,0,,76,Auckland,Nil,0,0,0,0,1,0,Urban,0,0,0,Fine,Null
1876316,5821473,29330,,537500,0,0,0,1,0,Null,2006/2007,TOM MUIR DRIVE,TAMWORTH PLACE,,Minor Crash,No,2006,0,East,0,0,0,Flat,0,,0,,0,Bright sun,1171201,1,0,0,2,0,0,0,0,0,,0,0,Bay of Plenty Region,Nil,2-way,Sealed,0,0,0,0,50,0,Off,1,0,,23,Tauranga City,Give way,0,0,0,0,0,0,Urban,0,1,0,Fine,Null
1801497,5814775,29331,,529700,0,,0,2,,East,2005/2006,BRIDGE ST,VICTORIA ST,,Non-Injury Crash,No,2006,,West,,0,,Flat,,,,,,Bright sun,912300,0,0,0,3,,,0,,,,,,Waikato Region,Nil,2-way,Sealed,,0,0,,50,,Off,0,0,,16,Hamilton City,Nil,,,,,0,0,Urban,0,,,Fine,Null
1678379,6019772,29332,,504501,0,0,0,1,0,North,2006/2007,POUTO ROAD,SPRING ST,,Serious Crash,No,2006,0,North,0,0,0,Flat,0,,0,,0,Bright sun,124300,0,0,0,2,0,0,0,0,0,,0,1,Northland Region,Nil,2-way,Sealed,0,0,1,0,100,0,None,0,0,,3,Kaipara District,Nil,0,0,0,0,0,0,Open,0,0,0,Fine,Null
1884871,5774228,29333,,540410,0,0,0,2,0,East,2006/2007,ARAWA ST,RANGIURU ST,,Non-Injury Crash,No,2006,0,West,0,0,0,Flat,0,,0,,0,Twilight,1235000,0,0,0,2,0,0,0,0,0,,0,0,Bay of Plenty Region,Nil,2-way,Sealed,0,0,0,0,50,0,Off,0,0,,24,Rotorua District,Nil,0,0,0,0,0,0,Urban,0,1,0,Fine,Null
1936136,5610441,29334,,545730,0,1,0,1,0,South,2007/2008,MILL ROAD,VALERIE ST,,Minor Crash,No,2007,0,North,0,0,0,Flat,0,,0,,0,Twilight,1405402,1,0,0,2,0,0,0,0,0,,0,0,Hawke's Bay Region,Bridge,2-way,Sealed,0,0,0,0,100,0,Off,0,0,,30,Hastings District,Nil,0,0,0,0,0,0,Open,0,0,0,Fine,Null
1765780,5908169,29335,,523402,0,0,0,1,0,South,2005/2006,SH 1N,BAIRDS OBR,,Non-Injury Crash,Yes,2006,0,South,0,0,0,Flat,1,,0,,0,Twilight,698900,0,0,0,3,0,0,0,0,0,,0,0,Auckland Region,Nil,1-way,Sealed,0,0,0,0,100,0,On,0,0,,76,Auckland,Nil,0,0,0,0,0,0,Open,0,0,0,Light rain,Null
1889580,5821606,29336,,536203,0,,0,2,,Null,2006/2007,DOMAIN ROAD,DONCASTER DRIVE,,Minor Crash,No,2006,,North,,0,,Flat,,,,,,Bright sun,1206836,1,0,0,2,,,0,,,,,,Bay of Plenty Region,Nil,2-way,Sealed,,0,0,,70,,Off,0,0,,23,Tauranga City,Give way,,,,,0,0,Urban,0,,,Fine,Null
1752142,5423555,29337,,577200,0,,0,1,,Null,2006/2007,BROADWAY,THE QUADRANT,,Minor Crash,No,2006,,East,,0,,Flat,,,,,,Overcast,2209000,2,0,0,2,,,0,,,,,,Wellington Region,Nil,2-way,Sealed,,0,0,,50,,Null,1,0,,47,Wellington City,Stop,,,,,0,0,Urban,0,,,Light rain,Null
1760933,5915245,29338,,520201,0,,0,2,,North,2006/2007,SH 1N,MAIN OBR,,Non-Injury Crash,Yes,2006,,North,,0,,Flat,,,,,,Dark,613500,0,0,0,3,,,0,,,,,,Auckland Region,Nil,2-way,Sealed,,0,0,,100,,On,0,0,,76,Auckland,Nil,,,,,0,0,Open,0,,,Fine,Null
1755195,5914455,29339,,518500,0,,0,0,,West,2005/2006,Z CPK UNITED VIDEO,DOMINION ROAD,,Minor Crash,No,2006,,East,,0,,Hill Road,,,,,,Dark,560900,1,0,0,1,,,0,,,1,,,Auckland Region,Nil,Off road,Sealed,,0,0,,50,,On,0,0,,76,Auckland,Nil,,,,,0,0,Urban,1,,,Light rain,Null
1757390,5928942,29340,,507800,0,,0,2,,Null,2006/2007,KITCHENER ROAD,SHAKESPEARE ROAD,,Non-Injury Crash,No,2006,,East,,0,,Flat,,,,,,Dark,307300,0,0,0,3,,,0,,,,,,Auckland Region,Nil,2-way,Sealed,,0,0,,50,,On,0,0,,76,Auckland,Traffic Signals,,,,,0,0,Urban,0,,,Fine,Null
1690627,5673476,29341,,551600,0,,0,1,,Null,2005/2006,WALLATH ROAD,WALLATH ST,,Minor Crash,No,2006,,East,,0,,Flat,,,,,,Dark,1577100,1,1,0,2,,,0,,,,,,Taranaki Region,Nil,2-way,Sealed,,0,0,,50,,On,0,0,,33,New Plymouth District,Stop,,,,,0,0,Urban,0,,,Fine,Strong wind
1753190,5918251,29342,,515003,0,,0,2,,East,2005/2006,SH 16,WATERVIEW OFF WBD,,Non-Injury Crash,Yes,2006,,West,,0,,Hill Road,,,,,,Dark,390502,0,0,0,3,,,0,,,,,,Auckland Region,Nil,1-way,Sealed,,0,0,,100,,On,0,0,,76,Auckland,Nil,,,,,0,0,Open,0,,,Fine,Null
1885015,5772661,29343,,540510,0,0,0,2,0,West,2005/2006,ROBERTSON ST,FENTON ST,,Non-Injury Crash,No,2006,0,West,0,0,1,Flat,0,Queens Birthday,0,,0,Dark,1241800,0,0,0,2,0,0,0,0,0,,0,0,Bay of Plenty Region,Nil,2-way,Sealed,0,0,0,0,50,0,On,0,0,,24,Rotorua District,Unknown,0,0,0,0,0,0,Urban,0,1,0,Fine,Null
1753546,5438541,29344,,573511,0,0,0,1,0,South,2006/2007,SH 1N,TAWA OFF NBD,,Minor Crash,Yes,2006,1,North,0,0,0,Flat,1,,0,,0,Dark,2086201,1,0,0,2,0,0,0,0,0,,0,0,Wellington Region,Nil,1-way,Sealed,0,0,0,0,100,0,On,0,0,,47,Wellington City,Nil,0,0,0,0,0,0,Open,0,0,0,Fine,Null
1752880,5916612,29345,,517901,0,0,0,2,0,Null,2006/2007,NEW NORTH ROAD,CARRINGTON ROAD,,Non-Injury Crash,No,2006,0,South,0,0,0,Flat,0,,0,,0,Overcast,524800,0,0,0,2,0,0,0,0,0,,0,0,Auckland Region,Nil,2-way,Sealed,0,0,0,0,50,0,Off,0,0,,76,Auckland,Traffic Signals,0,0,0,0,0,0,Urban,0,1,0,Light rain,Null
1679771,5403604,29346,,581230,0,,0,1,,East,2006/2007,TENTH LANE,SEYMOUR ST,,Serious Crash,No,2006,,South,,0,,Flat,,Christmas New Year,,,,Dark,2299000,1,0,0,2,,,0,,,2,,,Marlborough Region,Nil,2-way,Sealed,,0,2,,50,,On,0,0,,53,Marlborough District,Nil,,,,,0,0,Urban,0,,,Fine,Null
1883698,5686500,29347,,541503,0,0,0,1,0,South,2006/2007,TAHARUA ROAD,CLEMENTS MILL ROAD,,Minor Crash,No,2006,0,South,0,0,1,Flat,0,,0,,0,Dark,1281001,1,0,0,2,0,0,0,0,0,,0,0,Hawke's Bay Region,Nil,2-way,Sealed,0,0,0,0,100,0,None,0,0,,21,Taupo District,Nil,0,0,0,1,0,0,Open,0,0,0,Fine,Strong wind
1867398,5713855,29348,,541720,0,,0,0,,West,2006/2007,SPA ROAD,RUNANGA ST,,Non-Injury Crash,No,2006,,East,,0,,Flat,,,,,,Dark,1273500,0,0,0,2,,,0,,,,,,Waikato Region,Nil,2-way,Sealed,,0,0,,50,,On,2,0,,21,Taupo District,Nil,,,,,0,0,Urban,0,,,Fine,Null
1755970,5934432,29349,,507200,0,,0,1,,East,2006/2007,SANDOWN ROAD,KOROTAHA TERRACE,,Non-Injury Crash,No,2006,,West,,0,,Flat,,,,,,Dark,158200,0,0,0,2,,,0,,,,,,Auckland Region,Nil,2-way,Sealed,,0,0,,50,,On,0,0,,76,Auckland,Nil,,,,,0,0,Urban,0,,,Fine,Null