X,Y,OBJECTID,advisorySpeed,areaUnitID,bicycle,bridge,bus,carStationWagon,cliffBank,crashDirectionDescription,crashFinancialYear,crashLocation1,crashLocation2,crashRoadSideRoad,crashSeverity,crashSHDescription,crashYear,debris,directionRoleDescription,ditch,fatalCount,fence,flatHill,guardRail,holiday,houseOrBuilding,intersection,kerb,light,meshblockId,minorInjuryCount,moped,motorcycle,NumberOfLanes,objectThrownOrDropped,otherObject,otherVehicleType,overBank,parkedVehicle,pedestrian,phoneBoxEtc,postOrPole,region,roadCharacter,roadLane,roadSurface,roadworks,schoolBus,seriousInjuryCount,slipOrFlood,speedLimit,strayAnimal,streetLight,suv,taxi,temporarySpeedLimit,tlaId,tlaName,trafficControl,trafficIsland,trafficSign,train,tree,truck,unknownVehicleType,urban,vanOrUtility,vehicle,waterRiver,weatherA,weatherB
1770538,5912717,29350,,523101,0,,0,1,,West,2006/2007,CASCADES ROAD,BOTANY ROAD,,Non-Injury Crash,No,2006,,South,,0,,Flat,,,,,,Bright sun,710517,0,0,0,2,,,0,,,,,,Auckland Region,Nil,2-way,Sealed,,0,0,,60,,Off,0,0,,76,Auckland,Traffic Signals,,,,,0,0,Urban,1,,,Fine,Null
1750820,5934694,29351,,508701,0,,0,3,,Null,2005/2006,DAIRY FLAT HIGHWAY,STEVENSONS CRESCENT,,Minor Crash,No,2006,,West,,0,,Hill Road,,,,,,Overcast,178402,1,0,0,3,,,0,,,,,,Auckland Region,Nil,2-way,Sealed,,0,0,,50,,Off,0,0,,76,Auckland,Nil,,,,,0,0,Urban,1,,,Fine,Null
1753560,5930615,29352,,508803,0,0,1,1,0,North,2006/2007,TYRICO CLOSE,MANDEVILLE PLACE,,Non-Injury Crash,No,2006,0,North,0,0,0,Hill Road,0,,0,,0,Dark,180832,0,0,0,2,0,0,0,0,1,,0,0,Auckland Region,Nil,2-way,Sealed,0,0,0,0,50,0,On,0,0,,76,Auckland,Nil,0,0,0,0,0,0,Urban,0,0,0,Fine,Null
1772795,5895477,29353,,525520,0,,0,1,,North,2005/2006,SETTLEMENT ROAD,GREAT SOUTH ROAD,,Non-Injury Crash,No,2006,,North,,0,,Flat,,,,,,Bright sun,801700,0,0,0,2,,,0,,,,,,Auckland Region,Nil,2-way,Sealed,,0,0,,50,,Null,1,0,,76,Auckland,Unknown,,,,,0,0,Urban,0,,,Fine,Null
1757181,5434647,29354,,569900,0,,0,1,,East,2006/2007,JACKSON ST,FITZHERBERT ST,,Serious Crash,No,2006,,East,,0,,Flat,,,,,,Bright sun,2033200,0,0,0,2,,,0,,,1,,,Wellington Region,Nil,2-way,Sealed,,0,1,,50,,Null,0,0,,46,Lower Hutt City,Nil,,,,,0,0,Urban,0,,,Fine,Null
1808283,5788773,29355,,527936,0,0,0,1,1,South,2005/2006,HAIRINI ROAD,PUAHUE ROAD,,Non-Injury Crash,No,2006,0,North,0,0,0,Hill Road,0,,0,,0,Dark,987000,0,0,0,2,0,0,0,0,0,,0,0,Waikato Region,Nil,2-way,Sealed,0,0,0,0,100,0,None,0,0,,17,Waipa District,Unknown,0,0,0,0,0,0,Open,0,0,0,Fine,Null
1763319,5920273,29356,,516500,0,,0,2,,Null,2005/2006,RONAKI ROAD,MARAU CRESCENT,,Non-Injury Crash,No,2006,,South,,0,,Flat,,,,,,Twilight,501000,0,0,0,2,,,0,,,,,,Auckland Region,Nil,2-way,Unsealed,,0,0,,70,,Off,0,0,,76,Auckland,Nil,,,,,0,0,Urban,0,,,Fine,Null
1797024,5548682,29357,,559230,0,,0,1,,West,2007/2008,RAUMAI ROAD,PAREWANUI ROAD,,Minor Crash,No,2007,,East,,0,,Flat,,,,,,Bright sun,1741100,1,0,0,2,,,0,,,,,,Manawatū-Whanganui Region,Nil,2-way,Sealed,,0,0,,100,,Null,0,0,,38,Rangitikei District,Nil,,,,,0,0,Open,0,,,Fine,Null
1753424,5920164,29358,,515100,0,0,0,2,0,West,2006/2007,WEST END ROAD,FAULDER AVENUE,,Non-Injury Crash,No,2006,0,East,0,0,0,Flat,0,,0,,0,Dark,398700,0,0,0,2,0,0,0,0,1,,0,0,Auckland Region,Nil,2-way,Sealed,0,0,0,0,50,0,On,0,0,,76,Auckland,Nil,0,0,0,0,0,0,Urban,0,0,0,Fine,Null
1752480,5918017,29359,,515003,0,,0,1,,East,2006/2007,SH 16,WATERVIEW OFF WBD,,Non-Injury Crash,Yes,2006,,West,,0,,Flat,,,,,,Bright sun,390702,0,0,1,3,,,0,,,,,,Auckland Region,Nil,1-way,Sealed,,0,0,,100,,Off,0,0,,76,Auckland,Nil,,,,,0,0,Open,1,,,Fine,Null
1690551,5674887,29360,,551501,0,,0,2,,Null,2006/2007,COOK ST,GRENVILLE ST,,Minor Crash,No,2006,,North,,0,,Flat,,,,,,Overcast,1583201,2,0,0,2,,,0,,,,,,Taranaki Region,Nil,2-way,Sealed,,0,0,,50,,Null,0,0,,33,New Plymouth District,Give way,,,,,0,0,Urban,0,,,Fine,Null
1763087,5437412,29361,,568301,0,,0,2,,South,2005/2006,OXFORD TERRACE,WALTERS ST,,Non-Injury Crash,No,2006,,North,,0,,Flat,,,,,,Overcast,1948500,0,0,0,2,,,0,,,,,,Wellington Region,Nil,2-way,Sealed,,0,0,,50,,Null,0,0,,46,Lower Hutt City,Nil,,,,,0,0,Urban,0,,,Heavy rain,Null
1788430,5755543,29362,,532000,0,0,0,0,0,North,2005/2006,SH 3,HOSPITAL ROAD,,Non-Injury Crash,Yes,2006,0,South,0,0,1,Flat,0,,0,,0,Dark,1007500,0,0,0,2,0,0,0,0,0,,0,1,Waikato Region,Nil,2-way,Sealed,0,0,0,0,50,0,On,0,0,,20,Waitomo District,Unknown,0,0,0,0,1,0,Urban,0,0,0,Light rain,Null
1803891,5815812,29363,,530500,0,,0,2,,South,2005/2006,KNIGHTON ROAD,OLD FARM ROAD,,Non-Injury Crash,No,2006,,South,,0,,Flat,,,,,,Bright sun,889800,0,0,0,2,,,0,,,,,,Waikato Region,Nil,2-way,Sealed,,0,0,,50,,Off,0,0,,16,Hamilton City,Nil,,,,,0,0,Urban,0,,,Fine,Null
1788590,5761373,29364,,531731,0,0,0,1,0,Null,2005/2006,SH 3,LEE BLOCK ROAD,,Minor Crash,Yes,2006,0,South,0,0,1,Flat,0,,0,,0,Dark,1020201,3,0,0,2,0,1,0,0,0,,0,0,Waikato Region,Nil,2-way,Sealed,0,0,0,0,100,0,None,0,0,,20,Waitomo District,Nil,0,0,0,0,0,0,Open,0,0,0,Fine,Null
1751155,5915009,29365,,514402,0,0,0,0,0,West,2006/2007,GREAT NORTH ROAD,ST GEORGES ROAD,,Non-Injury Crash,No,2006,0,West,0,0,0,Hill Road,0,,0,,0,Bright sun,381000,0,0,0,2,0,0,0,0,0,,0,1,Auckland Region,Nil,2-way,Sealed,0,0,0,0,50,0,Off,0,0,,76,Auckland,Nil,0,0,0,0,0,0,Urban,1,0,0,Fine,Null
1756842,5919165,29366,,514200,0,,0,2,,West,2005/2006,1 LINK 16,SH 1N,,Non-Injury Crash,Yes,2006,,West,,0,,Flat,,,,,,Overcast,412900,0,0,0,1,,,0,,,,,,Auckland Region,Motorway ramp,1-way,Sealed,,0,0,,100,,Off,0,0,,76,Auckland,Nil,,,,,0,0,Open,0,,,Fine,Null
1757321,5919960,29367,,514103,0,,0,2,,North,2005/2006,WAKEFIELD ST,MAYORAL DRIVE,,Minor Crash,No,2006,,North,,0,,Hill Road,,,,,,Twilight,436600,1,0,0,3,,,0,,,,,,Auckland Region,Nil,2-way,Sealed,,0,0,,50,,Off,0,0,,76,Auckland,Nil,,,,,0,0,Urban,0,,,Fine,Null
1801696,5814915,29368,,530200,0,,0,2,,Null,2005/2006,BRIDGE ST,MEMORIAL DRIVE,,Non-Injury Crash,No,2006,,West,,0,,Flat,,,,,,Dark,895000,0,0,0,2,,,0,,,,,,Waikato Region,Nil,2-way,Sealed,,0,0,,50,,On,0,0,,16,Hamilton City,Nil,,,,,0,0,Urban,0,,,Fine,Null
1775725,5884222,29369,,521132,0,0,0,1,1,South,2005/2006,GREAT SOUTH ROAD,INGRAM ROAD,,Minor Crash,No,2006,0,North,1,0,0,Hill Road,0,,0,,0,Overcast,814701,1,0,0,3,0,0,0,0,0,,0,0,Auckland Region,Nil,2-way,Sealed,0,0,0,0,100,0,None,0,0,,76,Auckland,Nil,0,0,0,0,0,0,Open,0,0,0,Fine,Null
1835839,5860568,29370,,534300,0,,0,2,,Null,2005/2006,SH 2,BRENAN ST,,Non-Injury Crash,Yes,2006,,North,,0,,Flat,,,,,,Dark,1071402,0,0,0,2,,,0,,,,,,Waikato Region,Nil,2-way,Sealed,,0,0,,50,,On,0,0,,12,Hauraki District,Give way,,,,,0,0,Urban,0,,,Light rain,Null
1755967,5917089,29371,20,518201,0,0,0,2,0,East,2005/2006,PROSPECT TERRACE,DOMINION ROAD,,Non-Injury Crash,No,2006,0,North,0,0,0,Flat,0,,0,,0,Twilight,548102,0,0,0,2,0,0,0,0,1,,0,0,Auckland Region,Nil,2-way,Sealed,0,0,0,0,50,0,On,0,0,,76,Auckland,Stop,0,0,0,0,0,0,Urban,0,0,0,Fine,Null
1800182,5817391,29372,,529600,0,0,0,1,0,West,2005/2006,WOODSTOCK ROAD,ANSON AVENUE,,Non-Injury Crash,No,2006,0,East,0,0,0,Flat,0,,0,,0,Bright sun,867900,0,0,0,2,0,0,0,0,1,,0,0,Waikato Region,Nil,2-way,Sealed,0,0,0,0,50,0,Null,0,0,,16,Hamilton City,Unknown,0,0,0,0,0,0,Urban,1,0,0,Fine,Null
1847679,5775316,29373,,535261,0,0,0,1,0,Null,2006/2007,SH 1N,WILTSDOWN EAST ROAD,,Non-Injury Crash,Yes,2006,0,East,1,0,0,Flat,0,Labour Weekend,0,,0,Dark,1132800,0,0,0,2,0,0,0,0,0,,0,0,Waikato Region,Rail xing,2-way,Sealed,0,0,0,0,100,0,On,0,0,,19,South Waikato District,Give way,0,0,0,0,0,0,Open,0,0,0,Light rain,Null
1770327,5911320,29374,,523105,0,0,0,1,0,Null,2005/2006,TI RAKAU DRIVE,BOTANY ROAD,,Non-Injury Crash,No,2006,0,East,0,0,0,Flat,0,,0,,0,Dark,711185,0,0,0,2,0,0,0,0,0,,0,1,Auckland Region,Nil,2-way,Sealed,0,0,0,0,70,0,On,0,0,,76,Auckland,Traffic Signals,0,0,0,0,0,0,Urban,0,0,0,Fine,Null
1557970,5182214,29375,,587811,0,0,0,1,0,Null,2005/2006,SH 73 WEST COAST,BUCHANANS ROAD,,Serious Crash,Yes,2006,0,West,0,0,1,Flat,0,,0,,0,Dark,2494800,2,0,0,2,0,0,0,0,0,,0,0,Canterbury Region,Nil,2-way,Sealed,0,0,1,0,100,0,None,1,0,,60,Christchurch City,Stop,0,0,0,0,0,0,Open,0,0,0,Fine,Null
1763839,5917574,29376,,516302,0,,0,2,,East,2005/2006,ST JOHNS ROAD,TRUMAN ST,,Minor Crash,No,2006,,East,,0,,Flat,,,,,,Dark,462700,2,0,0,2,,,0,,,,,,Auckland Region,Nil,2-way,Sealed,,0,0,,50,,On,0,0,,76,Auckland,Nil,,,,,0,0,Urban,0,,,Light rain,Null
1761708,5906528,29377,,524112,0,0,0,2,0,Null,2005/2006,MASSEY ROAD,MASSEY OFF NBD,,Non-Injury Crash,Yes,2006,0,East,0,0,0,Flat,0,,0,,0,Bright sun,742300,0,0,0,6,0,0,0,0,0,,0,0,Auckland Region,Bridge,2-way,Sealed,1,0,0,0,50,0,Off,0,0,,76,Auckland,Traffic Signals,0,0,0,0,0,0,Urban,0,0,0,Fine,Null
1758495,5918385,29378,,517400,0,,0,2,,North,2005/2006,Z CPK THE WAREHOUSE,KHYBER PASS ROAD,,Non-Injury Crash,No,2006,,West,,0,,Flat,,,,,,Dark,451000,0,0,0,0,,,0,,,,,,Auckland Region,Nil,Off road,Sealed,,0,0,,50,,On,0,0,,76,Auckland,Nil,,,,,0,0,Urban,0,,,Fine,Null
1933571,5620537,29379,,546400,0,0,0,1,0,Null,2006/2007,AUSTIN ST,LIPTON PLACE,,Serious Crash,No,2006,0,West,0,0,0,Flat,0,,0,,0,Dark,1426900,0,0,0,2,0,0,0,0,0,,0,1,Hawke's Bay Region,Nil,2-way,Sealed,0,0,1,0,50,0,On,0,0,,31,Napier City,Nil,0,0,0,0,0,0,Urban,0,0,0,Fine,Null
1789184,5754550,29380,,532000,0,0,0,2,0,West,2006/2007,QUEEN ST,TAWHANA ST,,Non-Injury Crash,No,2006,0,West,0,0,0,Flat,0,,0,,0,Twilight,1009400,0,0,0,2,0,0,0,0,0,,0,0,Waikato Region,Nil,2-way,Sealed,0,0,0,0,50,0,None,0,0,,20,Waitomo District,Nil,0,0,0,0,0,0,Urban,1,2,0,Heavy rain,Null
1850817,5743521,29381,,535262,0,0,0,1,1,East,2006/2007,SH 30 ONGAROTO,SH 30 WHAKAMARU,,Minor Crash,Yes,2006,0,North,0,0,0,Flat,1,,0,,0,Bright sun,1151800,2,0,0,2,0,0,0,0,0,,0,0,Waikato Region,Nil,2-way,Sealed,0,0,0,0,100,0,None,0,0,,19,South Waikato District,Nil,0,0,0,0,0,0,Open,0,0,0,Fine,Null
1241727,4857139,29382,,609912,0,1,0,1,0,West,2007/2008,WALLACETOWN-LORNEVILLE RO,SH 6,,Minor Crash,No,2007,0,West,0,0,0,Flat,0,,0,,0,Dark,3081300,1,0,0,2,0,0,0,0,0,,0,0,Southland Region,Bridge,2-way,Sealed,0,0,0,0,80,0,On,0,0,,75,Invercargill City,Unknown,0,0,0,0,0,0,Open,0,0,0,Fine,Frost
1873276,5823356,29383,,536514,0,,0,4,,North,2005/2006,SH 2,TANIWHA PLACE,,Minor Crash,Yes,2006,,North,,0,,Hill Road,,,,,,Bright sun,1190100,1,0,0,2,,,0,,,,,,Bay of Plenty Region,Nil,2-way,Sealed,,0,0,,90,,Null,0,0,,23,Tauranga City,Unknown,,,,,0,0,Open,0,,,Fine,Null
1564296,5169926,29384,,587904,0,,0,2,,Null,2005/2006,SH 75,HAYES ROAD,,Minor Crash,Yes,2006,,South,,0,,Flat,,,,,,Dark,2501200,1,0,0,2,,,0,,,,,,Canterbury Region,Nil,2-way,Sealed,,0,0,,100,,None,0,0,,62,Selwyn District,Give way,,,,,0,0,Open,0,,,Fine,Null
1756441,5920310,29385,,514102,0,,0,2,,Null,2006/2007,COOK ST,UNION ST,,Minor Crash,No,2006,,East,,0,,Flat,,,,,,Dark,432700,1,0,0,2,,,0,,,,,,Auckland Region,Motorway ramp,1-way,Sealed,,0,0,,50,,On,0,0,,76,Auckland,Give way,,,,,0,0,Urban,0,,,Fine,Null
1754338,5927965,29386,,508310,0,,0,1,,Null,2006/2007,CHARTWELL AVENUE,BENTLEY AVENUE,,Non-Injury Crash,No,2006,,North,,0,,Hill Road,,,,,,Bright sun,200600,0,0,0,2,,,0,,,,,,Auckland Region,Nil,2-way,Sealed,,0,0,,50,,Off,0,0,,76,Auckland,Nil,,,,,0,0,Urban,1,,,Fine,Null
1756576,5919344,29387,,514200,0,,0,1,,Null,2006/2007,SH 1N,NELSON OFF NBD,,Non-Injury Crash,Yes,2006,,North,,0,,Flat,,,,,,Overcast,411900,0,0,0,2,,,0,,,,,,Auckland Region,Nil,1-way,Sealed,,0,0,,80,,Off,0,0,,76,Auckland,Nil,,,,,1,0,Open,0,,,Light rain,Null
1743411,5918835,29388,,513213,0,0,0,1,0,South,2006/2007,METCALFE ROAD,RISERRA DRIVE,,Non-Injury Crash,No,2006,0,North,0,0,0,Flat,0,,0,,0,Dark,235906,0,0,0,2,0,0,0,0,0,,0,1,Auckland Region,Nil,2-way,Sealed,0,0,0,0,50,0,On,0,0,,76,Auckland,Nil,0,0,0,0,0,0,Urban,0,0,0,Light rain,Null
1713150,6038817,29389,,502005,0,0,0,1,0,South,2006/2007,TAVINOR ROAD,SH 15,,Non-Injury Crash,No,2006,0,North,0,0,1,Hill Road,0,,0,,0,Dark,74801,0,0,0,2,0,0,0,0,0,,0,0,Northland Region,Nil,2-way,Sealed,0,0,0,0,100,0,None,0,0,,2,Whangarei District,Nil,0,0,0,1,0,0,Open,0,0,0,Fine,Null
1885154,5773161,29390,,540600,0,,0,2,,South,2005/2006,FENTON ST,TI ST,,Non-Injury Crash,No,2006,,South,,0,,Flat,,,,,,Dark,1243100,0,0,0,4,,,0,,,,,,Bay of Plenty Region,Nil,2-way,Sealed,,0,0,,50,,On,0,0,,24,Rotorua District,Unknown,,,,,0,0,Urban,0,,,Fine,Null
1440008,5115370,29391,75,598312,0,0,0,1,0,East,2006/2007,SH 79,OPUHA RIV BR,,Minor Crash,Yes,2006,0,East,0,0,1,Hill Road,0,,0,,0,Bright sun,2758801,2,0,0,2,0,0,0,0,0,,0,0,Canterbury Region,Nil,2-way,Sealed,0,0,0,0,100,0,Null,0,0,,64,Timaru District,Unknown,0,0,0,0,0,0,Open,0,0,0,Fine,Null
1931022,5613782,29392,,545831,0,,0,1,,Null,2005/2006,SH 50,PAKOWHAI ON SBD,,Non-Injury Crash,Yes,2006,,South,,0,,Flat,,,,,,Dark,1404600,0,0,0,2,,,0,,,,,,Hawke's Bay Region,Nil,2-way,Sealed,,0,0,,100,,On,1,0,,30,Hastings District,Traffic Signals,,,,,0,0,Open,0,,,Fine,Null
1769996,5918543,29393,,522601,0,0,0,2,0,West,2006/2007,DEVON ROAD,CLOVELLY ROAD,,Non-Injury Crash,No,2006,0,East,0,0,0,Hill Road,0,,0,,0,Twilight,675700,0,0,0,2,0,0,0,0,1,,0,0,Auckland Region,Nil,2-way,Sealed,0,0,0,0,50,0,On,0,0,,76,Auckland,Nil,0,0,0,0,0,0,Urban,0,0,0,Fine,Null
1406248,4916488,29394,,602900,0,,0,3,,Null,2006/2007,SH 1S,QUEENS GARDENS,,Minor Crash,Yes,2006,,North,,0,,Flat,,,,,,Overcast,2895400,2,0,0,3,,,0,,,,,,Otago Region,Nil,1-way,Sealed,,0,0,,50,,Null,0,0,,71,Dunedin City,Traffic Signals,,,,,0,0,Urban,0,,,Light rain,Null
1763904,5912490,29395,,520500,0,,0,2,,Null,2006/2007,MT WGTN OFF NBD,MOUNT WELLINGTON HIGHWAY,,Non-Injury Crash,Yes,2006,,West,,0,,Flat,,,,,,Bright sun,637300,0,0,0,2,,,0,,,,,,Auckland Region,Nil,1-way,Sealed,,0,0,,100,,Off,0,0,,76,Auckland,Traffic Signals,,,,,0,0,Open,0,,,Fine,Null
1754075,5931386,29396,,508807,0,0,0,2,0,Null,2005/2006,SH 1N,CONSTELLATION OBR,,Non-Injury Crash,Yes,2006,0,North,0,0,0,Flat,1,,0,,0,Dark,180810,0,0,0,2,0,0,0,0,0,,0,0,Auckland Region,Nil,1-way,Sealed,0,0,0,0,100,0,On,0,0,,76,Auckland,Nil,0,0,0,0,0,0,Open,0,0,0,Light rain,Null
1757020,5912654,29397,,518702,0,,0,2,,North,2005/2006,SH 20,QUEENSTOWN OBR,,Minor Crash,Yes,2006,,East,,0,,Hill Road,,,,,,Bright sun,569900,1,0,0,2,,,0,,,,,,Auckland Region,Nil,1-way,Sealed,,0,0,,100,,Off,0,1,,76,Auckland,Nil,,,,,0,0,Open,0,,,Fine,Null
1848938,5532914,29398,,550200,0,,0,2,,Null,2005/2006,OLD SH 2,PAPATAWA OBR,,Non-Injury Crash,Yes,2006,,East,,0,,Flat,,,,,,Overcast,1542900,0,0,0,2,,,0,,,,,,Manawatū-Whanganui Region,Nil,2-way,Sealed,,0,0,,100,,Null,0,0,,41,Tararua District,Nil,,,,,0,0,Open,0,,,Fine,Null
1755647,5928446,29399,,508320,0,,0,2,,Null,2005/2006,ARCHERS ROAD,WAIRAU ROAD,,Non-Injury Crash,No,2006,,East,,0,,Flat,,,,,,Overcast,198500,0,0,0,3,,,0,,,,,,Auckland Region,Nil,2-way,Sealed,,0,0,,50,,Off,0,0,,76,Auckland,Traffic Signals,,,,,0,0,Urban,0,,,Light rain,Null
1405647,4919435,29400,,603720,0,,0,2,,North,2006/2007,BURMA ROAD,CANNINGTON ROAD,,Minor Crash,No,2006,,South,,0,,Hill Road,,,,,,Bright sun,2891600,1,0,0,2,,,0,,,,,,Otago Region,Nil,2-way,Sealed,,0,0,,50,,Null,0,0,,71,Dunedin City,Unknown,,,,,0,0,Urban,0,,,Fine,Null
1763545,5909055,29401,,521901,0,,0,2,,Null,2006/2007,WALMSLEY ROAD,NIKAU ROAD,,Non-Injury Crash,No,2006,,South,,0,,Flat,,,,,,Dark,785000,0,0,0,4,,,0,,,,,,Auckland Region,Nil,2-way,Sealed,,0,0,,50,,On,0,0,,76,Auckland,Nil,,,,,0,0,Urban,0,,,Fine,Null
1611948,6145449,29402,,500207,0,0,0,1,0,North,2005/2006,SH 1N,NORTHWOOD AVENUE,,Non-Injury Crash,Yes,2006,1,South,0,0,1,Flat,0,,0,,0,Dark,1302,0,0,0,2,0,0,0,0,0,,0,1,Northland Region,Nil,2-way,Sealed,0,0,0,0,100,0,On,0,0,,1,Far North District,Nil,0,0,0,0,0,0,Open,1,0,0,Fine,Null
1889603,5822302,29403,,536201,0,,0,2,,Null,2005/2006,DOMAIN ROAD,GRAVATT ROAD,,Non-Injury Crash,No,2006,,North,,0,,Flat,,,,,,Bright sun,1206812,0,0,0,2,,,0,,,,,,Bay of Plenty Region,Nil,2-way,Sealed,,0,0,,50,,Null,0,0,,23,Tauranga City,Give way,,,,,0,0,Urban,0,,,Fine,Null
1884246,5770668,29404,,540000,0,0,0,1,0,West,2005/2006,MOKOIA DRIVE,SH 5,,Serious Crash,No,2006,0,East,0,0,0,Hill Road,0,,0,,0,Dark,1264703,2,0,0,2,0,0,0,0,0,,0,0,Bay of Plenty Region,Nil,2-way,Sealed,0,0,2,0,50,0,Off,0,0,,24,Rotorua District,Nil,0,0,0,1,0,0,Urban,0,0,0,Fine,Null
1762326,5913395,29405,,520500,0,,0,3,,South,2005/2006,SH 1N,PENROSE OBR,,Non-Injury Crash,Yes,2006,,North,,0,,Flat,,,,,,Dark,637100,0,0,0,3,,,0,,,,,,Auckland Region,Nil,1-way,Sealed,,0,0,,100,,On,0,0,,76,Auckland,Nil,,,,,0,0,Open,0,,,Fine,Null
1574033,5179517,29406,,593700,0,,0,2,,Null,2005/2006,LINWOOD AVENUE,HAY ST,,Minor Crash,No,2006,,East,,0,,Flat,,,,,,Overcast,2566900,1,0,0,4,,,0,,,,,,Canterbury Region,Nil,2-way,Sealed,,0,0,,60,,Null,0,0,,60,Christchurch City,Stop,,,,,0,0,Urban,0,,,Light rain,Null
1757972,5918016,29407,,515700,0,,0,2,,South,2006/2007,SH 1N,GILLIES OFF SBD,,Minor Crash,Yes,2006,,South,,0,,Flat,,,,,,Overcast,443200,1,0,0,3,,,0,,,,,,Auckland Region,Nil,1-way,Sealed,,0,0,,80,,Off,0,0,,76,Auckland,Nil,,,,,0,0,Open,0,,,Fine,Null
1764188,5440023,29408,,568201,0,,1,1,,Null,2005/2006,REYNOLDS ST,NASH ST,,Non-Injury Crash,No,2006,,North,,0,,Flat,,,,,,Overcast,1935900,0,0,0,2,,,0,,,,,,Wellington Region,Nil,2-way,Sealed,,0,0,,50,,Null,0,0,,46,Lower Hutt City,Nil,,,,,0,0,Urban,0,,,Light rain,Null
1719380,6045955,29409,,503100,1,,0,1,,Null,2005/2006,BANK ST,HUNT ST,,Non-Injury Crash,No,2006,,North,,0,,Flat,,,,,,Bright sun,99700,0,0,0,2,,,0,,,,,,Northland Region,Nil,2-way,Sealed,,0,0,,50,,None,0,0,,2,Whangarei District,Nil,,,,,0,0,Urban,0,,,Fine,Null
1791867,5832509,29410,,527123,0,,0,9,,South,2006/2007,GREAT SOUTH ROAD,HOPUHOPU BR,,Minor Crash,No,2006,,South,,0,,Flat,,,,,,Twilight,950200,2,0,0,2,,,0,,,,,,Waikato Region,Nil,2-way,Sealed,,0,0,,100,,None,1,0,,13,Waikato District,Unknown,,,,,0,0,Open,0,,,Heavy rain,Null
1766119,5905122,29411,,522400,0,0,0,2,0,West,2005/2006,PUHINUI ROAD,NORMAN SPENCER DRIVE,,Non-Injury Crash,No,2006,0,East,0,0,0,Flat,0,,0,,0,Bright sun,672105,0,0,0,2,0,0,0,0,1,,0,0,Auckland Region,Nil,2-way,Sealed,0,0,0,0,50,0,Off,0,0,,76,Auckland,Nil,0,0,0,0,0,0,Urban,1,0,0,Fine,Null
1753910,5924806,29412,,510401,0,,0,2,,West,2006/2007,HIGHBURY BYPASS,BIRKENHEAD AVENUE,,Non-Injury Crash,No,2006,,East,,0,,Hill Road,,,,,,Bright sun,350905,0,0,0,6,,,0,,,,,,Auckland Region,Nil,2-way,Sealed,,0,0,,50,,Off,0,0,,76,Auckland,Traffic Signals,,,,,0,0,Urban,0,,,Fine,Null
1568452,5184213,29413,,591800,0,,0,0,,South,2007/2008,MAIN NORTH ROAD,PROCTOR ST,,Minor Crash,No,2007,,South,,0,,Flat,,Christmas New Year,,,,Dark,2665000,1,0,0,2,,,0,,,1,,,Canterbury Region,Nil,2-way,Sealed,,0,0,,50,,On,1,0,,60,Christchurch City,Nil,,,,,0,0,Urban,0,,,Fine,Null
1797543,5813623,29414,,528602,0,,0,1,,Null,2005/2006,TUHIKARAMEA ROAD,GIBSON ROAD,,Non-Injury Crash,No,2006,,North,,0,,Flat,,,,,,Dark,921701,0,0,0,2,,,0,,,,,,Waikato Region,Nil,2-way,Sealed,,0,0,,50,,On,0,0,,16,Hamilton City,Give way,,,,,0,0,Urban,1,,,Fine,Null
1829131,5532178,29415,,560302,0,0,0,0,0,South,2006/2007,TE MATAI ROAD,SH 3,,Minor Crash,No,2006,0,East,0,0,1,Flat,0,,0,,0,Dark,1793300,1,0,0,2,0,0,0,0,0,,0,0,Manawatū-Whanganui Region,Nil,2-way,Sealed,0,0,0,0,100,0,None,0,0,,40,Palmerston North City,Nil,0,0,0,1,0,0,Open,1,0,0,Fine,Null
1764055,5910651,29416,,521801,0,,0,0,,North,2006/2007,ATKINSON AVENUE,PORTAGE ROAD,,Non-Injury Crash,No,2006,,South,,0,,Flat,,,,,,Bright sun,786600,0,0,0,3,,,0,,,,,,Auckland Region,Nil,2-way,Sealed,,0,0,,50,,Null,2,0,,76,Auckland,Nil,,,,,0,0,Urban,0,,,Fine,Null
1757029,5916828,29417,,518202,1,0,0,1,0,North,2005/2006,MOUNT EDEN ROAD,STOKES ROAD,,Minor Crash,No,2006,0,North,0,0,0,Flat,0,,0,,0,Dark,550000,1,0,0,2,0,0,0,0,1,,0,0,Auckland Region,Nil,2-way,Sealed,0,0,0,0,50,0,On,0,0,,76,Auckland,Nil,0,0,0,0,0,0,Urban,0,0,0,Fine,Null
1701313,5635192,29418,,553500,0,,0,0,,West,2006/2007,ELTHAM ROAD,LOWER DUTHIE ROAD,,Serious Crash,No,2006,,South,,0,,Hill Road,,,,,,Bright sun,1638400,0,0,1,2,,,0,,,,,,Taranaki Region,Nil,2-way,Sealed,,0,2,,100,,Null,1,0,,35,South Taranaki District,Nil,,,,,0,0,Open,0,,,Fine,Null
1756700,5919795,29419,,514102,0,,0,2,,South,2005/2006,HOBSON ON SBD,HOBSON ST,,Non-Injury Crash,Yes,2006,,South,,0,,Hill Road,,,,,,Overcast,435500,0,0,0,1,,,0,,,,,,Auckland Region,Motorway ramp,1-way,Sealed,,0,0,,80,,Off,0,0,,76,Auckland,Nil,,,,,0,0,Open,0,,,Fine,Null
1836140,5794815,29420,,535250,0,0,0,0,0,South,2005/2006,SH 1N,SH 29,,Minor Crash,Yes,2006,0,South,0,0,1,Flat,0,,0,,0,Overcast,1125301,2,0,0,2,0,0,0,0,0,,0,0,Waikato Region,Nil,2-way,Sealed,0,0,0,0,100,0,Null,0,0,,19,South Waikato District,Unknown,0,0,0,0,0,0,Open,1,0,0,Light rain,Null