X,Y,OBJECTID,advisorySpeed,areaUnitID,bicycle,bridge,bus,carStationWagon,cliffBank,crashDirectionDescription,crashFinancialYear,crashLocation1,crashLocation2,crashRoadSideRoad,crashSeverity,crashSHDescription,crashYear,debris,directionRoleDescription,ditch,fatalCount,fence,flatHill,guardRail,holiday,houseOrBuilding,intersection,kerb,light,meshblockId,minorInjuryCount,moped,motorcycle,NumberOfLanes,objectThrownOrDropped,otherObject,otherVehicleType,overBank,parkedVehicle,pedestrian,phoneBoxEtc,postOrPole,region,roadCharacter,roadLane,roadSurface,roadworks,schoolBus,seriousInjuryCount,slipOrFlood,speedLimit,strayAnimal,streetLight,suv,taxi,temporarySpeedLimit,tlaId,tlaName,trafficControl,trafficIsland,trafficSign,train,tree,truck,unknownVehicleType,urban,vanOrUtility,vehicle,waterRiver,weatherA,weatherB
1768204,5913813,29421,,523000,0,,0,2,,East,2005/2006,PAKURANGA ROAD,GLENMORE ROAD,,Non-Injury Crash,No,2006,,West,,0,,Flat,,,,,,Dark,690700,0,0,0,2,,,0,,,,,,Auckland Region,Nil,2-way,Sealed,,0,0,,60,,On,0,0,,76,Auckland,Nil,,,,,0,0,Urban,0,,,Fine,Null
1744019,5924039,29422,,513521,0,,0,2,,Null,2006/2007,OLD SH 18,SH 16,,Non-Injury Crash,Yes,2006,,West,,0,,Flat,,,,,,Dark,224240,0,0,0,4,,,0,,,,,,Auckland Region,Nil,2-way,Sealed,,0,0,,50,,On,0,0,,76,Auckland,Traffic Signals,,,,,0,0,Urban,0,,,Fine,Null
1872551,5559582,29423,,549800,0,,0,1,,North,2005/2006,THIRD LINE SOUTH,PEDERSEN ROAD,,Minor Crash,No,2006,,South,,0,,Hill Road,,Christmas New Year,,,,Twilight,1534500,1,0,1,2,,,0,,,,,,Manawatū-Whanganui Region,Nil,2-way,Sealed,,0,0,,100,,None,0,0,,41,Tararua District,Nil,,,,,0,0,Open,0,,,Heavy rain,Null
1768888,5903114,29424,,523820,0,,0,2,,South,2005/2006,EVERGLADE DRIVE,DEODAR PLACE,,Non-Injury Crash,No,2006,,North,,0,,Flat,,,,,,Bright sun,760122,0,0,0,2,,,0,,,,,,Auckland Region,Nil,2-way,Sealed,,0,0,,50,,Off,0,0,,76,Auckland,Nil,,,,,0,0,Urban,0,,,Light rain,Null
1571518,5183725,29425,,592701,0,,0,1,,West,2005/2006,WESTMINSTER ST,GREENWOOD CLOSE,,Minor Crash,No,2006,,West,,0,,Flat,,,,,,Overcast,2593400,1,0,0,2,,,0,,,1,,,Canterbury Region,Nil,2-way,Sealed,,0,0,,50,,Null,0,0,,60,Christchurch City,Nil,,,,,0,0,Urban,0,,,Light rain,Null
1884015,5773599,29426,,540420,0,,0,3,,Null,2006/2007,PERERIKA ST,JAMES ST,,Non-Injury Crash,No,2006,,East,,0,,Flat,,,,,,Bright sun,1235400,0,0,0,2,,,0,,,,,,Bay of Plenty Region,Nil,2-way,Sealed,,0,0,,50,,Off,0,0,,24,Rotorua District,Give way,,,,,0,0,Urban,0,,,Fine,Null
1867357,5713655,29427,,541720,0,,0,1,,East,2005/2006,Z CPK PAK N SAVE,RUAPEHU ST,,Serious Crash,No,2006,,East,,0,,Flat,,,,,,Bright sun,1273500,0,0,0,1,,,0,,,1,,,Waikato Region,Nil,Off road,Sealed,,0,1,,30,,Off,0,0,,21,Taupo District,Nil,,,,,0,0,Urban,0,,,Fine,Null
1690316,5675284,29428,,551501,0,,0,2,,Null,2007/2008,SH 45,BAYLY ROAD,,Minor Crash,Yes,2007,,West,,0,,Hill Road,,,,,,Dark,1583100,1,0,0,2,,,0,,,,,,Taranaki Region,Nil,2-way,Sealed,,0,0,,50,,On,0,1,,33,New Plymouth District,Stop,,,,,0,0,Urban,0,,,Fine,Null
1753110,5912075,29429,,518902,0,0,0,1,0,North,2005/2006,COMMODORE DRIVE,ORSOVA PLACE,,Serious Crash,No,2006,0,South,0,0,0,Flat,0,Queens Birthday,0,,1,Dark,587100,0,0,0,2,0,0,0,0,0,,0,0,Auckland Region,Nil,2-way,Sealed,0,0,2,0,50,0,On,0,0,,76,Auckland,Nil,0,0,0,1,0,0,Urban,0,0,0,Light rain,Null
1794182,5824777,29430,,527916,0,0,0,1,1,South,2005/2006,GREAT SOUTH ROAD,HOROTIU BRIDGE ROAD,,Non-Injury Crash,No,2006,0,South,0,0,0,Flat,0,,0,,0,Bright sun,975802,0,0,0,2,0,0,0,0,0,,0,0,Waikato Region,Nil,2-way,Sealed,0,0,0,0,100,0,Null,0,0,,13,Waikato District,Nil,0,0,0,0,0,0,Open,0,0,0,Fine,Null
1757430,5930917,29431,,507710,0,0,0,2,0,North,2005/2006,BEACH ROAD,PETER TERRACE,,Non-Injury Crash,No,2006,0,North,0,0,0,Hill Road,0,,0,,0,Overcast,313800,0,0,0,2,0,0,0,0,1,,0,0,Auckland Region,Nil,2-way,Sealed,0,0,0,0,50,0,Off,0,0,,76,Auckland,Nil,0,0,0,0,0,0,Urban,0,0,0,Fine,Null
1766185,5907575,29432,,522301,0,,0,3,,South,2005/2006,SH 1N,OTARA OFF NBD,,Non-Injury Crash,Yes,2006,,North,,0,,Flat,,,,,,Overcast,666700,0,0,0,2,,,0,,,,,,Auckland Region,Nil,1-way,Sealed,,0,0,,100,,On,0,1,,76,Auckland,Nil,,,,,0,0,Open,0,,,Fine,Null
1753607,5925890,29433,,508220,0,0,0,1,0,West,2006/2007,PARK HILL ROAD,GLENFIELD ROAD,,Non-Injury Crash,No,2006,0,North,0,0,0,Hill Road,0,,0,,0,Overcast,189600,0,0,0,2,0,0,0,0,1,,0,0,Auckland Region,Nil,2-way,Sealed,0,0,0,0,50,0,On,0,0,,76,Auckland,Nil,0,0,0,0,0,0,Urban,1,0,0,Fine,Null
1937170,5622147,29434,,546802,0,,0,2,,Null,2005/2006,MARINE PARADE,COOTE ROAD,,Non-Injury Crash,No,2006,,North,,0,,Flat,,,,,,Bright sun,1422200,0,0,0,2,,,0,,,,,,Hawke's Bay Region,Nil,2-way,Sealed,,0,0,,50,,Null,0,0,,31,Napier City,Nil,,,,,0,0,Urban,0,,,Fine,Null
1757568,5918592,29435,,514302,0,,0,2,,South,2005/2006,KHYBER PASS ON SBD,KHYBER PASS ROAD,,Non-Injury Crash,Yes,2006,,South,,0,,Flat,,Queens Birthday,,,,Dark,442100,0,0,0,2,,,0,,,,,,Auckland Region,Motorway ramp,1-way,Sealed,,0,0,,50,,On,0,0,,76,Auckland,Nil,,,,,0,0,Urban,0,,,Light rain,Null
1934519,5607433,29436,,545722,0,0,0,1,0,East,2005/2006,PILCHER ROAD,SH 2,,Minor Crash,No,2006,0,West,1,0,0,Flat,0,Easter,0,,0,Bright sun,1406300,1,0,0,2,0,0,0,0,0,,0,0,Hawke's Bay Region,Nil,2-way,Sealed,0,0,0,0,100,0,Null,0,0,,30,Hastings District,Nil,0,0,0,0,0,0,Open,0,0,0,Fine,Null
1760312,5922623,29437,,509400,0,,0,2,,Null,2005/2006,VICTORIA ROAD,KERR ST,,Non-Injury Crash,No,2006,,North,,0,,Hill Road,,,,,,Dark,329500,0,0,0,2,,,0,,,,,,Auckland Region,Nil,2-way,Sealed,,0,0,,50,,On,0,0,,76,Auckland,Nil,,,,,0,0,Urban,0,,,Fine,Null
1748980,5426188,29438,,573300,0,0,0,1,0,South,2006/2007,ADELAIDE ROAD,RUGBY ST,,Minor Crash,No,2006,0,North,0,0,0,Flat,0,,0,,0,Dark,2145700,1,0,0,4,0,0,0,0,0,,0,0,Wellington Region,Nil,2-way,Sealed,0,0,0,0,50,0,On,0,0,,47,Wellington City,Nil,0,1,0,0,1,0,Urban,0,0,0,Light rain,Null
1401612,4919262,29439,,602500,0,0,0,1,1,West,2005/2006,THREE MILE HILL ROAD,HALFWAY BUSH ROAD,,Serious Crash,No,2006,0,East,0,0,0,Hill Road,0,,0,,0,Overcast,2978800,1,0,0,2,0,0,0,0,0,,0,0,Otago Region,Nil,2-way,Sealed,0,0,1,0,100,0,Null,0,0,,71,Dunedin City,Unknown,0,0,0,0,0,0,Open,0,0,0,Light rain,Null
1752402,5916052,29440,,517901,0,0,0,0,0,Null,2005/2006,NEW NORTH ROAD,RICHARDSON ROAD,,Non-Injury Crash,No,2006,0,West,0,0,0,Flat,0,,0,,0,Dark,523700,0,0,0,4,0,0,0,0,0,,0,1,Auckland Region,Nil,2-way,Sealed,0,0,0,0,50,0,On,1,0,,76,Auckland,Traffic Signals,0,0,0,0,0,0,Urban,0,0,0,Fine,Null
1243227,4847896,29441,,611700,0,0,0,1,0,West,2005/2006,JANET ST,YTHAN ST,,Serious Crash,No,2006,0,East,0,0,0,Flat,0,,0,,0,Dark,3112800,1,0,0,2,0,0,0,0,1,2,0,0,Southland Region,Nil,2-way,Sealed,0,0,1,0,50,0,On,0,0,,75,Invercargill City,Unknown,0,0,0,0,0,0,Urban,0,0,0,Fine,Null
1408204,4919399,29442,,603300,0,,0,1,,Null,2006/2007,BLACKS ROAD,GREY ST,,Minor Crash,No,2006,,North,,0,,Hill Road,,,,,,Dark,2871500,1,0,0,2,,,0,,,,,,Otago Region,Nil,2-way,Sealed,,0,0,,50,,On,0,0,,71,Dunedin City,Nil,,,,,0,0,Urban,0,,,Fine,Null
1757115,5925593,29443,,509702,0,,0,1,,South,2006/2007,SH 1N,ESMONDE ON SBD,,Non-Injury Crash,Yes,2006,,South,,0,,Flat,,,,,,Overcast,364602,0,0,0,3,,,0,,,,,,Auckland Region,Nil,1-way,Sealed,,0,0,,100,,Off,0,0,,76,Auckland,Nil,,,,,1,0,Open,0,,,Null,Null
1573537,5184722,29444,,590505,0,0,0,0,0,East,2005/2006,SH 74,MARSHLAND ROAD,,Minor Crash,Yes,2006,0,West,0,0,0,Flat,0,,0,,0,Bright sun,2506202,1,0,0,2,0,0,0,0,0,,0,1,Canterbury Region,Nil,2-way,Sealed,0,0,0,0,80,0,Null,1,0,,60,Christchurch City,Unknown,0,0,0,0,0,0,Open,0,0,0,Fine,Null
1755672,5916073,29445,,518301,0,,0,1,,South,2006/2007,DOMINION ROAD,ROCKLANDS AVENUE,,Minor Crash,No,2006,,North,,0,,Flat,,,,,,Overcast,555300,1,1,0,4,,,0,,,,,,Auckland Region,Nil,2-way,Sealed,,0,0,,50,,Off,0,0,,76,Auckland,Nil,,,,,0,0,Urban,0,,,Light rain,Null
1806604,5434988,29446,,579803,0,,0,1,,Null,2005/2006,PRINCESS ST,HUANGARUA ROAD,,Serious Crash,No,2006,,West,,0,,Flat,,,,,,Dark,2276002,1,0,0,2,,,0,,,,,,Wellington Region,Nil,2-way,Sealed,,0,1,,70,,On,0,0,,50,South Wairarapa District,Stop,,,,,0,0,Urban,1,,,Heavy rain,Null
1756836,5920018,29447,,514102,0,,0,1,,Null,2005/2006,HOBSON ST,NICHOLAS ST,,Non-Injury Crash,No,2006,,South,,0,,Flat,,,,,,Overcast,434500,0,0,0,6,,,0,,,,,,Auckland Region,Nil,1-way,Sealed,,0,0,,50,,Off,0,0,,76,Auckland,Nil,,,,,0,0,Urban,1,,,Fine,Null
1562273,5181125,29448,,587812,1,,0,1,,Null,2006/2007,SH 1S MASHAM,ROSELLA ST,,Minor Crash,Yes,2006,,North,,0,,Flat,,,,,,Overcast,2495200,1,0,0,2,,,0,,,,,,Canterbury Region,Nil,2-way,Sealed,,0,0,,50,,Null,0,1,,60,Christchurch City,Give way,,,,,0,0,Urban,0,,,Fine,Null
1243694,4846803,29449,,611800,0,,0,2,,North,2006/2007,ELLES ROAD,VERNON ST,,Minor Crash,No,2007,,North,,0,,Flat,,,,,,Overcast,3150500,3,0,0,4,,,0,,,,,,Southland Region,Nil,2-way,Sealed,,0,0,,50,,Null,0,0,,75,Invercargill City,Unknown,,,,,0,0,Urban,1,,,Heavy rain,Strong wind
1801919,5814593,29450,,530200,0,,0,1,,West,2006/2007,COOK ST,GREY ST,,Non-Injury Crash,No,2006,,West,,0,,Flat,,,,,,Twilight,893000,0,0,0,2,,,0,,,,,,Waikato Region,Nil,2-way,Sealed,,0,0,,50,,On,0,0,,16,Hamilton City,Nil,,,,,0,0,Urban,1,,,Fine,Null
1767380,5904605,29451,,524604,0,,1,1,,Null,2006/2007,RONWOOD AVENUE,AMERSHAM WAY,,Non-Injury Crash,No,2006,,West,,0,,Flat,,,,,,Overcast,780204,0,0,0,2,,,0,,,,,,Auckland Region,Nil,2-way,Sealed,,0,0,,50,,Null,0,0,,76,Auckland,Give way,,,,,0,0,Urban,0,,,Light rain,Null
1884165,5825317,29452,,536831,0,0,0,3,0,North,2006/2007,Z CPK BAYFAIR SC,GIRVEN ROAD,,Non-Injury Crash,No,2006,0,East,0,0,0,Flat,0,,0,,0,Bright sun,1201300,0,0,0,0,0,0,0,0,1,,0,0,Bay of Plenty Region,Nil,Off road,Sealed,0,0,0,0,10,0,Off,0,0,,23,Tauranga City,Nil,0,0,0,0,0,0,Urban,0,0,0,Fine,Null
1242006,4849881,29453,,611300,1,,0,1,,Null,2005/2006,SPEY ST,MERSEY ST,,Minor Crash,No,2006,,North,,0,,Flat,,,,,,Bright sun,3104300,1,0,0,2,,,0,,,,,,Southland Region,Nil,2-way,Sealed,,0,0,,50,,Null,0,0,,75,Invercargill City,Give way,,,,,0,0,Urban,0,,,Fine,Null
1749051,5427473,29454,,573101,0,,0,1,,Null,2006/2007,CABLE ST,TARANAKI ST,,Minor Crash,No,2006,,East,,0,,Flat,,,,,,Overcast,2133100,1,0,0,4,,,0,,,1,,,Wellington Region,Nil,2-way,Sealed,,0,0,,50,,Null,0,1,,47,Wellington City,Traffic Signals,,,,,0,0,Urban,0,,,Fine,Null
1770689,5810737,29455,75,526602,0,0,0,0,0,South,2005/2006,SH 23,VAN HOUTTE ROAD,,Minor Crash,Yes,2006,0,South,1,0,0,Flat,0,,0,,0,Bright sun,860800,1,0,0,2,0,0,0,0,0,,0,0,Waikato Region,Nil,2-way,Sealed,0,0,0,0,100,0,Null,0,0,,13,Waikato District,Unknown,0,0,0,0,0,0,Open,1,0,0,Fine,Null
1753597,5945787,29456,,505906,0,,0,2,,South,2005/2006,WHANGAPARAOA ROAD,BLUE HERON RISE,,Non-Injury Crash,No,2006,,South,,0,,Flat,,,,,,Dark,173805,0,0,0,2,,,0,,,,,,Auckland Region,Nil,2-way,Sealed,,0,0,,50,,On,0,0,,76,Auckland,Nil,,,,,0,0,Urban,1,,,Fine,Null
1793028,5806686,29457,,527914,0,,0,1,,South,2006/2007,SH 39,TUHIKARAMEA ROAD,,Non-Injury Crash,Yes,2006,,North,,0,,Flat,,,,,,Overcast,980400,0,0,0,2,,,0,,,,,,Waikato Region,Nil,2-way,Sealed,,0,0,,100,,None,0,0,,17,Waipa District,Nil,,,,,1,0,Open,0,,,Fine,Null
1566896,5181525,29458,,589200,1,,0,1,,Null,2005/2006,CLYDE ROAD,FENDALTON ROAD,,Minor Crash,No,2006,,South,,0,,Flat,,,,,,Dark,2548100,1,0,0,4,,,0,,,,,,Canterbury Region,Nil,2-way,Sealed,,0,0,,50,,On,0,0,,60,Christchurch City,Traffic Signals,,,,,0,0,Urban,0,,,Mist or Fog,Null
1405729,4915339,29459,,602900,0,,0,2,,Null,2005/2006,PRINCES ST,MAITLAND ST,,Minor Crash,No,2006,,North,,0,,Flat,,,,,,Overcast,2896000,1,0,0,2,,,0,,,,,,Otago Region,Nil,2-way,Sealed,,0,0,,50,,Null,0,0,,71,Dunedin City,Give way,,,,,0,0,Urban,0,,,Fine,Null
1744810,5974030,29460,55,506661,0,,0,0,,South,2006/2007,SH 1N,KRAACK ROAD,,Non-Injury Crash,Yes,2006,,South,,0,,Hill Road,,,,,,Dark,138900,0,0,0,2,,,0,,,,,,Auckland Region,Nil,2-way,Sealed,,0,0,,100,,None,0,0,,76,Auckland,Unknown,,,,,2,0,Open,0,,,Fine,Null
1768156,5907851,29461,,523502,0,,0,3,,Null,2005/2006,PRESTON ROAD,EAST TAMAKI ROAD,,Minor Crash,No,2006,,North,,0,,Flat,,,,,,Bright sun,703800,1,0,0,5,,,0,,,,,,Auckland Region,Nil,2-way,Sealed,,0,0,,50,,Null,0,0,,76,Auckland,Traffic Signals,,,,,0,0,Urban,0,,,Fine,Null
1624052,6115928,29462,,500302,0,0,0,1,1,South,2005/2006,ALLEN BELL DRIVE,DONALD ROAD,,Non-Injury Crash,No,2006,0,North,0,0,0,Flat,0,,0,,0,Overcast,13207,0,0,0,2,0,0,0,0,0,,0,0,Northland Region,Nil,2-way,Sealed,0,0,0,0,50,0,Off,0,0,,1,Far North District,Nil,0,0,0,0,0,0,Urban,0,0,0,Fine,Null
1911384,5660279,29463,,545911,0,0,0,1,0,North,2005/2006,SH 5,MCVICAR ROAD,,Non-Injury Crash,Yes,2006,0,North,0,0,1,Hill Road,0,,0,,0,Bright sun,1414300,0,0,0,3,0,0,0,0,0,,0,0,Hawke's Bay Region,Nil,2-way,Sealed,0,0,0,0,100,0,Null,0,0,,30,Hastings District,Nil,0,0,0,0,0,0,Open,0,0,0,Fine,Null
1746540,5916504,29464,,510700,0,,0,2,,Null,2005/2006,GREAT NORTH ROAD,TE ATATU ROAD,,Non-Injury Crash,No,2006,,West,,0,,Flat,,,,,,Dark,241000,0,0,0,2,,,0,,,,,,Auckland Region,Nil,2-way,Sealed,,0,0,,50,,On,0,0,,76,Auckland,Give way,,,,,0,0,Urban,0,,,Fine,Null
1797862,5818662,29465,,528403,0,,0,1,,South,2005/2006,TE RAPA ROAD,SUNSHINE AVENUE,,Non-Injury Crash,No,2006,,North,,0,,Flat,,,,,,Dark,908100,0,0,0,2,,,0,,,,,,Waikato Region,Nil,2-way,Sealed,,0,0,,50,,On,0,0,,16,Hamilton City,Traffic Signals,,,,,0,0,Urban,1,,,Light rain,Null
1764046,5909902,29466,,521901,0,0,1,0,0,Null,2006/2007,GREAT SOUTH ROAD,KING ST,,Minor Crash,No,2006,0,South,0,0,0,Flat,0,,1,,0,Bright sun,783900,3,0,0,2,0,0,0,0,0,,0,0,Auckland Region,Nil,2-way,Sealed,0,0,0,0,50,0,Off,0,0,,76,Auckland,Stop,0,0,0,0,0,0,Urban,0,0,0,Fine,Null
1752533,5916203,29467,,517903,0,,0,2,,North,2006/2007,NEW NORTH ROAD,WOODWARD ROAD,,Non-Injury Crash,No,2006,,North,,0,,Flat,,,,,,Dark,520200,0,0,0,2,,,0,,,,,,Auckland Region,Nil,2-way,Sealed,,0,0,,50,,On,0,0,,76,Auckland,Nil,,,,,0,0,Urban,0,,,Fine,Null
1768683,5901060,29468,,524901,0,,0,2,,South,2006/2007,GREAT SOUTH ROAD,STATION ROAD,,Non-Injury Crash,No,2006,,North,,0,,Flat,,,,,,Dark,757100,0,0,0,3,,,0,,,,,,Auckland Region,Nil,2-way,Sealed,,0,0,,50,,On,0,0,,76,Auckland,Nil,,,,,0,0,Urban,0,,,Fine,Null
1202038,5031287,29469,,609011,0,0,0,1,1,North,2005/2006,SH 94,HOMER TUNNEL NORTH,,Minor Crash,Yes,2006,0,North,0,0,0,Hill Road,0,,0,,0,Bright sun,3174800,3,0,0,2,0,0,0,0,0,,0,0,Southland Region,Nil,2-way,Sealed,0,0,0,0,100,0,Null,0,0,,73,Southland District,Unknown,0,0,0,0,0,0,Open,0,0,0,Fine,Frost
1802948,5813662,29470,,530300,0,,0,2,,North,2005/2006,GALLOWAY ST,SH 1N,,Non-Injury Crash,No,2006,,South,,0,,Flat,,,,,,Twilight,883300,0,0,0,4,,,0,,,,,,Waikato Region,Nil,2-way,Sealed,,0,0,,60,,Off,0,0,,16,Hamilton City,Give way,,,,,0,0,Urban,0,,,Fine,Null
1758259,5920195,29471,,514103,0,,0,0,,South,2005/2006,SH 16,PARNELL RISE,,Minor Crash,Yes,2006,,North,,0,,Flat,,,,,,Bright sun,438203,1,0,1,4,,,0,,,,,,Auckland Region,Nil,2-way,Sealed,,0,0,,50,,Off,1,0,,76,Auckland,Traffic Signals,,,,,0,0,Urban,0,,,Fine,Null
1569720,5188529,29472,,590400,0,,0,2,,Null,2006/2007,SH 74 MAIN NORTH,PENTLAND DRIVE,,Minor Crash,Yes,2006,,South,,0,,Flat,,,,,,Dark,2513504,1,0,0,4,,,0,,,,,,Canterbury Region,Nil,2-way,Sealed,,0,0,,60,,On,0,0,,60,Christchurch City,Give way,,,,,0,0,Urban,0,,,Fine,Null
1760117,5916644,29473,,516002,0,0,0,2,0,East,2005/2006,CLONBERN ROAD,OHINERAU ST,,Non-Injury Crash,No,2006,0,West,0,0,0,Flat,0,,0,,0,Bright sun,492400,0,0,0,2,0,0,0,0,1,,0,0,Auckland Region,Nil,2-way,Sealed,0,0,0,0,50,0,Off,1,0,,76,Auckland,Nil,0,0,0,0,0,0,Urban,0,0,0,Fine,Null
1764207,5909549,29474,,521901,0,0,0,2,0,Null,2005/2006,QUEEN ST,PARK AVENUE,,Non-Injury Crash,No,2006,0,North,0,0,0,Hill Road,0,,1,,0,Dark,784600,0,0,0,2,0,0,0,0,0,,0,0,Auckland Region,Nil,2-way,Sealed,0,0,0,0,50,0,On,0,0,,76,Auckland,Stop,0,0,0,0,0,0,Urban,0,0,0,Fine,Null
1755356,5931841,29475,,508520,0,,1,1,,Null,2005/2006,EAST COAST ROAD,SUNSET ROAD,,Non-Injury Crash,No,2006,,North,,0,,Hill Road,,,,,,Dark,151603,0,0,0,4,,,0,,,,,,Auckland Region,Nil,2-way,Sealed,,0,0,,50,,On,0,0,,76,Auckland,Give way,,,,,0,0,Urban,0,,,Fine,Null
1273437,4838737,29476,,610080,0,0,0,1,0,East,2007/2008,TOKANUI-GORGE HIGHWAY,FLEMING ROAD,,Minor Crash,No,2007,0,South,1,0,0,Flat,0,,0,,0,Bright sun,3095100,2,0,0,2,0,0,0,0,0,,0,0,Southland Region,Nil,2-way,Sealed,0,0,0,0,100,0,Null,0,0,,73,Southland District,Unknown,0,0,0,0,0,0,Open,0,0,0,Fine,Null
1753825,5930198,29477,,508420,1,,0,1,,Null,2005/2006,SUNSET ROAD,TARGET ROAD,,Serious Crash,No,2006,,East,,0,,Flat,,,,,,Overcast,182710,0,0,0,2,,,0,,,,,,Auckland Region,Nil,2-way,Sealed,,0,1,,50,,Off,0,0,,76,Auckland,Give way,,,,,0,0,Urban,0,,,Fine,Null
1883591,5820490,29478,,538303,0,0,0,1,1,Null,2005/2006,WELCOME BAY ROAD,NGAPEKE ROAD,,Non-Injury Crash,No,2006,0,North,0,0,0,Hill Road,0,,0,,0,Dark,1206703,0,0,0,2,0,0,0,0,0,,0,0,Bay of Plenty Region,Nil,2-way,Sealed,0,0,0,0,100,0,None,0,0,,23,Tauranga City,Give way,0,0,0,0,0,0,Open,0,0,0,Fine,Frost
1750391,5914439,29479,,511303,1,,1,0,,South,2005/2006,GREAT NORTH ROAD,STOCK ST,,Serious Crash,No,2006,,North,,0,,Hill Road,,,,,,Bright sun,266200,0,0,0,3,,,0,,,,,,Auckland Region,Nil,2-way,Sealed,,0,1,,50,,Null,0,0,,76,Auckland,Unknown,,,,,0,0,Urban,0,,,Fine,Null
1879246,5823578,29480,,538201,0,,0,1,,North,2006/2007,DEVONPORT ROAD,ARUNDEL ST,,Non-Injury Crash,No,2006,,South,,0,,Flat,,,,,,Dark,1165600,0,0,0,2,,,0,,,,,,Bay of Plenty Region,Nil,2-way,Sealed,,0,0,,50,,On,0,1,,23,Tauranga City,Unknown,,,,,0,0,Urban,2,,,Fine,Null
1761410,5914267,29481,,520202,0,,0,3,,North,2005/2006,SH 1N,PENROSE OBR,,Non-Injury Crash,Yes,2006,,North,,0,,Flat,,,,,,Overcast,612300,0,0,0,3,,,0,,,,,,Auckland Region,Nil,1-way,Sealed,,0,0,,100,,Off,0,0,,76,Auckland,Nil,,,,,0,0,Open,0,,,Light rain,Null
1756410,5919673,29482,,514000,0,,0,2,,South,2005/2006,HOWE ST,BERESFORD ST,,Non-Injury Crash,No,2006,,South,,0,,Flat,,,,,,Bright sun,413500,0,0,0,2,,,0,,,,,,Auckland Region,Nil,2-way,Sealed,,0,0,,50,,Off,0,0,,76,Auckland,Nil,,,,,0,0,Urban,0,,,Fine,Null
1760634,5916792,29483,,516002,0,,0,1,,West,2005/2006,REMUERA ROAD,ORAKEI ROAD,,Minor Crash,No,2006,,East,,0,,Flat,,,,,,Bright sun,493300,1,0,1,4,,,0,,,,,,Auckland Region,Nil,2-way,Sealed,,0,0,,50,,Off,0,0,,76,Auckland,Traffic Signals,,,,,0,0,Urban,0,,,Fine,Null
1751867,5425306,29484,,577601,0,0,0,2,0,South,2005/2006,AKAROA DRIVE,MAUPUIA ROAD,,Non-Injury Crash,No,2006,0,West,0,0,0,Hill Road,0,,0,,0,Dark,2202201,0,0,0,2,0,0,0,0,1,,0,0,Wellington Region,Nil,2-way,Sealed,0,0,0,0,50,0,On,0,0,,47,Wellington City,Nil,0,0,0,0,0,0,Urban,0,0,0,Fine,Null
1841901,5793309,29485,,535100,0,,0,1,,Null,2005/2006,SH 1N,SH 27,,Non-Injury Crash,Yes,2006,,North,,0,,Flat,,,,,,Twilight,1124301,0,0,1,2,,,0,,,,,,Waikato Region,Nil,2-way,Sealed,,0,0,,50,,Off,0,0,,19,South Waikato District,Give way,,,,,0,0,Urban,0,,,Light rain,Null
1747548,5425463,29486,,575701,0,,0,1,,South,2005/2006,OHIRO ROAD,TAFT ST,,Minor Crash,No,2006,,North,,0,,Hill Road,,,,,,Bright sun,2199500,1,0,0,2,,,0,,,1,,,Wellington Region,Nil,2-way,Sealed,,0,0,,50,,Null,0,0,,47,Wellington City,Nil,,,,,0,0,Urban,0,,,Fine,Null
2034111,5709073,29487,,544400,0,,0,2,,Null,2006/2007,ANDREW ST,REDMOND ST,,Minor Crash,No,2007,,East,,0,,Flat,,,,,,Overcast,1374100,2,0,0,2,,,0,,,,,,Gisborne Region,Nil,2-way,Sealed,,0,0,,50,,Null,0,0,,28,Gisborne District,Give way,,,,,0,0,Urban,0,,,Fine,Null
1698856,5674590,29488,80,551014,0,0,0,0,0,North,2005/2006,EGMONT ROAD,DORSET ROAD,,Non-Injury Crash,No,2006,0,North,0,0,1,Flat,0,,0,,0,Overcast,1560201,0,0,0,2,0,0,0,0,0,,0,0,Taranaki Region,Nil,2-way,Sealed,0,0,0,0,100,0,Null,0,0,,33,New Plymouth District,Nil,0,0,0,0,1,0,Open,0,0,0,Light rain,Null
1762919,5915482,29489,,520302,0,0,0,1,0,West,2006/2007,MARUA ROAD,STANHOPE ROAD,,Non-Injury Crash,No,2006,0,South,0,0,0,Flat,0,,0,,0,Bright sun,625400,0,0,0,2,0,0,0,0,1,,0,0,Auckland Region,Nil,2-way,Sealed,0,0,0,0,50,0,Off,0,0,,76,Auckland,Nil,0,0,0,0,1,0,Urban,0,0,0,Fine,Null
1756488,5924606,29490,,509702,0,,0,3,,North,2005/2006,SH 1N,SEART OFF SBD,,Non-Injury Crash,Yes,2006,,South,,0,,Flat,,,,,,Dark,366700,0,0,0,4,,,0,,,,,,Auckland Region,Nil,1-way,Sealed,,0,0,,100,,On,0,0,,76,Auckland,Nil,,,,,0,0,Open,0,,,Fine,Null
1765487,5913780,29491,,520602,0,,0,2,,South,2006/2007,LAGOON DRIVE,CHURCH CRESCENT,,Non-Injury Crash,No,2006,,North,,0,,Flat,,,,,,Bright sun,629600,0,0,0,4,,,0,,,,,,Auckland Region,Nil,2-way,Sealed,,0,0,,50,,Off,0,0,,76,Auckland,Nil,,,,,0,0,Urban,0,,,Fine,Null