X,Y,OBJECTID,advisorySpeed,areaUnitID,bicycle,bridge,bus,carStationWagon,cliffBank,crashDirectionDescription,crashFinancialYear,crashLocation1,crashLocation2,crashRoadSideRoad,crashSeverity,crashSHDescription,crashYear,debris,directionRoleDescription,ditch,fatalCount,fence,flatHill,guardRail,holiday,houseOrBuilding,intersection,kerb,light,meshblockId,minorInjuryCount,moped,motorcycle,NumberOfLanes,objectThrownOrDropped,otherObject,otherVehicleType,overBank,parkedVehicle,pedestrian,phoneBoxEtc,postOrPole,region,roadCharacter,roadLane,roadSurface,roadworks,schoolBus,seriousInjuryCount,slipOrFlood,speedLimit,strayAnimal,streetLight,suv,taxi,temporarySpeedLimit,tlaId,tlaName,trafficControl,trafficIsland,trafficSign,train,tree,truck,unknownVehicleType,urban,vanOrUtility,vehicle,waterRiver,weatherA,weatherB
1887122,5772714,29492,,538722,0,,0,1,,Null,2005/2006,SH 30,MARINO ROAD,,Non-Injury Crash,Yes,2006,,East,,0,,Flat,,,,,,Overcast,1257600,0,0,0,4,,,0,,,,,,Bay of Plenty Region,Nil,2-way,Sealed,,0,0,,60,,Null,0,0,,24,Rotorua District,Give way,,,,,0,0,Urban,1,,,Fine,Null
1801397,5821450,29493,,527009,0,0,0,1,0,Null,2005/2006,THOMAS ROAD,ST JAMES DRIVE,,Non-Injury Crash,No,2006,0,East,0,0,0,Flat,0,,0,,0,Dark,952322,0,0,0,2,0,0,0,0,0,,0,0,Waikato Region,Nil,2-way,Sealed,0,0,0,0,50,0,On,0,0,,16,Hamilton City,Give way,1,0,0,0,0,0,Urban,0,0,0,Fine,Null
1735444,5999381,29494,,505010,0,0,0,0,0,South,2006/2007,KAIWAKA MANGAWHAI ROAD,BALDROCK ROAD,,Non-Injury Crash,No,2006,0,North,1,0,0,Hill Road,0,,0,,0,Overcast,134000,0,0,0,2,0,0,0,0,0,,0,0,Northland Region,Nil,2-way,Sealed,0,0,0,0,100,0,None,0,0,,3,Kaipara District,Nil,0,0,0,0,1,0,Open,1,0,0,Fine,Null
1758321,5919653,29495,,515902,0,0,0,0,0,Null,2006/2007,LOWER DOMAIN DRIVE,LOVERS LANE,,Non-Injury Crash,No,2006,0,South,0,0,0,Hill Road,0,,0,,1,Overcast,451400,0,0,0,2,0,0,0,0,0,,0,0,Auckland Region,Nil,2-way,Sealed,0,0,0,0,50,0,Off,1,0,,76,Auckland,Nil,0,0,0,0,0,0,Urban,0,0,0,Heavy rain,Null
1767792,5900888,29496,,525001,0,0,0,2,0,South,2005/2006,MCKEAN AVENUE,RUSSELL ROAD,,Non-Injury Crash,No,2006,0,North,0,0,0,Flat,0,,0,,0,Bright sun,752300,0,0,0,2,0,0,0,0,1,,0,0,Auckland Region,Nil,2-way,Sealed,0,0,0,0,50,0,Null,0,0,,76,Auckland,Unknown,0,0,0,0,0,0,Urban,0,0,0,Fine,Null
1837113,5689521,29497,,532502,0,0,0,0,0,North,2005/2006,SH 41,OMORI ROAD,,Serious Crash,Yes,2006,0,West,0,0,0,Hill Road,0,,0,,0,Bright sun,1026509,0,0,1,2,0,0,0,0,0,,0,0,Waikato Region,Nil,2-way,Sealed,0,0,1,0,100,0,Null,0,0,,21,Taupo District,Unknown,0,0,0,0,0,0,Open,0,0,0,Fine,Null
1753717,5928565,29498,,508412,0,,0,1,,Null,2005/2006,GLENFIELD ROAD,HALL ROAD,,Non-Injury Crash,No,2006,,South,,0,,Flat,,,,,,Twilight,184800,0,0,0,3,,,0,,,,,,Auckland Region,Nil,2-way,Sealed,,0,0,,50,,Off,0,0,30,76,Auckland,Give way,,,,,0,0,Urban,1,,,Fine,Null
1800504,5816103,29499,,529700,0,,0,3,,North,2006/2007,VICTORIA ST,PRINCES ST,,Non-Injury Crash,No,2006,,North,,0,,Flat,,,,,,Overcast,909602,0,0,0,4,,,0,,,,,,Waikato Region,Nil,2-way,Sealed,,0,0,,50,,Null,0,0,,16,Hamilton City,Nil,,,,,0,0,Urban,0,,,Fine,Null
1748778,5429398,29500,,572900,0,,0,3,,North,2006/2007,SH 1N,TINAKORI ON NBD,,Minor Crash,Yes,2007,,North,,0,,Flat,,,,,,Dark,2119500,1,0,0,3,,,0,,,,,,Wellington Region,Nil,2-way,Sealed,,0,0,,100,,On,0,0,,47,Wellington City,Nil,,,,,0,0,Open,0,,,Light rain,Null
1748532,5913080,29501,,511401,0,,0,2,,Null,2006/2007,TITIRANGI ROAD,PARKER AVENUE,,Non-Injury Crash,No,2006,,West,,0,,Hill Road,,,,,,Dark,262600,0,0,0,2,,,0,,,,,,Auckland Region,Nil,2-way,Sealed,,0,0,,50,,On,0,0,,76,Auckland,Give way,,,,,0,0,Urban,0,,,Fine,Null
1772860,5892061,29502,,521301,0,0,0,1,0,North,2006/2007,SH 1N,BREMNER OBR,,Non-Injury Crash,Yes,2006,0,South,0,0,0,Flat,1,,0,,0,Overcast,808701,0,0,0,2,0,0,0,0,0,,0,0,Auckland Region,Nil,1-way,Sealed,0,0,0,0,100,0,Off,0,0,,76,Auckland,Nil,0,0,0,0,0,0,Open,0,0,0,Fine,Null
1868576,5711067,29503,,541750,0,,0,2,,Null,2005/2006,LAKE TERRACE,SHEPHERD ROAD,,Minor Crash,No,2006,,South,,0,,Flat,,,,,,Overcast,1267113,1,0,0,2,,,0,,,,,,Waikato Region,Nil,2-way,Sealed,,0,0,,50,,Null,0,0,,21,Taupo District,Give way,,,,,0,0,Urban,0,,,Fine,Null
1680217,5404912,29504,,581220,0,,0,1,,East,2005/2006,BUDGE ST,GROVE ROAD,,Non-Injury Crash,No,2006,,East,,0,,Flat,,,,,,Overcast,2294700,0,0,0,2,,,0,,,,,,Marlborough Region,Nil,2-way,Sealed,,0,0,,50,,Null,1,0,,53,Marlborough District,Nil,,,,,0,0,Urban,0,,,Fine,Null
1756426,5919069,29505,,514200,0,,0,2,,Null,2006/2007,SH 16,16 LINK 1,,Non-Injury Crash,Yes,2006,,East,,0,,Flat,,,,,,Bright sun,411800,0,0,0,4,,,0,,,,,,Auckland Region,Nil,2-way,Sealed,,0,0,,80,,Off,0,0,,76,Auckland,Nil,,,,,0,0,Open,0,,,Fine,Null
2079171,5804698,29506,,543301,0,0,0,1,0,East,2006/2007,RANGITUKIA ROAD,KOIA ROAD,,Minor Crash,No,2006,0,East,0,0,0,Flat,0,,0,,0,Dark,1343900,1,0,0,2,0,0,0,0,0,,0,0,Gisborne Region,Nil,2-way,Sealed,0,0,0,0,100,0,None,0,0,,28,Gisborne District,Nil,0,0,0,0,0,0,Open,0,0,0,Fine,Null
1766331,5907432,29507,,522302,0,,0,2,,South,2005/2006,SH 1N,EAST TAMAKI OBR,,Non-Injury Crash,Yes,2006,,North,,0,,Flat,,,,,,Dark,667700,0,0,0,4,,,0,,,,,,Auckland Region,Nil,1-way,Sealed,,0,0,,100,,On,0,0,,76,Auckland,Nil,,,,,0,0,Open,0,,,Null,Null
1763443,5910522,29508,,521901,0,0,0,1,0,South,2005/2006,SALEYARDS ROAD,PORTAGE ROAD,,Non-Injury Crash,No,2006,0,North,0,0,1,Flat,0,,0,,0,Twilight,781900,0,0,0,3,0,0,0,0,1,,0,0,Auckland Region,Nil,2-way,Sealed,0,0,0,0,50,0,Off,0,0,,76,Auckland,Nil,0,0,0,0,1,0,Urban,0,0,0,Fine,Null
1449413,5291556,29509,,584912,0,0,0,1,0,South,2006/2007,SH 6,RUTHERGLEN ROAD,,Minor Crash,Yes,2006,0,North,1,0,0,Flat,0,,0,,0,Overcast,2413900,2,0,0,2,0,0,0,0,0,,0,0,West Coast Region,Nil,2-way,Sealed,0,0,0,0,100,0,Null,0,0,,56,Grey District,Unknown,0,0,0,1,0,0,Open,0,0,0,Light rain,Null
1793386,5501429,29510,,564210,0,0,0,1,0,West,2006/2007,YORK ST,CLARK ST,,Minor Crash,No,2007,0,East,0,0,0,Flat,0,,0,,0,Dark,1863700,1,0,0,2,0,0,0,0,0,,0,1,Manawatū-Whanganui Region,Nil,2-way,Sealed,0,0,0,0,50,0,On,0,0,,42,Horowhenua District,Nil,1,1,0,0,0,0,Urban,0,0,0,Fine,Null
1766520,5913270,29511,,522920,0,,0,2,,Null,2006/2007,TI RAKAU DRIVE,PAKURANGA ROAD,,Non-Injury Crash,No,2006,,North,,0,,Flat,,,,,,Overcast,683900,0,0,0,2,,,0,,,,,,Auckland Region,Nil,2-way,Sealed,,0,0,,60,,Off,0,0,,76,Auckland,Give way,,,,,0,0,Urban,0,,,Fine,Null
1618674,5427116,29512,,584000,1,0,0,1,0,North,2005/2006,SEAVIEW ROAD,SONGER ST,,Serious Crash,No,2006,0,North,0,0,0,Flat,0,,0,,0,Bright sun,2341100,1,0,0,2,0,0,0,0,0,,0,0,Nelson Region,Nil,2-way,Sealed,0,0,1,0,50,0,Null,0,0,,52,Nelson City,Nil,0,0,0,0,0,0,Urban,0,1,0,Fine,Null
1930963,5605668,29513,,548000,0,,0,1,,West,2006/2007,FREDERICK ST,KARAMU ROAD NORTH,,Minor Crash,No,2006,,North,,0,,Flat,,,,,,Overcast,1495700,1,0,1,2,,,0,,,,,,Hawke's Bay Region,Nil,2-way,Sealed,,0,0,,50,,Null,0,0,,30,Hastings District,Nil,,,,,0,0,Urban,0,,,Fine,Null
1786859,5859208,29514,,527210,0,0,0,1,0,South,2006/2007,SH 1N,PADDY ROAD,,Non-Injury Crash,Yes,2006,0,North,0,0,0,Flat,1,,0,,0,Overcast,935700,0,0,0,2,0,0,0,0,0,,0,0,Waikato Region,Nil,2-way,Sealed,0,0,0,0,100,0,Null,0,0,,13,Waikato District,Unknown,0,0,0,0,0,0,Open,0,0,0,Fine,Null
1767527,5735809,29515,65,531720,0,0,0,1,0,West,2005/2006,SH 3,PAEKAKA ROAD,,Non-Injury Crash,Yes,2006,0,South,0,0,0,Hill Road,0,,0,,1,Bright sun,1017500,0,0,0,2,0,0,0,0,0,,0,0,Waikato Region,Nil,2-way,Sealed,0,0,0,0,100,0,Null,0,0,,20,Waitomo District,Unknown,0,0,0,0,0,0,Open,0,0,0,Fine,Null
1763695,5908892,29516,,521901,0,,0,2,,Null,2005/2006,MANGERE ROAD,GOLF AVENUE,,Non-Injury Crash,No,2006,,West,,0,,Flat,,,,,,Overcast,785400,0,0,0,4,,,0,,,,,,Auckland Region,Nil,2-way,Sealed,,0,0,,50,,Off,0,0,,76,Auckland,Traffic Signals,,,,,0,0,Urban,0,,,Fine,Null
1889471,5774682,29517,,538742,0,0,0,1,0,South,2005/2006,SH 30,COULTER ROAD,,Non-Injury Crash,Yes,2006,0,North,0,0,0,Flat,1,,0,,0,Dark,1257000,0,0,0,2,0,0,0,0,0,,0,0,Bay of Plenty Region,Nil,2-way,Sealed,0,0,0,0,60,0,On,0,0,,24,Rotorua District,Unknown,1,1,0,0,0,0,Urban,0,0,0,Fine,Null
1749191,5970644,29518,,505500,0,,0,1,,South,2006/2007,QUEEN ST,MILL LANE,,Non-Injury Crash,No,2006,,South,,0,,Flat,,,,,,Overcast,140300,0,0,0,2,,,0,,,1,,,Auckland Region,Nil,2-way,Sealed,,0,0,,50,,Off,0,0,,76,Auckland,Nil,,,,,0,0,Urban,0,,,Fine,Null
1457835,5072314,29519,,598314,0,,0,2,,West,2006/2007,PAREORA AVENUE,CLIFFORD ST,,Minor Crash,No,2006,,West,,0,,Flat,,,,,,Dark,2776400,1,0,0,2,,,0,,,,,,Canterbury Region,Nil,2-way,Sealed,,0,0,,50,,On,0,0,,64,Timaru District,Unknown,,,,,0,0,Urban,0,,,Fine,Null
1744482,5932281,29520,,506653,0,,0,1,,Null,2006/2007,COATESVILLE-RIVERHEAD HIG,MILL FLAT ROAD,,Non-Injury Crash,No,2006,,South,,0,,Flat,,,,,,Overcast,217201,0,0,0,2,,,0,,,,,,Auckland Region,Nil,2-way,Sealed,,0,0,,80,,None,1,0,,76,Auckland,Stop,,,,,0,0,Open,0,,,Light rain,Null
1763815,5913703,29521,,520303,0,,0,1,,North,2005/2006,MOUNT WELLINGTON HIGHWAY,WAIPUNA ROAD,,Non-Injury Crash,No,2006,,South,,0,,Flat,,,,,,Bright sun,627300,0,0,0,6,,,0,,,,,,Auckland Region,Nil,2-way,Sealed,,0,0,,50,,Off,0,0,,76,Auckland,Traffic Signals,,,,,1,0,Urban,0,,,Fine,Null
1857640,5855311,29522,55,534100,0,0,0,0,1,West,2005/2006,WAIHI BEACH ROAD,FERGUS ROAD,,Minor Crash,No,2006,0,East,0,0,0,Hill Road,0,,0,,0,Overcast,1083206,1,0,0,2,0,0,0,0,0,,0,0,Bay of Plenty Region,Nil,2-way,Sealed,0,0,0,0,100,0,Null,0,0,,22,Western Bay of Plenty District,Unknown,0,0,0,0,0,0,Open,1,0,0,Fine,Null
1867811,5785531,29523,,535232,0,,0,1,,East,2005/2006,SH 5,GALAXY ROAD,,Non-Injury Crash,Yes,2006,,West,,0,,Flat,,,,,,Dark,1127602,0,0,0,2,,,0,,,,,,Waikato Region,Nil,2-way,Unsealed,,0,0,,100,,None,0,0,30,19,South Waikato District,Unknown,,,,,0,0,Open,0,,,Light rain,Null
1750406,5914452,29524,,511303,1,,0,0,,Null,2005/2006,GREAT NORTH ROAD,STOCK ST,,Minor Crash,No,2006,,East,,0,,Flat,,,,,,Overcast,266200,1,0,0,2,,,0,,,,,,Auckland Region,Nil,2-way,Sealed,,0,0,,50,,Off,1,0,,76,Auckland,Give way,,,,,0,0,Urban,0,,,Light rain,Null
1766791,5462446,29525,,566302,0,0,0,0,0,South,2005/2006,SH 1N,WATERFALL ROAD,,Non-Injury Crash,Yes,2006,0,South,0,0,0,Flat,1,,0,,0,Bright sun,2010100,0,0,0,2,0,0,0,0,0,,0,0,Wellington Region,Nil,1-way,Sealed,0,0,0,0,100,0,Null,0,0,,43,Kapiti Coast District,Nil,0,0,0,0,0,0,Open,1,0,0,Fine,Null
1885186,5773885,29526,,540410,0,,0,1,,East,2005/2006,HINEMOA ST,FENTON ST,,Non-Injury Crash,No,2006,,West,,0,,Flat,,,,,,Overcast,1234400,0,0,0,3,,,0,,,,,,Bay of Plenty Region,Nil,2-way,Sealed,,0,0,,50,,Null,0,0,,24,Rotorua District,Traffic Signals,,,,,0,0,Urban,1,,,Light rain,Null
1776706,5450137,29527,,566610,0,0,0,1,0,South,2005/2006,AKATARAWA ROAD,CREST ROAD,,Non-Injury Crash,No,2006,0,North,0,0,1,Hill Road,0,,0,,0,Bright sun,1912200,0,0,0,2,0,0,0,0,0,,0,0,Wellington Region,Nil,2-way,Sealed,0,0,0,0,100,0,Null,0,0,,45,Upper Hutt City,Nil,0,0,0,0,0,0,Open,0,0,0,Fine,Null
1767845,5904118,29528,,524602,0,0,0,2,0,East,2006/2007,Z CPK KFC,GREAT SOUTH ROAD,,Non-Injury Crash,No,2006,0,East,0,0,0,Flat,0,,1,,0,Dark,780501,0,0,0,0,0,0,0,0,1,,0,0,Auckland Region,Nil,Off road,Sealed,0,0,0,0,30,0,None,0,0,,76,Auckland,Nil,0,0,0,0,0,0,Urban,0,0,0,Fine,Null
1744324,5915709,29529,,513013,0,0,0,3,0,Null,2006/2007,HENDERSON VALLEY ROAD,FOREST HILL ROAD,,Minor Crash,No,2006,0,North,0,0,0,Flat,0,,0,,0,Overcast,281401,1,0,0,2,0,0,0,0,0,,0,0,Auckland Region,Nil,2-way,Sealed,0,0,0,0,50,0,Off,0,0,,76,Auckland,Give way,1,0,0,0,0,0,Urban,0,0,0,Light rain,Null
1762665,5905547,29530,,524200,0,0,0,1,0,Null,2005/2006,TIDAL ROAD,PORTAGE ROAD,,Non-Injury Crash,No,2006,0,West,0,0,1,Flat,0,,0,,1,Bright sun,728900,0,0,0,2,0,0,0,0,0,,0,0,Auckland Region,Nil,2-way,Sealed,0,0,0,0,50,0,Off,0,0,,76,Auckland,Nil,0,0,0,0,0,0,Urban,0,0,0,Light rain,Null
1802026,5814266,29531,,530300,0,,0,3,,North,2005/2006,GREY ST,ALBERT ST,,Non-Injury Crash,No,2006,,North,,0,,Flat,,,,,,Overcast,881000,0,0,0,2,,,0,,,,,,Waikato Region,Nil,2-way,Sealed,,0,0,,50,,Off,0,0,,16,Hamilton City,Nil,,,,,0,0,Urban,0,,,Light rain,Null
1755354,5914941,29532,,518500,0,0,0,1,0,Null,2005/2006,PRINCES AVENUE,DOMINION ROAD,,Non-Injury Crash,No,2006,0,South,0,0,1,Flat,0,,1,,0,Bright sun,560100,0,0,0,2,0,0,0,0,0,,0,0,Auckland Region,Nil,2-way,Sealed,0,0,0,0,50,0,Null,0,0,,76,Auckland,Stop,0,0,0,0,0,0,Urban,0,0,0,Fine,Null
1754122,5918441,29533,,515431,0,,0,2,,Null,2006/2007,GREAT NORTH ROAD,MOTAT ON EBD,,Non-Injury Crash,No,2006,,West,,0,,Flat,,,,,,Dark,406300,0,0,0,5,,,0,,,,,,Auckland Region,Nil,2-way,Sealed,,0,0,,50,,On,0,0,,76,Auckland,Traffic Signals,,,,,0,0,Urban,0,,,Fine,Null
1799161,5816816,29534,,528700,0,,0,2,,South,2005/2006,MURRAY ST,MAEROA ROAD,,Non-Injury Crash,No,2006,,North,,0,,Flat,,,,,,Dark,902000,0,0,0,2,,,0,,,,,,Waikato Region,Nil,2-way,Sealed,,0,0,,50,,On,0,0,,16,Hamilton City,Unknown,,,,,0,0,Urban,0,,,Fine,Null
1760243,5916848,29535,,516102,0,,0,2,,West,2006/2007,REMUERA ROAD,VICTORIA AVENUE,,Non-Injury Crash,No,2006,,East,,0,,Flat,,,,,,Bright sun,485200,0,0,0,2,,,0,,,,,,Auckland Region,Nil,2-way,Sealed,,0,0,,50,,Null,0,0,,76,Auckland,Traffic Signals,,,,,0,0,Urban,0,,,Fine,Null
1767944,5906936,29536,,523711,0,,0,2,,Null,2005/2006,PRESTON ROAD,FERGUSON ROAD,,Non-Injury Crash,No,2006,,South,,0,,Flat,,Easter,,,,Bright sun,714100,0,0,0,2,,,0,,,,,,Auckland Region,Nil,2-way,Sealed,,0,0,,50,,Off,0,0,,76,Auckland,Traffic Signals,,,,,0,0,Urban,0,,,Fine,Null
1752413,5938330,29537,,506300,0,0,0,1,0,Null,2005/2006,EAST COAST ROAD,JOHN BRIAN DRIVE,,Non-Injury Crash,No,2006,0,North,0,0,0,Hill Road,0,,0,,0,Dark,176105,0,0,0,2,0,0,0,0,0,,0,1,Auckland Region,Nil,2-way,Unsealed,0,0,0,0,100,0,None,0,0,50,76,Auckland,Nil,0,0,0,0,0,0,Open,0,0,0,Fine,Null
1510888,5362909,29538,,584412,0,,1,0,,North,2005/2006,BROWN CREEK ROAD,MCDONALDS ROAD,,Serious Crash,No,2006,,North,,0,,Flat,,,,,,Overcast,2397000,0,0,1,2,,,0,,,,,,West Coast Region,Nil,2-way,Sealed,,0,1,,100,,Null,0,0,,55,Buller District,Unknown,,,,,0,0,Open,0,,,Fine,Null
1769327,5907459,29539,,523712,0,,0,1,,Null,2006/2007,TE IRIRANGI DRIVE,ORMISTON ROAD,,Minor Crash,No,2006,,South,,0,,Flat,,,,,,Bright sun,712803,2,0,0,4,,,0,,,,,,Auckland Region,Nil,2-way,Sealed,,0,0,,80,,Off,0,0,,76,Auckland,Traffic Signals,,,,,0,0,Open,1,,,Fine,Null
1757259,5920668,29540,,514102,0,0,0,3,0,East,2006/2007,WYNDHAM ST,FEDERAL ST,,Non-Injury Crash,No,2006,0,West,0,0,0,Flat,0,,0,,0,Dark,433401,0,0,0,2,0,0,0,0,1,,0,0,Auckland Region,Nil,2-way,Sealed,0,0,0,0,50,0,On,0,0,,76,Auckland,Nil,0,0,0,0,0,0,Urban,0,0,0,Fine,Null
1572735,5182909,29541,,592702,0,,0,2,,North,2005/2006,MARSHLAND ROAD,SHIRLEY ROAD,,Minor Crash,No,2006,,South,,0,,Flat,,,,,,Dark,2598900,1,0,0,2,,,0,,,,,,Canterbury Region,Nil,2-way,Sealed,,0,0,,50,,On,0,0,,60,Christchurch City,Traffic Signals,,,,,0,0,Urban,0,,,Fine,Null
1766979,5879549,29542,,521112,0,0,0,1,0,West,2005/2006,WAIUKU ROAD,FOY ROAD,,Non-Injury Crash,No,2006,0,West,1,0,0,Hill Road,0,,0,,0,Overcast,825900,0,0,0,2,0,0,0,0,0,,0,0,Auckland Region,Nil,2-way,Sealed,0,0,0,0,100,0,Off,0,0,,76,Auckland,Nil,0,0,0,0,0,0,Open,0,0,0,Light rain,Null
1237986,4867675,29543,,610051,0,0,0,1,0,North,2006/2007,LOCHIEL-BRANXHOLME ROAD,WILSONS CROSSING ROAD,,Serious Crash,No,2006,0,South,0,0,0,Flat,0,,0,,0,Dark,3076400,0,0,0,2,0,0,0,0,0,,0,0,Southland Region,Nil,2-way,Sealed,0,0,1,0,100,0,None,0,0,,73,Southland District,Unknown,0,0,0,0,0,0,Open,0,0,0,Fine,Null
1817990,5802976,29544,,527503,0,0,0,1,1,West,2006/2007,ACHILLES AVENUE,SHAKESPEARE ST,,Non-Injury Crash,No,2006,0,East,0,0,0,Hill Road,0,,0,,0,Dark,963100,0,0,0,2,0,0,0,0,0,,0,0,Waikato Region,Nil,2-way,Sealed,0,0,0,0,80,0,On,0,0,,17,Waipa District,Unknown,0,0,0,0,0,0,Open,0,0,0,Fine,Null
1748811,5427309,29545,,573101,0,,0,2,,West,2006/2007,DIXON ST,EVA ST,,Non-Injury Crash,No,2006,,West,,0,,Flat,,,,,,Dark,2133300,0,0,0,2,,,0,,,,,,Wellington Region,Nil,1-way,Sealed,,0,0,,50,,On,0,0,,47,Wellington City,Nil,,,,,0,0,Urban,0,,,Fine,Null
1780105,5926032,29546,,520801,0,0,0,1,0,West,2006/2007,THE ESPLANADE,LANNAN ROAD,,Non-Injury Crash,No,2006,0,East,0,0,0,Flat,0,,0,,0,Bright sun,516401,0,0,0,1,0,0,0,1,0,,0,0,Auckland Region,Nil,2-way,Unsealed,0,0,0,0,50,0,None,0,0,,76,Auckland,Nil,0,0,0,0,0,0,Urban,0,0,0,Fine,Null
1804026,5826062,29547,,527122,0,0,0,1,1,South,2006/2007,GORDONTON ROAD,SH 1B,,Non-Injury Crash,No,2006,0,North,1,0,0,Flat,0,,0,,0,Overcast,953600,0,0,0,2,0,0,0,0,0,,0,0,Waikato Region,Nil,2-way,Sealed,0,0,0,0,100,0,Null,0,0,,13,Waikato District,Unknown,0,0,0,0,0,0,Open,0,0,0,Light rain,Null
1719795,5608998,29548,,554400,0,,0,1,,Null,2006/2007,SH 3,LOWER TAUMAHA ROAD,,Fatal Crash,Yes,2006,,North,,2,,Flat,,,,,,Overcast,1664900,1,0,0,2,,,0,,,,,,Taranaki Region,Nil,2-way,Sealed,,0,0,,100,,Null,1,0,,35,South Taranaki District,Nil,,,,,0,0,Open,0,,,Fine,Null
1620680,5429157,29549,,583100,0,,0,3,,North,2006/2007,SH 6,GREEN ST,,Minor Crash,Yes,2006,,North,,0,,Flat,,,,,,Overcast,2335100,1,0,0,2,,,0,,,,,,Nelson Region,Nil,2-way,Sealed,,0,0,,50,,Null,0,0,,52,Nelson City,Nil,,,,,0,0,Urban,0,,,Fine,Null
1765553,5906989,29550,,522301,0,,0,1,,Null,2005/2006,GREAT SOUTH ROAD,EAST TAMAKI ROAD,,Non-Injury Crash,No,2006,,North,,0,,Flat,,,,,,Overcast,666200,0,0,0,2,,,0,,,,,,Auckland Region,Nil,2-way,Sealed,,0,0,,50,,Off,1,0,,76,Auckland,Traffic Signals,,,,,0,0,Urban,0,,,Light rain,Null
1762052,5907911,29551,,524530,0,0,0,2,0,East,2006/2007,WICKMAN WAY,TANNOCK PLACE,,Non-Injury Crash,No,2006,0,West,0,0,0,Flat,0,,0,,1,Overcast,734201,0,0,0,2,0,0,0,0,0,,0,0,Auckland Region,Nil,2-way,Sealed,0,0,0,0,50,0,On,0,0,,76,Auckland,Unknown,0,0,0,0,0,0,Urban,0,0,0,Fine,Null
1750406,5914452,29552,,511303,0,,0,3,,Null,2006/2007,GREAT NORTH ROAD,STOCK ST,,Minor Crash,No,2006,,East,,0,,Hill Road,,,,,,Bright sun,266200,1,0,0,4,,,0,,,,,,Auckland Region,Nil,2-way,Sealed,,0,0,,50,,Off,0,0,,76,Auckland,Give way,,,,,0,0,Urban,0,,,Fine,Null
1751614,5913657,29553,,514600,0,,0,1,,South,2005/2006,BLOCKHOUSE BAY ROAD,MARGATE ROAD,,Minor Crash,No,2006,,South,,0,,Hill Road,,,,,,Bright sun,372400,1,0,0,2,,,0,,,1,,,Auckland Region,Nil,2-way,Sealed,,0,0,,50,,Off,0,0,,76,Auckland,Nil,,,,,0,0,Urban,0,,,Fine,Null
1766868,5907707,29554,,523501,0,,0,2,,North,2005/2006,Z CPK OTARA TC,EAST TAMAKI ROAD,,Non-Injury Crash,No,2006,,East,,0,,Flat,,,,,,Overcast,700700,0,0,0,0,,,0,,,,,,Auckland Region,Nil,Off road,Sealed,,0,0,,30,,Off,0,0,,76,Auckland,Nil,,,,,0,0,Urban,0,,,Fine,Null
1754022,5913295,29555,,518901,0,,0,1,,North,2005/2006,RICHARDSON ROAD,MAY ROAD,,Non-Injury Crash,No,2006,,South,,0,,Flat,,,,,,Overcast,585101,0,0,0,3,,,0,,,,,,Auckland Region,Nil,2-way,Sealed,,0,0,,50,,Off,1,0,,76,Auckland,Nil,,,,,0,0,Urban,0,,,Fine,Null
1843449,5680511,29556,,541000,0,,0,1,,Null,2005/2006,SH 1N,ARAHORI ST,,Non-Injury Crash,Yes,2006,,East,,0,,Flat,,Easter,,,,Overcast,1282702,0,0,0,4,,,0,,,,,,Waikato Region,Nil,2-way,Sealed,,0,0,,80,,Null,0,0,,21,Taupo District,Stop,,,,,0,0,Open,1,,,Fine,Null
1797110,5815636,29557,,528501,0,,0,2,,Null,2005/2006,HYDE AVENUE,VELMA CRESCENT,,Non-Injury Crash,No,2006,,North,,0,,Flat,,,,,,Overcast,905901,0,0,0,2,,,0,,,,,,Waikato Region,Nil,2-way,Sealed,,0,0,,50,,Off,0,0,,16,Hamilton City,Give way,,,,,0,0,Urban,0,,,Fine,Null
2030608,5709621,29558,,543901,0,,1,0,,Null,2005/2006,SH 2,SH 35,,Non-Injury Crash,Yes,2006,,West,,0,,Flat,,,,,,Bright sun,1361200,0,0,0,2,,,0,,,,,,Gisborne Region,Nil,2-way,Sealed,,0,0,,100,,Null,0,0,,28,Gisborne District,Give way,,,,,0,0,Open,1,,,Fine,Null
1768975,5906155,29559,,523711,0,0,0,3,0,North,2005/2006,TE IRIRANGI DRIVE,PENION DRIVE,,Serious Crash,No,2006,0,South,0,0,0,Flat,0,,0,,0,Bright sun,713007,4,0,0,4,0,0,0,0,0,,0,1,Auckland Region,Nil,2-way,Sealed,0,0,1,0,50,0,Off,0,0,,76,Auckland,Nil,0,0,0,0,0,0,Urban,0,0,0,Fine,Null
1802249,5780746,29560,,531304,0,,0,1,,West,2005/2006,KAWA ROAD,SH 3,,Non-Injury Crash,No,2006,,East,,0,,Flat,,,,,,Dark,998800,0,0,1,2,,,0,,,,,,Waikato Region,Nil,2-way,Sealed,,0,0,,100,,None,0,0,,18,Ōtorohanga District,Nil,,,,,0,0,Open,0,,,Null,Null
1825535,5887088,29561,,533501,0,0,0,1,0,North,2005/2006,SH 25,AMY ST,,Non-Injury Crash,Yes,2006,0,North,0,0,0,Flat,0,,0,,0,Dark,1050200,0,0,0,2,0,0,0,0,0,,0,1,Waikato Region,Nil,2-way,Sealed,0,0,0,0,50,0,On,0,0,,11,Thames-Coromandel District,Nil,0,0,0,0,0,0,Urban,0,0,0,Fine,Null
1310098,4874612,29562,,607300,0,0,0,0,0,East,2006/2007,SH 93,DODDS ROAD,,Minor Crash,Yes,2006,0,East,0,0,1,Hill Road,0,,0,,0,Dark,3000800,1,0,0,2,0,0,0,1,0,,0,0,Otago Region,Nil,2-way,Sealed,0,0,0,0,100,0,None,1,0,,72,Clutha District,Unknown,0,0,0,0,0,0,Open,0,0,0,Fine,Frost