X,Y,OBJECTID,advisorySpeed,areaUnitID,bicycle,bridge,bus,carStationWagon,cliffBank,crashDirectionDescription,crashFinancialYear,crashLocation1,crashLocation2,crashRoadSideRoad,crashSeverity,crashSHDescription,crashYear,debris,directionRoleDescription,ditch,fatalCount,fence,flatHill,guardRail,holiday,houseOrBuilding,intersection,kerb,light,meshblockId,minorInjuryCount,moped,motorcycle,NumberOfLanes,objectThrownOrDropped,otherObject,otherVehicleType,overBank,parkedVehicle,pedestrian,phoneBoxEtc,postOrPole,region,roadCharacter,roadLane,roadSurface,roadworks,schoolBus,seriousInjuryCount,slipOrFlood,speedLimit,strayAnimal,streetLight,suv,taxi,temporarySpeedLimit,tlaId,tlaName,trafficControl,trafficIsland,trafficSign,train,tree,truck,unknownVehicleType,urban,vanOrUtility,vehicle,waterRiver,weatherA,weatherB
1379801,4904695,29563,,602500,0,,0,2,,Null,2006/2007,SH 1S,HENLEY-BERWICK ROAD,,Serious Crash,Yes,2006,,North,,0,,Flat,,Labour Weekend,,,,Overcast,2975500,2,0,0,3,,,0,,,,,,Otago Region,Nil,2-way,Sealed,,0,1,,100,,Null,0,0,,71,Dunedin City,Stop,,,,,0,0,Open,0,,,Fine,Null
1744835,5908118,29564,,512801,0,0,0,1,1,South,2006/2007,VICTORY ROAD,LAINGFIELD TERRACE,,Non-Injury Crash,No,2006,0,South,0,0,0,Hill Road,0,,0,,0,Dark,302601,0,0,0,2,0,0,0,0,0,,0,0,Auckland Region,Nil,2-way,Sealed,0,0,0,0,50,0,On,0,0,,76,Auckland,Unknown,0,0,0,0,0,0,Urban,0,0,0,Fine,Null
1879468,5820071,29565,,538000,0,,0,2,,Null,2006/2007,SH 2A,MAUNGATAPU ROAD,,Non-Injury Crash,Yes,2006,,South,,0,,Flat,,,,,,Dark,1178800,0,0,0,2,,,0,,,,,,Bay of Plenty Region,Nil,1-way,Sealed,,0,0,,50,,On,0,0,,23,Tauranga City,Give way,,,,,0,0,Urban,0,,,Light rain,Null
1752888,5916606,29566,,517903,0,,0,2,,South,2005/2006,MOUNT ALBERT ROAD,NEW NORTH ROAD,,Non-Injury Crash,No,2006,,North,,0,,Hill Road,,,,,,Overcast,520000,0,0,0,3,,,0,,,,,,Auckland Region,Nil,2-way,Sealed,,0,0,,50,,On,0,0,,76,Auckland,Nil,,,,,0,0,Urban,0,,,Fine,Null
1748966,5949567,29567,,506202,0,0,0,1,0,Null,2005/2006,GRAND DRIVE,OREWA ON SBD,,Non-Injury Crash,No,2006,0,North,0,0,0,Flat,0,,0,,0,Twilight,176412,0,0,0,2,0,0,0,0,0,,0,1,Auckland Region,Nil,2-way,Sealed,0,0,0,0,70,0,Off,0,0,,76,Auckland,Give way,0,0,0,0,0,0,Urban,0,0,0,Fine,Null
1933518,5623357,29568,,545611,0,0,0,1,0,Null,2005/2006,SH 2 MAIN NORTH ROAD,MEEANEE QUAY,,Non-Injury Crash,Yes,2006,0,South,0,0,0,Flat,0,,0,,0,Bright sun,1413802,0,0,0,2,0,0,0,0,0,,0,0,Hawke's Bay Region,Nil,2-way,Sealed,0,0,0,0,100,0,Null,1,0,,31,Napier City,Stop,2,0,0,0,0,0,Open,0,0,0,Fine,Null
1717706,6050426,29569,,502102,0,,0,3,,South,2006/2007,KAMO ROAD,STATION ROAD,,Non-Injury Crash,No,2006,,North,,0,,Flat,,,,,,Bright sun,84600,0,0,0,2,,,0,,,,,,Northland Region,Nil,2-way,Sealed,,0,0,,50,,Off,0,0,,2,Whangarei District,Nil,,,,,0,0,Urban,0,,,Fine,Null
1245637,4848661,29570,,611500,0,,0,2,,Null,2005/2006,CENTRE ST,REGENT ST,,Minor Crash,No,2006,,West,,0,,Flat,,,,,,Overcast,3141000,2,0,0,2,,,0,,,,,,Southland Region,Nil,2-way,Sealed,,0,0,,50,,Null,0,0,,75,Invercargill City,Stop,,,,,0,0,Urban,0,,,Fine,Null
1796525,5519109,29571,,561500,0,0,0,1,0,South,2005/2006,HICKFORD ROAD,MOTUITI ROAD,,Fatal Crash,No,2006,0,North,0,1,0,Flat,0,,0,,0,Dark,1784900,0,0,0,2,0,0,0,0,0,,0,1,Manawatū-Whanganui Region,Nil,2-way,Sealed,0,0,0,0,100,0,None,0,0,,42,Horowhenua District,Nil,0,0,0,0,0,0,Open,0,0,0,Fine,Null
1768611,5880015,29572,,525921,0,,0,1,,Null,2005/2006,QUEEN ST,NELSON ST,,Non-Injury Crash,No,2006,,East,,0,,Flat,,,,,,Overcast,821303,0,0,0,2,,,0,,,,,,Auckland Region,Nil,2-way,Sealed,,0,0,,50,,Off,0,0,,76,Auckland,Give way,,,,,0,0,Urban,1,,,Light rain,Null
1755716,5916228,29573,,518301,0,,0,2,,Null,2005/2006,DOMINION ROAD,BALMORAL ROAD,,Non-Injury Crash,No,2006,,North,,0,,Flat,,,,,,Dark,555100,0,0,0,4,,,0,,,,,,Auckland Region,Nil,2-way,Sealed,,0,0,,50,,On,0,0,,76,Auckland,Traffic Signals,,,,,0,0,Urban,0,,,Fine,Null
1743363,5923685,29574,,513610,0,,0,2,,South,2006/2007,DON BUCK ROAD,SH 16,,Non-Injury Crash,No,2006,,North,,0,,Flat,,,,,,Bright sun,226402,0,0,0,2,,,0,,,,,,Auckland Region,Nil,2-way,Sealed,,0,0,,50,,Off,0,0,,76,Auckland,Give way,,,,,0,0,Urban,0,,,Fine,Null
1923086,5737428,29575,,542700,0,0,0,1,0,North,2005/2006,PINE DRIVE,RIMU ROAD,,Fatal Crash,No,2006,0,North,0,1,1,Flat,0,,0,,0,Dark,1327400,2,0,0,2,0,0,0,0,0,,0,0,Bay of Plenty Region,Nil,2-way,Sealed,0,0,1,0,50,0,On,0,0,,25,Whakatane District,Nil,0,0,0,1,0,0,Urban,0,0,0,Heavy rain,Null
1794478,5833892,29576,65,527123,0,0,0,1,0,South,2005/2006,SH 1N,TE PUTU ST,,Non-Injury Crash,Yes,2006,0,West,1,0,1,Flat,0,,0,,0,Overcast,951001,0,0,0,2,0,0,0,0,0,,0,0,Waikato Region,Nil,2-way,Sealed,0,0,0,0,100,0,Null,0,0,,13,Waikato District,Unknown,0,0,0,0,0,0,Open,0,0,0,Light rain,Null
1800979,5814493,29577,,529700,0,0,0,2,0,West,2006/2007,Z CPK PAK N SAVE,TRISTRAM ST,,Non-Injury Crash,No,2006,0,East,0,0,0,Flat,0,,0,,0,Bright sun,912600,0,0,0,1,0,0,0,0,1,,0,0,Waikato Region,Nil,Off road,Sealed,0,0,0,0,30,0,Off,0,0,,16,Hamilton City,Nil,0,0,0,0,0,0,Urban,0,0,0,Fine,Null
1719996,6045104,29578,,503100,1,,0,1,,South,2005/2006,Z CPK COUNTDOWN,PORT ROAD,,Non-Injury Crash,No,2006,,North,,0,,Flat,,,,,,Dark,101700,0,0,0,0,,,0,,,,,,Northland Region,Nil,Off road,Sealed,,0,0,,50,,On,0,0,,2,Whangarei District,Nil,,,,,0,0,Urban,0,,,Fine,Null
1762326,5913395,29579,,520500,0,,0,2,,South,2006/2007,SH 1N,PENROSE OBR,,Non-Injury Crash,Yes,2006,,North,,0,,Flat,,,,,,Overcast,637100,0,0,0,3,,,0,,,,,,Auckland Region,Nil,1-way,Sealed,,0,0,,100,,Off,0,0,,76,Auckland,Nil,,,,,0,0,Open,0,,,Light rain,Null
1753808,5918027,29580,,515432,0,0,0,2,0,North,2006/2007,ST LUKES ROAD,LINWOOD AVENUE,,Non-Injury Crash,No,2006,0,South,0,0,0,Flat,0,,0,,1,Dark,405500,0,0,0,2,0,0,0,0,0,,0,0,Auckland Region,Nil,2-way,Sealed,0,0,0,0,50,0,On,0,0,,76,Auckland,Nil,1,0,0,0,0,0,Urban,0,0,0,Light rain,Null
1824606,5871195,29581,,533902,0,0,0,1,0,North,2005/2006,SH 2,WHAREPOA ROAD WEST,,Non-Injury Crash,Yes,2006,0,North,0,0,0,Flat,0,,0,,0,Dark,1063600,0,0,0,2,0,0,0,0,0,,0,0,Waikato Region,Nil,2-way,Sealed,0,0,0,0,100,0,None,0,0,,12,Hauraki District,Unknown,0,0,0,0,0,0,Open,0,0,0,Light rain,Null
1773205,5580098,29582,,555200,0,,0,1,,Null,2006/2007,SH 3,VIRGINIA HEIGHTS,,Minor Crash,Yes,2006,,South,,0,,Flat,,,,,,Dark,1683100,1,0,0,2,,,0,,,,,,Manawatū-Whanganui Region,Nil,2-way,Sealed,,0,0,,70,,On,0,0,,37,Whanganui District,Nil,,,,,0,0,Urban,0,,,Fine,Null
1764977,5914725,29583,,520602,0,,0,2,,Null,2005/2006,QUEENS ROAD,JELLICOE ROAD,,Non-Injury Crash,No,2006,,East,,0,,Flat,,,,,,Overcast,628700,0,0,0,2,,,0,,,,,,Auckland Region,Nil,2-way,Sealed,,0,0,,50,,Off,0,0,,76,Auckland,Give way,,,,,0,0,Urban,0,,,Fine,Null
1755715,5922548,29584,,509800,0,,0,1,,North,2005/2006,SH 1N,SHELLY BEACH OBR,,Non-Injury Crash,Yes,2006,,South,,0,,Flat,,,,,,Overcast,359300,0,0,0,4,,,0,,,,,,,Bridge,1-way,Sealed,,0,0,,80,,Off,0,0,,76,Auckland,Nil,,,,,1,0,Open,0,,,Light rain,Null
1729371,6017468,29585,,501816,0,,0,0,,South,2005/2006,SH 1N,SHOEMAKER ROAD,,Non-Injury Crash,Yes,2006,,South,,0,,Flat,,,,,,Dark,80400,0,0,0,2,,,0,,,,,,Northland Region,Nil,2-way,Sealed,,0,0,,100,,On,0,0,,2,Whangarei District,Nil,,,,,1,0,Open,1,,,Fine,Null
1806310,5818097,29586,,527125,0,0,0,1,0,North,2006/2007,HOLLAND ROAD,RUAKURA ROAD,,Non-Injury Crash,No,2006,0,North,1,0,0,Flat,0,,0,,0,Dark,955000,0,0,0,2,0,0,0,0,0,,0,0,Waikato Region,Nil,2-way,Sealed,0,0,0,0,100,0,None,0,0,,13,Waikato District,Unknown,0,0,0,0,0,0,Open,0,0,0,Fine,Null
1767228,5888089,29587,,521122,0,0,0,2,0,Null,2005/2006,SH 22,GLENBROOK ROAD,,Minor Crash,Yes,2006,0,North,0,0,0,Flat,0,,0,,0,Twilight,812800,1,0,0,2,0,0,0,0,0,,0,0,Auckland Region,Nil,2-way,Sealed,0,0,0,0,100,0,Off,0,0,,76,Auckland,Give way,0,0,0,0,0,0,Open,1,1,0,Fine,Null
1759451,5925556,29588,,508110,0,,0,3,,South,2005/2006,LAKE ROAD,EVERSLEIGH ROAD,,Minor Crash,No,2006,,South,,0,,Flat,,,,,,Overcast,319700,3,0,0,2,,,0,,,,,,Auckland Region,Nil,2-way,Sealed,,0,0,,50,,Off,0,0,,76,Auckland,Nil,,,,,0,0,Urban,0,,,Fine,Null
1762839,5913802,29589,,520401,0,,0,2,,North,2006/2007,PANORAMA ROAD,PENROSE ROAD,,Non-Injury Crash,No,2006,,South,,0,,Flat,,,,,,Bright sun,644503,0,0,0,2,,,0,,,,,,Auckland Region,Nil,2-way,Sealed,,0,0,,50,,Off,0,0,,76,Auckland,Traffic Signals,,,,,0,0,Urban,0,,,Fine,Null
1751559,5915443,29590,,514401,0,,0,2,,Null,2005/2006,BLOCKHOUSE BAY ROAD,TAIT ST,,Non-Injury Crash,No,2006,,South,,0,,Flat,,,,,,Bright sun,382600,0,0,0,2,,,0,,,,,,Auckland Region,Nil,2-way,Sealed,,0,0,,50,,Off,0,0,,76,Auckland,Stop,,,,,0,0,Urban,0,,,Fine,Null
1760452,5918688,29591,,516102,0,,0,0,,Null,2005/2006,SHORE ROAD,VICTORIA AVENUE,,Non-Injury Crash,No,2006,,East,,0,,Flat,,,,,,Bright sun,483000,0,0,0,3,,,0,,,,,,Auckland Region,Nil,2-way,Sealed,,0,0,,50,,Off,0,0,,76,Auckland,Stop,,,,,0,0,Urban,2,,,Fine,Null
1484046,5376190,29592,,584500,0,,0,1,,Null,2006/2007,RINTOUL ST,ROMILLY ST,,Minor Crash,No,2006,,East,,0,,Flat,,Labour Weekend,,,,Twilight,2389900,3,0,0,2,,,0,,,,,,West Coast Region,Nil,2-way,Sealed,,0,0,,50,,On,1,0,,55,Buller District,Give way,,,,,0,0,Urban,0,,,Mist or Fog,Null
1800404,5812199,29593,,529200,0,0,0,1,0,South,2007/2008,MOUNT VIEW ROAD,GARDENIA CLOSE,,Non-Injury Crash,No,2007,0,South,0,0,0,Flat,0,,0,,0,Overcast,929300,0,0,0,2,0,0,0,0,0,,0,1,Waikato Region,Nil,2-way,Sealed,0,0,0,0,50,0,None,0,0,,16,Hamilton City,Nil,0,0,0,0,0,0,Urban,0,0,0,Fine,Null
1800368,5815097,29594,,529700,0,,0,1,,East,2006/2007,WARD ST,TAINUI ST,,Minor Crash,No,2006,,West,,0,,Flat,,,,,,Bright sun,910800,1,0,0,2,,,0,,,1,,,Waikato Region,Nil,2-way,Sealed,,0,0,,50,,Off,0,0,,16,Hamilton City,Nil,,,,,0,0,Urban,0,,,Fine,Null
1438836,5004371,29595,,600812,1,,0,1,,East,2006/2007,SALEYARDS ROAD,PARSONS ROAD,,Minor Crash,No,2006,,East,,0,,Flat,,,,,,Bright sun,2830600,1,0,0,2,,,0,,,,,,Otago Region,Nil,2-way,Sealed,,0,0,,100,,Null,0,0,,68,Waitaki District,Unknown,,,,,0,0,Open,0,,,Fine,Null
1949660,5771424,29596,,542562,0,0,0,1,0,East,2005/2006,OHOTU ROAD,NGAHINA ROAD,,Non-Injury Crash,No,2006,0,West,0,0,0,Flat,0,,0,,0,Dark,1302100,0,0,0,2,0,0,0,0,0,,0,0,Bay of Plenty Region,Nil,2-way,Sealed,0,0,0,0,50,0,None,0,0,,25,Whakatane District,Unknown,0,0,0,0,0,0,Urban,0,0,0,Mist or Fog,Null
1884357,5824724,29597,,536831,0,0,0,1,0,South,2005/2006,SH 2,EXETER ST,,Non-Injury Crash,Yes,2006,0,South,0,0,0,Flat,0,,0,,0,Bright sun,1204403,0,0,0,4,0,0,0,0,1,,0,0,Bay of Plenty Region,Nil,2-way,Sealed,0,0,0,0,50,0,Off,0,0,,23,Tauranga City,Nil,0,0,0,0,1,0,Urban,0,0,0,Fine,Null
1805715,5791609,29598,,531003,0,0,0,1,0,South,2006/2007,PICQUET HILL ROAD,TE RAHU ROAD,,Non-Injury Crash,No,2006,0,North,0,0,0,Flat,0,,0,,0,Bright sun,968701,0,0,0,2,0,0,0,0,0,,0,1,Waikato Region,Nil,2-way,Sealed,0,0,0,0,50,0,Off,0,0,,17,Waipa District,Nil,0,0,0,0,0,0,Urban,0,0,0,Null,Null
1770978,5912664,29599,,523106,1,,0,1,,Null,2005/2006,ORANGEWOOD DRIVE,MILLHOUSE DRIVE,,Minor Crash,No,2006,,South,,0,,Flat,,,,,,Bright sun,3204001,1,0,0,2,,,0,,,,,,Auckland Region,Nil,2-way,Sealed,,0,0,,50,,Off,0,0,,76,Auckland,Give way,,,,,0,0,Urban,0,,,Fine,Null
1290571,5034349,29600,,609029,0,0,0,1,0,South,2006/2007,CARDRONA VALLEY ROAD,RIVERBANK ROAD,,Minor Crash,No,2006,0,South,1,0,0,Flat,0,,0,,0,Bright sun,3039000,1,0,0,2,0,0,0,0,0,,0,0,Otago Region,Nil,2-way,Sealed,0,0,0,0,100,0,Null,1,0,,70,Queenstown-Lakes District,Nil,0,0,0,0,0,0,Open,0,0,0,Fine,Null
1628335,6122781,29601,,500208,0,0,0,1,1,West,2005/2006,SH 10,CHURCH ROAD,,Serious Crash,Yes,2006,0,West,1,0,0,Flat,0,,0,,0,Dark,7600,0,0,0,2,0,0,0,0,0,,0,0,Northland Region,Nil,2-way,Sealed,0,0,1,0,100,0,None,0,0,,1,Far North District,Nil,0,0,0,0,0,0,Open,0,0,0,Fine,Null
1768066,5905204,29602,,523722,0,,0,2,,Null,2006/2007,TE IRIRANGI DRIVE,DIORELLA DRIVE,,Non-Injury Crash,No,2006,,East,,0,,Flat,,,,,,Bright sun,715701,0,0,0,5,,,0,,,,,,Auckland Region,Nil,2-way,Sealed,,0,0,,50,,Off,0,0,,76,Auckland,Traffic Signals,,,,,0,0,Urban,0,,,Fine,Null
2039670,5705971,29603,,543903,0,,0,1,,West,2005/2006,SH 35,WILSON ST,,Non-Injury Crash,Yes,2006,,South,,0,,Flat,,,,,,Overcast,1358201,0,0,0,2,,,0,,,,,,Gisborne Region,Nil,2-way,Sealed,,0,0,,70,,Null,0,0,,28,Gisborne District,Nil,,,,,0,0,Urban,1,,,Fine,Null
1950988,5785325,29604,,542562,0,0,0,1,0,South,2006/2007,TANEATUA ROAD,VALLEY ROAD,,Non-Injury Crash,No,2006,0,North,0,0,2,Flat,0,,0,,0,Bright sun,1299000,0,0,0,2,0,0,0,0,0,,0,0,Bay of Plenty Region,Nil,2-way,Sealed,0,0,0,0,100,0,None,0,0,,25,Whakatane District,Nil,0,0,0,0,0,0,Open,1,0,0,Fine,Null
1790642,5839963,29605,,527402,0,,0,3,,South,2005/2006,SH 1N,TAINUI BRIDGE ROAD,,Non-Injury Crash,Yes,2006,,North,,0,,Flat,,Queens Birthday,,,,Overcast,947100,0,0,0,2,,,0,,,,,,Waikato Region,Nil,2-way,Sealed,,0,0,,50,,Null,0,0,,13,Waikato District,Unknown,,,,,0,0,Urban,0,,,Light rain,Null
1926977,5604890,29606,,545761,0,,0,2,,South,2006/2007,MARAEKAKAHO ROAD,YORK ROAD,,Serious Crash,No,2006,,South,,0,,Flat,,,,,,Twilight,1468801,0,0,0,2,,,0,,,,,,Hawke's Bay Region,Nil,2-way,Sealed,,0,2,,100,,None,0,0,,30,Hastings District,Nil,,,,,0,0,Open,0,,,Fine,Null
1696173,6085208,29607,,501620,0,,0,2,,Null,2005/2006,SH 1N,WHANGAE ROAD,,Non-Injury Crash,Yes,2006,,West,,0,,Flat,,,,,,Bright sun,47602,0,0,0,2,,,0,,,,,,Northland Region,Nil,2-way,Sealed,,0,0,,100,,Off,0,0,,1,Far North District,Give way,,,,,0,0,Open,0,,,Fine,Null
1769370,5901061,29608,,524901,0,0,0,2,0,North,2007/2008,CLAUDE ROAD,ALFRISTON ROAD,,Non-Injury Crash,No,2007,0,East,0,0,0,Flat,0,,0,,0,Unknown,757400,0,0,0,2,0,0,0,0,1,,0,0,Auckland Region,Nil,2-way,Sealed,0,0,0,0,50,0,Off,0,0,,76,Auckland,Nil,0,0,0,0,0,0,Urban,0,0,0,Fine,Null
1752653,5914058,29609,,514500,0,,0,2,,Null,2006/2007,NEW WINDSOR ROAD,MAIORO ST,,Non-Injury Crash,No,2006,,West,,0,,Hill Road,,,,,,Dark,375100,0,0,0,3,,,0,,,,,,Auckland Region,Nil,2-way,Sealed,,0,0,,50,,On,0,0,,76,Auckland,Traffic Signals,,,,,0,0,Urban,0,,,Fine,Null
1751866,5915417,29610,,517901,0,,0,2,,West,2006/2007,NEW NORTH ROAD,BOLLARD AVENUE,,Non-Injury Crash,No,2006,,West,,0,,Flat,,,,,,Overcast,523800,0,0,0,4,,,0,,,,,,Auckland Region,Nil,2-way,Sealed,,0,0,,50,,Off,0,0,,76,Auckland,Nil,,,,,0,0,Urban,0,,,Fine,Null
1755900,5916888,29611,,518201,0,,0,3,,North,2005/2006,DOMINION ROAD,PAICE AVENUE,,Non-Injury Crash,No,2006,,South,,0,,Hill Road,,,,,,Dark,549100,0,0,0,2,,,0,,,,,,Auckland Region,Nil,2-way,Sealed,,0,0,,50,,On,0,0,,76,Auckland,Nil,,,,,0,0,Urban,0,,,Heavy rain,Null
1570268,5388150,29612,65,581842,0,0,0,0,1,South,2006/2007,SH 6,LAMB VALLEY ROAD,,Serious Crash,Yes,2006,0,North,0,0,0,Hill Road,0,,0,,0,Dark,2375302,0,0,0,2,0,0,0,0,0,,0,0,Tasman Region,Nil,2-way,Sealed,0,0,1,0,100,0,None,0,0,,51,Tasman District,Nil,0,0,0,0,1,0,Open,0,0,0,Fine,Null
1747417,5914770,29613,,511800,0,,0,2,,South,2005/2006,GREAT NORTH ROAD,PALMER AVENUE,,Non-Injury Crash,No,2006,,East,,0,,Hill Road,,,,,,Overcast,277902,0,0,0,4,,,0,,,,,,Auckland Region,Nil,2-way,Sealed,,0,0,,50,,Off,1,0,,76,Auckland,Nil,,,,,0,0,Urban,0,,,Light rain,Null
1738882,6032511,29614,,501819,0,0,0,1,1,East,2006/2007,OCEAN BEACH ROAD,URQUHART BAY ROAD,,Fatal Crash,No,2006,0,West,1,1,0,Hill Road,0,,0,,0,Bright sun,74304,0,0,0,2,0,0,0,0,0,,0,0,Northland Region,Nil,2-way,Sealed,0,0,1,0,100,0,None,0,0,,2,Whangarei District,Nil,0,0,0,0,0,0,Open,0,0,0,Fine,Null
1868610,5718313,29615,,541312,0,,0,2,,Null,2005/2006,WAIRAKEI DRIVE,HUKA FALLS ROAD N,,Non-Injury Crash,No,2006,,North,,0,,Hill Road,,,,,,Bright sun,1279300,0,0,0,3,,,0,,,,,,Waikato Region,Nil,2-way,Sealed,,0,0,,80,,Null,0,0,,21,Taupo District,Give way,,,,,0,0,Open,0,,,Fine,Null
1751791,5926402,29616,,510220,0,0,0,1,0,East,2005/2006,APLIN PLACE,BIRKDALE ROAD,,Non-Injury Crash,No,2006,0,South,0,0,0,Hill Road,0,,0,,0,Dark,349000,0,0,0,1,0,0,0,0,1,,0,0,Auckland Region,Nil,2-way,Sealed,0,0,0,0,50,0,On,0,0,,76,Auckland,Nil,0,0,0,0,0,0,Urban,1,0,0,Fine,Null
1740958,5976683,29617,65,506660,0,0,0,0,1,Null,2006/2007,SH 1N,WAITARAIRE BR,,Non-Injury Crash,Yes,2006,0,North,0,0,0,Hill Road,0,,0,,0,Overcast,136700,0,0,0,2,0,0,0,0,0,,0,0,Auckland Region,Nil,2-way,Sealed,0,0,0,0,100,0,Off,1,0,,76,Auckland,Nil,0,0,0,0,0,0,Open,0,0,0,Heavy rain,Null
1560356,5197654,29618,,586603,0,,0,1,,Null,2005/2006,TRAM ROAD,NO 10 ROAD,,Serious Crash,No,2006,,South,,0,,Flat,,,,,,Bright sun,2457106,3,0,0,2,,,0,,,,,,Canterbury Region,Nil,2-way,Sealed,,0,1,,100,,Null,0,0,,59,Waimakariri District,Give way,,,,,1,0,Open,0,,,Fine,Null
1746231,5718011,29619,,531710,0,0,0,1,1,East,2006/2007,SH 3,IREDALE QUAY,,Non-Injury Crash,Yes,2006,0,West,0,0,0,Flat,0,,0,,0,Overcast,1016800,0,0,0,2,0,0,0,1,0,,0,0,Waikato Region,Nil,2-way,Sealed,0,0,0,0,100,0,None,0,0,,20,Waitomo District,Nil,0,0,0,1,0,0,Open,1,0,0,Fine,Null
1734809,5981526,29620,,506660,0,0,0,0,0,North,2005/2006,SH 16,CLAGUE ROAD,,Minor Crash,Yes,2006,0,South,1,0,0,Hill Road,0,,0,,0,Bright sun,144100,5,0,0,2,0,0,0,0,0,,0,0,Auckland Region,Nil,2-way,Sealed,0,0,0,0,100,0,None,0,0,,76,Auckland,Nil,0,0,0,0,0,0,Open,1,0,0,Fine,Null
1768066,5905204,29621,,523722,0,,0,2,,Null,2005/2006,TE IRIRANGI DRIVE,DIORELLA DRIVE,,Non-Injury Crash,No,2006,,East,,0,,Flat,,,,,,Overcast,715701,0,0,0,4,,,0,,,,,,Auckland Region,Nil,2-way,Sealed,,0,0,,50,,Null,0,0,,76,Auckland,Traffic Signals,,,,,0,0,Urban,0,,,Light rain,Null
1800911,5816347,29622,,529900,0,,0,2,,West,2005/2006,RIVER ROAD,OAKLEY AVENUE,,Non-Injury Crash,No,2006,,East,,0,,Flat,,,,,,Overcast,863900,0,0,0,2,,,0,,,,,,Waikato Region,Nil,2-way,Sealed,,0,0,,50,,Null,0,0,,16,Hamilton City,Nil,,,,,0,0,Urban,0,,,Fine,Null
1562348,5181294,29623,,587812,0,,0,1,,Null,2006/2007,SH 1S RUSSLEY,YALDHURST ROAD,,Minor Crash,Yes,2006,,South,,0,,Flat,,,,,,Bright sun,2495300,1,0,0,2,,,0,,,,,,Canterbury Region,Nil,2-way,Sealed,,0,0,,60,,Null,0,0,,60,Christchurch City,Traffic Signals,,,,,0,0,Urban,1,,,Fine,Null
1750663,5930655,29624,45,508806,0,0,0,3,0,East,2006/2007,SCHNAPPER ROCK ROAD,KITTIWAKE DRIVE,,Minor Crash,No,2006,1,South,0,0,0,Flat,0,,0,,0,Overcast,180105,2,0,0,2,0,0,0,0,0,,0,0,Auckland Region,Nil,2-way,Sealed,0,0,0,0,70,0,Off,0,0,,76,Auckland,Nil,0,0,0,0,0,0,Urban,0,0,0,Light rain,Null
1761366,5907813,29625,,524510,0,0,0,2,0,North,2006/2007,PENDERFORD PLACE,MCNAUGHTON AVENUE,,Non-Injury Crash,No,2006,0,North,0,0,0,Flat,0,,0,,0,Bright sun,736502,0,0,0,2,0,0,0,0,1,,0,0,Auckland Region,Nil,2-way,Sealed,0,0,0,0,50,0,Off,0,0,,76,Auckland,Nil,0,0,0,0,0,0,Urban,0,0,0,Fine,Null
1767702,5905953,29626,,523721,0,,0,1,,North,2005/2006,PRESTON ROAD,BOUNDARY ROAD,,Minor Crash,No,2006,,North,,0,,Hill Road,,,,,,Dark,715300,1,0,0,3,,,0,,,,,,Auckland Region,Nil,2-way,Sealed,,0,0,,50,,On,0,0,,76,Auckland,Nil,,,,,0,0,Urban,2,,,Fine,Null
1763120,5908022,29627,,524402,0,,0,2,,Null,2005/2006,MASSEY ROAD,GRAY AVENUE,,Non-Injury Crash,No,2006,,North,,0,,Flat,,,,,,Overcast,750000,0,0,0,4,,,0,,,,,,Auckland Region,Nil,2-way,Sealed,,0,0,,50,,Off,0,0,,76,Auckland,Traffic Signals,,,,,0,0,Urban,0,,,Fine,Null
1822285,5528437,29628,,563000,0,,0,1,,Null,2005/2006,FITZHERBERT AVENUE,PARK ROAD,,Non-Injury Crash,No,2006,,North,,0,,Flat,,,,,,Bright sun,1809400,0,0,0,4,,,0,,,,,,Manawatū-Whanganui Region,Nil,2-way,Sealed,,0,0,,50,,Null,1,0,,40,Palmerston North City,Traffic Signals,,,,,0,0,Urban,0,,,Fine,Null
1765130,5917743,29629,,517001,0,,0,2,,Null,2005/2006,EASTVIEW ROAD,APIRANA AVENUE,,Non-Injury Crash,No,2006,,South,,0,,Flat,,,,,,Bright sun,470000,0,0,0,2,,,0,,,,,,Auckland Region,Nil,2-way,Sealed,,0,0,,50,,Off,0,0,,76,Auckland,Stop,,,,,0,0,Urban,0,,,Fine,Null
1772778,5896244,29630,,525410,0,,0,2,,North,2005/2006,GREAT SOUTH ROAD,WOOD ST,,Non-Injury Crash,No,2006,,South,,0,,Flat,,,,,,Dark,792100,0,0,0,2,,,0,,,,,,Auckland Region,Nil,2-way,Sealed,,0,0,,50,,On,0,0,,76,Auckland,Unknown,,,,,0,0,Urban,0,,,Fine,Null
1800455,5815315,29631,,529700,0,,0,2,,Null,2006/2007,BRYCE ST,TRISTRAM ST,,Minor Crash,No,2006,,South,,0,,Flat,,,,,,Overcast,910900,1,0,0,3,,,0,,,,,,Waikato Region,Nil,2-way,Sealed,,0,0,,50,,Null,0,0,,16,Hamilton City,Traffic Signals,,,,,0,0,Urban,0,,,Light rain,Null
1576528,5185091,29632,,595600,0,,0,1,,South,2005/2006,PINEWOOD AVENUE,BEACH ROAD,,Minor Crash,No,2006,,North,,0,,Flat,,,,,,Bright sun,2566000,1,0,0,2,,,0,,,,,,Canterbury Region,Nil,2-way,Sealed,,0,0,,50,,Null,1,0,,60,Christchurch City,Unknown,,,,,0,0,Urban,1,,,Fine,Null