X,Y,OBJECTID,advisorySpeed,areaUnitID,bicycle,bridge,bus,carStationWagon,cliffBank,crashDirectionDescription,crashFinancialYear,crashLocation1,crashLocation2,crashRoadSideRoad,crashSeverity,crashSHDescription,crashYear,debris,directionRoleDescription,ditch,fatalCount,fence,flatHill,guardRail,holiday,houseOrBuilding,intersection,kerb,light,meshblockId,minorInjuryCount,moped,motorcycle,NumberOfLanes,objectThrownOrDropped,otherObject,otherVehicleType,overBank,parkedVehicle,pedestrian,phoneBoxEtc,postOrPole,region,roadCharacter,roadLane,roadSurface,roadworks,schoolBus,seriousInjuryCount,slipOrFlood,speedLimit,strayAnimal,streetLight,suv,taxi,temporarySpeedLimit,tlaId,tlaName,trafficControl,trafficIsland,trafficSign,train,tree,truck,unknownVehicleType,urban,vanOrUtility,vehicle,waterRiver,weatherA,weatherB
1468229,5096495,29633,,598312,0,0,0,0,0,North,2006/2007,MILFORD LAGOON ROAD,DAVEY ROAD,,Minor Crash,No,2006,0,North,0,0,0,Flat,0,,0,,0,Bright sun,2771500,1,0,0,2,0,0,0,0,0,,0,1,Canterbury Region,Nil,2-way,Sealed,0,0,0,0,100,0,Null,0,0,,64,Timaru District,Unknown,0,0,0,0,0,0,Open,1,0,0,Fine,Null
1395422,4917109,29634,,606100,0,,0,1,,Null,2006/2007,FACTORY ROAD,HAGART-ALEXANDER DRIVE,,Serious Crash,No,2006,,North,,0,,Flat,,,,,,Bright sun,2965700,1,0,0,2,,,0,,,,,,Otago Region,Nil,2-way,Sealed,,0,2,,50,,Null,0,0,,71,Dunedin City,Give way,,,,,0,0,Urban,1,,,Fine,Null
1772532,5901541,29635,,523813,0,,0,0,,Null,2006/2007,MILL ROAD,ALFRISTON ROAD,,Non-Injury Crash,No,2006,,South,,0,,Flat,,,,,,Overcast,760902,0,0,0,2,,,0,,,,,,Auckland Region,Nil,2-way,Sealed,,0,0,,70,,Off,2,0,,76,Auckland,Give way,,,,,0,0,Urban,0,,,Light rain,Null
1766199,5812600,29636,,526602,0,0,0,1,0,North,2007/2008,SH 23,MAUNGATAWHIRI ROAD,,Non-Injury Crash,Yes,2007,0,North,0,0,1,Flat,0,,0,,0,Dark,861201,0,0,0,2,0,1,0,0,0,,0,0,Waikato Region,Nil,2-way,Sealed,0,0,0,0,100,0,None,0,0,,13,Waikato District,Nil,0,0,0,0,0,0,Open,0,0,0,Heavy rain,Null
2443203.0909,5105056.0815,29637,,597000,0,0,0,0,0,North,2005/2006,NORTH ROAD,WHAREKAURI ROAD,,Minor Crash,No,2006,0,South,1,0,0,Flat,0,,0,,0,Bright sun,2716603,1,0,0,2,0,0,0,0,0,,0,0,Manawatū-Whanganui Region,Nil,2-way,Unsealed,0,0,0,0,80,0,Null,1,0,,67,Chatham Islands Territory,Nil,0,0,0,0,0,0,Open,0,0,0,Fine,Null
1790578,5753924,29638,,532000,0,0,0,2,0,Null,2005/2006,SH 30,AHOROA FORD WEST,,Minor Crash,Yes,2006,0,North,0,0,1,Flat,0,,0,,0,Dark,1006100,2,0,0,2,0,0,0,0,0,,0,1,Waikato Region,Nil,2-way,Sealed,0,0,0,0,100,0,On,0,0,,20,Waitomo District,Give way,0,1,0,1,0,0,Open,0,0,0,Mist or Fog,Null
1757542,5926215,29639,,507900,0,,0,2,,Null,2005/2006,BARRYS POINT ROAD,ESMONDE ROAD,,Non-Injury Crash,Yes,2006,,South,,0,,Flat,,,,,,Bright sun,304200,0,0,0,1,,,0,,,,,,,Nil,1-way,Sealed,,0,0,,50,,Off,0,0,,76,Auckland,Give way,,,,,0,0,Urban,0,,,Fine,Null
1754552,5928528,29640,,508320,0,,0,2,,Null,2006/2007,DIANA DRIVE,WELDENE AVENUE,,Non-Injury Crash,No,2006,,South,,0,,Flat,,,,,,Bright sun,198401,0,0,0,2,,,0,,,,,,Auckland Region,Nil,2-way,Sealed,,0,0,,50,,Off,0,0,,76,Auckland,Give way,,,,,0,0,Urban,0,,,Fine,Null
1682933,6038239,29641,,504502,0,0,0,0,0,North,2006/2007,TANGOWAHINE VALLEY ROAD,AVOCA EAST ROAD,,Non-Injury Crash,No,2006,0,South,0,0,0,Flat,0,,0,,0,Bright sun,120200,0,0,0,2,0,0,0,0,0,,0,0,Northland Region,Nil,2-way,Sealed,0,0,0,0,100,0,Null,1,0,,3,Kaipara District,Unknown,0,0,0,0,0,0,Open,0,0,0,Fine,Null
1759704,5727813,29642,,531710,0,0,0,0,1,South,2006/2007,SH 3,GRIBBON ROAD,,Serious Crash,Yes,2006,0,North,0,0,0,Flat,0,,0,,0,Overcast,1016203,1,0,0,2,0,0,0,0,0,,0,0,Waikato Region,Nil,2-way,Sealed,0,0,1,0,100,0,Null,1,0,,20,Waitomo District,Unknown,0,0,0,0,0,0,Open,0,0,1,Light rain,Null
1283038,4881475,29643,,610010,0,0,0,1,1,West,2006/2007,CHARLTON SIDING ROAD,SH 1S,,Minor Crash,No,2006,0,East,0,0,1,Flat,0,,0,,0,Overcast,3053200,1,0,0,2,0,0,0,1,0,,0,0,Southland Region,Nil,2-way,Sealed,0,0,0,0,100,0,Null,0,0,,74,Gore District,Unknown,0,0,0,0,0,0,Open,0,0,1,Fine,Frost
1792420,5835557,29644,,527111,0,,0,1,,North,2005/2006,SH 1N,MANGAWARA STM BR,,Non-Injury Crash,Yes,2006,,North,,0,,Flat,,,,,,Bright sun,941002,0,0,0,2,,,0,,,,,,Waikato Region,Nil,2-way,Sealed,,0,0,,100,,Null,0,0,,13,Waikato District,Unknown,,,,,1,0,Open,0,,,Fine,Null
1866220,5810723,29645,,536630,0,,0,2,,South,2005/2006,SH 29,MCLAREN FALLS ROAD,,Serious Crash,Yes,2006,,North,,0,,Hill Road,,,,,,Dark,1191500,1,0,0,3,,,0,,,,,,Bay of Plenty Region,Nil,2-way,Sealed,,0,1,,100,,None,0,0,,22,Western Bay of Plenty District,Unknown,,,,,0,0,Open,0,,,Light rain,Null
1761016,5914411,29646,,520202,0,,0,2,,South,2006/2007,GREAT SOUTH ROAD,ACCESS ROAD,,Non-Injury Crash,No,2006,,South,,0,,Flat,,,,,,Bright sun,612200,0,0,0,5,,,0,,,,,,Auckland Region,Nil,2-way,Sealed,,0,0,,50,,Off,0,0,,76,Auckland,Nil,,,,,0,0,Urban,0,,,Fine,Null
1568657,5180387,29647,,590701,1,,0,1,,Null,2006/2007,DEANS AVENUE,RICCARTON ROAD,,Minor Crash,No,2006,,East,,0,,Flat,,,,,,Bright sun,2474602,1,0,0,4,,,0,,,,,,Canterbury Region,Nil,2-way,Sealed,,0,0,,50,,Null,0,0,,60,Christchurch City,Give way,,,,,0,0,Urban,0,,,Fine,Null
1758865,5913778,29648,,519300,0,0,0,1,0,West,2005/2006,CAMPBELL ROAD,ONEHUNGA MALL,,Non-Injury Crash,No,2006,0,West,0,0,0,Hill Road,0,,1,,0,Overcast,624900,0,0,0,4,0,0,0,0,0,,0,0,Auckland Region,Nil,2-way,Sealed,0,0,0,0,50,0,Off,0,0,,76,Auckland,Nil,0,0,0,1,0,0,Urban,0,0,0,Light rain,Null
1755142,5913710,29649,,518803,0,,0,2,,Null,2005/2006,WINSTONE ROAD,DENBIGH AVENUE,,Non-Injury Crash,No,2006,,North,,0,,Flat,,,,,,Dark,581300,0,0,0,2,,,0,,,,,,Auckland Region,Nil,2-way,Sealed,,0,0,,50,,On,0,0,,76,Auckland,Stop,,,,,0,0,Urban,0,,,Fine,Null
1717658,6050513,29650,,502101,0,0,0,2,0,West,2005/2006,THREE MILE BUSH ROAD,KAMO ROAD,,Non-Injury Crash,No,2006,0,West,0,0,0,Flat,0,,0,,0,Bright sun,82900,0,0,0,2,0,0,0,0,1,,0,0,Northland Region,Nil,2-way,Sealed,0,0,0,0,50,0,Off,0,0,,2,Whangarei District,Nil,0,0,0,0,0,0,Urban,0,0,0,Fine,Null
1915131,5587738,29651,,545851,0,0,0,1,0,South,2005/2006,TE AUTE TRUST ROAD,SH 2,,Non-Injury Crash,No,2006,0,West,0,0,0,Hill Road,0,,0,,0,Bright sun,1466101,0,0,0,2,0,0,0,1,0,,0,0,Hawke's Bay Region,Nil,2-way,Sealed,0,0,0,0,100,0,Null,0,0,,30,Hastings District,Nil,0,0,0,0,0,0,Open,0,0,0,Fine,Null
1748927,5970719,29652,,505500,0,,0,3,,South,2005/2006,SH 1N,HILL ST,,Non-Injury Crash,Yes,2006,,North,,0,,Flat,,,,,,Bright sun,140300,0,0,0,3,,,0,,,,,,Auckland Region,Nil,2-way,Sealed,,0,0,,50,,Off,0,0,,76,Auckland,Nil,,,,,0,0,Urban,0,,,Fine,Null
1572848,5182715,29653,,592811,0,,0,1,,East,2005/2006,NEW BRIGHTON ROAD,MARSHLAND ROAD,,Serious Crash,No,2006,,East,,0,,Flat,,,,,,Dark,2601500,0,0,1,2,,,0,,,,,,Canterbury Region,Nil,2-way,Sealed,,0,1,,50,,On,0,0,,60,Christchurch City,Unknown,,,,,0,0,Urban,0,,,Fine,Null
1904564,5568542,29654,,549200,0,0,0,1,1,South,2006/2007,SH 2,KAIMO ROAD,,Minor Crash,Yes,2006,0,South,0,0,0,Flat,0,,0,,0,Bright sun,1511700,1,0,0,2,0,0,0,0,0,,0,0,Hawke's Bay Region,Nil,2-way,Sealed,0,0,0,0,100,0,Null,0,0,,32,Central Hawke's Bay District,Nil,0,0,0,0,0,0,Open,0,0,0,Fine,Null
1753300,5936447,29655,,508703,0,0,0,1,0,West,2005/2006,LONELY TRACK ROAD,EAST COAST ROAD,,Non-Injury Crash,No,2006,0,West,0,0,1,Flat,0,,0,,0,Bright sun,179201,0,0,0,2,0,0,0,0,0,,0,0,Auckland Region,Nil,2-way,Sealed,0,0,0,0,70,0,None,0,0,,76,Auckland,Nil,0,0,0,0,0,0,Urban,0,0,0,Fine,Null
1770024,5899250,29656,,523920,0,,0,2,,Null,2006/2007,GREAT SOUTH ROAD,TAKANINI ON SBD,,Minor Crash,No,2006,,North,,0,,Flat,,,,,,Dark,768005,1,0,0,4,,,0,,,,,,Auckland Region,Motorway ramp,2-way,Sealed,,0,0,,70,,On,0,0,,76,Auckland,Traffic Signals,,,,,0,0,Urban,0,,,Fine,Null
1761749,5906566,29657,,524112,0,,0,1,,Null,2006/2007,MASSEY ROAD,MASSEY ON SBD,,Non-Injury Crash,No,2006,,East,,0,,Flat,,,,,,Dark,742300,0,0,0,4,,,0,,,,,,Auckland Region,Nil,2-way,Sealed,,0,0,,50,,On,0,0,,76,Auckland,Traffic Signals,,,,,1,0,Urban,0,,,Fine,Null
1757130,5925641,29658,,509702,0,,0,2,,South,2005/2006,SH 1N,ESMONDE ON SBD,,Non-Injury Crash,Yes,2006,,South,,0,,Flat,,,,,,Bright sun,364602,0,0,0,3,,,0,,,,,,Auckland Region,Nil,1-way,Sealed,,0,0,,100,,Off,0,0,,76,Auckland,Nil,,,,,0,0,Open,0,,,Fine,Null
1759339,5435771,29659,,569100,0,,0,3,,South,2006/2007,WOBURN ROAD,MARKET GROVE,,Minor Crash,No,2006,,North,,0,,Flat,,,,,,Overcast,1965900,1,0,0,2,,,0,,,,,,Wellington Region,Nil,2-way,Sealed,,0,0,,50,,Null,0,0,,46,Lower Hutt City,Nil,,,,,0,0,Urban,0,,,Heavy rain,Null
1760945,5911428,29660,,520000,0,0,0,1,0,South,2007/2008,MIAMI PARADE,PUKEMIRO ST,,Non-Injury Crash,No,2007,0,South,0,0,0,Flat,0,,0,,0,Bright sun,608100,0,0,0,2,0,0,0,0,0,,0,1,Auckland Region,Nil,2-way,Sealed,0,0,0,0,50,0,Off,0,0,,76,Auckland,Nil,0,0,0,0,0,0,Urban,0,0,0,Fine,Null
1622236,5430983,29661,,582402,0,0,0,1,0,West,2005/2006,WASHINGTON ROAD,MOUNT VERNON PLACE,,Non-Injury Crash,No,2006,0,South,0,0,1,Hill Road,0,,0,,1,Dark,2325800,0,0,0,2,0,0,0,0,0,,0,0,Nelson Region,Nil,2-way,Sealed,0,0,0,0,50,0,On,0,0,,52,Nelson City,Nil,0,0,0,0,0,0,Urban,0,0,0,Fine,Null
1850573,5766675,29662,,535310,0,,0,1,,Null,2006/2007,BAIRD ROAD,WHAKAURU ST,,Non-Injury Crash,No,2006,,East,,0,,Flat,,,,,,Bright sun,1137000,0,0,0,2,,,0,,,,,,Waikato Region,Nil,2-way,Sealed,,0,0,,50,,Off,0,0,,19,South Waikato District,Stop,,,,,0,0,Urban,1,,,Fine,Null
1751637,5912664,29663,,514700,0,0,0,1,0,South,2005/2006,BLOCKHOUSE BAY ROAD,BOLTON ST,,Minor Crash,No,2006,0,South,0,0,0,Flat,0,,1,,0,Dark,370000,1,0,0,2,0,0,0,0,0,,0,0,Auckland Region,Nil,2-way,Sealed,0,0,0,0,50,0,On,0,0,,76,Auckland,Nil,0,0,0,0,0,0,Urban,0,0,0,Light rain,Null
1769473,5901763,29664,,524901,0,,0,2,,West,2006/2007,HILL ROAD,GRANDE VUE ROAD,,Non-Injury Crash,No,2006,,East,,0,,Flat,,,,,,Bright sun,756000,0,0,0,2,,,0,,,,,,Auckland Region,Nil,2-way,Sealed,,0,0,,50,,Off,0,0,,76,Auckland,Nil,,,,,0,0,Urban,1,,,Fine,Null
1771523,5914219,29665,,521602,0,0,0,1,0,Null,2005/2006,VINCENT ST,WELLINGTON ST,,Non-Injury Crash,No,2006,0,South,0,0,1,Hill Road,0,,0,,0,Dark,649600,0,0,0,2,0,1,0,0,0,,0,0,Auckland Region,Nil,2-way,Sealed,0,0,0,0,50,0,On,0,0,,76,Auckland,Give way,0,0,0,0,0,0,Urban,0,0,0,Light rain,Null
1884777,5825952,29666,,536831,0,,0,1,,South,2006/2007,OCEANBEACH ROAD,CONCORD AVENUE,,Non-Injury Crash,No,2006,,North,,0,,Flat,,,,,,Dark,1199900,0,0,0,2,,,0,,,,,,Bay of Plenty Region,Nil,2-way,Sealed,,0,0,,50,,On,0,0,,23,Tauranga City,Nil,,,,,0,0,Urban,1,,,Fine,Null
1681985,6120873,29667,,500402,0,0,0,0,1,North,2006/2007,MATAURI BAY ROAD,TEPENE TABLELANDS ROAD,,Minor Crash,No,2006,0,North,0,0,0,Hill Road,0,,0,,0,Twilight,20402,1,0,1,2,0,0,0,0,0,,0,0,Northland Region,Nil,2-way,Sealed,0,0,0,0,100,0,None,0,0,,1,Far North District,Unknown,0,0,0,0,0,0,Open,0,0,0,Fine,Null
1755912,5922942,29668,,509800,0,0,0,1,0,South,2005/2006,SH 1N,STAFFORD OFF NBD,,Minor Crash,Yes,2006,0,North,0,0,0,Hill Road,1,,0,,0,Dark,359300,2,0,0,3,0,0,0,0,0,,0,0,Auckland Region,Bridge,2-way,Sealed,0,0,0,0,80,0,On,0,0,,76,Auckland,Nil,0,0,0,0,0,0,Open,0,0,0,Fine,Null
1805822,5789595,29669,,527936,0,,0,0,,East,2006/2007,PARK ROAD,SH 3,,Fatal Crash,No,2006,,West,,1,,Flat,,,,,,Dark,989100,0,0,0,2,,,0,,,1,,,Waikato Region,Nil,2-way,Sealed,,0,0,,70,,None,1,0,,17,Waipa District,Nil,,,,,0,0,Urban,0,,,Fine,Null
1764572,5911110,29670,,520500,0,0,0,2,0,North,2006/2007,WALTERS ROAD,KOTAHI ROAD,,Non-Injury Crash,No,2006,0,South,0,0,0,Flat,0,,0,,0,Bright sun,636200,0,0,0,2,0,0,0,0,1,,0,0,Auckland Region,Nil,2-way,Sealed,0,0,0,0,50,0,Off,0,0,,76,Auckland,Nil,0,0,0,0,0,0,Urban,0,0,0,Fine,Null
1764533,5910213,29671,,521801,0,,0,2,,East,2006/2007,PRINCES ST,HUTTON ST,,Non-Injury Crash,No,2006,,East,,0,,Flat,,,,,,Bright sun,787500,0,0,0,2,,,0,,,,,,Auckland Region,Nil,2-way,Sealed,,0,0,,50,,Off,0,0,,76,Auckland,Stop,,,,,0,0,Urban,0,,,Fine,Null
1801649,5818523,29672,,529501,0,,0,2,,Null,2005/2006,RYAN AVENUE,WINSTONE AVENUE,,Non-Injury Crash,No,2006,,West,,0,,Flat,,,,,,Dark,875100,0,0,0,2,,,0,,,,,,Waikato Region,Nil,2-way,Sealed,,0,0,,50,,On,0,0,,16,Hamilton City,Stop,,,,,0,0,Urban,0,,,Light rain,Null
1879131,5823384,29673,,538201,0,,0,1,,Null,2006/2007,DEVONPORT ROAD,SIXTH AVENUE,,Non-Injury Crash,No,2006,,South,,0,,Flat,,,,,,Overcast,1166100,0,0,0,2,,,0,,,,,,Bay of Plenty Region,Nil,2-way,Sealed,,0,0,,50,,Off,0,0,,23,Tauranga City,Give way,,,,,0,0,Urban,1,,,Light rain,Null
1754768,5911415,29674,,519002,0,0,0,1,0,West,2006/2007,HILLSBOROUGH ROAD,WAIKOWHAI ROAD,,Minor Crash,No,2006,0,West,0,0,0,Flat,0,,0,,0,Twilight,590400,1,0,0,2,0,0,0,0,0,,0,0,Auckland Region,Nil,2-way,Sealed,0,0,0,0,50,0,On,0,0,,76,Auckland,Nil,0,1,0,1,0,0,Urban,0,0,0,Fine,Null
1574344,5179258,29675,,593900,0,0,0,2,0,Null,2005/2006,LINWOOD AVENUE,DAMIEN PLACE,,Serious Crash,No,2006,0,East,0,0,0,Flat,0,,0,,0,Dark,2579600,0,0,0,2,0,0,0,0,0,,0,0,Canterbury Region,Nil,2-way,Sealed,0,0,1,0,60,0,On,0,0,,60,Christchurch City,Nil,2,0,0,1,0,0,Urban,0,0,0,Light rain,Null
1769455,5881223,29676,,525910,0,,0,0,,Null,2005/2006,EAST ST,STATION ROAD,,Minor Crash,No,2006,,North,,0,,Hill Road,,,,,,Dark,817300,1,0,0,2,,,0,,,1,,,Auckland Region,Nil,2-way,Sealed,,0,0,,50,,On,1,0,,76,Auckland,Give way,,,,,0,0,Urban,0,,,Fine,Null
1747822,5913493,29677,,511100,0,,0,1,,East,2005/2006,WEST COAST ROAD,PLEASANT ROAD,,Non-Injury Crash,No,2006,,East,,0,,Hill Road,,,,,,Bright sun,286100,0,0,0,2,,,0,,,,,,Auckland Region,Nil,2-way,Sealed,,0,0,,50,,Off,0,0,,76,Auckland,Nil,,,,,0,0,Urban,1,,,Fine,Null
1710387,5617601,29678,,554010,0,,0,2,,Null,2005/2006,GLOVER ROAD,UNION ST,,Non-Injury Crash,No,2006,,East,,0,,Flat,,,,,,Bright sun,1649300,0,0,0,2,,,0,,,,,,Taranaki Region,Nil,2-way,Sealed,,0,0,,50,,Null,0,0,,35,South Taranaki District,Give way,,,,,0,0,Urban,0,,,Fine,Null
1759553,5447784,29679,,565602,0,0,0,1,1,West,2005/2006,SH 58,JAMES COOK DRIVE,,Minor Crash,Yes,2006,0,West,0,0,0,Flat,0,,0,,0,Overcast,2072401,1,0,0,2,0,0,0,0,0,,0,0,Wellington Region,Nil,2-way,Sealed,0,0,0,0,100,0,Null,0,0,,44,Porirua City,Nil,0,0,0,0,0,0,Open,0,0,0,Light rain,Null
1766030,5912549,29680,,522920,0,,0,1,,North,2005/2006,PELORUS PLACE,TIRAUMEA DRIVE,,Non-Injury Crash,No,2006,,North,,0,,Flat,,,,,,Overcast,684300,0,0,0,2,,,0,,,1,,,Auckland Region,Nil,2-way,Sealed,,0,0,,50,,Off,0,0,,76,Auckland,Nil,,,,,0,0,Urban,0,,,Fine,Null
1754453,5915142,29681,,518802,0,,0,2,,Null,2005/2006,SANDRINGHAM ROAD,MOUNT ALBERT ROAD,,Non-Injury Crash,No,2006,,South,,0,,Hill Road,,,,,,Twilight,577300,0,0,0,4,,,0,,,,,,Auckland Region,Nil,2-way,Sealed,,0,0,,50,,On,0,0,,76,Auckland,Traffic Signals,,,,,0,0,Urban,0,,,Fine,Null
1793567,5771344,29682,,531200,0,,0,2,,Null,2007/2008,TURONGO ST,HINEWAI ST,,Non-Injury Crash,No,2007,,East,,0,,Flat,,,,,,Bright sun,997600,0,0,0,2,,,0,,,,,,Waikato Region,Nil,2-way,Sealed,,0,0,,50,,Off,0,0,,18,Ōtorohanga District,Give way,,,,,0,0,Urban,0,,,Fine,Null
1788818,5755562,29683,,532000,0,0,0,1,0,South,2006/2007,ESPLANADE,MASSEY ST,,Non-Injury Crash,No,2006,0,South,0,0,0,Flat,0,,0,,0,Dark,1006400,0,0,0,2,0,0,0,0,0,,0,0,Waikato Region,Nil,2-way,Sealed,0,0,0,0,50,0,None,0,0,,20,Waitomo District,Nil,0,0,0,1,0,0,Urban,0,0,0,Mist or Fog,Null
1754828,5916128,29684,,517703,0,,0,2,,North,2005/2006,SANDRINGHAM ROAD,MARS AVENUE,,Non-Injury Crash,No,2006,,South,,0,,Flat,,,,,,Bright sun,537800,0,0,0,4,,,0,,,,,,Auckland Region,Nil,2-way,Sealed,,0,0,,50,,Off,0,0,,76,Auckland,Nil,,,,,0,0,Urban,0,,,Fine,Null
1744282,5427739,29685,,574900,0,,0,2,,East,2006/2007,ALLINGTON ROAD,MAKARA ROAD,,Minor Crash,No,2006,,East,,0,,Flat,,,,,,Overcast,2109202,1,0,0,2,,,0,,,,,,Wellington Region,Nil,2-way,Sealed,,0,0,,50,,Null,0,0,,47,Wellington City,Nil,,,,,0,0,Urban,0,,,Fine,Null
1759339,5785109,29686,,531100,0,,0,1,,Null,2006/2007,WAIWERA ST,MATIRE ST,,Non-Injury Crash,No,2006,,North,,0,,Flat,,,,,,Dark,992500,0,0,0,2,,,0,,,,,,Waikato Region,Nil,2-way,Sealed,,0,0,,50,,On,0,0,,18,Ōtorohanga District,Nil,,,,,0,0,Urban,0,,,Fine,Null
1832027,5835189,29687,,534602,0,,0,2,,Null,2005/2006,SH 26,FARMER ROAD,,Non-Injury Crash,Yes,2006,,North,,0,,Flat,,Easter,,,,Bright sun,1096800,0,0,0,2,,,0,,,,,,Waikato Region,Nil,2-way,Sealed,,0,0,,70,,Null,0,0,,15,Matamata-Piako District,Nil,,,,,0,0,Urban,0,,,Fine,Null
1753198,5911968,29688,,518902,0,0,0,2,0,East,2006/2007,RANGITIKI CRESCENT,COMMODORE DRIVE,,Non-Injury Crash,No,2006,0,East,0,0,0,Flat,0,,0,,0,Dark,587400,0,0,0,2,0,0,0,0,1,,0,0,Auckland Region,Nil,2-way,Sealed,0,0,0,0,50,0,On,0,0,,76,Auckland,Nil,0,0,0,0,0,0,Urban,0,0,0,Fine,Null
1762775,5439067,29689,,569500,0,,0,1,,Null,2005/2006,SH 2,HEBDEN CRESCENT W,,Non-Injury Crash,Yes,2006,,East,,0,,Flat,,,,,,Bright sun,1917410,0,0,0,2,,,0,,,,,,Wellington Region,Nil,2-way,Sealed,,0,0,,100,,Null,0,0,,46,Lower Hutt City,Stop,,,,,1,0,Open,0,,,Fine,Null
1222102,4937362,29690,,612714,0,0,0,0,0,North,2005/2006,SH 94,SO BIG CRK BR,,Serious Crash,Yes,2006,0,South,1,0,0,Flat,0,,0,,0,Overcast,3170202,0,0,1,2,0,0,0,0,0,,0,0,Southland Region,Nil,2-way,Sealed,0,0,1,0,100,0,Null,0,0,,73,Southland District,Unknown,0,0,0,0,0,0,Open,0,0,0,Heavy rain,Strong wind
1836689,5751463,29691,,541320,0,0,0,1,0,West,2006/2007,WAIPAPA ROAD,SCOTT ROAD,,Serious Crash,No,2006,0,West,0,0,0,Flat,0,,0,,0,Bright sun,1291800,0,0,0,2,0,1,0,0,0,,0,0,Waikato Region,Nil,2-way,Sealed,0,0,1,0,100,0,Null,0,0,,21,Taupo District,Unknown,0,0,0,0,0,0,Open,0,0,0,Fine,Null
1932202,5603282,29692,,545721,0,0,0,1,0,Null,2006/2007,ST GEORGES ROAD,ADA ST,,Minor Crash,No,2006,0,East,1,0,0,Flat,0,,0,,0,Twilight,1472801,1,0,0,2,0,0,0,0,0,,0,0,Hawke's Bay Region,Nil,2-way,Sealed,0,0,0,0,100,0,On,0,0,,30,Hastings District,Give way,0,0,0,0,0,0,Open,0,0,0,Fine,Null
1800956,5812358,29693,,529200,0,0,0,1,0,South,2007/2008,SH 3,MOUNT VIEW ROAD,,Non-Injury Crash,Yes,2007,0,North,0,0,0,Flat,0,,0,,0,Dark,928200,0,0,0,4,0,0,0,0,0,,0,1,Waikato Region,Nil,2-way,Sealed,0,0,0,0,60,0,On,0,0,,16,Hamilton City,Nil,0,0,0,0,0,0,Urban,0,0,0,Fine,Null
1839489,5803393,29694,,535242,0,0,0,1,0,West,2006/2007,SH 29,HOPKINS ROAD,,Non-Injury Crash,Yes,2006,0,West,0,0,0,Flat,0,,0,,0,Bright sun,1116701,0,0,0,2,0,0,0,0,0,,0,1,Waikato Region,Nil,2-way,Sealed,0,0,0,0,100,0,Null,0,0,,15,Matamata-Piako District,Unknown,0,0,0,0,0,0,Open,0,0,0,Fine,Null
1859465,5832793,29695,,536615,0,0,0,1,0,West,2006/2007,WRIGHT ROAD,SH 2,,Non-Injury Crash,No,2006,0,West,0,0,0,Flat,0,,0,,0,Overcast,1185202,0,0,0,2,0,0,0,0,0,,0,0,Bay of Plenty Region,Nil,2-way,Sealed,0,0,0,0,100,0,None,0,0,,22,Western Bay of Plenty District,Nil,0,0,0,1,0,0,Open,0,0,0,Fine,Null
1822470,5531706,29696,,562401,0,,0,2,,Null,2005/2006,TREMAINE AVENUE,RUAHINE ST,,Minor Crash,No,2006,,East,,0,,Flat,,,,,,Bright sun,1834000,1,0,0,2,,,0,,,,,,Manawatū-Whanganui Region,Nil,2-way,Sealed,,0,0,,50,,Null,0,0,,40,Palmerston North City,Traffic Signals,,,,,0,0,Urban,0,,,Fine,Null
1596234,5445634,29697,,581833,0,0,0,1,0,Null,2006/2007,MOTUEKA VALLEY HIGHWAY,MYTTON HEIGHTS,,Serious Crash,No,2006,0,North,1,0,0,Flat,0,,0,,0,Overcast,2371800,0,0,1,2,0,0,0,0,0,,0,0,Tasman Region,Nil,2-way,Sealed,0,0,1,0,100,0,Null,0,0,,51,Tasman District,Nil,0,0,0,0,0,0,Open,0,0,0,Fine,Null
1823219,5928487,29698,,533100,0,,0,0,,South,2006/2007,SH 25,STRONGMAN ROAD,,Non-Injury Crash,Yes,2006,,North,,0,,Flat,,,,,,Dark,1044600,0,0,0,2,,,0,,,,,,Waikato Region,Nil,2-way,Sealed,,0,0,,80,,On,0,0,,11,Thames-Coromandel District,Nil,,,,,0,0,Open,1,,,Fine,Null
1788616,5755449,29699,,532000,0,,0,3,,North,2005/2006,SH 3,HOSPITAL ROAD,,Non-Injury Crash,Yes,2006,,South,,0,,Flat,,,,,,Overcast,1007500,0,0,0,2,,,0,,,,,,Waikato Region,Nil,2-way,Sealed,,0,0,,50,,Null,0,0,,20,Waitomo District,Stop,,,,,0,0,Urban,0,,,Fine,Null
1747343,5427520,29700,,575400,1,,0,0,,South,2005/2006,RAROA ROAD,MERTOUN TERRACE,,Minor Crash,No,2006,,North,,0,,Hill Road,,,,,,Twilight,2155600,1,0,0,2,,,0,,,,,,Wellington Region,Nil,2-way,Sealed,,0,0,,50,,Off,0,0,,47,Wellington City,Nil,,,,,0,0,Urban,1,,,Fine,Null
1699131,6086270,29701,25,501620,0,0,0,1,0,North,2006/2007,SH 11,WAIKARE ROAD,,Non-Injury Crash,Yes,2006,0,South,1,0,0,Flat,0,Labour Weekend,0,,0,Dark,47701,0,0,0,2,0,0,0,0,0,,0,0,Northland Region,Nil,2-way,Sealed,0,0,0,0,100,0,None,0,0,,1,Far North District,Nil,0,0,0,0,0,0,Open,0,0,0,Fine,Null
1725252,6030870,29702,,501811,0,,0,1,,East,2005/2006,SH 1N,COTTON ROAD,,Non-Injury Crash,Yes,2006,,North,,0,,Flat,,,,,,Bright sun,78601,0,0,0,2,,,0,,,,,,Northland Region,Bridge,2-way,Sealed,,0,0,,100,,Off,0,0,,2,Whangarei District,Nil,,,,,1,0,Open,0,,,Fine,Null