X,Y,OBJECTID,advisorySpeed,areaUnitID,bicycle,bridge,bus,carStationWagon,cliffBank,crashDirectionDescription,crashFinancialYear,crashLocation1,crashLocation2,crashRoadSideRoad,crashSeverity,crashSHDescription,crashYear,debris,directionRoleDescription,ditch,fatalCount,fence,flatHill,guardRail,holiday,houseOrBuilding,intersection,kerb,light,meshblockId,minorInjuryCount,moped,motorcycle,NumberOfLanes,objectThrownOrDropped,otherObject,otherVehicleType,overBank,parkedVehicle,pedestrian,phoneBoxEtc,postOrPole,region,roadCharacter,roadLane,roadSurface,roadworks,schoolBus,seriousInjuryCount,slipOrFlood,speedLimit,strayAnimal,streetLight,suv,taxi,temporarySpeedLimit,tlaId,tlaName,trafficControl,trafficIsland,trafficSign,train,tree,truck,unknownVehicleType,urban,vanOrUtility,vehicle,waterRiver,weatherA,weatherB
1227372,4932678,29703,75,612713,0,,0,1,,West,2005/2006,SH 94,CUMBERLAND ST,,Serious Crash,Yes,2006,,West,,0,,Flat,,,,,,Overcast,3170700,1,0,0,2,,,0,,,,,,Southland Region,Nil,2-way,Sealed,,0,1,,100,,Null,0,0,,73,Southland District,Unknown,,,,,1,0,Open,0,,,Fine,Null
1754167,5918291,29704,,515432,0,,0,2,,Null,2007/2008,ST LUKES OFF WBD,SH 16,,Non-Injury Crash,Yes,2007,,West,,0,,Flat,,,,,,Dark,406202,0,0,0,2,,,0,,,,,,Auckland Region,Motorway ramp,1-way,Sealed,,0,0,,50,,On,0,0,,76,Auckland,Traffic Signals,,,,,0,0,Urban,0,,,Fine,Null
1674536,6083139,29705,,501634,0,,0,2,,Null,2006/2007,SH 12,WALLIS ROAD,,Serious Crash,Yes,2006,,East,,0,,Flat,,,,,,Bright sun,37401,1,0,0,2,,,0,,,,,,Northland Region,Nil,2-way,Sealed,,0,1,,100,,None,0,0,,1,Far North District,Nil,,,,,0,0,Open,0,,,Fine,Null
1570255,5179671,29706,,591500,0,,0,1,,East,2005/2006,TUAM ST,MONTREAL ST,,Minor Crash,No,2006,,West,,0,,Flat,,,,,,Overcast,2648500,1,0,0,2,,,0,,,,,,Canterbury Region,Nil,2-way,Sealed,,0,0,,50,,Null,1,0,,60,Christchurch City,Nil,,,,,0,0,Urban,0,,,Fine,Null
1550286,5172736,29707,,597509,0,,0,2,,Null,2006/2007,ROLLESTON DRIVE,TENNYSON ST,,Minor Crash,No,2006,,North,,0,,Flat,,,,,,Bright sun,2719305,2,0,0,2,,,0,,,,,,Canterbury Region,Nil,2-way,Sealed,,0,0,,50,,Null,0,0,,62,Selwyn District,Stop,,,,,0,0,Urban,0,,,Fine,Null
1842955,5791614,29708,,535250,0,,0,1,,South,2006/2007,SH 1N,SH 5,,Non-Injury Crash,Yes,2006,,North,,0,,Flat,,,,,,Bright sun,1127300,0,0,0,2,,,0,,,,,,Waikato Region,Nil,2-way,Sealed,,0,0,,100,,Null,0,0,,19,South Waikato District,Unknown,,,,,0,0,Open,1,,,Fine,Null
1742655,5913320,29709,,512902,0,,0,1,,West,2006/2007,FOREST HILL ROAD,KELLYS ROAD,,Non-Injury Crash,No,2006,,East,,0,,Hill Road,,,,,,Overcast,279000,0,0,0,2,,,0,,,,,,Auckland Region,Nil,2-way,Sealed,,0,0,,50,,None,0,0,,76,Auckland,Nil,,,,,0,0,Urban,1,,,Fine,Null
1686215,6101136,29710,,500900,0,,0,1,,East,2006/2007,KERIKERI ROAD,BUTLER ROAD,,Non-Injury Crash,No,2006,,West,,0,,Flat,,,,,,Twilight,53600,0,0,0,2,,,0,,,,,,Northland Region,Nil,2-way,Sealed,,0,0,,50,,On,1,0,,1,Far North District,Nil,,,,,0,0,Urban,0,,,Fine,Null
1928215,5605824,29711,,547900,0,,0,2,,South,2006/2007,MARAEKAKAHO ROAD,FRANCIS HICKS AVENUE,,Serious Crash,No,2006,,South,,0,,Flat,,,,,,Bright sun,1479900,2,0,0,2,,,0,,,,,,Hawke's Bay Region,Nil,2-way,Sealed,,0,1,,50,,Null,0,0,,30,Hastings District,Nil,,,,,0,0,Urban,0,,,Fine,Null
1317278,4982279,29712,,608500,0,0,0,1,1,South,2005/2006,RIVER ST,WALTON ST,,Serious Crash,No,2006,0,North,0,0,0,Flat,0,,0,,0,Dark,3024000,1,0,0,2,0,0,0,0,0,,0,0,Otago Region,Nil,2-way,Sealed,0,0,2,0,50,0,None,0,0,,69,Central Otago District,Unknown,0,0,0,1,0,0,Urban,0,0,0,Fine,Null
1800857,5815590,29713,,529700,0,,0,2,,Null,2006/2007,VICTORIA ST,BRYCE ST,,Non-Injury Crash,No,2006,,North,,0,,Flat,,,,,,Overcast,911102,0,0,0,6,,,0,,,,,,Waikato Region,Nil,2-way,Sealed,,0,0,,50,,Off,0,0,,16,Hamilton City,Traffic Signals,,,,,0,0,Urban,0,,,Fine,Null
1752233,5925244,29714,,510401,0,,0,0,,Null,2005/2006,WAIPA ST,VERRAN ROAD,,Fatal Crash,No,2006,,North,,1,,Hill Road,,,,,,Dark,353700,0,0,0,2,,,0,,,,,,Auckland Region,Nil,2-way,Sealed,,0,0,,50,,On,0,0,,76,Auckland,Nil,,,,,0,0,Urban,1,,,Fine,Null
1760295,5434422,29715,,568702,0,0,0,1,0,North,2005/2006,BELL ROAD,DOUGLAS ST,,Serious Crash,No,2006,0,South,0,0,0,Flat,0,,0,,0,Dark,1977600,0,0,0,2,0,0,0,0,0,,0,0,Wellington Region,Nil,2-way,Sealed,0,0,1,0,50,0,On,0,0,,46,Lower Hutt City,Nil,0,0,0,1,0,0,Urban,0,0,0,Light rain,Null
1570872,5182105,29716,,592402,0,,0,1,,Null,2006/2007,EDGEWARE ROAD,MANCHESTER ST,,Minor Crash,No,2006,,North,,0,,Flat,,,,,,Bright sun,2691300,1,0,0,2,,,0,,,,,,Canterbury Region,Nil,2-way,Sealed,,0,0,,50,,Null,1,0,,60,Christchurch City,Give way,,,,,0,0,Urban,0,,,Fine,Null
1769560,5894161,29717,,521201,0,,0,1,,West,2006/2007,HINGAIA ROAD,TOWAI ROAD,,Non-Injury Crash,No,2006,,North,,0,,Flat,,,,,,Bright sun,806601,0,0,0,2,,,0,,,,,,Auckland Region,Nil,2-way,Sealed,,0,0,,70,,Null,0,0,,76,Auckland,Unknown,,,,,0,0,Urban,0,,,Fine,Null
1764002,5909960,29718,,521901,0,0,0,1,0,Null,2005/2006,GREAT SOUTH ROAD,STATION ROAD S,,Non-Injury Crash,No,2006,0,South,0,0,0,Flat,0,,0,,0,Bright sun,784200,0,0,0,2,0,0,0,0,0,,0,0,Auckland Region,Nil,2-way,Sealed,0,0,0,0,50,0,Off,0,1,,76,Auckland,Nil,0,0,0,0,1,0,Urban,0,1,0,Fine,Null
1709217,6042543,29719,,501810,0,,0,1,,East,2005/2006,SH 15,SH 14,,Non-Injury Crash,Yes,2006,,East,,0,,Flat,,,,,,Overcast,72102,0,0,0,1,,,0,,,,,,Northland Region,Nil,2-way,Sealed,,0,0,,50,,None,0,0,,2,Whangarei District,Nil,,,,,1,0,Urban,0,,,Fine,Null
1764927,5916600,29720,,520301,0,0,0,2,0,South,2005/2006,MORRIN ROAD,MERTON ROAD,,Non-Injury Crash,No,2006,0,North,0,0,0,Flat,0,,0,,0,Dark,465302,0,0,0,2,0,1,0,0,0,,0,0,Auckland Region,Nil,2-way,Sealed,0,0,0,0,50,0,On,0,0,,76,Auckland,Unknown,0,0,0,0,0,0,Urban,0,0,0,Heavy rain,Null
1769326,5914721,29721,,522721,0,,0,2,,West,2006/2007,PENRUDDOCKE ROAD,PIGEON MOUNTAIN ROAD,,Non-Injury Crash,No,2006,,West,,0,,Flat,,,,,,Overcast,680727,0,0,0,2,,,0,,,,,,Auckland Region,Nil,2-way,Sealed,,0,0,,50,,Off,0,0,,76,Auckland,Nil,,,,,0,0,Urban,0,,,Fine,Null
1936789,5618064,29722,,545632,0,,0,0,,South,2006/2007,SH 2,MARINE PARADE,,Fatal Crash,Yes,2006,,North,,1,,Flat,,,,,,Dark,1402700,0,0,0,2,,,0,,,1,,,Hawke's Bay Region,Nil,2-way,Sealed,,0,0,,100,,On,1,0,,31,Napier City,Nil,,,,,0,0,Open,0,,,Fine,Null
1757321,5926967,29723,,507900,1,,1,0,,East,2005/2006,ANZAC ST,FRED THOMAS DRIVE,,Minor Crash,No,2006,,West,,0,,Flat,,,,,,Bright sun,305000,1,0,0,4,,,0,,,,,,Auckland Region,Nil,2-way,Sealed,,0,0,,50,,Off,0,0,,76,Auckland,Nil,,,,,0,0,Urban,0,,,Fine,Null
1571972,5178414,29724,,594500,0,,0,2,,West,2005/2006,SHAKESPEARE ROAD,RAYCROFT ST,,Minor Crash,No,2006,,East,,0,,Flat,,,,,,Overcast,2624200,1,0,0,2,,,0,,,,,,Canterbury Region,Nil,2-way,Sealed,,0,0,,50,,Null,0,0,,60,Christchurch City,Unknown,,,,,0,0,Urban,0,,,Fine,Null
1757578,5919783,29725,,514103,0,,0,2,,North,2006/2007,SYMONDS ST,MOUNT ST,,Non-Injury Crash,No,2006,,North,,0,,Flat,,,,,,Overcast,436903,0,0,0,4,,,0,,,,,,Auckland Region,Nil,2-way,Sealed,,0,0,,50,,Off,0,0,,76,Auckland,Nil,,,,,0,0,Urban,0,,,Light rain,Null
1756305,5924360,29726,,509702,0,0,0,1,0,South,2005/2006,SH 1N,OLD ONEWA OBR,,Non-Injury Crash,Yes,2006,0,South,0,0,0,Flat,1,,0,,0,Dark,366700,0,0,0,5,0,0,0,0,0,,0,0,Auckland Region,Nil,1-way,Sealed,0,0,0,0,100,0,On,0,0,,76,Auckland,Nil,0,1,0,0,0,0,Open,0,0,0,Fine,Null
1764368,5913493,29727,,520500,0,,0,2,,North,2005/2006,CARBINE ROAD,WAIPUNA ROAD,,Non-Injury Crash,No,2006,,North,,0,,Flat,,,,,,Bright sun,638801,0,0,0,4,,,0,,,,,,Auckland Region,Nil,2-way,Sealed,,0,0,,50,,Off,0,0,,76,Auckland,Nil,,,,,0,0,Urban,0,,,Fine,Null
1753838,5918357,29728,,515431,0,,0,1,,Null,2005/2006,GREAT NORTH ROAD,ST LUKES ROAD,,Minor Crash,No,2006,,East,,0,,Flat,,,,,,Bright sun,406300,1,0,0,4,,,0,,,,,,Auckland Region,Nil,2-way,Sealed,,0,0,,50,,Null,0,0,,76,Auckland,Traffic Signals,,,,,0,0,Urban,1,,,Fine,Null
1760520,5916211,29729,,516003,0,,0,2,,Null,2006/2007,GREEN LANE EAST,ASCOT AVENUE,,Minor Crash,No,2006,,East,,0,,Flat,,Christmas New Year,,,,Overcast,494902,2,0,0,4,,,0,,,,,,Auckland Region,Nil,2-way,Sealed,,0,0,,50,,Off,0,0,,76,Auckland,Traffic Signals,,,,,0,0,Urban,0,,,Light rain,Null
1757496,5920909,29730,,514101,0,0,0,2,0,West,2007/2008,CUSTOMS ST WEST,QUEEN ST,,Non-Injury Crash,No,2007,0,East,0,0,0,Flat,0,,0,,0,Bright sun,432900,0,0,0,4,0,0,0,0,0,,0,0,Auckland Region,Nil,2-way,Sealed,0,0,0,0,50,0,Off,0,1,,76,Auckland,Nil,0,0,0,0,0,0,Urban,0,1,0,Fine,Null
1761476,5918807,29731,,516201,0,,0,2,,South,2005/2006,ORAKEI ROAD,NGAPIPI ROAD,,Non-Injury Crash,No,2006,,South,,0,,Flat,,,,,,Overcast,486000,0,0,0,2,,,0,,,,,,Auckland Region,Nil,2-way,Sealed,,0,0,,50,,Off,0,0,,76,Auckland,Nil,,,,,0,0,Urban,0,,,Fine,Null
1772480,5896524,29732,,525420,0,,0,1,,Null,2006/2007,EAST ST,QUEEN ST,,Minor Crash,No,2006,,South,,0,,Flat,,,,,,Dark,791600,1,0,0,6,,,0,,,,,,Auckland Region,Nil,2-way,Sealed,,0,0,,50,,On,1,0,,76,Auckland,Traffic Signals,,,,,0,0,Urban,0,,,Light rain,Null
1766825,5901878,29733,,524604,0,,0,2,,Null,2006/2007,BROWNS ROAD,GLOUCESTER ROAD,,Non-Injury Crash,No,2006,,East,,0,,Flat,,,,,,Bright sun,781400,0,0,0,2,,,0,,,,,,Auckland Region,Bridge,2-way,Sealed,,0,0,,50,,Null,0,0,,76,Auckland,Give way,,,,,0,0,Urban,0,,,Fine,Null
1816964,5872989,29734,,533901,0,0,0,1,0,North,2005/2006,POUARUA ROAD NORTH,RAWERAWE ROAD WEST,,Non-Injury Crash,No,2006,0,North,0,0,1,Flat,0,,0,,0,Bright sun,1067100,0,0,0,2,0,0,0,0,0,,0,0,Waikato Region,Nil,2-way,Unsealed,0,0,0,0,100,0,Null,0,0,,12,Hauraki District,Unknown,0,0,0,0,0,0,Open,0,0,0,Fine,Null
1762542,5907322,29735,,524520,0,,0,4,,South,2006/2007,MASSEY ROAD,YATES ROAD,,Non-Injury Crash,No,2006,,North,,0,,Flat,,,,,,Twilight,734603,0,0,0,2,,,0,,,,,,Auckland Region,Nil,2-way,Sealed,,0,0,,50,,Off,0,0,,76,Auckland,Stop,,,,,0,0,Urban,0,,,Fine,Null
1285177,4886874,29736,,610240,1,,0,1,,East,2006/2007,JOSEPH ST,FRANK ST,,Minor Crash,No,2006,,West,,0,,Flat,,,,,,Bright sun,3059000,1,0,0,2,,,0,,,,,,Southland Region,Nil,2-way,Sealed,,0,0,,50,,Null,0,0,,74,Gore District,Nil,,,,,0,0,Urban,0,,,Fine,Null
1774417,5897684,29737,,525630,0,,0,1,,Null,2006/2007,OLD WAIROA ROAD,BRIGHTWELL ST,,Serious Crash,No,2006,,West,,0,,Flat,,,,,,Overcast,796000,0,0,0,2,,,0,,,1,,,Auckland Region,Nil,2-way,Sealed,,0,1,,50,,None,0,0,,76,Auckland,Nil,,,,,0,0,Urban,0,,,Light rain,Null
1756992,5912673,29738,,518702,0,,0,0,,East,2006/2007,SH 20,HILLSBOROUGH OBR,,Minor Crash,Yes,2006,,East,,0,,Hill Road,,,,,,Overcast,569900,1,0,0,2,,,0,,,,,,Auckland Region,Nil,1-way,Sealed,,0,0,,100,,Off,1,0,,76,Auckland,Nil,,,,,0,0,Open,0,,,Fine,Null
1756760,5919874,29739,,514102,0,,0,2,,Null,2005/2006,HOBSON ST,UNION ST,,Non-Injury Crash,Yes,2006,,South,,0,,Flat,,Queens Birthday,,,,Dark,434802,0,0,0,2,,,0,,,,,,Auckland Region,Nil,2-way,Sealed,,0,0,,50,,On,0,0,,76,Auckland,Traffic Signals,,,,,0,0,Urban,0,,,Light rain,Null
1761497,5916811,29740,,516003,0,0,0,2,0,South,2005/2006,MINTO ROAD,REMUERA ROAD,,Non-Injury Crash,No,2006,0,East,0,0,0,Hill Road,0,,0,,0,Twilight,495600,0,0,0,2,0,0,0,0,1,,0,0,Auckland Region,Nil,2-way,Sealed,0,0,0,0,50,0,None,0,0,,76,Auckland,Nil,0,0,0,0,0,0,Urban,0,0,0,Fine,Null
1860648,5542185,29741,,549800,0,0,0,2,2,North,2005/2006,SH 2,WI DUNCAN ROAD,,Minor Crash,Yes,2006,0,West,0,0,0,Hill Road,0,,0,,0,Dark,1538500,3,0,0,2,0,0,0,0,0,,0,0,Manawatū-Whanganui Region,Nil,2-way,Sealed,0,0,0,0,100,0,None,0,0,,41,Tararua District,Nil,0,0,0,0,0,0,Open,0,0,0,Fine,Null
1759666,5906320,29742,,524200,0,0,0,2,0,East,2005/2006,KIRKBRIDE ROAD,JORDAN ROAD,,Minor Crash,No,2006,0,West,0,0,1,Flat,0,,0,,0,Bright sun,727901,1,0,0,2,0,0,0,0,1,1,0,0,Auckland Region,Nil,1-way,Sealed,0,0,0,0,60,0,Off,0,0,,76,Auckland,Nil,0,0,0,0,0,0,Urban,0,0,0,Fine,Null
1675197,6089011,29743,,501632,0,0,0,1,0,South,2005/2006,SH 15,SH 1N,,Non-Injury Crash,Yes,2006,0,South,0,0,0,Flat,0,,0,,0,Dark,35000,0,0,0,2,0,0,0,0,0,,0,0,Northland Region,Nil,2-way,Sealed,0,0,0,0,100,0,None,0,0,,1,Far North District,Nil,0,0,0,0,0,0,Open,0,0,0,Fine,Null
1870114,5825972,29744,30,536503,0,0,0,0,0,East,2006/2007,BORELL ROAD,SNODGRASS ROAD,,Non-Injury Crash,No,2006,0,East,0,0,0,Hill Road,0,,0,,0,Dark,1188403,0,0,0,2,0,0,0,0,0,,0,1,Bay of Plenty Region,Nil,2-way,Sealed,0,0,0,0,50,0,None,1,0,,22,Western Bay of Plenty District,Nil,0,0,0,0,0,0,Urban,0,0,0,Fine,Null
1850349,5766561,29745,,535310,0,,0,2,,Null,2006/2007,POHUTUKAWA DRIVE,POHUTUKAWA ST,,Non-Injury Crash,No,2006,,South,,0,,Flat,,,,,,Overcast,1137100,0,0,0,2,,,0,,,,,,Waikato Region,Nil,2-way,Sealed,,0,0,,50,,Off,0,0,,19,South Waikato District,Stop,,,,,0,0,Urban,0,,,Fine,Null
1757858,5912114,29746,,519810,0,0,0,1,0,South,2005/2006,SH 20,QUEENSTOWN OBR,,Non-Injury Crash,Yes,2006,0,West,0,0,1,Flat,0,,0,,0,Bright sun,602501,0,0,0,2,0,0,0,0,0,,0,1,Auckland Region,Nil,1-way,Sealed,0,0,0,0,100,0,None,0,0,,76,Auckland,Nil,0,0,0,0,0,0,Open,0,0,0,Fine,Null
1758593,5912154,29747,,519810,0,0,0,1,0,West,2005/2006,CHURCH ST,HILL ST,,Non-Injury Crash,No,2006,0,West,0,0,0,Flat,0,,0,,0,Overcast,598800,0,0,0,2,0,0,0,0,1,,0,0,Auckland Region,Nil,2-way,Sealed,0,0,0,0,50,0,On,1,1,,76,Auckland,Nil,0,0,0,0,0,0,Urban,0,0,0,Fine,Null
1764087,5911564,29748,,520500,0,,0,1,,Null,2005/2006,MOUNT WELLINGTON HIGHWAY,PANAMA ROAD,,Minor Crash,No,2006,,North,,0,,Flat,,,,,,Bright sun,637900,1,0,0,6,,,0,,,,,,Auckland Region,Nil,2-way,Sealed,,0,0,,50,,Off,0,0,,76,Auckland,Traffic Signals,,,,,0,0,Urban,1,,,Fine,Null
1767111,5905524,29749,,524603,0,,0,2,,Null,2005/2006,GREAT SOUTH ROAD,PUHINUI ROAD,,Non-Injury Crash,No,2006,,North,,0,,Flat,,,,,,Bright sun,780205,0,0,0,2,,,0,,,,,,Auckland Region,Nil,2-way,Sealed,,0,0,,60,,Off,0,0,,76,Auckland,Traffic Signals,,,,,0,0,Urban,0,,,Fine,Null
1763656,5917619,29750,,516302,0,0,0,1,0,East,2007/2008,ST JOHNS ROAD,IPSWICH PLACE,,Non-Injury Crash,No,2007,0,East,0,0,0,Flat,0,,0,,0,Dark,462601,0,0,0,2,0,0,0,0,1,,0,1,Auckland Region,Nil,2-way,Sealed,0,0,0,0,50,0,On,0,0,,76,Auckland,Give way,0,0,0,0,0,0,Urban,1,0,0,Light rain,Null
1745769,5917435,29751,,510700,0,,0,2,,Null,2005/2006,EDMONTON ROAD,TAKAPU ST,,Non-Injury Crash,No,2006,,West,,0,,Hill Road,,,,,,Bright sun,240000,0,0,0,2,,,0,,,,,,Auckland Region,Nil,1-way,Sealed,,0,0,,50,,Off,0,0,,76,Auckland,Give way,,,,,0,0,Urban,0,,,Fine,Null
1817032,5803148,29752,,527503,0,,0,1,,West,2005/2006,ALPHA ST,VICTORIA ST,,Minor Crash,No,2006,,West,,0,,Flat,,,,,,Bright sun,964900,1,0,0,2,,,0,,,,,,Waikato Region,Nil,2-way,Sealed,,0,0,,50,,Null,0,0,,17,Waipa District,Unknown,,,,,0,0,Urban,1,,,Fine,Null
1750318,5425302,29753,,576903,0,0,0,1,0,North,2006/2007,OVERTOUN TERRACE,BUSACO ROAD,,Serious Crash,No,2006,0,South,0,0,0,Hill Road,0,,0,,0,Overcast,2181302,0,0,0,2,0,0,0,0,0,,0,1,Wellington Region,Nil,2-way,Sealed,0,0,1,0,50,0,Null,0,0,,47,Wellington City,Nil,0,0,0,0,0,0,Urban,0,0,0,Fine,Null
1767930,5906873,29754,,523711,0,0,0,1,0,Null,2006/2007,PRESTON ROAD,DAWSON ROAD,,Non-Injury Crash,No,2006,0,West,0,0,0,Flat,0,,0,,0,Dark,714400,0,0,0,1,0,0,0,0,0,,0,0,Auckland Region,Nil,2-way,Sealed,0,0,0,0,50,0,On,0,0,,76,Auckland,Traffic Signals,0,1,0,0,0,0,Urban,0,0,0,Light rain,Null
1842092,5796150,29755,,535250,0,0,0,0,0,South,2006/2007,SH 27,LANGLANDS ROAD,,Non-Injury Crash,Yes,2006,0,East,0,0,0,Hill Road,0,,0,,0,Bright sun,1125100,0,0,0,0,0,0,1,0,0,,0,0,Waikato Region,Rail xing,2-way,Unsealed,0,0,0,0,100,0,None,0,0,,19,South Waikato District,Give way,0,0,1,0,0,0,Open,0,0,0,Fine,Null
1752145,5424747,29756,,577302,0,0,0,1,0,South,2005/2006,PARK ROAD,BYRON ST,,Non-Injury Crash,No,2006,0,South,0,0,0,Flat,0,,0,,0,Overcast,2206102,0,0,0,2,0,0,0,0,0,,0,0,Wellington Region,Nil,2-way,Sealed,0,0,0,0,50,0,Null,0,0,,47,Wellington City,School Patrol/warden,0,1,0,0,0,0,Urban,0,0,0,Fine,Null
1975820,5784392,29757,,542800,0,0,0,1,0,East,2005/2006,FORD ST,BRABANT ST,,Non-Injury Crash,No,2006,0,East,0,0,1,Flat,0,,0,,0,Twilight,1341300,0,0,0,2,0,0,0,0,0,,0,0,Bay of Plenty Region,Nil,2-way,Sealed,0,0,0,0,50,0,Off,0,0,,27,Ōpōtiki District,Unknown,0,0,0,0,0,0,Urban,0,0,0,Fine,Null
1932652,5609542,29758,,545832,0,,0,2,,Null,2005/2006,CHESTERHOPE BRIDGE,FARNDON ROAD,,Minor Crash,No,2006,,South,,0,,Hill Road,,,,,,Dark,1404300,2,0,0,2,,,0,,,,,,Hawke's Bay Region,Nil,2-way,Sealed,,0,0,,100,,On,0,0,,30,Hastings District,Give way,,,,,0,0,Open,0,,,Fine,Null
1349568,4849974,29759,,607300,0,0,0,0,0,South,2005/2006,CANNIBAL BAY ROAD,OWAKA HIGHWAY,,Minor Crash,No,2006,0,South,0,0,0,Hill Road,0,,0,,0,Bright sun,2998500,3,0,0,1,0,0,0,1,0,,0,0,Otago Region,Nil,2-way,Unsealed,0,0,0,0,100,0,Null,1,0,,72,Clutha District,Unknown,0,0,0,0,0,0,Open,0,0,0,Fine,Null
1757696,5944571,29760,,505902,0,,0,2,,South,2006/2007,WHANGAPARAOA ROAD,RAWHITI ROAD,,Minor Crash,No,2006,,North,,0,,Hill Road,,,,,,Bright sun,174514,1,0,0,2,,,0,,,,,,Auckland Region,Nil,2-way,Sealed,,0,0,,50,,Null,0,0,,76,Auckland,Unknown,,,,,0,0,Urban,0,,,Fine,Null
1759419,5910226,29761,,524002,0,0,0,1,0,East,2005/2006,RIMU ROAD,CRAWFORD AVENUE,,Minor Crash,No,2006,0,East,0,0,1,Flat,0,,0,,1,Overcast,722302,2,0,0,2,0,0,0,0,0,,0,0,Auckland Region,Nil,2-way,Sealed,0,0,0,0,50,0,Off,0,0,,76,Auckland,Nil,0,0,0,0,1,0,Urban,0,0,0,Light rain,Null
1768559,5905304,29762,,523722,0,0,0,1,0,Null,2006/2007,TE IRIRANGI DRIVE,CHARNTAY AVENUE,,Non-Injury Crash,No,2006,0,West,0,0,1,Flat,0,,0,,0,Dark,715911,0,0,0,2,0,0,0,0,0,,0,0,Auckland Region,Nil,2-way,Sealed,0,0,0,0,50,0,On,0,0,,76,Auckland,Give way,0,0,0,0,0,0,Urban,0,0,0,Fine,Null
1788626,5518717,29763,,561300,1,,0,1,,East,2006/2007,THOMAS PLACE,NASH PARADE,,Minor Crash,No,2006,,West,,0,,Flat,,Christmas New Year,,,,Bright sun,1782603,1,0,0,2,,,0,,,,,,Manawatū-Whanganui Region,Nil,2-way,Sealed,,0,0,,50,,Null,0,0,,42,Horowhenua District,Nil,,,,,0,0,Urban,0,,,Fine,Null
1779311,5447030,29764,,566500,0,0,0,1,0,Null,2005/2006,PARKES LINE ROAD,MAYMORN ROAD,,Minor Crash,No,2006,0,East,0,0,0,Flat,0,Queens Birthday,0,,0,Dark,1914400,1,0,0,2,0,0,0,1,0,,0,0,Wellington Region,Nil,2-way,Sealed,0,0,0,0,100,0,None,0,0,,45,Upper Hutt City,Nil,0,0,0,0,0,0,Open,0,0,0,Light rain,Null
1768654,5899327,29765,,525102,0,0,0,1,0,East,2007/2008,HOOKS ROAD,COXHEAD ROAD,,Non-Injury Crash,No,2007,0,West,0,0,0,Hill Road,0,,0,,0,Dark,768400,0,0,0,2,0,0,0,0,0,,0,1,Auckland Region,Nil,2-way,Sealed,0,0,0,0,50,0,On,0,0,,76,Auckland,Nil,0,0,0,0,0,0,Urban,0,0,0,Fine,Null
1759133,5913047,29766,,519820,0,0,0,1,0,Null,2005/2006,JORDAN AVENUE,CAMERON ST,,Non-Injury Crash,No,2006,0,North,0,0,1,Flat,0,,0,,0,Twilight,599200,0,0,0,2,0,0,0,0,0,,0,0,Auckland Region,Nil,2-way,Sealed,0,0,0,0,50,0,On,0,0,,76,Auckland,Give way,0,0,0,0,0,0,Urban,0,0,0,Fine,Null
1759897,5906468,29767,,524111,0,0,0,1,0,Null,2005/2006,THOMAS ROAD,CAPE ROAD,,Serious Crash,No,2006,0,West,0,0,0,Flat,0,,0,,0,Dark,740700,0,0,0,2,0,0,0,0,0,,0,0,Auckland Region,Nil,2-way,Sealed,0,0,1,0,50,0,On,0,0,,76,Auckland,Stop,0,0,0,1,0,0,Urban,0,0,0,Fine,Null
1749265,5430091,29768,,572900,0,,0,1,,North,2005/2006,HUTT ROAD,THORNDON QUAY,,Serious Crash,No,2006,,North,,0,,Flat,,,,,,Bright sun,2118400,0,1,0,2,,,0,,,,,,Wellington Region,Nil,2-way,Sealed,,0,1,,70,,Null,0,0,,47,Wellington City,Nil,,,,,0,0,Urban,0,,,Fine,Null
1756760,5919874,29769,,514102,0,,0,2,,Null,2005/2006,PITT ST,UNION ST,,Non-Injury Crash,Yes,2006,,North,,0,,Flat,,,,,,Dark,434802,0,0,0,3,,,0,,,,,,Auckland Region,Nil,2-way,Sealed,,0,0,,50,,On,0,0,,76,Auckland,Traffic Signals,,,,,0,0,Urban,0,,,Fine,Null
1866107,5697365,29770,,541346,0,0,0,1,0,South,2005/2006,SH 1N,ROTONGAIO ROAD,,Non-Injury Crash,Yes,2006,0,North,0,0,0,Flat,0,,0,,0,Overcast,1280302,0,0,0,2,0,0,0,0,0,,0,0,Waikato Region,Nil,2-way,Sealed,0,0,0,0,100,0,Null,0,0,,21,Taupo District,Unknown,0,0,0,1,0,0,Open,0,0,0,Fine,Null
1857144,5838248,29771,,536615,0,,0,0,,Null,2006/2007,SH 2,WHARAWHARA ROAD,,Serious Crash,Yes,2006,,South,,0,,Flat,,,,,,Overcast,1182704,1,0,0,2,,,0,,,,,,Bay of Plenty Region,Nil,2-way,Sealed,,0,1,,100,,None,1,0,,22,Western Bay of Plenty District,Stop,,,,,0,0,Open,1,,,Fine,Null
1751580,5914775,29772,,514402,0,,0,2,,Null,2005/2006,BLOCKHOUSE BAY ROAD,NEW WINDSOR ROAD,,Non-Injury Crash,No,2006,,West,,0,,Flat,,,,,,Bright sun,380503,0,0,0,2,,,0,,,,,,Auckland Region,Nil,2-way,Sealed,,0,0,,50,,Null,0,1,,76,Auckland,Stop,,,,,0,0,Urban,0,,,Fine,Null
1756004,5918618,29773,,515500,0,,0,0,,Null,2005/2006,SH 16,NEWTON OFF EBD,,Non-Injury Crash,Yes,2006,,East,,0,,Flat,,,,,,Overcast,418600,0,0,0,4,,,0,,,,,,Auckland Region,Nil,1-way,Sealed,,0,0,,100,,Off,1,0,,76,Auckland,Nil,,,,,0,0,Open,1,,,Light rain,Null