X,Y,OBJECTID,advisorySpeed,areaUnitID,bicycle,bridge,bus,carStationWagon,cliffBank,crashDirectionDescription,crashFinancialYear,crashLocation1,crashLocation2,crashRoadSideRoad,crashSeverity,crashSHDescription,crashYear,debris,directionRoleDescription,ditch,fatalCount,fence,flatHill,guardRail,holiday,houseOrBuilding,intersection,kerb,light,meshblockId,minorInjuryCount,moped,motorcycle,NumberOfLanes,objectThrownOrDropped,otherObject,otherVehicleType,overBank,parkedVehicle,pedestrian,phoneBoxEtc,postOrPole,region,roadCharacter,roadLane,roadSurface,roadworks,schoolBus,seriousInjuryCount,slipOrFlood,speedLimit,strayAnimal,streetLight,suv,taxi,temporarySpeedLimit,tlaId,tlaName,trafficControl,trafficIsland,trafficSign,train,tree,truck,unknownVehicleType,urban,vanOrUtility,vehicle,waterRiver,weatherA,weatherB
1863439,5544262,29774,,550102,0,0,0,3,0,Null,2006/2007,Z CPK NEW WORLD,BARRAUD/DENMARK,,Minor Crash,No,2006,0,South,0,0,0,Flat,0,,0,,0,Dark,1528700,1,0,0,0,0,0,0,0,2,,0,0,Manawatū-Whanganui Region,Nil,Off road,Sealed,0,0,0,0,50,0,On,0,0,,41,Tararua District,Nil,0,0,0,0,0,0,Urban,0,0,0,Fine,Null
1823332,5844838,29775,,534603,0,0,0,1,0,South,2005/2006,SH 27,PAEROA TAHUNA ROAD,,Minor Crash,Yes,2006,0,South,1,0,0,Flat,0,,0,,0,Bright sun,1094400,1,0,0,2,0,0,0,0,0,,0,0,Waikato Region,Nil,2-way,Sealed,0,0,0,0,100,0,None,0,0,,15,Matamata-Piako District,Nil,0,0,0,0,0,0,Open,0,0,0,Fine,Null
1766433,5905247,29776,,524603,0,,0,1,,Null,2005/2006,PUHINUI ROAD,CARRUTH ROAD,,Non-Injury Crash,No,2006,,East,,0,,Flat,,,,,,Bright sun,671700,0,0,0,2,,,0,,,,,,Auckland Region,Nil,2-way,Sealed,,0,0,,50,,Null,1,0,,76,Auckland,Traffic Signals,,,,,0,0,Urban,0,,,Fine,Null
1756380,5929444,29777,,507720,0,0,0,1,0,East,2006/2007,MARSH AVENUE,SEINE ROAD,,Non-Injury Crash,No,2006,0,West,0,0,0,Flat,0,,0,,1,Overcast,312100,0,0,0,2,0,0,0,0,0,,0,0,Auckland Region,Nil,2-way,Sealed,0,0,0,0,50,0,Null,0,0,,76,Auckland,Unknown,0,0,0,0,0,0,Urban,0,0,0,Fine,Null
1752655,5926238,29778,,508220,0,0,0,2,0,North,2005/2006,VANDELEUR AVENUE,BEECHE PLACE,,Non-Injury Crash,No,2006,0,North,0,0,0,Flat,0,,0,,0,Overcast,189002,0,0,0,2,0,0,0,0,1,,0,0,Auckland Region,Nil,2-way,Sealed,0,0,0,0,50,0,Off,0,0,,76,Auckland,Nil,0,0,0,0,0,0,Urban,0,0,0,Light rain,Null
1761601,5919004,29779,,516400,0,,0,1,,Null,2005/2006,KEPA ROAD,NGAPIPI ROAD,,Non-Injury Crash,No,2006,,West,,0,,Flat,,,,,,Bright sun,497700,0,0,0,4,,,0,,,,,,Auckland Region,Nil,2-way,Sealed,,0,0,,50,,Off,0,0,,76,Auckland,Give way,,,,,1,0,Urban,0,,,Fine,Null
1801991,5814401,29780,,530200,1,,0,1,,Null,2005/2006,GREY ST,WELLINGTON ST,,Non-Injury Crash,No,2006,,North,,0,,Flat,,,,,,Bright sun,891700,0,0,0,2,,,0,,,,,,Waikato Region,Nil,2-way,Sealed,,0,0,,50,,Null,0,0,,16,Hamilton City,Give way,,,,,0,0,Urban,0,,,Fine,Null
1765152,5915344,29781,,520301,0,,0,1,,Null,2006/2007,JELLICOE ROAD,MORRIN ROAD,,Non-Injury Crash,No,2006,,North,,0,,Flat,,,,,,Bright sun,627900,0,0,0,3,,,0,,,,,,Auckland Region,Nil,2-way,Sealed,,0,0,,50,,Off,0,0,,76,Auckland,Traffic Signals,,,,,1,0,Urban,0,,,Fine,Null
1622888,5431754,29782,,582200,1,,0,1,,Null,2005/2006,SH 6,HAY ST,,Serious Crash,Yes,2006,,South,,0,,Flat,,,,,,Twilight,2325100,0,0,0,2,,,0,,,,,,Nelson Region,Nil,2-way,Sealed,,0,1,,50,,On,0,0,,52,Nelson City,Give way,,,,,0,0,Urban,0,,,Fine,Null
1792892,5817274,29783,,527913,0,0,0,1,0,West,2005/2006,LAXON ROAD,DUCK ROAD,,Serious Crash,No,2006,0,West,1,0,0,Hill Road,0,,0,,0,Dark,978117,0,0,0,2,0,0,0,0,0,,0,0,Waikato Region,Nil,2-way,Sealed,0,0,1,0,100,0,None,0,0,,13,Waikato District,Unknown,0,0,0,0,0,0,Open,0,0,0,Fine,Null
1754641,5913893,29784,,518803,0,,0,2,,South,2005/2006,DENBIGH AVENUE,MAY ROAD,,Non-Injury Crash,No,2006,,North,,0,,Flat,,,,,,Overcast,580400,0,0,0,2,,,0,,,,,,Auckland Region,Nil,2-way,Sealed,,0,0,,50,,Null,0,0,,76,Auckland,Give way,,,,,0,0,Urban,0,,,Fine,Null
1843338,5805235,29785,,535242,0,0,0,0,0,South,2005/2006,SH 27,PUKETUTU ROAD,,Non-Injury Crash,Yes,2006,0,North,0,0,0,Flat,0,,0,,0,Dark,1115901,0,0,0,2,0,0,0,0,0,,0,1,Waikato Region,Nil,2-way,Sealed,0,0,0,0,100,0,None,1,0,,15,Matamata-Piako District,Nil,0,0,0,0,0,0,Open,0,0,0,Mist or Fog,Null
1750083,5427090,29786,,573400,0,0,0,2,0,East,2006/2007,PALLISER ROAD,BAYVIEW TERRACE,,Non-Injury Crash,No,2007,0,East,0,0,0,Hill Road,0,,0,,0,Dark,2139604,0,0,0,2,0,0,0,0,0,,0,0,Wellington Region,Nil,2-way,Sealed,0,0,0,0,50,0,On,0,0,,47,Wellington City,Nil,0,0,0,1,0,0,Urban,0,0,0,Fine,Null
1823897,5894179,29787,55,533604,0,0,0,0,0,North,2005/2006,SH 25,TARARU CREEK ROAD,,Serious Crash,Yes,2006,0,North,0,0,0,Flat,0,,0,,0,Bright sun,1057201,0,0,1,2,0,1,0,0,0,,0,0,Waikato Region,Nil,2-way,Sealed,0,0,1,0,100,0,Null,0,0,,11,Thames-Coromandel District,Unknown,0,0,0,0,0,0,Open,0,0,0,Fine,Null
1940875,5787370,29788,,542530,0,,0,1,,West,2006/2007,SH 30,SH 2 AWAKERI,,Minor Crash,Yes,2006,,East,,0,,Flat,,,,,,Dark,1300901,1,0,0,2,,,0,,,,,,Bay of Plenty Region,Nil,2-way,Sealed,,0,0,,70,,On,1,0,,25,Whakatane District,Nil,,,,,0,0,Urban,0,,,Fine,Null
1768750,5881354,29789,,525910,0,,0,0,,Null,2006/2007,TOBIN ST,SEDDON ST,,Minor Crash,No,2006,,West,,0,,Flat,,,,,,Overcast,818500,1,0,0,2,,,0,,,1,,,Auckland Region,Nil,2-way,Sealed,,0,0,,50,,Off,0,0,,76,Auckland,Give way,,,,,0,0,Urban,1,,,Fine,Null
1569449,5178658,29790,,594700,0,,0,1,,Null,2006/2007,SELWYN ST,FAIRFIELD AVENUE,,Minor Crash,No,2006,,South,,0,,Flat,,,,,,Twilight,2658801,1,1,0,2,,,0,,,,,,Canterbury Region,Nil,2-way,Sealed,,0,0,,50,,Off,0,0,,60,Christchurch City,Stop,,,,,0,0,Urban,0,,,Fine,Null
1772202,5912010,29791,,523102,0,,0,2,,East,2005/2006,WHITFORD ROAD,SOMERVILLE ROAD,,Non-Injury Crash,No,2006,,West,,0,,Hill Road,,,,,,Overcast,718003,0,0,0,3,,,0,,,,,,Auckland Region,Nil,2-way,Sealed,,0,0,,80,,Off,0,0,,76,Auckland,Nil,,,,,0,0,Open,0,,,Light rain,Null
1827379,5779297,29792,,528000,0,0,0,1,0,West,2005/2006,ROTONGATA ROAD,WAIMANU ROAD,,Minor Crash,No,2006,0,North,0,0,1,Flat,0,,0,,0,Bright sun,991800,1,0,0,2,0,0,0,0,0,,0,0,Waikato Region,Nil,2-way,Sealed,0,0,0,0,100,0,Null,0,0,,17,Waipa District,Unknown,0,0,0,0,0,0,Open,0,0,0,Fine,Null
1833106,5835908,29793,,534602,0,0,0,1,0,North,2005/2006,SH 26,NGARUA ROAD,,Minor Crash,Yes,2006,0,South,0,0,1,Flat,0,,0,,0,Dark,1106700,1,0,0,2,0,0,0,0,0,,0,0,Waikato Region,Nil,2-way,Sealed,0,0,0,0,100,0,None,0,0,,15,Matamata-Piako District,Unknown,0,0,0,1,0,0,Open,0,0,0,Fine,Null
1756391,5927181,29794,,507900,0,,0,1,,North,2006/2007,SH 1N,NORTHCOTE OBR,,Minor Crash,Yes,2006,,North,,0,,Flat,,,,,,Bright sun,305201,2,0,0,3,,,0,,,,,,Auckland Region,Nil,2-way,Sealed,,0,0,,100,,Off,1,0,,76,Auckland,Nil,,,,,0,0,Open,1,,,Fine,Null
1763695,5908892,29795,,521901,0,,0,1,,Null,2005/2006,MANGERE ROAD,GOLF AVENUE,,Non-Injury Crash,No,2006,,East,,0,,Flat,,,,,,Bright sun,785400,0,0,0,2,,,0,,,,,,Auckland Region,Nil,2-way,Sealed,,0,0,,50,,Off,0,0,,76,Auckland,Traffic Signals,,,,,1,0,Urban,0,,,Fine,Null
1916267,5605058,29796,,545841,0,,0,0,,North,2005/2006,SH 50,MARAEKAKAHO ROAD,,Fatal Crash,Yes,2006,,North,,1,,Flat,,,,,,Bright sun,1462901,1,0,5,2,,,0,,,,,,Hawke's Bay Region,Nil,2-way,Sealed,,0,6,,100,,Null,0,0,,30,Hastings District,Nil,,,,,0,0,Open,1,,,Fine,Null
1753888,5931705,29797,,508805,0,,0,1,,South,2006/2007,SH 1N,UPPER HWY OFF SBD,,Non-Injury Crash,Yes,2006,,South,,0,,Hill Road,,,,,,Overcast,180813,0,0,0,2,,,0,,,,,,Auckland Region,Nil,2-way,Sealed,,0,0,,100,,Off,1,0,,76,Auckland,Nil,,,,,0,0,Open,1,,,Light rain,Null
1861733,5753613,29798,,535262,0,0,0,1,0,North,2006/2007,SH 1N,SH 30,,Minor Crash,Yes,2006,0,South,0,0,0,Hill Road,0,,0,,1,Bright sun,1152900,1,0,0,2,0,1,0,1,0,,0,0,Waikato Region,Nil,2-way,Sealed,0,0,0,0,100,0,Null,0,0,,19,South Waikato District,Unknown,0,0,0,0,0,0,Open,0,0,0,Fine,Null
1753336,5934085,29799,,508804,0,0,0,1,0,Null,2006/2007,SPENCER ROAD,MCCLYMONTS ROAD,,Minor Crash,No,2006,0,South,0,0,1,Flat,0,,1,,0,Dark,180602,1,0,0,2,0,0,0,0,0,,0,0,Auckland Region,Nil,2-way,Sealed,0,0,0,0,50,0,On,0,0,,76,Auckland,Give way,0,0,0,0,0,0,Urban,0,0,0,Fine,Null
1746079,5913980,29800,,511001,0,0,0,1,0,East,2005/2006,WEST COAST ROAD,KAMARA ROAD,,Serious Crash,No,2006,0,West,0,0,0,Hill Road,0,,0,,0,Dark,282701,0,0,0,2,0,0,0,0,0,,0,1,Auckland Region,Nil,2-way,Sealed,0,0,1,0,50,0,On,0,0,,76,Auckland,Give way,0,0,0,0,0,0,Urban,0,0,0,Light rain,Null
1741683,5919048,29801,,513101,0,0,0,1,0,West,2005/2006,SWANSON ROAD,BIRDWOOD ROAD,,Minor Crash,No,2006,0,East,0,0,0,Flat,0,,0,,0,Bright sun,238200,1,0,0,2,0,0,0,0,0,,0,0,Auckland Region,Nil,2-way,Sealed,0,0,0,0,50,0,Off,0,0,,76,Auckland,Nil,0,0,0,0,1,0,Urban,0,1,0,Fine,Null
1881465,5783214,29802,55,538811,0,,0,2,,North,2006/2007,SH 36,KEITH ROAD,,Non-Injury Crash,Yes,2006,,North,,0,,Flat,,Labour Weekend,,,,Overcast,1249804,0,0,0,2,,,0,,,,,,Bay of Plenty Region,Nil,2-way,Sealed,,0,0,,100,,None,0,0,,24,Rotorua District,Nil,,,,,0,0,Open,0,,,Heavy rain,Null
1787472,5446043,29803,,579803,0,0,0,1,1,South,2006/2007,SH 2,RIMUTAKA SUM,,Minor Crash,Yes,2006,0,South,0,0,0,Hill Road,0,,0,,0,Bright sun,2272601,3,0,0,3,0,0,0,0,0,,0,0,Wellington Region,Nil,2-way,Sealed,0,0,0,0,100,0,Null,0,0,,50,South Wairarapa District,Nil,0,0,0,0,0,0,Open,0,0,0,Fine,Null
1641100,6106375,29804,,500202,0,0,0,1,0,East,2006/2007,SH 1N,KITCHEN ROAD,,Non-Injury Crash,Yes,2006,0,North,0,0,0,Hill Road,0,Christmas New Year,0,,0,Overcast,6800,0,0,0,2,0,0,0,0,0,,0,0,Northland Region,Nil,2-way,Sealed,0,0,0,0,100,0,None,0,0,,1,Far North District,Nil,0,0,0,1,0,0,Open,0,0,0,Light rain,Null
1743059,5918456,29805,,513220,0,0,0,2,0,South,2005/2006,MUNROE ROAD,METCALFE ROAD,,Serious Crash,No,2006,0,North,0,0,0,Flat,0,,0,,0,Bright sun,236607,0,0,0,2,0,0,0,0,1,,0,0,Auckland Region,Nil,2-way,Sealed,0,0,1,0,50,0,Off,0,0,,76,Auckland,Nil,0,0,0,0,0,0,Urban,0,0,0,Fine,Null
1947598,5667602,29806,55,545301,0,,0,0,,South,2005/2006,SH 2,HALIBURTON ROAD,,Minor Crash,Yes,2006,,West,,0,,Hill Road,,,,,,Twilight,1392800,2,0,0,2,,,0,,,,,,Hawke's Bay Region,Nil,2-way,Sealed,,0,0,,100,,None,1,0,,29,Wairoa District,Nil,,,,,0,0,Open,0,,,Light rain,Null
1769579,5908417,29807,,523113,0,,0,3,,South,2005/2006,TE IRIRANGI DRIVE,ACCENT DRIVE,,Minor Crash,No,2006,,North,,0,,Flat,,,,,,Bright sun,711901,1,0,0,4,,,0,,,,,,Auckland Region,Nil,2-way,Sealed,,0,0,,80,,Null,0,0,,76,Auckland,Unknown,,,,,0,0,Open,0,,,Light rain,Null
1751605,5912626,29808,,514700,0,0,0,0,0,South,2005/2006,BLOCKHOUSE BAY ROAD,BOLTON ST,,Minor Crash,No,2006,0,South,0,0,0,Flat,0,,0,,0,Dark,370000,1,0,0,2,0,0,0,0,0,,0,0,Auckland Region,Nil,2-way,Sealed,0,0,0,0,50,0,On,1,0,,76,Auckland,Nil,0,0,0,1,0,0,Urban,0,0,0,Fine,Null
1754265,5918312,29809,,515432,0,,0,3,,East,2006/2007,SH 16,ST LUKES OFF WBD,,Non-Injury Crash,Yes,2006,,West,,0,,Flat,,,,,,Dark,406202,0,0,0,3,,,0,,,,,,Auckland Region,Nil,2-way,Sealed,,0,0,,80,,On,0,0,,76,Auckland,Nil,,,,,0,0,Open,0,,,Fine,Null
1839113,5662479,29810,35,541501,0,0,0,1,1,North,2005/2006,SH 1N,TREE TRUNK GORGE ROAD,,Minor Crash,Yes,2006,0,North,0,0,0,Hill Road,0,,0,,0,Overcast,1288900,2,0,0,2,0,0,0,0,0,,0,0,Waikato Region,Nil,2-way,Sealed,0,0,0,0,100,0,Null,0,0,,21,Taupo District,Unknown,0,0,0,0,0,0,Open,0,0,0,Light rain,Null
1748653,5913871,29811,,511302,0,0,0,1,0,Null,2005/2006,GREAT NORTH ROAD,FRUITVALE ROAD,,Minor Crash,No,2006,0,West,0,0,0,Flat,0,,1,,0,Overcast,269300,1,0,0,2,0,0,0,0,0,,0,0,Auckland Region,Nil,1-way,Sealed,0,0,0,0,50,0,Off,0,0,,76,Auckland,Give way,0,0,0,0,0,0,Urban,0,0,0,Fine,Null
1754529,5928493,29812,,508320,0,,0,1,,North,2006/2007,DIANA DRIVE,HILLSIDE ROAD,,Non-Injury Crash,No,2006,,North,,0,,Hill Road,,,,,,Overcast,198401,0,0,0,2,,,0,,,,,,Auckland Region,Nil,2-way,Sealed,,0,0,,50,,Off,1,0,,76,Auckland,Nil,,,,,0,0,Urban,0,,,Fine,Null
1756305,5926115,29813,,509702,0,,0,2,,North,2005/2006,COLLEGE ROAD,TONAR ST,,Non-Injury Crash,No,2006,,North,,0,,Flat,,,,,,Bright sun,364402,0,0,0,2,,,0,,,,,,Auckland Region,Nil,2-way,Sealed,,0,0,,50,,Off,0,0,,76,Auckland,Nil,,,,,0,0,Urban,0,,,Fine,Null
1756172,5924059,29814,70,509800,0,,0,2,,South,2007/2008,SH 1N,ONEWA OBR,,Non-Injury Crash,Yes,2007,,South,,0,,Flat,,,,,,Dark,361100,0,0,0,4,,,0,,,,,,Auckland Region,Nil,1-way,Sealed,,0,0,,80,,On,0,0,,76,Auckland,Nil,,,,,0,0,Open,0,,,Fine,Null
1243136,4847891,29815,,611700,0,0,0,2,0,East,2005/2006,JANET ST,CONON ST,,Minor Crash,No,2006,0,East,0,0,0,Flat,0,,0,,0,Dark,3112800,1,0,0,2,0,0,0,0,1,,0,0,Southland Region,Nil,2-way,Sealed,0,0,0,0,50,0,On,0,0,,75,Invercargill City,Unknown,0,0,0,0,0,0,Urban,0,0,0,Fine,Frost
1441395,5081736,29816,,600410,0,0,0,0,0,South,2006/2007,PAREORA GORGE ROAD,LIMESTONE ROAD,,Minor Crash,No,2006,0,South,1,0,0,Flat,0,,0,,0,Overcast,2824200,1,0,0,2,0,0,0,0,0,,0,0,Canterbury Region,Nil,2-way,Sealed,0,0,0,0,100,0,Null,1,0,,66,Waimate District,Unknown,0,1,0,0,0,0,Open,0,0,0,Fine,Null
1822963,5462363,29817,,578902,0,0,0,1,0,South,2005/2006,KURIPUNI ST,DIXON ST,,Minor Crash,No,2006,0,West,0,0,0,Flat,0,,0,,0,Dark,2233200,1,0,0,2,0,0,0,0,0,,0,0,Wellington Region,Nil,2-way,Sealed,0,0,0,0,50,0,On,0,0,,48,Masterton District,Nil,0,0,0,1,0,0,Urban,0,0,0,Fine,Null
1804200,5789266,29818,,531004,0,0,0,1,0,South,2005/2006,SH 3,BRIDGMAN ROAD,,Non-Injury Crash,Yes,2006,0,South,0,0,0,Flat,0,,0,,0,Bright sun,975404,0,0,0,2,0,0,0,0,1,,0,0,Waikato Region,Nil,2-way,Sealed,0,0,0,0,50,0,Null,0,0,,17,Waipa District,Unknown,0,0,0,0,0,0,Urban,1,0,0,Fine,Null
1737478,5920023,29819,,513702,0,0,0,1,0,South,2005/2006,ANZAC VALLEY ROAD,BETHELLS ROAD,,Non-Injury Crash,No,2006,0,South,0,0,0,Flat,0,Easter,0,,0,Dark,237207,0,0,0,1,0,0,0,0,0,,0,1,Auckland Region,Nil,2-way,Sealed,0,0,0,0,80,0,Off,0,0,,76,Auckland,Nil,0,0,0,0,0,0,Open,0,0,0,Fine,Null
1753531,5930499,29820,,508803,0,,0,2,,Null,2005/2006,CARIBBEAN DRIVE,MANDEVILLE PLACE,,Non-Injury Crash,No,2006,,North,,0,,Flat,,,,,,Bright sun,180832,0,0,0,2,,,0,,,,,,Auckland Region,Nil,2-way,Sealed,,0,0,,50,,None,0,0,,76,Auckland,Nil,,,,,0,0,Urban,0,,,Heavy rain,Strong wind
1766673,5904669,29821,,524603,0,,0,1,,West,2006/2007,CAVENDISH DRIVE,LAMBIE DRIVE,,Non-Injury Crash,No,2006,,North,,0,,Flat,,,,,,Overcast,780202,0,0,0,3,,,0,,,,,,Auckland Region,Nil,2-way,Sealed,,0,0,,50,,Off,0,0,,76,Auckland,Give way,,,,,0,0,Urban,1,,,Light rain,Null
1925141,5637534,29822,55,545811,0,0,0,1,0,East,2006/2007,SH 5,GLENLANDS STN ENT,,Minor Crash,Yes,2006,0,North,0,0,0,Hill Road,1,,0,,0,Bright sun,1414700,1,0,0,3,0,0,0,1,0,,0,0,Hawke's Bay Region,Nil,2-way,Sealed,0,0,0,0,100,0,Null,0,0,,30,Hastings District,Nil,0,0,0,0,0,0,Open,0,0,0,Fine,Null
1575282,5182369,29823,,593000,0,,0,1,,Null,2005/2006,WAINONI ROAD,BREEZES ROAD,,Minor Crash,No,2006,,East,,0,,Flat,,,,,,Overcast,2569400,1,0,0,2,,,0,,,1,,,Canterbury Region,Nil,2-way,Sealed,,0,0,,50,,Null,0,0,,60,Christchurch City,Traffic Signals,,,,,0,0,Urban,0,,,Fine,Null
1802199,5813940,29824,,530300,0,,0,2,,Null,2005/2006,GREY ST,NAYLOR ST,,Minor Crash,No,2006,,North,,0,,Flat,,,,,,Dark,881600,1,0,0,2,,,0,,,,,,Waikato Region,Nil,2-way,Sealed,,0,0,,50,,On,0,0,,16,Hamilton City,Give way,,,,,0,0,Urban,0,,,Fine,Null
1758244,5916571,29825,,519200,0,,0,2,,Null,2005/2006,MANUKAU ROAD,EPSOM AVENUE,,Non-Injury Crash,No,2006,,North,,0,,Flat,,,,,,Twilight,614702,0,0,0,4,,,0,,,,,,Auckland Region,Nil,2-way,Sealed,,0,0,,50,,On,0,0,,76,Auckland,Give way,,,,,0,0,Urban,0,,,Fine,Null
1752250,5933805,29826,,508701,0,,0,2,,Null,2006/2007,COLISEUM DRIVE,DON MCKINNON DRIVE,,Non-Injury Crash,No,2006,,North,,0,,Flat,,,,,,Overcast,178900,0,0,0,4,,,0,,,,,,Auckland Region,Nil,2-way,Sealed,,0,0,,50,,Off,0,0,,76,Auckland,Give way,,,,,0,0,Urban,0,,,Fine,Null
1598919,5448489,29827,,584301,0,0,0,1,0,West,2005/2006,WHAKAREWA ST,PAMARIKA ST,,Non-Injury Crash,No,2006,0,East,0,0,1,Flat,0,,0,,0,Bright sun,2370602,0,0,0,2,0,0,0,0,0,,0,1,Tasman Region,Nil,2-way,Sealed,0,0,0,0,50,0,Null,0,0,,51,Tasman District,Nil,0,0,0,0,0,0,Urban,0,0,0,Fine,Null
1757436,5921095,29828,,514101,1,,1,0,,West,2005/2006,QUAY ST,LOWER ALBERT ST,,Minor Crash,No,2006,,West,,0,,Flat,,,,,,Bright sun,432800,1,0,0,2,,,0,,,,,,Auckland Region,Nil,2-way,Sealed,,0,0,,50,,Null,0,0,,76,Auckland,Unknown,,,,,0,0,Urban,0,,,Fine,Null
1756310,5913736,29829,,518500,0,,0,2,,Null,2005/2006,MOUNT ALBERT ROAD,DORNWELL ROAD,,Non-Injury Crash,No,2006,,West,,0,,Flat,,,,,,Dark,563800,0,0,0,2,,,0,,,,,,Auckland Region,Nil,2-way,Sealed,,0,0,,50,,On,0,0,,76,Auckland,Give way,,,,,0,0,Urban,0,,,Fine,Null
1796942,5819715,29830,,528403,0,,0,2,,West,2005/2006,TE RAPA ROAD,WAIRERE DRIVE,,Non-Injury Crash,No,2006,,East,,0,,Flat,,,,,,Overcast,907401,0,0,0,2,,,0,,,,,,Waikato Region,Bridge,2-way,Sealed,,0,0,,80,,Null,0,0,,16,Hamilton City,Unknown,,,,,0,0,Open,0,,,Heavy rain,Null
1748505,5947368,29831,,506201,0,0,0,1,0,North,2005/2006,SH 1N,SILVERDALE OBR,,Non-Injury Crash,Yes,2006,0,North,0,0,0,Hill Road,1,,0,,0,Overcast,176603,0,0,0,4,0,0,0,0,0,,0,0,Auckland Region,Nil,2-way,Sealed,0,0,0,0,100,0,None,0,0,,76,Auckland,Nil,0,0,0,0,0,0,Open,0,0,0,Fine,Null
1752400,5916048,29832,,517902,0,0,0,1,0,South,2006/2007,NEW NORTH ROAD,RICHARDSON ROAD,,Minor Crash,No,2006,0,South,0,0,0,Flat,0,,0,,0,Dark,520700,1,0,0,4,0,0,0,0,0,,0,0,Auckland Region,Nil,2-way,Sealed,0,0,0,0,50,0,On,0,0,,76,Auckland,Traffic Signals,0,1,0,0,0,0,Urban,0,0,0,Fine,Null
1691930,6032129,29833,,504502,0,0,0,1,1,South,2006/2007,PARADISE ROAD E,SH 14,,Non-Injury Crash,No,2006,0,South,0,0,0,Flat,0,,0,,0,Bright sun,120800,0,0,0,2,0,0,0,0,0,,0,0,Northland Region,Nil,2-way,Unsealed,0,0,0,0,100,0,None,0,0,,3,Kaipara District,Nil,0,0,0,0,0,0,Open,0,0,0,Fine,Null
1759890,5916111,29834,,516002,0,,1,1,,North,2006/2007,SH 1N,GREENLANE INT,,Non-Injury Crash,Yes,2006,,South,,0,,Flat,,,,,,Dark,492100,0,0,0,3,,,0,,,,,,Auckland Region,Nil,1-way,Sealed,,0,0,,100,,On,0,0,,76,Auckland,Nil,,,,,0,0,Open,0,,,Fine,Null
1801562,5815949,29835,,530100,0,,0,1,,Null,2005/2006,GREY ST,CLAUDELANDS ROAD,,Non-Injury Crash,No,2006,,East,,0,,Flat,,,,,,Dark,895100,0,0,0,2,,,0,,,,,,Waikato Region,Nil,2-way,Sealed,,0,0,,50,,On,1,0,,16,Hamilton City,Traffic Signals,,,,,0,0,Urban,0,,,Fine,Null
1746430,5919063,29836,,512401,0,,0,1,,East,2005/2006,VODANOVICH ROAD,MACKENZIE ST,,Minor Crash,No,2006,,West,,0,,Flat,,,,,,Overcast,255200,1,0,0,2,,,0,,,,,,Auckland Region,Nil,2-way,Sealed,,0,0,,50,,Null,0,0,,76,Auckland,Unknown,,,,,0,0,Urban,1,,,Fine,Null
1815924,5803575,29837,,527502,0,0,0,1,0,West,2005/2006,SH 1N,VOGEL ST,,Minor Crash,Yes,2006,0,East,1,0,0,Flat,0,,0,,0,Bright sun,964100,1,0,0,3,0,0,0,0,0,,0,0,Waikato Region,Nil,2-way,Sealed,0,0,0,0,100,0,Null,0,0,,17,Waipa District,Unknown,0,0,0,0,0,0,Open,0,0,0,Fine,Null
1770712,5900616,29838,,523817,0,,0,2,,Null,2005/2006,NEARCO ST,HYPERION DRIVE,,Non-Injury Crash,No,2006,,North,,0,,Flat,,,,,,Overcast,759719,0,0,0,2,,,0,,,,,,Auckland Region,Nil,2-way,Sealed,,0,0,,50,,Off,0,0,,76,Auckland,Nil,,,,,0,0,Urban,0,,,Fine,Null
1747987,5963330,29839,,506613,0,0,0,1,1,South,2006/2007,SH 1N,COWAN BAY ROAD,,Non-Injury Crash,Yes,2006,0,South,0,0,0,Hill Road,0,,0,,0,Bright sun,147107,0,0,0,2,0,0,0,0,0,,0,0,Auckland Region,Nil,2-way,Sealed,0,0,0,0,100,0,None,0,0,,76,Auckland,Nil,0,0,0,0,1,0,Open,0,0,0,Fine,Null
1850414,5857430,29840,,534400,0,,0,0,,Null,2006/2007,SH 2,ORCHARD ROAD,,Non-Injury Crash,Yes,2006,,North,,0,,Flat,,,,,,Twilight,1077800,0,0,0,2,,,0,,,,,,Waikato Region,Nil,2-way,Sealed,,0,0,,70,,On,0,0,,12,Hauraki District,Give way,,,,,0,0,Urban,2,,,Mist or Fog,Null
1767023,5904768,29841,,524603,0,0,0,2,0,North,2005/2006,JACK CONWAY AVENUE,CAVENDISH DRIVE,,Minor Crash,No,2006,0,North,0,0,0,Flat,0,,0,,0,Dark,780205,1,0,0,2,0,0,0,0,0,,0,1,Auckland Region,Nil,2-way,Sealed,0,0,0,0,50,0,On,0,0,,76,Auckland,Nil,0,1,0,1,0,0,Urban,0,0,0,Light rain,Null
1773033,5895621,29842,,525410,0,,0,2,,Null,2006/2007,OPAHEKE ROAD,SETTLEMENT ROAD,,Non-Injury Crash,No,2006,,South,,0,,Flat,,,,,,Overcast,793400,0,0,0,2,,,0,,,,,,Auckland Region,Nil,2-way,Sealed,,0,0,,50,,Off,0,0,,76,Auckland,Stop,,,,,0,0,Urban,0,,,Fine,Null
1730183,5996007,29843,,504900,0,,0,2,,South,2005/2006,SH 1N,SETTLEMENT ROAD,,Minor Crash,Yes,2006,,North,,0,,Hill Road,,,,,,Bright sun,134500,1,0,0,3,,,0,,,,,,Northland Region,Nil,2-way,Sealed,,0,0,,70,,Off,0,0,,3,Kaipara District,Nil,,,,,0,0,Urban,0,,,Fine,Null
1423780,5117280,29844,,600323,0,0,0,1,0,South,2006/2007,SH 8,OLDFIELD ROAD,,Minor Crash,Yes,2006,0,South,0,0,1,Flat,0,,0,,0,Bright sun,2805901,2,0,0,2,0,0,0,0,0,,0,0,Canterbury Region,Nil,2-way,Sealed,0,0,0,0,100,0,Null,1,0,,65,Mackenzie District,Unknown,0,0,0,0,0,0,Open,0,0,0,Fine,Null