X,Y,OBJECTID,advisorySpeed,areaUnitID,bicycle,bridge,bus,carStationWagon,cliffBank,crashDirectionDescription,crashFinancialYear,crashLocation1,crashLocation2,crashRoadSideRoad,crashSeverity,crashSHDescription,crashYear,debris,directionRoleDescription,ditch,fatalCount,fence,flatHill,guardRail,holiday,houseOrBuilding,intersection,kerb,light,meshblockId,minorInjuryCount,moped,motorcycle,NumberOfLanes,objectThrownOrDropped,otherObject,otherVehicleType,overBank,parkedVehicle,pedestrian,phoneBoxEtc,postOrPole,region,roadCharacter,roadLane,roadSurface,roadworks,schoolBus,seriousInjuryCount,slipOrFlood,speedLimit,strayAnimal,streetLight,suv,taxi,temporarySpeedLimit,tlaId,tlaName,trafficControl,trafficIsland,trafficSign,train,tree,truck,unknownVehicleType,urban,vanOrUtility,vehicle,waterRiver,weatherA,weatherB
2038344,5709321,29845,,544500,0,0,0,0,0,Null,2006/2007,WAITEATA ST,SUNVALE CRESCENT,,Minor Crash,No,2006,0,West,1,0,0,Flat,0,,0,,0,Overcast,1381000,1,0,0,2,0,0,0,0,0,,0,0,Gisborne Region,Nil,2-way,Sealed,0,0,0,0,50,0,Null,1,0,,28,Gisborne District,Give way,0,0,0,0,0,0,Urban,0,0,1,Fine,Null
1755206,5919066,29846,,515410,0,0,0,2,0,North,2006/2007,GROSVENOR ST,WILLIAMSON AVENUE,,Non-Injury Crash,No,2006,0,East,0,0,0,Flat,0,,0,,0,Overcast,408100,0,0,0,1,0,0,0,0,1,,0,0,Auckland Region,Nil,2-way,Sealed,0,0,0,0,50,0,Off,0,0,,76,Auckland,Nil,0,0,0,0,0,0,Urban,0,0,0,Fine,Null
1691748,5674466,29847,,551700,0,0,0,1,0,East,2005/2006,CLAWTON ST,TRELAWNEY CRESCENT,,Minor Crash,No,2006,0,West,0,0,0,Flat,1,,0,,0,Twilight,1575801,3,0,0,2,0,0,0,0,0,,0,0,Taranaki Region,Nil,2-way,Sealed,0,0,0,0,50,0,Off,0,0,,33,New Plymouth District,Nil,0,0,0,0,0,0,Urban,0,0,0,Fine,Null
1755895,5935257,29848,,507101,0,,0,1,,Null,2005/2006,INVERNESS ROAD,GLEN ROAD,,Non-Injury Crash,No,2006,,East,,0,,Flat,,,,,,Bright sun,161000,0,0,0,2,,,0,,,,,,Auckland Region,Nil,2-way,Sealed,,0,0,,50,,Off,1,0,,76,Auckland,Stop,,,,,0,0,Urban,0,,,Fine,Null
1891714,5821414,29849,,536201,0,0,0,2,0,East,2005/2006,BLAKE BOULEVARD,DALTON DRIVE,,Non-Injury Crash,No,2006,0,West,0,0,0,Flat,0,Christmas New Year,0,,0,Dark,1206833,0,0,0,2,0,0,0,0,1,,0,0,Bay of Plenty Region,Nil,2-way,Sealed,0,0,0,0,50,0,On,0,0,,23,Tauranga City,Unknown,0,0,0,0,0,0,Urban,0,0,0,Fine,Null
1761878,5436421,29850,,568502,0,,0,0,,North,2005/2006,CAMBRIDGE TERRACE,HAMPTON COURT,,Non-Injury Crash,No,2006,,North,,0,,Flat,,,,,,Overcast,1952100,0,0,0,2,,,0,,,,,,Wellington Region,Nil,2-way,Sealed,,0,0,,50,,Null,1,0,,46,Lower Hutt City,Nil,,,,,0,0,Urban,1,,,Fine,Null
1572555,5180803,29851,,593400,0,,0,2,,Null,2006/2007,AVONSIDE DRIVE,LINWOOD AVENUE,,Minor Crash,No,2006,,East,,0,,Flat,,,,,,Overcast,2614604,2,0,0,3,,,0,,,,,,Canterbury Region,Nil,2-way,Sealed,,0,0,,50,,Null,0,0,,60,Christchurch City,Give way,,,,,0,0,Urban,0,,,Light rain,Null
1755705,5928613,29852,,508320,0,,0,2,,South,2005/2006,SH 1N,TRISTRAM OFF NBD,,Non-Injury Crash,Yes,2006,,North,,0,,Flat,,,,,,Dark,198500,0,0,0,4,,,0,,,,,,Auckland Region,Nil,1-way,Sealed,,0,0,,100,,On,0,0,,76,Auckland,Nil,,,,,0,0,Open,0,,,Fine,Null
1564392,5171091,29853,,587904,0,,0,1,,South,2006/2007,SH 75,LEADLEYS ROAD,,Serious Crash,Yes,2006,,South,,0,,Flat,,,,,,Bright sun,2501200,0,0,0,2,,,0,,,,,,Canterbury Region,Nil,2-way,Sealed,,0,2,,100,,Null,0,0,,62,Selwyn District,Unknown,,,,,0,0,Open,0,,,Fine,Null
1762938,5912178,29854,,519500,0,0,0,2,0,Null,2007/2008,GREAT SOUTH ROAD,SOUTHDOWN LANE,,Non-Injury Crash,No,2007,0,East,0,0,0,Flat,0,,0,,0,Overcast,622800,0,0,0,2,0,0,0,0,0,,0,0,Auckland Region,Nil,2-way,Sealed,0,0,0,0,50,0,Off,0,0,,76,Auckland,Stop,0,0,0,0,0,0,Urban,0,1,0,Light rain,Null
1766874,5442919,29855,,569600,0,0,0,4,0,West,2005/2006,SH 2,WESTERN HUTT OFF NBD,,Minor Crash,Yes,2006,0,East,0,0,0,Flat,3,,0,,0,Overcast,1916500,1,0,0,2,0,0,0,0,0,,0,0,Wellington Region,Nil,1-way,Sealed,0,0,0,0,100,0,Null,0,0,,46,Lower Hutt City,Nil,0,0,0,0,1,0,Open,0,0,0,Fine,Null
1757542,5926215,29856,,507900,0,,0,2,,Null,2006/2007,ESMONDE OFF NBD,BARRYS POINT ROAD,,Non-Injury Crash,Yes,2006,,East,,0,,Flat,,,,,,Dark,304200,0,0,0,4,,,0,,,,,,,Nil,2-way,Sealed,,0,0,,50,,On,0,0,,76,Auckland,Traffic Signals,,,,,0,0,Urban,0,,,Fine,Null
1763935,5439775,29857,,568202,0,0,0,2,0,South,2005/2006,COMPTON CRESCENT,PIKE ST,,Minor Crash,No,2006,0,South,0,0,0,Flat,0,,0,,0,Bright sun,1939300,1,0,0,2,0,0,0,0,1,,0,0,Wellington Region,Nil,2-way,Sealed,0,0,0,0,50,0,Null,0,0,,46,Lower Hutt City,Nil,0,0,0,0,0,0,Urban,0,0,0,Fine,Null
1756139,5918268,29858,,517500,0,0,0,2,0,East,2005/2006,NEW NORTH ROAD,MOSTYN ST,,Non-Injury Crash,No,2006,0,East,0,0,0,Flat,0,,0,,0,Bright sun,529400,0,0,0,2,0,0,0,0,1,,0,0,Auckland Region,Nil,2-way,Sealed,0,0,0,0,50,0,None,0,0,,76,Auckland,Nil,0,0,0,0,0,0,Urban,0,0,0,Fine,Null
1878169,5822515,29859,,538102,0,,0,2,,South,2005/2006,CAMERON ROAD,FOURTEENTH AVENUE,,Non-Injury Crash,No,2006,,South,,0,,Flat,,,,,,Twilight,1167700,0,0,0,4,,,0,,,,,,Bay of Plenty Region,Nil,2-way,Sealed,,0,0,,50,,Off,0,0,,23,Tauranga City,Traffic Signals,,,,,0,0,Urban,0,,,Fine,Null
1800379,5812167,29860,,529200,0,0,0,1,0,East,2006/2007,MOUNT VIEW ROAD,PRISK ST,,Minor Crash,No,2006,0,West,0,0,1,Flat,0,,0,,1,Bright sun,929300,2,0,0,2,0,0,0,0,0,1,0,0,Waikato Region,Nil,2-way,Sealed,0,0,0,0,50,0,Off,0,0,,16,Hamilton City,Nil,0,0,0,1,0,0,Urban,0,0,0,Fine,Null
1803317,5815326,29861,,530500,1,,0,1,,Null,2005/2006,BEAUMONT ST,CAMERON ROAD,,Non-Injury Crash,No,2006,,North,,0,,Flat,,,,,,Dark,890300,0,0,0,2,,,0,,,,,,Waikato Region,Nil,2-way,Sealed,,0,0,,50,,On,0,0,,16,Hamilton City,Give way,,,,,0,0,Urban,0,,,Fine,Null
1768505,5900895,29862,,525001,0,,0,2,,Null,2005/2006,LUPTON ROAD,SELWYN ROAD,,Non-Injury Crash,No,2006,,East,,0,,Flat,,,,,,Bright sun,752100,0,0,0,2,,,0,,,,,,Auckland Region,Nil,2-way,Sealed,,0,0,,50,,Off,0,0,,76,Auckland,Give way,,,,,0,0,Urban,0,,,Fine,Null
1818048,5802990,29863,,527503,0,,0,3,,East,2005/2006,TIRAU ROAD,SHAKESPEARE ST,,Minor Crash,No,2006,,West,,0,,Flat,,,,,,Bright sun,963100,1,0,0,2,,,0,,,,,,Waikato Region,Nil,2-way,Sealed,,0,0,,80,,Null,0,0,,17,Waipa District,Unknown,,,,,0,0,Open,0,,,Fine,Null
1802876,5814125,29864,,530300,0,0,0,1,0,East,2005/2006,NAYLOR ST,GALLOWAY ST,,Non-Injury Crash,No,2006,0,West,0,0,1,Flat,0,,1,,1,Dark,882900,0,0,0,2,0,0,0,0,0,,0,0,Waikato Region,Nil,2-way,Sealed,0,0,0,0,50,0,On,0,0,,16,Hamilton City,Unknown,0,0,0,0,0,0,Urban,0,0,0,Fine,Null
1791919,5780286,29865,55,531301,0,0,0,0,1,South,2005/2006,SH 31,TIHIROA ROAD,,Non-Injury Crash,Yes,2006,0,North,0,0,0,Hill Road,0,,0,,0,Bright sun,994900,0,0,0,2,0,0,0,0,0,,0,0,Waikato Region,Nil,2-way,Sealed,0,0,0,0,100,0,Null,0,0,,18,Ōtorohanga District,Unknown,0,1,0,0,1,0,Open,0,0,0,Fine,Null
1862800,5751540,29866,,535262,0,,0,2,,Null,2006/2007,SH 1N,SH 30 N,,Minor Crash,Yes,2006,,South,,0,,Flat,,Christmas New Year,,,,Bright sun,1151902,4,0,0,3,,,0,,,,,,Waikato Region,Nil,2-way,Sealed,,0,0,,100,,Off,0,0,,19,South Waikato District,Give way,,,,,0,0,Open,0,,,Fine,Null
1761877,5906689,29867,,524520,0,,0,1,,Null,2006/2007,MASSEY ROAD,ROBERTSON ROAD,,Minor Crash,No,2006,,East,,0,,Flat,,,,,,Bright sun,735400,1,0,0,2,,,0,,,1,,,Auckland Region,Nil,2-way,Sealed,,0,0,,50,,Off,0,0,,76,Auckland,Traffic Signals,,,,,0,0,Urban,0,,,Fine,Null
1826038,5886410,29868,,533502,0,,0,2,,Null,2005/2006,MACKAY ST,RICHMOND ST,,Non-Injury Crash,No,2006,,East,,0,,Flat,,,,,,Twilight,1053000,0,0,0,2,,,0,,,,,,Waikato Region,Nil,2-way,Sealed,,0,0,,50,,Off,0,0,,11,Thames-Coromandel District,Give way,,,,,0,0,Urban,0,,,Fine,Null
1765104,5909971,29869,,521802,0,,0,2,,North,2005/2006,SH 1N,OTAHUHU OFF NBD,,Non-Injury Crash,Yes,2006,,North,,0,,Flat,,,,,,Dark,788201,0,0,0,4,,,0,,,,,,Auckland Region,Nil,1-way,Sealed,,0,0,,100,,On,0,0,,76,Auckland,Nil,,,,,0,0,Open,0,,,Light rain,Null
1922614,5777134,29870,,542600,0,0,0,0,0,Null,2006/2007,PETER LIPPA DRIVE,HADLEY ST,,Serious Crash,No,2006,0,South,0,0,1,Flat,0,,0,,0,Overcast,1326105,0,0,1,2,0,0,0,0,0,,0,0,Bay of Plenty Region,Nil,2-way,Sealed,0,0,1,0,50,0,Off,0,0,,26,Kawerau District,Nil,0,0,0,0,0,0,Urban,0,0,0,Fine,Null
1753442,5860866,29871,,526701,0,0,0,0,0,North,2005/2006,TUAKAU BRIDGE-PORT WAIKAT,MAUNSELL ROAD,,Minor Crash,No,2006,0,East,0,0,0,Flat,0,,0,,0,Dark,846000,1,0,0,2,0,0,0,1,0,,0,0,Waikato Region,Nil,2-way,Sealed,0,0,0,0,100,0,None,1,0,,13,Waikato District,Nil,0,0,0,0,0,0,Open,0,0,1,Fine,Null
1684536,6013420,29872,,504502,0,0,0,1,0,South,2005/2006,SH 12,MITITAI ROAD,,Non-Injury Crash,Yes,2006,0,South,0,0,0,Flat,0,,0,,0,Dark,122600,0,0,0,2,0,0,0,0,0,,0,0,Northland Region,Nil,2-way,Sealed,0,0,0,0,100,0,None,0,0,,3,Kaipara District,Nil,0,0,0,0,0,0,Open,0,0,0,Fine,Null
1799501,5819694,29873,,529401,0,,0,2,,North,2007/2008,RIVER ROAD,GLEN LYNNE AVENUE,,Non-Injury Crash,No,2007,,South,,0,,Flat,,,,,,Bright sun,878900,0,0,0,2,,,0,,,,,,Waikato Region,Nil,2-way,Sealed,,0,0,,50,,Off,0,0,,16,Hamilton City,Nil,,,,,0,0,Urban,0,,,Fine,Null
1719805,6047754,29874,,502700,0,,0,1,,Null,2005/2006,ELIZABETH ST,MERCER ST,,Minor Crash,No,2006,,West,,0,,Flat,,,,,,Dark,91600,1,0,1,2,,,0,,,,,,Northland Region,Nil,2-way,Sealed,,0,0,,50,,On,0,0,,2,Whangarei District,Give way,,,,,0,0,Urban,0,,,Fine,Null
1763325,5917669,29875,,516302,0,0,0,3,0,Null,2005/2006,ST JOHNS ROAD,DORCHESTER ST,,Serious Crash,No,2006,0,West,0,0,1,Hill Road,0,,0,,0,Dark,462811,0,0,0,2,0,0,0,0,2,,0,0,Auckland Region,Nil,2-way,Sealed,0,0,2,0,50,0,On,0,0,,76,Auckland,Nil,0,0,0,0,0,0,Urban,0,0,0,Fine,Null
1756013,5923092,29876,,509800,0,,0,1,,South,2005/2006,SH 1N,ONEWA OBR,,Non-Injury Crash,Yes,2006,,South,,0,,Hill Road,,,,,,Bright sun,359300,0,0,0,3,,,0,,,,,,Auckland Region,Bridge,2-way,Sealed,,0,0,,80,,Off,0,0,,76,Auckland,Nil,,,,,1,0,Open,0,,,Fine,Null
1878922,5819228,29877,,537900,0,,0,1,,North,2005/2006,OHAUITI ROAD,HARRISFIELD DRIVE,,Minor Crash,No,2006,,South,,0,,Flat,,,,,,Bright sun,1179506,1,0,0,2,,,0,,,1,,,Bay of Plenty Region,Nil,2-way,Sealed,,0,0,,50,,Off,0,0,,23,Tauranga City,Nil,,,,,0,0,Urban,0,,,Fine,Null
1752237,5925214,29878,,510401,0,,0,2,,North,2007/2008,WAIPA ST,VERBENA ROAD,,Non-Injury Crash,No,2007,,North,,0,,Hill Road,,,,,,Overcast,353700,0,0,0,2,,,0,,,,,,Auckland Region,Nil,2-way,Sealed,,0,0,,50,,Off,0,0,,76,Auckland,Nil,,,,,0,0,Urban,0,,,Fine,Null
1771159,5445609,29879,75,567500,0,,0,1,,Null,2006/2007,SH 2,MOONSHINE ROAD,,Fatal Crash,Yes,2006,,West,,2,,Flat,,,,,,Bright sun,1888200,0,0,0,2,,,0,,,,,,Wellington Region,Nil,2-way,Sealed,,0,0,,100,,Null,0,0,,45,Upper Hutt City,Stop,,,,,1,0,Open,0,,,Fine,Null
1755110,5930121,29880,,508420,0,,0,2,,North,2005/2006,SH 1N,SUNNYNOOK OBR,,Minor Crash,Yes,2006,,North,,0,,Flat,,,,,,Dark,182100,1,0,0,3,,,0,,,,,,Auckland Region,Nil,2-way,Sealed,,0,0,,100,,On,0,0,,76,Auckland,Nil,,,,,0,0,Open,0,,,Light rain,Null
1751565,5915247,29881,,514401,0,,0,2,,Null,2005/2006,NEW NORTH ROAD,BLOCKHOUSE BAY ROAD,,Non-Injury Crash,No,2006,,West,,0,,Hill Road,,,,,,Dark,382600,0,0,0,6,,,0,,,,,,Auckland Region,Nil,2-way,Sealed,,0,0,,50,,On,0,0,,76,Auckland,Traffic Signals,,,,,0,0,Urban,0,,,Heavy rain,Strong wind
1757174,5919844,29882,,514103,0,,0,1,,South,2006/2007,QUEEN ST,MAYORAL DRIVE,,Minor Crash,No,2006,,North,,0,,Hill Road,,,,,,Twilight,436100,1,0,0,3,,,0,,,1,,,Auckland Region,Nil,2-way,Sealed,,0,0,,50,,Off,0,0,,76,Auckland,Traffic Signals,,,,,0,0,Urban,0,,,Fine,Null
1763494,5910651,29883,,520500,0,,0,2,,Null,2005/2006,PORTAGE ROAD,GREAT SOUTH ROAD,,Non-Injury Crash,No,2006,,West,,0,,Flat,,,,,,Bright sun,637801,0,0,0,4,,,0,,,,,,Auckland Region,Nil,2-way,Sealed,,0,0,,50,,Off,0,0,,76,Auckland,Traffic Signals,,,,,0,0,Urban,0,,,Fine,Null
1821747,5528967,29884,,563000,0,,0,3,,Null,2005/2006,LINTON ST,FERGUSON ST,,Minor Crash,No,2006,,South,,0,,Flat,,,,,,Bright sun,1809000,1,0,0,2,,,0,,,,,,Manawatū-Whanganui Region,Nil,2-way,Sealed,,0,0,,50,,Null,0,0,,40,Palmerston North City,Give way,,,,,0,0,Urban,0,,,Fine,Null
1947470,5792199,29885,,542511,0,,0,2,,Null,2005/2006,SH 30,MILL ROAD,,Non-Injury Crash,Yes,2006,,West,,0,,Flat,,,,,,Bright sun,1297905,0,0,0,3,,,0,,,,,,Bay of Plenty Region,Nil,2-way,Sealed,,0,0,,100,,Null,0,0,,25,Whakatane District,Give way,,,,,0,0,Open,0,,,Fine,Null
1749878,5914633,29886,,511303,0,,0,2,,Null,2005/2006,RATA ST,BINSTED ROAD,,Non-Injury Crash,No,2006,,South,,0,,Flat,,,,,,Dark,266600,0,0,0,4,,,0,,,,,,Auckland Region,Nil,2-way,Sealed,,0,0,,50,,On,0,0,,76,Auckland,Traffic Signals,,,,,0,0,Urban,0,,,Fine,Null
1745389,5920394,29887,,513301,0,,0,2,,North,2005/2006,LINCOLN ROAD,CENTRAL PARK DRIVE,,Non-Injury Crash,No,2006,,North,,0,,Flat,,,,,,Bright sun,230301,0,0,0,4,,,0,,,,,,Auckland Region,Nil,2-way,Sealed,,0,0,,50,,Off,0,0,,76,Auckland,Nil,,,,,0,0,Urban,0,,,Fine,Null
1759072,5916905,29888,,516001,0,,0,1,,North,2005/2006,SH 1N,MARKET OBR,,Non-Injury Crash,Yes,2006,,North,,0,,Flat,,,,,,Dark,491200,0,0,0,3,,,0,,,,,,Auckland Region,Nil,1-way,Sealed,,0,0,,100,,On,0,0,,76,Auckland,Nil,,,,,1,0,Open,0,,,Fine,Null
1752897,5915423,29889,,517903,0,,0,1,,Null,2005/2006,RICHARDSON ROAD,OWAIRAKA AVENUE,,Minor Crash,No,2006,,South,,0,,Flat,,,,,,Bright sun,518200,1,0,1,2,,,0,,,,,,Auckland Region,Nil,2-way,Sealed,,0,0,,50,,Off,0,0,,76,Auckland,Give way,,,,,0,0,Urban,0,,,Fine,Null
1822351,5529613,29890,,562800,0,,0,2,,North,2006/2007,CHURCH ST,PRINCESS ST,,Minor Crash,No,2006,,West,,0,,Flat,,,,,,Bright sun,1829700,1,0,0,2,,,0,,,,,,Manawatū-Whanganui Region,Nil,2-way,Sealed,,0,0,,50,,Null,0,0,,40,Palmerston North City,Nil,,,,,0,0,Urban,0,,,Fine,Null
1796732,5816179,29891,,528504,0,0,0,1,0,East,2005/2006,ENFIELD ST,TAMAR PLACE,,Non-Injury Crash,No,2006,0,East,0,0,1,Flat,0,,0,,0,Dark,905404,0,0,0,2,0,0,0,0,0,,0,0,Waikato Region,Nil,2-way,Sealed,0,0,0,0,50,0,On,0,0,,16,Hamilton City,Nil,0,0,0,0,0,0,Urban,0,0,0,Light rain,Null
1757262,5918915,29892,,514301,0,0,0,1,0,North,2006/2007,SH 1N,GRAFTON OBR,,Non-Injury Crash,Yes,2006,0,North,0,0,0,Flat,1,,0,,0,Dark,441300,0,0,0,3,0,0,0,0,0,,0,0,Auckland Region,Nil,1-way,Sealed,0,0,0,0,80,0,On,0,0,,76,Auckland,Nil,0,0,0,0,0,0,Open,0,0,0,Fine,Null
1758422,5910021,29893,,524002,0,0,0,1,0,Null,2005/2006,CHURCH ROAD,WALLACE ROAD,,Minor Crash,No,2006,0,West,0,0,1,Flat,0,,1,,0,Bright sun,722800,1,0,0,2,0,0,0,0,1,,0,0,Auckland Region,Nil,2-way,Sealed,0,0,0,0,50,0,Null,0,0,,76,Auckland,Nil,0,0,0,0,0,0,Urban,1,0,0,Fine,Null
1753415,5933243,29894,,508804,0,,0,2,,Null,2005/2006,GREVILLE ROAD,GREVILLE ON SBD,,Non-Injury Crash,No,2006,,West,,0,,Flat,,,,,,Bright sun,180605,0,0,0,4,,,0,,,,,,Auckland Region,Nil,2-way,Sealed,,0,0,,50,,Null,0,0,,76,Auckland,Give way,,,,,0,0,Urban,0,,,Fine,Null
1765066,5902862,29895,,524604,0,,0,2,,Null,2006/2007,ROSCOMMON ROAD,WIRI STATION ROAD N,,Non-Injury Crash,No,2006,,South,,0,,Flat,,,,,,Bright sun,781302,0,0,0,2,,,0,,,,,,Auckland Region,Nil,2-way,Sealed,,0,0,,50,,None,0,0,,76,Auckland,Traffic Signals,,,,,0,0,Urban,0,,,Fine,Null
1826182,5886651,29896,,533502,0,,0,2,,South,2005/2006,ROLLESTON ST,SEALEY ST,,Minor Crash,No,2006,,North,,0,,Flat,,,,,,Bright sun,1052700,1,0,0,2,,,0,,,,,,Waikato Region,Nil,2-way,Sealed,,0,0,,50,,Null,0,0,,11,Thames-Coromandel District,Unknown,,,,,0,0,Urban,0,,,Fine,Null
1858027,5804525,29897,,535231,0,0,0,1,1,East,2006/2007,SH 29,SH 28,,Minor Crash,Yes,2006,0,North,0,0,0,Hill Road,0,,0,,0,Dark,1113900,2,0,0,3,0,0,0,0,0,,0,0,Waikato Region,Nil,2-way,Sealed,0,0,0,0,100,0,None,0,0,,15,Matamata-Piako District,Nil,0,0,0,0,0,0,Open,0,0,0,Mist or Fog,Null
1884581,5773679,29898,,540420,0,,0,2,,Null,2005/2006,SH 30A,RANOLF ST,,Non-Injury Crash,Yes,2006,,West,,0,,Flat,,,,,,Dark,1236500,0,0,0,5,,,0,,,,,,Bay of Plenty Region,Nil,2-way,Sealed,,0,0,,50,,On,0,0,,24,Rotorua District,Traffic Signals,,,,,0,0,Urban,0,,,Fine,Null
1764952,5903139,29899,,524604,0,,0,4,,North,2006/2007,ROSCOMMON ROAD,WIRI STATION ROAD,,Non-Injury Crash,No,2006,,South,,0,,Flat,,,,,,Overcast,781302,0,0,0,2,,,0,,,,,,Auckland Region,Nil,2-way,Sealed,,0,0,,100,,Off,1,0,,76,Auckland,Nil,,,,,0,0,Open,0,,,Fine,Null
1946843,5786794,29900,,542530,0,0,0,1,0,North,2005/2006,STATION ROAD,BUTLER ROAD,,Minor Crash,No,2006,0,North,0,0,1,Flat,0,,0,,0,Dark,1298404,1,0,0,2,0,0,0,0,0,,0,0,Bay of Plenty Region,Nil,2-way,Sealed,0,0,0,0,100,0,None,0,0,,25,Whakatane District,Unknown,0,0,0,0,0,0,Open,0,0,0,Fine,Null
1719535,6047593,29901,,502600,0,,0,2,,West,2005/2006,Z CPK WOOLWORTHS,KAMO ROAD,,Non-Injury Crash,No,2006,,North,,0,,Flat,,,,,,Bright sun,95100,0,0,0,0,,,0,,,,,,Northland Region,Nil,Off road,Sealed,,0,0,,30,,Off,0,0,,2,Whangarei District,Nil,,,,,0,0,Urban,0,,,Fine,Null
1772790,5896223,29902,,525410,0,0,0,2,0,South,2006/2007,GREAT SOUTH ROAD,AVERILL ST,,Non-Injury Crash,No,2006,0,North,0,0,0,Flat,0,,0,,0,Overcast,792100,0,0,0,2,0,0,0,0,1,,0,0,Auckland Region,Nil,2-way,Sealed,0,0,0,0,50,0,Off,0,0,,76,Auckland,Nil,0,0,0,0,0,0,Urban,0,0,0,Fine,Null
1758946,5919290,29903,,515901,1,0,0,1,0,East,2005/2006,ST STEPHENS AVENUE,PARNELL ROAD,,Minor Crash,No,2006,0,East,0,0,0,Flat,0,,0,,0,Bright sun,457100,1,0,0,2,0,0,0,0,1,,0,0,Auckland Region,Nil,2-way,Sealed,0,0,0,0,50,0,Off,0,0,,76,Auckland,Nil,0,0,0,0,0,0,Urban,0,0,0,Fine,Null
1853448,5876369,29904,,533300,0,0,0,0,0,East,2005/2006,SH 25,WENTWORTH VALLEY ROAD,,Non-Injury Crash,Yes,2006,0,East,1,0,0,Flat,0,,0,,0,Overcast,1060503,0,0,0,2,0,0,0,0,0,,0,0,Waikato Region,Nil,2-way,Sealed,0,0,0,0,100,0,Null,0,0,,11,Thames-Coromandel District,Unknown,0,0,0,0,0,0,Open,1,0,0,Light rain,Null
1753455,5438154,29905,,573511,0,0,0,1,1,South,2005/2006,SH 1N,TAWA OFF NBD,,Minor Crash,Yes,2006,0,North,0,0,0,Flat,0,Queens Birthday,0,,0,Dark,2086201,2,0,0,2,0,0,0,0,0,,0,0,Wellington Region,Nil,1-way,Sealed,0,0,0,0,100,0,None,0,0,,47,Wellington City,Nil,0,0,0,0,0,0,Open,0,0,0,Light rain,Strong wind
1773354,5473670,29906,,563706,0,,0,1,,Null,2006/2007,BELVEDERE AVENUE,WREN ST,,Minor Crash,No,2006,,East,,0,,Flat,,,,,,Overcast,1875204,1,0,0,2,,,0,,,,,,Wellington Region,Nil,2-way,Sealed,,0,0,,50,,Null,1,0,,43,Kapiti Coast District,Stop,,,,,0,0,Urban,0,,,Fine,Null
1743827,5922646,29907,,513512,0,0,0,0,0,East,2005/2006,ROYAL ROAD,KEMP ROAD,,Non-Injury Crash,No,2006,0,East,0,0,0,Flat,0,,0,,0,Dark,225304,0,0,0,2,0,0,0,0,1,,0,0,Auckland Region,Nil,2-way,Sealed,0,0,0,0,50,0,On,2,0,,76,Auckland,Nil,0,0,0,0,0,0,Urban,0,0,0,Fine,Null
1800964,5814483,29908,,529700,0,0,0,0,0,South,2006/2007,Z CPK PAK N SAVE,CLARENCE ST,,Non-Injury Crash,No,2006,0,East,0,0,0,Flat,0,,0,,0,Dark,912600,0,0,0,0,0,0,0,0,1,,0,0,Waikato Region,Nil,Off road,Sealed,0,0,0,0,30,0,On,2,0,,16,Hamilton City,Nil,0,0,0,0,0,0,Urban,0,0,0,Null,Null
1881124,5826501,29909,,536821,0,,0,1,,Null,2005/2006,TOTARA ST,SH 2,,Non-Injury Crash,Yes,2006,,South,,0,,Flat,,,,,,Dark,1204200,0,0,0,2,,,0,,,,,,Bay of Plenty Region,Nil,2-way,Sealed,,0,0,,50,,On,0,0,,23,Tauranga City,Give way,,,,,0,0,Urban,1,,,Fine,Null
1766832,5468375,29910,,566101,0,,0,1,,Null,2005/2006,ROSETTA ROAD,RAUMATI ROAD,,Minor Crash,No,2006,,South,,0,,Flat,,,,,,Bright sun,2005203,2,0,1,3,,,0,,,,,,Wellington Region,Nil,2-way,Sealed,,0,0,,50,,Null,0,0,,43,Kapiti Coast District,Give way,,,,,0,0,Urban,0,,,Fine,Null
1775194,5446950,29911,,566900,0,0,0,0,0,West,2005/2006,CALIFORNIA DRIVE,MONTEREY PLACE,,Serious Crash,No,2006,0,East,0,0,0,Flat,0,,0,,0,Overcast,1910601,0,0,0,2,0,0,0,0,0,,0,0,Wellington Region,Nil,2-way,Sealed,0,0,1,0,50,0,Null,1,0,,45,Upper Hutt City,Nil,0,0,0,1,0,0,Urban,0,0,0,Fine,Null
1791341,5836265,29912,,527111,0,0,0,1,1,North,2005/2006,SH 1N,SH 1B,,Non-Injury Crash,Yes,2006,0,South,0,0,0,Flat,0,,0,,0,Overcast,941002,0,0,0,2,0,0,0,0,0,,0,0,Waikato Region,Nil,2-way,Sealed,0,0,0,0,100,0,None,0,0,,13,Waikato District,Nil,0,0,0,0,0,0,Open,0,0,0,Fine,Strong wind
1407405,4919084,29913,,603300,1,0,0,1,0,North,2005/2006,NORTH ROAD,GLADSTONE ROAD,,Minor Crash,No,2006,0,North,0,0,0,Flat,0,,0,,0,Bright sun,2870800,1,0,0,2,0,0,0,0,1,,0,0,Otago Region,Nil,2-way,Sealed,0,0,0,0,50,0,Null,0,0,,71,Dunedin City,Unknown,0,0,0,0,1,0,Urban,0,0,0,Fine,Null
1755033,5918791,29914,,515420,0,,0,2,,Null,2005/2006,DRYDEN ST,WILLIAMSON AVENUE,,Non-Injury Crash,No,2006,,South,,0,,Flat,,,,,,Bright sun,407000,0,0,0,2,,,0,,,,,,Auckland Region,Nil,2-way,Sealed,,0,0,,50,,Off,0,0,,76,Auckland,Stop,,,,,0,0,Urban,0,,,Fine,Null
1756760,5919874,29915,,514102,0,,0,1,,Null,2005/2006,HOBSON ST,UNION ST,,Non-Injury Crash,Yes,2006,,South,,0,,Flat,,,,,,Bright sun,434802,0,0,0,6,,,0,,,,,,Auckland Region,Nil,2-way,Sealed,,0,0,,50,,Off,1,0,,76,Auckland,Traffic Signals,,,,,0,0,Urban,0,,,Fine,Null