X,Y,OBJECTID,advisorySpeed,areaUnitID,bicycle,bridge,bus,carStationWagon,cliffBank,crashDirectionDescription,crashFinancialYear,crashLocation1,crashLocation2,crashRoadSideRoad,crashSeverity,crashSHDescription,crashYear,debris,directionRoleDescription,ditch,fatalCount,fence,flatHill,guardRail,holiday,houseOrBuilding,intersection,kerb,light,meshblockId,minorInjuryCount,moped,motorcycle,NumberOfLanes,objectThrownOrDropped,otherObject,otherVehicleType,overBank,parkedVehicle,pedestrian,phoneBoxEtc,postOrPole,region,roadCharacter,roadLane,roadSurface,roadworks,schoolBus,seriousInjuryCount,slipOrFlood,speedLimit,strayAnimal,streetLight,suv,taxi,temporarySpeedLimit,tlaId,tlaName,trafficControl,trafficIsland,trafficSign,train,tree,truck,unknownVehicleType,urban,vanOrUtility,vehicle,waterRiver,weatherA,weatherB
1757521,5918610,29916,,514302,0,,0,2,,Null,2006/2007,SH 1N,KHYBER PASS OBR,,Non-Injury Crash,Yes,2006,,North,,0,,Flat,,,,,,Bright sun,442100,0,0,0,5,,,0,,,,,,Auckland Region,Nil,2-way,Sealed,,0,0,,80,,Off,0,0,,76,Auckland,Nil,,,,,0,0,Open,0,,,Fine,Null
1779706,5875681,29917,,521131,0,,0,1,,Null,2005/2006,GREAT SOUTH ROAD,POKENO ON SBD,,Non-Injury Crash,No,2006,,South,,0,,Flat,,,,,,Bright sun,842800,0,0,0,1,,,0,,,,,,Waikato Region,Nil,1-way,Sealed,,0,0,,100,,Off,0,0,,13,Waikato District,Nil,,,,,0,0,Open,0,,,Fine,Null
1758200,5920244,29918,,514103,0,0,0,2,0,Null,2006/2007,BEACH ROAD,CHURCHILL ST,,Non-Injury Crash,No,2006,0,South,0,0,1,Flat,0,,0,,0,Dark,438203,0,0,0,6,0,0,0,0,0,,0,0,Auckland Region,Nil,2-way,Sealed,0,0,0,0,50,0,On,0,0,,76,Auckland,Nil,0,1,0,0,0,0,Urban,0,0,0,Fine,Null
1767174,5902004,29919,,524720,0,0,0,1,0,South,2006/2007,JELLICOE ROAD,BROWNS ROAD,,Non-Injury Crash,No,2006,0,West,0,0,0,Flat,0,,0,,0,Dark,779700,0,0,0,2,0,0,0,0,1,,0,0,Auckland Region,Nil,2-way,Sealed,0,0,0,0,50,0,On,1,0,,76,Auckland,Nil,0,0,0,0,0,0,Urban,0,0,0,Fine,Null
1745731,5917236,29920,,510700,0,,0,2,,North,2006/2007,EDMONTON ROAD,GREAT NORTH ROAD,,Non-Injury Crash,No,2006,,North,,0,,Flat,,,,,,Overcast,240000,0,0,0,4,,,0,,,,,,Auckland Region,Nil,2-way,Sealed,,0,0,,50,,Off,0,0,,76,Auckland,Traffic Signals,,,,,0,0,Urban,0,,,Fine,Null
1752087,5938757,29921,,506300,0,,0,2,,South,2005/2006,EAST COAST ROAD,AWANOHI ROAD,,Non-Injury Crash,No,2006,,South,,0,,Hill Road,,,,,,Overcast,176105,0,0,0,3,,,0,,,,,,Auckland Region,Nil,2-way,Sealed,,0,0,,100,,None,0,0,,76,Auckland,Nil,,,,,0,0,Open,0,,,Fine,Null
1757466,5920726,29922,,514102,0,,0,2,,North,2005/2006,QUEEN ST,SHORTLAND ST,,Non-Injury Crash,No,2006,,North,,0,,Flat,,,,,,Overcast,433200,0,0,0,4,,,0,,,,,,Auckland Region,Nil,2-way,Sealed,,0,0,,50,,Off,0,0,,76,Auckland,Nil,,,,,0,0,Urban,0,,,Light rain,Null
1766724,5904543,29923,,524604,0,,0,2,,North,2005/2006,LAMBIE DRIVE,RONWOOD AVENUE,,Non-Injury Crash,No,2006,,North,,0,,Flat,,,,,,Bright sun,780209,0,0,0,4,,,0,,,,,,Auckland Region,Nil,2-way,Sealed,,0,0,,50,,Off,0,0,,76,Auckland,Nil,,,,,0,0,Urban,0,,,Fine,Null
1867073,5713793,29924,,541720,0,,0,0,,North,2005/2006,TONGARIRO ST,SPA ROAD,,Non-Injury Crash,No,2006,,North,,0,,Flat,,,,,,Overcast,1275500,0,0,0,2,,,0,,,,,,Waikato Region,Nil,2-way,Sealed,,0,0,,50,,Null,0,0,,21,Taupo District,Unknown,,,,,1,0,Urban,1,,,Fine,Null
1747224,5915202,29925,,511602,0,0,0,1,0,East,2005/2006,ROSEWARNE CRESCENT,LONGBILL PLACE,,Non-Injury Crash,No,2006,0,West,0,0,1,Flat,0,,0,,0,Dark,272706,0,0,0,2,0,0,0,0,0,,0,0,Auckland Region,Nil,2-way,Sealed,0,0,0,0,50,0,On,0,0,,76,Auckland,Nil,0,0,0,0,0,0,Urban,0,0,0,Fine,Null
1749569,5982971,29926,,506660,0,,0,1,,East,2005/2006,MATAKANA VALLEY ROAD,WHANGARIPO VALLEY ROAD,,Minor Crash,No,2006,,East,,0,,Flat,,,,,,Bright sun,136204,1,0,0,1,,,0,,,,,,Auckland Region,Nil,2-way,Unsealed,,0,0,,100,,None,0,0,,76,Auckland,Nil,,,,,0,0,Open,0,,,Fine,Null
1817246,5802875,29927,,527503,0,,0,2,,South,2005/2006,VICTORIA ST,DUKE ST,,Non-Injury Crash,No,2006,,North,,0,,Flat,,,,,,Bright sun,965200,0,0,0,2,,,0,,,,,,Waikato Region,Nil,2-way,Sealed,,0,0,,50,,Null,0,0,,17,Waipa District,Unknown,,,,,0,0,Urban,0,,,Fine,Null
1756128,5920538,29928,,514000,0,0,1,0,0,West,2006/2007,COLLEGE HILL,BEAUMONT ST,,Non-Injury Crash,No,2006,0,East,0,0,0,Hill Road,0,,0,,0,Dark,416600,0,0,0,4,0,0,0,0,0,,1,0,Auckland Region,Nil,2-way,Sealed,0,0,0,0,50,0,On,0,0,,76,Auckland,Traffic Signals,0,0,0,0,0,0,Urban,0,0,0,Light rain,Null
1687477,6103166,29929,,500900,0,0,0,0,1,Null,2006/2007,WAIPAPA ROAD,EDKINS ROAD,,Minor Crash,No,2006,0,East,0,0,0,Flat,0,,0,,0,Dark,44609,1,0,0,2,0,0,0,0,0,,0,0,Northland Region,Nil,2-way,Sealed,0,0,0,0,80,0,None,0,0,,1,Far North District,Nil,0,0,0,0,1,0,Open,0,0,0,Light rain,Null
1879203,5824613,29930,,538201,0,,0,1,,North,2006/2007,CAMERON ROAD,WHARF ST,,Non-Injury Crash,No,2006,,North,,0,,Flat,,,,,,Bright sun,1163700,0,0,0,2,,,0,,,,,,Bay of Plenty Region,Nil,2-way,Sealed,,0,0,,50,,Off,0,0,,23,Tauranga City,Nil,,,,,1,0,Urban,0,,,Fine,Null
1747082,5913784,29931,,511100,0,0,0,2,0,East,2006/2007,Z CPK GLEN MALL,GLENDALE ROAD,,Non-Injury Crash,No,2006,0,North,0,0,0,Flat,0,,0,,0,Bright sun,286200,0,0,0,1,0,0,0,0,0,,0,0,Auckland Region,Nil,Off road,Sealed,0,0,0,0,30,0,Off,0,0,,76,Auckland,Nil,0,0,0,0,0,0,Urban,0,1,0,Fine,Null
1758164,5912380,29932,,519810,0,,0,1,,Null,2006/2007,ARTHUR ST,NORMANS HILL ROAD,,Minor Crash,No,2006,,West,,0,,Hill Road,,,,,,Dark,597900,2,0,0,2,,,0,,,,,,Auckland Region,Nil,2-way,Sealed,,0,0,,50,,On,0,0,,76,Auckland,Stop,,,,,0,0,Urban,1,,,Fine,Null
1483506,5376091,29933,,584500,0,,0,1,,Null,2006/2007,RINTOUL ST,ADDERLEY ST,,Serious Crash,No,2006,,East,,0,,Flat,,,,,,Overcast,2391700,0,1,0,2,,,0,,,,,,West Coast Region,Nil,2-way,Sealed,,0,1,,50,,Null,0,0,,55,Buller District,Give way,,,,,0,0,Urban,0,,,Fine,Null
1829908,5624020,29934,,554900,0,0,0,1,0,South,2005/2006,SH 1N,HASSETT DRIVE,,Minor Crash,Yes,2006,0,North,1,0,0,Flat,0,,0,,0,Overcast,1673802,3,0,0,2,0,0,0,0,0,,0,0,Manawatū-Whanganui Region,Nil,2-way,Sealed,0,0,0,0,100,0,Null,0,0,,36,Ruapehu District,Nil,0,0,0,0,0,0,Open,0,0,0,Fine,Null
1817146,5800506,29935,,527504,0,0,0,2,0,Null,2005/2006,SHAKESPEARE ST,LAMB ST,,Serious Crash,No,2006,0,West,0,0,0,Flat,0,,0,,0,Overcast,968102,0,0,0,2,0,0,0,0,0,,0,0,Waikato Region,Nil,2-way,Sealed,0,0,1,0,50,0,Null,0,0,,17,Waipa District,Give way,0,1,0,0,0,0,Urban,0,0,0,Fine,Null
1887562,5772404,29936,,538732,0,0,0,1,0,Null,2005/2006,TARAWERA ROAD,MOANA TERRACE,,Non-Injury Crash,No,2006,0,South,0,0,1,Hill Road,0,,0,,0,Dark,1255600,0,0,0,2,0,0,0,0,0,,0,0,Bay of Plenty Region,Nil,2-way,Sealed,0,0,0,0,50,0,On,0,0,,24,Rotorua District,Give way,0,0,0,0,0,0,Urban,0,0,0,Light rain,Null
1797274,5819394,29937,,528403,0,,0,2,,North,2006/2007,TE RAPA ROAD,MANCHESTER PLACE,,Non-Injury Crash,No,2006,,North,,0,,Flat,,,,,,Overcast,907700,0,0,0,2,,,0,,,,,,Waikato Region,Nil,2-way,Sealed,,0,0,,60,,Null,0,0,,16,Hamilton City,Unknown,,,,,0,0,Urban,0,,,Light rain,Null
1769449,5913079,29938,,522723,0,,0,2,,Null,2005/2006,CASCADES ROAD,BEN LOMOND CRESCENT N,,Non-Injury Crash,No,2006,,North,,0,,Flat,,,,,,Overcast,682900,0,0,0,2,,,0,,,,,,Auckland Region,Nil,2-way,Sealed,,0,0,,50,,Off,0,0,,76,Auckland,Nil,,,,,0,0,Urban,0,,,Fine,Null
1683043,5429839,29939,,580446,1,,0,1,,West,2006/2007,QUEEN CHARLOTTE DRIVE,GRAVESEND,,Minor Crash,No,2006,,South,,0,,Hill Road,,Christmas New Year,,,,Overcast,2279704,1,0,0,2,,,0,,,,,,Marlborough Region,Nil,2-way,Sealed,,0,0,,100,,Null,0,0,,53,Marlborough District,Nil,,,,,0,0,Open,0,,,Fine,Null
1767308,5904112,29940,,524602,0,,0,2,,South,2005/2006,BARROWCLIFFE PLACE,MANUKAU STATION ROAD,,Non-Injury Crash,No,2006,,North,,0,,Flat,,,,,,Bright sun,780416,0,0,0,2,,,0,,,,,,Auckland Region,Nil,2-way,Sealed,,0,0,,50,,Off,0,0,,76,Auckland,Nil,,,,,0,0,Urban,0,,,Fine,Null
1772631,5901572,29941,,523813,0,,0,1,,West,2006/2007,ALFRISTON ROAD,ALFRISTON-ARDMORE ROAD,,Non-Injury Crash,No,2006,,East,,0,,Flat,,,,,,Overcast,761000,0,0,0,2,,,0,,,,,,Auckland Region,Nil,2-way,Sealed,,0,0,,100,,None,0,0,,76,Auckland,Nil,,,,,1,0,Open,0,,,Light rain,Null
1751167,5915482,29942,,514401,0,,0,2,,Null,2005/2006,GREAT NORTH ROAD,ROSEBANK ROAD,,Non-Injury Crash,No,2006,,North,,0,,Flat,,Easter,,,,Bright sun,381802,0,0,0,2,,,0,,,,,,Auckland Region,Nil,2-way,Sealed,,0,0,,50,,Off,0,0,,76,Auckland,Traffic Signals,,,,,0,0,Urban,0,,,Fine,Null
1743355,5919126,29943,,513213,0,0,0,2,0,East,2006/2007,MURIEL PLACE,AFTON PLACE,,Non-Injury Crash,No,2006,0,East,0,0,0,Flat,0,,0,,0,Bright sun,235903,0,0,0,2,0,0,0,0,1,,0,0,Auckland Region,Nil,2-way,Sealed,0,0,0,0,50,0,Off,0,0,,76,Auckland,Nil,0,0,0,0,0,0,Urban,0,0,0,Fine,Null
1768727,5902885,29944,,524602,0,,0,3,,South,2006/2007,SH 1N,MANUKAU OFF NBD,,Minor Crash,Yes,2006,,North,,0,,Flat,,,,,,Overcast,780504,1,0,0,3,,,0,,,,,,Auckland Region,Nil,1-way,Sealed,,0,0,,100,,Off,0,0,,76,Auckland,Nil,,,,,0,0,Open,0,,,Fine,Null
1383568,4907897,29945,,602500,0,0,0,0,0,North,2006/2007,SH 1S,HENLEY-BERWICK ROAD,,Minor Crash,Yes,2006,0,South,0,0,0,Flat,0,,0,,0,Bright sun,2976200,1,0,0,2,0,0,0,1,0,,0,0,Otago Region,Nil,2-way,Sealed,0,0,0,0,100,0,Null,0,0,,71,Dunedin City,Unknown,0,1,0,0,0,0,Open,1,0,0,Fine,Strong wind
1752268,5434121,29946,,573903,0,0,0,2,0,West,2006/2007,NEWLANDS ROAD,WAKELY ROAD,,Non-Injury Crash,No,2006,0,North,0,0,0,Flat,0,,0,,0,Dark,2075103,0,0,0,2,0,0,0,0,1,,0,0,Wellington Region,Nil,2-way,Sealed,0,0,0,0,50,0,On,0,0,,47,Wellington City,Nil,0,0,0,0,0,0,Urban,0,0,0,Fine,Null
1317290,4983026,29947,,608500,0,,0,0,,North,2006/2007,STATION ST,SH 85,,Minor Crash,No,2006,,South,,0,,Flat,,,,,,Dark,3027100,1,0,0,2,,,0,,,1,,,Otago Region,Nil,2-way,Sealed,,0,0,,50,,On,0,0,,69,Central Otago District,Unknown,,,,,0,0,Urban,1,,,Fine,Null
1750353,5915321,29948,,514802,0,,0,2,,Null,2005/2006,ASH ST,WAIRAU AVENUE,,Minor Crash,No,2006,,East,,0,,Flat,,,,,,Overcast,386700,1,0,0,4,,,0,,,,,,Auckland Region,Nil,2-way,Sealed,,0,0,,50,,Off,0,0,,76,Auckland,Stop,,,,,0,0,Urban,0,,,Fine,Null
1768175,5913812,29949,,522810,0,,0,2,,West,2005/2006,PAKURANGA ROAD,WILBUR PLACE,,Non-Injury Crash,No,2006,,East,,0,,Flat,,,,,,Bright sun,691102,0,0,0,4,,,0,,,,,,Auckland Region,Nil,2-way,Sealed,,0,0,,60,,Off,0,0,,76,Auckland,Nil,,,,,0,0,Urban,1,,,Fine,Null
1764812,5903672,29950,,524604,0,,0,1,,South,2006/2007,ROSCOMMON ROAD,SH 20,,Non-Injury Crash,No,2006,,South,,0,,Flat,,,,,,Bright sun,781200,0,0,0,4,,,0,,,,,,Auckland Region,Nil,2-way,Sealed,,0,0,,70,,Off,0,0,,76,Auckland,Traffic Signals,,,,,0,0,Urban,1,,,Fine,Null
1791833,5877377,29951,,521135,0,,0,1,,East,2005/2006,OLD SH 2,MANGATANGI ROAD,,Minor Crash,No,2006,,North,,0,,Hill Road,,,,,,Bright sun,843500,1,0,0,3,,,0,,,,,,Waikato Region,Nil,2-way,Sealed,,0,0,,100,,None,0,0,,13,Waikato District,Nil,,,,,0,0,Open,0,,,Fine,Null
1572290,5180188,29952,,593501,0,,0,2,,North,2006/2007,STANMORE ROAD,WORCESTER ST,,Minor Crash,No,2006,,North,,0,,Flat,,,,,,Overcast,2609700,1,0,0,2,,,0,,,,,,Canterbury Region,Nil,2-way,Sealed,,0,0,,50,,Null,0,0,,60,Christchurch City,Unknown,,,,,0,0,Urban,0,,,Fine,Null
1756137,5943508,29953,,505909,0,,0,1,,South,2005/2006,MARGARET PLACE,ARKLES STRAND,,Non-Injury Crash,No,2006,,North,,0,,Flat,,Easter,,,,Dark,174003,0,0,0,2,,,0,,,,,,Auckland Region,Nil,2-way,Sealed,,0,0,,50,,On,0,0,,76,Auckland,Nil,,,,,0,0,Urban,0,,,Fine,Null
1752279,5925368,29954,,510220,0,0,0,1,0,North,2006/2007,VERBENA ROAD,VERRAN ROAD,,Non-Injury Crash,No,2006,0,North,0,0,1,Hill Road,0,,0,,0,Bright sun,350600,0,0,0,1,0,0,0,0,0,,0,0,Auckland Region,Nil,2-way,Sealed,0,0,0,0,50,0,Off,0,0,,76,Auckland,Nil,0,0,0,0,0,0,Urban,0,0,0,Fine,Null
1570646,5178868,29955,,594600,0,,0,2,,Null,2005/2006,BYRON ST,COLOMBO ST,,Minor Crash,No,2006,,West,,0,,Flat,,Queens Birthday,,,,Twilight,2616700,1,0,0,3,,,0,,,,,,Canterbury Region,Nil,2-way,Sealed,,0,0,,50,,Off,0,0,,60,Christchurch City,Traffic Signals,,,,,0,0,Urban,0,,,Fine,Null
1745259,5920911,29956,,513301,0,,0,0,,West,2005/2006,SH 16,LINCOLN ON WBD,,Minor Crash,Yes,2006,,West,,0,,Flat,,,,,,Dark,231700,1,0,1,3,,,0,,,,,,,Nil,1-way,Sealed,,0,0,,100,,On,0,0,,76,Auckland,Nil,,,,,0,0,Open,1,,,Heavy rain,Null
1801219,5816713,29957,,529900,1,,0,0,,Null,2005/2006,HEAPHY TERRACE,BOUNDARY ROAD,,Minor Crash,No,2006,,North,,0,,Flat,,,,,,Twilight,864100,1,0,0,2,,,0,,,,,,Waikato Region,Nil,2-way,Sealed,,0,0,,50,,On,1,0,,16,Hamilton City,Give way,,,,,0,0,Urban,0,,,Fine,Null
1729827,5997065,29958,,504900,0,1,0,0,0,Null,2005/2006,SH 1N,ONERIRI ROAD,,Non-Injury Crash,Yes,2006,0,North,0,0,0,Hill Road,0,,0,,0,Dark,134301,0,0,0,2,0,0,0,0,0,,0,0,Northland Region,Nil,2-way,Sealed,0,0,0,0,50,0,On,1,0,,3,Kaipara District,Nil,0,0,0,0,0,0,Urban,0,0,0,Heavy rain,Null
1800742,5816599,29959,,529900,0,,0,2,,Null,2006/2007,BOUNDARY ROAD,CASEY AVENUE,,Non-Injury Crash,No,2006,,West,,0,,Flat,,,,,,Overcast,864000,0,0,0,3,,,0,,,,,,Waikato Region,Bridge,2-way,Sealed,,0,0,,50,,Off,0,0,,16,Hamilton City,Nil,,,,,0,0,Urban,0,,,Fine,Null
1259348,5004443,29960,,609302,0,0,0,0,1,South,2006/2007,BOLTON LANE,EDINBURGH DRIVE,,Minor Crash,No,2006,0,North,0,0,1,Hill Road,0,,0,,0,Bright sun,3033205,1,0,0,2,0,0,0,0,0,,0,0,Otago Region,Nil,2-way,Sealed,0,0,0,0,50,0,Null,1,0,,70,Queenstown-Lakes District,Nil,0,0,0,0,0,0,Urban,0,0,0,Fine,Null
1746990,5915134,29961,,511800,0,,0,2,,Null,2005/2006,GREAT NORTH ROAD,HEPBURN ROAD,,Minor Crash,No,2006,,East,,0,,Hill Road,,,,,,Bright sun,277902,2,0,0,4,,,0,,,,,,Auckland Region,Nil,2-way,Sealed,,0,0,,50,,Off,0,0,,76,Auckland,Traffic Signals,,,,,0,0,Urban,0,,,Fine,Null
1800649,5815455,29962,,529700,0,,0,1,,North,2006/2007,ANGLESEA ST,BRYCE ST,,Minor Crash,No,2006,,North,,0,,Flat,,,,,,Bright sun,910600,1,0,0,4,,,0,,,1,,,Waikato Region,Nil,2-way,Sealed,,0,0,,50,,Null,0,0,,16,Hamilton City,Traffic Signals,,,,,0,0,Urban,0,,,Fine,Null
1934959,5620129,29963,,546300,0,,0,2,,North,2005/2006,RIVERBEND ROAD,KENNEDY ROAD,,Non-Injury Crash,No,2006,,North,,0,,Flat,,,,,,Bright sun,1438500,0,0,0,2,,,0,,,,,,Hawke's Bay Region,Nil,2-way,Sealed,,0,0,,50,,Null,0,0,,31,Napier City,Nil,,,,,0,0,Urban,0,,,Fine,Null
1608387,5426568,29964,,581836,0,0,0,2,0,East,2005/2006,MOUTERE HIGHWAY,MALLING ROAD,,Non-Injury Crash,No,2006,0,West,1,0,0,Flat,0,,0,,0,Bright sun,2356500,0,0,0,2,0,0,0,0,0,,0,0,Tasman Region,Nil,2-way,Sealed,0,0,0,0,100,0,Null,0,0,,51,Tasman District,Nil,0,0,0,0,0,0,Open,0,0,0,Fine,Null
1748929,5425122,29965,,576400,0,,0,1,,Null,2006/2007,RINTOUL ST,RIDDIFORD ST,,Minor Crash,No,2006,,West,,0,,Flat,,,,,,Bright sun,2166900,1,0,0,2,,,0,,,1,,,Wellington Region,Nil,2-way,Sealed,,0,0,,50,,Null,0,0,,47,Wellington City,Traffic Signals,,,,,0,0,Urban,0,,,Fine,Null
1811353,5542713,29966,,561422,0,0,0,1,0,West,2005/2006,SH 3,MOUNT STEWART HALCOMBE RO,,Minor Crash,Yes,2006,0,North,1,0,1,Flat,0,,0,,0,Bright sun,1788500,1,0,0,2,0,0,0,0,0,,0,0,Manawatū-Whanganui Region,Nil,2-way,Sealed,0,0,0,0,100,0,Null,0,0,,39,Manawatu District,Nil,0,0,0,0,0,0,Open,0,0,0,Fine,Null
1800371,5811615,29967,,529200,0,,0,0,,Null,2006/2007,DEANWELL AVENUE,ROSALIND ST,,Non-Injury Crash,No,2006,,East,,0,,Flat,,,,,,Dark,927001,0,0,0,2,,,0,,,,,,Waikato Region,Nil,2-way,Sealed,,0,0,,50,,On,0,0,,16,Hamilton City,Give way,,,,,1,0,Urban,0,,,Light rain,Null
1748792,5426917,29968,,573101,0,,0,2,,Null,2005/2006,TARANAKI ST,VIVIAN ST,,Non-Injury Crash,Yes,2006,,South,,0,,Flat,,,,,,Dark,2133800,0,0,0,3,,,0,,,,,,Wellington Region,Nil,2-way,Sealed,,0,0,,50,,On,0,0,,47,Wellington City,Traffic Signals,,,,,0,0,Urban,0,,,Light rain,Null
1763996,5904253,29969,,524604,0,,0,1,,South,2005/2006,PUHINUI OFF NBD,SH 20B,,Non-Injury Crash,Yes,2006,,North,,0,,Flat,,,,,,Bright sun,781100,0,0,0,2,,,0,,,,,,Auckland Region,Motorway ramp,1-way,Sealed,,0,0,,50,,Off,1,0,,76,Auckland,Give way,,,,,0,0,Urban,0,,,Fine,Null
1801989,5816933,29970,,530000,0,,0,1,,Null,2006/2007,PEACHGROVE ROAD,BOUNDARY ROAD,,Non-Injury Crash,No,2006,,North,,0,,Flat,,,,,,Bright sun,865200,0,0,0,4,,,0,,,,,,Waikato Region,Nil,2-way,Sealed,,0,0,,50,,Off,0,0,,16,Hamilton City,Give way,,,,,1,0,Urban,0,,,Fine,Null
1766438,5908711,29971,,523402,0,,1,1,,Null,2006/2007,GILBERT ROAD,ECCLES PLACE,,Non-Injury Crash,No,2006,,North,,0,,Flat,,,,,,Bright sun,697800,0,0,0,2,,,0,,,,,,Auckland Region,Nil,2-way,Sealed,,0,0,,50,,Null,0,0,,76,Auckland,Nil,,,,,0,0,Urban,0,,,Fine,Null
1749592,5880662,29972,,521151,0,,0,1,,Null,2005/2006,AWHITU ROAD,WAIPIPI WHARF ROAD,,Non-Injury Crash,No,2006,,North,,0,,Flat,,,,,,Overcast,830800,0,0,0,2,,,0,,,,,,Auckland Region,Nil,2-way,Sealed,,0,0,,100,,None,1,0,,76,Auckland,Give way,,,,,0,0,Open,0,,,Fine,Null
1758202,5927424,29973,,508010,0,,0,0,,West,2006/2007,ANZAC ST,HURSTMERE ROAD,,Minor Crash,No,2006,,East,,0,,Flat,,,,,,Overcast,327000,1,0,0,2,,,0,,,1,,,Auckland Region,Nil,2-way,Sealed,,0,0,,50,,Null,1,0,,76,Auckland,Give way,,,,,0,0,Urban,0,,,Light rain,Null
1772830,5896105,29974,,525410,0,0,0,1,0,Null,2005/2006,GREAT SOUTH ROAD,WOOD ST,,Minor Crash,No,2006,0,South,0,0,0,Flat,0,,0,,0,Dark,793000,2,0,0,2,0,0,0,0,0,,0,0,Auckland Region,Nil,2-way,Sealed,0,0,0,0,50,0,On,0,0,,76,Auckland,Give way,0,0,0,1,0,0,Urban,0,0,0,Fine,Null
1879253,5825400,29975,,538202,0,,0,3,,Null,2006/2007,CHAPEL ST,SH 2A,,Non-Injury Crash,Yes,2006,,South,,0,,Flat,,,,,,Bright sun,1163002,0,0,0,5,,,0,,,,,,Bay of Plenty Region,Nil,2-way,Sealed,,0,0,,50,,Off,0,0,,23,Tauranga City,Give way,,,,,0,0,Urban,0,,,Fine,Null
1789056,5755508,29976,,532000,0,0,0,0,0,South,2005/2006,ESPLANADE,MANGARINO ROAD,,Non-Injury Crash,No,2006,0,West,0,0,0,Flat,0,,0,,1,Bright sun,1006500,0,0,0,2,0,0,0,0,0,,0,0,Waikato Region,Nil,2-way,Sealed,0,0,0,0,50,0,Null,0,0,,20,Waitomo District,Unknown,0,0,0,0,1,0,Urban,0,0,1,Fine,Null
1758802,5912416,29977,,519820,0,0,0,3,0,Null,2005/2006,ARTHUR ST,SELWYN ST,,Minor Crash,No,2006,0,East,0,0,0,Hill Road,0,,0,,0,Overcast,600800,1,0,0,2,0,0,0,0,0,,0,0,Auckland Region,Nil,2-way,Sealed,0,0,0,0,50,0,Off,0,0,,76,Auckland,Stop,0,0,0,0,0,0,Urban,0,1,0,Light rain,Null
1769237,5908850,29978,,523113,0,,0,2,,Null,2005/2006,EAST TAMAKI ROAD,ACCENT DRIVE,,Non-Injury Crash,No,2006,,West,,0,,Flat,,,,,,Overcast,711801,0,0,0,4,,,0,,,,,,Auckland Region,Nil,2-way,Sealed,,0,0,,50,,Null,0,0,,76,Auckland,Traffic Signals,,,,,0,0,Urban,0,,,Light rain,Null
1753462,5443680,29979,,570800,1,,0,1,,North,2005/2006,RAIHA ST,SUNLIGHT GROVE,,Minor Crash,No,2006,,North,,0,,Hill Road,,,,,,Twilight,2053105,1,0,0,2,,,0,,,,,,Wellington Region,Nil,2-way,Sealed,,0,0,,70,,On,0,0,,44,Porirua City,Nil,,,,,0,0,Urban,1,,,Fine,Null
1881448,5775161,29980,,539100,0,0,0,1,0,Null,2005/2006,THOMAS CRESCENT,GORDON ROAD,,Non-Injury Crash,No,2006,0,South,0,0,0,Hill Road,0,Queens Birthday,0,,1,Dark,1218600,0,0,0,2,0,0,0,0,0,,0,0,Bay of Plenty Region,Nil,2-way,Sealed,0,0,0,0,50,0,On,0,0,,24,Rotorua District,Give way,0,0,0,0,0,0,Urban,0,0,0,Light rain,Null
1753579,5911992,29981,,518901,0,,0,3,,Null,2005/2006,HILLSBOROUGH ROAD,THE AVENUE,,Non-Injury Crash,No,2006,,East,,0,,Flat,,,,,,Dark,586300,0,0,0,4,,,0,,,,,,Auckland Region,Nil,2-way,Sealed,,0,0,,50,,On,0,0,,76,Auckland,Traffic Signals,,,,,0,0,Urban,0,,,Fine,Null
1763904,5912490,29982,,520500,0,,0,0,,Null,2006/2007,MOUNT WELLINGTON HIGHWAY,MT WGTN OFF NBD N,,Minor Crash,No,2006,,South,,0,,Flat,,,,,,Overcast,637300,2,0,0,6,,,0,,,,,,Auckland Region,Nil,2-way,Sealed,,0,0,,50,,Off,2,0,,76,Auckland,Traffic Signals,,,,,0,0,Urban,0,,,Fine,Null
1567834,5180294,29983,,590800,0,,0,2,,Null,2006/2007,RICCARTON ROAD,CLARENCE ST,,Minor Crash,No,2006,,West,,0,,Flat,,,,,,Dark,2473500,1,0,0,4,,,0,,,,,,Canterbury Region,Nil,2-way,Sealed,,0,0,,50,,On,0,0,,60,Christchurch City,Traffic Signals,,,,,0,0,Urban,0,,,Light rain,Null
1761238,5916184,29984,,516003,0,,0,1,,Null,2006/2007,LADIES MILE,PEACH PARADE,,Non-Injury Crash,No,2006,,North,,0,,Flat,,,,,,Bright sun,496101,0,0,0,3,,,0,,,,,,Auckland Region,Nil,2-way,Sealed,,0,0,,50,,Off,1,0,,76,Auckland,Traffic Signals,,,,,0,0,Urban,0,,,Fine,Null
1768867,5905902,29985,,523711,0,,0,0,,West,2006/2007,DAWSON ROAD,TE IRIRANGI DRIVE,,Serious Crash,No,2006,,East,,0,,Flat,,,,,,Overcast,713005,0,0,0,2,,,0,,,1,,,Auckland Region,Nil,2-way,Sealed,,0,1,,50,,Null,0,0,,76,Auckland,Unknown,,,,,0,0,Urban,1,,,Fine,Null
1555410,5384669,29986,,581842,0,,0,0,,West,2005/2006,SH 6,RAIT ROAD,,Serious Crash,Yes,2006,,East,,0,,Flat,,,,,,Overcast,2380600,0,0,1,2,,,0,,,,,,Tasman Region,Nil,2-way,Sealed,,0,1,,100,,Null,0,0,,51,Tasman District,Nil,,,,,0,0,Open,0,,,Fine,Null