X,Y,OBJECTID,advisorySpeed,areaUnitID,bicycle,bridge,bus,carStationWagon,cliffBank,crashDirectionDescription,crashFinancialYear,crashLocation1,crashLocation2,crashRoadSideRoad,crashSeverity,crashSHDescription,crashYear,debris,directionRoleDescription,ditch,fatalCount,fence,flatHill,guardRail,holiday,houseOrBuilding,intersection,kerb,light,meshblockId,minorInjuryCount,moped,motorcycle,NumberOfLanes,objectThrownOrDropped,otherObject,otherVehicleType,overBank,parkedVehicle,pedestrian,phoneBoxEtc,postOrPole,region,roadCharacter,roadLane,roadSurface,roadworks,schoolBus,seriousInjuryCount,slipOrFlood,speedLimit,strayAnimal,streetLight,suv,taxi,temporarySpeedLimit,tlaId,tlaName,trafficControl,trafficIsland,trafficSign,train,tree,truck,unknownVehicleType,urban,vanOrUtility,vehicle,waterRiver,weatherA,weatherB
1750439,5915371,29987,,514802,0,,0,2,,East,2005/2006,ASH ST,WAIRAU AVENUE,,Non-Injury Crash,No,2006,,West,,0,,Flat,,,,,,Dark,387008,0,0,0,4,,,0,,,,,,Auckland Region,Nil,2-way,Sealed,,0,0,,50,,On,0,0,,76,Auckland,Nil,,,,,0,0,Urban,0,,,Fine,Null
1753884,5929343,29988,,508420,0,0,0,2,0,East,2005/2006,WAIRAU ROAD,GLENFIELD ROAD,,Non-Injury Crash,No,2006,0,South,0,0,0,Flat,0,,0,,0,Bright sun,183100,0,0,0,4,0,0,0,0,1,,0,0,Auckland Region,Nil,2-way,Sealed,0,0,0,0,50,0,Off,0,0,,76,Auckland,Nil,0,0,0,0,0,0,Urban,0,0,0,Fine,Null
1876729,5821394,29989,,537500,0,,0,1,,South,2006/2007,WATLING ST,TWENTYTHIRD AVENUE,,Non-Injury Crash,No,2006,,North,,0,,Flat,,,,,,Twilight,1171400,0,0,1,2,,,0,,,,,,Bay of Plenty Region,Nil,2-way,Sealed,,0,0,,50,,Off,0,0,,23,Tauranga City,Nil,,,,,0,0,Urban,0,,,Fine,Null
1764205,5914470,29990,,520303,0,,0,1,,North,2006/2007,MOUNT WELLINGTON HIGHWAY,MALONE ROAD,,Non-Injury Crash,No,2006,,South,,0,,Flat,,,,,,Overcast,627500,0,0,0,4,,,0,,,,,,Auckland Region,Nil,2-way,Sealed,,0,0,,50,,Off,0,0,,76,Auckland,Nil,,,,,1,0,Urban,0,,,Fine,Null
1876334,5781492,29991,,538863,0,,0,2,,North,2005/2006,SH 5,DALBETH ROAD,,Non-Injury Crash,Yes,2006,,South,,0,,Flat,,,,,,Dark,1265501,0,0,0,2,,,0,,,,,,Bay of Plenty Region,Nil,2-way,Sealed,,0,0,,100,,None,0,0,,24,Rotorua District,Unknown,,,,,0,0,Open,0,,,Fine,Null
1820893,5837649,29992,75,534500,0,0,0,1,0,North,2006/2007,MORRINSVILLE TAHUNA ROAD,CAMERON ROAD,,Non-Injury Crash,No,2006,0,North,0,0,0,Flat,1,,0,,0,Bright sun,1091800,0,0,0,2,0,0,0,0,0,,0,0,Waikato Region,Nil,2-way,Sealed,0,0,0,0,100,0,None,0,0,,15,Matamata-Piako District,Nil,0,0,0,0,0,0,Open,0,0,0,Mist or Fog,Null
1749891,5914273,29993,,511303,0,0,0,1,0,West,2005/2006,REID ROAD,DELTA AVENUE,,Serious Crash,No,2006,0,West,0,0,0,Flat,0,,0,,0,Overcast,266700,0,0,0,2,0,0,0,0,0,,0,1,Auckland Region,Nil,2-way,Sealed,0,0,1,0,50,0,Off,0,0,,76,Auckland,Nil,0,0,0,1,0,0,Urban,0,0,0,Heavy rain,Strong wind
1767907,5905649,29994,,523722,0,,0,2,,Null,2005/2006,BOUNDARY ROAD,ISRAEL AVENUE,,Fatal Crash,No,2006,,East,,1,,Flat,,,,,,Overcast,715701,0,0,0,2,,,0,,,,,,Auckland Region,Nil,2-way,Sealed,,0,1,,50,,Off,0,0,,76,Auckland,Give way,,,,,0,0,Urban,0,,,Fine,Null
1756745,5920552,29995,,514102,0,,0,2,,West,2005/2006,VICTORIA ST WEST,HARDINGE ST,,Non-Injury Crash,No,2006,,West,,0,,Hill Road,,,,,,Bright sun,433700,0,0,0,4,,,0,,,,,,Auckland Region,Nil,2-way,Sealed,,0,0,,50,,Off,0,0,,76,Auckland,Nil,,,,,0,0,Urban,0,,,Fine,Null
1761238,5912419,29996,,519500,0,,0,1,,East,2005/2006,CHURCH ST,MAURICE ROAD,,Non-Injury Crash,No,2006,,West,,0,,Flat,,,,,,Bright sun,621700,0,0,0,2,,,0,,,,,,Auckland Region,Nil,2-way,Sealed,,0,0,,50,,Off,0,0,,76,Auckland,Nil,,,,,2,0,Urban,0,,,Fine,Null
1790680,5840772,29997,,527402,0,,0,1,,East,2005/2006,Z CPK HUNTLY HOTEL,MAIN ST,,Serious Crash,No,2006,,West,,0,,Flat,,,,,,Bright sun,943900,0,0,0,0,,,0,,,1,,,Waikato Region,Nil,Off road,Sealed,,0,1,,30,,Null,0,0,,13,Waikato District,Unknown,,,,,0,0,Urban,0,,,Fine,Null
1743176,5915960,29998,,513012,0,0,0,1,0,North,2005/2006,VIRGINIA ST,SAN MARINO DRIVE WEST,,Non-Injury Crash,No,2006,0,South,0,0,0,Hill Road,0,,0,,0,Overcast,280805,0,0,0,1,0,0,0,0,0,,0,0,Auckland Region,Nil,2-way,Sealed,0,0,0,0,50,0,Off,0,0,,76,Auckland,Nil,0,0,0,0,1,0,Urban,0,1,0,Light rain,Null
1754809,5445067,29999,,571502,0,,0,2,,South,2005/2006,SH 1N,THE RAMP OFF SBD,,Non-Injury Crash,Yes,2006,,South,,0,,Flat,,,,,,Bright sun,2056639,0,0,0,2,,,0,,,,,,Wellington Region,Nil,1-way,Sealed,,0,0,,100,,Null,0,0,,44,Porirua City,Nil,,,,,0,0,Open,0,,,Fine,Null
1788047,5566521,30000,,559230,0,0,0,2,0,North,2006/2007,SH 3,STATION ROAD,,Minor Crash,Yes,2006,0,North,0,0,0,Hill Road,1,,0,,0,Bright sun,1733600,3,0,0,3,0,0,0,0,0,,0,0,Manawatū-Whanganui Region,Nil,2-way,Sealed,0,0,0,0,100,0,Null,0,0,,38,Rangitikei District,Nil,0,0,0,0,0,0,Open,0,0,0,Fine,Null
1792992,5834158,30001,,527112,0,0,0,1,0,North,2006/2007,GREAT SOUTH ROAD,LOVELL AVENUE,,Non-Injury Crash,No,2006,0,South,0,0,0,Flat,0,,0,,0,Dark,951300,0,0,0,2,0,0,0,0,0,,0,0,Waikato Region,Nil,2-way,Sealed,0,0,0,0,70,0,On,0,0,,13,Waikato District,Nil,1,0,0,0,0,0,Urban,0,0,0,Fine,Null
1798490,5821123,30002,,527006,1,0,0,2,0,East,2006/2007,COMMODORE AVENUE,RIVER ROAD,,Serious Crash,No,2006,0,East,0,0,0,Flat,0,,0,,0,Bright sun,952006,0,0,0,2,0,0,0,0,1,,0,0,Waikato Region,Nil,2-way,Sealed,0,0,1,0,50,0,Null,0,0,,16,Hamilton City,Unknown,0,0,0,0,0,0,Urban,0,0,0,Fine,Null
1879385,5819984,30003,,537900,0,,0,0,,Null,2005/2006,SH 2A,SH 29,,Non-Injury Crash,Yes,2006,,North,,0,,Flat,,,,,,Dark,1177800,0,0,1,4,,,0,,,,,,Bay of Plenty Region,Nil,2-way,Sealed,,0,0,,50,,On,0,0,,23,Tauranga City,Give way,,,,,0,0,Urban,1,,,Fine,Null
1226542,4861439,30004,,610051,0,0,0,1,0,East,2006/2007,SH 99,MUIRHEAD ROAD,,Minor Crash,Yes,2006,0,East,0,0,1,Flat,0,,0,,0,Dark,3185200,1,0,0,2,0,0,0,0,0,,0,1,Southland Region,Nil,2-way,Sealed,0,0,0,0,100,0,None,0,0,,73,Southland District,Unknown,0,0,0,0,0,0,Open,0,0,0,Snow,Null
1756651,5919293,30005,,514200,0,,0,1,,North,2005/2006,SH 1N,UPPER QUEEN OBR,,Non-Injury Crash,Yes,2006,,South,,0,,Hill Road,,,,,,Dark,411900,0,0,0,2,,,0,,,,,,Auckland Region,Nil,1-way,Sealed,,0,0,,80,,On,1,0,,76,Auckland,Nil,,,,,0,0,Open,0,,,Light rain,Null
1772427,5884445,30006,,521122,0,,0,1,,South,2005/2006,RUNCIMAN ROAD,NORFOLK KING DRIVE,,Non-Injury Crash,No,2006,,North,,0,,Flat,,,,,,Overcast,826902,0,0,0,2,,,0,,,,,,Auckland Region,Nil,2-way,Sealed,,0,0,,100,,None,0,0,,76,Auckland,Nil,,,,,1,0,Open,0,,,Fine,Null
1717858,6038744,30007,,502005,0,,0,3,,North,2006/2007,SH 1N,LOOP ROAD S,,Non-Injury Crash,Yes,2006,,South,,0,,Flat,,,,,,Overcast,76400,0,0,0,2,,,0,,,,,,Northland Region,Nil,2-way,Sealed,,0,0,,100,,None,0,0,,2,Whangarei District,Nil,,,,,0,0,Open,1,,,Fine,Null
1659078,6075770,30008,,500802,0,,0,2,,East,2005/2006,SH 12,PUHA ROAD,,Minor Crash,Yes,2006,,East,,0,,Flat,,Queens Birthday,,,,Dark,22500,2,0,0,2,,,0,,,,,,Northland Region,Nil,2-way,Sealed,,0,0,,100,,None,0,0,,1,Far North District,Nil,,,,,0,0,Open,0,,,Heavy rain,Null
1813648,5825835,30009,,527125,0,,0,1,,Null,2006/2007,WAVERLEY ROAD,PIAKO ROAD,,Minor Crash,No,2006,,North,,0,,Flat,,,,,,Overcast,954500,1,0,0,2,,,0,,,,,,Waikato Region,Nil,2-way,Sealed,,0,0,,100,,None,1,0,,13,Waikato District,Give way,,,,,0,0,Open,0,,,Light rain,Null
1760080,5923813,30010,,509300,0,,0,1,,South,2006/2007,LAKE ROAD,SEABREEZE ROAD,,Minor Crash,No,2006,,South,,0,,Flat,,,,,,Bright sun,336900,1,0,0,2,,,0,,,1,,,Auckland Region,Nil,2-way,Sealed,,0,0,,50,,Null,0,0,,76,Auckland,Nil,,,,,0,0,Urban,0,,,Fine,Null
1765735,5906735,30011,,522301,1,,0,1,,Null,2005/2006,GREAT SOUTH ROAD,SUTTON CRESCENT,,Minor Crash,No,2006,,North,,0,,Flat,,,,,,Bright sun,667500,1,0,0,2,,,0,,,,,,Auckland Region,Nil,2-way,Sealed,,0,0,,50,,Off,0,0,,76,Auckland,Traffic Signals,,,,,0,0,Urban,0,,,Fine,Null
1763907,5910089,30012,,521901,1,,0,1,,North,2005/2006,GREAT SOUTH ROAD,PRINCES ST,,Minor Crash,No,2006,,North,,0,,Flat,,,,,,Bright sun,782600,1,0,0,2,,,0,,,,,,Auckland Region,Nil,2-way,Sealed,,0,0,,50,,Off,0,0,,76,Auckland,Nil,,,,,0,0,Urban,0,,,Fine,Null
1679656,5403834,30013,,581230,0,,0,2,,Null,2005/2006,Z CPK COUNTDOWN,SEYMOUR ST,,Non-Injury Crash,No,2006,,South,,0,,Flat,,,,,,Bright sun,2298900,0,0,0,0,,,0,,,,,,Marlborough Region,Nil,Off road,Sealed,,0,0,,50,,Null,0,0,,53,Marlborough District,Nil,,,,,0,0,Urban,0,,,Fine,Null
1755087,5929157,30014,,508320,0,,0,2,,Null,2006/2007,WAIRAU ROAD,VIEW ROAD E,,Non-Injury Crash,No,2006,,North,,0,,Flat,,,,,,Bright sun,196600,0,0,0,5,,,0,,,,,,Auckland Region,Nil,2-way,Sealed,,0,0,,50,,Off,0,0,,76,Auckland,Give way,,,,,0,0,Urban,0,,,Fine,Null
1766722,5904676,30015,,524604,0,,0,2,,Null,2006/2007,LAMBIE DRIVE,CAVENDISH DRIVE,,Non-Injury Crash,No,2006,,North,,0,,Flat,,,,,,Bright sun,780209,0,0,0,2,,,0,,,,,,Auckland Region,Nil,2-way,Sealed,,0,0,,50,,Off,0,0,,76,Auckland,Give way,,,,,0,0,Urban,0,,,Fine,Null
1745199,5918858,30016,,513302,0,,0,1,,South,2005/2006,LINCOLN ROAD,MOSELLE AVENUE,,Minor Crash,No,2006,,North,,0,,Flat,,,,,,Overcast,230802,3,0,0,4,,,0,,,,,,Auckland Region,Nil,2-way,Sealed,,0,0,,50,,On,0,0,,76,Auckland,Nil,,,,,0,0,Urban,1,,,Fine,Null
1728426,6008867,30017,65,501815,0,0,0,1,1,South,2006/2007,SH 1N,WAIPU GORGE ROAD,,Non-Injury Crash,Yes,2006,0,North,1,0,0,Hill Road,0,,0,,0,Overcast,81300,0,0,0,2,0,0,0,0,0,,0,0,Northland Region,Nil,2-way,Sealed,0,0,0,0,100,0,Null,0,0,,2,Whangarei District,Unknown,0,0,0,0,0,0,Open,0,0,0,Heavy rain,Null
1867357,5712954,30018,,541720,0,0,0,1,0,East,2005/2006,NORTHCROFT ST,TITIRAUPENGA ST,,Non-Injury Crash,No,2006,0,East,0,0,0,Flat,0,,0,,0,Dark,1274400,0,0,0,2,0,0,0,0,0,,0,1,Waikato Region,Nil,2-way,Sealed,0,0,0,0,50,0,On,0,0,,21,Taupo District,Unknown,0,0,0,0,0,0,Urban,0,0,0,Light rain,Null
1747383,5913647,30019,,511100,0,0,0,1,0,West,2005/2006,BOWERS ROAD,WEST COAST ROAD,,Non-Injury Crash,No,2006,0,East,0,0,1,Hill Road,0,,0,,0,Dark,286701,0,0,0,2,0,0,0,0,0,,1,0,Auckland Region,Nil,2-way,Sealed,0,0,0,0,50,0,On,0,0,,76,Auckland,Nil,0,0,0,0,0,0,Urban,0,0,0,Fine,Null
1665269,6075840,30020,65,501634,0,,0,0,,West,2005/2006,SH 12,MANGATOA ROAD,,Serious Crash,Yes,2006,,East,,0,,Hill Road,,,,,,Bright sun,37901,0,0,1,2,,,0,,,,,,Northland Region,Nil,2-way,Sealed,,0,1,,100,,None,0,0,,1,Far North District,Nil,,,,,0,0,Open,0,,,Fine,Null
1879307,5824580,30021,,538201,0,,0,2,,Null,2006/2007,WHARF ST,DURHAM ST,,Non-Injury Crash,No,2006,,West,,0,,Flat,,Labour Weekend,,,,Bright sun,1163900,0,0,0,2,,,0,,,,,,Bay of Plenty Region,Nil,2-way,Sealed,,0,0,,50,,Null,0,0,,23,Tauranga City,Give way,,,,,0,0,Urban,0,,,Fine,Null
1757542,5926215,30022,,507900,0,,0,2,,Null,2006/2007,BARRYS POINT ROAD,ESMONDE ROAD,,Minor Crash,Yes,2006,,South,,0,,Hill Road,,,,,,Bright sun,304200,1,0,0,4,,,0,,,,,,,Nil,2-way,Sealed,,0,0,,50,,Off,0,0,,76,Auckland,Give way,,,,,0,0,Urban,0,,,Fine,Null
1754537,5912371,30023,,519002,0,0,0,2,0,North,2006/2007,DOMINION ROAD,KATAVICH PLACE,,Non-Injury Crash,No,2006,0,North,0,0,0,Flat,0,,0,,0,Dark,589400,0,0,0,2,0,0,0,0,1,,0,0,Auckland Region,Nil,2-way,Sealed,0,0,0,0,50,0,On,0,0,,76,Auckland,Nil,0,0,0,0,0,0,Urban,0,0,0,Fine,Null
1816882,5803603,30024,,527503,0,,0,2,,Null,2005/2006,SH 1N VICTORIA,SH 1N HAMILTON,,Non-Injury Crash,Yes,2006,,North,,0,,Flat,,,,,,Overcast,962602,0,0,0,2,,,0,,,,,,Waikato Region,Nil,2-way,Sealed,,0,0,,50,,Null,0,0,,17,Waipa District,Give way,,,,,0,0,Urban,0,,,Fine,Null
1794701,5520043,30025,,561500,0,0,0,0,0,North,2005/2006,SH 1N,VICTORIA ST,,Minor Crash,Yes,2006,0,North,0,0,0,Flat,0,,0,,0,Dark,1785001,2,0,0,2,0,0,0,0,0,,0,0,Manawatū-Whanganui Region,Nil,2-way,Sealed,0,0,0,0,100,0,None,1,0,,42,Horowhenua District,Nil,0,0,0,1,1,0,Open,0,0,0,Fine,Null
1748921,5427260,30026,,573101,0,0,0,1,0,West,2005/2006,DIXON ST,TARANAKI ST,,Non-Injury Crash,No,2006,0,West,0,0,0,Flat,0,,0,,0,Overcast,2133300,0,0,0,2,0,0,0,0,1,,0,0,Wellington Region,Nil,1-way,Sealed,0,0,0,0,50,0,Null,0,0,,47,Wellington City,Nil,0,0,0,0,0,0,Urban,1,0,0,Fine,Null
1881124,5826501,30027,,536821,1,,0,1,,Null,2006/2007,SH 2,TOTARA ST,,Minor Crash,Yes,2006,,South,,0,,Flat,,,,,,Overcast,1204200,1,0,0,4,,,0,,,,,,Bay of Plenty Region,Nil,2-way,Sealed,,0,0,,70,,Null,0,0,,23,Tauranga City,Give way,,,,,0,0,Urban,0,,,Fine,Null
1719941,6045504,30028,,503100,0,,0,2,,Null,2006/2007,REYBURN ST,ROBERT ST,,Non-Injury Crash,No,2006,,North,,0,,Flat,,,,,,Bright sun,99904,0,0,0,2,,,0,,,,,,Northland Region,Nil,2-way,Sealed,,0,0,,50,,Off,0,0,,2,Whangarei District,Give way,,,,,0,0,Urban,0,,,Fine,Null
1764068,5915017,30029,,520302,0,,0,1,,Null,2005/2006,LUNN AVENUE,ELLERSLIE-PANMURE HIGHWAY,,Non-Injury Crash,No,2006,,North,,0,,Flat,,,,,,Dark,626500,0,0,0,1,,,0,,,,,,Auckland Region,Nil,2-way,Sealed,,0,0,,50,,On,0,0,,76,Auckland,Nil,,,,,0,0,Urban,1,,,Fine,Null
1769394,5916271,30030,,522730,0,,0,2,,Null,2006/2007,PIGEON MOUNTAIN ROAD,PRINCE REGENT DRIVE,,Non-Injury Crash,No,2006,,North,,0,,Hill Road,,,,,,Overcast,678900,0,0,0,2,,,0,,,,,,Auckland Region,Nil,2-way,Sealed,,0,0,,50,,Off,0,0,,76,Auckland,Stop,,,,,0,0,Urban,0,,,Fine,Null
1765611,5920077,30031,,516700,0,0,0,2,0,South,2005/2006,ST HELIERS BAY ROAD,TAMAKI DRIVE,,Non-Injury Crash,No,2006,0,East,0,0,0,Flat,0,,0,,0,Overcast,509300,0,0,0,2,0,0,0,0,0,,0,0,Auckland Region,Nil,2-way,Sealed,0,0,0,0,50,0,Off,0,0,,76,Auckland,Nil,0,0,0,0,0,0,Urban,0,1,0,Fine,Null
1751619,5437244,30032,,573513,0,0,0,1,0,Null,2006/2007,LAKEWOOD AVENUE,WESTCHESTER DRIVE,,Minor Crash,No,2006,0,East,0,0,1,Hill Road,0,,1,,0,Dark,2086609,1,0,0,2,0,0,0,0,0,,0,0,Wellington Region,Nil,2-way,Sealed,0,0,0,0,50,0,On,0,0,,47,Wellington City,Nil,0,0,0,0,0,0,Urban,0,0,0,Fine,Null
1760430,5435908,30033,,569100,0,,1,2,,East,2005/2006,KNIGHTS ROAD,PENROSE ST,,Minor Crash,No,2006,,West,,0,,Flat,,,,,,Overcast,1970200,1,0,0,2,,,0,,,,,,Wellington Region,Nil,2-way,Sealed,,0,0,,50,,Null,0,0,,46,Lower Hutt City,Nil,,,,,0,0,Urban,0,,,Light rain,Null
1761467,5920120,30034,,516400,0,0,0,1,0,East,2006/2007,TAMAKI DRIVE,NGAPIPI ROAD,,Non-Injury Crash,No,2006,0,West,0,0,0,Flat,0,,0,,0,Overcast,496600,0,0,0,4,0,0,0,0,0,,0,0,Auckland Region,Nil,2-way,Sealed,0,0,0,0,50,0,Off,0,0,,76,Auckland,Nil,0,0,0,0,1,0,Urban,0,1,0,Fine,Null
1756822,5915892,30035,,518301,0,,1,1,,South,2006/2007,MOUNT EDEN ROAD,BALMORAL ROAD,,Non-Injury Crash,No,2006,,South,,0,,Hill Road,,,,,,Twilight,557000,0,0,0,4,,,0,,,,,,Auckland Region,Nil,2-way,Sealed,,0,0,,50,,On,0,0,,76,Auckland,Traffic Signals,,,,,0,0,Urban,0,,,Fine,Null
1870993,5823916,30036,,536503,0,,0,2,,Null,2005/2006,TE PUNA ROAD,ARMSTRONG ROAD,,Non-Injury Crash,No,2006,,North,,0,,Flat,,,,,,Overcast,1188103,0,0,0,2,,,0,,,,,,Bay of Plenty Region,Nil,2-way,Sealed,,0,0,,80,,Null,0,0,,22,Western Bay of Plenty District,Give way,,,,,0,0,Open,0,,,Fine,Null
1352864,4896185,30037,,606700,0,0,0,1,1,South,2006/2007,SH 8,LINK ROAD,,Minor Crash,Yes,2006,0,North,1,0,0,Flat,0,,0,,0,Bright sun,2982400,1,0,0,2,0,0,0,0,0,,0,0,Otago Region,Nil,2-way,Sealed,0,0,0,0,100,0,Null,0,0,,72,Clutha District,Unknown,0,0,0,0,0,0,Open,0,0,0,Fine,Strong wind
1754254,5918542,30038,,515431,0,,0,2,,Null,2006/2007,GREAT NORTH ROAD,BULLOCK TRACK,,Minor Crash,No,2006,,East,,0,,Flat,,,,,,Bright sun,405000,1,0,0,4,,,0,,,,,,Auckland Region,Nil,2-way,Sealed,,0,0,,50,,Off,0,0,,76,Auckland,Stop,,,,,0,0,Urban,0,,,Fine,Null
1756158,5928094,30039,,507900,0,,0,1,,Null,2006/2007,WAIRAU ROAD,FORREST HILL ROAD,,Non-Injury Crash,No,2006,,West,,0,,Flat,,,,,,Dark,307000,0,0,0,2,,,0,,,,,,Auckland Region,Nil,2-way,Sealed,,0,0,,50,,On,0,0,,76,Auckland,Traffic Signals,,,,,0,0,Urban,1,,,Fine,Null
1846595,5780274,30040,,535261,0,0,0,0,0,North,2006/2007,SH 1N,SCRIVENERS ROAD,,Non-Injury Crash,Yes,2006,0,North,1,0,0,Flat,0,,0,,0,Overcast,1132700,0,0,0,2,0,0,0,0,0,,0,0,Waikato Region,Nil,2-way,Sealed,0,0,0,0,100,0,Null,0,0,,19,South Waikato District,Unknown,0,0,0,0,1,0,Open,0,0,0,Fine,Null
1397217,4913750,30041,,601900,0,0,0,0,1,West,2005/2006,MORRIS ROAD,COACH ROAD,,Serious Crash,No,2006,0,West,1,0,0,Hill Road,0,,0,,0,Dark,2971100,0,0,0,2,0,0,0,0,0,,0,0,Otago Region,Nil,2-way,Sealed,0,0,1,0,80,0,None,1,0,,71,Dunedin City,Unknown,0,0,0,0,0,0,Open,0,0,0,Snow,Null
1862252,5808224,30042,,536630,0,0,0,1,0,South,2006/2007,SH 29,VALLEY VIEW ROAD,,Minor Crash,Yes,2006,0,North,0,0,1,Hill Road,0,,0,,0,Dark,1191900,1,0,0,4,0,0,0,0,0,,0,1,Bay of Plenty Region,Nil,2-way,Sealed,0,0,0,0,100,0,None,0,0,,22,Western Bay of Plenty District,Nil,0,0,0,1,0,0,Open,0,0,0,Fine,Null
1865229,5745849,30043,,541334,0,,0,0,,East,2005/2006,SH 1N,HANUI ROAD,,Minor Crash,Yes,2006,,West,,0,,Hill Road,,,,,,Twilight,1276201,1,0,0,2,,,0,,,,,,Waikato Region,Nil,2-way,Sealed,,0,0,,100,,None,0,0,,21,Taupo District,Unknown,,,,,1,0,Open,0,,,Mist or Fog,Null
1751247,5955558,30044,,506613,0,,0,2,,East,2006/2007,HIBISCUS COAST HIGHWAY,FOWLER ACCESS ROAD,,Non-Injury Crash,No,2006,,East,,0,,Hill Road,,,,,,Overcast,147000,0,0,0,2,,,0,,,,,,Auckland Region,Nil,2-way,Sealed,,0,0,,80,,None,0,0,,76,Auckland,Nil,,,,,0,0,Open,1,,,Light rain,Null
1761513,5913802,30045,,520202,0,,0,1,,Null,2006/2007,STATION ROAD,GREAT SOUTH ROAD,,Non-Injury Crash,No,2006,,North,,0,,Flat,,,,,,Overcast,612300,0,0,0,4,,,0,,,,,,Auckland Region,Nil,2-way,Sealed,,0,0,,50,,Off,0,0,,76,Auckland,Traffic Signals,,,,,0,0,Urban,1,,,Fine,Null
1751627,5949847,30046,,505805,0,,0,2,,North,2005/2006,HIBISCUS COAST HIGHWAY,FLORENCE AVENUE,,Non-Injury Crash,No,2006,,North,,0,,Flat,,,,,,Bright sun,171500,0,0,0,4,,,0,,,,,,Auckland Region,Nil,2-way,Sealed,,0,0,,50,,Off,0,0,,76,Auckland,Nil,,,,,0,0,Urban,0,,,Fine,Null
1459629,5081340,30047,,599600,0,,0,2,,West,2005/2006,OTIPUA ROAD,WOODLANDS ROAD,,Minor Crash,No,2006,,South,,0,,Flat,,,,,,Overcast,2798000,3,0,0,2,,,0,,,,,,Canterbury Region,Nil,2-way,Sealed,,0,0,,50,,Null,0,0,,64,Timaru District,Unknown,,,,,0,0,Urban,0,,,Light rain,Null
1762596,5919448,30048,,516400,0,0,0,2,0,North,2006/2007,KUPE ST,HAWAIKI ST,,Non-Injury Crash,No,2006,0,North,0,0,0,Flat,0,,0,,0,Dark,497900,0,0,0,2,0,0,0,0,1,,0,0,Auckland Region,Nil,2-way,Sealed,0,0,0,0,50,0,On,0,0,,76,Auckland,Nil,0,0,0,0,0,0,Urban,0,0,0,Fine,Null
1756011,5918625,30049,,515500,0,,0,2,,East,2006/2007,SH 16,NEWTON OFF EBD,,Non-Injury Crash,Yes,2006,,East,,0,,Flat,,,,,,Bright sun,418700,0,0,0,2,,,0,,,,,,Auckland Region,Nil,1-way,Sealed,,0,0,,80,,Off,0,0,,76,Auckland,Nil,,,,,0,0,Open,0,,,Fine,Null
1243466,4850608,30050,,610800,0,0,0,2,0,Null,2006/2007,ST ANDREWS ST,QUEENS DRIVE,,Minor Crash,No,2006,0,North,0,0,0,Flat,0,,0,,0,Dark,3117000,1,0,0,2,0,0,0,0,1,,0,0,Southland Region,Nil,2-way,Sealed,0,0,0,0,50,0,On,0,0,,75,Invercargill City,Nil,0,0,0,0,0,0,Urban,0,0,0,Light rain,Null
1765582,5698692,30051,40,532700,0,,0,1,,North,2006/2007,WAITAANGA ROAD,WAITAANGA SADDLE,,Minor Crash,No,2006,,East,,0,,Flat,,,,,,Overcast,1039600,2,0,0,2,,,0,,,,,,Manawatū-Whanganui Region,Nil,2-way,Unsealed,,0,0,,100,,Null,0,0,,36,Ruapehu District,Nil,,,,,1,0,Open,0,,,Fine,Null
1747693,5426137,30052,,573200,1,,0,1,,Null,2006/2007,BROOKLYN ROAD,OHIRO ROAD,,Minor Crash,No,2006,,South,,0,,Hill Road,,,,,,Overcast,2159300,1,0,0,2,,,0,,,,,,Wellington Region,Nil,2-way,Sealed,,0,0,,50,,Null,0,0,,47,Wellington City,Give way,,,,,0,0,Urban,0,,,Fine,Null
1755317,5935442,30053,,507101,0,0,0,1,0,Null,2005/2006,WOODLANDS CRESCENT,CAPRICORN PLACE,,Minor Crash,No,2006,0,West,0,0,0,Hill Road,0,,0,,0,Overcast,162501,2,0,0,2,0,0,0,0,0,,0,1,Auckland Region,Nil,2-way,Sealed,0,0,0,0,50,0,Off,0,0,,76,Auckland,Nil,0,0,0,0,0,0,Urban,0,0,0,Fine,Null
1774248,5895552,30054,,525510,0,,0,1,,North,2006/2007,HUNUA ROAD,PARKER ST,,Non-Injury Crash,No,2006,,North,,0,,Flat,,,,,,Bright sun,801002,0,0,0,2,,,0,,,,,,Auckland Region,Nil,2-way,Sealed,,0,0,,50,,Off,0,0,,76,Auckland,Nil,,,,,0,0,Urban,1,,,Fine,Null
1763490,5909115,30055,,521901,0,,0,3,,South,2005/2006,WALMSLEY ROAD,LIPPIATT ROAD,,Minor Crash,No,2006,,South,,0,,Flat,,,,,,Twilight,783400,1,0,0,4,,,0,,,,,,Auckland Region,Nil,2-way,Sealed,,0,0,,50,,On,0,0,,76,Auckland,Nil,,,,,0,0,Urban,0,,,Light rain,Null
1749477,5425332,30056,,576500,0,,0,1,,Null,2005/2006,Z CPK,COROMANDEL/MEIN,,Serious Crash,No,2006,,North,,0,,Flat,,,,,,Overcast,2149000,0,0,0,0,,,0,,,1,,,Wellington Region,Nil,Off road,Sealed,,0,1,,50,,Null,0,0,,47,Wellington City,Nil,,,,,0,0,Urban,1,,,Fine,Null