X,Y,OBJECTID,advisorySpeed,areaUnitID,bicycle,bridge,bus,carStationWagon,cliffBank,crashDirectionDescription,crashFinancialYear,crashLocation1,crashLocation2,crashRoadSideRoad,crashSeverity,crashSHDescription,crashYear,debris,directionRoleDescription,ditch,fatalCount,fence,flatHill,guardRail,holiday,houseOrBuilding,intersection,kerb,light,meshblockId,minorInjuryCount,moped,motorcycle,NumberOfLanes,objectThrownOrDropped,otherObject,otherVehicleType,overBank,parkedVehicle,pedestrian,phoneBoxEtc,postOrPole,region,roadCharacter,roadLane,roadSurface,roadworks,schoolBus,seriousInjuryCount,slipOrFlood,speedLimit,strayAnimal,streetLight,suv,taxi,temporarySpeedLimit,tlaId,tlaName,trafficControl,trafficIsland,trafficSign,train,tree,truck,unknownVehicleType,urban,vanOrUtility,vehicle,waterRiver,weatherA,weatherB
1777126,5478784,30057,,563920,0,0,0,0,0,North,2005/2006,SH 1N,TE HAPUA ROAD,,Minor Crash,Yes,2006,0,North,0,0,0,Hill Road,0,,0,,0,Bright sun,1883902,1,0,0,2,0,0,1,0,1,,0,0,Wellington Region,Nil,2-way,Sealed,0,0,0,0,100,0,Null,0,0,,43,Kapiti Coast District,Nil,0,0,0,0,0,0,Open,1,0,0,Fine,Null
1747044,5919780,30058,,512300,0,,0,0,,West,2005/2006,SH 16,TE ATATU OBR,,Serious Crash,Yes,2006,,East,,0,,Flat,,,,,,Bright sun,251700,0,0,1,2,,,0,,,,,,Auckland Region,Nil,1-way,Sealed,,0,1,,100,,Off,0,0,,76,Auckland,Nil,,,,,0,0,Open,1,,,Fine,Null
1744717,5922843,30059,,513530,0,,0,1,,North,2005/2006,MOIRE ROAD,GLENBURY PLACE,,Non-Injury Crash,No,2006,,North,,0,,Flat,,,,,,Dark,224407,0,0,0,2,,,0,,,,,,Auckland Region,Nil,2-way,Sealed,,0,0,,50,,On,0,0,,76,Auckland,Nil,,,,,1,0,Urban,0,,,Fine,Null
1798089,5816149,30060,,528501,0,0,0,2,0,Null,2006/2007,AVALON DRIVE,FOREST LAKE ROAD,,Minor Crash,No,2006,0,South,0,0,0,Hill Road,0,Christmas New Year,0,,0,Bright sun,905300,3,0,0,4,0,0,0,0,0,,0,0,Waikato Region,Nil,2-way,Sealed,0,0,0,0,50,0,Null,0,0,,16,Hamilton City,Traffic Signals,1,0,0,0,0,0,Urban,0,0,0,Fine,Null
1751262,5934425,30061,,508701,0,,0,0,,North,2005/2006,DAIRY FLAT HIGHWAY,GILLS ROAD,,Non-Injury Crash,No,2006,,South,,0,,Flat,,,,,,Bright sun,178800,0,0,0,2,,,0,,,,,,Auckland Region,Nil,2-way,Sealed,,0,0,,50,,Off,0,0,,76,Auckland,Nil,,,,,0,0,Urban,2,,,Fine,Null
1764863,5910289,30062,,521801,0,,0,1,,Null,2006/2007,ALBERT ST,PRINCES ST,,Non-Injury Crash,No,2006,,South,,0,,Flat,,,,,,Overcast,787700,0,0,0,2,,,0,,,,,,Auckland Region,Nil,2-way,Sealed,,0,0,,50,,Off,1,0,,76,Auckland,Nil,,,,,0,0,Urban,0,,,Light rain,Null
1801844,5814959,30063,,530200,0,,0,2,,Null,2006/2007,GREY ST,BRIDGE ST,,Minor Crash,No,2006,,North,,0,,Flat,,,,,,Dark,892800,2,0,0,2,,,0,,,,,,Waikato Region,Nil,2-way,Sealed,,0,0,,50,,On,0,0,,16,Hamilton City,Traffic Signals,,,,,0,0,Urban,0,,,Fine,Null
1245229,4846800,30064,,611800,0,,0,2,,Null,2006/2007,SCOTT ST,SCOTT ST,,Minor Crash,No,2006,,North,,0,,Flat,,,,,,Overcast,3150800,1,0,0,2,,,0,,,,,,Southland Region,Nil,2-way,Sealed,,0,0,,100,,Null,0,0,,75,Invercargill City,Stop,,,,,0,0,Open,0,,,Fine,Null
1769980,5910006,30065,,523109,0,,0,2,,Null,2005/2006,TE IRIRANGI DRIVE,CHAPLETOWN DRIVE,,Non-Injury Crash,No,2006,,South,,0,,Flat,,,,,,Dark,711737,0,0,0,6,,,0,,,,,,Auckland Region,Nil,2-way,Sealed,,0,0,,50,,On,0,0,,76,Auckland,Traffic Signals,,,,,0,0,Urban,0,,,Fine,Null
1573257,5179410,30066,,593502,0,,0,1,,South,2006/2007,ALDWINS ROAD,HARROW ST,,Minor Crash,No,2006,,East,,0,,Flat,,,,,,Dark,2605100,2,0,0,4,,,0,,,,,,Canterbury Region,Nil,2-way,Sealed,,0,0,,60,,On,0,0,,60,Christchurch City,Unknown,,,,,0,0,Urban,1,,,Light rain,Null
1562184,5180059,30067,,587812,0,,0,1,,Null,2005/2006,SH 1S CARMEN,BUCHANANS ROAD,,Minor Crash,Yes,2006,,South,,0,,Flat,,,,,,Dark,2495112,1,0,0,6,,,0,,,,,,Canterbury Region,Nil,2-way,Sealed,,0,0,,50,,On,0,0,,60,Christchurch City,Traffic Signals,,,,,0,0,Urban,1,,,Fine,Null
1717077,6056881,30068,,502001,0,,0,4,,South,2005/2006,SH 1N,GEORGE ST,,Fatal Crash,Yes,2006,,North,,1,,Flat,,,,,,Bright sun,64300,1,0,0,2,,,0,,,,,,Northland Region,Nil,2-way,Sealed,,0,2,,100,,None,0,0,,2,Whangarei District,Nil,,,,,0,0,Open,0,,,Fine,Null
1242394,4850268,30069,,610800,0,,0,3,,Null,2006/2007,SH 6,GALA ST,,Minor Crash,Yes,2006,,East,,0,,Flat,,,,,,Dark,3116000,2,0,0,4,,,0,,,,,,Southland Region,Nil,2-way,Sealed,,0,0,,50,,On,0,0,,75,Invercargill City,Traffic Signals,,,,,0,0,Urban,0,,,Light rain,Strong wind
1751907,5435656,30070,,573514,0,,0,3,,North,2005/2006,SH 1N,JOHNSONVILLE ON NBD,,Minor Crash,Yes,2006,,North,,0,,Flat,,,,,,Dark,2081100,3,0,0,2,,,0,,,,,,Wellington Region,Nil,1-way,Sealed,,0,0,,100,,On,0,0,,47,Wellington City,Nil,,,,,0,0,Open,0,,,Fine,Null
1850067,5765582,30071,,535330,0,0,0,1,0,Null,2005/2006,MAY ST,ELIZABETH DRIVE,,Non-Injury Crash,No,2006,0,South,0,0,0,Flat,0,,0,,0,Overcast,1135000,0,0,0,2,0,0,0,0,0,,0,1,Waikato Region,Nil,2-way,Sealed,0,0,0,0,50,0,Null,0,0,,19,South Waikato District,Give way,0,0,0,0,0,0,Urban,0,0,0,Fine,Null
1756258,5927461,30072,,507900,0,,0,2,,Null,2005/2006,SH 1N,NORTHCOTE ON NBD,,Non-Injury Crash,Yes,2006,,North,,0,,Flat,,,,,,Overcast,305201,0,0,0,3,,,0,,,,,,Auckland Region,Nil,1-way,Sealed,,0,0,,80,,Off,0,0,,76,Auckland,Nil,,,,,0,0,Open,0,,,Fine,Null
1796241,5692815,30073,,532903,0,0,0,1,0,East,2006/2007,SUNSHINE SETTLEMENT ROAD,HIKUMUTU ROAD,,Minor Crash,No,2006,0,West,0,0,0,Hill Road,0,,0,,0,Dark,1033000,1,0,0,2,0,0,0,1,0,,0,0,Manawatū-Whanganui Region,Nil,2-way,Sealed,0,0,0,0,50,0,On,0,0,,36,Ruapehu District,Nil,0,0,0,0,0,0,Urban,0,0,0,Fine,Null
1800532,5815204,30074,,529700,0,,0,2,,South,2005/2006,TRISTRAM ST,WARD ST,,Non-Injury Crash,No,2006,,South,,0,,Hill Road,,,,,,Overcast,910800,0,0,0,4,,,0,,,,,,Waikato Region,Nil,2-way,Sealed,,0,0,,50,,Null,0,0,,16,Hamilton City,Traffic Signals,,,,,0,0,Urban,0,,,Fine,Null
1570903,5183708,30075,,592500,0,0,0,2,0,West,2006/2007,INNES ROAD,PHILPOTTS ROAD,,Minor Crash,No,2006,0,East,0,0,0,Flat,0,,0,,0,Overcast,2679900,1,0,0,2,0,0,0,0,1,,0,0,Canterbury Region,Nil,2-way,Sealed,0,0,0,0,50,0,Null,0,0,,60,Christchurch City,Unknown,0,0,0,0,0,0,Urban,0,0,0,Fine,Null
1751337,5951090,30076,,505804,0,,0,2,,North,2006/2007,HIBISCUS COAST HIGHWAY,OLD NORTH ROAD,,Non-Injury Crash,No,2006,,North,,0,,Hill Road,,,,,,Dark,170900,0,0,0,2,,,0,,,,,,Auckland Region,Nil,2-way,Sealed,,0,0,,70,,On,0,0,,76,Auckland,Unknown,,,,,0,0,Urban,0,,,Fine,Null
1876901,5818744,30077,,537601,0,,0,2,,Null,2006/2007,OROPI ROAD,MALEME ST,,Minor Crash,No,2006,,North,,0,,Hill Road,,,,,,Overcast,1177400,2,0,0,2,,,0,,,,,,Bay of Plenty Region,Nil,2-way,Sealed,,0,0,,50,,Null,0,0,,23,Tauranga City,Stop,,,,,0,0,Urban,0,,,Fine,Null
1764943,5909841,30078,,521802,0,,0,2,,East,2005/2006,TRENWITH ST,WATER ST,,Non-Injury Crash,No,2006,,West,,0,,Flat,,,,,,Overcast,788203,0,0,0,2,,,0,,,,,,Auckland Region,Nil,2-way,Sealed,,0,0,,50,,Off,0,0,,76,Auckland,Nil,,,,,0,0,Urban,0,,,Fine,Null
1803994,5507796,30079,,564021,0,0,0,1,0,West,2005/2006,SH 57,GRAHAM ST,,Minor Crash,Yes,2006,0,North,0,0,1,Hill Road,0,Easter,0,,0,Bright sun,1854100,1,0,0,2,0,0,0,0,1,,0,0,Manawatū-Whanganui Region,Nil,2-way,Sealed,0,0,0,0,100,0,Null,0,0,,42,Horowhenua District,Nil,0,0,0,0,0,0,Open,1,0,0,Fine,Null
1846199,5684426,30080,,541346,0,0,0,1,0,South,2005/2006,SH 1N,KOROHE ROAD,,Non-Injury Crash,Yes,2006,0,North,0,0,0,Flat,0,Easter,0,,0,Dark,1287900,0,0,0,2,0,0,0,0,0,,0,0,Waikato Region,Bridge,2-way,Sealed,0,0,0,0,100,0,None,0,0,,21,Taupo District,Unknown,0,1,0,0,0,0,Open,0,0,0,Fine,Null
1755825,5936231,30081,,507000,0,0,0,0,0,South,2005/2006,DEEP CREEK ROAD,ALEXANDER AVENUE,,Minor Crash,No,2006,0,South,0,0,0,Hill Road,0,,0,,0,Dark,163100,1,0,1,2,0,0,0,0,0,,0,0,Auckland Region,Nil,2-way,Sealed,0,0,0,0,50,0,On,0,0,,76,Auckland,Nil,1,0,0,0,0,0,Urban,0,0,0,Fine,Null
1741149,5918465,30082,,513101,0,0,0,1,0,South,2005/2006,ONEILLS ROAD,POOKS ROAD,,Non-Injury Crash,No,2006,0,North,0,0,0,Hill Road,0,,0,,0,Dark,238305,0,0,0,2,0,0,0,1,0,,0,0,Auckland Region,Nil,2-way,Sealed,0,0,0,0,50,0,On,0,0,,76,Auckland,Nil,0,0,0,1,0,0,Urban,0,0,0,Fine,Null
1765400,5914530,30083,20,520602,0,,0,2,,West,2005/2006,QUEENS ROAD,KINGS ROAD,,Non-Injury Crash,No,2006,,East,,0,,Flat,,,,,,Bright sun,628800,0,0,0,2,,,0,,,,,,Auckland Region,Nil,2-way,Sealed,,0,0,,30,,Off,0,0,,76,Auckland,Nil,,,,,0,0,Urban,0,,,Fine,Null
1769705,5904689,30084,,523722,0,,0,2,,Null,2005/2006,REDOUBT ROAD,HILLTOP ROAD,,Non-Injury Crash,No,2006,,East,,0,,Hill Road,,,,,,Dark,716106,0,0,0,2,,,0,,,,,,Auckland Region,Nil,2-way,Sealed,,0,0,,50,,On,0,0,,76,Auckland,Nil,,,,,0,0,Urban,0,,,Mist or Fog,Null
1753633,5928084,30085,,508310,0,,0,1,,North,2006/2007,GLENFIELD ROAD,BENTLEY AVENUE,,Non-Injury Crash,No,2006,,North,,0,,Flat,,,,,,Overcast,200000,0,0,0,2,,,0,,,,,,Auckland Region,Nil,2-way,Sealed,,0,0,,50,,Off,0,0,,76,Auckland,Traffic Signals,,,,,1,0,Urban,0,,,Light rain,Null
1748250,5945167,30086,,506201,0,0,0,0,0,Null,2006/2007,DAIRY FLAT HIGHWAY,PINE VALLEY ROAD,,Non-Injury Crash,No,2006,0,South,1,0,0,Hill Road,0,,0,,0,Dark,176801,0,0,0,2,0,0,0,1,0,,0,0,Auckland Region,Nil,2-way,Sealed,0,0,0,0,80,0,None,1,0,,76,Auckland,Give way,0,0,0,0,0,0,Open,0,0,0,Fine,Null
1814188,5835546,30087,,534500,0,,0,1,,West,2006/2007,TAUHEI ROAD,MATUKU ROAD,,Non-Injury Crash,No,2006,,East,,0,,Hill Road,,,,,,Dark,1092000,0,0,0,2,,,0,,,,,,Waikato Region,Nil,2-way,Sealed,,0,0,,100,,None,1,0,,15,Matamata-Piako District,Nil,,,,,0,0,Open,0,,,Fine,Null
1757515,5918611,30088,,514302,0,,0,1,,Null,2005/2006,KHYBER PASS ROAD,KHYBER PASS OFF NBD,,Non-Injury Crash,Yes,2006,,North,,0,,Hill Road,,,,,,Bright sun,442000,0,0,1,5,,,0,,,,,,Auckland Region,Motorway ramp,1-way,Sealed,,0,0,,50,,Null,0,0,,76,Auckland,Traffic Signals,,,,,0,0,Urban,0,,,Fine,Null
1769618,5901823,30089,,523814,0,0,0,3,0,West,2005/2006,HILL ROAD,WHITBOURNE HEIGHTS,,Non-Injury Crash,No,2006,0,East,0,0,0,Flat,0,,0,,0,Dark,760702,0,0,0,2,0,0,0,0,2,,0,0,Auckland Region,Nil,2-way,Sealed,0,0,0,0,50,0,On,0,0,,76,Auckland,Nil,0,0,0,0,0,0,Urban,0,0,0,Fine,Null
1728401,6039685,30090,,501818,0,,0,0,,Null,2005/2006,WHANGAREI HEADS ROAD,SCOTT ROAD,,Minor Crash,No,2006,,East,,0,,Hill Road,,,,,,Overcast,73501,1,0,1,2,,,0,,,,,,Northland Region,Nil,2-way,Sealed,,0,0,,100,,None,1,0,,2,Whangarei District,Nil,,,,,0,0,Open,0,,,Fine,Null
1767340,5907244,30091,,523602,0,0,0,2,0,South,2005/2006,COBHAM CRESCENT,BOND ST,,Non-Injury Crash,No,2006,0,South,0,0,0,Flat,0,,0,,0,Overcast,708300,0,0,0,2,0,0,0,0,0,,0,1,Auckland Region,Nil,2-way,Sealed,0,0,0,0,50,0,Off,0,0,,76,Auckland,Nil,0,0,0,0,0,0,Urban,0,0,0,Light rain,Null
2035313,5708065,30092,,544400,0,,0,1,,Null,2005/2006,SH 35,BANKS ST,,Non-Injury Crash,Yes,2006,,South,,0,,Flat,,,,,,Bright sun,1375804,0,0,0,2,,,0,,,,,,Gisborne Region,Nil,2-way,Sealed,,0,0,,50,,Null,0,0,,28,Gisborne District,Give way,,,,,1,0,Urban,0,,,Fine,Null
1572109,5179562,30093,,593502,0,,0,1,,Null,2005/2006,ST ASAPH ST,PHILLIPS ST,,Serious Crash,No,2006,,West,,0,,Flat,,,,,,Overcast,2606500,0,0,0,2,,,0,,,,,,Canterbury Region,Nil,2-way,Sealed,,0,1,,50,,Null,0,0,,60,Christchurch City,Stop,,,,,1,0,Urban,0,,,Light rain,Null
1746750,5918271,30094,,512401,0,,0,3,,South,2005/2006,TE ATATU ROAD,STRID ROAD,,Non-Injury Crash,No,2006,,North,,0,,Flat,,,,,,Overcast,256600,0,0,0,2,,,0,,,,,,Auckland Region,Nil,2-way,Sealed,,0,0,,50,,Off,0,0,,76,Auckland,Nil,,,,,0,0,Urban,0,,,Light rain,Null
1755468,5929208,30095,,508510,0,,0,2,,North,2006/2007,SH 1N,TRISTRAM OBR,,Minor Crash,Yes,2006,,South,,0,,Flat,,,,,,Overcast,195200,2,0,0,3,,,0,,,,,,Auckland Region,Nil,1-way,Sealed,,0,0,,100,,Off,0,0,80,76,Auckland,Nil,,,,,0,0,Open,0,,,Null,Null
1824829,5835408,30096,,534603,0,0,0,0,0,South,2006/2007,HORRELL ROAD,HAUMIA ROAD,,Non-Injury Crash,No,2006,0,North,0,0,0,Flat,0,,0,,0,Dark,1092600,0,0,0,2,0,0,0,0,0,,0,1,Waikato Region,Nil,2-way,Sealed,0,0,0,0,100,0,None,0,0,,15,Matamata-Piako District,Nil,0,0,0,0,0,0,Open,1,0,0,Fine,Null
1767717,5908683,30097,,523502,0,0,0,2,0,Null,2006/2007,JOHNSTONES ROAD,HILLS ROAD,,Non-Injury Crash,No,2006,0,North,0,0,1,Flat,0,,0,,0,Bright sun,701300,0,0,0,2,0,0,0,0,1,,0,0,Auckland Region,Nil,2-way,Sealed,0,0,0,0,50,0,Off,0,0,,76,Auckland,Stop,0,0,0,0,0,0,Urban,0,0,0,Fine,Null
1572555,5180803,30098,,593400,0,,0,1,,Null,2006/2007,LINWOOD AVENUE,WOODHAM ROAD,,Minor Crash,No,2006,,West,,0,,Flat,,Christmas New Year,,,,Overcast,2614604,5,0,0,4,,,0,,,,,,Canterbury Region,Nil,2-way,Sealed,,0,0,,50,,Null,0,0,,60,Christchurch City,Give way,,,,,0,0,Urban,1,,,Heavy rain,Null
1740675,5597198,30099,,554800,0,,0,1,,West,2005/2006,SH 3,GRASSEY LANE,,Non-Injury Crash,Yes,2006,,East,,0,,Flat,,,,,,Dark,1664100,0,0,0,2,,,0,,,,,,Taranaki Region,Nil,2-way,Sealed,,0,0,,100,,None,0,0,,35,South Taranaki District,Nil,,,,,0,0,Open,0,,,Heavy rain,Strong wind
1568936,5177038,30100,,594800,0,,0,1,,Null,2006/2007,STOURBRIDGE ST,BEANLAND AVENUE,,Minor Crash,No,2006,,West,,0,,Flat,,,,,,Bright sun,2641600,2,0,0,2,,,0,,,,,,Canterbury Region,Nil,2-way,Sealed,,0,0,,50,,Null,1,0,,60,Christchurch City,Nil,,,,,0,0,Urban,0,,,Fine,Null
1769565,5899708,30101,,525002,0,,0,1,,South,2005/2006,GREAT SOUTH ROAD,MAHIA ROAD,,Non-Injury Crash,No,2006,,South,,0,,Flat,,,,,,Bright sun,754100,0,0,0,4,,,0,,,,,,Auckland Region,Nil,2-way,Sealed,,0,0,,70,,Null,0,0,,76,Auckland,Unknown,,,,,1,0,Urban,0,,,Fine,Null
1756797,5919603,30102,,514102,0,,0,0,,South,2006/2007,PITT ST,GREYS AVENUE,,Non-Injury Crash,No,2006,,North,,0,,Hill Road,,,,,,Overcast,435500,0,0,1,5,,,0,,,,,,Auckland Region,Nil,2-way,Sealed,,0,0,,50,,Off,0,0,,76,Auckland,Nil,,,,,0,0,Urban,1,,,Fine,Null
1751954,5917948,30103,,515001,0,0,0,1,0,East,2006/2007,SH 16,PT CHEV ON EBD,,Non-Injury Crash,Yes,2006,0,East,0,0,0,Flat,1,Labour Weekend,0,,0,Overcast,392400,0,0,0,3,0,0,0,0,0,,0,0,Auckland Region,Nil,1-way,Sealed,0,0,0,0,100,0,Off,0,0,,76,Auckland,Nil,0,0,0,0,0,0,Open,0,0,0,Heavy rain,Null
1756153,5933605,30104,,507300,0,0,0,2,0,South,2005/2006,LYONS AVENUE,SADDLEBACK RISE,,Non-Injury Crash,No,2006,0,South,0,0,0,Flat,0,,0,,0,Dark,154002,0,0,0,2,0,0,0,0,1,,0,0,Auckland Region,Nil,2-way,Sealed,0,0,0,0,50,0,On,0,0,,76,Auckland,Nil,0,0,0,0,0,0,Urban,0,0,0,Fine,Null
1800910,5812627,30105,,529200,0,0,0,1,0,Null,2006/2007,SH3 ON RAMP,SH 3,,Non-Injury Crash,Yes,2006,0,West,0,0,0,Flat,0,Christmas New Year,0,,0,Dark,928100,0,0,0,4,0,1,0,0,0,,0,0,Waikato Region,Nil,2-way,Sealed,0,0,0,0,60,0,On,0,0,,16,Hamilton City,Give way,0,0,0,0,0,0,Urban,0,0,0,Fine,Null
1750405,5913190,30106,,511303,0,0,0,1,0,West,2005/2006,HILL CRESCENT,PORTAGE ROAD,,Non-Injury Crash,No,2006,0,West,0,0,0,Flat,0,,0,,0,Dark,265500,0,0,0,2,0,0,0,0,0,,0,0,Auckland Region,Nil,2-way,Sealed,0,0,0,0,50,0,On,0,0,,76,Auckland,Nil,0,0,0,1,0,0,Urban,0,0,0,Fine,Null
1720980,6045367,30107,,503700,0,0,0,0,0,East,2005/2006,MEMORIAL DRIVE,RIVERSIDE DRIVE,,Non-Injury Crash,No,2006,0,West,0,0,0,Hill Road,0,,0,,0,Overcast,102100,0,0,0,2,0,0,0,0,0,,0,0,Northland Region,Nil,2-way,Sealed,0,0,0,0,50,0,None,1,0,,2,Whangarei District,Nil,0,0,0,1,0,0,Urban,0,0,0,Light rain,Null
1871132,5556437,30108,,549800,0,0,0,1,1,South,2005/2006,SH 2,BLAIRGOWRIE ROAD,,Non-Injury Crash,Yes,2006,0,South,0,0,0,Hill Road,0,,0,,0,Twilight,1535700,0,0,0,2,0,0,0,0,0,,0,0,Manawatū-Whanganui Region,Nil,2-way,Sealed,0,0,0,0,100,0,None,0,0,,41,Tararua District,Nil,0,0,0,0,0,0,Open,0,0,0,Light rain,Null
1745507,5428183,30109,,575100,0,,0,2,,Null,2005/2006,PARKVALE ROAD,KARORI ROAD,,Non-Injury Crash,No,2006,,South,,0,,Flat,,,,,,Overcast,2114200,0,0,0,3,,,0,,,,,,Wellington Region,Nil,2-way,Sealed,,0,0,,50,,Null,0,0,,47,Wellington City,Give way,,,,,0,0,Urban,0,,,Fine,Null
1803420,5814997,30110,,530500,1,,0,1,,Null,2005/2006,CAMERON ROAD,CLYDE ST,,Non-Injury Crash,No,2006,,East,,0,,Flat,,,,,,Bright sun,890600,0,0,0,2,,,0,,,,,,Waikato Region,Nil,2-way,Sealed,,0,0,,50,,Null,0,0,,16,Hamilton City,Nil,,,,,0,0,Urban,0,,,Fine,Null
1748528,5430389,30111,,574600,0,,0,1,,Null,2006/2007,WADE ST,WELD ST,,Non-Injury Crash,No,2006,,West,,0,,Flat,,,,,,Overcast,2101100,0,0,0,2,,,0,,,,,,Wellington Region,Nil,2-way,Sealed,,0,0,,50,,Null,1,0,,47,Wellington City,Nil,,,,,0,0,Urban,0,,,Light rain,Null
1719180,6049328,30112,,502400,0,0,0,1,0,South,2005/2006,TARAIRE CRESCENT W,WILLIAM JONES DRIVE,,Non-Injury Crash,No,2006,0,South,0,0,0,Flat,0,,0,,0,Twilight,93600,0,0,0,1,0,0,0,0,0,,0,1,Northland Region,Nil,2-way,Sealed,0,0,0,0,50,0,Off,0,0,,2,Whangarei District,Nil,0,0,0,0,0,0,Urban,0,0,0,Fine,Null
1597606,5149626,30113,,596800,0,0,0,2,0,West,2005/2006,RUE BALGUERIE,MUTER ST,,Minor Crash,No,2006,0,East,0,0,0,Hill Road,0,Christmas New Year,0,,0,Dark,2715800,1,0,0,2,0,0,0,0,1,,0,0,Canterbury Region,Nil,2-way,Sealed,0,0,0,0,50,0,On,0,0,,60,Christchurch City,Unknown,0,0,0,0,0,0,Urban,0,0,0,Fine,Null
1765964,5906413,30114,,522202,0,,0,2,,Null,2006/2007,GREAT SOUTH ROAD,TUI ROAD,,Non-Injury Crash,No,2006,,North,,0,,Flat,,Christmas New Year,,,,Bright sun,665101,0,0,0,3,,,0,,,,,,Auckland Region,Nil,2-way,Sealed,,0,0,,50,,None,0,0,,76,Auckland,Traffic Signals,,,,,0,0,Urban,0,,,Fine,Null
1749464,5946500,30115,,505806,0,0,0,1,0,East,2006/2007,WAINUI ROAD,WATERLOO ROAD,,Non-Injury Crash,No,2006,0,East,0,0,0,Flat,0,,0,,0,Bright sun,176604,0,0,0,2,0,0,0,1,0,,0,0,Auckland Region,Nil,2-way,Sealed,0,0,0,0,70,0,Off,0,0,,76,Auckland,Nil,0,0,0,0,0,0,Urban,0,0,0,Fine,Null
1877366,5820801,30116,,538102,0,0,0,1,0,South,2005/2006,FRASER ST,BAYCROFT AVENUE,,Non-Injury Crash,No,2006,0,South,0,0,1,Flat,0,,0,,0,Dark,1170002,0,0,0,2,0,0,0,0,0,,0,1,Bay of Plenty Region,Nil,2-way,Sealed,0,0,0,0,50,0,On,0,0,,23,Tauranga City,Nil,0,0,0,0,0,0,Urban,0,0,0,Fine,Null
1931331,5605128,30117,,548000,0,,0,2,,South,2005/2006,GROVE ROAD,WILLOWPARK ROAD NORTH,,Non-Injury Crash,No,2006,,North,,0,,Flat,,,,,,Dark,1496800,0,0,0,2,,,0,,,,,,Hawke's Bay Region,Nil,2-way,Sealed,,0,0,,50,,On,0,0,,30,Hastings District,Nil,,,,,0,0,Urban,0,,,Light rain,Null
1746697,5919103,30118,,512401,0,0,0,1,0,Null,2005/2006,VODANOVICH ROAD,FLANSHAW ROAD,,Non-Injury Crash,No,2006,0,South,0,0,0,Flat,0,,1,,0,Overcast,253400,0,0,0,2,0,0,0,0,0,,0,0,Auckland Region,Nil,2-way,Sealed,0,0,0,0,50,0,Off,0,0,,76,Auckland,Give way,0,0,0,1,0,0,Urban,0,0,0,Light rain,Null
1928922,5605476,30119,,547700,0,,0,1,,Null,2005/2006,SOUTHAMPTON ST WEST,PEPPER ST,,Minor Crash,No,2006,,West,,0,,Flat,,,,,,Bright sun,1487000,1,0,0,2,,,0,,,,,,Hawke's Bay Region,Nil,2-way,Sealed,,0,0,,50,,Null,0,0,,30,Hastings District,Give way,,,,,0,0,Urban,1,,,Fine,Null
1931848,5616265,30120,,547300,0,,0,1,,Null,2005/2006,SH 50,MEEANEE ROAD,,Non-Injury Crash,Yes,2006,,South,,0,,Flat,,,,,,Bright sun,1402510,0,0,0,4,,,0,,,,,,Hawke's Bay Region,Nil,2-way,Sealed,,0,0,,100,,Null,1,0,,31,Napier City,Traffic Signals,,,,,0,0,Open,0,,,Fine,Null
1758229,5913508,30121,,519710,0,,0,2,,South,2006/2007,Z CPK ROYAL OAK,TURAMA ROAD,,Non-Injury Crash,No,2006,,East,,0,,Flat,,,,,,Bright sun,594701,0,0,0,1,,,0,,,,,,Auckland Region,Nil,Off road,Sealed,,0,0,,50,,None,0,0,,76,Auckland,Nil,,,,,0,0,Urban,0,,,Fine,Null
1843170,5784281,30122,,535600,0,0,0,1,0,East,2005/2006,ARAPUNI ST,GREY ST,,Non-Injury Crash,No,2006,0,South,0,0,1,Flat,0,,0,,0,Dark,1131000,0,0,0,2,0,0,0,0,0,,0,1,Waikato Region,Nil,2-way,Sealed,0,0,0,0,50,0,On,0,0,,19,South Waikato District,Unknown,0,0,0,0,0,0,Urban,0,0,0,Fine,Null
1762326,5913395,30123,,520500,0,,0,2,,South,2005/2006,SH 1N,PENROSE OBR,,Non-Injury Crash,Yes,2006,,North,,0,,Flat,,,,,,Dark,637100,0,0,0,3,,,0,,,,,,Auckland Region,Nil,1-way,Sealed,,0,0,,100,,On,0,0,,76,Auckland,Nil,,,,,0,0,Open,1,,,Fine,Null
1761042,5915079,30124,,520201,0,0,0,1,0,Null,2005/2006,SH 1N,MAIN OBR,,Minor Crash,Yes,2006,0,North,0,0,0,Flat,1,,0,,0,Dark,613500,1,0,0,3,0,0,0,0,0,,0,0,Auckland Region,Nil,1-way,Sealed,0,0,0,0,100,0,On,0,0,,76,Auckland,Nil,0,0,0,0,0,0,Open,0,0,0,Light rain,Null
1755298,5934012,30125,,507200,0,0,0,2,0,South,2006/2007,BROWNS BAY ROAD,SLIP ROAD,,Non-Injury Crash,No,2006,0,North,0,0,0,Hill Road,1,,0,,0,Overcast,156601,0,0,0,2,0,0,0,0,0,,0,0,Auckland Region,Nil,2-way,Sealed,0,0,0,0,50,0,Off,0,0,,76,Auckland,Nil,0,0,0,0,0,0,Urban,0,0,0,Fine,Null
1793935,5905270,30126,,525202,0,0,0,1,1,South,2005/2006,KAWAKAWA-ORERE ROAD,CLEVEDON-KAWAKAWA ROAD,,Non-Injury Crash,No,2006,0,East,0,0,0,Hill Road,0,,0,,0,Bright sun,765200,0,0,0,2,0,0,0,0,0,,0,0,Auckland Region,Bridge,2-way,Sealed,0,0,0,0,100,0,None,0,0,,76,Auckland,Nil,0,0,0,0,0,0,Open,0,0,0,Fine,Null
1774630,5578246,30127,,557100,1,,0,1,,Null,2005/2006,VICTORIA AVENUE,DUBLIN ST,,Non-Injury Crash,No,2006,,North,,0,,Flat,,,,,,Overcast,1699300,0,0,0,4,,,0,,,,,,Manawatū-Whanganui Region,Nil,2-way,Sealed,,0,0,,50,,Null,0,0,,37,Whanganui District,Traffic Signals,,,,,0,0,Urban,0,,,Light rain,Null