X,Y,OBJECTID,advisorySpeed,areaUnitID,bicycle,bridge,bus,carStationWagon,cliffBank,crashDirectionDescription,crashFinancialYear,crashLocation1,crashLocation2,crashRoadSideRoad,crashSeverity,crashSHDescription,crashYear,debris,directionRoleDescription,ditch,fatalCount,fence,flatHill,guardRail,holiday,houseOrBuilding,intersection,kerb,light,meshblockId,minorInjuryCount,moped,motorcycle,NumberOfLanes,objectThrownOrDropped,otherObject,otherVehicleType,overBank,parkedVehicle,pedestrian,phoneBoxEtc,postOrPole,region,roadCharacter,roadLane,roadSurface,roadworks,schoolBus,seriousInjuryCount,slipOrFlood,speedLimit,strayAnimal,streetLight,suv,taxi,temporarySpeedLimit,tlaId,tlaName,trafficControl,trafficIsland,trafficSign,train,tree,truck,unknownVehicleType,urban,vanOrUtility,vehicle,waterRiver,weatherA,weatherB
1745799,5912407,30128,,511002,0,0,0,1,0,East,2005/2006,GLENGARRY ROAD,PHILLIP AVENUE,,Minor Crash,No,2006,0,West,0,0,0,Hill Road,0,,0,,0,Dark,284701,1,0,0,2,0,0,0,0,0,,0,1,Auckland Region,Nil,2-way,Sealed,0,0,0,0,50,0,On,0,0,,76,Auckland,Nil,0,0,0,0,0,0,Urban,0,0,0,Fine,Null
1778145,5878285,30129,,521131,0,,0,0,,West,2006/2007,SH 1N,RAZORBACK OBR,,Serious Crash,Yes,2006,,North,,0,,Hill Road,,,,,,Overcast,842500,0,0,1,5,,,0,,,,,,Waikato Region,Nil,2-way,Sealed,,0,1,,100,,Null,0,0,,13,Waikato District,Unknown,,,,,0,0,Open,0,,,Fine,Null
1762004,5913902,30130,,520401,0,,0,2,,North,2005/2006,SH 1N,PENROSE OBR,,Non-Injury Crash,Yes,2006,,South,,0,,Flat,,,,,,Overcast,644300,0,0,0,3,,,0,,,,,,Auckland Region,Nil,1-way,Sealed,,0,0,,100,,Off,0,0,,76,Auckland,Nil,,,,,0,0,Open,0,,,Fine,Null
1751759,5947619,30131,,505807,0,,0,2,,North,2005/2006,RED BEACH ROAD,ALBATROSS ROAD,,Non-Injury Crash,No,2006,,South,,0,,Flat,,,,,,Bright sun,172702,0,0,0,2,,,0,,,,,,Auckland Region,Nil,2-way,Sealed,,0,0,,50,,Off,0,0,,76,Auckland,Nil,,,,,0,0,Urban,0,,,Fine,Null
1883469,5774445,30132,,539400,0,,0,2,,Null,2006/2007,SH 5,SUNSET ROAD,,Non-Injury Crash,Yes,2006,,East,,0,,Flat,,,,,,Dark,1225100,0,0,0,4,,,0,,,,,,Bay of Plenty Region,Nil,2-way,Sealed,,0,0,,60,,On,0,0,,24,Rotorua District,Traffic Signals,,,,,0,0,Urban,0,,,Fine,Null
1767511,5880410,30133,,525921,0,0,0,1,0,West,2006/2007,MCNALLY ROAD,WEST ST,,Non-Injury Crash,No,2006,0,West,0,0,0,Flat,0,,0,,0,Dark,820900,0,0,0,2,0,0,0,0,0,,0,1,Auckland Region,Nil,2-way,Sealed,0,0,0,0,50,0,On,0,0,,76,Auckland,Nil,0,0,0,1,0,0,Urban,0,0,0,Light rain,Null
1841749,5773062,30134,,535261,0,0,0,1,0,North,2005/2006,OLD TAUPO ROAD,WILTSDOWN ROAD,,Minor Crash,No,2006,0,South,0,0,1,Hill Road,0,,0,,0,Dark,1132900,1,0,0,2,0,0,0,1,0,,0,0,Waikato Region,Nil,2-way,Sealed,0,0,0,0,100,0,None,0,0,,19,South Waikato District,Unknown,0,0,0,0,0,0,Open,0,0,0,Mist or Fog,Null
1765282,5916958,30135,,517001,0,,0,2,,North,2005/2006,APIRANA AVENUE,MAYFAIR PLACE,,Non-Injury Crash,No,2006,,South,,0,,Flat,,,,,,Bright sun,463902,0,0,0,2,,,0,,,,,,Auckland Region,Nil,2-way,Sealed,,0,0,,50,,Null,0,0,,76,Auckland,Unknown,,,,,0,0,Urban,0,,,Fine,Null
1879265,5824687,30136,,538201,0,0,0,1,0,East,2006/2007,Z CPK TAURANGA COUNCIL,CAMERON ROAD,,Non-Injury Crash,No,2006,0,East,0,0,0,Flat,0,,0,,0,Overcast,1163800,0,0,0,0,0,0,0,0,1,,0,0,Bay of Plenty Region,Nil,Off road,Sealed,0,0,0,0,50,0,Off,0,0,,23,Tauranga City,Nil,0,0,0,0,0,0,Urban,1,0,0,Fine,Null
1769221,5900304,30137,,525002,0,0,0,1,0,South,2006/2007,GREAT SOUTH ROAD,MYERS ROAD,,Non-Injury Crash,No,2006,0,North,0,0,0,Hill Road,1,Christmas New Year,0,,0,Overcast,753402,0,0,0,2,0,0,0,0,0,,0,0,Auckland Region,Bridge,2-way,Sealed,0,0,0,0,50,0,Off,0,0,,76,Auckland,Nil,0,0,0,0,0,0,Urban,0,0,0,Light rain,Null
1819316,5530735,30138,,562320,0,,0,2,,East,2005/2006,BENMORE AVENUE,RIMU PLACE,,Non-Injury Crash,No,2006,,East,,0,,Flat,,,,,,Dark,1821400,0,0,0,2,,,0,,,,,,Manawatū-Whanganui Region,Nil,2-way,Sealed,,0,0,,50,,On,0,0,,40,Palmerston North City,Nil,,,,,0,0,Urban,0,,,Fine,Null
1881655,5774491,30139,,539310,0,0,0,1,0,South,2006/2007,EDMUND ROAD,MICHAEL PLACE,,Serious Crash,No,2006,0,North,0,0,1,Flat,0,,0,,0,Dark,1230802,0,0,0,2,0,0,0,0,0,,0,1,Bay of Plenty Region,Nil,2-way,Sealed,0,0,1,0,50,0,On,0,0,,24,Rotorua District,Unknown,0,0,0,1,0,0,Urban,0,0,0,Fine,Null
1687200,6101516,30140,,500900,0,0,0,1,0,South,2005/2006,HONE HEKE ROAD,JACARANDA PLACE,,Minor Crash,No,2006,0,South,0,0,0,Hill Road,1,,0,,0,Dark,53406,3,0,0,2,0,0,0,0,0,,0,0,Northland Region,Nil,2-way,Sealed,0,0,0,0,50,0,On,0,0,,1,Far North District,Nil,0,0,0,1,0,0,Urban,0,0,0,Fine,Null
1764325,5911607,30141,,520500,0,,0,2,,Null,2005/2006,PANAMA ROAD,RYBURN ROAD,,Non-Injury Crash,No,2006,,West,,0,,Flat,,,,,,Overcast,636100,0,0,0,2,,,0,,,,,,Auckland Region,Nil,2-way,Sealed,,0,0,,50,,Null,0,0,,76,Auckland,Give way,,,,,0,0,Urban,0,,,Light rain,Null
1875894,5825152,30142,,537100,0,,0,1,,South,2005/2006,WINDSOR ROAD,PRINCESS ROAD,,Non-Injury Crash,No,2006,,South,,0,,Flat,,,,,,Overcast,1159000,0,0,0,2,,,0,,,1,,,Bay of Plenty Region,Nil,2-way,Sealed,,0,0,,50,,Null,0,0,,23,Tauranga City,Unknown,,,,,0,0,Urban,0,,,Fine,Null
1762093,5912508,30143,,519500,0,,0,0,,East,2006/2007,CHURCH ST,ORORKE ROAD,,Non-Injury Crash,No,2006,,East,,0,,Flat,,,,,,Bright sun,622400,0,0,0,6,,,0,,,,,,Auckland Region,Nil,2-way,Sealed,,0,0,,50,,Off,0,0,,76,Auckland,Traffic Signals,,,,,2,0,Urban,0,,,Fine,Null
1762974,5437883,30144,,568401,0,,0,1,,West,2006/2007,HIGH ST,GORDON ST,,Minor Crash,No,2006,,East,,0,,Flat,,,,,,Bright sun,1944200,1,0,0,2,,,0,,,,,,Wellington Region,Nil,2-way,Sealed,,0,0,,50,,Null,1,0,,46,Lower Hutt City,Nil,,,,,0,0,Urban,0,,,Fine,Null
1624029,5430743,30145,,582500,0,,0,1,,Null,2005/2006,COLLINGWOOD ST,HARDY ST,,Non-Injury Crash,No,2006,,North,,0,,Flat,,,,,,Dark,2320800,0,0,0,2,,,0,,,,,,Nelson Region,Nil,2-way,Sealed,,0,0,,50,,On,0,0,,52,Nelson City,Traffic Signals,,,,,0,0,Urban,1,,,Fine,Null
1406966,4917442,30146,,603602,0,,0,2,,Null,2005/2006,FREDERICK ST,LEITH ST,,Minor Crash,No,2006,,South,,0,,Flat,,,,,,Bright sun,2868700,1,0,0,2,,,0,,,,,,Otago Region,Nil,2-way,Sealed,,0,0,,50,,Null,0,0,,71,Dunedin City,Stop,,,,,0,0,Urban,0,,,Fine,Null
1770484,5576766,30147,,555800,0,,0,1,,Null,2005/2006,CROSS ST,HINAU ST,,Serious Crash,No,2006,,East,,0,,Flat,,,,,,Overcast,1714400,0,0,0,2,,,0,,,1,,,Manawatū-Whanganui Region,Nil,2-way,Sealed,,0,1,,50,,Null,0,0,,37,Whanganui District,Nil,,,,,0,0,Urban,0,,,Fine,Null
1755106,5921368,30148,,515202,0,,0,2,,Null,2006/2007,CURRAN ST,SARSFIELD ST,,Non-Injury Crash,No,2006,,North,,0,,Flat,,,,,,Dark,424200,0,0,0,2,,,0,,,,,,Auckland Region,Nil,2-way,Sealed,,0,0,,50,,On,0,0,,76,Auckland,Stop,,,,,0,0,Urban,0,,,Fine,Null
1802006,5816940,30149,,530000,0,,0,2,,Null,2006/2007,PEACHGROVE ROAD,BROOKLYN ROAD,,Non-Injury Crash,No,2006,,South,,0,,Flat,,,,,,Dark,867200,0,0,0,2,,,0,,,,,,Waikato Region,Nil,2-way,Sealed,,0,0,,50,,On,0,0,,16,Hamilton City,Give way,,,,,0,0,Urban,0,,,Fine,Null
1756036,5924528,30150,,509800,0,,0,2,,West,2005/2006,ONEWA ROAD,SYLVAN AVENUE,,Non-Injury Crash,No,2006,,East,,0,,Hill Road,,,,,,Dark,360900,0,0,0,2,,,0,,,,,,Auckland Region,Nil,1-way,Sealed,,0,0,,50,,Off,0,0,,76,Auckland,Nil,,,,,0,0,Urban,0,,,Fine,Null
1406819,4917389,30151,,603100,0,0,0,2,0,South,2005/2006,SH 1S,FREDERICK ST,,Serious Crash,Yes,2006,0,South,0,0,1,Flat,0,,0,,0,Dark,2901300,0,0,0,2,0,0,0,0,2,,0,0,Otago Region,Nil,1-way,Sealed,0,0,1,0,50,0,On,1,0,,71,Dunedin City,Unknown,0,0,0,0,0,0,Urban,0,0,0,Fine,Null
1774907,5896003,30152,,525700,0,0,0,1,0,West,2006/2007,CHANTAL PLACE,FAIRDALE AVENUE,,Non-Injury Crash,No,2006,0,East,0,0,1,Flat,0,,0,,0,Dark,800308,0,0,0,2,0,0,0,0,0,,0,0,Auckland Region,Nil,2-way,Sealed,0,0,0,0,50,0,On,0,0,,76,Auckland,Unknown,0,0,0,0,0,0,Urban,0,0,0,Fine,Null
1936610,5621115,30153,,546901,0,,0,2,,Null,2005/2006,Z CPK PAK N SAVE,STATION/MUNROE,,Non-Injury Crash,No,2006,,East,,0,,Flat,,,,,,Bright sun,1429700,0,0,0,1,,,0,,,,,,Hawke's Bay Region,Nil,Off road,Sealed,,0,0,,50,,Null,0,0,,31,Napier City,Nil,,,,,0,0,Urban,0,,,Fine,Null
1793111,5699831,30154,,532700,0,0,0,1,0,South,2005/2006,SH 4,OPOTIKI ROAD,,Serious Crash,Yes,2006,0,South,1,0,0,Flat,0,,0,,0,Overcast,1027602,3,0,0,2,0,0,0,0,0,,0,0,Manawatū-Whanganui Region,Nil,2-way,Sealed,0,0,1,0,100,0,Null,0,0,,36,Ruapehu District,Nil,0,0,0,1,0,0,Open,0,0,0,Light rain,Null
1680361,5403878,30155,,581230,0,0,0,1,0,Null,2006/2007,OPAWA ST,PARK TERRACE,,Serious Crash,No,2006,0,East,0,0,0,Flat,0,,0,,0,Overcast,2299600,0,0,0,2,0,0,0,0,0,,0,1,Marlborough Region,Nil,2-way,Sealed,0,0,1,0,50,0,Null,0,0,,53,Marlborough District,Give way,0,0,0,0,0,0,Urban,0,0,0,Light rain,Null
1772681,5896449,30156,,525410,0,0,0,2,0,East,2006/2007,BROADWAY,GREAT SOUTH ROAD,,Non-Injury Crash,No,2006,0,West,0,0,0,Flat,0,,0,,0,Dark,793000,0,0,0,1,0,0,0,0,1,,0,0,Auckland Region,Nil,1-way,Sealed,0,0,0,0,50,0,On,0,0,,76,Auckland,Unknown,0,0,0,0,0,0,Urban,0,0,0,Fine,Null
1797852,5806757,30157,,527914,0,0,0,2,0,North,2006/2007,OREGAN ROAD,RUKUHIA ROAD,,Non-Injury Crash,No,2006,0,South,0,0,0,Flat,0,,0,,0,Overcast,980104,0,0,0,2,0,0,0,0,0,,0,1,Waikato Region,Nil,2-way,Sealed,0,0,0,0,100,0,Null,0,0,,17,Waipa District,Unknown,0,0,0,0,0,0,Open,0,0,0,Fine,Null
1839388,5841557,30158,,534800,0,0,0,1,0,Null,2005/2006,REWI ST,BURGESS ST,,Non-Injury Crash,No,2006,0,North,0,0,0,Flat,0,,0,,0,Dark,1104200,0,0,0,2,0,0,0,0,0,,0,1,Waikato Region,Nil,2-way,Sealed,0,0,0,0,50,0,On,0,0,,15,Matamata-Piako District,Give way,0,0,0,0,0,0,Urban,0,0,0,Fine,Null
1776297,5886621,30159,,521132,0,0,0,1,1,South,2006/2007,MAXTED ROAD,ARARIMU ROAD,,Minor Crash,No,2006,0,North,1,0,0,Hill Road,0,,0,,0,Twilight,814200,1,0,0,1,0,0,0,0,0,,0,0,Auckland Region,Nil,2-way,Sealed,0,0,0,0,70,0,None,0,0,,76,Auckland,Unknown,0,0,0,0,0,0,Urban,0,0,0,Light rain,Null
1758256,5916705,30160,,519200,0,0,0,2,0,Null,2006/2007,MANUKAU ROAD,BRACKEN AVENUE,,Minor Crash,No,2006,0,North,0,0,0,Flat,0,,0,,1,Overcast,614301,3,0,0,4,0,0,0,0,0,,0,0,Auckland Region,Nil,2-way,Sealed,0,0,0,0,50,0,Off,0,1,,76,Auckland,Give way,0,1,0,0,0,0,Urban,0,0,0,Fine,Null
1798957,5813404,30161,,528900,0,,0,2,,Null,2006/2007,KAHIKATEA DRIVE,SH 1N,,Non-Injury Crash,Yes,2006,,North,,0,,Flat,,,,,,Overcast,916402,0,0,0,2,,,0,,,,,,Waikato Region,Nil,2-way,Sealed,,0,0,,80,,Off,0,0,,16,Hamilton City,Give way,,,,,0,0,Open,0,,,Fine,Null
1762963,5882599,30162,,521121,0,0,0,1,0,East,2006/2007,PATUMAHOE ROAD,CLIVE HOWE ROAD,,Minor Crash,No,2006,0,South,0,0,0,Flat,0,,0,,0,Dark,811700,1,0,0,2,0,0,0,0,0,,0,1,Auckland Region,Nil,2-way,Sealed,0,0,0,0,100,0,On,0,0,,76,Auckland,Unknown,0,0,0,0,0,0,Open,0,0,0,Fine,Null
1389875,4905942,30163,,602500,0,0,0,1,0,South,2006/2007,TAIERI MOUTH ROAD,BIG STONE ROAD,,Minor Crash,No,2006,0,South,2,0,1,Hill Road,0,,0,,0,Bright sun,2976301,1,0,0,2,0,0,0,0,0,,0,0,Otago Region,Nil,2-way,Sealed,0,0,0,0,100,0,Null,0,0,,71,Dunedin City,Nil,0,0,0,0,1,0,Open,0,0,0,Fine,Null
1684366,6103633,30164,,500900,0,0,0,1,0,East,2006/2007,WAIPAPA ROAD,SH 10,,Serious Crash,No,2006,0,East,0,0,0,Flat,0,,0,,0,Bright sun,44505,0,0,0,2,0,0,0,0,0,,1,1,Northland Region,Nil,2-way,Sealed,0,0,1,0,80,0,Null,0,0,,1,Far North District,Nil,0,0,0,0,0,0,Open,0,0,0,Fine,Null
1757927,5916915,30165,,515700,0,,0,2,,Null,2006/2007,GILLIES AVENUE,DOMETT AVENUE,,Minor Crash,No,2006,,South,,0,,Flat,,,,,,Overcast,457900,1,0,0,4,,,0,,,,,,Auckland Region,Nil,2-way,Sealed,,0,0,,50,,Off,0,0,,76,Auckland,Give way,,,,,0,0,Urban,0,,,Light rain,Null
1686865,6102042,30166,,500900,0,0,0,3,0,Null,2005/2006,KERIKERI ROAD,HONE HEKE ROAD,,Minor Crash,No,2006,0,East,0,0,0,Flat,0,,0,,1,Twilight,44602,1,0,0,2,0,0,0,0,0,,0,0,Northland Region,Nil,2-way,Sealed,0,0,0,0,50,0,None,0,0,,1,Far North District,Nil,0,0,0,1,0,0,Urban,0,0,0,Fine,Null
1762288,5913776,30167,,520401,1,,0,0,,East,2005/2006,PENROSE ROAD,GAVIN ST,,Non-Injury Crash,No,2006,,West,,0,,Hill Road,,Queens Birthday,,,,Dark,644300,0,0,0,2,,,0,,,,,,Auckland Region,Nil,2-way,Sealed,,0,0,,50,,On,0,0,,76,Auckland,Nil,,,,,0,0,Urban,1,,,Fine,Null
1760889,5436042,30168,,568501,0,,0,1,,East,2006/2007,WATERLOO ROAD,WITAKO ST,,Minor Crash,No,2006,,East,,0,,Flat,,,,,,Twilight,1947100,1,0,0,2,,,0,,,1,,,Wellington Region,Nil,2-way,Sealed,,0,0,,50,,Off,0,0,,46,Lower Hutt City,Stop,,,,,0,0,Urban,0,,,Light rain,Strong wind
1270287,4907970,30169,,609500,0,,0,0,,West,2006/2007,DEVON ST,BOSTON ST,,Serious Crash,No,2006,,East,,0,,Flat,,,,,,Bright sun,3050100,0,0,1,2,,,0,,,,,,Southland Region,Nil,2-way,Sealed,,0,1,,50,,Null,0,0,,73,Southland District,Unknown,,,,,0,0,Urban,0,,,Fine,Null
1381428,4916978,30170,,602500,0,0,0,1,0,South,2006/2007,MCDONALD ROAD,MANN ROAD,,Serious Crash,No,2006,0,North,1,0,1,Flat,0,,0,,0,Dark,2975200,0,0,0,2,0,0,0,0,0,,0,0,Otago Region,Nil,2-way,Sealed,0,0,1,0,100,0,None,0,0,,71,Dunedin City,Unknown,0,0,0,0,0,0,Open,0,0,0,Fine,Null
1695113,5672785,30171,,551021,0,0,0,2,0,North,2006/2007,SH 3,MANGOREI ROAD S,,Serious Crash,Yes,2006,0,North,1,0,0,Flat,0,,0,,0,Dark,1557901,1,0,0,2,0,0,0,0,0,,0,1,Taranaki Region,Nil,2-way,Sealed,0,0,1,0,100,0,None,0,0,,33,New Plymouth District,Nil,0,0,0,0,0,0,Open,0,0,0,Light rain,Null
1792710,5814850,30172,,527913,0,0,0,1,0,East,2006/2007,SH 23,ROBERTSON ROAD,,Minor Crash,Yes,2006,0,East,0,0,0,Flat,0,Christmas New Year,0,,0,Overcast,978400,1,0,0,2,0,0,0,1,0,,0,0,Waikato Region,Nil,2-way,Sealed,0,0,0,0,100,0,Null,0,0,,13,Waikato District,Unknown,0,0,0,0,0,0,Open,0,0,0,Light rain,Null
1743923,5931350,30173,55,506400,0,0,0,0,0,East,2005/2006,COATESVILLE-RIVERHEAD HIG,RIDGE ROAD,,Non-Injury Crash,No,2006,0,South,1,0,0,Flat,0,,0,,0,Overcast,216800,0,0,0,2,0,0,0,0,0,,0,0,Auckland Region,Nil,2-way,Sealed,0,0,0,0,100,0,None,0,0,,76,Auckland,Nil,0,0,0,0,1,0,Open,0,0,0,Fine,Null
1883906,5776003,30174,,540200,0,,0,1,,North,2006/2007,KOUTU ROAD,MERANIA ST,,Minor Crash,No,2006,,North,,0,,Flat,,,,,,Overcast,1223100,1,0,0,2,,,0,,,,,,Bay of Plenty Region,Nil,2-way,Sealed,,0,0,,50,,Off,0,0,,24,Rotorua District,Nil,,,,,0,0,Urban,1,,,Light rain,Null
1804509,5790827,30175,,531003,0,,0,2,,Null,2005/2006,SH 3,BOND ROAD,,Non-Injury Crash,Yes,2006,,South,,0,,Flat,,,,,,Bright sun,968302,0,0,0,2,,,0,,,,,,Waikato Region,Nil,2-way,Sealed,,0,0,,50,,Null,0,0,,17,Waipa District,Give way,,,,,0,0,Urban,0,,,Fine,Null
1770102,5904675,30176,,523712,0,0,0,1,0,West,2006/2007,REDOUBT ROAD,MURPHYS ROAD,,Serious Crash,No,2006,0,West,0,0,1,Hill Road,0,Labour Weekend,0,,0,Overcast,716300,0,0,0,2,0,0,0,0,0,,0,0,Auckland Region,Nil,2-way,Sealed,0,0,1,0,70,0,Off,0,0,,76,Auckland,Nil,0,0,0,1,0,0,Urban,0,0,0,Light rain,Null
1760669,5434110,30177,,568702,0,0,0,1,0,South,2006/2007,WAINUI ROAD,RISHWORTH ST,,Minor Crash,No,2006,0,South,0,0,0,Hill Road,0,,0,,1,Dark,1979001,3,0,0,2,0,0,0,1,0,,0,0,Wellington Region,Nil,1-way,Sealed,0,0,0,0,50,0,On,0,0,,46,Lower Hutt City,Nil,0,0,0,0,0,0,Urban,0,0,0,Light rain,Null
1243668,4845555,30178,,611800,0,0,0,1,0,Null,2005/2006,SH 1S,HYDE ST,,Minor Crash,Yes,2006,0,South,1,0,0,Flat,0,,0,,0,Dark,3152500,1,0,0,2,0,0,0,0,0,,0,0,Southland Region,Nil,2-way,Sealed,0,0,0,0,100,0,On,0,0,,75,Invercargill City,Give way,0,0,0,0,1,0,Open,0,0,0,Fine,Null
1953911,5790637,30179,45,542514,0,0,0,1,0,South,2005/2006,OHOPE ROAD,CLIFF ROAD,,Non-Injury Crash,No,2006,0,North,0,0,0,Hill Road,1,,0,,0,Dark,1294103,0,0,0,2,0,0,0,0,0,,0,0,Bay of Plenty Region,Nil,2-way,Sealed,0,0,0,0,80,0,On,0,0,,25,Whakatane District,Unknown,0,0,0,0,0,0,Open,0,0,0,Fine,Null
1798389,5815896,30180,,528900,0,,0,3,,Null,2005/2006,SH 1N,RIFLE RANGE ROAD,,Non-Injury Crash,Yes,2006,,North,,0,,Flat,,Christmas New Year,,,,Overcast,915400,0,0,0,4,,,0,,,,,,Waikato Region,Nil,2-way,Sealed,,0,0,,60,,Null,0,0,,16,Hamilton City,Traffic Signals,,,,,0,0,Urban,0,,,Light rain,Null
1837455,5858681,30181,75,534300,0,0,0,1,0,North,2005/2006,SH 2,JACKSON ROAD,,Serious Crash,Yes,2006,0,North,0,0,1,Hill Road,0,,0,,0,Overcast,1074200,0,0,0,2,0,0,0,0,0,,0,0,Waikato Region,Nil,2-way,Sealed,0,0,1,0,100,0,Null,0,0,,12,Hauraki District,Unknown,0,0,0,0,0,0,Open,0,0,0,Fine,Null
2034254,5710254,30182,,544300,1,,0,1,,Null,2006/2007,GLADSTONE ROAD,CAMPION ROAD,,Minor Crash,No,2006,,West,,0,,Flat,,,,,,Bright sun,1365900,2,0,0,2,,,0,,,,,,Gisborne Region,Nil,2-way,Sealed,,0,0,,50,,Null,0,0,,28,Gisborne District,Nil,,,,,0,0,Urban,0,,,Fine,Null
1823087,5461328,30183,,578902,0,0,0,1,0,North,2006/2007,ANDREW ST,MILLARD AVENUE,,Minor Crash,No,2006,0,East,0,0,1,Flat,0,,0,,0,Dark,2234000,2,0,0,2,0,0,0,0,0,,0,0,Wellington Region,Nil,2-way,Sealed,0,0,0,0,50,0,None,0,0,,48,Masterton District,Nil,0,0,0,0,0,0,Urban,0,0,0,Fine,Null
1790053,5507845,30184,,564011,0,0,0,1,0,West,2005/2006,WAITARERE BEACH ROAD,SH 1N,,Serious Crash,No,2006,0,East,0,0,1,Flat,0,,0,,0,Bright sun,1855301,0,0,0,2,0,0,0,0,0,,0,1,Manawatū-Whanganui Region,Nil,2-way,Sealed,0,0,1,0,100,0,Null,0,0,,42,Horowhenua District,Nil,0,0,0,0,0,0,Open,0,0,0,Fine,Null
1766553,5905945,30185,,522302,0,,0,1,,Null,2005/2006,GREAT SOUTH ROAD,CARLIE ST,,Non-Injury Crash,No,2006,,North,,0,,Flat,,,,,,Overcast,669200,0,0,0,3,,,0,,,,,,Auckland Region,Nil,2-way,Sealed,,0,0,,50,,Off,1,0,,76,Auckland,Stop,,,,,0,0,Urban,0,,,Heavy rain,Null
1754524,5444241,30186,,570800,0,,0,2,,Null,2005/2006,TITAHI BAY ROAD,KENEPURU DRIVE,,Non-Injury Crash,No,2006,,West,,0,,Flat,,,,,,Overcast,2052700,0,0,0,4,,,0,,,,,,Wellington Region,Nil,2-way,Sealed,,0,0,,50,,Null,0,0,,44,Porirua City,Give way,,,,,0,0,Urban,0,,,Fine,Null
1449526,5113089,30187,,598312,0,,0,1,,Null,2005/2006,SH 79,TOWNSEND ROAD,,Minor Crash,Yes,2006,,West,,0,,Hill Road,,,,,,Overcast,2758901,1,0,0,2,,,0,,,,,,Canterbury Region,Nil,2-way,Sealed,,0,0,,100,,Null,0,0,,64,Timaru District,Nil,,,,,0,0,Open,1,,,Fine,Null
1747450,5919565,30188,,512402,0,,0,1,,East,2006/2007,SH 16,TE ATATU OBR,,Non-Injury Crash,Yes,2006,,West,,0,,Flat,,,,,,Bright sun,253700,0,0,0,3,,,0,,,,,,Auckland Region,Nil,1-way,Sealed,,0,0,,100,,Off,1,0,,76,Auckland,Nil,,,,,0,0,Open,0,,,Fine,Null
1756875,5905816,30189,,524200,1,,0,0,,North,2005/2006,ORUARANGI ROAD,RUAITI ROAD,,Minor Crash,No,2006,,North,,0,,Flat,,,,,,Dark,726900,1,0,0,2,,,0,,,,,,Auckland Region,Nil,2-way,Sealed,,0,0,,50,,Off,0,0,,76,Auckland,Nil,,,,,0,0,Urban,1,,,Fine,Null
1755353,5930312,30190,,508520,0,,0,2,,South,2005/2006,SUNNYNOOK ROAD,BECROFT DRIVE,,Non-Injury Crash,No,2006,,North,,0,,Flat,,,,,,Bright sun,192800,0,0,0,2,,,0,,,,,,Auckland Region,Nil,2-way,Sealed,,0,0,,50,,Off,0,0,,76,Auckland,Nil,,,,,0,0,Urban,1,,,Fine,Null
1935344,5621542,30191,,546801,0,0,0,2,0,South,2006/2007,LAWRENCE ROAD,SPENCER ROAD,,Non-Injury Crash,No,2006,0,North,0,0,0,Flat,0,,0,,0,Dark,1425600,0,0,0,2,0,0,0,0,1,,0,0,Hawke's Bay Region,Nil,2-way,Sealed,0,0,0,0,50,0,On,0,0,,31,Napier City,Nil,0,0,0,0,0,0,Urban,0,0,0,Light rain,Null
1735650,6055376,30192,,501807,0,0,0,1,0,South,2006/2007,NGUNGURU ROAD,KAKARIKI ROAD,,Minor Crash,No,2006,0,West,1,0,0,Flat,0,,1,,0,Bright sun,62110,1,0,0,2,0,0,0,0,0,,0,0,Northland Region,Nil,2-way,Sealed,0,0,0,0,100,0,None,0,0,,2,Whangarei District,Nil,0,0,0,0,0,0,Open,0,0,0,Fine,Null
1790121,5446694,30193,,579803,0,,0,0,,West,2005/2006,SH 2,RENALL ST,,Serious Crash,Yes,2006,,North,,0,,Hill Road,,,,,,Overcast,2272601,0,0,1,2,,,0,,,,,,Wellington Region,Nil,2-way,Sealed,,0,1,,100,,Null,0,0,,50,South Wairarapa District,Nil,,,,,0,0,Open,0,,,Light rain,Null
1844754,5811345,30194,,535501,0,,0,2,,East,2005/2006,SH 24,KIWI ST,,Non-Injury Crash,Yes,2006,,West,,0,,Flat,,,,,,Overcast,1118209,0,0,0,2,,,0,,,,,,Waikato Region,Nil,2-way,Sealed,,0,0,,50,,Off,0,0,,15,Matamata-Piako District,Nil,,,,,0,0,Urban,0,,,Heavy rain,Null
1749033,5918360,30195,,514801,0,,0,2,,North,2005/2006,SH 16,ROSEBANK OBR,,Minor Crash,Yes,2006,,East,,0,,Flat,,,,,,Bright sun,389200,1,0,0,3,,,0,,,,,,Auckland Region,Nil,1-way,Sealed,,0,0,,100,,Off,0,0,,76,Auckland,Nil,,,,,0,0,Open,0,,,Fine,Null
1879073,5823889,30196,,538201,0,,0,2,,North,2005/2006,CAMERON ROAD,THIRD AVENUE,,Non-Injury Crash,No,2006,,South,,0,,Flat,,,,,,Bright sun,1165300,0,0,0,4,,,0,,,,,,Bay of Plenty Region,Nil,2-way,Sealed,,0,0,,50,,Null,0,0,,23,Tauranga City,Unknown,,,,,0,0,Urban,0,,,Fine,Null
1693175,5676134,30197,,551800,0,,0,2,,Null,2006/2007,SH 45 LEACH,LIARDET ST,,Non-Injury Crash,Yes,2006,,North,,0,,Flat,,,,,,Overcast,1592900,0,0,0,4,,,0,,,,,,Taranaki Region,Nil,2-way,Sealed,,0,0,,50,,Null,0,0,,33,New Plymouth District,Traffic Signals,,,,,0,0,Urban,0,,,Fine,Null