X,Y,OBJECTID,advisorySpeed,areaUnitID,bicycle,bridge,bus,carStationWagon,cliffBank,crashDirectionDescription,crashFinancialYear,crashLocation1,crashLocation2,crashRoadSideRoad,crashSeverity,crashSHDescription,crashYear,debris,directionRoleDescription,ditch,fatalCount,fence,flatHill,guardRail,holiday,houseOrBuilding,intersection,kerb,light,meshblockId,minorInjuryCount,moped,motorcycle,NumberOfLanes,objectThrownOrDropped,otherObject,otherVehicleType,overBank,parkedVehicle,pedestrian,phoneBoxEtc,postOrPole,region,roadCharacter,roadLane,roadSurface,roadworks,schoolBus,seriousInjuryCount,slipOrFlood,speedLimit,strayAnimal,streetLight,suv,taxi,temporarySpeedLimit,tlaId,tlaName,trafficControl,trafficIsland,trafficSign,train,tree,truck,unknownVehicleType,urban,vanOrUtility,vehicle,waterRiver,weatherA,weatherB
1750903,5912750,30198,,514600,0,,0,2,,East,2005/2006,BOLTON ST,KAY DRIVE,,Non-Injury Crash,No,2006,,West,,0,,Hill Road,,,,,,Bright sun,371002,0,0,0,2,,,0,,,,,,Auckland Region,Nil,2-way,Sealed,,0,0,,50,,Off,0,0,,76,Auckland,Nil,,,,,0,0,Urban,0,,,Fine,Null
1801962,5819862,30199,,527009,0,,0,1,,Null,2005/2006,GORDONTON ROAD,STONELEIGH DRIVE,,Non-Injury Crash,No,2006,,North,,0,,Flat,,,,,,Bright sun,952326,0,0,0,2,,,0,,,,,,Waikato Region,Nil,2-way,Sealed,,0,0,,50,,Off,0,0,,16,Hamilton City,Give way,,,,,0,0,Urban,1,,,Fine,Null
1759996,5430192,30200,,570300,0,0,0,1,0,Null,2005/2006,MARINE DRIVE,TAUNGATA ROAD,,Minor Crash,No,2006,0,North,0,0,0,Flat,0,,0,,0,Bright sun,1982200,1,0,0,2,0,0,0,0,0,,0,0,Wellington Region,Nil,2-way,Sealed,0,0,0,0,70,0,Null,0,0,,46,Lower Hutt City,Nil,0,0,0,1,0,0,Urban,0,0,0,Fine,Null
1803197,5790610,30201,,531002,0,0,0,1,0,North,2005/2006,COLLEGE ST,COLLINS AVENUE,,Non-Injury Crash,No,2006,0,North,0,0,1,Hill Road,0,,0,,0,Dark,971500,0,0,0,2,0,0,0,0,0,,0,1,Waikato Region,Nil,2-way,Sealed,0,0,0,0,50,0,On,0,0,,17,Waipa District,Unknown,0,0,0,0,0,0,Urban,0,0,0,Fine,Null
1752861,5916590,30202,,517901,0,,0,3,,West,2005/2006,NEW NORTH ROAD,MOUNT ALBERT ROAD,,Non-Injury Crash,No,2006,,East,,0,,Flat,,,,,,Bright sun,524800,0,0,0,2,,,0,,,,,,Auckland Region,Nil,2-way,Sealed,,0,0,,50,,Off,0,0,,76,Auckland,Nil,,,,,0,0,Urban,0,,,Fine,Null
1406560,4917317,30203,,603100,0,0,0,1,0,East,2005/2006,Z CPK NEW WORLD,GREAT KING ST,,Minor Crash,No,2006,0,West,0,0,0,Flat,0,,0,,0,Bright sun,2901100,1,0,0,0,0,0,0,0,1,,0,0,Otago Region,Nil,Off road,Sealed,0,0,0,0,20,0,Null,1,0,,71,Dunedin City,Unknown,0,0,0,0,0,0,Urban,0,0,0,Fine,Null
1762174,5913665,30204,,520500,0,,0,2,,North,2006/2007,SH 1N,PENROSE OBR,,Non-Injury Crash,Yes,2006,,North,,0,,Flat,,,,,,Bright sun,637000,0,0,0,3,,,0,,,,,,Auckland Region,Nil,1-way,Sealed,,0,0,,100,,Off,0,0,,76,Auckland,Nil,,,,,0,0,Open,0,,,Fine,Null
1655623,5304347,30205,,581400,0,0,0,0,1,South,2006/2007,SH 1S,KILLARNEY ST,,Serious Crash,Yes,2006,0,South,0,0,0,Hill Road,0,,0,,0,Dark,2313400,0,0,0,2,0,0,0,0,0,,0,0,Canterbury Region,Nil,2-way,Sealed,0,0,1,0,100,0,On,1,0,,54,Kaikoura District,Unknown,0,0,0,0,0,0,Open,0,0,0,Heavy rain,Null
1881003,5829244,30206,,536810,0,,0,1,,North,2005/2006,MAUNGANUI ROAD,NIKAU CRESCENT,,Minor Crash,No,2006,,North,,0,,Flat,,,,,,Dark,1196100,1,0,0,2,,,0,,,1,,,Bay of Plenty Region,Nil,2-way,Sealed,,0,0,,50,,On,0,0,,23,Tauranga City,Unknown,,,,,0,0,Urban,0,,,Light rain,Null
1459554,5083366,30207,,599000,0,0,0,2,0,South,2005/2006,SELWYN ST,TRAFALGAR ST,,Minor Crash,No,2006,0,North,0,0,1,Flat,0,,0,,0,Bright sun,2780700,1,0,0,2,0,0,0,0,0,,0,0,Canterbury Region,Nil,2-way,Sealed,0,0,0,0,50,0,Null,0,0,,64,Timaru District,Nil,0,0,0,0,0,0,Urban,0,0,0,Fine,Null
1579021,5216580,30208,,585803,0,0,0,1,0,North,2005/2006,SH 1S,MAYS ROAD,,Minor Crash,Yes,2006,0,North,1,0,0,Flat,0,,0,,0,Dark,2439303,1,0,0,2,0,0,0,0,0,,0,1,Canterbury Region,Nil,2-way,Sealed,0,0,0,0,100,0,On,0,0,,58,Hurunui District,Unknown,0,0,0,0,0,0,Open,0,0,0,Fine,Null
1813282,5784363,30209,,528000,0,0,0,1,0,North,2005/2006,PARAWERA ROAD,ARAPUNI ROAD,,Minor Crash,No,2006,0,South,0,0,1,Flat,0,,0,,0,Dark,991200,1,0,0,2,0,0,0,0,0,,0,0,Waikato Region,Nil,2-way,Unsealed,0,0,0,0,100,0,None,0,0,,17,Waipa District,Unknown,0,0,0,0,0,0,Open,0,0,0,Fine,Null
1755426,5919665,30210,,515302,0,0,0,0,0,North,2005/2006,FITZROY ST,BROWN ST,,Non-Injury Crash,No,2006,0,South,0,0,0,Hill Road,0,,1,,0,Bright sun,432000,0,0,0,2,0,0,0,0,0,,0,0,Auckland Region,Nil,2-way,Sealed,0,0,0,0,50,0,Off,0,0,,76,Auckland,Stop,0,0,0,0,1,0,Urban,0,0,0,Light rain,Null
1458054,5083590,30211,,599100,1,,0,1,,North,2006/2007,GUINNESS ST,RUGBY ST,,Minor Crash,No,2006,,South,,0,,Flat,,,,,,Overcast,2786200,1,0,0,0,,,0,,,,,,Canterbury Region,Nil,2-way,Sealed,,0,0,,50,,Null,0,0,,64,Timaru District,Nil,,,,,0,0,Urban,0,,,Fine,Null
1749022,5424298,30212,,576302,0,,0,1,,South,2005/2006,RUSSELL TERRACE,WARIPORI ST,,Minor Crash,No,2006,,North,,0,,Hill Road,,,,,,Bright sun,2166800,1,0,0,2,,,0,,,1,,,Wellington Region,Nil,2-way,Sealed,,0,0,,50,,Null,0,0,,47,Wellington City,Nil,,,,,0,0,Urban,0,,,Fine,Null
1797312,5819361,30213,,528403,0,,0,3,,North,2005/2006,TE RAPA ROAD,MANCHESTER PLACE,,Non-Injury Crash,No,2006,,North,,0,,Flat,,,,,,Bright sun,907700,0,0,0,4,,,0,,,,,,Waikato Region,Nil,2-way,Sealed,,0,0,,60,,Null,0,0,,16,Hamilton City,Unknown,,,,,0,0,Urban,0,,,Fine,Null
1769759,5909145,30214,,523113,0,,0,2,,South,2005/2006,TE IRIRANGI DRIVE,WANDO LANE S,,Non-Injury Crash,No,2006,,North,,0,,Flat,,,,,,Bright sun,711902,0,0,0,4,,,0,,,,,,Auckland Region,Nil,2-way,Sealed,,0,0,,80,,Off,0,0,,76,Auckland,Nil,,,,,0,0,Open,0,,,Fine,Null
1749948,5946088,30215,,506001,0,,0,2,,Null,2005/2006,HIBISCUS COAST HIGHWAY,SILVERDALE ST,,Minor Crash,No,2006,,North,,0,,Hill Road,,,,,,Bright sun,175400,1,0,0,4,,,0,,,,,,Auckland Region,Nil,2-way,Sealed,,0,0,,80,,Off,0,0,,76,Auckland,Give way,,,,,0,0,Open,0,,,Fine,Null
1884164,5774912,30216,,540410,0,,0,2,,Null,2005/2006,LAKE ROAD,TAREWA ROAD,,Non-Injury Crash,No,2006,,West,,0,,Flat,,,,,,Overcast,1231800,0,0,0,2,,,0,,,,,,Bay of Plenty Region,Nil,2-way,Sealed,,0,0,,50,,Null,0,0,,24,Rotorua District,Give way,,,,,0,0,Urban,0,,,Light rain,Null
1763507,5435830,30217,,568303,1,,0,1,,South,2005/2006,JUDD CRESCENT,FRETHEY GROVE,,Minor Crash,No,2006,,North,,0,,Flat,,,,,,Bright sun,1962000,1,0,0,2,,,0,,,,,,Wellington Region,Nil,2-way,Sealed,,0,0,,50,,Null,0,0,,46,Lower Hutt City,Nil,,,,,0,0,Urban,0,,,Fine,Null
1681646,6097279,30218,,501633,0,,0,1,,West,2005/2006,WIROA ROAD,WAIMATE NORTH ROAD,,Minor Crash,No,2006,,East,,0,,Flat,,,,,,Overcast,34201,1,0,0,2,,,0,,,,,,Northland Region,Nil,2-way,Sealed,,0,0,,100,,None,0,0,,1,Far North District,Nil,,,,,0,0,Open,1,,,Fine,Null
1746104,5920307,30219,,513301,0,,0,0,,East,2005/2006,SH 16,LINCOLN OFF WBD,,Non-Injury Crash,Yes,2006,,West,,0,,Flat,,,,,,Bright sun,230301,0,0,0,2,,,0,,,,,,Auckland Region,Nil,1-way,Sealed,,0,0,,100,,Off,0,0,,76,Auckland,Nil,,,,,1,0,Open,1,,,Fine,Null
1719329,6045484,30220,,503100,0,,0,1,,Null,2005/2006,WALTON ST,BANK ST,,Non-Injury Crash,No,2006,,South,,0,,Flat,,,,,,Bright sun,100700,0,0,0,2,,,0,,,,,,Northland Region,Nil,2-way,Sealed,,0,0,,50,,None,1,0,,2,Whangarei District,Nil,,,,,0,0,Urban,0,,,Fine,Null
1755556,5932567,30221,,507400,0,,0,2,,Null,2005/2006,EAST COAST ROAD,HASTINGS ROAD,,Serious Crash,No,2006,,South,,0,,Flat,,,,,,Twilight,152900,1,0,0,4,,,0,,,,,,Auckland Region,Nil,2-way,Sealed,,0,1,,50,,On,0,0,,76,Auckland,Traffic Signals,,,,,0,0,Urban,0,,,Light rain,Null
1769505,5889631,30222,,521202,0,0,0,1,0,East,2006/2007,SH 22,BLACKBRIDGE ROAD,,Non-Injury Crash,Yes,2006,0,West,0,0,0,Flat,1,,0,,0,Dark,807100,0,0,0,2,0,0,0,0,0,,0,0,Auckland Region,Nil,2-way,Sealed,0,0,0,0,100,0,None,0,0,,76,Auckland,Nil,0,0,0,0,0,0,Open,0,0,0,Fine,Null
1934313,5607718,30223,,545722,0,0,0,1,0,North,2005/2006,SH 2,PILCHER ROAD,,Minor Crash,Yes,2006,0,North,1,0,0,Flat,0,,0,,0,Overcast,1406300,1,0,0,2,0,0,0,0,0,,0,0,Hawke's Bay Region,Nil,2-way,Sealed,0,0,0,0,100,0,Null,0,0,,30,Hastings District,Nil,0,0,0,0,1,0,Open,0,0,0,Heavy rain,Null
1769107,5915458,30224,,522730,0,0,0,2,0,South,2005/2006,PRINCE REGENT DRIVE,IMOGENE WAY,,Minor Crash,No,2006,0,North,0,0,0,Flat,0,,0,,0,Dark,679809,1,0,0,2,0,0,0,0,1,,0,0,Auckland Region,Nil,2-way,Sealed,0,0,0,0,50,0,On,0,0,,76,Auckland,Nil,0,0,0,1,0,0,Urban,0,0,0,Fine,Null
1572289,5180290,30225,,593501,0,,0,1,,Null,2005/2006,STANMORE ROAD,GLOUCESTER ST,,Minor Crash,No,2006,,South,,0,,Flat,,,,,,Dark,2609700,2,0,0,2,,,0,,,,,,Canterbury Region,Nil,2-way,Sealed,,0,0,,50,,On,1,0,,60,Christchurch City,Traffic Signals,,,,,0,0,Urban,0,,,Heavy rain,Null
1816457,5803587,30226,,527502,0,,0,2,,West,2005/2006,SH 1N,GREY ST,,Non-Injury Crash,Yes,2006,,East,,0,,Flat,,,,,,Bright sun,964200,0,0,0,2,,,0,,,,,,Waikato Region,Nil,2-way,Sealed,,0,0,,50,,Null,0,0,,17,Waipa District,Unknown,,,,,0,0,Urban,0,,,Fine,Null
1460741,5082097,30227,,599700,0,,0,1,,North,2006/2007,Z CPK THE WAREHOUSE,HEATON ST,,Minor Crash,No,2006,,South,,0,,Flat,,,,,,Bright sun,2799200,1,0,0,2,,,0,,,1,,,Canterbury Region,Nil,Off road,Sealed,,0,0,,30,,Null,0,0,,64,Timaru District,Unknown,,,,,0,0,Urban,0,,,Fine,Null
1755635,5912307,30228,,518701,0,0,0,2,1,Null,2005/2006,NOTON ROAD,STAVELEY AVENUE,,Non-Injury Crash,No,2006,0,West,0,0,1,Flat,0,,0,,0,Bright sun,573300,0,0,0,2,0,0,0,0,0,,0,0,Auckland Region,Nil,2-way,Sealed,0,0,0,0,50,0,Off,0,0,,76,Auckland,Give way,0,0,0,1,0,0,Urban,0,0,0,Fine,Null
1766663,5912929,30229,,522910,0,,0,2,,Null,2005/2006,TI RAKAU DRIVE,REEVES ROAD,,Minor Crash,No,2006,,East,,0,,Flat,,,,,,Dark,684000,1,0,0,2,,,0,,,,,,Auckland Region,Nil,2-way,Sealed,,0,0,,50,,On,0,0,,76,Auckland,Traffic Signals,,,,,0,0,Urban,0,,,Light rain,Null
1753301,5946200,30230,,505906,0,,0,2,,Null,2005/2006,WHANGAPARAOA ROAD,POPLAR ROAD,,Minor Crash,No,2006,,East,,0,,Flat,,,,,,Overcast,173305,2,0,0,2,,,0,,,,,,Auckland Region,Nil,2-way,Sealed,,0,0,,50,,Off,0,0,,76,Auckland,Stop,,,,,0,0,Urban,0,,,Fine,Null
1927390,5801357,30231,,542530,0,,0,2,,North,2005/2006,SH 2,HEREPURU ROAD,,Non-Injury Crash,Yes,2006,,East,,0,,Flat,,Christmas New Year,,,,Bright sun,1325500,0,0,0,2,,,0,,,,,,Bay of Plenty Region,Nil,2-way,Sealed,,0,0,,100,,Null,0,0,,25,Whakatane District,Unknown,,,,,0,0,Open,0,,,Fine,Null
1758154,5915843,30232,,515801,0,0,0,1,0,West,2006/2007,KING GEORGE AVENUE,MANUKAU ROAD,,Non-Injury Crash,No,2006,0,East,0,0,0,Flat,0,,0,,0,Bright sun,446600,0,0,0,2,0,0,0,0,1,,0,0,Auckland Region,Nil,2-way,Sealed,0,0,0,0,50,0,Off,1,0,,76,Auckland,Nil,0,0,0,0,0,0,Urban,0,0,0,Fine,Null
1537725,5197386,30233,,586801,0,0,0,0,0,South,2005/2006,CARLETON ROAD,SOUTH EYRE ROAD,,Minor Crash,No,2006,0,South,0,0,0,Flat,0,,0,,0,Dark,2458600,1,0,0,1,0,0,0,0,0,,0,1,Canterbury Region,Nil,2-way,Unsealed,0,0,0,0,100,0,None,0,0,,59,Waimakariri District,Unknown,0,0,0,0,0,0,Open,1,0,0,Fine,Null
1745200,5924266,30234,,513522,0,,0,2,,North,2006/2007,LUCKENS ROAD,BERNLEIGH TERRACE,,Non-Injury Crash,No,2006,,North,,0,,Flat,,,,,,Bright sun,224130,0,0,0,2,,,0,,,,,,Auckland Region,Nil,2-way,Sealed,,0,0,,50,,Off,0,0,,76,Auckland,Nil,,,,,0,0,Urban,0,,,Fine,Null
1881122,5826519,30235,,536821,0,,0,2,,Null,2006/2007,SH 2,TOTARA ST,,Non-Injury Crash,Yes,2006,,East,,0,,Flat,,,,,,Dark,1203900,0,0,0,4,,,0,,,,,,Bay of Plenty Region,Nil,2-way,Sealed,,0,0,,70,,On,0,0,,23,Tauranga City,Give way,,,,,0,0,Urban,0,,,Fine,Null
1570973,5182820,30236,,592402,0,0,0,2,0,South,2005/2006,FORFAR ST,WESTMINSTER ST,,Minor Crash,No,2006,0,North,0,0,0,Flat,0,,0,,0,Dark,2691500,1,0,0,2,0,0,0,0,1,,0,0,Canterbury Region,Nil,2-way,Sealed,0,0,0,0,50,0,On,0,0,,60,Christchurch City,Unknown,0,0,0,0,0,0,Urban,0,0,0,Fine,Null
1790663,5840061,30237,,527402,0,,0,2,,Null,2006/2007,SH 1N,TAINUI BRIDGE ROAD,,Minor Crash,Yes,2006,,North,,0,,Flat,,,,,,Twilight,947100,2,0,0,2,,,0,,,,,,Waikato Region,Nil,2-way,Sealed,,0,0,,50,,Off,0,0,,13,Waikato District,Traffic Signals,,,,,0,0,Urban,0,,,Fine,Null
1814052,5862472,30238,35,533901,0,0,0,1,1,North,2005/2006,SH 27,KAIHERE ROAD,,Non-Injury Crash,Yes,2006,0,North,1,0,0,Hill Road,0,,0,,0,Overcast,1069401,0,0,0,2,0,0,0,0,0,,0,0,Waikato Region,Nil,2-way,Sealed,0,0,0,0,100,0,Null,0,0,,12,Hauraki District,Unknown,0,0,0,0,0,0,Open,0,0,0,Fine,Null
1762645,5912948,30239,,520500,0,,0,0,,North,2006/2007,SEART ON NBD,SOUTH-EASTERN HIGHWAY,,Non-Injury Crash,Yes,2006,,North,,0,,Hill Road,,,,,,Bright sun,637300,0,0,0,2,,,0,,,,,,Auckland Region,Motorway ramp,1-way,Sealed,,0,0,,50,,Off,0,0,,76,Auckland,Nil,,,,,0,0,Urban,2,,,Fine,Null
1757942,5918056,30240,,515700,0,0,0,1,1,Null,2006/2007,SH 1N,GILLIES OFF SBD,,Minor Crash,Yes,2006,0,South,0,0,0,Flat,0,,0,,0,Overcast,443200,1,0,0,4,0,0,0,0,0,,0,0,Auckland Region,Motorway ramp,1-way,Sealed,0,0,0,0,100,0,Off,0,0,,76,Auckland,Nil,0,0,0,0,0,0,Open,0,0,0,Fine,Null
1756514,5926968,30241,,507900,0,,0,2,,South,2005/2006,SH 1N,NORTHCOTE OBR,,Non-Injury Crash,Yes,2006,,South,,0,,Hill Road,,,,,,Bright sun,303502,0,0,0,3,,,0,,,,,,Auckland Region,Nil,1-way,Sealed,,0,0,,100,,Off,0,0,,76,Auckland,Nil,,,,,0,0,Open,0,,,Fine,Null
1711456,6041162,30242,,501810,0,,0,1,,West,2005/2006,SH 15,CEMETERY ROAD,,Non-Injury Crash,Yes,2006,,East,,0,,Hill Road,,,,,,Bright sun,72102,0,0,0,2,,,0,,,,,,Northland Region,Nil,2-way,Sealed,,0,0,,100,,None,0,0,,2,Whangarei District,Nil,,,,,0,0,Open,0,,,Fine,Null
1767631,5905743,30243,,523601,0,,0,4,,South,2005/2006,PRESTON ROAD,BOUNDARY ROAD,,Non-Injury Crash,No,2006,,North,,0,,Hill Road,,,,,,Bright sun,707200,0,0,0,2,,,0,,,,,,Auckland Region,Bridge,2-way,Sealed,,0,0,,50,,Off,0,0,,76,Auckland,Nil,,,,,0,0,Urban,0,,,Fine,Null
1771232,5576241,30244,,556000,0,0,0,1,0,Null,2005/2006,HEADS ROAD,GILBERD ST,,Minor Crash,No,2006,0,East,0,0,0,Flat,0,,0,,0,Overcast,1716500,1,0,0,2,0,0,0,0,0,,0,1,Manawatū-Whanganui Region,Rail xing,2-way,Sealed,0,0,0,0,50,0,Null,0,0,,37,Whanganui District,Give way,0,1,0,0,0,0,Urban,0,0,0,Fine,Null
1862198,5826142,30245,,536620,0,0,0,1,0,North,2006/2007,ESDAILE ROAD,SAGEWOOD ROAD,,Non-Injury Crash,No,2006,0,North,0,0,0,Hill Road,0,,0,,0,Bright sun,1185900,0,0,0,2,0,0,0,1,0,,0,0,Bay of Plenty Region,Nil,2-way,Sealed,0,0,0,0,100,0,Off,0,0,,22,Western Bay of Plenty District,Nil,0,0,0,0,0,0,Open,0,0,0,Fine,Null
1801293,5812969,30246,,530400,0,,0,2,,East,2006/2007,BADER ST,SH3 ON RAMP,,Non-Injury Crash,No,2006,,East,,0,,Flat,,,,,,Dark,922300,0,0,0,2,,,0,,,,,,Waikato Region,Nil,2-way,Sealed,,0,0,,50,,On,0,0,,16,Hamilton City,Unknown,,,,,0,0,Urban,0,,,Fine,Null
1887281,5773259,30247,,538722,0,0,0,1,0,North,2006/2007,VAUGHAN ROAD,ALLEN MILLS ROAD,,Non-Injury Crash,No,2006,0,North,0,0,1,Flat,0,,0,,0,Dark,1254405,0,0,0,2,0,0,0,0,0,,0,0,Bay of Plenty Region,Nil,2-way,Sealed,0,0,0,0,50,0,On,0,0,,24,Rotorua District,Unknown,0,0,0,0,0,0,Urban,0,0,0,Fine,Null
1815427,5519509,30248,85,561902,0,0,0,1,1,West,2005/2006,SH 57,SCOTTS ROAD,,Minor Crash,Yes,2006,0,West,0,0,0,Hill Road,0,,0,,0,Bright sun,1798200,1,0,0,2,0,0,0,0,0,,0,0,Manawatū-Whanganui Region,Nil,2-way,Sealed,0,0,0,0,100,0,Null,0,0,,40,Palmerston North City,Nil,0,0,0,0,0,0,Open,0,0,0,Fine,Null
1766163,5908216,30249,,523402,0,,0,2,,Null,2005/2006,BAIRDS ROAD,GILBERT ROAD,,Non-Injury Crash,No,2006,,East,,0,,Flat,,,,,,Bright sun,698100,0,0,0,2,,,0,,,,,,Auckland Region,Nil,2-way,Sealed,,0,0,,50,,Off,0,0,,76,Auckland,Give way,,,,,0,0,Urban,0,,,Fine,Null
1751807,5919221,30250,,515001,0,0,0,3,0,South,2005/2006,POINT CHEVALIER ROAD,WRIGHT ROAD,,Non-Injury Crash,No,2006,0,North,0,0,0,Flat,0,,0,,0,Dark,393400,0,0,0,2,0,0,0,0,1,,0,0,Auckland Region,Nil,2-way,Sealed,0,0,0,0,50,0,On,0,0,,76,Auckland,Nil,0,0,0,0,0,0,Urban,0,0,0,Light rain,Null
1237196,4836330,30251,,610074,0,0,0,1,1,South,2006/2007,OMAUI ROAD,MOKOMOKO ROAD,,Minor Crash,No,2006,0,South,0,0,0,Flat,0,,0,,0,Overcast,3160200,2,0,0,2,0,0,0,0,0,,0,0,Southland Region,Nil,2-way,Unsealed,0,0,0,0,100,0,Null,0,0,,75,Invercargill City,Unknown,0,0,0,0,0,0,Open,0,0,0,Heavy rain,Strong wind
1755510,5924678,30252,,509800,0,,1,1,,West,2005/2006,ONEWA ROAD,LAKE ROAD,,Non-Injury Crash,No,2006,,West,,0,,Flat,,,,,,Bright sun,360200,0,0,0,2,,,0,,,,,,Auckland Region,Nil,2-way,Sealed,,0,0,,50,,Off,0,0,,76,Auckland,Nil,,,,,0,0,Urban,0,,,Fine,Null
1753342,5933208,30253,,508804,0,,0,1,,North,2005/2006,SH 1N,GREVILLE OBR,,Non-Injury Crash,Yes,2006,,South,,0,,Hill Road,,,,,,Overcast,180605,0,0,0,3,,,0,,,,,,Auckland Region,Nil,2-way,Sealed,,0,0,,100,,Off,1,0,,76,Auckland,Nil,,,,,0,0,Open,1,,,Light rain,Null
1853850,5790239,30254,,535232,0,0,0,1,0,West,2006/2007,SH 5,TAPAPA ROAD,,Minor Crash,Yes,2006,0,East,0,0,0,Flat,0,,0,,0,Bright sun,1127701,1,0,0,2,0,0,0,0,0,,0,0,Waikato Region,Nil,2-way,Sealed,0,0,0,0,100,0,Null,0,0,,19,South Waikato District,Unknown,0,0,0,1,1,0,Open,0,0,0,Fine,Null
1758116,5917736,30255,,515700,0,,0,2,,North,2005/2006,GILLIES AVENUE,ALPERS AVENUE,,Non-Injury Crash,No,2006,,North,,0,,Flat,,,,,,Bright sun,443700,0,0,0,4,,,0,,,,,,Auckland Region,Nil,2-way,Sealed,,0,0,,50,,Off,0,0,,76,Auckland,Nil,,,,,0,0,Urban,0,,,Fine,Null
1814152,5862486,30256,35,533901,0,0,0,1,0,South,2005/2006,SH 27,TOREHAPE ROAD WEST,,Non-Injury Crash,Yes,2006,0,North,1,0,0,Hill Road,0,Christmas New Year,0,,0,Overcast,1069401,0,0,0,2,0,0,0,0,0,,0,0,Waikato Region,Nil,2-way,Sealed,0,0,0,0,100,0,Null,0,0,,12,Hauraki District,Unknown,0,0,0,0,0,0,Open,0,0,0,Light rain,Null
1572377,5178070,30257,,594300,0,,0,2,,North,2005/2006,OPAWA ROAD,ENSORS ROD,,Minor Crash,No,2006,,North,,0,,Flat,,,,,,Bright sun,2583500,1,0,0,2,,,0,,,,,,Canterbury Region,Nil,2-way,Sealed,,0,0,,50,,Null,0,0,,60,Christchurch City,Nil,,,,,0,0,Urban,0,,,Fine,Null
1757333,5919932,30258,,514103,0,,0,1,,Null,2005/2006,MAYORAL DRIVE,WAKEFIELD ST,,Minor Crash,No,2006,,West,,0,,Hill Road,,,,,,Dark,436600,1,0,0,2,,,0,,,1,,,Auckland Region,Nil,2-way,Sealed,,0,0,,50,,On,0,0,,76,Auckland,Traffic Signals,,,,,0,0,Urban,0,,,Fine,Null
1814994,5825206,30259,,527111,0,,0,2,,South,2005/2006,PIAKO ROAD,WAVERLEY ROAD,,Non-Injury Crash,No,2006,,South,,0,,Flat,,,,,,Bright sun,954600,0,0,0,2,,,0,,,,,,Waikato Region,Nil,2-way,Sealed,,0,0,,100,,Null,0,0,,13,Waikato District,Unknown,,,,,0,0,Open,0,,,Fine,Null
1722416,6051671,30260,,501814,0,0,0,1,0,North,2006/2007,NGUNGURU ROAD,HARDIE ROAD,,Non-Injury Crash,No,2006,0,North,0,0,1,Flat,0,,0,,0,Overcast,62800,0,0,0,2,0,0,0,0,0,,0,0,Northland Region,Nil,2-way,Sealed,0,0,0,0,100,0,None,0,0,,2,Whangarei District,Nil,0,0,0,0,0,0,Open,0,0,0,Fine,Null
1816698,5803598,30261,,527502,0,,0,2,,Null,2005/2006,SH 1N,BRYCE ST,,Non-Injury Crash,Yes,2006,,North,,0,,Flat,,,,,,Bright sun,964300,0,0,0,2,,,0,,,,,,Waikato Region,Nil,2-way,Sealed,,0,0,,50,,Null,0,0,,17,Waipa District,Stop,,,,,0,0,Urban,0,,,Fine,Null
1951312,5779254,30262,25,542100,0,0,0,0,0,Null,2005/2006,SH 2,MCKENZIE ST,,Minor Crash,Yes,2006,0,South,0,0,1,Flat,0,,0,,0,Dark,1304200,2,0,0,2,0,0,0,0,0,,0,1,Bay of Plenty Region,Nil,2-way,Sealed,0,0,0,0,50,0,On,0,0,,25,Whakatane District,Nil,0,0,0,0,1,0,Urban,0,0,0,Fine,Null
1313250,4981255,30263,,608302,0,,0,0,,West,2005/2006,CHAPMAN ROAD,EARNSCLEUGH ROAD,,Minor Crash,No,2006,,East,,0,,Hill Road,,,,,,Bright sun,3022700,1,0,0,2,,,0,,,,,,Otago Region,Nil,2-way,Sealed,,0,0,,100,,Null,1,0,,69,Central Otago District,Unknown,,,,,0,0,Open,0,,,Fine,Null
1776699,5877838,30264,,521131,0,,0,0,,South,2006/2007,RIDGE ROAD,NIKAU ROAD,,Minor Crash,No,2006,,East,,0,,Hill Road,,,,,,Bright sun,842500,1,0,0,2,,,0,,,,,,Waikato Region,Nil,2-way,Sealed,,0,0,,100,,None,0,0,,13,Waikato District,Nil,,,,,0,0,Open,2,,,Fine,Null
1758102,5911948,30265,,519810,0,,0,2,,South,2006/2007,SH 20,QUEENSTOWN OFF NBD,,Non-Injury Crash,Yes,2006,,North,,0,,Flat,,,,,,Bright sun,602501,0,0,0,2,,,0,,,,,,Auckland Region,Nil,2-way,Sealed,,0,0,,100,,Off,0,0,,76,Auckland,Nil,,,,,0,0,Open,0,,,Fine,Null
1752996,5928816,30266,,508412,0,,0,2,,West,2005/2006,MANUKA ROAD,EASTON PARK PARADE,,Minor Crash,No,2006,,West,,0,,Hill Road,,,,,,Bright sun,186002,1,0,0,2,,,0,,,,,,Auckland Region,Nil,2-way,Sealed,,0,0,,50,,Off,0,0,,76,Auckland,Nil,,,,,0,0,Urban,0,,,Fine,Null
1560266,5178476,30267,,587830,0,,0,2,,East,2006/2007,SH 1S MAIN SOUTH,HALSWELL JUNCTION ROAD,,Minor Crash,Yes,2006,,East,,0,,Flat,,,,,,Bright sun,2498903,1,0,0,2,,,0,,,,,,Canterbury Region,Nil,2-way,Sealed,,0,0,,50,,Null,0,0,,60,Christchurch City,Unknown,,,,,0,0,Urban,0,,,Fine,Null