X,Y,OBJECTID,advisorySpeed,areaUnitID,bicycle,bridge,bus,carStationWagon,cliffBank,crashDirectionDescription,crashFinancialYear,crashLocation1,crashLocation2,crashRoadSideRoad,crashSeverity,crashSHDescription,crashYear,debris,directionRoleDescription,ditch,fatalCount,fence,flatHill,guardRail,holiday,houseOrBuilding,intersection,kerb,light,meshblockId,minorInjuryCount,moped,motorcycle,NumberOfLanes,objectThrownOrDropped,otherObject,otherVehicleType,overBank,parkedVehicle,pedestrian,phoneBoxEtc,postOrPole,region,roadCharacter,roadLane,roadSurface,roadworks,schoolBus,seriousInjuryCount,slipOrFlood,speedLimit,strayAnimal,streetLight,suv,taxi,temporarySpeedLimit,tlaId,tlaName,trafficControl,trafficIsland,trafficSign,train,tree,truck,unknownVehicleType,urban,vanOrUtility,vehicle,waterRiver,weatherA,weatherB
1759420,5446659,30268,,565602,0,,0,1,,West,2005/2006,DISCOVERY DRIVE,BARQUE CRESCENT,,Non-Injury Crash,No,2006,,East,,0,,Hill Road,,,,,,Dark,2072519,0,0,0,2,,,0,,,,,,Wellington Region,Nil,2-way,Sealed,,0,0,,50,,On,1,0,,44,Porirua City,Nil,,,,,0,0,Urban,0,,,Fine,Null
1751925,5915485,30269,,517901,0,,0,2,,Null,2005/2006,NEW NORTH ROAD,SOLJAK PLACE,,Non-Injury Crash,No,2006,,East,,0,,Flat,,,,,,Bright sun,523800,0,0,0,4,,,0,,,,,,Auckland Region,Nil,2-way,Sealed,,0,0,,50,,Off,0,0,,76,Auckland,Give way,,,,,0,0,Urban,0,,,Fine,Null
1755533,5929126,30270,,508510,0,,0,1,,North,2005/2006,TRISTRAM OFF SBD,TRISTRAM AVENUE,,Non-Injury Crash,Yes,2006,,South,,0,,Hill Road,,,,,,Bright sun,195200,0,0,0,2,,,0,,,,,,Auckland Region,Motorway ramp,1-way,Sealed,,0,0,,50,,Off,0,0,,76,Auckland,Nil,,,,,0,0,Urban,1,,,Fine,Null
1754940,5918724,30271,,515410,0,,0,1,,West,2006/2007,WILLIAMSON AVENUE,COLERIDGE ST,,Minor Crash,No,2006,,West,,0,,Hill Road,,,,,,Bright sun,404500,1,0,0,2,,,0,,,1,,,Auckland Region,Nil,2-way,Sealed,,0,0,,50,,Off,0,0,,76,Auckland,Nil,,,,,0,0,Urban,0,,,Fine,Null
1757725,5918249,30272,,518101,0,,0,1,,North,2006/2007,SH 1N,MOUNTAIN OBR,,Minor Crash,Yes,2006,,North,,0,,Hill Road,,,,,,Bright sun,543000,1,0,0,5,,,0,,,,,,Auckland Region,Nil,1-way,Sealed,,0,0,,80,,Off,0,0,,76,Auckland,Nil,,,,,1,0,Open,0,,,Fine,Null
1803322,5688796,30273,75,532501,0,0,0,1,0,Null,2006/2007,SH 4,MAKOKOMIKO ROAD,,Serious Crash,Yes,2006,0,North,0,0,1,Hill Road,0,,0,,0,Overcast,1030800,0,0,0,2,0,0,0,1,0,,0,0,Manawatū-Whanganui Region,Nil,2-way,Sealed,0,0,1,0,100,0,Null,0,0,,36,Ruapehu District,Nil,0,0,0,0,0,0,Open,0,0,0,Heavy rain,Null
1715210,6043645,30274,,502003,0,0,0,1,1,East,2006/2007,SH 14,AUSTIN ROAD,,Non-Injury Crash,Yes,2006,0,West,0,0,0,Flat,0,Labour Weekend,0,,0,Dark,70201,0,0,0,2,0,0,0,0,0,,0,0,Northland Region,Nil,2-way,Sealed,0,0,0,0,70,0,On,0,0,,2,Whangarei District,Nil,0,0,0,0,0,0,Urban,0,0,0,Fine,Null
1884283,5826359,30275,,536831,0,,0,1,,North,2005/2006,OCEANBEACH ROAD,CONCORD AVENUE,,Non-Injury Crash,No,2006,,North,,0,,Flat,,,,,,Overcast,1199400,0,0,0,2,,,0,,,,,,Bay of Plenty Region,Nil,2-way,Sealed,,0,0,,50,,Null,1,0,,23,Tauranga City,Unknown,,,,,0,0,Urban,0,,,Fine,Null
1243163,4849829,30276,,611210,0,,0,3,,Null,2006/2007,DON ST,JED ST,,Serious Crash,No,2006,,West,,0,,Flat,,,,,,Overcast,3107400,1,0,0,2,,,0,,,,,,Southland Region,Nil,2-way,Sealed,,0,1,,50,,Null,0,0,,75,Invercargill City,Give way,,,,,0,0,Urban,0,,,Light rain,Null
1406167,4916268,30277,,602900,0,,0,0,,Null,2006/2007,SH 1S,JETTY ST,,Minor Crash,Yes,2006,,North,,0,,Flat,,,,,,Twilight,2895600,1,0,0,4,,,0,,,1,,,Otago Region,Nil,1-way,Sealed,,0,0,,50,,Off,0,0,,71,Dunedin City,Traffic Signals,,,,,0,0,Urban,1,,,Fine,Null
1410808,4934581,30278,,601605,0,0,0,1,0,North,2006/2007,SH 1S,COAST ROAD S,,Serious Crash,Yes,2006,0,North,0,0,0,Hill Road,1,,0,,0,Dark,2858000,0,0,0,2,0,0,0,0,0,,0,0,Otago Region,Nil,2-way,Sealed,0,0,1,0,100,0,None,0,0,,71,Dunedin City,Unknown,0,0,0,0,0,0,Open,0,0,0,Fine,Frost
1809025,5781538,30279,,531304,0,0,0,0,0,East,2006/2007,WAIKERIA ROAD,SH 3,,Minor Crash,No,2006,0,South,0,0,1,Flat,0,,0,,0,Overcast,999000,1,0,0,2,0,0,0,0,0,,0,1,Waikato Region,Nil,2-way,Sealed,0,0,0,0,100,0,Null,0,0,,18,Ōtorohanga District,Unknown,0,0,0,0,0,0,Open,1,0,0,Fine,Null
1829755,5524482,30280,,561902,0,0,0,1,1,Null,2005/2006,PAHIATUA AOKAUTERE ROAD,LOOKOUT,,Non-Injury Crash,No,2006,0,West,0,0,0,Hill Road,0,,0,,0,Overcast,1799300,0,0,0,2,0,0,0,0,0,,0,0,Manawatū-Whanganui Region,Nil,2-way,Sealed,0,0,0,0,100,0,Null,0,0,,40,Palmerston North City,Nil,0,0,0,0,0,0,Open,0,0,0,Fine,Null
1767088,5912445,30281,,522910,0,0,0,1,0,North,2005/2006,TI RAKAU DRIVE,MARRIOTT ROAD,,Non-Injury Crash,No,2006,0,South,0,0,0,Flat,0,,0,,0,Twilight,686000,0,0,0,4,0,0,0,0,1,,0,0,Auckland Region,Nil,2-way,Sealed,0,0,0,0,50,0,Off,1,0,,76,Auckland,Nil,0,0,0,1,0,0,Urban,0,0,0,Fine,Null
1885466,5772198,30282,,540600,0,0,0,1,0,Null,2005/2006,HILDA ST,MAIDA VALE ST,,Non-Injury Crash,No,2006,0,East,0,0,1,Flat,0,,0,,0,Dark,1243401,0,0,0,2,0,0,0,0,0,,0,0,Bay of Plenty Region,Nil,2-way,Sealed,0,0,0,0,50,0,On,0,0,,24,Rotorua District,Nil,0,0,0,0,0,0,Urban,0,0,0,Fine,Null
1935163,5618790,30283,,546500,0,,0,2,,Null,2005/2006,RIVERBEND ROAD,LODGE ROAD,,Minor Crash,No,2006,,South,,0,,Flat,,,,,,Dark,1440600,1,0,0,2,,,0,,,,,,Hawke's Bay Region,Nil,2-way,Sealed,,0,0,,50,,On,0,0,,31,Napier City,Stop,,,,,0,0,Urban,0,,,Fine,Null
1755388,5927824,30284,,507900,0,,0,2,,East,2005/2006,PORANA ROAD,SUNNYBRAE ROAD,,Non-Injury Crash,No,2006,,West,,0,,Flat,,,,,,Bright sun,305100,0,0,0,2,,,0,,,,,,Auckland Region,Nil,2-way,Sealed,,0,0,,50,,Off,0,0,,76,Auckland,Nil,,,,,0,0,Urban,0,,,Fine,Null
1742572,5924440,30285,,513410,0,0,0,1,1,North,2005/2006,FRED TAYLOR DRIVE,DUNLOP ROAD,,Minor Crash,No,2006,0,North,1,0,0,Flat,0,,0,,0,Overcast,226401,1,0,0,2,0,0,0,0,0,,0,0,Auckland Region,Nil,2-way,Sealed,0,0,0,0,80,0,Off,0,0,,76,Auckland,Nil,0,0,0,0,0,0,Open,0,0,0,Fine,Null
1755339,5918260,30286,,515500,0,,0,2,,West,2006/2007,SH 16,BOND OBR,,Non-Injury Crash,Yes,2006,,East,,0,,Flat,,,,,,Overcast,418800,0,0,0,4,,,0,,,,,,Auckland Region,Nil,1-way,Sealed,,0,0,,100,,Off,0,0,,76,Auckland,Nil,,,,,0,0,Open,0,,,Fine,Null
1749648,5957294,30287,,506613,0,,0,1,,North,2005/2006,SH 1N,17 LINK 1N,,Non-Injury Crash,Yes,2006,,North,,0,,Hill Road,,,,,,Bright sun,147000,0,0,1,2,,,0,,,,,,Auckland Region,Nil,2-way,Sealed,,0,0,,100,,Off,0,0,,76,Auckland,Nil,,,,,0,0,Open,0,,,Fine,Null
1759958,5916890,30288,,516002,0,,0,2,,Null,2005/2006,REMUERA ROAD,ARMADALE ROAD,,Non-Injury Crash,No,2006,,West,,0,,Flat,,,,,,Overcast,492200,0,0,0,,,,0,,,,,,Auckland Region,Nil,2-way,Sealed,,0,0,,50,,Off,0,0,,76,Auckland,Nil,,,,,0,0,Urban,0,,,Fine,Null
1894697,5757595,30289,,538832,0,0,0,1,0,South,2005/2006,WAIMANGU ROAD,SH 5,,Minor Crash,No,2006,0,South,0,0,1,Flat,0,,0,,0,Overcast,1259101,1,0,0,2,0,0,0,1,0,,0,0,Bay of Plenty Region,Nil,2-way,Sealed,0,0,0,0,100,0,Null,0,0,,24,Rotorua District,Unknown,0,0,0,0,0,0,Open,0,0,0,Fine,Null
1768631,5901121,30290,,524901,0,,0,2,,Null,2005/2006,GREAT SOUTH ROAD,HILL ROAD,,Non-Injury Crash,No,2006,,North,,0,,Flat,,,,,,Dark,756600,0,0,0,2,,,0,,,,,,Auckland Region,Nil,2-way,Sealed,,0,0,,50,,On,0,0,,76,Auckland,Traffic Signals,,,,,0,0,Urban,0,,,Light rain,Null
1867262,5704147,30291,,541345,0,0,0,0,0,North,2005/2006,SH 1N,HURAE ROAD,,Minor Crash,Yes,2006,0,South,0,0,1,Flat,0,,0,,0,Overcast,1280103,1,0,0,2,0,0,0,0,0,,0,0,Waikato Region,Nil,2-way,Sealed,0,0,0,0,100,0,Null,1,0,,21,Taupo District,Unknown,0,0,0,0,0,0,Open,0,0,0,Fine,Null
1951922,5779711,30292,,542100,0,0,0,1,0,Null,2005/2006,MORRISON ROAD,STATION ROAD,,Non-Injury Crash,No,2006,0,East,1,0,0,Flat,0,,0,,0,Dark,1304400,0,0,0,2,0,0,0,0,0,,0,0,Bay of Plenty Region,Nil,2-way,Sealed,0,0,0,0,50,0,None,0,0,,25,Whakatane District,Nil,0,0,0,0,0,0,Urban,0,0,0,Fine,Null
1767829,5904807,30293,,523722,0,0,0,1,0,North,2005/2006,SH 1N,REDOUBT OBR,,Non-Injury Crash,Yes,2006,0,South,0,0,0,Hill Road,1,,0,,0,Bright sun,715801,0,0,0,3,0,0,0,0,0,,0,0,Auckland Region,Nil,1-way,Sealed,0,0,0,0,100,0,Off,0,0,,76,Auckland,Nil,0,0,0,0,1,0,Open,0,0,0,Fine,Null
1765025,5910458,30294,,521803,0,0,0,0,0,North,2005/2006,SH 1N,PRINCES OBR,,Non-Injury Crash,Yes,2006,0,South,0,0,0,Flat,1,,0,,0,Overcast,790000,0,0,0,3,0,0,0,0,0,,0,0,Auckland Region,Nil,1-way,Sealed,0,0,0,0,100,0,Off,0,0,,76,Auckland,Nil,0,0,0,0,0,0,Open,1,0,0,Fine,Null
1784670,5488189,30295,,564022,0,,0,2,,Null,2005/2006,SH 1N,FOREST LAKES ROAD,,Minor Crash,Yes,2006,,North,,0,,Hill Road,,,,,,Overcast,1882800,2,0,0,3,,,0,,,,,,Wellington Region,Nil,2-way,Sealed,,0,0,,100,,Null,1,0,,43,Kapiti Coast District,Give way,,,,,0,0,Open,0,,,Fine,Null
1753678,5931262,30296,,508807,0,,0,2,,Null,2005/2006,SH 18,CARIBBEAN DRIVE,,Non-Injury Crash,Yes,2006,,East,,0,,Flat,,,,,,Bright sun,180810,0,0,0,2,,,0,,,,,,Auckland Region,Nil,2-way,Sealed,,0,0,,80,,Off,0,0,30,76,Auckland,Traffic Signals,,,,,0,0,Open,0,,,Fine,Null
1928940,5795912,30297,,542530,0,,0,2,,West,2005/2006,MANAWAHE ROAD,CAVERHILL ROAD,,Non-Injury Crash,No,2006,,West,,0,,Hill Road,,,,,,Overcast,1325800,0,0,0,2,,,0,,,,,,Bay of Plenty Region,Nil,2-way,Sealed,,0,0,,100,,Null,0,0,30,25,Whakatane District,Unknown,,,,,0,0,Open,0,,,Fine,Null
1735697,5940823,30298,35,506646,0,0,0,0,0,South,2005/2006,PEAK ROAD,CHATHAM ROAD,,Non-Injury Crash,No,2006,0,West,0,0,0,Hill Road,0,Christmas New Year,0,,0,Dark,211800,0,0,0,2,0,0,0,1,0,,0,0,Auckland Region,Nil,2-way,Sealed,0,0,0,0,100,0,None,0,0,,76,Auckland,Nil,0,0,0,1,1,0,Open,0,0,0,Heavy rain,Null
1800719,5815790,30299,,529700,0,,0,1,,Null,2005/2006,VICTORIA ST,LONDON ST,,Non-Injury Crash,No,2006,,East,,0,,Flat,,,,,,Twilight,910100,0,1,0,2,,,0,,,,,,Waikato Region,Nil,2-way,Sealed,,0,0,,50,,On,0,0,,16,Hamilton City,Traffic Signals,,,,,0,0,Urban,0,,,Fine,Null
1928256,5602150,30300,,545762,1,,0,1,,North,2006/2007,RIVERSLEA ROAD SOUTH,DAVIS ROAD,,Serious Crash,No,2006,,North,,0,,Flat,,,,,,Bright sun,1468200,0,0,0,2,,,0,,,,,,Hawke's Bay Region,Nil,2-way,Sealed,,0,1,,100,,Null,0,0,,30,Hastings District,Nil,,,,,0,0,Open,0,,,Fine,Null
1455903,5303236,30301,,584923,0,0,0,1,0,South,2005/2006,SH 6,MILLAR ST,,Fatal Crash,Yes,2006,0,South,1,1,1,Flat,0,,0,,0,Dark,2403006,1,0,0,2,0,0,0,0,0,,0,0,West Coast Region,Nil,2-way,Sealed,0,0,1,0,100,0,None,0,0,,56,Grey District,Unknown,0,0,0,0,0,0,Open,0,0,0,Light rain,Null
1659102,6075783,30302,,500802,0,,0,0,,West,2006/2007,SH 12,PUNAKITERE LOOP ROAD,,Serious Crash,Yes,2006,,West,,0,,Flat,,,,,,Overcast,22500,3,0,0,2,,,0,,,,,,Northland Region,Nil,2-way,Sealed,,0,1,,100,,None,1,0,,1,Far North District,Nil,,,,,0,0,Open,0,,,Heavy rain,Null
1755903,5916897,30303,,518201,0,,0,1,,North,2005/2006,DOMINION ROAD,PAICE AVENUE,,Non-Injury Crash,No,2006,,North,,0,,Flat,,,,,,Overcast,549100,0,0,0,2,,,0,,,,,,Auckland Region,Nil,2-way,Sealed,,0,0,,50,,Null,0,0,,76,Auckland,Unknown,,,,,0,0,Urban,1,,,Light rain,Null
1850187,5765241,30304,,535330,0,0,0,1,0,Null,2005/2006,FERGUSSON ST,ELIZABETH DRIVE,,Non-Injury Crash,No,2006,0,South,0,0,0,Flat,0,,0,,0,Bright sun,1135000,0,0,0,2,0,0,0,0,0,,0,0,Waikato Region,Nil,2-way,Sealed,0,0,0,0,50,0,Null,0,0,,19,South Waikato District,Nil,0,0,0,1,0,0,Urban,0,0,0,Fine,Null
1767198,5901333,30305,,524712,0,0,0,1,0,North,2006/2007,RUSSELL ROAD,CAMBRIDGE ROAD,,Minor Crash,No,2006,0,South,0,0,0,Flat,0,,0,,0,Overcast,777202,1,0,0,2,0,0,0,0,1,,0,0,Auckland Region,Nil,2-way,Sealed,0,0,0,0,50,0,Null,0,0,,76,Auckland,Nil,0,0,0,0,1,0,Urban,0,0,0,Fine,Null
1756862,5449802,30306,,571900,0,,0,2,,Null,2005/2006,SH 1N,POPE ST,,Minor Crash,Yes,2006,,South,,0,,Flat,,,,,,Dark,2068500,1,0,0,4,,,0,,,,,,Wellington Region,Nil,2-way,Sealed,,0,0,,50,,On,0,0,,44,Porirua City,Give way,,,,,0,0,Urban,0,,,Fine,Null
1676220,5335959,30307,,581500,0,,0,0,,North,2005/2006,SH 1S,CAMP STREAM CULV,,Non-Injury Crash,Yes,2006,,North,,0,,Flat,,,,,,Dark,2315000,0,0,0,2,,,0,,,,,,Canterbury Region,Nil,2-way,Sealed,,0,0,,100,,None,0,0,,54,Kaikoura District,Nil,,,,,1,0,Open,0,,,Fine,Null
1769750,5908424,30308,,523115,0,,0,2,,Null,2005/2006,ACCENT DRIVE,WAYNE FRANCIS DRIVE,,Non-Injury Crash,No,2006,,South,,0,,Hill Road,,,,,,Twilight,711912,0,0,0,2,,,0,,,,,,Auckland Region,Nil,2-way,Sealed,,0,0,,50,,On,0,0,,76,Auckland,Nil,,,,,0,0,Urban,0,,,Light rain,Null
1733471,5945194,30309,75,506647,0,0,0,1,0,East,2006/2007,SH 16,ANDERSON ROAD,,Minor Crash,Yes,2006,0,East,1,0,0,Flat,0,,0,,0,Dark,211502,2,0,0,2,0,0,0,0,0,,0,0,Auckland Region,Nil,2-way,Sealed,0,0,0,0,100,0,None,0,0,,76,Auckland,Nil,0,0,0,0,0,0,Open,0,0,0,Fine,Null
1757920,5912091,30310,,519810,0,,1,1,,East,2005/2006,SH 20,HILLSBOROUGH OBR,,Non-Injury Crash,Yes,2006,,South,,0,,Flat,,Christmas New Year,,,,Bright sun,602501,0,0,0,2,,,0,,,,,,Auckland Region,Nil,1-way,Sealed,,0,0,,100,,Off,0,0,,76,Auckland,Nil,,,,,0,0,Open,0,,,Fine,Null
1772881,5891388,30311,,521301,0,0,0,2,0,Null,2005/2006,SH 22,DRURY OFF NBD,,Minor Crash,Yes,2006,0,West,0,0,0,Flat,0,,0,,0,Dark,809200,1,0,0,2,0,0,0,0,0,,0,0,Auckland Region,Motorway ramp,2-way,Sealed,0,0,0,0,100,0,On,0,0,,76,Auckland,Stop,1,0,0,0,0,0,Open,1,0,0,Fine,Null
1756215,5927589,30312,,507900,0,,0,2,,North,2005/2006,SH 1N,NORTHCOTE OFF SBD,,Non-Injury Crash,Yes,2006,,South,,0,,Flat,,,,,,Bright sun,305202,0,0,0,3,,,0,,,,,,Auckland Region,Nil,2-way,Sealed,,0,0,,100,,Off,0,0,,76,Auckland,Nil,,,,,0,0,Open,0,,,Fine,Null
1735593,5987153,30313,,506660,0,,0,2,,North,2006/2007,SH 1N,WHAKAPIRAU ROAD,,Non-Injury Crash,Yes,2006,,South,,0,,Hill Road,,Christmas New Year,,,,Overcast,135800,0,0,0,2,,,0,,,,,,Auckland Region,Nil,2-way,Sealed,,0,0,,70,,None,0,0,,76,Auckland,Nil,,,,,0,0,Urban,0,,,Light rain,Null
1742400,5948202,30314,,506614,2,,0,1,,South,2005/2006,WAITOKI ROAD,WAINUI ROAD,,Non-Injury Crash,No,2006,,North,,0,,Flat,,,,,,Bright sun,177402,0,0,0,2,,,0,,,,,,Auckland Region,Nil,2-way,Sealed,,0,0,,100,,None,0,0,,76,Auckland,Nil,,,,,0,0,Open,0,,,Fine,Null
1775995,5881954,30315,,521160,0,,0,1,,Null,2005/2006,MILL OFF SBD,MILL ROAD,,Non-Injury Crash,Yes,2006,,South,,0,,Hill Road,,,,,,Overcast,827604,0,0,0,1,,,0,,,,,,Auckland Region,Nil,1-way,Sealed,,0,0,,70,,Off,1,0,,76,Auckland,Stop,,,,,0,0,Urban,0,,,Fine,Null
1764214,5917465,30316,,517201,0,,0,2,,Null,2005/2006,ST JOHNS ROAD,COLLEGE ROAD,,Non-Injury Crash,No,2006,,East,,0,,Flat,,,,,,Bright sun,464900,0,0,0,2,,,0,,,,,,Auckland Region,Nil,2-way,Sealed,,0,0,,50,,Off,0,0,,76,Auckland,Give way,,,,,0,0,Urban,0,,,Fine,Null
1756255,5928103,30317,,507900,0,,0,2,,West,2006/2007,THORNTON ROAD,SHAKESPEARE ROAD,,Non-Injury Crash,No,2006,,West,,0,,Flat,,,,,,Bright sun,305500,0,0,0,1,,,0,,,,,,Auckland Region,Nil,1-way,Sealed,,0,0,,50,,Off,0,0,,76,Auckland,Nil,,,,,0,0,Urban,0,,,Null,Null
1678171,5404308,30318,,581210,0,,0,2,,West,2005/2006,SH 6,COLEMANS ROAD,,Non-Injury Crash,Yes,2006,,East,,0,,Flat,,,,,,Bright sun,2293400,0,0,0,2,,,0,,,,,,Marlborough Region,Nil,2-way,Sealed,,0,0,,50,,Null,0,0,,53,Marlborough District,Nil,,,,,0,0,Urban,0,,,Fine,Null
1387871,5114692,30319,,600323,0,0,0,1,0,South,2006/2007,SH 8,IRISHMAN CRK BR,,Minor Crash,Yes,2006,0,North,0,0,0,Flat,0,,0,,0,Dark,2814102,1,0,0,2,0,0,0,0,0,,0,0,Canterbury Region,Nil,2-way,Sealed,0,0,0,0,100,0,None,0,0,,65,Mackenzie District,Unknown,0,0,0,0,0,0,Open,0,0,0,Fine,Null
1939798,5795929,30320,,542530,0,,0,0,,Null,2005/2006,THORNTON ROAD,WEST BANK ROAD,,Non-Injury Crash,No,2006,,South,,0,,Flat,,,,,,Overcast,1321900,0,0,0,2,,,0,,,,,,Bay of Plenty Region,Nil,2-way,Sealed,,0,0,,100,,Null,1,0,,25,Whakatane District,Stop,,,,,1,0,Open,0,,,Heavy rain,Strong wind
1759252,5419651,30321,,565400,0,0,0,1,0,South,2006/2007,COAST ROAD,CATCHPOOL VALLEY ROAD,,Minor Crash,No,2006,0,South,0,0,1,Flat,0,Labour Weekend,0,,0,Overcast,2026000,2,0,0,2,0,0,0,0,0,,0,0,Wellington Region,Nil,2-way,Sealed,0,0,0,0,100,0,Null,0,0,,46,Lower Hutt City,Nil,0,0,0,0,0,0,Open,0,0,0,Fine,Null
1800299,5816430,30322,,529700,0,,0,1,,Null,2006/2007,MILL ST,VICTORIA ST,,Non-Injury Crash,No,2006,,South,,0,,Flat,,,,,,Bright sun,909302,0,0,0,2,,,0,,,,,,Waikato Region,Nil,2-way,Sealed,,0,0,,50,,Off,1,0,,16,Hamilton City,Nil,,,,,0,0,Urban,0,,,Null,Null
1765920,5444564,30323,,565601,0,0,0,1,1,East,2005/2006,SH 58,MOONSHINE ROAD,,Non-Injury Crash,Yes,2006,0,West,0,0,0,Hill Road,0,,0,,0,Bright sun,2071800,0,0,0,3,0,0,0,0,0,,0,0,Wellington Region,Nil,2-way,Sealed,0,0,0,0,100,0,Null,0,0,,44,Porirua City,Nil,0,0,0,0,0,0,Open,0,0,0,Fine,Null
1772893,5913447,30324,,523102,0,0,0,1,0,South,2005/2006,CURRELL WAY,MEADOWLAND DRIVE,,Non-Injury Crash,No,2006,0,North,0,0,0,Hill Road,0,,0,,0,Overcast,711035,0,0,0,2,0,0,0,0,0,,1,0,Auckland Region,Nil,2-way,Sealed,0,0,0,0,50,0,Off,0,0,,76,Auckland,Nil,0,0,0,1,0,0,Urban,0,0,0,Light rain,Null
1819754,5944964,30325,,533200,0,0,0,0,1,North,2006/2007,PORT JACKSON ROAD,COLVILLE ROAD,,Serious Crash,No,2006,0,South,0,0,0,Flat,0,,0,,0,Bright sun,1042702,0,0,0,1,0,0,0,0,0,,0,0,Waikato Region,Nil,2-way,Unsealed,0,0,1,0,100,0,None,0,0,,11,Thames-Coromandel District,Nil,0,0,0,0,1,0,Open,1,0,0,Fine,Null
1755665,5919291,30326,,515420,0,0,0,1,0,North,2005/2006,SCANLAN ST,WILLIAMSON AVENUE,,Non-Injury Crash,No,2006,0,South,0,0,0,Flat,0,,0,,0,Overcast,410900,0,0,0,2,0,0,0,0,0,,0,0,Auckland Region,Nil,2-way,Sealed,0,0,0,0,50,0,Off,0,0,,76,Auckland,Nil,0,0,0,0,1,0,Urban,0,1,0,Light rain,Null
1757713,5944591,30327,,505902,0,0,0,1,0,Null,2006/2007,WHANGAPARAOA ROAD,RAWHITI ROAD,,Non-Injury Crash,No,2006,0,West,0,0,0,Hill Road,0,,0,,1,Dark,174409,0,0,0,2,0,0,0,0,0,,0,0,Auckland Region,Nil,2-way,Sealed,0,0,0,0,50,0,On,0,0,,76,Auckland,Nil,0,0,0,0,0,0,Urban,0,0,0,Fine,Null
1744669,5974196,30328,,506661,0,,0,2,,South,2005/2006,SH 1N,KRAACK ROAD,,Non-Injury Crash,Yes,2006,,South,,0,,Hill Road,,,,,,Overcast,138900,0,0,0,2,,,0,,,,,,Auckland Region,Nil,2-way,Sealed,,0,0,,100,,None,0,0,,76,Auckland,Nil,,,,,0,0,Open,0,,,Light rain,Null
1764924,5914719,30329,,520602,0,,1,1,,Null,2006/2007,PANMURE ROUNDABOUT,IRELAND ROAD,,Non-Injury Crash,No,2006,,North,,0,,Flat,,,,,,Bright sun,628601,0,0,0,3,,,0,,,,,,Auckland Region,Nil,1-way,Sealed,,0,0,,50,,Off,0,0,,76,Auckland,Give way,,,,,0,0,Urban,0,,,Fine,Null
1620642,5428948,30330,,583100,0,0,0,1,0,North,2005/2006,SH 6,PARKERS ROAD,,Minor Crash,Yes,2006,0,South,0,0,0,Flat,0,,0,,0,Twilight,2335100,1,0,0,2,0,0,0,0,4,,1,0,Nelson Region,Nil,2-way,Sealed,0,0,0,0,50,0,None,1,0,,52,Nelson City,Nil,0,0,0,0,0,0,Urban,3,0,0,Light rain,Null
1835788,5827679,30331,,534604,0,0,0,1,0,North,2005/2006,SH 27,KEREONE ROAD,,Serious Crash,Yes,2006,0,North,0,0,1,Flat,0,,0,,0,Overcast,1108500,1,0,0,2,0,0,0,0,0,,0,0,Waikato Region,Nil,2-way,Sealed,0,0,1,0,100,0,None,0,0,,15,Matamata-Piako District,Nil,0,0,0,0,0,0,Open,0,0,0,Light rain,Null
1761189,5914942,30332,,520201,0,,0,1,,East,2005/2006,LADIES MILE,MAIN HIGHWAY,,Minor Crash,No,2006,,East,,0,,Flat,,,,,,Overcast,611200,1,0,0,2,,,0,,,1,,,Auckland Region,Nil,2-way,Sealed,,0,0,,50,,Off,0,0,,76,Auckland,Nil,,,,,0,0,Urban,0,,,Fine,Null
1756650,5926713,30333,,507900,0,,0,2,,South,2006/2007,SH 1N,NORTHCOTE ON SBD,,Non-Injury Crash,Yes,2006,,South,,0,,Flat,,,,,,Bright sun,303902,0,0,0,3,,,0,,,,,,Auckland Region,Nil,2-way,Sealed,,0,0,,80,,Off,0,0,,76,Auckland,Nil,,,,,0,0,Open,0,,,Fine,Null
1929956,5604530,30334,,548200,0,0,0,2,0,Null,2005/2006,HASTINGS ST SOUTH,EASTBOURNE ST EAST,,Minor Crash,No,2006,0,East,0,0,0,Flat,0,,1,,0,Bright sun,1493200,2,0,0,2,0,0,0,0,0,,0,0,Hawke's Bay Region,Nil,2-way,Sealed,0,0,0,0,50,0,Null,0,0,,30,Hastings District,Give way,0,0,0,0,0,0,Urban,0,0,0,Fine,Null
1686744,6095549,30335,,501633,0,0,0,1,1,North,2005/2006,SH 10,WAKELIN ROAD,,Non-Injury Crash,Yes,2006,0,South,0,0,0,Hill Road,0,,0,,0,Overcast,34302,0,0,0,2,0,0,0,0,0,,0,0,Northland Region,Nil,2-way,Sealed,0,0,0,0,100,0,None,0,0,,1,Far North District,Nil,0,0,0,0,0,0,Open,0,0,0,Heavy rain,Null
1825923,5886369,30336,,533502,0,,0,1,,Null,2006/2007,POLLEN ST,RICHMOND ST,,Serious Crash,No,2006,,East,,0,,Flat,,,,,,Bright sun,1052900,0,0,1,2,,,0,,,,,,Waikato Region,Nil,2-way,Sealed,,0,1,,50,,Null,0,0,,11,Thames-Coromandel District,Give way,,,,,0,0,Urban,0,,,Fine,Null
1752007,5918881,30337,,515002,0,,0,1,,Null,2005/2006,POINT CHEVALIER ROAD,MEOLA ROAD,,Minor Crash,No,2006,,South,,0,,Flat,,,,,,Bright sun,391700,1,0,0,2,,,0,,,,,,Auckland Region,Nil,2-way,Sealed,,0,0,,50,,Null,0,0,,76,Auckland,Stop,,,,,0,0,Urban,1,,,Fine,Null
1755402,5944460,30338,,505909,0,,0,0,,North,2006/2007,WHANGAPARAOA ROAD,MATAI ROAD,,Minor Crash,No,2006,,North,,0,,Flat,,,,,,Dark,174007,1,0,1,2,,,0,,,,,,Auckland Region,Nil,2-way,Sealed,,0,0,,70,,Off,0,0,,76,Auckland,Nil,,,,,0,0,Urban,0,,,Fine,Null