X,Y,OBJECTID,advisorySpeed,areaUnitID,bicycle,bridge,bus,carStationWagon,cliffBank,crashDirectionDescription,crashFinancialYear,crashLocation1,crashLocation2,crashRoadSideRoad,crashSeverity,crashSHDescription,crashYear,debris,directionRoleDescription,ditch,fatalCount,fence,flatHill,guardRail,holiday,houseOrBuilding,intersection,kerb,light,meshblockId,minorInjuryCount,moped,motorcycle,NumberOfLanes,objectThrownOrDropped,otherObject,otherVehicleType,overBank,parkedVehicle,pedestrian,phoneBoxEtc,postOrPole,region,roadCharacter,roadLane,roadSurface,roadworks,schoolBus,seriousInjuryCount,slipOrFlood,speedLimit,strayAnimal,streetLight,suv,taxi,temporarySpeedLimit,tlaId,tlaName,trafficControl,trafficIsland,trafficSign,train,tree,truck,unknownVehicleType,urban,vanOrUtility,vehicle,waterRiver,weatherA,weatherB
1719514,6045853,30339,,503100,0,0,0,1,0,East,2005/2006,RATHBONE ST,ROBERT ST,,Non-Injury Crash,No,2006,0,South,0,0,0,Flat,0,,0,,0,Overcast,99700,0,0,0,2,0,0,0,0,0,,0,0,Northland Region,Nil,2-way,Sealed,0,0,0,0,50,0,Off,0,0,,2,Whangarei District,Traffic Signals,0,0,0,0,1,0,Urban,0,1,0,Heavy rain,Null
1823333,5462705,30340,,578600,1,,0,1,,Null,2006/2007,DIXON ST,RUSSELL ST,,Minor Crash,No,2006,,South,,0,,Flat,,,,,,Bright sun,2243800,1,0,0,2,,,0,,,,,,Wellington Region,Nil,2-way,Sealed,,0,0,,50,,Null,0,0,,48,Masterton District,Nil,,,,,0,0,Urban,0,,,Fine,Null
1803314,5816009,30341,,527124,0,,0,2,,Null,2006/2007,NOTTINGHAM DRIVE,RUAKURA ROAD,,Non-Injury Crash,No,2006,,North,,0,,Flat,,,,,,Twilight,955300,0,0,0,2,,,0,,,,,,Waikato Region,Nil,2-way,Sealed,,0,0,,50,,On,0,0,,16,Hamilton City,Give way,,,,,0,0,Urban,0,,,Fine,Null
1753487,5918326,30342,,515002,0,0,0,1,0,West,2006/2007,SH 16,ST LUKES OBR,,Minor Crash,Yes,2006,0,East,0,0,0,Flat,1,,0,,0,Dark,390501,2,0,0,3,0,0,0,0,0,,0,0,Auckland Region,Nil,1-way,Sealed,0,0,0,0,100,0,On,0,0,,76,Auckland,Nil,0,0,0,0,0,0,Open,0,0,0,Fine,Null
1790813,5843113,30343,,527402,0,,0,1,,South,2006/2007,HAKANOA ST,FLETCHER ST,,Minor Crash,No,2006,,South,,0,,Flat,,,,,,Overcast,942100,1,0,0,2,,,0,,,1,,,Waikato Region,Nil,2-way,Sealed,,0,0,,50,,Null,0,0,,13,Waikato District,Stop,,,,,0,0,Urban,0,,,Fine,Null
1751962,5925746,30344,,510220,0,0,0,2,0,South,2005/2006,BIRKDALE ROAD,STOTT AVENUE,,Non-Injury Crash,No,2006,0,North,0,0,0,Hill Road,0,,0,,0,Dark,350300,0,0,0,2,0,0,0,0,1,,0,0,Auckland Region,Nil,2-way,Sealed,0,0,0,0,50,0,On,0,0,,76,Auckland,Nil,0,0,0,0,0,0,Urban,0,0,0,Heavy rain,Null
1562728,5182228,30345,,587811,1,0,0,0,0,North,2006/2007,SH 1S,RYANS ROAD,,Serious Crash,Yes,2006,0,North,0,0,0,Flat,0,,0,,0,Bright sun,2494200,0,0,0,2,0,0,0,0,1,,0,0,Canterbury Region,Nil,2-way,Sealed,0,0,1,0,80,0,Null,0,0,,60,Christchurch City,Unknown,0,0,0,0,1,0,Open,0,0,0,Fine,Null
1753492,5933308,30346,,508804,0,0,0,1,0,East,2005/2006,GREVILLE ROAD,GREVILLE OFF SBD E,,Non-Injury Crash,No,2006,0,East,0,0,0,Flat,0,Queens Birthday,0,,0,Overcast,180701,0,0,0,4,0,0,0,0,0,,0,1,Auckland Region,Nil,2-way,Sealed,0,0,0,0,50,0,Off,0,0,,76,Auckland,Nil,0,0,0,0,0,0,Urban,0,0,0,Light rain,Null
1952627,5791063,30347,35,542514,0,0,0,1,1,West,2006/2007,KOHI POINT LOOKOUT ROAD,OTARAWAIRERE ROAD,,Serious Crash,No,2006,0,North,0,0,0,Flat,0,Christmas New Year,0,,0,Bright sun,1294101,2,0,0,2,0,0,0,0,0,,0,0,Bay of Plenty Region,Nil,2-way,Unsealed,0,0,2,0,100,0,Null,0,0,,25,Whakatane District,Unknown,0,0,0,0,0,0,Open,0,0,0,Fine,Null
1765059,5902846,30348,,524604,0,,0,1,,Null,2006/2007,ROSCOMMON ROAD,WIRI STATION ROAD S,,Non-Injury Crash,No,2006,,North,,0,,Flat,,,,,,Overcast,781200,0,0,0,4,,,0,,,,,,Auckland Region,Nil,2-way,Sealed,,0,0,,80,,Off,1,0,,76,Auckland,Traffic Signals,,,,,0,0,Open,0,,,Fine,Null
1885952,5824962,30349,,536832,0,,0,2,,South,2006/2007,MARANUI ST,SUNBRAE GROVE,,Non-Injury Crash,No,2006,,South,,0,,Flat,,,,,,Overcast,1204937,0,0,0,2,,,0,,,,,,Bay of Plenty Region,Nil,2-way,Sealed,,0,0,,70,,Null,0,0,,23,Tauranga City,Unknown,,,,,0,0,Urban,0,,,Fine,Null
1765759,5901144,30350,30,524821,0,,0,2,,Null,2005/2006,ROSCOMMON ROAD,FINLAYSON AVENUE,,Non-Injury Crash,No,2006,,North,,0,,Flat,,,,,,Bright sun,774403,0,0,0,2,,,0,,,,,,Auckland Region,Nil,2-way,Sealed,,0,0,,50,,Off,0,0,,76,Auckland,Give way,,,,,0,0,Urban,0,,,Fine,Null
1754337,5447278,30351,,570600,0,,0,1,,Null,2006/2007,Z CPK KURA PARK,KURA/TE PENE,,Minor Crash,No,2006,,West,,0,,Flat,,,,,,Bright sun,2039800,1,0,0,0,,,0,,,1,,,Wellington Region,Nil,Off road,Sealed,,0,0,,50,,Null,0,0,,44,Porirua City,Nil,,,,,0,0,Urban,0,,,Fine,Null
1572905,5179449,30352,,593502,0,,0,2,,South,2005/2006,BORDESLEY ST,HARROW ST,,Non-Injury Crash,No,2006,,South,,0,,Flat,,,,,,Dark,2605100,0,0,0,2,,,0,,,,,,Canterbury Region,Nil,2-way,Sealed,,0,0,,50,,On,0,0,,60,Christchurch City,Unknown,,,,,0,0,Urban,0,,,Fine,Null
1758385,5917756,30353,,516001,0,,1,1,,North,2005/2006,BROADWAY,CLOVERNOOK ROAD,,Non-Injury Crash,No,2006,,North,,0,,Flat,,,,,,Dark,490701,0,0,0,4,,,0,,,,,,Auckland Region,Nil,2-way,Sealed,,0,0,,50,,On,0,0,,76,Auckland,Nil,,,,,0,0,Urban,0,,,Fine,Null
1624076,6115984,30354,,500302,0,,0,1,,East,2006/2007,DONALD ROAD,ALLEN BELL DRIVE,,Non-Injury Crash,No,2006,,West,,0,,Flat,,,,,,Bright sun,13207,0,0,0,2,,,0,,,,,,Northland Region,Nil,2-way,Sealed,,0,0,,50,,Off,1,0,,1,Far North District,Nil,,,,,0,0,Urban,0,,,Fine,Null
1766905,5907668,30355,,523501,0,,0,2,,North,2005/2006,BAIRDS ROAD,EAST TAMAKI ROAD,,Non-Injury Crash,No,2006,,South,,0,,Flat,,,,,,Bright sun,700602,0,0,0,2,,,0,,,,,,Auckland Region,Nil,2-way,Sealed,,0,0,,50,,Null,0,0,,76,Auckland,Unknown,,,,,0,0,Urban,0,,,Fine,Null
1754490,5933911,30356,,507102,0,,0,2,,Null,2005/2006,EAST COAST ROAD,WEETMAN DRIVE,,Non-Injury Crash,No,2006,,East,,0,,Flat,,,,,,Bright sun,158909,0,0,0,2,,,0,,,,,,Auckland Region,Nil,2-way,Sealed,,0,0,,50,,Off,0,0,,76,Auckland,Give way,,,,,0,0,Urban,0,,,Fine,Null
1704803,5626515,30357,,554130,0,0,0,1,0,West,2005/2006,TEMPSKY ROAD,HASTINGS ROAD,,Non-Injury Crash,No,2006,0,West,0,0,0,Flat,0,,0,,0,Dark,1655500,0,0,0,2,0,0,0,0,0,,0,0,Taranaki Region,Nil,2-way,Sealed,0,0,0,0,100,0,None,0,0,,35,South Taranaki District,Nil,0,0,0,0,0,0,Open,0,0,0,Fine,Null
1756272,5932885,30358,,507400,0,0,0,1,0,South,2005/2006,JUTLAND ST,BEACH ROAD,,Non-Injury Crash,No,2006,0,West,0,0,0,Hill Road,0,,0,,0,Dark,152600,0,0,0,2,0,0,0,0,1,,0,0,Auckland Region,Nil,2-way,Sealed,0,0,0,0,50,0,On,0,0,,76,Auckland,Nil,0,0,0,0,1,0,Urban,0,0,0,Fine,Null
1810068,5870654,30359,,533901,0,0,0,1,0,North,2006/2007,SH 2,SH 27,,Non-Injury Crash,Yes,2006,0,South,1,0,0,Flat,0,,0,,0,Overcast,1068700,0,0,0,2,0,0,0,0,0,,0,0,Waikato Region,Nil,2-way,Sealed,0,0,0,0,100,0,Null,0,0,,12,Hauraki District,Unknown,0,0,0,0,0,0,Open,0,0,0,Fine,Null
1703724,5678610,30360,,551013,0,,0,1,,Null,2005/2006,SH 3A,TE AREI ROAD WEST,,Minor Crash,Yes,2006,,East,,0,,Flat,,,,,,Overcast,1562700,1,0,0,2,,,0,,,,,,Taranaki Region,Nil,2-way,Sealed,,0,0,,100,,Null,0,0,,33,New Plymouth District,Stop,,,,,1,0,Open,0,,,Fine,Null
1565389,5175608,30361,,587847,1,,0,1,,Null,2006/2007,SH 75 HALSWELL,DUNBARS ROAD,,Minor Crash,Yes,2006,,North,,0,,Flat,,,,,,Bright sun,2484603,1,0,0,2,,,0,,,,,,Canterbury Region,Nil,2-way,Sealed,,0,0,,50,,Null,0,0,,60,Christchurch City,Give way,,,,,0,0,Urban,0,,,Fine,Null
1615754,5423217,30362,,584201,0,,0,1,,Null,2005/2006,QUEEN ST,SALISBURY ROAD,,Non-Injury Crash,No,2006,,South,,0,,Flat,,,,,,Dark,2361600,0,0,0,2,,,0,,,,,,Tasman Region,Nil,2-way,Sealed,,0,0,,50,,On,1,0,,51,Tasman District,Give way,,,,,0,0,Urban,0,,,Heavy rain,Null
1878207,5821701,30363,,538102,0,,0,4,,South,2006/2007,FRASER ST,SEVENTEENTH AVENUE,,Non-Injury Crash,No,2006,,South,,0,,Flat,,,,,,Bright sun,1171000,0,0,0,2,,,0,,,,,,Bay of Plenty Region,Nil,2-way,Sealed,,0,0,,50,,Off,0,0,,23,Tauranga City,Nil,,,,,0,0,Urban,0,,,Fine,Null
1753286,5933083,30364,,508701,0,,0,2,,Null,2006/2007,GREVILLE ROAD,ALBANY EXPRESSWAY,,Non-Injury Crash,No,2006,,North,,0,,Flat,,,,,,Bright sun,178900,0,0,0,2,,,0,,,,,,Auckland Region,Nil,2-way,Sealed,,0,0,,50,,Off,0,0,,76,Auckland,Give way,,,,,0,0,Urban,0,,,Fine,Null
1753877,5924586,30365,,510402,0,,0,1,,East,2006/2007,MOKOIA ROAD,HINEMOA ST,,Serious Crash,No,2006,,East,,0,,Flat,,,,,,Overcast,351000,0,0,0,2,,,0,,,1,,,Auckland Region,Nil,2-way,Sealed,,0,1,,50,,Off,0,0,,76,Auckland,Nil,,,,,0,0,Urban,0,,,Light rain,Null
1847659,5685817,30366,,541346,0,0,0,1,0,North,2005/2006,SH 1N,KOROHE ROAD,,Non-Injury Crash,Yes,2006,0,South,0,0,0,Flat,0,,0,,0,Overcast,1288200,0,0,0,2,0,0,0,1,0,,0,0,Waikato Region,Nil,2-way,Sealed,0,0,0,0,100,0,Null,0,0,,21,Taupo District,Unknown,0,0,0,1,0,0,Open,0,0,0,Light rain,Null
1693906,5673710,30367,,552500,0,,0,2,,West,2006/2007,CARRINGTON ST,BROOKLANDS ROAD,,Non-Injury Crash,No,2006,,East,,0,,Flat,,Christmas New Year,,,,Overcast,1568600,0,0,0,2,,,0,,,,,,Taranaki Region,Nil,2-way,Sealed,,0,0,,50,,Null,0,0,,33,New Plymouth District,Nil,,,,,0,0,Urban,1,,,Fine,Null
1756247,5919257,30368,,514200,0,,0,2,,Null,2005/2006,NEWTON ROAD,KARANGAHAPE ROAD,,Non-Injury Crash,No,2006,,North,,0,,Hill Road,,,,,,Dark,411700,0,0,0,5,,,0,,,,,,Auckland Region,Nil,2-way,Sealed,,0,0,,50,,On,0,0,,76,Auckland,Traffic Signals,,,,,0,0,Urban,0,,,Fine,Null
1448054,5014548,30369,,600826,0,0,0,0,0,South,2006/2007,STEWARD ROAD,CORBETT ROAD,,Minor Crash,No,2006,0,North,0,0,0,Flat,0,,0,,0,Overcast,2827700,2,0,0,2,0,0,0,0,0,,0,1,Otago Region,Nil,2-way,Sealed,0,0,0,0,100,0,Null,1,0,,68,Waitaki District,Unknown,0,0,0,0,0,0,Open,0,0,0,Light rain,Null
1242511,4848499,30370,,611220,0,,0,1,,Null,2006/2007,SH 1S,CRINAN ST,,Minor Crash,Yes,2006,,South,,0,,Flat,,,,,,Overcast,3110600,1,0,0,2,,,0,,,,,,Southland Region,Nil,2-way,Sealed,,0,0,,50,,Null,0,0,,75,Invercargill City,Give way,,,,,0,0,Urban,1,,,Fine,Null
1884756,5774231,30371,,540410,0,,0,2,,Null,2006/2007,ARAWA ST,AMOHIA ST,,Minor Crash,No,2006,,West,,0,,Flat,,,,,,Bright sun,1233300,1,0,0,2,,,0,,,,,,Bay of Plenty Region,Nil,2-way,Sealed,,0,0,,50,,Off,0,0,,24,Rotorua District,Give way,,,,,0,0,Urban,0,,,Fine,Null
1753217,5912714,30372,,518901,0,0,0,2,0,South,2005/2006,WHITE SWAN ROAD,GRIFFEN PARK ROAD,,Non-Injury Crash,No,2006,0,West,0,0,0,Hill Road,0,,0,,0,Overcast,587000,0,0,0,2,0,0,0,0,1,,0,0,Auckland Region,Nil,2-way,Sealed,0,0,0,0,50,0,Off,0,0,,76,Auckland,Nil,0,0,0,0,0,0,Urban,0,0,0,Fine,Null
1828190,5497061,30373,,578100,1,,0,1,,Null,2005/2006,BRIDGE ST,STANLY ST,,Minor Crash,No,2006,,North,,0,,Flat,,,,,,Overcast,2225700,1,0,0,2,,,0,,,,,,Manawatū-Whanganui Region,Nil,2-way,Sealed,,0,0,,50,,Null,0,0,,41,Tararua District,Nil,,,,,0,0,Urban,0,,,Fine,Null
1797086,5819559,30374,,528403,0,,0,0,,Null,2005/2006,WAIRERE DRIVE,TE RAPA ROAD,,Non-Injury Crash,No,2006,,South,,0,,Flat,,,,,,Overcast,907401,0,0,0,2,,,0,,,,,,Waikato Region,Nil,2-way,Sealed,,0,0,,60,,Null,0,0,,16,Hamilton City,Nil,,,,,1,0,Urban,1,,,Fine,Null
1716254,6064087,30375,,501814,0,,0,3,,South,2005/2006,SH 1N,WHANANAKI NORTH ROAD,,Minor Crash,Yes,2006,,South,,0,,Hill Road,,,,,,Overcast,60700,3,0,0,2,,,0,,,,,,Northland Region,Nil,2-way,Sealed,,0,0,,100,,None,0,0,,2,Whangarei District,Nil,,,,,0,0,Open,1,,,Heavy rain,Null
1771536,5897850,30376,,523912,0,,0,1,,North,2006/2007,Z CPK SOUTHGATE SC,WALTERS ROAD,,Non-Injury Crash,No,2006,,North,,0,,Flat,,,,,,Overcast,765700,0,0,0,1,,,0,,,,,,Auckland Region,Nil,Off road,Sealed,,0,0,,50,,None,0,0,,76,Auckland,Nil,,,,,0,0,Urban,1,,,Fine,Null
1755938,5911890,30377,,518702,0,,0,2,,North,2006/2007,HILLSBOROUGH ROAD,RICHARDSON ROAD,,Minor Crash,No,2006,,North,,0,,Flat,,,,,,Overcast,571700,1,0,1,4,,,0,,,,,,Auckland Region,Nil,2-way,Sealed,,0,0,,50,,Off,0,0,,76,Auckland,Nil,,,,,0,0,Urban,0,,,Fine,Null
1208604,4944469,30378,,612714,0,,0,0,,Null,2006/2007,SH 94,GORGE CRK NO3 BR,,Serious Crash,Yes,2006,,West,,0,,Flat,,,,,,Overcast,3172900,0,0,1,2,,,0,,,,,,Southland Region,Nil,2-way,Sealed,,0,1,,100,,Null,0,0,,73,Southland District,Unknown,,,,,0,0,Open,0,,,Light rain,Null
1796048,5820730,30379,,528403,0,,0,2,,North,2006/2007,TE RAPA ROAD,CHURCH ROAD,,Serious Crash,No,2006,,South,,0,,Flat,,,,,,Overcast,976500,1,0,0,2,,,0,,,,,,Waikato Region,Nil,2-way,Sealed,,0,1,,100,,Null,0,0,,16,Hamilton City,Unknown,,,,,0,0,Open,0,,,Fine,Null
1929113,5794935,30380,,542530,0,,0,0,,North,2006/2007,ROSS ROAD,BRAEMAR ROAD,,Non-Injury Crash,No,2006,,West,,0,,Flat,,,,,,Bright sun,1325800,0,0,0,2,,,0,,,,,,Bay of Plenty Region,Nil,2-way,Unsealed,,0,0,,100,,Null,0,0,,25,Whakatane District,Unknown,,,,,1,0,Open,1,,,Fine,Null
1209664,4943857,30381,,612714,0,0,0,1,0,Null,2005/2006,SH 94,GORGE CRK NO2 BR,,Serious Crash,Yes,2006,0,West,1,0,0,Hill Road,0,,0,,0,Overcast,3172900,1,0,0,2,0,0,0,0,0,,0,0,Southland Region,Nil,2-way,Sealed,0,0,1,0,100,0,Null,0,0,,73,Southland District,Unknown,0,0,0,0,0,0,Open,0,0,0,Mist or Fog,Null
1751433,5434727,30382,,573700,1,,0,1,,West,2006/2007,BRODERICK ROAD,JOHNSONVILLE ROAD,,Minor Crash,No,2006,,East,,0,,Flat,,,,,,Bright sun,2082900,1,0,0,2,,,0,,,,,,Wellington Region,Nil,2-way,Sealed,,0,0,,50,,Null,0,0,,47,Wellington City,Nil,,,,,0,0,Urban,0,,,Fine,Null
1575921,5184348,30383,,595600,1,,0,0,,Null,2005/2006,SH 74 ANZAC,TRAVIS ROAD,,Minor Crash,Yes,2006,,West,,0,,Flat,,,,,,Bright sun,2565700,1,0,1,2,,,0,,,,,,Canterbury Region,Nil,2-way,Sealed,,0,0,,50,,Null,0,0,,60,Christchurch City,Give way,,,,,0,0,Urban,0,,,Fine,Null
1878795,5823371,30384,,538201,0,,0,0,,North,2006/2007,CAMERON ROAD,EIGHTH AVENUE,,Minor Crash,No,2006,,West,,0,,Flat,,,,,,Bright sun,1166300,1,0,1,2,,,0,,,,,,Bay of Plenty Region,Nil,1-way,Sealed,,0,0,,50,,Off,0,0,,23,Tauranga City,Give way,,,,,0,0,Urban,0,,,Fine,Frost
1768617,5900717,30385,,525001,0,,0,1,,East,2005/2006,WEYMOUTH ROAD,ROGERS ROAD,,Non-Injury Crash,No,2006,,West,,0,,Flat,,,,,,Dark,752100,0,0,0,2,,,0,,,,,,Auckland Region,Nil,2-way,Sealed,,0,0,,50,,On,1,0,,76,Auckland,Give way,,,,,0,0,Urban,0,,,Light rain,Null
1750864,5947024,30386,,505806,0,,0,2,,Null,2005/2006,HIBISCUS COAST HIGHWAY,TOTARA VIEWS DRIVE,,Non-Injury Crash,No,2006,,North,,0,,Flat,,,,,,Bright sun,176518,0,0,0,3,,,0,,,,,,Auckland Region,Nil,2-way,Sealed,,0,0,,80,,Off,0,0,,76,Auckland,Give way,,,,,0,0,Open,0,,,Fine,Null
1761177,5915202,30387,,520201,0,0,0,1,0,Null,2005/2006,ROBERT ST,TECOMA ST,,Non-Injury Crash,No,2006,0,East,0,0,0,Flat,0,,0,,0,Dark,613500,0,0,0,2,0,0,0,0,0,,0,1,Auckland Region,Nil,2-way,Sealed,0,0,0,0,50,0,On,0,0,,76,Auckland,Stop,0,0,0,0,0,0,Urban,0,0,0,Light rain,Null
1753647,5928067,30388,,508310,0,,0,2,,East,2005/2006,BENTLEY AVENUE,GLENFIELD ROAD,,Non-Injury Crash,No,2006,,West,,0,,Flat,,,,,,Bright sun,200000,0,0,0,2,,,0,,,,,,Auckland Region,Nil,2-way,Sealed,,0,0,,50,,Off,0,0,,76,Auckland,Nil,,,,,0,0,Urban,0,,,Fine,Null
1765674,5908394,30389,,523403,0,,0,2,,North,2005/2006,SH 1N,BAIRDS OBR,,Non-Injury Crash,Yes,2006,,North,,0,,Flat,,,,,,Overcast,696400,0,0,0,3,,,0,,,,,,Auckland Region,Nil,1-way,Sealed,,0,0,,80,,Off,0,0,,76,Auckland,Nil,,,,,0,0,Open,0,,,Light rain,Null
1930984,5600838,30390,,545762,0,1,0,1,0,West,2006/2007,TE AUTE ROAD,GILPIN ROAD,,Fatal Crash,No,2006,0,East,0,1,0,Flat,0,,0,,0,Dark,1465200,0,0,0,2,0,0,0,0,0,,0,0,Hawke's Bay Region,Bridge,2-way,Sealed,0,0,0,0,100,0,None,0,0,,30,Hastings District,Nil,0,0,0,0,0,0,Open,0,0,0,Fine,Null
1801319,5814163,30391,65,529100,0,0,0,1,0,South,2006/2007,COBHAM DRIVE,PALMERSTON OBR NBD,,Non-Injury Crash,No,2006,0,North,0,0,0,Flat,0,,0,,1,Dark,931900,0,0,0,2,0,0,0,0,0,,0,0,Waikato Region,Nil,2-way,Sealed,0,0,0,0,80,0,On,0,0,,16,Hamilton City,Nil,0,0,0,0,0,0,Open,0,0,0,Fine,Null
1718966,6045348,30392,,503000,0,,0,2,,Null,2006/2007,MAUNU ROAD,POROWINI AVENUE,,Non-Injury Crash,No,2006,,West,,0,,Flat,,,,,,Overcast,99000,0,0,0,2,,,0,,,,,,Northland Region,Nil,2-way,Sealed,,0,0,,50,,Off,0,0,,2,Whangarei District,Stop,,,,,0,0,Urban,0,,,Light rain,Null
1698991,5674396,30393,,551014,0,0,0,1,1,Null,2005/2006,EGMONT ROAD,DORSET ROAD,,Serious Crash,No,2006,0,East,0,0,0,Flat,0,,0,,0,Dark,1560201,1,0,0,2,0,0,0,0,0,,0,0,Taranaki Region,Nil,2-way,Sealed,0,0,1,0,100,0,None,0,0,,33,New Plymouth District,Give way,0,0,0,0,0,0,Open,0,0,0,Light rain,Null
1763140,5919370,30394,,516500,0,,0,2,,Null,2005/2006,PATTESON AVENUE,PALMER CRESCENT,,Non-Injury Crash,No,2006,,South,,0,,Flat,,,,,,Overcast,501903,0,0,0,2,,,0,,,,,,Auckland Region,Nil,2-way,Sealed,,0,0,,50,,Off,0,0,,76,Auckland,Stop,,,,,0,0,Urban,0,,,Fine,Null
1760121,5908001,30395,,524121,0,,0,1,,South,2006/2007,SH 20,WALMSLEY OBR,,Non-Injury Crash,Yes,2006,,North,,0,,Flat,,,,,,Dark,737103,0,0,0,3,,,0,,,,,,Auckland Region,Nil,1-way,Sealed,,0,0,,100,,On,1,0,,76,Auckland,Nil,,,,,0,0,Open,0,,,Fine,Null
1757825,5918956,30396,,515902,0,,0,0,,South,2005/2006,PARK ROAD,DOMAIN DRIVE NORTH,,Non-Injury Crash,No,2006,,South,,0,,Flat,,,,,,Overcast,451400,0,0,0,2,,,0,,,,,,Auckland Region,Nil,2-way,Sealed,,0,0,,50,,Null,1,0,,76,Auckland,Give way,,,,,1,0,Urban,0,,,Light rain,Null
1401495,4913397,30397,,605800,0,0,0,2,0,West,2006/2007,TOMKINS ST,DEVONPORT ST,,Serious Crash,No,2006,0,West,0,0,0,Hill Road,0,,0,,0,Dark,2956900,0,0,0,2,0,0,0,0,1,2,0,0,Otago Region,Nil,2-way,Sealed,0,0,2,0,50,0,On,0,0,,71,Dunedin City,Unknown,0,0,0,0,0,0,Urban,0,0,0,Fine,Null
1769463,5899879,30398,,525002,0,,0,2,,North,2006/2007,GREAT SOUTH ROAD,MAHIA ROAD,,Non-Injury Crash,No,2006,,North,,0,,Flat,,,,,,Bright sun,754000,0,0,0,2,,,0,,,,,,Auckland Region,Nil,2-way,Sealed,,0,0,,50,,Null,0,0,,76,Auckland,Unknown,,,,,0,0,Urban,0,,,Fine,Null
1867133,5713603,30399,,541720,0,,0,1,,West,2006/2007,TAMAMUTU ST,GASCOIGNE ST,,Non-Injury Crash,No,2006,,West,,0,,Flat,,,,,,Dark,1274000,0,0,0,2,,,0,,,,,,Waikato Region,Nil,2-way,Sealed,,0,0,,50,,On,0,0,,21,Taupo District,Nil,,,,,0,0,Urban,1,,,Fine,Null
1578061,5221295,30400,,585802,0,0,0,3,0,South,2006/2007,SH 1S,BANK ST,,Serious Crash,Yes,2006,0,North,0,0,1,Flat,0,,0,,0,Dark,2442002,1,0,0,2,0,0,0,0,0,,0,0,Canterbury Region,Nil,2-way,Sealed,0,0,2,0,70,0,On,0,0,,58,Hurunui District,Unknown,0,0,0,0,0,0,Urban,0,0,0,Fine,Null
1356546,4883221,30401,85,606700,0,0,0,0,0,North,2005/2006,SH 1S,STATION ROAD,,Serious Crash,Yes,2006,0,South,0,0,1,Hill Road,0,,0,,0,Twilight,2982600,0,0,0,2,0,0,0,0,0,,0,0,Otago Region,Nil,2-way,Sealed,0,0,1,0,100,0,None,0,0,,72,Clutha District,Unknown,0,0,0,0,0,0,Open,1,0,0,Fine,Null
1772047,5873790,30402,,526200,0,,0,1,,North,2005/2006,BUCKLAND ROAD,SCHOOL ROAD,,Non-Injury Crash,No,2006,,South,,0,,Flat,,,,,,Bright sun,839900,0,0,0,2,,,0,,,,,,Waikato Region,Nil,2-way,Sealed,,0,0,,50,,Off,0,0,,13,Waikato District,Nil,,,,,0,0,Urban,1,,,Fine,Null
1769037,5468683,30403,,566000,0,,0,2,,Null,2006/2007,SH 1N,KAPITI ROAD,,Minor Crash,Yes,2006,,South,,0,,Flat,,,,,,Bright sun,2003709,1,0,0,5,,,0,,,,,,Wellington Region,Nil,2-way,Sealed,,0,0,,50,,Null,0,0,,43,Kapiti Coast District,Traffic Signals,,,,,0,0,Urban,0,,,Fine,Null
1858712,5850297,30404,45,536614,0,,0,0,,West,2005/2006,SH 2,ATHENREE ROAD,,Minor Crash,Yes,2006,,East,,0,,Hill Road,,,,,,Overcast,1181001,1,0,0,2,,,0,,,,,,Bay of Plenty Region,Nil,2-way,Sealed,,0,0,,100,,Null,0,0,,22,Western Bay of Plenty District,Unknown,,,,,1,0,Open,0,,,Light rain,Null
1842805,5925016,30405,,533200,0,0,0,1,0,North,2006/2007,SH 25,WINIATA ST,,Non-Injury Crash,Yes,2006,0,North,1,0,0,Flat,0,,0,,0,Dark,1045505,0,0,0,2,0,0,0,0,0,,0,0,Waikato Region,Nil,2-way,Sealed,0,0,0,0,100,0,None,0,0,,11,Thames-Coromandel District,Unknown,0,0,0,0,0,0,Open,0,0,0,Fine,Null
1798791,5820439,30406,,529401,0,,0,2,,East,2005/2006,WAIRERE DRIVE,RIVER ROAD,,Non-Injury Crash,No,2006,,West,,0,,Flat,,,,,,Twilight,952107,0,0,0,2,,,0,,,,,,Waikato Region,Nil,2-way,Sealed,,0,0,,50,,Off,0,0,,16,Hamilton City,Give way,,,,,0,0,Urban,0,,,Fine,Null
1824967,5799896,30407,,535241,0,,0,2,,North,2006/2007,SH 1N,GORTON ROAD,,Minor Crash,Yes,2006,,North,,0,,Flat,,,,,,Overcast,1123000,1,0,0,2,,,0,,,,,,Waikato Region,Nil,2-way,Sealed,,0,0,,100,,Null,0,0,,17,Waipa District,Unknown,,,,,0,0,Open,0,,,Fine,Null
1862577,5752796,30408,,535262,0,0,0,1,0,North,2005/2006,SH 1N,SH 30,,Non-Injury Crash,Yes,2006,0,North,0,0,0,Flat,0,,0,,0,Twilight,1152900,0,0,0,2,0,0,0,0,0,,0,0,Waikato Region,Nil,2-way,Sealed,0,0,0,0,100,0,None,0,0,,19,South Waikato District,Unknown,0,0,0,1,0,0,Open,0,0,0,Light rain,Strong wind
1757227,5920482,30409,,514102,0,,0,2,,Null,2005/2006,ALBERT ST,VICTORIA ST WEST,,Non-Injury Crash,No,2006,,North,,0,,Flat,,,,,,Dark,433401,0,0,0,2,,,0,,,,,,Auckland Region,Nil,2-way,Sealed,,0,0,,50,,On,0,0,,76,Auckland,Traffic Signals,,,,,0,0,Urban,0,,,Fine,Null