X,Y,OBJECTID,advisorySpeed,areaUnitID,bicycle,bridge,bus,carStationWagon,cliffBank,crashDirectionDescription,crashFinancialYear,crashLocation1,crashLocation2,crashRoadSideRoad,crashSeverity,crashSHDescription,crashYear,debris,directionRoleDescription,ditch,fatalCount,fence,flatHill,guardRail,holiday,houseOrBuilding,intersection,kerb,light,meshblockId,minorInjuryCount,moped,motorcycle,NumberOfLanes,objectThrownOrDropped,otherObject,otherVehicleType,overBank,parkedVehicle,pedestrian,phoneBoxEtc,postOrPole,region,roadCharacter,roadLane,roadSurface,roadworks,schoolBus,seriousInjuryCount,slipOrFlood,speedLimit,strayAnimal,streetLight,suv,taxi,temporarySpeedLimit,tlaId,tlaName,trafficControl,trafficIsland,trafficSign,train,tree,truck,unknownVehicleType,urban,vanOrUtility,vehicle,waterRiver,weatherA,weatherB
1758063,5919768,30410,,515902,0,0,0,1,0,East,2005/2006,LOWER DOMAIN DRIVE,STANLEY ST,,Non-Injury Crash,No,2006,0,North,0,0,0,Hill Road,0,,0,,0,Bright sun,451400,0,0,0,2,0,0,0,1,0,,0,0,Auckland Region,Nil,2-way,Sealed,0,0,0,0,30,0,None,0,0,,76,Auckland,Nil,0,0,0,0,0,0,Urban,0,0,0,Fine,Null
1752289,5918356,30411,,515001,0,0,0,1,0,West,2006/2007,ALBERTA ST,POINT CHEVALIER ROAD,,Non-Injury Crash,No,2006,0,East,0,0,0,Flat,0,,0,,0,Bright sun,392100,0,1,0,2,0,0,0,0,1,,0,0,Auckland Region,Nil,2-way,Sealed,0,0,0,0,50,0,Off,0,0,,76,Auckland,Nil,0,0,0,0,0,0,Urban,0,0,0,Fine,Null
1618938,5426978,30412,,584000,0,,0,2,,North,2005/2006,DERBY ST,SONGER ST,,Non-Injury Crash,No,2006,,West,,0,,Flat,,,,,,Overcast,2341400,0,0,0,2,,,0,,,,,,Nelson Region,Nil,2-way,Sealed,,0,0,,50,,Null,0,0,,52,Nelson City,Nil,,,,,0,0,Urban,0,,,Fine,Null
1768489,5909142,30413,,523113,0,,0,3,,Null,2006/2007,SPRINGS ROAD,LADY RUBY DRIVE,,Non-Injury Crash,No,2006,,South,,0,,Flat,,,,,,Bright sun,711809,0,0,0,4,,,0,,,,,,Auckland Region,Nil,2-way,Sealed,,0,0,,60,,Off,0,0,,76,Auckland,Traffic Signals,,,,,0,0,Urban,0,,,Fine,Null
1867296,5713830,30414,,541720,0,,0,2,,Null,2005/2006,SPA ROAD,ORUANUI ST,,Minor Crash,No,2006,,East,,0,,Flat,,,,,,Bright sun,1275000,1,0,0,2,,,0,,,,,,Waikato Region,Nil,2-way,Sealed,,0,0,,50,,Off,0,0,,21,Taupo District,Give way,,,,,0,0,Urban,0,,,Fine,Null
1753031,5916482,30415,,517903,0,,0,2,,East,2005/2006,MOUNT ALBERT ROAD,CARRINGTON ROAD,,Non-Injury Crash,No,2006,,West,,0,,Flat,,,,,,Dark,520000,0,0,0,4,,,0,,,,,,Auckland Region,Nil,2-way,Sealed,,0,0,,50,,On,0,0,,76,Auckland,Nil,,,,,0,0,Urban,0,,,Fine,Null
1798855,5815836,30416,,528900,0,,0,1,,Null,2006/2007,NORTON ROAD,KENT ST,,Non-Injury Crash,No,2006,,West,,0,,Flat,,,,,,Bright sun,912800,0,0,0,2,,,0,,,,,,Waikato Region,Nil,2-way,Sealed,,0,0,,50,,None,1,0,,16,Hamilton City,Nil,,,,,0,0,Urban,0,,,Fine,Null
1749222,5424934,30417,,576400,0,,0,1,,East,2006/2007,CONSTABLE ST,DANIELL ST,,Serious Crash,No,2006,,East,,0,,Flat,,,,,,Overcast,2169101,0,0,0,2,,,0,,,1,,,Wellington Region,Nil,2-way,Sealed,,0,1,,50,,Null,0,0,,47,Wellington City,Nil,,,,,0,0,Urban,0,,,Fine,Null
1760165,5908843,30418,,524403,0,,0,1,,East,2005/2006,WALMSLEY ROAD,MAHUNGA DRIVE,,Minor Crash,No,2006,,West,,0,,Flat,,,,,,Bright sun,729500,2,0,0,4,,,0,,,,,,Auckland Region,Nil,2-way,Sealed,,0,0,,50,,Off,1,0,,76,Auckland,Nil,,,,,0,0,Urban,0,,,Fine,Null
1874770,5716527,30419,,541344,0,0,0,1,0,East,2005/2006,BROADLANDS ROAD,VIEW ROAD,,Fatal Crash,No,2006,0,West,0,1,0,Flat,0,,0,,0,Dark,1279901,2,0,0,2,0,0,0,0,0,,0,0,Waikato Region,Nil,2-way,Sealed,0,0,1,0,100,0,On,0,0,,21,Taupo District,Nil,0,0,0,1,0,0,Open,0,0,0,Fine,Null
1406067,4916139,30420,,602900,0,,0,2,,Null,2005/2006,POLICE ST,BOND ST,,Minor Crash,No,2006,,East,,0,,Flat,,,,,,Overcast,2895500,1,0,0,2,,,0,,,,,,Otago Region,Nil,2-way,Sealed,,0,0,,50,,Null,0,0,,71,Dunedin City,Give way,,,,,0,0,Urban,0,,,Light rain,Null
1790141,5840160,30421,,527401,0,0,0,1,0,East,2005/2006,TAINUI BRIDGE ROAD,HARRIS ST,,Non-Injury Crash,No,2006,0,East,0,0,0,Flat,0,Queens Birthday,0,,0,Overcast,945500,0,0,0,2,0,0,0,0,0,,0,1,Waikato Region,Nil,2-way,Sealed,0,0,0,0,50,0,Null,0,0,,13,Waikato District,Unknown,0,0,0,0,0,0,Urban,0,0,0,Light rain,Null
1797918,5825755,30422,55,527123,1,0,0,0,1,North,2006/2007,HORSHAM DOWNS ROAD,OSBORNE ROAD,,Minor Crash,No,2006,0,South,0,0,1,Hill Road,0,,0,,0,Bright sun,952500,2,0,0,2,0,0,0,0,0,,0,0,Waikato Region,Nil,2-way,Sealed,0,0,0,0,100,0,Null,0,0,,13,Waikato District,Unknown,0,0,0,0,1,0,Open,0,0,0,Fine,Null
1308759,4886980,30423,,607300,0,0,0,1,0,West,2005/2006,SCHOOL ROAD,RAILWAY TERRACE,,Minor Crash,No,2006,0,West,1,0,0,Hill Road,0,,0,,0,Overcast,3003800,1,0,0,2,0,0,0,0,0,,0,0,Otago Region,Nil,2-way,Unsealed,0,0,0,0,100,0,Null,0,0,,72,Clutha District,Unknown,0,0,0,0,0,0,Open,0,0,0,Fine,Null
1755051,5930062,30424,,508420,0,,0,2,,Null,2006/2007,SUNNYNOOK ROAD,LINK DRIVE,,Minor Crash,No,2006,,West,,0,,Flat,,,,,,Dark,182100,1,0,0,2,,,0,,,,,,Auckland Region,Nil,2-way,Sealed,,0,0,,50,,On,0,0,,76,Auckland,Give way,,,,,0,0,Urban,0,,,Fine,Null
1765631,5901481,30425,,524604,0,,0,2,,North,2005/2006,ROSCOMMON ROAD,BROWNS ROAD,,Minor Crash,No,2006,,South,,0,,Flat,,,,,,Twilight,781302,1,0,0,2,,,0,,,,,,Auckland Region,Nil,2-way,Sealed,,0,0,,50,,On,0,0,,76,Auckland,Nil,,,,,0,0,Urban,0,,,Fine,Null
1748888,5425339,30426,,576500,1,,0,1,,Null,2005/2006,RIDDIFORD ST,HOSPITAL PED XING,,Minor Crash,No,2006,,South,,0,,Flat,,,,,,Bright sun,2149200,2,0,0,2,,,0,,,1,,,Wellington Region,Nil,2-way,Sealed,,0,0,,50,,Null,0,0,,47,Wellington City,Nil,,,,,0,0,Urban,0,,,Fine,Null
1757120,5927058,30427,,507900,0,,0,4,,North,2006/2007,TAHAROTO ROAD,DOMINION ST,,Non-Injury Crash,No,2006,,South,,0,,Flat,,,,,,Bright sun,303800,0,0,0,4,,,0,,,,,,Auckland Region,Nil,2-way,Sealed,,0,0,,50,,Off,0,0,,76,Auckland,Nil,,,,,0,0,Urban,0,,,Fine,Null
1798992,5815191,30428,,528900,0,,0,2,,East,2005/2006,MASSEY HALL OVERBRIDGE,SH 1N,,Non-Injury Crash,No,2006,,West,,0,,Flat,,,,,,Bright sun,915700,0,0,0,4,,,0,,,,,,Waikato Region,Nil,2-way,Sealed,,0,0,,50,,Null,0,0,,16,Hamilton City,Traffic Signals,,,,,0,0,Urban,0,,,Fine,Null
1779393,5927298,30429,,520801,0,,0,1,,Null,2005/2006,OCEAN VIEW ROAD,WEKA ROAD,,Non-Injury Crash,No,2006,,East,,0,,Flat,,,,,,Bright sun,516201,0,0,0,2,,,0,,,,,,Auckland Region,Nil,2-way,Sealed,,0,0,,50,,Off,1,0,,76,Auckland,Nil,,,,,0,0,Urban,0,,,Fine,Null
1768160,5911785,30430,,522910,0,1,0,1,0,East,2005/2006,TI RAKAU DRIVE,GOSSAMER DRIVE,,Serious Crash,No,2006,0,East,0,0,0,Flat,0,,0,,0,Dark,687802,1,0,0,4,0,0,0,0,0,,0,0,Auckland Region,Bridge,2-way,Sealed,0,0,1,0,60,0,On,0,0,,76,Auckland,Unknown,0,0,0,0,0,0,Urban,0,0,0,Fine,Null
1752554,5432639,30431,,574002,0,0,0,0,0,North,2005/2006,SH 2,NGAURANGA ON NBD,,Minor Crash,Yes,2006,0,West,0,0,0,Flat,1,,0,,0,Bright sun,2078302,1,0,0,2,0,0,0,0,0,,0,0,Wellington Region,Nil,1-way,Sealed,0,0,0,0,100,0,Null,0,0,,47,Wellington City,Nil,0,0,0,0,0,0,Open,1,0,0,Fine,Null
1756064,5917471,30432,,518102,0,,0,1,,North,2006/2007,DOMINION ROAD,VALLEY ROAD,,Minor Crash,No,2006,,South,,0,,Hill Road,,,,,,Overcast,546000,1,0,0,4,,,0,,,1,,,Auckland Region,Nil,2-way,Sealed,,0,0,,50,,Off,0,0,,76,Auckland,Nil,,,,,0,0,Urban,0,,,Fine,Null
1769224,5914464,30433,,522721,0,,0,2,,Null,2005/2006,FORTUNES ROAD,PAKURANGA ROAD,,Non-Injury Crash,No,2006,,South,,0,,Flat,,,,,,Overcast,680727,0,0,0,3,,,0,,,,,,Auckland Region,Nil,2-way,Sealed,,0,0,,50,,Off,0,0,,76,Auckland,Traffic Signals,,,,,0,0,Urban,0,,,Fine,Null
1813528,5863724,30434,65,533901,0,0,0,1,0,South,2006/2007,SH 27,TOREHAPE ROAD EAST,,Non-Injury Crash,Yes,2006,0,South,0,0,1,Flat,0,,0,,0,Overcast,1069401,0,0,0,2,0,1,0,0,0,,0,0,Waikato Region,Nil,2-way,Sealed,0,0,0,0,100,0,Null,0,0,,12,Hauraki District,Unknown,0,0,0,0,0,0,Open,0,0,0,Light rain,Null
1243155,4849949,30435,,611210,0,,0,2,,Null,2006/2007,SPEY ST,JED ST,,Minor Crash,No,2006,,South,,0,,Flat,,,,,,Overcast,3107400,2,0,0,2,,,0,,,,,,Southland Region,Nil,2-way,Sealed,,0,0,,50,,Null,0,0,,75,Invercargill City,Give way,,,,,0,0,Urban,0,,,Fine,Null
1757717,5930490,30436,,507710,0,,0,1,,Null,2005/2006,BEACH ROAD,CASTOR BAY ROAD,,Minor Crash,No,2006,,North,,0,,Flat,,,,,,Bright sun,314500,1,0,0,2,,,0,,,,,,Auckland Region,Nil,2-way,Sealed,,0,0,,50,,Off,1,0,,76,Auckland,Stop,,,,,0,0,Urban,0,,,Fine,Null
1759697,5916241,30437,,516002,0,,0,1,,North,2005/2006,SH 1N,GREENLANE INT N,,Non-Injury Crash,Yes,2006,,South,,0,,Flat,,,,,,Bright sun,492000,0,0,0,3,,,0,,,,,,Auckland Region,Nil,1-way,Sealed,,0,0,,100,,Off,0,0,,76,Auckland,Nil,,,,,0,0,Open,1,,,Fine,Null
1760103,5915932,30438,,516002,0,,0,1,,Null,2006/2007,GREEN LANE EAST,GREENLANE INT,,Non-Injury Crash,No,2006,,North,,0,,Flat,,,,,,Overcast,492100,0,0,0,5,,,0,,,,,,Auckland Region,Nil,2-way,Sealed,,0,0,,50,,Off,0,0,,76,Auckland,Give way,,,,,1,0,Urban,0,,,Fine,Null
1765615,5918491,30439,,516900,0,,0,1,,Null,2005/2006,ASHBY AVENUE,ODESSA CRESCENT,,Minor Crash,No,2006,,South,,0,,Hill Road,,,,,,Bright sun,466200,1,1,0,2,,,0,,,,,,Auckland Region,Nil,2-way,Sealed,,0,0,,50,,Null,0,0,,76,Auckland,Give way,,,,,0,0,Urban,0,,,Fine,Null
1749355,5429315,30440,,572900,1,,0,0,,North,2005/2006,THORNDON QUAY,DAVIS ST,,Minor Crash,No,2006,,North,,0,,Flat,,,,,,Bright sun,2118400,1,0,0,2,,,0,,,,,,Wellington Region,Nil,2-way,Sealed,,0,0,,50,,Null,1,0,,47,Wellington City,Nil,,,,,0,0,Urban,0,,,Fine,Null
1727839,5942077,30441,,506645,0,0,0,1,0,Null,2005/2006,PARKHURST ROAD,SPRINGS ROAD,,Minor Crash,No,2006,0,West,0,0,1,Flat,0,Queens Birthday,0,,0,Dark,210802,1,0,0,2,0,0,0,0,0,,0,0,Auckland Region,Nil,2-way,Sealed,0,0,0,0,50,0,On,0,0,,76,Auckland,Give way,0,0,0,0,0,0,Urban,0,0,0,Light rain,Null
1798232,5816328,30442,,528800,0,,0,1,,South,2006/2007,FOREST LAKE ROAD,RIMU ST,,Non-Injury Crash,No,2006,,North,,0,,Hill Road,,,,,,Bright sun,903700,0,0,0,2,,,0,,,,,,Waikato Region,Nil,2-way,Sealed,,0,0,,50,,Null,0,0,,16,Hamilton City,Give way,,,,,0,0,Urban,1,,,Fine,Null
1764843,5905776,30443,,522202,0,,0,2,,West,2006/2007,ST GEORGE ST,TOWN HALL LANE,,Non-Injury Crash,No,2006,,West,,0,,Flat,,,,,,Bright sun,663300,0,0,0,2,,,0,,,,,,Auckland Region,Nil,2-way,Sealed,,0,0,,50,,Off,0,0,,76,Auckland,Nil,,,,,0,0,Urban,0,,,Fine,Null
1878798,5822804,30444,,538201,0,,0,1,,Null,2005/2006,DEVONPORT ROAD,ELEVENTH AVENUE,,Non-Injury Crash,No,2006,,West,,0,,Flat,,,,,,Overcast,1166704,0,0,0,2,,,0,,,,,,Bay of Plenty Region,Nil,2-way,Sealed,,0,0,,50,,Null,0,0,,23,Tauranga City,Give way,,,,,0,0,Urban,1,,,Fine,Null
1791763,5498627,30445,,564012,0,0,0,0,0,North,2005/2006,SH 1N,SH 57,,Minor Crash,Yes,2006,0,North,0,0,0,Flat,0,,0,,0,Dark,1858700,1,0,0,2,0,0,0,0,0,,0,1,Manawatū-Whanganui Region,Nil,2-way,Sealed,0,0,0,0,100,0,On,0,0,,42,Horowhenua District,Nil,0,0,0,0,0,0,Open,1,0,0,Fine,Null
1570878,5180906,30446,,591700,0,,0,2,,North,2005/2006,MANCHESTER ST,SALISBURY ST,,Minor Crash,No,2006,,North,,0,,Flat,,,,,,Bright sun,2655400,1,0,0,2,,,0,,,,,,Canterbury Region,Nil,2-way,Sealed,,0,0,,50,,Null,0,0,,60,Christchurch City,Unknown,,,,,0,0,Urban,0,,,Fine,Null
1876983,5818926,30447,,537601,0,0,0,1,0,North,2006/2007,OROPI ROAD,MALEME ST,,Non-Injury Crash,No,2006,0,North,0,0,1,Flat,0,,0,,0,Overcast,1177400,0,0,0,2,0,0,0,0,0,,0,0,Bay of Plenty Region,Nil,2-way,Sealed,0,0,0,0,50,0,Null,0,0,,23,Tauranga City,Unknown,0,0,0,0,0,0,Urban,0,0,0,Light rain,Null
1797355,5819339,30448,,528403,0,,0,2,,Null,2006/2007,TE RAPA ROAD,PUKETE ROAD S,,Non-Injury Crash,No,2006,,South,,0,,Flat,,,,,,Bright sun,907800,0,0,0,2,,,0,,,,,,Waikato Region,Nil,2-way,Sealed,,0,0,,60,,Off,0,0,,16,Hamilton City,Give way,,,,,0,0,Urban,0,,,Fine,Null
1770103,5898493,30449,,523920,0,1,0,1,0,West,2005/2006,WALTER STREVENS DRIVE,BEAUMARIS WAY,,Non-Injury Crash,No,2006,0,East,0,0,0,Flat,0,,0,,0,Dark,768003,0,0,0,2,0,0,0,0,0,,0,0,Auckland Region,Bridge,2-way,Sealed,0,0,0,0,50,0,On,0,0,,76,Auckland,Nil,0,0,0,0,0,0,Urban,0,0,0,Fine,Null
1765446,5814254,30450,,526500,0,,0,0,,Null,2006/2007,SH 23,MANUKAU ROAD,,Non-Injury Crash,Yes,2006,,South,,0,,Flat,,,,,,Dark,854902,0,0,0,2,,,0,,,,,,Waikato Region,Nil,2-way,Sealed,,0,0,,50,,On,0,0,30,13,Waikato District,Nil,,,,,0,0,Urban,1,,,Fine,Null
1770400,5917770,30451,,522601,0,0,0,1,0,West,2006/2007,EASTERN BEACH ROAD,THE ESPLANADE,,Non-Injury Crash,No,2006,0,South,0,0,0,Flat,0,,0,,0,Dark,676404,0,0,0,2,0,0,0,0,1,,0,0,Auckland Region,Nil,2-way,Sealed,0,0,0,0,50,0,On,0,0,,76,Auckland,Nil,0,0,0,0,0,0,Urban,1,0,0,Light rain,Null
1885128,5772515,30452,,540510,0,0,0,3,0,South,2005/2006,FENTON ST,ROBERTSON ST,,Minor Crash,No,2006,0,North,0,0,0,Flat,0,,0,,0,Bright sun,1242200,1,0,0,4,0,0,0,0,2,,0,0,Bay of Plenty Region,Nil,2-way,Sealed,0,0,0,0,60,0,Null,0,0,,24,Rotorua District,Unknown,0,0,0,0,0,0,Urban,0,0,0,Fine,Null
1711333,5649446,30453,55,553003,0,0,0,1,1,East,2005/2006,BEACONSFIELD ROAD,SALISBURY ROAD,,Non-Injury Crash,No,2006,0,East,1,0,0,Hill Road,0,,0,,0,Bright sun,1621900,0,0,0,2,0,0,0,0,0,,0,0,Taranaki Region,Nil,2-way,Sealed,0,0,0,0,100,0,Null,0,0,,34,Stratford District,Nil,0,0,0,0,0,0,Open,0,0,0,Fine,Null
1614203,6109261,30454,,500205,0,,0,1,,South,2005/2006,Z CPK 90 MILE,KAKA ST,,Non-Injury Crash,No,2006,,South,,0,,Flat,,,,,,Bright sun,10005,0,0,0,0,,,0,,,,,,Northland Region,Nil,Off road,Unsealed,,0,0,,70,,None,0,0,,1,Far North District,Nil,,,,,0,0,Urban,0,,,Fine,Null
1877742,5823075,30455,,537400,0,,0,1,,Null,2005/2006,WAIHI ROAD,BIRCH AVENUE,,Non-Injury Crash,No,2006,,West,,0,,Flat,,,,,,Overcast,1162200,0,0,0,5,,,0,,,,,,Bay of Plenty Region,Nil,2-way,Sealed,,0,0,,50,,Null,0,0,,23,Tauranga City,Traffic Signals,,,,,1,0,Urban,0,,,Fine,Null
1760681,5914292,30456,,519400,0,0,0,1,0,Null,2006/2007,ALIFORD AVENUE,EWENSON AVENUE,,Non-Injury Crash,No,2006,0,West,0,0,0,Hill Road,0,,0,,1,Bright sun,619900,0,0,0,2,0,0,0,0,0,,0,0,Auckland Region,Nil,2-way,Sealed,0,0,0,0,50,0,Off,0,0,,76,Auckland,Nil,0,0,0,0,0,0,Urban,0,0,0,Fine,Null
1820849,5529876,30457,,562310,1,,0,1,,Null,2005/2006,FEATHERSTON ST,WALDEGRAVE ST,,Minor Crash,No,2006,,North,,0,,Flat,,,,,,Bright sun,1824500,1,0,0,2,,,0,,,,,,Manawatū-Whanganui Region,Nil,2-way,Sealed,,0,0,,50,,Null,0,0,,40,Palmerston North City,Give way,,,,,0,0,Urban,0,,,Fine,Null
1814901,5457459,30458,,579502,0,0,0,1,0,Null,2005/2006,SH 2,HUGHES LINE S,,Non-Injury Crash,Yes,2006,0,South,0,0,1,Flat,0,,0,,0,Bright sun,2262800,0,0,0,2,0,0,0,0,0,,0,0,Wellington Region,Nil,2-way,Sealed,0,0,0,0,100,0,Null,0,0,,49,Carterton District,Give way,1,0,0,1,0,0,Open,0,0,0,Fine,Null
1867641,5713215,30459,,541720,0,,0,2,,Null,2005/2006,HEUHEU ST,KAIMANAWA ST,,Non-Injury Crash,No,2006,,North,,0,,Flat,,,,,,Overcast,1273400,0,0,0,2,,,0,,,,,,Waikato Region,Nil,2-way,Sealed,,0,0,,50,,Null,0,0,,21,Taupo District,Stop,,,,,0,0,Urban,0,,,Fine,Null
1748742,5957987,30460,,506613,0,0,0,1,0,Null,2005/2006,AHUROA ROAD,SALEYARDS ROAD,,Non-Injury Crash,No,2006,0,South,0,0,1,Flat,0,,0,,0,Bright sun,146901,0,0,0,2,0,0,0,0,0,,0,0,Auckland Region,Nil,2-way,Sealed,0,0,0,0,50,0,None,0,0,,76,Auckland,Nil,0,0,0,0,0,0,Urban,0,0,0,Fine,Null
1763951,5912266,30461,,520500,0,,0,2,,South,2006/2007,MOUNT WELLINGTON HIGHWAY,SYLVIA PARK ROAD,,Non-Injury Crash,No,2006,,North,,0,,Flat,,,,,,Overcast,639500,0,0,0,2,,,0,,,,,,Auckland Region,Nil,2-way,Sealed,,0,0,,50,,Null,0,0,,76,Auckland,Traffic Signals,,,,,0,0,Urban,0,,,Fine,Null
1769671,5914743,30462,,522711,0,,0,2,,Null,2006/2007,PAKURANGA ROAD,DUNROBIN PLACE,,Minor Crash,No,2006,,East,,0,,Flat,,,,,,Overcast,680709,1,0,0,6,,,0,,,,,,Auckland Region,Nil,2-way,Sealed,,0,0,,60,,Null,0,0,,76,Auckland,Traffic Signals,,,,,0,0,Urban,0,,,Fine,Null
1772423,5896634,30463,,525420,0,0,0,2,0,South,2006/2007,EAST ST,COLES CRESCENT,,Non-Injury Crash,No,2006,0,South,0,0,0,Flat,0,,0,,0,Overcast,791400,0,0,0,2,0,0,0,0,1,,0,0,Auckland Region,Nil,2-way,Sealed,0,0,0,0,50,0,Off,0,0,,76,Auckland,Nil,0,0,0,0,0,0,Urban,0,0,0,Fine,Null
1748276,5426763,30464,,573101,0,,0,1,,Null,2005/2006,WEBB ST,VICTORIA ST,,Minor Crash,No,2006,,West,,0,,Flat,,,,,,Bright sun,2132900,1,0,0,2,,,0,,,1,,,Wellington Region,Nil,2-way,Sealed,,0,0,,50,,Null,0,0,,47,Wellington City,Give way,,,,,0,0,Urban,0,,,Fine,Null
1850620,5764436,30465,,535370,0,0,0,1,0,North,2005/2006,LOMOND AVENUE,KELSO ST,,Minor Crash,No,2006,0,North,0,0,0,Flat,0,,0,,1,Dark,1147300,1,0,0,2,0,0,0,0,0,,0,0,Waikato Region,Nil,2-way,Sealed,0,0,0,0,50,0,On,0,0,,19,South Waikato District,Unknown,0,0,0,1,0,0,Urban,0,0,0,Fine,Null
1744777,5917939,30466,,510700,0,,0,2,,Null,2005/2006,SWANSON ROAD,STURGES ROAD,,Non-Injury Crash,No,2006,,West,,0,,Flat,,,,,,Dark,239102,0,0,0,4,,,0,,,,,,Auckland Region,Nil,2-way,Sealed,,0,0,,50,,On,0,0,,76,Auckland,Traffic Signals,,,,,0,0,Urban,0,,,Fine,Null
1733136,6013606,30467,,501816,0,0,0,1,1,West,2005/2006,MCLEAN ROAD,COVE ROAD,,Non-Injury Crash,No,2006,0,East,0,0,0,Hill Road,0,,0,,0,Overcast,81403,0,0,0,2,0,0,0,0,0,,0,0,Northland Region,Nil,2-way,Unsealed,0,0,0,0,50,0,None,0,0,,2,Whangarei District,Nil,0,0,0,0,0,0,Urban,0,0,0,Heavy rain,Null
1842216,5784163,30468,,535250,0,0,0,1,1,West,2006/2007,ARAPUNI ROAD,ARAPUNI ST,,Non-Injury Crash,No,2006,0,East,0,0,0,Flat,0,,0,,0,Overcast,1132501,0,0,0,2,0,0,0,0,0,,0,0,Waikato Region,Nil,2-way,Sealed,0,0,0,0,100,0,None,0,0,,19,South Waikato District,Nil,0,0,0,0,0,0,Open,0,0,0,Light rain,Null
1882394,5776349,30469,,539000,0,0,0,1,0,West,2005/2006,KORIMAKO ST,MALLARD DRIVE,,Non-Injury Crash,No,2006,0,North,0,0,1,Flat,0,,0,,0,Dark,1220002,0,0,0,2,0,0,0,0,0,,0,0,Bay of Plenty Region,Nil,2-way,Sealed,0,0,0,0,50,0,On,0,0,,24,Rotorua District,Nil,0,0,0,0,0,0,Urban,0,0,0,Fine,Null
1243831,4852096,30470,,610700,0,0,0,2,0,North,2006/2007,WAIHOPAI ST,LAYARD ST,,Minor Crash,No,2006,0,South,0,0,0,Flat,0,,0,,0,Bright sun,3121000,2,0,0,2,0,0,0,0,1,,0,0,Southland Region,Nil,2-way,Sealed,0,0,0,0,50,0,Null,0,0,,75,Invercargill City,Unknown,0,0,0,0,0,0,Urban,1,0,0,Fine,Null
1764992,5461301,30471,,566200,0,0,0,1,0,North,2006/2007,SH 1N,BEACH ROAD,,Minor Crash,Yes,2006,0,North,0,0,1,Flat,0,,0,,0,Bright sun,2009100,1,0,0,2,0,0,0,0,0,,0,0,Wellington Region,Nil,2-way,Sealed,0,0,0,0,80,0,Null,0,0,,43,Kapiti Coast District,Nil,0,0,0,0,1,0,Open,0,0,0,Fine,Null
1743534,5919030,30472,,513213,0,,0,2,,Null,2006/2007,METCALFE ROAD,RISERRA DRIVE,,Minor Crash,No,2006,,South,,0,,Flat,,,,,,Dark,236004,2,0,0,2,,,0,,,,,,Auckland Region,Nil,2-way,Sealed,,0,0,,50,,On,0,0,,76,Auckland,Give way,,,,,0,0,Urban,0,,,Fine,Null
1933829,5604182,30473,65,545750,0,0,0,1,0,North,2006/2007,NAPIER ROAD,THOMPSON ROAD,,Non-Injury Crash,No,2006,0,North,0,0,1,Flat,0,,0,,0,Dark,1406600,0,0,0,2,0,0,0,0,0,,0,0,Hawke's Bay Region,Nil,2-way,Sealed,0,0,0,0,100,0,None,0,0,,30,Hastings District,Nil,0,0,0,0,0,0,Open,0,0,0,Fine,Null
1835418,5849145,30474,,534603,0,0,0,1,0,North,2005/2006,SH 26,RAWHITI ROAD S,,Minor Crash,Yes,2006,0,South,0,0,1,Flat,0,,0,,0,Twilight,1077001,1,0,0,2,0,0,0,0,0,,0,0,Waikato Region,Nil,2-way,Sealed,0,0,0,0,100,0,None,0,0,,15,Matamata-Piako District,Unknown,0,0,0,0,0,0,Open,0,0,0,Fine,Null
1816882,5803603,30475,,527503,0,,0,1,,Null,2005/2006,SH 1N VICTORIA,SH 1N HAMILTON,,Non-Injury Crash,Yes,2006,,North,,0,,Flat,,,,,,Overcast,962602,0,0,0,2,,,0,,,,,,Waikato Region,Nil,2-way,Sealed,,0,0,,50,,Null,0,0,,17,Waipa District,Give way,,,,,0,0,Urban,1,,,Fine,Null
1407230,4914419,30476,,604611,0,,0,1,,Null,2006/2007,MOANA CRESCENT,RAWHITI ST,,Minor Crash,No,2006,,South,,0,,Hill Road,,Christmas New Year,,,,Overcast,2933400,2,0,0,2,,,0,,,,,,Otago Region,Nil,2-way,Sealed,,0,0,,50,,Null,0,0,,71,Dunedin City,Nil,,,,,0,0,Urban,1,,,Light rain,Null
1770399,5912328,30477,,523105,0,,0,1,,Null,2006/2007,BOTANY ROAD,MILLHOUSE DRIVE,,Fatal Crash,No,2006,,North,,1,,Flat,,,,,,Twilight,711139,0,0,1,4,,,0,,,,,,Auckland Region,Nil,2-way,Sealed,,0,1,,70,,On,0,0,,76,Auckland,Traffic Signals,,,,,0,0,Urban,0,,,Fine,Null
1838029,5802445,30478,,535242,0,0,0,1,0,North,2005/2006,SH 29,TAOTAOROA ROAD,,Minor Crash,Yes,2006,0,North,0,0,1,Flat,0,,0,,0,Dark,1116601,1,0,0,2,0,0,0,0,0,,0,0,Waikato Region,Nil,2-way,Sealed,0,0,0,0,100,0,None,0,0,,15,Matamata-Piako District,Unknown,0,0,0,0,0,0,Open,0,0,0,Light rain,Null
1885153,5773133,30479,,540600,0,,0,2,,Null,2006/2007,FENTON ST,MALFROY ROAD,,Non-Injury Crash,No,2006,,North,,0,,Flat,,,,,,Overcast,1243100,0,0,0,4,,,0,,,,,,Bay of Plenty Region,Nil,2-way,Sealed,,0,0,,60,,Null,0,0,,24,Rotorua District,Give way,,,,,0,0,Urban,0,,,Light rain,Null