X,Y,OBJECTID,advisorySpeed,areaUnitID,bicycle,bridge,bus,carStationWagon,cliffBank,crashDirectionDescription,crashFinancialYear,crashLocation1,crashLocation2,crashRoadSideRoad,crashSeverity,crashSHDescription,crashYear,debris,directionRoleDescription,ditch,fatalCount,fence,flatHill,guardRail,holiday,houseOrBuilding,intersection,kerb,light,meshblockId,minorInjuryCount,moped,motorcycle,NumberOfLanes,objectThrownOrDropped,otherObject,otherVehicleType,overBank,parkedVehicle,pedestrian,phoneBoxEtc,postOrPole,region,roadCharacter,roadLane,roadSurface,roadworks,schoolBus,seriousInjuryCount,slipOrFlood,speedLimit,strayAnimal,streetLight,suv,taxi,temporarySpeedLimit,tlaId,tlaName,trafficControl,trafficIsland,trafficSign,train,tree,truck,unknownVehicleType,urban,vanOrUtility,vehicle,waterRiver,weatherA,weatherB
1867532,5713646,30480,,541720,0,,0,2,,Null,2005/2006,TITIRAUPENGA ST,PAORA HAPI ST,,Minor Crash,No,2006,,West,,0,,Flat,,,,,,Bright sun,1273500,1,0,0,2,,,0,,,,,,Waikato Region,Nil,2-way,Sealed,,0,0,,50,,Null,0,0,,21,Taupo District,Give way,,,,,0,0,Urban,0,,,Fine,Null
1872641,5824501,30481,,536503,0,,0,1,,East,2006/2007,TE PUNA STATION ROAD,CLARKE ROAD,,Non-Injury Crash,No,2006,,East,,0,,Flat,,,,,,Overcast,1188104,0,0,0,2,,,0,,,,,,Bay of Plenty Region,Nil,2-way,Sealed,,0,0,,100,,Null,0,0,,22,Western Bay of Plenty District,Unknown,,,,,0,0,Open,0,,,Heavy rain,Null
1799997,5817193,30482,,529600,0,,0,2,,Null,2005/2006,RIVER ROAD,FAIRFIELD ROAD,,Non-Injury Crash,No,2006,,South,,0,,Flat,,,,,,Bright sun,867700,0,0,0,2,,,0,,,,,,Waikato Region,Nil,2-way,Sealed,,0,0,,50,,Null,0,0,,16,Hamilton City,Give way,,,,,0,0,Urban,0,,,Fine,Null
1762277,5913483,30483,,520500,0,,0,3,,South,2005/2006,SH 1N,PENROSE OBR,,Minor Crash,Yes,2006,,North,,0,,Flat,,,,,,Dark,637100,1,0,0,3,,,0,,,,,,Auckland Region,Nil,1-way,Sealed,,0,0,,100,,On,0,0,,76,Auckland,Nil,,,,,0,0,Open,0,,,Fine,Null
1766337,5892289,30484,,521122,0,0,0,1,1,West,2006/2007,LINWOOD ROAD,BLACKBRIDGE ROAD,,Minor Crash,No,2006,0,West,0,0,0,Flat,0,,0,,0,Overcast,810100,1,0,0,2,0,0,0,0,0,,0,0,Auckland Region,Nil,2-way,Sealed,0,0,0,0,100,0,Null,0,0,,76,Auckland,Unknown,0,0,0,0,0,0,Open,0,0,0,Fine,Null
1745869,5910632,30485,,512700,0,,0,0,,South,2006/2007,WOODLANDS PARK ROAD,WAIMA CRESCENT N,,Non-Injury Crash,No,2006,,South,,0,,Hill Road,,,,,,Dark,300200,0,0,0,2,,,0,,,,,,Auckland Region,Nil,2-way,Sealed,,0,0,,50,,On,1,0,,76,Auckland,Nil,,,,,0,0,Urban,1,,,Light rain,Null
1759047,5916966,30486,,516001,0,,0,2,,South,2005/2006,SH 1N,ST MARKS ON SBD,,Non-Injury Crash,Yes,2006,,South,,0,,Flat,,,,,,Bright sun,491200,0,0,0,3,,,0,,,,,,Auckland Region,Nil,1-way,Sealed,,0,0,,100,,Off,0,0,,76,Auckland,Nil,,,,,0,0,Open,0,,,Fine,Null
1737857,5980001,30487,65,506660,0,0,0,0,0,South,2005/2006,SH 1N,CENTENNIAL PARK ROAD,,Non-Injury Crash,Yes,2006,0,South,0,0,0,Hill Road,1,,0,,0,Bright sun,136400,0,0,0,2,0,0,0,1,0,,0,0,Auckland Region,Nil,2-way,Sealed,0,0,0,0,100,0,None,0,0,,76,Auckland,Nil,0,0,0,1,1,0,Open,0,0,0,Fine,Null
1448221,5032183,30488,,600410,0,,0,0,,South,2006/2007,SH 1S,MCLEAYS ROAD,,Minor Crash,Yes,2006,,South,,0,,Hill Road,,,,,,Bright sun,2823400,1,0,1,2,,,0,,,,,,Canterbury Region,Nil,2-way,Sealed,,0,0,,100,,Null,0,0,,66,Waimate District,Nil,,,,,0,0,Open,1,,,Fine,Null
1748913,5427742,30489,,573000,1,0,0,1,0,North,2005/2006,JERVOIS QUAY,HARRIS ST,,Minor Crash,No,2006,0,North,0,0,0,Flat,0,,0,,0,Overcast,2124300,1,0,0,6,0,0,0,0,0,,0,0,Wellington Region,Nil,2-way,Sealed,0,0,0,0,50,0,Null,0,0,,47,Wellington City,Nil,0,0,0,0,0,0,Urban,0,1,0,Light rain,Null
1731836,5905476,30490,,513800,1,,0,1,,South,2005/2006,LONE KAURI ROAD,WATCHMANS ROAD,,Minor Crash,No,2006,,North,,0,,Hill Road,,,,,,Bright sun,282020,1,0,0,2,,,0,,,,,,Auckland Region,Nil,2-way,Sealed,,0,0,,80,,Off,0,0,,76,Auckland,Nil,,,,,0,0,Open,0,,,Fine,Null
1757973,5919812,30491,,515902,0,,0,2,,Null,2006/2007,STANLEY ST,LOWER DOMAIN DRIVE,,Non-Injury Crash,Yes,2006,,South,,0,,Hill Road,,,,,,Overcast,451400,0,0,0,2,,,0,,,,,,Auckland Region,Nil,1-way,Sealed,,0,0,,50,,Off,0,0,,76,Auckland,Give way,,,,,0,0,Urban,0,,,Fine,Null
1755271,5927539,30492,,508620,0,0,0,3,0,North,2005/2006,SUNNYBRAE ROAD,RAEBEN AVENUE,,Non-Injury Crash,No,2006,0,South,0,0,0,Flat,0,,0,,0,Overcast,202600,0,0,0,2,0,0,0,0,1,,0,0,Auckland Region,Nil,2-way,Sealed,0,0,0,0,50,0,Null,0,0,,76,Auckland,Unknown,0,0,0,0,0,0,Urban,0,0,0,Fine,Null
1772729,5895404,30493,,525530,0,,0,2,,Null,2005/2006,GREAT SOUTH ROAD,BEACH ROAD S,,Minor Crash,No,2006,,South,,0,,Flat,,,,,,Dark,804701,1,0,0,3,,,0,,,,,,Auckland Region,Nil,2-way,Sealed,,0,0,,50,,On,0,0,,76,Auckland,Traffic Signals,,,,,0,0,Urban,0,,,Fine,Null
1786598,5477601,30494,,564022,0,0,0,0,0,East,2005/2006,OTAKI GORGE ROAD,KAITAWA ROAD,,Minor Crash,No,2006,1,West,0,0,0,Hill Road,0,,0,,0,Dark,1884900,4,0,0,2,0,1,0,0,0,,0,0,Wellington Region,Bridge,2-way,Sealed,0,0,0,0,100,0,None,0,0,,43,Kapiti Coast District,Nil,0,0,0,0,0,0,Open,1,0,0,Fine,Null
1755065,5928903,30495,,508320,0,0,0,0,0,South,2006/2007,DIANA DRIVE,WAIRAU ROAD,,Serious Crash,No,2006,0,South,1,0,0,Flat,1,,0,,0,Bright sun,196700,0,0,1,2,0,0,0,0,0,,0,0,Auckland Region,Nil,2-way,Sealed,0,0,1,0,50,0,Off,0,0,,76,Auckland,Nil,0,0,0,0,0,0,Urban,0,0,0,Fine,Null
1755918,5916946,30496,,518201,0,,0,1,,Null,2005/2006,DOMINION ROAD,GRANGE ROAD,,Minor Crash,No,2006,,South,,0,,Flat,,,,,,Overcast,548200,1,0,1,4,,,0,,,,,,Auckland Region,Nil,2-way,Sealed,,0,0,,50,,Null,0,0,,76,Auckland,Give way,,,,,0,0,Urban,0,,,Fine,Null
1755041,5931885,30497,,508805,0,,0,1,,East,2006/2007,CONSTELLATION DRIVE,WHETU PLACE,,Non-Injury Crash,No,2006,,East,,0,,Flat,,,,,,Overcast,180826,0,0,0,2,,,0,,,,,,Auckland Region,Nil,2-way,Sealed,,0,0,,50,,Off,1,0,,76,Auckland,Nil,,,,,0,0,Urban,0,,,Fine,Null
1884606,5773409,30498,,540420,0,0,0,1,0,East,2006/2007,VICTORIA ST,RANOLF ST,,Non-Injury Crash,No,2006,0,West,0,0,0,Flat,0,,0,,0,Bright sun,1236500,0,0,0,2,0,0,0,0,0,,0,0,Bay of Plenty Region,Nil,2-way,Sealed,0,0,0,0,50,0,Off,0,0,,24,Rotorua District,Nil,0,0,0,0,0,0,Urban,0,0,0,Null,Null
1569501,5166132,30499,,587904,0,0,0,1,0,West,2006/2007,SUMMIT ROAD,MOUNT PLEASANT ROAD,,Minor Crash,No,2006,0,South,0,0,1,Hill Road,0,,0,,0,Dark,2486600,1,0,0,2,0,0,0,0,0,,0,0,Canterbury Region,Nil,2-way,Sealed,0,0,0,0,70,0,None,0,0,,62,Selwyn District,Unknown,0,0,0,0,0,0,Urban,0,0,0,Fine,Null
1756043,5929873,30500,,508510,0,,0,2,,South,2006/2007,FORREST HILL ROAD,RICHARDS AVENUE,,Minor Crash,No,2006,,South,,0,,Flat,,,,,,Overcast,194600,1,0,0,2,,,0,,,,,,Auckland Region,Nil,2-way,Sealed,,0,0,,50,,Null,0,0,,76,Auckland,Unknown,,,,,0,0,Urban,0,,,Fine,Null
1412779,4917276,30501,35,604822,0,0,0,1,1,West,2005/2006,PORTOBELLO ROAD,HOWARD ST,,Minor Crash,No,2006,0,West,0,0,0,Flat,0,Queens Birthday,0,,0,Dark,2942500,1,0,0,2,0,0,0,0,0,,0,0,Otago Region,Nil,2-way,Sealed,0,0,0,0,50,0,None,0,0,,71,Dunedin City,Unknown,0,0,0,0,0,0,Urban,0,0,0,Fine,Strong wind
1753619,5929336,30502,,508411,0,,0,1,,North,2005/2006,GLENFIELD ROAD,WAIRAU ROAD,,Serious Crash,No,2006,,South,,0,,Flat,,Queens Birthday,,,,Overcast,184000,0,0,1,3,,,0,,,,,,Auckland Region,Nil,2-way,Sealed,,0,1,,50,,Off,0,0,,76,Auckland,Nil,,,,,0,0,Urban,0,,,Fine,Null
1868103,5713076,30503,,541720,0,,0,0,,Null,2006/2007,RIFLE RANGE ROAD,MERE ROAD,,Minor Crash,No,2006,,West,,0,,Flat,,,,,,Overcast,1268400,1,0,1,2,,,0,,,,,,Waikato Region,Nil,2-way,Sealed,,0,0,,50,,Off,0,0,,21,Taupo District,Give way,,,,,0,0,Urban,1,,,Fine,Null
1757351,5928956,30504,,507800,0,,0,1,,Null,2006/2007,EAST COAST ROAD,SHAKESPEARE ROAD,,Non-Injury Crash,No,2006,,North,,0,,Hill Road,,,,,,Dark,307300,0,0,1,2,,,0,,,,,,Auckland Region,Nil,2-way,Sealed,,0,0,,50,,On,0,0,,76,Auckland,Traffic Signals,,,,,0,0,Urban,0,,,Fine,Null
1757390,5928942,30505,,507800,0,,0,2,,Null,2005/2006,KITCHENER ROAD,SHAKESPEARE ROAD,,Non-Injury Crash,No,2006,,East,,0,,Hill Road,,,,,,Overcast,307300,0,0,0,4,,,0,,,,,,Auckland Region,Nil,2-way,Sealed,,0,0,,50,,On,0,0,,76,Auckland,Traffic Signals,,,,,0,0,Urban,0,,,Light rain,Null
1734919,5989460,30506,,506660,0,0,0,2,0,South,2006/2007,SH 1N,WAIMANU ROAD,,Non-Injury Crash,Yes,2006,0,South,1,0,0,Flat,0,,0,,0,Dark,135700,0,0,0,2,0,0,0,0,0,,0,0,Auckland Region,Nil,2-way,Sealed,0,0,0,0,100,0,None,0,0,50,76,Auckland,Nil,0,0,0,0,0,0,Open,0,0,0,Fine,Null
1759882,5908762,30507,,524403,0,,0,3,,West,2005/2006,WALMSLEY ROAD,SH 20,,Non-Injury Crash,No,2006,,East,,0,,Flat,,,,,,Bright sun,729600,0,0,0,4,,,0,,,,,,Auckland Region,Nil,2-way,Sealed,,0,0,,50,,Off,0,0,,76,Auckland,Traffic Signals,,,,,0,0,Urban,0,,,Fine,Null
1670597,6091344,30508,,501631,0,0,0,1,0,East,2006/2007,SH 1N,WAIARE ROAD,,Non-Injury Crash,Yes,2006,0,East,1,0,1,Flat,0,,0,,0,Overcast,32400,0,0,0,2,0,0,0,0,0,,0,0,Northland Region,Nil,2-way,Sealed,0,0,0,0,100,0,Off,1,0,,1,Far North District,Nil,0,0,0,0,0,0,Open,0,0,0,Fine,Null
1948620,5790964,30509,,542422,0,0,0,1,0,Null,2006/2007,RIVERSIDE DRIVE,HORROCKS AVENUE,,Non-Injury Crash,No,2006,0,South,0,0,0,Flat,0,,0,,0,Dark,1313400,0,0,0,2,0,0,0,0,0,,0,0,Bay of Plenty Region,Nil,2-way,Sealed,0,0,0,0,50,0,On,0,0,,25,Whakatane District,Nil,0,0,0,1,0,0,Urban,0,0,0,Fine,Null
1407033,4913811,30510,,605600,0,0,0,2,0,North,2006/2007,NORMANBY ST,MARLOW ST,,Minor Crash,No,2006,0,North,0,0,0,Flat,0,,0,,0,Twilight,2951500,1,0,0,2,0,0,0,0,1,,0,0,Otago Region,Nil,2-way,Sealed,0,0,0,0,50,0,Off,1,0,,71,Dunedin City,Unknown,0,0,0,0,0,0,Urban,0,0,0,Fine,Null
1825677,5886696,30511,,533501,0,0,0,1,0,South,2006/2007,SH 25,MARY ST,,Non-Injury Crash,Yes,2006,0,North,0,0,0,Flat,0,,0,,0,Bright sun,1052200,0,0,0,1,0,0,0,0,0,,0,0,Waikato Region,Nil,2-way,Sealed,0,0,0,0,50,0,Off,2,0,,11,Thames-Coromandel District,Nil,0,0,0,0,0,0,Urban,0,1,0,Fine,Null
1883551,5774056,30512,,539700,0,0,0,1,0,Null,2005/2006,SH 5,SH 30A,,Non-Injury Crash,Yes,2006,0,West,0,0,0,Flat,0,,0,,0,Twilight,1226400,0,0,0,4,0,0,0,0,0,,0,1,Bay of Plenty Region,Nil,2-way,Sealed,0,0,0,0,50,0,On,0,0,,24,Rotorua District,Traffic Signals,0,0,0,0,0,0,Urban,0,0,0,Fine,Null
1754885,5929539,30513,,508420,0,0,0,2,0,East,2006/2007,KAIMAHI ROAD,TARGET ROAD,,Non-Injury Crash,No,2006,0,East,0,0,0,Flat,0,,0,,0,Overcast,183800,0,0,0,2,0,0,0,0,1,,0,0,Auckland Region,Nil,2-way,Sealed,0,0,0,0,50,0,Null,0,0,,76,Auckland,Unknown,0,0,0,0,0,0,Urban,0,0,0,Fine,Null
1765346,5914780,30514,,520601,0,0,0,2,0,North,2005/2006,TE KOA ROAD,TRIPOLI ROAD,,Non-Injury Crash,No,2006,0,North,0,0,0,Flat,0,,0,,0,Overcast,630700,0,0,0,2,0,0,0,0,1,,0,0,Auckland Region,Nil,2-way,Sealed,0,0,0,0,50,0,Null,0,0,,76,Auckland,Unknown,0,0,0,0,0,0,Urban,0,0,0,Fine,Null
1756353,5918498,30515,,515600,0,0,0,1,0,Null,2005/2006,IAN MCKINNON DRIVE,HASLETT ST,,Non-Injury Crash,No,2006,0,North,0,0,0,Flat,0,,0,,0,Bright sun,419900,0,0,0,4,0,0,0,0,0,,0,0,Auckland Region,Nil,2-way,Sealed,0,0,0,0,70,0,Off,0,0,,76,Auckland,Nil,0,1,0,0,0,0,Urban,0,0,0,Fine,Null
1750859,5950087,30516,,505805,0,,0,2,,Null,2006/2007,WEST HOE ROAD,WEST HOE HEIGHTS,,Non-Injury Crash,No,2006,,North,,0,,Flat,,,,,,Bright sun,171706,0,0,0,3,,,0,,,,,,Auckland Region,Nil,2-way,Sealed,,0,0,,50,,Null,0,0,,76,Auckland,Give way,,,,,0,0,Urban,0,,,Fine,Null
1757271,5926964,30517,,507900,0,,0,2,,East,2005/2006,ANZAC ST,KILLARNEY ST,,Non-Injury Crash,No,2006,,West,,0,,Flat,,,,,,Bright sun,305000,0,0,0,4,,,0,,,,,,Auckland Region,Nil,2-way,Sealed,,0,0,,50,,Off,0,0,,76,Auckland,Nil,,,,,0,0,Urban,0,,,Fine,Null
1771432,5879079,30518,,521117,0,0,0,1,0,South,2006/2007,LOGAN ROAD,YATES ROAD,,Non-Injury Crash,No,2006,0,North,0,0,0,Flat,0,,0,,0,Overcast,827902,0,0,0,2,0,1,0,0,0,,0,0,Waikato Region,Nil,2-way,Sealed,0,0,0,0,100,0,Null,0,0,,13,Waikato District,Unknown,0,0,0,0,0,0,Open,0,0,0,Fine,Null
1766300,5899807,30519,,524822,0,,0,1,,Null,2005/2006,ROSCOMMON ROAD,PALMERS ROAD,,Non-Injury Crash,No,2006,,West,,0,,Flat,,,,,,Overcast,774431,0,0,0,2,,,0,,,,,,Auckland Region,Nil,2-way,Sealed,,0,0,,50,,Off,0,0,,76,Auckland,Nil,,,,,0,0,Urban,1,,,Light rain,Null
1243526,4849593,30520,,611210,0,,0,1,,Null,2005/2006,SH 1S TAY ST,ELLES ROAD,,Minor Crash,Yes,2006,,North,,0,,Flat,,,,,,Bright sun,3109300,1,0,0,4,,,0,,,,,,Southland Region,Nil,2-way,Sealed,,0,0,,50,,Null,0,0,,75,Invercargill City,Traffic Signals,,,,,1,0,Urban,0,,,Fine,Null
1745717,5917401,30521,,510700,0,,0,2,,Null,2006/2007,EDMONTON ROAD,ALDERMAN DRIVE,,Non-Injury Crash,No,2006,,South,,0,,Flat,,,,,,Overcast,240000,0,0,0,4,,,0,,,,,,Auckland Region,Nil,2-way,Sealed,,0,0,,50,,Off,0,0,,76,Auckland,Give way,,,,,0,0,Urban,0,,,Light rain,Null
1857927,5804526,30522,65,535231,0,0,0,1,1,East,2005/2006,SH 29,SH 28,,Non-Injury Crash,Yes,2006,0,West,0,0,0,Hill Road,0,,0,,0,Overcast,1114500,0,0,0,3,0,0,0,0,0,,0,0,Waikato Region,Nil,2-way,Sealed,0,0,0,0,100,0,Null,0,0,,15,Matamata-Piako District,Unknown,0,0,0,0,0,0,Open,0,0,0,Mist or Fog,Null
1750283,5914194,30523,,511303,0,,0,0,,North,2005/2006,VERONICA ST,TOTARA AVENUE,,Minor Crash,No,2006,,South,,0,,Flat,,,,,,Overcast,266100,1,0,0,2,,,0,,,1,,,Auckland Region,Nil,2-way,Sealed,,0,0,,50,,Off,1,0,,76,Auckland,Nil,,,,,0,0,Urban,0,,,Fine,Null
1800635,5815439,30524,,529700,0,,1,1,,West,2006/2007,BRYCE ST,ANGLESEA ST,,Non-Injury Crash,No,2006,,East,,0,,Flat,,Labour Weekend,,,,Twilight,910900,0,0,0,4,,,0,,,,,,Waikato Region,Nil,2-way,Sealed,,0,0,,50,,On,0,0,,16,Hamilton City,Traffic Signals,,,,,0,0,Urban,0,,,Fine,Null
1762837,5430378,30525,,564900,0,,0,1,,Null,2006/2007,WAINUIOMATA ROAD,MALL ENT,,Minor Crash,No,2006,,East,,0,,Flat,,Christmas New Year,,,,Overcast,2016600,3,0,0,3,,,0,,,,,,Wellington Region,Nil,2-way,Sealed,,0,0,,50,,Null,0,0,,46,Lower Hutt City,Nil,,,,,0,0,Urban,1,,,Fine,Null
1806088,5813480,30526,,527004,1,,0,1,,South,2005/2006,MATANGI ROAD,POPLAR LANE,,Non-Injury Crash,No,2006,,West,,0,,Flat,,,,,,Bright sun,956300,0,0,0,2,,,0,,,,,,Waikato Region,Nil,2-way,Sealed,,0,0,,80,,Null,0,0,,13,Waikato District,Unknown,,,,,0,0,Open,0,,,Fine,Null
1747280,5915643,30527,,511602,0,,0,0,,Null,2006/2007,HEPBURN ROAD,ADDISON DRIVE,,Non-Injury Crash,No,2006,,East,,0,,Flat,,,,,,Overcast,273204,0,0,0,2,,,0,,,,,,Auckland Region,Nil,2-way,Sealed,,0,0,,50,,Off,0,0,,76,Auckland,Give way,,,,,1,0,Urban,1,,,Heavy rain,Null
1753554,5928927,30528,,508411,0,,0,1,,Null,2005/2006,JAMES ST S,GLENFIELD ROAD,,Minor Crash,No,2006,,East,,0,,Hill Road,,,,,,Bright sun,184000,1,0,0,2,,,0,,,,,,Auckland Region,Nil,2-way,Sealed,,0,0,,50,,Off,1,0,,76,Auckland,Give way,,,,,0,0,Urban,0,,,Fine,Null
1745872,5915866,30529,,511800,0,0,0,2,0,West,2005/2006,RIBBLESDALE ROAD,VIEW ROAD,,Non-Injury Crash,No,2006,0,East,0,0,0,Flat,0,,0,,0,Overcast,276601,0,0,0,2,0,0,0,0,1,,0,0,Auckland Region,Nil,2-way,Sealed,0,0,0,0,50,0,Off,0,0,,76,Auckland,Nil,0,0,0,0,0,0,Urban,0,0,0,Fine,Null
1290206,5009383,30530,65,609031,0,0,0,1,1,South,2006/2007,SH 6,ROARING MEG,,Minor Crash,Yes,2006,0,North,0,0,0,Hill Road,0,,0,,0,Twilight,3039900,1,0,0,2,0,0,0,0,0,,0,0,Otago Region,Nil,2-way,Sealed,0,0,0,0,100,0,None,0,0,,70,Queenstown-Lakes District,Unknown,0,0,0,0,0,0,Open,0,0,0,Fine,Null
1767573,5904636,30531,,524604,0,,0,1,,West,2006/2007,RONWOOD AVENUE,GREAT SOUTH ROAD,,Non-Injury Crash,No,2006,,East,,0,,Flat,,,,,,Bright sun,780209,0,0,0,3,,,0,,,,,,Auckland Region,Nil,2-way,Sealed,,0,0,,50,,Null,1,0,,76,Auckland,Traffic Signals,,,,,0,0,Urban,0,,,Fine,Null
1817146,5800506,30532,,527504,0,,0,2,,Null,2005/2006,LAMB ST,SHAKESPEARE ST,,Non-Injury Crash,No,2006,,East,,0,,Flat,,,,,,Bright sun,968102,0,0,0,2,,,0,,,,,,Waikato Region,Nil,2-way,Sealed,,0,0,,50,,Null,0,0,,17,Waipa District,Give way,,,,,0,0,Urban,0,,,Fine,Null
1764837,5905776,30533,,522202,0,,0,2,,Null,2005/2006,RANGITOTO ROAD,ST GEORGE ST,,Non-Injury Crash,No,2006,,South,,0,,Flat,,,,,,Bright sun,663300,0,0,0,2,,,0,,,,,,Auckland Region,Nil,2-way,Sealed,,0,0,,50,,Off,0,0,,76,Auckland,Give way,,,,,0,0,Urban,0,,,Fine,Null
1766092,5440458,30534,,568102,0,,0,1,,North,2005/2006,GEORGE ST,BOGLE GROVE,,Fatal Crash,No,2006,,South,,1,,Flat,,,,,,Dark,1931400,0,0,0,2,,,0,,,,,,Wellington Region,Nil,2-way,Sealed,,0,2,,50,,On,0,0,,46,Lower Hutt City,Nil,,,,,0,0,Urban,0,,,Fine,Null
1831245,5864432,30535,,533901,0,,0,2,,North,2006/2007,SH 2,OLD MAIN ROAD,,Non-Injury Crash,Yes,2006,,North,,0,,Flat,,,,,,Bright sun,1065800,0,0,0,2,,,0,,,,,,Waikato Region,Nil,2-way,Sealed,,0,0,,100,,Null,0,0,,12,Hauraki District,Unknown,,,,,0,0,Open,0,,,Fine,Null
1802445,5816316,30536,,530000,0,,0,2,,Null,2005/2006,PEACHGROVE ROAD,RAIL XING,,Non-Injury Crash,No,2006,,North,,0,,Flat,,,,,,Overcast,866200,0,0,0,2,,,0,,,,,,Waikato Region,Rail xing,2-way,Sealed,,0,0,,50,,Null,0,0,,16,Hamilton City,Unknown,,,,,0,0,Urban,0,,,Heavy rain,Null
1874743,5756525,30537,,538850,0,,0,2,,South,2005/2006,SH 30,NICHOLSON ROAD,,Non-Injury Crash,Yes,2006,,North,,0,,Hill Road,,,,,,Bright sun,1263900,0,0,0,2,,,0,,,,,,Waikato Region,Nil,2-way,Sealed,,0,0,,100,,Null,0,0,,24,Rotorua District,Unknown,,,,,0,0,Open,0,,,Fine,Null
1700602,5679135,30538,,550902,0,,0,1,,East,2006/2007,SH 3,WILLS ROAD,,Serious Crash,Yes,2006,,East,,0,,Flat,,,,,,Dark,1563000,1,0,0,2,,,0,,,,,,Taranaki Region,Nil,2-way,Sealed,,0,1,,100,,None,1,0,,33,New Plymouth District,Nil,,,,,0,0,Open,0,,,Fine,Null
1765718,5905771,30539,,522202,0,,0,2,,North,2006/2007,CARRUTH ROAD,FAIRVIEW ROAD,,Non-Injury Crash,No,2006,,North,,0,,Flat,,,,,,Bright sun,665000,0,0,0,2,,,0,,,,,,Auckland Region,Nil,2-way,Sealed,,0,0,,50,,Off,0,0,,76,Auckland,Nil,,,,,0,0,Urban,0,,,Fine,Null
1831768,5779394,30540,,535250,0,0,0,0,0,North,2005/2006,LAKE ARAPUNI ROAD,GEORGE ROAD,,Minor Crash,No,2006,0,West,0,0,1,Hill Road,0,,0,,0,Twilight,1125700,2,0,0,2,0,0,0,0,0,,0,0,Waikato Region,Nil,2-way,Sealed,0,0,0,0,100,0,None,1,0,,19,South Waikato District,Nil,0,0,0,0,0,0,Open,0,0,0,Fine,Null
1801406,5813347,30541,,530400,0,,0,2,,North,2006/2007,SH 1N,SH3 ON RAMP,,Non-Injury Crash,Yes,2006,,North,,0,,Flat,,,,,,Overcast,922300,0,0,0,4,,,0,,,,,,Waikato Region,Nil,2-way,Sealed,,0,0,,80,,Off,0,0,,16,Hamilton City,Nil,,,,,0,0,Open,0,,,Fine,Null
1801739,5817514,30542,,529502,0,,0,2,,Null,2005/2006,PEACHGROVE ROAD,MARDON ROAD,,Non-Injury Crash,No,2006,,West,,0,,Flat,,,,,,Bright sun,874600,0,0,0,2,,,0,,,,,,Waikato Region,Nil,2-way,Sealed,,0,0,,50,,Null,0,0,,16,Hamilton City,Give way,,,,,0,0,Urban,0,,,Fine,Null
1768711,5901032,30543,,524901,0,,1,0,,South,2005/2006,GREAT SOUTH ROAD,STATION ROAD,,Non-Injury Crash,No,2006,,North,,0,,Flat,,,,,,Twilight,757100,0,0,0,2,,,0,,,,,,Auckland Region,Nil,2-way,Sealed,,0,0,,50,,On,0,0,,76,Auckland,Nil,,,,,0,0,Urban,1,,,Fine,Null
1907522,5814305,30544,,536654,0,,0,0,,West,2005/2006,PUKEHINA PARADE,GARDINER PLACE,,Minor Crash,No,2006,,South,,0,,Flat,,,,,,Twilight,1212613,1,0,1,2,,,0,,,,,,Bay of Plenty Region,Nil,2-way,Sealed,,0,0,,50,,None,0,0,,22,Western Bay of Plenty District,Nil,,,,,0,0,Urban,0,,,Fine,Null
1772744,5444578,30545,,564520,0,0,0,1,0,Null,2005/2006,WARD ST,SEDDON ST,,Minor Crash,No,2006,0,West,0,0,1,Flat,0,,0,,0,Dark,1900000,1,0,0,2,0,0,0,0,0,,0,0,Wellington Region,Nil,2-way,Sealed,0,0,0,0,50,0,On,0,0,,45,Upper Hutt City,Nil,0,0,0,0,0,0,Urban,0,0,0,Fine,Null
1867032,5715010,30546,,541317,0,,0,0,,Null,2006/2007,WAIRAKEI DRIVE,POIHIPI ROAD,,Non-Injury Crash,No,2006,,North,,0,,Hill Road,,,,,,Overcast,1279014,0,0,0,3,,,0,,,,,,Waikato Region,Nil,2-way,Sealed,,0,0,,80,,Null,1,0,,21,Taupo District,Give way,,,,,0,0,Open,1,,,Light rain,Null
1765636,5911920,30547,,520500,0,,0,0,,East,2006/2007,PANAMA ROAD,JOLSON ROAD,,Minor Crash,No,2006,,West,,0,,Flat,,,,,,Bright sun,634400,1,0,1,2,,,0,,,1,,,Auckland Region,Nil,2-way,Sealed,,0,0,,50,,Off,0,0,,76,Auckland,Nil,,,,,0,0,Urban,0,,,Fine,Null
1769536,5912999,30548,,522723,0,,0,2,,Null,2005/2006,CASCADES ROAD,BEN LOMOND CRESCENT E,,Non-Injury Crash,No,2006,,West,,0,,Flat,,,,,,Overcast,681500,0,0,0,2,,,0,,,,,,Auckland Region,Nil,2-way,Sealed,,0,0,,50,,Off,0,0,,76,Auckland,Give way,,,,,0,0,Urban,0,,,Fine,Null
1763368,5913947,30549,,520402,0,,0,1,,East,2005/2006,PENROSE ROAD,YOUNG ROAD,,Non-Injury Crash,No,2006,,West,,0,,Flat,,,,,,Bright sun,639900,0,0,0,2,,,0,,,,,,Auckland Region,Nil,2-way,Sealed,,0,0,,50,,Off,0,0,,76,Auckland,Nil,,,,,0,0,Urban,1,,,Fine,Null
1764507,5904468,30550,,522100,0,,0,2,,Null,2006/2007,PUHINUI ROAD,ROSCOMMON ROAD,,Non-Injury Crash,No,2006,,West,,0,,Flat,,,,,,Bright sun,659200,0,0,0,2,,,0,,,,,,Auckland Region,Nil,2-way,Sealed,,0,0,,50,,Off,0,0,,76,Auckland,Stop,,,,,0,0,Urban,0,,,Fine,Null