X,Y,OBJECTID,advisorySpeed,areaUnitID,bicycle,bridge,bus,carStationWagon,cliffBank,crashDirectionDescription,crashFinancialYear,crashLocation1,crashLocation2,crashRoadSideRoad,crashSeverity,crashSHDescription,crashYear,debris,directionRoleDescription,ditch,fatalCount,fence,flatHill,guardRail,holiday,houseOrBuilding,intersection,kerb,light,meshblockId,minorInjuryCount,moped,motorcycle,NumberOfLanes,objectThrownOrDropped,otherObject,otherVehicleType,overBank,parkedVehicle,pedestrian,phoneBoxEtc,postOrPole,region,roadCharacter,roadLane,roadSurface,roadworks,schoolBus,seriousInjuryCount,slipOrFlood,speedLimit,strayAnimal,streetLight,suv,taxi,temporarySpeedLimit,tlaId,tlaName,trafficControl,trafficIsland,trafficSign,train,tree,truck,unknownVehicleType,urban,vanOrUtility,vehicle,waterRiver,weatherA,weatherB
1764845,5911082,30551,,520500,0,,0,3,,North,2005/2006,SH 1N,OTAHUHU OFF SBD,,Non-Injury Crash,Yes,2006,,South,,0,,Flat,,,,,,Bright sun,635901,0,0,0,3,,,0,,,,,,Auckland Region,Nil,1-way,Sealed,,0,0,,100,,Off,0,0,,76,Auckland,Nil,,,,,0,0,Open,0,,,Fine,Null
1775043,5783396,30552,,531301,0,,0,1,,East,2006/2007,SH 31,RAGLAN ROAD,,Minor Crash,Yes,2006,,East,,0,,Hill Road,,,,,,Bright sun,994000,1,0,1,2,,,0,,,,,,Waikato Region,Nil,2-way,Sealed,,0,0,,100,,None,0,0,,18,Ōtorohanga District,Nil,,,,,0,0,Open,0,,,Fine,Null
1750463,5914502,30553,,511303,0,,0,2,,Null,2006/2007,GREAT NORTH ROAD,PORTAGE ROAD,,Non-Injury Crash,No,2006,,East,,0,,Flat,,,,,,Bright sun,266200,0,0,0,4,,,0,,,,,,Auckland Region,Nil,2-way,Sealed,,0,0,,50,,Off,0,0,,76,Auckland,Traffic Signals,,,,,0,0,Urban,0,,,Fine,Null
1759885,5909495,30554,,524002,0,0,0,1,0,North,2005/2006,MAHUNGA DRIVE,RYMER PLACE,,Minor Crash,No,2006,0,North,0,0,0,Flat,0,,0,,0,Dark,724102,1,0,0,2,0,0,0,0,0,,0,1,Auckland Region,Nil,2-way,Sealed,0,0,0,0,50,0,On,0,0,,76,Auckland,Nil,0,0,0,0,0,0,Urban,0,0,0,Heavy rain,Null
1755028,5930092,30555,,508420,0,0,0,2,0,North,2005/2006,TOTARAVALE DRIVE,SUNNYNOOK ROAD,,Non-Injury Crash,No,2006,0,North,0,0,0,Flat,0,,0,,0,Dark,182100,0,0,0,2,0,0,0,0,1,,0,0,Auckland Region,Nil,2-way,Sealed,0,0,0,0,50,0,On,0,0,,76,Auckland,Give way,0,0,0,0,0,0,Urban,0,0,0,Light rain,Null
1757148,5920511,30556,,514102,0,,0,2,,Null,2005/2006,FEDERAL ST,VICTORIA ST WEST,,Non-Injury Crash,No,2006,,West,,0,,Hill Road,,,,,,Dark,433401,0,0,0,4,,,0,,,,,,Auckland Region,Nil,2-way,Sealed,,0,0,,50,,On,0,0,,76,Auckland,Traffic Signals,,,,,0,0,Urban,0,,,Light rain,Null
1751823,5917943,30557,55,515001,0,,0,0,,West,2005/2006,PT CHEV ON EBD,SH 16,,Minor Crash,Yes,2006,,South,,0,,Flat,,,,,,Dark,392200,1,0,0,4,,,0,,,,,,Auckland Region,Nil,1-way,Sealed,,0,0,,100,,On,1,0,,76,Auckland,Nil,,,,,0,0,Open,0,,,Heavy rain,Null
1609390,5419266,30558,,581822,0,,0,1,,Null,2005/2006,ELLIS ST,SPENCER PLACE,,Minor Crash,No,2006,,South,,0,,Flat,,,,,,Bright sun,2355702,1,0,0,2,,,0,,,,,,Tasman Region,Nil,2-way,Sealed,,0,0,,50,,Null,0,0,,51,Tasman District,Stop,,,,,0,0,Urban,1,,,Fine,Null
1875255,5808839,30559,,536630,0,0,0,2,1,South,2006/2007,SH 36,OROPI GORGE ROAD,,Non-Injury Crash,Yes,2006,0,North,0,0,0,Flat,0,,0,,0,Dark,1192604,0,0,0,2,0,0,0,0,0,,0,0,Bay of Plenty Region,Nil,2-way,Sealed,0,0,0,0,100,0,None,0,0,,22,Western Bay of Plenty District,Unknown,0,0,0,0,0,0,Open,0,0,0,Fine,Null
1763744,5913319,30560,,520402,0,,0,2,,South,2006/2007,MOUNT WELLINGTON HIGHWAY,HAMLIN ROAD,,Non-Injury Crash,No,2006,,North,,0,,Flat,,,,,,Bright sun,640300,0,0,0,2,,,0,,,,,,Auckland Region,Nil,2-way,Sealed,,0,0,,50,,Off,0,0,,76,Auckland,Traffic Signals,,,,,0,0,Urban,0,,,Fine,Null
1801780,5812716,30561,,530400,0,0,0,1,0,South,2005/2006,ANTHONY CRESCENT,PINE AVENUE,,Minor Crash,No,2006,0,North,0,0,0,Flat,0,,0,,0,Overcast,924300,1,0,0,2,0,0,0,0,0,,0,0,Waikato Region,Nil,2-way,Sealed,0,0,0,0,50,0,Null,0,0,,16,Hamilton City,Unknown,0,0,0,1,0,0,Urban,0,0,0,Fine,Null
1801304,5814931,30562,,529700,0,,0,1,,West,2005/2006,KNOX ST,VICTORIA ST,,Non-Injury Crash,No,2006,,East,,0,,Flat,,,,,,Overcast,911900,0,0,0,2,,,0,,,,,,Waikato Region,Nil,2-way,Sealed,,0,0,,50,,Null,1,0,,16,Hamilton City,Unknown,,,,,0,0,Urban,0,,,Fine,Null
1799701,5814525,30563,,528900,0,0,0,0,0,East,2006/2007,KILLARNEY ROAD,QUEENS AVENUE,,Non-Injury Crash,No,2006,0,East,0,0,0,Hill Road,0,,0,,0,Twilight,915200,0,0,0,2,0,0,0,0,0,,0,1,Waikato Region,Nil,2-way,Sealed,0,0,0,0,50,0,Off,0,0,,16,Hamilton City,Nil,0,0,0,0,0,0,Urban,1,0,0,Fine,Null
1758979,5912688,30564,,519820,0,,0,1,,North,2006/2007,ONEHUNGA MALL,GREY ST,,Minor Crash,No,2006,,North,,0,,Flat,,,,,,Bright sun,599500,1,1,0,2,,,0,,,,,,Auckland Region,Nil,2-way,Sealed,,0,0,,50,,Off,0,0,,76,Auckland,Nil,,,,,0,0,Urban,0,,,Fine,Null
1731234,5926732,30565,,506652,0,0,0,1,0,Null,2006/2007,MURIWAI ROAD,HAMILTON ROAD,,Minor Crash,No,2006,0,South,1,0,0,Hill Road,0,,0,,0,Dark,218102,2,0,0,2,0,0,0,0,0,,0,0,Auckland Region,Nil,2-way,Sealed,0,0,0,0,100,0,None,0,0,,76,Auckland,Nil,0,0,0,0,0,0,Open,0,0,0,Fine,Null
1757455,5918727,30566,,514302,0,,0,2,,South,2006/2007,SH 1N,WELLESLEY OFF NBD,,Non-Injury Crash,Yes,2006,,North,,0,,Flat,,,,,,Dark,442500,0,0,0,3,,,0,,,,,,Auckland Region,Nil,1-way,Sealed,,0,0,,100,,On,0,0,,76,Auckland,Nil,,,,,0,0,Open,0,,,Fine,Null
1745597,5916437,30567,,510800,0,,0,1,,Null,2005/2006,VIEW ROAD,MILLBROOK ROAD,,Non-Injury Crash,No,2006,,North,,0,,Flat,,,,,,Dark,244500,0,0,0,4,,,0,,,,,,Auckland Region,Nil,2-way,Sealed,,0,0,,50,,On,0,0,,76,Auckland,Traffic Signals,,,,,0,0,Urban,1,,,Fine,Null
1751427,5916275,30568,,514401,0,,0,1,,North,2005/2006,GREAT NORTH ROAD,SALTAIRE ST,,Serious Crash,No,2006,,North,,0,,Flat,,,,,,Twilight,383000,0,0,0,4,,,0,,,1,,,Auckland Region,Nil,2-way,Sealed,,0,1,,50,,On,0,0,,76,Auckland,Unknown,,,,,0,0,Urban,0,,,Fine,Null
1755742,5913967,30569,,518803,0,,0,2,,South,2006/2007,BREMNER AVENUE,MOUNT ALBERT ROAD,,Non-Injury Crash,No,2006,,South,,0,,Hill Road,,,,,,Overcast,581100,0,0,0,2,,,0,,,,,,Auckland Region,Nil,2-way,Sealed,,0,0,,50,,Off,0,0,,76,Auckland,Nil,,,,,0,0,Urban,0,,,Mist or Fog,Null
1764360,5909335,30570,,521901,0,,0,2,,Null,2005/2006,GREAT SOUTH ROAD,FAIRBURN ROAD,,Non-Injury Crash,No,2006,,North,,0,,Flat,,,,,,Overcast,784900,0,0,0,2,,,0,,,,,,Auckland Region,Nil,2-way,Sealed,,0,0,,50,,Off,0,0,,76,Auckland,Stop,,,,,0,0,Urban,0,,,Heavy rain,Null
1752120,5912444,30571,,514700,0,0,0,1,0,East,2005/2006,DONOVAN ST,LEWIS ST,,Non-Injury Crash,No,2006,0,West,0,0,0,Flat,0,Queens Birthday,0,,0,Dark,368800,0,0,0,2,0,0,0,0,1,,0,0,Auckland Region,Nil,2-way,Sealed,0,0,0,0,50,0,On,1,0,,76,Auckland,Nil,0,0,0,0,0,0,Urban,0,0,0,Fine,Null
1769315,5907462,30572,,523711,0,,0,2,,Null,2005/2006,TE IRIRANGI DRIVE,ORMISTON ROAD,,Minor Crash,No,2006,,North,,0,,Flat,,,,,,Dark,712801,1,0,0,6,,,0,,,,,,Auckland Region,Nil,2-way,Sealed,,0,0,,80,,On,0,0,,76,Auckland,Traffic Signals,,,,,0,0,Open,0,,,Fine,Null
1825469,5846229,30573,,534603,0,0,0,1,0,Null,2006/2007,PAEROA TAHUNA ROAD,NO 1 ROAD,,Non-Injury Crash,No,2006,0,North,0,0,1,Flat,0,,0,,0,Dark,1093600,0,0,0,2,0,0,0,0,1,,0,0,Waikato Region,Nil,2-way,Sealed,0,0,0,0,100,0,On,0,0,,15,Matamata-Piako District,Give way,0,0,0,0,1,0,Open,0,0,0,Fine,Null
1758068,5928707,30574,,507800,0,,0,0,,East,2005/2006,KITCHENER ROAD,OCEAN VIEW ROAD,,Minor Crash,No,2006,,South,,0,,Flat,,,,,,Bright sun,309600,1,0,0,1,,,0,,,1,,,Auckland Region,Nil,2-way,Sealed,,0,0,,50,,Off,1,0,,76,Auckland,Nil,,,,,0,0,Urban,0,,,Fine,Null
1766527,5907238,30575,,522302,0,,0,2,,South,2005/2006,SH 1N,OTARA OFF NBD,,Non-Injury Crash,Yes,2006,,North,,0,,Flat,,,,,,Overcast,668000,0,0,0,6,,,0,,,,,,Auckland Region,Nil,2-way,Sealed,,0,0,,50,,Off,0,0,,76,Auckland,Nil,,,,,0,0,Urban,0,,,Fine,Null
1775651,5887518,30576,,521132,0,,0,1,,Null,2006/2007,ARARIMU ROAD,RAMARAMA ROAD,,Non-Injury Crash,No,2006,,East,,0,,Flat,,,,,,Bright sun,814200,0,0,1,2,,,0,,,,,,Auckland Region,Nil,2-way,Sealed,,0,0,,50,,Null,0,0,,76,Auckland,Give way,,,,,0,0,Urban,0,,,Fine,Null
1752663,5724444,30577,60,531710,0,,0,0,,South,2006/2007,SH 3,PAPAKAURI ROAD W,,Non-Injury Crash,Yes,2006,,South,,0,,Hill Road,,,,,,Overcast,1016800,0,0,0,2,,,0,,,,,,Waikato Region,Nil,2-way,Sealed,,0,0,,100,,Null,0,0,,20,Waitomo District,Unknown,,,,,1,0,Open,0,,,Null,Frost
1816250,5803577,30578,,527502,0,,0,2,,Null,2006/2007,SH 1N,HALL ST,,Non-Injury Crash,Yes,2006,,East,,0,,Flat,,,,,,Bright sun,964200,0,0,0,2,,,0,,,,,,Waikato Region,Nil,1-way,Sealed,,0,0,,50,,Off,0,0,,17,Waipa District,Nil,,,,,0,0,Urban,0,,,Fine,Null
1761494,5908101,30579,,524510,0,,0,2,,Null,2005/2006,GARUS AVENUE,ARCHBOYD AVENUE,,Non-Injury Crash,No,2006,,West,,0,,Flat,,,,,,Dark,734006,0,0,0,2,,,0,,,,,,Auckland Region,Nil,2-way,Sealed,,0,0,,50,,On,0,0,,76,Auckland,Nil,,,,,0,0,Urban,0,,,Fine,Null
1800172,5812232,30580,,529200,0,,0,2,,Null,2006/2007,PRISCILLA CRESCENT,PRISK ST,,Non-Injury Crash,No,2006,,North,,0,,Flat,,,,,,Bright sun,929200,0,0,0,2,,,0,,,,,,Waikato Region,Nil,2-way,Sealed,,0,0,,50,,Off,0,0,,16,Hamilton City,Nil,,,,,0,0,Urban,0,,,Fine,Null
1755151,5914311,30581,,518500,0,,0,2,,West,2005/2006,MOUNT ALBERT ROAD,DOMINION ROAD,,Non-Injury Crash,No,2006,,East,,0,,Flat,,,,,,Overcast,560900,0,0,0,4,,,0,,,,,,Auckland Region,Nil,2-way,Sealed,,0,0,,50,,Off,0,0,,76,Auckland,Nil,,,,,0,0,Urban,0,,,Light rain,Null
1756652,5918885,30582,,514200,0,,0,2,,Null,2005/2006,NEWTON ROAD,FRANCE ST SOUTH,,Non-Injury Crash,No,2006,,East,,0,,Hill Road,,,,,,Bright sun,412800,0,0,0,4,,,0,,,,,,Auckland Region,Nil,2-way,Sealed,,0,0,,50,,Off,0,0,,76,Auckland,Give way,,,,,0,0,Urban,0,,,Fine,Null
1755015,5913753,30583,,518803,0,,1,1,,Null,2006/2007,DENBIGH AVENUE,DOMINION ROAD,,Non-Injury Crash,No,2006,,East,,0,,Flat,,,,,,Bright sun,580600,0,0,0,4,,,0,,,,,,Auckland Region,Nil,2-way,Sealed,,0,0,,50,,Off,0,0,,76,Auckland,Give way,,,,,0,0,Urban,0,,,Fine,Null
1882890,5826495,30584,,536821,0,,0,2,,Null,2005/2006,HEWLETTS ROAD,NEWTON ST,,Non-Injury Crash,No,2006,,East,,0,,Flat,,Easter,,,,Bright sun,1204100,0,0,0,2,,,0,,,,,,Bay of Plenty Region,Nil,2-way,Sealed,,0,0,,50,,Null,0,0,,23,Tauranga City,Give way,,,,,0,0,Urban,0,,,Fine,Null
1765691,5906028,30585,,522202,0,,0,1,,Null,2005/2006,ST GEORGE ST,WILMAY AVENUE,,Minor Crash,No,2006,,North,,0,,Flat,,,,,,Overcast,664400,1,0,0,2,,,0,,,,,,Auckland Region,Nil,2-way,Sealed,,0,0,,50,,Off,1,0,,76,Auckland,Give way,,,,,0,0,Urban,0,,,Fine,Null
1750984,5951614,30586,,505804,0,0,0,0,0,North,2005/2006,HATFIELD HEIGHTS,SUN VALLEY,,Non-Injury Crash,No,2006,0,East,0,0,0,Hill Road,0,,0,,0,Twilight,170808,0,0,0,2,0,0,0,0,0,,0,1,Auckland Region,Nil,2-way,Sealed,0,0,0,0,50,0,Off,1,0,,76,Auckland,Nil,0,0,0,0,0,0,Urban,0,0,0,Fine,Null
1639866,6072897,30587,,500802,0,0,0,0,0,West,2006/2007,SH 12,MOUNTAIN ROAD,,Non-Injury Crash,Yes,2006,0,West,0,0,1,Hill Road,0,,0,,0,Bright sun,25300,0,0,0,2,0,0,0,0,0,,0,0,Northland Region,Nil,2-way,Sealed,0,0,0,0,100,0,None,0,0,,1,Far North District,Nil,0,0,0,0,1,0,Open,0,0,0,Fine,Null
1743699,5919370,30588,,513212,0,,0,1,,Null,2006/2007,UNIVERSAL DRIVE,DON BUCK ROAD,,Non-Injury Crash,No,2006,,East,,0,,Flat,,,,,,Bright sun,235600,0,0,0,2,,,0,,,,,,Auckland Region,Nil,2-way,Sealed,,0,0,,50,,Null,0,0,,76,Auckland,Give way,,,,,1,0,Urban,0,,,Fine,Null
1748529,5918453,30589,,514801,0,,0,0,,South,2005/2006,PATIKI ROAD,PATIKI ON WBD,,Minor Crash,No,2006,,South,,0,,Flat,,,,,,Overcast,389300,1,0,1,2,,,0,,,,,,Auckland Region,Nil,2-way,Sealed,,0,0,,50,,Off,0,0,,76,Auckland,Nil,,,,,1,0,Urban,0,,,Fine,Null
1424022,5002042,30590,,600826,0,,0,0,,North,2005/2006,Z DWY FARM,KAURU HILL ROAD,,Serious Crash,No,2006,,North,,0,,Flat,,,,,,Overcast,2833800,0,0,1,0,,,0,,,,,,Otago Region,Nil,Off road,Unsealed,,0,1,,100,,Null,0,0,,68,Waitaki District,Nil,,,,,0,0,Open,1,,,Fine,Null
1749287,5912768,30591,,511401,0,,0,2,,Null,2006/2007,HUTCHINSON AVENUE,WILLERTON AVENUE,,Non-Injury Crash,No,2006,,East,,0,,Hill Road,,,,,,Bright sun,264300,0,0,0,2,,,0,,,,,,Auckland Region,Nil,2-way,Sealed,,0,0,,50,,Off,0,0,,76,Auckland,Stop,,,,,0,0,Urban,0,,,Fine,Null
1753693,5933721,30592,,508804,0,0,0,1,0,South,2006/2007,HUGH GREEN DRIVE,BUNDORAN WAY,,Non-Injury Crash,No,2006,0,West,0,0,0,Hill Road,0,,0,,0,Bright sun,180605,0,0,0,2,0,0,0,0,0,,0,1,Auckland Region,Nil,2-way,Sealed,0,0,0,0,50,0,Off,0,0,,76,Auckland,Nil,0,0,0,0,0,0,Urban,0,0,0,Fine,Null
1885094,5771549,30593,,540700,0,0,0,1,0,North,2005/2006,SH 30,FROUDE ST,,Non-Injury Crash,Yes,2006,0,South,0,0,0,Flat,0,,0,,0,Bright sun,1246000,0,0,0,3,0,0,0,0,0,,0,0,Bay of Plenty Region,Nil,2-way,Sealed,0,0,0,0,60,0,Null,0,0,,24,Rotorua District,Unknown,0,0,0,0,0,0,Urban,1,1,0,Fine,Null
1407633,4919325,30594,,603300,1,,0,1,,Null,2005/2006,NORTH ROAD,GLENDINING AVENUE,,Minor Crash,No,2006,,South,,0,,Flat,,,,,,Overcast,2873400,1,0,0,2,,,0,,,,,,Otago Region,Nil,2-way,Sealed,,0,0,,50,,Null,0,0,,71,Dunedin City,Give way,,,,,0,0,Urban,0,,,Mist or Fog,Null
1771012,5896713,30595,,521201,0,0,0,1,0,South,2005/2006,SH 1N,WALTER STREVENS OBR,,Minor Crash,Yes,2006,0,North,0,0,0,Flat,1,,0,,0,Bright sun,806604,1,0,0,2,0,0,0,0,0,,0,0,,Nil,1-way,Sealed,0,0,0,0,100,0,Off,0,0,,76,Auckland,Nil,0,0,0,0,0,0,Open,0,0,0,Fine,Null
1752405,5918006,30596,,515003,0,,0,0,,Null,2006/2007,SH 16,CARRINGTON OBR,,Non-Injury Crash,Yes,2006,,West,,0,,Flat,,,,,,Bright sun,391602,0,0,1,3,,,0,,,,,,Auckland Region,Nil,1-way,Sealed,,0,0,,100,,Off,0,0,,76,Auckland,Nil,,,,,0,0,Open,0,,,Fine,Null
1761149,5906872,30597,,524112,0,0,0,1,0,East,2006/2007,CHINGFORD CLOSE,ASHGROVE ROAD,,Non-Injury Crash,No,2006,0,West,0,0,0,Flat,0,,0,,0,Dark,742201,0,0,0,2,0,0,0,0,0,,0,1,Auckland Region,Nil,2-way,Sealed,0,0,0,0,50,0,On,0,0,,76,Auckland,Nil,0,0,0,0,0,0,Urban,0,0,0,Fine,Null
1742406,5926239,30598,,513410,0,,0,3,,South,2005/2006,FRED TAYLOR DRIVE,SH 16,,Minor Crash,No,2006,,South,,0,,Flat,,,,,,Bright sun,223100,2,0,0,2,,,0,,,,,,Auckland Region,Nil,2-way,Sealed,,0,0,,80,,Off,0,0,,76,Auckland,Nil,,,,,0,0,Open,0,,,Fine,Null
1726755,5993725,30599,,505010,0,,0,2,,South,2006/2007,NATHAN ROAD,ONERIRI ROAD,,Minor Crash,No,2006,,North,,0,,Hill Road,,,,,,Bright sun,132803,3,0,0,1,,,0,,,,,,Northland Region,Nil,2-way,Unsealed,,0,0,,100,,Null,0,0,,3,Kaipara District,Nil,,,,,0,0,Open,0,,,Fine,Null
1738502,5700806,30600,,550700,0,0,0,1,1,South,2005/2006,SH 3,HILLS ROAD,,Non-Injury Crash,Yes,2006,0,North,0,0,0,Flat,0,,0,,0,Bright sun,1552600,0,0,0,2,0,0,0,0,0,,0,0,Taranaki Region,Nil,2-way,Sealed,0,0,0,0,100,0,Null,0,0,,33,New Plymouth District,Nil,0,0,0,0,0,0,Open,0,0,0,Fine,Null
1758264,5927655,30601,,508010,0,,0,2,,Null,2005/2006,HURSTMERE ROAD,THE PROMENADE,,Non-Injury Crash,No,2006,,South,,0,,Flat,,,,,,Dark,326201,0,0,0,2,,,0,,,,,,Auckland Region,Nil,2-way,Sealed,,0,0,,50,,On,0,0,,76,Auckland,Stop,,,,,0,0,Urban,0,,,Null,Null
1819991,5541864,30602,,561901,0,,0,3,,Null,2005/2006,SH 54,SH 54,,Serious Crash,Yes,2006,,North,,0,,Flat,,,,,,Overcast,1793700,0,0,0,2,,,0,,,,,,Manawatū-Whanganui Region,Nil,2-way,Sealed,,0,1,,100,,Null,0,1,,39,Manawatu District,Stop,,,,,0,0,Open,0,,,Light rain,Null
1748913,5427470,30603,,573101,0,,0,1,,East,2006/2007,WAKEFIELD ST,OPERA HOUSE LANE,,Minor Crash,No,2006,,West,,0,,Flat,,,,,,Dark,2133100,1,1,0,2,,,0,,,,,,Wellington Region,Nil,2-way,Sealed,,0,0,,50,,On,0,0,,47,Wellington City,Nil,,,,,0,0,Urban,0,,,Fine,Null
1753414,5929778,30604,,508411,0,,0,2,,South,2006/2007,GLENFIELD ROAD,SUNSET ROAD,,Non-Injury Crash,No,2006,,South,,0,,Hill Road,,,,,,Overcast,183902,0,0,0,4,,,0,,,,,,Auckland Region,Nil,2-way,Sealed,,0,0,,50,,Off,0,0,,76,Auckland,Nil,,,,,0,0,Urban,0,,,Fine,Null
1753206,5933495,30605,,508701,0,0,0,1,0,North,2005/2006,SH 1N,GREVILLE ON NBD,,Non-Injury Crash,Yes,2006,0,North,0,0,0,Hill Road,1,,0,,0,Overcast,178900,0,0,0,3,0,0,0,0,0,,0,0,Auckland Region,Nil,1-way,Sealed,0,0,0,0,100,0,Off,0,0,,76,Auckland,Nil,0,0,0,0,0,0,Open,0,0,0,Light rain,Null
1796923,5819424,30606,,528403,0,,0,1,,South,2005/2006,WAIRERE DRIVE,TE RAPA ROAD,,Minor Crash,No,2006,,North,,0,,Flat,,Easter,,,,Bright sun,907500,1,0,0,2,,,0,,,,,,Waikato Region,Bridge,2-way,Sealed,,0,0,,80,,Null,0,0,,16,Hamilton City,Unknown,,,,,1,0,Open,0,,,Fine,Null
1868414,5824033,30607,,536620,0,,0,2,,Null,2006/2007,SH 2,GILL LANE,,Non-Injury Crash,Yes,2006,,West,,0,,Flat,,,,,,Dark,1189200,0,0,0,2,,,0,,,,,,Bay of Plenty Region,Nil,2-way,Sealed,,0,0,,90,,None,0,0,,22,Western Bay of Plenty District,Nil,,,,,0,0,Open,0,,,Light rain,Null
1892785,5812630,30608,,538502,0,,0,2,,Null,2006/2007,BOUCHER AVENUE,GILMORE ST,,Non-Injury Crash,No,2006,,North,,0,,Hill Road,,,,,,Bright sun,1215400,0,0,0,2,,,0,,,,,,Bay of Plenty Region,Nil,2-way,Sealed,,0,0,,50,,Null,0,0,,22,Western Bay of Plenty District,Nil,,,,,0,0,Urban,0,,,Fine,Null
1822505,5799994,30609,,527934,0,0,0,1,0,North,2006/2007,MAUNGATAUTARI ROAD,ARIKI ST,,Minor Crash,No,2006,0,South,0,0,0,Flat,1,,0,,0,Bright sun,988502,2,0,1,2,0,0,0,0,0,,0,0,Waikato Region,Nil,2-way,Sealed,0,0,0,0,100,0,None,0,0,,17,Waipa District,Nil,0,0,0,0,0,0,Open,0,0,0,Fine,Null
1804303,5805273,30610,,527915,0,,0,1,,Null,2005/2006,SH 3,SH 21,,Fatal Crash,Yes,2006,,South,,1,,Flat,,,,,,Overcast,984900,1,0,0,4,,,0,,,,,,Waikato Region,Nil,2-way,Sealed,,0,0,,100,,None,1,1,,17,Waipa District,Give way,,,,,0,0,Open,0,,,Fine,Null
1796923,5819424,30611,,528403,0,,0,2,,South,2005/2006,WAIRERE DRIVE,TE RAPA ROAD,,Non-Injury Crash,No,2006,,North,,0,,Flat,,Easter,,,,Bright sun,907500,0,0,0,2,,,0,,,,,,Waikato Region,Bridge,2-way,Sealed,,0,0,,80,,Null,0,0,,16,Hamilton City,Unknown,,,,,0,0,Open,0,,,Fine,Null
1797479,5817015,30612,,528406,0,,0,2,,Null,2006/2007,AVALON DRIVE,DOMINION ROAD,,Non-Injury Crash,No,2006,,North,,0,,Flat,,,,,,Bright sun,907601,0,0,0,2,,,0,,,,,,Waikato Region,Nil,2-way,Sealed,,0,0,,50,,Off,0,0,,16,Hamilton City,Stop,,,,,0,0,Urban,0,,,Fine,Null
1761065,5907873,30613,,524510,0,0,0,2,0,West,2006/2007,MCKINSTRY AVENUE,MCNAUGHTON AVENUE,,Non-Injury Crash,No,2006,0,East,0,0,0,Flat,0,,0,,0,Dark,736601,0,0,0,2,0,0,0,0,1,,0,0,Auckland Region,Nil,2-way,Sealed,0,0,0,0,50,0,On,0,0,,76,Auckland,Unknown,0,0,0,0,0,0,Urban,0,0,0,Heavy rain,Null
1768066,5905587,30614,,523721,0,,0,1,,Null,2005/2006,BOUNDARY ROAD,SANDRINE AVENUE,,Minor Crash,No,2006,,West,,0,,Flat,,,,,,Bright sun,715507,1,0,0,2,,,0,,,,,,Auckland Region,Nil,2-way,Sealed,,0,0,,50,,Off,0,0,,76,Auckland,Give way,,,,,1,0,Urban,0,,,Fine,Null
1771172,5898832,30615,,523912,0,0,0,1,0,South,2006/2007,TAKANINI SCHOOL ROAD,AIRFIELD ROAD,,Non-Injury Crash,No,2006,0,East,0,0,0,Flat,0,,0,,0,Bright sun,767400,0,0,0,2,0,0,0,0,0,,0,1,Auckland Region,Nil,2-way,Sealed,0,0,0,0,50,0,Off,0,0,,76,Auckland,Nil,0,0,0,0,0,0,Urban,0,0,0,Fine,Null
1757068,5919082,30616,,514200,0,0,0,1,0,Null,2006/2007,SYMONDS ST,ALEX EVANS ST,,Non-Injury Crash,No,2006,0,South,0,0,0,Flat,0,,0,,0,Bright sun,412302,0,0,0,7,0,0,0,0,0,,0,1,Auckland Region,Nil,2-way,Sealed,0,0,0,0,50,0,Off,0,0,,76,Auckland,Traffic Signals,0,0,0,0,0,0,Urban,0,0,0,Light rain,Null
1763378,5908440,30617,,524402,0,,0,2,,Null,2006/2007,MASSEY ROAD,HOSPITAL ROAD,,Non-Injury Crash,No,2006,,West,,0,,Flat,,,,,,Bright sun,749900,0,0,0,4,,,0,,,,,,Auckland Region,Bridge,2-way,Sealed,,0,0,,50,,Off,0,0,,76,Auckland,Traffic Signals,,,,,0,0,Urban,0,,,Fine,Null
1764075,5906366,30618,,524303,0,,0,3,,North,2006/2007,STATION ROAD,PEVERILL CRESCENT,,Minor Crash,No,2006,,South,,0,,Flat,,,,,,Overcast,657300,1,0,0,2,,,0,,,,,,Auckland Region,Nil,2-way,Sealed,,0,0,,50,,Off,0,0,,76,Auckland,Nil,,,,,0,0,Urban,0,,,Fine,Null
1842920,5745127,30619,,541320,0,,0,2,,North,2006/2007,SH 30,SANDEL ROAD,,Non-Injury Crash,Yes,2006,,North,,0,,Flat,,,,,,Twilight,1292600,0,0,0,2,,,0,,,,,,Waikato Region,Nil,2-way,Sealed,,0,0,,100,,None,0,0,,21,Taupo District,Nil,,,,,0,0,Open,0,,,Fine,Null
1719794,6046002,30620,,503200,0,0,0,0,0,East,2006/2007,RIVERSIDE DRIVE,QUAY ST,,Non-Injury Crash,No,2006,0,East,0,0,0,Flat,0,,0,,0,Bright sun,101304,0,0,0,4,0,0,0,0,0,,0,1,Northland Region,Nil,2-way,Sealed,0,0,0,0,50,0,Off,1,0,,2,Whangarei District,Nil,0,0,0,0,0,0,Urban,0,0,0,Fine,Null
1839705,5856791,30621,,534200,0,,0,1,,North,2006/2007,SH 2,RAHU ROAD N,,Non-Injury Crash,Yes,2006,,South,,0,,Flat,,,,,,Overcast,1076400,0,0,0,3,,,0,,,,,,Waikato Region,Nil,2-way,Sealed,,0,0,,100,,Null,0,0,,12,Hauraki District,Unknown,,,,,1,0,Open,0,,,Fine,Null