X,Y,OBJECTID,advisorySpeed,areaUnitID,bicycle,bridge,bus,carStationWagon,cliffBank,crashDirectionDescription,crashFinancialYear,crashLocation1,crashLocation2,crashRoadSideRoad,crashSeverity,crashSHDescription,crashYear,debris,directionRoleDescription,ditch,fatalCount,fence,flatHill,guardRail,holiday,houseOrBuilding,intersection,kerb,light,meshblockId,minorInjuryCount,moped,motorcycle,NumberOfLanes,objectThrownOrDropped,otherObject,otherVehicleType,overBank,parkedVehicle,pedestrian,phoneBoxEtc,postOrPole,region,roadCharacter,roadLane,roadSurface,roadworks,schoolBus,seriousInjuryCount,slipOrFlood,speedLimit,strayAnimal,streetLight,suv,taxi,temporarySpeedLimit,tlaId,tlaName,trafficControl,trafficIsland,trafficSign,train,tree,truck,unknownVehicleType,urban,vanOrUtility,vehicle,waterRiver,weatherA,weatherB
1763933,5906486,30622,,524303,0,0,0,1,0,South,2005/2006,STATION ROAD,ASHLYNNE AVENUE,,Minor Crash,No,2006,0,North,0,0,0,Flat,0,,0,,0,Dark,657300,1,0,0,2,0,0,0,0,0,,0,1,Auckland Region,Nil,2-way,Sealed,0,0,0,0,50,0,On,0,0,,76,Auckland,Nil,0,0,0,0,0,0,Urban,0,0,0,Light rain,Null
1746623,5995911,30623,,506660,0,0,0,0,0,East,2006/2007,OCEAN VIEW ROAD,CREST ROAD,,Minor Crash,No,2006,0,East,0,0,0,Hill Road,0,,0,,0,Bright sun,135201,4,0,0,1,0,0,0,0,0,,0,0,Auckland Region,Nil,2-way,Unsealed,0,0,0,0,100,0,Off,1,0,,76,Auckland,Nil,0,0,0,1,0,0,Open,0,0,0,Fine,Null
1758210,5916139,30624,,515801,0,,0,1,,Null,2006/2007,CAMPBELL CRESCENT,MANUKAU ROAD,,Non-Injury Crash,No,2006,,West,,0,,Flat,,,,,,Bright sun,446300,0,0,0,2,,,0,,,,,,Auckland Region,Nil,2-way,Sealed,,0,0,,50,,Off,0,0,,76,Auckland,Give way,,,,,1,0,Urban,0,,,Fine,Null
1768886,5881111,30625,,525910,0,,0,1,,West,2006/2007,DEVON LANE,EDINBURGH ST,,Non-Injury Crash,No,2006,,North,,0,,Flat,,,,,,Overcast,818800,0,0,0,2,,,0,,,,,,Auckland Region,Nil,2-way,Sealed,,0,0,,50,,Off,1,0,,76,Auckland,Nil,,,,,0,0,Urban,0,,,Light rain,Null
1764845,5909446,30626,,521802,0,0,0,1,0,Null,2006/2007,RODNEY ST,FAIRBURN ROAD,,Non-Injury Crash,No,2006,0,East,0,0,1,Flat,0,,0,,0,Bright sun,789001,0,0,0,2,0,0,0,0,0,,0,0,Auckland Region,Nil,2-way,Sealed,0,0,0,0,50,0,Off,0,0,,76,Auckland,Nil,0,1,0,0,0,0,Urban,0,0,0,Fine,Null
1748620,5428304,30627,,573000,0,,0,1,,Null,2006/2007,THE TERRACE,DALMUIR LANE,,Minor Crash,No,2006,,North,,0,,Hill Road,,,,,,Dark,2124802,1,1,0,2,,,0,,,,,,Wellington Region,Nil,2-way,Sealed,,0,0,,50,,On,0,0,,47,Wellington City,Nil,,,,,0,0,Urban,0,,,Light rain,Null
1928953,5608851,30628,,545710,0,0,0,1,1,South,2006/2007,ORMOND ROAD,EVENDEN ROAD,,Minor Crash,No,2006,0,South,0,0,0,Flat,0,,0,,0,Bright sun,1471000,1,0,0,2,0,0,0,0,0,,0,0,Hawke's Bay Region,Nil,2-way,Sealed,0,0,0,0,100,0,Null,0,0,,30,Hastings District,Nil,0,0,0,0,0,0,Open,0,0,0,Fine,Null
1930912,5607891,30629,,545710,0,,0,1,,Null,2006/2007,PAKOWHAI ROAD,RICHMOND ROAD,,Minor Crash,No,2006,,North,,0,,Flat,,,,,,Overcast,1471100,1,0,0,2,,,0,,,,,,Hawke's Bay Region,Nil,2-way,Sealed,,0,0,,70,,Null,1,0,,30,Hastings District,Give way,,,,,0,0,Urban,0,,,Fine,Null
1759880,5924356,30630,,509300,0,,0,1,,South,2005/2006,LAKE ROAD,OLD LAKE ROAD,,Non-Injury Crash,No,2006,,North,,0,,Flat,,,,,,Bright sun,340200,0,0,0,2,,,0,,,,,,Auckland Region,Nil,2-way,Sealed,,0,0,,50,,Off,0,0,,76,Auckland,Nil,,,,,1,0,Urban,0,,,Fine,Null
1710931,6003955,30631,,505010,0,0,0,1,0,West,2006/2007,SH 12,FRANKLIN ROAD,,Fatal Crash,Yes,2006,0,West,0,1,0,Hill Road,0,,0,,0,Dark,130801,0,0,1,2,0,0,0,0,1,,0,0,Northland Region,Nil,2-way,Sealed,0,0,0,0,100,0,On,0,0,,3,Kaipara District,Nil,0,0,0,0,0,0,Open,0,0,0,Fine,Null
1767770,5905072,30632,,523722,0,0,0,0,0,Null,2006/2007,TE IRIRANGI OFF SBD,TE IRIRANGI DRIVE,,Minor Crash,Yes,2006,0,South,0,0,0,Flat,0,,0,,1,Bright sun,715801,1,0,0,4,0,0,0,0,0,,0,0,Auckland Region,Motorway ramp,2-way,Sealed,0,0,0,0,60,0,Null,0,0,,76,Auckland,Traffic Signals,0,0,0,0,0,0,Urban,1,0,0,Fine,Null
1406112,4916482,30633,,602900,0,,0,2,,Null,2005/2006,HIGH ST,PRINCES ST,,Minor Crash,No,2006,,East,,0,,Hill Road,,,,,,Dark,2895400,3,0,0,1,,,0,,,,,,Otago Region,Nil,1-way,Sealed,,0,0,,50,,On,0,0,,71,Dunedin City,Stop,,,,,0,0,Urban,0,,,Fine,Null
1766647,5913212,30634,,522910,0,0,0,3,0,South,2006/2007,Z CPK PAKURANGA SC,PAKURANGA ROAD,,Minor Crash,No,2006,0,South,0,0,0,Flat,0,,0,,0,Bright sun,684000,2,0,0,1,0,0,0,0,1,,0,0,Auckland Region,Nil,Off road,Sealed,0,0,0,0,20,0,Off,0,0,,76,Auckland,Nil,0,0,0,0,0,0,Urban,0,0,0,Fine,Null
1414313,4926457,30635,,601603,0,0,0,1,1,South,2006/2007,BLUESKIN ROAD,PURAKANUI ROAD,,Minor Crash,No,2006,0,South,0,0,0,Flat,0,,0,,0,Bright sun,2863900,1,0,0,2,0,0,0,0,0,,0,0,Otago Region,Nil,2-way,Sealed,0,0,0,0,100,0,Null,0,0,,71,Dunedin City,Unknown,0,0,0,0,0,0,Open,0,0,0,Fine,Null
1900492,5560715,30636,,549602,0,0,0,1,0,South,2005/2006,PORANGAHAU ROAD,ARLINGTON ROAD,,Non-Injury Crash,No,2006,0,North,0,0,0,Flat,0,,0,,0,Overcast,1524600,0,0,0,2,0,0,0,0,0,,0,0,Hawke's Bay Region,Nil,2-way,Sealed,0,0,0,0,100,0,Null,0,0,,32,Central Hawke's Bay District,Nil,0,0,0,0,0,0,Open,0,0,0,Fine,Null
1690050,6095606,30637,,501615,0,,0,1,,East,2005/2006,WAKELIN ROAD,SH 10,,Serious Crash,No,2006,,East,,0,,Hill Road,,,,,,Dark,50202,0,0,0,1,,,0,,,1,,,Northland Region,Nil,2-way,Unsealed,,0,1,,100,,None,0,0,,1,Far North District,Nil,,,,,0,0,Open,0,,,Fine,Null
1789540,5564848,30638,,559230,0,,0,2,,East,2006/2007,WANGANUI ROAD,SH 3,,Serious Crash,No,2006,,West,,0,,Hill Road,,,,,,Overcast,1733800,2,0,0,2,,,0,,,,,,Manawatū-Whanganui Region,Nil,2-way,Sealed,,0,2,,100,,Null,0,0,,38,Rangitikei District,Nil,,,,,0,0,Open,0,,,Fine,Null
1770006,5915301,30639,,522711,0,,0,2,,Null,2005/2006,BUCKLANDS BEACH ROAD,CASUARINA ROAD,,Non-Injury Crash,No,2006,,North,,0,,Flat,,,,,,Bright sun,680801,0,0,0,2,,,0,,,,,,Auckland Region,Nil,2-way,Sealed,,0,0,,50,,Off,0,0,,76,Auckland,Stop,,,,,0,0,Urban,0,,,Fine,Null
1749722,5913895,30640,,511303,0,,0,2,,East,2005/2006,GREAT NORTH ROAD,TOTARA AVENUE,,Minor Crash,No,2006,,East,,0,,Flat,,,,,,Bright sun,267000,1,0,0,4,,,0,,,,,,Auckland Region,Nil,2-way,Sealed,,0,0,,50,,Off,0,0,,76,Auckland,Nil,,,,,0,0,Urban,0,,,Fine,Null
1757952,5913492,30641,,518600,0,,0,1,,Null,2006/2007,MOUNT ALBERT ROAD,CROWN ST,,Non-Injury Crash,No,2006,,East,,0,,Flat,,,,,,Overcast,567300,0,0,0,4,,,0,,,,,,Auckland Region,Nil,2-way,Sealed,,0,0,,50,,Off,1,0,,76,Auckland,Stop,,,,,0,0,Urban,0,,,Fine,Null
1765496,5908837,30642,,523403,0,0,0,1,0,South,2005/2006,SH 1N,PRINCES OBR,,Minor Crash,Yes,2006,0,North,0,0,0,Flat,1,Easter,0,,0,Dark,700100,4,0,0,3,0,0,0,0,0,,0,0,Auckland Region,Nil,2-way,Sealed,0,0,0,0,80,0,On,0,0,,76,Auckland,Nil,0,0,0,0,0,0,Open,0,0,0,Fine,Null
1759824,5436181,30643,,569100,0,,0,2,,Null,2005/2006,Z CPK WESTFIELD,QUEENS DRIVE/WATERLOO,,Minor Crash,No,2006,,North,,0,,Flat,,,,,,Bright sun,1968100,1,0,0,0,,,0,,,,,,Wellington Region,Nil,Off road,Sealed,,0,0,,50,,Null,0,0,,46,Lower Hutt City,Nil,,,,,0,0,Urban,0,,,Fine,Null
1885634,5825201,30644,,536832,0,,0,2,,North,2005/2006,MARANUI ST,YALE ST,,Non-Injury Crash,No,2006,,South,,0,,Flat,,,,,,Overcast,1204934,0,0,0,2,,,0,,,,,,Bay of Plenty Region,Nil,2-way,Sealed,,0,0,,50,,Null,0,0,,23,Tauranga City,Nil,,,,,0,0,Urban,0,,,Heavy rain,Null
1764342,5909414,30645,,521802,0,,0,1,,North,2006/2007,GREAT SOUTH ROAD,FORT RICHARD ROAD,,Non-Injury Crash,No,2006,,South,,0,,Flat,,,,,,Bright sun,788601,0,0,0,4,,,0,,,,,,Auckland Region,Nil,2-way,Sealed,,0,0,,50,,Off,0,0,,76,Auckland,Nil,,,,,1,0,Urban,1,,,Fine,Null
1756270,5936897,30646,,506903,0,,0,1,,South,2006/2007,DEEP CREEK ROAD,GLAMORGAN DRIVE,,Minor Crash,No,2006,,South,,0,,Flat,,,,,,Bright sun,165200,1,0,0,1,,,0,,,1,,,Auckland Region,Nil,2-way,Sealed,,0,0,,50,,Off,0,0,,76,Auckland,Nil,,,,,0,0,Urban,0,,,Fine,Null
1278509,4836536,30647,,610080,0,0,0,1,1,East,2006/2007,GREGORY ROAD,MATAURA ISLAND-FORTROSE R,,Minor Crash,No,2006,0,North,0,0,0,Hill Road,0,,0,,0,Twilight,3095400,1,0,0,2,0,0,0,0,0,,0,0,Southland Region,Nil,2-way,Unsealed,0,0,0,0,100,0,None,0,0,,73,Southland District,Unknown,0,0,0,0,0,0,Open,0,0,0,Fine,Null
1759074,5916658,30648,,519200,0,,0,2,,Null,2005/2006,GREAT SOUTH ROAD,MARKET ROAD,,Non-Injury Crash,No,2006,,West,,0,,Flat,,,,,,Dark,614200,0,0,0,2,,,0,,,,,,Auckland Region,Nil,2-way,Sealed,,0,0,,50,,On,0,0,,76,Auckland,Traffic Signals,,,,,0,0,Urban,0,,,Fine,Null
1839052,5784103,30649,55,535250,0,0,0,1,0,West,2006/2007,ARAPUNI ROAD,WAOTU ROAD,,Non-Injury Crash,No,2006,0,East,0,0,0,Flat,0,,0,,0,Overcast,1128102,0,0,0,2,0,0,0,1,0,,0,0,Waikato Region,Nil,2-way,Sealed,0,0,0,0,100,0,Null,0,0,,19,South Waikato District,Unknown,0,0,0,0,0,0,Open,0,0,0,Light rain,Null
1756111,5924527,30650,,509702,0,,0,2,,Null,2006/2007,ONEWA OFF NBD,ONEWA ROAD,,Non-Injury Crash,Yes,2006,,North,,0,,Flat,,,,,,Twilight,366700,0,0,0,2,,,0,,,,,,Auckland Region,Motorway ramp,1-way,Sealed,,0,0,,50,,On,0,0,,76,Auckland,Traffic Signals,,,,,0,0,Urban,0,,,Fine,Null
1756595,5927372,30651,,507900,0,,0,2,,Null,2005/2006,NORTHCOTE ROAD,THE AVENUE,,Minor Crash,No,2006,,North,,0,,Flat,,,,,,Bright sun,303502,1,0,0,6,,,0,,,,,,Auckland Region,Nil,2-way,Sealed,,0,0,,50,,Null,0,0,,76,Auckland,Give way,,,,,0,0,Urban,0,,,Fine,Null
1655481,6088286,30652,,500802,0,0,0,1,0,West,2006/2007,HOREKE ROAD,RANGIAHUA ROAD,,Serious Crash,No,2006,0,South,1,0,0,Flat,0,,0,,0,Bright sun,22000,0,0,0,2,0,0,0,0,0,,0,0,Northland Region,Nil,2-way,Sealed,0,0,1,0,100,0,None,0,0,,1,Far North District,Nil,0,0,0,0,0,0,Open,0,0,0,Fine,Null
1765245,5917153,30653,,517001,0,,0,1,,North,2006/2007,APIRANA AVENUE,OMARU LANE,,Non-Injury Crash,No,2006,,South,,0,,Flat,,,,,,Bright sun,475600,0,0,0,2,,,0,,,,,,Auckland Region,Nil,2-way,Sealed,,0,0,,50,,Off,1,0,,76,Auckland,Nil,,,,,0,0,Urban,0,,,Light rain,Null
1802405,5816002,30654,,530100,0,,0,1,,South,2005/2006,PEACHGROVE ROAD,BAINS AVENUE,,Non-Injury Crash,No,2006,,North,,0,,Flat,,,,,,Overcast,896100,0,0,0,2,,,0,,,,,,Waikato Region,Nil,2-way,Sealed,,0,0,,50,,Null,0,0,,16,Hamilton City,Nil,,,,,0,0,Urban,1,,,Light rain,Null
1756988,5920099,30655,,514102,0,,0,2,,Null,2006/2007,COOK ST,VINCENT ST,,Non-Injury Crash,No,2006,,East,,0,,Hill Road,,,,,,Overcast,434200,0,0,0,6,,,0,,,,,,Auckland Region,Nil,2-way,Sealed,,0,0,,50,,Off,0,0,,76,Auckland,Traffic Signals,,,,,0,0,Urban,0,,,Light rain,Null
1750048,5916472,30656,,514801,0,,0,2,,South,2006/2007,ROSEBANK ROAD,HONAN PLACE,,Non-Injury Crash,No,2006,,South,,0,,Flat,,,,,,Bright sun,389101,0,0,0,2,,,0,,,,,,Auckland Region,Nil,2-way,Sealed,,0,0,,50,,Off,0,0,,76,Auckland,Nil,,,,,0,0,Urban,0,,,Fine,Null
1930337,5599285,30657,,548822,0,,0,2,,South,2005/2006,MIDDLE ROAD,ENDSLEIGH ROAD,,Minor Crash,No,2006,,North,,0,,Flat,,,,,,Bright sun,1465901,1,0,0,2,,,0,,,,,,Hawke's Bay Region,Nil,2-way,Sealed,,0,0,,100,,Null,0,0,,30,Hastings District,Nil,,,,,0,0,Open,0,,,Fine,Null
1753130,5934016,30658,,508701,0,0,0,1,0,South,2006/2007,SH 1N,OTEHA VALLEY OBR,,Non-Injury Crash,Yes,2006,0,North,0,0,0,Hill Road,1,,0,,0,Overcast,178900,0,0,0,2,0,0,0,0,0,,0,0,Auckland Region,Nil,1-way,Sealed,0,0,0,0,100,0,Off,0,0,,76,Auckland,Nil,0,0,0,0,0,0,Open,0,0,0,Heavy rain,Null
1759795,5905902,30659,,524200,0,0,0,1,0,East,2005/2006,NAYLORS DRIVE,SHAH LANE N,,Non-Injury Crash,No,2006,0,South,0,0,0,Flat,0,,0,,0,Dark,728610,0,0,0,2,0,0,0,0,0,,0,0,Auckland Region,Nil,2-way,Sealed,0,0,0,0,50,0,On,1,0,,76,Auckland,Nil,0,0,0,0,0,0,Urban,0,1,0,Fine,Null
1766510,5913268,30660,,522920,0,,0,1,,West,2006/2007,PAKURANGA ROAD,TI RAKAU DRIVE,,Non-Injury Crash,No,2006,,East,,0,,Flat,,,,,,Bright sun,683900,0,0,0,2,,,0,,,,,,Auckland Region,Nil,2-way,Sealed,,0,0,,50,,Off,1,0,,76,Auckland,Traffic Signals,,,,,0,0,Urban,0,,,Null,Null
1761246,5438015,30661,,569402,0,,0,1,,Null,2005/2006,GROUNSELL CRESCENT,PARK ROAD,,Non-Injury Crash,No,2006,,North,,0,,Hill Road,,,,,,Dark,1918903,0,0,0,2,,,0,,,,,,Wellington Region,Nil,2-way,Sealed,,0,0,,50,,On,1,0,,46,Lower Hutt City,Stop,,,,,0,0,Urban,0,,,Light rain,Null
1762648,5908119,30662,,524530,0,,0,1,,West,2006/2007,VINE ST,CLEEK ROAD,,Minor Crash,No,2006,,East,,0,,Flat,,,,,,Overcast,732500,1,0,0,2,,,0,,,1,,,Auckland Region,Nil,2-way,Sealed,,0,0,,50,,Off,0,0,,76,Auckland,Nil,,,,,0,0,Urban,0,,,Fine,Null
1749430,5913916,30663,,511302,0,,1,1,,Null,2006/2007,RATA ST,GREAT NORTH ROAD,,Non-Injury Crash,No,2006,,West,,0,,Flat,,,,,,Overcast,268900,0,0,0,4,,,0,,,,,,Auckland Region,Nil,2-way,Sealed,,0,0,,50,,Off,0,0,,76,Auckland,Traffic Signals,,,,,0,0,Urban,0,,,Fine,Null
1889240,5820815,30664,,536203,0,,0,1,,South,2006/2007,SH 2,DOMAIN ROAD,,Non-Injury Crash,Yes,2006,,South,,0,,Flat,,,,,,Overcast,1206856,0,0,0,2,,,0,,,,,,Bay of Plenty Region,Nil,2-way,Sealed,,0,0,,100,,Null,0,0,50,23,Tauranga City,Give way,,,,,1,0,Open,0,,,Fine,Null
1797970,5816018,30665,,528501,0,,0,2,,Null,2006/2007,ELLICOTT ROAD,MAGNOLIA CRESCENT,,Non-Injury Crash,No,2006,,North,,0,,Hill Road,,,,,,Overcast,905200,0,0,0,3,,,0,,,,,,Waikato Region,Nil,2-way,Sealed,,0,0,,50,,Off,0,0,,16,Hamilton City,Give way,,,,,0,0,Urban,0,,,Light rain,Null
1767099,5905541,30666,,522400,0,,0,2,,North,2006/2007,GREAT SOUTH ROAD,REAGAN ROAD,,Non-Injury Crash,No,2006,,South,,0,,Flat,,,,,,Bright sun,671200,0,0,0,4,,,0,,,,,,Auckland Region,Nil,2-way,Sealed,,0,0,,50,,Off,0,0,,76,Auckland,Nil,,,,,0,0,Urban,0,,,Fine,Null
1449861,5022188,30667,,600826,0,0,0,1,0,South,2005/2006,SH 1S,MCPHERSON ROAD,,Serious Crash,Yes,2006,0,South,0,0,0,Flat,0,,0,,0,Bright sun,2827100,1,0,0,2,0,0,0,0,0,,0,1,Otago Region,Nil,2-way,Sealed,0,0,1,0,100,0,Null,0,0,,68,Waitaki District,Unknown,0,0,0,0,0,0,Open,0,0,0,Fine,Null
1765950,5904798,30668,,524603,0,,0,2,,South,2006/2007,GRAYSON AVENUE,BRETT AVENUE,,Non-Injury Crash,No,2006,,North,,0,,Flat,,,,,,Bright sun,674600,0,0,0,2,,,0,,,,,,Auckland Region,Nil,2-way,Sealed,,0,0,,50,,Off,0,0,,76,Auckland,Nil,,,,,0,0,Urban,0,,,Fine,Null
1764010,5904232,30669,,524604,0,,0,1,,South,2005/2006,PUHINUI LINK ROSCOMMON,SH 20B,,Non-Injury Crash,Yes,2006,,North,,0,,Flat,,,,,,Overcast,781100,0,0,0,2,,,0,,,,,,Auckland Region,Motorway ramp,1-way,Sealed,,0,0,,50,,Null,0,0,,76,Auckland,Nil,,,,,0,0,Urban,0,,,Light rain,Null
1773329,5890348,30670,,521301,0,0,0,0,1,South,2006/2007,SH 1N,DRURY ON SBD,,Non-Injury Crash,Yes,2006,0,South,0,0,0,Flat,0,,0,,0,Dark,809004,0,0,0,4,0,0,0,0,0,,0,0,Auckland Region,Nil,2-way,Sealed,0,0,0,0,100,0,On,1,0,,76,Auckland,Nil,0,0,0,0,0,0,Open,0,0,0,Fine,Null
1761508,5912432,30671,,519500,0,0,0,2,0,South,2006/2007,NEILSON ST,CHURCH ST,,Non-Injury Crash,No,2006,0,North,0,0,0,Flat,0,,0,,0,Bright sun,622300,0,0,0,4,0,0,0,0,0,,0,0,Auckland Region,Nil,2-way,Sealed,0,0,0,0,50,0,Off,0,0,,76,Auckland,Nil,0,0,0,0,0,0,Urban,0,1,0,Fine,Null
1745378,5920378,30672,,513301,0,,0,1,,Null,2005/2006,LINCOLN ROAD,CENTRAL PARK DRIVE,,Non-Injury Crash,No,2006,,West,,0,,Flat,,,,,,Overcast,230302,0,0,0,2,,,0,,,,,,Auckland Region,Nil,2-way,Sealed,,0,0,,50,,Off,0,0,,76,Auckland,Traffic Signals,,,,,1,0,Urban,0,,,Light rain,Null
1766594,5869688,30673,,526701,0,,0,2,,West,2005/2006,TUAKAU BRIDGE-PORT WAIKAT,FROST ROAD,,Serious Crash,No,2006,,West,,0,,Flat,,Christmas New Year,,,,Bright sun,845500,0,0,0,2,,,0,,,,,,Waikato Region,Nil,2-way,Sealed,,0,1,,100,,None,0,0,,13,Waikato District,Nil,,,,,0,0,Open,0,,,Fine,Null
1788192,5857179,30674,,527210,0,0,0,1,0,North,2006/2007,SH 1N,TE KAUWHATA ROAD,,Non-Injury Crash,Yes,2006,0,South,0,0,0,Flat,1,,0,,0,Overcast,936001,0,0,0,3,0,0,0,0,0,,0,0,Waikato Region,Nil,2-way,Sealed,0,0,0,0,100,0,Null,0,0,50,13,Waikato District,Unknown,0,0,0,0,0,0,Open,0,0,0,Light rain,Null
1748610,5424665,30675,,576301,0,0,0,1,0,South,2005/2006,ADELAIDE ROAD,TORQUAY TERRACE,,Non-Injury Crash,No,2006,0,North,0,0,0,Flat,0,,0,,0,Dark,2164400,0,0,0,2,0,0,0,0,1,,0,0,Wellington Region,Nil,2-way,Sealed,0,0,0,0,50,0,On,0,0,,47,Wellington City,Nil,0,0,0,0,0,0,Urban,1,0,0,Fine,Null
1758401,5920132,30676,,515902,0,,0,3,,South,2005/2006,PARNELL RISE,CARLAW PARK AVENUE,,Minor Crash,No,2006,,North,,0,,Hill Road,,,,,,Dark,452200,1,0,0,4,,,0,,,,,,Auckland Region,Nil,2-way,Sealed,,0,0,,50,,On,0,0,,76,Auckland,Traffic Signals,,,,,0,0,Urban,1,,,Fine,Null
1765076,5906721,30677,,522201,0,0,0,1,0,North,2006/2007,RANGITOTO ROAD,WESTON AVENUE,,Non-Injury Crash,No,2006,0,East,0,0,0,Flat,0,,0,,0,Bright sun,662500,0,0,0,2,0,0,0,0,1,,0,0,Auckland Region,Nil,2-way,Sealed,0,0,0,0,50,0,Off,0,0,,76,Auckland,Nil,0,0,0,0,1,0,Urban,0,0,0,Fine,Null
1758136,5920027,30678,,514301,0,,0,2,,Null,2006/2007,SH 16,ALTEN ROAD,,Non-Injury Crash,Yes,2006,,North,,0,,Hill Road,,,,,,Dark,440300,0,0,0,5,,,0,,,,,,Auckland Region,Nil,2-way,Sealed,,0,0,,50,,On,0,0,,76,Auckland,Traffic Signals,,,,,0,0,Urban,0,,,Fine,Null
1822269,5529253,30679,,562800,0,0,0,1,0,Null,2005/2006,FERGUSON ST,OXFORD ST,,Non-Injury Crash,No,2006,0,South,0,0,0,Flat,0,,0,,0,Dark,1829500,0,0,0,4,0,0,0,0,0,,0,1,Manawatū-Whanganui Region,Nil,2-way,Sealed,0,0,0,0,50,0,On,0,0,,40,Palmerston North City,Nil,1,1,0,0,0,0,Urban,0,0,0,Light rain,Null
1936562,5619123,30680,,546600,0,0,0,1,0,South,2005/2006,CHAMBERS ST,ELLISON ST,,Non-Injury Crash,No,2006,0,North,0,0,0,Flat,0,,0,,0,Dark,1434700,0,0,0,2,0,0,0,0,1,,0,0,Hawke's Bay Region,Nil,2-way,Sealed,0,0,0,0,50,0,On,1,0,,31,Napier City,Nil,1,1,0,0,0,0,Urban,0,0,0,Fine,Null
1762401,5800373,30681,,526602,0,,0,0,,South,2005/2006,TE PAPATAPU ROAD,PHILLIPS ROAD,,Minor Crash,No,2006,,South,,0,,Hill Road,,,,,,Overcast,861900,1,0,0,2,,,0,,,,,,Waikato Region,Nil,2-way,Unsealed,,0,0,,100,,Null,0,0,,13,Waikato District,Unknown,,,,,1,0,Open,1,,,Fine,Null
1756803,5919471,30682,,514102,0,,0,2,,West,2006/2007,KARANGAHAPE ROAD,PITT ST,,Non-Injury Crash,No,2006,,East,,0,,Flat,,,,,,Bright sun,435604,0,0,0,2,,,0,,,,,,Auckland Region,Nil,2-way,Sealed,,0,0,,50,,Off,0,0,,76,Auckland,Traffic Signals,,,,,0,0,Urban,0,,,Fine,Null
1759780,5435366,30683,,569100,0,,0,1,,Null,2005/2006,LUDLAM CRESCENT,BELLEVUE ROAD,,Non-Injury Crash,No,2006,,West,,0,,Flat,,,,,,Bright sun,1970600,0,0,0,2,,,0,,,,,,Wellington Region,Nil,2-way,Sealed,,0,0,,50,,Null,0,0,,46,Lower Hutt City,Give way,,,,,0,0,Urban,1,,,Fine,Null
1763419,5909192,30684,,521901,0,,0,2,,Null,2006/2007,WALMSLEY ROAD,HANS ST,,Non-Injury Crash,No,2006,,North,,0,,Flat,,,,,,Bright sun,783300,0,0,0,2,,,0,,,,,,Auckland Region,Nil,2-way,Sealed,,0,0,,50,,Off,0,0,,76,Auckland,Nil,,,,,0,0,Urban,0,,,Fine,Null
1893332,5812749,30685,,538502,0,,0,2,,East,2006/2007,JELLICOE ST,KING ST,,Non-Injury Crash,No,2006,,East,,0,,Flat,,,,,,Overcast,1215500,0,0,0,2,,,0,,,,,,Bay of Plenty Region,Nil,2-way,Sealed,,0,0,,50,,Off,0,0,,22,Western Bay of Plenty District,Nil,,,,,1,0,Urban,0,,,Fine,Null
1751119,5913919,30686,,514402,0,,0,1,,Null,2006/2007,WOLVERTON ST,ST GEORGES ROAD,,Non-Injury Crash,No,2006,,East,,0,,Flat,,,,,,Dark,379402,0,0,0,3,,,0,,,,,,Auckland Region,Nil,2-way,Sealed,,0,0,,50,,On,1,0,,76,Auckland,Traffic Signals,,,,,0,0,Urban,0,,,Light rain,Null
1821106,5523885,30687,50,561820,0,0,0,1,1,North,2005/2006,TENNENT DRIVE,SH 57,,Minor Crash,No,2006,0,South,0,0,0,Flat,0,,0,,0,Dark,1798512,2,0,0,2,0,0,0,0,0,,0,0,Manawatū-Whanganui Region,Nil,2-way,Sealed,0,0,0,0,100,0,None,0,0,,40,Palmerston North City,Nil,0,0,0,0,0,0,Open,0,0,0,Fine,Null
1772678,5874543,30688,,526200,0,,0,1,,Null,2006/2007,MADILL ROAD,ST STEPHENS AVENUE,,Non-Injury Crash,No,2006,,East,,0,,Flat,,,,,,Overcast,839200,0,0,0,2,,,0,,,,,,Waikato Region,Nil,2-way,Sealed,,0,0,,50,,Off,0,0,,13,Waikato District,Nil,,,,,1,0,Urban,0,,,Mist or Fog,Null
1756108,5923767,30689,,509800,0,0,0,1,0,South,2006/2007,SH 1N,ONEWA OBR,,Non-Injury Crash,Yes,2006,0,South,0,0,0,Hill Road,1,,0,,0,Overcast,358800,0,0,0,4,0,0,0,0,0,,0,0,Auckland Region,Bridge,1-way,Sealed,0,0,0,0,80,0,Off,0,0,,76,Auckland,Nil,0,0,0,0,0,0,Open,0,0,0,Heavy rain,Null
1755284,5913518,30690,,518803,1,,0,1,,Null,2006/2007,SOMERSET ROAD,BRISTOL ROAD,,Minor Crash,No,2006,,North,,0,,Flat,,,,,,Overcast,582700,1,0,0,2,,,0,,,,,,Auckland Region,Nil,2-way,Sealed,,0,0,,50,,Off,0,0,,76,Auckland,Give way,,,,,0,0,Urban,0,,,Light rain,Null
1749169,5426406,30691,,573300,0,,0,1,,Null,2006/2007,SH 1N,ELLICE ST,,Non-Injury Crash,Yes,2006,,South,,0,,Flat,,,,,,Dark,2145602,0,0,0,4,,,0,,,,,,Wellington Region,Nil,1-way,Sealed,,0,0,,50,,On,0,0,,47,Wellington City,Give way,,,,,0,0,Urban,1,,,Fine,Null
1567360,5180805,30692,,589500,0,,0,1,,East,2005/2006,KOTARE ST,KAHU ROAD,,Minor Crash,No,2006,,East,,0,,Flat,,,,,,Overcast,2544900,1,0,0,2,,,0,,,,,,Canterbury Region,Nil,2-way,Sealed,,0,0,,50,,Null,1,0,,60,Christchurch City,Nil,,,,,0,0,Urban,0,,,Heavy rain,Null