X,Y,OBJECTID,advisorySpeed,areaUnitID,bicycle,bridge,bus,carStationWagon,cliffBank,crashDirectionDescription,crashFinancialYear,crashLocation1,crashLocation2,crashRoadSideRoad,crashSeverity,crashSHDescription,crashYear,debris,directionRoleDescription,ditch,fatalCount,fence,flatHill,guardRail,holiday,houseOrBuilding,intersection,kerb,light,meshblockId,minorInjuryCount,moped,motorcycle,NumberOfLanes,objectThrownOrDropped,otherObject,otherVehicleType,overBank,parkedVehicle,pedestrian,phoneBoxEtc,postOrPole,region,roadCharacter,roadLane,roadSurface,roadworks,schoolBus,seriousInjuryCount,slipOrFlood,speedLimit,strayAnimal,streetLight,suv,taxi,temporarySpeedLimit,tlaId,tlaName,trafficControl,trafficIsland,trafficSign,train,tree,truck,unknownVehicleType,urban,vanOrUtility,vehicle,waterRiver,weatherA,weatherB
1923482,5737691,30693,,542700,0,0,0,2,0,North,2006/2007,OREGON DRIVE,RIMU ROAD,,Non-Injury Crash,No,2006,0,West,0,0,0,Flat,0,,0,,0,Bright sun,1326500,0,0,0,2,0,0,0,0,0,,0,0,Bay of Plenty Region,Nil,2-way,Sealed,0,0,0,0,50,0,None,0,0,,25,Whakatane District,Nil,0,0,0,0,0,0,Urban,0,1,0,Fine,Null
1747842,5916008,30694,,511602,0,,0,2,,South,2006/2007,CULPERRY ROAD,HEPBURN ROAD,,Non-Injury Crash,No,2006,,North,,0,,Flat,,,,,,Overcast,273500,0,0,0,2,,,0,,,,,,Auckland Region,Nil,2-way,Sealed,,0,0,,50,,Off,0,0,,76,Auckland,Nil,,,,,0,0,Urban,0,,,Fine,Null
1805941,5557707,30695,,559230,0,,0,2,,North,2005/2006,SH 1N,MAKIRIKIRI ROAD,,Non-Injury Crash,Yes,2006,,North,,0,,Flat,,Christmas New Year,,,,Overcast,1731700,0,0,0,2,,,0,,,,,,Manawatū-Whanganui Region,Nil,2-way,Sealed,,0,0,,100,,Null,0,0,,38,Rangitikei District,Nil,,,,,0,0,Open,0,,,Heavy rain,Strong wind
1845213,5732958,30696,,541320,0,0,0,1,1,East,2005/2006,POIHIPI ROAD,SH 32,,Minor Crash,No,2006,0,East,0,0,0,Hill Road,0,,0,,0,Dark,1293200,1,0,0,2,0,0,0,0,0,,0,0,Waikato Region,Nil,2-way,Sealed,0,0,0,0,100,0,None,0,0,,21,Taupo District,Unknown,0,0,0,0,0,0,Open,0,0,0,Fine,Null
1766108,5441444,30697,,568102,0,,0,0,,South,2005/2006,EASTERN HUTT ROAD,STOKES VALLEY ROAD,,Non-Injury Crash,No,2006,,North,,0,,Flat,,,,,,Dark,1930800,0,0,0,2,,,0,,,,,,Wellington Region,Nil,2-way,Sealed,,0,0,,80,,On,1,0,,46,Lower Hutt City,Nil,,,,,0,0,Open,1,,,Fine,Null
1789292,5829935,30698,,528200,0,,0,0,,Null,2006/2007,OLD TAUPIRI ROAD,NGAERE ST,,Non-Injury Crash,No,2006,,South,,0,,Flat,,,,,,Dark,859100,0,0,0,2,,,0,,,,,,Waikato Region,Nil,2-way,Sealed,,0,0,,50,,On,0,0,,13,Waikato District,Nil,,,,,0,0,Urban,1,,,Heavy rain,Null
1751203,5930890,30699,,508806,0,,0,1,,East,2006/2007,SCHNAPPER ROCK ROAD,KITTIWAKE DRIVE,,Non-Injury Crash,No,2006,,West,,0,,Flat,,,,,,Bright sun,180105,0,0,0,2,,,0,,,,,,Auckland Region,Nil,2-way,Sealed,,0,0,,70,,Off,0,0,,76,Auckland,Nil,,,,,0,0,Urban,1,,,Fine,Null
1744997,5916250,30700,,510800,0,,0,2,,South,2006/2007,HENDERSON VALLEY ROAD,WOODRUFFE AVENUE,,Minor Crash,No,2006,,North,,0,,Flat,,,,,,Dark,242501,2,0,0,2,,,0,,,,,,Auckland Region,Nil,2-way,Sealed,,0,0,,50,,Off,0,0,,76,Auckland,Nil,,,,,0,0,Urban,0,,,Light rain,Null
1754282,5918337,30701,,515431,0,0,0,1,0,East,2005/2006,SH 16,ST LUKES OBR,,Non-Injury Crash,Yes,2006,0,East,0,0,0,Flat,0,,0,,0,Dark,406201,0,0,0,3,0,0,0,0,0,,0,1,Auckland Region,Nil,1-way,Sealed,0,0,0,0,100,0,On,0,0,,76,Auckland,Nil,0,0,0,0,0,0,Open,0,0,0,Fine,Null
1759475,5908195,30702,,524121,0,0,0,1,0,South,2005/2006,BADER DRIVE,VENTURA ST,,Non-Injury Crash,No,2006,0,South,0,0,0,Flat,0,,0,,0,Overcast,737301,0,0,0,2,0,0,0,0,1,,0,0,Auckland Region,Nil,2-way,Sealed,0,0,0,0,50,0,Off,1,0,,76,Auckland,Nil,0,0,0,0,0,0,Urban,0,0,0,Fine,Null
1769496,5914637,30703,,522723,0,0,0,1,0,Null,2005/2006,PIGEON MOUNTAIN ROAD,PAKURANGA ROAD,,Non-Injury Crash,No,2006,0,West,0,0,1,Flat,0,,0,,0,Dark,681304,0,0,0,2,0,0,0,0,0,,0,0,Auckland Region,Nil,2-way,Sealed,0,0,0,0,50,0,On,0,0,,76,Auckland,Traffic Signals,0,0,0,0,0,0,Urban,0,0,0,Fine,Null
1790102,5853970,30704,,527210,0,,0,0,,North,2005/2006,SH 1N,ARMITAGE ROAD N,,Non-Injury Crash,Yes,2006,,North,,0,,Flat,,,,,,Overcast,939000,0,0,0,4,,,0,,,,,,Waikato Region,Nil,2-way,Sealed,,0,0,,100,,Null,1,0,,13,Waikato District,Unknown,,,,,0,0,Open,0,,,Fine,Strong wind
1759255,5916669,30705,,516001,0,,0,2,,South,2006/2007,SH 1N,MARKET OBR,,Non-Injury Crash,Yes,2006,,North,,0,,Flat,,,,,,Bright sun,491700,0,0,0,4,,,0,,,,,,Auckland Region,Nil,1-way,Sealed,,0,0,,100,,Off,0,0,,76,Auckland,Nil,,,,,0,0,Open,0,,,Fine,Null
1878518,5822481,30706,,538102,1,,0,1,,Null,2005/2006,THIRTEENTH AVENUE,DEVONPORT ROAD,,Minor Crash,No,2006,,North,,0,,Flat,,,,,,Bright sun,1167200,1,0,0,2,,,0,,,,,,Bay of Plenty Region,Nil,2-way,Sealed,,0,0,,50,,Null,0,0,,23,Tauranga City,Give way,,,,,0,0,Urban,0,,,Fine,Null
1749533,5911964,30707,,511402,0,,0,2,,Null,2005/2006,GOLF ROAD,MASON ST,,Non-Injury Crash,No,2006,,East,,0,,Flat,,,,,,Twilight,261300,0,0,0,2,,,0,,,,,,Auckland Region,Nil,2-way,Sealed,,0,0,,50,,On,0,0,,76,Auckland,Give way,,,,,0,0,Urban,0,,,Fine,Null
1911155,5584532,30708,,549200,0,0,0,1,0,North,2005/2006,SH 2,COLLEGE ROAD,,Non-Injury Crash,Yes,2006,0,South,1,0,0,Flat,0,,0,,0,Bright sun,1511000,0,0,0,2,0,0,0,0,0,,0,0,Hawke's Bay Region,Nil,2-way,Sealed,0,0,0,0,100,0,Null,0,0,,32,Central Hawke's Bay District,Nil,0,0,0,0,0,0,Open,0,0,0,Fine,Null
1756335,5919057,30709,,515500,0,,0,2,,South,2005/2006,NEWTON OFF EBD,NEWTON ROAD,,Non-Injury Crash,Yes,2006,,North,,0,,Flat,,,,,,Twilight,417600,0,0,0,2,,,0,,,,,,Auckland Region,Motorway ramp,1-way,Sealed,,0,0,,50,,Off,0,0,,76,Auckland,Unknown,,,,,0,0,Urban,0,,,Fine,Null
1405936,4916400,30710,,603000,0,,0,0,,East,2006/2007,HIGH ST,CLARK ST,,Minor Crash,No,2006,,East,,0,,Hill Road,,,,,,Dark,2899500,1,1,0,1,,,0,,,,,,Otago Region,Nil,1-way,Sealed,,0,0,,50,,On,0,0,,71,Dunedin City,Unknown,,,,,0,0,Urban,0,,,Null,Frost
1762955,5907755,30711,,524301,0,,0,3,,Null,2006/2007,MASSEY ROAD,TENNESSEE AVENUE,,Non-Injury Crash,No,2006,,North,,0,,Flat,,,,,,Overcast,747401,0,0,0,2,,,0,,,,,,Auckland Region,Nil,2-way,Sealed,,0,0,,50,,Null,0,0,,76,Auckland,Give way,,,,,0,0,Urban,0,,,Light rain,Null
1770719,5914623,30712,,521601,1,,0,1,,West,2005/2006,PAKURANGA ROAD,THE LINK,,Serious Crash,No,2006,,West,,0,,Hill Road,,,,,,Bright sun,645400,0,0,0,4,,,0,,,,,,Auckland Region,Nil,2-way,Sealed,,0,1,,60,,Off,0,0,,76,Auckland,Nil,,,,,0,0,Urban,0,,,Fine,Null
1764995,5916801,30713,,517201,0,,0,1,,Null,2006/2007,FELTON MATHEW AVENUE,MERTON ROAD,,Non-Injury Crash,No,2006,,North,,0,,Flat,,,,,,Bright sun,464000,0,0,0,2,,,0,,,,,,Auckland Region,Nil,2-way,Sealed,,0,0,,50,,Off,0,0,,76,Auckland,Give way,,,,,1,0,Urban,0,,,Fine,Null
1757354,5920352,30714,,514102,0,0,0,2,0,West,2006/2007,DARBY ST,QUEEN ST,,Non-Injury Crash,No,2006,0,East,0,0,0,Flat,0,Christmas New Year,0,,0,Twilight,434000,0,0,0,1,0,0,0,0,1,,0,0,Auckland Region,Nil,1-way,Sealed,0,0,0,0,50,0,On,0,0,,76,Auckland,Nil,0,0,0,0,0,0,Urban,0,0,0,Fine,Null
1768734,5911616,30715,,523107,0,,0,2,,Null,2005/2006,TI RAKAU DRIVE,BURSWOOD DRIVE W,,Non-Injury Crash,No,2006,,East,,0,,Flat,,,,,,Bright sun,711408,0,0,0,6,,,0,,,,,,Auckland Region,Nil,2-way,Sealed,,0,0,,60,,Off,0,0,,76,Auckland,Traffic Signals,,,,,0,0,Urban,0,,,Fine,Null
1771947,5895176,30716,,525530,0,,0,1,,East,2005/2006,BEACH ROAD,ELLIOT ST,,Non-Injury Crash,No,2006,,East,,0,,Flat,,,,,,Bright sun,804801,0,0,0,2,,,0,,,,,,Auckland Region,Nil,2-way,Sealed,,0,0,,50,,Off,0,0,,76,Auckland,Nil,,,,,1,0,Urban,0,,,Fine,Null
1752551,5972512,30717,,506661,0,0,0,1,1,South,2006/2007,SHARP ROAD,MATAKANA ROAD,,Non-Injury Crash,No,2006,0,East,0,0,0,Hill Road,0,Labour Weekend,0,,0,Overcast,139304,0,0,0,2,0,0,0,0,0,,0,0,Auckland Region,Nil,2-way,Sealed,0,0,0,0,100,0,None,0,0,,76,Auckland,Nil,0,0,0,0,0,0,Open,0,0,0,Light rain,Null
1763273,5915030,30718,,520302,0,,0,1,,North,2006/2007,HARRIS ROAD,ELLERSLIE-PANMURE HIGHWAY,,Serious Crash,No,2006,,South,,0,,Flat,,,,,,Bright sun,626101,0,0,0,2,,,0,,,1,,,Auckland Region,Nil,2-way,Sealed,,0,1,,50,,Null,0,0,,76,Auckland,Unknown,,,,,0,0,Urban,0,,,Fine,Null
1749956,5946079,30719,,506001,0,,0,2,,Null,2005/2006,HIBISCUS COAST HIGHWAY,TAVERN ROAD,,Non-Injury Crash,No,2006,,South,,0,,Hill Road,,,,,,Bright sun,175501,0,0,0,5,,,0,,,,,,Auckland Region,Nil,2-way,Sealed,,0,0,,80,,Off,0,0,,76,Auckland,Give way,,,,,1,0,Open,0,,,Fine,Null
1924400,5776779,30720,,542600,0,0,0,1,0,West,2006/2007,RIVER ROAD,COBHAM DRIVE,,Non-Injury Crash,No,2006,0,West,0,0,1,Hill Road,0,,0,,0,Dark,1319600,0,0,0,2,0,0,0,0,0,,0,1,Bay of Plenty Region,Nil,2-way,Sealed,0,0,0,0,50,0,On,0,0,,26,Kawerau District,Nil,0,0,0,0,0,0,Urban,0,0,0,Light rain,Null
1800737,5813023,30721,,529100,0,,0,2,,Null,2006/2007,SH 3,SH 1N,,Non-Injury Crash,Yes,2006,,East,,0,,Flat,,,,,,Dark,930500,0,0,0,4,,,0,,,,,,Waikato Region,Nil,2-way,Sealed,,0,0,,50,,On,1,0,,16,Hamilton City,Traffic Signals,,,,,0,0,Urban,0,,,Fine,Null
1753785,5936751,30722,,506901,0,,0,2,,North,2005/2006,GLENVAR ROAD,EAST COAST ROAD,,Non-Injury Crash,No,2006,,South,,0,,Hill Road,,,,,,Overcast,166404,0,0,0,2,,,0,,,,,,Auckland Region,Nil,2-way,Sealed,,0,0,,50,,Off,0,0,,76,Auckland,Give way,,,,,0,0,Urban,0,,,Fine,Null
1791431,5446658,30723,25,579803,0,1,0,1,0,Null,2006/2007,SH 2,RIMUTAKA NO5 BR,,Non-Injury Crash,Yes,2006,0,West,0,0,0,Hill Road,1,,0,,0,Dark,2272601,0,0,0,2,0,0,0,0,0,,0,0,Wellington Region,Nil,2-way,Sealed,0,0,0,0,100,0,None,0,0,,50,South Wairarapa District,Nil,0,0,0,0,0,0,Open,0,0,0,Heavy rain,Null
1769053,5469640,30724,,566000,0,,0,2,,Null,2005/2006,TUTANEKAI ST,ARAWHATA ROAD,,Non-Injury Crash,No,2006,,North,,0,,Flat,,,,,,Overcast,2000000,0,0,0,2,,,0,,,,,,Wellington Region,Nil,2-way,Sealed,,0,0,,50,,Null,0,0,,43,Kapiti Coast District,Give way,,,,,0,0,Urban,0,,,Fine,Null
1878096,5778889,30725,,538863,0,0,0,1,0,West,2005/2006,PARADISE VALLEY ROAD,SH 5,,Minor Crash,No,2006,0,West,0,0,0,Flat,0,,0,,0,Dark,1265001,1,0,0,2,0,0,0,0,0,,0,1,Bay of Plenty Region,Nil,2-way,Sealed,0,0,0,0,100,0,None,0,0,,24,Rotorua District,Nil,0,0,0,0,0,0,Open,0,0,0,Fine,Null
1857678,5839567,30726,,535800,0,0,0,1,0,South,2005/2006,SH 2,JOCELYN ST,,Non-Injury Crash,Yes,2006,0,South,0,0,0,Flat,0,,1,,1,Bright sun,1183502,0,0,0,2,0,0,0,0,0,,0,0,Bay of Plenty Region,Nil,2-way,Sealed,0,0,0,0,50,0,Null,0,0,,22,Western Bay of Plenty District,Unknown,0,0,0,0,0,0,Urban,0,0,0,Fine,Null
1754662,5918322,30727,,517600,0,0,0,1,0,East,2006/2007,SH 16,ST LUKES OFF WBD,,Non-Injury Crash,Yes,2006,0,West,0,0,0,Flat,1,,0,,0,Bright sun,533100,0,0,0,3,0,0,0,0,0,,0,0,Auckland Region,Nil,1-way,Sealed,0,0,0,0,80,0,Off,0,0,,76,Auckland,Nil,0,0,0,0,0,0,Open,0,0,0,Fine,Null
1744381,5927951,30728,,513410,0,,0,1,,South,2005/2006,TOTARA ROAD,MCKEAN ROAD,,Minor Crash,No,2006,,North,,0,,Flat,,,,,,Bright sun,219700,2,0,0,1,,,0,,,2,,,Auckland Region,Nil,1-way,Sealed,,0,0,,80,,Off,0,0,30,76,Auckland,School Patrol/warden,,,,,0,0,Open,0,,,Fine,Null
1765180,5904856,30729,,522400,0,0,0,1,0,North,2005/2006,CAMBRIDGE TERRACE,PUHINUI ROAD,,Minor Crash,No,2006,0,North,0,0,0,Flat,0,Christmas New Year,0,,0,Dark,673302,1,0,0,2,0,0,0,0,0,,0,0,Auckland Region,Nil,2-way,Sealed,0,0,0,0,50,0,Off,0,0,,76,Auckland,Nil,1,0,0,0,0,0,Urban,0,0,0,Fine,Null
1766165,5900857,30730,,524711,0,0,0,1,0,North,2006/2007,PALLANT ST,SMEDLEY ST,,Non-Injury Crash,No,2006,0,North,0,0,0,Flat,0,,0,,0,Dark,774601,0,0,0,1,0,0,0,0,0,,0,1,Auckland Region,Nil,2-way,Sealed,0,0,0,0,50,0,On,0,0,,76,Auckland,Nil,0,0,0,0,0,0,Urban,0,0,0,Light rain,Null
1801549,5815255,30731,,530200,0,0,0,3,0,South,2005/2006,MEMORIAL DRIVE,RIVER ROAD,,Minor Crash,No,2006,0,South,0,0,0,Flat,0,,0,,0,Bright sun,894700,1,0,0,2,0,0,0,0,2,,0,0,Waikato Region,Nil,2-way,Sealed,0,0,0,0,50,0,Null,0,0,,16,Hamilton City,Unknown,1,0,0,0,0,0,Urban,0,0,0,Fine,Null
1375992,5206105,30732,,585322,0,0,0,0,1,West,2006/2007,FORKS-OKARITO ROAD,SH 6,,Minor Crash,No,2006,0,East,0,0,0,Flat,0,,0,,0,Dark,2418203,1,0,0,2,0,0,0,0,0,,0,0,West Coast Region,Nil,2-way,Sealed,0,0,0,0,100,0,None,1,0,,57,Westland District,Unknown,0,0,0,0,0,0,Open,0,0,0,Heavy rain,Null
1764286,5914944,30733,,520303,0,,0,2,,West,2006/2007,ELLERSLIE-PANMURE HIGHWAY,MOUNTAIN ROAD,,Non-Injury Crash,No,2006,,East,,0,,Flat,,,,,,Bright sun,627500,0,0,0,3,,,0,,,,,,Auckland Region,Nil,2-way,Sealed,,0,0,,50,,None,0,0,,76,Auckland,Nil,,,,,0,0,Urban,0,,,Fine,Null
1752405,5918006,30734,,515003,0,,0,2,,Null,2005/2006,SH 16,CARRINGTON OBR,,Minor Crash,Yes,2006,,West,,0,,Flat,,,,,,Dark,391602,1,0,0,4,,,0,,,,,,Auckland Region,Motorway ramp,1-way,Sealed,,0,0,,100,,On,0,0,,76,Auckland,Nil,,,,,0,0,Open,0,,,Fine,Null
1762378,5905833,30735,,524200,0,,0,2,,South,2006/2007,TIDAL ROAD,GEE PLACE,,Non-Injury Crash,No,2006,,South,,0,,Flat,,,,,,Overcast,728900,0,0,0,2,,,0,,,,,,Auckland Region,Nil,2-way,Sealed,,0,0,,50,,Null,0,0,,76,Auckland,Unknown,,,,,0,0,Urban,0,,,Null,Strong wind
1804524,5896269,30736,,521136,0,,0,0,,South,2006/2007,EAST COAST ROAD,PUKEKERERU LANE,,Minor Crash,No,2006,,North,,0,,Flat,,Christmas New Year,,,,Bright sun,840603,1,0,1,2,,,0,,,,,,Waikato Region,Nil,2-way,Sealed,,0,0,,100,,None,0,0,,12,Hauraki District,Nil,,,,,0,0,Open,0,,,Fine,Null
1770475,5911282,30737,,523106,0,,0,2,,West,2005/2006,TI RAKAU DRIVE,CHAPEL ROAD,,Non-Injury Crash,No,2006,,East,,0,,Flat,,,,,,Bright sun,711174,0,0,0,6,,,0,,,,,,Auckland Region,Nil,2-way,Sealed,,0,0,,60,,Off,0,0,,76,Auckland,Nil,,,,,0,0,Urban,0,,,Fine,Null
1802007,5816924,30738,,530000,0,,0,2,,South,2006/2007,PEACHGROVE ROAD,BOUNDARY ROAD,,Non-Injury Crash,No,2006,,North,,0,,Flat,,,,,,Dark,867400,0,0,0,2,,,0,,,,,,Waikato Region,Nil,2-way,Sealed,,0,0,,50,,On,0,0,,16,Hamilton City,Give way,,,,,0,0,Urban,1,,,Fine,Null
1875792,5819304,30739,,537601,0,,0,1,,Null,2006/2007,ARGYLL ROAD,SINCLAIR ST,,Minor Crash,No,2006,,North,,0,,Flat,,,,,,Overcast,1176800,2,0,0,2,,,0,,,,,,Bay of Plenty Region,Nil,2-way,Sealed,,0,0,,50,,Null,0,0,,23,Tauranga City,Nil,,,,,0,0,Urban,1,,,Fine,Null
1823098,5829162,30740,,534902,0,0,0,1,0,West,2006/2007,THAMES ST,MOORHOUSE ST,,Minor Crash,No,2006,0,West,0,0,0,Flat,0,,0,,0,Bright sun,1089100,1,0,0,2,0,0,0,0,0,,0,0,Waikato Region,Nil,2-way,Sealed,0,0,0,0,50,0,Off,0,0,,15,Matamata-Piako District,Nil,0,0,0,0,0,0,Urban,1,1,0,Fine,Null
1761583,5916878,30741,,516202,0,,0,2,,Null,2005/2006,REMUERA ROAD,LUCERNE ROAD,,Non-Injury Crash,No,2006,,East,,0,,Hill Road,,,,,,Bright sun,488700,0,0,0,4,,,0,,,,,,Auckland Region,Nil,2-way,Sealed,,0,0,,50,,Off,0,0,,76,Auckland,Give way,,,,,0,0,Urban,0,,,Fine,Null
1556954,5178576,30742,,587821,0,,0,2,,Null,2006/2007,KIRK ROAD,MADDISONS ROAD,,Minor Crash,No,2006,,West,,0,,Flat,,,,,,Bright sun,2495900,2,0,0,2,,,0,,,,,,Canterbury Region,Nil,2-way,Sealed,,0,0,,100,,Null,0,0,,60,Christchurch City,Stop,,,,,0,0,Open,0,,,Fine,Null
1745874,5920458,30743,,513301,0,,0,2,,East,2006/2007,SH 16,LINCOLN OBR,,Non-Injury Crash,Yes,2006,,East,,0,,Flat,,,,,,Bright sun,230301,0,0,0,2,,,0,,,,,,Auckland Region,Nil,1-way,Sealed,,0,0,,100,,Off,0,0,,76,Auckland,Nil,,,,,0,0,Open,0,,,Fine,Null
1763344,5906731,30744,,524301,0,0,0,1,0,North,2005/2006,GRAEME AVENUE,HALLBERRY ROAD,,Minor Crash,No,2006,0,South,0,0,0,Flat,0,,0,,0,Dark,747300,1,0,0,2,0,0,0,0,0,,0,1,Auckland Region,Nil,2-way,Sealed,0,0,0,0,50,0,On,0,0,,76,Auckland,Nil,0,0,0,0,0,0,Urban,0,0,0,Light rain,Null
1749816,5940845,30745,,506300,0,0,0,1,0,North,2005/2006,SH 1N,OTEHA VALLEY OBR,,Non-Injury Crash,Yes,2006,0,South,0,0,0,Flat,1,,0,,0,Bright sun,175902,0,0,0,4,0,0,0,0,0,,0,0,Auckland Region,Nil,2-way,Sealed,0,0,0,0,100,0,None,0,0,,76,Auckland,Nil,0,0,0,0,0,0,Open,0,0,0,Fine,Null
1884214,5825163,30746,,536831,0,,0,2,,South,2006/2007,SH 2,GIRVEN ROAD,,Non-Injury Crash,Yes,2006,,North,,0,,Flat,,,,,,Twilight,1204403,0,0,0,4,,,0,,,,,,Bay of Plenty Region,Nil,2-way,Sealed,,0,0,,70,,Off,0,0,,23,Tauranga City,Give way,,,,,0,0,Urban,0,,,Fine,Null
1841173,5923877,30747,,533000,1,,0,0,,North,2006/2007,CENTENNIAL DRIVE,PUNGA PLACE,,Serious Crash,No,2006,,South,,0,,Hill Road,,,,,,Bright sun,1045510,0,0,0,2,,,0,,,,,,Waikato Region,Nil,2-way,Sealed,,0,1,,50,,Off,1,0,,11,Thames-Coromandel District,Nil,,,,,0,0,Urban,0,,,Fine,Null
1727788,6006764,30748,,501815,0,,0,3,,South,2006/2007,SH 1N,ARTILLERY ROAD,,Minor Crash,Yes,2006,,North,,0,,Hill Road,,,,,,Overcast,81600,1,0,0,2,,,0,,,,,,Northland Region,Nil,2-way,Sealed,,0,0,,100,,None,1,0,,2,Whangarei District,Nil,,,,,0,0,Open,0,,,Heavy rain,Null
1750171,5955946,30749,,506613,0,,0,2,,South,2006/2007,SH 1N,PUHOI ROAD,,Non-Injury Crash,Yes,2006,,South,,0,,Hill Road,,,,,,Bright sun,147000,0,0,0,2,,,0,,,,,,Auckland Region,Nil,2-way,Sealed,,0,0,,60,,Null,0,0,,76,Auckland,Unknown,,,,,0,0,Urban,0,,,Fine,Null
1762273,5913761,30750,,520401,0,,0,2,,Null,2006/2007,GAVIN ST,PENROSE ROAD,,Non-Injury Crash,No,2006,,South,,0,,Flat,,,,,,Overcast,644300,0,0,0,2,,,0,,,,,,Auckland Region,Nil,2-way,Sealed,,0,0,,50,,Off,0,0,,76,Auckland,Give way,,,,,0,0,Urban,0,,,Fine,Null
1769371,5880846,30751,,525922,0,,0,1,,Null,2006/2007,HARRIS ST,MANUKAU ROAD,,Non-Injury Crash,No,2006,,East,,0,,Flat,,,,,,Overcast,823200,0,0,0,2,,,0,,,,,,Auckland Region,Nil,2-way,Sealed,,0,0,,50,,Off,0,0,,76,Auckland,Give way,,,,,1,0,Urban,0,,,Light rain,Null
1300774,5070473,30752,,608304,0,0,0,1,1,South,2006/2007,SH 6,MEADS ROAD,,Minor Crash,Yes,2006,0,North,0,0,0,Flat,0,,0,,0,Bright sun,3027700,4,0,0,2,0,0,0,0,0,,0,0,Otago Region,Nil,2-way,Sealed,0,0,0,0,100,0,Null,0,0,,70,Queenstown-Lakes District,Unknown,0,0,0,0,0,0,Open,0,0,0,Light rain,Null
1822490,5528063,30753,,563000,0,,0,2,,Null,2005/2006,FITZHERBERT AVENUE,TE AWE AWE ST,,Non-Injury Crash,No,2006,,South,,0,,Flat,,,,,,Dark,1808300,0,0,0,4,,,0,,,,,,Manawatū-Whanganui Region,Nil,2-way,Sealed,,0,0,,50,,On,0,0,,40,Palmerston North City,Traffic Signals,,,,,0,0,Urban,0,,,Fine,Null
1748303,5914466,30754,,511700,0,0,0,2,0,Null,2005/2006,ARCHIBALD ROAD,ARCHIBALD RAOD,,Non-Injury Crash,No,2006,0,North,0,0,1,Hill Road,0,,0,,1,Dark,270201,0,0,0,2,0,0,0,0,1,,0,0,Auckland Region,Nil,2-way,Sealed,0,0,0,0,50,0,On,0,0,,76,Auckland,Give way,0,0,0,1,0,0,Urban,0,0,0,Heavy rain,Null
1755136,5914325,30755,,518500,0,,0,1,,West,2005/2006,MOUNT ALBERT ROAD,DOMINION ROAD,,Non-Injury Crash,No,2006,,West,,0,,Flat,,,,,,Bright sun,560900,0,0,0,3,,,0,,,,,,Auckland Region,Nil,2-way,Sealed,,0,0,,50,,Off,0,0,,76,Auckland,Nil,,,,,1,0,Urban,0,,,Fine,Null
1754324,5935992,30756,,508704,0,,0,2,,Null,2006/2007,CARLISLE ROAD,OTEHA VALLEY ROAD,,Minor Crash,No,2006,,West,,0,,Flat,,,,,,Bright sun,178602,2,0,0,4,,,0,,,,,,Auckland Region,Nil,2-way,Sealed,,0,0,,50,,Off,0,0,,76,Auckland,Traffic Signals,,,,,0,0,Urban,0,,,Fine,Null
1767766,5906208,30757,,523711,0,,0,1,,North,2006/2007,PRESTON ROAD,FLAT BUSH ROAD,,Minor Crash,No,2006,,South,,0,,Flat,,,,,,Overcast,715000,2,0,0,2,,,0,,,,,,Auckland Region,Nil,2-way,Sealed,,0,0,,50,,Off,0,0,,76,Auckland,Nil,,,,,0,0,Urban,2,,,Fine,Null
1800151,5815404,30758,,529700,0,,0,2,,Null,2006/2007,SEDDON ROAD,SOMERSET ST,,Non-Injury Crash,No,2006,,North,,0,,Flat,,,,,,Bright sun,910700,0,0,0,2,,,0,,,,,,Waikato Region,Nil,2-way,Sealed,,0,0,,50,,Off,0,0,,16,Hamilton City,Give way,,,,,0,0,Urban,0,,,Fine,Null
1627623,6113071,30759,90,500204,0,0,0,1,0,East,2005/2006,SH 1N,FRYER ROAD,,Minor Crash,Yes,2006,0,West,0,0,1,Flat,0,,0,,0,Overcast,9400,1,0,0,2,0,0,0,0,0,,0,0,Northland Region,Nil,2-way,Sealed,0,0,0,0,100,0,None,0,0,,1,Far North District,Nil,0,0,0,0,0,0,Open,0,0,0,Fine,Null
1744317,5922551,30760,,513512,0,1,0,1,0,Null,2006/2007,ROYAL ROAD,MAKORA ROAD,,Minor Crash,No,2006,0,North,0,0,0,Flat,0,,0,,0,Dark,225501,1,0,0,2,0,0,0,0,0,,0,0,Auckland Region,Bridge,2-way,Sealed,0,0,0,0,50,0,On,0,0,,76,Auckland,Nil,0,0,0,0,0,0,Urban,0,0,0,Light rain,Null
1767428,5907636,30761,45,523602,0,,0,2,,Null,2006/2007,EAST TAMAKI ROAD,FERGUSON ROAD,,Non-Injury Crash,No,2006,,West,,0,,Flat,,,,,,Bright sun,709900,0,0,0,2,,,0,,,,,,Auckland Region,Nil,2-way,Sealed,,0,0,,60,,Off,0,0,,76,Auckland,Give way,,,,,0,0,Urban,0,,,Light rain,Null
1867309,5713711,30762,,541720,0,,0,1,,South,2006/2007,RUAPEHU ST,PAORA HAPI ST,,Minor Crash,No,2006,,North,,0,,Flat,,,,,,Overcast,1273500,1,0,0,2,,,0,,,1,,,Waikato Region,Nil,2-way,Sealed,,0,0,,50,,Null,0,0,,21,Taupo District,Stop,,,,,0,0,Urban,0,,,Fine,Null
1756007,5919026,30763,,515500,0,,0,2,,Null,2006/2007,GREAT NORTH ROAD,MACKELVIE ST,,Minor Crash,No,2006,,East,,0,,Flat,,,,,,Dark,417800,2,0,0,4,,,0,,,,,,Auckland Region,Nil,2-way,Sealed,,0,0,,50,,On,0,0,,76,Auckland,Nil,,,,,0,0,Urban,0,,,Fine,Null