X,Y,OBJECTID,advisorySpeed,areaUnitID,bicycle,bridge,bus,carStationWagon,cliffBank,crashDirectionDescription,crashFinancialYear,crashLocation1,crashLocation2,crashRoadSideRoad,crashSeverity,crashSHDescription,crashYear,debris,directionRoleDescription,ditch,fatalCount,fence,flatHill,guardRail,holiday,houseOrBuilding,intersection,kerb,light,meshblockId,minorInjuryCount,moped,motorcycle,NumberOfLanes,objectThrownOrDropped,otherObject,otherVehicleType,overBank,parkedVehicle,pedestrian,phoneBoxEtc,postOrPole,region,roadCharacter,roadLane,roadSurface,roadworks,schoolBus,seriousInjuryCount,slipOrFlood,speedLimit,strayAnimal,streetLight,suv,taxi,temporarySpeedLimit,tlaId,tlaName,trafficControl,trafficIsland,trafficSign,train,tree,truck,unknownVehicleType,urban,vanOrUtility,vehicle,waterRiver,weatherA,weatherB
1799372,5814531,30764,,528900,0,,0,1,,Null,2006/2007,ELLIS ST,KILLARNEY ROAD,,Non-Injury Crash,No,2006,,North,,0,,Flat,,,,,,Bright sun,916200,0,0,0,2,,,0,,,,,,Waikato Region,Nil,2-way,Sealed,,0,0,,50,,Off,0,0,,16,Hamilton City,Give way,,,,,0,0,Urban,1,,,Fine,Null
1688635,5391070,30765,,580801,0,0,0,2,0,North,2005/2006,SH 1S,DASHWOOD NO 1 BR,,Serious Crash,Yes,2006,0,North,1,0,2,Flat,0,,0,,0,Overcast,2307400,1,0,0,2,0,0,0,0,0,,0,0,Marlborough Region,Nil,2-way,Sealed,0,0,2,0,100,0,Null,0,0,,53,Marlborough District,Nil,0,0,0,0,0,0,Open,0,0,0,Fine,Null
1762126,5913742,30766,,520500,0,,0,2,,North,2005/2006,SH 1N,PENROSE OBR,,Non-Injury Crash,Yes,2006,,North,,0,,Flat,,,,,,Overcast,637000,0,0,0,3,,,0,,,,,,Auckland Region,Nil,1-way,Sealed,,0,0,,100,,Off,0,0,,76,Auckland,Nil,,,,,0,0,Open,0,,,Fine,Null
1756630,5919261,30767,,514200,0,,0,2,,South,2005/2006,SH 1N,HOPETOUN OBR,,Minor Crash,Yes,2006,,North,,0,,Hill Road,,,,,,Dark,411900,1,0,0,2,,,0,,,,,,Auckland Region,Nil,1-way,Sealed,,0,0,,80,,On,1,0,70,76,Auckland,Nil,,,,,0,0,Open,0,,,Light rain,Null
1767120,5904071,30768,,524602,0,,0,2,,Null,2005/2006,MANUKAU STATION ROAD,DAVIES AVENUE,,Minor Crash,No,2006,,East,,0,,Flat,,,,,,Dark,780416,3,0,0,4,,,0,,,,,,Auckland Region,Nil,2-way,Sealed,,0,0,,50,,On,0,0,,76,Auckland,Give way,,,,,0,0,Urban,0,,,Light rain,Null
1861466,5786552,30769,,535232,0,0,0,1,0,South,2005/2006,SH 5,WAIOHOTU ROAD,,Non-Injury Crash,Yes,2006,0,South,1,0,0,Hill Road,0,Queens Birthday,0,,0,Dark,1127602,0,0,0,2,0,0,0,0,0,,0,0,Waikato Region,Nil,2-way,Sealed,0,0,0,0,100,0,None,0,0,,19,South Waikato District,Unknown,0,0,0,0,0,0,Open,0,0,0,Fine,Null
1799001,5817107,30770,,528700,0,0,0,1,0,Null,2005/2006,HOLDEN AVENUE,FOREST LAKE ROAD,,Minor Crash,No,2006,0,North,0,0,1,Flat,1,,1,,0,Bright sun,901600,1,0,0,2,0,0,0,0,0,,0,0,Waikato Region,Nil,2-way,Sealed,0,0,0,0,50,0,Null,0,0,,16,Hamilton City,Give way,0,0,0,1,0,0,Urban,0,0,0,Fine,Null
1765324,5907047,30771,,522201,0,,0,1,,Null,2005/2006,SHIRLEY ROAD,RICHARDS AVENUE,,Non-Injury Crash,No,2006,,West,,0,,Flat,,,,,,Bright sun,662300,0,0,0,2,,,0,,,,,,Auckland Region,Nil,2-way,Sealed,,0,0,,50,,Off,1,0,,76,Auckland,Give way,,,,,0,0,Urban,0,,,Fine,Null
1789672,5819298,30772,,527912,0,0,0,1,0,South,2006/2007,SH 39,LIMMER ROAD,,Minor Crash,Yes,2006,0,South,0,0,1,Flat,0,,0,,0,Overcast,977400,1,0,0,2,0,0,0,0,0,,0,0,Waikato Region,Nil,2-way,Sealed,0,0,0,0,100,0,Null,0,0,,13,Waikato District,Unknown,0,0,0,1,0,0,Open,0,0,0,Heavy rain,Null
1753554,5918303,30773,,515003,0,,0,2,,Null,2005/2006,SH 16,ST LUKES ON WBD,,Non-Injury Crash,Yes,2006,,West,,0,,Flat,,,,,,Overcast,390502,0,0,0,4,,,0,,,,,,Auckland Region,Nil,1-way,Sealed,,0,0,,100,,Off,0,0,,76,Auckland,Nil,,,,,0,0,Open,0,,,Fine,Null
1787700,5768604,30774,,531301,0,,0,1,,South,2005/2006,WAITOMO VALLEY ROAD,SH 31,,Minor Crash,No,2006,,South,,0,,Hill Road,,,,,,Bright sun,996000,1,0,0,2,,,0,,,,,,Waikato Region,Nil,2-way,Sealed,,0,0,,100,,Null,0,0,,18,Ōtorohanga District,Unknown,,,,,0,0,Open,1,,,Fine,Null
1744277,5922082,30775,,513512,0,0,0,1,1,North,2005/2006,MAKORA ROAD,MARBELLA DRIVE,,Non-Injury Crash,No,2006,0,South,0,0,0,Hill Road,0,,0,,0,Dark,225600,0,0,0,2,0,0,0,0,0,,0,0,Auckland Region,Nil,2-way,Sealed,0,0,0,0,50,0,On,0,0,,76,Auckland,Nil,0,0,0,0,0,0,Urban,0,0,0,Fine,Null
1747571,5916543,30776,,511601,0,0,0,1,0,East,2005/2006,BARRYS ROAD,GLEN MARINE PARADE,,Minor Crash,No,2006,0,East,0,0,0,Flat,0,,0,,0,Overcast,274000,1,0,0,2,0,0,0,0,0,,0,1,Auckland Region,Nil,2-way,Sealed,0,0,0,0,50,0,Off,0,0,,76,Auckland,Nil,0,0,0,0,0,0,Urban,0,0,0,Mist or Fog,Null
1745286,5919750,30777,,513301,0,,0,2,,West,2005/2006,UNIVERSAL DRIVE,LINCOLN ROAD,,Non-Injury Crash,No,2006,,East,,0,,Flat,,,,,,Bright sun,232001,0,0,0,4,,,0,,,,,,Auckland Region,Nil,2-way,Sealed,,0,0,,50,,Off,0,0,,76,Auckland,Nil,,,,,0,0,Urban,0,,,Fine,Null
1679214,5404360,30778,,581230,0,0,0,2,0,West,2005/2006,SH 6,CURRY ST,,Non-Injury Crash,Yes,2006,0,East,0,0,0,Flat,0,,0,,0,Dark,2297200,0,0,0,2,0,0,0,0,1,,0,0,Marlborough Region,Nil,2-way,Sealed,0,0,0,0,50,0,On,0,0,,53,Marlborough District,Nil,0,0,0,0,0,0,Urban,0,0,0,Fine,Null
1790785,5843936,30779,,527402,0,0,0,0,0,South,2006/2007,SH 1N,EAST MINE ROAD,,Non-Injury Crash,Yes,2006,0,South,0,0,0,Flat,0,,0,,0,Dark,942900,0,0,0,2,0,0,0,0,1,,0,0,Waikato Region,Nil,2-way,Sealed,0,0,0,0,100,0,None,1,0,,13,Waikato District,Nil,0,0,0,0,1,0,Open,0,0,0,Fine,Null
1675741,6072871,30780,,501634,0,,0,1,,South,2006/2007,SH 15,PICADILLY ROAD,,Fatal Crash,Yes,2006,,South,,1,,Flat,,,,,,Overcast,39000,0,0,0,2,,,0,,,,,,Northland Region,Nil,2-way,Sealed,,0,0,,100,,None,0,0,,1,Far North District,Nil,,,,,0,0,Open,1,,,Fine,Null
1745297,5920878,30781,,513301,0,,0,1,,West,2005/2006,SH 16,LINCOLN ON WBD,,Non-Injury Crash,Yes,2006,,West,,0,,Flat,,,,,,Overcast,231700,0,0,0,2,,,0,,,,,,Auckland Region,Nil,1-way,Sealed,,0,0,,100,,Off,1,0,,76,Auckland,Nil,,,,,0,0,Open,0,,,Light rain,Null
1745340,5920285,30782,,513301,1,,0,1,,West,2006/2007,LINCOLN ROAD,TRIANGLE ROAD,,Minor Crash,No,2006,,East,,0,,Flat,,,,,,Twilight,230302,1,0,0,4,,,0,,,,,,Auckland Region,Nil,2-way,Sealed,,0,0,,50,,On,0,0,,76,Auckland,Nil,,,,,0,0,Urban,0,,,Light rain,Null
1820477,5529280,30783,,562310,0,,0,2,,Null,2005/2006,LYNDHURST ST,CHELWOOD ST,,Non-Injury Crash,No,2006,,East,,0,,Flat,,Queens Birthday,,,,Bright sun,1825300,0,0,0,2,,,0,,,,,,Manawatū-Whanganui Region,Nil,2-way,Sealed,,0,0,,50,,Null,0,0,,40,Palmerston North City,Stop,,,,,0,0,Urban,0,,,Fine,Null
1849600,5907209,30784,,533200,0,0,0,0,1,South,2005/2006,SH 25,BOAT HARBOUR ROAD,,Minor Crash,Yes,2006,0,North,0,0,0,Flat,0,,0,,0,Bright sun,1048101,1,0,1,2,0,0,0,0,0,,0,0,Waikato Region,Nil,2-way,Sealed,0,0,0,0,100,0,Null,0,0,,11,Thames-Coromandel District,Unknown,0,0,0,0,0,0,Open,0,0,0,Fine,Null
1415982,4947840,30785,,601603,0,0,0,0,0,West,2006/2007,RAMROCK ROAD,SH 1S,,Serious Crash,No,2006,0,East,0,0,0,Hill Road,0,,0,,0,Bright sun,2856402,0,0,0,2,0,0,0,0,0,,0,0,Otago Region,Nil,2-way,Unsealed,0,0,1,0,100,0,Null,0,0,,71,Dunedin City,Unknown,0,0,0,1,0,0,Open,1,0,0,Fine,Null
1771377,5696251,30786,,532700,0,0,0,0,1,South,2005/2006,MANGAPARO ROAD,OHURA PEAK TRIG ROAD,,Minor Crash,No,2006,0,South,0,0,0,Hill Road,0,,0,,0,Bright sun,1027000,2,0,0,2,0,0,0,0,0,,0,0,Manawatū-Whanganui Region,Nil,2-way,Sealed,0,0,0,0,100,0,Null,0,0,,36,Ruapehu District,Nil,0,0,0,0,1,0,Open,0,0,0,Fine,Null
1799480,5816703,30787,,529700,0,,0,1,,West,2006/2007,ULSTER ST,RICHMOND ST,,Minor Crash,No,2006,,West,,0,,Flat,,,,,,Bright sun,908502,2,0,0,4,,,0,,,,,,Waikato Region,Nil,2-way,Sealed,,0,0,,60,,Null,0,0,,16,Hamilton City,Unknown,,,,,0,0,Urban,1,,,Fine,Null
1878223,5775064,30788,,538863,0,0,0,0,1,North,2006/2007,PARADISE VALLEY ROAD,RELPH ROAD,,Non-Injury Crash,No,2006,0,North,0,0,0,Flat,0,,0,,0,Dark,1265002,0,0,0,2,0,0,0,0,0,,0,0,Bay of Plenty Region,Nil,2-way,Sealed,0,0,0,0,100,0,None,0,0,,24,Rotorua District,Nil,0,0,0,0,0,0,Open,1,0,0,Fine,Null
1587990,5264618,30789,,585504,1,,0,0,,Null,2005/2006,LYNDON ST,MONTROSE AVENUE,,Minor Crash,No,2006,,West,,0,,Flat,,,,,,Bright sun,2429500,1,0,0,2,,,0,,,,,,Canterbury Region,Nil,2-way,Sealed,,0,0,,50,,Null,0,0,,58,Hurunui District,Give way,,,,,0,0,Urban,1,,,Fine,Null
1805295,5812990,30790,,527131,0,,0,2,,South,2006/2007,NEWELL ROAD,SH 1N,,Non-Injury Crash,No,2006,,South,,0,,Hill Road,,,,,,Bright sun,960300,0,0,0,2,,,0,,,,,,Waikato Region,Nil,2-way,Sealed,,0,0,,80,,None,0,0,,13,Waikato District,Nil,,,,,0,0,Open,0,,,Fine,Null
1750917,5973754,30791,,506661,0,0,0,0,0,South,2005/2006,MATAKANA ROAD,ANDERSON ROAD,,Non-Injury Crash,No,2006,0,South,0,0,0,Flat,0,,0,,0,Bright sun,139105,0,0,0,2,0,0,0,0,1,,0,0,Auckland Region,Nil,2-way,Sealed,0,0,0,0,100,0,None,0,0,,76,Auckland,Nil,0,0,0,0,0,0,Open,2,0,0,Fine,Null
1757258,5920071,30792,,514102,0,,0,2,,Null,2005/2006,QUEEN ST,WAKEFIELD ST,,Minor Crash,No,2006,,South,,0,,Flat,,,,,,Dark,435201,1,0,0,4,,,0,,,,,,Auckland Region,Nil,2-way,Sealed,,0,0,,50,,On,0,0,,76,Auckland,Nil,,,,,0,0,Urban,0,,,Fine,Null
1727568,6014509,30793,,501815,0,,0,1,,South,2006/2007,SH 1N,FINLAYSON BROOK ROAD,,Minor Crash,Yes,2006,,South,,0,,Flat,,,,,,Bright sun,80700,1,0,0,2,,,0,,,,,,Northland Region,Nil,2-way,Sealed,,0,0,,100,,None,0,0,,2,Whangarei District,Nil,,,,,2,0,Open,0,,,Fine,Null
1755153,5929086,30794,,508320,0,,0,2,,South,2006/2007,DIANA DRIVE,WAIRAU ROAD,,Non-Injury Crash,No,2006,,North,,0,,Flat,,,,,,Dark,196700,0,0,0,2,,,0,,,,,,Auckland Region,Nil,2-way,Sealed,,0,0,,50,,On,0,0,,76,Auckland,Nil,,,,,0,0,Urban,0,,,Light rain,Null
1756051,5912033,30795,,518702,0,,0,2,,Null,2005/2006,HILLSBOROUGH ROAD,GOODALL ST,,Non-Injury Crash,No,2006,,North,,0,,Hill Road,,,,,,Bright sun,571700,0,0,0,4,,,0,,,,,,Auckland Region,Nil,2-way,Sealed,,0,0,,50,,Off,0,0,,76,Auckland,Stop,,,,,0,0,Urban,0,,,Fine,Null
1765678,5914758,30796,,520601,0,,0,0,,South,2005/2006,TRIPOLI ROAD,MATAPAN ROAD,,Minor Crash,No,2006,,South,,0,,Flat,,,,,,Bright sun,630200,1,0,0,2,,,0,,,,,,Auckland Region,Nil,2-way,Sealed,,0,0,,50,,Off,0,0,,76,Auckland,Nil,,,,,1,0,Urban,1,,,Fine,Null
1930269,5604918,30797,,548200,0,,0,2,,East,2005/2006,ST AUBYN ST EAST,WARREN ST NORTH,,Non-Injury Crash,No,2006,,East,,0,,Flat,,,,,,Bright sun,1494400,0,0,0,4,,,0,,,,,,Hawke's Bay Region,Nil,2-way,Sealed,,0,0,,50,,Null,0,0,,30,Hastings District,Nil,,,,,0,0,Urban,0,,,Fine,Null
1836474,5811250,30798,,534604,0,,0,0,,West,2005/2006,HENRY WATSON ROAD,MATAI ROAD,,Fatal Crash,No,2006,,West,,1,,Hill Road,,Easter,,,,Overcast,1099900,0,0,1,2,,,1,,,,,,Waikato Region,Nil,2-way,Sealed,,0,0,,100,,None,0,0,,15,Matamata-Piako District,Nil,,,,,0,0,Open,0,,,Fine,Null
1242719,4849137,30799,,611300,0,,0,0,,Null,2005/2006,NITH ST,EYE ST,,Minor Crash,No,2006,,South,,0,,Flat,,,,,,Bright sun,3104700,1,0,0,2,,,0,,,,,,Southland Region,Nil,2-way,Sealed,,0,0,,50,,Null,1,0,,75,Invercargill City,Give way,,,,,0,0,Urban,1,,,Fine,Null
1942372,5658929,30800,,545911,0,0,0,1,0,South,2005/2006,SH 2,MATAHORUA ROAD,,Minor Crash,Yes,2006,0,South,0,0,1,Flat,0,,0,,0,Overcast,1416100,1,0,0,2,0,0,0,0,0,,0,0,Hawke's Bay Region,Nil,2-way,Sealed,0,0,0,0,100,0,Null,0,0,,30,Hastings District,Nil,0,0,0,0,2,0,Open,0,0,0,Fine,Null
1767573,5904607,30801,,524604,0,0,0,1,0,South,2006/2007,Z CPK MCDONALDS,RONWOOD AVENUE,,Non-Injury Crash,No,2006,0,West,0,0,0,Flat,0,,0,,0,Bright sun,780204,0,0,0,1,0,0,0,0,1,,0,0,Auckland Region,Nil,Off road,Sealed,0,0,0,0,10,0,Off,0,0,,76,Auckland,Nil,0,0,0,0,1,0,Urban,0,0,0,Fine,Null
1763364,5904956,30802,,524200,0,0,0,2,0,South,2005/2006,SH 20,MASSEY OFF NBD,,Non-Injury Crash,Yes,2006,0,North,0,0,0,Flat,1,,0,,0,Overcast,728900,0,0,0,2,0,0,0,0,0,,0,0,Auckland Region,Nil,1-way,Sealed,0,0,0,0,100,0,Off,0,0,,76,Auckland,Nil,0,0,0,0,1,0,Open,0,0,0,Fine,Null
1764096,5909832,30803,,521901,0,,0,1,,Null,2005/2006,GREAT SOUTH ROAD,MASON AVENUE,,Minor Crash,No,2006,,South,,0,,Flat,,,,,,Dark,783900,1,0,0,2,,,0,,,1,,,Auckland Region,Nil,2-way,Sealed,,0,0,,50,,On,0,0,,76,Auckland,Traffic Signals,,,,,0,0,Urban,0,,,Fine,Null
1884166,5825318,30804,,536831,0,,0,1,,North,2006/2007,Z CPK BAYFAIR SC,GIRVEN ROAD,,Non-Injury Crash,No,2006,,West,,0,,Flat,,,,,,Bright sun,1201300,0,0,0,0,,,0,,,,,,Bay of Plenty Region,Nil,Off road,Sealed,,0,0,,30,,Off,0,0,,23,Tauranga City,Nil,,,,,1,0,Urban,0,,,Fine,Null
1790925,5844826,30805,,527111,0,,0,1,,South,2006/2007,SH 1N,FISHER ROAD,,Serious Crash,Yes,2006,,North,,0,,Flat,,,,,,Overcast,940702,2,0,0,2,,,0,,,,,,Waikato Region,Nil,2-way,Sealed,,0,1,,100,,On,0,0,,13,Waikato District,Nil,,,,,1,0,Open,0,,,Light rain,Null
1768894,5900859,30806,,525001,0,,0,1,,North,2006/2007,GREAT SOUTH ROAD,ALFRISTON ROAD,,Non-Injury Crash,No,2006,,South,,0,,Flat,,,,,,Overcast,751600,0,0,0,2,,,0,,,,,,Auckland Region,Nil,2-way,Sealed,,0,0,,50,,Off,1,0,,76,Auckland,Nil,,,,,0,0,Urban,0,,,Fine,Null
1247561,4852382,30807,,610062,0,0,0,2,0,Null,2005/2006,MILL ROAD NORTH,FINDLAY ROAD,,Serious Crash,No,2006,0,North,0,0,0,Hill Road,0,,0,,0,Twilight,3093000,0,0,0,2,0,0,0,0,0,,0,0,Southland Region,Nil,2-way,Sealed,0,0,1,0,100,0,None,0,0,,75,Invercargill City,Give way,0,0,0,2,0,0,Open,0,0,0,Fine,Null
1739851,5977133,30808,,506660,0,0,0,1,1,South,2005/2006,SH 1N,HOTEO RIV BR,,Serious Crash,Yes,2006,0,North,0,0,0,Flat,0,,0,,0,Bright sun,136700,1,0,0,2,0,0,0,0,0,,0,0,Auckland Region,Nil,2-way,Sealed,0,0,1,0,100,0,None,0,0,,76,Auckland,Nil,0,1,0,0,0,0,Open,0,0,0,Fine,Null
1756088,5923300,30809,,509800,0,0,0,0,0,South,2006/2007,SH 1N,STAFFORD OFF NBD,,Non-Injury Crash,Yes,2006,0,North,0,0,0,Hill Road,1,,0,,0,Dark,359200,0,0,0,3,0,0,0,0,0,,0,0,,Nil,1-way,Sealed,0,0,0,0,80,0,On,0,0,,76,Auckland,Nil,0,0,0,0,1,0,Open,0,0,0,Fine,Null
1768156,5907851,30810,,523502,0,,0,2,,Null,2005/2006,EAST TAMAKI ROAD,PRESTON ROAD,,Non-Injury Crash,No,2006,,South,,0,,Flat,,,,,,Dark,703800,0,0,0,4,,,0,,,,,,Auckland Region,Nil,2-way,Sealed,,0,0,,50,,On,0,0,,76,Auckland,Traffic Signals,,,,,0,0,Urban,0,,,Light rain,Null
1753518,5929493,30811,,508411,0,,0,2,,North,2005/2006,GLENFIELD ROAD,JAMES ST N,,Non-Injury Crash,No,2006,,South,,0,,Hill Road,,,,,,Dark,183902,0,0,0,3,,,0,,,,,,Auckland Region,Nil,2-way,Sealed,,0,0,,50,,On,0,0,,76,Auckland,Nil,,,,,0,0,Urban,0,,,Light rain,Null
1800064,5816114,30812,,529700,0,,0,1,,Null,2005/2006,MILL ST,WILLOUGHBY ST,,Non-Injury Crash,No,2006,,North,,0,,Flat,,,,,,Dark,909500,0,0,0,2,,,0,,,,,,Waikato Region,Nil,2-way,Sealed,,0,0,,50,,On,1,0,,16,Hamilton City,Traffic Signals,,,,,0,0,Urban,0,,,Fine,Null
1244051,4852069,30813,,610700,0,,0,1,,Null,2006/2007,LAYARD ST,WILTON ST,,Minor Crash,No,2006,,West,,0,,Flat,,,,,,Overcast,3121100,1,0,0,2,,,0,,,,,,Southland Region,Nil,2-way,Sealed,,0,0,,50,,Null,1,0,,75,Invercargill City,Give way,,,,,0,0,Urban,0,,,Fine,Null
1757636,5919862,30814,,514103,0,,0,2,,Null,2005/2006,SYMONDS ST,WELLESLEY ST EAST S,,Non-Injury Crash,No,2006,,South,,0,,Hill Road,,,,,,Overcast,436700,0,0,0,3,,,0,,,,,,Auckland Region,Bridge,2-way,Sealed,,0,0,,50,,Off,0,0,,76,Auckland,Traffic Signals,,,,,0,0,Urban,0,,,Fine,Null
1719676,6045681,30815,,503100,0,0,0,1,0,West,2006/2007,WALTON ST,ROBERT ST,,Minor Crash,No,2006,0,West,0,0,0,Flat,0,,0,,0,Twilight,99904,1,0,0,2,0,0,0,0,0,,0,0,Northland Region,Nil,2-way,Sealed,0,0,0,0,50,0,Off,0,0,,2,Whangarei District,Stop,0,0,0,1,0,0,Urban,1,0,0,Fine,Null
1885327,5771560,30816,,540700,0,,0,2,,Null,2006/2007,SH 30,TRYON ST,,Non-Injury Crash,Yes,2006,,East,,0,,Flat,,,,,,Twilight,1246200,0,0,0,2,,,0,,,,,,Bay of Plenty Region,Nil,2-way,Sealed,,0,0,,50,,On,0,0,,24,Rotorua District,Give way,,,,,0,0,Urban,0,,,Light rain,Null
1765009,5914901,30817,,520301,0,,0,2,,Null,2005/2006,JELLICOE ROAD,PLEASANT VIEW ROAD,,Non-Injury Crash,No,2006,,South,,0,,Flat,,Queens Birthday,,,,Bright sun,628002,0,0,0,2,,,0,,,,,,Auckland Region,Nil,2-way,Sealed,,0,0,,50,,Off,0,0,,76,Auckland,Nil,,,,,0,0,Urban,0,,,Fine,Null
1351585,4879069,30818,,606700,0,,0,1,,East,2005/2006,SH 1S,STONY CREEK ROAD,,Fatal Crash,Yes,2006,,East,,1,,Flat,,,,,,Dark,2985901,0,0,0,2,,,0,,,,,,Otago Region,Nil,2-way,Sealed,,0,3,,100,,None,0,0,,72,Clutha District,Unknown,,,,,0,0,Open,1,,,Fine,Null
1815637,5526434,30819,,561812,0,,0,0,,South,2005/2006,WORKS ROAD N,SH 56,,Non-Injury Crash,No,2006,,North,,0,,Flat,,,,,,Bright sun,1796000,0,0,1,2,,,0,,,,,,Manawatū-Whanganui Region,Nil,2-way,Sealed,,0,0,,50,,Null,0,0,,40,Palmerston North City,Nil,,,,,1,0,Urban,0,,,Fine,Null
1884768,5773150,30820,,540420,0,,0,2,,East,2005/2006,MALFROY ROAD,HEREWINI ST,,Minor Crash,No,2006,,West,,0,,Flat,,,,,,Twilight,1236900,1,0,0,2,,,0,,,,,,Bay of Plenty Region,Nil,2-way,Sealed,,0,0,,50,,Off,0,0,,24,Rotorua District,Unknown,,,,,0,0,Urban,0,,,Fine,Null
1797948,5816346,30821,,528501,1,,0,1,,Null,2005/2006,AVALON DRIVE,LIVINGSTONE AVENUE,,Minor Crash,No,2006,,North,,0,,Flat,,,,,,Dark,907200,1,0,0,2,,,0,,,,,,Waikato Region,Nil,2-way,Sealed,,0,0,,60,,On,0,0,,16,Hamilton City,Give way,,,,,0,0,Urban,0,,,Heavy rain,Null
1750743,5917994,30822,,514801,0,,0,1,,West,2006/2007,SH 16,WATERVIEW ON WBD,,Non-Injury Crash,Yes,2006,,West,,0,,Hill Road,,,,,,Bright sun,390402,0,0,0,2,,,0,,,,,,Auckland Region,Nil,1-way,Sealed,,0,0,,100,,Off,0,0,,76,Auckland,Nil,,,,,1,0,Open,0,,,Fine,Null
1758978,5913843,30823,,519300,0,0,0,3,0,East,2005/2006,CAMPBELL ROAD,ONEHUNGA MALL,,Minor Crash,No,2006,0,East,0,0,0,Flat,0,,0,,0,Overcast,624900,1,0,0,2,0,0,0,0,2,,0,0,Auckland Region,Nil,2-way,Sealed,0,0,0,0,50,0,Off,0,0,,76,Auckland,Nil,0,0,0,0,0,0,Urban,0,0,0,Heavy rain,Null
1748138,5913539,30824,,511100,0,,0,2,,Null,2005/2006,RUA ROAD,TAHI TERRACE,,Non-Injury Crash,No,2006,,North,,0,,Hill Road,,,,,,Dark,286900,0,0,0,2,,,0,,,,,,Auckland Region,Nil,2-way,Sealed,,0,0,,50,,On,0,0,,76,Auckland,Nil,,,,,0,0,Urban,0,,,Fine,Null
1823082,5530580,30825,,562500,1,,0,1,,South,2005/2006,RUAHINE ST,GREY ST,,Serious Crash,No,2006,,South,,0,,Flat,,,,,,Bright sun,1842600,0,0,0,2,,,0,,,,,,Manawatū-Whanganui Region,Nil,2-way,Sealed,,0,1,,50,,Null,0,0,,40,Palmerston North City,Nil,,,,,0,0,Urban,0,,,Fine,Null
1748089,5912154,30826,,511901,0,,0,2,,North,2006/2007,TITIRANGI ROAD,GOLF ROAD,,Non-Injury Crash,No,2006,,North,,0,,Hill Road,,,,,,Dark,292600,0,0,0,2,,,0,,,,,,Auckland Region,Nil,2-way,Sealed,,0,0,,50,,On,0,0,,76,Auckland,Nil,,,,,0,0,Urban,0,,,Fine,Null
1769288,5899709,30827,,525002,0,,0,1,,West,2006/2007,MAHIA ROAD,HOLMES ROAD,,Serious Crash,No,2006,,West,,0,,Flat,,,,,,Bright sun,754100,0,0,0,2,,,0,,,1,,,Auckland Region,Nil,2-way,Sealed,,0,1,,50,,Off,0,0,,76,Auckland,Nil,,,,,0,0,Urban,0,,,Fine,Null
1747157,5915677,30828,,511601,0,0,0,1,0,North,2006/2007,FARQUHAR ROAD,FELGROVE ST,,Non-Injury Crash,No,2006,0,West,0,0,1,Flat,0,,0,,0,Dark,275500,0,0,0,2,0,0,0,0,0,,0,0,Auckland Region,Nil,2-way,Sealed,0,0,0,0,50,0,On,0,0,,76,Auckland,Nil,0,0,0,0,0,0,Urban,0,0,0,Fine,Null
1749252,5427098,30829,,573101,0,,1,0,,West,2006/2007,COURTENAY PLACE,BLAIR ST,,Minor Crash,No,2006,,East,,0,,Flat,,,,,,Dark,2135700,1,0,0,2,,,0,,,1,,,Wellington Region,Nil,2-way,Sealed,,0,0,,50,,On,0,0,,47,Wellington City,Nil,,,,,0,0,Urban,0,,,Fine,Null
1747363,5939299,30830,,506300,0,0,0,0,0,South,2006/2007,DAIRY FLAT HIGHWAY,JEFFS ROAD,,Non-Injury Crash,No,2006,0,South,0,0,0,Flat,0,,0,,0,Dark,175904,0,0,0,2,0,0,0,0,0,,0,0,Auckland Region,Nil,2-way,Sealed,0,0,0,0,100,0,None,1,0,,76,Auckland,Nil,0,0,0,0,0,0,Open,0,0,0,Mist or Fog,Null
1753280,5914838,30831,,518801,0,,0,2,,East,2006/2007,STODDARD ROAD,RICHARDSON ROAD,,Minor Crash,No,2006,,East,,0,,Flat,,,,,,Twilight,578400,2,0,0,2,,,0,,,,,,Auckland Region,Nil,2-way,Sealed,,0,0,,50,,Off,1,0,,76,Auckland,Nil,,,,,0,0,Urban,0,,,Fine,Null
1765397,5916612,30832,,520301,0,,0,3,,South,2005/2006,APIRANA AVENUE,MERTON ROAD,,Non-Injury Crash,No,2006,,South,,0,,Flat,,,,,,Dark,478000,0,0,0,2,,,0,,,,,,Auckland Region,Nil,2-way,Sealed,,0,0,,50,,On,0,1,,76,Auckland,Nil,,,,,0,0,Urban,0,,,Fine,Null
1754367,5928267,30833,,508320,0,0,0,2,0,East,2006/2007,DIANA DRIVE,ROSALIND ROAD,,Minor Crash,No,2006,0,East,0,0,1,Hill Road,0,,0,,1,Dark,198300,1,0,0,2,0,0,0,0,0,,0,0,Auckland Region,Nil,2-way,Sealed,0,0,0,0,50,0,On,0,0,,76,Auckland,Nil,0,0,0,1,0,0,Urban,0,0,0,Fine,Null
1884601,5826100,30834,,536831,0,0,0,2,0,South,2006/2007,OCEANBEACH ROAD,CONCORD AVENUE,,Non-Injury Crash,No,2006,0,South,0,0,0,Flat,0,,0,,0,Bright sun,1199900,0,0,0,2,0,0,0,0,1,,0,1,Bay of Plenty Region,Nil,2-way,Sealed,0,0,0,0,50,0,Off,0,0,,23,Tauranga City,Nil,0,0,0,0,0,0,Urban,0,0,0,Fine,Null