X,Y,OBJECTID,advisorySpeed,areaUnitID,bicycle,bridge,bus,carStationWagon,cliffBank,crashDirectionDescription,crashFinancialYear,crashLocation1,crashLocation2,crashRoadSideRoad,crashSeverity,crashSHDescription,crashYear,debris,directionRoleDescription,ditch,fatalCount,fence,flatHill,guardRail,holiday,houseOrBuilding,intersection,kerb,light,meshblockId,minorInjuryCount,moped,motorcycle,NumberOfLanes,objectThrownOrDropped,otherObject,otherVehicleType,overBank,parkedVehicle,pedestrian,phoneBoxEtc,postOrPole,region,roadCharacter,roadLane,roadSurface,roadworks,schoolBus,seriousInjuryCount,slipOrFlood,speedLimit,strayAnimal,streetLight,suv,taxi,temporarySpeedLimit,tlaId,tlaName,trafficControl,trafficIsland,trafficSign,train,tree,truck,unknownVehicleType,urban,vanOrUtility,vehicle,waterRiver,weatherA,weatherB
1759237,5436498,30835,,569201,0,,0,1,,North,2006/2007,PHARAZYN ST,MARSDEN ST,,Serious Crash,No,2006,,North,,0,,Flat,,,,,,Overcast,1925600,0,0,1,2,,,0,,,,,,Wellington Region,Nil,2-way,Sealed,,0,1,,50,,Null,0,0,,46,Lower Hutt City,Nil,,,,,0,0,Urban,0,,,Fine,Null
1763183,5917356,30836,,516302,0,0,0,2,0,North,2006/2007,PYATT CRESCENT,HARRY HUMAN HEIGHTS,,Minor Crash,No,2006,0,South,0,0,0,Flat,0,,0,,0,Bright sun,462810,1,0,0,2,0,0,0,0,1,,0,0,Auckland Region,Nil,2-way,Sealed,0,0,0,0,50,0,Null,0,0,,76,Auckland,Nil,0,0,0,0,0,0,Urban,0,0,0,Fine,Null
1753568,5927946,30837,,508210,0,,1,0,,North,2006/2007,GLENFIELD ROAD,KAIPATIKI ROAD,,Minor Crash,No,2006,,North,,0,,Flat,,,,,,Overcast,186500,1,0,0,4,,,0,,,1,,,Auckland Region,Nil,2-way,Sealed,,0,0,,50,,Null,0,0,,76,Auckland,Unknown,,,,,0,0,Urban,0,,,Light rain,Null
1800992,5813083,30838,,530400,0,,0,2,,West,2006/2007,SH 1N,THORBURN COURT,,Non-Injury Crash,Yes,2006,,East,,0,,Flat,,,,,,Overcast,922101,0,0,0,2,,,0,,,,,,Waikato Region,Nil,2-way,Sealed,,0,0,,60,,Off,0,0,,16,Hamilton City,Nil,,,,,0,0,Urban,0,,,Fine,Null
1885334,5773990,30839,,540410,0,,0,2,,Null,2005/2006,HINEMARU ST,PUKUATUA ST,,Non-Injury Crash,No,2006,,South,,0,,Flat,,,,,,Dark,1234000,0,0,0,2,,,0,,,,,,Bay of Plenty Region,Nil,2-way,Sealed,,0,0,,50,,On,0,0,,24,Rotorua District,Nil,,,,,0,0,Urban,0,,,Fine,Null
1764168,5911153,30840,,520500,0,0,0,2,0,South,2006/2007,MOUNT WELLINGTON HIGHWAY,HILLSIDE ROAD,,Minor Crash,No,2006,0,North,0,0,0,Flat,0,,0,,0,Bright sun,636600,1,0,0,2,0,0,0,0,2,,0,0,Auckland Region,Nil,2-way,Sealed,0,0,0,0,50,0,Off,0,0,,76,Auckland,Nil,0,0,0,0,0,0,Urban,1,0,0,Fine,Null
1704226,5665234,30841,,552800,0,,0,0,,East,2006/2007,SH 3,CUTFIELD ST,,Minor Crash,Yes,2006,,East,,0,,Flat,,,,,,Bright sun,1604200,1,0,0,2,,,0,,,,,,Taranaki Region,Nil,2-way,Sealed,,0,0,,50,,Null,0,0,,33,New Plymouth District,Nil,,,,,0,0,Urban,2,,,Fine,Null
1760765,5915436,30842,,520201,0,0,0,1,0,South,2005/2006,SH 1N,TE COMA OFF SBD,,Non-Injury Crash,Yes,2006,0,South,0,0,0,Flat,1,Easter,0,,0,Dark,613000,0,0,0,3,0,0,0,0,0,,0,0,Auckland Region,Nil,1-way,Sealed,0,0,0,0,100,0,On,0,0,,76,Auckland,Nil,0,0,0,0,0,0,Open,0,0,0,Fine,Null
1800736,5813022,30843,,529100,0,,0,2,,Null,2005/2006,SH 3,SH 1N,,Non-Injury Crash,Yes,2006,,North,,0,,Flat,,,,,,Bright sun,930700,0,0,0,2,,,0,,,,,,Waikato Region,Nil,2-way,Sealed,,0,0,,50,,Null,0,0,,16,Hamilton City,Traffic Signals,,,,,0,0,Urban,0,,,Fine,Null
1744870,5923510,30844,,513521,0,0,0,0,0,Null,2005/2006,OREIL AVENUE,SUMICH PLACE,,Minor Crash,No,2006,0,East,0,0,0,Hill Road,0,,0,,1,Dark,224221,1,0,1,2,0,0,0,0,0,,0,0,Auckland Region,Nil,2-way,Sealed,0,0,0,0,50,0,On,0,0,,76,Auckland,Give way,0,1,0,0,0,0,Urban,0,0,0,Fine,Null
1759300,5916640,30845,,516001,0,0,0,1,0,South,2005/2006,SH 1N,MARKET OBR,,Minor Crash,Yes,2006,0,South,0,0,0,Flat,1,,0,,0,Bright sun,491700,1,0,0,3,0,0,0,0,0,,0,0,Auckland Region,Nil,1-way,Sealed,0,0,0,0,100,0,Off,0,0,,76,Auckland,Nil,0,0,0,0,1,0,Open,0,0,0,Fine,Null
1770379,5911506,30846,,523106,0,,0,2,,South,2006/2007,BOTANY ROAD,TARNICA ROAD,,Minor Crash,No,2006,,South,,0,,Flat,,,,,,Bright sun,711174,1,0,0,3,,,0,,,,,,Auckland Region,Nil,2-way,Sealed,,0,0,,60,,Null,0,0,,76,Auckland,Unknown,,,,,0,0,Urban,0,,,Fine,Null
1790100,5813215,30847,,527913,0,,0,1,,Null,2005/2006,SH 39,WALSH ROAD,,Fatal Crash,Yes,2006,,South,,1,,Flat,,,,,,Twilight,978700,0,0,0,2,,,0,,,,,,Waikato Region,Nil,2-way,Sealed,,0,0,,100,,None,0,0,,13,Waikato District,Stop,,,,,1,0,Open,0,,,Mist or Fog,Null
1569940,5179018,30848,,594700,0,,0,1,,Null,2005/2006,ANTIGUA ST,HAZELDEAN ROAD,,Minor Crash,No,2006,,West,,0,,Flat,,,,,,Dark,2658300,1,0,0,2,,,0,,,,,,Canterbury Region,Nil,2-way,Sealed,,0,0,,50,,On,1,0,,60,Christchurch City,Stop,,,,,0,0,Urban,0,,,Heavy rain,Strong wind
1771590,5899365,30849,,523911,0,0,0,1,0,Null,2005/2006,PORCHESTER ROAD,MANUROA ROAD,,Non-Injury Crash,No,2006,0,East,0,0,0,Flat,0,,0,,0,Dark,767100,0,0,0,2,0,0,0,0,0,,0,1,Auckland Region,Nil,2-way,Sealed,0,0,0,0,50,0,On,0,0,,76,Auckland,Give way,0,0,0,0,0,0,Urban,0,0,0,Fine,Null
1568794,5180899,30850,,591600,0,,0,2,,East,2005/2006,HARPER AVENUE,FENDALTON ROAD,,Minor Crash,No,2006,,West,,0,,Flat,,,,,,Overcast,2678400,1,0,0,3,,,0,,,,,,Canterbury Region,Nil,2-way,Sealed,,0,0,,50,,Null,0,0,,60,Christchurch City,Unknown,,,,,0,0,Urban,0,,,Fine,Null
1748017,5912610,30851,,511902,0,0,0,2,0,North,2005/2006,TITIRANGI ROAD,PLEASANT ROAD,,Non-Injury Crash,No,2006,0,South,0,0,0,Flat,0,,0,,0,Dark,292005,0,0,0,2,0,0,0,0,1,,0,0,Auckland Region,Nil,2-way,Sealed,0,0,0,0,50,0,On,0,0,,76,Auckland,Nil,0,0,0,0,0,0,Urban,0,0,0,Fine,Null
1801899,5793058,30852,,527924,0,0,0,1,0,North,2005/2006,PATERANGI ROAD,ALEXANDRA ST,,Non-Injury Crash,No,2006,0,South,0,0,1,Flat,0,,0,,0,Bright sun,981600,0,0,0,2,0,0,0,0,0,,0,0,Waikato Region,Nil,2-way,Sealed,0,0,0,0,100,0,Null,0,0,,17,Waipa District,Unknown,0,0,0,0,0,0,Open,0,0,0,Light rain,Null
1801940,5814594,30853,,530200,0,,1,1,,South,2006/2007,GREY ST,COOK ST,,Non-Injury Crash,No,2006,,South,,0,,Flat,,,,,,Overcast,891700,0,0,0,2,,,0,,,,,,Waikato Region,Nil,2-way,Sealed,,0,0,,50,,Null,0,0,,16,Hamilton City,Nil,,,,,0,0,Urban,0,,,Fine,Null
1806279,5787873,30854,,527700,0,0,0,1,0,West,2006/2007,HERBERT ST,ROLLESTON ST,,Non-Injury Crash,No,2006,0,West,0,0,0,Flat,0,,0,,0,Bright sun,989902,0,0,0,2,0,0,0,0,0,,0,0,Waikato Region,Nil,2-way,Sealed,0,0,0,0,50,0,Null,0,0,,17,Waipa District,Unknown,0,0,0,0,0,0,Urban,0,0,0,Fine,Null
1681299,6104716,30855,,501633,0,0,0,1,0,West,2006/2007,PUNGAERE ROAD,NGAPUHI ROAD,,Non-Injury Crash,No,2006,0,East,0,0,0,Flat,0,,0,,0,Bright sun,44701,0,0,0,2,0,0,0,0,0,,0,0,Northland Region,Nil,2-way,Sealed,0,0,0,0,50,0,Off,0,0,,1,Far North District,Nil,0,0,0,1,0,0,Urban,0,0,0,Fine,Null
1767635,5905306,30856,,523722,0,,0,1,,South,2005/2006,SH 1N,REAGAN OBR,,Non-Injury Crash,Yes,2006,,South,,0,,Flat,,,,,,Bright sun,715701,0,0,0,3,,,0,,,,,,Auckland Region,Nil,1-way,Sealed,,0,0,,100,,Off,0,0,,76,Auckland,Nil,,,,,1,0,Open,0,,,Fine,Null
1767368,5887444,30857,,521122,0,0,0,1,0,South,2005/2006,SH 22,GLENBROOK ROAD,,Minor Crash,Yes,2006,0,North,0,0,0,Flat,0,,0,,0,Overcast,813001,1,0,0,2,0,0,0,0,0,,0,1,Auckland Region,Nil,2-way,Sealed,0,0,0,0,100,0,None,0,0,,76,Auckland,Nil,0,0,0,0,0,0,Open,0,0,0,Fine,Null
1679629,5665535,30858,45,551112,0,0,0,0,1,South,2006/2007,SH 45,AHUAHU ROAD,,Minor Crash,Yes,2006,0,North,0,0,0,Hill Road,0,,0,,0,Overcast,1553904,1,0,0,3,0,0,0,0,0,,0,0,Taranaki Region,Nil,2-way,Sealed,0,0,0,0,100,0,Null,1,0,,33,New Plymouth District,Nil,0,0,0,0,0,0,Open,0,0,0,Heavy rain,Null
1788205,5755944,30859,,532000,0,,0,0,,South,2006/2007,SH 3,SLIP,,Non-Injury Crash,Yes,2006,,North,,0,,Flat,,,,,,Dark,1007500,0,0,0,2,,,0,,,,,,Waikato Region,Nil,2-way,Sealed,,0,0,,70,,On,1,0,,20,Waitomo District,Nil,,,,,1,0,Urban,0,,,Fine,Null
1742795,5915479,30860,,513020,0,0,0,1,0,East,2006/2007,HENDERSON VALLEY ROAD,CANDIA ROAD,,Fatal Crash,No,2006,0,East,1,1,0,Flat,0,,0,,0,Dark,281000,0,0,0,2,0,0,0,0,0,,0,1,Auckland Region,Nil,2-way,Sealed,0,0,0,0,70,0,None,0,0,,76,Auckland,Nil,0,0,0,0,0,0,Urban,0,0,0,Fine,Null
1828553,5880963,30861,,533603,0,,0,2,,North,2005/2006,SH 26,SH 25A,,Fatal Crash,Yes,2006,,South,,1,,Flat,,,,,,Overcast,1057502,0,0,0,2,,,0,,,,,,Waikato Region,Nil,2-way,Sealed,,0,0,,100,,Off,0,0,,11,Thames-Coromandel District,Nil,,,,,0,0,Open,0,,,Fine,Null
1790553,5840081,30862,,527402,0,,0,2,,Null,2006/2007,GEORGE DRIVE,TAINUI BRIDGE ROAD,,Non-Injury Crash,No,2006,,North,,0,,Flat,,,,,,Dark,946700,0,0,0,2,,,0,,,,,,Waikato Region,Nil,2-way,Sealed,,0,0,,50,,On,0,0,,13,Waikato District,Give way,,,,,0,0,Urban,0,,,Heavy rain,Null
1843114,5790024,30863,,535250,0,0,0,0,1,North,2005/2006,SH 1N,TAUMANGI ROAD,,Non-Injury Crash,Yes,2006,0,North,0,0,0,Flat,0,,0,,0,Overcast,1127502,0,0,0,2,0,0,0,0,0,,0,0,Waikato Region,Nil,2-way,Sealed,0,0,0,0,100,0,Null,0,0,,19,South Waikato District,Unknown,0,0,0,0,0,0,Open,1,0,0,Heavy rain,Null
1881710,5783496,30864,55,538601,0,,0,1,,South,2006/2007,SH 36,CENTRAL ROAD,,Non-Injury Crash,Yes,2006,,East,,0,,Flat,,,,,,Bright sun,1249500,0,0,0,2,,,0,,,,,,Bay of Plenty Region,Nil,2-way,Sealed,,0,0,,100,,None,0,0,,24,Rotorua District,Nil,,,,,0,0,Open,1,,,Light rain,Null
1719814,6045567,30865,,503100,0,,0,2,,Null,2005/2006,ROBERT ST,CARRUTH ST,,Non-Injury Crash,No,2006,,West,,0,,Flat,,,,,,Bright sun,99904,0,0,0,2,,,0,,,,,,Northland Region,Nil,2-way,Sealed,,0,0,,50,,Off,0,0,,2,Whangarei District,Give way,,,,,0,0,Urban,0,,,Fine,Null
1754396,5915061,30866,,518801,0,0,0,1,0,Null,2005/2006,SANDRINGHAM ROAD,AURORA AVENUE,,Non-Injury Crash,No,2006,0,South,0,0,0,Hill Road,0,,1,,0,Bright sun,574900,0,0,0,2,0,0,0,0,0,,0,0,Auckland Region,Nil,2-way,Sealed,0,0,0,0,50,0,Off,0,0,,76,Auckland,Nil,0,0,0,0,0,0,Urban,0,0,0,Fine,Null
1755452,5931488,30867,,508520,0,0,0,1,1,East,2005/2006,LAVERY PLACE,REGENCY PLACE,,Minor Crash,No,2006,0,West,0,0,1,Hill Road,0,,0,,0,Dark,189705,2,0,0,2,0,0,0,0,0,,0,1,Auckland Region,Nil,2-way,Sealed,0,0,0,0,50,0,Off,0,0,,76,Auckland,Nil,0,0,0,0,0,0,Urban,0,0,0,Fine,Null
1843649,5598573,30868,,559220,0,0,0,1,0,South,2006/2007,SH 1N,GORGE ROAD,,Serious Crash,Yes,2006,0,South,1,0,0,Flat,0,,0,,0,Bright sun,1746300,1,0,0,3,0,0,0,0,0,,0,0,Manawatū-Whanganui Region,Nil,2-way,Sealed,0,0,1,0,100,0,Null,0,0,,38,Rangitikei District,Nil,0,0,0,0,0,0,Open,0,0,0,Fine,Null
1825871,5886828,30869,,533501,0,0,0,2,0,West,2005/2006,MARY ST,MACKAY ST,,Non-Injury Crash,No,2006,0,West,0,0,0,Flat,0,,0,,0,Bright sun,1050700,0,0,0,2,0,0,0,0,1,,0,0,Waikato Region,Nil,2-way,Sealed,0,0,0,0,50,0,Null,0,0,,11,Thames-Coromandel District,Unknown,0,0,0,0,0,0,Urban,0,0,0,Fine,Null
1749814,5913928,30870,,511303,0,0,0,1,1,West,2006/2007,GREAT NORTH ROAD,MEMORIAL DRIVE W,,Non-Injury Crash,No,2006,0,East,0,0,0,Flat,0,,0,,0,Twilight,267000,0,0,0,4,0,0,0,0,0,,0,0,Auckland Region,Nil,2-way,Sealed,0,0,0,0,50,0,On,0,0,,76,Auckland,Nil,0,1,0,1,0,0,Urban,0,0,0,Light rain,Null
2033445,5710429,30871,,543901,0,,0,0,,Null,2006/2007,MAIN ROAD,GRANNY TARR ST,,Serious Crash,No,2006,,West,,0,,Flat,,,,,,Bright sun,1360800,0,0,0,2,,,0,,,,,,Gisborne Region,Nil,2-way,Sealed,,0,1,,70,,Null,2,0,,28,Gisborne District,Give way,,,,,0,0,Urban,0,,,Fine,Null
1745444,5883846,30872,65,521151,0,0,0,0,0,South,2006/2007,AWHITU ROAD,PONSFORD ROAD,,Minor Crash,No,2006,0,North,0,0,1,Flat,0,,0,,0,Dark,830900,1,0,0,2,0,0,0,0,0,,0,0,Auckland Region,Nil,2-way,Sealed,0,0,0,0,100,0,None,0,0,,76,Auckland,Nil,0,0,0,0,0,0,Open,1,0,0,Fine,Null
1749408,5913368,30873,,511401,0,,0,1,,North,2006/2007,DENYER PLACE,SEABROOK AVENUE,,Non-Injury Crash,No,2006,,South,,0,,Flat,,,,,,Overcast,263600,0,0,0,2,,,0,,,,,,Auckland Region,Nil,2-way,Sealed,,0,0,,50,,Null,1,0,,76,Auckland,Unknown,,,,,0,0,Urban,0,,,Fine,Null
1767940,5901161,30874,,525001,0,0,0,3,0,Null,2005/2006,JUTLAND ROAD,GLOUCESTER ROAD,,Non-Injury Crash,No,2006,0,North,0,0,0,Flat,0,,0,,0,Overcast,751800,0,0,0,2,0,0,0,0,0,,0,0,Auckland Region,Nil,2-way,Sealed,0,0,0,0,50,0,Off,0,0,,76,Auckland,Give way,0,0,0,0,0,0,Urban,0,1,0,Fine,Null
1756059,5917452,30875,,518102,0,0,0,2,0,Null,2005/2006,DOMINION ROAD,WALTERS ROAD,,Non-Injury Crash,No,2006,0,South,0,0,0,Flat,0,,0,,0,Dark,546000,0,0,0,5,0,0,0,0,0,,0,0,Auckland Region,Nil,2-way,Sealed,0,0,0,0,50,0,On,0,1,,76,Auckland,Traffic Signals,0,0,0,0,0,0,Urban,0,1,0,Fine,Null
1883562,5774065,30876,,540410,0,,0,2,,Null,2005/2006,SH 5,PUKUATUA ST,,Minor Crash,Yes,2006,,South,,0,,Flat,,,,,,Twilight,1232101,1,0,0,4,,,0,,,,,,Bay of Plenty Region,Nil,2-way,Sealed,,0,0,,50,,On,0,0,,24,Rotorua District,Traffic Signals,,,,,0,0,Urban,0,,,Fine,Null
1797041,5427442,30877,,579803,0,,0,0,,West,2005/2006,LAKE FERRY ROAD,DRY RIVER ROAD,,Minor Crash,No,2006,,West,,0,,Hill Road,,,,,,Dark,2276500,1,0,0,2,,,0,,,,,,Wellington Region,Nil,2-way,Sealed,,0,0,,100,,None,0,0,,50,South Wairarapa District,Nil,,,,,1,0,Open,0,,,Fine,Null
1406187,4913609,30878,,605500,0,0,0,1,0,Null,2006/2007,BIRD ST,RICHARDSON ST,,Serious Crash,No,2006,0,East,0,0,1,Flat,0,,0,,0,Overcast,2948200,1,0,0,2,0,0,0,0,0,,0,0,Otago Region,Nil,2-way,Sealed,0,0,1,0,50,0,Null,0,0,,71,Dunedin City,Stop,0,0,0,0,0,0,Urban,1,0,0,Light rain,Null
1755953,5443634,30879,,570900,0,0,0,1,0,West,2006/2007,MUNGAVIN AVENUE,SIEVERS GROVE,,Minor Crash,No,2006,0,East,0,0,0,Flat,0,,0,,0,Overcast,2055300,1,0,0,2,0,0,0,0,0,,0,1,Wellington Region,Nil,2-way,Sealed,0,0,0,0,50,0,Null,0,0,,44,Porirua City,Nil,0,0,0,0,0,0,Urban,0,0,0,Fine,Null
1848296,5790991,30880,,535232,0,0,0,1,0,West,2005/2006,SH 5,WAIMAKARIRI ROAD,,Minor Crash,Yes,2006,0,West,1,0,0,Flat,0,,0,,0,Twilight,1127901,1,0,0,2,0,0,0,1,0,,0,0,Waikato Region,Nil,2-way,Unsealed,0,0,0,0,100,0,None,0,0,30,19,South Waikato District,Unknown,0,0,0,0,0,0,Open,0,0,0,Fine,Null
1750958,5927330,30881,,510010,0,,0,2,,East,2006/2007,MELBA ST,PARAGON AVENUE,,Non-Injury Crash,No,2006,,East,,0,,Flat,,,,,,Bright sun,341003,0,0,0,2,,,0,,,,,,Auckland Region,Nil,2-way,Sealed,,0,0,,50,,Off,0,0,,76,Auckland,Nil,,,,,0,0,Urban,0,,,Fine,Null
1883241,5775403,30882,,539200,0,,0,1,,Null,2006/2007,CLAYTON ROAD,SH 5,,Non-Injury Crash,Yes,2006,,East,,0,,Flat,,,,,,Bright sun,1221600,0,0,0,4,,,0,,,,,,Bay of Plenty Region,Nil,2-way,Sealed,,0,0,,50,,Off,0,0,,24,Rotorua District,Traffic Signals,,,,,1,0,Urban,0,,,Fine,Null
1758115,5917747,30883,,515700,0,,0,2,,North,2005/2006,GILLIES ON NBD,GILLIES AVENUE,,Non-Injury Crash,Yes,2006,,North,,0,,Null,,,,,,Twilight,443700,0,0,0,1,,,0,,,,,,Auckland Region,Motorway ramp,1-way,Sealed,,0,0,,80,,Off,0,0,,76,Auckland,Nil,,,,,0,0,Open,0,,,Fine,Null
1237741,4927302,30884,,612714,0,0,0,1,0,North,2005/2006,EDWARDS ROAD,SUTHERLAND ROAD,,Minor Crash,No,2006,0,South,1,0,0,Flat,0,,0,,0,Overcast,3171100,1,0,1,2,0,0,0,0,0,,0,0,Southland Region,Nil,2-way,Unsealed,0,0,0,0,100,0,Null,0,0,,73,Southland District,Nil,0,0,0,0,0,0,Open,0,0,0,Fine,Null
1879122,5821475,30885,,538102,0,,0,1,,Null,2005/2006,SH 2A,FIFTEENTH AVENUE,,Non-Injury Crash,Yes,2006,,North,,0,,Flat,,,,,,Twilight,1168501,0,0,0,2,,,0,,,,,,Bay of Plenty Region,Nil,2-way,Sealed,,0,0,,50,,On,0,0,,23,Tauranga City,Nil,,,,,1,0,Urban,0,,,Light rain,Null
1764008,5915033,30886,,520303,0,,0,2,,West,2006/2007,ELLERSLIE-PANMURE HIGHWAY,BARRACK ROAD,,Non-Injury Crash,No,2006,,East,,0,,Flat,,,,,,Overcast,626802,0,0,0,4,,,0,,,,,,Auckland Region,Nil,2-way,Sealed,,0,0,,50,,Off,0,0,,76,Auckland,Traffic Signals,,,,,0,0,Urban,0,,,Fine,Null
1489044,5129829,30887,,597730,0,0,0,0,0,North,2005/2006,SH 1S,WINDERMERE ROAD,,Minor Crash,Yes,2006,0,North,0,0,1,Flat,0,,0,,0,Bright sun,2744000,1,0,0,2,0,0,0,0,0,,0,0,Canterbury Region,Nil,2-way,Sealed,0,0,0,0,100,0,Null,0,0,,63,Ashburton District,Unknown,0,0,0,0,1,0,Open,1,0,0,Fine,Null
1757004,5450377,30888,,571900,0,,0,2,,Null,2006/2007,SH 1N,ULRIC ST,,Minor Crash,Yes,2006,,North,,0,,Flat,,,,,,Bright sun,2068300,1,0,0,4,,,0,,,,,,Wellington Region,Nil,2-way,Sealed,,0,0,,50,,Null,0,0,,44,Porirua City,Give way,,,,,0,0,Urban,0,,,Fine,Null
1757341,5920636,30889,,514102,0,0,0,2,0,West,2006/2007,WYNDHAM ST,QUEEN ST,,Non-Injury Crash,No,2006,0,East,0,0,0,Hill Road,0,,0,,0,Dark,433501,0,0,0,2,0,0,0,0,1,,0,0,Auckland Region,Nil,2-way,Sealed,0,0,0,0,50,0,On,0,0,,76,Auckland,Unknown,0,0,0,0,0,0,Urban,0,0,0,Fine,Null
1757952,5913492,30890,,518600,0,,0,2,,Null,2005/2006,MOUNT ALBERT ROAD,CROWN ST,,Non-Injury Crash,No,2006,,West,,0,,Flat,,,,,,Overcast,567300,0,0,0,4,,,0,,,,,,Auckland Region,Nil,2-way,Sealed,,0,0,,50,,Off,0,0,,76,Auckland,Give way,,,,,0,0,Urban,0,,,Heavy rain,Null
1730927,5647499,30891,,553002,0,0,0,1,0,South,2006/2007,MANGAOTUKU ROAD,SH 43,,Serious Crash,No,2006,0,South,0,0,0,Flat,0,,1,,0,Bright sun,1623000,0,0,0,2,0,0,0,0,0,,0,0,Taranaki Region,Nil,2-way,Sealed,0,0,1,0,100,0,Null,0,0,,34,Stratford District,Nil,0,0,0,0,0,0,Open,0,0,0,Fine,Null
1891918,5746071,30892,,538841,0,,0,2,,Null,2006/2007,SH 5,SETTLERS ROAD,,Minor Crash,Yes,2006,,South,,0,,Flat,,,,,,Overcast,1260402,1,0,0,2,,,0,,,,,,Waikato Region,Nil,2-way,Sealed,,0,0,,100,,Off,0,0,,24,Rotorua District,Give way,,,,,0,0,Open,0,,,Light rain,Null
1772816,5893720,30893,,521301,0,0,0,1,0,East,2005/2006,GATLAND ROAD,GREAT SOUTH ROAD,,Minor Crash,No,2006,0,East,0,0,1,Hill Road,0,,0,,0,Dark,808501,1,0,0,2,0,0,0,0,0,,0,0,Auckland Region,Nil,2-way,Sealed,0,0,0,0,50,0,On,0,0,,76,Auckland,Nil,0,0,0,0,0,0,Urban,0,0,0,Snow,Null
1569078,5182759,30894,,592100,0,,0,2,,Null,2006/2007,PAPANUI ROAD,WESTON ROAD,,Minor Crash,No,2006,,South,,0,,Flat,,,,,,Bright sun,2672700,1,0,0,2,,,0,,,,,,Canterbury Region,Nil,2-way,Sealed,,0,0,,50,,Null,0,0,,60,Christchurch City,Nil,,,,,1,0,Urban,0,,,Fine,Null
1563912,5180649,30895,,587812,0,,0,1,,Null,2005/2006,SH 73 YALDHURST,RACECOURSE ROAD,,Minor Crash,Yes,2006,,East,,0,,Flat,,,,,,Overcast,2495401,1,0,0,4,,,0,,,,,,Canterbury Region,Nil,2-way,Sealed,,0,0,,60,,Null,0,0,,60,Christchurch City,Give way,,,,,1,0,Urban,0,,,Fine,Null
1294082,5043649,30896,,608800,0,,0,2,,Null,2005/2006,BROWNSTON ST,RUSSELL ST,,Minor Crash,No,2006,,East,,0,,Hill Road,,,,,,Bright sun,3036000,1,0,0,2,,,0,,,,,,Otago Region,Nil,2-way,Sealed,,0,0,,50,,Null,0,0,,70,Queenstown-Lakes District,Give way,,,,,0,0,Urban,0,,,Fine,Null
1750553,5926833,30897,,510010,0,0,0,1,0,West,2005/2006,SUNNYHAVEN AVENUE,RANGATIRA ROAD,,Non-Injury Crash,No,2006,0,South,0,0,0,Flat,0,,0,,0,Overcast,342600,0,0,0,2,0,0,0,0,1,,0,0,Auckland Region,Nil,2-way,Sealed,0,0,0,0,50,0,Off,0,0,,76,Auckland,Nil,0,0,0,0,0,0,Urban,1,0,0,Fine,Null
1759954,5915694,30898,,516003,0,0,0,5,0,North,2005/2006,GREAT SOUTH ROAD,PURIRI AVENUE,,Non-Injury Crash,No,2006,0,North,0,0,0,Flat,0,,0,,0,Dark,495200,0,0,0,4,0,0,0,0,1,,0,0,Auckland Region,Nil,2-way,Sealed,0,0,0,0,50,0,On,0,0,,76,Auckland,Nil,0,0,0,0,0,0,Urban,0,0,0,Fine,Null
1770669,5898615,30899,,523920,0,,0,3,,Null,2006/2007,TAKA ST,GREAT SOUTH ROAD,,Non-Injury Crash,No,2006,,South,,0,,Flat,,,,,,Twilight,768001,0,0,0,4,,,0,,,,,,Auckland Region,Nil,2-way,Sealed,,0,0,,50,,Off,0,0,,76,Auckland,Traffic Signals,,,,,0,0,Urban,0,,,Fine,Null
1745387,5917329,30900,,510800,0,0,0,1,0,South,2006/2007,GREAT NORTH ROAD,HENDERSON VALLEY ROAD,,Non-Injury Crash,No,2006,0,North,0,0,0,Flat,0,,0,,0,Overcast,241600,0,0,0,4,0,0,0,0,0,,0,0,Auckland Region,Nil,2-way,Sealed,0,0,0,0,50,0,Off,1,0,30,76,Auckland,Nil,0,0,0,0,0,0,Urban,0,1,0,Fine,Null
1745315,5919992,30901,,513301,0,,0,2,,North,2005/2006,LINCOLN ROAD,PARAMOUNT DRIVE,,Minor Crash,No,2006,,North,,0,,Flat,,,,,,Overcast,230401,3,0,0,2,,,0,,,,,,Auckland Region,Nil,2-way,Sealed,,0,0,,50,,Off,0,0,,76,Auckland,Nil,,,,,0,0,Urban,0,,,Heavy rain,Null
1751951,5928807,30902,,508411,0,0,0,2,0,South,2006/2007,LYNN ROAD,HALE CRESCENT,,Non-Injury Crash,No,2006,0,North,0,0,0,Flat,0,,0,,0,Dark,185006,0,0,0,2,0,0,0,0,1,,0,0,Auckland Region,Nil,2-way,Sealed,0,0,0,0,50,0,On,0,0,,76,Auckland,Unknown,0,0,0,0,0,0,Urban,0,0,0,Light rain,Null
1835751,5858123,30903,,534200,0,,0,0,,Null,2006/2007,SH 26,MILL ROAD,,Serious Crash,Yes,2006,,South,,0,,Flat,,,,,,Bright sun,1075901,0,0,2,2,,,0,,,,,,Waikato Region,Nil,2-way,Sealed,,0,2,,100,,Null,0,0,,12,Hauraki District,Stop,,,,,0,0,Open,1,,,Fine,Null
1769282,5469037,30904,,566000,0,,0,1,,South,2006/2007,SH 1N,AMOHIA ST,,Minor Crash,Yes,2006,,North,,0,,Flat,,,,,,Bright sun,2000400,1,0,0,2,,,0,,,,,,Wellington Region,Nil,2-way,Sealed,,0,0,,50,,Null,0,0,,43,Kapiti Coast District,Nil,,,,,1,0,Urban,0,,,Fine,Null
1770598,5898686,30905,,523920,0,,0,1,,North,2006/2007,GREAT SOUTH ROAD,WALTER STREVENS DRIVE,,Non-Injury Crash,No,2006,,North,,0,,Flat,,,,,,Overcast,768008,0,0,0,4,,,0,,,,,,Auckland Region,Nil,2-way,Sealed,,0,0,,50,,Null,1,0,,76,Auckland,Unknown,,,,,0,0,Urban,0,,,Light rain,Null