X,Y,OBJECTID,advisorySpeed,areaUnitID,bicycle,bridge,bus,carStationWagon,cliffBank,crashDirectionDescription,crashFinancialYear,crashLocation1,crashLocation2,crashRoadSideRoad,crashSeverity,crashSHDescription,crashYear,debris,directionRoleDescription,ditch,fatalCount,fence,flatHill,guardRail,holiday,houseOrBuilding,intersection,kerb,light,meshblockId,minorInjuryCount,moped,motorcycle,NumberOfLanes,objectThrownOrDropped,otherObject,otherVehicleType,overBank,parkedVehicle,pedestrian,phoneBoxEtc,postOrPole,region,roadCharacter,roadLane,roadSurface,roadworks,schoolBus,seriousInjuryCount,slipOrFlood,speedLimit,strayAnimal,streetLight,suv,taxi,temporarySpeedLimit,tlaId,tlaName,trafficControl,trafficIsland,trafficSign,train,tree,truck,unknownVehicleType,urban,vanOrUtility,vehicle,waterRiver,weatherA,weatherB
1755685,5926251,30906,,509702,0,0,0,2,0,Null,2005/2006,LAKE ROAD,FRASER AVENUE,,Non-Injury Crash,No,2006,0,North,0,0,0,Flat,0,,0,,0,Dark,364900,0,0,0,2,0,0,0,0,1,,0,0,Auckland Region,Nil,2-way,Sealed,0,0,0,0,50,0,On,0,0,,76,Auckland,Give way,0,0,0,0,0,0,Urban,0,0,0,Light rain,Frost
1800647,5839949,30907,,527111,0,0,0,0,0,East,2005/2006,ORINI ROAD,TENFOOT ROAD,,Minor Crash,No,2006,0,South,0,0,1,Flat,0,,0,,0,Dark,947400,1,0,0,2,0,0,0,0,0,,0,0,Waikato Region,Nil,2-way,Sealed,0,0,0,0,100,0,None,1,0,,13,Waikato District,Unknown,0,0,0,0,0,0,Open,0,0,0,Fine,Null
1565555,5180037,30908,,590200,1,,0,0,,Null,2006/2007,RICCARTON ROAD,HANSONS LANE,,Minor Crash,No,2006,,East,,0,,Flat,,,,,,Bright sun,2540400,1,0,0,2,,,0,,,1,,,Canterbury Region,Nil,2-way,Sealed,,0,0,,50,,Null,0,0,,60,Christchurch City,Traffic Signals,,,,,0,0,Urban,0,,,Fine,Null
1880889,5826517,30909,,536821,0,,0,1,,Null,2005/2006,SH 2,TASMAN QUAY,,Non-Injury Crash,Yes,2006,,North,,0,,Flat,,,,,,Overcast,1203700,0,0,0,2,,,0,,,,,,Bay of Plenty Region,Nil,2-way,Sealed,,0,0,,50,,Null,0,0,,23,Tauranga City,Give way,,,,,0,0,Urban,1,,,Fine,Null
1539544,5167886,30910,,587010,0,,0,1,,North,2005/2006,SH 1S,TELEGRAPH ROAD,,Minor Crash,Yes,2006,,South,,0,,Flat,,,,,,Dark,2467300,1,0,0,2,,,0,,,,,,Canterbury Region,Nil,2-way,Sealed,,0,0,,100,,None,0,0,,62,Selwyn District,Unknown,,,,,0,0,Open,0,,,Fine,Null
1263927,5005316,30911,,608700,1,,0,0,,Null,2005/2006,SH 6,HUMPHREY ST,,Minor Crash,Yes,2006,,South,,0,,Flat,,,,,,Overcast,3037800,1,0,0,2,,,0,,,,,,Otago Region,Nil,2-way,Sealed,,0,0,,80,,Null,1,0,,70,Queenstown-Lakes District,Give way,,,,,0,0,Open,0,,,Fine,Null
1745959,5973721,30912,,506661,0,0,0,2,0,Null,2005/2006,SH 1N,L PHILLIPS ROAD,,Non-Injury Crash,Yes,2006,2,North,0,0,0,Hill Road,0,,0,,0,Overcast,139000,0,0,0,2,0,0,0,0,0,,0,0,Auckland Region,Nil,2-way,Sealed,0,0,0,0,100,0,None,0,0,,76,Auckland,Nil,0,0,0,0,0,0,Open,0,0,0,Light rain,Null
1765267,5900494,30913,,524821,0,,0,2,,South,2006/2007,FINLAYSON AVENUE,BUNDENA PLACE,,Non-Injury Crash,No,2006,,South,,0,,Hill Road,,,,,,Dark,774409,0,0,0,2,,,0,,,,,,Auckland Region,Nil,2-way,Sealed,,0,0,,50,,On,0,0,,76,Auckland,Nil,,,,,0,0,Urban,0,,,Fine,Null
1574445,5184660,30914,,590501,0,0,0,2,0,North,2006/2007,BURWOOD ROAD,SH 74,,Minor Crash,No,2006,0,North,0,0,0,Flat,0,,0,,0,Overcast,2506401,1,0,0,2,0,0,0,0,1,,0,0,Canterbury Region,Nil,2-way,Sealed,0,0,0,0,50,0,Null,0,0,,60,Christchurch City,Unknown,0,0,0,0,0,0,Urban,0,0,0,Fine,Null
1757818,5915533,30915,,515801,0,,0,2,,West,2005/2006,GREEN LANE WEST,MANUKAU ROAD,,Non-Injury Crash,No,2006,,West,,0,,Flat,,,,,,Twilight,447400,0,0,0,4,,,0,,,,,,Auckland Region,Nil,2-way,Sealed,,0,0,,50,,On,0,0,,76,Auckland,Nil,,,,,0,0,Urban,0,,,Fine,Null
1768916,5900839,30916,,525002,0,,0,2,,Null,2005/2006,GREAT SOUTH ROAD,ALFRISTON ROAD,,Minor Crash,No,2006,,West,,0,,Flat,,,,,,Dark,752802,5,0,0,4,,,0,,,,,,Auckland Region,Nil,2-way,Sealed,,0,0,,50,,On,0,0,,76,Auckland,Traffic Signals,,,,,0,0,Urban,0,,,Fine,Null
1764361,5909325,30917,,521901,0,0,0,0,0,South,2005/2006,GREAT SOUTH ROAD,FAIRBURN ROAD,,Non-Injury Crash,No,2006,0,North,0,0,0,Flat,0,,0,,0,Bright sun,784900,0,0,0,4,0,0,0,0,1,,0,0,Auckland Region,Nil,2-way,Sealed,0,0,0,0,50,0,Off,0,0,,76,Auckland,Nil,0,0,0,0,2,0,Urban,0,0,0,Fine,Null
1758246,5920213,30918,,514103,0,,0,1,,West,2005/2006,PARNELL RISE,SH 16,,Non-Injury Crash,No,2006,,East,,0,,Flat,,,,,,Bright sun,438203,0,0,0,5,,,0,,,,,,Auckland Region,Nil,2-way,Sealed,,0,0,,50,,Off,0,0,,76,Auckland,Traffic Signals,,,,,1,0,Urban,0,,,Fine,Null
1755114,5919967,30919,,515302,0,,0,2,,East,2006/2007,VERMONT ST,VERMONT PLACE,,Non-Injury Crash,No,2006,,West,,0,,Hill Road,,,,,,Overcast,431200,0,0,0,2,,,0,,,,,,Auckland Region,Nil,2-way,Sealed,,0,0,,50,,Off,0,0,,76,Auckland,Nil,,,,,0,0,Urban,0,,,Heavy rain,Null
1757879,5914453,30920,,518600,0,,0,2,,Null,2005/2006,PAH ROAD,SELWYN ROAD,,Non-Injury Crash,No,2006,,North,,0,,Flat,,,,,,Overcast,565800,0,0,0,2,,,0,,,,,,Auckland Region,Nil,2-way,Sealed,,0,0,,50,,Off,0,0,,76,Auckland,Nil,,,,,0,0,Urban,0,,,Fine,Null
1569116,5185244,30921,,588102,0,,0,0,,East,2005/2006,SH 74,MAIN NORTH ROAD,,Minor Crash,Yes,2006,,East,,0,,Flat,,,,,,Bright sun,2508200,2,0,0,2,,,0,,,,,,Canterbury Region,Nil,2-way,Sealed,,0,0,,50,,Null,0,0,,60,Christchurch City,Unknown,,,,,0,0,Urban,1,,,Fine,Strong wind
1932274,5618923,30922,,547002,0,,0,2,,Null,2006/2007,YORK AVENUE,RANFURLY ST,,Minor Crash,No,2006,,South,,0,,Flat,,,,,,Overcast,1454300,1,0,0,2,,,0,,,,,,Hawke's Bay Region,Nil,2-way,Sealed,,0,0,,50,,Null,0,0,,31,Napier City,Give way,,,,,0,0,Urban,0,,,Fine,Null
1755637,5446174,30923,,571501,0,0,0,1,0,North,2006/2007,WHITFORD OFF NBD,SH 1N,,Non-Injury Crash,Yes,2006,0,North,0,0,0,Flat,0,,0,,0,Overcast,2056601,0,0,0,2,0,0,0,0,0,,0,1,Wellington Region,Nil,2-way,Sealed,0,0,0,0,100,0,Null,0,0,,44,Porirua City,Traffic Signals,0,0,0,0,0,0,Open,0,0,0,Light rain,Null
1394976,4914395,30924,,606220,0,0,0,2,0,South,2006/2007,QUARRY ROAD,TWEED ST,,Minor Crash,No,2006,0,South,0,0,0,Hill Road,0,,0,,0,Dark,2970200,1,0,0,2,0,0,0,0,1,,0,0,Otago Region,Nil,2-way,Sealed,0,0,0,0,50,0,On,0,0,,71,Dunedin City,Unknown,0,0,0,0,0,0,Urban,0,0,0,Fine,Null
1796615,5814338,30925,,528602,0,,0,2,,West,2006/2007,SH 23,NEWCASTLE ROAD,,Non-Injury Crash,Yes,2006,,West,,0,,Flat,,,,,,Dark,920901,0,0,0,2,,,0,,,,,,Waikato Region,Nil,2-way,Sealed,,0,0,,50,,On,0,0,,16,Hamilton City,Unknown,,,,,0,0,Urban,0,,,Fine,Null
1764651,5911754,30926,,520500,0,0,0,3,0,North,2005/2006,SH 1N,OTAHUHU OFF SBD,,Non-Injury Crash,Yes,2006,0,South,0,0,0,Flat,2,,0,,0,Twilight,639602,0,0,0,3,0,0,0,0,0,,0,0,Auckland Region,Nil,1-way,Sealed,0,0,0,0,100,0,Off,0,0,,76,Auckland,Nil,0,0,0,0,2,0,Open,0,0,0,Fine,Null
1368499,5063351,30927,,600831,0,0,0,1,0,Null,2005/2006,SH 83,SAILORS CUTTING,,Minor Crash,Yes,2006,0,North,0,0,1,Hill Road,0,,0,,0,Bright sun,2852300,1,0,0,2,0,0,0,1,0,,0,0,Canterbury Region,Nil,2-way,Sealed,0,0,0,0,100,0,Null,0,0,,68,Waitaki District,Unknown,0,0,0,0,0,0,Open,0,0,0,Fine,Null
1746346,5921668,30928,,512300,0,0,0,1,0,West,2005/2006,TAIKATA ROAD,TE ATATU ROAD,,Non-Injury Crash,No,2006,0,West,0,0,0,Flat,0,,0,,0,Dark,249600,0,0,0,2,0,0,0,0,0,,0,0,Auckland Region,Nil,2-way,Sealed,0,0,0,0,50,0,On,0,0,,76,Auckland,Nil,0,0,0,0,0,0,Urban,0,0,0,Fine,Null
1763919,5437288,30929,,568302,0,,0,1,,Null,2005/2006,NAENAE ROAD,RATA ST,,Non-Injury Crash,No,2006,,South,,0,,Flat,,,,,,Bright sun,1958200,0,0,0,2,,,0,,,,,,Wellington Region,Nil,2-way,Sealed,,0,0,,50,,Null,1,0,,46,Lower Hutt City,Stop,,,,,0,0,Urban,0,,,Fine,Null
1766338,5907570,30930,,523601,0,,0,2,,Null,2006/2007,EAST TAMAKI ROAD,OTARA OFF SBD,,Minor Crash,No,2006,,East,,0,,Flat,,,,,,Dark,708500,2,0,0,4,,,0,,,,,,Auckland Region,Motorway ramp,2-way,Sealed,,0,0,,50,,On,0,0,,76,Auckland,Traffic Signals,,,,,0,0,Urban,0,,,Fine,Null
1795157,5776473,30931,,531303,0,0,0,1,0,South,2006/2007,OURUWHERO ROAD,PEACOCK ROAD,,Minor Crash,No,2006,0,South,0,0,1,Hill Road,0,,0,,0,Overcast,995501,2,0,0,2,0,0,0,0,0,,0,0,Waikato Region,Nil,2-way,Sealed,0,0,0,0,100,0,None,0,0,,18,Ōtorohanga District,Nil,0,0,0,0,0,0,Open,0,0,0,Heavy rain,Null
1839134,5662518,30932,25,541501,0,0,0,1,0,North,2005/2006,SH 1N,TREE TRUNK GORGE ROAD,,Non-Injury Crash,Yes,2006,0,South,0,0,0,Hill Road,0,,0,,0,Overcast,1288900,0,0,0,2,0,0,0,1,0,,0,0,Waikato Region,Nil,2-way,Sealed,0,0,0,0,100,0,Null,0,0,,21,Taupo District,Unknown,0,0,0,0,0,0,Open,0,0,0,Heavy rain,Null
1768623,5909744,30933,,523112,0,,0,2,,South,2005/2006,SPRINGS ROAD,SMALES ROAD,,Non-Injury Crash,No,2006,,North,,0,,Flat,,,,,,Dark,711600,0,0,0,2,,,0,,,,,,Auckland Region,Nil,2-way,Sealed,,0,0,,50,,On,0,0,,76,Auckland,Traffic Signals,,,,,0,0,Urban,0,,,Light rain,Null
1841431,5813046,30934,,535220,0,0,0,1,0,East,2005/2006,PERIA ROAD,GUNN ROAD,,Non-Injury Crash,No,2006,0,East,0,0,1,Flat,0,,0,,0,Bright sun,1117000,0,0,0,2,0,0,0,0,0,,0,0,Waikato Region,Nil,2-way,Sealed,0,0,0,0,100,0,Null,0,0,,15,Matamata-Piako District,Unknown,0,0,0,0,0,0,Open,0,0,0,Fine,Null
1756013,5929522,30935,,508510,0,,0,3,,South,2005/2006,FORREST HILL ROAD,HAVELOCK AVENUE,,Non-Injury Crash,No,2006,,North,,0,,Flat,,,,,,Overcast,194700,0,0,0,2,,,0,,,,,,Auckland Region,Nil,2-way,Sealed,,0,0,,50,,Off,0,0,,76,Auckland,Nil,,,,,0,0,Urban,0,,,Fine,Null
1766972,5906800,30936,,522302,0,,0,1,,South,2005/2006,SH 1N,EAST TAMAKI OBR,,Minor Crash,Yes,2006,,North,,0,,Flat,,,,,,Overcast,669700,1,0,0,3,,,0,,,,,,Auckland Region,Nil,1-way,Sealed,,0,0,,100,,Off,1,0,,76,Auckland,Nil,,,,,1,0,Open,0,,,Fine,Null
1741581,6001761,30937,,505021,0,0,0,0,0,North,2006/2007,MOLESWORTH DRIVE,OLD WAIPU ROAD,,Minor Crash,No,2006,0,South,1,0,0,Flat,0,,0,,0,Overcast,133709,1,0,0,2,0,0,0,0,0,,0,1,Northland Region,Nil,2-way,Sealed,0,0,0,0,80,0,Off,1,0,,3,Kaipara District,Nil,0,0,0,0,0,0,Open,0,0,0,Heavy rain,Strong wind
1766013,5907765,30938,,523402,0,0,0,0,0,North,2005/2006,SH 1N,OTARA OFF SBD,,Non-Injury Crash,Yes,2006,0,South,0,0,0,Flat,1,,0,,0,Dark,699200,0,0,0,3,0,0,0,0,0,,0,1,Auckland Region,Nil,1-way,Sealed,0,0,0,0,100,0,On,1,0,,76,Auckland,Nil,0,0,0,0,0,0,Open,0,0,0,Light rain,Null
1801962,5830239,30939,,527123,0,0,0,1,0,North,2006/2007,SH 1B,WHITIKAHU ROAD,,Non-Injury Crash,Yes,2006,0,South,0,0,1,Flat,0,Christmas New Year,0,,0,Bright sun,949700,0,0,0,2,0,0,0,0,0,,0,0,Waikato Region,Nil,2-way,Sealed,0,0,0,0,100,0,Null,0,0,,13,Waikato District,Unknown,0,0,0,0,0,0,Open,0,0,0,Fine,Null
1874684,5716500,30940,,541312,0,0,0,1,0,West,2006/2007,BROADLANDS ROAD,VIEW ROAD,,Non-Injury Crash,No,2006,0,West,0,0,1,Flat,0,,0,,0,Dark,1279801,0,0,0,2,0,0,0,0,0,,0,0,Waikato Region,Nil,2-way,Sealed,0,0,0,0,100,0,On,0,0,,21,Taupo District,Unknown,0,0,0,1,0,0,Open,0,0,0,Fine,Null
1547670,5204847,30941,,586115,0,1,0,1,0,North,2006/2007,TIPPINGS ROAD,CUST ROAD,,Serious Crash,No,2006,0,North,0,0,0,Flat,0,,0,,0,Bright sun,2450400,0,0,0,1,0,0,0,0,0,,0,0,Canterbury Region,Bridge,2-way,Unsealed,0,0,1,0,100,0,Null,0,0,,59,Waimakariri District,Unknown,0,0,0,0,0,0,Open,0,0,0,Fine,Null
1753206,5927761,30942,,508210,0,0,0,1,0,East,2005/2006,PEACH ROAD,WAVERLEY AVENUE,,Non-Injury Crash,No,2006,0,East,0,0,0,Hill Road,0,,0,,0,Bright sun,186900,0,0,0,2,0,0,0,0,1,,0,0,Auckland Region,Nil,2-way,Sealed,0,0,0,0,50,0,Off,0,0,,76,Auckland,Nil,0,0,0,0,1,0,Urban,0,0,0,Fine,Null
1805558,5784962,30943,,527936,0,1,0,1,0,North,2005/2006,SH 3,TE MAWHAI ROAD,,Non-Injury Crash,Yes,2006,0,South,0,0,0,Flat,0,,0,,0,Bright sun,989311,0,0,0,2,0,0,0,0,0,,0,0,Waikato Region,Bridge,2-way,Sealed,0,0,0,0,100,0,Null,0,0,,17,Waipa District,Unknown,0,0,0,0,0,0,Open,0,0,0,Fine,Null
1759120,5916841,30944,,516001,0,0,0,2,0,North,2005/2006,SH 1N,MARKET OBR,,Non-Injury Crash,Yes,2006,0,North,0,0,0,Flat,1,,0,,0,Dark,491200,0,0,0,4,0,0,0,0,0,,0,0,Auckland Region,Nil,1-way,Sealed,0,0,0,0,100,0,On,0,0,,76,Auckland,Nil,0,0,0,0,0,0,Open,0,0,0,Heavy rain,Null
1916280,5806429,30945,65,536654,0,0,0,1,0,East,2006/2007,SH 2,WAITAHANUI LANE,,Non-Injury Crash,Yes,2006,0,East,0,0,0,Hill Road,1,,0,,0,Overcast,1213200,0,0,0,2,0,0,0,0,0,,0,0,Bay of Plenty Region,Nil,2-way,Sealed,0,0,0,0,100,0,None,0,0,,22,Western Bay of Plenty District,Nil,0,0,0,0,0,0,Open,0,0,0,Light rain,Null
1656051,5308226,30946,,581400,0,,0,1,,Null,2005/2006,SH 1S,MILL ROAD,,Serious Crash,Yes,2006,,East,,0,,Flat,,,,,,Overcast,2313000,0,0,1,2,,,0,,,,,,Canterbury Region,Nil,2-way,Sealed,,0,2,,100,,Null,0,0,,54,Kaikoura District,Stop,,,,,0,0,Open,0,,,Fine,Null
1752197,5946930,30947,,506001,0,,0,2,,Null,2005/2006,WHANGAPARAOA ROAD,CHENERY ROAD,,Minor Crash,No,2006,,West,,0,,Flat,,,,,,Overcast,175501,1,0,0,6,,,0,,,,,,Auckland Region,Nil,2-way,Sealed,,0,0,,50,,Off,0,0,,76,Auckland,Traffic Signals,,,,,0,0,Urban,0,,,Light rain,Null
1799763,5816532,30948,,529700,1,,0,1,,Null,2005/2006,ULSTER ST,EDGECUMBE ST,,Non-Injury Crash,No,2006,,South,,0,,Flat,,,,,,Dark,908900,0,0,0,4,,,0,,,,,,Waikato Region,Nil,2-way,Sealed,,0,0,,60,,On,0,0,,16,Hamilton City,Give way,,,,,0,0,Urban,1,,,Fine,Null
1768389,5467632,30949,,566101,0,0,0,1,0,North,2006/2007,SH 1N,RAUMATI ROAD,,Serious Crash,Yes,2006,0,South,0,0,1,Flat,0,,0,,0,Bright sun,2004103,0,0,0,3,0,0,0,0,0,,0,0,Wellington Region,Nil,2-way,Sealed,0,0,1,0,100,0,Null,0,0,,43,Kapiti Coast District,Nil,0,0,0,1,0,0,Open,0,0,0,Fine,Null
1754486,5928426,30950,,508320,0,0,0,1,0,South,2005/2006,DIANA DRIVE,HILLSIDE ROAD,,Non-Injury Crash,No,2006,0,North,0,0,1,Flat,0,,0,,0,Overcast,198100,0,0,0,2,0,0,0,0,0,,0,0,Auckland Region,Nil,2-way,Sealed,0,0,0,0,50,0,Off,0,0,,76,Auckland,Nil,0,0,0,0,0,0,Urban,0,0,0,Light rain,Null
1774526,5888301,30951,,521302,0,,0,1,,North,2006/2007,SH 1N,ARARIMU OBR,,Non-Injury Crash,Yes,2006,,South,,0,,Flat,,,,,,Bright sun,809104,0,0,0,2,,,0,,,,,,Auckland Region,Nil,1-way,Sealed,,0,0,,100,,Off,0,0,,76,Auckland,Nil,,,,,0,0,Open,1,,,Fine,Null
1762184,5913648,30952,,520500,0,,0,3,,South,2006/2007,SH 1N,PENROSE OBR,,Minor Crash,Yes,2006,,North,,0,,Flat,,,,,,Overcast,637100,1,0,0,3,,,0,,,,,,Auckland Region,Nil,1-way,Sealed,,0,0,,100,,Off,0,0,,76,Auckland,Nil,,,,,0,0,Open,0,,,Fine,Null
1752403,5933620,30953,,508701,0,,0,2,,West,2005/2006,Z CPK ALBANY MEGA CENTRE,MERCARI WAY,,Non-Injury Crash,No,2006,,West,,0,,Flat,,,,,,Bright sun,178900,0,0,0,0,,,0,,,,,,Auckland Region,Nil,Off road,Sealed,,0,0,,30,,Off,0,0,,76,Auckland,Nil,,,,,0,0,Urban,0,,,Null,Null
1769364,5901697,30954,,524901,0,0,0,1,0,East,2006/2007,HILL ROAD,CLAUDE ROAD,,Minor Crash,No,2006,0,East,0,0,0,Hill Road,0,,0,,0,Overcast,756800,1,0,0,2,0,0,0,0,0,,0,1,Auckland Region,Nil,2-way,Sealed,0,0,0,0,50,0,Off,0,0,,76,Auckland,Nil,0,0,0,0,0,0,Urban,0,0,0,Fine,Null
1718621,6044565,30955,,503600,0,,0,2,,Null,2006/2007,OTAIKA ROAD,TAREWA ROAD N,,Serious Crash,No,2006,,East,,0,,Flat,,,,,,Overcast,104200,0,0,0,3,,,0,,,,,,Northland Region,Nil,2-way,Sealed,,0,1,,50,,Off,0,0,,2,Whangarei District,Give way,,,,,1,0,Urban,0,,,Fine,Null
1244751,4849126,30956,,611400,0,,0,1,,West,2005/2006,TWEED ST,METZGER ST,,Minor Crash,No,2006,,West,,0,,Flat,,,,,,Overcast,3145100,1,0,0,4,,,0,,,,,,Southland Region,Nil,2-way,Sealed,,0,0,,50,,Null,1,0,,75,Invercargill City,Unknown,,,,,0,0,Urban,0,,,Fine,Null
1758415,5926590,30957,,508020,0,,0,1,,Null,2006/2007,ESMONDE ROAD,LAKE ROAD,,Minor Crash,No,2006,,North,,0,,Hill Road,,,,,,Dark,325300,1,0,0,3,,,0,,,,,,Auckland Region,Nil,2-way,Sealed,,0,0,,50,,On,0,0,,76,Auckland,Give way,,,,,1,0,Urban,0,,,Light rain,Null
1788222,5856198,30958,,527210,0,,0,0,,North,2005/2006,TE WHAREPU ROAD,LINK ROAD,,Serious Crash,No,2006,,North,,0,,Flat,,,,,,Dark,938603,0,0,0,4,,,0,,,,,,Waikato Region,Nil,2-way,Sealed,,0,1,,100,,None,0,0,,13,Waikato District,Unknown,,,,,1,0,Open,0,,,Mist or Fog,Null
1933453,5619455,30959,,546400,1,,0,1,,Null,2006/2007,TARADALE ROAD,TRINITY CRESCENT,,Minor Crash,No,2006,,West,,0,,Flat,,,,,,Bright sun,1427700,1,0,0,4,,,0,,,,,,Hawke's Bay Region,Nil,2-way,Sealed,,0,0,,50,,Null,0,0,,31,Napier City,Give way,,,,,0,0,Urban,0,,,Fine,Null
1851220,5461725,30960,,578402,0,0,0,1,0,East,2005/2006,BLAIRLOGIE LANGDALE ROAD,MASTERTON-CASTLEPOINT ROA,,Serious Crash,No,2006,0,East,0,0,1,Hill Road,0,,0,,0,Overcast,2255900,1,0,0,2,0,0,0,0,0,,0,0,Wellington Region,Nil,2-way,Sealed,0,0,1,0,100,0,Null,0,0,,48,Masterton District,Nil,0,0,0,1,0,0,Open,0,0,0,Fine,Null
1755455,5945129,30961,,505908,0,,0,1,,Null,2006/2007,KAURI ROAD,BRIGHTSIDE ROAD,,Non-Injury Crash,No,2006,,East,,0,,Flat,,,,,,Dark,173502,0,0,0,2,,,0,,,,,,Auckland Region,Nil,2-way,Sealed,,0,0,,50,,On,1,0,,76,Auckland,Give way,,,,,0,0,Urban,0,,,Fine,Null
1764845,5911082,30962,,520500,0,,0,2,,North,2006/2007,SH 1N,OTAHUHU OFF SBD,,Non-Injury Crash,Yes,2006,,South,,0,,Flat,,Christmas New Year,,,,Overcast,635901,0,0,0,3,,,0,,,,,,Auckland Region,Nil,1-way,Sealed,,0,0,,100,,Off,0,0,,76,Auckland,Nil,,,,,0,0,Open,0,,,Light rain,Null
1221005,4887557,30963,,612740,0,0,0,1,0,South,2006/2007,OTAUTAU-WREYS BUSH ROAD,HUNDRED LINE ROAD WEST,,Minor Crash,No,2006,0,South,0,0,1,Flat,0,,0,,0,Overcast,3178100,1,0,0,2,0,0,0,0,0,,0,0,Southland Region,Nil,2-way,Sealed,0,0,0,0,100,0,Null,0,0,,73,Southland District,Unknown,0,0,0,1,0,0,Open,0,0,0,Fine,Null
1768626,5909759,30964,30,523112,0,,0,1,,North,2006/2007,HARRIS ROAD,SMALES ROAD,,Non-Injury Crash,No,2006,,South,,0,,Flat,,,,,,Bright sun,711500,0,0,0,4,,,0,,,,,,Auckland Region,Nil,2-way,Sealed,,0,0,,60,,Off,0,0,,76,Auckland,Traffic Signals,,,,,0,0,Urban,1,,,Fine,Null
1925062,5802480,30965,,542530,0,0,0,1,1,Null,2006/2007,SH 2,MIMIHA ROAD,,Minor Crash,Yes,2006,0,West,0,0,0,Flat,0,,0,,0,Dark,1325500,3,0,0,2,0,0,0,0,0,,0,0,Bay of Plenty Region,Nil,2-way,Sealed,0,0,0,0,100,0,None,0,0,,25,Whakatane District,Nil,0,0,0,0,0,0,Open,0,0,0,Null,Frost
1906626,5784197,30966,,538820,0,0,0,1,0,East,2006/2007,SH 30,TAMATEA ST,,Non-Injury Crash,Yes,2006,0,West,1,0,0,Flat,0,,0,,0,Twilight,1252700,0,0,0,2,0,0,0,0,0,,0,0,Bay of Plenty Region,Nil,2-way,Sealed,0,0,0,0,100,0,None,0,0,,24,Rotorua District,Nil,0,0,0,0,0,0,Open,0,0,0,Fine,Frost
1600805,5446031,30967,,584301,0,0,0,1,0,South,2005/2006,SH 60,WHARF ROAD,,Minor Crash,Yes,2006,0,North,0,0,0,Flat,0,,0,,0,Overcast,2372801,1,0,0,2,0,0,0,1,0,,0,0,Tasman Region,Nil,2-way,Sealed,0,0,0,0,100,0,Null,0,0,,51,Tasman District,Nil,0,0,0,0,0,0,Open,0,0,0,Heavy rain,Null
1862652,5828987,30968,85,536620,0,0,0,0,0,East,2005/2006,SH 2,APATA STATION ROAD,,Serious Crash,Yes,2006,0,West,0,0,1,Flat,0,,0,,0,Bright sun,1186000,0,0,1,2,0,1,0,0,0,,0,0,Bay of Plenty Region,Nil,2-way,Sealed,0,0,1,0,100,0,Null,0,0,,22,Western Bay of Plenty District,Unknown,0,0,0,0,0,0,Open,0,0,0,Fine,Null
1744612,5915940,30969,,510800,0,,0,2,,South,2006/2007,HENDERSON VALLEY ROAD,CORBAN AVENUE,,Non-Injury Crash,No,2006,,North,,0,,Flat,,,,,,Overcast,242502,0,0,0,2,,,0,,,,,,Auckland Region,Nil,2-way,Sealed,,0,0,,50,,Off,0,0,,76,Auckland,Give way,,,,,0,0,Urban,0,,,Fine,Null
1405545,4914208,30970,,604410,0,0,0,1,0,Null,2005/2006,BRADSHAW ST,OSMOND ST,,Minor Crash,No,2006,0,South,0,0,0,Flat,0,,1,,0,Bright sun,2930000,2,0,0,2,0,0,0,0,0,,0,0,Otago Region,Nil,2-way,Sealed,0,0,0,0,50,0,Null,1,0,,71,Dunedin City,Nil,0,0,0,0,0,0,Urban,0,0,0,Fine,Null
1747913,5911798,30971,,511901,0,,0,2,,South,2006/2007,TITIRANGI ROAD,HIGHLAND AVENUE,,Non-Injury Crash,No,2006,,South,,0,,Hill Road,,,,,,Bright sun,293900,0,0,0,2,,,0,,,,,,Auckland Region,Nil,2-way,Sealed,,0,0,,50,,Off,0,0,,76,Auckland,Nil,,,,,0,0,Urban,0,,,Fine,Null
1804175,5813749,30972,,530700,0,,0,2,,Null,2006/2007,SH 1N,CAMBRIDGE ROAD,,Non-Injury Crash,Yes,2006,,North,,0,,Flat,,,,,,Overcast,887701,0,0,0,4,,,0,,,,,,Waikato Region,Nil,2-way,Sealed,,0,0,,60,,Null,0,0,,16,Hamilton City,Give way,,,,,0,0,Urban,0,,,Fine,Null
1568948,5184935,30973,,591800,0,,0,1,,Null,2006/2007,MAIN NORTH ROAD,CRANFORD ST,,Minor Crash,No,2006,,South,,0,,Flat,,,,,,Dark,2664600,1,0,0,5,,,0,,,,,,Canterbury Region,Nil,2-way,Sealed,,0,0,,50,,On,0,0,,60,Christchurch City,Traffic Signals,,,,,0,0,Urban,1,,,Fine,Null
1768681,5880765,30974,,525921,0,,0,1,,Null,2005/2006,QUEEN ST,HARRIS ST,,Minor Crash,No,2006,,North,,0,,Flat,,,,,,Overcast,821900,1,0,0,2,,,0,,,,,,Auckland Region,Nil,2-way,Sealed,,0,0,,50,,Off,1,0,,76,Auckland,Give way,,,,,0,0,Urban,0,,,Fine,Null
1719863,6047520,30975,,502700,0,,0,2,,Null,2005/2006,NIXON ST,MILL ROAD,,Non-Injury Crash,No,2006,,East,,0,,Flat,,,,,,Dark,91700,0,0,0,4,,,0,,,,,,Northland Region,Nil,2-way,Sealed,,0,0,,50,,On,0,0,,2,Whangarei District,Traffic Signals,,,,,0,0,Urban,0,,,Fine,Null