X,Y,OBJECTID,advisorySpeed,areaUnitID,bicycle,bridge,bus,carStationWagon,cliffBank,crashDirectionDescription,crashFinancialYear,crashLocation1,crashLocation2,crashRoadSideRoad,crashSeverity,crashSHDescription,crashYear,debris,directionRoleDescription,ditch,fatalCount,fence,flatHill,guardRail,holiday,houseOrBuilding,intersection,kerb,light,meshblockId,minorInjuryCount,moped,motorcycle,NumberOfLanes,objectThrownOrDropped,otherObject,otherVehicleType,overBank,parkedVehicle,pedestrian,phoneBoxEtc,postOrPole,region,roadCharacter,roadLane,roadSurface,roadworks,schoolBus,seriousInjuryCount,slipOrFlood,speedLimit,strayAnimal,streetLight,suv,taxi,temporarySpeedLimit,tlaId,tlaName,trafficControl,trafficIsland,trafficSign,train,tree,truck,unknownVehicleType,urban,vanOrUtility,vehicle,waterRiver,weatherA,weatherB
1933298,5608501,30976,,545722,0,0,0,1,0,Null,2006/2007,ANDERSON ROAD,WHAKATU ROAD,,Minor Crash,No,2006,0,West,0,0,0,Flat,0,,0,,0,Dark,1405700,1,0,0,2,0,0,0,0,0,,0,1,Hawke's Bay Region,Nil,2-way,Sealed,0,0,0,0,100,0,On,0,0,,30,Hastings District,Nil,0,0,0,0,0,0,Open,0,0,0,Light rain,Null
1757808,5918194,30977,,515700,0,,0,2,,North,2005/2006,SH 1N,GILLIES OBR,,Non-Injury Crash,Yes,2006,,South,,0,,Flat,,,,,,Dark,443200,0,0,0,4,,,0,,,,,,Auckland Region,Nil,1-way,Sealed,,0,0,,100,,On,0,0,,76,Auckland,Nil,,,,,0,0,Open,0,,,Fine,Null
1876882,5821226,30978,,537500,0,,0,3,,South,2005/2006,CAMERON ROAD,TWENTYTHIRD AVENUE,,Non-Injury Crash,No,2006,,North,,0,,Flat,,,,,,Bright sun,1171600,0,0,0,2,,,0,,,,,,Bay of Plenty Region,Nil,2-way,Sealed,,0,0,,50,,Null,0,0,,23,Tauranga City,Unknown,,,,,0,0,Urban,0,,,Fine,Null
1921436,5781923,30979,,542540,0,0,0,1,1,East,2005/2006,SH 30,SH 34 KAWERAU ROAD W,,Minor Crash,Yes,2006,0,North,1,0,0,Flat,0,,0,,0,Bright sun,1326002,2,0,0,2,0,0,0,0,0,,0,0,Bay of Plenty Region,Nil,2-way,Sealed,0,0,0,0,100,0,Null,0,0,,25,Whakatane District,Unknown,0,1,0,0,0,0,Open,0,0,0,Fine,Null
1759923,5916073,30980,,516002,0,,0,2,,North,2006/2007,SH 1N,GREENLANE INT,,Non-Injury Crash,Yes,2006,,North,,0,,Flat,,,,,,Overcast,492100,0,0,0,4,,,0,,,,,,Auckland Region,Nil,2-way,Sealed,,0,0,,100,,None,0,0,,76,Auckland,Nil,,,,,0,0,Open,0,,,Fine,Null
1573615,5176722,30981,,591200,0,,0,1,,West,2005/2006,BRABOURNE ST,HILLDALE PLACE,,Minor Crash,No,2006,,East,,0,,Flat,,,,,,Overcast,2554004,1,0,0,2,,,0,,,1,,,Canterbury Region,Nil,2-way,Sealed,,0,0,,50,,Null,0,0,,60,Christchurch City,Unknown,,,,,0,0,Urban,0,,,Snow,Null
1763660,5428752,30982,,565300,0,,0,0,,Null,2006/2007,MAIN ROAD,HINE ROAD,,Minor Crash,No,2006,,South,,0,,Flat,,,,,,Overcast,2024300,1,0,1,2,,,0,,,,,,Wellington Region,Nil,2-way,Sealed,,0,0,,50,,Null,0,0,,46,Lower Hutt City,Stop,,,,,0,0,Urban,0,,,Heavy rain,Strong wind
2061897,5763035,30983,,543301,0,0,0,1,1,South,2005/2006,SH 35,BUSHBYS HILL CUL,,Non-Injury Crash,Yes,2006,0,North,1,0,0,Hill Road,0,,0,,0,Bright sun,1350300,0,0,0,2,0,1,0,0,0,,0,0,Gisborne Region,Nil,2-way,Sealed,0,0,0,0,100,0,Null,0,0,30,28,Gisborne District,Give way,0,0,0,0,1,0,Open,0,0,0,Fine,Null
1755893,5936295,30984,,507000,0,,0,1,,East,2005/2006,BETHEL ROAD,DEEP CREEK ROAD,,Non-Injury Crash,No,2006,,West,,0,,Flat,,,,,,Bright sun,164800,0,0,0,2,,,0,,,,,,Auckland Region,Nil,2-way,Sealed,,0,0,,50,,Off,1,0,,76,Auckland,Nil,,,,,0,0,Urban,0,,,Fine,Null
1766448,5907337,30985,,523601,0,,0,2,,Null,2005/2006,SH 1N,OTARA ON SBD,,Non-Injury Crash,Yes,2006,,South,,0,,Flat,,,,,,Dark,708500,0,0,0,3,,,0,,,,,,Auckland Region,Nil,1-way,Sealed,,0,0,,100,,On,0,0,,76,Auckland,Nil,,,,,0,0,Open,0,,,Light rain,Null
1669942,6116813,30986,,500401,0,0,0,1,1,North,2006/2007,SH 10,OMAUNU ROAD,,Non-Injury Crash,Yes,2006,0,South,0,0,0,Flat,0,,0,,0,Dark,18800,0,0,0,2,0,0,0,0,0,,0,0,Northland Region,Nil,2-way,Sealed,0,0,0,0,100,0,None,0,0,,1,Far North District,Nil,0,0,0,0,0,0,Open,0,0,0,Fine,Null
1403169,4914300,30987,,604210,0,0,0,1,0,West,2006/2007,SH 1S,MORNINGTON ROAD,,Fatal Crash,Yes,2006,0,West,0,1,0,Hill Road,1,,0,,0,Dark,2916400,0,0,0,4,0,0,0,0,0,,0,1,Otago Region,Nil,2-way,Sealed,0,0,0,0,50,0,On,0,0,,71,Dunedin City,Unknown,0,1,0,0,0,0,Urban,0,0,0,Fine,Null
1722403,6003282,30988,,504700,0,0,0,1,0,South,2006/2007,SH 12,VIEW ST W,,Non-Injury Crash,Yes,2006,0,South,1,0,0,Hill Road,0,,0,,0,Overcast,131500,0,0,0,2,0,0,0,0,0,,0,0,Northland Region,Nil,2-way,Sealed,0,0,0,0,70,0,Null,0,0,,3,Kaipara District,Nil,0,0,0,0,0,0,Urban,0,0,0,Mist or Fog,Null
1765649,5814855,30989,,526500,0,0,0,1,0,South,2006/2007,VIOLET ST,GOVERNMENT ROAD,,Serious Crash,No,2006,0,North,0,0,0,Hill Road,0,,0,,0,Overcast,855100,0,0,0,2,0,0,0,0,0,,0,1,Waikato Region,Nil,2-way,Sealed,0,0,1,0,50,0,Off,0,0,,13,Waikato District,Nil,0,0,0,0,0,0,Urban,0,0,0,Light rain,Null
1924931,5601574,30990,,545851,0,,0,2,,North,2006/2007,SH 50A,SH 2,,Minor Crash,Yes,2006,,North,,0,,Flat,,,,,,Bright sun,1463500,7,0,0,2,,,0,,,,,,Hawke's Bay Region,Nil,2-way,Sealed,,0,0,,100,,Null,0,0,,30,Hastings District,Nil,,,,,0,0,Open,0,,,Fine,Null
1751095,5935937,30991,,506300,0,0,0,1,0,North,2006/2007,ALBANY HEIGHTS ROAD,LONELY TRACK ROAD,,Non-Injury Crash,No,2006,0,North,1,0,0,Hill Road,0,,0,,0,Dark,176101,0,0,0,2,0,0,0,0,0,,0,0,Auckland Region,Nil,2-way,Sealed,0,0,0,0,100,0,None,0,0,,76,Auckland,Nil,0,0,0,0,0,0,Open,0,0,0,Light rain,Null
1763687,5909196,30992,,521901,0,0,0,3,0,East,2006/2007,NIKAU ROAD,WALMSLEY ROAD,,Minor Crash,No,2006,0,North,0,0,0,Flat,0,,0,,0,Twilight,785000,1,0,0,2,0,0,0,0,1,,0,0,Auckland Region,Nil,2-way,Sealed,0,0,0,0,50,0,On,0,0,,76,Auckland,Nil,0,0,0,0,0,0,Urban,1,0,0,Mist or Fog,Null
1801080,5817055,30993,,529800,0,,0,2,,South,2005/2006,HEAPHY TERRACE,OXFORD ST,,Non-Injury Crash,No,2006,,South,,0,,Flat,,,,,,Overcast,871100,0,0,0,2,,,0,,,,,,Waikato Region,Nil,2-way,Sealed,,0,0,,50,,Null,0,0,,16,Hamilton City,Nil,,,,,0,0,Urban,0,,,Light rain,Null
1779337,5915442,30994,,523300,0,,0,2,,Null,2005/2006,WHITFORD-MARAETAI ROAD,BEACHLANDS ROAD,,Non-Injury Crash,No,2006,,North,,0,,Flat,,,,,,Overcast,718900,0,0,0,2,,,0,,,,,,Auckland Region,Nil,2-way,Sealed,,0,0,,80,,Off,0,0,,76,Auckland,Stop,,,,,0,0,Open,0,,,Fine,Null
1763884,5912598,30995,,520500,0,,0,2,,Null,2006/2007,MOUNT WELLINGTON HIGHWAY,MT WGTN ON SBD,,Minor Crash,No,2006,,South,,0,,Flat,,,,,,Twilight,637400,1,0,0,4,,,0,,,,,,Auckland Region,Motorway ramp,2-way,Sealed,,0,0,,50,,Off,0,0,,76,Auckland,Traffic Signals,,,,,0,0,Urban,0,,,Fine,Null
1773414,5897569,30996,,523912,0,0,0,1,0,West,2005/2006,MATHESON ST,GROVE ROAD,,Non-Injury Crash,No,2006,0,East,0,0,0,Flat,0,,1,,0,Dark,765600,0,0,0,2,0,0,0,0,0,,0,0,Auckland Region,Nil,2-way,Sealed,0,0,0,0,50,0,On,0,0,,76,Auckland,Nil,0,0,0,0,0,0,Urban,0,0,0,Fine,Null
1805705,5785474,30997,,527937,0,,0,2,,Null,2006/2007,SH 3,ALLEN ROAD,,Minor Crash,Yes,2006,,South,,0,,Flat,,,,,,Overcast,989500,3,0,0,2,,,0,,,,,,Waikato Region,Nil,2-way,Sealed,,0,0,,100,,None,0,0,,17,Waipa District,Nil,,,,,0,0,Open,0,,,Light rain,Null
2037128,5708362,30998,,544600,0,,0,2,,North,2006/2007,GREY ST,CHILDERS ROAD,,Minor Crash,No,2006,,South,,0,,Flat,,,,,,Bright sun,1370700,1,0,0,2,,,0,,,,,,Gisborne Region,Nil,2-way,Sealed,,0,0,,50,,Null,0,0,,28,Gisborne District,Nil,,,,,0,0,Urban,0,,,Fine,Null
1752559,5918182,30999,,515002,0,,0,2,,East,2006/2007,GREAT NORTH ROAD,HUIA ROAD,,Non-Injury Crash,No,2006,,East,,0,,Flat,,,,,,Bright sun,390701,0,0,0,5,,,0,,,,,,Auckland Region,Nil,2-way,Sealed,,0,0,,50,,Off,0,0,,76,Auckland,Nil,,,,,0,0,Urban,0,,,Fine,Null
1726944,6053643,31000,80,501814,0,0,0,1,0,North,2006/2007,NGUNGURU ROAD,NGUNGURU FORD ROAD,,Minor Crash,No,2006,0,North,0,0,1,Flat,0,,0,,0,Overcast,62703,1,0,0,2,0,0,0,1,0,,0,0,Northland Region,Nil,2-way,Sealed,0,0,0,0,100,0,None,0,0,,2,Whangarei District,Nil,0,0,0,0,0,0,Open,0,0,0,Fine,Null
1765573,5916201,31001,,520301,0,,0,1,,Null,2006/2007,PILKINGTON ROAD,APIRANA AVENUE,,Non-Injury Crash,No,2006,,North,,0,,Flat,,,,,,Overcast,478000,0,0,0,4,,,0,,,,,,Auckland Region,Nil,2-way,Sealed,,0,0,,50,,Off,1,0,,76,Auckland,Give way,,,,,0,0,Urban,0,,,Fine,Null
1767581,5907307,31002,,523602,0,0,0,1,0,South,2005/2006,FERGUSON ROAD,CAPSTICK ROAD,,Non-Injury Crash,No,2006,0,South,0,0,0,Flat,0,,0,,0,Dark,705800,0,0,0,2,0,0,0,0,0,,0,1,Auckland Region,Nil,2-way,Sealed,0,0,0,0,50,0,On,0,0,,76,Auckland,Nil,0,0,0,0,0,0,Urban,0,0,0,Fine,Null
1769035,5911511,31003,,523112,0,,0,2,,South,2006/2007,HARRIS ROAD,TI RAKAU DRIVE,,Minor Crash,No,2006,,North,,0,,Flat,,,,,,Overcast,711404,1,0,0,4,,,0,,,,,,Auckland Region,Nil,2-way,Sealed,,0,0,,60,,Null,0,0,,76,Auckland,Unknown,,,,,0,0,Urban,0,,,Fine,Null
1883620,5773162,31004,,539700,1,,0,1,,Null,2005/2006,MALFROY ROAD WEST,MIRO ST,,Non-Injury Crash,No,2006,,West,,0,,Flat,,,,,,Twilight,1227300,0,0,0,2,,,0,,,,,,Bay of Plenty Region,Nil,2-way,Sealed,,0,0,,50,,On,0,0,,24,Rotorua District,Stop,,,,,0,0,Urban,0,,,Fine,Null
1573522,5180472,31005,,593600,0,0,0,1,0,West,2006/2007,WORCESTER ST,SURREY ST,,Minor Crash,No,2006,0,West,0,0,1,Flat,0,Labour Weekend,0,,1,Dark,2612700,2,0,0,2,0,0,0,0,0,,0,0,Canterbury Region,Nil,2-way,Sealed,0,0,0,0,50,0,On,0,0,,60,Christchurch City,Unknown,0,0,0,0,0,0,Urban,0,0,0,Fine,Null
1744604,5921867,31006,,513530,0,,0,2,,South,2005/2006,CEDAR HEIGHTS AVENUE,JARRAH PLACE,,Non-Injury Crash,No,2006,,West,,0,,Hill Road,,,,,,Overcast,225805,0,0,0,2,,,0,,,,,,Auckland Region,Nil,2-way,Sealed,,0,0,,50,,Off,0,0,,76,Auckland,Nil,,,,,0,0,Urban,0,,,Light rain,Null
1889582,5822716,31007,,536516,0,0,0,2,0,North,2005/2006,PAPAMOA BEACH ROAD,TARA ROAD,,Non-Injury Crash,No,2006,0,South,0,0,0,Flat,0,Christmas New Year,0,,0,Bright sun,1204602,0,0,0,2,0,0,0,0,1,,0,0,Bay of Plenty Region,Nil,2-way,Sealed,0,0,0,0,70,0,Null,0,0,,23,Tauranga City,Give way,0,0,0,0,0,0,Urban,0,0,0,Fine,Null
1743360,5921194,31008,,513622,0,,0,2,,North,2005/2006,DON BUCK ROAD,WAIMUMU ROAD,,Minor Crash,No,2006,,South,,0,,Hill Road,,,,,,Bright sun,226700,1,0,0,1,,,0,,,,,,Auckland Region,Nil,1-way,Sealed,,0,0,,50,,Off,0,0,,76,Auckland,Give way,,,,,0,0,Urban,1,,,Fine,Null
1772376,5897269,31009,,525630,0,0,0,1,0,Null,2005/2006,PORCHESTER ROAD,WAITAUA ST,,Minor Crash,No,2006,0,South,0,0,0,Flat,0,,0,,0,Dark,794700,1,0,0,2,0,0,0,0,0,,0,1,Auckland Region,Nil,2-way,Sealed,0,0,0,0,50,0,On,0,0,,76,Auckland,Nil,0,0,0,0,0,0,Urban,0,0,0,Light rain,Null
1734879,5945571,31010,,506646,0,0,0,0,0,East,2006/2007,KAHIKATEA FLAT ROAD,SH 16,,Minor Crash,No,2006,0,West,1,0,0,Flat,0,,0,,0,Dark,213000,1,0,0,2,0,0,0,0,0,,0,1,Auckland Region,Nil,2-way,Sealed,0,0,0,0,100,0,None,0,0,,76,Auckland,Nil,0,0,0,0,0,0,Open,1,0,0,Fine,Null
1763837,5910187,31011,,521901,0,,0,1,,Null,2006/2007,GREAT SOUTH ROAD,ALBION ROAD,,Non-Injury Crash,No,2006,,South,,0,,Flat,,,,,,Bright sun,782600,0,0,0,4,,,0,,,,,,Auckland Region,Nil,2-way,Sealed,,0,0,,50,,Off,0,0,,76,Auckland,Traffic Signals,,,,,0,0,Urban,1,,,Fine,Null
1763399,5914391,31012,,520401,0,,0,2,,North,2005/2006,BOAKES ROAD,BARRACK ROAD,,Non-Injury Crash,No,2006,,North,,0,,Flat,,,,,,Overcast,643300,0,0,0,2,,,0,,,,,,Auckland Region,Nil,2-way,Sealed,,0,0,,50,,Off,0,0,,76,Auckland,Nil,,,,,0,0,Urban,0,,,Fine,Null
1945949,5660858,31013,,545911,0,,0,0,,South,2006/2007,SH 2,WAIKARE ROAD,,Serious Crash,Yes,2006,,South,,0,,Hill Road,,,,,,Overcast,1415100,0,0,1,2,,,0,,,,,,Hawke's Bay Region,Nil,2-way,Sealed,,0,1,,100,,Null,0,0,,30,Hastings District,Nil,,,,,1,0,Open,0,,,Fine,Null
1568116,5384114,31014,,581842,0,0,0,0,0,Null,2005/2006,SH 6,SH 63,,Non-Injury Crash,Yes,2006,0,South,1,0,0,Flat,0,,0,,0,Overcast,2375302,0,0,0,2,0,0,0,0,0,,0,0,Tasman Region,Nil,2-way,Sealed,0,0,0,0,100,0,Null,2,0,,51,Tasman District,Stop,0,0,0,0,0,0,Open,0,0,0,Light rain,Null
1773033,5895621,31015,,525410,0,,0,2,,Null,2005/2006,OPAHEKE ROAD,SETTLEMENT ROAD,,Minor Crash,No,2006,,East,,0,,Flat,,,,,,Overcast,793400,2,0,0,2,,,0,,,,,,Auckland Region,Nil,2-way,Sealed,,0,0,,50,,Off,0,0,,76,Auckland,Stop,,,,,0,0,Urban,0,,,Fine,Null
1333246,5057572,31016,,608302,0,,0,0,,West,2005/2006,SH 8,LINDIS PASS SUMMIT,,Serious Crash,Yes,2006,,West,,0,,Hill Road,,,,,,Bright sun,3028500,0,0,1,2,,,0,,,,,,Otago Region,Nil,2-way,Sealed,,0,1,,100,,Null,0,0,,69,Central Otago District,Unknown,,,,,0,0,Open,0,,,Fine,Null
1801180,5813096,31017,,530400,0,,0,2,,South,2005/2006,SH 1N,NORMANDY AVENUE,,Non-Injury Crash,Yes,2006,,South,,0,,Flat,,Easter,,,,Bright sun,922201,0,0,0,2,,,0,,,,,,Waikato Region,Nil,2-way,Sealed,,0,0,,60,,Null,0,0,,16,Hamilton City,Unknown,,,,,0,0,Urban,0,,,Fine,Null
1756224,5924234,31018,,509702,0,,0,2,,South,2006/2007,SH 1N,OLD ONEWA OBR,,Minor Crash,Yes,2006,,South,,0,,Flat,,,,,,Bright sun,366700,1,0,0,4,,,0,,,,,,Auckland Region,Nil,1-way,Sealed,,0,0,,80,,Off,0,0,,76,Auckland,Nil,,,,,0,0,Open,0,,,Fine,Null
1769438,5901890,31019,,524901,0,,0,1,,Null,2006/2007,GRANDE VUE ROAD,MANUREWA ON NBD,,Non-Injury Crash,Yes,2006,,South,,0,,Hill Road,,,,,,Overcast,756000,0,0,0,4,,,0,,,,,,Auckland Region,Motorway ramp,2-way,Sealed,,0,0,,50,,Off,1,0,,76,Auckland,Give way,,,,,0,0,Urban,0,,,Light rain,Null
1798713,5815043,31020,,529000,0,0,0,1,0,Null,2005/2006,SH 23,WEKA ST,,Non-Injury Crash,Yes,2006,0,East,0,0,1,Flat,0,,0,,0,Twilight,917700,0,0,0,2,0,1,0,0,0,,0,0,Waikato Region,Nil,2-way,Sealed,0,0,0,0,50,0,Off,0,0,,16,Hamilton City,Give way,0,0,0,0,0,0,Urban,0,0,0,Fine,Null
1680353,6021286,31021,,504502,0,0,0,1,0,South,2005/2006,SH 12,HOANGA ROAD,,Minor Crash,Yes,2006,0,North,1,0,0,Flat,0,,0,,0,Dark,121800,2,0,0,2,0,0,0,0,0,,0,0,Northland Region,Nil,2-way,Sealed,0,0,0,0,100,0,None,0,0,,3,Kaipara District,Nil,0,0,0,0,0,0,Open,0,0,0,Fine,Null
1458812,5080789,31022,,598201,0,,0,1,,East,2005/2006,ROCKDALE ROAD,FAIRVIEW ROAD,,Serious Crash,No,2006,,East,,0,,Flat,,,,,,Twilight,2777100,0,0,0,2,,,0,,,,,,Canterbury Region,Nil,2-way,Sealed,,0,1,,80,,None,0,0,,64,Timaru District,Unknown,,,,,0,0,Open,0,,,Fine,Null
1570758,5182193,31023,,592402,0,0,0,1,0,East,2005/2006,CRANFORD ST,SHERBORNE ST,,Minor Crash,No,2006,0,East,0,0,0,Flat,0,,0,,0,Bright sun,2691100,1,0,0,2,0,0,0,0,0,,0,0,Canterbury Region,Nil,2-way,Sealed,0,0,0,0,50,0,Null,0,0,,60,Christchurch City,Unknown,0,0,0,1,0,0,Urban,0,0,0,Fine,Null
1757233,5921006,31024,,514101,0,,0,2,,Null,2005/2006,CUSTOMS ST WEST,LOWER HOBSON ST W,,Non-Injury Crash,No,2006,,South,,0,,Flat,,,,,,Bright sun,433001,0,0,0,2,,,0,,,,,,Auckland Region,Nil,2-way,Sealed,,0,0,,50,,Off,0,0,,76,Auckland,Traffic Signals,,,,,0,0,Urban,0,,,Fine,Null
1768477,5901125,31025,,525001,0,0,0,1,0,South,2006/2007,MAICH ROAD,NORTHCREST WAY,,Minor Crash,No,2006,0,South,0,0,0,Flat,0,,0,,1,Bright sun,751400,1,0,0,2,0,0,0,0,0,,0,1,Auckland Region,Nil,2-way,Sealed,0,0,0,0,50,0,Off,0,0,,76,Auckland,Nil,0,0,0,1,0,0,Urban,0,0,0,Fine,Null
1869515,5823311,31026,,536620,0,,0,0,,West,2006/2007,SH 2,LOOP ROAD W,,Minor Crash,Yes,2006,,East,,0,,Flat,,,,,,Dark,1189702,2,0,1,2,,,0,,,,,,Bay of Plenty Region,Nil,2-way,Sealed,,0,0,,90,,None,0,0,,22,Western Bay of Plenty District,Nil,,,,,0,0,Open,0,,,Fine,Null
1766718,5917208,31027,,517002,0,0,0,1,0,North,2005/2006,FENCHURCH ST,TANIWHA ST,,Non-Injury Crash,No,2006,0,East,0,0,0,Flat,0,,0,,0,Overcast,471800,0,0,0,2,0,0,0,0,1,,0,0,Auckland Region,Nil,2-way,Sealed,0,0,0,0,50,0,Off,0,0,,76,Auckland,Nil,0,0,0,0,0,0,Urban,1,0,0,Fine,Null
1755686,5919731,31028,,514000,0,,0,1,,South,2006/2007,PONSONBY ROAD,DOUGLAS ST,,Minor Crash,No,2006,,North,,0,,Flat,,Christmas New Year,,,,Dark,414000,1,0,1,4,,,0,,,,,,Auckland Region,Nil,2-way,Sealed,,0,0,,50,,On,0,1,,76,Auckland,Nil,,,,,0,0,Urban,0,,,Fine,Null
1756337,5918920,31029,,515500,0,0,0,1,0,East,2006/2007,SH 16,NEWTON ON WBD,,Serious Crash,Yes,2006,0,West,0,0,0,Flat,0,,0,,0,Bright sun,417600,0,0,0,2,0,0,0,0,0,,0,1,Auckland Region,Nil,1-way,Sealed,0,0,5,0,80,0,Off,0,0,,76,Auckland,Nil,0,0,0,0,0,0,Open,0,0,0,Fine,Null
1823238,5529373,31030,,563200,0,,0,2,,Null,2005/2006,ALBERT ST,CHURCHILL AVENUE,,Non-Injury Crash,No,2006,,North,,0,,Flat,,,,,,Overcast,1848100,0,0,0,2,,,0,,,,,,Manawatū-Whanganui Region,Nil,2-way,Sealed,,0,0,,50,,Null,0,0,,40,Palmerston North City,Stop,,,,,0,0,Urban,0,,,Light rain,Null
1854257,5899721,31031,,533602,0,0,0,0,0,North,2005/2006,EL DORADO LEADER,VISTA PAKU,,Serious Crash,No,2006,0,South,0,0,0,Flat,0,,0,,0,Overcast,1060005,0,0,0,2,0,0,0,0,0,,0,0,Waikato Region,Nil,2-way,Sealed,0,0,1,0,50,0,Null,0,0,,11,Thames-Coromandel District,Unknown,0,0,0,1,0,0,Urban,1,0,0,Light rain,Null
1743988,5919188,31032,,513302,0,,0,2,,Null,2006/2007,MAWNEY ROAD,MILDMAY ROAD,,Non-Injury Crash,No,2006,,West,,0,,Flat,,,,,,Overcast,234000,0,0,0,2,,,0,,,,,,Auckland Region,Nil,2-way,Sealed,,0,0,,50,,Off,0,0,,76,Auckland,Nil,,,,,0,0,Urban,0,,,Light rain,Null
1568387,5185340,31033,,591800,0,,0,1,,East,2006/2007,NORTHCOTE ROAD,UXBRIDGE ST,,Serious Crash,No,2006,,West,,0,,Flat,,,,,,Bright sun,2665500,0,0,0,2,,,0,,,1,,,Canterbury Region,Nil,2-way,Sealed,,0,1,,50,,Null,0,0,,60,Christchurch City,Unknown,,,,,0,0,Urban,0,,,Fine,Null
1771685,5914131,31034,,521602,0,0,0,2,2,Null,2006/2007,MOORE ST,VINCENT ST,,Minor Crash,No,2006,0,South,0,0,0,Flat,0,,0,,2,Twilight,648500,2,0,0,2,0,0,0,0,0,,0,0,Auckland Region,Nil,2-way,Sealed,0,0,0,0,50,0,Off,0,0,,76,Auckland,Stop,0,0,0,0,0,0,Urban,0,0,0,Fine,Null
1740799,5911377,31035,,512902,0,,0,3,,South,2005/2006,WEST COAST ROAD,CASCADE AVENUE,,Minor Crash,No,2006,,South,,0,,Hill Road,,,,,,Bright sun,279201,3,0,0,2,,,0,,,,,,Auckland Region,Nil,2-way,Sealed,,0,0,,100,,Off,0,0,,76,Auckland,Nil,,,,,0,0,Open,0,,,Fine,Null
1761225,5916666,31036,,516003,0,,0,2,,Null,2006/2007,REMUERA ROAD,LADIES MILE,,Non-Injury Crash,No,2006,,West,,0,,Flat,,,,,,Bright sun,495900,0,0,0,4,,,0,,,,,,Auckland Region,Nil,2-way,Sealed,,0,0,,50,,Off,0,0,,76,Auckland,Traffic Signals,,,,,0,0,Urban,0,,,Fine,Null
1885415,5773215,31037,,540420,0,0,0,1,0,East,2005/2006,TE NGAE ROAD,FENTON ST,,Minor Crash,No,2006,0,East,0,0,0,Flat,0,,0,,0,Dark,1236600,1,0,0,4,0,0,0,0,0,,0,0,Bay of Plenty Region,Nil,2-way,Sealed,0,0,0,0,70,0,On,0,0,,24,Rotorua District,Nil,0,0,0,1,0,0,Urban,0,0,0,Fine,Null
1938305,5785267,31038,,542530,0,0,0,1,0,South,2006/2007,SH 30,MAUNDER ROAD,,Fatal Crash,Yes,2006,0,North,0,1,0,Flat,0,,0,,0,Bright sun,1301303,0,0,0,2,0,0,1,0,1,,0,0,Bay of Plenty Region,Nil,2-way,Sealed,0,0,0,0,100,0,Off,0,0,,25,Whakatane District,Nil,0,0,0,0,0,0,Open,0,0,0,Fine,Null
1622653,6124050,31039,,500208,0,,0,1,,North,2005/2006,SH 1N,DICK SMITH LOOP ROAD N,,Minor Crash,Yes,2006,,North,,0,,Flat,,,,,,Bright sun,12500,1,0,0,2,,,0,,,,,,Northland Region,Nil,2-way,Sealed,,0,0,,100,,None,0,0,,1,Far North District,Nil,,,,,1,0,Open,0,,,Fine,Null
1746168,5913770,31040,,511002,0,0,0,1,0,Null,2006/2007,ROSIER ROAD,KARINA PLACE,,Serious Crash,No,2006,0,South,0,0,0,Flat,0,,0,,0,Bright sun,283100,0,0,0,2,0,0,0,0,0,,0,0,Auckland Region,Nil,2-way,Sealed,0,0,1,0,50,0,Off,0,0,,76,Auckland,Nil,0,0,0,1,0,0,Urban,0,0,0,Fine,Null
1350803,4872000,31041,,606700,0,,0,1,,South,2005/2006,HISLOP ROAD,KAITANGATA HIGHWAY,,Minor Crash,No,2006,,South,,0,,Flat,,,,,,Bright sun,2984300,1,0,0,2,,,0,,,,,,Otago Region,Nil,2-way,Unsealed,,0,0,,100,,Null,0,0,,72,Clutha District,Unknown,,,,,0,0,Open,1,,,Fine,Null
2034399,5707866,31042,,544400,0,,0,0,,Null,2005/2006,SH 35,PACIFIC ST,,Minor Crash,Yes,2006,,East,,0,,Flat,,,,,,Bright sun,1361300,1,0,0,2,,,0,,,,,,Gisborne Region,Nil,2-way,Sealed,,0,0,,70,,Null,0,0,,28,Gisborne District,Give way,,,,,0,0,Urban,2,,,Fine,Null
1710317,5617008,31043,,554020,0,,0,1,,West,2005/2006,HIGH ST,ALBION ST,,Minor Crash,No,2006,,West,,0,,Flat,,,,,,Bright sun,1646100,1,0,1,2,,,0,,,,,,Taranaki Region,Nil,2-way,Sealed,,0,0,,50,,Null,0,0,,35,South Taranaki District,Nil,,,,,0,0,Urban,0,,,Fine,Null
1768904,5905862,31044,,523721,0,,0,2,,South,2006/2007,TE IRIRANGI DRIVE,DAWSON ROAD,,Non-Injury Crash,No,2006,,North,,0,,Flat,,,,,,Dark,715616,0,0,0,6,,,0,,,,,,Auckland Region,Nil,2-way,Sealed,,0,0,,50,,On,0,0,,76,Auckland,Traffic Signals,,,,,0,0,Urban,0,,,Fine,Null
1710967,6059536,31045,,501802,0,0,0,1,0,East,2005/2006,HEATON ROAD,SWAMP ROAD,,Minor Crash,No,2006,0,West,0,0,0,Flat,0,,0,,0,Overcast,65300,1,0,0,2,0,0,0,0,0,,0,0,Northland Region,Nil,2-way,Sealed,0,0,0,0,100,0,None,0,0,,2,Whangarei District,Nil,0,0,0,1,0,0,Open,0,0,0,Fine,Null
1371178,4896491,31046,,606700,0,0,0,1,0,South,2005/2006,SH 1S,LAKE ROAD,,Minor Crash,Yes,2006,0,North,0,0,1,Flat,0,,0,,0,Twilight,2987600,1,0,0,2,0,0,0,0,0,,0,0,Otago Region,Nil,2-way,Sealed,0,0,0,0,100,0,None,0,0,,72,Clutha District,Unknown,0,1,0,0,0,0,Open,0,0,0,Fine,Frost