X,Y,OBJECTID,advisorySpeed,areaUnitID,bicycle,bridge,bus,carStationWagon,cliffBank,crashDirectionDescription,crashFinancialYear,crashLocation1,crashLocation2,crashRoadSideRoad,crashSeverity,crashSHDescription,crashYear,debris,directionRoleDescription,ditch,fatalCount,fence,flatHill,guardRail,holiday,houseOrBuilding,intersection,kerb,light,meshblockId,minorInjuryCount,moped,motorcycle,NumberOfLanes,objectThrownOrDropped,otherObject,otherVehicleType,overBank,parkedVehicle,pedestrian,phoneBoxEtc,postOrPole,region,roadCharacter,roadLane,roadSurface,roadworks,schoolBus,seriousInjuryCount,slipOrFlood,speedLimit,strayAnimal,streetLight,suv,taxi,temporarySpeedLimit,tlaId,tlaName,trafficControl,trafficIsland,trafficSign,train,tree,truck,unknownVehicleType,urban,vanOrUtility,vehicle,waterRiver,weatherA,weatherB
1716830,6037887,31047,,501809,0,0,0,1,0,Null,2005/2006,MAUNGAKARAMEA ROAD,SH 1N,,Non-Injury Crash,Yes,2006,0,North,0,0,0,Hill Road,0,,0,,0,Bright sun,74900,0,0,0,2,0,0,0,0,0,,0,0,Northland Region,Nil,2-way,Sealed,0,0,0,0,100,0,None,0,0,,2,Whangarei District,Nil,1,0,0,0,0,0,Open,0,0,0,Fine,Null
1569471,5178328,31048,,594700,0,,0,1,,East,2005/2006,SH 76 BROUGHAM,SELWYN ST,,Minor Crash,Yes,2006,,East,,0,,Flat,,,,,,Twilight,2659001,1,0,0,4,,,0,,,,,,Canterbury Region,Nil,2-way,Sealed,,0,0,,50,,Off,1,0,,60,Christchurch City,Unknown,,,,,0,0,Urban,1,,,Fine,Null
1823379,5984263,31049,,521000,0,,0,2,,South,2005/2006,MEDLAND ROAD,SUGARLOAF ROAD,,Non-Injury Crash,No,2006,,South,,0,,Flat,,,,,,Bright sun,439100,0,0,0,1,,,0,,,,,,Auckland Region,Nil,2-way,Sealed,,0,0,,100,,None,0,0,,76,Auckland,Nil,,,,,0,0,Open,0,,,Fine,Null
1765058,5915377,31050,,520301,0,0,0,1,0,Null,2006/2007,FRASER ROAD,MORRIN ROAD,,Minor Crash,No,2006,0,South,0,0,1,Flat,0,,0,,0,Twilight,627800,1,0,0,2,0,0,0,0,0,,0,0,Auckland Region,Nil,2-way,Sealed,0,0,0,0,50,0,On,0,0,,76,Auckland,Nil,0,0,0,0,0,0,Urban,0,0,0,Fine,Null
1767428,5907636,31051,,523602,0,,0,1,,Null,2006/2007,EAST TAMAKI ROAD,FERGUSON ROAD,,Serious Crash,No,2006,,West,,0,,Flat,,Christmas New Year,,,,Dark,709900,0,0,1,4,,,0,,,,,,Auckland Region,Nil,2-way,Sealed,,0,1,,60,,On,0,0,,76,Auckland,Nil,,,,,0,0,Urban,0,,,Fine,Null
1757455,5921089,31052,,514101,0,,0,2,,East,2006/2007,QUAY ST,LOWER ALBERT ST,,Non-Injury Crash,No,2006,,West,,0,,Flat,,,,,,Overcast,432900,0,0,0,2,,,0,,,,,,Auckland Region,Nil,2-way,Sealed,,0,0,,50,,Off,0,0,,76,Auckland,Traffic Signals,,,,,0,0,Urban,0,,,Fine,Null
1680494,6021012,31053,,504502,0,0,0,1,0,Null,2006/2007,SH 12,ARAPOHUE ROAD,,Minor Crash,Yes,2006,0,South,0,0,0,Flat,0,,0,,0,Overcast,121800,1,0,0,2,0,0,0,0,0,,0,1,Northland Region,Nil,2-way,Sealed,0,0,0,0,100,0,Off,0,0,,3,Kaipara District,Give way,0,0,0,0,0,0,Open,0,0,0,Light rain,Null
1752607,5917631,31054,,515003,0,,0,2,,East,2006/2007,SEGAR AVENUE,CARRINGTON ROAD,,Non-Injury Crash,No,2006,,East,,0,,Hill Road,,,,,,Bright sun,391000,0,0,0,1,,,0,,,,,,Auckland Region,Nil,2-way,Sealed,,0,0,,50,,Off,0,0,,76,Auckland,Nil,,,,,0,0,Urban,0,,,Fine,Null
1571758,5179923,31055,,591700,1,,0,1,,Null,2006/2007,FITZGERALD AVENUE,CASHEL ST,,Minor Crash,No,2006,,North,,0,,Flat,,,,,,Twilight,2658100,1,0,0,6,,,0,,,,,,Canterbury Region,Nil,2-way,Sealed,,0,0,,50,,Off,0,0,,60,Christchurch City,Traffic Signals,,,,,0,0,Urban,0,,,Fine,Null
1797697,5816567,31056,,528501,0,0,0,1,0,South,2006/2007,VERNALL ST,GRANDVIEW ROAD,,Non-Injury Crash,No,2006,0,South,0,0,0,Flat,0,,0,,1,Dark,907200,0,0,0,2,0,0,0,0,0,,0,0,Waikato Region,Nil,2-way,Sealed,0,0,0,0,50,0,On,0,0,,16,Hamilton City,Nil,0,0,0,1,0,0,Urban,0,0,0,Fine,Null
1871603,5782844,31057,,538863,0,0,0,1,1,North,2005/2006,SH 5,DALBETH ROAD,,Minor Crash,Yes,2006,0,North,0,0,0,Hill Road,0,,0,,0,Overcast,1265501,3,0,0,2,0,0,0,0,0,,0,0,Bay of Plenty Region,Nil,2-way,Unsealed,0,0,0,0,100,0,Null,0,0,30,24,Rotorua District,Unknown,0,0,0,0,0,0,Open,0,0,0,Light rain,Null
1758643,5880495,31058,,521152,0,0,0,1,0,South,2006/2007,GLENBROOK STATION ROAD,GEARON ROAD,,Non-Injury Crash,No,2006,0,South,1,0,0,Flat,0,,0,,0,Dark,832800,0,0,0,2,0,0,0,0,0,,0,0,Auckland Region,Nil,2-way,Sealed,0,0,0,0,100,0,None,0,0,,76,Auckland,Nil,0,0,0,0,0,0,Open,0,0,0,Fine,Null
1755344,5931856,31059,,508805,0,,0,2,,Null,2006/2007,EAST COAST ROAD,SUNSET ROAD,,Non-Injury Crash,No,2006,,South,,0,,Flat,,,,,,Dark,180827,0,0,0,2,,,0,,,,,,Auckland Region,Nil,2-way,Sealed,,0,0,,50,,On,0,0,,76,Auckland,Give way,,,,,0,0,Urban,0,,,Fine,Null
1741216,5976084,31060,65,506660,0,0,0,1,0,South,2005/2006,SH 1N,WAYBY STATION ROAD,,Non-Injury Crash,Yes,2006,0,North,1,0,0,Flat,0,Christmas New Year,0,,0,Dark,136700,0,0,0,2,0,0,0,0,0,,0,0,Auckland Region,Nil,2-way,Sealed,0,0,0,0,100,0,None,0,0,,76,Auckland,Nil,0,0,0,0,0,0,Open,0,0,0,Fine,Null
1814035,5569026,31061,,559220,0,0,0,1,0,South,2006/2007,SH 1N,TE HOUHOU ROAD,,Minor Crash,Yes,2006,0,South,0,0,0,Flat,0,,0,,0,Overcast,1730000,1,0,0,2,0,0,0,0,0,,0,0,Manawatū-Whanganui Region,Nil,2-way,Sealed,0,0,0,0,100,0,Null,0,0,,38,Rangitikei District,Nil,0,0,0,1,0,0,Open,0,0,0,Fine,Null
1678399,6019695,31062,,504501,0,0,0,0,0,East,2006/2007,POUTO ROAD,SPRING ST,,Non-Injury Crash,No,2006,0,South,0,0,0,Flat,0,,0,,0,Bright sun,124300,0,0,0,2,0,0,0,0,0,,0,1,Northland Region,Nil,2-way,Sealed,0,0,0,0,100,0,Null,0,0,,3,Kaipara District,Unknown,0,0,0,0,0,0,Open,1,0,0,Fine,Null
1710188,5616883,31063,,554020,0,,0,1,,South,2006/2007,PRINCES ST,RIDDIFORD ST,,Minor Crash,No,2006,,North,,0,,Flat,,,,,,Overcast,1646100,1,0,0,2,,,0,,,1,,,Taranaki Region,Nil,2-way,Sealed,,0,0,,50,,Null,0,0,,35,South Taranaki District,Nil,,,,,0,0,Urban,0,,,Light rain,Null
1768574,5914016,31064,,522810,0,,0,2,,West,2006/2007,PAKURANGA ROAD,STANNILAND ST,,Non-Injury Crash,No,2006,,West,,0,,Hill Road,,,,,,Bright sun,691300,0,0,0,6,,,0,,,,,,Auckland Region,Nil,2-way,Sealed,,0,0,,60,,Off,0,0,,76,Auckland,Nil,,,,,0,0,Urban,0,,,Fine,Null
1871288,5711180,31065,,541313,0,,0,0,,East,2005/2006,SH 5,SH 1N,,Serious Crash,Yes,2006,,East,,0,,Hill Road,,,,,,Overcast,1280009,1,0,0,2,,,0,,,,,,Waikato Region,Nil,2-way,Sealed,,0,1,,80,,Null,0,0,,21,Taupo District,Unknown,,,,,1,0,Open,1,,,Fine,Null
1719863,6047520,31066,,502700,0,,0,2,,Null,2005/2006,MILL ROAD,NIXON ST,,Non-Injury Crash,No,2006,,West,,0,,Flat,,,,,,Bright sun,91700,0,0,0,4,,,0,,,,,,Northland Region,Nil,2-way,Sealed,,0,0,,50,,Off,0,0,,2,Whangarei District,Traffic Signals,,,,,0,0,Urban,0,,,Light rain,Null
1755100,5914356,31067,,518500,0,,0,2,,West,2006/2007,MOUNT ALBERT ROAD,MOUNT ROSKILL ROAD,,Non-Injury Crash,No,2006,,East,,0,,Flat,,,,,,Bright sun,560900,0,0,0,2,,,0,,,,,,Auckland Region,Nil,2-way,Sealed,,0,0,,50,,Off,0,0,,76,Auckland,Nil,,,,,0,0,Urban,0,,,Fine,Null
1756681,5918531,31068,,515600,0,,0,3,,Null,2005/2006,NEW NORTH ROAD,RENDALL PLACE,,Non-Injury Crash,No,2006,,West,,0,,Flat,,,,,,Dark,420807,0,0,0,4,,,0,,,,,,Auckland Region,Nil,2-way,Sealed,,0,0,,50,,On,0,0,,76,Auckland,Stop,,,,,0,0,Urban,0,,,Fine,Null
1771183,5583661,31069,,555300,0,0,0,1,1,South,2005/2006,SH 3,WESTERN LINE,,Non-Injury Crash,Yes,2006,0,South,0,0,0,Flat,0,,0,,0,Dark,1680900,0,0,0,2,0,0,0,0,0,,0,0,Manawatū-Whanganui Region,Nil,2-way,Sealed,0,0,0,0,100,0,None,0,0,,37,Whanganui District,Nil,0,0,0,0,0,0,Open,0,0,0,Fine,Null
1768340,5906023,31070,,523721,0,0,0,2,0,North,2005/2006,RAVENNA WAY,CASERTA PLACE,,Minor Crash,No,2006,0,South,0,0,0,Hill Road,0,,0,,0,Dark,715510,1,0,0,2,0,0,0,0,1,,0,0,Auckland Region,Nil,2-way,Sealed,0,0,0,0,50,0,On,0,0,,76,Auckland,Nil,0,0,0,0,0,0,Urban,0,0,0,Fine,Null
1756935,5916493,31071,,518202,1,,0,1,,Null,2006/2007,MOUNT EDEN ROAD,DISRAELI ST,,Minor Crash,No,2006,,South,,0,,Flat,,,,,,Twilight,550400,1,0,0,4,,,0,,,,,,Auckland Region,Nil,2-way,Sealed,,0,0,,50,,Off,0,0,,76,Auckland,Nil,,,,,0,0,Urban,0,,,Fine,Null
1772741,5887645,31072,,521132,0,0,0,1,0,North,2006/2007,RUNCIMAN ROAD,TUHIMATA ROAD,,Serious Crash,No,2006,0,South,0,0,1,Flat,0,,0,,0,Bright sun,813900,1,0,1,2,0,0,0,0,0,,0,0,Auckland Region,Nil,2-way,Sealed,0,0,2,0,100,0,None,0,0,,76,Auckland,Nil,0,0,0,0,0,0,Open,0,0,0,Fine,Null
1754442,5937691,31073,,506901,0,0,0,1,0,West,2005/2006,GLENVAR ROAD,STREDWICK DRIVE,,Minor Crash,No,2006,0,East,0,0,0,Flat,0,,0,,0,Overcast,166103,1,0,0,2,0,0,0,0,0,,0,1,Auckland Region,Nil,2-way,Sealed,0,0,0,0,50,0,Null,0,0,,76,Auckland,Unknown,0,0,0,0,0,0,Urban,0,0,0,Mist or Fog,Null
1710054,5617092,31074,,554020,0,0,0,0,0,West,2006/2007,HIGH ST,UNION ST,,Minor Crash,No,2006,0,East,0,0,0,Flat,0,,0,,0,Dark,1643700,1,0,1,2,0,0,0,0,0,,1,0,Taranaki Region,Nil,2-way,Sealed,0,0,0,0,50,0,On,0,0,,35,South Taranaki District,Nil,0,0,0,0,0,0,Urban,0,0,0,Fine,Null
1837748,5688075,31075,,532502,0,0,0,1,1,South,2005/2006,SH 41,PAREROHI GROVE,,Serious Crash,Yes,2006,0,South,0,0,1,Flat,0,,0,,0,Overcast,1026701,1,0,0,2,0,0,0,0,0,,0,0,Waikato Region,Nil,2-way,Sealed,0,0,1,0,100,0,Null,0,0,,21,Taupo District,Nil,0,0,0,0,0,0,Open,0,0,0,Fine,Null
1821379,5463144,31076,,578901,0,0,0,0,0,East,2006/2007,HILLCREST ST,NGAUMUTAWA ROAD,,Minor Crash,No,2006,0,West,0,0,1,Flat,0,,0,,0,Dark,2231001,1,0,0,2,0,0,0,0,1,,0,0,Wellington Region,Nil,2-way,Sealed,0,0,0,0,50,0,On,2,0,,48,Masterton District,Nil,0,0,0,0,0,0,Urban,0,0,0,Fine,Null
1881637,5774755,31077,,539400,0,0,0,1,0,South,2005/2006,EDMUND ROAD,CLAYTON ROAD,,Non-Injury Crash,No,2006,0,North,0,0,0,Flat,0,,0,,0,Dark,1224100,0,0,0,2,0,0,0,0,0,,0,1,Bay of Plenty Region,Nil,2-way,Sealed,0,0,0,0,50,0,On,0,0,,24,Rotorua District,Stop,0,0,0,0,0,0,Urban,0,0,0,Fine,Null
1766358,5907569,31078,,523601,0,,0,3,,East,2005/2006,EAST TAMAKI ROAD,OTARA ON SBD,,Non-Injury Crash,No,2006,,West,,0,,Flat,,,,,,Dark,708500,0,0,0,4,,,0,,,,,,Auckland Region,Bridge,2-way,Sealed,,0,0,,50,,On,0,0,,76,Auckland,Traffic Signals,,,,,0,0,Urban,0,,,Light rain,Null
1343148,4873482,31079,,607300,0,,0,0,,West,2006/2007,SH 1S,FOUR MILE CREEK ROAD,,Serious Crash,Yes,2006,,West,,0,,Hill Road,,,,,,Overcast,3002100,0,0,0,3,,,0,,,,,,Otago Region,Nil,2-way,Sealed,,0,1,,100,,Null,0,0,,72,Clutha District,Unknown,,,,,0,0,Open,1,,,Fine,Strong wind
1766469,5906475,31080,,522302,0,0,0,2,0,West,2005/2006,TUI ROAD,KIMPTON ROAD,,Minor Crash,No,2006,0,West,0,0,0,Flat,0,,0,,0,Dark,668901,1,0,0,1,0,0,0,0,0,,0,0,Auckland Region,Nil,2-way,Sealed,0,0,0,0,50,0,On,0,0,,76,Auckland,Nil,0,0,0,0,0,0,Urban,0,1,0,Fine,Null
1678008,6022497,31081,,504600,0,,0,2,,Null,2006/2007,HOKIANGA ROAD,TUNATAHI ST,,Non-Injury Crash,No,2006,,South,,0,,Flat,,,,,,Overcast,116100,0,0,0,2,,,0,,,,,,Northland Region,Nil,2-way,Sealed,,0,0,,50,,Off,0,0,,3,Kaipara District,Give way,,,,,0,0,Urban,0,,,Light rain,Null
1301722,4898034,31082,85,607300,0,0,0,1,1,East,2005/2006,SH 90,WAIKOIKOI CRK BR,,Serious Crash,Yes,2006,0,West,0,0,0,Flat,0,,0,,0,Overcast,3004500,1,0,0,2,0,0,0,1,0,,0,0,Otago Region,Bridge,2-way,Sealed,0,0,1,0,100,0,Null,0,0,,72,Clutha District,Unknown,0,1,0,0,0,0,Open,0,0,1,Fine,Null
1693876,5676040,31083,,552200,0,,0,2,,North,2005/2006,SH 3,ROGAN ST,,Minor Crash,Yes,2006,,South,,0,,Hill Road,,,,,,Overcast,1600600,2,0,0,2,,,0,,,,,,Taranaki Region,Nil,2-way,Sealed,,0,0,,50,,Null,1,0,,33,New Plymouth District,Nil,,,,,0,0,Urban,0,,,Heavy rain,Null
1729920,5939801,31084,,506800,0,,0,1,,Null,2006/2007,GARFIELD ROAD,RATA ST,,Non-Injury Crash,No,2006,,South,,0,,Hill Road,,,,,,Bright sun,209702,0,0,0,2,,,0,,,,,,Auckland Region,Nil,2-way,Sealed,,0,0,,50,,Off,0,0,,76,Auckland,Give way,,,,,0,0,Urban,1,,,Fine,Null
1733000,5687660,31085,,550700,0,0,0,0,0,East,2006/2007,URUTI ROAD,SH 3,,Minor Crash,No,2006,0,East,1,0,0,Flat,0,,0,,0,Dark,1552200,1,0,0,2,0,0,0,0,0,,0,0,Taranaki Region,Nil,2-way,Sealed,0,0,0,0,100,0,None,0,0,,33,New Plymouth District,Nil,0,0,0,0,0,0,Open,1,0,0,Light rain,Null
1764483,5909612,31086,,521802,0,0,0,2,0,South,2006/2007,CHURCH ST,HIGH ST,,Non-Injury Crash,No,2006,0,North,0,0,0,Flat,0,,0,,0,Bright sun,788602,0,0,0,2,0,0,0,0,1,,0,0,Auckland Region,Nil,2-way,Sealed,0,0,0,0,50,0,Off,0,0,,76,Auckland,Nil,0,0,0,0,0,0,Urban,0,0,0,Fine,Null
1744584,5922466,31087,,513530,0,,0,2,,Null,2005/2006,ROYAL ROAD,MOIRE ROAD,,Non-Injury Crash,No,2006,,East,,0,,Flat,,,,,,Overcast,225802,0,0,0,2,,,0,,,,,,Auckland Region,Nil,2-way,Sealed,,0,0,,50,,Off,0,0,,76,Auckland,Traffic Signals,,,,,0,0,Urban,0,,,Light rain,Null
1764254,5914566,31088,,520303,0,,0,1,,Null,2006/2007,MOUNT WELLINGTON HIGHWAY,WILLIAM HARVEY PLACE,,Minor Crash,No,2006,,West,,0,,Flat,,,,,,Bright sun,627500,2,0,0,2,,,0,,,2,,,Auckland Region,Nil,2-way,Sealed,,0,0,,50,,Off,0,0,,76,Auckland,Give way,,,,,0,0,Urban,0,,,Fine,Null
1755283,5920940,31089,,515202,0,0,0,3,0,Null,2005/2006,CAMERON ST,SHELLY BEACH ROAD,,Non-Injury Crash,No,2006,0,West,0,0,0,Flat,0,,0,,0,Twilight,424900,0,0,0,1,0,0,0,0,2,,0,0,Auckland Region,Nil,1-way,Sealed,0,0,0,0,50,0,On,0,0,,76,Auckland,Give way,0,0,0,0,0,0,Urban,1,0,0,Fine,Null
1767945,5899255,31090,,525102,0,,0,1,,West,2006/2007,MAHIA ROAD,MCDIVITT ST,,Minor Crash,No,2006,,East,,0,,Flat,,,,,,Bright sun,769200,2,0,0,2,,,0,,,1,,,Auckland Region,Nil,2-way,Sealed,,0,0,,50,,Off,0,0,,76,Auckland,Nil,,,,,0,0,Urban,0,,,Fine,Null
1758954,5912976,31091,,519710,0,,0,2,,North,2005/2006,ONEHUNGA MALL,TRAFALGAR ST,,Non-Injury Crash,No,2006,,North,,0,,Flat,,,,,,Twilight,595800,0,0,0,2,,,0,,,,,,Auckland Region,Nil,2-way,Sealed,,0,0,,50,,On,0,0,,76,Auckland,Stop,,,,,0,0,Urban,0,,,Light rain,Null
1880988,5830035,31092,,536810,0,0,0,1,0,North,2005/2006,MARINE PARADE,PACIFIC AVENUE,,Non-Injury Crash,No,2006,0,South,0,0,0,Flat,0,,0,,0,Bright sun,1194700,0,0,0,2,0,0,0,0,0,,0,0,Bay of Plenty Region,Nil,2-way,Sealed,0,0,0,0,50,0,Null,0,0,,23,Tauranga City,Nil,1,0,0,0,0,0,Urban,0,0,0,Fine,Null
1742963,6003752,31093,,505022,0,,0,0,,Null,2005/2006,MOLESWORTH DRIVE,HEATHER ST,,Minor Crash,No,2006,,West,,0,,Hill Road,,,,,,Twilight,133441,1,0,0,2,,,0,,,,,,Northland Region,Nil,2-way,Sealed,,0,0,,50,,Off,2,0,,3,Kaipara District,Give way,,,,,0,0,Urban,0,,,Fine,Null
1760464,5434659,31094,,568701,0,0,0,1,0,Null,2005/2006,WAINUI ROAD,WHITES LINE EAST,,Minor Crash,No,2006,0,East,0,0,0,Flat,0,,1,,0,Dark,1975700,1,0,0,4,0,0,0,0,0,,0,0,Wellington Region,Nil,2-way,Sealed,0,0,0,0,50,0,On,0,0,,46,Lower Hutt City,Nil,0,0,0,0,0,0,Urban,0,0,0,Fine,Null
1870703,5720968,31095,,541312,0,,0,2,,East,2005/2006,SH 5,SH 1N,,Non-Injury Crash,Yes,2006,,South,,0,,Hill Road,,Christmas New Year,,,,Bright sun,1277900,0,0,0,2,,,0,,,,,,Waikato Region,Nil,2-way,Sealed,,0,0,,100,,Off,0,0,,21,Taupo District,Nil,,,,,0,0,Open,0,,,Fine,Null
1798957,5813404,31096,,528900,0,,0,1,,Null,2005/2006,SH 1N,KAHIKATEA DRIVE,,Non-Injury Crash,Yes,2006,,North,,0,,Flat,,,,,,Bright sun,916402,0,0,0,3,,,0,,,,,,Waikato Region,Nil,2-way,Sealed,,0,0,,80,,Null,0,0,,16,Hamilton City,Give way,,,,,0,0,Open,1,,,Fine,Null
1755127,5917207,31097,,517500,0,,0,1,,North,2005/2006,SANDRINGHAM ROAD,LESLIE AVENUE,,Minor Crash,No,2006,,North,,0,,Flat,,,,,,Bright sun,532900,1,0,0,4,,,0,,,1,,,Auckland Region,Nil,2-way,Sealed,,0,0,,50,,Off,0,0,,76,Auckland,Stop,,,,,0,0,Urban,0,,,Fine,Null
1758398,5917463,31098,,516001,0,,0,1,,South,2005/2006,GREAT SOUTH ROAD,ST MARKS ROAD,,Minor Crash,No,2006,,North,,0,,Flat,,,,,,Twilight,490900,1,0,0,6,,,0,,,1,,,Auckland Region,Nil,2-way,Sealed,,0,0,,50,,Off,0,0,,76,Auckland,Traffic Signals,,,,,0,0,Urban,0,,,Fine,Null
1566710,5183896,31099,,592000,0,,0,3,,South,2005/2006,GREERS ROAD,GRAHAMS ROAD,,Minor Crash,No,2006,,North,,0,,Flat,,,,,,Overcast,2667600,1,0,0,2,,,0,,,,,,Canterbury Region,Nil,2-way,Sealed,,0,0,,50,,Null,0,0,,60,Christchurch City,Unknown,,,,,0,0,Urban,0,,,Light rain,Null
1882571,5777155,31100,,539200,0,,0,0,,North,2006/2007,SH 5,BARNARD ROAD,,Non-Injury Crash,Yes,2006,,South,,0,,Hill Road,,,,,,Dark,1220400,0,0,0,2,,,0,,,,,,Bay of Plenty Region,Nil,2-way,Sealed,,0,0,,60,,On,1,0,,24,Rotorua District,Nil,,,,,0,0,Urban,1,,,Fine,Null
1756681,5919465,31101,,514200,0,,0,1,,West,2005/2006,KARANGAHAPE ROAD,EAST ST,,Minor Crash,No,2006,,West,,0,,Flat,,,,,,Dark,412000,1,0,1,4,,,0,,,,,,Auckland Region,Nil,2-way,Sealed,,0,0,,50,,On,0,0,,76,Auckland,Nil,,,,,0,0,Urban,0,,,Fine,Null
1799730,5445404,31102,,579803,0,0,0,1,0,Null,2005/2006,SH 2,MOROA ROAD,,Fatal Crash,Yes,2006,0,West,0,1,0,Flat,0,,0,,0,Dark,2270100,0,0,0,2,0,0,0,0,0,,0,0,Wellington Region,Nil,2-way,Sealed,0,0,1,0,100,0,None,0,0,,50,South Wairarapa District,Give way,0,0,0,0,1,0,Open,0,1,0,Fine,Null
1772333,5914583,31103,,521602,0,,0,1,,Null,2005/2006,COOK ST,ABERCROMBIE ST,,Minor Crash,No,2006,,South,,0,,Flat,,,,,,Bright sun,650000,1,0,1,2,,,0,,,,,,Auckland Region,Nil,2-way,Sealed,,0,0,,50,,Off,0,0,,76,Auckland,Give way,,,,,0,0,Urban,0,,,Fine,Frost
1756168,5924042,31104,,509800,0,,0,3,,South,2006/2007,SH 1N,ONEWA ON SBD,,Non-Injury Crash,Yes,2006,,South,,0,,Flat,,,,,,Dark,361100,0,0,0,4,,,0,,,,,,Auckland Region,Nil,1-way,Sealed,,0,0,,80,,On,0,0,,76,Auckland,Nil,,,,,0,0,Open,0,,,Fine,Null
1756211,5924198,31105,,509800,0,,0,1,,North,2006/2007,SH 1N,SEART OFF SBD,,Non-Injury Crash,Yes,2006,,South,,0,,Flat,,,,,,Bright sun,361100,0,0,0,6,,,0,,,,,,Auckland Region,Nil,2-way,Sealed,,0,0,,100,,Off,0,0,,76,Auckland,Nil,,,,,0,0,Open,1,,,Fine,Null
1770764,5901611,31106,,523813,0,,0,1,,Null,2005/2006,ALFRISTON ROAD,PORCHESTER ROAD,,Non-Injury Crash,No,2006,,West,,0,,Flat,,,,,,Overcast,759800,0,0,0,2,,,0,,,,,,Auckland Region,Nil,2-way,Sealed,,0,0,,70,,Off,1,0,,76,Auckland,Give way,,,,,0,0,Urban,0,,,Light rain,Null
1806957,5651112,31107,,532601,0,1,0,1,0,Null,2006/2007,SH 4,MAKATOTE BR,,Serious Crash,Yes,2006,0,East,0,0,0,Flat,0,,0,,0,Dark,1025400,0,0,0,2,0,0,0,0,0,,0,0,Manawatū-Whanganui Region,Bridge,2-way,Sealed,0,0,1,0,100,0,None,0,0,,36,Ruapehu District,Nil,0,0,0,0,0,0,Open,0,0,0,Light rain,Null
1242481,4848983,31108,,611300,0,,0,2,,Null,2005/2006,SH 1S,TWEED ST,,Minor Crash,Yes,2006,,West,,0,,Flat,,,,,,Overcast,3105100,1,0,0,4,,,0,,,,,,Southland Region,Nil,2-way,Sealed,,0,0,,50,,Null,0,0,,75,Invercargill City,Give way,,,,,0,0,Urban,0,,,Fine,Null
1813941,5796802,31109,,527934,0,0,0,0,0,North,2005/2006,CAMBRIDGE ROAD,COX ROAD,,Serious Crash,No,2006,0,South,1,0,0,Flat,0,,0,,0,Bright sun,988300,0,0,0,2,0,0,0,0,0,,0,0,Waikato Region,Nil,2-way,Sealed,0,0,1,0,100,0,Null,0,0,,17,Waipa District,Unknown,0,0,0,0,0,0,Open,1,0,0,Fine,Null
1792962,5560378,31110,,559230,0,0,0,0,0,East,2005/2006,SH 3,MAKIRIKIRI ROAD,,Serious Crash,Yes,2006,0,North,0,0,1,Flat,0,,0,,0,Bright sun,1733000,0,0,0,2,0,0,0,0,0,,0,0,Manawatū-Whanganui Region,Nil,2-way,Sealed,0,0,1,0,100,0,Null,0,0,,38,Rangitikei District,Nil,0,0,0,1,0,0,Open,1,0,0,Fine,Null
1763162,5920158,31111,,516500,0,0,0,2,0,East,2005/2006,TAGALAD ROAD,ATKIN AVENUE,,Non-Injury Crash,No,2006,0,South,0,0,0,Flat,0,,0,,0,Dark,500800,0,0,0,2,0,0,0,0,1,,0,0,Auckland Region,Nil,2-way,Sealed,0,0,0,0,50,0,On,0,0,,76,Auckland,Nil,0,0,0,0,0,0,Urban,0,0,0,Null,Null
1756276,5924319,31112,,509702,0,,0,1,,North,2005/2006,SH 1N,ONEWA ON SBD,,Non-Injury Crash,Yes,2006,,South,,0,,Flat,,,,,,Bright sun,366700,0,0,0,3,,,0,,,,,,Auckland Region,Nil,2-way,Sealed,,0,0,,100,,Off,0,0,,76,Auckland,Nil,,,,,0,0,Open,1,,,Fine,Null
1797530,5816570,31113,,528504,0,,0,2,,Null,2006/2007,GRANDVIEW ROAD,ROY ST,,Minor Crash,No,2006,,West,,0,,Flat,,,,,,Bright sun,907000,2,0,0,2,,,0,,,,,,Waikato Region,Nil,2-way,Sealed,,0,0,,50,,Null,0,0,,16,Hamilton City,Give way,,,,,0,0,Urban,0,,,Fine,Null
1244675,4927296,31114,,610020,0,0,0,1,0,Null,2006/2007,SH 6,MOSSBURN-LUMSDEN HIGHWAY,,Minor Crash,Yes,2006,0,North,0,0,1,Flat,0,,0,,0,Bright sun,3044601,1,0,0,4,0,0,0,0,0,,0,0,Southland Region,Nil,2-way,Sealed,0,0,0,0,100,0,Null,0,0,,73,Southland District,Give way,0,0,0,0,0,0,Open,0,0,0,Fine,Null
1622755,5429929,31115,,583202,1,,0,1,,Null,2006/2007,VANGUARD ST,TOI TOI ST,,Minor Crash,No,2006,,North,,0,,Flat,,,,,,Bright sun,2330500,1,0,0,2,,,0,,,,,,Nelson Region,Nil,2-way,Sealed,,0,0,,50,,Null,0,0,,52,Nelson City,Nil,,,,,0,0,Urban,0,,,Fine,Null
1765233,5915477,31116,,520301,0,0,0,1,0,West,2006/2007,JELLICOE ROAD,PILKINGTON ROAD,,Non-Injury Crash,No,2006,0,North,0,0,0,Flat,1,,0,,0,Overcast,627900,0,0,0,2,0,0,0,0,0,,0,0,Auckland Region,Nil,2-way,Sealed,0,0,0,0,50,0,Off,0,0,,76,Auckland,Nil,0,0,0,0,0,0,Urban,0,0,0,Light rain,Null
1760761,5914751,31117,,519500,0,,0,2,,North,2005/2006,GREAT SOUTH ROAD,KALMIA ST,,Non-Injury Crash,No,2006,,North,,0,,Flat,,,,,,Overcast,620400,0,0,0,2,,,0,,,,,,Auckland Region,Nil,2-way,Sealed,,0,0,,50,,Off,0,0,,76,Auckland,Nil,,,,,0,0,Urban,0,,,Fine,Null