X,Y,OBJECTID,advisorySpeed,areaUnitID,bicycle,bridge,bus,carStationWagon,cliffBank,crashDirectionDescription,crashFinancialYear,crashLocation1,crashLocation2,crashRoadSideRoad,crashSeverity,crashSHDescription,crashYear,debris,directionRoleDescription,ditch,fatalCount,fence,flatHill,guardRail,holiday,houseOrBuilding,intersection,kerb,light,meshblockId,minorInjuryCount,moped,motorcycle,NumberOfLanes,objectThrownOrDropped,otherObject,otherVehicleType,overBank,parkedVehicle,pedestrian,phoneBoxEtc,postOrPole,region,roadCharacter,roadLane,roadSurface,roadworks,schoolBus,seriousInjuryCount,slipOrFlood,speedLimit,strayAnimal,streetLight,suv,taxi,temporarySpeedLimit,tlaId,tlaName,trafficControl,trafficIsland,trafficSign,train,tree,truck,unknownVehicleType,urban,vanOrUtility,vehicle,waterRiver,weatherA,weatherB
1785792,5446831,31118,,567902,0,0,0,1,1,West,2005/2006,SH 2,RIMUTAKA SUMMIT,,Non-Injury Crash,Yes,2006,0,West,0,0,0,Hill Road,0,,0,,0,Overcast,1916300,0,0,0,2,0,0,0,1,0,,0,0,Wellington Region,Nil,2-way,Sealed,0,0,0,0,100,0,Null,0,0,,45,Upper Hutt City,Nil,0,0,0,0,0,0,Open,0,0,0,Light rain,Null
1745568,5917531,31119,,510700,0,0,0,1,0,Null,2005/2006,ALDERMAN DRIVE,SEL PEACOCK DRIVE,,Non-Injury Crash,No,2006,0,South,0,0,0,Flat,0,,0,,0,Dark,239900,0,0,0,4,0,0,0,0,0,,0,0,Auckland Region,Nil,2-way,Sealed,0,0,0,0,50,0,On,0,0,,76,Auckland,Give way,0,1,0,0,0,0,Urban,0,0,0,Fine,Null
1716338,6044647,31120,,503300,0,,0,1,,Null,2005/2006,SH 14,NGAHERE DRIVE,,Non-Injury Crash,Yes,2006,,East,,0,,Hill Road,,,,,,Bright sun,70203,0,0,0,2,,,0,,,,,,Northland Region,Nil,2-way,Sealed,,0,0,,70,,Off,0,0,,2,Whangarei District,Stop,,,,,0,0,Urban,1,,,Fine,Null
1760984,5919836,31121,45,516400,0,0,0,1,0,North,2006/2007,NGAPIPI ROAD,PARITAI DRIVE,,Non-Injury Crash,No,2006,0,North,0,0,1,Hill Road,0,,0,,0,Dark,496900,0,0,0,2,0,0,0,0,0,,0,0,Auckland Region,Nil,2-way,Sealed,0,0,0,0,50,0,On,0,0,,76,Auckland,Nil,0,0,0,1,0,0,Urban,0,0,0,Light rain,Null
1759170,5916805,31122,,516001,0,,0,4,,South,2005/2006,SH 1N,MARKET OFF SBD,,Minor Crash,Yes,2006,,South,,0,,Flat,,,,,,Twilight,491200,2,0,0,3,,,0,,,,,,Auckland Region,Nil,1-way,Sealed,,0,0,,100,,On,0,0,,76,Auckland,Nil,,,,,0,0,Open,0,,,Fine,Null
1564381,5209317,31123,,585807,0,,0,0,,East,2006/2007,DIXONS ROAD,FLETCHERS ROAD,,Minor Crash,No,2006,,East,,0,,Flat,,,,,,Bright sun,2438805,1,0,0,2,,,0,,,,,,Canterbury Region,Nil,2-way,Sealed,,0,0,,100,,Null,1,0,,59,Waimakariri District,Unknown,,,,,1,0,Open,0,,,Fine,Null
1774490,5896582,31124,,525610,0,0,0,0,0,West,2005/2006,SHEEHAN AVENUE,VALENTINE ST,,Serious Crash,No,2006,0,East,0,0,0,Flat,0,,0,,0,Dark,798600,0,0,0,2,0,0,0,0,1,,0,0,Auckland Region,Nil,2-way,Sealed,0,0,1,0,50,0,On,0,0,,76,Auckland,Nil,0,0,0,0,0,0,Urban,2,0,0,Fine,Null
1757600,5434466,31125,,570000,0,,0,1,,West,2006/2007,JACKSON ST,ELIZABETH ST,,Minor Crash,No,2006,,East,,0,,Flat,,,,,,Bright sun,2028200,1,0,0,2,,,0,,,1,,,Wellington Region,Nil,2-way,Sealed,,0,0,,50,,Null,0,0,,46,Lower Hutt City,Nil,,,,,0,0,Urban,0,,,Fine,Null
1758935,5913205,31126,,519820,0,,0,2,,Null,2005/2006,ONEHUNGA MALL,MOUNT SMART ROAD,,Serious Crash,No,2006,,East,,0,,Flat,,,,,,Bright sun,599100,2,0,0,4,,,0,,,,,,Auckland Region,Nil,2-way,Sealed,,0,2,,50,,Off,0,0,,76,Auckland,Traffic Signals,,,,,0,0,Urban,0,,,Fine,Null
1769186,5900415,31127,,525002,0,,1,2,,North,2005/2006,GREAT SOUTH ROAD,MYERS ROAD,,Serious Crash,No,2006,,North,,0,,Flat,,,,,,Bright sun,753202,0,0,0,2,,,0,,,,,,Auckland Region,Nil,2-way,Sealed,,1,1,,50,,Off,2,0,,76,Auckland,Nil,,,,,0,0,Urban,0,,,Fine,Null
1679658,5403966,31128,,581230,0,,0,0,,Null,2006/2007,SEYMOUR ST,HIGH ST,,Minor Crash,No,2006,,South,,0,,Flat,,,,,,Bright sun,2298900,1,0,0,2,,,0,,,1,,,Marlborough Region,Nil,2-way,Sealed,,0,0,,50,,Null,0,0,,53,Marlborough District,Give way,,,,,0,0,Urban,1,,,Fine,Null
1758341,5917480,31129,,515700,0,,0,2,,West,2005/2006,ALPERS AVENUE,MANUKAU ROAD,,Non-Injury Crash,No,2006,,West,,0,,Flat,,,,,,Bright sun,443402,0,0,0,2,,,0,,,,,,Auckland Region,Nil,1-way,Sealed,,0,0,,50,,Null,0,0,,76,Auckland,Unknown,,,,,0,0,Urban,0,,,Fine,Null
1686744,6095549,31130,55,501633,0,0,0,1,0,North,2005/2006,SH 10,WAKELIN ROAD,,Non-Injury Crash,Yes,2006,0,South,0,0,0,Hill Road,1,,0,,0,Dark,34302,0,0,0,2,0,0,0,0,0,,0,0,Northland Region,Nil,2-way,Sealed,0,0,0,0,100,0,None,0,0,,1,Far North District,Nil,0,0,0,0,0,0,Open,0,0,0,Light rain,Null
1771060,5899187,31131,,523911,0,,0,2,,Null,2005/2006,TAKANINI SCHOOL ROAD,MANUROA ROAD,,Non-Injury Crash,No,2006,,West,,0,,Flat,,,,,,Overcast,766800,0,0,0,2,,,0,,,,,,Auckland Region,Nil,2-way,Sealed,,0,0,,50,,Off,0,0,,76,Auckland,Stop,,,,,0,0,Urban,0,,,Null,Null
1718563,6042257,31132,,503800,0,0,0,1,0,North,2006/2007,SH 1N,TOE TOE ROAD,,Non-Injury Crash,Yes,2006,1,North,0,0,0,Flat,0,,0,,0,Bright sun,107905,0,0,0,3,0,0,0,0,0,,0,0,Northland Region,Nil,2-way,Sealed,0,0,0,0,80,0,Null,0,0,,2,Whangarei District,Unknown,0,0,0,0,1,0,Open,0,0,0,Fine,Null
1404752,4917729,31133,,603910,0,0,0,3,0,Null,2006/2007,KAIKORAI VALLEY ROAD,MELLOR ST,,Minor Crash,No,2006,0,West,0,0,0,Flat,0,,0,,0,Twilight,2907800,3,0,0,2,0,0,0,0,1,,0,0,Otago Region,Nil,2-way,Sealed,0,0,0,0,50,0,On,0,0,,71,Dunedin City,Give way,0,0,0,0,0,0,Urban,0,0,0,Heavy rain,Null
1770913,5913713,31134,,523101,0,0,0,2,0,South,2005/2006,BOTANY ROAD,LEXINGTON DRIVE,,Non-Injury Crash,No,2006,0,North,0,0,1,Flat,0,,0,,0,Dark,710522,0,0,0,2,0,0,0,0,1,,0,0,Auckland Region,Nil,2-way,Sealed,0,0,0,0,60,0,On,0,0,,76,Auckland,Nil,0,0,0,0,0,0,Urban,0,0,0,Fine,Null
1769650,5899619,31135,,523920,0,,0,1,,North,2005/2006,GREAT SOUTH ROAD,TAKANINI OFF NBD W,,Non-Injury Crash,No,2006,,North,,0,,Flat,,,,,,Overcast,767921,0,0,0,4,,,0,,,,,,Auckland Region,Nil,2-way,Sealed,,0,0,,50,,Off,0,0,,76,Auckland,Nil,,,,,1,0,Urban,0,,,Fine,Null
1843449,5680511,31136,,541000,0,,0,2,,Null,2006/2007,SH 1N,ARAHORI ST,,Minor Crash,Yes,2006,,North,,0,,Flat,,,,,,Overcast,1282702,1,0,0,2,,,0,,,,,,Waikato Region,Nil,2-way,Sealed,,0,0,,80,,None,0,0,,21,Taupo District,Stop,,,,,0,0,Open,0,,,Fine,Null
1959555,5759013,31137,,542562,0,,1,0,,South,2005/2006,MATAHI VALLEY ROAD,LOWE ROAD,,Non-Injury Crash,No,2006,,North,,0,,Hill Road,,,,,,Overcast,1303302,0,0,0,1,,,0,,,,,,Bay of Plenty Region,Bridge,2-way,Sealed,,0,0,,100,,Null,1,0,,25,Whakatane District,Nil,,,,,0,0,Open,0,,,Fine,Null
1800949,5816329,31138,,529900,0,0,0,1,0,North,2006/2007,RIVER ROAD,THAMES ST,,Non-Injury Crash,No,2006,0,South,0,0,0,Flat,1,,0,,0,Dark,863900,0,0,0,2,0,0,0,0,0,,0,0,Waikato Region,Nil,2-way,Sealed,0,0,0,0,50,0,On,0,0,,16,Hamilton City,Give way,0,0,0,0,0,0,Urban,0,0,0,Fine,Null
1768489,5909142,31139,,523113,0,,0,2,,Null,2006/2007,SPRINGS ROAD,KERWYN AVENUE,,Non-Injury Crash,No,2006,,South,,0,,Flat,,,,,,Twilight,711809,0,0,0,2,,,0,,,,,,Auckland Region,Nil,2-way,Sealed,,0,0,,50,,Off,0,0,,76,Auckland,Traffic Signals,,,,,0,0,Urban,0,,,Fine,Null
1765559,5908183,31140,,523404,0,,0,2,,Null,2005/2006,BAIRDS ROAD,WYMONDLEY ROAD,,Non-Injury Crash,No,2006,,East,,0,,Flat,,,,,,Dark,696801,0,0,0,2,,,0,,,,,,Auckland Region,Nil,2-way,Sealed,,0,0,,50,,On,0,0,,76,Auckland,Nil,,,,,0,0,Urban,0,,,Fine,Null
1775928,5900787,31141,,523813,0,,0,2,,North,2005/2006,ALFRISTON-ARDMORE ROAD,CLEVEDON-TAKANINI ROAD,,Non-Injury Crash,No,2006,,North,,0,,Flat,,,,,,Bright sun,761000,0,0,0,0,,,0,,,,,,Auckland Region,Nil,2-way,Sealed,,0,0,,100,,None,0,0,30,76,Auckland,Nil,,,,,0,0,Open,0,,,Fine,Null
1798526,5813520,31142,,528900,0,,0,2,,East,2005/2006,KAHIKATEA DRIVE,HIGGINS ROAD,,Non-Injury Crash,No,2006,,North,,0,,Flat,,,,,,Bright sun,916401,0,0,0,2,,,0,,,,,,Waikato Region,Nil,2-way,Sealed,,0,0,,50,,Off,0,0,,16,Hamilton City,Nil,,,,,0,0,Urban,0,,,Fine,Null
1773714,5896870,31143,,525630,0,,0,2,,Null,2005/2006,CLEVEDON ROAD,GROVE ROAD,,Non-Injury Crash,No,2006,,East,,0,,Flat,,,,,,Overcast,795400,0,0,0,2,,,0,,,,,,Auckland Region,Nil,2-way,Sealed,,0,0,,50,,Off,0,0,,76,Auckland,Nil,,,,,0,0,Urban,0,,,Fine,Null
1565125,5179196,31144,,587702,0,,0,2,,Null,2005/2006,SH 73 CURLETTS,BLENHEIM ROAD,,Minor Crash,Yes,2006,,North,,0,,Flat,,,,,,Dark,2480301,1,0,0,4,,,0,,,,,,Canterbury Region,Nil,2-way,Sealed,,0,0,,60,,On,0,0,,60,Christchurch City,Traffic Signals,,,,,0,0,Urban,0,,,Fine,Null
1751503,5435082,31145,,573700,0,,0,0,,Null,2005/2006,JOHNSONVILLE ROAD,MOOREFIELD ROAD,,Minor Crash,No,2006,,South,,0,,Flat,,,,,,Overcast,2082300,1,0,1,2,,,0,,,,,,Wellington Region,Nil,2-way,Sealed,,0,0,,50,,Null,0,0,,47,Wellington City,Give way,,,,,0,0,Urban,1,,,Light rain,Null
1763073,5907946,31146,,524530,0,,0,1,,Null,2005/2006,MASSEY ROAD,VINE ST,,Non-Injury Crash,No,2006,,East,,0,,Flat,,,,,,Bright sun,733300,0,0,0,2,,,0,,,,,,Auckland Region,Nil,2-way,Sealed,,0,0,,50,,Off,0,0,,76,Auckland,Stop,,,,,0,0,Urban,1,,,Fine,Null
1758389,5917651,31147,,516001,0,,0,2,,South,2006/2007,SH 1N,GILLIES OBR,,Minor Crash,Yes,2006,,North,,0,,Flat,,,,,,Bright sun,490800,1,0,0,3,,,0,,,,,,Auckland Region,Nil,1-way,Sealed,,0,0,,100,,Off,0,0,,76,Auckland,Nil,,,,,0,0,Open,0,,,Fine,Null
1796933,5816142,31148,,528504,0,,0,2,,Null,2005/2006,GRANDVIEW ROAD,HYDE AVENUE,,Non-Injury Crash,No,2006,,South,,0,,Flat,,,,,,Overcast,905402,0,0,0,2,,,0,,,,,,Waikato Region,Nil,2-way,Sealed,,0,0,,50,,Null,0,0,,16,Hamilton City,Give way,,,,,0,0,Urban,0,,,Fine,Null
1774973,5579383,31149,,556800,0,,0,2,,Null,2005/2006,GLASGOW ST,HALSWELL ST,,Non-Injury Crash,No,2006,,North,,0,,Flat,,,,,,Overcast,1705400,0,0,0,2,,,0,,,,,,Manawatū-Whanganui Region,Nil,2-way,Sealed,,0,0,,50,,Null,0,0,,37,Whanganui District,Give way,,,,,0,0,Urban,0,,,Fine,Null
1752415,5928256,31150,,508412,0,0,0,3,0,Null,2005/2006,MANUKA ROAD,ANNE MCLEAN DRIVE,,Non-Injury Crash,No,2006,0,West,0,0,0,Hill Road,0,Easter,0,,0,Dark,186200,0,0,0,2,0,0,0,0,2,,0,0,Auckland Region,Nil,2-way,Sealed,0,0,0,0,50,0,On,0,0,,76,Auckland,Nil,0,0,0,0,0,0,Urban,0,0,0,Fine,Null
1772097,5898022,31151,,523912,0,,0,2,,Null,2006/2007,PORCHESTER ROAD,WALTERS ROAD,,Non-Injury Crash,No,2006,,North,,0,,Flat,,,,,,Overcast,766302,0,0,0,2,,,0,,,,,,Auckland Region,Nil,2-way,Sealed,,0,0,,50,,Off,0,0,,76,Auckland,Give way,,,,,0,0,Urban,0,,,Light rain,Null
1764523,5905833,31152,,522100,0,,0,2,,East,2005/2006,HILLCREST ROAD,STATION ROAD,,Non-Injury Crash,No,2006,,West,,0,,Flat,,,,,,Bright sun,657700,0,0,0,2,,,0,,,,,,Auckland Region,Nil,2-way,Sealed,,0,0,,50,,Off,0,0,,76,Auckland,Stop,,,,,0,0,Urban,0,,,Fine,Null
1922693,5604677,31153,,545842,0,,0,1,,South,2006/2007,NGATARAWA ROAD,VALENTINE ROAD,,Serious Crash,No,2006,,South,,0,,Flat,,,,,,Overcast,1470218,0,0,0,2,,,0,,,,,,Hawke's Bay Region,Nil,2-way,Sealed,,0,1,,100,,Null,0,0,,30,Hastings District,Unknown,,,,,0,0,Open,0,,,Fine,Null
1746099,5917023,31154,,510800,0,,0,0,,West,2005/2006,GREAT NORTH ROAD,MCLEOD ROAD,,Non-Injury Crash,No,2006,,West,,0,,Hill Road,,,,,,Twilight,243400,0,0,0,3,,,0,,,,,,Auckland Region,Nil,2-way,Sealed,,0,0,,50,,On,1,0,,76,Auckland,Nil,,,,,1,0,Urban,0,,,Fine,Null
1802947,5813667,31155,,530300,0,,0,2,,North,2006/2007,GALLOWAY ST,SH 1N,,Non-Injury Crash,No,2006,,South,,0,,Flat,,,,,,Bright sun,883300,0,0,0,2,,,0,,,,,,Waikato Region,Nil,2-way,Sealed,,0,0,,50,,Off,0,0,,16,Hamilton City,Stop,,,,,0,0,Urban,0,,,Fine,Null
1764384,5912244,31156,,520500,0,0,0,1,0,North,2006/2007,SH 1N,MT WGTN OFF NBD,,Minor Crash,Yes,2006,0,West,0,0,0,Flat,1,,0,,0,Overcast,639500,1,0,0,3,0,0,0,0,0,,0,0,Auckland Region,Nil,1-way,Sealed,0,0,0,0,100,0,Off,0,0,,76,Auckland,Nil,0,0,0,0,1,0,Open,0,0,0,Fine,Null
1750743,5915618,31157,,514802,0,,0,2,,Null,2005/2006,ROSEBANK ROAD,ASPEN ST,,Non-Injury Crash,No,2006,,East,,0,,Flat,,,,,,Bright sun,390200,0,0,0,4,,,0,,,,,,Auckland Region,Nil,2-way,Sealed,,0,0,,50,,None,0,0,,76,Auckland,Give way,,,,,0,0,Urban,0,,,Fine,Null
1754862,5914229,31158,,518802,0,,0,2,,Null,2005/2006,MAY ROAD,MEMORIAL AVENUE,,Non-Injury Crash,No,2006,,North,,0,,Flat,,,,,,Overcast,578000,0,0,0,2,,,0,,,,,,Auckland Region,Nil,2-way,Sealed,,0,0,,50,,Off,0,0,,76,Auckland,Nil,,,,,0,0,Urban,0,,,Null,Null
1765680,5916634,31159,,517100,0,,0,1,,Null,2006/2007,POINT ENGLAND ROAD,DALTON ST,,Non-Injury Crash,No,2006,,West,,0,,Flat,,,,,,Bright sun,477100,0,0,0,2,,,0,,,,,,Auckland Region,Nil,2-way,Sealed,,0,0,,50,,Off,0,0,,76,Auckland,Stop,,,,,0,0,Urban,1,,,Fine,Null
1749486,5423275,31160,,576100,0,0,0,1,1,North,2005/2006,HORNSEY ROAD,HOUGHTON BAY ROAD,,Minor Crash,No,2006,0,North,0,0,0,Hill Road,0,,0,,0,Overcast,2170902,1,0,0,2,0,0,0,0,0,,0,0,Wellington Region,Nil,2-way,Sealed,0,0,0,0,50,0,Null,0,0,,47,Wellington City,Nil,0,0,0,0,0,0,Urban,0,0,0,Light rain,Null
1799366,5816309,31161,,528800,0,0,0,1,0,North,2005/2006,RIMU ST,GOLDSMITH ST,,Minor Crash,No,2006,0,North,0,0,0,Flat,0,,0,,0,Dark,903100,1,0,0,2,0,0,0,1,0,1,0,0,Waikato Region,Nil,2-way,Sealed,0,0,0,0,50,0,On,0,0,,16,Hamilton City,Unknown,0,0,0,0,0,0,Urban,0,0,0,Fine,Null
1797740,5861316,31162,,527210,0,0,0,0,0,Null,2006/2007,WAERENGA ROAD,FALLS ROAD,,Non-Injury Crash,No,2006,0,South,0,0,1,Flat,0,,0,,0,Dark,937800,0,0,0,2,0,0,0,0,0,,0,0,Waikato Region,Nil,2-way,Sealed,0,0,0,0,100,0,None,1,0,,13,Waikato District,Give way,0,0,0,0,0,0,Open,0,0,0,Mist or Fog,Null
1789438,5853289,31163,,526702,0,,0,0,,South,2005/2006,TE OHAKI ROAD,GLEN MURRAY ROAD,,Minor Crash,No,2006,,North,,0,,Flat,,,,,,Bright sun,847300,1,0,1,2,,,0,,,,,,Waikato Region,Nil,2-way,Sealed,,0,0,,100,,Null,0,0,,13,Waikato District,Unknown,,,,,1,0,Open,0,,,Fine,Null
1789497,5754518,31164,,532000,0,,0,0,,Null,2006/2007,RORA ST,LAWRENCE ST,,Non-Injury Crash,Yes,2006,,South,,0,,Flat,,,,,,Twilight,1009500,0,0,0,2,,,0,,,,,,Waikato Region,Nil,2-way,Sealed,,0,0,,50,,Off,0,0,,20,Waitomo District,Give way,,,,,1,0,Urban,1,,,Fine,Null
1853995,5873233,31165,45,534200,0,,0,2,,South,2005/2006,SH 25,PARAKIWAI QUARRY ROAD,,Non-Injury Crash,Yes,2006,,South,,0,,Hill Road,,,,,,Overcast,1082500,0,0,0,2,,,0,,,,,,Waikato Region,Nil,2-way,Sealed,,0,0,,100,,Null,0,0,,12,Hauraki District,Unknown,,,,,0,0,Open,0,,,Mist or Fog,Null
1768100,5904057,31166,,524602,0,,0,1,,South,2006/2007,SH 1N,REDOUBT OBR,,Non-Injury Crash,Yes,2006,,North,,0,,Flat,,,,,,Bright sun,780501,0,0,0,2,,,0,,,,,,Auckland Region,Nil,1-way,Sealed,,0,0,,100,,Off,0,0,,76,Auckland,Nil,,,,,0,0,Open,1,,,Fine,Null
1767440,5882590,31167,,521112,0,0,0,1,0,South,2005/2006,HELVETIA ROAD,GUN CLUB ROAD,,Non-Injury Crash,No,2006,0,South,0,0,0,Flat,0,,0,,0,Dark,826500,0,0,0,2,0,0,0,0,0,,0,0,Auckland Region,Nil,2-way,Sealed,0,0,0,0,100,0,None,0,0,,76,Auckland,Nil,0,0,0,0,0,0,Open,0,0,0,Fine,Null
1683385,6100111,31168,70,501615,0,,0,1,,West,2005/2006,WAIMATE NORTH ROAD,SH 10,,Fatal Crash,No,2006,,East,,1,,Flat,,,,,,Twilight,49802,0,0,0,2,,,0,,,,,,Northland Region,Nil,2-way,Sealed,,0,1,,100,,None,0,0,,1,Far North District,Nil,,,,,1,0,Open,0,,,Light rain,Null
1753967,5926856,31169,,508610,0,,0,2,,Null,2005/2006,CORONATION ROAD,ARCHERS ROAD,,Non-Injury Crash,No,2006,,East,,0,,Hill Road,,,,,,Dark,205201,0,0,0,2,,,0,,,,,,Auckland Region,Nil,2-way,Sealed,,0,0,,50,,On,0,0,,76,Auckland,Give way,,,,,0,0,Urban,0,,,Heavy rain,Null
1808648,5819850,31170,,527125,0,,0,1,,East,2006/2007,SH 1B,HOLLAND ROAD,,Non-Injury Crash,Yes,2006,,West,,0,,Flat,,,,,,Twilight,955500,0,0,0,2,,,0,,,,,,Waikato Region,Nil,2-way,Sealed,,0,0,,50,,None,0,0,,13,Waikato District,Stop,,,,,0,0,Urban,1,,,Fine,Null
1764343,5909409,31171,,521802,0,,0,3,,North,2005/2006,GREAT SOUTH ROAD,FORT RICHARD ROAD,,Non-Injury Crash,No,2006,,North,,0,,Flat,,,,,,Overcast,788601,0,0,0,2,,,0,,,,,,Auckland Region,Nil,2-way,Sealed,,0,0,,50,,Off,0,0,,76,Auckland,Nil,,,,,0,0,Urban,0,,,Fine,Null
1399412,4912215,31172,,602422,0,,0,2,,South,2005/2006,BRIGHTON ROAD,ALLEN ROAD SOUTH,,Minor Crash,No,2006,,South,,0,,Hill Road,,,,,,Overcast,2980700,2,0,0,2,,,0,,,,,,Otago Region,Nil,2-way,Sealed,,0,0,,80,,Null,0,0,,71,Dunedin City,Nil,,,,,0,0,Open,0,,,Fine,Null
1772550,5896704,31173,,525420,0,,0,2,,Null,2005/2006,GREAT SOUTH ROAD,OSHANNESSEY ST,,Non-Injury Crash,No,2006,,South,,0,,Hill Road,,,,,,Bright sun,792800,0,0,0,4,,,0,,,,,,Auckland Region,Nil,2-way,Sealed,,0,0,,50,,Null,0,0,,76,Auckland,Traffic Signals,,,,,0,0,Urban,0,,,Fine,Null
1878723,5823249,31174,,538201,0,,0,2,,South,2005/2006,CAMERON ROAD,NINTH AVENUE,,Non-Injury Crash,No,2006,,South,,0,,Flat,,,,,,Bright sun,1166600,0,0,0,4,,,0,,,,,,Bay of Plenty Region,Nil,2-way,Sealed,,0,0,,50,,Null,0,0,,23,Tauranga City,Unknown,,,,,0,0,Urban,0,,,Fine,Null
1753838,5918357,31175,,515431,0,,0,3,,Null,2006/2007,ST LUKES ROAD,GREAT NORTH ROAD,,Minor Crash,No,2006,,North,,0,,Hill Road,,,,,,Dark,406300,1,0,0,5,,,0,,,,,,Auckland Region,Nil,2-way,Sealed,,0,0,,50,,On,0,0,,76,Auckland,Traffic Signals,,,,,0,0,Urban,0,,,Fine,Null
1745394,5915987,31176,,510800,0,,0,1,,Null,2006/2007,RAILSIDE AVENUE,BRUCE MCLAREN ROAD,,Non-Injury Crash,No,2006,,North,,0,,Flat,,,,,,Bright sun,244600,0,0,0,2,,,0,,,,,,Auckland Region,Nil,2-way,Sealed,,0,0,,50,,Off,0,0,,76,Auckland,Stop,,,,,0,0,Urban,1,,,Fine,Null
1757941,5918034,31177,,515700,0,,0,2,,North,2005/2006,SH 1N,GILLIES ON NBD,,Non-Injury Crash,Yes,2006,,North,,0,,Flat,,,,,,Overcast,443700,0,0,0,3,,,0,,,,,,Auckland Region,Nil,2-way,Sealed,,0,0,,80,,Off,0,0,,76,Auckland,Nil,,,,,0,0,Open,0,,,Light rain,Null
1754463,5918338,31178,,517600,0,,0,1,,East,2005/2006,SH 16,ST LUKES OFF WBD,,Minor Crash,Yes,2006,,West,,0,,Flat,,,,,,Overcast,533000,2,0,0,3,,,0,,,,,,Auckland Region,Nil,1-way,Sealed,,0,0,,100,,Off,1,0,,76,Auckland,Nil,,,,,0,0,Open,0,,,Fine,Null
1746458,5912385,31179,,512600,0,0,0,1,0,South,2006/2007,KASHMIR ROAD,TAGOR ST,,Non-Injury Crash,No,2006,0,North,0,0,0,Hill Road,0,,0,,0,Bright sun,298200,0,0,0,2,0,0,0,0,1,,0,0,Auckland Region,Nil,2-way,Sealed,0,0,0,0,50,0,Off,0,0,,76,Auckland,Nil,0,0,0,0,0,0,Urban,1,0,0,Fine,Null
1775194,5887530,31180,,521302,0,0,0,1,0,East,2005/2006,ARARIMU ROAD,HILLVIEW ROAD,,Non-Injury Crash,No,2006,0,East,0,0,1,Hill Road,0,,0,,0,Dark,809104,0,0,0,2,0,0,0,1,0,,0,0,Auckland Region,Nil,2-way,Sealed,0,0,0,0,70,0,None,0,0,,76,Auckland,Nil,0,0,0,0,0,0,Urban,0,0,0,Fine,Null
1766088,5915957,31181,,517100,0,,0,1,,Null,2006/2007,ERIMA AVENUE,TRIPOLI ROAD,,Non-Injury Crash,No,2006,,South,,0,,Flat,,,,,,Bright sun,478800,0,0,0,2,,,0,,,,,,Auckland Region,Nil,2-way,Sealed,,0,0,,50,,Off,0,0,,76,Auckland,Stop,,,,,0,0,Urban,1,,,Fine,Null
1769566,5906683,31182,,523712,0,,0,2,,Null,2006/2007,MICHAEL JONES DRIVE,CHAPEL ROAD,,Non-Injury Crash,No,2006,,West,,0,,Flat,,,,,,Bright sun,712808,0,0,0,2,,,0,,,,,,Auckland Region,Nil,2-way,Sealed,,0,0,,50,,Off,0,0,,76,Auckland,Give way,,,,,0,0,Urban,0,,,Fine,Null
1547943,5286629,31183,,585506,0,0,0,1,0,Null,2005/2006,SH 7,ROUGH CRK BR,,Fatal Crash,Yes,2006,0,West,0,1,0,Flat,0,,0,,0,Dark,2426700,0,0,0,2,0,0,0,0,0,,0,1,Canterbury Region,Nil,2-way,Sealed,0,0,0,0,100,0,None,0,0,,58,Hurunui District,Unknown,0,0,0,0,0,0,Open,0,0,0,Fine,Frost
1759585,5906351,31184,,524200,0,,0,1,,Null,2006/2007,KIRKBRIDE ROAD,WESTNEY ROAD,,Non-Injury Crash,No,2006,,East,,0,,Flat,,,,,,Overcast,727400,0,0,0,4,,,0,,,,,,Auckland Region,Nil,2-way,Sealed,,0,0,,60,,Off,0,0,,76,Auckland,Give way,,,,,1,0,Urban,0,,,Fine,Null
1744540,5909349,31185,,512801,0,0,0,1,1,North,2006/2007,HUIA ROAD,EXHIBITION DRIVE,,Non-Injury Crash,No,2006,0,North,0,0,0,Hill Road,0,,0,,0,Dark,302501,0,0,0,2,0,0,0,0,0,,0,0,Auckland Region,Nil,2-way,Sealed,0,0,0,0,50,0,None,0,0,,76,Auckland,Nil,0,0,0,0,0,0,Urban,0,0,0,Light rain,Null
1762274,5913762,31186,,520401,0,,0,1,,Null,2005/2006,PENROSE ROAD,GAVIN ST,,Minor Crash,No,2006,,East,,0,,Flat,,,,,,Dark,644300,1,0,0,2,,,0,,,,,,Auckland Region,Nil,2-way,Sealed,,0,0,,50,,On,1,0,,76,Auckland,Give way,,,,,0,0,Urban,0,,,Light rain,Null
1757725,5918272,31187,,514302,0,,1,1,,South,2006/2007,SH 1N,KHYBER PASS ON SBD,,Non-Injury Crash,Yes,2006,,South,,0,,Flat,,,,,,Overcast,442100,0,0,0,5,,,0,,,,,,Auckland Region,Nil,1-way,Sealed,,0,0,,100,,Off,0,0,,76,Auckland,Nil,,,,,0,0,Open,0,,,Fine,Null
1756832,5926449,31188,,507900,0,,0,4,,North,2005/2006,SH 1N,ONEWA OFF SBD,,Non-Injury Crash,Yes,2006,,South,,0,,Flat,,,,,,Twilight,304000,0,0,0,3,,,0,,,,,,Auckland Region,Nil,1-way,Sealed,,0,0,,100,,On,0,0,,76,Auckland,Nil,,,,,0,0,Open,0,,,Fine,Null
1760905,5447512,31189,,565603,0,0,0,1,0,East,2005/2006,SH 58,JOSEPH BANKS DRIVE,,Minor Crash,Yes,2006,0,West,0,0,0,Flat,1,,0,,0,Twilight,2072525,1,0,0,2,0,0,0,0,0,,0,0,Wellington Region,Bridge,2-way,Sealed,0,0,0,0,80,0,Off,0,0,,44,Porirua City,Nil,0,0,0,0,0,0,Open,0,0,0,Fine,Null