X,Y,OBJECTID,advisorySpeed,areaUnitID,bicycle,bridge,bus,carStationWagon,cliffBank,crashDirectionDescription,crashFinancialYear,crashLocation1,crashLocation2,crashRoadSideRoad,crashSeverity,crashSHDescription,crashYear,debris,directionRoleDescription,ditch,fatalCount,fence,flatHill,guardRail,holiday,houseOrBuilding,intersection,kerb,light,meshblockId,minorInjuryCount,moped,motorcycle,NumberOfLanes,objectThrownOrDropped,otherObject,otherVehicleType,overBank,parkedVehicle,pedestrian,phoneBoxEtc,postOrPole,region,roadCharacter,roadLane,roadSurface,roadworks,schoolBus,seriousInjuryCount,slipOrFlood,speedLimit,strayAnimal,streetLight,suv,taxi,temporarySpeedLimit,tlaId,tlaName,trafficControl,trafficIsland,trafficSign,train,tree,truck,unknownVehicleType,urban,vanOrUtility,vehicle,waterRiver,weatherA,weatherB
1754510,5915234,31190,,517702,0,0,0,1,0,South,2005/2006,SANDRINGHAM ROAD,TAUMATA ROAD,,Non-Injury Crash,No,2006,0,North,0,0,0,Hill Road,0,,0,,0,Twilight,541500,0,0,0,3,0,0,0,0,0,,0,1,Auckland Region,Nil,2-way,Sealed,0,0,0,0,50,0,On,0,0,,76,Auckland,Nil,0,0,0,0,0,0,Urban,0,0,0,Fine,Null
1584878,5430980,31191,55,581833,0,,1,0,,South,2005/2006,MOTUEKA VALLEY HIGHWAY,HALL ROAD,,Minor Crash,No,2006,,North,,0,,Flat,,,,,,Overcast,2370300,1,0,0,2,,,0,,,,,,Tasman Region,Nil,2-way,Sealed,,0,0,,100,,Null,1,0,,51,Tasman District,Nil,,,,,0,0,Open,0,,,Fine,Null
1902439,5685209,31192,65,541503,0,,0,0,,East,2005/2006,SH 5,MATEA ROAD,,Serious Crash,Yes,2006,,North,,0,,Flat,,,,,,Bright sun,1281005,0,0,1,2,,,0,,,,,,Hawke's Bay Region,Nil,2-way,Sealed,,0,1,,100,,Null,0,0,,21,Taupo District,Unknown,,,,,0,0,Open,0,,,Fine,Null
1744286,5974631,31193,65,506661,0,0,0,0,0,South,2005/2006,SH 1N,FALLS BR,,Non-Injury Crash,Yes,2006,0,North,0,0,0,Hill Road,1,,0,,0,Overcast,138900,0,0,0,2,0,0,0,0,0,,0,0,Auckland Region,Nil,2-way,Sealed,0,0,0,0,100,0,None,2,0,,76,Auckland,Nil,0,0,0,0,0,0,Open,0,0,0,Light rain,Null
1843784,5809933,31194,,535502,0,,0,1,,Null,2005/2006,SH 27,HINUERA ROAD,,Non-Injury Crash,Yes,2006,,West,,0,,Flat,,,,,,Dark,1121200,0,0,0,2,,,0,,,,,,Waikato Region,Nil,2-way,Sealed,,0,0,,70,,On,0,0,,15,Matamata-Piako District,Give way,,,,,0,0,Urban,1,,,Fine,Null
1565389,5175608,31195,,587847,0,,0,1,,Null,2006/2007,SH 75 HALSWELL,DUNBARS ROAD,,Serious Crash,Yes,2006,,North,,0,,Flat,,,,,,Bright sun,2484603,0,1,0,2,,,0,,,,,,Canterbury Region,Nil,2-way,Sealed,,0,1,,60,,Null,0,1,,60,Christchurch City,Give way,,,,,0,0,Urban,0,,,Fine,Null
1732614,5948203,31196,,506646,0,,0,3,,North,2005/2006,SH 16,KANOHI ROAD,,Non-Injury Crash,Yes,2006,,South,,0,,Hill Road,,,,,,Bright sun,212503,0,0,0,2,,,0,,,,,,Auckland Region,Nil,2-way,Sealed,,0,0,,100,,None,0,0,,76,Auckland,Nil,,,,,0,0,Open,0,,,Fine,Null
1920836,5543190,31197,,549602,0,,0,0,,South,2005/2006,BLACKHEAD ROAD,LONG RANGE ROAD,,Non-Injury Crash,No,2006,,North,,0,,Flat,,,,,,Bright sun,1526702,0,0,0,2,,,0,,,,,,Hawke's Bay Region,Nil,2-way,Unsealed,,0,0,,100,,Null,1,0,,32,Central Hawke's Bay District,Nil,,,,,0,0,Open,0,,,Fine,Null
1799408,5817284,31198,,528700,0,0,0,1,0,South,2006/2007,VICTORIA ST,MACDIARMID ROAD,,Serious Crash,No,2006,0,West,0,0,0,Hill Road,0,,0,,0,Bright sun,901000,0,0,0,2,0,0,0,0,1,,0,1,Waikato Region,Nil,2-way,Sealed,0,0,1,0,50,0,Off,0,0,,16,Hamilton City,Nil,0,0,0,0,0,0,Urban,1,0,0,Fine,Null
1770509,5898131,31199,,523920,0,,0,2,,East,2006/2007,KINDERGARTEN DRIVE,CHIBNALL PLACE,,Non-Injury Crash,No,2006,,West,,0,,Flat,,,,,,Overcast,767501,0,0,0,2,,,0,,,,,,Auckland Region,Nil,2-way,Sealed,,0,0,,50,,Off,0,0,,76,Auckland,Nil,,,,,0,0,Urban,0,,,Fine,Null
1408348,4917539,31200,,603602,0,0,0,1,1,East,2006/2007,SH 88 RAVENSBOURNE,PARRY ST,,Minor Crash,Yes,2006,0,East,0,0,0,Flat,0,,0,,0,Overcast,2869200,1,0,0,2,0,0,0,0,0,,0,0,Otago Region,Nil,2-way,Sealed,0,0,0,0,80,0,Null,0,0,,71,Dunedin City,Unknown,0,0,0,0,0,0,Open,0,0,0,Fine,Null
1866413,5716694,31201,,541318,0,0,0,1,0,North,2005/2006,POIHIPI ROAD,SH 1N,,Non-Injury Crash,No,2006,0,South,0,0,0,Hill Road,0,,0,,0,Overcast,1279006,0,0,0,2,0,0,0,1,0,,0,0,Waikato Region,Nil,2-way,Sealed,0,0,0,0,100,0,Null,0,0,,21,Taupo District,Unknown,0,0,0,0,0,0,Open,0,0,0,Light rain,Null
1752410,5912397,31202,,514700,0,0,0,1,0,West,2006/2007,DONOVAN ST,SHIPTON PLACE,,Fatal Crash,No,2006,0,West,0,1,1,Hill Road,0,Labour Weekend,0,,1,Bright sun,369200,0,0,0,3,0,0,0,0,0,,0,0,Auckland Region,Nil,2-way,Sealed,0,0,0,0,50,0,Off,0,0,,76,Auckland,Nil,0,0,0,1,0,0,Urban,0,0,0,Fine,Null
1758081,5446911,31203,,572200,0,,0,2,,Null,2005/2006,POSTGATE DRIVE,OMAPERE ST,,Minor Crash,No,2006,,North,,0,,Hill Road,,,,,,Dark,2071203,1,0,0,2,,,0,,,,,,Wellington Region,Nil,2-way,Sealed,,0,0,,50,,On,0,0,,44,Porirua City,Nil,,,,,0,0,Urban,0,,,Fine,Null
1876914,5824397,31204,,537301,0,,0,2,,South,2006/2007,DARRAGHS ROAD,WAIKAREAO WAY,,Non-Injury Crash,No,2006,,North,,0,,Flat,,,,,,Dark,1159902,0,0,0,2,,,0,,,,,,Bay of Plenty Region,Nil,2-way,Sealed,,0,0,,50,,On,0,0,,23,Tauranga City,Nil,,,,,0,0,Urban,0,,,Fine,Null
1572293,5179420,31205,,593502,0,,0,1,,North,2006/2007,NURSERY ROAD,CROSS ST,,Minor Crash,No,2006,,South,,0,,Flat,,,,,,Bright sun,2607000,1,0,0,2,,,0,,,1,,,Canterbury Region,Nil,2-way,Sealed,,0,0,,50,,Null,0,0,,60,Christchurch City,Unknown,,,,,0,0,Urban,0,,,Fine,Null
1805675,5817340,31206,,527125,0,,0,1,,Null,2005/2006,RUAKURA ROAD,HOLLAND ROAD,,Non-Injury Crash,No,2006,,North,,0,,Flat,,,,,,Dark,954904,0,0,0,2,,,0,,,,,,Waikato Region,Nil,2-way,Sealed,,0,0,,100,,On,0,0,,13,Waikato District,Stop,,,,,0,0,Open,0,,,Heavy rain,Null
1440860,5004711,31207,,601020,0,0,0,1,0,North,2005/2006,HUMBER ST,TORRIDGE ST,,Minor Crash,No,2006,0,South,0,0,0,Flat,0,,0,,0,Twilight,2843900,1,0,0,2,0,0,0,0,0,,0,1,Otago Region,Nil,2-way,Sealed,0,0,0,0,50,0,Off,0,0,,68,Waitaki District,Unknown,0,0,0,0,0,0,Urban,0,0,0,Fine,Null
1534967,5205874,31208,,586802,0,,0,1,,West,2006/2007,MAIN ST,HIGH ST,,Minor Crash,No,2006,,East,,0,,Flat,,,,,,Bright sun,2458002,1,0,0,2,,,0,,,,,,Canterbury Region,Nil,2-way,Sealed,,0,0,,50,,Null,0,0,,59,Waimakariri District,Nil,,,,,0,0,Urban,1,,,Fine,Null
1760261,5906948,31209,20,524111,0,,0,2,,South,2005/2006,Z CPK MANGERE TC,BADER DRIVE,,Non-Injury Crash,No,2006,,North,,0,,Flat,,,,,,Dark,740500,0,0,0,0,,,0,,,,,,Auckland Region,Nil,Off road,Sealed,,0,0,,50,,On,0,0,,76,Auckland,Nil,,,,,0,0,Urban,0,,,Fine,Null
1619242,5426941,31210,,584000,1,,0,0,,Null,2005/2006,ANDREW ST,NAYLAND ROAD,,Minor Crash,No,2006,,West,,0,,Flat,,,,,,Bright sun,2341500,1,0,0,2,,,0,,,,,,Nelson Region,Nil,2-way,Sealed,,0,0,,50,,Null,0,0,,52,Nelson City,Give way,,,,,0,0,Urban,0,,,Fine,Null
1751768,5919404,31211,,515001,0,,0,0,,North,2006/2007,POINT CHEVALIER ROAD,DIGNAN ST,,Non-Injury Crash,No,2006,,South,,0,,Flat,,,,,,Overcast,394600,0,0,0,2,,,0,,,,,,Auckland Region,Nil,2-way,Sealed,,0,0,,50,,Off,0,0,,76,Auckland,Nil,,,,,0,0,Urban,1,,,Light rain,Null
1795113,5875570,31212,,527221,0,0,0,2,0,West,2006/2007,SH 2,COALFIELDS ROAD,,Minor Crash,Yes,2006,0,East,0,0,1,Flat,0,Christmas New Year,0,,0,Bright sun,933200,3,0,0,2,0,0,0,0,0,,0,0,Waikato Region,Nil,2-way,Sealed,0,0,0,0,100,0,Null,0,1,,13,Waikato District,Unknown,0,0,0,0,0,0,Open,1,0,0,Fine,Null
1768332,5913823,31213,,523000,0,,0,1,,South,2005/2006,GOSSAMER DRIVE,PAKURANGA ROAD,,Serious Crash,No,2006,,South,,0,,Flat,,,,,,Bright sun,690700,0,0,0,2,,,0,,,,,,Auckland Region,Nil,2-way,Sealed,,0,1,,50,,Null,0,0,,76,Auckland,Unknown,,,,,1,0,Urban,0,,,Fine,Null
1579722,5176480,31214,,596102,0,0,0,1,1,East,2005/2006,MAIN ROAD,CLIFF ST,,Minor Crash,No,2006,0,West,0,0,0,Flat,0,Easter,0,,0,Dark,2702700,1,0,0,2,0,0,0,0,0,,0,0,Canterbury Region,Nil,2-way,Sealed,0,0,0,0,50,0,On,0,0,,60,Christchurch City,Unknown,0,0,0,0,0,0,Urban,0,0,0,Fine,Null
1759458,5916447,31215,,516002,0,,0,2,,South,2005/2006,SH 1N,MARKET OBR,,Non-Injury Crash,Yes,2006,,South,,0,,Flat,,,,,,Bright sun,492000,0,0,0,3,,,0,,,,,,Auckland Region,Nil,2-way,Sealed,,0,0,,80,,Off,0,0,,76,Auckland,Nil,,,,,0,0,Open,0,,,Fine,Null
1748596,5428220,31216,,573000,0,,0,1,,North,2006/2007,THE TERRACE,TERRACE OFF SBD,,Non-Injury Crash,No,2006,,North,,0,,Hill Road,,,,,,Dark,2124400,0,0,0,2,,,0,,,,,,Wellington Region,Nil,2-way,Sealed,,0,0,,50,,On,0,0,,47,Wellington City,Nil,,,,,0,0,Urban,1,,,Fine,Null
1851805,5897543,31217,,533603,0,0,0,1,0,South,2006/2007,SH 25,RED BRIDGE ROAD,,Non-Injury Crash,Yes,2006,0,South,0,0,0,Flat,0,,0,,0,Dark,1059305,0,0,0,2,0,0,0,1,0,,0,0,Waikato Region,Nil,2-way,Sealed,0,0,0,0,100,0,None,0,0,,11,Thames-Coromandel District,Unknown,0,0,0,0,0,0,Open,0,0,0,Fine,Null
1648105,6075989,31218,,500802,0,,0,0,,West,2005/2006,SH 12,DUDDY ROAD,,Minor Crash,Yes,2006,,West,,0,,Flat,,,,,,Bright sun,24300,1,0,0,2,,,0,,,,,,Northland Region,Nil,2-way,Sealed,,0,0,,100,,None,1,0,,1,Far North District,Nil,,,,,0,0,Open,0,,,Fine,Null
1808504,5520012,31219,,563802,0,0,0,0,0,South,2005/2006,SH 56,TANE ROAD,,Non-Injury Crash,Yes,2006,0,North,1,0,0,Flat,0,,0,,0,Dark,1852300,0,0,0,2,0,0,0,0,0,,0,0,Manawatū-Whanganui Region,Nil,2-way,Unsealed,0,0,0,0,100,0,None,1,0,30,42,Horowhenua District,Nil,0,0,0,0,0,0,Open,0,0,0,Fine,Null
1816859,5871340,31220,,533901,0,,0,1,,East,2006/2007,SH 2,CENTRAL ROAD,,Fatal Crash,Yes,2006,,West,,3,,Flat,,,,,,Bright sun,1063100,1,0,0,2,,,0,,,,,,Waikato Region,Nil,2-way,Sealed,,0,0,,100,,None,0,0,,12,Hauraki District,Nil,,,,,0,0,Open,1,,,Fine,Null
1883405,5825989,31221,,536821,0,,0,2,,North,2006/2007,SH 2,SPUR AVENUE,,Non-Injury Crash,Yes,2006,,South,,0,,Flat,,,,,,Bright sun,1204401,0,0,0,4,,,0,,,,,,Bay of Plenty Region,Nil,2-way,Sealed,,0,0,,70,,Null,0,0,,23,Tauranga City,Nil,,,,,0,0,Urban,0,,,Fine,Null
1748934,5971444,31222,,505500,0,0,0,0,0,South,2006/2007,MATAKANA ROAD,CLAYDEN ROAD,,Non-Injury Crash,No,2006,0,West,1,0,0,Hill Road,0,,0,,0,Dark,140000,0,0,0,2,0,0,0,0,0,,0,0,Auckland Region,Nil,2-way,Sealed,0,0,0,0,80,0,None,1,0,,76,Auckland,Nil,0,0,0,0,0,0,Open,0,0,0,Fine,Null
1720104,6045084,31223,,503100,0,0,1,1,0,East,2005/2006,Z CPK WAREHOUSE,OKARA DRIVE,,Non-Injury Crash,No,2006,0,North,0,0,0,Flat,0,,0,,0,Overcast,101700,0,0,0,0,0,0,0,0,1,,0,0,Northland Region,Nil,Off road,Sealed,0,0,0,0,50,0,Off,0,0,,2,Whangarei District,Nil,0,0,0,0,0,0,Urban,0,0,0,Fine,Null
1756951,5919261,31224,,514200,0,0,0,1,0,Null,2006/2007,UPPER QUEEN ST,CANADA ST,,Non-Injury Crash,No,2006,0,North,0,0,0,Hill Road,0,,0,,0,Dark,412200,0,0,0,2,0,0,0,0,0,,0,1,Auckland Region,Nil,2-way,Sealed,0,0,0,0,50,0,On,0,0,,76,Auckland,Traffic Signals,0,0,0,0,0,0,Urban,0,0,0,Fine,Null
1750843,5918012,31225,,514801,0,0,0,3,0,West,2005/2006,SH 16,PT CHEV OFF EBD,,Non-Injury Crash,Yes,2006,0,East,0,0,0,Flat,2,,0,,0,Dark,390402,0,0,0,3,0,0,0,0,0,,0,0,Auckland Region,Nil,1-way,Sealed,0,0,0,0,100,0,On,0,0,,76,Auckland,Nil,0,0,0,0,0,0,Open,0,0,0,Light rain,Null
1773667,5914361,31226,,521502,0,,0,1,,Null,2006/2007,PAH ROAD,SHELLY BEACH PARADE,,Minor Crash,No,2006,,South,,0,,Hill Road,,,,,,Bright sun,655103,5,0,0,2,,,0,,,,,,Auckland Region,Nil,2-way,Sealed,,0,0,,50,,Off,0,0,,76,Auckland,Give way,,,,,0,0,Urban,1,,,Fine,Null
1755786,5928200,31227,,507900,0,,0,2,,Null,2005/2006,WAIRAU ROAD,PORANA ROAD,,Non-Injury Crash,No,2006,,North,,0,,Flat,,,,,,Dark,305201,0,0,0,5,,,0,,,,,,Auckland Region,Nil,2-way,Sealed,,0,0,,50,,On,0,0,,76,Auckland,Traffic Signals,,,,,0,0,Urban,0,,,Fine,Null
1838907,5659189,31228,45,541501,0,,0,2,,South,2006/2007,SH 1N,TREE TRUNK GORGE ROAD,,Minor Crash,Yes,2006,,North,,0,,Hill Road,,,,,,Overcast,1289001,3,0,0,2,,,0,,,,,,Waikato Region,Nil,2-way,Sealed,,0,0,,100,,None,0,0,,21,Taupo District,Nil,,,,,0,0,Open,0,,,Light rain,Null
1405520,4914733,31229,,604210,0,0,0,1,0,East,2006/2007,NEVILLE ST,MURRAYFIELD ST,,Serious Crash,No,2006,0,West,0,0,0,Flat,0,,0,,0,Overcast,2914500,0,0,0,2,0,0,0,0,1,,0,0,Otago Region,Nil,2-way,Sealed,0,0,1,0,50,0,Null,0,0,,71,Dunedin City,Unknown,0,0,0,0,0,0,Urban,1,0,0,Fine,Null
1756608,5924759,31230,,509702,0,,0,1,,North,2006/2007,SH 1N,ONEWA OFF SBD,,Non-Injury Crash,Yes,2006,,South,,0,,Flat,,,,,,Bright sun,366602,0,0,0,3,,,0,,,,,,Auckland Region,Nil,1-way,Sealed,,0,0,,100,,Off,0,0,80,76,Auckland,Nil,,,,,1,0,Open,0,,,Fine,Null
1316600,4981672,31231,,608500,0,,0,2,,South,2005/2006,SH 8,EARNSCLEUGH ROAD,,Minor Crash,Yes,2006,,South,,0,,Hill Road,,,,,,Bright sun,3024701,1,0,0,2,,,0,,,,,,Otago Region,Nil,2-way,Sealed,,0,0,,50,,Null,0,0,,69,Central Otago District,Unknown,,,,,0,0,Urban,0,,,Fine,Null
1243485,4850291,31232,,611210,0,,0,4,,South,2006/2007,QUEENS DRIVE,GALA ST,,Minor Crash,No,2006,,South,,0,,Flat,,,,,,Bright sun,3107100,3,0,0,2,,,0,,,,,,Southland Region,Nil,2-way,Sealed,,0,0,,50,,Null,0,0,,75,Invercargill City,Unknown,,,,,0,0,Urban,0,,,Fine,Null
1565130,5179208,31233,,587701,0,,0,0,,Null,2006/2007,BLENHEIM ROAD,CURLETTS ROAD,,Minor Crash,Yes,2006,,East,,0,,Flat,,,,,,Twilight,2480100,1,0,0,6,,,0,,,,,,Canterbury Region,Nil,2-way,Sealed,,0,0,,60,,Off,1,0,,60,Christchurch City,Traffic Signals,,,,,0,0,Urban,1,,,Fine,Null
1775563,5579080,31234,,557700,0,0,0,1,0,West,2005/2006,DUBLIN ST BRIDGE,SH 4,,Non-Injury Crash,No,2006,0,East,0,0,0,Flat,0,,0,,0,Dark,1692500,0,0,0,2,0,1,0,0,0,,0,0,Manawatū-Whanganui Region,Bridge,2-way,Sealed,0,0,0,0,50,0,On,0,1,,37,Whanganui District,Nil,0,0,0,0,0,0,Urban,0,0,0,Fine,Null
1769327,5907459,31235,,523712,0,,0,3,,Null,2006/2007,ORMISTON ROAD,TE IRIRANGI DRIVE,,Minor Crash,No,2006,,South,,0,,Flat,,,,,,Overcast,712803,1,0,0,4,,,0,,,,,,Auckland Region,Nil,2-way,Sealed,,0,0,,80,,Off,0,0,,76,Auckland,Give way,,,,,0,0,Open,0,,,Fine,Null
1801291,5818612,31236,,529501,0,0,0,1,0,North,2006/2007,ASCOT ROAD,ELMIRA AVENUE,,Non-Injury Crash,No,2006,0,West,0,0,0,Flat,0,,0,,0,Twilight,874700,0,0,0,2,0,0,0,0,1,,0,0,Waikato Region,Nil,2-way,Sealed,0,0,0,0,50,0,On,1,0,,16,Hamilton City,Nil,0,0,0,0,0,0,Urban,0,0,0,Fine,Null
1750809,5934691,31237,,508701,0,0,0,1,0,North,2005/2006,DAIRY FLAT HIGHWAY,THE AVENUE,,Non-Injury Crash,No,2006,0,South,1,0,0,Hill Road,0,,0,,0,Dark,178402,0,0,0,3,0,0,0,0,0,,0,0,Auckland Region,Nil,2-way,Sealed,0,0,0,0,80,0,None,0,0,,76,Auckland,Nil,0,0,0,0,0,0,Open,0,0,0,Fine,Null
1681990,6030139,31238,65,504502,0,,0,1,,West,2006/2007,SH 14,TANGOWAHINE SETTLEMENT EA,,Non-Injury Crash,Yes,2006,,East,,0,,Hill Road,,,,,,Overcast,120500,0,0,0,2,,,0,,,,,,Northland Region,Nil,2-way,Sealed,,0,0,,100,,Null,0,0,,3,Kaipara District,Unknown,,,,,0,0,Open,0,,,Light rain,Null
1753838,5918357,31239,,515431,1,,0,0,,Null,2006/2007,ST LUKES ROAD,GREAT NORTH ROAD,,Minor Crash,No,2006,,North,,0,,Flat,,,,,,Bright sun,406300,1,0,0,4,,,0,,,,,,Auckland Region,Nil,2-way,Sealed,,0,0,,50,,Null,0,0,,76,Auckland,Traffic Signals,,,,,1,0,Urban,0,,,Fine,Null
1745716,5917127,31240,,510800,0,,0,2,,South,2006/2007,EDSEL ST,GREAT NORTH ROAD,,Non-Injury Crash,No,2006,,North,,0,,Flat,,,,,,Bright sun,243300,0,0,0,2,,,0,,,,,,Auckland Region,Nil,2-way,Sealed,,0,0,,50,,Off,0,0,,76,Auckland,Nil,,,,,0,0,Urban,0,,,Fine,Null
1720000,6045101,31241,,503100,0,0,0,2,0,South,2005/2006,Z CPK COUNTDOWN,PORT ROAD,,Non-Injury Crash,No,2006,0,South,0,0,0,Flat,0,,0,,0,Overcast,101700,0,0,0,0,0,0,0,0,1,,0,0,Northland Region,Nil,Off road,Sealed,0,0,0,0,50,0,Off,0,0,,2,Whangarei District,Nil,0,0,0,0,0,0,Urban,0,0,0,Fine,Null
1778778,5877764,31242,,521131,0,,0,0,,Null,2006/2007,SH 1N,2 OFF SBD,,Minor Crash,Yes,2006,,South,,0,,Hill Road,,,,,,Overcast,842401,1,0,1,3,,,0,,,,,,Waikato Region,Motorway ramp,2-way,Sealed,,0,0,,100,,Off,0,0,,13,Waikato District,Nil,,,,,0,0,Open,0,,,Fine,Null
1764807,5908396,31243,,523404,0,,0,2,,North,2005/2006,GREAT SOUTH ROAD,BAIRDS ROAD,,Non-Injury Crash,No,2006,,North,,0,,Flat,,,,,,Overcast,696701,0,0,0,4,,,0,,,,,,Auckland Region,Nil,2-way,Sealed,,0,0,,50,,Null,0,0,,76,Auckland,Nil,,,,,0,0,Urban,0,,,Light rain,Null
1824660,5925349,31244,25,533100,0,,0,0,,East,2005/2006,THE 309 ROAD,SH 25,,Minor Crash,No,2006,,North,,0,,Hill Road,,,,,,Dark,1045802,1,0,0,2,,,0,,,,,,Waikato Region,Nil,2-way,Sealed,,0,0,,100,,None,0,0,,11,Thames-Coromandel District,Unknown,,,,,0,0,Open,1,,,Fine,Null
1763105,5905885,31245,,524302,0,,0,0,,North,2006/2007,PORTAGE ROAD,SKIPTON ST,,Minor Crash,No,2006,,North,,0,,Flat,,,,,,Overcast,746200,1,0,0,2,,,0,,,1,,,Auckland Region,Nil,2-way,Sealed,,0,0,,50,,Null,1,0,,76,Auckland,Unknown,,,,,0,0,Urban,0,,,Fine,Null
1753967,5926856,31246,,508610,0,,0,1,,Null,2006/2007,CORONATION ROAD,ARCHERS ROAD,,Non-Injury Crash,No,2006,,West,,0,,Flat,,,,,,Bright sun,205201,0,0,0,2,,,0,,,,,,Auckland Region,Nil,2-way,Sealed,,0,0,,50,,Off,0,0,,76,Auckland,Give way,,,,,1,0,Urban,0,,,Fine,Null
1759281,5906538,31247,,524111,0,,0,1,,Null,2006/2007,SH 20A,KIRKBRIDE ROAD,,Non-Injury Crash,Yes,2006,,South,,0,,Flat,,,,,,Bright sun,740200,0,0,0,4,,,0,,,,,,Auckland Region,Nil,2-way,Sealed,,0,0,,80,,Off,0,0,,76,Auckland,Traffic Signals,,,,,1,0,Open,0,,,Fine,Null
1752594,5912407,31248,,518901,0,,0,2,,Null,2006/2007,WHITE SWAN ROAD,BOUNDARY ROAD,,Non-Injury Crash,No,2006,,West,,0,,Hill Road,,,,,,Bright sun,586600,0,0,0,2,,,0,,,,,,Auckland Region,Nil,2-way,Sealed,,0,0,,50,,Off,0,0,,76,Auckland,Give way,,,,,0,0,Urban,0,,,Fine,Null
1804003,5790514,31249,,531004,0,,0,1,,South,2005/2006,BANK ST,ALEXANDRA ST,,Non-Injury Crash,No,2006,,South,,0,,Flat,,,,,,Bright sun,973600,0,0,0,2,,,0,,,,,,Waikato Region,Nil,2-way,Sealed,,0,0,,50,,Null,1,0,,17,Waipa District,Unknown,,,,,0,0,Urban,0,,,Fine,Null
1764360,5909335,31250,,521901,0,,0,2,,Null,2006/2007,GREAT SOUTH ROAD,FAIRBURN ROAD,,Non-Injury Crash,No,2006,,South,,0,,Flat,,,,,,Overcast,784900,0,0,0,4,,,0,,,,,,Auckland Region,Nil,2-way,Sealed,,0,0,,50,,Null,0,0,,76,Auckland,Nil,,,,,0,0,Urban,0,,,Light rain,Null
1257159,4873839,31251,,610040,0,0,0,0,0,East,2005/2006,SH 96,RAKAHOUKA-HEDGEHOPE ROAD,,Minor Crash,Yes,2006,0,West,0,0,1,Hill Road,0,,0,,0,Overcast,3088600,1,0,0,2,0,0,0,0,0,,0,0,Southland Region,Nil,2-way,Sealed,0,0,0,0,100,0,Null,0,0,,73,Southland District,Unknown,0,0,0,0,0,0,Open,1,0,0,Light rain,Null
1840660,5807202,31252,,535242,0,,0,0,,West,2006/2007,PUKETUTU ROAD,HINUERA ROAD,,Serious Crash,No,2006,,East,,0,,Flat,,,,,,Overcast,1116400,0,0,0,2,,,0,,,,,,Waikato Region,Nil,2-way,Sealed,,0,1,,100,,Null,0,0,,15,Matamata-Piako District,Unknown,,,,,0,0,Open,1,,,Fine,Null
1752618,5931396,31253,,508807,0,0,0,2,0,Null,2006/2007,PAUL MATHEWS ROAD,OMEGA ST,,Non-Injury Crash,No,2006,0,North,0,0,0,Flat,0,,0,,0,Bright sun,180809,0,0,0,2,0,0,0,0,1,,0,0,Auckland Region,Nil,2-way,Sealed,0,0,0,0,50,0,Off,0,0,,76,Auckland,Nil,0,0,0,0,0,0,Urban,0,0,0,Null,Null
1756526,5919410,31254,,514102,0,,0,2,,West,2005/2006,KARANGAHAPE ROAD,WEST TERRACE,,Non-Injury Crash,No,2006,,West,,0,,Flat,,,,,,Bright sun,436002,0,0,0,4,,,0,,,,,,Auckland Region,Nil,2-way,Sealed,,0,0,,50,,Off,0,0,,76,Auckland,Nil,,,,,0,0,Urban,0,,,Fine,Null
1885095,5771585,31255,,540700,0,,0,2,,Null,2005/2006,FENTON ST,SH 30,,Non-Injury Crash,Yes,2006,,South,,0,,Flat,,,,,,Overcast,1246000,0,0,0,4,,,0,,,,,,Bay of Plenty Region,Nil,2-way,Sealed,,0,0,,50,,Null,0,0,,24,Rotorua District,Give way,,,,,0,0,Urban,0,,,Light rain,Null
1758681,5917631,31256,,516001,0,,0,2,,Null,2005/2006,MACMURRAY ROAD,ST MARKS ROAD,,Non-Injury Crash,No,2006,,West,,0,,Flat,,,,,,Bright sun,490703,0,0,0,2,,,0,,,,,,Auckland Region,Nil,2-way,Sealed,,0,0,,50,,Off,0,0,,76,Auckland,Nil,,,,,0,0,Urban,0,,,Fine,Null
1881161,5827616,31257,,536821,0,0,0,0,0,South,2005/2006,TOTARA ST,HULL ROAD,,Non-Injury Crash,No,2006,0,North,0,0,0,Flat,0,,0,,0,Bright sun,1203400,0,0,0,2,0,0,0,0,0,,0,1,Bay of Plenty Region,Nil,2-way,Sealed,0,0,0,0,70,0,Null,0,0,,23,Tauranga City,Unknown,0,0,0,0,1,0,Urban,0,0,0,Fine,Null
1707756,5682950,31258,,551302,0,0,0,1,0,North,2005/2006,PRINCESS ST,CLIFTON DRIVE,,Minor Crash,No,2006,0,South,0,0,0,Flat,0,,0,,0,Bright sun,1549700,1,1,0,2,0,0,0,0,0,,0,1,Taranaki Region,Nil,2-way,Sealed,0,0,0,0,50,0,Null,0,0,,33,New Plymouth District,Nil,0,0,0,0,0,0,Urban,0,0,0,Fine,Null
2039556,5707680,31259,,544702,0,0,0,0,0,Null,2005/2006,OWEN ROAD,OWEN ROAD,,Minor Crash,No,2006,0,South,0,0,0,Flat,0,,0,,0,Dark,1384300,1,0,0,2,0,0,0,0,0,,0,1,Gisborne Region,Nil,2-way,Sealed,0,0,0,0,50,0,On,0,0,,28,Gisborne District,Give way,0,0,0,0,0,0,Urban,1,0,0,Fine,Null
1748939,5428970,31260,,572900,1,0,0,1,0,East,2006/2007,AITKEN ST,MOLESWORTH ST,,Minor Crash,No,2006,0,West,0,0,0,Flat,0,,0,,0,Bright sun,2121400,1,0,0,2,0,0,0,0,0,,0,0,Wellington Region,Nil,2-way,Sealed,0,0,0,0,50,0,Null,0,1,,47,Wellington City,Nil,0,0,0,0,0,0,Urban,0,1,0,Fine,Null