X,Y,OBJECTID,advisorySpeed,areaUnitID,bicycle,bridge,bus,carStationWagon,cliffBank,crashDirectionDescription,crashFinancialYear,crashLocation1,crashLocation2,crashRoadSideRoad,crashSeverity,crashSHDescription,crashYear,debris,directionRoleDescription,ditch,fatalCount,fence,flatHill,guardRail,holiday,houseOrBuilding,intersection,kerb,light,meshblockId,minorInjuryCount,moped,motorcycle,NumberOfLanes,objectThrownOrDropped,otherObject,otherVehicleType,overBank,parkedVehicle,pedestrian,phoneBoxEtc,postOrPole,region,roadCharacter,roadLane,roadSurface,roadworks,schoolBus,seriousInjuryCount,slipOrFlood,speedLimit,strayAnimal,streetLight,suv,taxi,temporarySpeedLimit,tlaId,tlaName,trafficControl,trafficIsland,trafficSign,train,tree,truck,unknownVehicleType,urban,vanOrUtility,vehicle,waterRiver,weatherA,weatherB
1805976,5813656,31261,,527004,0,,0,2,,North,2006/2007,MATANGI ROAD,POPLAR LANE,,Non-Injury Crash,No,2006,,South,,0,,Flat,,,,,,Overcast,956401,0,0,0,2,,,0,,,,,,Waikato Region,Nil,2-way,Sealed,,0,0,,80,,Null,0,0,,13,Waikato District,Unknown,,,,,0,0,Open,0,,,Fine,Null
1772705,5896112,31262,,525410,0,,0,1,,Null,2005/2006,EAST ST,WOOD ST,,Minor Crash,No,2006,,South,,0,,Flat,,,,,,Bright sun,792202,1,0,0,2,,,0,,,,,,Auckland Region,Nil,2-way,Sealed,,0,0,,50,,Off,0,0,,76,Auckland,Stop,,,,,0,0,Urban,1,,,Fine,Null
1766058,5915539,31263,,520601,0,0,0,1,0,Null,2005/2006,TRIPOLI ROAD,ORAN ROAD,,Non-Injury Crash,No,2006,0,East,0,0,0,Flat,0,,0,,1,Dark,633400,0,0,0,2,0,0,0,0,0,,0,0,Auckland Region,Nil,2-way,Sealed,0,0,0,0,50,0,On,0,0,,76,Auckland,Give way,0,0,0,0,0,0,Urban,0,0,0,Fine,Null
1800898,5819323,31264,,529402,1,,0,1,,North,2006/2007,Z CPK WESTFIELD SC,COMRIES ROAD,,Non-Injury Crash,No,2006,,North,,0,,Flat,,,,,,Overcast,877800,0,0,0,2,,,0,,,,,,Waikato Region,Nil,Off road,Sealed,,0,0,,50,,Off,0,0,,16,Hamilton City,Nil,,,,,0,0,Urban,0,,,Fine,Null
1740672,5911309,31265,25,512902,0,,0,1,,East,2006/2007,WEST COAST ROAD,SCENIC DRIVE,,Non-Injury Crash,No,2006,,East,,0,,Hill Road,,,,,,Overcast,279201,0,0,0,2,,,0,,,,,,Auckland Region,Nil,2-way,Sealed,,0,0,,70,,Off,0,0,,76,Auckland,Nil,,,,,0,0,Urban,1,,,Fine,Null
1755682,5935630,31266,35,507101,0,,0,1,,North,2005/2006,BEACH ROAD,BUTE ROAD,,Non-Injury Crash,No,2006,,North,,0,,Hill Road,,,,,,Overcast,162400,0,0,0,2,,,0,,,,,,Auckland Region,Nil,2-way,Sealed,,0,0,,50,,Off,1,0,,76,Auckland,Nil,,,,,0,0,Urban,0,,,Heavy rain,Null
1573136,5180298,31267,,593600,0,,0,2,,Null,2005/2006,GLOUCESTER ST,LINWOOD AVENUE,,Serious Crash,No,2006,,West,,0,,Flat,,,,,,Overcast,2612100,1,0,0,3,,,0,,,,,,Canterbury Region,Nil,2-way,Sealed,,0,1,,50,,Null,0,0,,60,Christchurch City,Give way,,,,,0,0,Urban,0,,,Fine,Null
1755433,5926687,31268,,509701,0,,0,2,,Null,2006/2007,HILLCREST AVENUE,SYLVIA ROAD,,Non-Injury Crash,No,2006,,North,,0,,Flat,,,,,,Bright sun,363902,0,0,0,2,,,0,,,,,,Auckland Region,Nil,2-way,Sealed,,0,0,,50,,Off,0,0,,76,Auckland,Give way,,,,,0,0,Urban,0,,,Fine,Null
1744347,5915728,31269,,513013,0,,0,2,,North,2006/2007,HENDERSON VALLEY ROAD,SPODE PLACE,,Minor Crash,No,2006,,South,,0,,Flat,,,,,,Twilight,281518,1,0,0,2,,,0,,,,,,Auckland Region,Nil,2-way,Sealed,,0,0,,50,,Off,0,0,,76,Auckland,Give way,,,,,0,0,Urban,0,,,Fine,Null
1748752,5427763,31270,,573000,0,,0,1,,South,2006/2007,VICTORIA ST,HARRIS ST,,Minor Crash,No,2006,,South,,0,,Flat,,,,,,Overcast,2127400,1,0,0,2,,,0,,,1,,,Wellington Region,Nil,2-way,Sealed,,0,0,,50,,Null,0,0,,47,Wellington City,Nil,,,,,0,0,Urban,0,,,Light rain,Null
1766227,5899993,31271,,524822,0,,0,2,,North,2005/2006,ROSCOMMON ROAD,PALMERS ROAD,,Non-Injury Crash,No,2006,,North,,0,,Flat,,,,,,Dark,774431,0,0,0,4,,,0,,,,,,Auckland Region,Nil,2-way,Sealed,,0,0,,50,,On,0,0,,76,Auckland,Nil,,,,,0,0,Urban,0,,,Fine,Null
1444265,5026972,31272,,600410,0,0,0,1,0,Null,2005/2006,OLD FERRY ROAD,GLENAVY TAWAI ROAD,,Serious Crash,No,2006,0,West,0,0,0,Flat,0,,0,,0,Overcast,2822701,1,0,0,2,0,0,0,0,0,,0,1,Canterbury Region,Nil,2-way,Sealed,0,0,1,0,100,0,Null,0,0,,66,Waimate District,Give way,0,0,0,0,0,0,Open,0,0,0,Mist or Fog,Null
1640980,6072830,31273,,500802,0,,0,1,,South,2006/2007,MOUNTAIN ROAD,SH 12,,Non-Injury Crash,No,2006,,North,,0,,Hill Road,,,,,,Overcast,25600,0,0,0,1,,,0,,,,,,Northland Region,Nil,2-way,Unsealed,,0,0,,100,,None,0,0,,1,Far North District,Nil,,,,,0,0,Open,1,,,Light rain,Null
1798843,5815838,31274,,528900,0,,0,2,,Null,2006/2007,NORTON ROAD,MAEROA ROAD,,Non-Injury Crash,No,2006,,East,,0,,Flat,,,,,,Overcast,912800,0,0,0,2,,,0,,,,,,Waikato Region,Nil,2-way,Sealed,,0,0,,50,,Off,0,0,,16,Hamilton City,Give way,,,,,0,0,Urban,0,,,Fine,Null
1755636,5915946,31275,,518301,0,,0,1,,North,2006/2007,DOMINION ROAD,QUEENS AVENUE,,Minor Crash,No,2006,,North,,0,,Flat,,,,,,Dark,553900,1,0,0,2,,,0,,,,,,Auckland Region,Nil,2-way,Sealed,,0,0,,50,,On,1,0,,76,Auckland,Nil,,,,,0,0,Urban,0,,,Fine,Null
2005349,5667950,31276,,545302,0,,0,1,,Null,2005/2006,SH 2,TAHAENUI BR,,Non-Injury Crash,Yes,2006,,South,,0,,Flat,,,,,,Bright sun,1398400,0,0,0,2,,,0,,,,,,Hawke's Bay Region,Nil,2-way,Sealed,,0,0,,100,,Null,0,0,,29,Wairoa District,Nil,,,,,0,0,Open,1,,,Fine,Null
1742357,5926597,31277,,513410,0,,0,2,,Null,2006/2007,BRIGHAM CREEK ROAD,OLD SH 16,,Non-Injury Crash,Yes,2006,,West,,0,,Flat,,,,,,Bright sun,223100,0,0,0,2,,,0,,,,,,Auckland Region,Nil,2-way,Sealed,,0,0,,80,,Off,0,0,,76,Auckland,Give way,,,,,0,0,Open,0,,,Fine,Null
1884722,5774124,31278,,540410,0,0,0,2,0,West,2006/2007,HAUPAPA ST,AMOHIA ST,,Non-Injury Crash,No,2006,0,South,0,0,0,Flat,0,,0,,0,Overcast,1233200,0,0,0,2,0,0,0,0,1,,0,0,Bay of Plenty Region,Nil,2-way,Sealed,0,0,0,0,50,0,Off,0,0,,24,Rotorua District,Nil,0,0,0,0,0,0,Urban,0,0,0,Heavy rain,Null
1747754,5935580,31279,55,506653,0,0,0,1,1,West,2005/2006,COATESVILLE-RIVERHEAD HIG,OBRIEN ROAD,,Minor Crash,No,2006,0,East,0,0,0,Hill Road,0,,0,,0,Overcast,217500,1,0,0,2,0,0,0,0,0,,0,0,Auckland Region,Nil,2-way,Sealed,0,0,0,0,100,0,None,0,0,,76,Auckland,Nil,0,0,0,0,0,0,Open,0,0,0,Mist or Fog,Null
1723664,6042861,31280,,504000,0,,0,2,,Null,2005/2006,ONERAHI ROAD,SHERWOOD ROAD,,Non-Injury Crash,No,2006,,North,,0,,Hill Road,,,,,,Twilight,110102,0,0,0,2,,,0,,,,,,Northland Region,Nil,2-way,Sealed,,0,0,,50,,On,0,0,,2,Whangarei District,Give way,,,,,0,0,Urban,0,,,Light rain,Null
1756245,5927488,31281,,507900,0,,0,2,,North,2005/2006,SH 1N,NORTHCOTE ON NBD,,Non-Injury Crash,Yes,2006,,North,,0,,Flat,,,,,,Dark,305201,0,0,0,3,,,0,,,,,,Auckland Region,Nil,1-way,Sealed,,0,0,,100,,On,0,0,,76,Auckland,Nil,,,,,0,0,Open,0,,,Light rain,Null
1798717,5818133,31282,,528310,0,,0,2,,North,2005/2006,VARDON ROAD,CUNNINGHAM ROAD,,Non-Injury Crash,No,2006,,South,,0,,Flat,,,,,,Overcast,899100,0,0,0,2,,,0,,,,,,Waikato Region,Nil,2-way,Sealed,,0,0,,50,,Null,0,0,,16,Hamilton City,Unknown,,,,,0,0,Urban,0,,,Fine,Null
1746416,5921633,31283,,512300,0,0,0,2,0,East,2006/2007,TAIKATA ROAD,EDGERTON ROAD,,Minor Crash,No,2006,0,East,0,0,0,Flat,0,,0,,0,Overcast,249600,1,0,0,2,0,0,0,0,1,,0,0,Auckland Region,Nil,2-way,Sealed,0,0,0,0,50,0,Off,0,0,,76,Auckland,Nil,0,0,0,0,0,0,Urban,0,0,0,Light rain,Null
1789307,5494321,31284,,564021,0,0,0,2,0,Null,2005/2006,SH 1N,KUKU BEACH ROAD,,Serious Crash,Yes,2006,0,North,0,0,0,Flat,0,,0,,0,Overcast,1859200,0,0,0,2,0,0,0,0,0,,0,1,Manawatū-Whanganui Region,Nil,2-way,Sealed,0,0,1,0,100,0,Null,0,0,,42,Horowhenua District,Give way,0,0,0,0,0,0,Open,0,0,0,Light rain,Null
1765143,5915347,31285,,520301,0,,0,1,,West,2005/2006,MORRIN ROAD,JELLICOE ROAD,,Non-Injury Crash,No,2006,,West,,0,,Flat,,,,,,Bright sun,627900,0,0,0,2,,,0,,,,,,Auckland Region,Nil,2-way,Sealed,,0,0,,50,,Null,0,0,,76,Auckland,Traffic Signals,,,,,1,0,Urban,0,,,Fine,Null
1758439,5449695,31286,,572000,0,,0,1,,West,2006/2007,GRAYS ROAD,MOTUKARAKA POINT W,,Serious Crash,No,2006,,East,,0,,Flat,,,,,,Overcast,2069005,2,0,0,2,,,0,,,,,,Wellington Region,Nil,2-way,Sealed,,0,1,,80,,Null,0,0,,44,Porirua City,Nil,,,,,0,0,Open,1,,,Fine,Null
1852247,5765366,31287,,535212,0,0,0,1,0,East,2006/2007,MOSSOP ROAD,SH 1N,,Non-Injury Crash,No,2006,0,West,0,0,1,Flat,0,,0,,0,Dark,1152501,0,0,0,2,0,0,0,0,0,,0,1,Waikato Region,Nil,2-way,Sealed,0,0,0,0,50,0,None,0,0,,19,South Waikato District,Nil,0,0,0,0,0,0,Urban,0,0,0,Fine,Null
1405767,4917252,31288,,603100,0,,0,1,,Null,2006/2007,STUART ST,LONDON ST,,Minor Crash,No,2006,,East,,0,,Hill Road,,,,,,Dark,2904400,1,0,0,4,,,0,,,,,,Otago Region,Nil,2-way,Sealed,,0,0,,50,,On,1,0,,71,Dunedin City,Traffic Signals,,,,,0,0,Urban,0,,,Light rain,Null
1882641,5776230,31289,,539200,0,,0,2,,North,2005/2006,OLD QUARRY ROAD,KOKAKO ST,,Non-Injury Crash,No,2006,,South,,0,,Flat,,,,,,Bright sun,1221100,0,0,0,2,,,0,,,,,,Bay of Plenty Region,Nil,2-way,Sealed,,0,0,,50,,Null,0,0,,24,Rotorua District,Unknown,,,,,0,0,Urban,0,,,Fine,Null
1757570,5920011,31290,,514103,0,,0,2,,Null,2005/2006,WELLESLEY ST EAST,PRINCES ST,,Non-Injury Crash,No,2006,,East,,0,,Hill Road,,,,,,Overcast,437200,0,0,0,2,,,0,,,,,,Auckland Region,Nil,1-way,Sealed,,0,0,,50,,On,0,1,,76,Auckland,Give way,,,,,0,0,Urban,0,,,Fine,Null
1847597,5773198,31291,,535261,0,0,0,1,0,South,2005/2006,PARAONUI ROAD,WILTSDOWN ROAD,,Non-Injury Crash,No,2006,0,South,1,0,0,Flat,0,,0,,0,Bright sun,1133206,0,0,0,2,0,0,0,0,0,,0,0,Waikato Region,Nil,2-way,Sealed,0,0,0,0,100,0,Null,0,0,,19,South Waikato District,Unknown,0,0,0,0,0,0,Open,0,0,0,Fine,Null
1757636,5919562,31292,,514301,0,,0,2,,East,2005/2006,SH 16,ROYAL ON EBD,,Non-Injury Crash,Yes,2006,,East,,0,,Hill Road,,,,,,Dark,440400,0,0,0,2,,,0,,,,,,Auckland Region,Nil,1-way,Sealed,,0,0,,100,,On,0,0,,76,Auckland,Nil,,,,,0,0,Open,0,,,Fine,Null
1810292,5870176,31293,,533901,0,,0,2,,East,2006/2007,SH 2,SH 27,,Non-Injury Crash,Yes,2006,,West,,0,,Flat,,,,,,Overcast,1069100,0,0,0,2,,,0,,,,,,Waikato Region,Bridge,2-way,Sealed,,0,0,,100,,Null,0,0,,12,Hauraki District,Unknown,,,,,0,0,Open,0,,,Fine,Null
1754533,5927737,31294,,508310,0,0,0,1,0,East,2005/2006,Z CPK CHARTWELL SHOPS,CHARTWELL AVENUE,,Minor Crash,No,2006,0,South,0,0,1,Flat,0,,0,,0,Bright sun,200800,1,0,0,1,0,0,0,0,0,,0,0,Auckland Region,Nil,Off road,Sealed,0,0,0,0,50,0,Off,0,0,,76,Auckland,Nil,0,0,0,1,0,0,Urban,0,0,0,Fine,Null
1753290,5976454,31295,,506661,0,,0,1,,North,2005/2006,MATAKANA VALLEY ROAD,MATAKANA ROAD,,Minor Crash,No,2006,,South,,0,,Flat,,,,,,Bright sun,138201,1,0,0,2,,,0,,,,,,Auckland Region,Nil,2-way,Sealed,,0,0,,100,,None,0,0,,76,Auckland,Nil,,,,,0,0,Open,1,,,Fine,Null
1763380,5909235,31296,,521901,0,,0,0,,Null,2006/2007,WALMSLEY ROAD,KAKA ST,,Non-Injury Crash,No,2006,,North,,0,,Flat,,,,,,Bright sun,783300,0,0,0,2,,,0,,,,,,Auckland Region,Nil,2-way,Sealed,,0,0,,50,,Off,0,0,,76,Auckland,Traffic Signals,,,,,1,0,Urban,1,,,Fine,Null
1798095,5816142,31297,,528501,0,,0,1,,East,2005/2006,LINCOLN ST,FOREST LAKE ROAD,,Non-Injury Crash,No,2006,,North,,0,,Flat,,,,,,Bright sun,905300,0,0,0,2,,,0,,,,,,Waikato Region,Nil,2-way,Sealed,,0,0,,60,,Off,0,0,,16,Hamilton City,Traffic Signals,,,,,0,0,Urban,1,,,Fine,Null
1686999,6093364,31298,,501633,0,0,0,0,0,North,2005/2006,SH 10,TE AHU AHU ROAD,,Non-Injury Crash,Yes,2006,0,North,1,0,0,Flat,0,,0,,0,Dark,35700,0,0,0,2,0,0,0,0,0,,0,0,Northland Region,Nil,2-way,Sealed,0,0,0,0,100,0,None,1,0,,1,Far North District,Nil,0,0,0,0,0,0,Open,0,0,0,Fine,Null
1879594,5820169,31299,,538000,0,,0,2,,South,2006/2007,MAUNGATAPU ROAD,SUNSET CRESCENT,,Non-Injury Crash,No,2006,,North,,0,,Flat,,,,,,Bright sun,1178800,0,0,0,2,,,0,,,,,,Bay of Plenty Region,Nil,2-way,Sealed,,0,0,,50,,Null,0,0,,23,Tauranga City,Unknown,,,,,0,0,Urban,0,,,Fine,Null
1719645,6045505,31300,,503100,0,,0,1,,South,2005/2006,CAMERON ST,WALTON ST,,Non-Injury Crash,No,2006,,North,,0,,Flat,,,,,,Bright sun,99904,0,0,0,2,,,0,,,,,,Northland Region,Nil,2-way,Sealed,,0,0,,50,,Off,0,0,,2,Whangarei District,Nil,,,,,0,0,Urban,1,,,Fine,Null
1714942,6066507,31301,,501814,0,0,0,0,0,West,2006/2007,SH 1N,PUHIPUHI ROAD,,Minor Crash,Yes,2006,0,South,1,0,0,Flat,0,,0,,0,Dark,60300,3,0,0,2,0,0,0,0,0,,0,0,Northland Region,Nil,2-way,Sealed,0,0,0,0,100,0,None,0,0,,2,Whangarei District,Nil,0,0,0,0,1,0,Open,1,0,0,Fine,Null
1764343,5906775,31302,,522201,0,,0,2,,North,2005/2006,SWAFFIELD ROAD,ROSS AVENUE,,Non-Injury Crash,No,2006,,North,,0,,Flat,,,,,,Bright sun,661000,0,0,0,1,,,0,,,,,,Auckland Region,Nil,2-way,Sealed,,0,0,,50,,None,0,0,,76,Auckland,Nil,,,,,0,0,Urban,0,,,Fine,Null
1709488,5621649,31303,,553900,0,,0,1,,North,2006/2007,SH 3,OHANGAI ROAD,,Minor Crash,Yes,2006,,North,,0,,Flat,,,,,,Bright sun,1653500,2,0,0,2,,,0,,,,,,Taranaki Region,Nil,2-way,Sealed,,0,0,,70,,Null,0,0,,35,South Taranaki District,Nil,,,,,1,0,Urban,0,,,Fine,Null
1796281,5814739,31304,,528601,0,0,0,2,0,North,2005/2006,GRANDVIEW ROAD,JEFFERSON HEIGHTS,,Minor Crash,No,2006,0,South,0,0,0,Hill Road,0,,0,,0,Dark,978120,1,0,0,2,0,0,0,0,1,,0,0,Waikato Region,Nil,2-way,Sealed,0,0,0,0,50,0,On,0,0,,16,Hamilton City,Nil,0,0,0,0,0,0,Urban,0,0,0,Light rain,Null
1765417,5907193,31305,,522301,0,,0,1,,East,2005/2006,MAXWELL AVENUE,GREAT SOUTH ROAD,,Serious Crash,No,2006,,North,,0,,Flat,,,,,,Bright sun,666100,0,0,0,2,,,0,,,1,,,Auckland Region,Nil,2-way,Sealed,,0,1,,50,,Off,0,0,,76,Auckland,Give way,,,,,0,0,Urban,0,,,Fine,Null
1800295,5815520,31306,,529700,1,0,0,1,0,West,2005/2006,NORTON ROAD,TRISTRAM ST,,Non-Injury Crash,No,2006,0,West,0,0,0,Flat,0,,0,,0,Bright sun,910700,0,0,0,2,0,0,0,0,1,,0,0,Waikato Region,Nil,2-way,Sealed,0,0,0,0,50,0,Null,0,0,,16,Hamilton City,Unknown,0,0,0,0,0,0,Urban,0,0,0,Fine,Null
1757150,5916634,31307,,518202,0,0,0,3,0,East,2006/2007,PORONUI ST,MOUNT EDEN ROAD,,Non-Injury Crash,No,2006,0,East,0,0,0,Flat,0,,0,,0,Overcast,550500,0,0,0,2,0,0,0,0,1,,0,0,Auckland Region,Nil,2-way,Sealed,0,0,0,0,50,0,Off,0,0,,76,Auckland,Nil,0,0,0,0,0,0,Urban,0,0,0,Fine,Null
1768814,5909738,31308,,523113,0,0,0,0,1,West,2006/2007,SMALES ROAD,SIR WILLIAM AVENUE,,Non-Injury Crash,No,2006,0,West,1,0,0,Flat,0,,0,,0,Dark,711809,0,0,0,2,0,0,0,0,0,,0,0,Auckland Region,Nil,2-way,Sealed,0,0,0,0,50,0,On,0,0,,76,Auckland,Nil,0,0,0,0,0,0,Urban,1,0,0,Heavy rain,Null
1753062,5930058,31309,,508803,0,0,0,1,0,West,2006/2007,ALBANY HIGHWAY,UNSWORTH DRIVE,,Serious Crash,No,2006,0,East,0,0,0,Flat,0,,0,,0,Dark,180855,0,0,0,4,0,0,0,0,0,,0,1,Auckland Region,Nil,2-way,Sealed,0,0,1,0,70,0,On,0,0,,76,Auckland,Nil,0,0,0,0,0,0,Urban,0,0,0,Fine,Null
1758855,5435761,31310,,569202,0,,0,1,,South,2005/2006,VICTORIA ST,RAILWAY SLIP,,Non-Injury Crash,No,2006,,South,,0,,Flat,,,,,,Overcast,1924500,0,0,0,2,,,0,,,,,,Wellington Region,Nil,2-way,Sealed,,0,0,,50,,Null,0,1,,46,Lower Hutt City,Nil,,,,,0,0,Urban,1,,,Fine,Null
1810313,5791631,31311,65,527934,0,0,0,1,0,North,2005/2006,CAMBRIDGE ROAD,LONG ROAD,,Non-Injury Crash,No,2006,0,North,0,0,1,Hill Road,0,,0,,0,Dark,987200,0,0,0,2,0,0,0,0,0,,0,0,Waikato Region,Nil,2-way,Sealed,0,0,0,0,100,0,None,0,0,,17,Waipa District,Unknown,0,0,0,0,0,0,Open,0,0,0,Fine,Null
1751995,5915565,31312,,517901,0,,0,3,,West,2005/2006,NEW NORTH ROAD,HENDON AVENUE,,Minor Crash,No,2006,,West,,0,,Flat,,,,,,Dark,523800,1,0,0,4,,,0,,,,,,Auckland Region,Nil,2-way,Sealed,,0,0,,50,,On,0,0,,76,Auckland,Nil,,,,,0,0,Urban,0,,,Heavy rain,Null
1762176,5908079,31313,30,524530,0,,0,2,,Null,2005/2006,WICKMAN WAY,TENNESSEE AVENUE,,Non-Injury Crash,No,2006,,North,,0,,Flat,,,,,,Dark,734202,0,0,0,2,,,0,,,,,,Auckland Region,Nil,2-way,Sealed,,0,0,,50,,On,0,0,,76,Auckland,Give way,,,,,0,0,Urban,0,,,Heavy rain,Null
1935836,5618450,31314,,546700,0,,0,1,,Null,2006/2007,PERCY SPILLER AVENUE,ROCHFORT ROAD,,Non-Injury Crash,No,2006,,East,,0,,Flat,,,,,,Bright sun,1446800,0,0,0,2,,,0,,,,,,Hawke's Bay Region,Nil,2-way,Sealed,,0,0,,50,,Null,0,0,,31,Napier City,Give way,,,,,1,0,Urban,0,,,Fine,Null
1743852,5916886,31315,,513011,0,,0,2,,East,2005/2006,STURGES ROAD,PALOMINO DRIVE,,Non-Injury Crash,No,2006,,West,,0,,Hill Road,,,,,,Overcast,280705,0,0,0,2,,,0,,,,,,Auckland Region,Nil,2-way,Sealed,,0,0,,50,,Off,0,0,,76,Auckland,Nil,,,,,0,0,Urban,0,,,Fine,Null
1715996,6042735,31316,,502003,0,,0,1,,East,2006/2007,OSHEA ROAD,POMPALLIER ESTATE DRIVE,,Non-Injury Crash,No,2006,,West,,0,,Hill Road,,,,,,Overcast,70907,0,0,0,1,,,0,,,,,,Northland Region,Nil,2-way,Unsealed,,0,0,,50,,None,0,0,,2,Whangarei District,Nil,,,,,0,0,Urban,0,,,Fine,Null
1765745,5461398,31317,,566200,0,,0,2,,West,2005/2006,SH 1N,CAR HAULAWAYS ENT,,Serious Crash,Yes,2006,,East,,0,,Flat,,,,,,Bright sun,2007900,0,0,0,2,,,0,,,,,,Wellington Region,Nil,2-way,Sealed,,0,2,,100,,Null,1,0,,43,Kapiti Coast District,Nil,,,,,0,0,Open,0,,,Fine,Null
1729920,5939801,31318,,506800,0,,0,1,,Null,2005/2006,GARFIELD ROAD,RAUTAWHIRI ROAD,,Non-Injury Crash,No,2006,,North,,0,,Hill Road,,,,,,Twilight,209702,0,0,0,2,,,0,,,,,,Auckland Region,Nil,2-way,Sealed,,0,0,,50,,Off,0,0,,76,Auckland,Stop,,,,,1,0,Urban,0,,,Mist or Fog,Null
1821835,5529472,31319,,562800,0,,0,1,,Null,2005/2006,THE SQUARE,MAIN ST,,Minor Crash,No,2006,,North,,0,,Flat,,,,,,Overcast,1829300,1,0,0,2,,,0,,,,,,Manawatū-Whanganui Region,Nil,2-way,Sealed,,0,0,,50,,Null,0,0,,40,Palmerston North City,Give way,,,,,0,0,Urban,1,,,Fine,Null
1747443,5914747,31320,,511800,0,,0,1,,North,2005/2006,GREAT NORTH ROAD,GLENVIEW ROAD,,Minor Crash,No,2006,,South,,0,,Flat,,,,,,Twilight,277902,1,0,0,5,,,0,,,,,,Auckland Region,Nil,2-way,Sealed,,0,0,,50,,Off,0,0,,76,Auckland,Nil,,,,,0,0,Urban,1,,,Light rain,Null
1750608,5424619,31321,,576901,0,0,0,1,0,North,2005/2006,TACY ST,KEMP ST,,Non-Injury Crash,No,2006,0,North,0,0,0,Flat,0,,0,,0,Bright sun,2176800,0,0,0,2,0,0,0,0,1,,0,0,Wellington Region,Nil,2-way,Sealed,0,0,0,0,50,0,Null,0,0,,47,Wellington City,Nil,0,0,0,0,1,0,Urban,0,0,0,Fine,Null
1719529,6047594,31322,,502600,0,0,0,2,0,West,2005/2006,Z CPK NEW WORLD,KAMO ROAD,,Non-Injury Crash,No,2006,0,East,0,0,0,Flat,0,,0,,0,Overcast,95100,0,0,0,1,0,0,0,0,1,,0,0,Northland Region,Nil,Off road,Sealed,0,0,0,0,50,0,Off,0,0,,2,Whangarei District,Nil,0,0,0,0,0,0,Urban,0,0,0,Fine,Null
1802193,5829976,31323,,527123,0,,0,1,,Null,2006/2007,SH 1B,WHITIKAHU ROAD,,Minor Crash,Yes,2006,,South,,0,,Flat,,,,,,Bright sun,949700,2,0,0,3,,,0,,,,,,Waikato Region,Nil,2-way,Sealed,,0,0,,100,,Null,0,0,,13,Waikato District,Give way,,,,,0,0,Open,1,,,Fine,Null
1799022,5814117,31324,,528900,0,,0,1,,North,2006/2007,SH 1N,DUKE ST,,Non-Injury Crash,Yes,2006,,North,,0,,Flat,,,,,,Twilight,916200,0,0,0,2,,,0,,,,,,Waikato Region,Nil,2-way,Sealed,,0,0,,80,,On,0,0,,16,Hamilton City,Unknown,,,,,0,0,Open,1,,,Fine,Null
1797105,5625744,31325,,554900,0,0,0,1,0,North,2006/2007,SH 4,ORUAKUKURU ROAD,,Serious Crash,Yes,2006,1,North,0,0,0,Hill Road,0,,0,,0,Dark,1678200,0,0,0,2,0,0,0,0,0,,0,0,Manawatū-Whanganui Region,Nil,2-way,Sealed,0,0,1,0,100,0,None,0,0,,36,Ruapehu District,Nil,0,0,0,0,0,0,Open,0,0,1,Light rain,Null
1768622,5909734,31326,,523112,0,,0,3,,South,2006/2007,SPRINGS ROAD,ALLENS ROAD,,Non-Injury Crash,No,2006,,North,,0,,Flat,,,,,,Bright sun,711600,0,0,0,4,,,0,,,,,,Auckland Region,Nil,2-way,Sealed,,0,0,,60,,Off,0,0,,76,Auckland,Traffic Signals,,,,,0,0,Urban,0,,,Fine,Null
1760256,5916877,31327,,516202,0,,0,2,,North,2005/2006,VICTORIA AVENUE,REMUERA ROAD,,Minor Crash,No,2006,,North,,0,,Flat,,,,,,Bright sun,490500,2,0,0,2,,,0,,,,,,Auckland Region,Nil,2-way,Sealed,,0,0,,50,,Off,0,0,,76,Auckland,Nil,,,,,0,0,Urban,0,,,Fine,Null
1713287,6066198,31328,,501814,0,0,0,1,0,North,2005/2006,SH 1N,PUHIPUHI ROAD,,Non-Injury Crash,Yes,2006,0,South,1,0,0,Flat,0,,0,,0,Dark,60300,0,0,0,2,0,0,0,0,0,,0,0,Northland Region,Nil,2-way,Sealed,0,0,0,0,100,0,None,0,0,,2,Whangarei District,Nil,0,0,0,0,0,0,Open,0,0,0,Fine,Null
1392558,5212035,31329,,585321,0,,0,0,,North,2006/2007,SH 6,ROTOKINO ROAD,,Serious Crash,Yes,2006,,North,,0,,Flat,,Christmas New Year,,,,Overcast,2417900,0,0,1,2,,,0,,,,,,West Coast Region,Nil,2-way,Sealed,,0,1,,100,,Null,0,0,,57,Westland District,Unknown,,,,,0,0,Open,1,,,Heavy rain,Null
1748076,5912069,31330,,511901,0,0,0,1,0,Null,2006/2007,TITIRANGI ROAD,GOLF ROAD,,Non-Injury Crash,No,2006,0,North,0,0,1,Flat,0,,0,,0,Overcast,292600,0,0,0,2,0,0,0,0,0,,0,1,Auckland Region,Nil,2-way,Sealed,0,0,0,0,50,0,Off,0,0,,76,Auckland,Give way,0,0,0,0,0,0,Urban,0,0,0,Light rain,Null