X,Y,OBJECTID,advisorySpeed,areaUnitID,bicycle,bridge,bus,carStationWagon,cliffBank,crashDirectionDescription,crashFinancialYear,crashLocation1,crashLocation2,crashRoadSideRoad,crashSeverity,crashSHDescription,crashYear,debris,directionRoleDescription,ditch,fatalCount,fence,flatHill,guardRail,holiday,houseOrBuilding,intersection,kerb,light,meshblockId,minorInjuryCount,moped,motorcycle,NumberOfLanes,objectThrownOrDropped,otherObject,otherVehicleType,overBank,parkedVehicle,pedestrian,phoneBoxEtc,postOrPole,region,roadCharacter,roadLane,roadSurface,roadworks,schoolBus,seriousInjuryCount,slipOrFlood,speedLimit,strayAnimal,streetLight,suv,taxi,temporarySpeedLimit,tlaId,tlaName,trafficControl,trafficIsland,trafficSign,train,tree,truck,unknownVehicleType,urban,vanOrUtility,vehicle,waterRiver,weatherA,weatherB
1756056,5921064,31331,,515202,0,0,0,1,0,Null,2006/2007,FANSHAWE OFF SBD,SH 1N,,Non-Injury Crash,Yes,2006,0,South,0,0,0,Flat,1,,0,,0,Dark,425600,0,0,0,4,0,0,0,0,0,,0,0,Auckland Region,Nil,2-way,Sealed,0,0,0,0,80,0,On,0,0,,76,Auckland,Nil,0,0,0,0,0,0,Open,0,0,0,Fine,Null
1755649,5928441,31332,,507900,0,,0,2,,South,2006/2007,WAIRAU ROAD,ARCHERS ROAD,,Non-Injury Crash,No,2006,,South,,0,,Flat,,,,,,Overcast,305100,0,0,0,4,,,0,,,,,,Auckland Region,Nil,2-way,Sealed,,0,0,,50,,Off,0,0,,76,Auckland,Nil,,,,,0,0,Urban,0,,,Fine,Null
1756053,5917433,31333,,518201,0,0,0,2,0,South,2006/2007,DOMINION ROAD,VALLEY ROAD,,Non-Injury Crash,No,2006,0,South,0,0,0,Flat,0,,0,,0,Overcast,547800,0,0,0,4,0,0,0,0,1,,0,0,Auckland Region,Nil,2-way,Sealed,0,0,0,0,50,0,Off,0,0,,76,Auckland,Nil,0,0,0,0,0,0,Urban,0,0,0,Fine,Null
1760064,5915974,31334,,516002,0,,0,2,,North,2006/2007,GREENLANE ON NBD,GREENLANE INT,,Non-Injury Crash,Yes,2006,,North,,0,,Flat,,,,,,Overcast,492100,0,0,0,3,,,0,,,,,,Auckland Region,Motorway ramp,1-way,Sealed,,0,0,,100,,Off,0,1,,76,Auckland,Nil,,,,,0,0,Open,0,,,Fine,Null
1749395,5940364,31335,,506300,0,0,0,0,0,West,2006/2007,BAWDEN ROAD,TOP ROAD,,Minor Crash,No,2006,0,East,0,0,0,Flat,0,,0,,0,Bright sun,176007,1,0,1,2,0,1,0,0,0,,0,0,Auckland Region,Nil,2-way,Sealed,0,0,0,0,100,0,Off,1,0,,76,Auckland,Nil,0,0,0,0,0,0,Open,0,0,0,Fine,Null
1765808,5914927,31336,,520601,0,,0,1,,South,2006/2007,TRIPOLI ROAD,BELLONA ROAD,,Minor Crash,No,2006,,South,,0,,Hill Road,,,,,,Dark,632701,1,0,0,2,,,0,,,,,,Auckland Region,Nil,2-way,Sealed,,0,0,,50,,On,0,0,,76,Auckland,Nil,,,,,0,0,Urban,1,,,Fine,Null
1756253,5924283,31337,,509702,0,,0,1,,North,2006/2007,SH 1N,SEART OFF SBD,,Non-Injury Crash,Yes,2006,,South,,0,,Flat,,,,,,Overcast,366700,0,0,0,4,,,0,,,,,,Auckland Region,Nil,1-way,Sealed,,0,0,,100,,Off,0,0,,76,Auckland,Nil,,,,,1,0,Open,0,,,Fine,Null
1433496,5268571,31338,,585400,1,,0,1,,Null,2005/2006,SH 6,STAFFORD ST,,Minor Crash,Yes,2006,,South,,0,,Flat,,,,,,Overcast,2423900,1,0,0,2,,,0,,,,,,West Coast Region,Nil,2-way,Sealed,,0,0,,50,,Null,0,0,,57,Westland District,Give way,,,,,0,0,Urban,0,,,Light rain,Null
1744480,5925760,31339,55,513410,0,0,0,1,0,North,2005/2006,TRIG ROAD,SPEDDINGS ROAD,,Non-Injury Crash,No,2006,0,North,0,0,1,Flat,0,,0,,0,Overcast,223701,0,0,0,2,0,0,0,0,0,,0,0,Auckland Region,Nil,2-way,Sealed,0,0,0,0,100,0,Off,0,0,,76,Auckland,Nil,0,0,0,0,0,0,Open,0,0,0,Light rain,Null
1756535,5919647,31340,,514102,0,,0,1,,South,2006/2007,NELSON OFF NBD,UNION ST,,Non-Injury Crash,Yes,2006,,North,,0,,Flat,,,,,,Overcast,435500,0,0,0,2,,,0,,,,,,Auckland Region,Nil,1-way,Sealed,,0,0,,80,,Off,0,0,,76,Auckland,Nil,,,,,1,0,Open,0,,,Fine,Null
1664576,6119915,31341,,500402,0,0,0,0,0,South,2005/2006,SH 10,TOTARA NORTH ROAD,,Minor Crash,Yes,2006,0,South,0,0,1,Hill Road,0,,0,,0,Overcast,17700,1,0,0,2,0,0,0,0,0,,0,0,Northland Region,Nil,2-way,Sealed,0,0,0,0,100,0,None,0,0,,1,Far North District,Nil,0,1,0,0,0,0,Open,1,0,0,Fine,Null
1804919,5813736,31342,,530800,0,0,0,1,0,South,2005/2006,BERKLEY AVENUE,ETON DRIVE,,Non-Injury Crash,No,2006,0,North,0,0,0,Flat,0,,0,,0,Dark,884400,0,0,0,2,0,0,0,0,0,,0,1,Waikato Region,Nil,2-way,Sealed,0,0,0,0,50,0,On,0,0,,16,Hamilton City,Unknown,0,0,0,0,0,0,Urban,0,0,0,Light rain,Null
1891047,5813047,31343,,538501,0,,0,2,,West,2006/2007,MACLOUGHLIN DRIVE,BAYVIEW ST,,Non-Injury Crash,No,2006,,West,,0,,Flat,,,,,,Overcast,1214203,0,0,0,2,,,0,,,,,,Bay of Plenty Region,Nil,2-way,Sealed,,0,0,,50,,Null,0,0,,22,Western Bay of Plenty District,Unknown,,,,,0,0,Urban,0,,,Light rain,Null
1755797,5928190,31344,,507900,0,,0,2,,South,2005/2006,WAIRAU ROAD,PORANA ROAD,,Non-Injury Crash,No,2006,,North,,0,,Flat,,,,,,Overcast,305201,0,0,0,4,,,0,,,,,,Auckland Region,Nil,2-way,Sealed,,0,0,,50,,Off,0,0,,76,Auckland,Nil,,,,,0,0,Urban,0,,,Light rain,Null
1766596,5904985,31345,,524603,0,0,0,2,0,South,2005/2006,LAMBIE DRIVE,IHAKA PLACE,,Non-Injury Crash,No,2006,0,South,0,0,0,Flat,0,,0,,0,Bright sun,780205,0,0,0,2,0,0,0,0,0,,0,0,Auckland Region,Nil,2-way,Sealed,0,0,0,0,50,0,Off,0,0,,76,Auckland,Nil,0,1,0,0,0,0,Urban,0,1,0,Fine,Null
1499946,5138142,31346,,597840,0,,0,2,,Null,2005/2006,CASS ST,PETER ST,,Minor Crash,No,2006,,North,,0,,Flat,,,,,,Overcast,2733000,1,0,0,2,,,0,,,,,,Canterbury Region,Nil,2-way,Sealed,,0,0,,50,,Null,0,0,,63,Ashburton District,Give way,,,,,0,0,Urban,0,,,Light rain,Null
1618717,5255348,31347,,585601,0,,0,0,,North,2005/2006,SH 1S,HURUNUI MOUTH ROAD,,Minor Crash,Yes,2006,,East,,0,,Hill Road,,,,,,Bright sun,2433202,1,0,0,2,,,0,,,,,,Canterbury Region,Nil,2-way,Sealed,,0,0,,100,,Null,1,0,,58,Hurunui District,Nil,,,,,0,0,Open,0,,,Fine,Null
1825066,5567462,31348,,559700,0,0,0,2,0,North,2006/2007,SH 54,WAITUNA TAPUAE ROAD,,Non-Injury Crash,Yes,2006,0,South,0,0,0,Flat,0,,0,,0,Overcast,1777200,0,0,0,2,0,0,0,0,0,,0,0,Manawatū-Whanganui Region,Nil,2-way,Sealed,0,0,0,0,100,0,Null,0,0,,39,Manawatu District,Nil,0,0,0,1,0,0,Open,0,0,0,Fine,Null
1770164,5902044,31349,,523814,0,,0,2,,Null,2006/2007,HILL ROAD,CHARLES PROVOST DRIVE,,Non-Injury Crash,No,2006,,South,,0,,Flat,,,,,,Bright sun,760707,0,0,0,2,,,0,,,,,,Auckland Region,Nil,2-way,Sealed,,0,0,,50,,Off,0,0,,76,Auckland,Give way,,,,,0,0,Urban,0,,,Fine,Null
1756521,5913769,31350,,518500,0,0,0,2,0,West,2005/2006,Z CPK THREE KINGS SC,PLAZA DRIVE,,Non-Injury Crash,No,2006,0,East,0,0,0,Flat,0,,0,,0,Bright sun,563800,0,0,0,0,0,0,0,0,1,,0,0,Auckland Region,Nil,Off road,Sealed,0,0,0,0,30,0,Off,0,0,,76,Auckland,Nil,0,0,0,0,0,0,Urban,0,0,0,Null,Null
1766998,5901948,31351,,524720,0,,0,3,,West,2006/2007,BROWNS ROAD,DALGETY DRIVE,,Non-Injury Crash,No,2006,,East,,0,,Flat,,,,,,Dark,779500,0,0,0,2,,,0,,,,,,Auckland Region,Nil,2-way,Sealed,,0,0,,50,,On,0,0,,76,Auckland,Traffic Signals,,,,,0,0,Urban,0,,,Light rain,Null
1743920,5919060,31352,,513220,0,,0,2,,Null,2006/2007,SWANSON ROAD,LARNOCH ROAD,,Non-Injury Crash,No,2006,,South,,0,,Flat,,,,,,Dark,236103,0,0,0,2,,,0,,,,,,Auckland Region,Nil,2-way,Sealed,,0,0,,50,,On,0,0,,76,Auckland,Give way,,,,,0,0,Urban,0,,,Light rain,Null
1718736,6042736,31353,,503900,0,,0,2,,Null,2005/2006,REWA REWA ROAD,DYER ST,,Non-Injury Crash,No,2006,,East,,0,,Flat,,,,,,Overcast,109104,0,0,0,2,,,0,,,,,,Northland Region,Nil,2-way,Sealed,,0,0,,50,,Off,0,0,,2,Whangarei District,Give way,,,,,1,0,Urban,0,,,Light rain,Null
1692475,5675874,31354,,551900,0,,0,2,,West,2005/2006,SH 45,DAWSON ST,,Non-Injury Crash,Yes,2006,,West,,0,,Flat,,,,,,Bright sun,1589800,0,0,0,2,,,0,,,,,,Taranaki Region,Nil,1-way,Sealed,,0,0,,50,,Null,0,0,,33,New Plymouth District,Nil,,,,,0,0,Urban,0,,,Fine,Null
1635366,6070439,31355,,500700,1,,0,1,,Null,2006/2007,SH 12,FAIRLIE CRESCENT N,,Minor Crash,Yes,2006,,South,,0,,Flat,,,,,,Bright sun,26202,1,0,0,2,,,0,,,,,,Northland Region,Nil,2-way,Sealed,,0,0,,70,,Null,0,0,,1,Far North District,Stop,,,,,0,0,Urban,0,,,Fine,Null
1744317,5922551,31356,,513512,0,,0,2,,Null,2005/2006,ROYAL ROAD,MAKORA ROAD,,Non-Injury Crash,No,2006,,West,,0,,Hill Road,,,,,,Overcast,225501,0,0,0,2,,,0,,,,,,Auckland Region,Nil,2-way,Sealed,,0,0,,50,,Off,0,0,,76,Auckland,Give way,,,,,0,0,Urban,0,,,Fine,Null
1758932,5435909,31357,,569201,0,,0,0,,Null,2006/2007,VICTORIA ST,MARSDEN ST,,Minor Crash,No,2006,,South,,0,,Flat,,,,,,Bright sun,1925300,1,1,0,2,,,0,,,,,,Wellington Region,Nil,2-way,Sealed,,0,0,,80,,Null,1,0,,46,Lower Hutt City,Give way,,,,,0,0,Open,0,,,Fine,Null
1284298,4890295,31358,,610010,0,0,0,1,1,South,2005/2006,SH 94,KINGDON ROAD,,Minor Crash,Yes,2006,0,South,0,0,0,Flat,0,,0,,0,Dark,3052200,1,0,0,2,0,0,0,0,0,,0,0,Southland Region,Nil,2-way,Sealed,0,0,0,0,100,0,None,0,0,,74,Gore District,Unknown,0,0,0,0,0,0,Open,0,0,0,Fine,Null
1766992,5908723,31359,,523501,0,0,0,1,0,South,2006/2007,ALEXANDER CRESCENT,FRANKLYNE ROAD N,,Non-Injury Crash,No,2006,0,South,0,0,0,Flat,0,Christmas New Year,0,,0,Overcast,700500,0,0,0,2,0,0,0,0,0,,0,0,Auckland Region,Nil,2-way,Sealed,0,0,0,0,50,0,Null,0,0,,76,Auckland,Nil,0,1,0,0,0,0,Urban,0,0,0,Fine,Null
1679470,5403343,31360,,581240,1,,0,0,,Null,2005/2006,MAXWELL ROAD,DILLON ST,,Minor Crash,No,2006,,South,,0,,Flat,,,,,,Twilight,2301200,1,0,0,2,,,0,,,,,,Marlborough Region,Nil,2-way,Sealed,,0,0,,50,,Off,1,0,,53,Marlborough District,Nil,,,,,0,0,Urban,0,,,Fine,Null
1687097,6086982,31361,,501634,0,0,0,0,0,East,2006/2007,SH 1N,SH 10,,Minor Crash,Yes,2006,0,West,1,0,0,Hill Road,0,,0,,0,Overcast,36302,1,0,0,2,0,0,0,0,0,,0,0,Northland Region,Nil,2-way,Sealed,0,0,0,0,100,0,None,0,0,,1,Far North District,Nil,0,0,0,0,0,0,Open,1,0,0,Heavy rain,Null
1737678,6010467,31362,,501816,0,,0,1,,South,2006/2007,COVE ROAD,ST ANNE ROAD,,Serious Crash,No,2006,,South,,0,,Hill Road,,,,,,Bright sun,81504,0,0,1,2,,,0,,,,,,Northland Region,Nil,2-way,Sealed,,0,1,,100,,None,0,0,,2,Whangarei District,Nil,,,,,0,0,Open,0,,,Fine,Null
1761544,5907687,31363,,524510,0,,0,1,,Null,2005/2006,WICKMAN WAY,GARUS AVENUE,,Non-Injury Crash,No,2006,,East,,0,,Flat,,,,,,Dark,734102,0,0,0,2,,,0,,,,,,Auckland Region,Nil,2-way,Sealed,,0,0,,50,,On,1,0,,76,Auckland,Stop,,,,,0,0,Urban,0,,,Fine,Null
1770642,5878854,31364,,525922,0,1,0,0,0,South,2005/2006,BUCKLAND ROAD,KITCHENER ROAD,,Non-Injury Crash,No,2006,0,South,0,0,1,Flat,0,,0,,0,Dark,824301,0,0,0,2,0,0,0,0,0,,0,0,Auckland Region,Bridge,2-way,Sealed,0,0,0,0,80,0,On,0,0,,76,Auckland,Nil,0,0,0,0,0,0,Open,1,0,0,Fine,Null
1566426,5186001,31365,,588402,0,,0,1,,Null,2006/2007,SAWYERS ARMS ROAD,GARDINERS ROAD,,Serious Crash,No,2006,,East,,0,,Flat,,,,,,Bright sun,2528600,0,0,1,1,,,0,,,,,,Canterbury Region,Nil,2-way,Sealed,,0,1,,50,,Null,1,0,,60,Christchurch City,Stop,,,,,0,0,Urban,0,,,Fine,Null
1769817,5899458,31366,,523920,0,,0,3,,Null,2006/2007,GREAT SOUTH ROAD,TAKANINI OFF NBD,,Non-Injury Crash,Yes,2006,,North,,0,,Flat,,,,,,Bright sun,767921,0,0,0,4,,,0,,,,,,Auckland Region,Nil,2-way,Sealed,,0,0,,70,,Off,0,0,,76,Auckland,Traffic Signals,,,,,0,0,Urban,0,,,Fine,Null
1889528,5822638,31367,,536516,0,0,0,2,0,West,2005/2006,PERCY ROAD,DOMAIN ROAD,,Non-Injury Crash,No,2006,0,East,0,0,0,Flat,0,,0,,0,Dark,1204602,0,0,0,2,0,0,0,0,1,,0,0,Bay of Plenty Region,Nil,2-way,Sealed,0,0,0,0,50,0,None,0,0,,23,Tauranga City,Unknown,0,0,0,0,0,0,Urban,0,0,0,Fine,Null
1882984,5826524,31368,,536821,0,,0,2,,Null,2005/2006,MAUNGANUI ROAD,GOLF ROAD,,Non-Injury Crash,No,2006,,North,,0,,Flat,,,,,,Dark,1204401,0,0,0,4,,,0,,,,,,Bay of Plenty Region,Nil,2-way,Sealed,,0,0,,70,,On,0,0,,23,Tauranga City,Give way,,,,,0,0,Urban,0,,,Light rain,Null
1293375,5037959,31369,,609029,0,,0,1,,South,2006/2007,CARDRONA VALLEY ROAD,RIVERBANK ROAD,,Serious Crash,No,2006,,South,,0,,Flat,,,,,,Bright sun,3038903,1,0,0,2,,,0,,,,,,Otago Region,Nil,2-way,Sealed,,0,1,,100,,Null,1,0,,70,Queenstown-Lakes District,Unknown,,,,,0,0,Open,0,,,Fine,Null
1801261,5814583,31370,,529700,0,,1,1,,Null,2005/2006,ANGLESEA ST,BRIDGE ST,,Non-Injury Crash,No,2006,,North,,0,,Flat,,,,,,Overcast,912400,0,0,0,2,,,0,,,,,,Waikato Region,Nil,2-way,Sealed,,0,0,,50,,Null,0,0,,16,Hamilton City,Give way,,,,,0,0,Urban,0,,,Fine,Null
1774036,5902848,31371,,525201,0,,0,2,,Null,2005/2006,ALFRISTON ROAD,ALFRISTON-ARDMORE ROAD,,Non-Injury Crash,No,2006,,South,,0,,Flat,,,,,,Bright sun,762301,0,0,0,2,,,0,,,,,,Auckland Region,Nil,2-way,Sealed,,0,0,,80,,Null,0,0,,76,Auckland,Give way,,,,,0,0,Open,0,,,Fine,Null
1424985,5029822,31372,,600410,0,0,0,0,1,West,2005/2006,SH 82,WAIPARI ROAD,,Minor Crash,Yes,2006,0,East,0,0,0,Flat,0,,0,,0,Bright sun,2825300,1,0,0,2,0,0,0,0,0,,0,0,Canterbury Region,Nil,2-way,Sealed,0,0,0,0,100,0,Null,1,0,,66,Waimate District,Unknown,0,0,0,0,0,0,Open,0,0,0,Fine,Frost
1939798,5795929,31373,,542530,0,,0,2,,Null,2005/2006,THORNTON ROAD,WEST BANK ROAD,,Minor Crash,No,2006,,North,,0,,Hill Road,,,,,,Bright sun,1321900,2,0,0,2,,,0,,,,,,Bay of Plenty Region,Nil,2-way,Sealed,,0,0,,100,,Null,0,0,,25,Whakatane District,Stop,,,,,0,0,Open,0,,,Fine,Null
1767448,5907591,31374,,523602,0,,0,1,,South,2006/2007,FERGUSON ROAD,EAST TAMAKI ROAD,,Non-Injury Crash,No,2006,,South,,0,,Flat,,,,,,Bright sun,709900,0,0,0,2,,,0,,,,,,Auckland Region,Nil,2-way,Sealed,,0,0,,50,,Off,1,0,,76,Auckland,Nil,,,,,0,0,Urban,0,,,Fine,Null
1956862,5788086,31375,65,542514,0,0,0,1,0,South,2005/2006,WAINUI ROAD,KOWHAI ST,,Serious Crash,No,2006,0,North,0,0,0,Flat,0,,0,,0,Dark,1296500,1,0,0,2,0,1,0,0,0,,0,1,Bay of Plenty Region,Nil,2-way,Sealed,0,0,1,0,100,0,None,0,0,,25,Whakatane District,Unknown,0,0,0,0,0,0,Open,0,0,1,Light rain,Null
1875618,5709246,31376,,541344,0,0,0,0,0,East,2006/2007,SH 5,CAROLINE DRIVE,,Non-Injury Crash,Yes,2006,0,West,0,0,0,Flat,0,,0,,0,Dark,1280708,0,0,0,2,0,0,0,0,0,,0,0,Waikato Region,Nil,2-way,Sealed,0,0,0,0,100,0,None,0,0,,21,Taupo District,Nil,0,0,0,0,1,0,Open,0,0,0,Light rain,Null
1931471,5615038,31377,,547300,0,,0,2,,Null,2006/2007,SH 50,TUTAEKURI BR,,Minor Crash,Yes,2006,,North,,0,,Flat,,,,,,Bright sun,1402512,2,0,0,2,,,0,,,,,,Hawke's Bay Region,Bridge,2-way,Sealed,,0,0,,100,,Null,1,0,,30,Hastings District,Nil,,,,,0,0,Open,2,,,Fine,Null
1783813,5924669,31378,,520801,0,0,0,1,0,North,2005/2006,OBRIEN ROAD,GORDONS ROAD,,Non-Injury Crash,No,2006,0,North,0,0,0,Flat,0,,0,,0,Dark,515608,0,0,0,2,0,0,0,0,0,,0,1,Auckland Region,Nil,2-way,Sealed,0,0,0,0,80,0,None,0,0,,76,Auckland,Nil,0,0,0,0,0,0,Open,0,0,0,Fine,Null
1750209,5914279,31379,,511303,0,,0,1,,Null,2005/2006,GREAT NORTH ROAD,VERONICA ST,,Non-Injury Crash,No,2006,,East,,0,,Flat,,,,,,Bright sun,266200,0,0,0,2,,,0,,,,,,Auckland Region,Nil,2-way,Sealed,,0,0,,50,,Off,0,0,,76,Auckland,Traffic Signals,,,,,0,0,Urban,1,,,Fine,Null
1620321,5427777,31380,,583700,0,,0,1,,Null,2006/2007,ANNESBROOK DRIVE,QUARANTINE ROAD,,Minor Crash,No,2006,,North,,0,,Flat,,,,,,Bright sun,2337700,1,0,1,2,,,0,,,,,,Nelson Region,Nil,2-way,Sealed,,0,0,,50,,Null,0,0,,52,Nelson City,Give way,,,,,0,0,Urban,0,,,Fine,Null
1567441,5180250,31381,,590701,0,0,0,2,0,West,2006/2007,RICCARTON ROAD,KAURI ST,,Minor Crash,No,2006,0,East,0,0,0,Flat,0,,0,,0,Dark,2470300,2,0,0,2,0,0,0,0,1,,1,0,Canterbury Region,Nil,2-way,Sealed,0,0,0,0,50,0,On,0,0,,60,Christchurch City,Nil,0,0,0,0,0,0,Urban,0,0,0,Fine,Null
1821337,5531085,31382,,562401,0,,0,3,,East,2005/2006,TREMAINE AVENUE,NORTH ST,,Non-Injury Crash,No,2006,,West,,0,,Flat,,,,,,Twilight,1833900,0,0,0,2,,,0,,,,,,Manawatū-Whanganui Region,Nil,2-way,Sealed,,0,0,,50,,Off,0,0,,40,Palmerston North City,Nil,,,,,0,0,Urban,0,,,Fine,Null
1771214,5914840,31383,,521601,0,0,0,1,0,Null,2005/2006,RIDGE ROAD,ELLIOT ST,,Non-Injury Crash,No,2006,0,North,0,0,1,Flat,0,,1,,0,Dark,646300,0,0,0,2,0,0,0,0,0,,0,0,Auckland Region,Nil,2-way,Sealed,0,0,0,0,50,0,On,0,0,,76,Auckland,Stop,0,0,0,0,0,0,Urban,0,0,0,Fine,Null
1769096,5881012,31384,,525922,0,,0,1,,Null,2006/2007,MASSEY AVENUE,ROULSTON ST,,Minor Crash,No,2006,,West,,0,,Flat,,,,,,Overcast,823200,1,0,0,2,,,0,,,1,,,Auckland Region,Nil,2-way,Sealed,,0,0,,50,,Off,0,0,,76,Auckland,Give way,,,,,0,0,Urban,0,,,Null,Null
1566188,5186116,31385,,588500,0,0,0,1,0,South,2005/2006,CROFTON ROAD,SAWYERS ARMS ROAD,,Minor Crash,No,2006,0,North,0,0,0,Flat,0,,0,,0,Dark,2527401,1,0,0,2,0,0,0,0,0,,0,0,Canterbury Region,Nil,2-way,Sealed,0,0,0,0,50,0,On,0,0,,60,Christchurch City,Unknown,0,0,0,1,0,0,Urban,0,0,0,Light rain,Null
1770208,5909326,31386,,523114,0,,0,2,,Null,2005/2006,CHAPEL ROAD,RIALTO COURT,,Non-Injury Crash,No,2006,,West,,0,,Flat,,,,,,Bright sun,711807,0,0,0,2,,,0,,,,,,Auckland Region,Nil,2-way,Sealed,,0,0,,50,,Off,0,0,,76,Auckland,Nil,,,,,0,0,Urban,0,,,Fine,Null
1759889,5915756,31387,,516003,0,,0,2,,South,2005/2006,GREAT SOUTH ROAD,GREENLANE ON NBD,,Non-Injury Crash,No,2006,,North,,0,,Flat,,,,,,Overcast,495200,0,0,0,3,,,0,,,,,,Auckland Region,Nil,2-way,Sealed,,0,0,,50,,Off,0,0,,76,Auckland,Traffic Signals,,,,,0,0,Urban,0,,,Fine,Null
1764396,5909623,31388,,521802,0,,0,1,,East,2006/2007,HIGH ST,ATKINSON AVENUE,,Non-Injury Crash,No,2006,,West,,0,,Flat,,,,,,Dark,788601,0,0,0,2,,,0,,,,,,Auckland Region,Nil,2-way,Sealed,,0,0,,50,,On,1,0,,76,Auckland,Nil,,,,,0,0,Urban,0,,,Fine,Null
1768491,5911663,31389,,523112,0,,0,1,,Null,2005/2006,TI RAKAU DRIVE,TRUGOOD DRIVE,,Non-Injury Crash,No,2006,,West,,0,,Flat,,,,,,Bright sun,711404,0,0,0,4,,,0,,,,,,Auckland Region,Nil,2-way,Sealed,,0,0,,60,,Off,0,0,,76,Auckland,Traffic Signals,,,,,0,0,Urban,1,,,Fine,Null
1747675,5912699,31390,,511100,0,0,0,1,1,North,2005/2006,PLEASANT ROAD,FAIRMOUNT ROAD,,Non-Injury Crash,No,2006,0,North,0,0,0,Flat,0,,0,,0,Dark,288202,0,0,0,2,0,0,0,0,0,,0,0,Auckland Region,Nil,2-way,Sealed,0,0,0,0,50,0,On,0,0,,76,Auckland,Nil,0,0,0,0,0,0,Urban,0,0,0,Fine,Null
1406361,4916451,31391,,602900,0,,0,1,,Null,2006/2007,SH 1S,QUEENS GARDENS,,Serious Crash,Yes,2006,,South,,0,,Flat,,Christmas New Year,,,,Overcast,2895300,0,0,0,4,,,0,,,1,,,Otago Region,Nil,1-way,Sealed,,0,1,,50,,Null,0,0,,71,Dunedin City,Traffic Signals,,,,,0,0,Urban,0,,,Heavy rain,Null
1765419,5916895,31392,15,517001,0,0,0,2,0,West,2005/2006,Z CPK NZ POST,LINE ROAD,,Non-Injury Crash,No,2006,0,North,0,0,0,Flat,0,,0,,0,Bright sun,476100,0,0,0,0,0,0,0,0,1,,0,0,Auckland Region,Nil,Off road,Sealed,0,0,0,0,30,0,Off,0,0,,76,Auckland,Nil,0,0,0,0,0,0,Urban,0,0,0,Fine,Null
1743489,5975655,31393,,506661,0,0,0,1,0,North,2006/2007,SH 1N,WAIWHIU ROAD,,Non-Injury Crash,Yes,2006,0,North,1,0,0,Hill Road,0,,0,,0,Twilight,138900,0,0,0,2,0,0,0,0,0,,0,0,Auckland Region,Nil,2-way,Sealed,0,0,0,0,100,0,None,0,0,,76,Auckland,Nil,0,0,0,0,0,0,Open,0,0,0,Light rain,Null
1651958,6051616,31394,,504501,0,0,0,1,1,North,2006/2007,SH 12,WAIPOUA SETTLEMENT ROAD,,Non-Injury Crash,Yes,2006,0,North,0,0,0,Hill Road,0,Labour Weekend,0,,0,Overcast,118600,0,0,0,2,0,0,0,0,0,,0,0,Northland Region,Nil,2-way,Sealed,0,0,0,0,100,0,None,0,0,,3,Kaipara District,Nil,0,0,0,0,0,0,Open,0,0,0,Light rain,Null
1884285,5773168,31395,,540520,0,0,0,2,0,West,2006/2007,MALFROY ROAD,MILLER ST,,Minor Crash,No,2006,0,East,0,0,0,Flat,0,,0,,0,Dark,1239200,2,0,0,2,0,0,0,0,1,,0,0,Bay of Plenty Region,Nil,2-way,Sealed,0,0,0,0,50,0,On,0,0,,24,Rotorua District,Nil,0,0,0,0,0,0,Urban,0,0,0,Fine,Null
1730113,5996249,31396,,504900,0,,0,0,,South,2005/2006,SH 1N,ONERIRI ROAD,,Minor Crash,Yes,2006,,North,,0,,Hill Road,,,,,,Bright sun,134400,1,0,0,3,,,0,,,,,,Northland Region,Nil,2-way,Sealed,,0,0,,80,,Off,1,0,,3,Kaipara District,Nil,,,,,0,0,Open,1,,,Fine,Null
1245207,4847163,31397,,611601,0,,0,2,,Null,2005/2006,CHESNEY ST,MCQUARRIE ST,,Minor Crash,No,2006,,North,,0,,Flat,,,,,,Bright sun,3150401,1,0,0,2,,,0,,,,,,Southland Region,Nil,2-way,Sealed,,0,0,,50,,Null,0,0,,75,Invercargill City,Give way,,,,,0,0,Urban,0,,,Fine,Null
1757508,5926942,31398,,507900,0,0,0,2,0,East,2006/2007,Z CPK FOODTOWN,BARRYS POINT ROAD,,Serious Crash,No,2006,1,North,0,0,0,Flat,0,,0,,0,Overcast,304200,0,0,0,0,0,1,0,0,0,,0,0,Auckland Region,Nil,Off road,Sealed,0,0,1,0,50,0,Off,1,0,,76,Auckland,Nil,0,0,0,0,0,0,Urban,0,0,0,Fine,Null
1757106,5914769,31399,,515802,0,,0,2,,Null,2005/2006,ST ANDREWS ROAD,LANDSCAPE ROAD,,Non-Injury Crash,No,2006,,East,,0,,Hill Road,,,,,,Overcast,448500,0,0,0,2,,,0,,,,,,Auckland Region,Nil,2-way,Sealed,,0,0,,50,,Off,0,0,,76,Auckland,Stop,,,,,0,0,Urban,0,,,Fine,Null
1462008,5300803,31400,,584930,0,0,0,1,1,West,2005/2006,TAYLORVILLE ROAD,BRUNNER MINE SITE,,Serious Crash,No,2006,0,East,0,0,0,Flat,0,,0,,0,Overcast,2403300,2,0,0,2,0,0,0,0,0,,0,0,West Coast Region,Nil,2-way,Sealed,0,0,3,0,100,0,Null,0,0,,56,Grey District,Unknown,0,0,0,0,0,0,Open,0,0,0,Fine,Null
1667181,5429342,31401,,580446,0,,0,1,,East,2005/2006,QUEEN CHARLOTTE DRIVE,SH 6,,Serious Crash,No,2006,,West,,0,,Hill Road,,,,,,Bright sun,2286502,1,0,0,2,,,0,,,,,,Marlborough Region,Nil,2-way,Sealed,,0,1,,100,,Null,0,0,,53,Marlborough District,Nil,,,,,1,0,Open,0,,,Fine,Null