X,Y,OBJECTID,advisorySpeed,areaUnitID,bicycle,bridge,bus,carStationWagon,cliffBank,crashDirectionDescription,crashFinancialYear,crashLocation1,crashLocation2,crashRoadSideRoad,crashSeverity,crashSHDescription,crashYear,debris,directionRoleDescription,ditch,fatalCount,fence,flatHill,guardRail,holiday,houseOrBuilding,intersection,kerb,light,meshblockId,minorInjuryCount,moped,motorcycle,NumberOfLanes,objectThrownOrDropped,otherObject,otherVehicleType,overBank,parkedVehicle,pedestrian,phoneBoxEtc,postOrPole,region,roadCharacter,roadLane,roadSurface,roadworks,schoolBus,seriousInjuryCount,slipOrFlood,speedLimit,strayAnimal,streetLight,suv,taxi,temporarySpeedLimit,tlaId,tlaName,trafficControl,trafficIsland,trafficSign,train,tree,truck,unknownVehicleType,urban,vanOrUtility,vehicle,waterRiver,weatherA,weatherB
1759871,5924385,31402,,509300,1,,0,1,,South,2005/2006,LAKE ROAD,OLD LAKE ROAD,,Minor Crash,No,2006,,South,,0,,Hill Road,,,,,,Twilight,340200,1,0,0,2,,,0,,,,,,Auckland Region,Nil,2-way,Sealed,,0,0,,50,,Off,0,0,,76,Auckland,Nil,,,,,0,0,Urban,0,,,Fine,Null
1797475,5819428,31403,,528403,0,,0,1,,East,2005/2006,VICKERY ST,PUKETE ROAD,,Non-Injury Crash,No,2006,,East,,0,,Flat,,,,,,Bright sun,907800,0,0,0,2,,,0,,,,,,Waikato Region,Nil,2-way,Sealed,,0,0,,50,,Off,0,0,,16,Hamilton City,Nil,,,,,0,0,Urban,1,,,Fine,Null
1752791,5918105,31404,,515003,0,,0,2,,East,2005/2006,SH 16,CARRINGTON OBR,,Minor Crash,Yes,2006,,West,,0,,Flat,,,,,,Twilight,390600,1,0,0,6,,,0,,,,,,Auckland Region,Nil,2-way,Sealed,,0,0,,100,,On,1,0,,76,Auckland,Nil,,,,,0,0,Open,0,,,Heavy rain,Null
1729021,5978777,31405,,506613,0,0,0,1,0,East,2005/2006,J V GRANT ROAD,WHAREHINE ROAD,,Non-Injury Crash,No,2006,0,South,0,0,0,Hill Road,0,,0,,0,Bright sun,145000,0,0,0,2,0,0,0,0,0,,0,1,Auckland Region,Nil,2-way,Unsealed,0,0,0,0,100,0,None,0,0,,76,Auckland,Nil,0,0,0,0,0,0,Open,0,0,0,Null,Null
1753130,5915960,31406,,517903,0,,0,2,,South,2005/2006,SUMMIT DRIVE,STILWELL ROAD,,Non-Injury Crash,No,2006,,North,,0,,Hill Road,,,,,,Bright sun,522701,0,0,0,2,,,0,,,,,,Auckland Region,Nil,2-way,Sealed,,0,0,,50,,Off,0,0,,76,Auckland,Nil,,,,,0,0,Urban,0,,,Fine,Null
1574734,5177887,31407,,594020,0,,0,2,,Null,2005/2006,FERRY ROAD,RUTHERFORD ST,,Minor Crash,Yes,2006,,East,,0,,Flat,,,,,,Overcast,2589203,1,0,0,3,,,0,,,,,,Canterbury Region,Nil,2-way,Sealed,,0,0,,50,,Null,0,0,,60,Christchurch City,Traffic Signals,,,,,0,0,Urban,0,,,Fine,Null
1800633,5815913,31408,,529700,1,0,0,1,0,South,2006/2007,VICTORIA ST,ROSTREVOR ST,,Minor Crash,No,2006,0,South,0,0,0,Flat,0,,0,,0,Overcast,910100,1,0,0,2,0,0,0,0,1,,0,0,Waikato Region,Nil,2-way,Sealed,0,0,0,0,50,0,Null,0,0,,16,Hamilton City,Unknown,0,0,0,0,0,0,Urban,0,0,0,Fine,Null
1874507,5822815,31409,,536513,1,,0,1,,Null,2005/2006,MOFFAT ROAD,BEAUMARIS BOULEVARD,,Minor Crash,No,2006,,South,,0,,Flat,,,,,,Twilight,1190702,1,0,0,2,,,0,,,,,,Bay of Plenty Region,Nil,2-way,Sealed,,0,0,,50,,On,0,0,,23,Tauranga City,Give way,,,,,0,0,Urban,0,,,Fine,Null
1761343,5913980,31410,,520202,0,,0,2,,West,2006/2007,GREAT SOUTH ROAD,STATION ROAD,,Non-Injury Crash,No,2006,,South,,0,,Flat,,,,,,Overcast,612300,0,0,0,4,,,0,,,,,,Auckland Region,Nil,2-way,Sealed,,0,0,,50,,Off,0,0,,76,Auckland,Nil,,,,,0,0,Urban,0,,,Fine,Null
1718777,6048279,31411,,502600,0,,0,2,,Null,2005/2006,SH 1N,PERCY ST,,Non-Injury Crash,Yes,2006,,North,,0,,Flat,,,,,,Bright sun,94500,0,0,0,2,,,0,,,,,,Northland Region,Nil,2-way,Sealed,,0,0,,50,,Off,0,0,,2,Whangarei District,Stop,,,,,0,0,Urban,0,,,Fine,Null
1768477,5901125,31412,,525001,0,,0,2,,South,2006/2007,MAICH ROAD,NORTHCREST WAY,,Non-Injury Crash,No,2006,,South,,0,,Flat,,,,,,Dark,751400,0,0,0,2,,,0,,,,,,Auckland Region,Nil,2-way,Sealed,,0,0,,50,,On,0,0,,76,Auckland,Nil,,,,,0,0,Urban,0,,,Fine,Null
1620223,5429321,31413,,583000,0,,0,1,,Null,2005/2006,ROTO ST,GREEN ST,,Non-Injury Crash,No,2006,,East,,0,,Flat,,,,,,Twilight,2333600,0,0,0,2,,,0,,,,,,Nelson Region,Nil,2-way,Sealed,,0,0,,50,,Off,0,0,,52,Nelson City,Give way,,,,,0,0,Urban,0,,,Fine,Null
1775896,5579778,31414,,557500,0,,0,0,,North,2006/2007,YOUNG ST,MILTON ST,,Minor Crash,No,2006,,South,,0,,Flat,,,,,,Overcast,1691900,1,0,1,2,,,0,,,,,,Manawatū-Whanganui Region,Nil,2-way,Sealed,,0,0,,50,,Null,1,0,,37,Whanganui District,Nil,,,,,0,0,Urban,0,,,Fine,Null
1744375,5919760,31415,,513301,0,0,0,3,0,West,2006/2007,UNIVERSAL DRIVE,BITTERN PLACE,,Minor Crash,No,2006,0,West,0,0,0,Flat,0,,0,,0,Twilight,234301,1,0,0,2,0,0,0,0,1,,0,0,Auckland Region,Nil,2-way,Sealed,0,0,0,0,50,0,On,0,0,,76,Auckland,Nil,0,0,0,0,0,0,Urban,0,0,0,Light rain,Null
1801623,5538796,31416,,561422,0,,0,2,,South,2005/2006,SH 1N,RONGOTEA ROAD,,Non-Injury Crash,Yes,2006,,South,,0,,Flat,,,,,,Overcast,1787400,0,0,0,2,,,0,,,,,,Manawatū-Whanganui Region,Nil,2-way,Sealed,,0,0,,100,,Null,0,0,,39,Manawatu District,Nil,,,,,0,0,Open,0,,,Fine,Null
1583380,5261875,31417,,585506,0,0,0,2,0,West,2005/2006,LONG PLANTATION ROAD,SH 7,,Minor Crash,No,2006,0,West,0,0,1,Flat,0,,0,,0,Bright sun,2430500,1,0,0,2,0,0,0,0,0,,0,0,Canterbury Region,Nil,2-way,Sealed,0,0,0,0,100,0,Null,0,0,,58,Hurunui District,Nil,0,0,0,0,0,0,Open,0,0,0,Fine,Null
1756813,5919469,31418,,514102,0,,0,2,,Null,2005/2006,KARANGAHAPE ROAD,MERCURY LANE,,Minor Crash,No,2006,,West,,0,,Flat,,,,,,Dark,435700,1,0,0,4,,,0,,,,,,Auckland Region,Nil,2-way,Sealed,,0,0,,50,,On,0,1,,76,Auckland,Traffic Signals,,,,,0,0,Urban,0,,,Fine,Null
1258282,5004145,31419,,609302,0,,0,0,,Null,2005/2006,MARINE PARADE,EARL ST,,Minor Crash,No,2006,,West,,0,,Flat,,,,,,Bright sun,3033700,1,0,0,1,,,0,,,1,,,Otago Region,Nil,1-way,Sealed,,0,0,,50,,Null,1,0,,70,Queenstown-Lakes District,Nil,,,,,0,0,Urban,0,,,Fine,Null
1744342,5915713,31420,,513013,0,,0,2,,Null,2005/2006,HENDERSON VALLEY ROAD,FOREST HILL ROAD,,Non-Injury Crash,No,2006,,West,,0,,Flat,,Easter,,,,Overcast,281518,0,0,0,2,,,0,,,,,,Auckland Region,Nil,2-way,Sealed,,0,0,,50,,Off,0,0,,76,Auckland,Give way,,,,,0,0,Urban,0,,,Fine,Null
1766799,5905398,31421,,524603,0,0,0,2,0,East,2005/2006,PUHINUI ROAD,EDORVALE AVENUE,,Minor Crash,No,2006,0,East,0,0,0,Flat,0,,0,,0,Dark,671700,1,0,0,2,0,0,0,0,1,,0,0,Auckland Region,Nil,2-way,Sealed,0,0,0,0,50,0,On,0,0,,76,Auckland,Nil,0,0,0,0,0,0,Urban,0,0,0,Fine,Null
1765526,5916670,31422,,517100,0,,0,2,,East,2006/2007,POINT ENGLAND ROAD,LINE ROAD,,Serious Crash,No,2006,,West,,0,,Flat,,,,,,Dark,477000,0,0,0,2,,,0,,,,,,Auckland Region,Nil,2-way,Sealed,,0,1,,50,,On,0,0,,76,Auckland,Nil,,,,,0,0,Urban,0,,,Fine,Null
1801314,5814942,31423,,529700,0,,0,2,,South,2005/2006,VICTORIA ST,HOOD ST,,Non-Injury Crash,No,2006,,North,,0,,Flat,,,,,,Dark,912000,0,0,0,4,,,0,,,,,,Waikato Region,Nil,2-way,Sealed,,0,0,,50,,On,0,0,,16,Hamilton City,Unknown,,,,,0,0,Urban,0,,,Fine,Null
1797961,5814647,31424,,529000,0,,0,2,,Null,2005/2006,SH 23,MASSEY ST,,Non-Injury Crash,Yes,2006,,East,,0,,Flat,,,,,,Dark,917100,0,0,0,2,,,0,,,,,,Waikato Region,Nil,2-way,Sealed,,0,0,,50,,On,0,0,,16,Hamilton City,Give way,,,,,0,0,Urban,0,,,Light rain,Null
1766176,5907485,31425,,522301,0,,0,2,,North,2006/2007,OTARA ON NBD,EAST TAMAKI ROAD,,Non-Injury Crash,Yes,2006,,South,,0,,Flat,,,,,,Dark,666700,0,0,0,2,,,0,,,,,,Auckland Region,Nil,2-way,Sealed,,0,0,,100,,On,0,1,,76,Auckland,Nil,,,,,0,0,Open,0,,,Fine,Null
1767368,5902097,31426,,524720,0,,0,3,,West,2005/2006,BROWNS ROAD,STURDEE ROAD,,Non-Injury Crash,No,2006,,West,,0,,Flat,,,,,,Overcast,779700,0,0,0,2,,,0,,,,,,Auckland Region,Nil,2-way,Sealed,,0,0,,50,,Off,0,0,,76,Auckland,Nil,,,,,0,0,Urban,0,,,Fine,Null
1759885,5916096,31427,,516002,0,,0,3,,North,2006/2007,SH 1N,GREENLANE ON NBD,,Non-Injury Crash,Yes,2006,,North,,0,,Flat,,,,,,Bright sun,492100,0,0,0,3,,,0,,,,,,Auckland Region,Nil,2-way,Sealed,,0,0,,100,,Off,0,0,,76,Auckland,Nil,,,,,0,0,Open,0,,,Fine,Null
1769245,5470943,31428,,566000,0,0,0,1,0,South,2005/2006,MAZENGARB ROAD,CELTIC WAY,,Minor Crash,No,2006,0,North,1,0,1,Flat,0,,0,,0,Dark,1999301,1,0,0,2,0,0,0,0,0,,0,1,Wellington Region,Nil,2-way,Sealed,0,0,0,0,70,0,On,0,0,,43,Kapiti Coast District,Nil,0,0,0,0,0,0,Urban,0,0,0,Fine,Null
1262804,4966931,31429,,610020,0,0,0,2,1,North,2005/2006,SH 6,ALLANDALE ROAD,,Minor Crash,Yes,2006,0,South,0,0,0,Flat,0,,0,,0,Bright sun,3040602,3,0,0,2,0,0,0,0,0,,0,0,Southland Region,Nil,2-way,Sealed,0,0,0,0,100,0,Null,0,0,,73,Southland District,Unknown,0,0,0,0,0,0,Open,0,0,0,Fine,Null
1929687,5605290,31430,,548200,0,,0,1,,East,2005/2006,QUEEN ST WEST,NELSON ST NORTH,,Non-Injury Crash,No,2006,,East,,0,,Flat,,,,,,Dark,1490700,0,0,0,2,,,0,,,,,,Hawke's Bay Region,Nil,2-way,Sealed,,0,0,,50,,On,0,0,,30,Hastings District,Nil,,,,,0,0,Urban,1,,,Fine,Null
1751975.0,5874984.5508,31431,,526103,0,0,0,1,0,East,2006/2007,KARIOITAHI ROAD,HONEY ROAD,,Minor Crash,No,2006,0,East,0,0,0,Flat,0,,0,,0,Dark,837300,1,0,0,2,0,0,0,0,0,,0,1,Auckland Region,Nil,2-way,Sealed,0,0,0,0,100,0,None,0,0,,76,Auckland,Nil,0,0,0,0,0,0,Open,0,0,0,Fine,Null
1751004,5973831,31432,,506661,0,0,0,1,1,East,2005/2006,MATAKANA ROAD,ANDERSON ROAD,,Non-Injury Crash,No,2006,0,East,1,0,0,Flat,0,,0,,0,Bright sun,139301,0,0,0,2,0,0,0,0,0,,0,0,Auckland Region,Nil,2-way,Sealed,0,0,0,0,100,0,None,0,0,,76,Auckland,Nil,0,0,0,0,0,0,Open,0,0,0,Fine,Null
1692339,5387584,31433,,580801,0,0,0,1,0,East,2006/2007,SEAVIEW ROAD,MARLDENE AVENUE,,Minor Crash,No,2006,0,East,0,0,1,Flat,0,Labour Weekend,0,,0,Overcast,2309300,3,0,0,2,0,0,0,0,0,,0,1,Marlborough Region,Nil,2-way,Sealed,0,0,0,0,100,0,Null,0,0,,53,Marlborough District,Nil,0,0,0,1,0,0,Open,0,0,0,Light rain,Null
1718453,6044221,31434,,503500,0,,0,1,,North,2005/2006,SH 1N,RAUMANGA VALLEY ROAD,,Non-Injury Crash,Yes,2006,,North,,0,,Flat,,,,,,Overcast,108000,0,0,0,2,,,0,,,,,,Northland Region,Nil,2-way,Sealed,,0,0,,50,,Off,0,0,,2,Whangarei District,Nil,,,,,0,0,Urban,1,,,Light rain,Null
1757079,5919588,31435,,514102,0,,0,1,,South,2006/2007,QUEEN ST,SCOTIA PLACE,,Minor Crash,No,2006,,South,,0,,Hill Road,,,,,,Dark,435802,1,0,0,2,,,0,,,1,,,Auckland Region,Nil,2-way,Sealed,,0,0,,50,,None,0,1,,76,Auckland,Nil,,,,,0,0,Urban,0,,,Fine,Null
1764475,5909641,31436,,521802,0,,0,2,,Null,2006/2007,CHURCH ST,HIGH ST,,Non-Injury Crash,No,2006,,East,,0,,Flat,,,,,,Overcast,788602,0,0,0,2,,,0,,,,,,Auckland Region,Nil,2-way,Sealed,,0,0,,50,,Off,0,0,,76,Auckland,Give way,,,,,0,0,Urban,0,,,Fine,Null
1746146,5920279,31437,,513301,0,,0,0,,East,2006/2007,SH 16,LINCOLN OFF WBD,,Minor Crash,Yes,2006,,West,,0,,Flat,,,,,,Overcast,230301,1,0,1,2,,,0,,,,,,Auckland Region,Nil,1-way,Sealed,,0,0,,100,,Off,0,0,,76,Auckland,Nil,,,,,0,0,Open,0,,,Light rain,Null
1760812,5913919,31438,,519500,0,,0,1,,North,2006/2007,ROCKFIELD ROAD,ORANGA AVENUE,,Non-Injury Crash,No,2006,,South,,0,,Flat,,,,,,Bright sun,620600,0,0,0,2,,,0,,,,,,Auckland Region,Nil,2-way,Sealed,,0,0,,50,,Off,0,0,,76,Auckland,Nil,,,,,1,0,Urban,0,,,Fine,Null
1728978,6039693,31439,,501818,0,,1,1,,East,2005/2006,WHANGAREI HEADS ROAD,SCOTT ROAD,,Serious Crash,No,2006,,East,,0,,Flat,,,,,,Overcast,73602,1,0,0,2,,,0,,,,,,Northland Region,Nil,2-way,Sealed,,1,1,,100,,None,0,0,,2,Whangarei District,Nil,,,,,0,0,Open,0,,,Fine,Null
1763589,5904092,31440,,524604,0,0,0,0,0,West,2005/2006,SH 20B,SELFS ROAD,,Non-Injury Crash,Yes,2006,0,West,0,0,1,Flat,0,,0,,0,Dark,780902,0,0,0,2,0,0,0,0,0,,0,0,Auckland Region,Nil,2-way,Sealed,0,0,0,0,100,0,On,1,0,,76,Auckland,Nil,0,0,0,0,0,0,Open,0,0,0,Light rain,Null
1759657,5911796,31441,,520000,0,,0,2,,Null,2006/2007,NEILSON ST,VICTORIA ST,,Non-Injury Crash,No,2006,,West,,0,,Flat,,,,,,Overcast,607100,0,0,0,4,,,0,,,,,,Auckland Region,Nil,2-way,Sealed,,0,0,,50,,Off,0,0,,76,Auckland,Give way,,,,,0,0,Urban,0,,,Fine,Null
1754350,5930083,31442,,508420,0,0,0,2,0,East,2005/2006,TARGET ROAD,CHEVAL DRIVE,,Non-Injury Crash,No,2006,0,North,0,0,0,Flat,0,,0,,0,Bright sun,182020,0,0,0,2,0,0,0,0,1,,0,0,Auckland Region,Nil,2-way,Sealed,0,0,0,0,50,0,Off,0,1,,76,Auckland,Nil,0,0,0,0,0,0,Urban,0,0,0,Fine,Null
1867655,5824902,31443,,536620,0,1,0,1,0,Null,2006/2007,SH 2,TE PUNA STM BR,,Non-Injury Crash,Yes,2006,0,East,0,0,0,Flat,0,,0,,0,Twilight,1188900,0,0,0,2,0,0,0,0,0,,0,0,Bay of Plenty Region,Bridge,2-way,Sealed,0,0,0,0,100,0,None,0,0,,22,Western Bay of Plenty District,Nil,0,0,0,0,0,0,Open,0,0,0,Fine,Null
1699862,6011114,31444,45,505010,0,0,0,0,1,South,2006/2007,BIRCH ROAD,LUSK ROAD,,Serious Crash,No,2006,0,North,0,0,0,Hill Road,0,,0,,0,Overcast,125700,1,0,0,2,0,0,0,0,0,,0,0,Northland Region,Nil,2-way,Unsealed,0,0,1,0,100,0,None,0,0,,3,Kaipara District,Nil,0,0,0,0,1,0,Open,1,0,0,Fine,Null
1564894,5180234,31445,,587701,0,0,0,1,0,West,2005/2006,SH 73,BRODIE ST,,Serious Crash,Yes,2006,0,West,0,0,0,Flat,0,,0,,0,Dark,2478100,1,0,0,4,0,0,0,0,0,,0,0,Canterbury Region,Nil,2-way,Sealed,0,0,1,0,60,0,On,0,0,,60,Christchurch City,Nil,0,0,0,1,0,0,Urban,0,0,0,Fine,Null
1748212,5913983,31446,,511700,0,,0,1,,West,2006/2007,WEST COAST ROAD,GREAT NORTH ROAD,,Non-Injury Crash,No,2006,,North,,0,,Flat,,,,,,Overcast,270202,0,0,0,4,,,0,,,,,,Auckland Region,Nil,2-way,Sealed,,0,0,,50,,Off,1,0,,76,Auckland,Nil,,,,,0,0,Urban,0,,,Fine,Null
1803612,5814119,31447,,530700,0,,0,1,,East,2005/2006,CAMBRIDGE ROAD,KNIGHTON ROAD,,Non-Injury Crash,No,2006,,West,,0,,Flat,,,,,,Dark,887300,0,0,0,2,,,0,,,,,,Waikato Region,Nil,2-way,Sealed,,0,0,,50,,On,0,0,,16,Hamilton City,Unknown,,,,,0,0,Urban,1,,,Fine,Null
1795786,5696132,31448,,532901,0,0,0,1,0,North,2005/2006,SIMMONS ROAD,LAIRDVALE ROAD,,Minor Crash,No,2006,0,South,1,0,1,Flat,0,,0,,0,Dark,1031701,1,0,0,2,0,0,0,0,0,,0,0,Manawatū-Whanganui Region,Nil,2-way,Sealed,0,0,0,0,100,0,None,0,0,,36,Ruapehu District,Nil,0,0,0,1,0,0,Open,0,0,0,Fine,Frost
1663929,5413365,31449,,580446,0,0,0,0,0,North,2005/2006,SH 6,SNEIDERS BR,,Serious Crash,Yes,2006,0,North,1,0,1,Flat,0,,0,,0,Bright sun,2286601,1,0,0,2,0,0,0,0,0,,0,0,Marlborough Region,Nil,2-way,Sealed,0,0,1,0,100,0,Null,0,0,,53,Marlborough District,Nil,0,0,0,0,0,0,Open,1,0,0,Fine,Null
1867725,5712574,31450,,541720,0,0,0,1,0,South,2005/2006,LAKE TERRACE,TUI ST,,Non-Injury Crash,No,2006,0,South,0,0,1,Flat,0,,0,,1,Overcast,1268300,0,0,0,2,0,0,0,0,0,,0,1,Waikato Region,Nil,2-way,Sealed,0,0,0,0,50,0,Null,0,0,,21,Taupo District,Unknown,0,0,0,0,0,0,Urban,0,0,0,Fine,Null
1782880,5888930,31451,,521132,0,0,0,1,0,East,2006/2007,ARARIMU ROAD,SINCLAIR ROAD,,Minor Crash,No,2006,0,West,0,0,0,Hill Road,0,,0,,0,Overcast,815302,1,0,0,2,0,0,0,0,0,,0,1,Auckland Region,Nil,2-way,Sealed,0,0,0,0,100,0,None,0,0,,76,Auckland,Nil,0,0,0,0,0,0,Open,0,0,0,Light rain,Null
1933393,5617576,31452,,545631,0,,0,1,,Null,2005/2006,TANNERY ROAD,WAVERLEY ROAD,,Minor Crash,No,2006,,North,,0,,Flat,,,,,,Bright sun,1403300,1,0,1,2,,,0,,,,,,Hawke's Bay Region,Nil,2-way,Sealed,,0,0,,100,,Null,0,0,,31,Napier City,Give way,,,,,0,0,Open,0,,,Fine,Null
1755388,5915055,31453,,518500,0,,0,1,,South,2005/2006,DOMINION ROAD,HAZEL AVENUE,,Minor Crash,No,2006,,South,,0,,Flat,,,,,,Dark,560100,1,0,0,4,,,0,,,1,,,Auckland Region,Nil,2-way,Sealed,,0,0,,50,,On,0,0,,76,Auckland,Nil,,,,,0,0,Urban,0,,,Light rain,Null
1765696,5917158,31454,,517001,0,,0,1,,East,2005/2006,EPPING ST,HEATHERBANK ST,,Minor Crash,No,2006,,West,,0,,Flat,,,,,,Bright sun,475800,1,0,0,2,,,0,,,,,,Auckland Region,Nil,2-way,Sealed,,0,0,,50,,Null,1,0,,76,Auckland,Unknown,,,,,0,0,Urban,0,,,Fine,Null
1770833,5912430,31455,,523106,0,,0,2,,Null,2006/2007,MILLHOUSE DRIVE,KILIMANJARO DRIVE,,Minor Crash,No,2006,,South,,0,,Flat,,,,,,Bright sun,711188,2,0,0,2,,,0,,,,,,Auckland Region,Nil,2-way,Sealed,,0,0,,50,,Off,0,0,,76,Auckland,Give way,,,,,0,0,Urban,0,,,Fine,Null
1767936,5904527,31456,,523722,0,0,0,1,0,North,2005/2006,SH 1N,REDOUBT OBR,,Minor Crash,Yes,2006,0,South,0,0,0,Flat,1,,0,,0,Dark,715805,1,0,0,3,0,0,0,0,0,,0,1,Auckland Region,Nil,1-way,Sealed,0,0,0,0,100,0,On,0,0,,76,Auckland,Nil,0,0,0,0,0,0,Open,0,0,0,Fine,Null
1673089,6090728,31457,,501631,0,0,0,1,0,South,2006/2007,SH 1N,WEHIRUA ROAD,,Non-Injury Crash,Yes,2006,0,South,0,0,0,Flat,0,,0,,0,Overcast,32501,0,0,0,2,0,0,0,0,0,,0,0,Northland Region,Nil,2-way,Sealed,0,0,0,0,100,0,None,0,0,,1,Far North District,Nil,0,0,0,0,0,0,Open,0,0,0,Light rain,Null
1676295,5336556,31458,,581500,0,,0,1,,South,2005/2006,SH 1S,FAN NO 3 BR,,Minor Crash,Yes,2006,,South,,0,,Flat,,,,,,Overcast,2315000,1,0,0,2,,,0,,,,,,Canterbury Region,Nil,2-way,Sealed,,0,0,,100,,Null,0,0,,54,Kaikoura District,Nil,,,,,0,0,Open,0,,,Light rain,Null
1763357,5437312,31459,,568302,0,0,0,1,0,West,2005/2006,EVEREST AVENUE,TREADWELL ST,,Non-Injury Crash,No,2006,0,East,0,0,0,Flat,0,,0,,0,Bright sun,1954200,0,0,0,2,0,0,0,0,1,,0,0,Wellington Region,Nil,2-way,Sealed,0,0,0,0,50,0,Null,1,0,,46,Lower Hutt City,Nil,0,0,0,0,0,0,Urban,0,0,0,Fine,Null
1956918,5784535,31460,,542562,0,,0,1,,East,2006/2007,WAINUI ROAD,TE KOOTI ROAD,,Serious Crash,No,2006,,West,,0,,Flat,,Christmas New Year,,,,Bright sun,1296701,0,0,0,2,,,0,,,1,,,Bay of Plenty Region,Bridge,2-way,Sealed,,0,1,,100,,Null,0,0,,25,Whakatane District,Unknown,,,,,0,0,Open,0,,,Fine,Null
1798997,5815695,31461,,528900,0,,0,2,,North,2005/2006,KENT ST,JOLLY ST,,Non-Injury Crash,No,2006,,North,,0,,Flat,,,,,,Bright sun,912800,0,0,0,2,,,0,,,,,,Waikato Region,Nil,2-way,Sealed,,0,0,,50,,Off,0,0,,16,Hamilton City,Nil,,,,,0,0,Urban,0,,,Fine,Null
1829789,5831912,31462,,534604,0,0,0,1,0,West,2006/2007,SH 27,CUSSEN ROAD,,Non-Injury Crash,Yes,2006,0,West,1,0,0,Flat,0,,0,,0,Overcast,1097200,0,0,0,2,0,0,0,0,0,,0,0,Waikato Region,Nil,2-way,Sealed,0,0,0,0,100,0,None,0,0,,15,Matamata-Piako District,Nil,0,0,0,0,0,0,Open,0,0,0,Heavy rain,Null
1406195,4915988,31463,,602900,0,,0,2,,Null,2006/2007,SH 1S,JERVOIS ST,,Minor Crash,Yes,2006,,South,,0,,Flat,,,,,,Overcast,2895900,1,0,0,3,,,0,,,,,,Otago Region,Nil,1-way,Sealed,,0,0,,60,,Null,0,0,,71,Dunedin City,Give way,,,,,0,0,Urban,0,,,Fine,Null
1802184,5813945,31464,,530300,0,,0,1,,Null,2006/2007,GREY ST,NAYLOR ST,,Minor Crash,No,2006,,South,,0,,Flat,,,,,,Bright sun,881200,1,0,0,2,,,0,,,,,,Waikato Region,Nil,2-way,Sealed,,0,0,,50,,Null,0,0,,16,Hamilton City,Give way,,,,,0,0,Urban,1,,,Fine,Null
1611387,5426080,31465,,581726,0,,0,1,,North,2005/2006,SH 60,BLACKBYRE ROAD,,Minor Crash,Yes,2006,,East,,0,,Hill Road,,,,,,Overcast,2357201,1,0,0,2,,,0,,,,,,Tasman Region,Nil,2-way,Sealed,,0,0,,100,,Null,0,0,,51,Tasman District,Nil,,,,,0,0,Open,1,,,Fine,Null
1785939,5861020,31466,,527210,0,0,0,1,0,North,2005/2006,SH 1N,WHANGAMARINO ROAD,,Non-Injury Crash,Yes,2006,0,North,0,0,0,Hill Road,1,,0,,0,Dark,935700,0,0,0,3,0,0,0,0,0,,0,0,Waikato Region,Nil,2-way,Sealed,0,0,0,0,100,0,None,0,0,,13,Waikato District,Unknown,0,1,0,0,0,0,Open,0,0,0,Fine,Null
1765635,5917693,31467,,517001,0,,0,2,,Null,2005/2006,LINE ROAD,MERFIELD ST,,Non-Injury Crash,No,2006,,South,,0,,Hill Road,,,,,,Bright sun,474700,0,0,0,2,,,0,,,,,,Auckland Region,Nil,2-way,Sealed,,0,0,,50,,Null,0,0,,76,Auckland,Give way,,,,,0,0,Urban,0,,,Fine,Null
1780030,5743310,31468,,531720,0,,0,0,,North,2006/2007,SH 3,TIKITIKI ROAD,,Minor Crash,Yes,2006,,South,,0,,Flat,,,,,,Overcast,1017800,3,0,0,2,,,0,,,,,,Waikato Region,Nil,2-way,Sealed,,0,0,,100,,None,0,0,,20,Waitomo District,Nil,,,,,0,0,Open,1,,,Fine,Null
1644935,5443354,31469,,581812,0,0,0,0,1,East,2005/2006,SH 6,COLLINS NO 1 BR,,Minor Crash,Yes,2006,0,East,0,0,0,Flat,0,,0,,0,Bright sun,2360800,1,0,0,2,0,0,0,0,0,,0,0,Nelson Region,Nil,2-way,Sealed,0,0,0,0,100,0,Null,0,0,,52,Nelson City,Nil,0,0,0,0,0,0,Open,1,0,0,Fine,Null
1760685,5907053,31470,,524112,0,,0,2,,South,2005/2006,ASHGROVE ROAD,BADER DRIVE,,Non-Injury Crash,No,2006,,South,,0,,Flat,,,,,,Bright sun,742102,0,0,0,2,,,0,,,,,,Auckland Region,Nil,2-way,Sealed,,0,0,,50,,Off,0,0,,76,Auckland,Nil,,,,,0,0,Urban,0,,,Fine,Null
1769783,5913656,31471,,522722,0,,0,2,,South,2005/2006,AVIEMORE DRIVE,LEWISHAM ST,,Non-Injury Crash,No,2006,,South,,0,,Flat,,,,,,Bright sun,681327,0,0,0,2,,,0,,,,,,Auckland Region,Nil,2-way,Sealed,,0,0,,50,,Off,0,0,,76,Auckland,Give way,,,,,0,0,Urban,0,,,Fine,Null
1671204,6079351,31472,,501634,0,0,0,1,0,Null,2006/2007,WAIMATENUI ROAD,SH 12,,Minor Crash,Yes,2006,0,West,0,0,1,Flat,0,Christmas New Year,0,,0,Dark,38400,1,0,0,2,0,0,0,0,0,,0,0,Northland Region,Nil,2-way,Sealed,0,0,0,0,100,0,None,0,0,,1,Far North District,Nil,0,0,0,0,0,0,Open,0,0,0,Fine,Null
1565414,5181701,31473,,590000,0,0,0,1,0,Null,2005/2006,MAIDSTONE ROAD,WAIMAIRI ROAD,,Serious Crash,No,2006,0,East,0,0,0,Flat,0,,0,,0,Dark,2537600,0,0,0,2,0,0,0,0,0,,0,0,Canterbury Region,Nil,2-way,Sealed,0,0,1,0,50,0,On,0,0,,60,Christchurch City,Traffic Signals,0,0,0,1,0,0,Urban,0,0,0,Fine,Null