X,Y,OBJECTID,advisorySpeed,areaUnitID,bicycle,bridge,bus,carStationWagon,cliffBank,crashDirectionDescription,crashFinancialYear,crashLocation1,crashLocation2,crashRoadSideRoad,crashSeverity,crashSHDescription,crashYear,debris,directionRoleDescription,ditch,fatalCount,fence,flatHill,guardRail,holiday,houseOrBuilding,intersection,kerb,light,meshblockId,minorInjuryCount,moped,motorcycle,NumberOfLanes,objectThrownOrDropped,otherObject,otherVehicleType,overBank,parkedVehicle,pedestrian,phoneBoxEtc,postOrPole,region,roadCharacter,roadLane,roadSurface,roadworks,schoolBus,seriousInjuryCount,slipOrFlood,speedLimit,strayAnimal,streetLight,suv,taxi,temporarySpeedLimit,tlaId,tlaName,trafficControl,trafficIsland,trafficSign,train,tree,truck,unknownVehicleType,urban,vanOrUtility,vehicle,waterRiver,weatherA,weatherB
1769657,5914700,31474,,522723,0,0,0,1,0,South,2006/2007,Z CPK BURGER KING,PAKURANGA ROAD,,Non-Injury Crash,No,2006,0,East,0,0,0,Flat,0,,0,,0,Dark,681304,0,0,0,0,0,0,0,0,1,,0,0,Auckland Region,Nil,Off road,Sealed,0,0,0,0,50,0,On,0,0,,76,Auckland,Nil,0,0,0,0,1,0,Urban,0,0,0,Fine,Null
1769370,5902265,31475,,524901,0,,0,2,,North,2006/2007,SH 1N,MANUREWA ON NBD,,Non-Injury Crash,Yes,2006,,North,,0,,Flat,,,,,,Overcast,755600,0,0,0,3,,,0,,,,,,Auckland Region,Nil,1-way,Sealed,,0,0,,100,,Off,0,0,,76,Auckland,Nil,,,,,0,0,Open,0,,,Heavy rain,Null
1747264,5919728,31476,,512300,0,,0,0,,Null,2005/2006,TE ATATU ON EBD WEST,TE ATATU ROAD,,Minor Crash,No,2006,,North,,0,,Hill Road,,,,,,Bright sun,251700,1,0,0,1,,,0,,,,,,Auckland Region,Motorway ramp,1-way,Sealed,,0,0,,50,,Off,1,0,,76,Auckland,Nil,,,,,0,0,Urban,0,,,Fine,Null
1760403,5907038,31477,,524112,0,,1,1,,Null,2005/2006,BADER DRIVE,MASCOT AVENUE,,Non-Injury Crash,No,2006,,West,,0,,Flat,,,,,,Bright sun,742101,0,0,0,2,,,0,,,,,,Auckland Region,Nil,2-way,Sealed,,0,0,,50,,Off,0,0,,76,Auckland,Give way,,,,,0,0,Urban,0,,,Fine,Null
1756280,5913182,31478,,518701,0,,0,1,,Null,2006/2007,HAYR ROAD,CARR ROAD,,Non-Injury Crash,No,2006,,West,,0,,Hill Road,,,,,,Overcast,569000,0,0,0,2,,,0,,,,,,Auckland Region,Nil,2-way,Sealed,,0,0,,50,,Off,0,0,,76,Auckland,Give way,,,,,1,0,Urban,0,,,Light rain,Null
1714023,6044014,31479,,502003,0,,0,2,,Null,2005/2006,SH 14,TE HAPE ROAD,,Non-Injury Crash,Yes,2006,,East,,0,,Flat,,,,,,Overcast,70300,0,0,0,2,,,0,,,,,,Northland Region,Nil,2-way,Sealed,,0,0,,70,,None,0,0,,2,Whangarei District,Stop,,,,,0,0,Urban,0,,,Light rain,Null
1800646,5816570,31480,,529900,0,0,0,1,0,West,2006/2007,BOUNDARY ROAD,CASEY AVENUE,,Non-Injury Crash,No,2006,0,West,0,0,0,Flat,0,,0,,0,Dark,863900,0,0,0,3,0,0,0,0,0,,0,1,Waikato Region,Nil,2-way,Sealed,0,0,0,0,50,0,On,0,0,,16,Hamilton City,Nil,0,0,0,0,0,0,Urban,0,0,0,Fine,Null
1245655,4849190,31481,,611500,0,,0,1,,Null,2006/2007,TWEED ST,ALEXANDER AVENUE,,Minor Crash,No,2006,,South,,0,,Flat,,,,,,Dark,3139300,1,0,0,2,,,0,,,1,,,Southland Region,Nil,2-way,Sealed,,0,0,,50,,On,0,0,,75,Invercargill City,Give way,,,,,0,0,Urban,0,,,Fine,Null
1756360,5926434,31482,,509702,0,,0,2,,North,2005/2006,AKORANGA DRIVE,COLLEGE ROAD,,Non-Injury Crash,No,2006,,North,,0,,Flat,,,,,,Overcast,364500,0,0,0,2,,,0,,,,,,Auckland Region,Nil,2-way,Sealed,,0,0,,50,,Off,0,0,,76,Auckland,Nil,,,,,0,0,Urban,0,,,Light rain,Null
1751578,5433843,31483,,574100,0,,0,2,,Null,2006/2007,SH 1N,NEWLANDS ON NBD,,Non-Injury Crash,Yes,2006,,North,,0,,Flat,,,,,,Overcast,2084600,0,0,0,3,,,0,,,,,,Wellington Region,Nil,1-way,Sealed,,0,0,,80,,Null,0,0,,47,Wellington City,Nil,,,,,0,0,Open,0,,,Heavy rain,Null
1620923,5430077,31484,,583000,0,,0,0,,Null,2005/2006,SH 6,BISLEY WALK,,Minor Crash,Yes,2006,,South,,0,,Flat,,,,,,Overcast,2333100,2,0,0,2,,,0,,,,,,Nelson Region,Nil,2-way,Sealed,,0,0,,50,,Null,0,0,,52,Nelson City,Give way,,,,,2,0,Urban,1,,,Fine,Null
1803804,5814073,31485,,530700,0,,0,3,,West,2005/2006,CAMBRIDGE ROAD,HILLCREST ROAD,,Minor Crash,No,2006,,East,,0,,Hill Road,,,,,,Bright sun,887300,1,0,0,4,,,0,,,,,,Waikato Region,Nil,2-way,Sealed,,0,0,,50,,Null,0,0,,16,Hamilton City,Unknown,,,,,0,0,Urban,0,,,Fine,Null
1763420,5911054,31486,,520500,0,0,0,2,0,South,2005/2006,GREAT SOUTH ROAD,MOUNT RICHMOND DRIVE,,Minor Crash,No,2006,0,South,0,0,1,Flat,0,Easter,0,,0,Bright sun,637900,2,0,0,4,0,0,0,0,0,,0,0,Auckland Region,Nil,2-way,Sealed,0,0,0,0,50,0,Off,0,0,,76,Auckland,Nil,0,0,0,1,0,0,Urban,0,0,0,Fine,Null
1751584,5916638,31487,,514900,0,,0,3,,North,2006/2007,GREAT NORTH ROAD,FAIRLANDS AVENUE,,Minor Crash,No,2006,,South,,0,,Hill Road,,,,,,Dark,384705,1,0,0,4,,,0,,,,,,Auckland Region,Nil,2-way,Sealed,,0,0,,50,,On,0,0,,76,Auckland,Unknown,,,,,0,0,Urban,0,,,Fine,Null
1755779,5917997,31488,,517500,0,,0,2,,Null,2005/2006,NEW NORTH ROAD,STORMONT PLACE,,Minor Crash,No,2006,,West,,0,,Flat,,,,,,Overcast,529700,1,0,0,4,,,0,,,,,,Auckland Region,Nil,2-way,Sealed,,0,0,,50,,Off,0,0,,76,Auckland,Give way,,,,,0,0,Urban,0,,,Fine,Null
1755664,5935133,31489,,507101,0,,0,2,,Null,2006/2007,BEACH ROAD,ANZAC ROAD,,Non-Injury Crash,No,2006,,West,,0,,Flat,,,,,,Bright sun,161600,0,0,0,2,,,0,,,,,,Auckland Region,Nil,2-way,Sealed,,0,0,,50,,Off,0,0,,76,Auckland,Traffic Signals,,,,,0,0,Urban,0,,,Fine,Null
1759903,5866909,31490,,526701,0,0,0,1,0,West,2005/2006,TUAKAU BRIDGE-PORT WAIKAT,KOHANGA ROAD,,Non-Injury Crash,No,2006,0,West,0,0,1,Flat,0,,0,,0,Dark,845800,0,0,0,2,0,0,0,0,0,,0,0,Waikato Region,Nil,2-way,Sealed,0,0,0,0,100,0,None,0,0,,13,Waikato District,Nil,0,0,0,0,0,0,Open,0,0,0,Fine,Null
1761514,5981825,31491,,506616,0,0,0,1,1,West,2006/2007,LEIGH ROAD,HAURAKI ROAD,,Non-Injury Crash,No,2006,0,East,0,0,0,Flat,0,Labour Weekend,0,,0,Dark,137704,0,0,0,2,0,0,0,0,0,,0,0,Auckland Region,Nil,2-way,Sealed,0,0,0,0,50,0,None,0,0,,76,Auckland,Nil,0,0,0,1,0,0,Urban,0,0,0,Fine,Null
1755678,5926510,31492,,509701,0,,0,1,,South,2005/2006,OCEAN VIEW ROAD,LAKE ROAD,,Non-Injury Crash,No,2006,,North,,0,,Flat,,,,,,Overcast,363502,0,0,1,2,,,0,,,,,,Auckland Region,Nil,2-way,Sealed,,0,0,,50,,Null,0,0,,76,Auckland,Unknown,,,,,0,0,Urban,0,,,Light rain,Null
1764570,5905946,31493,,524303,0,,0,2,,North,2005/2006,STATION ROAD,HILLCREST ROAD,,Non-Injury Crash,No,2006,,South,,0,,Flat,,,,,,Bright sun,657500,0,0,0,2,,,0,,,,,,Auckland Region,Nil,2-way,Sealed,,0,0,,50,,Off,0,0,,76,Auckland,Nil,,,,,1,0,Urban,0,,,Fine,Null
1863562,5544381,31494,,550102,0,,0,1,,East,2005/2006,SH 2,STATION ST,,Non-Injury Crash,Yes,2006,,East,,0,,Flat,,,,,,Bright sun,1528700,0,0,0,2,,,0,,,,,,Manawatū-Whanganui Region,Nil,2-way,Sealed,,0,0,,50,,Null,0,0,,41,Tararua District,Nil,,,,,1,0,Urban,0,,,Fine,Null
1795014,5833968,31495,,527123,0,0,0,1,0,West,2005/2006,SH 1B,KERIE ROAD,,Non-Injury Crash,Yes,2006,0,West,0,0,0,Flat,0,,0,,0,Dark,951001,0,0,0,2,0,0,0,0,0,,1,1,Waikato Region,Nil,2-way,Sealed,0,0,0,0,100,0,None,0,0,,13,Waikato District,Unknown,0,0,0,0,0,0,Open,0,0,0,Light rain,Null
1763114,5431246,31496,,565100,0,0,0,2,0,South,2006/2007,WELLINGTON ROAD,DEVON ST,,Minor Crash,No,2006,0,South,0,0,0,Flat,0,,0,,0,Dark,2012000,1,0,0,2,0,0,0,0,1,,0,0,Wellington Region,Nil,2-way,Sealed,0,0,0,0,50,0,On,1,0,,46,Lower Hutt City,Nil,0,0,0,1,0,0,Urban,0,0,0,Light rain,Null
1873848,5819003,31497,,536514,1,,0,1,,Null,2006/2007,SH 29,TAKITIMU DRIVE,,Minor Crash,Yes,2006,,East,,0,,Flat,,,,,,Bright sun,1190903,1,0,0,2,,,0,,,,,,Bay of Plenty Region,Nil,2-way,Sealed,,0,0,,80,,None,0,0,,23,Tauranga City,Give way,,,,,0,0,Open,0,,,Fine,Null
1242489,4848861,31498,,611300,0,0,0,2,0,Null,2005/2006,SH 1S,TEVIOT ST,,Serious Crash,Yes,2006,0,West,0,0,0,Flat,0,,0,,0,Overcast,3105100,1,0,0,4,0,0,0,0,0,,0,0,Southland Region,Nil,2-way,Sealed,0,0,1,0,50,0,Null,0,0,,75,Invercargill City,Give way,0,1,0,0,0,0,Urban,0,0,0,Fine,Null
1795759,5693794,31499,,532902,0,0,0,1,0,East,2005/2006,Z CPK NEW WORLD,SH 4/SHORT,,Non-Injury Crash,No,2006,0,North,0,0,0,Flat,0,Christmas New Year,0,,0,Bright sun,1036700,0,0,0,0,0,0,0,0,1,,0,0,Manawatū-Whanganui Region,Nil,Off road,Sealed,0,0,0,0,50,0,Null,0,0,,36,Ruapehu District,Nil,0,0,0,0,0,0,Urban,1,0,0,Fine,Null
1407046,4913949,31500,,605600,0,,0,3,,Null,2005/2006,ROYAL CRESCENT,RAVELSTON ST,,Serious Crash,No,2006,,North,,0,,Flat,,,,,,Bright sun,2951801,0,0,0,2,,,0,,,,,,Otago Region,Nil,2-way,Sealed,,0,2,,50,,Null,0,0,,71,Dunedin City,Stop,,,,,0,0,Urban,0,,,Fine,Null
1411536,4919005,31501,,604710,0,0,0,0,1,North,2006/2007,SH 88,BURKES DRIVE,,Serious Crash,Yes,2006,0,South,0,0,0,Flat,0,Labour Weekend,0,,0,Twilight,2880703,0,0,1,2,0,0,0,0,0,,0,0,Otago Region,Nil,2-way,Sealed,0,0,1,0,80,0,None,0,0,,71,Dunedin City,Unknown,0,0,0,0,0,0,Open,0,0,0,Fine,Strong wind
1751118,5914017,31502,,514402,0,,0,2,,North,2005/2006,ST GEORGES ROAD,WOLVERTON ST,,Non-Injury Crash,No,2006,,South,,0,,Flat,,,,,,Dark,381700,0,0,0,2,,,0,,,,,,Auckland Region,Nil,2-way,Sealed,,0,0,,50,,On,0,0,,76,Auckland,Nil,,,,,0,0,Urban,0,,,Heavy rain,Null
1803394,5798362,31503,,527935,0,0,1,1,0,South,2005/2006,SH 3,SOWERBY ROAD,,Non-Injury Crash,Yes,2006,0,North,0,0,0,Flat,0,,0,,0,Overcast,986100,0,0,0,3,0,0,0,0,0,,0,0,Waikato Region,Nil,2-way,Sealed,0,1,0,0,100,0,Null,0,0,,17,Waipa District,Nil,0,0,0,0,0,0,Open,0,1,0,Mist or Fog,Null
1748604,5425991,31504,,573300,0,0,0,2,0,East,2005/2006,FINLAY TERRACE,WALLACE ST,,Non-Injury Crash,No,2006,0,East,0,0,0,Flat,0,,0,,0,Bright sun,2146800,0,0,0,2,0,0,0,0,1,,0,0,Wellington Region,Nil,2-way,Sealed,0,0,0,0,50,0,Null,0,0,,47,Wellington City,Nil,0,0,0,0,0,0,Urban,0,0,0,Fine,Null
1780770,5926102,31505,,520801,0,0,0,1,0,Null,2005/2006,MIAMI AVENUE,OCEAN ROAD,,Non-Injury Crash,No,2006,0,East,0,0,0,Hill Road,0,,0,,0,Dark,516603,0,0,0,2,0,0,0,0,1,,0,0,Auckland Region,Nil,2-way,Sealed,0,0,0,0,50,0,On,0,0,,76,Auckland,Nil,0,0,0,0,0,0,Urban,1,0,0,Fine,Null
1869857,5712845,31506,,541740,0,0,0,2,0,Null,2005/2006,CROWN ROAD,MIRO ST,,Minor Crash,No,2006,0,East,0,0,0,Flat,0,,0,,0,Overcast,1268210,1,0,0,2,0,0,0,0,0,,0,1,Waikato Region,Nil,2-way,Sealed,0,0,0,0,50,0,Null,0,0,,21,Taupo District,Give way,0,1,0,0,0,0,Urban,0,0,0,Fine,Null
1748451,5918870,31507,,514801,0,,0,1,,Null,2005/2006,SH 16,PATIKI ON WBD,,Serious Crash,Yes,2006,,West,,0,,Flat,,,,,,Twilight,389300,0,0,1,3,,,0,,,,,,Auckland Region,Nil,1-way,Sealed,,0,1,,100,,Off,0,0,,76,Auckland,Nil,,,,,0,0,Open,0,,,Fine,Null
1755503,5918631,31508,,515500,0,0,0,2,0,South,2006/2007,BOND ST,GREAT NORTH ROAD,,Non-Injury Crash,No,2006,0,South,0,0,0,Flat,0,,0,,0,Dark,419200,0,0,0,2,0,0,0,0,1,,0,0,Auckland Region,Nil,2-way,Sealed,0,0,0,0,50,0,On,0,0,,76,Auckland,Nil,0,0,0,0,0,0,Urban,0,0,0,Fine,Null
1571891,5177440,31509,,594400,0,,0,1,,Null,2006/2007,ST MARTINS ROAD,WILSONS ROAD,,Minor Crash,No,2006,,North,,0,,Flat,,,,,,Bright sun,2625000,1,0,0,2,,,0,,,,,,Canterbury Region,Nil,2-way,Sealed,,0,0,,50,,Null,0,0,,60,Christchurch City,Give way,,,,,0,0,Urban,1,,,Fine,Null
1774656,5894854,31510,,525510,0,,0,1,,Null,2005/2006,HUNUA ROAD,BOUNDARY ROAD,,Minor Crash,No,2006,,West,,0,,Flat,,,,,,Bright sun,801500,1,0,0,2,,,0,,,,,,Auckland Region,Nil,2-way,Sealed,,0,0,,70,,Null,0,0,,76,Auckland,Give way,,,,,1,0,Urban,0,,,Fine,Null
1836230,5860057,31511,,534300,0,,0,2,,North,2006/2007,SH 2,STATION ROAD,,Minor Crash,Yes,2006,,North,,0,,Flat,,Labour Weekend,,,,Overcast,1071700,1,0,0,2,,,0,,,,,,Waikato Region,Nil,2-way,Sealed,,0,0,,50,,Off,0,0,,12,Hauraki District,Nil,,,,,0,0,Urban,0,,,Fine,Null
1746475,5910805,31512,,512000,0,,0,1,,South,2006/2007,SCENIC DRIVE,KOHU ROAD,,Minor Crash,No,2006,,North,,0,,Flat,,Labour Weekend,,,,Bright sun,296800,1,0,1,2,,,0,,,,,,Auckland Region,Nil,2-way,Sealed,,0,0,,50,,Off,0,0,,76,Auckland,Nil,,,,,0,0,Urban,0,,,Fine,Null
1404883,4914579,31513,,604210,0,0,0,2,0,West,2006/2007,SOUTH ROAD,EASTBOURNE ST,,Minor Crash,No,2006,0,West,0,0,0,Flat,0,,0,,0,Bright sun,2913500,1,0,0,2,0,0,0,0,0,,0,0,Otago Region,Nil,2-way,Sealed,0,0,0,0,50,0,Null,0,0,,71,Dunedin City,Unknown,0,0,0,0,0,0,Urban,0,1,0,Fine,Null
1404436,4918187,31514,,603910,0,0,0,1,0,North,2006/2007,GILMORE ST,TAIERI ROAD,,Minor Crash,No,2006,0,South,0,0,0,Hill Road,0,,0,,0,Bright sun,2884900,1,0,0,2,0,0,0,0,0,,0,1,Otago Region,Nil,2-way,Sealed,0,0,0,0,50,0,Null,0,0,,71,Dunedin City,Unknown,0,0,0,0,0,0,Urban,0,0,0,Fine,Null
1755646,5928742,31515,,508320,0,,0,1,,South,2006/2007,SH 1N,TRISTRAM OBR,,Non-Injury Crash,Yes,2006,,North,,0,,Flat,,,,,,Bright sun,198500,0,0,0,3,,,0,,,,,,Auckland Region,Nil,1-way,Sealed,,0,0,,100,,Off,1,0,,76,Auckland,Nil,,,,,0,0,Open,0,,,Fine,Null
1760243,5916848,31516,,516102,0,,0,1,,West,2006/2007,REMUERA ROAD,VICTORIA AVENUE,,Non-Injury Crash,No,2006,,East,,0,,Flat,,,,,,Bright sun,485200,0,0,0,2,,,0,,,,,,Auckland Region,Nil,2-way,Sealed,,0,0,,50,,Off,0,0,,76,Auckland,Traffic Signals,,,,,1,0,Urban,0,,,Fine,Null
1698856,5674665,31517,,551014,0,0,0,0,0,South,2006/2007,EGMONT ROAD,HENWOOD ROAD S,,Fatal Crash,No,2006,0,West,0,1,1,Hill Road,0,,0,,0,Overcast,1560201,0,0,1,2,0,0,0,0,0,,0,0,Taranaki Region,Nil,2-way,Sealed,0,0,0,0,100,0,Null,0,0,,33,New Plymouth District,Nil,0,0,0,0,0,0,Open,0,0,0,Fine,Null
1755265,5925064,31518,,509800,0,,0,2,,Null,2005/2006,WOODSIDE AVENUE,GLADSTONE ROAD,,Non-Injury Crash,No,2006,,North,,0,,Hill Road,,,,,,Bright sun,361600,0,0,0,2,,,0,,,,,,Auckland Region,Nil,2-way,Sealed,,0,0,,50,,Off,0,0,,76,Auckland,Nil,,,,,0,0,Urban,0,,,Fine,Null
1570636,5180641,31519,,591500,0,,0,2,,Null,2005/2006,COLOMBO ST,KILMORE ST,,Minor Crash,No,2006,,West,,0,,Flat,,Christmas New Year,,,,Dark,2653500,2,0,0,2,,,0,,,,,,Canterbury Region,Nil,2-way,Sealed,,0,0,,50,,On,0,0,,60,Christchurch City,Traffic Signals,,,,,0,0,Urban,0,,,Fine,Strong wind
1767802,5904043,31520,,524602,0,,0,3,,South,2005/2006,GREAT SOUTH ROAD,LAKEWOOD COURT,,Non-Injury Crash,No,2006,,North,,0,,Flat,,,,,,Overcast,780416,0,0,0,4,,,0,,,,,,Auckland Region,Nil,2-way,Sealed,,0,0,,50,,Off,0,0,,76,Auckland,Nil,,,,,0,0,Urban,1,,,Heavy rain,Null
1767437,5904926,31521,,524604,0,,0,1,,Null,2006/2007,TE IRIRANGI DRIVE,GREAT SOUTH ROAD,,Non-Injury Crash,No,2006,,West,,0,,Flat,,,,,,Dark,780302,0,0,0,4,,,0,,,,,,Auckland Region,Nil,2-way,Sealed,,0,0,,50,,On,1,0,,76,Auckland,Traffic Signals,,,,,0,0,Urban,0,,,Fine,Null
1957109,5788498,31522,,542514,0,0,0,1,0,South,2006/2007,WAINUI ROAD,KOWHAI ST,,Non-Injury Crash,No,2006,1,South,0,0,0,Flat,0,,0,,0,Overcast,1296500,0,0,0,2,0,0,0,0,0,,0,0,Bay of Plenty Region,Nil,2-way,Sealed,0,0,0,0,100,0,Null,0,0,,25,Whakatane District,Unknown,0,0,0,0,0,0,Open,0,0,0,Light rain,Null
1839224,5841463,31523,,534800,0,0,0,1,1,East,2006/2007,GEORGE ST,TERMINUS ST,,Non-Injury Crash,No,2006,0,East,0,0,1,Flat,0,,0,,0,Dark,1102700,0,0,0,2,0,0,0,0,0,,0,0,Waikato Region,Nil,2-way,Sealed,0,0,0,0,50,0,On,0,0,,15,Matamata-Piako District,Unknown,0,0,0,1,0,0,Urban,0,0,0,Fine,Null
1600203,5452776,31524,,581850,0,,0,0,,West,2005/2006,SCHOOL ROAD,LODDER LANE,,Minor Crash,No,2006,,West,,0,,Flat,,,,,,Bright sun,2369100,1,0,1,2,,,0,,,,,,Tasman Region,Nil,2-way,Sealed,,0,0,,50,,Null,0,0,,51,Tasman District,Nil,,,,,0,0,Urban,0,,,Fine,Null
1753471,5929662,31525,,508420,0,,0,2,,South,2006/2007,GLENFIELD ROAD,SUNSET ROAD,,Non-Injury Crash,No,2006,,South,,0,,Hill Road,,,,,,Dark,183201,0,0,0,3,,,0,,,,,,Auckland Region,Nil,2-way,Sealed,,0,0,,50,,On,0,0,,76,Auckland,Nil,,,,,0,0,Urban,0,,,Fine,Null
1758409,5917660,31526,,516001,0,,0,4,,North,2006/2007,SH 1N,ST MARKS OBR,,Non-Injury Crash,Yes,2006,,South,,0,,Flat,,Labour Weekend,,,,Overcast,490800,0,0,0,3,,,0,,,,,,Auckland Region,Nil,1-way,Sealed,,0,0,,100,,Off,0,0,,76,Auckland,Nil,,,,,0,0,Open,0,,,Fine,Null
1877860,5821732,31527,,538102,0,,0,2,,Null,2006/2007,EIGHTEENTH AVENUE,DEVONPORT ROAD,,Non-Injury Crash,No,2006,,North,,0,,Flat,,,,,,Bright sun,1170100,0,0,0,2,,,0,,,,,,Bay of Plenty Region,Nil,2-way,Sealed,,0,0,,50,,Null,0,0,,23,Tauranga City,Nil,,,,,0,0,Urban,0,,,Fine,Null
1623156,5429648,31528,,582800,1,,0,1,,Null,2006/2007,WAIMEA ROAD,HAMPDEN ST,,Minor Crash,No,2006,,North,,0,,Hill Road,,,,,,Bright sun,2322600,1,0,0,4,,,0,,,,,,Nelson Region,Nil,2-way,Sealed,,0,0,,50,,Null,0,0,,52,Nelson City,Give way,,,,,0,0,Urban,0,,,Fine,Null
1816698,5803598,31529,,527502,0,,0,2,,Null,2005/2006,SH 1N,BRYCE ST,,Non-Injury Crash,Yes,2006,,West,,0,,Flat,,,,,,Bright sun,964300,0,0,0,2,,,0,,,,,,Waikato Region,Nil,2-way,Sealed,,0,0,,50,,Null,1,0,,17,Waipa District,Stop,,,,,0,0,Urban,0,,,Fine,Null
1770352,5912438,31530,,523105,0,0,0,1,0,West,2005/2006,Z CPK BOTANY TC,BOTANY ROAD,,Non-Injury Crash,No,2006,0,West,0,0,0,Flat,0,,0,,0,Bright sun,711139,0,0,0,0,0,0,0,0,1,,0,0,Auckland Region,Nil,Off road,Sealed,0,0,0,0,30,0,Off,0,0,,76,Auckland,Nil,0,0,0,0,0,0,Urban,1,0,0,Fine,Null
1842236,5601977,31531,,559220,0,,0,2,,South,2006/2007,SH 1N,RAUMA ROAD,,Minor Crash,Yes,2006,,North,,0,,Flat,,,,,,Overcast,1746200,1,0,0,2,,,0,,,,,,Manawatū-Whanganui Region,Nil,2-way,Sealed,,0,0,,100,,Null,0,0,,38,Rangitikei District,Nil,,,,,0,0,Open,0,,,Light rain,Null
1791489,5833431,31532,,526601,0,,0,1,,South,2006/2007,HAKARIMATA ROAD,PARKER ROAD,,Serious Crash,No,2006,,North,,0,,Flat,,,,,,Dark,853900,0,0,0,2,,,0,,,,,,Waikato Region,Nil,2-way,Sealed,,0,1,,100,,None,1,0,,13,Waikato District,Nil,,,,,0,0,Open,0,,,Mist or Fog,Null
1759817,5916158,31533,,516002,0,,0,2,,North,2005/2006,SH 1N,GREENLANE OFF SBD,,Non-Injury Crash,Yes,2006,,South,,0,,Flat,,,,,,Overcast,492000,0,0,0,2,,,0,,,,,,Auckland Region,Nil,1-way,Sealed,,0,0,,100,,Off,0,0,,76,Auckland,Nil,,,,,0,0,Open,0,,,Fine,Null
1978429,5672151,31534,,545301,0,0,0,1,0,North,2005/2006,SH 2,AWAMATE ROAD,,Minor Crash,Yes,2006,0,East,1,0,0,Flat,0,,0,,0,Dark,1391701,1,0,0,2,0,0,0,0,0,,0,0,Hawke's Bay Region,Nil,2-way,Sealed,0,0,0,0,100,0,None,0,0,,29,Wairoa District,Nil,0,0,0,0,0,0,Open,0,0,0,Fine,Null
1765694,5733133,31535,,531710,0,0,0,0,0,South,2005/2006,SH 3,PAEKAKA ROAD,,Minor Crash,Yes,2006,0,North,0,0,1,Hill Road,0,,0,,0,Overcast,1016102,1,0,0,2,0,0,0,1,0,,0,0,Waikato Region,Nil,2-way,Sealed,0,0,0,0,100,0,Null,1,0,,20,Waitomo District,Unknown,0,0,0,0,0,0,Open,0,0,0,Heavy rain,Null
1881197,5774170,31536,,539310,0,,0,1,,East,2006/2007,HOMEDALE ST,GEM ST,,Non-Injury Crash,No,2006,,East,,0,,Flat,,,,,,Bright sun,1230707,0,0,1,2,,,0,,,,,,Bay of Plenty Region,Nil,2-way,Sealed,,0,0,,50,,Off,0,0,,24,Rotorua District,Nil,,,,,0,0,Urban,0,,,Fine,Null
1767645,5902210,31537,,525001,0,0,0,1,0,East,2006/2007,BROWNS ROAD,STURDEE ROAD,,Minor Crash,No,2006,0,West,0,0,0,Flat,0,,0,,0,Overcast,750200,1,0,0,2,0,0,0,0,0,,0,1,Auckland Region,Nil,2-way,Sealed,0,0,0,0,50,0,Off,0,0,,76,Auckland,Nil,0,0,0,0,0,0,Urban,0,0,0,Light rain,Null
1800892,5812031,31538,,529200,0,,0,2,,Null,2005/2006,SH 3,URLICH AVENUE,,Minor Crash,Yes,2006,,South,,0,,Flat,,,,,,Bright sun,928200,2,0,0,4,,,0,,,,,,Waikato Region,Nil,2-way,Sealed,,0,0,,60,,Null,0,0,,16,Hamilton City,Give way,,,,,0,0,Urban,0,,,Fine,Null
1755926,5916977,31539,,518201,0,0,0,1,0,Null,2005/2006,KING EDWARD ST,DOMINION ROAD,,Non-Injury Crash,No,2006,0,North,0,0,0,Flat,0,,0,,0,Dark,548200,0,0,0,2,0,0,0,0,0,,0,1,Auckland Region,Nil,2-way,Sealed,0,0,0,0,50,0,On,0,0,,76,Auckland,Stop,0,1,0,0,0,0,Urban,0,0,0,Light rain,Null
1770656,5443553,31540,,564520,0,,0,2,,Null,2005/2006,MESSINES AVENUE,SOMME ROAD,,Non-Injury Crash,No,2006,,North,,0,,Flat,,,,,,Dark,1899301,0,0,0,2,,,0,,,,,,Wellington Region,Nil,2-way,Sealed,,0,0,,50,,On,0,0,,45,Upper Hutt City,Give way,,,,,0,0,Urban,0,,,Fine,Null
1876761,5825422,31541,,537202,0,0,0,1,0,Null,2005/2006,FAIRMONT TERRACE,RIDGE ST,,Non-Injury Crash,No,2006,0,South,0,0,1,Hill Road,0,Easter,0,,0,Dark,1157901,0,0,0,2,0,0,0,0,0,,0,0,Bay of Plenty Region,Nil,2-way,Sealed,0,0,0,0,50,0,On,0,0,,23,Tauranga City,Nil,0,0,0,0,0,0,Urban,0,0,0,Fine,Null
1826012,5885931,31542,,533502,0,0,0,1,0,East,2005/2006,GREY ST,SH 25,,Non-Injury Crash,No,2006,0,North,0,0,0,Flat,0,,0,,0,Dark,1055500,0,0,0,2,0,0,0,0,1,,0,0,Waikato Region,Nil,2-way,Sealed,0,0,0,0,50,0,On,1,0,,11,Thames-Coromandel District,Unknown,0,0,0,0,0,0,Urban,0,0,0,Fine,Null
1751372,5917483,31543,,514900,0,,0,2,,Null,2005/2006,OAKLEY AVENUE,SAXON ST,,Non-Injury Crash,No,2006,,East,,0,,Flat,,,,,,Overcast,385900,0,0,0,2,,,0,,,,,,Auckland Region,Nil,2-way,Sealed,,0,0,,50,,Off,0,0,,76,Auckland,Stop,,,,,0,0,Urban,0,,,Light rain,Null
1798992,5815191,31544,,528900,0,,0,2,,East,2005/2006,MASSEY HALL OVERBRIDGE,SH 1N,,Non-Injury Crash,No,2006,,East,,0,,Hill Road,,,,,,Overcast,915700,0,0,0,2,,,0,,,,,,Waikato Region,Bridge,2-way,Sealed,,0,0,,50,,Null,0,0,,16,Hamilton City,Unknown,,,,,0,0,Urban,0,,,Fine,Null