X,Y,OBJECTID,advisorySpeed,areaUnitID,bicycle,bridge,bus,carStationWagon,cliffBank,crashDirectionDescription,crashFinancialYear,crashLocation1,crashLocation2,crashRoadSideRoad,crashSeverity,crashSHDescription,crashYear,debris,directionRoleDescription,ditch,fatalCount,fence,flatHill,guardRail,holiday,houseOrBuilding,intersection,kerb,light,meshblockId,minorInjuryCount,moped,motorcycle,NumberOfLanes,objectThrownOrDropped,otherObject,otherVehicleType,overBank,parkedVehicle,pedestrian,phoneBoxEtc,postOrPole,region,roadCharacter,roadLane,roadSurface,roadworks,schoolBus,seriousInjuryCount,slipOrFlood,speedLimit,strayAnimal,streetLight,suv,taxi,temporarySpeedLimit,tlaId,tlaName,trafficControl,trafficIsland,trafficSign,train,tree,truck,unknownVehicleType,urban,vanOrUtility,vehicle,waterRiver,weatherA,weatherB
1756825,5915901,31545,,518301,0,,0,2,,Null,2006/2007,BALMORAL ROAD,MOUNT EDEN ROAD,,Non-Injury Crash,No,2006,,East,,0,,Flat,,,,,,Dark,557000,0,0,0,4,,,0,,,,,,Auckland Region,Nil,2-way,Sealed,,0,0,,50,,On,0,0,,76,Auckland,Traffic Signals,,,,,0,0,Urban,0,,,Fine,Null
1764115,5910256,31546,,521901,0,0,0,1,0,West,2005/2006,ALBION ROAD,ATKINSON AVENUE,,Non-Injury Crash,No,2006,0,East,0,0,0,Flat,0,,0,,0,Dark,782000,0,0,0,1,0,0,0,0,1,,0,0,Auckland Region,Nil,2-way,Sealed,0,0,0,0,50,0,On,0,0,,76,Auckland,Give way,0,0,0,0,0,0,Urban,1,0,0,Fine,Null
1535722,5212479,31547,,586801,0,0,0,0,0,North,2006/2007,LEES VALLEY ROAD,ASHLEY GORGE ROAD,,Minor Crash,No,2006,0,North,0,0,0,Flat,0,,0,,0,Overcast,2459800,1,0,0,1,0,0,0,1,0,,0,0,Canterbury Region,Nil,2-way,Unsealed,0,0,0,0,100,0,Null,0,0,,59,Waimakariri District,Nil,0,0,0,0,0,0,Open,1,0,0,Fine,Null
1758655,5917484,31548,,516001,0,,0,1,,North,2006/2007,SH 1N,ST MARKS ON SBD,,Non-Injury Crash,Yes,2006,,South,,0,,Flat,,,,,,Bright sun,491000,0,0,0,3,,,0,,,,,,Auckland Region,Nil,1-way,Sealed,,0,0,,100,,Off,1,0,,76,Auckland,Nil,,,,,0,0,Open,0,,,Fine,Null
1758064,5446919,31549,,572100,0,,0,1,,Null,2005/2006,Z FCT BP WHITBY,OMAPERE / POSTGATE,,Non-Injury Crash,No,2006,,South,,0,,Flat,,,,,,Bright sun,2070405,0,0,0,1,,,0,,,,,,Wellington Region,Nil,Off road,Sealed,,0,0,,50,,Null,1,0,,44,Porirua City,Nil,,,,,0,0,Urban,0,,,Fine,Null
1575023,5177637,31550,20,594100,0,,0,0,,Null,2005/2006,SH 74 TUNNEL,SH 74 DYERS,,Minor Crash,Yes,2006,,North,,0,,Flat,,,,,,Bright sun,2588700,1,0,0,1,,,0,,,,,,Canterbury Region,Nil,1-way,Sealed,,0,0,,50,,Null,0,0,,60,Christchurch City,Give way,,,,,1,0,Urban,0,,,Fine,Null
1801187,5813095,31551,,530400,0,,0,1,,Null,2005/2006,SH 1N,DOWDING ST,,Minor Crash,Yes,2006,,East,,0,,Flat,,,,,,Overcast,922201,1,0,0,2,,,0,,,,,,Waikato Region,Nil,2-way,Sealed,,0,0,,60,,Null,1,0,,16,Hamilton City,Give way,,,,,0,0,Urban,0,,,Fine,Null
1772757,5895599,31552,,525540,0,0,0,1,0,Null,2006/2007,CLARK ROAD,GREAT SOUTH ROAD,,Non-Injury Crash,No,2006,0,South,0,0,0,Flat,0,,0,,0,Dark,806001,0,0,0,2,0,0,0,0,0,,0,1,Auckland Region,Nil,2-way,Sealed,0,0,0,0,50,0,On,0,0,,76,Auckland,Stop,0,0,0,0,0,0,Urban,0,0,0,Fine,Null
1769054,5881103,31553,,525910,1,,0,0,,West,2005/2006,ROULSTON LANE,ROULSTON ST,,Minor Crash,No,2006,,West,,0,,Flat,,,,,,Bright sun,818900,1,0,0,2,,,0,,,,,,Auckland Region,Nil,2-way,Sealed,,0,0,,50,,Null,1,0,,76,Auckland,Unknown,,,,,0,0,Urban,0,,,Fine,Null
1769327,5907459,31554,,523712,0,0,0,2,0,Null,2005/2006,TE IRIRANGI DRIVE,ORMISTON ROAD,,Minor Crash,No,2006,0,South,0,0,0,Flat,0,,0,,0,Dark,712803,1,0,0,4,0,0,0,0,0,,0,0,Auckland Region,Nil,2-way,Sealed,0,0,0,0,80,0,On,0,1,,76,Auckland,Traffic Signals,1,0,0,0,0,0,Open,0,0,0,Fine,Null
1755926,5916977,31555,,518201,0,,0,2,,Null,2006/2007,KING EDWARD ST,DOMINION ROAD,,Non-Injury Crash,No,2006,,East,,0,,Flat,,,,,,Bright sun,548200,0,0,0,2,,,0,,,,,,Auckland Region,Nil,2-way,Sealed,,0,0,,50,,Off,0,0,,76,Auckland,Nil,,,,,0,0,Urban,0,,,Fine,Null
1748820,5427305,31556,,573101,0,,0,1,,West,2006/2007,DIXON ST,EVA ST,,Minor Crash,No,2006,,West,,0,,Flat,,,,,,Dark,2133300,1,0,0,2,,,0,,,1,,,Wellington Region,Nil,1-way,Sealed,,0,0,,50,,On,0,0,,47,Wellington City,Nil,,,,,0,0,Urban,0,,,Fine,Null
1762297,5882880,31557,,521121,0,,0,2,,North,2005/2006,WOODHOUSE ROAD,PATUMAHOE ROAD,,Non-Injury Crash,No,2006,,West,,0,,Flat,,,,,,Bright sun,811300,0,0,0,2,,,0,,,,,,Auckland Region,Nil,2-way,Sealed,,0,0,,50,,None,0,0,,76,Auckland,Nil,,,,,0,0,Urban,0,,,Fine,Null
1878987,5823691,31558,,538201,0,,0,3,,South,2005/2006,CAMERON ROAD,ARUNDEL ST,,Minor Crash,No,2006,,South,,0,,Flat,,,,,,Bright sun,1165700,2,0,0,4,,,0,,,,,,Bay of Plenty Region,Nil,2-way,Sealed,,0,0,,50,,Null,0,0,,23,Tauranga City,Unknown,,,,,0,0,Urban,0,,,Fine,Null
1741478,5989064,31559,,506660,0,0,0,1,1,South,2005/2006,WAITEITEI ROAD,SILVER HILL ROAD,,Non-Injury Crash,No,2006,0,North,0,0,0,Hill Road,0,,0,,0,Bright sun,136101,0,0,0,1,0,0,0,0,0,,0,0,Auckland Region,Nil,2-way,Unsealed,0,0,0,0,100,0,None,0,0,,76,Auckland,Nil,0,0,0,0,0,0,Open,0,0,0,Fine,Null
1832026,5835189,31560,,534602,0,,0,1,,Null,2006/2007,SH 26,FARMER ROAD,,Non-Injury Crash,Yes,2006,,West,,0,,Flat,,,,,,Dark,1096600,0,0,0,2,,,0,,,,,,Waikato Region,Nil,2-way,Sealed,,0,0,,70,,On,1,0,,15,Matamata-Piako District,Give way,,,,,0,0,Urban,0,,,Fine,Null
1756481,5919019,31561,,514200,0,,0,1,,East,2006/2007,SH 16,NEWTON OBR,,Non-Injury Crash,Yes,2006,,West,,0,,Flat,,,,,,Bright sun,412800,0,0,0,3,,,0,,,,,,Auckland Region,Nil,1-way,Sealed,,0,0,,100,,Off,0,0,80,76,Auckland,Nil,,,,,1,0,Open,0,,,Fine,Null
1754951,5931839,31562,,508805,0,,0,2,,North,2006/2007,APOLLO DRIVE,CONSTELLATION DRIVE,,Non-Injury Crash,No,2006,,North,,0,,Flat,,,,,,Overcast,180813,0,0,0,2,,,0,,,,,,Auckland Region,Nil,2-way,Sealed,,0,0,,50,,Off,0,0,,76,Auckland,Nil,,,,,0,0,Urban,0,,,Fine,Null
1802498,5814993,31563,,530200,0,,0,2,,Null,2005/2006,CLYDE ST,PEACHGROVE ROAD,,Non-Injury Crash,No,2006,,East,,0,,Flat,,,,,,Overcast,893300,0,0,0,2,,,0,,,,,,Waikato Region,Nil,2-way,Sealed,,0,0,,50,,Null,0,0,,16,Hamilton City,Traffic Signals,,,,,0,0,Urban,0,,,Fine,Null
1762579,5919951,31564,,516400,0,0,0,2,0,Null,2006/2007,KUPE ST,NGA OHO,,Non-Injury Crash,No,2006,0,North,0,0,0,Flat,0,,0,,0,Bright sun,497900,0,0,0,2,0,0,0,0,1,,0,0,Auckland Region,Nil,2-way,Sealed,0,0,0,0,50,0,Off,0,0,,76,Auckland,Nil,0,0,0,0,0,0,Urban,0,0,0,Fine,Null
1948779,5791875,31565,,542511,0,,0,2,,West,2006/2007,SH 30,KEEPA ROAD,,Non-Injury Crash,Yes,2006,,East,,0,,Flat,,,,,,Bright sun,1297902,0,0,0,2,,,0,,,,,,Bay of Plenty Region,Nil,2-way,Sealed,,0,0,,80,,Off,0,0,,25,Whakatane District,Nil,,,,,0,0,Open,0,,,Fine,Null
1759036,5912051,31566,,519820,0,0,0,2,0,North,2005/2006,ONEHUNGA MALL,PEARCE ST,,Non-Injury Crash,No,2006,0,South,0,0,0,Flat,0,,0,,0,Overcast,601901,0,0,0,2,0,0,0,0,1,,0,0,Auckland Region,Nil,2-way,Sealed,0,0,0,0,50,0,Null,0,0,,76,Auckland,Nil,0,0,0,0,0,0,Urban,0,0,0,Fine,Null
1349319,4900838,31567,,607502,0,,0,1,,North,2006/2007,SH 8,FORD ROAD,,Minor Crash,Yes,2006,,North,,0,,Flat,,,,,,Overcast,3009100,1,0,0,2,,,0,,,,,,Otago Region,Nil,2-way,Sealed,,0,0,,100,,Null,0,0,,72,Clutha District,Unknown,,,,,0,0,Open,0,,,Fine,Null
1763813,5913698,31568,,520303,0,,0,2,,Null,2005/2006,MOUNT WELLINGTON HIGHWAY,PENROSE ROAD,,Non-Injury Crash,No,2006,,North,,0,,Flat,,,,,,Bright sun,627300,0,0,0,4,,,0,,,,,,Auckland Region,Nil,2-way,Sealed,,0,0,,50,,Off,0,0,,76,Auckland,Give way,,,,,0,0,Urban,0,,,Fine,Null
1243625,4847931,31569,,611602,1,,0,1,,Null,2005/2006,MARTIN ST,ELLES ROAD,,Minor Crash,No,2006,,West,,0,,Flat,,,,,,Twilight,3148000,2,0,0,2,,,0,,,,,,Southland Region,Nil,2-way,Sealed,,0,0,,50,,On,0,0,,75,Invercargill City,Traffic Signals,,,,,0,0,Urban,0,,,Light rain,Null
1794582,5814757,31570,,527913,0,0,0,1,0,East,2005/2006,SH 23,HOWDEN ROAD,,Non-Injury Crash,Yes,2006,0,East,1,0,0,Flat,0,Queens Birthday,0,,0,Bright sun,978118,0,0,0,2,0,0,0,0,0,,0,0,Waikato Region,Nil,2-way,Sealed,0,0,0,0,100,0,Null,0,0,,13,Waikato District,Unknown,0,0,0,0,0,0,Open,0,0,0,Fine,Null
1755277,5932021,31571,,508805,0,,0,2,,Null,2006/2007,EAST COAST ROAD,CONSTELLATION DRIVE,,Non-Injury Crash,No,2006,,North,,0,,Hill Road,,,,,,Overcast,151104,0,0,0,4,,,0,,,,,,Auckland Region,Nil,2-way,Sealed,,0,0,,50,,Off,0,0,,76,Auckland,Traffic Signals,,,,,0,0,Urban,0,,,Fine,Null
1767430,5904936,31572,,524603,0,,0,2,,Null,2005/2006,CAVENDISH DRIVE,GREAT SOUTH ROAD,,Non-Injury Crash,No,2006,,East,,0,,Flat,,,,,,Bright sun,780304,0,0,0,2,,,0,,,,,,Auckland Region,Nil,2-way,Sealed,,0,0,,50,,Off,0,0,,76,Auckland,Traffic Signals,,,,,0,0,Urban,0,,,Fine,Null
1765106,5910054,31573,,521803,0,,0,1,,Null,2006/2007,SH 1N,OTAHUHU ON SBD,,Non-Injury Crash,Yes,2006,,South,,0,,Hill Road,,,,,,Bright sun,788300,0,0,0,3,,,0,,,,,,Auckland Region,Motorway ramp,1-way,Sealed,,0,0,,80,,Off,0,0,,76,Auckland,Nil,,,,,1,0,Open,0,,,Fine,Null
1876091,5822876,31574,,537302,0,,0,2,,Null,2006/2007,CAMBRIDGE ROAD,CAMBRIDGE OFF WBD,,Non-Injury Crash,No,2006,,South,,0,,Flat,,,,,,Dark,1161512,0,0,0,2,,,0,,,,,,Bay of Plenty Region,Motorway ramp,2-way,Sealed,,0,0,,50,,On,0,0,,23,Tauranga City,Stop,,,,,0,0,Urban,0,,,Fine,Null
1230958,4933153,31575,,610020,0,0,0,1,0,East,2006/2007,SH 97,GALLAGHER ROAD,,Minor Crash,Yes,2006,0,West,1,0,0,Flat,0,,0,,0,Overcast,3041600,3,0,0,2,0,0,0,0,0,,0,0,Southland Region,Nil,2-way,Sealed,0,0,0,0,100,0,Null,0,0,,73,Southland District,Unknown,0,0,0,0,0,0,Open,0,0,0,Fine,Strong wind
1564011,5179195,31576,,587701,0,,0,1,,Null,2006/2007,BLENHEIM ROAD,ALLOY ST,,Minor Crash,No,2006,,West,,0,,Flat,,,,,,Bright sun,2479800,1,0,0,4,,,0,,,,,,Canterbury Region,Nil,2-way,Sealed,,0,0,,60,,Null,1,0,,60,Christchurch City,Give way,,,,,0,0,Urban,0,,,Fine,Null
1305077,5017082,31577,,608302,0,0,0,1,0,South,2005/2006,SH 6,MT PISA STATION,,Minor Crash,Yes,2006,0,North,1,0,1,Flat,0,,0,,0,Bright sun,3031100,1,0,0,2,0,0,0,0,0,,0,0,Otago Region,Nil,2-way,Sealed,0,0,0,0,100,0,Null,0,0,,69,Central Otago District,Unknown,0,0,0,1,0,0,Open,0,0,0,Fine,Null
1762949,5912909,31578,,520500,0,,0,2,,North,2006/2007,SH 1N,MT WGTN ON NBD,,Non-Injury Crash,Yes,2006,,North,,0,,Flat,,,,,,Bright sun,637300,0,0,0,3,,,0,,,,,,Auckland Region,Nil,1-way,Sealed,,0,0,,100,,Off,0,0,,76,Auckland,Nil,,,,,0,0,Open,0,,,Fine,Null
1752227,5933814,31579,,508701,0,,0,2,,Null,2005/2006,DON MCKINNON DRIVE,COLISEUM DRIVE,,Minor Crash,No,2006,,North,,0,,Flat,,,,,,Bright sun,178900,1,0,0,2,,,0,,,,,,Auckland Region,Nil,2-way,Sealed,,0,0,,50,,Off,0,0,,76,Auckland,Give way,,,,,0,0,Urban,0,,,Fine,Null
1760864,5915319,31580,,520201,0,,0,2,,North,2005/2006,SH 1N,MAIN OBR,,Non-Injury Crash,Yes,2006,,North,,0,,Flat,,,,,,Dark,613000,0,0,0,3,,,0,,,,,,Auckland Region,Nil,2-way,Sealed,,0,0,,100,,On,0,0,,76,Auckland,Nil,,,,,0,0,Open,0,,,Fine,Null
1764562,5909270,31581,,521802,0,,0,1,,North,2005/2006,CHURCH ST,PUKEORA ROAD,,Non-Injury Crash,No,2006,,South,,0,,Flat,,,,,,Overcast,789101,0,0,0,2,,,0,,,,,,Auckland Region,Nil,2-way,Sealed,,0,0,,50,,Off,0,0,,76,Auckland,Nil,,,,,0,0,Urban,1,,,Heavy rain,Null
1722520,6046035,31582,,502004,0,,0,0,,South,2005/2006,OLD PARUA BAY ROAD,ABBEY CAVES ROAD,,Non-Injury Crash,No,2006,,South,,0,,Hill Road,,,,,,Dark,72704,0,0,0,2,,,0,,,,,,Northland Region,Nil,2-way,Sealed,,0,0,,100,,None,1,0,,2,Whangarei District,Nil,,,,,0,0,Open,0,,,Light rain,Null
1519344,5317456,31583,,584701,0,0,0,1,0,West,2006/2007,SH 7,HESLOPS CRK BR,,Minor Crash,Yes,2006,0,East,0,0,0,Flat,0,,0,,0,Overcast,2398000,1,0,0,2,0,0,0,1,0,,0,0,West Coast Region,Nil,2-way,Sealed,0,0,0,0,100,0,Null,0,0,,55,Buller District,Unknown,0,0,0,0,0,0,Open,0,0,0,Fine,Null
1788875,5764105,31584,,531731,0,,0,1,,West,2005/2006,SH 37,SH 3,,Serious Crash,Yes,2006,,East,,0,,Hill Road,,,,,,Overcast,1020002,0,0,0,2,,,0,,,,,,Waikato Region,Nil,2-way,Sealed,,0,2,,100,,Null,0,0,,20,Waitomo District,Unknown,,,,,0,0,Open,1,,,Fine,Null
1751565,5915247,31585,,514401,0,,0,2,,Null,2006/2007,NEW NORTH ROAD,BLOCKHOUSE BAY ROAD,,Non-Injury Crash,No,2006,,West,,0,,Hill Road,,,,,,Dark,382600,0,0,0,5,,,0,,,,,,Auckland Region,Nil,2-way,Sealed,,0,0,,50,,On,0,0,,76,Auckland,Traffic Signals,,,,,0,0,Urban,0,,,Fine,Null
1867165,5713246,31586,,541720,0,,0,2,,Null,2006/2007,TUWHARETOA ST,RUAPEHU ST,,Non-Injury Crash,No,2006,,North,,0,,Flat,,,,,,Overcast,1273900,0,0,0,2,,,0,,,,,,Waikato Region,Nil,2-way,Sealed,,0,0,,50,,Null,0,0,,21,Taupo District,Stop,,,,,0,0,Urban,0,,,Fine,Null
1868512,5711446,31587,,541740,0,0,0,2,0,North,2005/2006,LAKE TERRACE,NAPIER ROAD,,Non-Injury Crash,No,2006,0,South,0,0,0,Flat,0,,0,,0,Dark,1267500,0,0,0,2,0,0,0,0,1,,0,0,Waikato Region,Nil,2-way,Sealed,0,0,0,0,100,0,On,0,0,,21,Taupo District,Nil,0,0,0,0,0,0,Open,0,0,0,Fine,Null
1770890,5898401,31588,,523912,0,,0,2,,South,2006/2007,GREAT SOUTH ROAD,GRAHAM ROAD,,Minor Crash,No,2006,,South,,0,,Hill Road,,,,,,Overcast,767600,2,0,0,2,,,0,,,,,,Auckland Region,Nil,2-way,Sealed,,0,0,,50,,None,0,0,,76,Auckland,Nil,,,,,0,0,Urban,0,,,Light rain,Null
1836267,5533976,31589,,561902,0,0,0,1,1,East,2006/2007,SH 3,SH 57,,Minor Crash,Yes,2006,0,West,0,0,0,Flat,0,,0,,0,Dark,1799200,1,0,0,2,0,0,0,0,0,,0,0,Manawatū-Whanganui Region,Nil,2-way,Sealed,0,0,0,0,100,0,None,0,0,,40,Palmerston North City,Nil,0,0,0,0,0,0,Open,0,0,0,Fine,Null
1805687,5817379,31590,55,527125,0,,0,1,,North,2006/2007,HOLLAND ROAD,RUAKURA ROAD,,Non-Injury Crash,No,2006,,South,,0,,Flat,,,,,,Overcast,954904,0,0,0,2,,,0,,,,,,Waikato Region,Nil,2-way,Sealed,,0,0,,100,,None,0,0,,13,Waikato District,Nil,,,,,0,0,Open,0,,,Light rain,Null
1365447,4888570,31591,,606800,0,,0,2,,North,2006/2007,SH 1S,CROSS ST,,Minor Crash,Yes,2006,,South,,0,,Flat,,,,,,Overcast,2990400,3,0,0,2,,,0,,,,,,Otago Region,Nil,2-way,Sealed,,0,0,,50,,Null,0,0,,72,Clutha District,Unknown,,,,,0,0,Urban,0,,,Fine,Null
1884599,5774149,31592,,540410,0,,0,1,,North,2006/2007,RANOLF ST,HAUPAPA ST,,Non-Injury Crash,No,2006,,North,,0,,Flat,,,,,,Overcast,1233200,0,0,0,2,,,0,,,,,,Bay of Plenty Region,Nil,2-way,Sealed,,0,0,,50,,Null,0,0,,24,Rotorua District,Unknown,,,,,0,0,Urban,1,,,Light rain,Null
1797280,5861054,31593,,527210,0,,0,2,,Null,2005/2006,WAERENGA ROAD,MARTIN ROAD,,Non-Injury Crash,No,2006,,East,,0,,Hill Road,,,,,,Overcast,937800,0,0,0,2,,,0,,,,,,Waikato Region,Nil,2-way,Sealed,,0,0,,100,,None,0,0,,13,Waikato District,Nil,,,,,0,0,Open,0,,,Fine,Null
1800248,5811901,31594,,529200,0,,0,1,,Null,2005/2006,COLLINS ROAD,DEANWELL AVENUE,,Non-Injury Crash,No,2006,,West,,0,,Flat,,,,,,Overcast,927901,0,0,0,2,,,0,,,,,,Waikato Region,Nil,2-way,Sealed,,0,0,,50,,Null,0,0,,16,Hamilton City,Give way,,,,,0,0,Urban,1,,,Fine,Null
1394520,4915725,31595,,606210,0,0,0,3,0,South,2006/2007,SH 87,INGLIS ST,,Minor Crash,Yes,2006,0,South,0,0,0,Flat,0,,0,,0,Overcast,2968800,2,0,0,2,0,0,0,0,1,,0,0,Otago Region,Nil,2-way,Sealed,0,0,0,0,50,0,Null,0,0,,71,Dunedin City,Unknown,0,0,0,0,0,0,Urban,0,0,0,Fine,Null
1873696,5710342,31596,,541313,0,0,0,0,0,West,2005/2006,SH 5,CAROLINE DRIVE,,Non-Injury Crash,Yes,2006,0,East,0,0,0,Flat,0,,0,,0,Overcast,1280009,0,0,0,2,0,0,0,1,0,,0,0,Waikato Region,Nil,2-way,Sealed,0,0,0,0,100,0,Null,1,0,,21,Taupo District,Unknown,0,0,0,1,0,0,Open,0,0,0,Fine,Null
1241868,4849872,31597,,611300,0,,0,1,,Null,2005/2006,SPEY ST,BOND ST,,Minor Crash,No,2006,,North,,0,,Flat,,,,,,Overcast,3104400,1,0,0,2,,,0,,,,,,Southland Region,Nil,2-way,Sealed,,0,0,,50,,Null,0,0,,75,Invercargill City,Give way,,,,,0,0,Urban,1,,,Heavy rain,Null
1822545,5530029,31598,,562402,0,,0,1,,West,2005/2006,BROADWAY AVENUE,VIVIAN ST,,Minor Crash,No,2006,,South,,0,,Flat,,,,,,Overcast,1836200,1,0,0,2,,,0,,,1,,,Manawatū-Whanganui Region,Nil,2-way,Sealed,,0,0,,50,,Null,0,0,,40,Palmerston North City,Nil,,,,,0,0,Urban,0,,,Fine,Null
1748066,5912242,31599,,511901,0,0,0,0,0,North,2006/2007,TITIRANGI ROAD,WEST LYNN ROAD,,Non-Injury Crash,No,2006,0,South,0,0,0,Flat,0,,0,,0,Dark,292600,0,0,0,2,0,0,0,0,0,,0,1,Auckland Region,Nil,2-way,Sealed,0,0,0,0,50,0,On,0,0,,76,Auckland,Give way,0,0,0,0,1,0,Urban,0,0,0,Light rain,Null
1884895,5774731,31600,,540300,0,0,0,2,0,Null,2005/2006,RANGIURU ST,LAKE ROAD,,Non-Injury Crash,No,2006,0,South,0,0,0,Flat,0,,0,,0,Overcast,1231700,0,0,0,2,0,0,0,0,0,,0,0,Bay of Plenty Region,Nil,2-way,Sealed,0,0,0,0,50,0,Null,0,0,,24,Rotorua District,Give way,1,1,0,0,0,0,Urban,0,0,0,Fine,Null
1792725,5835403,31601,,527111,0,,0,1,,North,2005/2006,SH 1N GREAT SOUTH,GORDONTON ROAD,,Minor Crash,Yes,2006,,South,,0,,Flat,,Queens Birthday,,,,Twilight,941002,3,0,0,2,,,0,,,,,,Waikato Region,Bridge,2-way,Sealed,,0,0,,70,,On,0,0,,13,Waikato District,Nil,,,,,0,0,Urban,1,,,Fine,Null
1773857,5445339,31602,,567100,0,,0,1,,West,2006/2007,GEANGE ST,MAIN ST,,Minor Crash,No,2006,,South,,0,,Flat,,,,,,Bright sun,1906300,1,0,0,1,,,0,,,1,,,Wellington Region,Nil,1-way,Sealed,,0,0,,50,,Null,0,0,,45,Upper Hutt City,Nil,,,,,0,0,Urban,0,,,Fine,Null
1884544,5773158,31603,,540520,0,,0,1,,Null,2005/2006,MALFROY ROAD,RANOLF ST,,Non-Injury Crash,No,2006,,East,,0,,Flat,,,,,,Overcast,1239300,0,0,0,2,,,0,,,,,,Bay of Plenty Region,Nil,2-way,Sealed,,0,0,,50,,Null,1,0,,24,Rotorua District,Give way,,,,,0,0,Urban,0,,,Light rain,Null
1755360,5919564,31604,,515420,0,0,0,2,0,West,2006/2007,RICHMOND ROAD,LEIGHTON ST,,Non-Injury Crash,No,2006,0,East,0,0,0,Flat,0,,0,,0,Dark,408800,0,0,0,4,0,0,0,0,1,,0,0,Auckland Region,Nil,2-way,Sealed,0,0,0,0,50,0,On,0,0,,76,Auckland,Nil,0,0,0,0,0,0,Urban,0,0,0,Fine,Null
1843698,5743451,31605,,541320,0,,0,0,,West,2006/2007,SH 32,SH 30,,Minor Crash,Yes,2006,,North,,0,,Flat,,,,,,Dark,1292900,1,0,0,2,,,0,,,,,,Waikato Region,Nil,2-way,Sealed,,0,0,,100,,None,0,0,,21,Taupo District,Nil,,,,,1,0,Open,0,,,Mist or Fog,Frost
1753241,5932994,31606,,508807,0,,0,2,,South,2006/2007,TAWA DRIVE,ALBANY EXPRESSWAY,,Non-Injury Crash,No,2006,,North,,0,,Flat,,,,,,Bright sun,180811,0,0,0,2,,,0,,,,,,Auckland Region,Nil,2-way,Sealed,,0,0,,50,,Off,0,0,,76,Auckland,Nil,,,,,0,0,Urban,0,,,Fine,Null
1758935,5913204,31607,,519820,0,,0,2,,Null,2005/2006,ONEHUNGA MALL,MOUNT SMART ROAD,,Serious Crash,No,2006,,South,,0,,Flat,,,,,,Dark,599100,0,0,0,4,,,0,,,,,,Auckland Region,Nil,2-way,Sealed,,0,1,,50,,On,0,0,,76,Auckland,Traffic Signals,,,,,0,0,Urban,0,,,Fine,Null
1407257,4923878,31608,,601603,0,,0,1,,South,2006/2007,SH 1S,WAITATI VALLEY ROAD,,Serious Crash,Yes,2006,,North,,0,,Flat,,,,,,Bright sun,2863400,0,0,0,3,,,0,,,,,,Otago Region,Nil,2-way,Sealed,,0,2,,100,,Null,0,0,,71,Dunedin City,Unknown,,,,,1,0,Open,0,,,Fine,Null
1867091,5785753,31609,,535232,0,0,0,1,1,South,2005/2006,SH 5,WAIOHOTU ROAD,,Minor Crash,Yes,2006,0,South,0,0,0,Flat,0,,0,,0,Overcast,1127702,1,0,0,2,0,0,0,0,0,,0,0,Waikato Region,Nil,2-way,Sealed,0,0,0,0,100,0,Null,0,0,,19,South Waikato District,Unknown,0,0,0,0,0,0,Open,0,0,0,Fine,Null
1260778,5005126,31610,,609302,0,0,0,2,1,North,2006/2007,SH 6A,ANDREWS ROAD,,Minor Crash,Yes,2006,0,North,0,0,0,Flat,1,,0,,1,Overcast,3038223,1,0,0,2,0,0,0,0,0,,0,0,Otago Region,Nil,2-way,Sealed,0,0,0,0,80,0,Null,0,0,,70,Queenstown-Lakes District,Unknown,0,0,0,0,0,0,Open,0,0,0,Heavy rain,Null
1717247,6038236,31611,50,502005,0,0,0,0,0,South,2006/2007,SH 1N,PORTLAND ROAD,,Non-Injury Crash,Yes,2006,0,North,0,0,0,Flat,0,,0,,0,Dark,74601,0,0,0,2,0,0,0,0,0,,0,0,Northland Region,Nil,2-way,Sealed,0,0,0,0,100,0,None,1,0,,2,Whangarei District,Nil,0,0,0,0,0,0,Open,0,0,0,Fine,Null
1825338,5799534,31612,,535241,0,0,0,1,0,West,2006/2007,SH 1N,GORTON ROAD,,Minor Crash,Yes,2006,0,East,1,0,0,Flat,0,,0,,0,Dark,1123000,1,0,0,4,0,0,0,0,0,,0,0,Waikato Region,Nil,2-way,Sealed,0,0,0,0,100,0,None,0,0,,17,Waipa District,Nil,0,1,0,1,0,0,Open,0,0,0,Fine,Null
1799372,5814531,31613,,528900,0,0,0,1,0,Null,2005/2006,ELLIS ST,KILLARNEY ROAD,,Non-Injury Crash,No,2006,0,East,0,0,0,Flat,0,,0,,0,Overcast,916200,0,0,0,2,0,0,0,0,2,,0,0,Waikato Region,Nil,2-way,Sealed,0,0,0,0,50,0,Null,2,0,,16,Hamilton City,Give way,0,0,0,0,0,0,Urban,1,0,0,Light rain,Null
1755838,5918083,31614,,517500,0,,0,2,,South,2005/2006,NEW NORTH ROAD,NEW BOND ST,,Non-Injury Crash,No,2006,,West,,0,,Flat,,,,,,Bright sun,529700,0,0,0,4,,,0,,,,,,Auckland Region,Nil,2-way,Sealed,,0,0,,50,,Off,0,0,,76,Auckland,Nil,,,,,0,0,Urban,0,,,Fine,Null
1316263,4983156,31615,,608500,0,,0,2,,Null,2006/2007,SH 8,CLUTHA ST,,Minor Crash,Yes,2006,,South,,0,,Flat,,,,,,Bright sun,3025100,1,0,0,2,,,0,,,,,,Otago Region,Nil,2-way,Sealed,,0,0,,50,,Null,0,0,,69,Central Otago District,Give way,,,,,0,0,Urban,0,,,Fine,Null