X,Y,OBJECTID,advisorySpeed,areaUnitID,bicycle,bridge,bus,carStationWagon,cliffBank,crashDirectionDescription,crashFinancialYear,crashLocation1,crashLocation2,crashRoadSideRoad,crashSeverity,crashSHDescription,crashYear,debris,directionRoleDescription,ditch,fatalCount,fence,flatHill,guardRail,holiday,houseOrBuilding,intersection,kerb,light,meshblockId,minorInjuryCount,moped,motorcycle,NumberOfLanes,objectThrownOrDropped,otherObject,otherVehicleType,overBank,parkedVehicle,pedestrian,phoneBoxEtc,postOrPole,region,roadCharacter,roadLane,roadSurface,roadworks,schoolBus,seriousInjuryCount,slipOrFlood,speedLimit,strayAnimal,streetLight,suv,taxi,temporarySpeedLimit,tlaId,tlaName,trafficControl,trafficIsland,trafficSign,train,tree,truck,unknownVehicleType,urban,vanOrUtility,vehicle,waterRiver,weatherA,weatherB
1770019,5915353,31616,,522711,0,0,0,1,0,North,2006/2007,BUCKLANDS BEACH ROAD,CHERRY ROAD,,Non-Injury Crash,No,2006,0,South,0,0,0,Flat,0,,0,,0,Overcast,680801,0,0,0,2,0,0,0,0,1,,0,0,Auckland Region,Nil,2-way,Sealed,0,0,0,0,50,0,Off,0,0,,76,Auckland,Nil,0,0,0,0,1,0,Urban,0,0,0,Fine,Null
1243807,4930643,31617,,610020,0,0,0,1,1,South,2005/2006,SH 6,ELLIS ROAD,,Minor Crash,Yes,2006,0,South,1,0,0,Flat,0,,0,,0,Bright sun,3041800,1,0,0,2,0,0,0,0,0,,0,0,Southland Region,Nil,2-way,Sealed,0,0,0,0,100,0,Null,0,0,,73,Southland District,Unknown,0,0,0,0,0,0,Open,0,0,0,Fine,Null
1757438,5920163,31618,,514103,0,0,0,2,0,North,2005/2006,KITCHENER ST,WELLESLEY ST EAST,,Non-Injury Crash,No,2006,0,South,0,0,0,Hill Road,0,,0,,0,Bright sun,437102,0,0,0,2,0,0,0,0,1,,0,0,Auckland Region,Nil,2-way,Sealed,0,0,0,0,50,0,Off,0,0,,76,Auckland,Give way,0,0,0,0,0,0,Urban,0,0,0,Fine,Null
1759225,5912207,31619,,519820,0,,0,2,,Null,2006/2007,CHURCH ST,GALWAY ST,,Non-Injury Crash,No,2006,,East,,0,,Flat,,,,,,Overcast,602000,0,0,0,2,,,0,,,,,,Auckland Region,Nil,2-way,Sealed,,0,0,,50,,Off,0,0,,76,Auckland,Traffic Signals,,,,,0,0,Urban,0,,,Light rain,Null
1459589,5087208,31620,,598700,0,0,0,1,0,Null,2005/2006,SH 1S,SH 8,,Serious Crash,Yes,2006,0,South,0,0,0,Flat,0,,0,,0,Dark,2773900,0,0,0,2,0,0,0,0,0,,0,1,Canterbury Region,Nil,2-way,Sealed,0,0,1,0,70,0,On,0,0,,64,Timaru District,Stop,0,1,0,0,0,0,Urban,0,0,0,Fine,Null
1762243,5913544,31621,,520500,0,,0,2,,South,2006/2007,SH 1N,PENROSE OBR,,Non-Injury Crash,Yes,2006,,North,,0,,Flat,,,,,,Bright sun,637100,0,0,0,3,,,0,,,,,,Auckland Region,Nil,1-way,Sealed,,0,0,,100,,Off,0,0,,76,Auckland,Nil,,,,,0,0,Open,0,,,Fine,Null
1757872,5920132,31622,,514103,0,,0,2,,North,2005/2006,SYMONDS ST,GRAFTON ROAD,,Non-Injury Crash,No,2006,,North,,0,,Hill Road,,,,,,Overcast,437300,0,0,0,4,,,0,,,,,,Auckland Region,Nil,2-way,Sealed,,0,0,,50,,Off,0,0,,76,Auckland,Nil,,,,,0,0,Urban,0,,,Fine,Null
1742313,5913220,31623,,513020,0,0,0,1,1,West,2005/2006,FOREST HILL ROAD,KELLYS ROAD,,Minor Crash,No,2006,0,East,0,0,0,Hill Road,0,,0,,0,Dark,281000,1,0,0,2,0,0,0,0,0,,0,0,Auckland Region,Nil,2-way,Sealed,0,0,0,0,100,0,None,0,0,,76,Auckland,Nil,0,0,0,0,0,0,Open,0,0,0,Fine,Null
1751969,5930662,31624,,509100,0,,0,2,,Null,2005/2006,ASHBY PLACE,CHESTER AVENUE,,Non-Injury Crash,No,2006,,North,,0,,Flat,,,,,,Bright sun,181003,0,0,0,2,,,0,,,,,,Auckland Region,Nil,2-way,Sealed,,0,0,,50,,Null,0,0,,76,Auckland,Give way,,,,,0,0,Urban,0,,,Fine,Null
1764507,5904467,31625,,522100,1,,0,1,,Null,2006/2007,PUHINUI ROAD,ROSCOMMON ROAD,,Minor Crash,No,2006,,West,,0,,Flat,,,,,,Bright sun,659200,1,0,0,2,,,0,,,,,,Auckland Region,Nil,2-way,Sealed,,0,0,,50,,Off,0,0,,76,Auckland,Give way,,,,,0,0,Urban,0,,,Fine,Null
1770024,5899250,31626,,523920,0,,0,2,,Null,2006/2007,GREAT SOUTH ROAD,TAKANINI OFF SBD N,,Non-Injury Crash,Yes,2006,,South,,0,,Flat,,,,,,Bright sun,768005,0,0,0,2,,,0,,,,,,Auckland Region,Nil,2-way,Sealed,,0,0,,50,,Off,0,0,,76,Auckland,Traffic Signals,,,,,0,0,Urban,0,,,Fine,Null
1801562,5815949,31627,,530100,0,,0,2,,Null,2005/2006,GREY ST,CLAUDELANDS ROAD,,Minor Crash,No,2006,,North,,0,,Flat,,,,,,Bright sun,895100,1,0,0,5,,,0,,,,,,Waikato Region,Nil,2-way,Sealed,,0,0,,50,,Null,0,0,,16,Hamilton City,Traffic Signals,,,,,0,0,Urban,0,,,Fine,Null
1761419,5914329,31628,,520202,0,,0,2,,Null,2005/2006,PENROSE INT,PENROSE OFF SBD,,Minor Crash,Yes,2006,,South,,0,,Hill Road,,,,,,Dark,612501,1,0,0,2,,,0,,,,,,Auckland Region,Motorway ramp,1-way,Sealed,,0,0,,50,,On,0,0,,76,Auckland,Give way,,,,,0,0,Urban,0,,,Fine,Null
1919951,5594361,31629,,545851,0,0,0,1,0,North,2006/2007,SH 2,HORONUI ROAD,,Serious Crash,Yes,2006,0,North,0,0,1,Hill Road,0,,0,,0,Dark,1463900,1,0,0,2,0,0,0,0,0,,0,0,Hawke's Bay Region,Nil,2-way,Sealed,0,0,4,0,100,0,None,0,0,,30,Hastings District,Nil,0,0,0,0,0,0,Open,0,0,0,Fine,Null
1685239,5671275,31630,,551030,0,0,0,1,0,South,2006/2007,SH 45,PLYMOUTH ROAD,,Serious Crash,Yes,2006,0,East,0,0,1,Hill Road,0,,0,,1,Dark,1555800,0,0,0,3,0,0,0,0,0,,0,0,Taranaki Region,Nil,2-way,Sealed,0,0,1,0,100,0,None,0,0,,33,New Plymouth District,Nil,0,0,0,0,0,0,Open,0,0,0,Fine,Strong wind
1737642,5920371,31631,,513702,0,0,0,2,0,East,2006/2007,WAITAKERE ROAD,TOWNSHIP ROAD,,Non-Injury Crash,No,2006,0,East,0,0,0,Flat,0,Christmas New Year,0,,0,Dark,237204,0,0,0,2,0,0,0,0,1,,0,0,Auckland Region,Nil,2-way,Sealed,0,0,0,0,80,0,None,0,0,,76,Auckland,Nil,0,0,0,0,0,0,Open,0,0,0,Fine,Null
1749585,5911519,31632,,512100,0,0,0,2,0,West,2005/2006,GODLEY ROAD,TAUPO ST,,Non-Injury Crash,No,2006,0,South,0,0,1,Flat,0,,1,,0,Bright sun,290300,0,0,0,2,0,0,0,0,0,,0,0,Auckland Region,Nil,2-way,Sealed,0,0,0,0,50,0,Off,0,0,,76,Auckland,Unknown,0,0,0,0,0,0,Urban,0,0,0,Fine,Null
1771579,5915539,31633,,521501,0,0,0,1,0,West,2006/2007,CASTLETON DRIVE,MONTRESSOR PLACE,,Minor Crash,No,2006,0,East,0,0,0,Hill Road,0,,0,,0,Dark,651000,2,0,0,2,0,0,0,0,0,,0,0,Auckland Region,Nil,2-way,Sealed,0,0,0,0,50,0,On,0,0,,76,Auckland,Nil,0,0,0,1,0,0,Urban,0,0,0,Fine,Null
1761463,5431377,31634,,565000,0,0,0,1,0,North,2006/2007,WAINUIOMATA HILL ROAD,PURIRI ST,,Minor Crash,No,2006,0,South,0,0,0,Hill Road,1,,0,,0,Dark,2017002,1,0,0,4,0,0,0,0,0,,0,0,Wellington Region,Nil,2-way,Sealed,0,0,0,0,80,0,On,0,0,,46,Lower Hutt City,Nil,0,0,0,0,0,0,Open,0,0,0,Light rain,Null
1762647,5437346,31635,,568301,0,,0,1,,Null,2006/2007,DAYSH ST,PARK AVENUE,,Minor Crash,No,2006,,East,,0,,Flat,,Labour Weekend,,,,Overcast,1948400,1,0,0,2,,,0,,,,,,Wellington Region,Nil,2-way,Sealed,,0,0,,50,,Null,0,0,,46,Lower Hutt City,Nil,,,,,0,0,Urban,0,,,Light rain,Null
1742781,5916313,31636,,513020,0,0,0,0,0,East,2006/2007,STURGES ROAD,CANDIA ROAD,,Minor Crash,No,2006,0,East,1,0,1,Flat,0,Christmas New Year,0,,0,Overcast,280809,1,0,1,2,0,0,0,1,0,,0,0,Auckland Region,Nil,2-way,Sealed,0,0,0,0,50,0,Off,0,0,,76,Auckland,Nil,0,0,0,0,0,0,Urban,0,0,0,Light rain,Null
1758936,5904904,31637,,524200,0,0,0,1,0,South,2006/2007,SH 20A,MONTGOMERIE ROAD,,Non-Injury Crash,Yes,2006,0,South,0,0,0,Flat,0,,0,,0,Dark,727700,0,0,0,2,0,0,0,0,0,,0,1,Auckland Region,Nil,1-way,Sealed,0,0,0,0,100,0,On,0,0,,76,Auckland,Nil,0,0,0,0,0,0,Open,0,0,0,Light rain,Null
1719170,6047083,31638,,502800,0,0,0,0,0,East,2005/2006,MANSE ST,SH 1N,,Non-Injury Crash,No,2006,0,East,0,0,1,Hill Road,0,,0,,0,Overcast,95800,0,0,0,2,0,0,0,0,0,,0,0,Northland Region,Nil,2-way,Sealed,0,0,0,0,50,0,Off,1,0,,2,Whangarei District,Nil,0,0,0,0,0,0,Urban,0,0,0,Light rain,Null
1760440,5908920,31639,,524403,0,0,0,1,0,West,2005/2006,WALMSLEY ROAD,ROBERTSON ROAD,,Non-Injury Crash,No,2006,0,West,0,0,0,Flat,0,,0,,0,Twilight,729500,0,0,0,2,0,0,0,0,1,,0,0,Auckland Region,Nil,2-way,Sealed,0,0,0,0,50,0,Off,0,0,,76,Auckland,Nil,0,0,0,0,1,0,Urban,0,0,0,Fine,Null
1566797,5184839,31640,,588700,0,0,0,1,0,East,2006/2007,HAREWOOD ROAD,HIGHSTED ROAD,,Minor Crash,No,2006,0,West,0,0,0,Flat,0,,0,,0,Dark,2523400,1,0,0,2,0,0,0,0,2,,0,0,Canterbury Region,Nil,2-way,Sealed,0,0,0,0,50,0,On,1,0,,60,Christchurch City,Unknown,0,0,0,0,0,0,Urban,1,0,0,Fine,Frost
1754131,5920424,31641,,515301,0,,0,1,,South,2005/2006,WEST END ROAD,JERVOIS ROAD,,Minor Crash,No,2006,,East,,0,,Hill Road,,,,,,Dark,426200,1,0,0,2,,,0,,,1,,,Auckland Region,Nil,2-way,Sealed,,0,0,,50,,On,0,0,,76,Auckland,Nil,,,,,0,0,Urban,0,,,Heavy rain,Null
1850069,5772840,31642,,535261,0,0,0,1,0,North,2006/2007,SH 1N,PURIRI ROAD,,Non-Injury Crash,Yes,2006,0,North,0,0,1,Flat,0,,0,,0,Bright sun,1134203,0,0,0,3,0,0,0,0,0,,0,0,Waikato Region,Nil,2-way,Sealed,0,0,0,0,100,0,None,0,0,,19,South Waikato District,Nil,0,0,0,0,0,0,Open,0,0,0,Fine,Null
1570886,5179675,31643,,591500,0,,0,2,,Null,2005/2006,MANCHESTER ST,TUAM ST,,Minor Crash,No,2006,,North,,0,,Flat,,,,,,Overcast,2649200,1,0,0,2,,,0,,,,,,Canterbury Region,Nil,2-way,Sealed,,0,0,,50,,Null,0,0,,60,Christchurch City,Traffic Signals,,,,,0,0,Urban,0,,,Fine,Null
1800186,5815704,31644,,529700,0,,0,2,,Null,2005/2006,TRISTRAM ST,ROSTREVOR ST,,Non-Injury Crash,No,2006,,North,,0,,Flat,,,,,,Overcast,910200,0,0,0,2,,,0,,,,,,Waikato Region,Nil,2-way,Sealed,,0,0,,50,,Null,0,0,,16,Hamilton City,Give way,,,,,0,0,Urban,0,,,Light rain,Null
1406361,4916451,31645,,602900,0,,0,2,,Null,2005/2006,SH 1S,QUEENS GARDENS,,Minor Crash,Yes,2006,,South,,0,,Flat,,,,,,Overcast,2895300,3,0,0,4,,,0,,,,,,Otago Region,Nil,1-way,Sealed,,0,0,,50,,Null,0,0,,71,Dunedin City,Traffic Signals,,,,,0,0,Urban,0,,,Fine,Null
1569914,5180880,31646,,591600,0,,0,1,,Null,2006/2007,SALISBURY ST,PARK TERRACE,,Minor Crash,No,2006,,North,,0,,Flat,,,,,,Bright sun,2676800,1,0,0,2,,,0,,,1,,,Canterbury Region,Nil,1-way,Sealed,,0,0,,50,,Null,0,0,,60,Christchurch City,Give way,,,,,0,0,Urban,0,,,Fine,Null
1763494,5910651,31647,,520500,0,,0,2,,Null,2005/2006,GREAT SOUTH ROAD,PORTAGE ROAD,,Minor Crash,No,2006,,North,,0,,Flat,,Queens Birthday,,,,Bright sun,637801,1,0,0,4,,,0,,,,,,Auckland Region,Nil,2-way,Sealed,,0,0,,50,,Off,0,0,,76,Auckland,Traffic Signals,,,,,0,0,Urban,0,,,Fine,Null
1931621,5616363,31648,,547200,0,0,0,0,0,North,2005/2006,GUPPY ROAD,MEEANEE ROAD,,Serious Crash,No,2006,0,North,0,0,0,Flat,0,,0,,0,Overcast,1458802,0,0,1,2,0,0,0,0,1,,0,0,Hawke's Bay Region,Nil,2-way,Sealed,0,0,1,0,50,0,Null,0,0,,31,Napier City,Nil,0,0,0,0,0,0,Urban,1,0,0,Fine,Null
1822759,5462562,31649,,578901,0,,0,2,,Null,2006/2007,SH 2,WALTONS AVENUE,,Serious Crash,Yes,2006,,South,,0,,Flat,,,,,,Overcast,2235000,0,0,0,2,,,0,,,,,,Wellington Region,Nil,2-way,Sealed,,0,1,,100,,Null,0,0,,48,Masterton District,Stop,,,,,0,0,Open,0,,,Fine,Null
1755537,5918277,31650,,515500,0,,0,3,,West,2005/2006,SH 16,BOND OBR,,Minor Crash,Yes,2006,,North,,0,,Flat,,,,,,Overcast,419100,1,0,0,3,,,0,,,,,,Auckland Region,Nil,1-way,Sealed,,0,0,,100,,None,0,0,,76,Auckland,Nil,,,,,0,0,Open,0,,,Light rain,Null
1754946,5931847,31651,,508805,0,,0,2,,North,2005/2006,APOLLO DRIVE,CONSTELLATION DRIVE,,Non-Injury Crash,No,2006,,South,,0,,Flat,,,,,,Bright sun,180813,0,0,0,2,,,0,,,,,,Auckland Region,Nil,2-way,Sealed,,0,0,,50,,Off,0,0,,76,Auckland,Nil,,,,,0,0,Urban,0,,,Fine,Null
1822719,5527007,31652,,563300,0,0,0,1,0,East,2005/2006,TENNENT DRIVE,BYPASS ROAD,,Non-Injury Crash,No,2006,0,North,0,0,0,Flat,1,,0,,0,Bright sun,1813901,0,0,0,4,0,0,0,0,0,,0,0,Manawatū-Whanganui Region,Nil,2-way,Sealed,0,0,0,0,70,0,Null,0,0,,40,Palmerston North City,Nil,0,0,0,0,0,0,Urban,0,0,0,Fine,Null
1405397,4916011,31653,,602900,0,,0,2,,Null,2006/2007,STAFFORD ST,MAITLAND ST,,Minor Crash,No,2006,,East,,0,,Hill Road,,,,,,Bright sun,2896100,2,0,0,2,,,0,,,,,,Otago Region,Nil,2-way,Sealed,,0,0,,50,,Null,0,0,,71,Dunedin City,Stop,,,,,0,0,Urban,0,,,Fine,Null
1762425,5917117,31654,,516301,0,,0,0,,North,2005/2006,WAIATARUA ROAD,REMUERA ROAD,,Serious Crash,No,2006,,South,,0,,Hill Road,,,,,,Twilight,458800,0,0,1,2,,,0,,,,,,Auckland Region,Nil,2-way,Sealed,,0,1,,50,,On,0,0,,76,Auckland,Nil,,,,,0,0,Urban,0,,,Fine,Null
1878992,5820915,31655,,536508,0,,0,1,,Null,2005/2006,SH 2A,HAIRINI BR,,Non-Injury Crash,Yes,2006,,North,,0,,Flat,,,,,,Overcast,1174602,0,0,0,2,,,0,,,,,,Bay of Plenty Region,Bridge,2-way,Sealed,,0,0,,70,,Null,1,0,,23,Tauranga City,Unknown,,,,,0,0,Urban,0,,,Light rain,Null
1751527,5916405,31656,,514401,0,,0,2,,Null,2006/2007,GREAT NORTH ROAD,BLOCKHOUSE BAY ROAD,,Non-Injury Crash,No,2006,,West,,0,,Flat,,,,,,Dark,383600,0,0,0,4,,,0,,,,,,Auckland Region,Nil,2-way,Sealed,,0,0,,50,,On,0,0,,76,Auckland,Traffic Signals,,,,,0,0,Urban,0,,,Fine,Null
1763950,5912271,31657,,520500,0,,0,1,,Null,2006/2007,MOUNT WELLINGTON HIGHWAY,SYLVIA PARK ROAD,,Non-Injury Crash,No,2006,,North,,0,,Flat,,,,,,Bright sun,639500,0,0,0,6,,,0,,,,,,Auckland Region,Nil,2-way,Sealed,,0,0,,50,,Off,1,0,,76,Auckland,Traffic Signals,,,,,0,0,Urban,0,,,Fine,Null
1757890,5883720,31658,,521152,0,,0,2,,West,2005/2006,GLENBROOK ROAD,BLOMFIELD LANE,,Non-Injury Crash,No,2006,,East,,0,,Flat,,,,,,Overcast,834503,0,0,0,2,,,0,,,,,,Auckland Region,Nil,2-way,Sealed,,0,0,,100,,Null,0,0,,76,Auckland,Nil,,,,,0,0,Open,0,,,Fine,Null
1769979,5917611,31659,,522601,0,,0,2,,Null,2005/2006,BUCKLANDS BEACH ROAD,EASTERN BEACH ROAD,,Minor Crash,No,2006,,South,,0,,Hill Road,,Christmas New Year,,,,Overcast,676500,2,0,1,2,,,0,,,,,,Auckland Region,Nil,2-way,Sealed,,0,0,,50,,Null,0,0,,76,Auckland,Stop,,,,,0,0,Urban,0,,,Fine,Null
1578819,5176847,31660,,596102,0,0,0,1,0,West,2005/2006,MAIN ROAD,BEACHVILLE ROAD E,,Minor Crash,No,2006,0,East,0,0,1,Flat,0,Queens Birthday,0,,0,Dark,2701700,1,0,0,2,0,0,0,0,0,,0,0,Canterbury Region,Nil,2-way,Sealed,0,0,0,0,60,0,On,0,0,,60,Christchurch City,Unknown,0,0,0,1,0,0,Urban,0,0,0,Heavy rain,Null
1750598,5912358,31661,,511402,0,0,0,2,0,Null,2005/2006,GOLF ROAD,PORTAGE ROAD,,Non-Injury Crash,No,2006,0,North,0,0,0,Flat,0,,0,,1,Bright sun,260600,0,0,0,2,0,0,0,0,0,,0,0,Auckland Region,Nil,2-way,Sealed,0,0,0,0,50,0,Off,0,0,,76,Auckland,Stop,0,0,0,0,0,0,Urban,0,0,0,Fine,Null
1691938,5676007,31662,,551900,0,0,0,2,0,North,2005/2006,MORLEY ST,GAINE ST,,Non-Injury Crash,No,2006,0,North,0,0,0,Flat,0,,0,,0,Bright sun,1589000,0,0,0,2,0,0,0,0,1,,0,0,Taranaki Region,Nil,2-way,Sealed,0,0,0,0,50,0,Null,0,0,,33,New Plymouth District,Nil,0,0,0,0,0,0,Urban,0,0,0,Fine,Null
1568718,5180867,31663,,590701,0,,0,2,,North,2005/2006,DEANS AVENUE,MATAI ST,,Minor Crash,No,2006,,North,,0,,Flat,,,,,,Overcast,2474400,1,0,0,4,,,0,,,,,,Canterbury Region,Nil,2-way,Sealed,,0,0,,50,,Null,0,0,,60,Christchurch City,Unknown,,,,,0,0,Urban,0,,,Heavy rain,Null
1719295,6045457,31664,,503100,0,,0,2,,Null,2006/2007,WALTON ST,TAREWA ROAD,,Minor Crash,No,2006,,West,,0,,Flat,,,,,,Dark,100400,1,0,0,2,,,0,,,,,,Northland Region,Nil,1-way,Sealed,,0,0,,50,,On,0,0,,2,Whangarei District,Give way,,,,,0,0,Urban,0,,,Fine,Null
1676454,5405342,31665,,580449,0,,0,2,,Null,2006/2007,OLD RENWICK ROAD,HAMMERICHS ROAD,,Minor Crash,No,2006,,East,,0,,Flat,,,,,,Bright sun,2291600,1,0,0,2,,,0,,,,,,Marlborough Region,Nil,2-way,Sealed,,0,0,,70,,Null,0,0,,53,Marlborough District,Nil,,,,,0,0,Urban,0,,,Fine,Null
1242665,4848132,31666,,611220,0,0,0,0,0,North,2005/2006,SH 1S,DALRYMPLE ST,,Minor Crash,Yes,2006,0,North,1,0,0,Flat,0,,0,,0,Overcast,3111000,2,0,0,2,0,0,0,0,0,,0,0,Southland Region,Nil,2-way,Sealed,0,0,0,0,70,0,Null,0,0,,75,Invercargill City,Unknown,0,0,0,0,0,0,Urban,1,0,0,Fine,Null
1804308,5791432,31667,,531003,0,,0,2,,North,2005/2006,SH 3,BENSON ROAD,,Non-Injury Crash,Yes,2006,,South,,0,,Flat,,,,,,Bright sun,968301,0,0,0,2,,,0,,,,,,Waikato Region,Nil,2-way,Sealed,,0,0,,50,,Null,0,0,,17,Waipa District,Unknown,,,,,0,0,Urban,0,,,Fine,Null
1766825,5901878,31668,,524604,0,,0,2,,Null,2006/2007,BROWNS ROAD,GLOUCESTER ROAD,,Non-Injury Crash,No,2006,,East,,0,,Hill Road,,,,,,Dark,781400,0,0,0,2,,,0,,,,,,Auckland Region,Nil,2-way,Sealed,,0,0,,50,,On,0,0,,76,Auckland,Give way,,,,,0,0,Urban,0,,,Light rain,Null
1743820,5916490,31669,,513011,0,0,0,0,0,North,2006/2007,PALOMINO DRIVE,TIROHUNGA DRIVE,,Non-Injury Crash,No,2006,0,South,0,0,1,Flat,0,,0,,0,Overcast,280706,0,0,0,2,0,0,0,0,0,,0,0,Auckland Region,Nil,2-way,Sealed,0,0,0,0,50,0,Off,1,0,,76,Auckland,Nil,0,0,0,0,0,0,Urban,0,0,0,Fine,Null
1759082,5903394,31670,,524200,0,,0,2,,Null,2006/2007,TOM PEARCE DRIVE,TAHINGA DRIVE,,Minor Crash,No,2006,,East,,0,,Flat,,,,,,Bright sun,727200,1,0,0,4,,,0,,,,,,Auckland Region,Nil,2-way,Sealed,,0,0,,50,,Off,0,0,,76,Auckland,Give way,,,,,0,0,Urban,0,,,Fine,Null
1765994,5908257,31671,,523402,0,0,0,1,0,Null,2006/2007,ASHTON AVENUE,BAIRDS ROAD,,Minor Crash,No,2006,0,East,0,0,0,Flat,0,,0,,0,Dark,698300,1,0,0,2,0,0,0,0,0,,0,1,Auckland Region,Nil,2-way,Sealed,0,0,0,0,50,0,On,0,0,,76,Auckland,Nil,0,1,0,1,0,0,Urban,0,0,0,Fine,Null
1723664,6042861,31672,,504000,0,,0,1,,Null,2005/2006,ONERAHI ROAD,SHERWOOD ROAD,,Minor Crash,No,2006,,South,,0,,Flat,,,,,,Overcast,110102,1,0,0,2,,,0,,,,,,Northland Region,Nil,2-way,Sealed,,0,0,,50,,None,0,0,,2,Whangarei District,Nil,,,,,0,0,Urban,1,,,Light rain,Null
1765291,5906552,31673,,522202,0,,0,1,,Null,2006/2007,KOLMAR ROAD,OAKLAND AVENUE,,Minor Crash,No,2006,,South,,0,,Flat,,,,,,Overcast,663700,1,0,0,2,,,0,,,,,,Auckland Region,Nil,2-way,Sealed,,0,0,,50,,Off,1,0,,76,Auckland,Give way,,,,,0,0,Urban,0,,,Fine,Null
1678451,6022188,31674,,504600,0,0,0,1,0,North,2006/2007,VICTORIA ST,HOKIANGA ROAD,,Non-Injury Crash,No,2006,0,North,0,0,0,Flat,0,,0,,0,Overcast,116300,0,0,0,2,0,0,0,0,1,,0,0,Northland Region,Nil,2-way,Sealed,0,0,0,0,50,0,Null,0,0,,3,Kaipara District,Unknown,0,0,0,0,0,0,Urban,1,0,0,Heavy rain,Null
1752152,5932470,31675,,508807,0,,0,2,,Null,2005/2006,ROSEDALE ROAD,BUSH ROAD,,Minor Crash,No,2006,,West,,0,,Flat,,,,,,Bright sun,180810,1,0,0,2,,,0,,,,,,Auckland Region,Nil,2-way,Sealed,,0,0,,50,,Off,0,0,,76,Auckland,Traffic Signals,,,,,0,0,Urban,0,,,Fine,Null
1763810,5912973,31676,,520500,0,,0,0,,South,2006/2007,MOUNT WELLINGTON HIGHWAY,ARANUI ROAD,,Non-Injury Crash,No,2006,,North,,0,,Flat,,,,,,Bright sun,637400,0,0,0,5,,,0,,,,,,Auckland Region,Nil,2-way,Sealed,,0,0,,30,,Off,0,0,,76,Auckland,Traffic Signals,,,,,1,0,Urban,1,,,Fine,Null
1792719,5908548,31677,,525202,0,0,0,1,0,East,2006/2007,CLEVEDON-KAWAKAWA ROAD,MIHAKA ROAD,,Minor Crash,No,2006,0,South,0,0,1,Flat,0,,0,,0,Overcast,764902,1,0,0,2,0,0,0,0,0,1,0,0,Auckland Region,Nil,2-way,Sealed,0,0,0,0,70,0,Off,0,0,30,76,Auckland,Nil,0,0,0,0,0,0,Urban,0,0,0,Light rain,Null
1762085,5916959,31678,,516003,0,,0,1,,Null,2005/2006,REMUERA ROAD,KORAHA ST,,Non-Injury Crash,No,2006,,West,,0,,Flat,,,,,,Overcast,495300,0,0,0,4,,,0,,,,,,Auckland Region,Nil,2-way,Sealed,,0,0,,50,,Off,0,0,,76,Auckland,Stop,,,,,0,0,Urban,1,,,Fine,Null
1677146,6113079,31679,,500402,0,0,0,1,0,West,2005/2006,SH 10,MATAURI BAY ROAD,,Non-Injury Crash,Yes,2006,0,West,0,0,0,Hill Road,0,Queens Birthday,0,,0,Overcast,20401,0,0,0,2,0,0,0,0,0,,0,0,Northland Region,Nil,2-way,Sealed,0,0,0,0,100,0,None,0,0,,1,Far North District,Nil,0,0,0,1,0,0,Open,0,0,0,Light rain,Null
1759675,5924928,31680,,508110,0,,0,2,,North,2006/2007,LAKE ROAD,BAYSWATER AVENUE,,Non-Injury Crash,No,2006,,North,,0,,Hill Road,,,,,,Dark,318500,0,0,0,3,,,0,,,,,,Auckland Region,Nil,2-way,Sealed,,0,0,,50,,On,0,0,,76,Auckland,Traffic Signals,,,,,0,0,Urban,0,,,Fine,Null
1772333,5911762,31681,,523114,0,0,0,1,0,South,2006/2007,WHITFORD ROAD,SOMERVILLE ROAD,,Non-Injury Crash,No,2006,0,North,0,0,0,Flat,0,,0,,0,Overcast,718004,0,0,0,3,0,0,0,1,0,,0,0,Auckland Region,Nil,2-way,Sealed,0,0,0,0,100,0,Off,0,0,,76,Auckland,Nil,0,0,0,1,0,0,Open,0,0,0,Heavy rain,Null
1782346,5925864,31682,,520801,0,0,0,1,0,Null,2005/2006,WHARF ROAD,BELGIUM ST,,Non-Injury Crash,No,2006,0,West,0,0,0,Flat,0,,0,,0,Overcast,515314,0,0,0,2,0,0,0,1,0,,0,0,Auckland Region,Nil,2-way,Sealed,0,0,0,0,50,0,Off,0,0,,76,Auckland,Nil,0,0,0,0,0,0,Urban,0,0,0,Light rain,Null
1830038,5628421,31683,45,558500,0,,0,5,,North,2005/2006,SH 1N,RANGIPO ST,,Non-Injury Crash,Yes,2006,,North,,0,,Hill Road,,Christmas New Year,,,,Overcast,1752500,0,0,0,2,,,0,,,,,,Manawatū-Whanganui Region,Nil,2-way,Sealed,,0,0,,100,,Null,0,0,,36,Ruapehu District,Nil,,,,,0,0,Open,0,,,Heavy rain,Null
1751166,5915487,31684,,514401,0,,0,2,,North,2006/2007,GREAT NORTH ROAD,ROSEBANK ROAD,,Non-Injury Crash,No,2006,,North,,0,,Flat,,,,,,Dark,381802,0,0,0,2,,,0,,,,,,Auckland Region,Nil,2-way,Sealed,,0,0,,50,,On,0,0,,76,Auckland,Traffic Signals,,,,,0,0,Urban,0,,,Fine,Null
1772175,5902300,31685,,523818,0,0,0,1,0,North,2005/2006,MILL ROAD,RANFURLY ROAD,,Non-Injury Crash,No,2006,0,South,0,0,1,Hill Road,0,,0,,0,Dark,760904,0,0,0,2,0,0,0,0,0,,0,0,Auckland Region,Nil,2-way,Sealed,0,0,0,0,100,0,On,0,0,,76,Auckland,Nil,0,0,0,0,0,0,Open,0,0,0,Mist or Fog,Null