X,Y,OBJECTID,advisorySpeed,areaUnitID,bicycle,bridge,bus,carStationWagon,cliffBank,crashDirectionDescription,crashFinancialYear,crashLocation1,crashLocation2,crashRoadSideRoad,crashSeverity,crashSHDescription,crashYear,debris,directionRoleDescription,ditch,fatalCount,fence,flatHill,guardRail,holiday,houseOrBuilding,intersection,kerb,light,meshblockId,minorInjuryCount,moped,motorcycle,NumberOfLanes,objectThrownOrDropped,otherObject,otherVehicleType,overBank,parkedVehicle,pedestrian,phoneBoxEtc,postOrPole,region,roadCharacter,roadLane,roadSurface,roadworks,schoolBus,seriousInjuryCount,slipOrFlood,speedLimit,strayAnimal,streetLight,suv,taxi,temporarySpeedLimit,tlaId,tlaName,trafficControl,trafficIsland,trafficSign,train,tree,truck,unknownVehicleType,urban,vanOrUtility,vehicle,waterRiver,weatherA,weatherB
1807365,5835273,31686,,527111,0,,0,0,,South,2005/2006,WHITIKAHU ROAD,ORINI ROAD,,Non-Injury Crash,No,2006,,South,,0,,Flat,,,,,,Overcast,948100,0,0,0,2,,,0,,,,,,Waikato Region,Nil,2-way,Sealed,,0,0,,100,,Null,1,0,,13,Waikato District,Unknown,,,,,1,0,Open,0,,,Heavy rain,Null
1822502,5463121,31687,,578700,0,0,0,1,0,East,2005/2006,CORNWALL ST,POWNALL ST,,Non-Injury Crash,No,2006,0,West,0,0,0,Flat,0,,0,,0,Dark,2237300,0,0,0,2,0,0,0,0,0,,0,1,Wellington Region,Nil,2-way,Sealed,0,0,0,0,50,0,On,0,0,,48,Masterton District,Nil,0,0,0,0,0,0,Urban,0,0,0,Fine,Null
1757658,5919886,31688,,514103,0,0,0,2,0,East,2006/2007,SYMONDS ST,WELLESLEY ST EAST,,Non-Injury Crash,No,2006,0,East,0,0,0,Flat,0,,0,,0,Dark,437500,0,0,0,4,0,0,0,0,0,,0,0,Auckland Region,Nil,2-way,Sealed,0,0,0,0,50,0,On,0,0,,76,Auckland,Nil,0,0,0,0,0,0,Urban,0,1,0,Fine,Null
1572923,5382166,31689,,581842,0,0,0,0,0,South,2006/2007,SH 63,BAIGENT ROAD,,Serious Crash,Yes,2006,0,North,0,0,0,Flat,0,,0,,0,Dark,2383000,0,0,1,1,0,0,0,1,0,,0,0,Tasman Region,Nil,2-way,Sealed,0,0,1,0,100,0,None,0,0,,51,Tasman District,Nil,0,0,0,1,0,0,Open,0,0,0,Fine,Null
1752634,5424955,31690,,577302,0,0,0,1,0,South,2005/2006,DARLINGTON ROAD,PURIRI ST,,Minor Crash,No,2006,0,South,0,0,0,Flat,0,,0,,0,Dark,2205400,1,0,0,2,0,0,0,0,1,,0,0,Wellington Region,Nil,2-way,Sealed,0,0,0,0,50,0,On,0,0,,47,Wellington City,Nil,0,0,0,0,1,0,Urban,0,0,0,Fine,Null
1741784,5976066,31691,55,506661,0,0,0,0,0,North,2005/2006,SH 1N,WAIWHIU ROAD,,Non-Injury Crash,Yes,2006,0,North,0,0,0,Flat,1,,0,,0,Dark,139000,0,0,0,2,0,0,0,0,0,,0,0,Auckland Region,Nil,2-way,Sealed,0,0,0,0,100,0,None,0,0,,76,Auckland,Nil,0,0,0,0,1,0,Open,0,0,0,Fine,Null
1763986,5912093,31692,,520500,0,,0,2,,Null,2005/2006,MOUNT WELLINGTON HIGHWAY,VESTEY DRIVE,,Non-Injury Crash,No,2006,,South,,0,,Flat,,,,,,Bright sun,637701,0,0,0,4,,,0,,,,,,Auckland Region,Nil,2-way,Sealed,,0,0,,50,,Off,0,0,,76,Auckland,Give way,,,,,0,0,Urban,0,,,Fine,Null
1758667,5918748,31693,,517400,0,,0,2,,South,2005/2006,PARNELL ROAD,GEORGE ST,,Non-Injury Crash,No,2006,,North,,0,,Flat,,,,,,Dark,450800,0,0,0,2,,,0,,,,,,Auckland Region,Nil,2-way,Sealed,,0,0,,50,,On,0,0,,76,Auckland,Nil,,,,,0,0,Urban,0,,,Fine,Null
1744573,5926344,31694,,513410,0,,0,2,,Null,2005/2006,TRIG ROAD,BRIGHAM CREEK ROAD,,Non-Injury Crash,No,2006,,West,,0,,Flat,,,,,,Bright sun,223701,0,0,0,2,,,0,,,,,,Auckland Region,Nil,2-way,Sealed,,0,0,,80,,None,0,0,,76,Auckland,Give way,,,,,0,0,Open,0,,,Fine,Null
1756566,5919371,31695,,514200,0,0,0,1,0,South,2006/2007,SH 1N,KARANGAHAPE OBR,,Minor Crash,Yes,2006,0,North,0,0,0,Flat,1,,0,,0,Dark,411900,2,0,0,2,0,0,0,0,0,,0,0,Auckland Region,Bridge,1-way,Sealed,0,0,0,0,80,0,On,0,0,,76,Auckland,Nil,0,0,0,0,0,0,Open,0,0,0,Fine,Null
1794710,5832449,31696,65,527123,0,0,0,1,0,South,2005/2006,SH 1N,TE PUTU ST,,Non-Injury Crash,Yes,2006,0,North,1,0,0,Flat,0,,0,,0,Overcast,950700,0,0,0,2,0,0,0,0,0,,0,0,Waikato Region,Nil,2-way,Sealed,0,0,0,0,100,0,None,0,0,,13,Waikato District,Nil,0,0,0,0,1,0,Open,0,0,0,Light rain,Null
1820689,5871595,31697,,533800,0,,0,1,,Null,2005/2006,SH 2,KOHUNUI ST,,Non-Injury Crash,Yes,2006,,West,,0,,Flat,,,,,,Bright sun,1067907,0,0,0,2,,,0,,,,,,Waikato Region,Nil,2-way,Sealed,,0,0,,50,,Null,1,0,,12,Hauraki District,Give way,,,,,0,0,Urban,0,,,Fine,Null
1564502,5206535,31698,,586121,0,,0,2,,South,2005/2006,LEHMANS ROAD,PRIORS ROAD,,Serious Crash,No,2006,,North,,0,,Flat,,,,,,Dark,2450007,2,0,0,2,,,0,,,,,,Canterbury Region,Nil,2-way,Sealed,,0,1,,100,,None,0,0,,59,Waimakariri District,Nil,,,,,0,0,Open,0,,,Fine,Null
1806031,5789356,31699,,527936,0,0,0,0,0,Null,2006/2007,GOLF ROAD,PARK ROAD,,Non-Injury Crash,No,2006,0,South,0,0,0,Flat,0,,0,,0,Overcast,989201,0,0,0,2,0,0,0,0,0,,0,1,Waikato Region,Nil,2-way,Sealed,0,0,0,0,100,0,Null,0,0,,17,Waipa District,Give way,0,0,0,0,0,0,Open,1,0,0,Mist or Fog,Null
1763446,5913908,31700,,520303,0,,0,2,,Null,2005/2006,PENROSE ROAD,BARRACK ROAD,,Minor Crash,No,2006,,East,,0,,Hill Road,,,,,,Dark,627300,2,0,0,4,,,0,,,,,,Auckland Region,Nil,2-way,Sealed,,0,0,,50,,On,0,0,,76,Auckland,Traffic Signals,,,,,0,0,Urban,0,,,Light rain,Null
1395389,4915975,31701,,606100,0,0,0,1,0,East,2005/2006,HAGART-ALEXANDER DRIVE,BEECH ST,,Minor Crash,No,2006,0,South,0,0,0,Flat,0,,0,,0,Dark,2966608,1,0,0,2,0,0,0,0,1,,0,0,Otago Region,Nil,2-way,Sealed,0,0,0,0,50,0,On,0,0,,71,Dunedin City,Unknown,0,0,0,0,0,0,Urban,1,0,0,Fine,Frost
1407902,4917574,31702,,603602,0,,0,0,,Null,2006/2007,ANZAC AVENUE,BUTTS ROAD,,Serious Crash,No,2006,,East,,0,,Flat,,,,,,Bright sun,2867800,0,1,0,2,,,0,,,,,,Otago Region,Nil,2-way,Sealed,,0,1,,50,,Null,0,0,,71,Dunedin City,Give way,,,,,1,0,Urban,0,,,Fine,Null
1767717,5908683,31703,,523502,0,0,0,1,0,Null,2005/2006,JOHNSTONES ROAD,HILLS ROAD,,Non-Injury Crash,No,2006,0,North,0,0,0,Flat,0,,0,,0,Dark,701300,0,0,0,2,0,0,0,0,0,,0,1,Auckland Region,Nil,2-way,Sealed,0,0,0,0,50,0,On,0,0,,76,Auckland,Nil,0,0,0,0,0,0,Urban,0,0,0,Fine,Null
1824664,5556291,31704,,559700,0,0,0,1,0,West,2005/2006,CHELTENHAM CROSS ROAD,MCKAYS LINE,,Minor Crash,No,2006,0,North,0,0,1,Hill Road,0,,0,,0,Dark,1778500,1,0,0,2,0,0,0,0,0,,0,0,Manawatū-Whanganui Region,Nil,2-way,Unsealed,0,0,0,0,100,0,None,0,0,,39,Manawatu District,Nil,0,0,0,0,0,0,Open,0,0,0,Fine,Null
1755407,5921984,31705,,515202,0,,0,1,,South,2005/2006,SHELLY OFF SBD,SH 1N,,Non-Injury Crash,Yes,2006,,South,,0,,Flat,,,,,,Bright sun,423600,0,0,0,1,,,0,,,,,,Auckland Region,Motorway ramp,1-way,Sealed,,0,0,,80,,Off,0,0,,76,Auckland,Nil,,,,,1,0,Open,0,,,Fine,Null
1728754,6004369,31706,,505010,0,,0,1,,Null,2006/2007,SH 1N,SH 12,,Non-Injury Crash,Yes,2006,,South,,0,,Hill Road,,,,,,Bright sun,134700,0,0,0,3,,,0,,,,,,Northland Region,Nil,2-way,Sealed,,0,0,,100,,Null,0,0,,3,Kaipara District,Give way,,,,,0,0,Open,1,,,Fine,Null
1690636,6083235,31707,,501500,0,0,0,0,0,East,2005/2006,SH 1N,HAUTAPU ROAD,,Non-Injury Crash,Yes,2006,0,West,0,0,0,Hill Road,0,,0,,0,Overcast,52001,0,0,0,3,0,0,0,1,0,,0,0,Northland Region,Nil,2-way,Sealed,0,0,0,0,100,0,None,1,0,,1,Far North District,Nil,0,0,0,0,0,0,Open,0,0,0,Light rain,Null
1756107,5923449,31708,,509800,0,,0,2,,North,2005/2006,SH 1N,SHELLY BEACH OBR,,Minor Crash,Yes,2006,,South,,0,,Flat,,,,,,Bright sun,359100,3,0,0,4,,,0,,,,,,Auckland Region,Nil,2-way,Sealed,,0,0,,80,,Off,2,0,,76,Auckland,Nil,,,,,0,0,Open,0,,,Fine,Null
1748522,5427749,31709,,573000,0,,0,0,,South,2006/2007,CHURCH ST,BOULCOTT ST,,Minor Crash,No,2006,,North,,0,,Hill Road,,,,,,Dark,2128000,1,0,1,2,,,0,,,,,,Wellington Region,Nil,2-way,Sealed,,0,0,,50,,On,0,0,,47,Wellington City,Nil,,,,,0,0,Urban,0,,,Fine,Null
1740525,5713094,31710,,550700,0,0,0,1,1,North,2006/2007,SH 3,MOHAKATINO ROAD,,Minor Crash,Yes,2006,0,South,0,0,0,Hill Road,0,,0,,0,Bright sun,1552401,1,0,0,2,0,0,0,0,0,,0,0,Taranaki Region,Nil,2-way,Sealed,0,0,0,0,100,0,Null,0,0,,33,New Plymouth District,Nil,0,0,0,0,1,0,Open,0,0,0,Fine,Null
1765778,5918060,31711,,516900,0,0,0,1,0,North,2006/2007,ASHBY AVENUE,WEST TAMAKI ROAD,,Minor Crash,No,2006,0,South,0,0,1,Hill Road,0,,0,,0,Bright sun,467900,1,0,0,2,0,0,0,0,0,,0,0,Auckland Region,Nil,2-way,Sealed,0,0,0,0,50,0,Off,0,0,,76,Auckland,Nil,0,0,0,0,0,0,Urban,0,0,0,Fine,Null
1827802,5880980,31712,,533603,0,,0,1,,South,2006/2007,KOPU ROAD,PRINCE ST,,Serious Crash,No,2006,,East,,0,,Flat,,,,,,Bright sun,1057502,1,0,0,2,,,0,,,,,,Waikato Region,Nil,2-way,Sealed,,0,1,,70,,Null,1,0,,11,Thames-Coromandel District,Unknown,,,,,1,0,Urban,0,,,Fine,Null
1757589,5920741,31713,,514103,0,,0,1,,Null,2006/2007,COMMERCE ST,FORT ST,,Non-Injury Crash,No,2006,,West,,0,,Flat,,,,,,Overcast,438106,0,0,0,2,,,0,,,1,,,Auckland Region,Nil,2-way,Sealed,,0,0,,50,,Null,0,0,,76,Auckland,Give way,,,,,0,0,Urban,0,,,Fine,Null
1889435,5774649,31714,,538742,0,0,0,1,0,East,2006/2007,SH 30,SUNRISE AVENUE,,Minor Crash,Yes,2006,0,East,0,0,0,Flat,0,Labour Weekend,0,,1,Dark,1257000,1,0,0,2,0,0,0,0,0,,0,0,Bay of Plenty Region,Nil,2-way,Sealed,0,0,0,0,60,0,On,0,0,,24,Rotorua District,Traffic Signals,0,1,0,0,0,0,Urban,0,0,0,Fine,Null
1412468,4920744,31715,,604710,0,0,0,0,0,North,2006/2007,SH 88,ST LEONARDS DRIVE,,Minor Crash,Yes,2006,0,South,0,0,0,Flat,0,,0,,0,Dark,2880200,1,0,0,2,0,0,0,1,0,,0,0,Otago Region,Nil,2-way,Sealed,0,0,0,0,80,0,None,1,0,,71,Dunedin City,Unknown,0,0,0,0,0,0,Open,0,0,0,Null,Frost
1756148,5944175,31716,,505909,0,,0,1,,Null,2005/2006,WHANGAPARAOA ROAD,MAIN ST W,,Minor Crash,No,2006,,West,,0,,Hill Road,,,,,,Overcast,174013,1,0,0,2,,,0,,,,,,Auckland Region,Nil,2-way,Sealed,,0,0,,50,,Off,1,0,,76,Auckland,Traffic Signals,,,,,0,0,Urban,0,,,Fine,Null
1747046,5919760,31717,,512402,0,,0,2,,West,2006/2007,SH 16,TE ATATU OFF WBD,,Non-Injury Crash,Yes,2006,,West,,0,,Flat,,,,,,Dark,253600,0,0,0,3,,,0,,,,,,Auckland Region,Nil,1-way,Sealed,,0,0,,100,,On,0,0,,76,Auckland,Nil,,,,,0,0,Open,0,,,Fine,Null
1802958,5808560,31718,,527915,0,0,0,1,0,North,2005/2006,SH 3,RUKUHIA ROAD,,Non-Injury Crash,Yes,2006,1,North,0,0,0,Flat,0,,0,,0,Overcast,984411,0,0,0,2,0,0,0,0,0,,0,0,Waikato Region,Nil,2-way,Sealed,0,0,0,0,100,0,Null,0,0,,17,Waipa District,Unknown,0,0,0,0,0,0,Open,1,0,0,Fine,Null
1765082,5902823,31719,,524604,0,,0,1,,South,2006/2007,ROSCOMMON ROAD,SH 20,,Non-Injury Crash,No,2006,,South,,0,,Flat,,,,,,Bright sun,781302,0,0,0,4,,,0,,,,,,Auckland Region,Nil,2-way,Sealed,,0,0,,50,,Off,0,0,,76,Auckland,Nil,,,,,0,0,Urban,1,,,Fine,Null
1759624,5909544,31720,,524002,0,0,0,1,0,South,2005/2006,SH 20,ONEHUNGA OFF NBD,,Non-Injury Crash,Yes,2006,0,North,0,0,0,Flat,1,,0,,0,Dark,724200,0,0,0,2,0,0,0,0,0,,0,0,Auckland Region,Nil,1-way,Sealed,0,0,0,0,100,0,On,0,0,,76,Auckland,Nil,0,0,0,1,0,0,Open,0,0,0,Fine,Null
1412749,4917276,31721,35,604822,0,0,0,1,0,West,2006/2007,PORTOBELLO ROAD,HOWARD ST,,Minor Crash,No,2006,0,East,0,0,0,Flat,1,,0,,0,Overcast,2942500,1,0,0,2,0,0,0,0,0,,0,0,Otago Region,Nil,2-way,Sealed,0,0,0,0,70,0,Null,0,0,,71,Dunedin City,Unknown,0,0,0,0,0,0,Urban,0,0,0,Light rain,Null
1765962,5907116,31722,,522301,0,0,0,1,0,North,2005/2006,WINTERE ROAD,CHARLES ST,,Non-Injury Crash,No,2006,0,South,0,0,0,Flat,0,,0,,0,Bright sun,667000,0,0,0,2,0,0,0,0,0,,0,1,Auckland Region,Nil,2-way,Sealed,0,0,0,0,50,0,Off,0,0,,76,Auckland,Nil,0,0,0,0,0,0,Urban,0,0,0,Fine,Null
1763732,5913378,31723,,520402,0,,0,1,,North,2005/2006,MOUNT WELLINGTON HIGHWAY,HAMLIN ROAD,,Non-Injury Crash,No,2006,,North,,0,,Flat,,,,,,Bright sun,640300,0,0,0,4,,,0,,,,,,Auckland Region,Nil,2-way,Sealed,,0,0,,50,,Off,0,0,,76,Auckland,Nil,,,,,1,0,Urban,0,,,Fine,Null
1785408,5449037,31724,,567901,0,0,0,0,0,East,2006/2007,SH 2,MARCHANT ROAD,,Serious Crash,Yes,2006,0,North,1,0,0,Flat,0,,0,,0,Bright sun,1916100,0,0,1,2,0,0,0,0,0,,0,0,Wellington Region,Nil,2-way,Sealed,0,0,1,0,100,0,Null,0,0,,45,Upper Hutt City,Nil,0,1,0,0,0,0,Open,0,0,0,Fine,Null
1242652,4849920,31725,,611210,0,0,0,1,0,West,2005/2006,SPEY ST,KELVIN ST,,Minor Crash,No,2006,0,West,0,0,0,Flat,0,,0,,0,Dark,3106700,2,1,0,2,0,0,0,0,1,,0,0,Southland Region,Nil,2-way,Sealed,0,0,0,0,50,0,On,0,0,,75,Invercargill City,Unknown,0,0,0,0,0,0,Urban,0,0,0,Fine,Null
1877812,5822072,31726,,538102,0,,1,1,,Null,2005/2006,CAMERON ROAD,SEVENTEENTH AVENUE,,Non-Injury Crash,No,2006,,North,,0,,Flat,,,,,,Overcast,1170700,0,0,0,3,,,0,,,,,,Bay of Plenty Region,Nil,2-way,Sealed,,0,0,,50,,Null,0,0,,23,Tauranga City,Traffic Signals,,,,,0,0,Urban,0,,,Light rain,Null
1878741,5774953,31727,,538863,0,0,0,1,0,West,2005/2006,PARADISE VALLEY ROAD,CLAYTON ROAD,,Non-Injury Crash,No,2006,0,South,0,0,1,Hill Road,0,,0,,0,Dark,1264401,0,0,0,2,0,0,0,0,0,,0,0,Bay of Plenty Region,Nil,2-way,Sealed,0,0,0,0,100,0,None,0,0,,24,Rotorua District,Unknown,0,0,0,0,0,0,Open,0,0,0,Fine,Null
1887281,5773259,31728,,538722,0,,0,1,,North,2006/2007,VAUGHAN ROAD,ALLEN MILLS ROAD,,Minor Crash,No,2006,,North,,0,,Flat,,,,,,Bright sun,1254405,1,0,0,2,,,0,,,,,,Bay of Plenty Region,Nil,2-way,Sealed,,0,0,,50,,Null,0,0,,24,Rotorua District,Unknown,,,,,0,0,Urban,1,,,Fine,Null
1266130,4999218,31729,,609035,0,,0,1,,South,2006/2007,SH 6,REMARKABLES SKI FIELD ACC,,Minor Crash,Yes,2006,,South,,0,,Hill Road,,,,,,Bright sun,3040101,1,0,0,2,,,0,,,,,,Otago Region,Nil,2-way,Sealed,,0,0,,100,,Null,0,0,,70,Queenstown-Lakes District,Nil,,,,,1,0,Open,0,,,Fine,Null
1751643,5434191,31730,75,574100,0,0,0,0,0,South,2006/2007,SH 1N,JOHNSONVILLE OFF NBD,,Minor Crash,Yes,2006,0,North,0,0,0,Hill Road,1,,0,,0,Overcast,2084600,1,0,0,3,0,0,0,0,0,,0,0,Wellington Region,Nil,1-way,Sealed,0,0,0,0,80,0,Null,0,0,,47,Wellington City,Nil,0,0,0,0,0,0,Open,1,0,0,Heavy rain,Null
1691244,5674311,31731,,551503,0,,0,1,,Null,2006/2007,BORRELL AVENUE,SUNLEY ST,,Minor Crash,No,2006,,West,,0,,Hill Road,,,,,,Dark,1580200,1,0,0,2,,,0,,,,,,Taranaki Region,Nil,2-way,Sealed,,0,0,,50,,On,0,0,,33,New Plymouth District,Give way,,,,,0,0,Urban,0,,,Fine,Null
1764975,5910583,31732,,521801,0,,0,1,,South,2005/2006,SH 1N,OTAHUHU ON NBD,,Non-Injury Crash,Yes,2006,,North,,0,,Flat,,,,,,Overcast,787200,0,0,0,3,,,0,,,,,,Auckland Region,Nil,1-way,Sealed,,0,0,,100,,Off,1,0,80,76,Auckland,Nil,,,,,0,0,Open,0,,,Light rain,Null
1406562,4913756,31733,,605500,0,0,0,1,0,Null,2006/2007,SCOTT ST,PRINCE ALBERT ROAD,,Minor Crash,No,2006,0,South,0,0,0,Flat,0,,0,,0,Dark,2948300,1,0,0,2,0,0,0,0,0,,0,1,Otago Region,Nil,2-way,Sealed,0,0,0,0,50,0,On,0,0,,71,Dunedin City,Give way,0,0,0,0,0,0,Urban,0,0,0,Fine,Null
1764947,5908254,31734,,523404,0,,0,1,,Null,2005/2006,GREAT SOUTH ROAD,BAIRDS ROAD,,Minor Crash,No,2006,,South,,0,,Flat,,,,,,Dark,696801,1,0,0,5,,,0,,,,,,Auckland Region,Nil,2-way,Sealed,,0,0,,50,,On,1,0,,76,Auckland,Traffic Signals,,,,,0,0,Urban,0,,,Light rain,Null
1892968,5812926,31735,,538502,0,,0,1,,Null,2005/2006,JELLICOE ST,JOCELYN ST,,Non-Injury Crash,No,2006,,South,,0,,Flat,,,,,,Bright sun,1214800,0,0,0,2,,,0,,,,,,Bay of Plenty Region,Nil,2-way,Sealed,,0,0,,50,,Null,0,0,,22,Western Bay of Plenty District,Give way,,,,,0,0,Urban,1,,,Fine,Null
1756179,5924091,31736,,509800,0,,0,3,,West,2006/2007,SH 1N,ONEWA ON SBD,,Non-Injury Crash,Yes,2006,,South,,0,,Flat,,,,,,Bright sun,361100,0,0,0,5,,,0,,,,,,Auckland Region,Nil,1-way,Sealed,,0,0,,100,,Off,0,0,,76,Auckland,Nil,,,,,0,0,Open,0,,,Fine,Null
1405615,4918296,31737,,603710,0,,0,1,,South,2006/2007,HIGHGATE,NEWINGTON AVENUE,,Serious Crash,No,2006,,North,,0,,Hill Road,,,,,,Bright sun,2894100,1,0,1,2,,,0,,,,,,Otago Region,Nil,2-way,Sealed,,0,1,,50,,Null,0,0,,71,Dunedin City,Unknown,,,,,0,0,Urban,0,,,Fine,Null
1744683,5930801,31738,,506400,0,0,0,0,1,South,2006/2007,RIDGE ROAD,COATESVILLE-RIVERHEAD HIG,,Serious Crash,No,2006,0,East,0,0,0,Hill Road,0,,0,,0,Twilight,216902,1,0,0,2,0,0,0,0,0,,0,0,Auckland Region,Nil,2-way,Sealed,0,0,1,0,100,0,None,1,0,,76,Auckland,Nil,0,0,0,0,0,0,Open,0,0,0,Fine,Null
1777965,5742233,31739,,531720,0,0,0,1,0,West,2006/2007,SH 3,MANGAKOWHAI ROAD,,Non-Injury Crash,Yes,2006,0,North,0,0,1,Flat,0,,0,,0,Dark,1017600,0,0,0,2,0,0,0,1,0,,0,0,Waikato Region,Nil,2-way,Unsealed,0,0,0,0,100,0,None,0,0,30,20,Waitomo District,Unknown,0,0,0,0,0,0,Open,0,0,0,Light rain,Null
1764466,5814760,31740,,526500,0,0,0,1,0,East,2005/2006,BOW ST,WALLIS ST,,Non-Injury Crash,No,2006,0,West,0,0,0,Flat,0,,0,,0,Overcast,854501,0,0,0,2,0,0,0,0,1,,0,0,Waikato Region,Nil,2-way,Sealed,0,0,0,0,50,0,Null,1,0,,13,Waikato District,Nil,0,0,0,0,0,0,Urban,0,0,0,Fine,Null
1799785,5815637,31741,,528800,0,,0,2,,Null,2006/2007,NORTON ROAD,MILL ST,,Non-Injury Crash,No,2006,,West,,0,,Flat,,,,,,Dark,904700,0,0,0,4,,,0,,,,,,Waikato Region,Nil,2-way,Sealed,,0,0,,50,,On,0,0,,16,Hamilton City,Traffic Signals,,,,,0,0,Urban,0,,,Fine,Null
1764787,5886992,31742,,521122,0,0,0,1,0,West,2006/2007,GLENBROOK ROAD,OSTRICH ROAD,,Minor Crash,No,2006,0,East,1,0,1,Hill Road,0,,0,,0,Overcast,809900,1,0,0,2,0,0,0,0,0,,0,0,Auckland Region,Nil,2-way,Sealed,0,0,0,0,100,0,None,0,0,,76,Auckland,Nil,0,0,0,0,0,0,Open,0,0,0,Light rain,Null
1764763,5911314,31743,,520500,0,,0,1,,South,2005/2006,SH 1N,MT WGTN OFF NBD,,Non-Injury Crash,Yes,2006,,North,,0,,Flat,,,,,,Overcast,636200,0,0,0,3,,,0,,,,,,Auckland Region,Nil,1-way,Sealed,,0,0,,100,,Off,1,0,80,76,Auckland,Nil,,,,,0,0,Open,0,,,Fine,Null
1327418,4909521,31744,,607502,0,0,0,1,0,Null,2005/2006,RONGAHERE ROAD,UNKNOWN CRASH LOC,,Serious Crash,No,2006,0,North,0,0,0,Flat,0,,0,,0,Bright sun,3011601,0,0,0,2,0,0,0,0,0,,0,0,Otago Region,Nil,2-way,Sealed,0,0,1,0,100,0,Null,0,0,,72,Clutha District,Unknown,0,0,0,1,0,0,Open,0,0,0,Fine,Null
1766450,5919424,31745,,516800,0,,0,2,,Null,2006/2007,CHESTERFIELD AVENUE,KESTEVEN AVENUE,,Non-Injury Crash,No,2006,,East,,0,,Flat,,,,,,Bright sun,512500,0,0,0,2,,,0,,,,,,Auckland Region,Nil,2-way,Sealed,,0,0,,50,,Off,0,0,,76,Auckland,Stop,,,,,0,0,Urban,0,,,Fine,Null
1860016,5856852,31746,,534100,0,0,0,1,0,Null,2006/2007,BEACH ROAD,HINEMOA ST,,Non-Injury Crash,No,2006,0,North,0,0,0,Hill Road,0,,0,,0,Dark,1081006,0,0,0,2,0,1,0,0,0,,0,0,Bay of Plenty Region,Nil,2-way,Sealed,0,0,0,0,50,0,On,0,0,,22,Western Bay of Plenty District,Nil,0,0,0,0,0,0,Urban,0,0,0,Fine,Null
1763347,5430141,31747,,565200,0,,0,1,,North,2005/2006,HYDE ST,ARTHUR ST,,Serious Crash,No,2006,,South,,0,,Flat,,,,,,Dark,2019200,0,0,1,2,,,0,,,,,,Wellington Region,Nil,2-way,Sealed,,0,1,,50,,On,0,0,,46,Lower Hutt City,Nil,,,,,0,0,Urban,0,,,Fine,Null
1407469,4919149,31748,,603300,0,,0,2,,Null,2005/2006,CORNHILL ST,NORTH ROAD,,Minor Crash,No,2006,,North,,0,,Flat,,,,,,Dark,2870800,1,0,0,2,,,0,,,,,,Otago Region,Nil,2-way,Sealed,,0,0,,50,,On,0,0,,71,Dunedin City,Give way,,,,,0,0,Urban,0,,,Fine,Null
1719563,6048078,31749,,502700,0,0,0,1,0,South,2005/2006,MAINS AVENUE,CHURCHILL ST,,Non-Injury Crash,No,2006,0,North,0,0,0,Flat,0,,0,,0,Dark,91000,0,0,0,2,0,0,0,0,0,,0,1,Northland Region,Nil,2-way,Sealed,0,0,0,0,50,0,On,0,0,,2,Whangarei District,Nil,0,0,0,0,0,0,Urban,0,0,0,Fine,Null
1748711,5425624,31750,,573300,0,,0,1,,West,2005/2006,JOHN ST,TASMAN ST,,Minor Crash,No,2006,,East,,0,,Hill Road,,,,,,Overcast,2146300,1,0,0,2,,,0,,,1,,,Wellington Region,Nil,2-way,Sealed,,0,0,,50,,Null,0,0,,47,Wellington City,Nil,,,,,0,0,Urban,0,,,Fine,Null
1756317,5927110,31751,,507900,0,,0,1,,West,2005/2006,NORTHCOTE ROAD,NORTHCOTE OFF NBD W,,Non-Injury Crash,No,2006,,West,,0,,Flat,,,,,,Bright sun,303501,0,0,0,4,,,0,,,,,,Auckland Region,Nil,2-way,Sealed,,0,0,,50,,Off,0,0,,76,Auckland,Traffic Signals,,,,,1,0,Urban,0,,,Fine,Null
1286653,4886932,31752,,610230,1,,0,1,,South,2006/2007,SH 1S,MEDWAY ST,,Minor Crash,Yes,2006,,South,,0,,Flat,,,,,,Bright sun,3061200,1,0,0,2,,,0,,,,,,Southland Region,Nil,2-way,Sealed,,0,0,,50,,Null,0,0,,74,Gore District,Unknown,,,,,0,0,Urban,0,,,Fine,Null
1565644,5179227,31753,,587701,0,0,0,3,0,Null,2005/2006,BLENHEIM ROAD,HANSONS LANE,,Minor Crash,No,2006,0,East,0,0,0,Flat,0,,0,,1,Overcast,2477500,2,0,0,5,0,0,0,0,0,,0,0,Canterbury Region,Nil,2-way,Sealed,0,0,0,0,50,0,Null,0,0,,60,Christchurch City,Traffic Signals,0,0,0,0,0,0,Urban,0,0,0,Fine,Null
1794974,5823379,31754,,527917,0,0,0,1,0,South,2006/2007,TE RAPA ROAD,HUTCHINSON ROAD,,Minor Crash,No,2006,0,South,0,0,0,Flat,1,,0,,0,Bright sun,975803,1,0,0,2,0,0,0,0,0,,0,0,Waikato Region,Nil,2-way,Sealed,0,0,0,0,100,0,Off,0,0,,16,Hamilton City,Nil,0,0,0,0,1,0,Open,2,0,0,Fine,Null
1759991,5436669,31755,,569100,1,,1,0,,Null,2005/2006,MELLING LINK ROAD,RUTHERFORD ST,,Minor Crash,No,2006,,West,,0,,Flat,,,,,,Bright sun,1967200,1,0,0,2,,,0,,,,,,Wellington Region,Nil,2-way,Sealed,,0,0,,50,,Null,0,0,,46,Lower Hutt City,Give way,,,,,0,0,Urban,0,,,Fine,Null