X,Y,OBJECTID,advisorySpeed,areaUnitID,bicycle,bridge,bus,carStationWagon,cliffBank,crashDirectionDescription,crashFinancialYear,crashLocation1,crashLocation2,crashRoadSideRoad,crashSeverity,crashSHDescription,crashYear,debris,directionRoleDescription,ditch,fatalCount,fence,flatHill,guardRail,holiday,houseOrBuilding,intersection,kerb,light,meshblockId,minorInjuryCount,moped,motorcycle,NumberOfLanes,objectThrownOrDropped,otherObject,otherVehicleType,overBank,parkedVehicle,pedestrian,phoneBoxEtc,postOrPole,region,roadCharacter,roadLane,roadSurface,roadworks,schoolBus,seriousInjuryCount,slipOrFlood,speedLimit,strayAnimal,streetLight,suv,taxi,temporarySpeedLimit,tlaId,tlaName,trafficControl,trafficIsland,trafficSign,train,tree,truck,unknownVehicleType,urban,vanOrUtility,vehicle,waterRiver,weatherA,weatherB
1768672,5903009,31756,,523820,0,,0,2,,North,2006/2007,SH 1N,ORAMS OBR,,Non-Injury Crash,Yes,2006,,South,,0,,Hill Road,,,,,,Dark,760121,0,0,0,3,,,0,,,,,,Auckland Region,Nil,1-way,Sealed,,0,0,,100,,On,0,0,,76,Auckland,Nil,,,,,0,0,Open,0,,,Light rain,Null
1949752,5791315,31757,,542410,0,,0,4,,West,2006/2007,LANDING ROAD,EIVERS ROAD,,Non-Injury Crash,No,2006,,East,,0,,Flat,,,,,,Bright sun,1309702,0,0,0,2,,,0,,,,,,Bay of Plenty Region,Nil,2-way,Sealed,,0,0,,50,,Off,0,0,,25,Whakatane District,Nil,,,,,0,0,Urban,0,,,Fine,Null
1800237,5816531,31758,,529700,0,,0,2,,North,2005/2006,VICTORIA ST,MILL LANE,,Non-Injury Crash,No,2006,,South,,0,,Flat,,,,,,Overcast,909301,0,0,0,2,,,0,,,,,,Waikato Region,Nil,2-way,Sealed,,0,0,,50,,Null,0,0,,16,Hamilton City,Unknown,,,,,0,0,Urban,0,,,Light rain,Null
1740387,5918276,31759,,513102,0,0,0,2,0,North,2006/2007,CHRISTIAN ROAD,ONEILLS ROAD,,Minor Crash,No,2006,0,South,0,0,0,Hill Road,0,,0,,0,Dark,237700,1,0,0,2,0,0,0,0,0,,0,1,Auckland Region,Nil,2-way,Sealed,0,0,0,0,100,0,None,0,0,,76,Auckland,Unknown,0,0,0,0,0,0,Open,0,0,0,Mist or Fog,Null
1798359,5814530,31760,,529000,0,,0,2,,Null,2005/2006,KILLARNEY ROAD,CAMPBELL ST,,Non-Injury Crash,No,2006,,North,,0,,Flat,,,,,,Overcast,918000,0,0,0,2,,,0,,,,,,Waikato Region,Nil,2-way,Sealed,,0,0,,50,,Null,0,0,,16,Hamilton City,Give way,,,,,0,0,Urban,0,,,Null,Frost
1763876,5912644,31761,,520500,0,,0,2,,Null,2005/2006,MOUNT WELLINGTON HIGHWAY,MT WGTN OFF SBD S,,Non-Injury Crash,No,2006,,North,,0,,Flat,,,,,,Bright sun,637500,0,0,0,5,,,0,,,,,,Auckland Region,Nil,2-way,Sealed,,0,0,,50,,Null,0,0,,76,Auckland,Traffic Signals,,,,,0,0,Urban,0,,,Fine,Null
1745004,5921981,31762,,513530,0,0,0,1,0,North,2005/2006,COLWILL ROAD,REDWOOD DRIVE,,Non-Injury Crash,No,2006,0,South,0,0,1,Flat,0,Queens Birthday,0,,0,Dark,225802,0,0,0,2,0,0,0,0,0,,0,0,Auckland Region,Nil,2-way,Sealed,0,0,0,0,50,0,On,0,0,,76,Auckland,Nil,0,0,0,0,0,0,Urban,0,0,0,Fine,Null
1790324,5832822,31763,65,526601,0,0,0,1,1,North,2005/2006,HAKARIMATA ROAD,WADHAM ROAD,,Minor Crash,No,2006,0,South,0,0,0,Flat,0,,0,,0,Bright sun,853900,1,0,0,2,0,0,0,0,0,,0,0,Waikato Region,Nil,2-way,Sealed,0,0,0,0,100,0,Null,0,0,,13,Waikato District,Unknown,0,0,0,0,0,0,Open,0,0,0,Fine,Frost
1769875,5889641,31764,,521122,0,0,0,1,0,West,2005/2006,SH 22,WOODLYN DRIVE,,Non-Injury Crash,Yes,2006,0,East,0,0,1,Hill Road,0,,0,,0,Overcast,812600,0,0,0,2,0,0,0,0,0,,0,0,Auckland Region,Nil,2-way,Sealed,0,0,0,0,100,0,Off,0,0,,76,Auckland,Nil,0,0,0,0,0,0,Open,0,0,0,Fine,Null
1751610,5925016,31765,,510020,0,0,0,1,0,North,2005/2006,RANGATIRA ROAD,ISLAND BAY ROAD,,Minor Crash,No,2006,0,North,0,0,1,Flat,0,Queens Birthday,0,,0,Dark,346100,1,0,0,2,0,0,0,0,0,,0,0,Auckland Region,Nil,2-way,Sealed,0,0,0,0,50,0,On,0,0,,76,Auckland,Nil,0,0,0,0,0,0,Urban,0,0,0,Fine,Null
1834702,5534266,31766,,561902,0,,0,1,,Null,2005/2006,SH 3,SH 57,,Serious Crash,Yes,2006,,West,,0,,Flat,,,,,,Bright sun,1759000,1,0,0,2,,,0,,,,,,Manawatū-Whanganui Region,Nil,2-way,Sealed,,0,3,,100,,Null,0,0,,40,Palmerston North City,Give way,,,,,1,0,Open,0,,,Fine,Null
1878782,5793296,31767,45,538811,0,0,0,1,1,North,2006/2007,SH 36,DUDLEY ROAD,,Non-Injury Crash,Yes,2006,0,South,0,0,0,Hill Road,0,,0,,0,Bright sun,1250001,0,0,0,2,0,0,0,0,0,,0,0,Bay of Plenty Region,Nil,2-way,Sealed,0,0,0,0,100,0,Null,0,0,,24,Rotorua District,Unknown,0,0,0,1,0,0,Open,0,0,0,Fine,Null
1773311,5577720,31768,,556300,0,,0,1,,West,2005/2006,FITZHERBERT AVENUE,SH 3,,Minor Crash,No,2006,,West,,0,,Flat,,,,,,Bright sun,1723000,1,1,0,2,,,0,,,,,,Manawatū-Whanganui Region,Nil,2-way,Sealed,,0,0,,50,,Null,0,0,,37,Whanganui District,Nil,,,,,0,0,Urban,0,,,Fine,Null
1767859,5881622,31769,,525910,0,,0,1,,East,2006/2007,TASMAN ST,HELVETIA ROAD,,Minor Crash,No,2006,,North,,0,,Flat,,,,,,Dark,819600,1,0,0,2,,,0,,,1,,,Auckland Region,Nil,2-way,Sealed,,0,0,,50,,On,0,0,,76,Auckland,Nil,,,,,0,0,Urban,0,,,Fine,Null
1759229,5910188,31770,,524002,0,,1,0,,East,2005/2006,RIMU ROAD,CORONATION ROAD,,Non-Injury Crash,No,2006,,West,,0,,Flat,,,,,,Overcast,722000,0,0,0,2,,,0,,,1,,,Auckland Region,Nil,2-way,Sealed,,0,0,,50,,Off,0,0,,76,Auckland,Nil,,,,,0,0,Urban,0,,,Fine,Null
1756824,5928291,31771,,507900,0,,0,2,,Null,2006/2007,SHAKESPEARE ROAD,WATERLOO ROAD,,Non-Injury Crash,No,2006,,East,,0,,Flat,,,,,,Bright sun,304300,0,0,0,2,,,0,,,,,,Auckland Region,Nil,2-way,Sealed,,0,0,,50,,Off,0,0,,76,Auckland,Give way,,,,,0,0,Urban,0,,,Fine,Null
1756755,5914431,31772,,518500,0,,0,2,,South,2005/2006,MOUNT EDEN ROAD,HUNTERS PARK,,Non-Injury Crash,No,2006,,North,,0,,Flat,,,,,,Overcast,563200,0,0,0,2,,,0,,,,,,Auckland Region,Nil,2-way,Sealed,,0,0,,50,,Off,0,0,,76,Auckland,Nil,,,,,0,0,Urban,0,,,Light rain,Null
1755417,5922008,31773,,515202,0,,0,2,,Null,2005/2006,SH 1N,SHELLY OFF SBD,,Non-Injury Crash,Yes,2006,,South,,0,,Hill Road,,,,,,Bright sun,423600,0,0,0,4,,,0,,,,,,,Bridge,1-way,Sealed,,0,0,,80,,Off,0,0,,76,Auckland,Nil,,,,,0,0,Open,1,,,Fine,Null
1765985,5907792,31774,,523402,0,,0,2,,North,2005/2006,SH 1N,EAST TAMAKI OBR,,Non-Injury Crash,Yes,2006,,South,,0,,Flat,,,,,,Overcast,699200,0,0,0,3,,,0,,,,,,Auckland Region,Nil,2-way,Sealed,,0,0,,80,,Off,0,0,,76,Auckland,Nil,,,,,0,0,Open,0,,,Fine,Null
1802465,5817561,31775,,530000,0,,0,1,,North,2005/2006,COLERIDGE DRIVE,SHELLEY COURT,,Non-Injury Crash,No,2006,,West,,0,,Flat,,,,,,Bright sun,866500,0,0,0,2,,,0,,,,,,Waikato Region,Nil,2-way,Sealed,,0,0,,50,,Off,0,0,,16,Hamilton City,Nil,,,,,0,0,Urban,1,,,Fine,Null
1793708,5771276,31776,,531200,0,,0,2,,Null,2005/2006,SH 3,BALLANCE ST,,Minor Crash,Yes,2006,,North,,0,,Flat,,,,,,Overcast,997800,1,0,0,2,,,0,,,,,,Waikato Region,Nil,2-way,Sealed,,0,0,,50,,Off,0,0,,18,Ōtorohanga District,Nil,,,,,0,0,Urban,0,,,Fine,Null
1775456,5909739,31777,,523202,0,0,0,1,0,Null,2006/2007,WHITFORD-MARAETAI ROAD,TRIG ROAD,,Minor Crash,No,2006,0,West,0,0,0,Flat,0,,0,,0,Overcast,716401,1,0,0,2,0,0,0,0,0,,0,1,Auckland Region,Nil,2-way,Sealed,0,0,0,0,100,0,Off,0,0,,76,Auckland,Nil,0,0,0,0,0,0,Open,0,0,0,Fine,Null
1758416,5918014,31778,,517400,0,,0,1,,Null,2006/2007,BROADWAY,MORROW ST,,Minor Crash,No,2006,,North,,0,,Flat,,,,,,Bright sun,451300,1,1,0,4,,,0,,,,,,Auckland Region,Nil,2-way,Sealed,,0,0,,50,,Null,0,0,,76,Auckland,Nil,,,,,0,0,Urban,0,,,Fine,Null
1749536,5933410,31779,,509000,0,,0,1,,North,2005/2006,PAREMOREMO ROAD,PRIMROSE LANE,,Minor Crash,No,2006,,North,,0,,Flat,,,,,,Dark,179303,1,0,0,2,,,0,,,,,,Auckland Region,Nil,2-way,Sealed,,0,0,,80,,None,0,0,,76,Auckland,Nil,,,,,0,0,Open,1,,,Fine,Null
1753799,5935597,31780,,508704,0,,0,1,,Null,2006/2007,OTEHA VALLEY ROAD,RISING PARADE,,Non-Injury Crash,No,2006,,West,,0,,Flat,,,,,,Twilight,178608,0,0,0,4,,,0,,,,,,Auckland Region,Nil,2-way,Sealed,,0,0,,50,,On,0,0,,76,Auckland,Give way,,,,,0,0,Urban,0,,,Heavy rain,Null
1758959,5917083,31781,,516001,0,,0,3,,North,2005/2006,SH 1N,MARKET OFF SBD,,Minor Crash,Yes,2006,,South,,0,,Flat,,,,,,Dark,491200,1,0,0,3,,,0,,,,,,Auckland Region,Nil,1-way,Sealed,,0,0,,100,,On,0,0,,76,Auckland,Nil,,,,,0,0,Open,0,,,Fine,Null
1745643,5910939,31782,,512700,0,,0,1,,West,2005/2006,SCENIC DRIVE,TAWINI ROAD,,Non-Injury Crash,No,2006,,West,,0,,Flat,,,,,,Overcast,300900,0,0,0,2,,,0,,,,,,Auckland Region,Nil,2-way,Sealed,,0,0,,50,,Null,0,0,,76,Auckland,Unknown,,,,,1,0,Urban,0,,,Light rain,Null
1800299,5816430,31783,,529700,0,,0,2,,Null,2006/2007,VICTORIA ST,MILL ST,,Non-Injury Crash,No,2006,,North,,0,,Flat,,,,,,Dark,909302,0,0,0,4,,,0,,,,,,Waikato Region,Nil,2-way,Sealed,,0,0,,50,,On,0,0,,16,Hamilton City,Traffic Signals,,,,,0,0,Urban,0,,,Fine,Null
1757421,5928931,31784,,507800,0,,0,2,,Null,2006/2007,KITCHENER ROAD,FENWICK AVENUE,,Non-Injury Crash,No,2006,,West,,0,,Flat,,,,,,Bright sun,310800,0,0,0,2,,,0,,,,,,Auckland Region,Nil,2-way,Sealed,,0,0,,50,,Off,0,0,,76,Auckland,Nil,,,,,0,0,Urban,0,,,Fine,Null
1780823,5871326,31785,,526701,0,0,0,1,0,East,2005/2006,MERCER FERRY ROAD,DOUGLAS ROAD,,Non-Injury Crash,No,2006,0,West,0,0,1,Hill Road,0,,0,,0,Dark,844000,0,0,0,2,0,0,0,0,0,,0,0,Waikato Region,Nil,2-way,Sealed,0,0,0,0,100,0,None,0,0,,13,Waikato District,Nil,0,0,0,0,0,0,Open,0,0,0,Heavy rain,Null
1756147,5944042,31786,,505909,0,0,0,2,0,South,2006/2007,Z CPK PENISULA PLAZA,WHANGAPARAOA ROAD,,Non-Injury Crash,No,2006,0,West,0,0,0,Flat,0,,0,,0,Bright sun,174013,0,0,0,0,0,0,0,0,1,,0,0,Auckland Region,Nil,Off road,Sealed,0,0,0,0,30,0,Off,0,0,,76,Auckland,Nil,0,0,0,0,0,0,Urban,0,0,0,Fine,Null
1891047,5566867,31787,,549200,0,0,0,1,0,North,2006/2007,SH 2,FRASER ROAD,,Minor Crash,Yes,2006,0,North,0,0,0,Flat,0,,0,,0,Bright sun,1515500,1,0,0,2,0,0,0,0,0,,0,0,Hawke's Bay Region,Nil,2-way,Sealed,0,0,0,0,100,0,Null,0,0,,32,Central Hawke's Bay District,Nil,0,0,0,1,0,0,Open,0,0,0,Fine,Null
1770339,5911317,31788,,523106,0,,0,2,,Null,2005/2006,TI RAKAU DRIVE,BOTANY ROAD,,Non-Injury Crash,No,2006,,East,,0,,Flat,,,,,,Dark,711174,0,0,0,4,,,0,,,,,,Auckland Region,Nil,2-way,Sealed,,0,0,,50,,On,0,0,,76,Auckland,Give way,,,,,0,0,Urban,0,,,Light rain,Null
1755168,5918281,31789,,515500,0,,0,2,,West,2006/2007,SH 16,NEWTON OBR,,Minor Crash,Yes,2006,,East,,0,,Flat,,,,,,Bright sun,418800,1,0,0,4,,,0,,,,,,Auckland Region,Nil,1-way,Sealed,,0,0,,100,,Off,0,0,80,76,Auckland,Nil,,,,,0,0,Open,0,,,Fine,Null
1760884,5916469,31790,,516002,0,,0,0,,Null,2005/2006,GREEN LANE EAST,LOCHIEL ROAD,,Minor Crash,No,2006,,South,,0,,Flat,,,,,,Dark,493700,1,0,0,1,,,0,,,1,,,Auckland Region,Nil,2-way,Sealed,,0,0,,50,,On,0,0,,76,Auckland,Nil,,,,,0,0,Urban,1,,,Fine,Null
1693535,5675951,31791,,552002,0,,0,2,,Null,2006/2007,GOVER ST,GILBERT ST,,Minor Crash,No,2006,,South,,0,,Flat,,,,,,Overcast,1595500,1,0,0,2,,,0,,,,,,Taranaki Region,Nil,2-way,Sealed,,0,0,,50,,Null,0,0,,33,New Plymouth District,Stop,,,,,0,0,Urban,0,,,Fine,Null
1748669,5945043,31792,,506201,0,,0,2,,North,2006/2007,SH 1N,SILVERDALE OFF NBD,,Minor Crash,Yes,2006,,North,,0,,Flat,,Christmas New Year,,,,Overcast,176801,1,0,0,2,,,0,,,,,,Auckland Region,Nil,1-way,Sealed,,0,0,,100,,Off,0,0,,76,Auckland,Nil,,,,,0,0,Open,0,,,Fine,Null
1802562,5817599,31793,,530000,0,,0,2,,Null,2006/2007,POWELLS ROAD,TRAMWAY ROAD,,Minor Crash,No,2006,,West,,0,,Flat,,,,,,Overcast,866500,1,0,0,2,,,0,,,,,,Waikato Region,Nil,2-way,Sealed,,0,0,,50,,Null,0,1,,16,Hamilton City,Give way,,,,,0,0,Urban,0,,,Light rain,Null
1726940,6039716,31794,55,501818,0,0,0,1,1,South,2006/2007,WHANGAREI HEADS ROAD,WAIKARAKA BEACH ROAD,,Minor Crash,No,2006,0,East,1,0,0,Flat,0,,0,,0,Overcast,73501,1,0,0,2,0,0,0,0,0,,0,0,Northland Region,Nil,2-way,Sealed,0,0,0,0,100,0,None,0,0,,2,Whangarei District,Nil,0,0,0,0,0,0,Open,0,0,0,Light rain,Null
1867599,5826504,31795,,536503,0,0,0,1,0,East,2006/2007,PLUMMERS POINT ROAD,SH 2,,Non-Injury Crash,No,2006,0,East,0,0,0,Flat,0,,0,,0,Dark,1187903,0,0,0,2,0,0,0,0,0,,0,1,Bay of Plenty Region,Nil,2-way,Sealed,0,0,0,0,100,0,On,0,0,,22,Western Bay of Plenty District,Nil,0,0,0,0,0,0,Open,0,0,0,Null,Null
1720512,6050172,31796,,502202,0,0,0,2,0,Null,2006/2007,BELMONT AVENUE,MEADOW PARK CRESCENT,,Non-Injury Crash,No,2006,0,South,0,0,0,Flat,0,,0,,0,Dark,87300,0,0,0,2,0,0,0,0,1,,0,0,Northland Region,Nil,2-way,Sealed,0,0,0,0,50,0,On,0,0,,2,Whangarei District,Give way,0,0,0,0,0,0,Urban,0,0,0,Light rain,Null
1766168,5916286,31797,,517100,0,0,0,1,0,North,2005/2006,ERIMA AVENUE,ANDERSON AVENUE,,Non-Injury Crash,No,2006,0,North,0,0,0,Flat,0,,0,,0,Dark,478900,0,0,0,2,0,0,0,0,0,,0,1,Auckland Region,Nil,2-way,Sealed,0,0,0,0,50,0,On,0,0,,76,Auckland,Nil,0,0,0,0,0,0,Urban,0,0,0,Heavy rain,Null
1762282,5425558,31798,,565400,0,0,0,1,0,South,2005/2006,COAST ROAD,PARENGA ST,,Serious Crash,No,2006,0,North,1,0,0,Flat,0,,0,,0,Overcast,2026102,0,0,0,2,0,0,0,0,0,,0,1,Wellington Region,Nil,2-way,Sealed,0,0,1,0,100,0,Null,0,0,,46,Lower Hutt City,Nil,0,0,0,0,0,0,Open,0,0,0,Light rain,Null
1741046,5718932,31799,,531710,0,0,0,1,0,North,2006/2007,SH 3,AWAKINO HEADS ROAD S,,Non-Injury Crash,Yes,2006,0,North,0,0,0,Flat,0,,0,,0,Dark,1016900,0,0,0,2,0,0,0,0,0,,0,0,Waikato Region,Nil,2-way,Sealed,0,0,0,0,100,0,None,0,0,,20,Waitomo District,Nil,0,0,0,0,0,0,Open,0,0,0,Light rain,Null
1793500,5771199,31800,,531200,0,,0,1,,Null,2005/2006,TURONGO ST,TUHORO ST,,Non-Injury Crash,No,2006,,South,,0,,Flat,,,,,,Twilight,997900,0,0,0,2,,,0,,,,,,Waikato Region,Nil,2-way,Sealed,,0,0,,50,,Off,0,0,,18,Ōtorohanga District,Give way,,,,,0,0,Urban,1,,,Fine,Null
1678761,6085784,31801,,501632,0,,0,2,,Null,2006/2007,SH 12,WAITAHEKE ROAD,,Minor Crash,Yes,2006,,North,,0,,Hill Road,,,,,,Bright sun,35401,1,0,0,2,,,0,,,,,,Northland Region,Nil,2-way,Sealed,,0,0,,100,,None,0,0,,1,Far North District,Nil,,,,,0,0,Open,0,,,Fine,Null
1765922,5905621,31802,,522400,0,,0,2,,Null,2005/2006,CARRUTH ROAD,BIRDWOOD AVENUE,,Non-Injury Crash,No,2006,,South,,0,,Flat,,,,,,Overcast,671801,0,0,0,2,,,0,,,,,,Auckland Region,Nil,2-way,Sealed,,0,0,,50,,Null,0,0,,76,Auckland,Stop,,,,,0,0,Urban,0,,,Fine,Null
1824440,5896175,31803,,533604,0,,0,2,,North,2006/2007,SH 25,ADAMS ROAD,,Minor Crash,Yes,2006,,North,,0,,Flat,,,,,,Overcast,1057003,6,0,0,2,,,0,,,,,,Waikato Region,Nil,2-way,Sealed,,0,0,,100,,Null,0,0,,11,Thames-Coromandel District,Unknown,,,,,0,0,Open,0,,,Fine,Null
1763837,5910187,31804,,521901,0,,0,2,,Null,2006/2007,GREAT SOUTH ROAD,ALBION ROAD,,Non-Injury Crash,No,2006,,South,,0,,Flat,,,,,,Twilight,782600,0,0,0,2,,,0,,,,,,Auckland Region,Nil,2-way,Sealed,,0,0,,50,,Off,0,0,,76,Auckland,Traffic Signals,,,,,0,0,Urban,0,,,Fine,Null
1772360,5914421,31805,,521602,0,,0,2,,Null,2006/2007,COOK ST,KAYELEEN PLACE,,Minor Crash,No,2006,,North,,0,,Flat,,,,,,Bright sun,650200,1,0,0,2,,,0,,,,,,Auckland Region,Nil,2-way,Sealed,,0,0,,50,,Off,0,0,,76,Auckland,Nil,,,,,0,0,Urban,0,,,Fine,Null
1798465,5817891,31806,,528403,0,,0,2,,Null,2006/2007,TE RAPA ROAD,GARNETT AVENUE,,Non-Injury Crash,No,2006,,South,,0,,Flat,,,,,,Overcast,908100,0,0,0,4,,,0,,,,,,Waikato Region,Nil,2-way,Sealed,,0,0,,60,,Null,0,0,,16,Hamilton City,Traffic Signals,,,,,0,0,Urban,0,,,Light rain,Null
1800804,5814463,31807,,529100,0,,0,1,,Null,2006/2007,CLARENCE ST,PEMBROKE ST,,Minor Crash,No,2006,,North,,0,,Flat,,,,,,Bright sun,931300,1,0,0,2,,,0,,,,,,Waikato Region,Nil,2-way,Sealed,,0,0,,50,,Off,1,0,,16,Hamilton City,Stop,,,,,0,0,Urban,0,,,Fine,Null
1763488,5908617,31808,,521901,0,,0,1,,West,2006/2007,MANGERE ROAD,CHELSEA AVENUE,,Non-Injury Crash,No,2006,,East,,0,,Flat,,,,,,Dark,786200,0,0,0,4,,,0,,,,,,Auckland Region,Nil,2-way,Sealed,,0,0,,50,,On,1,0,,76,Auckland,Traffic Signals,,,,,0,0,Urban,0,,,Fine,Null
1607664,5247826,31809,65,585700,0,,0,1,,North,2005/2006,SH 1S,GRETA RIV CV,,Minor Crash,Yes,2006,,South,,0,,Hill Road,,,,,,Overcast,2434701,3,0,0,2,,,0,,,,,,Canterbury Region,Nil,2-way,Sealed,,0,0,,100,,Null,0,0,,58,Hurunui District,Unknown,,,,,1,0,Open,0,,,Heavy rain,Null
1853983,5853949,31810,,534200,0,0,0,1,1,North,2006/2007,SH 2,TRIG ROAD SOUTH,,Non-Injury Crash,Yes,2006,0,North,0,0,0,Flat,0,,0,,0,Dark,1083301,0,0,0,2,0,0,0,0,0,,0,0,Waikato Region,Nil,2-way,Sealed,0,0,0,0,100,0,None,0,0,,12,Hauraki District,Unknown,0,0,0,0,0,0,Open,0,0,0,Fine,Null
1764022,5910827,31811,,520500,0,0,0,1,0,North,2005/2006,MOUNT WELLINGTON HIGHWAY,NEW BRIGHTON ROAD,,Non-Injury Crash,No,2006,0,North,0,0,1,Flat,0,,0,,0,Twilight,638100,0,0,0,4,0,0,0,0,0,,0,0,Auckland Region,Nil,2-way,Sealed,0,0,0,0,50,0,Off,0,0,,76,Auckland,Unknown,0,0,0,0,0,0,Urban,0,0,0,Fine,Null
1820865,5530825,31812,,562310,0,,0,1,,West,2006/2007,TREMAINE AVENUE,RANGITIKEI LINE,,Minor Crash,No,2006,,West,,0,,Flat,,,,,,Overcast,1823600,1,0,0,2,,,0,,,,,,Manawatū-Whanganui Region,Nil,2-way,Sealed,,0,0,,50,,Null,1,0,,40,Palmerston North City,Nil,,,,,0,0,Urban,0,,,Fine,Null
1758455,5920677,31813,,514101,0,,0,1,,East,2005/2006,QUAY ST,TAPORA ST,,Minor Crash,No,2006,,West,,0,,Flat,,,,,,Overcast,438214,1,0,0,4,,,0,,,,,,Auckland Region,Nil,2-way,Sealed,,0,0,,50,,Off,1,0,,76,Auckland,Nil,,,,,0,0,Urban,0,,,Fine,Null
1868501,5710445,31814,,541760,0,0,0,1,0,Null,2005/2006,PIPI ST,HAWAI ST,,Non-Injury Crash,No,2006,0,West,0,0,1,Hill Road,0,,0,,0,Dark,1266406,0,0,0,2,0,1,0,0,0,,0,0,Waikato Region,Nil,2-way,Sealed,0,0,0,0,50,0,On,0,0,,21,Taupo District,Give way,0,0,0,0,0,0,Urban,0,0,0,Fine,Null
1750942,5925595,31815,,510020,0,,0,1,,Null,2005/2006,RANGATIRA ROAD,HADFIELD ST,,Minor Crash,No,2006,,South,,0,,Hill Road,,,,,,Dark,345700,1,0,0,2,,,0,,,,,,Auckland Region,Nil,2-way,Sealed,,0,0,,50,,On,0,0,,76,Auckland,Nil,,,,,0,0,Urban,1,,,Fine,Null
1737325,5929513,31816,,505602,0,0,0,2,0,South,2005/2006,TAPU ROAD,SUNNY CRESCENT,,Non-Injury Crash,No,2006,0,North,0,0,0,Flat,0,,0,,0,Dark,216002,0,0,0,2,0,0,0,0,1,,0,0,Auckland Region,Nil,2-way,Sealed,0,0,0,0,50,0,None,0,0,,76,Auckland,Nil,0,0,0,0,0,0,Urban,0,0,0,Fine,Null
1399156,4913515,31817,,601900,0,0,0,1,0,West,2005/2006,SH 1S,ABBOTSFORD OBR,,Minor Crash,Yes,2006,0,East,0,0,0,Flat,1,,0,,0,Bright sun,2980603,1,0,0,4,0,0,0,0,0,,0,0,Otago Region,Nil,2-way,Sealed,0,0,0,0,100,0,Null,0,0,,71,Dunedin City,Unknown,0,0,0,0,1,0,Open,0,0,0,Fine,Null
1755090,5932930,31818,,508805,0,,0,1,,Null,2006/2007,EAST COAST ROAD,SUNRISE AVENUE,,Non-Injury Crash,No,2006,,South,,0,,Hill Road,,,,,,Dark,180876,0,0,0,4,,,0,,,,,,Auckland Region,Nil,2-way,Sealed,,0,0,,50,,On,1,0,,76,Auckland,Traffic Signals,,,,,0,0,Urban,0,,,Fine,Null
1826038,5886410,31819,,533502,0,,0,1,,Null,2006/2007,MACKAY ST,RICHMOND ST,,Non-Injury Crash,No,2006,,North,,0,,Flat,,,,,,Bright sun,1053000,0,0,0,2,,,0,,,,,,Waikato Region,Nil,2-way,Sealed,,0,0,,50,,Off,0,0,,11,Thames-Coromandel District,Nil,,,,,0,0,Urban,1,,,Fine,Null
1754917,5916456,31820,,517702,0,,0,1,,Null,2006/2007,SANDRINGHAM ROAD,ST LUKES ROAD,,Non-Injury Crash,No,2006,,South,,0,,Flat,,,,,,Overcast,540300,0,0,0,6,,,0,,,,,,Auckland Region,Nil,2-way,Sealed,,0,0,,50,,Off,1,0,,76,Auckland,Traffic Signals,,,,,0,0,Urban,0,,,Fine,Null
1747009,5919145,31821,,512402,0,0,0,1,0,North,2005/2006,TE ATATU ROAD,VERA ROAD,,Serious Crash,No,2006,0,North,0,0,1,Flat,0,,0,,0,Dark,254400,1,0,0,4,0,0,0,0,0,,0,0,Auckland Region,Nil,2-way,Sealed,0,0,1,0,50,0,On,0,0,,76,Auckland,Unknown,0,0,0,0,0,0,Urban,0,0,0,Fine,Null
1618230,5278320,31822,35,585601,0,0,0,1,0,West,2005/2006,LEADER ROAD EAST,MENDIP ROAD,,Serious Crash,No,2006,0,West,0,0,0,Hill Road,0,,0,,0,Dark,2431000,0,0,0,2,0,0,0,0,0,,0,0,Canterbury Region,Nil,2-way,Sealed,0,0,2,0,100,0,None,0,0,,58,Hurunui District,Unknown,0,0,0,1,0,0,Open,0,0,0,Light rain,Null
1798837,5814850,31823,,529000,0,0,0,0,0,Null,2005/2006,BANDON ST,SMITH ST,,Minor Crash,No,2006,0,North,0,0,1,Flat,0,,0,,0,Dark,918300,1,0,1,1,0,0,0,0,0,,0,0,Waikato Region,Nil,2-way,Sealed,0,0,0,0,50,0,On,0,0,,16,Hamilton City,Give way,0,0,0,0,0,0,Urban,0,0,0,Light rain,Null
1930331,5615896,31824,,547300,1,0,0,1,0,East,2006/2007,GLOUCESTER ST,HOWARD ROAD,,Minor Crash,No,2006,0,East,0,0,0,Flat,0,,0,,0,Bright sun,1461603,1,0,0,2,0,0,0,0,0,,0,0,Hawke's Bay Region,Nil,2-way,Sealed,0,0,0,0,50,0,Null,0,0,,31,Napier City,Nil,0,0,0,0,0,0,Urban,0,1,0,Fine,Null
1768077,5881055,31825,,525921,0,,0,2,,Null,2006/2007,HELVETIA ROAD,VICTORIA ST,,Non-Injury Crash,No,2006,,North,,0,,Hill Road,,,,,,Bright sun,821800,0,0,0,2,,,0,,,,,,Auckland Region,Nil,2-way,Sealed,,0,0,,50,,Off,0,0,,76,Auckland,Stop,,,,,0,0,Urban,0,,,Fine,Null
1936889,5615277,31826,,545632,0,,0,2,,North,2005/2006,SH 2,WAITANGI ROAD,,Serious Crash,Yes,2006,,South,,0,,Flat,,,,,,Dark,1403002,1,0,0,3,,,0,,,,,,Hawke's Bay Region,Nil,2-way,Sealed,,0,1,,100,,On,0,0,,31,Napier City,Nil,,,,,0,0,Open,0,,,Fine,Null
1769217,5880865,31827,,525922,0,0,0,2,0,North,2006/2007,GRAHAM ST,HARRIS ST,,Non-Injury Crash,No,2006,0,South,0,0,0,Flat,0,,0,,0,Bright sun,823200,0,0,0,2,0,0,0,0,1,,0,0,Auckland Region,Nil,2-way,Sealed,0,0,0,0,50,0,Off,0,0,,76,Auckland,Nil,0,0,0,0,0,0,Urban,0,0,0,Fine,Null