X,Y,OBJECTID,advisorySpeed,areaUnitID,bicycle,bridge,bus,carStationWagon,cliffBank,crashDirectionDescription,crashFinancialYear,crashLocation1,crashLocation2,crashRoadSideRoad,crashSeverity,crashSHDescription,crashYear,debris,directionRoleDescription,ditch,fatalCount,fence,flatHill,guardRail,holiday,houseOrBuilding,intersection,kerb,light,meshblockId,minorInjuryCount,moped,motorcycle,NumberOfLanes,objectThrownOrDropped,otherObject,otherVehicleType,overBank,parkedVehicle,pedestrian,phoneBoxEtc,postOrPole,region,roadCharacter,roadLane,roadSurface,roadworks,schoolBus,seriousInjuryCount,slipOrFlood,speedLimit,strayAnimal,streetLight,suv,taxi,temporarySpeedLimit,tlaId,tlaName,trafficControl,trafficIsland,trafficSign,train,tree,truck,unknownVehicleType,urban,vanOrUtility,vehicle,waterRiver,weatherA,weatherB
1749579,5913899,31828,,511303,0,,0,1,,East,2005/2006,GREAT NORTH ROAD,RATA ST,,Serious Crash,No,2006,,West,,0,,Flat,,,,,,Overcast,264901,0,0,0,6,,,0,,,1,,,Auckland Region,Nil,2-way,Sealed,,0,1,,50,,Off,0,0,,76,Auckland,Traffic Signals,,,,,0,0,Urban,0,,,Light rain,Null
1885543,5773051,31829,,540420,0,0,0,1,0,North,2006/2007,TE NGAE ROAD,SH 30A,,Non-Injury Crash,No,2006,0,North,0,0,0,Flat,0,,0,,1,Dark,1236600,0,0,0,2,0,0,0,0,0,,0,1,Bay of Plenty Region,Nil,2-way,Sealed,0,0,0,0,50,0,On,0,0,,24,Rotorua District,Unknown,0,0,0,0,0,0,Urban,0,0,0,Fine,Null
1800493,5816084,31830,,529700,0,,0,1,,West,2006/2007,PRINCES ST,VICTORIA ST,,Non-Injury Crash,No,2006,,West,,0,,Flat,,,,,,Bright sun,909800,0,0,0,2,,,0,,,,,,Waikato Region,Nil,2-way,Sealed,,0,0,,50,,Off,1,0,,16,Hamilton City,Nil,,,,,0,0,Urban,0,,,Fine,Null
1759465,5946816,31831,,505904,0,0,0,1,0,Null,2005/2006,GULF HARBOUR DRIVE,CAREEN GROVE,,Minor Crash,No,2006,0,East,0,0,0,Hill Road,0,,0,,0,Dark,174905,1,0,0,2,0,0,0,0,0,,0,0,Auckland Region,Nil,2-way,Sealed,0,0,0,0,50,0,On,0,0,,76,Auckland,Nil,0,0,0,1,0,0,Urban,0,0,0,Fine,Null
1503005,5168393,31832,,597720,0,0,0,1,0,South,2006/2007,RAKAIA BARRHILL METHVEN R,WOODS ROAD,,Minor Crash,No,2006,0,North,0,0,1,Flat,0,,0,,0,Dark,2751600,1,0,0,2,0,0,0,0,0,,0,0,Canterbury Region,Nil,2-way,Sealed,0,0,0,0,100,0,None,0,0,,63,Ashburton District,Unknown,0,0,0,0,0,0,Open,0,0,0,Fine,Null
1749108,5424278,31833,,576400,0,,0,1,,Null,2006/2007,MANSFIELD ST,ROY ST,,Minor Crash,No,2006,,North,,0,,Flat,,,,,,Dark,2170600,1,0,0,2,,,0,,,1,,,Wellington Region,Nil,2-way,Sealed,,0,0,,50,,On,0,0,,47,Wellington City,Nil,,,,,0,0,Urban,0,,,Heavy rain,Null
1882867,5826495,31834,,536821,0,,0,2,,Null,2006/2007,HEWLETTS ROAD,NEWTON ST,,Non-Injury Crash,No,2006,,South,,0,,Flat,,,,,,Bright sun,1204100,0,0,0,2,,,0,,,,,,Bay of Plenty Region,Nil,2-way,Sealed,,0,0,,50,,Off,0,0,,23,Tauranga City,Give way,,,,,0,0,Urban,0,,,Fine,Null
1761461,5914299,31835,,520202,0,,0,2,,Null,2006/2007,MAIN LINK,PENROSE INT S,,Non-Injury Crash,Yes,2006,,West,,0,,Flat,,,,,,Bright sun,612502,0,0,0,2,,,0,,,,,,Auckland Region,Motorway ramp,1-way,Sealed,,0,0,,50,,Off,0,0,,76,Auckland,Give way,,,,,0,0,Urban,0,,,Fine,Null
1753682,5929288,31836,,508420,0,,0,2,,Null,2005/2006,GLENFIELD ROAD,WAIRAU ROAD,,Non-Injury Crash,No,2006,,North,,0,,Flat,,,,,,Bright sun,183201,0,0,0,3,,,0,,,,,,Auckland Region,Nil,2-way,Sealed,,0,0,,50,,Off,0,0,,76,Auckland,Traffic Signals,,,,,0,0,Urban,0,,,Fine,Null
1768906,5905871,31837,,523711,0,,0,2,,Null,2005/2006,DAWSON ROAD,TE IRIRANGI DRIVE,,Non-Injury Crash,No,2006,,East,,0,,Flat,,,,,,Bright sun,713005,0,0,0,2,,,0,,,,,,Auckland Region,Nil,2-way,Sealed,,0,0,,50,,Off,0,0,,76,Auckland,Traffic Signals,,,,,0,0,Urban,0,,,Fine,Null
1633323,5436829,31838,,581812,0,0,0,1,0,South,2006/2007,SH 6,LUD VALLEY ROAD,,Minor Crash,Yes,2006,0,North,0,0,0,Flat,0,,0,,0,Bright sun,2360904,1,0,0,2,0,0,0,0,0,,0,0,Nelson Region,Nil,2-way,Sealed,0,0,0,0,100,0,Null,0,0,,52,Nelson City,Nil,0,0,0,1,0,0,Open,0,0,0,Fine,Null
1879573,5825770,31839,,538202,0,,0,0,,North,2006/2007,MIRRIELEES ROAD,DEN PLACE,,Non-Injury Crash,No,2006,,South,,0,,Flat,,,,,,Twilight,1162800,0,0,0,2,,,0,,,,,,Bay of Plenty Region,Nil,2-way,Sealed,,0,0,,50,,Off,1,0,,23,Tauranga City,Nil,,,,,0,0,Urban,1,,,Light rain,Null
1968127,5785563,31840,,542906,0,,0,0,,Null,2006/2007,SH 2,WAIOTAHI VALLEY BACK ROAD,,Serious Crash,Yes,2006,,North,,0,,Flat,,,,,,Bright sun,1337600,0,0,1,2,,,0,,,,,,Bay of Plenty Region,Nil,2-way,Sealed,,0,1,,100,,None,1,0,,27,Ōpōtiki District,Stop,,,,,0,0,Open,0,,,Fine,Null
1953889,5777881,31841,,542562,0,0,0,0,0,South,2006/2007,SH 2,STANLEY ROAD,,Minor Crash,Yes,2006,0,West,0,0,0,Flat,0,,0,,0,Twilight,1299102,1,0,1,2,0,0,0,0,0,,0,0,Bay of Plenty Region,Nil,2-way,Sealed,1,0,0,0,100,0,None,0,0,50,25,Whakatane District,Nil,0,0,0,0,0,0,Open,0,0,0,Fine,Null
1757537,5919873,31842,,514103,0,0,0,1,0,West,2006/2007,ST PAUL ST,SYMONDS ST,,Minor Crash,No,2006,0,West,0,0,0,Hill Road,0,,0,,0,Overcast,436700,1,0,1,1,0,0,0,0,1,,0,0,Auckland Region,Nil,2-way,Sealed,0,0,0,0,50,0,Off,0,0,,76,Auckland,Nil,0,0,0,0,0,0,Urban,0,0,0,Fine,Null
1797375,5816181,31843,,528501,0,,0,1,,West,2006/2007,LIVINGSTONE AVENUE,WAIMARIE ST,,Minor Crash,No,2006,,East,,0,,Hill Road,,,,,,Bright sun,905500,1,0,1,2,,,0,,,,,,Waikato Region,Nil,2-way,Sealed,,0,0,,50,,Off,0,0,,16,Hamilton City,Nil,,,,,0,0,Urban,0,,,Fine,Null
1764916,5910784,31844,,521801,0,,0,4,,North,2005/2006,SH 1N,OTAHUHU ON NBD,,Non-Injury Crash,Yes,2006,,North,,0,,Hill Road,,,,,,Bright sun,786700,0,0,0,3,,,0,,,,,,Auckland Region,Nil,1-way,Sealed,,0,0,,100,,Off,0,0,,76,Auckland,Nil,,,,,0,0,Open,0,,,Fine,Null
1866957,5713426,31845,,541720,0,,0,1,,West,2006/2007,STORY PLACE,TONGARIRO ST,,Non-Injury Crash,No,2006,,East,,0,,Flat,,,,,,Bright sun,1275600,0,0,0,2,,,0,,,,,,Waikato Region,Nil,2-way,Sealed,,0,0,,50,,Null,0,0,,21,Taupo District,Traffic Signals,,,,,0,0,Urban,1,,,Fine,Null
1756885,5447824,31846,,572100,0,,0,2,,Null,2005/2006,SH 1N,SH 58,,Non-Injury Crash,Yes,2006,,South,,0,,Flat,,,,,,Twilight,2070000,0,0,0,2,,,0,,,,,,Wellington Region,Nil,2-way,Sealed,,0,0,,50,,On,0,0,,44,Porirua City,Give way,,,,,0,0,Urban,0,,,Fine,Null
1620247,5427406,31847,,583700,1,,0,1,,Null,2006/2007,ANNESBROOK DRIVE,MAIN ROAD STOKE,,Serious Crash,No,2006,,North,,0,,Flat,,,,,,Bright sun,2337800,1,0,0,3,,,0,,,,,,Nelson Region,Nil,2-way,Sealed,,0,1,,50,,Null,0,0,,52,Nelson City,Give way,,,,,0,0,Urban,0,,,Fine,Null
1798855,5815836,31848,,528900,0,,0,1,,Null,2006/2007,NORTON ROAD,KENT ST,,Minor Crash,No,2006,,North,,0,,Flat,,,,,,Dark,912800,1,0,0,2,,,0,,,,,,Waikato Region,Nil,2-way,Sealed,,0,0,,50,,On,1,0,,16,Hamilton City,Give way,,,,,0,0,Urban,0,,,Fine,Null
1756014,5929047,31849,,508510,0,0,0,2,0,West,2005/2006,BOND CRESCENT,FORREST HILL ROAD,,Minor Crash,No,2006,0,East,0,0,0,Hill Road,0,,0,,0,Dark,195600,2,0,0,2,0,0,0,0,1,,0,0,Auckland Region,Nil,2-way,Sealed,0,0,0,0,50,0,On,0,0,,76,Auckland,Nil,0,0,0,0,0,0,Urban,0,0,0,Fine,Null
1803774,5841229,31850,,527111,0,0,0,1,0,North,2005/2006,TE HOE ROAD,ORINI ROAD,,Minor Crash,No,2006,0,North,0,0,0,Flat,0,,0,,0,Dark,947400,1,0,0,2,0,0,0,0,0,,0,0,Waikato Region,Nil,2-way,Sealed,0,0,0,0,100,0,Off,0,0,,13,Waikato District,Unknown,0,0,0,0,0,0,Open,0,0,0,Mist or Fog,Null
1846254,5772854,31851,,535261,0,0,0,1,0,West,2006/2007,WILTSDOWN ROAD,PARAONUI ROAD,,Non-Injury Crash,No,2006,0,East,0,0,1,Hill Road,0,,0,,0,Overcast,1132900,0,0,0,2,0,0,0,0,0,,0,1,Waikato Region,Nil,2-way,Sealed,0,0,0,0,100,0,None,0,0,,19,South Waikato District,Nil,0,0,0,0,0,0,Open,0,0,0,Fine,Null
1761749,5906566,31852,,524112,0,,0,2,,Null,2006/2007,MASSEY ROAD,MASSEY ON SBD,,Non-Injury Crash,No,2006,,North,,0,,Flat,,,,,,Overcast,742300,0,0,0,2,,,0,,,,,,Auckland Region,Nil,2-way,Sealed,,0,0,,50,,Null,0,0,,76,Auckland,Traffic Signals,,,,,0,0,Urban,0,,,Fine,Null
1460448,5082612,31853,,599500,0,0,0,1,0,Null,2006/2007,Z CPK CHURCH,CHURCH ST,,Minor Crash,No,2006,0,South,0,0,0,Flat,0,,0,,0,Bright sun,2793900,1,0,0,0,0,0,0,1,0,1,0,0,Canterbury Region,Nil,Off road,Sealed,0,0,0,0,50,0,Null,0,0,,64,Timaru District,Unknown,0,0,0,0,0,0,Urban,0,0,0,Fine,Null
1624048,6113110,31854,,500301,0,0,0,1,0,South,2005/2006,OKAHU ROAD,REDAN ROAD,,Non-Injury Crash,No,2006,0,South,1,0,0,Flat,0,,0,,0,Bright sun,15300,0,0,0,2,0,0,0,0,0,,0,0,Northland Region,Nil,2-way,Sealed,0,0,0,0,100,0,None,0,0,,1,Far North District,Nil,0,0,0,0,0,0,Open,0,0,0,Fine,Null
1760814,5435023,31855,,568701,0,,0,1,,Null,2006/2007,WAIWHETU ROAD,GUTHRIE ST,,Fatal Crash,No,2006,,West,,1,,Flat,,,,,,Overcast,1976700,0,0,0,2,,,0,,,1,,,Wellington Region,Nil,2-way,Sealed,,0,0,,50,,Null,0,0,,46,Lower Hutt City,Nil,,,,,0,0,Urban,0,,,Fine,Null
1963842,5785291,31856,70,542906,0,0,0,1,0,North,2005/2006,OHIWA LOOP ROAD,RUATUNA ROAD,,Serious Crash,No,2006,0,North,0,0,0,Flat,0,,0,,0,Bright sun,1338106,0,0,0,2,0,0,0,0,0,,0,0,Bay of Plenty Region,Nil,2-way,Sealed,0,0,1,0,100,0,Null,0,0,,27,Ōpōtiki District,Unknown,0,0,0,1,0,0,Open,0,0,0,Fine,Null
1802408,5816036,31857,,530100,0,,0,2,,South,2006/2007,PEACHGROVE ROAD,TE AROHA ST,,Non-Injury Crash,No,2006,,North,,0,,Flat,,,,,,Bright sun,896100,0,0,0,2,,,0,,,,,,Waikato Region,Nil,2-way,Sealed,,0,0,,50,,Off,0,0,,16,Hamilton City,Nil,,,,,0,0,Urban,0,,,Fine,Null
1747090,5918510,31858,,512402,0,0,0,1,0,Null,2005/2006,TIROROA AVENUE,WAKELING AVENUE,,Minor Crash,No,2006,0,East,0,0,0,Hill Road,0,Christmas New Year,1,,0,Bright sun,255100,1,0,0,2,0,0,0,0,0,,0,1,Auckland Region,Nil,2-way,Sealed,0,0,0,0,50,0,Off,0,0,,76,Auckland,Give way,0,0,0,0,0,0,Urban,0,0,0,Fine,Null
1638952,6114842,31859,,500202,0,0,0,1,1,East,2006/2007,PERIA ROAD,WELLS ROAD,,Minor Crash,No,2006,0,South,0,0,0,Flat,0,,0,,0,Dark,3900,1,0,0,2,0,0,0,0,0,,0,0,Northland Region,Nil,2-way,Unsealed,0,0,0,0,100,0,None,0,0,,1,Far North District,Nil,0,0,0,0,0,0,Open,0,0,0,Fine,Null
1772729,5895404,31860,,525530,0,,0,2,,Null,2005/2006,GREAT SOUTH ROAD,SETTLEMENT ROAD,,Non-Injury Crash,No,2006,,North,,0,,Flat,,,,,,Dark,804701,0,0,0,3,,,0,,,,,,Auckland Region,Nil,2-way,Sealed,,0,0,,50,,On,0,0,,76,Auckland,Traffic Signals,,,,,0,0,Urban,0,,,Fine,Null
1914358,5738130,31861,,542550,0,0,0,2,1,West,2005/2006,SH 38,KIORENUI ROAD,,Non-Injury Crash,Yes,2006,0,East,0,0,0,Hill Road,0,,0,,0,Bright sun,1330101,0,0,0,2,0,0,0,0,0,,0,0,Bay of Plenty Region,Nil,2-way,Sealed,0,0,0,0,100,0,Null,0,0,,25,Whakatane District,Unknown,0,0,0,0,0,0,Open,0,0,0,Fine,Null
1703417,5680183,31862,,551013,0,,0,2,,Null,2005/2006,SH 3,SH 3A,,Serious Crash,Yes,2006,,West,,0,,Flat,,,,,,Bright sun,1562602,1,0,0,4,,,0,,,,,,Taranaki Region,Nil,2-way,Sealed,,0,1,,100,,Null,0,0,,33,New Plymouth District,Give way,,,,,0,0,Open,0,,,Fine,Null
1755772,5928215,31863,,507900,1,,1,0,,North,2005/2006,WAIRAU ROAD,PORANA ROAD,,Minor Crash,No,2006,,North,,0,,Flat,,Christmas New Year,,,,Overcast,305201,1,0,0,4,,,0,,,,,,Auckland Region,Nil,2-way,Sealed,,0,0,,50,,Off,0,0,,76,Auckland,Nil,,,,,0,0,Urban,0,,,Fine,Null
1738806,5978422,31864,,506660,0,,0,1,,Null,2005/2006,SH 1N,WAYBY VALLEY ROAD,,Non-Injury Crash,Yes,2006,,North,,0,,Flat,,,,,,Dark,136400,0,0,0,2,,,0,,,,,,Auckland Region,Nil,2-way,Sealed,,0,0,,100,,None,0,0,,76,Auckland,Stop,,,,,0,0,Open,1,,,Fine,Null
1762436,5892517,31865,,521122,0,,0,2,,West,2005/2006,CLARK ROAD,EWEN PLACE,,Minor Crash,No,2006,,West,,0,,Flat,,,,,,Dark,809702,2,0,0,1,,,0,,,,,,Auckland Region,Nil,2-way,Sealed,,0,0,,100,,None,0,0,,76,Auckland,Nil,,,,,0,0,Open,0,,,Fine,Null
1568213,5186615,31866,,588402,0,,0,2,,Null,2005/2006,CAVENDISH ROAD,BARNES ROAD,,Minor Crash,No,2006,,South,,0,,Flat,,,,,,Bright sun,2529100,1,0,0,2,,,0,,,,,,Canterbury Region,Nil,2-way,Sealed,,0,0,,50,,Null,0,0,,60,Christchurch City,Stop,,,,,0,0,Urban,0,,,Fine,Null
1851544,5857768,31867,,534400,0,,0,2,,Null,2006/2007,SH 2,KENNY ST,,Non-Injury Crash,Yes,2006,,East,,0,,Flat,,Christmas New Year,,,,Overcast,1079900,0,0,0,2,,,0,,,,,,Waikato Region,Nil,2-way,Sealed,,0,0,,50,,Null,0,0,,12,Hauraki District,Stop,,,,,0,0,Urban,0,,,Fine,Null
1877137,5822823,31868,,537400,0,0,0,2,0,East,2006/2007,BIRCH AVENUE,CYPRESS ST,,Non-Injury Crash,No,2006,0,East,0,0,0,Flat,0,,0,,0,Overcast,1162702,0,0,0,2,0,0,0,0,1,,0,0,Bay of Plenty Region,Nil,2-way,Sealed,0,0,0,0,50,0,Null,0,0,,23,Tauranga City,Unknown,0,0,0,0,0,0,Urban,0,0,0,Fine,Null
1811776,5803340,31869,,527931,0,0,0,1,0,East,2005/2006,KAIPAKI ROAD,SPEAKE ROAD,,Non-Injury Crash,No,2006,0,North,0,0,1,Flat,0,,0,,0,Overcast,987902,0,0,0,2,0,0,0,0,0,,0,0,Waikato Region,Nil,2-way,Sealed,0,0,0,0,100,0,Null,0,0,,17,Waipa District,Unknown,0,0,0,0,0,0,Open,0,0,0,Fine,Null
1799280,5820686,31870,,527006,0,,0,2,,Null,2006/2007,WAIRERE DRIVE,RESOLUTION DRIVE,,Non-Injury Crash,No,2006,,East,,0,,Flat,,,,,,Bright sun,952106,0,0,0,2,,,0,,,,,,Waikato Region,Nil,2-way,Sealed,,0,0,,80,,Off,0,0,,16,Hamilton City,Give way,,,,,0,0,Open,0,,,Light rain,Null
1936899,5793364,31871,,542530,0,0,0,1,0,Null,2006/2007,WEST BANK ROAD,GOW ROAD,,Serious Crash,No,2006,0,South,0,0,0,Flat,0,,0,,0,Overcast,1322202,0,0,0,2,0,0,0,0,0,,0,1,Bay of Plenty Region,Nil,2-way,Sealed,0,0,1,0,100,0,Null,0,0,,25,Whakatane District,Nil,0,0,0,0,0,0,Open,0,0,0,Light rain,Null
1830431,5867391,31872,,533901,0,0,0,1,0,North,2006/2007,SH 2,HAURAKI ROAD,,Minor Crash,Yes,2006,0,East,1,0,0,Flat,0,,0,,0,Twilight,1064900,1,0,0,2,0,0,0,0,0,,0,0,Waikato Region,Nil,2-way,Sealed,0,0,0,0,100,0,None,0,0,,12,Hauraki District,Nil,0,0,0,0,0,0,Open,0,0,0,Fine,Null
1763718,5909667,31873,,521901,0,,0,2,,South,2006/2007,NIKAU ROAD,STATION ROAD,,Minor Crash,No,2006,,South,,0,,Hill Road,,,,,,Dark,782900,2,0,0,2,,,0,,,,,,Auckland Region,Nil,2-way,Sealed,,0,0,,50,,None,0,0,,76,Auckland,Nil,,,,,0,0,Urban,0,,,Fine,Null
1757558,5929425,31874,,507800,0,,0,2,,North,2005/2006,INGA ROAD,OMANA ROAD,,Non-Injury Crash,No,2006,,North,,0,,Flat,,,,,,Bright sun,311200,0,0,0,2,,,0,,,,,,Auckland Region,Nil,2-way,Sealed,,0,0,,50,,Off,0,0,,76,Auckland,Nil,,,,,0,0,Urban,0,,,Fine,Null
1405757,4915915,31875,,602900,0,,0,1,,West,2005/2006,MANOR PLACE,PRINCES ST,,Minor Crash,No,2006,,West,,0,,Flat,,,,,,Bright sun,2897500,1,0,1,2,,,0,,,,,,Otago Region,Nil,2-way,Sealed,,0,0,,50,,Null,0,0,,71,Dunedin City,Nil,,,,,0,0,Urban,0,,,Fine,Null
1748498,5970680,31876,,505500,0,0,0,1,0,Null,2006/2007,HILL ST,VICTORIA ST,,Non-Injury Crash,No,2006,0,South,0,0,0,Hill Road,0,,0,,0,Bright sun,140104,0,0,0,2,0,0,0,0,0,,0,0,Auckland Region,Nil,2-way,Sealed,0,0,0,0,50,0,Null,0,0,,76,Auckland,Nil,0,0,0,1,0,0,Urban,0,0,0,Fine,Null
1609980,5419516,31877,,581822,0,0,0,1,0,Null,2005/2006,SH 6,WAIROA BR S,,Minor Crash,Yes,2006,0,South,0,0,0,Flat,0,,0,,0,Bright sun,2355500,1,0,0,2,0,0,0,0,0,,0,0,Tasman Region,Nil,2-way,Sealed,0,0,0,0,80,0,Null,0,0,,51,Tasman District,Nil,1,1,0,0,0,0,Open,0,0,0,Fine,Null
1823649,5463717,31878,,578700,0,,0,1,,Null,2005/2006,CORADINE ST,PERRY ST,,Minor Crash,No,2006,,North,,0,,Flat,,,,,,Overcast,2238500,1,0,1,2,,,0,,,,,,Wellington Region,Nil,2-way,Sealed,,0,0,,50,,Null,0,0,,48,Masterton District,Give way,,,,,0,0,Urban,0,,,Light rain,Null
1801288,5812968,31879,,530400,0,,0,0,,East,2005/2006,BADER ST,SH3 ON RAMP,,Minor Crash,No,2006,,East,,0,,Flat,,,,,,Twilight,922300,1,0,1,2,,,0,,,,,,Waikato Region,Nil,2-way,Sealed,,0,0,,50,,Off,1,0,,16,Hamilton City,Unknown,,,,,0,0,Urban,0,,,Fine,Null
1769893,5899535,31880,,523911,0,,0,2,,North,2006/2007,SH 1N,GT SOUTH OBR,,Non-Injury Crash,Yes,2006,,South,,0,,Hill Road,,,,,,Twilight,766500,0,0,0,2,,,0,,,,,,Auckland Region,Nil,1-way,Sealed,,0,0,,100,,Off,0,0,,76,Auckland,Nil,,,,,0,0,Open,1,,,Fine,Null
1672648,6081917,31881,,501700,0,,0,1,,Null,2005/2006,DE MERLE ST,WIHONGI ST,,Non-Injury Crash,No,2006,,West,,0,,Flat,,,,,,Bright sun,42103,0,0,0,2,,,0,,,,,,Northland Region,Nil,2-way,Sealed,,0,0,,50,,Off,0,0,,1,Far North District,Stop,,,,,0,0,Urban,1,,,Fine,Null
1765106,5910054,31882,,521803,0,,0,2,,Null,2005/2006,OTAHUHU ON SBD,SH 1N,,Non-Injury Crash,Yes,2006,,South,,0,,Flat,,Easter,,,,Overcast,788300,0,0,0,3,,,0,,,,,,Auckland Region,Nil,1-way,Sealed,,0,0,,80,,Off,0,0,,76,Auckland,Nil,,,,,0,0,Open,0,,,Fine,Null
1563323,5179591,31883,,587701,0,,0,0,,Null,2005/2006,RACECOURSE ROAD,BUCHANANS ROAD,,Minor Crash,No,2006,,North,,0,,Flat,,,,,,Overcast,2479400,1,1,0,2,,,0,,,,,,Canterbury Region,Nil,2-way,Sealed,,0,0,,50,,Null,0,0,,60,Christchurch City,Give way,,,,,1,0,Urban,0,,,Fine,Null
1883454,5774516,31884,,539400,0,,0,1,,Null,2005/2006,SH 5,PURURU ST,,Non-Injury Crash,Yes,2006,,North,,0,,Flat,,,,,,Bright sun,1225100,0,0,0,4,,,0,,,,,,Bay of Plenty Region,Nil,2-way,Sealed,,0,0,,60,,Null,0,0,,24,Rotorua District,Give way,,,,,0,0,Urban,1,,,Fine,Null
1711848,5640536,31885,,553003,0,0,0,1,0,North,2005/2006,SH 3,SOLE ROAD,,Minor Crash,Yes,2006,0,North,0,0,1,Flat,0,,0,,0,Dark,1619700,1,0,0,2,0,0,0,0,0,,0,0,Taranaki Region,Nil,2-way,Sealed,0,0,0,0,100,0,None,0,0,,34,Stratford District,Nil,0,0,0,0,0,0,Open,0,0,0,Fine,Null
1864932,5546504,31886,,550101,0,0,0,1,0,West,2006/2007,RUAHINE ST,SH 2,,Serious Crash,No,2006,0,East,0,0,0,Flat,0,,0,,0,Bright sun,1531200,0,0,0,2,0,0,0,0,0,,0,0,Manawatū-Whanganui Region,Rail xing,2-way,Sealed,0,0,1,0,50,0,Null,0,0,,41,Tararua District,Traffic Signals,0,0,1,0,0,0,Urban,0,0,0,Fine,Null
1772891,5891727,31887,,521301,0,,0,2,,North,2005/2006,SH 1N,DRURY ON NBD,,Minor Crash,Yes,2006,,North,,0,,Flat,,,,,,Dark,808702,1,0,0,2,,,0,,,,,,Auckland Region,Nil,1-way,Sealed,,0,0,,100,,On,3,0,,76,Auckland,Nil,,,,,0,0,Open,0,,,Heavy rain,Null
1753507,5875872,31888,,526104,0,,0,2,,Null,2006/2007,QUEEN ST,VICTORIA AVENUE,,Minor Crash,No,2006,,South,,0,,Flat,,,,,,Bright sun,834800,2,0,0,2,,,0,,,,,,Auckland Region,Nil,2-way,Sealed,,0,0,,50,,Off,0,0,,76,Auckland,Give way,,,,,0,0,Urban,0,,,Fine,Null
1575499,5216862,31889,,585803,0,0,0,0,1,Null,2005/2006,BALCAIRN AMBERLEY ROAD,WESTERN TERRACE ROAD,,Minor Crash,No,2006,0,North,1,0,0,Flat,0,,0,,0,Dark,2439102,1,0,0,2,0,0,0,0,0,,0,0,Canterbury Region,Nil,2-way,Sealed,0,0,0,0,100,0,None,1,0,,58,Hurunui District,Give way,0,0,0,0,0,0,Open,0,0,0,Fine,Null
1679748,5403165,31890,,581240,0,,0,1,,East,2005/2006,STEPHENSON ST,CUBITT ST,,Minor Crash,No,2006,,East,,0,,Flat,,,,,,Bright sun,2299200,1,0,0,2,,,0,,,1,,,Marlborough Region,Nil,2-way,Sealed,,0,0,,50,,Null,0,0,,53,Marlborough District,Nil,,,,,0,0,Urban,0,,,Fine,Null
1764703,5909465,31891,,521802,0,0,0,0,0,North,2005/2006,HUTTON ST,FAIRBURN ROAD,,Non-Injury Crash,No,2006,0,North,0,0,1,Flat,0,,0,,0,Dark,788700,0,0,0,2,0,0,0,0,0,,0,0,Auckland Region,Nil,2-way,Sealed,0,0,0,0,50,0,On,1,0,,76,Auckland,Nil,0,0,0,0,0,0,Urban,1,0,0,Fine,Null
1878997,5820832,31892,,536508,0,,1,0,,Null,2006/2007,SH 2A,HAIRINI BR S,,Serious Crash,Yes,2006,,South,,0,,Flat,,,,,,Overcast,1174602,0,0,0,2,,,0,,,1,,,Bay of Plenty Region,Bridge,2-way,Sealed,,0,1,,70,,Null,0,0,,23,Tauranga City,Nil,,,,,0,0,Urban,0,,,Light rain,Null
1397738,4913075,31893,,602422,0,0,0,1,0,South,2005/2006,OLD BRIGHTON ROAD,WALTON PARK AVENUE,,Non-Injury Crash,No,2006,0,South,1,0,0,Hill Road,0,,0,,0,Bright sun,2980500,0,0,0,2,0,0,0,0,0,,0,0,Otago Region,Nil,2-way,Sealed,0,0,0,0,80,0,Null,0,0,,71,Dunedin City,Unknown,0,0,0,0,0,0,Open,0,0,0,Fine,Null
1798889,5816135,31894,,528800,0,,0,2,,Null,2005/2006,MAEROA ROAD,RIMU ST,,Non-Injury Crash,No,2006,,North,,0,,Flat,,,,,,Bright sun,903800,0,0,0,2,,,0,,,,,,Waikato Region,Nil,2-way,Sealed,,0,0,,50,,Null,0,0,,16,Hamilton City,Give way,,,,,0,0,Urban,0,,,Fine,Null
1768740,5904544,31895,,523722,0,,0,2,,West,2005/2006,REDOUBT ROAD,EVERGLADE DRIVE,,Non-Injury Crash,No,2006,,East,,0,,Hill Road,,,,,,Dark,715917,0,0,0,1,,,0,,,,,,Auckland Region,Nil,1-way,Sealed,,0,0,,50,,On,0,0,,76,Auckland,Traffic Signals,,,,,0,0,Urban,0,,,Light rain,Null
1755455,5945129,31896,,505908,0,,0,2,,Null,2006/2007,BRIGHTSIDE ROAD,KAURI ROAD,,Minor Crash,No,2006,,East,,0,,Flat,,,,,,Overcast,173502,2,0,0,2,,,0,,,,,,Auckland Region,Nil,2-way,Sealed,,0,0,,50,,Off,0,0,,76,Auckland,Stop,,,,,0,0,Urban,0,,,Light rain,Null
1757217,5920454,31897,,514102,0,,0,1,,South,2005/2006,ALBERT ST,VICTORIA ST WEST,,Non-Injury Crash,No,2006,,South,,0,,Flat,,,,,,Overcast,433900,0,0,0,2,,,0,,,,,,Auckland Region,Nil,2-way,Sealed,,0,0,,50,,Off,0,1,,76,Auckland,Nil,,,,,0,0,Urban,1,,,Fine,Null
1240324,4830078,31898,,610074,0,0,0,1,1,South,2005/2006,SH 1S,NICHOL ROAD N,,Minor Crash,Yes,2006,0,North,0,0,0,Flat,0,,0,,0,Overcast,3160500,1,0,0,2,0,0,0,0,0,,0,0,Southland Region,Nil,2-way,Sealed,0,0,0,0,100,0,Null,0,0,,75,Invercargill City,Unknown,0,0,0,0,0,0,Open,0,0,0,Light rain,Null