X,Y,OBJECTID,advisorySpeed,areaUnitID,bicycle,bridge,bus,carStationWagon,cliffBank,crashDirectionDescription,crashFinancialYear,crashLocation1,crashLocation2,crashRoadSideRoad,crashSeverity,crashSHDescription,crashYear,debris,directionRoleDescription,ditch,fatalCount,fence,flatHill,guardRail,holiday,houseOrBuilding,intersection,kerb,light,meshblockId,minorInjuryCount,moped,motorcycle,NumberOfLanes,objectThrownOrDropped,otherObject,otherVehicleType,overBank,parkedVehicle,pedestrian,phoneBoxEtc,postOrPole,region,roadCharacter,roadLane,roadSurface,roadworks,schoolBus,seriousInjuryCount,slipOrFlood,speedLimit,strayAnimal,streetLight,suv,taxi,temporarySpeedLimit,tlaId,tlaName,trafficControl,trafficIsland,trafficSign,train,tree,truck,unknownVehicleType,urban,vanOrUtility,vehicle,waterRiver,weatherA,weatherB
1788773,5755310,31899,,532000,0,,0,1,,Null,2005/2006,SH 3,TE KUMI ROAD,,Non-Injury Crash,Yes,2006,,South,,0,,Flat,,,,,,Bright sun,1007800,0,0,0,2,,,0,,,,,,Waikato Region,Nil,2-way,Sealed,,0,0,,50,,Null,0,0,,20,Waitomo District,Give way,,,,,0,0,Urban,1,,,Fine,Null
1803923,5825983,31900,75,527122,0,0,0,0,0,South,2006/2007,GORDONTON ROAD,SH 1B,,Non-Injury Crash,No,2006,0,North,0,0,0,Flat,0,,0,,0,Dark,953600,0,0,0,2,0,0,0,0,0,,0,0,Waikato Region,Nil,2-way,Sealed,0,0,0,0,100,0,None,0,0,,13,Waikato District,Nil,0,0,0,0,1,0,Open,0,0,0,Fine,Null
1756679,5919909,31901,,514102,0,,0,2,,Null,2005/2006,NELSON OFF NBD,UNION ST,,Non-Injury Crash,Yes,2006,,North,,0,,Hill Road,,Easter,,,,Bright sun,435500,0,0,0,3,,,0,,,,,,Auckland Region,Nil,1-way,Sealed,,0,0,,50,,Off,0,0,,76,Auckland,Traffic Signals,,,,,0,0,Urban,0,,,Fine,Null
1936992,5621523,31902,,546802,0,0,0,1,0,North,2005/2006,HASTINGS ST,EMERSON ST,,Non-Injury Crash,No,2006,0,North,0,0,0,Flat,0,,0,,0,Bright sun,1423900,0,0,0,2,0,0,0,0,1,,0,0,Hawke's Bay Region,Nil,2-way,Sealed,0,0,0,0,50,0,Null,0,0,,31,Napier City,Nil,0,0,0,0,0,0,Urban,1,0,0,Fine,Null
1747965,5912510,31903,,511902,0,,0,2,,Null,2006/2007,TITIRANGI ROAD,PLEASANT ROAD,,Non-Injury Crash,No,2006,,South,,0,,Flat,,,,,,Bright sun,292103,0,0,0,2,,,0,,,,,,Auckland Region,Nil,2-way,Sealed,,0,0,,50,,Off,0,0,,76,Auckland,Traffic Signals,,,,,0,0,Urban,0,,,Fine,Null
1691208,6082366,31904,,501500,0,0,0,1,0,Null,2006/2007,OTIRIA ROAD,KINGI ROAD,,Non-Injury Crash,No,2006,0,East,0,0,0,Flat,0,,0,,0,Dark,52400,0,0,0,2,0,0,0,0,0,,0,0,Northland Region,Nil,2-way,Sealed,0,0,0,0,100,0,None,0,0,,1,Far North District,Give way,0,1,0,0,0,0,Open,0,0,0,Fine,Null
1886683,5772523,31905,,538722,0,,0,1,,Null,2006/2007,HAMIORA PLACE,SH 30,,Non-Injury Crash,Yes,2006,,South,,0,,Flat,,,,,,Overcast,1257600,0,0,0,2,,,0,,,,,,Bay of Plenty Region,Nil,2-way,Sealed,,0,0,,50,,Null,0,0,,24,Rotorua District,Give way,,,,,1,0,Urban,0,,,Fine,Null
1755280,5444154,31906,,570900,0,,0,1,,West,2006/2007,MUNGAVIN AVENUE,MARTIN ST,,Minor Crash,No,2006,,East,,0,,Flat,,,,,,Bright sun,2054300,1,0,0,2,,,0,,,1,,,Wellington Region,Nil,2-way,Sealed,,0,0,,50,,Null,0,0,,44,Porirua City,Nil,,,,,0,0,Urban,0,,,Fine,Null
1785371,5447804,31907,,567902,0,,0,2,,West,2006/2007,SH 2,RIMUTAKA SUMMIT,,Minor Crash,Yes,2006,,South,,0,,Hill Road,,,,,,Dark,1916300,2,0,0,2,,,0,,,,,,Wellington Region,Nil,2-way,Sealed,,0,0,,100,,None,0,0,,45,Upper Hutt City,Nil,,,,,0,0,Open,0,,,Light rain,Null
1671076,6091209,31908,,501631,0,,0,1,,North,2005/2006,SH 1N,SETTLERS WAY,,Non-Injury Crash,Yes,2006,,North,,0,,Hill Road,,,,,,Overcast,32400,0,0,0,2,,,0,,,,,,Northland Region,Nil,2-way,Sealed,,0,0,,100,,None,0,0,,1,Far North District,Nil,,,,,0,0,Open,1,,,Light rain,Null
1882214,5774896,31909,,539400,0,,0,2,,West,2005/2006,CLAYTON ROAD,BROOKLAND ROAD,,Non-Injury Crash,No,2006,,East,,0,,Flat,,,,,,Bright sun,1224500,0,0,0,2,,,0,,,,,,Bay of Plenty Region,Nil,2-way,Sealed,,0,0,,50,,Null,0,0,,24,Rotorua District,Unknown,,,,,0,0,Urban,0,,,Fine,Null
1883742,5773188,31910,,539700,0,,0,0,,Null,2006/2007,SH 5,MALFROY ROAD,,Non-Injury Crash,Yes,2006,,East,,0,,Flat,,Christmas New Year,,,,Bright sun,1227300,0,0,1,5,,,0,,,,,,Bay of Plenty Region,Nil,2-way,Sealed,,0,0,,50,,Null,0,0,,24,Rotorua District,Traffic Signals,,,,,0,0,Urban,1,,,Fine,Null
1763999,5906431,31911,,524303,0,,0,3,,North,2006/2007,STATION ROAD,PEVERILL CRESCENT N,,Non-Injury Crash,No,2006,,North,,0,,Flat,,,,,,Overcast,657300,0,0,0,2,,,0,,,,,,Auckland Region,Nil,2-way,Sealed,,0,0,,50,,Off,0,0,,76,Auckland,Nil,,,,,0,0,Urban,0,,,Fine,Null
1720052,6050032,31912,,502201,0,,0,1,,Null,2005/2006,KIRIPAKA ROAD,PARAMOUNT PARADE,,Non-Injury Crash,No,2006,,North,,0,,Flat,,Queens Birthday,,,,Overcast,86900,0,0,0,2,,,0,,,,,,Northland Region,Nil,2-way,Sealed,,0,0,,50,,None,1,0,,2,Whangarei District,Give way,,,,,0,0,Urban,0,,,Light rain,Null
1626034,5430896,31913,,582600,0,1,0,0,0,Null,2006/2007,MAITAI VALLEY ROAD,GIBBS BR E,,Minor Crash,No,2006,0,West,0,0,0,Flat,0,,0,,0,Bright sun,2360602,3,0,0,2,0,0,0,0,0,,0,0,Nelson Region,Bridge,2-way,Sealed,0,0,0,0,50,0,None,1,0,,52,Nelson City,Give way,0,0,0,0,0,0,Urban,0,0,0,Fine,Null
1757561,5926223,31914,,507900,0,,0,1,,East,2006/2007,ESMONDE ROAD,BARRYS POINT ROAD,,Minor Crash,No,2006,,East,,0,,Flat,,,,,,Overcast,304200,1,0,1,4,,,0,,,,,,,Nil,2-way,Sealed,,0,0,,50,,Off,0,0,,76,Auckland,Traffic Signals,,,,,0,0,Urban,0,,,Fine,Null
1755508,5937627,31915,,506903,0,0,0,1,1,South,2006/2007,GLENVAR ROAD,ASHLEY AVENUE,,Non-Injury Crash,No,2006,0,North,0,0,0,Hill Road,0,,0,,0,Dark,166901,0,0,0,2,0,0,0,0,0,,0,0,Auckland Region,Nil,2-way,Sealed,0,0,0,0,50,0,On,0,0,,76,Auckland,Nil,0,0,0,0,0,0,Urban,0,0,0,Light rain,Null
1751714,5432824,31916,,574002,0,,0,3,,West,2006/2007,SH 1N,CENTENNIAL SBD,,Non-Injury Crash,Yes,2006,,South,,0,,Hill Road,,,,,,Overcast,2078304,0,0,0,3,,,0,,,,,,Wellington Region,Nil,2-way,Sealed,,0,0,,80,,Null,0,0,,47,Wellington City,Nil,,,,,0,0,Open,0,,,Light rain,Null
1756195,5936354,31917,,507000,0,0,0,1,1,North,2005/2006,HEBRON ROAD,BETHEL ROAD,,Minor Crash,No,2006,0,West,0,0,0,Hill Road,0,,0,,0,Dark,164800,1,0,0,2,0,0,0,0,0,,0,0,Auckland Region,Nil,2-way,Sealed,0,0,0,0,50,0,On,0,0,,76,Auckland,Nil,0,0,0,1,0,0,Urban,0,0,0,Fine,Null
1745133,5910781,31918,,512700,0,0,0,1,0,South,2005/2006,SCENIC DRIVE,TITIRANGI ROAD,,Non-Injury Crash,No,2006,0,East,0,0,0,Flat,0,,0,,0,Overcast,300900,0,0,0,2,0,0,0,0,0,,0,1,Auckland Region,Nil,2-way,Sealed,0,0,0,0,100,0,None,0,0,,76,Auckland,Nil,0,0,0,0,0,0,Open,0,0,0,Light rain,Null
1752500,5933591,31919,,508701,0,0,0,1,0,West,2005/2006,Z CPK PAK N SAVE,MERCARI WAY,,Non-Injury Crash,No,2006,0,North,0,0,0,Flat,0,,0,,0,Bright sun,178900,0,0,0,0,0,0,0,0,1,,0,0,Auckland Region,Nil,Off road,Sealed,0,0,0,0,30,0,Off,1,0,,76,Auckland,Nil,0,0,0,0,0,0,Urban,0,0,0,Fine,Null
1768962,5900858,31920,,524902,0,,0,2,,East,2006/2007,ALFRISTON ROAD,GREAT SOUTH ROAD,,Non-Injury Crash,No,2006,,West,,0,,Flat,,,,,,Overcast,758200,0,0,0,2,,,0,,,,,,Auckland Region,Nil,2-way,Sealed,,0,0,,50,,Null,0,0,,76,Auckland,Unknown,,,,,0,0,Urban,0,,,Fine,Null
1565042,5179981,31921,,587701,0,,0,2,,Null,2005/2006,SH 73 CURLETTS,MAIN SOUTH ROAD,,Minor Crash,Yes,2006,,East,,0,,Flat,,,,,,Overcast,2478100,1,0,0,4,,,0,,,,,,Canterbury Region,Nil,2-way,Sealed,,0,0,,50,,Null,0,0,,60,Christchurch City,Traffic Signals,,,,,0,0,Urban,1,,,Fine,Null
1758099,5917851,31922,,515700,0,,0,2,,North,2005/2006,SH 1N,GILLIES OBR,,Non-Injury Crash,Yes,2006,,South,,0,,Hill Road,,,,,,Dark,443200,0,0,0,3,,,0,,,,,,Auckland Region,Nil,1-way,Sealed,,0,0,,80,,On,0,0,,76,Auckland,Nil,,,,,0,0,Open,0,,,Light rain,Null
1870822,5816742,31923,,536630,0,0,0,0,0,Null,2005/2006,SH 29,BELK ROAD,,Non-Injury Crash,Yes,2006,0,North,0,0,0,Hill Road,1,,0,,0,Overcast,1191301,0,0,0,2,0,0,0,0,0,,0,0,Bay of Plenty Region,Nil,2-way,Sealed,0,0,0,0,100,0,Null,2,0,,23,Tauranga City,Give way,0,0,0,0,0,0,Open,0,0,0,Light rain,Null
1766250,5439977,31924,,568102,0,0,0,2,0,North,2005/2006,STOKES VALLEY ROAD,EVANS ST,,Non-Injury Crash,No,2006,0,North,0,0,1,Flat,0,,0,,0,Dark,1931600,0,0,0,2,0,0,0,0,1,,0,0,Wellington Region,Nil,2-way,Sealed,0,0,0,0,50,0,On,0,0,,46,Lower Hutt City,Nil,0,0,0,0,0,0,Urban,0,0,0,Fine,Null
1549375,5182780,31925,,587904,0,,0,2,,Null,2005/2006,WEEDONS ROSS ROAD,BELLS ROAD,,Minor Crash,No,2006,,North,,0,,Flat,,,,,,Dark,2492905,1,0,0,2,,,0,,,,,,Canterbury Region,Nil,2-way,Sealed,,0,0,,100,,None,1,0,,62,Selwyn District,Nil,,,,,0,0,Open,0,,,Fine,Null
1929754,5605404,31926,,548200,0,,0,2,,Null,2005/2006,NELSON ST NORTH,AVENUE ROAD WEST,,Minor Crash,No,2006,,East,,0,,Flat,,,,,,Bright sun,1490300,1,0,0,3,,,0,,,,,,Hawke's Bay Region,Nil,2-way,Sealed,,0,0,,50,,Null,0,0,,30,Hastings District,Give way,,,,,0,0,Urban,0,,,Fine,Null
1406001,4916430,31927,,602900,0,,0,1,,Null,2005/2006,HIGH ST,BROADWAY,,Serious Crash,No,2006,,South,,0,,Hill Road,,,,,,Overcast,2896700,0,0,0,2,,,0,,,1,,,Otago Region,Nil,2-way,Sealed,,0,1,,50,,Null,0,0,,71,Dunedin City,Traffic Signals,,,,,0,0,Urban,0,,,Fine,Null
1800344,5820765,31928,,527009,1,,1,0,,Null,2006/2007,HUKANUI ROAD,CALLUM BRAE DRIVE,,Non-Injury Crash,No,2006,,North,,0,,Flat,,,,,,Overcast,952316,0,0,0,2,,,0,,,,,,Waikato Region,Nil,2-way,Sealed,,0,0,,50,,Off,0,0,,16,Hamilton City,Nil,,,,,0,0,Urban,0,,,Light rain,Null
1756724,5919893,31929,,514102,0,,0,0,,Null,2005/2006,UNION ST,WARIMU PLACE,,Non-Injury Crash,No,2006,,East,,0,,Flat,,,,,,Overcast,435500,0,0,0,3,,,0,,,,,,Auckland Region,Nil,2-way,Sealed,,0,0,,50,,Off,1,0,,76,Auckland,Nil,,,,,0,0,Urban,1,,,Fine,Null
1908537,5606398,31930,,545841,0,0,0,1,0,West,2006/2007,KERERU ROAD,SH 50,,Serious Crash,No,2006,0,East,0,0,1,Flat,0,,0,,0,Dark,1462401,0,0,0,2,0,0,0,0,0,,0,0,Hawke's Bay Region,Nil,2-way,Sealed,0,0,1,0,100,0,None,0,0,,30,Hastings District,Nil,0,0,0,1,0,0,Open,0,0,0,Fine,Null
1765060,5910263,31931,,521801,0,,0,1,,Null,2006/2007,SH 1N,PRINCES OBR,,Non-Injury Crash,Yes,2006,,North,,0,,Flat,,,,,,Overcast,787700,0,0,0,3,,,0,,,,,,Auckland Region,Nil,1-way,Sealed,,0,0,,100,,Off,0,0,,76,Auckland,Nil,,,,,2,0,Open,0,,,Fine,Null
1834829,5523965,31932,,577900,0,0,0,0,0,South,2005/2006,BALLANCE VALLEY ROAD,POST OFFICE ROAD,,Minor Crash,No,2006,0,North,0,0,0,Flat,0,,0,,0,Bright sun,2219900,1,0,1,2,0,0,0,0,0,,0,0,Manawatū-Whanganui Region,Nil,2-way,Sealed,0,0,0,0,100,0,Null,0,0,,41,Tararua District,Nil,0,0,0,0,0,0,Open,0,0,0,Fine,Null
1812335,5455185,31933,,579700,0,0,0,1,0,North,2005/2006,SH 2,VICTORIA ST,,Minor Crash,Yes,2006,0,North,0,0,0,Flat,0,,1,,0,Dark,2259300,2,0,0,2,0,0,0,0,0,,0,1,Wellington Region,Nil,2-way,Sealed,0,0,0,0,50,0,On,0,0,,49,Carterton District,Nil,0,0,0,0,0,0,Urban,0,0,0,Light rain,Null
1758070,5917861,31934,,515700,0,,0,2,,South,2005/2006,SH 1N,MOUNTAIN OBR,,Non-Injury Crash,Yes,2006,,North,,0,,Flat,,,,,,Bright sun,443700,0,0,0,5,,,0,,,,,,Auckland Region,Nil,1-way,Sealed,,0,0,,80,,Off,0,0,,76,Auckland,Nil,,,,,0,0,Open,0,,,Fine,Null
1753629,5438763,31935,,573522,0,0,0,0,1,South,2005/2006,SH 1N,TAWA OFF SBD,,Non-Injury Crash,Yes,2006,0,South,0,0,0,Flat,0,,0,,0,Overcast,2053703,0,0,0,2,0,0,0,0,0,,0,0,Wellington Region,Nil,1-way,Sealed,0,0,0,0,100,0,Null,0,0,,47,Wellington City,Nil,0,0,0,0,0,0,Open,1,0,0,Heavy rain,Null
1800045,5813753,31936,,529100,0,,0,2,,Null,2005/2006,LAKE CRESCENT,ALISON ST,,Non-Injury Crash,No,2006,,West,,0,,Flat,,,,,,Bright sun,929800,0,0,0,2,,,0,,,,,,Waikato Region,Nil,2-way,Sealed,,0,0,,50,,Off,0,0,,16,Hamilton City,Give way,,,,,0,0,Urban,0,,,Fine,Null
1763380,5909235,31937,,521901,0,0,0,2,0,Null,2006/2007,WALMSLEY ROAD,KAKA ST,,Minor Crash,No,2006,0,North,0,0,1,Flat,0,Christmas New Year,0,,0,Overcast,783300,1,0,0,4,0,0,0,0,0,,0,0,Auckland Region,Nil,2-way,Sealed,0,0,0,0,50,0,Off,0,0,,76,Auckland,Traffic Signals,0,0,0,0,0,0,Urban,0,0,0,Light rain,Null
1761831,5920024,31938,,516400,1,,0,0,,Null,2005/2006,TAMAKI DRIVE,WATENE CRESCENT,,Minor Crash,No,2006,,West,,0,,Flat,,,,,,Bright sun,498900,1,0,0,2,,,0,,,,,,Auckland Region,Nil,2-way,Sealed,,0,0,,50,,Off,1,0,,76,Auckland,Give way,,,,,0,0,Urban,0,,,Fine,Null
1764943,5907681,31939,,523404,0,,0,1,,Null,2005/2006,GRANGE ROAD,MCCULLOUGH AVENUE,,Non-Injury Crash,No,2006,,East,,0,,Flat,,Christmas New Year,,,,Bright sun,696101,0,0,0,2,,,0,,,,,,Auckland Region,Nil,2-way,Sealed,,0,0,,50,,Off,1,0,,76,Auckland,Nil,,,,,0,0,Urban,0,,,Fine,Null
1747119,5920196,31940,,512300,0,,0,3,,West,2005/2006,TORU ST,OLD TE ATATU ROAD,,Non-Injury Crash,No,2006,,East,,0,,Flat,,,,,,Bright sun,251600,0,0,0,2,,,0,,,,,,Auckland Region,Nil,2-way,Sealed,,0,0,,50,,Off,0,0,,76,Auckland,Nil,,,,,0,0,Urban,0,,,Fine,Null
1767677,5905263,31941,,523722,0,,0,2,,North,2005/2006,TE IRIRANGI OFF SBD,TE IRIRANGI DRIVE,,Minor Crash,Yes,2006,,South,,0,,Flat,,,,,,Bright sun,715701,2,0,0,3,,,0,,,,,,Auckland Region,Motorway ramp,1-way,Sealed,,0,0,,100,,Off,0,0,,76,Auckland,Nil,,,,,0,0,Open,1,,,Fine,Null
1763565,5906528,31942,,524301,0,,0,2,,North,2006/2007,FRANKLIN AVENUE,BUCKLAND ROAD,,Non-Injury Crash,No,2006,,West,,0,,Flat,,,,,,Overcast,655701,0,0,0,2,,,0,,,,,,Auckland Region,Nil,2-way,Sealed,,0,0,,50,,Off,0,0,,76,Auckland,Nil,,,,,0,0,Urban,0,,,Light rain,Null
1681487,6113072,31943,,500402,0,0,0,0,1,East,2005/2006,TAKOU BAY ROAD,OTAHA ROAD,,Minor Crash,No,2006,0,West,0,0,0,Hill Road,0,,0,,0,Bright sun,20401,1,0,1,2,0,0,0,0,0,,0,0,Northland Region,Nil,2-way,Unsealed,0,0,0,0,100,0,None,0,0,,1,Far North District,Nil,0,0,0,0,0,0,Open,0,0,0,Fine,Null
1881785,5779400,31944,,538602,0,,1,2,,West,2006/2007,SH 5,SH 36,,Non-Injury Crash,Yes,2006,,East,,0,,Hill Road,,,,,,Bright sun,1247200,0,0,0,2,,,0,,,,,,Bay of Plenty Region,Nil,2-way,Sealed,,0,0,,100,,Off,0,0,,24,Rotorua District,Nil,,,,,0,0,Open,0,,,Fine,Null
1405346,4916119,31945,,602900,0,,0,2,,Null,2005/2006,HIGH ST,MAITLAND ST,,Minor Crash,No,2006,,South,,0,,Hill Road,,,,,,Overcast,2896100,1,0,0,2,,,0,,,,,,Otago Region,Nil,2-way,Sealed,,0,0,,50,,Null,0,0,,71,Dunedin City,Give way,,,,,0,0,Urban,0,,,Fine,Null
1755792,5434728,31946,55,569800,0,0,0,1,0,West,2005/2006,SH 2,CORNISH ST,,Non-Injury Crash,Yes,2006,0,West,0,0,0,Flat,1,,0,,0,Overcast,2035800,0,0,0,2,0,0,0,0,0,,0,0,Wellington Region,Nil,1-way,Sealed,0,0,0,0,100,0,Null,0,0,,46,Lower Hutt City,Nil,0,0,0,0,0,0,Open,0,0,0,Light rain,Null
1854628,5851691,31947,,534200,0,,0,0,,North,2005/2006,SH 2,OLD TAURANGA ROAD,,Minor Crash,Yes,2006,,North,,0,,Hill Road,,,,,,Dark,1083601,1,0,0,2,,,0,,,,,,Waikato Region,Nil,2-way,Sealed,,0,0,,100,,None,0,0,,12,Hauraki District,Unknown,,,,,0,0,Open,1,,,Light rain,Null
1767412,5906010,31948,,523601,0,0,0,0,0,North,2006/2007,SH 1N,TE IRIRANGI OBR,,Non-Injury Crash,Yes,2006,0,South,0,0,0,Flat,1,,0,,0,Bright sun,707200,0,0,0,3,0,0,0,0,0,,0,0,Auckland Region,Nil,1-way,Sealed,0,0,0,0,100,0,Off,0,0,,76,Auckland,Nil,0,0,0,0,1,0,Open,0,0,0,Fine,Null
1587578,5408481,31949,,581841,0,0,0,0,0,East,2005/2006,SH 6,NORRIS GULLY BR,,Serious Crash,Yes,2006,0,West,0,0,0,Flat,0,,0,,0,Bright sun,2375001,0,0,1,2,0,0,0,1,0,,0,0,Tasman Region,Nil,2-way,Sealed,0,0,1,0,100,0,Null,1,0,,51,Tasman District,Nil,0,0,0,0,0,0,Open,0,0,0,Fine,Null
1724777,6042148,31950,,501818,0,0,0,1,0,East,2006/2007,WHANGAREI HEADS ROAD,WAIKARAKA ROAD,,Non-Injury Crash,No,2006,0,East,0,0,1,Flat,0,,0,,0,Bright sun,73400,0,0,0,2,0,0,0,0,0,,0,0,Northland Region,Nil,2-way,Sealed,0,0,0,0,100,0,Null,0,0,,2,Whangarei District,Unknown,0,0,0,0,0,0,Open,0,0,0,Fine,Null
1350884,4877251,31951,,606700,0,0,0,1,0,South,2005/2006,SH 1S,SMAILL ROAD,,Minor Crash,Yes,2006,0,North,0,0,1,Hill Road,0,,0,,0,Overcast,2985904,2,0,0,2,0,0,0,1,0,,0,0,Otago Region,Nil,2-way,Sealed,0,0,0,0,100,0,Null,0,0,,72,Clutha District,Unknown,0,0,0,0,0,0,Open,0,0,0,Heavy rain,Null
1484163,5241362,31952,55,587100,0,,0,2,,North,2005/2006,SH 73,HALPIN CRK BR,,Minor Crash,Yes,2006,,North,,0,,Hill Road,,,,,,Overcast,2460900,4,0,0,2,,,0,,,,,,Canterbury Region,Nil,2-way,Sealed,,0,0,,100,,Null,0,0,,62,Selwyn District,Unknown,,,,,0,0,Open,0,,,Heavy rain,Null
1696463,6084847,31953,,501620,0,1,0,1,0,South,2005/2006,SH 1N,UNNAMED ROAD,,Minor Crash,Yes,2006,0,North,0,0,0,Hill Road,0,,0,,0,Dark,47602,1,0,0,2,0,0,0,0,0,,0,0,Northland Region,Bridge,2-way,Sealed,0,0,0,0,100,0,None,0,0,,1,Far North District,Nil,0,0,0,0,0,0,Open,0,0,0,Mist or Fog,Null
1756570,5928759,31954,,507900,0,0,0,2,0,West,2006/2007,CORUNNA ROAD,NILE ROAD,,Non-Injury Crash,No,2006,0,West,0,0,0,Flat,0,,0,,0,Dark,306100,0,0,0,2,0,0,0,0,1,,0,0,Auckland Region,Nil,2-way,Sealed,0,0,0,0,50,0,On,0,0,,76,Auckland,Nil,0,0,0,0,0,0,Urban,0,0,0,Fine,Null
1623517,5430658,31955,,582500,0,,0,2,,Null,2005/2006,RUTHERFORD ST,SELWYN PLACE,,Non-Injury Crash,No,2006,,South,,0,,Flat,,Easter,,,,Bright sun,2319800,0,0,0,2,,,0,,,,,,Nelson Region,Nil,2-way,Sealed,,0,0,,50,,Null,0,1,,52,Nelson City,Traffic Signals,,,,,0,0,Urban,0,,,Fine,Null
1757169,5920324,31956,,514102,0,,1,0,,North,2005/2006,ALBERT ST,WELLESLEY ST WEST,,Minor Crash,No,2006,,South,,0,,Flat,,,,,,Bright sun,433802,1,0,0,2,,,0,,,1,,,Auckland Region,Nil,2-way,Sealed,,0,0,,50,,Off,0,0,,76,Auckland,Traffic Signals,,,,,0,0,Urban,0,,,Fine,Null
1858989,5788231,31957,,535232,0,0,0,1,1,East,2005/2006,SH 5,TAPAPA ROAD,,Serious Crash,Yes,2006,0,North,1,0,0,Flat,0,,0,,1,Twilight,1127702,1,0,0,2,0,0,0,0,0,,0,0,Waikato Region,Nil,2-way,Sealed,0,0,1,0,100,0,None,0,0,,19,South Waikato District,Unknown,0,0,0,0,0,0,Open,0,0,1,Fine,Null
1765066,5902862,31958,,524604,0,,0,2,,Null,2005/2006,ROSCOMMON ROAD,WIRI STATION ROAD,,Non-Injury Crash,No,2006,,South,,0,,Flat,,Easter,,,,Bright sun,781302,0,0,0,4,,,0,,,,,,Auckland Region,Nil,2-way,Sealed,,0,0,,70,,Off,0,0,,76,Auckland,Traffic Signals,,,,,0,0,Urban,0,,,Fine,Null
1755007,5927818,31959,,508620,0,0,0,1,0,South,2006/2007,SUNNYBRAE ROAD,ARCHERS ROAD,,Minor Crash,No,2006,0,North,0,0,0,Hill Road,0,,0,,0,Dark,202600,1,0,0,2,0,0,0,0,0,,0,1,Auckland Region,Nil,2-way,Sealed,1,0,0,0,50,0,On,0,0,,76,Auckland,Nil,0,0,0,0,0,0,Urban,0,0,0,Light rain,Null
1743907,5914957,31960,,513020,0,0,0,0,0,South,2006/2007,FOREST HILL ROAD,PINE AVENUE,,Serious Crash,No,2006,0,North,1,0,0,Flat,0,Christmas New Year,0,,0,Bright sun,281201,0,0,1,2,0,0,0,0,0,,0,0,Auckland Region,Nil,2-way,Sealed,0,0,1,0,70,0,Off,0,0,,76,Auckland,Nil,0,0,0,0,0,0,Urban,0,0,0,Fine,Null
1759269,5916680,31961,,516001,0,,0,2,,South,2006/2007,SH 1N,MARKET OBR,,Minor Crash,Yes,2006,,South,,0,,Flat,,,,,,Dark,491700,1,0,0,3,,,0,,,,,,Auckland Region,Nil,1-way,Sealed,,0,0,,100,,On,0,0,50,76,Auckland,Nil,,,,,0,0,Open,0,,,Fine,Null
1618461,5424707,31962,,581715,0,0,0,1,0,Null,2005/2006,SUFFOLK ROAD,SAXTON ROAD EAST,,Non-Injury Crash,No,2006,0,South,0,0,0,Flat,0,,0,,0,Dark,2359709,0,0,0,2,0,0,0,0,0,,0,0,Nelson Region,Nil,2-way,Sealed,0,0,0,0,50,0,On,0,0,,52,Nelson City,Nil,0,0,0,1,0,0,Urban,0,0,0,Fine,Null
1825676,5531419,31963,,560302,0,,0,2,,Null,2005/2006,SH 3,TE MATAI ROAD,,Serious Crash,Yes,2006,,North,,0,,Flat,,,,,,Overcast,1793100,1,0,0,2,,,0,,,,,,Manawatū-Whanganui Region,Nil,2-way,Sealed,,0,1,,100,,Null,0,0,,40,Palmerston North City,Stop,,,,,0,0,Open,0,,,Fine,Null
1698794,6087252,31964,35,501620,0,,0,1,,North,2005/2006,SH 11,WAIKARE ROAD,,Minor Crash,Yes,2006,,North,,0,,Hill Road,,,,,,Overcast,47601,3,0,0,2,,,0,,,,,,Northland Region,Nil,2-way,Sealed,,0,0,,100,,None,1,0,,1,Far North District,Nil,,,,,0,0,Open,0,,,Heavy rain,Null
1749108,5426464,31965,,573101,1,0,1,0,0,North,2005/2006,SH 1N KENT,BUCKLE ST,,Minor Crash,Yes,2006,0,South,0,0,0,Flat,0,,0,,0,Bright sun,2137000,1,0,0,3,0,0,0,0,1,,0,0,Wellington Region,Nil,1-way,Sealed,0,0,0,0,50,0,Null,0,0,,47,Wellington City,Nil,0,0,0,0,1,0,Urban,0,0,0,Fine,Strong wind
1565716,5182513,31966,,589000,0,,0,1,,Null,2006/2007,MEMORIAL AVENUE,GREERS ROAD,,Serious Crash,No,2006,,South,,0,,Flat,,,,,,Dark,2517800,0,0,1,2,,,0,,,,,,Canterbury Region,Nil,2-way,Sealed,,0,1,,50,,On,0,0,,60,Christchurch City,Traffic Signals,,,,,0,0,Urban,0,,,Fine,Null
1751205,5915095,31967,,514401,0,0,0,1,0,North,2006/2007,GREAT NORTH ROAD,WINGATE ST,,Non-Injury Crash,No,2006,0,South,0,0,0,Flat,0,,0,,0,Overcast,382300,0,0,0,2,0,0,0,0,1,,0,0,Auckland Region,Nil,2-way,Sealed,0,0,0,0,50,0,Off,0,0,,76,Auckland,Nil,0,0,0,0,0,0,Urban,1,0,0,Light rain,Null
1799503,5816665,31968,,529700,0,,0,3,,South,2005/2006,ULSTER ST,DARLEY ST,,Serious Crash,No,2006,,South,,0,,Flat,,,,,,Dark,908502,2,0,0,4,,,0,,,,,,Waikato Region,Nil,2-way,Sealed,,0,1,,60,,On,0,0,,16,Hamilton City,Nil,,,,,0,0,Urban,0,,,Fine,Null