X,Y,OBJECTID,advisorySpeed,areaUnitID,bicycle,bridge,bus,carStationWagon,cliffBank,crashDirectionDescription,crashFinancialYear,crashLocation1,crashLocation2,crashRoadSideRoad,crashSeverity,crashSHDescription,crashYear,debris,directionRoleDescription,ditch,fatalCount,fence,flatHill,guardRail,holiday,houseOrBuilding,intersection,kerb,light,meshblockId,minorInjuryCount,moped,motorcycle,NumberOfLanes,objectThrownOrDropped,otherObject,otherVehicleType,overBank,parkedVehicle,pedestrian,phoneBoxEtc,postOrPole,region,roadCharacter,roadLane,roadSurface,roadworks,schoolBus,seriousInjuryCount,slipOrFlood,speedLimit,strayAnimal,streetLight,suv,taxi,temporarySpeedLimit,tlaId,tlaName,trafficControl,trafficIsland,trafficSign,train,tree,truck,unknownVehicleType,urban,vanOrUtility,vehicle,waterRiver,weatherA,weatherB
1887066,5821434,31969,,536512,0,0,0,0,0,South,2006/2007,KAIRUA ROAD,SH 2,,Non-Injury Crash,No,2006,0,North,0,0,0,Flat,0,,0,,0,Bright sun,1206704,0,0,0,2,0,0,0,0,0,,0,0,Bay of Plenty Region,Nil,2-way,Sealed,0,0,0,0,100,0,Off,1,0,,23,Tauranga City,Nil,0,0,0,0,0,0,Open,0,0,0,Fine,Null
1767763,5900046,31970,,525101,0,0,0,0,0,South,2005/2006,FRIEDLANDERS ROAD,WILLIAM AVENUE,,Serious Crash,No,2006,0,South,0,0,0,Hill Road,0,,0,,0,Dark,772000,0,0,0,2,0,0,0,0,0,,0,0,Auckland Region,Nil,2-way,Sealed,0,0,2,0,50,0,On,0,0,,76,Auckland,Nil,1,0,0,0,0,0,Urban,2,0,0,Fine,Null
1748660,5913393,31971,,511401,0,0,0,1,0,Null,2006/2007,NORTHALL ROAD,WESTALL ROAD,,Minor Crash,No,2006,0,South,0,0,0,Hill Road,0,,0,,0,Dark,263400,1,0,0,2,0,1,0,0,0,,0,0,Auckland Region,Nil,2-way,Sealed,0,0,0,0,50,0,On,0,0,30,76,Auckland,Stop,0,0,0,0,0,0,Urban,0,0,0,Fine,Null
1406155,4915170,31972,,604300,0,,0,0,,Null,2005/2006,ANDERSONS BAY ROAD,STRATHALLAN ST,,Minor Crash,No,2006,,West,,0,,Flat,,,,,,Overcast,2933000,1,0,0,5,,,0,,,1,,,Otago Region,Nil,2-way,Sealed,,0,0,,50,,Null,1,0,,71,Dunedin City,Traffic Signals,,,,,0,0,Urban,0,,,Fine,Null
1367691,4889232,31973,,606700,0,0,0,1,1,North,2006/2007,BACK ROAD,FORSYTH ROAD,,Serious Crash,No,2006,0,North,0,0,0,Flat,0,,0,,0,Dark,2986902,1,0,0,2,0,0,0,0,0,,0,1,Otago Region,Nil,2-way,Unsealed,0,0,1,0,100,0,None,0,0,30,72,Clutha District,Unknown,0,0,0,0,0,0,Open,0,0,0,Fine,Null
1782661,5865859,31974,,527210,0,,0,2,,North,2006/2007,SH 1N,DRAG WAY,,Non-Injury Crash,Yes,2006,,South,,0,,Flat,,,,,,Bright sun,935600,0,0,0,4,,,0,,,,,,Waikato Region,Nil,2-way,Sealed,,0,0,,100,,None,0,0,,13,Waikato District,Nil,,,,,0,0,Open,0,,,Fine,Null
1771940,5892103,31975,,521203,0,,0,1,,West,2006/2007,BREMNER ROAD,VICTORIA ST,,Fatal Crash,No,2006,,West,,1,,Flat,,,,,,Twilight,807300,0,0,0,2,,,0,,,1,,,Auckland Region,Nil,2-way,Sealed,,0,0,,100,,None,0,0,,76,Auckland,Nil,,,,,0,0,Open,0,,,Fine,Null
1911723,5585687,31976,,545851,0,0,0,1,0,South,2006/2007,SH 2,BOUNDARY ROAD,,Minor Crash,Yes,2006,0,South,0,0,0,Flat,0,,0,,0,Bright sun,1464900,1,0,0,2,0,0,0,0,0,,0,1,Hawke's Bay Region,Nil,2-way,Sealed,0,0,0,0,100,0,Null,0,0,,30,Hastings District,Nil,0,0,0,0,0,0,Open,0,0,0,Fine,Null
1688165,6091939,31977,,501633,0,,0,1,,North,2005/2006,SH 10,OROMAHOE ROAD,,Serious Crash,Yes,2006,,South,,0,,Flat,,,,,,Dark,35800,0,0,0,2,,,0,,,1,,,Northland Region,Nil,2-way,Sealed,,0,1,,100,,None,0,0,,1,Far North District,Nil,,,,,0,0,Open,0,,,Fine,Null
1401391,4919346,31978,,602500,0,0,0,1,1,West,2006/2007,THREE MILE HILL ROAD,HALFWAY BUSH ROAD,,Minor Crash,No,2006,0,West,0,0,0,Hill Road,0,,0,,0,Dark,2980800,1,0,0,2,0,0,0,0,0,,0,0,Otago Region,Nil,2-way,Sealed,0,0,0,0,100,0,None,0,0,,71,Dunedin City,Unknown,0,0,0,0,0,0,Open,0,0,0,Fine,Null
1567017,5180202,31979,,590702,1,,0,1,,Null,2006/2007,RICCARTON ROAD,PURIRI ST,,Minor Crash,No,2006,,East,,0,,Flat,,,,,,Dark,2470900,1,0,0,2,,,0,,,,,,Canterbury Region,Nil,2-way,Sealed,,0,0,,50,,On,0,0,,60,Christchurch City,Give way,,,,,0,0,Urban,0,,,Fine,Null
1748354,5427261,31980,,573000,0,0,0,1,0,North,2005/2006,SH 1N,VIVIAN ST,,Minor Crash,Yes,2006,0,North,0,0,0,Hill Road,1,,0,,0,Bright sun,2129600,1,0,1,2,0,0,0,0,0,,0,0,Wellington Region,Nil,2-way,Sealed,0,0,0,0,100,0,Null,0,0,50,47,Wellington City,Nil,0,0,0,0,0,0,Open,0,0,0,Fine,Null
1932472,5601614,31981,,548810,0,,0,1,,Null,2005/2006,TE AUTE ROAD,PORTER DRIVE,,Non-Injury Crash,No,2006,,West,,0,,Flat,,,,,,Bright sun,1505700,0,0,0,2,,,0,,,,,,Hawke's Bay Region,Nil,2-way,Sealed,,0,0,,50,,Null,1,0,,30,Hastings District,Give way,,,,,0,0,Urban,0,,,Fine,Null
1753894,5918067,31982,,515432,0,0,0,2,0,West,2005/2006,DUNCAN MACLEAN LINK,WESTERN SPRINGS ROAD,,Minor Crash,No,2006,0,West,0,0,1,Hill Road,0,,0,,1,Dark,405500,1,0,0,2,0,0,0,0,1,,0,0,Auckland Region,Nil,2-way,Sealed,0,0,0,0,50,0,On,0,0,,76,Auckland,Stop,0,0,0,0,0,0,Urban,0,0,0,Fine,Null
1805714,5817464,31983,,527125,0,0,0,0,0,North,2005/2006,HOLLAND ROAD,RUAKURA ROAD,,Non-Injury Crash,No,2006,0,North,0,0,0,Flat,0,,0,,0,Dark,955000,0,0,0,2,0,0,0,0,0,,0,1,Waikato Region,Nil,2-way,Sealed,0,0,0,0,100,0,None,0,0,,13,Waikato District,Unknown,0,0,0,0,0,0,Open,1,0,0,Fine,Null
1798083,5832809,31984,,527123,0,0,0,1,0,East,2006/2007,SH 1B,HENRY ROAD,,Minor Crash,Yes,2006,0,East,0,0,1,Flat,0,,0,,0,Twilight,949800,1,0,0,2,0,0,0,0,0,,0,0,Waikato Region,Nil,2-way,Sealed,0,0,0,0,100,0,None,0,0,,13,Waikato District,Unknown,0,0,0,1,0,0,Open,0,0,0,Fine,Null
1982319,5670205,31985,,545500,0,0,0,1,0,East,2006/2007,Z CPK WILLIAMS & KETTLE,QUEEN/KING,,Non-Injury Crash,No,2006,0,North,0,0,1,Flat,0,,0,,0,Overcast,1388600,0,0,0,0,0,0,0,0,1,,0,0,Hawke's Bay Region,Nil,Off road,Sealed,0,0,0,0,50,0,Null,0,0,,29,Wairoa District,Nil,0,0,0,0,0,0,Urban,1,0,0,Fine,Null
1572089,5182703,31986,,592701,0,,0,1,,East,2006/2007,SHIRLEY ROAD,CHANCELLOR ST,,Minor Crash,No,2006,,East,,0,,Flat,,,,,,Bright sun,2595700,1,0,0,2,,,0,,,1,,,Canterbury Region,Nil,2-way,Sealed,,0,0,,50,,Null,0,0,,60,Christchurch City,Nil,,,,,0,0,Urban,0,,,Fine,Null
1765236,5909486,31987,,521802,0,0,0,2,0,South,2006/2007,SH 1N,PRINCES OBR,,Minor Crash,Yes,2006,0,North,0,0,0,Flat,1,,0,,0,Bright sun,788400,1,0,0,2,0,0,0,0,0,,0,0,Auckland Region,Nil,2-way,Sealed,0,0,0,0,100,0,None,0,0,,76,Auckland,Nil,0,0,0,0,0,0,Open,0,0,0,Fine,Null
1758308,5919335,31988,,515902,0,0,0,1,1,East,2006/2007,DOMAIN DRIVE,GARDEN ROAD,,Minor Crash,No,2006,0,West,0,0,0,Flat,0,,0,,0,Twilight,451400,1,0,0,2,0,0,0,0,0,,0,0,Auckland Region,Nil,2-way,Sealed,0,0,0,0,50,0,Off,0,0,,76,Auckland,Nil,0,0,0,0,0,0,Urban,0,0,0,Fine,Null
1718595,6049357,31989,,502300,0,0,0,0,0,Null,2006/2007,OLD SH 1N,KAMO ROAD,,Non-Injury Crash,Yes,2006,0,South,0,0,0,Flat,0,,0,,1,Dark,89602,0,0,0,4,0,1,0,0,0,,0,0,Northland Region,Nil,2-way,Sealed,0,0,0,0,50,0,On,0,0,,2,Whangarei District,Give way,1,0,0,0,0,0,Urban,1,0,0,Fine,Null
1822769,5527015,31990,,563300,1,,0,1,,Null,2005/2006,SUMMERHILL DRIVE,BYPASS ROAD,,Minor Crash,No,2006,,North,,0,,Hill Road,,,,,,Overcast,1814000,1,0,0,2,,,0,,,,,,Manawatū-Whanganui Region,Nil,2-way,Sealed,,0,0,,70,,Null,0,0,,40,Palmerston North City,Give way,,,,,0,0,Urban,0,,,Fine,Null
1801714,5817641,31991,,529502,0,,0,2,,South,2005/2006,PEACHGROVE ROAD,HOLLAND ROAD,,Minor Crash,No,2006,,South,,0,,Flat,,,,,,Overcast,874600,1,0,0,2,,,0,,,,,,Waikato Region,Nil,2-way,Sealed,,0,0,,50,,Null,0,0,,16,Hamilton City,Nil,,,,,0,0,Urban,0,,,Light rain,Null
1750532,5913541,31992,,511303,0,0,0,1,0,North,2006/2007,PORTAGE ROAD,NEVILLE ST,,Minor Crash,No,2006,0,South,0,0,0,Flat,0,,0,,0,Dark,265400,1,0,0,2,0,0,0,0,0,,0,1,Auckland Region,Nil,2-way,Sealed,0,0,0,0,50,0,On,0,0,,76,Auckland,Nil,0,0,0,0,0,0,Urban,0,0,0,Fine,Null
1751279,5927049,31993,,510010,0,0,0,1,0,East,2005/2006,LANCASTER ROAD,BEACH HAVEN ROAD,,Minor Crash,No,2006,0,North,0,0,0,Flat,0,,0,,0,Dark,343100,1,1,0,1,0,0,0,0,1,,0,0,Auckland Region,Nil,2-way,Sealed,0,0,0,0,50,0,On,0,0,,76,Auckland,Nil,0,0,0,0,0,0,Urban,0,0,0,Heavy rain,Null
1748446,5427272,31994,,573000,0,,0,1,,Null,2005/2006,GHUZNEE ST,WILLIS ST,,Non-Injury Crash,No,2006,,East,,0,,Hill Road,,,,,,Dark,2130700,0,0,0,2,,,0,,,,,,Wellington Region,Nil,1-way,Sealed,,0,0,,50,,On,1,0,,47,Wellington City,Traffic Signals,,,,,0,0,Urban,0,,,Fine,Null
1416175,4930117,31995,,601603,0,0,0,1,1,North,2005/2006,PURAKANUI ROAD,HEYWARD POINT ROAD,,Minor Crash,No,2006,0,South,0,0,0,Hill Road,0,,0,,0,Dark,2863809,1,0,0,2,0,0,0,0,0,,0,0,Otago Region,Nil,2-way,Unsealed,0,0,0,0,100,0,None,0,0,30,71,Dunedin City,Unknown,0,0,0,0,0,0,Open,0,0,0,Fine,Null
1732871,5948056,31996,,506646,0,,0,1,,West,2005/2006,SH 16,KANOHI ROAD,,Fatal Crash,Yes,2006,,North,,1,,Hill Road,,,,,,Bright sun,212503,1,0,3,2,,,0,,,,,,Auckland Region,Nil,2-way,Sealed,,0,1,,100,,None,0,0,,76,Auckland,Nil,,,,,0,0,Open,0,,,Fine,Null
1745169,5924422,31997,,513431,0,0,0,1,1,East,2005/2006,HOBSONVILLE ROAD,LUCKENS ROAD,,Minor Crash,No,2006,0,West,0,0,0,Hill Road,0,,0,,0,Overcast,223802,1,0,0,2,0,0,0,0,0,,0,0,Auckland Region,Nil,2-way,Sealed,0,0,0,0,50,0,Off,0,0,,76,Auckland,Nil,0,0,0,0,0,0,Urban,0,0,0,Fine,Null
1760311,5915788,31998,,516003,0,,0,1,,South,2005/2006,SH 1N,GREENLANE INT S,,Minor Crash,Yes,2006,,North,,0,,Flat,,,,,,Bright sun,494902,2,0,0,3,,,0,,,,,,Auckland Region,Nil,1-way,Sealed,,0,0,,100,,Off,0,0,,76,Auckland,Nil,,,,,0,0,Open,1,,,Fine,Null
1767111,5905524,31999,,524603,0,,0,2,,Null,2006/2007,GREAT SOUTH ROAD,PUHINUI ROAD,,Non-Injury Crash,No,2006,,North,,0,,Flat,,,,,,Bright sun,780205,0,0,0,2,,,0,,,,,,Auckland Region,Nil,2-way,Sealed,,0,0,,50,,Null,0,0,,76,Auckland,Give way,,,,,0,0,Urban,0,,,Fine,Null
1773673,5472153,32000,,565902,0,1,0,0,0,South,2005/2006,SH 1N,TE MOANA ROAD,,Fatal Crash,Yes,2006,0,North,0,1,0,Flat,0,,0,,0,Dark,1999602,0,0,0,2,0,0,0,0,0,,0,0,Wellington Region,Nil,2-way,Sealed,0,0,0,0,100,0,On,0,0,,43,Kapiti Coast District,Nil,0,0,0,0,0,0,Open,1,0,0,Fine,Null
1936377,5619633,32001,,546600,1,,0,1,,South,2006/2007,DOUGLAS MCLEAN AVENUE,BARKER ROAD,,Minor Crash,No,2006,,North,,0,,Flat,,,,,,Bright sun,1435600,1,0,0,2,,,0,,,,,,Hawke's Bay Region,Nil,2-way,Sealed,,0,0,,50,,Null,0,0,,31,Napier City,Nil,,,,,0,0,Urban,0,,,Fine,Null
1753630,5929915,32002,,508420,0,0,0,4,0,East,2006/2007,SUNSET ROAD,GIRRAHWEEN DRIVE,,Non-Injury Crash,No,2006,0,West,0,0,0,Flat,0,,0,,0,Overcast,182803,0,0,0,2,0,0,0,0,3,,0,0,Auckland Region,Nil,2-way,Sealed,0,0,0,0,50,0,Off,0,0,,76,Auckland,Nil,0,0,0,0,0,0,Urban,0,0,0,Light rain,Null
1758256,5919297,32003,,515902,0,0,0,1,0,East,2006/2007,DOMAIN DRIVE,LOVERS LANE,,Minor Crash,No,2006,0,West,0,0,0,Flat,0,,0,,0,Dark,451400,1,0,0,2,0,0,0,0,0,,0,0,Auckland Region,Nil,2-way,Sealed,0,0,0,0,50,0,None,0,0,,76,Auckland,Nil,0,0,0,1,0,0,Urban,0,0,0,Fine,Null
1769823,5907590,32004,,523713,0,0,0,1,0,North,2006/2007,CHAPEL ROAD,ORMISTON ROAD,,Non-Injury Crash,No,2006,0,South,1,0,0,Hill Road,0,,0,,0,Dark,712401,0,0,0,2,0,0,0,0,0,,0,0,Auckland Region,Nil,2-way,Sealed,0,0,0,0,70,0,None,0,0,,76,Auckland,Nil,0,0,0,0,0,0,Urban,0,0,0,Light rain,Null
1766224,5907537,32005,,522301,0,0,0,2,0,North,2005/2006,SH 1N,EAST TAMAKI OBR,,Minor Crash,Yes,2006,0,North,0,0,0,Flat,1,,0,,0,Overcast,666700,2,0,0,3,0,0,0,0,0,,0,0,Auckland Region,Nil,1-way,Sealed,0,0,0,0,100,0,Off,0,0,,76,Auckland,Nil,0,0,0,0,1,0,Open,0,0,0,Light rain,Null
1758182,5920510,32006,,514101,0,,0,2,,Null,2006/2007,BEACH ROAD,TE TAOU CRESCENT N,,Non-Injury Crash,No,2006,,North,,0,,Flat,,,,,,Bright sun,438215,0,0,0,4,,,0,,,,,,Auckland Region,Nil,2-way,Sealed,,0,0,,50,,Off,0,1,,76,Auckland,Nil,,,,,0,0,Urban,0,,,Fine,Null
2067083,5792182,32007,,543302,0,0,0,1,1,South,2005/2006,WAIOMATATINI ROAD,MANGAHAREI ST,,Minor Crash,No,2006,0,South,0,0,0,Flat,0,,0,,0,Dark,1346700,1,0,0,2,0,0,0,0,0,,0,1,Gisborne Region,Nil,2-way,Sealed,0,0,0,0,100,0,None,0,0,60,28,Gisborne District,Nil,0,0,0,0,0,0,Open,0,0,0,Heavy rain,Null
1889156,5822955,32008,,536516,0,,0,2,,South,2005/2006,PAPAMOA BEACH ROAD,STELLA PLACE,,Non-Injury Crash,No,2006,,North,,0,,Flat,,,,,,Bright sun,1205015,0,0,0,2,,,0,,,,,,Bay of Plenty Region,Nil,2-way,Sealed,,0,0,,70,,Null,0,0,,23,Tauranga City,Unknown,,,,,0,0,Urban,1,,,Fine,Null
1881124,5826501,32009,,536821,0,,0,2,,Null,2006/2007,SH 2,TOTARA ST,,Non-Injury Crash,Yes,2006,,West,,0,,Flat,,Labour Weekend,,,,Overcast,1204200,0,0,0,2,,,0,,,,,,Bay of Plenty Region,Nil,1-way,Sealed,,0,0,,70,,Off,0,0,,23,Tauranga City,Give way,,,,,0,0,Urban,0,,,Light rain,Null
1755251,5930515,32010,,508520,0,0,0,1,0,South,2005/2006,SYCAMORE DRIVE,COCKAYNE CRESCENT,,Non-Injury Crash,No,2006,0,East,0,0,0,Flat,0,,0,,0,Overcast,192400,0,0,0,2,0,0,0,0,1,,0,0,Auckland Region,Nil,2-way,Sealed,0,0,0,0,50,0,Off,0,0,30,76,Auckland,Nil,0,0,0,0,1,0,Urban,0,0,0,Fine,Null
1821541,5529798,32011,,562800,0,,0,2,,Null,2006/2007,SH 3,WALDING ST,,Non-Injury Crash,Yes,2006,,South,,0,,Flat,,,,,,Overcast,1830900,0,0,0,4,,,0,,,,,,Manawatū-Whanganui Region,Nil,2-way,Sealed,,0,0,,50,,Null,1,0,,40,Palmerston North City,Traffic Signals,,,,,0,0,Urban,0,,,Fine,Null
1761751,5883364,32012,,521121,0,0,0,1,1,North,2005/2006,KINGSEAT ROAD,SLIP ROAD,,Minor Crash,No,2006,0,South,0,0,0,Flat,0,,0,,0,Twilight,811300,1,0,0,2,0,0,0,0,0,,0,0,Auckland Region,Nil,2-way,Sealed,0,0,0,0,100,0,None,0,0,,76,Auckland,Nil,0,0,0,0,0,0,Open,0,0,0,Fine,Null
1763497,5912836,32013,,520500,0,,0,1,,West,2006/2007,SOUTH-EASTERN HIGHWAY,CARBINE ROAD,,Non-Injury Crash,No,2006,,West,,0,,Flat,,,,,,Bright sun,637400,0,0,0,2,,,0,,,,,,Auckland Region,Nil,1-way,Sealed,,0,0,,80,,Off,0,0,,76,Auckland,Nil,,,,,1,0,Open,0,,,Fine,Null
1751776,5932370,32014,,508807,0,,0,2,,East,2005/2006,ROSEDALE ROAD,NORTHWOOD AVENUE,,Minor Crash,No,2006,,East,,0,,Hill Road,,,,,,Bright sun,180302,1,0,0,2,,,0,,,,,,Auckland Region,Nil,2-way,Sealed,,0,0,,50,,Off,0,0,,76,Auckland,Nil,,,,,0,0,Urban,0,,,Mist or Fog,Null
1743667,5919387,32015,,513212,0,,0,2,,Null,2005/2006,DON BUCK ROAD,SWANSON ROAD,,Non-Injury Crash,No,2006,,South,,0,,Flat,,,,,,Twilight,235711,0,0,0,4,,,0,,,,,,Auckland Region,Nil,2-way,Sealed,,0,0,,50,,On,0,0,,76,Auckland,Give way,,,,,0,0,Urban,0,,,Fine,Null
1776229,5449140,32016,,566610,0,1,0,1,0,South,2005/2006,AKATARAWA ROAD,BRIDGE ROAD,,Non-Injury Crash,No,2006,0,North,0,0,0,Flat,0,,0,,0,Dark,1912200,0,0,0,2,0,0,0,0,0,,0,0,Wellington Region,Nil,2-way,Sealed,0,0,0,0,50,0,On,0,0,,45,Upper Hutt City,Nil,0,0,0,0,0,0,Urban,0,0,0,Fine,Null
1565178,5182479,32017,,589700,0,0,0,1,0,North,2005/2006,WAIMAIRI ROAD,RAXWORTHY ST,,Minor Crash,No,2006,0,North,0,0,0,Flat,0,,0,,1,Overcast,2535800,1,0,0,2,0,0,0,0,0,,0,0,Canterbury Region,Nil,2-way,Sealed,0,0,0,0,50,0,Null,0,0,,60,Christchurch City,Unknown,0,0,0,1,0,0,Urban,0,0,0,Fine,Null
1767698,5907711,32018,,523602,0,,0,2,,Null,2006/2007,EAST TAMAKI ROAD,HILLS ROAD,,Non-Injury Crash,No,2006,,West,,0,,Flat,,,,,,Dark,709900,0,0,0,4,,,0,,,,,,Auckland Region,Nil,2-way,Sealed,,0,0,,50,,On,0,0,,76,Auckland,Traffic Signals,,,,,0,0,Urban,0,,,Fine,Null
1497452,5136921,32019,,597860,0,0,0,1,0,South,2005/2006,Z CPK BOWLING CLUB,TARBOTTONS ST,,Minor Crash,No,2006,0,North,0,0,0,Flat,0,,0,,0,Dark,2739700,1,0,0,0,0,0,0,0,0,,0,0,Canterbury Region,Nil,Off road,Unsealed,0,0,0,0,30,0,None,0,0,,63,Ashburton District,Unknown,0,0,0,1,0,0,Urban,0,0,0,Fine,Null
1764759,5906024,32020,,522201,0,0,0,2,0,Null,2005/2006,CORONATION ROAD,DETRO ST,,Non-Injury Crash,No,2006,0,South,0,0,1,Flat,0,,1,,1,Bright sun,663100,0,0,0,1,0,0,0,0,0,,0,0,Auckland Region,Nil,2-way,Sealed,0,0,0,0,50,0,Off,0,0,,76,Auckland,Give way,0,0,0,1,0,0,Urban,0,0,0,Fine,Null
1757501,5445973,32021,,571600,0,,0,2,,Null,2006/2007,WARSPITE AVENUE,BEAUZAMI CRESCENT E,,Non-Injury Crash,No,2006,,West,,0,,Hill Road,,,,,,Overcast,2058101,0,0,0,2,,,0,,,,,,Wellington Region,Nil,2-way,Sealed,,0,0,,50,,Null,0,0,,44,Porirua City,Nil,,,,,0,0,Urban,0,,,Fine,Null
1292629,4894033,32022,,610033,0,0,0,1,0,South,2006/2007,SH 90,WAIKAKA ROAD,,Minor Crash,Yes,2006,0,South,0,0,1,Flat,0,,0,,0,Twilight,3051800,2,0,0,2,0,0,0,0,0,,0,1,Southland Region,Nil,2-way,Sealed,0,0,0,0,100,0,None,0,0,,74,Gore District,Unknown,0,0,0,0,0,0,Open,0,0,0,Fine,Null
1769666,5866953,32023,,526701,0,,0,2,,Null,2006/2007,ONEWHERO TUAKAU BRIDGE RO,HALL ROAD,,Non-Injury Crash,No,2006,,South,,0,,Flat,,,,,,Dark,844500,0,0,0,2,,,0,,,,,,Waikato Region,Nil,2-way,Sealed,,0,0,,50,,None,0,0,,13,Waikato District,Nil,,,,,0,0,Urban,0,,,Fine,Null
1753600,5912603,32024,,518901,0,0,0,2,0,South,2005/2006,PENNEY AVENUE,DOUG GOODWIN PLACE,,Minor Crash,No,2006,0,North,0,0,0,Flat,0,,0,,0,Dark,585700,1,0,0,2,0,0,0,0,1,,0,0,Auckland Region,Nil,2-way,Sealed,0,0,0,0,50,0,On,0,0,,76,Auckland,Nil,0,0,0,0,0,0,Urban,0,0,0,Mist or Fog,Null
1751895,5913864,32025,,514402,0,0,0,1,0,South,2005/2006,HERTFORD ST,HOLBROOK ST,,Non-Injury Crash,No,2006,0,West,0,0,0,Flat,0,Queens Birthday,0,,0,Bright sun,378901,0,0,0,2,0,0,0,0,1,,0,0,Auckland Region,Nil,2-way,Sealed,0,0,0,0,50,0,None,1,0,,76,Auckland,Nil,0,0,0,0,0,0,Urban,0,0,0,Fine,Null
1641628,6074148,32026,55,500802,0,0,0,1,0,West,2006/2007,SH 12,JACKSON ROAD,,Fatal Crash,Yes,2006,0,South,0,1,0,Flat,0,Labour Weekend,0,,0,Dark,25500,0,0,0,2,0,0,0,0,0,,0,0,Northland Region,Nil,2-way,Sealed,0,0,0,0,100,0,None,0,0,,1,Far North District,Nil,0,1,0,0,0,0,Open,0,0,0,Fine,Null
1764121,5917154,32027,,516302,0,0,0,1,0,Null,2006/2007,COLLEGE ROAD,THORP ST,,Non-Injury Crash,No,2006,0,North,0,0,1,Hill Road,0,,0,,0,Bright sun,462823,0,0,0,3,0,0,0,0,0,,0,0,Auckland Region,Nil,2-way,Sealed,0,0,0,0,50,0,Off,0,0,,76,Auckland,Give way,0,0,0,0,0,0,Urban,0,0,0,Fine,Null
1757706,5944608,32028,,505902,0,,0,2,,Null,2005/2006,WHANGAPARAOA ROAD,BEACH ROAD,,Non-Injury Crash,No,2006,,South,,0,,Hill Road,,,,,,Bright sun,174510,0,0,0,1,,,0,,,,,,Auckland Region,Nil,2-way,Sealed,,0,0,,50,,Off,0,0,,76,Auckland,Give way,,,,,0,0,Urban,0,,,Fine,Null
1789671,5819288,32029,,527912,0,,0,0,,South,2006/2007,SH 39,LIMMER ROAD,,Minor Crash,Yes,2006,,South,,0,,Flat,,,,,,Overcast,977400,1,0,0,2,,,0,,,,,,Waikato Region,Nil,2-way,Sealed,,0,0,,100,,Null,1,0,,13,Waikato District,Nil,,,,,1,0,Open,0,,,Light rain,Null
1747251,5919469,32030,,512402,0,,0,2,,North,2005/2006,TE ATATU ROAD,BRIDGE AVENUE,,Non-Injury Crash,No,2006,,North,,0,,Flat,,,,,,Bright sun,253600,0,0,0,4,,,0,,,,,,Auckland Region,Nil,2-way,Sealed,,0,0,,50,,Off,0,0,,76,Auckland,Nil,,,,,0,0,Urban,0,,,Fine,Null
1681792,6022853,32031,,504502,0,0,0,1,0,East,2005/2006,HOANGA ROAD,SH 12,,Minor Crash,No,2006,0,East,1,0,0,Flat,0,,0,,0,Bright sun,121800,1,0,0,1,0,0,0,0,0,,0,0,Northland Region,Nil,2-way,Unsealed,0,0,0,0,100,0,None,0,0,,3,Kaipara District,Nil,0,0,0,0,0,0,Open,0,0,0,Fine,Null
1757247,5931750,32032,,507500,0,0,0,1,0,South,2005/2006,BEACH ROAD,THE ESPLANADE,,Non-Injury Crash,No,2006,0,North,0,0,0,Hill Road,1,,0,,0,Dark,148000,0,0,0,2,0,0,0,0,0,,0,0,Auckland Region,Nil,2-way,Sealed,0,0,0,0,50,0,On,0,0,,76,Auckland,Nil,0,0,0,1,0,0,Urban,0,0,0,Light rain,Null
1790471,5878880,32033,,521135,0,,0,2,,South,2006/2007,MANGATAWHIRI ROAD,MANGATANGI ROAD,,Non-Injury Crash,No,2006,,West,,0,,Flat,,Christmas New Year,,,,Bright sun,843500,0,0,0,2,,,0,,,,,,Waikato Region,Nil,2-way,Sealed,,0,0,,100,,None,0,0,,13,Waikato District,Nil,,,,,0,0,Open,0,,,Fine,Null
1798910,5596227,32034,,558300,0,0,0,0,1,North,2006/2007,SH 4,BURRELL ROAD,,Serious Crash,Yes,2006,0,South,0,0,0,Flat,0,,0,,0,Bright sun,1683700,0,0,0,2,0,0,0,0,0,,0,0,Manawatū-Whanganui Region,Nil,2-way,Unsealed,0,0,1,0,100,0,Null,1,0,30,37,Whanganui District,Nil,0,0,0,0,0,0,Open,0,0,0,Fine,Null
1751968,5932404,32035,,508807,1,,0,1,,Null,2006/2007,ROSEDALE ROAD,AIRBORNE ROAD,,Minor Crash,No,2006,,West,,0,,Flat,,,,,,Dark,180215,1,0,0,2,,,0,,,,,,Auckland Region,Nil,2-way,Sealed,,0,0,,50,,On,0,0,,76,Auckland,Give way,,,,,0,0,Urban,0,,,Fine,Null
1744244,5918361,32036,,513220,0,0,0,1,0,West,2005/2006,SWANSON ROAD,RATHGAR ROAD,,Non-Injury Crash,No,2006,0,West,0,0,1,Flat,0,,1,,0,Dark,236103,0,0,0,2,0,0,0,0,0,,0,0,Auckland Region,Nil,2-way,Sealed,0,0,0,0,50,0,On,0,1,,76,Auckland,Nil,0,0,0,1,0,0,Urban,0,0,0,Light rain,Null
1909409,5739276,32037,,542550,0,,0,1,,South,2005/2006,SH 38,WAIRAPUKAO ROAD,,Minor Crash,Yes,2006,,South,,0,,Flat,,,,,,Overcast,1280503,2,0,0,2,,,0,,,,,,Bay of Plenty Region,Nil,2-way,Sealed,,0,0,,100,,Null,0,0,,25,Whakatane District,Unknown,,,,,0,0,Open,0,,,Fine,Null
1771447,5811309,32038,,526602,0,0,0,1,0,West,2005/2006,SH 23,OKETE ROAD E,,Non-Injury Crash,Yes,2006,0,East,0,0,1,Hill Road,0,,0,,0,Twilight,860800,0,0,0,2,0,0,0,0,0,,0,0,Waikato Region,Nil,2-way,Sealed,0,0,0,0,100,0,None,0,0,30,13,Waikato District,Unknown,0,0,0,0,0,0,Open,0,0,0,Fine,Frost