X,Y,OBJECTID,advisorySpeed,areaUnitID,bicycle,bridge,bus,carStationWagon,cliffBank,crashDirectionDescription,crashFinancialYear,crashLocation1,crashLocation2,crashRoadSideRoad,crashSeverity,crashSHDescription,crashYear,debris,directionRoleDescription,ditch,fatalCount,fence,flatHill,guardRail,holiday,houseOrBuilding,intersection,kerb,light,meshblockId,minorInjuryCount,moped,motorcycle,NumberOfLanes,objectThrownOrDropped,otherObject,otherVehicleType,overBank,parkedVehicle,pedestrian,phoneBoxEtc,postOrPole,region,roadCharacter,roadLane,roadSurface,roadworks,schoolBus,seriousInjuryCount,slipOrFlood,speedLimit,strayAnimal,streetLight,suv,taxi,temporarySpeedLimit,tlaId,tlaName,trafficControl,trafficIsland,trafficSign,train,tree,truck,unknownVehicleType,urban,vanOrUtility,vehicle,waterRiver,weatherA,weatherB
1756435,5920967,32039,,514101,0,,0,2,,Null,2005/2006,DALDY ST,GAUNT ST,,Non-Injury Crash,No,2006,,East,,0,,Flat,,,,,,Bright sun,432400,0,0,0,2,,,0,,,,,,Auckland Region,Nil,2-way,Sealed,,0,0,,50,,Off,0,0,,76,Auckland,Stop,,,,,0,0,Urban,0,,,Fine,Null
1801273,5812965,32040,,530400,0,0,0,0,0,Null,2005/2006,SH3 ON RAMP,BADER ST,,Minor Crash,No,2006,0,West,0,0,1,Flat,0,Easter,0,,0,Dark,923600,1,0,0,2,0,0,0,0,0,,0,0,Waikato Region,Nil,2-way,Sealed,0,0,0,0,50,0,On,1,0,,16,Hamilton City,Give way,0,0,0,0,0,0,Urban,0,0,0,Fine,Null
1768708,5881041,32041,,525921,0,,0,1,,Null,2005/2006,WESLEY ST,QUEEN ST,,Non-Injury Crash,No,2006,,North,,0,,Flat,,,,,,Bright sun,821600,0,0,0,2,,,0,,,,,,Auckland Region,Nil,2-way,Sealed,,0,0,,50,,Off,0,0,,76,Auckland,Give way,,,,,0,0,Urban,1,,,Fine,Null
1752068,5915664,32042,,517901,0,,0,1,,Null,2005/2006,NEW NORTH ROAD,ENNISMORE ROAD,,Minor Crash,No,2006,,East,,0,,Flat,,,,,,Bright sun,523800,1,1,0,4,,,0,,,,,,Auckland Region,Nil,2-way,Sealed,,0,0,,50,,Off,0,0,,76,Auckland,Nil,,,,,0,0,Urban,0,,,Fine,Null
1755614,5924632,32043,,509800,0,,0,2,,South,2005/2006,QUEEN ST,ONEWA ROAD,,Non-Injury Crash,No,2006,,North,,0,,Hill Road,,,,,,Overcast,360400,0,0,0,3,,,0,,,,,,Auckland Region,Nil,2-way,Sealed,,0,0,,50,,Off,0,0,,76,Auckland,Traffic Signals,,,,,0,0,Urban,0,,,Fine,Null
1753613,5917944,32044,,517800,0,0,0,2,0,West,2006/2007,LINWOOD AVENUE,ST LUKES ROAD,,Non-Injury Crash,No,2006,0,North,0,0,0,Flat,0,,0,,0,Dark,525900,0,0,0,2,0,0,0,0,1,,0,0,Auckland Region,Nil,2-way,Sealed,0,0,0,0,50,0,On,0,0,,76,Auckland,Nil,0,0,0,0,0,0,Urban,0,0,0,Fine,Null
1770112,5910696,32045,,523113,0,,0,1,,Null,2005/2006,TE IRIRANGI DRIVE,HAVEN DRIVE,,Minor Crash,No,2006,,North,,0,,Flat,,,,,,Bright sun,711718,2,0,0,5,,,0,,,,,,Auckland Region,Nil,2-way,Sealed,,0,0,,70,,Off,0,0,,76,Auckland,Traffic Signals,,,,,0,0,Urban,1,,,Fine,Null
1751051,5955517,32046,,506613,0,,0,2,,East,2006/2007,HIBISCUS COAST HIGHWAY,FOWLER ACCESS ROAD,,Non-Injury Crash,No,2006,,East,,0,,Hill Road,,,,,,Bright sun,147000,0,0,0,2,,,0,,,,,,Auckland Region,Nil,2-way,Sealed,,0,0,,80,,None,0,0,,76,Auckland,Nil,,,,,0,0,Open,1,,,Fine,Null
1766900,5907540,32047,,523601,0,,0,3,,Null,2005/2006,BAIRDS ROAD,COBHAM CRESCENT N,,Minor Crash,No,2006,,South,,0,,Flat,,,,,,Bright sun,708600,1,0,0,2,,,0,,,,,,Auckland Region,Nil,2-way,Sealed,,0,0,,50,,Off,0,0,,76,Auckland,Give way,,,,,0,0,Urban,0,,,Fine,Null
1884594,5774026,32048,,540410,0,,0,2,,Null,2005/2006,PUKUATUA ST,RANOLF ST,,Non-Injury Crash,No,2006,,South,,0,,Flat,,,,,,Bright sun,1231900,0,0,0,2,,,0,,,,,,Bay of Plenty Region,Nil,2-way,Sealed,,0,0,,50,,Off,0,0,,24,Rotorua District,Give way,,,,,0,0,Urban,0,,,Fine,Null
1753062,5916788,32049,,517800,1,,0,1,,Null,2005/2006,NEW NORTH ROAD,ASQUITH AVENUE,,Non-Injury Crash,No,2006,,North,,0,,Flat,,,,,,Bright sun,527600,0,0,0,2,,,0,,,,,,Auckland Region,Nil,2-way,Sealed,,0,0,,50,,Off,0,0,,76,Auckland,Nil,,,,,0,0,Urban,0,,,Light rain,Null
1570878,5180886,32050,,591700,0,,0,2,,Null,2005/2006,MANCHESTER ST,SALISBURY ST,,Minor Crash,No,2006,,East,,0,,Flat,,Easter,,,,Dark,2655800,1,0,0,4,,,0,,,,,,Canterbury Region,Nil,2-way,Sealed,,0,0,,50,,On,0,0,,60,Christchurch City,Traffic Signals,,,,,0,0,Urban,0,,,Fine,Null
1756090,5921010,32051,,515202,0,0,0,0,0,South,2005/2006,SH 1N,FANSHAWE ON NBD,,Serious Crash,Yes,2006,0,North,0,0,0,Flat,1,,0,,0,Dark,425600,0,0,0,2,0,0,0,0,0,,0,0,Auckland Region,Bridge,1-way,Sealed,0,0,1,0,80,0,On,1,0,,76,Auckland,Nil,0,0,0,0,0,0,Open,0,0,0,Fine,Null
1748962,5970028,32052,,505500,0,,0,2,,South,2006/2007,WALTON AVENUE,HAUITI DRIVE,,Non-Injury Crash,No,2006,,South,,0,,Flat,,,,,,Dark,141101,0,0,0,2,,,0,,,,,,Auckland Region,Nil,2-way,Sealed,,0,0,,50,,On,0,0,,76,Auckland,Nil,,,,,0,0,Urban,0,,,Fine,Null
1757138,5927040,32053,,507900,0,,1,1,,East,2005/2006,TAHAROTO ROAD,DOMINION ST,,Minor Crash,No,2006,,East,,0,,Flat,,,,,,Overcast,304800,1,0,0,4,,,0,,,,,,Auckland Region,Nil,2-way,Sealed,,0,0,,50,,Off,0,0,,76,Auckland,Nil,,,,,0,0,Urban,0,,,Fine,Null
1753539,5927065,32054,,508220,0,,0,2,,West,2005/2006,ROBERTS ROAD,GLENFIELD ROAD,,Non-Injury Crash,No,2006,,East,,0,,Flat,,,,,,Bright sun,187700,0,0,0,2,,,0,,,,,,Auckland Region,Nil,2-way,Sealed,,0,0,,50,,Off,0,0,,76,Auckland,Give way,,,,,0,0,Urban,0,,,Fine,Null
1816622,5823361,32055,,534500,0,0,0,1,0,South,2005/2006,SH 26,HARBOTTLE ROAD,,Non-Injury Crash,Yes,2006,0,North,0,0,1,Flat,0,,0,,0,Dark,1091200,0,0,0,2,0,0,0,0,0,,0,0,Waikato Region,Nil,2-way,Sealed,0,0,0,0,100,0,None,0,0,,15,Matamata-Piako District,Unknown,0,0,0,0,0,0,Open,0,0,0,Fine,Null
1823923,5528118,32056,,563200,1,,0,1,,Null,2005/2006,ALBERT ST,MONTGOMERY TERRACE,,Minor Crash,No,2006,,North,,0,,Flat,,,,,,Bright sun,1850800,1,0,0,2,,,0,,,,,,Manawatū-Whanganui Region,Nil,2-way,Sealed,,0,0,,50,,Null,0,0,,40,Palmerston North City,Give way,,,,,0,0,Urban,0,,,Fine,Null
1718993,6046578,32057,,503000,0,,0,2,,North,2005/2006,SH 1N,SELWYN AVENUE,,Non-Injury Crash,Yes,2006,,North,,0,,Flat,,,,,,Dark,97600,0,0,0,4,,,0,,,,,,Northland Region,Nil,2-way,Sealed,,0,0,,70,,On,0,0,,2,Whangarei District,Nil,,,,,0,0,Urban,0,,,Fine,Null
1755786,5928200,32058,,507900,0,,0,2,,Null,2006/2007,WAIRAU ROAD,PORANA ROAD,,Non-Injury Crash,No,2006,,North,,0,,Flat,,,,,,Overcast,305201,0,0,0,2,,,0,,,,,,Auckland Region,Nil,2-way,Sealed,,0,0,,50,,Off,0,0,,76,Auckland,Traffic Signals,,,,,0,0,Urban,0,,,Fine,Null
1754865,5918772,32059,,515410,0,,0,1,,North,2006/2007,SURREY CRESCENT,GREAT NORTH ROAD,,Non-Injury Crash,No,2006,,South,,0,,Flat,,,,,,Bright sun,404500,0,0,0,4,,,0,,,,,,Auckland Region,Nil,2-way,Sealed,,0,0,,50,,Off,0,0,,76,Auckland,Traffic Signals,,,,,0,0,Urban,1,,,Fine,Null
1751475,5434669,32060,,573700,0,,0,2,,South,2005/2006,JOHNSONVILLE ROAD,BRODERICK ROAD,,Non-Injury Crash,No,2006,,North,,0,,Flat,,,,,,Bright sun,2082900,0,0,0,3,,,0,,,,,,Wellington Region,Nil,2-way,Sealed,,0,0,,50,,Null,0,0,,47,Wellington City,Nil,,,,,0,0,Urban,0,,,Fine,Null
1735035,6039455,32061,,501818,0,0,0,1,1,East,2006/2007,TIMPERLEY ROAD,WHANGAREI HEADS ROAD,,Minor Crash,No,2006,0,West,0,0,1,Hill Road,0,,0,,0,Dark,74102,1,0,0,2,0,0,0,0,0,,0,0,Northland Region,Nil,2-way,Unsealed,0,0,0,0,100,0,None,0,0,,2,Whangarei District,Nil,0,0,0,0,0,0,Open,0,0,0,Fine,Null
1769931,5909847,32062,,523113,0,,0,2,,Null,2005/2006,TE IRIRANGI DRIVE,SMALES ROAD,,Minor Crash,No,2006,,North,,0,,Flat,,,,,,Dark,711813,1,0,0,4,,,0,,,,,,Auckland Region,Nil,2-way,Sealed,,0,0,,80,,On,0,0,,76,Auckland,Traffic Signals,,,,,0,0,Open,0,,,Heavy rain,Null
1804042,5790286,32063,,531004,0,,0,1,,Null,2005/2006,VAILE ST,PALMER ST,,Non-Injury Crash,No,2006,,South,,0,,Flat,,,,,,Bright sun,973800,0,0,0,2,,,0,,,,,,Waikato Region,Nil,2-way,Sealed,,0,0,,50,,Off,1,0,,17,Waipa District,Give way,,,,,0,0,Urban,0,,,Fine,Null
1762431,5920675,32064,,516400,0,0,0,0,0,South,2006/2007,HAPIMANA ST,TAMAKI DRIVE,,Non-Injury Crash,No,2006,0,South,0,0,0,Flat,0,,0,,0,Bright sun,498700,0,0,0,2,0,0,0,0,1,,0,0,Auckland Region,Nil,2-way,Sealed,0,0,0,0,50,0,Off,0,0,,76,Auckland,Nil,0,0,0,0,0,0,Urban,2,0,0,Fine,Null
1822071,5828735,32065,,534901,0,,0,1,,Null,2006/2007,SH 26,AVENUE ROAD SOUTH,,Non-Injury Crash,Yes,2006,,West,,0,,Flat,,,,,,Bright sun,1090903,0,0,0,2,,,0,,,,,,Waikato Region,Nil,2-way,Sealed,,0,0,,50,,Off,1,0,,15,Matamata-Piako District,Give way,,,,,0,0,Urban,0,,,Fine,Null
1764525,5912077,32066,,520500,0,,0,2,,South,2006/2007,SH 1N,MT WGTN OFF NBD,,Non-Injury Crash,Yes,2006,,North,,0,,Flat,,,,,,Bright sun,639500,0,0,0,3,,,0,,,,,,Auckland Region,Nil,1-way,Sealed,,0,0,,100,,Off,0,0,,76,Auckland,Nil,,,,,0,0,Open,0,,,Fine,Null
1692229,5674648,32067,,552400,0,,0,1,,Null,2005/2006,CLAWTON ST,PEMBROKE ST,,Minor Crash,No,2006,,North,,0,,Hill Road,,,,,,Bright sun,1572300,1,1,0,2,,,0,,,,,,Taranaki Region,Nil,2-way,Sealed,,0,0,,50,,Null,0,0,,33,New Plymouth District,Nil,,,,,0,0,Urban,0,,,Fine,Null
1765434,5914501,32068,,520602,0,0,0,2,0,North,2005/2006,QUEENS ROAD,DOMAIN ROAD,,Non-Injury Crash,No,2006,0,South,0,0,0,Flat,0,,0,,0,Overcast,628800,0,0,0,2,0,0,0,0,0,,0,0,Auckland Region,Nil,2-way,Sealed,0,0,0,0,50,0,Off,0,0,,76,Auckland,Nil,0,0,0,0,0,0,Urban,0,1,0,Light rain,Null
1796874,5819788,32069,,528403,0,,0,2,,West,2006/2007,TE RAPA ROAD,WAIRERE DRIVE,,Non-Injury Crash,No,2006,,East,,0,,Flat,,,,,,Bright sun,907401,0,0,0,1,,,0,,,,,,Waikato Region,Bridge,2-way,Sealed,,0,0,,50,,None,0,0,,16,Hamilton City,Nil,,,,,0,0,Urban,0,,,Fine,Null
1770037,5889688,32070,,521202,0,0,0,1,0,West,2006/2007,SH 22,WOODLYN DRIVE,,Non-Injury Crash,Yes,2006,0,East,1,0,0,Hill Road,0,,0,,0,Dark,807100,0,0,0,2,0,0,0,0,0,,0,0,Auckland Region,Nil,2-way,Sealed,0,0,0,0,100,0,None,0,0,,76,Auckland,Nil,0,0,0,0,0,0,Open,0,0,0,Light rain,Null
1767111,5905524,32071,,524603,0,,0,2,,Null,2006/2007,GREAT SOUTH ROAD,PUHINUI ROAD,,Non-Injury Crash,No,2006,,North,,0,,Flat,,,,,,Bright sun,780205,0,0,0,4,,,0,,,,,,Auckland Region,Nil,2-way,Sealed,,0,0,,50,,Off,0,0,,76,Auckland,Traffic Signals,,,,,0,0,Urban,0,,,Fine,Null
1513839,5185146,32072,,587100,1,,0,1,,East,2005/2006,SH 77,ALBERT ST,,Minor Crash,Yes,2006,,East,,0,,Flat,,Queens Birthday,,,,Overcast,2463500,1,0,0,2,,,0,,,,,,Canterbury Region,Nil,2-way,Sealed,,0,0,,50,,Null,0,0,,62,Selwyn District,Nil,,,,,0,0,Urban,0,,,Fine,Null
1880693,5774718,32073,,539310,0,0,0,1,0,West,2006/2007,CLAYTON ROAD,SUSAN ST,,Serious Crash,No,2006,0,West,0,0,0,Hill Road,0,,0,,0,Dark,1230602,0,0,0,2,0,0,0,0,0,,0,1,Bay of Plenty Region,Nil,2-way,Sealed,0,0,1,0,50,0,On,0,0,,24,Rotorua District,Nil,0,0,0,0,0,0,Urban,0,0,0,Fine,Null
1754604,5920856,32074,,515201,0,,0,2,,North,2006/2007,WALLACE ST,JERVOIS ROAD,,Non-Injury Crash,No,2006,,South,,0,,Flat,,,,,,Bright sun,423000,0,0,0,2,,,0,,,,,,Auckland Region,Nil,2-way,Sealed,,0,0,,50,,Off,0,0,,76,Auckland,Traffic Signals,,,,,0,0,Urban,0,,,Fine,Null
1759882,5915763,32075,,516002,0,,0,2,,Null,2006/2007,GREAT SOUTH ROAD,GREEN LANE WEST,,Minor Crash,No,2006,,South,,0,,Flat,,,,,,Bright sun,494100,2,0,0,4,,,0,,,,,,Auckland Region,Nil,2-way,Sealed,,0,0,,50,,Off,0,0,,76,Auckland,Traffic Signals,,,,,0,0,Urban,0,,,Fine,Null
1756084,5919370,32076,,515420,0,,0,2,,Null,2005/2006,HOPETOUN ST,PONSONBY ROAD,,Non-Injury Crash,No,2006,,West,,0,,Flat,,,,,,Bright sun,411600,0,0,0,2,,,0,,,,,,Auckland Region,Nil,2-way,Sealed,,0,0,,50,,Off,0,0,,76,Auckland,Traffic Signals,,,,,0,0,Urban,0,,,Fine,Null
1765650,5904931,32077,,524603,0,,0,1,,Null,2006/2007,PUHINUI ROAD,PLUNKET AVENUE,,Non-Injury Crash,No,2006,,North,,0,,Flat,,,,,,Bright sun,673401,0,0,0,4,,,0,,,,,,Auckland Region,Nil,2-way,Sealed,,0,0,,50,,Off,0,0,,76,Auckland,Give way,,,,,1,0,Urban,0,,,Fine,Null
1766069,5907296,32078,,522302,0,0,0,2,0,Null,2006/2007,EAST TAMAKI ROAD,HOLROYD PLACE,,Non-Injury Crash,No,2006,0,East,0,0,0,Flat,0,,0,,0,Overcast,667700,0,0,0,5,0,0,0,0,0,,0,0,Auckland Region,Nil,2-way,Sealed,0,0,0,0,50,0,Off,0,0,,76,Auckland,Traffic Signals,0,0,0,0,0,0,Urban,0,1,0,Fine,Null
1900550,5573641,32079,,549200,0,,0,1,,West,2006/2007,ONGAONGA ROAD,LINDSAY ROAD,,Fatal Crash,No,2006,,West,,1,,Flat,,,,,,Bright sun,1511400,1,0,1,2,,,0,,,,,,Hawke's Bay Region,Nil,2-way,Sealed,,0,0,,100,,Null,0,0,,32,Central Hawke's Bay District,Nil,,,,,0,0,Open,0,,,Fine,Null
1765476,5917035,32080,,517001,0,0,0,2,0,South,2006/2007,LINE ROAD,TANIWHA ST,,Non-Injury Crash,No,2006,0,East,0,0,0,Flat,0,,0,,0,Bright sun,476200,0,0,0,2,0,0,0,0,1,,0,0,Auckland Region,Nil,2-way,Sealed,0,0,0,0,50,0,Off,0,0,,76,Auckland,Nil,0,0,0,0,0,0,Urban,0,0,0,Fine,Null
1749560,5945448,32081,,505806,0,,0,2,,Null,2005/2006,EAST COAST ROAD,TAVERN ROAD,,Non-Injury Crash,No,2006,,South,,0,,Hill Road,,,,,,Twilight,176802,0,0,0,4,,,0,,,,,,Auckland Region,Nil,2-way,Sealed,,0,0,,80,,On,0,0,,76,Auckland,Give way,,,,,0,0,Open,0,,,Fine,Null
1378853,4905495,32082,,602500,0,0,0,1,0,West,2006/2007,HENLEY-BERWICK ROAD,BULL CREEK ROAD,,Serious Crash,No,2006,0,East,0,0,0,Flat,0,,0,,0,Dark,2975500,0,0,0,2,0,0,1,0,0,,0,0,Otago Region,Nil,2-way,Sealed,0,0,1,0,100,0,None,0,0,,71,Dunedin City,Unknown,0,0,0,0,0,0,Open,0,1,0,Fine,Frost
1757195,5919699,32083,,514103,0,0,0,2,0,East,2006/2007,TURNER ST,QUEEN ST,,Non-Injury Crash,No,2006,0,West,0,0,0,Flat,0,,0,,0,Overcast,436201,0,0,0,2,0,0,0,0,0,,0,0,Auckland Region,Nil,2-way,Sealed,0,0,0,0,50,0,Off,0,0,,76,Auckland,Nil,0,0,0,0,0,0,Urban,0,1,0,Fine,Null
1747260,5921591,32084,,512202,0,,0,2,,North,2005/2006,TE ATATU ROAD,TAIKATA ROAD,,Non-Injury Crash,No,2006,,North,,0,,Flat,,,,,,Bright sun,248800,0,0,0,2,,,0,,,,,,Auckland Region,Nil,2-way,Sealed,,0,0,,50,,Off,0,0,,76,Auckland,Nil,,,,,0,0,Urban,0,,,Fine,Null
1746818,5918769,32085,,512401,0,,0,2,,South,2006/2007,TE ATATU ROAD,EDMONTON ROAD,,Minor Crash,No,2006,,North,,0,,Flat,,,,,,Bright sun,255600,1,0,0,3,,,0,,,,,,Auckland Region,Nil,2-way,Sealed,,0,0,,50,,Off,0,0,,76,Auckland,Nil,,,,,0,0,Urban,0,,,Fine,Null
1769272,5914992,32086,,522730,0,,0,2,,Null,2006/2007,FORTUNES ROAD,PIGEON MOUNTAIN ROAD,,Non-Injury Crash,No,2006,,North,,0,,Flat,,,,,,Bright sun,679811,0,0,0,3,,,0,,,,,,Auckland Region,Nil,2-way,Sealed,,0,0,,50,,Off,0,0,,76,Auckland,Traffic Signals,,,,,0,0,Urban,0,,,Fine,Null
1756385,5920837,32087,,514102,0,1,0,1,0,West,2005/2006,FANSHAWE ST,BEAUMONT ST,,Serious Crash,No,2006,0,West,0,0,0,Flat,0,,0,,0,Dark,432500,0,0,0,2,0,0,0,0,0,,0,0,Auckland Region,Motorway ramp,1-way,Sealed,0,0,1,0,80,0,On,0,0,,76,Auckland,Nil,0,0,0,0,0,0,Open,0,0,0,Fine,Null
1768129,5905048,32088,,523722,0,,0,2,,Null,2006/2007,DIORELLA DRIVE,ALMAY PLACE,,Non-Injury Crash,No,2006,,South,,0,,Flat,,,,,,Bright sun,715802,0,0,0,2,,,0,,,,,,Auckland Region,Nil,2-way,Sealed,,0,0,,50,,Off,0,0,,76,Auckland,Nil,,,,,0,0,Urban,0,,,Fine,Null
1570989,5179168,32089,,591500,0,,0,1,,East,2005/2006,MOORHOUSE AVENUE,MANCHESTER ST,,Minor Crash,No,2006,,West,,0,,Flat,,,,,,Overcast,2649800,1,0,0,6,,,0,,,1,,,Canterbury Region,Nil,2-way,Sealed,,0,0,,50,,Null,0,0,,60,Christchurch City,Unknown,,,,,0,0,Urban,0,,,Light rain,Null
1882011,5826464,32090,,536821,0,,0,1,,Null,2005/2006,SH 2,MARU ST,,Non-Injury Crash,Yes,2006,,West,,0,,Flat,,,,,,Bright sun,1204300,0,0,0,6,,,0,,,,,,Bay of Plenty Region,Nil,2-way,Sealed,,0,0,,70,,Null,0,0,,23,Tauranga City,Traffic Signals,,,,,1,0,Urban,0,,,Fine,Null
1794593,5875531,32091,,527221,0,,0,0,,East,2006/2007,SH 2,KOPUKU ROAD,,Minor Crash,Yes,2006,,East,,0,,Hill Road,,,,,,Overcast,933200,1,0,1,3,,,0,,,,,,Waikato Region,Nil,2-way,Sealed,,0,0,,100,,None,0,0,,13,Waikato District,Nil,,,,,0,0,Open,0,,,Light rain,Null
1743553,5923809,32092,,513511,0,,0,1,,Null,2006/2007,FRED TAYLOR DRIVE,FERNHILL DRIVE,,Minor Crash,No,2006,,West,,0,,Flat,,,,,,Bright sun,224306,1,0,0,4,,,0,,,,,,Auckland Region,Nil,2-way,Sealed,,0,0,,50,,Off,0,0,,76,Auckland,Traffic Signals,,,,,0,0,Urban,1,,,Fine,Null
1886203,5772473,32093,,540600,0,,0,1,,Null,2006/2007,SH 30A,SH 30,,Non-Injury Crash,Yes,2006,,West,,0,,Flat,,,,,,Bright sun,1243500,0,0,0,4,,,0,,,,,,Bay of Plenty Region,Nil,2-way,Sealed,,0,0,,70,,Off,0,0,,24,Rotorua District,Traffic Signals,,,,,0,0,Urban,1,,,Fine,Null
1766904,5907645,32094,,523602,0,,0,2,,Null,2006/2007,EAST TAMAKI ROAD,BAIRDS ROAD,,Non-Injury Crash,No,2006,,West,,0,,Flat,,,,,,Overcast,709300,0,0,0,2,,,0,,,,,,Auckland Region,Nil,1-way,Sealed,,0,0,,50,,Off,0,0,,76,Auckland,Give way,,,,,0,0,Urban,0,,,Fine,Null
1762934,5913781,32095,,520402,0,0,0,1,0,East,2005/2006,PENROSE ROAD,GUNSON ROAD,,Non-Injury Crash,No,2006,0,West,0,0,1,Flat,0,,0,,0,Bright sun,641900,0,0,0,2,0,0,0,0,0,,0,0,Auckland Region,Nil,2-way,Sealed,0,0,0,0,50,0,Off,0,0,,76,Auckland,Nil,0,0,0,0,0,0,Urban,0,0,0,Fine,Null
1852963,5903171,32096,50,533603,0,,0,0,,North,2006/2007,SH 25,OCEAN BEACH ROAD,,Non-Injury Crash,Yes,2006,,East,,0,,Hill Road,,,,,,Bright sun,1059209,0,0,0,2,,,0,,,,,,Waikato Region,Nil,2-way,Sealed,,0,0,,100,,Null,0,0,,11,Thames-Coromandel District,Unknown,,,,,1,0,Open,0,,,Fine,Null
1709986,5647235,32097,,553003,1,0,0,0,0,South,2006/2007,SH 3,MONMOUTH ROAD,,Minor Crash,Yes,2006,0,North,0,0,0,Hill Road,0,,0,,0,Overcast,1622300,1,0,0,2,0,0,0,0,1,,0,0,Taranaki Region,Nil,2-way,Sealed,0,0,0,0,100,0,Null,0,0,,34,Stratford District,Nil,0,0,0,0,1,0,Open,0,0,0,Light rain,Null
1756442,5919379,32098,,514102,0,,0,2,,Null,2006/2007,KARANGAHAPE ROAD,HOWE ST,,Non-Injury Crash,No,2006,,East,,0,,Flat,,,,,,Bright sun,436001,0,0,0,5,,,0,,,,,,Auckland Region,Nil,2-way,Sealed,,0,0,,50,,Null,0,0,,76,Auckland,Traffic Signals,,,,,0,0,Urban,0,,,Fine,Null
1764195,5910046,32099,,521801,0,,0,1,,Null,2006/2007,ATKINSON AVENUE,GORDON ROAD,,Non-Injury Crash,No,2006,,North,,0,,Flat,,,,,,Overcast,787300,0,0,0,4,,,0,,,,,,Auckland Region,Nil,2-way,Sealed,,0,0,,50,,Off,1,0,,76,Auckland,Stop,,,,,0,0,Urban,0,,,Fine,Null
1764187,5911052,32100,,520500,0,,0,1,,North,2005/2006,MOUNT WELLINGTON HIGHWAY,CAMP ROAD,,Non-Injury Crash,No,2006,,South,,0,,Flat,,,,,,Bright sun,636700,0,0,0,2,,,0,,,,,,Auckland Region,Nil,2-way,Sealed,,0,0,,50,,Off,0,0,,76,Auckland,Nil,,,,,0,0,Urban,1,,,Fine,Null
1690603,6059742,32101,,501802,0,,0,0,,North,2005/2006,PIPIWAI ROAD,PATUTAHI ROAD,,Non-Injury Crash,No,2006,,North,,0,,Flat,,,,,,Twilight,68200,0,0,1,2,,,0,,,,,,Northland Region,Nil,2-way,Sealed,,0,0,,100,,Off,0,0,,2,Whangarei District,Nil,,,,,0,0,Open,1,,,Fine,Null
1565830,5184058,32102,,588600,0,,0,1,,Null,2006/2007,WAIRAKEI ROAD,FARRINGTON AVENUE,,Minor Crash,No,2006,,East,,0,,Flat,,,,,,Bright sun,2523800,1,0,0,2,,,0,,,,,,Canterbury Region,Nil,2-way,Sealed,,0,0,,50,,Null,0,0,,60,Christchurch City,Give way,,,,,0,0,Urban,1,,,Fine,Null
1757474,5921083,32103,,514101,0,,0,1,,East,2005/2006,QUAY ST,LOWER ALBERT ST,,Non-Injury Crash,No,2006,,West,,0,,Flat,,,,,,Bright sun,432900,0,0,0,5,,,0,,,,,,Auckland Region,Nil,2-way,Sealed,,0,0,,50,,Off,0,0,,76,Auckland,Nil,,,,,0,0,Urban,1,,,Fine,Null
1857322,5538624,32104,,550200,0,0,0,1,0,Null,2005/2006,SH 2,GRAHAM ROAD,,Non-Injury Crash,Yes,2006,0,South,0,0,0,Flat,0,,0,,0,Dark,1544600,0,0,0,2,0,0,0,0,0,,0,0,Manawatū-Whanganui Region,Nil,2-way,Sealed,0,0,0,0,100,0,On,0,0,,41,Tararua District,Give way,0,0,0,1,0,0,Open,0,0,0,Fine,Null
1808628,5819850,32105,,527125,0,,0,2,,Null,2006/2007,HOLLAND ROAD,SH 1B TELEPHONE,,Non-Injury Crash,Yes,2006,,North,,0,,Flat,,,,,,Bright sun,955500,0,0,0,2,,,0,,,,,,Waikato Region,Nil,2-way,Sealed,,0,0,,100,,Null,0,0,,13,Waikato District,Stop,,,,,1,0,Open,0,,,Fine,Null
1765142,5914674,32106,,520602,0,,0,2,,West,2005/2006,QUEENS ROAD,PILKINGTON ROAD,,Non-Injury Crash,No,2006,,East,,0,,Flat,,,,,,Bright sun,628700,0,0,0,5,,,0,,,,,,Auckland Region,Nil,2-way,Sealed,,0,0,,50,,Off,0,0,,76,Auckland,Nil,,,,,0,0,Urban,0,,,Fine,Null
1756822,5444007,32107,,571300,0,,1,1,,North,2005/2006,WARSPITE AVENUE,DRIVER CRESCENT,,Non-Injury Crash,No,2006,,North,,0,,Flat,,,,,,Bright sun,2063800,0,0,0,2,,,0,,,,,,Wellington Region,Nil,2-way,Sealed,,0,0,,50,,Null,0,0,,44,Porirua City,Nil,,,,,0,0,Urban,0,,,Fine,Null
1764493,5814815,32108,,526500,0,0,0,1,0,North,2005/2006,WALLIS ST,BOW ST,,Non-Injury Crash,No,2006,0,North,0,0,0,Flat,0,,0,,0,Overcast,854300,0,0,0,2,0,0,0,0,1,,0,0,Waikato Region,Nil,2-way,Sealed,0,0,0,0,50,0,Null,0,0,,13,Waikato District,Unknown,0,0,0,0,0,0,Urban,1,0,0,Fine,Null
1789525,5754897,32109,,532000,0,,0,1,,Null,2006/2007,NGARONGO ST,ESPLANADE,,Non-Injury Crash,No,2006,,East,,0,,Flat,,,,,,Overcast,1005800,0,0,0,2,,,0,,,,,,Waikato Region,Nil,2-way,Sealed,,0,0,,50,,Off,0,0,,20,Waitomo District,Give way,,,,,0,0,Urban,1,,,Fine,Null