X,Y,OBJECTID,advisorySpeed,areaUnitID,bicycle,bridge,bus,carStationWagon,cliffBank,crashDirectionDescription,crashFinancialYear,crashLocation1,crashLocation2,crashRoadSideRoad,crashSeverity,crashSHDescription,crashYear,debris,directionRoleDescription,ditch,fatalCount,fence,flatHill,guardRail,holiday,houseOrBuilding,intersection,kerb,light,meshblockId,minorInjuryCount,moped,motorcycle,NumberOfLanes,objectThrownOrDropped,otherObject,otherVehicleType,overBank,parkedVehicle,pedestrian,phoneBoxEtc,postOrPole,region,roadCharacter,roadLane,roadSurface,roadworks,schoolBus,seriousInjuryCount,slipOrFlood,speedLimit,strayAnimal,streetLight,suv,taxi,temporarySpeedLimit,tlaId,tlaName,trafficControl,trafficIsland,trafficSign,train,tree,truck,unknownVehicleType,urban,vanOrUtility,vehicle,waterRiver,weatherA,weatherB
1623781,5430909,32110,,582500,0,,0,2,,South,2005/2006,TRAFALGAR ST,BRIDGE ST,,Non-Injury Crash,No,2006,,West,,0,,Flat,,,,,,Bright sun,2320300,0,0,0,2,,,0,,,,,,Nelson Region,Nil,2-way,Sealed,,0,0,,50,,Null,0,0,,52,Nelson City,Nil,,,,,0,0,Urban,0,,,Fine,Null
1757184,5919098,32111,,514301,0,,0,1,,South,2005/2006,SH 1N,SYMONDS OBR,,Non-Injury Crash,Yes,2006,,East,,0,,Hill Road,,Queens Birthday,,,,Twilight,441200,0,0,1,4,,,0,,,,,,Auckland Region,Nil,1-way,Sealed,,0,0,,80,,On,0,0,,76,Auckland,Nil,,,,,0,0,Open,0,,,Fine,Null
1824322,5532122,32112,,562200,0,0,0,1,0,Null,2006/2007,RHODES DRIVE,KAIMANAWA ST,,Non-Injury Crash,No,2006,0,North,0,0,1,Flat,0,,0,,0,Bright sun,1839101,0,0,0,2,0,0,0,0,0,,0,0,Manawatū-Whanganui Region,Nil,2-way,Sealed,0,0,0,0,50,0,Null,0,0,,40,Palmerston North City,Give way,0,0,0,0,0,0,Urban,0,0,0,Fine,Null
1854883,5841101,32113,,536614,0,0,0,1,0,West,2006/2007,LINDEMANN ROAD,SH 2,,Non-Injury Crash,No,2006,0,East,0,0,0,Hill Road,0,,0,,0,Dark,1182100,0,0,0,2,0,0,0,0,0,,0,1,Bay of Plenty Region,Nil,2-way,Sealed,0,0,0,0,100,0,None,0,0,,22,Western Bay of Plenty District,Unknown,0,0,0,0,0,0,Open,0,0,0,Mist or Fog,Null
1745756,5920558,32114,,513301,0,,0,1,,Null,2006/2007,SH 16,LINCOLN ON EBD,,Non-Injury Crash,Yes,2006,,East,,0,,Flat,,,,,,Bright sun,230200,0,0,0,2,,,0,,,,,,Auckland Region,Nil,1-way,Sealed,,0,0,,100,,Off,1,0,,76,Auckland,Nil,,,,,0,0,Open,0,,,Fine,Null
1696563,5656805,32115,,552702,0,0,0,1,0,West,2005/2006,EGMONT ROAD,PETERS ROAD,,Non-Injury Crash,No,2006,0,South,0,0,0,Hill Road,0,,0,,0,Dark,1607600,0,0,0,2,0,0,0,0,0,,0,0,Taranaki Region,Nil,2-way,Sealed,0,0,0,0,100,0,None,0,0,,33,New Plymouth District,Nil,0,0,0,1,0,0,Open,0,0,0,Mist or Fog,Null
1760026,5912846,32116,,520000,0,,0,2,,Null,2005/2006,MAYS ROAD,CURZON ST,,Non-Injury Crash,No,2006,,East,,0,,Flat,,,,,,Dark,606100,0,0,0,2,,,0,,,,,,Auckland Region,Nil,2-way,Sealed,,0,0,,50,,On,0,0,,76,Auckland,Stop,,,,,0,0,Urban,0,,,Fine,Null
1818019,5802984,32117,,527503,0,,0,2,,Null,2006/2007,TIRAU ROAD,SHAKESPEARE ST,,Non-Injury Crash,No,2006,,West,,0,,Hill Road,,,,,,Bright sun,963100,0,0,0,2,,,0,,,,,,Waikato Region,Nil,2-way,Sealed,,0,0,,80,,Off,0,0,,17,Waipa District,Give way,,,,,0,0,Open,0,,,Fine,Null
1802413,5816086,32118,,530100,0,,0,1,,Null,2006/2007,PEACHGROVE ROAD,RUAKURA ROAD,,Non-Injury Crash,No,2006,,South,,0,,Flat,,,,,,Bright sun,896001,0,0,0,4,,,0,,,,,,Waikato Region,Nil,2-way,Sealed,,0,0,,50,,Null,0,0,,16,Hamilton City,Give way,,,,,0,0,Urban,1,,,Fine,Null
1758324,5927163,32119,,508010,0,,0,2,,North,2006/2007,THE STRAND,CHANNEL VIEW ROAD S,,Non-Injury Crash,No,2006,,South,,0,,Flat,,,,,,Bright sun,326400,0,0,0,2,,,0,,,,,,Auckland Region,Nil,2-way,Sealed,,0,0,,50,,Null,0,0,,76,Auckland,Unknown,,,,,0,0,Urban,0,,,Fine,Null
1778733,5899961,32120,,523813,0,0,0,0,0,West,2006/2007,PAPAKURA-CLEVEDON ROAD,PARISH LINE ROAD,,Non-Injury Crash,No,2006,0,East,0,0,1,Flat,0,,0,,0,Dark,761500,0,0,0,2,0,0,0,0,0,,0,0,Auckland Region,Nil,2-way,Sealed,0,0,0,0,100,0,None,0,0,,76,Auckland,Nil,0,0,0,0,0,0,Open,1,0,0,Null,Null
1774722,5887839,32121,,521302,0,0,0,1,0,North,2005/2006,SH 1N,ARARIMU OBR,,Non-Injury Crash,Yes,2006,0,North,1,0,0,Hill Road,0,,0,,0,Overcast,809101,0,0,0,2,0,0,0,0,0,,0,0,Auckland Region,Nil,1-way,Sealed,0,0,0,0,100,0,Off,0,0,,76,Auckland,Nil,0,0,0,0,0,0,Open,0,0,0,Fine,Null
1765089,5440206,32122,,568201,0,,0,0,,North,2005/2006,EASTERN HUTT ROAD,ELDON GROVE,,Non-Injury Crash,No,2006,,North,,0,,Flat,,,,,,Overcast,1935000,0,0,0,2,,,0,,,,,,Wellington Region,Nil,2-way,Sealed,,0,0,,70,,Null,0,0,,46,Lower Hutt City,Nil,,,,,1,0,Urban,1,,,Heavy rain,Null
1811259,5813717,32123,,527004,0,,0,1,,Null,2005/2006,SH 1B,TAUWHARE ROAD,,Serious Crash,Yes,2006,,South,,0,,Flat,,,,,,Bright sun,956602,0,0,0,2,,,0,,,,,,Waikato Region,Nil,2-way,Sealed,,0,2,,100,,Null,0,0,,13,Waikato District,Stop,,,,,1,0,Open,0,,,Fine,Null
1756582,5926834,32124,,507900,0,,0,1,,South,2006/2007,SH 1N,NORTHCOTE OBR,,Non-Injury Crash,Yes,2006,,South,,0,,Flat,,,,,,Bright sun,303902,0,0,0,3,,,0,,,,,,Auckland Region,Nil,1-way,Sealed,,0,0,,100,,Off,0,0,,76,Auckland,Nil,,,,,0,0,Open,0,,,Fine,Null
1841440,5920424,32125,,533000,0,,0,2,,Null,2006/2007,ESPLANADE,MILL ROAD,,Non-Injury Crash,No,2006,,North,,0,,Flat,,,,,,Overcast,1047300,0,0,0,2,,,0,,,,,,Waikato Region,Nil,2-way,Sealed,,0,0,,50,,Null,0,0,,11,Thames-Coromandel District,Give way,,,,,0,0,Urban,0,,,Fine,Null
1757104,5919436,32126,,514103,0,,0,1,,East,2006/2007,KARANGAHAPE ROAD,LIVERPOOL ST,,Non-Injury Crash,No,2006,,East,,0,,Flat,,,,,,Dark,436500,0,0,0,5,,,0,,,,,,Auckland Region,Nil,2-way,Sealed,,0,0,,50,,On,1,0,,76,Auckland,Traffic Signals,,,,,0,0,Urban,0,,,Fine,Null
1742955,5921620,32127,,513631,0,0,0,1,0,South,2006/2007,GARTON DRIVE,ARDE PLACE,,Non-Injury Crash,No,2006,0,South,0,0,1,Hill Road,0,,0,,0,Dark,227102,0,0,0,2,0,1,0,0,0,,0,0,Auckland Region,Nil,2-way,Sealed,0,0,0,0,50,0,On,0,0,,76,Auckland,Nil,0,0,0,0,0,0,Urban,0,0,0,Fine,Null
1805724,5817482,32128,,527125,0,0,0,1,0,North,2005/2006,HOLLAND ROAD,RUAKURA ROAD,,Non-Injury Crash,No,2006,0,South,1,0,0,Flat,0,Easter,0,,0,Overcast,955000,0,0,0,2,0,0,0,0,0,,0,0,Waikato Region,Nil,2-way,Sealed,0,0,0,0,100,0,Null,0,0,,13,Waikato District,Unknown,0,0,0,0,0,0,Open,0,0,0,Mist or Fog,Null
1270953,4916961,32129,,610020,0,,0,1,,North,2006/2007,RIVERSDALE-WAIKAIA ROAD,MAIN WENDONSIDE ROAD,,Serious Crash,No,2006,,North,,0,,Hill Road,,,,,,Bright sun,3047200,0,0,1,2,,,0,,,,,,Southland Region,Nil,2-way,Sealed,,0,2,,100,,Null,0,0,,73,Southland District,Unknown,,,,,0,0,Open,0,,,Fine,Null
1765455,5907125,32130,,522201,0,,0,3,,Null,2006/2007,GREAT SOUTH ROAD,SHIRLEY ROAD,,Non-Injury Crash,No,2006,,North,,0,,Flat,,,,,,Bright sun,662300,0,0,0,4,,,0,,,,,,Auckland Region,Nil,2-way,Sealed,,0,0,,50,,Off,0,0,,76,Auckland,Traffic Signals,,,,,0,0,Urban,0,,,Fine,Null
1838351,5841537,32131,,534800,0,0,0,1,0,North,2006/2007,RITCHIE ST,FOLLIS ST,,Non-Injury Crash,No,2006,0,South,0,0,0,Flat,0,,0,,1,Overcast,1102900,0,0,0,2,0,0,0,0,0,,0,1,Waikato Region,Nil,2-way,Sealed,0,0,0,0,50,0,Null,0,0,,15,Matamata-Piako District,Unknown,0,0,0,0,0,0,Urban,0,0,0,Light rain,Null
1751076,5947468,32132,,505807,0,0,0,2,0,North,2005/2006,HIBISCUS COAST HIGHWAY,JELAS ROAD,,Non-Injury Crash,No,2006,0,North,0,0,0,Flat,0,,0,,0,Bright sun,172605,0,0,0,2,0,0,0,0,1,,0,0,Auckland Region,Nil,2-way,Sealed,0,0,0,0,80,0,Off,0,0,,76,Auckland,Nil,0,0,0,0,0,0,Open,0,0,0,Fine,Null
1752403,5912398,32133,,514700,0,0,0,1,0,East,2006/2007,DONOVAN ST,MCFADZEAN DRIVE,,Non-Injury Crash,No,2006,0,West,0,0,0,Flat,0,,0,,0,Twilight,369200,0,0,0,2,0,0,0,0,0,,0,1,Auckland Region,Nil,2-way,Sealed,0,0,0,0,50,0,On,0,0,,76,Auckland,Nil,0,0,0,0,0,0,Urban,0,0,0,Fine,Null
1765152,5915344,32134,,520301,0,,0,1,,Null,2005/2006,JELLICOE ROAD,MORRIN ROAD,,Non-Injury Crash,No,2006,,North,,0,,Flat,,,,,,Overcast,627900,0,0,0,3,,,0,,,,,,Auckland Region,Nil,2-way,Sealed,,0,0,,50,,Off,1,0,,76,Auckland,Traffic Signals,,,,,0,0,Urban,0,,,Fine,Null
1714429,6040045,32135,,501810,0,0,0,1,1,Null,2005/2006,SH 15,TAVINOR ROAD,,Minor Crash,Yes,2006,0,East,0,0,0,Flat,0,,0,,0,Dark,72403,1,0,0,2,0,0,0,0,0,,0,0,Northland Region,Nil,2-way,Sealed,0,0,0,0,100,0,None,0,0,,2,Whangarei District,Give way,0,0,0,0,0,0,Open,0,0,0,Fine,Null
1801129,5814478,32136,,529700,0,,0,2,,Null,2006/2007,COBHAM DRIVE,BRIDGE ST,,Non-Injury Crash,No,2006,,North,,0,,Flat,,Labour Weekend,,,,Overcast,912500,0,0,0,4,,,0,,,,,,Waikato Region,Nil,2-way,Sealed,,0,0,,50,,Null,0,0,,16,Hamilton City,Give way,,,,,0,0,Urban,0,,,Light rain,Null
1765426,5913860,32137,,520602,0,0,0,1,0,Null,2006/2007,LAGOON DRIVE,CHURCH CRESCENT,,Non-Injury Crash,No,2006,0,South,0,0,0,Flat,1,,0,,0,Dark,629600,0,0,0,3,0,0,0,0,0,,0,0,Auckland Region,Bridge,2-way,Sealed,0,0,0,0,50,0,On,0,0,,76,Auckland,Traffic Signals,0,0,0,0,0,0,Urban,0,0,0,Light rain,Null
1768750,5904546,32138,,523722,0,0,0,1,0,Null,2005/2006,HOLLYFORD DRIVE,REDOUBT ROAD,,Non-Injury Crash,No,2006,0,West,0,0,0,Flat,0,,0,,0,Overcast,715917,0,0,0,3,0,0,0,0,0,,0,0,Auckland Region,Nil,2-way,Sealed,0,0,0,0,50,0,Off,0,0,,76,Auckland,Traffic Signals,0,0,0,1,0,0,Urban,0,0,0,Heavy rain,Null
1877742,5818748,32139,,537900,0,,0,1,,North,2005/2006,SH 29,POIKE ROAD,,Non-Injury Crash,Yes,2006,,North,,0,,Flat,,Easter,,,,Twilight,1179503,0,0,1,2,,,0,,,,,,Bay of Plenty Region,Nil,2-way,Sealed,,0,0,,100,,None,0,0,,23,Tauranga City,Unknown,,,,,0,0,Open,0,,,Fine,Null
1752421,5924407,32140,,510402,0,0,0,2,0,South,2006/2007,BALMAIN ROAD,MOKOIA ROAD,,Non-Injury Crash,No,2006,0,North,0,0,0,Flat,0,,0,,0,Dark,353400,0,0,0,2,0,0,0,0,1,,0,0,Auckland Region,Nil,2-way,Sealed,0,0,0,0,50,0,On,0,0,,76,Auckland,Unknown,0,0,0,0,0,0,Urban,0,0,0,Fine,Null
1751016,5878045,32141,,521151,0,,0,0,,Null,2006/2007,AWHITU ROAD,KAIHAU ROAD,,Serious Crash,No,2006,,South,,0,,Flat,,,,,,Dark,831100,0,0,1,2,,,0,,,,,,Auckland Region,Nil,2-way,Sealed,,0,1,,100,,None,0,0,,76,Auckland,Nil,,,,,0,0,Open,0,,,Fine,Null
1883578,5827074,32142,,536821,0,0,0,2,0,South,2006/2007,OCEANBEACH ROAD,GOLF ROAD,,Non-Injury Crash,No,2006,0,West,0,0,0,Flat,0,,0,,0,Bright sun,1199201,0,0,0,2,0,0,0,0,1,,0,0,Bay of Plenty Region,Nil,2-way,Sealed,0,0,0,0,50,0,Off,0,0,,23,Tauranga City,Nil,0,0,0,0,0,0,Urban,0,0,0,Fine,Null
1751316,5435247,32143,,573600,0,,0,2,,Null,2005/2006,IRONSIDE ROAD,ROTOITI ST,,Non-Injury Crash,No,2006,,West,,0,,Flat,,,,,,Bright sun,2080400,0,0,0,2,,,0,,,,,,Wellington Region,Nil,2-way,Sealed,,0,0,,50,,Null,0,0,,47,Wellington City,Nil,,,,,0,0,Urban,0,,,Fine,Null
1805342,5812468,32144,,527131,0,,0,2,,North,2006/2007,NEWELL ROAD,HART ROAD,,Non-Injury Crash,No,2006,,North,,0,,Flat,,,,,,Overcast,960400,0,0,0,2,,,0,,,,,,Waikato Region,Nil,2-way,Sealed,,0,0,,80,,Null,0,0,,13,Waikato District,Unknown,,,,,0,0,Open,0,,,Fine,Null
1704171,5641604,32145,,553004,0,0,0,0,1,West,2006/2007,OPUNAKE ROAD,POTO ROAD,,Serious Crash,No,2006,0,West,0,0,0,Hill Road,0,,0,,0,Bright sun,1617100,0,0,0,2,0,0,0,0,0,,0,0,Taranaki Region,Nil,2-way,Sealed,0,0,1,0,100,0,Null,0,0,,34,Stratford District,Nil,0,0,0,0,1,0,Open,0,0,0,Fine,Null
1767825,5907012,32146,,523602,0,,0,2,,Null,2005/2006,IVON ROAD,FERGUSON ROAD,,Non-Injury Crash,No,2006,,South,,0,,Flat,,,,,,Overcast,705500,0,0,0,2,,,0,,,,,,Auckland Region,Nil,2-way,Sealed,,0,0,,50,,Off,0,0,,76,Auckland,Nil,,,,,0,0,Urban,0,,,Fine,Null
1760874,5917723,32147,,516201,0,0,0,2,0,North,2006/2007,ORAKEI ROAD,BENSON ROAD,,Non-Injury Crash,No,2006,0,South,0,0,0,Flat,0,,0,,0,Dark,487100,0,0,0,2,0,0,0,0,1,,0,0,Auckland Region,Nil,2-way,Sealed,0,0,0,0,50,0,On,0,0,,76,Auckland,Nil,0,0,0,0,0,0,Urban,1,0,0,Light rain,Null
1821151,5833681,32148,,534500,0,0,0,2,0,South,2006/2007,MORRINSVILLE TAHUNA ROAD,TAUHEI ROAD,,Non-Injury Crash,No,2006,0,South,0,0,0,Flat,0,,0,,0,Dark,1092300,0,0,0,2,0,0,0,0,0,,0,0,Waikato Region,Nil,2-way,Sealed,0,0,0,0,100,0,None,0,0,,15,Matamata-Piako District,Nil,0,0,0,0,0,0,Open,0,1,0,Fine,Null
1881584,5828925,32149,,536810,0,0,0,2,0,West,2005/2006,OCEANVIEW ROAD,SUTHERLAND AVENUE,,Non-Injury Crash,No,2006,0,East,0,0,0,Flat,0,,0,,0,Bright sun,1196300,0,0,0,2,0,0,0,0,1,,0,0,Bay of Plenty Region,Nil,2-way,Sealed,0,0,0,0,50,0,Off,0,0,,23,Tauranga City,Nil,0,0,0,0,0,0,Urban,0,0,0,Fine,Null
1769234,5902405,32150,,524901,0,0,0,1,1,North,2006/2007,SH 1N,HILL OBR,,Non-Injury Crash,Yes,2006,0,North,0,0,0,Flat,1,,0,,0,Bright sun,755600,0,0,0,3,0,0,0,0,0,,0,0,Auckland Region,Nil,1-way,Sealed,0,0,0,0,100,0,Off,0,0,,76,Auckland,Nil,0,0,0,1,0,0,Open,1,0,0,Fine,Null
1771337,5907004,32151,,523713,0,,0,2,,South,2005/2006,MURPHYS ROAD,ORMISTON ROAD,,Non-Injury Crash,No,2006,,South,,0,,Flat,,,,,,Dark,712600,0,0,0,2,,,0,,,,,,Auckland Region,Nil,2-way,Sealed,,0,0,,70,,On,0,0,,76,Auckland,Nil,,,,,0,0,Urban,0,,,Fine,Null
1570835,5178628,32152,,594600,0,,0,2,,Null,2005/2006,HAWDON ST,WORDSWORTH ST,,Non-Injury Crash,No,2006,,East,,0,,Flat,,,,,,Overcast,2618200,0,0,0,2,,,0,,,,,,Canterbury Region,Nil,2-way,Sealed,,0,0,,50,,Null,0,0,,60,Christchurch City,Stop,,,,,0,0,Urban,0,,,Fine,Null
1852130,5760226,32153,,535212,0,,0,1,,South,2005/2006,OLD TAUPO ROAD,GALAXY ROAD,,Non-Injury Crash,No,2006,,South,,0,,Flat,,,,,,Dark,1151401,0,0,0,2,,,0,,,,,,Waikato Region,Nil,2-way,Sealed,,0,0,,100,,None,0,0,,19,South Waikato District,Nil,,,,,0,0,Open,0,,,Fine,Frost
1767608,5907193,32154,,523602,0,,0,1,,Null,2006/2007,FERGUSON ROAD,HANNAH ROAD,,Non-Injury Crash,No,2006,,North,,0,,Flat,,,,,,Bright sun,705900,0,0,0,2,,,0,,,,,,Auckland Region,Nil,2-way,Sealed,,0,0,,50,,Off,0,0,,76,Auckland,Nil,,,,,0,0,Urban,0,,,Fine,Null
1770822,5904919,32155,,523712,0,,0,2,,South,2006/2007,MURPHYS ROAD,THOMAS ROAD,,Non-Injury Crash,No,2006,,North,,0,,Hill Road,,,,,,Twilight,716300,0,0,0,2,,,0,,,,,,Auckland Region,Nil,2-way,Sealed,,0,0,,80,,Off,0,0,,76,Auckland,Nil,,,,,0,0,Open,0,,,Fine,Null
1768800,5906030,32156,,523711,0,0,0,3,0,North,2006/2007,Z CPK CHAPEL DOWNS SC,DAWSON ROAD,,Non-Injury Crash,No,2006,0,East,0,0,0,Flat,0,,0,,0,Bright sun,713005,0,0,0,1,0,0,0,0,1,,0,0,Auckland Region,Nil,Off road,Sealed,0,0,0,0,20,0,Off,0,0,,76,Auckland,Nil,0,0,0,0,0,0,Urban,0,1,0,Fine,Null
1773714,5896870,32157,,525630,1,,0,1,,Null,2005/2006,CLEVEDON ROAD,GROVE ROAD,,Non-Injury Crash,No,2006,,South,,0,,Flat,,,,,,Bright sun,795400,0,0,0,2,,,0,,,,,,Auckland Region,Nil,2-way,Sealed,,0,0,,50,,Off,0,0,,76,Auckland,Stop,,,,,0,0,Urban,0,,,Fine,Null
1755429,5922071,32158,,515202,0,,0,2,,North,2006/2007,SH 1N,CURRAN ON NBD,,Non-Injury Crash,Yes,2006,,North,,0,,Hill Road,,,,,,Bright sun,423600,0,0,0,3,,,0,,,,,,,Bridge,1-way,Sealed,,0,0,,80,,Off,0,0,,76,Auckland,Nil,,,,,0,0,Open,0,,,Fine,Null
1766530,5913279,32159,,522820,0,,0,2,,Null,2005/2006,PAKURANGA ROAD,TI RAKAU DRIVE,,Non-Injury Crash,No,2006,,East,,0,,Flat,,,,,,Twilight,694700,0,0,0,6,,,0,,,,,,Auckland Region,Nil,2-way,Sealed,,0,0,,50,,On,0,0,,76,Auckland,Traffic Signals,,,,,0,0,Urban,0,,,Fine,Null
1718570,6049345,32160,,502300,0,0,0,1,1,Null,2006/2007,OLD SH 1N,KAMO ROAD,,Non-Injury Crash,Yes,2006,0,North,0,0,0,Flat,0,,0,,1,Dark,89602,0,0,0,2,0,0,0,0,0,,0,0,Northland Region,Nil,2-way,Sealed,0,0,0,0,50,0,On,0,0,,2,Whangarei District,Give way,0,1,0,0,0,0,Urban,0,0,0,Fine,Null
1766596,5441758,32161,,568101,0,0,0,1,0,South,2005/2006,LORD ST,MANOR DRIVE,,Non-Injury Crash,No,2006,0,North,0,0,1,Hill Road,0,,0,,0,Overcast,1930001,0,0,0,2,0,0,0,0,0,,0,0,Wellington Region,Nil,2-way,Sealed,0,0,0,0,50,0,Null,0,0,,46,Lower Hutt City,Nil,0,0,0,0,0,0,Urban,0,0,0,Fine,Null
1798389,5815896,32162,,528900,0,,0,2,,Null,2006/2007,SH 1N,RIFLE RANGE ROAD,,Non-Injury Crash,Yes,2006,,East,,0,,Flat,,Christmas New Year,,,,Bright sun,915400,0,0,0,3,,,0,,,,,,Waikato Region,Nil,2-way,Sealed,,0,0,,50,,Off,0,0,,16,Hamilton City,Traffic Signals,,,,,0,0,Urban,0,,,Fine,Null
1761615,5906434,32163,,524200,0,,0,2,,Null,2006/2007,MASSEY ROAD,TIDAL ROAD,,Non-Injury Crash,No,2006,,North,,0,,Flat,,,,,,Overcast,728700,0,0,0,4,,,0,,,,,,Auckland Region,Nil,2-way,Sealed,,0,0,,50,,Null,0,0,,76,Auckland,Traffic Signals,,,,,0,0,Urban,0,,,Light rain,Null
1748693,5425052,32164,,576301,0,0,0,4,0,South,2006/2007,ADELAIDE ROAD,HALL ST,,Non-Injury Crash,No,2006,0,South,0,0,0,Flat,0,,0,,0,Dark,2164800,0,0,0,2,0,0,0,0,1,,0,0,Wellington Region,Nil,2-way,Sealed,0,0,0,0,50,0,On,0,0,,47,Wellington City,Nil,0,0,0,0,0,0,Urban,1,0,0,Fine,Null
1767779,5904273,32165,,524602,0,,0,2,,South,2006/2007,GREAT SOUTH ROAD,REDOUBT ROAD,,Non-Injury Crash,No,2006,,North,,0,,Flat,,,,,,Overcast,780416,0,0,0,4,,,0,,,,,,Auckland Region,Nil,2-way,Sealed,,0,0,,50,,On,0,0,,76,Auckland,Traffic Signals,,,,,0,0,Urban,0,,,Light rain,Null
1758314,5917101,32166,,519200,0,,0,2,,Null,2006/2007,MANUKAU ROAD,OWENS ROAD,,Non-Injury Crash,No,2006,,North,,0,,Flat,,Labour Weekend,,,,Bright sun,613900,0,0,0,2,,,0,,,,,,Auckland Region,Nil,2-way,Sealed,,0,0,,50,,Off,0,0,,76,Auckland,Traffic Signals,,,,,0,0,Urban,0,,,Fine,Null
1761678,5436904,32167,,568402,0,,0,2,,Null,2006/2007,HIGH ST,MITCHELL ST,,Non-Injury Crash,No,2006,,West,,0,,Flat,,,,,,Dark,1942200,0,0,0,2,,,0,,,,,,Wellington Region,Nil,2-way,Sealed,,0,0,,50,,On,0,0,,46,Lower Hutt City,Nil,,,,,0,0,Urban,0,,,Fine,Null
1763506,5912913,32168,45,520500,0,1,0,1,0,Null,2006/2007,SEART OFF SBD,SEMW ON WBD,,Non-Injury Crash,Yes,2006,0,East,0,0,0,Flat,0,,0,,0,Twilight,637400,0,0,0,2,0,0,0,0,0,,0,0,Auckland Region,Motorway ramp,1-way,Sealed,0,0,0,0,80,0,On,0,0,,76,Auckland,Nil,0,1,0,0,0,0,Open,0,0,0,Fine,Null
1788606,5760828,32169,,531720,0,0,0,1,1,South,2006/2007,SH 3,LEE BLOCK ROAD,,Non-Injury Crash,Yes,2006,0,South,0,0,0,Flat,0,,0,,0,Dark,1020202,0,0,0,2,0,0,0,0,0,,0,0,Waikato Region,Nil,2-way,Sealed,0,0,0,0,100,0,None,0,0,,20,Waitomo District,Unknown,0,0,0,0,0,0,Open,0,0,0,Fine,Null
1599608,5448467,32170,,584301,0,,0,2,,Null,2005/2006,WHAKAREWA ST,QUEEN VICTORIA ST,,Non-Injury Crash,No,2006,,East,,0,,Flat,,,,,,Bright sun,2378600,0,0,0,2,,,0,,,,,,Tasman Region,Nil,2-way,Sealed,,0,0,,50,,Null,0,0,,51,Tasman District,Give way,,,,,0,0,Urban,0,,,Fine,Null
1876460,5823669,32171,,537301,0,,0,1,,South,2006/2007,OTUMOETAI ROAD,BELLEVUE ROAD,,Minor Crash,No,2006,,North,,0,,Flat,,,,,,Overcast,1161200,2,0,0,2,,,0,,,,,,Bay of Plenty Region,Nil,2-way,Sealed,,0,0,,50,,Off,1,0,,23,Tauranga City,Nil,,,,,0,0,Urban,0,,,Fine,Null
1801739,5817514,32172,,529502,0,,0,2,,Null,2006/2007,PEACHGROVE ROAD,MARDON ROAD,,Non-Injury Crash,No,2006,,South,,0,,Flat,,,,,,Overcast,874600,0,0,0,2,,,0,,,,,,Waikato Region,Nil,2-way,Sealed,,0,0,,50,,Off,0,0,,16,Hamilton City,Give way,,,,,0,0,Urban,0,,,Light rain,Null
1744025,5428164,32173,,574900,0,,0,1,,North,2005/2006,MAKARA ROAD,KHOURI AVENUE,,Non-Injury Crash,No,2006,,North,,0,,Hill Road,,Christmas New Year,,,,Overcast,2109202,0,0,0,2,,,0,,,,,,Wellington Region,Nil,2-way,Sealed,,0,0,,50,,Null,1,0,,47,Wellington City,Nil,,,,,0,0,Urban,0,,,Fine,Strong wind
1766001,5900582,32174,,524713,0,,0,1,,Null,2005/2006,ROSCOMMON ROAD,WORDSWORTH ROAD,,Non-Injury Crash,No,2006,,South,,0,,Flat,,Easter,,,,Bright sun,775817,0,0,0,2,,,0,,,,,,Auckland Region,Nil,2-way,Sealed,,0,0,,50,,Off,0,0,,76,Auckland,Give way,,,,,0,0,Urban,1,,,Fine,Null
1719323,6048841,32175,,502400,0,,0,2,,Null,2005/2006,JACK ST,KEYTE ST,,Non-Injury Crash,No,2006,,North,,0,,Flat,,,,,,Twilight,92600,0,0,0,2,,,0,,,,,,Northland Region,Nil,2-way,Sealed,,0,0,,50,,On,0,0,,2,Whangarei District,Give way,,,,,0,0,Urban,0,,,Fine,Null
1748532,5918767,32176,,514801,0,,0,2,,West,2006/2007,SH 16,PATIKI OBR,,Non-Injury Crash,Yes,2006,,East,,0,,Flat,,,,,,Bright sun,389300,0,0,0,3,,,0,,,,,,Auckland Region,Nil,1-way,Sealed,,0,0,,100,,Off,0,0,,76,Auckland,Nil,,,,,0,0,Open,0,,,Fine,Null
1879105,5823993,32177,,538201,0,,0,2,,Null,2006/2007,CAMERON ROAD,SECOND AVENUE,,Non-Injury Crash,No,2006,,South,,0,,Flat,,,,,,Bright sun,1165100,0,0,0,4,,,0,,,,,,Bay of Plenty Region,Nil,2-way,Sealed,,0,0,,50,,Null,0,0,,23,Tauranga City,Give way,,,,,0,0,Urban,0,,,Fine,Null
1746949,5962409,32178,,506613,0,,0,1,,West,2006/2007,MOIRS HILL ROAD,SH 1N,,Non-Injury Crash,No,2006,,East,,0,,Hill Road,,,,,,Bright sun,146800,0,0,0,1,,,0,,,,,,Auckland Region,Nil,2-way,Unsealed,,0,0,,100,,None,0,0,,76,Auckland,Nil,,,,,1,0,Open,0,,,Fine,Null
1770115,5914669,32179,,522712,0,0,0,0,0,Null,2006/2007,ABERFELDY ROAD,PAKURANGA ROAD,,Non-Injury Crash,No,2006,0,East,0,0,0,Flat,0,,0,,0,Overcast,644800,0,0,0,2,0,0,0,0,0,,0,0,Auckland Region,Nil,2-way,Sealed,0,0,0,0,50,0,None,1,0,,76,Auckland,Nil,0,1,0,0,0,0,Urban,0,0,0,Fine,Null