X,Y,OBJECTID,advisorySpeed,areaUnitID,bicycle,bridge,bus,carStationWagon,cliffBank,crashDirectionDescription,crashFinancialYear,crashLocation1,crashLocation2,crashRoadSideRoad,crashSeverity,crashSHDescription,crashYear,debris,directionRoleDescription,ditch,fatalCount,fence,flatHill,guardRail,holiday,houseOrBuilding,intersection,kerb,light,meshblockId,minorInjuryCount,moped,motorcycle,NumberOfLanes,objectThrownOrDropped,otherObject,otherVehicleType,overBank,parkedVehicle,pedestrian,phoneBoxEtc,postOrPole,region,roadCharacter,roadLane,roadSurface,roadworks,schoolBus,seriousInjuryCount,slipOrFlood,speedLimit,strayAnimal,streetLight,suv,taxi,temporarySpeedLimit,tlaId,tlaName,trafficControl,trafficIsland,trafficSign,train,tree,truck,unknownVehicleType,urban,vanOrUtility,vehicle,waterRiver,weatherA,weatherB
1756403,5919743,32180,,514000,0,0,0,0,0,South,2006/2007,HOWE ST,BERESFORD ST,,Non-Injury Crash,No,2006,0,North,0,0,0,Flat,0,,0,,0,Bright sun,413400,0,0,0,2,0,0,0,0,0,,0,0,Auckland Region,Nil,2-way,Sealed,0,0,0,0,50,0,Off,0,0,,76,Auckland,Nil,0,0,0,1,0,0,Urban,1,0,0,Fine,Null
1752392,5933202,32181,,508701,0,0,0,2,0,South,2006/2007,BUSH ROAD,ALBANY EXPRESSWAY,,Non-Injury Crash,No,2006,0,North,0,0,0,Flat,0,,0,,0,Overcast,178800,0,0,0,4,0,0,0,0,0,,2,0,Auckland Region,Nil,2-way,Sealed,0,0,0,0,50,0,Off,0,0,,76,Auckland,Nil,0,0,0,0,0,0,Urban,0,0,0,Heavy rain,Null
1747223,5920685,32182,,512300,0,0,0,1,0,North,2006/2007,TE ATATU ROAD,GLORIA AVENUE,,Non-Injury Crash,No,2006,0,South,0,0,0,Flat,0,,0,,0,Overcast,251000,0,0,0,4,0,0,0,0,0,,0,1,Auckland Region,Nil,2-way,Sealed,0,0,0,0,50,0,Off,0,0,,76,Auckland,Nil,0,0,0,0,0,0,Urban,0,0,0,Fine,Null
1654800,6093645,32183,,500801,0,0,0,0,0,East,2006/2007,SH 1N,HAPPY VALLEY ROAD,,Non-Injury Crash,Yes,2006,0,South,1,0,0,Flat,0,,0,,0,Bright sun,21300,0,0,0,2,0,0,0,0,0,,0,0,Northland Region,Nil,2-way,Sealed,0,0,0,0,100,0,Null,0,0,,1,Far North District,Unknown,0,0,0,0,1,0,Open,0,0,0,Fine,Null
1754885,5918062,32184,,517500,0,0,0,2,0,Null,2006/2007,SCHOOL ROAD,THIRD AVENUE,,Non-Injury Crash,No,2006,0,West,0,0,1,Hill Road,0,,0,,0,Dark,530200,0,0,0,2,0,0,0,0,1,,0,0,Auckland Region,Nil,2-way,Sealed,0,0,0,0,50,0,On,0,0,,76,Auckland,Give way,0,0,0,0,0,0,Urban,0,0,0,Fine,Null
1798089,5816148,32185,,528501,0,,0,2,,Null,2005/2006,AVALON DRIVE,ELLICOTT ROAD,,Non-Injury Crash,No,2006,,North,,0,,Flat,,,,,,Overcast,905300,0,0,0,6,,,0,,,,,,Waikato Region,Nil,2-way,Sealed,,0,0,,60,,Null,0,0,,16,Hamilton City,Traffic Signals,,,,,0,0,Urban,0,,,Fine,Null
1749808,5914562,32186,,511303,0,,0,1,,South,2005/2006,RATA ST,BINSTED ROAD,,Non-Injury Crash,No,2006,,South,,0,,Flat,,,,,,Bright sun,266600,0,0,0,2,,,0,,,,,,Auckland Region,Nil,2-way,Sealed,,0,0,,50,,Off,0,0,,76,Auckland,Nil,,,,,1,0,Urban,0,,,Fine,Null
1882030,5827690,32187,,536821,0,,0,1,,South,2006/2007,HULL ROAD,NEWTON ST,,Non-Injury Crash,No,2006,,South,,0,,Flat,,,,,,Bright sun,1203300,0,0,1,2,,,0,,,,,,Bay of Plenty Region,Nil,2-way,Sealed,,0,0,,50,,Off,0,0,,23,Tauranga City,Give way,,,,,0,0,Urban,0,,,Fine,Null
1772737,5895598,32188,,525540,0,0,0,1,0,West,2006/2007,CLARK ROAD,GREAT SOUTH ROAD,,Non-Injury Crash,No,2006,0,West,0,0,0,Flat,0,,0,,0,Bright sun,806001,0,0,0,2,0,0,0,0,1,,0,0,Auckland Region,Nil,2-way,Sealed,0,0,0,0,50,0,Off,1,0,,76,Auckland,Nil,0,0,0,0,0,0,Urban,0,0,0,Fine,Null
1769848,5913457,32189,,522722,0,,0,1,,North,2005/2006,AVIEMORE DRIVE,MARCO PLACE,,Non-Injury Crash,No,2006,,South,,0,,Flat,,,,,,Dark,681333,0,0,0,2,,,0,,,,,,Auckland Region,Nil,2-way,Sealed,,0,0,,50,,On,1,0,,76,Auckland,Nil,,,,,0,0,Urban,0,,,Heavy rain,Strong wind
1746667,5916056,32190,,511601,0,0,0,1,0,South,2006/2007,MANHATTAN HEIGHTS,KIRBY ST,,Non-Injury Crash,No,2006,0,East,0,0,1,Flat,0,,0,,0,Overcast,275000,0,0,0,2,0,0,0,0,0,,0,0,Auckland Region,Nil,2-way,Sealed,0,0,0,0,50,0,Off,0,0,,76,Auckland,Nil,0,0,0,1,0,0,Urban,0,0,0,Fine,Null
1747055,5913846,32191,,511100,0,,0,2,,Null,2006/2007,WEST COAST ROAD,GLENDALE ROAD,,Non-Injury Crash,No,2006,,West,,0,,Flat,,,,,,Bright sun,286100,0,0,0,2,,,0,,,,,,Auckland Region,Nil,2-way,Sealed,,0,0,,50,,Off,0,0,,76,Auckland,Traffic Signals,,,,,0,0,Urban,0,,,Fine,Null
1756563,5920774,32192,,514102,0,0,0,1,0,West,2006/2007,FANSHAWE ST,HALSEY ST,,Non-Injury Crash,No,2006,0,West,0,0,0,Flat,0,,0,,0,Dark,432500,0,0,0,4,0,0,0,0,0,,0,0,Auckland Region,Nil,2-way,Sealed,0,0,0,0,50,0,On,0,0,,76,Auckland,Nil,1,0,0,0,0,0,Urban,0,0,0,Heavy rain,Strong wind
1768933,5903852,32193,,523820,0,0,0,2,0,West,2006/2007,RANSOM SMYTH DRIVE,BOUGAINVILLAEA TERRACE,,Non-Injury Crash,No,2006,0,East,0,0,0,Hill Road,0,,0,,0,Dark,760152,0,0,0,2,0,0,0,0,1,,0,0,Auckland Region,Nil,2-way,Sealed,0,0,0,0,50,0,On,0,0,,76,Auckland,Nil,0,0,0,0,0,0,Urban,0,0,0,Light rain,Null
1686356,6101373,32194,,500900,0,0,0,1,0,West,2006/2007,Z CPK MCDONALDS,KERIKERI ROAD,,Non-Injury Crash,No,2006,0,West,0,0,0,Flat,0,,0,,0,Bright sun,53303,0,0,0,0,0,0,0,0,1,,0,0,Northland Region,Nil,Off road,Sealed,0,0,0,0,30,0,Off,1,0,,1,Far North District,Nil,0,0,0,0,0,0,Urban,0,0,0,Fine,Null
1771487,5897858,32195,,523912,0,,0,2,,North,2006/2007,GREAT SOUTH ROAD,WALTERS ROAD,,Non-Injury Crash,No,2006,,North,,0,,Flat,,,,,,Overcast,767812,0,0,0,2,,,0,,,,,,Auckland Region,Nil,2-way,Sealed,,0,0,,50,,Off,0,0,,76,Auckland,Nil,,,,,0,0,Urban,0,,,Light rain,Null
1364621,5187826,32196,,585323,0,,0,0,,South,2006/2007,SH 6,OMOEROA RIV BR,,Serious Crash,Yes,2006,,North,,0,,Hill Road,,,,,,Bright sun,2416901,0,0,1,2,,,0,,,,,,West Coast Region,Nil,2-way,Sealed,,0,1,,100,,Null,0,0,,57,Westland District,Unknown,,,,,0,0,Open,0,,,Fine,Null
1889431,5774646,32197,,538742,0,,0,1,,North,2005/2006,SH 30,SUNRISE AVENUE,,Non-Injury Crash,Yes,2006,,South,,0,,Flat,,,,,,Dark,1257000,0,0,0,2,,,0,,,,,,Bay of Plenty Region,Nil,2-way,Sealed,,0,0,,60,,On,0,0,,24,Rotorua District,Unknown,,,,,0,0,Urban,1,,,Fine,Null
1750518,5913729,32198,,511303,0,,0,1,,East,2006/2007,CLARK ST,PORTAGE ROAD,,Non-Injury Crash,No,2006,,East,,0,,Flat,,,,,,Overcast,265200,0,0,1,2,,,0,,,,,,Auckland Region,Nil,2-way,Sealed,,0,0,,50,,Off,0,0,,76,Auckland,Nil,,,,,0,0,Urban,0,,,Fine,Null
1772272,5914988,32199,,521501,0,0,0,1,0,Null,2006/2007,COOK ST,SELWYN ROAD,,Non-Injury Crash,No,2006,0,West,0,0,0,Flat,0,,1,,0,Dark,652500,0,0,0,2,0,0,0,0,0,,0,0,Auckland Region,Nil,2-way,Sealed,0,0,0,0,50,0,On,0,0,,76,Auckland,Give way,0,0,0,0,0,0,Urban,0,0,0,Fine,Null
1770324,5911308,32200,40,523113,0,,0,2,,Null,2006/2007,TI RAKAU DRIVE,TE IRIRANGI DRIVE,,Non-Injury Crash,No,2006,,West,,0,,Flat,,,,,,Bright sun,711716,0,0,0,6,,,0,,,,,,Auckland Region,Nil,2-way,Sealed,,0,0,,70,,Null,0,0,,76,Auckland,Traffic Signals,,,,,0,0,Urban,0,,,Fine,Null
1800877,5811961,32201,,529200,0,,0,1,,South,2005/2006,SH 3,COLLINS ROAD,,Non-Injury Crash,Yes,2006,,North,,0,,Flat,,,,,,Bright sun,927402,0,0,0,4,,,0,,,,,,Waikato Region,Nil,2-way,Sealed,,0,0,,50,,Null,1,0,,16,Hamilton City,Traffic Signals,,,,,0,0,Urban,0,,,Fine,Null
1758667,5919833,32202,,515902,0,0,0,2,0,East,2005/2006,RUSKIN ST,PARNELL ROAD,,Non-Injury Crash,No,2006,0,East,0,0,0,Flat,0,,0,,0,Dark,453600,0,0,0,2,0,0,0,0,1,,0,0,Auckland Region,Nil,2-way,Sealed,0,0,0,0,50,0,On,0,0,,76,Auckland,Nil,0,0,0,0,0,0,Urban,0,0,0,Fine,Null
1764588,5918164,32203,,517001,0,0,0,1,0,East,2005/2006,ST HELIERS BAY ROAD,ST JOHNS ROAD,,Non-Injury Crash,No,2006,0,East,0,0,0,Flat,0,Christmas New Year,0,,0,Bright sun,463800,0,0,0,4,0,0,0,0,0,,0,1,Auckland Region,Nil,2-way,Sealed,0,0,0,0,50,0,Off,0,0,,76,Auckland,Nil,0,0,0,1,0,0,Urban,0,0,0,Fine,Null
1744431,5920892,32204,,513632,0,,0,2,,Null,2005/2006,WAIMUMU ROAD,CROMPTON ROAD,,Non-Injury Crash,No,2006,,West,,0,,Flat,,,,,,Dark,228206,0,0,0,2,,,0,,,,,,Auckland Region,Nil,2-way,Sealed,,0,0,,50,,On,0,0,,76,Auckland,Give way,,,,,0,0,Urban,0,,,Light rain,Null
1755660,5919806,32205,,514000,0,0,0,2,0,North,2006/2007,PONSONBY ROAD,ANGLESEA ST,,Non-Injury Crash,No,2006,0,South,0,0,0,Flat,0,,0,,0,Dark,415000,0,0,0,4,0,0,0,0,1,,0,0,Auckland Region,Nil,2-way,Sealed,0,0,0,0,50,0,On,0,0,,76,Auckland,Nil,0,0,0,0,0,0,Urban,0,0,0,Fine,Null
1772136,5894979,32206,,525530,0,,0,2,,West,2006/2007,ROSEHILL DRIVE,EDINBURGH AVENUE,,Non-Injury Crash,No,2006,,West,,0,,Flat,,,,,,Overcast,804802,0,0,0,2,,,0,,,,,,Auckland Region,Nil,2-way,Sealed,,0,0,,50,,Off,0,0,,76,Auckland,Nil,,,,,0,0,Urban,0,,,Fine,Null
1751882,5917935,32207,,515001,0,,0,0,,Null,2005/2006,SH 16,PT CHEV ON EBD,,Non-Injury Crash,Yes,2006,,East,,0,,Flat,,,,,,Bright sun,392200,0,0,0,6,,,0,,,,,,Auckland Region,Nil,2-way,Sealed,,0,0,,100,,Off,0,0,,76,Auckland,Nil,,,,,0,0,Open,2,,,Fine,Null
1723829,6041530,32208,,504000,0,0,0,1,0,Null,2005/2006,WHANGAREI HEADS ROAD,BEACH ROAD,,Non-Injury Crash,No,2006,0,South,0,0,0,Flat,0,,0,,0,Dark,111400,0,0,0,2,0,0,0,0,0,,0,1,Northland Region,Nil,2-way,Sealed,0,0,0,0,50,0,On,0,0,,2,Whangarei District,Nil,0,0,0,0,0,0,Urban,0,0,0,Light rain,Null
1893018,5812600,32209,,538502,0,,0,0,,North,2005/2006,OXFORD ST,STEWART ST,,Non-Injury Crash,No,2006,,South,,0,,Flat,,,,,,Dark,1215700,0,0,1,2,,,0,,,,,,Bay of Plenty Region,Nil,2-way,Sealed,,0,0,,50,,On,0,0,,22,Western Bay of Plenty District,Nil,,,,,0,0,Urban,1,,,Fine,Null
1768562,5905303,32210,,523722,0,0,0,1,0,West,2005/2006,TE IRIRANGI DRIVE,HOLLYFORD DRIVE,,Non-Injury Crash,No,2006,0,West,0,0,0,Flat,0,,0,,0,Dark,715911,0,0,0,4,0,0,0,0,0,,0,0,Auckland Region,Nil,2-way,Sealed,0,0,0,0,50,0,On,0,0,,76,Auckland,Nil,0,0,0,1,0,0,Urban,0,0,0,Fine,Null
1767290,5870039,32211,,526701,0,0,0,1,1,East,2005/2006,TUAKAU BRIDGE-PORT WAIKAT,FROST ROAD,,Non-Injury Crash,No,2006,0,West,0,0,0,Flat,0,Easter,0,,0,Dark,845500,0,0,0,2,0,0,0,0,0,,0,0,Waikato Region,Nil,2-way,Sealed,0,0,0,0,100,0,None,0,0,,13,Waikato District,Nil,0,0,0,0,0,0,Open,0,0,0,Fine,Null
1764919,5914744,32212,,520602,0,,0,1,,Null,2006/2007,PANMURE ROUNDABOUT,ELLERSLIE-PANMURE HIGHWAY,,Non-Injury Crash,No,2006,,West,,0,,Flat,,,,,,Bright sun,628400,0,0,0,3,,,0,,,,,,Auckland Region,Nil,1-way,Sealed,,0,0,,50,,Off,0,0,,76,Auckland,Nil,,,,,0,0,Urban,1,,,Fine,Null
1754310,5919388,32213,,515431,0,,0,2,,Null,2006/2007,RICHMOND ROAD,HAKANOA ST,,Non-Injury Crash,No,2006,,South,,0,,Flat,,,,,,Bright sun,403000,0,0,0,2,,,0,,,,,,Auckland Region,Nil,2-way,Sealed,,0,0,,50,,Off,0,0,,76,Auckland,Stop,,,,,0,0,Urban,0,,,Fine,Null
1249321,4852071,32214,,610062,0,0,0,1,1,East,2005/2006,SH 1S,MILL ROAD NORTH,,Minor Crash,Yes,2006,0,East,0,0,1,Flat,0,,0,,0,Dark,3093000,2,0,0,2,0,0,0,0,0,,0,0,Southland Region,Nil,2-way,Sealed,0,0,0,0,100,0,None,0,0,,75,Invercargill City,Unknown,0,0,0,1,0,0,Open,0,0,0,Fine,Frost
1756669,5919911,32215,,514102,0,,0,1,,West,2005/2006,UNION ST,NELSON ST,,Non-Injury Crash,No,2006,,East,,0,,Flat,,,,,,Overcast,435500,0,0,0,2,,,0,,,,,,Auckland Region,Nil,2-way,Sealed,,0,0,,50,,Off,0,0,,76,Auckland,Traffic Signals,,,,,0,0,Urban,1,,,Null,Null
1761090,5918381,32216,,516201,0,,0,2,,Null,2005/2006,ORAKEI ROAD,SHORE ROAD,,Non-Injury Crash,No,2006,,South,,0,,Flat,,,,,,Bright sun,486000,0,0,0,4,,,0,,,,,,Auckland Region,Nil,2-way,Sealed,,0,0,,50,,Null,0,0,,76,Auckland,Give way,,,,,0,0,Urban,0,,,Fine,Null
1882642,5772867,32217,,539600,0,,0,2,,Null,2006/2007,MALFROY ROAD WEST,THEBES ST,,Non-Injury Crash,No,2006,,West,,0,,Flat,,,,,,Bright sun,1228500,0,0,0,2,,,0,,,,,,Bay of Plenty Region,Nil,2-way,Sealed,,0,0,,50,,Off,0,0,,24,Rotorua District,Give way,,,,,0,0,Urban,0,,,Fine,Null
1754395,5916750,32218,,517701,0,,0,2,,East,2006/2007,Z CPK ST LUKES SC,ST LUKES ROAD,,Non-Injury Crash,No,2006,,North,,0,,Flat,,,,,,Overcast,536100,0,0,0,1,,,0,,,,,,Auckland Region,Nil,Off road,Sealed,,0,0,,20,,Off,0,0,,76,Auckland,Nil,,,,,0,0,Urban,0,,,Fine,Null
1766627,5913303,32219,,522820,0,,0,2,,East,2006/2007,PAKURANGA ROAD,TI RAKAU DRIVE,,Minor Crash,No,2006,,East,,0,,Flat,,,,,,Bright sun,694800,3,0,0,6,,,0,,,,,,Auckland Region,Nil,2-way,Sealed,,0,0,,60,,Off,0,0,,76,Auckland,Nil,,,,,0,0,Urban,0,,,Fine,Null
1823935,5577374,32220,,559220,0,0,0,1,0,South,2006/2007,SH 1N,SH 54,,Serious Crash,Yes,2006,0,South,0,0,1,Hill Road,0,,0,,0,Overcast,1748000,3,0,0,2,0,0,0,0,0,,0,0,Manawatū-Whanganui Region,Nil,2-way,Sealed,0,0,1,0,100,0,Null,1,0,,38,Rangitikei District,Nil,0,0,0,0,0,0,Open,0,0,0,Fine,Null
1745206,5919758,32221,,513301,0,,0,2,,West,2005/2006,UNIVERSAL DRIVE,LINCOLN ROAD,,Non-Injury Crash,No,2006,,East,,0,,Flat,,,,,,Twilight,232001,0,0,0,4,,,0,,,,,,Auckland Region,Nil,2-way,Sealed,,0,0,,50,,On,0,0,,76,Auckland,Nil,,,,,0,0,Urban,0,,,Fine,Null
1756565,5924704,32222,,509702,0,,0,3,,South,2006/2007,SH 1N,ONEWA OFF SBD,,Non-Injury Crash,Yes,2006,,South,,0,,Flat,,,,,,Bright sun,366700,0,0,0,6,,,0,,,,,,Auckland Region,Nil,2-way,Sealed,,0,0,,100,,Off,0,0,80,76,Auckland,Nil,,,,,0,0,Open,0,,,Fine,Null
1746736,5919013,32223,,512401,0,0,0,2,0,North,2006/2007,FLANSHAW ROAD,PATON AVENUE,,Non-Injury Crash,No,2006,0,North,0,0,1,Hill Road,0,,0,,0,Dark,255200,0,0,0,1,0,0,0,0,0,,0,0,Auckland Region,Nil,2-way,Sealed,0,0,0,0,50,0,On,0,0,,76,Auckland,Nil,0,0,0,0,0,0,Urban,0,0,0,Fine,Null
1673424,6082099,32224,,501700,0,,0,1,,East,2005/2006,SH 12,QUARRY ROAD,,Non-Injury Crash,Yes,2006,,North,,0,,Flat,,,,,,Bright sun,42700,0,0,0,2,,,0,,,,,,Northland Region,Nil,2-way,Sealed,,0,0,,50,,Off,0,0,,1,Far North District,Nil,,,,,0,0,Urban,1,,,Fine,Null
1777534,5892258,32225,,521301,0,0,0,1,0,East,2005/2006,PONGA ROAD,COAL MINE ROAD,,Non-Injury Crash,No,2006,0,South,0,0,0,Flat,0,,0,,0,Overcast,808002,0,0,0,2,0,0,0,1,0,,0,0,Auckland Region,Nil,2-way,Sealed,0,0,0,0,100,0,Null,0,0,,76,Auckland,Unknown,0,0,0,1,0,0,Open,0,0,0,Light rain,Null
1771536,5897851,32226,,523912,0,0,0,2,0,North,2005/2006,Z CPK SOUTHGATE MALL,WALTERS ROAD,,Non-Injury Crash,No,2006,0,East,0,0,0,Flat,0,,0,,0,Overcast,765700,0,0,0,0,0,0,0,0,1,,0,0,Auckland Region,Nil,Off road,Sealed,0,0,0,0,30,0,Off,0,0,,76,Auckland,Nil,0,0,0,0,0,0,Urban,0,0,0,Fine,Null
1924547,5607300,32227,,548612,0,0,0,2,0,North,2005/2006,SCOTT DRIVE,CHATHAM ROAD,,Non-Injury Crash,No,2006,0,South,0,0,1,Flat,0,,1,,0,Dark,1474003,0,0,0,2,0,0,0,0,1,,0,0,Hawke's Bay Region,Nil,2-way,Sealed,0,0,0,0,50,0,On,0,0,,30,Hastings District,Nil,0,0,0,0,0,0,Urban,0,0,0,Fine,Null
1767896,5903199,32228,,524602,0,0,0,1,0,East,2005/2006,KERRS ROAD,INVERELL AVENUE,,Non-Injury Crash,No,2006,0,East,0,0,0,Flat,0,,0,,0,Overcast,780407,0,0,0,2,0,0,0,0,1,,0,0,Auckland Region,Nil,2-way,Sealed,0,0,0,0,50,0,Off,0,0,,76,Auckland,Nil,0,0,0,0,1,0,Urban,0,0,0,Fine,Null
1804368,5793633,32229,,527935,0,,0,1,,South,2006/2007,SH 3,NGAROTO ROAD,,Non-Injury Crash,Yes,2006,,South,,0,,Hill Road,,,,,,Overcast,986500,0,0,0,2,,,0,,,,,,Waikato Region,Nil,2-way,Sealed,,0,0,,100,,None,0,0,,17,Waipa District,Nil,,,,,1,0,Open,0,,,Fine,Null
1800741,5813024,32230,,530400,0,,0,2,,East,2005/2006,SH 1N,OHAUPO ROAD,,Non-Injury Crash,Yes,2006,,West,,0,,Hill Road,,,,,,Overcast,921900,0,0,0,2,,,0,,,,,,Waikato Region,Nil,2-way,Sealed,,0,0,,50,,Null,0,0,,16,Hamilton City,Traffic Signals,,,,,0,0,Urban,0,,,Fine,Null
1678761,6022930,32231,,504600,0,,0,2,,Null,2005/2006,AWAKINO ROAD,GORDON ST,,Non-Injury Crash,No,2006,,South,,0,,Flat,,,,,,Twilight,116500,0,0,0,2,,,0,,,,,,Northland Region,Nil,2-way,Sealed,,0,0,,50,,Off,0,0,,3,Kaipara District,Give way,,,,,0,0,Urban,0,,,Fine,Null
1768849,5902728,32232,,524602,0,,0,3,,South,2005/2006,SH 1N,MANUKAU OFF NBD,,Minor Crash,Yes,2006,,North,,0,,Flat,,,,,,Overcast,780504,1,0,0,3,,,0,,,,,,Auckland Region,Nil,1-way,Sealed,,0,0,,100,,Off,0,0,,76,Auckland,Nil,,,,,0,0,Open,0,,,Heavy rain,Null
1747755,5913480,32233,,511100,0,0,0,1,0,East,2006/2007,WEST COAST ROAD,PLEASANT ROAD,,Non-Injury Crash,No,2006,0,West,0,0,1,Hill Road,0,,0,,0,Dark,287200,0,0,0,2,0,0,0,0,0,,0,0,Auckland Region,Nil,2-way,Sealed,0,0,0,0,50,0,On,0,0,,76,Auckland,Nil,0,0,0,0,0,0,Urban,0,0,0,Fine,Null
1747359,5919627,32234,,512300,0,0,0,1,0,East,2005/2006,SH 16,TE ATATU OBR,,Non-Injury Crash,Yes,2006,0,East,0,0,0,Flat,0,,0,,0,Dark,252000,0,0,0,3,0,0,0,0,0,,0,1,Auckland Region,Nil,1-way,Sealed,0,0,0,0,100,0,On,0,0,,76,Auckland,Nil,0,0,0,0,0,0,Open,0,0,0,Fine,Null
1678856,6022709,32235,,504600,0,,0,2,,Null,2006/2007,AWAKINO ROAD,SH 12,,Non-Injury Crash,Yes,2006,,West,,0,,Flat,,,,,,Bright sun,116500,0,0,0,2,,,0,,,,,,Northland Region,Nil,2-way,Sealed,,0,0,,50,,Null,0,0,,3,Kaipara District,Stop,,,,,0,0,Urban,0,,,Fine,Null
2072807,5820808,32236,,543301,0,,0,0,,West,2005/2006,WAIONE ROAD,TE ARAROA ROAD,,Minor Crash,No,2006,,East,,0,,Flat,,,,,,Overcast,1342800,1,0,0,2,,,0,,,,,,Gisborne Region,Nil,2-way,Sealed,,0,0,,100,,Null,1,0,,28,Gisborne District,Nil,,,,,0,0,Open,0,,,Fine,Frost
1765287,5902326,32237,,524604,0,0,0,1,0,Null,2006/2007,ROSCOMMON ROAD,LANGLEY ROAD,,Non-Injury Crash,No,2006,0,South,0,0,0,Flat,0,,0,,0,Overcast,781302,0,0,0,4,0,0,0,0,0,,0,0,Auckland Region,Nil,2-way,Sealed,0,0,0,0,50,0,Off,0,0,,76,Auckland,Traffic Signals,0,1,0,0,1,0,Urban,0,0,0,Light rain,Null
1836380,5833026,32238,,534604,0,,0,1,,East,2006/2007,CHUDLEIGH ROAD,WAIHEKAU ROAD,,Serious Crash,No,2006,,West,,0,,Flat,,,,,,Dark,1108800,0,0,0,1,,,0,,,1,,,Waikato Region,Nil,2-way,Sealed,,0,1,,100,,None,0,0,,15,Matamata-Piako District,Nil,,,,,0,0,Open,0,,,Fine,Null
1754117,5937345,32239,,508900,0,0,0,0,0,North,2005/2006,GLENVAR ROAD,FITZWILLIAM DRIVE N,,Non-Injury Crash,No,2006,0,North,0,0,0,Hill Road,0,,0,,0,Dark,178309,0,0,0,2,0,0,0,0,0,,0,0,Auckland Region,Nil,2-way,Sealed,0,0,0,0,50,0,On,0,0,,76,Auckland,Nil,0,0,0,1,0,0,Urban,1,0,0,Fine,Null
1752233,5925244,32240,,510401,0,,0,2,,Null,2005/2006,WAIPA ST,VERBENA ROAD,,Non-Injury Crash,No,2006,,East,,0,,Hill Road,,,,,,Dark,353700,0,0,0,2,,,0,,,,,,Auckland Region,Nil,2-way,Sealed,,0,0,,50,,On,0,0,,76,Auckland,Stop,,,,,0,0,Urban,0,,,Light rain,Null
1563912,5180649,32241,,587812,1,,0,1,,Null,2006/2007,SH 73 YALDHURST,RACECOURSE ROAD,,Minor Crash,Yes,2006,,West,,0,,Flat,,,,,,Dark,2495401,1,0,0,6,,,0,,,,,,Canterbury Region,Nil,2-way,Sealed,,0,0,,60,,On,0,0,,60,Christchurch City,Give way,,,,,0,0,Urban,0,,,Fine,Null
1756046,5936921,32242,,506903,0,,0,2,,West,2005/2006,GLAMORGAN DRIVE,SEALY ROAD,,Non-Injury Crash,No,2006,,East,,0,,Flat,,,,,,Overcast,165200,0,0,0,2,,,0,,,,,,Auckland Region,Nil,2-way,Sealed,,0,0,,50,,Off,0,0,,76,Auckland,Nil,,,,,0,0,Urban,0,,,Heavy rain,Null
1877609,5818692,32243,,537800,0,,0,1,,Null,2006/2007,WINDERMERE DRIVE,POIKE ROAD,,Non-Injury Crash,No,2006,,West,,0,,Flat,,,,,,Dark,1177900,0,0,0,2,,,0,,,,,,Bay of Plenty Region,Nil,2-way,Sealed,,0,0,,50,,On,0,0,,23,Tauranga City,Nil,,,,,0,0,Urban,0,,,Heavy rain,Null
1744893,5921153,32244,,513632,0,,0,2,,Null,2006/2007,TRIANGLE ROAD,WAIMUMU ROAD,,Minor Crash,No,2006,,North,,0,,Flat,,,,,,Dark,228702,1,0,0,4,,,0,,,,,,Auckland Region,Nil,2-way,Sealed,,0,0,,50,,On,0,0,,76,Auckland,Give way,,,,,0,0,Urban,0,,,Light rain,Null
1769491,5911385,32245,,523113,0,,0,1,,East,2005/2006,TI RAKAU DRIVE,GREENMOUNT DRIVE,,Non-Injury Crash,No,2006,,West,,0,,Flat,,,,,,Bright sun,711703,0,0,0,6,,,0,,,,,,Auckland Region,Nil,2-way,Sealed,,0,0,,50,,Off,0,0,,76,Auckland,Nil,,,,,0,0,Urban,1,,,Fine,Null
1889350,5784958,32246,,538820,0,0,0,1,0,East,2005/2006,HAMURANA ROAD,UNSWORTH ROAD,,Non-Injury Crash,No,2006,0,West,1,0,0,Hill Road,0,Christmas New Year,0,,0,Overcast,1250402,0,0,0,2,0,0,0,0,0,,0,0,Bay of Plenty Region,Nil,2-way,Sealed,0,0,0,0,100,0,Null,0,0,,24,Rotorua District,Unknown,0,0,0,0,0,0,Open,0,0,0,Light rain,Null
1570885,5179796,32247,,591500,0,,0,2,,Null,2006/2007,LICHFIELD,MANCHESTER ST,,Minor Crash,No,2006,,South,,0,,Flat,,,,,,Dark,2652200,3,0,0,3,,,0,,,,,,Canterbury Region,Nil,2-way,Sealed,,0,0,,50,,On,0,1,,60,Christchurch City,Traffic Signals,,,,,0,0,Urban,0,,,Mist or Fog,Null
1764790,5911224,32248,,520500,0,,0,2,,North,2005/2006,SH 1N,PRINCES OBR,,Non-Injury Crash,Yes,2006,,North,,0,,Flat,,,,,,Bright sun,636200,0,0,0,3,,,0,,,,,,Auckland Region,Nil,1-way,Sealed,,0,0,,100,,Off,0,0,,76,Auckland,Nil,,,,,0,0,Open,0,,,Fine,Null
1733847,5934432,32249,,506653,0,0,0,0,0,East,2005/2006,PEAK ROAD,OLD NORTH ROAD,,Minor Crash,No,2006,0,East,1,0,0,Hill Road,0,,0,,0,Overcast,217703,1,0,1,2,0,0,0,0,0,,0,0,Auckland Region,Nil,2-way,Sealed,0,0,0,0,100,0,None,0,0,,76,Auckland,Nil,0,0,0,0,0,0,Open,0,0,0,Fine,Null
1765416,5901977,32250,,524604,0,,0,3,,North,2005/2006,ROSCOMMON ROAD,BOLDERWOOD PLACE,,Non-Injury Crash,No,2006,,North,,0,,Flat,,,,,,Overcast,781200,0,0,0,4,,,0,,,,,,Auckland Region,Nil,2-way,Sealed,,0,0,,80,,Off,0,0,,76,Auckland,Nil,,,,,0,0,Open,0,,,Light rain,Null