X,Y,OBJECTID,advisorySpeed,areaUnitID,bicycle,bridge,bus,carStationWagon,cliffBank,crashDirectionDescription,crashFinancialYear,crashLocation1,crashLocation2,crashRoadSideRoad,crashSeverity,crashSHDescription,crashYear,debris,directionRoleDescription,ditch,fatalCount,fence,flatHill,guardRail,holiday,houseOrBuilding,intersection,kerb,light,meshblockId,minorInjuryCount,moped,motorcycle,NumberOfLanes,objectThrownOrDropped,otherObject,otherVehicleType,overBank,parkedVehicle,pedestrian,phoneBoxEtc,postOrPole,region,roadCharacter,roadLane,roadSurface,roadworks,schoolBus,seriousInjuryCount,slipOrFlood,speedLimit,strayAnimal,streetLight,suv,taxi,temporarySpeedLimit,tlaId,tlaName,trafficControl,trafficIsland,trafficSign,train,tree,truck,unknownVehicleType,urban,vanOrUtility,vehicle,waterRiver,weatherA,weatherB
1752208,5912429,32251,,514700,0,,0,0,,West,2006/2007,DONOVAN ST,FRANCIS CURTIS AVENUE,,Minor Crash,No,2006,,East,,0,,Flat,,,,,,Bright sun,369000,1,0,0,3,,,0,,,1,,,Auckland Region,Nil,2-way,Sealed,,0,0,,50,,Off,0,0,,76,Auckland,Nil,,,,,0,0,Urban,1,,,Fine,Null
1881695,5783780,32252,,538811,0,0,0,1,0,North,2006/2007,CENTRAL ROAD,SH 36,,Non-Injury Crash,No,2006,0,North,0,0,1,Hill Road,0,,0,,0,Overcast,1249801,0,0,0,2,0,0,0,0,0,,0,0,Bay of Plenty Region,Nil,2-way,Sealed,0,0,0,0,100,0,Null,0,0,,24,Rotorua District,Unknown,0,0,0,0,0,0,Open,0,0,0,Light rain,Null
1766091,5905110,32253,,524603,0,,0,2,,West,2005/2006,PUHINUI ROAD,NORMAN SPENCER DRIVE,,Non-Injury Crash,No,2006,,East,,0,,Flat,,,,,,Bright sun,674500,0,0,0,2,,,0,,,,,,Auckland Region,Nil,2-way,Sealed,,0,0,,50,,Off,0,0,,76,Auckland,Nil,,,,,0,0,Urban,0,,,Fine,Null
1761378,5436889,32254,,568402,0,,0,3,,West,2006/2007,HIGH ST,MITCHELL ST,,Minor Crash,No,2006,,South,,0,,Flat,,,,,,Bright sun,1942000,1,0,0,2,,,0,,,,,,Wellington Region,Nil,2-way,Sealed,,0,0,,50,,Null,0,0,,46,Lower Hutt City,Nil,,,,,0,0,Urban,0,,,Fine,Null
1748381,5912979,32255,,511401,0,,0,1,,West,2005/2006,TITIRANGI ROAD,CEZANNE PLACE,,Non-Injury Crash,No,2006,,West,,0,,Hill Road,,,,,,Dark,262800,0,0,0,2,,,0,,,,,,Auckland Region,Nil,2-way,Sealed,,0,0,,50,,On,1,0,,76,Auckland,Nil,,,,,0,0,Urban,0,,,Light rain,Null
1751620,5924999,32256,,510020,0,,0,1,,Null,2005/2006,RANGATIRA ROAD,ISLAND BAY ROAD,,Serious Crash,No,2006,,East,,0,,Hill Road,,,,,,Bright sun,346100,0,0,0,2,,,0,,,,,,Auckland Region,Nil,2-way,Sealed,,0,1,,50,,Off,1,0,,76,Auckland,Stop,,,,,0,0,Urban,0,,,Fine,Null
1881888,5779411,32257,,538602,0,,0,2,,Null,2005/2006,SH 5,SH 36,,Non-Injury Crash,Yes,2006,,North,,0,,Flat,,,,,,Dark,1247200,0,0,0,2,,,0,,,,,,Bay of Plenty Region,Nil,2-way,Sealed,,0,0,,80,,On,0,0,,24,Rotorua District,Give way,,,,,0,0,Open,0,,,Fine,Null
1751492,5951842,32258,,505804,0,,0,1,,Null,2006/2007,HIBISCUS COAST HIGHWAY,OCEAN VIEW ROAD,,Minor Crash,No,2006,,North,,0,,Hill Road,,,,,,Bright sun,170803,2,0,0,2,,,0,,,,,,Auckland Region,Nil,2-way,Sealed,,0,0,,70,,Off,0,0,,76,Auckland,Give way,,,,,1,0,Urban,1,,,Fine,Null
1763322,5911519,32259,,520500,0,,0,2,,Null,2005/2006,VESTEY DRIVE,GREAT SOUTH ROAD,,Non-Injury Crash,No,2006,,West,,0,,Flat,,,,,,Bright sun,637601,0,0,0,2,,,0,,,,,,Auckland Region,Nil,2-way,Sealed,,0,0,,50,,Off,0,0,,76,Auckland,Give way,,,,,0,0,Urban,0,,,Fine,Null
1618758,6108862,32260,,500204,0,0,0,1,1,East,2006/2007,KAITAIA-AWAROA ROAD,MASTERS ACCESS ROAD,,Minor Crash,No,2006,0,East,0,0,0,Hill Road,0,Christmas New Year,0,,0,Overcast,10400,2,0,0,2,0,0,0,0,0,,0,0,Northland Region,Nil,2-way,Sealed,0,0,0,0,100,0,None,1,0,,1,Far North District,Nil,0,0,0,0,0,0,Open,0,0,0,Light rain,Null
1406310,4917400,32261,,603100,0,,0,1,,North,2006/2007,FILLEUL ST,CARGILL ST,,Minor Crash,No,2006,,North,,0,,Flat,,,,,,Overcast,2902400,1,0,1,2,,,0,,,,,,Otago Region,Nil,2-way,Sealed,,0,0,,50,,Null,0,0,,71,Dunedin City,Nil,,,,,0,0,Urban,0,,,Fine,Null
1768227,5906492,32262,,523711,0,0,0,2,0,East,2005/2006,DAWSON ROAD,COOMBE AVENUE,,Non-Injury Crash,No,2006,0,East,0,0,0,Flat,0,,0,,0,Overcast,712904,0,0,0,2,0,0,0,0,1,,0,0,Auckland Region,Nil,2-way,Sealed,0,0,0,0,50,0,Off,0,0,,76,Auckland,Nil,0,0,0,0,0,0,Urban,0,0,0,Fine,Null
1770602,5908411,32263,,523115,0,0,0,2,0,East,2006/2007,AMON AVENUE,MIDDLEFIELD DRIVE,,Non-Injury Crash,No,2006,0,South,0,0,0,Flat,0,,0,,0,Bright sun,712114,0,0,0,2,0,0,0,0,1,,0,0,Auckland Region,Nil,2-way,Sealed,0,0,0,0,50,0,Off,0,0,,76,Auckland,Nil,0,0,0,0,0,0,Urban,0,0,0,Fine,Null
1795922,5823666,32264,,527123,0,0,0,1,0,North,2005/2006,RIVER ROAD,RIVER DOWNS,,Minor Crash,No,2006,0,South,0,0,1,Flat,0,,0,,0,Bright sun,952400,1,0,0,2,0,0,0,0,0,,0,0,Waikato Region,Nil,2-way,Sealed,0,0,0,0,100,0,Null,0,0,,13,Waikato District,Nil,0,0,0,1,0,0,Open,0,0,0,Fine,Null
1732290,5597807,32265,,554500,0,0,0,1,0,South,2006/2007,SH 3,NICHOLSON ROAD,,Minor Crash,Yes,2006,0,North,1,0,0,Flat,0,,0,,0,Dark,1667600,1,0,0,2,0,0,0,0,0,,0,0,Taranaki Region,Nil,2-way,Sealed,0,0,0,0,100,0,None,0,0,,35,South Taranaki District,Nil,0,1,0,0,0,0,Open,0,0,0,Fine,Null
1756472,5925200,32266,,509702,0,0,0,1,0,Null,2005/2006,SYLVAN AVENUE,EXMOUTH ROAD,,Non-Injury Crash,No,2006,0,West,0,0,1,Hill Road,1,,0,,0,Overcast,366501,0,0,0,2,0,0,0,0,0,,0,0,Auckland Region,Nil,2-way,Sealed,0,0,0,0,50,0,Off,0,0,,76,Auckland,Give way,0,0,0,1,0,0,Urban,0,0,0,Light rain,Null
1244737,4848109,32267,,611601,1,,0,1,,Null,2005/2006,VIEW ST,JOHN ST,,Serious Crash,No,2006,,East,,0,,Flat,,,,,,Overcast,3146500,0,0,0,2,,,0,,,,,,Southland Region,Nil,2-way,Sealed,,0,1,,50,,Null,0,0,,75,Invercargill City,Give way,,,,,0,0,Urban,0,,,Fine,Null
1755174,5917632,32268,,517500,0,,0,2,,West,2006/2007,ROSSMAY TERRACE,SANDRINGHAM ROAD,,Non-Injury Crash,No,2006,,East,,0,,Hill Road,,,,,,Overcast,532200,0,0,0,2,,,0,,,,,,Auckland Region,Nil,2-way,Sealed,,0,0,,50,,Off,0,0,,76,Auckland,Nil,,,,,0,0,Urban,0,,,Fine,Null
1759265,5906548,32269,,524200,0,,0,2,,Null,2005/2006,KIRKBRIDE ROAD,SH 20A,,Serious Crash,Yes,2006,,East,,0,,Flat,,,,,,Twilight,726400,2,0,0,6,,,0,,,,,,Auckland Region,Nil,2-way,Sealed,,0,1,,60,,On,0,0,,76,Auckland,Traffic Signals,,,,,0,0,Urban,0,,,Light rain,Null
1749948,5946088,32270,,506001,0,,0,0,,Null,2005/2006,HIBISCUS COAST HIGHWAY,SILVERDALE ST,,Non-Injury Crash,No,2006,,North,,0,,Flat,,,,,,Bright sun,175400,0,0,0,4,,,0,,,,,,Auckland Region,Nil,2-way,Sealed,,0,0,,80,,Off,0,0,,76,Auckland,Stop,,,,,0,0,Open,2,,,Fine,Null
1880735,5819716,32271,,538302,0,0,0,2,0,West,2005/2006,JAMES COOK DRIVE,VICTORY ST,,Non-Injury Crash,No,2006,0,West,0,0,0,Flat,0,,0,,0,Dark,1180100,0,0,0,2,0,0,0,0,1,,0,0,Bay of Plenty Region,Nil,2-way,Sealed,0,0,0,0,50,0,On,0,0,,23,Tauranga City,Unknown,0,0,0,0,0,0,Urban,0,0,0,Fine,Null
1761451,5909361,32272,,524404,0,0,0,1,0,West,2006/2007,FAVONA ROAD,JAMES FLETCHER DRIVE,,Minor Crash,No,2006,0,East,0,0,1,Flat,0,,0,,0,Dark,730602,1,0,0,2,0,0,0,0,0,,0,0,Auckland Region,Nil,2-way,Sealed,0,0,0,0,50,0,On,0,0,,76,Auckland,Nil,0,0,0,0,0,0,Urban,0,0,0,Fine,Null
1757479,5918696,32273,,514302,0,,0,1,,South,2006/2007,SH 1N,GRAFTON OBR,,Non-Injury Crash,Yes,2006,,North,,0,,Flat,,Christmas New Year,,,,Overcast,442500,0,0,0,4,,,0,,,,,,Auckland Region,Nil,1-way,Sealed,,0,0,,80,,Off,2,0,,76,Auckland,Nil,,,,,0,0,Open,0,,,Fine,Null
1744494,5918643,32274,,513302,0,,0,2,,Null,2005/2006,EDWARDS AVENUE,RATHGAR ROAD,,Minor Crash,No,2006,,South,,0,,Flat,,,,,,Overcast,232400,2,0,0,2,,,0,,,,,,Auckland Region,Nil,2-way,Sealed,,0,0,,50,,Null,0,0,,76,Auckland,Give way,,,,,0,0,Urban,0,,,Heavy rain,Null
1706895,5681456,32275,,551111,0,0,0,1,0,East,2006/2007,SH 3,MAMAKU ROAD,,Minor Crash,Yes,2006,0,East,0,0,1,Flat,0,,0,,0,Dark,1565600,1,0,0,2,0,0,0,1,0,,0,0,Taranaki Region,Nil,2-way,Sealed,0,0,0,0,100,0,None,0,0,,33,New Plymouth District,Nil,0,0,0,0,0,0,Open,0,0,0,Fine,Null
1791448,5446669,32276,,579803,0,0,0,1,1,West,2005/2006,SH 2,RIMUTAKA NO4 BR,,Serious Crash,Yes,2006,0,East,0,0,0,Hill Road,0,,0,,0,Dark,2272601,1,0,0,2,0,0,0,0,0,,0,0,Wellington Region,Nil,2-way,Sealed,0,0,1,0,100,0,None,0,0,,50,South Wairarapa District,Nil,0,0,0,0,0,0,Open,0,0,0,Fine,Null
1279741,4873853,32277,,610010,0,,0,1,,South,2005/2006,SH 1S,SH 96,,Serious Crash,Yes,2006,,North,,0,,Flat,,,,,,Overcast,3087802,1,0,0,2,,,0,,,,,,Southland Region,Nil,2-way,Sealed,,0,1,,100,,Null,0,0,,74,Gore District,Unknown,,,,,0,0,Open,1,,,Light rain,Null
1793913,5444777,32278,,579803,0,,0,0,,South,2005/2006,WESTERN LAKE ROAD,CUNDYS ROAD,,Minor Crash,No,2006,,South,,0,,Flat,,,,,,Bright sun,2272601,1,0,1,2,,,0,,,,,,Wellington Region,Rail xing,2-way,Sealed,,0,0,,100,,Null,0,0,,50,South Wairarapa District,Stop,,,,,0,0,Open,0,,,Fine,Null
1713093,6036435,32279,,501809,0,0,0,1,1,West,2005/2006,MAUNGAKARAMEA ROAD,GLENN ROAD,,Minor Crash,No,2006,0,East,0,0,0,Hill Road,0,,0,,0,Overcast,75001,1,0,0,2,0,0,0,0,0,,0,0,Northland Region,Nil,2-way,Sealed,0,0,0,0,100,0,None,0,0,,2,Whangarei District,Nil,0,0,0,0,0,0,Open,0,0,0,Fine,Null
1802498,5814993,32280,,530200,0,,0,2,,Null,2006/2007,PEACHGROVE ROAD,CLYDE ST,,Non-Injury Crash,No,2006,,South,,0,,Flat,,,,,,Overcast,893300,0,0,0,2,,,0,,,,,,Waikato Region,Nil,2-way,Sealed,,0,0,,50,,Null,0,0,,16,Hamilton City,Traffic Signals,,,,,0,0,Urban,0,,,Light rain,Null
1739586,5928652,32281,,505602,0,,0,2,,Null,2006/2007,SH 16,RIVERHEAD ROAD,,Minor Crash,Yes,2006,,East,,0,,Flat,,,,,,Bright sun,214104,1,0,0,2,,,0,,,,,,Auckland Region,Nil,2-way,Sealed,,0,0,,60,,None,0,0,,76,Auckland,Give way,,,,,0,0,Urban,0,,,Fine,Null
1746238,5931711,32282,,506400,0,0,0,1,0,South,2005/2006,BROOKDALE ROAD,RIDGE ROAD,,Non-Injury Crash,No,2006,0,North,0,0,0,Hill Road,0,,0,,0,Dark,216901,0,0,0,2,0,0,0,0,0,,0,0,Auckland Region,Nil,2-way,Sealed,0,0,0,0,100,0,None,0,0,,76,Auckland,Nil,0,0,0,1,0,0,Open,0,0,0,Fine,Null
1419087,4922323,32283,,604901,0,,2,0,,North,2005/2006,HARINGTON POINT ROAD,WEIR ROAD,,Minor Crash,No,2006,,North,,0,,Flat,,,,,,Overcast,2944900,1,0,0,2,,,0,,,,,,Otago Region,Nil,2-way,Sealed,,0,0,,70,,Null,0,0,,71,Dunedin City,Nil,,,,,0,0,Urban,0,,,Light rain,Strong wind
1249651,4878414,32284,,610040,0,,0,1,,East,2005/2006,ANDERSON ROAD,SH 96,,Serious Crash,No,2006,,West,,0,,Flat,,,,,,Dark,3073800,1,0,0,2,,,0,,,,,,Southland Region,Nil,2-way,Sealed,,0,1,,100,,None,0,0,,73,Southland District,Unknown,,,,,0,0,Open,0,,,Light rain,Null
1571749,5181284,32285,,591700,0,,0,2,,Null,2006/2007,FITZGERALD AVENUE,BEALEY AVENUE,,Minor Crash,No,2006,,North,,0,,Flat,,,,,,Overcast,2655200,1,0,0,6,,,0,,,,,,Canterbury Region,Nil,2-way,Sealed,,0,0,,50,,Null,0,0,,60,Christchurch City,Traffic Signals,,,,,0,0,Urban,0,,,Fine,Null
1757774,5927158,32286,,508010,0,,0,2,,Null,2005/2006,ANZAC ST,AUBURN ST,,Non-Injury Crash,No,2006,,West,,0,,Flat,,,,,,Overcast,327500,0,0,0,4,,,0,,,,,,Auckland Region,Nil,2-way,Sealed,,0,0,,50,,Off,0,0,,76,Auckland,Traffic Signals,,,,,0,0,Urban,0,,,Fine,Null
1719485,6045530,32287,,503100,0,,0,1,,West,2006/2007,WALTON ST,CLYDE ST,,Non-Injury Crash,No,2006,,West,,0,,Flat,,,,,,Overcast,100300,0,0,0,4,,,0,,,,,,Northland Region,Nil,2-way,Sealed,,0,0,,50,,Off,0,0,,2,Whangarei District,Nil,,,,,0,0,Urban,1,,,Fine,Null
1764946,5908255,32288,,523404,0,0,0,2,0,Null,2006/2007,GREAT SOUTH ROAD,BAIRDS ROAD,,Serious Crash,No,2006,0,South,0,0,1,Flat,0,,0,,0,Dark,696801,0,0,0,4,0,0,0,0,1,,0,0,Auckland Region,Nil,2-way,Sealed,0,0,1,0,50,0,On,0,0,,76,Auckland,Give way,0,0,0,0,0,0,Urban,0,0,0,Fine,Null
1747716,5913487,32289,,511100,0,,0,1,,West,2005/2006,WEST COAST ROAD,PLEASANT ROAD,,Non-Injury Crash,No,2006,,West,,0,,Hill Road,,,,,,Dark,286100,0,0,0,4,,,0,,,,,,Auckland Region,Nil,2-way,Sealed,,0,0,,50,,On,0,0,,76,Auckland,Give way,,,,,0,0,Urban,1,,,Fine,Null
1751166,5431502,32290,,574303,0,,0,0,,South,2005/2006,SH 1N,SH 2,,Minor Crash,Yes,2006,,North,,0,,Hill Road,,,,,,Dark,2090402,2,0,0,3,,,0,,,,,,Wellington Region,Nil,2-way,Sealed,,0,0,,100,,On,0,0,,47,Wellington City,Nil,,,,,1,0,Open,1,,,Fine,Null
1756107,5919123,32291,,515500,0,,0,1,,West,2006/2007,GREAT NORTH ROAD,NIXON ST,,Minor Crash,No,2006,,East,,0,,Flat,,,,,,Dark,417700,3,0,0,6,,,0,,,,,,Auckland Region,Nil,2-way,Sealed,,0,0,,50,,On,0,0,,76,Auckland,Nil,,,,,0,0,Urban,1,,,Fine,Null
1765209,5913610,32292,,520500,0,,0,2,,Null,2005/2006,WATENE ROAD,WAIPUNA ROAD EAST,,Non-Injury Crash,No,2006,,West,,0,,Hill Road,,,,,,Bright sun,638903,0,0,0,2,,,0,,,,,,Auckland Region,Nil,2-way,Sealed,,0,0,,50,,Off,0,0,,76,Auckland,Stop,,,,,0,0,Urban,0,,,Light rain,Null
1935822,5621151,32293,,546901,0,0,0,1,0,West,2006/2007,CARLYLE ST,FARADAY ST,,Minor Crash,No,2006,0,East,0,0,0,Flat,0,Labour Weekend,0,,0,Dark,1428900,1,0,0,2,0,0,0,0,1,,0,0,Hawke's Bay Region,Nil,2-way,Sealed,0,0,0,0,50,0,On,0,0,,31,Napier City,Nil,0,0,0,0,0,0,Urban,1,0,0,Light rain,Null
1798284,5818135,32294,,528403,0,,0,2,,Null,2005/2006,TE RAPA ROAD,HOME STRAIGHT,,Non-Injury Crash,No,2006,,South,,0,,Flat,,,,,,Dark,908000,0,0,0,4,,,0,,,,,,Waikato Region,Nil,2-way,Sealed,,0,0,,60,,On,0,0,,16,Hamilton City,Traffic Signals,,,,,0,0,Urban,0,,,Fine,Null
1767846,5883395,32295,,521111,0,,0,1,,East,2005/2006,HEIGHTS ROAD,BEATTY ROAD,,Non-Injury Crash,No,2006,,South,,0,,Flat,,,,,,Twilight,826601,0,0,0,2,,,0,,,,,,Auckland Region,Nil,2-way,Sealed,,0,0,,100,,Off,0,0,,76,Auckland,Nil,,,,,0,0,Open,0,,,Fine,Null
1571843,5182771,32296,,592701,0,,0,1,,Null,2005/2006,HILLS ROAD,AYLESFORD ST,,Minor Crash,No,2006,,North,,0,,Flat,,,,,,Twilight,2595600,1,0,1,2,,,0,,,,,,Canterbury Region,Nil,2-way,Sealed,,0,0,,50,,Off,0,0,,60,Christchurch City,Give way,,,,,0,0,Urban,0,,,Fine,Null
1768430,5900636,32297,,525101,0,,0,2,,Null,2005/2006,WEYMOUTH ROAD,RUSSELL ROAD,,Non-Injury Crash,No,2006,,East,,0,,Flat,,,,,,Overcast,771100,0,0,0,4,,,0,,,,,,Auckland Region,Nil,2-way,Sealed,,0,0,,50,,Off,0,0,,76,Auckland,Traffic Signals,,,,,0,0,Urban,0,,,Fine,Null
1928949,5606066,32298,,547700,0,,0,0,,North,2005/2006,HERETAUNGA ST WEST,DAVIS ST,,Minor Crash,No,2006,,North,,0,,Flat,,,,,,Overcast,1486000,2,0,0,2,,,0,,,1,,,Hawke's Bay Region,Nil,2-way,Sealed,,0,0,,50,,Null,1,0,,30,Hastings District,Nil,,,,,0,0,Urban,0,,,Light rain,Null
1797677,5813771,32299,,528602,0,0,0,2,0,North,2005/2006,TUHIKARAMEA ROAD,GIBSON ROAD,,Non-Injury Crash,No,2006,0,East,0,0,0,Hill Road,0,,0,,0,Dark,921604,0,0,0,2,0,0,0,0,1,,0,0,Waikato Region,Nil,2-way,Sealed,0,0,0,0,50,0,On,0,0,,16,Hamilton City,Unknown,0,0,0,0,0,0,Urban,0,0,0,Light rain,Null
1574855,5177799,32300,,594020,1,0,0,1,0,East,2006/2007,FERRY ROAD,RUTHERFORD ST,,Minor Crash,No,2006,0,West,0,0,0,Flat,0,,0,,0,Bright sun,2589203,1,0,0,2,0,0,0,0,1,,0,0,Canterbury Region,Nil,2-way,Sealed,0,0,0,0,50,0,Null,0,0,,60,Christchurch City,Unknown,0,0,0,0,0,0,Urban,0,0,0,Fine,Null
1766986,5905660,32301,,522302,0,0,0,2,0,North,2006/2007,GREAT SOUTH ROAD,CASPAR ROAD,,Minor Crash,No,2006,0,South,0,0,0,Flat,0,,0,,1,Overcast,670600,2,0,0,4,0,0,0,0,0,1,1,0,Auckland Region,Nil,2-way,Sealed,0,0,0,0,50,0,Null,0,0,,76,Auckland,Nil,0,0,0,0,0,0,Urban,0,0,0,Fine,Null
1572279,5179928,32302,,593501,0,0,0,2,0,Null,2006/2007,STANMORE ROAD,CASHEL ST,,Minor Crash,No,2006,0,East,0,0,0,Flat,0,,0,,0,Overcast,2608900,1,0,0,2,0,0,0,0,0,,0,0,Canterbury Region,Nil,2-way,Sealed,0,0,0,0,50,0,Null,0,0,,60,Christchurch City,Give way,0,1,0,0,0,0,Urban,0,0,0,Fine,Null
1560197,5178471,32303,,587830,0,,0,2,,West,2005/2006,SH 1S,HALSWELL JUNCTION ROAD,,Minor Crash,Yes,2006,,East,,0,,Flat,,,,,,Twilight,2498800,1,0,0,2,,,0,,,,,,Canterbury Region,Nil,2-way,Sealed,,0,0,,70,,None,0,0,,60,Christchurch City,Unknown,,,,,0,0,Urban,0,,,Light rain,Null
1770389,5911603,32304,,523105,0,,0,0,,Null,2005/2006,BOTANY ROAD,GOLFLAND DRIVE S,,Non-Injury Crash,No,2006,,North,,0,,Flat,,,,,,Overcast,711148,0,0,0,6,,,0,,,,,,Auckland Region,Nil,2-way,Sealed,,0,0,,70,,Off,0,0,,76,Auckland,Traffic Signals,,,,,0,0,Urban,2,,,Fine,Null
1749136,5427139,32305,,573101,1,,0,1,,Null,2006/2007,COURTENAY PLACE,TORY ST,,Non-Injury Crash,No,2006,,West,,0,,Flat,,,,,,Dark,2135600,0,0,0,2,,,0,,,,,,Wellington Region,Nil,2-way,Sealed,,0,0,,50,,On,0,1,,47,Wellington City,Traffic Signals,,,,,0,0,Urban,0,,,Fine,Null
1605944,5438115,32306,65,581833,0,0,0,1,0,North,2005/2006,APORO ROAD,MARRIAGES ROAD,,Minor Crash,No,2006,0,North,1,0,0,Flat,0,,0,,0,Bright sun,2374100,1,0,0,2,0,0,0,0,0,,0,0,Tasman Region,Nil,2-way,Sealed,0,0,0,0,100,0,Null,0,0,,51,Tasman District,Nil,0,0,0,1,0,0,Open,0,0,0,Fine,Null
1766056,5907722,32307,,523402,0,0,0,1,0,North,2006/2007,SH 1N,EAST TAMAKI OBR,,Non-Injury Crash,Yes,2006,0,South,0,0,0,Flat,0,,0,,0,Dark,699300,0,0,0,3,0,0,0,0,0,,0,1,Auckland Region,Nil,1-way,Sealed,0,0,0,0,100,0,On,0,0,,76,Auckland,Nil,0,0,0,0,0,0,Open,0,0,0,Fine,Null
1621441,5427845,32308,,583700,1,0,0,0,0,East,2005/2006,BEATSON ROAD,SCOTIA ST,,Serious Crash,No,2006,1,West,0,0,0,Hill Road,0,,0,,0,Overcast,2338300,0,0,0,2,0,0,0,0,0,,0,0,Nelson Region,Nil,2-way,Sealed,0,0,1,0,50,0,Null,0,0,,52,Nelson City,Nil,0,0,0,0,0,0,Urban,0,0,0,Fine,Null
1752233,5925244,32309,,510401,0,0,0,1,0,Null,2005/2006,WAIPA ST,VERRAN ROAD,,Non-Injury Crash,No,2006,0,East,0,0,0,Flat,0,,0,,0,Overcast,353700,0,0,0,2,0,0,0,0,0,,0,1,Auckland Region,Nil,2-way,Sealed,0,0,0,0,50,0,Null,0,0,,76,Auckland,Nil,0,0,0,0,0,0,Urban,0,0,0,Light rain,Null
2035612,5709688,32310,,544300,0,0,0,1,0,East,2006/2007,GLADSTONE ROAD,COLLINS ST,,Non-Injury Crash,No,2006,0,East,0,0,0,Flat,0,,0,,0,Bright sun,1366700,0,0,0,2,0,0,0,0,0,,0,0,Gisborne Region,Nil,2-way,Sealed,0,0,0,0,50,0,Null,0,0,,28,Gisborne District,Give way,1,0,0,1,0,0,Urban,0,0,0,Fine,Null
1748703,5428337,32311,,573000,1,,0,0,,North,2005/2006,LAMBTON QUAY,BRANDON ST,,Minor Crash,No,2006,,North,,0,,Flat,,,,,,Overcast,2125600,2,0,0,4,,,0,,,1,,,Wellington Region,Nil,2-way,Sealed,,0,0,,50,,Null,0,0,,47,Wellington City,Nil,,,,,0,0,Urban,0,,,Fine,Null
1768936,5881107,32312,,525910,0,0,0,1,0,Null,2006/2007,DEVON LANE,EDINBURGH ST,,Non-Injury Crash,No,2006,0,North,0,0,1,Flat,0,,0,,0,Overcast,818800,0,0,0,2,0,0,0,0,0,,1,0,Auckland Region,Nil,2-way,Sealed,0,0,0,0,50,0,Off,0,0,,76,Auckland,Give way,0,0,0,0,0,0,Urban,0,0,0,Light rain,Null
1758454,5917636,32313,,516001,0,0,0,1,0,Null,2006/2007,SH 1N,NEWMARKET VDT,,Minor Crash,Yes,2006,0,South,0,0,0,Flat,1,,0,,0,Dark,490800,1,0,0,3,0,0,0,0,0,,0,0,Auckland Region,Bridge,1-way,Sealed,0,0,0,0,80,0,On,0,0,,76,Auckland,Nil,0,0,0,0,0,0,Open,0,0,0,Fine,Null
1380501,4968761,32314,,601302,0,,0,2,,North,2006/2007,SH 87,NGAPUNA ROAD,,Fatal Crash,Yes,2006,,South,,1,,Hill Road,,,,,,Bright sun,3017000,0,0,0,2,,,0,,,,,,Otago Region,Nil,2-way,Sealed,,0,2,,100,,Null,0,0,,71,Dunedin City,Unknown,,,,,0,0,Open,0,,,Fine,Null
1886807,5772576,32315,,538722,1,,0,0,,Null,2005/2006,SH 30,VAUGHAN ROAD,,Serious Crash,Yes,2006,,East,,0,,Flat,,,,,,Dark,1257600,0,0,0,5,,,0,,,,,,Bay of Plenty Region,Nil,2-way,Sealed,,0,1,,70,,On,0,0,,24,Rotorua District,Nil,,,,,1,0,Urban,0,,,Fine,Null
1689710,5388124,32316,,580801,0,1,0,0,0,South,2005/2006,SH 1S,REDWOOD PASS ROAD,,Non-Injury Crash,Yes,2006,0,West,1,0,0,Hill Road,0,,0,,0,Bright sun,2307400,0,0,0,2,0,0,0,0,0,,0,0,Marlborough Region,Nil,2-way,Sealed,0,0,0,0,100,0,Null,0,0,,53,Marlborough District,Nil,0,0,0,0,1,0,Open,0,0,0,Fine,Null
1718162,6034706,32317,,501809,0,0,0,1,1,North,2006/2007,SH 1N,MANGAPAI ROAD,,Minor Crash,Yes,2006,0,North,0,0,0,Flat,0,,0,,0,Bright sun,74900,1,0,0,2,0,0,0,0,0,,0,0,Northland Region,Nil,2-way,Sealed,0,0,0,0,100,0,None,0,0,,2,Whangarei District,Nil,0,0,0,0,0,0,Open,0,0,0,Fine,Null
1618573,5255209,32318,,585601,0,0,0,1,0,North,2006/2007,SH 1S,HURUNUI MOUTH ROAD,,Minor Crash,Yes,2006,0,South,0,0,1,Hill Road,0,,0,,0,Bright sun,2433202,2,0,0,2,0,0,0,0,0,,0,0,Canterbury Region,Nil,2-way,Sealed,0,0,0,0,100,0,Null,0,0,,58,Hurunui District,Unknown,0,0,0,0,0,0,Open,0,0,0,Fine,Null
1933509,5623087,32319,,545611,0,0,0,0,0,South,2005/2006,SH 2B,SH 2,,Non-Injury Crash,Yes,2006,0,North,0,0,1,Flat,0,,0,,0,Dark,1413702,0,0,0,2,0,0,0,0,0,,0,0,Hawke's Bay Region,Nil,2-way,Sealed,0,0,0,0,100,0,None,1,0,,31,Napier City,Nil,0,0,0,0,0,0,Open,0,0,0,Fine,Null
1306579,5039982,32320,,608304,0,,0,0,,West,2006/2007,SH 8A,MCKAY ROAD,,Minor Crash,Yes,2006,,South,,0,,Hill Road,,,,,,Dark,3028100,1,0,0,2,,,0,,,,,,Otago Region,Nil,2-way,Sealed,,0,0,,100,,None,1,0,,70,Queenstown-Lakes District,Unknown,,,,,0,0,Open,0,,,Fine,Frost
1847829,5814654,32321,,535220,0,0,0,1,1,North,2005/2006,TOWER ROAD,OKAUIA SPRINGS ROAD,,Non-Injury Crash,No,2006,0,North,0,0,0,Flat,0,,0,,0,Overcast,1112002,0,0,0,2,0,0,0,0,0,,0,0,Waikato Region,Nil,2-way,Sealed,0,0,0,0,100,0,Off,0,0,,15,Matamata-Piako District,Nil,0,0,0,0,0,0,Open,0,0,0,Fine,Null