X,Y,OBJECTID,advisorySpeed,areaUnitID,bicycle,bridge,bus,carStationWagon,cliffBank,crashDirectionDescription,crashFinancialYear,crashLocation1,crashLocation2,crashRoadSideRoad,crashSeverity,crashSHDescription,crashYear,debris,directionRoleDescription,ditch,fatalCount,fence,flatHill,guardRail,holiday,houseOrBuilding,intersection,kerb,light,meshblockId,minorInjuryCount,moped,motorcycle,NumberOfLanes,objectThrownOrDropped,otherObject,otherVehicleType,overBank,parkedVehicle,pedestrian,phoneBoxEtc,postOrPole,region,roadCharacter,roadLane,roadSurface,roadworks,schoolBus,seriousInjuryCount,slipOrFlood,speedLimit,strayAnimal,streetLight,suv,taxi,temporarySpeedLimit,tlaId,tlaName,trafficControl,trafficIsland,trafficSign,train,tree,truck,unknownVehicleType,urban,vanOrUtility,vehicle,waterRiver,weatherA,weatherB
1762350,5913353,32322,,520500,0,,0,3,,South,2006/2007,SH 1N,PENROSE OFF NBD,,Non-Injury Crash,Yes,2006,,North,,0,,Flat,,,,,,Bright sun,637100,0,0,0,3,,,0,,,,,,Auckland Region,Nil,1-way,Sealed,,0,0,,100,,Off,0,0,,76,Auckland,Nil,,,,,0,0,Open,0,,,Fine,Null
1768957,5881326,32323,,525910,0,,0,2,,Null,2005/2006,EDINBURGH ST,TOBIN ST,,Non-Injury Crash,No,2006,,North,,0,,Flat,,Easter,,,,Bright sun,818600,0,0,0,2,,,0,,,,,,Auckland Region,Nil,2-way,Sealed,,0,0,,50,,Off,0,0,,76,Auckland,Give way,,,,,0,0,Urban,0,,,Fine,Null
1404752,4914239,32324,,604210,0,,0,2,,Null,2005/2006,DAVID ST,THORN ST,,Minor Crash,No,2006,,West,,0,,Flat,,,,,,Bright sun,2912600,1,0,0,2,,,0,,,,,,Otago Region,Nil,2-way,Sealed,,0,0,,50,,Null,0,0,,71,Dunedin City,Stop,,,,,0,0,Urban,0,,,Fine,Null
1841385,5819311,32325,,534604,0,,0,0,,South,2006/2007,SH 27,KUTIA ROAD,,Non-Injury Crash,Yes,2006,,South,,0,,Flat,,,,,,Overcast,1098300,0,0,0,2,,,0,,,,,,Waikato Region,Nil,2-way,Sealed,,0,0,,100,,Null,0,0,,15,Matamata-Piako District,Unknown,,,,,0,0,Open,2,,,Fine,Null
1766325,5901675,32326,,524604,0,0,0,1,0,Null,2005/2006,ROWANDALE AVENUE,BROWNS ROAD,,Non-Injury Crash,No,2006,0,East,0,0,0,Flat,0,Christmas New Year,0,,0,Twilight,781400,0,0,0,2,0,0,0,0,0,,0,1,Auckland Region,Nil,2-way,Sealed,0,0,0,0,50,0,Off,0,0,,76,Auckland,Give way,0,0,0,0,0,0,Urban,0,0,0,Fine,Null
1704374,5665206,32327,,552800,0,,0,1,,Null,2005/2006,SH 3A,RATA ST,,Minor Crash,Yes,2006,,West,,0,,Flat,,,,,,Bright sun,1604600,1,0,0,2,,,0,,,,,,Taranaki Region,Nil,2-way,Sealed,,0,0,,50,,Null,1,0,,33,New Plymouth District,Give way,,,,,0,0,Urban,0,,,Fine,Null
1843112,5783468,32328,,535250,0,0,0,1,0,South,2006/2007,LICHFIELD ROAD,GREY ST,,Minor Crash,No,2006,0,South,0,0,0,Hill Road,0,,0,,0,Bright sun,1132501,1,0,0,2,0,0,0,0,0,,0,1,Waikato Region,Nil,2-way,Sealed,0,0,0,0,100,0,Null,0,0,,19,South Waikato District,Unknown,0,0,0,0,0,0,Open,0,0,0,Fine,Null
1764008,5912071,32329,,520500,0,,0,1,,Null,2005/2006,MOUNT WELLINGTON HIGHWAY,MONAHAN ROAD,,Non-Injury Crash,No,2006,,South,,0,,Flat,,,,,,Bright sun,639500,0,0,0,3,,,0,,,,,,Auckland Region,Nil,2-way,Sealed,,0,0,,50,,Off,0,0,,76,Auckland,Give way,,,,,1,0,Urban,0,,,Fine,Null
1755877,5920876,32330,,515202,0,,1,1,,Null,2005/2006,NEW ST,ST FRANCIS DE SALES ST,,Non-Injury Crash,No,2006,,East,,0,,Flat,,,,,,Bright sun,425200,0,0,0,2,,,0,,,,,,Auckland Region,Nil,2-way,Sealed,,0,0,,50,,Null,0,0,,76,Auckland,Nil,,,,,0,0,Urban,0,,,Fine,Null
1801285,5813152,32331,,530400,0,,0,1,,North,2005/2006,SH 1N NORMANDY,SH 1N LORNE,,Non-Injury Crash,Yes,2006,,South,,0,,Flat,,,,,,Overcast,922300,0,0,0,5,,,0,,,,,,Waikato Region,Nil,2-way,Sealed,,0,0,,80,,Null,0,0,,16,Hamilton City,Unknown,,,,,0,0,Open,2,,,Fine,Null
1757567,5913176,32332,,518702,0,,0,1,,Null,2005/2006,PAH ROAD,KORMA ROAD,,Minor Crash,No,2006,,North,,0,,Flat,,,,,,Overcast,567800,1,0,0,2,,,0,,,,,,Auckland Region,Nil,2-way,Sealed,,0,0,,50,,None,0,0,,76,Auckland,Stop,,,,,1,0,Urban,0,,,Fine,Null
1301113,5050398,32333,,608304,0,0,0,0,1,North,2005/2006,SH 6,CAMP HILL ROAD,,Minor Crash,Yes,2006,0,North,0,0,0,Hill Road,0,,0,,0,Twilight,3027700,1,0,0,2,0,0,0,0,0,,0,0,Otago Region,Nil,2-way,Sealed,0,0,0,0,100,0,None,1,0,,70,Queenstown-Lakes District,Unknown,0,0,0,0,0,0,Open,0,0,0,Mist or Fog,Frost
1799959,5818872,32334,,529401,0,0,0,1,0,South,2006/2007,WYMER TERRACE,CHEQUERS AVENUE,,Minor Crash,No,2006,0,South,0,0,0,Flat,0,,0,,0,Dark,879500,1,0,0,2,0,0,0,0,0,,0,0,Waikato Region,Nil,2-way,Sealed,0,0,0,0,50,0,On,0,0,,16,Hamilton City,Unknown,0,0,0,1,0,0,Urban,0,0,0,Fine,Null
1898525,5593856,32335,,545841,0,0,0,0,0,North,2005/2006,SH 50,MANGA-O-NUKU NO3 BR,,Minor Crash,Yes,2006,0,North,1,0,0,Hill Road,0,,0,,0,Bright sun,1462600,1,0,0,2,0,0,0,0,0,,0,0,Hawke's Bay Region,Nil,2-way,Sealed,0,0,0,0,100,0,Null,1,0,,30,Hastings District,Nil,0,0,0,0,0,0,Open,0,0,0,Fine,Null
1768589,5909562,32336,,523112,0,,0,1,,South,2005/2006,SPRINGS ROAD,SMALES ROAD,,Non-Injury Crash,No,2006,,North,,0,,Flat,,,,,,Overcast,711600,0,0,0,4,,,0,,,,,,Auckland Region,Nil,2-way,Sealed,,0,0,,60,,On,0,0,,76,Auckland,Nil,,,,,1,0,Urban,0,,,Light rain,Null
1406152,4917038,32337,,603100,0,,0,2,,West,2006/2007,MORAY PLACE,HARROP ST,,Serious Crash,No,2006,,West,,0,,Hill Road,,,,,,Dark,2903400,0,0,0,2,,,0,,,,,,Otago Region,Nil,2-way,Sealed,,0,1,,50,,On,0,0,,71,Dunedin City,Unknown,,,,,0,0,Urban,0,,,Light rain,Null
1755688,5930979,32338,40,508520,0,0,0,1,0,North,2005/2006,SUNNYNOOK ROAD,TRINIDAD ROAD,,Non-Injury Crash,No,2006,0,East,0,0,0,Hill Road,0,,0,,0,Overcast,190500,0,0,0,2,0,0,0,0,1,,0,0,Auckland Region,Nil,2-way,Sealed,0,0,0,0,50,0,Off,0,0,,76,Auckland,Nil,0,0,0,0,1,0,Urban,0,0,0,Fine,Null
1767698,5907711,32339,,523602,0,,0,1,,Null,2006/2007,EAST TAMAKI ROAD,HILLS ROAD,,Minor Crash,No,2006,,West,,0,,Flat,,,,,,Overcast,709900,1,0,1,3,,,0,,,,,,Auckland Region,Nil,2-way,Sealed,,0,0,,60,,Off,0,0,,76,Auckland,Traffic Signals,,,,,0,0,Urban,1,,,Fine,Null
1616141,5424284,32340,,584201,0,,0,0,,East,2005/2006,MCPHERSON ST,BEACH ROAD,,Minor Crash,No,2006,,South,,0,,Flat,,,,,,Bright sun,2361100,1,0,0,2,,,0,,,1,,,Tasman Region,Nil,2-way,Sealed,,0,0,,50,,Null,0,0,,51,Tasman District,Nil,,,,,0,0,Urban,1,,,Fine,Null
1878698,5826038,32341,,537201,0,,0,2,,North,2005/2006,CHAPEL ST,MAXWELLS ROAD,,Non-Injury Crash,No,2006,,North,,0,,Flat,,,,,,Bright sun,1155900,0,0,0,4,,,0,,,,,,Bay of Plenty Region,Nil,2-way,Sealed,,0,0,,50,,Null,0,0,,23,Tauranga City,Unknown,,,,,0,0,Urban,0,,,Fine,Null
1381099,5055785,32342,,600830,0,0,0,1,0,West,2006/2007,SH 83,PARSONS ROCK CRK BR,,Fatal Crash,Yes,2006,0,West,0,2,1,Flat,0,,0,,0,Overcast,2849902,0,0,0,2,0,0,0,0,0,,0,0,Canterbury Region,Nil,2-way,Sealed,0,0,2,0,100,0,Null,0,0,,68,Waitaki District,Unknown,0,0,0,1,0,0,Open,0,0,0,Light rain,Null
1588813,5390443,32343,,581841,0,0,0,0,0,South,2005/2006,KERR HILL ROAD,JANSENS BR,,Minor Crash,No,2006,0,North,0,0,0,Hill Road,0,,0,,0,Bright sun,2374902,1,0,0,2,0,0,0,1,0,,0,0,Tasman Region,Nil,2-way,Sealed,0,0,0,0,100,0,Null,1,0,,51,Tasman District,Nil,0,0,0,1,0,0,Open,0,0,0,Fine,Frost
1763981,5912057,32344,,520500,0,,0,1,,Null,2005/2006,MT WELLINGTON HIGHWAY,VESTEY DRIVE,,Non-Injury Crash,No,2006,,North,,0,,Hill Road,,,,,,Bright sun,637900,0,0,0,3,,,0,,,,,,Auckland Region,Nil,2-way,Sealed,,0,0,,50,,Off,0,0,,76,Auckland,Give way,,,,,1,0,Urban,0,,,Fine,Null
1826909,5826767,32345,,534604,0,0,0,1,0,East,2006/2007,KEREONE ROAD,ROACHE ROAD,,Minor Crash,No,2006,0,West,0,0,1,Hill Road,0,Christmas New Year,0,,0,Overcast,1098800,1,0,0,2,0,0,0,0,0,,0,0,Waikato Region,Nil,2-way,Sealed,0,0,0,0,100,0,Null,0,0,,15,Matamata-Piako District,Unknown,0,0,0,0,0,0,Open,0,0,0,Light rain,Null
1867042,5713631,32346,,541720,0,,0,2,,Null,2005/2006,TONGARIRO ST,TAMAMUTU ST,,Minor Crash,No,2006,,South,,0,,Flat,,,,,,Bright sun,1274000,2,0,0,4,,,0,,,,,,Waikato Region,Nil,2-way,Sealed,,0,0,,50,,Null,0,0,,21,Taupo District,Give way,,,,,0,0,Urban,0,,,Fine,Null
1770246,5898230,32347,,523920,0,,0,2,,South,2005/2006,SH 1N,WALTER STREVENS OBR,,Minor Crash,Yes,2006,,South,,0,,Flat,,Easter,,,,Bright sun,768003,2,0,0,2,,,0,,,,,,Auckland Region,Nil,1-way,Sealed,,0,0,,100,,Off,0,0,,76,Auckland,Nil,,,,,0,0,Open,0,,,Fine,Null
1817665,5803000,32348,,527503,0,,0,2,,Null,2005/2006,SH 1N,DUKE ST,,Minor Crash,Yes,2006,,North,,0,,Flat,,,,,,Overcast,963100,3,0,0,2,,,0,,,,,,Waikato Region,Nil,2-way,Sealed,,0,0,,50,,Null,0,0,,17,Waipa District,Give way,,,,,0,0,Urban,0,,,Fine,Null
1768633,5906082,32349,,523721,0,,0,1,,Null,2006/2007,OTHELLO DRIVE,DAWSON ROAD,,Non-Injury Crash,No,2006,,East,,0,,Flat,,,,,,Overcast,715616,0,0,0,2,,,0,,,,,,Auckland Region,Nil,2-way,Sealed,,0,0,,50,,Off,0,0,,76,Auckland,Give way,,,,,0,0,Urban,0,,,Fine,Null
1693617,5676301,32350,,551800,0,,0,0,,East,2005/2006,SH 45,SH 3,,Minor Crash,Yes,2006,,West,,0,,Flat,,,,,,Overcast,1594600,1,1,0,2,,,0,,,,,,Taranaki Region,Nil,2-way,Sealed,,0,0,,50,,Null,0,0,,33,New Plymouth District,Nil,,,,,0,0,Urban,1,,,Heavy rain,Null
1745307,5915910,32351,,510800,0,0,0,2,0,North,2005/2006,BRUCE MCLAREN ROAD,CORBAN AVENUE,,Minor Crash,No,2006,0,North,0,0,0,Flat,0,,0,,0,Dark,242501,1,0,0,2,0,0,0,0,1,,0,0,Auckland Region,Nil,2-way,Sealed,0,0,0,0,50,0,On,0,0,,76,Auckland,Nil,0,0,0,0,0,0,Urban,0,0,0,Fine,Null
1753629,5928075,32352,,508310,0,,0,1,,Null,2006/2007,GLENFIELD ROAD,BENTLEY AVENUE,,Non-Injury Crash,No,2006,,South,,0,,Flat,,,,,,Dark,200000,0,0,0,4,,,0,,,,,,Auckland Region,Nil,2-way,Sealed,,0,0,,50,,On,0,0,,76,Auckland,Traffic Signals,,,,,0,0,Urban,1,,,Fine,Null
1679924,5402164,32353,,581250,1,,0,1,,Null,2006/2007,ALABAMA ROAD,SCOTT ST,,Minor Crash,No,2006,,West,,0,,Flat,,,,,,Bright sun,2304900,1,0,0,2,,,0,,,,,,Marlborough Region,Nil,2-way,Sealed,,0,0,,50,,Off,0,0,,53,Marlborough District,Give way,,,,,0,0,Urban,0,,,Fine,Null
1754076,5915395,32354,,518801,0,,0,0,,Null,2005/2006,MOUNT ALBERT ROAD,BEAGLE AVENUE,,Minor Crash,No,2006,,West,,0,,Flat,,,,,,Bright sun,574800,2,0,0,4,,,0,,,,,,Auckland Region,Nil,2-way,Sealed,,0,0,,50,,Off,1,0,,76,Auckland,Stop,,,,,0,0,Urban,1,,,Fine,Null
1858779,5541113,32355,,549800,0,0,0,1,0,North,2005/2006,SH 2,MAHARAHARA ROAD,,Minor Crash,Yes,2006,0,South,0,0,1,Flat,1,,0,,0,Dark,1538400,1,0,0,2,0,0,0,0,0,,0,0,Manawatū-Whanganui Region,Nil,2-way,Sealed,0,0,0,0,100,0,None,0,0,,41,Tararua District,Nil,0,0,0,1,0,0,Open,0,0,0,Fine,Null
1821395,5529714,32356,,562800,0,,0,2,,Null,2005/2006,WALDING ST,TAONUI ST,,Non-Injury Crash,No,2006,,West,,0,,Flat,,,,,,Bright sun,1831000,0,0,0,4,,,0,,,,,,Manawatū-Whanganui Region,Nil,2-way,Sealed,,0,0,,50,,Null,0,0,,40,Palmerston North City,Give way,,,,,0,0,Urban,0,,,Fine,Null
1759325,5916322,32357,,519200,0,,0,1,,Null,2005/2006,OMAHU ROAD,GREAT SOUTH ROAD,,Non-Injury Crash,No,2006,,South,,0,,Flat,,,,,,Dark,615700,0,0,0,2,,,0,,,,,,Auckland Region,Nil,2-way,Sealed,,0,0,,50,,On,1,0,,76,Auckland,Give way,,,,,0,0,Urban,0,,,Fine,Null
1773776,5876899,32358,,521117,0,,0,0,,South,2005/2006,HARRISVILLE ROAD,POOK ROAD,,Fatal Crash,No,2006,,South,,1,,Flat,,,,,,Overcast,828302,1,0,0,2,,,0,,,,,,Waikato Region,Nil,2-way,Sealed,,0,1,,100,,None,0,0,,13,Waikato District,Nil,,,,,1,0,Open,1,,,Fine,Null
1569451,5178316,32359,,595000,0,,0,2,,Null,2006/2007,SH 76 BROUGHAM,SELWYN ST,,Minor Crash,Yes,2006,,West,,0,,Flat,,,,,,Bright sun,2643600,1,0,0,6,,,0,,,,,,Canterbury Region,Nil,2-way,Sealed,,0,0,,60,,Null,0,0,,60,Christchurch City,Traffic Signals,,,,,0,0,Urban,0,,,Fine,Null
1681606,6112565,32360,,500402,0,,0,1,,East,2005/2006,OTAHA ROAD,TAKOU BAY ROAD,,Minor Crash,No,2006,,West,,0,,Hill Road,,,,,,Overcast,20401,3,0,0,2,,,0,,,,,,Northland Region,Nil,2-way,Unsealed,,0,0,,100,,None,1,0,,1,Far North District,Nil,,,,,0,0,Open,0,,,Heavy rain,Null
1721672,6043809,32361,,503900,0,0,0,1,0,Null,2006/2007,FRASER ST,HEWLETT ST,,Non-Injury Crash,No,2006,0,East,0,0,0,Flat,0,,0,,0,Dark,109200,0,0,0,2,0,0,0,0,0,,0,1,Northland Region,Nil,2-way,Sealed,0,0,0,0,50,0,On,0,0,,2,Whangarei District,Nil,0,0,0,0,0,0,Urban,0,0,0,Fine,Null
1824057,5463579,32362,,578600,0,,0,1,,Null,2005/2006,SH 2,ALBERT ST,,Minor Crash,Yes,2006,,North,,0,,Flat,,,,,,Overcast,2244500,1,0,0,2,,,0,,,1,,,Wellington Region,Nil,2-way,Sealed,,0,0,,50,,Null,0,0,,48,Masterton District,Nil,,,,,0,0,Urban,0,,,Light rain,Null
1692171,5675869,32363,,551800,0,,0,2,,Null,2006/2007,SH 45 POWDERHAM,MOUNT EDGECUMBE ST,,Non-Injury Crash,Yes,2006,,South,,0,,Flat,,,,,,Overcast,1591400,0,0,0,2,,,0,,,,,,Taranaki Region,Nil,1-way,Sealed,,0,0,,50,,Null,0,0,,33,New Plymouth District,Stop,,,,,0,0,Urban,0,,,Light rain,Null
1745203,5919692,32364,,513301,0,,0,2,,South,2005/2006,Z CPK PAK N SAVE,UNIVERSAL DRIVE,,Non-Injury Crash,No,2006,,East,,0,,Flat,,,,,,Bright sun,232001,0,0,0,4,,,0,,,,,,Auckland Region,Nil,Off road,Sealed,,0,0,,50,,Off,0,0,,76,Auckland,Traffic Signals,,,,,0,0,Urban,0,,,Fine,Null
1829518,5626908,32365,,558500,0,,0,1,,North,2005/2006,SH 1N,SH 49,,Minor Crash,Yes,2006,,North,,0,,Flat,,,,,,Bright sun,1753300,1,0,0,2,,,0,,,,,,Manawatū-Whanganui Region,Nil,2-way,Sealed,,0,0,,70,,Null,0,0,,36,Ruapehu District,Nil,,,,,0,0,Urban,1,,,Fine,Null
1772665,5445238,32366,,567400,0,,0,1,,East,2005/2006,FERGUSSON DRIVE,GOLDERS ROAD,,Minor Crash,No,2006,,West,,0,,Flat,,,,,,Dark,1888100,1,0,0,2,,,0,,,,,,Wellington Region,Nil,2-way,Sealed,,0,0,,50,,On,1,0,,45,Upper Hutt City,Nil,,,,,0,0,Urban,0,,,Light rain,Null
1843941,5784662,32367,,535600,0,,0,0,,Null,2005/2006,PRINCES ST,ARAPUNI ST,,Minor Crash,No,2006,,North,,0,,Flat,,,,,,Bright sun,1131400,1,0,0,2,,,0,,,,,,Waikato Region,Nil,2-way,Sealed,,0,0,,50,,Null,0,0,,19,South Waikato District,Give way,,,,,1,0,Urban,1,,,Fine,Null
1745519,5934389,32368,,506653,0,0,0,1,0,South,2005/2006,COATESVILLE-RIVERHEAD HIG,SUNNYSIDE ROAD,,Minor Crash,No,2006,0,North,1,0,1,Flat,0,,0,,0,Dark,217201,1,0,0,1,0,0,0,0,0,,0,0,Auckland Region,Nil,2-way,Sealed,0,0,0,0,100,0,None,0,0,,76,Auckland,Nil,0,0,0,1,0,0,Open,0,0,0,Light rain,Null
1757827,5918153,32369,,515700,0,,0,2,,South,2006/2007,SH 1N,KHYBER PASS OFF NBD,,Non-Injury Crash,Yes,2006,,North,,0,,Flat,,,,,,Bright sun,443600,0,0,0,2,,,0,,,,,,Auckland Region,Nil,2-way,Sealed,,0,0,,80,,Off,0,0,,76,Auckland,Nil,,,,,0,0,Open,0,,,Fine,Null
1242491,4849667,32370,,611210,0,,0,1,,East,2006/2007,ESK ST,SH 6,,Serious Crash,No,2006,,East,,0,,Flat,,,,,,Overcast,3108500,0,0,0,1,,,0,,,1,,,Southland Region,Nil,1-way,Sealed,,0,1,,50,,Null,0,0,,75,Invercargill City,Unknown,,,,,0,0,Urban,0,,,Fine,Null
1664537,5319196,32371,,581500,0,0,0,1,0,North,2005/2006,SH 1S,IRONGATE BR,,Minor Crash,Yes,2006,0,South,0,0,0,Flat,1,,0,,0,Overcast,2314600,1,0,0,2,0,0,0,0,0,,0,0,Canterbury Region,Nil,2-way,Sealed,0,0,0,0,100,0,Null,0,0,,54,Kaikoura District,Nil,0,0,0,0,0,0,Open,1,0,0,Light rain,Null
1803439,5815003,32372,,530500,0,,0,1,,Null,2005/2006,KNIGHTON ROAD,CLYDE ST,,Fatal Crash,No,2006,,North,,1,,Flat,,,,,,Bright sun,890600,0,0,0,2,,,0,,,1,,,Waikato Region,Nil,2-way,Sealed,,0,0,,50,,Off,0,0,,16,Hamilton City,Give way,,,,,0,0,Urban,0,,,Fine,Null
1757879,5927452,32373,,508010,0,0,0,2,0,Null,2006/2007,KILLARNEY ST,THE TERRACE,,Minor Crash,No,2006,0,North,0,0,0,Flat,0,,0,,0,Dark,327100,2,0,0,2,0,0,0,0,0,,0,0,Auckland Region,Nil,2-way,Sealed,0,0,0,0,50,0,On,0,0,,76,Auckland,Give way,1,0,0,0,0,0,Urban,0,0,0,Light rain,Null
1802547,5552330,32374,,559230,0,0,0,1,0,South,2006/2007,SH 3,VILES ROAD,,Minor Crash,Yes,2006,0,South,0,0,0,Flat,0,,0,,0,Dark,1740800,1,0,0,2,0,0,0,0,0,,0,0,Manawatū-Whanganui Region,Nil,2-way,Sealed,0,0,0,0,100,0,None,0,0,,38,Rangitikei District,Nil,0,0,0,0,0,0,Open,0,0,0,Light rain,Null
1821342,5529209,32375,,562800,0,0,0,1,0,Null,2005/2006,MAIN ST,PITT ST,,Non-Injury Crash,No,2006,0,North,0,0,0,Flat,0,,0,,0,Dark,1828600,0,0,0,4,0,0,0,0,0,,0,0,Manawatū-Whanganui Region,Nil,2-way,Sealed,0,0,0,0,50,0,On,0,0,,40,Palmerston North City,Traffic Signals,1,0,0,0,0,0,Urban,0,0,0,Light rain,Null
1851537,5765987,32376,,535350,0,,0,2,,Null,2005/2006,SWANSTON ST,LEITH PLACE,,Non-Injury Crash,No,2006,,East,,0,,Flat,,,,,,Dark,1143300,0,0,0,2,,,0,,,,,,Waikato Region,Nil,2-way,Sealed,,0,0,,50,,On,0,0,,19,South Waikato District,Give way,,,,,0,0,Urban,0,,,Fine,Null
1569211,5182564,32377,,592100,0,,0,1,,Null,2005/2006,INNES ROAD,PAPANUI ROAD,,Minor Crash,No,2006,,South,,0,,Flat,,,,,,Dark,2673100,2,0,0,2,,,0,,,,,,Canterbury Region,Nil,2-way,Sealed,,0,0,,50,,On,1,0,,60,Christchurch City,Traffic Signals,,,,,0,0,Urban,0,,,Fine,Null
1801528,5549118,32378,,559230,0,0,0,0,0,West,2006/2007,PAREWANUI ROAD,HIGH ST,,Minor Crash,No,2006,0,East,0,0,1,Flat,0,,0,,0,Dark,1741902,1,0,0,2,0,0,0,0,0,,0,0,Manawatū-Whanganui Region,Nil,2-way,Sealed,0,0,0,0,100,0,None,1,0,,38,Rangitikei District,Nil,0,0,0,0,0,0,Open,0,0,0,Fine,Null
1769237,5908850,32379,,523113,0,,0,2,,Null,2005/2006,EAST TAMAKI ROAD,ACCENT DRIVE,,Minor Crash,No,2006,,North,,0,,Flat,,,,,,Overcast,711801,2,0,0,4,,,0,,,,,,Auckland Region,Nil,2-way,Sealed,,0,0,,50,,Off,1,0,,76,Auckland,Traffic Signals,,,,,0,0,Urban,0,,,Fine,Null
1720425,6046340,32380,,503200,0,0,0,1,0,North,2005/2006,DUNDAS ROAD,RIVERSIDE DRIVE,,Minor Crash,No,2006,0,North,0,0,0,Hill Road,0,,0,,0,Overcast,101002,1,0,0,1,0,0,0,0,1,,0,0,Northland Region,Nil,2-way,Sealed,0,0,0,0,50,0,None,1,0,,2,Whangarei District,Nil,0,0,0,0,1,0,Urban,0,0,0,Light rain,Null
1749072,5426994,32381,,573101,0,,0,1,,South,2006/2007,TORY ST,TENNYSON ST,,Non-Injury Crash,No,2006,,East,,0,,Flat,,,,,,Overcast,2136000,0,0,0,2,,,0,,,1,,,Wellington Region,Nil,2-way,Sealed,,0,0,,50,,Null,0,0,,47,Wellington City,Nil,,,,,0,0,Urban,0,,,Fine,Null
1351285,4879081,32382,75,606700,0,0,0,0,0,North,2006/2007,SH 1S,STONY CREEK ROAD,,Minor Crash,Yes,2006,0,North,1,0,1,Hill Road,0,,0,,0,Dark,2985904,1,0,0,2,0,0,0,0,0,,0,1,Otago Region,Nil,2-way,Sealed,0,0,0,0,100,0,None,0,0,,72,Clutha District,Unknown,0,0,0,0,0,0,Open,1,0,0,Mist or Fog,Frost
1646580,6127718,32383,,500203,0,0,0,1,0,West,2005/2006,SH 10,PARADISE ROAD,,Minor Crash,Yes,2006,0,South,0,0,0,Hill Road,0,,0,,0,Bright sun,4205,1,0,0,2,0,0,0,0,1,,0,0,Northland Region,Nil,2-way,Sealed,0,0,0,0,50,0,Off,0,0,,1,Far North District,Nil,0,0,0,0,0,0,Urban,1,0,0,Fine,Null
1764008,5912088,32384,,520500,0,,0,0,,Null,2006/2007,CLEMOW DRIVE,MONAHAN ROAD,,Minor Crash,No,2006,,West,,0,,Flat,,,,,,Overcast,639500,1,0,0,2,,,0,,,,,,Auckland Region,Nil,2-way,Sealed,,0,0,,50,,Off,0,0,,76,Auckland,Nil,,,,,1,0,Urban,1,,,Light rain,Null
1869069,5714114,32385,,541730,0,,0,0,,Null,2006/2007,TAUHARA ROAD,TAHAREPA ROAD,,Minor Crash,No,2006,,East,,0,,Flat,,,,,,Bright sun,1271000,1,0,1,2,,,0,,,,,,Waikato Region,Nil,2-way,Sealed,,0,0,,50,,Off,0,0,,21,Taupo District,Give way,,,,,0,0,Urban,1,,,Fine,Null
1897108,5754597,32386,,538832,0,0,0,1,0,East,2006/2007,SH 38,OKARO ROAD,,Non-Injury Crash,Yes,2006,0,West,0,0,0,Flat,0,,0,,0,Dark,1259105,0,0,0,2,0,0,0,0,0,,0,1,Bay of Plenty Region,Nil,2-way,Sealed,0,0,0,0,100,0,None,0,0,,24,Rotorua District,Nil,0,0,0,0,0,0,Open,0,0,0,Fine,Null
1710121,6043646,32387,,501810,0,,0,1,,East,2005/2006,SH 14,KOKOPU BLOCK ROAD,,Minor Crash,Yes,2006,,East,,0,,Hill Road,,,,,,Overcast,70700,1,0,0,3,,,0,,,,,,Northland Region,Nil,2-way,Sealed,,0,0,,100,,None,0,0,,2,Whangarei District,Nil,,,,,1,0,Open,0,,,Light rain,Null
1720125,6045783,32388,,503200,0,,0,2,,North,2006/2007,RIVERSIDE DRIVE,PUNGA GROVE AVENUE,,Non-Injury Crash,No,2006,,North,,0,,Flat,,,,,,Bright sun,101503,0,0,0,4,,,0,,,,,,Northland Region,Nil,2-way,Sealed,,0,0,,50,,Off,0,0,,2,Whangarei District,Nil,,,,,0,0,Urban,0,,,Mist or Fog,Null
1759405,5920524,32389,,515902,0,,0,1,,East,2005/2006,TAMAKI DRIVE,SOLENT ST,,Minor Crash,No,2006,,East,,0,,Flat,,,,,,Bright sun,454800,1,0,0,4,,,0,,,1,,,Auckland Region,Nil,2-way,Sealed,,0,0,,50,,Off,0,0,,76,Auckland,Nil,,,,,0,0,Urban,0,,,Fine,Null
1768804,5910539,32390,,523112,0,,0,0,,Null,2006/2007,HARRIS ROAD,NEALES ROAD,,Non-Injury Crash,No,2006,,North,,0,,Flat,,,,,,Overcast,711500,0,0,0,4,,,0,,,,,,Auckland Region,Nil,2-way,Sealed,,0,0,,60,,Off,0,0,,76,Auckland,Give way,,,,,1,0,Urban,1,,,Heavy rain,Null
1750843,5431430,32391,,574302,1,,0,1,,Null,2006/2007,HUTT ROAD,ONSLOW ROAD,,Serious Crash,No,2006,,West,,0,,Flat,,,,,,Bright sun,2090604,0,0,0,4,,,0,,,,,,Wellington Region,Nil,2-way,Sealed,,0,1,,70,,Null,0,0,,47,Wellington City,Traffic Signals,,,,,0,0,Urban,0,,,Fine,Null
1752043,5930726,32392,,508807,0,,0,1,,East,2005/2006,ALBANY HIGHWAY ON EBD,ALBANY HIGHWAY,,Non-Injury Crash,Yes,2006,,West,,0,,Flat,,,,,,Bright sun,180809,0,0,0,2,,,0,,,,,,Auckland Region,Nil,2-way,Sealed,,0,0,,50,,Off,0,0,,76,Auckland,Nil,,,,,0,0,Urban,1,,,Fine,Null