X,Y,OBJECTID,advisorySpeed,areaUnitID,bicycle,bridge,bus,carStationWagon,cliffBank,crashDirectionDescription,crashFinancialYear,crashLocation1,crashLocation2,crashRoadSideRoad,crashSeverity,crashSHDescription,crashYear,debris,directionRoleDescription,ditch,fatalCount,fence,flatHill,guardRail,holiday,houseOrBuilding,intersection,kerb,light,meshblockId,minorInjuryCount,moped,motorcycle,NumberOfLanes,objectThrownOrDropped,otherObject,otherVehicleType,overBank,parkedVehicle,pedestrian,phoneBoxEtc,postOrPole,region,roadCharacter,roadLane,roadSurface,roadworks,schoolBus,seriousInjuryCount,slipOrFlood,speedLimit,strayAnimal,streetLight,suv,taxi,temporarySpeedLimit,tlaId,tlaName,trafficControl,trafficIsland,trafficSign,train,tree,truck,unknownVehicleType,urban,vanOrUtility,vehicle,waterRiver,weatherA,weatherB
1769324,5899723,32393,,525002,0,,0,1,,Null,2006/2007,MAHIA ROAD,NIELD ROAD,,Serious Crash,No,2006,,East,,0,,Flat,,,,,,Dark,754100,4,0,0,2,,,0,,,,,,Auckland Region,Nil,2-way,Sealed,,0,1,,50,,On,0,0,,76,Auckland,Give way,,,,,0,0,Urban,1,,,Light rain,Null
1788828,5807532,32394,,526603,0,0,0,1,0,North,2006/2007,TE PAHU ROAD,CLOTHIER ROAD,,Non-Injury Crash,No,2006,0,South,0,0,0,Flat,0,,0,,0,Overcast,859801,0,0,0,2,0,0,0,0,0,,0,1,Waikato Region,Nil,2-way,Sealed,0,0,0,0,100,0,None,0,0,,17,Waipa District,Nil,0,0,0,0,0,0,Open,0,0,0,Heavy rain,Null
1720825,6045407,32395,,503700,0,0,0,1,1,North,2006/2007,MEMORIAL DRIVE,RIVERSIDE DRIVE,,Minor Crash,No,2006,0,North,0,0,0,Hill Road,0,,0,,0,Dark,102201,1,0,0,1,0,0,0,0,0,,0,0,Northland Region,Nil,2-way,Sealed,0,0,0,0,50,0,None,0,0,,2,Whangarei District,Nil,0,0,0,0,0,0,Urban,0,0,0,Fine,Null
1801241,5815728,32396,,530100,0,,0,2,,North,2005/2006,RIVER ROAD,MYRTLE ST,,Minor Crash,No,2006,,South,,0,,Flat,,,,,,Bright sun,894400,1,0,0,2,,,0,,,,,,Waikato Region,Nil,2-way,Sealed,,0,0,,50,,Null,0,0,,16,Hamilton City,Nil,,,,,0,0,Urban,0,,,Fine,Null
1731278,6040399,32397,,501818,0,,0,1,,South,2006/2007,WHANGAREI HEADS ROAD,WHARF ROAD,,Non-Injury Crash,No,2006,,North,,0,,Hill Road,,,,,,Overcast,73601,0,0,0,2,,,0,,,,,,Northland Region,Nil,2-way,Sealed,,0,0,,100,,None,1,0,,2,Whangarei District,Nil,,,,,0,0,Open,0,,,Fine,Null
1242742,4848755,32398,,611220,0,0,0,1,0,Null,2006/2007,ETTRICK ST,NITH ST,,Serious Crash,No,2006,0,East,0,0,0,Flat,0,,0,,0,Bright sun,3110300,3,0,0,2,0,0,0,0,0,,0,1,Southland Region,Nil,2-way,Sealed,0,0,1,0,50,0,Null,1,0,,75,Invercargill City,Stop,0,0,0,0,0,0,Urban,0,0,0,Fine,Null
1845328,5855755,32399,,534200,0,0,0,1,0,North,2006/2007,SH 2,OLD WAITEKAURI ROAD,,Non-Injury Crash,Yes,2006,0,North,0,0,0,Flat,1,,0,,0,Dark,1085000,0,0,0,2,0,0,0,0,0,,0,0,Waikato Region,Nil,2-way,Sealed,0,0,0,0,80,0,On,0,0,,12,Hauraki District,Nil,0,0,0,0,0,0,Open,0,0,0,Fine,Null
1771441,5895329,32400,,521201,0,0,0,1,0,North,2005/2006,SH 1N,BEACH OBR,,Non-Injury Crash,Yes,2006,0,North,0,0,0,Flat,1,,0,,0,Dark,806604,0,0,0,2,0,0,0,0,0,,0,0,Auckland Region,Nil,1-way,Sealed,0,0,0,0,100,0,On,0,0,,76,Auckland,Nil,0,0,0,0,0,0,Open,0,0,0,Light rain,Null
1751220,5912744,32401,40,514700,0,0,1,1,0,West,2005/2006,BOLTON ST,TAYLOR ST,,Non-Injury Crash,No,2006,0,East,0,0,0,Hill Road,0,,0,,0,Bright sun,369701,0,0,0,2,0,0,0,0,1,,0,0,Auckland Region,Nil,2-way,Sealed,0,0,0,0,50,0,Off,0,0,,76,Auckland,Nil,0,0,0,0,0,0,Urban,0,0,0,Fine,Null
1751765,5947611,32402,,505807,0,,0,2,,Null,2006/2007,RED BEACH ROAD,ALBATROSS ROAD,,Non-Injury Crash,No,2006,,East,,0,,Flat,,,,,,Bright sun,172702,0,0,0,2,,,0,,,,,,Auckland Region,Nil,2-way,Sealed,,0,0,,50,,Off,0,0,,76,Auckland,Nil,,,,,0,0,Urban,0,,,Fine,Null
1758309,5920179,32403,,515902,0,,0,2,,East,2005/2006,PARNELL RISE,SH 16,,Minor Crash,No,2006,,West,,0,,Hill Road,,,,,,Dark,452300,1,0,0,4,,,0,,,,,,Auckland Region,Nil,2-way,Sealed,,0,0,,50,,On,0,0,,76,Auckland,Nil,,,,,0,0,Urban,0,,,Light rain,Null
1569188,5182597,32404,,592100,0,,0,2,,North,2006/2007,PAPANUI ROAD,INNES ROAD,,Minor Crash,No,2006,,South,,0,,Flat,,,,,,Dark,2673100,1,0,0,4,,,0,,,,,,Canterbury Region,Nil,2-way,Sealed,,0,0,,50,,On,0,0,,60,Christchurch City,Unknown,,,,,0,0,Urban,0,,,Fine,Null
1814565,5871261,32405,,533901,0,,0,1,,Null,2006/2007,SH 2,CANAL WEST ROAD,,Non-Injury Crash,Yes,2006,,West,,0,,Flat,,,,,,Overcast,1069100,0,0,0,2,,,0,,,,,,Waikato Region,Bridge,2-way,Sealed,,0,0,,100,,Null,1,0,,12,Hauraki District,Give way,,,,,0,0,Open,0,,,Fine,Null
1763667,5912662,32406,,520500,0,,0,2,,South,2006/2007,SH 1N,MT WGTN ON NBD,,Non-Injury Crash,Yes,2006,,North,,0,,Flat,,,,,,Bright sun,637300,0,0,0,3,,,0,,,,,,Auckland Region,Nil,1-way,Sealed,,0,0,,100,,Off,0,0,,76,Auckland,Nil,,,,,0,0,Open,0,,,Fine,Null
1764034,5905288,32407,,522100,0,0,0,1,0,South,2006/2007,HILLSIDE ROAD,HILL ROAD,,Serious Crash,No,2006,0,North,0,0,1,Hill Road,0,,0,,0,Overcast,658201,1,0,0,2,0,0,0,0,0,,0,1,Auckland Region,Nil,2-way,Sealed,0,0,1,0,50,0,Off,0,0,,76,Auckland,Nil,0,0,0,0,0,0,Urban,0,0,0,Heavy rain,Null
1754049,5931364,32408,,508803,0,,0,2,,Null,2006/2007,SH 18,UPPER HWY OFF NBD E,,Minor Crash,Yes,2006,,West,,0,,Flat,,,,,,Bright sun,180818,1,0,0,5,,,0,,,,,,Auckland Region,Motorway ramp,2-way,Sealed,,0,0,,50,,Off,0,0,,76,Auckland,Traffic Signals,,,,,0,0,Urban,0,,,Fine,Null
1883383,5826009,32409,,536821,0,,0,2,,North,2006/2007,SH 2,SPUR AVENUE,,Non-Injury Crash,Yes,2006,,South,,0,,Flat,,,,,,Overcast,1204401,0,0,0,4,,,0,,,,,,Bay of Plenty Region,Nil,2-way,Sealed,,0,0,,70,,Null,0,0,,23,Tauranga City,Unknown,,,,,0,0,Urban,0,,,Fine,Strong wind
1817519,5460141,32410,,579400,0,,0,2,,Null,2005/2006,SH 2,EAST TARATAHI ROAD,,Serious Crash,Yes,2006,,South,,0,,Flat,,,,,,Twilight,2262200,2,0,0,3,,,0,,,,,,Wellington Region,Nil,2-way,Sealed,,0,1,,100,,On,0,0,,49,Carterton District,Give way,,,,,0,0,Open,0,,,Fine,Null
1770179,5915996,32411,,522711,0,,0,3,,South,2005/2006,BUCKLANDS BEACH ROAD,LOLOMA DRIVE,,Non-Injury Crash,No,2006,,South,,0,,Flat,,,,,,Bright sun,679301,0,0,0,2,,,0,,,,,,Auckland Region,Nil,2-way,Sealed,,0,0,,50,,Off,0,0,,76,Auckland,Nil,,,,,0,0,Urban,0,,,Fine,Null
1759383,5912712,32412,,519820,0,0,0,2,0,Null,2005/2006,GREY ST,SPRING ST,,Minor Crash,No,2006,0,West,0,0,1,Flat,0,,0,,0,Bright sun,600600,1,0,0,2,0,0,0,0,0,,0,0,Auckland Region,Nil,2-way,Sealed,0,0,0,0,50,0,Null,0,0,,76,Auckland,Nil,0,0,0,1,0,0,Urban,0,0,0,Fine,Null
1196305,4857231,32413,,612730,0,0,0,0,0,North,2006/2007,SH 99,PAHIA-WAKAPATU ROAD,,Fatal Crash,Yes,2006,0,South,0,1,1,Flat,0,,0,,0,Overcast,3189500,1,0,1,2,0,0,0,1,0,,0,0,Southland Region,Nil,2-way,Sealed,0,0,0,0,100,0,Null,1,0,,73,Southland District,Unknown,0,0,0,0,0,0,Open,0,0,0,Heavy rain,Strong wind
1805597,5791615,32414,,531003,0,,0,2,,South,2005/2006,TE RAHU ROAD,PICQUET HILL ROAD,,Non-Injury Crash,No,2006,,South,,0,,Hill Road,,,,,,Bright sun,968601,0,0,0,2,,,0,,,,,,Waikato Region,Nil,2-way,Sealed,,0,0,,50,,Null,0,0,,17,Waipa District,Unknown,,,,,0,0,Urban,0,,,Fine,Null
1752503,5914246,32415,,514500,0,,0,2,,Null,2005/2006,NEW WINDSOR ROAD,TIVERTON ROAD,,Non-Injury Crash,No,2006,,West,,0,,Hill Road,,,,,,Bright sun,375100,0,0,0,2,,,0,,,,,,Auckland Region,Nil,2-way,Sealed,,0,0,,50,,Off,0,0,,76,Auckland,Stop,,,,,0,0,Urban,0,,,Fine,Null
1757068,5919082,32416,,514200,0,,1,1,,Null,2006/2007,SYMONDS ST,SYMONDS OFF NBD,,Non-Injury Crash,Yes,2006,,West,,0,,Hill Road,,,,,,Dark,412302,0,0,0,3,,,0,,,,,,Auckland Region,Motorway ramp,1-way,Sealed,,0,0,,50,,On,0,0,,76,Auckland,Traffic Signals,,,,,0,0,Urban,0,,,Light rain,Null
1767090,5904382,32417,,524604,0,,0,0,,Null,2005/2006,DAVIES AVENUE,AMERSHAM WAY,,Minor Crash,No,2006,,South,,0,,Hill Road,,,,,,Bright sun,780204,1,0,1,2,,,0,,,,,,Auckland Region,Nil,2-way,Sealed,,0,0,,50,,Off,0,0,,76,Auckland,Give way,,,,,0,0,Urban,0,,,Fine,Null
1759080,5903791,32418,,524200,0,,0,2,,Null,2005/2006,GEORGE BOLT MEMORIAL DRIV,JOHN GOULTER DRIVE,,Non-Injury Crash,No,2006,,South,,0,,Flat,,,,,,Overcast,727200,0,0,0,2,,,0,,,,,,Auckland Region,Nil,2-way,Sealed,,0,0,,50,,Off,0,0,,76,Auckland,Give way,,,,,0,0,Urban,0,,,Light rain,Null
1750535,5913720,32419,,511303,0,,0,3,,East,2006/2007,CLARK ST,OLYMPIC PLACE,,Minor Crash,No,2006,,West,,0,,Hill Road,,,,,,Bright sun,265200,1,0,0,2,,,0,,,,,,Auckland Region,Nil,2-way,Sealed,,0,0,,50,,Off,1,0,,76,Auckland,Give way,,,,,0,0,Urban,0,,,Fine,Null
1801234,5814620,32420,,529700,0,,0,2,,North,2005/2006,ANGLESEA ST,BRIDGE ST,,Non-Injury Crash,No,2006,,South,,0,,Flat,,,,,,Bright sun,912200,0,0,0,2,,,0,,,,,,Waikato Region,Nil,2-way,Sealed,,0,0,,50,,Null,0,0,,16,Hamilton City,Give way,,,,,0,0,Urban,0,,,Fine,Null
1759085,5920420,32421,,515902,0,,0,1,,West,2005/2006,GLADSTONE ROAD,BALFOUR ROAD,,Minor Crash,No,2006,,West,,0,,Hill Road,,,,,,Bright sun,453200,1,0,0,2,,,0,,,1,,,Auckland Region,Nil,2-way,Sealed,,0,0,,50,,Off,0,0,,76,Auckland,Nil,,,,,0,0,Urban,0,,,Fine,Null
1759661,5436225,32422,,569100,0,,0,2,,Null,2005/2006,MARGARET ST,BUNNY ST,,Non-Injury Crash,No,2006,,South,,0,,Flat,,,,,,Bright sun,1968300,0,0,0,2,,,0,,,,,,Wellington Region,Nil,2-way,Sealed,,0,0,,50,,Null,0,0,,46,Lower Hutt City,Traffic Signals,,,,,0,0,Urban,0,,,Fine,Null
1824440,5896175,32423,,533604,0,,0,2,,North,2006/2007,SH 25,ADAMS ROAD,,Minor Crash,Yes,2006,,South,,0,,Flat,,,,,,Bright sun,1057003,2,0,0,2,,,0,,,,,,Waikato Region,Nil,2-way,Sealed,,0,0,,100,,Null,0,0,,11,Thames-Coromandel District,Unknown,,,,,0,0,Open,0,,,Fine,Null
1761036,5915093,32424,,520201,0,,0,2,,North,2005/2006,SH 1N,MAIN OBR,,Non-Injury Crash,Yes,2006,,North,,0,,Flat,,,,,,Overcast,613500,0,0,0,3,,,0,,,,,,Auckland Region,Nil,1-way,Sealed,,0,0,,100,,Off,0,0,,76,Auckland,Nil,,,,,0,0,Open,0,,,Light rain,Null
1747055,5913846,32425,,511100,0,,0,2,,Null,2006/2007,WEST COAST ROAD,GLENDALE ROAD,,Non-Injury Crash,No,2006,,West,,0,,Flat,,,,,,Bright sun,286100,0,0,0,4,,,0,,,,,,Auckland Region,Nil,2-way,Sealed,,0,0,,50,,Off,0,0,,76,Auckland,Traffic Signals,,,,,0,0,Urban,0,,,Fine,Null
1924690,5637642,32426,,545811,0,0,0,0,1,South,2005/2006,SH 5,GLENGARRY ROAD,,Minor Crash,Yes,2006,0,South,0,0,0,Hill Road,0,,0,,0,Dark,1414800,1,0,0,3,0,0,0,0,0,,0,0,Hawke's Bay Region,Nil,2-way,Sealed,0,0,0,0,100,0,None,0,0,,30,Hastings District,Nil,0,0,0,0,1,0,Open,0,0,0,Fine,Null
1474063,5134682,32427,,597730,0,0,0,1,0,East,2006/2007,TREVORS ROAD,BOLTONS ROAD,,Serious Crash,No,2006,0,North,0,0,0,Flat,0,,0,,0,Bright sun,2742300,0,0,0,2,0,0,0,0,0,,0,1,Canterbury Region,Nil,2-way,Sealed,0,0,1,0,100,0,Null,0,0,,63,Ashburton District,Unknown,0,0,0,0,0,0,Open,0,0,0,Fine,Strong wind
1757301,5920188,32428,,514103,0,0,0,2,0,South,2005/2006,QUEEN ST,WELLESLEY ST WEST,,Non-Injury Crash,No,2006,0,North,0,0,0,Hill Road,0,,0,,0,Bright sun,436600,0,0,0,4,0,0,0,0,1,,0,0,Auckland Region,Nil,2-way,Sealed,0,0,0,0,50,0,Off,0,1,,76,Auckland,Nil,0,0,0,0,0,0,Urban,0,0,0,Null,Null
1430525,4991796,32429,,600826,0,0,0,1,0,North,2006/2007,FALCONERS ROAD,MACLEAN ROAD,,Minor Crash,No,2006,0,South,1,0,0,Hill Road,0,,0,,0,Bright sun,2832600,1,0,0,2,0,0,0,0,0,,0,0,Otago Region,Nil,2-way,Unsealed,0,0,0,0,100,0,Null,1,0,,68,Waitaki District,Unknown,0,0,0,0,0,0,Open,0,0,0,Fine,Null
1796179,5814422,32430,,528601,0,,0,2,,Null,2005/2006,SH 23,WHATAWHATA ROAD,,Non-Injury Crash,Yes,2006,,West,,0,,Flat,,,,,,Bright sun,978125,0,0,0,2,,,0,,,,,,Waikato Region,Nil,2-way,Sealed,,0,0,,50,,Null,0,0,,16,Hamilton City,Give way,,,,,0,0,Urban,0,,,Fine,Null
1755687,5924113,32431,,509800,0,,0,2,,Null,2006/2007,QUEEN ST,STAFFORD ROAD,,Non-Injury Crash,No,2006,,South,,0,,Flat,,,,,,Bright sun,359900,0,0,0,2,,,0,,,,,,Auckland Region,Nil,2-way,Sealed,,0,0,,50,,Null,0,0,,76,Auckland,Stop,,,,,0,0,Urban,0,,,Fine,Null
1662668,6073946,32432,40,500802,0,,0,0,,South,2005/2006,GRAHAM ROAD,OTAUA ROAD,,Non-Injury Crash,No,2006,,West,,0,,Flat,,,,,,Dark,23400,0,0,0,1,,,0,,,,,,Northland Region,Nil,2-way,Unsealed,,0,0,,100,,None,1,0,,1,Far North District,Nil,,,,,0,0,Open,0,,,Light rain,Null
1754094,5918302,32433,,515431,0,,0,1,,East,2006/2007,SH 16,MOTAT OFF EBD,,Serious Crash,Yes,2006,,East,,0,,Flat,,,,,,Bright sun,406300,0,0,1,4,,,0,,,,,,Auckland Region,Nil,1-way,Sealed,,0,1,,100,,Off,0,0,,76,Auckland,Nil,,,,,0,0,Open,0,,,Fine,Null
1895677,5811971,32434,,536653,0,0,0,1,0,East,2005/2006,TE PUKE HIGHWAY,STRANG ROAD,,Non-Injury Crash,No,2006,0,East,0,0,0,Flat,0,,0,,0,Twilight,1210100,0,0,0,2,0,0,0,1,0,,0,0,Bay of Plenty Region,Nil,2-way,Sealed,0,0,0,0,100,0,None,0,0,,22,Western Bay of Plenty District,Unknown,0,1,0,0,0,0,Open,0,0,0,Fine,Null
1749450,5913914,32435,,511303,0,,0,1,,East,2006/2007,GREAT NORTH ROAD,TITIRANGI ROAD,,Non-Injury Crash,No,2006,,West,,0,,Hill Road,,,,,,Bright sun,264901,0,0,0,6,,,0,,,,,,Auckland Region,Nil,2-way,Sealed,,0,0,,50,,Off,1,0,,76,Auckland,Nil,,,,,0,0,Urban,0,,,Fine,Null
1752032,5930706,32436,,509100,0,,0,1,,Null,2006/2007,ALBANY HIGHWAY ON EBD,ALBANY HIGHWAY,,Non-Injury Crash,Yes,2006,,North,,0,,Flat,,Christmas New Year,,,,Twilight,181003,0,0,0,3,,,0,,,,,,Auckland Region,Nil,2-way,Sealed,,0,0,,70,,On,1,0,50,76,Auckland,Give way,,,,,0,0,Urban,0,,,Fine,Null
1931865,5607160,32437,,545721,0,,0,1,,North,2005/2006,ELWOOD ROAD,OTENE ROAD,,Non-Injury Crash,No,2006,,South,,0,,Flat,,,,,,Overcast,1471600,0,0,0,2,,,0,,,,,,Hawke's Bay Region,Rail xing,2-way,Sealed,,0,0,,100,,Null,0,0,,30,Hastings District,Traffic Signals,,,,,0,0,Open,1,,,Heavy rain,Null
1749212,5429053,32438,,572900,1,,0,0,,South,2005/2006,THORNDON QUAY,MOORE ST,,Minor Crash,No,2006,,North,,0,,Flat,,,,,,Overcast,2121500,1,0,0,2,,,0,,,,,,Wellington Region,Nil,2-way,Sealed,,0,0,,50,,Null,0,0,,47,Wellington City,Nil,,,,,0,0,Urban,1,,,Fine,Null
1418145,5020947,32439,,600826,0,0,0,1,0,Null,2005/2006,TOKARAHI-NGAPARA ROAD,TILVERSTOWE ROAD,,Minor Crash,No,2006,0,South,1,0,0,Hill Road,0,Queens Birthday,0,,0,Twilight,2826500,2,0,0,2,0,0,0,0,0,,0,0,Otago Region,Nil,2-way,Sealed,0,0,0,0,100,0,None,0,0,,68,Waitaki District,Nil,0,0,0,0,0,0,Open,0,0,0,Fine,Null
1746190,5912647,32440,,511002,0,0,0,3,0,East,2006/2007,GLENGARRY ROAD,MATAMA ROAD,,Minor Crash,No,2006,0,North,0,0,0,Hill Road,0,,0,,0,Dark,284000,2,0,0,2,0,0,0,0,1,,0,1,Auckland Region,Nil,2-way,Sealed,0,0,0,0,50,0,On,0,0,,76,Auckland,Nil,0,0,0,0,0,0,Urban,0,0,0,Fine,Null
1747265,5921231,32441,,512300,0,0,0,1,0,North,2005/2006,TE ATATU ROAD,YEOVIL ROAD,,Non-Injury Crash,No,2006,0,North,0,0,0,Flat,0,,0,,0,Dark,250101,0,0,0,4,0,0,0,0,0,,0,0,Auckland Region,Nil,2-way,Sealed,0,0,0,0,50,0,None,0,0,,76,Auckland,Nil,0,0,0,0,0,0,Urban,0,0,0,Fine,Null
1754368,5916069,32442,,517702,0,,0,2,,Null,2006/2007,FOWLDS AVENUE,HAZELMERE ROAD,,Non-Injury Crash,No,2006,,North,,0,,Flat,,,,,,Overcast,540500,0,0,0,2,,,0,,,,,,Auckland Region,Nil,2-way,Sealed,,0,0,,50,,Off,0,0,,76,Auckland,Nil,,,,,0,0,Urban,0,,,Heavy rain,Null
1770453,5915595,32443,,522712,0,,0,2,,Null,2006/2007,WYCHERLEY DRIVE,GILLS ROAD,,Non-Injury Crash,No,2006,,South,,0,,Hill Road,,,,,,Bright sun,680502,0,0,0,2,,,0,,,,,,Auckland Region,Nil,2-way,Sealed,,0,0,,50,,Off,0,0,,76,Auckland,Give way,,,,,0,0,Urban,0,,,Fine,Null
1797400,5819822,32444,,528402,0,,0,2,,Null,2006/2007,PUKETE ROAD,WAIRERE DRIVE,,Non-Injury Crash,No,2006,,East,,0,,Flat,,,,,,Twilight,907402,0,0,0,2,,,0,,,,,,Waikato Region,Nil,2-way,Sealed,,0,0,,50,,Off,0,0,,16,Hamilton City,Give way,,,,,0,0,Urban,0,,,Fine,Null
1805456,5790893,32445,,531003,0,0,0,2,0,West,2006/2007,CAMBRIDGE ROAD,GLENEAGLES DRIVE,,Minor Crash,No,2006,0,East,0,0,1,Hill Road,0,,0,,0,Bright sun,968707,4,0,0,2,0,0,0,1,0,,0,0,Waikato Region,Nil,2-way,Sealed,0,0,0,0,100,0,Null,0,0,,17,Waipa District,Unknown,0,0,0,0,0,0,Open,0,0,0,Fine,Null
1758863,5920295,32446,,514101,0,0,0,1,0,Null,2006/2007,SH 16,ST GEORGES BAY ROAD,,Minor Crash,Yes,2006,0,South,0,0,0,Flat,0,,0,,0,Bright sun,438221,1,0,0,4,0,0,0,0,0,,0,1,Auckland Region,Nil,2-way,Sealed,0,0,0,0,50,0,Null,0,0,,76,Auckland,Give way,0,0,0,0,0,0,Urban,0,0,0,Fine,Null
1757084,5930624,32447,,507710,0,0,0,2,0,East,2005/2006,BRAEMAR ROAD,STRATHMOOR DRIVE,,Non-Injury Crash,No,2006,0,East,0,0,0,Hill Road,0,,0,,1,Dark,314100,0,0,0,2,0,0,0,0,1,,0,0,Auckland Region,Nil,2-way,Sealed,0,0,0,0,50,0,On,0,0,,76,Auckland,Nil,0,0,0,0,0,0,Urban,0,0,0,Fine,Null
1747381,5913706,32448,,511100,0,,0,2,,West,2006/2007,WEST COAST ROAD,BOWERS ROAD,,Non-Injury Crash,No,2006,,North,,0,,Hill Road,,,,,,Dark,286200,0,0,0,2,,,0,,,,,,Auckland Region,Nil,2-way,Sealed,,0,0,,50,,On,0,0,,76,Auckland,Nil,,,,,0,0,Urban,0,,,Fine,Null
1885340,5774185,32449,,540410,0,0,0,2,0,South,2006/2007,HINEMARU ST,ARAWA ST,,Non-Injury Crash,No,2006,0,North,0,0,0,Flat,0,,0,,0,Overcast,1233500,0,0,0,2,0,0,0,0,1,,0,0,Bay of Plenty Region,Nil,2-way,Sealed,0,0,0,0,50,0,Null,1,0,,24,Rotorua District,Unknown,0,0,0,0,0,0,Urban,0,0,0,Fine,Null
1773598,5446178,32450,,567000,0,0,0,1,0,Null,2005/2006,RIVERBANK ST,PINE AVENUE,,Non-Injury Crash,No,2006,0,East,0,0,0,Flat,0,,0,,0,Overcast,1906900,0,0,0,2,0,0,0,0,0,,0,1,Wellington Region,Nil,2-way,Sealed,0,0,0,0,50,0,Null,0,0,,45,Upper Hutt City,Nil,0,0,0,0,0,0,Urban,0,0,0,Light rain,Null
1758549,5912981,32451,,519710,0,,0,0,,North,2005/2006,INKERMAN ST,TRAFALGAR ST,,Minor Crash,No,2006,,South,,0,,Flat,,,,,,Bright sun,595500,1,0,1,1,,,0,,,,,,Auckland Region,Nil,1-way,Sealed,,0,0,,50,,Off,1,0,,76,Auckland,Nil,,,,,0,0,Urban,0,,,Fine,Null
2024663,5730454,32452,,543602,0,0,0,1,1,North,2005/2006,SH 2,CLIFF ROAD,,Minor Crash,Yes,2006,0,North,0,0,0,Flat,0,Christmas New Year,0,,0,Bright sun,1351502,1,0,0,2,0,0,0,0,0,,0,0,Gisborne Region,Nil,2-way,Sealed,0,0,0,0,100,0,Null,0,0,,28,Gisborne District,Nil,0,0,0,0,0,0,Open,0,0,0,Fine,Null
1756774,5882704,32453,,521152,0,0,0,1,0,Null,2005/2006,GLENBROOK ROAD,WYMER ROAD,,Non-Injury Crash,No,2006,0,West,0,0,0,Flat,0,,0,,0,Overcast,834502,0,0,0,2,0,0,0,0,1,,0,0,Auckland Region,Nil,2-way,Sealed,0,0,0,0,100,0,Off,1,0,,76,Auckland,Nil,0,0,0,0,0,0,Open,0,0,0,Fine,Null
1753874,5934405,32454,,508704,0,0,0,1,0,North,2006/2007,EAST COAST ROAD,SPENCER ROAD,,Non-Injury Crash,No,2006,0,North,0,0,0,Flat,0,,0,,0,Dark,179130,0,0,0,2,0,0,0,0,0,,0,0,Auckland Region,Nil,2-way,Sealed,0,0,0,0,50,0,On,0,0,30,76,Auckland,Nil,1,0,0,0,0,0,Urban,0,0,0,Light rain,Null
1765276,5902321,32455,,524604,0,,0,1,,Null,2006/2007,HAUTU DRIVE,ROSCOMMON ROAD,,Non-Injury Crash,No,2006,,East,,0,,Flat,,,,,,Bright sun,781200,0,0,0,2,,,0,,,,,,Auckland Region,Nil,2-way,Sealed,,0,0,,50,,Off,0,0,,76,Auckland,Give way,,,,,0,0,Urban,1,,,Fine,Null
1878774,5823156,32456,,538201,0,,0,1,,East,2006/2007,Z CPK NEW WORLD,BELLEVUE ROAD,,Non-Injury Crash,No,2006,,South,,0,,Flat,,,,,,Bright sun,1166600,0,0,0,0,,,0,,,,,,Bay of Plenty Region,Nil,Off road,Sealed,,0,0,,30,,Null,0,0,,23,Tauranga City,Unknown,,,,,0,0,Urban,1,,,Fine,Null
1686271,5672123,32457,,551030,0,,0,0,,North,2005/2006,SH 45,PLYMOUTH ROAD,,Minor Crash,Yes,2006,,South,,0,,Hill Road,,,,,,Dark,1555800,1,0,1,2,,,0,,,,,,Taranaki Region,Nil,2-way,Sealed,,0,0,,100,,None,0,0,,33,New Plymouth District,Nil,,,,,0,0,Open,0,,,Fine,Null
1769224,5914464,32458,,522721,0,,0,1,,Null,2005/2006,PAKURANGA ROAD,FORTUNES ROAD,,Minor Crash,No,2006,,East,,0,,Flat,,,,,,Bright sun,680727,1,0,0,6,,,0,,,,,,Auckland Region,Nil,2-way,Sealed,,0,0,,60,,Off,1,0,,76,Auckland,Traffic Signals,,,,,0,0,Urban,0,,,Light rain,Null
1749180,5913906,32459,,511302,0,,0,3,,Null,2006/2007,GREAT NORTH ROAD,NIKAU ST,,Minor Crash,No,2006,,East,,0,,Flat,,,,,,Overcast,268900,2,0,0,4,,,0,,,,,,Auckland Region,Nil,2-way,Sealed,,0,0,,50,,Off,0,0,,76,Auckland,Stop,,,,,0,0,Urban,0,,,Fine,Null
1748966,5970863,32460,,505500,0,,0,0,,North,2005/2006,MATAKANA ROAD,SANDSPIT ROAD,,Non-Injury Crash,No,2006,,South,,0,,Hill Road,,,,,,Overcast,140000,0,0,0,2,,,0,,,,,,Auckland Region,Nil,2-way,Sealed,,0,0,,60,,Off,1,0,,76,Auckland,Unknown,,,,,0,0,Urban,0,,,Light rain,Null
1751677,5927478,32461,,510210,0,0,0,4,0,North,2005/2006,KAHIKA ROAD,BEACH HAVEN ROAD,,Non-Injury Crash,No,2006,0,North,0,0,0,Hill Road,0,,0,,0,Overcast,346702,0,0,0,1,0,0,0,0,4,,0,0,Auckland Region,Nil,2-way,Sealed,0,0,0,0,50,0,Off,0,0,,76,Auckland,Nil,0,0,0,0,1,0,Urban,0,0,0,Light rain,Null
1756392,5924482,32462,,509702,0,1,0,1,0,Null,2006/2007,SH 1N,OLD ONEWA OBR,,Non-Injury Crash,Yes,2006,0,South,0,0,0,Flat,0,,0,,0,Dark,366700,0,0,0,2,0,0,0,0,0,,0,0,Auckland Region,Nil,1-way,Sealed,0,0,0,0,100,0,On,0,0,,76,Auckland,Nil,0,0,0,0,0,0,Open,0,0,0,Fine,Null