X,Y,OBJECTID,advisorySpeed,areaUnitID,bicycle,bridge,bus,carStationWagon,cliffBank,crashDirectionDescription,crashFinancialYear,crashLocation1,crashLocation2,crashRoadSideRoad,crashSeverity,crashSHDescription,crashYear,debris,directionRoleDescription,ditch,fatalCount,fence,flatHill,guardRail,holiday,houseOrBuilding,intersection,kerb,light,meshblockId,minorInjuryCount,moped,motorcycle,NumberOfLanes,objectThrownOrDropped,otherObject,otherVehicleType,overBank,parkedVehicle,pedestrian,phoneBoxEtc,postOrPole,region,roadCharacter,roadLane,roadSurface,roadworks,schoolBus,seriousInjuryCount,slipOrFlood,speedLimit,strayAnimal,streetLight,suv,taxi,temporarySpeedLimit,tlaId,tlaName,trafficControl,trafficIsland,trafficSign,train,tree,truck,unknownVehicleType,urban,vanOrUtility,vehicle,waterRiver,weatherA,weatherB
1756524,5933958,32463,,507300,0,0,0,1,0,North,2006/2007,CHURCHILL ROAD,VAUGHAN CRESCENT,,Non-Injury Crash,No,2006,0,North,0,0,0,Flat,0,,0,,0,Overcast,154500,0,0,0,1,0,0,0,0,1,,0,0,Auckland Region,Nil,2-way,Sealed,0,0,0,0,50,0,Off,0,0,,76,Auckland,Nil,0,0,0,0,0,0,Urban,1,0,0,Fine,Null
1756750,5918554,32464,,515600,0,,0,1,,West,2005/2006,NEW NORTH ROAD,KORARI ST,,Non-Injury Crash,No,2006,,West,,0,,Flat,,,,,,Bright sun,420500,0,0,0,2,,,0,,,,,,Auckland Region,Nil,2-way,Sealed,,0,0,,50,,None,0,0,,76,Auckland,Traffic Signals,,,,,0,0,Urban,1,,,Fine,Null
1770225,5877198,32465,,521117,0,,0,1,,North,2005/2006,TUAKAU ROAD,BUCKLAND ROAD,,Non-Injury Crash,No,2006,,South,,0,,Flat,,,,,,Bright sun,824601,0,0,0,2,,,0,,,,,,Waikato Region,Nil,2-way,Sealed,,0,0,,100,,Off,1,0,,13,Waikato District,Nil,,,,,0,0,Open,0,,,Fine,Null
1836134,5827317,32466,,534604,0,,0,1,,Null,2006/2007,SH 27,KEREONE ROAD,,Non-Injury Crash,Yes,2006,,South,,0,,Flat,,,,,,Bright sun,1108600,0,0,0,3,,,0,,,,,,Waikato Region,Nil,2-way,Sealed,,0,0,,100,,Null,0,0,,15,Matamata-Piako District,Stop,,,,,1,0,Open,0,,,Fine,Null
1796248,5875495,32467,,527221,0,0,0,1,0,East,2006/2007,SH 2,COALFIELDS ROAD,,Non-Injury Crash,Yes,2006,0,East,0,0,1,Flat,1,,0,,0,Dark,932900,0,0,0,3,0,0,0,0,0,,0,1,Waikato Region,Nil,2-way,Sealed,0,0,0,0,100,0,None,0,0,,13,Waikato District,Unknown,0,1,0,0,0,0,Open,0,0,0,Fine,Null
1743666,5919379,32468,,513212,0,,0,2,,Null,2006/2007,SWANSON ROAD,UNIVERSAL DRIVE,,Non-Injury Crash,No,2006,,West,,0,,Flat,,,,,,Bright sun,235711,0,0,0,2,,,0,,,,,,Auckland Region,Nil,2-way,Sealed,,0,0,,50,,Null,0,0,,76,Auckland,Give way,,,,,0,0,Urban,0,,,Fine,Null
1756964,5918792,32469,,515600,0,,0,1,,West,2006/2007,NEWTON ROAD,SYMONDS ST,,Non-Injury Crash,No,2006,,East,,0,,Flat,,,,,,Overcast,420600,0,0,0,5,,,0,,,,,,Auckland Region,Nil,2-way,Sealed,,0,0,,50,,Off,1,0,,76,Auckland,Traffic Signals,,,,,0,0,Urban,0,,,Fine,Null
1303584,5039911,32470,,608304,0,0,0,1,1,North,2006/2007,SH 6,SH 8A,,Minor Crash,Yes,2006,0,South,0,0,0,Hill Road,0,,0,,0,Dark,3030919,1,0,0,2,0,0,0,0,0,,0,0,Otago Region,Nil,2-way,Sealed,0,0,0,0,100,0,None,0,0,,70,Queenstown-Lakes District,Unknown,0,0,0,0,0,0,Open,0,0,0,Light rain,Frost
1780943,5878273,32471,,521135,0,,0,2,,East,2006/2007,SH 2,IRISH ROAD,,Non-Injury Crash,Yes,2006,,East,,0,,Hill Road,,Christmas New Year,,,,Bright sun,842000,0,0,0,3,,,0,,,,,,Waikato Region,Nil,2-way,Sealed,,0,0,,100,,None,0,0,,13,Waikato District,Nil,,,,,0,0,Open,0,,,Fine,Null
1798095,5813952,32472,,528602,0,0,0,1,0,West,2006/2007,KAREN CRESCENT,LETHBORG ST,,Non-Injury Crash,No,2006,0,North,0,0,0,Flat,0,,0,,0,Overcast,921605,0,0,0,2,0,0,0,0,0,,0,0,Waikato Region,Nil,2-way,Sealed,0,0,0,0,50,0,Null,0,0,,16,Hamilton City,Unknown,0,0,0,1,0,0,Urban,0,0,0,Fine,Null
1747175,5910397,32473,35,512000,0,0,0,1,0,South,2006/2007,HUIA ROAD,TITIRANGI ROAD,,Non-Injury Crash,No,2006,0,West,0,0,0,Hill Road,0,,0,,0,Overcast,297000,0,0,0,2,0,0,0,0,0,,0,1,Auckland Region,Nil,2-way,Sealed,0,0,0,0,50,0,Off,0,0,,76,Auckland,Nil,0,0,0,0,0,0,Urban,0,0,0,Fine,Null
1764272,5909597,32474,,521901,0,,0,2,,Null,2005/2006,GREAT SOUTH ROAD,PARK AVENUE,,Non-Injury Crash,No,2006,,South,,0,,Flat,,,,,,Overcast,784100,0,0,0,2,,,0,,,,,,Auckland Region,Nil,2-way,Sealed,,0,0,,50,,Null,0,0,,76,Auckland,Give way,,,,,0,0,Urban,0,,,Light rain,Null
1754037,5929484,32475,,508420,0,0,0,1,0,Null,2005/2006,ELLICE ROAD,AYTON DRIVE,,Non-Injury Crash,No,2006,0,East,0,0,0,Hill Road,0,,0,,0,Dark,183000,0,0,0,2,0,0,0,0,0,,0,0,Auckland Region,Nil,2-way,Sealed,0,0,0,0,50,0,On,0,0,,76,Auckland,Nil,0,1,0,0,0,0,Urban,0,0,0,Light rain,Null
1936897,5621667,32476,,546802,0,0,0,1,0,West,2006/2007,BROWNING ST,HASTINGS ST,,Non-Injury Crash,No,2006,0,North,0,0,1,Flat,0,,0,,0,Bright sun,1423700,0,0,0,2,0,0,0,0,0,,0,0,Hawke's Bay Region,Nil,2-way,Sealed,0,0,0,0,50,0,Null,0,0,,31,Napier City,Nil,0,0,0,0,0,0,Urban,0,0,0,Fine,Null
1862079,5786538,32477,,535232,0,,0,1,,West,2005/2006,SH 5,GALAXY ROAD,,Fatal Crash,Yes,2006,,East,,1,,Hill Road,,,,,,Overcast,1127702,0,0,0,2,,,0,,,,,,Waikato Region,Nil,2-way,Sealed,,0,1,,100,,None,0,0,50,19,South Waikato District,Nil,,,,,1,0,Open,0,,,Light rain,Null
1800414,5820105,32478,,529401,0,,0,3,,Null,2006/2007,HUKANUI ROAD,WAIRERE DRIVE,,Non-Injury Crash,No,2006,,North,,0,,Flat,,,,,,Overcast,877201,0,0,0,3,,,0,,,,,,Waikato Region,Nil,2-way,Sealed,,0,0,,50,,Null,0,0,,16,Hamilton City,Give way,,,,,0,0,Urban,0,,,Fine,Null
1796479,5816535,32479,,528503,0,,0,1,,West,2005/2006,DOMINION ROAD,BARTHOLOMEW DRIVE,,Non-Injury Crash,No,2006,,West,,0,,Flat,,,,,,Bright sun,976735,0,0,0,2,,,0,,,,,,Waikato Region,Nil,2-way,Sealed,,0,0,,50,,Off,0,0,,16,Hamilton City,Nil,,,,,0,0,Urban,1,,,Fine,Null
1769879,5899426,32480,,523920,0,0,0,1,0,North,2005/2006,SH 1N,TAKANINI ON NBD,,Non-Injury Crash,Yes,2006,0,North,0,0,0,Hill Road,1,,0,,0,Overcast,767921,0,0,0,3,0,0,0,0,0,,0,0,Auckland Region,Nil,1-way,Sealed,0,0,0,0,100,0,Off,0,0,,76,Auckland,Nil,0,0,0,0,0,0,Open,0,0,0,Light rain,Null
1572214,5180975,32481,,593300,0,,0,1,,West,2006/2007,DRAPER ST,STANMORE ROAD,,Serious Crash,No,2006,,West,,0,,Flat,,,,,,Bright sun,2692001,0,0,1,2,,,0,,,,,,Canterbury Region,Nil,2-way,Sealed,,0,1,,50,,Null,0,0,,60,Christchurch City,Nil,,,,,0,0,Urban,0,,,Fine,Null
1793228,5515132,32482,,561500,0,0,0,0,0,South,2006/2007,SH 1N,NEWTH ROAD,,Non-Injury Crash,Yes,2006,0,North,1,0,0,Flat,0,,0,,0,Overcast,1785600,0,0,0,2,0,0,0,0,0,,0,0,Manawatū-Whanganui Region,Nil,2-way,Sealed,0,0,0,0,100,0,Null,0,0,,42,Horowhenua District,Nil,0,0,0,0,0,0,Open,1,0,0,Fine,Null
1754402,5912039,32483,,519001,0,0,0,2,0,South,2005/2006,GLENVEAGH DRIVE,MARYDALE DRIVE,,Non-Injury Crash,No,2006,0,South,0,0,0,Hill Road,0,,0,,0,Dark,589300,0,0,0,2,0,0,0,0,1,,0,0,Auckland Region,Nil,2-way,Sealed,0,0,0,0,50,0,On,0,0,,76,Auckland,Nil,0,0,0,0,0,0,Urban,0,0,0,Fine,Null
1755422,5929269,32484,,508420,0,,0,3,,South,2005/2006,SH 1N,TRISTRAM ON NBD,,Minor Crash,Yes,2006,,North,,0,,Flat,,,,,,Dark,183800,1,0,0,2,,,0,,,,,,Auckland Region,Nil,1-way,Sealed,,0,0,,100,,On,0,0,,76,Auckland,Nil,,,,,0,0,Open,0,,,Light rain,Null
1726995,6004183,32485,,505010,0,0,0,1,0,West,2005/2006,SH 12,BRYNDERWYN ROAD,,Non-Injury Crash,Yes,2006,0,West,1,0,0,Flat,0,,0,,0,Bright sun,132100,0,0,0,2,0,0,0,0,0,,0,0,Northland Region,Nil,2-way,Sealed,0,0,0,0,100,0,None,0,0,,3,Kaipara District,Nil,0,0,0,0,0,0,Open,0,0,0,Fine,Null
1771072,5903851,32486,,523819,0,0,0,1,0,Null,2005/2006,MILL ROAD,REDOUBT ROAD,,Non-Injury Crash,No,2006,0,East,0,0,1,Hill Road,0,,0,,0,Overcast,760500,0,0,0,2,0,0,0,0,0,,0,0,Auckland Region,Nil,2-way,Sealed,0,0,0,0,70,0,Off,0,0,,76,Auckland,Nil,0,0,0,0,0,0,Urban,0,0,0,Fine,Null
1767681,5918801,32487,,516800,0,0,0,1,0,East,2005/2006,GLENDOWIE ROAD,RIDDELL ROAD,,Non-Injury Crash,No,2006,0,North,0,0,1,Hill Road,0,,0,,0,Dark,514800,0,0,0,2,0,0,0,0,0,,0,0,Auckland Region,Nil,2-way,Sealed,0,0,0,0,50,0,None,0,0,,76,Auckland,Unknown,0,0,0,0,0,0,Urban,0,0,0,Fine,Null
1757827,5920100,32488,,514103,0,,0,2,,West,2006/2007,ALFRED ST,SYMONDS ST,,Non-Injury Crash,No,2006,,East,,0,,Flat,,,,,,Twilight,437300,0,0,0,2,,,0,,,,,,Auckland Region,Nil,1-way,Sealed,,0,0,,50,,Off,0,0,,76,Auckland,Nil,,,,,0,0,Urban,0,,,Fine,Null
1570641,5179910,32489,,591500,0,,1,0,,South,2005/2006,COLOMBO ST,CASHEL ST,,Minor Crash,No,2006,,North,,0,,Flat,,,,,,Bright sun,2651700,1,0,0,3,,,0,,,1,,,Canterbury Region,Nil,2-way,Sealed,,0,0,,50,,Null,0,0,,60,Christchurch City,Traffic Signals,,,,,0,0,Urban,0,,,Fine,Null
1749075,5918333,32490,,514801,0,,0,1,,West,2005/2006,SH 16,ROSEBANK OBR,,Non-Injury Crash,Yes,2006,,East,,0,,Flat,,,,,,Twilight,389200,0,0,0,3,,,0,,,,,,Auckland Region,Nil,1-way,Sealed,,0,0,,100,,Off,0,0,,76,Auckland,Nil,,,,,1,0,Open,0,,,Fine,Null
1769464,5902089,32491,,524901,0,,0,3,,North,2006/2007,SH 1N,MANUREWA ON NBD,,Non-Injury Crash,Yes,2006,,North,,0,,Flat,,,,,,Bright sun,755600,0,0,0,6,,,0,,,,,,Auckland Region,Nil,2-way,Sealed,,0,0,,100,,Off,0,0,,76,Auckland,Nil,,,,,0,0,Open,0,,,Fine,Null
1748869,5428191,32492,,573000,1,,0,1,,Null,2005/2006,CUSTOMHOUSE QUAY,JERVOIS QUAY,,Minor Crash,No,2006,,North,,0,,Flat,,,,,,Overcast,2124300,1,0,0,6,,,0,,,,,,Wellington Region,Nil,2-way,Sealed,,0,0,,50,,Null,0,0,,47,Wellington City,Give way,,,,,0,0,Urban,0,,,Heavy rain,Null
1768906,5905871,32493,,523711,0,,0,1,,Null,2005/2006,DAWSON ROAD,TE IRIRANGI DRIVE,,Non-Injury Crash,No,2006,,East,,0,,Flat,,,,,,Bright sun,713005,0,0,0,2,,,0,,,,,,Auckland Region,Nil,2-way,Sealed,,0,0,,50,,Off,0,0,,76,Auckland,Give way,,,,,0,0,Urban,1,,,Fine,Null
1755792,5434728,32494,55,569800,0,0,0,2,0,West,2006/2007,SH 2,CORNISH ST,,Minor Crash,Yes,2006,0,West,0,0,0,Flat,1,,0,,0,Overcast,2035800,1,0,0,2,0,0,0,0,0,,0,0,Wellington Region,Nil,1-way,Sealed,0,0,0,0,100,0,Null,0,0,,46,Lower Hutt City,Nil,0,0,0,0,0,0,Open,0,0,0,Fine,Null
1821208,5528680,32495,,562800,0,,0,2,,Null,2006/2007,FERGUSON ST,COOK ST,,Minor Crash,No,2006,,South,,0,,Flat,,,,,,Bright sun,1829000,1,0,0,2,,,0,,,,,,Manawatū-Whanganui Region,Nil,2-way,Sealed,,0,0,,50,,Null,0,0,,40,Palmerston North City,Stop,,,,,0,0,Urban,0,,,Fine,Null
1884001,5773179,32496,,540420,0,,0,2,,Null,2006/2007,MALFROY ROAD,JAMES ST,,Non-Injury Crash,No,2006,,West,,0,,Flat,,,,,,Bright sun,1235700,0,0,0,2,,,0,,,,,,Bay of Plenty Region,Nil,2-way,Sealed,,0,0,,50,,Null,0,0,,24,Rotorua District,Stop,,,,,0,0,Urban,0,,,Fine,Null
1757823,5920799,32497,,514101,0,0,1,1,0,Null,2006/2007,CUSTOMS ST EAST,FORT ST,,Minor Crash,No,2006,0,West,0,0,0,Flat,0,,0,,0,Bright sun,438103,1,0,0,6,0,0,0,0,0,1,0,1,Auckland Region,Nil,1-way,Sealed,0,0,0,0,50,0,Off,0,0,,76,Auckland,Traffic Signals,0,0,0,0,0,0,Urban,0,0,0,Fine,Null
1765510,5915940,32498,,517100,0,,0,1,,Null,2005/2006,TORINO ST,PILKINGTON ROAD,,Serious Crash,No,2006,,South,,0,,Flat,,,,,,Twilight,479900,0,0,0,2,,,0,,,,,,Auckland Region,Nil,2-way,Sealed,,0,1,,50,,Off,0,0,,76,Auckland,Give way,,,,,0,0,Urban,1,,,Fine,Null
1600989,5448823,32499,,584303,0,,0,2,,East,2005/2006,WALLACE ST,SH 60,,Minor Crash,No,2006,,East,,0,,Flat,,,,,,Bright sun,2377800,1,0,0,2,,,0,,,,,,Tasman Region,Nil,2-way,Sealed,,0,0,,50,,Null,0,0,,51,Tasman District,Nil,,,,,0,0,Urban,0,,,Fine,Null
1755637,5918292,32500,,517500,0,0,0,1,0,Null,2006/2007,SH 16,BOND OBR,,Non-Injury Crash,Yes,2006,0,West,0,0,0,Flat,1,,0,,0,Dark,529600,0,0,0,3,0,0,0,0,0,,0,0,Auckland Region,Nil,1-way,Sealed,0,0,0,0,100,0,On,1,0,70,76,Auckland,Nil,0,0,0,0,0,0,Open,0,0,0,Fine,Null
1692906,5676034,32501,,551800,0,,0,2,,Null,2005/2006,SH 45,BROUGHAM ST,,Minor Crash,Yes,2006,,North,,0,,Hill Road,,,,,,Bright sun,1592800,1,0,0,2,,,0,,,,,,Taranaki Region,Nil,2-way,Sealed,,0,0,,50,,Null,0,0,,33,New Plymouth District,Stop,,,,,0,0,Urban,0,,,Fine,Null
1719568,6045795,32502,,503100,0,0,0,1,0,Null,2006/2007,ROBERT ST,JAMES ST,,Serious Crash,No,2006,0,South,0,0,0,Flat,0,,1,,0,Bright sun,99800,0,0,0,2,0,0,0,0,0,,0,0,Northland Region,Nil,2-way,Sealed,0,0,1,0,50,0,Off,0,0,,2,Whangarei District,Stop,0,0,0,0,0,0,Urban,0,0,0,Fine,Null
1757400,5920943,32503,,514101,0,,0,0,,Null,2005/2006,ALBERT ST,CUSTOMS ST WEST,,Non-Injury Crash,No,2006,,North,,0,,Hill Road,,,,,,Dark,432800,0,0,0,4,,,0,,,,,,Auckland Region,Nil,2-way,Sealed,,0,0,,50,,On,2,0,,76,Auckland,Traffic Signals,,,,,0,0,Urban,0,,,Light rain,Null
1945773,5720998,32504,,542550,0,0,0,2,0,North,2006/2007,MATAATUA ROAD,HIGHWAY 38,,Non-Injury Crash,No,2006,0,West,0,0,0,Flat,0,,0,,0,Bright sun,1333001,0,0,0,1,0,0,0,0,1,,0,0,Bay of Plenty Region,Nil,2-way,Unsealed,0,0,0,0,50,0,None,0,0,,25,Whakatane District,Nil,0,0,0,0,0,0,Urban,0,0,0,Fine,Null
1789453,5829072,32505,,528200,0,,0,0,,North,2005/2006,GREAT SOUTH ROAD,PRINCESS ST,,Non-Injury Crash,No,2006,,North,,0,,Flat,,,,,,Bright sun,857500,0,0,0,2,,,0,,,,,,Waikato Region,Nil,2-way,Sealed,,0,0,,50,,Null,0,0,,13,Waikato District,Unknown,,,,,2,0,Urban,0,,,Fine,Null
1747481,5914715,32506,,511100,0,,0,1,,Null,2006/2007,GREAT NORTH ROAD,SABULITE ROAD,,Minor Crash,No,2006,,South,,0,,Flat,,,,,,Bright sun,284800,1,0,0,2,,,0,,,1,,,Auckland Region,Nil,2-way,Sealed,,0,0,,50,,Null,0,0,,76,Auckland,Traffic Signals,,,,,0,0,Urban,0,,,Fine,Null
1764092,5914246,32507,,520303,0,,0,1,,South,2006/2007,MOUNT WELLINGTON HIGHWAY,TE HORETA ROAD,,Non-Injury Crash,No,2006,,South,,0,,Flat,,,,,,Bright sun,627600,0,0,0,4,,,0,,,,,,Auckland Region,Nil,2-way,Sealed,,0,0,,50,,Off,0,0,,76,Auckland,Nil,,,,,1,0,Urban,0,,,Fine,Null
1770670,5445457,32508,,564602,0,,0,1,,East,2006/2007,SH 2,MOONSHINE HILL ROAD,,Non-Injury Crash,Yes,2006,,East,,0,,Flat,,,,,,Bright sun,1903713,0,0,0,3,,,0,,,,,,Wellington Region,Nil,2-way,Sealed,,0,0,,100,,Null,0,0,,45,Upper Hutt City,Nil,,,,,0,0,Open,1,,,Fine,Null
1771072,5903851,32509,,523819,0,0,0,1,1,Null,2006/2007,MILL ROAD,REDOUBT ROAD,,Minor Crash,No,2006,0,South,1,0,0,Hill Road,0,Christmas New Year,0,,0,Overcast,760500,1,0,0,2,0,0,0,0,0,,0,0,Auckland Region,Nil,2-way,Sealed,0,0,0,0,100,0,None,0,0,,76,Auckland,Nil,0,0,0,0,0,0,Open,0,0,0,Light rain,Null
1883795,5775617,32510,,540200,0,,0,1,,North,2005/2006,HURATAI ST,NIHORIKI ST,,Minor Crash,No,2006,,South,,0,,Flat,,,,,,Overcast,1223000,1,0,0,2,,,0,,,,,,Bay of Plenty Region,Nil,2-way,Sealed,,0,0,,50,,Null,0,0,,24,Rotorua District,Unknown,,,,,0,0,Urban,0,,,Fine,Null
1801617,5815821,32511,,530100,0,,0,2,,Null,2005/2006,TE AROHA ST,GREY ST,,Non-Injury Crash,No,2006,,West,,0,,Flat,,,,,,Dark,895500,0,0,0,2,,,0,,,,,,Waikato Region,Nil,2-way,Sealed,,0,0,,50,,On,0,0,,16,Hamilton City,Give way,,,,,0,0,Urban,0,,,Fine,Null
1757463,5920711,32512,,514103,0,,0,2,,South,2005/2006,QUEEN ST,SHORTLAND ST,,Minor Crash,No,2006,,South,,0,,Flat,,,,,,Dark,438102,1,0,0,4,,,0,,,,,,Auckland Region,Nil,2-way,Sealed,,0,0,,50,,On,0,0,,76,Auckland,Nil,,,,,0,0,Urban,0,,,Fine,Null
2037393,5708210,32513,,544600,0,,0,1,,East,2005/2006,GLADSTONE ROAD,PEEL ST,,Non-Injury Crash,No,2006,,East,,0,,Flat,,,,,,Bright sun,1371400,0,0,0,2,,,0,,,,,,Gisborne Region,Nil,2-way,Sealed,,0,0,,50,,Null,0,0,,28,Gisborne District,Nil,,,,,0,0,Urban,1,,,Fine,Null
1755099,5932925,32514,,508805,0,,0,2,,South,2005/2006,EAST COAST ROAD,SUNRISE AVENUE,,Non-Injury Crash,No,2006,,North,,0,,Flat,,,,,,Dark,180876,0,0,0,4,,,0,,,,,,Auckland Region,Nil,2-way,Sealed,,0,0,,50,,On,0,0,,76,Auckland,Nil,,,,,0,0,Urban,0,,,Light rain,Null
1789096,5822987,32515,,527912,0,0,0,1,0,North,2005/2006,NGARUAWAHIA ROAD,CRAWFORD ROAD,,Minor Crash,No,2006,0,South,1,0,0,Flat,0,,0,,0,Bright sun,976200,1,0,0,2,0,0,0,0,0,,0,0,Waikato Region,Nil,2-way,Sealed,0,0,0,0,100,0,Null,0,0,,13,Waikato District,Unknown,0,0,0,0,0,0,Open,0,0,0,Fine,Null
1773530,5898862,32516,,523912,0,0,0,0,0,North,2006/2007,MILL ROAD,HAMLIN ROAD,,Non-Injury Crash,No,2006,0,South,0,0,0,Flat,0,,0,,0,Bright sun,765401,0,0,0,2,0,0,0,0,0,,0,1,Auckland Region,Nil,2-way,Sealed,0,0,0,0,100,0,Off,1,0,,76,Auckland,Nil,0,0,0,0,0,0,Open,0,0,0,Fine,Null
1804450,5828370,32517,,527122,0,,0,1,,West,2005/2006,PIAKO ROAD,PUKETAHA ROAD,,Non-Injury Crash,No,2006,,East,,0,,Flat,,,,,,Bright sun,953400,0,0,0,2,,,0,,,,,,Waikato Region,Nil,2-way,Sealed,,0,0,,100,,Null,0,0,,13,Waikato District,Unknown,,,,,0,0,Open,0,,,Fine,Null
1756928,5918440,32518,,515600,0,0,0,1,0,East,2006/2007,SHADDOCK ST,FLOWER ST,,Non-Injury Crash,No,2006,0,West,0,0,0,Flat,0,,0,,0,Bright sun,421200,0,0,0,2,0,0,0,0,1,,0,0,Auckland Region,Nil,2-way,Sealed,0,0,0,0,50,0,Off,0,0,,76,Auckland,Nil,0,0,0,0,1,0,Urban,0,0,0,Fine,Null
1293375,5037959,32519,,609029,0,0,0,1,1,South,2005/2006,CARDRONA VALLEY ROAD,RIVERBANK ROAD,,Minor Crash,No,2006,0,North,0,0,1,Flat,0,,0,,0,Bright sun,3038903,2,0,0,2,0,0,0,0,0,,0,0,Otago Region,Nil,2-way,Sealed,0,0,0,0,100,0,Null,0,0,,70,Queenstown-Lakes District,Unknown,0,0,0,0,0,0,Open,0,0,0,Fine,Null
1777028,5880281,32520,,521160,0,0,0,1,0,North,2006/2007,SH 1N,BEAVER OFF NBD,,Non-Injury Crash,Yes,2006,0,North,0,0,0,Flat,1,,0,,0,Bright sun,828204,0,0,0,2,0,0,0,0,0,,0,0,Auckland Region,Nil,2-way,Sealed,0,0,0,0,100,0,Off,0,0,,76,Auckland,Nil,0,0,0,0,0,0,Open,0,0,0,Fine,Null
1810975,5876711,32521,,533901,0,0,0,1,0,North,2006/2007,FRONT MIRANDA ROAD,SH 25,,Non-Injury Crash,No,2006,1,South,0,0,0,Flat,0,,0,,0,Dark,1068500,0,0,0,2,0,0,0,0,0,,0,0,Waikato Region,Nil,2-way,Sealed,0,0,0,0,100,0,None,0,0,,12,Hauraki District,Nil,0,0,0,0,0,0,Open,0,0,0,Fine,Null
1849701,5806952,32522,,535231,0,0,0,2,0,Null,2005/2006,TE POI ROAD,TE POI ON EBD,,Non-Injury Crash,Yes,2006,0,North,0,0,0,Flat,0,,0,,0,Bright sun,1113700,0,0,0,2,0,0,0,0,0,,0,1,Waikato Region,Nil,2-way,Sealed,0,0,0,0,100,0,Off,0,0,,15,Matamata-Piako District,Nil,0,0,0,0,0,0,Open,0,0,0,Heavy rain,Null
1746226,5918470,32523,,512401,0,,0,2,,Null,2006/2007,EDMONTON ROAD,STRID ROAD,,Non-Injury Crash,No,2006,,West,,0,,Flat,,,,,,Bright sun,255800,0,0,0,2,,,0,,,,,,Auckland Region,Nil,2-way,Sealed,,0,0,,50,,Off,0,0,,76,Auckland,Stop,,,,,0,0,Urban,0,,,Fine,Null
1885380,5695309,32524,,541342,0,,0,0,,East,2005/2006,SH 5,TAHARUA ROAD,,Minor Crash,Yes,2006,,South,,0,,Flat,,,,,,Dark,1280705,1,0,0,2,,,0,,,,,,Bay of Plenty Region,Nil,2-way,Unsealed,,0,0,,100,,On,1,0,30,21,Taupo District,Unknown,,,,,0,0,Open,0,,,Fine,Null
1782299,5884576,32525,,521132,0,,0,1,,West,2006/2007,PAPARATA ROAD,MEDHURST ROAD,,Non-Injury Crash,No,2006,,North,,0,,Hill Road,,,,,,Overcast,815401,0,0,0,2,,,0,,,,,,Auckland Region,Nil,2-way,Sealed,,0,0,,100,,None,0,0,,76,Auckland,Nil,,,,,0,0,Open,1,,,Fine,Null
1277456,5048651,32526,,609029,0,0,0,2,0,West,2006/2007,TREBLE CONE SKIFIELD ROAD,WANAKA-MOUNT ASPIRING ROA,,Minor Crash,No,2006,0,East,0,0,0,Flat,0,,0,,0,Overcast,3038800,1,0,0,1,0,0,0,0,0,1,0,0,Otago Region,Nil,2-way,Unsealed,0,0,0,0,100,0,Null,0,0,,70,Queenstown-Lakes District,Unknown,0,0,0,0,0,0,Open,0,1,0,Light rain,Null
1759085,5916917,32527,,516001,0,,0,2,,North,2006/2007,SH 1N,MARKET OBR,,Non-Injury Crash,Yes,2006,,South,,0,,Flat,,,,,,Bright sun,491200,0,0,0,4,,,0,,,,,,Auckland Region,Nil,1-way,Sealed,,0,0,,100,,Off,0,0,,76,Auckland,Nil,,,,,0,0,Open,0,,,Fine,Null
1804842,5814902,32528,,530600,0,,0,0,,East,2005/2006,NEVADA ROAD,SILVERDALE ROAD,,Non-Injury Crash,No,2006,,East,,0,,Flat,,,,,,Overcast,886600,0,0,0,2,,,0,,,,,,Waikato Region,Nil,2-way,Sealed,,0,0,,50,,Null,0,0,,16,Hamilton City,Unknown,,,,,1,0,Urban,1,,,Light rain,Null
1778834,5900006,32529,,525201,0,,0,1,,North,2005/2006,PAPAKURA-CLEVEDON ROAD,PARISH LINE ROAD,,Non-Injury Crash,No,2006,,West,,0,,Flat,,,,,,Dark,763300,0,0,0,2,,,0,,,,,,Auckland Region,Nil,2-way,Sealed,,0,0,,100,,None,0,0,,76,Auckland,Nil,,,,,0,0,Open,1,,,Fine,Null
1744640,5919803,32530,,513301,0,,0,1,,Null,2005/2006,UNIVERSAL DRIVE,RATHGAR ROAD,,Non-Injury Crash,No,2006,,West,,0,,Flat,,,,,,Twilight,233500,0,0,0,2,,,0,,,,,,Auckland Region,Nil,2-way,Sealed,,0,0,,50,,On,0,0,,76,Auckland,Give way,,,,,0,0,Urban,1,,,Fine,Null
1762205,5913643,32531,,520402,0,,0,0,,South,2006/2007,SH 1N,PENROSE INT S,,Non-Injury Crash,Yes,2006,,South,,0,,Flat,,,,,,Bright sun,642200,0,0,0,3,,,0,,,,,,Auckland Region,Nil,1-way,Sealed,,0,0,,100,,Off,0,0,,76,Auckland,Nil,,,,,0,0,Open,2,,,Fine,Null
1695582,6097594,32532,,501615,0,0,0,2,1,North,2006/2007,HARURU FALLS ROAD,PUKETONA ROAD,,Minor Crash,No,2006,0,West,0,0,0,Hill Road,0,Christmas New Year,0,,0,Dark,50603,3,0,0,2,0,0,0,0,0,,0,0,Northland Region,Nil,2-way,Unsealed,0,0,0,0,80,0,None,0,0,,1,Far North District,Nil,0,0,0,1,0,0,Open,0,0,0,Fine,Null
1804075,5814400,32533,,530700,0,0,0,1,0,West,2006/2007,AURORA TERRACE,MASTERS AVENUE,,Non-Injury Crash,No,2006,0,South,0,0,0,Flat,0,,0,,0,Bright sun,888302,0,0,0,2,0,0,0,0,0,,0,1,Waikato Region,Nil,2-way,Sealed,0,0,0,0,50,0,Null,0,0,,16,Hamilton City,Unknown,0,0,0,0,0,0,Urban,0,0,0,Fine,Null