X,Y,OBJECTID,advisorySpeed,areaUnitID,bicycle,bridge,bus,carStationWagon,cliffBank,crashDirectionDescription,crashFinancialYear,crashLocation1,crashLocation2,crashRoadSideRoad,crashSeverity,crashSHDescription,crashYear,debris,directionRoleDescription,ditch,fatalCount,fence,flatHill,guardRail,holiday,houseOrBuilding,intersection,kerb,light,meshblockId,minorInjuryCount,moped,motorcycle,NumberOfLanes,objectThrownOrDropped,otherObject,otherVehicleType,overBank,parkedVehicle,pedestrian,phoneBoxEtc,postOrPole,region,roadCharacter,roadLane,roadSurface,roadworks,schoolBus,seriousInjuryCount,slipOrFlood,speedLimit,strayAnimal,streetLight,suv,taxi,temporarySpeedLimit,tlaId,tlaName,trafficControl,trafficIsland,trafficSign,train,tree,truck,unknownVehicleType,urban,vanOrUtility,vehicle,waterRiver,weatherA,weatherB
1876628,5820976,32534,,537500,0,0,0,2,0,South,2006/2007,CAMERON ROAD,ST GEORGE ST,,Non-Injury Crash,No,2006,0,North,0,0,0,Flat,0,,0,,0,Overcast,1172600,0,0,0,2,0,0,0,0,1,,0,0,Bay of Plenty Region,Nil,2-way,Sealed,0,0,0,0,50,0,Null,0,0,,23,Tauranga City,Unknown,0,0,0,0,0,0,Urban,0,0,0,Light rain,Null
1731259,5909010,32535,,513800,0,0,0,3,0,South,2006/2007,SEAVIEW ROAD,BEACH VALLEY ROAD,,Non-Injury Crash,No,2006,0,South,0,0,0,Hill Road,0,Labour Weekend,0,,0,Overcast,282013,0,0,0,2,0,0,0,0,1,,0,0,Auckland Region,Nil,2-way,Sealed,0,0,0,0,100,0,None,0,0,,76,Auckland,Nil,0,0,0,0,0,0,Open,0,0,0,Fine,Null
1763485,5910647,32536,,520500,0,,0,1,,West,2005/2006,PORTAGE ROAD,GREAT SOUTH ROAD,,Non-Injury Crash,No,2006,,East,,0,,Flat,,,,,,Overcast,637801,0,0,0,4,,,0,,,,,,Auckland Region,Nil,2-way,Sealed,,0,0,,50,,Off,0,0,,76,Auckland,Nil,,,,,0,0,Urban,1,,,Light rain,Null
1793762,5517221,32537,,561700,0,,0,1,,Null,2005/2006,SH 1N,WHYTE ST,,Serious Crash,Yes,2006,,South,,0,,Flat,,,,,,Bright sun,1781601,1,0,0,2,,,0,,,,,,Manawatū-Whanganui Region,Nil,2-way,Sealed,,0,1,,50,,Null,1,0,,42,Horowhenua District,Stop,,,,,0,0,Urban,0,,,Fine,Null
1753078,5934604,32538,,508704,0,,0,1,,North,2006/2007,SH 1N,OTEHA VALLEY ON SBD,,Non-Injury Crash,Yes,2006,,South,,0,,Flat,,,,,,Overcast,179113,0,0,0,3,,,0,,,,,,Auckland Region,Nil,1-way,Sealed,,0,0,,100,,Off,1,0,,76,Auckland,Nil,,,,,0,0,Open,0,,,Heavy rain,Null
1763560,5439453,32539,,568202,0,0,0,1,0,South,2006/2007,HARCOURT WERRY DRIVE,TAITA DRIVE,,Minor Crash,No,2006,0,North,0,0,1,Flat,0,,0,,0,Dark,1939700,1,0,0,2,0,0,0,0,0,,0,1,Wellington Region,Nil,2-way,Sealed,0,0,0,0,70,0,On,0,0,,46,Lower Hutt City,Nil,0,0,0,1,0,0,Urban,0,0,0,Light rain,Null
1867641,5713216,32540,,541720,0,,0,1,,Null,2005/2006,HEUHEU ST,KAIMANAWA ST,,Non-Injury Crash,No,2006,,East,,0,,Flat,,,,,,Dark,1273700,0,0,0,2,,,0,,,,,,Waikato Region,Nil,2-way,Sealed,,0,0,,50,,On,0,0,,21,Taupo District,Stop,,,,,0,0,Urban,1,,,Fine,Null
1879408,5824447,32541,,538201,0,0,0,2,0,South,2006/2007,GREY ST,SPRING ST,,Non-Injury Crash,No,2006,0,North,0,0,0,Flat,0,,0,,0,Overcast,1164900,0,0,0,2,0,0,0,0,0,,0,0,Bay of Plenty Region,Nil,2-way,Sealed,0,0,0,0,50,0,Off,0,0,,23,Tauranga City,Nil,0,0,0,0,0,0,Urban,0,1,0,Fine,Null
1767571,5904608,32542,,524604,0,,0,2,,South,2005/2006,Z CPK MC DONALDS,RONWOOD AVENUE,,Non-Injury Crash,No,2006,,East,,0,,Hill Road,,,,,,Dark,780204,0,0,0,1,,,0,,,,,,Auckland Region,Nil,Off road,Sealed,,0,0,,30,,On,0,0,,76,Auckland,Nil,,,,,0,0,Urban,0,,,Fine,Null
1757180,5919858,32543,,514103,0,,0,2,,Null,2005/2006,QUEEN ST,MAYORAL DRIVE,,Non-Injury Crash,No,2006,,South,,0,,Hill Road,,,,,,Dark,436100,0,0,0,2,,,0,,,,,,Auckland Region,Nil,2-way,Sealed,,0,0,,50,,On,0,0,,76,Auckland,Traffic Signals,,,,,0,0,Urban,0,,,Fine,Null
1879171,5824468,32544,,538201,1,,0,1,,South,2005/2006,CAMERON ROAD,SPRING ST,,Serious Crash,No,2006,,North,,0,,Flat,,,,,,Bright sun,1164600,0,0,0,4,,,0,,,,,,Bay of Plenty Region,Nil,2-way,Sealed,,0,1,,50,,Null,0,0,,23,Tauranga City,Unknown,,,,,0,0,Urban,0,,,Fine,Null
1752355,5918023,32545,,515001,0,,0,2,,West,2006/2007,SH 16,CARRINGTON OBR,,Non-Injury Crash,Yes,2006,,East,,0,,Flat,,,,,,Bright sun,391601,0,0,0,3,,,0,,,,,,Auckland Region,Nil,1-way,Sealed,,0,0,,100,,Off,0,0,,76,Auckland,Nil,,,,,0,0,Open,0,,,Fine,Null
1561278,5173730,32546,,587848,0,0,0,0,0,North,2006/2007,TOSSWILL ROAD,TRICES ROAD,,Minor Crash,No,2006,0,North,0,0,0,Flat,0,,0,,0,Overcast,2499909,1,0,0,2,0,0,0,0,0,,0,1,Canterbury Region,Nil,2-way,Sealed,0,0,0,0,50,0,Null,0,0,,62,Selwyn District,Unknown,0,0,0,0,0,0,Urban,1,0,0,Light rain,Null
1731071,6025543,32547,,501806,0,0,0,1,1,East,2005/2006,RUAKAKA BEACH ROAD,CAMELLIA AVENUE,,Minor Crash,No,2006,0,North,0,0,0,Flat,0,,0,,0,Dark,79803,1,0,0,2,0,0,0,0,0,,0,0,Northland Region,Nil,2-way,Sealed,0,0,0,0,50,0,On,0,0,,2,Whangarei District,Nil,0,0,0,0,0,0,Urban,0,0,1,Fine,Null
1877118,5822552,32548,,538101,0,0,0,2,0,East,2006/2007,SH 2,CAMBRIDGE ON EBD,,Non-Injury Crash,Yes,2006,0,West,0,0,0,Flat,1,,0,,0,Dark,1169201,0,0,0,4,0,0,0,0,0,,0,0,Bay of Plenty Region,Nil,2-way,Sealed,0,0,0,0,80,0,On,0,0,,23,Tauranga City,Nil,0,0,0,0,0,0,Open,0,0,0,Fine,Null
1867641,5713216,32549,,541720,0,,0,2,,Null,2006/2007,HEUHEU ST,KAIMANAWA ST,,Minor Crash,No,2006,,West,,0,,Flat,,,,,,Dark,1273700,2,0,0,2,,,0,,,,,,Waikato Region,Nil,2-way,Sealed,,0,0,,50,,On,0,0,,21,Taupo District,Stop,,,,,0,0,Urban,0,,,Fine,Null
1765897,5907193,32550,,522301,0,,0,2,,East,2006/2007,EAST TAMAKI ROAD,GREAT SOUTH ROAD,,Minor Crash,No,2006,,West,,0,,Flat,,,,,,Bright sun,667000,1,0,0,4,,,0,,,,,,Auckland Region,Nil,2-way,Sealed,,0,0,,50,,Off,0,1,,76,Auckland,Nil,,,,,0,0,Urban,0,,,Fine,Null
1758818,5905572,32551,,524200,0,0,0,0,0,Null,2006/2007,SH 20A,MONTGOMERIE ROAD,,Non-Injury Crash,Yes,2006,0,East,0,0,1,Flat,0,,0,,0,Overcast,727600,0,0,0,4,0,0,0,0,0,,0,0,Auckland Region,Nil,2-way,Sealed,0,0,0,0,100,0,Off,0,0,,76,Auckland,Traffic Signals,0,0,0,0,1,0,Open,0,0,0,Fine,Null
1766331,5907432,32552,,522302,0,,0,3,,South,2006/2007,SH 1N,EAST TAMAKI OBR,,Minor Crash,Yes,2006,,North,,0,,Flat,,Christmas New Year,,,,Overcast,667700,1,0,0,3,,,0,,,,,,Auckland Region,Nil,1-way,Sealed,,0,0,,100,,Off,0,0,,76,Auckland,Nil,,,,,1,0,Open,0,,,Light rain,Null
1754515,5924786,32553,,510500,1,,0,0,,Null,2006/2007,ONEWA ROAD,PARK AVENUE,,Serious Crash,No,2006,,East,,0,,Flat,,,,,,Bright sun,356002,0,0,0,3,,,0,,,,,,Auckland Region,Nil,2-way,Sealed,,0,1,,50,,Off,1,0,,76,Auckland,Give way,,,,,0,0,Urban,0,,,Fine,Null
1878791,5822801,32554,,538102,0,0,0,1,0,Null,2006/2007,DEVONPORT ROAD,ELEVENTH AVENUE,,Non-Injury Crash,No,2006,0,South,0,0,0,Flat,0,,0,,0,Bright sun,1167101,0,0,0,2,1,0,0,0,0,,0,0,Bay of Plenty Region,Nil,2-way,Sealed,0,0,0,0,50,0,Off,0,0,,23,Tauranga City,Give way,0,0,0,0,0,0,Urban,0,0,0,Fine,Null
1679880,5404076,32555,,581230,0,,0,1,,Null,2005/2006,ALFRED ST,RUSSELL TERRACE,,Serious Crash,No,2006,,East,,0,,Flat,,,,,,Dark,2297700,1,0,0,2,,,0,,,,,,Marlborough Region,Nil,2-way,Sealed,,0,1,,50,,On,0,0,,53,Marlborough District,Give way,,,,,1,0,Urban,0,,,Light rain,Null
1749812,5918018,32556,,514801,0,,0,3,,East,2006/2007,SH 16,ROSEBANK OFF WBD,,Minor Crash,Yes,2006,,West,,0,,Flat,,,,,,Overcast,390401,1,0,0,3,,,0,,,,,,Auckland Region,Nil,1-way,Sealed,,0,0,,100,,Off,0,0,,76,Auckland,Nil,,,,,0,0,Open,0,,,Fine,Null
1741495,5927224,32557,,513701,0,,0,2,,East,2005/2006,SH 16,COATESVILLE-RIVERHEAD HIG,,Non-Injury Crash,Yes,2006,,East,,0,,Flat,,,,,,Overcast,220100,0,0,0,3,,,0,,,,,,Auckland Region,Nil,2-way,Sealed,,0,0,,80,,None,1,0,,76,Auckland,Nil,,,,,0,0,Open,0,,,Light rain,Null
1882857,5826479,32558,,536821,0,,0,2,,West,2005/2006,HEWLETTS ROAD,NEWTON ST,,Non-Injury Crash,No,2006,,East,,0,,Flat,,,,,,Twilight,1204100,0,0,0,4,,,0,,,,,,Bay of Plenty Region,Nil,2-way,Sealed,,0,0,,50,,On,0,0,,23,Tauranga City,Give way,,,,,0,0,Urban,0,,,Fine,Null
1770463,5904569,32559,,523820,0,,0,1,,Null,2006/2007,MURPHYS ROAD,REDOUBT ROAD,,Non-Injury Crash,No,2006,,South,,0,,Hill Road,,,,,,Bright sun,760000,0,0,0,2,,,0,,,,,,Auckland Region,Nil,2-way,Sealed,,0,0,,80,,Off,0,0,,76,Auckland,Stop,,,,,0,0,Open,1,,,Fine,Null
1753329,5914804,32560,,518801,0,,0,3,,East,2006/2007,STODDARD ROAD,RICHARDSON ROAD,,Non-Injury Crash,No,2006,,West,,0,,Flat,,,,,,Overcast,578400,0,0,0,3,,,0,,,,,,Auckland Region,Nil,2-way,Sealed,,0,0,,50,,Off,0,0,,76,Auckland,Nil,,,,,0,0,Urban,0,,,Fine,Null
1877278,5821584,32561,,538101,0,0,0,1,0,South,2006/2007,CAMERON ROAD,TWENTYFIRST AVENUE,,Non-Injury Crash,No,2006,0,South,0,0,0,Flat,0,,0,,1,Overcast,1169700,0,0,0,2,0,0,0,0,0,,1,0,Bay of Plenty Region,Nil,2-way,Sealed,0,0,0,0,50,0,Null,0,0,,23,Tauranga City,Unknown,0,0,0,0,0,0,Urban,0,0,0,Fine,Null
1743895,5919518,32562,,513212,0,,0,1,,Null,2005/2006,UNIVERSAL DRIVE,MEADOWCROFT WAY,,Minor Crash,No,2006,,West,,0,,Flat,,,,,,Overcast,235600,1,0,1,2,,,0,,,,,,Auckland Region,Nil,2-way,Sealed,,0,0,,50,,Off,0,0,,76,Auckland,Give way,,,,,0,0,Urban,0,,,Fine,Null
1755563,5920138,32563,,515302,0,,0,1,,South,2005/2006,PONSONBY ROAD,SUMMER ST,,Minor Crash,No,2006,,North,,0,,Flat,,,,,,Bright sun,430800,1,1,0,4,,,0,,,,,,Auckland Region,Nil,2-way,Sealed,,0,0,,50,,Off,0,0,,76,Auckland,Nil,,,,,0,0,Urban,0,,,Fine,Null
1800021,5819318,32564,,529401,1,,0,1,,North,2005/2006,HERBERT ROAD,QUEENWOOD AVENUE,,Minor Crash,No,2006,,South,,0,,Flat,,,,,,Bright sun,879200,1,0,0,2,,,0,,,,,,Waikato Region,Nil,2-way,Sealed,,0,0,,50,,Null,0,0,,16,Hamilton City,Unknown,,,,,0,0,Urban,0,,,Fine,Null
1748905,5429292,32565,,572900,0,,0,1,,North,2005/2006,MOLESWORTH ST,LITTLE PIPITEA ST,,Non-Injury Crash,No,2006,,West,,0,,Flat,,,,,,Overcast,2119600,0,0,0,2,,,0,,,,,,Wellington Region,Nil,1-way,Sealed,,0,0,,50,,Null,1,0,,47,Wellington City,Nil,,,,,0,0,Urban,0,,,Fine,Null
1745277,5919486,32566,,513301,0,,0,2,,North,2006/2007,LINCOLN ROAD,TE PAI PLACE,,Non-Injury Crash,No,2006,,North,,0,,Flat,,,,,,Bright sun,232001,0,0,0,5,,,0,,,,,,Auckland Region,Nil,2-way,Sealed,,0,0,,50,,Off,0,0,,76,Auckland,Nil,,,,,0,0,Urban,0,,,Fine,Null
1779240,5876840,32567,,521131,0,0,0,1,0,South,2005/2006,SH 1N,POKENO OFF SBD,,Non-Injury Crash,Yes,2006,0,South,0,0,0,Flat,1,,0,,0,Bright sun,842101,0,0,0,2,0,0,0,0,0,,0,0,Waikato Region,Nil,2-way,Sealed,0,0,0,0,100,0,None,0,0,,13,Waikato District,Nil,0,0,0,0,0,0,Open,0,0,0,Fine,Null
1950297,5775896,32568,55,542562,0,0,0,1,0,North,2005/2006,REID ROAD,CROSS ROAD,,Minor Crash,No,2006,0,South,0,0,1,Flat,0,,0,,0,Dark,1299300,2,0,0,2,0,0,0,0,0,,0,1,Bay of Plenty Region,Nil,2-way,Sealed,0,0,0,0,100,0,None,0,0,,25,Whakatane District,Unknown,0,0,0,0,0,0,Open,0,0,0,Fine,Null
1717828,6051177,32569,,502102,0,,0,2,,Null,2006/2007,MCINNES AVENUE,OGLE CRESCENT,,Non-Injury Crash,No,2006,,North,,0,,Hill Road,,,,,,Overcast,83300,0,0,0,2,,,0,,,,,,Northland Region,Nil,2-way,Sealed,,0,0,,50,,Null,0,0,,2,Whangarei District,Nil,,,,,0,0,Urban,0,,,Fine,Null
1758144,5917809,32570,,515700,0,,0,2,,South,2005/2006,SH 1N,MOUNTAIN OBR,,Non-Injury Crash,Yes,2006,,South,,0,,Flat,,,,,,Dark,443300,0,0,0,4,,,0,,,,,,Auckland Region,Nil,2-way,Sealed,,0,0,,80,,On,0,0,,76,Auckland,Nil,,,,,0,0,Open,0,,,Fine,Null
1800839,5814129,32571,,529100,0,,0,2,,Null,2006/2007,PEMBROKE ST,RUAKIWI ROAD,,Non-Injury Crash,No,2006,,North,,0,,Flat,,,,,,Overcast,931300,0,0,0,2,,,0,,,,,,Waikato Region,Nil,2-way,Sealed,,0,0,,50,,Null,0,0,,16,Hamilton City,Give way,,,,,0,0,Urban,0,,,Heavy rain,Null
1817384,5804359,32572,,527501,0,,0,2,,Null,2005/2006,KING ST,BOWEN ST,,Minor Crash,No,2006,,West,,0,,Flat,,,,,,Overcast,962100,1,0,0,2,,,0,,,,,,Waikato Region,Nil,2-way,Sealed,,0,0,,50,,Null,0,0,,17,Waipa District,Give way,,,,,0,0,Urban,0,,,Light rain,Null
1770375,5576719,32573,,555800,0,,1,1,,North,2005/2006,POLSON ST,CROSS ST,,Non-Injury Crash,No,2006,,North,,0,,Flat,,,,,,Bright sun,1714300,0,0,0,2,,,0,,,,,,Manawatū-Whanganui Region,Nil,2-way,Sealed,,0,0,,50,,Null,0,0,,37,Whanganui District,Nil,,,,,0,0,Urban,0,,,Fine,Null
1760649,5914903,32574,,520202,0,,0,2,,Null,2005/2006,GREAT SOUTH ROAD,WAIOHUA ROAD,,Non-Injury Crash,No,2006,,North,,0,,Flat,,,,,,Overcast,611600,0,0,0,4,,,0,,,,,,Auckland Region,Nil,2-way,Sealed,,0,0,,50,,Off,0,0,,76,Auckland,Give way,,,,,0,0,Urban,0,,,Light rain,Null
1788248,5856885,32575,,527210,0,,0,2,,Null,2005/2006,SH 1N,TE KAUWHATA ROAD,,Minor Crash,Yes,2006,,South,,0,,Flat,,,,,,Dark,936001,1,0,0,2,,,0,,,,,,Waikato Region,Nil,2-way,Sealed,,0,0,,100,,Off,0,0,,13,Waikato District,Give way,,,,,0,0,Open,0,,,Mist or Fog,Null
1881246,5828769,32576,,536810,0,,0,0,,Null,2005/2006,TAWA ST,PURIRI ST,,Minor Crash,No,2006,,South,,0,,Flat,,,,,,Dark,1202902,3,0,2,2,,,0,,,,,,Bay of Plenty Region,Nil,2-way,Sealed,,0,0,,50,,On,0,0,,23,Tauranga City,Give way,,,,,0,0,Urban,0,,,Fine,Null
1748014,5919310,32577,,514801,0,0,0,1,0,East,2006/2007,SH 16,TE ATATU ON EBD E,,Non-Injury Crash,Yes,2006,0,East,0,0,0,Flat,0,,0,,0,Bright sun,389300,0,0,0,3,0,0,0,1,0,,0,0,,Nil,1-way,Sealed,0,0,0,0,100,0,Off,0,0,,76,Auckland,Nil,0,0,0,0,0,0,Open,0,0,1,Fine,Null
1246736,4846237,32578,,611900,0,0,0,1,0,East,2005/2006,GORGE ROAD-INVERCARGILL H,ROCKDALE ROAD,,Serious Crash,No,2006,0,West,1,0,0,Flat,0,,0,,0,Dark,3153900,0,0,0,2,0,0,0,0,0,,0,0,Southland Region,Nil,2-way,Sealed,0,0,2,0,100,0,On,0,0,,75,Invercargill City,Unknown,0,0,0,0,0,0,Open,0,0,0,Heavy rain,Strong wind
1764970,5914764,32579,,520301,0,,0,2,,South,2005/2006,JELLICOE ROAD,PANMURE ROUNDABOUT,,Non-Injury Crash,No,2006,,North,,0,,Flat,,,,,,Overcast,628300,0,0,0,2,,,0,,,,,,Auckland Region,Nil,2-way,Sealed,,0,0,,50,,None,0,0,,76,Auckland,Traffic Signals,,,,,0,0,Urban,0,,,Light rain,Null
1837716,5587949,32580,,559220,0,,0,1,,South,2005/2006,SH 1N,MANGARERE ROAD,,Serious Crash,Yes,2006,,South,,0,,Hill Road,,,,,,Dark,1748400,0,0,0,2,,,0,,,,,,Manawatū-Whanganui Region,Nil,2-way,Sealed,,0,1,,100,,None,0,0,,38,Rangitikei District,Nil,,,,,1,0,Open,0,,,Fine,Null
1799944,5773721,32581,,531304,0,0,0,2,0,East,2006/2007,SH 3,KIO KIO STATION ROAD,,Minor Crash,Yes,2006,0,West,0,0,1,Flat,0,,0,,0,Bright sun,1000600,4,0,0,2,0,0,0,0,0,,0,0,Waikato Region,Nil,2-way,Sealed,0,0,0,0,100,0,Null,0,0,,18,Ōtorohanga District,Unknown,0,0,0,0,0,0,Open,0,0,0,Fine,Null
1792016,5814881,32582,,527913,0,0,0,1,1,Null,2006/2007,SH 23,BOWMAN ROAD,,Minor Crash,Yes,2006,0,East,0,0,0,Hill Road,0,,0,,0,Overcast,978200,1,0,0,2,0,0,0,0,0,,0,0,Waikato Region,Nil,2-way,Sealed,0,0,0,0,100,0,Null,0,0,,13,Waikato District,Give way,0,0,0,0,0,0,Open,0,0,0,Mist or Fog,Null
1744668,5974346,32583,,506661,0,0,0,1,0,Null,2006/2007,KRAACK ROAD,SH 1N,,Non-Injury Crash,Yes,2006,0,North,0,0,1,Hill Road,0,,0,,0,Bright sun,139000,0,0,0,2,0,0,0,0,0,,0,0,Auckland Region,Nil,2-way,Sealed,0,0,0,0,100,0,None,0,0,,76,Auckland,Nil,0,0,0,0,0,0,Open,0,0,0,Fine,Null
1841696,5854954,32584,55,534200,0,0,0,0,1,South,2005/2006,SH 2,SCHOOL ROAD E,,Non-Injury Crash,Yes,2006,0,West,0,0,0,Flat,0,,0,,0,Dark,1076300,0,0,0,2,0,0,0,0,0,,0,0,Waikato Region,Nil,2-way,Sealed,0,0,0,0,80,0,None,0,0,,12,Hauraki District,Nil,0,0,0,0,1,0,Open,1,0,0,Fine,Null
1762375,5913308,32585,,520500,0,0,0,0,0,South,2006/2007,SH 1N,PENROSE OBR,,Non-Injury Crash,Yes,2006,0,North,0,0,0,Flat,1,,0,,0,Overcast,637200,0,0,0,3,0,0,0,0,0,,0,0,Auckland Region,Nil,1-way,Sealed,0,0,0,0,100,0,On,1,0,,76,Auckland,Nil,0,0,0,0,0,0,Open,0,0,0,Heavy rain,Null
1757803,5918199,32586,,515700,0,,0,3,,North,2005/2006,SH 1N,GILLIES OFF SBD,,Minor Crash,Yes,2006,,South,,0,,Flat,,,,,,Dark,443200,1,0,0,6,,,0,,,,,,Auckland Region,Nil,2-way,Sealed,,0,0,,80,,On,0,0,,76,Auckland,Nil,,,,,0,0,Open,0,,,Fine,Null
1751043,5933022,32587,,508807,0,,0,2,,Null,2005/2006,ALBANY HIGHWAY,BASS ROAD,,Minor Crash,No,2006,,South,,0,,Flat,,,,,,Bright sun,180201,1,0,0,2,,,0,,,,,,Auckland Region,Nil,2-way,Sealed,,0,0,,50,,Null,0,0,,76,Auckland,Give way,,,,,0,0,Urban,0,,,Fine,Null
1243498,4850091,32588,,611100,0,,0,1,,Null,2005/2006,QUEENS DRIVE,YARROW ST,,Minor Crash,No,2006,,East,,0,,Flat,,,,,,Bright sun,3135100,1,0,0,5,,,0,,,,,,Southland Region,Nil,2-way,Sealed,,0,0,,50,,Null,0,0,,75,Invercargill City,Traffic Signals,,,,,0,0,Urban,1,,,Fine,Null
1750542,5930930,32589,,509100,0,0,0,1,0,Null,2006/2007,SCHNAPPER ROCK ROAD,ABERLEY ROAD,,Non-Injury Crash,No,2006,0,North,0,0,0,Flat,0,,0,,0,Dark,180901,0,0,0,2,0,1,0,0,0,,0,0,Auckland Region,Nil,2-way,Sealed,0,0,0,0,50,0,On,0,0,,76,Auckland,Give way,0,0,0,0,0,0,Urban,0,0,0,Fine,Null
1842023,5680660,32590,,541000,0,0,0,0,0,North,2005/2006,PUATAATA ROAD,SH 41,,Non-Injury Crash,No,2006,0,North,0,0,0,Flat,0,,0,,0,Dark,1286900,0,0,0,2,0,0,0,0,0,,0,1,Waikato Region,Nil,2-way,Sealed,0,0,0,0,50,0,On,1,0,,21,Taupo District,Unknown,0,0,0,1,0,0,Urban,0,0,0,Fine,Null
1758479,5918247,32591,,517400,0,,0,1,,South,2006/2007,BROADWAY,KHYBER PASS ROAD,,Non-Injury Crash,No,2006,,South,,0,,Flat,,,,,,Overcast,451100,0,0,0,2,,,0,,,1,,,Auckland Region,Nil,2-way,Sealed,,0,0,,50,,Off,0,0,,76,Auckland,Nil,,,,,0,0,Urban,0,,,Light rain,Null
1770565,5910774,32592,,523109,0,0,0,1,0,South,2006/2007,CHAPEL ROAD,TI RAKAU DRIVE,,Minor Crash,No,2006,0,South,0,0,1,Flat,0,,0,,0,Overcast,712010,1,0,0,2,0,0,0,0,0,,0,1,Auckland Region,Nil,2-way,Sealed,0,0,0,0,70,0,Off,0,0,,76,Auckland,Nil,0,0,0,0,0,0,Urban,0,0,0,Fine,Null
1378619,4903774,32593,,602500,0,0,0,1,1,South,2005/2006,SH 1S,HENLEY-BERWICK ROAD,,Serious Crash,Yes,2006,0,South,1,0,1,Flat,0,Christmas New Year,0,,0,Overcast,2975500,1,0,0,2,0,0,0,0,0,,0,0,Otago Region,Nil,2-way,Sealed,0,0,1,0,100,0,Null,0,0,,71,Dunedin City,Unknown,0,0,0,0,0,0,Open,0,0,0,Fine,Null
1745457,5917277,32594,,510700,0,0,0,1,0,North,2006/2007,RATANUI ST,GREAT NORTH ROAD,,Non-Injury Crash,No,2006,0,North,0,0,0,Flat,0,,0,,0,Bright sun,239900,0,0,0,2,0,0,0,0,0,,0,0,Auckland Region,Nil,2-way,Sealed,0,0,0,0,50,0,Off,1,0,,76,Auckland,Nil,0,0,0,0,0,0,Urban,0,1,0,Fine,Null
1857559,5803741,32595,,535231,0,,0,0,,West,2005/2006,SH 29,SUMMIT LOOKOUT,,Non-Injury Crash,Yes,2006,,West,,0,,Hill Road,,,,,,Bright sun,1113900,0,0,1,3,,,0,,,,,,Waikato Region,Nil,2-way,Sealed,,0,0,,100,,None,0,0,,15,Matamata-Piako District,Nil,,,,,0,0,Open,0,,,Fine,Null
1753968,5945427,32596,,505907,0,,0,1,,Null,2006/2007,WHANGAPARAOA ROAD,DOYLY DRIVE,,Non-Injury Crash,No,2006,,South,,0,,Hill Road,,,,,,Overcast,173407,0,0,0,2,,,0,,,,,,Auckland Region,Nil,2-way,Sealed,,0,0,,60,,Off,1,0,,76,Auckland,Stop,,,,,0,0,Urban,0,,,Heavy rain,Null
1572883,5180289,32597,,593501,0,,0,2,,Null,2005/2006,GLOUCESTER ST,TANCRED ST,,Minor Crash,No,2006,,West,,0,,Flat,,,,,,Twilight,2610300,1,0,0,2,,,0,,,,,,Canterbury Region,Nil,2-way,Sealed,,0,0,,50,,On,0,0,,60,Christchurch City,Stop,,,,,0,0,Urban,0,,,Fine,Null
1903443,5566724,32598,,549500,0,0,0,1,0,Null,2005/2006,SH 2,NORTHUMBERLAND ST,,Non-Injury Crash,Yes,2006,0,West,0,0,0,Flat,0,Easter,0,,0,Bright sun,1520900,0,0,0,2,0,0,0,0,0,,0,1,Hawke's Bay Region,Nil,2-way,Sealed,0,0,0,0,50,0,Null,0,0,,32,Central Hawke's Bay District,Nil,0,0,0,0,0,0,Urban,0,0,0,Fine,Null
1803578,5802628,32599,,527915,0,,0,1,,North,2005/2006,SH 3,DOUCH ROAD,,Fatal Crash,Yes,2006,,North,,1,,Flat,,,,,,Bright sun,985000,0,0,0,2,,,0,,,,,,Waikato Region,Nil,2-way,Sealed,,0,0,,100,,None,0,0,,17,Waipa District,Nil,,,,,1,0,Open,0,,,Mist or Fog,Null
1800074,5815871,32600,,529700,0,,0,2,,South,2006/2007,TRISTRAM ST,LIVERPOOL ST,,Minor Crash,No,2006,,South,,0,,Flat,,,,,,Overcast,910000,1,0,0,2,,,0,,,,,,Waikato Region,Nil,2-way,Sealed,,0,0,,50,,Off,0,0,,16,Hamilton City,Nil,,,,,0,0,Urban,0,,,Fine,Null
1263924,5005793,32601,,608700,0,0,0,0,0,Null,2005/2006,SH 6,AIRPORT ROAD,,Minor Crash,Yes,2006,0,South,0,0,0,Flat,0,,0,,0,Overcast,3038305,1,0,0,2,0,0,0,0,0,,0,1,Otago Region,Nil,2-way,Sealed,0,0,0,0,80,0,Null,1,0,,70,Queenstown-Lakes District,Give way,0,0,0,0,0,0,Open,1,0,0,Fine,Null
1757131,5927047,32602,,507900,0,,0,2,,Null,2006/2007,TAHAROTO ROAD,DOMINION ST,,Non-Injury Crash,No,2006,,North,,0,,Flat,,,,,,Bright sun,304800,0,0,0,5,,,0,,,,,,Auckland Region,Nil,2-way,Sealed,,0,0,,50,,Off,0,0,,76,Auckland,Traffic Signals,,,,,0,0,Urban,0,,,Fine,Null
1801288,5812968,32603,,530400,0,,0,2,,East,2006/2007,BADER ST,SH3 ON RAMP,,Non-Injury Crash,No,2006,,West,,0,,Flat,,,,,,Overcast,922300,0,0,0,2,,,0,,,,,,Waikato Region,Nil,2-way,Sealed,,0,0,,50,,Off,0,0,,16,Hamilton City,Nil,,,,,0,0,Urban,0,,,Fine,Null
1729865,6031123,32604,,501811,0,0,0,1,0,North,2005/2006,ONE TREE POINT ROAD,SH 15A,,Minor Crash,No,2006,0,South,1,0,0,Flat,0,,0,,0,Dark,78900,1,0,0,2,0,0,0,0,0,,0,1,Northland Region,Nil,2-way,Sealed,0,0,0,0,100,0,None,0,0,,2,Whangarei District,Nil,0,0,0,0,0,0,Open,0,0,0,Heavy rain,Null