X,Y,OBJECTID,advisorySpeed,areaUnitID,bicycle,bridge,bus,carStationWagon,cliffBank,crashDirectionDescription,crashFinancialYear,crashLocation1,crashLocation2,crashRoadSideRoad,crashSeverity,crashSHDescription,crashYear,debris,directionRoleDescription,ditch,fatalCount,fence,flatHill,guardRail,holiday,houseOrBuilding,intersection,kerb,light,meshblockId,minorInjuryCount,moped,motorcycle,NumberOfLanes,objectThrownOrDropped,otherObject,otherVehicleType,overBank,parkedVehicle,pedestrian,phoneBoxEtc,postOrPole,region,roadCharacter,roadLane,roadSurface,roadworks,schoolBus,seriousInjuryCount,slipOrFlood,speedLimit,strayAnimal,streetLight,suv,taxi,temporarySpeedLimit,tlaId,tlaName,trafficControl,trafficIsland,trafficSign,train,tree,truck,unknownVehicleType,urban,vanOrUtility,vehicle,waterRiver,weatherA,weatherB
1755014,5913726,32605,,518803,0,0,0,1,0,South,2005/2006,DOMINION ROAD,DENBIGH AVENUE,,Non-Injury Crash,No,2006,0,North,0,0,0,Flat,0,,0,,0,Bright sun,581700,0,0,0,2,0,0,0,0,0,,0,0,Auckland Region,Nil,2-way,Sealed,0,0,0,0,50,0,Null,0,0,,76,Auckland,Give way,1,1,0,0,0,0,Urban,0,0,0,Fine,Null
1766842,5462532,32606,,566302,0,0,0,1,1,South,2005/2006,SH 1N,WATERFALL ROAD,,Serious Crash,Yes,2006,0,South,0,0,0,Flat,0,,0,,0,Dark,2010100,0,0,0,2,0,0,0,0,0,,0,0,Wellington Region,Nil,1-way,Sealed,0,0,2,0,100,0,Off,1,0,,43,Kapiti Coast District,Nil,0,0,0,0,1,0,Open,0,0,0,Heavy rain,Null
1724970,6030999,32607,,501811,0,0,0,0,0,South,2005/2006,SH 1N,COTTON ROAD,,Non-Injury Crash,Yes,2006,0,South,1,0,0,Flat,0,,0,,0,Dark,78601,0,0,0,2,0,0,0,0,0,,0,0,Northland Region,Nil,2-way,Sealed,0,0,0,0,100,0,None,0,0,,2,Whangarei District,Nil,0,0,0,0,1,0,Open,0,0,0,Fine,Null
1758935,5913204,32608,,519820,0,,0,2,,Null,2006/2007,MOUNT SMART ROAD,ONEHUNGA MALL,,Non-Injury Crash,No,2006,,East,,0,,Flat,,,,,,Bright sun,599100,0,0,0,4,,,0,,,,,,Auckland Region,Nil,2-way,Sealed,,0,0,,50,,Off,0,0,,76,Auckland,Traffic Signals,,,,,0,0,Urban,0,,,Fine,Null
1766331,5903435,32609,,524604,0,,0,2,,Null,2005/2006,WIRI STATION ROAD,PLUNKET AVENUE,,Minor Crash,No,2006,,East,,0,,Flat,,,,,,Overcast,780210,1,0,0,4,,,0,,,,,,Auckland Region,Nil,2-way,Sealed,,0,0,,70,,Off,0,0,,76,Auckland,Give way,,,,,0,0,Urban,0,,,Fine,Null
1848351,5764489,32610,,535262,0,0,0,1,0,North,2005/2006,OLD TAUPO ROAD,MARAETAI ROAD,,Non-Injury Crash,No,2006,0,North,0,0,1,Flat,0,,0,,0,Bright sun,1151102,0,0,0,2,0,0,0,0,0,,0,0,Waikato Region,Nil,2-way,Sealed,0,0,0,0,100,0,Null,0,0,,19,South Waikato District,Unknown,0,0,0,0,0,0,Open,0,0,0,Fine,Null
1749964,5914060,32611,,511303,0,,0,1,,Null,2005/2006,GREAT NORTH ROAD,MEMORIAL DRIVE W,,Serious Crash,No,2006,,West,,0,,Flat,,,,,,Dark,266000,0,0,0,4,,,0,,,1,,,Auckland Region,Nil,2-way,Sealed,,0,1,,50,,On,0,0,,76,Auckland,Traffic Signals,,,,,0,0,Urban,0,,,Light rain,Null
1855270,5758262,32612,,535262,0,,0,1,,South,2006/2007,SH 1N,MATARAWA ROAD,,Non-Injury Crash,Yes,2006,,South,,0,,Flat,,,,,,Bright sun,1152800,0,0,0,2,,,0,,,,,,Waikato Region,Nil,2-way,Sealed,,0,0,,100,,None,0,0,,19,South Waikato District,Nil,,,,,0,0,Open,0,,,Fine,Null
1754788,5920874,32613,,515301,0,,0,2,,Null,2006/2007,JERVOIS ROAD,SENTINEL ROAD,,Non-Injury Crash,No,2006,,West,,0,,Flat,,,,,,Dark,427600,0,0,0,4,,,0,,,,,,Auckland Region,Nil,2-way,Sealed,,0,0,,50,,On,0,0,,76,Auckland,Nil,,,,,0,0,Urban,0,,,Fine,Null
1568677,5180384,32614,,591600,0,,0,3,,Null,2006/2007,RICCARTON AVENUE,DEANS AVENUE,,Minor Crash,No,2006,,West,,0,,Flat,,,,,,Bright sun,2678800,1,0,0,2,,,0,,,,,,Canterbury Region,Nil,2-way,Sealed,,0,0,,50,,Null,0,0,,60,Christchurch City,Give way,,,,,0,0,Urban,0,,,Fine,Null
1763989,5868220,32615,,526701,0,,0,1,,West,2005/2006,KOHANGA ROAD,MUIR ROAD,,Fatal Crash,No,2006,,East,,1,,Hill Road,,,,,,Dark,845600,0,0,0,2,,,0,,,1,,,Waikato Region,Nil,2-way,Sealed,,0,0,,100,,None,0,0,,13,Waikato District,Nil,,,,,0,0,Open,0,,,Fine,Null
1763732,5913378,32616,,520402,0,0,0,1,0,North,2006/2007,MOUNT WELLINGTON HIGHWAY,HAMLIN ROAD,,Fatal Crash,No,2006,0,South,0,1,0,Flat,0,,0,,0,Dark,640300,3,0,0,4,0,0,0,0,0,,0,1,Auckland Region,Nil,2-way,Sealed,0,0,0,0,50,0,On,0,0,,76,Auckland,Nil,0,0,0,0,0,0,Urban,0,0,0,Fine,Null
1710073,5617086,32617,,554020,0,,0,1,,Null,2005/2006,HIGH ST,UNION ST,,Non-Injury Crash,No,2006,,West,,0,,Flat,,,,,,Overcast,1643700,0,0,0,2,,,0,,,,,,Taranaki Region,Nil,2-way,Sealed,,0,0,,50,,Null,1,0,,35,South Taranaki District,Give way,,,,,0,0,Urban,0,,,Heavy rain,Null
1836375,5646261,32618,,554900,0,,0,1,,South,2006/2007,SH 1N,TUKINO ACCESS,,Minor Crash,Yes,2006,,North,,0,,Flat,,,,,,Twilight,1289002,1,0,0,2,,,0,,,,,,Manawatū-Whanganui Region,Nil,2-way,Sealed,,0,0,,100,,None,1,0,,36,Ruapehu District,Nil,,,,,0,0,Open,0,,,Fine,Null
1913771,5576332,32619,35,549602,0,0,0,0,0,Null,2006/2007,ELSTHORPE ROAD,EVAN ROAD,,Serious Crash,No,2006,0,East,1,0,0,Flat,0,,0,,0,Bright sun,1523200,0,0,2,2,0,0,0,0,0,,0,0,Hawke's Bay Region,Nil,2-way,Sealed,0,0,2,0,100,0,Null,0,0,,32,Central Hawke's Bay District,Nil,0,1,0,1,0,0,Open,0,0,0,Fine,Null
1757630,5913580,32620,,518702,0,,0,4,,West,2006/2007,MOUNT ALBERT ROAD,PAH ROAD,,Minor Crash,No,2006,,East,,0,,Flat,,,,,,Dark,567600,2,0,0,4,,,0,,,,,,Auckland Region,Nil,2-way,Sealed,,0,0,,50,,On,0,0,,76,Auckland,Traffic Signals,,,,,0,0,Urban,0,,,Light rain,Null
1679022,5403062,32621,,581240,0,,0,1,,Null,2005/2006,ELTHAM ROAD,BREWER ST,,Minor Crash,No,2006,,West,,0,,Flat,,,,,,Bright sun,2301300,1,0,0,2,,,0,,,1,,,Marlborough Region,Nil,2-way,Sealed,,0,0,,50,,Null,0,0,,53,Marlborough District,Nil,,,,,0,0,Urban,0,,,Fine,Null
1749748,5430513,32622,,574500,0,0,0,1,0,South,2006/2007,SH 1N,AOTEA ON NBD,,Non-Injury Crash,Yes,2006,0,North,0,0,0,Flat,1,,0,,0,Dark,2093600,0,0,0,3,0,0,0,0,0,,0,0,Wellington Region,Nil,2-way,Sealed,0,0,0,0,100,0,None,0,0,,47,Wellington City,Nil,0,0,0,0,0,0,Open,0,0,0,Fine,Null
1768578,5883300,32623,,521111,0,,0,2,,North,2006/2007,SH 22,ADAMS DRIVE,,Serious Crash,Yes,2006,,North,,0,,Flat,,,,,,Overcast,826602,1,0,0,2,,,0,,,,,,Auckland Region,Nil,2-way,Sealed,,0,2,,70,,Null,1,0,,76,Auckland,Unknown,,,,,0,0,Urban,0,,,Light rain,Null
1715347,5613752,32624,65,554111,0,1,0,1,0,West,2005/2006,SH 3,HUNTS ROAD,,Minor Crash,Yes,2006,0,East,0,0,0,Hill Road,0,,0,,0,Overcast,1650500,2,0,0,2,0,0,0,0,0,,0,0,Taranaki Region,Nil,2-way,Sealed,0,0,0,0,100,0,Null,0,0,,35,South Taranaki District,Nil,0,0,0,0,0,0,Open,1,0,0,Light rain,Null
1756471,5924378,32625,65,509702,0,,0,2,,North,2006/2007,ONEWA ROAD,ONEWA OFF SBD,,Minor Crash,No,2006,,South,,0,,Hill Road,,,,,,Dark,366700,1,0,0,2,,,0,,,,,,Auckland Region,Nil,2-way,Sealed,,0,0,,100,,On,0,0,,76,Auckland,Nil,,,,,0,0,Open,0,,,Light rain,Null
1908932,5674694,32626,35,545911,0,,0,1,,South,2006/2007,SH 5,POHOKURA ROAD EAST,,Serious Crash,Yes,2006,,West,,0,,Hill Road,,,,,,Overcast,1281200,2,0,0,2,,,0,,,,,,Hawke's Bay Region,Nil,2-way,Sealed,,0,1,,100,,Null,1,0,,30,Hastings District,Nil,,,,,0,0,Open,0,,,Light rain,Null
1932704,5618793,32627,,547002,0,0,0,2,0,South,2006/2007,WYNYARD CRESCENT,ARNEY PLACE,,Non-Injury Crash,No,2006,0,East,0,0,0,Flat,0,,0,,0,Dark,1454500,0,0,0,2,0,0,0,0,1,,0,0,Hawke's Bay Region,Nil,2-way,Sealed,0,0,0,0,50,0,On,0,0,,31,Napier City,Nil,0,0,0,0,0,0,Urban,0,0,0,Fine,Null
1751748,5926819,32628,,510210,0,,0,1,,Null,2006/2007,BIRKDALE ROAD,LEVESQUE ST,,Serious Crash,No,2006,,North,,0,,Flat,,,,,,Twilight,347300,0,0,1,2,,,0,,,,,,Auckland Region,Nil,2-way,Sealed,,0,1,,50,,On,0,0,,76,Auckland,Give way,,,,,0,0,Urban,0,,,Fine,Null
1568169,5180332,32629,,590701,0,,0,1,,Null,2005/2006,RICCARTON ROAD,MANDEVILLE ST,,Minor Crash,No,2006,,West,,0,,Flat,,,,,,Overcast,2472304,1,1,0,2,,,0,,,,,,Canterbury Region,Nil,2-way,Sealed,,0,0,,50,,Null,0,0,,60,Christchurch City,Give way,,,,,0,0,Urban,1,,,Fine,Null
1767445,5907653,32630,,523502,0,0,0,1,0,East,2005/2006,EAST TAMAKI ROAD,FERGUSON ROAD,,Minor Crash,No,2006,0,East,0,0,0,Hill Road,0,,0,,0,Dark,701900,2,0,0,4,0,0,0,0,0,,0,0,Auckland Region,Nil,2-way,Sealed,0,0,0,0,60,0,On,0,0,,76,Auckland,Nil,1,0,0,1,0,0,Urban,0,0,0,Heavy rain,Null
1839704,5806764,32631,,535242,0,0,0,0,0,West,2006/2007,PUKETUTU ROAD,MATAI ROAD,,Minor Crash,No,2006,0,West,0,0,0,Flat,0,,0,,0,Dark,1116300,1,0,0,2,0,0,0,0,0,,0,0,Waikato Region,Nil,2-way,Sealed,0,0,0,0,100,0,None,1,0,,15,Matamata-Piako District,Nil,0,0,0,1,0,0,Open,0,0,0,Fine,Null
1748121,5427873,32632,,575300,0,0,0,3,0,South,2006/2007,KELBURN PARADE,SALAMANCA ROAD,,Non-Injury Crash,No,2006,0,South,0,0,0,Hill Road,0,,0,,0,Dark,2154200,0,0,0,2,0,0,0,0,2,,0,0,Wellington Region,Nil,2-way,Sealed,0,0,0,0,50,0,On,0,0,,47,Wellington City,Nil,0,0,0,0,0,0,Urban,0,0,0,Fine,Null
1571883,5192759,32633,,590604,0,0,0,1,0,North,2006/2007,MAIN NORTH ROAD,KAINGA ROAD,,Serious Crash,No,2006,0,North,0,0,0,Flat,1,,0,,1,Dark,2502900,0,0,0,2,0,0,0,0,0,,0,1,Canterbury Region,Bridge,2-way,Sealed,0,0,1,0,80,0,On,0,0,,60,Christchurch City,Unknown,0,0,0,0,0,0,Open,0,0,0,Fine,Null
1762326,5913395,32634,,520500,0,,0,3,,South,2005/2006,SH 1N,PENROSE OBR,,Minor Crash,Yes,2006,,North,,0,,Flat,,,,,,Dark,637100,4,0,0,3,,,0,,,,,,Auckland Region,Nil,1-way,Sealed,,0,0,,100,,On,0,0,,76,Auckland,Nil,,,,,0,0,Open,0,,,Fine,Null
1814222,5569235,32635,,559220,0,,0,0,,South,2005/2006,SH 1N,TE HOUHOU ROAD,,Fatal Crash,Yes,2006,,North,,1,,Flat,,,,,,Bright sun,1730000,3,0,0,2,,,0,,,,,,Manawatū-Whanganui Region,Nil,2-way,Sealed,,0,2,,100,,Null,0,0,,38,Rangitikei District,Nil,,,,,2,0,Open,1,,,Fine,Null
1738684,5931327,32636,,506653,0,,0,0,,North,2005/2006,OLD NORTH ROAD,PINETONE ROAD,,Minor Crash,No,2006,,North,,0,,Hill Road,,,,,,Overcast,217000,2,0,1,2,,,0,,,,,,Auckland Region,Nil,2-way,Sealed,,0,0,,100,,None,0,0,,76,Auckland,Nil,,,,,0,0,Open,0,,,Fine,Null
1770486,5473814,32637,,563701,0,,0,0,,South,2006/2007,WEGGERY DRIVE,FLAXMERE ST,,Minor Crash,No,2006,,South,,0,,Flat,,,,,,Bright sun,1874819,1,0,0,2,,,0,,,,,,Wellington Region,Nil,2-way,Sealed,,0,0,,50,,Null,1,0,,43,Kapiti Coast District,Nil,,,,,1,0,Urban,0,,,Fine,Null
1788248,5856885,32638,,527210,0,,0,0,,Null,2006/2007,SH 1N,TE KAUWHATA ROAD,,Non-Injury Crash,Yes,2006,,South,,0,,Flat,,,,,,Overcast,936001,0,0,0,3,,,0,,,,,,Waikato Region,Nil,2-way,Sealed,,0,0,,100,,Null,0,0,,13,Waikato District,Give way,,,,,1,0,Open,1,,,Light rain,Null
1772706,5896112,32639,,525410,0,,0,2,,Null,2006/2007,EAST ST,WOOD ST,,Minor Crash,No,2006,,West,,0,,Flat,,,,,,Twilight,792202,1,0,0,2,,,0,,,,,,Auckland Region,Nil,2-way,Sealed,,0,0,,50,,On,0,0,,76,Auckland,Stop,,,,,0,0,Urban,0,,,Fine,Null
1752170,5932473,32640,,508807,0,,0,3,,East,2006/2007,ROSEDALE ROAD,BUSH ROAD,,Non-Injury Crash,No,2006,,West,,0,,Flat,,,,,,Overcast,180810,0,0,0,4,,,0,,,,,,Auckland Region,Nil,2-way,Sealed,,0,0,,50,,Off,0,0,,76,Auckland,Traffic Signals,,,,,0,0,Urban,0,,,Light rain,Null
1749029,5424646,32641,,576400,0,,0,2,,Null,2005/2006,RIDDIFORD ST,GORDON ST,,Minor Crash,No,2006,,North,,0,,Flat,,,,,,Overcast,2168700,1,0,0,2,,,0,,,,,,Wellington Region,Nil,2-way,Sealed,,0,0,,50,,Null,0,0,,47,Wellington City,Give way,,,,,0,0,Urban,0,,,Fine,Null
1771913,5898515,32642,,523912,0,,0,1,,North,2006/2007,PORCHESTER ROAD,MARENGO PARKWAY,,Minor Crash,No,2006,,South,,0,,Flat,,,,,,Overcast,767400,1,0,0,2,,,0,,,1,,,Auckland Region,Nil,2-way,Sealed,,0,0,,50,,Off,0,0,,76,Auckland,Nil,,,,,0,0,Urban,0,,,Fine,Null
1935937,5621185,32643,,546901,1,,0,1,,East,2005/2006,CARLYLE ST,FARADAY ST,,Minor Crash,No,2006,,West,,0,,Flat,,,,,,Overcast,1429000,1,0,0,2,,,0,,,,,,Hawke's Bay Region,Nil,2-way,Sealed,,0,0,,50,,Null,0,0,,31,Napier City,Nil,,,,,0,0,Urban,0,,,Fine,Null
1756407,5927189,32644,,507900,0,,0,2,,South,2005/2006,SH 1N,NORTHCOTE OBR,,Non-Injury Crash,Yes,2006,,South,,0,,Hill Road,,,,,,Bright sun,303502,0,0,0,3,,,0,,,,,,Auckland Region,Nil,1-way,Sealed,,0,0,,80,,Off,0,0,,76,Auckland,Nil,,,,,0,0,Open,0,,,Light rain,Null
1793171,5826499,32645,75,527123,0,0,0,1,0,South,2006/2007,RIVER ROAD,SMITH ROAD,,Minor Crash,No,2006,0,South,0,0,0,Hill Road,0,,0,,0,Dark,952900,1,0,0,2,0,0,0,0,0,,0,1,Waikato Region,Nil,2-way,Sealed,0,0,0,0,100,0,None,0,0,,13,Waikato District,Unknown,0,0,0,0,0,0,Open,0,0,0,Light rain,Null
1885187,5773635,32646,,540420,0,,0,1,,East,2006/2007,Z CPK PAK N SAVE,FENTON ST,,Serious Crash,No,2006,,South,,0,,Flat,,,,,,Bright sun,1236600,0,0,0,0,,,0,,,1,,,Bay of Plenty Region,Nil,Off road,Sealed,,0,1,,30,,Null,0,0,,24,Rotorua District,Unknown,,,,,0,0,Urban,0,,,Fine,Null
1750233,5424369,32647,,576901,0,,0,1,,South,2006/2007,BAY ROAD,RONGOTAI ROAD,,Minor Crash,No,2006,,South,,0,,Flat,,,,,,Bright sun,2178300,1,0,0,2,,,0,,,1,,,Wellington Region,Nil,2-way,Sealed,,0,0,,50,,Null,0,0,,47,Wellington City,Nil,,,,,0,0,Urban,0,,,Fine,Null
1803621,5815327,32648,,530500,0,0,0,2,0,South,2005/2006,KNIGHTON ROAD,GREENSBORO ST,,Non-Injury Crash,No,2006,0,North,0,0,0,Flat,0,,0,,1,Dark,890500,0,0,0,2,0,0,0,0,1,,0,0,Waikato Region,Nil,2-way,Sealed,0,0,0,0,50,0,On,0,0,,16,Hamilton City,Unknown,0,0,0,0,0,0,Urban,0,0,0,Fine,Null
1411853,4916586,32649,,604810,0,0,0,1,0,South,2006/2007,PORTOBELLO ROAD,SUNNYBRAE ROAD,,Minor Crash,No,2006,0,South,0,0,0,Flat,0,,0,,0,Overcast,2940800,1,0,0,2,0,0,0,1,0,,0,0,Otago Region,Nil,2-way,Sealed,0,0,0,0,70,0,Null,0,0,,71,Dunedin City,Unknown,0,0,0,0,0,0,Urban,0,0,1,Light rain,Null
1790030,5878835,32650,,521135,0,,0,1,,East,2005/2006,MANGATAWHIRI ROAD,BELL ROAD,,Serious Crash,No,2006,,East,,0,,Hill Road,,,,,,Overcast,841600,0,0,0,3,,,0,,,,,,Waikato Region,Nil,2-way,Sealed,,0,1,,100,,None,0,0,,13,Waikato District,Nil,,,,,0,0,Open,0,,,Fine,Null
1405009,4916016,32651,,604120,0,0,0,1,0,North,2006/2007,QUEENS DRIVE,HIGH ST,,Serious Crash,No,2006,0,South,0,0,0,Hill Road,0,,0,,0,Dark,2922200,1,0,0,2,0,0,0,1,0,,0,0,Otago Region,Nil,2-way,Sealed,0,0,1,0,50,0,On,0,0,,71,Dunedin City,Unknown,0,0,0,1,0,0,Urban,0,0,0,Fine,Null
1565352,5174087,32652,,587846,0,,0,1,,Null,2005/2006,SH 75 HALSWELL,SPARKS ROAD,,Serious Crash,Yes,2006,,West,,0,,Flat,,,,,,Bright sun,2484613,0,0,0,2,,,0,,,,,,Canterbury Region,Nil,2-way,Sealed,,0,1,,60,,Null,0,0,,60,Christchurch City,Traffic Signals,,,,,1,0,Urban,0,,,Fine,Null
1824473,5468327,32653,,578302,0,0,0,1,0,North,2005/2006,SH 2,WILLOW PARK DRIVE,,Minor Crash,Yes,2006,0,South,0,0,1,Flat,0,,0,,0,Overcast,2253502,1,0,0,2,0,0,0,0,0,,0,0,Wellington Region,Nil,2-way,Sealed,0,0,0,0,100,0,Null,0,0,,48,Masterton District,Nil,0,0,0,0,0,0,Open,0,0,0,Light rain,Strong wind
1781553,5878869,32654,,521135,0,,0,1,,East,2006/2007,SH 2,MCPHERSON ROAD,,Non-Injury Crash,Yes,2006,,East,,0,,Flat,,Christmas New Year,,,,Overcast,841900,0,0,0,2,,,0,,,,,,Waikato Region,Nil,2-way,Sealed,,0,0,,100,,None,1,0,,13,Waikato District,Nil,,,,,0,0,Open,0,,,Heavy rain,Null
1754959,5448319,32655,,570400,0,,0,1,,Null,2005/2006,DIMOCK ST,PAENUI ST,,Minor Crash,No,2006,,North,,0,,Hill Road,,,,,,Overcast,2044400,1,0,0,2,,,0,,,,,,Wellington Region,Nil,2-way,Sealed,,0,0,,50,,Null,0,0,,44,Porirua City,Give way,,,,,0,0,Urban,1,,,Fine,Null
1749669,5913089,32656,,511401,0,,0,2,,South,2006/2007,HUTCHINSON AVENUE,CRAIGBANK AVENUE,,Minor Crash,No,2006,,North,,0,,Hill Road,,,,,,Bright sun,264400,2,0,0,2,,,0,,,,,,Auckland Region,Nil,2-way,Sealed,,0,0,,50,,Off,0,0,,76,Auckland,Nil,,,,,0,0,Urban,0,,,Fine,Null
1806957,5651112,32657,45,532601,0,,0,0,,Null,2005/2006,SH 4,MAKATOTE BR,,Minor Crash,Yes,2006,,North,,0,,Hill Road,,,,,,Overcast,1025400,1,0,0,2,,,0,,,,,,Manawatū-Whanganui Region,Nil,2-way,Sealed,,0,0,,100,,Null,1,0,,36,Ruapehu District,Nil,,,,,0,0,Open,0,,,Light rain,Null
1609979,5425696,32658,,581836,0,0,0,1,0,North,2005/2006,RIVER ROAD,WAIMEA WEST ROAD,,Non-Injury Crash,No,2006,0,North,0,0,1,Flat,0,,0,,0,Bright sun,2356700,0,0,0,2,0,0,0,0,0,,0,0,Tasman Region,Nil,2-way,Sealed,0,0,0,0,100,0,Null,0,0,,51,Tasman District,Nil,0,0,0,0,0,0,Open,0,0,0,Fine,Null
1754327,5919376,32659,,515431,0,,0,1,,South,2005/2006,RICHMOND ROAD,HAKANOA ST,,Non-Injury Crash,No,2006,,North,,0,,Flat,,,,,,Dark,403000,0,0,0,2,,,0,,,,,,Auckland Region,Nil,2-way,Sealed,,0,0,,50,,On,1,0,,76,Auckland,Unknown,,,,,0,0,Urban,0,,,Fine,Null
1801408,5813374,32660,35,529100,0,0,0,1,1,South,2006/2007,SH 1N,COBHAM DRIVE,,Serious Crash,Yes,2006,0,North,0,0,0,Flat,1,,0,,0,Dark,932400,0,0,0,2,0,0,0,0,0,,0,0,Waikato Region,Nil,2-way,Sealed,0,0,1,0,60,0,On,0,0,,16,Hamilton City,Nil,0,0,0,0,0,0,Urban,0,0,0,Fine,Null
1751906,5874982,32661,,521153,0,,0,1,,Null,2006/2007,CONSTABLE ROAD,BUTCHERS BRIDGE ROAD,,Non-Injury Crash,No,2006,,South,,0,,Flat,,,,,,Bright sun,831800,0,0,0,2,,,0,,,,,,Auckland Region,Nil,2-way,Sealed,,0,0,,100,,Off,1,0,,76,Auckland,Give way,,,,,0,0,Open,0,,,Fine,Null
1812753,5567771,32662,,559220,0,,0,3,,North,2005/2006,SH 1N,JEFFERSONS LINE,,Minor Crash,Yes,2006,,South,,0,,Flat,,Easter,,,,Bright sun,1730000,1,0,0,2,,,0,,,,,,Manawatū-Whanganui Region,Nil,2-way,Sealed,,0,0,,100,,Null,0,0,,38,Rangitikei District,Nil,,,,,0,0,Open,0,,,Fine,Null
1880753,5829323,32663,,536810,0,,0,0,,Null,2006/2007,SALISBURY AVENUE,THE MALL,,Serious Crash,No,2006,,West,,0,,Flat,,,,,,Bright sun,1202600,0,0,0,2,,,0,,,1,,,Bay of Plenty Region,Nil,2-way,Sealed,,0,1,,50,,Null,1,0,,23,Tauranga City,Nil,,,,,0,0,Urban,0,,,Fine,Null
1882212,5826468,32664,,536821,0,,0,1,,East,2006/2007,SH 2,MARU ST,,Non-Injury Crash,Yes,2006,,East,,0,,Flat,,,,,,Bright sun,1204000,0,0,0,4,,,0,,,,,,Bay of Plenty Region,Nil,2-way,Sealed,,0,0,,70,,Null,1,0,,23,Tauranga City,Unknown,,,,,0,0,Urban,0,,,Fine,Null
1754966,5445443,32665,,571502,0,0,0,2,0,South,2005/2006,SH 1N,WHITFORD BROWN AVENUE,,Minor Crash,Yes,2006,0,South,0,0,0,Flat,0,,0,,0,Bright sun,2056639,3,0,0,2,0,0,0,0,0,,0,0,Wellington Region,Nil,1-way,Sealed,0,0,0,0,100,0,Null,0,0,,44,Porirua City,Nil,0,0,0,0,0,0,Open,0,0,1,Fine,Null
1680421,6024043,32666,,504502,1,,0,0,,South,2005/2006,SH 14,AWAKINO POINT EAST ROAD,,Minor Crash,Yes,2006,,North,,0,,Flat,,,,,,Twilight,120100,1,0,0,2,,,0,,,,,,Northland Region,Nil,2-way,Sealed,,0,0,,100,,None,1,0,,3,Kaipara District,Nil,,,,,0,0,Open,0,,,Fine,Null
1879051,5822655,32667,,538102,0,,0,2,,Null,2006/2007,ELEVENTH AVENUE,FRASER ST,,Non-Injury Crash,No,2006,,South,,0,,Flat,,Christmas New Year,,,,Bright sun,1167401,0,0,0,2,,,0,,,,,,Bay of Plenty Region,Nil,2-way,Sealed,,0,0,,50,,Off,0,0,,23,Tauranga City,Give way,,,,,0,0,Urban,0,,,Fine,Null
1798049,5818884,32668,,528403,0,,0,1,,North,2005/2006,VICKERY ST,BRYANT ROAD,,Non-Injury Crash,No,2006,,North,,0,,Flat,,,,,,Bright sun,907800,0,0,0,2,,,0,,,,,,Waikato Region,Nil,2-way,Sealed,,0,0,,50,,Null,0,0,,16,Hamilton City,Unknown,,,,,0,0,Urban,1,,,Fine,Null
1932478,5601620,32669,,548810,0,0,0,1,0,Null,2005/2006,TE AUTE ROAD,PORTER DRIVE,,Non-Injury Crash,No,2006,0,South,0,0,0,Flat,0,,0,,0,Overcast,1505700,0,0,0,2,0,0,0,0,0,,0,1,Hawke's Bay Region,Nil,2-way,Sealed,0,0,0,0,50,0,Null,0,0,,30,Hastings District,Give way,0,0,0,0,0,0,Urban,0,0,0,Fine,Null
1747210,5940403,32670,25,506300,0,0,0,1,1,South,2006/2007,DAIRY STREAM ROAD,POSTMAN ROAD,,Minor Crash,No,2006,0,West,0,0,0,Flat,0,,0,,0,Bright sun,175904,1,0,0,1,0,0,0,0,0,,0,0,Auckland Region,Nil,2-way,Sealed,0,0,0,0,100,0,None,0,0,,76,Auckland,Nil,0,0,0,0,0,0,Open,0,0,0,Fine,Null
1757580,5913245,32671,,518702,0,0,0,1,0,North,2006/2007,PAH ROAD,TRAFALGAR ST,,Minor Crash,No,2006,0,South,0,0,0,Flat,0,,0,,0,Dark,567800,2,0,0,2,0,0,0,0,0,,0,1,Auckland Region,Nil,2-way,Sealed,0,0,0,0,50,0,On,0,0,,76,Auckland,Nil,0,0,0,0,0,0,Urban,0,0,0,Fine,Null
1772147,5444512,32672,,567700,0,0,0,1,0,Null,2006/2007,WILLIAM BOOTH GROVE,MIRO ST,,Non-Injury Crash,No,2006,0,South,0,0,1,Flat,0,,0,,0,Overcast,1894704,0,0,0,2,0,0,0,0,0,,0,0,Wellington Region,Nil,2-way,Sealed,0,0,0,0,50,0,Null,0,0,,45,Upper Hutt City,Nil,0,0,0,0,0,0,Urban,0,0,0,Light rain,Null
1688025,5354991,32673,,580801,0,0,0,1,1,South,2005/2006,SH 1S,WHARANUI BEACH ROAD,,Minor Crash,Yes,2006,0,North,0,0,0,Hill Road,0,Christmas New Year,0,,0,Bright sun,2310600,2,0,0,2,0,0,0,0,0,,0,0,Marlborough Region,Nil,2-way,Sealed,0,0,0,0,100,0,Null,0,0,,53,Marlborough District,Nil,0,0,0,0,0,0,Open,0,0,0,Fine,Null
1755613,5924637,32674,,509800,0,,0,2,,Null,2006/2007,ONEWA ROAD,QUEEN ST,,Non-Injury Crash,No,2006,,East,,0,,Flat,,,,,,Dark,360300,0,0,0,3,,,0,,,,,,Auckland Region,Nil,2-way,Sealed,,0,0,,50,,On,0,0,,76,Auckland,Traffic Signals,,,,,0,0,Urban,0,,,Light rain,Null