X,Y,OBJECTID,advisorySpeed,areaUnitID,bicycle,bridge,bus,carStationWagon,cliffBank,crashDirectionDescription,crashFinancialYear,crashLocation1,crashLocation2,crashRoadSideRoad,crashSeverity,crashSHDescription,crashYear,debris,directionRoleDescription,ditch,fatalCount,fence,flatHill,guardRail,holiday,houseOrBuilding,intersection,kerb,light,meshblockId,minorInjuryCount,moped,motorcycle,NumberOfLanes,objectThrownOrDropped,otherObject,otherVehicleType,overBank,parkedVehicle,pedestrian,phoneBoxEtc,postOrPole,region,roadCharacter,roadLane,roadSurface,roadworks,schoolBus,seriousInjuryCount,slipOrFlood,speedLimit,strayAnimal,streetLight,suv,taxi,temporarySpeedLimit,tlaId,tlaName,trafficControl,trafficIsland,trafficSign,train,tree,truck,unknownVehicleType,urban,vanOrUtility,vehicle,waterRiver,weatherA,weatherB
1771522,5881678,32675,,521111,0,,0,1,,East,2006/2007,PUKEKOHE EAST ROAD,BELGIUM ROAD,,Serious Crash,No,2006,,East,,0,,Hill Road,,,,,,Bright sun,827001,0,1,0,3,,,0,,,,,,Auckland Region,Nil,2-way,Sealed,,0,1,,100,,None,0,0,,76,Auckland,Nil,,,,,0,0,Open,0,,,Fine,Null
1909350,5673512,32676,,545911,0,,0,2,,South,2005/2006,SH 5,TARAWERA TAV,,Non-Injury Crash,Yes,2006,,North,,0,,Flat,,,,,,Overcast,1281200,0,0,0,2,,,0,,,,,,Hawke's Bay Region,Nil,2-way,Sealed,,0,0,,100,,Null,0,0,,30,Hastings District,Nil,,,,,0,0,Open,0,,,Snow,Null
1752720,5918513,32677,,515002,0,,0,1,,Null,2005/2006,MOA ROAD,TUI ST,,Minor Crash,No,2006,,East,,0,,Flat,,,,,,Bright sun,396400,1,0,0,2,,,0,,,,,,Auckland Region,Nil,2-way,Sealed,,0,0,,50,,Off,1,0,,76,Auckland,Stop,,,,,0,0,Urban,1,,,Fine,Null
1901409,5567292,32678,,549602,0,0,0,1,0,West,2005/2006,SH 2,DOUGLAS ROAD,,Non-Injury Crash,Yes,2006,0,West,0,0,0,Flat,0,,0,,0,Dark,1523900,0,0,0,2,0,0,0,0,0,,0,0,Hawke's Bay Region,Nil,2-way,Sealed,0,0,0,0,100,0,None,0,0,,32,Central Hawke's Bay District,Nil,0,0,0,0,0,0,Open,0,0,0,Fine,Null
1577926,5214079,32679,,585803,0,0,0,1,0,North,2006/2007,SH 1S,ASHWORTHS BEACH ROAD,,Serious Crash,Yes,2006,0,North,0,0,1,Flat,0,,0,,0,Dark,2439803,0,0,0,2,0,0,0,0,0,,0,0,Canterbury Region,Nil,2-way,Sealed,0,0,1,0,100,0,None,0,0,,58,Hurunui District,Nil,0,0,0,0,0,0,Open,0,0,0,Fine,Null
1829252,5740624,32680,,541320,0,0,0,0,1,South,2006/2007,SH 30,ROPIHA ROAD,,Minor Crash,Yes,2006,0,North,0,0,0,Hill Road,0,,0,,0,Dark,1291800,2,0,0,2,0,0,0,0,0,,0,0,Waikato Region,Nil,2-way,Sealed,0,0,0,0,100,0,None,1,0,,21,Taupo District,Unknown,0,0,0,0,0,0,Open,0,0,0,Fine,Null
1867641,5713216,32681,,541720,0,0,0,1,0,Null,2005/2006,HEUHEU ST,KAIMANAWA ST,,Minor Crash,No,2006,0,South,0,0,0,Flat,0,,0,,0,Overcast,1273700,1,0,0,2,0,0,0,0,0,,0,1,Waikato Region,Nil,2-way,Sealed,0,0,0,0,50,0,Null,0,0,,21,Taupo District,Stop,0,0,0,0,0,0,Urban,1,0,0,Light rain,Null
1801844,5814959,32682,,530200,0,,0,1,,Null,2006/2007,BRIDGE ST,GREY ST,,Non-Injury Crash,No,2006,,East,,0,,Hill Road,,Christmas New Year,,,,Overcast,892800,0,0,0,3,,,0,,,,,,Waikato Region,Nil,2-way,Sealed,,0,0,,50,,Off,1,0,,16,Hamilton City,Traffic Signals,,,,,0,0,Urban,0,,,Fine,Null
1775203,5575934,32683,,558100,0,0,0,2,0,Null,2005/2006,SH 3,WIKITORIA ROAD,,Fatal Crash,Yes,2006,0,East,0,1,1,Flat,0,,0,,0,Overcast,1688700,0,0,0,2,0,0,0,0,0,,0,0,Manawatū-Whanganui Region,Nil,2-way,Sealed,0,0,1,0,80,0,Null,0,0,,37,Whanganui District,Stop,0,0,0,0,0,0,Open,0,0,0,Fine,Null
1764289,5914632,32684,,520303,0,,0,2,,South,2006/2007,MOUNT WELLINGTON HIGHWAY,ELLERSLIE-PANMURE HIGHWAY,,Non-Injury Crash,No,2006,,North,,0,,Flat,,,,,,Bright sun,627400,0,0,0,2,,,0,,,,,,Auckland Region,Nil,2-way,Sealed,,0,0,,50,,Off,0,0,,76,Auckland,Give way,,,,,0,0,Urban,0,,,Fine,Null
1756986,5920329,32685,,514102,0,0,0,3,0,South,2006/2007,HOBSON ST,WELLESLEY ST WEST,,Minor Crash,No,2006,0,South,0,0,0,Hill Road,0,,0,,0,Bright sun,434200,1,0,0,4,0,0,0,0,2,,0,0,Auckland Region,Nil,1-way,Sealed,0,0,0,0,50,0,Off,0,0,,76,Auckland,Traffic Signals,0,0,0,0,0,0,Urban,0,0,0,Fine,Null
1896361,5795495,32686,,536654,0,0,0,1,1,North,2006/2007,SH 33,ROTORUA BDY,,Minor Crash,Yes,2006,0,North,0,0,0,Hill Road,0,Christmas New Year,0,,0,Dark,1212500,1,0,0,2,0,0,0,0,0,,0,0,Bay of Plenty Region,Nil,2-way,Sealed,0,0,0,0,100,0,None,0,0,,22,Western Bay of Plenty District,Unknown,0,0,0,0,0,0,Open,0,0,0,Light rain,Null
1798389,5815896,32687,,528900,0,,0,1,,Null,2006/2007,SH 1N,NORTON ROAD,,Non-Injury Crash,Yes,2006,,North,,0,,Flat,,,,,,Bright sun,915400,0,0,0,4,,,0,,,,,,Waikato Region,Nil,2-way,Sealed,,0,0,,60,,Off,0,0,,16,Hamilton City,Traffic Signals,,,,,0,0,Urban,1,,,Fine,Null
1460899,5082061,32688,,599700,0,,0,0,,North,2006/2007,VICTORIA ST,HEATON ST,,Minor Crash,No,2006,,South,,0,,Flat,,,,,,Bright sun,2799300,1,0,0,2,,,0,,,1,,,Canterbury Region,Nil,2-way,Sealed,,0,0,,50,,Null,1,0,,64,Timaru District,Unknown,,,,,0,0,Urban,0,,,Fine,Null
1933145,5604612,32689,,545721,0,0,0,1,0,North,2005/2006,ST GEORGES ROAD,CROSSES ROAD,,Minor Crash,No,2006,0,North,0,0,0,Flat,0,,0,,0,Dark,1473100,1,0,0,2,0,0,0,0,0,,0,1,Hawke's Bay Region,Nil,2-way,Sealed,0,0,0,0,100,0,None,0,0,,30,Hastings District,Nil,0,0,0,0,0,0,Open,0,0,0,Fine,Null
1760367,5907046,32690,,524111,0,,1,1,,West,2005/2006,BADER DRIVE,MASCOT AVENUE,,Non-Injury Crash,No,2006,,West,,0,,Flat,,,,,,Bright sun,740500,0,0,0,2,,,0,,,,,,Auckland Region,Nil,2-way,Sealed,,0,0,,50,,Off,0,0,,76,Auckland,Nil,,,,,0,0,Urban,0,,,Fine,Null
1878637,5823103,32691,,538201,0,,0,1,,South,2005/2006,CAMERON ROAD,TENTH AVENUE,,Non-Injury Crash,No,2006,,South,,0,,Flat,,,,,,Bright sun,1166600,0,0,0,2,,,0,,,,,,Bay of Plenty Region,Nil,2-way,Sealed,,0,0,,50,,Null,0,0,,23,Tauranga City,Unknown,,,,,0,0,Urban,1,,,Fine,Null
1745145,5924363,32692,,513522,0,0,1,2,0,South,2006/2007,LUCKENS ROAD,SH 18,,Non-Injury Crash,No,2006,0,North,0,0,0,Flat,0,,0,,0,Bright sun,224130,0,0,0,2,0,0,0,0,1,,0,0,Auckland Region,Nil,2-way,Sealed,0,0,0,0,50,0,Off,0,0,,76,Auckland,Nil,0,0,0,0,0,0,Urban,0,0,0,Fine,Null
1752791,5918105,32693,,515003,0,,0,3,,East,2005/2006,SH 16,CARRINGTON OBR,,Non-Injury Crash,Yes,2006,,West,,0,,Flat,,,,,,Bright sun,390600,0,0,0,3,,,0,,,,,,Auckland Region,Nil,1-way,Sealed,,0,0,,100,,Off,1,0,,76,Auckland,Nil,,,,,0,0,Open,0,,,Fine,Null
1920916,5781829,32694,,542540,0,,0,1,,West,2005/2006,SH 30,SH 34,,Serious Crash,Yes,2006,,East,,0,,Flat,,,,,,Bright sun,1326002,1,0,0,2,,,0,,,,,,Bay of Plenty Region,Nil,2-way,Sealed,,0,1,,100,,Null,0,0,,25,Whakatane District,Unknown,,,,,0,0,Open,1,,,Fine,Frost
1760425,5907477,32695,,524112,0,0,0,1,0,West,2005/2006,SH 20,BADER OBR,,Minor Crash,Yes,2006,0,West,0,0,0,Flat,1,,0,,0,Overcast,737500,1,0,0,1,0,0,0,0,0,,0,0,Auckland Region,Nil,1-way,Sealed,0,0,0,0,100,0,Off,0,0,,76,Auckland,Nil,0,0,0,0,0,0,Open,0,0,0,Heavy rain,Null
1802628,5561304,32696,,559500,0,,0,2,,Null,2005/2006,ROSS ST,BEAVEN ST,,Non-Injury Crash,No,2006,,North,,0,,Flat,,,,,,Overcast,1736900,0,0,0,2,,,0,,,,,,Manawatū-Whanganui Region,Nil,2-way,Sealed,,0,0,,50,,Null,0,0,,38,Rangitikei District,Give way,,,,,0,0,Urban,0,,,Fine,Null
1761516,5913747,32697,,519500,0,,0,1,,Null,2005/2006,STATION ROAD,WALLS ROAD,,Non-Injury Crash,No,2006,,North,,0,,Flat,,,,,,Bright sun,621400,0,0,0,4,,,0,,,,,,Auckland Region,Nil,2-way,Sealed,,0,0,,50,,Null,1,0,,76,Auckland,Traffic Signals,,,,,0,0,Urban,0,,,Fine,Null
1755000,5929384,32698,,508420,0,,0,2,,Null,2006/2007,TARGET ROAD,LINK DRIVE,,Non-Injury Crash,No,2006,,North,,0,,Flat,,,,,,Bright sun,183800,0,0,0,2,,,0,,,,,,Auckland Region,Nil,2-way,Sealed,,0,0,,50,,Off,0,0,,76,Auckland,Traffic Signals,,,,,0,0,Urban,0,,,Fine,Null
1756086,5924528,32699,,509800,0,,0,2,,West,2005/2006,ONEWA ROAD,SYLVAN AVENUE,,Non-Injury Crash,No,2006,,East,,0,,Hill Road,,,,,,Overcast,360900,0,0,0,2,,,0,,,,,,Auckland Region,Nil,2-way,Sealed,,0,0,,50,,Null,0,0,,76,Auckland,Unknown,,,,,1,0,Urban,0,,,Heavy rain,Null
1759575,5906334,32700,,524200,0,0,0,4,0,South,2005/2006,WESTNEY ROAD,KIRKBRIDE ROAD,,Minor Crash,No,2006,0,North,0,0,0,Flat,0,,0,,0,Dark,727400,1,0,0,2,0,0,0,0,1,,0,0,Auckland Region,Nil,2-way,Sealed,0,0,0,0,50,0,On,0,0,,76,Auckland,Nil,0,0,0,0,0,0,Urban,0,0,0,Fine,Null
1683188,6012218,32701,,504400,0,,0,2,,North,2006/2007,POUTO ROAD,CLEAN ST,,Non-Injury Crash,No,2006,,North,,0,,Flat,,,,,,Twilight,125400,0,0,0,2,,,0,,,,,,Northland Region,Nil,2-way,Sealed,,0,0,,50,,None,0,0,,3,Kaipara District,Nil,,,,,0,0,Urban,0,,,Light rain,Null
1753383,5933235,32702,,508804,0,0,0,1,0,Null,2005/2006,GREVILLE ROAD,GREVILLE ON SBD,,Non-Injury Crash,No,2006,0,East,0,0,0,Flat,1,,0,,0,Bright sun,180605,0,0,0,4,0,0,0,0,0,,0,0,Auckland Region,Nil,2-way,Sealed,0,0,0,0,50,0,Off,0,0,,76,Auckland,Give way,0,1,0,0,0,0,Urban,0,0,0,Fine,Null
1767544,5899197,32703,,525101,0,0,0,1,0,North,2005/2006,SOUTHVIEW PLACE,MAHIA ROAD,,Non-Injury Crash,No,2006,0,East,0,0,0,Flat,0,,0,,0,Bright sun,772907,0,0,0,2,0,0,0,0,1,,0,0,Auckland Region,Nil,2-way,Sealed,0,0,0,0,50,0,Off,0,0,,76,Auckland,Nil,0,0,0,0,0,0,Urban,1,0,0,Fine,Null
1800098,5819086,32704,,529401,0,,1,0,,East,2005/2006,COMRIES ROAD,HERBERT ROAD,,Serious Crash,No,2006,,West,,0,,Flat,,,,,,Overcast,879400,0,0,0,2,,,0,,,1,,,Waikato Region,Nil,2-way,Sealed,,0,1,,50,,Null,0,0,,16,Hamilton City,Give way,,,,,0,0,Urban,0,,,Fine,Null
1841993,5784195,32705,,535250,0,0,0,1,0,East,2005/2006,ARAPUNI ROAD,WAOTU ROAD,,Non-Injury Crash,No,2006,0,East,0,0,1,Flat,0,,0,,0,Overcast,1132501,0,0,0,2,0,0,0,1,0,,0,0,Waikato Region,Nil,2-way,Sealed,0,0,0,0,100,0,Null,0,0,,19,South Waikato District,Unknown,0,0,0,0,0,0,Open,0,0,0,Light rain,Null
1745343,5914007,32706,,512906,0,,0,1,,West,2005/2006,WEST COAST ROAD,ALBIONVALE ROAD,,Minor Crash,No,2006,,East,,0,,Flat,,,,,,Bright sun,278510,1,0,0,2,,,0,,,,,,Auckland Region,Nil,2-way,Sealed,,0,0,,50,,Off,0,0,,76,Auckland,Nil,,,,,0,0,Urban,1,,,Fine,Null
1806902,5522490,32707,,561422,0,0,0,1,0,West,2005/2006,HIGHWAY 56,MAIN DRAIN ROAD,,Non-Injury Crash,No,2006,0,North,0,0,1,Flat,0,,0,,0,Overcast,1786400,0,0,0,2,0,0,0,0,0,,0,0,Manawatū-Whanganui Region,Nil,2-way,Sealed,0,0,0,0,100,0,Null,1,0,,39,Manawatu District,Nil,0,0,0,0,0,0,Open,0,0,0,Heavy rain,Null
1815737,5871301,32708,,533901,0,0,0,1,0,West,2005/2006,SH 2,PIPIROA ROAD,,Non-Injury Crash,Yes,2006,0,West,0,0,0,Hill Road,0,,0,,0,Overcast,1063100,0,0,0,2,0,1,0,0,0,,0,0,Waikato Region,Nil,2-way,Sealed,0,0,0,0,100,0,Null,0,0,,12,Hauraki District,Unknown,0,0,0,0,0,0,Open,0,0,0,Light rain,Null
1905346,5739811,32709,,538841,0,,0,0,,South,2005/2006,GOUDIES ROAD,SH 38,,Minor Crash,No,2006,,South,,0,,Flat,,,,,,Bright sun,1280501,1,0,0,2,,,0,,,,,,Waikato Region,Nil,2-way,Unsealed,,0,0,,100,,Null,0,0,,24,Rotorua District,Unknown,,,,,1,0,Open,0,,,Fine,Null
1681916,5426084,32710,,580446,1,,0,0,,South,2005/2006,SH 1S,ELEVATION OBR,,Serious Crash,Yes,2006,,South,,0,,Hill Road,,,,,,Bright sun,2279500,0,0,0,3,,,0,,,,,,Marlborough Region,Nil,2-way,Sealed,,0,1,,100,,Null,0,0,,53,Marlborough District,Nil,,,,,0,0,Open,1,,,Fine,Null
1505479,5392153,32711,,584404,0,0,0,1,0,North,2005/2006,SH 67,MILLERTON ROAD,,Minor Crash,Yes,2006,0,North,0,0,1,Flat,0,,0,,0,Dark,2385300,1,0,0,2,0,0,0,0,0,,0,0,West Coast Region,Nil,2-way,Sealed,0,0,0,0,70,0,On,0,0,,55,Buller District,Unknown,0,0,0,0,0,0,Urban,0,0,0,Light rain,Null
1543943,5204864,32712,,586801,0,,0,2,,East,2005/2006,OXFORD ROAD,TRAM ROAD,,Minor Crash,No,2006,,East,,0,,Flat,,,,,,Bright sun,2457900,2,0,0,2,,,0,,,,,,Canterbury Region,Nil,2-way,Sealed,,0,0,,100,,Null,0,0,,59,Waimakariri District,Unknown,,,,,0,0,Open,0,,,Fine,Null
1763476,5904835,32713,,524604,0,0,0,1,0,North,2005/2006,SH 20,PUHINUI UNDERPASS,,Minor Crash,Yes,2006,0,North,0,0,0,Flat,1,,0,,0,Bright sun,780902,1,0,0,2,0,0,0,0,0,,0,0,Auckland Region,Nil,1-way,Sealed,0,0,0,0,100,0,Off,0,0,,76,Auckland,Nil,0,0,0,0,0,0,Open,0,0,0,Fine,Null
1744378,5926547,32714,,513410,0,,0,2,,West,2005/2006,BRIGHAM CREEK ROAD,TRIG ROAD,,Minor Crash,No,2006,,East,,0,,Flat,,,,,,Dark,221400,1,0,0,2,,,0,,,,,,Auckland Region,Nil,2-way,Sealed,,0,0,,80,,None,0,0,,76,Auckland,Nil,,,,,0,0,Open,0,,,Light rain,Null
1796317,5814353,32715,,528601,0,,0,1,,Null,2006/2007,SH 23,WALLACE ROAD,,Minor Crash,Yes,2006,,West,,0,,Flat,,,,,,Dark,978125,1,0,0,2,,,0,,,,,,Waikato Region,Nil,2-way,Sealed,,0,0,,100,,None,0,0,,16,Hamilton City,Nil,,,,,0,0,Open,0,,,Fine,Null
1757235,5919416,32716,,514301,1,,1,0,,North,2006/2007,SYMONDS ST,KARANGAHAPE ROAD,,Minor Crash,No,2006,,North,,0,,Flat,,,,,,Bright sun,440904,1,0,0,4,,,0,,,,,,Auckland Region,Nil,2-way,Sealed,,0,0,,50,,Off,0,0,,76,Auckland,Nil,,,,,0,0,Urban,0,,,Fine,Null
1574880,5181006,32717,,593900,0,0,0,2,0,Null,2005/2006,PAGES ROAD,KEARNEYS ROAD,,Minor Crash,No,2006,0,West,0,0,0,Flat,0,,0,,0,Bright sun,2578700,2,0,0,4,0,0,0,0,0,,0,0,Canterbury Region,Nil,2-way,Sealed,0,0,0,0,50,0,Null,0,0,,60,Christchurch City,Give way,1,0,0,0,0,0,Urban,0,0,0,Fine,Null
1242744,4849558,32718,,611210,0,,0,1,,East,2005/2006,SH 1S,KELVIN ST,,Serious Crash,Yes,2006,,East,,0,,Flat,,,,,,Bright sun,3108800,0,0,0,4,,,0,,,1,,,Southland Region,Nil,2-way,Sealed,,0,1,,50,,Null,0,0,,75,Invercargill City,Unknown,,,,,0,0,Urban,0,,,Fine,Null
1356200,4877477,32719,,606700,0,0,0,1,0,South,2006/2007,LAKESIDE ROAD,TWEED ROAD,,Minor Crash,No,2006,0,South,0,0,1,Hill Road,0,,0,,0,Twilight,2986001,1,0,0,2,0,0,0,0,0,,0,0,Otago Region,Nil,2-way,Sealed,0,0,0,0,100,0,None,0,0,,72,Clutha District,Unknown,0,0,0,0,0,0,Open,0,0,0,Fine,Null
1762600,5918070,32720,,516301,0,,0,2,,Null,2006/2007,MEADOWBANK ROAD,TAHAPA CRESCENT,,Minor Crash,No,2006,,North,,0,,Hill Road,,,,,,Overcast,459300,1,0,0,2,,,0,,,,,,Auckland Region,Nil,2-way,Sealed,,0,0,,50,,Off,0,0,,76,Auckland,Give way,,,,,0,0,Urban,0,,,Light rain,Null
1369573,4988781,32721,,608000,0,,0,1,,South,2005/2006,RANFURLY-PATEAROA ROAD,ONEILL ROAD,,Serious Crash,No,2006,,North,,0,,Flat,,,,,,Dark,3016000,0,0,0,2,,,0,,,,,,Otago Region,Nil,2-way,Sealed,,0,2,,100,,None,0,0,,69,Central Otago District,Unknown,,,,,0,0,Open,0,,,Fine,Null
1565551,5178047,32722,,587702,0,,0,1,,Null,2005/2006,WIGRAM ROAD,WIGRAM CLOSE,,Minor Crash,No,2006,,South,,0,,Flat,,,,,,Overcast,2480501,1,0,0,2,,,0,,,,,,Canterbury Region,Nil,2-way,Sealed,,0,0,,80,,Null,0,0,,60,Christchurch City,Nil,,,,,0,0,Open,1,,,Fine,Null
1748518,5428993,32723,,572900,0,0,0,3,0,East,2006/2007,HILL ST,TINAKORI ROAD,,Minor Crash,No,2006,0,East,0,0,0,Hill Road,0,,0,,0,Bright sun,2122400,1,0,0,2,0,0,0,0,1,,0,0,Wellington Region,Nil,2-way,Sealed,0,0,0,0,50,0,Null,0,0,,47,Wellington City,Nil,0,0,0,0,0,0,Urban,0,0,0,Fine,Null
1754674,5918340,32724,80,515431,0,,0,4,,East,2006/2007,SH 16,MOTAT ON EBD,,Serious Crash,Yes,2006,,East,,0,,Flat,,,,,,Overcast,406700,1,0,0,4,,,0,,,,,,Auckland Region,Nil,1-way,Sealed,,0,1,,100,,Off,1,0,,76,Auckland,Nil,,,,,0,0,Open,0,,,Light rain,Null
1749092,5427330,32725,,573101,0,,0,1,,East,2006/2007,WAKEFIELD ST,TARANAKI ST,,Minor Crash,No,2006,,West,,0,,Flat,,,,,,Bright sun,2135600,1,0,0,3,,,0,,,1,,,Wellington Region,Nil,2-way,Sealed,,0,0,,50,,Null,0,0,,47,Wellington City,Nil,,,,,0,0,Urban,0,,,Fine,Null
1730379,6019051,32726,,501815,0,,0,2,,Null,2006/2007,SH 1N,NOVA SCOTIA DRIVE,,Minor Crash,Yes,2006,,South,,0,,Flat,,,,,,Overcast,80200,1,0,0,2,,,0,,,,,,Northland Region,Nil,2-way,Sealed,,0,0,,100,,Off,0,0,,2,Whangarei District,Give way,,,,,0,0,Open,0,,,Fine,Null
1801848,5814944,32727,,530200,0,,0,2,,South,2005/2006,GREY ST,BRIDGE ST,,Non-Injury Crash,No,2006,,North,,0,,Flat,,,,,,Bright sun,892800,0,0,0,3,,,0,,,,,,Waikato Region,Nil,2-way,Sealed,,0,0,,50,,Null,0,0,,16,Hamilton City,Traffic Signals,,,,,0,0,Urban,0,,,Fine,Null
1800264,5814854,32728,,529100,0,0,0,2,0,South,2005/2006,LAKE DOMAIN DRIVE,LAKE ROAD,,Non-Injury Crash,No,2006,0,North,0,0,0,Flat,0,,0,,0,Bright sun,929502,0,0,0,3,0,0,0,0,0,,0,0,Waikato Region,Nil,2-way,Sealed,0,0,0,0,50,0,Null,0,0,,16,Hamilton City,Stop,0,0,0,0,0,0,Urban,0,1,0,Fine,Null
1746654,5917885,32729,,512500,0,,0,2,,North,2006/2007,TE ATATU ROAD,ROBERTS ROAD,,Non-Injury Crash,No,2006,,North,,0,,Flat,,,,,,Dark,258400,0,0,0,2,,,0,,,,,,Auckland Region,Nil,2-way,Sealed,,0,0,,50,,On,0,0,,76,Auckland,Nil,,,,,0,0,Urban,0,,,Fine,Null
1753968,5945427,32730,,505907,0,,0,1,,Null,2005/2006,WHANGAPARAOA ROAD,DOYLY DRIVE,,Non-Injury Crash,No,2006,,South,,0,,Hill Road,,,,,,Bright sun,173407,0,0,0,2,,,0,,,,,,Auckland Region,Nil,2-way,Sealed,,0,0,,50,,Off,1,0,,76,Auckland,Stop,,,,,0,0,Urban,0,,,Fine,Null
1764649,5913570,32731,,520602,0,,0,1,,East,2005/2006,WAIPUNA ROAD,CARBINE ROAD,,Non-Injury Crash,No,2006,,West,,0,,Flat,,,,,,Bright sun,629301,0,0,0,4,,,0,,,,,,Auckland Region,Nil,2-way,Sealed,,0,0,,50,,Off,0,0,,76,Auckland,Nil,,,,,0,0,Urban,1,,,Fine,Null
1752394,5916039,32732,,517902,0,0,0,2,0,West,2005/2006,NEW NORTH ROAD,RICHARDSON ROAD,,Non-Injury Crash,No,2006,0,East,0,0,0,Flat,0,,0,,0,Dark,520700,0,0,0,4,0,0,0,0,1,,0,0,Auckland Region,Nil,2-way,Sealed,0,0,0,0,50,0,On,0,0,,76,Auckland,Nil,0,0,0,0,0,0,Urban,0,0,0,Fine,Null
1778258,5899724,32733,,521301,0,0,0,1,0,East,2006/2007,PAPAKURA-CLEVEDON ROAD,BURNSIDE ROAD,,Non-Injury Crash,No,2006,0,West,0,0,1,Flat,0,Christmas New Year,0,,0,Dark,763600,0,0,0,2,0,0,0,0,0,,0,0,Auckland Region,Nil,2-way,Sealed,0,0,0,0,100,0,None,0,0,,76,Auckland,Nil,0,0,0,0,0,0,Open,0,0,0,Fine,Null
1881907,5780917,32734,,538601,0,0,0,1,0,Null,2005/2006,WIKARAKA ST,REEME ST,,Non-Injury Crash,No,2006,0,West,0,0,1,Flat,0,,0,,0,Dark,1248500,0,0,0,2,0,0,0,0,0,,0,0,Bay of Plenty Region,Nil,2-way,Sealed,0,0,0,0,50,0,On,0,0,,24,Rotorua District,Give way,0,0,0,1,0,0,Urban,0,0,0,Light rain,Null
1766930,5900012,32735,,524713,0,0,0,2,0,West,2006/2007,WEYMOUTH ROAD,SYKES ROAD,,Non-Injury Crash,No,2006,0,East,0,0,0,Flat,0,,0,,0,Dark,775805,0,0,0,2,0,0,0,0,0,,0,0,Auckland Region,Nil,2-way,Sealed,0,0,0,0,50,0,On,0,0,,76,Auckland,Stop,0,0,0,0,0,0,Urban,0,1,0,Fine,Null
1758071,5917541,32736,,515700,0,,0,2,,Null,2005/2006,GILLIES AVENUE,ALPERS AVENUE,,Non-Injury Crash,No,2006,,South,,0,,Hill Road,,,,,,Bright sun,443700,0,0,0,4,,,0,,,,,,Auckland Region,Nil,2-way,Sealed,,0,0,,50,,Null,0,0,,76,Auckland,Traffic Signals,,,,,0,0,Urban,0,,,Fine,Null
1869261,5711486,32737,,541750,0,,0,1,,Null,2006/2007,NAPIER ROAD,ARROWSMITH AVENUE,,Non-Injury Crash,No,2006,,East,,0,,Hill Road,,,,,,Overcast,1267108,0,0,0,2,,,0,,,,,,Waikato Region,Nil,2-way,Sealed,,0,0,,80,,Null,0,0,,21,Taupo District,Stop,,,,,0,0,Open,1,,,Fine,Null
1768332,5901956,32738,,525001,0,,0,1,,Null,2005/2006,GREAT SOUTH ROAD,GRANDE VUE ROAD,,Non-Injury Crash,No,2006,,South,,0,,Flat,,,,,,Dark,750800,0,0,0,2,,,0,,,,,,Auckland Region,Nil,2-way,Sealed,,0,0,,50,,On,1,0,,76,Auckland,Stop,,,,,0,0,Urban,0,,,Light rain,Null
1875218,5818998,32739,,537601,0,,0,1,,Null,2006/2007,MARSHALL AVENUE,SH 29,,Non-Injury Crash,Yes,2006,,West,,0,,Flat,,,,,,Bright sun,1175202,0,0,0,4,,,0,,,,,,Bay of Plenty Region,Nil,2-way,Sealed,,0,0,,70,,Null,1,0,,23,Tauranga City,Give way,,,,,0,0,Urban,0,,,Fine,Null
1771941,5902745,32740,,523818,0,,0,1,,North,2006/2007,MILL ROAD,RANFURLY ROAD,,Minor Crash,No,2006,,North,,0,,Flat,,,,,,Dark,760904,1,0,0,2,,,0,,,,,,Auckland Region,Nil,2-way,Sealed,,0,0,,100,,None,0,0,,76,Auckland,Nil,,,,,0,0,Open,1,,,Light rain,Null
1764298,5909601,32741,,521901,0,,0,2,,Null,2005/2006,GREAT SOUTH ROAD,ATKINSON AVENUE,,Non-Injury Crash,No,2006,,South,,0,,Flat,,,,,,Bright sun,784100,0,0,0,4,,,0,,,,,,Auckland Region,Nil,2-way,Sealed,,0,0,,50,,Off,0,0,,76,Auckland,Traffic Signals,,,,,0,0,Urban,0,,,Fine,Null
1763263,5906566,32742,,524301,0,,0,2,,North,2006/2007,GRAEME AVENUE,BUCKLAND ROAD,,Non-Injury Crash,No,2006,,South,,0,,Flat,,,,,,Bright sun,747200,0,0,0,2,,,0,,,,,,Auckland Region,Nil,2-way,Sealed,,0,0,,50,,Off,0,0,,76,Auckland,Stop,,,,,0,0,Urban,0,,,Fine,Null
1767765,5905083,32743,,523722,0,,0,2,,Null,2005/2006,TE IRIRANGI DRIVE,TE IRIRANGI OFF SBD,,Minor Crash,No,2006,,East,,0,,Flat,,,,,,Bright sun,715701,2,0,0,2,,,0,,,,,,Auckland Region,Motorway ramp,2-way,Sealed,,0,0,,50,,Off,0,0,,76,Auckland,Traffic Signals,,,,,0,0,Urban,0,,,Fine,Null
1751966,5932048,32744,,508807,0,,0,3,,North,2005/2006,AIRBORNE ROAD,TARNDALE GROVE,,Non-Injury Crash,No,2006,,North,,0,,Flat,,,,,,Overcast,180302,0,0,0,2,,,0,,,,,,Auckland Region,Nil,2-way,Sealed,,0,0,,50,,Off,0,0,,76,Auckland,Nil,,,,,0,0,Urban,0,,,Fine,Null
1768916,5900839,32745,,525002,1,,0,1,,Null,2006/2007,WEYMOUTH ROAD,ALFRISTON ROAD,,Non-Injury Crash,No,2006,,South,,0,,Flat,,,,,,Bright sun,752802,0,0,0,2,,,0,,,,,,Auckland Region,Nil,2-way,Sealed,,0,0,,50,,Off,0,0,,76,Auckland,Traffic Signals,,,,,0,0,Urban,0,,,Fine,Null