X,Y,OBJECTID,advisorySpeed,areaUnitID,bicycle,bridge,bus,carStationWagon,cliffBank,crashDirectionDescription,crashFinancialYear,crashLocation1,crashLocation2,crashRoadSideRoad,crashSeverity,crashSHDescription,crashYear,debris,directionRoleDescription,ditch,fatalCount,fence,flatHill,guardRail,holiday,houseOrBuilding,intersection,kerb,light,meshblockId,minorInjuryCount,moped,motorcycle,NumberOfLanes,objectThrownOrDropped,otherObject,otherVehicleType,overBank,parkedVehicle,pedestrian,phoneBoxEtc,postOrPole,region,roadCharacter,roadLane,roadSurface,roadworks,schoolBus,seriousInjuryCount,slipOrFlood,speedLimit,strayAnimal,streetLight,suv,taxi,temporarySpeedLimit,tlaId,tlaName,trafficControl,trafficIsland,trafficSign,train,tree,truck,unknownVehicleType,urban,vanOrUtility,vehicle,waterRiver,weatherA,weatherB
1829608,5512390,32746,,577900,0,,0,0,,East,2006/2007,TUTAEKARA ROAD,NIKAU ROAD,,Serious Crash,No,2006,,East,,0,,Flat,,,,,,Overcast,2221701,0,0,1,2,,,0,,,,,,Manawatū-Whanganui Region,Nil,2-way,Sealed,,0,1,,100,,Null,0,0,,41,Tararua District,Nil,,,,,0,0,Open,0,,,Fine,Strong wind
1242726,4849012,32747,,611300,0,,0,2,,Null,2005/2006,TWEED ST,NITH ST,,Minor Crash,No,2006,,East,,0,,Flat,,,,,,Bright sun,3104800,3,0,0,4,,,0,,,,,,Southland Region,Nil,2-way,Sealed,,0,0,,50,,Null,0,0,,75,Invercargill City,Give way,,,,,0,0,Urban,0,,,Fine,Null
1843994,5811768,32748,,535502,0,,0,2,,Null,2005/2006,SH 24,WAHAROA ROAD EAST,,Non-Injury Crash,Yes,2006,,West,,0,,Flat,,,,,,Bright sun,1118700,0,0,0,3,,,0,,,,,,Waikato Region,Nil,2-way,Sealed,,0,0,,50,,Null,0,0,,15,Matamata-Piako District,Nil,,,,,0,0,Urban,0,,,Fine,Null
1765491,5900893,32749,,524821,0,,0,2,,North,2006/2007,MONCRIEFF AVENUE,TROUNSON AVENUE,,Non-Injury Crash,No,2006,,West,,0,,Flat,,,,,,Bright sun,774419,0,0,0,2,,,0,,,,,,Auckland Region,Nil,2-way,Sealed,,0,0,,50,,Off,0,0,,76,Auckland,Nil,,,,,0,0,Urban,0,,,Fine,Null
1769503,5467663,32750,,566000,0,,0,0,,East,2005/2006,VALLEY ROAD,RUAPEHU ST N,,Serious Crash,No,2006,,South,,0,,Hill Road,,,,,,Overcast,1997600,0,0,1,1,,,0,,,,,,Wellington Region,Nil,2-way,Sealed,,0,1,,50,,Null,0,0,,43,Kapiti Coast District,Nil,,,,,0,0,Urban,1,,,Fine,Null
1746712,5917736,32751,,512500,0,0,0,1,0,South,2005/2006,TE ATATU ROAD,ROBERTS ROAD,,Non-Injury Crash,No,2006,0,South,0,0,1,Flat,0,,0,,0,Dark,257300,0,0,0,2,0,1,0,0,0,,0,1,Auckland Region,Nil,2-way,Sealed,0,0,0,0,50,0,On,0,0,,76,Auckland,Unknown,0,0,0,0,0,0,Urban,0,0,0,Fine,Null
1829074,5833082,32752,,534603,0,,0,2,,North,2006/2007,SH 27,SH 26,,Non-Injury Crash,Yes,2006,,North,,0,,Flat,,,,,,Bright sun,1096200,0,0,0,2,,,0,,,,,,Waikato Region,Nil,2-way,Sealed,,0,0,,100,,Null,0,0,,15,Matamata-Piako District,Unknown,,,,,0,0,Open,0,,,Fine,Null
1718223,6043762,32753,,503500,0,,0,0,,North,2006/2007,SH 1N,MOUNT PLEASANT ROAD,,Minor Crash,Yes,2006,,South,,0,,Flat,,,,,,Bright sun,108404,3,0,0,2,,,0,,,,,,Northland Region,Nil,2-way,Sealed,,0,0,,50,,Off,2,0,,2,Whangarei District,Nil,,,,,0,0,Urban,0,,,Fine,Null
1729711,5939731,32754,,506800,0,,0,1,,Null,2005/2006,RIMU ST,MAKIRI ST,,Non-Injury Crash,No,2006,,West,,0,,Hill Road,,,,,,Dark,209200,0,0,0,2,,,0,,,,,,Auckland Region,Nil,2-way,Sealed,,0,0,,50,,On,1,0,,76,Auckland,Give way,,,,,0,0,Urban,0,,,Fine,Null
1772249,5896201,32755,,525410,0,,0,1,,Null,2005/2006,ELLIOTT ST,RAY SMALL DRIVE N,,Minor Crash,No,2006,,South,,0,,Hill Road,,,,,,Bright sun,791801,2,0,0,2,,,0,,,,,,Auckland Region,Nil,2-way,Sealed,,0,0,,50,,Null,0,0,,76,Auckland,Stop,,,,,0,0,Urban,1,,,Fine,Null
1930639,5605223,32756,,548200,1,,0,1,,Null,2006/2007,WARREN ST NORTH,ALEXANDRA ST,,Minor Crash,No,2006,,South,,0,,Flat,,,,,,Bright sun,1494700,1,0,0,2,,,0,,,,,,Hawke's Bay Region,Nil,2-way,Sealed,,0,0,,50,,Null,0,0,,30,Hastings District,Give way,,,,,0,0,Urban,0,,,Fine,Null
1885173,5773670,32757,,540410,0,,0,2,,Null,2006/2007,FENTON ST,SH 30A,,Non-Injury Crash,Yes,2006,,South,,0,,Flat,,,,,,Dark,1236300,0,0,0,2,,,0,,,,,,Bay of Plenty Region,Nil,2-way,Sealed,,0,0,,50,,On,0,0,,24,Rotorua District,Traffic Signals,,,,,0,0,Urban,0,,,Fine,Null
1794803,5833911,32758,,527123,0,0,0,1,0,North,2006/2007,SH 1B,KERIE ROAD,,Fatal Crash,Yes,2006,0,South,0,1,1,Flat,0,,0,,0,Bright sun,951001,0,0,0,2,0,0,0,0,0,,0,0,Waikato Region,Nil,2-way,Sealed,0,0,0,0,100,0,None,0,0,,13,Waikato District,Nil,0,0,0,0,1,0,Open,0,0,0,Fine,Null
1768156,5907851,32759,,523502,0,,0,2,,Null,2006/2007,EAST TAMAKI ROAD,PRESTON ROAD,,Non-Injury Crash,No,2006,,East,,0,,Flat,,,,,,Bright sun,703800,0,0,0,2,,,0,,,,,,Auckland Region,Nil,2-way,Sealed,,0,0,,60,,Off,0,0,,76,Auckland,Traffic Signals,,,,,0,0,Urban,0,,,Null,Null
1753503,5932705,32760,,508807,0,0,0,0,0,South,2005/2006,SH 1N,GREVILLE OFF NBD,,Minor Crash,Yes,2006,0,North,0,0,0,Flat,1,,0,,0,Bright sun,180811,1,0,0,2,0,0,0,0,0,,0,0,Auckland Region,Nil,1-way,Sealed,0,0,0,0,100,0,Off,0,0,,76,Auckland,Nil,0,0,0,0,0,0,Open,1,0,0,Fine,Null
1823895,5893466,32761,,533604,0,,0,1,,South,2006/2007,SH 25,PATUI AVENUE,,Minor Crash,Yes,2006,,West,,0,,Flat,,Christmas New Year,,,,Bright sun,1057201,1,0,0,2,,,0,,,,,,Waikato Region,Nil,2-way,Sealed,,0,0,,70,,Off,0,0,,11,Thames-Coromandel District,Nil,,,,,0,0,Urban,0,,,Fine,Null
1756039,5929823,32762,,508510,0,0,0,2,0,South,2006/2007,FORREST HILL ROAD,RICHARDS AVENUE,,Non-Injury Crash,No,2006,0,North,0,0,0,Flat,0,,0,,0,Dark,194600,0,0,0,2,0,0,0,0,1,,0,0,Auckland Region,Nil,2-way,Sealed,0,0,0,0,50,0,On,0,0,,76,Auckland,Nil,0,0,0,0,0,0,Urban,0,0,0,Fine,Null
1843718,5931788,32763,,533200,0,0,0,1,1,North,2005/2006,SH 25,WAITAIA ROAD,,Minor Crash,Yes,2006,0,South,0,0,0,Flat,0,,0,,0,Dark,1045504,1,0,0,2,0,0,0,0,0,,0,0,Waikato Region,Nil,2-way,Sealed,0,0,0,0,100,0,None,0,0,,11,Thames-Coromandel District,Unknown,0,0,0,0,0,0,Open,0,0,0,Light rain,Null
1764022,5910827,32764,35,520500,0,0,0,1,0,North,2006/2007,MOUNT WELLINGTON HIGHWAY,NEW BRIGHTON ROAD,,Non-Injury Crash,No,2006,0,North,0,0,0,Flat,1,,0,,0,Dark,638100,0,0,0,2,0,0,0,0,0,,0,0,Auckland Region,Nil,2-way,Sealed,0,0,0,0,50,0,On,0,0,,76,Auckland,Nil,0,0,0,0,0,0,Urban,0,0,0,Heavy rain,Null
1728096,5939247,32765,,506644,0,0,0,0,0,South,2005/2006,SH 16,TE PUA SCHOOL ROAD,,Minor Crash,Yes,2006,0,North,0,0,0,Flat,0,,0,,0,Bright sun,211002,1,0,0,2,0,0,0,0,0,,0,1,Auckland Region,Nil,2-way,Sealed,0,0,0,0,100,0,None,0,0,,76,Auckland,Nil,0,0,0,0,1,0,Open,0,0,0,Fine,Null
1457015,5072560,32766,,598313,0,0,0,1,0,South,2005/2006,SH 1S,PAREORA AVENUE,,Minor Crash,Yes,2006,0,South,0,0,1,Flat,0,,0,,0,Bright sun,2777500,1,0,0,2,0,0,0,0,0,,0,0,Canterbury Region,Nil,2-way,Sealed,0,0,0,0,100,0,Null,0,0,,64,Timaru District,Unknown,0,0,0,0,0,0,Open,0,0,0,Fine,Null
1766277,5906106,32767,,522202,0,,0,4,,Null,2006/2007,GREAT SOUTH ROAD,BIRDWOOD AVENUE,,Minor Crash,No,2006,,North,,0,,Flat,,,,,,Bright sun,665400,2,0,0,2,,,0,,,,,,Auckland Region,Nil,2-way,Sealed,,0,0,,50,,Off,0,0,,76,Auckland,Stop,,,,,0,0,Urban,0,,,Fine,Null
1404935,4915885,32768,,602900,0,0,0,2,0,North,2005/2006,EGLINTON ROAD,QUEENS DRIVE,,Serious Crash,No,2006,0,North,0,0,0,Hill Road,0,,0,,0,Bright sun,2896100,0,0,0,2,0,0,0,0,1,,0,0,Otago Region,Nil,2-way,Sealed,0,0,1,0,50,0,Null,0,0,,71,Dunedin City,Unknown,0,0,0,0,0,0,Urban,0,0,0,Fine,Null
1678320,6020146,32769,,504501,0,0,0,1,0,South,2006/2007,POUTO ROAD,MOUNT WESLEY COAST ROAD,,Minor Crash,No,2006,0,North,1,0,0,Flat,0,,0,,0,Bright sun,124300,1,0,0,2,0,0,0,0,0,,0,0,Northland Region,Nil,2-way,Sealed,0,0,0,0,100,0,Off,0,0,,3,Kaipara District,Nil,0,0,0,0,0,0,Open,0,0,0,Fine,Null
1711697,5960957,32770,35,506642,0,0,0,1,0,North,2006/2007,SOUTH HEAD ROAD,DONOHUE ROAD,,Non-Injury Crash,No,2006,0,South,0,0,0,Hill Road,0,,0,,0,Dark,210000,0,0,0,2,0,0,0,1,0,,0,0,Auckland Region,Nil,2-way,Sealed,0,0,0,0,100,0,None,0,0,,76,Auckland,Nil,0,0,0,0,0,0,Open,0,0,0,Mist or Fog,Null
1756448,5924555,32771,,509702,0,,0,2,,South,2006/2007,SH 1N,ONEWA OFF SBD,,Minor Crash,Yes,2006,,South,,0,,Flat,,,,,,Bright sun,366700,1,0,0,4,,,0,,,,,,Auckland Region,Bridge,1-way,Sealed,,0,0,,80,,Off,0,0,,76,Auckland,Nil,,,,,1,0,Open,0,,,Fine,Null
1553565,5175432,32772,,587904,0,,0,1,,Null,2005/2006,JONES ROAD,ALSTON ROAD,,Minor Crash,No,2006,,East,,0,,Flat,,,,,,Overcast,2493400,1,0,0,2,,,0,,,,,,Canterbury Region,Nil,2-way,Sealed,,0,0,,100,,Null,1,0,,62,Selwyn District,Stop,,,,,0,0,Open,0,,,Fine,Null
1758354,5917903,32773,,517400,0,,0,1,,East,2006/2007,MORTIMER PASS,COVENTRY LANE,,Minor Crash,No,2006,,East,,0,,Flat,,,,,,Overcast,451300,1,0,0,2,,,0,,,1,,,Auckland Region,Nil,1-way,Sealed,,0,0,,50,,Off,0,0,,76,Auckland,Traffic Signals,,,,,0,0,Urban,0,,,Fine,Null
1761793,5914005,32774,,520202,0,,0,2,,South,2005/2006,SH 1N,PENROSE OFF NBD,,Minor Crash,Yes,2006,,North,,0,,Flat,,,,,,Overcast,612300,1,0,0,3,,,0,,,,,,Auckland Region,Nil,1-way,Sealed,,0,0,,100,,On,0,0,,76,Auckland,Nil,,,,,0,0,Open,1,,,Light rain,Null
1460020,5090723,32775,,598313,0,,0,2,,South,2005/2006,SH 1S,BROSNAN ROAD,,Minor Crash,Yes,2006,,North,,0,,Flat,,,,,,Bright sun,2772700,1,0,0,0,,,0,,,,,,Canterbury Region,Nil,2-way,Unsealed,,0,0,,100,,Null,0,0,50,64,Timaru District,Unknown,,,,,0,0,Open,0,,,Fine,Null
1774228,5897281,32776,,525610,0,0,0,2,0,East,2005/2006,CLEVEDON ROAD,COSGRAVE ROAD,,Non-Injury Crash,No,2006,0,West,0,0,0,Hill Road,0,,0,,0,Overcast,796500,0,0,0,2,0,0,0,0,0,,0,0,Auckland Region,Nil,2-way,Sealed,0,0,0,0,50,0,Off,0,0,,76,Auckland,Nil,0,0,0,0,0,0,Urban,0,1,0,Fine,Null
1813558,5864328,32777,65,533901,0,0,0,1,0,South,2005/2006,SH 27,TOREHAPE ROAD WEST,,Non-Injury Crash,Yes,2006,0,South,0,0,1,Hill Road,0,,0,,0,Overcast,1069500,0,0,0,2,0,0,0,0,0,,0,0,Waikato Region,Nil,2-way,Sealed,0,0,0,0,100,0,Null,0,0,,12,Hauraki District,Unknown,0,0,0,0,0,0,Open,0,0,0,Light rain,Null
1576251,5236604,32778,,585700,0,0,0,2,0,Null,2005/2006,SH 7,WAIPARA FLAT ROAD,,Minor Crash,Yes,2006,0,South,0,0,0,Flat,0,,0,,0,Bright sun,2435602,3,0,0,2,0,0,0,0,0,,0,1,Canterbury Region,Nil,2-way,Sealed,0,0,0,0,100,0,Null,0,0,,58,Hurunui District,Give way,0,0,0,0,0,0,Open,0,0,0,Fine,Null
1757640,5913578,32779,,518600,0,,0,2,,Null,2006/2007,MOUNT ALBERT ROAD,PAH ROAD,,Minor Crash,No,2006,,East,,0,,Flat,,,,,,Bright sun,567200,1,0,0,5,,,0,,,,,,Auckland Region,Nil,2-way,Sealed,,0,0,,50,,Off,0,0,,76,Auckland,Traffic Signals,,,,,0,0,Urban,0,,,Fine,Null
1759124,5913150,32780,,519720,0,,0,2,,Null,2005/2006,MOUNT SMART ROAD,CAMERON ST,,Minor Crash,No,2006,,East,,0,,Flat,,,,,,Twilight,595900,2,0,0,2,,,0,,,,,,Auckland Region,Nil,2-way,Sealed,,0,0,,50,,Off,0,0,,76,Auckland,Stop,,,,,0,0,Urban,1,,,Fine,Null
1756078,5917519,32781,,518102,0,,0,2,,North,2006/2007,DOMINION ROAD,VALLEY ROAD,,Non-Injury Crash,No,2006,,South,,0,,Flat,,,,,,Bright sun,546000,0,0,0,2,,,0,,,,,,Auckland Region,Nil,2-way,Sealed,,0,0,,50,,Off,0,0,,76,Auckland,Nil,,,,,0,0,Urban,0,,,Fine,Null
1699908,6093895,32782,,501100,0,,0,2,,North,2005/2006,SH 11,TOHITAPU ROAD,,Non-Injury Crash,Yes,2006,,North,,0,,Hill Road,,,,,,Bright sun,54802,0,0,0,2,,,0,,,,,,Northland Region,Nil,2-way,Sealed,,0,0,,50,,Off,0,0,,1,Far North District,Nil,,,,,0,0,Urban,0,,,Null,Null
1758130,5917794,32783,,515700,0,,0,1,,Null,2005/2006,GILLIES AVENUE,GILLIES ON NBD N,,Non-Injury Crash,Yes,2006,,North,,0,,Flat,,,,,,Dark,443401,0,0,0,3,,,0,,,,,,Auckland Region,Nil,2-way,Sealed,,0,0,,50,,On,1,0,,76,Auckland,Traffic Signals,,,,,0,0,Urban,0,,,Light rain,Null
1771597,5895778,32784,,525540,0,0,0,0,0,North,2006/2007,ELLIOTT ST,LAKESIDE DRIVE,,Minor Crash,No,2006,0,North,0,0,0,Flat,0,,0,,1,Dark,806301,1,0,0,2,0,0,0,0,0,,0,0,Auckland Region,Nil,2-way,Sealed,0,0,0,0,50,0,On,0,0,,76,Auckland,Unknown,0,1,0,1,0,0,Urban,1,0,0,Fine,Null
1755928,5944191,32785,,505909,0,,0,1,,West,2005/2006,WHANGAPARAOA ROAD,LINK CRESCENT,,Serious Crash,No,2006,,West,,0,,Flat,,,,,,Bright sun,174007,0,0,1,2,,,0,,,,,,Auckland Region,Nil,2-way,Sealed,,0,1,,50,,Off,0,0,,76,Auckland,Nil,,,,,0,0,Urban,0,,,Fine,Null
1764729,5440094,32786,,568201,0,0,0,1,0,Null,2006/2007,HIGH ST,PETHERICK ST,,Serious Crash,No,2006,0,North,0,0,1,Flat,0,,0,,0,Dark,1935500,0,0,0,2,0,0,0,0,0,,0,0,Wellington Region,Nil,2-way,Sealed,0,0,1,0,50,0,On,0,0,,46,Lower Hutt City,Nil,0,0,0,0,0,0,Urban,0,0,0,Fine,Null
1747367,5926675,32787,,513431,0,,0,2,,South,2005/2006,OLD SH 18,BUCKLEY AVENUE,,Non-Injury Crash,Yes,2006,,North,,0,,Flat,,,,,,Dark,221802,0,0,0,2,,,0,,,,,,Auckland Region,Nil,2-way,Sealed,,0,0,,100,,On,0,0,,76,Auckland,Nil,,,,,0,0,Open,0,,,Light rain,Null
1885090,5771459,32788,,540700,0,,0,2,,Null,2006/2007,SH 30,FROUDE ST,,Non-Injury Crash,Yes,2006,,South,,0,,Flat,,,,,,Bright sun,1246000,0,0,0,2,,,0,,,,,,Bay of Plenty Region,Nil,2-way,Sealed,,0,0,,60,,Off,0,0,,24,Rotorua District,Give way,,,,,0,0,Urban,0,,,Fine,Null
1768696,5900060,32789,,525101,0,0,0,1,0,West,2005/2006,PURIRI ROAD,CHRISTMAS ROAD,,Minor Crash,No,2006,0,West,0,0,0,Flat,0,,0,,0,Dark,769900,1,0,0,2,0,0,0,0,1,,0,0,Auckland Region,Nil,2-way,Sealed,0,0,0,0,50,0,On,0,0,,76,Auckland,Nil,0,0,0,0,0,0,Urban,1,0,0,Fine,Null
1767187,5913059,32790,,522910,0,,0,1,,West,2005/2006,REEVES ROAD,LEWIS ROAD,,Minor Crash,No,2006,,East,,0,,Flat,,,,,,Dark,685100,1,0,0,2,,,0,,,1,,,Auckland Region,Nil,2-way,Sealed,,0,0,,50,,On,0,0,,76,Auckland,Nil,,,,,0,0,Urban,0,,,Fine,Null
1808078,5633344,32791,,554900,0,0,0,1,0,East,2006/2007,SH 49,RUAPEHU ROAD,,Serious Crash,Yes,2006,0,West,0,0,0,Flat,0,,0,,0,Bright sun,1674302,0,0,0,2,0,0,0,0,0,,0,1,Manawatū-Whanganui Region,Nil,2-way,Sealed,0,0,1,0,100,0,Null,0,0,,36,Ruapehu District,Nil,0,0,0,0,0,0,Open,0,0,0,Fine,Null
1768317,5903576,32792,,524602,0,0,0,1,0,South,2006/2007,SH 1N,TE IRIRANGI OBR,,Fatal Crash,Yes,2006,0,North,0,1,0,Flat,0,,0,,0,Dark,780506,0,0,0,3,0,0,0,0,0,,0,0,Auckland Region,Nil,1-way,Sealed,0,0,1,0,100,0,On,0,0,,76,Auckland,Nil,0,0,0,1,0,0,Open,0,0,0,Fine,Null
1751142,5918017,32793,,514801,0,,0,1,,West,2006/2007,SH 16,GT NORTH OBR,,Non-Injury Crash,Yes,2006,,East,,0,,Flat,,,,,,Overcast,390402,0,0,0,3,,,0,,,,,,Auckland Region,Nil,1-way,Sealed,,0,0,,100,,Off,0,0,,76,Auckland,Nil,,,,,0,0,Open,2,,,Heavy rain,Null
1717761,6050300,32794,,502102,0,,0,1,,South,2006/2007,KAMO ROAD,WAKELIN ST,,Non-Injury Crash,No,2006,,East,,0,,Flat,,,,,,Bright sun,84700,0,0,0,2,,,0,,,,,,Northland Region,Nil,2-way,Sealed,,0,0,,50,,None,1,0,,2,Whangarei District,Nil,,,,,0,0,Urban,0,,,Fine,Null
1767489,5812303,32795,,526602,0,0,0,1,1,South,2006/2007,SH 23,OKETE ROAD W,,Serious Crash,Yes,2006,0,South,0,0,0,Hill Road,0,,0,,0,Overcast,860500,0,0,0,2,0,0,0,0,0,,0,0,Waikato Region,Nil,2-way,Sealed,0,0,1,0,100,0,None,0,0,,13,Waikato District,Nil,0,0,0,0,0,0,Open,0,0,0,Light rain,Null
1753866,5915075,32796,,518801,0,,0,2,,Null,2006/2007,BEAGLE AVENUE,ODONNELL AVENUE,,Minor Crash,No,2006,,East,,0,,Flat,,,,,,Overcast,575400,3,0,0,2,,,0,,,,,,Auckland Region,Nil,2-way,Sealed,,0,0,,50,,Off,0,0,,76,Auckland,Give way,,,,,0,0,Urban,0,,,Fine,Null
1877081,5820073,32797,,537700,0,,0,0,,Null,2006/2007,FRASER ST,HARRIER ST,,Minor Crash,No,2006,,South,,0,,Hill Road,,,,,,Bright sun,1174500,1,1,0,1,,,0,,,,,,Bay of Plenty Region,Nil,2-way,Sealed,,0,0,,50,,Off,0,0,,23,Tauranga City,Give way,,,,,1,0,Urban,0,,,Fine,Null
1737782,5981631,32798,,506660,0,0,0,1,0,East,2005/2006,FLAGSTAFFE ROAD,CENTENNIAL PARK ROAD,,Non-Injury Crash,No,2006,0,East,0,0,1,Hill Road,0,,0,,0,Bright sun,136400,0,0,0,1,0,0,0,1,0,,0,0,Auckland Region,Nil,2-way,Unsealed,0,0,0,0,100,0,None,0,0,,76,Auckland,Nil,0,0,0,0,0,0,Open,0,0,0,Fine,Null
1759320,5918683,32799,,516101,0,,0,2,,Null,2006/2007,AYR ST,BASSETT ROAD,,Non-Injury Crash,No,2006,,East,,0,,Flat,,,,,,Bright sun,480500,0,0,0,2,,,0,,,,,,Auckland Region,Nil,2-way,Sealed,,0,0,,50,,Off,0,0,,76,Auckland,Give way,,,,,0,0,Urban,0,,,Fine,Null
1661233,6094261,32800,,501633,0,0,0,1,0,North,2005/2006,SH 1N,RAHIRI ROAD,,Serious Crash,Yes,2006,0,North,0,0,0,Flat,0,,0,,0,Dark,32100,2,0,0,2,0,0,0,0,0,,0,1,Northland Region,Nil,2-way,Sealed,0,0,1,0,100,0,None,0,0,,1,Far North District,Nil,0,0,0,0,0,0,Open,0,0,0,Fine,Null
1804744,5813006,32801,,530800,0,,0,1,,East,2006/2007,HUDSON ST,BALFOUR CRESCENT,,Minor Crash,No,2006,,East,,0,,Hill Road,,,,,,Overcast,884201,1,0,1,2,,,0,,,,,,Waikato Region,Nil,2-way,Sealed,,0,0,,50,,Off,0,0,,16,Hamilton City,Nil,,,,,0,0,Urban,0,,,Mist or Fog,Null
1570384,5175046,32802,,591102,0,,0,0,,East,2006/2007,HACKTHORNE ROAD,DYERS PASS ROAD,,Minor Crash,No,2006,,East,,0,,Hill Road,,,,,,Bright sun,2551800,1,0,1,2,,,0,,,,,,Canterbury Region,Nil,2-way,Sealed,,0,0,,50,,Null,0,0,,60,Christchurch City,Unknown,,,,,1,0,Urban,0,,,Fine,Null
1756326,5918973,32803,,515500,0,,0,4,,West,2006/2007,SH 16,NEWTON OBR,,Non-Injury Crash,Yes,2006,,East,,0,,Flat,,,,,,Bright sun,417600,0,0,0,3,,,0,,,,,,Auckland Region,Nil,1-way,Sealed,,0,0,,100,,Off,0,0,,76,Auckland,Nil,,,,,0,0,Open,0,,,Fine,Null
1802299,5692520,32804,,532904,0,,0,0,,Null,2005/2006,SH 4,SH 41,,Serious Crash,Yes,2006,,North,,0,,Flat,,,,,,Overcast,1038600,4,0,0,2,,,0,,,,,,Manawatū-Whanganui Region,Nil,2-way,Sealed,,0,1,,70,,Null,0,0,,36,Ruapehu District,Stop,,,,,1,0,Urban,1,,,Light rain,Null
1819870,5527898,32805,,562910,0,0,0,1,0,West,2005/2006,RUGBY ST,WINCHESTER ST,,Minor Crash,No,2006,0,East,0,0,1,Flat,0,,0,,0,Bright sun,1801100,2,0,0,2,0,0,0,0,0,,0,0,Manawatū-Whanganui Region,Nil,2-way,Sealed,0,0,0,0,50,0,Null,0,0,,40,Palmerston North City,Nil,0,0,0,0,0,0,Urban,0,0,0,Fine,Null
1763904,5912490,32806,,520500,0,,0,3,,Null,2005/2006,MOUNT WELLINGTON HIGHWAY,MT WGTN OFF NBD,,Minor Crash,No,2006,,North,,0,,Flat,,,,,,Dark,637300,1,0,0,6,,,0,,,,,,Auckland Region,Motorway ramp,2-way,Sealed,,0,0,,50,,On,0,0,,76,Auckland,Traffic Signals,,,,,0,0,Urban,0,,,Light rain,Null
1772250,5911716,32807,,523114,0,,0,2,,East,2005/2006,WHITFORD ROAD,SOMERVILLE ROAD,,Serious Crash,No,2006,,North,,0,,Hill Road,,,,,,Overcast,718004,7,0,0,2,,,0,,,,,,Auckland Region,Nil,2-way,Sealed,,0,1,,80,,None,0,0,,76,Auckland,Nil,,,,,0,0,Open,0,,,Light rain,Null
1764678,5911658,32808,,520500,0,,0,2,,North,2005/2006,SH 1N,OTAHUHU OFF SBD,,Non-Injury Crash,Yes,2006,,South,,0,,Flat,,,,,,Bright sun,635601,0,0,0,3,,,0,,,,,,Auckland Region,Nil,1-way,Sealed,,0,0,,100,,Off,0,0,,76,Auckland,Nil,,,,,0,0,Open,0,,,Fine,Null
1749009,5969848,32809,,505500,0,0,0,1,0,West,2006/2007,PERCY ST,PALMER ST,,Non-Injury Crash,No,2006,0,West,0,0,0,Hill Road,0,,1,,0,Overcast,141101,0,0,0,2,0,0,0,0,0,,0,0,Auckland Region,Nil,2-way,Sealed,0,0,0,0,50,0,Off,0,0,,76,Auckland,Nil,0,0,0,0,0,0,Urban,0,0,0,Light rain,Null
1770634,5471390,32810,,565902,0,0,0,1,1,East,2005/2006,OTAIHANGA ROAD,RATANUI ROAD,,Minor Crash,No,2006,0,East,0,0,0,Flat,0,,0,,0,Dark,1999602,1,0,0,2,0,0,0,0,0,,0,0,Wellington Region,Nil,2-way,Sealed,0,0,0,0,100,0,Off,0,0,,43,Kapiti Coast District,Nil,0,0,0,0,0,0,Open,0,0,0,Fine,Null
1820689,5871595,32811,,533800,0,,0,2,,Null,2006/2007,SH 2,PIPIROA ROAD,,Non-Injury Crash,Yes,2006,,East,,0,,Flat,,,,,,Overcast,1067907,0,0,0,2,,,0,,,,,,Waikato Region,Nil,2-way,Sealed,,0,0,,50,,Null,0,0,,12,Hauraki District,Give way,,,,,0,0,Urban,0,,,Fine,Null
1756084,5923499,32812,,509800,0,,0,2,,South,2005/2006,SH 1N,STAFFORD OFF NBD,,Non-Injury Crash,Yes,2006,,North,,0,,Flat,,,,,,Dark,359100,0,0,0,2,,,0,,,,,,Auckland Region,Nil,1-way,Sealed,,0,0,,100,,On,0,0,50,76,Auckland,Nil,,,,,0,0,Open,0,,,Fine,Null
1792446,5768521,32813,,531301,0,0,0,1,1,South,2005/2006,SH 3,SPICER ROAD,,Non-Injury Crash,Yes,2006,0,North,1,0,0,Flat,0,,0,,0,Dark,995701,0,0,0,2,0,0,0,0,0,,0,0,Waikato Region,Nil,2-way,Sealed,0,0,0,0,100,0,None,0,0,,18,Ōtorohanga District,Unknown,0,0,0,0,0,0,Open,0,0,0,Light rain,Null
1751652,5432855,32814,,574303,0,,0,0,,North,2005/2006,SH 1N,TYERS ROAD,,Minor Crash,Yes,2006,,North,,0,,Hill Road,,,,,,Overcast,2088705,1,0,0,3,,,0,,,,,,Wellington Region,Nil,2-way,Sealed,,0,0,,80,,Null,0,0,,47,Wellington City,Nil,,,,,1,0,Open,1,,,Heavy rain,Null
1728532,6008439,32815,,501815,0,0,0,1,1,South,2006/2007,SH 1N,WAIPU GORGE ROAD,,Minor Crash,Yes,2006,0,North,0,0,0,Hill Road,0,,0,,0,Dark,81300,1,0,0,2,0,0,0,0,0,,0,0,Northland Region,Nil,2-way,Sealed,0,0,0,0,100,0,None,0,0,,2,Whangarei District,Unknown,0,0,0,0,0,0,Open,0,0,0,Light rain,Null
1744596,5917690,32816,,510700,0,,0,2,,East,2005/2006,VINTAGE DRIVE,STURGES ROAD,,Non-Injury Crash,No,2006,,West,,0,,Flat,,,,,,Bright sun,239504,0,0,0,2,,,0,,,,,,Auckland Region,Nil,2-way,Sealed,,0,0,,50,,Off,0,0,,76,Auckland,Nil,,,,,0,0,Urban,0,,,Fine,Null