X,Y,OBJECTID,advisorySpeed,areaUnitID,bicycle,bridge,bus,carStationWagon,cliffBank,crashDirectionDescription,crashFinancialYear,crashLocation1,crashLocation2,crashRoadSideRoad,crashSeverity,crashSHDescription,crashYear,debris,directionRoleDescription,ditch,fatalCount,fence,flatHill,guardRail,holiday,houseOrBuilding,intersection,kerb,light,meshblockId,minorInjuryCount,moped,motorcycle,NumberOfLanes,objectThrownOrDropped,otherObject,otherVehicleType,overBank,parkedVehicle,pedestrian,phoneBoxEtc,postOrPole,region,roadCharacter,roadLane,roadSurface,roadworks,schoolBus,seriousInjuryCount,slipOrFlood,speedLimit,strayAnimal,streetLight,suv,taxi,temporarySpeedLimit,tlaId,tlaName,trafficControl,trafficIsland,trafficSign,train,tree,truck,unknownVehicleType,urban,vanOrUtility,vehicle,waterRiver,weatherA,weatherB
1623258,6114359,32817,,500301,0,,0,1,,Null,2005/2006,LAKE ROAD,FOLEY ST,,Non-Injury Crash,No,2006,,West,,0,,Flat,,,,,,Dark,15800,0,0,0,2,,,0,,,,,,Northland Region,Nil,2-way,Sealed,,0,0,,50,,On,0,0,,1,Far North District,Nil,,,,,0,0,Urban,0,,,Fine,Null
1756272,5920503,32818,,514000,0,,0,2,,South,2005/2006,FRANKLIN ROAD,VICTORIA ST WEST,,Non-Injury Crash,No,2006,,North,,0,,Flat,,,,,,Bright sun,416700,0,0,0,3,,,0,,,,,,Auckland Region,Nil,2-way,Sealed,,0,0,,50,,Off,1,0,,76,Auckland,Nil,,,,,0,0,Urban,0,,,Fine,Null
1245311,4849365,32819,,611500,0,0,0,2,0,Null,2006/2007,INGLEWOOD ROAD,PROSPECT TERRACE,,Serious Crash,No,2006,0,South,0,0,1,Hill Road,0,,0,,0,Overcast,3139300,0,0,0,2,0,0,0,0,0,,0,0,Southland Region,Nil,2-way,Sealed,0,0,1,0,50,0,Null,0,0,,75,Invercargill City,Give way,0,0,0,0,0,0,Urban,0,0,0,Fine,Null
1955091,5790220,32820,,541900,0,,0,2,,East,2006/2007,POHUTUKAWA AVENUE,MAIR ST,,Non-Injury Crash,No,2006,,West,,0,,Flat,,Christmas New Year,,,,Bright sun,1294400,0,0,0,2,,,0,,,,,,Bay of Plenty Region,Nil,2-way,Sealed,,0,0,,50,,Null,0,0,,25,Whakatane District,Unknown,,,,,0,0,Urban,0,,,Fine,Null
1406180,4916098,32821,,602900,0,,0,2,,Null,2005/2006,POLICE ST,VOGEL ST,,Minor Crash,No,2006,,East,,0,,Flat,,,,,,Bright sun,2895700,1,0,0,2,,,0,,,,,,Otago Region,Nil,2-way,Sealed,,0,0,,50,,Null,0,0,,71,Dunedin City,Give way,,,,,0,0,Urban,0,,,Fine,Null
1246149,4849976,32822,,611500,1,,0,1,,Null,2005/2006,ROCKDALE ROAD,OTEPUNI AVENUE,,Serious Crash,No,2006,,North,,0,,Flat,,,,,,Bright sun,3139200,0,0,0,2,,,0,,,,,,Southland Region,Nil,2-way,Sealed,,0,1,,50,,Null,0,0,,75,Invercargill City,Give way,,,,,0,0,Urban,0,,,Fine,Null
1623755,5430230,32823,,582800,1,0,0,2,0,South,2005/2006,TRAFALGAR ST,EXAMINER ST,,Serious Crash,No,2006,0,North,0,0,1,Hill Road,0,,0,,0,Bright sun,2321700,0,0,0,2,0,0,0,0,1,,0,0,Nelson Region,Nil,2-way,Sealed,0,0,1,0,50,0,Null,0,0,,52,Nelson City,Nil,0,0,0,0,0,0,Urban,0,0,0,Fine,Null
1751173,5431708,32824,,574302,0,0,0,1,0,South,2006/2007,ONSLOW ROAD,HOMEBUSH ROAD,,Minor Crash,No,2006,0,West,0,0,1,Hill Road,0,,0,,0,Overcast,2090500,1,0,0,2,0,0,0,1,0,,0,0,Wellington Region,Nil,2-way,Sealed,0,0,0,0,50,0,Null,0,0,,47,Wellington City,Nil,0,0,0,1,0,0,Urban,0,0,0,Mist or Fog,Null
1717366,6055755,32825,,502001,0,0,0,1,0,South,2005/2006,SH 1N,RICHARDS ROAD,,Non-Injury Crash,Yes,2006,0,South,0,0,0,Hill Road,0,,0,,0,Overcast,64200,0,0,0,3,0,0,0,0,0,,0,0,Northland Region,Nil,2-way,Sealed,0,0,0,1,100,0,None,0,0,,2,Whangarei District,Nil,0,0,0,1,0,0,Open,0,0,0,Heavy rain,Null
1652037,6050649,32826,35,504501,0,0,0,1,1,North,2005/2006,SH 12,WAIPOUA SETTLEMENT ROAD,,Non-Injury Crash,Yes,2006,0,North,0,0,0,Flat,0,,0,,0,Bright sun,118600,0,0,0,2,0,0,0,0,0,,0,0,Northland Region,Nil,2-way,Sealed,0,0,0,0,100,0,None,0,0,,3,Kaipara District,Nil,0,0,0,0,0,0,Open,0,0,0,Fine,Null
1770869,5445590,32827,,564602,0,0,0,1,0,East,2005/2006,SH 2,MOONSHINE HILL ROAD,,Minor Crash,Yes,2006,0,East,0,0,0,Flat,1,,0,,0,Twilight,1903713,1,0,0,2,0,0,0,0,0,,0,0,Wellington Region,Nil,2-way,Sealed,0,0,0,0,100,0,Off,0,0,,45,Upper Hutt City,Nil,0,0,0,0,0,0,Open,0,0,0,Fine,Null
1754102,5918426,32828,,515431,0,,0,1,,Null,2005/2006,GREAT NORTH ROAD,STADIUM ROAD,,Non-Injury Crash,No,2006,,East,,0,,Flat,,,,,,Dark,406300,0,0,0,4,,,0,,,,,,Auckland Region,Nil,2-way,Sealed,,0,0,,50,,On,1,0,,76,Auckland,Traffic Signals,,,,,0,0,Urban,0,,,Fine,Null
1806001,5787512,32829,,527700,0,0,0,0,0,Null,2005/2006,MOULE ST,GALLOWAY ST,,Non-Injury Crash,No,2006,0,West,0,0,1,Flat,0,,1,,0,Twilight,989902,0,0,0,2,0,0,0,0,0,,0,0,Waikato Region,Nil,2-way,Sealed,0,0,0,0,50,0,Off,0,0,,17,Waipa District,Nil,0,0,0,0,0,0,Urban,1,0,0,Fine,Null
1762974,5905729,32830,,524303,0,0,0,2,0,South,2006/2007,PORTAGE ROAD,SKIPTON ST,,Non-Injury Crash,No,2006,0,North,0,0,0,Flat,0,,0,,0,Dark,746301,0,0,0,2,0,0,0,0,1,,0,0,Auckland Region,Nil,2-way,Sealed,0,0,0,0,50,0,On,0,0,,76,Auckland,Nil,0,0,0,0,0,0,Urban,0,0,0,Fine,Null
1752227,5933814,32831,,508701,0,,0,1,,Null,2005/2006,DON MCKINNON DRIVE,COLISEUM DRIVE,,Non-Injury Crash,No,2006,,East,,0,,Flat,,,,,,Overcast,178900,0,0,1,4,,,0,,,,,,Auckland Region,Nil,2-way,Sealed,,0,0,,50,,On,0,0,,76,Auckland,Give way,,,,,0,0,Urban,0,,,Light rain,Null
1769311,5469077,32832,,566000,0,,0,2,,Null,2006/2007,SH 1N,AMOHIA ST,,Minor Crash,Yes,2006,,North,,0,,Flat,,,,,,Bright sun,2000400,2,0,0,2,,,0,,,,,,Wellington Region,Nil,2-way,Sealed,,0,0,,50,,Null,0,0,,43,Kapiti Coast District,Give way,,,,,0,0,Urban,0,,,Fine,Null
1828330,5464194,32833,,578301,0,0,0,1,0,East,2006/2007,TE ORE ORE SETTLEMENT ROA,TE ORE ORE-BIDEFORD ROAD,,Serious Crash,No,2006,0,West,0,0,1,Flat,0,,0,,0,Bright sun,2254000,0,0,0,2,0,0,0,0,0,,0,1,Wellington Region,Nil,2-way,Sealed,0,0,1,0,100,0,Null,0,0,,48,Masterton District,Nil,0,0,0,0,0,0,Open,0,0,0,Fine,Null
1935534,5619613,32834,,546600,0,0,0,1,0,Null,2006/2007,LATHAM ST,RUSSELL ROAD,,Minor Crash,No,2006,0,North,0,0,0,Flat,0,,0,,0,Bright sun,1437100,1,0,0,2,0,0,0,0,0,,0,0,Hawke's Bay Region,Nil,2-way,Sealed,0,0,0,0,50,0,Null,0,0,,31,Napier City,Give way,0,0,0,1,0,0,Urban,0,0,0,Fine,Null
1765455,5907125,32835,,522201,0,,0,2,,Null,2006/2007,SHIRLEY ROAD,GREAT SOUTH ROAD,,Non-Injury Crash,No,2006,,North,,0,,Flat,,,,,,Dark,662300,0,0,0,2,,,0,,,,,,Auckland Region,Nil,2-way,Sealed,,0,0,,50,,On,0,0,,76,Auckland,Traffic Signals,,,,,0,0,Urban,0,,,Fine,Null
1908818,5812939,32836,,536654,0,,0,0,,North,2005/2006,Z MIDWAY PARK,GARDINER PLACE,,Serious Crash,No,2006,,North,,0,,Flat,,,,,,Dark,1212618,4,0,0,0,,,0,,,,,,Bay of Plenty Region,Nil,Off road,Unsealed,,0,1,,30,,None,0,0,,22,Western Bay of Plenty District,Unknown,,,,,0,0,Urban,1,,,Fine,Null
1751857,5947485,32837,,505807,0,,0,1,,South,2005/2006,RED BEACH ROAD,BAY ST,,Non-Injury Crash,No,2006,,South,,0,,Flat,,,,,,Twilight,172806,0,0,0,2,,,0,,,,,,Auckland Region,Nil,2-way,Sealed,,0,0,,50,,Off,1,0,,76,Auckland,Nil,,,,,0,0,Urban,0,,,Fine,Null
1759445,5913717,32838,,519720,0,,0,2,,Null,2005/2006,MOANA AVENUE,TAWA ROAD,,Non-Injury Crash,No,2006,,North,,0,,Flat,,,,,,Overcast,593200,0,0,0,2,,,0,,,,,,Auckland Region,Nil,2-way,Sealed,,0,0,,50,,Off,0,0,,76,Auckland,Stop,,,,,0,0,Urban,0,,,Heavy rain,Null
1719534,6047591,32839,,502600,0,,0,2,,West,2005/2006,Z CPK WOOLWORTHS,KAMO ROAD,,Non-Injury Crash,No,2006,,East,,0,,Flat,,,,,,Bright sun,95100,0,0,0,1,,,0,,,,,,Northland Region,Nil,Off road,Sealed,,0,0,,10,,None,0,0,,2,Whangarei District,Nil,,,,,0,0,Urban,0,,,Fine,Null
1935434,5619530,32840,,546500,0,,0,1,,West,2006/2007,LATHAM ST,RUSSELL ROAD,,Minor Crash,No,2006,,South,,0,,Flat,,,,,,Bright sun,1442900,1,0,0,2,,,0,,,,,,Hawke's Bay Region,Nil,2-way,Sealed,,0,0,,50,,Null,0,0,,31,Napier City,Nil,,,,,0,0,Urban,1,,,Fine,Null
1924793,5600201,32841,,545852,0,,0,1,,Null,2005/2006,SH 50A,TURAMOE ROAD,,Minor Crash,Yes,2006,,South,,0,,Flat,,Easter,,,,Overcast,1469600,1,0,0,2,,,0,,,,,,Hawke's Bay Region,Nil,2-way,Sealed,,0,0,,100,,Null,0,0,,30,Hastings District,Stop,,,,,1,0,Open,0,,,Fine,Null
1772729,5895404,32842,,525530,0,,0,1,,Null,2006/2007,BEACH ROAD,SETTLEMENT ROAD,,Non-Injury Crash,No,2006,,West,,0,,Flat,,,,,,Twilight,804701,0,0,0,2,,,0,,,,,,Auckland Region,Nil,2-way,Sealed,,0,0,,50,,On,0,0,,76,Auckland,Traffic Signals,,,,,0,0,Urban,0,,,Heavy rain,Null
1759811,5924552,32843,,509300,0,0,0,2,0,South,2006/2007,LAKE ROAD,MONTGOMERY AVENUE,,Non-Injury Crash,No,2006,0,North,0,0,0,Hill Road,0,,0,,0,Dark,340100,0,0,0,2,0,0,0,0,1,,0,0,Auckland Region,Nil,2-way,Sealed,0,0,0,0,50,0,On,0,0,,76,Auckland,Nil,0,0,0,0,0,0,Urban,0,0,0,Fine,Null
1798979,5815185,32844,,528900,0,,0,2,,Null,2006/2007,SH 1N,SH 23,,Non-Injury Crash,Yes,2006,,East,,0,,Flat,,Labour Weekend,,,,Overcast,915600,0,0,0,4,,,0,,,,,,Waikato Region,Nil,2-way,Sealed,,0,0,,50,,Null,0,0,,16,Hamilton City,Traffic Signals,,,,,0,0,Urban,0,,,Light rain,Null
1769986,5901041,32845,,523816,0,,0,1,,Null,2005/2006,SECRETARIAT PLACE,SHIFNAL DRIVE,,Non-Injury Crash,No,2006,,West,,0,,Flat,,,,,,Bright sun,759725,0,0,0,2,,,0,,,,,,Auckland Region,Nil,2-way,Sealed,,0,0,,50,,Off,0,0,,76,Auckland,Stop,,,,,0,0,Urban,1,,,Fine,Null
1866557,5547802,32846,,549800,0,0,0,1,0,South,2006/2007,SH 2,PIRIPIRI ROAD,,Minor Crash,Yes,2006,0,North,0,0,1,Flat,0,,0,,0,Overcast,1536100,1,0,0,2,0,0,0,0,0,,0,0,Manawatū-Whanganui Region,Nil,2-way,Sealed,0,0,0,0,100,0,Null,0,0,,41,Tararua District,Nil,0,0,0,0,0,0,Open,0,0,0,Light rain,Null
1699388,6095089,32847,,501100,0,,1,1,,Null,2005/2006,SH 11,SCHOOL ROAD,,Non-Injury Crash,Yes,2006,,North,,0,,Flat,,,,,,Bright sun,54300,0,0,0,2,,,0,,,,,,Northland Region,Nil,2-way,Sealed,,0,0,,100,,None,0,0,,1,Far North District,Stop,,,,,0,0,Open,0,,,Fine,Null
1710318,5617299,32848,,554010,0,0,0,2,0,South,2005/2006,PRINCES ST,GREY ST,,Minor Crash,No,2006,0,South,0,0,0,Flat,0,,0,,0,Twilight,1647900,1,0,0,2,0,0,0,0,1,,0,0,Taranaki Region,Nil,2-way,Sealed,0,0,0,0,50,0,Off,0,0,,35,South Taranaki District,Nil,0,0,0,0,0,0,Urban,0,0,0,Fine,Null
1757095,5919440,32849,,514200,0,,0,2,,Null,2005/2006,KARANGAHAPE ROAD,LIVERPOOL ST,,Non-Injury Crash,No,2006,,East,,0,,Flat,,,,,,Overcast,412301,0,0,0,4,,,0,,,,,,Auckland Region,Nil,2-way,Sealed,,0,0,,50,,Off,0,0,,76,Auckland,Give way,,,,,0,0,Urban,0,,,Light rain,Null
1764332,5909455,32850,,521802,0,,0,2,,South,2006/2007,GREAT SOUTH ROAD,ATKINSON AVENUE,,Non-Injury Crash,No,2006,,South,,0,,Flat,,,,,,Overcast,788601,0,0,0,4,,,0,,,,,,Auckland Region,Nil,2-way,Sealed,,0,0,,50,,Off,0,0,,76,Auckland,Nil,,,,,0,0,Urban,0,,,Fine,Null
1310332,4905589,32851,,607600,0,,0,1,,Null,2005/2006,SUSSEX ST,NORFOLK ST,,Serious Crash,No,2006,,West,,0,,Hill Road,,,,,,Overcast,3014100,0,0,0,2,,,0,,,,,,Otago Region,Nil,2-way,Sealed,,0,1,,50,,Null,0,0,,72,Clutha District,Nil,,,,,0,0,Urban,1,,,Fine,Null
1814080,5445402,32852,,579502,0,0,0,1,0,South,2006/2007,PONATAHI ROAD,FOREMAN JURY ROAD,,Minor Crash,No,2006,0,South,1,0,0,Flat,0,,0,,0,Overcast,2263400,1,0,0,2,0,0,0,0,0,,0,0,Wellington Region,Nil,2-way,Sealed,0,0,0,0,100,0,Null,0,0,,49,Carterton District,Nil,0,0,0,0,0,0,Open,0,0,0,Fine,Null
1620862,5429901,32853,,583000,1,,0,1,,Null,2006/2007,SH 6,MURITAI ST,,Minor Crash,Yes,2006,,North,,0,,Flat,,,,,,Overcast,2333100,1,0,0,2,,,0,,,,,,Nelson Region,Nil,2-way,Sealed,,0,0,,50,,Null,0,0,,52,Nelson City,Give way,,,,,0,0,Urban,0,,,Fine,Null
1747450,5919565,32854,,512402,0,,0,1,,East,2005/2006,SH 16,TE ATATU OBR,,Non-Injury Crash,Yes,2006,,West,,0,,Flat,,,,,,Overcast,253700,0,0,0,3,,,0,,,,,,Auckland Region,Nil,1-way,Sealed,,0,0,,100,,Off,0,0,,76,Auckland,Nil,,,,,1,0,Open,0,,,Fine,Null
1754377,5930995,32855,,508420,0,,0,1,,South,2006/2007,SH 1N,CONSTELLATION OBR,,Non-Injury Crash,Yes,2006,,North,,0,,Hill Road,,,,,,Overcast,182008,0,0,0,2,,,0,,,,,,Auckland Region,Nil,1-way,Sealed,,0,0,,100,,Off,0,0,,76,Auckland,Nil,,,,,0,0,Open,1,,,Fine,Null
1768642,5901006,32856,,525001,0,0,0,2,0,South,2006/2007,Z CPK SOUTHMALL,STATION ROAD,,Non-Injury Crash,No,2006,0,East,0,0,0,Flat,0,,0,,0,Bright sun,751600,0,0,0,1,0,0,0,0,1,,0,0,Auckland Region,Nil,Off road,Sealed,0,0,0,0,20,0,Off,0,0,,76,Auckland,Nil,0,0,0,0,0,0,Urban,0,0,0,Fine,Null
1258290,5005081,32857,,609304,0,0,0,1,0,South,2005/2006,Z DWY HALLENSTEIN ST,GORGE ROAD,,Minor Crash,No,2006,0,North,0,0,0,Hill Road,0,,1,,0,Overcast,3033201,1,0,0,0,0,0,0,1,0,,0,0,Otago Region,Nil,Off road,Sealed,0,0,0,0,30,0,Null,0,0,,70,Queenstown-Lakes District,Nil,0,0,0,0,0,0,Urban,0,0,0,Fine,Null
1706518,5681968,32858,,551301,0,0,0,1,0,Null,2005/2006,MCLEAN ST,NELSON ST,,Minor Crash,No,2006,0,East,0,0,1,Flat,0,,0,,0,Overcast,1546100,1,0,0,2,0,0,0,0,0,,0,0,Taranaki Region,Nil,2-way,Sealed,0,0,0,0,50,0,Null,0,0,,33,New Plymouth District,Give way,0,0,0,1,0,0,Urban,1,0,0,Mist or Fog,Null
1570884,5179917,32859,,591500,0,,0,1,,Null,2005/2006,MANCHESTER ST,CASHEL ST,,Minor Crash,No,2006,,West,,0,,Flat,,,,,,Bright sun,2651500,1,0,0,2,,,0,,,1,,,Canterbury Region,Nil,2-way,Sealed,,0,0,,50,,Null,0,0,,60,Christchurch City,Traffic Signals,,,,,0,0,Urban,0,,,Fine,Null
1820318,5529194,32860,,562310,0,,0,2,,Null,2006/2007,CHELWOOD ST,SHAMROCK ST,,Minor Crash,No,2006,,West,,0,,Flat,,,,,,Overcast,1825200,2,0,0,2,,,0,,,,,,Manawatū-Whanganui Region,Nil,2-way,Sealed,,0,0,,50,,Null,0,0,,40,Palmerston North City,Give way,,,,,0,0,Urban,0,,,Light rain,Null
1760643,5916791,32861,,516202,0,,0,2,,Null,2005/2006,ASCOT AVENUE,REMUERA ROAD,,Non-Injury Crash,No,2006,,North,,0,,Flat,,,,,,Dark,489600,0,0,0,2,,,0,,,,,,Auckland Region,Nil,2-way,Sealed,,0,0,,50,,On,0,0,,76,Auckland,Traffic Signals,,,,,0,0,Urban,0,,,Fine,Null
1696221,5677094,32862,,551012,0,,0,1,,East,2005/2006,SH 3,SMART ROAD,,Non-Injury Crash,Yes,2006,,West,,0,,Flat,,,,,,Bright sun,1559400,0,0,0,4,,,0,,,,,,Taranaki Region,Nil,2-way,Sealed,,0,0,,70,,Null,0,0,,33,New Plymouth District,Nil,,,,,0,0,Urban,1,,,Fine,Null
1795333,5696254,32863,,532901,0,,0,1,,Null,2006/2007,TARINGAMOTU ROAD,SIMMONS ROAD,,Serious Crash,No,2006,,South,,0,,Flat,,,,,,Dark,1031600,0,0,0,2,,,0,,,,,,Manawatū-Whanganui Region,Nil,2-way,Sealed,,0,1,,100,,None,0,0,,36,Ruapehu District,Give way,,,,,0,0,Open,0,,,Fine,Frost
1815063,5537753,32864,,561901,0,0,0,1,0,North,2006/2007,SH 3,HANSENS LINE,,Minor Crash,Yes,2006,0,North,1,0,0,Flat,0,,0,,0,Bright sun,1795200,1,0,0,2,0,0,0,0,0,,0,0,Manawatū-Whanganui Region,Nil,2-way,Sealed,0,0,0,0,100,0,Null,0,0,,39,Manawatu District,Nil,0,0,0,0,0,0,Open,0,0,0,Fine,Null
1242906,4850056,32865,,611210,0,,0,1,,Null,2006/2007,YARROW ST,DEVERON ST,,Minor Crash,No,2006,,East,,0,,Flat,,,,,,Twilight,3106500,1,1,0,5,,,0,,,,,,Southland Region,Nil,2-way,Sealed,,0,0,,50,,On,0,0,,75,Invercargill City,Traffic Signals,,,,,0,0,Urban,0,,,Fine,Null
1191613,4970991,32866,,612714,0,0,0,1,0,North,2005/2006,SH 94,BOUNDARY CRK BR,,Minor Crash,Yes,2006,0,North,0,0,0,Flat,0,,0,,0,Dark,3173501,1,0,0,2,0,0,0,0,0,,0,0,Southland Region,Nil,2-way,Sealed,0,0,0,0,100,0,None,0,0,,73,Southland District,Unknown,0,0,0,1,0,0,Open,0,0,0,Fine,Null
1763792,5912593,32867,,520500,0,,0,2,,North,2005/2006,SH 1N,MT WGTN OBR,,Non-Injury Crash,Yes,2006,,North,,0,,Flat,,,,,,Bright sun,637300,0,0,0,3,,,0,,,,,,Auckland Region,Nil,2-way,Sealed,,0,0,,100,,Off,0,0,,76,Auckland,Nil,,,,,0,0,Open,0,,,Fine,Null
2037289,5708516,32868,,544600,0,,0,2,,South,2005/2006,GREY ST,PALMERSTON ROAD,,Non-Injury Crash,No,2006,,East,,0,,Flat,,,,,,Overcast,1372500,0,0,0,1,,,0,,,,,,Gisborne Region,Nil,2-way,Sealed,,0,0,,50,,Null,0,0,,28,Gisborne District,Nil,,,,,0,0,Urban,0,,,Fine,Null
1930780,5616739,32869,,547200,0,0,0,2,0,North,2005/2006,GLOUCESTER ST,MEEANEE ROAD,,Non-Injury Crash,No,2006,0,North,0,0,0,Flat,0,,0,,0,Overcast,1459400,0,0,0,2,0,0,0,0,1,,0,0,Hawke's Bay Region,Nil,2-way,Sealed,0,0,0,0,50,0,Null,0,0,,31,Napier City,Nil,0,0,0,0,0,0,Urban,0,0,0,Fine,Null
1754139,5931314,32870,,508805,0,,0,2,,South,2005/2006,SH 1N,CONSTELLATION OBR,,Non-Injury Crash,Yes,2006,,South,,0,,Flat,,,,,,Bright sun,180826,0,0,0,2,,,0,,,,,,Auckland Region,Nil,1-way,Sealed,,0,0,,100,,None,0,0,,76,Auckland,Nil,,,,,0,0,Open,0,,,Fine,Null
1763979,5912500,32871,,520500,0,,0,5,,South,2006/2007,SH 1N,MT WGTN OBR,,Minor Crash,Yes,2006,,East,,0,,Flat,,,,,,Bright sun,637500,1,0,0,2,,,0,,,,,,Auckland Region,Nil,1-way,Sealed,,0,0,,100,,Off,1,0,,76,Auckland,Nil,,,,,0,0,Open,0,,,Fine,Null
1755914,5920172,32872,,514000,0,,0,2,,Null,2005/2006,FRANKLIN ROAD,ENGLAND ST,,Non-Injury Crash,No,2006,,East,,0,,Hill Road,,,,,,Bright sun,414700,0,0,0,1,,,0,,,,,,Auckland Region,Nil,2-way,Sealed,,0,0,,50,,Off,0,0,,76,Auckland,Stop,,,,,0,0,Urban,0,,,Fine,Null
1864001,5544475,32873,,550102,0,,0,1,,South,2005/2006,MCPHEE ST,HIGH ST,,Non-Injury Crash,No,2006,,North,,0,,Flat,,,,,,Overcast,1533600,0,0,0,2,,,0,,,,,,Manawatū-Whanganui Region,Nil,2-way,Sealed,,0,0,,50,,Null,1,0,,41,Tararua District,Nil,,,,,0,0,Urban,0,,,Fine,Null
1763896,5912534,32874,,520500,0,,0,1,,Null,2005/2006,SH 1N,MT WGTN OBR,,Non-Injury Crash,Yes,2006,,North,,0,,Flat,,,,,,Bright sun,637300,0,0,0,2,,,0,,,,,,Auckland Region,Bridge,1-way,Sealed,,0,0,,100,,Off,0,1,,76,Auckland,Nil,,,,,0,0,Open,1,,,Fine,Null
1799244,5849542,32875,,527210,0,0,0,0,0,East,2006/2007,WAITERIMU ROAD,WAIKARE ROAD,,Minor Crash,No,2006,0,East,1,0,0,Flat,0,,0,,0,Dark,939800,1,0,0,2,0,0,0,0,0,,0,0,Waikato Region,Nil,2-way,Sealed,0,0,0,0,100,0,None,1,0,,13,Waikato District,Unknown,0,0,0,0,0,0,Open,0,0,0,Light rain,Null
1757102,5913725,32876,,518600,0,,0,1,,Null,2005/2006,MOUNT ALBERT ROAD,BUCKLEY ROAD,,Serious Crash,No,2006,,West,,0,,Flat,,,,,,Dark,565100,0,0,1,4,,,0,,,,,,Auckland Region,Nil,2-way,Sealed,,0,1,,50,,On,0,0,,76,Auckland,Nil,,,,,0,0,Urban,0,,,Fine,Null
1858917,5850313,32877,45,536614,0,0,0,1,0,West,2006/2007,SH 2,ATHENREE ROAD,,Non-Injury Crash,Yes,2006,0,East,0,0,0,Hill Road,0,,0,,0,Dark,1181001,0,0,0,2,0,0,0,0,0,,0,0,Bay of Plenty Region,Nil,2-way,Sealed,0,0,0,0,100,0,None,0,0,,22,Western Bay of Plenty District,Nil,0,1,0,0,0,0,Open,0,0,0,Fine,Null
1749964,5914060,32878,,511303,0,,0,1,,Null,2006/2007,MEMORIAL SQUARE,GREAT NORTH ROAD,,Non-Injury Crash,No,2006,,East,,0,,Flat,,,,,,Bright sun,266000,0,0,0,4,,,0,,,,,,Auckland Region,Nil,2-way,Sealed,,0,0,,50,,Off,0,0,,76,Auckland,Traffic Signals,,,,,0,0,Urban,1,,,Fine,Null
1801688,5814934,32879,,530200,0,,0,2,,North,2005/2006,MEMORIAL DRIVE,BRIDGE ST,,Non-Injury Crash,No,2006,,North,,0,,Flat,,,,,,Overcast,894800,0,0,0,2,,,0,,,,,,Waikato Region,Nil,2-way,Sealed,,0,0,,50,,Null,0,0,,16,Hamilton City,Unknown,,,,,0,0,Urban,0,,,Fine,Null
1936098,5620090,32880,,546901,0,,0,2,,Null,2005/2006,SH 2,LATHAM ST,,Minor Crash,Yes,2006,,South,,0,,Flat,,Queens Birthday,,,,Overcast,1431000,2,0,0,2,,,0,,,,,,Hawke's Bay Region,Nil,2-way,Sealed,,0,0,,50,,Null,0,0,,31,Napier City,Give way,,,,,0,0,Urban,0,,,Fine,Null
1749117,5916125,32881,,514801,0,0,0,2,0,West,2006/2007,AVONDALE ROAD,OBERON PLACE,,Non-Injury Crash,No,2006,0,West,0,0,0,Flat,0,,0,,0,Dark,388000,0,0,0,2,0,0,0,0,1,,0,0,Auckland Region,Nil,2-way,Sealed,0,0,0,0,50,0,On,0,0,,76,Auckland,Nil,0,0,0,0,0,0,Urban,0,0,0,Fine,Null
1680097,5403627,32882,,581230,0,,0,1,,West,2005/2006,KINROSS ST,REDWOOD ST,,Non-Injury Crash,No,2006,,East,,0,,Flat,,Queens Birthday,,,,Dark,2299800,0,0,0,2,,,0,,,,,,Marlborough Region,Nil,2-way,Sealed,,0,0,,50,,On,0,0,,53,Marlborough District,Nil,,,,,0,0,Urban,1,,,Light rain,Null
1350360,4855248,32883,,607300,0,0,0,1,0,East,2005/2006,KARORO CREEK ROAD,AHURIRI FLAT ROAD,,Minor Crash,No,2006,0,East,0,0,1,Hill Road,0,,0,,0,Overcast,2998000,4,0,0,2,0,0,0,1,0,,0,0,Otago Region,Nil,2-way,Unsealed,0,0,0,0,100,0,Null,0,0,,72,Clutha District,Unknown,0,0,0,0,0,0,Open,0,0,0,Fine,Null
1882984,5826524,32884,,536821,0,,0,2,,Null,2005/2006,MAUNGANUI ROAD,GOLF ROAD,,Non-Injury Crash,No,2006,,North,,0,,Flat,,,,,,Bright sun,1204401,0,0,0,2,,,0,,,,,,Bay of Plenty Region,Nil,2-way,Sealed,,0,0,,50,,Null,0,0,,23,Tauranga City,Give way,,,,,0,0,Urban,0,,,Fine,Null
1757908,5920937,32885,,514101,0,,0,1,,Null,2005/2006,QUAY ST,BRITOMART PLACE,,Non-Injury Crash,No,2006,,West,,0,,Flat,,,,,,Bright sun,438209,0,0,0,4,,,0,,,,,,Auckland Region,Nil,2-way,Sealed,,0,0,,50,,None,1,0,,76,Auckland,Traffic Signals,,,,,0,0,Urban,0,,,Fine,Null
1721995,5683628,32886,,550700,0,,0,1,,South,2005/2006,SH 3,CARRS ROAD,,Minor Crash,Yes,2006,,South,,0,,Flat,,,,,,Bright sun,1551600,3,0,0,2,,,0,,,,,,Taranaki Region,Nil,2-way,Sealed,,0,0,,100,,Null,0,0,,33,New Plymouth District,Nil,,,,,0,0,Open,0,,,Fine,Null
1568143,5177558,32887,,594800,0,,0,2,,Null,2006/2007,LYTTELTON ST,NEVILLE ST,,Minor Crash,No,2006,,South,,0,,Flat,,,,,,Overcast,2640000,2,0,0,2,,,0,,,,,,Canterbury Region,Nil,2-way,Sealed,,0,0,,50,,Null,0,0,,60,Christchurch City,Stop,,,,,0,0,Urban,0,,,Fine,Null