X,Y,OBJECTID,advisorySpeed,areaUnitID,bicycle,bridge,bus,carStationWagon,cliffBank,crashDirectionDescription,crashFinancialYear,crashLocation1,crashLocation2,crashRoadSideRoad,crashSeverity,crashSHDescription,crashYear,debris,directionRoleDescription,ditch,fatalCount,fence,flatHill,guardRail,holiday,houseOrBuilding,intersection,kerb,light,meshblockId,minorInjuryCount,moped,motorcycle,NumberOfLanes,objectThrownOrDropped,otherObject,otherVehicleType,overBank,parkedVehicle,pedestrian,phoneBoxEtc,postOrPole,region,roadCharacter,roadLane,roadSurface,roadworks,schoolBus,seriousInjuryCount,slipOrFlood,speedLimit,strayAnimal,streetLight,suv,taxi,temporarySpeedLimit,tlaId,tlaName,trafficControl,trafficIsland,trafficSign,train,tree,truck,unknownVehicleType,urban,vanOrUtility,vehicle,waterRiver,weatherA,weatherB
1745436,5917257,32888,,510800,0,,2,0,,West,2006/2007,GREAT NORTH ROAD,RATANUI ST,,Non-Injury Crash,No,2006,,East,,0,,Flat,,,,,,Overcast,241600,0,0,0,4,,,0,,,,,,Auckland Region,Nil,2-way,Sealed,,0,0,,50,,Off,0,0,,76,Auckland,Traffic Signals,,,,,0,0,Urban,0,,,Fine,Null
1561672,5178727,32889,,587400,0,,0,2,,Null,2006/2007,SHANDS ROAD,SH 1S,,Minor Crash,Yes,2006,,North,,0,,Flat,,,,,,Dark,2488300,2,0,0,5,,,0,,,,,,Canterbury Region,Nil,2-way,Sealed,,0,0,,50,,On,0,0,,60,Christchurch City,Traffic Signals,,,,,0,0,Urban,0,,,Fine,Null
1756671,5434931,32890,,569800,0,0,0,1,0,South,2006/2007,SH 2,KOROKORO ROAD N,,Minor Crash,Yes,2006,0,South,0,0,1,Hill Road,0,,1,,0,Dark,2036100,1,0,0,4,0,0,0,0,0,,0,0,Wellington Region,Nil,2-way,Sealed,0,0,0,0,70,0,On,0,0,,46,Lower Hutt City,Nil,0,0,0,0,0,0,Urban,0,0,0,Light rain,Null
1779652,5876883,32891,,521131,0,0,0,1,0,East,2005/2006,DEAN ROAD,FRASER ROAD,,Non-Injury Crash,No,2006,0,East,0,0,0,Flat,0,,0,,0,Dark,842101,0,0,0,0,0,0,0,0,0,,0,0,Waikato Region,Nil,2-way,Sealed,0,0,0,0,70,0,None,0,0,,13,Waikato District,Nil,0,0,0,0,0,0,Urban,0,0,1,Null,Null
1740115,5918921,32892,,513101,0,0,0,1,0,West,2005/2006,SWANSON ROAD,CHRISTIAN ROAD,,Non-Injury Crash,No,2006,0,East,0,0,0,Flat,0,,0,,0,Dark,237501,0,0,0,2,0,0,0,0,0,,0,0,Auckland Region,Nil,2-way,Sealed,0,0,0,0,80,0,None,0,0,,76,Auckland,Nil,0,0,0,1,0,0,Open,0,0,0,Heavy rain,Null
1240806,4837516,32893,,610074,0,0,0,1,0,North,2006/2007,SH 1S,STANLEY TOWNSHIP ROAD,,Minor Crash,Yes,2006,0,North,0,0,0,Flat,0,,0,,0,Dark,3159901,2,0,0,2,0,0,0,0,0,,0,0,Southland Region,Nil,2-way,Sealed,0,0,0,0,100,0,None,0,0,,75,Invercargill City,Unknown,0,0,0,1,0,0,Open,1,0,0,Fine,Frost
1406822,4917752,32894,,603602,0,,0,2,,North,2006/2007,SH 1S,ALBANY ST,,Minor Crash,Yes,2006,,South,,0,,Flat,,,,,,Bright sun,2867200,1,0,0,4,,,0,,,,,,Otago Region,Nil,1-way,Sealed,,0,0,,50,,Null,0,0,,71,Dunedin City,Unknown,,,,,0,0,Urban,0,,,Fine,Null
1769207,5882268,32895,,525910,0,,0,2,,Null,2005/2006,FRANKLIN ROAD,REYNOLDS ROAD,,Non-Injury Crash,No,2006,,North,,0,,Flat,,,,,,Overcast,816526,0,0,0,2,,,0,,,,,,Auckland Region,Nil,2-way,Sealed,,0,0,,50,,Off,0,0,,76,Auckland,Give way,,,,,0,0,Urban,0,,,Fine,Null
1763987,5912088,32896,,520500,0,,0,2,,Null,2005/2006,MOUNT WELLINGTON HIGHWAY,MONAHAN ROAD,,Non-Injury Crash,No,2006,,South,,0,,Flat,,,,,,Bright sun,637701,0,0,0,3,,,0,,,,,,Auckland Region,Nil,2-way,Sealed,,0,0,,50,,Off,0,0,,76,Auckland,Give way,,,,,0,0,Urban,0,,,Fine,Null
2037064,5708555,32897,,544600,0,,0,1,,West,2005/2006,GLADSTONE ROAD,DERBY ST,,Minor Crash,No,2006,,East,,0,,Flat,,,,,,Overcast,1372400,1,0,0,2,,,0,,,,,,Gisborne Region,Nil,2-way,Sealed,,0,0,,50,,Null,0,0,,28,Gisborne District,Nil,,,,,0,0,Urban,1,,,Fine,Null
1894353,5735668,32898,45,538841,0,0,0,0,0,East,2006/2007,STRATHMORE ROAD,SANGRO ROAD,,Serious Crash,No,2006,0,North,1,0,0,Hill Road,0,Christmas New Year,0,,0,Overcast,1261001,0,0,1,2,0,0,0,0,0,,0,0,Waikato Region,Nil,2-way,Sealed,0,0,1,0,100,0,Null,0,0,,24,Rotorua District,Unknown,0,0,0,0,0,0,Open,0,0,0,Fine,Null
1828678,5628175,32899,,554900,0,,0,0,,West,2006/2007,SH 49,SH 1N,,Minor Crash,Yes,2006,,West,,0,,Flat,,,,,,Overcast,1673302,1,0,1,2,,,0,,,,,,Manawatū-Whanganui Region,Nil,2-way,Sealed,,0,0,,100,,Null,1,0,,36,Ruapehu District,Nil,,,,,0,0,Open,0,,,Fine,Null
1885181,5773885,32900,,540410,0,,0,3,,Null,2005/2006,FENTON ST,HINEMOA ST,,Non-Injury Crash,No,2006,,South,,0,,Flat,,,,,,Bright sun,1234400,0,0,0,4,,,0,,,,,,Bay of Plenty Region,Nil,2-way,Sealed,,0,0,,50,,Null,0,0,,24,Rotorua District,Traffic Signals,,,,,0,0,Urban,0,,,Fine,Null
1796749,5819264,32901,,528406,0,0,0,1,0,South,2005/2006,WAIRERE DRIVE,TASMAN UNDERPASS,,Non-Injury Crash,No,2006,0,South,0,0,0,Flat,0,,0,,0,Dark,907601,0,0,0,2,0,0,0,0,1,,0,0,Waikato Region,Nil,2-way,Sealed,0,0,0,0,80,0,On,0,0,,16,Hamilton City,Unknown,0,0,0,0,0,0,Open,1,0,0,Fine,Null
1760965,5919957,32902,,516400,0,,0,2,,Null,2005/2006,TAMAKI DRIVE,NGAPIPI ROAD,,Non-Injury Crash,No,2006,,West,,0,,Flat,,,,,,Bright sun,496500,0,0,0,2,,,0,,,,,,Auckland Region,Nil,2-way,Sealed,,0,0,,50,,Off,0,0,,76,Auckland,Stop,,,,,0,0,Urban,0,,,Fine,Null
1800892,5815541,32903,,529700,0,0,0,1,0,Null,2006/2007,VICTORIA ST,CLAUDELANDS ROAD,,Non-Injury Crash,No,2006,0,West,0,0,0,Flat,1,,0,,0,Dark,911402,0,0,0,2,0,0,0,0,0,,0,0,Waikato Region,Bridge,2-way,Sealed,0,0,0,0,50,0,On,0,0,,16,Hamilton City,Traffic Signals,0,0,0,0,0,0,Urban,0,0,0,Fine,Null
1763323,5911519,32904,,520500,0,,0,0,,Null,2005/2006,GREAT SOUTH ROAD,VESTEY DRIVE,,Non-Injury Crash,No,2006,,South,,0,,Flat,,,,,,Bright sun,637701,0,0,0,4,,,0,,,,,,Auckland Region,Nil,2-way,Sealed,,0,0,,50,,Off,1,0,,76,Auckland,Traffic Signals,,,,,0,0,Urban,1,,,Fine,Null
1216321,4854607,32905,,612801,0,,0,0,,South,2006/2007,JETTY ST,SH 99,,Minor Crash,No,2006,,South,,0,,Flat,,,,,,Dark,3191100,2,0,0,2,,,0,,,2,,,Southland Region,Nil,2-way,Sealed,,0,0,,50,,On,0,0,,73,Southland District,Unknown,,,,,0,0,Urban,1,,,Fine,Null
1818086,5781876,32906,,528000,1,,0,1,,West,2005/2006,ARAPUNI ROAD,EARLE ROAD,,Minor Crash,No,2006,,East,,0,,Flat,,,,,,Bright sun,991100,1,0,0,2,,,0,,,,,,Waikato Region,Nil,2-way,Sealed,,0,0,,100,,Null,0,0,,17,Waipa District,Unknown,,,,,0,0,Open,0,,,Fine,Null
1775924,5882142,32907,,521160,0,0,0,1,0,North,2005/2006,SH 1N,MILL OBR,,Non-Injury Crash,Yes,2006,0,South,0,0,0,Flat,0,,0,,0,Dark,827604,0,0,0,2,0,0,0,0,0,,0,1,Auckland Region,Nil,1-way,Sealed,0,0,0,0,100,0,On,0,0,,76,Auckland,Nil,0,0,0,0,0,0,Open,0,0,0,Heavy rain,Null
1572630,5180736,32908,,593501,0,,0,2,,East,2005/2006,LINWOOD AVENUE,AVONSIDE DRIVE,,Non-Injury Crash,No,2006,,West,,0,,Flat,,,,,,Bright sun,2611400,0,0,0,2,,,0,,,,,,Canterbury Region,Nil,2-way,Sealed,,0,0,,50,,Null,0,0,,60,Christchurch City,Unknown,,,,,0,0,Urban,0,,,Fine,Null
1753537,5874438,32909,,521153,0,,0,1,,North,2006/2007,WAIUKU-OTAUA ROAD,CEMETERY ROAD,,Non-Injury Crash,No,2006,,South,,0,,Flat,,,,,,Dark,831800,0,0,0,2,,,0,,,,,,Waikato Region,Nil,2-way,Sealed,,0,0,,70,,On,0,0,,13,Waikato District,Unknown,,,,,0,0,Urban,0,,,Fine,Null
1881124,5826501,32910,,536821,0,,0,2,,Null,2005/2006,SH 2,TOTARA ST,,Non-Injury Crash,Yes,2006,,South,,0,,Flat,,,,,,Overcast,1204200,0,0,0,2,,,0,,,,,,Bay of Plenty Region,Nil,2-way,Sealed,,0,0,,70,,Null,0,0,,23,Tauranga City,Give way,,,,,0,0,Urban,0,,,Light rain,Null
1747202,5920575,32911,,512300,0,,0,1,,Null,2006/2007,TE ATATU ROAD,GLORIA AVENUE,,Serious Crash,No,2006,,North,,0,,Flat,,,,,,Bright sun,252000,0,0,1,2,,,0,,,,,,Auckland Region,Nil,2-way,Sealed,,0,1,,50,,Off,0,0,,76,Auckland,Give way,,,,,0,0,Urban,0,,,Fine,Null
1754888,5925791,32912,,508610,0,,0,3,,Null,2005/2006,PUPUKE ROAD,RALEIGH ROAD,,Minor Crash,No,2006,,East,,0,,Flat,,,,,,Bright sun,207900,1,0,0,3,,,0,,,,,,Auckland Region,Nil,2-way,Sealed,,0,0,,50,,Null,0,0,,76,Auckland,Give way,,,,,0,0,Urban,0,,,Fine,Null
1747275,5919621,32913,,512402,0,,0,1,,North,2005/2006,TE ATATU ROAD,TE ATATU ON WBD,,Non-Injury Crash,No,2006,,North,,0,,Flat,,,,,,Overcast,253700,0,0,0,2,,,0,,,,,,Auckland Region,Bridge,2-way,Sealed,,0,0,,50,,Off,0,0,,76,Auckland,Nil,,,,,1,0,Urban,0,,,Light rain,Null
1935028,5622520,32914,,546200,0,,0,1,,Null,2005/2006,WEST QUAY,CUSTOMS QUAY,,Non-Injury Crash,No,2006,,North,,0,,Flat,,,,,,Bright sun,1418900,0,0,1,2,,,0,,,,,,Hawke's Bay Region,Nil,2-way,Sealed,,0,0,,50,,Null,0,0,,31,Napier City,Nil,,,,,0,0,Urban,0,,,Fine,Null
1821938,5461958,32915,,578902,0,0,0,1,0,East,2006/2007,HARLEY ST,DEVON ST,,Non-Injury Crash,No,2006,0,West,0,0,0,Flat,0,,0,,0,Dark,2232800,0,0,0,2,0,0,0,0,1,,0,0,Wellington Region,Nil,2-way,Sealed,0,0,0,0,50,0,On,0,0,,48,Masterton District,Nil,0,0,0,0,0,0,Urban,1,0,0,Fine,Null
1771821,5581638,32916,,555300,0,0,0,1,0,South,2006/2007,SH 3,RAPANUI ROAD,,Minor Crash,Yes,2006,0,South,1,0,1,Flat,0,,0,,0,Dark,1681802,1,0,0,2,0,0,0,0,0,,0,0,Manawatū-Whanganui Region,Nil,2-way,Sealed,0,0,0,0,100,0,Off,0,0,,37,Whanganui District,Nil,0,0,0,0,0,0,Open,0,0,0,Fine,Null
1766068,5916941,32917,,517001,0,0,0,1,0,South,2005/2006,ROWENA CRESCENT E,TANIWHA ST,,Non-Injury Crash,No,2006,0,South,0,0,0,Flat,0,,0,,0,Bright sun,476300,0,0,0,2,0,0,0,0,1,,0,0,Auckland Region,Nil,2-way,Sealed,0,0,0,0,50,0,Null,0,0,,76,Auckland,Unknown,0,0,0,0,1,0,Urban,0,0,0,Fine,Null
1806337,5536860,32918,,561000,0,0,0,1,0,West,2005/2006,THAMES ST,TYNE ST,,Minor Crash,No,2006,0,East,0,0,0,Flat,0,,0,,0,Bright sun,1787000,1,0,0,2,0,0,0,0,1,,0,0,Manawatū-Whanganui Region,Nil,2-way,Sealed,0,0,0,0,50,0,Null,0,0,,39,Manawatu District,Nil,0,0,0,0,0,0,Urban,1,0,0,Fine,Null
1743602,5921131,32919,,513631,0,0,0,2,0,Null,2005/2006,HEWLETT ROAD,WAIMUMU ROAD,,Non-Injury Crash,No,2006,0,West,0,0,1,Hill Road,0,Easter,0,,0,Dark,227305,0,0,0,2,0,0,0,0,1,,0,0,Auckland Region,Nil,2-way,Sealed,0,0,0,0,50,0,On,0,0,,76,Auckland,Stop,0,0,0,0,0,0,Urban,0,0,0,Fine,Null
1771190,5915397,32920,,521601,0,0,0,1,0,West,2006/2007,PATON ROAD,BLEAKHOUSE ROAD,,Non-Injury Crash,No,2006,0,East,0,0,0,Hill Road,0,,0,,0,Dark,645600,0,0,0,2,0,0,0,0,0,,0,1,Auckland Region,Nil,2-way,Sealed,0,0,0,0,50,0,On,0,0,,76,Auckland,Nil,0,0,0,0,0,0,Urban,0,0,0,Heavy rain,Null
1934354,5619476,32921,,546300,0,,0,2,,Null,2005/2006,KENNEDY ROAD,MAADI ROAD,,Non-Injury Crash,No,2006,,North,,0,,Flat,,,,,,Twilight,1438800,0,0,0,2,,,0,,,,,,Hawke's Bay Region,Nil,2-way,Sealed,,0,0,,50,,On,0,0,,31,Napier City,Nil,,,,,0,0,Urban,0,,,Fine,Null
1756168,5924042,32922,,509800,0,,0,3,,South,2006/2007,SH 1N,ONEWA ON SBD,,Non-Injury Crash,Yes,2006,,South,,0,,Flat,,,,,,Bright sun,361100,0,0,0,4,,,0,,,,,,Auckland Region,Nil,1-way,Sealed,,0,0,,100,,Off,0,0,,76,Auckland,Nil,,,,,0,0,Open,0,,,Fine,Null
1743698,5975249,32923,,506661,0,0,0,1,0,North,2005/2006,SH 1N,WAIWHIU ROAD,,Fatal Crash,Yes,2006,0,North,0,1,1,Hill Road,0,,0,,0,Overcast,138900,0,0,0,2,0,0,0,0,0,,0,0,Auckland Region,Nil,2-way,Sealed,0,0,0,0,100,0,None,0,0,,76,Auckland,Nil,0,0,0,0,1,0,Open,0,0,0,Light rain,Null
1826098,5885898,32924,,533502,0,,0,1,,Null,2005/2006,SH 25,POLLEN ST S,,Non-Injury Crash,Yes,2006,,East,,0,,Flat,,,,,,Overcast,1055500,0,0,0,2,,,0,,,,,,Waikato Region,Nil,2-way,Sealed,,0,0,,50,,Null,1,0,,11,Thames-Coromandel District,Stop,,,,,0,0,Urban,0,,,Light rain,Null
1821937,5529072,32925,,562800,0,,0,2,,Null,2006/2007,FERGUSON ST,FITZHERBERT AVENUE,,Non-Injury Crash,No,2006,,West,,0,,Flat,,,,,,Bright sun,1828700,0,0,0,4,,,0,,,,,,Manawatū-Whanganui Region,Nil,2-way,Sealed,,0,0,,50,,Null,0,0,,40,Palmerston North City,Traffic Signals,,,,,0,0,Urban,0,,,Fine,Null
1829350,5796766,32926,,535241,0,0,1,1,0,West,2005/2006,SH 1N,KENTUCKY ROAD,,Non-Injury Crash,Yes,2006,0,East,1,0,0,Flat,0,,0,,0,Overcast,1123100,0,0,0,2,0,0,0,0,0,,0,0,Waikato Region,Nil,2-way,Sealed,0,0,0,0,100,0,None,0,0,,17,Waipa District,Nil,0,0,0,0,0,0,Open,0,0,0,Fine,Null
1889416,5738129,32927,,538841,0,0,0,1,0,South,2005/2006,SH 5,BUTCHER ROAD,,Minor Crash,Yes,2006,0,South,0,0,0,Flat,0,,0,,0,Dark,1262100,1,0,0,2,0,0,0,0,0,,0,0,Waikato Region,Nil,2-way,Sealed,0,0,0,0,100,0,None,0,0,,24,Rotorua District,Unknown,0,0,0,0,0,0,Open,0,0,0,Mist or Fog,Null
1745209,5917870,32928,,510700,0,,0,1,,Null,2006/2007,SEL PEACOCK DRIVE,BUSCOMB AVENUE,,Non-Injury Crash,No,2006,,North,,0,,Flat,,,,,,Bright sun,239804,0,0,0,2,,,0,,,,,,Auckland Region,Nil,2-way,Sealed,,0,0,,50,,Off,1,0,,76,Auckland,Stop,,,,,0,0,Urban,0,,,Fine,Null
1935922,5619300,32929,,546600,0,0,0,1,0,South,2005/2006,NUFFIELD AVENUE,NASH ST,,Serious Crash,No,2006,0,South,0,0,1,Flat,0,,0,,0,Dark,1435500,3,0,0,2,0,0,0,0,0,,0,0,Hawke's Bay Region,Nil,2-way,Sealed,0,0,1,0,50,0,On,0,0,,31,Napier City,Nil,0,0,0,1,0,0,Urban,0,0,0,Light rain,Null
1758913,5427295,32930,,570300,0,0,0,2,0,South,2005/2006,RIMU ST,OROUA ST,,Non-Injury Crash,No,2006,0,South,0,0,0,Flat,0,,0,,0,Bright sun,1983700,0,0,0,2,0,0,0,0,1,,0,0,Wellington Region,Nil,2-way,Sealed,0,0,0,0,50,0,Null,0,0,,46,Lower Hutt City,Nil,0,0,0,0,0,0,Urban,0,0,0,Fine,Null
1746429,5918523,32931,,512401,0,0,0,1,0,North,2005/2006,OZICH AVENUE,STRID ROAD,,Minor Crash,No,2006,0,West,0,0,0,Flat,0,,1,,0,Dark,255702,1,0,0,2,0,0,0,0,1,,0,0,Auckland Region,Nil,2-way,Sealed,0,0,0,0,50,0,On,0,0,,76,Auckland,Nil,0,0,0,0,1,0,Urban,0,0,0,Fine,Null
1761382,5914217,32932,,520202,0,0,0,1,0,Null,2006/2007,PENROSE INT,PENROSE OFF NBD,,Non-Injury Crash,Yes,2006,0,West,0,0,0,Flat,1,Christmas New Year,0,,0,Dark,612300,0,0,0,2,0,0,0,0,0,,0,0,Auckland Region,Nil,1-way,Sealed,0,0,0,0,50,0,On,0,0,,76,Auckland,Nil,0,0,0,0,0,0,Urban,0,0,0,Light rain,Null
1620919,5429184,32933,,583100,0,,0,2,,East,2005/2006,TOSSWILL ROAD,CHAMBERLAIN ST,,Minor Crash,No,2006,,North,,0,,Hill Road,,,,,,Bright sun,2335000,1,0,0,2,,,0,,,,,,Nelson Region,Nil,2-way,Sealed,,0,0,,50,,Null,0,0,,52,Nelson City,Nil,,,,,0,0,Urban,0,,,Fine,Null
1758317,5919607,32934,,515902,0,0,0,1,0,South,2006/2007,LOWER DOMAIN DRIVE,LOVERS LANE,,Minor Crash,No,2006,0,South,0,0,0,Hill Road,0,,0,,0,Dark,451400,1,0,0,2,0,0,0,1,0,,0,0,Auckland Region,Nil,Off road,Sealed,0,0,0,0,20,0,Off,0,0,,76,Auckland,Unknown,0,0,0,0,0,0,Urban,0,0,0,Light rain,Null
1932394,5619678,32935,,547001,0,0,0,1,0,North,2005/2006,ARGYLL CRESCENT,NORFOLK ST,,Non-Injury Crash,No,2006,0,South,0,0,0,Flat,0,,0,,0,Dark,1451700,0,0,0,2,0,0,0,0,0,,0,0,Hawke's Bay Region,Nil,2-way,Sealed,0,0,0,0,50,0,On,0,0,,31,Napier City,Nil,0,0,0,1,0,0,Urban,0,0,0,Fine,Null
1844132,5811674,32936,,535502,0,,0,1,,Null,2006/2007,ARAWA ST,SH 24,,Minor Crash,No,2006,,North,,0,,Flat,,,,,,Bright sun,1118700,1,0,0,2,,,0,,,1,,,Waikato Region,Nil,2-way,Sealed,,0,0,,50,,Off,0,0,,15,Matamata-Piako District,Give way,,,,,0,0,Urban,0,,,Fine,Null
1767236,5919053,32937,,516800,0,0,0,0,0,East,2005/2006,WHITEHAVEN ROAD,LISBURN AVENUE,,Minor Crash,No,2006,0,West,0,0,0,Hill Road,0,,0,,0,Overcast,514100,1,0,0,2,0,0,0,0,0,,0,0,Auckland Region,Nil,2-way,Sealed,0,0,0,0,50,0,Off,0,0,,76,Auckland,Nil,0,0,0,1,1,0,Urban,0,0,0,Fine,Null
1830701,5867373,32938,95,533901,0,0,0,1,0,West,2005/2006,SH 2,HAURAKI ROAD,,Fatal Crash,Yes,2006,0,East,1,1,0,Flat,0,Christmas New Year,0,,0,Overcast,1064900,0,0,0,2,0,0,0,0,0,,0,0,Waikato Region,Nil,2-way,Sealed,0,0,3,0,100,0,None,0,0,,12,Hauraki District,Nil,0,1,0,0,0,0,Open,0,0,0,Fine,Null
1758657,5918578,32939,,517400,0,0,0,1,0,South,2005/2006,LEEK ST,RAILWAY ST,,Minor Crash,No,2006,0,East,0,0,0,Hill Road,1,,0,,0,Dark,450901,1,0,0,2,0,0,0,1,0,,0,0,Auckland Region,Nil,2-way,Sealed,0,0,0,0,50,0,On,0,0,,76,Auckland,Nil,0,0,0,0,0,0,Urban,0,0,0,Fine,Null
1769182,5901573,32940,,524901,0,,0,2,,Null,2006/2007,HILL ROAD,CLAUDE ROAD,,Non-Injury Crash,No,2006,,West,,0,,Flat,,,,,,Bright sun,756000,0,0,0,2,,,0,,,,,,Auckland Region,Nil,2-way,Sealed,,0,0,,50,,Off,0,0,,76,Auckland,Stop,,,,,0,0,Urban,0,,,Fine,Null
1748837,5425627,32941,,576500,0,,1,1,,North,2005/2006,ADELAIDE ROAD,JOHN ST,,Non-Injury Crash,No,2006,,South,,0,,Flat,,,,,,Bright sun,2148700,0,0,0,5,,,0,,,,,,Wellington Region,Nil,2-way,Sealed,,0,0,,50,,Null,0,0,,47,Wellington City,Nil,,,,,0,0,Urban,0,,,Fine,Null
1584455,6180971,32942,,500206,0,0,0,1,0,North,2005/2006,SH 1N,TE HAPUA ROAD,,Serious Crash,Yes,2006,0,South,0,0,0,Hill Road,1,,0,,0,Bright sun,100,0,0,0,1,0,0,0,0,0,,0,0,Northland Region,Nil,2-way,Unsealed,0,0,1,0,100,0,None,0,0,,1,Far North District,Nil,0,0,0,0,0,0,Open,0,0,0,Fine,Null
1745964,5919969,32943,,513301,0,,0,1,,South,2005/2006,CENTRAL PARK DRIVE,PARAMOUNT DRIVE,,Minor Crash,No,2006,,South,,0,,Flat,,,,,,Bright sun,230401,1,0,0,2,,,0,,,,,,Auckland Region,Nil,2-way,Sealed,,0,0,,50,,Off,1,0,,76,Auckland,Nil,,,,,0,0,Urban,0,,,Fine,Null
1764132,5913611,32944,,520500,0,,0,1,,Null,2006/2007,WAIPUNA ROAD,IRELAND ROAD,,Serious Crash,No,2006,,East,,0,,Flat,,,,,,Overcast,638700,0,0,0,4,,,0,,,,,,Auckland Region,Nil,2-way,Sealed,,0,1,,50,,Off,0,0,,76,Auckland,Traffic Signals,,,,,0,0,Urban,1,,,Heavy rain,Null
1709630,6043316,32945,,501810,0,,1,1,,Null,2006/2007,SH 14,KOKOPU BLOCK ROAD,,Non-Injury Crash,Yes,2006,,North,,0,,Flat,,,,,,Dark,72101,0,0,0,2,,,0,,,,,,Northland Region,Nil,2-way,Sealed,,0,0,,70,,On,0,0,,2,Whangarei District,Stop,,,,,0,0,Urban,0,,,Fine,Null
1864528,5545079,32946,,550102,0,,0,1,,Null,2006/2007,GERTRUDE ST,THYRA ST,,Non-Injury Crash,No,2006,,South,,0,,Flat,,,,,,Twilight,1532000,0,0,0,2,,,0,,,,,,Manawatū-Whanganui Region,Nil,2-way,Sealed,,0,0,,50,,Off,0,0,,41,Tararua District,Give way,,,,,0,0,Urban,1,,,Fine,Null
1885177,5773773,32947,,540410,0,,0,1,,Null,2006/2007,FENTON ST,ERUERA ST,,Minor Crash,No,2006,,South,,0,,Flat,,,,,,Dark,1234800,1,0,0,4,,,0,,,1,,,Bay of Plenty Region,Nil,2-way,Sealed,,0,0,,50,,On,0,0,,24,Rotorua District,Give way,,,,,0,0,Urban,0,,,Fine,Null
1766334,5899726,32948,,524812,0,0,0,1,0,Null,2006/2007,MAHIA ROAD,WEYMOUTH ROAD,,Minor Crash,No,2006,0,West,0,0,0,Flat,0,,0,,0,Bright sun,774201,1,0,0,1,0,0,0,0,0,,0,0,Auckland Region,Nil,1-way,Sealed,0,0,0,0,50,0,Off,0,0,,76,Auckland,Give way,1,0,0,1,0,0,Urban,0,0,0,Fine,Null
1790798,5842569,32949,,527402,0,0,0,1,0,East,2006/2007,LIGNITE ST,HAKANOA ST,,Non-Injury Crash,No,2006,0,West,0,0,0,Flat,0,,1,,0,Dark,942600,0,0,0,2,0,0,0,0,0,,0,0,Waikato Region,Nil,2-way,Sealed,0,0,0,0,50,0,On,0,0,,13,Waikato District,Unknown,0,0,0,0,0,0,Urban,0,0,0,Fine,Null
1745498,5917440,32950,,510700,0,0,0,2,0,South,2006/2007,RATANUI ST,ALDERMAN DRIVE,,Non-Injury Crash,No,2006,0,North,0,0,0,Flat,0,,0,,0,Overcast,239900,0,0,0,2,0,0,0,0,1,,0,0,Auckland Region,Nil,2-way,Sealed,0,0,0,0,50,0,Off,0,0,,76,Auckland,Give way,0,0,0,0,0,0,Urban,0,0,0,Fine,Null
1752836,5973047,32951,,506661,0,,0,1,,South,2006/2007,SHARP ROAD,MATAKANA ROAD,,Non-Injury Crash,No,2006,,South,,0,,Hill Road,,,,,,Dark,139302,0,0,0,2,,,0,,,,,,Auckland Region,Nil,2-way,Sealed,,0,0,,100,,None,0,0,,76,Auckland,Nil,,,,,0,0,Open,0,,,Fine,Null
1767440,5912092,32952,,522920,0,,0,2,,South,2005/2006,TI RAKAU DRIVE,EDGEWATER DRIVE S,,Minor Crash,No,2006,,North,,0,,Flat,,,,,,Dark,687005,1,0,0,4,,,0,,,,,,Auckland Region,Nil,2-way,Sealed,,0,0,,60,,On,0,0,,76,Auckland,Give way,,,,,0,0,Urban,0,,,Fine,Null
1745729,5917383,32953,,510700,0,,0,2,,Null,2005/2006,EDMONTON ROAD,ALDERMAN DRIVE,,Minor Crash,No,2006,,North,,0,,Flat,,,,,,Overcast,240401,2,0,0,4,,,0,,,,,,Auckland Region,Nil,2-way,Sealed,,0,0,,50,,Off,0,0,,76,Auckland,Give way,,,,,1,0,Urban,0,,,Fine,Null
1758022,5920281,32954,,514103,0,,0,2,,North,2005/2006,ANZAC AVENUE,WATERLOO QUADRANT,,Non-Injury Crash,No,2006,,South,,0,,Flat,,,,,,Dark,438203,0,0,0,2,,,0,,,,,,Auckland Region,Nil,2-way,Sealed,,0,0,,50,,On,0,0,,76,Auckland,Traffic Signals,,,,,0,0,Urban,0,,,Fine,Null
1750202,5914272,32955,30,511303,0,,0,2,,South,2006/2007,GREAT NORTH ROAD,VERONICA ST,,Non-Injury Crash,No,2006,,North,,0,,Flat,,,,,,Dark,266100,0,0,0,4,,,0,,,,,,Auckland Region,Nil,2-way,Sealed,,0,0,,50,,On,0,0,,76,Auckland,Traffic Signals,,,,,0,0,Urban,1,,,Fine,Null
1757025,5919442,32956,,514103,0,,0,2,,Null,2005/2006,QUEEN ST,CROSS ST,,Non-Injury Crash,No,2006,,South,,0,,Hill Road,,,,,,Dark,436401,0,0,0,4,,,0,,,,,,Auckland Region,Nil,2-way,Sealed,,0,0,,50,,On,0,0,,76,Auckland,Nil,,,,,0,0,Urban,0,,,Fine,Null
1783277,5781907,32957,,531301,0,0,0,1,1,West,2005/2006,SH 31,NGUTUNUI ROAD,,Minor Crash,Yes,2006,0,East,0,0,0,Hill Road,0,,0,,0,Overcast,994600,1,0,0,2,0,0,0,0,0,,0,0,Waikato Region,Nil,2-way,Sealed,0,0,0,0,100,0,Null,1,0,,18,Ōtorohanga District,Unknown,0,0,0,0,0,0,Open,0,0,0,Light rain,Null
1757954,5918013,32958,,515700,0,,0,2,,East,2005/2006,GILLIES ON NBD,SH 1N,,Minor Crash,Yes,2006,,East,,0,,Flat,,,,,,Dark,443700,1,0,0,2,,,0,,,,,,Auckland Region,Nil,1-way,Sealed,,0,0,,80,,On,1,0,,76,Auckland,Nil,,,,,0,0,Open,0,,,Light rain,Null