X,Y,OBJECTID,advisorySpeed,areaUnitID,bicycle,bridge,bus,carStationWagon,cliffBank,crashDirectionDescription,crashFinancialYear,crashLocation1,crashLocation2,crashRoadSideRoad,crashSeverity,crashSHDescription,crashYear,debris,directionRoleDescription,ditch,fatalCount,fence,flatHill,guardRail,holiday,houseOrBuilding,intersection,kerb,light,meshblockId,minorInjuryCount,moped,motorcycle,NumberOfLanes,objectThrownOrDropped,otherObject,otherVehicleType,overBank,parkedVehicle,pedestrian,phoneBoxEtc,postOrPole,region,roadCharacter,roadLane,roadSurface,roadworks,schoolBus,seriousInjuryCount,slipOrFlood,speedLimit,strayAnimal,streetLight,suv,taxi,temporarySpeedLimit,tlaId,tlaName,trafficControl,trafficIsland,trafficSign,train,tree,truck,unknownVehicleType,urban,vanOrUtility,vehicle,waterRiver,weatherA,weatherB
1782640,5906982,32959,,525201,0,0,0,1,1,North,2006/2007,NORTH ROAD,MARK WILLIAMS PLACE,,Minor Crash,No,2006,0,North,0,0,1,Flat,0,,0,,0,Dark,762700,2,0,0,2,0,0,0,0,0,,0,0,Auckland Region,Nil,2-way,Sealed,0,0,0,0,100,0,None,1,0,,76,Auckland,Nil,0,0,0,0,0,0,Open,0,0,0,Fine,Null
1748836,5426370,32960,,573300,0,0,0,3,0,North,2005/2006,TASMAN ST,RUGBY ST,,Non-Injury Crash,No,2006,0,North,0,0,0,Hill Road,0,,0,,0,Dark,2145400,0,0,0,2,0,0,0,0,1,,0,0,Wellington Region,Nil,2-way,Sealed,0,0,0,0,50,0,On,0,0,,47,Wellington City,Give way,0,0,0,0,0,0,Urban,0,0,0,Fine,Null
1797070,5819557,32961,,528403,0,,0,2,,Null,2006/2007,WAIRERE DRIVE,TE RAPA ROAD,,Non-Injury Crash,No,2006,,East,,0,,Flat,,,,,,Bright sun,907500,0,0,0,4,,,0,,,,,,Waikato Region,Nil,2-way,Sealed,,0,0,,60,,Null,0,0,,16,Hamilton City,Give way,,,,,0,0,Urban,0,,,Fine,Null
1774226,5896002,32962,,525620,0,0,0,1,0,Null,2005/2006,SETTLEMENT ROAD,KELVIN ROAD,,Non-Injury Crash,No,2006,0,South,0,0,0,Hill Road,0,,0,,0,Dark,798300,0,0,0,2,0,0,0,0,0,,0,1,Auckland Region,Nil,2-way,Sealed,0,0,0,0,50,0,On,0,0,,76,Auckland,Stop,0,0,0,0,0,0,Urban,0,0,0,Fine,Null
1737829,5929297,32963,,505602,0,0,0,2,0,Null,2005/2006,SH 16,ORAHA ROAD,,Minor Crash,Yes,2006,0,South,0,0,0,Flat,0,,1,,0,Bright sun,216002,1,0,0,2,0,0,0,0,0,,0,0,Auckland Region,Nil,2-way,Sealed,0,0,0,0,70,0,Off,0,0,,76,Auckland,Give way,0,0,0,0,0,0,Urban,0,0,0,Fine,Null
1930797,5592006,32964,,545860,0,0,1,0,0,North,2005/2006,KAHURANAKI ROAD,ROCHFORT ROAD,,Serious Crash,No,2006,0,South,0,0,1,Hill Road,0,,0,,0,Overcast,1467400,0,0,0,2,0,0,0,1,0,,0,0,Hawke's Bay Region,Nil,2-way,Sealed,0,1,1,0,100,0,Null,1,0,,30,Hastings District,Nil,0,0,0,1,0,0,Open,0,0,0,Fine,Null
1754728,5912460,32965,,518803,0,,0,1,,West,2006/2007,RICHARDSON ROAD,GLASS ROAD,,Minor Crash,No,2006,,East,,0,,Hill Road,,,,,,Bright sun,583600,1,0,0,4,,,0,,,,,,Auckland Region,Nil,2-way,Sealed,,0,0,,50,,Null,0,0,,76,Auckland,Nil,,,,,0,0,Urban,1,,,Fine,Null
1757215,5919952,32966,,514103,0,0,0,2,0,North,2006/2007,QUEEN ST,MAYORAL DRIVE,,Non-Injury Crash,No,2006,0,North,0,0,0,Hill Road,0,,0,,0,Overcast,436100,0,0,0,4,0,0,0,0,1,,0,0,Auckland Region,Nil,2-way,Sealed,0,0,0,0,50,0,Off,0,0,,76,Auckland,Nil,0,0,0,0,0,0,Urban,0,0,0,Fine,Null
1655917,5307013,32967,,581400,0,0,0,1,0,North,2005/2006,SH 1S,HAWTHORNE ROAD,,Non-Injury Crash,Yes,2006,0,North,0,0,0,Flat,0,,0,,0,Dark,2312900,0,0,0,2,0,0,0,0,1,,0,0,Canterbury Region,Nil,2-way,Sealed,0,0,0,0,50,0,On,1,0,,54,Kaikoura District,Nil,0,0,0,0,0,0,Urban,0,0,0,Fine,Null
1887165,5772704,32968,,538732,0,,0,1,,Null,2005/2006,SH 30,MARINO ROAD,,Non-Injury Crash,Yes,2006,,South,,0,,Flat,,,,,,Bright sun,1255600,0,0,0,2,,,0,,,,,,Bay of Plenty Region,Nil,2-way,Sealed,,0,0,,70,,Null,1,0,,24,Rotorua District,Give way,,,,,0,0,Urban,0,,,Fine,Null
1743952,5920165,32969,,513632,0,0,0,1,0,East,2005/2006,HELENA ST,ALDERN ROAD,,Serious Crash,No,2006,0,East,0,0,0,Flat,0,,0,,0,Bright sun,228802,0,0,0,2,0,0,0,0,1,,0,0,Auckland Region,Nil,2-way,Sealed,0,0,1,0,50,0,Null,0,0,,76,Auckland,Unknown,0,0,0,0,1,0,Urban,0,0,0,Fine,Null
1711830,5634647,32970,,553601,0,,0,2,,Null,2006/2007,BRIDGE ST,SH 3,,Minor Crash,Yes,2006,,East,,0,,Flat,,,,,,Dark,1636600,1,0,0,2,,,0,,,,,,Taranaki Region,Nil,2-way,Sealed,,0,0,,50,,On,0,0,,35,South Taranaki District,Stop,,,,,0,0,Urban,0,,,Fine,Null
1933125,5616472,32971,,545631,0,0,0,1,0,North,2005/2006,TANNERY ROAD,MEEANEE ROAD,,Non-Injury Crash,No,2006,0,South,1,0,0,Flat,0,,0,,0,Twilight,1402400,0,0,0,2,0,0,0,0,0,,0,0,Hawke's Bay Region,Nil,2-way,Sealed,0,0,0,0,100,0,None,0,0,,31,Napier City,Nil,0,0,0,0,0,0,Open,0,0,0,Fine,Null
1731500,6029322,32972,,501806,0,0,0,2,0,Null,2006/2007,MARSDEN POINT ROAD,SIME ROAD,,Non-Injury Crash,No,2006,0,South,0,0,0,Flat,0,,0,,0,Overcast,79603,0,0,0,2,0,0,0,0,0,,0,0,Northland Region,Nil,2-way,Sealed,0,0,0,0,70,0,None,1,0,,2,Whangarei District,Give way,0,0,0,0,0,0,Urban,0,1,0,Light rain,Null
1748978,5426297,32973,,573300,0,,0,1,,West,2005/2006,SH 1N RUGBY,ADELAIDE ROAD,,Minor Crash,Yes,2006,,West,,0,,Hill Road,,,,,,Overcast,2145602,1,0,0,3,,,0,,,,,,Wellington Region,Nil,2-way,Sealed,,0,0,,50,,Null,1,0,,47,Wellington City,Nil,,,,,0,0,Urban,0,,,Heavy rain,Strong wind
1855705,5866893,32974,,534200,0,0,0,0,1,South,2006/2007,SH 25,WHIRITOA STM BR,,Minor Crash,Yes,2006,0,North,0,0,0,Hill Road,0,,0,,0,Bright sun,1082600,1,0,0,2,0,0,0,0,0,,0,0,Waikato Region,Nil,2-way,Sealed,0,0,0,0,100,0,Null,0,0,,12,Hauraki District,Unknown,0,0,0,0,1,0,Open,0,0,0,Fine,Null
1680168,5404923,32975,,581220,0,,0,2,,Null,2005/2006,SH 1S,BUDGE ST,,Non-Injury Crash,Yes,2006,,South,,0,,Flat,,,,,,Twilight,2294700,0,0,0,2,,,0,,,,,,Marlborough Region,Nil,2-way,Sealed,,0,0,,50,,On,0,0,,53,Marlborough District,Give way,,,,,0,0,Urban,0,,,Fine,Null
1748883,5429555,32976,,572900,0,,0,2,,Null,2005/2006,TINAKORI ROAD,PARK ST,,Non-Injury Crash,No,2006,,East,,0,,Flat,,,,,,Overcast,2120600,0,0,0,2,,,0,,,,,,Wellington Region,Nil,2-way,Sealed,,0,0,,50,,Null,0,0,,47,Wellington City,Traffic Signals,,,,,0,0,Urban,0,,,Light rain,Null
1772083,5911845,32977,,523110,0,0,0,0,0,South,2006/2007,POINT VIEW DRIVE,WHITFORD ROAD,,Serious Crash,No,2006,0,South,1,0,0,Flat,0,,0,,0,Twilight,711171,0,0,1,2,0,0,0,0,0,,0,0,Auckland Region,Nil,2-way,Sealed,0,0,1,0,80,0,None,0,0,,76,Auckland,Nil,0,0,0,1,0,0,Open,0,0,0,Fine,Null
1883329,5773101,32978,,539700,0,,0,2,,Null,2006/2007,MALFROY ROAD WEST,JERVIS ST,,Non-Injury Crash,No,2006,,East,,0,,Flat,,,,,,Overcast,1227300,0,0,0,2,,,0,,,,,,Bay of Plenty Region,Nil,2-way,Sealed,,0,0,,50,,Off,0,0,,24,Rotorua District,Nil,,,,,0,0,Urban,0,,,Fine,Null
1757153,5920530,32979,,514102,0,0,0,1,0,North,2006/2007,FEDERAL ST,VICTORIA ST WEST,,Non-Injury Crash,No,2006,0,East,0,0,0,Flat,0,,1,,0,Dark,433404,0,0,0,2,0,0,0,0,0,,0,0,Auckland Region,Nil,2-way,Sealed,0,0,0,0,50,0,On,0,0,,76,Auckland,Nil,0,0,0,0,0,0,Urban,0,0,0,Fine,Null
1653203,6072690,32980,,500802,0,0,0,1,0,West,2006/2007,SH 12,WAIMA VALLEY ROAD,,Minor Crash,Yes,2006,0,East,0,0,0,Flat,0,,0,,0,Dark,24500,1,0,0,2,0,0,0,0,0,,0,0,Northland Region,Nil,2-way,Sealed,0,0,0,0,100,0,None,0,0,,1,Far North District,Nil,0,0,0,0,0,0,Open,0,0,0,Fine,Null
1662932,6071188,32981,,500802,0,,0,2,,West,2006/2007,MANGATAWA ROAD,OTAUA ROAD,,Non-Injury Crash,No,2006,,West,,0,,Flat,,,,,,Overcast,23400,0,0,0,0,,,0,,,,,,Northland Region,Bridge,1-way,Unsealed,,0,0,,50,,None,0,0,,1,Far North District,Nil,,,,,0,0,Urban,0,,,Fine,Null
1672549,6114684,32982,,500401,0,0,0,1,1,West,2006/2007,SH 10,WAIARE ROAD,,Non-Injury Crash,Yes,2006,0,North,0,0,0,Hill Road,0,,0,,0,Dark,19100,0,0,0,2,0,0,0,0,0,,0,0,Northland Region,Nil,2-way,Sealed,0,0,0,0,100,0,None,0,0,,1,Far North District,Unknown,0,0,0,0,0,0,Open,0,0,0,Light rain,Null
1790323,5500677,32983,,564013,0,,0,1,,West,2005/2006,HOKIO BEACH ROAD,HAMARIA ROAD,,Minor Crash,No,2006,,West,,0,,Flat,,,,,,Overcast,1856300,1,0,0,2,,,0,,,,,,Manawatū-Whanganui Region,Nil,2-way,Sealed,,0,0,,100,,Null,0,0,,42,Horowhenua District,Nil,,,,,0,0,Open,1,,,Light rain,Null
1758051,5919773,32984,,515902,0,,0,1,,Null,2006/2007,LOWER DOMAIN DRIVE,GRAFTON MEWS,,Non-Injury Crash,No,2006,,West,,0,,Hill Road,,,,,,Dark,451400,0,0,0,2,,,0,,,,,,Auckland Region,Nil,2-way,Sealed,,0,0,,30,,On,1,0,,76,Auckland,Nil,,,,,0,0,Urban,0,,,Fine,Null
1749060,5425204,32985,,576400,0,0,0,2,0,South,2005/2006,MINERVA ST,MEIN ST,,Non-Injury Crash,No,2006,0,North,0,0,0,Flat,0,,0,,0,Dark,2167100,0,0,0,2,0,0,0,0,0,,0,0,Wellington Region,Nil,2-way,Sealed,0,0,0,0,50,0,On,0,0,,47,Wellington City,Nil,0,0,0,0,0,0,Urban,0,1,0,Fine,Null
1881246,5774626,32986,,539310,0,,0,1,,West,2005/2006,ROGER ST,EDMUND ROAD,,Minor Crash,No,2006,,East,,0,,Flat,,Easter,,,,Twilight,1230801,1,0,0,2,,,0,,,1,,,Bay of Plenty Region,Nil,2-way,Sealed,,0,0,,50,,On,0,0,,24,Rotorua District,Unknown,,,,,0,0,Urban,0,,,Fine,Null
1768257,5906450,32987,,523711,0,,0,2,,Null,2005/2006,DAWSON ROAD,DESMOND PLACE,,Minor Crash,No,2006,,North,,0,,Flat,,,,,,Twilight,714802,1,0,0,2,,,0,,,,,,Auckland Region,Nil,2-way,Sealed,,0,0,,50,,On,0,0,,76,Auckland,Give way,,,,,0,0,Urban,0,,,Fine,Null
1765696,5908376,32988,,523402,0,0,0,1,0,South,2006/2007,SH 1N,PRINCES OBR,,Non-Injury Crash,Yes,2006,0,South,0,0,0,Flat,1,,0,,0,Bright sun,697000,0,0,0,6,0,0,0,0,0,,0,0,Auckland Region,Nil,2-way,Sealed,0,0,0,0,100,0,Off,0,0,,76,Auckland,Nil,0,0,0,0,0,0,Open,0,0,0,Fine,Null
1824695,5463918,32989,,579200,0,,0,1,,Null,2006/2007,SH 2,TE ORE ORE ROAD,,Non-Injury Crash,Yes,2006,,North,,0,,Flat,,,,,,Twilight,2251800,0,0,0,2,,,0,,,,,,Wellington Region,Nil,2-way,Sealed,,0,0,,50,,On,0,0,,48,Masterton District,Give way,,,,,1,0,Urban,0,,,Fine,Null
1799009,5814868,32990,,529000,0,,0,2,,Null,2005/2006,SH 1N,BANDON ST,,Non-Injury Crash,Yes,2006,,South,,0,,Flat,,,,,,Overcast,918400,0,0,0,,,,0,,,,,,Waikato Region,Nil,2-way,Sealed,,0,0,,50,,Off,0,0,,16,Hamilton City,Give way,,,,,0,0,Urban,0,,,Light rain,Null
1767108,5904766,32991,,524603,0,,0,1,,Null,2005/2006,CAVENDISH DRIVE,SHARKEY ST,,Minor Crash,No,2006,,East,,0,,Flat,,,,,,Bright sun,780205,1,0,0,4,,,0,,,,,,Auckland Region,Nil,2-way,Sealed,,0,0,,50,,Off,0,0,,76,Auckland,Nil,,,,,0,0,Urban,1,,,Fine,Null
1619556,5426419,32992,,583900,0,,0,2,,Null,2005/2006,MAIN ROAD STOKE,SONGER ST,,Non-Injury Crash,No,2006,,North,,0,,Flat,,,,,,Bright sun,2342800,0,0,0,2,,,0,,,,,,Nelson Region,Nil,2-way,Sealed,,0,0,,50,,Null,0,0,,52,Nelson City,Traffic Signals,,,,,0,0,Urban,0,,,Fine,Null
2027716,5698784,32993,,544002,0,,0,1,,Null,2005/2006,SH 2,MURIWAI BEACH ROAD,,Non-Injury Crash,Yes,2006,,South,,0,,Flat,,,,,,Bright sun,1365600,0,0,0,2,,,0,,,,,,Gisborne Region,Nil,2-way,Sealed,,0,0,,100,,Null,1,0,,28,Gisborne District,Give way,,,,,0,0,Open,0,,,Fine,Null
1748824,5425579,32994,,576301,0,,0,5,,South,2006/2007,ADELAIDE ROAD,JOHN ST,,Non-Injury Crash,No,2006,,North,,0,,Flat,,,,,,Bright sun,2163400,0,0,0,2,,,0,,,,,,Wellington Region,Nil,2-way,Sealed,,0,0,,50,,Null,0,0,,47,Wellington City,Nil,,,,,0,0,Urban,0,,,Fine,Null
1893381,5820867,32995,,536202,0,0,0,1,0,East,2005/2006,PAPAMOA BEACH ROAD,KIRKPATRICK PLACE,,Non-Injury Crash,No,2006,0,East,0,0,0,Flat,0,,0,,0,Overcast,1204813,0,0,0,2,0,0,0,0,0,,0,1,Bay of Plenty Region,Nil,2-way,Sealed,0,0,0,0,70,0,Null,0,0,,23,Tauranga City,Unknown,0,0,0,0,0,0,Urban,0,0,0,Fine,Null
1719510,6046396,32996,,502800,0,0,0,2,0,North,2006/2007,APIRANA AVENUE,BANK ST,,Non-Injury Crash,No,2006,0,South,0,0,0,Flat,0,,0,,0,Overcast,96300,0,0,0,2,0,0,0,0,1,,0,0,Northland Region,Nil,2-way,Sealed,0,0,0,0,50,0,Null,0,0,,2,Whangarei District,Unknown,0,0,0,0,0,0,Urban,0,0,0,Fine,Null
1774246,5896002,32997,,525610,0,,0,1,,Null,2006/2007,SETTLEMENT ROAD,ALBION PLACE,,Non-Injury Crash,No,2006,,East,,0,,Flat,,,,,,Twilight,798803,0,0,1,2,,,0,,,,,,Auckland Region,Nil,2-way,Sealed,,0,0,,50,,Off,0,0,,76,Auckland,Nil,,,,,0,0,Urban,0,,,Fine,Null
1879572,5825558,32998,,538202,0,,0,2,,South,2006/2007,SH 2A,DIVE CRESCENT,,Non-Injury Crash,Yes,2006,,North,,0,,Hill Road,,,,,,Bright sun,1162800,0,0,0,2,,,0,,,,,,Bay of Plenty Region,Nil,2-way,Sealed,,0,0,,50,,Null,0,0,,23,Tauranga City,Unknown,,,,,0,0,Urban,0,,,Fine,Null
1758051,5906845,32999,,524200,0,0,0,1,0,East,2006/2007,ASCOT ROAD,MONTGOMERIE ROAD,,Non-Injury Crash,No,2006,0,East,0,0,1,Flat,0,,0,,0,Bright sun,726400,0,0,0,2,0,0,0,0,0,,0,0,Auckland Region,Nil,2-way,Sealed,0,0,0,0,50,0,Off,0,0,,76,Auckland,Nil,0,0,0,0,0,0,Urban,0,0,0,Fine,Null
1801273,5812965,33000,,530400,0,,0,0,,Null,2005/2006,SH3 ON RAMP,BADER ST,,Minor Crash,Yes,2006,,South,,0,,Flat,,,,,,Overcast,923600,2,0,0,4,,,0,,,,,,Waikato Region,Nil,2-way,Sealed,,0,0,,50,,Null,0,0,,16,Hamilton City,Stop,,,,,0,0,Urban,2,,,Fine,Null
1881714,5774791,33001,,539400,0,0,0,0,0,East,2006/2007,CLAYTON ROAD,EDMUND ROAD,,Serious Crash,No,2006,0,East,0,0,0,Flat,0,,0,,1,Dark,1224100,0,0,0,2,0,0,0,0,0,1,0,0,Bay of Plenty Region,Nil,2-way,Sealed,0,0,1,0,50,0,On,0,0,,24,Rotorua District,Nil,0,0,0,0,0,0,Urban,1,0,0,Fine,Null
1805642,5510020,33002,,564021,0,,0,1,,South,2006/2007,SH 57,OTAURU ROAD,,Non-Injury Crash,Yes,2006,,South,,0,,Flat,,,,,,Overcast,1853900,0,0,0,2,,,0,,,,,,Manawatū-Whanganui Region,Nil,2-way,Sealed,,0,0,,100,,Null,0,0,,42,Horowhenua District,Nil,,,,,0,0,Open,0,,,Fine,Null
1758744,5447758,33003,,572200,0,,0,2,,North,2005/2006,SH 58,SPINNAKER DRIVE,,Non-Injury Crash,Yes,2006,,West,,0,,Flat,,,,,,Dark,2071301,0,0,0,2,,,0,,,,,,Wellington Region,Nil,2-way,Sealed,,0,0,,100,,None,0,0,,44,Porirua City,Nil,,,,,0,0,Open,0,,,Fine,Null
1623566,6114625,33004,,500301,0,,0,2,,North,2006/2007,PUKEPOTO ROAD,BONNETT ROAD,,Non-Injury Crash,No,2006,,South,,0,,Flat,,,,,,Twilight,13100,0,0,0,2,,,0,,,,,,Northland Region,Nil,2-way,Sealed,,0,0,,50,,Off,0,0,,1,Far North District,Nil,,,,,0,0,Urban,0,,,Fine,Null
1751083,5954632,33005,,506201,0,,0,0,,West,2006/2007,WERANUI ROAD,JERVIS ROAD,,Serious Crash,No,2006,,East,,0,,Flat,,,,,,Bright sun,176204,0,0,0,2,,,0,,,,,,Auckland Region,Nil,2-way,Sealed,,0,1,,80,,None,1,0,,76,Auckland,Nil,,,,,0,0,Open,1,,,Fine,Null
1800319,5815515,33006,,529700,0,,0,2,,Null,2005/2006,NORTON ROAD,TRISTRAM ST,,Non-Injury Crash,No,2006,,East,,0,,Flat,,,,,,Dark,910700,0,0,0,4,,,0,,,,,,Waikato Region,Nil,2-way,Sealed,,0,0,,50,,On,0,1,,16,Hamilton City,Traffic Signals,,,,,0,0,Urban,0,,,Fine,Null
1743621,5917183,33007,,513220,0,0,0,1,0,South,2006/2007,SUMMERLAND DRIVE,ENNERDALE LANE,,Non-Injury Crash,No,2006,0,South,0,0,0,Flat,0,,0,,0,Overcast,236802,0,0,0,2,0,0,0,0,1,,0,0,Auckland Region,Nil,2-way,Sealed,0,0,0,0,50,0,Off,1,0,,76,Auckland,Nil,0,0,0,0,0,0,Urban,0,0,0,Fine,Null
1821214,5528675,33008,,563000,0,,0,2,,Null,2005/2006,FERGUSON ST,COOK ST,,Non-Injury Crash,No,2006,,West,,0,,Flat,,,,,,Dark,1809300,0,0,0,2,,,0,,,,,,Manawatū-Whanganui Region,Nil,2-way,Sealed,,0,0,,50,,On,0,0,,40,Palmerston North City,Stop,,,,,0,0,Urban,0,,,Fine,Null
1745486,5917614,33009,,510700,0,0,0,2,0,North,2006/2007,SEL PEACOCK DRIVE,ALDERMAN DRIVE,,Non-Injury Crash,No,2006,0,South,0,0,0,Flat,0,,0,,0,Bright sun,239806,0,0,0,2,0,0,0,0,1,,0,0,Auckland Region,Nil,2-way,Sealed,0,0,0,0,50,0,Off,0,0,,76,Auckland,Nil,0,0,0,0,0,0,Urban,0,0,0,Fine,Null
1754443,5945459,33010,,505907,0,,0,1,,Null,2006/2007,WAIORA ROAD,ELLISTON CRESCENT E,,Minor Crash,No,2006,,North,,0,,Hill Road,,,,,,Bright sun,173413,1,0,0,2,,,0,,,1,,,Auckland Region,Nil,2-way,Sealed,,0,0,,50,,Off,0,0,,76,Auckland,Nil,,,,,0,0,Urban,0,,,Fine,Null
1758856,5911779,33011,,519810,0,,0,0,,Null,2006/2007,NEILSON ST,SELWYN ST,,Non-Injury Crash,No,2006,,East,,0,,Flat,,,,,,Bright sun,602200,0,0,0,2,,,0,,,,,,Auckland Region,Nil,2-way,Sealed,,0,0,,50,,Off,0,0,,76,Auckland,Traffic Signals,,,,,1,0,Urban,1,,,Fine,Null
1564291,5180496,33012,,590000,0,,0,1,,Null,2006/2007,SH 73 YALDHURST,AVONHEAD ROAD,,Serious Crash,Yes,2006,,East,,0,,Flat,,,,,,Dark,2538203,0,0,1,2,,,0,,,,,,Canterbury Region,Nil,2-way,Sealed,,0,1,,60,,On,0,0,,60,Christchurch City,Traffic Signals,,,,,0,0,Urban,0,,,Fine,Null
1878258,5822200,33013,,538102,0,,0,2,,West,2006/2007,SH 2A,DEVONPORT ROAD,,Non-Injury Crash,Yes,2006,,West,,0,,Flat,,,,,,Overcast,1167700,0,0,0,2,,,0,,,,,,Bay of Plenty Region,Nil,2-way,Sealed,,0,0,,50,,Null,0,0,,23,Tauranga City,Nil,,,,,0,0,Urban,0,,,Fine,Null
1756816,5447791,33014,,572100,0,0,0,1,0,South,2006/2007,SH 1N,PAREMATA LINK STH,,Minor Crash,Yes,2006,0,North,0,0,0,Flat,0,,0,,0,Overcast,2070000,1,0,0,6,0,0,0,0,1,,0,0,Wellington Region,Nil,2-way,Sealed,0,0,0,0,50,0,Null,0,0,,44,Porirua City,Give way,0,1,0,0,1,0,Urban,0,0,0,Light rain,Null
1758388,5917893,33015,,517400,0,0,0,2,0,East,2006/2007,BALM ST,BROADWAY,,Non-Injury Crash,No,2006,0,West,0,0,0,Flat,0,,0,,0,Bright sun,451300,0,0,0,2,0,0,0,0,1,,0,0,Auckland Region,Nil,2-way,Sealed,0,0,0,0,50,0,Off,0,0,,76,Auckland,Traffic Signals,0,0,0,0,0,0,Urban,0,0,0,Fine,Null
1800869,5811921,33016,,529200,0,,0,2,,South,2006/2007,SH 3,COLLINS ROAD,,Non-Injury Crash,Yes,2006,,South,,0,,Flat,,,,,,Dark,927402,0,0,0,4,,,0,,,,,,Waikato Region,Nil,2-way,Sealed,,0,0,,60,,On,0,0,,16,Hamilton City,Unknown,,,,,0,0,Urban,0,,,Fine,Null
1771317,5895800,33017,,525540,0,,0,2,,North,2006/2007,SH 1N,PAPAKURA OFF SBD,,Minor Crash,Yes,2006,,South,,0,,Flat,,,,,,Bright sun,806208,1,0,0,2,,,0,,,,,,Auckland Region,Nil,2-way,Sealed,,0,0,,100,,None,0,0,,76,Auckland,Nil,,,,,0,0,Open,1,,,Fine,Null
1881122,5826519,33018,,536821,0,0,0,1,0,Null,2005/2006,SH 2,TOTARA ST,,Non-Injury Crash,Yes,2006,0,East,0,0,1,Flat,0,Queens Birthday,0,,0,Overcast,1203900,0,0,0,2,0,0,0,0,0,,0,0,Bay of Plenty Region,Nil,2-way,Sealed,0,0,0,0,70,0,Null,0,0,,23,Tauranga City,Give way,0,0,0,0,0,0,Urban,0,0,0,Heavy rain,Null
1768301,5467453,33019,,566101,0,,0,0,,Null,2005/2006,SH 1N,RAUMATI ROAD,,Non-Injury Crash,Yes,2006,,South,,0,,Flat,,,,,,Bright sun,2004103,0,0,0,3,,,0,,,,,,Wellington Region,Nil,2-way,Sealed,,0,0,,100,,Null,1,0,,43,Kapiti Coast District,Give way,,,,,0,0,Open,1,,,Fine,Null
1749424,5918091,33020,,514801,0,0,0,1,0,Null,2005/2006,SH 16,ROSEBANK OFF WBD,,Serious Crash,Yes,2006,0,West,0,0,0,Flat,2,,0,,0,Overcast,390401,0,0,0,3,0,0,0,0,0,,0,0,Auckland Region,Nil,1-way,Sealed,0,0,1,0,100,0,On,0,0,,76,Auckland,Nil,0,0,0,0,0,0,Open,1,0,0,Fine,Null
1461972,5102931,33021,,598312,0,0,0,0,0,South,2005/2006,SH 1S,TE AWA ROAD,,Minor Crash,Yes,2006,0,South,0,0,0,Flat,0,Queens Birthday,0,,0,Dark,2770200,1,0,0,2,0,0,0,0,0,,0,1,Canterbury Region,Nil,2-way,Sealed,0,0,0,0,100,0,None,1,0,,64,Timaru District,Unknown,0,0,0,0,0,0,Open,0,0,0,Fine,Null
1758325,5913469,33022,,519710,0,0,0,2,0,East,2006/2007,CAMPBELL ROAD,MANUKAU ROAD,,Non-Injury Crash,No,2006,0,West,0,0,0,Flat,0,Christmas New Year,0,,0,Overcast,594703,0,0,0,2,0,0,0,0,0,,0,0,Auckland Region,Nil,2-way,Sealed,0,0,0,0,50,0,Null,0,0,,76,Auckland,Nil,0,0,0,0,0,0,Urban,0,1,0,Fine,Null
1817922,5802960,33023,,527504,0,0,0,3,0,West,2006/2007,SH 1N,SHAKESPEARE ST,,Non-Injury Crash,Yes,2006,1,West,0,0,0,Flat,0,,0,,0,Bright sun,965800,0,0,0,2,0,0,0,0,0,,0,0,Waikato Region,Nil,2-way,Sealed,0,0,0,0,80,0,Off,1,0,,17,Waipa District,Nil,0,0,0,0,0,0,Open,1,0,0,Fine,Null
1762430,5913417,33024,,520402,0,,0,1,,Null,2005/2006,PORTMAN ROAD,COTSWOLD LANE,,Minor Crash,No,2006,,South,,0,,Hill Road,,,,,,Bright sun,642200,1,0,0,1,,,0,,,1,,,Auckland Region,Nil,2-way,Sealed,,0,0,,50,,Off,0,0,,76,Auckland,Nil,,,,,0,0,Urban,0,,,Fine,Null
1580106,5252581,33025,,585700,0,,0,0,,South,2006/2007,SH 7,HURUNUI BLUFF ROAD,,Fatal Crash,Yes,2006,,South,,1,,Flat,,,,,,Dark,2436600,0,0,0,2,,,0,,,1,,,Canterbury Region,Nil,2-way,Sealed,,0,0,,100,,On,0,0,,58,Hurunui District,Unknown,,,,,1,0,Open,0,,,Fine,Null
1768970,5902415,33026,,524901,0,,0,0,,North,2006/2007,DAVID AVENUE,GRANDE VUE ROAD,,Non-Injury Crash,No,2006,,North,,0,,Flat,,,,,,Overcast,755200,0,0,0,1,,,0,,,,,,Auckland Region,Nil,1-way,Sealed,,0,0,,50,,Off,0,0,,76,Auckland,Nil,,,,,0,0,Urban,2,,,Fine,Null
1767776,5904283,33027,,524602,0,,0,1,,Null,2006/2007,GREAT SOUTH ROAD,REDOUBT ROAD S,,Non-Injury Crash,No,2006,,North,,0,,Flat,,Christmas New Year,,,,Overcast,780501,0,0,0,5,,,0,,,,,,Auckland Region,Nil,2-way,Sealed,,0,0,,50,,Off,0,0,,76,Auckland,Give way,,,,,0,0,Urban,1,,,Fine,Null
1813102,5844923,33028,,534500,0,0,0,1,0,South,2005/2006,MOHRING ROAD,TAHUNA OHINEWAI ROAD,,Non-Injury Crash,No,2006,0,North,0,0,1,Flat,0,,0,,0,Dark,1093100,0,0,0,2,0,0,0,0,0,,0,1,Waikato Region,Nil,2-way,Unsealed,0,0,0,0,100,0,None,0,0,,15,Matamata-Piako District,Unknown,0,0,0,0,0,0,Open,0,0,0,Fine,Null