X,Y,OBJECTID,advisorySpeed,areaUnitID,bicycle,bridge,bus,carStationWagon,cliffBank,crashDirectionDescription,crashFinancialYear,crashLocation1,crashLocation2,crashRoadSideRoad,crashSeverity,crashSHDescription,crashYear,debris,directionRoleDescription,ditch,fatalCount,fence,flatHill,guardRail,holiday,houseOrBuilding,intersection,kerb,light,meshblockId,minorInjuryCount,moped,motorcycle,NumberOfLanes,objectThrownOrDropped,otherObject,otherVehicleType,overBank,parkedVehicle,pedestrian,phoneBoxEtc,postOrPole,region,roadCharacter,roadLane,roadSurface,roadworks,schoolBus,seriousInjuryCount,slipOrFlood,speedLimit,strayAnimal,streetLight,suv,taxi,temporarySpeedLimit,tlaId,tlaName,trafficControl,trafficIsland,trafficSign,train,tree,truck,unknownVehicleType,urban,vanOrUtility,vehicle,waterRiver,weatherA,weatherB
1757612,5920808,33029,,514103,0,,0,0,,North,2005/2006,COMMERCE ST,FORT ST,,Minor Crash,No,2006,,South,,0,,Flat,,,,,,Bright sun,438000,1,0,1,2,,,0,,,,,,Auckland Region,Nil,2-way,Sealed,,0,0,,50,,Off,0,0,,76,Auckland,Nil,,,,,0,0,Urban,0,,,Fine,Null
1876867,5759963,33030,,538850,0,,0,1,,Null,2006/2007,SH 30,WHIRINAKI VALLEY ROAD,,Non-Injury Crash,Yes,2006,,South,,0,,Flat,,,,,,Bright sun,1263900,0,0,0,2,,,0,,,,,,Waikato Region,Nil,2-way,Sealed,,0,0,,100,,Null,1,0,,24,Rotorua District,Give way,,,,,0,0,Open,0,,,Fine,Null
2034751,5709835,33031,,544300,0,,0,1,,West,2005/2006,BULWER ROAD,CHICHESTER ST,,Non-Injury Crash,No,2006,,West,,0,,Flat,,,,,,Overcast,1368100,0,0,0,2,,,0,,,,,,Gisborne Region,Nil,2-way,Sealed,,0,0,,50,,Null,0,0,,28,Gisborne District,Nil,,,,,0,0,Urban,1,,,Fine,Null
1815156,5803640,33032,,527133,0,0,0,1,0,West,2006/2007,SH 1N,KELLY ROAD,,Minor Crash,Yes,2006,0,East,1,0,0,Flat,0,,0,,0,Bright sun,960006,3,0,0,3,0,0,0,0,0,,0,0,Waikato Region,Nil,2-way,Sealed,0,0,0,0,100,0,Null,0,0,,17,Waipa District,Unknown,0,0,0,0,0,0,Open,0,0,0,Fine,Null
1693359,5676421,33033,,551800,1,,0,1,,Null,2005/2006,DEVON ST EAST,GOVER ST,,Minor Crash,No,2006,,North,,0,,Flat,,,,,,Bright sun,1594000,1,0,0,2,,,0,,,,,,Taranaki Region,Nil,2-way,Sealed,,0,0,,50,,Null,0,0,,33,New Plymouth District,Give way,,,,,0,0,Urban,0,,,Fine,Null
1626181,6116649,33034,,500204,0,,0,0,,West,2006/2007,OTURU ROAD,QUARRY ROAD,,Minor Crash,No,2006,,West,,0,,Flat,,,,,,Bright sun,8700,1,0,0,1,,,0,,,,,,Northland Region,Nil,2-way,Sealed,,0,0,,100,,Null,0,0,,1,Far North District,Unknown,,,,,0,0,Open,1,,,Fine,Null
1772766,5896267,33035,,525410,0,0,0,2,0,Null,2006/2007,AVERILL ST,GREAT SOUTH ROAD,,Non-Injury Crash,No,2006,0,South,0,0,0,Flat,0,,0,,0,Bright sun,793000,0,0,0,2,0,0,0,0,0,,0,0,Auckland Region,Nil,2-way,Sealed,0,0,0,0,50,0,Off,0,0,,76,Auckland,Stop,0,0,0,0,0,0,Urban,0,1,0,Fine,Null
1767189,5472105,33036,,565903,0,0,0,1,0,Null,2005/2006,MANLY ST,NATHAN AVENUE,,Non-Injury Crash,No,2006,0,North,0,0,1,Flat,0,,0,,0,Dark,2001900,0,0,0,2,0,0,0,0,0,,0,0,Wellington Region,Nil,2-way,Sealed,0,0,0,0,50,0,On,0,0,,43,Kapiti Coast District,Nil,0,0,0,0,0,0,Urban,0,0,0,Fine,Null
2036642,5708993,33037,,544600,0,,0,0,,Null,2005/2006,GLADSTONE ROAD,DISRAELI ST,,Serious Crash,No,2006,,North,,0,,Flat,,,,,,Dark,1373700,0,1,0,2,,,0,,,,,,Gisborne Region,Nil,2-way,Sealed,,0,1,,50,,On,0,0,,28,Gisborne District,Give way,,,,,0,0,Urban,1,,,Fine,Null
1243587,4848564,33038,,611400,0,,0,1,,Null,2006/2007,ELLES ROAD,CRINAN ST,,Minor Crash,No,2006,,South,,0,,Flat,,,,,,Bright sun,3143300,1,0,0,2,,,0,,,,,,Southland Region,Nil,2-way,Sealed,,0,0,,50,,Null,1,0,,75,Invercargill City,Give way,,,,,0,0,Urban,0,,,Fine,Null
1904729,5745742,33039,,538841,0,0,0,1,0,South,2006/2007,SH 38,DUN ROAD,,Non-Injury Crash,Yes,2006,0,South,0,0,0,Flat,0,,0,,0,Overcast,1260201,0,0,0,2,0,1,0,0,0,,0,0,Waikato Region,Nil,2-way,Sealed,0,0,0,0,100,0,Null,0,0,,24,Rotorua District,Unknown,0,0,0,0,0,0,Open,0,0,0,Null,Frost
1760992,5907301,33040,,524520,0,,0,1,,Null,2006/2007,BADER DRIVE,ROBERTSON ROAD,,Non-Injury Crash,No,2006,,North,,0,,Flat,,,,,,Bright sun,736101,0,0,0,4,,,0,,,,,,Auckland Region,Nil,2-way,Sealed,,0,0,,50,,Off,0,0,,76,Auckland,Give way,,,,,0,0,Urban,1,,,Fine,Null
1565688,5176148,33041,,587845,0,,0,1,,South,2006/2007,SH 75 HALSWELL,AIDANFIELD DRIVE,,Minor Crash,Yes,2006,,South,,0,,Flat,,,,,,Bright sun,2484509,1,0,0,2,,,0,,,,,,Canterbury Region,Nil,2-way,Sealed,,0,0,,80,,Null,1,0,,60,Christchurch City,Unknown,,,,,0,0,Open,0,,,Fine,Null
1683897,5428115,33042,,581100,0,,0,2,,Null,2006/2007,YORK ST,BULLER ST,,Minor Crash,No,2006,,West,,0,,Flat,,,,,,Dark,2282001,1,0,0,2,,,0,,,,,,Marlborough Region,Nil,2-way,Sealed,,0,0,,50,,On,0,0,,53,Marlborough District,Give way,,,,,0,0,Urban,0,,,Fine,Null
1854229,5852495,33043,75,534200,0,0,0,1,1,South,2005/2006,SH 2,WOODLANDS ROAD,,Minor Crash,Yes,2006,0,North,0,0,0,Flat,0,,0,,0,Overcast,1083601,1,0,0,2,0,0,0,0,0,,0,0,Waikato Region,Nil,2-way,Sealed,0,0,0,0,100,0,Null,0,0,,12,Hauraki District,Unknown,0,0,0,0,0,0,Open,0,0,0,Heavy rain,Null
1759289,5908292,33044,,524122,0,,0,2,,Null,2006/2007,MCKENZIE ROAD,TARATA CRESCENT,,Non-Injury Crash,No,2006,,North,,0,,Flat,,,,,,Overcast,737700,0,0,0,2,,,0,,,,,,Auckland Region,Nil,2-way,Sealed,,0,0,,50,,Off,0,0,,76,Auckland,Give way,,,,,0,0,Urban,0,,,Heavy rain,Null
1751585,5917936,33045,,515001,0,,0,2,,West,2006/2007,WATERVIEW ON WBD,GREAT NORTH ROAD,,Non-Injury Crash,Yes,2006,,West,,0,,Flat,,,,,,Bright sun,392200,0,0,0,1,,,0,,,,,,Auckland Region,Nil,1-way,Sealed,,0,0,,100,,Off,0,0,,76,Auckland,Nil,,,,,0,0,Open,0,,,Fine,Null
1750851,5424550,33046,,576901,0,,0,1,,West,2005/2006,SH 1N,TROY ST,,Minor Crash,Yes,2006,,West,,0,,Flat,,,,,,Overcast,2176800,1,0,1,4,,,0,,,,,,Wellington Region,Nil,2-way,Sealed,,0,0,,70,,Null,0,0,,47,Wellington City,Nil,,,,,0,0,Urban,0,,,Light rain,Null
1572112,5178278,33047,,594300,0,,0,1,,North,2006/2007,OPAWA ROAD,RAYCROFT ST,,Minor Crash,No,2006,,North,,0,,Flat,,,,,,Bright sun,2583600,1,0,1,2,,,0,,,,,,Canterbury Region,Nil,2-way,Sealed,,0,0,,50,,Null,0,0,,60,Christchurch City,Nil,,,,,0,0,Urban,0,,,Fine,Null
1766888,5907855,33048,,523501,0,0,0,1,0,Null,2006/2007,BAIRDS ROAD,HAYMAN ST,,Minor Crash,No,2006,0,South,0,0,0,Flat,0,,1,,0,Dark,700602,1,0,0,2,0,0,0,0,0,,0,0,Auckland Region,Nil,2-way,Sealed,0,0,0,0,50,0,On,0,0,,76,Auckland,Nil,0,0,0,0,0,0,Urban,0,0,0,Light rain,Null
1767077,5879568,33049,,521112,0,0,0,1,0,East,2006/2007,WAIUKU ROAD,FOY ROAD,,Non-Injury Crash,No,2006,0,West,0,0,0,Hill Road,0,,0,,0,Overcast,825900,0,0,0,2,0,0,0,0,0,,0,1,Auckland Region,Nil,2-way,Sealed,0,0,0,0,100,0,Off,0,0,,76,Auckland,Nil,0,0,0,0,0,0,Open,0,0,0,Light rain,Null
1752859,5933849,33050,,508701,0,,0,2,,Null,2005/2006,DON MCKINNON DRIVE,CORINTHIAN DRIVE N,,Non-Injury Crash,No,2006,,East,,0,,Hill Road,,,,,,Overcast,178900,0,0,0,4,,,0,,,,,,Auckland Region,Nil,2-way,Sealed,,0,0,,50,,Off,0,0,,76,Auckland,Give way,,,,,0,0,Urban,0,,,Fine,Null
1894203,5812146,33051,,536653,0,,0,2,,West,2005/2006,TE PUKE HIGHWAY,TE MATAI ROAD,,Non-Injury Crash,No,2006,,West,,0,,Flat,,,,,,Bright sun,1210000,0,0,0,2,,,0,,,,,,Bay of Plenty Region,Bridge,2-way,Sealed,,0,0,,80,,Null,0,0,,22,Western Bay of Plenty District,Unknown,,,,,0,0,Open,0,,,Fine,Null
1763494,5910651,33052,,520500,0,,0,2,,Null,2005/2006,PORTAGE ROAD,GREAT SOUTH ROAD,,Minor Crash,No,2006,,East,,0,,Hill Road,,,,,,Overcast,637801,2,0,0,5,,,0,,,,,,Auckland Region,Nil,2-way,Sealed,,0,0,,50,,Off,0,0,,76,Auckland,Traffic Signals,,,,,1,0,Urban,0,,,Heavy rain,Null
1748973,5424912,33053,,576301,0,,0,1,,North,2005/2006,RIDDIFORD ST,CONSTABLE ST,,Minor Crash,No,2006,,North,,0,,Flat,,,,,,Bright sun,2165200,1,0,0,2,,,0,,,1,,,Wellington Region,Nil,2-way,Sealed,,0,0,,50,,Null,0,0,,47,Wellington City,Nil,,,,,0,0,Urban,0,,,Fine,Null
1769893,5900897,33054,,524902,0,0,0,1,0,North,2005/2006,SH 1N,GT SOUTH OBR,,Minor Crash,Yes,2006,0,North,0,0,0,Flat,1,,0,,0,Bright sun,757700,1,0,0,3,0,0,0,0,0,,0,0,Auckland Region,Nil,1-way,Sealed,0,0,0,0,100,0,Off,0,0,,76,Auckland,Nil,0,0,0,0,1,0,Open,0,0,0,Fine,Null
1750463,5914502,33055,,511303,0,,0,2,,Null,2006/2007,GREAT NORTH ROAD,PORTAGE ROAD,,Non-Injury Crash,No,2006,,West,,0,,Flat,,,,,,Bright sun,266200,0,0,0,2,,,0,,,,,,Auckland Region,Nil,2-way,Sealed,,0,0,,50,,Off,0,0,,76,Auckland,Traffic Signals,,,,,0,0,Urban,0,,,Fine,Null
1766306,5899809,33056,,524822,0,,0,0,,Null,2006/2007,ROSCOMMON ROAD,PALMERS ROAD,,Non-Injury Crash,No,2006,,North,,0,,Flat,,,,,,Dark,774431,0,0,0,2,,,0,,,,,,Auckland Region,Nil,1-way,Sealed,,0,0,,50,,On,1,0,,76,Auckland,Give way,,,,,0,0,Urban,0,,,Light rain,Null
1765654,5901393,33057,,524821,0,,0,2,,South,2006/2007,ROSCOMMON ROAD,BROWNS ROAD,,Non-Injury Crash,No,2006,,North,,0,,Flat,,,,,,Bright sun,774446,0,0,0,2,,,0,,,,,,Auckland Region,Nil,1-way,Sealed,,0,0,,50,,Null,0,0,,76,Auckland,Traffic Signals,,,,,0,0,Urban,0,,,Fine,Null
1566210,5183112,33058,,589000,0,,0,1,,Null,2006/2007,GREERS ROAD,CLYDE ROAD,,Minor Crash,No,2006,,South,,0,,Flat,,,,,,Overcast,2517300,1,0,0,2,,,0,,,,,,Canterbury Region,Nil,2-way,Sealed,,0,0,,50,,Null,0,0,,60,Christchurch City,Give way,,,,,0,0,Urban,1,,,Heavy rain,Null
1756032,5918646,33059,,515500,0,,0,2,,North,2005/2006,SH 16,NEWTON OFF EBD,,Non-Injury Crash,Yes,2006,,East,,0,,Flat,,,,,,Overcast,418700,0,0,0,3,,,0,,,,,,Auckland Region,Nil,1-way,Sealed,,0,0,,100,,None,0,0,,76,Auckland,Nil,,,,,0,0,Open,0,,,Heavy rain,Null
1750729,5914630,33060,,514402,0,,0,1,,East,2005/2006,GREAT NORTH ROAD,PORTAGE ROAD,,Non-Injury Crash,No,2006,,West,,0,,Flat,,,,,,Twilight,381301,0,0,0,2,,,0,,,,,,Auckland Region,Nil,2-way,Sealed,,0,0,,50,,On,1,0,,76,Auckland,Nil,,,,,0,0,Urban,0,,,Fine,Null
1800877,5811961,33061,,529200,0,,0,1,,South,2005/2006,SH 3,COLLINS ROAD,,Non-Injury Crash,Yes,2006,,South,,0,,Flat,,,,,,Bright sun,927402,0,0,0,4,,,0,,,,,,Waikato Region,Nil,2-way,Sealed,,0,0,,50,,None,1,0,,16,Hamilton City,Nil,,,,,0,0,Urban,0,,,Fine,Null
1756193,5935135,33062,,507101,0,0,0,1,0,North,2005/2006,BEACHFRONT LANE,ANZAC ROAD,,Non-Injury Crash,No,2006,0,West,0,0,0,Flat,0,,0,,0,Bright sun,160900,0,0,0,2,0,0,0,0,1,,0,0,Auckland Region,Nil,2-way,Sealed,0,0,0,0,50,0,Off,1,0,,76,Auckland,Nil,0,0,0,0,0,0,Urban,0,0,0,Null,Null
2029732,5711438,33063,,544002,0,0,0,1,0,Null,2006/2007,BUSHMERE ROAD,BLOOMFIELD ROAD,,Minor Crash,No,2006,0,South,0,0,1,Flat,0,,0,,0,Overcast,1358100,1,0,0,2,0,0,0,0,0,,0,0,Gisborne Region,Nil,2-way,Sealed,0,0,0,0,100,0,Null,0,0,,28,Gisborne District,Give way,0,0,0,0,0,0,Open,1,0,0,Fine,Null
1887087,5824214,33064,,536515,0,,0,3,,South,2005/2006,PAPAMOA BEACH ROAD,PACIFIC VIEW ROAD,,Non-Injury Crash,No,2006,,North,,0,,Flat,,,,,,Overcast,1205009,0,0,0,2,,,0,,,,,,Bay of Plenty Region,Nil,2-way,Sealed,,0,0,,50,,Null,0,0,,23,Tauranga City,Unknown,,,,,0,0,Urban,0,,,Light rain,Null
1763393,5911222,33065,,520500,0,,0,1,,Null,2006/2007,GREAT SOUTH ROAD,BELL AVENUE,,Non-Injury Crash,No,2006,,East,,0,,Flat,,,,,,Dark,637702,0,0,0,4,,,0,,,,,,Auckland Region,Nil,2-way,Sealed,,0,0,,50,,On,0,0,,76,Auckland,Stop,,,,,0,0,Urban,1,,,Fine,Null
1764529,5905300,33066,,522100,0,,0,2,,Null,2006/2007,WYLLIE ROAD,RAMSEY ST,,Non-Injury Crash,No,2006,,South,,0,,Hill Road,,,,,,Dark,658202,0,0,0,2,,,0,,,,,,Auckland Region,Nil,2-way,Sealed,,0,0,,50,,On,0,0,,76,Auckland,Give way,,,,,0,0,Urban,0,,,Fine,Null
1741314,5976076,33067,65,506661,0,,0,2,,South,2006/2007,SH 1N,WAYBY VALLEY ROAD,,Non-Injury Crash,Yes,2006,,South,,0,,Flat,,Labour Weekend,,,,Overcast,139000,0,0,0,2,,,0,,,,,,Auckland Region,Nil,2-way,Sealed,,0,0,,100,,None,0,0,,76,Auckland,Nil,,,,,0,0,Open,0,,,Light rain,Null
1801872,5553415,33068,,559230,0,,0,0,,South,2005/2006,SH 3,TENNANTS ROAD,,Serious Crash,Yes,2006,,South,,0,,Hill Road,,,,,,Dark,1740700,0,0,0,3,,,0,,,,,,Manawatū-Whanganui Region,Nil,2-way,Sealed,,0,1,,100,,None,0,0,,38,Rangitikei District,Nil,,,,,0,0,Open,1,,,Light rain,Null
1858023,5834123,33069,,536615,0,,0,0,,West,2005/2006,WALKER ROAD WEST,SH 2,,Minor Crash,No,2006,,East,,0,,Hill Road,,,,,,Overcast,1185201,1,0,1,2,,,0,,,,,,Bay of Plenty Region,Nil,2-way,Sealed,,0,0,,100,,Null,0,0,,22,Western Bay of Plenty District,Unknown,,,,,0,0,Open,0,,,Light rain,Null
2025495,5692708,33070,,544002,0,0,0,2,1,South,2005/2006,SH 2,NICKS HEAD STATION ROAD,,Serious Crash,Yes,2006,0,North,1,0,0,Hill Road,0,,0,,0,Bright sun,1365700,2,0,0,2,0,0,0,0,0,,0,0,Gisborne Region,Nil,2-way,Sealed,0,0,2,0,100,0,Null,0,0,,28,Gisborne District,Nil,0,0,0,0,0,0,Open,0,0,0,Fine,Null
1764649,5905719,33071,,522100,0,,0,2,,Null,2006/2007,SLIP ROAD,WYLLIE ROAD,,Minor Crash,No,2006,,West,,0,,Flat,,,,,,Bright sun,659702,1,0,0,2,,,0,,,,,,Auckland Region,Nil,2-way,Sealed,,0,0,,50,,Off,0,0,,76,Auckland,Give way,,,,,0,0,Urban,0,,,Fine,Null
1789075,5754917,33072,,532000,0,0,0,1,1,North,2005/2006,SH 3,CRAIG TERRACE,,Non-Injury Crash,Yes,2006,0,North,0,0,0,Hill Road,0,,0,,0,Overcast,1008400,0,0,0,2,0,0,0,0,0,,0,0,Waikato Region,Nil,2-way,Sealed,0,0,0,0,50,0,Off,0,0,,20,Waitomo District,Nil,0,0,0,0,0,0,Urban,0,0,0,Fine,Null
1740796,5911362,33073,,513020,0,0,1,0,0,South,2006/2007,WEST COAST ROAD,CASCADE AVENUE,,Non-Injury Crash,No,2006,0,South,0,0,0,Hill Road,0,,0,,0,Bright sun,280302,0,0,0,2,0,0,0,0,0,,0,0,Auckland Region,Nil,2-way,Sealed,0,0,0,0,50,0,Off,0,0,,76,Auckland,Nil,0,0,0,1,0,0,Urban,0,0,0,Fine,Null
1356151,4892380,33074,,606700,0,0,0,1,1,North,2006/2007,SH 8,PERRY ROAD,,Minor Crash,Yes,2006,0,North,0,0,0,Flat,1,,0,,0,Overcast,2982200,1,0,0,2,0,0,0,0,0,,0,0,Otago Region,Nil,2-way,Sealed,0,0,0,0,100,0,Null,0,0,,72,Clutha District,Unknown,0,0,0,0,0,0,Open,0,0,0,Fine,Frost
1202051,5031310,33075,,609011,0,1,0,1,0,West,2006/2007,SH 94,HOMER TUNNEL NORTH,,Serious Crash,Yes,2006,0,West,1,0,0,Hill Road,0,,0,,0,Overcast,3174800,3,0,0,2,0,0,0,0,0,,0,0,Southland Region,Nil,2-way,Sealed,0,0,2,0,100,0,Null,0,0,,73,Southland District,Unknown,0,0,0,0,0,0,Open,0,0,0,Snow,Null
1694857,5673728,33076,,551022,0,,0,1,,Null,2006/2007,SH 3,JUNCTION ST,,Minor Crash,Yes,2006,,South,,0,,Hill Road,,,,,,Bright sun,1557904,1,0,1,3,,,0,,,,,,Taranaki Region,Nil,2-way,Sealed,,0,0,,100,,Null,0,0,,33,New Plymouth District,Stop,,,,,0,0,Open,0,,,Fine,Null
1818429,5544764,33077,,560730,1,,0,1,,Null,2006/2007,DENBIGH ST,YORK ST,,Minor Crash,No,2006,,South,,0,,Flat,,,,,,Dark,1768800,1,0,0,2,,,0,,,,,,Manawatū-Whanganui Region,Nil,2-way,Sealed,,0,0,,50,,On,0,0,,39,Manawatu District,Nil,,,,,0,0,Urban,0,,,Fine,Null
1577397,5182556,33078,,593800,0,,0,2,,West,2005/2006,PAGES ROAD,WAIROA ST,,Minor Crash,No,2006,,East,,0,,Flat,,,,,,Overcast,2572401,2,0,0,2,,,0,,,,,,Canterbury Region,Nil,2-way,Sealed,,0,0,,50,,Null,0,0,,60,Christchurch City,Nil,,,,,0,0,Urban,0,,,Light rain,Null
1767350,5900188,33079,,525101,0,,0,1,,Null,2005/2006,WEYMOUTH ROAD,GAINSBOROUGH ST,,Non-Injury Crash,No,2006,,South,,0,,Flat,,,,,,Twilight,772903,0,0,0,2,,,0,,,,,,Auckland Region,Nil,2-way,Sealed,,0,0,,70,,On,0,0,,76,Auckland,Give way,,,,,0,0,Urban,1,,,Fine,Null
1571409,5152913,33080,55,597101,0,0,0,0,0,East,2005/2006,SH 75,GRAYLEES ROAD,,Minor Crash,Yes,2006,0,East,0,0,1,Flat,0,,0,,0,Bright sun,2712500,1,0,1,2,0,0,0,0,0,,0,0,Canterbury Region,Nil,2-way,Sealed,0,0,0,0,100,0,Null,0,0,,60,Christchurch City,Unknown,0,0,0,0,0,0,Open,0,0,0,Fine,Null
1287564,4888154,33081,,610220,0,0,0,0,0,North,2006/2007,GORDON TERRACE,LAWRENCE ST,,Minor Crash,No,2006,0,South,0,0,0,Flat,0,,0,,1,Dark,3066600,1,1,0,2,0,0,0,0,0,,0,0,Southland Region,Nil,2-way,Sealed,0,0,0,0,50,0,On,0,0,,74,Gore District,Unknown,0,0,0,0,0,0,Urban,0,0,0,Fine,Null
1695175,5621700,33082,,553700,0,0,0,1,0,West,2006/2007,SH 45,MITCHELL ROAD,,Minor Crash,Yes,2006,0,East,0,0,1,Flat,0,,0,,0,Bright sun,1657901,1,0,0,2,0,0,0,0,0,,0,1,Taranaki Region,Nil,2-way,Sealed,0,0,0,0,100,0,Null,0,0,,35,South Taranaki District,Nil,0,0,0,0,0,0,Open,0,0,0,Fine,Null
1436980,5003322,33083,,600813,0,0,0,1,1,West,2006/2007,SH 1S,BULLEID ROAD,,Minor Crash,Yes,2006,0,East,0,0,0,Hill Road,0,,0,,0,Bright sun,2830900,1,0,0,2,0,0,0,0,0,,0,0,Otago Region,Nil,2-way,Sealed,0,0,0,0,100,0,Null,0,0,,68,Waitaki District,Unknown,0,0,0,0,0,0,Open,0,0,0,Fine,Null
1756679,5919908,33084,,514102,0,,0,2,,Null,2005/2006,UNION ST,NELSON ST,,Non-Injury Crash,Yes,2006,,East,,0,,Hill Road,,,,,,Dark,435500,0,0,0,6,,,0,,,,,,Auckland Region,Nil,2-way,Sealed,,0,0,,50,,On,0,0,,76,Auckland,Traffic Signals,,,,,0,0,Urban,0,,,Fine,Null
1817709,5557978,33085,,560422,0,0,0,0,0,East,2005/2006,MAKINO ROAD,STANWAY ROAD,,Minor Crash,No,2006,0,West,1,0,0,Flat,0,,0,,0,Bright sun,1760700,1,0,0,2,0,0,0,0,0,,0,0,Manawatū-Whanganui Region,Nil,2-way,Sealed,0,0,0,0,100,0,Null,0,0,,39,Manawatu District,Nil,0,0,0,0,0,0,Open,1,0,0,Fine,Null
1883103,5826364,33086,,536821,0,,0,2,,South,2005/2006,MAUNGANUI ROAD,GOLF ROAD,,Non-Injury Crash,No,2006,,South,,0,,Flat,,,,,,Bright sun,1200200,0,0,0,4,,,0,,,,,,Bay of Plenty Region,Nil,2-way,Sealed,,0,0,,70,,Null,0,0,,23,Tauranga City,Unknown,,,,,0,0,Urban,0,,,Fine,Null
1763840,5909487,33087,,521901,0,0,0,2,0,East,2005/2006,HALL AVENUE,NIKAU ROAD,,Non-Injury Crash,No,2006,0,East,0,0,0,Flat,0,,0,,0,Twilight,784400,0,0,0,2,0,0,0,0,1,,0,0,Auckland Region,Nil,2-way,Sealed,0,0,0,0,50,0,On,0,0,,76,Auckland,Nil,0,0,0,0,0,0,Urban,0,0,0,Fine,Null
1767746,5900985,33088,,524720,0,,0,1,,East,2006/2007,RUSSELL ROAD,KERRYDALE ROAD,,Minor Crash,No,2006,,West,,0,,Flat,,,,,,Bright sun,777601,1,0,0,2,,,0,,,1,,,Auckland Region,Nil,2-way,Sealed,,0,0,,50,,Off,0,0,,76,Auckland,Nil,,,,,0,0,Urban,0,,,Fine,Null
1755628,5926477,33089,,509701,0,0,0,2,0,North,2005/2006,HILLCREST AVENUE,OCEAN VIEW ROAD,,Non-Injury Crash,No,2006,0,North,0,0,0,Flat,0,,0,,0,Bright sun,363902,0,0,0,2,0,0,0,0,1,,0,0,Auckland Region,Nil,2-way,Sealed,0,0,0,0,50,0,Off,0,0,,76,Auckland,Nil,0,0,0,0,0,0,Urban,0,0,0,Fine,Null
1757025,5919442,33090,,514103,0,,0,2,,Null,2006/2007,KARANGAHAPE ROAD,QUEEN ST,,Non-Injury Crash,No,2006,,East,,0,,Flat,,,,,,Dark,436401,0,0,0,4,,,0,,,,,,Auckland Region,Nil,2-way,Sealed,,0,0,,50,,On,0,0,,76,Auckland,Traffic Signals,,,,,0,0,Urban,0,,,Fine,Null
1801434,5815521,33091,,530100,0,0,0,1,1,South,2006/2007,RIVER ROAD,TE AROHA ST,,Minor Crash,No,2006,0,North,0,0,0,Flat,0,,0,,1,Bright sun,894500,1,0,0,2,0,0,0,0,0,,0,0,Waikato Region,Nil,2-way,Sealed,0,0,0,0,50,0,Null,0,0,,16,Hamilton City,Unknown,0,0,0,0,0,0,Urban,0,0,0,Fine,Null
1763256,5912811,33092,,520500,0,,0,2,,North,2005/2006,SH 1N,MT WGTN OBR,,Minor Crash,Yes,2006,,North,,0,,Flat,,,,,,Overcast,637300,2,0,0,3,,,0,,,,,,Auckland Region,Nil,1-way,Sealed,,0,0,,100,,Off,0,0,,76,Auckland,Nil,,,,,0,0,Open,0,,,Fine,Null
1823316,5530142,33093,,562402,1,,0,1,,Null,2005/2006,CHURCH ST,RUAHINE ST,,Minor Crash,No,2006,,East,,0,,Flat,,,,,,Overcast,1835500,1,0,0,2,,,0,,,,,,Manawatū-Whanganui Region,Nil,2-way,Sealed,,0,0,,50,,Null,0,0,,40,Palmerston North City,Give way,,,,,0,0,Urban,0,,,Fine,Null
1843934,5811816,33094,,535501,0,0,0,1,0,Null,2005/2006,SH 27,PERIA ROAD,,Non-Injury Crash,Yes,2006,0,North,0,0,0,Flat,0,,0,,0,Dark,1121700,0,0,0,2,0,0,0,0,0,,0,1,Waikato Region,Nil,2-way,Sealed,0,0,0,0,60,0,On,0,0,,15,Matamata-Piako District,Give way,0,0,0,0,0,0,Urban,0,0,0,Fine,Null
1758168,5927213,33095,,508010,0,,0,1,,South,2005/2006,HURSTMERE ROAD,ANZAC ST,,Non-Injury Crash,No,2006,,South,,0,,Flat,,,,,,Overcast,326400,0,0,0,2,,,0,,,,,,Auckland Region,Nil,2-way,Sealed,,0,0,,50,,Off,1,0,,76,Auckland,Nil,,,,,0,0,Urban,0,,,Fine,Null
1824717,5463299,33096,,578800,0,0,0,1,0,Null,2005/2006,Z CPK QE2 PARK,MEMORIAL DRIVE,,Non-Injury Crash,No,2006,0,South,0,0,0,Flat,0,Queens Birthday,0,,0,Dark,2240200,0,0,0,0,0,0,0,0,0,,0,1,Wellington Region,Nil,Off road,Sealed,0,0,0,0,50,0,On,0,0,20,48,Masterton District,Nil,0,1,0,0,0,0,Urban,0,0,0,Fine,Null
1743400,5923674,33097,,513511,0,,0,1,,South,2006/2007,Z CPK KFC,SH 16,,Non-Injury Crash,No,2006,,West,,0,,Flat,,,,,,Bright sun,224306,0,0,0,0,,,0,,,,,,Auckland Region,Nil,Off road,Sealed,,0,0,,30,,Off,0,0,,76,Auckland,Nil,,,,,1,0,Urban,0,,,Fine,Null
1887822,5821640,33098,,536512,0,,0,2,,South,2006/2007,KAIRUA ROAD,KAIRUA ON NBD,,Serious Crash,No,2006,,West,,0,,Flat,,,,,,Dark,1206704,2,0,0,2,,,0,,,,,,Bay of Plenty Region,Nil,2-way,Sealed,,0,2,,100,,None,0,0,,23,Tauranga City,Unknown,,,,,0,0,Open,0,,,Fine,Null
1767121,5905528,33099,,524603,0,,0,0,,East,2005/2006,REAGAN ROAD,GREAT SOUTH ROAD,,Non-Injury Crash,No,2006,,West,,0,,Flat,,,,,,Bright sun,671000,0,0,0,5,,,0,,,,,,Auckland Region,Nil,2-way,Sealed,,0,0,,50,,Off,1,0,,76,Auckland,Traffic Signals,,,,,0,0,Urban,1,,,Fine,Null