X,Y,OBJECTID,advisorySpeed,areaUnitID,bicycle,bridge,bus,carStationWagon,cliffBank,crashDirectionDescription,crashFinancialYear,crashLocation1,crashLocation2,crashRoadSideRoad,crashSeverity,crashSHDescription,crashYear,debris,directionRoleDescription,ditch,fatalCount,fence,flatHill,guardRail,holiday,houseOrBuilding,intersection,kerb,light,meshblockId,minorInjuryCount,moped,motorcycle,NumberOfLanes,objectThrownOrDropped,otherObject,otherVehicleType,overBank,parkedVehicle,pedestrian,phoneBoxEtc,postOrPole,region,roadCharacter,roadLane,roadSurface,roadworks,schoolBus,seriousInjuryCount,slipOrFlood,speedLimit,strayAnimal,streetLight,suv,taxi,temporarySpeedLimit,tlaId,tlaName,trafficControl,trafficIsland,trafficSign,train,tree,truck,unknownVehicleType,urban,vanOrUtility,vehicle,waterRiver,weatherA,weatherB
1761295,5914479,33100,,520202,0,,0,2,,North,2006/2007,SH 1N,PENROSE INT N,,Non-Injury Crash,Yes,2006,,South,,0,,Flat,,,,,,Twilight,612501,0,0,0,3,,,0,,,,,,Auckland Region,Nil,1-way,Sealed,,0,0,,100,,On,0,0,,76,Auckland,Nil,,,,,0,0,Open,0,,,Fine,Null
1835449,5795904,33101,85,535250,0,0,0,1,1,South,2006/2007,SH 1N,HORAHORA ROAD,,Non-Injury Crash,Yes,2006,0,South,0,0,0,Flat,0,,0,,0,Overcast,1125200,0,0,0,2,0,0,0,0,0,,0,0,Waikato Region,Nil,2-way,Sealed,0,0,0,0,100,0,Null,0,0,,19,South Waikato District,Unknown,0,0,0,0,0,0,Open,0,0,0,Light rain,Null
1752525,5915096,33102,,517902,0,,0,1,,North,2005/2006,HENDON AVENUE,OLYMPUS ST,,Minor Crash,No,2006,,North,,0,,Flat,,,,,,Bright sun,519300,1,0,0,2,,,0,,,1,,,Auckland Region,Nil,2-way,Sealed,,0,0,,50,,Null,0,0,,76,Auckland,Nil,,,,,0,0,Urban,0,,,Fine,Null
1767304,5470773,33103,,565903,0,,0,1,,South,2006/2007,MAGRATH AVENUE,KAPITI ROAD,,Serious Crash,No,2006,,North,,0,,Flat,,,,,,Overcast,2002800,0,0,0,2,,,0,,,1,,,Wellington Region,Nil,2-way,Sealed,,0,1,,50,,Null,0,0,,43,Kapiti Coast District,Nil,,,,,1,0,Urban,0,,,Fine,Null
1718409,6044117,33104,,503500,1,,0,1,,North,2005/2006,SH 1N,COLLINGWOOD ST,,Non-Injury Crash,Yes,2006,,South,,0,,Flat,,,,,,Bright sun,108300,0,0,0,2,,,0,,,,,,Northland Region,Nil,2-way,Sealed,,0,0,,50,,Off,0,0,,2,Whangarei District,Nil,,,,,0,0,Urban,0,,,Fine,Null
1760520,5916211,33105,,516003,0,,0,2,,Null,2006/2007,GREEN LANE EAST,ASCOT AVENUE,,Non-Injury Crash,No,2006,,East,,0,,Flat,,,,,,Bright sun,494902,0,0,0,2,,,0,,,,,,Auckland Region,Nil,2-way,Sealed,,0,0,,50,,Off,0,0,,76,Auckland,Traffic Signals,,,,,0,0,Urban,0,,,Fine,Null
1759882,5915763,33106,,516002,0,,0,2,,Null,2006/2007,GREAT SOUTH ROAD,GREEN LANE WEST,,Non-Injury Crash,No,2006,,North,,0,,Flat,,,,,,Bright sun,494100,0,0,0,4,,,0,,,,,,Auckland Region,Nil,2-way,Sealed,,0,0,,50,,Off,0,0,,76,Auckland,Traffic Signals,,,,,0,0,Urban,0,,,Fine,Null
1778346,5480099,33107,,564023,0,0,0,1,0,South,2005/2006,SH 1N,SCHOOL ROAD,,Minor Crash,Yes,2006,0,North,0,0,1,Flat,0,,0,,0,Bright sun,1884100,1,0,0,2,0,0,0,0,0,,0,0,Wellington Region,Nil,2-way,Sealed,0,0,0,0,100,0,Null,0,0,,43,Kapiti Coast District,Nil,0,0,0,0,0,0,Open,0,0,0,Fine,Null
1765445,5441660,33108,,569600,0,,0,3,,Null,2005/2006,SH 2,SH 58,,Minor Crash,Yes,2006,,South,,0,,Flat,,,,,,Dark,1917000,2,0,0,5,,,0,,,,,,Wellington Region,Nil,2-way,Sealed,,0,0,,100,,On,0,0,,46,Lower Hutt City,Traffic Signals,,,,,0,0,Open,1,,,Light rain,Null
1752049,5946902,33109,,506001,0,,0,0,,West,2006/2007,WHANGAPARAOA ROAD,RED BEACH ROAD,,Non-Injury Crash,No,2006,,North,,0,,Flat,,,,,,Overcast,175501,0,0,0,2,,,0,,,,,,Auckland Region,Nil,2-way,Sealed,,0,0,,50,,Off,0,0,,76,Auckland,Nil,,,,,2,0,Urban,0,,,Fine,Null
1766428,5917388,33110,,517002,0,,0,1,,Null,2005/2006,ELSTREE AVENUE,CHILTERN CRESCENT N,,Minor Crash,No,2006,,North,,0,,Flat,,,,,,Dark,471900,1,0,0,2,,,0,,,,,,Auckland Region,Nil,2-way,Sealed,,0,0,,50,,On,0,0,,76,Auckland,Give way,,,,,0,0,Urban,1,,,Light rain,Null
1720285,6045039,33111,,503100,0,0,0,2,0,East,2006/2007,Z CPK THE WAREHOUSE,OKARA DRIVE,,Non-Injury Crash,No,2006,0,North,0,0,0,Flat,0,,0,,0,Bright sun,101700,0,0,0,0,0,0,0,0,1,,0,0,Northland Region,Nil,Off road,Sealed,0,0,0,0,30,0,Null,0,0,,2,Whangarei District,Unknown,0,0,0,0,0,0,Urban,0,0,0,Fine,Null
1769128,5900519,33112,,524902,0,,0,1,,South,2005/2006,GREAT SOUTH ROAD,MCANNALLEY ST,,Minor Crash,No,2006,,North,,0,,Flat,,,,,,Bright sun,758400,3,0,0,2,,,0,,,,,,Auckland Region,Nil,2-way,Sealed,,0,0,,50,,Off,0,0,,76,Auckland,Nil,,,,,0,0,Urban,2,,,Fine,Null
1758245,5920641,33113,,514101,0,0,0,2,0,North,2005/2006,Z CPK TAPORA ST,MAHUHU CRESCENT,,Non-Injury Crash,No,2006,0,South,0,0,0,Flat,0,,0,,0,Bright sun,438215,0,0,0,1,0,0,0,0,1,,0,0,Auckland Region,Nil,Off road,Sealed,0,0,0,0,30,0,Off,0,0,,76,Auckland,Nil,0,0,0,0,0,0,Urban,0,0,0,Fine,Null
1806197,5561632,33114,,559230,0,,0,2,,Null,2006/2007,SH 1N,CALICO LINE,,Minor Crash,Yes,2006,,North,,0,,Flat,,,,,,Overcast,1732200,3,0,0,2,,,0,,,,,,Manawatū-Whanganui Region,Nil,2-way,Sealed,,0,0,,100,,Null,0,0,,38,Rangitikei District,Give way,,,,,0,0,Open,0,,,Fine,Null
1763864,5446445,33115,,565601,0,,0,0,,Null,2006/2007,SH 58,MOONSHINE ROAD,,Minor Crash,Yes,2006,,East,,0,,Hill Road,,,,,,Bright sun,2071800,1,0,0,2,,,0,,,,,,Wellington Region,Nil,2-way,Sealed,,0,0,,80,,Null,0,0,,44,Porirua City,Give way,,,,,1,0,Open,0,,,Fine,Null
1766791,5901875,33116,,524604,0,,0,1,,North,2005/2006,MCVILLY ROAD,BROWNS ROAD,,Minor Crash,No,2006,,South,,0,,Flat,,,,,,Dark,781400,2,0,0,1,,,0,,,,,,Auckland Region,Nil,2-way,Sealed,,0,0,,50,,Off,1,0,,76,Auckland,Traffic Signals,,,,,0,0,Urban,0,,,Light rain,Null
1756939,5449943,33117,,571900,0,0,0,2,0,Null,2006/2007,SH 1N,STEYNE AVENUE,,Minor Crash,Yes,2006,0,North,0,0,0,Flat,0,,0,,0,Bright sun,2068800,1,0,0,2,0,0,0,0,0,,0,1,Wellington Region,Nil,2-way,Sealed,0,0,0,0,50,0,Null,0,0,,44,Porirua City,Traffic Signals,0,0,0,0,0,0,Urban,0,0,0,Fine,Null
1800903,5815524,33118,,529700,0,0,0,1,0,South,2005/2006,VICTORIA ST,CLAUDELANDS ROAD,,Non-Injury Crash,No,2006,0,South,0,0,0,Flat,0,,0,,0,Bright sun,911402,0,0,0,2,0,0,0,0,1,,0,0,Waikato Region,Nil,2-way,Sealed,0,0,0,0,50,0,Null,0,0,,16,Hamilton City,Unknown,0,0,0,0,1,0,Urban,0,0,0,Fine,Null
1774836,5897394,33119,,525610,0,0,0,1,0,Null,2005/2006,CLEVEDON ROAD,DOMINION ROAD,,Minor Crash,No,2006,0,North,1,0,0,Flat,0,,0,,0,Dark,799400,1,0,0,2,0,0,0,0,0,,0,0,Auckland Region,Nil,2-way,Sealed,0,0,0,0,50,0,On,0,0,,76,Auckland,Give way,0,0,0,0,0,0,Urban,0,0,0,Heavy rain,Null
1745561,5917550,33120,,510700,0,,0,2,,Null,2005/2006,SEL PEACOCK DRIVE,ALDERMAN DRIVE,,Non-Injury Crash,No,2006,,South,,0,,Flat,,,,,,Overcast,239900,0,0,0,2,,,0,,,,,,Auckland Region,Nil,2-way,Sealed,,0,0,,50,,Off,0,0,,76,Auckland,Give way,,,,,0,0,Urban,0,,,Fine,Null
1457819,5083343,33121,,599100,1,,0,1,,Null,2005/2006,BROADWAY AVENUE,WAI-ITI ROAD,,Minor Crash,No,2006,,South,,0,,Flat,,,,,,Bright sun,2785902,1,0,0,2,,,0,,,,,,Canterbury Region,Nil,2-way,Sealed,,0,0,,50,,Null,0,0,,64,Timaru District,Stop,,,,,0,0,Urban,0,,,Fine,Null
1406489,4915167,33122,,602800,0,,0,2,,Null,2005/2006,ORARI ST,OTAKI ST,,Minor Crash,No,2006,,South,,0,,Flat,,,,,,Dark,2895100,1,0,0,2,,,0,,,,,,Otago Region,Nil,2-way,Sealed,,0,0,,50,,On,0,0,,71,Dunedin City,Give way,,,,,0,0,Urban,0,,,Light rain,Null
1752902,5913795,33123,,514500,0,,0,2,,North,2005/2006,PETER MULGREW ST,NEW WINDSOR ROAD,,Non-Injury Crash,No,2006,,North,,0,,Hill Road,,Easter,,,,Twilight,376500,0,0,0,2,,,0,,,,,,Auckland Region,Nil,2-way,Sealed,,0,0,,50,,Off,0,0,,76,Auckland,Unknown,,,,,0,0,Urban,0,,,Fine,Null
1407520,4918358,33124,,603601,0,0,0,1,0,North,2005/2006,LOVELOCK AVENUE,DUNDAS ST,,Minor Crash,No,2006,0,North,0,0,1,Hill Road,0,,0,,0,Bright sun,2869500,1,0,0,2,0,0,0,0,0,,0,0,Otago Region,Nil,2-way,Sealed,0,0,0,0,50,0,Null,0,0,,71,Dunedin City,Unknown,0,0,0,0,0,0,Urban,0,0,0,Fine,Null
1770539,5470111,33125,,566302,0,,0,0,,South,2006/2007,SH 1N,OTAIHANGA ROAD,,Serious Crash,Yes,2006,,South,,0,,Hill Road,,,,,,Overcast,1998403,1,0,1,3,,,0,,,,,,Wellington Region,Nil,2-way,Sealed,,0,1,,100,,Null,1,0,,43,Kapiti Coast District,Nil,,,,,0,0,Open,0,,,Fine,Null
1679218,5419348,33126,,580446,0,0,0,1,0,South,2005/2006,SH 1S,PARA ROAD,,Minor Crash,Yes,2006,0,North,0,0,0,Flat,0,,0,,0,Bright sun,2279400,1,0,0,2,0,0,0,0,0,,0,0,Marlborough Region,Nil,2-way,Sealed,0,0,0,0,100,0,Null,0,0,,53,Marlborough District,Nil,0,0,0,1,0,0,Open,0,0,0,Fine,Null
1245854,4849188,33127,,611500,0,,0,2,,Null,2006/2007,TWEED ST,ETHEL ST,,Minor Crash,No,2006,,West,,0,,Flat,,,,,,Overcast,3141200,1,0,0,2,,,0,,,,,,Southland Region,Nil,2-way,Sealed,,0,0,,50,,Null,0,0,,75,Invercargill City,Give way,,,,,0,0,Urban,0,,,Fine,Null
1759146,5916837,33128,70,516001,0,,0,2,,North,2005/2006,SH 1N,MARKET OBR,,Minor Crash,Yes,2006,,South,,0,,Flat,,,,,,Dark,491200,1,0,0,3,,,0,,,,,,Auckland Region,Nil,1-way,Sealed,,0,0,,100,,On,0,0,,76,Auckland,Nil,,,,,0,0,Open,0,,,Fine,Null
1781480,5872596,33129,,521135,0,0,0,2,0,North,2005/2006,SH 1N,HORACE RUSSELL DRIVE,,Non-Injury Crash,Yes,2006,0,South,0,0,0,Flat,0,,0,,0,Dark,843000,0,0,0,2,0,0,0,0,0,,0,0,Waikato Region,Nil,1-way,Sealed,1,0,0,0,100,0,On,0,0,50,13,Waikato District,Nil,0,0,0,0,0,0,Open,0,0,0,Fine,Null
1755900,5916888,33130,,518201,0,,0,1,,North,2006/2007,DOMINION ROAD,PAICE AVENUE,,Minor Crash,No,2006,,North,,0,,Flat,,,,,,Overcast,549100,1,1,0,4,,,0,,,,,,Auckland Region,Nil,2-way,Sealed,,0,0,,50,,Off,0,0,,76,Auckland,Nil,,,,,0,0,Urban,0,,,Light rain,Null
1755494,5921451,33131,,515202,0,,0,1,,South,2005/2006,SH 1N,SHELLY BEACH OBR,,Non-Injury Crash,Yes,2006,,North,,0,,Flat,,,,,,Bright sun,425600,0,0,0,4,,,0,,,,,,Auckland Region,Nil,1-way,Sealed,,0,0,,80,,Off,1,0,,76,Auckland,Nil,,,,,0,0,Open,0,,,Fine,Null
1758416,5918014,33132,,517400,0,,0,1,,Null,2006/2007,BROADWAY,MORROW ST,,Serious Crash,No,2006,,South,,0,,Flat,,,,,,Bright sun,451300,0,1,0,4,,,0,,,,,,Auckland Region,Nil,2-way,Sealed,,0,1,,50,,Off,0,0,,76,Auckland,Give way,,,,,0,0,Urban,0,,,Fine,Null
1854424,5840969,33133,,536615,0,0,0,1,1,West,2005/2006,LINDEMANN ROAD,SH 2,,Minor Crash,No,2006,0,East,0,0,1,Hill Road,0,,0,,0,Dark,1182206,1,0,0,2,0,0,0,1,0,,0,0,Bay of Plenty Region,Nil,2-way,Unsealed,0,0,0,0,100,0,None,0,0,,22,Western Bay of Plenty District,Nil,0,0,0,0,0,0,Open,0,0,0,Light rain,Null
1768936,5881023,33134,,525910,0,,0,2,,Null,2005/2006,EDINBURGH ST,MASSEY AVENUE,,Minor Crash,No,2006,,West,,0,,Flat,,,,,,Bright sun,818900,1,0,0,2,,,0,,,,,,Auckland Region,Nil,2-way,Sealed,,0,0,,50,,Off,0,0,,76,Auckland,Stop,,,,,0,0,Urban,0,,,Fine,Null
1885123,5772310,33135,,540600,0,,0,1,,Null,2005/2006,FENTON ST,SUMNER ST,,Non-Injury Crash,No,2006,,South,,0,,Flat,,,,,,Overcast,1243200,0,0,0,4,,,0,,,,,,Bay of Plenty Region,Nil,2-way,Sealed,,0,0,,60,,Null,0,0,,24,Rotorua District,Give way,,,,,0,0,Urban,1,,,Fine,Null
1721967,6031831,33136,,501811,0,0,0,1,0,North,2005/2006,SH 1N,HEWLETT ROAD,,Fatal Crash,Yes,2006,0,North,0,1,0,Hill Road,1,Easter,0,,0,Dark,77500,0,0,0,2,0,0,0,1,0,,0,0,Northland Region,Nil,2-way,Sealed,0,0,0,0,100,0,None,1,0,,2,Whangarei District,Nil,0,0,0,0,0,0,Open,0,0,0,Fine,Null
1699851,6093795,33137,,501100,0,,0,1,,South,2006/2007,SH 11,TOHITAPU ROAD,,Non-Injury Crash,Yes,2006,,North,,0,,Hill Road,,,,,,Bright sun,50703,0,0,0,2,,,0,,,,,,Northland Region,Nil,2-way,Sealed,,0,0,,50,,None,0,0,,1,Far North District,Nil,,,,,0,0,Urban,0,,,Fine,Null
1833500,5637641,33138,,554900,0,,0,0,,North,2005/2006,SH 1N,ACCESS ROAD NO 17,,Minor Crash,Yes,2006,,North,,0,,Hill Road,,,,,,Dark,1673301,2,0,0,2,,,0,,,,,,Manawatū-Whanganui Region,Nil,2-way,Sealed,,0,0,,100,,None,2,0,,36,Ruapehu District,Nil,,,,,0,0,Open,0,,,Fine,Null
1769879,5899296,33139,,523920,0,,0,1,,Null,2005/2006,SH 1N,TAKANINI ON NBD,,Minor Crash,Yes,2006,,North,,0,,Flat,,,,,,Bright sun,767922,1,0,0,2,,,0,,,,,,Auckland Region,Nil,1-way,Sealed,,0,0,,100,,Off,0,0,,76,Auckland,Nil,,,,,1,0,Open,0,,,Fine,Null
1751523,5950113,33140,,505805,0,0,0,3,0,South,2006/2007,HIBISCUS COAST HIGHWAY,WEST HOE ROAD,,Minor Crash,No,2006,0,North,0,0,0,Flat,0,,0,,0,Bright sun,171400,1,0,0,2,0,0,0,0,2,,0,0,Auckland Region,Nil,2-way,Sealed,0,0,0,0,50,0,Off,0,0,,76,Auckland,Nil,0,0,0,0,0,0,Urban,0,0,0,Fine,Null
1829883,5488888,33141,,578401,0,0,0,0,1,South,2005/2006,OPAKI-KAIPARORO ROAD,BOWEN ROAD,,Minor Crash,No,2006,0,East,0,0,0,Flat,0,,0,,0,Bright sun,2229701,1,0,0,2,0,0,0,0,0,,0,0,Wellington Region,Rail xing,2-way,Sealed,0,0,0,0,100,0,Null,0,0,,48,Masterton District,Give way,0,0,0,0,0,0,Open,1,0,0,Fine,Null
1706438,6070898,33142,65,501620,0,0,0,1,0,East,2005/2006,SH 1N,AKERAMA ROAD,,Non-Injury Crash,Yes,2006,0,West,0,0,1,Flat,0,,0,,0,Overcast,46002,0,0,0,2,0,0,0,0,0,,0,0,Northland Region,Nil,2-way,Sealed,0,0,0,0,100,0,None,0,0,,1,Far North District,Nil,0,1,0,0,0,0,Open,0,0,0,Heavy rain,Null
2032124,5708137,33143,,544002,0,0,0,1,0,Null,2006/2007,SH 35,MCDONALD ROAD,,Minor Crash,Yes,2006,0,West,0,0,1,Flat,0,,0,,0,Overcast,1361400,1,0,0,3,0,0,0,0,0,,0,0,Gisborne Region,Nil,2-way,Sealed,0,0,0,0,100,0,Null,0,0,,28,Gisborne District,Give way,0,0,0,0,1,0,Open,0,0,0,Fine,Null
1756262,5927452,33144,,507900,0,,0,2,,South,2005/2006,SH 1N,NORTHCOTE ON NBD,,Minor Crash,Yes,2006,,North,,0,,Flat,,,,,,Dark,305201,1,0,0,3,,,0,,,,,,Auckland Region,Nil,1-way,Sealed,,0,0,,100,,On,0,0,,76,Auckland,Nil,,,,,0,0,Open,0,,,Fine,Null
1767657,5470577,33145,,565903,1,,0,1,,East,2005/2006,CEDAR DRIVE,KAPITI ROAD,,Minor Crash,No,2006,,East,,0,,Flat,,,,,,Bright sun,2003522,1,0,0,2,,,0,,,,,,Wellington Region,Nil,2-way,Sealed,,0,0,,50,,Null,0,0,,43,Kapiti Coast District,Nil,,,,,0,0,Urban,0,,,Fine,Null
1782769,5811949,33146,75,526601,0,0,0,1,0,South,2005/2006,SH 23,GLENTUI LANE,,Non-Injury Crash,Yes,2006,0,East,0,0,1,Hill Road,0,,0,,0,Overcast,859300,0,0,0,3,0,0,0,0,0,,0,0,Waikato Region,Nil,2-way,Sealed,0,0,0,0,100,0,Off,0,0,,13,Waikato District,Nil,0,0,0,0,0,0,Open,0,0,0,Mist or Fog,Null
1705714,6094115,33147,35,501620,0,,0,2,,South,2005/2006,RUSSELL ROAD,AUCKS ROAD,,Minor Crash,No,2006,,South,,0,,Hill Road,,,,,,Dark,48404,1,0,0,2,,,0,,,,,,Northland Region,Nil,2-way,Sealed,,0,0,,100,,None,0,0,,1,Far North District,Nil,,,,,0,0,Open,0,,,Heavy rain,Null
1753076,5912460,33148,,518901,0,0,0,0,0,South,2005/2006,HILLSBOROUGH ROAD,WHITE SWAN ROAD,,Non-Injury Crash,No,2006,0,South,0,0,1,Hill Road,0,,1,,0,Bright sun,587000,0,0,0,2,0,0,0,0,0,,0,0,Auckland Region,Nil,2-way,Sealed,0,0,0,0,50,0,Off,1,0,,76,Auckland,Nil,0,0,0,0,0,0,Urban,0,0,0,Fine,Null
1350948,4876814,33149,,606700,0,0,0,0,0,North,2006/2007,SH 1S,BENHAR ROAD,,Minor Crash,Yes,2006,0,North,0,0,1,Hill Road,0,,0,,0,Overcast,2983900,1,0,0,2,0,0,0,1,0,,0,0,Otago Region,Nil,2-way,Sealed,0,0,0,0,100,0,Null,0,0,,72,Clutha District,Unknown,0,0,0,0,0,0,Open,1,0,0,Heavy rain,Strong wind
1763811,5912978,33150,,520402,0,,0,2,,Null,2005/2006,MOUNT WELLINGTON HIGHWAY,ARANUI ROAD,,Minor Crash,No,2006,,North,,0,,Flat,,,,,,Twilight,641502,1,0,0,2,,,0,,,,,,Auckland Region,Nil,2-way,Sealed,,0,0,,50,,On,0,0,,76,Auckland,Traffic Signals,,,,,0,0,Urban,0,,,Fine,Null
1743974,5920948,33151,,513632,0,0,0,1,0,East,2005/2006,ZITA MARIA DRIVE,ANICH ROAD,,Minor Crash,No,2006,0,South,0,0,1,Hill Road,0,,0,,1,Overcast,229300,1,0,0,2,0,0,0,0,0,,0,0,Auckland Region,Nil,2-way,Sealed,0,0,0,0,50,0,Null,0,0,,76,Auckland,Unknown,0,0,0,0,0,0,Urban,0,0,0,Fine,Null
1762462,5912744,33152,,519500,0,,0,2,,West,2006/2007,SOUTH-EASTERN HIGHWAY,GREAT SOUTH ROAD,,Non-Injury Crash,No,2006,,East,,0,,Flat,,,,,,Bright sun,622200,0,0,0,4,,,0,,,,,,Auckland Region,Bridge,2-way,Sealed,,0,0,,50,,Off,0,0,,76,Auckland,Nil,,,,,0,0,Urban,0,,,Fine,Null
1750282,5431028,33153,,574500,0,0,0,2,0,North,2006/2007,SH 1N,AOTEA ON NBD,,Minor Crash,Yes,2006,0,North,0,0,0,Flat,1,Christmas New Year,0,,0,Overcast,2093400,1,0,0,3,0,0,0,0,0,,0,0,Wellington Region,Nil,1-way,Sealed,0,0,0,0,100,0,Null,0,0,,47,Wellington City,Unknown,0,0,0,0,0,0,Open,0,0,0,Light rain,Null
1767593,5914843,33154,,522820,1,,0,1,,Null,2006/2007,FISHER PARADE,FORDYCE AVENUE,,Minor Crash,No,2006,,South,,0,,Flat,,,,,,Dark,692301,1,0,0,2,,,0,,,,,,Auckland Region,Nil,2-way,Sealed,,0,0,,50,,On,0,0,,76,Auckland,Stop,,,,,0,0,Urban,0,,,Fine,Null
1813136,5532755,33155,,561901,0,0,0,2,0,North,2005/2006,LONGBURN RONGOTEA ROAD,ARANUI ROAD,,Serious Crash,No,2006,0,North,0,0,0,Flat,0,,0,,0,Dark,1795200,0,0,0,2,0,0,0,0,1,,0,0,Manawatū-Whanganui Region,Nil,2-way,Sealed,0,0,1,0,100,0,None,0,0,,39,Manawatu District,Nil,0,0,0,1,0,0,Open,0,0,0,Fine,Null
1823512,5532103,33156,,562500,0,,0,2,,North,2005/2006,VOGEL ST,TYNE ST,,Non-Injury Crash,No,2006,,South,,0,,Flat,,,,,,Bright sun,1841100,0,0,0,2,,,0,,,,,,Manawatū-Whanganui Region,Nil,2-way,Sealed,,0,0,,50,,Null,0,0,,40,Palmerston North City,School Patrol/warden,,,,,0,0,Urban,0,,,Fine,Null
1563504,5184432,33157,,587811,0,,0,2,,East,2006/2007,MEMORIAL AVENUE,PETER LEEMING ROAD,,Serious Crash,No,2006,,East,,0,,Flat,,,,,,Bright sun,2494000,0,0,0,4,,,0,,,,,,Canterbury Region,Nil,2-way,Sealed,,0,2,,60,,Null,0,0,,60,Christchurch City,Nil,,,,,0,0,Urban,0,,,Fine,Null
1750838,5424583,33158,,576901,0,,0,0,,East,2005/2006,SH 1N,EVANS BAY PARADE,,Minor Crash,Yes,2006,,East,,0,,Flat,,,,,,Overcast,2176800,1,0,1,2,,,0,,,,,,Wellington Region,Nil,1-way,Sealed,,0,0,,70,,Null,0,0,,47,Wellington City,Nil,,,,,0,0,Urban,0,,,Fine,Null
1829079,5833035,33159,,534604,0,,0,0,,Null,2006/2007,SH 26,SH 27,,Minor Crash,Yes,2006,,West,,0,,Flat,,,,,,Overcast,1097100,1,0,1,2,,,0,,,,,,Waikato Region,Nil,2-way,Sealed,,0,0,,70,,Off,1,0,,15,Matamata-Piako District,Give way,,,,,0,0,Urban,0,,,Fine,Null
1882893,5826499,33160,,536821,1,,0,1,,East,2005/2006,HEWLETTS ROAD,NEWTON ST,,Serious Crash,No,2006,,East,,0,,Flat,,Queens Birthday,,,,Overcast,1204100,0,0,0,2,,,0,,,,,,Bay of Plenty Region,Nil,2-way,Sealed,,0,1,,50,,Null,0,0,,23,Tauranga City,Give way,,,,,0,0,Urban,0,,,Fine,Null
1756981,5448951,33161,,572000,0,,0,3,,South,2005/2006,SH 1N,MANA VIEW ROAD,,Non-Injury Crash,Yes,2006,,South,,0,,Flat,,,,,,Bright sun,2069700,0,0,0,4,,,0,,,,,,Wellington Region,Nil,2-way,Sealed,,0,0,,50,,Null,0,0,,44,Porirua City,Nil,,,,,0,0,Urban,0,,,Fine,Null
1775745,5469983,33162,,566302,0,,0,0,,East,2006/2007,AKATARAWA ROAD,REIKORANGI ROAD,,Minor Crash,No,2006,,North,,0,,Flat,,,,,,Overcast,1998600,1,1,0,2,,,0,,,,,,Wellington Region,Nil,2-way,Sealed,,0,0,,100,,Null,0,0,,43,Kapiti Coast District,Nil,,,,,0,0,Open,0,,,Fine,Null
1763458,5912898,33163,,520500,0,0,0,1,0,West,2006/2007,SEART OFF SBD,SEMW ON WBD,,Minor Crash,Yes,2006,0,East,0,0,0,Flat,1,,0,,0,Bright sun,637400,1,0,0,1,0,0,0,0,0,,0,0,Auckland Region,Nil,1-way,Sealed,0,0,0,0,80,0,Off,0,0,,76,Auckland,Nil,0,0,0,1,0,0,Open,0,0,0,Fine,Null
1755146,5918265,33164,,517500,0,,0,4,,West,2005/2006,SH 16,BOND OBR,,Non-Injury Crash,Yes,2006,,West,,0,,Flat,,,,,,Bright sun,529900,0,0,0,3,,,0,,,,,,Auckland Region,Nil,1-way,Sealed,,0,0,,80,,Off,0,0,,76,Auckland,Nil,,,,,0,0,Open,1,,,Fine,Null
1768394,5913924,33165,,522810,0,0,0,4,0,East,2005/2006,PAKURANGA ROAD,GOSSAMER DRIVE,,Minor Crash,No,2006,0,East,0,0,0,Hill Road,0,,0,,0,Overcast,691203,2,0,0,6,0,0,0,0,0,,0,0,Auckland Region,Nil,2-way,Sealed,0,0,0,1,60,0,Off,0,0,,76,Auckland,Nil,1,0,0,0,0,0,Urban,0,0,0,Fine,Null
1775580,5886034,33166,,521132,0,0,0,1,0,South,2006/2007,SH 1N,ARARIMU OBR,,Non-Injury Crash,Yes,2006,0,South,0,0,0,Flat,1,,0,,0,Dark,814200,0,0,0,2,0,0,0,0,0,,0,0,Auckland Region,Nil,1-way,Sealed,0,0,0,0,100,0,On,0,0,,76,Auckland,Nil,0,0,0,0,0,0,Open,0,0,0,Fine,Null
1797940,5814567,33167,,529000,0,,0,2,,Null,2005/2006,SH 23,TUHIKARAMEA ROAD,,Non-Injury Crash,Yes,2006,,West,,0,,Flat,,,,,,Overcast,919000,0,0,0,2,,,0,,,,,,Waikato Region,Nil,2-way,Sealed,,0,0,,50,,Null,0,0,,16,Hamilton City,Give way,,,,,0,0,Urban,0,,,Fine,Null
1770513,5901503,33168,,523816,0,,0,2,,West,2006/2007,ALFRISTON ROAD,SENATOR DRIVE,,Minor Crash,No,2006,,East,,0,,Flat,,,,,,Bright sun,759715,1,0,0,2,,,0,,,,,,Auckland Region,Nil,2-way,Sealed,,0,0,,100,,Null,0,0,,76,Auckland,Unknown,,,,,0,0,Open,0,,,Fine,Null
1762676,5912577,33169,,520500,0,,0,1,,Null,2005/2006,GREAT SOUTH ROAD,CHURCH ST,,Non-Injury Crash,No,2006,,East,,0,,Flat,,,,,,Dark,637300,0,0,0,8,,,0,,,,,,Auckland Region,Nil,2-way,Sealed,,0,0,,50,,On,0,0,,76,Auckland,Traffic Signals,,,,,1,0,Urban,0,,,Heavy rain,Null
1756679,5919909,33170,,514102,0,,0,2,,Null,2006/2007,NELSON OFF 16 NBD,NELSON ST,,Non-Injury Crash,Yes,2006,,North,,0,,Flat,,,,,,Bright sun,435500,0,0,0,3,,,0,,,,,,Auckland Region,Nil,1-way,Sealed,,0,0,,50,,Off,0,0,,76,Auckland,Traffic Signals,,,,,0,0,Urban,0,,,Fine,Null