X,Y,OBJECTID,advisorySpeed,areaUnitID,bicycle,bridge,bus,carStationWagon,cliffBank,crashDirectionDescription,crashFinancialYear,crashLocation1,crashLocation2,crashRoadSideRoad,crashSeverity,crashSHDescription,crashYear,debris,directionRoleDescription,ditch,fatalCount,fence,flatHill,guardRail,holiday,houseOrBuilding,intersection,kerb,light,meshblockId,minorInjuryCount,moped,motorcycle,NumberOfLanes,objectThrownOrDropped,otherObject,otherVehicleType,overBank,parkedVehicle,pedestrian,phoneBoxEtc,postOrPole,region,roadCharacter,roadLane,roadSurface,roadworks,schoolBus,seriousInjuryCount,slipOrFlood,speedLimit,strayAnimal,streetLight,suv,taxi,temporarySpeedLimit,tlaId,tlaName,trafficControl,trafficIsland,trafficSign,train,tree,truck,unknownVehicleType,urban,vanOrUtility,vehicle,waterRiver,weatherA,weatherB
1889554,5820968,33171,,536203,0,,0,2,,North,2005/2006,DOMAIN ROAD,TARA ROAD,,Non-Injury Crash,No,2006,,North,,0,,Flat,,,,,,Bright sun,1206856,0,0,0,2,,,0,,,,,,Bay of Plenty Region,Nil,2-way,Sealed,,0,0,,100,,Null,0,0,,23,Tauranga City,Unknown,,,,,0,0,Open,0,,,Fine,Null
1764595,5911890,33172,,520500,0,,0,2,,South,2005/2006,SH 1N,MT WGTN OFF NBD,,Non-Injury Crash,Yes,2006,,North,,0,,Flat,,,,,,Dark,639500,0,0,0,3,,,0,,,,,,Auckland Region,Nil,1-way,Sealed,,0,0,,100,,On,0,0,,76,Auckland,Nil,,,,,0,0,Open,0,,,Light rain,Null
1883224,5775414,33173,,539400,0,0,0,1,0,West,2005/2006,CLAYTON ROAD,SH 5,,Non-Injury Crash,No,2006,0,West,0,0,0,Flat,0,,0,,0,Overcast,1224800,0,0,0,2,0,0,0,0,0,,0,1,Bay of Plenty Region,Nil,2-way,Sealed,0,0,0,0,50,0,Null,0,0,,24,Rotorua District,Unknown,0,0,0,0,0,0,Urban,0,0,0,Fine,Null
1930761,5604258,33174,,548100,0,0,0,1,0,Null,2005/2006,ST AUBYN ST EAST,SYLVAN ROAD,,Minor Crash,No,2006,0,West,0,0,0,Flat,0,,0,,0,Dark,1501300,1,0,0,2,0,0,0,0,0,,0,0,Hawke's Bay Region,Nil,2-way,Sealed,0,0,0,0,50,0,None,0,0,,30,Hastings District,Give way,1,1,0,0,0,0,Urban,0,0,0,Light rain,Null
1805378,5814203,33175,,527124,0,0,0,0,0,Null,2006/2007,SH 26,SILVERDALE ROAD,,Non-Injury Crash,Yes,2006,0,North,0,0,0,Hill Road,0,,0,,0,Bright sun,955204,0,0,0,2,0,0,0,0,0,,0,0,Waikato Region,Nil,2-way,Sealed,0,0,0,0,80,0,Null,0,0,,16,Hamilton City,Stop,1,1,0,0,2,0,Open,0,0,0,Fine,Null
1615455,5423560,33176,,584202,0,,0,1,,East,2006/2007,QUEEN ST,CROUCHER ST,,Minor Crash,No,2006,,South,,0,,Flat,,,,,,Bright sun,2364100,1,0,0,2,,,0,,,1,,,Tasman Region,Nil,2-way,Sealed,,0,0,,50,,Null,0,0,,51,Tasman District,Nil,,,,,0,0,Urban,0,,,Fine,Null
1758653,5917852,33177,,516101,0,,0,0,,North,2005/2006,REMUERA ROAD,BELMONT TERRACE,,Non-Injury Crash,No,2006,,North,,0,,Hill Road,,,,,,Bright sun,480900,0,1,0,2,,,0,,,,,,Auckland Region,Nil,2-way,Sealed,,0,0,,50,,Null,0,0,,76,Auckland,Unknown,,,,,0,0,Urban,1,,,Fine,Null
1682052,6017979,33178,,504502,0,,0,1,,South,2006/2007,SH 12,TURIWIRI WEST ROAD,,Non-Injury Crash,Yes,2006,,North,,0,,Flat,,,,,,Bright sun,122100,0,0,0,2,,,0,,,,,,Northland Region,Nil,2-way,Sealed,,0,0,,100,,None,0,0,,3,Kaipara District,Nil,,,,,0,0,Open,0,,,Fine,Null
1769318,5907472,33179,,523711,0,0,0,2,0,North,2005/2006,TE IRIRANGI DRIVE,ORMISTON ROAD,,Serious Crash,No,2006,0,North,0,0,0,Flat,0,Christmas New Year,0,,0,Bright sun,712304,2,0,0,4,0,0,0,0,0,,0,1,Auckland Region,Nil,2-way,Sealed,0,0,1,0,80,0,Off,0,0,,76,Auckland,Traffic Signals,0,0,0,1,0,0,Open,0,0,0,Fine,Null
1774150,5897219,33180,,525610,0,,0,2,,Null,2006/2007,COSGRAVE ROAD,CLEVEDON ROAD,,Non-Injury Crash,No,2006,,South,,0,,Flat,,,,,,Overcast,796500,0,0,0,2,,,0,,,,,,Auckland Region,Nil,2-way,Sealed,,0,0,,50,,Off,0,0,,76,Auckland,Stop,,,,,0,0,Urban,0,,,Light rain,Null
1800700,5814927,33181,,529700,0,,0,0,,Null,2006/2007,COLLINGWOOD ST,TRISTRAM ST,,Minor Crash,No,2006,,East,,0,,Flat,,,,,,Dark,911500,1,0,0,2,,,0,,,,,,Waikato Region,Nil,2-way,Sealed,,0,0,,50,,On,0,0,,16,Hamilton City,Give way,,,,,0,0,Urban,2,,,Light rain,Null
1754730,5930636,33182,,508520,0,,0,2,,South,2005/2006,SH 1N,CONSTELLATION OBR,,Non-Injury Crash,Yes,2006,,South,,0,,Hill Road,,,,,,Overcast,191104,0,0,0,3,,,0,,,,,,Auckland Region,Nil,1-way,Sealed,,0,0,,100,,Off,0,0,,76,Auckland,Nil,,,,,0,0,Open,0,,,Fine,Null
1691136,6083369,33183,65,501500,0,,0,1,,East,2005/2006,SH 1N,HAUTAPU ROAD,,Non-Injury Crash,Yes,2006,,South,,0,,Hill Road,,Queens Birthday,,,,Dark,52001,0,0,0,3,,,0,,,,,,Northland Region,Nil,2-way,Sealed,,0,0,,100,,None,0,0,,1,Far North District,Nil,,,,,0,0,Open,0,,,Heavy rain,Null
1844807,5530400,33184,,550200,0,0,0,1,0,East,2005/2006,SH 2,NELSON ST,,Serious Crash,Yes,2006,0,East,0,0,1,Flat,0,,0,,0,Dark,1544000,0,0,0,2,0,0,0,0,0,,0,0,Manawatū-Whanganui Region,Nil,2-way,Sealed,0,0,1,0,100,0,None,0,0,,41,Tararua District,Nil,0,0,0,0,0,0,Open,0,0,0,Fine,Null
1769800,5914561,33185,,522722,0,,0,2,,South,2006/2007,AVIEMORE DRIVE,HIGHLAND PARK DRIVE,,Non-Injury Crash,No,2006,,North,,0,,Flat,,,,,,Bright sun,681324,0,0,0,2,,,0,,,,,,Auckland Region,Nil,2-way,Sealed,,0,0,,60,,Off,0,0,,76,Auckland,Give way,,,,,0,0,Urban,0,,,Fine,Null
1767658,5907855,33186,,523502,0,,0,1,,Null,2006/2007,HILLS ROAD,CAREY PLACE,,Serious Crash,No,2006,,South,,0,,Flat,,,,,,Dark,704000,0,0,0,2,,,0,,,1,,,Auckland Region,Nil,2-way,Sealed,,0,1,,50,,None,0,0,,76,Auckland,Nil,,,,,0,0,Urban,0,,,Fine,Null
1770290,5900252,33187,,523817,0,,0,0,,Null,2005/2006,HYPERION DRIVE,LIMOND ST,,Non-Injury Crash,No,2006,,East,,0,,Flat,,,,,,Overcast,759722,0,0,0,2,,,0,,,,,,Auckland Region,Nil,2-way,Sealed,,0,0,,50,,Off,0,0,,76,Auckland,Nil,,,,,0,0,Urban,2,,,Fine,Null
1929128,5605994,33188,,547700,1,,0,1,,North,2006/2007,GALLIEN ST,HERETAUNGA ST WEST,,Minor Crash,No,2006,,North,,0,,Flat,,,,,,Bright sun,1487400,1,0,0,2,,,0,,,,,,Hawke's Bay Region,Nil,2-way,Sealed,,0,0,,50,,Null,0,0,,30,Hastings District,Nil,,,,,0,0,Urban,0,,,Fine,Null
1802577,5724875,33189,,532700,0,0,0,0,1,North,2006/2007,PORO-O-TARAO ROAD,WAIMIHA VALLEY ROAD,,Minor Crash,No,2006,0,South,1,0,0,Flat,0,,0,,0,Bright sun,1039100,1,0,0,2,0,0,0,0,0,,0,0,Manawatū-Whanganui Region,Nil,2-way,Sealed,0,0,0,0,100,0,Null,0,0,,36,Ruapehu District,Unknown,0,0,0,0,0,0,Open,1,0,0,Fine,Null
1754269,5444460,33190,,570800,0,0,0,2,0,Null,2006/2007,HAGLEY ST,TITAHI BAY ROAD,,Non-Injury Crash,No,2006,0,North,0,0,0,Flat,0,,0,,0,Bright sun,2052300,0,0,0,5,0,0,0,0,0,,0,0,Wellington Region,Nil,2-way,Sealed,0,0,0,0,70,0,Null,0,0,,44,Porirua City,Traffic Signals,1,1,0,0,0,0,Urban,0,0,0,Fine,Null
1556014,5176574,33191,,587904,0,0,0,0,0,South,2005/2006,SH 1S,DAWSONS ROAD,,Minor Crash,Yes,2006,0,North,0,0,1,Flat,0,,0,,0,Bright sun,2496900,1,0,0,2,0,0,0,0,0,,0,1,Canterbury Region,Nil,2-way,Sealed,0,0,0,0,100,0,Null,0,0,,62,Selwyn District,Unknown,0,0,0,0,1,0,Open,0,0,0,Fine,Null
1881448,5775161,33192,,539100,0,,0,2,,Null,2005/2006,GORDON ROAD,THOMAS CRESCENT,,Minor Crash,No,2006,,West,,0,,Flat,,,,,,Overcast,1218600,1,0,0,2,,,0,,,,,,Bay of Plenty Region,Nil,2-way,Sealed,,0,0,,50,,Null,0,0,,24,Rotorua District,Stop,,,,,0,0,Urban,0,,,Light rain,Null
1771775,5913036,33193,,523102,0,,0,2,,Null,2006/2007,MEADOWLAND DRIVE,GOOCH PLACE,,Minor Crash,No,2006,,East,,0,,Flat,,,,,,Dark,711023,1,0,0,2,,,0,,,,,,Auckland Region,Nil,2-way,Sealed,,0,0,,50,,On,0,0,,76,Auckland,Give way,,,,,0,0,Urban,0,,,Fine,Null
1757829,5914271,33194,,518600,0,0,0,2,0,North,2006/2007,PAH ROAD,LIVERPOOL ST,,Non-Injury Crash,No,2006,0,North,0,0,0,Flat,0,,0,,0,Dark,566600,0,0,0,2,0,0,0,0,1,,0,0,Auckland Region,Nil,2-way,Sealed,0,0,0,0,50,0,On,0,0,,76,Auckland,Nil,0,0,0,0,0,0,Urban,0,0,0,Light rain,Null
1769737,5915638,33195,,522711,0,0,0,1,1,West,2005/2006,GILLS ROAD,BUCKLANDS BEACH ROAD,,Non-Injury Crash,No,2006,0,West,0,0,0,Flat,0,,0,,0,Dark,679812,0,0,0,2,0,0,0,0,0,,0,0,Auckland Region,Nil,2-way,Sealed,0,0,0,0,50,0,On,0,0,,76,Auckland,Nil,0,0,0,0,0,0,Urban,0,0,0,Fine,Null
1758037,5915029,33196,,519300,0,,0,2,,North,2005/2006,MANUKAU ROAD,GOLF ROAD,,Non-Injury Crash,No,2006,,South,,0,,Flat,,,,,,Bright sun,623800,0,0,0,2,,,0,,,,,,Auckland Region,Nil,2-way,Sealed,,0,0,,50,,Off,0,0,,76,Auckland,Nil,,,,,0,0,Urban,0,,,Fine,Null
1753695,5928221,33197,,508310,0,,0,2,,Null,2005/2006,GLENFIELD ROAD,MAYFIELD ROAD S,,Non-Injury Crash,No,2006,,North,,0,,Flat,,,,,,Bright sun,199900,0,0,0,2,,,0,,,,,,Auckland Region,Nil,2-way,Sealed,,0,0,,50,,Off,0,0,,76,Auckland,Traffic Signals,,,,,0,0,Urban,0,,,Fine,Null
1908152,5576375,33198,,549602,0,0,0,0,0,South,2006/2007,SH 2,ARGYLL ROAD,,Serious Crash,Yes,2006,0,North,1,0,1,Hill Road,0,,0,,0,Twilight,1523100,2,0,0,3,0,0,0,0,0,,0,0,Hawke's Bay Region,Nil,2-way,Sealed,0,0,1,0,100,0,None,1,0,,32,Central Hawke's Bay District,Nil,0,0,0,0,0,0,Open,0,0,0,Fine,Null
1755380,5932236,33199,,508805,0,,0,3,,North,2006/2007,EAST COAST ROAD,MAXWELTON DRIVE,,Minor Crash,No,2006,,South,,0,,Flat,,,,,,Bright sun,151101,1,0,0,4,,,0,,,,,,Auckland Region,Nil,2-way,Sealed,,0,0,,50,,Off,0,0,,76,Auckland,Nil,,,,,0,0,Urban,0,,,Fine,Null
1781557,5872065,33200,,521135,0,0,0,0,0,South,2006/2007,SH 1N,KOHEROA OBR,,Non-Injury Crash,Yes,2006,0,North,0,0,0,Flat,0,,0,,0,Dark,843100,0,0,0,2,0,0,0,0,0,,0,1,Waikato Region,Nil,2-way,Sealed,0,0,0,0,80,0,On,0,0,,13,Waikato District,Unknown,0,1,0,0,1,0,Open,0,0,0,Fine,Null
1761926,5907887,33201,,524520,0,,0,1,,South,2005/2006,YATES ROAD,WICKMAN WAY,,Non-Injury Crash,No,2006,,South,,0,,Flat,,Easter,,,,Overcast,734300,0,0,0,2,,,0,,,,,,Auckland Region,Nil,2-way,Sealed,,0,0,,50,,Off,1,0,,76,Auckland,Nil,,,,,0,0,Urban,0,,,Fine,Null
1753096,5925593,33202,,510401,0,0,0,1,0,Null,2006/2007,ROSEBERRY AVENUE,BERNE PLACE,,Non-Injury Crash,No,2006,0,North,0,0,0,Hill Road,0,Labour Weekend,0,,0,Dark,354300,0,0,0,2,0,0,0,0,0,,0,0,Auckland Region,Nil,2-way,Sealed,0,0,0,0,50,0,On,0,0,,76,Auckland,Give way,1,0,0,1,0,0,Urban,0,0,0,Light rain,Null
1247929,4878785,33203,,610040,0,0,0,1,1,South,2006/2007,SH 96,ZWIES ROAD,,Minor Crash,Yes,2006,0,South,0,0,0,Hill Road,0,,0,,0,Overcast,3073800,1,0,0,2,0,0,0,0,0,,0,0,Southland Region,Nil,2-way,Sealed,0,0,0,0,100,0,Null,0,0,,73,Southland District,Unknown,0,0,0,0,0,0,Open,0,0,0,Fine,Null
1759522,5436247,33204,,569100,0,,0,1,,West,2005/2006,HIGH ST,MARGARET ST,,Minor Crash,No,2006,,South,,0,,Flat,,,,,,Overcast,1967400,1,0,0,2,,,0,,,1,,,Wellington Region,Nil,2-way,Sealed,,0,0,,50,,Null,0,0,,46,Lower Hutt City,Nil,,,,,0,0,Urban,0,,,Fine,Null
1863523,5711845,33205,,541311,0,0,0,1,1,West,2005/2006,MAPARA ROAD,KRISSELL PLACE,,Minor Crash,No,2006,0,North,0,0,0,Hill Road,0,Christmas New Year,0,,0,Dark,1279407,1,0,0,2,0,0,0,0,0,,0,0,Waikato Region,Nil,2-way,Sealed,0,0,0,0,50,0,On,0,0,,21,Taupo District,Nil,0,0,0,1,0,0,Urban,0,0,0,Fine,Null
1796867,5819778,33206,,528403,0,,0,2,,West,2005/2006,TE RAPA ROAD,WAIRERE DRIVE,,Non-Injury Crash,No,2006,,West,,0,,Hill Road,,,,,,Overcast,907500,0,0,0,2,,,0,,,,,,Waikato Region,Bridge,2-way,Sealed,,0,0,,80,,Null,0,0,,16,Hamilton City,Unknown,,,,,0,0,Open,0,,,Fine,Null
1686280,6101325,33207,,500900,0,,0,2,,West,2005/2006,Z CPK NEW WORLD,KERIKERI ROAD,,Non-Injury Crash,No,2006,,North,,0,,Flat,,,,,,Overcast,53303,0,0,0,0,,,0,,,,,,Northland Region,Nil,Off road,Sealed,,0,0,,50,,None,0,0,,1,Far North District,Nil,,,,,0,0,Urban,0,,,Light rain,Null
1763993,5904256,33208,,524604,0,,0,2,,Null,2006/2007,PUHINUI OFF NBD,SH 20B,,Non-Injury Crash,Yes,2006,,North,,0,,Flat,,,,,,Dark,781100,0,0,0,1,,,0,,,,,,Auckland Region,Motorway ramp,1-way,Sealed,,0,0,,50,,On,0,0,,76,Auckland,Traffic Signals,,,,,0,0,Urban,0,,,Fine,Null
1769890,5899376,33209,,523920,0,,0,2,,South,2005/2006,SH 1N,GT SOUTH OBR,,Non-Injury Crash,Yes,2006,,South,,0,,Hill Road,,,,,,Bright sun,768005,0,0,0,2,,,0,,,,,,Auckland Region,Nil,1-way,Sealed,,0,0,,100,,Off,0,0,,76,Auckland,Nil,,,,,0,0,Open,0,,,Fine,Null
1738107,6044546,33210,,501817,0,0,0,0,0,North,2006/2007,PATAUA SOUTH ROAD,BEASLEY ROAD,,Serious Crash,No,2006,0,North,0,0,1,Hill Road,0,Christmas New Year,0,,0,Twilight,73806,0,0,1,2,0,0,0,0,0,,0,0,Northland Region,Nil,2-way,Sealed,0,0,1,0,100,0,None,0,0,,2,Whangarei District,Nil,0,0,0,0,0,0,Open,0,0,0,Fine,Null
1757136,5919742,33211,,514103,0,,0,2,,North,2006/2007,QUEEN ST,TURNER ST,,Non-Injury Crash,No,2006,,North,,0,,Hill Road,,,,,,Bright sun,436100,0,0,0,4,,,0,,,,,,Auckland Region,Nil,2-way,Sealed,,0,0,,50,,Off,0,0,,76,Auckland,Nil,,,,,0,0,Urban,0,,,Fine,Null
1745307,5919772,33212,,513301,0,,0,1,,North,2005/2006,LINCOLN ROAD,UNIVERSAL DRIVE,,Non-Injury Crash,No,2006,,North,,0,,Flat,,,,,,Bright sun,230401,0,0,0,4,,,0,,,,,,Auckland Region,Nil,2-way,Sealed,,0,0,,50,,Off,0,0,,76,Auckland,Nil,,,,,0,0,Urban,1,,,Fine,Null
1876710,5818329,33213,,537602,0,,0,1,,West,2006/2007,CHEYNE ROAD EAST,OROPI ROAD,,Non-Injury Crash,No,2006,,East,,0,,Hill Road,,,,,,Bright sun,1192202,0,0,0,2,,,0,,,,,,Bay of Plenty Region,Nil,2-way,Sealed,,0,0,,50,,None,0,0,,23,Tauranga City,Nil,,,,,0,0,Urban,0,,,Fine,Null
1792154,5499660,33214,,564220,0,0,0,1,0,Null,2005/2006,MCKENZIE ST,HOKIO BEACH ROAD,,Minor Crash,No,2006,0,West,0,0,1,Flat,0,,0,,0,Dark,1873900,1,0,0,2,0,0,0,0,0,,0,0,Manawatū-Whanganui Region,Nil,2-way,Sealed,0,0,0,0,50,0,On,0,0,,42,Horowhenua District,Nil,0,0,0,0,0,0,Urban,0,0,0,Fine,Null
1172690,4890141,33215,,612730,0,0,0,0,0,South,2006/2007,LILLBURN VALLEY ROAD,HINDLEY ROAD,,Minor Crash,No,2006,0,North,0,0,1,Flat,0,,0,,0,Bright sun,3192300,1,0,0,2,0,0,0,0,0,,0,0,Southland Region,Nil,2-way,Unsealed,0,0,0,0,100,0,Null,0,0,,73,Southland District,Unknown,0,0,0,0,0,0,Open,1,0,0,Fine,Null
1769255,5904362,33216,,523820,0,,0,2,,North,2006/2007,GOODWOOD DRIVE,HURSTBOURN PRIORS,,Minor Crash,No,2006,,North,,0,,Hill Road,,,,,,Dark,760144,1,0,0,2,,,0,,,,,,Auckland Region,Nil,2-way,Sealed,,0,0,,50,,On,0,0,,76,Auckland,Nil,,,,,0,0,Urban,0,,,Fine,Null
1742931,5921811,33217,,513631,0,0,0,1,1,West,2006/2007,FROSSES PLACE,GARTON DRIVE,,Non-Injury Crash,No,2006,0,West,0,0,0,Hill Road,0,,0,,0,Dark,227102,0,0,0,1,0,0,0,0,0,,0,0,Auckland Region,Nil,2-way,Sealed,0,0,0,0,50,0,On,0,0,,76,Auckland,Nil,0,0,0,0,0,0,Urban,0,0,0,Fine,Null
1800649,5815455,33218,,529700,0,,0,2,,North,2006/2007,ANGLESEA ST,BRYCE ST,,Non-Injury Crash,No,2006,,South,,0,,Flat,,,,,,Bright sun,910600,0,0,0,5,,,0,,,,,,Waikato Region,Nil,2-way,Sealed,,0,0,,50,,Null,0,0,,16,Hamilton City,Traffic Signals,,,,,0,0,Urban,0,,,Fine,Null
1816882,5803603,33219,,527503,0,,0,2,,Null,2006/2007,SH 1N VICTORIA,SH 1N HAMILTON,,Minor Crash,Yes,2006,,North,,0,,Flat,,,,,,Bright sun,962602,2,0,0,2,,,0,,,,,,Waikato Region,Nil,2-way,Sealed,,0,0,,50,,Null,0,0,,17,Waipa District,Give way,,,,,0,0,Urban,0,,,Fine,Null
1568315,5176637,33220,,595100,0,0,0,0,0,Null,2005/2006,HOON HAY ROAD,MUIRSON AVENUE,,Minor Crash,No,2006,0,South,0,0,1,Flat,0,,1,,0,Bright sun,2634800,1,0,0,2,0,0,0,0,0,,0,0,Canterbury Region,Nil,2-way,Sealed,0,0,0,0,50,0,Null,1,0,,60,Christchurch City,Stop,0,0,0,0,0,0,Urban,0,0,0,Fine,Null
1771833,5902838,33221,,523818,0,0,0,1,0,South,2006/2007,MILL ROAD,POLO PRINCE DRIVE,,Non-Injury Crash,No,2006,1,South,0,0,0,Hill Road,0,,0,,0,Dark,760904,0,0,0,2,0,0,0,0,0,,0,0,Auckland Region,Nil,2-way,Sealed,0,0,0,0,100,0,None,0,0,,76,Auckland,Nil,0,0,0,0,0,0,Open,0,0,0,Fine,Null
2035508,5711219,33222,,544900,0,,0,2,,West,2005/2006,POTAE AVENUE,LYTTON ROAD,,Non-Injury Crash,No,2006,,South,,0,,Flat,,,,,,Overcast,1376603,0,0,0,2,,,0,,,,,,Gisborne Region,Nil,2-way,Sealed,,0,0,,50,,Null,0,0,,28,Gisborne District,Nil,,,,,0,0,Urban,0,,,Fine,Null
1756101,5923271,33223,,509800,0,,0,0,,South,2005/2006,SH 1N,ONEWA OBR,,Non-Injury Crash,Yes,2006,,South,,0,,Hill Road,,,,,,Overcast,359200,0,0,0,2,,,0,,,,,,,Nil,1-way,Sealed,,0,0,,80,,Off,0,0,,76,Auckland,Nil,,,,,2,0,Open,1,,,Heavy rain,Null
1733841,6013400,33224,,501816,1,0,0,0,0,South,2006/2007,COVE ROAD,MCLEAN ROAD,,Minor Crash,No,2006,0,South,0,0,0,Flat,0,,0,,0,Bright sun,81404,1,0,0,2,0,1,0,0,0,,0,0,Northland Region,Nil,2-way,Sealed,0,0,0,0,100,0,None,0,0,,2,Whangarei District,Nil,0,0,0,0,0,0,Open,0,0,0,Fine,Null
1620611,5428781,33225,,583100,0,,0,1,,Null,2006/2007,SH 6,PARKERS ROAD,,Serious Crash,Yes,2006,,North,,0,,Flat,,,,,,Bright sun,2335400,0,1,0,2,,,0,,,,,,Nelson Region,Nil,2-way,Sealed,,0,1,,50,,Null,0,0,,52,Nelson City,Give way,,,,,0,0,Urban,0,,,Fine,Null
1761598,5438184,33226,,569402,0,,0,1,,South,2005/2006,SH 2,FAIRWAY DRIVE,,Minor Crash,Yes,2006,,South,,0,,Flat,,,,,,Overcast,1918000,1,0,0,4,,,0,,,,,,Wellington Region,Nil,2-way,Sealed,,0,0,,100,,Null,0,0,,46,Lower Hutt City,Nil,,,,,0,0,Open,0,,,Light rain,Null
1751491,5951178,33227,,505804,0,0,0,1,1,North,2005/2006,HIBISCUS COAST HIGHWAY,OLD NORTH ROAD,,Non-Injury Crash,No,2006,0,South,0,0,0,Flat,1,,0,,0,Bright sun,170900,0,0,0,2,0,0,0,0,0,,0,0,Auckland Region,Nil,2-way,Sealed,0,0,0,0,70,0,Off,0,0,,76,Auckland,Nil,0,0,0,0,1,0,Urban,0,0,0,Fine,Null
1686106,6105052,33228,,501614,0,0,0,0,0,East,2005/2006,KAPIRO ROAD,ORANGEWOOD ROAD,,Minor Crash,No,2006,0,West,0,0,0,Flat,0,,0,,0,Dark,44501,1,0,0,2,0,0,0,0,0,,0,0,Northland Region,Nil,2-way,Sealed,0,0,0,0,100,0,Off,0,0,,1,Far North District,Nil,0,0,0,1,0,0,Open,1,0,0,Light rain,Null
2029732,5711438,33229,,544002,0,,0,0,,Null,2005/2006,BUSHMERE ROAD,BLOOMFIELD ROAD,,Serious Crash,No,2006,,West,,0,,Flat,,,,,,Bright sun,1358100,0,0,1,2,,,0,,,,,,Gisborne Region,Nil,2-way,Sealed,,0,1,,100,,Null,1,0,,28,Gisborne District,Give way,,,,,0,0,Open,0,,,Fine,Null
1762205,5437717,33230,,568402,0,,0,2,,Null,2006/2007,TAITA DRIVE,FAIRWAY DRIVE,,Minor Crash,No,2006,,West,,0,,Flat,,,,,,Overcast,1943102,1,0,0,2,,,0,,,,,,Wellington Region,Nil,2-way,Sealed,,0,0,,50,,Null,0,0,,46,Lower Hutt City,Stop,,,,,0,0,Urban,0,,,Light rain,Null
1754188,5918876,33231,,515431,0,,0,1,,Null,2005/2006,SURREY CRESCENT,BULLOCK TRACK,,Serious Crash,No,2006,,West,,0,,Flat,,,,,,Overcast,403300,0,1,0,2,,,0,,,,,,Auckland Region,Nil,2-way,Sealed,,0,1,,50,,Off,0,0,,76,Auckland,Nil,,,,,0,0,Urban,0,,,Light rain,Null
1760524,5908710,33232,,524404,0,,0,2,,Null,2006/2007,ROBERTSON ROAD,TILBERG ST,,Minor Crash,No,2006,,North,,0,,Flat,,,,,,Bright sun,730002,1,0,0,2,,,0,,,,,,Auckland Region,Nil,2-way,Sealed,,0,0,,50,,Off,0,0,,76,Auckland,Give way,,,,,0,0,Urban,0,,,Fine,Null
1239370,4906537,33233,,610040,0,0,0,0,0,Null,2006/2007,SOUTH HILLEND-DIPTON ROAD,KENT ST,,Serious Crash,No,2006,0,South,0,0,0,Flat,0,,0,,0,Dark,3070800,0,0,0,2,0,0,0,0,0,,0,0,Southland Region,Nil,2-way,Sealed,0,0,1,0,100,0,None,0,0,,73,Southland District,Nil,0,1,0,0,0,0,Open,1,0,0,Fine,Null
1802862,5828690,33234,,527122,0,,0,1,,North,2005/2006,SH 1B,PEACH ROAD,,Serious Crash,Yes,2006,,South,,0,,Flat,,,,,,Dark,953700,0,0,0,2,,,0,,,1,,,Waikato Region,Nil,2-way,Sealed,,0,1,,100,,None,0,0,,13,Waikato District,Unknown,,,,,0,0,Open,0,,,Fine,Null
1755236,5924722,33235,,509800,0,,0,1,,West,2006/2007,ONEWA ROAD,LAKE ROAD,,Non-Injury Crash,No,2006,,West,,0,,Hill Road,,,,,,Overcast,361600,0,0,0,2,,,0,,,,,,Auckland Region,Nil,2-way,Sealed,,0,0,,50,,Off,0,0,,76,Auckland,Nil,,,,,1,0,Urban,0,,,Fine,Null
1658930,6124727,33236,,500402,0,,0,2,,North,2005/2006,SH 10,SALVATION ROAD,,Non-Injury Crash,Yes,2006,,South,,0,,Hill Road,,,,,,Dark,17302,0,0,0,2,,,0,,,,,,Northland Region,Nil,2-way,Sealed,,0,0,,100,,None,0,0,,1,Far North District,Nil,,,,,0,0,Open,0,,,Fine,Null
1761749,5906566,33237,,524112,0,,0,0,,Null,2005/2006,MASSEY ROAD,MASSEY OFF SBD,,Minor Crash,No,2006,,East,,0,,Flat,,,,,,Bright sun,742300,1,0,0,6,,,0,,,,,,Auckland Region,Bridge,2-way,Sealed,,0,0,,50,,Off,1,0,,76,Auckland,Traffic Signals,,,,,1,0,Urban,0,,,Fine,Null
1749632,5935687,33238,,508701,0,0,0,1,0,East,2005/2006,ALBANY HEIGHTS ROAD,DAIRY FLAT HIGHWAY,,Minor Crash,No,2006,0,East,0,0,0,Flat,0,,0,,0,Bright sun,178401,2,0,0,2,0,0,0,1,0,,0,0,Auckland Region,Nil,2-way,Sealed,0,0,0,0,80,0,Off,0,0,,76,Auckland,Nil,0,0,0,0,0,0,Open,0,0,0,Fine,Null
1756105,5928544,33239,,507900,0,,0,2,,North,2006/2007,FORREST HILL ROAD,CURREY CRESCENT,,Non-Injury Crash,No,2006,,North,,0,,Hill Road,,,,,,Bright sun,306700,0,0,0,2,,,0,,,,,,Auckland Region,Nil,2-way,Sealed,,0,0,,50,,Off,0,0,,76,Auckland,Nil,,,,,0,0,Urban,0,,,Fine,Null
1758002,5917976,33240,,515700,0,,0,0,,South,2006/2007,SH 1N,GILLIES OFF SBD,,Non-Injury Crash,Yes,2006,,South,,0,,Flat,,,,,,Bright sun,443200,0,0,0,4,,,0,,,,,,Auckland Region,Nil,1-way,Sealed,,0,0,,100,,Off,1,0,,76,Auckland,Nil,,,,,0,0,Open,1,,,Fine,Null