X,Y,OBJECTID,advisorySpeed,areaUnitID,bicycle,bridge,bus,carStationWagon,cliffBank,crashDirectionDescription,crashFinancialYear,crashLocation1,crashLocation2,crashRoadSideRoad,crashSeverity,crashSHDescription,crashYear,debris,directionRoleDescription,ditch,fatalCount,fence,flatHill,guardRail,holiday,houseOrBuilding,intersection,kerb,light,meshblockId,minorInjuryCount,moped,motorcycle,NumberOfLanes,objectThrownOrDropped,otherObject,otherVehicleType,overBank,parkedVehicle,pedestrian,phoneBoxEtc,postOrPole,region,roadCharacter,roadLane,roadSurface,roadworks,schoolBus,seriousInjuryCount,slipOrFlood,speedLimit,strayAnimal,streetLight,suv,taxi,temporarySpeedLimit,tlaId,tlaName,trafficControl,trafficIsland,trafficSign,train,tree,truck,unknownVehicleType,urban,vanOrUtility,vehicle,waterRiver,weatherA,weatherB
1785019,5862850,33241,,527210,0,0,0,0,0,South,2005/2006,SH 1N,HAMPTON OFF NBD,,Serious Crash,Yes,2006,0,South,0,0,0,Flat,2,,0,,0,Dark,935600,1,0,0,4,0,2,0,0,0,,0,0,Waikato Region,Nil,2-way,Sealed,0,0,1,0,100,0,None,2,0,,13,Waikato District,Unknown,0,0,0,0,0,0,Open,0,0,0,Fine,Frost
1799272,5820997,33242,,527008,0,,0,1,,Null,2006/2007,RESOLUTION DRIVE,ROTOTUNA ROAD,,Non-Injury Crash,No,2006,,South,,0,,Flat,,,,,,Overcast,952121,0,0,0,1,,,0,,,,,,Waikato Region,Nil,2-way,Sealed,,0,0,,80,,Off,1,0,,16,Hamilton City,Give way,,,,,0,0,Open,0,,,Fine,Null
1867422,5713681,33243,,541720,0,,0,0,,Null,2005/2006,PAORA HAPI ST,TANIWHA ST,,Minor Crash,No,2006,,East,,0,,Flat,,,,,,Bright sun,1273500,1,0,0,2,,,0,,,,,,Waikato Region,Nil,2-way,Sealed,,0,0,,50,,Null,1,0,,21,Taupo District,Give way,,,,,0,0,Urban,1,,,Fine,Null
1756107,5923451,33244,,509800,0,,0,1,,South,2006/2007,SH 1N,ONEWA ON SBD,,Minor Crash,Yes,2006,,South,,0,,Flat,,,,,,Bright sun,359100,2,0,0,3,,,0,,,,,,Auckland Region,Nil,1-way,Sealed,,0,0,,80,,Off,0,0,,76,Auckland,Nil,,,,,1,0,Open,0,,,Fine,Null
1766633,5905330,33245,,524603,0,,0,2,,East,2006/2007,PUHINUI ROAD,BROOKSWAY,,Non-Injury Crash,No,2006,,West,,0,,Flat,,,,,,Overcast,671700,0,0,0,4,,,0,,,,,,Auckland Region,Nil,2-way,Sealed,,0,0,,50,,Off,0,0,,76,Auckland,Nil,,,,,0,0,Urban,1,,,Light rain,Null
1883377,5774494,33246,,539400,1,,0,0,,Null,2006/2007,PURURU ST,WATERS ST,,Non-Injury Crash,No,2006,,East,,0,,Flat,,,,,,Dark,1225100,0,0,0,2,,,0,,,,,,Bay of Plenty Region,Nil,2-way,Sealed,,0,0,,50,,On,0,0,,24,Rotorua District,Give way,,,,,0,0,Urban,1,,,Fine,Null
1757512,5926936,33247,,507900,0,,0,2,,South,2005/2006,Z CPK FOODTOWN,PUPUKE ROAD,,Non-Injury Crash,No,2006,,South,,0,,Flat,,,,,,Bright sun,304200,0,0,0,0,,,0,,,,,,Auckland Region,Nil,Off road,Sealed,,0,0,,30,,Off,0,0,,76,Auckland,Nil,,,,,0,0,Urban,0,,,Fine,Null
1756302,5919152,33248,,514200,0,,0,0,,North,2006/2007,NEWTON ROAD,OPHIR ST,,Minor Crash,No,2006,,South,,0,,Hill Road,,,,,,Dark,411700,1,0,1,4,,,0,,,,,,Auckland Region,Nil,2-way,Sealed,,0,0,,50,,On,0,0,,76,Auckland,Nil,,,,,0,0,Urban,0,,,Light rain,Null
1817407,5806154,33249,,527133,0,0,0,1,0,North,2006/2007,SWAYNE ROAD,APPLEBY ROAD,,Non-Injury Crash,No,2006,0,North,0,0,1,Flat,0,,0,,0,Bright sun,958901,0,0,0,2,0,0,0,0,0,,0,0,Waikato Region,Nil,2-way,Sealed,0,0,0,0,100,0,Null,0,0,,17,Waipa District,Unknown,0,0,0,0,0,0,Open,0,0,0,Fine,Null
1719282,6047514,33250,,502600,0,,0,2,,Null,2005/2006,LUPTON AVENUE,KENSINGTON AVENUE,,Non-Injury Crash,No,2006,,North,,0,,Flat,,,,,,Overcast,94700,0,0,0,2,,,0,,,,,,Northland Region,Nil,2-way,Sealed,,0,0,,50,,Off,0,0,,2,Whangarei District,Nil,,,,,0,0,Urban,0,,,Fine,Null
1292325,4888188,33251,,610033,0,0,0,0,1,West,2006/2007,MACGIBBON ROAD,SH 1S,,Minor Crash,No,2006,0,West,0,0,0,Flat,0,,0,,0,Overcast,3051704,1,0,0,2,0,0,0,0,0,,0,0,Southland Region,Nil,2-way,Unsealed,0,0,0,0,100,0,Null,1,0,,74,Gore District,Unknown,0,0,0,0,0,0,Open,0,0,0,Fine,Null
1768711,5882407,33252,,525910,0,0,0,2,0,North,2005/2006,RICHARDSON AVENUE,KAYES ROAD,,Non-Injury Crash,No,2006,0,North,0,0,0,Flat,0,Christmas New Year,0,,0,Overcast,818000,0,0,0,2,0,0,0,0,1,,0,0,Auckland Region,Nil,2-way,Sealed,0,0,0,0,50,0,Off,0,0,,76,Auckland,Nil,0,0,0,0,0,0,Urban,0,0,0,Fine,Null
1795036,5809794,33253,,527914,0,0,0,0,0,South,2005/2006,TUHIKARAMEA ROAD,COLLINS ROAD,,Serious Crash,No,2006,0,East,0,0,1,Hill Road,0,,0,,0,Dark,980003,0,0,1,2,0,0,0,0,0,,0,1,Waikato Region,Nil,2-way,Sealed,0,0,1,0,100,0,None,0,0,,17,Waipa District,Unknown,0,0,0,0,0,0,Open,0,0,0,Fine,Null
1844080,5810627,33254,,535502,0,0,0,2,0,West,2006/2007,RATA ST,BURWOOD ROAD,,Non-Injury Crash,No,2006,0,East,0,0,0,Flat,0,,0,,0,Overcast,1119600,0,0,0,2,0,0,0,0,1,,0,0,Waikato Region,Nil,2-way,Sealed,0,0,0,0,50,0,Off,0,0,,15,Matamata-Piako District,Nil,0,0,0,0,0,0,Urban,0,0,0,Fine,Null
1754957,5931831,33255,,508805,0,,0,2,,Null,2006/2007,CONSTELLATION DRIVE,APOLLO DRIVE,,Non-Injury Crash,No,2006,,East,,0,,Flat,,,,,,Dark,180813,0,0,0,2,,,0,,,,,,Auckland Region,Nil,2-way,Sealed,,0,0,,50,,On,0,0,,76,Auckland,Traffic Signals,,,,,0,0,Urban,0,,,Fine,Null
1768742,5901700,33256,,524901,0,0,0,2,0,South,2005/2006,SCENIC DRIVE,WALPOLE AVENUE,,Non-Injury Crash,No,2006,0,North,0,0,0,Flat,0,,0,,0,Overcast,756300,0,0,0,2,0,0,0,0,1,,0,0,Auckland Region,Nil,2-way,Sealed,0,0,0,0,50,0,Off,0,0,,76,Auckland,Stop,0,0,0,0,0,0,Urban,0,0,0,Fine,Null
1763741,5913566,33257,,520402,0,,0,2,,South,2005/2006,MOUNT WELLINGTON HIGHWAY,PENROSE ROAD,,Non-Injury Crash,No,2006,,North,,0,,Flat,,,,,,Dark,640300,0,0,0,3,,,0,,,,,,Auckland Region,Nil,2-way,Sealed,,0,0,,50,,On,0,0,,76,Auckland,Nil,,,,,0,0,Urban,0,,,Fine,Null
1749556,5911512,33258,,512100,0,,0,2,,West,2005/2006,GODLEY ROAD,TAUPO ST,,Non-Injury Crash,No,2006,,East,,0,,Flat,,,,,,Overcast,290300,0,0,0,2,,,0,,,,,,Auckland Region,Nil,2-way,Sealed,,0,0,,50,,Off,0,0,,76,Auckland,Nil,,,,,0,0,Urban,1,,,Fine,Null
1983200,5670520,33259,,545302,0,,0,1,,East,2005/2006,Z CPK AFFCO,HUNTERBROWN/FREYBERG,,Non-Injury Crash,No,2006,,West,,0,,Flat,,,,,,Overcast,1397900,0,0,0,0,,,0,,,,,,Hawke's Bay Region,Nil,Off road,Sealed,,0,0,,50,,Null,0,0,,29,Wairoa District,Nil,,,,,0,0,Urban,1,,,Fine,Null
1630989,6126116,33260,,500202,0,0,0,1,0,North,2006/2007,SH 10,ZIDICH ROAD,,Minor Crash,Yes,2006,0,West,1,0,0,Flat,0,,0,,0,Dark,2700,1,0,0,2,0,0,0,0,0,,0,0,Northland Region,Nil,2-way,Sealed,0,0,0,0,100,0,None,0,0,,1,Far North District,Nil,0,0,0,1,0,0,Open,0,0,0,Fine,Null
1767412,5906010,33261,,523601,0,0,0,1,0,North,2006/2007,SH 1N,TE IRIRANGI OBR,,Minor Crash,Yes,2006,0,South,0,0,0,Flat,1,,0,,0,Twilight,707200,1,0,0,3,0,0,0,0,1,,0,0,Auckland Region,Nil,1-way,Sealed,0,0,0,0,100,0,Off,0,0,,76,Auckland,Nil,0,0,0,0,1,0,Open,0,0,0,Mist or Fog,Null
1754801,5912384,33262,,518803,0,0,0,2,0,East,2005/2006,RICHARDSON ROAD,DOMINION ROAD,,Non-Injury Crash,No,2006,0,West,0,0,0,Hill Road,0,,0,,0,Overcast,583600,0,0,0,2,0,0,0,0,1,,0,0,Auckland Region,Nil,2-way,Sealed,0,0,0,0,50,0,Off,0,0,,76,Auckland,Nil,0,0,0,0,0,0,Urban,0,0,0,Fine,Null
1885327,5773768,33263,,540410,0,,0,2,,Null,2005/2006,HINEMARU ST,ERUERA ST,,Non-Injury Crash,No,2006,,West,,0,,Flat,,,,,,Bright sun,1234900,0,0,0,2,,,0,,,,,,Bay of Plenty Region,Nil,2-way,Sealed,,0,0,,50,,Null,0,0,,24,Rotorua District,Give way,,,,,0,0,Urban,0,,,Fine,Null
1755463,5917886,33264,,517500,0,0,0,1,0,West,2006/2007,NEW NORTH ROAD,EDENDALE ROAD,,Non-Injury Crash,No,2006,0,East,0,0,0,Flat,0,,0,,0,Overcast,531800,0,0,0,2,0,0,0,0,1,,0,0,Auckland Region,Nil,2-way,Sealed,0,0,0,0,50,0,Off,1,0,,76,Auckland,Nil,0,0,0,0,0,0,Urban,0,0,0,Fine,Null
1769956,5914737,33265,,522722,0,,0,1,,East,2005/2006,PAKURANGA ROAD,BUCKLANDS BEACH ROAD,,Non-Injury Crash,No,2006,,East,,0,,Flat,,,,,,Bright sun,681308,0,0,1,4,,,0,,,,,,Auckland Region,Nil,2-way,Sealed,,0,0,,60,,Off,0,0,,76,Auckland,Nil,,,,,0,0,Urban,0,,,Fine,Null
1614692,6106599,33266,,500204,0,,0,1,,South,2006/2007,ROMA ROAD,WAITEHUIA ROADWAY,,Non-Injury Crash,No,2006,,South,,0,,Hill Road,,Christmas New Year,,,,Overcast,10900,0,0,0,1,,,0,,,,,,Northland Region,Bridge,1-way,Sealed,,0,0,,100,,None,1,0,,1,Far North District,Give way,,,,,0,0,Open,0,,,Fine,Null
1934661,5621780,33267,,546200,1,,0,1,,North,2006/2007,SH 2,THAMES ST,,Minor Crash,Yes,2006,,South,,0,,Flat,,,,,,Bright sun,1419300,1,0,0,4,,,0,,,,,,Hawke's Bay Region,Nil,2-way,Sealed,,0,0,,50,,Null,0,0,,31,Napier City,Give way,,,,,0,0,Urban,0,,,Fine,Null
1582051,5481026,33268,,581601,1,,0,1,,South,2006/2007,SH 60,RANGIHAEATA ROAD,,Serious Crash,Yes,2006,,North,,0,,Hill Road,,,,,,Bright sun,2347900,0,0,0,2,,,0,,,,,,Tasman Region,Nil,2-way,Sealed,,0,1,,100,,Null,0,0,,51,Tasman District,Nil,,,,,0,0,Open,0,,,Fine,Null
1745187,5918764,33269,,513302,0,,0,1,,South,2006/2007,LINCOLN ROAD,FAIRDENE AVENUE,,Non-Injury Crash,No,2006,,North,,0,,Flat,,,,,,Bright sun,230802,0,0,0,4,,,0,,,,,,Auckland Region,Nil,2-way,Sealed,,0,0,,50,,Off,0,0,,76,Auckland,Nil,,,,,0,0,Urban,1,,,Fine,Null
1755090,5932930,33270,,508805,0,,0,2,,Null,2005/2006,EAST COAST ROAD,SUNRISE AVENUE,,Non-Injury Crash,No,2006,,South,,0,,Hill Road,,Easter,,,,Dark,180876,0,0,0,4,,,0,,,,,,Auckland Region,Nil,2-way,Sealed,,0,0,,50,,On,0,0,,76,Auckland,Traffic Signals,,,,,0,0,Urban,0,,,Fine,Null
1755952,5917072,33271,,518201,0,,0,2,,Null,2005/2006,DOMINION ROAD,BURNLEY TERRACE,,Non-Injury Crash,No,2006,,North,,0,,Flat,,,,,,Dark,548200,0,0,0,2,,,0,,,,,,Auckland Region,Nil,2-way,Sealed,,0,0,,50,,On,0,0,,76,Auckland,Stop,,,,,0,0,Urban,0,,,Fine,Null
1771760,5895206,33272,,525540,0,,0,0,,Null,2005/2006,BEACH ROAD,ELLIOTT ST,,Non-Injury Crash,No,2006,,South,,0,,Flat,,,,,,Overcast,806402,0,0,0,5,,,0,,,,,,Auckland Region,Nil,2-way,Sealed,,0,0,,50,,Off,1,0,,76,Auckland,Traffic Signals,,,,,0,0,Urban,1,,,Fine,Null
1824752,5830311,33273,,534902,0,,0,2,,East,2006/2007,SH 26,HOLMWOOD PARK DRIVE,,Non-Injury Crash,Yes,2006,,North,,0,,Flat,,,,,,Overcast,1089900,0,0,0,2,,,0,,,,,,Waikato Region,Nil,2-way,Sealed,,0,0,,70,,Null,0,0,,15,Matamata-Piako District,Unknown,,,,,0,0,Urban,0,,,Fine,Null
1768413,5901201,33274,,525001,0,0,0,1,0,North,2006/2007,MAICH ROAD,NORTHCREST WAY,,Serious Crash,No,2006,0,West,0,0,0,Flat,0,,1,,0,Overcast,751400,0,0,0,1,0,0,0,0,0,,0,0,Auckland Region,Nil,2-way,Sealed,0,0,1,0,50,0,Off,0,0,,76,Auckland,Nil,0,0,0,0,0,0,Urban,0,0,0,Fine,Null
1760567,5917841,33275,,516201,0,0,0,1,0,North,2005/2006,MAHOE AVENUE,COMBES ROAD,,Minor Crash,No,2006,0,South,0,0,0,Hill Road,0,,0,,0,Dark,486200,1,0,0,2,0,0,0,0,0,,0,1,Auckland Region,Nil,2-way,Sealed,0,0,0,0,50,0,On,0,0,,76,Auckland,Nil,0,0,0,0,0,0,Urban,0,0,0,Fine,Null
1748135,5909779,33276,,512000,0,0,0,0,0,South,2006/2007,OTITORI BAY ROAD,OPOU ROAD,,Non-Injury Crash,No,2006,0,South,0,0,0,Hill Road,0,,0,,0,Dark,296700,0,0,0,2,0,0,0,0,0,,0,1,Auckland Region,Nil,2-way,Sealed,0,0,0,0,50,0,On,1,0,,76,Auckland,Nil,0,0,0,0,0,0,Urban,0,0,0,Fine,Null
1801475,5813443,33277,,530400,0,,0,2,,South,2005/2006,SH 1N COBHAM,SH 1N NORMANDY,,Non-Injury Crash,Yes,2006,,North,,0,,Flat,,,,,,Overcast,922300,0,0,0,2,,,0,,,,,,Waikato Region,Nil,2-way,Sealed,,0,0,,50,,Null,0,0,,16,Hamilton City,Give way,,,,,0,0,Urban,0,,,Fine,Null
1797879,5818679,33278,,528403,0,,0,2,,Null,2006/2007,TE RAPA ROAD,BRYANT ROAD,,Non-Injury Crash,No,2006,,West,,0,,Flat,,,,,,Overcast,907900,0,0,0,2,,,0,,,,,,Waikato Region,Nil,2-way,Sealed,,0,0,,50,,Null,0,0,,16,Hamilton City,Give way,,,,,0,0,Urban,0,,,Fine,Null
1802513,5813528,33279,,530300,1,,0,1,,Null,2006/2007,SH 1N,GREY ST,,Non-Injury Crash,Yes,2006,,East,,0,,Flat,,,,,,Dark,882500,0,0,0,4,,,0,,,,,,Waikato Region,Nil,2-way,Sealed,,0,0,,80,,On,0,0,,16,Hamilton City,Give way,,,,,0,0,Open,0,,,Fine,Null
1817175,5803346,33280,,527503,0,,0,1,,Null,2006/2007,SH 1N,EMPIRE ST,,Non-Injury Crash,Yes,2006,,West,,0,,Flat,,,,,,Overcast,962900,0,0,0,2,,,0,,,,,,Waikato Region,Nil,2-way,Sealed,,0,0,,50,,Off,0,0,,17,Waipa District,Give way,,,,,0,0,Urban,1,,,Light rain,Null
1909645,5577790,33281,,549200,0,,0,2,,Null,2005/2006,SH 2,HIGGINSON ST,,Serious Crash,Yes,2006,,North,,0,,Flat,,,,,,Bright sun,1511200,1,0,0,2,,,0,,,,,,Hawke's Bay Region,Nil,2-way,Sealed,,0,4,,100,,Null,0,0,,32,Central Hawke's Bay District,Give way,,,,,1,0,Open,0,,,Fine,Null
1759676,5916847,33282,,516001,0,,0,2,,Null,2005/2006,OMAHU ROAD,DROMORNE ROAD,,Minor Crash,No,2006,,East,,0,,Flat,,,,,,Overcast,491500,2,0,0,1,,,0,,,,,,Auckland Region,Nil,2-way,Sealed,,0,0,,50,,Off,0,0,,76,Auckland,Stop,,,,,0,0,Urban,0,,,Light rain,Null
1567499,5178381,33283,,590300,0,1,0,0,0,South,2006/2007,WRIGHTS ROAD,JACK HINTON DRIVE,,Serious Crash,No,2006,0,South,0,0,0,Flat,0,,0,,0,Bright sun,2539101,0,0,0,2,0,0,0,0,0,,0,0,Canterbury Region,Bridge,2-way,Sealed,0,0,1,0,50,0,Null,0,0,,60,Christchurch City,Give way,0,0,0,0,1,0,Urban,0,0,0,Fine,Null
1800339,5811939,33284,,529200,0,,0,1,,Null,2005/2006,COLLINS ROAD,PRISK ST,,Non-Injury Crash,No,2006,,West,,0,,Flat,,,,,,Bright sun,927700,0,0,0,2,,,0,,,,,,Waikato Region,Nil,2-way,Sealed,,0,0,,50,,Null,1,0,,16,Hamilton City,Stop,,,,,0,0,Urban,0,,,Fine,Null
1756479,5927001,33285,,507900,0,,0,2,,South,2005/2006,SH 1N,NORTHCOTE OBR,,Non-Injury Crash,Yes,2006,,North,,0,,Flat,,,,,,Dark,303501,0,0,0,3,,,0,,,,,,Auckland Region,Nil,1-way,Sealed,,0,0,,80,,On,0,0,,76,Auckland,Nil,,,,,0,0,Open,0,,,Fine,Null
1875822,5819369,33286,,537601,0,0,0,2,0,South,2006/2007,SINCLAIR ST,TYRONE ST,,Non-Injury Crash,No,2006,0,North,0,0,0,Flat,0,,0,,0,Bright sun,1176700,0,0,0,2,0,0,0,0,1,,0,0,Bay of Plenty Region,Nil,2-way,Sealed,0,0,0,0,50,0,Off,0,0,,23,Tauranga City,Nil,0,0,0,0,0,0,Urban,0,0,0,Fine,Null
1571749,5181284,33287,,591700,0,,0,1,,Null,2005/2006,BEALEY AVENUE,FITZGERALD AVENUE,,Minor Crash,No,2006,,North,,0,,Flat,,,,,,Overcast,2655200,1,0,0,4,,,0,,,,,,Canterbury Region,Nil,2-way,Sealed,,0,0,,50,,Null,1,0,,60,Christchurch City,Give way,,,,,0,0,Urban,0,,,Fine,Null
1895577,5570256,33288,,549200,0,0,0,1,0,West,2005/2006,ASHCOTT ROAD,ONGAONGA WAIPUKURAU ROAD,,Non-Injury Crash,No,2006,0,North,0,0,1,Flat,0,,0,,0,Overcast,1515300,0,0,0,2,0,0,0,0,0,,0,0,Hawke's Bay Region,Nil,2-way,Sealed,0,0,0,0,100,0,Null,0,0,,32,Central Hawke's Bay District,Nil,0,0,0,0,0,0,Open,0,0,0,Light rain,Null
1748402,5918957,33289,,514801,0,,0,1,,West,2006/2007,SH 16,PATIKI ON WBD,,Non-Injury Crash,Yes,2006,,West,,0,,Flat,,,,,,Bright sun,389300,0,0,0,3,,,0,,,,,,Auckland Region,Nil,1-way,Sealed,,0,0,,100,,Off,1,0,,76,Auckland,Nil,,,,,0,0,Open,0,,,Fine,Null
1719405,6049060,33290,,502400,0,,0,1,,Null,2006/2007,WILLIAM JONES DRIVE,HOLMES AVENUE,,Minor Crash,No,2006,,West,,0,,Flat,,,,,,Overcast,94100,2,0,1,2,,,0,,,,,,Northland Region,Nil,2-way,Sealed,,0,0,,50,,Null,0,0,,2,Whangarei District,Give way,,,,,0,0,Urban,0,,,Fine,Null
1747529,5916794,33291,,511601,0,0,0,1,0,West,2005/2006,GLEN MARINE PARADE,HEPBURN ROAD,,Non-Injury Crash,No,2006,0,North,0,0,1,Flat,0,,0,,0,Overcast,273800,0,0,0,1,0,0,0,0,0,,0,0,Auckland Region,Nil,2-way,Sealed,0,0,0,0,50,0,Off,0,0,,76,Auckland,Nil,0,0,0,0,0,0,Urban,0,0,0,Light rain,Null
1798467,5817907,33292,,528700,0,,0,3,,West,2006/2007,TE RAPA ROAD,VARDON ROAD,,Non-Injury Crash,No,2006,,South,,0,,Flat,,,,,,Dark,900100,0,0,0,4,,,0,,,,,,Waikato Region,Nil,2-way,Sealed,,0,0,,50,,On,0,0,,16,Hamilton City,Traffic Signals,,,,,0,0,Urban,1,,,Null,Null
2038709,5706996,33293,,544801,0,,0,2,,South,2005/2006,ENDCLIFFE ROAD,OMAN ST,,Non-Injury Crash,No,2006,,South,,0,,Flat,,,,,,Twilight,1386500,0,0,0,2,,,0,,,,,,Gisborne Region,Nil,2-way,Sealed,,0,0,,50,,Off,0,0,,28,Gisborne District,Nil,,,,,0,0,Urban,0,,,Fine,Null
1753500,5916615,33294,,517800,0,0,0,1,0,South,2005/2006,KITENUI AVENUE,ALEXIS AVENUE,,Non-Injury Crash,No,2006,0,North,0,0,0,Flat,0,,0,,1,Bright sun,528400,0,0,0,2,0,0,0,0,0,,0,0,Auckland Region,Nil,2-way,Sealed,0,0,0,0,50,0,Off,0,0,,76,Auckland,Give way,0,0,0,1,0,0,Urban,0,0,0,Fine,Null
1771715,5894564,33295,,525530,0,0,0,1,0,South,2006/2007,SH 1N,PAPAKURA OFF SBD,,Non-Injury Crash,Yes,2006,0,South,0,0,1,Flat,0,,0,,0,Bright sun,805400,0,0,0,4,0,0,0,0,0,,0,0,Auckland Region,Nil,2-way,Sealed,0,0,0,0,100,0,Off,0,0,,76,Auckland,Nil,0,0,0,0,0,0,Open,0,0,0,Fine,Null
1764003,5915034,33296,,520303,0,,0,2,,West,2006/2007,ELLERSLIE-PANMURE HIGHWAY,BARRACK ROAD,,Non-Injury Crash,No,2006,,East,,0,,Flat,,,,,,Bright sun,626802,0,0,0,4,,,0,,,,,,Auckland Region,Nil,2-way,Sealed,,0,0,,50,,Off,0,0,,76,Auckland,Nil,,,,,0,0,Urban,0,,,Fine,Null
1770761,5874808,33297,65,521114,0,0,0,0,0,South,2005/2006,BUCKLAND ROAD,FRIEDLANDER ROAD,,Minor Crash,No,2006,0,South,0,0,0,Flat,1,,0,,0,Bright sun,829200,1,0,0,2,0,0,1,0,0,,0,0,Waikato Region,Nil,2-way,Sealed,0,0,0,0,100,0,Null,0,0,,13,Waikato District,Unknown,0,0,0,0,1,0,Open,0,0,0,Fine,Null
1826500,5886975,33298,,533501,0,0,0,1,0,North,2005/2006,THE TERRACE,SEALEY ST,,Non-Injury Crash,No,2006,0,North,0,0,0,Hill Road,0,,0,,0,Bright sun,1051600,0,0,0,2,0,0,0,0,0,,0,1,Waikato Region,Nil,2-way,Sealed,0,0,0,0,50,0,Null,0,0,,11,Thames-Coromandel District,Unknown,0,0,0,0,0,0,Urban,0,0,0,Fine,Null
1801457,5814746,33299,,529700,0,,0,2,,Null,2005/2006,BRIDGE ST,VICTORIA ST,,Non-Injury Crash,No,2006,,East,,0,,Flat,,,,,,Dark,912300,0,0,0,2,,,0,,,,,,Waikato Region,Nil,2-way,Sealed,,0,0,,50,,On,0,0,,16,Hamilton City,Traffic Signals,,,,,0,0,Urban,0,,,Fine,Null
1763921,5912398,33300,,520500,0,,0,1,,Null,2006/2007,MT WGTN OFF NBD S,MOUNT WELLINGTON HIGHWAY,,Non-Injury Crash,Yes,2006,,North,,0,,Flat,,,,,,Overcast,637300,0,0,0,2,,,0,,,,,,Auckland Region,Motorway ramp,2-way,Sealed,,0,0,,50,,On,0,0,,76,Auckland,Give way,,,,,1,0,Urban,0,,,Light rain,Null
1744474,5918169,33301,,510700,0,,0,2,,East,2006/2007,SWANSON ROAD,RATHGAR ROAD,,Minor Crash,No,2006,,East,,0,,Flat,,,,,,Bright sun,239200,1,0,0,2,,,0,,,,,,Auckland Region,Nil,2-way,Sealed,,0,0,,50,,Off,0,0,,76,Auckland,Nil,,,,,0,0,Urban,0,,,Fine,Null
1677824,5404437,33302,,581210,0,,0,2,,Null,2005/2006,MURPHYS ROAD,ASTON ST,,Non-Injury Crash,No,2006,,South,,0,,Flat,,,,,,Overcast,2293500,0,0,0,2,,,0,,,,,,Marlborough Region,Nil,2-way,Sealed,,0,0,,50,,Null,0,0,,53,Marlborough District,Give way,,,,,0,0,Urban,0,,,Fine,Null
1796750,5814327,33303,,528602,0,,0,2,,Null,2005/2006,SH 23,MELVA ST,,Non-Injury Crash,Yes,2006,,East,,0,,Flat,,,,,,Bright sun,920901,0,0,0,2,,,0,,,,,,Waikato Region,Nil,2-way,Sealed,,0,0,,50,,Off,0,0,,16,Hamilton City,Give way,,,,,0,0,Urban,0,,,Fine,Null
1757872,5926328,33304,30,508020,0,,0,0,,West,2006/2007,ESMONDE ROAD,ELDON ST,,Minor Crash,No,2006,,West,,0,,Flat,,,,,,Bright sun,325402,1,0,0,2,,,0,,,,,,Auckland Region,Nil,2-way,Sealed,,0,0,,50,,Off,0,0,,76,Auckland,Nil,,,,,1,0,Urban,1,,,Fine,Null
1755381,5934093,33305,,507200,0,,0,2,,South,2006/2007,BROWNS BAY ROAD,BEACH ROAD,,Non-Injury Crash,No,2006,,North,,0,,Hill Road,,,,,,Bright sun,156601,0,0,0,2,,,0,,,,,,Auckland Region,Nil,2-way,Sealed,,0,0,,50,,Off,0,0,,76,Auckland,Nil,,,,,0,0,Urban,0,,,Fine,Null
1879356,5824166,33306,,538201,0,0,0,1,0,Null,2005/2006,ELIZABETH ST,GREY ST,,Non-Injury Crash,No,2006,0,South,0,0,0,Flat,0,,0,,0,Dark,1164900,0,0,0,2,0,0,0,0,0,,0,0,Bay of Plenty Region,Nil,2-way,Sealed,0,0,0,0,50,0,On,0,0,,23,Tauranga City,Give way,0,1,0,0,0,0,Urban,0,0,0,Fine,Null
1798365,5820887,33307,,527006,0,,0,1,,North,2006/2007,RIVER ROAD,ALANDALE AVENUE,,Minor Crash,No,2006,,West,,0,,Flat,,,,,,Overcast,952053,1,0,0,2,,,0,,,1,,,Waikato Region,Nil,2-way,Sealed,,0,0,,50,,Off,0,0,,16,Hamilton City,Nil,,,,,0,0,Urban,0,,,Fine,Null
1678772,5402105,33308,,581250,1,,0,0,,Null,2005/2006,MAXWELL ROAD,ALABAMA ROAD,,Non-Injury Crash,No,2006,,South,,0,,Flat,,,,,,Bright sun,2304400,0,0,0,2,,,0,,,,,,Marlborough Region,Nil,2-way,Sealed,,0,0,,50,,Null,0,0,,53,Marlborough District,Give way,,,,,0,0,Urban,1,,,Fine,Null
1765976,5906398,33309,,522302,0,,0,1,,South,2006/2007,GREAT SOUTH ROAD,ST GEORGE ST,,Non-Injury Crash,No,2006,,North,,0,,Flat,,Labour Weekend,,,,Bright sun,668700,0,0,0,4,,,0,,,,,,Auckland Region,Nil,2-way,Sealed,,0,0,,50,,Off,0,0,,76,Auckland,Nil,,,,,1,0,Urban,0,,,Fine,Null
1834162,5876055,33310,,533603,0,0,0,1,1,South,2006/2007,SH 26,PURIRI VALLEY ROAD,,Non-Injury Crash,Yes,2006,0,South,0,0,0,Hill Road,0,,0,,0,Overcast,1058200,0,0,0,2,0,0,0,0,0,,0,0,Waikato Region,Nil,2-way,Sealed,0,0,0,0,100,0,Null,0,0,,11,Thames-Coromandel District,Unknown,0,0,0,0,0,0,Open,0,0,0,Fine,Null
1743374,5923706,33311,,513511,0,0,0,0,0,Null,2006/2007,FRED TAYLOR DRIVE,DON BUCK ROAD,,Non-Injury Crash,No,2006,0,West,0,0,1,Flat,0,,0,,0,Dark,224306,0,0,0,2,0,0,0,0,0,,0,0,Auckland Region,Nil,1-way,Sealed,0,0,0,0,50,0,On,0,0,,76,Auckland,Give way,0,0,0,0,0,0,Urban,1,0,0,Light rain,Null