X,Y,OBJECTID,advisorySpeed,areaUnitID,bicycle,bridge,bus,carStationWagon,cliffBank,crashDirectionDescription,crashFinancialYear,crashLocation1,crashLocation2,crashRoadSideRoad,crashSeverity,crashSHDescription,crashYear,debris,directionRoleDescription,ditch,fatalCount,fence,flatHill,guardRail,holiday,houseOrBuilding,intersection,kerb,light,meshblockId,minorInjuryCount,moped,motorcycle,NumberOfLanes,objectThrownOrDropped,otherObject,otherVehicleType,overBank,parkedVehicle,pedestrian,phoneBoxEtc,postOrPole,region,roadCharacter,roadLane,roadSurface,roadworks,schoolBus,seriousInjuryCount,slipOrFlood,speedLimit,strayAnimal,streetLight,suv,taxi,temporarySpeedLimit,tlaId,tlaName,trafficControl,trafficIsland,trafficSign,train,tree,truck,unknownVehicleType,urban,vanOrUtility,vehicle,waterRiver,weatherA,weatherB
1877024,5825173,33312,35,537202,0,0,0,1,0,West,2006/2007,GRANGE ROAD,HILLCREST ROAD,,Non-Injury Crash,No,2006,0,North,0,0,0,Flat,0,,0,,0,Dark,1157404,0,0,0,2,0,0,0,0,0,,0,0,Bay of Plenty Region,Nil,2-way,Sealed,0,0,0,0,50,0,On,0,0,,23,Tauranga City,Unknown,0,0,0,1,0,0,Urban,0,0,0,Fine,Null
1925009,5604895,33313,,545842,0,,0,0,,South,2006/2007,STOCK ROAD,IRONGATE ROAD,,Minor Crash,No,2006,,South,,0,,Flat,,,,,,Bright sun,1470214,1,0,0,2,,,0,,,,,,Hawke's Bay Region,Nil,2-way,Sealed,,0,0,,100,,Null,0,0,,30,Hastings District,Nil,,,,,1,0,Open,1,,,Fine,Null
1756444,5927112,33314,,507900,0,,0,2,,South,2006/2007,SH 1N,NORTHCOTE OBR,,Non-Injury Crash,Yes,2006,,South,,0,,Flat,,,,,,Bright sun,303502,0,0,0,3,,,0,,,,,,Auckland Region,Nil,1-way,Sealed,,0,0,,100,,Off,0,0,80,76,Auckland,Nil,,,,,0,0,Open,0,,,Fine,Null
1748824,5917591,33315,,514801,0,,0,1,,Null,2006/2007,ROSEBANK ROAD,TIMOTHY PLACE,,Non-Injury Crash,No,2006,,East,,0,,Flat,,,,,,Bright sun,389400,0,0,0,2,,,0,,,,,,Auckland Region,Nil,2-way,Sealed,,0,0,,50,,Off,0,0,,76,Auckland,Give way,,,,,1,0,Urban,0,,,Fine,Null
1744539,5936318,33316,,506653,0,0,0,0,1,West,2006/2007,ROBINSON ROAD,SUNNYSIDE ROAD,,Non-Injury Crash,No,2006,0,West,0,0,0,Hill Road,0,,0,,0,Overcast,217201,0,0,0,1,0,0,0,0,0,,0,0,Auckland Region,Nil,2-way,Unsealed,0,0,0,0,100,0,None,1,0,,76,Auckland,Nil,0,0,0,0,0,0,Open,0,0,0,Fine,Null
1763893,5910701,33317,,521901,0,,0,3,,East,2006/2007,PORTAGE ROAD,PUKEITI ROAD,,Non-Injury Crash,No,2006,,East,,0,,Hill Road,,,,,,Bright sun,781600,0,0,0,2,,,0,,,,,,Auckland Region,Nil,2-way,Sealed,,0,0,,50,,Off,0,0,,76,Auckland,Nil,,,,,0,0,Urban,0,,,Fine,Null
1811949,5805351,33318,,527133,0,,0,1,,Null,2006/2007,SH 1N,RACECOURSE ROAD,,Minor Crash,Yes,2006,,South,,0,,Flat,,,,,,Dark,959901,1,0,0,2,,,0,,,,,,Waikato Region,Nil,2-way,Sealed,,0,0,,100,,On,1,0,,17,Waipa District,Give way,,,,,0,0,Open,0,,,Fine,Null
1752233,5925244,33319,,510401,0,,0,1,,Null,2006/2007,WAIPA ST,VERRAN ROAD,,Non-Injury Crash,No,2006,,West,,0,,Flat,,,,,,Dark,353700,0,0,0,2,,,0,,,,,,Auckland Region,Nil,2-way,Sealed,,0,0,,50,,On,0,0,,76,Auckland,Give way,,,,,0,0,Urban,1,,,Fine,Null
1878086,5826168,33320,,537201,0,,0,2,,Null,2006/2007,VALE ST,BURETA ROAD,,Non-Injury Crash,No,2006,,South,,0,,Flat,,,,,,Overcast,1155603,0,0,0,2,,,0,,,,,,Bay of Plenty Region,Nil,2-way,Sealed,,0,0,,50,,Off,0,0,,23,Tauranga City,Stop,,,,,0,0,Urban,0,,,Light rain,Null
1758291,5916990,33321,30,519200,0,,0,2,,North,2006/2007,MANUKAU ROAD,KIPLING AVENUE,,Non-Injury Crash,No,2006,,North,,0,,Flat,,,,,,Bright sun,613900,0,0,0,4,,,0,,,,,,Auckland Region,Nil,2-way,Sealed,,0,0,,50,,Off,0,0,,76,Auckland,Nil,,,,,0,0,Urban,0,,,Fine,Null
1760915,5915265,33322,,520201,0,,0,2,,South,2006/2007,SH 1N,GREENLANE INT S,,Non-Injury Crash,Yes,2006,,North,,0,,Flat,,,,,,Bright sun,613500,0,0,0,3,,,0,,,,,,Auckland Region,Nil,1-way,Sealed,,0,0,,100,,Off,0,0,,76,Auckland,Nil,,,,,0,0,Open,0,,,Fine,Null
1758694,5919752,33323,,515902,1,,0,1,,North,2006/2007,PARNELL ROAD,DENBY ST,,Minor Crash,No,2006,,North,,0,,Hill Road,,,,,,Bright sun,452600,1,0,0,2,,,0,,,,,,Auckland Region,Nil,2-way,Sealed,,0,0,,50,,Off,0,0,,76,Auckland,Nil,,,,,0,0,Urban,0,,,Fine,Null
1743924,5919045,33324,,513220,0,0,0,2,0,South,2006/2007,SWANSON ROAD,LARNOCH ROAD,,Non-Injury Crash,No,2006,0,North,0,0,0,Flat,0,,0,,0,Overcast,236103,0,0,0,2,0,0,0,0,1,,0,0,Auckland Region,Nil,2-way,Sealed,0,0,0,0,50,0,Null,0,0,,76,Auckland,Unknown,0,0,0,0,0,0,Urban,0,0,0,Fine,Null
1839434,5828609,33325,,534604,0,,0,0,,East,2006/2007,DIAGONAL ROAD,SH 27,,Non-Injury Crash,No,2006,,East,,0,,Flat,,,,,,Bright sun,1108600,0,0,0,2,,,0,,,,,,Waikato Region,Nil,2-way,Sealed,,0,0,,100,,Null,0,0,,15,Matamata-Piako District,Unknown,,,,,2,0,Open,0,,,Fine,Null
1753203,5914930,33326,,518801,0,,0,2,,South,2005/2006,RICHARDSON ROAD,ODONNELL AVENUE,,Non-Injury Crash,No,2006,,South,,0,,Flat,,,,,,Bright sun,575900,0,0,0,4,,,0,,,,,,Auckland Region,Nil,2-way,Sealed,,0,0,,50,,Null,0,0,,76,Auckland,Nil,,,,,0,0,Urban,0,,,Fine,Null
1764358,5910140,33327,,521801,0,0,0,2,0,South,2006/2007,CHURCH ST,PRINCES ST,,Non-Injury Crash,No,2006,0,North,0,0,0,Flat,0,,0,,0,Dark,787400,0,0,0,2,0,0,0,0,1,,0,0,Auckland Region,Nil,2-way,Sealed,0,0,0,0,50,0,On,0,0,,76,Auckland,Nil,0,0,0,0,0,0,Urban,0,0,0,Fine,Null
1754670,5912771,33328,30,518803,0,0,0,1,0,West,2006/2007,HOWELL CRESCENT,DOMINION ROAD,,Non-Injury Crash,No,2006,0,West,0,0,0,Flat,0,,0,,0,Dark,583400,0,0,0,2,0,0,0,0,1,,0,0,Auckland Region,Nil,2-way,Sealed,0,0,0,0,50,0,On,1,0,,76,Auckland,Nil,0,1,0,0,0,0,Urban,0,0,0,Light rain,Null
1754907,5930241,33329,,508420,0,0,0,3,0,South,2006/2007,TOTARAVALE DRIVE,TAWAVALE CRESCENT,,Minor Crash,No,2006,0,South,0,0,0,Hill Road,0,,0,,0,Dark,182100,5,0,0,1,0,0,0,0,3,,0,0,Auckland Region,Nil,2-way,Sealed,0,0,0,0,50,0,On,1,0,,76,Auckland,Nil,0,0,0,0,0,0,Urban,0,0,0,Fine,Null
1764138,5906313,33330,,524303,0,,0,1,,North,2006/2007,STATION ROAD,SPRING ST,,Minor Crash,No,2006,,North,,0,,Flat,,,,,,Bright sun,657400,1,0,0,2,,,0,,,1,,,Auckland Region,Nil,2-way,Sealed,,0,0,,50,,Off,0,0,,76,Auckland,Nil,,,,,0,0,Urban,0,,,Fine,Null
1749592,5430282,33331,,572900,0,0,0,1,0,Null,2005/2006,SH 1N,AOTEA OFF SBD,,Non-Injury Crash,Yes,2006,0,South,0,0,0,Hill Road,0,,0,,0,Dark,2118400,0,0,0,2,0,0,0,0,0,,0,0,Wellington Region,Nil,2-way,Sealed,0,0,0,0,100,0,On,0,0,,47,Wellington City,Nil,0,1,0,0,0,0,Open,0,0,0,Light rain,Null
1733616,6040602,33332,65,501818,0,,0,1,,West,2005/2006,WHANGAREI HEADS ROAD,LAMB ROAD,,Minor Crash,No,2006,,East,,0,,Flat,,,,,,Dark,74102,1,0,0,2,,,0,,,,,,Northland Region,Nil,2-way,Sealed,,0,0,,80,,On,0,0,,2,Whangarei District,Nil,,,,,0,0,Open,0,,,Fine,Null
1719675,6045975,33333,,503100,0,,0,1,,Null,2005/2006,HATEA DRIVE,DENT ST,,Non-Injury Crash,No,2006,,North,,0,,Flat,,,,,,Bright sun,99800,0,0,0,4,,,0,,,,,,Northland Region,Nil,2-way,Sealed,,0,0,,50,,Off,0,0,,2,Whangarei District,Traffic Signals,,,,,1,0,Urban,0,,,Fine,Null
1951015,5791948,33334,,542410,0,,0,2,,South,2006/2007,BOON ST,THE STRAND,,Non-Injury Crash,No,2006,,North,,0,,Flat,,,,,,Overcast,1305200,0,0,0,2,,,0,,,,,,Bay of Plenty Region,Nil,2-way,Sealed,,0,0,,50,,Off,0,0,,25,Whakatane District,Nil,,,,,0,0,Urban,0,,,Light rain,Null
1817384,5804359,33335,,527501,0,,0,1,,Null,2006/2007,KING ST,BOWEN ST,,Non-Injury Crash,No,2006,,South,,0,,Flat,,,,,,Bright sun,962100,0,0,0,2,,,0,,,,,,Waikato Region,Nil,2-way,Sealed,,0,0,,50,,Null,0,0,,17,Waipa District,Give way,,,,,0,0,Urban,1,,,Fine,Null
1745433,5917245,33336,,510800,0,,0,3,,West,2006/2007,RAILSIDE AVENUE,GREAT NORTH ROAD,,Minor Crash,No,2006,,East,,0,,Flat,,,,,,Overcast,242700,1,0,0,3,,,0,,,,,,Auckland Region,Nil,2-way,Sealed,,0,0,,50,,Off,0,0,,76,Auckland,Traffic Signals,,,,,0,0,Urban,0,,,Light rain,Null
1404754,4918751,33337,,603910,0,,1,1,,Null,2006/2007,GREENHILL AVENUE,CRICHTON ST,,Minor Crash,No,2006,,East,,0,,Hill Road,,,,,,Overcast,2887000,2,0,0,2,,,0,,,,,,Otago Region,Nil,2-way,Sealed,,0,0,,50,,Null,0,0,,71,Dunedin City,Nil,,,,,0,0,Urban,0,,,Light rain,Null
1755873,5921141,33338,,515202,0,,0,3,,North,2006/2007,SH 1N,FANSHAWE OFF SBD,,Non-Injury Crash,Yes,2006,,South,,0,,Hill Road,,,,,,Overcast,425600,0,0,0,2,,,0,,,,,,Auckland Region,Bridge,2-way,Sealed,,0,0,,80,,On,0,0,,76,Auckland,Nil,,,,,0,0,Open,0,,,Light rain,Null
1802411,5815204,33339,,530200,0,,0,4,,South,2006/2007,PEACHGROVE ROAD,WILSON ST,,Non-Injury Crash,No,2006,,North,,0,,Flat,,,,,,Overcast,893400,0,0,0,2,,,0,,,,,,Waikato Region,Nil,2-way,Sealed,,0,0,,50,,Null,0,0,,16,Hamilton City,Give way,,,,,0,0,Urban,0,,,Fine,Null
1758891,5917145,33340,,516001,0,,0,2,,North,2005/2006,SH 1N,MARKET OBR,,Minor Crash,Yes,2006,,North,,0,,Flat,,,,,,Bright sun,491200,1,0,0,3,,,0,,,,,,Auckland Region,Nil,1-way,Sealed,,0,0,,100,,None,1,0,,76,Auckland,Nil,,,,,0,0,Open,0,,,Fine,Null
1770795,5915896,33341,,522712,0,,0,2,,Null,2006/2007,MURVALE DRIVE,JANDELL CRESCENT N,,Minor Crash,No,2006,,North,,0,,Hill Road,,,,,,Dark,680601,2,0,0,2,,,0,,,,,,Auckland Region,Nil,2-way,Sealed,,0,0,,50,,On,0,0,,76,Auckland,Give way,,,,,0,0,Urban,0,,,Light rain,Null
1720264,6045770,33342,,503200,0,,0,5,,West,2006/2007,RIVERSIDE DRIVE,PUNGA GROVE AVENUE,,Minor Crash,No,2006,,East,,0,,Flat,,,,,,Overcast,101502,1,0,0,4,,,0,,,,,,Northland Region,Nil,2-way,Sealed,,0,0,,50,,Null,1,1,,2,Whangarei District,Unknown,,,,,0,0,Urban,0,,,Fine,Null
1748779,5942105,33343,,506300,0,0,0,1,0,South,2005/2006,SH 1N,WILKS OBR,,Non-Injury Crash,Yes,2006,0,North,0,0,0,Flat,1,,0,,0,Dark,175907,0,0,0,3,0,0,0,0,0,,0,0,Auckland Region,Nil,2-way,Sealed,0,0,0,0,100,0,On,0,0,,76,Auckland,Nil,0,0,0,0,0,0,Open,0,0,0,Heavy rain,Null
1743542,5922719,33344,,513511,0,,0,1,,Null,2006/2007,BEAUCHAMP DRIVE,ROYAL ROAD,,Non-Injury Crash,No,2006,,East,,0,,Flat,,,,,,Dark,224305,0,0,0,2,,,0,,,,,,Auckland Region,Nil,2-way,Sealed,,0,0,,50,,On,0,0,,76,Auckland,Give way,,,,,0,0,Urban,1,,,Fine,Null
1801075,5812025,33345,,529200,0,0,0,1,0,East,2006/2007,URLICH AVENUE,SH 3,,Non-Injury Crash,No,2006,0,East,0,0,0,Flat,0,,0,,0,Bright sun,928500,0,0,0,2,0,0,0,0,0,,0,1,Waikato Region,Nil,2-way,Sealed,0,0,0,0,50,0,Off,0,0,,16,Hamilton City,Nil,0,0,0,0,0,0,Urban,0,0,0,Fine,Null
1800719,5815790,33346,,529700,0,,0,0,,Null,2005/2006,VICTORIA ST,LONDON ST,,Minor Crash,No,2006,,West,,0,,Flat,,,,,,Overcast,910100,1,0,0,4,,,0,,,1,,,Waikato Region,Nil,2-way,Sealed,,0,0,,50,,Null,0,0,,16,Hamilton City,Traffic Signals,,,,,0,0,Urban,1,,,Heavy rain,Null
1765026,5905675,33347,,522202,0,0,0,2,0,West,2006/2007,Z CPK NEW WORLD,WALLACE ROAD,,Non-Injury Crash,No,2006,0,North,0,0,0,Flat,0,,0,,0,Bright sun,663400,0,0,0,0,0,0,0,0,1,,0,0,Auckland Region,Nil,Off road,Sealed,0,0,0,0,20,0,Off,0,0,,76,Auckland,Nil,0,0,0,0,0,0,Urban,0,0,0,Fine,Null
1768698,5902966,33348,,523820,0,,0,2,,North,2005/2006,SH 1N,ORAMS OBR,,Non-Injury Crash,Yes,2006,,South,,0,,Flat,,,,,,Bright sun,760122,0,0,0,3,,,0,,,,,,Auckland Region,Nil,1-way,Sealed,,0,0,,100,,Off,0,0,,76,Auckland,Nil,,,,,0,0,Open,0,,,Fine,Null
1789563,5507333,33349,,564011,0,0,0,1,0,South,2005/2006,WAITARERE BEACH ROAD,WAITARERE HOKIO ROAD,,Minor Crash,No,2006,0,East,0,0,1,Hill Road,0,,0,,0,Bright sun,1855301,1,0,0,2,0,0,0,0,0,,0,0,Manawatū-Whanganui Region,Nil,2-way,Sealed,0,0,0,0,100,0,Null,0,0,,42,Horowhenua District,Nil,0,0,0,0,0,0,Open,0,0,0,Fine,Null
1755543,5920223,33350,,515302,0,,0,1,,North,2006/2007,PONSONBY ROAD,ONEILL ST,,Non-Injury Crash,No,2006,,South,,0,,Flat,,,,,,Bright sun,430400,0,0,0,4,,,0,,,,,,Auckland Region,Nil,2-way,Sealed,,0,0,,50,,Off,1,0,,76,Auckland,Nil,,,,,0,0,Urban,0,,,Fine,Null
1753845,5915543,33351,,517702,0,,0,2,,West,2006/2007,MOUNT ALBERT ROAD,OWAIRAKA AVENUE,,Non-Injury Crash,No,2006,,West,,0,,Flat,,,,,,Twilight,542300,0,0,0,2,,,0,,,,,,Auckland Region,Nil,2-way,Sealed,,0,0,,50,,On,0,0,,76,Auckland,Nil,,,,,0,0,Urban,0,,,Fine,Null
1750140,5916291,33352,,514802,0,,0,1,,Null,2005/2006,ROSEBANK ROAD,EASTDALE ROAD,,Non-Injury Crash,No,2006,,West,,0,,Flat,,,,,,Dark,389800,0,0,0,4,,,0,,,1,,,Auckland Region,Nil,2-way,Sealed,,0,0,,50,,On,0,0,,76,Auckland,Traffic Signals,,,,,0,0,Urban,0,,,Fine,Null
1746264,5916930,33353,,510800,0,,0,2,,Null,2006/2007,GREAT NORTH ROAD,NORCROSS AVENUE,,Non-Injury Crash,No,2006,,East,,0,,Flat,,,,,,Bright sun,243502,0,0,0,5,,,0,,,,,,Auckland Region,Nil,2-way,Sealed,,0,0,,50,,Off,0,0,,76,Auckland,Give way,,,,,0,0,Urban,0,,,Fine,Null
1758365,5917682,33354,,515700,0,,0,1,,North,2006/2007,SH 1N,NEWMARKET VDT,,Non-Injury Crash,Yes,2006,,South,,0,,Flat,,,,,,Overcast,443402,0,0,0,3,,,0,,,,,,Auckland Region,Nil,1-way,Sealed,,0,0,,80,,Off,0,0,,76,Auckland,Nil,,,,,0,0,Open,1,,,Fine,Null
1749781,5424923,33355,,576903,0,,0,1,,South,2005/2006,CRAWFORD ROAD,WELLINGTON ROAD,,Minor Crash,No,2006,,South,,0,,Hill Road,,,,,,Bright sun,2180500,1,0,0,2,,,0,,,1,,,Wellington Region,Nil,2-way,Sealed,,0,0,,50,,Null,0,0,,47,Wellington City,Give way,,,,,0,0,Urban,0,,,Fine,Null
1878149,5826373,33356,,537201,0,,0,2,,Null,2006/2007,NGATAI ROAD,BURETA ROAD,,Non-Injury Crash,No,2006,,East,,0,,Flat,,,,,,Bright sun,1155900,0,0,0,2,,,0,,,,,,Bay of Plenty Region,Nil,2-way,Sealed,,0,0,,50,,Off,0,0,,23,Tauranga City,Give way,,,,,0,0,Urban,0,,,Fine,Null
1874809,5807834,33357,,536630,0,0,0,1,1,South,2005/2006,SH 36,WILLIAMS ROAD,,Minor Crash,Yes,2006,0,North,0,0,0,Hill Road,0,,0,,0,Dark,1192604,1,0,0,2,0,0,0,0,0,,0,0,Bay of Plenty Region,Nil,2-way,Sealed,0,0,0,0,100,0,None,0,0,,22,Western Bay of Plenty District,Unknown,0,0,0,0,0,0,Open,0,0,0,Fine,Null
1753585,5932314,33358,,508807,0,,0,2,,South,2005/2006,SH 1N,GREVILLE OFF NBD,,Minor Crash,Yes,2006,,North,,0,,Hill Road,,,,,,Dark,180811,1,0,0,2,,,0,,,,,,Auckland Region,Nil,1-way,Sealed,,0,0,,100,,On,1,0,,76,Auckland,Nil,,,,,0,0,Open,0,,,Fine,Null
1763494,5910651,33359,,520500,0,,0,2,,Null,2006/2007,GREAT SOUTH ROAD,PORTAGE ROAD,,Non-Injury Crash,No,2006,,North,,0,,Flat,,,,,,Dark,637801,0,0,0,2,,,0,,,,,,Auckland Region,Nil,2-way,Sealed,,0,0,,50,,On,0,0,,76,Auckland,Traffic Signals,,,,,0,0,Urban,0,,,Light rain,Null
1763978,5909994,33360,,521901,1,,0,0,,Null,2006/2007,GREAT SOUTH ROAD,GORDON ROAD,,Minor Crash,No,2006,,South,,0,,Flat,,,,,,Bright sun,782400,1,0,0,2,,,0,,,,,,Auckland Region,Nil,2-way,Sealed,,0,0,,50,,Off,0,0,,76,Auckland,Nil,,,,,0,0,Urban,1,,,Fine,Null
1752719,5953742,33361,,505803,0,0,0,1,0,South,2005/2006,HIBISCUS COAST HIGHWAY,WAIWERA ROAD,,Non-Injury Crash,No,2006,0,South,0,0,0,Hill Road,1,,0,,0,Bright sun,170605,0,0,0,2,0,0,0,0,0,,0,0,Auckland Region,Nil,2-way,Sealed,0,0,0,0,80,0,None,0,0,,76,Auckland,Nil,0,0,0,0,0,0,Open,1,0,0,Fine,Null
1750610,5912348,33362,,512100,0,0,0,1,0,Null,2006/2007,PORTAGE ROAD,GOLF ROAD,,Non-Injury Crash,No,2006,0,North,0,0,1,Flat,0,,0,,0,Dark,289300,0,0,0,2,0,0,0,0,0,,0,0,Auckland Region,Nil,2-way,Sealed,0,0,0,0,50,0,On,0,0,,76,Auckland,Give way,0,0,0,1,0,0,Urban,0,0,0,Fine,Null
1956262,5789659,33363,,541900,0,,0,0,,North,2005/2006,POHUTUKAWA AVENUE,MARAETOTARA ROAD,,Minor Crash,No,2006,,North,,0,,Flat,,,,,,Bright sun,1294500,2,0,0,2,,,0,,,,,,Bay of Plenty Region,Nil,2-way,Sealed,,0,0,,50,,Null,2,0,,25,Whakatane District,Unknown,,,,,0,0,Urban,0,,,Fine,Null
1950836,5791279,33364,,542440,0,,0,1,,North,2005/2006,COMMERCE ST,DOMAIN ROAD,,Minor Crash,No,2006,,North,,0,,Flat,,,,,,Twilight,1306000,1,0,0,2,,,0,,,,,,Bay of Plenty Region,Nil,2-way,Sealed,,0,0,,50,,On,0,0,,25,Whakatane District,Unknown,,,,,0,0,Urban,1,,,Fine,Null
1800281,5811924,33365,,529200,0,0,0,0,0,West,2006/2007,COLLINS ROAD,PRISK ST,,Minor Crash,No,2006,0,East,0,0,1,Flat,0,,0,,0,Bright sun,927901,1,0,0,2,0,0,0,0,0,,0,1,Waikato Region,Nil,2-way,Sealed,0,0,0,0,50,0,Null,0,0,,16,Hamilton City,Unknown,0,0,0,0,0,0,Urban,1,0,0,Fine,Null
1791003,5842703,33366,,527402,0,0,0,1,0,East,2005/2006,JAMES HENRY CRESCENT,BAILEY ST,,Non-Injury Crash,No,2006,0,North,0,0,1,Flat,0,,0,,0,Dark,942203,0,0,0,2,0,0,0,0,0,,0,0,Waikato Region,Nil,2-way,Sealed,0,0,0,0,50,0,On,0,0,,13,Waikato District,Unknown,0,0,0,1,0,0,Urban,0,0,0,Mist or Fog,Null
1752832,5913822,33367,,514500,0,,0,2,,Null,2005/2006,NEW WINDSOR ROAD,MULGAN ST,,Non-Injury Crash,No,2006,,South,,0,,Hill Road,,,,,,Bright sun,374300,0,0,0,2,,,0,,,,,,Auckland Region,Nil,2-way,Sealed,,0,0,,50,,Off,0,0,,76,Auckland,Nil,,,,,0,0,Urban,0,,,Fine,Null
1563572,5185163,33368,,587811,0,0,0,2,0,Null,2006/2007,ORCHARD ROAD,WAIRAKEI ROAD,,Minor Crash,No,2006,0,East,0,0,1,Flat,0,,0,,0,Dark,2494000,3,0,0,2,0,0,0,0,0,,0,1,Canterbury Region,Nil,2-way,Sealed,0,0,0,0,50,0,On,0,1,,60,Christchurch City,Stop,0,0,0,0,0,0,Urban,0,0,0,Fine,Null
1753765,5928166,33369,,508310,0,0,0,1,0,East,2006/2007,CAMELOT PLACE,GLENFIELD ROAD,,Non-Injury Crash,No,2006,0,East,0,0,0,Hill Road,0,,0,,0,Overcast,199700,0,0,0,1,0,0,0,0,0,,0,0,Auckland Region,Nil,2-way,Sealed,0,0,0,0,50,0,Off,0,0,,76,Auckland,Nil,0,0,0,1,0,0,Urban,0,0,0,Fine,Null
1765759,5901144,33370,,524821,0,,0,1,,Null,2006/2007,ROSCOMMON ROAD,FINLAYSON AVENUE,,Minor Crash,No,2006,,North,,0,,Flat,,,,,,Bright sun,774403,1,0,0,4,,,0,,,,,,Auckland Region,Nil,2-way,Sealed,,0,0,,50,,Null,0,0,,76,Auckland,Give way,,,,,1,0,Urban,0,,,Fine,Null
1883047,5787815,33371,,538811,0,0,0,1,0,North,2006/2007,TE WAERENGA ROAD,HAMURANA ROAD,,Non-Injury Crash,No,2006,0,East,0,0,1,Flat,0,,0,,0,Overcast,1251203,0,0,0,2,0,0,0,0,0,,0,0,Bay of Plenty Region,Nil,2-way,Sealed,0,0,0,0,100,0,None,0,0,,24,Rotorua District,Nil,0,0,0,0,0,0,Open,0,0,0,Fine,Null
1798089,5816148,33372,,528501,0,,0,2,,Null,2006/2007,AVALON DRIVE,ELLICOTT ROAD,,Non-Injury Crash,No,2006,,North,,0,,Flat,,,,,,Twilight,905300,0,0,0,4,,,0,,,,,,Waikato Region,Nil,2-way,Sealed,,0,0,,60,,On,0,0,,16,Hamilton City,Traffic Signals,,,,,0,0,Urban,0,,,Light rain,Null
1956252,5786599,33373,,542514,0,0,0,1,0,South,2006/2007,WAINUI ROAD,BURMA ROAD,,Minor Crash,No,2006,0,South,1,0,0,Flat,0,,0,,0,Bright sun,1298903,1,0,0,2,0,0,0,0,0,,0,0,Bay of Plenty Region,Nil,2-way,Sealed,0,0,0,0,100,0,None,0,0,,25,Whakatane District,Nil,0,0,0,0,0,0,Open,0,0,0,Fine,Null
1749029,5427379,33374,,573101,0,,0,1,,East,2005/2006,WAKEFIELD ST,TARANAKI ST,,Minor Crash,No,2006,,West,,0,,Flat,,,,,,Overcast,2135200,2,0,0,4,,,0,,,,,,Wellington Region,Nil,2-way,Sealed,,0,0,,50,,Null,0,0,,47,Wellington City,Nil,,,,,0,0,Urban,1,,,Fine,Null
1744170,5915588,33375,,513013,0,,0,2,,North,2005/2006,HENDERSON VALLEY ROAD,PINE AVENUE,,Non-Injury Crash,No,2006,,North,,0,,Flat,,,,,,Dark,281401,0,0,0,2,,,0,,,,,,Auckland Region,Nil,2-way,Sealed,,0,0,,70,,None,0,0,,76,Auckland,Nil,,,,,0,0,Urban,0,,,Fine,Null
1876909,5826378,33376,,537201,0,,0,1,,Null,2005/2006,OTUMOETAI ROAD,CHERRYWOOD DRIVE,,Minor Crash,No,2006,,South,,0,,Flat,,Easter,,,,Bright sun,1154701,2,0,0,2,,,0,,,,,,Bay of Plenty Region,Nil,2-way,Sealed,,0,0,,50,,Null,1,0,,23,Tauranga City,Give way,,,,,0,0,Urban,0,,,Fine,Null
1797070,5819557,33377,,528403,0,0,0,1,0,Null,2005/2006,TE RAPA ROAD,WAIRERE DRIVE,,Non-Injury Crash,No,2006,0,North,0,0,0,Flat,0,,0,,0,Dark,907500,0,0,0,4,0,0,0,0,0,,0,1,Waikato Region,Nil,2-way,Sealed,0,0,0,0,60,0,On,0,0,,16,Hamilton City,Give way,0,0,0,0,0,0,Urban,0,0,0,Fine,Null
1765045,5918386,33378,,516900,0,,0,1,,West,2005/2006,ST HELIERS BAY ROAD,GRAMPIAN ROAD,,Non-Injury Crash,No,2006,,East,,0,,Flat,,,,,,Bright sun,465503,0,0,0,2,,,0,,,,,,Auckland Region,Nil,2-way,Sealed,,0,0,,50,,Off,1,0,,76,Auckland,Nil,,,,,0,0,Urban,0,,,Fine,Null
1811537,5870428,33379,,533901,0,0,0,1,0,West,2006/2007,SH 2,MAHUTA ROAD SOUTH,,Minor Crash,Yes,2006,0,West,1,0,0,Flat,0,,0,,0,Bright sun,1069100,1,0,0,2,0,0,0,0,0,,0,0,Waikato Region,Nil,2-way,Sealed,0,0,0,0,100,0,Null,0,0,,12,Hauraki District,Unknown,0,0,0,0,0,0,Open,0,0,0,Fine,Null
1396379,4913907,33380,,602421,0,0,0,0,1,East,2005/2006,MORRIS ROAD,CHAIN HILLS ROAD,,Serious Crash,No,2006,0,West,1,0,0,Hill Road,0,,0,,0,Dark,2980403,0,0,0,2,0,0,0,0,0,,0,0,Otago Region,Nil,2-way,Sealed,0,0,1,0,80,0,None,1,0,,71,Dunedin City,Unknown,0,0,0,0,0,0,Open,0,0,0,Light rain,Null
1878923,5816711,33381,,537900,0,0,0,0,0,South,2006/2007,OHAUITI ROAD,BOSCABEL DRIVE,,Non-Injury Crash,No,2006,0,South,1,0,0,Flat,0,,0,,0,Dark,1193211,0,0,0,2,0,0,0,0,0,,0,0,Bay of Plenty Region,Nil,2-way,Sealed,0,0,0,0,50,0,None,1,0,,23,Tauranga City,Unknown,0,0,0,0,0,0,Urban,0,0,0,Light rain,Null
1572704,5183290,33382,,592702,0,,0,1,,Null,2005/2006,MARSHLAND ROAD,HAMMERSLEY AVENUE,,Minor Crash,No,2006,,North,,0,,Flat,,,,,,Bright sun,2596600,1,1,0,2,,,0,,,,,,Canterbury Region,Nil,2-way,Sealed,,0,0,,50,,Null,0,0,,60,Christchurch City,Give way,,,,,0,0,Urban,0,,,Fine,Null