X,Y,OBJECTID,advisorySpeed,areaUnitID,bicycle,bridge,bus,carStationWagon,cliffBank,crashDirectionDescription,crashFinancialYear,crashLocation1,crashLocation2,crashRoadSideRoad,crashSeverity,crashSHDescription,crashYear,debris,directionRoleDescription,ditch,fatalCount,fence,flatHill,guardRail,holiday,houseOrBuilding,intersection,kerb,light,meshblockId,minorInjuryCount,moped,motorcycle,NumberOfLanes,objectThrownOrDropped,otherObject,otherVehicleType,overBank,parkedVehicle,pedestrian,phoneBoxEtc,postOrPole,region,roadCharacter,roadLane,roadSurface,roadworks,schoolBus,seriousInjuryCount,slipOrFlood,speedLimit,strayAnimal,streetLight,suv,taxi,temporarySpeedLimit,tlaId,tlaName,trafficControl,trafficIsland,trafficSign,train,tree,truck,unknownVehicleType,urban,vanOrUtility,vehicle,waterRiver,weatherA,weatherB
1760418,5915697,33383,,516003,0,,0,3,,South,2006/2007,SH 1N,GREENLANE OFF NBD,,Non-Injury Crash,Yes,2006,,North,,0,,Flat,,,,,,Overcast,494902,0,0,0,3,,,0,,,,,,Auckland Region,Nil,1-way,Sealed,,0,0,,100,,Off,0,0,,76,Auckland,Nil,,,,,1,0,Open,0,,,Mist or Fog,Null
1573162,5179814,33384,,593502,0,,0,2,,West,2005/2006,WELLINGTON ST,CLIVE ST,,Minor Crash,No,2006,,East,,0,,Flat,,,,,,Overcast,2605900,1,0,0,2,,,0,,,,,,Canterbury Region,Nil,2-way,Sealed,,0,0,,50,,Null,0,0,,60,Christchurch City,Unknown,,,,,0,0,Urban,0,,,Light rain,Null
1567834,5180294,33385,,590800,0,,0,2,,Null,2005/2006,STRAVEN ROAD,RICCARTON ROAD,,Minor Crash,No,2006,,South,,0,,Flat,,Christmas New Year,,,,Dark,2473500,1,0,0,6,,,0,,,,,,Canterbury Region,Nil,2-way,Sealed,,0,0,,50,,On,0,0,,60,Christchurch City,Traffic Signals,,,,,0,0,Urban,0,,,Light rain,Null
1765113,5910010,33386,,521803,0,,0,1,,North,2005/2006,SH 1N,TRENWITH OBR,,Non-Injury Crash,Yes,2006,,South,,0,,Flat,,,,,,Dark,788300,0,0,0,6,,,0,,,,,,Auckland Region,Nil,2-way,Sealed,,0,0,,100,,On,1,0,,76,Auckland,Nil,,,,,0,0,Open,0,,,Fine,Null
1867137,5701111,33387,,541345,0,0,0,0,0,Null,2006/2007,SH 1N,ROTONGAIO ROAD,,Non-Injury Crash,Yes,2006,0,South,0,0,0,Hill Road,0,,0,,0,Dark,1280201,0,0,0,3,0,0,0,0,0,,0,0,Waikato Region,Nil,2-way,Sealed,0,0,0,0,100,0,On,0,0,,21,Taupo District,Nil,0,0,0,0,0,0,Open,1,0,0,Light rain,Null
1768474,5907636,33388,,523711,0,0,0,3,0,South,2006/2007,JARVIS WAY,ORMISTON ROAD,,Non-Injury Crash,No,2006,0,North,0,0,0,Flat,0,,0,,0,Bright sun,712801,0,0,0,1,0,0,0,0,1,,0,0,Auckland Region,Nil,2-way,Sealed,0,0,0,0,80,0,Off,0,0,,76,Auckland,Nil,0,0,0,0,0,0,Open,0,0,0,Fine,Null
1745459,5920877,33389,,513301,0,,0,2,,South,2006/2007,LINCOLN ROAD,SELWOOD ROAD,,Non-Injury Crash,No,2006,,North,,0,,Hill Road,,,,,,Overcast,230200,0,0,0,2,,,0,,,,,,Auckland Region,Bridge,2-way,Sealed,,0,0,,50,,Off,0,0,,76,Auckland,Traffic Signals,,,,,0,0,Urban,0,,,Fine,Null
1213933,4942622,33390,,612714,0,0,0,1,0,East,2006/2007,SH 94,WEYDON BURN NO1 BR,,Minor Crash,Yes,2006,0,East,1,0,0,Hill Road,0,,0,,0,Dark,3170102,3,0,0,2,0,0,0,0,0,,0,0,Southland Region,Nil,2-way,Sealed,0,0,0,0,100,0,None,0,0,,73,Southland District,Unknown,0,0,0,1,0,0,Open,0,0,0,Fine,Null
1863187,5711223,33391,,541311,0,,0,2,,North,2005/2006,ACACIA BAY ROAD,WILY TERRACE,,Non-Injury Crash,No,2006,,North,,0,,Flat,,,,,,Twilight,1279405,0,0,0,2,,,0,,,,,,Waikato Region,Nil,2-way,Sealed,,0,0,,50,,None,0,0,,21,Taupo District,Unknown,,,,,0,0,Urban,0,,,Light rain,Null
1876963,5824005,33392,,537301,0,0,0,1,0,Null,2005/2006,KINGSWOOD ROAD,WOODFORD AVENUE,,Non-Injury Crash,No,2006,0,East,0,0,1,Flat,0,,0,,0,Dark,1160301,0,0,0,2,0,0,0,0,0,,0,0,Bay of Plenty Region,Nil,2-way,Sealed,0,0,0,0,50,0,On,0,0,,23,Tauranga City,Give way,0,0,0,0,0,0,Urban,0,0,0,Fine,Null
1797787,5814533,33393,,528602,0,0,0,1,0,West,2005/2006,Z CPK WOOLWORTHS,TUHIKARAMEA ROAD,,Non-Injury Crash,No,2006,0,West,0,0,0,Flat,0,,0,,0,Overcast,921100,0,0,0,0,0,0,0,0,1,,0,0,Waikato Region,Nil,Off road,Sealed,0,0,0,0,30,0,Null,1,0,,16,Hamilton City,Unknown,0,0,0,0,0,0,Urban,0,0,0,Fine,Null
1768120,5903028,33394,,524602,0,,0,2,,Null,2005/2006,GREAT SOUTH ROAD,RATA VINE DRIVE,,Minor Crash,No,2006,,South,,0,,Flat,,,,,,Dark,780506,1,0,0,4,,,0,,,,,,Auckland Region,Nil,2-way,Sealed,,0,0,,70,,On,0,0,,76,Auckland,Give way,,,,,0,0,Urban,0,,,Fine,Null
1756431,5927790,33395,,507900,0,,0,2,,Null,2005/2006,WAIRAU ROAD,TAHAROTO ROAD,,Non-Injury Crash,No,2006,,East,,0,,Flat,,,,,,Twilight,305202,0,0,0,3,,,0,,,,,,Auckland Region,Nil,2-way,Sealed,,0,0,,50,,On,0,0,,76,Auckland,Traffic Signals,,,,,0,0,Urban,0,,,Fine,Null
1719335,6045478,33396,,503100,0,,0,2,,Null,2006/2007,WALTON ST,WALTON STREET,,Non-Injury Crash,No,2006,,South,,0,,Flat,,,,,,Overcast,100400,0,0,0,2,,,0,,,,,,Northland Region,Nil,2-way,Sealed,,0,0,,50,,Off,0,0,,2,Whangarei District,Give way,,,,,0,0,Urban,0,,,Fine,Null
1755939,5918542,33397,,515500,0,,0,2,,West,2006/2007,SH 16,NEWTON OFF EBD,,Non-Injury Crash,Yes,2006,,East,,0,,Flat,,,,,,Overcast,418500,0,0,0,4,,,0,,,,,,Auckland Region,Nil,1-way,Sealed,,0,0,,80,,Off,0,0,,76,Auckland,Nil,,,,,0,0,Open,0,,,Heavy rain,Null
1755885,5921118,33398,,515202,0,,0,1,,North,2005/2006,SH 1N,FANSHAWE OBR,,Non-Injury Crash,Yes,2006,,North,,0,,Flat,,,,,,Bright sun,425600,0,0,0,4,,,0,,,,,,Auckland Region,Nil,1-way,Sealed,,0,0,,80,,Off,0,0,,76,Auckland,Nil,,,,,0,0,Open,1,,,Fine,Null
1285737,4885931,33399,,610240,1,,0,0,,West,2006/2007,KITCHENER ST,BROUGHTON ST,,Minor Crash,No,2006,,West,,0,,Flat,,,,,,Bright sun,3058700,1,0,0,2,,,0,,,,,,Southland Region,Nil,2-way,Sealed,,0,0,,50,,Null,1,0,,74,Gore District,Nil,,,,,0,0,Urban,0,,,Fine,Null
1756228,5924240,33400,,509702,0,,0,2,,North,2006/2007,SH 1N,SEART OFF SBD,,Non-Injury Crash,Yes,2006,,South,,0,,Flat,,,,,,Dark,366700,0,0,0,6,,,0,,,,,,Auckland Region,Nil,2-way,Sealed,,0,0,,100,,On,0,0,,76,Auckland,Nil,,,,,0,0,Open,2,,,Light rain,Null
1768371,5904445,33401,,523820,0,,1,1,,Null,2005/2006,REDOUBT ROAD,DIORELLA DRIVE,,Non-Injury Crash,No,2006,,East,,0,,Flat,,,,,,Overcast,759901,0,0,0,2,,,0,,,,,,Auckland Region,Nil,2-way,Sealed,,0,0,,50,,Off,0,0,,76,Auckland,Nil,,,,,0,0,Urban,0,,,Fine,Null
1881192,5819902,33402,,538302,1,,0,1,,Null,2005/2006,WELCOME BAY ROAD,WAITAHA ROAD,,Minor Crash,No,2006,,West,,0,,Flat,,,,,,Overcast,1180100,1,0,0,2,,,0,,,,,,,Nil,2-way,Sealed,,0,0,,60,,Null,0,0,,23,Tauranga City,Give way,,,,,0,0,Urban,0,,,Light rain,Null
1756198,5916705,33403,,518201,0,0,0,1,0,North,2006/2007,RARAWA ST,HERBERT ROAD,,Non-Injury Crash,No,2006,0,South,0,0,0,Flat,0,,0,,0,Dark,549200,0,0,0,1,0,0,0,0,1,,0,0,Auckland Region,Nil,2-way,Sealed,0,0,0,0,50,0,None,0,0,,76,Auckland,Nil,0,0,0,0,0,0,Urban,1,0,0,Light rain,Null
1757630,5920862,33404,,514103,0,0,1,0,0,Null,2005/2006,COMMERCE ST,CUSTOMS ST EAST,,Non-Injury Crash,No,2006,0,North,0,0,0,Flat,0,,0,,0,Bright sun,438000,0,0,0,2,0,0,0,0,1,,0,0,Auckland Region,Nil,2-way,Sealed,0,0,0,0,50,0,Off,0,0,,76,Auckland,Traffic Signals,0,0,0,0,1,0,Urban,0,0,0,Fine,Null
1768904,5880761,33405,,525922,0,,0,2,,Null,2006/2007,EDINBURGH ST,HARRIS ST,,Non-Injury Crash,No,2006,,South,,0,,Flat,,,,,,Overcast,823000,0,0,0,2,,,0,,,,,,Auckland Region,Nil,2-way,Sealed,,0,0,,50,,Null,0,0,,76,Auckland,Give way,,,,,0,0,Urban,0,,,Fine,Null
1757207,5865158,33406,,526701,0,0,0,0,0,East,2005/2006,TUAKAU BRIDGE-PORT WAIKAT,KLONDYKE ROAD,,Non-Injury Crash,No,2006,0,East,0,0,0,Flat,0,,0,,0,Bright sun,845800,0,0,0,2,0,0,0,0,0,,0,0,Waikato Region,Nil,2-way,Sealed,0,0,0,0,100,0,None,0,0,,13,Waikato District,Nil,0,0,0,0,0,0,Open,1,0,0,Fine,Null
1762340,5913409,33407,,520402,0,,0,1,,South,2005/2006,SH 1N,PENROSE OBR,,Non-Injury Crash,Yes,2006,,South,,0,,Flat,,,,,,Dark,642200,0,0,0,3,,,0,,,,,,Auckland Region,Nil,1-way,Sealed,,0,0,,100,,On,1,0,,76,Auckland,Nil,,,,,0,0,Open,0,,,Fine,Null
1242815,4846901,33408,,611700,0,,0,1,,Null,2005/2006,SH 1S,KEW ROAD,,Minor Crash,Yes,2006,,South,,0,,Flat,,,,,,Overcast,3115000,1,0,0,2,,,0,,,,,,Southland Region,Nil,2-way,Sealed,,0,0,,70,,Null,1,0,,75,Invercargill City,Give way,,,,,0,0,Urban,0,,,Fine,Null
1757855,5927186,33409,,508010,0,,0,1,,South,2006/2007,Z CPK SHORE CITY,ANZAC ST,,Non-Injury Crash,No,2006,,North,,0,,Flat,,,,,,Bright sun,327600,0,0,0,1,,,0,,,,,,Auckland Region,Nil,Off road,Sealed,,0,0,,20,,Off,1,0,,76,Auckland,Nil,,,,,0,0,Urban,0,,,Fine,Null
1876032,5824332,33410,,537100,0,,0,3,,South,2006/2007,BELLEVUE ROAD,SEYMOUR PLACE,,Non-Injury Crash,No,2006,,South,,0,,Hill Road,,,,,,Overcast,1158800,0,0,0,2,,,0,,,,,,Bay of Plenty Region,Nil,2-way,Sealed,,0,0,,50,,Null,0,0,,23,Tauranga City,Unknown,,,,,0,0,Urban,0,,,Light rain,Null
1757524,5920390,33411,,514103,0,0,0,2,0,North,2006/2007,KITCHENER ST,VICTORIA ST EAST,,Non-Injury Crash,No,2006,0,South,0,0,0,Hill Road,0,,0,,0,Twilight,437702,0,0,0,2,0,0,0,0,1,,0,0,Auckland Region,Nil,1-way,Sealed,0,0,0,0,50,0,On,0,0,,76,Auckland,Nil,0,0,0,0,0,0,Urban,0,0,0,Fine,Null
1927469,5609008,33412,45,545710,0,0,0,1,0,South,2005/2006,RAUPARE ROAD,MCNAB ROAD,,Minor Crash,No,2006,0,South,0,0,1,Flat,0,,0,,0,Dark,1471000,1,0,0,2,0,0,0,0,0,,0,0,Hawke's Bay Region,Nil,2-way,Sealed,0,0,0,0,100,0,None,0,0,,30,Hastings District,Nil,0,0,0,1,0,0,Open,0,0,0,Light rain,Null
1824721,5464096,33413,,579200,0,,0,1,,South,2005/2006,SH 2,TE ORE ORE ROAD,,Non-Injury Crash,Yes,2006,,North,,0,,Flat,,,,,,Bright sun,2248400,0,0,0,2,,,0,,,,,,Wellington Region,Bridge,2-way,Sealed,,0,0,,50,,Null,0,0,,48,Masterton District,Nil,,,,,0,0,Urban,1,,,Fine,Null
1752943,5918158,33414,,515003,0,,0,2,,East,2006/2007,SH 16,GT NORTH OBR,,Non-Injury Crash,Yes,2006,,West,,0,,Flat,,,,,,Overcast,390502,0,0,0,3,,,0,,,,,,Auckland Region,Nil,1-way,Sealed,,0,0,,100,,Off,0,0,,76,Auckland,Nil,,,,,0,0,Open,0,,,Fine,Null
1772171,5901375,33415,,523813,0,,0,2,,East,2006/2007,ALFRISTON ROAD,WASTNEY ROAD,,Non-Injury Crash,No,2006,,East,,0,,Flat,,,,,,Dark,759600,0,0,0,2,,,0,,,,,,Auckland Region,Nil,2-way,Sealed,,0,0,,80,,None,0,0,,76,Auckland,Nil,,,,,0,0,Open,0,,,Fine,Null
1633514,5435029,33416,,581812,0,0,0,0,0,South,2006/2007,TEAL VALLEY ROAD,SH 6,,Serious Crash,No,2006,0,East,0,0,0,Hill Road,0,,0,,0,Bright sun,2360905,0,0,1,2,0,0,0,0,0,,0,0,Nelson Region,Nil,2-way,Unsealed,0,0,1,0,100,0,Null,0,0,,52,Nelson City,Nil,0,0,0,1,0,0,Open,0,0,0,Fine,Null
1751047,5934631,33417,,508701,1,,0,1,,North,2005/2006,DAIRY FLAT HIGHWAY,THE AVENUE,,Serious Crash,No,2006,,South,,0,,Flat,,,,,,Overcast,178402,0,0,0,2,,,0,,,,,,Auckland Region,Nil,2-way,Sealed,,0,1,,50,,Off,0,0,,76,Auckland,Unknown,,,,,0,0,Urban,0,,,Heavy rain,Null
1758200,5920244,33418,,514103,0,0,0,1,0,Null,2006/2007,BEACH ROAD,CHURCHILL ST,,Non-Injury Crash,No,2006,0,West,0,0,1,Flat,0,,0,,0,Dark,438203,0,0,0,4,0,0,0,0,0,,0,0,Auckland Region,Nil,2-way,Sealed,0,0,0,0,50,0,On,0,0,,76,Auckland,Nil,0,0,0,0,0,0,Urban,0,0,0,Fine,Null
1768492,5900663,33419,,525101,0,,0,2,,Null,2006/2007,WEYMOUTH ROAD,CHURCHILL AVENUE,,Non-Injury Crash,No,2006,,East,,0,,Flat,,,,,,Overcast,771100,0,0,0,2,,,0,,,,,,Auckland Region,Nil,2-way,Sealed,,0,0,,50,,Off,0,0,,76,Auckland,Nil,,,,,0,0,Urban,0,,,Fine,Null
1756704,5927498,33420,,507900,0,,0,1,,North,2005/2006,TAHAROTO ROAD,NORTHCOTE ROAD,,Non-Injury Crash,No,2006,,South,,0,,Flat,,,,,,Bright sun,305202,0,0,0,4,,,0,,,1,,,Auckland Region,Nil,2-way,Sealed,,0,0,,50,,Off,0,0,,76,Auckland,Nil,,,,,0,0,Urban,0,,,Fine,Null
1567936,5179466,33421,,590900,1,,0,1,,Null,2006/2007,BLENHEIM ROAD,WHITELEIGH AVENUE,,Minor Crash,No,2006,,West,,0,,Flat,,,,,,Bright sun,2475300,1,0,0,4,,,0,,,,,,Canterbury Region,Nil,2-way,Sealed,,0,0,,60,,Null,0,0,,60,Christchurch City,Traffic Signals,,,,,0,0,Urban,0,,,Fine,Null
1771823,5879561,33422,55,521117,0,,0,1,,Null,2006/2007,LOGAN ROAD,GOLDING ROAD,,Non-Injury Crash,No,2006,,South,,0,,Flat,,,,,,Bright sun,827004,0,0,0,2,,,0,,,,,,Waikato Region,Nil,2-way,Sealed,,0,0,,100,,None,0,0,,13,Waikato District,Nil,,,,,0,0,Open,0,,,Fine,Null
1769480,5899779,33423,,525002,0,,0,2,,West,2006/2007,MAHIA ROAD,GREAT SOUTH ROAD,,Non-Injury Crash,No,2006,,East,,0,,Flat,,,,,,Overcast,754100,0,0,0,4,,,0,,,,,,Auckland Region,Nil,2-way,Sealed,,0,0,,50,,Off,0,0,,76,Auckland,Nil,,,,,0,0,Urban,0,,,Fine,Null
1750077,5918002,33424,,514801,0,,0,4,,East,2005/2006,SH 16,ROSEBANK OBR,,Non-Injury Crash,Yes,2006,,West,,0,,Flat,,,,,,Overcast,390401,0,0,0,3,,,0,,,,,,Auckland Region,Nil,1-way,Sealed,,0,0,,100,,Off,0,0,,76,Auckland,Nil,,,,,0,0,Open,0,,,Heavy rain,Strong wind
1793096,5500610,33425,,564220,0,,0,0,,East,2005/2006,BATH ST,SALISBURY ST,,Minor Crash,No,2006,,West,,0,,Flat,,,,,,Overcast,1869500,1,0,0,2,,,0,,,1,,,Manawatū-Whanganui Region,Nil,2-way,Sealed,,0,0,,50,,Null,0,0,,42,Horowhenua District,Nil,,,,,0,0,Urban,1,,,Fine,Null
1763393,5911222,33426,,520500,0,,0,1,,Null,2005/2006,GREAT SOUTH ROAD,BELL AVENUE,,Minor Crash,No,2006,,North,,0,,Flat,,,,,,Bright sun,637702,3,0,0,4,,,0,,,,,,Auckland Region,Nil,2-way,Sealed,,0,0,,50,,None,0,0,,76,Auckland,Stop,,,,,0,0,Urban,1,,,Fine,Null
1838683,5518958,33427,35,577900,0,0,0,0,0,East,2005/2006,PAHIATUA MANGAHAO ROAD,MANGAMUTU ROAD,,Non-Injury Crash,No,2006,0,West,0,0,1,Flat,0,,0,,0,Overcast,2220600,0,0,0,2,0,0,0,0,0,,0,0,Manawatū-Whanganui Region,Nil,2-way,Sealed,0,0,0,0,100,0,Null,0,0,,41,Tararua District,Nil,0,0,0,0,1,0,Open,0,0,0,Light rain,Null
1754257,5918074,33428,,515432,0,0,0,3,0,Null,2006/2007,BANNERMAN ROAD,DERWENT ST,,Non-Injury Crash,No,2006,0,South,0,0,0,Hill Road,0,,0,,0,Bright sun,405400,0,0,0,2,0,0,0,0,2,,0,0,Auckland Region,Nil,2-way,Sealed,0,0,0,0,50,0,Null,0,0,,76,Auckland,Nil,0,0,0,0,0,0,Urban,0,0,0,Fine,Null
1976605,5782616,33429,,542906,0,0,0,0,0,North,2006/2007,SH 2,FACTORY ROAD,,Minor Crash,Yes,2006,0,South,0,0,0,Flat,0,,0,,0,Overcast,1336300,1,0,0,2,0,0,0,0,1,,0,0,Bay of Plenty Region,Nil,2-way,Sealed,0,0,0,0,70,0,None,0,0,,27,Ōpōtiki District,Nil,0,0,0,0,1,0,Urban,1,0,0,Fine,Null
1768489,5909142,33430,,523113,0,,0,1,,Null,2005/2006,SPRINGS ROAD,LADY RUBY DRIVE,,Minor Crash,No,2006,,South,,0,,Flat,,,,,,Bright sun,711809,1,0,0,5,,,0,,,,,,Auckland Region,Nil,2-way,Sealed,,0,0,,60,,Off,0,0,,76,Auckland,Traffic Signals,,,,,0,0,Urban,1,,,Fine,Null
1747763,5914472,33431,,511100,0,,1,2,,West,2006/2007,GREAT NORTH ROAD,PALM COURT DRIVE,,Minor Crash,No,2006,,West,,0,,Hill Road,,,,,,Overcast,285100,1,0,0,4,,,0,,,,,,Auckland Region,Nil,2-way,Sealed,,0,0,,50,,Off,0,0,,76,Auckland,Give way,,,,,0,0,Urban,0,,,Fine,Null
1765572,5916192,33432,,520301,0,,0,2,,South,2006/2007,PILKINGTON ROAD,APIRANA AVENUE,,Non-Injury Crash,No,2006,,North,,0,,Flat,,,,,,Dark,478000,0,0,0,2,,,0,,,,,,Auckland Region,Nil,2-way,Sealed,,0,0,,50,,On,0,0,,76,Auckland,Nil,,,,,0,0,Urban,0,,,Fine,Null
1757589,5920033,33433,,514103,0,,0,2,,North,2005/2006,PRINCES ST,WELLESLEY ST EAST N,,Non-Injury Crash,No,2006,,South,,0,,Flat,,,,,,Bright sun,437200,0,0,0,2,,,0,,,,,,Auckland Region,Nil,2-way,Sealed,,0,0,,50,,Off,0,0,,76,Auckland,Nil,,,,,0,0,Urban,0,,,Fine,Null
1880651,5826516,33434,,536821,0,,0,1,,North,2005/2006,SH 2,BALANCE CNR,,Non-Injury Crash,Yes,2006,,North,,0,,Flat,,,,,,Twilight,1203800,0,0,0,2,,,0,,,,,,Bay of Plenty Region,Nil,2-way,Sealed,,0,0,,50,,Off,0,0,,23,Tauranga City,Unknown,,,,,0,0,Urban,1,,,Fine,Null
1790406,5496994,33435,,564012,0,,0,1,,South,2005/2006,SH 1N,VISTA ROAD,,Fatal Crash,Yes,2006,,North,,1,,Flat,,,,,,Overcast,1859001,0,0,0,2,,,0,,,,,,Manawatū-Whanganui Region,Nil,2-way,Sealed,,0,2,,100,,Null,0,0,,42,Horowhenua District,Nil,,,,,1,0,Open,0,,,Light rain,Null
1754141,5945175,33436,,505909,0,,0,1,,East,2006/2007,SLIP,BRIGHTSIDE ROAD,,Minor Crash,No,2006,,West,,0,,Hill Road,,,,,,Bright sun,173807,1,0,0,3,,,0,,,,,,Auckland Region,Nil,2-way,Sealed,,0,0,,50,,Off,0,0,,76,Auckland,Nil,,,,,0,0,Urban,1,,,Fine,Null
1786901,5859156,33437,,527210,0,0,0,1,0,South,2006/2007,SH 1N,HALL ROAD,,Minor Crash,Yes,2006,0,North,0,0,0,Flat,1,,0,,0,Bright sun,935700,1,0,0,2,0,0,0,0,0,,0,0,Waikato Region,Nil,2-way,Sealed,0,0,0,0,100,0,None,0,0,,13,Waikato District,Nil,0,0,0,0,0,0,Open,0,0,0,Fine,Null
1755985,5918595,33438,,515500,0,,0,1,,South,2006/2007,SH 16,NEWTON OFF EBD,,Non-Injury Crash,Yes,2006,,East,,0,,Flat,,,,,,Bright sun,418600,0,0,0,4,,,0,,,,,,Auckland Region,Nil,1-way,Sealed,,0,0,,80,,Null,0,0,,76,Auckland,Nil,,,,,0,0,Open,1,,,Fine,Null
1769999,5908440,33439,,523115,0,,0,2,,Null,2006/2007,BAVERSTOCK ROAD,CHAPEL ROAD,,Non-Injury Crash,No,2006,,South,,0,,Flat,,Christmas New Year,,,,Overcast,712121,0,0,0,3,,,0,,,,,,Auckland Region,Nil,2-way,Sealed,,0,0,,70,,Off,0,0,,76,Auckland,Give way,,,,,0,0,Urban,0,,,Light rain,Null
1678796,6022848,33440,,504600,0,0,0,2,0,North,2006/2007,AWAKINO ROAD,CRANLEY ST,,Non-Injury Crash,No,2006,0,South,0,0,0,Flat,0,,0,,0,Bright sun,116500,0,0,0,2,0,0,0,0,1,,0,0,Northland Region,Nil,2-way,Sealed,0,0,0,0,50,0,Null,0,0,,3,Kaipara District,Unknown,0,0,0,0,0,0,Urban,0,0,0,Fine,Null
1843912,5802999,33441,,535242,0,0,0,1,0,West,2005/2006,SH 29,SH 27,,Non-Injury Crash,Yes,2006,0,East,0,0,0,Flat,0,,0,,0,Overcast,1116000,0,0,0,2,0,0,0,0,0,,0,0,Waikato Region,Nil,2-way,Sealed,0,0,0,0,100,0,None,0,0,,15,Matamata-Piako District,Nil,0,1,0,0,0,0,Open,0,0,0,Heavy rain,Null
1753878,5931120,33442,,508803,0,0,0,1,0,South,2006/2007,MEADOWOOD DRIVE,SANTIAGO CRESCENT N,,Non-Injury Crash,No,2006,0,North,0,0,0,Hill Road,0,,0,,0,Overcast,180850,0,0,0,2,0,0,0,0,0,,0,0,Auckland Region,Nil,2-way,Sealed,0,0,0,0,50,0,Null,0,0,,76,Auckland,Give way,0,0,0,1,0,0,Urban,0,0,0,Fine,Null
1801317,5814939,33443,,529700,0,,0,2,,Null,2006/2007,VICTORIA ST,KNOX ST,,Non-Injury Crash,No,2006,,North,,0,,Flat,,Labour Weekend,,,,Overcast,912000,0,0,0,2,,,0,,,,,,Waikato Region,Nil,2-way,Sealed,,0,0,,50,,Null,0,0,,16,Hamilton City,Give way,,,,,0,0,Urban,0,,,Fine,Null
1746654,5917885,33444,,512500,0,,0,2,,North,2005/2006,TE ATATU ROAD,ROBERTS ROAD,,Minor Crash,No,2006,,South,,0,,Flat,,,,,,Overcast,258400,1,0,0,2,,,0,,,,,,Auckland Region,Nil,2-way,Sealed,,0,0,,50,,Null,0,0,,76,Auckland,Unknown,,,,,0,0,Urban,0,,,Light rain,Null
1752342,5918304,33445,,515002,0,,0,2,,North,2005/2006,POINT CHEVALIER ROAD,TUI ST,,Non-Injury Crash,No,2006,,South,,0,,Flat,,,,,,Bright sun,391800,0,0,0,2,,,0,,,,,,Auckland Region,Nil,2-way,Sealed,,0,0,,50,,Null,0,0,,76,Auckland,Give way,,,,,0,0,Urban,0,,,Fine,Null
1749344,5941267,33446,,506300,0,0,0,1,0,North,2006/2007,SH 1N,BAWDEN OBR,,Non-Injury Crash,Yes,2006,0,South,0,0,0,Flat,1,,0,,0,Overcast,175902,0,0,0,2,0,0,0,0,0,,0,0,Auckland Region,Nil,1-way,Sealed,0,0,0,0,100,0,Off,0,0,,76,Auckland,Nil,0,0,0,0,0,0,Open,0,0,0,Fine,Null
1882681,5773153,33447,,539600,0,0,0,1,0,South,2006/2007,BELLINGHAM CRESCENT,WATERLOW ST,,Non-Injury Crash,No,2006,0,West,0,0,0,Flat,0,,0,,0,Bright sun,1228400,0,0,0,2,0,0,0,0,1,,0,0,Bay of Plenty Region,Nil,2-way,Sealed,0,0,0,0,50,0,Off,0,0,,24,Rotorua District,Nil,0,0,0,0,0,0,Urban,1,0,0,Fine,Null
1761473,5907901,33448,,524510,0,,0,1,,Null,2006/2007,MCKINSTRY AVENUE,GARUS AVENUE,,Non-Injury Crash,No,2006,,North,,0,,Flat,,,,,,Twilight,733700,0,0,0,2,,,0,,,,,,Auckland Region,Nil,2-way,Sealed,,0,0,,50,,On,0,0,,76,Auckland,Nil,,,,,0,0,Urban,0,,,Fine,Null
1751179,5915434,33449,,514401,0,,0,2,,South,2005/2006,GREAT NORTH ROAD,ROSEBANK ROAD,,Non-Injury Crash,No,2006,,South,,0,,Flat,,,,,,Dark,382400,0,0,0,2,,,0,,,,,,Auckland Region,Nil,2-way,Sealed,,0,0,,50,,On,0,0,,76,Auckland,Nil,,,,,0,0,Urban,0,,,Fine,Null
1771058,5898250,33450,,523912,0,0,0,1,0,Null,2006/2007,GREAT SOUTH ROAD,BEACH ROAD,,Non-Injury Crash,No,2006,0,South,0,0,1,Hill Road,0,,0,,0,Overcast,767705,0,0,0,2,0,0,0,0,0,,0,0,Auckland Region,Nil,2-way,Sealed,0,0,0,0,50,0,Off,0,0,,76,Auckland,Nil,0,0,0,0,0,0,Urban,0,0,0,Fine,Null
1884169,5774911,33451,,540410,0,,0,2,,East,2005/2006,LAKE ROAD,TAREWA ROAD,,Minor Crash,No,2006,,East,,0,,Flat,,,,,,Overcast,1231900,1,0,0,2,,,0,,,,,,Bay of Plenty Region,Nil,2-way,Sealed,,0,0,,50,,Null,0,0,,24,Rotorua District,Nil,,,,,0,0,Urban,0,,,Fine,Null
1754745,5931303,33452,,508520,0,,0,2,,Null,2005/2006,RAMP ROAD,SUNSET ROAD,,Non-Injury Crash,No,2006,,East,,0,,Hill Road,,,,,,Overcast,191502,0,0,0,1,,,0,,,,,,Auckland Region,Nil,2-way,Sealed,,0,0,,50,,Off,0,0,,76,Auckland,Give way,,,,,0,0,Urban,0,,,Fine,Null
1751598,5914211,33453,,514402,0,0,0,3,0,Null,2006/2007,BLOCKHOUSE BAY ROAD,TIVERTON ROAD,,Non-Injury Crash,No,2006,0,South,0,0,0,Flat,0,,0,,0,Bright sun,380600,0,0,0,4,0,0,0,0,0,,0,0,Auckland Region,Nil,2-way,Sealed,0,0,0,0,50,0,Off,0,0,,76,Auckland,Give way,0,0,0,0,0,0,Urban,0,1,0,Fine,Null
1756558,5927651,33454,,507900,0,,0,2,,Null,2006/2007,TAHAROTO ROAD,THE BOULEVARD,,Non-Injury Crash,No,2006,,North,,0,,Flat,,,,,,Bright sun,305202,0,0,0,2,,,0,,,,,,Auckland Region,Nil,2-way,Sealed,,0,0,,50,,Off,0,0,,76,Auckland,Traffic Signals,,,,,0,0,Urban,0,,,Null,Null