X,Y,OBJECTID,advisorySpeed,areaUnitID,bicycle,bridge,bus,carStationWagon,cliffBank,crashDirectionDescription,crashFinancialYear,crashLocation1,crashLocation2,crashRoadSideRoad,crashSeverity,crashSHDescription,crashYear,debris,directionRoleDescription,ditch,fatalCount,fence,flatHill,guardRail,holiday,houseOrBuilding,intersection,kerb,light,meshblockId,minorInjuryCount,moped,motorcycle,NumberOfLanes,objectThrownOrDropped,otherObject,otherVehicleType,overBank,parkedVehicle,pedestrian,phoneBoxEtc,postOrPole,region,roadCharacter,roadLane,roadSurface,roadworks,schoolBus,seriousInjuryCount,slipOrFlood,speedLimit,strayAnimal,streetLight,suv,taxi,temporarySpeedLimit,tlaId,tlaName,trafficControl,trafficIsland,trafficSign,train,tree,truck,unknownVehicleType,urban,vanOrUtility,vehicle,waterRiver,weatherA,weatherB
1748452,5913939,33455,,511302,0,,0,2,,Null,2005/2006,GREAT NORTH ROAD,LYNWOOD ROAD,,Non-Injury Crash,No,2006,,East,,0,,Flat,,,,,,Dark,269300,0,0,0,4,,,0,,,,,,Auckland Region,Nil,2-way,Sealed,,0,0,,50,,On,0,0,,76,Auckland,Give way,,,,,0,0,Urban,0,,,Fine,Null
1751871,5930866,33456,,508806,0,,0,1,,Null,2006/2007,SCHNAPPER ROCK ROAD,ALBANY HIGHWAY,,Non-Injury Crash,No,2006,,East,,0,,Flat,,,,,,Bright sun,180106,0,0,0,2,,,0,,,,,,Auckland Region,Nil,2-way,Sealed,,0,0,,50,,Off,0,0,,76,Auckland,Give way,,,,,0,0,Urban,1,,,Fine,Null
1748236,5914016,33457,,511700,0,0,0,2,0,Null,2006/2007,GREAT NORTH ROAD,WEST COAST ROAD,,Non-Injury Crash,No,2006,0,East,0,0,0,Hill Road,0,,0,,0,Overcast,270201,0,0,0,4,0,0,0,0,0,,0,0,Auckland Region,Nil,2-way,Sealed,0,0,0,0,50,0,Off,0,0,,76,Auckland,Traffic Signals,1,0,0,0,0,0,Urban,0,1,0,Light rain,Null
1765634,5920022,33458,,516700,0,,0,1,,North,2005/2006,ST HELIERS BAY ROAD,POLYGON ROAD,,Minor Crash,No,2006,,North,,0,,Flat,,,,,,Bright sun,509300,1,0,0,2,,,0,,,1,,,Auckland Region,Nil,2-way,Sealed,,0,0,,50,,Off,0,0,,76,Auckland,Nil,,,,,0,0,Urban,0,,,Fine,Null
1764411,5904890,33459,,522100,0,0,0,2,0,South,2005/2006,WYLLIE ROAD,PAH ROAD,,Non-Injury Crash,No,2006,0,South,0,0,0,Flat,0,Christmas New Year,0,,0,Dark,658500,0,0,0,2,0,0,0,0,1,,0,0,Auckland Region,Nil,2-way,Sealed,0,0,0,0,50,0,On,0,0,,76,Auckland,Nil,0,0,0,0,0,0,Urban,0,0,0,Fine,Null
1757491,5926983,33460,,508010,0,,0,2,,Null,2006/2007,ANZAC ST,BARRYS POINT ROAD,,Non-Injury Crash,No,2006,,South,,0,,Flat,,,,,,Dark,327500,0,0,0,3,,,0,,,,,,Auckland Region,Nil,2-way,Sealed,,0,0,,50,,On,1,0,,76,Auckland,Traffic Signals,,,,,0,0,Urban,0,,,Fine,Null
1774078,5897161,33461,,525610,0,,0,2,,Null,2006/2007,CLEVEDON ROAD,BUSING AVENUE,,Non-Injury Crash,No,2006,,East,,0,,Flat,,,,,,Bright sun,797400,0,0,0,2,,,0,,,,,,Auckland Region,Nil,2-way,Sealed,,0,0,,50,,Off,0,0,,76,Auckland,Give way,,,,,0,0,Urban,0,,,Fine,Null
1930485,5606405,33462,,547600,0,,0,2,,Null,2006/2007,TOMOANA ROAD,FREDERICK ST,,Minor Crash,No,2006,,North,,0,,Flat,,,,,,Bright sun,1483800,1,0,0,2,,,0,,,,,,Hawke's Bay Region,Nil,2-way,Sealed,,0,0,,50,,Null,0,0,,30,Hastings District,Traffic Signals,,,,,0,0,Urban,0,,,Fine,Null
1769766,5913713,33463,,522722,0,0,0,2,0,South,2005/2006,AVIEMORE DRIVE,ABERFELDY AVENUE,,Non-Injury Crash,No,2006,0,South,0,0,0,Flat,0,Queens Birthday,0,,0,Dark,681317,0,0,0,2,0,0,0,0,1,,0,0,Auckland Region,Nil,2-way,Sealed,0,0,0,0,50,0,On,0,0,,76,Auckland,Nil,0,0,0,0,0,0,Urban,0,0,0,Fine,Null
1753060,5915391,33464,,517903,0,,0,2,,East,2005/2006,OWAIRAKA AVENUE,RICHARDSON ROAD,,Non-Injury Crash,No,2006,,North,,0,,Flat,,,,,,Bright sun,518200,0,0,0,2,,,0,,,,,,Auckland Region,Nil,2-way,Sealed,,0,0,,50,,Off,0,0,,76,Auckland,Nil,,,,,0,0,Urban,0,,,Fine,Null
1901986,5564373,33465,,549602,0,,0,1,,South,2005/2006,RACECOURSE ROAD,GRANGER LANE,,Serious Crash,No,2006,,North,,0,,Flat,,,,,,Overcast,1524300,0,0,0,2,,,0,,,,,,Hawke's Bay Region,Nil,2-way,Sealed,,0,1,,100,,Null,1,0,,32,Central Hawke's Bay District,Nil,,,,,0,0,Open,0,,,Heavy rain,Null
1755513,5922183,33466,,515202,0,,0,4,,North,2005/2006,SH 1N,SHELLY OFF SBD,,Non-Injury Crash,Yes,2006,,South,,0,,Hill Road,,,,,,Bright sun,423600,0,0,0,1,,,0,,,,,,,Nil,1-way,Sealed,,0,0,,80,,Off,0,0,,76,Auckland,Nil,,,,,0,0,Open,0,,,Fine,Null
1757299,5918889,33467,,514301,0,,0,2,,Null,2006/2007,SH 1N,GRAFTON ON SBD,,Non-Injury Crash,Yes,2006,,South,,0,,Flat,,,,,,Bright sun,441600,0,0,0,3,,,0,,,,,,Auckland Region,Nil,1-way,Sealed,,0,0,,100,,Off,0,0,,76,Auckland,Nil,,,,,0,0,Open,0,,,Light rain,Null
1737638,5910183,33468,55,513800,0,0,0,1,0,West,2005/2006,PIHA ROAD,SCENIC DRIVE,,Non-Injury Crash,No,2006,0,West,1,0,0,Hill Road,0,,0,,0,Dark,281902,0,0,0,2,0,0,0,0,0,,0,0,Auckland Region,Nil,2-way,Sealed,0,0,0,0,100,0,None,0,0,,76,Auckland,Nil,0,1,0,0,0,0,Open,0,0,0,Fine,Null
1740368,5927628,33469,,505604,0,,0,2,,North,2006/2007,SH 16,TAUPAKI ROAD,,Minor Crash,Yes,2006,,North,,0,,Flat,,,,,,Bright sun,214501,1,0,0,2,,,0,,,,,,Auckland Region,Nil,2-way,Sealed,,0,0,,80,,Off,0,0,,76,Auckland,Nil,,,,,0,0,Open,0,,,Fine,Null
1753745,5928504,33470,,508210,0,,0,2,,Null,2005/2006,GLENFIELD ROAD,CHIVALRY ROAD,,Non-Injury Crash,No,2006,,North,,0,,Flat,,,,,,Dark,186301,0,0,0,,,,0,,,,,,Auckland Region,Nil,2-way,Sealed,,0,0,,50,,On,0,0,,76,Auckland,Traffic Signals,,,,,0,0,Urban,0,,,Fine,Null
1766870,5902306,33471,,524602,0,,0,2,,South,2006/2007,DALGETY DRIVE,BROWNS ROAD,,Non-Injury Crash,No,2006,,North,,0,,Flat,,,,,,Twilight,780407,0,0,0,4,,,0,,,,,,Auckland Region,Nil,2-way,Sealed,,0,0,,50,,Off,0,0,,76,Auckland,Nil,,,,,0,0,Urban,0,,,Fine,Null
1719454,6046194,33472,,503100,0,,0,2,,South,2006/2007,BANK ST,GREY ST,,Non-Injury Crash,No,2006,,North,,0,,Flat,,,,,,Twilight,99100,0,0,0,2,,,0,,,,,,Northland Region,Nil,2-way,Sealed,,0,0,,50,,On,0,0,,2,Whangarei District,Nil,,,,,0,0,Urban,0,,,Fine,Null
1879075,5819589,33473,,537900,0,,0,2,,South,2005/2006,SH 29,PARALLEL ACCESS,,Non-Injury Crash,Yes,2006,,South,,0,,Hill Road,,Queens Birthday,,,,Dark,1178202,0,0,0,2,,,0,,,,,,Bay of Plenty Region,Nil,2-way,Sealed,,0,0,,50,,None,0,0,,23,Tauranga City,Unknown,,,,,0,0,Urban,0,,,Light rain,Null
1822285,5528437,33474,,563000,0,,0,0,,Null,2005/2006,FITZHERBERT AVENUE,PARK ROAD,,Minor Crash,No,2006,,North,,0,,Flat,,,,,,Bright sun,1809400,1,1,0,4,,,0,,,,,,Manawatū-Whanganui Region,Nil,2-way,Sealed,,0,0,,50,,Null,1,0,,40,Palmerston North City,Traffic Signals,,,,,0,0,Urban,0,,,Fine,Null
1878620,5821894,33475,,538102,0,,0,2,,South,2005/2006,SH 2A,FRASER ST,,Non-Injury Crash,Yes,2006,,North,,0,,Hill Road,,,,,,Twilight,1169000,0,0,0,2,,,0,,,,,,Bay of Plenty Region,Nil,2-way,Sealed,,0,0,,50,,Off,0,0,,23,Tauranga City,Unknown,,,,,0,0,Urban,1,,,Fine,Null
1771125,5906162,33476,,523713,0,0,0,1,0,Null,2005/2006,MURPHYS ROAD,FLAT BUSH SCHOOL ROAD,,Serious Crash,No,2006,0,East,1,0,0,Flat,0,,0,,0,Overcast,713400,0,0,0,2,0,0,0,0,0,,0,1,Auckland Region,Nil,2-way,Sealed,0,0,1,0,70,0,Null,0,0,,76,Auckland,Stop,0,0,0,0,1,0,Urban,0,0,0,Fine,Null
1925252,5598508,33477,,545851,0,,0,1,,South,2005/2006,SH 2,OLD MAIN ROAD,,Serious Crash,Yes,2006,,North,,0,,Flat,,,,,,Overcast,1463900,0,0,0,2,,,0,,,,,,Hawke's Bay Region,Nil,2-way,Sealed,,0,1,,100,,Null,0,0,,30,Hastings District,Nil,,,,,0,0,Open,1,,,Heavy rain,Null
1752459,5931370,33478,,508807,0,,0,1,,East,2006/2007,PAUL MATTHEWS ROAD,BUSH ROAD,,Non-Injury Crash,No,2006,,East,,0,,Hill Road,,,,,,Bright sun,180809,0,0,0,2,,,0,,,,,,Auckland Region,Nil,2-way,Sealed,,0,0,,50,,Off,1,0,,76,Auckland,Nil,,,,,0,0,Urban,0,,,Fine,Null
1759202,5903427,33479,,524200,0,,0,1,,West,2005/2006,TOM PEARCE DRIVE,GEORGE BOLT MEMORIAL DRIV,,Non-Injury Crash,No,2006,,West,,0,,Flat,,,,,,Bright sun,727200,0,0,0,4,,,0,,,,,,Auckland Region,Nil,2-way,Sealed,,0,0,,100,,Off,0,0,,76,Auckland,Nil,,,,,0,0,Open,0,,,Fine,Null
1757389,5920420,33480,,514102,0,,0,2,,Null,2006/2007,QUEEN ST,VICTORIA ST EAST,,Non-Injury Crash,No,2006,,East,,0,,Hill Road,,,,,,Dark,433600,0,0,0,6,,,0,,,,,,Auckland Region,Nil,2-way,Sealed,,0,0,,50,,On,0,0,,76,Auckland,Traffic Signals,,,,,0,0,Urban,0,,,Fine,Null
1791470,5826996,33481,,528200,0,,0,2,,Null,2006/2007,GREAT SOUTH ROAD,SAULBREY ROAD,,Minor Crash,No,2006,,South,,0,,Flat,,,,,,Bright sun,976400,2,0,0,2,,,0,,,,,,Waikato Region,Nil,2-way,Sealed,,0,0,,100,,Off,0,0,,13,Waikato District,Nil,,,,,0,0,Open,0,,,Fine,Null
1756949,5918796,33482,,515600,0,,0,2,,West,2006/2007,NEWTON ROAD,SYMONDS ST,,Non-Injury Crash,No,2006,,East,,0,,Hill Road,,,,,,Dark,420600,0,0,0,3,,,0,,,,,,Auckland Region,Nil,2-way,Sealed,,0,0,,50,,On,0,0,,76,Auckland,Nil,,,,,0,0,Urban,0,,,Fine,Null
1744559,5919159,33483,,513302,0,,0,0,,North,2005/2006,RATHGAR ROAD,LARNOCH ROAD,,Minor Crash,No,2006,,North,,0,,Flat,,,,,,Dark,232600,2,0,0,2,,,0,,,,,,Auckland Region,Nil,2-way,Sealed,,0,0,,50,,On,1,0,,76,Auckland,Nil,,,,,1,0,Urban,0,,,Fine,Null
1767990,5906838,33484,,523711,0,,0,0,,Null,2006/2007,DAWSON ROAD,RONGOMAI ROAD,,Minor Crash,No,2006,,South,,0,,Flat,,,,,,Overcast,714100,1,0,0,2,,,0,,,1,,,Auckland Region,Nil,2-way,Sealed,,0,0,,50,,Off,0,0,,76,Auckland,Nil,,,,,0,0,Urban,1,,,Fine,Null
1760389,5923081,33485,,509400,0,,0,3,,West,2006/2007,LAKE ROAD,ALBERT ROAD,,Non-Injury Crash,No,2006,,South,,0,,Flat,,,,,,Bright sun,332200,0,0,0,2,,,0,,,,,,Auckland Region,Nil,2-way,Sealed,,0,0,,50,,Off,0,0,,76,Auckland,Nil,,,,,0,0,Urban,0,,,Fine,Null
1843855,5672350,33486,,541501,0,0,0,0,0,North,2005/2006,SH 1N,SH 46,,Non-Injury Crash,Yes,2006,0,North,0,0,1,Hill Road,0,Easter,0,,0,Dark,1288804,0,0,0,2,0,0,0,0,0,,0,0,Waikato Region,Nil,2-way,Sealed,0,0,0,0,100,0,None,1,0,,21,Taupo District,Unknown,0,0,0,0,0,0,Open,0,0,0,Light rain,Null
1747893,5942470,33487,,506300,0,0,0,1,0,South,2005/2006,POSTMAN ROAD,WILKS ROAD,,Non-Injury Crash,No,2006,0,North,1,0,1,Flat,0,,0,,0,Dark,175903,0,0,0,2,0,0,0,0,0,,0,0,Auckland Region,Nil,2-way,Sealed,0,0,0,0,80,0,None,0,0,,76,Auckland,Nil,0,0,0,0,0,0,Open,0,0,0,Fine,Null
1798672,5738332,33488,65,531800,0,0,0,0,0,South,2006/2007,SH 30,KOPAKI ROAD,,Serious Crash,Yes,2006,0,North,0,0,0,Hill Road,0,,0,,0,Overcast,1014200,1,0,0,2,0,0,0,1,0,,0,0,Waikato Region,Nil,2-way,Sealed,0,0,1,0,100,0,Null,1,0,,20,Waitomo District,Unknown,0,0,0,0,0,0,Open,0,0,1,Light rain,Null
1769278,5881383,33489,,525910,0,,0,2,,North,2006/2007,FRANKLIN ROAD,STADIUM DRIVE,,Non-Injury Crash,No,2006,,North,,0,,Hill Road,,,,,,Overcast,817300,0,0,0,2,,,0,,,,,,Auckland Region,Nil,2-way,Sealed,,0,0,,50,,None,0,0,,76,Auckland,Nil,,,,,0,0,Urban,0,,,Fine,Null
1727748,6010535,33490,80,501815,0,0,0,1,1,South,2005/2006,SH 1N,WAIPU GORGE ROAD,,Minor Crash,Yes,2006,0,South,0,0,0,Hill Road,0,,0,,0,Overcast,81300,1,0,0,3,0,0,0,0,0,,0,0,Northland Region,Nil,2-way,Sealed,0,0,0,0,100,0,Off,0,0,,2,Whangarei District,Nil,0,0,0,0,0,0,Open,0,0,0,Heavy rain,Null
1753159,5927834,33491,,508210,0,0,0,2,0,Null,2006/2007,WAVERLEY AVENUE,SEGEDIN PLACE,,Minor Crash,No,2006,0,North,0,0,0,Flat,0,Christmas New Year,0,,1,Dark,186700,1,0,0,2,0,0,0,0,0,,0,1,Auckland Region,Nil,2-way,Sealed,0,0,0,0,50,0,On,0,0,,76,Auckland,Nil,0,0,0,0,0,0,Urban,0,0,0,Fine,Null
1750943,5431562,33492,,574302,0,0,0,2,0,North,2006/2007,ONSLOW ROAD,HUTT ROAD,,Non-Injury Crash,No,2006,0,North,0,0,0,Hill Road,0,,0,,0,Dark,2090601,0,0,0,2,0,0,0,0,1,,0,0,Wellington Region,Nil,2-way,Sealed,0,0,0,0,50,0,On,0,0,,47,Wellington City,Nil,0,0,0,0,0,0,Urban,0,0,0,Light rain,Null
1770543,5912714,33493,,523101,0,0,0,2,0,Null,2005/2006,CASCADES ROAD,BOTANY ROAD,,Non-Injury Crash,No,2006,0,North,0,0,0,Flat,0,,0,,1,Dark,710517,0,0,0,1,0,0,0,0,0,,0,0,Auckland Region,Nil,2-way,Sealed,0,0,0,0,60,0,On,0,0,,76,Auckland,Nil,0,0,0,0,0,0,Urban,0,0,0,Mist or Fog,Null
1767492,5812299,33494,,526602,0,0,0,1,1,South,2006/2007,SH 23,GREENSLADE ROAD,,Non-Injury Crash,Yes,2006,0,North,0,0,0,Flat,0,,0,,0,Overcast,860500,0,0,0,2,0,0,0,0,0,,0,0,Waikato Region,Nil,2-way,Sealed,0,0,0,0,100,0,Null,0,0,,13,Waikato District,Unknown,0,0,0,0,0,0,Open,0,0,0,Fine,Null
1756635,5927572,33495,,507900,0,,0,2,,Null,2005/2006,TAHAROTO ROAD,SHEA TERRACE,,Non-Injury Crash,No,2006,,North,,0,,Flat,,,,,,Dark,304400,0,0,0,4,,,0,,,,,,Auckland Region,Nil,2-way,Sealed,,0,0,,50,,On,0,0,,76,Auckland,Nil,,,,,0,0,Urban,0,,,Heavy rain,Null
1768742,5870617,33496,,526701,0,0,0,0,0,East,2005/2006,TUAKAU BRIDGE-PORT WAIKAT,FROST ROAD,,Non-Injury Crash,No,2006,0,West,0,0,0,Hill Road,0,,0,,0,Dark,845500,0,0,0,2,0,0,0,0,0,,0,0,Waikato Region,Nil,2-way,Sealed,0,0,0,0,100,0,None,0,0,,13,Waikato District,Nil,0,0,0,0,0,0,Open,1,0,0,Light rain,Null
1745039,5914087,33497,,512905,0,,0,1,,Null,2005/2006,WEST COAST ROAD,PARRS CROSS ROAD,,Non-Injury Crash,No,2006,,East,,0,,Flat,,,,,,Overcast,278904,0,0,0,4,,,0,,,1,,,Auckland Region,Nil,2-way,Sealed,,0,0,,50,,Off,0,0,,76,Auckland,Give way,,,,,0,0,Urban,0,,,Fine,Null
1976467,5785162,33498,,542800,0,0,0,2,0,Null,2006/2007,ST JOHN ST,KELLY ST,,Non-Injury Crash,No,2006,0,East,0,0,0,Flat,0,,0,,0,Bright sun,1339200,0,0,0,2,0,0,0,0,1,,0,0,Bay of Plenty Region,Nil,2-way,Sealed,0,0,0,0,50,0,Null,0,0,,27,Ōpōtiki District,Give way,0,0,0,0,0,0,Urban,0,0,0,Fine,Null
1718539,6044627,33499,,502900,0,,0,1,,Null,2005/2006,SH 1N,MATIPO PLACE,,Non-Injury Crash,Yes,2006,,South,,0,,Flat,,,,,,Dark,103500,0,0,0,2,,,0,,,,,,Northland Region,Nil,2-way,Sealed,,0,0,,50,,On,0,0,,2,Whangarei District,Nil,,,,,0,0,Urban,1,,,Fine,Null
1879136,5824215,33500,,538201,0,,0,1,,North,2005/2006,CAMERON ROAD,ELIZABETH ST,,Minor Crash,No,2006,,South,,0,,Flat,,,,,,Bright sun,1164700,1,0,0,4,,,0,,,1,,,Bay of Plenty Region,Nil,2-way,Sealed,,0,0,,50,,Null,0,0,,23,Tauranga City,Traffic Signals,,,,,0,0,Urban,0,,,Fine,Null
1798843,5815838,33501,,528900,0,,0,0,,Null,2005/2006,NORTON ROAD,MAEROA ROAD,,Non-Injury Crash,No,2006,,East,,0,,Flat,,,,,,Twilight,912800,0,0,0,2,,,0,,,,,,Waikato Region,Nil,2-way,Sealed,,0,0,,50,,On,1,0,,16,Hamilton City,Nil,,,,,0,0,Urban,1,,,Fine,Null
1838506,5920278,33502,,533000,0,,0,0,,Null,2006/2007,SH 25,MOEWAI ROAD,,Non-Injury Crash,Yes,2006,,West,,0,,Flat,,,,,,Bright sun,1046005,0,0,0,2,,,0,,,,,,Waikato Region,Nil,2-way,Sealed,,0,0,,80,,Null,0,0,,11,Thames-Coromandel District,Give way,,,,,0,0,Open,2,,,Fine,Null
1753711,5928015,33503,,508310,0,,0,2,,South,2005/2006,Z CPK GLENFIELD SC NTH,BENTLEY AVENUE,,Non-Injury Crash,No,2006,,South,,0,,Flat,,,,,,Bright sun,200000,0,0,0,0,,,0,,,,,,Auckland Region,Nil,Off road,Sealed,,0,0,,30,,Off,0,0,,76,Auckland,Nil,,,,,0,0,Urban,0,,,Fine,Null
1800633,5812698,33504,,529200,0,,0,2,,West,2006/2007,MAHOE ST,SH 3,,Non-Injury Crash,No,2006,,West,,0,,Hill Road,,,,,,Bright sun,928900,0,0,0,2,,,0,,,,,,Waikato Region,Nil,2-way,Sealed,,0,0,,50,,Null,0,0,,16,Hamilton City,Unknown,,,,,0,0,Urban,0,,,Fine,Null
1720801,6045400,33505,,503700,0,,0,2,,East,2005/2006,MEMORIAL DRIVE,RIVERSIDE DRIVE,,Non-Injury Crash,No,2006,,East,,0,,Flat,,,,,,Bright sun,102201,0,0,0,2,,,0,,,,,,Northland Region,Nil,2-way,Sealed,,0,0,,50,,None,0,0,,2,Whangarei District,Give way,,,,,0,0,Urban,0,,,Fine,Null
1766454,5899519,33506,,524812,0,0,0,1,0,Null,2006/2007,DAMIAN WAY,MAHIA ROAD,,Minor Crash,No,2006,0,North,0,0,1,Flat,0,Christmas New Year,0,,0,Dark,774201,1,0,0,2,0,1,0,0,0,,0,0,Auckland Region,Nil,2-way,Sealed,0,0,0,0,50,0,On,0,0,,76,Auckland,Give way,0,0,0,0,0,0,Urban,0,0,0,Light rain,Null
1704211,5664973,33507,,552800,0,0,0,0,0,South,2006/2007,CUTFIELD ST,KELLY ST EAST,,Minor Crash,No,2006,0,South,0,0,0,Flat,0,,0,,0,Bright sun,1605100,1,0,0,2,0,0,0,0,0,,0,1,Taranaki Region,Nil,2-way,Sealed,0,0,0,0,50,0,Null,1,0,,33,New Plymouth District,Nil,0,0,0,0,0,0,Urban,0,0,0,Fine,Null
1756385,5919026,33508,,514200,0,,0,2,,East,2005/2006,SH 16,NEWTON OBR,,Non-Injury Crash,Yes,2006,,East,,0,,Hill Road,,Queens Birthday,,,,Overcast,411800,0,0,0,3,,,0,,,,,,Auckland Region,Nil,1-way,Sealed,,0,0,,80,,Off,0,0,,76,Auckland,Nil,,,,,0,0,Open,0,,,Light rain,Null
1624200,6114012,33509,,500301,0,,0,2,,North,2005/2006,COMMERCE ST,REDAN ROAD,,Non-Injury Crash,No,2006,,South,,0,,Flat,,,,,,Bright sun,14600,0,0,0,2,,,0,,,,,,Northland Region,Nil,2-way,Sealed,,0,0,,50,,Off,0,0,,1,Far North District,Nil,,,,,0,0,Urban,0,,,Fine,Null
1795594,5821906,33510,,528403,0,0,0,1,0,North,2006/2007,TE RAPA ROAD,RUFFELL ROAD,,Minor Crash,No,2006,0,North,1,0,1,Flat,0,,0,,0,Dark,977301,1,0,0,2,0,0,0,0,0,,0,0,Waikato Region,Nil,2-way,Sealed,0,0,0,0,100,0,None,0,0,,16,Hamilton City,Unknown,0,0,0,0,0,0,Open,0,0,0,Fine,Null
1748244,5430691,33511,,574600,0,0,0,1,0,East,2006/2007,WADESTOWN ROAD,LYTTON ST,,Minor Crash,No,2006,0,North,0,0,0,Hill Road,0,,0,,0,Bright sun,2100900,1,0,0,2,0,0,0,0,0,,0,0,Wellington Region,Nil,2-way,Sealed,0,0,0,0,50,0,Null,0,0,,47,Wellington City,Nil,0,1,0,0,0,0,Urban,0,0,0,Fine,Null
1883176,5774915,33512,,539400,0,,0,2,,West,2005/2006,VIEW ROAD,SH 5,,Non-Injury Crash,No,2006,,North,,0,,Flat,,,,,,Overcast,1224800,0,0,0,2,,,0,,,,,,Bay of Plenty Region,Nil,2-way,Sealed,,0,0,,50,,Null,0,0,,24,Rotorua District,Unknown,,,,,0,0,Urban,0,,,Fine,Null
1940875,5787370,33513,,542530,0,,0,1,,South,2005/2006,SH 30,SH 2 AWAKERI,,Minor Crash,Yes,2006,,South,,0,,Flat,,,,,,Dark,1300901,1,0,0,2,,,0,,,,,,Bay of Plenty Region,Nil,2-way,Unsealed,,0,0,,100,,None,0,0,30,25,Whakatane District,Unknown,,,,,0,0,Open,0,,,Fine,Null
1766940,5917580,33514,,517002,0,0,0,2,0,East,2006/2007,LEYBOURNE CIRCLE,MANSFIELD ST,,Non-Injury Crash,No,2006,0,East,0,0,1,Flat,0,,0,,0,Dark,472600,0,0,0,2,0,0,0,0,0,,0,0,Auckland Region,Nil,2-way,Sealed,0,0,0,0,50,0,On,0,0,,76,Auckland,Nil,0,0,0,0,0,0,Urban,0,0,0,Fine,Null
1823094,5532045,33515,,562500,0,,0,1,,East,2006/2007,TREMAINE AVENUE,THAMES ST,,Minor Crash,No,2006,,East,,0,,Flat,,,,,,Overcast,1840900,1,0,0,2,,,0,,,,,,Manawatū-Whanganui Region,Nil,2-way,Sealed,,0,0,,50,,Null,2,0,,40,Palmerston North City,Nil,,,,,1,0,Urban,0,,,Fine,Null
1743964,5915424,33516,,513013,0,,0,2,,North,2005/2006,HENDERSON VALLEY ROAD,MISTY VALLEY DRIVE,,Minor Crash,No,2006,,South,,0,,Flat,,Christmas New Year,,,,Overcast,281402,2,0,0,2,,,0,,,,,,Auckland Region,Nil,2-way,Sealed,,0,0,,50,,Off,0,0,,76,Auckland,Nil,,,,,0,0,Urban,0,,,Fine,Null
1768657,5905323,33517,,523722,0,,0,2,,Null,2005/2006,TE IRIRANGI DRIVE,BOUNDARY ROAD,,Non-Injury Crash,No,2006,,East,,0,,Flat,,,,,,Bright sun,715910,0,0,0,4,,,0,,,,,,Auckland Region,Nil,2-way,Sealed,,0,0,,50,,None,0,0,,76,Auckland,Traffic Signals,,,,,0,0,Urban,0,,,Fine,Null
1748754,5914492,33518,,511302,0,0,0,1,0,West,2006/2007,RIMU ST,LYNWOOD ROAD,,Minor Crash,No,2006,0,West,0,0,0,Flat,0,,0,,0,Overcast,268000,1,0,0,2,0,0,0,0,0,,0,0,Auckland Region,Nil,2-way,Sealed,0,0,0,0,50,0,None,0,0,,76,Auckland,Nil,1,0,0,1,0,0,Urban,0,0,0,Fine,Null
1750596,5946591,33519,,505806,0,0,0,1,0,South,2005/2006,HIBISCUS COAST HIGHWAY,WHANGAPARAOA ROAD,,Minor Crash,No,2006,0,North,0,0,0,Hill Road,0,,0,,0,Bright sun,176504,1,0,0,2,0,0,0,0,0,,0,1,Auckland Region,Nil,1-way,Sealed,0,0,0,0,80,0,Off,0,0,,76,Auckland,Nil,0,0,0,0,0,0,Open,0,0,0,Fine,Null
1767805,5904068,33520,,524602,0,0,0,2,0,South,2006/2007,GREAT SOUTH ROAD,LAKEWOOD COURT,,Non-Injury Crash,No,2006,0,South,0,0,0,Flat,0,,0,,0,Twilight,780501,0,0,0,4,0,0,0,0,0,,0,0,Auckland Region,Nil,2-way,Sealed,0,0,0,0,60,0,On,0,0,,76,Auckland,Traffic Signals,0,1,0,0,0,0,Urban,0,0,0,Light rain,Null
1757254,5925944,33521,,509702,0,,0,0,,West,2006/2007,ESMONDE ON SBD,BARRYS POINT ROAD,,Minor Crash,Yes,2006,,West,,0,,Flat,,,,,,Twilight,364602,1,0,1,1,,,0,,,,,,Auckland Region,Motorway ramp,1-way,Sealed,,0,0,,50,,On,0,0,,76,Auckland,Nil,,,,,0,0,Urban,0,,,Fine,Null
1406700,4917773,33522,,603602,0,,0,2,,Null,2006/2007,SH 1S,ALBANY ST,,Minor Crash,Yes,2006,,North,,0,,Flat,,,,,,Dark,2867100,1,0,0,2,,,0,,,,,,Otago Region,Nil,1-way,Sealed,,0,0,,50,,On,0,0,,71,Dunedin City,Traffic Signals,,,,,0,0,Urban,0,,,Fine,Null
1801170,5818658,33523,,529501,0,,0,1,,South,2006/2007,HUKANUI ROAD,TONGARIRO ST,,Non-Injury Crash,No,2006,,South,,0,,Flat,,,,,,Bright sun,875300,0,0,0,2,,,0,,,,,,Waikato Region,Nil,2-way,Sealed,,0,0,,50,,Off,1,0,,16,Hamilton City,Nil,,,,,0,0,Urban,0,,,Fine,Null
1930406,5605176,33524,,548200,1,,0,1,,North,2006/2007,KARAMU ROAD NORTH,VICTORIA ST,,Minor Crash,No,2006,,North,,0,,Flat,,,,,,Bright sun,1494100,1,0,0,2,,,0,,,,,,Hawke's Bay Region,Nil,2-way,Sealed,,0,0,,50,,Null,0,0,,30,Hastings District,Nil,,,,,0,0,Urban,0,,,Fine,Null
1766947,5901509,33525,,524712,0,,0,2,,Null,2006/2007,RUSSELL ROAD,ARBOR CLOSE,,Non-Injury Crash,No,2006,,North,,0,,Flat,,,,,,Bright sun,779300,0,0,0,2,,,0,,,,,,Auckland Region,Nil,2-way,Sealed,,0,0,,50,,Null,0,0,,76,Auckland,Give way,,,,,0,0,Urban,0,,,Fine,Null