X,Y,OBJECTID,advisorySpeed,areaUnitID,bicycle,bridge,bus,carStationWagon,cliffBank,crashDirectionDescription,crashFinancialYear,crashLocation1,crashLocation2,crashRoadSideRoad,crashSeverity,crashSHDescription,crashYear,debris,directionRoleDescription,ditch,fatalCount,fence,flatHill,guardRail,holiday,houseOrBuilding,intersection,kerb,light,meshblockId,minorInjuryCount,moped,motorcycle,NumberOfLanes,objectThrownOrDropped,otherObject,otherVehicleType,overBank,parkedVehicle,pedestrian,phoneBoxEtc,postOrPole,region,roadCharacter,roadLane,roadSurface,roadworks,schoolBus,seriousInjuryCount,slipOrFlood,speedLimit,strayAnimal,streetLight,suv,taxi,temporarySpeedLimit,tlaId,tlaName,trafficControl,trafficIsland,trafficSign,train,tree,truck,unknownVehicleType,urban,vanOrUtility,vehicle,waterRiver,weatherA,weatherB
1882164,5775815,33526,,539100,0,0,0,1,0,South,2006/2007,GORDON ROAD,OLD QUARRY ROAD,,Non-Injury Crash,No,2006,0,West,0,0,0,Hill Road,0,,0,,0,Dark,1218900,0,0,0,2,0,0,0,0,0,,0,1,Bay of Plenty Region,Nil,2-way,Sealed,0,0,0,0,50,0,None,0,0,,24,Rotorua District,Nil,0,0,0,0,0,0,Urban,0,0,0,Fine,Null
1821121,5523837,33527,,561820,0,,0,1,,South,2005/2006,TENNENT DRIVE,SH 57,,Minor Crash,No,2006,,North,,0,,Flat,,,,,,Overcast,1798512,1,0,0,2,,,0,,,,,,Manawatū-Whanganui Region,Nil,2-way,Sealed,,0,0,,100,,Null,0,0,70,40,Palmerston North City,Nil,,,,,1,0,Open,0,,,Fine,Null
1601975,5443303,33528,,581833,0,0,0,0,0,North,2006/2007,SH 60,EDEN ROAD N,,Minor Crash,Yes,2006,0,North,0,0,0,Flat,0,,0,,0,Dark,2373100,1,0,0,2,0,0,0,1,0,,0,0,Tasman Region,Nil,2-way,Sealed,0,0,0,0,100,0,None,0,0,,51,Tasman District,Nil,0,0,0,0,0,0,Open,1,0,0,Fine,Null
1708284,5682356,33529,,550700,0,,0,1,,Null,2005/2006,SH 3,PRINCESS ST,,Non-Injury Crash,Yes,2006,,West,,0,,Flat,,,,,,Bright sun,1550800,0,0,0,2,,,0,,,,,,Taranaki Region,Nil,2-way,Sealed,,0,0,,100,,Null,0,0,,33,New Plymouth District,Stop,,,,,0,0,Open,1,,,Fine,Null
1585950,5244770,33530,,585700,0,1,0,1,0,East,2005/2006,SCARGILL VALLEY ROAD,MEGOWANS ROAD,,Serious Crash,No,2006,0,East,0,0,0,Flat,0,,0,,0,Overcast,2437900,0,0,0,2,0,0,0,0,0,,0,0,Canterbury Region,Nil,2-way,Sealed,0,0,1,0,100,0,Null,0,0,,58,Hurunui District,Unknown,0,0,0,0,0,0,Open,0,0,0,Snow,Null
1719329,6047295,33531,,502600,0,0,0,0,0,North,2005/2006,LUPTON AVENUE,WRACK ST,,Non-Injury Crash,No,2006,0,North,1,0,0,Flat,0,,0,,0,Dark,95403,0,0,0,2,0,0,0,0,0,,0,0,Northland Region,Nil,2-way,Sealed,0,0,0,0,50,0,On,0,0,,2,Whangarei District,Nil,0,0,0,0,0,0,Urban,1,0,0,Fine,Strong wind
1771088,5911754,33532,,523110,0,,0,2,,Null,2005/2006,CHAPEL ROAD,KILKENNY DRIVE N,,Non-Injury Crash,No,2006,,South,,0,,Flat,,,,,,Overcast,3205003,0,0,0,2,,,0,,,,,,Auckland Region,Nil,2-way,Sealed,,0,0,,70,,Off,0,0,,76,Auckland,Stop,,,,,0,0,Urban,0,,,Heavy rain,Null
1853191,5875591,33533,35,533603,0,0,0,1,0,South,2006/2007,SH 25,WIDDISON PLACE,,Minor Crash,Yes,2006,0,North,1,0,0,Hill Road,0,,0,,0,Dark,1060422,2,0,0,2,0,0,0,0,0,,0,0,Waikato Region,Nil,2-way,Sealed,0,0,0,0,100,0,None,0,0,,11,Thames-Coromandel District,Nil,0,0,0,0,0,0,Open,0,0,0,Fine,Null
1751442,5435046,33534,,573700,0,,0,2,,South,2005/2006,MOOREFIELD ROAD,JOHNSONVILLE ROAD,,Minor Crash,No,2006,,South,,0,,Flat,,,,,,Twilight,2082800,1,0,0,2,,,0,,,,,,Wellington Region,Nil,2-way,Sealed,,0,0,,50,,On,0,0,,47,Wellington City,Nil,,,,,0,0,Urban,0,,,Fine,Null
1766636,5442668,33535,,569600,0,0,0,1,0,West,2005/2006,SH 2,WESTERN HUTT ON SBD,,Non-Injury Crash,Yes,2006,0,West,0,0,0,Flat,1,,0,,0,Dark,1916700,0,0,0,2,0,0,0,0,0,,0,0,Wellington Region,Nil,1-way,Sealed,0,0,0,0,100,0,None,0,0,,46,Lower Hutt City,Nil,0,0,0,0,0,0,Open,0,0,0,Light rain,Null
1710681,5644893,33536,,553101,0,0,0,1,0,South,2006/2007,SH 3,REGAN ST,,Minor Crash,Yes,2006,0,North,0,0,0,Flat,0,,0,,0,Dark,1613000,1,0,0,2,0,0,0,0,0,,1,0,Taranaki Region,Nil,2-way,Sealed,0,0,0,0,50,0,On,0,0,,34,Stratford District,Nil,0,1,0,0,0,0,Urban,0,0,0,Fine,Null
1754057,5929786,33537,,508420,0,,0,2,,East,2005/2006,WANITA PLACE,GIRRAHWEEN DRIVE,,Non-Injury Crash,No,2006,,North,,0,,Hill Road,,,,,,Dark,182706,0,0,0,2,,,0,,,,,,Auckland Region,Nil,2-way,Sealed,,0,0,,50,,On,0,0,,76,Auckland,Nil,,,,,0,0,Urban,0,,,Fine,Null
1719081,6048175,33538,,502300,0,,0,1,,Null,2006/2007,KAMO ROAD,PARK AVENUE,,Non-Injury Crash,No,2006,,North,,0,,Flat,,,,,,Bright sun,90500,0,0,0,2,,,0,,,,,,Northland Region,Nil,2-way,Sealed,,0,0,,50,,Null,1,0,,2,Whangarei District,Stop,,,,,0,0,Urban,0,,,Fine,Null
1883560,5774074,33539,,540410,0,,0,0,,North,2006/2007,SH 5,SH 30A,,Minor Crash,Yes,2006,,South,,0,,Flat,,,,,,Overcast,1232101,2,0,1,4,,,0,,,1,,,Bay of Plenty Region,Bridge,2-way,Sealed,,0,0,,50,,Null,0,0,,24,Rotorua District,Traffic Signals,,,,,0,0,Urban,0,,,Fine,Null
1800974,5815422,33540,,529700,0,,0,2,,South,2005/2006,VICTORIA ST,ALMA ST,,Minor Crash,No,2006,,North,,0,,Flat,,,,,,Bright sun,911401,1,0,0,2,,,0,,,,,,Waikato Region,Nil,2-way,Sealed,,0,0,,50,,Null,0,1,,16,Hamilton City,Unknown,,,,,0,0,Urban,0,,,Fine,Null
1745208,5918928,33541,,513302,1,,0,1,,South,2005/2006,LINCOLN ROAD,MOSELLE AVENUE,,Non-Injury Crash,No,2006,,South,,0,,Flat,,,,,,Overcast,230701,0,0,0,4,,,0,,,,,,Auckland Region,Nil,2-way,Sealed,,0,0,,50,,On,0,0,,76,Auckland,Nil,,,,,0,0,Urban,0,,,Fine,Null
1760520,5916211,33542,,516003,0,,0,2,,Null,2006/2007,GREEN LANE EAST E,ASCOT AVENUE,,Non-Injury Crash,No,2006,,East,,0,,Flat,,,,,,Bright sun,494902,0,0,0,3,,,0,,,,,,Auckland Region,Nil,2-way,Sealed,,0,0,,50,,Off,0,0,,76,Auckland,Traffic Signals,,,,,0,0,Urban,0,,,Fine,Null
1736490,5983508,33543,,505300,0,,0,2,,North,2005/2006,SH 1N,SCHOOL ROAD,,Minor Crash,Yes,2006,,South,,0,,Hill Road,,Easter,,,,Bright sun,142300,2,0,0,2,,,0,,,,,,Auckland Region,Nil,2-way,Sealed,,0,0,,70,,Off,0,0,,76,Auckland,Nil,,,,,0,0,Urban,0,,,Fine,Null
1673140,6081625,33544,,501700,0,0,0,1,0,Null,2006/2007,PURDY ST,KOWHAI AVENUE,,Non-Injury Crash,No,2006,0,South,0,0,1,Flat,0,,0,,0,Dark,42900,0,0,0,2,0,0,0,0,0,,0,0,Northland Region,Nil,2-way,Sealed,0,0,0,0,50,0,On,0,0,,1,Far North District,Nil,0,0,0,0,0,0,Urban,0,0,0,Fine,Null
1754009,5917211,33545,30,517600,0,,0,2,,Null,2005/2006,ST LUKES ROAD,NEW NORTH ROAD,,Non-Injury Crash,No,2006,,East,,0,,Flat,,,,,,Overcast,534400,0,0,0,2,,,0,,,,,,Auckland Region,Nil,2-way,Sealed,,0,0,,50,,Off,0,0,,76,Auckland,Traffic Signals,,,,,0,0,Urban,0,,,Light rain,Null
1749586,5914243,33546,,511301,0,,0,1,,North,2005/2006,RATA ST,RIMU ST,,Minor Crash,No,2006,,North,,0,,Flat,,,,,,Bright sun,266800,2,0,0,4,,,0,,,,,,Auckland Region,Nil,2-way,Sealed,,0,0,,50,,Off,0,0,,76,Auckland,Nil,,,,,0,0,Urban,1,,,Fine,Null
1757390,5928942,33547,,507800,0,,0,2,,Null,2005/2006,KITCHENER ROAD,SHAKESPEARE ROAD,,Non-Injury Crash,No,2006,,West,,0,,Flat,,,,,,Dark,307300,0,0,0,2,,,0,,,,,,Auckland Region,Nil,2-way,Sealed,,0,0,,50,,On,0,0,,76,Auckland,Traffic Signals,,,,,0,0,Urban,0,,,Fine,Null
1754816,5933532,33548,,508804,0,0,0,1,0,Null,2005/2006,BROWNS BAY ROAD,EAST COAST ROAD,,Minor Crash,No,2006,0,North,0,0,0,Hill Road,0,,0,,0,Overcast,156502,1,0,0,2,0,0,0,0,0,,0,0,Auckland Region,Nil,2-way,Sealed,0,0,0,0,50,0,Off,0,0,,76,Auckland,Traffic Signals,0,0,0,1,0,0,Urban,0,0,0,Heavy rain,Strong wind
1624413,5430518,33549,,582900,1,,0,1,,Null,2005/2006,TASMAN ST,NILE ST,,Minor Crash,No,2006,,West,,0,,Flat,,,,,,Bright sun,2323300,1,0,0,2,,,0,,,,,,Nelson Region,Nil,2-way,Sealed,,0,0,,50,,Null,0,0,,52,Nelson City,Give way,,,,,0,0,Urban,0,,,Fine,Null
1790083,5830271,33550,,527123,0,0,0,1,0,South,2005/2006,GREAT SOUTH ROAD,STARR ROAD,,Non-Injury Crash,No,2006,0,North,1,0,0,Flat,0,,0,,0,Dark,950100,0,0,0,2,0,0,0,0,0,,0,1,Waikato Region,Nil,2-way,Sealed,0,0,0,0,100,0,On,0,0,,13,Waikato District,Nil,0,0,0,0,0,0,Open,0,0,0,Fine,Null
1571375,5179170,33551,,591500,0,,0,2,,Null,2005/2006,MOORHOUSE AVENUE,BARBADOES ST,,Minor Crash,No,2006,,West,,0,,Flat,,,,,,Twilight,2650800,1,0,0,3,,,0,,,,,,Canterbury Region,Nil,2-way,Sealed,,0,0,,50,,On,0,0,,60,Christchurch City,Traffic Signals,,,,,0,0,Urban,0,,,Fine,Null
1766426,5879065,33552,,521112,0,,0,1,,Null,2005/2006,WAIUKU ROAD,HILL TOP ROAD,,Serious Crash,No,2006,,East,,0,,Flat,,,,,,Overcast,825900,2,0,0,2,,,0,,,,,,Auckland Region,Nil,2-way,Sealed,,0,1,,100,,None,0,0,,76,Auckland,Give way,,,,,0,0,Open,1,,,Fine,Null
1572589,5184748,33553,,590507,1,,0,1,,Null,2005/2006,SH 74,MARSHLAND ROAD,,Minor Crash,Yes,2006,,East,,0,,Flat,,,,,,Overcast,2505701,1,0,0,2,,,0,,,,,,Canterbury Region,Nil,2-way,Sealed,,0,0,,60,,Null,0,0,,60,Christchurch City,Give way,,,,,0,0,Urban,0,,,Fine,Null
1876961,5825025,33554,,537202,0,,0,1,,East,2005/2006,GRANGE ROAD,PARKVALE ROAD,,Minor Crash,No,2006,,East,,0,,Flat,,,,,,Twilight,1158101,1,0,0,2,,,0,,,1,,,Bay of Plenty Region,Nil,2-way,Sealed,,0,0,,50,,Off,0,0,,23,Tauranga City,Unknown,,,,,0,0,Urban,0,,,Fine,Null
1760943,5914510,33555,,520202,0,,0,2,,South,2006/2007,GREAT SOUTH ROAD,MAREI ROAD,,Non-Injury Crash,No,2006,,South,,0,,Flat,,,,,,Twilight,612200,0,0,0,5,,,0,,,,,,Auckland Region,Nil,2-way,Sealed,,0,0,,50,,On,0,0,,76,Auckland,Nil,,,,,0,0,Urban,0,,,Mist or Fog,Null
1822454,5466810,33556,,578302,0,0,0,0,0,North,2005/2006,PAIERAU ROAD,AKURA ROAD,,Minor Crash,No,2006,0,North,1,0,1,Flat,0,,0,,0,Bright sun,2253501,1,0,0,2,0,0,0,0,0,,0,0,Wellington Region,Nil,2-way,Sealed,0,0,0,0,100,0,Null,1,0,,48,Masterton District,Nil,0,0,0,1,0,0,Open,0,0,0,Fine,Null
1929816,5605122,33557,,548200,0,,0,2,,West,2006/2007,QUEEN ST WEST,MARKET ST NORTH,,Minor Crash,No,2006,,East,,0,,Flat,,,,,,Bright sun,1491300,1,0,0,2,,,0,,,,,,Hawke's Bay Region,Nil,2-way,Sealed,,0,0,,50,,Null,0,0,,30,Hastings District,Nil,,,,,0,0,Urban,1,,,Fine,Null
1682860,6011774,33558,,504400,0,0,0,1,0,North,2005/2006,POUTO ROAD,TURKEY FLAT ROAD,,Minor Crash,No,2006,0,North,1,0,1,Hill Road,0,,0,,0,Overcast,125600,1,0,0,2,0,0,0,0,0,,0,0,Northland Region,Nil,2-way,Sealed,0,0,0,0,100,0,Off,0,0,70,3,Kaipara District,Nil,0,0,0,0,0,0,Open,0,0,0,Heavy rain,Null
1757254,5920062,33559,,514102,0,,0,2,,South,2006/2007,QUEEN ST,WAKEFIELD ST,,Non-Injury Crash,No,2006,,North,,0,,Flat,,,,,,Dark,435201,0,0,0,4,,,0,,,,,,Auckland Region,Nil,2-way,Sealed,,0,0,,50,,On,0,1,,76,Auckland,Nil,,,,,0,0,Urban,0,,,Light rain,Null
1865129,5786052,33560,,535232,0,0,0,1,1,West,2005/2006,SH 5,GALAXY ROAD,,Non-Injury Crash,Yes,2006,0,West,1,0,0,Flat,0,,0,,0,Overcast,1127602,0,0,0,2,0,0,0,0,0,,0,0,Waikato Region,Nil,2-way,Sealed,0,0,0,0,100,0,Null,0,0,,19,South Waikato District,Unknown,0,0,0,0,0,0,Open,0,0,0,Light rain,Null
1797309,5815488,33561,,528501,0,0,0,2,0,East,2005/2006,ELLICOTT ROAD,MAPLE AVENUE,,Fatal Crash,No,2006,0,West,0,1,0,Flat,0,,0,,0,Bright sun,905902,2,0,0,2,0,0,0,0,0,,0,1,Waikato Region,Nil,2-way,Sealed,0,0,0,0,50,0,Off,0,0,,16,Hamilton City,Nil,0,0,0,0,0,0,Urban,0,0,0,Fine,Null
1754009,5917211,33562,,517600,0,0,0,2,0,Null,2005/2006,ST LUKES ROAD,NEW NORTH ROAD,,Non-Injury Crash,No,2006,0,South,0,0,0,Flat,0,,0,,0,Dark,534400,0,0,0,3,0,0,0,0,0,,0,0,Auckland Region,Nil,2-way,Sealed,0,0,0,0,50,0,On,0,0,,76,Auckland,Traffic Signals,0,0,0,0,0,0,Urban,0,1,0,Light rain,Null
1779816,5811031,33563,,526601,0,0,0,1,0,East,2006/2007,SH 23,COGSWELL ROAD,,Serious Crash,Yes,2006,0,East,0,0,1,Flat,0,,0,,0,Bright sun,859703,0,0,0,2,0,0,0,0,0,,0,0,Waikato Region,Nil,2-way,Sealed,0,0,1,0,100,0,None,0,0,,13,Waikato District,Nil,0,0,0,1,0,0,Open,0,0,0,Fine,Null
1756137,5924527,33564,,509702,0,,0,0,,Null,2006/2007,ONEWA ROAD,ONEWA OFF NBD E,,Non-Injury Crash,No,2006,,West,,0,,Flat,,,,,,Bright sun,366700,0,0,0,2,,,0,,,,,,Auckland Region,Nil,2-way,Sealed,,0,0,,50,,Off,2,0,,76,Auckland,Give way,,,,,0,0,Urban,0,,,Fine,Null
1775098,5908782,33565,,523202,0,,0,2,,South,2005/2006,WHITFORD PARK ROAD,SANDSTONE ROAD,,Non-Injury Crash,No,2006,,South,,0,,Flat,,,,,,Bright sun,716602,0,0,0,2,,,0,,,,,,Auckland Region,Nil,2-way,Sealed,,0,0,,50,,Null,0,0,,76,Auckland,Unknown,,,,,0,0,Urban,0,,,Fine,Null
1754922,5914515,33566,,518500,0,0,0,1,0,West,2005/2006,MOUNT ALBERT ROAD,MONS AVENUE,,Minor Crash,No,2006,0,West,0,0,0,Flat,0,,0,,0,Dark,560300,1,0,0,2,0,0,0,0,1,,0,0,Auckland Region,Nil,2-way,Sealed,0,0,0,0,50,0,On,0,0,,76,Auckland,Nil,0,0,0,0,1,0,Urban,0,0,0,Fine,Null
1745546,5917026,33567,,510800,0,,0,2,,North,2005/2006,Z CPK WEST CITY,EDSEL ST,,Non-Injury Crash,No,2006,,South,,0,,Flat,,,,,,Dark,242800,0,0,0,1,,,0,,,,,,Auckland Region,Nil,Off road,Sealed,,0,0,,50,,On,0,0,,76,Auckland,Nil,,,,,0,0,Urban,0,,,Light rain,Null
1744195,6000113,33568,,505021,0,,0,1,,East,2006/2007,BLACK SWAMP ROAD,RAYMOND BULL ROAD,,Minor Crash,No,2006,,West,,0,,Flat,,,,,,Bright sun,135202,1,0,0,1,,,0,,,,,,Northland Region,Nil,2-way,Unsealed,,0,0,,100,,Null,0,0,,3,Kaipara District,Nil,,,,,0,0,Open,0,,,Fine,Null
1771388,5895220,33569,,521201,0,0,0,1,0,Null,2005/2006,HINGAIA ROAD,PAPAKURA ON NBD,,Minor Crash,No,2006,0,West,0,0,0,Hill Road,0,,0,,0,Dark,806604,1,0,0,3,0,0,0,0,0,,0,0,Auckland Region,Nil,2-way,Sealed,0,0,0,0,50,0,On,2,0,,76,Auckland,Give way,0,0,0,0,0,0,Urban,0,1,0,Fine,Null
1756137,5924527,33570,,509702,0,,0,2,,Null,2006/2007,ONEWA ROAD,SYLVAN AVENUE,,Non-Injury Crash,No,2006,,West,,0,,Flat,,,,,,Overcast,366700,0,0,0,2,,,0,,,,,,Auckland Region,Motorway ramp,2-way,Sealed,,0,0,,50,,Off,0,0,,76,Auckland,Traffic Signals,,,,,0,0,Urban,0,,,Light rain,Null
1756294,5920540,33571,,514000,0,,0,1,,South,2005/2006,FRANKLIN ROAD,VICTORIA ST WEST,,Non-Injury Crash,No,2006,,North,,0,,Flat,,,,,,Dark,416600,0,0,0,3,,,0,,,,,,Auckland Region,Nil,2-way,Sealed,,0,0,,50,,On,0,0,,76,Auckland,Traffic Signals,,,,,1,0,Urban,0,,,Fine,Null
1826789,5868599,33572,,533901,0,0,0,1,0,South,2006/2007,SH 2,WHAREPOA ROAD WEST,,Minor Crash,Yes,2006,0,North,1,0,1,Flat,0,,0,,0,Unknown,1064800,1,0,0,2,0,0,0,0,0,,0,0,Waikato Region,Nil,2-way,Sealed,0,0,0,0,100,0,None,0,0,,12,Hauraki District,Nil,0,0,0,0,0,0,Open,0,0,0,Fine,Null
1753859,5930197,33573,,508420,1,,0,1,,East,2006/2007,TARGET ROAD,SUNSET ROAD,,Minor Crash,No,2006,,East,,0,,Flat,,,,,,Overcast,182026,1,0,0,2,,,0,,,,,,Auckland Region,Nil,2-way,Sealed,,0,0,,50,,Off,0,0,,76,Auckland,Nil,,,,,0,0,Urban,0,,,Fine,Null
1748441,5914855,33574,,511700,0,,0,0,,North,2006/2007,ST LEONARDS ROAD,ARCHIBALD ROAD,,Serious Crash,No,2006,,South,,0,,Flat,,,,,,Bright sun,272300,0,0,0,2,,,0,,,1,,,Auckland Region,Nil,2-way,Sealed,,0,1,,50,,Off,0,0,,76,Auckland,Nil,,,,,0,0,Urban,1,,,Fine,Null
1757971,5913486,33575,,519710,0,,0,2,,East,2006/2007,MOUNT ALBERT ROAD,CROWN ST,,Serious Crash,No,2006,,East,,0,,Flat,,,,,,Bright sun,596100,0,0,0,4,,,0,,,,,,Auckland Region,Nil,2-way,Sealed,,0,1,,50,,Off,0,0,,76,Auckland,Nil,,,,,0,0,Urban,0,,,Fine,Null
1748643,5427385,33576,,573101,0,,0,0,,Null,2005/2006,VICTORIA ST,DIXON ST,,Non-Injury Crash,No,2006,,South,,0,,Flat,,,,,,Dark,2131300,0,0,0,4,,,0,,,,,,Wellington Region,Nil,2-way,Sealed,,0,0,,50,,On,0,0,,47,Wellington City,Traffic Signals,,,,,1,0,Urban,0,,,Fine,Null
1745101,5918081,33577,,510700,0,,0,2,,South,2006/2007,LINCOLN ROAD,ABEL TASMAN AVENUE,,Non-Injury Crash,No,2006,,North,,0,,Flat,,,,,,Bright sun,240200,0,0,0,4,,,0,,,,,,Auckland Region,Nil,2-way,Sealed,,0,0,,50,,Off,0,0,,76,Auckland,Traffic Signals,,,,,0,0,Urban,0,,,Fine,Null
1783053,5568131,33578,,559230,0,0,0,0,0,West,2006/2007,WHANGAEHU BEACH ROAD,SH 3,,Serious Crash,No,2006,0,East,1,0,0,Flat,0,,0,,0,Overcast,1734500,0,0,0,2,0,0,0,0,0,,0,0,Manawatū-Whanganui Region,Nil,2-way,Sealed,0,0,1,0,100,0,Null,0,0,,38,Rangitikei District,Nil,0,0,0,0,0,0,Open,1,0,0,Heavy rain,Null
1758204,5920440,33579,,514101,0,0,0,1,0,North,2006/2007,BEACH ROAD,RONAYNE ST,,Minor Crash,No,2006,0,South,0,0,0,Flat,0,,0,,0,Dark,438215,3,0,0,4,0,0,0,0,1,,0,0,Auckland Region,Nil,2-way,Sealed,0,0,0,0,50,0,Off,0,0,,76,Auckland,Nil,0,0,0,0,0,0,Urban,1,0,0,Fine,Null
1761708,5906528,33580,,524112,0,0,0,1,0,Null,2005/2006,MASSEY ROAD,MASSEY OFF NBD,,Minor Crash,Yes,2006,0,North,0,0,0,Hill Road,0,,0,,0,Dark,742300,1,0,0,6,0,0,0,0,0,,0,0,Auckland Region,Motorway ramp,2-way,Sealed,0,0,0,0,50,0,On,0,0,,76,Auckland,Traffic Signals,1,1,0,0,0,0,Urban,0,0,0,Fine,Null
1763904,5912490,33581,,520500,0,,0,2,,Null,2006/2007,MOUNT WELLINGTON HIGHWAY,MT WGTN ON NBD N,,Non-Injury Crash,Yes,2006,,North,,0,,Flat,,,,,,Dark,637300,0,0,0,2,,,0,,,,,,Auckland Region,Nil,2-way,Sealed,,0,0,,50,,On,0,0,,76,Auckland,Traffic Signals,,,,,0,0,Urban,0,,,Fine,Null
1800808,5813732,33582,,529100,0,,0,1,,South,2005/2006,PEMBROKE ST,TIDD ST,,Non-Injury Crash,No,2006,,North,,0,,Hill Road,,,,,,Overcast,929700,0,0,0,2,,,0,,,,,,Waikato Region,Nil,2-way,Sealed,,0,0,,50,,Null,0,0,,16,Hamilton City,Unknown,,,,,0,0,Urban,1,,,Light rain,Null
1782471,5916316,33583,,523300,0,0,0,0,1,East,2005/2006,MARAETAI DRIVE,COLSON LANE,,Serious Crash,No,2006,0,East,0,0,0,Hill Road,0,,0,,0,Twilight,720200,0,0,1,2,0,0,0,0,0,,0,0,Auckland Region,Nil,2-way,Sealed,0,0,1,0,100,0,None,0,0,,76,Auckland,Unknown,0,0,0,0,0,0,Open,0,0,0,Fine,Null
1763344,5906731,33584,,524301,0,0,0,1,0,North,2005/2006,GRAEME AVENUE,HALLBERRY ROAD,,Minor Crash,No,2006,0,South,0,0,0,Flat,0,Queens Birthday,0,,0,Overcast,747300,1,0,0,2,0,0,0,0,0,,0,1,Auckland Region,Nil,2-way,Sealed,0,0,0,0,50,0,Null,0,0,,76,Auckland,Unknown,0,0,0,0,0,0,Urban,0,0,0,Light rain,Null
1763869,5912040,33585,,520500,0,,0,2,,West,2005/2006,VESTEY DRIVE,MOUNT WELLINGTON HIGHWAY,,Non-Injury Crash,No,2006,,West,,0,,Flat,,,,,,Twilight,637701,0,0,0,2,,,0,,,,,,Auckland Region,Nil,2-way,Sealed,,0,0,,50,,On,0,0,,76,Auckland,Nil,,,,,0,0,Urban,0,,,Fine,Null
1763097,5430238,33586,,565200,0,0,0,1,0,Null,2006/2007,MAIN ROAD,WAINUIOMATA ROAD,,Serious Crash,No,2006,0,West,0,0,0,Flat,0,,0,,0,Dark,2019800,3,0,0,2,0,1,0,0,0,,0,0,Wellington Region,Nil,2-way,Sealed,0,0,1,0,50,0,On,0,0,,46,Lower Hutt City,Give way,0,1,0,0,0,0,Urban,0,0,0,Mist or Fog,Null
1946942,5793617,33587,,542511,0,0,0,1,0,West,2006/2007,HUNA ROAD,WANO ROAD,,Non-Injury Crash,No,2006,0,East,0,0,0,Flat,0,,0,,0,Dark,1297600,0,0,0,2,0,0,0,0,0,,0,0,Bay of Plenty Region,Nil,2-way,Sealed,0,0,0,0,100,0,None,0,0,,25,Whakatane District,Nil,0,0,0,1,0,0,Open,0,0,0,Fine,Null
1766163,5908216,33588,,523402,0,,0,2,,Null,2006/2007,BAIRDS ROAD,GILBERT ROAD,,Non-Injury Crash,No,2006,,West,,0,,Flat,,,,,,Bright sun,698100,0,0,0,2,,,0,,,,,,Auckland Region,Nil,2-way,Sealed,,0,0,,50,,Off,0,0,,76,Auckland,Give way,,,,,1,0,Urban,0,,,Fine,Null
1768350,5908566,33589,,523113,0,,0,1,,Null,2005/2006,SPRINGS ROAD,EAST TAMAKI ROAD,,Minor Crash,No,2006,,North,,0,,Flat,,,,,,Overcast,711801,2,0,0,2,,,0,,,,,,Auckland Region,Nil,2-way,Sealed,,0,0,,60,,Off,0,0,,76,Auckland,Traffic Signals,,,,,0,0,Urban,1,,,Fine,Null
1934142,5620914,33590,,546400,1,,0,1,,Null,2005/2006,PREBENSEN DRIVE,SEVERN ST,,Minor Crash,No,2006,,East,,0,,Flat,,,,,,Bright sun,1426500,1,0,0,2,,,0,,,,,,Hawke's Bay Region,Nil,2-way,Sealed,,0,0,,70,,Null,0,0,,31,Napier City,Give way,,,,,0,0,Urban,0,,,Fine,Null
1839486,5841657,33591,,534800,0,0,0,2,0,North,2006/2007,SH 26,BURGESS ST,,Non-Injury Crash,Yes,2006,0,North,0,0,0,Flat,0,,0,,0,Bright sun,1104000,0,0,0,2,0,0,0,0,1,,0,0,Waikato Region,Nil,2-way,Sealed,0,0,0,0,50,0,Off,0,0,,15,Matamata-Piako District,Nil,0,0,0,0,0,0,Urban,0,0,0,Fine,Null
1711831,6060844,33592,,501802,0,0,0,1,1,North,2006/2007,HUKERENUI ROAD,JORDAN VALLEY ROAD,,Minor Crash,No,2006,0,South,0,0,0,Flat,0,,0,,0,Bright sun,65300,1,0,0,2,0,0,0,0,0,,0,0,Northland Region,Nil,2-way,Sealed,0,0,0,0,100,0,None,0,0,,2,Whangarei District,Nil,0,0,0,0,0,0,Open,0,0,0,Fine,Null
1747188,5921885,33593,,512202,0,,0,0,,North,2005/2006,TE ATATU ROAD,CLINTON AVENUE,,Serious Crash,No,2006,,South,,0,,Flat,,,,,,Overcast,248600,0,0,0,2,,,0,,,1,,,Auckland Region,Nil,2-way,Sealed,,0,1,,50,,Off,1,0,,76,Auckland,Nil,,,,,0,0,Urban,0,,,Light rain,Null
1790696,5843130,33594,,527402,0,,0,2,,Null,2006/2007,SH 1N,FLETCHER ST,,Non-Injury Crash,Yes,2006,,South,,0,,Flat,,,,,,Overcast,942900,0,0,0,2,,,0,,,,,,Waikato Region,Nil,2-way,Sealed,,0,0,,70,,Null,0,0,,13,Waikato District,Give way,,,,,0,0,Urban,0,,,Fine,Null
1748819,5426905,33595,,573101,0,,0,1,,South,2005/2006,SH 1N,TARANAKI/VIVIAN,,Serious Crash,Yes,2006,,North,,0,,Flat,,,,,,Bright sun,2133800,0,0,0,5,,,0,,,1,,,Wellington Region,Nil,2-way,Sealed,,0,1,,50,,Null,0,0,,47,Wellington City,Nil,,,,,0,0,Urban,0,,,Fine,Null