X,Y,OBJECTID,advisorySpeed,areaUnitID,bicycle,bridge,bus,carStationWagon,cliffBank,crashDirectionDescription,crashFinancialYear,crashLocation1,crashLocation2,crashRoadSideRoad,crashSeverity,crashSHDescription,crashYear,debris,directionRoleDescription,ditch,fatalCount,fence,flatHill,guardRail,holiday,houseOrBuilding,intersection,kerb,light,meshblockId,minorInjuryCount,moped,motorcycle,NumberOfLanes,objectThrownOrDropped,otherObject,otherVehicleType,overBank,parkedVehicle,pedestrian,phoneBoxEtc,postOrPole,region,roadCharacter,roadLane,roadSurface,roadworks,schoolBus,seriousInjuryCount,slipOrFlood,speedLimit,strayAnimal,streetLight,suv,taxi,temporarySpeedLimit,tlaId,tlaName,trafficControl,trafficIsland,trafficSign,train,tree,truck,unknownVehicleType,urban,vanOrUtility,vehicle,waterRiver,weatherA,weatherB
1767587,5904632,33596,,524604,0,,0,0,,Null,2006/2007,GREAT SOUTH ROAD,RONWOOD AVENUE,,Non-Injury Crash,No,2006,,North,,0,,Flat,,,,,,Bright sun,780302,0,0,0,5,,,0,,,,,,Auckland Region,Nil,2-way,Sealed,,0,0,,50,,Off,1,0,,76,Auckland,Traffic Signals,,,,,0,0,Urban,1,,,Fine,Null
1751052,5933016,33597,,508807,0,0,0,4,0,Null,2006/2007,BASS ROAD,ALBANY HIGHWAY,,Minor Crash,No,2006,0,South,0,0,1,Flat,0,,0,,0,Dark,180201,1,0,0,2,0,0,0,0,1,,0,0,Auckland Region,Nil,2-way,Sealed,0,0,0,0,50,0,On,0,0,,76,Auckland,Nil,0,0,0,0,0,0,Urban,0,0,0,Mist or Fog,Null
1751378,5431713,33598,,574303,0,,0,2,,South,2006/2007,SH 1N,SH 2,,Minor Crash,Yes,2006,,North,,0,,Flat,,,,,,Dark,2090402,1,0,0,3,,,0,,,,,,Wellington Region,Nil,1-way,Sealed,,0,0,,100,,On,0,0,,47,Wellington City,Nil,,,,,0,0,Open,1,,,Heavy rain,Null
1928982,5602949,33599,,545762,0,,0,2,,Null,2005/2006,TOLLEMACHE ROAD,RIVERSLEA ROAD SOUTH,,Non-Injury Crash,No,2006,,North,,0,,Flat,,,,,,Bright sun,1468200,0,0,0,2,,,0,,,,,,Hawke's Bay Region,Nil,2-way,Sealed,,0,0,,50,,Null,0,0,30,30,Hastings District,Give way,,,,,0,0,Urban,0,,,Fine,Null
1555952,5181625,33600,,587821,0,0,0,1,0,East,2006/2007,SH 73,KIRK ROAD,,Serious Crash,Yes,2006,0,West,0,0,1,Flat,0,,0,,0,Bright sun,2494600,0,0,0,2,0,0,0,0,0,,0,0,Canterbury Region,Nil,2-way,Sealed,0,0,1,0,100,0,Null,0,0,,60,Christchurch City,Nil,0,0,0,0,0,0,Open,0,0,0,Fine,Null
1714525,6008466,33601,50,505010,0,0,0,0,0,North,2006/2007,PAPAROA OAKLEIGH ROAD,SH 12,,Non-Injury Crash,No,2006,0,North,0,0,0,Hill Road,0,,0,,0,Overcast,130300,0,0,0,2,0,0,0,0,0,,0,0,Northland Region,Nil,2-way,Sealed,0,0,0,0,100,0,None,0,0,,3,Kaipara District,Nil,0,0,0,1,1,0,Open,0,0,0,Fine,Null
1811993,5816838,33602,,527131,0,,0,1,,North,2005/2006,SH 26,PLATT ROAD,,Non-Injury Crash,Yes,2006,,North,,0,,Flat,,,,,,Overcast,957600,0,0,0,2,,,0,,,,,,Waikato Region,Nil,2-way,Sealed,,0,0,,100,,Null,1,0,,13,Waikato District,Unknown,,,,,0,0,Open,0,,,Fine,Null
1882935,5795403,33603,,536653,0,,0,1,,South,2006/2007,TE MATAI ROAD,RANGIURU ROAD,,Minor Crash,No,2006,,South,,0,,Flat,,,,,,Overcast,1210700,2,0,0,2,,,0,,,,,,Bay of Plenty Region,Nil,2-way,Unsealed,,0,0,,100,,Null,0,0,,22,Western Bay of Plenty District,Unknown,,,,,1,0,Open,0,,,Fine,Null
1794348,5500145,33604,,564240,0,,0,1,,Null,2005/2006,QUEEN ST EAST,BARTHOLOMEW ROAD,,Non-Injury Crash,No,2006,,West,,0,,Flat,,,,,,Bright sun,1866900,0,0,0,2,,,0,,,,,,Manawatū-Whanganui Region,Nil,2-way,Sealed,,0,0,,50,,Null,0,0,,42,Horowhenua District,Stop,,,,,0,0,Urban,1,,,Fine,Null
1570399,5179550,33605,,591500,0,,0,2,,Null,2005/2006,DURHAM ST,ST ASAPH ST,,Minor Crash,No,2006,,West,,0,,Flat,,,,,,Dark,2649300,1,0,0,2,,,0,,,,,,Canterbury Region,Nil,1-way,Sealed,,0,0,,50,,On,0,0,,60,Christchurch City,Traffic Signals,,,,,0,0,Urban,0,,,Fine,Null
1756626,5447166,33606,,571501,0,,0,2,,Null,2005/2006,BRORA CRESCENT,ESKDALE ROAD,,Non-Injury Crash,No,2006,,East,,0,,Hill Road,,,,,,Bright sun,2057001,0,0,0,2,,,0,,,,,,Wellington Region,Nil,2-way,Sealed,,0,0,,50,,Null,0,0,,44,Porirua City,Nil,,,,,0,0,Urban,0,,,Fine,Null
1671469,6079708,33607,,501634,0,0,0,1,0,North,2006/2007,SH 12,WAIMATENUI ROAD,,Minor Crash,Yes,2006,0,North,1,0,1,Flat,0,,0,,0,Dark,38200,1,0,0,2,0,0,0,0,0,,0,0,Northland Region,Nil,2-way,Sealed,0,0,0,0,100,0,None,0,0,,1,Far North District,Nil,0,0,0,0,0,0,Open,0,0,0,Fine,Null
1768293,5908543,33608,,523502,0,0,0,1,0,West,2005/2006,JOHNSTONES ROAD,EAST TAMAKI ROAD,,Minor Crash,No,2006,0,East,0,0,0,Flat,0,,0,,0,Dark,702600,1,0,0,2,0,0,0,0,1,,0,0,Auckland Region,Nil,2-way,Sealed,0,0,0,0,50,0,On,0,0,,76,Auckland,Nil,0,0,0,0,1,0,Urban,0,0,0,Fine,Null
1686379,6030718,33609,,504502,0,0,0,1,0,East,2006/2007,SH 14,TANGOWAHINE VALLEY ROAD,,Non-Injury Crash,Yes,2006,0,East,1,0,0,Hill Road,0,,0,,0,Dark,120800,0,0,0,2,0,0,0,0,0,,0,0,Northland Region,Nil,2-way,Sealed,0,0,0,0,100,0,None,0,0,,3,Kaipara District,Nil,0,0,0,0,0,0,Open,0,0,0,Fine,Null
1400450,4919337,33610,,602500,0,0,0,2,1,West,2005/2006,THREE MILE HILL ROAD,HALFWAY BUSH ROAD,,Minor Crash,No,2006,0,West,0,0,0,Hill Road,0,,0,,0,Dark,2978800,1,0,0,2,0,0,0,0,0,,0,0,Otago Region,Nil,2-way,Sealed,0,0,0,0,100,0,None,0,0,,71,Dunedin City,Unknown,0,0,0,0,0,0,Open,0,1,0,Fine,Null
1800892,5815541,33611,,529700,0,,0,2,,Null,2005/2006,VICTORIA ST,CLAUDELANDS ROAD,,Non-Injury Crash,No,2006,,South,,0,,Flat,,,,,,Overcast,911402,0,0,0,2,,,0,,,,,,Waikato Region,Nil,2-way,Sealed,,0,0,,50,,Null,0,0,,16,Hamilton City,Traffic Signals,,,,,0,0,Urban,0,,,Fine,Null
1762423,5912845,33612,,520500,0,0,0,0,0,North,2006/2007,GREAT SOUTH ROAD,SOUTH-EASTERN HIGHWAY,,Minor Crash,No,2006,0,North,0,0,0,Flat,0,,0,,0,Overcast,637300,1,0,0,4,0,0,0,0,1,,0,0,Auckland Region,Nil,2-way,Sealed,0,0,0,0,50,0,Off,0,0,,76,Auckland,Nil,0,0,0,0,2,0,Urban,0,0,0,Fine,Null
1868699,5813996,33613,,536630,0,0,0,1,0,Null,2006/2007,SH 29,PORIPORI ROAD,,Minor Crash,Yes,2006,0,South,0,0,1,Flat,0,,0,,0,Bright sun,1191500,1,0,0,2,0,0,0,0,0,,0,0,Bay of Plenty Region,Nil,2-way,Sealed,0,0,0,0,100,0,None,0,0,,22,Western Bay of Plenty District,Give way,0,0,0,0,0,0,Open,0,0,0,Fine,Null
1800444,5817582,33614,,529600,0,0,0,1,0,North,2005/2006,HAULTAIN ST,TRANMERE ROAD,,Minor Crash,No,2006,0,North,0,0,0,Flat,0,Christmas New Year,0,,0,Overcast,868300,1,0,0,2,0,0,0,0,0,,0,0,Waikato Region,Nil,2-way,Sealed,0,0,0,0,50,0,Null,0,0,,16,Hamilton City,Unknown,0,0,0,1,0,0,Urban,0,0,0,Light rain,Null
2040078,5708031,33615,,544702,0,0,0,2,0,Null,2005/2006,TYNDALL ROAD,GILLIES ST,,Non-Injury Crash,No,2006,0,West,0,0,0,Flat,0,,0,,0,Dark,1383600,0,0,0,2,0,0,0,0,1,,0,0,Gisborne Region,Nil,2-way,Sealed,0,0,0,0,50,0,On,0,0,,28,Gisborne District,Nil,0,0,0,0,0,0,Urban,0,0,0,Light rain,Null
1823260,5530253,33616,,562600,0,0,0,2,0,Null,2006/2007,SH 3,RUAHINE ST,,Serious Crash,Yes,2006,0,West,0,0,0,Flat,0,,0,,0,Twilight,1846801,0,0,0,4,0,0,0,0,0,,0,1,Manawatū-Whanganui Region,Nil,2-way,Sealed,0,0,1,0,50,0,On,0,0,,40,Palmerston North City,Traffic Signals,0,0,0,0,0,0,Urban,1,0,0,Fine,Null
1842497,5817234,33617,,535000,0,0,0,2,0,North,2005/2006,SH 27,MOWBRAY ROAD,,Non-Injury Crash,Yes,2006,0,South,0,0,0,Flat,0,,0,,0,Bright sun,1111500,0,0,0,2,0,0,0,0,1,,0,0,Waikato Region,Nil,2-way,Sealed,0,0,0,0,50,0,Null,0,0,,15,Matamata-Piako District,Unknown,0,0,0,0,0,0,Urban,0,0,0,Fine,Null
1809987,5452603,33618,,579502,0,0,0,1,0,Null,2006/2007,SH 2,WAIHAKEKE ROAD,,Minor Crash,Yes,2006,0,North,0,0,1,Flat,0,,0,,0,Overcast,2261700,3,0,0,1,0,0,0,1,0,,0,0,Wellington Region,Nil,2-way,Sealed,0,0,0,0,100,0,Null,0,0,,49,Carterton District,Give way,0,0,0,0,0,0,Open,1,0,1,Fine,Strong wind
1246515,4848411,33619,,611500,0,,0,0,,North,2005/2006,ROCKDALE ROAD,MASON ROAD,,Minor Crash,No,2006,,South,,0,,Flat,,,,,,Overcast,3141902,1,0,0,2,,,0,,,,,,Southland Region,Nil,2-way,Sealed,,0,0,,100,,Null,0,0,,75,Invercargill City,Unknown,,,,,1,0,Open,1,,,Fine,Null
1774606,5891508,33620,,521301,0,,0,0,,West,2005/2006,WAIHOEHOE ROAD,APPLEBY ROAD,,Non-Injury Crash,No,2006,,West,,0,,Hill Road,,,,,,Dark,809400,0,0,0,2,,,0,,,,,,Auckland Region,Nil,2-way,Sealed,,0,0,,50,,None,0,0,,76,Auckland,Unknown,,,,,0,0,Urban,1,,,Fine,Null
1745473,5920833,33621,,513301,0,,0,1,,East,2005/2006,LINCOLN ON EBD,SELWOOD ROAD S,,Non-Injury Crash,Yes,2006,,East,,0,,Hill Road,,,,,,Overcast,230200,0,0,0,1,,,0,,,,,,Auckland Region,Motorway ramp,1-way,Sealed,,0,0,,100,,Off,0,0,,76,Auckland,Nil,,,,,0,0,Open,1,,,Light rain,Null
1765555,5440978,33622,,568201,1,,0,0,,North,2005/2006,EASTERN HUTT ROAD,HIGH ST,,Serious Crash,No,2006,,North,,0,,Flat,,,,,,Bright sun,1935000,0,0,0,2,,,0,,,,,,Wellington Region,Nil,2-way,Sealed,,0,1,,80,,Null,0,0,,46,Lower Hutt City,Nil,,,,,1,0,Open,0,,,Fine,Null
1798409,5813433,33623,,528900,1,,0,1,,South,2006/2007,HIGGINS ROAD,KAHIKATEA DRIVE,,Minor Crash,No,2006,,West,,0,,Flat,,,,,,Overcast,916401,1,0,0,2,,,0,,,,,,Waikato Region,Nil,2-way,Sealed,,0,0,,50,,Off,0,0,,16,Hamilton City,Nil,,,,,0,0,Urban,0,,,Fine,Null
1846954,5758433,33624,,535262,0,,0,0,,South,2005/2006,SH 32,ACCESS ROAD,,Minor Crash,Yes,2006,,South,,0,,Flat,,,,,,Bright sun,1151302,1,0,0,1,,,0,,,1,,,Waikato Region,Nil,1-way,Unsealed,,0,0,,100,,None,0,0,30,19,South Waikato District,Nil,,,,,2,0,Open,0,,,Fine,Null
1686638,6100584,33625,,500900,0,,0,2,,Null,2005/2006,NORFOLK PLACE,MILL LANE,,Minor Crash,No,2006,,South,,0,,Flat,,,,,,Bright sun,53502,2,0,0,2,,,0,,,,,,Northland Region,Nil,2-way,Sealed,,0,0,,50,,Off,0,0,,1,Far North District,Give way,,,,,0,0,Urban,0,,,Fine,Null
1749216,5426777,33626,,573101,0,,0,2,,Null,2005/2006,CAMBRIDGE TERRACE,COLLEGE ST,,Non-Injury Crash,No,2006,,North,,0,,Flat,,,,,,Overcast,2136500,0,0,0,3,,,0,,,,,,Wellington Region,Nil,2-way,Sealed,,0,0,,50,,Null,0,0,,47,Wellington City,Give way,,,,,0,0,Urban,0,,,Fine,Null
1570024,5181118,33627,,591700,1,,0,1,,South,2006/2007,VICTORIA ST,DORSET ST,,Minor Crash,No,2006,,North,,0,,Flat,,,,,,Bright sun,2653700,1,0,0,2,,,0,,,,,,Canterbury Region,Nil,2-way,Sealed,,0,0,,50,,Null,0,0,,60,Christchurch City,Nil,,,,,0,0,Urban,0,,,Fine,Null
1312325,4948875,33628,,607800,0,,0,2,,Null,2005/2006,SH 8,GROVERS HILL ROAD,,Minor Crash,Yes,2006,,North,,0,,Flat,,,,,,Bright sun,3010100,1,0,0,2,,,0,,,,,,Otago Region,Nil,2-way,Sealed,,0,0,,80,,Null,0,0,,69,Central Otago District,Nil,,,,,0,0,Open,0,,,Fine,Null
1709064,5617795,33629,,554010,0,0,0,4,0,North,2005/2006,Z CPK CHURCH,SH 3/WILLIAMS,,Serious Crash,No,2006,0,East,0,0,0,Flat,0,,0,,0,Bright sun,1641802,1,0,0,1,0,0,0,0,1,1,0,0,Taranaki Region,Nil,Off road,Sealed,0,0,1,0,50,0,Null,0,0,,35,South Taranaki District,Nil,0,0,0,0,0,0,Urban,0,0,0,Fine,Null
1675564,5404174,33630,,580420,0,,0,1,,Null,2005/2006,SH 6,BELLS ROAD,,Minor Crash,Yes,2006,,West,,0,,Flat,,,,,,Bright sun,2291301,1,0,0,2,,,0,,,,,,Marlborough Region,Nil,2-way,Sealed,,0,0,,100,,Null,0,0,,53,Marlborough District,Stop,,,,,1,0,Open,0,,,Fine,Null
1774267,5578525,33631,,556700,0,,0,1,,Null,2005/2006,Z CPK WOOLWORTHS,VICTORIA / GLASGOW,,Serious Crash,No,2006,,West,,0,,Flat,,Easter,,,,Overcast,1721302,0,0,0,1,,,0,,,1,,,Manawatū-Whanganui Region,Nil,Off road,Sealed,,0,1,,50,,Null,0,0,,37,Whanganui District,Nil,,,,,0,0,Urban,0,,,Fine,Null
1773475,5473157,33632,,563706,0,,0,2,,Null,2006/2007,RIMU ST,TOTARA ST,,Non-Injury Crash,No,2006,,West,,0,,Flat,,,,,,Overcast,1875201,0,0,0,2,,,0,,,,,,Wellington Region,Nil,2-way,Sealed,,0,0,,50,,Null,0,0,,43,Kapiti Coast District,Nil,,,,,0,0,Urban,0,,,Light rain,Null
1718507,6041763,33633,,502005,0,0,0,1,1,North,2005/2006,SH 1N,TOE TOE ROAD,,Non-Injury Crash,Yes,2006,0,South,0,0,0,Flat,0,,0,,0,Dark,74702,0,0,0,2,0,0,0,0,0,,0,0,Northland Region,Nil,2-way,Sealed,0,0,0,0,100,0,None,0,0,,2,Whangarei District,Nil,0,0,0,0,0,0,Open,0,0,0,Fine,Null
1976280,5756410,33634,,542904,0,0,0,1,0,South,2006/2007,SH 2,WAIATA ROAD,,Minor Crash,Yes,2006,0,South,0,0,1,Flat,0,,0,,0,Overcast,1335700,1,0,0,2,0,0,0,0,0,,0,0,Bay of Plenty Region,Nil,2-way,Sealed,0,0,0,0,100,0,Null,0,0,,27,Ōpōtiki District,Unknown,0,1,0,1,0,0,Open,0,0,0,Fine,Null
1798848,5816987,33635,,528800,0,,0,1,,South,2005/2006,FOREST LAKE ROAD,BOLLARD ST,,Minor Crash,No,2006,,South,,0,,Flat,,,,,,Bright sun,902700,1,0,0,2,,,0,,,1,,,Waikato Region,Nil,2-way,Sealed,,0,0,,50,,Null,0,0,,16,Hamilton City,Unknown,,,,,0,0,Urban,0,,,Fine,Null
1242155,4880069,33636,,610040,0,0,0,1,0,North,2005/2006,SH 96,BENNETT ROAD,,Serious Crash,Yes,2006,0,North,1,0,0,Flat,0,,0,,0,Overcast,3072800,0,0,0,2,0,0,0,0,0,,0,0,Southland Region,Nil,2-way,Sealed,0,0,1,0,100,0,Null,0,0,,73,Southland District,Unknown,0,0,0,0,0,0,Open,0,0,0,Heavy rain,Null
1936657,5621179,33637,,546901,0,,0,0,,East,2005/2006,STATION ST,MUNROE ST,,Minor Crash,No,2006,,East,,0,,Flat,,,,,,Bright sun,1429800,1,1,0,2,,,0,,,,,,Hawke's Bay Region,Nil,2-way,Sealed,,0,0,,50,,Null,0,0,,31,Napier City,Nil,,,,,0,0,Urban,1,,,Fine,Null
1769650,5470293,33638,,566000,0,,0,1,,North,2006/2007,MAZENGARB ROAD,MAKARINI ST,,Minor Crash,No,2006,,North,,0,,Flat,,,,,,Dark,1999301,1,0,0,2,,,0,,,1,,,Wellington Region,Nil,2-way,Sealed,,0,0,,50,,On,0,0,,43,Kapiti Coast District,Nil,,,,,0,0,Urban,0,,,Fine,Null
1692944,5676267,33639,,551800,0,,0,1,,Null,2006/2007,CURRIE ST,DEVON ST EAST,,Minor Crash,No,2006,,North,,0,,Flat,,,,,,Overcast,1592700,1,0,0,2,,,0,,,1,,,Taranaki Region,Nil,2-way,Sealed,,0,0,,50,,Null,0,1,,33,New Plymouth District,Nil,,,,,0,0,Urban,0,,,Fine,Null
1756697,5918537,33640,,515600,0,0,0,1,0,East,2006/2007,NEW NORTH ROAD,RURU ST,,Non-Injury Crash,No,2006,0,West,0,0,0,Flat,0,,0,,0,Bright sun,420700,0,0,0,4,0,0,0,0,0,,0,0,Auckland Region,Nil,2-way,Sealed,0,0,0,0,50,0,Off,0,0,,76,Auckland,Nil,0,0,0,0,0,0,Urban,1,1,0,Fine,Null
1564935,5174747,33641,,587304,0,,0,2,,West,2006/2007,NICHOLLS ROAD,HALSWELL ROAD,,Minor Crash,No,2006,,East,,0,,Flat,,,,,,Overcast,2483300,1,0,0,2,,,0,,,,,,Canterbury Region,Nil,2-way,Sealed,,0,0,,50,,Null,0,0,,60,Christchurch City,Nil,,,,,0,0,Urban,0,,,Light rain,Null
1815225,5800775,33642,,527931,0,,0,0,,South,2006/2007,CAMBRIDGE ROAD,LAMB ST,,Non-Injury Crash,No,2006,,North,,0,,Flat,,,,,,Bright sun,988200,0,0,0,2,,,0,,,,,,Waikato Region,Nil,2-way,Sealed,,0,0,,100,,Null,0,0,,17,Waipa District,Unknown,,,,,1,0,Open,0,,,Fine,Null
1758432,5918583,33643,,517400,0,,0,2,,Null,2005/2006,CARLTON GORE ROAD,CLAYTON ST,,Non-Injury Crash,No,2006,,East,,0,,Flat,,,,,,Dark,451000,0,0,0,4,,,0,,,,,,Auckland Region,Nil,2-way,Sealed,,0,0,,50,,On,0,0,,76,Auckland,Stop,,,,,0,0,Urban,0,,,Fine,Null
1609817,5419382,33644,,581822,0,,0,1,,Null,2005/2006,SH 6,FACTORY ROAD,,Serious Crash,Yes,2006,,South,,0,,Flat,,,,,,Dark,2355500,1,0,1,2,,,0,,,,,,Tasman Region,Nil,2-way,Sealed,,0,1,,80,,On,0,0,,51,Tasman District,Nil,,,,,0,0,Open,0,,,Fine,Null
1749326,5429114,33645,,572900,2,,0,1,,South,2006/2007,THORNDON QUAY,DAVIS ST,,Minor Crash,No,2006,,South,,0,,Flat,,,,,,Bright sun,2118300,2,0,0,2,,,0,,,,,,Wellington Region,Nil,2-way,Sealed,,0,0,,50,,Null,0,0,,47,Wellington City,Nil,,,,,0,0,Urban,0,,,Fine,Null
1772537,5896834,33646,,525420,0,,0,2,,East,2006/2007,SUBWAY ROAD,GREAT SOUTH ROAD,,Non-Injury Crash,No,2006,,West,,0,,Flat,,,,,,Overcast,792800,0,0,0,2,,,0,,,,,,Auckland Region,Nil,2-way,Sealed,,0,0,,50,,Off,0,0,,76,Auckland,Nil,,,,,0,0,Urban,0,,,Fine,Null
1767776,5904283,33647,,524602,0,,0,1,,Null,2005/2006,REDOUBT ROAD,GREAT SOUTH ROAD S,,Non-Injury Crash,No,2006,,West,,0,,Flat,,,,,,Bright sun,780501,0,0,0,4,,,0,,,,,,Auckland Region,Nil,2-way,Sealed,,0,0,,50,,Off,0,0,,76,Auckland,Give way,,,,,1,0,Urban,0,,,Light rain,Null
1766161,5916257,33648,,517100,0,,0,2,,Null,2006/2007,ERIMA AVENUE,ANDERSON AVENUE,,Non-Injury Crash,No,2006,,North,,0,,Flat,,,,,,Twilight,479200,0,0,0,2,,,0,,,,,,Auckland Region,Nil,2-way,Sealed,,0,0,,50,,On,0,0,,76,Auckland,Stop,,,,,0,0,Urban,0,,,Fine,Null
1876872,5821701,33649,,537500,0,0,0,1,0,West,2006/2007,COOK ST,FAULKNER ST,,Non-Injury Crash,No,2006,0,East,0,0,0,Flat,0,,0,,0,Dark,1171900,0,0,0,2,0,0,0,0,0,,0,1,Bay of Plenty Region,Nil,2-way,Sealed,0,0,0,0,50,0,On,0,0,,23,Tauranga City,Nil,0,0,0,0,0,0,Urban,0,0,0,Fine,Null
1745063,5917750,33650,,510700,0,,0,0,,Null,2005/2006,LINCOLN ROAD,GREAT NORTH ROAD,,Non-Injury Crash,No,2006,,South,,0,,Flat,,,,,,Dark,239501,0,0,0,5,,,0,,,,,,Auckland Region,Nil,2-way,Sealed,,0,0,,50,,On,0,0,,76,Auckland,Traffic Signals,,,,,0,0,Urban,2,,,Fine,Null
1775215,5575951,33651,,558100,0,0,0,1,0,Null,2005/2006,SH 3,SH 4,,Serious Crash,Yes,2006,0,South,1,0,0,Flat,1,,0,,0,Bright sun,1688700,0,0,0,2,0,0,0,0,0,,0,0,Manawatū-Whanganui Region,Nil,2-way,Sealed,0,0,4,0,80,0,Null,1,0,,37,Whanganui District,Stop,0,0,0,0,0,0,Open,0,0,0,Fine,Null
1757359,5918813,33652,,514302,0,,0,2,,North,2006/2007,SH 1N,WELLESLEY OFF NBD,,Non-Injury Crash,Yes,2006,,North,,0,,Hill Road,,,,,,Dark,441700,0,0,0,4,,,0,,,,,,Auckland Region,Nil,1-way,Sealed,,0,0,,80,,On,0,0,,76,Auckland,Nil,,,,,0,0,Open,0,,,Light rain,Null
1757508,5926938,33653,,507900,0,0,0,2,0,East,2006/2007,Z CPK FOODTOWN,BARRYS POINT ROAD,,Fatal Crash,No,2006,0,South,0,1,0,Flat,0,,0,,0,Overcast,304200,0,0,0,0,0,0,0,0,0,,1,0,Auckland Region,Nil,Off road,Sealed,0,0,0,0,50,0,Off,1,0,,76,Auckland,Nil,0,0,0,0,0,0,Urban,0,0,0,Fine,Null
1741969,5911768,33654,,512902,0,,0,2,,East,2005/2006,WEST COAST ROAD,RIMU ROAD,,Non-Injury Crash,No,2006,,West,,0,,Hill Road,,,,,,Dark,279300,0,0,0,2,,,0,,,,,,Auckland Region,Nil,2-way,Sealed,,0,0,,70,,None,0,0,,76,Auckland,Nil,,,,,0,0,Urban,0,,,Fine,Null
1840604,5855248,33655,,534200,0,0,0,0,1,Null,2006/2007,SH 2,CROWN HILL ROAD,,Non-Injury Crash,Yes,2006,0,North,0,0,0,Flat,0,,0,,0,Dark,1076300,0,0,0,2,0,0,0,0,0,,0,0,Waikato Region,Nil,2-way,Sealed,0,0,0,0,100,0,None,0,0,,12,Hauraki District,Nil,0,0,0,0,0,0,Open,1,0,0,Fine,Null
1746219,5923657,33656,,513522,0,,0,2,,West,2006/2007,WEST HARBOUR DRIVE,DA VINCI PLACE,,Non-Injury Crash,No,2006,,East,,0,,Flat,,,,,,Bright sun,224252,0,0,0,2,,,0,,,,,,Auckland Region,Nil,2-way,Sealed,,0,0,,50,,Off,0,0,,76,Auckland,Nil,,,,,0,0,Urban,0,,,Fine,Null
1792702,5509654,33657,,564021,0,,0,1,,North,2006/2007,SH 1N,KOPUTAROA ROAD,,Serious Crash,Yes,2006,,North,,0,,Flat,,,,,,Overcast,1854800,0,0,0,2,,,0,,,,,,Manawatū-Whanganui Region,Nil,2-way,Sealed,,0,1,,100,,Null,1,0,,42,Horowhenua District,Nil,,,,,0,0,Open,0,,,Light rain,Null
1752434,5918113,33658,,515002,1,0,0,1,0,East,2005/2006,GREAT NORTH ROAD,CARRINGTON ROAD,,Minor Crash,No,2006,0,West,0,0,0,Flat,0,,0,,0,Dark,392500,1,0,0,4,0,0,0,0,0,,0,0,Auckland Region,Nil,2-way,Sealed,0,0,0,0,50,0,On,0,0,,76,Auckland,Nil,0,0,0,0,0,0,Urban,0,1,0,Fine,Null
1752177,5914236,33659,,514500,0,,0,2,,Null,2005/2006,TIVERTON ROAD,WHITNEY ST,,Non-Injury Crash,No,2006,,West,,0,,Hill Road,,,,,,Dark,374800,0,0,0,2,,,0,,,,,,Auckland Region,Nil,2-way,Sealed,,0,0,,50,,On,0,0,,76,Auckland,Give way,,,,,0,0,Urban,0,,,Light rain,Null
1756969,5918791,33660,,515600,0,,0,2,,Null,2006/2007,KHYBER PASS ROAD,NEWTON ROAD,,Non-Injury Crash,No,2006,,East,,0,,Flat,,,,,,Bright sun,420600,0,0,0,4,,,0,,,,,,Auckland Region,Nil,2-way,Sealed,,0,0,,50,,Off,1,0,,76,Auckland,Traffic Signals,,,,,0,0,Urban,0,,,Fine,Null
1770723,5897306,33661,,523912,0,0,0,1,0,South,2006/2007,SH 1N,WALTER STREVENS OBR,,Non-Injury Crash,Yes,2006,0,South,0,0,1,Flat,0,,0,,0,Dark,767803,0,0,0,3,0,0,0,0,0,,0,0,Auckland Region,Nil,1-way,Sealed,0,0,0,0,100,0,Off,0,0,,76,Auckland,Nil,0,0,0,0,0,0,Open,0,0,0,Fine,Null
1667966,5403790,33662,,580449,0,0,0,0,0,West,2005/2006,SH 63,HAWKESBURY ROAD,,Minor Crash,Yes,2006,1,East,1,0,0,Flat,0,,0,,0,Dark,2290602,1,0,1,2,0,0,0,0,0,,0,0,Marlborough Region,Nil,2-way,Sealed,0,0,0,0,100,0,None,0,0,,53,Marlborough District,Nil,0,0,0,0,0,0,Open,0,0,0,Fine,Null
1609255,5413094,33663,,581836,0,0,1,1,1,South,2005/2006,WAIROA GORGE ROAD,IRVINE ROAD,,Minor Crash,No,2006,0,West,0,0,0,Hill Road,0,,0,,0,Bright sun,2356300,2,0,0,2,0,0,0,0,0,,0,0,Tasman Region,Nil,2-way,Unsealed,0,0,0,0,100,0,Null,0,0,,51,Tasman District,Nil,0,0,0,0,0,0,Open,0,0,0,Fine,Null
1774677,5897366,33664,,525610,0,,0,1,,South,2006/2007,ROBB ST,CLEVEDON ROAD,,Non-Injury Crash,No,2006,,North,,0,,Flat,,,,,,Bright sun,799400,0,0,0,2,,,0,,,,,,Auckland Region,Nil,2-way,Sealed,,0,0,,50,,Null,1,0,,76,Auckland,Unknown,,,,,0,0,Urban,0,,,Fine,Null
1758128,5917824,33665,,515700,0,,0,0,,North,2005/2006,SH 1N,GILLIES OBR,,Minor Crash,Yes,2006,,South,,0,,Flat,,,,,,Bright sun,443200,1,0,1,3,,,0,,,,,,Auckland Region,Nil,1-way,Sealed,,0,0,,80,,Off,0,0,,76,Auckland,Nil,,,,,0,0,Open,0,,,Fine,Null
1571755,5180286,33666,,591700,0,,0,2,,Null,2006/2007,FITZGERALD AVENUE,GLOUCESTER ST,,Minor Crash,No,2006,,North,,0,,Flat,,,,,,Bright sun,2657500,1,0,0,6,,,0,,,,,,Canterbury Region,Nil,2-way,Sealed,,0,0,,50,,Null,0,0,,60,Christchurch City,Traffic Signals,,,,,0,0,Urban,0,,,Fine,Null