X,Y,OBJECTID,advisorySpeed,areaUnitID,bicycle,bridge,bus,carStationWagon,cliffBank,crashDirectionDescription,crashFinancialYear,crashLocation1,crashLocation2,crashRoadSideRoad,crashSeverity,crashSHDescription,crashYear,debris,directionRoleDescription,ditch,fatalCount,fence,flatHill,guardRail,holiday,houseOrBuilding,intersection,kerb,light,meshblockId,minorInjuryCount,moped,motorcycle,NumberOfLanes,objectThrownOrDropped,otherObject,otherVehicleType,overBank,parkedVehicle,pedestrian,phoneBoxEtc,postOrPole,region,roadCharacter,roadLane,roadSurface,roadworks,schoolBus,seriousInjuryCount,slipOrFlood,speedLimit,strayAnimal,streetLight,suv,taxi,temporarySpeedLimit,tlaId,tlaName,trafficControl,trafficIsland,trafficSign,train,tree,truck,unknownVehicleType,urban,vanOrUtility,vehicle,waterRiver,weatherA,weatherB
1751198,5915037,33667,,514402,0,,0,2,,Null,2005/2006,GREAT NORTH ROAD,ST JUDE ST,,Non-Injury Crash,No,2006,,South,,0,,Flat,,,,,,Overcast,381000,0,0,0,2,,,0,,,,,,Auckland Region,Nil,2-way,Sealed,,0,0,,50,,Off,0,0,,76,Auckland,Give way,,,,,0,0,Urban,0,,,Light rain,Null
1578214,5182533,33668,,595800,0,,0,0,,Null,2005/2006,HOOD ST,ORAM AVENUE,,Minor Crash,No,2006,,South,,0,,Flat,,,,,,Bright sun,2559700,3,0,0,2,,,0,,,,,,Canterbury Region,Nil,2-way,Sealed,,0,0,,50,,Null,0,0,,60,Christchurch City,Give way,,,,,0,0,Urban,2,,,Fine,Null
1567368,5179758,33669,,590800,1,,0,1,,Null,2005/2006,MATIPO ST,GEORGE ST,,Minor Crash,No,2006,,North,,0,,Flat,,,,,,Overcast,2473200,1,0,0,2,,,0,,,,,,Canterbury Region,Nil,2-way,Sealed,,0,0,,50,,Null,0,0,,60,Christchurch City,Nil,,,,,0,0,Urban,0,,,Light rain,Null
1750645,5912961,33670,,511402,0,0,0,1,0,South,2006/2007,PORTAGE ROAD,LINKS ROAD,,Non-Injury Crash,No,2006,0,South,0,0,0,Flat,0,,0,,0,Overcast,260500,0,0,0,2,0,0,0,0,0,,0,1,Auckland Region,Nil,2-way,Sealed,0,0,0,0,50,0,Off,0,0,,76,Auckland,Nil,0,0,0,0,0,0,Urban,0,0,0,Light rain,Null
1757659,5944583,33671,,505902,0,0,0,2,0,West,2005/2006,RAWHITI ROAD,WHANGAPARAOA ROAD,,Non-Injury Crash,No,2006,0,North,0,0,0,Flat,0,,0,,0,Bright sun,174514,0,0,0,2,0,0,0,0,1,,0,0,Auckland Region,Nil,2-way,Sealed,0,0,0,0,50,0,Off,0,0,,76,Auckland,Nil,0,0,0,0,0,0,Urban,0,0,0,Fine,Null
1802483,5814990,33672,,530200,0,,0,2,,West,2005/2006,CLYDE ST,PEACHGROVE ROAD,,Non-Injury Crash,No,2006,,East,,0,,Hill Road,,,,,,Twilight,892900,0,0,0,2,,,0,,,,,,Waikato Region,Nil,2-way,Sealed,,0,0,,50,,Off,0,0,,16,Hamilton City,Traffic Signals,,,,,0,0,Urban,0,,,Light rain,Null
1264467,5004473,33673,45,609022,0,0,0,0,0,South,2005/2006,PENINSULA ROAD,SH 6,,Minor Crash,No,2006,0,South,0,0,0,Hill Road,0,,0,,0,Overcast,3040117,1,0,0,2,0,0,0,1,0,,0,0,Otago Region,Nil,2-way,Sealed,0,0,0,0,70,0,Null,1,0,,70,Queenstown-Lakes District,Unknown,0,0,0,1,0,0,Urban,0,0,0,Light rain,Null
1405229,4920216,33674,,603810,0,0,0,1,0,Null,2005/2006,WAKARI ROAD,POLWARTH ROAD,,Serious Crash,No,2006,0,East,0,0,0,Hill Road,0,,0,,0,Dark,2890200,6,0,0,2,0,0,0,1,0,,0,0,Otago Region,Nil,2-way,Sealed,0,0,1,0,50,0,None,0,0,,71,Dunedin City,Nil,0,1,0,1,0,0,Urban,0,0,0,Fine,Null
1764369,5917741,33675,,516301,0,0,0,1,0,North,2005/2006,ST JOHNS ROAD,GOWING DRIVE,,Non-Injury Crash,No,2006,0,North,0,0,0,Flat,0,,0,,0,Dark,461700,0,0,0,2,0,0,0,0,1,,0,0,Auckland Region,Nil,2-way,Sealed,0,0,0,0,50,0,On,1,0,,76,Auckland,Nil,0,0,0,0,0,0,Urban,0,0,0,Fine,Null
1776117,5580381,33676,,557600,0,0,0,1,0,Null,2005/2006,RANGITIKEI ST,COLLINGWOOD ST,,Serious Crash,No,2006,0,East,0,0,0,Flat,0,,0,,0,Bright sun,1689400,0,0,0,2,0,0,0,0,0,,0,0,Manawatū-Whanganui Region,Nil,2-way,Sealed,0,0,1,0,50,0,Null,0,0,,37,Whanganui District,Nil,0,0,0,1,0,0,Urban,0,0,0,Fine,Null
1752373,5916323,33677,,517901,0,,0,2,,Null,2005/2006,WOODWARD ROAD,WILLCOTT ST,,Non-Injury Crash,No,2006,,North,,0,,Flat,,,,,,Bright sun,523400,0,0,0,2,,,0,,,,,,Auckland Region,Nil,2-way,Sealed,,0,0,,50,,Off,0,0,,76,Auckland,Give way,,,,,0,0,Urban,0,,,Fine,Null
1800046,5815912,33678,,529700,0,,0,2,,Null,2005/2006,TRISTRAM ST,LIVERPOOL ST,,Non-Injury Crash,No,2006,,South,,0,,Flat,,,,,,Dark,910000,0,0,0,2,,,0,,,,,,Waikato Region,Nil,2-way,Sealed,,0,0,,50,,On,0,0,,16,Hamilton City,Stop,,,,,0,0,Urban,0,,,Fine,Null
1570884,5179917,33679,,591500,0,0,0,1,0,Null,2006/2007,MANCHESTER ST,CASHEL ST,,Minor Crash,No,2006,0,West,0,0,0,Flat,0,,0,,0,Dark,2651500,1,0,0,4,0,0,0,0,1,,0,0,Canterbury Region,Nil,2-way,Sealed,0,0,0,0,50,0,On,0,0,,60,Christchurch City,Traffic Signals,0,0,0,0,0,0,Urban,1,0,0,Fine,Null
1749199,5943464,33680,,505806,0,0,0,1,0,South,2005/2006,EAST COAST ROAD,SPUR ROAD,,Non-Injury Crash,No,2006,0,North,1,0,1,Flat,0,,0,,0,Overcast,176802,0,0,0,2,0,0,0,0,0,,0,0,Auckland Region,Nil,2-way,Sealed,0,0,0,0,100,0,None,0,0,,76,Auckland,Nil,0,0,0,0,0,0,Open,0,0,0,Light rain,Null
1753317,5929875,33681,,509100,0,,0,2,,North,2006/2007,ALBANY HIGHWAY,SUNSET ROAD,,Non-Injury Crash,No,2006,,South,,0,,Hill Road,,,,,,Bright sun,181200,0,0,0,4,,,0,,,,,,Auckland Region,Nil,2-way,Sealed,,0,0,,50,,Null,0,0,,76,Auckland,Unknown,,,,,0,0,Urban,0,,,Fine,Null
1743667,5919387,33682,,513212,0,,0,1,,Null,2005/2006,DON BUCK ROAD,UNIVERSAL DRIVE,,Minor Crash,No,2006,,North,,0,,Flat,,,,,,Dark,235711,2,0,1,2,,,0,,,,,,Auckland Region,Nil,2-way,Sealed,,0,0,,50,,On,0,0,,76,Auckland,Give way,,,,,0,0,Urban,0,,,Light rain,Null
1776179,5447322,33683,,566620,0,0,0,2,0,North,2005/2006,SH 2,RADIATA GROVE,,Minor Crash,Yes,2006,0,North,0,0,0,Flat,0,,1,,0,Overcast,1911800,1,0,0,2,0,0,0,0,1,,0,1,Wellington Region,Nil,2-way,Sealed,0,0,0,0,70,0,Null,0,0,,45,Upper Hutt City,Nil,0,0,0,0,1,0,Urban,0,0,0,Fine,Null
1883378,5774859,33684,,539400,0,0,0,1,0,Null,2005/2006,SH 5,TALLYHO ST,,Non-Injury Crash,Yes,2006,0,North,0,0,0,Flat,0,,0,,0,Dark,1225000,0,0,0,4,0,0,0,0,0,,0,0,Bay of Plenty Region,Nil,2-way,Sealed,0,0,0,0,60,0,On,0,0,,24,Rotorua District,Give way,1,1,0,0,0,0,Urban,0,0,0,Light rain,Null
1746941,5939519,33685,,506300,0,,0,2,,North,2005/2006,DAIRY FLAT HIGHWAY,GREEN ROAD,,Non-Injury Crash,No,2006,,South,,0,,Flat,,,,,,Twilight,175904,0,0,0,2,,,0,,,,,,Auckland Region,Bridge,2-way,Sealed,,0,0,,80,,None,1,0,,76,Auckland,Nil,,,,,0,0,Open,0,,,Mist or Fog,Null
1929434,5608803,33686,,545710,0,,0,3,,South,2006/2007,SH 50A,EVENDEN ROAD,,Minor Crash,Yes,2006,,North,,0,,Flat,,,,,,Bright sun,1471201,1,0,0,2,,,0,,,,,,Hawke's Bay Region,Nil,2-way,Sealed,,0,0,,100,,Null,0,0,,30,Hastings District,Nil,,,,,0,0,Open,0,,,Fine,Null
1789832,5821512,33687,,527912,0,0,0,1,0,East,2005/2006,HOROTIU ROAD,NGARUAWAHIA ROAD,,Non-Injury Crash,No,2006,0,North,2,0,0,Flat,0,Easter,0,,0,Bright sun,975500,0,0,0,2,0,0,0,0,0,,0,0,Waikato Region,Nil,2-way,Sealed,0,0,0,0,100,0,Null,1,0,,13,Waikato District,Unknown,0,0,0,0,0,0,Open,0,0,0,Fine,Null
1748153,5914120,33688,,511700,0,,0,2,,Null,2006/2007,GREAT NORTH ROAD,ARCHIBALD ROAD,,Non-Injury Crash,No,2006,,East,,0,,Flat,,,,,,Overcast,270201,0,0,0,2,,,0,,,,,,Auckland Region,Nil,2-way,Sealed,,0,0,,50,,Off,0,0,,76,Auckland,Traffic Signals,,,,,0,0,Urban,0,,,Fine,Null
1772480,5896524,33689,,525420,0,0,0,0,0,Null,2006/2007,EAST ST,QUEEN ST,,Non-Injury Crash,No,2006,0,North,0,0,0,Flat,0,,0,,0,Bright sun,791600,0,0,0,3,0,0,0,0,1,,0,0,Auckland Region,Nil,2-way,Sealed,0,0,0,0,50,0,Off,2,0,,76,Auckland,Traffic Signals,0,0,0,0,0,0,Urban,0,0,0,Fine,Null
1739614,5918968,33690,,513702,0,,0,1,,Null,2005/2006,SWANSON ROAD,WAITAKERE ROAD,,Non-Injury Crash,No,2006,,East,,0,,Flat,,,,,,Bright sun,237100,0,0,0,2,,,0,,,,,,Auckland Region,Nil,2-way,Sealed,,0,0,,80,,Off,0,0,,76,Auckland,Stop,,,,,0,0,Open,1,,,Fine,Null
1756681,5916490,33691,,518202,0,0,0,1,0,East,2006/2007,FAIRVIEW ROAD,HENLEY ROAD,,Non-Injury Crash,No,2006,0,West,0,0,0,Hill Road,0,,0,,0,Dark,550600,0,0,0,2,0,0,0,0,1,,0,0,Auckland Region,Nil,2-way,Sealed,0,0,0,0,50,0,On,0,0,,76,Auckland,Nil,0,0,0,0,0,0,Urban,1,0,0,Light rain,Null
1748753,5428643,33692,,573000,0,,0,1,,Null,2006/2007,LAMBTON QUAY,BALLANCE ST,,Minor Crash,No,2006,,South,,0,,Flat,,,,,,Bright sun,2123700,1,0,1,2,,,0,,,,,,Wellington Region,Nil,2-way,Sealed,,0,0,,50,,Null,0,0,,47,Wellington City,Nil,,,,,0,0,Urban,0,,,Fine,Null
1719947,6045660,33693,,503100,0,,0,2,,Null,2005/2006,DENT ST,REYBURN ST,,Non-Injury Crash,No,2006,,West,,0,,Flat,,,,,,Dark,99903,0,0,0,2,,,0,,,,,,Northland Region,Nil,2-way,Sealed,,0,0,,50,,On,0,0,,2,Whangarei District,Nil,,,,,0,0,Urban,0,,,Light rain,Null
1755047,5918277,33694,,517500,0,0,0,1,0,West,2005/2006,SH 16,BOND OBR,,Non-Injury Crash,Yes,2006,0,West,0,0,0,Flat,1,,0,,0,Dark,529900,0,0,0,3,0,0,0,0,0,,0,0,Auckland Region,Nil,2-way,Sealed,0,0,0,0,100,0,On,0,0,,76,Auckland,Nil,0,0,0,0,0,0,Open,0,0,0,Fine,Null
1818558,5543894,33695,,560720,0,,0,2,,Null,2005/2006,SH 54,EYRE ST,,Non-Injury Crash,Yes,2006,,East,,0,,Flat,,,,,,Overcast,1766200,0,0,0,2,,,0,,,,,,Manawatū-Whanganui Region,Nil,2-way,Sealed,,0,0,,50,,Null,0,0,,39,Manawatu District,Nil,,,,,0,0,Urban,0,,,Fine,Null
1753981,5929363,33696,,508420,0,,0,2,,Null,2005/2006,WAIRAU ROAD,ELLICE ROAD,,Non-Injury Crash,No,2006,,East,,0,,Hill Road,,,,,,Bright sun,183100,0,0,0,3,,,0,,,,,,Auckland Region,Nil,2-way,Sealed,,0,0,,50,,Off,0,0,,76,Auckland,Give way,,,,,0,0,Urban,0,,,Fine,Null
1821895,5529362,33697,,562800,0,0,0,2,0,Null,2005/2006,THE SQUARE,CHURCH ST,,Non-Injury Crash,No,2006,0,East,0,0,0,Flat,0,,0,,0,Dark,1829400,0,0,0,2,0,0,0,0,1,,0,0,Manawatū-Whanganui Region,Nil,2-way,Sealed,0,0,0,0,50,0,On,0,0,,40,Palmerston North City,Traffic Signals,0,0,0,0,0,0,Urban,0,0,0,Fine,Null
1751500,5435050,33698,,573700,1,,0,0,,Null,2006/2007,MOOREFIELD ROAD,JOHNSONVILLE ROAD,,Minor Crash,No,2006,,North,,0,,Flat,,,,,,Overcast,2082800,1,0,0,2,,,0,,,,,,Wellington Region,Nil,2-way,Sealed,,0,0,,50,,Null,0,0,,47,Wellington City,Give way,,,,,0,0,Urban,1,,,Light rain,Null
1758562,5917953,33699,,516101,0,,0,1,,West,2005/2006,REMUERA ROAD,MIDDLETON ROAD,,Non-Injury Crash,No,2006,,East,,0,,Flat,,,,,,Bright sun,480601,0,0,0,4,,,0,,,,,,Auckland Region,Nil,2-way,Sealed,,0,0,,50,,Off,1,0,,76,Auckland,Nil,,,,,0,0,Urban,0,,,Fine,Null
1765008,5904790,33700,,522100,0,,0,2,,Null,2005/2006,KENDERDINE ROAD,BRIDGE ST,,Non-Injury Crash,No,2006,,South,,0,,Hill Road,,,,,,Bright sun,660100,0,0,0,2,,,0,,,,,,Auckland Region,Nil,2-way,Sealed,,0,0,,50,,Off,0,0,,76,Auckland,Stop,,,,,0,0,Urban,0,,,Fine,Null
1884141,5774804,33701,,540410,0,,0,2,,Null,2006/2007,KUIRAU ST,TAREWA ROAD,,Non-Injury Crash,No,2006,,East,,0,,Flat,,,,,,Bright sun,1231800,0,0,0,2,,,0,,,,,,Bay of Plenty Region,Nil,2-way,Sealed,,0,0,,50,,Off,0,0,,24,Rotorua District,Give way,,,,,0,0,Urban,0,,,Fine,Null
1773617,5898597,33702,,523912,0,0,0,0,0,West,2005/2006,WALTERS ROAD,MILL ROAD,,Non-Injury Crash,No,2006,0,East,0,0,0,Flat,0,,0,,0,Overcast,765500,0,0,0,2,0,0,0,0,0,,0,1,Auckland Region,Nil,2-way,Sealed,0,0,0,0,50,0,Off,1,0,,76,Auckland,Nil,0,0,0,0,0,0,Urban,0,0,0,Light rain,Null
1748789,5429388,33703,,572900,0,,0,2,,South,2005/2006,SH 1N,HAWKESTONE OFF SBD,,Non-Injury Crash,Yes,2006,,South,,0,,Flat,,,,,,Bright sun,2119500,0,0,0,3,,,0,,,,,,Wellington Region,Nil,2-way,Sealed,,0,0,,100,,Null,1,0,,47,Wellington City,Nil,,,,,0,0,Open,0,,,Fine,Null
1757852,5435460,33704,,569202,0,0,0,0,0,North,2006/2007,HUTT ROAD,WAKEFIELD ST,,Minor Crash,No,2006,0,North,0,0,0,Flat,0,,0,,0,Dark,1923100,1,0,0,2,0,0,0,0,1,,0,0,Wellington Region,Nil,2-way,Sealed,0,0,0,0,50,0,On,0,0,,46,Lower Hutt City,Nil,0,0,0,0,0,0,Urban,2,0,0,Fine,Null
1759427,5435625,33705,,569100,0,0,0,1,0,South,2006/2007,WOBURN ROAD,MYRTLE ST,,Minor Crash,No,2006,0,North,0,0,0,Flat,0,,0,,0,Dark,1966000,1,0,0,2,0,0,0,0,1,,0,0,Wellington Region,Nil,2-way,Sealed,0,0,0,0,50,0,On,0,0,,46,Lower Hutt City,Nil,0,0,0,0,0,0,Urban,1,0,0,Fine,Null
1797837,5814558,33706,,528602,0,0,0,1,0,West,2005/2006,SH 23,DINSDALE ROAD,,Non-Injury Crash,Yes,2006,0,West,0,0,0,Flat,1,,0,,0,Dark,921100,0,0,0,2,0,0,0,0,0,,0,0,Waikato Region,Nil,2-way,Sealed,0,0,0,0,50,0,On,0,0,,16,Hamilton City,Unknown,0,0,0,0,0,0,Urban,0,0,0,Light rain,Null
1764298,5909601,33707,,521901,0,,0,2,,Null,2006/2007,ATKINSON AVENUE,HIGH ST,,Non-Injury Crash,No,2006,,South,,0,,Flat,,,,,,Dark,784100,0,0,0,5,,,0,,,,,,Auckland Region,Nil,2-way,Sealed,,0,0,,50,,On,0,0,,76,Auckland,Traffic Signals,,,,,0,0,Urban,0,,,Fine,Null
1750243,5914242,33708,,511303,0,0,0,1,0,South,2005/2006,VERONICA ST,GREAT NORTH ROAD,,Non-Injury Crash,No,2006,0,West,0,0,0,Flat,0,,0,,1,Overcast,266200,0,0,0,2,0,0,0,0,0,1,0,0,Auckland Region,Nil,2-way,Sealed,0,0,0,0,50,0,Off,0,0,,76,Auckland,Nil,0,0,0,0,0,0,Urban,0,0,0,Heavy rain,Null
1934060,5620148,33709,,546400,0,0,0,1,0,North,2006/2007,DUNLOP ROAD,CARNEGIE ROAD,,Non-Injury Crash,No,2006,0,South,0,0,0,Flat,0,,0,,0,Bright sun,1427300,0,0,0,2,0,0,0,0,1,,0,0,Hawke's Bay Region,Nil,2-way,Sealed,0,0,0,0,50,0,Null,0,0,,31,Napier City,Unknown,0,0,0,0,1,0,Urban,0,0,0,Fine,Null
2027861,5698912,33710,,544002,0,0,0,0,0,West,2005/2006,MURIWAI BEACH ROAD,WAIERI ROAD,,Serious Crash,No,2006,0,North,0,0,0,Flat,0,,0,,0,Bright sun,1365500,1,0,1,2,0,0,0,0,0,,0,1,Gisborne Region,Nil,2-way,Sealed,0,0,1,0,100,0,Null,0,0,,28,Gisborne District,Nil,0,0,0,0,0,0,Open,0,0,0,Fine,Null
1747763,5426313,33711,,573200,0,0,0,1,0,South,2005/2006,OHIRO ROAD,MAARAMA CRESCENT,,Minor Crash,No,2006,0,South,0,0,0,Hill Road,0,,0,,0,Dark,2159300,2,0,0,2,0,0,0,0,0,,0,1,Wellington Region,Nil,2-way,Sealed,0,0,0,0,50,0,On,0,0,,47,Wellington City,Nil,0,0,0,0,0,0,Urban,0,0,0,Fine,Null
1748458,5431548,33712,,574402,0,,0,2,,North,2005/2006,KENYA ST,TRELISSICK CRESCENT,,Minor Crash,No,2006,,South,,0,,Hill Road,,,,,,Bright sun,2098100,1,0,0,2,,,0,,,,,,Wellington Region,Nil,2-way,Sealed,,0,0,,50,,Null,0,0,,47,Wellington City,Nil,,,,,0,0,Urban,0,,,Fine,Null
1753638,5929109,33713,,508411,0,0,0,2,0,South,2006/2007,GLENFIELD ROAD,ST THOMAS MORE LANE,,Non-Injury Crash,No,2006,0,South,0,0,0,Hill Road,0,,0,,0,Dark,184000,0,0,0,2,0,0,0,0,1,,0,0,Auckland Region,Nil,2-way,Sealed,0,0,0,0,50,0,On,0,0,,76,Auckland,Nil,0,0,0,0,0,0,Urban,0,0,0,Fine,Null
1870739,5816363,33714,,536630,0,1,0,1,0,South,2005/2006,SH 29,BELK ROAD,,Minor Crash,Yes,2006,0,South,0,0,0,Hill Road,0,,0,,0,Dark,1191702,1,0,0,2,0,0,0,0,0,,0,0,Bay of Plenty Region,Bridge,2-way,Sealed,0,0,0,0,100,0,None,0,0,,23,Tauranga City,Unknown,0,0,0,0,0,0,Open,0,0,0,Light rain,Null
1960185,5771319,33715,,542562,0,1,0,1,0,West,2006/2007,SH 2,BELL ROAD,,Serious Crash,Yes,2006,0,West,0,0,0,Flat,0,,0,,0,Bright sun,1295600,0,0,0,2,0,0,0,0,0,,0,0,Bay of Plenty Region,Bridge,2-way,Sealed,0,0,1,0,100,0,Null,0,0,,25,Whakatane District,Unknown,0,0,0,0,0,0,Open,0,0,0,Fine,Null
1841934,5931979,33716,,533200,0,0,0,1,0,North,2005/2006,SH 25,BLUFF ROAD,,Non-Injury Crash,Yes,2006,0,South,1,0,0,Flat,0,,0,,0,Bright sun,1045504,0,0,0,2,0,0,0,0,0,,0,0,Waikato Region,Nil,2-way,Sealed,0,0,0,0,100,0,Null,0,0,,11,Thames-Coromandel District,Unknown,0,0,0,0,0,0,Open,0,0,0,Fine,Null
1802895,5561079,33717,,559500,0,0,0,1,0,Null,2005/2006,Z FCT,WELLINGTON ROAD,,Non-Injury Crash,No,2006,0,South,0,0,0,Flat,0,Christmas New Year,1,,0,Bright sun,1737000,0,0,0,0,0,0,0,0,0,,0,0,Manawatū-Whanganui Region,Nil,Off road,Sealed,0,0,0,0,50,0,Null,0,0,,38,Rangitikei District,Nil,0,0,0,0,0,0,Urban,0,0,0,Fine,Null
1463353,5127182,33718,,598312,0,,0,2,,Null,2005/2006,ARUNDEL RANGITATA ROAD,GERALDINE-ARUNDEL ROAD,,Minor Crash,No,2006,,West,,0,,Flat,,,,,,Overcast,2760700,1,0,0,2,,,0,,,,,,Canterbury Region,Nil,2-way,Sealed,,0,0,,100,,Null,0,0,,64,Timaru District,Stop,,,,,0,0,Open,0,,,Fine,Null
1406849,4918191,33719,,603602,1,,0,1,,Null,2005/2006,SH 1S,ST DAVID ST,,Minor Crash,Yes,2006,,North,,0,,Flat,,,,,,Dark,2866600,1,0,0,2,,,0,,,,,,Otago Region,Nil,1-way,Sealed,,0,0,,50,,On,0,0,,71,Dunedin City,Give way,,,,,0,0,Urban,0,,,Fine,Null
1761994,5903432,33720,,524604,0,,0,1,,Null,2006/2007,SH 20B,ORRS ROAD,,Serious Crash,Yes,2006,,West,,0,,Flat,,,,,,Bright sun,781100,0,0,0,2,,,0,,,,,,Auckland Region,Nil,2-way,Sealed,,0,1,,100,,Off,0,0,,76,Auckland,Give way,,,,,0,0,Open,1,,,Fine,Null
1840668,5747107,33721,30,541320,0,0,0,0,1,South,2006/2007,SH 30,SH 32,,Non-Injury Crash,Yes,2006,0,North,0,0,0,Flat,0,,0,,0,Bright sun,1292100,0,0,0,2,0,0,0,0,0,,0,0,Waikato Region,Nil,2-way,Sealed,0,0,0,0,100,0,None,0,0,,21,Taupo District,Nil,0,0,0,0,0,0,Open,1,0,0,Fine,Null
1747533,5914784,33722,,511100,1,,0,1,,South,2006/2007,SABULITE ROAD,CARTWRIGHT ROAD,,Minor Crash,No,2006,,South,,0,,Flat,,,,,,Bright sun,285202,1,0,0,2,,,0,,,,,,Auckland Region,Nil,2-way,Sealed,,0,0,,50,,Null,0,0,,76,Auckland,Unknown,,,,,0,0,Urban,0,,,Fine,Null
1718797,6051108,33723,,502102,0,,0,1,,Null,2006/2007,CORKS ROAD,GILLINGHAM ROAD,,Minor Crash,No,2006,,North,,0,,Hill Road,,,,,,Twilight,84200,1,0,0,2,,,0,,,,,,Northland Region,Nil,2-way,Sealed,,0,0,,50,,None,1,0,,2,Whangarei District,Nil,,,,,0,0,Urban,0,,,Fine,Null
1749997,5913862,33724,,511303,0,,0,0,,East,2005/2006,TOTARA AVENUE,CLARK ST,,Non-Injury Crash,No,2006,,West,,0,,Flat,,,,,,Bright sun,266000,0,0,0,3,,,0,,,,,,Auckland Region,Nil,2-way,Sealed,,0,0,,50,,Off,0,0,,76,Auckland,Nil,,,,,0,0,Urban,2,,,Fine,Null
1756318,5924409,33725,,509702,0,,0,2,,South,2006/2007,SH 1N,OLD ONEWA OBR,,Non-Injury Crash,Yes,2006,,North,,0,,Flat,,,,,,Bright sun,366700,0,0,0,2,,,0,,,,,,Auckland Region,Nil,1-way,Sealed,,0,0,,80,,Off,1,0,,76,Auckland,Nil,,,,,0,0,Open,0,,,Fine,Null
1573597,5179876,33726,,593700,0,0,0,1,0,Null,2006/2007,LINWOOD AVENUE,BUCKLEYS ROAD,,Serious Crash,No,2006,0,South,0,0,0,Flat,0,,0,,0,Dark,2566700,1,0,0,3,0,0,0,0,0,,0,1,Canterbury Region,Nil,2-way,Sealed,0,0,1,0,50,0,On,0,0,,60,Christchurch City,Traffic Signals,0,0,0,0,0,0,Urban,0,0,0,Light rain,Null
1751907,5435656,33727,,573514,0,,0,1,,North,2006/2007,SH 1N,JOHNSONVILLE ON NBD,,Minor Crash,Yes,2006,,North,,0,,Flat,,,,,,Twilight,2081100,4,0,0,2,,,0,,,,,,Wellington Region,Nil,1-way,Sealed,,0,0,,100,,Off,0,0,,47,Wellington City,Nil,,,,,0,0,Open,0,,,Fine,Null
1568793,5181691,33728,,592200,0,,0,2,,Null,2005/2006,ROSSALL ST,RUGBY ST,,Minor Crash,No,2006,,South,,0,,Flat,,,,,,Overcast,2674600,1,0,0,2,,,0,,,,,,Canterbury Region,Nil,2-way,Sealed,,0,0,,50,,Null,0,0,,60,Christchurch City,Give way,,,,,0,0,Urban,0,,,Fine,Null
1766724,5904441,33729,,524604,0,,0,2,,Null,2006/2007,LAMBIE DRIVE,RONWOOD AVENUE,,Non-Injury Crash,No,2006,,South,,0,,Flat,,,,,,Bright sun,780209,0,0,0,2,,,0,,,,,,Auckland Region,Nil,2-way,Sealed,,0,0,,50,,Off,0,0,,76,Auckland,Give way,,,,,0,0,Urban,0,,,Fine,Null
1765404,5909105,33730,,523402,0,0,0,5,0,South,2005/2006,SH 1N,OTAHUHU ON SBD,,Minor Crash,Yes,2006,1,South,0,0,0,Flat,0,,0,,0,Bright sun,696900,1,0,0,3,0,0,0,0,0,,0,0,Auckland Region,Nil,2-way,Sealed,0,0,0,0,80,0,Off,0,0,,76,Auckland,Nil,0,0,0,0,1,0,Open,0,0,0,Fine,Null
1501420,5139929,33731,,597714,0,0,0,0,0,Null,2006/2007,SH 1S,GOLF LINKS DRIVE,,Serious Crash,Yes,2006,0,South,0,0,0,Flat,0,,0,,0,Bright sun,2745802,0,0,0,2,0,0,0,0,0,,0,0,Canterbury Region,Nil,2-way,Sealed,0,0,1,0,100,0,Null,1,0,,63,Ashburton District,Give way,0,0,0,1,0,0,Open,0,0,0,Fine,Null
1772523,5896857,33732,,525420,0,,0,1,,North,2005/2006,Z CPK KFC,SUBWAY ROAD,,Non-Injury Crash,No,2006,,West,,0,,Flat,,,,,,Dark,792800,0,0,0,1,,,0,,,,,,Auckland Region,Nil,Off road,Sealed,,0,0,,50,,On,1,0,,76,Auckland,Nil,,,,,0,0,Urban,0,,,Fine,Null
1753836,5443071,33733,,570800,0,,0,1,,Null,2005/2006,KENEPURU DRIVE,RAIHA ST,,Non-Injury Crash,No,2006,,North,,0,,Hill Road,,,,,,Overcast,2053105,0,0,0,2,,,0,,,,,,Wellington Region,Nil,2-way,Sealed,,0,0,,50,,Null,1,0,,44,Porirua City,Give way,,,,,0,0,Urban,0,,,Light rain,Null
1745930,5918738,33734,,512500,0,,0,2,,Null,2005/2006,SCHOOL ROAD,CENTRAL PARK DRIVE,,Non-Injury Crash,No,2006,,West,,0,,Flat,,,,,,Overcast,257004,0,0,0,2,,,0,,,,,,Auckland Region,Nil,2-way,Sealed,,0,0,,50,,Off,0,0,,76,Auckland,Stop,,,,,0,0,Urban,0,,,Heavy rain,Null
1572589,5184748,33735,,590507,0,,0,2,,Null,2006/2007,SH 74,MARSHLAND ROAD,,Minor Crash,Yes,2006,,East,,0,,Flat,,,,,,Overcast,2505701,1,0,0,2,,,0,,,,,,Canterbury Region,Nil,1-way,Sealed,,0,0,,80,,Null,0,0,,60,Christchurch City,Give way,,,,,0,0,Open,0,,,Light rain,Null
1759156,5915522,33736,,519300,0,,0,2,,West,2005/2006,GREEN LANE WEST,PURIRI DRIVE,,Minor Crash,No,2006,,East,,0,,Flat,,,,,,Bright sun,622900,1,0,0,4,,,0,,,,,,Auckland Region,Nil,2-way,Sealed,,0,0,,50,,Off,0,0,,76,Auckland,Nil,,,,,0,0,Urban,0,,,Fine,Null