X,Y,OBJECTID,advisorySpeed,areaUnitID,bicycle,bridge,bus,carStationWagon,cliffBank,crashDirectionDescription,crashFinancialYear,crashLocation1,crashLocation2,crashRoadSideRoad,crashSeverity,crashSHDescription,crashYear,debris,directionRoleDescription,ditch,fatalCount,fence,flatHill,guardRail,holiday,houseOrBuilding,intersection,kerb,light,meshblockId,minorInjuryCount,moped,motorcycle,NumberOfLanes,objectThrownOrDropped,otherObject,otherVehicleType,overBank,parkedVehicle,pedestrian,phoneBoxEtc,postOrPole,region,roadCharacter,roadLane,roadSurface,roadworks,schoolBus,seriousInjuryCount,slipOrFlood,speedLimit,strayAnimal,streetLight,suv,taxi,temporarySpeedLimit,tlaId,tlaName,trafficControl,trafficIsland,trafficSign,train,tree,truck,unknownVehicleType,urban,vanOrUtility,vehicle,waterRiver,weatherA,weatherB
1758076,5917540,33737,,515700,0,0,0,2,0,East,2006/2007,ALPERS AVENUE,GILLIES AVENUE,,Non-Injury Crash,No,2006,0,East,0,0,0,Flat,0,,0,,0,Bright sun,443401,0,0,0,2,0,0,0,0,1,,0,0,Auckland Region,Nil,1-way,Sealed,0,0,0,0,50,0,Off,0,0,,76,Auckland,Traffic Signals,0,0,0,0,0,0,Urban,0,0,0,Fine,Null
1885385,5823866,33738,,536832,0,,0,3,,North,2005/2006,SH 2,TRUMAN ROAD,,Serious Crash,Yes,2006,,North,,0,,Flat,,,,,,Bright sun,1204917,1,0,0,3,,,0,,,,,,Bay of Plenty Region,Nil,2-way,Sealed,,0,1,,100,,Null,0,0,,23,Tauranga City,Unknown,,,,,1,0,Open,0,,,Fine,Null
1753832,5926763,33739,,508220,0,,0,2,,Null,2005/2006,GLENFIELD ROAD,CORONATION ROAD,,Minor Crash,No,2006,,South,,0,,Flat,,,,,,Overcast,187803,2,0,0,2,,,0,,,,,,Auckland Region,Nil,2-way,Sealed,,0,0,,50,,Off,0,0,,76,Auckland,Give way,,,,,0,0,Urban,0,,,Fine,Null
1756627,5930509,33740,,507710,0,,0,3,,Null,2005/2006,EAST COAST ROAD,ABERDEEN ROAD,,Non-Injury Crash,No,2006,,East,,0,,Flat,,,,,,Overcast,314700,0,0,0,3,,,0,,,,,,Auckland Region,Nil,2-way,Sealed,,0,0,,50,,Null,0,0,,76,Auckland,Give way,,,,,0,0,Urban,0,,,Fine,Null
1767111,5905525,33741,,524603,0,,0,2,,Null,2006/2007,GREAT SOUTH ROAD,REAGAN ROAD,,Non-Injury Crash,No,2006,,South,,0,,Flat,,,,,,Twilight,780205,0,0,0,6,,,0,,,,,,Auckland Region,Nil,2-way,Sealed,,0,0,,50,,Off,0,0,,76,Auckland,Traffic Signals,,,,,0,0,Urban,0,,,Fine,Null
1648874,6126917,33742,,500202,0,,0,2,,Null,2005/2006,SH 10,WATERFRONT DRIVE,,Non-Injury Crash,Yes,2006,,South,,0,,Hill Road,,,,,,Overcast,5201,0,0,0,3,,,0,,,,,,Northland Region,Nil,2-way,Sealed,,0,0,,100,,Off,0,0,,1,Far North District,Give way,,,,,0,0,Open,0,,,Fine,Null
1300630,5006139,33743,,608600,0,,0,1,,East,2006/2007,SH 8B,SH 8,,Minor Crash,Yes,2006,,East,,0,,Flat,,,,,,Bright sun,3031505,1,0,0,2,,,0,,,,,,Otago Region,Nil,2-way,Sealed,,0,0,,100,,Null,1,0,,69,Central Otago District,Unknown,,,,,0,0,Open,0,,,Fine,Null
1752784,5946881,33744,,505906,0,0,0,1,0,Null,2006/2007,WHANGAPARAOA ROAD,MARELLEN DRIVE,,Non-Injury Crash,No,2006,0,East,0,0,0,Hill Road,0,,0,,0,Bright sun,173803,0,0,0,4,0,0,0,0,0,,0,0,Auckland Region,Nil,2-way,Sealed,0,0,0,0,50,0,Off,1,0,,76,Auckland,Stop,0,0,0,0,0,0,Urban,0,1,0,Fine,Null
1768082,5900493,33745,,525101,0,,0,2,,Null,2005/2006,WEYMOUTH ROAD,COXHEAD ROAD,,Non-Injury Crash,No,2006,,West,,0,,Flat,,,,,,Dark,771200,0,0,0,2,,,0,,,,,,Auckland Region,Nil,2-way,Sealed,,0,0,,50,,On,0,0,,76,Auckland,Nil,,,,,0,0,Urban,0,,,Fine,Null
1798987,5813367,33746,,528900,0,,0,2,,West,2006/2007,SH 1N,LATHAM COURT,,Serious Crash,Yes,2006,,South,,0,,Flat,,,,,,Dark,916402,1,0,0,2,,,0,,,,,,Waikato Region,Nil,2-way,Sealed,,0,1,,50,,On,0,0,,16,Hamilton City,Unknown,,,,,0,0,Urban,0,,,Fine,Null
1732739,5928995,33747,,506652,0,0,0,1,1,North,2005/2006,MURIWAI ROAD,SCHOOL ROAD N,,Non-Injury Crash,No,2006,0,North,0,0,0,Hill Road,0,,0,,0,Dark,219100,0,0,0,2,0,0,0,0,0,,0,0,Auckland Region,Nil,2-way,Sealed,0,0,0,0,100,0,On,0,0,,76,Auckland,Nil,0,0,0,0,0,0,Open,0,0,0,Fine,Null
1765164,5909620,33748,,521802,0,0,0,1,0,North,2005/2006,OTAHUHU OFF NBD,SH 1N,,Non-Injury Crash,Yes,2006,0,North,0,0,0,Flat,0,,0,,0,Dark,788400,0,0,0,1,0,0,0,0,0,,0,1,Auckland Region,Motorway ramp,1-way,Sealed,0,0,0,0,100,0,On,0,0,,76,Auckland,Nil,0,0,0,0,0,0,Open,0,0,0,Fine,Null
1461257,5108197,33749,,598312,0,0,0,1,0,North,2005/2006,GERALDINE-WINCHESTER HIGH,SH 1S,,Fatal Crash,No,2006,0,North,0,1,0,Flat,0,,0,,0,Twilight,2760300,0,0,0,2,0,0,0,0,0,,0,1,Canterbury Region,Nil,2-way,Sealed,0,0,0,0,100,0,None,0,0,,64,Timaru District,Unknown,0,0,0,0,0,0,Open,0,0,0,Light rain,Null
1753034,5876005,33750,,526103,0,0,0,2,0,South,2005/2006,NORFOLK RISE,CHURCHILL TERRACE,,Non-Injury Crash,No,2006,0,North,0,0,0,Flat,0,,0,,0,Overcast,837207,0,0,0,2,0,0,0,0,1,,0,0,Auckland Region,Nil,2-way,Sealed,0,0,0,0,50,0,Off,0,0,,76,Auckland,Nil,0,0,0,0,0,0,Urban,0,0,0,Fine,Null
1752400,5918091,33751,,515001,0,,0,1,,Null,2006/2007,CARRINGTON ROAD,GREAT NORTH ROAD,,Non-Injury Crash,No,2006,,South,,0,,Flat,,,,,,Bright sun,392400,0,0,0,3,,,0,,,,,,Auckland Region,Nil,2-way,Sealed,,0,0,,50,,Off,1,0,,76,Auckland,Traffic Signals,,,,,0,0,Urban,0,,,Fine,Null
1748791,5431426,33752,,574402,1,,0,0,,Null,2006/2007,COCKAYNE ROAD,CROFTON ROAD,,Minor Crash,No,2006,,South,,0,,Hill Road,,,,,,Bright sun,2097200,1,0,0,2,,,0,,,,,,Wellington Region,Nil,2-way,Sealed,,0,0,,50,,Null,1,0,,47,Wellington City,Give way,,,,,0,0,Urban,0,,,Fine,Null
1742022,6005414,33753,,505021,0,0,0,1,0,Null,2006/2007,MANGAWHAI HEADS ROAD,JACK BOYD DRIVE,,Minor Crash,No,2006,0,West,1,0,0,Hill Road,0,,0,,0,Dark,133425,1,0,0,2,0,0,0,0,0,,0,0,Northland Region,Nil,2-way,Sealed,0,0,0,0,70,0,Off,0,0,50,3,Kaipara District,Nil,0,0,0,0,0,0,Urban,0,0,0,Fine,Null
1376553,5057531,33754,,600831,0,1,0,0,0,West,2006/2007,SH 83,LOCH LAIRD ROAD,,Minor Crash,Yes,2006,0,East,0,0,0,Flat,0,,0,,0,Bright sun,2852300,1,0,0,2,0,0,0,0,0,,0,0,Canterbury Region,Bridge,2-way,Sealed,0,0,0,0,100,0,Null,0,0,,68,Waitaki District,Unknown,0,0,0,0,0,0,Open,1,0,0,Fine,Null
1441269,5006214,33755,,601010,0,,0,1,,South,2005/2006,SH 1S,WITHAM ST,,Minor Crash,Yes,2006,,South,,0,,Flat,,,,,,Dark,2845200,2,0,0,2,,,0,,,1,,,Otago Region,Nil,2-way,Sealed,,0,0,,50,,On,0,0,,68,Waitaki District,Nil,,,,,0,0,Urban,0,,,Fine,Null
1820369,5528529,33756,,563000,0,0,0,1,0,Null,2006/2007,BOTANICAL ROAD,CHURCH ST,,Minor Crash,No,2006,0,North,0,0,0,Flat,0,Labour Weekend,0,,0,Twilight,1806000,1,0,0,2,0,0,0,0,0,,0,0,Manawatū-Whanganui Region,Nil,2-way,Sealed,0,0,0,0,50,0,On,1,0,,40,Palmerston North City,Give way,1,1,0,0,0,0,Urban,0,0,0,Fine,Null
1841044,5921055,33757,,533000,0,,0,2,,Null,2005/2006,HALLIGAN ROAD,BUFFALO BEACH ROAD,,Non-Injury Crash,No,2006,,North,,0,,Flat,,,,,,Bright sun,1047101,0,0,0,2,,,0,,,,,,Waikato Region,Nil,2-way,Sealed,,0,0,,50,,Null,0,0,,11,Thames-Coromandel District,Nil,,,,,0,0,Urban,0,,,Fine,Null
1744965,5922054,33758,,513530,0,0,0,2,0,North,2005/2006,COLWILL ROAD,REDWOOD DRIVE,,Non-Injury Crash,No,2006,0,North,0,0,0,Hill Road,0,,0,,0,Dark,225902,0,0,0,2,0,0,0,0,1,,0,0,Auckland Region,Nil,2-way,Sealed,0,0,0,0,50,0,On,0,0,,76,Auckland,Nil,0,0,0,0,0,0,Urban,0,0,0,Fine,Null
1756485,5925061,33759,,509702,0,0,0,2,0,South,2005/2006,SYLVAN AVENUE,EXMOUTH ROAD,,Non-Injury Crash,No,2006,0,North,0,0,0,Hill Road,0,,0,,0,Dark,366602,0,0,0,2,0,0,0,0,1,,0,0,Auckland Region,Nil,2-way,Sealed,0,0,0,0,50,0,On,0,0,,76,Auckland,Nil,0,0,0,0,0,0,Urban,0,0,0,Fine,Null
1643485,5297004,33760,,581500,0,0,0,0,0,Null,2005/2006,MOANA ROAD,RAILWAY XING,,Fatal Crash,No,2006,0,East,0,1,0,Flat,0,,0,,0,Bright sun,2310900,0,0,0,2,0,0,0,0,0,,0,0,Canterbury Region,Rail xing,2-way,Sealed,0,0,1,0,100,0,Null,0,0,,54,Kaikoura District,Stop,0,0,1,0,0,0,Open,1,0,0,Fine,Null
1720098,6045085,33761,,503100,0,0,0,2,0,East,2005/2006,Z CPK COUNTDOWN,OKARA DRIVE,,Non-Injury Crash,No,2006,0,South,0,0,0,Flat,0,,0,,0,Bright sun,101700,0,0,0,1,0,0,0,0,1,,0,0,Northland Region,Nil,Off road,Sealed,0,0,0,0,50,0,Off,0,0,,2,Whangarei District,Nil,0,0,0,0,0,0,Urban,0,0,0,Fine,Null
1767121,5905528,33762,,524603,0,,0,2,,East,2005/2006,REAGAN ROAD,GREAT SOUTH ROAD,,Non-Injury Crash,No,2006,,West,,0,,Flat,,,,,,Bright sun,671000,0,0,0,3,,,0,,,,,,Auckland Region,Nil,2-way,Sealed,,0,0,,50,,Off,0,0,,76,Auckland,Traffic Signals,,,,,0,0,Urban,0,,,Fine,Null
1770697,5439812,33763,,564530,1,,0,0,,South,2006/2007,BLUE MOUNTAINS ROAD,AVRO ROAD,,Minor Crash,No,2006,,North,,0,,Flat,,,,,,Overcast,1901200,1,0,0,2,,,0,,,,,,Wellington Region,Nil,2-way,Sealed,,0,0,,100,,Null,1,0,,45,Upper Hutt City,Nil,,,,,0,0,Open,0,,,Fine,Null
1562105,5179884,33764,,587400,0,,0,1,,Null,2006/2007,SH 1S CARMEN,TIRANGI ST,,Minor Crash,Yes,2006,,South,,0,,Flat,,,,,,Bright sun,2488601,3,0,0,2,,,0,,,,,,Canterbury Region,Nil,2-way,Sealed,,0,0,,50,,Null,1,0,,60,Christchurch City,Unknown,,,,,1,0,Urban,1,,,Fine,Null
1757414,5918770,33765,,514302,0,,0,2,,North,2006/2007,SH 1N,WELLESLEY OFF NBD,,Non-Injury Crash,Yes,2006,,North,,0,,Flat,,,,,,Dark,442500,0,0,0,3,,,0,,,,,,Auckland Region,Nil,2-way,Sealed,,0,0,,100,,On,1,0,,76,Auckland,Nil,,,,,0,0,Open,0,,,Light rain,Null
1560908,5178594,33766,,587400,0,,0,3,,Null,2005/2006,SH 1S MAIN SOUTH,PARKER ST,,Minor Crash,Yes,2006,,East,,0,,Flat,,,,,,Bright sun,2488201,1,0,0,2,,,0,,,,,,Canterbury Region,Nil,2-way,Sealed,,0,0,,50,,Null,0,0,,60,Christchurch City,Traffic Signals,,,,,0,0,Urban,0,,,Fine,Null
1826320,5886339,33767,,533502,0,,0,2,,Null,2006/2007,ROLLESTON ST,WILLOUGHBY ST,,Minor Crash,No,2006,,North,,0,,Flat,,,,,,Bright sun,1053700,1,0,0,2,,,0,,,,,,Waikato Region,Nil,2-way,Sealed,,0,0,,50,,Null,0,0,,11,Thames-Coromandel District,Stop,,,,,0,0,Urban,0,,,Fine,Null
1741881,5918428,33768,,513214,0,0,0,1,0,South,2005/2006,HETHERINGTON ROAD,POOKS ROAD,,Non-Injury Crash,No,2006,0,North,0,0,1,Hill Road,0,,0,,0,Dark,238502,0,0,0,2,0,0,0,0,0,,0,1,Auckland Region,Nil,2-way,Sealed,0,0,0,0,50,0,On,0,0,,76,Auckland,Nil,0,0,0,0,0,0,Urban,0,0,0,Fine,Null
1770734,5901503,33769,,523816,0,0,0,1,0,North,2005/2006,GIANI COURT,SARTEANO DRIVE,,Non-Injury Crash,No,2006,0,West,0,0,0,Flat,0,,0,,0,Bright sun,759715,0,0,0,2,0,0,0,0,1,,0,0,Auckland Region,Nil,2-way,Sealed,0,0,0,0,20,0,Off,0,0,,76,Auckland,Nil,0,0,0,0,0,0,Urban,1,0,0,Fine,Null
1700300,6091749,33770,,501612,0,0,0,1,1,South,2006/2007,SH 11,WARD DRIVE,,Minor Crash,Yes,2006,0,North,0,0,0,Hill Road,0,,0,,0,Overcast,51401,1,0,0,2,0,0,0,0,0,,0,0,Northland Region,Nil,2-way,Sealed,0,0,0,0,100,0,None,0,0,,1,Far North District,Nil,0,0,0,1,0,0,Open,0,0,0,Light rain,Null
1851660,5765950,33771,,535350,0,0,0,1,0,South,2005/2006,Z DWY KFC,GILES ST,,Non-Injury Crash,No,2006,0,South,0,0,0,Flat,0,,0,,0,Dark,1144500,0,0,0,0,0,0,0,0,0,,0,0,Waikato Region,Nil,Off road,Sealed,0,0,0,0,30,0,On,1,0,,19,South Waikato District,Unknown,0,0,0,0,0,0,Urban,0,1,0,Fine,Null
1891342,5813783,33772,,538501,0,,0,2,,South,2005/2006,NO 3 ROAD,JELLICOE ST,,Non-Injury Crash,No,2006,,North,,0,,Flat,,,,,,Bright sun,1207400,0,0,0,2,,,0,,,,,,Bay of Plenty Region,Nil,2-way,Sealed,,0,0,,50,,Null,0,0,,22,Western Bay of Plenty District,Unknown,,,,,0,0,Urban,0,,,Light rain,Null
1928047,5781505,33773,,542540,0,,1,1,,South,2005/2006,SH 34,ONEPU SPRING ROAD,,Non-Injury Crash,Yes,2006,,North,,0,,Flat,,,,,,Overcast,1324602,0,0,0,2,,,0,,,,,,Bay of Plenty Region,Nil,2-way,Sealed,,0,0,,100,,Null,0,0,,25,Whakatane District,Unknown,,,,,0,0,Open,0,,,Light rain,Null
1580244,5176337,33774,,596102,0,0,0,1,0,East,2006/2007,MAIN ROAD,CLIFTON TERRACE,,Minor Crash,No,2006,1,East,0,0,0,Flat,1,,0,,0,Dark,2702900,2,0,0,2,0,0,0,0,0,,0,0,Canterbury Region,Nil,2-way,Sealed,0,0,0,0,50,0,On,0,0,,60,Christchurch City,Unknown,0,0,0,0,0,0,Urban,0,0,0,Fine,Null
1789681,5840777,33775,,527401,0,0,0,1,0,West,2006/2007,PAKI ST,BAKER ST E,,Minor Crash,No,2006,0,West,0,0,1,Flat,0,,0,,0,Dark,945400,1,0,0,2,0,0,0,0,0,,0,0,Waikato Region,Nil,2-way,Sealed,0,0,0,0,50,0,On,0,0,,13,Waikato District,Nil,0,0,0,0,0,0,Urban,0,0,0,Fine,Null
1765255,5906367,33776,,522202,0,0,0,3,0,East,2006/2007,GUIDE PLACE,KOLMAR ROAD,,Non-Injury Crash,No,2006,0,West,0,0,0,Hill Road,0,,0,,0,Dark,663800,0,0,0,2,0,0,0,0,1,,0,0,Auckland Region,Nil,2-way,Sealed,0,0,0,0,50,0,On,0,0,,76,Auckland,Nil,0,0,0,0,0,0,Urban,0,0,0,Fine,Null
1752257,5937194,33777,,506300,0,0,0,1,0,North,2005/2006,SH 1N,LONELY TRACK OBR,,Non-Injury Crash,Yes,2006,0,North,0,0,0,Hill Road,1,Easter,0,,0,Dark,176101,0,0,0,2,0,0,0,0,0,,0,0,Auckland Region,Nil,1-way,Sealed,0,0,0,0,100,0,Off,0,0,,76,Auckland,Nil,0,0,0,0,0,0,Open,0,0,0,Fine,Null
1570393,5180499,33778,,591500,0,,0,2,,South,2005/2006,DURHAM ST,CHESTER ST WEST,,Minor Crash,No,2006,,South,,0,,Flat,,,,,,Overcast,2653400,1,0,0,2,,,0,,,,,,Canterbury Region,Nil,1-way,Sealed,,0,0,,50,,Null,0,0,,60,Christchurch City,Unknown,,,,,0,0,Urban,0,,,Light rain,Null
1749785,5945944,33779,,506001,0,,0,2,,South,2005/2006,HIBISCUS COAST HIGHWAY,WAINUI ROAD,,Non-Injury Crash,No,2006,,South,,0,,Hill Road,,,,,,Overcast,175600,0,0,0,3,,,0,,,,,,Auckland Region,Nil,2-way,Sealed,,0,0,,80,,None,0,0,,76,Auckland,Nil,,,,,0,0,Open,0,,,Null,Null
1756133,5920539,33780,,514000,0,,0,0,,Null,2005/2006,COLLEGE HILL,BEAUMONT ST,,Non-Injury Crash,No,2006,,East,,0,,Flat,,,,,,Overcast,416600,0,1,0,2,,,0,,,,,,Auckland Region,Nil,2-way,Sealed,,0,0,,50,,Off,0,0,,76,Auckland,Traffic Signals,,,,,0,0,Urban,1,,,Null,Null
1775732,5579132,33781,,557700,0,,0,2,,West,2005/2006,JONES ST,SH 4,,Non-Injury Crash,No,2006,,East,,0,,Hill Road,,,,,,Bright sun,1692900,0,0,0,2,,,0,,,,,,Manawatū-Whanganui Region,Nil,2-way,Sealed,,0,0,,50,,Null,0,0,,37,Whanganui District,Nil,,,,,0,0,Urban,0,,,Fine,Null
1931040,5613829,33782,,545831,0,0,0,0,0,North,2006/2007,SH 50,PAKOWHAI ON SBD,,Serious Crash,Yes,2006,1,South,0,0,0,Flat,0,,0,,0,Dark,1404600,0,1,0,4,0,0,0,0,0,,0,0,Hawke's Bay Region,Nil,2-way,Sealed,0,0,1,0,100,0,Off,0,0,,30,Hastings District,Nil,0,0,0,0,0,0,Open,0,0,0,Fine,Null
1760116,5908830,33783,,524403,0,,0,0,,Null,2006/2007,WALMSLEY ROAD,MAHUNGA DRIVE,,Minor Crash,No,2006,,East,,0,,Flat,,,,,,Bright sun,729500,1,0,0,3,,,0,,,,,,Auckland Region,Nil,2-way,Sealed,,0,0,,50,,Null,2,0,,76,Auckland,Traffic Signals,,,,,0,0,Urban,0,,,Fine,Null
1832714,5904251,33784,40,533603,0,,0,1,,East,2005/2006,TAPU COROGLEN ROAD,SH 25,,Non-Injury Crash,No,2006,,West,,0,,Hill Road,,,,,,Overcast,1056502,0,0,0,2,,,0,,,,,,Waikato Region,Nil,2-way,Unsealed,,0,0,,100,,Null,0,0,,11,Thames-Coromandel District,Unknown,,,,,0,0,Open,1,,,Fine,Null
1756367,5920361,33785,,514102,0,0,0,1,0,Null,2006/2007,SALE ST,UNION ST,,Non-Injury Crash,No,2006,0,West,0,0,0,Hill Road,1,,0,,0,Dark,432700,0,0,0,1,0,0,0,0,0,,0,0,Auckland Region,Nil,1-way,Sealed,0,0,0,0,50,0,None,0,0,,76,Auckland,Nil,0,1,0,0,0,0,Urban,0,0,0,Fine,Null
1756782,5919749,33786,,514102,0,,0,2,,Null,2005/2006,PITT ST,VINCENT ST,,Non-Injury Crash,No,2006,,North,,0,,Hill Road,,,,,,Twilight,435500,0,0,0,4,,,0,,,,,,Auckland Region,Nil,2-way,Sealed,,0,0,,50,,On,0,0,,76,Auckland,Traffic Signals,,,,,0,0,Urban,0,,,Fine,Null
1534065,5352396,33787,,581842,0,0,0,0,1,South,2006/2007,SH 65,RUFFE CREEK BR,,Serious Crash,Yes,2006,0,North,0,0,0,Flat,0,,0,,0,Twilight,2381000,0,0,0,2,0,0,0,0,0,,0,0,Tasman Region,Nil,2-way,Sealed,0,0,1,0,100,0,None,0,0,,51,Tasman District,Nil,0,0,0,1,1,0,Open,0,0,0,Light rain,Null
1767952,5902333,33788,,525001,0,0,0,1,0,West,2006/2007,BROWNS ROAD,MAICH ROAD,,Minor Crash,No,2006,0,East,0,0,0,Flat,0,,0,,0,Overcast,750300,1,0,0,2,0,0,0,0,0,,0,0,Auckland Region,Nil,2-way,Sealed,0,0,0,0,50,0,Off,0,0,,76,Auckland,Nil,0,0,0,1,0,0,Urban,0,0,0,Fine,Null
1671597,6079944,33789,,501634,0,0,0,1,0,South,2006/2007,SH 12,RANGIHAMAMA ROAD,,Fatal Crash,Yes,2006,0,South,1,1,1,Flat,0,,0,,0,Dark,38200,2,0,0,2,0,0,0,0,0,,0,0,Northland Region,Nil,2-way,Sealed,0,0,1,0,100,0,None,0,0,,1,Far North District,Nil,0,0,0,1,0,0,Open,0,0,0,Fine,Null
1788704,5908604,33790,,525202,0,,0,3,,West,2005/2006,CLEVEDON-KAWAKAWA ROAD,TOWNSON ROAD,,Non-Injury Crash,No,2006,,East,,0,,Flat,,,,,,Bright sun,764800,0,0,0,2,,,0,,,,,,Auckland Region,Nil,2-way,Sealed,,0,0,,80,,None,0,0,,76,Auckland,Nil,,,,,0,0,Open,0,,,Fine,Null
1349102,4874765,33791,,607400,0,,0,2,,Null,2006/2007,SH 1S,HASBOROUGH PLACE,,Minor Crash,Yes,2006,,South,,0,,Hill Road,,,,,,Overcast,2991800,1,0,0,2,,,0,,,,,,Otago Region,Nil,2-way,Sealed,,0,0,,50,,Null,0,0,,72,Clutha District,Give way,,,,,0,0,Urban,0,,,Light rain,Strong wind
1979717,5669551,33792,,545301,0,0,0,0,1,West,2006/2007,SH 2,MITCHELL ROAD W,,Minor Crash,Yes,2006,0,South,0,0,0,Flat,0,,0,,0,Dark,1391701,1,0,0,2,0,0,0,0,0,,0,0,Hawke's Bay Region,Nil,2-way,Sealed,0,0,0,0,100,0,None,1,0,,29,Wairoa District,Nil,0,0,0,1,0,0,Open,0,0,0,Fine,Null
1673300,6017710,33793,,504501,0,0,0,1,0,North,2006/2007,MOUNT WESLEY COAST ROAD,HILLIAM ROAD,,Minor Crash,No,2006,0,North,0,0,0,Flat,0,,0,,0,Bright sun,124300,2,0,0,2,0,0,0,0,0,,0,0,Northland Region,Nil,2-way,Unsealed,0,0,0,0,100,0,None,0,0,,3,Kaipara District,Nil,0,0,0,1,0,0,Open,0,0,0,Fine,Strong wind
1741668,5929372,33794,,505604,0,0,0,2,0,South,2005/2006,COATESVILLE-RIVERHEAD HIG,SHORT ROAD,,Minor Crash,No,2006,0,North,1,0,0,Flat,0,Queens Birthday,0,,0,Bright sun,214300,1,0,0,2,0,0,0,0,0,,0,0,Auckland Region,Nil,2-way,Sealed,0,0,0,0,100,0,None,0,0,,76,Auckland,Nil,0,0,0,0,0,0,Open,0,0,0,Fine,Null
1763811,5912978,33795,,520402,0,,0,2,,Null,2006/2007,MOUNT WELLINGTON HIGHWAY,ARANUI ROAD,,Non-Injury Crash,No,2006,,North,,0,,Flat,,,,,,Overcast,641502,0,0,0,3,,,0,,,,,,Auckland Region,Nil,1-way,Sealed,,0,0,,50,,Off,0,0,,76,Auckland,Traffic Signals,,,,,0,0,Urban,0,,,Heavy rain,Null
1748307,5428934,33796,,572900,1,,0,1,,North,2006/2007,TINAKORI ROAD,UPTON TERRACE,,Serious Crash,No,2006,,East,,0,,Flat,,,,,,Twilight,2123100,0,0,0,2,,,0,,,,,,Wellington Region,Nil,2-way,Sealed,,0,1,,50,,On,0,0,,47,Wellington City,Nil,,,,,0,0,Urban,0,,,Fine,Null
1749845,5422697,33797,,576100,0,0,0,1,0,North,2005/2006,QUEENS DRIVE,HUNGERFORD ROAD,,Non-Injury Crash,No,2006,0,North,0,0,1,Flat,0,,1,,0,Overcast,2195503,0,0,0,2,0,0,0,0,0,,0,0,Wellington Region,Nil,2-way,Sealed,0,0,0,0,50,0,Null,0,0,,47,Wellington City,Nil,0,0,0,0,0,0,Urban,0,0,0,Fine,Null
1756489,5913118,33798,,518701,0,,0,1,,West,2006/2007,CARR ROAD,GERRARD ST,,Minor Crash,No,2006,,West,,0,,Flat,,,,,,Overcast,568800,1,0,0,2,,,0,,,,,,Auckland Region,Nil,2-way,Sealed,,0,0,,50,,Off,0,0,,76,Auckland,Nil,,,,,0,0,Urban,1,,,Light rain,Null
1817519,5460141,33799,,579400,0,,0,2,,Null,2006/2007,SH 2,EAST TARATAHI ROAD,,Non-Injury Crash,Yes,2006,,South,,0,,Flat,,,,,,Bright sun,2262200,0,0,0,2,,,0,,,,,,Wellington Region,Nil,2-way,Sealed,,0,0,,100,,Null,0,0,,49,Carterton District,Give way,,,,,0,0,Open,0,,,Fine,Null
1773612,5477741,33800,,563704,0,,0,0,,East,2006/2007,PEKA PEKA ROAD,PAETAWA ROAD,,Minor Crash,No,2006,,East,,0,,Flat,,,,,,Overcast,1883808,1,0,0,2,,,0,,,,,,Wellington Region,Nil,2-way,Sealed,,0,0,,100,,Null,2,0,,43,Kapiti Coast District,Nil,,,,,0,0,Open,0,,,Fine,Null
1765893,5906512,33801,,522202,0,0,0,1,0,South,2006/2007,GREAT SOUTH ROAD,REX LANE,,Non-Injury Crash,No,2006,0,South,0,0,0,Flat,0,,0,,0,Twilight,663800,0,0,0,4,0,0,0,0,1,,0,0,Auckland Region,Nil,2-way,Sealed,0,0,0,0,50,0,On,1,0,,76,Auckland,Nil,0,0,0,0,0,0,Urban,0,0,0,Fine,Null
1571371,5179799,33802,,591500,0,,1,1,,Null,2006/2007,LICHFIELD ST,BARBADOES ST,,Minor Crash,No,2006,,South,,0,,Flat,,,,,,Bright sun,2650200,2,0,0,3,,,0,,,,,,Canterbury Region,Nil,1-way,Sealed,,0,0,,50,,Null,0,0,,60,Christchurch City,Traffic Signals,,,,,0,0,Urban,0,,,Fine,Null
1762828,5916045,33803,,516302,0,,0,1,,East,2006/2007,ABBOTTS WAY,KENNETH SMALL PLACE,,Minor Crash,No,2006,,West,,0,,Flat,,,,,,Overcast,463602,2,1,0,2,,,0,,,,,,Auckland Region,Nil,2-way,Sealed,,0,0,,50,,Null,0,0,,76,Auckland,Unknown,,,,,0,0,Urban,0,,,Fine,Null
1756108,5923767,33804,,509800,0,,0,1,,South,2006/2007,SH 1N,ONEWA OBR,,Non-Injury Crash,Yes,2006,,South,,0,,Flat,,,,,,Overcast,358800,0,0,0,5,,,0,,,,,,Auckland Region,Nil,1-way,Sealed,,0,0,,80,,Off,1,0,,76,Auckland,Nil,,,,,0,0,Open,0,,,Light rain,Null
1903848,5565318,33805,,549500,0,0,0,1,0,South,2006/2007,TAVISTOCK ROAD,LEETON DRIVE,,Serious Crash,No,2006,0,South,0,0,1,Flat,0,Labour Weekend,0,,0,Dark,1519900,2,0,0,2,0,0,0,0,0,,0,0,Hawke's Bay Region,Nil,2-way,Sealed,0,0,1,0,50,0,On,0,0,,32,Central Hawke's Bay District,Nil,0,0,0,0,0,0,Urban,0,0,0,Fine,Null
1670238,6085243,33806,50,501634,0,0,0,1,0,South,2006/2007,WAIOHANGA ROAD,TOIA ROAD,,Non-Injury Crash,No,2006,0,South,1,0,0,Flat,0,,0,,0,Bright sun,37902,0,0,0,2,0,0,0,0,0,,0,0,Northland Region,Nil,2-way,Unsealed,0,0,0,0,100,0,Null,0,0,,1,Far North District,Unknown,0,0,0,0,0,0,Open,1,0,0,Fine,Null