X,Y,OBJECTID,advisorySpeed,areaUnitID,bicycle,bridge,bus,carStationWagon,cliffBank,crashDirectionDescription,crashFinancialYear,crashLocation1,crashLocation2,crashRoadSideRoad,crashSeverity,crashSHDescription,crashYear,debris,directionRoleDescription,ditch,fatalCount,fence,flatHill,guardRail,holiday,houseOrBuilding,intersection,kerb,light,meshblockId,minorInjuryCount,moped,motorcycle,NumberOfLanes,objectThrownOrDropped,otherObject,otherVehicleType,overBank,parkedVehicle,pedestrian,phoneBoxEtc,postOrPole,region,roadCharacter,roadLane,roadSurface,roadworks,schoolBus,seriousInjuryCount,slipOrFlood,speedLimit,strayAnimal,streetLight,suv,taxi,temporarySpeedLimit,tlaId,tlaName,trafficControl,trafficIsland,trafficSign,train,tree,truck,unknownVehicleType,urban,vanOrUtility,vehicle,waterRiver,weatherA,weatherB
1843229,5529917,33807,,550200,0,0,0,0,0,North,2006/2007,SH 2,BROOMFIELD ROAD,,Minor Crash,Yes,2006,0,South,0,0,0,Flat,0,,0,,0,Dark,1542600,1,0,1,2,0,0,0,0,0,,0,0,Manawatū-Whanganui Region,Nil,2-way,Sealed,0,0,0,0,100,0,On,0,0,,41,Tararua District,Nil,0,0,0,0,0,0,Open,0,0,0,Fine,Null
1761775,5914014,33808,,520202,0,,0,2,,South,2006/2007,SH 1N,PENROSE OFF NBD,,Non-Injury Crash,Yes,2006,,North,,0,,Flat,,,,,,Overcast,612300,0,0,0,3,,,0,,,,,,Auckland Region,Nil,1-way,Sealed,,0,0,,100,,Off,0,0,,76,Auckland,Nil,,,,,0,0,Open,0,,,Fine,Null
1242435,4849765,33809,,611210,0,,0,3,,South,2006/2007,SH 6,DON ST,,Minor Crash,Yes,2006,,South,,0,,Flat,,,,,,Bright sun,3108100,1,0,0,4,,,0,,,,,,Southland Region,Nil,2-way,Sealed,,0,0,,50,,Null,0,0,,75,Invercargill City,Unknown,,,,,0,0,Urban,0,,,Fine,Null
1802498,5814993,33810,,530200,0,,0,1,,Null,2006/2007,CLYDE ST,GALLOWAY ST,,Non-Injury Crash,No,2006,,West,,0,,Flat,,,,,,Dark,893300,0,0,0,4,,,0,,,,,,Waikato Region,Nil,2-way,Sealed,,0,0,,50,,On,0,0,,16,Hamilton City,Traffic Signals,,,,,1,0,Urban,0,,,Fine,Null
1851856,5894850,33811,,533603,0,0,0,0,1,East,2006/2007,HIKUAI SETTLEMENT ROAD,SH 25,,Serious Crash,No,2006,0,East,0,0,0,Hill Road,0,,0,,0,Overcast,1059612,0,0,0,2,0,0,0,0,0,,0,0,Waikato Region,Nil,2-way,Sealed,0,0,1,0,100,0,None,0,0,,11,Thames-Coromandel District,Nil,0,0,0,0,0,0,Open,1,0,0,Light rain,Null
1755746,5918371,33812,,515500,0,,0,4,,East,2005/2006,SH 16,MOTAT ON EBD,,Minor Crash,Yes,2006,,East,,0,,Flat,,,,,,Overcast,419400,1,0,0,4,,,0,,,,,,Auckland Region,Nil,1-way,Sealed,,0,0,,100,,Off,0,0,,76,Auckland,Nil,,,,,0,0,Open,0,,,Fine,Null
1798716,5817329,33813,,528700,0,,0,2,,North,2006/2007,STOREY AVENUE,GARNETT AVENUE,,Non-Injury Crash,No,2006,,North,,0,,Flat,,,,,,Dark,901302,0,0,0,2,,,0,,,,,,Waikato Region,Nil,2-way,Sealed,,0,0,,50,,On,0,0,,16,Hamilton City,Give way,,,,,0,0,Urban,0,,,Fine,Null
1789157,5528251,33814,,561200,0,,0,0,,South,2006/2007,Z SAND DUNES,HUNIA/TE KIRI,,Serious Crash,No,2006,,West,,0,,Flat,,,,,,Bright sun,1783801,0,0,1,0,,,0,,,,,,,Nil,Off road,Unsealed,,0,1,,50,,Null,0,0,,39,Manawatu District,Nil,,,,,0,0,Urban,0,,,Fine,Null
1727646,5938140,33815,75,506642,0,0,0,1,0,South,2006/2007,SH 16,RIMMER ROAD,,Non-Injury Crash,Yes,2006,0,North,0,0,0,Flat,0,,0,,0,Dark,211100,0,0,0,2,0,0,0,1,0,,0,1,Auckland Region,Nil,2-way,Sealed,0,0,0,0,100,0,None,0,0,,76,Auckland,Nil,0,0,0,0,0,0,Open,0,0,0,Light rain,Null
1758378,5917420,33816,,519200,0,,0,2,,South,2005/2006,MANUKAU ROAD,GREAT SOUTH ROAD,,Non-Injury Crash,No,2006,,North,,0,,Flat,,,,,,Bright sun,613600,0,0,0,4,,,0,,,,,,Auckland Region,Nil,2-way,Sealed,,0,0,,50,,Off,0,0,,76,Auckland,Nil,,,,,0,0,Urban,0,,,Fine,Null
1762190,5913669,33817,,520401,0,0,0,1,0,Null,2005/2006,SH 1N,PENROSE OBR,,Non-Injury Crash,Yes,2006,0,South,0,0,0,Flat,1,,0,,0,Dark,644300,0,0,0,3,0,0,0,0,0,,0,0,Auckland Region,Nil,1-way,Sealed,0,0,0,0,100,0,On,0,0,,76,Auckland,Nil,0,0,0,0,0,0,Open,0,0,0,Light rain,Null
1761282,5918721,33818,,516201,0,0,0,1,0,North,2006/2007,ORAKEI ROAD,SHORE ROAD,,Non-Injury Crash,No,2006,0,North,0,0,0,Flat,0,,0,,0,Overcast,486000,0,0,0,2,0,0,0,0,0,,1,0,Auckland Region,Nil,2-way,Sealed,0,0,0,0,50,0,Off,0,0,,76,Auckland,Nil,0,0,0,0,0,0,Urban,0,0,0,Light rain,Null
1763087,5458814,33819,,566302,0,0,0,1,1,South,2005/2006,PAEKAKARIKI HILL ROAD,SH 1N,,Minor Crash,No,2006,0,South,1,0,0,Hill Road,0,,0,,0,Dark,2010000,1,0,0,2,0,0,0,0,0,,0,0,Wellington Region,Nil,2-way,Sealed,0,0,0,0,80,0,None,0,0,,43,Kapiti Coast District,Nil,0,0,0,0,0,0,Open,0,0,0,Fine,Frost
1768371,5904445,33820,,523820,0,,0,2,,Null,2005/2006,REDOUBT ROAD,DIORELLA DRIVE,,Non-Injury Crash,No,2006,,West,,0,,Hill Road,,,,,,Dark,759901,0,0,0,2,,,0,,,,,,Auckland Region,Nil,2-way,Sealed,,0,0,,50,,On,0,0,,76,Auckland,Nil,,,,,0,0,Urban,0,,,Fine,Null
1747644,5915395,33821,,511602,0,0,0,1,0,West,2006/2007,HARMEL ROAD,ADDISON DRIVE,,Non-Injury Crash,No,2006,0,East,0,0,1,Flat,0,,0,,0,Dark,273203,0,0,0,2,0,0,0,0,0,,0,0,Auckland Region,Nil,2-way,Sealed,0,0,0,0,50,0,On,0,0,,76,Auckland,Give way,0,0,0,0,0,0,Urban,0,0,0,Fine,Null
1752238,5912425,33822,,514700,0,,0,2,,Null,2005/2006,DONOVAN ST,FRANCIS CURTIS AVENUE,,Non-Injury Crash,No,2006,,West,,0,,Flat,,Queens Birthday,,,,Dark,370700,0,0,0,2,,,0,,,,,,Auckland Region,Nil,2-way,Sealed,,0,0,,50,,On,0,0,,76,Auckland,Nil,,,,,0,0,Urban,0,,,Light rain,Null
1945964,5792584,33823,,542520,0,,0,3,,Null,2005/2006,SH 30,THORNTON ROAD,,Serious Crash,Yes,2006,,East,,0,,Flat,,,,,,Bright sun,1297501,3,0,0,2,,,0,,,,,,Bay of Plenty Region,Nil,2-way,Sealed,,0,1,,100,,Null,0,0,,25,Whakatane District,Give way,,,,,0,0,Open,0,,,Fine,Null
1754819,5447001,33824,,570500,0,0,0,1,0,Null,2006/2007,TITAHI BAY ROAD,ONEPOTO ROAD,,Non-Injury Crash,No,2006,0,North,0,0,0,Flat,0,,0,,0,Dark,2045300,0,0,0,2,0,0,0,0,0,,0,0,Wellington Region,Nil,2-way,Sealed,0,0,0,0,50,0,On,0,0,,44,Porirua City,Give way,1,1,0,0,0,0,Urban,0,0,0,Fine,Null
1409786,4919555,33825,,603210,0,0,0,1,1,East,2006/2007,SIGNAL HILL ROAD,NORTHFIELD AVENUE,,Minor Crash,No,2006,0,West,0,0,0,Hill Road,0,,0,,0,Overcast,2877700,4,0,0,2,0,0,0,0,0,,0,0,Otago Region,Nil,2-way,Sealed,0,0,0,0,50,0,Null,0,0,,71,Dunedin City,Unknown,0,0,0,0,0,0,Urban,0,0,0,Fine,Null
1756953,5927235,33826,,507900,0,,0,3,,North,2006/2007,TAHAROTO ROAD,KARAKA ST,,Non-Injury Crash,No,2006,,North,,0,,Flat,,,,,,Bright sun,303600,0,0,0,5,,,0,,,,,,Auckland Region,Nil,2-way,Sealed,,0,0,,50,,Null,0,0,,76,Auckland,Traffic Signals,,,,,0,0,Urban,0,,,Fine,Null
1764192,5917200,33827,,516302,0,0,0,1,0,South,2005/2006,COLLEGE ROAD,SWAINSTON ROAD,,Non-Injury Crash,No,2006,0,North,0,0,1,Hill Road,0,,1,,0,Bright sun,462823,0,0,0,3,0,0,0,0,0,,1,0,Auckland Region,Nil,2-way,Sealed,0,0,0,0,50,0,Off,0,0,,76,Auckland,Nil,0,0,0,1,0,0,Urban,0,0,0,Fine,Null
1755570,5925100,33828,,509800,0,0,0,1,0,South,2006/2007,LAKE ROAD,KAWANA ST,,Non-Injury Crash,No,2006,0,South,0,0,0,Hill Road,0,,0,,0,Dark,360100,0,0,0,2,0,0,0,0,0,,0,1,Auckland Region,Nil,2-way,Sealed,0,0,0,0,50,0,On,0,0,,76,Auckland,Nil,0,0,0,0,0,0,Urban,0,0,0,Fine,Null
1694857,5673728,33829,,551022,0,,0,2,,Null,2006/2007,SH 3,JUNCTION ST,,Non-Injury Crash,Yes,2006,,West,,0,,Hill Road,,,,,,Twilight,1557904,0,0,0,2,,,0,,,,,,Taranaki Region,Nil,2-way,Sealed,,0,0,,100,,On,0,0,,33,New Plymouth District,Stop,,,,,0,0,Open,0,,,Fine,Null
1766673,5907824,33830,,523501,0,,0,3,,North,2005/2006,Z CPK OTARA SC,EAST TAMAKI ROAD,,Non-Injury Crash,No,2006,,South,,0,,Flat,,,,,,Overcast,700700,0,0,0,0,,,0,,,,,,Auckland Region,Nil,Off road,Sealed,,0,0,,60,,Off,1,0,,76,Auckland,Nil,,,,,0,0,Urban,0,,,Fine,Null
1742266,5926710,33831,,513410,0,,0,2,,Null,2006/2007,SH 16,KENNEDYS ROAD,,Non-Injury Crash,Yes,2006,,North,,0,,Flat,,,,,,Overcast,220400,0,0,0,2,,,0,,,,,,Auckland Region,Nil,2-way,Sealed,,0,0,,80,,Off,0,0,,76,Auckland,Give way,,,,,0,0,Open,0,,,Fine,Null
1935022,5621014,33832,,546600,0,,0,2,,Null,2005/2006,SH 2,SH 50,,Non-Injury Crash,Yes,2006,,North,,0,,Flat,,,,,,Bright sun,1438000,0,0,0,2,,,0,,,,,,Hawke's Bay Region,Nil,2-way,Sealed,,0,0,,50,,Null,0,0,,31,Napier City,Nil,,,,,0,0,Urban,0,,,Fine,Null
1761723,5920029,33833,,516400,0,,0,2,,South,2006/2007,TAMAKI DRIVE,KITEMOANA ST,,Non-Injury Crash,No,2006,,West,,0,,Flat,,,,,,Overcast,496700,0,0,0,2,,,0,,,,,,Auckland Region,Nil,2-way,Sealed,,0,0,,50,,Off,0,0,,76,Auckland,Nil,,,,,0,0,Urban,0,,,Light rain,Null
1394224,4916334,33834,,606210,0,0,0,2,0,East,2005/2006,LANARK ST,IRVINE ST,,Non-Injury Crash,No,2006,0,West,0,0,0,Flat,0,,1,,0,Bright sun,2967700,0,0,0,2,0,0,0,0,1,,0,0,Otago Region,Nil,2-way,Sealed,0,0,0,0,50,0,Null,0,0,,71,Dunedin City,Unknown,0,0,0,0,0,0,Urban,0,0,0,Fine,Null
1758619,5917573,33835,,516001,0,,0,2,,Null,2005/2006,ST MARKS ROAD,ST MARKS ON SBD,,Non-Injury Crash,Yes,2006,,West,,0,,Flat,,,,,,Bright sun,491000,0,0,0,2,,,0,,,,,,Auckland Region,Motorway ramp,2-way,Sealed,,0,0,,50,,Null,0,0,,76,Auckland,Give way,,,,,0,0,Urban,0,,,Fine,Null
1798259,5814538,33836,,529000,0,0,0,3,0,West,2006/2007,KILLARNEY ROAD,CAMPBELL ST,,Non-Injury Crash,No,2006,0,West,0,0,0,Flat,0,,0,,0,Dark,918000,0,0,0,2,0,0,0,0,2,,0,0,Waikato Region,Nil,2-way,Sealed,0,0,0,0,50,0,On,0,0,,16,Hamilton City,Unknown,0,0,0,0,0,0,Urban,0,0,0,Fine,Null
1817450,5527140,33837,,561812,0,0,0,1,0,North,2005/2006,LONGBURN RONGOTEA ROAD,SH 56,,Non-Injury Crash,No,2006,0,South,1,0,0,Flat,0,,0,,0,Dark,1796000,0,0,0,2,0,0,0,0,0,,0,0,Manawatū-Whanganui Region,Nil,2-way,Sealed,0,0,0,0,100,0,On,0,0,,40,Palmerston North City,Nil,0,0,0,0,0,0,Open,0,0,0,Fine,Null
1768841,5900998,33838,,524901,0,,0,2,,North,2006/2007,NEWHOOK LANE,HALVER ROAD,,Non-Injury Crash,No,2006,,South,,0,,Flat,,,,,,Bright sun,757100,0,0,0,2,,,0,,,,,,Auckland Region,Nil,2-way,Sealed,,0,0,,50,,Off,0,0,,76,Auckland,Give way,,,,,0,0,Urban,0,,,Null,Null
1753034,5912487,33839,,518902,0,,0,2,,Null,2006/2007,WHITE SWAN ROAD,HILLSBOROUGH ROAD,,Minor Crash,No,2006,,East,,0,,Hill Road,,,,,,Dark,586700,1,0,0,4,,,0,,,,,,Auckland Region,Nil,2-way,Sealed,,0,0,,50,,On,0,0,,76,Auckland,Stop,,,,,0,0,Urban,0,,,Fine,Null
1409808,4916359,33840,,604810,1,,0,1,,West,2006/2007,PORTOBELLO ROAD,IRVINE ROAD,,Minor Crash,No,2006,,East,,0,,Flat,,,,,,Overcast,2940602,1,0,0,2,,,0,,,,,,Otago Region,Nil,2-way,Sealed,,0,0,,70,,Null,0,0,,71,Dunedin City,Unknown,,,,,0,0,Urban,0,,,Mist or Fog,Null
1756383,5924470,33841,,509702,0,,0,2,,South,2005/2006,SH 1N,OLD ONEWA OBR,,Non-Injury Crash,Yes,2006,,South,,0,,Flat,,,,,,Bright sun,366700,0,0,0,3,,,0,,,,,,Auckland Region,Nil,1-way,Sealed,,0,0,,80,,Off,0,0,,76,Auckland,Nil,,,,,0,0,Open,0,,,Fine,Null
1757975,5927253,33842,,508010,0,0,0,2,0,South,2006/2007,Z CPK SHORE CITY,ANZAC ST,,Non-Injury Crash,No,2006,0,West,0,0,0,Flat,0,,0,,0,Bright sun,327600,0,0,0,0,0,0,0,0,1,,0,0,Auckland Region,Nil,Off road,Sealed,0,0,0,0,30,0,Off,0,0,,76,Auckland,Nil,0,0,0,0,0,0,Urban,0,0,0,Null,Null
1800510,5816095,33843,,529700,0,0,0,3,0,Null,2006/2007,VICTORIA ST,PRINCES ST,,Non-Injury Crash,No,2006,0,South,0,0,0,Flat,0,Christmas New Year,0,,0,Dark,909602,0,0,0,4,0,0,0,0,1,,0,0,Waikato Region,Nil,2-way,Sealed,0,0,0,0,50,0,On,0,0,,16,Hamilton City,Nil,0,0,0,0,0,0,Urban,0,0,0,Fine,Null
1755235,5919198,33844,,515420,0,0,0,2,0,North,2005/2006,DICKENS ST,JULIAN ST,,Non-Injury Crash,No,2006,0,North,0,0,0,Flat,0,,0,,0,Dark,407700,0,0,0,2,0,0,0,0,1,,0,0,Auckland Region,Nil,2-way,Sealed,0,0,0,0,50,0,On,0,0,,76,Auckland,Nil,0,0,0,0,0,0,Urban,0,0,0,Light rain,Null
1699827,5678846,33845,,550901,0,,0,2,,Null,2005/2006,SH 3,MANGATI ROAD,,Serious Crash,Yes,2006,,East,,0,,Flat,,Easter,,,,Bright sun,1561900,0,0,0,4,,,0,,,,,,Taranaki Region,Nil,2-way,Sealed,,0,2,,100,,Null,0,0,,33,New Plymouth District,Give way,,,,,0,0,Open,0,,,Fine,Null
1820821,5531023,33846,,562401,0,0,0,0,0,North,2006/2007,SH 3,TREMAINE AVENUE,,Minor Crash,Yes,2006,0,North,0,0,1,Hill Road,0,,0,,0,Dark,1833900,1,0,0,4,0,0,0,0,0,,0,0,Manawatū-Whanganui Region,Nil,2-way,Sealed,0,0,0,0,50,0,On,0,0,,40,Palmerston North City,Nil,1,1,0,0,0,0,Urban,1,0,0,Light rain,Null
1750337,5914392,33847,,511303,0,0,0,2,0,East,2006/2007,GREAT NORTH ROAD,MEMORIAL SQUARE,,Non-Injury Crash,No,2006,0,East,0,0,0,Flat,0,,0,,0,Overcast,266200,0,0,0,2,0,0,0,0,0,,0,0,Auckland Region,Nil,2-way,Sealed,0,0,0,0,50,0,Off,0,0,,76,Auckland,Nil,0,0,0,0,0,0,Urban,0,1,0,Fine,Null
1768547,5881360,33848,,525921,0,0,0,1,0,Null,2006/2007,HARRINGTON AVENUE,VICTORIA ST,,Non-Injury Crash,No,2006,0,East,0,0,0,Flat,0,,0,,0,Dark,821400,0,0,0,2,0,0,0,0,0,,0,0,Auckland Region,Nil,2-way,Sealed,0,0,0,0,50,0,On,0,0,,76,Auckland,Give way,0,0,0,1,0,0,Urban,0,0,0,Fine,Null
1770647,5901562,33849,,523816,0,,0,1,,Null,2005/2006,ALFRISTON ROAD,STRATFORD ROAD,,Non-Injury Crash,No,2006,,East,,0,,Hill Road,,,,,,Bright sun,759715,0,0,0,2,,,0,,,,,,Auckland Region,Nil,2-way,Sealed,,0,0,,50,,Off,0,0,,76,Auckland,Give way,,,,,0,0,Urban,1,,,Fine,Null
1570394,5180277,33850,,591600,0,1,0,0,0,Null,2005/2006,GLOUCESTER ST,DURHAM ST,,Minor Crash,No,2006,0,South,0,0,0,Flat,0,Christmas New Year,0,,0,Dark,2677900,1,0,0,2,0,0,0,0,0,,0,0,Canterbury Region,Bridge,2-way,Sealed,0,0,0,0,50,0,On,1,0,,60,Christchurch City,Traffic Signals,0,0,0,0,0,0,Urban,0,0,0,Fine,Null
1755429,5922071,33851,,515202,0,,0,2,,North,2005/2006,SH 1N,CURRAN ON NBD,,Non-Injury Crash,Yes,2006,,North,,0,,Flat,,,,,,Dark,423600,0,0,0,5,,,0,,,,,,,Bridge,1-way,Sealed,,0,0,,80,,On,0,0,,76,Auckland,Nil,,,,,0,0,Open,0,,,Fine,Null
1877552,5821834,33852,,538101,0,,0,3,,South,2006/2007,CAMERON ROAD,NINETEENTH AVENUE,,Non-Injury Crash,No,2006,,South,,0,,Flat,,,,,,Bright sun,1170400,0,0,0,2,,,0,,,,,,Bay of Plenty Region,Nil,2-way,Sealed,,0,0,,50,,Off,0,0,,23,Tauranga City,Nil,,,,,0,0,Urban,0,,,Fine,Null
1768879,5900873,33853,,525001,0,,0,2,,North,2006/2007,GREAT SOUTH ROAD,ALFRISTON ROAD,,Non-Injury Crash,No,2006,,South,,0,,Flat,,,,,,Dark,751600,0,0,0,2,,,0,,,,,,Auckland Region,Nil,2-way,Sealed,,0,0,,50,,On,0,0,,76,Auckland,Nil,,,,,0,0,Urban,0,,,Fine,Null
1765455,5907125,33854,,522201,0,,0,2,,Null,2005/2006,GREAT SOUTH ROAD,SHIRLEY ROAD,,Non-Injury Crash,No,2006,,East,,0,,Flat,,,,,,Bright sun,662300,0,0,0,2,,,0,,,,,,Auckland Region,Nil,2-way,Sealed,,0,0,,50,,Off,0,0,,76,Auckland,Give way,,,,,0,0,Urban,0,,,Fine,Null
1680315,5404338,33855,,581230,0,,0,0,,North,2005/2006,MEEHAN ST,DILLONS POINT ROAD,,Minor Crash,No,2006,,North,,0,,Flat,,,,,,Bright sun,2296200,1,0,0,2,,,0,,,1,,,Marlborough Region,Nil,2-way,Sealed,,0,0,,50,,Null,1,0,,53,Marlborough District,Nil,,,,,0,0,Urban,0,,,Fine,Null
1756844,5919251,33856,,514200,0,0,0,1,0,North,2006/2007,SH 1N,UPPER QUEEN OBR,,Minor Crash,Yes,2006,0,South,0,0,0,Flat,1,,0,,0,Overcast,412900,1,0,0,4,0,0,0,0,0,,0,0,Auckland Region,Nil,1-way,Sealed,0,0,0,0,80,0,Off,0,0,,76,Auckland,Nil,0,0,0,0,1,0,Open,0,0,0,Fine,Null
1752372,5916012,33857,,517902,0,0,0,2,0,West,2006/2007,NEW NORTH ROAD,RICHARDSON ROAD,,Non-Injury Crash,No,2006,0,West,0,0,0,Flat,0,,0,,0,Bright sun,520700,0,0,0,2,0,0,0,0,1,,0,0,Auckland Region,Nil,2-way,Sealed,0,0,0,0,50,0,Off,0,0,,76,Auckland,Nil,0,0,0,0,0,0,Urban,0,0,0,Fine,Null
1727725,6039559,33858,,501818,0,0,0,2,1,West,2005/2006,WHANGAREI HEADS ROAD,SCOTT ROAD,,Minor Crash,No,2006,0,West,0,0,0,Flat,0,,0,,1,Dark,73501,1,0,0,2,0,0,0,0,0,,0,0,Northland Region,Nil,2-way,Sealed,0,0,0,0,100,0,None,0,0,,2,Whangarei District,Nil,0,0,0,0,0,0,Open,0,0,0,Fine,Null
1725008,6030981,33859,,501811,0,0,0,0,0,South,2005/2006,SH 1N,HEWLETT ROAD,,Non-Injury Crash,Yes,2006,0,North,2,0,0,Flat,0,,0,,0,Bright sun,78601,0,0,0,2,0,0,0,0,0,,0,0,Northland Region,Nil,2-way,Sealed,0,0,0,0,100,0,None,0,0,,2,Whangarei District,Nil,0,0,0,0,2,0,Open,0,0,0,Fine,Null
1751979,5917906,33860,,515001,0,,0,1,,Null,2005/2006,GREAT NORTH ROAD,WATERVIEW ON WBD N,,Non-Injury Crash,Yes,2006,,North,,0,,Flat,,,,,,Dark,392400,0,0,0,3,,,0,,,,,,Auckland Region,Nil,2-way,Sealed,,0,0,,50,,On,1,0,,76,Auckland,Traffic Signals,,,,,0,0,Urban,0,,,Mist or Fog,Null
1744216,5921922,33861,,513512,1,,0,1,,Null,2005/2006,TRIANGLE ROAD,MAKORA ROAD,,Serious Crash,No,2006,,East,,0,,Hill Road,,,,,,Bright sun,225702,0,0,0,2,,,0,,,,,,Auckland Region,Nil,2-way,Sealed,,0,1,,50,,Null,0,0,,76,Auckland,Give way,,,,,0,0,Urban,0,,,Fine,Null
1770126,5908976,33862,,523115,0,,0,2,,North,2005/2006,CHAPEL ROAD,BARCALDINE ROAD,,Non-Injury Crash,No,2006,,South,,0,,Flat,,,,,,Bright sun,712106,0,0,0,2,,,0,,,,,,Auckland Region,Nil,2-way,Sealed,,0,0,,60,,Off,1,0,,76,Auckland,Nil,,,,,0,0,Urban,0,,,Fine,Null
1788576,5855242,33863,,527210,0,0,0,1,0,Null,2006/2007,SH 1N,GLEN MURRAY ROAD,,Minor Crash,Yes,2006,0,North,1,0,0,Hill Road,0,,0,,0,Bright sun,938602,1,0,0,3,0,0,0,0,0,,0,0,Waikato Region,Nil,2-way,Sealed,0,0,0,0,100,0,Null,0,0,,13,Waikato District,Nil,0,0,0,0,1,0,Open,0,0,0,Fine,Null
1767717,5908683,33864,,523502,0,,0,2,,Null,2006/2007,JOHNSTONES ROAD,HILLS ROAD,,Non-Injury Crash,No,2006,,West,,0,,Flat,,,,,,Bright sun,701300,0,0,0,2,,,0,,,,,,Auckland Region,Nil,2-way,Sealed,,0,0,,50,,Off,0,0,,76,Auckland,Give way,,,,,0,0,Urban,0,,,Fine,Null
1867422,5713681,33865,,541720,0,,0,1,,Null,2005/2006,PAORA HAPE ST,TANIWHA ST,,Minor Crash,No,2006,,North,,0,,Flat,,,,,,Twilight,1273500,1,0,0,2,,,0,,,,,,Waikato Region,Nil,2-way,Sealed,,0,0,,50,,On,1,0,,21,Taupo District,Give way,,,,,0,0,Urban,0,,,Heavy rain,Null
1875322,5823559,33866,,536513,0,,0,1,,East,2005/2006,SH 2,MOFFAT ROAD,,Non-Injury Crash,Yes,2006,,East,,0,,Flat,,,,,,Bright sun,1190704,0,0,0,3,,,0,,,,,,Bay of Plenty Region,Nil,2-way,Sealed,,0,0,,80,,Null,0,0,,23,Tauranga City,Unknown,,,,,0,0,Open,1,,,Fine,Null
1464796,5342609,33867,55,584411,0,0,0,0,0,South,2006/2007,SH 6,FOX RIV BR,,Minor Crash,Yes,2006,0,South,1,0,0,Flat,0,,0,,0,Overcast,2388300,1,0,0,2,0,0,0,0,0,,0,0,West Coast Region,Nil,2-way,Sealed,0,0,0,0,100,0,Null,0,0,,55,Buller District,Unknown,0,0,0,0,0,0,Open,1,0,0,Light rain,Null
1753539,5888452,33868,,521122,1,,0,1,,West,2006/2007,CLARKS BEACH ROAD,FARLEY ROAD,,Minor Crash,No,2006,,West,,0,,Flat,,,,,,Dark,811100,1,0,0,2,,,0,,,,,,Auckland Region,Nil,2-way,Sealed,,0,0,,100,,None,0,0,,76,Auckland,Nil,,,,,0,0,Open,0,,,Fine,Null
1826922,5463322,33869,,578301,0,,0,0,,Null,2005/2006,TE ORE ORE ROAD,TE ORE ORE ROAD,,Non-Injury Crash,No,2006,,East,,0,,Flat,,,,,,Dark,2257300,0,0,0,2,,,0,,,,,,Wellington Region,Nil,2-way,Sealed,,0,0,,100,,On,1,0,,48,Masterton District,Give way,,,,,0,0,Open,0,,,Fine,Null
1622277,5261335,33870,,585601,0,0,0,1,1,North,2005/2006,SH 1S,CADMAN ST,,Minor Crash,Yes,2006,0,South,0,0,0,Hill Road,0,,0,,0,Twilight,2432604,1,0,0,2,0,0,0,0,0,,0,0,Canterbury Region,Nil,2-way,Sealed,0,0,0,0,100,0,None,0,0,,58,Hurunui District,Unknown,0,0,0,0,0,0,Open,0,0,0,Fine,Null
1624558,6113589,33871,,500302,0,,0,0,,East,2006/2007,SH 1N,OXFORD ST,,Non-Injury Crash,Yes,2006,,East,,0,,Flat,,,,,,Overcast,14500,0,0,0,1,,,0,,,1,,,Northland Region,Nil,1-way,Unsealed,,0,0,,50,,Null,1,0,,1,Far North District,Unknown,,,,,0,0,Urban,0,,,Fine,Null
1749590,5427314,33872,,573400,0,,0,2,,Null,2006/2007,ORIENTAL PARADE,HERD ST,,Minor Crash,No,2006,,East,,0,,Flat,,,,,,Bright sun,2138800,1,0,0,2,,,0,,,,,,Wellington Region,Nil,2-way,Sealed,,0,0,,50,,Null,0,0,,47,Wellington City,Give way,,,,,0,0,Urban,0,,,Fine,Null
1766331,5916981,33873,,517001,1,,0,2,,South,2005/2006,ELSTREE AVENUE,TANIWHA ST,,Non-Injury Crash,No,2006,,North,,0,,Flat,,,,,,Bright sun,476500,0,0,0,2,,,0,,,,,,Auckland Region,Nil,2-way,Sealed,,0,0,,50,,Off,0,0,,76,Auckland,Give way,,,,,0,0,Urban,0,,,Fine,Null
1936844,5612852,33874,,545832,0,,0,1,,North,2005/2006,SH 2,FARNDON ROAD,,Minor Crash,Yes,2006,,North,,0,,Flat,,,,,,Dark,1404200,1,0,0,2,,,0,,,,,,Hawke's Bay Region,Nil,2-way,Sealed,,0,0,,100,,None,1,0,,30,Hastings District,Nil,,,,,0,0,Open,0,,,Fine,Null
1769647,5471598,33875,55,566000,0,,0,2,,South,2005/2006,RATANUI ROAD,OTAIHANGA ROAD,,Minor Crash,No,2006,,South,,0,,Flat,,,,,,Dark,1999301,1,0,0,2,,,0,,,,,,Wellington Region,Nil,2-way,Sealed,,0,0,,100,,None,0,0,,43,Kapiti Coast District,Nil,,,,,0,0,Open,0,,,Light rain,Null
1751077,5434598,33876,,573700,0,,0,2,,South,2005/2006,MOOREFIELD ROAD,BRODERICK ROAD,,Non-Injury Crash,No,2006,,South,,0,,Hill Road,,,,,,Overcast,2082700,0,0,0,2,,,0,,,,,,Wellington Region,Nil,2-way,Unsealed,,0,0,,50,,Null,0,0,,47,Wellington City,Nil,,,,,0,0,Urban,0,,,Fine,Null
1583446,5469473,33877,,581601,0,0,0,0,0,South,2005/2006,SH 60,WAINGARO ROAD,,Minor Crash,Yes,2006,0,North,0,0,1,Hill Road,0,,0,,0,Bright sun,2346900,1,0,1,2,0,0,0,0,0,,0,0,Tasman Region,Nil,2-way,Sealed,0,0,0,0,100,0,Null,0,0,,51,Tasman District,Nil,0,0,0,0,0,0,Open,0,0,0,Fine,Null