X,Y,OBJECTID,advisorySpeed,areaUnitID,bicycle,bridge,bus,carStationWagon,cliffBank,crashDirectionDescription,crashFinancialYear,crashLocation1,crashLocation2,crashRoadSideRoad,crashSeverity,crashSHDescription,crashYear,debris,directionRoleDescription,ditch,fatalCount,fence,flatHill,guardRail,holiday,houseOrBuilding,intersection,kerb,light,meshblockId,minorInjuryCount,moped,motorcycle,NumberOfLanes,objectThrownOrDropped,otherObject,otherVehicleType,overBank,parkedVehicle,pedestrian,phoneBoxEtc,postOrPole,region,roadCharacter,roadLane,roadSurface,roadworks,schoolBus,seriousInjuryCount,slipOrFlood,speedLimit,strayAnimal,streetLight,suv,taxi,temporarySpeedLimit,tlaId,tlaName,trafficControl,trafficIsland,trafficSign,train,tree,truck,unknownVehicleType,urban,vanOrUtility,vehicle,waterRiver,weatherA,weatherB
1766891,5907845,33878,,523501,0,,0,3,,South,2006/2007,BAIRDS ROAD,HAYMAN ST,,Non-Injury Crash,No,2006,,North,,0,,Flat,,,,,,Bright sun,700602,0,0,0,2,,,0,,,,,,Auckland Region,Nil,2-way,Sealed,,0,0,,50,,Off,0,0,,76,Auckland,Nil,,,,,0,0,Urban,0,,,Fine,Null
1625388,5432993,33879,,582100,0,0,0,1,0,North,2005/2006,SH 6,ATAWHAI DRIVE,,Fatal Crash,Yes,2006,0,North,0,1,0,Flat,0,,0,,0,Dark,2316803,0,0,0,3,0,0,0,0,0,,0,0,Nelson Region,Nil,2-way,Sealed,0,0,0,0,100,0,On,0,0,,52,Nelson City,Nil,0,0,0,1,0,0,Open,0,0,0,Fine,Null
1878880,5824255,33880,,538201,0,,0,2,,Null,2006/2007,SH 2,ELIZABETH ST,,Non-Injury Crash,Yes,2006,,South,,0,,Flat,,,,,,Bright sun,1164600,0,0,0,2,,,0,,,,,,Bay of Plenty Region,Nil,1-way,Sealed,,0,0,,50,,Off,0,0,,23,Tauranga City,Nil,,,,,0,0,Urban,0,,,Fine,Null
1932139,5611571,33881,,545832,0,,0,1,,Null,2006/2007,PAKOWHAI ROAD,BROOKFIELDS ROAD,,Minor Crash,No,2006,,South,,0,,Flat,,,,,,Overcast,1403900,1,0,0,2,,,0,,,,,,Hawke's Bay Region,Nil,2-way,Sealed,,0,0,,80,,Null,0,0,,30,Hastings District,Nil,,,,,0,0,Open,1,,,Fine,Null
1779999,5875340,33882,,521131,0,0,0,1,0,North,2006/2007,SH 1N,PIONEER ROAD N,,Minor Crash,Yes,2006,0,South,0,0,0,Flat,1,,0,,0,Overcast,842900,1,0,0,2,0,0,0,0,0,,0,0,Waikato Region,Nil,1-way,Sealed,0,0,0,0,100,0,Off,0,0,,13,Waikato District,Nil,0,0,0,0,0,0,Open,0,0,0,Heavy rain,Null
2037160,5708228,33883,,544600,0,,0,1,,Null,2006/2007,CHILDERS ROAD,BRIGHT ST,,Non-Injury Crash,No,2006,,South,,0,,Flat,,,,,,Dark,1370700,0,0,0,2,,,0,,,,,,Gisborne Region,Nil,2-way,Sealed,,0,0,,50,,On,0,0,,28,Gisborne District,Give way,,,,,0,0,Urban,1,,,Light rain,Null
1537525,5166861,33884,65,597506,0,0,0,0,0,Null,2006/2007,SH 1S,SELWYN RAIL XING,,Serious Crash,Yes,2006,0,West,0,0,1,Flat,0,,0,,0,Bright sun,2727300,0,0,0,2,0,0,0,0,0,,0,1,Canterbury Region,Nil,2-way,Sealed,0,0,1,0,100,0,Null,1,0,,62,Selwyn District,Unknown,0,2,0,0,1,0,Open,0,0,0,Fine,Null
1756212,5918845,33885,,515500,0,,0,3,,Null,2006/2007,SH 16,16 LINK 1 NBD,,Non-Injury Crash,Yes,2006,,North,,0,,Flat,,,,,,Twilight,417700,0,0,0,3,,,0,,,,,,Auckland Region,Nil,2-way,Sealed,,0,0,,80,,Off,0,0,,76,Auckland,Nil,,,,,0,0,Open,0,,,Fine,Null
1756713,5913070,33886,,518702,0,,1,1,,Null,2005/2006,HILLSBOROUGH ROAD,CARR ROAD,,Non-Injury Crash,No,2006,,North,,0,,Flat,,,,,,Twilight,568000,0,0,0,4,,,0,,,,,,Auckland Region,Nil,2-way,Sealed,,0,0,,50,,Off,0,0,,76,Auckland,Traffic Signals,,,,,0,0,Urban,0,,,Fine,Null
1836071,5677178,33887,,541501,0,0,0,1,0,East,2005/2006,SH 47,OPOTAKA HISTORIC PLACE,,Non-Injury Crash,Yes,2006,0,North,0,0,0,Flat,0,Queens Birthday,0,,0,Dark,1288804,0,0,0,2,0,1,0,0,0,,0,0,Waikato Region,Nil,2-way,Sealed,0,0,0,0,100,0,None,0,0,,21,Taupo District,Unknown,0,0,0,0,0,0,Open,0,0,0,Fine,Null
1752362,5421589,33888,,577000,0,0,0,1,0,Null,2005/2006,BREAKER BAY ROAD,WAHINE MEMORIAL,,Non-Injury Crash,No,2006,0,East,0,0,0,Flat,0,,0,,0,Dark,2175700,0,0,0,2,0,0,0,0,0,,0,0,Wellington Region,Nil,2-way,Sealed,0,0,0,0,50,0,None,0,0,,47,Wellington City,Nil,0,0,0,1,0,0,Urban,0,0,0,Heavy rain,Null
1718393,6044947,33889,,502900,0,,0,2,,West,2006/2007,SH 14,SH 1N,,Non-Injury Crash,Yes,2006,,East,,0,,Flat,,,,,,Bright sun,103200,0,0,0,2,,,0,,,,,,Northland Region,Nil,2-way,Sealed,,0,0,,50,,Null,0,0,,2,Whangarei District,Unknown,,,,,0,0,Urban,0,,,Fine,Null
1571125,5180282,33890,,591500,0,,0,1,,Null,2005/2006,MADRAS ST,GLOUCESTER ST,,Minor Crash,No,2006,,East,,0,,Flat,,,,,,Dark,2652900,1,0,0,2,,,0,,,,,,Canterbury Region,Nil,2-way,Sealed,,0,0,,50,,On,1,0,,60,Christchurch City,Traffic Signals,,,,,0,0,Urban,0,,,Fine,Null
1764925,5910025,33891,,521801,0,0,0,2,0,Null,2006/2007,AVENUE ROAD,ALBERT ST,,Non-Injury Crash,No,2006,0,South,0,0,0,Flat,0,,0,,0,Dark,787700,0,0,0,2,0,0,0,0,1,,0,0,Auckland Region,Nil,2-way,Sealed,0,0,0,0,50,0,On,0,0,,76,Auckland,Stop,0,0,0,0,0,0,Urban,0,0,0,Light rain,Null
1803235,5814959,33892,,530500,0,,0,2,,North,2005/2006,Z CPK THE WAREHOUSE,CLYDE ST,,Non-Injury Crash,No,2006,,North,,0,,Flat,,,,,,Twilight,890400,0,0,0,0,,,0,,,,,,Waikato Region,Nil,Off road,Sealed,,0,0,,30,,Off,0,0,,16,Hamilton City,Nil,,,,,0,0,Urban,0,,,Fine,Null
1757345,5920356,33893,,514102,0,,0,1,,West,2005/2006,DARBY ST,QUEEN ST,,Non-Injury Crash,No,2006,,East,,0,,Flat,,,,,,Dark,434000,0,0,0,1,,,0,,,,,,Auckland Region,Nil,1-way,Sealed,,0,0,,50,,On,0,1,,76,Auckland,Unknown,,,,,0,0,Urban,1,,,Fine,Null
1756471,5434760,33894,,569900,0,0,0,2,0,South,2005/2006,HUTT ROAD,NEVIS ST,,Non-Injury Crash,No,2006,0,North,0,0,1,Flat,0,,0,,0,Twilight,2033800,0,0,0,2,0,0,0,0,1,,0,0,Wellington Region,Nil,2-way,Sealed,0,0,0,0,50,0,Off,0,0,,46,Lower Hutt City,Nil,0,0,0,0,0,0,Urban,0,0,0,Fine,Strong wind
1719863,6047520,33895,,502700,0,,0,2,,Null,2006/2007,NIXON ST,MILL ROAD,,Non-Injury Crash,No,2006,,North,,0,,Flat,,,,,,Bright sun,91700,0,0,0,4,,,0,,,,,,Northland Region,Nil,2-way,Sealed,,0,0,,50,,Off,0,0,,2,Whangarei District,Traffic Signals,,,,,0,0,Urban,0,,,Fine,Null
1812518,5552825,33896,,560421,0,,0,2,,Null,2006/2007,HALCOMBE ROAD,MONTEITH ST,,Serious Crash,No,2006,,South,,0,,Flat,,,,,,Twilight,1763100,1,0,0,2,,,0,,,,,,Manawatū-Whanganui Region,Nil,2-way,Sealed,,0,1,,70,,Off,0,0,,39,Manawatu District,Give way,,,,,0,0,Urban,0,,,Light rain,Null
1748502,5431879,33897,,574402,0,,0,2,,South,2006/2007,WAIKOWHAI ST,CROFTON ROAD,,Non-Injury Crash,No,2006,,North,,0,,Flat,,,,,,Overcast,2098000,0,0,0,2,,,0,,,,,,Wellington Region,Nil,2-way,Sealed,,0,0,,50,,Null,0,0,,47,Wellington City,Unknown,,,,,0,0,Urban,0,,,Fine,Null
1758660,5918740,33898,,517400,0,,1,1,,Null,2005/2006,PARNELL ROAD,SARAWIA ST,,Non-Injury Crash,No,2006,,South,,0,,Flat,,,,,,Bright sun,450701,0,0,0,4,,,0,,,,,,Auckland Region,Nil,2-way,Sealed,,0,0,,50,,Null,0,0,,76,Auckland,Traffic Signals,,,,,0,0,Urban,0,,,Fine,Null
1751535,5947921,33899,,505807,0,,0,2,,Null,2005/2006,HIBISCUS COAST HIGHWAY,RED BEACH ROAD,,Non-Injury Crash,No,2006,,West,,0,,Flat,,,,,,Bright sun,172502,0,0,0,3,,,0,,,,,,Auckland Region,Nil,2-way,Sealed,,0,0,,50,,Off,0,0,,76,Auckland,Traffic Signals,,,,,0,0,Urban,0,,,Fine,Null
1569863,5176051,33900,,591101,0,,0,2,,Null,2006/2007,CASHMERE ROAD,CRICHTON TERRACE,,Minor Crash,No,2006,,East,,0,,Flat,,,,,,Bright sun,2549801,1,0,0,2,,,0,,,,,,Canterbury Region,Nil,2-way,Sealed,,0,0,,50,,Null,0,0,,60,Christchurch City,Nil,,,,,0,0,Urban,0,,,Fine,Null
1797582,5819355,33901,,528403,0,,0,2,,East,2006/2007,VICKERY ST,PUKETE ROAD,,Minor Crash,No,2006,,South,,0,,Flat,,,,,,Bright sun,907800,1,0,0,2,,,0,,,,,,Waikato Region,Nil,2-way,Sealed,,0,0,,50,,Null,0,0,,16,Hamilton City,Unknown,,,,,0,0,Urban,0,,,Fine,Null
1769438,5901890,33902,,524901,0,,0,2,,Null,2005/2006,GRANDE VUE ROAD,MANUREWA ON NBD,,Non-Injury Crash,Yes,2006,,South,,0,,Flat,,,,,,Overcast,756000,0,0,0,3,,,0,,,,,,Auckland Region,Motorway ramp,2-way,Sealed,,0,0,,50,,Off,0,0,,76,Auckland,Give way,,,,,0,0,Urban,0,,,Light rain,Null
1867819,5713963,33903,,541720,0,0,0,1,0,East,2005/2006,SPA ROAD,OPEPE ST,,Non-Injury Crash,No,2006,0,West,0,0,0,Flat,1,,0,,0,Dark,1273600,0,0,0,2,0,0,0,0,0,,0,0,Waikato Region,Nil,2-way,Sealed,0,0,0,0,50,0,On,0,0,,21,Taupo District,Unknown,1,0,0,0,0,0,Urban,0,0,0,Fine,Null
1856081,5850597,33904,,534100,0,,0,1,,South,2006/2007,SH 2,MATHERS ROAD,,Serious Crash,Yes,2006,,South,,0,,Flat,,,,,,Dark,1084604,1,0,0,2,,,0,,,,,,Bay of Plenty Region,Nil,2-way,Sealed,,0,1,,100,,None,0,0,,22,Western Bay of Plenty District,Unknown,,,,,0,0,Open,1,,,Fine,Frost
1836806,5533785,33905,,561902,0,,0,0,,East,2006/2007,SH 3,SH 57,,Minor Crash,Yes,2006,,West,,0,,Flat,,,,,,Twilight,1799200,1,1,0,2,,,0,,,,,,Manawatū-Whanganui Region,Nil,2-way,Sealed,,0,0,,100,,None,0,0,,40,Palmerston North City,Nil,,,,,0,0,Open,0,,,Light rain,Null
1769286,5915002,33906,,522711,0,0,0,1,0,Null,2005/2006,PIGEON MOUNTAIN,CASUARINA ROAD,,Non-Injury Crash,No,2006,0,East,0,0,0,Flat,0,,0,,0,Dark,680705,0,0,0,2,0,0,0,0,0,,0,0,Auckland Region,Nil,2-way,Sealed,0,0,0,0,50,0,On,0,0,,76,Auckland,Traffic Signals,0,0,0,1,0,0,Urban,0,0,0,Fine,Null
1896587,5688925,33907,,541342,0,0,0,1,0,West,2005/2006,SH 5,MATEA ROAD,,Serious Crash,Yes,2006,0,West,0,0,0,Flat,0,,0,,0,Bright sun,1281002,1,0,0,2,0,0,0,0,0,,0,0,Bay of Plenty Region,Nil,2-way,Sealed,0,0,2,0,100,0,Null,0,0,,21,Taupo District,Unknown,0,0,0,1,0,0,Open,0,0,0,Fine,Null
1238992,4858258,33908,,610051,0,,0,1,,West,2005/2006,SH 99,UNDERWOOD-LINDS BRIDGE RO,,Minor Crash,Yes,2006,,West,,0,,Flat,,,,,,Bright sun,3080500,1,0,0,2,,,0,,,,,,Southland Region,Nil,2-way,Sealed,,0,0,,100,,Null,0,0,,73,Southland District,Unknown,,,,,1,0,Open,0,,,Fine,Strong wind
1792919,5835162,33909,,527112,0,0,0,0,0,South,2006/2007,SH 1N GREAT SOUTH,GORDONTON ROAD,,Non-Injury Crash,Yes,2006,0,South,0,0,0,Flat,0,,0,,0,Dark,951500,0,0,0,2,0,0,0,0,0,,0,1,Waikato Region,Nil,2-way,Sealed,0,0,0,0,100,0,On,0,0,,13,Waikato District,Unknown,1,0,0,0,0,0,Open,1,0,0,Fine,Null
1745860,5428309,33910,,574800,0,0,0,1,0,Null,2006/2007,DONALD ST,KARORI ROAD,,Non-Injury Crash,No,2006,0,South,0,0,1,Hill Road,0,,0,,0,Overcast,2107900,0,0,0,2,0,0,0,0,0,,0,0,Wellington Region,Nil,2-way,Sealed,0,0,0,0,50,0,Null,0,0,,47,Wellington City,Give way,0,0,0,0,0,0,Urban,0,0,0,Fine,Null
1567214,5205164,33911,,586303,0,,0,2,,Null,2006/2007,QUEEN ST,VICTORIA ST,,Minor Crash,No,2006,,South,,0,,Flat,,,,,,Bright sun,2445700,1,0,0,2,,,0,,,,,,Canterbury Region,Nil,2-way,Sealed,,0,0,,50,,Null,0,0,,59,Waimakariri District,Give way,,,,,0,0,Urban,0,,,Fine,Null
1756547,5914911,33912,,518302,0,,0,3,,South,2005/2006,MOUNT EDEN ROAD,LANDSCAPE ROAD,,Non-Injury Crash,No,2006,,North,,0,,Flat,,,,,,Bright sun,558900,0,0,0,2,,,0,,,,,,Auckland Region,Nil,2-way,Sealed,,0,0,,50,,Off,0,0,,76,Auckland,Give way,,,,,0,0,Urban,0,,,Fine,Null
1759146,5436347,33913,,569201,0,0,0,1,0,South,2005/2006,MARSDEN ST,PHARAZYN ST,,Minor Crash,No,2006,0,South,0,0,0,Flat,0,,0,,0,Dark,1925600,1,0,0,2,0,1,0,0,0,,0,0,Wellington Region,Nil,2-way,Sealed,0,0,0,0,50,0,On,0,0,,46,Lower Hutt City,Nil,0,0,0,0,0,0,Urban,0,0,0,Fine,Null
1768408,5902940,33914,,524602,0,0,0,2,0,East,2006/2007,RATA VINE DRIVE,FELICIA PLACE,,Non-Injury Crash,No,2006,0,East,0,0,0,Flat,0,Christmas New Year,0,,0,Dark,780508,0,0,0,2,0,0,0,0,1,,0,0,Auckland Region,Nil,2-way,Sealed,0,0,0,0,50,0,On,0,0,,76,Auckland,Nil,0,0,0,0,0,0,Urban,0,0,0,Fine,Null
1744597,5922452,33915,,513530,0,,0,1,,East,2006/2007,ROYAL ROAD,MOIRE ROAD,,Non-Injury Crash,No,2006,,East,,0,,Flat,,,,,,Dark,225802,0,0,0,2,,,0,,,,,,Auckland Region,Nil,2-way,Sealed,,0,0,,50,,On,0,0,,76,Auckland,Nil,,,,,0,0,Urban,1,,,Fine,Null
1722381,6051138,33916,,501814,0,0,0,1,1,East,2006/2007,HARRIS ROAD,NGUNGURU ROAD,,Non-Injury Crash,No,2006,0,South,1,0,0,Hill Road,0,,0,,0,Dark,61905,0,0,0,2,0,0,0,0,0,,0,0,Northland Region,Nil,2-way,Sealed,0,0,0,0,100,0,None,0,0,,2,Whangarei District,Nil,0,0,0,0,0,0,Open,0,0,0,Fine,Null
1797587,5816903,33917,,528504,0,,0,2,,South,2005/2006,AVALON DRIVE,KARAKA ST,,Non-Injury Crash,No,2006,,South,,0,,Flat,,,,,,Bright sun,906900,0,0,0,2,,,0,,,,,,Waikato Region,Nil,2-way,Sealed,,0,0,,60,,Null,0,0,,16,Hamilton City,Nil,,,,,0,0,Urban,0,,,Fine,Null
1808628,5819850,33918,,527125,0,,0,2,,Null,2005/2006,SH 1B TELEPHONE,HOLLAND ROAD,,Minor Crash,Yes,2006,,South,,0,,Flat,,,,,,Bright sun,955500,1,0,0,2,,,0,,,,,,Waikato Region,Nil,2-way,Sealed,,0,0,,100,,Null,0,0,,13,Waikato District,Stop,,,,,0,0,Open,0,,,Fine,Null
1763786,5913688,33919,,520402,0,,0,1,,West,2006/2007,Z CPK BIG FRESH/COUNTDOWN,MOUNT WELLINGTON HIGHWAY,,Minor Crash,No,2006,,West,,0,,Flat,,,,,,Bright sun,640002,1,0,0,2,,,0,,,1,,,Auckland Region,Nil,Off road,Sealed,,0,0,,50,,Off,0,0,,76,Auckland,Nil,,,,,0,0,Urban,0,,,Fine,Null
1781068,5925952,33920,,520801,0,0,0,0,0,South,2005/2006,ALISON ROAD,MITCHELL ST,,Non-Injury Crash,No,2006,0,South,0,0,1,Flat,0,,0,,0,Dark,516704,0,0,0,2,0,0,0,0,0,,0,0,Auckland Region,Nil,2-way,Sealed,0,0,0,0,50,0,On,0,0,,76,Auckland,Nil,0,1,0,0,0,0,Urban,1,0,0,Light rain,Null
1761231,5914637,33921,,520202,0,,0,1,,North,2006/2007,SH 1N,PENROSE OFF SBD,,Non-Injury Crash,Yes,2006,,South,,0,,Flat,,,,,,Overcast,612100,0,0,0,3,,,0,,,,,,Auckland Region,Nil,1-way,Sealed,,0,0,,100,,Off,1,0,,76,Auckland,Nil,,,,,0,0,Open,3,,,Light rain,Null
1708456,5682363,33922,,551302,0,0,0,1,0,East,2005/2006,RAHIRI ST,PRINCESS ST,,Non-Injury Crash,No,2006,0,West,0,0,0,Flat,0,,0,,0,Overcast,1550007,0,0,0,2,0,0,0,0,1,,0,0,Taranaki Region,Nil,2-way,Sealed,0,0,0,0,50,0,Null,0,0,,33,New Plymouth District,Nil,0,0,0,0,0,0,Urban,1,0,0,Fine,Null
1809217,5827810,33923,,527125,0,0,0,1,0,East,2006/2007,PIAKO ROAD,PUKETAHA ROAD,,Non-Injury Crash,No,2006,0,East,0,0,0,Flat,0,,0,,0,Twilight,953500,0,0,0,2,0,0,0,0,0,,0,0,Waikato Region,Nil,2-way,Sealed,0,0,0,0,100,0,None,0,0,,13,Waikato District,Nil,0,0,0,0,0,0,Open,0,0,0,Fine,Null
1918172,5780245,33924,,542540,0,0,0,1,1,West,2006/2007,SH 30,SH 34,,Minor Crash,Yes,2006,0,East,0,0,0,Hill Road,0,,0,,0,Bright sun,1326002,1,0,0,2,0,0,0,0,0,,0,0,Bay of Plenty Region,Nil,2-way,Sealed,0,0,0,0,100,0,None,0,0,80,25,Whakatane District,Nil,0,0,0,0,0,0,Open,0,0,0,Fine,Null
1635280,6110554,33925,,500202,0,0,0,1,0,South,2005/2006,SH 1N,TAKAHUE ROAD,,Minor Crash,Yes,2006,0,North,0,0,1,Flat,0,,0,,0,Overcast,6700,1,0,0,2,0,0,0,0,0,,0,0,Northland Region,Nil,2-way,Sealed,0,0,0,0,100,0,Off,0,0,,1,Far North District,Nil,0,0,0,0,0,0,Open,0,0,0,Fine,Null
1750180,5425884,33926,,576800,0,,0,1,,North,2006/2007,MOXHAM AVENUE,TAURIMA ST,,Minor Crash,No,2006,,North,,0,,Flat,,,,,,Dark,2181900,1,0,0,2,,,0,,,1,,,Wellington Region,Nil,2-way,Sealed,,0,0,,50,,On,0,0,,47,Wellington City,Nil,,,,,0,0,Urban,0,,,Fine,Null
1757658,5919886,33927,,514103,0,0,0,1,0,North,2005/2006,SYMONDS ST,WELLESLEY ST EAST,,Non-Injury Crash,No,2006,0,North,0,0,0,Flat,0,,0,,0,Bright sun,437500,0,0,0,4,0,0,0,0,0,,0,0,Auckland Region,Nil,2-way,Sealed,0,0,0,0,50,0,Off,0,0,,76,Auckland,Give way,0,0,0,0,1,0,Urban,0,1,0,Null,Null
1860531,5852310,33928,45,534100,0,0,0,1,0,Null,2005/2006,STEELE ROAD,EMERTON ROAD,,Non-Injury Crash,No,2006,0,North,1,0,0,Flat,0,,0,,0,Bright sun,1181100,0,0,0,2,0,0,0,0,0,,0,0,Bay of Plenty Region,Nil,2-way,Sealed,0,0,0,0,100,0,Null,0,0,,22,Western Bay of Plenty District,Nil,0,0,0,0,0,0,Open,0,0,0,Fine,Null
1822490,5528063,33929,,563000,0,,0,1,,Null,2005/2006,FITZHERBERT AVENUE,TE AWE AWE ST,,Non-Injury Crash,No,2006,,West,,0,,Flat,,,,,,Bright sun,1808300,0,0,0,4,,,0,,,,,,Manawatū-Whanganui Region,Nil,2-way,Sealed,,0,0,,50,,Null,0,0,,40,Palmerston North City,Traffic Signals,,,,,0,0,Urban,1,,,Fine,Null
1755733,5916207,33930,,518301,0,0,0,2,0,South,2006/2007,Z CPK THE WAREHOUSE,BALMORAL ROAD,,Non-Injury Crash,No,2006,0,South,0,0,0,Flat,0,,0,,0,Dark,555100,0,0,0,0,0,0,0,0,1,,0,0,Auckland Region,Nil,Off road,Sealed,0,0,0,0,30,0,None,0,0,,76,Auckland,Unknown,0,0,0,0,0,0,Urban,0,0,0,Fine,Null
1563323,5179591,33931,,587701,0,,0,2,,Null,2006/2007,RACECOURSE ROAD,BUCHANANS ROAD,,Minor Crash,No,2006,,North,,0,,Flat,,,,,,Overcast,2479400,1,0,0,2,,,0,,,,,,Canterbury Region,Nil,2-way,Sealed,,0,0,,50,,Null,0,0,,60,Christchurch City,Give way,,,,,0,0,Urban,0,,,Fine,Null
1857664,5839468,33932,,535800,0,,0,1,,East,2006/2007,SH 2,JOCELYN ST,,Serious Crash,Yes,2006,,West,,0,,Flat,,,,,,Overcast,1183502,0,0,0,4,,,0,,,1,,,Bay of Plenty Region,Nil,2-way,Sealed,,0,1,,50,,Off,0,0,,22,Western Bay of Plenty District,Nil,,,,,0,0,Urban,0,,,Fine,Null
1774959,5897011,33933,,525610,0,,0,2,,North,2005/2006,DOMINION ROAD,ELSIE MORTON PLACE,,Non-Injury Crash,No,2006,,North,,0,,Flat,,,,,,Overcast,799500,0,0,0,2,,,0,,,,,,Auckland Region,Nil,2-way,Sealed,,0,0,,50,,Off,0,0,,76,Auckland,Nil,,,,,0,0,Urban,0,,,Fine,Null
1767795,5903984,33934,,524602,0,,0,2,,South,2006/2007,GREAT SOUTH ROAD,LAKEWOOD COURT,,Non-Injury Crash,No,2006,,North,,0,,Flat,,,,,,Overcast,780416,0,0,0,6,,,0,,,,,,Auckland Region,Nil,2-way,Sealed,,0,0,,50,,Off,0,0,,76,Auckland,Nil,,,,,0,0,Urban,0,,,Fine,Null
1591500,5154228,33935,35,596901,0,0,0,1,1,East,2006/2007,SH 75,SUMMIT ROAD,,Minor Crash,Yes,2006,0,East,0,0,0,Hill Road,0,Christmas New Year,0,,0,Overcast,2714100,1,0,0,2,0,0,0,0,0,,0,0,Canterbury Region,Nil,2-way,Sealed,0,0,0,0,100,0,Null,0,0,,60,Christchurch City,Unknown,0,0,0,0,0,0,Open,0,0,0,Light rain,Null
1749269,5913573,33936,,511401,0,,0,2,,East,2006/2007,MARGAN AVENUE,TITIRANGI ROAD,,Non-Injury Crash,No,2006,,East,,0,,Hill Road,,,,,,Overcast,263500,0,0,0,4,,,0,,,,,,Auckland Region,Nil,2-way,Sealed,,0,0,,50,,Off,0,0,,76,Auckland,Nil,,,,,0,0,Urban,0,,,Fine,Null
1935672,5620502,33937,,546600,0,0,0,0,0,West,2005/2006,KENNEDY ROAD,SH 2,,Non-Injury Crash,No,2006,0,East,0,0,0,Flat,0,,0,,0,Bright sun,1437700,0,0,0,4,0,0,0,0,0,,0,0,Hawke's Bay Region,Nil,2-way,Sealed,0,0,0,0,50,0,Null,0,0,,31,Napier City,Nil,0,0,0,0,0,0,Urban,1,0,1,Fine,Null
1746074,5915781,33938,,511800,0,,0,1,,South,2006/2007,VIEW ROAD,KAIKOURA ST,,Minor Crash,No,2006,,South,,0,,Hill Road,,,,,,Bright sun,276602,1,0,1,2,,,0,,,,,,Auckland Region,Nil,2-way,Sealed,,0,0,,50,,Off,0,0,,76,Auckland,Nil,,,,,0,0,Urban,0,,,Fine,Null
1754637,5913896,33939,,518803,0,,0,1,,Null,2006/2007,MAY ROAD,DENBIGH AVENUE,,Minor Crash,No,2006,,West,,0,,Flat,,,,,,Bright sun,580400,1,0,1,2,,,0,,,,,,Auckland Region,Nil,2-way,Sealed,,0,0,,50,,Off,0,0,,76,Auckland,Give way,,,,,0,0,Urban,0,,,Fine,Null
1759012,5920536,33940,,514101,0,0,0,0,0,West,2005/2006,QUAY ST,SH 16,,Non-Injury Crash,No,2006,0,West,0,0,0,Flat,0,,0,,0,Dark,438214,0,0,0,2,0,1,0,0,0,,0,0,Auckland Region,Nil,2-way,Sealed,0,0,0,0,50,0,On,0,0,,76,Auckland,Traffic Signals,0,0,0,0,1,0,Urban,0,0,0,Fine,Null
1758376,5928544,33941,,507800,1,,0,1,,South,2005/2006,KITCHENER ROAD,ERIC PRICE AVENUE,,Non-Injury Crash,No,2006,,South,,0,,Flat,,,,,,Bright sun,309000,0,0,0,2,,,0,,,,,,Auckland Region,Nil,2-way,Sealed,,0,0,,50,,Off,0,0,,76,Auckland,Nil,,,,,0,0,Urban,0,,,Fine,Null
1822196,5531554,33942,,562401,0,0,0,3,0,Null,2005/2006,TREMAINE AVENUE,HERETAUNGA ST,,Non-Injury Crash,No,2006,0,West,0,0,0,Flat,0,,0,,0,Dark,1834000,0,0,0,2,0,0,0,0,1,,0,0,Manawatū-Whanganui Region,Nil,2-way,Sealed,0,0,0,0,50,0,On,0,0,,40,Palmerston North City,Stop,0,0,0,0,0,0,Urban,0,0,0,Fine,Null
1257399,5114045,33943,25,585325,0,0,0,1,1,Null,2005/2006,HAAST JACKSON BAY ROAD,JACKSON RIVER ROAD,,Minor Crash,No,2006,0,South,0,0,0,Flat,0,,0,,0,Dark,2416404,1,0,0,2,0,0,0,0,0,,0,0,West Coast Region,Nil,2-way,Sealed,0,0,0,0,100,0,None,0,0,,57,Westland District,Nil,0,0,0,0,0,0,Open,0,0,0,Fine,Null
1744870,5933251,33944,,506653,0,,0,0,,South,2006/2007,COATESVILLE-RIVERHEAD HIG,GOLDFLATS LANE,,Serious Crash,No,2006,,North,,0,,Hill Road,,,,,,Overcast,217201,0,0,1,2,,,0,,,,,,Auckland Region,Nil,2-way,Sealed,,0,1,,80,,None,0,0,,76,Auckland,Nil,,,,,0,0,Open,0,,,Fine,Null
1801464,5813455,33945,,530400,0,0,0,1,0,Null,2005/2006,SH 1N NORMANDY,COBHAM DRIVE,,Non-Injury Crash,Yes,2006,0,North,0,0,0,Flat,0,,0,,0,Dark,922300,0,0,0,4,0,0,0,0,0,,0,0,Waikato Region,Nil,2-way,Sealed,0,0,0,0,50,0,On,0,0,,16,Hamilton City,Traffic Signals,0,0,0,1,0,0,Urban,0,0,0,Light rain,Null
1755565,5933483,33946,,507300,0,0,0,1,0,East,2006/2007,PENGUIN DRIVE,ADELIE PLACE,,Non-Injury Crash,No,2006,0,East,0,0,0,Flat,0,,0,,0,Overcast,155801,0,0,0,2,0,0,0,0,1,,0,0,Auckland Region,Nil,2-way,Sealed,0,0,0,0,50,0,Null,0,0,,76,Auckland,Unknown,0,0,0,0,0,0,Urban,1,0,0,Fine,Null
1753408,5929802,33947,,508420,0,,0,1,,Null,2005/2006,SUNSET ROAD,GLENFIELD ROAD,,Non-Injury Crash,No,2006,,West,,0,,Flat,,,,,,Dark,182903,0,0,0,2,,,0,,,,,,Auckland Region,Nil,2-way,Sealed,,0,0,,50,,On,1,0,,76,Auckland,Give way,,,,,0,0,Urban,0,,,Fine,Null