X,Y,OBJECTID,advisorySpeed,areaUnitID,bicycle,bridge,bus,carStationWagon,cliffBank,crashDirectionDescription,crashFinancialYear,crashLocation1,crashLocation2,crashRoadSideRoad,crashSeverity,crashSHDescription,crashYear,debris,directionRoleDescription,ditch,fatalCount,fence,flatHill,guardRail,holiday,houseOrBuilding,intersection,kerb,light,meshblockId,minorInjuryCount,moped,motorcycle,NumberOfLanes,objectThrownOrDropped,otherObject,otherVehicleType,overBank,parkedVehicle,pedestrian,phoneBoxEtc,postOrPole,region,roadCharacter,roadLane,roadSurface,roadworks,schoolBus,seriousInjuryCount,slipOrFlood,speedLimit,strayAnimal,streetLight,suv,taxi,temporarySpeedLimit,tlaId,tlaName,trafficControl,trafficIsland,trafficSign,train,tree,truck,unknownVehicleType,urban,vanOrUtility,vehicle,waterRiver,weatherA,weatherB
1764771,5911290,33948,,520500,0,,0,1,,South,2005/2006,SH 1N,PANAMA OBR,,Minor Crash,Yes,2006,,North,,0,,Hill Road,,,,,,Overcast,636200,1,0,0,3,,,0,,,,,,Auckland Region,Nil,1-way,Sealed,,0,0,,100,,Off,1,0,,76,Auckland,Nil,,,,,1,0,Open,0,,,Fine,Null
1764258,5917554,33949,,516301,0,0,0,2,0,North,2006/2007,ST JOHNS ROAD,COLLEGE ROAD,,Non-Injury Crash,No,2006,0,South,0,0,0,Flat,0,,0,,0,Overcast,462400,0,0,0,2,0,0,0,0,1,,0,0,Auckland Region,Nil,2-way,Sealed,0,0,0,0,50,0,Null,0,0,,76,Auckland,Unknown,0,0,0,0,0,0,Urban,0,0,0,Fine,Null
1821368,5528346,33950,,563000,0,,0,2,,Null,2005/2006,COLLEGE ST,COOK ST,,Non-Injury Crash,No,2006,,East,,0,,Flat,,,,,,Bright sun,1807000,0,0,0,2,,,0,,,,,,Manawatū-Whanganui Region,Nil,2-way,Sealed,,0,0,,50,,Null,0,0,,40,Palmerston North City,Give way,,,,,0,0,Urban,0,,,Fine,Null
1750694,5431266,33951,,574302,0,0,0,1,0,North,2005/2006,SH 1N,AOTEA OFF SBD,,Minor Crash,Yes,2006,0,South,0,0,0,Flat,1,,0,,0,Twilight,2090604,1,0,0,3,0,0,0,0,0,,0,0,Wellington Region,Nil,1-way,Sealed,0,0,0,0,100,0,On,1,0,,47,Wellington City,Nil,0,0,0,0,0,0,Open,0,0,0,Fine,Null
1728674,6016488,33952,,501816,0,0,0,1,0,South,2005/2006,SH 1N,MILLBROOK ROAD,,Serious Crash,Yes,2006,0,South,1,0,0,Flat,0,Christmas New Year,0,,0,Bright sun,80600,0,0,0,2,0,0,0,0,0,,0,0,Northland Region,Nil,2-way,Sealed,0,0,2,0,100,0,None,0,0,,2,Whangarei District,Nil,0,0,0,0,0,0,Open,0,0,0,Fine,Null
1766904,5907658,33953,,523501,0,,0,1,,Null,2005/2006,EAST TAMAKI ROAD,BAIRDS ROAD,,Non-Injury Crash,No,2006,,East,,0,,Flat,,,,,,Dark,700602,0,0,0,2,,,0,,,,,,Auckland Region,Nil,2-way,Sealed,,0,0,,50,,On,0,0,,76,Auckland,Traffic Signals,,,,,0,0,Urban,1,,,Fine,Null
1763741,5909799,33954,,521901,0,,0,2,,Null,2005/2006,STATION ROAD,MOA ST,,Non-Injury Crash,No,2006,,East,,0,,Flat,,,,,,Overcast,782600,0,0,0,2,,,0,,,,,,Auckland Region,Nil,2-way,Sealed,,0,0,,50,,Off,0,0,,76,Auckland,Stop,,,,,0,0,Urban,0,,,Light rain,Null
1330784,5058147,33955,85,608302,0,,0,3,,North,2006/2007,SH 8,DIP CRK CULVERT,,Serious Crash,Yes,2006,,North,,0,,Hill Road,,,,,,Dark,3028500,0,0,0,2,,,0,,,,,,Otago Region,Nil,2-way,Sealed,,0,1,,100,,None,0,0,,69,Central Otago District,Unknown,,,,,0,0,Open,0,,,Snow,Null
1755314,5927259,33956,,508620,0,0,0,0,0,Null,2005/2006,CORONATION ROAD,TYE ROAD,,Minor Crash,No,2006,0,East,0,0,0,Hill Road,0,,0,,1,Bright sun,203900,1,0,0,2,0,0,0,0,0,,0,0,Auckland Region,Nil,2-way,Sealed,0,0,0,0,50,0,None,0,0,,76,Auckland,Nil,0,0,0,0,1,0,Urban,0,0,0,Fine,Null
1798780,5813787,33957,,528900,0,0,0,2,0,East,2005/2006,DUKE ST,HIGGINS ROAD,,Non-Injury Crash,No,2006,0,West,0,0,0,Flat,0,,0,,0,Dark,916401,0,0,0,0,0,0,0,0,1,,0,0,Waikato Region,Nil,2-way,Sealed,0,0,0,0,50,0,On,0,0,,16,Hamilton City,Nil,0,0,0,0,0,0,Urban,0,0,0,Fine,Null
1953936,5777898,33958,,542562,0,0,0,1,1,South,2006/2007,SH 2,STANLEY ROAD,,Non-Injury Crash,Yes,2006,0,North,0,0,0,Flat,0,,0,,1,Overcast,1299102,0,0,0,2,0,0,0,0,0,,0,0,Bay of Plenty Region,Nil,2-way,Sealed,0,0,0,0,100,0,None,0,0,,25,Whakatane District,Nil,0,0,0,0,0,0,Open,0,0,0,Fine,Null
1357508,4870171,33959,,606900,0,,0,1,,Null,2006/2007,CHRISTCHURCH ST,SALCOMBE ST,,Minor Crash,No,2006,,South,,0,,Hill Road,,,,,,Overcast,2985400,1,0,0,2,,,0,,,,,,Otago Region,Nil,2-way,Sealed,,0,0,,50,,Null,0,0,,72,Clutha District,Nil,,,,,0,0,Urban,1,,,Fine,Null
1758534,5918374,33960,,517400,0,,0,2,,North,2005/2006,Z CPK THE WAREHOUSE,KHYBER PASS ROAD,,Non-Injury Crash,No,2006,,East,,0,,Flat,,,,,,Overcast,451000,0,0,0,1,,,0,,,,,,Auckland Region,Nil,Off road,Sealed,,0,0,,50,,Off,0,0,,76,Auckland,Nil,,,,,0,0,Urban,0,,,Fine,Null
1754452,5927809,33961,,508310,0,,0,2,,Null,2005/2006,CHARTWELL AVENUE,RAMILLIES PLACE,,Non-Injury Crash,No,2006,,South,,0,,Flat,,,,,,Overcast,200800,0,0,0,2,,,0,,,,,,Auckland Region,Nil,2-way,Sealed,,0,0,,50,,Off,0,0,,76,Auckland,Give way,,,,,0,0,Urban,0,,,Light rain,Null
1772004,5896305,33962,,525420,0,0,0,1,0,North,2005/2006,WHARF ST,QUEEN ST,,Non-Injury Crash,No,2006,0,East,0,0,1,Flat,0,,0,,0,Dark,791500,0,0,0,2,0,0,0,0,0,,0,0,Auckland Region,Nil,2-way,Sealed,0,0,0,0,50,0,On,0,0,,76,Auckland,Unknown,0,0,0,0,0,0,Urban,0,0,0,Fine,Null
1890051,5822432,33963,,536201,0,0,0,1,0,West,2005/2006,PAPAMOA BEACH ROAD,ALLAN PLACE,,Non-Injury Crash,No,2006,0,South,0,0,0,Flat,0,,0,,0,Bright sun,1204702,0,0,0,2,0,0,0,0,0,,0,1,Bay of Plenty Region,Nil,2-way,Sealed,0,0,0,0,70,0,Null,0,0,,23,Tauranga City,Unknown,0,0,0,0,0,0,Urban,0,0,0,Fine,Null
1601226,5457548,33964,30,581832,0,,1,1,,North,2005/2006,KAITERITERI-SANDY BAY ROA,INLET ROAD,,Non-Injury Crash,No,2006,,East,,0,,Hill Road,,,,,,Bright sun,2366700,0,0,0,2,,,0,,,,,,Tasman Region,Nil,2-way,Sealed,,0,0,,100,,Null,0,0,,51,Tasman District,Nil,,,,,0,0,Open,0,,,Fine,Null
1757318,5916308,33965,,515801,0,0,0,2,0,West,2005/2006,DISRAELI ST,ST ANDREWS ROAD,,Non-Injury Crash,No,2006,0,West,0,0,0,Hill Road,0,,0,,0,Dark,445600,0,0,0,2,0,0,0,0,1,,0,0,Auckland Region,Nil,2-way,Sealed,0,0,0,0,50,0,On,0,0,,76,Auckland,Nil,0,0,0,0,0,0,Urban,0,0,0,Fine,Null
1845527,5733083,33966,70,541320,0,0,0,0,0,East,2005/2006,POIHIPI ROAD,SH 32,,Non-Injury Crash,No,2006,0,East,1,0,0,Hill Road,0,,0,,0,Overcast,1293200,0,0,0,2,0,0,0,0,0,,0,0,Waikato Region,Nil,2-way,Sealed,0,0,0,0,100,0,Null,0,0,,21,Taupo District,Unknown,0,0,0,0,0,0,Open,1,0,0,Heavy rain,Null
1801702,5813704,33967,,530300,0,0,0,2,0,North,2005/2006,PLUNKET TERRACE,JELLICOE DRIVE,,Non-Injury Crash,No,2006,0,North,0,0,0,Flat,0,,0,,0,Dark,880600,0,0,0,2,0,0,0,0,1,,0,0,Waikato Region,Nil,2-way,Sealed,0,0,0,0,50,0,On,0,0,,16,Hamilton City,Nil,0,0,0,0,0,0,Urban,0,0,0,Fine,Null
1751384,5917992,33968,,515001,0,,0,2,,West,2005/2006,SH 16,GT NORTH OBR,,Non-Injury Crash,Yes,2006,,West,,0,,Flat,,,,,,Overcast,392200,0,0,0,3,,,0,,,,,,Auckland Region,Nil,1-way,Sealed,,0,0,,100,,Off,0,0,,76,Auckland,Nil,,,,,0,0,Open,0,,,Heavy rain,Null
1801497,5814775,33969,,529700,0,,0,3,,East,2005/2006,BRIDGE ST,VICTORIA ST,,Non-Injury Crash,No,2006,,West,,0,,Flat,,,,,,Overcast,912300,0,0,0,2,,,0,,,,,,Waikato Region,Bridge,2-way,Sealed,,0,0,,50,,Null,0,0,,16,Hamilton City,Unknown,,,,,0,0,Urban,0,,,Fine,Null
1876856,5821840,33970,,538101,0,,0,1,,Null,2006/2007,FAULKNER ST,HUMBER CRESCENT S,,Non-Injury Crash,No,2006,,South,,0,,Flat,,,,,,Overcast,1169302,0,0,0,2,,,1,,,,,,Bay of Plenty Region,Nil,2-way,Sealed,,0,0,,50,,Null,0,0,,23,Tauranga City,Nil,,,,,0,0,Urban,0,,,Fine,Null
1933556,5602079,33971,,548832,1,,0,1,,Null,2005/2006,TE MATA ROAD,HILLSBROOK PLACE,,Minor Crash,No,2006,,North,,0,,Flat,,,,,,Bright sun,1510200,1,0,0,2,,,0,,,,,,Hawke's Bay Region,Nil,2-way,Sealed,,0,0,,50,,Null,0,0,30,30,Hastings District,Give way,,,,,0,0,Urban,0,,,Fine,Null
1750205,5956126,33972,,506613,0,1,0,1,0,Null,2005/2006,SH 1N,TITFORDS BR,,Non-Injury Crash,Yes,2006,0,North,0,0,0,Hill Road,0,,0,,0,Overcast,147000,0,0,0,2,0,0,0,0,0,,0,0,Auckland Region,Bridge,2-way,Sealed,0,0,0,0,100,0,None,0,0,,76,Auckland,Nil,0,0,0,0,0,0,Open,1,0,0,Fine,Null
1624872,5273830,33973,,585601,0,,0,0,,Null,2006/2007,SH 1S,LEADER RIV BR,,Serious Crash,Yes,2006,,North,,0,,Flat,,,,,,Overcast,2431500,0,0,0,2,,,0,,,,,,Canterbury Region,Nil,2-way,Sealed,,0,3,,100,,Null,1,0,,58,Hurunui District,Unknown,,,,,0,0,Open,1,,,Fine,Null
1571090,5179555,33974,,591500,1,0,0,0,0,West,2005/2006,ST ASAPH ST,MADRAS ST,,Serious Crash,No,2006,0,West,0,0,0,Flat,0,,0,,0,Bright sun,2649500,1,0,0,2,0,0,0,0,1,,0,0,Canterbury Region,Nil,1-way,Sealed,0,0,1,0,50,0,Null,2,0,,60,Christchurch City,Nil,0,0,0,0,0,0,Urban,0,0,0,Fine,Null
1756453,5924562,33975,,509702,0,,0,1,,North,2005/2006,SH 1N,OLD ONEWA OBR,,Non-Injury Crash,Yes,2006,,South,,0,,Flat,,,,,,Bright sun,366700,0,0,0,3,,,0,,,,,,Auckland Region,Nil,1-way,Sealed,,0,0,,100,,Off,1,0,,76,Auckland,Nil,,,,,0,0,Open,1,,,Fine,Null
1756229,5924242,33976,,509702,0,,0,1,,North,2006/2007,SH 1N,ONEWA ON SBD,,Non-Injury Crash,Yes,2006,,South,,0,,Flat,,,,,,Bright sun,366700,0,0,0,3,,,0,,,,,,Auckland Region,Nil,1-way,Sealed,,0,0,,80,,Off,1,0,,76,Auckland,Nil,,,,,0,0,Open,0,,,Fine,Null
1754857,5918760,33977,,515431,1,,0,1,,Null,2006/2007,SURREY CRESCENT,GREAT NORTH ROAD,,Minor Crash,No,2006,,East,,0,,Flat,,Christmas New Year,,,,Bright sun,405800,1,0,0,4,,,0,,,,,,Auckland Region,Nil,2-way,Sealed,,0,0,,50,,Off,0,0,,76,Auckland,Traffic Signals,,,,,0,0,Urban,0,,,Fine,Null
1751616,5949802,33978,,505805,0,0,0,2,0,West,2005/2006,FLORENCE AVENUE,HIBISCUS COAST HIGHWAY,,Non-Injury Crash,No,2006,0,East,0,0,0,Flat,0,,0,,0,Overcast,171500,0,0,0,2,0,0,0,0,1,,0,0,Auckland Region,Nil,2-way,Sealed,0,0,0,0,50,0,Off,0,0,,76,Auckland,Nil,0,0,0,0,0,0,Urban,0,0,0,Fine,Null
1758921,5917105,33979,,516001,0,,0,1,,North,2005/2006,SH 1N,MARKET OBR,,Non-Injury Crash,Yes,2006,,North,,0,,Flat,,,,,,Dark,491200,0,0,0,4,,,0,,,,,,Auckland Region,Nil,2-way,Sealed,,0,0,,100,,On,0,0,,76,Auckland,Nil,,,,,1,0,Open,0,,,Fine,Null
1756431,5927790,33980,,507900,0,,0,1,,Null,2005/2006,WAIRAU ROAD,SHAKESPEARE ROAD,,Non-Injury Crash,No,2006,,South,,0,,Flat,,,,,,Twilight,305202,0,0,0,4,,,0,,,,,,Auckland Region,Nil,2-way,Sealed,,0,0,,50,,Off,0,0,,76,Auckland,Traffic Signals,,,,,0,0,Urban,1,,,Fine,Null
1772717,5896777,33981,,525420,0,0,0,1,0,Null,2005/2006,INGRAM ST,PORCHESTER ROAD,,Non-Injury Crash,No,2006,0,South,0,0,1,Flat,1,,0,,0,Dark,792603,0,0,0,2,0,0,0,0,0,,1,0,Auckland Region,Nil,2-way,Sealed,0,0,0,0,50,0,On,0,0,,76,Auckland,Nil,0,0,0,0,0,0,Urban,0,0,0,Fine,Null
1584597,5426417,33982,65,581841,0,0,0,1,0,South,2005/2006,MOTUEKA VALLEY HIGHWAY,STANLEY BROOK BR,,Non-Injury Crash,No,2006,0,North,0,0,0,Flat,0,,0,,0,Bright sun,2374300,0,0,0,2,0,0,0,0,0,,0,0,Tasman Region,Nil,2-way,Sealed,0,0,0,0,100,0,Null,0,0,,51,Tasman District,Nil,0,0,0,1,0,0,Open,0,0,0,Fine,Null
1572521,5178126,33983,,594300,0,,0,2,,Null,2005/2006,SH 76,ENSORS ROAD,,Minor Crash,Yes,2006,,East,,0,,Flat,,,,,,Bright sun,2583500,1,0,0,2,,,0,,,,,,Canterbury Region,Nil,2-way,Sealed,,0,0,,60,,Null,0,0,,60,Christchurch City,Traffic Signals,,,,,0,0,Urban,0,,,Fine,Null
1854227,5852892,33984,,534200,0,,0,2,,North,2006/2007,SH 2,WOODLANDS ROAD,,Minor Crash,Yes,2006,,North,,0,,Flat,,,,,,Dark,1083601,1,0,0,2,,,0,,,,,,Waikato Region,Nil,2-way,Sealed,,0,0,,100,,None,0,0,,12,Hauraki District,Nil,,,,,1,0,Open,0,,,Fine,Null
1568993,5185588,33985,,588102,0,,0,5,,South,2005/2006,SH 74 MAIN NORTH,MOMORANGI CRESCENT,,Minor Crash,Yes,2006,,South,,0,,Flat,,,,,,Bright sun,2508103,1,0,0,4,,,0,,,,,,Canterbury Region,Nil,2-way,Sealed,,0,0,,60,,Null,0,0,,60,Christchurch City,Unknown,,,,,0,0,Urban,0,,,Fine,Null
1754099,5918914,33986,,515431,0,0,0,3,0,East,2005/2006,OLD MILL ROAD,FRANCIS ST,,Non-Injury Crash,No,2006,0,East,0,0,0,Flat,0,,0,,0,Dark,405000,0,0,0,2,0,0,0,0,1,,0,0,Auckland Region,Nil,2-way,Sealed,0,0,0,0,50,0,On,0,0,,76,Auckland,Nil,0,0,0,0,0,0,Urban,0,0,0,Fine,Null
1756872,5920149,33987,,514102,0,,0,2,,West,2006/2007,COOK ST,HOBSON ST,,Non-Injury Crash,No,2006,,East,,0,,Hill Road,,,,,,Bright sun,434105,0,0,0,4,,,0,,,,,,Auckland Region,Nil,2-way,Sealed,,0,0,,50,,Off,0,0,,76,Auckland,Nil,,,,,1,0,Urban,0,,,Fine,Null
1571773,5179396,33988,,593502,0,,0,1,,South,2005/2006,FITZGERALD AVENUE,LEEDS ST,,Minor Crash,No,2006,,South,,0,,Flat,,,,,,Dark,2607200,1,0,0,6,,,0,,,1,,,Canterbury Region,Nil,2-way,Sealed,,0,0,,50,,On,0,0,,60,Christchurch City,Unknown,,,,,0,0,Urban,0,,,Fine,Null
1338729,4873866,33989,,607300,0,0,0,1,0,East,2006/2007,SH 1S,JACKS HILL ROAD,,Minor Crash,Yes,2006,0,East,1,0,0,Hill Road,0,Christmas New Year,0,,0,Overcast,3001900,1,0,0,2,0,0,0,0,0,,0,0,Otago Region,Nil,2-way,Sealed,0,0,0,0,100,0,Null,0,0,,72,Clutha District,Unknown,0,0,0,0,0,0,Open,0,0,0,Fine,Null
1934388,5620925,33990,,546400,0,,0,2,,Null,2006/2007,PREBENSEN DRIVE,FACILITY ACCESS,,Serious Crash,No,2006,,East,,0,,Flat,,,,,,Bright sun,1426500,1,0,0,2,,,0,,,,,,Hawke's Bay Region,Nil,2-way,Sealed,,0,1,,70,,Null,0,0,,31,Napier City,Give way,,,,,1,0,Urban,0,,,Fine,Null
1884738,5774824,33991,,540410,0,,0,2,,Null,2005/2006,LAKE ROAD,KOROKAI ST,,Non-Injury Crash,No,2006,,West,,0,,Hill Road,,,,,,Overcast,1232000,0,0,0,2,,,0,,,,,,Bay of Plenty Region,Nil,2-way,Sealed,,0,0,,50,,Null,0,0,,24,Rotorua District,Give way,,,,,0,0,Urban,0,,,Light rain,Null
1764202,5909557,33992,,521901,0,0,0,1,0,West,2006/2007,QUEEN ST,PARK AVENUE,,Non-Injury Crash,No,2006,0,North,0,0,0,Flat,0,,1,,0,Bright sun,784500,0,0,0,2,0,0,0,0,0,,0,0,Auckland Region,Nil,2-way,Sealed,0,0,0,0,50,0,Off,0,0,,76,Auckland,Stop,0,0,0,0,0,0,Urban,0,0,0,Fine,Null
1747278,5919596,33993,,512402,0,,0,1,,North,2005/2006,TE ATATU ROAD,TE ATATU OFF WBD,,Non-Injury Crash,No,2006,,North,,0,,Flat,,,,,,Bright sun,253700,0,0,0,4,,,0,,,,,,Auckland Region,Nil,2-way,Sealed,,0,0,,50,,Null,0,0,,76,Auckland,Traffic Signals,,,,,0,0,Urban,1,,,Fine,Null
1405397,4914438,33994,,604410,0,,0,2,,Null,2005/2006,HILLSIDE ROAD,BRADSHAW ST,,Minor Crash,No,2006,,West,,0,,Flat,,,,,,Dark,2929800,3,0,0,2,,,0,,,,,,Otago Region,Nil,2-way,Sealed,,0,0,,50,,On,0,0,,71,Dunedin City,Traffic Signals,,,,,0,0,Urban,0,,,Fine,Null
1876768,5821122,33995,,537500,0,0,0,3,0,West,2006/2007,CAMERON ROAD,KAURI ST,,Minor Crash,No,2006,0,West,0,0,0,Flat,0,,0,,0,Twilight,1171700,1,0,0,2,0,0,0,0,1,,0,0,Bay of Plenty Region,Nil,2-way,Sealed,0,0,0,0,50,0,On,0,0,,23,Tauranga City,Nil,0,0,0,0,0,0,Urban,0,0,0,Light rain,Null
1741657,5918580,33996,,513214,0,,0,1,,Null,2005/2006,POOKS ROAD,NORTH CANDIA ROAD,,Non-Injury Crash,No,2006,,South,,0,,Flat,,,,,,Overcast,238501,0,0,0,1,,,0,,,,,,Auckland Region,Nil,1-way,Sealed,,0,0,,50,,Off,1,0,,76,Auckland,Give way,,,,,0,0,Urban,0,,,Light rain,Null
2074443,5802010,33997,,543301,0,0,0,0,0,South,2005/2006,SH 35,HERUPARA ROAD,,Non-Injury Crash,Yes,2006,0,North,0,0,0,Flat,0,,0,,0,Overcast,1344200,0,0,0,2,0,0,0,0,0,,0,0,Gisborne Region,Nil,2-way,Sealed,0,0,0,0,100,0,Null,0,0,,28,Gisborne District,Nil,0,0,0,0,0,0,Open,1,0,0,Light rain,Null
1405092,4916000,33998,,603000,0,,0,3,,West,2005/2006,HIGH ST,ALVA ST,,Minor Crash,No,2006,,West,,0,,Hill Road,,,,,,Dark,2897700,1,0,0,2,,,0,,,,,,Otago Region,Nil,2-way,Sealed,,0,0,,50,,On,0,0,,71,Dunedin City,Unknown,,,,,0,0,Urban,0,,,Fine,Null
1615283,5423103,33999,,584202,0,0,0,2,0,South,2005/2006,WENSLEY ROAD,WAVERLEY ST,,Minor Crash,No,2006,0,South,0,0,1,Hill Road,0,,0,,0,Dark,2365800,1,0,0,1,0,0,0,0,0,,0,0,Tasman Region,Nil,2-way,Sealed,0,0,0,0,50,0,On,0,0,,51,Tasman District,Nil,0,1,0,0,0,0,Urban,0,0,0,Fine,Null
1932941,5618330,34000,,547400,1,,0,1,,Null,2005/2006,KENNEDY ROAD,TARADALE ROAD,,Minor Crash,No,2006,,North,,0,,Flat,,,,,,Twilight,1448400,1,0,0,2,,,0,,,,,,Hawke's Bay Region,Nil,2-way,Sealed,,0,0,,50,,Off,0,0,,31,Napier City,Give way,,,,,0,0,Urban,0,,,Fine,Null
1823261,5462801,34001,,578600,0,,0,2,,Null,2005/2006,QUEEN ST,RUSSELL ST,,Minor Crash,No,2006,,North,,0,,Flat,,,,,,Overcast,2243700,1,0,0,2,,,0,,,,,,Wellington Region,Nil,2-way,Sealed,,0,0,,50,,Null,0,0,,48,Masterton District,Stop,,,,,0,0,Urban,0,,,Fine,Null
1892390,5757729,34002,,538832,0,,0,0,,South,2006/2007,SH 5,EARTHQUAKE FLAT ROAD,,Minor Crash,Yes,2006,,South,,0,,Flat,,,,,,Dark,1259101,1,0,0,2,,,0,,,,,,Bay of Plenty Region,Nil,2-way,Sealed,,0,0,,100,,Off,1,0,,24,Rotorua District,Nil,,,,,0,0,Open,0,,,Mist or Fog,Null
1933518,5623357,34003,,545611,0,,0,2,,Null,2005/2006,SH 2 MAIN NORTH ROAD,MEEANEE QUAY,,Serious Crash,Yes,2006,,South,,0,,Flat,,,,,,Overcast,1413802,3,0,0,3,,,0,,,,,,Hawke's Bay Region,Nil,2-way,Sealed,,0,1,,100,,Null,0,0,,31,Napier City,Stop,,,,,0,0,Open,0,,,Fine,Null
1753198,5914939,34004,,518801,0,,0,2,,Null,2005/2006,RICHARDSON ROAD,ODONNELL AVENUE,,Non-Injury Crash,No,2006,,West,,0,,Flat,,,,,,Dark,575900,0,0,0,2,,,0,,,,,,Auckland Region,Nil,2-way,Sealed,,0,0,,50,,On,0,0,,76,Auckland,Give way,,,,,0,0,Urban,0,,,Fine,Null
1758827,5918935,34005,,515902,0,0,0,1,0,North,2005/2006,DOMAIN DRIVE,PARNELL ROAD,,Non-Injury Crash,No,2006,0,North,0,0,1,Hill Road,0,,0,,0,Twilight,451700,0,0,0,2,0,0,0,0,0,,0,0,Auckland Region,Nil,2-way,Sealed,0,0,0,0,50,0,Off,0,0,,76,Auckland,Traffic Signals,0,0,0,0,0,0,Urban,0,0,0,Fine,Null
1756743,5928832,34006,,507800,0,0,0,1,0,North,2006/2007,NILE ROAD,ALMA ROAD,,Non-Injury Crash,No,2006,0,South,0,0,1,Flat,0,,0,,0,Dark,308200,0,0,0,2,0,0,0,0,0,,0,0,Auckland Region,Nil,2-way,Sealed,0,0,0,0,50,0,On,0,0,,76,Auckland,Nil,0,0,0,1,0,0,Urban,0,0,0,Fine,Null
1390789,4906888,34007,,602500,0,,0,1,,South,2006/2007,TAIERI MOUTH ROAD,BIG STONE ROAD,,Serious Crash,No,2006,,North,,0,,Flat,,,,,,Twilight,2976301,1,0,0,2,,,0,,,,,,Otago Region,Nil,2-way,Sealed,,0,1,,100,,None,1,0,,71,Dunedin City,Nil,,,,,0,0,Open,0,,,Fine,Null
1824553,5490645,34008,,578200,0,,0,0,,South,2005/2006,SH 2,SOUTH ROAD NO 2,,Minor Crash,Yes,2006,,South,,0,,Flat,,,,,,Bright sun,2229001,1,0,1,2,,,0,,,,,,Manawatū-Whanganui Region,Nil,2-way,Sealed,,0,0,,100,,Null,0,0,,41,Tararua District,Nil,,,,,0,0,Open,0,,,Fine,Null
1761015,5919772,34009,,516400,0,,0,0,,South,2006/2007,NGAPIPI ROAD,TAMAKI DRIVE,,Serious Crash,No,2006,,South,,0,,Flat,,,,,,Bright sun,496900,0,0,1,2,,,0,,,,,,Auckland Region,Nil,2-way,Sealed,,0,1,,50,,Null,1,0,,76,Auckland,Unknown,,,,,0,0,Urban,0,,,Fine,Null
1753963,5931187,34010,,508803,0,0,0,1,0,East,2005/2006,SANTIAGO CRESCENT,CABELLO PLACE,,Non-Injury Crash,No,2006,0,East,0,0,1,Flat,0,,0,,0,Dark,180816,0,0,0,2,0,0,0,0,0,,0,0,Auckland Region,Nil,2-way,Sealed,0,0,0,0,50,0,On,0,0,,76,Auckland,Nil,0,0,0,1,0,0,Urban,0,0,0,Fine,Null
1800526,5815212,34011,,529700,0,,0,2,,Null,2006/2007,TRISTRAM ST,WARD ST,,Non-Injury Crash,No,2006,,South,,0,,Flat,,,,,,Overcast,910800,0,0,0,3,,,0,,,,,,Waikato Region,Nil,2-way,Sealed,,0,0,,50,,Null,0,0,,16,Hamilton City,Traffic Signals,,,,,0,0,Urban,0,,,Mist or Fog,Null
1356579,4881239,34012,,606700,0,,0,1,,Null,2005/2006,LAKESIDE ROAD,STATION ROAD,,Minor Crash,No,2006,,North,,0,,Hill Road,,,,,,Overcast,2986001,2,0,0,2,,,0,,,,,,Otago Region,Nil,2-way,Sealed,,0,0,,100,,Null,0,0,,72,Clutha District,Give way,,,,,0,0,Open,1,,,Light rain,Null
1766151,5914312,34013,,520601,0,0,0,0,0,Null,2005/2006,KINGS ROAD,DUNKIRK ROAD,,Non-Injury Crash,No,2006,0,South,0,0,1,Flat,0,,0,,0,Bright sun,629800,0,0,0,2,0,0,0,0,0,,0,1,Auckland Region,Nil,2-way,Sealed,0,0,0,0,50,0,Off,1,0,,76,Auckland,Stop,0,0,0,0,0,0,Urban,0,0,0,Fine,Null
1822846,5628179,34014,,554900,0,0,0,0,1,East,2006/2007,SH 49,STOUTS ROAD,,Fatal Crash,Yes,2006,0,West,0,1,0,Flat,0,,0,,0,Dark,1673301,0,0,1,2,0,0,0,0,0,,0,0,Manawatū-Whanganui Region,Nil,2-way,Sealed,0,0,1,0,100,0,None,0,0,,36,Ruapehu District,Nil,0,0,0,0,0,0,Open,0,0,0,Fine,Null
1756614,5913757,34015,,518701,0,,0,2,,West,2006/2007,MOUNT ALBERT ROAD,MOUNT EDEN ROAD,,Minor Crash,No,2006,,East,,0,,Flat,,,,,,Bright sun,568300,1,0,0,2,,,0,,,,,,Auckland Region,Nil,2-way,Sealed,,0,0,,50,,Off,0,0,,76,Auckland,Nil,,,,,0,0,Urban,0,,,Fine,Null
1800428,5816213,34016,,529700,0,0,0,1,0,Null,2006/2007,VICTORIA ST,ULSTER ST,,Non-Injury Crash,No,2006,0,North,0,0,0,Flat,0,,0,,0,Dark,909402,0,0,0,4,0,0,0,0,0,,0,0,Waikato Region,Nil,2-way,Sealed,0,0,0,0,50,0,On,0,0,,16,Hamilton City,Traffic Signals,1,0,0,0,0,0,Urban,0,0,0,Fine,Null
1799357,5814531,34017,,528900,0,,0,2,,West,2005/2006,KILLARNEY ROAD,ELLIS ST,,Non-Injury Crash,No,2006,,West,,0,,Flat,,,,,,Overcast,916102,0,0,0,2,,,0,,,,,,Waikato Region,Nil,2-way,Sealed,,0,0,,50,,Null,0,0,,16,Hamilton City,Unknown,,,,,0,0,Urban,0,,,Fine,Null
1763235,5919856,34018,,516500,0,0,0,2,0,North,2005/2006,PATTESON AVENUE,CODRINGTON CRESCENT,,Non-Injury Crash,No,2006,0,South,0,0,0,Hill Road,0,,0,,0,Dark,501700,0,0,0,2,0,0,0,0,1,,0,0,Auckland Region,Nil,2-way,Sealed,0,0,0,0,50,0,On,0,0,,76,Auckland,Nil,0,0,0,0,0,0,Urban,0,0,0,Heavy rain,Null