X,Y,OBJECTID,advisorySpeed,areaUnitID,bicycle,bridge,bus,carStationWagon,cliffBank,crashDirectionDescription,crashFinancialYear,crashLocation1,crashLocation2,crashRoadSideRoad,crashSeverity,crashSHDescription,crashYear,debris,directionRoleDescription,ditch,fatalCount,fence,flatHill,guardRail,holiday,houseOrBuilding,intersection,kerb,light,meshblockId,minorInjuryCount,moped,motorcycle,NumberOfLanes,objectThrownOrDropped,otherObject,otherVehicleType,overBank,parkedVehicle,pedestrian,phoneBoxEtc,postOrPole,region,roadCharacter,roadLane,roadSurface,roadworks,schoolBus,seriousInjuryCount,slipOrFlood,speedLimit,strayAnimal,streetLight,suv,taxi,temporarySpeedLimit,tlaId,tlaName,trafficControl,trafficIsland,trafficSign,train,tree,truck,unknownVehicleType,urban,vanOrUtility,vehicle,waterRiver,weatherA,weatherB
1683799,6088131,34019,,501632,0,0,0,1,0,East,2006/2007,SH 1N,WAIKARAMU ROAD,,Non-Injury Crash,Yes,2006,0,South,0,0,1,Flat,0,,0,,0,Bright sun,36700,0,0,0,2,0,0,0,0,0,,0,0,Northland Region,Nil,2-way,Sealed,0,0,0,0,100,0,None,0,0,,1,Far North District,Nil,0,0,0,0,0,0,Open,0,0,1,Fine,Null
1760424,5434724,34020,,568701,0,,0,1,,South,2005/2006,WAIWHETU ROAD,RODNEY ST,,Minor Crash,No,2006,,North,,0,,Flat,,,,,,Twilight,1977000,1,0,0,2,,,0,,,1,,,Wellington Region,Nil,2-way,Sealed,,0,0,,50,,Off,0,0,,46,Lower Hutt City,Nil,,,,,0,0,Urban,0,,,Fine,Null
1757483,5926650,34021,,507900,0,,0,4,,North,2006/2007,BARRYS POINT ROAD,DES SWANN DRIVE,,Minor Crash,No,2006,,South,,0,,Flat,,,,,,Overcast,304100,1,0,0,2,,,0,,,,,,Auckland Region,Nil,2-way,Sealed,,0,0,,50,,Off,0,0,,76,Auckland,Nil,,,,,0,0,Urban,0,,,Light rain,Null
1767515,5905580,34022,,524603,0,,0,2,,South,2006/2007,SH 1N,REAGAN OBR,,Non-Injury Crash,Yes,2006,,North,,0,,Flat,,,,,,Bright sun,780303,0,0,0,3,,,0,,,,,,Auckland Region,Nil,1-way,Sealed,,0,0,,100,,Off,0,0,,76,Auckland,Nil,,,,,0,0,Open,0,,,Fine,Null
1405974,4916417,34023,,602900,0,0,0,1,0,West,2006/2007,HIGH ST,MANSE ST,,Serious Crash,No,2006,0,East,0,0,1,Flat,0,,0,,0,Dark,2896700,0,0,0,2,0,0,0,0,0,,0,0,Otago Region,Nil,2-way,Sealed,0,0,1,0,50,0,On,0,0,,71,Dunedin City,Unknown,1,0,0,0,0,0,Urban,0,0,0,Fine,Null
1893987,5755720,34024,,538832,0,,0,2,,North,2005/2006,SH 5,SH 38,,Non-Injury Crash,Yes,2006,,South,,0,,Hill Road,,Queens Birthday,,,,Overcast,1259101,0,0,0,2,,,0,,,,,,Bay of Plenty Region,Nil,2-way,Unsealed,,0,0,,100,,Null,0,0,30,24,Rotorua District,Unknown,,,,,0,0,Open,0,,,Light rain,Null
1756226,5882336,34025,,521152,0,0,0,0,0,Null,2006/2007,GLENBROOK ROAD,GLENBROOK STATION ROAD,,Non-Injury Crash,No,2006,0,West,0,0,1,Flat,0,,0,,0,Bright sun,834400,0,0,0,2,0,0,0,0,0,,0,0,Auckland Region,Nil,2-way,Sealed,0,0,0,0,100,0,Null,1,0,,76,Auckland,Stop,0,0,0,0,0,0,Open,0,0,0,Fine,Null
1748897,5425206,34026,,576301,0,,0,1,,West,2006/2007,HALL ST,RIDDIFORD ST,,Minor Crash,No,2006,,East,,0,,Flat,,,,,,Overcast,2164600,1,0,0,2,,,0,,,1,,,Wellington Region,Nil,2-way,Sealed,,0,0,,50,,Null,0,0,,47,Wellington City,Nil,,,,,0,0,Urban,0,,,Fine,Null
1752914,5934957,34027,,508701,0,0,0,1,1,Null,2006/2007,OTEHA VALLEY ROAD,OTEHA VALLEY OFF NBD,,Non-Injury Crash,Yes,2006,0,North,0,0,0,Hill Road,0,,0,,0,Overcast,179000,0,0,0,4,0,0,0,0,0,,0,0,Auckland Region,Nil,2-way,Sealed,0,0,0,0,50,0,Off,0,0,,76,Auckland,Traffic Signals,0,0,0,0,0,0,Urban,0,0,0,Light rain,Null
1766904,5907645,34028,,523602,0,,0,2,,Null,2005/2006,BAIRDS ROAD,EAST TAMAKI ROAD,,Non-Injury Crash,No,2006,,West,,0,,Flat,,,,,,Dark,709300,0,0,0,5,,,0,,,,,,Auckland Region,Nil,2-way,Sealed,,0,0,,60,,On,0,0,,76,Auckland,Traffic Signals,,,,,0,0,Urban,0,,,Fine,Null
1756213,5917409,34029,,518102,0,,0,1,,East,2005/2006,VALLEY ROAD,DOMINION ROAD,,Non-Injury Crash,No,2006,,West,,0,,Flat,,,,,,Bright sun,546100,0,0,0,2,,,0,,,,,,Auckland Region,Nil,2-way,Sealed,,0,0,,50,,Null,1,0,,76,Auckland,Unknown,,,,,0,0,Urban,0,,,Fine,Null
1748983,5949559,34030,,506202,0,0,0,1,0,Null,2006/2007,GRAND DRIVE,OREWA ON SBD,,Non-Injury Crash,No,2006,0,West,0,0,0,Flat,0,Labour Weekend,0,,0,Overcast,176412,0,0,0,2,0,0,0,0,0,,0,1,Auckland Region,Nil,2-way,Sealed,0,0,0,0,100,0,Off,0,0,,76,Auckland,Give way,0,0,0,0,0,0,Open,0,0,0,Light rain,Null
1730898,6014149,34031,,501815,0,0,0,0,0,South,2005/2006,SOUTH ROAD,MCLEAN ROAD,,Serious Crash,No,2006,0,South,1,0,0,Flat,0,,0,,0,Dark,81200,0,0,0,2,0,0,0,0,0,,0,0,Northland Region,Nil,2-way,Sealed,0,0,1,0,100,0,None,1,0,,2,Whangarei District,Nil,0,0,0,0,0,0,Open,0,0,0,Fine,Null
1932945,5618331,34032,,547400,0,0,0,0,0,Null,2005/2006,TARADALE ROAD,KENNEDY ROAD,,Non-Injury Crash,No,2006,0,South,0,0,0,Flat,0,,0,,0,Dark,1448400,0,0,0,2,0,0,0,0,0,,0,0,Hawke's Bay Region,Nil,2-way,Sealed,0,0,0,0,50,0,On,0,0,,31,Napier City,Give way,1,0,0,0,0,0,Urban,1,0,0,Light rain,Null
1757973,5926486,34033,,508020,0,,0,1,,West,2005/2006,TENNYSON AVENUE,BURNS AVENUE,,Non-Injury Crash,No,2006,,West,,0,,Hill Road,,,,,,Overcast,325300,0,0,0,2,,,0,,,,,,Auckland Region,Nil,2-way,Sealed,,0,0,,50,,Off,1,0,,76,Auckland,Nil,,,,,0,0,Urban,0,,,Light rain,Null
1761481,5907722,34034,,524510,0,0,0,1,0,Null,2006/2007,GARUS AVENUE,MCNAUGHTON AVENUE,,Non-Injury Crash,No,2006,0,South,0,0,0,Flat,0,,0,,0,Overcast,734102,0,0,0,2,0,0,0,0,0,,0,1,Auckland Region,Nil,2-way,Sealed,0,0,0,0,50,0,Off,0,0,,76,Auckland,Nil,0,0,0,0,0,0,Urban,0,0,0,Fine,Null
1878765,5823600,34035,,538201,0,,0,2,,West,2005/2006,SIXTH AVENUE,CAMERON ROAD,,Non-Injury Crash,No,2006,,West,,0,,Hill Road,,,,,,Bright sun,1166000,0,0,0,2,,,0,,,,,,Bay of Plenty Region,Nil,2-way,Sealed,,0,0,,50,,Off,0,0,,23,Tauranga City,Nil,,,,,0,0,Urban,0,,,Fine,Null
1746876,5972464,34036,,506661,0,0,0,3,0,South,2006/2007,SH 1N,GRIMMERS BR,,Fatal Crash,Yes,2006,0,South,1,2,0,Flat,0,,0,,0,Bright sun,139000,2,0,0,2,0,0,0,0,0,,0,0,Auckland Region,Nil,2-way,Sealed,0,0,2,0,100,0,Off,0,0,,76,Auckland,Nil,0,0,0,0,0,0,Open,0,0,0,Fine,Null
1758966,5912183,34037,,519820,0,0,0,1,0,West,2005/2006,CHURCH ST,ONEHUNGA MALL,,Minor Crash,No,2006,0,East,0,0,0,Flat,0,,0,,0,Bright sun,601800,2,0,0,2,0,0,0,0,0,,0,0,Auckland Region,Nil,2-way,Sealed,0,0,0,0,50,0,Null,0,0,,76,Auckland,Nil,0,0,0,1,1,0,Urban,0,1,0,Fine,Null
1769848,5918350,34038,30,522601,0,0,0,1,0,North,2006/2007,WALLER AVENUE,GULF CREST,,Non-Injury Crash,No,2006,0,North,0,0,0,Flat,0,,0,,0,Overcast,676301,0,0,0,2,0,0,0,0,1,,0,0,Auckland Region,Nil,2-way,Sealed,0,0,0,0,50,0,Null,1,0,,76,Auckland,Unknown,0,0,0,0,0,0,Urban,0,0,0,Fine,Null
1757028,5928622,34039,,507800,0,0,0,0,0,North,2006/2007,WOODBRIDGE LANE,SHAKESPEARE ROAD,,Non-Injury Crash,No,2006,0,South,0,0,0,Flat,0,,0,,0,Bright sun,307400,0,0,0,1,0,0,0,0,0,,0,1,Auckland Region,Nil,2-way,Sealed,0,0,0,0,50,0,Off,0,0,,76,Auckland,Nil,0,0,0,0,1,0,Urban,0,0,0,Fine,Null
1757230,5919408,34040,,514301,0,,1,1,,North,2006/2007,SYMONDS ST,KARANGAHAPE ROAD,,Non-Injury Crash,No,2006,,South,,0,,Flat,,,,,,Overcast,440904,0,0,0,5,,,0,,,,,,Auckland Region,Nil,2-way,Sealed,,0,0,,50,,Off,0,0,,76,Auckland,Traffic Signals,,,,,0,0,Urban,0,,,Light rain,Null
1754093,5917087,34041,,517600,0,,0,3,,South,2006/2007,ST LUKES ROAD,NEW NORTH ROAD,,Non-Injury Crash,No,2006,,South,,0,,Hill Road,,,,,,Bright sun,535000,0,0,0,4,,,0,,,,,,Auckland Region,Nil,2-way,Sealed,,0,0,,50,,Off,1,0,,76,Auckland,Nil,,,,,0,0,Urban,0,,,Fine,Null
1854780,5536685,34042,,550200,0,2,0,3,0,North,2005/2006,SH 2,GAISFORD ROAD,,Minor Crash,Yes,2006,0,North,0,0,0,Flat,0,,0,,0,Dark,1544600,2,0,0,2,0,0,0,0,0,,0,0,Manawatū-Whanganui Region,Bridge,2-way,Sealed,0,0,0,0,100,0,None,0,0,,41,Tararua District,Nil,0,0,0,0,0,0,Open,0,0,0,Fine,Null
1764490,5918149,34043,,516500,0,,0,2,,Null,2006/2007,ST HELIERS BAY ROAD,KOHIMARAMA ROAD,,Non-Injury Crash,No,2006,,South,,0,,Flat,,,,,,Bright sun,503800,0,0,0,4,,,0,,,,,,Auckland Region,Nil,2-way,Sealed,,0,0,,50,,Off,0,0,,76,Auckland,Give way,,,,,0,0,Urban,0,,,Fine,Null
1802722,5817653,34044,,529503,0,,0,1,,West,2006/2007,POWELLS ROAD,FAIRVIEW ST,,Non-Injury Crash,No,2006,,West,,0,,Flat,,,,,,Overcast,873000,0,0,0,2,,,0,,,,,,Waikato Region,Nil,2-way,Sealed,,0,0,,50,,Null,1,0,,16,Hamilton City,Give way,,,,,0,0,Urban,0,,,Fine,Null
1805771,5787684,34045,,527700,0,0,0,1,0,North,2006/2007,SH 3,HAVELOCK ST,,Non-Injury Crash,Yes,2006,0,South,0,0,0,Flat,0,,0,,0,Dark,989901,0,0,0,2,0,0,0,0,1,,0,0,Waikato Region,Nil,2-way,Sealed,0,0,0,0,50,0,On,1,0,,17,Waipa District,Unknown,0,0,0,0,0,0,Urban,0,0,0,Light rain,Null
1765680,5901414,34046,,524604,0,,0,2,,East,2005/2006,BROWNS ROAD,ROSCOMMON ROAD,,Minor Crash,No,2006,,West,,0,,Flat,,,,,,Overcast,781302,2,0,0,2,,,0,,,,,,Auckland Region,Nil,2-way,Sealed,,0,0,,50,,Null,0,0,,76,Auckland,Traffic Signals,,,,,0,0,Urban,0,,,Fine,Null
1747347,5915755,34047,,511601,0,0,0,2,0,West,2005/2006,PHELPS PLACE,HEPBURN ROAD,,Minor Crash,No,2006,0,East,0,0,0,Flat,0,,0,,0,Overcast,274202,1,0,0,2,0,0,0,0,1,1,0,0,Auckland Region,Nil,2-way,Sealed,0,0,0,0,50,0,Null,0,0,,76,Auckland,Unknown,0,0,0,0,0,0,Urban,0,0,0,Fine,Null
1753343,5920140,34048,,515100,0,0,0,4,0,West,2006/2007,WEST END ROAD,KOTARE AVENUE,,Non-Injury Crash,No,2006,0,West,0,0,0,Hill Road,0,,0,,0,Dark,398900,0,0,0,2,0,0,0,0,3,,0,0,Auckland Region,Nil,2-way,Sealed,0,0,0,0,50,0,On,0,0,,76,Auckland,Nil,0,0,0,0,0,0,Urban,0,0,0,Fine,Null
1758456,5904197,34049,,524200,0,0,0,1,0,West,2006/2007,IHUMATAO ROAD,GEORGE BOLT MEMORIAL DRIV,,Serious Crash,No,2006,0,East,0,0,1,Flat,0,,0,,0,Bright sun,727000,0,0,0,2,0,1,0,0,0,,0,0,Auckland Region,Nil,2-way,Sealed,0,0,1,0,100,0,Off,0,0,,76,Auckland,Nil,0,0,0,0,0,0,Open,0,0,0,Fine,Null
1769928,5908142,34050,,523713,0,,0,2,,Null,2006/2007,CHAPEL ROAD,STANCOMBE ROAD,,Non-Injury Crash,No,2006,,North,,0,,Flat,,,,,,Bright sun,712302,0,0,0,4,,,0,,,,,,Auckland Region,Nil,2-way,Sealed,,0,0,,70,,Off,0,0,,76,Auckland,Traffic Signals,,,,,0,0,Urban,0,,,Fine,Null
1770496,5473975,34051,,563701,0,,0,1,,West,2005/2006,WAIMEA ROAD,WEGGERY DRIVE,,Serious Crash,No,2006,,East,,0,,Flat,,,,,,Bright sun,1874703,0,0,0,2,,,0,,,1,,,Wellington Region,Nil,2-way,Sealed,,0,1,,50,,Null,0,0,,43,Kapiti Coast District,Nil,,,,,0,0,Urban,0,,,Fine,Null
1757649,5913873,34052,,518600,0,0,0,1,0,West,2006/2007,FERNLEIGH AVENUE,PAH ROAD,,Non-Injury Crash,No,2006,0,West,0,0,1,Flat,0,Christmas New Year,1,,0,Dark,565300,0,0,0,2,0,0,0,0,0,,0,0,Auckland Region,Nil,2-way,Sealed,0,0,0,0,50,0,On,0,0,,76,Auckland,Nil,0,0,0,0,0,0,Urban,0,0,0,Fine,Null
1758284,5917107,34053,,515700,1,,0,1,,West,2005/2006,OWENS ROAD,MANUKAU ROAD,,Minor Crash,No,2006,,East,,0,,Flat,,,,,,Bright sun,457800,1,0,0,3,,,0,,,,,,Auckland Region,Nil,2-way,Sealed,,0,0,,50,,Off,0,0,,76,Auckland,Nil,,,,,0,0,Urban,0,,,Fine,Null
1770669,5898615,34054,,523920,0,,0,1,,Null,2006/2007,GREAT SOUTH ROAD,TAKA ST,,Non-Injury Crash,No,2006,,South,,0,,Flat,,,,,,Overcast,768001,0,0,0,3,,,0,,,,,,Auckland Region,Nil,2-way,Sealed,,0,0,,50,,Off,1,0,,76,Auckland,Traffic Signals,,,,,0,0,Urban,0,,,Light rain,Null
1718660,6045117,34055,,502900,0,0,0,1,0,South,2006/2007,BERNARD ST,MAUNU ROAD,,Non-Injury Crash,No,2006,0,North,0,0,0,Flat,0,,0,,0,Bright sun,103400,0,0,0,2,0,0,0,0,0,,0,0,Northland Region,Nil,1-way,Sealed,0,0,0,0,50,0,Off,0,0,,2,Whangarei District,Nil,0,1,0,0,0,0,Urban,0,0,0,Fine,Null
1755803,5922707,34056,,509800,0,,0,1,,North,2006/2007,SH 1N,SHELLY OFF SBD,,Minor Crash,Yes,2006,,South,,0,,Hill Road,,,,,,Bright sun,359300,1,0,0,4,,,0,,,,,,,Bridge,1-way,Sealed,,0,0,,80,,Off,0,0,,76,Auckland,Nil,,,,,0,0,Open,1,,,Fine,Null
1751765,5432777,34057,,574303,0,0,0,2,0,North,2006/2007,SH 1N,SH 2,,Non-Injury Crash,Yes,2006,0,North,0,0,0,Flat,1,,0,,0,Bright sun,2088705,0,0,0,3,0,0,0,0,0,,0,0,Wellington Region,Nil,2-way,Sealed,0,0,0,0,100,0,Null,0,0,,47,Wellington City,Nil,0,0,0,0,0,0,Open,0,0,0,Fine,Null
1788349,5838879,34058,,526601,0,,0,1,,West,2006/2007,ROTOWARO ROAD,WEAVERS CROSSING ROAD,,Minor Crash,No,2006,,East,,0,,Hill Road,,,,,,Dark,852100,1,0,0,2,,,0,,,,,,Waikato Region,Nil,2-way,Sealed,,0,0,,100,,None,0,0,30,13,Waikato District,Nil,,,,,0,0,Open,0,,,Fine,Null
1949200,5789715,34059,,542430,0,,0,0,,South,2006/2007,ARAWA ROAD,CUTLER CRESCENT S,,Non-Injury Crash,No,2006,,North,,0,,Flat,,Christmas New Year,,,,Bright sun,1312200,0,0,0,2,,,0,,,,,,Bay of Plenty Region,Nil,2-way,Sealed,,0,0,,50,,Null,1,0,,25,Whakatane District,Nil,,,,,0,0,Urban,0,,,Fine,Null
1762271,5907061,34060,,524520,0,,0,2,,Null,2006/2007,MASSEY ROAD,BUCKLAND ROAD,,Minor Crash,No,2006,,North,,0,,Flat,,,,,,Dark,735200,1,0,0,4,,,0,,,,,,Auckland Region,Nil,2-way,Sealed,,0,0,,50,,On,0,0,,76,Auckland,Traffic Signals,,,,,0,0,Urban,0,,,Fine,Null
1756921,5927269,34061,,507900,0,,0,2,,Null,2005/2006,TAHAROTO ROAD,NGAIO ST,,Non-Injury Crash,No,2006,,South,,0,,Flat,,,,,,Overcast,303600,0,0,0,4,,,0,,,,,,Auckland Region,Nil,2-way,Sealed,,0,0,,50,,Off,0,0,,76,Auckland,Give way,,,,,0,0,Urban,0,,,Light rain,Null
1885327,5771560,34062,,540700,0,,0,2,,Null,2005/2006,SH 30,TRYON ST,,Minor Crash,Yes,2006,,West,,0,,Flat,,,,,,Overcast,1246200,2,0,0,2,,,0,,,,,,Bay of Plenty Region,Nil,2-way,Sealed,,0,0,,50,,Null,0,0,,24,Rotorua District,Give way,,,,,0,0,Urban,0,,,Fine,Null
1748356,5426726,34063,,573300,0,,0,2,,Null,2005/2006,THOMPSON ST,WEBB ST,,Non-Injury Crash,No,2006,,North,,0,,Hill Road,,,,,,Dark,2144101,0,0,0,2,,,0,,,,,,Wellington Region,Nil,2-way,Sealed,,0,0,,50,,On,0,0,,47,Wellington City,Stop,,,,,0,0,Urban,0,,,Light rain,Null
1744440,5922171,34064,,513512,0,0,0,1,0,South,2006/2007,SH 16,ROYAL OFF WBD,,Non-Injury Crash,Yes,2006,0,West,0,0,0,Flat,0,,0,,0,Overcast,225702,0,0,0,2,0,0,0,0,1,,0,0,Auckland Region,Nil,1-way,Sealed,0,0,0,0,100,0,Off,0,0,,76,Auckland,Nil,0,0,0,0,1,0,Open,0,0,0,Fine,Null
1368634,4890523,34065,,606700,0,0,0,1,0,North,2005/2006,BACK ROAD,GLENLEDI ROAD,,Minor Crash,No,2006,0,North,0,0,1,Flat,0,,0,,0,Dark,2986902,1,0,0,2,0,0,0,0,0,,0,0,Otago Region,Nil,2-way,Unsealed,0,0,0,0,100,0,None,0,0,,72,Clutha District,Unknown,0,0,0,0,0,0,Open,0,0,0,Fine,Null
1941029,5590173,34066,,545860,0,,0,1,,South,2005/2006,WAIMARAMA ROAD,WAIPUKA ROAD,,Serious Crash,No,2006,,South,,0,,Hill Road,,,,,,Bright sun,1467500,0,0,1,2,,,0,,,,,,Hawke's Bay Region,Nil,2-way,Sealed,,0,1,,100,,Null,0,0,,30,Hastings District,Nil,,,,,0,0,Open,0,,,Fine,Null
1800809,5813544,34067,,529100,0,,0,1,,Null,2006/2007,PEMBROKE ST,SELWYN ST,,Non-Injury Crash,No,2006,,South,,0,,Flat,,,,,,Bright sun,932300,0,0,0,2,,,0,,,,,,Waikato Region,Nil,2-way,Sealed,,0,0,,50,,Off,1,0,,16,Hamilton City,Traffic Signals,,,,,0,0,Urban,0,,,Fine,Null
1951984,5669175,34068,65,545301,0,0,0,1,0,Null,2005/2006,SH 2,KAKARIKI PIT ROAD,,Non-Injury Crash,Yes,2006,0,North,0,0,0,Hill Road,0,,0,,0,Twilight,1392800,0,0,0,2,0,0,0,1,0,,0,0,Hawke's Bay Region,Nil,2-way,Sealed,0,0,0,0,100,0,None,0,0,,29,Wairoa District,Nil,0,0,0,0,0,0,Open,0,0,0,Light rain,Null
1800752,5812975,34069,,529100,0,0,0,0,1,South,2006/2007,SH 3,SH 1N,,Non-Injury Crash,Yes,2006,0,South,0,0,1,Flat,0,,0,,0,Overcast,930700,0,0,0,2,0,0,0,0,0,,0,0,Waikato Region,Nil,2-way,Sealed,0,0,0,0,50,0,Off,0,0,,16,Hamilton City,Nil,0,0,0,0,1,0,Urban,0,0,0,Light rain,Null
1746315,5427669,34070,,575000,0,,0,0,,South,2005/2006,DUTHIE ST,HURMAN ST,,Serious Crash,No,2006,,South,,0,,Hill Road,,,,,,Overcast,2113000,0,0,0,2,,,0,,,1,,,Wellington Region,Nil,2-way,Sealed,,0,1,,50,,Null,1,0,,47,Wellington City,Nil,,,,,0,0,Urban,0,,,Fine,Null
1800284,5815564,34071,,529700,0,,0,2,,North,2006/2007,TRISTRAM ST,LONDON ST,,Non-Injury Crash,No,2006,,North,,0,,Flat,,,,,,Overcast,910200,0,0,0,2,,,0,,,,,,Waikato Region,Nil,2-way,Sealed,,0,0,,50,,Null,0,0,,16,Hamilton City,Unknown,,,,,0,0,Urban,0,,,Fine,Null
1884257,5772813,34072,,540520,0,0,0,0,0,South,2006/2007,MILLER ST,KOTARE ST,,Non-Injury Crash,No,2006,0,North,0,0,0,Flat,0,,0,,1,Dark,1239800,0,0,0,2,0,0,0,0,0,,0,1,Bay of Plenty Region,Nil,2-way,Sealed,0,0,0,0,50,0,On,0,0,,24,Rotorua District,Nil,0,0,0,0,1,0,Urban,0,0,0,Fine,Null
1754494,5932146,34073,,508805,0,,0,1,,South,2006/2007,APOLLO DRIVE,ANTARES PLACE,,Non-Injury Crash,No,2006,,South,,0,,Hill Road,,,,,,Bright sun,180813,0,0,0,2,,,0,,,,,,Auckland Region,Nil,2-way,Sealed,,0,0,,50,,Off,0,0,,76,Auckland,Nil,,,,,1,0,Urban,0,,,Fine,Null
1999767,5735575,34074,,543601,0,0,0,1,1,South,2005/2006,SH 2,ANZAC BR,,Minor Crash,Yes,2006,0,South,0,0,0,Flat,0,,0,,0,Overcast,1352200,1,0,0,2,0,0,0,0,0,,0,0,Gisborne Region,Nil,2-way,Sealed,0,0,0,0,100,0,Null,0,0,,28,Gisborne District,Nil,0,0,0,0,0,0,Open,0,0,0,Fine,Null
1789840,5854385,34075,,527210,0,0,0,2,0,South,2006/2007,SH 1N,TE ONETEA STM BR,,Minor Crash,Yes,2006,0,South,0,0,0,Flat,0,,0,,0,Dark,939000,3,0,0,2,0,0,0,0,1,,0,0,Waikato Region,Nil,1-way,Sealed,0,0,0,0,100,0,On,0,0,,13,Waikato District,Nil,0,0,0,0,0,0,Open,0,0,0,Fine,Null
1756391,5937126,34076,,506903,0,,0,2,,South,2005/2006,DEEP CREEK ROAD,KILLARNEY AVENUE,,Non-Injury Crash,No,2006,,North,,0,,Hill Road,,,,,,Dark,168300,0,0,0,2,,,0,,,,,,Auckland Region,Nil,2-way,Sealed,,0,0,,50,,On,0,0,,76,Auckland,Nil,,,,,0,0,Urban,0,,,Fine,Null
1766223,5916522,34077,,517100,0,,0,1,,Null,2006/2007,ELSTREE AVENUE,POINT ENGLAND ROAD,,Non-Injury Crash,No,2006,,North,,0,,Flat,,,,,,Bright sun,477400,0,0,0,2,,,0,,,,,,Auckland Region,Nil,2-way,Sealed,,0,0,,50,,Off,0,0,,76,Auckland,Give way,,,,,0,0,Urban,1,,,Fine,Null
1847619,5755211,34078,,535262,0,0,0,1,0,North,2006/2007,SH 32,TOATOA ROAD,,Non-Injury Crash,Yes,2006,0,South,0,0,0,Flat,0,,0,,0,Bright sun,1151702,0,0,0,2,0,0,0,1,0,,0,0,Waikato Region,Nil,2-way,Sealed,0,0,0,0,100,0,Null,0,0,,19,South Waikato District,Unknown,0,0,0,0,0,0,Open,0,0,0,Light rain,Null
1888942,5785063,34079,,538820,0,0,0,1,0,East,2005/2006,HAMURANA ROAD,UNSWORTH ROAD,,Non-Injury Crash,No,2006,0,East,0,0,0,Hill Road,0,,0,,0,Overcast,1250402,0,0,0,2,0,0,0,1,0,,0,0,Bay of Plenty Region,Nil,2-way,Sealed,0,0,0,0,100,0,Null,0,0,,24,Rotorua District,Unknown,0,0,0,1,0,0,Open,0,0,0,Heavy rain,Null
1851278,5766191,34080,,535350,0,,0,2,,South,2006/2007,MANNERING ST,LOGAN ST,,Minor Crash,No,2007,,South,,0,,Flat,,,,,,Overcast,1139600,1,0,0,2,,,0,,,,,,Waikato Region,Nil,2-way,Sealed,,0,0,,50,,Null,0,0,,19,South Waikato District,Unknown,,,,,0,0,Urban,0,,,Fine,Null
1748747,5428134,34081,,573000,0,0,0,0,0,North,2006/2007,FEATHERSTON ST,GREY ST,,Non-Injury Crash,No,2006,0,South,0,0,0,Flat,0,,0,,0,Overcast,2125800,0,1,0,2,0,0,0,0,1,,0,0,Wellington Region,Nil,1-way,Sealed,0,0,0,0,50,0,Null,0,0,,47,Wellington City,Nil,0,0,0,0,0,0,Urban,1,0,0,Fine,Null
1744993,5914497,34082,,512904,0,,0,1,,North,2006/2007,SEYMOUR ROAD,PARRS CROSS ROAD,,Non-Injury Crash,No,2006,,North,,0,,Flat,,,,,,Bright sun,278104,0,0,0,2,,,0,,,,,,Auckland Region,Nil,2-way,Sealed,,0,0,,50,,Off,0,0,,76,Auckland,Nil,,,,,0,0,Urban,1,,,Fine,Null
1245269,4859020,34083,,610061,0,0,0,0,0,East,2005/2006,FLORA ROAD EAST,HELENA ROAD,,Minor Crash,No,2006,0,East,0,0,1,Flat,0,,0,,0,Overcast,3090400,1,0,0,2,0,0,0,0,0,,0,0,Southland Region,Nil,2-way,Sealed,0,0,0,0,100,0,Null,1,0,,73,Southland District,Unknown,0,0,0,0,0,0,Open,0,0,0,Light rain,Null
1754552,5928528,34084,,508320,0,,0,2,,Null,2005/2006,DIANA DRIVE,WELDENE AVENUE,,Non-Injury Crash,No,2006,,South,,0,,Flat,,,,,,Overcast,198401,0,0,0,2,,,0,,,,,,Auckland Region,Nil,2-way,Sealed,,0,0,,50,,Off,0,0,,76,Auckland,Give way,,,,,0,0,Urban,0,,,Light rain,Null
1545470,5307764,34085,,584703,0,0,0,1,0,East,2005/2006,SH 7,MARUIA SPRINGS HOTEL,,Non-Injury Crash,Yes,2006,0,East,1,0,0,Hill Road,0,Christmas New Year,0,,0,Overcast,2398300,0,0,0,2,0,0,0,0,0,,0,0,West Coast Region,Nil,2-way,Sealed,0,0,0,0,100,0,Null,0,0,,55,Buller District,Unknown,0,0,0,0,0,0,Open,0,0,0,Heavy rain,Strong wind
1576627,5184162,34086,,595600,1,,0,1,,Null,2005/2006,TRAVIS ROAD,BOWER AVENUE,,Non-Injury Crash,No,2006,,South,,0,,Flat,,,,,,Dark,2565800,0,0,0,2,,,0,,,,,,Canterbury Region,Nil,2-way,Sealed,,0,0,,50,,On,0,0,,60,Christchurch City,Give way,,,,,0,0,Urban,0,,,Fine,Null
1764195,5910046,34087,,521801,0,,0,2,,Null,2006/2007,ATKINSON AVENUE,GORDON ROAD,,Non-Injury Crash,No,2006,,North,,0,,Flat,,,,,,Bright sun,787300,0,0,0,2,,,0,,,,,,Auckland Region,Nil,2-way,Sealed,,0,0,,50,,Off,0,0,,76,Auckland,Nil,,,,,0,0,Urban,0,,,Fine,Null
1433613,5268492,34088,,585400,0,0,0,1,0,East,2005/2006,STAFFORD ST,BEALEY ST,,Non-Injury Crash,No,2006,0,West,0,0,0,Flat,0,,0,,0,Bright sun,2424100,0,0,0,2,0,0,0,0,1,,0,0,West Coast Region,Nil,2-way,Sealed,0,0,0,0,50,0,Null,1,0,,57,Westland District,Unknown,0,0,0,0,0,0,Urban,0,0,0,Fine,Null