X,Y,OBJECTID,advisorySpeed,areaUnitID,bicycle,bridge,bus,carStationWagon,cliffBank,crashDirectionDescription,crashFinancialYear,crashLocation1,crashLocation2,crashRoadSideRoad,crashSeverity,crashSHDescription,crashYear,debris,directionRoleDescription,ditch,fatalCount,fence,flatHill,guardRail,holiday,houseOrBuilding,intersection,kerb,light,meshblockId,minorInjuryCount,moped,motorcycle,NumberOfLanes,objectThrownOrDropped,otherObject,otherVehicleType,overBank,parkedVehicle,pedestrian,phoneBoxEtc,postOrPole,region,roadCharacter,roadLane,roadSurface,roadworks,schoolBus,seriousInjuryCount,slipOrFlood,speedLimit,strayAnimal,streetLight,suv,taxi,temporarySpeedLimit,tlaId,tlaName,trafficControl,trafficIsland,trafficSign,train,tree,truck,unknownVehicleType,urban,vanOrUtility,vehicle,waterRiver,weatherA,weatherB
1947503,5659644,34089,,545911,0,0,0,1,0,South,2006/2007,GLENBROOK ROAD,WAIKARE ROAD,,Non-Injury Crash,No,2006,0,South,0,0,1,Hill Road,0,,0,,0,Overcast,1415100,0,0,0,2,0,0,0,0,0,,0,0,Hawke's Bay Region,Nil,2-way,Sealed,0,0,0,0,100,0,Null,0,0,,30,Hastings District,Nil,0,0,0,0,0,0,Open,0,0,0,Fine,Null
1853194,5900003,34090,50,533400,0,0,0,1,0,Null,2006/2007,SH 25,REWA REWA VALLEY ROAD,,Non-Injury Crash,Yes,2006,0,North,0,0,1,Flat,0,,0,,0,Overcast,1059309,0,0,0,2,0,0,0,0,0,,0,0,Waikato Region,Nil,2-way,Sealed,0,0,0,0,100,0,Null,0,0,,11,Thames-Coromandel District,Nil,0,0,0,0,0,0,Open,0,0,0,Light rain,Null
1624025,5430645,34091,,582500,0,,0,1,,Null,2005/2006,COLLINGWOOD ST,SELWYN PLACE,,Serious Crash,No,2006,,South,,0,,Flat,,,,,,Bright sun,2320500,0,0,0,2,,,0,,,1,,,Nelson Region,Nil,2-way,Sealed,,0,1,,50,,Null,0,0,,52,Nelson City,Traffic Signals,,,,,0,0,Urban,0,,,Fine,Null
1753736,5928319,34092,,508210,0,,0,3,,South,2005/2006,GLENFIELD ROAD,CHIVALRY ROAD,,Non-Injury Crash,No,2006,,North,,0,,Hill Road,,Christmas New Year,,,,Bright sun,186301,0,0,0,2,,,0,,,,,,Auckland Region,Nil,2-way,Sealed,,0,0,,50,,Off,1,0,,76,Auckland,Nil,,,,,0,0,Urban,0,,,Fine,Null
2027800,5699250,34093,,544002,0,0,0,0,0,North,2005/2006,SH 2,MURIWAI BEACH ROAD,,Non-Injury Crash,Yes,2006,0,South,0,0,0,Flat,0,,0,,0,Dark,1365600,0,0,0,2,0,0,0,0,0,,0,0,Gisborne Region,Nil,2-way,Sealed,0,0,0,0,100,0,Off,0,0,,28,Gisborne District,Nil,0,0,0,0,1,0,Open,0,0,0,Fine,Null
1258282,5004375,34094,,609302,0,,0,2,,North,2005/2006,BALLARAT ST,CAMP ST,,Non-Injury Crash,No,2006,,North,,0,,Flat,,,,,,Overcast,3033800,0,0,0,2,,,0,,,,,,Otago Region,Nil,2-way,Sealed,,0,0,,50,,Null,0,0,,70,Queenstown-Lakes District,Unknown,,,,,0,0,Urban,0,,,Fine,Null
1763380,5909235,34095,,521901,0,0,0,1,0,Null,2005/2006,WALMSLEY ROAD,KAKA ST,,Non-Injury Crash,No,2006,0,South,0,0,0,Flat,0,,0,,0,Overcast,783300,0,0,0,3,0,0,0,0,0,,0,0,Auckland Region,Nil,2-way,Sealed,0,0,0,0,50,0,Null,0,0,,76,Auckland,Traffic Signals,0,1,0,0,0,0,Urban,0,0,0,Fine,Null
1748982,5428438,34096,,573000,0,,0,2,,Null,2006/2007,WATERLOO QUAY,WHITMORE ST,,Non-Injury Crash,No,2006,,North,,0,,Flat,,,,,,Overcast,2124300,0,0,0,3,,,0,,,,,,Wellington Region,Nil,2-way,Sealed,,0,0,,50,,Null,0,0,,47,Wellington City,Traffic Signals,,,,,0,0,Urban,0,,,Fine,Null
1427145,4986184,34097,,600826,0,,0,2,,South,2005/2006,SH 1S,WAIANAKARUA ROAD,,Non-Injury Crash,Yes,2006,,North,,0,,Flat,,,,,,Overcast,2833600,0,0,0,2,,,0,,,,,,Otago Region,Nil,2-way,Sealed,,0,0,,100,,Null,0,0,,68,Waitaki District,Unknown,,,,,0,0,Open,0,,,Fine,Null
1764634,5439947,34098,,568201,0,0,0,3,0,North,2005/2006,HIGH ST,BIDDLE CRESCENT,,Non-Injury Crash,No,2006,0,North,0,0,0,Flat,0,,0,,0,Dark,1935600,0,0,0,2,0,0,0,0,0,,0,0,Wellington Region,Nil,2-way,Sealed,0,0,0,0,50,0,On,0,0,,46,Lower Hutt City,Nil,0,0,0,0,0,0,Urban,0,1,0,Fine,Null
1766084,5907695,34099,,523402,0,0,0,1,0,Null,2005/2006,SH 1N,OTARA OFF SBD,,Non-Injury Crash,Yes,2006,0,South,0,0,0,Flat,1,,0,,0,Overcast,699300,0,0,0,3,0,0,0,0,0,,0,0,Auckland Region,Motorway ramp,1-way,Sealed,0,0,0,0,100,0,On,0,0,,76,Auckland,Nil,0,0,0,0,0,0,Open,0,0,0,Fine,Null
1522787,5198127,34100,,587100,0,,0,1,,North,2006/2007,WAIMAKARIRI GORGE ROAD,MINCHINS ROAD,,Minor Crash,No,2006,,North,,0,,Hill Road,,,,,,Overcast,2463600,1,0,0,2,,,0,,,,,,Canterbury Region,Nil,2-way,Sealed,,0,0,,100,,Null,0,0,,62,Selwyn District,Unknown,,,,,0,0,Open,1,,,Heavy rain,Null
1749336,5427217,34101,,573101,0,,0,2,,Null,2006/2007,WAKEFIELD ST,BLAIR ST,,Non-Injury Crash,No,2006,,West,,0,,Flat,,,,,,Twilight,2135700,0,0,0,2,,,0,,,,,,Wellington Region,Nil,2-way,Sealed,,0,0,,50,,Off,0,0,,47,Wellington City,Stop,,,,,0,0,Urban,0,,,Light rain,Null
1792287,5500213,34102,,564220,0,,0,1,,Null,2006/2007,MAKO MAKO ROAD,MABEL ST,,Non-Injury Crash,No,2006,,West,,0,,Flat,,,,,,Overcast,1873400,0,0,0,2,,,0,,,,,,Manawatū-Whanganui Region,Nil,2-way,Sealed,,0,0,,50,,Null,0,0,,42,Horowhenua District,Give way,,,,,0,0,Urban,1,,,Fine,Null
1765603,5903068,34103,,524604,0,,0,2,,Null,2006/2007,WIRI STATION ROAD,LANGLEY ROAD,,Non-Injury Crash,No,2006,,West,,0,,Flat,,,,,,Dark,781302,0,0,0,4,,,0,,,,,,Auckland Region,Nil,2-way,Sealed,,0,0,,80,,On,0,0,,76,Auckland,Traffic Signals,,,,,0,0,Open,0,,,Fine,Null
1821959,5529167,34104,,562800,0,,0,1,,East,2006/2007,Z CPK VIDEO EZY,FEATHERSTON/FITZHERBERT,,Non-Injury Crash,No,2006,,North,,0,,Flat,,,,,,Twilight,1829400,0,0,0,0,,,0,,,,,,Manawatū-Whanganui Region,Nil,Off road,Sealed,,0,0,,30,,Off,0,0,,40,Palmerston North City,Unknown,,,,,0,0,Urban,1,,,Fine,Null
1756111,5924527,34105,,509702,0,,0,1,,Null,2006/2007,ONEWA ROAD,ONEWA OFF NBD,,Non-Injury Crash,No,2006,,West,,0,,Flat,,,,,,Bright sun,366700,0,0,0,2,,,0,,,,,,Auckland Region,Motorway ramp,2-way,Sealed,,0,0,,50,,Off,1,0,,76,Auckland,Give way,,,,,0,0,Urban,0,,,Fine,Null
1784425,5746357,34106,85,531731,0,0,0,1,1,North,2006/2007,SH 3,SH 4,,Non-Injury Crash,Yes,2006,0,South,0,0,0,Flat,0,,0,,0,Twilight,1011000,0,0,0,2,0,0,0,0,0,,0,0,Waikato Region,Nil,2-way,Sealed,0,0,0,0,100,0,None,0,0,,20,Waitomo District,Unknown,0,0,0,0,0,0,Open,0,0,0,Heavy rain,Null
1882545,5827619,34107,,536821,0,,0,1,,North,2005/2006,RANCH ROAD,DEE ST,,Non-Injury Crash,No,2006,,North,,0,,Flat,,,,,,Bright sun,1197800,0,0,0,2,,,0,,,,,,Bay of Plenty Region,Nil,2-way,Sealed,,0,0,,50,,Null,0,0,,23,Tauranga City,Give way,,,,,0,0,Urban,1,,,Fine,Null
1801823,5818325,34108,,529501,0,,0,2,,Null,2005/2006,SNELL DRIVE,WINSTONE AVENUE,,Non-Injury Crash,No,2006,,East,,0,,Flat,,,,,,Overcast,875202,0,0,0,2,,,0,,,,,,Waikato Region,Nil,2-way,Sealed,,0,0,,50,,Null,0,0,,16,Hamilton City,Give way,,,,,0,0,Urban,0,,,Light rain,Null
1499236,5139083,34109,,597820,0,,0,2,,East,2005/2006,ELIZABETH ST,OAK GROVE,,Non-Injury Crash,No,2006,,East,,0,,Flat,,,,,,Bright sun,2727400,0,0,0,2,,,0,,,,,,Canterbury Region,Nil,2-way,Sealed,,0,0,,50,,Null,0,0,,63,Ashburton District,Stop,,,,,0,0,Urban,0,,,Fine,Strong wind
1569943,5181086,34110,,591600,0,0,0,2,0,Null,2006/2007,DORSET ST,DUBLIN ST,,Non-Injury Crash,No,2006,0,West,0,0,0,Flat,0,,0,,0,Overcast,2676700,0,0,0,2,0,0,0,0,1,,0,0,Canterbury Region,Nil,2-way,Sealed,0,0,0,0,50,0,Null,0,0,,60,Christchurch City,Nil,0,0,0,0,0,0,Urban,0,0,0,Fine,Null
1752228,5934386,34111,,508701,0,0,0,1,0,Null,2006/2007,CORBAN AVENUE,APPIAN WAY,,Non-Injury Crash,No,2006,0,North,0,0,0,Flat,0,,0,,0,Dark,178900,0,0,0,4,0,0,0,0,0,,0,1,Auckland Region,Nil,2-way,Sealed,0,0,0,0,50,0,On,0,0,,76,Auckland,Nil,0,0,0,0,0,0,Urban,0,0,0,Fine,Null
1771023,5896691,34112,,521201,0,,0,3,,South,2006/2007,SH 1N,TAKANINI OFF NBD,,Minor Crash,Yes,2007,,North,,0,,Flat,,,,,,Overcast,806604,1,0,0,2,,,0,,,,,,,Nil,1-way,Sealed,,0,0,,100,,Off,0,0,,76,Auckland,Nil,,,,,0,0,Open,0,,,Mist or Fog,Null
1878299,5822666,34113,,538102,0,,0,1,,Null,2006/2007,CAMERON ROAD,THIRTEENTH AVENUE,,Non-Injury Crash,No,2006,,North,,0,,Flat,,,,,,Dark,1167104,0,0,1,2,,,0,,,,,,Bay of Plenty Region,Nil,2-way,Sealed,,0,0,,50,,On,0,0,,23,Tauranga City,Traffic Signals,,,,,0,0,Urban,0,,,Light rain,Null
1514227,5202534,34114,,587100,0,0,0,0,0,South,2006/2007,FRASERS ROAD,POCOCK ROAD,,Minor Crash,No,2006,0,South,0,0,0,Flat,0,,0,,0,Overcast,2462000,1,0,0,2,0,0,0,0,0,,0,0,Canterbury Region,Nil,2-way,Sealed,0,0,0,0,100,0,Null,1,0,,62,Selwyn District,Unknown,0,0,0,1,0,0,Open,0,0,0,Fine,Null
2019278,5665984,34115,,545304,0,0,0,1,0,North,2005/2006,YMCA ROAD,ORMOND DRIVE,,Minor Crash,No,2006,0,South,0,0,1,Flat,0,,0,,0,Dark,1400400,1,0,0,2,0,0,0,0,0,,0,0,Hawke's Bay Region,Nil,2-way,Unsealed,0,0,0,0,100,0,None,0,0,,29,Wairoa District,Nil,0,0,0,1,0,0,Open,0,0,0,Fine,Null
1744816,5922789,34116,,513530,0,0,0,0,0,North,2005/2006,WHITE HERON DRIVE,PETREL PLACE,,Serious Crash,No,2006,0,North,0,0,0,Hill Road,0,,0,,0,Dark,224410,0,0,0,2,0,0,0,0,1,,0,0,Auckland Region,Nil,2-way,Sealed,0,0,1,0,50,0,On,1,0,,76,Auckland,Nil,0,0,0,0,0,0,Urban,1,0,0,Fine,Null
1885092,5825621,34117,,536832,0,0,0,1,0,Null,2007/2008,GIRVEN ROAD,MARANUI ST,,Non-Injury Crash,No,2007,0,East,0,0,1,Flat,0,,0,,0,Dark,1202200,0,0,0,2,0,0,0,0,0,,0,0,Bay of Plenty Region,Nil,2-way,Sealed,0,0,0,0,50,0,On,0,0,,23,Tauranga City,Give way,0,0,0,0,0,0,Urban,0,0,0,Fine,Null
1838139,5684220,34118,,541348,0,,0,2,,West,2006/2007,SH 41,MATARIKI ST,,Non-Injury Crash,Yes,2006,,West,,0,,Hill Road,,,,,,Bright sun,1288701,0,0,0,2,,,0,,,,,,Waikato Region,Nil,2-way,Sealed,,0,0,,100,,Null,0,0,,21,Taupo District,Nil,,,,,0,0,Open,0,,,Fine,Null
1791193,5814407,34119,,527913,0,0,0,1,1,East,2007/2008,SH 23,MASON ROAD,,Minor Crash,Yes,2007,0,West,0,0,0,Hill Road,0,,0,,0,Dark,978300,1,0,0,2,0,1,0,0,0,,0,0,Waikato Region,Nil,2-way,Sealed,0,0,0,0,100,0,None,0,0,,13,Waikato District,Unknown,0,0,0,0,0,0,Open,0,0,0,Fine,Null
1824170,5463664,34120,,578600,0,,0,2,,Null,2006/2007,SH 2,KING ST,,Non-Injury Crash,Yes,2006,,North,,0,,Flat,,,,,,Twilight,2244900,0,0,0,2,,,0,,,,,,Wellington Region,Nil,2-way,Sealed,,0,0,,50,,On,0,0,,48,Masterton District,Give way,,,,,0,0,Urban,0,,,Fine,Null
1798389,5815896,34121,,528900,0,,0,2,,Null,2006/2007,SH 1N,RIFLE RANGE ROAD,,Non-Injury Crash,Yes,2006,,North,,0,,Flat,,,,,,Dark,915400,0,0,0,2,,,0,,,,,,Waikato Region,Nil,2-way,Sealed,,0,0,,50,,On,0,0,,16,Hamilton City,Traffic Signals,,,,,0,0,Urban,0,,,Fine,Null
1755478,5922158,34122,,515202,0,,0,3,,North,2005/2006,SH 1N,CURRAN ON NBD,,Minor Crash,Yes,2006,,North,,0,,Hill Road,,,,,,Overcast,423600,1,0,0,4,,,0,,,,,,,Nil,1-way,Sealed,,0,0,,80,,Off,0,0,,76,Auckland,Nil,,,,,0,0,Open,0,,,Fine,Null
1441480,5006554,34123,,601010,0,,0,2,,North,2005/2006,SH 1S,REGINA LANE,,Minor Crash,Yes,2006,,South,,0,,Flat,,,,,,Bright sun,2844900,1,0,0,2,,,0,,,,,,Otago Region,Nil,2-way,Sealed,,0,0,,50,,Null,0,0,,68,Waitaki District,Unknown,,,,,0,0,Urban,0,,,Fine,Null
1761376,5919558,34124,,516400,0,,0,2,,North,2006/2007,NGAPIPI ROAD,PARITAI DRIVE,,Minor Crash,No,2006,,North,,0,,Hill Road,,,,,,Twilight,497000,1,0,0,2,,,0,,,,,,Auckland Region,Nil,2-way,Sealed,,0,0,,50,,Off,0,0,,76,Auckland,Nil,,,,,0,0,Urban,0,,,Light rain,Null
1755222,5914464,34125,,518500,0,,0,2,,Null,2007/2008,DOMINION ROAD,JASPER AVENUE,,Non-Injury Crash,No,2007,,East,,0,,Flat,,,,,,Overcast,561000,0,0,0,2,,,0,,,,,,Auckland Region,Nil,2-way,Sealed,,0,0,,50,,Off,0,0,,76,Auckland,Stop,,,,,0,0,Urban,0,,,Fine,Null
1884737,5773685,34126,,540410,0,,0,2,,Null,2006/2007,SH 30A,AMOHIA ST,,Non-Injury Crash,Yes,2006,,East,,0,,Flat,,Christmas New Year,,,,Bright sun,1236100,0,0,0,6,,,0,,,,,,Bay of Plenty Region,Nil,2-way,Sealed,,0,0,,50,,Off,0,0,,24,Rotorua District,Traffic Signals,,,,,0,0,Urban,0,,,Fine,Null
1936569,5595339,34127,,545860,0,,0,2,,South,2007/2008,WAIMARAMA ROAD,KAHURANAKI ROAD,,Minor Crash,No,2007,,North,,0,,Hill Road,,,,,,Bright sun,1467200,3,0,0,2,,,0,,,,,,Hawke's Bay Region,Nil,2-way,Sealed,,0,0,,100,,Null,0,0,,30,Hastings District,Nil,,,,,0,0,Open,0,,,Fine,Null
1500317,5140168,34128,,597812,0,0,0,2,0,Null,2005/2006,RACECOURSE ROAD,BELT ROAD,,Non-Injury Crash,No,2006,0,North,0,0,1,Flat,0,,0,,0,Dark,2735700,0,0,0,2,0,0,0,0,0,,0,0,Canterbury Region,Nil,2-way,Sealed,0,0,0,0,50,0,On,0,0,,63,Ashburton District,Stop,0,0,0,0,0,0,Urban,0,0,0,Fine,Null
1731285,6022374,34129,,501815,0,,0,2,,Null,2006/2007,SH 1N,MOUNTFIELD ROAD,,Non-Injury Crash,Yes,2006,,North,,0,,Flat,,Labour Weekend,,,,Bright sun,79802,0,0,0,2,,,0,,,,,,Northland Region,Nil,2-way,Sealed,,0,0,,100,,None,0,0,,2,Whangarei District,Nil,,,,,0,0,Open,0,,,Fine,Null
1790967,5783962,34130,85,531303,0,0,0,0,1,South,2006/2007,SH 39,MOAKURARUA STM BR,,Minor Crash,Yes,2006,0,South,0,0,0,Hill Road,0,,0,,0,Overcast,995000,1,0,0,2,0,0,0,0,0,,0,0,Waikato Region,Nil,2-way,Sealed,0,0,0,0,100,0,Null,0,0,,18,Ōtorohanga District,Unknown,0,0,0,0,1,0,Open,0,0,0,Light rain,Null
1751774,5432772,34131,,574303,0,0,0,1,1,South,2006/2007,SH 1N,TYERS ROAD,,Minor Crash,Yes,2006,0,West,0,0,0,Hill Road,0,Christmas New Year,0,,0,Overcast,2088705,1,0,0,3,0,0,0,0,0,,0,0,Wellington Region,Nil,2-way,Sealed,0,0,0,0,80,0,Null,0,0,,47,Wellington City,Nil,0,0,0,0,0,0,Open,0,0,0,Light rain,Null
1821254,5735379,34132,,531732,0,0,0,0,1,South,2005/2006,SH 30,WAITARAMOA ROAD,,Minor Crash,Yes,2006,0,North,0,0,0,Flat,0,,0,,0,Bright sun,1012100,1,0,0,2,0,0,0,0,0,,0,0,Manawatū-Whanganui Region,Nil,2-way,Sealed,0,0,0,0,100,0,Null,0,0,,20,Waitomo District,Unknown,0,0,0,0,0,0,Open,1,0,0,Fine,Null
1935713,5619764,34133,,546600,0,0,0,1,0,Null,2007/2008,BEDFORD ROAD,LATHAM ST,,Non-Injury Crash,No,2007,0,South,0,0,0,Flat,0,,0,,0,Dark,1437000,0,0,0,2,0,0,0,0,0,,0,0,Hawke's Bay Region,Nil,2-way,Sealed,0,0,0,0,50,0,On,0,0,,31,Napier City,Give way,0,1,0,0,0,0,Urban,0,0,0,Fine,Null
1771413,5895425,34134,,521201,0,,0,3,,North,2005/2006,SH 1N,BEACH OBR,,Non-Injury Crash,Yes,2006,,North,,0,,Flat,,,,,,Overcast,806604,0,0,0,2,,,0,,,,,,Auckland Region,Nil,1-way,Sealed,,0,0,,100,,On,0,0,,76,Auckland,Nil,,,,,0,0,Open,1,,,Light rain,Null
1687616,6092731,34135,,501633,0,0,0,1,0,South,2006/2007,SH 10,SH 11,,Non-Injury Crash,Yes,2006,0,South,0,0,1,Flat,0,,0,,0,Dark,35800,0,0,0,2,0,0,0,0,0,,0,0,Northland Region,Nil,2-way,Sealed,0,0,0,0,100,0,None,0,0,,1,Far North District,Unknown,0,0,0,0,0,0,Open,0,0,0,Light rain,Null
1572037,5184011,34136,,592701,0,0,0,0,0,Null,2007/2008,BRIGGS ROAD,AKAROA ST,,Minor Crash,No,2007,0,North,0,0,1,Flat,0,,0,,0,Dark,2594500,1,0,1,2,0,0,0,0,0,,0,1,Canterbury Region,Nil,2-way,Sealed,0,0,0,0,50,0,On,0,0,,60,Christchurch City,Stop,0,0,0,0,0,0,Urban,0,0,0,Mist or Fog,Null
1834127,5607905,34137,,559210,0,,0,2,,West,2006/2007,KAKARIKI ROAD,TIHOI ST,,Non-Injury Crash,No,2006,,West,,0,,Flat,,,,,,Bright sun,1756000,0,0,0,2,,,0,,,,,,Manawatū-Whanganui Region,Nil,2-way,Unsealed,,0,0,,100,,Null,0,0,,38,Rangitikei District,Nil,,,,,0,0,Open,0,,,Fine,Null
1623771,5430654,34138,,582500,0,0,0,1,0,North,2005/2006,TRAFALGAR ST,SELWYN PLACE,,Non-Injury Crash,No,2006,0,South,0,0,0,Flat,0,,0,,0,Overcast,2320000,0,0,0,2,0,0,0,0,1,,0,1,Nelson Region,Nil,2-way,Sealed,0,0,0,0,50,0,Null,1,0,,52,Nelson City,Nil,0,0,0,0,0,0,Urban,0,0,0,Fine,Null
1756543,5937375,34139,,506903,0,,0,2,,Null,2005/2006,BEACH ROAD,DEEP CREEK ROAD,,Non-Injury Crash,No,2006,,North,,0,,Hill Road,,,,,,Bright sun,169400,0,0,0,2,,,0,,,,,,Auckland Region,Nil,2-way,Sealed,,0,0,,50,,Off,0,0,,76,Auckland,Stop,,,,,0,0,Urban,0,,,Fine,Null
1740037,5661550,34140,,553002,0,0,0,1,0,South,2005/2006,SH 43,JUNCTION ROAD,,Serious Crash,Yes,2006,0,South,1,0,0,Hill Road,0,,0,,0,Bright sun,1623500,1,0,1,2,0,0,0,0,0,,0,0,Taranaki Region,Nil,2-way,Sealed,0,0,1,0,100,0,Null,0,0,,34,Stratford District,Nil,0,0,0,0,0,0,Open,0,0,0,Fine,Null
1571369,5180162,34141,,591700,0,,0,2,,Null,2006/2007,WORCESTER ST,BARBADOES ST,,Minor Crash,No,2006,,West,,0,,Flat,,,,,,Bright sun,2657700,2,0,0,2,,,0,,,,,,Canterbury Region,Nil,2-way,Sealed,,0,0,,50,,Null,0,0,,60,Christchurch City,Traffic Signals,,,,,0,0,Urban,0,,,Fine,Null
1773271,5896229,34142,,525620,1,,0,1,,South,2005/2006,MARNE ROAD,ALPHA ST,,Non-Injury Crash,No,2006,,North,,0,,Flat,,,,,,Twilight,797600,0,0,0,2,,,0,,,,,,Auckland Region,Nil,2-way,Sealed,,0,0,,50,,Off,0,0,,76,Auckland,Nil,,,,,0,0,Urban,0,,,Fine,Null
1759794,5912666,34143,,520000,0,0,0,1,0,North,2007/2008,ALFRED ST,HERETAUNGA AVENUE,,Non-Injury Crash,No,2007,0,North,0,0,0,Hill Road,0,,0,,0,Dark,606000,0,0,0,2,0,0,0,0,1,,0,0,Auckland Region,Nil,2-way,Sealed,0,0,0,0,50,0,On,0,0,,76,Auckland,Nil,0,0,0,0,0,0,Urban,1,0,0,Fine,Null
1751213,5915180,34144,,514401,0,,0,2,,South,2006/2007,GREAT NORTH ROAD,CRAYFORD ST,,Non-Injury Crash,No,2006,,South,,0,,Flat,,,,,,Overcast,382700,0,0,0,2,,,0,,,,,,Auckland Region,Nil,2-way,Sealed,,0,0,,50,,Off,0,0,,76,Auckland,Nil,,,,,0,0,Urban,0,,,Light rain,Null
1756939,5434364,34145,,569900,0,,0,1,,Null,2006/2007,THE ESPLANADE,VICTORIA ST,,Minor Crash,No,2007,,East,,0,,Flat,,,,,,Twilight,2034000,1,0,1,4,,,0,,,,,,Wellington Region,Nil,2-way,Sealed,,0,0,,50,,Off,0,0,,46,Lower Hutt City,Nil,,,,,0,0,Urban,0,,,Fine,Null
1242407,4849537,34146,,611210,0,,0,1,,West,2005/2006,THE CRESCENT,SH 6,,Non-Injury Crash,No,2006,,West,,0,,Flat,,,,,,Bright sun,3108200,0,0,0,2,,,0,,,,,,Southland Region,Nil,2-way,Sealed,,0,0,,50,,Null,0,0,,75,Invercargill City,Unknown,,,,,0,0,Urban,1,,,Fine,Null
1926252,5636367,34147,65,545811,0,0,0,0,0,West,2006/2007,SH 5,BEATTIE ROAD,,Non-Injury Crash,Yes,2006,0,South,0,0,1,Flat,0,,0,,0,Twilight,1414800,0,0,0,2,0,0,0,0,0,,0,0,Hawke's Bay Region,Nil,2-way,Sealed,0,0,0,0,100,0,None,0,0,,30,Hastings District,Nil,0,1,0,0,1,0,Open,0,0,0,Fine,Null
1796395,5820311,34148,,528403,0,,0,2,,Null,2005/2006,TE RAPA ROAD,CHURCH ROAD,,Non-Injury Crash,No,2006,,North,,0,,Flat,,,,,,Twilight,907500,0,0,0,2,,,0,,,,,,Waikato Region,Nil,2-way,Sealed,,0,0,,80,,None,0,0,,16,Hamilton City,Give way,,,,,0,0,Open,0,,,Null,Frost
1801273,5812965,34149,,530400,0,,0,2,,Null,2006/2007,SH3 ON RAMP,BADER ST,,Serious Crash,Yes,2006,,South,,0,,Flat,,,,,,Overcast,923600,0,0,1,4,,,0,,,,,,Waikato Region,Nil,2-way,Sealed,,0,1,,60,,Null,0,0,,16,Hamilton City,Stop,,,,,0,0,Urban,0,,,Fine,Null
1775857,5882485,34150,,521160,0,,0,2,,North,2005/2006,SH 1N,MILL OBR,,Non-Injury Crash,Yes,2006,,South,,0,,Hill Road,,,,,,Bright sun,827604,0,0,0,2,,,0,,,,,,Auckland Region,Nil,1-way,Sealed,,0,0,,100,,Off,0,0,,76,Auckland,Nil,,,,,0,0,Open,0,,,Fine,Null
1573576,5179852,34151,,594010,0,,0,2,,South,2005/2006,ALDWINS ROAD,LINWOOD AVENUE,,Non-Injury Crash,No,2006,,South,,0,,Flat,,,,,,Overcast,2591800,0,0,0,2,,,0,,,,,,Canterbury Region,Nil,1-way,Sealed,,0,0,,60,,Null,0,0,,60,Christchurch City,Traffic Signals,,,,,0,0,Urban,0,,,Light rain,Null
1769905,5914562,34152,,522722,0,0,0,2,0,East,2006/2007,Z CPK COUNTDOWN,AVIEMORE DRIVE,,Non-Injury Crash,No,2006,0,North,0,0,0,Flat,0,,0,,0,Overcast,681308,0,0,0,1,0,0,0,0,0,,0,0,Auckland Region,Nil,Off road,Sealed,0,0,0,0,30,0,None,0,0,,76,Auckland,Nil,0,0,0,0,0,0,Urban,0,1,0,Fine,Null
1767364,5905030,34153,,524603,0,,0,2,,South,2006/2007,GREAT SOUTH ROAD,RYAN PLACE,,Non-Injury Crash,No,2006,,South,,0,,Flat,,,,,,Bright sun,780304,0,0,0,4,,,0,,,,,,Auckland Region,Nil,2-way,Sealed,,0,0,,50,,Off,0,0,,76,Auckland,Nil,,,,,0,0,Urban,0,,,Fine,Null
1807848,5419547,34154,,579802,0,0,0,1,0,South,2006/2007,WHITE ROCK ROAD,BIRCH HILL ROAD,,Non-Injury Crash,No,2006,0,South,0,0,0,Hill Road,1,,0,,0,Dark,2277000,0,0,0,2,0,1,0,0,0,,0,0,Wellington Region,Nil,2-way,Sealed,0,0,0,0,100,0,None,0,0,,50,South Wairarapa District,Nil,0,0,0,0,0,0,Open,0,0,0,Fine,Null
1766534,5466777,34155,,566102,0,,0,2,,Null,2006/2007,TIROMOANA ROAD,RENOWN ROAD,,Non-Injury Crash,No,2006,,North,,0,,Hill Road,,,,,,Overcast,2006100,0,0,0,2,,,0,,,,,,Wellington Region,Nil,2-way,Sealed,,0,0,,50,,Null,0,0,,43,Kapiti Coast District,Stop,,,,,0,0,Urban,0,,,Light rain,Null
1760738,5915458,34156,,520201,0,,0,0,,North,2005/2006,SH 1N,TE COMA OFF SBD,,Non-Injury Crash,Yes,2006,,South,,0,,Hill Road,,,,,,Dark,613000,0,0,0,3,,,0,,,,,,Auckland Region,Nil,1-way,Sealed,,0,0,,100,,On,1,0,,76,Auckland,Nil,,,,,1,0,Open,1,,,Fine,Null
1784746,5925224,34157,,520801,0,0,0,1,0,East,2005/2006,ONETANGI ROAD,OBRIEN ROAD,,Minor Crash,No,2006,0,West,0,0,1,Flat,0,,0,,0,Overcast,515403,1,0,0,2,0,0,0,0,0,,0,1,Auckland Region,Nil,2-way,Sealed,0,0,0,0,80,0,Off,0,0,,76,Auckland,Nil,0,0,0,0,0,0,Open,0,0,0,Fine,Null
1783457,5924409,34158,,520801,0,0,0,1,0,North,2006/2007,OBRIEN ROAD,MARGARET REEVE LANE,,Non-Injury Crash,No,2006,0,North,0,0,0,Hill Road,0,,0,,0,Bright sun,515610,0,0,0,2,0,0,0,0,0,,0,0,Auckland Region,Nil,2-way,Sealed,0,0,0,0,50,0,None,0,0,,76,Auckland,Nil,0,0,0,1,0,0,Urban,0,0,0,Fine,Null