X,Y,OBJECTID,advisorySpeed,areaUnitID,bicycle,bridge,bus,carStationWagon,cliffBank,crashDirectionDescription,crashFinancialYear,crashLocation1,crashLocation2,crashRoadSideRoad,crashSeverity,crashSHDescription,crashYear,debris,directionRoleDescription,ditch,fatalCount,fence,flatHill,guardRail,holiday,houseOrBuilding,intersection,kerb,light,meshblockId,minorInjuryCount,moped,motorcycle,NumberOfLanes,objectThrownOrDropped,otherObject,otherVehicleType,overBank,parkedVehicle,pedestrian,phoneBoxEtc,postOrPole,region,roadCharacter,roadLane,roadSurface,roadworks,schoolBus,seriousInjuryCount,slipOrFlood,speedLimit,strayAnimal,streetLight,suv,taxi,temporarySpeedLimit,tlaId,tlaName,trafficControl,trafficIsland,trafficSign,train,tree,truck,unknownVehicleType,urban,vanOrUtility,vehicle,waterRiver,weatherA,weatherB
1207074,5007743,34159,55,609011,0,0,0,1,0,North,2005/2006,SH 94,VISITOR CENTRE,,Non-Injury Crash,Yes,2006,0,North,1,0,0,Flat,0,,0,,0,Overcast,3175100,0,0,0,2,0,0,0,0,0,,0,0,Southland Region,Nil,2-way,Sealed,0,0,0,0,100,0,Null,0,0,,73,Southland District,Unknown,0,0,0,1,0,0,Open,0,0,0,Light rain,Null
1719800,6043567,34160,,503900,0,,0,2,,South,2006/2007,KIOREROA ROAD,PORT ROAD,,Non-Injury Crash,No,2006,,South,,0,,Flat,,,,,,Overcast,109101,0,0,0,2,,,0,,,,,,Northland Region,Nil,2-way,Sealed,,0,0,,70,,Off,0,0,,2,Whangarei District,Nil,,,,,0,0,Urban,0,,,Fine,Null
1756754,5919305,34161,,514200,0,,0,1,,South,2005/2006,EAST ST,SOUTH ST,,Non-Injury Crash,No,2006,,South,,0,,Hill Road,,,,,,Dark,412100,0,0,0,2,,,0,,,,,,Auckland Region,Nil,2-way,Sealed,,0,0,,50,,On,0,0,,76,Auckland,Nil,,,,,0,0,Urban,1,,,Fine,Null
1770838,5577165,34162,,555900,0,,0,3,,South,2006/2007,MOSSTON ROAD,TITOKI ST,,Non-Injury Crash,No,2006,,South,,0,,Flat,,,,,,Bright sun,1715700,0,0,0,2,,,0,,,,,,Manawatū-Whanganui Region,Nil,2-way,Sealed,,0,0,,50,,Null,0,0,,37,Whanganui District,Nil,,,,,0,0,Urban,0,,,Fine,Null
1766762,5916380,34163,,517100,0,0,0,1,0,East,2006/2007,POINT ENGLAND ROAD,RIVERSIDE AVENUE,,Non-Injury Crash,No,2006,0,North,0,0,0,Flat,0,,0,,0,Bright sun,477400,0,0,0,1,0,0,0,0,1,,0,0,Auckland Region,Nil,2-way,Sealed,0,0,0,0,50,0,Off,1,0,,76,Auckland,Nil,0,0,0,0,0,0,Urban,0,0,0,Fine,Null
1713184,6044097,34164,,502003,0,0,0,1,0,West,2005/2006,SH 14,GOLF HARBOUR DRIVE,,Non-Injury Crash,Yes,2006,0,East,0,0,1,Flat,0,,0,,0,Dark,70300,0,0,0,2,0,0,0,0,0,,0,0,Northland Region,Nil,2-way,Sealed,0,0,0,0,100,0,None,0,0,,2,Whangarei District,Nil,0,0,0,0,0,0,Open,0,0,0,Fine,Null
2015436,5733062,34165,75,543601,0,,0,0,,West,2005/2006,SH 2,WAIHUKA ROAD,,Minor Crash,Yes,2006,,West,,0,,Flat,,,,,,Bright sun,1352300,1,0,0,2,,,0,,,,,,Gisborne Region,Nil,2-way,Sealed,,0,0,,100,,Null,1,0,,28,Gisborne District,Nil,,,,,0,0,Open,0,,,Fine,Null
1764670,5905762,34166,,522100,0,,0,2,,South,2006/2007,WYLLIE ROAD,STATION ROAD,,Non-Injury Crash,No,2006,,East,,0,,Hill Road,,,,,,Twilight,657700,0,0,0,3,,,0,,,,,,Auckland Region,Nil,2-way,Sealed,,0,0,,50,,On,0,0,,76,Auckland,Nil,,,,,0,0,Urban,0,,,Mist or Fog,Null
1602405,5417797,34167,,581836,0,0,0,1,0,West,2006/2007,PIGEON VALLEY ROAD,SH 6,,Non-Injury Crash,No,2006,0,East,0,0,0,Flat,0,,0,,0,Dark,2352700,0,0,0,2,0,0,0,0,0,,0,0,Tasman Region,Nil,2-way,Sealed,0,0,0,0,100,0,None,0,0,,51,Tasman District,Nil,0,0,0,0,0,0,Open,0,0,0,Fine,Null
1767345,5900201,34168,,524720,0,0,0,2,0,North,2006/2007,GAINSBOROUGH ST,WEYMOUTH ROAD,,Non-Injury Crash,No,2006,0,South,0,0,0,Hill Road,0,,0,,0,Dark,776800,0,0,0,2,0,0,0,0,1,,0,0,Auckland Region,Nil,2-way,Sealed,0,0,0,0,50,0,On,0,0,,76,Auckland,Unknown,0,0,0,0,0,0,Urban,0,0,0,Fine,Null
1874405,5806505,34169,,536630,0,0,0,1,0,South,2005/2006,SH 36,TAUMATA ROAD,,Non-Injury Crash,Yes,2006,0,North,0,0,1,Hill Road,0,,0,,0,Dark,1192604,0,0,0,2,0,0,0,0,0,,0,0,Bay of Plenty Region,Nil,2-way,Sealed,0,0,0,0,100,0,None,0,0,,22,Western Bay of Plenty District,Nil,0,0,0,0,0,0,Open,0,0,0,Fine,Null
1760714,5437579,34170,,569402,0,0,0,1,0,East,2006/2007,SH 2,WAIRERE ROAD,,Non-Injury Crash,Yes,2006,0,East,0,0,0,Flat,1,,0,,0,Bright sun,1919204,0,0,0,2,0,0,0,0,0,,0,0,Wellington Region,Nil,1-way,Sealed,0,0,0,0,100,0,Null,0,0,,46,Lower Hutt City,Nil,0,0,0,0,0,0,Open,0,0,0,Fine,Null
1757211,5920927,34171,,514102,0,,0,2,,Null,2005/2006,FANSHAWE ST,HOBSON ST,,Non-Injury Crash,No,2006,,East,,0,,Flat,,,,,,Overcast,433101,0,0,0,4,,,0,,,,,,Auckland Region,Nil,2-way,Sealed,,0,0,,50,,Off,0,0,,76,Auckland,Traffic Signals,,,,,0,0,Urban,0,,,Heavy rain,Null
1761835,5914717,34172,,520201,0,,0,1,,Null,2006/2007,ELLERSLIE-PANMURE HIGHWAY,MAIN HIGHWAY,,Non-Injury Crash,No,2006,,East,,0,,Flat,,,,,,Bright sun,611400,0,0,0,4,,,0,,,,,,Auckland Region,Nil,2-way,Sealed,,0,0,,50,,Off,1,0,,76,Auckland,Traffic Signals,,,,,0,0,Urban,0,,,Fine,Null
1234065,4859294,34173,,610051,0,0,0,1,0,South,2006/2007,FRASER ROAD,SH 99,,Serious Crash,No,2006,0,South,0,0,1,Flat,0,,0,,0,Twilight,3079200,0,0,0,2,0,0,0,0,1,,0,0,Southland Region,Bridge,2-way,Unsealed,0,0,1,0,100,0,None,0,0,,73,Southland District,Unknown,0,0,0,1,0,0,Open,0,0,0,Fine,Null
1758011,5914933,34174,,519300,0,,0,0,,Null,2006/2007,MANUKAU ROAD,GOLF ROAD,,Non-Injury Crash,No,2006,,South,,0,,Flat,,,,,,Overcast,623800,0,0,0,4,,,0,,,,,,Auckland Region,Nil,2-way,Sealed,,0,0,,50,,Off,0,0,,76,Auckland,Give way,,,,,0,0,Urban,2,,,Light rain,Null
1244763,4850266,34175,,611002,0,,0,2,,Null,2006/2007,ISABELLA ST,SURREY PARK DRIVEWAY,,Non-Injury Crash,No,2006,,South,,0,,Flat,,,,,,Overcast,3133200,0,0,0,2,,,0,,,,,,Southland Region,Nil,2-way,Sealed,,0,0,,50,,Null,0,0,,75,Invercargill City,Nil,,,,,0,0,Urban,0,,,Fine,Null
1751804,5938870,34176,,506300,0,,0,0,,Null,2005/2006,SH 1N,AWANOHI OBR,,Non-Injury Crash,Yes,2006,,North,,0,,Flat,,,,,,Bright sun,176008,0,0,0,4,,,0,,,,,,Auckland Region,Nil,2-way,Sealed,,0,0,,100,,Off,2,0,70,76,Auckland,Nil,,,,,1,0,Open,0,,,Fine,Null
1797349,5819328,34177,,528403,0,,0,2,,Null,2005/2006,TE RAPA ROAD,MANCHESTER PLACE,,Non-Injury Crash,No,2006,,North,,0,,Flat,,,,,,Bright sun,907700,0,0,0,4,,,0,,,,,,Waikato Region,Nil,2-way,Sealed,,0,0,,50,,Off,0,0,,16,Hamilton City,Traffic Signals,,,,,0,0,Urban,0,,,Fine,Null
1206452,4997422,34178,,612714,0,,0,0,,East,2005/2006,Z TRACK MACKAY CRK,SH 94,,Non-Injury Crash,No,2006,,East,,0,,Flat,,,,,,Twilight,3173401,0,0,0,0,,,0,,,,,,Southland Region,Nil,Off road,Unsealed,,0,0,,100,,None,0,0,,73,Southland District,Unknown,,,,,0,0,Open,1,,,Fine,Null
1743379,5919591,34179,,513212,0,0,0,2,0,West,2006/2007,GLEN ROAD,DON BUCK ROAD,,Non-Injury Crash,No,2006,0,East,0,0,0,Hill Road,0,,0,,0,Dark,235725,0,0,0,2,0,0,0,0,1,,0,0,Auckland Region,Nil,2-way,Sealed,0,0,0,0,50,0,On,0,0,,76,Auckland,Nil,0,0,0,0,0,0,Urban,0,0,0,Light rain,Null
1749282,5917046,34180,,514801,0,,0,1,,South,2006/2007,ROSEBANK ROAD,CHARANN PLACE,,Non-Injury Crash,No,2006,,South,,0,,Flat,,,,,,Bright sun,389400,0,0,1,2,,,0,,,,,,Auckland Region,Nil,2-way,Sealed,,0,0,,50,,Off,0,0,,76,Auckland,Nil,,,,,0,0,Urban,0,,,Fine,Null
1757776,5918201,34181,,515700,0,,0,2,,South,2006/2007,SH 1N,MOUNTAIN OBR,,Non-Injury Crash,Yes,2006,,North,,0,,Flat,,,,,,Bright sun,443600,0,0,0,5,,,0,,,,,,Auckland Region,Nil,1-way,Sealed,,0,0,,100,,Off,0,0,,76,Auckland,Nil,,,,,1,0,Open,1,,,Fine,Null
1803562,5816025,34182,,530500,1,,0,1,,East,2006/2007,RUAKURA ROAD,NOTTINGHAM DRIVE,,Minor Crash,No,2007,,West,,0,,Flat,,,,,,Bright sun,889409,1,0,0,2,,,0,,,,,,Waikato Region,Nil,2-way,Sealed,,0,0,,80,,Null,0,0,,16,Hamilton City,Unknown,,,,,0,0,Open,0,,,Fine,Null
1768367,5892949,34183,,521202,0,0,0,0,0,East,2006/2007,LINWOOD ROAD,KARAKA NORTH ROAD,,Non-Injury Crash,No,2007,0,East,1,0,0,Flat,0,,0,,0,Bright sun,807000,0,0,0,2,0,0,0,0,0,,0,0,Auckland Region,Nil,2-way,Sealed,0,0,0,0,70,0,None,0,0,,76,Auckland,Nil,0,0,0,0,1,0,Urban,0,0,0,Light rain,Null
1823034,5530668,34184,,562500,0,,0,2,,North,2006/2007,RUAHINE ST,GREY ST,,Non-Injury Crash,No,2006,,North,,0,,Flat,,,,,,Dark,1842600,0,0,0,2,,,0,,,,,,Manawatū-Whanganui Region,Nil,2-way,Sealed,,0,0,,50,,On,0,0,,40,Palmerston North City,Nil,,,,,0,0,Urban,1,,,Light rain,Strong wind
2027262,5695747,34185,,544002,0,0,0,1,0,South,2006/2007,SH 2,NICKS HEAD STATION ROAD,,Serious Crash,Yes,2007,0,South,1,0,0,Flat,0,,0,,0,Twilight,1365500,0,0,0,2,0,0,0,0,0,,0,0,Gisborne Region,Nil,2-way,Sealed,0,0,2,0,100,0,None,0,0,,28,Gisborne District,Nil,0,0,0,0,0,0,Open,0,0,0,Fine,Null
1565352,5174087,34186,,587846,0,,0,1,,Null,2006/2007,SH 75,HALSWELL JUNCTION ROAD,,Non-Injury Crash,Yes,2006,,East,,0,,Flat,,,,,,Bright sun,2484613,0,0,0,4,,,0,,,,,,Canterbury Region,Nil,2-way,Sealed,,0,0,,80,,Null,1,0,,60,Christchurch City,Traffic Signals,,,,,0,0,Open,0,,,Fine,Null
1753641,5913188,34187,,518901,0,,0,1,,East,2006/2007,WHITE SWAN ROAD,ELLIS AVENUE,,Non-Injury Crash,No,2006,,West,,0,,Hill Road,,,,,,Bright sun,585200,0,0,0,2,,,0,,,,,,Auckland Region,Nil,2-way,Sealed,,0,0,,50,,Off,0,0,,76,Auckland,Nil,,,,,1,0,Urban,0,,,Fine,Null
1754315,5447588,34188,,570600,0,0,0,1,0,Null,2005/2006,Z CPK LIBRARY,WHITEHOUSE ROAD,,Non-Injury Crash,No,2006,0,West,0,0,0,Flat,0,,0,,0,Twilight,2041700,0,0,0,1,0,0,0,0,1,,0,0,Wellington Region,Nil,Off road,Sealed,0,0,0,0,50,0,On,0,0,,44,Porirua City,Nil,0,0,0,0,1,0,Urban,0,0,0,Fine,Null
1783521,5879338,34189,,521135,0,,0,1,,Null,2006/2007,SH 2,DOBSON ROAD,,Non-Injury Crash,Yes,2006,,West,,0,,Flat,,,,,,Overcast,841802,0,0,0,2,,,0,,,,,,Waikato Region,Nil,2-way,Sealed,,0,0,,100,,Null,0,0,,13,Waikato District,Nil,,,,,1,0,Open,0,,,Heavy rain,Null
1406423,4915733,34190,,602800,0,,0,4,,North,2005/2006,WHARF ST,KITCHENER ST,,Non-Injury Crash,No,2006,,South,,0,,Flat,,,,,,Bright sun,2895000,0,0,0,2,,,0,,,,,,Otago Region,Nil,2-way,Sealed,,0,0,,50,,Null,0,0,,71,Dunedin City,Unknown,,,,,0,0,Urban,0,,,Fine,Null
1868576,5711067,34191,,541750,0,,0,2,,Null,2007/2008,LAKE TERRACE,SHEPHERD ROAD,,Non-Injury Crash,No,2007,,South,,0,,Flat,,,,,,Overcast,1267113,0,0,0,2,,,0,,,,,,Waikato Region,Nil,2-way,Sealed,,0,0,,50,,Off,0,0,,21,Taupo District,Stop,,,,,0,0,Urban,0,,,Heavy rain,Null
1935929,5621072,34192,,546901,0,,0,1,,Null,2006/2007,THACKERAY ST,FARADAY ST,,Non-Injury Crash,No,2006,,North,,0,,Flat,,,,,,Bright sun,1428900,0,0,0,2,,,0,,,,,,Hawke's Bay Region,Rail xing,2-way,Sealed,,0,0,,50,,Null,0,0,,31,Napier City,Stop,,,,,1,0,Urban,0,,,Fine,Null
1771606,5912162,34193,,523110,0,,0,1,,Null,2007/2008,SANTA ANA DRIVE,ARTESIA CLOSE,,Minor Crash,No,2007,,North,,0,,Flat,,,,,,Twilight,3202002,1,0,0,2,,,0,,,,,,Auckland Region,Nil,2-way,Sealed,,0,0,,50,,Off,1,0,,76,Auckland,Nil,,,,,0,0,Urban,0,,,Fine,Null
1748300,5426947,34194,,573101,0,,0,2,,Null,2006/2007,WILLIS ST,ABEL SMITH ST,,Non-Injury Crash,No,2006,,East,,0,,Flat,,,,,,Dark,2131900,0,0,0,2,,,0,,,,,,Wellington Region,Nil,2-way,Sealed,,0,0,,50,,On,0,0,,47,Wellington City,Stop,,,,,0,0,Urban,0,,,Light rain,Null
1767300,5830083,34195,,526702,0,0,0,1,0,East,2006/2007,TE AKAU ROAD,RUAKIWI ROAD,,Non-Injury Crash,No,2006,0,West,0,0,1,Flat,0,,0,,0,Dark,849400,0,0,0,2,0,0,0,0,0,,0,1,Waikato Region,Nil,2-way,Sealed,0,0,0,0,100,0,None,0,0,,13,Waikato District,Nil,0,0,0,0,0,0,Open,0,0,0,Light rain,Null
1679959,5401258,34196,,581260,0,0,0,2,0,South,2005/2006,SCOTT ST,KENDON ST,,Non-Injury Crash,No,2006,0,North,0,0,0,Flat,0,,0,,0,Overcast,2306800,0,0,0,2,0,0,0,0,1,,0,1,Marlborough Region,Nil,2-way,Sealed,0,0,0,0,50,0,Null,0,0,,53,Marlborough District,Nil,0,0,0,0,0,0,Urban,0,0,0,Fine,Null
1751426,5915077,34197,,514401,0,0,0,1,0,East,2006/2007,ST JUDE ST,DONEGAL ST,,Non-Injury Crash,No,2006,0,West,0,0,0,Hill Road,0,,0,,0,Dark,382903,0,0,0,2,0,0,0,0,0,,0,0,Auckland Region,Nil,2-way,Sealed,0,0,0,0,50,0,On,0,0,,76,Auckland,Nil,1,0,0,0,0,0,Urban,0,0,0,Mist or Fog,Null
1931611,5616324,34198,,547200,0,0,0,1,0,Null,2006/2007,MEEANEE ROAD,GUPPY ROAD,,Non-Injury Crash,No,2006,0,South,0,0,0,Flat,0,,0,,0,Dark,1458700,0,0,0,4,0,0,0,0,0,,0,1,Hawke's Bay Region,Nil,2-way,Sealed,0,0,0,0,50,0,On,0,0,,31,Napier City,Traffic Signals,0,0,0,0,0,0,Urban,0,0,0,Fine,Null
1719947,6045660,34199,,503100,0,,0,2,,Null,2006/2007,DENT ST,REYBURN ST,,Non-Injury Crash,No,2007,,North,,0,,Flat,,,,,,Bright sun,99903,0,0,0,2,,,0,,,,,,Northland Region,Nil,2-way,Sealed,,0,0,,50,,Off,0,0,,2,Whangarei District,Give way,,,,,0,0,Urban,0,,,Fine,Null
1924773,5606483,34200,,548620,0,0,0,1,0,Null,2005/2006,CAERNARVON DRIVE,WALTON WAY,,Non-Injury Crash,No,2006,0,South,0,0,1,Flat,0,,0,,0,Dark,1475000,0,0,0,2,0,0,0,0,0,,0,0,Hawke's Bay Region,Nil,2-way,Sealed,0,0,0,0,50,0,On,0,0,,30,Hastings District,Give way,1,1,0,0,0,0,Urban,0,0,0,Fine,Null
1269843,5009692,34201,,609028,0,0,0,0,1,South,2005/2006,SH 6,ARROWTOWN-LAKE HAYES ROAD,,Non-Injury Crash,Yes,2006,0,North,0,0,0,Flat,0,,0,,0,Dark,3039704,0,0,0,2,0,0,0,0,0,,0,0,Otago Region,Nil,2-way,Sealed,0,0,0,0,100,0,None,0,0,,70,Queenstown-Lakes District,Unknown,0,0,0,0,0,0,Open,1,0,0,Fine,Frost
1747219,5913785,34202,,511100,0,,0,2,,West,2005/2006,WEST COAST ROAD,CAPTAIN SCOTT ROAD,,Non-Injury Crash,No,2006,,West,,0,,Flat,,,,,,Bright sun,286200,0,0,0,4,,,0,,,,,,Auckland Region,Nil,2-way,Sealed,,0,0,,50,,Off,0,0,,76,Auckland,Nil,,,,,0,0,Urban,0,,,Fine,Null
1891786,5780616,34203,,538820,0,,0,2,,North,2006/2007,SH 33,SH 30,,Serious Crash,Yes,2007,,North,,0,,Flat,,,,,,Overcast,1251609,1,0,0,2,,,0,,,,,,Bay of Plenty Region,Nil,2-way,Sealed,,0,1,,100,,None,0,0,,24,Rotorua District,Nil,,,,,0,0,Open,0,,,Heavy rain,Strong wind
1940038,5656701,34204,35,545911,0,0,0,1,0,North,2007/2008,SH 2,RIDGEMOUNT ROAD,,Minor Crash,Yes,2007,0,North,1,0,0,Hill Road,0,,0,,0,Overcast,1416000,1,0,0,2,0,0,0,0,0,,0,0,Hawke's Bay Region,Bridge,2-way,Sealed,0,0,0,0,100,0,Null,0,0,,30,Hastings District,Nil,0,0,0,0,0,0,Open,0,0,0,Heavy rain,Null
1769327,5907459,34205,,523712,0,,0,2,,Null,2006/2007,ORMISTON ROAD,TE IRIRANGI DRIVE,,Non-Injury Crash,No,2006,,South,,0,,Flat,,,,,,Bright sun,712803,0,0,0,3,,,0,,,,,,Auckland Region,Nil,2-way,Sealed,,0,0,,70,,Off,0,0,,76,Auckland,Traffic Signals,,,,,0,0,Urban,0,,,Fine,Null
1756613,5912802,34206,,518701,0,,0,2,,South,2006/2007,HILLSBOROUGH ROAD,OLD SH20 INTER,,Non-Injury Crash,No,2006,,North,,0,,Flat,,Labour Weekend,,,,Dark,572100,0,0,0,6,,,0,,,,,,Auckland Region,Nil,2-way,Sealed,,0,0,,50,,On,0,0,,76,Auckland,Stop,,,,,0,0,Urban,0,,,Light rain,Null
1936037,5620038,34207,,546600,0,,0,1,,Null,2006/2007,LATHAM ST,DOUGLAS MCLEAN AVENUE,,Non-Injury Crash,No,2006,,North,,0,,Flat,,,,,,Overcast,1435200,0,0,0,2,,,0,,,,,,Hawke's Bay Region,Nil,2-way,Sealed,,0,0,,50,,Null,1,0,,31,Napier City,Give way,,,,,0,0,Urban,0,,,Fine,Null
1766880,5907868,34208,,523501,0,,0,2,,North,2007/2008,BAIRDS ROAD,HAYMAN ST,,Non-Injury Crash,No,2007,,South,,0,,Flat,,,,,,Bright sun,700602,0,0,0,2,,,0,,,,,,Auckland Region,Nil,2-way,Sealed,,0,0,,50,,Off,0,0,,76,Auckland,Nil,,,,,0,0,Urban,0,,,Fine,Null
1751637,5424734,34209,,577200,0,0,0,1,0,Null,2005/2006,MIRAMAR AVENUE,COBHAM DRIVE,,Non-Injury Crash,No,2006,0,West,0,0,1,Flat,0,,0,,0,Dark,2206200,0,0,0,2,0,0,0,0,0,,0,0,Wellington Region,Nil,2-way,Sealed,0,0,0,0,50,0,On,0,0,,47,Wellington City,Nil,0,0,0,0,0,0,Urban,0,0,0,Fine,Null
1691976,5675904,34210,,551900,0,,0,2,,Null,2006/2007,SH 45,DEVON ST WEST,,Minor Crash,Yes,2007,,West,,0,,Flat,,,,,,Overcast,1589200,1,0,0,3,,,0,,,,,,Taranaki Region,Nil,2-way,Sealed,,0,0,,50,,Null,0,0,,33,New Plymouth District,Traffic Signals,,,,,0,0,Urban,0,,,Fine,Null
1696140,5677035,34211,,551012,0,,0,1,,Null,2006/2007,SH 3,SMART ROAD,,Non-Injury Crash,Yes,2006,,East,,0,,Flat,,,,,,Overcast,1559600,0,0,0,2,,,0,,,,,,Taranaki Region,Nil,2-way,Sealed,,0,0,,50,,Null,1,0,,33,New Plymouth District,Traffic Signals,,,,,0,0,Urban,0,,,Fine,Null
1565426,5206950,34212,,586121,0,,0,1,,West,2006/2007,RIVER ROAD,WEST BELT,,Minor Crash,No,2007,,East,,0,,Flat,,,,,,Overcast,2450007,1,0,0,2,,,0,,,,,,Canterbury Region,Nil,2-way,Unsealed,,0,0,,100,,Null,0,0,,59,Waimakariri District,Unknown,,,,,0,0,Open,0,,,Heavy rain,Null
1800005,5815608,34213,,528800,0,,0,2,,North,2006/2007,SEDDON ROAD,NORTON ROAD,,Non-Injury Crash,No,2006,,North,,0,,Flat,,,,,,Bright sun,904700,0,0,0,2,,,0,,,,,,Waikato Region,Nil,2-way,Sealed,,0,0,,50,,Null,0,0,,16,Hamilton City,Give way,,,,,0,0,Urban,0,,,Fine,Null
1686587,5396525,34214,,580451,0,0,0,2,0,South,2005/2006,SH 1S,PUKA PUKA BR,,Minor Crash,Yes,2006,0,South,0,0,0,Hill Road,1,,0,,0,Bright sun,2292214,1,0,0,2,0,0,0,0,0,,0,0,Marlborough Region,Nil,2-way,Sealed,0,0,0,0,100,0,Null,0,0,,53,Marlborough District,Nil,0,0,0,0,0,0,Open,0,0,0,Fine,Null
1760085,5437120,34215,,569401,0,,0,2,,East,2006/2007,SH 2,BLOCK ROAD,,Non-Injury Crash,Yes,2006,,South,,0,,Flat,,,,,,Overcast,1919400,0,0,0,2,,,0,,,,,,Wellington Region,Nil,1-way,Sealed,,0,0,,100,,Null,0,0,,46,Lower Hutt City,Nil,,,,,0,0,Open,0,,,Light rain,Null
1765848,5440670,34216,,568102,0,0,0,0,0,South,2006/2007,Z HOLBORN KINDERGARTEN,HOLBORN/WHITECHAPEL,,Non-Injury Crash,No,2007,0,South,0,0,1,Flat,0,,0,,0,Overcast,1932802,0,0,1,0,0,0,0,0,0,,0,0,Wellington Region,Nil,Off road,Sealed,0,0,0,0,50,0,Null,0,0,,46,Lower Hutt City,Nil,0,0,0,0,0,0,Urban,0,0,0,Fine,Null
1773210,5577402,34217,,556300,0,0,0,1,0,Null,2006/2007,SMITHFIELD ROAD,BROOKING ST,,Minor Crash,No,2007,0,East,0,0,1,Flat,0,,0,,0,Dark,1723600,3,0,0,2,0,0,0,0,0,,0,1,Manawatū-Whanganui Region,Nil,2-way,Sealed,0,0,0,0,50,0,On,0,0,,37,Whanganui District,Nil,0,0,0,0,0,0,Urban,0,0,0,Fine,Null
1757491,5926983,34218,,508010,0,,0,2,,Null,2007/2008,ANZAC ST,BARRYS POINT ROAD,,Minor Crash,No,2007,,North,,0,,Flat,,,,,,Overcast,327500,1,0,0,4,,,0,,,,,,Auckland Region,Nil,2-way,Sealed,,0,0,,50,,On,0,0,,76,Auckland,Traffic Signals,,,,,0,0,Urban,0,,,Fine,Null
1552021,5205109,34219,,586114,0,,0,0,,East,2005/2006,OXFORD ROAD,TALLOTTS ROAD,,Non-Injury Crash,No,2006,,East,,0,,Flat,,,,,,Bright sun,2450806,0,0,0,2,,,0,,,,,,Canterbury Region,Nil,2-way,Sealed,,0,0,,100,,Null,0,0,,59,Waimakariri District,Nil,,,,,0,0,Open,2,,,Fine,Null
1548318,5171168,34220,,597512,0,,0,1,,Null,2006/2007,BROOKSIDE ROAD,DUNNS CROSSING ROAD,,Minor Crash,No,2007,,North,,0,,Flat,,,,,,Bright sun,2719005,3,0,0,2,,,0,,,,,,Canterbury Region,Nil,2-way,Sealed,,0,0,,100,,Null,1,0,,62,Selwyn District,Give way,,,,,0,0,Open,0,,,Fine,Null
1766205,5907068,34221,,522301,0,,0,2,,Null,2005/2006,HUIA ROAD,HOTEO AVENUE,,Non-Injury Crash,No,2006,,North,,0,,Flat,,,,,,Bright sun,667200,0,0,0,2,,,0,,,,,,Auckland Region,Nil,2-way,Sealed,,0,0,,50,,Off,0,0,,76,Auckland,Stop,,,,,0,0,Urban,0,,,Fine,Null
1793955,5500381,34222,,564231,0,,0,0,,Null,2005/2006,QUEEN ST EAST,QUEENWOOD ROAD,,Minor Crash,No,2006,,East,,0,,Flat,,Easter,,,,Bright sun,1869900,1,0,1,2,,,0,,,,,,Manawatū-Whanganui Region,Nil,2-way,Sealed,,0,0,,50,,Null,0,0,,42,Horowhenua District,Stop,,,,,0,0,Urban,1,,,Fine,Null
1793403,5501418,34223,,564210,0,0,0,2,0,West,2006/2007,YORK ST,CLARK ST,,Non-Injury Crash,No,2006,0,West,0,0,1,Flat,0,,0,,0,Bright sun,1864600,0,0,0,2,0,0,0,0,1,,0,0,Manawatū-Whanganui Region,Nil,2-way,Sealed,0,0,0,0,50,0,Null,0,0,,42,Horowhenua District,Nil,0,0,0,0,0,0,Urban,0,0,0,Fine,Null
1800186,5815704,34224,,529700,0,,0,1,,Null,2007/2008,TRISTRAM ST,ROSTREVOR ST,,Non-Injury Crash,No,2007,,West,,0,,Flat,,,,,,Bright sun,910200,0,0,0,2,,,0,,,,,,Waikato Region,Nil,2-way,Unsealed,,0,0,,50,,Off,1,0,30,16,Hamilton City,Give way,,,,,0,0,Urban,0,,,Fine,Null
1756119,5929209,34225,,508510,0,,0,1,,Null,2007/2008,FORREST HILL ROAD,TRISTRAM AVENUE,,Minor Crash,No,2007,,North,,0,,Flat,,,,,,Overcast,195500,1,0,0,2,,,0,,,1,,,Auckland Region,Nil,2-way,Sealed,,0,0,,50,,Off,0,0,,76,Auckland,Traffic Signals,,,,,0,0,Urban,0,,,Fine,Null
1768743,5900079,34226,,525002,0,,0,1,,Null,2007/2008,CHURCHILL AVENUE,PURIRI ROAD,,Minor Crash,No,2007,,West,,0,,Flat,,,,,,Overcast,753303,1,1,0,2,,,0,,,,,,Auckland Region,Nil,2-way,Sealed,,0,0,,50,,Off,0,0,,76,Auckland,Give way,,,,,0,0,Urban,0,,,Fine,Null
1793545,5500914,34227,,564210,0,0,0,1,0,West,2006/2007,EXETER ST,SH 1N,,Non-Injury Crash,No,2006,0,East,0,0,0,Flat,0,Christmas New Year,0,,0,Overcast,1865000,0,0,0,2,0,0,0,0,1,,0,0,Manawatū-Whanganui Region,Nil,2-way,Sealed,0,0,0,0,50,0,Null,1,0,,42,Horowhenua District,Nil,0,0,0,0,0,0,Urban,0,0,0,Fine,Null
1760350,5885015,34228,,521121,0,0,0,0,0,Null,2007/2008,KINGSEAT ROAD,GLENBROOK ROAD,,Minor Crash,No,2007,0,West,0,0,1,Flat,0,,0,,0,Bright sun,811200,1,0,0,2,0,0,0,0,0,,0,0,Auckland Region,Nil,2-way,Sealed,0,0,0,0,100,0,Off,2,0,,76,Auckland,Stop,0,0,0,1,0,0,Open,0,0,0,Fine,Null