X,Y,OBJECTID,advisorySpeed,areaUnitID,bicycle,bridge,bus,carStationWagon,cliffBank,crashDirectionDescription,crashFinancialYear,crashLocation1,crashLocation2,crashRoadSideRoad,crashSeverity,crashSHDescription,crashYear,debris,directionRoleDescription,ditch,fatalCount,fence,flatHill,guardRail,holiday,houseOrBuilding,intersection,kerb,light,meshblockId,minorInjuryCount,moped,motorcycle,NumberOfLanes,objectThrownOrDropped,otherObject,otherVehicleType,overBank,parkedVehicle,pedestrian,phoneBoxEtc,postOrPole,region,roadCharacter,roadLane,roadSurface,roadworks,schoolBus,seriousInjuryCount,slipOrFlood,speedLimit,strayAnimal,streetLight,suv,taxi,temporarySpeedLimit,tlaId,tlaName,trafficControl,trafficIsland,trafficSign,train,tree,truck,unknownVehicleType,urban,vanOrUtility,vehicle,waterRiver,weatherA,weatherB
1752934,5935009,34229,,508701,0,0,0,1,0,North,2006/2007,SH 1N,OTEHA VALLEY OBR,,Non-Injury Crash,Yes,2006,1,North,0,0,0,Hill Road,0,,0,,0,Overcast,178501,0,0,0,4,0,0,0,0,0,,0,0,Auckland Region,Nil,2-way,Sealed,0,0,0,0,100,0,Off,0,0,,76,Auckland,Nil,0,0,0,0,0,0,Open,0,0,0,Fine,Null
1270071,5009880,34230,,609028,0,,0,1,,Null,2005/2006,SH 6,ARROWTOWN-LAKE HAYES ROAD,,Minor Crash,Yes,2006,,North,,0,,Hill Road,,,,,,Overcast,3039807,1,0,0,2,,,0,,,,,,Otago Region,Nil,2-way,Sealed,,0,0,,100,,Null,1,0,,70,Queenstown-Lakes District,Stop,,,,,0,0,Open,0,,,Light rain,Null
1569397,5175336,34231,,591101,0,0,0,2,0,Null,2006/2007,DELHI PLACE,CHITTAGONG LANE,,Non-Injury Crash,No,2006,0,West,0,0,0,Hill Road,0,,0,,1,Dark,2550205,0,0,0,2,0,0,0,0,1,,0,0,Canterbury Region,Nil,2-way,Sealed,0,0,0,0,50,0,On,0,0,,60,Christchurch City,Unknown,0,0,0,0,0,0,Urban,0,0,0,Fine,Null
1763395,5911212,34232,,520500,0,,0,0,,South,2007/2008,GREAT SOUTH ROAD,BELL AVENUE,,Non-Injury Crash,No,2007,,North,,0,,Flat,,,,,,Twilight,637900,0,0,0,2,,,0,,,,,,Auckland Region,Nil,2-way,Sealed,,0,0,,50,,On,0,0,,76,Auckland,Nil,,,,,1,0,Urban,1,,,Fine,Null
1751642,5432892,34233,,574002,0,,0,0,,West,2007/2008,SH 1N,CENTENNIAL SBD,,Minor Crash,Yes,2007,,South,,0,,Hill Road,,,,,,Bright sun,2078304,1,0,1,3,,,0,,,,,,Wellington Region,Nil,2-way,Sealed,,0,0,,80,,Null,0,0,,47,Wellington City,Nil,,,,,0,0,Open,0,,,Fine,Null
1947089,5791509,34234,,542511,0,,1,0,,East,2007/2008,PATUWAI ROAD,PAROA ROAD,,Minor Crash,No,2007,,East,,0,,Flat,,,,,,Bright sun,1297702,1,0,0,2,,,0,,,1,,,Bay of Plenty Region,Nil,2-way,Sealed,,1,0,,80,,Null,0,0,,25,Whakatane District,Unknown,,,,,0,0,Open,0,,,Fine,Null
1569471,5183024,34235,,592300,0,,0,2,,Null,2006/2007,WESTON ROAD,BRETTS ROAD,,Non-Injury Crash,No,2006,,North,,0,,Flat,,Christmas New Year,,,,Dark,2684200,0,0,0,2,,,0,,,,,,Canterbury Region,Nil,2-way,Sealed,,0,0,,50,,On,0,0,,60,Christchurch City,Stop,,,,,0,0,Urban,0,,,Fine,Null
1801649,5815026,34236,,530200,0,0,0,2,0,North,2006/2007,MEMORIAL DRIVE,BRIDGE ST,,Non-Injury Crash,No,2006,0,South,0,0,0,Flat,0,Christmas New Year,0,,0,Dark,894800,0,0,0,2,0,0,0,0,1,,0,0,Waikato Region,Nil,2-way,Sealed,0,0,0,0,50,0,On,0,0,,16,Hamilton City,Nil,0,0,0,0,0,0,Urban,0,0,0,Fine,Null
1759360,5910671,34237,,524002,0,0,0,1,0,North,2006/2007,SH 20,RIMU OFF SBD,,Non-Injury Crash,Yes,2006,0,South,0,0,0,Flat,1,,0,,0,Dark,722400,0,0,0,2,0,0,0,0,0,,0,0,Auckland Region,Nil,1-way,Sealed,0,0,0,0,100,0,On,0,0,,76,Auckland,Nil,0,0,0,0,0,0,Open,0,0,0,Fine,Null
1575486,5180179,34238,,593900,0,0,0,1,0,Null,2005/2006,CUTHBERTS ROAD,SENIOR PLACE,,Serious Crash,No,2006,0,North,0,0,1,Flat,0,,0,,0,Dark,2580100,0,0,0,2,0,0,0,0,0,,0,0,Canterbury Region,Nil,2-way,Sealed,0,0,1,0,50,0,On,0,0,,60,Christchurch City,Nil,0,0,0,0,0,0,Urban,0,0,0,Fine,Null
1567250,5204967,34239,,586303,0,,0,1,,South,2006/2007,VICTORIA ST,QUEEN ST,,Non-Injury Crash,No,2006,,South,,0,,Flat,,Christmas New Year,,,,Bright sun,2445700,0,0,0,2,,,0,,,,,,Canterbury Region,Nil,2-way,Sealed,,0,0,,50,,Null,0,0,,59,Waimakariri District,Unknown,,,,,0,0,Urban,0,,,Fine,Null
1817056,5803158,34240,,527503,0,,0,1,,Null,2007/2008,VICTORIA ST,ALPHA ST,,Non-Injury Crash,No,2007,,South,,0,,Flat,,,,,,Bright sun,962700,0,0,0,2,,,0,,,,,,Waikato Region,Nil,2-way,Sealed,,0,0,,50,,Off,0,0,,17,Waipa District,Give way,,,,,0,0,Urban,1,,,Fine,Null
1761452,5914222,34241,,520202,0,,0,1,,South,2006/2007,SH 1N,PENROSE INT S,,Non-Injury Crash,Yes,2007,,North,,0,,Flat,,,,,,Bright sun,612300,0,0,0,3,,,0,,,,,,Auckland Region,Nil,1-way,Sealed,,0,0,,100,,Off,1,0,,76,Auckland,Nil,,,,,0,0,Open,1,,,Fine,Null
1769508,5899789,34242,,525002,0,,0,2,,Null,2006/2007,GREAT SOUTH ROAD,MAHIA ROAD,,Non-Injury Crash,No,2007,,East,,0,,Flat,,,,,,Dark,753900,0,0,0,2,,,0,,,,,,Auckland Region,Nil,2-way,Sealed,,0,0,,50,,On,0,0,,76,Auckland,Traffic Signals,,,,,0,0,Urban,0,,,Fine,Null
1675779,6022760,34243,,504501,0,0,0,1,0,North,2005/2006,SH 12,BAYLYS COAST ROAD,,Non-Injury Crash,Yes,2006,0,South,0,0,0,Flat,0,,0,,0,Overcast,117500,0,0,0,2,0,0,0,0,0,,0,0,Northland Region,Nil,2-way,Sealed,0,0,0,0,100,0,None,0,0,,3,Kaipara District,Nil,0,1,0,0,0,0,Open,0,0,0,Fine,Null
1719282,6045441,34244,,503100,0,,0,2,,South,2006/2007,TAREWA ROAD,WALTON ST,,Non-Injury Crash,No,2006,,South,,0,,Flat,,,,,,Overcast,100400,0,0,0,2,,,0,,,,,,Northland Region,Nil,2-way,Sealed,,0,0,,50,,Null,0,0,,2,Whangarei District,Unknown,,,,,0,0,Urban,0,,,Light rain,Null
1531964,5163931,34245,,597506,0,,0,3,,South,2005/2006,SH 1S,FRASERS ROAD,,Minor Crash,Yes,2006,,South,,0,,Flat,,Easter,,,,Bright sun,2727100,1,0,0,2,,,0,,,,,,Canterbury Region,Nil,2-way,Sealed,,0,0,,100,,Null,1,0,,62,Selwyn District,Unknown,,,,,0,0,Open,0,,,Fine,Null
1864187,5828976,34246,,536620,0,0,0,0,0,North,2006/2007,SH 2,ESDAILE ROAD,,Minor Crash,Yes,2006,0,North,0,0,0,Hill Road,0,,0,,1,Dark,1186000,3,0,0,2,0,0,0,0,0,,0,0,Bay of Plenty Region,Nil,2-way,Sealed,0,0,0,0,100,0,None,1,0,,22,Western Bay of Plenty District,Unknown,0,0,0,0,0,0,Open,0,0,0,Fine,Null
1567861,5182581,34247,,592100,0,,0,2,,Null,2006/2007,IDRIS ROAD,WAIRAKEI ROAD,,Non-Injury Crash,No,2006,,North,,0,,Flat,,,,,,Overcast,2671100,0,0,0,2,,,0,,,,,,Canterbury Region,Nil,2-way,Sealed,,0,0,,50,,Null,0,0,,60,Christchurch City,Traffic Signals,,,,,0,0,Urban,0,,,Fine,Null
1800651,5815451,34248,,529700,0,,0,1,,Null,2007/2008,ANGLESEA ST,BRYCE ST,,Non-Injury Crash,No,2007,,South,,0,,Flat,,,,,,Dark,910900,0,0,0,4,,,0,,,,,,Waikato Region,Nil,2-way,Sealed,,0,0,,50,,On,0,0,,16,Hamilton City,Traffic Signals,,,,,0,0,Urban,1,,,Fine,Null
1719221,6049052,34249,,502400,0,0,0,1,0,South,2005/2006,BRAKE AVENUE,WILLIAM JONES DRIVE,,Non-Injury Crash,No,2006,0,North,0,0,0,Flat,0,,0,,0,Bright sun,92500,0,0,0,2,0,0,0,0,1,,0,0,Northland Region,Nil,2-way,Sealed,0,0,0,0,50,0,Off,1,0,,2,Whangarei District,Nil,0,0,0,0,0,0,Urban,0,0,0,Fine,Null
1426432,4987265,34250,,600826,0,0,0,0,1,South,2006/2007,SH 1S,BREAKNECK ROAD,,Minor Crash,Yes,2006,0,South,0,0,0,Flat,0,,0,,0,Dark,2833500,1,0,0,2,0,0,0,1,0,,0,0,Otago Region,Nil,2-way,Sealed,0,0,0,0,100,0,None,0,0,,68,Waitaki District,Unknown,0,0,0,0,0,0,Open,1,0,1,Fine,Null
1751233,5924732,34251,,510020,0,,0,2,,East,2005/2006,ISLAND BAY ROAD,ODIN PLACE,,Non-Injury Crash,No,2006,,West,,0,,Flat,,,,,,Bright sun,346307,0,0,0,2,,,0,,,,,,Auckland Region,Nil,2-way,Sealed,,0,0,,50,,Off,0,0,,76,Auckland,Nil,,,,,0,0,Urban,0,,,Fine,Null
1799730,5816549,34252,,529700,0,,0,1,,Null,2006/2007,ULSTER ST,RICHMOND ST,,Non-Injury Crash,No,2006,,North,,0,,Flat,,,,,,Bright sun,908501,0,0,0,4,,,0,,,,,,Waikato Region,Nil,2-way,Sealed,,0,0,,60,,Null,0,0,,16,Hamilton City,Give way,,,,,0,0,Urban,1,,,Fine,Null
1768681,5880765,34253,,525921,0,,0,1,,Null,2005/2006,QUEEN ST,HARRIS ST,,Minor Crash,No,2006,,North,,0,,Flat,,,,,,Bright sun,821900,1,0,0,2,,,0,,,,,,Auckland Region,Nil,2-way,Sealed,,0,0,,50,,Off,0,0,,76,Auckland,Give way,,,,,0,0,Urban,1,,,Fine,Null
1749365,5424965,34254,,576400,1,,0,1,,Null,2005/2006,CONSTABLE ST,OWEN ST,,Minor Crash,No,2006,,West,,0,,Hill Road,,,,,,Overcast,2170000,1,0,0,2,,,0,,,,,,Wellington Region,Nil,2-way,Sealed,,0,0,,50,,Null,0,0,,47,Wellington City,Give way,,,,,0,0,Urban,0,,,Fine,Null
1763888,5915069,34255,,520303,0,0,0,1,0,West,2006/2007,ELLERSLIE-PANMURE HIGHWAY,BARRACK ROAD,,Minor Crash,No,2007,0,East,0,0,0,Flat,0,,0,,0,Dark,626801,2,0,0,4,0,0,0,0,0,,0,1,Auckland Region,Nil,2-way,Sealed,0,0,0,0,50,0,On,0,0,,76,Auckland,Nil,0,0,0,0,0,0,Urban,0,0,0,Fine,Null
1767774,5904295,34256,,524604,0,,0,2,,Null,2007/2008,MANUKAU STATION ROAD,GREAT SOUTH ROAD,,Non-Injury Crash,No,2007,,East,,0,,Hill Road,,,,,,Bright sun,780302,0,0,0,2,,,0,,,,,,Auckland Region,Motorway ramp,2-way,Sealed,,0,0,,50,,Off,0,0,,76,Auckland,Traffic Signals,,,,,0,0,Urban,0,,,Fine,Null
1877737,5794363,34257,,536630,0,,0,1,,West,2006/2007,SH 36,TE MATAI ROAD,,Non-Injury Crash,Yes,2006,,North,,0,,Hill Road,,,,,,Dark,1192702,0,0,0,2,,,0,,,,,,Bay of Plenty Region,Nil,2-way,Sealed,,0,0,,100,,None,0,0,,22,Western Bay of Plenty District,Nil,,,,,0,0,Open,0,,,Fine,Frost
1685255,6099772,34258,,500900,0,0,0,0,0,South,2005/2006,KERIKERI ROAD,ACCESS ROAD,,Non-Injury Crash,No,2006,0,North,0,0,1,Flat,0,,0,,0,Overcast,49507,0,0,0,2,0,0,0,0,0,,0,0,Northland Region,Nil,2-way,Sealed,0,0,0,0,80,0,Off,0,0,,1,Far North District,Nil,0,0,0,0,0,0,Open,1,0,0,Light rain,Null
1731073,6025541,34259,,501806,0,0,0,1,0,East,2005/2006,RUAKAKA BEACH ROAD,MARSDEN POINT ROAD,,Non-Injury Crash,No,2006,0,North,0,0,0,Flat,0,Easter,0,,0,Dark,79803,0,0,0,2,0,0,0,0,0,,0,0,Northland Region,Bridge,2-way,Sealed,0,0,0,0,50,0,On,0,0,,2,Whangarei District,Nil,0,0,0,0,0,0,Urban,0,0,1,Fine,Null
1866426,5744006,34260,,541334,0,0,0,0,1,South,2006/2007,SH 1N,OHAKURI ROAD,,Non-Injury Crash,Yes,2006,0,North,0,0,0,Hill Road,0,,0,,0,Overcast,1276201,0,0,0,2,0,0,0,0,0,,0,0,Waikato Region,Nil,2-way,Sealed,0,0,0,0,100,0,Null,0,0,,21,Taupo District,Unknown,0,0,0,0,1,0,Open,0,0,0,Fine,Null
1769223,5900324,34261,,525002,0,0,0,1,0,Null,2006/2007,GREAT SOUTH ROAD,MYERS ROAD,,Minor Crash,No,2006,0,North,0,0,0,Flat,1,Labour Weekend,0,,1,Dark,753202,2,0,0,2,0,0,0,0,0,,0,0,Auckland Region,Bridge,2-way,Sealed,0,0,0,0,50,0,On,0,0,,76,Auckland,Nil,0,0,0,0,0,0,Urban,0,0,0,Fine,Null
1757947,5920207,34262,40,514103,0,,0,1,,South,2006/2007,SYMONDS ST,ALTEN ROAD,,Minor Crash,No,2006,,North,,0,,Flat,,,,,,Dark,437300,1,0,0,4,,,0,,,1,,,Auckland Region,Nil,2-way,Sealed,,0,0,,50,,On,0,0,,76,Auckland,Nil,,,,,0,0,Urban,0,,,Fine,Null
1763282,5437460,34263,,568302,0,,0,1,,Null,2006/2007,CAMBRIDGE TERRACE,TREADWELL ST,,Non-Injury Crash,No,2006,,North,,0,,Flat,,,,,,Overcast,1953200,0,0,0,2,,,0,,,,,,Wellington Region,Nil,2-way,Sealed,,0,0,,50,,Null,0,0,,46,Lower Hutt City,Give way,,,,,0,0,Urban,1,,,Fine,Null
1760330,5923020,34264,,509400,0,0,0,2,0,West,2007/2008,ALBERT ROAD,LAKE ROAD,,Non-Injury Crash,No,2007,0,West,0,0,0,Flat,0,,0,,0,Dark,334100,0,0,0,2,0,0,0,0,1,,0,0,Auckland Region,Nil,2-way,Sealed,0,0,0,0,50,0,On,0,0,,76,Auckland,Nil,0,0,0,0,0,0,Urban,0,0,0,Fine,Null
1764673,5911626,34265,,520500,0,,0,1,,South,2005/2006,SH 1N,PANAMA OBR,,Non-Injury Crash,Yes,2006,,North,,0,,Hill Road,,,,,,Bright sun,636200,0,0,0,3,,,0,,,,,,Auckland Region,Nil,1-way,Sealed,,0,0,,100,,Off,1,0,,76,Auckland,Nil,,,,,1,0,Open,0,,,Fine,Null
1744112,5920731,34266,,513632,0,0,0,3,0,West,2006/2007,REHIA ROAD,SARAJEVO PLACE,,Non-Injury Crash,No,2006,0,East,0,0,0,Hill Road,0,,0,,0,Bright sun,228205,0,0,0,2,0,0,0,0,2,,0,0,Auckland Region,Nil,2-way,Sealed,0,0,0,0,50,0,Off,0,0,,76,Auckland,Nil,0,0,0,0,0,0,Urban,0,0,0,Fine,Null
1572825,5199174,34267,,586408,1,,0,1,,North,2006/2007,WILLIAMS ST,OLD MAIN NORTH ROAD,,Minor Crash,No,2006,,South,,0,,Flat,,,,,,Bright sun,2447000,1,0,0,2,,,0,,,,,,Canterbury Region,Nil,2-way,Sealed,,0,0,,80,,Null,0,0,,59,Waimakariri District,Nil,,,,,0,0,Open,0,,,Fine,Null
1793736,5494442,34268,,564021,0,0,0,1,0,West,2007/2008,MUHUNOA EAST ROAD,FLORIDA ROAD,,Minor Crash,No,2007,0,East,1,0,0,Hill Road,0,,0,,0,Bright sun,1859401,1,0,0,2,0,0,0,0,0,,0,0,Manawatū-Whanganui Region,Nil,2-way,Sealed,0,0,0,0,100,0,Null,0,0,,42,Horowhenua District,Nil,0,0,0,1,0,0,Open,0,0,0,Fine,Null
1771853,5915394,34269,,521501,0,0,0,0,0,Null,2006/2007,MELLONS BAY ROAD,PICTON ST,,Minor Crash,No,2006,0,West,0,0,1,Hill Road,0,,0,,0,Twilight,651100,2,0,0,2,0,0,0,0,0,,0,0,Auckland Region,Nil,2-way,Sealed,0,0,0,0,50,0,Off,0,0,,76,Auckland,Give way,0,0,0,0,0,0,Urban,1,0,0,Light rain,Null
1704374,5665206,34270,,552800,0,,0,1,,Null,2006/2007,SH 3A,RATA ST,,Minor Crash,Yes,2006,,West,,0,,Flat,,,,,,Overcast,1604600,2,0,0,2,,,0,,,,,,Taranaki Region,Nil,2-way,Sealed,,0,0,,50,,Null,0,0,,33,New Plymouth District,Give way,,,,,0,0,Urban,1,,,Fine,Null
1751859,5424797,34271,,577602,0,,0,2,,North,2006/2007,TAUHINU ROAD,TAHI ST,,Non-Injury Crash,No,2006,,North,,0,,Flat,,,,,,Dark,2201400,0,0,0,2,,,0,,,,,,Wellington Region,Nil,2-way,Sealed,,0,0,,50,,On,0,0,,47,Wellington City,Nil,,,,,0,0,Urban,0,,,Fine,Null
1819603,5465559,34272,,578302,0,,0,0,,West,2006/2007,UPPER PLAIN ROAD,NGAUMUTAWA ROAD,,Non-Injury Crash,No,2007,,West,,0,,Flat,,,,,,Bright sun,2252600,0,0,0,2,,,0,,,,,,Wellington Region,Nil,2-way,Sealed,,0,0,,100,,Null,0,0,,48,Masterton District,Nil,,,,,1,0,Open,1,,,Fine,Null
1630757,6125919,34273,,500202,0,0,0,0,0,North,2006/2007,SH 10,ZIDICH ROAD,,Non-Injury Crash,Yes,2006,0,South,0,0,1,Hill Road,0,,0,,0,Bright sun,2700,0,0,0,2,0,0,0,0,0,,0,0,Northland Region,Nil,2-way,Sealed,0,0,0,0,100,0,Null,0,0,,1,Far North District,Unknown,0,0,0,0,0,0,Open,1,0,0,Fine,Strong wind
1685190,6099201,34274,,500900,0,,0,2,,South,2005/2006,KERIKERI ROAD,MARAENUI DRIVE,,Non-Injury Crash,No,2006,,South,,0,,Flat,,,,,,Overcast,49700,0,0,0,2,,,0,,,,,,Northland Region,Nil,2-way,Sealed,,0,0,,80,,None,0,0,,1,Far North District,Nil,,,,,0,0,Open,0,,,Fine,Strong wind
1970643,5682029,34275,,545204,0,0,0,1,0,South,2006/2007,SH 38,RUAPAPA ROAD,,Non-Injury Crash,Yes,2006,0,South,0,0,0,Flat,0,,0,,0,Overcast,1395900,0,0,0,2,0,0,0,0,0,,0,1,Hawke's Bay Region,Nil,2-way,Sealed,0,0,0,0,100,0,Null,0,0,,29,Wairoa District,Nil,0,0,0,0,0,0,Open,0,0,0,Fine,Null
1766093,5906497,34276,,522302,0,0,0,1,0,Null,2007/2008,WINTERE ROAD,TUI ROAD,,Serious Crash,No,2007,0,West,0,0,0,Flat,0,,0,,0,Overcast,668700,1,0,0,2,0,0,0,0,0,2,0,0,Auckland Region,Nil,2-way,Sealed,0,0,1,0,50,0,Off,1,0,,76,Auckland,Give way,0,0,0,0,0,0,Urban,0,1,0,Light rain,Null
1756681,5918531,34277,,515600,0,,0,2,,Null,2005/2006,NEW NORTH ROAD,RENDALL PLACE,,Non-Injury Crash,No,2006,,South,,0,,Flat,,,,,,Bright sun,420807,0,0,0,2,,,0,,,,,,Auckland Region,Nil,2-way,Sealed,,0,0,,50,,Off,0,0,,76,Auckland,Give way,,,,,0,0,Urban,0,,,Fine,Null
1565610,5183175,34278,,588900,0,0,0,2,0,Null,2006/2007,AMBLESIDE DRIVE,GRAHAMS ROAD,,Minor Crash,No,2006,0,North,0,0,1,Flat,0,,0,,0,Dark,2518511,1,0,0,2,0,0,0,0,1,,0,0,Canterbury Region,Nil,2-way,Sealed,0,0,0,0,50,0,On,0,0,,60,Christchurch City,Give way,0,0,0,0,0,0,Urban,0,0,0,Fine,Null
1759261,5436536,34279,,569201,0,,0,2,,West,2006/2007,PHARAZYN ST,BLOCK ROAD,,Non-Injury Crash,No,2006,,South,,0,,Flat,,,,,,Overcast,1925600,0,0,0,2,,,0,,,,,,Wellington Region,Nil,2-way,Sealed,,0,0,,50,,Null,0,0,,46,Lower Hutt City,Nil,,,,,0,0,Urban,0,,,Fine,Null
1925314,5607874,34280,,548611,0,0,0,1,0,Null,2007/2008,MARGATE AVENUE,YARMOUTH ROAD,,Non-Injury Crash,No,2007,0,East,0,0,1,Flat,0,,0,,0,Dark,1473803,0,0,0,2,0,0,0,0,0,,1,0,Hawke's Bay Region,Nil,2-way,Sealed,0,0,0,0,50,0,On,0,0,,30,Hastings District,Nil,0,0,0,0,0,0,Urban,0,0,0,Fine,Null
1759492,5915531,34281,,519200,0,,0,1,,Null,2005/2006,GREEN LANE WEST,MAUNGAKIEKIE AVENUE,,Non-Injury Crash,No,2006,,East,,0,,Flat,,,,,,Overcast,616402,0,0,0,4,,,0,,,,,,Auckland Region,Nil,2-way,Sealed,,0,0,,50,,Off,1,0,,76,Auckland,Traffic Signals,,,,,0,0,Urban,0,,,Fine,Null
1933145,5628706,34282,,545611,0,0,0,0,0,South,2006/2007,Z FCT BP,SH 2/VILLERS,,Non-Injury Crash,No,2006,0,North,0,0,0,Flat,0,,0,,0,Dark,1413200,0,0,0,0,0,1,0,0,0,,0,0,Hawke's Bay Region,Nil,Off road,Sealed,0,0,0,0,50,0,On,1,0,,31,Napier City,Nil,0,0,0,0,0,0,Urban,0,0,0,Fine,Null
1777410,5874956,34283,,521131,0,,0,0,,West,2007/2008,POKENO ROAD,MUNRO ROAD,,Fatal Crash,No,2007,,South,,1,,Flat,,,,,,Overcast,828700,1,0,0,2,,,0,,,,,,Waikato Region,Nil,2-way,Sealed,,0,0,,100,,None,0,0,,13,Waikato District,Nil,,,,,1,0,Open,1,,,Fine,Null
1787473,5858520,34284,,527210,0,0,0,1,0,South,2006/2007,SH 1N,WAYSIDE ACCESS ROAD,,Non-Injury Crash,Yes,2007,0,South,0,0,0,Hill Road,1,,0,,0,Overcast,935900,0,0,0,2,0,1,0,0,0,,0,0,Waikato Region,Nil,2-way,Sealed,0,0,0,0,100,0,Off,0,0,,13,Waikato District,Nil,0,0,0,0,0,0,Open,0,0,0,Fine,Null
1766717,5902712,34285,,524602,0,0,0,2,0,East,2005/2006,KERRS ROAD,DALGETY DRIVE,,Non-Injury Crash,No,2006,0,East,0,0,0,Flat,0,,0,,0,Overcast,780407,0,0,0,2,0,0,0,0,1,,0,0,Auckland Region,Nil,2-way,Sealed,0,0,0,0,50,0,Off,0,0,,76,Auckland,Nil,0,0,0,0,0,0,Urban,0,0,0,Fine,Null
1820691,5528860,34286,,563000,0,,0,1,,West,2005/2006,PIONEER HIGHWAY,LYNDHURST ST,,Minor Crash,No,2006,,West,,0,,Flat,,,,,,Dark,1805700,1,0,0,4,,,0,,,1,,,Manawatū-Whanganui Region,Nil,2-way,Sealed,,0,0,,50,,On,0,0,,40,Palmerston North City,Give way,,,,,0,0,Urban,0,,,Fine,Null
1931743,5604455,34287,,548000,0,,0,2,,North,2006/2007,GROVE ROAD,SUSSEX ST,,Non-Injury Crash,No,2006,,South,,0,,Flat,,,,,,Bright sun,1498800,0,0,0,2,,,0,,,,,,Hawke's Bay Region,Nil,2-way,Sealed,,0,0,,50,,Null,0,0,,30,Hastings District,Nil,,,,,0,0,Urban,0,,,Fine,Null
1770427,5911084,34288,,523109,0,0,0,1,0,South,2007/2008,Z CPK BOTANY SC,TI RAKAU DRIVE,,Non-Injury Crash,No,2007,0,West,0,0,0,Flat,0,,0,,0,Dark,711709,0,0,0,0,0,0,0,0,0,,0,1,Auckland Region,Nil,Off road,Sealed,0,0,0,0,30,0,On,0,0,,76,Auckland,Nil,0,0,0,0,0,0,Urban,0,0,0,Light rain,Null
1757422,5918764,34289,,514302,0,0,0,0,0,Null,2006/2007,SH 1N,WELLESLEY OFF NBD,,Non-Injury Crash,Yes,2006,0,North,0,0,0,Hill Road,1,,0,,0,Overcast,442500,0,0,0,5,0,0,0,0,0,,0,0,Auckland Region,Nil,1-way,Sealed,0,0,0,0,80,0,Off,1,0,,76,Auckland,Nil,0,0,0,0,0,0,Open,0,0,0,Light rain,Null
1749130,5427411,34290,,573101,0,,0,2,,East,2006/2007,CABLE ST,TARANAKI ST,,Non-Injury Crash,No,2006,,East,,0,,Flat,,,,,,Bright sun,2135200,0,0,0,3,,,0,,,,,,Wellington Region,Nil,1-way,Sealed,,0,0,,50,,Null,0,0,,47,Wellington City,Nil,,,,,0,0,Urban,0,,,Null,Null
1757526,5916736,34291,,515700,0,,0,1,,East,2006/2007,EPSOM AVENUE,MARAMA AVENUE,,Minor Crash,No,2007,,West,,0,,Hill Road,,,,,,Bright sun,444900,1,0,1,2,,,0,,,,,,Auckland Region,Nil,2-way,Sealed,,0,0,,50,,Off,0,0,,76,Auckland,Nil,,,,,0,0,Urban,0,,,Fine,Null
1569017,5175268,34292,,595200,0,0,0,2,0,South,2007/2008,WORSLEYS ROAD,CASHMERE ROAD,,Minor Crash,No,2007,0,North,0,0,0,Flat,0,,0,,0,Dark,2635700,1,0,0,2,0,0,0,0,1,,0,0,Canterbury Region,Nil,2-way,Sealed,0,0,0,0,50,0,On,0,0,,60,Christchurch City,Unknown,0,0,0,1,0,0,Urban,0,0,0,Fine,Null
1889416,5774633,34293,,538742,0,,0,2,,South,2005/2006,SH 30,SUNRISE AVENUE,,Non-Injury Crash,Yes,2006,,North,,0,,Flat,,,,,,Bright sun,1257000,0,0,0,2,,,0,,,,,,Bay of Plenty Region,Nil,2-way,Sealed,,0,0,,60,,Null,0,0,,24,Rotorua District,Nil,,,,,0,0,Urban,0,,,Fine,Null
1756058,5919766,34294,,514000,0,,0,0,,Null,2005/2006,PICTON ST,HEPBURN ST,,Non-Injury Crash,No,2006,,East,,0,,Flat,,,,,,Bright sun,414200,0,0,0,2,,,0,,,,,,Auckland Region,Nil,2-way,Sealed,,0,0,,50,,Off,1,0,,76,Auckland,Stop,,,,,0,0,Urban,1,,,Fine,Null
1740416,5916033,34295,,513020,0,,0,1,,East,2006/2007,WELSH HILLS ROAD,CHRISTIAN ROAD,,Serious Crash,No,2007,,West,,0,,Hill Road,,,,,,Overcast,279900,0,0,1,0,,,0,,,,,,Auckland Region,Nil,Off road,Sealed,,0,1,,100,,None,0,0,,76,Auckland,Nil,,,,,0,0,Open,0,,,Light rain,Null
1773467,5578397,34296,,556600,0,,0,1,,Null,2007/2008,SPRINGVALE ROAD,PARSONS ST,,Non-Injury Crash,No,2007,,South,,0,,Flat,,,,,,Bright sun,1721100,0,0,0,2,,,0,,,,,,Manawatū-Whanganui Region,Nil,2-way,Sealed,,0,0,,50,,Null,1,0,,37,Whanganui District,Give way,,,,,0,0,Urban,0,,,Fine,Null
1765182,5904851,34297,,522400,0,,0,1,,Null,2006/2007,CAMBRIDGE TERRACE,BRIDGE ST,,Non-Injury Crash,No,2006,,North,,0,,Hill Road,,,,,,Overcast,673302,0,0,0,2,,,0,,,,,,Auckland Region,Nil,2-way,Sealed,,0,0,,50,,Off,1,0,,76,Auckland,Give way,,,,,0,0,Urban,0,,,Heavy rain,Null
1500107,5138707,34298,,597812,0,,0,1,,Null,2005/2006,SH 1S WEST,WALNUT AVENUE,,Non-Injury Crash,Yes,2006,,South,,0,,Flat,,,,,,Bright sun,2735200,0,0,0,2,,,0,,,,,,Canterbury Region,Nil,2-way,Sealed,,0,0,,50,,Null,0,0,,63,Ashburton District,Give way,,,,,0,0,Urban,1,,,Fine,Null