X,Y,OBJECTID,advisorySpeed,areaUnitID,bicycle,bridge,bus,carStationWagon,cliffBank,crashDirectionDescription,crashFinancialYear,crashLocation1,crashLocation2,crashRoadSideRoad,crashSeverity,crashSHDescription,crashYear,debris,directionRoleDescription,ditch,fatalCount,fence,flatHill,guardRail,holiday,houseOrBuilding,intersection,kerb,light,meshblockId,minorInjuryCount,moped,motorcycle,NumberOfLanes,objectThrownOrDropped,otherObject,otherVehicleType,overBank,parkedVehicle,pedestrian,phoneBoxEtc,postOrPole,region,roadCharacter,roadLane,roadSurface,roadworks,schoolBus,seriousInjuryCount,slipOrFlood,speedLimit,strayAnimal,streetLight,suv,taxi,temporarySpeedLimit,tlaId,tlaName,trafficControl,trafficIsland,trafficSign,train,tree,truck,unknownVehicleType,urban,vanOrUtility,vehicle,waterRiver,weatherA,weatherB
1755979,5443908,34299,,571200,0,,0,2,,North,2006/2007,MUNGAVIN AVENUE,SIEVERS GROVE,,Non-Injury Crash,No,2006,,South,,0,,Hill Road,,,,,,Overcast,2049401,0,0,0,2,,,0,,,,,,Wellington Region,Nil,2-way,Sealed,,0,0,,50,,Null,0,0,,44,Porirua City,Nil,,,,,0,0,Urban,0,,,Fine,Null
1884508,5564560,34300,,549200,0,0,0,1,0,East,2006/2007,SH 2,SH 50,,Non-Injury Crash,Yes,2006,0,West,0,0,1,Flat,0,,0,,0,Overcast,1515600,0,0,0,2,0,0,0,0,0,,0,0,Hawke's Bay Region,Nil,2-way,Sealed,0,0,0,0,100,0,Null,0,0,,32,Central Hawke's Bay District,Nil,0,0,0,0,0,0,Open,0,0,0,Heavy rain,Null
1823025,5829625,34301,,534902,0,,0,1,,Null,2005/2006,LINCOLN ST,NORTH ST,,Non-Injury Crash,No,2006,,West,,0,,Flat,,,,,,Dark,1087600,0,0,0,2,,,0,,,,,,Waikato Region,Nil,2-way,Sealed,,0,0,,50,,On,0,0,,15,Matamata-Piako District,Nil,,,,,0,0,Urban,0,,,Heavy rain,Null
1931789.8833,5631375.4641,34302,,545611,0,0,0,1,0,South,2005/2006,HILL ROAD,SH 5,,Fatal Crash,No,2006,0,North,0,1,1,Hill Road,0,,0,,0,Dark,1413900,0,0,0,2,0,0,0,1,0,,0,0,Hawke's Bay Region,Nil,2-way,Sealed,0,0,0,0,100,0,None,0,0,,30,Hastings District,Nil,0,0,0,1,0,0,Open,0,0,0,Fine,Null
1816743,5526846,34303,,561812,0,,0,1,,Null,2006/2007,SH 56,WALKERS ROAD,,Non-Injury Crash,Yes,2006,,East,,0,,Flat,,,,,,Overcast,1796500,0,0,0,2,,,0,,,,,,Manawatū-Whanganui Region,Nil,2-way,Sealed,,0,0,,100,,Null,1,0,,40,Palmerston North City,Nil,,,,,0,0,Open,0,,,Fine,Null
1769237,5911494,34304,,523107,0,,0,2,,East,2007/2008,TI RAKAU DRIVE,HARRIS ROAD,,Non-Injury Crash,No,2007,,East,,0,,Flat,,,,,,Dark,711702,0,0,0,6,,,0,,,,,,Auckland Region,Nil,2-way,Sealed,,0,0,,60,,On,0,0,,76,Auckland,Nil,,,,,0,0,Urban,0,,,Fine,Null
1881724,5828156,34305,,536821,0,,0,1,,South,2006/2007,MAUNGANUI ROAD,TAY ST,,Non-Injury Crash,No,2006,,North,,0,,Flat,,,,,,Bright sun,1197000,0,0,1,4,,,0,,,,,,Bay of Plenty Region,Nil,2-way,Sealed,,0,0,,50,,Null,0,0,,23,Tauranga City,Unknown,,,,,0,0,Urban,0,,,Fine,Null
1776961,5448082,34306,,566620,0,0,0,0,0,East,2006/2007,SH 2,NORANA ROAD,,Non-Injury Crash,Yes,2006,0,East,0,0,1,Hill Road,0,,0,,0,Overcast,1912109,0,0,0,2,0,0,0,0,0,,0,0,Wellington Region,Nil,2-way,Sealed,0,0,0,0,80,0,Null,1,0,,45,Upper Hutt City,Nil,0,0,0,0,0,0,Open,0,0,0,Light rain,Null
1564453,5180289,34307,,587701,0,0,0,1,0,Null,2006/2007,BETWIN AVENUE,COLMAN AVE,,Non-Injury Crash,No,2006,0,North,0,0,0,Flat,0,,0,,0,Overcast,2477800,0,0,0,2,0,0,0,0,0,,0,0,Canterbury Region,Nil,2-way,Sealed,0,0,0,0,50,0,Null,0,0,,60,Christchurch City,Unknown,0,0,0,1,0,0,Urban,0,0,0,Fine,Null
1663821,5424225,34308,,580446,0,0,0,1,0,North,2005/2006,SH 6,PRICES ROAD,,Non-Injury Crash,Yes,2006,0,North,0,0,0,Flat,0,,0,,0,Bright sun,2286200,0,0,0,2,0,0,0,0,0,,0,1,Marlborough Region,Nil,2-way,Sealed,0,0,0,0,100,0,Null,0,0,,53,Marlborough District,Nil,0,0,0,0,0,0,Open,0,0,0,Fine,Null
1711741,6052241,34309,55,501802,0,0,0,0,1,West,2006/2007,PIPIWAI ROAD,FINLAYSON ROAD,,Non-Injury Crash,No,2006,0,West,0,0,0,Hill Road,0,Christmas New Year,0,,0,Dark,69201,0,0,0,2,0,0,0,0,0,,0,0,Northland Region,Nil,2-way,Sealed,0,0,0,0,100,0,None,0,0,,2,Whangarei District,Nil,0,0,0,0,0,0,Open,1,0,0,Light rain,Null
1765070,5902851,34310,,524604,0,,0,2,,Null,2005/2006,WIRI STATION ROAD,ROSCOMMON ROAD E,,Non-Injury Crash,No,2006,,West,,0,,Flat,,,,,,Bright sun,781302,0,0,0,4,,,0,,,,,,Auckland Region,Nil,2-way,Sealed,,0,0,,80,,Off,0,0,,76,Auckland,Stop,,,,,0,0,Open,0,,,Fine,Null
1569430,5182028,34311,,592200,0,0,0,1,0,West,2005/2006,RUGBY ST,PAPANUI ROAD,,Minor Crash,No,2006,0,East,0,0,0,Flat,0,Easter,0,,0,Dark,2674400,1,0,0,2,0,0,0,0,0,,0,0,Canterbury Region,Nil,2-way,Sealed,0,0,0,0,50,0,On,0,0,,60,Christchurch City,Unknown,0,0,0,1,0,0,Urban,0,0,0,Fine,Null
1589297,5457743,34312,,581833,0,,0,2,,West,2006/2007,SH 60,CANAAN ROAD,,Non-Injury Crash,Yes,2006,,South,,0,,Hill Road,,,,,,Bright sun,2367001,0,0,0,2,,,0,,,,,,Tasman Region,Nil,2-way,Sealed,,0,0,,100,,None,0,0,,51,Tasman District,Nil,,,,,0,0,Open,0,,,Fine,Null
1616503,5424283,34313,,584201,0,,0,2,,West,2005/2006,SH 6,LINK ROAD,,Non-Injury Crash,Yes,2006,,West,,0,,Flat,,Queens Birthday,,,,Bright sun,2363102,0,0,0,2,,,0,,,,,,Tasman Region,Nil,2-way,Sealed,,0,0,,100,,Null,1,0,,51,Tasman District,Nil,,,,,0,0,Open,0,,,Fine,Null
1737546,5981684,34314,,505300,0,,0,1,,North,2007/2008,CENTENNIAL PARK ROAD,FLAGSTAFFE ROAD,,Serious Crash,No,2007,,North,,0,,Flat,,,,,,Dark,143600,0,0,0,2,,,0,,,,,,Auckland Region,Nil,2-way,Sealed,,0,2,,50,,None,1,0,,76,Auckland,Nil,,,,,0,0,Urban,0,,,Fine,Null
1683375,6100838,34315,,500900,0,,0,2,,North,2006/2007,SH 10,WAIMATE NORTH ROAD,,Minor Crash,Yes,2007,,North,,0,,Flat,,,,,,Dark,49700,4,0,0,2,,,0,,,,,,Northland Region,Nil,2-way,Sealed,,0,0,,100,,None,0,0,,1,Far North District,Nil,,,,,0,0,Open,0,,,Fine,Null
1748661,5427377,34316,,573101,0,0,0,2,0,East,2006/2007,DIXON ST,VICTORIA ST,,Non-Injury Crash,No,2006,0,West,0,0,0,Flat,0,,0,,0,Dark,2131300,0,0,0,2,0,0,0,0,0,,0,0,Wellington Region,Nil,1-way,Sealed,0,0,0,0,50,0,On,0,1,,47,Wellington City,Nil,0,0,0,0,0,0,Urban,0,1,0,Fine,Null
1763884,5912598,34317,,520500,0,,0,2,,Null,2006/2007,MOUNT WELLINGTON HIGHWAY,MT WGTN OFF SBD S,,Non-Injury Crash,No,2006,,North,,0,,Flat,,Christmas New Year,,,,Dark,637400,0,0,0,6,,,0,,,,,,Auckland Region,Motorway ramp,2-way,Sealed,,0,0,,50,,On,0,0,,76,Auckland,Traffic Signals,,,,,0,0,Urban,0,,,Fine,Null
1706862,6069711,34318,,501620,0,0,0,0,0,North,2006/2007,SH 1N,RUSK ROAD,,Minor Crash,Yes,2006,0,North,1,0,0,Hill Road,0,,0,,0,Dark,46002,1,0,0,2,0,0,0,0,0,,0,0,Northland Region,Nil,2-way,Sealed,0,0,0,0,100,0,None,1,0,,1,Far North District,Nil,0,0,0,0,0,0,Open,0,0,0,Fine,Null
1932552,5618685,34319,,547002,0,0,0,0,0,West,2006/2007,RANFURLY ST,LYTTELTON CRESCENT,,Serious Crash,No,2006,0,East,0,0,0,Flat,0,,0,,0,Dark,1454700,0,0,1,2,0,0,0,0,1,,0,0,Hawke's Bay Region,Nil,2-way,Sealed,0,0,1,0,50,0,On,1,0,,31,Napier City,Nil,0,0,0,0,0,0,Urban,0,0,0,Fine,Null
1300296,5048744,34320,,608304,0,0,0,0,0,North,2005/2006,SH 6,MAUNGAWERA ROAD,,Non-Injury Crash,Yes,2006,0,South,0,0,0,Flat,0,,0,,0,Bright sun,3027700,0,0,0,2,0,0,0,0,0,,0,0,Otago Region,Nil,2-way,Sealed,0,0,0,0,100,0,Null,1,0,,70,Queenstown-Lakes District,Unknown,0,0,0,1,0,0,Open,0,0,0,Fine,Strong wind
1558543,5177943,34321,,587830,0,,0,1,,Null,2005/2006,SH 1S MAIN SOUTH,MARSHS ROAD,,Non-Injury Crash,Yes,2006,,East,,0,,Flat,,,,,,Dark,2498400,0,0,0,2,,,0,,,,,,Canterbury Region,Nil,2-way,Sealed,,0,0,,70,,On,0,0,,60,Christchurch City,Stop,,,,,0,0,Urban,1,,,Fine,Null
1867165,5713246,34322,,541720,0,,0,2,,Null,2007/2008,RUAPEHU ST,TUWHARETOA ST,,Minor Crash,No,2007,,South,,0,,Flat,,,,,,Bright sun,1273900,1,0,0,2,,,0,,,,,,Waikato Region,Nil,2-way,Sealed,,0,0,,50,,Off,0,0,,21,Taupo District,Stop,,,,,0,0,Urban,0,,,Fine,Null
1758389,5917626,34323,,516001,0,,0,2,,South,2006/2007,BROADWAY,EDGERLEY AVENUE,,Minor Crash,No,2007,,South,,0,,Flat,,,,,,Overcast,490800,1,0,0,4,,,0,,,,,,Auckland Region,Nil,2-way,Sealed,,0,0,,50,,Off,0,0,,76,Auckland,Nil,,,,,0,0,Urban,0,,,Fine,Null
1769622,5908540,34324,,523115,0,,0,1,,North,2006/2007,TE IRIRANGI DRIVE,ACCENT DRIVE,,Non-Injury Crash,No,2006,,South,,0,,Flat,,,,,,Bright sun,711909,0,0,0,3,,,0,,,,,,Auckland Region,Nil,2-way,Sealed,,0,0,,50,,Off,1,0,,76,Auckland,Traffic Signals,,,,,0,0,Urban,0,,,Fine,Null
1936525,5621986,34325,,546802,0,,0,2,,Null,2005/2006,SHAKESPEARE ROAD,CLYDE ROAD,,Non-Injury Crash,No,2006,,South,,0,,Hill Road,,,,,,Bright sun,1422600,0,0,0,2,,,0,,,,,,Hawke's Bay Region,Nil,2-way,Sealed,,0,0,,50,,Null,0,0,,31,Napier City,Give way,,,,,0,0,Urban,0,,,Fine,Null
1932284,5606838,34326,,545721,0,0,0,1,0,North,2005/2006,BENNETT ROAD,PANAPA ROAD,,Minor Crash,No,2006,0,North,0,0,1,Flat,0,,0,,0,Bright sun,1471700,2,0,0,2,0,0,0,0,0,,0,0,Hawke's Bay Region,Nil,2-way,Sealed,0,0,0,0,100,0,Null,0,0,,30,Hastings District,Nil,0,0,0,0,0,0,Open,0,0,0,Fine,Null
1755463,5911940,34327,,519002,0,0,0,2,0,Null,2005/2006,WHITMORE ROAD,MORRIE LAING AVENUE,,Non-Injury Crash,No,2006,0,East,0,0,0,Flat,0,,0,,0,Dark,591100,0,0,0,2,0,0,0,0,1,,0,0,Auckland Region,Nil,2-way,Sealed,0,0,0,0,50,0,On,0,0,,76,Auckland,Give way,0,0,0,0,0,0,Urban,0,0,0,Fine,Null
1756669,5443273,34328,,571100,0,0,0,1,0,South,2005/2006,BEDFORD ST,SUFFOLK PLACE,,Non-Injury Crash,No,2006,0,East,0,0,0,Flat,0,,0,,0,Overcast,2047100,0,0,0,2,0,0,0,0,1,,0,0,Wellington Region,Nil,2-way,Sealed,0,0,0,0,50,0,Null,0,0,,44,Porirua City,Nil,0,0,0,0,0,0,Urban,1,0,0,Fine,Null
1926232,5609961,34329,,545710,0,,0,2,,East,2005/2006,TWYFORD ROAD,EVANS ROAD,,Non-Injury Crash,No,2006,,North,,0,,Flat,,,,,,Bright sun,1470800,0,0,0,2,,,0,,,,,,Hawke's Bay Region,Nil,2-way,Sealed,,0,0,,100,,Null,0,0,,30,Hastings District,Nil,,,,,0,0,Open,0,,,Fine,Null
1579008,5173924,34330,,596102,0,0,0,1,1,West,2006/2007,SUMMIT ROAD,EVANS PASS ROAD,,Minor Crash,No,2007,0,East,0,0,0,Hill Road,0,,0,,0,Dark,2703300,1,0,0,2,0,0,0,0,0,,0,0,Canterbury Region,Nil,2-way,Sealed,0,0,0,0,100,0,None,0,0,,60,Christchurch City,Unknown,0,0,0,0,0,0,Open,0,0,0,Fine,Null
1760340,5923203,34331,,509400,0,,0,2,,North,2006/2007,LAKE ROAD,OWENS ROAD,,Minor Crash,No,2007,,South,,0,,Flat,,,,,,Dark,332000,2,0,0,2,,,0,,,,,,Auckland Region,Nil,2-way,Sealed,,0,0,,50,,On,0,0,,76,Auckland,Nil,,,,,0,0,Urban,0,,,Light rain,Null
1618211,5425247,34332,,581723,1,,0,0,,South,2006/2007,MAIN ROAD STOKE,LUCY MURCOTT PLACE,,Minor Crash,No,2007,,South,,0,,Flat,,,,,,Bright sun,2359605,1,0,0,2,,,0,,,,,,Nelson Region,Nil,2-way,Sealed,,0,0,,80,,Null,0,0,,52,Nelson City,Nil,,,,,0,0,Open,1,,,Fine,Null
1583992,5472183,34333,,581601,0,0,0,0,0,South,2005/2006,SH 60,HAMAMA ROAD,,Non-Injury Crash,Yes,2006,0,South,1,0,0,Flat,0,,0,,0,Bright sun,2347001,0,0,0,2,0,0,0,0,0,,0,1,Tasman Region,Nil,2-way,Sealed,0,0,0,0,100,0,Null,1,0,,51,Tasman District,Nil,0,0,0,0,0,0,Open,0,0,0,Fine,Null
1930935,5613540,34334,,545831,0,,0,3,,Null,2005/2006,SH 50,SH 50A,,Minor Crash,Yes,2006,,North,,0,,Flat,,,,,,Dark,1404600,2,0,0,4,,,0,,,,,,Hawke's Bay Region,Nil,2-way,Sealed,,0,0,,100,,On,0,0,,30,Hastings District,Give way,,,,,0,0,Open,0,,,Heavy rain,Null
1623650,6115705,34335,,500301,0,,0,2,,South,2005/2006,SH 1N,MILKY WAY,,Non-Injury Crash,Yes,2006,,South,,0,,Flat,,,,,,Overcast,12902,0,0,0,2,,,0,,,,,,Northland Region,Nil,2-way,Sealed,,0,0,,50,,Off,0,0,,1,Far North District,Nil,,,,,0,0,Urban,0,,,Fine,Null
1562951,5179392,34336,,587400,0,,0,0,,West,2005/2006,WATERLOO ROAD,GERALD CONNOLLY PLACE,,Non-Injury Crash,No,2006,,West,,0,,Flat,,,,,,Bright sun,2489200,0,0,0,2,,,0,,,,,,Canterbury Region,Nil,2-way,Sealed,,0,0,,50,,Null,0,0,,60,Christchurch City,Nil,,,,,1,0,Urban,1,,,Fine,Null
1695570,5677045,34337,,552100,0,,0,1,,West,2005/2006,DEVON ST EAST,NORMANBY ST,,Non-Injury Crash,No,2006,,West,,0,,Flat,,,,,,Overcast,1599800,0,0,0,2,,,0,,,,,,Taranaki Region,Nil,2-way,Sealed,,0,0,,50,,Null,0,0,,33,New Plymouth District,Nil,,,,,0,0,Urban,1,,,Heavy rain,Null
1792029,5908426,34338,35,525202,0,0,0,1,0,East,2007/2008,CLEVEDON-KAWAKAWA ROAD,TUREI ROAD,,Minor Crash,No,2007,0,East,0,0,0,Hill Road,0,,0,,0,Overcast,764901,2,0,0,2,0,0,0,0,0,,0,1,Auckland Region,Nil,2-way,Sealed,0,0,0,0,100,0,None,0,0,,76,Auckland,Nil,0,0,0,0,0,0,Open,0,0,0,Light rain,Null
1718966,6045348,34339,,503000,0,,0,2,,Null,2007/2008,MAUNU ROAD,POROWINI AVENUE,,Non-Injury Crash,No,2007,,West,,0,,Flat,,,,,,Bright sun,99000,0,0,0,2,,,0,,,,,,Northland Region,Nil,2-way,Sealed,,0,0,,50,,Off,0,0,,2,Whangarei District,Nil,,,,,0,0,Urban,0,,,Fine,Null
1765926,5442155,34340,,569600,0,,0,2,,South,2006/2007,SH 58,HUGH DUNCAN ST,,Minor Crash,Yes,2007,,North,,0,,Hill Road,,,,,,Dark,1916500,1,0,0,2,,,0,,,,,,Wellington Region,Nil,2-way,Sealed,,0,0,,80,,On,0,0,,46,Lower Hutt City,Nil,,,,,0,0,Open,0,,,Fine,Null
1756220,5918027,34341,,518101,0,0,0,2,0,South,2006/2007,DOMINION ROAD,HOROPITO ST,,Non-Injury Crash,No,2006,0,South,0,0,0,Flat,0,,0,,0,Overcast,544900,0,0,0,2,0,0,0,0,0,,0,0,Auckland Region,Nil,2-way,Sealed,0,0,0,0,50,0,Null,0,0,,76,Auckland,Nil,0,0,0,0,0,0,Urban,0,1,0,Fine,Null
1757323,5918920,34342,,514301,0,0,0,1,0,North,2006/2007,GRAFTON ROAD,CARLTON GORE ROAD,,Non-Injury Crash,No,2006,0,North,0,0,0,Hill Road,0,,0,,0,Dark,441300,0,0,0,2,0,0,0,0,0,,1,1,Auckland Region,Nil,2-way,Sealed,0,0,0,0,50,0,On,0,0,,76,Auckland,Unknown,0,0,0,0,0,0,Urban,0,0,0,Fine,Null
1530079,5311658,34343,45,584703,0,,0,1,,North,2007/2008,SH 7,PALMERS BEND,,Serious Crash,Yes,2007,,South,,0,,Hill Road,,,,,,Overcast,2398300,3,0,0,2,,,0,,,,,,West Coast Region,Nil,2-way,Sealed,,0,1,,100,,Null,0,0,,55,Buller District,Unknown,,,,,0,0,Open,1,,,Heavy rain,Null
1744620,5915948,34344,,510800,0,,1,1,,Null,2007/2008,HENDERSON VALLEY ROAD,CORBAN AVENUE,,Serious Crash,No,2007,,West,,0,,Flat,,,,,,Overcast,242600,1,0,0,2,,,0,,,,,,Auckland Region,Nil,2-way,Sealed,,0,1,,50,,Off,0,0,,76,Auckland,Give way,,,,,0,0,Urban,0,,,Heavy rain,Null
1932950,5618310,34345,,547100,0,0,0,1,0,Null,2006/2007,KENNEDY ROAD,TARADALE ROAD,,Non-Injury Crash,No,2006,0,West,0,0,0,Flat,0,,0,,1,Dark,1455012,0,0,0,2,0,0,0,0,0,,0,0,Hawke's Bay Region,Nil,2-way,Sealed,0,0,0,0,50,0,On,0,0,,31,Napier City,Give way,0,1,0,0,0,0,Urban,0,0,0,Fine,Null
1761670,5431005,34346,,565000,0,0,0,1,0,Null,2006/2007,KARAKA ST,NGAIO ST,,Non-Injury Crash,No,2007,0,East,0,0,1,Flat,0,,0,,0,Dark,2017300,0,0,0,2,0,0,0,0,0,,0,0,Wellington Region,Nil,2-way,Sealed,0,0,0,0,50,0,On,0,0,,46,Lower Hutt City,Stop,0,0,0,0,0,0,Urban,0,0,0,Light rain,Null
1753793,5443809,34347,,570800,0,0,0,1,0,West,2007/2008,OBAN ROAD,HALL ROAD,,Minor Crash,No,2007,0,North,0,0,0,Flat,0,,1,,0,Bright sun,2053104,1,0,0,1,0,0,0,0,0,,0,0,Wellington Region,Nil,1-way,Sealed,0,0,0,0,50,0,Null,0,0,,44,Porirua City,Nil,0,0,0,0,0,0,Urban,0,0,0,Fine,Null
1776906,5449000,34348,,566610,0,0,0,1,0,Null,2005/2006,GILLESPIES ROAD,EDMUND LOMAS GROVE,,Non-Injury Crash,No,2006,0,East,0,0,0,Hill Road,0,,0,,0,Dark,1912500,0,0,0,2,0,0,0,0,0,,1,0,Wellington Region,Nil,2-way,Sealed,0,0,0,0,50,0,On,0,0,,45,Upper Hutt City,Nil,0,0,0,0,0,0,Urban,0,0,0,Fine,Null
1765406,5916892,34349,,517001,0,0,0,2,0,North,2006/2007,Z CPK NZ POST,STRATTON LANE,,Non-Injury Crash,No,2006,0,West,0,0,0,Flat,0,,0,,0,Bright sun,476100,0,0,0,0,0,0,0,0,0,,0,0,Auckland Region,Nil,Off road,Sealed,0,0,0,0,20,0,Off,0,0,,76,Auckland,Nil,0,0,0,0,0,0,Urban,0,1,0,Null,Null
1760128,5915527,34350,,519400,0,,0,2,,South,2005/2006,GREAT SOUTH ROAD,PURIRI AVENUE,,Minor Crash,No,2006,,North,,0,,Flat,,,,,,Bright sun,617100,1,0,0,5,,,0,,,,,,Auckland Region,Nil,2-way,Sealed,,0,0,,50,,None,0,0,,76,Auckland,Nil,,,,,0,0,Urban,0,,,Fine,Null
1412655,4917190,34351,35,604810,0,,0,2,,West,2006/2007,PORTOBELLO ROAD,HOWARD ST,,Minor Crash,No,2007,,West,,0,,Flat,,,,,,Overcast,2940900,2,0,0,2,,,0,,,,,,Otago Region,Nil,2-way,Sealed,,0,0,,50,,Null,0,0,,71,Dunedin City,Unknown,,,,,0,0,Urban,0,,,Mist or Fog,Null
1517551,5185783,34352,,587100,0,0,0,1,0,East,2006/2007,SH 77,BRIDGE ST,,Fatal Crash,Yes,2007,0,West,0,1,1,Flat,0,,0,,0,Dark,2464000,0,0,0,2,0,0,0,0,0,,0,0,Canterbury Region,Nil,2-way,Sealed,0,0,0,0,100,0,None,0,0,,62,Selwyn District,Unknown,0,0,0,1,0,0,Open,0,0,0,Fine,Null
1749647,5429633,34353,,572900,0,,0,0,,South,2006/2007,AOTEA QUAY,AOTEA ON NBD,,Non-Injury Crash,No,2006,,North,,0,,Flat,,,,,,Overcast,2118400,0,0,0,4,,,0,,,,,,Wellington Region,Nil,2-way,Sealed,,0,0,,70,,Null,2,0,,47,Wellington City,Nil,,,,,0,0,Urban,0,,,Fine,Null
1754504,5919921,34354,,515301,0,,0,1,,Null,2007/2008,RICHMOND ROAD,PARAWAI CRESCENT,,Non-Injury Crash,No,2007,,South,,0,,Hill Road,,,,,,Overcast,426900,0,0,1,3,,,0,,,,,,Auckland Region,Nil,2-way,Sealed,,0,0,,50,,None,0,0,,76,Auckland,Give way,,,,,0,0,Urban,0,,,Heavy rain,Null
1578531,5226857,34355,,585803,0,0,0,1,0,North,2007/2008,SH 1S,INNES ROAD,,Minor Crash,Yes,2007,0,South,0,0,0,Hill Road,0,,0,,0,Twilight,2440600,1,0,0,2,0,0,0,1,0,,0,0,Canterbury Region,Nil,2-way,Sealed,0,0,0,0,100,0,None,0,0,,58,Hurunui District,Unknown,0,0,0,0,0,0,Open,0,0,0,Fine,Null
1691905,5674795,34356,,551700,0,0,0,1,0,Null,2005/2006,TUKAPA ST,SANDERS AVENUE,,Non-Injury Crash,No,2006,0,South,0,0,0,Flat,0,,0,,0,Overcast,1575200,0,0,0,2,0,0,0,0,0,,0,0,Taranaki Region,Nil,2-way,Sealed,0,0,0,0,50,0,Null,0,0,,33,New Plymouth District,Give way,0,1,0,0,0,0,Urban,1,0,0,Fine,Null
1822936,5462552,34357,,578600,0,,0,1,,Null,2005/2006,CRAYNE ST,QUEEN ST,,Non-Injury Crash,No,2006,,South,,0,,Flat,,,,,,Overcast,2243200,0,0,0,2,,,0,,,,,,Wellington Region,Nil,2-way,Sealed,,0,0,,50,,Off,0,0,,48,Masterton District,Give way,,,,,0,0,Urban,1,,,Light rain,Null
2037365,5708239,34358,,544600,0,,0,1,,Null,2007/2008,PEEL ST,GLADSTONE ROAD,,Minor Crash,No,2007,,West,,0,,Flat,,,,,,Overcast,1371100,1,0,1,2,,,0,,,,,,Gisborne Region,Nil,2-way,Sealed,,0,0,,50,,Null,0,0,,28,Gisborne District,Traffic Signals,,,,,0,0,Urban,0,,,Fine,Null
1578960,5217883,34359,,585803,0,,0,1,,North,2006/2007,OLD MAIN NORTH ROAD,MILL ROAD,,Serious Crash,No,2007,,South,,0,,Flat,,,,,,Overcast,2439305,0,0,0,2,,,0,,,1,,,Canterbury Region,Nil,2-way,Sealed,,0,1,,50,,Null,0,0,,58,Hurunui District,Give way,,,,,0,0,Urban,0,,,Light rain,Null
1766236,5440823,34360,,568102,0,,0,2,,Null,2006/2007,GEORGE ST,TIROITI GROVE,,Non-Injury Crash,No,2006,,South,,0,,Flat,,,,,,Bright sun,1931800,0,0,0,2,,,0,,,,,,Wellington Region,Nil,2-way,Sealed,,0,0,,50,,Null,0,0,,46,Lower Hutt City,Nil,,,,,0,0,Urban,0,,,Fine,Null
1800064,5816114,34361,,529700,0,,0,1,,Null,2007/2008,MILL ST,WILLOUGHBY ST,,Non-Injury Crash,No,2007,,North,,0,,Flat,,,,,,Dark,909500,0,0,1,4,,,0,,,,,,Waikato Region,Nil,2-way,Sealed,,0,0,,50,,On,0,0,,16,Hamilton City,Traffic Signals,,,,,0,0,Urban,0,,,Fine,Null
1832191,5536134,34362,,560301,0,0,0,0,0,West,2006/2007,ASHHURST ROAD,HARRISONS ROAD,,Minor Crash,No,2007,0,West,0,0,1,Flat,0,,0,,0,Overcast,1758401,1,0,0,3,0,0,0,0,0,,0,1,Manawatū-Whanganui Region,Nil,2-way,Sealed,0,0,0,0,100,0,Null,0,0,,40,Palmerston North City,Nil,0,0,0,0,1,0,Open,0,0,0,Fine,Null
1761539,5913728,34363,,519500,0,,0,0,,South,2006/2007,STATION ROAD,WALLS ROAD,,Non-Injury Crash,No,2006,,North,,0,,Flat,,,,,,Bright sun,621600,0,0,0,3,,,0,,,,,,Auckland Region,Nil,2-way,Sealed,,0,0,,50,,Off,0,0,,76,Auckland,Traffic Signals,,,,,1,0,Urban,1,,,Fine,Null
1758016,5883889,34364,,521152,0,0,0,1,1,West,2005/2006,GLENBROOK ROAD,SPEEDY ROAD,,Non-Injury Crash,No,2006,0,West,0,0,0,Flat,0,,0,,0,Dark,834503,0,0,0,2,0,0,0,0,0,,0,0,Auckland Region,Nil,2-way,Sealed,0,0,0,0,100,0,None,0,0,,76,Auckland,Nil,0,0,0,0,0,0,Open,0,0,0,Fine,Null
1244848,4850060,34365,,611100,0,,0,1,,Null,2007/2008,ISABELLA ST,TAY ST,,Minor Crash,Yes,2007,,South,,0,,Flat,,,,,,Bright sun,3138400,1,0,1,3,,,0,,,,,,Southland Region,Nil,2-way,Sealed,,0,0,,50,,Null,0,0,,75,Invercargill City,Give way,,,,,0,0,Urban,0,,,Fine,Null
1867278,5708855,34366,,541316,0,,0,1,,Null,2006/2007,LAKE TERRACE,WHAREWAKA ROAD,,Non-Injury Crash,No,2007,,North,,0,,Flat,,,,,,Overcast,1280003,0,0,0,2,,,0,,,,,,Waikato Region,Nil,2-way,Sealed,,0,0,,100,,Off,1,0,,21,Taupo District,Give way,,,,,0,0,Open,0,,,Fine,Null
1561806,5179124,34367,,587400,0,0,0,1,0,North,2006/2007,SH 1S CARMEN,MAIN SOUTH ROAD,,Non-Injury Crash,Yes,2006,0,North,0,0,0,Flat,1,,0,,0,Dark,2488700,0,0,0,2,0,0,0,0,1,,0,0,Canterbury Region,Nil,2-way,Sealed,0,0,0,0,50,0,On,0,0,,60,Christchurch City,Unknown,0,0,0,0,0,0,Urban,0,0,0,Fine,Null
1257930,5004177,34368,,609304,0,,0,1,,South,2007/2008,BEACH ST,SH 6A,,Minor Crash,No,2007,,West,,0,,Flat,,,,,,Twilight,3032702,1,0,1,2,,,0,,,,,,Otago Region,Nil,2-way,Sealed,,0,0,,50,,On,0,0,,70,Queenstown-Lakes District,Unknown,,,,,0,0,Urban,0,,,Fine,Null