X,Y,OBJECTID,advisorySpeed,areaUnitID,bicycle,bridge,bus,carStationWagon,cliffBank,crashDirectionDescription,crashFinancialYear,crashLocation1,crashLocation2,crashRoadSideRoad,crashSeverity,crashSHDescription,crashYear,debris,directionRoleDescription,ditch,fatalCount,fence,flatHill,guardRail,holiday,houseOrBuilding,intersection,kerb,light,meshblockId,minorInjuryCount,moped,motorcycle,NumberOfLanes,objectThrownOrDropped,otherObject,otherVehicleType,overBank,parkedVehicle,pedestrian,phoneBoxEtc,postOrPole,region,roadCharacter,roadLane,roadSurface,roadworks,schoolBus,seriousInjuryCount,slipOrFlood,speedLimit,strayAnimal,streetLight,suv,taxi,temporarySpeedLimit,tlaId,tlaName,trafficControl,trafficIsland,trafficSign,train,tree,truck,unknownVehicleType,urban,vanOrUtility,vehicle,waterRiver,weatherA,weatherB
1928509,5604648,34369,,547900,1,,0,1,,Null,2007/2008,SOUTHLAND ROAD,OLIPHANT ROAD,,Minor Crash,No,2007,,North,,0,,Flat,,,,,,Overcast,1482000,1,0,0,2,,,0,,,,,,Hawke's Bay Region,Nil,2-way,Sealed,,0,0,,50,,Null,0,0,,30,Hastings District,Give way,,,,,0,0,Urban,0,,,Fine,Null
1785023,5570044,34370,,558300,0,,0,1,,North,2006/2007,SH 3,WHANGAEHU HOTEL ROAD,,Non-Injury Crash,Yes,2006,,North,,0,,Hill Road,,,,,,Dark,1687601,0,0,0,3,,,0,,,,,,Manawatū-Whanganui Region,Nil,2-way,Sealed,,0,0,,100,,None,0,0,,37,Whanganui District,Nil,,,,,1,0,Open,0,,,Light rain,Null
1744461,5924174,34371,,513431,0,,0,2,,East,2006/2007,HOBSONVILLE ROAD,HOBSONVILLE OBR,,Non-Injury Crash,No,2006,,North,,0,,Hill Road,,,,,,Overcast,223903,0,0,0,2,,,0,,,,,,Auckland Region,Nil,2-way,Sealed,,0,0,,50,,Off,0,0,,76,Auckland,Nil,,,,,0,0,Urban,0,,,Fine,Null
1747594,5914618,34372,,511100,0,0,0,2,0,East,2006/2007,GREAT NORTH ROAD,GLENVIEW ROAD,,Minor Crash,No,2006,0,West,0,0,0,Hill Road,0,,0,,0,Overcast,285202,2,0,0,2,0,0,0,0,0,,0,0,Auckland Region,Nil,2-way,Sealed,0,0,0,0,60,0,Off,0,0,,76,Auckland,Nil,0,0,0,1,0,0,Urban,1,0,0,Light rain,Null
1772733,5444231,34373,,564520,0,0,0,1,0,South,2005/2006,ALEXANDER ROAD,WARD ST,,Non-Injury Crash,No,2006,0,South,0,0,1,Flat,0,,0,,0,Dark,1900000,0,0,0,2,0,0,0,0,0,,0,0,Wellington Region,Nil,2-way,Sealed,0,0,0,0,80,0,None,0,0,,45,Upper Hutt City,Nil,0,0,0,0,0,0,Open,0,0,0,Light rain,Null
1457789,5083346,34374,,599100,0,,0,1,,West,2006/2007,WAI-ITI ROAD,BROADWAY AVENUE,,Minor Crash,No,2007,,West,,0,,Flat,,,,,,Bright sun,2785902,1,0,0,2,,,0,,,,,,Canterbury Region,Nil,2-way,Sealed,,0,0,,50,,Null,1,0,,64,Timaru District,Unknown,,,,,0,0,Urban,0,,,Fine,Null
1765556,5918681,34375,,516900,0,0,0,1,0,South,2006/2007,ASHBY AVENUE,ST HELIERS BAY ROAD,,Serious Crash,No,2006,0,North,0,0,1,Hill Road,0,,1,,1,Twilight,465400,0,0,0,2,0,0,0,0,0,1,0,0,Auckland Region,Nil,2-way,Sealed,0,0,1,0,50,0,Off,0,0,,76,Auckland,Unknown,0,0,0,0,0,0,Urban,0,0,0,Fine,Null
1743534,5919030,34376,,513213,0,,0,2,,Null,2006/2007,METCALFE ROAD,RISERRA DRIVE,,Non-Injury Crash,No,2007,,South,,0,,Flat,,,,,,Dark,236004,0,0,0,2,,,0,,,,,,Auckland Region,Nil,2-way,Sealed,,0,0,,50,,On,0,0,,76,Auckland,Give way,,,,,0,0,Urban,0,,,Light rain,Null
1814287,5810931,34377,,527131,0,0,0,1,0,North,2007/2008,SH 1B MARYCHURCH,SH 1B CHURCH,,Minor Crash,Yes,2007,0,South,0,0,0,Flat,0,,0,,0,Overcast,957200,1,0,0,2,0,0,0,0,0,,0,1,Waikato Region,Nil,2-way,Sealed,0,0,0,0,100,0,None,0,0,,13,Waikato District,Nil,0,0,0,0,0,0,Open,0,0,0,Light rain,Null
1756713,5913070,34378,,518702,0,,0,2,,Null,2006/2007,CARR ROAD,HILLSBOROUGH ROAD,,Non-Injury Crash,No,2006,,West,,0,,Flat,,,,,,Bright sun,568000,0,0,0,2,,,0,,,,,,Auckland Region,Nil,2-way,Sealed,,0,0,,50,,Off,0,0,,76,Auckland,Traffic Signals,,,,,0,0,Urban,0,,,Fine,Null
1721751,6045974,34379,,503700,0,,0,2,,North,2006/2007,OLD PARUA BAY ROAD,KOHE ST,,Non-Injury Crash,No,2006,,South,,0,,Hill Road,,,,,,Dark,72702,0,0,0,2,,,0,,,,,,Northland Region,Nil,2-way,Sealed,,0,0,,80,,None,0,0,,2,Whangarei District,Unknown,,,,,0,0,Open,0,,,Fine,Null
1576882,5211660,34380,,585805,0,0,0,1,0,South,2006/2007,SH 1S,BANKS ROAD,,Serious Crash,Yes,2006,0,South,0,0,0,Flat,0,,0,,0,Dark,2439802,0,0,0,2,0,0,0,0,0,,0,0,Canterbury Region,Nil,2-way,Sealed,0,0,1,0,100,0,None,0,0,,59,Waimakariri District,Unknown,0,0,0,1,0,0,Open,0,0,0,Fine,Null
1607906,5428499,34381,,581836,0,0,0,1,0,West,2006/2007,SH 60,RESEARCH ORCHARD ROAD,,Non-Injury Crash,Yes,2006,0,West,0,0,0,Flat,0,,0,,0,Dark,2351000,0,0,0,2,0,0,0,1,0,,0,0,Tasman Region,Nil,2-way,Unsealed,0,0,0,0,100,0,None,0,0,30,51,Tasman District,Nil,0,0,0,0,0,0,Open,0,0,0,Fine,Null
1880495,5825979,34382,,536821,0,,0,1,,Null,2007/2008,SH 2,TAURANGA BRIDGE MARINA,,Minor Crash,Yes,2007,,North,,0,,Flat,,,,,,Bright sun,1204300,2,0,1,3,,,0,,,,,,,Nil,2-way,Sealed,,0,0,,70,,Null,0,0,,23,Tauranga City,Unknown,,,,,0,0,Urban,0,,,Fine,Null
1806057,5433973,34383,,580100,0,,0,1,,Null,2005/2006,JELLICOE ST,NAPLES ST,,Minor Crash,No,2006,,South,,0,,Flat,,,,,,Bright sun,2274100,1,0,0,2,,,0,,,,,,Wellington Region,Nil,2-way,Sealed,,0,0,,50,,Null,0,0,,50,South Wairarapa District,Give way,,,,,1,0,Urban,0,,,Fine,Null
1828254,5464358,34384,,578301,0,,0,1,,Null,2006/2007,TE ORE ORE-BIDEFORD ROAD,BLACK ROCK ROAD,,Minor Crash,No,2007,,South,,0,,Flat,,,,,,Bright sun,2254000,3,0,0,2,,,0,,,,,,Wellington Region,Nil,2-way,Sealed,,0,0,,100,,Null,0,0,,48,Masterton District,Nil,,,,,1,0,Open,0,,,Fine,Null
1833128,5495809,34385,,578200,0,,0,1,,South,2007/2008,ALFREDTON ROAD,MANGAONE VALLEY ROAD,,Minor Crash,No,2007,,South,,0,,Hill Road,,,,,,Overcast,2226300,2,0,0,2,,,0,,,,,,Manawatū-Whanganui Region,Nil,2-way,Sealed,,0,0,,100,,Null,0,0,,41,Tararua District,Nil,,,,,0,0,Open,0,,,Light rain,Null
1749711,5430443,34386,,572900,0,0,0,1,0,North,2006/2007,SH 1N,AOTEA OFF SBD,,Non-Injury Crash,Yes,2006,0,South,0,0,0,Flat,1,,0,,0,Bright sun,2118400,0,0,0,3,0,0,0,0,0,,0,0,Wellington Region,Nil,2-way,Sealed,0,0,0,0,100,0,Null,0,0,,47,Wellington City,Nil,0,0,0,0,0,0,Open,0,0,0,Fine,Null
1895943,5791654,34387,,538820,0,0,0,1,0,North,2006/2007,SH 33,MANIATUTU ROAD,,Non-Injury Crash,Yes,2006,0,North,0,0,0,Hill Road,0,,0,,0,Dark,1250900,0,0,0,2,0,0,0,0,0,,0,0,Bay of Plenty Region,Nil,2-way,Sealed,0,0,0,0,100,0,None,0,0,,24,Rotorua District,Unknown,0,0,0,0,0,0,Open,0,0,0,Fine,Null
1568792,5201073,34388,,586129,0,0,0,1,1,North,2005/2006,SH 71,FERNSIDE ROAD,,Minor Crash,Yes,2006,0,North,0,0,0,Flat,0,,0,,0,Dark,2449600,1,0,0,2,0,0,0,0,0,,0,0,Canterbury Region,Nil,2-way,Sealed,0,0,0,0,100,0,None,0,0,,59,Waimakariri District,Unknown,0,0,0,0,0,0,Open,0,0,0,Fine,Null
1751447,5424535,34389,,577000,0,,0,2,,Null,2006/2007,SH 1N CALABAR,COBHAM DRIVE,,Non-Injury Crash,No,2006,,South,,0,,Flat,,,,,,Bright sun,2175700,0,0,0,3,,,0,,,,,,Wellington Region,Nil,2-way,Sealed,,0,0,,50,,Null,0,0,,47,Wellington City,Give way,,,,,0,0,Urban,0,,,Fine,Null
1936525,5621986,34390,,546802,0,0,0,1,0,Null,2007/2008,SHAKESPEARE ROAD,CLYDE ROAD,,Minor Crash,No,2007,0,South,0,0,1,Hill Road,0,,0,,0,Overcast,1422600,1,0,0,2,0,0,0,0,0,,0,0,Hawke's Bay Region,Nil,2-way,Sealed,0,0,0,0,50,0,Null,0,0,,31,Napier City,Give way,0,0,0,0,0,0,Urban,0,0,0,Fine,Null
1574961,5184445,34391,,590501,0,,0,1,,East,2005/2006,SH 74,PARNWELL ST,,Non-Injury Crash,Yes,2006,,West,,0,,Flat,,,,,,Bright sun,2505206,0,0,0,2,,,0,,,,,,Canterbury Region,Nil,2-way,Sealed,,0,0,,50,,Null,0,0,,60,Christchurch City,Nil,,,,,0,0,Urban,1,,,Fine,Null
1396608,4917640,34392,,602412,0,0,0,1,0,North,2006/2007,FACTORY ROAD,PUDDLE ALLEY,,Minor Crash,No,2007,0,South,0,0,0,Flat,1,,0,,0,Dark,2977900,1,0,0,2,0,0,0,0,0,,0,0,Otago Region,Nil,2-way,Sealed,0,0,0,0,80,0,None,0,0,,71,Dunedin City,Unknown,0,0,0,0,0,0,Open,0,0,0,Light rain,Strong wind
1886208,5772472,34393,,540600,0,,0,1,,East,2005/2006,SH 30,SH 30A,,Non-Injury Crash,Yes,2006,,West,,0,,Flat,,,,,,Overcast,1243500,0,0,0,2,,,0,,,,,,Bay of Plenty Region,Nil,2-way,Sealed,,0,0,,70,,Off,1,0,,24,Rotorua District,Give way,,,,,0,0,Urban,0,,,Light rain,Null
1820939,5530887,34394,,562401,0,0,0,1,0,North,2005/2006,SH 3,TREMAINE AVENUE,,Non-Injury Crash,Yes,2006,0,North,0,0,1,Flat,0,,0,,0,Dark,1833900,0,0,0,4,0,0,0,0,0,,0,0,Manawatū-Whanganui Region,Bridge,2-way,Sealed,0,0,0,0,50,0,On,0,0,,40,Palmerston North City,Nil,0,0,0,1,0,0,Urban,0,0,0,Light rain,Null
1757025,5443866,34395,,571300,0,0,0,1,0,West,2005/2006,DRIVER CRESCENT,DURVILLE ST,,Non-Injury Crash,No,2006,0,East,0,0,1,Hill Road,0,,0,,1,Twilight,2064200,0,0,0,1,0,0,0,0,0,,0,0,Wellington Region,Nil,2-way,Sealed,0,0,0,0,50,0,Off,0,0,,44,Porirua City,Nil,1,0,0,0,0,0,Urban,0,0,0,Fine,Null
1755246,5878267,34396,,521152,0,,0,2,,North,2006/2007,GLENBROOK-WAIUKU ROAD,PUKEOWARE ROAD,,Minor Crash,No,2006,,North,,0,,Hill Road,,,,,,Bright sun,834100,1,0,0,2,,,0,,,,,,Auckland Region,Nil,2-way,Sealed,,0,0,,100,,Null,0,0,,76,Auckland,Unknown,,,,,0,0,Open,0,,,Mist or Fog,Null
1752735,5437663,34397,,573511,0,0,0,1,0,East,2006/2007,MIDDLETON ROAD,WESTCHESTER DRIVE EAST,,Non-Injury Crash,No,2006,0,South,0,0,0,Flat,1,,0,,0,Dark,2086203,0,0,0,2,0,0,0,0,0,,0,0,Wellington Region,Nil,2-way,Sealed,0,0,0,0,80,0,None,0,0,,47,Wellington City,Nil,0,0,0,0,0,0,Open,0,0,0,Light rain,Null
1678569,5404109,34398,,581210,0,,0,1,,Null,2006/2007,BOYCE ST,LAKINGS ROAD,,Minor Crash,No,2007,,East,,0,,Hill Road,,,,,,Overcast,2297000,1,1,0,2,,,0,,,,,,Marlborough Region,Nil,2-way,Sealed,,0,0,,50,,Null,0,0,,53,Marlborough District,Nil,,,,,0,0,Urban,0,,,Fine,Null
1571848,5181838,34399,,593200,0,,0,3,,North,2006/2007,HILLS ROAD,GRESFORD ST,,Non-Injury Crash,No,2006,,North,,0,,Flat,,,,,,Bright sun,2697100,0,0,0,2,,,0,,,,,,Canterbury Region,Nil,2-way,Sealed,,0,0,,50,,Null,0,0,,60,Christchurch City,Unknown,,,,,0,0,Urban,0,,,Fine,Null
1436068,5008619,34400,,600826,0,0,0,1,0,North,2007/2008,AIREDALE ROAD,PARSONS ROAD,,Serious Crash,No,2007,0,South,0,0,1,Hill Road,0,,0,,0,Overcast,2828801,0,0,0,2,0,1,0,0,0,,0,0,Otago Region,Nil,2-way,Sealed,0,0,1,0,100,0,Null,0,0,,68,Waitaki District,Unknown,0,0,0,1,0,0,Open,0,0,0,Fine,Null
1761863,5438532,34401,,569500,0,0,0,1,1,Null,2005/2006,MAJOR DRIVE,SUNSHINE CRESCENT,,Non-Injury Crash,No,2006,0,North,0,0,0,Hill Road,0,,0,,0,Twilight,1917603,0,0,0,2,0,0,0,0,0,,0,1,Wellington Region,Nil,2-way,Sealed,0,0,0,0,50,0,Off,0,0,,46,Lower Hutt City,Nil,0,0,0,0,0,0,Urban,0,0,0,Fine,Null
1754451,5444781,34402,,570800,0,0,0,2,0,Null,2006/2007,Z CPK COUNTDOWN,NORRIE ST,,Non-Injury Crash,No,2006,0,West,0,0,0,Flat,0,,0,,0,Overcast,2052500,0,0,0,0,0,0,0,0,1,,0,0,Wellington Region,Nil,Off road,Sealed,0,0,0,0,50,0,Null,0,0,,44,Porirua City,Unknown,0,0,0,0,0,0,Urban,0,0,0,Fine,Null
1755661,5935917,34403,,507000,0,0,0,1,0,Null,2005/2006,FIRTH ROAD,DEEP CREEK ROAD,,Non-Injury Crash,No,2006,0,West,0,0,0,Flat,0,,1,,0,Dark,163600,0,0,0,2,0,0,0,0,0,,0,0,Auckland Region,Nil,2-way,Sealed,0,0,0,0,50,0,On,0,0,,76,Auckland,Give way,0,0,0,0,0,0,Urban,0,0,0,Light rain,Null
1756396,5916034,34404,,518201,0,0,0,1,0,Null,2006/2007,BALMORAL ROAD,HENLEY ROAD,,Non-Injury Crash,No,2006,0,West,0,0,0,Hill Road,0,,0,,0,Dark,553400,0,0,0,4,0,0,0,0,0,,0,1,Auckland Region,Nil,2-way,Sealed,0,0,0,0,50,0,On,0,0,,76,Auckland,Traffic Signals,0,0,0,0,0,0,Urban,0,0,0,Fine,Null
1407013,4913377,34405,,605600,0,0,0,2,0,South,2006/2007,Z CPK DN RUGBY CLUB,VICTORIA ROAD,,Non-Injury Crash,No,2006,0,South,0,0,0,Flat,0,,0,,0,Overcast,2952600,0,0,0,0,0,0,0,0,1,,0,0,Otago Region,Nil,Off road,Unsealed,0,0,0,0,20,0,Null,0,0,,71,Dunedin City,Nil,0,0,0,0,0,0,Urban,0,0,0,Fine,Null
1565195,5180350,34406,,590100,1,,0,1,,Null,2006/2007,PEER ST,BOWEN ST,,Minor Crash,No,2007,,South,,0,,Flat,,,,,,Dark,2542100,1,0,0,2,,,0,,,,,,Canterbury Region,Nil,2-way,Sealed,,0,0,,50,,On,0,1,,60,Christchurch City,Nil,,,,,0,0,Urban,0,,,Fine,Null
1717081,6052953,34407,,502001,0,0,0,0,0,North,2006/2007,SH 1N,SNAKE HILL ROAD,,Non-Injury Crash,Yes,2006,0,South,0,0,1,Hill Road,0,Christmas New Year,0,,0,Overcast,63703,0,0,0,2,0,0,0,0,0,,0,0,Northland Region,Nil,2-way,Sealed,0,0,0,0,100,0,None,1,0,,2,Whangarei District,Nil,0,1,0,0,0,0,Open,0,0,0,Light rain,Null
1775014,5909367,34408,,523202,0,,0,1,,East,2006/2007,WHITFORD-MARAETAI ROAD,WHITFORD PARK ROAD,,Non-Injury Crash,No,2006,,West,,0,,Hill Road,,,,,,Overcast,716601,0,0,0,2,,,0,,,,,,Auckland Region,Nil,2-way,Sealed,,0,0,,70,,Null,0,0,,76,Auckland,Give way,,,,,1,0,Urban,0,,,Fine,Null
1765344,5916720,34409,,517001,0,,0,2,,Null,2005/2006,APIRANA AVENUE,MERTON ROAD,,Non-Injury Crash,No,2006,,North,,0,,Flat,,,,,,Bright sun,463902,0,0,0,2,,,0,,,,,,Auckland Region,Nil,2-way,Sealed,,0,0,,50,,Off,0,0,,76,Auckland,Give way,,,,,0,0,Urban,0,,,Fine,Null
1754434,5918358,34410,,515431,0,,0,2,,West,2005/2006,SH 16,NEWTON OFF EBD,,Non-Injury Crash,Yes,2006,,East,,0,,Flat,,,,,,Overcast,406700,0,0,0,4,,,0,,,,,,Auckland Region,Nil,1-way,Sealed,,0,0,,80,,None,0,0,,76,Auckland,Nil,,,,,0,0,Open,0,,,Fine,Null
1298915,5042697,34411,,608304,0,0,0,1,1,North,2006/2007,SH 6,BALLANTYNE ROAD,,Minor Crash,Yes,2006,0,North,0,0,0,Flat,0,,0,,0,Twilight,3030918,1,0,0,2,0,0,0,0,0,,0,0,Otago Region,Nil,2-way,Sealed,0,0,0,0,100,0,None,0,0,,70,Queenstown-Lakes District,Unknown,0,0,0,0,0,0,Open,0,0,0,Fine,Null
1545960,5207038,34412,,586115,0,,0,1,,West,2006/2007,ASHLEY ROAD,TIPPINGS ROAD,,Serious Crash,No,2006,,North,,0,,Flat,,,,,,Overcast,2450400,1,0,0,1,,,0,,,,,,Canterbury Region,Nil,2-way,Unsealed,,0,2,,100,,Null,1,0,,59,Waimakariri District,Unknown,,,,,0,0,Open,0,,,Light rain,Null
1470218,5119917,34413,,598312,0,,0,1,,South,2006/2007,SH 1S,RANGITATA RIV BR S/S END,,Minor Crash,Yes,2006,,North,,0,,Flat,,,,,,Bright sun,2761900,1,0,0,2,,,0,,,,,,Canterbury Region,Nil,2-way,Sealed,,0,0,,100,,Null,0,0,,64,Timaru District,Unknown,,,,,1,0,Open,0,,,Fine,Strong wind
1767002,5586593,34414,,555400,0,,0,0,,Null,2006/2007,SH 3,SYMES ROAD,,Serious Crash,Yes,2006,,West,,0,,Hill Road,,,,,,Overcast,1680503,0,0,1,2,,,0,,,,,,Manawatū-Whanganui Region,Nil,2-way,Sealed,,0,1,,100,,Null,0,0,,37,Whanganui District,Stop,,,,,0,0,Open,1,,,Fine,Null
1759800,5436951,34415,,569301,0,,0,3,,Null,2006/2007,SH 2,HARBOUR VIEW ROAD,,Non-Injury Crash,Yes,2006,,East,,0,,Flat,,,,,,Bright sun,1919900,0,0,0,4,,,0,,,,,,Wellington Region,Nil,2-way,Sealed,,0,0,,100,,Null,0,0,,46,Lower Hutt City,Traffic Signals,,,,,0,0,Open,0,,,Fine,Null
1772661,5893653,34416,,521301,0,,0,2,,South,2006/2007,GREAT SOUTH ROAD,PARK ESTATE ROAD,,Minor Crash,No,2007,,North,,0,,Flat,,,,,,Overcast,808608,1,0,0,2,,,0,,,,,,Auckland Region,Nil,1-way,Sealed,,0,0,,100,,Off,1,0,,76,Auckland,Nil,,,,,1,0,Open,0,,,Fine,Null
1757833,5920093,34417,,514103,0,0,0,3,0,South,2005/2006,SYMONDS ST,GRAFTON ROAD,,Minor Crash,No,2006,0,South,0,0,0,Flat,0,,0,,0,Bright sun,437500,1,0,0,4,0,0,0,0,1,,0,0,Auckland Region,Nil,2-way,Sealed,0,0,0,0,50,0,Null,0,0,,76,Auckland,Traffic Signals,0,0,0,0,0,0,Urban,0,0,0,Fine,Null
1885048,5774708,34418,,540300,0,,0,1,,North,2005/2006,TUTANEKAI ST,LAKE ROAD,,Non-Injury Crash,No,2006,,South,,0,,Flat,,,,,,Overcast,1231700,0,0,0,2,,,0,,,,,,Bay of Plenty Region,Nil,2-way,Sealed,,0,0,,30,,Null,1,0,,24,Rotorua District,Unknown,,,,,0,0,Urban,0,,,Fine,Null
1773966,5445313,34419,,567100,0,,0,1,,South,2005/2006,RUSSELL ST,THOMPSON LANE,,Non-Injury Crash,No,2006,,North,,0,,Flat,,,,,,Overcast,1906400,0,0,0,1,,,0,,,,,,Wellington Region,Nil,1-way,Sealed,,0,0,,50,,Null,1,0,,45,Upper Hutt City,Nil,,,,,0,0,Urban,0,,,Light rain,Null
1801870,5814478,34420,,530200,0,0,0,1,0,South,2005/2006,Z CPK MITRE 10,COOK ST,,Non-Injury Crash,No,2006,0,East,0,0,0,Flat,0,,0,,0,Overcast,891700,0,0,0,0,0,0,0,0,1,,0,0,Waikato Region,Nil,Off road,Sealed,0,0,0,0,30,0,Null,0,0,,16,Hamilton City,Unknown,0,0,0,0,0,0,Urban,1,0,0,Fine,Null
1766075,5906258,34421,30,522202,0,,0,2,,Null,2005/2006,GREAT SOUTH ROAD,CENTRAL AVENUE,,Non-Injury Crash,No,2006,,North,,0,,Flat,,,,,,Bright sun,665200,0,0,0,2,,,0,,,,,,Auckland Region,Nil,2-way,Sealed,,0,0,,50,,Off,1,0,,76,Auckland,Traffic Signals,,,,,0,0,Urban,0,,,Fine,Null
1754393,5916764,34422,,517701,0,0,0,1,0,East,2005/2006,Z CPK ST LUKES SC,MORNINGSIDE DRIVE,,Non-Injury Crash,No,2006,0,North,0,0,0,Flat,0,,0,,0,Bright sun,536100,0,0,0,0,0,0,0,0,1,,0,0,Auckland Region,Nil,Off road,Sealed,0,0,0,0,30,0,Off,0,0,,76,Auckland,Nil,0,0,0,0,0,0,Urban,1,0,0,Null,Null
1770227,5901200,34423,,523816,0,,0,1,,South,2006/2007,MAGIC WAY,SKELTON AVENUE,,Serious Crash,No,2006,,North,,0,,Flat,,,,,,Dark,759744,0,0,0,2,,,0,,,1,,,Auckland Region,Nil,2-way,Sealed,,0,1,,50,,On,0,0,,76,Auckland,Nil,,,,,0,0,Urban,0,,,Fine,Null
1798851,5814391,34424,,529000,0,,0,2,,South,2006/2007,HIGGINS ROAD,KILLARNEY ROAD,,Minor Crash,No,2007,,North,,0,,Flat,,,,,,Bright sun,918500,1,0,0,2,,,0,,,,,,Waikato Region,Nil,2-way,Sealed,,0,0,,50,,Null,0,0,,16,Hamilton City,Unknown,,,,,0,0,Urban,0,,,Fine,Null
1765301,5904997,34425,,522400,0,0,0,3,0,North,2005/2006,WALLACE ROAD,FITZROY ST,,Non-Injury Crash,No,2006,0,South,0,0,0,Flat,0,,0,,0,Bright sun,673100,0,0,0,2,0,0,0,0,1,,0,0,Auckland Region,Nil,2-way,Sealed,0,0,0,0,50,0,Off,0,0,,76,Auckland,Nil,0,0,0,0,0,0,Urban,0,0,0,Fine,Null
1772981,5913518,34426,,523201,0,0,0,1,0,Null,2005/2006,MEADOWLAND DRIVE,MEADOWLANDS DRIVE,,Non-Injury Crash,No,2006,0,East,0,0,0,Flat,0,,0,,0,Overcast,717705,0,0,0,2,0,0,0,0,0,,0,0,Auckland Region,Nil,2-way,Sealed,0,0,0,0,50,0,Off,0,0,,76,Auckland,Give way,0,1,0,0,0,0,Urban,0,0,0,Light rain,Null
1765752,5920154,34427,,516700,0,0,0,0,0,South,2006/2007,LOMBARD ST,TAMAKI DRIVE,,Non-Injury Crash,No,2007,0,North,0,0,0,Flat,0,,0,,0,Overcast,509400,0,0,0,2,0,0,0,0,1,,0,0,Auckland Region,Nil,2-way,Sealed,0,0,0,0,50,0,Null,2,0,,76,Auckland,Give way,0,0,0,0,0,0,Urban,0,0,0,Light rain,Null
1789260,5754993,34428,,532000,0,,0,2,,North,2005/2006,TAUPIRI ST,KING ST,,Non-Injury Crash,No,2006,,North,,0,,Flat,,,,,,Bright sun,1006600,0,0,0,2,,,0,,,,,,Waikato Region,Nil,2-way,Sealed,,0,0,,50,,Null,0,0,,20,Waitomo District,Unknown,,,,,0,0,Urban,0,,,Fine,Null
1867325,5713428,34429,,541720,0,,0,1,,East,2006/2007,HOROMATANGI ST,RUAPEHU ST,,Non-Injury Crash,No,2006,,East,,0,,Flat,,,,,,Overcast,1273800,0,0,0,2,,,0,,,,,,Waikato Region,Nil,2-way,Sealed,,0,0,,50,,Null,1,0,,21,Taupo District,Unknown,,,,,0,0,Urban,0,,,Fine,Null
1755544,5917916,34430,,517500,0,,0,2,,Null,2005/2006,NEW NORTH ROAD,CENTRAL ROAD,,Non-Injury Crash,No,2006,,East,,0,,Flat,,,,,,Overcast,529800,0,0,0,1,,,0,,,,,,Auckland Region,Nil,2-way,Sealed,,0,0,,50,,Off,0,0,,76,Auckland,Stop,,,,,0,0,Urban,0,,,Fine,Null
1577185,5182229,34431,,593800,0,,0,0,,South,2005/2006,BEXLEY ROAD,PAGES ROAD,,Minor Crash,No,2006,,South,,0,,Flat,,,,,,Twilight,2572103,2,0,0,1,,,0,,,,,,Canterbury Region,Nil,2-way,Sealed,,0,0,,70,,Off,2,0,,60,Christchurch City,Unknown,,,,,0,0,Urban,0,,,Fine,Null
1753289,5933051,34432,,508807,0,,0,2,,Null,2006/2007,GREVILLE OFF NBD,ALBANY EXPRESSWAY,,Non-Injury Crash,Yes,2006,,North,,0,,Flat,,,,,,Bright sun,180811,0,0,0,2,,,0,,,,,,Auckland Region,Nil,1-way,Sealed,,0,0,,50,,Off,0,0,,76,Auckland,Give way,,,,,0,0,Urban,0,,,Fine,Null
1748653,5427727,34433,,573000,0,,0,1,,Null,2006/2007,WILLIS ST,MERCER ST,,Minor Crash,No,2006,,North,,0,,Flat,,,,,,Overcast,2127400,1,0,0,2,,,0,,,1,,,Wellington Region,Nil,1-way,Sealed,,0,0,,30,,Null,0,0,,47,Wellington City,Traffic Signals,,,,,0,0,Urban,0,,,Fine,Null
1756299,5912927,34434,,518701,0,0,0,2,0,East,2005/2006,MELROSE ROAD,OLSEN AVENUE,,Non-Injury Crash,No,2006,0,West,0,0,0,Flat,0,,0,,0,Dark,572002,0,0,0,2,0,0,0,0,1,,0,0,Auckland Region,Nil,2-way,Sealed,0,0,0,0,70,0,On,0,0,,76,Auckland,Nil,0,0,0,0,0,0,Urban,0,0,0,Light rain,Null
1750485,5913751,34435,,511303,0,,1,1,,Null,2006/2007,CLARK ST,PORTAGE ROAD,,Non-Injury Crash,No,2006,,East,,0,,Flat,,,,,,Overcast,265100,0,0,0,2,,,0,,,,,,Auckland Region,Nil,1-way,Sealed,,0,0,,50,,Off,0,0,,76,Auckland,Give way,,,,,0,0,Urban,0,,,Fine,Null
1874249,5819172,34436,,537601,0,,0,3,,West,2006/2007,SH 29,HASTINGS ROAD,,Non-Injury Crash,Yes,2007,,East,,0,,Hill Road,,,,,,Bright sun,1175202,0,0,0,2,,,0,,,,,,Bay of Plenty Region,Nil,2-way,Sealed,,0,0,,100,,Off,0,0,,23,Tauranga City,Nil,,,,,0,0,Open,0,,,Fine,Null
1767618,5907702,34437,,523502,0,,0,2,,East,2006/2007,EAST TAMAKI ROAD,FERGUSON ROAD,,Non-Injury Crash,No,2006,,East,,0,,Flat,,,,,,Dark,701900,0,0,0,4,,,0,,,,,,Auckland Region,Nil,2-way,Sealed,,0,0,,50,,On,0,0,,76,Auckland,Nil,,,,,0,0,Urban,0,,,Fine,Null