X,Y,OBJECTID,advisorySpeed,areaUnitID,bicycle,bridge,bus,carStationWagon,cliffBank,crashDirectionDescription,crashFinancialYear,crashLocation1,crashLocation2,crashRoadSideRoad,crashSeverity,crashSHDescription,crashYear,debris,directionRoleDescription,ditch,fatalCount,fence,flatHill,guardRail,holiday,houseOrBuilding,intersection,kerb,light,meshblockId,minorInjuryCount,moped,motorcycle,NumberOfLanes,objectThrownOrDropped,otherObject,otherVehicleType,overBank,parkedVehicle,pedestrian,phoneBoxEtc,postOrPole,region,roadCharacter,roadLane,roadSurface,roadworks,schoolBus,seriousInjuryCount,slipOrFlood,speedLimit,strayAnimal,streetLight,suv,taxi,temporarySpeedLimit,tlaId,tlaName,trafficControl,trafficIsland,trafficSign,train,tree,truck,unknownVehicleType,urban,vanOrUtility,vehicle,waterRiver,weatherA,weatherB
1706212,5665207,34438,,552702,0,0,0,1,1,East,2007/2008,TARATA ROAD,DUDLEY ROAD LOWER,,Minor Crash,No,2007,0,East,0,0,0,Hill Road,0,,0,,0,Overcast,1607700,1,0,0,2,0,0,0,0,0,,0,0,Taranaki Region,Nil,2-way,Sealed,0,0,0,0,100,0,Null,0,0,,33,New Plymouth District,Nil,0,0,0,0,0,0,Open,0,0,0,Light rain,Null
1791739,5501964,34439,,564210,0,0,0,0,0,Null,2005/2006,Z LAKE HOROWHENUA DOMAIN,QUEEN ST WEST,,Non-Injury Crash,No,2006,0,South,1,0,0,Flat,0,,0,,0,Dark,1871005,0,0,0,0,0,0,0,0,0,,0,0,Manawatū-Whanganui Region,Nil,Off road,Sealed,0,0,0,0,50,0,None,0,0,,42,Horowhenua District,Nil,0,0,0,0,0,0,Urban,1,0,0,Fine,Null
1755718,5919635,34440,,515302,0,,0,2,,Null,2005/2006,PONSONBY ROAD,RICHMOND ROAD,,Non-Injury Crash,No,2006,,North,,0,,Flat,,,,,,Overcast,432300,0,0,0,2,,,0,,,,,,Auckland Region,Nil,2-way,Sealed,,0,0,,50,,Off,0,0,,76,Auckland,Traffic Signals,,,,,0,0,Urban,0,,,Light rain,Null
1818905,5544382,34441,,560740,0,,0,1,,Null,2005/2006,SH 54,DERBY ST,,Minor Crash,Yes,2006,,North,,0,,Flat,,,,,,Overcast,1772500,1,0,1,4,,,0,,,,,,Manawatū-Whanganui Region,Nil,2-way,Sealed,,0,0,,50,,Null,0,0,,39,Manawatu District,Give way,,,,,0,0,Urban,0,,,Fine,Null
1712205,6059425,34442,,501802,0,,0,1,,North,2005/2006,JORDAN VALLEY ROAD,RUSHBROOK ROAD,,Non-Injury Crash,No,2006,,North,,0,,Flat,,,,,,Overcast,64700,0,0,0,1,,,0,,,,,,Northland Region,Bridge,1-way,Sealed,,0,0,,100,,None,0,0,,2,Whangarei District,Give way,,,,,0,0,Open,1,,,Light rain,Null
1794667,5800048,34443,,527921,0,,0,2,,South,2006/2007,SH 39,MEADWAY ROAD,,Minor Crash,Yes,2006,,South,,0,,Flat,,,,,,Twilight,980800,2,0,0,2,,,0,,,,,,Waikato Region,Nil,2-way,Sealed,,0,0,,100,,None,0,0,,17,Waipa District,Unknown,,,,,0,0,Open,0,,,Fine,Null
1768066,5904461,34444,,523722,0,0,0,1,0,North,2005/2006,MANUKAU ON SBD,SH 20,,Non-Injury Crash,Yes,2006,0,North,0,0,0,Flat,0,,0,,0,Dark,715805,0,0,0,1,0,0,0,0,0,,0,1,Auckland Region,Motorway ramp,1-way,Sealed,0,0,0,0,50,0,On,0,0,,76,Auckland,Nil,0,0,0,0,0,0,Urban,0,0,0,Light rain,Null
1758480,5447871,34445,,572200,0,0,0,1,0,North,2006/2007,SH 58,SPINNAKER DRIVE,,Minor Crash,Yes,2007,0,West,0,0,0,Flat,1,,0,,0,Dark,2071201,1,0,0,2,0,0,0,0,0,,0,0,Wellington Region,Nil,2-way,Sealed,0,0,0,0,80,0,None,0,0,,44,Porirua City,Nil,0,0,0,0,0,0,Open,0,0,1,Fine,Null
1719683,6045688,34446,,503100,0,,0,2,,Null,2005/2006,WALTON ST,ROBERT ST,,Non-Injury Crash,No,2006,,West,,0,,Flat,,,,,,Overcast,99904,0,0,0,2,,,0,,,,,,Northland Region,Nil,2-way,Sealed,,0,0,,50,,Off,0,0,,2,Whangarei District,Stop,,,,,0,0,Urban,0,,,Fine,Null
1940202,5787289,34447,,542530,0,0,0,0,0,South,2006/2007,SH 30,SH 2 AWAKERI,,Minor Crash,Yes,2006,0,South,0,0,1,Flat,0,,0,,0,Bright sun,1300901,1,0,0,2,0,0,0,0,0,,0,0,Bay of Plenty Region,Nil,2-way,Sealed,0,0,0,0,100,0,Off,1,0,,25,Whakatane District,Nil,0,0,0,0,0,0,Open,0,0,0,Fine,Null
1803214,5815997,34448,,527124,0,,0,2,,West,2005/2006,RUAKURA ROAD,NOTTINGHAM DRIVE,,Non-Injury Crash,No,2006,,West,,0,,Flat,,,,,,Bright sun,955300,0,0,0,2,,,0,,,,,,Waikato Region,Nil,2-way,Sealed,,0,0,,80,,Null,0,0,,16,Hamilton City,Unknown,,,,,0,0,Open,0,,,Fine,Null
1756448,5927103,34449,,507900,0,,0,1,,South,2006/2007,SH 1N,NORTHCOTE OBR,,Non-Injury Crash,Yes,2006,,South,,0,,Flat,,,,,,Bright sun,303502,0,0,0,3,,,0,,,,,,Auckland Region,Nil,2-way,Sealed,,0,0,,100,,Off,1,0,80,76,Auckland,Nil,,,,,0,0,Open,0,,,Fine,Null
1823316,5530142,34450,,562402,0,,0,1,,Null,2005/2006,RUAHINE ST,CHURCH ST,,Minor Crash,No,2006,,North,,0,,Flat,,,,,,Bright sun,1835500,1,0,0,2,,,0,,,,,,Manawatū-Whanganui Region,Nil,2-way,Sealed,,0,0,,50,,Null,0,0,,40,Palmerston North City,Nil,,,,,0,0,Urban,1,,,Fine,Null
1765183,5914671,34451,,520301,0,,0,2,,North,2006/2007,PILKINGTON ROAD,QUEENS ROAD,,Non-Injury Crash,No,2006,,South,,0,,Flat,,Christmas New Year,,,,Bright sun,628300,0,0,0,2,,,0,,,,,,Auckland Region,Nil,2-way,Sealed,,0,0,,50,,Off,0,0,,76,Auckland,Traffic Signals,,,,,0,0,Urban,0,,,Fine,Null
1748751,5432277,34452,,574402,0,0,0,2,0,East,2007/2008,KHANDALLAH ROAD,COLWAY ST,,Minor Crash,No,2007,0,North,0,0,0,Flat,0,Labour Weekend,0,,0,Overcast,2096300,1,0,0,2,0,0,0,0,0,,0,0,Wellington Region,Nil,2-way,Sealed,0,0,0,0,50,0,Null,0,0,,47,Wellington City,Nil,0,0,0,0,0,0,Urban,0,1,0,Fine,Null
1754639,5931450,34453,,508805,0,0,0,1,0,Null,2006/2007,PARKWAY DRIVE,RAMP ROAD,,Non-Injury Crash,No,2006,0,North,0,0,0,Flat,0,,0,,0,Overcast,180826,0,0,0,2,0,0,0,0,1,,0,0,Auckland Region,Nil,2-way,Sealed,0,0,0,0,50,0,Null,0,0,,76,Auckland,Give way,0,0,0,0,0,0,Urban,1,0,0,Fine,Null
1804030,5733393,34454,,531800,0,0,0,0,0,West,2005/2006,SH 30,MURCOTT TERRACE,,Non-Injury Crash,Yes,2006,0,East,0,0,0,Hill Road,0,,0,,0,Dark,1012500,0,0,0,2,0,0,0,1,0,,0,0,Waikato Region,Nil,2-way,Sealed,0,0,0,0,100,0,None,1,0,,20,Waitomo District,Unknown,0,0,0,0,0,0,Open,0,0,0,Heavy rain,Null
1770873,5898680,34455,,523911,0,,0,1,,Null,2006/2007,TAKA ST,TAKANINI ROAD,,Minor Crash,No,2006,,West,,0,,Flat,,,,,,Overcast,768200,1,0,0,1,,,0,,,,,,Auckland Region,Rail xing,2-way,Sealed,,0,0,,50,,Off,1,0,,76,Auckland,Stop,,,,,0,0,Urban,0,,,Fine,Null
1246563,4847630,34456,,611500,0,0,0,2,0,Null,2007/2008,ROCKDALE ROAD,TRAMWAY ROAD,,Minor Crash,No,2007,0,North,0,0,1,Flat,0,,0,,0,Bright sun,3142400,2,0,0,2,0,0,0,0,0,,0,0,Southland Region,Nil,2-way,Sealed,0,0,0,0,100,0,Null,0,0,,75,Invercargill City,Give way,0,0,0,0,0,0,Open,0,0,0,Fine,Null
1755824,5935723,34457,,507101,0,0,0,1,0,Null,2005/2006,BEACH ROAD,CARLISLE ROAD,,Minor Crash,No,2006,0,South,0,0,0,Hill Road,0,,0,,1,Dark,162502,1,0,0,2,0,0,0,0,0,1,0,0,Auckland Region,Nil,2-way,Sealed,0,0,0,0,50,0,On,0,0,,76,Auckland,Nil,0,0,0,0,0,0,Urban,0,0,0,Fine,Null
1763495,5905701,34458,,524303,0,0,0,1,0,West,2006/2007,ALABASTER DRIVE,AZARA PLACE,,Non-Injury Crash,No,2006,0,East,0,0,0,Flat,0,,0,,0,Bright sun,746309,0,0,0,2,0,0,0,0,1,,0,0,Auckland Region,Nil,2-way,Sealed,0,0,0,0,50,0,Off,1,0,,76,Auckland,Nil,0,0,0,0,0,0,Urban,0,0,0,Null,Null
1930340,5604821,34459,,548200,0,,0,2,,Null,2006/2007,ST AUBYN ST EAST,HASTINGS ST NORTH,,Serious Crash,No,2006,,North,,0,,Flat,,,,,,Twilight,1493501,1,0,0,2,,,0,,,,,,Hawke's Bay Region,Nil,2-way,Sealed,,0,2,,50,,On,0,0,,30,Hastings District,Give way,,,,,0,0,Urban,0,,,Fine,Null
1763847,5910190,34460,,521901,0,0,0,2,0,East,2006/2007,ALBION ROAD,GREAT SOUTH ROAD,,Non-Injury Crash,No,2006,0,West,0,0,0,Flat,0,,0,,0,Dark,782000,0,0,0,2,0,0,0,0,1,,0,0,Auckland Region,Nil,2-way,Sealed,0,0,0,0,50,0,On,0,0,,76,Auckland,Nil,0,0,0,0,0,0,Urban,0,0,0,Light rain,Null
1756995,5919369,34461,,514200,0,,0,2,,Null,2005/2006,UPPER QUEEN ST,CROSS ST,,Non-Injury Crash,No,2006,,North,,0,,Hill Road,,,,,,Dark,412200,0,0,0,4,,,0,,,,,,Auckland Region,Nil,2-way,Sealed,,0,0,,50,,On,0,0,,76,Auckland,Nil,,,,,0,0,Urban,0,,,Fine,Null
1692254,5676009,34462,,551800,0,,0,1,,Null,2005/2006,DEVON ST WEST,WEYMOUTH ST,,Non-Injury Crash,No,2006,,West,,0,,Flat,,,,,,Bright sun,1591000,0,0,0,2,,,0,,,,,,Taranaki Region,Nil,2-way,Sealed,,0,0,,50,,Null,0,0,,33,New Plymouth District,Nil,,,,,0,0,Urban,1,,,Fine,Null
1765180,5914662,34463,,520602,0,,0,2,,Null,2006/2007,QUEENS ROAD,PILKINGTON ROAD,,Non-Injury Crash,No,2006,,East,,0,,Flat,,,,,,Dark,628700,0,0,0,3,,,0,,,,,,Auckland Region,Nil,2-way,Sealed,,0,0,,50,,On,0,0,,76,Auckland,Traffic Signals,,,,,0,0,Urban,0,,,Fine,Null
1758236,5913418,34464,,519710,0,,0,1,,Null,2005/2006,MOUNT SMART ROAD,MANUKAU ROAD,,Non-Injury Crash,No,2006,,West,,0,,Flat,,,,,,Overcast,594800,0,0,0,2,,,0,,,,,,Auckland Region,Nil,2-way,Sealed,,0,0,,50,,Null,1,0,,76,Auckland,Give way,,,,,0,0,Urban,0,,,Light rain,Null
1884531,5772175,34465,,540510,1,,0,1,,East,2006/2007,DEVON ST,RANOLF ST,,Non-Injury Crash,No,2006,,East,,0,,Flat,,Labour Weekend,,,,Overcast,1242500,0,0,0,2,,,0,,,,,,Bay of Plenty Region,Nil,2-way,Sealed,,0,0,,50,,Off,0,0,,24,Rotorua District,Traffic Signals,,,,,0,0,Urban,0,,,Fine,Null
1744012,5926892,34466,,513410,0,0,0,1,0,Null,2006/2007,BRIGHAM CREEK ROAD,NGAHUE CRESCENT W,,Non-Injury Crash,No,2007,0,East,0,0,0,Flat,0,Easter,0,,1,Bright sun,221600,0,0,0,2,0,0,0,0,0,,0,0,Auckland Region,Nil,2-way,Sealed,0,0,0,0,50,0,Off,0,0,,76,Auckland,Give way,0,0,0,0,0,0,Urban,0,0,0,Fine,Null
1756104,5923749,34467,,509800,0,,0,3,,South,2005/2006,SH 1N,ONEWA ON SBD,,Non-Injury Crash,Yes,2006,,South,,0,,Flat,,,,,,Dark,358800,0,0,0,4,,,0,,,,,,Auckland Region,Nil,1-way,Sealed,,0,0,,80,,On,0,0,,76,Auckland,Nil,,,,,0,0,Open,0,,,Fine,Null
1796942,5819715,34468,,528403,0,,0,1,,West,2005/2006,TE RAPA ROAD,WAIRERE DRIVE,,Non-Injury Crash,No,2006,,East,,0,,Flat,,,,,,Overcast,907401,0,0,0,2,,,0,,,,,,Waikato Region,Bridge,2-way,Sealed,,0,0,,80,,Null,0,0,,16,Hamilton City,Unknown,,,,,0,0,Open,1,,,Heavy rain,Null
1930806,5616009,34469,,547300,1,,0,1,,Null,2006/2007,MURPHY ROAD,JEFFARES PLACE,,Minor Crash,No,2006,,North,,0,,Flat,,,,,,Dark,1460600,1,0,0,2,,,0,,,,,,Hawke's Bay Region,Nil,2-way,Sealed,,0,0,,50,,On,0,0,,31,Napier City,Give way,,,,,0,0,Urban,0,,,Fine,Null
1571467,5178082,34470,,594500,0,0,0,2,0,South,2005/2006,WALTHAM ROAD,HARGEST CRESCENT,,Non-Injury Crash,No,2006,0,South,0,0,0,Flat,0,,0,,0,Dark,2624700,0,0,0,2,0,0,0,0,1,,0,0,Canterbury Region,Nil,2-way,Sealed,0,0,0,0,50,0,On,0,0,,60,Christchurch City,Unknown,0,0,0,0,1,0,Urban,0,0,0,Fine,Null
1758920,5920062,34471,,515902,0,,0,2,,Null,2006/2007,ST GEORGES BAY ROAD,CLEVELAND ROAD,,Minor Crash,No,2007,,South,,0,,Hill Road,,,,,,Dark,453200,1,0,0,2,,,0,,,,,,Auckland Region,Nil,2-way,Sealed,,0,0,,50,,On,0,0,,76,Auckland,Stop,,,,,0,0,Urban,0,,,Fine,Null
1753062,5916788,34472,,517800,0,,0,2,,Null,2005/2006,NEW NORTH ROAD,ASQUITH AVENUE,,Non-Injury Crash,No,2006,,South,,0,,Flat,,,,,,Overcast,527600,0,0,0,2,,,0,,,,,,Auckland Region,Nil,2-way,Sealed,,0,0,,50,,Null,0,0,,76,Auckland,Stop,,,,,0,0,Urban,0,,,Light rain,Null
1750182,5973127,34473,,506661,0,0,0,2,0,East,2006/2007,MATAKANA ROAD,GOLF ROAD,,Non-Injury Crash,No,2006,0,East,0,0,0,Hill Road,0,,0,,0,Bright sun,139105,0,0,0,2,0,0,0,0,0,,0,0,Auckland Region,Nil,2-way,Sealed,0,0,0,0,100,0,Off,0,0,,76,Auckland,Nil,0,0,0,0,0,0,Open,0,1,0,Fine,Null
1898111,5688018,34474,,541342,0,0,0,1,1,West,2005/2006,SH 5,MATEA ROAD,,Non-Injury Crash,Yes,2006,0,South,0,0,0,Flat,0,,0,,0,Bright sun,1281002,0,0,0,2,0,0,0,0,0,,0,0,Bay of Plenty Region,Nil,2-way,Sealed,0,0,0,0,100,0,Null,0,0,,21,Taupo District,Unknown,0,0,0,0,0,0,Open,0,0,0,Fine,Null
1747066,5919750,34475,,512402,0,0,0,0,0,East,2005/2006,SH 16,LINCOLN OFF WBD,,Minor Crash,Yes,2006,0,West,0,0,0,Flat,1,,0,,0,Overcast,253600,2,0,0,2,0,0,0,0,0,,0,0,Auckland Region,Nil,1-way,Sealed,0,0,0,0,100,0,Off,0,0,,76,Auckland,Nil,0,0,0,0,2,0,Open,0,0,0,Heavy rain,Null
1884346,5774876,34476,,540300,0,,0,2,,West,2005/2006,LAKE ROAD,RANOLF ST,,Non-Injury Crash,No,2006,,West,,0,,Flat,,,,,,Bright sun,1231500,0,0,0,2,,,0,,,,,,Bay of Plenty Region,Nil,2-way,Sealed,,0,0,,50,,Null,0,0,,24,Rotorua District,Unknown,,,,,0,0,Urban,0,,,Fine,Null
1976451,5784808,34477,,542800,0,,0,2,,Null,2005/2006,SH 35,KING ST,,Non-Injury Crash,Yes,2006,,West,,0,,Flat,,,,,,Dark,1339700,0,0,0,2,,,0,,,,,,Bay of Plenty Region,Nil,2-way,Sealed,,0,0,,50,,On,0,0,,27,Ōpōtiki District,Stop,,,,,0,0,Urban,0,,,Fine,Null
1768343,5913575,34478,,523000,0,,0,2,,South,2006/2007,GOSSAMER DRIVE,USSHER PLACE,,Serious Crash,No,2006,,South,,0,,Flat,,,,,,Dark,691000,4,0,0,2,,,0,,,,,,Auckland Region,Nil,2-way,Sealed,,0,1,,50,,On,0,0,,76,Auckland,Nil,,,,,0,0,Urban,0,,,Fine,Null
1756525,5936967,34479,,506903,0,0,0,1,1,North,2006/2007,BEACH ROAD,WAIAKE ST,,Non-Injury Crash,No,2006,0,North,0,0,0,Hill Road,0,,0,,0,Dark,170300,0,0,0,2,0,0,0,0,0,,0,0,Auckland Region,Nil,2-way,Sealed,0,0,0,0,50,0,On,0,0,,76,Auckland,Nil,0,0,0,0,0,0,Urban,0,0,0,Fine,Null
1760547,5907361,34480,,524112,0,0,0,0,0,North,2006/2007,20 LINK 20A,SH 20,,Serious Crash,Yes,2007,0,East,0,0,0,Flat,0,,0,,0,Dark,737500,0,0,0,2,0,1,0,0,0,1,0,0,Auckland Region,Nil,1-way,Sealed,0,0,1,0,100,0,On,0,0,,76,Auckland,Nil,0,0,0,0,1,0,Open,0,0,0,Fine,Null
1894471,5811854,34481,,536653,0,,0,1,,South,2005/2006,TE MATAI ROAD,TE KAHIKA ROAD EAST,,Minor Crash,No,2006,,South,,0,,Flat,,,,,,Dark,1210000,1,0,0,2,,,0,,,1,,,Bay of Plenty Region,Nil,2-way,Sealed,,0,0,,100,,None,0,0,,22,Western Bay of Plenty District,Stop,,,,,0,0,Open,0,,,Fine,Null
1758097,5920647,34482,,514103,0,,0,2,,East,2006/2007,BEACH ROAD,TANGIHUA ST,,Non-Injury Crash,No,2006,,West,,0,,Flat,,,,,,Dark,438301,0,0,0,6,,,0,,,,,,Auckland Region,Nil,2-way,Sealed,,0,0,,50,,Off,0,0,,76,Auckland,Nil,,,,,0,0,Urban,0,,,Light rain,Null
1757322,5920235,34483,,514103,0,,0,1,,North,2005/2006,QUEEN ST,WELLESLEY ST WEST,,Minor Crash,No,2006,,South,,0,,Flat,,,,,,Overcast,437101,2,0,0,4,,,0,,,,,,Auckland Region,Nil,2-way,Sealed,,0,0,,50,,Off,0,0,,76,Auckland,Nil,,,,,0,0,Urban,0,,,Fine,Null
1767108,5904766,34484,,524603,0,,0,2,,Null,2005/2006,CAVENDISH DRIVE,SHARKEY ST,,Non-Injury Crash,No,2006,,East,,0,,Flat,,,,,,Bright sun,780205,0,0,0,2,,,0,,,,,,Auckland Region,Nil,2-way,Sealed,,0,0,,50,,Off,0,0,,76,Auckland,Stop,,,,,0,0,Urban,0,,,Fine,Null
1678747,5404174,34485,,581210,0,0,0,0,0,East,2005/2006,HILEY ST,FIFTH LANE,,Non-Injury Crash,No,2006,0,South,0,0,0,Flat,0,Easter,0,,0,Dark,2297000,0,0,0,2,0,0,0,0,1,,0,0,Marlborough Region,Nil,2-way,Sealed,0,0,0,0,50,0,On,2,0,,53,Marlborough District,Nil,0,0,0,0,0,0,Urban,0,0,0,Fine,Null
1764598,5911661,34486,,520500,0,,0,2,,West,2006/2007,PANAMA ROAD,HILLSIDE ROAD,,Non-Injury Crash,No,2007,,East,,0,,Hill Road,,,,,,Bright sun,636100,0,0,0,2,,,0,,,,,,Auckland Region,Nil,2-way,Sealed,,0,0,,50,,Off,0,0,,76,Auckland,Nil,,,,,0,0,Urban,0,,,Fine,Null
1720659,6044026,34487,,503900,0,,0,1,,East,2006/2007,UNION EAST ST,KIOREROA ROAD,,Non-Injury Crash,No,2006,,West,,0,,Flat,,,,,,Bright sun,109200,0,0,0,2,,,0,,,,,,Northland Region,Nil,2-way,Sealed,,0,0,,50,,Off,0,0,,2,Whangarei District,Nil,,,,,1,0,Urban,0,,,Fine,Null
1764084,5908938,34488,,521901,0,0,0,1,0,West,2006/2007,MANGERE ROAD,GREAT SOUTH ROAD,,Minor Crash,No,2006,0,East,0,0,0,Flat,0,,0,,1,Twilight,785300,1,0,0,4,0,0,0,0,0,,0,0,Auckland Region,Nil,2-way,Sealed,0,0,0,0,50,0,Off,0,0,,76,Auckland,Nil,0,0,0,1,0,0,Urban,0,0,0,Fine,Null
1802828,5814112,34489,,530300,0,,0,2,,Null,2006/2007,GALLOWAY ST,NAYLOR ST,,Minor Crash,No,2007,,West,,0,,Flat,,,,,,Dark,882300,2,0,0,2,,,0,,,,,,Waikato Region,Nil,2-way,Sealed,,0,0,,50,,On,0,0,,16,Hamilton City,Traffic Signals,,,,,0,0,Urban,0,,,Fine,Null
1753599,5928808,34490,,508411,0,,1,1,,Null,2005/2006,GLENFIELD ROAD,HOGANS ROAD,,Non-Injury Crash,No,2006,,South,,0,,Flat,,,,,,Overcast,184300,0,0,0,4,,,0,,,,,,Auckland Region,Nil,2-way,Sealed,,0,0,,50,,Off,0,0,,76,Auckland,Traffic Signals,,,,,0,0,Urban,0,,,Fine,Null
1880948,5829416,34491,,536810,0,,0,0,,North,2006/2007,MAUNGANUI ROAD,BANKS AVENUE,,Serious Crash,No,2006,,North,,0,,Flat,,,,,,Dark,1195200,1,0,1,2,,,0,,,,,,Bay of Plenty Region,Nil,2-way,Sealed,,0,1,,50,,On,0,0,,23,Tauranga City,Nil,,,,,0,0,Urban,0,,,Fine,Null
1941312,5787350,34492,,542530,0,,0,2,,Null,2007/2008,SH 2,SH 30,,Minor Crash,Yes,2007,,East,,0,,Flat,,,,,,Bright sun,1300400,1,0,0,2,,,0,,,,,,Bay of Plenty Region,Nil,2-way,Sealed,,0,0,,100,,Null,0,0,,25,Whakatane District,Nil,,,,,0,0,Open,0,,,Fine,Null
1711839,6066640,34493,,501814,0,0,0,1,1,South,2005/2006,SH 1N,WAIOTU BLOCK ROAD,,Non-Injury Crash,Yes,2006,0,South,0,0,0,Flat,0,,0,,0,Overcast,60200,0,0,0,2,0,0,0,0,0,,0,0,Northland Region,Nil,2-way,Sealed,0,0,0,0,100,0,None,0,0,,2,Whangarei District,Nil,0,0,0,0,0,0,Open,0,0,0,Fine,Null
1884405,5773163,34494,,540520,0,,0,1,,East,2005/2006,MALFROY ROAD,MILLER ST,,Minor Crash,No,2006,,East,,0,,Flat,,,,,,Bright sun,1239300,1,0,0,2,,,0,,,,,,Bay of Plenty Region,Nil,2-way,Sealed,,0,0,,50,,Null,0,0,,24,Rotorua District,Unknown,,,,,0,0,Urban,1,,,Fine,Null
1755320,5921652,34495,75,515202,0,,0,2,,Null,2006/2007,SH 1N,SHELLY BEACH OBR,,Non-Injury Crash,Yes,2007,,East,,0,,Flat,,,,,,Bright sun,423600,0,0,0,5,,,0,,,,,,Auckland Region,Nil,1-way,Sealed,,0,0,,80,,Off,0,0,,76,Auckland,Nil,,,,,0,0,Open,0,,,Fine,Null
1756347,5921028,34496,,514101,0,,0,2,,North,2005/2006,BEAUMONT ST,GAUNT ST,,Non-Injury Crash,No,2006,,North,,0,,Flat,,,,,,Overcast,432400,0,0,0,2,,,0,,,,,,Auckland Region,Nil,2-way,Sealed,,0,0,,50,,Null,0,0,,76,Auckland,Unknown,,,,,0,0,Urban,0,,,Light rain,Null
1570844,5179216,34497,,591500,0,,0,1,,West,2006/2007,Z CPK PAK N SAVE,MANCHSTER ST,,Serious Crash,No,2006,,East,,0,,Flat,,,,,,Bright sun,2649700,1,0,0,0,,,0,,,2,,,Canterbury Region,Nil,Off road,Sealed,,0,1,,30,,Null,0,0,,60,Christchurch City,Unknown,,,,,0,0,Urban,0,,,Fine,Null
1744624,5919675,34498,,513301,0,,0,2,,North,2007/2008,RATHGAR ROAD,NEWLAND GROVE,,Non-Injury Crash,No,2007,,North,,0,,Flat,,,,,,Dark,234302,0,0,0,2,,,0,,,,,,Auckland Region,Nil,2-way,Sealed,,0,0,,50,,On,0,0,,76,Auckland,Nil,,,,,0,0,Urban,0,,,Fine,Null
1881635,5774785,34499,,539400,0,,0,2,,Null,2006/2007,CLAYTON ROAD,EDMUND ROAD,,Minor Crash,No,2006,,West,,0,,Flat,,Labour Weekend,,,,Dark,1224100,1,0,0,2,,,0,,,,,,Bay of Plenty Region,Nil,2-way,Sealed,,0,0,,50,,On,0,0,,24,Rotorua District,Stop,,,,,0,0,Urban,0,,,Light rain,Null
1881217,5828977,34500,,536810,0,0,0,1,0,North,2006/2007,MAUNGANUI ROAD,TAWA ST,,Non-Injury Crash,No,2007,0,North,0,0,0,Flat,0,,0,,0,Dark,1196200,0,0,0,2,0,0,0,0,1,,0,0,Bay of Plenty Region,Nil,2-way,Sealed,0,0,0,0,50,0,On,1,0,,23,Tauranga City,Nil,0,0,0,0,0,0,Urban,0,0,0,Fine,Null
1645047,6063528,34501,,500802,0,0,0,0,0,South,2006/2007,SH 12,WEKAWEKA ROAD,,Minor Crash,Yes,2006,0,North,1,0,0,Hill Road,0,,0,,0,Twilight,27400,1,0,1,2,0,0,0,0,0,,0,0,Northland Region,Nil,2-way,Sealed,0,0,0,0,100,0,None,0,0,,1,Far North District,Nil,0,0,0,0,0,0,Open,0,0,0,Fine,Null
1754722,5915715,34502,,517703,0,0,0,2,0,East,2006/2007,CALGARY ST,SANDRINGHAM ROAD,,Non-Injury Crash,No,2007,0,North,0,0,0,Flat,0,,0,,0,Overcast,538300,0,0,0,2,0,0,0,0,1,,0,0,Auckland Region,Nil,2-way,Sealed,0,0,0,0,50,0,Off,0,0,,76,Auckland,Nil,0,0,0,0,0,0,Urban,0,0,0,Fine,Null
1773768,5577232,34503,,556700,0,,0,1,,Null,2005/2006,SH 3,SMITHFIELD ROAD,,Serious Crash,Yes,2006,,South,,0,,Hill Road,,,,,,Bright sun,1722200,0,0,1,2,,,0,,,,,,Manawatū-Whanganui Region,Nil,2-way,Sealed,,0,1,,50,,Null,0,0,,37,Whanganui District,Give way,,,,,0,0,Urban,0,,,Fine,Null
1624203,6114351,34504,,500302,0,0,0,2,0,West,2006/2007,MELBA ST,SH 1N,,Non-Injury Crash,No,2007,0,East,0,0,0,Flat,0,,0,,0,Bright sun,14000,0,0,0,2,0,0,0,0,1,,0,0,Northland Region,Nil,2-way,Sealed,0,0,0,0,50,0,Off,0,0,,1,Far North District,Give way,0,0,0,0,0,0,Urban,0,0,0,Fine,Null
1750930,5427709,34505,,576700,1,,0,0,,Null,2006/2007,GRAFTON ROAD,MAIDA VALE ROAD,,Serious Crash,No,2006,,North,,0,,Hill Road,,,,,,Bright sun,2186500,1,0,0,2,,,0,,,1,,,Wellington Region,Nil,2-way,Sealed,,0,1,,50,,Null,0,0,,47,Wellington City,Give way,,,,,0,0,Urban,0,,,Fine,Null
1406107,4915747,34506,,602900,0,,0,1,,Null,2006/2007,SH 1S,WOLSELEY ST,,Serious Crash,Yes,2007,,South,,0,,Flat,,,,,,Overcast,2895900,1,0,0,3,,,0,,,,,,Otago Region,Nil,1-way,Sealed,,0,1,,60,,Null,0,0,,71,Dunedin City,Give way,,,,,1,0,Urban,0,,,Light rain,Null
1801950,5816922,34507,,530000,0,,0,1,,West,2006/2007,BOUNDARY ROAD,PEACHGROVE ROAD,,Minor Crash,No,2006,,West,,0,,Flat,,Labour Weekend,,,,Dark,865200,1,0,1,2,,,0,,,,,,Waikato Region,Nil,2-way,Sealed,,0,0,,50,,On,0,0,,16,Hamilton City,Nil,,,,,0,0,Urban,0,,,Fine,Null
1736807,5982032,34508,,505300,0,,0,0,,South,2005/2006,SH 1N,SH 16,,Non-Injury Crash,Yes,2006,,North,,0,,Flat,,,,,,Overcast,143600,0,0,0,2,,,0,,,,,,Auckland Region,Nil,2-way,Sealed,,0,0,,50,,Off,1,0,,76,Auckland,Nil,,,,,0,0,Urban,1,,,Fine,Null