X,Y,OBJECTID,advisorySpeed,areaUnitID,bicycle,bridge,bus,carStationWagon,cliffBank,crashDirectionDescription,crashFinancialYear,crashLocation1,crashLocation2,crashRoadSideRoad,crashSeverity,crashSHDescription,crashYear,debris,directionRoleDescription,ditch,fatalCount,fence,flatHill,guardRail,holiday,houseOrBuilding,intersection,kerb,light,meshblockId,minorInjuryCount,moped,motorcycle,NumberOfLanes,objectThrownOrDropped,otherObject,otherVehicleType,overBank,parkedVehicle,pedestrian,phoneBoxEtc,postOrPole,region,roadCharacter,roadLane,roadSurface,roadworks,schoolBus,seriousInjuryCount,slipOrFlood,speedLimit,strayAnimal,streetLight,suv,taxi,temporarySpeedLimit,tlaId,tlaName,trafficControl,trafficIsland,trafficSign,train,tree,truck,unknownVehicleType,urban,vanOrUtility,vehicle,waterRiver,weatherA,weatherB
1402985,4917830,34509,,603930,0,0,0,0,0,East,2006/2007,BROCKVILLE ROAD,TURNBULL ST,,Minor Crash,No,2007,0,East,0,0,1,Hill Road,0,,0,,0,Dark,2882200,1,0,0,2,0,0,0,0,0,,0,0,Otago Region,Nil,2-way,Sealed,0,0,0,0,50,0,On,0,0,,71,Dunedin City,Unknown,0,0,0,0,0,0,Urban,1,0,0,Light rain,Null
1407380,4919059,34510,,603300,0,,0,2,,Null,2006/2007,NORTH ROAD,OPOHO ROAD,,Minor Crash,No,2006,,South,,0,,Flat,,,,,,Dark,2870800,3,0,0,5,,,0,,,,,,Otago Region,Nil,2-way,Sealed,,0,0,,50,,On,0,0,,71,Dunedin City,Traffic Signals,,,,,0,0,Urban,0,,,Fine,Null
1808228,5546758,34511,,561422,0,,0,1,,North,2005/2006,CEMETERY ROAD,COURSE LANE,,Minor Crash,No,2006,,West,,0,,Flat,,,,,,Bright sun,1788500,1,0,0,2,,,0,,,,,,Manawatū-Whanganui Region,Nil,2-way,Sealed,,0,0,,100,,Null,0,0,,39,Manawatu District,Nil,,,,,0,0,Open,0,,,Fine,Null
1885196,5774434,34512,,540410,0,,0,2,,Null,2006/2007,FENTON ST,WHAKAUE ST,,Non-Injury Crash,No,2007,,North,,0,,Flat,,,,,,Bright sun,1233000,0,0,0,2,,,0,,,,,,Bay of Plenty Region,Nil,2-way,Sealed,,0,0,,50,,Off,0,0,,24,Rotorua District,Stop,,,,,0,0,Urban,0,,,Fine,Null
1823316,5530142,34513,,562402,1,,0,0,,Null,2006/2007,CHURCH ST,RUAHINE ST,,Minor Crash,No,2006,,North,,0,,Flat,,,,,,Bright sun,1835500,1,0,0,2,,,0,,,,,,Manawatū-Whanganui Region,Nil,2-way,Sealed,,0,0,,50,,Null,1,0,,40,Palmerston North City,Give way,,,,,0,0,Urban,0,,,Fine,Null
1436275,5001563,34514,,600826,0,0,0,1,0,South,2006/2007,THOUSAND ACRE ROAD,STONEWALL ROAD,,Serious Crash,No,2006,0,South,1,0,0,Flat,0,,0,,0,Overcast,2831500,2,0,0,2,0,0,0,0,0,,0,0,Otago Region,Nil,2-way,Sealed,0,0,1,0,100,0,Null,0,0,,68,Waitaki District,Unknown,0,0,0,1,0,0,Open,0,0,0,Fine,Strong wind
1571083,5172531,34515,,591101,0,,0,1,,North,2006/2007,DYERS PASS ROAD,SUMMIT ROAD,,Minor Crash,No,2007,,North,,0,,Hill Road,,,,,,Dark,2551607,1,0,0,2,,,0,,,,,,Canterbury Region,Nil,2-way,Sealed,,0,0,,70,,None,0,0,,60,Christchurch City,Unknown,,,,,0,0,Urban,0,,,Fine,Null
1244457,4847790,34516,,611602,0,0,0,2,0,Null,2006/2007,SATURN ST,MURPHY ST,,Serious Crash,No,2006,0,North,0,0,1,Flat,0,,0,,0,Overcast,3149300,0,0,0,2,0,0,0,0,0,,0,0,Southland Region,Nil,2-way,Sealed,0,0,1,0,50,0,Null,0,0,,75,Invercargill City,Give way,0,0,0,0,0,0,Urban,0,0,0,Heavy rain,Null
1742473,5925622,34517,,513410,0,,0,1,,South,2006/2007,FRED TAYLOR DRIVE,SH 16,,Minor Crash,No,2006,,South,,0,,Flat,,,,,,Overcast,223100,2,0,0,2,,,0,,,,,,Auckland Region,Nil,2-way,Sealed,,0,0,,80,,Off,0,0,,76,Auckland,Nil,,,,,0,0,Open,1,,,Light rain,Null
1763926,5912368,34518,,520500,0,,0,0,,South,2006/2007,MOUNT WELLINGTON HIGHWAY,MT WGTN ON NBD S,,Non-Injury Crash,No,2007,,North,,0,,Flat,,,,,,Dark,637300,0,0,0,2,,,0,,,,,,Auckland Region,Nil,2-way,Sealed,,0,0,,50,,On,0,0,,76,Auckland,Traffic Signals,,,,,1,0,Urban,1,,,Null,Null
1835998,5795301,34519,85,535250,0,0,0,1,0,South,2005/2006,SH 1N,HORAHORA ROAD,,Minor Crash,Yes,2006,0,South,0,0,1,Flat,0,,0,,0,Overcast,1125200,2,0,0,2,0,0,0,0,0,,0,0,Waikato Region,Nil,2-way,Sealed,0,0,0,0,100,0,Null,0,0,,19,South Waikato District,Unknown,0,0,0,0,0,0,Open,0,0,0,Light rain,Null
1570365,5179792,34520,,591500,0,,0,1,,West,2005/2006,OXFORD TERRACE,LICHFIELD ST,,Minor Crash,No,2006,,East,,0,,Flat,,,,,,Dark,2648300,1,0,0,1,,,0,,,1,,,Canterbury Region,Nil,1-way,Sealed,,0,0,,50,,On,0,1,,60,Christchurch City,Unknown,,,,,0,0,Urban,0,,,Fine,Frost
1911441,5783309,34521,,538820,0,0,0,1,0,East,2006/2007,SH 30,MANAWAHE ROAD,,Non-Injury Crash,Yes,2006,0,West,0,0,0,Flat,0,,0,,0,Dark,1252603,0,0,0,2,0,0,0,0,0,,0,0,Bay of Plenty Region,Nil,2-way,Sealed,0,0,0,0,70,0,None,0,0,,24,Rotorua District,Nil,0,0,0,0,0,0,Urban,0,0,0,Fine,Null
1764013,5909778,34522,,521901,0,0,0,2,0,West,2005/2006,MASON AVENUE,GREAT SOUTH ROAD,,Non-Injury Crash,No,2006,0,North,0,0,1,Flat,0,,0,,0,Bright sun,784400,0,0,0,2,0,0,0,0,1,,0,0,Auckland Region,Nil,2-way,Sealed,0,0,0,0,50,0,Off,0,0,,76,Auckland,Nil,0,0,0,0,0,0,Urban,0,0,0,Fine,Null
1798802,5820449,34523,,529401,0,,0,3,,Null,2006/2007,RIVER ROAD,WAIRERE DRIVE,,Non-Injury Crash,No,2006,,West,,0,,Flat,,,,,,Bright sun,952107,0,0,0,2,,,0,,,,,,Waikato Region,Nil,2-way,Sealed,,0,0,,60,,Null,0,0,,16,Hamilton City,Give way,,,,,0,0,Urban,0,,,Fine,Null
1890677,5822009,34524,,536201,0,0,0,2,0,East,2005/2006,DICKSON ROAD,DOUGLAS PLACE,,Non-Injury Crash,No,2006,0,East,0,0,0,Flat,0,,0,,0,Dark,1204710,0,0,0,2,0,0,0,0,1,,0,0,Bay of Plenty Region,Nil,2-way,Sealed,0,0,0,0,50,0,On,0,0,,23,Tauranga City,Nil,0,0,0,0,0,0,Urban,0,0,0,Fine,Null
1794096,5500615,34525,,564240,0,0,0,1,0,South,2006/2007,QUEENWOOD ROAD,DORSET ST,,Minor Crash,No,2006,0,North,0,0,0,Flat,0,,0,,0,Overcast,1865903,1,0,0,2,0,0,0,0,0,,0,1,Manawatū-Whanganui Region,Nil,2-way,Sealed,0,0,0,0,50,0,Null,0,0,,42,Horowhenua District,Nil,0,0,0,0,0,0,Urban,0,0,0,Heavy rain,Null
1570751,5181502,34526,,592402,0,,0,2,,South,2005/2006,SHERBORNE ST,PURCHAS ST,,Minor Crash,No,2006,,South,,0,,Flat,,,,,,Overcast,2687300,6,0,0,2,,,0,,,,,,Canterbury Region,Nil,2-way,Sealed,,0,0,,50,,Null,0,0,,60,Christchurch City,Unknown,,,,,0,0,Urban,1,,,Fine,Null
1752017,5424540,34527,,577200,0,,0,0,,Null,2006/2007,PARK ROAD,MIRAMAR AVENUE,,Minor Crash,No,2006,,North,,0,,Flat,,,,,,Twilight,2207201,1,0,0,1,,,0,,,1,,,Wellington Region,Nil,1-way,Sealed,,0,0,,50,,On,0,0,,47,Wellington City,Nil,,,,,1,0,Urban,0,,,Heavy rain,Null
1403508,4983944,34528,,601301,0,0,0,0,1,North,2006/2007,SH 85,PRINGLES ROAD,,Minor Crash,Yes,2006,0,South,0,0,0,Hill Road,0,,0,,0,Twilight,2854600,4,0,0,2,0,0,0,0,0,,0,0,Otago Region,Nil,2-way,Sealed,0,0,0,0,100,0,None,1,0,,68,Waitaki District,Unknown,0,0,0,0,0,0,Open,0,0,0,Fine,Null
1885149,5773015,34529,,540600,0,,0,0,,North,2006/2007,FENTON ST,SEDDON ST,,Non-Injury Crash,No,2006,,South,,0,,Flat,,,,,,Overcast,1243100,0,0,0,4,,,0,,,,,,Bay of Plenty Region,Nil,2-way,Sealed,,0,0,,50,,Null,0,0,,24,Rotorua District,Nil,,,,,0,0,Urban,2,,,Fine,Null
1243483,4850331,34530,,611100,0,,0,2,,Null,2006/2007,QUEENS DRIVE,GALA ST,,Minor Crash,No,2006,,South,,0,,Flat,,,,,,Overcast,3134800,1,0,0,4,,,0,,,,,,Southland Region,Nil,2-way,Sealed,,0,0,,50,,Null,0,0,,75,Invercargill City,Traffic Signals,,,,,0,0,Urban,0,,,Fine,Null
1738688,5944548,34531,,506646,0,0,0,0,0,Null,2005/2006,WAITOKI ROAD,KAHIKATEA FLAT ROAD,,Non-Injury Crash,No,2006,0,West,0,0,0,Flat,0,,0,,0,Bright sun,213100,0,0,0,1,0,0,0,0,0,,0,0,Auckland Region,Nil,1-way,Sealed,0,0,0,0,70,0,Off,0,0,,76,Auckland,Give way,1,0,0,0,0,0,Urban,1,0,0,Fine,Null
1753661,5932693,34532,40,508805,0,0,0,1,0,Null,2005/2006,ROSEDALE ROAD,TRITON DRIVE,,Non-Injury Crash,No,2006,0,North,0,0,1,Flat,0,,0,,0,Bright sun,180866,0,0,0,2,0,0,0,0,0,,0,1,Auckland Region,Nil,2-way,Sealed,0,0,0,0,50,0,Off,0,0,,76,Auckland,Give way,0,0,0,0,0,0,Urban,0,0,0,Fine,Null
1390832,4915054,34533,,602500,0,,0,1,,Null,2006/2007,BUSH ROAD,GLADFIELD ROAD,,Minor Crash,No,2006,,East,,0,,Flat,,,,,,Bright sun,2979701,2,0,0,2,,,0,,,,,,Otago Region,Nil,2-way,Sealed,,0,0,,100,,Null,1,0,,71,Dunedin City,Give way,,,,,0,0,Open,0,,,Fine,Null
1769606,5904688,34534,,523722,0,0,0,1,0,West,2006/2007,REDOUBT ROAD,HILLTOP ROAD,,Non-Injury Crash,No,2006,0,West,0,0,1,Flat,0,,0,,0,Dark,716106,0,0,0,2,0,0,0,0,0,,0,0,Auckland Region,Nil,2-way,Sealed,0,0,0,0,70,0,On,0,0,,76,Auckland,Nil,0,0,0,1,0,0,Urban,0,0,0,Light rain,Null
1607926,5250461,34535,,585700,0,1,0,2,0,Null,2006/2007,SH 1S,HURUNUI RIV BR,,Serious Crash,Yes,2006,0,South,0,0,0,Flat,0,,0,,0,Dark,2434701,2,0,0,1,0,0,0,0,0,,0,0,Canterbury Region,Bridge,2-way,Sealed,0,0,1,0,100,0,None,0,0,,58,Hurunui District,Give way,0,0,0,0,0,0,Open,0,0,0,Fine,Null
1764636,5905682,34536,,522100,0,,0,2,,Null,2006/2007,WYLLIE ROAD,KENDERDINE ROAD,,Non-Injury Crash,No,2006,,North,,0,,Flat,,,,,,Overcast,659600,0,0,0,2,,,0,,,,,,Auckland Region,Nil,2-way,Sealed,,0,0,,50,,Off,0,0,,76,Auckland,Give way,,,,,0,0,Urban,0,,,Fine,Null
1574983,5185868,34537,,590501,0,,0,2,,Null,2005/2006,MAIREHAU ROAD,PUTAKE DRIVE,,Minor Crash,No,2006,,East,,0,,Flat,,,,,,Overcast,2505204,1,0,0,2,,,0,,,,,,Canterbury Region,Nil,2-way,Sealed,,0,0,,50,,Null,0,0,,60,Christchurch City,Give way,,,,,0,0,Urban,0,,,Fine,Null
1745478,5920597,34538,,513301,0,,0,1,,Null,2005/2006,LINCOLN ROAD,LINCOLN OFF WBD N,,Non-Injury Crash,No,2006,,South,,0,,Flat,,,,,,Bright sun,230301,0,0,0,2,,,0,,,,,,Auckland Region,Bridge,2-way,Sealed,,0,0,,50,,Off,0,0,,76,Auckland,Give way,,,,,1,0,Urban,0,,,Fine,Null
1742454,5920658,34539,,513621,0,0,0,1,0,East,2005/2006,CHAMBERLAIN ROAD,BIRDWOOD ROAD,,Non-Injury Crash,No,2006,0,West,0,0,0,Hill Road,0,,0,,0,Twilight,226901,0,0,0,2,0,0,0,0,0,,0,0,Auckland Region,Nil,2-way,Sealed,0,0,0,0,100,0,None,0,0,,76,Auckland,Nil,0,0,0,1,0,0,Open,0,0,0,Fine,Null
1758191,5915838,34540,,519300,0,0,0,1,0,South,2005/2006,Z CPK BURGER KING,CAMPBELL CRESCENT S,,Non-Injury Crash,No,2006,0,North,0,0,0,Flat,0,,0,,0,Dark,622900,0,0,0,1,0,0,0,0,1,,0,0,Auckland Region,Nil,Off road,Sealed,0,0,0,0,10,0,On,0,0,,76,Auckland,Nil,0,0,0,0,0,0,Urban,1,0,0,Fine,Null
1568976,5176006,34541,,594900,0,,0,2,,Null,2005/2006,ROSE ST,MARLEY VIEW ST,,Minor Crash,No,2006,,East,,0,,Flat,,,,,,Overcast,2637500,2,0,0,2,,,0,,,,,,Canterbury Region,Nil,2-way,Sealed,,0,0,,50,,Null,0,0,,60,Christchurch City,Nil,,,,,0,0,Urban,0,,,Fine,Null
1770818,5898470,34542,,523912,0,,0,1,,Null,2005/2006,GRAHAM ROAD,GREAT SOUTH ROAD,,Non-Injury Crash,No,2006,,North,,0,,Flat,,,,,,Bright sun,767600,0,0,0,2,,,0,,,,,,Auckland Region,Nil,2-way,Sealed,,0,0,,50,,Off,1,0,,76,Auckland,Stop,,,,,0,0,Urban,0,,,Fine,Null
1763533,5906424,34543,,524302,0,0,0,2,0,Null,2005/2006,BUCKLAND ROAD,PORTAGE ROAD,,Non-Injury Crash,No,2006,0,North,0,0,0,Flat,0,,0,,0,Overcast,745500,0,0,0,2,0,0,0,0,0,,0,0,Auckland Region,Nil,2-way,Sealed,0,0,0,0,50,0,Off,0,0,,76,Auckland,Give way,0,0,0,0,0,0,Urban,0,1,0,Light rain,Null
1761860,5885243,34544,,521121,0,0,0,0,0,West,2006/2007,GLENBROOK ROAD,CUFF ROAD,,Non-Injury Crash,No,2006,0,West,0,0,1,Flat,0,,0,,0,Dark,811300,0,0,0,2,0,0,0,0,0,,0,0,Auckland Region,Nil,2-way,Sealed,0,0,0,0,100,0,None,0,0,,76,Auckland,Nil,0,0,0,0,0,0,Open,1,0,0,Fine,Null
1739586,5928652,34545,,505602,0,,0,1,,Null,2005/2006,SH 16,RIVERHEAD ROAD,,Non-Injury Crash,Yes,2006,,East,,0,,Flat,,,,,,Overcast,214104,0,0,0,2,,,0,,,,,,Auckland Region,Nil,2-way,Sealed,,0,0,,60,,None,0,0,,76,Auckland,Give way,,,,,1,0,Urban,0,,,Heavy rain,Null
1763259,5920169,34546,,516500,0,0,0,1,0,North,2006/2007,PATTESON AVENUE,TAGALAD ROAD,,Minor Crash,No,2006,0,North,0,0,0,Hill Road,0,,0,,1,Dark,500800,1,0,0,2,0,0,0,0,0,,0,0,Auckland Region,Nil,2-way,Sealed,0,0,0,0,50,0,On,0,0,,76,Auckland,Nil,0,0,0,1,0,0,Urban,0,0,0,Light rain,Null
1756268,5944124,34547,,505909,0,,0,2,,East,2005/2006,WHANGAPARAOA ROAD,STANMORE BAY ROAD,,Non-Injury Crash,No,2006,,West,,0,,Flat,,,,,,Overcast,174013,0,0,0,2,,,0,,,,,,Auckland Region,Nil,2-way,Sealed,,0,0,,50,,On,0,0,,76,Auckland,Traffic Signals,,,,,0,0,Urban,0,,,Fine,Null
1842554,5816750,34548,,535220,0,0,0,0,0,North,2005/2006,SH 27,LINK ROAD,,Non-Injury Crash,Yes,2006,0,North,0,0,0,Flat,1,,0,,0,Bright sun,1117000,0,0,0,2,0,0,0,0,0,,0,0,Waikato Region,Nil,2-way,Sealed,0,0,0,0,50,0,Null,0,0,,15,Matamata-Piako District,Unknown,0,0,0,0,0,0,Urban,1,0,0,Fine,Null
1757390,5928942,34549,,507800,0,0,0,2,0,Null,2006/2007,KITCHENER ROAD,SHAKESPEARE ROAD,,Non-Injury Crash,No,2006,0,North,0,0,0,Flat,0,,0,,0,Dark,307300,0,0,0,2,0,0,0,0,0,,0,0,Auckland Region,Nil,2-way,Sealed,0,0,0,0,50,0,On,0,0,,76,Auckland,Traffic Signals,0,1,0,0,0,0,Urban,0,0,0,Fine,Null
1755621,5925776,34550,,509701,0,,0,2,,North,2006/2007,LAKE ROAD,PEARN CRESCENT,,Minor Crash,No,2006,,South,,0,,Flat,,,,,,Bright sun,362600,1,0,0,2,,,0,,,,,,Auckland Region,Nil,2-way,Sealed,,0,0,,50,,Off,0,0,,76,Auckland,Nil,,,,,0,0,Urban,0,,,Fine,Null
1760153,5915987,34551,,516002,0,,0,2,,Null,2006/2007,GREENLANE OFF SBD,GREENLANE INT,,Non-Injury Crash,Yes,2006,,South,,0,,Flat,,,,,,Bright sun,492100,0,0,0,2,,,0,,,,,,Auckland Region,Nil,1-way,Sealed,,0,0,,50,,Off,0,0,,76,Auckland,Give way,,,,,0,0,Urban,0,,,Fine,Null
1568463,5205647,34552,,586303,0,,0,1,,East,2005/2006,KIPPENBERGER AVENUE,WATKINS PLACE,,Minor Crash,No,2006,,East,,0,,Flat,,,,,,Overcast,2448602,1,0,0,2,,,0,,,,,,Canterbury Region,Nil,2-way,Sealed,,0,0,,100,,Null,0,0,,59,Waimakariri District,Nil,,,,,0,0,Open,1,,,Fine,Null
1723704,6042278,34553,,504100,0,,0,2,,South,2005/2006,Z CPK NEW WORLD,RAUMATI CRESCENT,,Non-Injury Crash,No,2006,,West,,0,,Flat,,,,,,Bright sun,111502,0,0,0,0,,,0,,,,,,Northland Region,Nil,Off road,Sealed,,0,0,,30,,Off,0,0,,2,Whangarei District,Nil,,,,,0,0,Urban,0,,,Fine,Null
1766646,5908095,34554,,523501,0,0,0,2,0,Null,2006/2007,BAIRDS ROAD,CORDOBA COURT,,Serious Crash,No,2006,0,East,0,0,0,Flat,0,,0,,0,Dark,700700,2,0,0,2,0,0,0,0,0,,0,1,Auckland Region,Bridge,2-way,Sealed,0,0,1,0,50,0,On,0,0,,76,Auckland,Nil,0,0,0,0,0,0,Urban,1,0,0,Light rain,Null
1767247,5904835,34555,,524603,0,,0,1,,East,2005/2006,CAVENDISH DRIVE,FREEMAN WAY,,Non-Injury Crash,No,2006,,East,,0,,Flat,,,,,,Overcast,780205,0,0,0,4,,,0,,,,,,Auckland Region,Nil,2-way,Sealed,,0,0,,50,,On,0,0,,76,Auckland,Nil,,,,,1,0,Urban,0,,,Mist or Fog,Null
1877029,5821361,34556,,537500,0,0,0,3,0,Null,2005/2006,CAMERON ROAD,TWENTYTHIRD AVENUE,,Non-Injury Crash,No,2006,0,North,0,0,0,Flat,0,,0,,0,Bright sun,1171500,0,0,0,2,0,0,0,0,2,,0,0,Bay of Plenty Region,Nil,2-way,Sealed,0,0,0,0,50,0,Null,1,0,,23,Tauranga City,Stop,0,0,0,0,0,0,Urban,0,0,0,Fine,Null
1758367,5917371,34557,,515700,0,0,0,2,0,South,2005/2006,MANUKAU ROAD,GREAT SOUTH ROAD,,Non-Injury Crash,No,2006,0,South,0,0,0,Flat,0,,0,,0,Bright sun,457700,0,0,0,4,0,0,0,0,1,,0,0,Auckland Region,Nil,2-way,Sealed,0,0,0,0,50,0,Off,0,0,,76,Auckland,Nil,0,0,0,0,0,0,Urban,0,0,0,Fine,Null
1767547,5901087,34558,,524720,0,,0,2,,East,2006/2007,RUSSELL ROAD,MONTILLA PLACE,,Minor Crash,No,2006,,East,,0,,Flat,,,,,,Dark,778300,1,0,0,2,,,0,,,,,,Auckland Region,Nil,2-way,Sealed,,0,0,,50,,On,0,0,,76,Auckland,Nil,,,,,0,0,Urban,0,,,Fine,Null
1802004,5816928,34559,,530000,0,,0,2,,Null,2005/2006,PEACHGROVE ROAD,BROOKLYN ROAD,,Non-Injury Crash,No,2006,,North,,0,,Flat,,,,,,Overcast,867400,0,0,0,2,,,0,,,,,,Waikato Region,Nil,2-way,Sealed,,0,0,,50,,Null,0,0,,16,Hamilton City,Give way,,,,,0,0,Urban,0,,,Fine,Null
1573054,5213354,34560,,585808,0,0,0,1,0,Null,2005/2006,BRUCES ROAD,RANGIORA LEITHFIELD ROAD,,Serious Crash,No,2006,0,North,0,0,1,Flat,0,,0,,0,Dark,2439002,0,0,0,2,0,0,0,0,0,,0,1,Canterbury Region,Nil,2-way,Sealed,0,0,1,0,100,0,None,0,0,,59,Waimakariri District,Give way,0,0,0,0,0,0,Open,0,0,0,Fine,Null
1763787,5905170,34561,,524303,0,0,0,1,0,East,2005/2006,HEATHBERRY CLOSE,FERNDOWN AVENUE,,Non-Injury Crash,No,2006,0,East,0,0,0,Flat,0,,0,,0,Bright sun,746321,0,0,0,2,0,0,0,0,0,,0,1,Auckland Region,Nil,2-way,Sealed,0,0,0,0,50,0,Off,0,0,,76,Auckland,Nil,0,0,0,0,0,0,Urban,0,0,0,Fine,Null
1689217,6080482,34562,,501620,0,0,0,1,1,South,2005/2006,POKAPU ROAD,OTIRIA ROAD,,Minor Crash,No,2006,0,South,0,0,0,Flat,0,,0,,0,Dark,46901,2,0,0,2,0,0,0,0,0,,0,0,Northland Region,Nil,2-way,Sealed,0,0,0,0,100,0,None,0,0,,1,Far North District,Nil,0,0,0,0,0,0,Open,0,0,0,Fine,Null
1352363,4869320,34563,,606700,0,0,0,0,0,Null,2006/2007,CENTRE ROAD,SMITH ROAD,,Minor Crash,No,2006,0,South,1,0,2,Flat,0,,0,,0,Overcast,2984300,1,0,0,2,0,0,0,0,0,,0,0,Otago Region,Nil,2-way,Unsealed,0,0,0,0,100,0,Null,1,0,,72,Clutha District,Nil,0,0,0,0,1,0,Open,0,0,0,Light rain,Null
1773982,5896546,34564,,525620,0,,0,1,,Null,2006/2007,WILLIS ROAD,GEORGE ST,,Minor Crash,No,2006,,West,,0,,Flat,,,,,,Bright sun,798200,1,0,0,2,,,0,,,,,,Auckland Region,Nil,2-way,Sealed,,0,0,,50,,Null,0,0,,76,Auckland,Give way,,,,,1,0,Urban,0,,,Fine,Null
1756967,5916289,34565,,518202,0,,0,2,,East,2005/2006,WINDMILL ROAD,MOUNT EDEN ROAD,,Minor Crash,No,2006,,West,,0,,Flat,,,,,,Bright sun,551300,1,0,0,2,,,0,,,,,,Auckland Region,Nil,2-way,Sealed,,0,0,,50,,Off,0,0,,76,Auckland,Nil,,,,,0,0,Urban,0,,,Light rain,Null
1379272,4902931,34566,,602500,0,1,0,0,0,Null,2006/2007,HENLEY ROAD,WAIPORI RIV BR,,Minor Crash,No,2006,0,North,0,0,0,Flat,0,,0,,0,Bright sun,2976200,1,1,0,2,0,0,0,0,0,,0,0,Otago Region,Bridge,2-way,Unsealed,0,0,0,0,100,0,Null,0,0,,71,Dunedin City,Unknown,0,0,0,0,0,0,Open,0,0,0,Fine,Null
1883541,5772646,34567,,539900,0,,0,2,,Null,2006/2007,HILLCREST ROAD,KAURI ST,,Minor Crash,No,2006,,East,,0,,Flat,,,,,,Dark,1238500,1,0,0,2,,,0,,,,,,Bay of Plenty Region,Nil,2-way,Sealed,,0,0,,50,,On,0,0,,24,Rotorua District,Give way,,,,,0,0,Urban,0,,,Fine,Null
1806380,5838314,34568,,527111,0,0,0,0,0,South,2006/2007,ORINI ROAD,WOODWARD ROAD,,Minor Crash,No,2006,0,East,0,0,0,Flat,0,,0,,0,Dark,948100,1,0,0,2,0,0,0,0,0,,0,0,Waikato Region,Nil,2-way,Sealed,0,0,0,0,100,0,None,1,0,,13,Waikato District,Nil,0,0,0,0,0,0,Open,0,0,0,Fine,Null
1499707,5138222,34569,,597840,1,,0,0,,Null,2005/2006,EAST ST,WILLS ST,,Serious Crash,No,2006,,South,,0,,Flat,,,,,,Overcast,2729300,0,0,0,2,,,0,,,,,,Canterbury Region,Nil,2-way,Sealed,,0,1,,50,,Null,1,0,,63,Ashburton District,Give way,,,,,0,0,Urban,0,,,Fine,Null
1404809,4912980,34570,,604500,0,0,0,1,0,North,2006/2007,RAVENSWOOD ROAD,EARLS ROAD,,Serious Crash,No,2006,0,South,0,0,0,Hill Road,1,,0,,0,Dark,2925602,0,0,0,2,0,0,0,0,0,,0,0,Otago Region,Nil,2-way,Sealed,0,0,1,0,50,0,On,0,0,,71,Dunedin City,Unknown,0,0,0,0,0,0,Urban,0,0,0,Fine,Null
1789977,5826226,34571,,527916,0,0,0,1,0,East,2006/2007,SAULBREY ROAD,NGARUAWAHIA ROAD,,Fatal Crash,No,2006,0,East,0,1,0,Flat,0,,0,,0,Dark,976102,0,0,0,2,0,0,0,0,0,,0,1,Waikato Region,Nil,2-way,Sealed,0,0,1,0,100,0,None,0,0,,13,Waikato District,Nil,0,0,0,0,0,0,Open,0,0,0,Mist or Fog,Null
1752394,5918121,34572,,515001,0,,0,2,,West,2005/2006,POINT CHEVALIER ROAD,PARR ROAD NORTH,,Non-Injury Crash,No,2006,,West,,0,,Flat,,,,,,Bright sun,392400,0,0,0,5,,,0,,,,,,Auckland Region,Nil,2-way,Sealed,,0,0,,50,,Off,0,0,,76,Auckland,Nil,,,,,0,0,Urban,0,,,Fine,Null
1755833,5444013,34573,,570900,0,0,0,2,0,North,2005/2006,MCKILLOP ST,KING CRESCENT,,Minor Crash,No,2006,0,South,0,0,0,Hill Road,0,,0,,0,Dark,2056300,1,0,0,2,0,0,0,0,1,,0,0,Wellington Region,Nil,2-way,Sealed,0,0,0,0,50,0,On,0,0,,44,Porirua City,Nil,0,0,0,0,0,0,Urban,0,0,0,Fine,Null
1755409,5930182,34574,,508510,0,0,0,2,0,West,2005/2006,PARK LANE,BECROFT DRIVE,,Fatal Crash,No,2006,0,West,0,1,0,Flat,0,,0,,0,Bright sun,194409,0,0,0,2,0,0,0,0,1,,0,1,Auckland Region,Nil,2-way,Sealed,0,0,0,0,20,0,Off,0,0,,76,Auckland,Nil,0,0,0,0,0,0,Urban,0,0,0,Fine,Null
1867418,5713283,34575,,541720,0,,0,2,,Null,2005/2006,HEUHEU ST,TITIRAUPENGA ST,,Non-Injury Crash,No,2006,,East,,0,,Flat,,,,,,Overcast,1273700,0,0,0,2,,,0,,,,,,Waikato Region,Nil,2-way,Sealed,,0,0,,50,,Null,0,0,,21,Taupo District,Stop,,,,,0,0,Urban,0,,,Fine,Null
1750042,5913897,34576,,511303,0,,1,0,,West,2005/2006,Z CPK BUS TERMINAL,MEMORIAL DRIVE W,,Serious Crash,No,2006,,West,,0,,Flat,,,,,,Dark,266000,1,0,0,1,,,0,,,2,,,Auckland Region,Nil,Off road,Sealed,,0,1,,50,,On,0,0,,76,Auckland,Nil,,,,,0,0,Urban,0,,,Fine,Null
1771200,5471096,34577,,566302,0,,0,3,,Null,2006/2007,SH 1N,OTAIHANGA ROAD,,Minor Crash,Yes,2006,,North,,0,,Flat,,Christmas New Year,,,,Overcast,1998405,2,0,0,2,,,0,,,,,,Wellington Region,Nil,2-way,Sealed,,0,0,,80,,Null,0,0,,43,Kapiti Coast District,Stop,,,,,0,0,Open,0,,,Light rain,Null
1847436,5892895,34578,,533603,0,0,0,0,0,South,2005/2006,SH 25,HIKUAI SETTLEMENT ROAD,,Non-Injury Crash,Yes,2006,0,South,0,0,1,Flat,0,,0,,0,Overcast,1059504,0,0,0,2,0,0,0,0,0,,0,0,Waikato Region,Nil,2-way,Sealed,0,0,0,0,100,0,Null,1,0,,11,Thames-Coromandel District,Unknown,0,0,0,0,0,0,Open,0,0,0,Light rain,Null