X,Y,OBJECTID,advisorySpeed,areaUnitID,bicycle,bridge,bus,carStationWagon,cliffBank,crashDirectionDescription,crashFinancialYear,crashLocation1,crashLocation2,crashRoadSideRoad,crashSeverity,crashSHDescription,crashYear,debris,directionRoleDescription,ditch,fatalCount,fence,flatHill,guardRail,holiday,houseOrBuilding,intersection,kerb,light,meshblockId,minorInjuryCount,moped,motorcycle,NumberOfLanes,objectThrownOrDropped,otherObject,otherVehicleType,overBank,parkedVehicle,pedestrian,phoneBoxEtc,postOrPole,region,roadCharacter,roadLane,roadSurface,roadworks,schoolBus,seriousInjuryCount,slipOrFlood,speedLimit,strayAnimal,streetLight,suv,taxi,temporarySpeedLimit,tlaId,tlaName,trafficControl,trafficIsland,trafficSign,train,tree,truck,unknownVehicleType,urban,vanOrUtility,vehicle,waterRiver,weatherA,weatherB
1763691,5912894,34720,,520500,0,0,0,2,0,West,2006/2007,SEART OFF SBD,SOUTH-EASTERN HIGHWAY,,Minor Crash,Yes,2006,0,East,0,0,0,Hill Road,1,,0,,0,Dark,637400,1,0,0,3,0,0,0,0,0,,0,0,Auckland Region,Nil,1-way,Sealed,0,0,0,0,80,0,On,0,0,,76,Auckland,Nil,0,0,0,0,0,0,Open,0,0,0,Fine,Null
1623607,6115443,34721,,500302,0,0,0,0,0,South,2006/2007,NORTH ROAD,SH 1N,,Fatal Crash,No,2006,0,North,0,1,1,Flat,0,,0,,1,Bright sun,13300,0,0,0,2,0,0,0,0,0,,0,1,Northland Region,Nil,2-way,Sealed,0,0,0,0,50,0,Off,1,0,,1,Far North District,Give way,0,0,0,1,0,0,Urban,0,0,0,Fine,Null
1804288,5526403,34722,,561422,0,,0,1,,Null,2006/2007,PYKE ROAD,BAINESSE ROAD,,Minor Crash,No,2006,,West,,0,,Flat,,,,,,Dark,1786100,1,0,0,2,,,0,,,,,,Manawatū-Whanganui Region,Nil,2-way,Sealed,,0,0,,100,,None,0,0,,39,Manawatu District,Nil,,,,,0,0,Open,0,,,Fine,Null
1753876,5918276,34723,,515432,0,0,0,1,0,East,2006/2007,SH 16,ST LUKES OBR,,Minor Crash,Yes,2006,0,West,0,0,0,Flat,1,,0,,0,Dark,405500,1,0,0,3,0,0,0,0,0,,0,0,Auckland Region,Nil,1-way,Sealed,0,0,0,0,100,0,On,0,0,,76,Auckland,Nil,0,0,0,0,0,0,Open,0,0,0,Light rain,Null
1773977,5895990,34724,,525620,0,,0,2,,Null,2005/2006,SETTLEMENT ROAD,HUNUA ROAD,,Non-Injury Crash,No,2006,,West,,0,,Flat,,,,,,Bright sun,798102,0,0,0,2,,,0,,,,,,Auckland Region,Nil,2-way,Sealed,,0,0,,50,,Null,0,0,,76,Auckland,Give way,,,,,0,0,Urban,0,,,Fine,Null
1747589,5427634,34725,,575300,0,0,0,2,0,West,2005/2006,UPLAND ROAD,ST MICHAELS CRESCENT,,Non-Injury Crash,No,2006,0,East,0,0,0,Flat,0,,0,,0,Bright sun,2154100,0,0,0,2,0,0,0,0,1,,0,0,Wellington Region,Nil,2-way,Sealed,0,0,0,0,50,0,Null,0,0,,47,Wellington City,Nil,0,0,0,0,0,0,Urban,0,0,0,Fine,Null
1756168,5929061,34726,,508510,0,,0,2,,North,2006/2007,FORREST HILL ROAD,NILE ROAD N,,Minor Crash,No,2006,,South,,0,,Flat,,,,,,Overcast,195900,1,0,0,2,,,0,,,,,,Auckland Region,Nil,2-way,Sealed,,0,0,,50,,Off,0,0,,76,Auckland,Nil,,,,,0,0,Urban,0,,,Fine,Null
1927671,5606735,34727,,548500,0,,0,0,,South,2005/2006,KIWI ST,MOA PLACE,,Non-Injury Crash,No,2006,,South,,0,,Flat,,,,,,Bright sun,1479100,0,0,0,2,,,0,,,,,,Hawke's Bay Region,Nil,2-way,Sealed,,0,0,,50,,Null,1,0,,30,Hastings District,Nil,,,,,0,0,Urban,0,,,Fine,Null
1750077,5918002,34728,,514801,0,0,0,1,0,East,2005/2006,SH 16,ROSEBANK OBR,,Non-Injury Crash,Yes,2006,0,West,0,0,1,Flat,0,,0,,0,Bright sun,390401,0,0,0,3,0,0,0,0,0,,0,0,Auckland Region,Nil,1-way,Sealed,0,0,0,0,100,0,Off,0,0,,76,Auckland,Nil,0,0,0,0,1,0,Open,0,0,0,Fine,Null
1719086,6044114,34729,,503600,0,,0,1,,East,2005/2006,MORNINGSIDE ROAD,ANZAC ROAD,,Serious Crash,No,2006,,West,,0,,Hill Road,,,,,,Dark,105500,1,0,0,2,,,0,,,,,,Northland Region,Nil,2-way,Sealed,,0,1,,50,,On,0,0,,2,Whangarei District,Nil,,,,,0,0,Urban,1,,,Light rain,Null
1802029,5816897,34730,,530000,0,,0,2,,South,2006/2007,PEACHGROVE ROAD,BOUNDARY ROAD,,Non-Injury Crash,No,2006,,North,,0,,Flat,,,,,,Dark,867400,0,0,0,2,,,0,,,,,,Waikato Region,Nil,2-way,Sealed,,0,0,,50,,On,0,0,,16,Hamilton City,Unknown,,,,,0,0,Urban,0,,,Fine,Null
1932682,5602065,34731,,548831,0,,0,2,,Null,2005/2006,KARANEMA DRIVE,MARTIN PLACE,,Minor Crash,No,2006,,East,,0,,Flat,,,,,,Bright sun,1509100,1,0,0,3,,,0,,,,,,Hawke's Bay Region,Nil,2-way,Sealed,,0,0,,50,,Null,0,0,,30,Hastings District,Give way,,,,,0,0,Urban,0,,,Fine,Null
1622790,5431807,34732,,582401,0,,0,0,,Null,2005/2006,SH 6,RUSSELL ST,,Non-Injury Crash,Yes,2006,,North,,0,,Flat,,,,,,Bright sun,2326600,0,0,1,2,,,0,,,,,,Nelson Region,Nil,2-way,Sealed,,0,0,,50,,Null,0,0,,52,Nelson City,Give way,,,,,0,0,Urban,1,,,Fine,Null
1930872,5607861,34733,,545710,0,0,0,1,0,South,2005/2006,PAKOWHAI ROAD,RICHMOND ROAD,,Non-Injury Crash,No,2006,0,North,1,0,0,Flat,0,,0,,0,Dark,1471100,0,0,0,2,0,0,0,0,0,,0,0,Hawke's Bay Region,Nil,2-way,Sealed,0,0,0,0,70,0,On,0,0,,30,Hastings District,Nil,0,0,0,0,0,0,Urban,0,0,0,Fine,Null
1754328,5919893,34734,,515100,0,0,0,1,0,North,2005/2006,REGINA ST,RICHMOND ROAD,,Non-Injury Crash,No,2006,0,South,0,0,0,Flat,0,,0,,0,Dark,400700,0,0,0,2,0,0,0,0,0,,0,1,Auckland Region,Nil,2-way,Sealed,0,0,0,0,50,0,On,0,0,,76,Auckland,Nil,0,0,0,0,0,0,Urban,0,0,0,Fine,Null
1748090,5964053,34735,,506613,0,,0,2,,North,2006/2007,SH 1N,COWAN BAY ROAD,,Non-Injury Crash,Yes,2006,,South,,0,,Hill Road,,,,,,Dark,146104,0,0,0,2,,,0,,,,,,Auckland Region,Bridge,2-way,Sealed,,0,0,,100,,None,0,0,30,76,Auckland,Unknown,,,,,0,0,Open,0,,,Fine,Null
1769734,5914246,34736,,522722,0,,0,2,,North,2005/2006,AVIEMORE DRIVE,ABERFELDY AVENUE,,Non-Injury Crash,No,2006,,North,,0,,Flat,,Queens Birthday,,,,Overcast,681324,0,0,0,2,,,0,,,,,,Auckland Region,Nil,2-way,Sealed,,0,0,,60,,Off,0,0,,76,Auckland,Nil,,,,,0,0,Urban,0,,,Fine,Null
1772604,5912727,34737,,523102,0,0,0,1,0,Null,2006/2007,SOMERVILLE ROAD,JANE EYRE DRIVE,,Non-Injury Crash,No,2006,0,North,0,0,0,Hill Road,0,,0,,1,Dark,711019,0,0,0,2,0,0,0,0,0,,0,0,Auckland Region,Nil,2-way,Sealed,0,0,0,0,50,0,On,0,0,,76,Auckland,Stop,0,0,0,1,0,0,Urban,0,0,0,Fine,Null
1882048,5827714,34738,,536821,0,0,0,1,0,East,2005/2006,HULL ROAD,NEWTON ST,,Non-Injury Crash,No,2006,0,East,0,0,0,Flat,0,,0,,0,Dark,1203300,0,0,0,2,0,0,0,0,0,,0,0,Bay of Plenty Region,Rail xing,2-way,Sealed,0,0,0,0,50,0,On,0,0,,23,Tauranga City,Unknown,0,1,0,0,0,0,Urban,0,0,0,Light rain,Null
1758853,5911500,34739,,519820,0,,0,1,,South,2006/2007,SH 20,ONEHUNGA ON SBD,,Non-Injury Crash,Yes,2006,,South,,0,,Flat,,,,,,Bright sun,602402,0,0,0,2,,,0,,,,,,Auckland Region,Nil,1-way,Sealed,,0,0,,100,,Off,0,0,,76,Auckland,Nil,,,,,0,0,Open,1,,,Null,Null
1751650,5435816,34740,,573514,0,0,0,1,0,Null,2005/2006,HAWTREY TERRACE,CHORLEY GROVE,,Non-Injury Crash,No,2006,0,East,0,0,1,Hill Road,0,,0,,0,Bright sun,2087001,0,0,0,2,0,0,0,0,0,,0,0,Wellington Region,Nil,2-way,Sealed,0,0,0,0,50,0,Null,0,0,,47,Wellington City,Nil,0,0,0,0,0,0,Urban,0,0,0,Fine,Null
1982468,5671129,34741,,545500,0,0,0,1,0,South,2006/2007,SH 38,ORMOND ST,,Minor Crash,Yes,2006,0,North,0,0,0,Flat,0,,0,,0,Dark,1388000,1,0,0,2,0,0,0,0,0,,0,1,Hawke's Bay Region,Nil,2-way,Sealed,0,0,0,0,50,0,Off,0,0,,29,Wairoa District,Nil,0,0,0,0,0,0,Urban,0,0,0,Fine,Null
1678257,6022658,34742,,504600,0,,0,1,,Null,2006/2007,PARORE ST,TIRARAU ST,,Non-Injury Crash,No,2006,,North,,0,,Flat,,,,,,Bright sun,116100,0,0,0,2,,,0,,,,,,Northland Region,Nil,2-way,Sealed,,0,0,,50,,Off,0,0,,3,Kaipara District,Give way,,,,,0,0,Urban,1,,,Fine,Null
1441670,5006859,34743,,601010,0,,0,1,,North,2005/2006,SH 1S,BALMORAL ST,,Minor Crash,Yes,2006,,North,,0,,Flat,,,,,,Overcast,2848600,2,0,0,2,,,0,,,,,,Otago Region,Nil,2-way,Sealed,,0,0,,50,,Null,0,0,,68,Waitaki District,Unknown,,,,,0,0,Urban,1,,,Fine,Null
1719449,6044668,34744,,503600,0,0,0,1,0,Null,2006/2007,MORNINGSIDE ROAD,KAKA ST,,Non-Injury Crash,No,2006,0,South,0,0,0,Flat,0,,0,,0,Dark,104800,0,0,0,2,0,0,0,0,0,,0,0,Northland Region,Nil,2-way,Sealed,0,0,0,0,50,0,On,0,0,,2,Whangarei District,Give way,1,1,0,0,0,0,Urban,0,0,0,Fine,Null
1754453,5915142,34745,,518802,0,,0,1,,Null,2006/2007,MOUNT ALBERT ROAD,SANDRINGHAM ROAD,,Non-Injury Crash,No,2006,,East,,0,,Flat,,,,,,Dark,577300,0,0,0,4,,,0,,,,,,Auckland Region,Nil,2-way,Sealed,,0,0,,50,,On,1,0,,76,Auckland,Traffic Signals,,,,,0,0,Urban,0,,,Fine,Null
1766031,5915310,34746,,520601,0,,0,2,,North,2005/2006,TRIPOLI ROAD,HOBSON DRIVE,,Non-Injury Crash,No,2006,,North,,0,,Flat,,,,,,Overcast,633500,0,0,0,2,,,0,,,,,,Auckland Region,Nil,2-way,Sealed,,0,0,,50,,Off,0,0,,76,Auckland,Nil,,,,,0,0,Urban,0,,,Fine,Null
1863775,5544452,34747,,550102,0,,0,2,,Null,2005/2006,SH 2,GORDON ST,,Non-Injury Crash,Yes,2006,,North,,0,,Flat,,,,,,Dark,1528800,0,0,0,2,,,0,,,,,,Manawatū-Whanganui Region,Nil,2-way,Sealed,,0,0,,50,,On,1,0,,41,Tararua District,Give way,,,,,0,0,Urban,0,,,Fine,Null
1756400,5918943,34748,,515500,0,,0,2,,West,2006/2007,NEWTON ON WBD,NEWTON ROAD,,Non-Injury Crash,Yes,2006,,West,,0,,Flat,,,,,,Bright sun,417600,0,0,0,1,,,0,,,,,,Auckland Region,Motorway ramp,1-way,Sealed,,0,0,,100,,Off,0,0,70,76,Auckland,Nil,,,,,0,0,Open,0,,,Fine,Null
1803430,5814131,34749,,530700,0,0,0,1,0,West,2005/2006,CAMBRIDGE ROAD,PRESCOTT PLACE,,Non-Injury Crash,No,2006,0,East,0,0,0,Flat,0,,0,,0,Overcast,887300,0,0,0,2,0,0,0,0,1,,0,0,Waikato Region,Nil,2-way,Sealed,0,0,0,0,50,0,Null,2,0,,16,Hamilton City,Unknown,0,0,0,0,0,0,Urban,0,0,0,Fine,Null
1890115,5813640,34750,,538501,0,,0,1,,North,2006/2007,MANOEKA ROAD,LOWRY ROAD,,Non-Injury Crash,No,2006,,North,,0,,Flat,,,,,,Overcast,1207400,0,0,0,2,,,0,,,,,,Bay of Plenty Region,Nil,2-way,Sealed,,0,0,,70,,None,0,0,,22,Western Bay of Plenty District,Nil,,,,,1,0,Urban,0,,,Fine,Null
1242735,4848876,34751,,611220,0,,0,2,,Null,2006/2007,NITH ST,TEVIOT ST,,Minor Crash,No,2006,,East,,0,,Flat,,,,,,Twilight,3110200,1,0,0,2,,,0,,,,,,Southland Region,Nil,2-way,Sealed,,0,0,,50,,Off,0,0,,75,Invercargill City,Give way,,,,,0,0,Urban,0,,,Fine,Null
1745457,5920907,34752,,513301,0,,0,2,,South,2006/2007,SELWOOD ROAD,LINCOLN OFF EBD,,Non-Injury Crash,No,2006,,South,,0,,Flat,,,,,,Bright sun,230200,0,0,0,2,,,0,,,,,,Auckland Region,Bridge,2-way,Sealed,,0,0,,100,,Off,0,0,,76,Auckland,Traffic Signals,,,,,0,0,Open,0,,,Fine,Null
1756558,5927651,34753,,507900,0,,0,3,,Null,2005/2006,TAHAROTO ROAD,THE BOULEVARD,,Non-Injury Crash,No,2006,,North,,0,,Flat,,,,,,Overcast,305202,0,0,0,6,,,0,,,,,,Auckland Region,Nil,2-way,Sealed,,0,0,,50,,None,0,0,,76,Auckland,Traffic Signals,,,,,0,0,Urban,0,,,Fine,Null
1746146,5920279,34754,,513301,0,,0,3,,East,2005/2006,SH 16,LINCOLN OFF WBD,,Non-Injury Crash,Yes,2006,,West,,0,,Flat,,,,,,Twilight,230301,0,0,0,2,,,0,,,,,,Auckland Region,Nil,1-way,Sealed,,0,0,,100,,On,0,0,,76,Auckland,Nil,,,,,0,0,Open,1,,,Fine,Null
1779431,5876442,34755,,521131,0,0,0,0,0,South,2006/2007,SH 1N,POKENO OFF SBD,,Non-Injury Crash,Yes,2006,0,South,0,0,0,Flat,1,,0,,0,Dark,842101,0,0,0,2,0,0,0,0,0,,0,0,Waikato Region,Nil,2-way,Sealed,0,0,0,0,100,0,On,0,0,,13,Waikato District,Nil,0,0,0,0,1,0,Open,0,0,0,Fine,Null
1716181,6061104,34756,,504300,0,,0,2,,Null,2005/2006,SH 1N,KING ST,,Non-Injury Crash,Yes,2006,,South,,0,,Hill Road,,,,,,Overcast,63000,0,0,0,2,,,0,,,,,,Northland Region,Nil,2-way,Sealed,,0,0,,100,,Off,0,0,,2,Whangarei District,Stop,,,,,0,0,Open,0,,,Light rain,Null
1867403,5713857,34757,,541720,0,,0,0,,Null,2006/2007,RUNANGA ST,SPA ROAD,,Non-Injury Crash,No,2006,,East,,0,,Hill Road,,,,,,Dark,1275000,0,0,0,2,,,0,,,,,,Waikato Region,Nil,2-way,Sealed,,0,0,,50,,On,2,0,,21,Taupo District,Nil,,,,,0,0,Urban,0,,,Fine,Null
1772703,5895197,34758,,525520,0,,0,2,,South,2005/2006,GREAT SOUTH ROAD,BUTTERWORTH AVENUE,,Non-Injury Crash,No,2006,,North,,0,,Flat,,,,,,Bright sun,801800,0,0,0,3,,,0,,,,,,Auckland Region,Nil,2-way,Sealed,,0,0,,50,,Off,0,0,,76,Auckland,Nil,,,,,0,0,Urban,0,,,Fine,Null
1583778,5422335,34759,,581841,0,,0,2,,South,2005/2006,MOTUEKA VALLEY HIGHWAY,HINETAI ROAD,,Serious Crash,No,2006,,South,,0,,Hill Road,,,,,,Dark,2374400,3,0,0,2,,,0,,,,,,Tasman Region,Nil,2-way,Sealed,,0,1,,100,,None,0,0,,51,Tasman District,Nil,,,,,0,0,Open,0,,,Fine,Null
1881122,5826519,34760,,536821,0,,0,2,,Null,2006/2007,SH 2,TOTARA ST,,Non-Injury Crash,Yes,2006,,East,,0,,Flat,,,,,,Overcast,1203900,0,0,0,2,,,0,,,,,,Bay of Plenty Region,Nil,2-way,Sealed,,0,0,,50,,Null,0,0,,23,Tauranga City,Give way,,,,,0,0,Urban,0,,,Fine,Null
1788660,5752812,34761,,531731,0,0,0,1,1,South,2005/2006,SH 3,JOHNSTON ROAD,,Minor Crash,Yes,2006,0,North,0,0,0,Hill Road,0,,0,,0,Dark,1011100,1,0,0,4,0,0,0,0,0,,0,0,Waikato Region,Nil,2-way,Sealed,0,0,0,0,100,0,None,0,0,,20,Waitomo District,Unknown,0,0,0,0,0,0,Open,0,0,0,Fine,Null
1748281,5913996,34762,,511700,0,,0,3,,East,2005/2006,GREAT NORTH ROAD,WEST COAST ROAD,,Non-Injury Crash,No,2006,,West,,0,,Flat,,,,,,Bright sun,270202,0,0,0,3,,,0,,,,,,Auckland Region,Nil,1-way,Sealed,,0,0,,50,,Off,0,0,,76,Auckland,Nil,,,,,0,0,Urban,0,,,Fine,Null
1617517,6128693,34763,,500208,0,0,0,0,0,South,2006/2007,SH 1N,PAPARORE ROAD,,Non-Injury Crash,Yes,2006,0,South,1,0,0,Hill Road,0,,0,,0,Overcast,2200,0,0,0,2,0,0,0,0,0,,0,0,Northland Region,Nil,2-way,Sealed,0,0,0,0,100,0,Null,1,0,,1,Far North District,Unknown,0,0,0,0,0,0,Open,0,0,0,Light rain,Null
1758338,5925745,34764,,508020,0,0,0,2,0,North,2005/2006,FRANCIS ST,JUTLAND ROAD,,Non-Injury Crash,No,2006,0,South,0,0,0,Flat,0,,0,,0,Dark,323000,0,0,0,2,0,0,0,0,1,,0,0,Auckland Region,Nil,2-way,Sealed,0,0,0,0,50,0,On,0,0,,76,Auckland,Nil,0,0,0,1,0,0,Urban,0,0,0,Light rain,Null
1246176,4849208,34765,,611500,0,0,0,1,0,Null,2005/2006,TWEED ST,THORNHILL ST,,Minor Crash,No,2006,0,West,0,0,1,Flat,0,,0,,0,Overcast,3141500,4,0,0,4,0,0,0,0,0,,0,0,Southland Region,Nil,2-way,Sealed,0,0,0,0,50,0,Null,1,0,,75,Invercargill City,Nil,0,0,0,0,0,0,Urban,0,0,0,Fine,Null
1796386,5822913,34766,,527123,0,0,0,1,0,Null,2006/2007,RIVER ROAD,KAY ROAD,,Non-Injury Crash,No,2006,0,South,0,0,0,Flat,0,,0,,0,Bright sun,952400,0,0,0,2,0,0,0,1,0,,0,0,Waikato Region,Nil,2-way,Sealed,0,0,0,0,100,0,Off,0,0,,13,Waikato District,Give way,0,0,0,0,0,0,Open,0,0,0,Fine,Null
1566708,5184914,34767,,588500,0,0,0,1,0,Null,2005/2006,HAREWOOD ROAD,FARRINGTON AVENUE,,Minor Crash,No,2006,0,East,0,0,1,Flat,0,,0,,0,Dark,2525500,1,0,0,4,0,0,0,0,0,,0,1,Canterbury Region,Nil,2-way,Sealed,0,0,0,0,50,0,On,0,0,,60,Christchurch City,Give way,0,0,0,0,0,0,Urban,0,0,0,Fine,Null
1763787,5912170,34768,,520500,0,,0,1,,Null,2006/2007,SYLVIA PARK ROAD,PACIFIC RISE,,Non-Injury Crash,No,2006,,East,,0,,Flat,,,,,,Overcast,637300,0,0,0,2,,,0,,,,,,Auckland Region,Nil,2-way,Sealed,,0,0,,50,,Null,0,0,,76,Auckland,Give way,,,,,0,0,Urban,1,,,Fine,Null
1439132,5005164,34769,,600812,0,0,0,1,0,West,2006/2007,OLD MILL ROAD,EDEN ST,,Serious Crash,No,2006,0,West,0,0,1,Hill Road,0,,0,,0,Dark,2828300,0,0,0,2,0,0,0,0,0,,0,0,Otago Region,Nil,2-way,Sealed,0,0,1,0,80,0,None,0,0,,68,Waitaki District,Unknown,0,0,0,0,0,0,Open,0,0,0,Fine,Null
1793571,5500899,34770,,564210,0,,0,0,,Null,2006/2007,SH 1N,EXETER ST,,Minor Crash,Yes,2006,,South,,0,,Flat,,,,,,Bright sun,1865000,1,0,0,2,,,0,,,1,,,Manawatū-Whanganui Region,Nil,2-way,Sealed,,0,0,,50,,Null,0,0,,42,Horowhenua District,Nil,,,,,1,0,Urban,0,,,Fine,Null
1747326,5914848,34771,,511800,0,0,0,1,0,West,2005/2006,GREAT NORTH ROAD,PALMER AVENUE,,Non-Injury Crash,No,2006,0,East,0,0,0,Hill Road,1,,0,,0,Dark,277902,0,0,0,4,0,0,0,0,0,,0,0,Auckland Region,Nil,2-way,Sealed,0,0,0,0,50,0,On,0,0,30,76,Auckland,Nil,0,1,0,1,0,0,Urban,0,0,0,Fine,Null
1829514,5626788,34772,,558500,0,,0,0,,South,2006/2007,SH 1N,SH 49,,Non-Injury Crash,Yes,2006,,South,,0,,Flat,,,,,,Bright sun,1753300,0,0,0,2,,,0,,,,,,Manawatū-Whanganui Region,Nil,2-way,Sealed,,0,0,,70,,Null,0,0,,36,Ruapehu District,Nil,,,,,1,0,Urban,1,,,Fine,Null
1747361,5926662,34773,,513431,0,,0,2,,South,2005/2006,OLD SH 18,BUCKLEY AVENUE,,Non-Injury Crash,Yes,2006,,South,,0,,Flat,,,,,,Overcast,221802,0,0,0,3,,,0,,,,,,Auckland Region,Nil,2-way,Sealed,,0,0,,50,,On,0,0,,76,Auckland,Nil,,,,,0,0,Urban,0,,,Fine,Null
1790524,5731062,34774,,531800,0,0,0,0,0,South,2005/2006,SH 4,MANGAITI ROAD,,Non-Injury Crash,Yes,2006,0,South,0,0,1,Flat,0,,0,,0,Dark,1014002,0,0,0,2,0,0,0,0,0,,0,0,Waikato Region,Nil,2-way,Sealed,0,0,0,0,100,0,None,0,0,,20,Waitomo District,Unknown,0,0,0,0,1,0,Open,0,0,0,Fine,Null
1881212,5780779,34775,,538601,0,0,0,1,0,North,2006/2007,BRUCE ST,FRANCES ST,,Non-Injury Crash,No,2006,0,South,0,0,0,Flat,0,,0,,0,Bright sun,1249002,0,0,0,2,0,0,0,0,0,,0,0,Bay of Plenty Region,Nil,2-way,Sealed,0,0,0,0,50,0,Null,0,0,,24,Rotorua District,Unknown,0,0,0,1,0,0,Urban,0,0,0,Fine,Null
1757879,5914453,34776,,518600,0,,0,2,,Null,2005/2006,PAH ROAD,SELWYN ROAD,,Minor Crash,No,2006,,North,,0,,Flat,,,,,,Dark,565800,2,0,0,2,,,0,,,,,,Auckland Region,Nil,2-way,Sealed,,0,0,,50,,On,0,0,,76,Auckland,Stop,,,,,0,0,Urban,0,,,Light rain,Null
1763685,5908903,34777,,521901,0,,0,2,,North,2006/2007,WALMSLEY ROAD,MANGERE ROAD,,Non-Injury Crash,No,2006,,South,,0,,Flat,,,,,,Bright sun,783600,0,0,0,2,,,0,,,,,,Auckland Region,Nil,2-way,Sealed,,0,0,,50,,Off,0,0,,76,Auckland,Traffic Signals,,,,,0,0,Urban,1,,,Null,Null
1753911,5925528,34778,,508610,0,,0,1,,Null,2005/2006,GLENFIELD ROAD,PUPUKE ROAD,,Non-Injury Crash,No,2006,,South,,0,,Hill Road,,,,,,Overcast,207200,0,0,0,4,,,0,,,,,,Auckland Region,Nil,2-way,Sealed,,0,0,,50,,On,1,0,,76,Auckland,Traffic Signals,,,,,0,0,Urban,0,,,Fine,Null
1771523,5897827,34779,,523912,0,,0,2,,Null,2006/2007,GREAT SOUTH ROAD,WALTERS ROAD,,Non-Injury Crash,No,2006,,West,,0,,Flat,,,,,,Dark,765700,0,0,0,2,,,0,,,,,,Auckland Region,Nil,2-way,Sealed,,0,0,,50,,On,0,0,,76,Auckland,Give way,,,,,0,0,Urban,0,,,Light rain,Null
1745378,5920378,34780,,513301,0,,0,2,,Null,2006/2007,LINCOLN ROAD,TRIANGLE ROAD,,Non-Injury Crash,No,2006,,North,,0,,Flat,,,,,,Bright sun,230302,0,0,0,2,,,0,,,,,,Auckland Region,Nil,2-way,Sealed,,0,0,,50,,Off,0,0,,76,Auckland,Give way,,,,,0,0,Urban,0,,,Fine,Null
1736751,5999872,34781,,505010,0,0,0,1,0,East,2006/2007,KAIWAKA MANGAWHAI ROAD,SETTLEMENT ROAD,,Minor Crash,No,2006,0,West,0,0,0,Flat,0,Labour Weekend,0,,0,Dark,133900,3,0,0,2,0,0,0,0,0,,0,0,Northland Region,Nil,2-way,Sealed,0,0,0,0,100,0,None,0,0,,3,Kaipara District,Nil,0,0,0,1,0,0,Open,0,0,0,Light rain,Null
1932007,5606400,34782,,545721,0,,0,1,,North,2005/2006,ELWOOD ROAD,SH 2,,Non-Injury Crash,No,2006,,North,,0,,Flat,,,,,,Bright sun,1471700,0,0,0,2,,,0,,,,,,Hawke's Bay Region,Nil,2-way,Sealed,,0,0,,70,,Null,0,0,,30,Hastings District,Nil,,,,,0,0,Urban,1,,,Fine,Null
1751554,5915607,34783,,514401,0,0,0,2,0,South,2005/2006,BLOCKHOUSE BAY ROAD,WALSALL ST,,Non-Injury Crash,No,2006,0,North,0,0,0,Flat,0,,0,,0,Overcast,382104,0,0,0,2,0,0,0,0,1,,0,0,Auckland Region,Nil,2-way,Sealed,0,0,0,0,50,0,Off,0,0,,76,Auckland,Nil,0,0,0,0,0,0,Urban,0,0,0,Light rain,Null
1891126,5821810,34784,,536201,0,,0,2,,West,2005/2006,DICKSON ROAD,LONGVIEW DRIVE,,Non-Injury Crash,No,2006,,East,,0,,Flat,,,,,,Bright sun,1204711,0,0,0,2,,,0,,,,,,Bay of Plenty Region,Nil,2-way,Sealed,,0,0,,50,,Off,0,0,,23,Tauranga City,Nil,,,,,0,0,Urban,0,,,Fine,Null
1766651,5887656,34785,,521122,0,1,0,1,0,East,2006/2007,GLENBROOK ROAD,CHARLES ROAD,,Non-Injury Crash,No,2006,0,East,0,0,0,Flat,0,,0,,0,Twilight,810000,0,0,0,2,0,0,0,0,0,,0,0,Auckland Region,Bridge,2-way,Sealed,0,0,0,0,100,0,None,0,0,,76,Auckland,Nil,0,0,0,0,0,0,Open,0,0,0,Fine,Null
1772867,5891399,34786,,521301,0,,0,2,,North,2005/2006,DRURY ON NBD,GREAT SOUTH ROAD,,Minor Crash,Yes,2006,,North,,0,,Hill Road,,,,,,Overcast,808702,1,0,0,1,,,0,,,,,,Auckland Region,Motorway ramp,1-way,Sealed,,0,0,,100,,Null,0,0,,76,Auckland,Nil,,,,,0,0,Open,0,,,Light rain,Null
1749560,5945448,34787,,505806,0,,0,1,,Null,2006/2007,EAST COAST ROAD,TAVERN ROAD,,Non-Injury Crash,No,2006,,South,,0,,Hill Road,,,,,,Bright sun,176802,0,0,0,2,,,0,,,,,,Auckland Region,Nil,2-way,Sealed,,0,0,,70,,Off,0,0,,76,Auckland,Stop,,,,,1,0,Urban,0,,,Fine,Null
1851349,5766486,34788,,535350,0,,0,1,,South,2005/2006,SH 1N,CHAMBERS ST,,Non-Injury Crash,Yes,2006,,North,,0,,Flat,,,,,,Bright sun,1139300,0,0,0,3,,,0,,,,,,Waikato Region,Nil,2-way,Sealed,,0,0,,60,,Null,0,0,,19,South Waikato District,Unknown,,,,,1,0,Urban,0,,,Fine,Null
1766262,5905375,34789,,522202,0,,0,0,,Null,2005/2006,CARRUTH ROAD,ALLENBY ROAD,,Non-Injury Crash,No,2006,,South,,0,,Flat,,,,,,Overcast,665700,0,0,0,2,,,0,,,,,,Auckland Region,Nil,2-way,Sealed,,0,0,,50,,Off,0,0,,76,Auckland,Stop,,,,,0,0,Urban,2,,,Light rain,Strong wind
1750600,5955535,34790,,506613,0,0,0,2,1,South,2006/2007,SH 1N,BILLING ROAD,,Non-Injury Crash,Yes,2006,0,North,0,0,0,Hill Road,0,,0,,0,Bright sun,147000,0,0,0,2,0,0,0,0,0,,0,0,Auckland Region,Nil,2-way,Sealed,0,0,0,0,60,0,Off,0,0,,76,Auckland,Nil,0,0,0,0,0,0,Urban,0,0,0,Fine,Null