X,Y,OBJECTID,advisorySpeed,areaUnitID,bicycle,bridge,bus,carStationWagon,cliffBank,crashDirectionDescription,crashFinancialYear,crashLocation1,crashLocation2,crashRoadSideRoad,crashSeverity,crashSHDescription,crashYear,debris,directionRoleDescription,ditch,fatalCount,fence,flatHill,guardRail,holiday,houseOrBuilding,intersection,kerb,light,meshblockId,minorInjuryCount,moped,motorcycle,NumberOfLanes,objectThrownOrDropped,otherObject,otherVehicleType,overBank,parkedVehicle,pedestrian,phoneBoxEtc,postOrPole,region,roadCharacter,roadLane,roadSurface,roadworks,schoolBus,seriousInjuryCount,slipOrFlood,speedLimit,strayAnimal,streetLight,suv,taxi,temporarySpeedLimit,tlaId,tlaName,trafficControl,trafficIsland,trafficSign,train,tree,truck,unknownVehicleType,urban,vanOrUtility,vehicle,waterRiver,weatherA,weatherB
1677851,5407152,34791,,580449,0,1,0,1,0,East,2005/2006,THOMSONS FORD ROAD,MILLS AND FORD ROAD WEST,,Minor Crash,No,2006,0,East,0,0,1,Flat,0,,0,,0,Bright sun,2291401,1,0,0,2,0,0,0,0,0,,0,0,Marlborough Region,Nil,2-way,Sealed,0,0,0,0,100,0,Null,0,0,,53,Marlborough District,Nil,0,0,0,0,0,0,Open,0,0,0,Fine,Null
1750489,5946516,34792,,505806,0,,0,4,,East,2006/2007,HIBISCUS COAST HIGHWAY,TITAN PLACE,,Minor Crash,No,2006,,South,,0,,Flat,,,,,,Bright sun,176504,1,0,0,2,,,0,,,,,,Auckland Region,Nil,1-way,Sealed,,0,0,,80,,Off,0,0,,76,Auckland,Nil,,,,,0,0,Open,0,,,Fine,Null
1750195,5940454,34793,,506300,0,,0,2,,South,2006/2007,SH 1N,WILKS OBR,,Non-Injury Crash,Yes,2006,,North,,0,,Flat,,,,,,Bright sun,175906,0,0,0,4,,,0,,,,,,Auckland Region,Nil,2-way,Sealed,,0,0,,100,,Null,0,0,,76,Auckland,Unknown,,,,,0,0,Open,0,,,Fine,Null
1753350,5917453,34794,,517800,0,,0,1,,Null,2005/2006,ROSSGROVE TERRACE,LINWOOD AVENUE,,Non-Injury Crash,No,2006,,East,,0,,Flat,,,,,,Bright sun,526300,0,0,0,2,,,0,,,,,,Auckland Region,Nil,2-way,Sealed,,0,0,,50,,Off,1,0,,76,Auckland,Nil,,,,,0,0,Urban,0,,,Fine,Null
1756824,5920315,34795,,514102,0,,0,2,,South,2005/2006,NELSON ST,WELLESLEY ST WEST,,Non-Injury Crash,No,2006,,North,,0,,Hill Road,,,,,,Overcast,432700,0,0,0,5,,,0,,,,,,Auckland Region,Nil,1-way,Sealed,,0,0,,50,,Null,0,0,,76,Auckland,Unknown,,,,,0,0,Urban,0,,,Light rain,Strong wind
1763313,5920392,34796,,516500,0,,0,2,,West,2005/2006,TAMAKI DRIVE,PATTESON AVENUE,,Minor Crash,No,2006,,West,,0,,Flat,,,,,,Overcast,500600,1,0,0,4,,,0,,,,,,Auckland Region,Nil,2-way,Sealed,,0,0,,50,,Off,0,0,,76,Auckland,Nil,,,,,0,0,Urban,0,,,Fine,Null
1692734,5676002,34797,,551800,0,,0,3,,North,2006/2007,ROBE ST,VIVIAN ST,,Minor Crash,No,2006,,North,,0,,Flat,,,,,,Overcast,1592100,1,0,0,2,,,0,,,,,,Taranaki Region,Nil,2-way,Sealed,,0,0,,50,,Null,0,0,,33,New Plymouth District,Nil,,,,,0,0,Urban,0,,,Fine,Null
1748555,5427266,34798,,573101,0,,0,2,,North,2005/2006,VICTORIA ST,GHUZNEE ST,,Non-Injury Crash,No,2006,,South,,0,,Flat,,,,,,Overcast,2131400,0,0,0,3,,,0,,,,,,Wellington Region,Nil,2-way,Sealed,,0,0,,50,,Null,0,0,,47,Wellington City,Nil,,,,,0,0,Urban,0,,,Fine,Null
1842798,5911113,34799,,533200,0,,0,0,,East,2006/2007,SH 25,TE KAUANGA ROAD,,Non-Injury Crash,Yes,2006,,East,,0,,Hill Road,,,,,,Bright sun,1048101,0,0,0,4,,,0,,,,,,Waikato Region,Nil,2-way,Sealed,,0,0,,100,,Off,0,0,,11,Thames-Coromandel District,Nil,,,,,2,0,Open,0,,,Fine,Null
1754283,5933970,34800,,508804,0,,0,1,,North,2006/2007,EAST COAST ROAD,GREVILLE ROAD,,Non-Injury Crash,No,2006,,North,,0,,Hill Road,,,,,,Dark,180611,0,0,0,2,,,0,,,,,,Auckland Region,Nil,2-way,Sealed,,0,0,,50,,On,0,0,,76,Auckland,Nil,,,,,0,0,Urban,1,,,Fine,Null
1762709,5903711,34801,,524604,0,,0,2,,West,2005/2006,SH 20B,PRICE ROAD,,Non-Injury Crash,Yes,2006,,West,,0,,Flat,,,,,,Bright sun,781100,0,0,0,2,,,0,,,,,,Auckland Region,Nil,2-way,Sealed,,0,0,,100,,None,0,0,,76,Auckland,Nil,,,,,1,0,Open,0,,,Fine,Null
1718841,6049187,34802,,502400,0,0,0,1,0,Null,2006/2007,MIRO ST,JACK ST,,Non-Injury Crash,No,2006,0,North,0,0,0,Flat,0,,0,,0,Overcast,93700,0,0,0,2,0,0,0,0,0,,0,1,Northland Region,Nil,2-way,Sealed,0,0,0,0,50,0,None,0,0,,2,Whangarei District,Nil,0,0,0,0,0,0,Urban,0,0,0,Light rain,Null
1768932,5906442,34803,,523711,0,0,0,1,0,Null,2006/2007,BELINDA AVENUE,PENION DRIVE,,Non-Injury Crash,No,2006,0,East,0,0,1,Flat,0,,0,,0,Dark,713007,0,0,0,2,0,0,0,0,0,,0,0,Auckland Region,Nil,2-way,Sealed,0,0,0,0,50,0,On,0,0,,76,Auckland,Nil,0,0,0,0,0,0,Urban,0,0,0,Fine,Null
1746236,5914018,34804,,511001,0,0,0,1,0,Null,2006/2007,WEST COAST ROAD,ROSIER ROAD,,Non-Injury Crash,No,2006,0,North,0,0,1,Hill Road,0,,1,,0,Dark,282701,0,0,0,2,0,0,0,0,0,,0,0,Auckland Region,Nil,2-way,Sealed,0,0,0,0,50,0,On,0,0,,76,Auckland,Traffic Signals,0,0,0,0,0,0,Urban,0,0,0,Light rain,Null
1757271,5920985,34805,,514102,0,,0,0,,North,2005/2006,STURDEE ST,MARKET LANE,,Minor Crash,No,2006,,East,,0,,Flat,,,,,,Bright sun,433101,1,1,0,3,,,0,,,,,,Auckland Region,Nil,1-way,Sealed,,0,0,,50,,Off,0,0,,76,Auckland,Nil,,,,,0,0,Urban,1,,,Fine,Null
1820694,5486796,34806,,578200,0,0,0,1,0,South,2005/2006,SH 2,KAIPARORO ROAD,,Minor Crash,Yes,2006,0,North,1,0,0,Hill Road,0,,0,,0,Dark,2229001,1,0,0,2,0,0,0,0,0,,0,0,Manawatū-Whanganui Region,Nil,2-way,Sealed,0,0,0,0,100,0,None,0,0,,41,Tararua District,Nil,0,0,0,0,0,0,Open,0,0,0,Fine,Null
1738042,5979940,34807,,506660,0,,0,1,,South,2006/2007,SH 1N,CENTENNIAL PARK ROAD,,Non-Injury Crash,Yes,2006,,North,,0,,Flat,,,,,,Overcast,136400,0,0,0,2,,,0,,,,,,Auckland Region,Nil,2-way,Sealed,,0,0,,100,,Off,0,0,,76,Auckland,Nil,,,,,0,0,Open,0,,,Light rain,Null
1611693,5420932,34808,,581720,0,,0,1,,Null,2005/2006,SH 6,ANISEED VALLEY ROAD,,Non-Injury Crash,Yes,2006,,South,,0,,Flat,,Easter,,,,Bright sun,2358600,0,0,0,2,,,0,,,,,,Tasman Region,Nil,2-way,Sealed,,0,0,,100,,Null,1,0,,51,Tasman District,Give way,,,,,0,0,Open,0,,,Fine,Null
1748582,5914762,34809,,511700,0,0,0,1,0,South,2005/2006,KELWYN ROAD,ARCHLYNN ROAD,,Non-Injury Crash,No,2006,0,North,0,0,0,Flat,0,,0,,0,Dark,270100,0,0,0,2,0,0,0,0,0,,0,1,Auckland Region,Nil,2-way,Sealed,0,0,0,0,50,0,On,0,0,,76,Auckland,Nil,0,0,0,0,0,0,Urban,0,0,0,Light rain,Null
1673856,5632483,34810,,553200,0,0,0,1,0,East,2006/2007,SH 45,HAVELOCK ST,,Minor Crash,Yes,2006,0,West,0,0,0,Flat,0,,0,,0,Dark,1633600,1,0,0,2,0,0,0,0,0,,0,1,Taranaki Region,Nil,2-way,Sealed,0,0,0,0,50,0,On,0,0,,35,South Taranaki District,Nil,0,0,0,0,0,0,Urban,0,0,0,Fine,Null
1822246,5530641,34811,,562401,0,,0,2,,Null,2005/2006,FEATHERSTON ST,RUSSELL ST,,Non-Injury Crash,No,2006,,West,,0,,Flat,,Easter,,,,Dark,1833700,0,0,0,2,,,0,,,,,,Manawatū-Whanganui Region,Nil,2-way,Sealed,,0,0,,50,,On,0,1,,40,Palmerston North City,Stop,,,,,0,0,Urban,0,,,Fine,Null
1771910,5894374,34812,,525530,0,0,0,1,0,Null,2006/2007,CHICHESTER DRIVE,TATARIKI ST,,Non-Injury Crash,No,2006,0,West,0,0,1,Flat,0,,0,,0,Dark,805400,0,0,0,2,0,0,0,0,0,,0,0,Auckland Region,Nil,2-way,Sealed,0,0,0,0,50,0,On,0,0,,76,Auckland,Stop,0,0,0,0,0,0,Urban,0,0,0,Fine,Null
1750477,5913742,34813,,511303,0,,0,1,,Null,2006/2007,PORTAGE ROAD,CLARK ST,,Non-Injury Crash,No,2006,,North,,0,,Flat,,,,,,Bright sun,265100,0,0,0,4,,,0,,,,,,Auckland Region,Nil,2-way,Sealed,,0,0,,50,,Off,0,0,,76,Auckland,Give way,,,,,0,0,Urban,1,,,Fine,Null
1884916,5691158,34814,,541342,0,,0,0,,South,2006/2007,TAHARUA ROAD,SH 5,,Serious Crash,No,2006,,North,,0,,Flat,,,,,,Overcast,1280705,0,0,0,1,,,0,,,,,,Bay of Plenty Region,Nil,2-way,Sealed,,0,1,,100,,None,1,0,,21,Taupo District,Nil,,,,,0,0,Open,0,,,Fine,Strong wind
1869903,5815155,34815,,536630,0,,0,2,,South,2005/2006,OMANAWA ROAD,SH 29,,Minor Crash,No,2006,,South,,0,,Flat,,,,,,Bright sun,1191701,1,0,0,2,,,0,,,,,,Bay of Plenty Region,Nil,2-way,Sealed,,0,0,,100,,Null,0,0,,22,Western Bay of Plenty District,Unknown,,,,,0,0,Open,0,,,Fine,Null
1730401,5994754,34816,,505010,0,,0,2,,South,2006/2007,SH 1N,SETTLEMENT ROAD,,Non-Injury Crash,Yes,2006,,South,,0,,Hill Road,,,,,,Bright sun,135003,0,0,0,3,,,0,,,,,,Northland Region,Nil,2-way,Sealed,,0,0,,100,,None,0,0,,3,Kaipara District,Nil,,,,,0,0,Open,0,,,Fine,Null
1867320,5722843,34817,,541335,0,0,0,1,1,North,2005/2006,SH 1N,KAURI DRIVE,,Non-Injury Crash,Yes,2006,0,North,0,0,0,Flat,0,Easter,0,,0,Overcast,1278202,0,0,0,2,0,0,0,0,0,,0,0,Waikato Region,Nil,2-way,Sealed,0,0,0,0,100,0,Null,0,0,,21,Taupo District,Unknown,0,0,0,0,0,0,Open,0,0,0,Fine,Null
1878076,5825710,34818,,537202,0,0,0,0,0,East,2006/2007,PILLANS ROAD,GRANGE ROAD,,Non-Injury Crash,No,2006,0,East,0,0,0,Hill Road,0,,0,,0,Dark,1156800,0,0,0,2,0,0,0,0,1,,0,0,Bay of Plenty Region,Nil,2-way,Sealed,0,0,0,0,50,0,On,0,0,,23,Tauranga City,Nil,0,0,0,0,0,0,Urban,2,0,0,Fine,Null
1823708,5537759,34819,,560301,0,,0,1,,North,2005/2006,DIXONS LINE,LITTLE ST,,Serious Crash,No,2006,,North,,0,,Flat,,,,,,Overcast,1759100,1,0,1,2,,,0,,,,,,Manawatū-Whanganui Region,Nil,2-way,Sealed,,0,1,,50,,Null,0,0,,40,Palmerston North City,Nil,,,,,0,0,Urban,0,,,Fine,Null
1750224,5946349,34820,,506001,0,,0,1,,Null,2005/2006,HIBISCUS COAST HIGHWAY,WAINUI ROAD,,Minor Crash,No,2006,,East,,0,,Hill Road,,,,,,Bright sun,175501,1,0,0,6,,,0,,,,,,Auckland Region,Nil,2-way,Sealed,,0,0,,80,,Off,1,0,,76,Auckland,Give way,,,,,0,0,Open,0,,,Fine,Null
1756578,5927789,34821,,507900,0,,0,2,,South,2006/2007,Z CPK HOSPITAL,SHAKESPEARE ROAD,,Non-Injury Crash,No,2006,,North,,0,,Flat,,,,,,Bright sun,304300,0,0,0,1,,,0,,,,,,Auckland Region,Nil,Off road,Sealed,,0,0,,20,,Off,0,0,,76,Auckland,Stop,,,,,0,0,Urban,0,,,Fine,Null
1411621,4916497,34822,,604810,0,0,0,1,1,South,2005/2006,PORTOBELLO ROAD,ST RONANS ROAD,,Minor Crash,No,2006,0,North,0,0,0,Flat,0,,0,,0,Overcast,2940800,1,0,0,2,0,0,0,0,0,,0,0,Otago Region,Nil,2-way,Sealed,0,0,0,0,70,0,Null,0,0,,71,Dunedin City,Unknown,0,0,0,0,0,0,Urban,0,0,0,Light rain,Null
1745063,5917750,34823,,510700,0,,0,2,,Null,2005/2006,LINCOLN ROAD,GREAT NORTH ROAD,,Non-Injury Crash,No,2006,,West,,0,,Flat,,,,,,Bright sun,239501,0,0,0,5,,,0,,,,,,Auckland Region,Nil,2-way,Sealed,,0,0,,50,,Off,0,0,,76,Auckland,Traffic Signals,,,,,0,0,Urban,0,,,Null,Null
2035917,5710713,34824,,544200,0,0,0,1,0,West,2006/2007,STOUT ST,ATKINSON ST,,Minor Crash,No,2006,0,East,0,0,0,Flat,0,,0,,0,Dark,1377600,1,0,0,2,0,0,0,0,0,,0,1,Gisborne Region,Nil,2-way,Sealed,0,0,0,0,50,0,On,0,0,,28,Gisborne District,Nil,0,0,0,0,0,0,Urban,0,0,0,Light rain,Null
1856154,5537513,34825,,550200,0,0,0,2,0,South,2006/2007,SH 2,OLD MAIN ROAD,,Minor Crash,Yes,2006,0,North,0,0,0,Hill Road,0,,0,,0,Overcast,1544600,2,0,0,2,0,0,0,0,0,,0,1,Manawatū-Whanganui Region,Nil,2-way,Sealed,0,0,0,0,100,0,Null,0,0,,41,Tararua District,Nil,0,1,0,0,0,0,Open,0,0,0,Fine,Null
1754453,5915142,34826,,518802,0,0,0,0,0,Null,2006/2007,MOUNT ALBERT ROAD,SANDRINGHAM ROAD,,Non-Injury Crash,No,2006,0,South,0,0,0,Hill Road,0,,0,,0,Bright sun,577300,0,1,0,4,0,1,0,0,0,1,0,0,Auckland Region,Nil,2-way,Sealed,0,0,0,0,50,0,Null,0,0,,76,Auckland,Traffic Signals,0,0,0,0,0,0,Urban,0,0,0,Fine,Null
1767475,5913000,34827,,522910,0,0,0,1,0,North,2005/2006,GLENSIDE AVENUE,REEVES ROAD,,Non-Injury Crash,No,2006,0,South,0,0,1,Flat,0,,0,,0,Bright sun,685300,0,0,0,2,0,0,0,0,0,,0,0,Auckland Region,Nil,2-way,Sealed,0,0,0,0,50,0,Off,0,0,,76,Auckland,Nil,0,0,0,0,0,0,Urban,0,0,0,Fine,Null
1802700,5814588,34828,,530200,0,,0,2,,Null,2006/2007,GALLOWAY ST,WELLINGTON ST,,Non-Injury Crash,No,2006,,East,,0,,Flat,,,,,,Bright sun,892000,0,0,0,2,,,0,,,,,,Waikato Region,Nil,2-way,Sealed,,0,0,,50,,None,0,0,,16,Hamilton City,Give way,,,,,0,0,Urban,0,,,Fine,Null
1854877,5803127,34829,,535231,0,0,0,1,1,East,2005/2006,SH 29,SH 28,,Non-Injury Crash,Yes,2006,0,North,1,0,0,Hill Road,0,,0,,0,Dark,1113900,0,0,0,3,0,0,0,0,0,,0,0,Waikato Region,Nil,2-way,Unsealed,0,0,0,0,100,0,Off,0,0,50,15,Matamata-Piako District,Unknown,0,0,0,0,0,0,Open,0,0,0,Mist or Fog,Null
1766447,5907716,34830,,523402,0,0,0,1,0,West,2005/2006,ASHTON AVENUE,OTARA ROAD,,Non-Injury Crash,No,2006,0,East,0,0,0,Flat,0,,0,,0,Bright sun,699300,0,0,0,2,0,0,0,0,0,,0,1,Auckland Region,Nil,2-way,Sealed,0,0,0,0,50,0,Off,0,0,,76,Auckland,Nil,0,0,0,0,0,0,Urban,0,0,0,Fine,Null
1753034,5912487,34831,,518902,0,0,0,3,0,Null,2005/2006,WHITE SWAN ROAD,HILLSBOROUGH ROAD,,Non-Injury Crash,No,2006,0,West,0,0,0,Hill Road,0,,0,,0,Dark,586700,0,0,0,3,0,1,0,0,0,,0,0,Auckland Region,Nil,2-way,Sealed,0,0,0,0,50,0,On,0,0,,76,Auckland,Stop,0,0,0,0,0,0,Urban,0,2,0,Fine,Null
1764154,5909624,34832,,521901,0,,0,2,,East,2006/2007,QUEEN ST,HALL AVENUE,,Non-Injury Crash,No,2006,,South,,0,,Flat,,,,,,Bright sun,784500,0,0,0,2,,,0,,,,,,Auckland Region,Nil,2-way,Sealed,,0,0,,50,,Off,0,0,,76,Auckland,Nil,,,,,0,0,Urban,0,,,Fine,Null
1775386,5896249,34833,,525700,0,0,0,1,0,East,2006/2007,SETTLEMENT ROAD,DUCKWORTH ROAD,,Fatal Crash,No,2006,0,West,0,1,0,Hill Road,0,Christmas New Year,0,,0,Dark,800201,1,0,0,2,0,0,0,0,0,,0,0,Auckland Region,Nil,2-way,Sealed,0,0,0,0,50,0,None,0,0,,76,Auckland,Nil,0,0,0,1,0,0,Urban,0,0,0,Fine,Null
1757648,5920896,34834,,514101,0,,0,2,,North,2005/2006,COMMERCE ST,CUSTOMS ST EAST,,Non-Injury Crash,No,2006,,North,,0,,Flat,,,,,,Overcast,437903,0,0,0,2,,,0,,,,,,Auckland Region,Nil,2-way,Sealed,,0,0,,50,,Off,0,0,,76,Auckland,Nil,,,,,0,0,Urban,0,,,Fine,Null
1836330,5860497,34835,,534300,0,0,0,1,0,Null,2005/2006,TOWERS ST,MILLER AVENUE,,Non-Injury Crash,No,2006,0,South,0,0,0,Hill Road,0,,0,,0,Overcast,1072302,0,0,0,2,0,0,0,0,0,,0,0,Waikato Region,Nil,2-way,Unsealed,0,0,0,0,50,0,None,0,0,,12,Hauraki District,Nil,0,0,0,1,0,0,Urban,0,0,0,Fine,Null
1751243,5915259,34836,,514401,0,0,0,1,0,East,2006/2007,CRAYFORD ST,GREAT NORTH ROAD,,Non-Injury Crash,No,2006,0,South,0,0,0,Hill Road,0,,1,,0,Overcast,382400,0,0,0,2,0,0,0,0,0,,0,0,Auckland Region,Nil,2-way,Sealed,0,0,0,0,50,0,On,0,0,,76,Auckland,Nil,0,0,0,0,0,0,Urban,0,0,0,Fine,Null
1759582,5916307,34837,,516002,0,,0,3,,North,2006/2007,SH 1N,GREENLANE ON NBD,,Minor Crash,Yes,2006,,North,,0,,Flat,,,,,,Overcast,492000,1,0,0,4,,,0,,,,,,Auckland Region,Nil,1-way,Sealed,,0,0,,100,,Off,0,0,,76,Auckland,Nil,,,,,0,0,Open,0,,,Fine,Null
1770324,5911308,34838,,523113,0,,0,2,,Null,2006/2007,TE IRIRANGI DRIVE,TI RAKAU DRIVE,,Non-Injury Crash,No,2006,,North,,0,,Flat,,Christmas New Year,,,,Twilight,711716,0,0,0,6,,,0,,,,,,Auckland Region,Nil,2-way,Sealed,,0,0,,70,,On,0,0,,76,Auckland,Traffic Signals,,,,,0,0,Urban,0,,,Fine,Null
1743248,5922098,34839,,513631,0,,0,0,,Null,2005/2006,TRIANGLE ROAD,GARTON DRIVE,,Non-Injury Crash,No,2006,,West,,0,,Flat,,,,,,Overcast,227006,0,0,0,2,,,0,,,1,,,Auckland Region,Nil,2-way,Sealed,,0,0,,50,,Off,1,0,,76,Auckland,Give way,,,,,0,0,Urban,0,,,Fine,Null
1753488,5876042,34840,,526103,0,0,0,1,0,Null,2006/2007,QUEEN ST,KITCHENER ROAD,,Non-Injury Crash,No,2006,0,South,0,0,0,Flat,0,,0,,0,Bright sun,837400,0,0,0,2,0,0,0,0,0,,0,0,Auckland Region,Nil,2-way,Sealed,0,0,0,0,50,0,Off,0,0,,76,Auckland,Give way,0,0,0,0,1,0,Urban,0,1,0,Fine,Strong wind
1918362,5653345,34841,65,545912,0,0,0,0,0,North,2005/2006,SH 5,TE POHUE HOTEL,,Non-Injury Crash,Yes,2006,0,South,1,0,0,Hill Road,0,,0,,0,Dark,1414504,0,0,0,3,0,0,0,0,0,,0,0,Hawke's Bay Region,Nil,2-way,Sealed,0,0,0,0,100,0,None,0,0,,30,Hastings District,Nil,0,0,0,0,1,0,Open,0,0,0,Fine,Null
1768196,5902417,34842,,525001,0,,0,0,,South,2005/2006,GREAT SOUTH ROAD,BROWNS ROAD,,Non-Injury Crash,No,2006,,North,,0,,Flat,,,,,,Bright sun,750800,0,0,0,5,,,0,,,,,,Auckland Region,Nil,2-way,Sealed,,0,0,,50,,Null,1,0,,76,Auckland,Unknown,,,,,0,0,Urban,1,,,Fine,Null
1769267,5914491,34843,,522721,0,,0,2,,East,2006/2007,PAKURANGA ROAD,FORTUNES ROAD,,Non-Injury Crash,No,2006,,East,,0,,Flat,,,,,,Twilight,680727,0,0,0,6,,,0,,,,,,Auckland Region,Nil,2-way,Sealed,,0,0,,60,,Off,0,0,,76,Auckland,Nil,,,,,0,0,Urban,0,,,Fine,Null
1760615,5911840,34844,,520000,0,,0,2,,East,2005/2006,NEILSON ST,CAPTAIN SPRINGS ROAD,,Non-Injury Crash,No,2006,,East,,0,,Flat,,,,,,Dark,608200,0,0,0,2,,,0,,,,,,Auckland Region,Nil,2-way,Sealed,,0,0,,50,,On,0,0,,76,Auckland,Nil,,,,,0,0,Urban,0,,,Fine,Null
1755925,5915094,34845,,518302,0,,0,2,,Null,2006/2007,LANDSCAPE ROAD,WHITWORTH ROAD,,Minor Crash,No,2006,,East,,0,,Flat,,,,,,Dark,559500,1,0,0,2,,,0,,,,,,Auckland Region,Nil,2-way,Sealed,,0,0,,50,,On,0,0,,76,Auckland,Nil,,,,,0,0,Urban,0,,,Light rain,Null
1764977,5914725,34846,,520602,0,,0,1,,Null,2006/2007,QUEENS ROAD,JELLICOE ROAD,,Non-Injury Crash,No,2006,,East,,0,,Flat,,,,,,Bright sun,628700,0,0,0,3,,,0,,,,,,Auckland Region,Nil,1-way,Sealed,,0,0,,50,,Off,1,0,,76,Auckland,Give way,,,,,0,0,Urban,0,,,Fine,Null
1799730,5816549,34847,,529700,0,,0,2,,Null,2005/2006,ULSTER ST,RICHMOND ST,,Non-Injury Crash,No,2006,,North,,0,,Flat,,,,,,Bright sun,908501,0,0,0,4,,,0,,,,,,Waikato Region,Nil,2-way,Sealed,,0,0,,60,,Null,0,0,,16,Hamilton City,Stop,,,,,0,0,Urban,0,,,Fine,Null
1757390,5928942,34848,,507800,0,,0,2,,Null,2006/2007,KITCHENER ROAD,SHAKESPEARE ROAD,,Non-Injury Crash,No,2006,,North,,0,,Flat,,,,,,Bright sun,307300,0,0,0,2,,,0,,,,,,Auckland Region,Nil,2-way,Sealed,,0,0,,50,,Off,0,0,,76,Auckland,Traffic Signals,,,,,0,0,Urban,0,,,Fine,Null
1438862,5004712,34849,,600812,0,,0,0,,North,2005/2006,OLD MILL ROAD,SALEYARDS ROAD,,Minor Crash,No,2006,,North,,0,,Hill Road,,,,,,Overcast,2828300,1,0,1,2,,,0,,,,,,Otago Region,Nil,2-way,Sealed,,0,0,,80,,Null,0,0,,68,Waitaki District,Unknown,,,,,0,0,Open,0,,,Fine,Null
1719494,6045534,34850,,503100,0,,0,0,,Null,2006/2007,WALTON ST,CLYDE ST,,Serious Crash,No,2006,,East,,0,,Flat,,,,,,Bright sun,100300,0,0,0,4,,,0,,,1,,,Northland Region,Nil,2-way,Sealed,,0,1,,50,,Null,0,0,,2,Whangarei District,Give way,,,,,0,0,Urban,1,,,Fine,Null
1747369,5926680,34851,,513431,0,,0,0,,Null,2006/2007,OLD SH 18,BUCKLEY AVENUE,,Serious Crash,Yes,2006,,South,,0,,Flat,,,,,,Bright sun,221802,0,0,1,2,,,0,,,,,,Auckland Region,Nil,2-way,Sealed,,0,1,,50,,Off,1,0,,76,Auckland,Stop,,,,,0,0,Urban,0,,,Fine,Null
1449960,5022470,34852,,600826,0,0,0,1,0,North,2006/2007,SH 1S,MCPHERSON ROAD,,Serious Crash,Yes,2006,0,North,0,0,0,Flat,0,,0,,0,Overcast,2827600,0,0,0,2,0,0,0,1,0,,0,0,Otago Region,Nil,2-way,Sealed,0,0,1,0,100,0,Null,0,0,,68,Waitaki District,Unknown,0,0,0,0,0,0,Open,0,0,0,Fine,Null
1758329,5918379,34853,,517400,0,,0,2,,Null,2006/2007,KHYBER PASS ROAD,KINGDON ST,,Non-Injury Crash,No,2006,,East,,0,,Flat,,,,,,Dark,451000,0,0,0,4,,,0,,,,,,Auckland Region,Nil,2-way,Sealed,,0,0,,50,,On,0,0,,76,Auckland,Stop,,,,,0,0,Urban,0,,,Fine,Null
1765147,5907608,34854,,522301,0,0,0,2,0,Null,2006/2007,MOTATAU ROAD,GREAT SOUTH ROAD,,Non-Injury Crash,No,2006,0,North,0,0,0,Flat,0,,0,,0,Dark,665900,0,0,0,2,0,0,0,0,1,,0,0,Auckland Region,Nil,2-way,Sealed,0,0,0,0,50,0,None,0,0,,76,Auckland,Stop,0,0,0,0,0,0,Urban,1,0,0,Fine,Null
1931248,5605266,34855,,548000,0,,0,2,,North,2005/2006,GROVE ROAD,WILLOWPARK ROAD NORTH,,Minor Crash,No,2006,,South,,0,,Flat,,,,,,Overcast,1497100,1,0,0,2,,,0,,,,,,Hawke's Bay Region,Nil,2-way,Sealed,,0,0,,50,,Null,0,0,,30,Hastings District,Nil,,,,,0,0,Urban,1,,,Fine,Null
1754972,5944805,34856,,505909,0,,0,1,,South,2006/2007,WHANGAPARAOA ROAD,HIWI CRESCENT,,Minor Crash,No,2006,,North,,0,,Hill Road,,,,,,Dark,173811,1,0,0,2,,,0,,,,,,Auckland Region,Nil,2-way,Sealed,,0,0,,50,,On,1,0,,76,Auckland,Nil,,,,,0,0,Urban,0,,,Fine,Null
1926976,5608392,34857,,545710,0,0,0,1,0,North,2006/2007,RAUPARE ROAD,THOMPSON ROAD,,Minor Crash,No,2006,0,North,0,0,0,Flat,0,,0,,0,Dark,1471000,1,0,0,2,0,0,0,0,0,,0,1,Hawke's Bay Region,Nil,2-way,Sealed,0,0,0,0,100,0,None,0,0,,30,Hastings District,Nil,0,0,0,0,0,0,Open,0,0,0,Fine,Null
1775406,5895211,34858,,525700,0,,0,2,,East,2006/2007,RED HILL ROAD,BARBERTON TERRACE,,Non-Injury Crash,No,2006,,East,,0,,Hill Road,,,,,,Overcast,800400,0,0,0,2,,,0,,,,,,Auckland Region,Nil,2-way,Sealed,,0,0,,50,,Off,0,0,,76,Auckland,Nil,,,,,0,0,Urban,0,,,Light rain,Null
1763087,5914871,34859,,520401,0,0,0,1,0,East,2005/2006,MOTU PLACE,FERNDALE ROAD,,Non-Injury Crash,No,2006,0,West,0,0,1,Flat,0,,0,,0,Dark,643500,0,0,0,2,0,0,0,0,0,,0,0,Auckland Region,Nil,2-way,Sealed,0,0,0,0,50,0,On,0,0,,76,Auckland,Unknown,0,0,0,0,0,0,Urban,0,0,0,Fine,Null
1885153,5773133,34860,,540600,0,,0,2,,Null,2006/2007,MALFROY ROAD,FENTON ST,,Non-Injury Crash,No,2006,,East,,0,,Flat,,,,,,Bright sun,1243100,0,0,0,2,,,0,,,,,,Bay of Plenty Region,Nil,2-way,Sealed,,0,0,,50,,Null,0,0,,24,Rotorua District,Stop,,,,,0,0,Urban,0,,,Fine,Null
1710014,5617977,34861,,554010,0,0,0,0,0,Null,2006/2007,GLOVER ROAD,CAMBERWELL ROAD,,Minor Crash,No,2006,0,East,0,0,0,Flat,0,,1,,0,Twilight,1647101,1,0,1,2,0,0,0,0,0,,0,0,Taranaki Region,Nil,2-way,Sealed,0,0,0,0,50,0,On,0,0,,35,South Taranaki District,Nil,0,0,0,0,0,0,Urban,0,0,0,Fine,Null