X,Y,OBJECTID,advisorySpeed,areaUnitID,bicycle,bridge,bus,carStationWagon,cliffBank,crashDirectionDescription,crashFinancialYear,crashLocation1,crashLocation2,crashRoadSideRoad,crashSeverity,crashSHDescription,crashYear,debris,directionRoleDescription,ditch,fatalCount,fence,flatHill,guardRail,holiday,houseOrBuilding,intersection,kerb,light,meshblockId,minorInjuryCount,moped,motorcycle,NumberOfLanes,objectThrownOrDropped,otherObject,otherVehicleType,overBank,parkedVehicle,pedestrian,phoneBoxEtc,postOrPole,region,roadCharacter,roadLane,roadSurface,roadworks,schoolBus,seriousInjuryCount,slipOrFlood,speedLimit,strayAnimal,streetLight,suv,taxi,temporarySpeedLimit,tlaId,tlaName,trafficControl,trafficIsland,trafficSign,train,tree,truck,unknownVehicleType,urban,vanOrUtility,vehicle,waterRiver,weatherA,weatherB
1555421,5181481,34862,,587821,0,0,0,2,0,Null,2005/2006,SH 73,KIRK ROAD,,Minor Crash,Yes,2006,0,East,0,0,1,Flat,0,,0,,0,Overcast,2494600,2,0,0,2,0,0,0,0,0,,0,0,Canterbury Region,Nil,2-way,Sealed,0,0,0,0,100,0,Null,0,0,,60,Christchurch City,Stop,0,1,0,0,0,0,Open,0,0,0,Fine,Null
1652251,6126524,34863,,500202,0,0,0,1,1,East,2006/2007,SH 10,MIDGLEY ROAD,,Non-Injury Crash,Yes,2006,0,West,1,0,0,Hill Road,0,,0,,0,Bright sun,5600,0,0,0,2,0,0,0,0,0,,0,0,Northland Region,Nil,2-way,Sealed,0,0,0,0,100,0,Null,0,0,,1,Far North District,Unknown,0,0,0,0,0,0,Open,0,0,0,Fine,Null
1867296,5713830,34864,,541720,0,,0,2,,Null,2006/2007,SPA ROAD,ORUANUI ST,,Non-Injury Crash,No,2006,,West,,0,,Flat,,,,,,Overcast,1275000,0,0,0,2,,,0,,,,,,Waikato Region,Nil,2-way,Sealed,,0,0,,50,,Null,0,0,,21,Taupo District,Give way,,,,,0,0,Urban,0,,,Fine,Null
1889589,5821902,34865,,536517,0,,0,2,,South,2006/2007,DOMAIN ROAD,GRAVATT ROAD,,Non-Injury Crash,No,2007,,South,,0,,Flat,,,,,,Overcast,1205072,0,0,0,2,,,0,,,,,,Bay of Plenty Region,Bridge,2-way,Sealed,,0,0,,70,,Off,0,0,,23,Tauranga City,Nil,,,,,0,0,Urban,0,,,Light rain,Null
1885004,5769600,34866,,538722,0,,0,0,,East,2005/2006,WAIPA MILL ROAD,SH 5,,Minor Crash,No,2006,,South,,0,,Flat,,,,,,Dark,1258100,1,0,0,2,,,0,,,,,,Bay of Plenty Region,Nil,2-way,Sealed,,0,0,,50,,None,0,0,,24,Rotorua District,Unknown,,,,,0,0,Urban,1,,,Fine,Null
1769037,5468683,34867,,566000,1,,0,1,,Null,2006/2007,SH 1N,KAPITI ROAD,,Minor Crash,Yes,2006,,West,,0,,Flat,,Christmas New Year,,,,Bright sun,2003709,1,0,0,3,,,0,,,,,,Wellington Region,Nil,2-way,Sealed,,0,0,,50,,Null,0,0,,43,Kapiti Coast District,Traffic Signals,,,,,0,0,Urban,0,,,Fine,Null
1828144,5874271,34868,,533902,0,,0,0,,South,2005/2006,HAURAKI ROAD,RARATUNA ST,,Non-Injury Crash,No,2006,,South,,0,,Flat,,,,,,Dark,1063800,0,0,0,2,,,0,,,,,,Waikato Region,Nil,2-way,Sealed,,0,0,,100,,None,1,0,,12,Hauraki District,Nil,,,,,0,0,Open,1,,,Fine,Null
1767373,5907141,34869,,523602,0,0,0,2,0,Null,2005/2006,TINDALL CRESCENT,GARRETT PLACE,,Non-Injury Crash,No,2006,0,South,0,0,0,Flat,0,,0,,1,Dark,708300,0,0,0,2,0,1,0,0,1,,0,0,Auckland Region,Nil,2-way,Sealed,0,0,0,0,50,0,On,0,0,,76,Auckland,Nil,0,0,0,0,0,0,Urban,0,0,0,Fine,Null
1763020,5912886,34870,,520500,0,,0,3,,South,2006/2007,SH 1N,PENROSE OBR,,Non-Injury Crash,Yes,2006,,North,,0,,Flat,,,,,,Bright sun,637300,0,0,0,6,,,0,,,,,,Auckland Region,Nil,2-way,Sealed,,0,0,,100,,Off,2,0,,76,Auckland,Nil,,,,,0,0,Open,0,,,Fine,Null
1889558,5564316,34871,,549200,0,0,0,2,0,North,2005/2006,Z CPK FREEZING WORKS,FRASER/STATION,,Non-Injury Crash,No,2006,0,East,0,0,0,Flat,0,,0,,0,Overcast,1515400,0,0,0,0,0,0,0,0,1,,0,0,Hawke's Bay Region,Nil,Off road,Sealed,0,0,0,0,50,0,Null,0,0,,32,Central Hawke's Bay District,Nil,0,0,0,0,0,0,Urban,0,0,0,Fine,Null
1954459,5774695,34872,35,542562,0,0,0,1,0,North,2005/2006,SH 2,FRASER ROAD,,Non-Injury Crash,Yes,2006,0,North,0,0,0,Flat,0,Queens Birthday,0,,0,Bright sun,1295200,0,0,0,2,0,0,0,1,0,,0,0,Bay of Plenty Region,Nil,2-way,Sealed,0,0,0,0,100,0,Null,0,0,,25,Whakatane District,Unknown,0,0,0,0,0,0,Open,0,0,1,Fine,Null
1373351,5195153,34873,,585312,0,0,0,1,0,North,2005/2006,SH 6,STONY CRK BR FRANZ,,Non-Injury Crash,Yes,2006,0,North,0,0,1,Flat,0,,0,,0,Bright sun,2418106,0,0,0,2,0,0,0,0,0,,0,1,West Coast Region,Nil,2-way,Sealed,0,0,0,0,100,0,Null,0,0,,57,Westland District,Unknown,0,0,0,0,0,0,Open,0,0,0,Fine,Null
1850720,5858377,34874,,534400,0,,0,0,,North,2006/2007,KENSINGTON ROAD,RATA ST,,Minor Crash,No,2006,,North,,0,,Flat,,,,,,Bright sun,1082903,1,0,0,2,,,0,,,1,,,Waikato Region,Nil,2-way,Sealed,,0,0,,50,,Off,1,0,,12,Hauraki District,Nil,,,,,0,0,Urban,0,,,Fine,Null
1721572,6068950,34875,,501814,0,,0,0,,South,2006/2007,WHANANAKI NORTH ROAD,PIGS HEAD ROAD,,Minor Crash,No,2006,,North,,0,,Flat,,,,,,Bright sun,60700,1,0,1,2,,,0,,,,,,Northland Region,Nil,2-way,Sealed,,0,0,,100,,None,0,0,,2,Whangarei District,Nil,,,,,0,0,Open,1,,,Fine,Null
1753408,5911567,34876,,518902,0,0,0,1,0,South,2006/2007,CARONIA CRESCENT,THE AVENUE,,Non-Injury Crash,No,2006,0,North,0,0,0,Hill Road,0,,0,,0,Dark,588100,0,0,0,2,0,0,0,0,1,,0,0,Auckland Region,Nil,2-way,Sealed,0,0,0,0,50,0,On,0,0,,76,Auckland,Nil,0,0,0,0,0,0,Urban,1,0,0,Fine,Null
1746637,5910720,34877,,512000,0,0,0,0,1,South,2005/2006,SCENIC DRIVE,WOODLANDS PARK ROAD,,Non-Injury Crash,No,2006,0,West,0,0,0,Hill Road,0,,0,,0,Dark,296900,0,0,0,2,0,0,0,0,0,,0,0,Auckland Region,Nil,2-way,Sealed,0,0,0,0,50,0,None,0,0,,76,Auckland,Nil,0,0,0,1,0,0,Urban,1,0,0,Light rain,Null
1936560,5619093,34878,,546600,0,,0,2,,South,2005/2006,CHAMBERS ST,ELLISON ST,,Non-Injury Crash,No,2006,,South,,0,,Flat,,,,,,Bright sun,1434700,0,0,0,2,,,0,,,,,,Hawke's Bay Region,Nil,2-way,Sealed,,0,0,,50,,Null,0,0,,31,Napier City,Nil,,,,,0,0,Urban,0,,,Fine,Null
1748679,5426647,34879,,573101,0,,0,2,,Null,2006/2007,TARANAKI ST,OLD BUCKLE ST,,Non-Injury Crash,No,2006,,South,,0,,Flat,,,,,,Dark,2134800,0,0,0,4,,,0,,,,,,Wellington Region,Nil,2-way,Sealed,,0,0,,50,,On,0,0,,47,Wellington City,Traffic Signals,,,,,0,0,Urban,0,,,Light rain,Null
1842383,5792814,34880,,535100,0,0,0,1,0,Null,2006/2007,SH 1N,ROSE ST,,Non-Injury Crash,Yes,2006,0,North,0,0,0,Hill Road,0,,1,,0,Overcast,1124500,0,0,0,2,0,1,0,0,0,,0,0,Waikato Region,Nil,2-way,Sealed,0,0,0,0,50,0,Null,0,0,,19,South Waikato District,Give way,0,0,0,0,0,0,Urban,0,0,0,Fine,Null
1567895,5181784,34881,,589300,1,,0,0,,Null,2006/2007,IDRIS ROAD,WROXTON TERRACE,,Minor Crash,No,2006,,South,,0,,Flat,,,,,,Bright sun,2547400,1,0,0,1,,,0,,,,,,Canterbury Region,Nil,2-way,Sealed,,0,0,,50,,Null,1,0,,60,Christchurch City,Nil,,,,,0,0,Urban,0,,,Fine,Null
1775717,5475911,34882,,563704,0,0,0,1,0,South,2005/2006,SH 1N,PEKA PEKA ROAD,,Non-Injury Crash,Yes,2006,0,South,1,0,0,Flat,0,,0,,0,Dark,1883808,0,0,0,2,0,0,0,0,0,,0,0,Wellington Region,Nil,2-way,Sealed,0,0,0,0,100,0,None,0,0,,43,Kapiti Coast District,Nil,0,0,0,0,0,0,Open,0,0,0,Heavy rain,Null
1803208,5541058,34883,,561422,0,0,0,1,0,North,2005/2006,SH 1N,ROWE ROAD,,Non-Injury Crash,Yes,2006,0,South,0,0,1,Flat,0,,0,,0,Bright sun,1788000,0,0,0,2,0,0,0,0,0,,0,0,Manawatū-Whanganui Region,Nil,2-way,Sealed,0,0,0,0,100,0,Null,0,0,,39,Manawatu District,Nil,0,1,0,0,0,0,Open,0,0,0,Fine,Null
1766533,5899967,34884,,524713,0,0,0,1,0,South,2006/2007,JOHN WALKER DRIVE,LANDETTE ROAD,,Non-Injury Crash,No,2006,0,South,0,0,1,Flat,0,,0,,0,Dark,775805,0,0,0,2,0,0,0,0,0,,0,0,Auckland Region,Nil,2-way,Sealed,0,0,0,0,50,0,On,0,0,,76,Auckland,Unknown,0,0,0,0,0,0,Urban,0,0,0,Fine,Null
1570878,5180886,34885,,591700,0,,0,4,,Null,2006/2007,MANCHESTER ST,SALISBURY ST,,Minor Crash,No,2006,,North,,0,,Flat,,,,,,Dark,2655800,3,0,0,2,,,0,,,,,,Canterbury Region,Nil,2-way,Sealed,,0,0,,50,,On,0,0,,60,Christchurch City,Traffic Signals,,,,,0,0,Urban,0,,,Fine,Null
1762285,5907055,34886,,524301,0,,0,2,,South,2005/2006,BUCKLAND ROAD,MASSEY ROAD,,Non-Injury Crash,No,2006,,North,,0,,Flat,,,,,,Bright sun,746400,0,0,0,4,,,0,,,,,,Auckland Region,Nil,2-way,Sealed,,0,0,,50,,Off,0,0,,76,Auckland,Traffic Signals,,,,,0,0,Urban,0,,,Fine,Null
1623186,5430548,34887,,582700,0,,0,0,,South,2005/2006,VANGUARD ST,SHARPS LANE,,Non-Injury Crash,No,2006,,South,,0,,Flat,,,,,,Bright sun,2331600,0,0,0,2,,,0,,,,,,Nelson Region,Nil,2-way,Sealed,,0,0,,50,,Null,0,0,,52,Nelson City,Nil,,,,,0,0,Urban,2,,,Fine,Null
1759644,5433960,34888,,568900,0,,0,3,,Null,2006/2007,RANDWICK ROAD,ELIZABETH ST,,Non-Injury Crash,No,2006,,North,,0,,Flat,,,,,,Bright sun,1962700,0,0,0,3,,,0,,,,,,Wellington Region,Nil,2-way,Sealed,,0,0,,50,,Null,0,0,,46,Lower Hutt City,Nil,,,,,0,0,Urban,0,,,Fine,Null
1616062,5423471,34889,,584201,0,,0,0,,Null,2005/2006,SALISBURY ROAD,WILLIAM ST,,Non-Injury Crash,No,2006,,South,,0,,Flat,,,,,,Bright sun,2361900,0,1,0,2,,,0,,,,,,Tasman Region,Nil,2-way,Sealed,,0,0,,50,,Null,0,0,,51,Tasman District,Give way,,,,,0,0,Urban,1,,,Fine,Null
1623401,5430464,34890,,582700,0,,0,1,,North,2005/2006,WELLINGTON ST,EXAMINER ST,,Minor Crash,No,2006,,South,,0,,Hill Road,,,,,,Dark,2331900,1,0,0,2,,,0,,,1,,,Nelson Region,Nil,2-way,Sealed,,0,0,,50,,On,0,0,,52,Nelson City,Nil,,,,,0,0,Urban,0,,,Fine,Null
1757299,5912410,34891,,518702,0,,0,1,,South,2005/2006,SH 20,HILLSBOROUGH OBR,,Non-Injury Crash,Yes,2006,,North,,0,,Flat,,,,,,Dark,570900,0,0,0,2,,,0,,,,,,Auckland Region,Nil,1-way,Sealed,,0,0,,100,,On,1,0,,76,Auckland,Nil,,,,,0,0,Open,0,,,Fine,Null
1763161,5912841,34892,,520500,0,,0,2,,North,2005/2006,SH 1N,MT WGTN OBR,,Non-Injury Crash,Yes,2006,,North,,0,,Flat,,,,,,Bright sun,637300,0,0,0,3,,,0,,,,,,Auckland Region,Nil,1-way,Sealed,,0,0,,100,,Off,0,0,,76,Auckland,Nil,,,,,0,0,Open,0,,,Fine,Null
1756886,5912040,34893,,518702,0,0,0,1,1,North,2006/2007,FREDERICK ST,PALLISTER DRIVE,,Non-Injury Crash,No,2006,0,North,0,0,0,Hill Road,0,,0,,0,Dark,571202,0,0,0,2,0,0,0,0,0,,0,0,Auckland Region,Nil,2-way,Sealed,0,0,0,0,50,0,On,0,0,,76,Auckland,Nil,0,0,0,0,0,0,Urban,0,0,0,Light rain,Null
1748724,5427694,34894,,573000,0,,1,1,,Null,2006/2007,MERCER ST,VICTORIA ST,,Non-Injury Crash,No,2006,,East,,0,,Flat,,,,,,Dark,2127800,0,0,0,2,,,0,,,,,,Wellington Region,Nil,1-way,Sealed,,0,0,,50,,On,0,0,,47,Wellington City,Traffic Signals,,,,,0,0,Urban,0,,,Light rain,Null
1619906,5427233,34895,,583800,0,0,0,1,0,South,2005/2006,NEALE AVENUE,BLEDISLOE AVENUE,,Non-Injury Crash,No,2006,0,North,0,0,0,Flat,0,,0,,1,Dark,2338800,0,0,0,2,0,0,0,0,0,,0,0,Nelson Region,Nil,2-way,Sealed,0,0,0,0,50,0,On,0,0,,52,Nelson City,Nil,0,0,0,0,0,0,Urban,0,0,0,Fine,Null
1744002,5916583,34896,,513011,0,0,0,0,0,East,2005/2006,RHINEVALE CLOSE,PALOMINO DRIVE,,Serious Crash,No,2006,0,East,0,0,0,Hill Road,0,,0,,0,Bright sun,280704,0,0,0,2,0,0,0,0,0,1,0,0,Auckland Region,Nil,2-way,Sealed,0,0,1,0,50,0,Off,0,0,,76,Auckland,Nil,0,0,0,0,1,0,Urban,1,1,0,Fine,Null
1932862,5605600,34897,,545721,0,0,0,1,0,North,2005/2006,ST GEORGES ROAD,SH 2,,Serious Crash,No,2006,0,West,1,0,0,Flat,0,,0,,0,Bright sun,1472405,0,0,1,2,0,0,0,0,0,,0,0,Hawke's Bay Region,Nil,2-way,Sealed,0,0,1,0,100,0,Null,0,0,,30,Hastings District,Nil,0,0,0,0,0,0,Open,0,0,0,Fine,Null
1760314,5448621,34898,25,565601,0,0,0,1,0,West,2006/2007,GRAYS ROAD,PAEKAKARIKI HILL ROAD,,Minor Crash,No,2006,0,West,0,0,0,Flat,0,,0,,0,Overcast,2072000,1,0,0,2,0,0,0,1,0,,0,0,Wellington Region,Nil,2-way,Sealed,0,0,0,0,80,0,Null,0,0,,44,Porirua City,Nil,0,1,0,0,0,0,Open,0,0,1,Fine,Null
1778187,5878253,34899,,521131,0,0,0,1,1,North,2005/2006,SH 1N,HELENSLEE ON NBD,,Minor Crash,Yes,2006,0,North,0,0,0,Hill Road,0,,0,,0,Overcast,842500,1,0,0,3,0,0,0,0,0,,0,0,Waikato Region,Nil,1-way,Sealed,0,0,0,0,100,0,Off,0,0,,13,Waikato District,Nil,0,0,0,0,0,0,Open,0,0,0,Heavy rain,Null
1883269,5775377,34900,,539400,0,,0,2,,East,2006/2007,LAKE ROAD,SH 5,,Non-Injury Crash,No,2006,,West,,0,,Hill Road,,,,,,Twilight,1224900,0,0,0,3,,,0,,,,,,Bay of Plenty Region,Nil,2-way,Sealed,,0,0,,50,,On,0,0,,24,Rotorua District,Traffic Signals,,,,,0,0,Urban,0,,,Fine,Null
1568768,5183216,34901,,592100,0,0,0,3,0,North,2006/2007,PAPANUI ROAD,HALTON ST,,Minor Crash,No,2006,0,North,0,0,0,Flat,0,,0,,0,Twilight,2672000,1,0,0,2,0,0,0,0,1,,0,0,Canterbury Region,Nil,2-way,Sealed,0,0,0,0,50,0,On,0,0,,60,Christchurch City,Unknown,0,0,0,0,0,0,Urban,0,0,0,Fine,Null
1863794,5821176,34902,,536620,0,0,0,1,0,South,2005/2006,WHAKAMARAMA ROAD,ROSS ROAD,,Non-Injury Crash,No,2006,0,South,0,0,1,Flat,0,,0,,0,Overcast,1189304,0,0,0,2,0,0,0,0,0,,0,0,Bay of Plenty Region,Nil,2-way,Sealed,0,0,0,0,100,0,Null,0,0,,22,Western Bay of Plenty District,Unknown,0,0,0,0,0,0,Open,0,0,0,Heavy rain,Null
1570631,5181531,34903,,592402,0,,0,2,,Null,2005/2006,COLOMBO ST,PURCHAS ST,,Minor Crash,No,2006,,North,,0,,Flat,,,,,,Bright sun,2687700,1,0,0,2,,,0,,,,,,Canterbury Region,Nil,2-way,Sealed,,0,0,,50,,Null,0,0,,60,Christchurch City,Stop,,,,,0,0,Urban,0,,,Fine,Null
1751377,5434834,34904,,573700,0,0,0,2,0,Null,2005/2006,Z CPK JVILLE MALL,GOTHIC/BRODERICK,,Non-Injury Crash,No,2006,0,East,0,0,0,Flat,0,,1,,0,Bright sun,2082800,0,0,0,1,0,0,0,0,1,,0,0,Wellington Region,Nil,Off road,Sealed,0,0,0,0,50,0,Null,0,0,,47,Wellington City,Nil,0,0,0,0,0,0,Urban,0,0,0,Fine,Null
1766213,5907452,34905,,522301,0,,0,3,,Null,2006/2007,EAST TAMAKI ROAD,OTARA ON NBD,,Non-Injury Crash,Yes,2006,,North,,0,,Flat,,,,,,Overcast,666700,0,0,0,4,,,0,,,,,,Auckland Region,Motorway ramp,2-way,Sealed,,0,0,,60,,Null,0,0,,76,Auckland,Traffic Signals,,,,,0,0,Urban,0,,,Light rain,Null
1751620,5925000,34906,,510020,0,,0,2,,Null,2005/2006,RANGATIRA ROAD,ISLAND BAY ROAD,,Minor Crash,No,2006,,North,,0,,Hill Road,,,,,,Overcast,346100,1,0,0,2,,,0,,,,,,Auckland Region,Nil,2-way,Sealed,,0,0,,50,,Off,0,0,,76,Auckland,Stop,,,,,0,0,Urban,0,,,Light rain,Null
1735496,5987664,34907,,506660,0,0,0,1,0,North,2005/2006,SH 1N,CORONATION ST,,Serious Crash,Yes,2006,0,South,0,0,0,Flat,1,,0,,0,Dark,135800,1,0,0,2,0,0,0,0,0,,0,0,Auckland Region,Nil,2-way,Sealed,0,0,1,0,100,0,None,0,0,,76,Auckland,Nil,0,0,0,0,0,0,Open,0,0,0,Fine,Null
1787195,5445983,34908,35,567901,0,0,0,0,1,West,2006/2007,SH 2,RIMUTAKA SUMMIT,,Non-Injury Crash,Yes,2006,0,North,0,0,0,Hill Road,0,,0,,0,Twilight,1916100,0,0,0,2,0,0,0,0,0,,0,0,Wellington Region,Nil,2-way,Sealed,0,0,0,0,100,0,None,1,0,,45,Upper Hutt City,Nil,0,1,0,0,0,0,Open,0,0,0,Fine,Null
1867254,5713535,34909,,541720,0,,0,2,,South,2006/2007,RUAPEHU ST,TAMAMUTU ST,,Non-Injury Crash,No,2006,,North,,0,,Flat,,,,,,Overcast,1274000,0,0,0,2,,,0,,,,,,Waikato Region,Nil,2-way,Sealed,,0,0,,50,,Null,0,0,,21,Taupo District,Give way,,,,,0,0,Urban,0,,,Fine,Null
1887091,5734749,34910,,541335,0,0,0,0,1,South,2005/2006,SH 5,TUTUKAU ROAD,,Minor Crash,Yes,2006,0,South,0,0,0,Flat,0,,0,,0,Overcast,1277201,1,0,0,2,0,0,0,0,0,,0,0,Waikato Region,Nil,2-way,Sealed,0,0,0,0,100,0,Null,0,0,,21,Taupo District,Unknown,0,0,0,0,0,0,Open,1,0,0,Light rain,Null
1797157,5816584,34911,,528504,0,,0,2,,North,2005/2006,KARAKA ST,BRIGHTWELL PLACE,,Non-Injury Crash,No,2006,,South,,0,,Flat,,,,,,Bright sun,976713,0,0,0,2,,,0,,,,,,Waikato Region,Nil,2-way,Sealed,,0,0,,50,,Null,0,0,,16,Hamilton City,Unknown,,,,,0,0,Urban,0,,,Fine,Null
1881005,5826527,34912,,536821,0,,0,0,,East,2005/2006,SH 2,TASMAN QUAY,,Non-Injury Crash,Yes,2006,,East,,0,,Flat,,,,,,Bright sun,1203800,0,0,0,3,,,0,,,,,,Bay of Plenty Region,Nil,2-way,Sealed,,0,0,,50,,Null,0,0,,23,Tauranga City,Unknown,,,,,1,0,Urban,1,,,Fine,Null
1765231,5906991,34913,,522201,0,,0,1,,Null,2006/2007,SHIRLEY ROAD,DREADON AVENUE,,Non-Injury Crash,No,2006,,East,,0,,Hill Road,,,,,,Bright sun,662300,0,0,0,2,,,0,,,,,,Auckland Region,Nil,2-way,Sealed,,0,0,,50,,Off,1,0,,76,Auckland,Nil,,,,,0,0,Urban,0,,,Fine,Null
1843398,5811785,34914,,535502,0,,0,2,,Null,2006/2007,CENTRAL ST,WESTERN ST,,Non-Injury Crash,No,2006,,South,,0,,Flat,,,,,,Overcast,1121802,0,0,0,2,,,0,,,,,,Waikato Region,Nil,2-way,Sealed,,0,0,,50,,Null,0,0,,15,Matamata-Piako District,Give way,,,,,0,0,Urban,0,,,Fine,Null
1753712,5929290,34915,,508320,0,0,0,3,0,East,2005/2006,WAIRAU ROAD,GLENFIELD ROAD,,Minor Crash,No,2006,0,West,0,0,0,Hill Road,0,,0,,0,Bright sun,196201,2,0,0,3,0,0,0,0,0,,0,0,Auckland Region,Nil,2-way,Sealed,0,0,0,0,50,0,Off,0,0,,76,Auckland,Traffic Signals,1,0,0,0,0,0,Urban,0,0,0,Fine,Null
1744772,5917936,34916,,510700,0,,0,1,,West,2006/2007,STURGES ROAD,SWANSON ROAD,,Non-Injury Crash,No,2006,,East,,0,,Flat,,,,,,Dark,239501,0,0,0,3,,,0,,,,,,Auckland Region,Nil,2-way,Sealed,,0,0,,50,,On,1,0,,76,Auckland,Traffic Signals,,,,,0,0,Urban,0,,,Fine,Null
1680589,5404458,34917,,581220,0,0,0,2,0,Null,2005/2006,LUCAS ST,DIX CRESCENT,,Non-Injury Crash,No,2006,0,West,0,0,0,Flat,0,,0,,0,Overcast,2295805,0,0,0,2,0,0,0,0,1,,0,0,Marlborough Region,Nil,2-way,Sealed,0,0,0,0,50,0,Null,0,0,,53,Marlborough District,Nil,0,0,0,0,0,0,Urban,0,0,0,Light rain,Null
1754772,5923801,34918,,510500,0,,0,2,,Null,2006/2007,HINEMOA ST,WAKANUI ST,,Minor Crash,No,2006,,East,,0,,Hill Road,,,,,,Overcast,358200,2,0,0,2,,,0,,,,,,Auckland Region,Nil,2-way,Sealed,,0,0,,50,,Null,0,0,,76,Auckland,Nil,,,,,0,0,Urban,0,,,Fine,Null
1757138,5920283,34919,,514102,0,,0,3,,West,2005/2006,WELLESLEY ST WEST,ALBERT ST,,Non-Injury Crash,No,2006,,West,,0,,Hill Road,,,,,,Dark,433802,0,0,0,2,,,0,,,,,,Auckland Region,Nil,2-way,Sealed,,0,0,,50,,On,0,0,,76,Auckland,Unknown,,,,,0,0,Urban,0,,,Fine,Null
1794360,5805981,34920,,527914,0,0,0,1,0,South,2005/2006,GILLARD ROAD,TUHIKARAMEA ROAD,,Non-Injury Crash,No,2006,0,North,0,0,1,Hill Road,0,,0,,0,Overcast,980400,0,0,0,2,0,0,0,0,0,,0,0,Waikato Region,Nil,2-way,Sealed,0,0,0,0,100,0,Null,0,0,,17,Waipa District,Unknown,0,0,0,0,0,0,Open,0,0,0,Mist or Fog,Null
1748605,5913887,34921,,511302,0,0,0,1,1,West,2005/2006,GREAT NORTH ROAD,FRUITVALE ROAD,,Non-Injury Crash,No,2006,0,West,0,0,0,Flat,0,,0,,0,Dark,269200,0,0,0,4,0,0,0,0,0,,0,1,Auckland Region,Nil,2-way,Sealed,0,0,0,0,50,0,On,0,0,,76,Auckland,Nil,0,0,0,0,0,0,Urban,0,0,0,Light rain,Null
1878861,5822443,34922,,538102,0,,0,1,,Null,2006/2007,FRASER ST,HARVEY ST,,Non-Injury Crash,No,2006,,North,,0,,Flat,,,,,,Overcast,1167500,0,0,0,2,,,0,,,,,,Bay of Plenty Region,Nil,2-way,Sealed,,0,0,,50,,Null,0,0,,23,Tauranga City,Give way,,,,,0,0,Urban,1,,,Fine,Null
1745638,5916831,34923,,510800,0,,0,1,,South,2006/2007,VITASOVICH AVENUE,EDSEL ST,,Minor Crash,No,2006,,South,,0,,Flat,,,,,,Bright sun,243300,2,0,0,2,,,0,,,,,,Auckland Region,Nil,2-way,Sealed,,0,0,,50,,Off,0,0,,76,Auckland,Nil,,,,,1,0,Urban,1,,,Fine,Null
1836379,5647361,34924,,541501,0,0,0,1,1,North,2006/2007,SH 1N,TUKINO ACCESS,,Non-Injury Crash,Yes,2006,0,North,0,0,0,Hill Road,0,,0,,0,Dark,1289001,0,0,0,2,0,0,0,0,0,,0,0,Waikato Region,Nil,2-way,Sealed,0,0,0,0,100,0,None,0,0,,21,Taupo District,Nil,0,0,0,0,0,0,Open,0,0,0,Light rain,Frost
1717657,6044011,34925,,503800,0,,0,2,,East,2005/2006,RAUMANGA HEIGHTS DRIVE,RAUMANGA VALLEY ROAD,,Non-Injury Crash,No,2006,,East,,0,,Flat,,,,,,Twilight,107300,0,0,0,2,,,0,,,,,,Northland Region,Nil,2-way,Sealed,,0,0,,50,,Off,0,0,,2,Whangarei District,Nil,,,,,0,0,Urban,0,,,Fine,Null
1764947,5908254,34926,,523404,0,,1,2,,Null,2005/2006,GREAT SOUTH ROAD,BAIRDS ROAD,,Non-Injury Crash,No,2006,,South,,0,,Flat,,,,,,Overcast,696801,0,0,0,6,,,0,,,,,,Auckland Region,Nil,2-way,Sealed,,0,0,,50,,Null,0,0,,76,Auckland,Traffic Signals,,,,,0,0,Urban,0,,,Light rain,Null
1745521,5917524,34927,,510700,0,0,0,1,0,North,2006/2007,Z CPK PAK N SAVE,ALDERMAN DRIVE,,Non-Injury Crash,No,2006,0,North,0,0,0,Flat,0,,0,,0,Bright sun,239900,0,0,0,0,0,0,0,0,1,,0,0,Auckland Region,Nil,Off road,Sealed,0,0,0,0,20,0,Off,0,0,,76,Auckland,Nil,0,0,0,0,0,0,Urban,1,0,0,Fine,Null
1889499,5820253,34928,,536512,0,0,0,0,0,North,2006/2007,TE PUKE HIGHWAY,WELCOME BAY ROAD,,Non-Injury Crash,No,2006,0,North,0,0,0,Flat,0,,0,,0,Overcast,1206705,0,0,0,2,0,0,0,0,0,,0,1,Bay of Plenty Region,Nil,2-way,Sealed,0,0,0,0,100,0,Null,0,0,,23,Tauranga City,Unknown,0,0,0,0,2,0,Open,0,0,0,Fine,Null
1935544,5620559,34929,,546600,0,0,0,1,0,Null,2005/2006,DOUGLAS MCLEAN AVENUE,HIGGINS ST,,Serious Crash,No,2006,0,North,0,0,0,Flat,0,,0,,0,Dark,1435800,0,0,0,2,0,0,0,0,0,,0,0,Hawke's Bay Region,Nil,2-way,Sealed,0,0,1,0,50,0,On,0,0,,31,Napier City,Give way,0,0,0,1,0,0,Urban,0,0,0,Fine,Null
1566210,5183112,34930,,589000,0,,0,1,,Null,2005/2006,GREERS ROAD,CLYDE ROAD,,Serious Crash,No,2006,,South,,0,,Flat,,Queens Birthday,,,,Dark,2517300,0,0,1,1,,,0,,,,,,Canterbury Region,Nil,2-way,Sealed,,0,1,,50,,On,0,0,,60,Christchurch City,Give way,,,,,0,0,Urban,0,,,Fine,Null