X,Y,OBJECTID,advisorySpeed,areaUnitID,bicycle,bridge,bus,carStationWagon,cliffBank,crashDirectionDescription,crashFinancialYear,crashLocation1,crashLocation2,crashRoadSideRoad,crashSeverity,crashSHDescription,crashYear,debris,directionRoleDescription,ditch,fatalCount,fence,flatHill,guardRail,holiday,houseOrBuilding,intersection,kerb,light,meshblockId,minorInjuryCount,moped,motorcycle,NumberOfLanes,objectThrownOrDropped,otherObject,otherVehicleType,overBank,parkedVehicle,pedestrian,phoneBoxEtc,postOrPole,region,roadCharacter,roadLane,roadSurface,roadworks,schoolBus,seriousInjuryCount,slipOrFlood,speedLimit,strayAnimal,streetLight,suv,taxi,temporarySpeedLimit,tlaId,tlaName,trafficControl,trafficIsland,trafficSign,train,tree,truck,unknownVehicleType,urban,vanOrUtility,vehicle,waterRiver,weatherA,weatherB
1948502,5791901,34931,,542511,0,0,0,3,0,South,2006/2007,Z CPK BUNNINGS,SH 30,,Non-Injury Crash,No,2006,0,South,0,0,0,Flat,0,,0,,0,Bright sun,1297902,0,0,0,0,0,0,0,0,1,,0,0,Bay of Plenty Region,Nil,Off road,Sealed,0,0,0,0,30,0,Null,2,0,,25,Whakatane District,Unknown,1,0,0,0,0,0,Urban,0,0,0,Fine,Null
1564437,5180852,34932,,590000,0,,0,1,,South,2005/2006,AVONHEAD ROAD,JAMELL PLACE,,Non-Injury Crash,No,2006,,South,,0,,Flat,,,,,,Bright sun,2538000,0,0,0,2,,,0,,,,,,Canterbury Region,Nil,2-way,Sealed,,0,0,,50,,Null,1,0,,60,Christchurch City,Nil,,,,,0,0,Urban,0,,,Fine,Null
1753594,5928816,34933,,508411,0,,0,2,,North,2006/2007,GLENFIELD ROAD,HOGANS ROAD,,Non-Injury Crash,No,2006,,South,,0,,Flat,,,,,,Overcast,184300,0,0,0,2,,,0,,,,,,Auckland Region,Nil,2-way,Sealed,,0,0,,50,,Off,0,0,,76,Auckland,Nil,,,,,0,0,Urban,0,,,Fine,Null
1648255,5301357,34934,,581500,0,1,0,1,0,South,2006/2007,SH 1S,PUKETA ROAD,,Minor Crash,Yes,2006,0,North,0,0,0,Flat,0,,0,,0,Dark,2310900,1,0,0,2,0,0,0,0,0,,0,0,Canterbury Region,Nil,2-way,Sealed,0,0,0,0,80,0,None,0,0,,54,Kaikoura District,Unknown,0,0,0,0,0,0,Open,0,0,0,Fine,Null
1755601,5921347,34935,,515202,0,,0,1,,South,2006/2007,SH 1N,SHELLY BEACH OBR,,Non-Injury Crash,Yes,2006,,North,,0,,Flat,,,,,,Bright sun,425600,0,0,0,4,,,0,,,,,,Auckland Region,Nil,1-way,Sealed,,0,0,,80,,Off,0,0,,76,Auckland,Nil,,,,,1,0,Open,0,,,Fine,Null
1880730,5774625,34936,,539310,0,0,0,1,0,South,2006/2007,SUSAN ST,CLAYTON ROAD,,Serious Crash,No,2006,0,North,0,0,0,Hill Road,0,,0,,1,Dark,1230602,0,0,0,2,0,0,0,0,0,,0,0,Bay of Plenty Region,Nil,2-way,Sealed,0,0,1,0,50,0,On,0,0,,24,Rotorua District,Unknown,0,0,0,0,0,0,Urban,0,0,0,Fine,Null
1796870,5838723,34937,,527111,0,0,0,0,1,East,2006/2007,ORINI ROAD,OLD ROAD,,Minor Crash,No,2006,0,West,0,0,0,Flat,0,,0,,0,Dark,948900,1,0,0,2,0,0,0,0,0,,0,0,Waikato Region,Nil,2-way,Sealed,0,0,0,0,100,0,Off,1,0,,13,Waikato District,Unknown,0,0,0,0,0,0,Open,0,0,0,Mist or Fog,Null
1762383,5914853,34938,,520302,0,,0,1,,East,2006/2007,ELLERSLIE-PANMURE HIGHWAY,BALLARAT ST,,Minor Crash,No,2006,,East,,0,,Hill Road,,,,,,Bright sun,625104,1,0,0,4,,,0,,,,,,Auckland Region,Nil,2-way,Sealed,,0,0,,50,,Null,1,0,,76,Auckland,Traffic Signals,,,,,0,0,Urban,0,,,Fine,Null
1477855,5161275,34939,,597720,0,,0,0,,North,2006/2007,ASHBURTON STAVELEY ROAD,GOUGHS CROSSING ROAD,,Serious Crash,No,2006,,South,,0,,Flat,,,,,,Dark,2755200,0,0,0,2,,,0,,,,,,Canterbury Region,Nil,2-way,Sealed,,0,1,,100,,None,1,0,,63,Ashburton District,Unknown,,,,,0,0,Open,0,,,Fine,Null
1805980,5871242,34940,,533901,0,0,0,1,0,West,2006/2007,SH 2,SH 25,,Non-Injury Crash,Yes,2006,0,North,1,0,0,Flat,0,,0,,0,Dark,1069200,0,0,0,2,0,0,0,0,0,,0,0,Waikato Region,Nil,2-way,Sealed,0,0,0,0,100,0,None,0,0,,12,Hauraki District,Nil,0,0,0,0,0,0,Open,0,0,0,Light rain,Null
1878992,5820915,34941,,536508,0,,0,1,,Null,2005/2006,SH 2A,HAIRINI BR,,Non-Injury Crash,Yes,2006,,North,,0,,Flat,,,,,,Overcast,1174602,0,0,0,2,,,0,,,,,,Bay of Plenty Region,Bridge,2-way,Sealed,,0,0,,70,,Null,1,0,,23,Tauranga City,Unknown,,,,,0,0,Urban,0,,,Light rain,Null
1748529,5915643,34942,,511700,0,0,0,2,0,North,2006/2007,COBHAM CRESCENT,BRAINS ROAD,,Non-Injury Crash,No,2007,0,North,0,0,0,Flat,0,,0,,0,Twilight,270700,0,0,0,2,0,0,0,0,1,,0,0,Auckland Region,Nil,2-way,Sealed,0,0,0,0,50,0,On,0,0,,76,Auckland,Nil,0,0,0,0,0,0,Urban,0,0,0,Fine,Null
1759230,5915114,34943,,519300,0,,0,2,,South,2006/2007,POHUTUKAWA DRIVE,TWIN OAK AVENUE,,Non-Injury Crash,No,2006,,South,,0,,Flat,,,,,,Bright sun,623300,0,0,0,2,,,0,,,,,,Auckland Region,Nil,2-way,Sealed,,0,0,,50,,Off,0,0,,76,Auckland,Nil,,,,,0,0,Urban,0,,,Fine,Null
1796144,5519670,34944,,561500,0,0,0,1,0,East,2006/2007,MOTUITI ROAD,SH 1N,,Minor Crash,No,2006,0,East,1,0,1,Flat,0,,0,,0,Dark,1784900,2,0,0,2,0,0,0,0,0,,0,0,Manawatū-Whanganui Region,Nil,2-way,Sealed,0,0,0,0,100,0,None,0,0,,42,Horowhenua District,Nil,0,0,0,0,0,0,Open,0,0,0,Heavy rain,Null
1759692,5916997,34945,,516102,0,0,0,1,0,Null,2005/2006,PORTLAND ROAD,REMUERA ROAD,,Minor Crash,No,2006,0,West,0,0,1,Hill Road,0,,1,,0,Bright sun,484900,1,0,0,2,0,0,0,0,0,,0,0,Auckland Region,Nil,2-way,Sealed,0,0,0,0,50,0,Off,0,0,,76,Auckland,Nil,1,0,0,1,0,0,Urban,0,0,0,Fine,Null
1762602,5915546,34946,,520201,0,,0,1,,West,2005/2006,BALLARAT ST,MARUA ROAD,,Minor Crash,No,2006,,West,,0,,Flat,,,,,,Bright sun,609300,1,0,0,2,,,0,,,1,,,Auckland Region,Nil,2-way,Sealed,,0,0,,50,,Off,0,0,,76,Auckland,Give way,,,,,0,0,Urban,0,,,Fine,Null
1575997,5183511,34947,,595700,0,0,0,1,0,East,2006/2007,NEW BRIGHTON ROAD,BARKERS LANE,,Minor Crash,No,2006,0,West,0,0,0,Flat,0,,0,,0,Overcast,2562106,1,0,0,2,0,0,0,0,0,,0,0,Canterbury Region,Nil,2-way,Sealed,0,0,0,0,50,0,Null,0,0,,60,Christchurch City,Unknown,1,0,0,0,0,0,Urban,0,0,0,Fine,Null
1802483,5814990,34948,,530200,0,,0,2,,West,2006/2007,CLYDE ST,PEACHGROVE ROAD,,Non-Injury Crash,No,2006,,East,,0,,Hill Road,,,,,,Bright sun,892900,0,0,0,3,,,0,,,,,,Waikato Region,Nil,2-way,Sealed,,0,0,,50,,Off,1,0,,16,Hamilton City,Traffic Signals,,,,,0,0,Urban,0,,,Fine,Null
1717346,6044752,34949,,503300,0,,0,1,,East,2005/2006,SH 14,SILVERSTREAM ROAD,,Non-Injury Crash,Yes,2006,,West,,0,,Flat,,,,,,Bright sun,70203,0,0,0,2,,,0,,,,,,Northland Region,Nil,2-way,Sealed,,0,0,,50,,Off,0,0,,2,Whangarei District,Nil,,,,,0,0,Urban,1,,,Fine,Null
1758140,5920853,34950,,514101,0,,1,1,,Null,2007/2008,QUAY ST,TANGIHUA ST,,Non-Injury Crash,No,2007,,West,,0,,Flat,,,,,,Bright sun,438211,0,0,0,5,,,0,,,,,,Auckland Region,Nil,2-way,Sealed,,0,0,,50,,Off,0,0,,76,Auckland,Traffic Signals,,,,,0,0,Urban,0,,,Fine,Null
1718771,6048689,34951,,502300,0,,0,2,,South,2005/2006,KAMO ROAD,WHAU VALLEY ROAD,,Non-Injury Crash,No,2006,,South,,0,,Flat,,,,,,Bright sun,89400,0,0,0,3,,,0,,,,,,Northland Region,Nil,2-way,Sealed,,0,0,,50,,Off,0,0,,2,Whangarei District,Traffic Signals,,,,,0,0,Urban,0,,,Fine,Null
1756004,5918618,34952,,515500,0,,0,1,,Null,2006/2007,SH 16,NEWTON OFF EBD,,Non-Injury Crash,Yes,2006,,East,,0,,Flat,,,,,,Bright sun,418600,0,0,0,5,,,0,,,,,,Auckland Region,Nil,1-way,Sealed,,0,0,,80,,Off,1,0,,76,Auckland,Nil,,,,,1,0,Open,1,,,Fine,Null
1851031,5764991,34953,,535340,0,,0,2,,West,2005/2006,SH 32,PAPANUI ST,,Non-Injury Crash,Yes,2006,,West,,0,,Flat,,,,,,Overcast,1142500,0,0,0,2,,,0,,,,,,Waikato Region,Nil,2-way,Sealed,,0,0,,50,,Null,0,0,,19,South Waikato District,Give way,,,,,0,0,Urban,0,,,Light rain,Null
1765662,5901407,34954,,524604,0,,0,2,,Null,2005/2006,ROSCOMMON ROAD,BROWNS ROAD,,Non-Injury Crash,No,2006,,South,,0,,Flat,,,,,,Overcast,781302,0,0,0,5,,,0,,,,,,Auckland Region,Nil,2-way,Sealed,,0,0,,50,,Off,0,0,,76,Auckland,Traffic Signals,,,,,0,0,Urban,0,,,Fine,Null
1820952,5837784,34955,,534500,0,,0,1,,North,2005/2006,MORRINSVILLE TAHUNA ROAD,CAMERON ROAD,,Minor Crash,No,2006,,North,,0,,Hill Road,,,,,,Overcast,1091800,1,0,0,2,,,0,,,,,,Waikato Region,Nil,2-way,Sealed,,0,0,,100,,Null,0,0,,15,Matamata-Piako District,Unknown,,,,,0,0,Open,0,,,Fine,Null
1771699,5915301,34956,,521602,0,,0,2,,Null,2006/2007,WATERLOO ST,RIDGE ROAD,,Non-Injury Crash,No,2006,,North,,0,,Flat,,,,,,Bright sun,646600,0,0,0,2,,,0,,,,,,Auckland Region,Nil,2-way,Sealed,,0,0,,50,,Off,0,0,,76,Auckland,Stop,,,,,0,0,Urban,0,,,Fine,Null
1770052,5777123,34957,,531301,0,,0,1,,North,2006/2007,HAUTURU ROAD,TE ANGA ROAD,,Non-Injury Crash,No,2006,,South,,0,,Hill Road,,,,,,Bright sun,993800,0,0,0,2,,,0,,,,,,Waikato Region,Nil,2-way,Unsealed,,0,0,,100,,None,1,0,,18,Ōtorohanga District,Nil,,,,,0,0,Open,0,,,Fine,Null
1764943,5910747,34958,,521803,0,0,0,1,0,North,2006/2007,SH 1N,PRINCES OBR,,Non-Injury Crash,Yes,2006,0,South,0,0,0,Hill Road,1,,0,,0,Bright sun,789700,0,0,0,3,0,0,0,0,0,,0,0,Auckland Region,Nil,1-way,Sealed,0,0,0,0,100,0,Off,1,0,,76,Auckland,Nil,0,0,0,0,0,0,Open,0,0,0,Fine,Null
1772170,5911727,34959,35,523114,0,0,0,0,1,East,2006/2007,WHITFORD ROAD,POINT VIEW DRIVE,,Non-Injury Crash,No,2006,0,East,0,0,0,Hill Road,0,,0,,0,Overcast,718004,0,0,0,3,0,0,0,0,0,,0,0,Auckland Region,Nil,2-way,Sealed,0,0,0,0,50,0,None,1,0,,76,Auckland,Nil,0,0,0,0,0,0,Urban,0,0,0,Light rain,Null
1722313,6048382,34960,,502004,0,0,0,0,0,Null,2006/2007,WHAREORA ROAD,ABBEY CAVES ROAD,,Serious Crash,No,2006,0,North,0,0,0,Flat,0,,0,,0,Bright sun,72802,0,0,1,2,0,0,0,0,0,,0,0,Northland Region,Nil,2-way,Sealed,0,0,1,0,100,0,None,0,0,,2,Whangarei District,Stop,0,0,0,1,0,0,Open,0,0,0,Fine,Null
1728346,6009140,34961,,501815,0,0,0,0,1,South,2006/2007,SH 1N,WAIPU GORGE ROAD,,Non-Injury Crash,Yes,2006,0,North,0,0,0,Hill Road,0,,0,,0,Overcast,81300,0,0,0,2,0,0,0,0,0,,0,0,Northland Region,Nil,2-way,Sealed,0,0,0,0,100,0,None,0,0,,2,Whangarei District,Nil,0,0,0,0,1,0,Open,0,0,0,Light rain,Null
1755647,5928446,34962,,508320,0,0,0,2,0,Null,2005/2006,WAIRAU ROAD,ARCHERS ROAD,,Minor Crash,No,2006,0,North,0,0,0,Flat,0,,0,,0,Bright sun,198500,1,0,0,5,0,0,0,0,0,,0,0,Auckland Region,Nil,2-way,Sealed,0,0,0,0,50,0,Off,0,0,,76,Auckland,Traffic Signals,0,0,0,0,0,0,Urban,0,1,0,Fine,Null
1759269,5916680,34963,,516001,0,,0,2,,South,2006/2007,SH 1N,MARKET OBR,,Non-Injury Crash,Yes,2007,,South,,0,,Flat,,,,,,Dark,491700,0,0,0,3,,,0,,,,,,Auckland Region,Nil,1-way,Sealed,,0,0,,100,,On,0,0,,76,Auckland,Nil,,,,,0,0,Open,0,,,Fine,Null
1567767,5178031,34964,,590300,0,,0,2,,Null,2005/2006,WRIGHTS ROAD,LINCOLN ROAD,,Minor Crash,No,2006,,West,,0,,Flat,,,,,,Overcast,2539102,1,0,0,4,,,0,,,,,,Canterbury Region,Nil,2-way,Sealed,,0,0,,50,,Null,0,0,,60,Christchurch City,Traffic Signals,,,,,0,0,Urban,0,,,Fine,Null
1623517,5430658,34965,,582500,0,,0,2,,Null,2005/2006,RUTHERFORD ST,SELWYN PLACE,,Minor Crash,No,2006,,North,,0,,Flat,,,,,,Twilight,2319800,2,0,0,2,,,0,,,,,,Nelson Region,Nil,2-way,Sealed,,0,0,,50,,Off,0,0,,52,Nelson City,Traffic Signals,,,,,0,0,Urban,0,,,Fine,Null
1702420,5676502,34966,,551014,0,0,0,1,0,North,2006/2007,CORBETT ROAD,MANUTAHI ROAD,,Minor Crash,No,2006,0,North,0,0,1,Flat,0,Christmas New Year,0,,0,Overcast,1563402,1,0,0,2,0,0,0,0,0,,0,1,Taranaki Region,Nil,2-way,Sealed,0,0,0,0,100,0,Null,0,0,,33,New Plymouth District,Nil,0,0,0,0,0,0,Open,0,0,0,Fine,Null
1567177,5183188,34967,,592000,1,,0,1,,Null,2005/2006,WAIRAKEI ROAD,AORANGI ROAD,,Minor Crash,No,2006,,East,,0,,Flat,,,,,,Bright sun,2668400,1,0,0,2,,,0,,,,,,Canterbury Region,Nil,2-way,Sealed,,0,0,,50,,Null,0,0,,60,Christchurch City,Stop,,,,,0,0,Urban,0,,,Fine,Null
1797360,5819353,34968,,528403,0,,0,1,,North,2006/2007,PUKETE ROAD,TE RAPA ROAD S,,Non-Injury Crash,No,2006,,South,,0,,Flat,,,,,,Overcast,907800,0,0,1,3,,,0,,,,,,Waikato Region,Nil,2-way,Sealed,,0,0,,60,,Null,0,0,,16,Hamilton City,Traffic Signals,,,,,0,0,Urban,0,,,Fine,Null
1762397,5436565,34969,,568502,0,0,0,1,0,North,2005/2006,RIVERSIDE DRIVE NORTH,TILBURY ST,,Serious Crash,No,2006,0,South,0,0,0,Flat,0,,0,,0,Bright sun,1951200,0,0,0,2,0,0,0,1,0,,0,0,Wellington Region,Nil,2-way,Sealed,0,0,1,0,50,0,Null,0,0,,46,Lower Hutt City,Nil,0,0,0,0,0,0,Urban,0,0,1,Fine,Null
1863089,5808851,34970,,536630,0,0,0,1,1,West,2005/2006,SH 29,SOLDIERS ROAD,,Minor Crash,Yes,2006,0,South,0,0,0,Flat,0,,0,,0,Dark,1191400,1,0,0,3,0,0,0,0,0,,0,0,Bay of Plenty Region,Nil,2-way,Sealed,0,0,0,0,100,0,None,0,0,,22,Western Bay of Plenty District,Unknown,0,0,0,0,0,0,Open,1,0,0,Fine,Frost
1764087,5909844,34971,,521901,0,0,0,1,0,North,2005/2006,GREAT SOUTH ROAD,AVENUE ROAD,,Non-Injury Crash,No,2006,0,North,0,0,0,Hill Road,0,,0,,1,Twilight,783900,0,0,0,4,0,0,0,0,0,,0,1,Auckland Region,Nil,2-way,Sealed,0,0,0,0,50,0,On,0,0,,76,Auckland,Unknown,0,0,0,0,0,0,Urban,0,0,0,Light rain,Null
1622259,5429558,34972,,583201,0,,0,0,,North,2006/2007,ST VINCENT ST,JENNER ROAD,,Non-Injury Crash,No,2006,,North,,0,,Hill Road,,,,,,Overcast,2329400,0,0,0,2,,,0,,,,,,Nelson Region,Nil,2-way,Sealed,,0,0,,50,,Null,2,0,,52,Nelson City,Nil,,,,,0,0,Urban,0,,,Fine,Null
1759946,5436214,34973,,569100,0,,0,2,,Null,2005/2006,Z CPK WESTFIELD QUEENSGAT,WATERLOO/BLOOMFIELD,,Non-Injury Crash,No,2006,,North,,0,,Flat,,,,,,Overcast,1968100,0,0,0,0,,,0,,,,,,Wellington Region,Nil,Off road,Sealed,,0,0,,50,,Null,0,0,,46,Lower Hutt City,Nil,,,,,0,0,Urban,0,,,Fine,Null
1761496,5918830,34974,,516201,0,0,0,1,0,South,2005/2006,ORAKEI ROAD,KEPA ROAD,,Non-Injury Crash,No,2006,0,North,0,0,0,Flat,0,,0,,0,Overcast,486000,0,0,0,2,0,0,0,0,0,,0,1,Auckland Region,Nil,2-way,Sealed,0,0,0,0,50,0,Off,0,0,,76,Auckland,Nil,0,0,0,0,0,0,Urban,0,0,0,Light rain,Null
1801877,5814829,34975,,530200,0,,0,2,,Null,2006/2007,GREY ST,CLYDE ST,,Non-Injury Crash,No,2007,,North,,0,,Flat,,,,,,Dark,893000,0,0,0,4,,,0,,,,,,Waikato Region,Nil,2-way,Sealed,,0,0,,50,,On,0,0,,16,Hamilton City,Traffic Signals,,,,,0,0,Urban,0,,,Fine,Null
1768189,5902430,34976,,524602,0,,0,2,,Null,2006/2007,ORAMS ROAD,GREAT SOUTH ROAD,,Non-Injury Crash,No,2006,,West,,0,,Flat,,,,,,Dark,780700,0,0,0,4,,,0,,,,,,Auckland Region,Nil,2-way,Sealed,,0,0,,50,,On,0,0,,76,Auckland,Traffic Signals,,,,,0,0,Urban,0,,,Fine,Null
1241370,4912770,34977,85,610040,0,0,0,0,1,South,2005/2006,SH 6,CAROLINE VALLEY ROAD,,Minor Crash,Yes,2006,0,South,0,0,1,Flat,0,,0,,0,Overcast,3045900,1,0,0,2,0,0,0,0,0,,0,0,Southland Region,Nil,2-way,Sealed,0,0,0,0,100,0,Null,0,0,,73,Southland District,Unknown,0,0,0,0,0,0,Open,1,0,0,Light rain,Null
1795609,5693701,34978,,532903,0,,0,2,,Null,2006/2007,SH 4,SH 43,,Non-Injury Crash,Yes,2006,,South,,0,,Flat,,,,,,Dark,1036500,0,0,0,3,,,0,,,,,,Manawatū-Whanganui Region,Nil,2-way,Sealed,,0,0,,50,,On,0,0,,36,Ruapehu District,Give way,,,,,0,0,Urban,0,,,Fine,Null
1717930,6044097,34979,,503500,0,0,0,1,0,West,2005/2006,RAUMANGA VALLEY ROAD,EXETER ST,,Fatal Crash,No,2006,0,West,0,1,0,Flat,0,,0,,0,Bright sun,108000,0,0,0,2,0,0,0,0,0,,0,0,Northland Region,Nil,2-way,Sealed,0,0,1,0,50,0,Off,0,0,,2,Whangarei District,Nil,0,0,0,1,0,0,Urban,0,0,0,Fine,Null
1818723,5536253,34980,,561901,0,,0,2,,Null,2005/2006,SH 54,NEWBURY LINE,,Minor Crash,Yes,2006,,North,,0,,Flat,,,,,,Bright sun,1795000,1,0,0,2,,,0,,,,,,Manawatū-Whanganui Region,Nil,2-way,Sealed,,0,0,,100,,Null,0,0,,39,Manawatu District,Stop,,,,,0,0,Open,0,,,Fine,Null
1663658,5414897,34981,,580446,0,0,0,0,0,South,2005/2006,SH 6,MOUNT RILEY ROAD,,Minor Crash,Yes,2006,0,West,0,0,0,Flat,0,,0,,0,Overcast,2286601,1,0,0,2,0,0,0,1,0,,0,0,Marlborough Region,Nil,2-way,Sealed,0,0,0,0,100,0,Null,0,0,,53,Marlborough District,Nil,0,0,0,0,0,0,Open,1,0,0,Light rain,Null
1803916,5507612,34982,,564021,0,0,0,1,0,South,2005/2006,SH 57,GRAHAM ST,,Minor Crash,Yes,2006,0,North,0,0,0,Hill Road,0,,0,,0,Dark,1854200,1,0,0,2,0,0,0,0,0,,0,0,Manawatū-Whanganui Region,Nil,2-way,Sealed,0,0,0,0,100,0,None,0,0,,42,Horowhenua District,Nil,0,0,0,1,0,0,Open,0,0,0,Light rain,Null
1754277,5918336,34983,,515431,0,,0,2,,West,2006/2007,SH 16,MOTAT ON EBD,,Non-Injury Crash,Yes,2006,,East,,0,,Flat,,,,,,Bright sun,406201,0,0,0,3,,,0,,,,,,Auckland Region,Nil,1-way,Sealed,,0,0,,100,,Off,0,0,,76,Auckland,Nil,,,,,0,0,Open,0,,,Fine,Null
1767906,5892721,34984,,521202,0,,0,2,,Null,2006/2007,LINWOOD ROAD,KARAKA NORTH ROAD,,Minor Crash,No,2006,,East,,0,,Flat,,,,,,Overcast,807000,2,0,0,2,,,0,,,,,,Auckland Region,Nil,2-way,Sealed,,0,0,,100,,Off,0,0,,76,Auckland,Stop,,,,,0,0,Open,0,,,Light rain,Null
1929851,5605477,34985,,548200,0,,0,1,,Null,2005/2006,NELSON ST NORTH,ST AUBYN ST WEST,,Non-Injury Crash,No,2006,,West,,0,,Flat,,,,,,Dark,1491000,0,0,0,3,,,0,,,,,,Hawke's Bay Region,Nil,2-way,Sealed,,0,0,,50,,On,1,0,,30,Hastings District,Traffic Signals,,,,,0,0,Urban,0,,,Fine,Null
2005835,5668056,34986,,545302,0,0,0,0,0,West,2006/2007,SH 2,KOKOHU ROAD,,Minor Crash,Yes,2006,0,West,1,0,0,Flat,0,Christmas New Year,0,,0,Bright sun,1399100,1,0,0,2,0,0,0,0,0,,0,0,Hawke's Bay Region,Nil,2-way,Sealed,0,0,0,0,100,0,Null,0,0,,29,Wairoa District,Nil,0,0,0,0,0,0,Open,1,0,0,Fine,Null
1768183,5902444,34987,,524602,0,,0,2,,North,2005/2006,GREAT SOUTH ROAD,BROWNS ROAD,,Non-Injury Crash,No,2006,,South,,0,,Flat,,,,,,Bright sun,780700,0,0,0,4,,,0,,,,,,Auckland Region,Nil,2-way,Sealed,,0,0,,50,,Null,0,0,,76,Auckland,Unknown,,,,,0,0,Urban,0,,,Fine,Null
1754397,5928597,34988,,508320,0,0,0,2,0,East,2005/2006,WELDENE AVENUE,NGATOA PLACE,,Non-Injury Crash,No,2006,0,West,0,0,0,Flat,0,,0,,0,Overcast,197900,0,0,0,2,0,0,0,0,1,,0,0,Auckland Region,Nil,2-way,Sealed,0,0,0,0,50,0,Off,0,0,,76,Auckland,Nil,0,0,0,0,0,0,Urban,0,0,0,Null,Null
1877012,5821345,34989,,537500,0,,0,2,,South,2006/2007,CAMERON ROAD,TWENTYSECOND AVENUE,,Non-Injury Crash,No,2006,,South,,0,,Flat,,Christmas New Year,,,,Overcast,1171500,0,0,0,4,,,0,,,,,,Bay of Plenty Region,Nil,2-way,Sealed,,0,0,,50,,Null,0,0,,23,Tauranga City,Unknown,,,,,0,0,Urban,0,,,Fine,Null
1772752,5895553,34990,,525540,0,,0,2,,Null,2005/2006,GREAT SOUTH ROAD,MANSE ROAD,,Minor Crash,No,2006,,North,,0,,Flat,,,,,,Overcast,806001,2,0,0,2,,,0,,,,,,Auckland Region,Nil,2-way,Sealed,,0,0,,50,,Off,0,0,,76,Auckland,Nil,,,,,0,0,Urban,0,,,Fine,Null
1775953,5577498,34991,,557900,0,,0,3,,Null,2005/2006,SH 4,PORTAL ST,,Non-Injury Crash,Yes,2006,,South,,0,,Flat,,,,,,Bright sun,1695500,0,0,0,2,,,0,,,,,,Manawatū-Whanganui Region,Nil,2-way,Sealed,,0,0,,50,,Null,0,0,,37,Whanganui District,Stop,,,,,0,0,Urban,0,,,Fine,Null
1706626,5635394,34992,,553500,0,0,0,1,0,East,2005/2006,ELTHAM ROAD,HASTINGS ROAD,,Minor Crash,No,2006,0,East,0,0,0,Flat,0,,0,,0,Dark,1639000,2,0,0,2,0,0,0,0,0,,0,1,Taranaki Region,Nil,2-way,Sealed,0,0,0,0,100,0,None,0,0,,35,South Taranaki District,Nil,0,0,0,0,0,0,Open,0,0,0,Light rain,Null
1747466,5914728,34993,,511800,0,,0,2,,West,2006/2007,GREAT NORTH ROAD,GLENVIEW ROAD,,Non-Injury Crash,No,2006,,East,,0,,Flat,,,,,,Dark,277902,0,0,0,5,,,0,,,,,,Auckland Region,Nil,2-way,Sealed,,0,0,,50,,On,0,0,,76,Auckland,Nil,,,,,0,0,Urban,0,,,Fine,Null
1925635,5613121,34994,,545822,0,,1,1,,West,2006/2007,SH 50,OMARUNUI ROAD,,Non-Injury Crash,Yes,2006,,East,,0,,Flat,,,,,,Overcast,1408800,0,0,0,2,,,0,,,,,,Hawke's Bay Region,Nil,2-way,Sealed,,0,0,,100,,Null,0,0,,30,Hastings District,Nil,,,,,0,0,Open,0,,,Mist or Fog,Null
1822393,5528240,34995,,563101,0,,0,2,,Null,2006/2007,FITZHERBERT AVENUE,MARNE ST,,Non-Injury Crash,No,2006,,North,,0,,Flat,,,,,,Bright sun,1811100,0,0,0,4,,,0,,,,,,Manawatū-Whanganui Region,Nil,2-way,Sealed,,0,0,,50,,Null,0,0,,40,Palmerston North City,Traffic Signals,,,,,0,0,Urban,0,,,Fine,Null
1251400,5004490,34996,,609031,0,,0,1,,North,2005/2006,MOKE LAKE ROAD,GLENORCHY-QUEENSTOWN ROAD,,Minor Crash,No,2006,,South,,0,,Flat,,,,,,Twilight,3039502,3,0,0,2,,,0,,,,,,Otago Region,Nil,2-way,Unsealed,,0,0,,100,,None,0,0,,70,Queenstown-Lakes District,Unknown,,,,,0,0,Open,0,,,Fine,Null
1406404,4917303,34997,,603100,0,,0,1,,South,2005/2006,GEORGE ST,HANOVER ST,,Serious Crash,No,2006,,South,,0,,Flat,,,,,,Bright sun,2902900,0,0,0,2,,,0,,,1,,,Otago Region,Nil,2-way,Sealed,,0,1,,30,,Null,0,0,,71,Dunedin City,Unknown,,,,,0,0,Urban,0,,,Fine,Null
1688518,5675216,34998,,551400,0,0,0,1,0,East,2006/2007,TOHU PLACE,MARAMA CRESCENT,,Non-Injury Crash,No,2006,0,West,0,0,0,Flat,0,,0,,0,Dark,1584503,0,0,0,2,0,0,0,0,1,,0,0,Taranaki Region,Nil,2-way,Sealed,0,0,0,0,50,0,On,0,0,,33,New Plymouth District,Nil,0,0,0,0,1,0,Urban,0,0,0,Fine,Null
1801838,5815938,34999,,530100,0,,0,0,,Null,2005/2006,TE AROHA ST,WHYTE ST,,Minor Crash,No,2006,,East,,0,,Flat,,,,,,Dark,895200,2,0,1,2,,,0,,,,,,Waikato Region,Nil,2-way,Sealed,,0,0,,50,,On,0,0,,16,Hamilton City,Nil,,,,,0,0,Urban,1,,,Fine,Null
1419094,4963737,35000,,601301,1,,0,0,,North,2006/2007,SH 85,SUTHERLAND ROAD,,Minor Crash,Yes,2006,,North,,0,,Flat,,,,,,Overcast,2853600,1,0,1,2,,,0,,,,,,Otago Region,Nil,2-way,Sealed,,0,0,,100,,Null,0,0,,68,Waitaki District,Unknown,,,,,0,0,Open,0,,,Fine,Null